action,sku,name,item_type,track_id,reason,steps,removed,inserted,status
would_assign,ASM-BRK-BAR-TAB-120X28-FRAME,BROOKLYN TABLE (BAR HEIGHT) 28 X 120 FRAME,sub_assembly,aluminum_frame,frame_suffix,5,0,5,dry_run
would_assign,ASM-BRK-BAR-TAB-120X36-FRAME,BROOKLYN TABLE (BAR HEIGHT) 36 X 120 FRAME,sub_assembly,aluminum_frame,frame_suffix,5,0,5,dry_run
would_assign,ASM-BRK-BAR-TAB-28X120-FRAME,"BROOKLYN TABLE (BAR HEIGHT) 28"" x 120"" x 42"" FRAME",sub_assembly,aluminum_frame,frame_suffix,5,0,5,dry_run
would_assign,ASM-BRK-BAR-TAB-28X72-FRAME,"BROOKLYN TABLE (BAR HEIGHT) 28"" x 72"" x 42"" FRAME",sub_assembly,aluminum_frame,frame_suffix,5,0,5,dry_run
would_assign,ASM-BRK-BAR-TAB-28X96-FRAME,"BROOKLYN TABLE (BAR HEIGHT) 28"" x 96"" x 42"" FRAME",sub_assembly,aluminum_frame,frame_suffix,5,0,5,dry_run
would_assign,ASM-BRK-BAR-TAB-36X120-FRAME,"BROOKLYN TABLE (BAR HEIGHT) 36"" x 120"" x 42"" FRAME",sub_assembly,aluminum_frame,frame_suffix,5,0,5,dry_run
would_assign,ASM-BRK-BAR-TAB-36X36-FRAME,"STAR LEG TABLE (BAR HEIGHT) 36"" x 36"" x 42"" FRAME",sub_assembly,aluminum_frame,frame_suffix,5,0,5,dry_run
would_assign,ASM-BRK-BAR-TAB-36X72-FRAME,"BROOKLYN TABLE (BAR HEIGHT) 36"" x 72"" x 42"" FRAME",sub_assembly,aluminum_frame,frame_suffix,5,0,5,dry_run
would_assign,ASM-BRK-BAR-TAB-36X96-FRAME,"BROOKLYN TABLE (BAR HEIGHT) 36"" x 96"" x 42"" FRAME",sub_assembly,aluminum_frame,frame_suffix,5,0,5,dry_run
would_assign,ASM-BRK-BAR-TAB-42X42-FRAME,"STAR LEG TABLE (BAR HEIGHT) 42"" x 42"" x 42"" FRAME",sub_assembly,aluminum_frame,frame_suffix,5,0,5,dry_run
would_assign,ASM-BRK-BAR-TAB-72X28-FRAME,BROOKLYN TABLE (BAR HEIGHT) 28 X 72 FRAME,sub_assembly,aluminum_frame,frame_suffix,5,0,5,dry_run
would_assign,ASM-BRK-BAR-TAB-72X36-FRAME,BROOKLYN TABLE (BAR HEIGHT) 36 X 72 FRAME,sub_assembly,aluminum_frame,frame_suffix,5,0,5,dry_run
would_assign,ASM-BRK-BAR-TAB-96X36-FRAME,BROOKLYN TABLE (BAR HEIGHT) 36 X 96 FRAME,sub_assembly,aluminum_frame,frame_suffix,5,0,5,dry_run
would_assign,ASM-BRK-BAR-TAB-98X28-FRAME,BROOKLYN TABLE (BAR HEIGHT) 28 X 96 FRAME,sub_assembly,aluminum_frame,frame_suffix,5,0,5,dry_run
would_assign,ASM-BRK-CNT-TAB-120X28-FRAME,BROOKLYN TABLE (COUNTER HEIGHT) 28 X 120 FRAME,sub_assembly,aluminum_frame,frame_suffix,5,0,5,dry_run
would_assign,ASM-BRK-CNT-TAB-120X36-FRAME,BROOKLYN TABLE (COUNTER HEIGHT) 36 X 120 FRAME,sub_assembly,aluminum_frame,frame_suffix,5,0,5,dry_run
would_assign,ASM-BRK-CNT-TAB-28X120-FRAME,"BROOKLYN TABLE (COUNTER HEIGHT) 28"" x 120"" x 36"" FRAME",sub_assembly,aluminum_frame,frame_suffix,5,0,5,dry_run
would_assign,ASM-BRK-CNT-TAB-28X72-FRAME,"BROOKLYN TABLE (COUNTER HEIGHT) 28"" x 72"" x 36"" FRAME",sub_assembly,aluminum_frame,frame_suffix,5,0,5,dry_run
would_assign,ASM-BRK-CNT-TAB-28X96-FRAME,"BROOKLYN TABLE (COUNTER HEIGHT) 28"" x 96"" x 36"" FRAME",sub_assembly,aluminum_frame,frame_suffix,5,0,5,dry_run
would_assign,ASM-BRK-CNT-TAB-36X120-FRAME,"BROOKLYN TABLE (COUNTER HEIGHT) 36"" x 120"" x 36"" FRAME",sub_assembly,aluminum_frame,frame_suffix,5,0,5,dry_run
would_assign,ASM-BRK-CNT-TAB-36X36-FRAME,"STAR LEG TABLE (COUNTER HEIGHT) 36"" x 36"" x 36"" FRAME",sub_assembly,aluminum_frame,frame_suffix,5,0,5,dry_run
would_assign,ASM-BRK-CNT-TAB-36X72-FRAME,"BROOKLYN TABLE (COUNTER HEIGHT) 36"" x 72"" x 36"" FRAME",sub_assembly,aluminum_frame,frame_suffix,5,0,5,dry_run
would_assign,ASM-BRK-CNT-TAB-36X96-FRAME,"BROOKLYN TABLE (COUNTER HEIGHT) 36"" x 96"" x 36"" FRAME",sub_assembly,aluminum_frame,frame_suffix,5,0,5,dry_run
would_assign,ASM-BRK-CNT-TAB-42X42-FRAME,"STAR LEG TABLE (COUNTER HEIGHT) 42"" x 42"" x 36"" FRAME",sub_assembly,aluminum_frame,frame_suffix,5,0,5,dry_run
would_assign,ASM-BRK-CNT-TAB-72X18-FRAME,BROOKLYN TABLE (COUNTER HEIGHT) 18 X 72 FRAME,sub_assembly,aluminum_frame,frame_suffix,5,0,5,dry_run
would_assign,ASM-BRK-CNT-TAB-72X28-FRAME,BROOKLYN TABLE (COUNTER HEIGHT) 28 X 72 FRAME,sub_assembly,aluminum_frame,frame_suffix,5,0,5,dry_run
would_assign,ASM-BRK-CNT-TAB-72X36-FRAME,BROOKLYN TABLE (COUNTER HEIGHT) 36 X 72 FRAME,sub_assembly,aluminum_frame,frame_suffix,5,0,5,dry_run
would_assign,ASM-BRK-CNT-TAB-96X28-FRAME,BROOKLYN TABLE (COUNTER HEIGHT) 28 X 96 FRAME,sub_assembly,aluminum_frame,frame_suffix,5,0,5,dry_run
would_assign,ASM-BRK-CNT-TAB-96X36-FRAME,BROOKLYN TABLE (COUNTER HEIGHT) 36 X 96 FRAME,sub_assembly,aluminum_frame,frame_suffix,5,0,5,dry_run
would_assign,ASM-BRK-COR-CHS-84X42-CUSH,"BROOKLYN CORNER CHAISE 84"" x 42"" x 30"" BH CUSH",sub_assembly,cushion,cush_suffix,4,0,4,dry_run
would_assign,ASM-BRK-COR-CHS-84X42-FRAME,"BROOKLYN CORNER CHAISE 84"" x 42"" x 30"" BH FRAME",sub_assembly,aluminum_frame,frame_suffix,5,0,5,dry_run
would_assign,ASM-BRK-DIN-TAB-120X28-FRAME,BROOKLYN TABLE (DINING HEIGHT) 28 X 120 FRAME,sub_assembly,aluminum_frame,frame_suffix,5,0,5,dry_run
would_assign,ASM-BRK-DIN-TAB-120X36-FRAME,BROOKLYN TABLE (DINING HEIGHT) 36 X 120 FRAME,sub_assembly,aluminum_frame,frame_suffix,5,0,5,dry_run
would_assign,ASM-BRK-DIN-TAB-28X120-FRAME,"BROOKLYN TABLE (DINING HEIGHT) 28"" x 120"" x 30"" FRAME",sub_assembly,aluminum_frame,frame_suffix,5,0,5,dry_run
would_assign,ASM-BRK-DIN-TAB-28X72-FRAME,"BROOKLYN TABLE (DINING HEIGHT) 28"" x 72"" x 30"" FRAME",sub_assembly,aluminum_frame,frame_suffix,5,0,5,dry_run
would_assign,ASM-BRK-DIN-TAB-28X96-FRAME,"BROOKLYN TABLE (DINING HEIGHT) 28"" x 96"" x 30"" FRAME",sub_assembly,aluminum_frame,frame_suffix,5,0,5,dry_run
would_assign,ASM-BRK-DIN-TAB-36X120-FRAME,"BROOKLYN TABLE (DINING HEIGHT) 36"" x 120"" x 30"" FRAME",sub_assembly,aluminum_frame,frame_suffix,5,0,5,dry_run
would_assign,ASM-BRK-DIN-TAB-36X36-FRAME,"STAR LEG TABLE (DINING HEIGHT) 36"" x 36"" x 30"" FRAME",sub_assembly,aluminum_frame,frame_suffix,5,0,5,dry_run
would_assign,ASM-BRK-DIN-TAB-36X72-FRAME,"BROOKLYN TABLE (DINING HEIGHT) 36"" x 72"" x 30"" FRAME",sub_assembly,aluminum_frame,frame_suffix,5,0,5,dry_run
would_assign,ASM-BRK-DIN-TAB-36X96-FRAME,"BROOKLYN TABLE (DINING HEIGHT) 36"" x 96"" x 30"" FRAME",sub_assembly,aluminum_frame,frame_suffix,5,0,5,dry_run
would_assign,ASM-BRK-DIN-TAB-42X42-FRAME,"STAR LEG TABLE (DINING HEIGHT) 42"" x 42"" x 30"" FRAME",sub_assembly,aluminum_frame,frame_suffix,5,0,5,dry_run
would_assign,ASM-BRK-DIN-TAB-72X28-FRAME,BROOKLYN TABLE (DINING HEIGHT) 28 X 72 FRAME,sub_assembly,aluminum_frame,frame_suffix,5,0,5,dry_run
would_assign,ASM-BRK-DIN-TAB-72X36-FRAME,BROOKLYN TABLE (DINING HEIGHT) 36 X 72 FRAME,sub_assembly,aluminum_frame,frame_suffix,5,0,5,dry_run
would_assign,ASM-BRK-DIN-TAB-96X28-FRAME,BROOKLYN TABLE (DINING HEIGHT) 28 X 96 FRAME,sub_assembly,aluminum_frame,frame_suffix,5,0,5,dry_run
would_assign,ASM-BRK-DIN-TAB-96X36-FRAME,BROOKLYN TABLE (DINING HEIGHT) 36 X 96 FRAME,sub_assembly,aluminum_frame,frame_suffix,5,0,5,dry_run
would_assign,ASM-BRK-OTT-22X42-CUSH,"BROOKLYN OTTOMAN 22"" x 42"" x 17"" CUSH",sub_assembly,cushion,cush_suffix,4,0,4,dry_run
would_assign,ASM-BRK-OTT-22X42-FRAME,"BROOKLYN OTTOMAN 22"" x 42"" x 17"" FRAME",sub_assembly,aluminum_frame,frame_suffix,5,0,5,dry_run
would_assign,ASM-BRK-OTT-22X60-CUSH,"BROOKLYN OTTOMAN 22"" x 60"" x 17"" CUSH",sub_assembly,cushion,cush_suffix,4,0,4,dry_run
would_assign,ASM-BRK-OTT-22X60-FRAME,"BROOKLYN OTTOMAN 22"" x 60"" x 17"" FRAME",sub_assembly,aluminum_frame,frame_suffix,5,0,5,dry_run
would_assign,ASM-BRK-OTT-22X72-CUSH,"BROOKLYN OTTOMAN 22"" x 72"" x 17"" CUSH",sub_assembly,cushion,cush_suffix,4,0,4,dry_run
would_assign,ASM-BRK-OTT-22X72-FRAME,"BROOKLYN OTTOMAN 22"" x 72"" x 17"" FRAME",sub_assembly,aluminum_frame,frame_suffix,5,0,5,dry_run
would_assign,ASM-BRK-OTT-34X34-CUSH,"BROOKLYN OTTOMAN 34"" x 34"" x 17"" CUSH",sub_assembly,cushion,cush_suffix,4,0,4,dry_run
would_assign,ASM-BRK-OTT-34X34-FRAME,"BROOKLYN OTTOMAN 34"" x 34"" x 17"" FRAME",sub_assembly,aluminum_frame,frame_suffix,5,0,5,dry_run
would_assign,ASM-BRK-OTT-34X42-CUSH,"BROOKLYN OTTOMAN 34"" x 42"" x 17"" CUSH",sub_assembly,cushion,cush_suffix,4,0,4,dry_run
would_assign,ASM-BRK-OTT-34X42-FRAME,"BROOKLYN OTTOMAN 34"" x 42"" x 17"" FRAME",sub_assembly,aluminum_frame,frame_suffix,5,0,5,dry_run
would_assign,ASM-BRK-OTT-34X60-CUSH,"BROOKLYN OTTOMAN 34"" x 60"" x 17"" CUSH",sub_assembly,cushion,cush_suffix,4,0,4,dry_run
would_assign,ASM-BRK-OTT-34X60-FRAME,"BROOKLYN OTTOMAN 34"" x 60"" x 17"" FRAME",sub_assembly,aluminum_frame,frame_suffix,5,0,5,dry_run
would_assign,ASM-BRK-OTT-34X72-CUSH,"BROOKLYN OTTOMAN 34"" x 72"" x 17"" CUSH",sub_assembly,cushion,cush_suffix,4,0,4,dry_run
would_assign,ASM-BRK-OTT-34X72-FRAME,"BROOKLYN OTTOMAN 34"" x 72"" x 17"" FRAME",sub_assembly,aluminum_frame,frame_suffix,5,0,5,dry_run
would_assign,ASM-BRK-OTT-42X22-CUSH,BROOKLYN OTTOMAN 22 X 42 CUSH,sub_assembly,cushion,cush_suffix,4,0,4,dry_run
would_assign,ASM-BRK-OTT-42X22-FRAME,BROOKLYN OTTOMAN 22 X 42 FRAME,sub_assembly,aluminum_frame,frame_suffix,5,0,5,dry_run
would_assign,ASM-BRK-OTT-42X34-CUSH,BROOKLYN OTTOMAN 34 X 42 CUSH,sub_assembly,cushion,cush_suffix,4,0,4,dry_run
would_assign,ASM-BRK-OTT-42X34-FRAME,BROOKLYN OTTOMAN 34 X 42 FRAME,sub_assembly,aluminum_frame,frame_suffix,5,0,5,dry_run
would_assign,ASM-BRK-OTT-56X42-CUSH,"BROOKLYN OTTOMAN 56"" x 42"" x 17"" CUSH",sub_assembly,cushion,cush_suffix,4,0,4,dry_run
would_assign,ASM-BRK-OTT-56X42-FRAME,"BROOKLYN OTTOMAN 56"" x 42"" x 17"" FRAME",sub_assembly,aluminum_frame,frame_suffix,5,0,5,dry_run
would_assign,ASM-BRK-OTT-60X22-CUSH,BROOKLYN OTTOMAN 22 X 60 CUSH,sub_assembly,cushion,cush_suffix,4,0,4,dry_run
would_assign,ASM-BRK-OTT-60X22-FRAME,BROOKLYN OTTOMAN 22 X 60 FRAME,sub_assembly,aluminum_frame,frame_suffix,5,0,5,dry_run
would_assign,ASM-BRK-OTT-60X34-CUSH,BROOKLYN OTTOMAN 34 X 60 CUSH,sub_assembly,cushion,cush_suffix,4,0,4,dry_run
would_assign,ASM-BRK-OTT-60X34-FRAME,BROOKLYN OTTOMAN 34 X 60 FRAME,sub_assembly,aluminum_frame,frame_suffix,5,0,5,dry_run
would_assign,ASM-BRK-OTT-72X22-CUSH,BROOKLYN OTTOMAN 22 X 72 CUSH,sub_assembly,cushion,cush_suffix,4,0,4,dry_run
would_assign,ASM-BRK-OTT-72X22-FRAME,BROOKLYN OTTOMAN 22 X 72 FRAME,sub_assembly,aluminum_frame,frame_suffix,5,0,5,dry_run
would_assign,ASM-BRK-OTT-72X34-CUSH,BROOKLYN OTTOMAN 34 X 72 CUSH,sub_assembly,cushion,cush_suffix,4,0,4,dry_run
would_assign,ASM-BRK-OTT-72X34-FRAME,BROOKLYN OTTOMAN 34 X 72 FRAME,sub_assembly,aluminum_frame,frame_suffix,5,0,5,dry_run
would_assign,ASM-BRK-SOF-60X34-CUSH,"BROOKLYN SOFA 60"" x 34"" x 30"" BH CUSH",sub_assembly,cushion,cush_suffix,4,0,4,dry_run
would_assign,ASM-BRK-SOF-60X34-FRAME,"BROOKLYN SOFA 60"" x 34"" x 30"" BH FRAME",sub_assembly,aluminum_frame,frame_suffix,5,0,5,dry_run
would_assign,ASM-BRV-ARM-SOF-34X34-CUSH,"BRAVADA ARMLESS SOFA 34"" x 34"" x 31"" BH CUSH",sub_assembly,cushion,cush_suffix,4,0,4,dry_run
would_assign,ASM-BRV-ARM-SOF-34X34-FRAME,"BRAVADA ARMLESS SOFA 34"" x 34"" x 31"" BH FRAME",sub_assembly,aluminum_frame,frame_suffix,5,0,5,dry_run
would_assign,ASM-BRV-ARM-SOF-72X34-CUSH,"BRAVADA ARMLESS SOFA 72"" x 34"" x 31"" BH CUSH",sub_assembly,cushion,cush_suffix,4,0,4,dry_run
would_assign,ASM-BRV-ARM-SOF-72X34-FRAME,"BRAVADA ARMLESS SOFA 72"" x 34"" x 31"" BH FRAME",sub_assembly,aluminum_frame,frame_suffix,5,0,5,dry_run
would_assign,ASM-BRV-ARM-SOF-84X34-CUSH,"BRAVADA ARMLESS SOFA 84"" x 34"" x 31"" BH CUSH",sub_assembly,cushion,cush_suffix,4,0,4,dry_run
would_assign,ASM-BRV-ARM-SOF-84X34-FRAME,"BRAVADA ARMLESS SOFA 84"" x 34"" x 31"" BH FRAME",sub_assembly,aluminum_frame,frame_suffix,5,0,5,dry_run
would_assign,ASM-BRV-ARM-SOF-96X34-CUSH,"BRAVADA ARMLESS SOFA 96"" x 34"" x 31"" BH CUSH",sub_assembly,cushion,cush_suffix,4,0,4,dry_run
would_assign,ASM-BRV-ARM-SOF-96X34-FRAME,"BRAVADA ARMLESS SOFA 96"" x 34"" x 31"" BH FRAME",sub_assembly,aluminum_frame,frame_suffix,5,0,5,dry_run
would_assign,ASM-BRV-BCH-96X34-CUSH,"BRAVADA ROUNDED BENCH 96"" X 34"" X 18"" SH CUSH",sub_assembly,cushion,cush_suffix,4,0,4,dry_run
would_assign,ASM-BRV-BCH-96X34-FRAME,"BRAVADA ROUNDED BENCH 96"" X 34"" X 18"" SH FRAME",sub_assembly,aluminum_frame,frame_suffix,5,0,5,dry_run
would_assign,ASM-BRV-COF-TAB-28X42-FRAME,"BRAVADA COFFEE TABLE 28"" x 42"" x 17"" FRAME",sub_assembly,aluminum_frame,frame_suffix,5,0,5,dry_run
would_assign,ASM-BRV-COF-TAB-36X56-FRAME,"BRAVADA COFFEE TABLE 36"" x 56"" x 17"" FRAME",sub_assembly,aluminum_frame,frame_suffix,5,0,5,dry_run
would_assign,ASM-BRV-COF-TAB-42X56-FRAME,"BRAVADA COFFEE TABLE 42"" x 56"" x 17"" FRAME",sub_assembly,aluminum_frame,frame_suffix,5,0,5,dry_run
would_assign,ASM-BRV-COF-TAB-42X72-FRAME,"BRAVADA COFFEE TABLE 42"" x 72"" x 17"" FRAME",sub_assembly,aluminum_frame,frame_suffix,5,0,5,dry_run
would_assign,ASM-BRV-COF-TAB-56X72-FRAME,"BRAVADA COFFEE TABLE 56"" x 72"" x 17"" FRAME",sub_assembly,aluminum_frame,frame_suffix,5,0,5,dry_run
would_assign,ASM-BRV-COR-CHS-72X34-CUSH,"BRAVADA CORNER CHAISE 72"" x 34"" x 31"" BH CUSH",sub_assembly,cushion,cush_suffix,4,0,4,dry_run
would_assign,ASM-BRV-COR-CHS-72X34-FRAME,"BRAVADA CORNER CHAISE 72"" x 34"" x 31"" BH FRAME",sub_assembly,aluminum_frame,frame_suffix,5,0,5,dry_run
would_assign,ASM-BRV-COR-CHS-84X34-CUSH,"BRAVADA CORNER CHAISE 84"" x 34"" x 31"" BH CUSH",sub_assembly,cushion,cush_suffix,4,0,4,dry_run
would_assign,ASM-BRV-COR-CHS-84X34-FRAME,"BRAVADA CORNER CHAISE 84"" x 34"" x 31"" BH FRAME",sub_assembly,aluminum_frame,frame_suffix,5,0,5,dry_run
would_assign,ASM-BRV-DYB-84X72-CUSH,"BRAVADA DAYBED 84"" x 72"" x 27"" BH CUSH",sub_assembly,cushion,cush_suffix,4,0,4,dry_run
would_assign,ASM-BRV-DYB-84X72-FRAME,"BRAVADA DAYBED 84"" x 72"" x 27"" BH FRAME",sub_assembly,aluminum_frame,frame_suffix,5,0,5,dry_run
would_assign,ASM-BRV-DYB-84X84-CUSH,"BRAVADA ROUND DAYBED 84"" DIAMETER CUSH",sub_assembly,cushion,cush_suffix,4,0,4,dry_run
would_assign,ASM-BRV-DYB-84X84-FRAME,"BRAVADA ROUND DAYBED 84"" DIAMETER FRAME",sub_assembly,aluminum_frame,frame_suffix,5,0,5,dry_run
would_assign,ASM-BRV-OTT-22X30-CUSH,"BRAVADA OTTOMAN 22"" x 30"" x 16"" CUSH",sub_assembly,cushion,cush_suffix,4,0,4,dry_run
would_assign,ASM-BRV-OTT-22X30-FRAME,"BRAVADA OTTOMAN 22"" x 30"" x 16"" FRAME",sub_assembly,aluminum_frame,frame_suffix,5,0,5,dry_run
would_assign,ASM-BRV-OTT-22X42-CUSH,"BRAVADA OTTOMAN 22"" x 42"" x 16"" CUSH",sub_assembly,cushion,cush_suffix,4,0,4,dry_run
would_assign,ASM-BRV-OTT-22X42-FRAME,"BRAVADA OTTOMAN 22"" x 42"" x 16"" FRAME",sub_assembly,aluminum_frame,frame_suffix,5,0,5,dry_run
would_assign,ASM-BRV-OTT-22X60-CUSH,"BRAVADA OTTOMAN 22"" x 60"" x 16"" CUSH",sub_assembly,cushion,cush_suffix,4,0,4,dry_run
would_assign,ASM-BRV-OTT-22X60-FRAME,"BRAVADA OTTOMAN 22"" x 60"" x 16"" FRAME",sub_assembly,aluminum_frame,frame_suffix,5,0,5,dry_run
would_assign,ASM-BRV-OTT-22X72-CUSH,"BRAVADA OTTOMAN 22"" x 72"" x 16"" CUSH",sub_assembly,cushion,cush_suffix,4,0,4,dry_run
would_assign,ASM-BRV-OTT-22X72-FRAME,"BRAVADA OTTOMAN 22"" x 72"" x 16"" FRAME",sub_assembly,aluminum_frame,frame_suffix,5,0,5,dry_run
would_assign,ASM-BRV-OTT-34X42-CUSH,"BRAVADA OTTOMAN 34"" x 42"" x 16"" CUSH",sub_assembly,cushion,cush_suffix,4,0,4,dry_run
would_assign,ASM-BRV-OTT-34X42-FRAME,"BRAVADA OTTOMAN 34"" x 42"" x 16"" FRAME",sub_assembly,aluminum_frame,frame_suffix,5,0,5,dry_run
would_assign,ASM-BRV-OTT-34X60-CUSH,"BRAVADA OTTOMAN 34"" x 60"" x 16"" CUSH",sub_assembly,cushion,cush_suffix,4,0,4,dry_run
would_assign,ASM-BRV-OTT-34X60-FRAME,"BRAVADA OTTOMAN 34"" x 60"" x 16"" FRAME",sub_assembly,aluminum_frame,frame_suffix,5,0,5,dry_run
would_assign,ASM-BRV-OTT-34X72-CUSH,"BRAVADA OTTOMAN 34"" x 72"" x 16"" CUSH",sub_assembly,cushion,cush_suffix,4,0,4,dry_run
would_assign,ASM-BRV-OTT-34X72-FRAME,"BRAVADA OTTOMAN 34"" x 72"" x 16"" FRAME",sub_assembly,aluminum_frame,frame_suffix,5,0,5,dry_run
would_assign,ASM-BRV-OVS-CHS-72X42-CUSH,"BRAVADA OVERSIZED CHAISE 72"" x 42"" x 31"" BH CUSH",sub_assembly,cushion,cush_suffix,4,0,4,dry_run
would_assign,ASM-BRV-OVS-CHS-72X42-FRAME,"BRAVADA OVERSIZED CHAISE 72"" x 42"" x 31"" BH FRAME",sub_assembly,aluminum_frame,frame_suffix,5,0,5,dry_run
would_assign,ASM-BRV-OVS-CHS-84X42-CUSH,"BRAVADA OVERSIZED CHAISE 84"" x 42"" x 31"" BH CUSH",sub_assembly,cushion,cush_suffix,4,0,4,dry_run
would_assign,ASM-BRV-OVS-CHS-84X42-FRAME,"BRAVADA OVERSIZED CHAISE 84"" x 42"" x 31"" BH FRAME",sub_assembly,aluminum_frame,frame_suffix,5,0,5,dry_run
would_assign,ASM-BRV-SWV-CHA-CUSH,BRAVADA SWIVEL CHAIR W/DEKTON SIDEARM CUSH,sub_assembly,cushion,cush_suffix,4,0,4,dry_run
would_assign,ASM-BRV-SWV-CHA-FRAME,BRAVADA SWIVEL CHAIR W/DEKTON SIDEARM FRAME,sub_assembly,aluminum_frame,frame_suffix,5,0,5,dry_run
would_assign,ASM-CAB-DYB-84X84-CUSH,"CABANA DAYBED 84"" x 84"" x 78"" CUSH",sub_assembly,cushion,cush_suffix,4,0,4,dry_run
would_assign,ASM-CAB-DYB-84X84-FRAME,"CABANA DAYBED 84"" x 84"" x 78"" FRAME",sub_assembly,aluminum_frame,frame_suffix,5,0,5,dry_run
would_assign,ASM-CAB-MIS-10X10-CUSH,CABANA 10' X 10' X 9' w/Sunbrella Top & Curtains CUSH,sub_assembly,cushion,cush_suffix,4,0,4,dry_run
would_assign,ASM-CAB-MIS-10X10-FRAME,CABANA 10' X 10' X 9' w/Sunbrella Top & Curtains FRAME,sub_assembly,aluminum_frame,frame_suffix,5,0,5,dry_run
would_assign,ASM-CUS-OTT-22X72-CUSH,"CUSTOM STORAGE OTTOMAN 22"" x 72"" x 23"" CUSH",sub_assembly,cushion,cush_suffix,4,0,4,dry_run
would_assign,ASM-CUS-OTT-22X72-FRAME,"CUSTOM STORAGE OTTOMAN 22"" x 72"" x 23"" FRAME",sub_assembly,aluminum_frame,frame_suffix,5,0,5,dry_run
would_assign,ASM-CUS-OTT-23X82-CUSH,"CUSTOM STORAGE OTTOMAN 23"" x 82"" CUSH",sub_assembly,cushion,cush_suffix,4,0,4,dry_run
would_assign,ASM-CUS-OTT-23X82-FRAME,"CUSTOM STORAGE OTTOMAN 23"" x 82"" FRAME",sub_assembly,aluminum_frame,frame_suffix,5,0,5,dry_run
would_assign,ASM-CUS-OTT-72X22-CUSH,CUSTOM STORAGE OTTOMAN 22 X 72 CUSH,sub_assembly,cushion,cush_suffix,4,0,4,dry_run
would_assign,ASM-CUS-OTT-72X22-FRAME,CUSTOM STORAGE OTTOMAN 22 X 72 FRAME,sub_assembly,aluminum_frame,frame_suffix,5,0,5,dry_run
would_assign,ASM-CUS-OTT-82X23-CUSH,CUSTOM STORAGE OTTOMAN 23 X 82 CUSH,sub_assembly,cushion,cush_suffix,4,0,4,dry_run
would_assign,ASM-CUS-OTT-82X23-FRAME,CUSTOM STORAGE OTTOMAN 23 X 82 FRAME,sub_assembly,aluminum_frame,frame_suffix,5,0,5,dry_run
would_assign,ASM-DAI-BAR-TAB-120X42-FRAME,DAISY BASE TABLE (BAR HEIGHT) 42 X 120 FRAME,sub_assembly,aluminum_frame,frame_suffix,5,0,5,dry_run
would_assign,ASM-DAI-BAR-TAB-120X56-FRAME,DAISY BASE TABLE (BAR HEIGHT) 56 X 120 FRAME,sub_assembly,aluminum_frame,frame_suffix,5,0,5,dry_run
would_assign,ASM-DAI-BAR-TAB-42X120-FRAME,"DAISY BASE TABLE (BAR HEIGHT) 42"" x 120"" x 42"" FRAME",sub_assembly,aluminum_frame,frame_suffix,5,0,5,dry_run
would_assign,ASM-DAI-BAR-TAB-42X72-FRAME,"DAISY BASE TABLE (BAR HEIGHT) 42"" x 72"" x 42"" FRAME",sub_assembly,aluminum_frame,frame_suffix,5,0,5,dry_run
would_assign,ASM-DAI-BAR-TAB-42X96-FRAME,"DAISY BASE TABLE (BAR HEIGHT) 42"" x 96"" x 42"" FRAME",sub_assembly,aluminum_frame,frame_suffix,5,0,5,dry_run
would_assign,ASM-DAI-BAR-TAB-56X120-FRAME,"DAISY BASE TABLE (BAR HEIGHT) 56"" x 120"" x 42"" FRAME",sub_assembly,aluminum_frame,frame_suffix,5,0,5,dry_run
would_assign,ASM-DAI-BAR-TAB-56X56-FRAME,"DAISY BASE TABLE (BAR HEIGHT) 56"" x 56"" x 42"" FRAME",sub_assembly,aluminum_frame,frame_suffix,5,0,5,dry_run
would_assign,ASM-DAI-BAR-TAB-56X72-FRAME,"DAISY BASE TABLE (BAR HEIGHT) 56"" x 72"" x 42"" FRAME",sub_assembly,aluminum_frame,frame_suffix,5,0,5,dry_run
would_assign,ASM-DAI-BAR-TAB-56X96-FRAME,"DAISY BASE TABLE (BAR HEIGHT) 56"" x 96"" x 42"" FRAME",sub_assembly,aluminum_frame,frame_suffix,5,0,5,dry_run
would_assign,ASM-DAI-BAR-TAB-72X42-FRAME,DAISY BASE TABLE (BAR HEIGHT) 42 X 72 FRAME,sub_assembly,aluminum_frame,frame_suffix,5,0,5,dry_run
would_assign,ASM-DAI-BAR-TAB-72X56-FRAME,DAISY BASE TABLE (BAR HEIGHT) 56 X 72 FRAME,sub_assembly,aluminum_frame,frame_suffix,5,0,5,dry_run
would_assign,ASM-DAI-BAR-TAB-96X42-FRAME,DAISY BASE TABLE (BAR HEIGHT) 42 X 96 FRAME,sub_assembly,aluminum_frame,frame_suffix,5,0,5,dry_run
would_assign,ASM-DAI-BAR-TAB-96X56-FRAME,DAISY BASE TABLE (BAR HEIGHT) 56 X 96 FRAME,sub_assembly,aluminum_frame,frame_suffix,5,0,5,dry_run
would_assign,ASM-DAI-CNT-TAB-120X42-FRAME,DAISY BASE TABLE (COUNTER HEIGHT) 42 X 120 FRAME,sub_assembly,aluminum_frame,frame_suffix,5,0,5,dry_run
would_assign,ASM-DAI-CNT-TAB-120X56-FRAME,DAISY BASE TABLE (COUNTER HEIGHT) 56 X 120 FRAME,sub_assembly,aluminum_frame,frame_suffix,5,0,5,dry_run
would_assign,ASM-DAI-CNT-TAB-42X120-FRAME,"DAISY BASE TABLE (COUNTER HEIGHT) 42"" x 120"" x 36"" FRAME",sub_assembly,aluminum_frame,frame_suffix,5,0,5,dry_run
would_assign,ASM-DAI-CNT-TAB-42X72-FRAME,"DAISY BASE TABLE (COUNTER HEIGHT) 42"" x 72"" x 36"" FRAME",sub_assembly,aluminum_frame,frame_suffix,5,0,5,dry_run
would_assign,ASM-DAI-CNT-TAB-42X96-FRAME,"DAISY BASE TABLE (COUNTER HEIGHT) 42"" x 96"" x 36"" FRAME",sub_assembly,aluminum_frame,frame_suffix,5,0,5,dry_run
would_assign,ASM-DAI-CNT-TAB-56X120-FRAME,"DAISY BASE TABLE (COUNTER HEIGHT) 56"" x 120"" x 36"" FRAME",sub_assembly,aluminum_frame,frame_suffix,5,0,5,dry_run
would_assign,ASM-DAI-CNT-TAB-56X56-FRAME,"DAISY BASE TABLE (COUNTER HEIGHT) 56"" x 56"" x 36"" FRAME",sub_assembly,aluminum_frame,frame_suffix,5,0,5,dry_run
would_assign,ASM-DAI-CNT-TAB-56X72-FRAME,"DAISY BASE TABLE (COUNTER HEIGHT) 56"" x 72"" x 36"" FRAME",sub_assembly,aluminum_frame,frame_suffix,5,0,5,dry_run
would_assign,ASM-DAI-CNT-TAB-56X96-FRAME,"DAISY BASE TABLE (COUNTER HEIGHT) 56"" x 96"" x 36"" FRAME",sub_assembly,aluminum_frame,frame_suffix,5,0,5,dry_run
would_assign,ASM-DAI-CNT-TAB-72X42-FRAME,DAISY BASE TABLE (COUNTER HEIGHT) 42 X 72 FRAME,sub_assembly,aluminum_frame,frame_suffix,5,0,5,dry_run
would_assign,ASM-DAI-CNT-TAB-72X56-FRAME,DAISY BASE TABLE (COUNTER HEIGHT) 56 X 72 FRAME,sub_assembly,aluminum_frame,frame_suffix,5,0,5,dry_run
would_assign,ASM-DAI-CNT-TAB-96X42-FRAME,DAISY BASE TABLE (COUNTER HEIGHT) 42 X 96 FRAME,sub_assembly,aluminum_frame,frame_suffix,5,0,5,dry_run
would_assign,ASM-DAI-CNT-TAB-96X56-FRAME,DAISY BASE TABLE (COUNTER HEIGHT) 56 X 96 FRAME,sub_assembly,aluminum_frame,frame_suffix,5,0,5,dry_run
would_assign,ASM-DAI-DIN-TAB-120X42-FRAME,DAISY BASE TABLE (DINING HEIGHT) 42 X 120 FRAME,sub_assembly,aluminum_frame,frame_suffix,5,0,5,dry_run
would_assign,ASM-DAI-DIN-TAB-120X56-FRAME,DAISY BASE TABLE (DINING HEIGHT) 56 X 120 FRAME,sub_assembly,aluminum_frame,frame_suffix,5,0,5,dry_run
would_assign,ASM-DAI-DIN-TAB-42X30-FRAME,"DAISY BASE ROUND TABLE (DINING HEIGHT) 42"" x 30"" FRAME",sub_assembly,aluminum_frame,frame_suffix,5,0,5,dry_run
would_assign,ASM-DAI-DIN-TAB-42X42-FRAME,DAISY BASE ROUND TABLE (DINING HEIGHT) 42 FRAME,sub_assembly,aluminum_frame,frame_suffix,5,0,5,dry_run
would_assign,ASM-DAI-DIN-TAB-56X30-FRAME,"DAISY BASE ROUND TABLE (DINING HEIGHT) 56"" x 30"" FRAME",sub_assembly,aluminum_frame,frame_suffix,5,0,5,dry_run
would_assign,ASM-DAI-DIN-TAB-56X56-FRAME,DAISY BASE TABLE (DINING HEIGHT) 56 X 56 FRAME,sub_assembly,aluminum_frame,frame_suffix,5,0,5,dry_run
would_assign,ASM-DAI-DIN-TAB-56X72-FRAME,"DAISY BASE TABLE (DINING HEIGHT) 56"" x 72"" x 30"" FRAME",sub_assembly,aluminum_frame,frame_suffix,5,0,5,dry_run
would_assign,ASM-DAI-DIN-TAB-56X96-FRAME,"DAISY BASE TABLE (DINING HEIGHT) 56"" x 96"" x 30"" FRAME",sub_assembly,aluminum_frame,frame_suffix,5,0,5,dry_run
would_assign,ASM-DAI-DIN-TAB-72X42-FRAME,DAISY BASE TABLE (DINING HEIGHT) 42 X 72 FRAME,sub_assembly,aluminum_frame,frame_suffix,5,0,5,dry_run
would_assign,ASM-DAI-DIN-TAB-72X56-FRAME,DAISY BASE TABLE (DINING HEIGHT) 56 X 72 FRAME,sub_assembly,aluminum_frame,frame_suffix,5,0,5,dry_run
would_assign,ASM-DAI-DIN-TAB-96X42-FRAME,DAISY BASE TABLE (DINING HEIGHT) 42 X 96 FRAME,sub_assembly,aluminum_frame,frame_suffix,5,0,5,dry_run
would_assign,ASM-DAI-DIN-TAB-96X56-FRAME,DAISY BASE TABLE (DINING HEIGHT) 56 X 96 FRAME,sub_assembly,aluminum_frame,frame_suffix,5,0,5,dry_run
would_assign,ASM-DAI-FIR-TAB-42X42-FRAME,"PROPANE FIRE PIT TABLE 42"" x 42"" x 21"" FRAME",sub_assembly,aluminum_frame,frame_suffix,5,0,5,dry_run
would_assign,ASM-DAI-FIR-TAB-56X42-FRAME,"PROPANE FIRE PIT TABLE 56"" x 42"" x 21"" FRAME",sub_assembly,aluminum_frame,frame_suffix,5,0,5,dry_run
would_assign,ASM-DAI-FIR-TAB-84X56-FRAME,"DAISY BASE FIRE PIT DINING TABLE 84"" x 56"" x 30"" FRAME",sub_assembly,aluminum_frame,frame_suffix,5,0,5,dry_run
would_assign,ASM-DAI-FIR-TAB-96X56-FRAME,"DAISY BASE FIRE PIT DINING TABLE 96"" x 56"" x 30"" FRAME",sub_assembly,aluminum_frame,frame_suffix,5,0,5,dry_run
would_assign,ASM-DAI-TAB-108X56-FRAME,"DAISY BASE OVAL TABLE 108"" X 56"" X 30"" FRAME",sub_assembly,aluminum_frame,frame_suffix,5,0,5,dry_run
would_assign,ASM-DAI-TAB-72X42-FRAME,Daisy Base Table 72 x 42 Dining Height FRAME,sub_assembly,aluminum_frame,frame_suffix,5,0,5,dry_run
would_assign,ASM-ESY-CHS-CUSH,ADD-ON WHEELS FOR CHAISE LOUNGERS CUSH,sub_assembly,cushion,cush_suffix,4,0,4,dry_run
would_assign,ASM-ESY-CHS-FRAME,ADD-ON WHEELS FOR CHAISE LOUNGERS FRAME,sub_assembly,aluminum_frame,frame_suffix,5,0,5,dry_run
would_assign,ASM-FLY-BCH-42X18-CUSH,FLY LEG BENCH (BAR HEIGHT) 42 CUSH,sub_assembly,cushion,cush_suffix,4,0,4,dry_run
would_assign,ASM-FLY-BCH-42X18-FRAME,FLY LEG BENCH (BAR HEIGHT) 42 FRAME,sub_assembly,aluminum_frame,frame_suffix,5,0,5,dry_run
would_assign,ASM-FLY-DIN-CHA-18X18-CUSH,FLY LEG CHAIR (DINING HEIGHT) CUSH,sub_assembly,cushion,cush_suffix,4,0,4,dry_run
would_assign,ASM-FLY-DIN-CHA-18X18-FRAME,FLY LEG CHAIR (DINING HEIGHT) FRAME,sub_assembly,aluminum_frame,frame_suffix,5,0,5,dry_run
would_assign,ASM-FLY-FLY-BST-18X18-CUSH,FLY LEG BARSTOOL (BAR HEIGHT) CUSH,sub_assembly,cushion,cush_suffix,4,0,4,dry_run
would_assign,ASM-FLY-FLY-BST-18X18-FRAME,FLY LEG BARSTOOL (BAR HEIGHT) FRAME,sub_assembly,aluminum_frame,frame_suffix,5,0,5,dry_run
would_assign,ASM-FLY-LEG-BAR-COU-HEI-CUSH,FLY LEG BARSTOOL (COUNTER HEIGHT) CUSH,sub_assembly,cushion,cush_suffix,4,0,4,dry_run
would_assign,ASM-FLY-LEG-BAR-COU-HEI-FRAME,FLY LEG BARSTOOL (COUNTER HEIGHT) FRAME,sub_assembly,aluminum_frame,frame_suffix,5,0,5,dry_run
would_assign,ASM-FLY-LEG-BEN-COU-HEI-42-CUSH,FLY LEG BENCH (COUNTER HEIGHT) 42 CUSH,sub_assembly,cushion,cush_suffix,4,0,4,dry_run
would_assign,ASM-FLY-LEG-BEN-COU-HEI-42-FRAME,FLY LEG BENCH (COUNTER HEIGHT) 42 FRAME,sub_assembly,aluminum_frame,frame_suffix,5,0,5,dry_run
would_assign,ASM-FLY-LEG-BEN-DIN-HEI-42-CUSH,FLY LEG BENCH (DINING HEIGHT) 42 CUSH,sub_assembly,cushion,cush_suffix,4,0,4,dry_run
would_assign,ASM-FLY-LEG-BEN-DIN-HEI-42-FRAME,FLY LEG BENCH (DINING HEIGHT) 42 FRAME,sub_assembly,aluminum_frame,frame_suffix,5,0,5,dry_run
would_assign,ASM-FLY-TAB-38X8-FRAME,FLY TABLE 8 FRAME,sub_assembly,aluminum_frame,frame_suffix,5,0,5,dry_run
would_assign,ASM-FLY-TAB-60X12-FRAME,FLY TABLE 60 FRAME,sub_assembly,aluminum_frame,frame_suffix,5,0,5,dry_run
would_assign,ASM-FLY-TAB-72X12-FRAME,FLY TABLE 72 FRAME,sub_assembly,aluminum_frame,frame_suffix,5,0,5,dry_run
would_assign,ASM-FLY-TAB-84X12-FRAME,FLY TABLE 84 FRAME,sub_assembly,aluminum_frame,frame_suffix,5,0,5,dry_run
would_assign,ASM-FLY-TAB-96X12-FRAME,FLY TABLE 96 FRAME,sub_assembly,aluminum_frame,frame_suffix,5,0,5,dry_run
would_assign,ASM-HAL-BAC-BAR-BAR-HEI-CUSH,HALF BACK BARSTOOL (BAR HEIGHT) CUSH,sub_assembly,cushion,cush_suffix,4,0,4,dry_run
would_assign,ASM-HAL-BAC-BAR-BAR-HEI-FRAME,HALF BACK BARSTOOL (BAR HEIGHT) FRAME,sub_assembly,aluminum_frame,frame_suffix,5,0,5,dry_run
would_assign,ASM-LED-CHA-CUSH,LEDGE LOUNGER SIGNATURE LOWBACK CHAIR CUSH,sub_assembly,cushion,cush_suffix,4,0,4,dry_run
would_assign,ASM-LED-CHA-FRAME,LEDGE LOUNGER SIGNATURE LOWBACK CHAIR FRAME,sub_assembly,aluminum_frame,frame_suffix,5,0,5,dry_run
would_assign,ASM-LED-SID-TAB-FRAME,LEDGE LOUNGER AUTOGRAPH SIDE TABLE FRAME,sub_assembly,aluminum_frame,frame_suffix,5,0,5,dry_run
would_assign,ASM-MIS-DIN-BCH-72X22-CUSH,DINING BENCH W/NO ARMS 72 X 22 CUSH,sub_assembly,cushion,cush_suffix,4,0,4,dry_run
would_assign,ASM-MIS-DIN-BCH-72X22-FRAME,DINING BENCH W/NO ARMS 72 X 22 FRAME,sub_assembly,aluminum_frame,frame_suffix,5,0,5,dry_run
would_assign,ASM-MIS-DIN-BCH-96X22-CUSH,DINING BENCH W/NO ARMS 96 X 22 CUSH,sub_assembly,cushion,cush_suffix,4,0,4,dry_run
would_assign,ASM-MIS-DIN-BCH-96X22-FRAME,DINING BENCH W/NO ARMS 96 X 22 FRAME,sub_assembly,aluminum_frame,frame_suffix,5,0,5,dry_run
would_assign,ASM-MIS-DIN-CHA-17X21-CUSH,HALF BACK CHAIR (DINING HEIGHT CUSH,sub_assembly,cushion,cush_suffix,4,0,4,dry_run
would_assign,ASM-MIS-DIN-CHA-17X21-FRAME,HALF BACK CHAIR (DINING HEIGHT FRAME,sub_assembly,aluminum_frame,frame_suffix,5,0,5,dry_run
would_assign,ASM-MIS-FIR-TAB-42X42-FRAME,PROPANE FIRE PIT TABLE 42 X 42 FRAME,sub_assembly,aluminum_frame,frame_suffix,5,0,5,dry_run
would_assign,ASM-MIS-FLY-BST-17X21-CUSH,HALF BACK BARSTOOL (COUNTER HEIGHT) CUSH,sub_assembly,cushion,cush_suffix,4,0,4,dry_run
would_assign,ASM-MIS-FLY-BST-17X21-FRAME,HALF BACK BARSTOOL (COUNTER HEIGHT) FRAME,sub_assembly,aluminum_frame,frame_suffix,5,0,5,dry_run
would_assign,ASM-MIS-OTT-22X22-CUSH,"CUBE OTTOMAN 22"" x 22"" x 16"" CUSH",sub_assembly,cushion,cush_suffix,4,0,4,dry_run
would_assign,ASM-MIS-OTT-22X22-FRAME,"CUBE OTTOMAN 22"" x 22"" x 16"" FRAME",sub_assembly,aluminum_frame,frame_suffix,5,0,5,dry_run
would_assign,ASM-MIS-SID-TAB-13X30-FRAME,U SIDE TABLE FRAME,sub_assembly,aluminum_frame,frame_suffix,5,0,5,dry_run
would_assign,ASM-MIS-TAB-13X30-FRAME,T TABLE FRAME,sub_assembly,aluminum_frame,frame_suffix,5,0,5,dry_run
would_assign,ASM-MLN-CLB-CHA-32X36-CUSH,"MILAN CLUB CHAIR 32"" x 36"" x 16"" SH CUSH",sub_assembly,cushion,cush_suffix,4,0,4,dry_run
would_assign,ASM-MLN-CLB-CHA-32X36-FRAME,"MILAN CLUB CHAIR 32"" x 36"" x 16"" SH FRAME",sub_assembly,aluminum_frame,frame_suffix,5,0,5,dry_run
would_assign,ASM-MLN-OTT-22X60-CUSH,"MILAN OTTOMAN 22"" x 60"" x 16"" CUSH",sub_assembly,cushion,cush_suffix,4,0,4,dry_run
would_assign,ASM-MLN-OTT-22X60-FRAME,"MILAN OTTOMAN 22"" x 60"" x 16"" FRAME",sub_assembly,aluminum_frame,frame_suffix,5,0,5,dry_run
would_assign,ASM-MLN-OTT-22X72-CUSH,"MILAN OTTOMAN 22"" x 72"" x 16"" CUSH",sub_assembly,cushion,cush_suffix,4,0,4,dry_run
would_assign,ASM-MLN-OTT-22X72-FRAME,"MILAN OTTOMAN 22"" x 72"" x 16"" FRAME",sub_assembly,aluminum_frame,frame_suffix,5,0,5,dry_run
would_assign,ASM-MLN-OTT-34X34-CUSH,"MILAN OTTOMAN 34"" x 34"" x 16"" CUSH",sub_assembly,cushion,cush_suffix,4,0,4,dry_run
would_assign,ASM-MLN-OTT-34X34-FRAME,"MILAN OTTOMAN 34"" x 34"" x 16"" FRAME",sub_assembly,aluminum_frame,frame_suffix,5,0,5,dry_run
would_assign,ASM-MLN-OTT-34X42-CUSH,"MILAN OTTOMAN 34"" x 42"" x 16"" CUSH",sub_assembly,cushion,cush_suffix,4,0,4,dry_run
would_assign,ASM-MLN-OTT-34X42-FRAME,"MILAN OTTOMAN 34"" x 42"" x 16"" FRAME",sub_assembly,aluminum_frame,frame_suffix,5,0,5,dry_run
would_assign,ASM-MLN-OTT-34X60-CUSH,"MILAN OTTOMAN 34"" x 60"" x 16"" CUSH",sub_assembly,cushion,cush_suffix,4,0,4,dry_run
would_assign,ASM-MLN-OTT-34X60-FRAME,"MILAN OTTOMAN 34"" x 60"" x 16"" FRAME",sub_assembly,aluminum_frame,frame_suffix,5,0,5,dry_run
would_assign,ASM-MLN-OTT-34X72-CUSH,"MILAN OTTOMAN 34"" x 72"" x 16"" CUSH",sub_assembly,cushion,cush_suffix,4,0,4,dry_run
would_assign,ASM-MLN-OTT-34X72-FRAME,"MILAN OTTOMAN 34"" x 72"" x 16"" FRAME",sub_assembly,aluminum_frame,frame_suffix,5,0,5,dry_run
would_assign,ASM-MLN-OTT-56X42-CUSH,"MILAN OTTOMAN 56"" x 42"" x 16"" CUSH",sub_assembly,cushion,cush_suffix,4,0,4,dry_run
would_assign,ASM-MLN-OTT-56X42-FRAME,"MILAN OTTOMAN 56"" x 42"" x 16"" FRAME",sub_assembly,aluminum_frame,frame_suffix,5,0,5,dry_run
would_assign,ASM-MLN-SOF-60X62-CUSH,"MILAN DOUBLE-SIDED SOFA 60"" x 62"" x 16"" SH CUSH",sub_assembly,cushion,cush_suffix,4,0,4,dry_run
would_assign,ASM-MLN-SOF-60X62-FRAME,"MILAN DOUBLE-SIDED SOFA 60"" x 62"" x 16"" SH FRAME",sub_assembly,aluminum_frame,frame_suffix,5,0,5,dry_run
would_assign,ASM-MLN-SOF-62X42-CUSH,"MILAN T-SHAPED SOFA 62"" x 42"" x 22"" x 16"" SH CUSH",sub_assembly,cushion,cush_suffix,4,0,4,dry_run
would_assign,ASM-MLN-SOF-62X42-FRAME,"MILAN T-SHAPED SOFA 62"" x 42"" x 22"" x 16"" SH FRAME",sub_assembly,aluminum_frame,frame_suffix,5,0,5,dry_run
would_assign,ASM-MLN-SOF-72X36-CUSH,"MILAN ONE-SIDED SOFA 72"" x 36"" x 16"" SH CUSH",sub_assembly,cushion,cush_suffix,4,0,4,dry_run
would_assign,ASM-MLN-SOF-72X36-FRAME,"MILAN ONE-SIDED SOFA 72"" x 36"" x 16"" SH FRAME",sub_assembly,aluminum_frame,frame_suffix,5,0,5,dry_run
would_assign,ASM-MLN-SOF-84X36-CUSH,"MILAN ONE SIDED SOFA 84"" x 36"" x 16"" SH CUSH",sub_assembly,cushion,cush_suffix,4,0,4,dry_run
would_assign,ASM-MLN-SOF-84X36-FRAME,"MILAN ONE SIDED SOFA 84"" x 36"" x 16"" SH FRAME",sub_assembly,aluminum_frame,frame_suffix,5,0,5,dry_run
would_assign,ASM-MLN-SOF-96X36-CUSH,"MILAN ONE-SIDED SOFA 96"" x 36"" x 16"" SH CUSH",sub_assembly,cushion,cush_suffix,4,0,4,dry_run
would_assign,ASM-MLN-SOF-96X36-FRAME,"MILAN ONE-SIDED SOFA 96"" x 36"" x 16"" SH FRAME",sub_assembly,aluminum_frame,frame_suffix,5,0,5,dry_run
would_assign,ASM-MLN-TAB-56X14-FRAME,"OCCASIONAL TABLE 56""x14""x36"" FRAME",sub_assembly,aluminum_frame,frame_suffix,5,0,5,dry_run
would_assign,ASM-OCC-TAB-56X14-FRAME,OCCASIONAL TABLE FRAME,sub_assembly,aluminum_frame,frame_suffix,5,0,5,dry_run
would_assign,ASM-OCN-COF-TAB-28X42-FRAME,"OCEAN COFFEE TABLE 28"" x 42"" x 17"" FRAME",sub_assembly,aluminum_frame,frame_suffix,5,0,5,dry_run
would_assign,ASM-OCN-COF-TAB-28X56-FRAME,"OCEAN COFFEE TABLE 28"" x 56"" x 17"" FRAME",sub_assembly,aluminum_frame,frame_suffix,5,0,5,dry_run
would_assign,ASM-OCN-COF-TAB-36X56-FRAME,"OCEAN COFFEE TABLE 36"" x 56"" x 17"" FRAME",sub_assembly,aluminum_frame,frame_suffix,5,0,5,dry_run
would_assign,ASM-OCN-COF-TAB-36X72-FRAME,"OCEAN COFFEE TABLE 36"" x 72"" x 17"" FRAME",sub_assembly,aluminum_frame,frame_suffix,5,0,5,dry_run
would_assign,ASM-OCN-COF-TAB-42X56-FRAME,"OCEAN COFFEE TABLE 42"" x 56"" x 17"" FRAME",sub_assembly,aluminum_frame,frame_suffix,5,0,5,dry_run
would_assign,ASM-OCN-COF-TAB-42X72-FRAME,"OCEAN COFFEE TABLE 42"" x 72"" x 17"" FRAME",sub_assembly,aluminum_frame,frame_suffix,5,0,5,dry_run
would_assign,ASM-OCN-COF-TAB-56X72-FRAME,"OCEAN COFFEE TABLE 56"" x 72"" x 17"" FRAME",sub_assembly,aluminum_frame,frame_suffix,5,0,5,dry_run
would_assign,ASM-OCN-MIN-LOV-48X38-CUSH,"OCEAN MINI LOVESEAT 48"" x 38"" x 33"" BH CUSH",sub_assembly,cushion,cush_suffix,4,0,4,dry_run
would_assign,ASM-OCN-MIN-LOV-48X38-FRAME,"OCEAN MINI LOVESEAT 48"" x 38"" x 33"" BH FRAME",sub_assembly,aluminum_frame,frame_suffix,5,0,5,dry_run
would_assign,ASM-OCN-MIN-LOV-CUSH,Ocean Mini Loveseat CUSH,sub_assembly,cushion,cush_suffix,4,0,4,dry_run
would_assign,ASM-OCN-MIN-LOV-FRAME,Ocean Mini Loveseat FRAME,sub_assembly,aluminum_frame,frame_suffix,5,0,5,dry_run
would_assign,ASM-OCN-SID-TAB-12-FRAME,ANGULAR SIDE TABLE FRAME,sub_assembly,aluminum_frame,frame_suffix,5,0,5,dry_run
would_assign,ASM-OCN-SID-TAB-13X30-FRAME,"U SIDE TABLE 13"" x 30"" x 21"" FRAME",sub_assembly,aluminum_frame,frame_suffix,5,0,5,dry_run
would_assign,ASM-OCN-SID-TAB-32X32-FRAME,"TRIANGLE SIDE TABLE 32"" x 32"" x 17"" FRAME",sub_assembly,aluminum_frame,frame_suffix,5,0,5,dry_run
would_assign,ASM-OCN-SID-TAB-36X17-FRAME,"OCEAN ROUND SIDE TABLE 36"" x 17"" FRAME",sub_assembly,aluminum_frame,frame_suffix,5,0,5,dry_run
would_assign,ASM-OCN-SWV-CHA-34X38-CUSH,"OCEAN SWIVEL CHAIR 34"" x 38"" x 33"" BH CUSH",sub_assembly,cushion,cush_suffix,4,0,4,dry_run
would_assign,ASM-OCN-SWV-CHA-34X38-FRAME,"OCEAN SWIVEL CHAIR 34"" x 38"" x 33"" BH FRAME",sub_assembly,aluminum_frame,frame_suffix,5,0,5,dry_run
would_assign,ASM-OCN-SWV-CHA-CUSH,Ocean Swivel Chair CUSH,sub_assembly,cushion,cush_suffix,4,0,4,dry_run
would_assign,ASM-OCN-SWV-CHA-FRAME,Ocean Swivel Chair FRAME,sub_assembly,aluminum_frame,frame_suffix,5,0,5,dry_run
would_assign,ASM-OCN-TAB-13X30-FRAME,"T TABLE 13"" x 30"" x 16"" FRAME",sub_assembly,aluminum_frame,frame_suffix,5,0,5,dry_run
would_assign,ASM-OCN-TAB-34X12-FRAME,"FLY TABLE 34"" X 12"" FRAME",sub_assembly,aluminum_frame,frame_suffix,5,0,5,dry_run
would_assign,ASM-OCN-TAB-72X12-FRAME,"FLY TABLE 72"" X 12"" FRAME",sub_assembly,aluminum_frame,frame_suffix,5,0,5,dry_run
would_assign,ASM-OCN-TAB-84X12-FRAME,"FLY TABLE 84"" X 12"" FRAME",sub_assembly,aluminum_frame,frame_suffix,5,0,5,dry_run
would_assign,ASM-OCN-TAB-96X12-FRAME,"FLY TABLE 96"" X 12"" FRAME",sub_assembly,aluminum_frame,frame_suffix,5,0,5,dry_run
would_assign,ASM-STA-BAR-TAB-36X36-FRAME,STAR LEG TABLE (BAR HEIGHT) 36 X 36 FRAME,sub_assembly,aluminum_frame,frame_suffix,5,0,5,dry_run
would_assign,ASM-STA-BAR-TAB-42X42-FRAME,STAR LEG TABLE (BAR HEIGHT) 42 X 42 FRAME,sub_assembly,aluminum_frame,frame_suffix,5,0,5,dry_run
would_assign,ASM-STA-BAR-TAB-72X36-FRAME,STAR LEG TABLE (BAR HEIGHT) 36 X 72 FRAME,sub_assembly,aluminum_frame,frame_suffix,5,0,5,dry_run
would_assign,ASM-STA-CNT-TAB-36X36-FRAME,STAR LEG TABLE (COUNTER HEIGHT) 36 X 36 FRAME,sub_assembly,aluminum_frame,frame_suffix,5,0,5,dry_run
would_assign,ASM-STA-CNT-TAB-42X42-FRAME,STAR LEG TABLE (COUNTER HEIGHT) 42 X 42 FRAME,sub_assembly,aluminum_frame,frame_suffix,5,0,5,dry_run
would_assign,ASM-STA-CNT-TAB-72X36-FRAME,STAR LEG TABLE (COUNTER HEIGHT) 36 X 72 FRAME,sub_assembly,aluminum_frame,frame_suffix,5,0,5,dry_run
would_assign,ASM-STA-DIN-TAB-36X36-FRAME,STAR LEG TABLE (DINING HEIGHT) 36 X 36 FRAME,sub_assembly,aluminum_frame,frame_suffix,5,0,5,dry_run
would_assign,ASM-STA-DIN-TAB-42X42-FRAME,STAR LEG TABLE (DINING HEIGHT) 42 X 42 FRAME,sub_assembly,aluminum_frame,frame_suffix,5,0,5,dry_run
would_assign,ASM-STA-DIN-TAB-72X36-FRAME,STAR LEG TABLE (DINING HEIGHT) 36 X 72 FRAME,sub_assembly,aluminum_frame,frame_suffix,5,0,5,dry_run
would_assign,ASM-TAY-BAR-W-ARM-COU-HEI-CUSH,TAYLOR BARSTOOL W/ARMS (COUNTER HEIGHT) CUSH,sub_assembly,cushion,cush_suffix,4,0,4,dry_run
would_assign,ASM-TAY-BAR-W-ARM-COU-HEI-FRAME,TAYLOR BARSTOOL W/ARMS (COUNTER HEIGHT) FRAME,sub_assembly,aluminum_frame,frame_suffix,5,0,5,dry_run
would_assign,ASM-TAY-BCH-24X23-CUSH,"TAYLOR BENCH (BAR HEIGHT) 24"" x 23"" x 42"" SH CUSH",sub_assembly,cushion,cush_suffix,4,0,4,dry_run
would_assign,ASM-TAY-BCH-24X23-FRAME,"TAYLOR BENCH (BAR HEIGHT) 24"" x 23"" x 42"" SH FRAME",sub_assembly,aluminum_frame,frame_suffix,5,0,5,dry_run
would_assign,ASM-TAY-BCH-42X23-CUSH,"TAYLOR BENCH (COUNTER HEIGHT) 42"" x 23"" x 24"" SH CUSH",sub_assembly,cushion,cush_suffix,4,0,4,dry_run
would_assign,ASM-TAY-BCH-42X23-FRAME,"TAYLOR BENCH (COUNTER HEIGHT) 42"" x 23"" x 24"" SH FRAME",sub_assembly,aluminum_frame,frame_suffix,5,0,5,dry_run
would_assign,ASM-TAY-BCH-72X23-CUSH,"TAYLOR BENCH (BAR HEIGHT) 72"" x 23"" x 30"" SH CUSH",sub_assembly,cushion,cush_suffix,4,0,4,dry_run
would_assign,ASM-TAY-BCH-72X23-FRAME,"TAYLOR BENCH (BAR HEIGHT) 72"" x 23"" x 30"" SH FRAME",sub_assembly,aluminum_frame,frame_suffix,5,0,5,dry_run
would_assign,ASM-TAY-BEN-BAR-HEI-72-CUSH,TAYLOR BENCH (BAR HEIGHT) 72 CUSH,sub_assembly,cushion,cush_suffix,4,0,4,dry_run
would_assign,ASM-TAY-BEN-BAR-HEI-72-FRAME,TAYLOR BENCH (BAR HEIGHT) 72 FRAME,sub_assembly,aluminum_frame,frame_suffix,5,0,5,dry_run
would_assign,ASM-TAY-BEN-DIN-HEI-42-CUSH,TAYLOR BENCH (DINING HEIGHT) 42 CUSH,sub_assembly,cushion,cush_suffix,4,0,4,dry_run
would_assign,ASM-TAY-BEN-DIN-HEI-42-FRAME,TAYLOR BENCH (DINING HEIGHT) 42 FRAME,sub_assembly,aluminum_frame,frame_suffix,5,0,5,dry_run
would_assign,ASM-TAY-BEN-DIN-HEI-72-CUSH,TAYLOR BENCH (DINING HEIGHT) 72 CUSH,sub_assembly,cushion,cush_suffix,4,0,4,dry_run
would_assign,ASM-TAY-BEN-DIN-HEI-72-FRAME,TAYLOR BENCH (DINING HEIGHT) 72 FRAME,sub_assembly,aluminum_frame,frame_suffix,5,0,5,dry_run
would_assign,ASM-TAY-BST-18X23-CUSH,TAYLOR BARSTOOL (COUNTER HEIGHT) CUSH,sub_assembly,cushion,cush_suffix,4,0,4,dry_run
would_assign,ASM-TAY-BST-18X23-FRAME,TAYLOR BARSTOOL (COUNTER HEIGHT) FRAME,sub_assembly,aluminum_frame,frame_suffix,5,0,5,dry_run
would_assign,ASM-TAY-BST-19X23-CUSH,"TAYLOR BARSTOOL (BAR HEIGHT) 19"" x 23"" x 30"" SH CUSH",sub_assembly,cushion,cush_suffix,4,0,4,dry_run
would_assign,ASM-TAY-BST-19X23-FRAME,"TAYLOR BARSTOOL (BAR HEIGHT) 19"" x 23"" x 30"" SH FRAME",sub_assembly,aluminum_frame,frame_suffix,5,0,5,dry_run
would_assign,ASM-TAY-BST-24X23-CUSH,"TAYLOR BARSTOOL w/ARMS (BAR HEIGHT) 24"" x 23"" x 30"" SH CUSH",sub_assembly,cushion,cush_suffix,4,0,4,dry_run
would_assign,ASM-TAY-BST-24X23-FRAME,"TAYLOR BARSTOOL w/ARMS (BAR HEIGHT) 24"" x 23"" x 30"" SH FRAME",sub_assembly,aluminum_frame,frame_suffix,5,0,5,dry_run
would_assign,ASM-TAY-DIN-CHA-19X23-CUSH,TAYLOR CHAIR (DINING HEIGHT) CUSH,sub_assembly,cushion,cush_suffix,4,0,4,dry_run
would_assign,ASM-TAY-DIN-CHA-19X23-FRAME,TAYLOR CHAIR (DINING HEIGHT) FRAME,sub_assembly,aluminum_frame,frame_suffix,5,0,5,dry_run
would_assign,ASM-TAY-DIN-CHA-24X23-CUSH,"TAYLOR CHAIR w/ARMS (DINING HEIGHT) 24"" x 23"" x 18"" SH CUSH",sub_assembly,cushion,cush_suffix,4,0,4,dry_run
would_assign,ASM-TAY-DIN-CHA-24X23-FRAME,"TAYLOR CHAIR w/ARMS (DINING HEIGHT) 24"" x 23"" x 18"" SH FRAME",sub_assembly,aluminum_frame,frame_suffix,5,0,5,dry_run
would_assign,ASM-TJM-CHA-CUSH,FREELO CHAIR SPLASH CUSH,sub_assembly,cushion,cush_suffix,4,0,4,dry_run
would_assign,ASM-TJM-CHA-FRAME,FREELO CHAIR SPLASH FRAME,sub_assembly,aluminum_frame,frame_suffix,5,0,5,dry_run
would_assign,ASM-TJM-TAB-FRAME,Ripple Table FRAME,sub_assembly,aluminum_frame,frame_suffix,5,0,5,dry_run
would_assign,ASM-TRI-SID-TAB-32X32-FRAME,TRIANGLE SIDE TABLE FRAME,sub_assembly,aluminum_frame,frame_suffix,5,0,5,dry_run
would_assign,ASM-WFT-BAR-TAB-120X28-FRAME,WATERFALL TABLE (BAR HEIGHT) 28 X 120 FRAME,sub_assembly,aluminum_frame,frame_suffix,5,0,5,dry_run
would_assign,ASM-WFT-BAR-TAB-120X36-FRAME,WATERFALL TABLE (BAR HEIGHT) 36 X 120 FRAME,sub_assembly,aluminum_frame,frame_suffix,5,0,5,dry_run
would_assign,ASM-WFT-BAR-TAB-28X120-FRAME,"WATERFALL TABLE (BAR HEIGHT) 28"" x 120"" x 42"" FRAME",sub_assembly,aluminum_frame,frame_suffix,5,0,5,dry_run
would_assign,ASM-WFT-BAR-TAB-28X72-FRAME,"WATERFALL TABLE (BAR HEIGHT) 28"" x 72"" x 42"" FRAME",sub_assembly,aluminum_frame,frame_suffix,5,0,5,dry_run
would_assign,ASM-WFT-BAR-TAB-28X96-FRAME,"WATERFALL TABLE (BAR HEIGHT) 28"" x 96"" x 42"" FRAME",sub_assembly,aluminum_frame,frame_suffix,5,0,5,dry_run
would_assign,ASM-WFT-BAR-TAB-36X120-FRAME,"WATERFALL TABLE (BAR HEIGHT) 36"" x 120"" x 42"" FRAME",sub_assembly,aluminum_frame,frame_suffix,5,0,5,dry_run
would_assign,ASM-WFT-BAR-TAB-36X72-FRAME,"WATERFALL TABLE (BAR HEIGHT) 36"" x 72"" x 42"" FRAME",sub_assembly,aluminum_frame,frame_suffix,5,0,5,dry_run
would_assign,ASM-WFT-BAR-TAB-36X96-FRAME,"WATERFALL TABLE (BAR HEIGHT) 36"" x 96"" x 42"" FRAME",sub_assembly,aluminum_frame,frame_suffix,5,0,5,dry_run
would_assign,ASM-WFT-BAR-TAB-72X28-FRAME,WATERFALL TABLE (BAR HEIGHT) 28 X 72 FRAME,sub_assembly,aluminum_frame,frame_suffix,5,0,5,dry_run
would_assign,ASM-WFT-BAR-TAB-72X36-FRAME,WATERFALL TABLE (BAR HEIGHT) 36 X 72 FRAME,sub_assembly,aluminum_frame,frame_suffix,5,0,5,dry_run
would_assign,ASM-WFT-BAR-TAB-96X28-FRAME,WATERFALL TABLE (BAR HEIGHT) 28 X 96 FRAME,sub_assembly,aluminum_frame,frame_suffix,5,0,5,dry_run
would_assign,ASM-WFT-BAR-TAB-96X36-FRAME,WATERFALL TABLE (BAR HEIGHT) 36 X 96 FRAME,sub_assembly,aluminum_frame,frame_suffix,5,0,5,dry_run
would_assign,ASM-WFT-BCH-42X18-CUSH,"FLY LEG BENCH (DINING HEIGHT) 42"" x 18"" x 18"" SH CUSH",sub_assembly,cushion,cush_suffix,4,0,4,dry_run
would_assign,ASM-WFT-BCH-42X18-FRAME,"FLY LEG BENCH (DINING HEIGHT) 42"" x 18"" x 18"" SH FRAME",sub_assembly,aluminum_frame,frame_suffix,5,0,5,dry_run
would_assign,ASM-WFT-CNT-TAB-120X28-FRAME,WATERFALL TABLE (COUNTER HEIGHT) 28 X 120 FRAME,sub_assembly,aluminum_frame,frame_suffix,5,0,5,dry_run
would_assign,ASM-WFT-CNT-TAB-120X36-FRAME,WATERFALL TABLE (COUNTER HEIGHT) 36 X 120 FRAME,sub_assembly,aluminum_frame,frame_suffix,5,0,5,dry_run
would_assign,ASM-WFT-CNT-TAB-28X120-FRAME,"WATERFALL TABLE (COUNTER HEIGHT) 28"" x 120"" x 36"" FRAME",sub_assembly,aluminum_frame,frame_suffix,5,0,5,dry_run
would_assign,ASM-WFT-CNT-TAB-28X72-FRAME,"WATERFALL TABLE (COUNTER HEIGHT) 28"" x 72"" x 36"" FRAME",sub_assembly,aluminum_frame,frame_suffix,5,0,5,dry_run
would_assign,ASM-WFT-CNT-TAB-28X96-FRAME,"WATERFALL TABLE (COUNTER HEIGHT) 28"" x 96"" x 36"" FRAME",sub_assembly,aluminum_frame,frame_suffix,5,0,5,dry_run
would_assign,ASM-WFT-CNT-TAB-36X120-FRAME,"WATERFALL TABLE (COUNTER HEIGHT) 36"" x 120"" x 36"" FRAME",sub_assembly,aluminum_frame,frame_suffix,5,0,5,dry_run
would_assign,ASM-WFT-CNT-TAB-36X72-FRAME,"WATERFALL TABLE (COUNTER HEIGHT) 36"" x 72"" x 36"" FRAME",sub_assembly,aluminum_frame,frame_suffix,5,0,5,dry_run
would_assign,ASM-WFT-CNT-TAB-36X96-FRAME,"WATERFALL TABLE (COUNTER HEIGHT) 36"" x 96"" x 36"" FRAME",sub_assembly,aluminum_frame,frame_suffix,5,0,5,dry_run
would_assign,ASM-WFT-CNT-TAB-72X28-FRAME,WATERFALL TABLE (COUNTER HEIGHT) 28 X 72 FRAME,sub_assembly,aluminum_frame,frame_suffix,5,0,5,dry_run
would_assign,ASM-WFT-CNT-TAB-72X36-FRAME,WATERFALL TABLE (COUNTER HEIGHT) 36 X 72 FRAME,sub_assembly,aluminum_frame,frame_suffix,5,0,5,dry_run
would_assign,ASM-WFT-CNT-TAB-96X28-FRAME,WATERFALL TABLE (COUNTER HEIGHT) 28 X 96 FRAME,sub_assembly,aluminum_frame,frame_suffix,5,0,5,dry_run
would_assign,ASM-WFT-CNT-TAB-96X36-FRAME,WATERFALL TABLE (COUNTER HEIGHT) 36 X 96 FRAME,sub_assembly,aluminum_frame,frame_suffix,5,0,5,dry_run
would_assign,ASM-WFT-DIN-BCH-72X22-CUSH,"DINING BENCH w/NO ARMS 72"" x 22"" x 18"" SH CUSH",sub_assembly,cushion,cush_suffix,4,0,4,dry_run
would_assign,ASM-WFT-DIN-BCH-72X22-FRAME,"DINING BENCH w/NO ARMS 72"" x 22"" x 18"" SH FRAME",sub_assembly,aluminum_frame,frame_suffix,5,0,5,dry_run
would_assign,ASM-WFT-DIN-BCH-96X22-CUSH,"DINING BENCH w/NO ARMS 96"" x 22"" x 18"" SH CUSH",sub_assembly,cushion,cush_suffix,4,0,4,dry_run
would_assign,ASM-WFT-DIN-BCH-96X22-FRAME,"DINING BENCH w/NO ARMS 96"" x 22"" x 18"" SH FRAME",sub_assembly,aluminum_frame,frame_suffix,5,0,5,dry_run
would_assign,ASM-WFT-DIN-CHA-17X21-CUSH,"HALF BACK CHAIR (DINING HEIGHT) 17"" x 21"" x 18"" SH CUSH",sub_assembly,cushion,cush_suffix,4,0,4,dry_run
would_assign,ASM-WFT-DIN-CHA-17X21-FRAME,"HALF BACK CHAIR (DINING HEIGHT) 17"" x 21"" x 18"" SH FRAME",sub_assembly,aluminum_frame,frame_suffix,5,0,5,dry_run
would_assign,ASM-WFT-DIN-CHA-18X18-CUSH,"FLY LEG CHAIR (DINING HEIGHT) 18"" x 18"" x 18"" SH CUSH",sub_assembly,cushion,cush_suffix,4,0,4,dry_run
would_assign,ASM-WFT-DIN-CHA-18X18-FRAME,"FLY LEG CHAIR (DINING HEIGHT) 18"" x 18"" x 18"" SH FRAME",sub_assembly,aluminum_frame,frame_suffix,5,0,5,dry_run
would_assign,ASM-WFT-DIN-TAB-120X28-FRAME,WATERFALL TABLE (DINING HEIGHT) 28 X 120 FRAME,sub_assembly,aluminum_frame,frame_suffix,5,0,5,dry_run
would_assign,ASM-WFT-DIN-TAB-120X36-FRAME,WATERFALL TABLE (DINING HEIGHT) 36 X 120 FRAME,sub_assembly,aluminum_frame,frame_suffix,5,0,5,dry_run
would_assign,ASM-WFT-DIN-TAB-28X120-FRAME,"WATERFALL TABLE (DINING HEIGHT) 28"" x 120"" x 30"" FRAME",sub_assembly,aluminum_frame,frame_suffix,5,0,5,dry_run
would_assign,ASM-WFT-DIN-TAB-28X72-FRAME,"WATERFALL TABLE (DINING HEIGHT) 28"" x 72"" x 30"" FRAME",sub_assembly,aluminum_frame,frame_suffix,5,0,5,dry_run
would_assign,ASM-WFT-DIN-TAB-28X96-FRAME,"WATERFALL TABLE (DINING HEIGHT) 28"" x 96"" x 30"" FRAME",sub_assembly,aluminum_frame,frame_suffix,5,0,5,dry_run
would_assign,ASM-WFT-DIN-TAB-36X120-FRAME,"WATERFALL TABLE (DINING HEIGHT) 36"" x 120"" x 30"" FRAME",sub_assembly,aluminum_frame,frame_suffix,5,0,5,dry_run
would_assign,ASM-WFT-DIN-TAB-36X72-FRAME,"WATERFALL TABLE (DINING HEIGHT) 36"" x 72"" x 30"" FRAME",sub_assembly,aluminum_frame,frame_suffix,5,0,5,dry_run
would_assign,ASM-WFT-DIN-TAB-36X96-FRAME,"WATERFALL TABLE (DINING HEIGHT) 36"" x 96"" x 30"" FRAME",sub_assembly,aluminum_frame,frame_suffix,5,0,5,dry_run
would_assign,ASM-WFT-DIN-TAB-72X36-FRAME,WATERFALL TABLE (DINING HEIGHT) 36 X 72 FRAME,sub_assembly,aluminum_frame,frame_suffix,5,0,5,dry_run
would_assign,ASM-WFT-DIN-TAB-96X28-FRAME,WATERFALL TABLE (DINING HEIGHT) 28 X 96 FRAME,sub_assembly,aluminum_frame,frame_suffix,5,0,5,dry_run
would_assign,ASM-WFT-DIN-TAB-96X36-FRAME,WATERFALL TABLE (DINING HEIGHT) 36 X 96 FRAME,sub_assembly,aluminum_frame,frame_suffix,5,0,5,dry_run
would_assign,ASM-WFT-FIR-TAB-56X36-FRAME,"WATERFALL FIRE PIT TABLE 56"" x 36"" x 16"" FRAME",sub_assembly,aluminum_frame,frame_suffix,5,0,5,dry_run
would_assign,ASM-WFT-FIR-TAB-72X36-FRAME,"WATERFALL FIRE PIT TABLE 72"" x 36"" x 16"" FRAME",sub_assembly,aluminum_frame,frame_suffix,5,0,5,dry_run
would_assign,ASM-WFT-FLY-BST-17X21-CUSH,"HALF BACK BARSTOOL (BAR HEIGHT) 17"" x 21"" x 30"" SH CUSH",sub_assembly,cushion,cush_suffix,4,0,4,dry_run
would_assign,ASM-WFT-FLY-BST-17X21-FRAME,"HALF BACK BARSTOOL (BAR HEIGHT) 17"" x 21"" x 30"" SH FRAME",sub_assembly,aluminum_frame,frame_suffix,5,0,5,dry_run
would_assign,ASM-WFT-FLY-BST-18X18-CUSH,"FLY LEG BARSTOOL (BAR HEIGHT) 18"" x 18"" x 30"" SH CUSH",sub_assembly,cushion,cush_suffix,4,0,4,dry_run
would_assign,ASM-WFT-FLY-BST-18X18-FRAME,"FLY LEG BARSTOOL (BAR HEIGHT) 18"" x 18"" x 30"" SH FRAME",sub_assembly,aluminum_frame,frame_suffix,5,0,5,dry_run
would_assign,ASM-WFT-SID-TAB-13X40-FRAME,WATERFALL SIDE TABLE 40X13 FRAME,sub_assembly,aluminum_frame,frame_suffix,5,0,5,dry_run
would_assign,ASM-WFT-SID-TAB-40X13-FRAME,"WATERFALL SIDE TABLE 40"" x 13"" x 12"" FRAME",sub_assembly,aluminum_frame,frame_suffix,5,0,5,dry_run
would_assign,FIN-BRK-BAR-TAB-120X28,BROOKLYN TABLE (BAR HEIGHT) 28 X 120,finished_good,final_assembly,fin_prefix,2,0,2,dry_run
would_assign,FIN-BRK-BAR-TAB-120X36,BROOKLYN TABLE (BAR HEIGHT) 36 X 120,finished_good,final_assembly,fin_prefix,2,0,2,dry_run
would_assign,FIN-BRK-BAR-TAB-28X120,"BROOKLYN TABLE (BAR HEIGHT) 28"" x 120"" x 42""",finished_good,final_assembly,fin_prefix,2,0,2,dry_run
would_assign,FIN-BRK-BAR-TAB-28X72,"BROOKLYN TABLE (BAR HEIGHT) 28"" x 72"" x 42""",finished_good,final_assembly,fin_prefix,2,0,2,dry_run
would_assign,FIN-BRK-BAR-TAB-28X96,"BROOKLYN TABLE (BAR HEIGHT) 28"" x 96"" x 42""",finished_good,final_assembly,fin_prefix,2,0,2,dry_run
would_assign,FIN-BRK-BAR-TAB-36X120,"BROOKLYN TABLE (BAR HEIGHT) 36"" x 120"" x 42""",finished_good,final_assembly,fin_prefix,2,0,2,dry_run
would_assign,FIN-BRK-BAR-TAB-36X36,"STAR LEG TABLE (BAR HEIGHT) 36"" x 36"" x 42""",finished_good,final_assembly,fin_prefix,2,0,2,dry_run
would_assign,FIN-BRK-BAR-TAB-36X72,"BROOKLYN TABLE (BAR HEIGHT) 36"" x 72"" x 42""",finished_good,final_assembly,fin_prefix,2,0,2,dry_run
would_assign,FIN-BRK-BAR-TAB-36X96,"BROOKLYN TABLE (BAR HEIGHT) 36"" x 96"" x 42""",finished_good,final_assembly,fin_prefix,2,0,2,dry_run
would_assign,FIN-BRK-BAR-TAB-42X42,"STAR LEG TABLE (BAR HEIGHT) 42"" x 42"" x 42""",finished_good,final_assembly,fin_prefix,2,0,2,dry_run
would_assign,FIN-BRK-BAR-TAB-72X28,BROOKLYN TABLE (BAR HEIGHT) 28 X 72,finished_good,final_assembly,fin_prefix,2,0,2,dry_run
would_assign,FIN-BRK-BAR-TAB-72X36,BROOKLYN TABLE (BAR HEIGHT) 36 X 72,finished_good,final_assembly,fin_prefix,2,0,2,dry_run
would_assign,FIN-BRK-BAR-TAB-96X36,BROOKLYN TABLE (BAR HEIGHT) 36 X 96,finished_good,final_assembly,fin_prefix,2,0,2,dry_run
would_assign,FIN-BRK-BAR-TAB-98X28,BROOKLYN TABLE (BAR HEIGHT) 28 X 96,finished_good,final_assembly,fin_prefix,2,0,2,dry_run
would_assign,FIN-BRK-CHS-72X34-LS,Brooklyn Chaise 72 x 34 (Left Facing),finished_good,final_assembly,fin_prefix,2,0,2,dry_run
would_assign,FIN-BRK-CHS-72X34-RS,Brooklyn Chaise 72 x 34 (Right Facing),finished_good,final_assembly,fin_prefix,2,0,2,dry_run
would_assign,FIN-BRK-CHS-72X42-LS,Brooklyn Chaise 72 x 42 (Left Facing),finished_good,final_assembly,fin_prefix,2,0,2,dry_run
would_assign,FIN-BRK-CHS-72X42-RS,Brooklyn Chaise 72 x 42 (Right Facing),finished_good,final_assembly,fin_prefix,2,0,2,dry_run
would_assign,FIN-BRK-CHS-84X34-LS,Brooklyn Chaise 84 x 34 (Left Facing),finished_good,final_assembly,fin_prefix,2,0,2,dry_run
would_assign,FIN-BRK-CHS-84X34-RS,Brooklyn Chaise 84 x 34 (Right Facing),finished_good,final_assembly,fin_prefix,2,0,2,dry_run
would_assign,FIN-BRK-CHS-84X42-LS,Brooklyn Chaise 84 x 42 (Left Facing),finished_good,final_assembly,fin_prefix,2,0,2,dry_run
would_assign,FIN-BRK-CHS-84X42-RS,Brooklyn Chaise 84 x 42 (Right Facing),finished_good,final_assembly,fin_prefix,2,0,2,dry_run
would_assign,FIN-BRK-CNT-TAB-120X28,BROOKLYN TABLE (COUNTER HEIGHT) 28 X 120,finished_good,final_assembly,fin_prefix,2,0,2,dry_run
would_assign,FIN-BRK-CNT-TAB-120X36,BROOKLYN TABLE (COUNTER HEIGHT) 36 X 120,finished_good,final_assembly,fin_prefix,2,0,2,dry_run
would_assign,FIN-BRK-CNT-TAB-28X120,"BROOKLYN TABLE (COUNTER HEIGHT) 28"" x 120"" x 36""",finished_good,final_assembly,fin_prefix,2,0,2,dry_run
would_assign,FIN-BRK-CNT-TAB-28X72,"BROOKLYN TABLE (COUNTER HEIGHT) 28"" x 72"" x 36""",finished_good,final_assembly,fin_prefix,2,0,2,dry_run
would_assign,FIN-BRK-CNT-TAB-28X96,"BROOKLYN TABLE (COUNTER HEIGHT) 28"" x 96"" x 36""",finished_good,final_assembly,fin_prefix,2,0,2,dry_run
would_assign,FIN-BRK-CNT-TAB-36X120,"BROOKLYN TABLE (COUNTER HEIGHT) 36"" x 120"" x 36""",finished_good,final_assembly,fin_prefix,2,0,2,dry_run
would_assign,FIN-BRK-CNT-TAB-36X36,"STAR LEG TABLE (COUNTER HEIGHT) 36"" x 36"" x 36""",finished_good,final_assembly,fin_prefix,2,0,2,dry_run
would_assign,FIN-BRK-CNT-TAB-36X72,"BROOKLYN TABLE (COUNTER HEIGHT) 36"" x 72"" x 36""",finished_good,final_assembly,fin_prefix,2,0,2,dry_run
would_assign,FIN-BRK-CNT-TAB-36X96,"BROOKLYN TABLE (COUNTER HEIGHT) 36"" x 96"" x 36""",finished_good,final_assembly,fin_prefix,2,0,2,dry_run
would_assign,FIN-BRK-CNT-TAB-42X42,"STAR LEG TABLE (COUNTER HEIGHT) 42"" x 42"" x 36""",finished_good,final_assembly,fin_prefix,2,0,2,dry_run
would_assign,FIN-BRK-CNT-TAB-72X18,BROOKLYN TABLE (COUNTER HEIGHT) 18 X 72,finished_good,final_assembly,fin_prefix,2,0,2,dry_run
would_assign,FIN-BRK-CNT-TAB-72X28,BROOKLYN TABLE (COUNTER HEIGHT) 28 X 72,finished_good,final_assembly,fin_prefix,2,0,2,dry_run
would_assign,FIN-BRK-CNT-TAB-72X36,BROOKLYN TABLE (COUNTER HEIGHT) 36 X 72,finished_good,final_assembly,fin_prefix,2,0,2,dry_run
would_assign,FIN-BRK-CNT-TAB-96X28,BROOKLYN TABLE (COUNTER HEIGHT) 28 X 96,finished_good,final_assembly,fin_prefix,2,0,2,dry_run
would_assign,FIN-BRK-CNT-TAB-96X36,BROOKLYN TABLE (COUNTER HEIGHT) 36 X 96,finished_good,final_assembly,fin_prefix,2,0,2,dry_run
would_assign,FIN-BRK-COR-CHS-84X42,"BROOKLYN CORNER CHAISE 84"" x 42"" x 30"" BH",finished_good,final_assembly,fin_prefix,2,0,2,dry_run
would_assign,FIN-BRK-COR-SOF-72X34-LS,Brooklyn Corner Sofa 72 (Left Facing),finished_good,final_assembly,fin_prefix,2,0,2,dry_run
would_assign,FIN-BRK-COR-SOF-72X34-RS,Brooklyn Corner Sofa 72 (Right Facing),finished_good,final_assembly,fin_prefix,2,0,2,dry_run
would_assign,FIN-BRK-COR-SOF-84X34-LS,Brooklyn Corner Sofa 84 (Left Facing),finished_good,final_assembly,fin_prefix,2,0,2,dry_run
would_assign,FIN-BRK-COR-SOF-84X34-RS,Brooklyn Corner Sofa 84 (Right Facing),finished_good,final_assembly,fin_prefix,2,0,2,dry_run
would_assign,FIN-BRK-COR-SOF-96X34-LS,Brooklyn Corner Sofa 96 (Left Facing),finished_good,final_assembly,fin_prefix,2,0,2,dry_run
would_assign,FIN-BRK-COR-SOF-96X34-RS,Brooklyn Corner Sofa 96 (Right Facing),finished_good,final_assembly,fin_prefix,2,0,2,dry_run
would_assign,FIN-BRK-DIN-TAB-120X28,BROOKLYN TABLE (DINING HEIGHT) 28 X 120,finished_good,final_assembly,fin_prefix,2,0,2,dry_run
would_assign,FIN-BRK-DIN-TAB-120X36,BROOKLYN TABLE (DINING HEIGHT) 36 X 120,finished_good,final_assembly,fin_prefix,2,0,2,dry_run
would_assign,FIN-BRK-DIN-TAB-28X120,"BROOKLYN TABLE (DINING HEIGHT) 28"" x 120"" x 30""",finished_good,final_assembly,fin_prefix,2,0,2,dry_run
would_assign,FIN-BRK-DIN-TAB-28X72,"BROOKLYN TABLE (DINING HEIGHT) 28"" x 72"" x 30""",finished_good,final_assembly,fin_prefix,2,0,2,dry_run
would_assign,FIN-BRK-DIN-TAB-28X96,"BROOKLYN TABLE (DINING HEIGHT) 28"" x 96"" x 30""",finished_good,final_assembly,fin_prefix,2,0,2,dry_run
would_assign,FIN-BRK-DIN-TAB-36X120,"BROOKLYN TABLE (DINING HEIGHT) 36"" x 120"" x 30""",finished_good,final_assembly,fin_prefix,2,0,2,dry_run
would_assign,FIN-BRK-DIN-TAB-36X36,"STAR LEG TABLE (DINING HEIGHT) 36"" x 36"" x 30""",finished_good,final_assembly,fin_prefix,2,0,2,dry_run
would_assign,FIN-BRK-DIN-TAB-36X72,"BROOKLYN TABLE (DINING HEIGHT) 36"" x 72"" x 30""",finished_good,final_assembly,fin_prefix,2,0,2,dry_run
would_assign,FIN-BRK-DIN-TAB-36X96,"BROOKLYN TABLE (DINING HEIGHT) 36"" x 96"" x 30""",finished_good,final_assembly,fin_prefix,2,0,2,dry_run
would_assign,FIN-BRK-DIN-TAB-42X42,"STAR LEG TABLE (DINING HEIGHT) 42"" x 42"" x 30""",finished_good,final_assembly,fin_prefix,2,0,2,dry_run
would_assign,FIN-BRK-DIN-TAB-72X28,BROOKLYN TABLE (DINING HEIGHT) 28 X 72,finished_good,final_assembly,fin_prefix,2,0,2,dry_run
would_assign,FIN-BRK-DIN-TAB-72X36,BROOKLYN TABLE (DINING HEIGHT) 36 X 72,finished_good,final_assembly,fin_prefix,2,0,2,dry_run
would_assign,FIN-BRK-DIN-TAB-96X28,BROOKLYN TABLE (DINING HEIGHT) 28 X 96,finished_good,final_assembly,fin_prefix,2,0,2,dry_run
would_assign,FIN-BRK-DIN-TAB-96X36,BROOKLYN TABLE (DINING HEIGHT) 36 X 96,finished_good,final_assembly,fin_prefix,2,0,2,dry_run
would_assign,FIN-BRK-DOU-CHS-58X79,"BROOKLYN DOUBLE CHAISE LOUNGE 58"" x 79"" x 11"" SH",finished_good,final_assembly,fin_prefix,2,0,2,dry_run
would_assign,FIN-BRK-LOV-SOF,Brooklyn Loveseat,finished_good,final_assembly,fin_prefix,2,0,2,dry_run
would_assign,FIN-BRK-OTT-22X42,"BROOKLYN OTTOMAN 22"" x 42"" x 17""",finished_good,final_assembly,fin_prefix,2,0,2,dry_run
would_assign,FIN-BRK-OTT-22X60,"BROOKLYN OTTOMAN 22"" x 60"" x 17""",finished_good,final_assembly,fin_prefix,2,0,2,dry_run
would_assign,FIN-BRK-OTT-22X72,"BROOKLYN OTTOMAN 22"" x 72"" x 17""",finished_good,final_assembly,fin_prefix,2,0,2,dry_run
would_assign,FIN-BRK-OTT-34X34,"BROOKLYN OTTOMAN 34"" x 34"" x 17""",finished_good,final_assembly,fin_prefix,2,0,2,dry_run
would_assign,FIN-BRK-OTT-34X42,"BROOKLYN OTTOMAN 34"" x 42"" x 17""",finished_good,final_assembly,fin_prefix,2,0,2,dry_run
would_assign,FIN-BRK-OTT-34X60,"BROOKLYN OTTOMAN 34"" x 60"" x 17""",finished_good,final_assembly,fin_prefix,2,0,2,dry_run
would_assign,FIN-BRK-OTT-34X72,"BROOKLYN OTTOMAN 34"" x 72"" x 17""",finished_good,final_assembly,fin_prefix,2,0,2,dry_run
would_assign,FIN-BRK-OTT-42X22,BROOKLYN OTTOMAN 22 X 42,finished_good,final_assembly,fin_prefix,2,0,2,dry_run
would_assign,FIN-BRK-OTT-42X34,BROOKLYN OTTOMAN 34 X 42,finished_good,final_assembly,fin_prefix,2,0,2,dry_run
would_assign,FIN-BRK-OTT-56X42,"BROOKLYN OTTOMAN 56"" x 42"" x 17""",finished_good,final_assembly,fin_prefix,2,0,2,dry_run
would_assign,FIN-BRK-OTT-60X22,BROOKLYN OTTOMAN 22 X 60,finished_good,final_assembly,fin_prefix,2,0,2,dry_run
would_assign,FIN-BRK-OTT-60X34,BROOKLYN OTTOMAN 34 X 60,finished_good,final_assembly,fin_prefix,2,0,2,dry_run
would_assign,FIN-BRK-OTT-72X22,BROOKLYN OTTOMAN 22 X 72,finished_good,final_assembly,fin_prefix,2,0,2,dry_run
would_assign,FIN-BRK-OTT-72X34,BROOKLYN OTTOMAN 34 X 72,finished_good,final_assembly,fin_prefix,2,0,2,dry_run
would_assign,FIN-BRK-SGL-CHS-38X79,"BROOKLYN SINGLE CHAISE LOUNGE 38"" x 79"" x 11"" SH",finished_good,final_assembly,fin_prefix,2,0,2,dry_run
would_assign,FIN-BRK-SOF-60X34,"BROOKLYN SOFA 60"" x 34"" x 30"" BH",finished_good,final_assembly,fin_prefix,2,0,2,dry_run
would_assign,FIN-BRK-SOF-72X34,"BROOKLYN SOFA 72"" x 34"" x 30"" BH",finished_good,final_assembly,fin_prefix,2,0,2,dry_run
would_assign,FIN-BRK-SOF-84X34,"BROOKLYN SOFA 84"" x 34"" x 30"" BH",finished_good,final_assembly,fin_prefix,2,0,2,dry_run
would_assign,FIN-BRK-SOF-96X34,"BROOKLYN SOFA 96"" x 34"" x 30"" BH",finished_good,final_assembly,fin_prefix,2,0,2,dry_run
would_assign,FIN-BRK-TRA-DOU-CHS-48X72,"BROOKLYN TRANSITIONAL DOUBLE CHAISE 48"" x 72"" x 30"" BH",finished_good,final_assembly,fin_prefix,2,0,2,dry_run
would_assign,FIN-BRK-TRA-SGL-CHS-36X72,"BROOKLYN TRANSITIONAL SINGLE CHAISE 36"" x 72"" x 30"" BH",finished_good,final_assembly,fin_prefix,2,0,2,dry_run
would_assign,FIN-BRV-ARM-LOV-60,Bravada Armless Loveseat,finished_good,final_assembly,fin_prefix,2,0,2,dry_run
would_assign,FIN-BRV-ARM-SOF-34X34,"BRAVADA ARMLESS SOFA 34"" x 34"" x 31"" BH",finished_good,final_assembly,fin_prefix,2,0,2,dry_run
would_assign,FIN-BRV-ARM-SOF-72,Bravada Armless Sofa 72,finished_good,final_assembly,fin_prefix,2,0,2,dry_run
would_assign,FIN-BRV-ARM-SOF-72X34,"BRAVADA ARMLESS SOFA 72"" x 34"" x 31"" BH",finished_good,final_assembly,fin_prefix,2,0,2,dry_run
would_assign,FIN-BRV-ARM-SOF-84,Bravada Armless Sofa 84,finished_good,final_assembly,fin_prefix,2,0,2,dry_run
would_assign,FIN-BRV-ARM-SOF-84X34,"BRAVADA ARMLESS SOFA 84"" x 34"" x 31"" BH",finished_good,final_assembly,fin_prefix,2,0,2,dry_run
would_assign,FIN-BRV-ARM-SOF-96,Bravada Armless Sofa 96,finished_good,final_assembly,fin_prefix,2,0,2,dry_run
would_assign,FIN-BRV-ARM-SOF-96X34,"BRAVADA ARMLESS SOFA 96"" x 34"" x 31"" BH",finished_good,final_assembly,fin_prefix,2,0,2,dry_run
would_assign,FIN-BRV-BCH-96X34,"BRAVADA ROUNDED BENCH 96"" X 34"" X 18"" SH",finished_good,final_assembly,fin_prefix,2,0,2,dry_run
would_assign,FIN-BRV-CHS-34X72-LS,Bravada Chaise 34 X 72 (Left Facing),finished_good,final_assembly,fin_prefix,2,0,2,dry_run
would_assign,FIN-BRV-CHS-34X72-RS,Bravada Chaise 34 X 72 (Right Facing),finished_good,final_assembly,fin_prefix,2,0,2,dry_run
would_assign,FIN-BRV-CHS-34X84-LS,Bravada Chaise 34 X 84 (Left Facing),finished_good,final_assembly,fin_prefix,2,0,2,dry_run
would_assign,FIN-BRV-CHS-34X84-RS,Bravada Chaise 34 X 84 (Right Facing),finished_good,final_assembly,fin_prefix,2,0,2,dry_run
would_assign,FIN-BRV-CHS-42X72-LS,Bravada Chaise 42X72 (Left Facing),finished_good,final_assembly,fin_prefix,2,0,2,dry_run
would_assign,FIN-BRV-CHS-42X72-RS,Bravada Chaise 42X72 (Right Facing),finished_good,final_assembly,fin_prefix,2,0,2,dry_run
would_assign,FIN-BRV-CHS-42X84-LS,Bravada Chaise 42 X 84 (Left Facing),finished_good,final_assembly,fin_prefix,2,0,2,dry_run
would_assign,FIN-BRV-CHS-42X84-RS,Bravada Chaise 42 X 84 (Right Facing),finished_good,final_assembly,fin_prefix,2,0,2,dry_run
would_assign,FIN-BRV-CLB-CHA,Bravada Club Chair,finished_good,final_assembly,fin_prefix,2,0,2,dry_run
would_assign,FIN-BRV-CLB-CHA-34X34,"BRAVADA CLUB CHAIR 34"" x 34"" x 31"" BH",finished_good,final_assembly,fin_prefix,2,0,2,dry_run
would_assign,FIN-BRV-COF-TAB-28X42,"BRAVADA COFFEE TABLE 28"" x 42"" x 17""",finished_good,final_assembly,fin_prefix,2,0,2,dry_run
would_assign,FIN-BRV-COF-TAB-36X36,"BRAVADA COFFEE TABLE 36"" x 36"" x 17""",finished_good,final_assembly,fin_prefix,2,0,2,dry_run
would_assign,FIN-BRV-COF-TAB-36X56,"BRAVADA COFFEE TABLE 36"" x 56"" x 17""",finished_good,final_assembly,fin_prefix,2,0,2,dry_run
would_assign,FIN-BRV-COF-TAB-42X28,BRAVADA COFFEE TABLE 28 X 42,finished_good,final_assembly,fin_prefix,2,0,2,dry_run
would_assign,FIN-BRV-COF-TAB-42X42,"BRAVADA COFFEE TABLE 42"" x 42"" x 17""",finished_good,final_assembly,fin_prefix,2,0,2,dry_run
would_assign,FIN-BRV-COF-TAB-42X56,"BRAVADA COFFEE TABLE 42"" x 56"" x 17""",finished_good,final_assembly,fin_prefix,2,0,2,dry_run
would_assign,FIN-BRV-COF-TAB-42X72,"BRAVADA COFFEE TABLE 42"" x 72"" x 17""",finished_good,final_assembly,fin_prefix,2,0,2,dry_run
would_assign,FIN-BRV-COF-TAB-56X28,Bravada Coffee Table 56 x 28,finished_good,final_assembly,fin_prefix,2,0,2,dry_run
would_assign,FIN-BRV-COF-TAB-56X36,BRAVADA COFFEE TABLE 36 X 56,finished_good,final_assembly,fin_prefix,2,0,2,dry_run
would_assign,FIN-BRV-COF-TAB-56X42,BRAVADA COFFEE TABLE 42 X 56,finished_good,final_assembly,fin_prefix,2,0,2,dry_run
would_assign,FIN-BRV-COF-TAB-56X56,"BRAVADA COFFEE TABLE 56"" x 56"" x 17""",finished_good,final_assembly,fin_prefix,2,0,2,dry_run
would_assign,FIN-BRV-COF-TAB-56X72,"BRAVADA COFFEE TABLE 56"" x 72"" x 17""",finished_good,final_assembly,fin_prefix,2,0,2,dry_run
would_assign,FIN-BRV-COF-TAB-72X36,BRAVADA COFFEE TABLE 36 X 72,finished_good,final_assembly,fin_prefix,2,0,2,dry_run
would_assign,FIN-BRV-COF-TAB-72X42,BRAVADA COFFEE TABLE 42 X 72,finished_good,final_assembly,fin_prefix,2,0,2,dry_run
would_assign,FIN-BRV-COF-TAB-72X56,BRAVADA COFFEE TABLE 56 X 72,finished_good,final_assembly,fin_prefix,2,0,2,dry_run
would_assign,FIN-BRV-COR-CHS-72X34,"BRAVADA CORNER CHAISE 72"" x 34"" x 31"" BH",finished_good,final_assembly,fin_prefix,2,0,2,dry_run
would_assign,FIN-BRV-COR-CHS-84X34,"BRAVADA CORNER CHAISE 84"" x 34"" x 31"" BH",finished_good,final_assembly,fin_prefix,2,0,2,dry_run
would_assign,FIN-BRV-COR-SOF-72X34-LS,Bravada Corner Sofa 72 (Left Facing),finished_good,final_assembly,fin_prefix,2,0,2,dry_run
would_assign,FIN-BRV-COR-SOF-72X34-RS,Bravada Corner Sofa 72 (Right Facing),finished_good,final_assembly,fin_prefix,2,0,2,dry_run
would_assign,FIN-BRV-COR-SOF-84X34-LS,Bravada Corner Sofa 84 (Left Facing),finished_good,final_assembly,fin_prefix,2,0,2,dry_run
would_assign,FIN-BRV-COR-SOF-84X34-RS,Bravada Corner Sofa 84 (Right Facing),finished_good,final_assembly,fin_prefix,2,0,2,dry_run
would_assign,FIN-BRV-COR-SOF-96X34-LS,Bravada Corner Sofa 96 (Left Facing),finished_good,final_assembly,fin_prefix,2,0,2,dry_run
would_assign,FIN-BRV-COR-SOF-96X34-RS,Bravada Corner Sofa 96 (Right Facing),finished_good,final_assembly,fin_prefix,2,0,2,dry_run
would_assign,FIN-BRV-DOU-CHS-58X79,"BRAVADA DOUBLE CHAISE LOUNGE 58"" x 79"" x 14"" SH",finished_good,final_assembly,fin_prefix,2,0,2,dry_run
would_assign,FIN-BRV-DOU-CHS-58X79-NOARM,Bravada Chaise Lounge Double (No Metal Arms),finished_good,final_assembly,fin_prefix,2,0,2,dry_run
would_assign,FIN-BRV-DYB-72X72,"BRAVADA DAYBED 72"" x 72"" x 27"" BH",finished_good,final_assembly,fin_prefix,2,0,2,dry_run
would_assign,FIN-BRV-DYB-72X78,BRAVADA DAYBED 72 X 78,finished_good,final_assembly,fin_prefix,2,0,2,dry_run
would_assign,FIN-BRV-DYB-78X72,Bravada Daybed 78,finished_good,final_assembly,fin_prefix,2,0,2,dry_run
would_assign,FIN-BRV-DYB-78X78,BRAVADA DAYBED 78 X 78,finished_good,final_assembly,fin_prefix,2,0,2,dry_run
would_assign,FIN-BRV-DYB-84X72,"BRAVADA DAYBED 84"" x 72"" x 27"" BH",finished_good,final_assembly,fin_prefix,2,0,2,dry_run
would_assign,FIN-BRV-DYB-84X78,BRAVADA DAYBED 84 X 78,finished_good,final_assembly,fin_prefix,2,0,2,dry_run
would_assign,FIN-BRV-DYB-84X84,"BRAVADA ROUND DAYBED 84"" DIAMETER",finished_good,final_assembly,fin_prefix,2,0,2,dry_run
would_assign,FIN-BRV-LOV-SOF-60X34,"BRAVADA LOVESEAT 60"" x 34"" x 31"" BH",finished_good,final_assembly,fin_prefix,2,0,2,dry_run
would_assign,FIN-BRV-MIN-LOV-48X34,"BRAVADA MINI LOVESEAT 48"" x 34"" x 31"" BH",finished_good,final_assembly,fin_prefix,2,0,2,dry_run
would_assign,FIN-BRV-OTT-22X30,"BRAVADA OTTOMAN 22"" x 30"" x 16""",finished_good,final_assembly,fin_prefix,2,0,2,dry_run
would_assign,FIN-BRV-OTT-22X42,"BRAVADA OTTOMAN 22"" x 42"" x 16""",finished_good,final_assembly,fin_prefix,2,0,2,dry_run
would_assign,FIN-BRV-OTT-22X60,"BRAVADA OTTOMAN 22"" x 60"" x 16""",finished_good,final_assembly,fin_prefix,2,0,2,dry_run
would_assign,FIN-BRV-OTT-22X72,"BRAVADA OTTOMAN 22"" x 72"" x 16""",finished_good,final_assembly,fin_prefix,2,0,2,dry_run
would_assign,FIN-BRV-OTT-30X22,BRAVADA OTTOMAN 22 X 30,finished_good,final_assembly,fin_prefix,2,0,2,dry_run
would_assign,FIN-BRV-OTT-34X34,"BRAVADA OTTOMAN 34"" x 34"" x 16""",finished_good,final_assembly,fin_prefix,2,0,2,dry_run
would_assign,FIN-BRV-OTT-34X42,"BRAVADA OTTOMAN 34"" x 42"" x 16""",finished_good,final_assembly,fin_prefix,2,0,2,dry_run
would_assign,FIN-BRV-OTT-34X60,"BRAVADA OTTOMAN 34"" x 60"" x 16""",finished_good,final_assembly,fin_prefix,2,0,2,dry_run
would_assign,FIN-BRV-OTT-34X72,"BRAVADA OTTOMAN 34"" x 72"" x 16""",finished_good,final_assembly,fin_prefix,2,0,2,dry_run
would_assign,FIN-BRV-OTT-42X22,BRAVADA OTTOMAN 22 X 42,finished_good,final_assembly,fin_prefix,2,0,2,dry_run
would_assign,FIN-BRV-OTT-42X34,BRAVADA OTTOMAN 34 X 42,finished_good,final_assembly,fin_prefix,2,0,2,dry_run
would_assign,FIN-BRV-OTT-60X22,BRAVADA OTTOMAN 22 X 60,finished_good,final_assembly,fin_prefix,2,0,2,dry_run
would_assign,FIN-BRV-OTT-60X34,BRAVADA OTTOMAN 34 X 60,finished_good,final_assembly,fin_prefix,2,0,2,dry_run
would_assign,FIN-BRV-OTT-72X22,BRAVADA OTTOMAN 22 X 72,finished_good,final_assembly,fin_prefix,2,0,2,dry_run
would_assign,FIN-BRV-OTT-72X34,BRAVADA OTTOMAN 34 X 72,finished_good,final_assembly,fin_prefix,2,0,2,dry_run
would_assign,FIN-BRV-OTT-DKT-30X22,Bravada Ottoman 30X22 (Dekton Top),finished_good,final_assembly,fin_prefix,2,0,2,dry_run
would_assign,FIN-BRV-OTT-DKT-34X34,Bravada Ottoman 34X34 (Dekton Top),finished_good,final_assembly,fin_prefix,2,0,2,dry_run
would_assign,FIN-BRV-OTT-DKT-42X22,Bravada Ottoman 42X22 (Dekton Top),finished_good,final_assembly,fin_prefix,2,0,2,dry_run
would_assign,FIN-BRV-OTT-DKT-42X34,Bravada Ottoman 42X34 (Dekton Top),finished_good,final_assembly,fin_prefix,2,0,2,dry_run
would_assign,FIN-BRV-OTT-DKT-60X22,Bravada Ottoman 60X22 (Dekton Top),finished_good,final_assembly,fin_prefix,2,0,2,dry_run
would_assign,FIN-BRV-OTT-DKT-60X34,Bravada Ottoman 60 x 34 (Dekton Top),finished_good,final_assembly,fin_prefix,2,0,2,dry_run
would_assign,FIN-BRV-OTT-DKT-72X22,Bravada Ottoman 72X22 (Dekton Top),finished_good,final_assembly,fin_prefix,2,0,2,dry_run
would_assign,FIN-BRV-OTT-DKT-72X34,Bravada Ottoman 72 x 34 (Dekton Top),finished_good,final_assembly,fin_prefix,2,0,2,dry_run
would_assign,FIN-BRV-OVS-CHS-72X42,"BRAVADA OVERSIZED CHAISE 72"" x 42"" x 31"" BH",finished_good,final_assembly,fin_prefix,2,0,2,dry_run
would_assign,FIN-BRV-OVS-CHS-84X42,"BRAVADA OVERSIZED CHAISE 84"" x 42"" x 31"" BH",finished_good,final_assembly,fin_prefix,2,0,2,dry_run
would_assign,FIN-BRV-SGL-CHS-30X79,"BRAVADA SINGLE CHAISE LOUNGE 30"" x 79"" x 14"" SH",finished_good,final_assembly,fin_prefix,2,0,2,dry_run
would_assign,FIN-BRV-SGL-CHS-30X79-NOARM,Bravada Chaise Lounge Single (No Metal Arms),finished_good,final_assembly,fin_prefix,2,0,2,dry_run
would_assign,FIN-BRV-SID-TAB-20X20,"BRAVADA SIDE TABLE 20"" x 20"" x 17""",finished_good,final_assembly,fin_prefix,2,0,2,dry_run
would_assign,FIN-BRV-SOF-72X34,"BRAVADA SOFA 72"" x 34"" x 31"" BH",finished_good,final_assembly,fin_prefix,2,0,2,dry_run
would_assign,FIN-BRV-SOF-84X34,"BRAVADA SOFA 84"" x 34"" x 31"" BH",finished_good,final_assembly,fin_prefix,2,0,2,dry_run
would_assign,FIN-BRV-SOF-96X34,"BRAVADA SOFA 96"" x 34"" x 31"" BH",finished_good,final_assembly,fin_prefix,2,0,2,dry_run
would_assign,FIN-BRV-SWG-102X60,BRAVADA SWING 72 X 42 W/FRAME,finished_good,final_assembly,fin_prefix,2,0,2,dry_run
would_assign,FIN-BRV-SWG-66X42,"BRAVADA SWING 66"" x 42"" x 23"" BH",finished_good,final_assembly,fin_prefix,2,0,2,dry_run
would_assign,FIN-BRV-SWG-72X12,"BRAVADA 60"" ROUND SWING 72"" x 12"" SH",finished_good,final_assembly,fin_prefix,2,0,2,dry_run
would_assign,FIN-BRV-SWG-72X42,"BRAVADA SWING 72"" x 42"" x 23"" BH",finished_good,final_assembly,fin_prefix,2,0,2,dry_run
would_assign,FIN-BRV-SWG-84,"BRAVADA SWING FRAME ONLY 84""+ Thicker Gauge",finished_good,final_assembly,fin_prefix,2,0,2,dry_run
would_assign,FIN-BRV-SWG-84X42,"BRAVADA SWING 84"" x 42"" x 23"" BH",finished_good,final_assembly,fin_prefix,2,0,2,dry_run
would_assign,FIN-BRV-SWG-96X32,"BRAVADA SWING 96"" x 32"" x 23"" BH",finished_good,final_assembly,fin_prefix,2,0,2,dry_run
would_assign,FIN-BRV-SWG-96X60,BRAVADA SWING 66 X 42 W/FRAME,finished_good,final_assembly,fin_prefix,2,0,2,dry_run
would_assign,FIN-BRV-SWV-CHA,BRAVADA SWIVEL CHAIR W/DEKTON SIDEARM,finished_good,final_assembly,fin_prefix,2,0,2,dry_run
would_assign,FIN-BRV-SWV-CHA-34X34,"BRAVADA SWIVEL CHAIR 34"" x 34"" x 31"" BH",finished_good,final_assembly,fin_prefix,2,0,2,dry_run
would_assign,FIN-CAB-DYB-84X84,"CABANA DAYBED 84"" x 84"" x 78""",finished_good,final_assembly,fin_prefix,2,0,2,dry_run
would_assign,FIN-CAB-MIS,LUMBAR PILLOW (alt size),finished_good,final_assembly,fin_prefix,2,0,2,dry_run
would_assign,FIN-CAB-MIS-10X10,CABANA 10' X 10' X 9' w/Sunbrella Top & Curtains,finished_good,final_assembly,fin_prefix,2,0,2,dry_run
would_assign,FIN-CAB-MIS-12X24,"LUMBAR PILLOW 12"" X 24""",finished_good,final_assembly,fin_prefix,2,0,2,dry_run
would_assign,FIN-CAB-MIS-17X17,"SQUARE PILLOW 17"" X 17""",finished_good,final_assembly,fin_prefix,2,0,2,dry_run
would_assign,FIN-CAB-MIS-23X23,"SQUARE PILLOW 23"" X 23""",finished_good,final_assembly,fin_prefix,2,0,2,dry_run
would_assign,FIN-CAN-UMB,CANTILEVER UMBRELLA w/BASE,finished_good,final_assembly,fin_prefix,2,0,2,dry_run
would_assign,FIN-CAN-UMB-W-BAS,CANTILEVER UMBRELLA W/BASE,finished_good,final_assembly,fin_prefix,2,0,2,dry_run
would_assign,FIN-CUS-OTT-22X72,"CUSTOM STORAGE OTTOMAN 22"" x 72"" x 23""",finished_good,final_assembly,fin_prefix,2,0,2,dry_run
would_assign,FIN-CUS-OTT-23X82,"CUSTOM STORAGE OTTOMAN 23"" x 82""",finished_good,final_assembly,fin_prefix,2,0,2,dry_run
would_assign,FIN-CUS-OTT-72X22,CUSTOM STORAGE OTTOMAN 22 X 72,finished_good,final_assembly,fin_prefix,2,0,2,dry_run
would_assign,FIN-CUS-OTT-82X23,CUSTOM STORAGE OTTOMAN 23 X 82,finished_good,final_assembly,fin_prefix,2,0,2,dry_run
would_assign,FIN-DAI-BAR-TAB-120X42,DAISY BASE TABLE (BAR HEIGHT) 42 X 120,finished_good,final_assembly,fin_prefix,2,0,2,dry_run
would_assign,FIN-DAI-BAR-TAB-120X56,DAISY BASE TABLE (BAR HEIGHT) 56 X 120,finished_good,final_assembly,fin_prefix,2,0,2,dry_run
would_assign,FIN-DAI-BAR-TAB-42X120,"DAISY BASE TABLE (BAR HEIGHT) 42"" x 120"" x 42""",finished_good,final_assembly,fin_prefix,2,0,2,dry_run
would_assign,FIN-DAI-BAR-TAB-42X72,"DAISY BASE TABLE (BAR HEIGHT) 42"" x 72"" x 42""",finished_good,final_assembly,fin_prefix,2,0,2,dry_run
would_assign,FIN-DAI-BAR-TAB-42X96,"DAISY BASE TABLE (BAR HEIGHT) 42"" x 96"" x 42""",finished_good,final_assembly,fin_prefix,2,0,2,dry_run
would_assign,FIN-DAI-BAR-TAB-56X120,"DAISY BASE TABLE (BAR HEIGHT) 56"" x 120"" x 42""",finished_good,final_assembly,fin_prefix,2,0,2,dry_run
would_assign,FIN-DAI-BAR-TAB-56X56,"DAISY BASE TABLE (BAR HEIGHT) 56"" x 56"" x 42""",finished_good,final_assembly,fin_prefix,2,0,2,dry_run
would_assign,FIN-DAI-BAR-TAB-56X72,"DAISY BASE TABLE (BAR HEIGHT) 56"" x 72"" x 42""",finished_good,final_assembly,fin_prefix,2,0,2,dry_run
would_assign,FIN-DAI-BAR-TAB-56X96,"DAISY BASE TABLE (BAR HEIGHT) 56"" x 96"" x 42""",finished_good,final_assembly,fin_prefix,2,0,2,dry_run
would_assign,FIN-DAI-BAR-TAB-72X42,DAISY BASE TABLE (BAR HEIGHT) 42 X 72,finished_good,final_assembly,fin_prefix,2,0,2,dry_run
would_assign,FIN-DAI-BAR-TAB-72X56,DAISY BASE TABLE (BAR HEIGHT) 56 X 72,finished_good,final_assembly,fin_prefix,2,0,2,dry_run
would_assign,FIN-DAI-BAR-TAB-96X42,DAISY BASE TABLE (BAR HEIGHT) 42 X 96,finished_good,final_assembly,fin_prefix,2,0,2,dry_run
would_assign,FIN-DAI-BAR-TAB-96X56,DAISY BASE TABLE (BAR HEIGHT) 56 X 96,finished_good,final_assembly,fin_prefix,2,0,2,dry_run
would_assign,FIN-DAI-CNT-TAB-120X42,DAISY BASE TABLE (COUNTER HEIGHT) 42 X 120,finished_good,final_assembly,fin_prefix,2,0,2,dry_run
would_assign,FIN-DAI-CNT-TAB-120X56,DAISY BASE TABLE (COUNTER HEIGHT) 56 X 120,finished_good,final_assembly,fin_prefix,2,0,2,dry_run
would_assign,FIN-DAI-CNT-TAB-42X120,"DAISY BASE TABLE (COUNTER HEIGHT) 42"" x 120"" x 36""",finished_good,final_assembly,fin_prefix,2,0,2,dry_run
would_assign,FIN-DAI-CNT-TAB-42X72,"DAISY BASE TABLE (COUNTER HEIGHT) 42"" x 72"" x 36""",finished_good,final_assembly,fin_prefix,2,0,2,dry_run
would_assign,FIN-DAI-CNT-TAB-42X96,"DAISY BASE TABLE (COUNTER HEIGHT) 42"" x 96"" x 36""",finished_good,final_assembly,fin_prefix,2,0,2,dry_run
would_assign,FIN-DAI-CNT-TAB-56X120,"DAISY BASE TABLE (COUNTER HEIGHT) 56"" x 120"" x 36""",finished_good,final_assembly,fin_prefix,2,0,2,dry_run
would_assign,FIN-DAI-CNT-TAB-56X56,"DAISY BASE TABLE (COUNTER HEIGHT) 56"" x 56"" x 36""",finished_good,final_assembly,fin_prefix,2,0,2,dry_run
would_assign,FIN-DAI-CNT-TAB-56X72,"DAISY BASE TABLE (COUNTER HEIGHT) 56"" x 72"" x 36""",finished_good,final_assembly,fin_prefix,2,0,2,dry_run
would_assign,FIN-DAI-CNT-TAB-56X96,"DAISY BASE TABLE (COUNTER HEIGHT) 56"" x 96"" x 36""",finished_good,final_assembly,fin_prefix,2,0,2,dry_run
would_assign,FIN-DAI-CNT-TAB-72X42,DAISY BASE TABLE (COUNTER HEIGHT) 42 X 72,finished_good,final_assembly,fin_prefix,2,0,2,dry_run
would_assign,FIN-DAI-CNT-TAB-72X56,DAISY BASE TABLE (COUNTER HEIGHT) 56 X 72,finished_good,final_assembly,fin_prefix,2,0,2,dry_run
would_assign,FIN-DAI-CNT-TAB-96X42,DAISY BASE TABLE (COUNTER HEIGHT) 42 X 96,finished_good,final_assembly,fin_prefix,2,0,2,dry_run
would_assign,FIN-DAI-CNT-TAB-96X56,DAISY BASE TABLE (COUNTER HEIGHT) 56 X 96,finished_good,final_assembly,fin_prefix,2,0,2,dry_run
would_assign,FIN-DAI-DIN-TAB-120X42,DAISY BASE TABLE (DINING HEIGHT) 42 X 120,finished_good,final_assembly,fin_prefix,2,0,2,dry_run
would_assign,FIN-DAI-DIN-TAB-120X56,DAISY BASE TABLE (DINING HEIGHT) 56 X 120,finished_good,final_assembly,fin_prefix,2,0,2,dry_run
would_assign,FIN-DAI-DIN-TAB-42X30,"DAISY BASE ROUND TABLE (DINING HEIGHT) 42"" x 30""",finished_good,final_assembly,fin_prefix,2,0,2,dry_run
would_assign,FIN-DAI-DIN-TAB-42X42,DAISY BASE ROUND TABLE (DINING HEIGHT) 42,finished_good,final_assembly,fin_prefix,2,0,2,dry_run
would_assign,FIN-DAI-DIN-TAB-56X30,"DAISY BASE ROUND TABLE (DINING HEIGHT) 56"" x 30""",finished_good,final_assembly,fin_prefix,2,0,2,dry_run
would_assign,FIN-DAI-DIN-TAB-56X56,DAISY BASE TABLE (DINING HEIGHT) 56 X 56,finished_good,final_assembly,fin_prefix,2,0,2,dry_run
would_assign,FIN-DAI-DIN-TAB-56X72,"DAISY BASE TABLE (DINING HEIGHT) 56"" x 72"" x 30""",finished_good,final_assembly,fin_prefix,2,0,2,dry_run
would_assign,FIN-DAI-DIN-TAB-56X96,"DAISY BASE TABLE (DINING HEIGHT) 56"" x 96"" x 30""",finished_good,final_assembly,fin_prefix,2,0,2,dry_run
would_assign,FIN-DAI-DIN-TAB-72X42,DAISY BASE TABLE (DINING HEIGHT) 42 X 72,finished_good,final_assembly,fin_prefix,2,0,2,dry_run
would_assign,FIN-DAI-DIN-TAB-72X56,DAISY BASE TABLE (DINING HEIGHT) 56 X 72,finished_good,final_assembly,fin_prefix,2,0,2,dry_run
would_assign,FIN-DAI-DIN-TAB-96X42,DAISY BASE TABLE (DINING HEIGHT) 42 X 96,finished_good,final_assembly,fin_prefix,2,0,2,dry_run
would_assign,FIN-DAI-DIN-TAB-96X56,DAISY BASE TABLE (DINING HEIGHT) 56 X 96,finished_good,final_assembly,fin_prefix,2,0,2,dry_run
would_assign,FIN-DAI-FIR-TAB-42X42,"PROPANE FIRE PIT TABLE 42"" x 42"" x 21""",finished_good,final_assembly,fin_prefix,2,0,2,dry_run
would_assign,FIN-DAI-FIR-TAB-56X42,"PROPANE FIRE PIT TABLE 56"" x 42"" x 21""",finished_good,final_assembly,fin_prefix,2,0,2,dry_run
would_assign,FIN-DAI-FIR-TAB-84X56,"DAISY BASE FIRE PIT DINING TABLE 84"" x 56"" x 30""",finished_good,final_assembly,fin_prefix,2,0,2,dry_run
would_assign,FIN-DAI-FIR-TAB-96X56,"DAISY BASE FIRE PIT DINING TABLE 96"" x 56"" x 30""",finished_good,final_assembly,fin_prefix,2,0,2,dry_run
would_assign,FIN-DAI-TAB-108X56,"DAISY BASE OVAL TABLE 108"" X 56"" X 30""",finished_good,final_assembly,fin_prefix,2,0,2,dry_run
would_assign,FIN-DAI-TAB-72X42,Daisy Base Table 72 x 42 Dining Height,finished_good,final_assembly,fin_prefix,2,0,2,dry_run
would_assign,FIN-ESY-CHS,ADD-ON WHEELS FOR CHAISE LOUNGERS,finished_good,final_assembly,fin_prefix,2,0,2,dry_run
would_assign,FIN-ESY-MIS,FLEXY TWIN NO BASE,finished_good,final_assembly,fin_prefix,2,0,2,dry_run
would_assign,FIN-FLE-TWI-NO-BAS,FLEXY TWIN NO BASE,finished_good,final_assembly,fin_prefix,2,0,2,dry_run
would_assign,FIN-FLE-ZEN-NO-BAS,FLEXY ZEN NO BASE,finished_good,final_assembly,fin_prefix,2,0,2,dry_run
would_assign,FIN-FLY-BCH-42X18,FLY LEG BENCH (BAR HEIGHT) 42,finished_good,final_assembly,fin_prefix,2,0,2,dry_run
would_assign,FIN-FLY-DIN-CHA-18X18,FLY LEG CHAIR (DINING HEIGHT),finished_good,final_assembly,fin_prefix,2,0,2,dry_run
would_assign,FIN-FLY-FLY-BST-18X18,FLY LEG BARSTOOL (BAR HEIGHT),finished_good,final_assembly,fin_prefix,2,0,2,dry_run
would_assign,FIN-FLY-LEG-BAR-COU-HEI,FLY LEG BARSTOOL (COUNTER HEIGHT),finished_good,final_assembly,fin_prefix,2,0,2,dry_run
would_assign,FIN-FLY-LEG-BEN-COU-HEI-42,FLY LEG BENCH (COUNTER HEIGHT) 42,finished_good,final_assembly,fin_prefix,2,0,2,dry_run
would_assign,FIN-FLY-LEG-BEN-DIN-HEI-42,FLY LEG BENCH (DINING HEIGHT) 42,finished_good,final_assembly,fin_prefix,2,0,2,dry_run
would_assign,FIN-FLY-TAB-38X8,FLY TABLE 8,finished_good,final_assembly,fin_prefix,2,0,2,dry_run
would_assign,FIN-FLY-TAB-60X12,FLY TABLE 60,finished_good,final_assembly,fin_prefix,2,0,2,dry_run
would_assign,FIN-FLY-TAB-72X12,FLY TABLE 72,finished_good,final_assembly,fin_prefix,2,0,2,dry_run
would_assign,FIN-FLY-TAB-84X12,FLY TABLE 84,finished_good,final_assembly,fin_prefix,2,0,2,dry_run
would_assign,FIN-FLY-TAB-96X12,FLY TABLE 96,finished_good,final_assembly,fin_prefix,2,0,2,dry_run
would_assign,FIN-HAL-BAC-BAR-BAR-HEI,HALF BACK BARSTOOL (BAR HEIGHT),finished_good,final_assembly,fin_prefix,2,0,2,dry_run
would_assign,FIN-IRO,IRONWOOD,finished_good,final_assembly,fin_prefix,2,0,2,dry_run
would_assign,FIN-KIN-LIV-LAM,KINDLE LIVING LAMP,finished_good,final_assembly,fin_prefix,2,0,2,dry_run
would_assign,FIN-KIN-MIS,KINDLE LIVING HEATER (Allison),finished_good,final_assembly,fin_prefix,2,0,2,dry_run
would_assign,FIN-LED-CHA,LEDGE LOUNGER SIGNATURE LOWBACK CHAIR,finished_good,final_assembly,fin_prefix,2,0,2,dry_run
would_assign,FIN-LED-MIS,LEDGE LOUNGER,finished_good,final_assembly,fin_prefix,2,0,2,dry_run
would_assign,FIN-LED-SID-TAB,LEDGE LOUNGER AUTOGRAPH SIDE TABLE,finished_good,final_assembly,fin_prefix,2,0,2,dry_run
would_assign,FIN-MAR-2X2-UMB-NO-BAS,MARINA 2X2 UMBRELLA NO BASE,finished_good,final_assembly,fin_prefix,2,0,2,dry_run
would_assign,FIN-MAR-3M-UMB-NO-BAS,MARINA 3M UMBRELLA NO BASE,finished_good,final_assembly,fin_prefix,2,0,2,dry_run
would_assign,FIN-MIS-DIN-BCH-72X22,DINING BENCH W/NO ARMS 72 X 22,finished_good,final_assembly,fin_prefix,2,0,2,dry_run
would_assign,FIN-MIS-DIN-BCH-96X22,DINING BENCH W/NO ARMS 96 X 22,finished_good,final_assembly,fin_prefix,2,0,2,dry_run
would_assign,FIN-MIS-DIN-CHA-17X21,HALF BACK CHAIR (DINING HEIGHT,finished_good,final_assembly,fin_prefix,2,0,2,dry_run
would_assign,FIN-MIS-FIR-TAB-42X42,PROPANE FIRE PIT TABLE 42 X 42,finished_good,final_assembly,fin_prefix,2,0,2,dry_run
would_assign,FIN-MIS-FLY-BST-17X21,HALF BACK BARSTOOL (COUNTER HEIGHT),finished_good,final_assembly,fin_prefix,2,0,2,dry_run
would_assign,FIN-MIS-MIS,FABRICATED DEKTON SLAB,finished_good,final_assembly,fin_prefix,2,0,2,dry_run
would_assign,FIN-MIS-MIS-16X11,"ACCRUAL BASIS THURSDAY, JANUARY 16, 2025 11",finished_good,final_assembly,fin_prefix,2,0,2,dry_run
would_assign,FIN-MIS-OTT-22X22,"CUBE OTTOMAN 22"" x 22"" x 16""",finished_good,final_assembly,fin_prefix,2,0,2,dry_run
would_assign,FIN-MIS-SID-TAB-13X30,U SIDE TABLE,finished_good,final_assembly,fin_prefix,2,0,2,dry_run
would_assign,FIN-MIS-TAB-13X30,T TABLE,finished_good,final_assembly,fin_prefix,2,0,2,dry_run
would_assign,FIN-MLN-CLB-CHA-32X36,"MILAN CLUB CHAIR 32"" x 36"" x 16"" SH",finished_good,final_assembly,fin_prefix,2,0,2,dry_run
would_assign,FIN-MLN-MIS,FABRICATED DEKTON SLAB,finished_good,final_assembly,fin_prefix,2,0,2,dry_run
would_assign,FIN-MLN-OTT-22X60,"MILAN OTTOMAN 22"" x 60"" x 16""",finished_good,final_assembly,fin_prefix,2,0,2,dry_run
would_assign,FIN-MLN-OTT-22X72,"MILAN OTTOMAN 22"" x 72"" x 16""",finished_good,final_assembly,fin_prefix,2,0,2,dry_run
would_assign,FIN-MLN-OTT-34X34,"MILAN OTTOMAN 34"" x 34"" x 16""",finished_good,final_assembly,fin_prefix,2,0,2,dry_run
would_assign,FIN-MLN-OTT-34X42,"MILAN OTTOMAN 34"" x 42"" x 16""",finished_good,final_assembly,fin_prefix,2,0,2,dry_run
would_assign,FIN-MLN-OTT-34X60,"MILAN OTTOMAN 34"" x 60"" x 16""",finished_good,final_assembly,fin_prefix,2,0,2,dry_run
would_assign,FIN-MLN-OTT-34X72,"MILAN OTTOMAN 34"" x 72"" x 16""",finished_good,final_assembly,fin_prefix,2,0,2,dry_run
would_assign,FIN-MLN-OTT-56X42,"MILAN OTTOMAN 56"" x 42"" x 16""",finished_good,final_assembly,fin_prefix,2,0,2,dry_run
would_assign,FIN-MLN-SOF-60X62,"MILAN DOUBLE-SIDED SOFA 60"" x 62"" x 16"" SH",finished_good,final_assembly,fin_prefix,2,0,2,dry_run
would_assign,FIN-MLN-SOF-62X42,"MILAN T-SHAPED SOFA 62"" x 42"" x 22"" x 16"" SH",finished_good,final_assembly,fin_prefix,2,0,2,dry_run
would_assign,FIN-MLN-SOF-72X36,"MILAN ONE-SIDED SOFA 72"" x 36"" x 16"" SH",finished_good,final_assembly,fin_prefix,2,0,2,dry_run
would_assign,FIN-MLN-SOF-84X36,"MILAN ONE SIDED SOFA 84"" x 36"" x 16"" SH",finished_good,final_assembly,fin_prefix,2,0,2,dry_run
would_assign,FIN-MLN-SOF-96X36,"MILAN ONE-SIDED SOFA 96"" x 36"" x 16"" SH",finished_good,final_assembly,fin_prefix,2,0,2,dry_run
would_assign,FIN-MLN-TAB-56X14,"OCCASIONAL TABLE 56""x14""x36""",finished_good,final_assembly,fin_prefix,2,0,2,dry_run
would_assign,FIN-MLN-UMB,LIDO UMBRELLA,finished_good,final_assembly,fin_prefix,2,0,2,dry_run
would_assign,FIN-OCC-TAB-56X14,OCCASIONAL TABLE,finished_good,final_assembly,fin_prefix,2,0,2,dry_run
would_assign,FIN-OCN-CLB-CHA-34X38,"OCEAN CLUB CHAIR w/METAL ARM 34"" x 38"" x 33"" BH",finished_good,final_assembly,fin_prefix,2,0,2,dry_run
would_assign,FIN-OCN-COF-TAB-28X42,"OCEAN COFFEE TABLE 28"" x 42"" x 17""",finished_good,final_assembly,fin_prefix,2,0,2,dry_run
would_assign,FIN-OCN-COF-TAB-28X56,"OCEAN COFFEE TABLE 28"" x 56"" x 17""",finished_good,final_assembly,fin_prefix,2,0,2,dry_run
would_assign,FIN-OCN-COF-TAB-36X36,"OCEAN COFFEE TABLE 36"" x 36"" x 17""",finished_good,final_assembly,fin_prefix,2,0,2,dry_run
would_assign,FIN-OCN-COF-TAB-36X56,"OCEAN COFFEE TABLE 36"" x 56"" x 17""",finished_good,final_assembly,fin_prefix,2,0,2,dry_run
would_assign,FIN-OCN-COF-TAB-36X72,"OCEAN COFFEE TABLE 36"" x 72"" x 17""",finished_good,final_assembly,fin_prefix,2,0,2,dry_run
would_assign,FIN-OCN-COF-TAB-42X28,OCEAN COFFEE TABLE 28 X 42,finished_good,final_assembly,fin_prefix,2,0,2,dry_run
would_assign,FIN-OCN-COF-TAB-42X42,"OCEAN COFFEE TABLE 42"" x 42"" x 17""",finished_good,final_assembly,fin_prefix,2,0,2,dry_run
would_assign,FIN-OCN-COF-TAB-42X56,"OCEAN COFFEE TABLE 42"" x 56"" x 17""",finished_good,final_assembly,fin_prefix,2,0,2,dry_run
would_assign,FIN-OCN-COF-TAB-42X72,"OCEAN COFFEE TABLE 42"" x 72"" x 17""",finished_good,final_assembly,fin_prefix,2,0,2,dry_run
would_assign,FIN-OCN-COF-TAB-56X28,OCEAN COFFEE TABLE 28 X 56,finished_good,final_assembly,fin_prefix,2,0,2,dry_run
would_assign,FIN-OCN-COF-TAB-56X36,OCEAN COFFEE TABLE 36 X 56,finished_good,final_assembly,fin_prefix,2,0,2,dry_run
would_assign,FIN-OCN-COF-TAB-56X42,OCEAN COFFEE TABLE 42 X 56,finished_good,final_assembly,fin_prefix,2,0,2,dry_run
would_assign,FIN-OCN-COF-TAB-56X56,"OCEAN COFFEE TABLE 56"" x 56"" x 17""",finished_good,final_assembly,fin_prefix,2,0,2,dry_run
would_assign,FIN-OCN-COF-TAB-56X72,"OCEAN COFFEE TABLE 56"" x 72"" x 17""",finished_good,final_assembly,fin_prefix,2,0,2,dry_run
would_assign,FIN-OCN-COF-TAB-72X36,OCEAN COFFEE TABLE 36 X 72,finished_good,final_assembly,fin_prefix,2,0,2,dry_run
would_assign,FIN-OCN-COF-TAB-72X42,OCEAN COFFEE TABLE 42 X 72,finished_good,final_assembly,fin_prefix,2,0,2,dry_run
would_assign,FIN-OCN-COF-TAB-72X56,OCEAN COFFEE TABLE 56 X 72,finished_good,final_assembly,fin_prefix,2,0,2,dry_run
would_assign,FIN-OCN-DOU-CHS-58X79,"OCEAN DOUBLE CHAISE LOUNGE 58"" x 79"" x 14"" SH",finished_good,final_assembly,fin_prefix,2,0,2,dry_run
would_assign,FIN-OCN-LOV-SOF-60X38,"OCEAN LOVESEAT 60"" x 38"" x 33"" BH",finished_good,final_assembly,fin_prefix,2,0,2,dry_run
would_assign,FIN-OCN-MIN-LOV,Ocean Mini Loveseat,finished_good,final_assembly,fin_prefix,2,0,2,dry_run
would_assign,FIN-OCN-MIN-LOV-48X38,"OCEAN MINI LOVESEAT 48"" x 38"" x 33"" BH",finished_good,final_assembly,fin_prefix,2,0,2,dry_run
would_assign,FIN-OCN-MIN-LOV-60X48,OCEAN MINI LOVESEAT 48,finished_good,final_assembly,fin_prefix,2,0,2,dry_run
would_assign,FIN-OCN-OTT-30X22,"OCEAN OTTOMAN 30"" x 22"" x 16""",finished_good,final_assembly,fin_prefix,2,0,2,dry_run
would_assign,FIN-OCN-OTT-42X22,"OCEAN OTTOMAN 42"" x 22"" x 16""",finished_good,final_assembly,fin_prefix,2,0,2,dry_run
would_assign,FIN-OCN-OTT-60X22,"OCEAN OTTOMAN 60"" x 22"" x 16""",finished_good,final_assembly,fin_prefix,2,0,2,dry_run
would_assign,FIN-OCN-OTT-72X22,"OCEAN OTTOMAN 72"" x 22"" x 16""",finished_good,final_assembly,fin_prefix,2,0,2,dry_run
would_assign,FIN-OCN-SGL-CHS-36X79,"OCEAN SINGLE CHAISE LOUNGE 36"" x 79"" x 14"" SH",finished_good,final_assembly,fin_prefix,2,0,2,dry_run
would_assign,FIN-OCN-SID-TAB-12,ANGULAR SIDE TABLE,finished_good,final_assembly,fin_prefix,2,0,2,dry_run
would_assign,FIN-OCN-SID-TAB-13X30,"U SIDE TABLE 13"" x 30"" x 21""",finished_good,final_assembly,fin_prefix,2,0,2,dry_run
would_assign,FIN-OCN-SID-TAB-20X20,"OCEAN SIDE TABLE 20"" x 20"" x 17""",finished_good,final_assembly,fin_prefix,2,0,2,dry_run
would_assign,FIN-OCN-SID-TAB-32X32,"TRIANGLE SIDE TABLE 32"" x 32"" x 17""",finished_good,final_assembly,fin_prefix,2,0,2,dry_run
would_assign,FIN-OCN-SID-TAB-36X17,"OCEAN ROUND SIDE TABLE 36"" x 17""",finished_good,final_assembly,fin_prefix,2,0,2,dry_run
would_assign,FIN-OCN-SID-TAB-36X36,OCEAN ROUND SIDE TABLE 36,finished_good,final_assembly,fin_prefix,2,0,2,dry_run
would_assign,FIN-OCN-SID-TAB-42,Ocean Round Side Table 42,finished_good,final_assembly,fin_prefix,2,0,2,dry_run
would_assign,FIN-OCN-SOF-72X38,"OCEAN SOFA 72"" x 38"" x 33"" BH",finished_good,final_assembly,fin_prefix,2,0,2,dry_run
would_assign,FIN-OCN-SOF-84X38,"OCEAN SOFA 84"" x 38"" x 33"" BH",finished_good,final_assembly,fin_prefix,2,0,2,dry_run
would_assign,FIN-OCN-SOF-96X38,"OCEAN SOFA 96"" x 38"" x 33"" BH",finished_good,final_assembly,fin_prefix,2,0,2,dry_run
would_assign,FIN-OCN-SWV-CHA,Ocean Swivel Chair,finished_good,final_assembly,fin_prefix,2,0,2,dry_run
would_assign,FIN-OCN-SWV-CHA-34X34,OCEAN SWIVEL CHAIR 34,finished_good,final_assembly,fin_prefix,2,0,2,dry_run
would_assign,FIN-OCN-SWV-CHA-34X38,"OCEAN SWIVEL CHAIR 34"" x 38"" x 33"" BH",finished_good,final_assembly,fin_prefix,2,0,2,dry_run
would_assign,FIN-OCN-TAB-13X30,"T TABLE 13"" x 30"" x 16""",finished_good,final_assembly,fin_prefix,2,0,2,dry_run
would_assign,FIN-OCN-TAB-34X12,"FLY TABLE 34"" X 12""",finished_good,final_assembly,fin_prefix,2,0,2,dry_run
would_assign,FIN-OCN-TAB-72X12,"FLY TABLE 72"" X 12""",finished_good,final_assembly,fin_prefix,2,0,2,dry_run
would_assign,FIN-OCN-TAB-84X12,"FLY TABLE 84"" X 12""",finished_good,final_assembly,fin_prefix,2,0,2,dry_run
would_assign,FIN-OCN-TAB-96X12,"FLY TABLE 96"" X 12""",finished_good,final_assembly,fin_prefix,2,0,2,dry_run
would_assign,FIN-STA-BAR-TAB-36X36,STAR LEG TABLE (BAR HEIGHT) 36 X 36,finished_good,final_assembly,fin_prefix,2,0,2,dry_run
would_assign,FIN-STA-BAR-TAB-42X42,STAR LEG TABLE (BAR HEIGHT) 42 X 42,finished_good,final_assembly,fin_prefix,2,0,2,dry_run
would_assign,FIN-STA-BAR-TAB-72X36,STAR LEG TABLE (BAR HEIGHT) 36 X 72,finished_good,final_assembly,fin_prefix,2,0,2,dry_run
would_assign,FIN-STA-CNT-TAB-36X36,STAR LEG TABLE (COUNTER HEIGHT) 36 X 36,finished_good,final_assembly,fin_prefix,2,0,2,dry_run
would_assign,FIN-STA-CNT-TAB-42X42,STAR LEG TABLE (COUNTER HEIGHT) 42 X 42,finished_good,final_assembly,fin_prefix,2,0,2,dry_run
would_assign,FIN-STA-CNT-TAB-72X36,STAR LEG TABLE (COUNTER HEIGHT) 36 X 72,finished_good,final_assembly,fin_prefix,2,0,2,dry_run
would_assign,FIN-STA-DIN-TAB-36X36,STAR LEG TABLE (DINING HEIGHT) 36 X 36,finished_good,final_assembly,fin_prefix,2,0,2,dry_run
would_assign,FIN-STA-DIN-TAB-42X42,STAR LEG TABLE (DINING HEIGHT) 42 X 42,finished_good,final_assembly,fin_prefix,2,0,2,dry_run
would_assign,FIN-STA-DIN-TAB-72X36,STAR LEG TABLE (DINING HEIGHT) 36 X 72,finished_good,final_assembly,fin_prefix,2,0,2,dry_run
would_assign,FIN-TAY-BAR-W-ARM-COU-HEI,TAYLOR BARSTOOL W/ARMS (COUNTER HEIGHT),finished_good,final_assembly,fin_prefix,2,0,2,dry_run
would_assign,FIN-TAY-BCH-24X23,"TAYLOR BENCH (BAR HEIGHT) 24"" x 23"" x 42"" SH",finished_good,final_assembly,fin_prefix,2,0,2,dry_run
would_assign,FIN-TAY-BCH-42X23,"TAYLOR BENCH (COUNTER HEIGHT) 42"" x 23"" x 24"" SH",finished_good,final_assembly,fin_prefix,2,0,2,dry_run
would_assign,FIN-TAY-BCH-72X23,"TAYLOR BENCH (BAR HEIGHT) 72"" x 23"" x 30"" SH",finished_good,final_assembly,fin_prefix,2,0,2,dry_run
would_assign,FIN-TAY-BEN-BAR-HEI-72,TAYLOR BENCH (BAR HEIGHT) 72,finished_good,final_assembly,fin_prefix,2,0,2,dry_run
would_assign,FIN-TAY-BEN-DIN-HEI-42,TAYLOR BENCH (DINING HEIGHT) 42,finished_good,final_assembly,fin_prefix,2,0,2,dry_run
would_assign,FIN-TAY-BEN-DIN-HEI-72,TAYLOR BENCH (DINING HEIGHT) 72,finished_good,final_assembly,fin_prefix,2,0,2,dry_run
would_assign,FIN-TAY-BST-18X23,TAYLOR BARSTOOL (COUNTER HEIGHT),finished_good,final_assembly,fin_prefix,2,0,2,dry_run
would_assign,FIN-TAY-BST-19X23,"TAYLOR BARSTOOL (BAR HEIGHT) 19"" x 23"" x 30"" SH",finished_good,final_assembly,fin_prefix,2,0,2,dry_run
would_assign,FIN-TAY-BST-24X23,"TAYLOR BARSTOOL w/ARMS (BAR HEIGHT) 24"" x 23"" x 30"" SH",finished_good,final_assembly,fin_prefix,2,0,2,dry_run
would_assign,FIN-TAY-DIN-CHA-19X23,TAYLOR CHAIR (DINING HEIGHT),finished_good,final_assembly,fin_prefix,2,0,2,dry_run
would_assign,FIN-TAY-DIN-CHA-24X23,"TAYLOR CHAIR w/ARMS (DINING HEIGHT) 24"" x 23"" x 18"" SH",finished_good,final_assembly,fin_prefix,2,0,2,dry_run
would_assign,FIN-TJM-CHA,FREELO CHAIR SPLASH,finished_good,final_assembly,fin_prefix,2,0,2,dry_run
would_assign,FIN-TJM-MIS,"LAYLO LOUNGER, NO RISERS",finished_good,final_assembly,fin_prefix,2,0,2,dry_run
would_assign,FIN-TJM-MIS-12X17,"TWO SHAYZ LOUNGERS & TWO SETS OF 12"" RISERS FOR 17"" DEPTH",finished_good,final_assembly,fin_prefix,2,0,2,dry_run
would_assign,FIN-TJM-MIS-13,"TWO SHAYZ LOUNGERS & TWO SETS OF 8"" RISERS, FOR 13"" DEPTH",finished_good,final_assembly,fin_prefix,2,0,2,dry_run
would_assign,FIN-TJM-TAB,Ripple Table,finished_good,final_assembly,fin_prefix,2,0,2,dry_run
would_assign,FIN-TRI-SID-TAB-32X32,TRIANGLE SIDE TABLE,finished_good,final_assembly,fin_prefix,2,0,2,dry_run
would_assign,FIN-UNF-DEK-SLA,UNFABRICATED DEKTON SLAB,finished_good,final_assembly,fin_prefix,2,0,2,dry_run
would_assign,FIN-WEA-COV,WEATHERPROOF COVERS,finished_good,final_assembly,fin_prefix,2,0,2,dry_run
would_assign,FIN-WFT-BAR-TAB-120X28,WATERFALL TABLE (BAR HEIGHT) 28 X 120,finished_good,final_assembly,fin_prefix,2,0,2,dry_run
would_assign,FIN-WFT-BAR-TAB-120X36,WATERFALL TABLE (BAR HEIGHT) 36 X 120,finished_good,final_assembly,fin_prefix,2,0,2,dry_run
would_assign,FIN-WFT-BAR-TAB-28X120,"WATERFALL TABLE (BAR HEIGHT) 28"" x 120"" x 42""",finished_good,final_assembly,fin_prefix,2,0,2,dry_run
would_assign,FIN-WFT-BAR-TAB-28X72,"WATERFALL TABLE (BAR HEIGHT) 28"" x 72"" x 42""",finished_good,final_assembly,fin_prefix,2,0,2,dry_run
would_assign,FIN-WFT-BAR-TAB-28X96,"WATERFALL TABLE (BAR HEIGHT) 28"" x 96"" x 42""",finished_good,final_assembly,fin_prefix,2,0,2,dry_run
would_assign,FIN-WFT-BAR-TAB-36X120,"WATERFALL TABLE (BAR HEIGHT) 36"" x 120"" x 42""",finished_good,final_assembly,fin_prefix,2,0,2,dry_run
would_assign,FIN-WFT-BAR-TAB-36X72,"WATERFALL TABLE (BAR HEIGHT) 36"" x 72"" x 42""",finished_good,final_assembly,fin_prefix,2,0,2,dry_run
would_assign,FIN-WFT-BAR-TAB-36X96,"WATERFALL TABLE (BAR HEIGHT) 36"" x 96"" x 42""",finished_good,final_assembly,fin_prefix,2,0,2,dry_run
would_assign,FIN-WFT-BAR-TAB-72X28,WATERFALL TABLE (BAR HEIGHT) 28 X 72,finished_good,final_assembly,fin_prefix,2,0,2,dry_run
would_assign,FIN-WFT-BAR-TAB-72X36,WATERFALL TABLE (BAR HEIGHT) 36 X 72,finished_good,final_assembly,fin_prefix,2,0,2,dry_run
would_assign,FIN-WFT-BAR-TAB-96X28,WATERFALL TABLE (BAR HEIGHT) 28 X 96,finished_good,final_assembly,fin_prefix,2,0,2,dry_run
would_assign,FIN-WFT-BAR-TAB-96X36,WATERFALL TABLE (BAR HEIGHT) 36 X 96,finished_good,final_assembly,fin_prefix,2,0,2,dry_run
would_assign,FIN-WFT-BCH-42X18,"FLY LEG BENCH (DINING HEIGHT) 42"" x 18"" x 18"" SH",finished_good,final_assembly,fin_prefix,2,0,2,dry_run
would_assign,FIN-WFT-CNT-TAB-120X28,WATERFALL TABLE (COUNTER HEIGHT) 28 X 120,finished_good,final_assembly,fin_prefix,2,0,2,dry_run
would_assign,FIN-WFT-CNT-TAB-120X36,WATERFALL TABLE (COUNTER HEIGHT) 36 X 120,finished_good,final_assembly,fin_prefix,2,0,2,dry_run
would_assign,FIN-WFT-CNT-TAB-28X120,"WATERFALL TABLE (COUNTER HEIGHT) 28"" x 120"" x 36""",finished_good,final_assembly,fin_prefix,2,0,2,dry_run
would_assign,FIN-WFT-CNT-TAB-28X72,"WATERFALL TABLE (COUNTER HEIGHT) 28"" x 72"" x 36""",finished_good,final_assembly,fin_prefix,2,0,2,dry_run
would_assign,FIN-WFT-CNT-TAB-28X96,"WATERFALL TABLE (COUNTER HEIGHT) 28"" x 96"" x 36""",finished_good,final_assembly,fin_prefix,2,0,2,dry_run
would_assign,FIN-WFT-CNT-TAB-36X120,"WATERFALL TABLE (COUNTER HEIGHT) 36"" x 120"" x 36""",finished_good,final_assembly,fin_prefix,2,0,2,dry_run
would_assign,FIN-WFT-CNT-TAB-36X72,"WATERFALL TABLE (COUNTER HEIGHT) 36"" x 72"" x 36""",finished_good,final_assembly,fin_prefix,2,0,2,dry_run
would_assign,FIN-WFT-CNT-TAB-36X96,"WATERFALL TABLE (COUNTER HEIGHT) 36"" x 96"" x 36""",finished_good,final_assembly,fin_prefix,2,0,2,dry_run
would_assign,FIN-WFT-CNT-TAB-72X28,WATERFALL TABLE (COUNTER HEIGHT) 28 X 72,finished_good,final_assembly,fin_prefix,2,0,2,dry_run
would_assign,FIN-WFT-CNT-TAB-72X36,WATERFALL TABLE (COUNTER HEIGHT) 36 X 72,finished_good,final_assembly,fin_prefix,2,0,2,dry_run
would_assign,FIN-WFT-CNT-TAB-96X28,WATERFALL TABLE (COUNTER HEIGHT) 28 X 96,finished_good,final_assembly,fin_prefix,2,0,2,dry_run
would_assign,FIN-WFT-CNT-TAB-96X36,WATERFALL TABLE (COUNTER HEIGHT) 36 X 96,finished_good,final_assembly,fin_prefix,2,0,2,dry_run
would_assign,FIN-WFT-DIN-BCH-72X22,"DINING BENCH w/NO ARMS 72"" x 22"" x 18"" SH",finished_good,final_assembly,fin_prefix,2,0,2,dry_run
would_assign,FIN-WFT-DIN-BCH-96X22,"DINING BENCH w/NO ARMS 96"" x 22"" x 18"" SH",finished_good,final_assembly,fin_prefix,2,0,2,dry_run
would_assign,FIN-WFT-DIN-CHA-17X21,"HALF BACK CHAIR (DINING HEIGHT) 17"" x 21"" x 18"" SH",finished_good,final_assembly,fin_prefix,2,0,2,dry_run
would_assign,FIN-WFT-DIN-CHA-18X18,"FLY LEG CHAIR (DINING HEIGHT) 18"" x 18"" x 18"" SH",finished_good,final_assembly,fin_prefix,2,0,2,dry_run
would_assign,FIN-WFT-DIN-TAB-120X28,WATERFALL TABLE (DINING HEIGHT) 28 X 120,finished_good,final_assembly,fin_prefix,2,0,2,dry_run
would_assign,FIN-WFT-DIN-TAB-120X36,WATERFALL TABLE (DINING HEIGHT) 36 X 120,finished_good,final_assembly,fin_prefix,2,0,2,dry_run
would_assign,FIN-WFT-DIN-TAB-28X120,"WATERFALL TABLE (DINING HEIGHT) 28"" x 120"" x 30""",finished_good,final_assembly,fin_prefix,2,0,2,dry_run
would_assign,FIN-WFT-DIN-TAB-28X72,"WATERFALL TABLE (DINING HEIGHT) 28"" x 72"" x 30""",finished_good,final_assembly,fin_prefix,2,0,2,dry_run
would_assign,FIN-WFT-DIN-TAB-28X96,"WATERFALL TABLE (DINING HEIGHT) 28"" x 96"" x 30""",finished_good,final_assembly,fin_prefix,2,0,2,dry_run
would_assign,FIN-WFT-DIN-TAB-36X120,"WATERFALL TABLE (DINING HEIGHT) 36"" x 120"" x 30""",finished_good,final_assembly,fin_prefix,2,0,2,dry_run
would_assign,FIN-WFT-DIN-TAB-36X72,"WATERFALL TABLE (DINING HEIGHT) 36"" x 72"" x 30""",finished_good,final_assembly,fin_prefix,2,0,2,dry_run
would_assign,FIN-WFT-DIN-TAB-36X96,"WATERFALL TABLE (DINING HEIGHT) 36"" x 96"" x 30""",finished_good,final_assembly,fin_prefix,2,0,2,dry_run
would_assign,FIN-WFT-DIN-TAB-72X28,Waterfall Dining Table 72x28,finished_good,final_assembly,fin_prefix,2,0,2,dry_run
would_assign,FIN-WFT-DIN-TAB-72X36,WATERFALL TABLE (DINING HEIGHT) 36 X 72,finished_good,final_assembly,fin_prefix,2,0,2,dry_run
would_assign,FIN-WFT-DIN-TAB-96X28,WATERFALL TABLE (DINING HEIGHT) 28 X 96,finished_good,final_assembly,fin_prefix,2,0,2,dry_run
would_assign,FIN-WFT-DIN-TAB-96X36,WATERFALL TABLE (DINING HEIGHT) 36 X 96,finished_good,final_assembly,fin_prefix,2,0,2,dry_run
would_assign,FIN-WFT-FIR-TAB-56X36,"WATERFALL FIRE PIT TABLE 56"" x 36"" x 16""",finished_good,final_assembly,fin_prefix,2,0,2,dry_run
would_assign,FIN-WFT-FIR-TAB-72X36,"WATERFALL FIRE PIT TABLE 72"" x 36"" x 16""",finished_good,final_assembly,fin_prefix,2,0,2,dry_run
would_assign,FIN-WFT-FLY-BST-17X21,"HALF BACK BARSTOOL (BAR HEIGHT) 17"" x 21"" x 30"" SH",finished_good,final_assembly,fin_prefix,2,0,2,dry_run
would_assign,FIN-WFT-FLY-BST-18X18,"FLY LEG BARSTOOL (BAR HEIGHT) 18"" x 18"" x 30"" SH",finished_good,final_assembly,fin_prefix,2,0,2,dry_run
would_assign,FIN-WFT-SID-TAB-13X40,WATERFALL SIDE TABLE 40X13,finished_good,final_assembly,fin_prefix,2,0,2,dry_run
would_assign,FIN-WFT-SID-TAB-40X13,"WATERFALL SIDE TABLE 40"" x 13"" x 12""",finished_good,final_assembly,fin_prefix,2,0,2,dry_run
skipped_no_track,FRP-HPC-311TC,"THERMOCOUPLE 36"" — FOR EI/HWI UNITS AND FPPK BLOWOUT BOX",finished_good,,unmatched_family,0,0,0,dry_run
skipped_no_track,FRP-HPC-FPGLBLACK,FIRE GLASS BLACK,finished_good,,unmatched_family,0,0,0,dry_run
skipped_no_track,FRP-HPC-FPGLBLACKREFL,FIRE GLASS BLACK REFLECTIVE,finished_good,,unmatched_family,0,0,0,dry_run
skipped_no_track,FRP-HPC-FPGLBRONZE,FIRE GLASS BRONZE,finished_good,,unmatched_family,0,0,0,dry_run
skipped_no_track,FRP-HPC-FPGLCOBALTBLUE,FIRE GLASS COBALT BLUE,finished_good,,unmatched_family,0,0,0,dry_run
skipped_no_track,FRP-HPC-FPGLCOPPER,FIRE GLASS COPPER,finished_good,,unmatched_family,0,0,0,dry_run
skipped_no_track,FRP-HPC-FPGLGRAYREFLEC,FIRE GLASS GRAY REFLECTIVE,finished_good,,unmatched_family,0,0,0,dry_run
skipped_no_track,FRP-HPC-GSKIT,GS KIT,finished_good,,unmatched_family,0,0,0,dry_run
skipped_no_track,FRP-HPC-MLFPK18SQBLFLEXLP,"18"" SQUARE BOWL — MATCH LIT (PRIOR LINE, NON-TORPEDO)",finished_good,,unmatched_family,0,0,0,dry_run
skipped_no_track,FRP-HPC-MLFPK36TRGHFLEXNG,"36"" LINEAR TROUGH — MATCH LIT (PRIOR LINE)",finished_good,,unmatched_family,0,0,0,dry_run
skipped_no_track,FRP-HPC-TANKSHORIZONTAL,TANKS HORIZONTAL,finished_good,,unmatched_family,0,0,0,dry_run
skipped_no_track,FRP-HPC-TANKSVERTICAL,TANKS VERTICAL,finished_good,,unmatched_family,0,0,0,dry_run
skipped_no_track,FRP-HPC-TOR42X14SSEIHHILONG120V,"42 × 14"" RECTANGLE BOWL PAN — BLUETOOTH W/APP, HI/LO",finished_good,,unmatched_family,0,0,0,dry_run
skipped_no_track,FRP-HPC-TORFPPK18SQBLFLEXLP,"18"" SQUARE BOWL — SST TORPEDO PUSH BUTTON/FLAME SENSING",finished_good,,unmatched_family,0,0,0,dry_run
skipped_no_track,FRP-HPC-TORFPPK36SQBLFLEXNG,"36"" SQUARE BOWL — SST TORPEDO PUSH BUTTON/FLAME SENSING",finished_good,,unmatched_family,0,0,0,dry_run
skipped_no_track,FRP-HPC-TORFPPK48TRGHFLEXNG,"48"" LINEAR TROUGH — SST TORPEDO PUSH BUTTON/FLAME SENSING",finished_good,,unmatched_family,0,0,0,dry_run
skipped_no_track,FRP-HPC-TORFPPK60TRGHFLEXNG,"60"" LINEAR TROUGH — SST TORPEDO PUSH BUTTON/FLAME SENSING",finished_good,,unmatched_family,0,0,0,dry_run
skipped_no_track,FRP-HPC-TORFPPK72TRGHFLEXNG,"72"" LINEAR TROUGH — SST TORPEDO PUSH BUTTON/FLAME SENSING",finished_good,,unmatched_family,0,0,0,dry_run
skipped_no_track,FRP-HPC-TORFPSTRGH72LP,"72"" TROUGH BURNER KIT — SST TORPEDO (BURNER ONLY)",finished_good,,unmatched_family,0,0,0,dry_run
skipped_no_track,FRP-HPC-TORMLFPK18SQBLFLEXNG,"18"" SQUARE BOWL — SST TORPEDO MATCH LIT",finished_good,,unmatched_family,0,0,0,dry_run
skipped_no_track,FRP-HPC-TORMLFPK24SQFLEXLP,"24"" SQUARE FLAT PAN — SST TORPEDO MATCH LIT",finished_good,,unmatched_family,0,0,0,dry_run
skipped_no_track,FRP-HPC-TORMLFPK36TRGHFLEXNG,"36"" LINEAR TROUGH — SST TORPEDO MATCH LIT",finished_good,,unmatched_family,0,0,0,dry_run
skipped_no_track,FRP-HPC-TORMLFPK48TRGHFLEXLP,"48"" LINEAR TROUGH — SST TORPEDO MATCH LIT",finished_good,,unmatched_family,0,0,0,dry_run
skipped_no_track,FRP-HPC-WG37X19RECT,"WIND GUARD RECTANGULAR 37"" × 19""",finished_good,,unmatched_family,0,0,0,dry_run
skipped_no_track,FUR-TNJ-BAJCLUCHACB,TENJAM BAJA CLUB CHAIR CLOUD BLUE,finished_good,,unmatched_family,0,0,0,dry_run
skipped_no_track,FUR-TNJ-BAJCLUCHACG,TENJAM BAJA CLUB CHAIR CLOUD GRAY,finished_good,,unmatched_family,0,0,0,dry_run
skipped_no_track,FUR-TNJ-BAJCLUCHACH,TENJAM BAJA CLUB CHAIR CRYSTAL HONEY,finished_good,,unmatched_family,0,0,0,dry_run
skipped_no_track,FUR-TNJ-BAJCLUCHACT,TENJAM BAJA CLUB CHAIR CRYSTAL TOPAZ,finished_good,,unmatched_family,0,0,0,dry_run
skipped_no_track,FUR-TNJ-BAJLOUTABCB,TENJAM BAJA LOUNGE TABLE CLOUD BLUE,finished_good,,unmatched_family,0,0,0,dry_run
skipped_no_track,FUR-TNJ-BAJLOUTABCG,TENJAM BAJA LOUNGE TABLE CLOUD GRAY,finished_good,,unmatched_family,0,0,0,dry_run
skipped_no_track,FUR-TNJ-BAJLOUTABCH,TENJAM BAJA LOUNGE TABLE CRYSTAL HONEY,finished_good,,unmatched_family,0,0,0,dry_run
skipped_no_track,FUR-TNJ-BAJLOUTABCT,TENJAM BAJA LOUNGE TABLE CRYSTAL TOPAZ,finished_good,,unmatched_family,0,0,0,dry_run
skipped_no_track,FUR-TNJ-BAJSIDTABSTOCB,TENJAM BAJA SIDE TABLE/STOOL CLOUD BLUE,finished_good,,unmatched_family,0,0,0,dry_run
skipped_no_track,FUR-TNJ-BAJSIDTABSTOCG,TENJAM BAJA SIDE TABLE/STOOL CLOUD GRAY,finished_good,,unmatched_family,0,0,0,dry_run
skipped_no_track,FUR-TNJ-BAJSIDTABSTOCH,TENJAM BAJA SIDE TABLE/STOOL CRYSTAL HONEY,finished_good,,unmatched_family,0,0,0,dry_run
skipped_no_track,FUR-TNJ-BAJSIDTABSTOCT,TENJAM BAJA SIDE TABLE/STOOL CRYSTAL TOPAZ,finished_good,,unmatched_family,0,0,0,dry_run
skipped_no_track,FUR-TNJ-BAJSTUCHACB,TENJAM BAJA STUDIO CHAIR CLOUD BLUE,finished_good,,unmatched_family,0,0,0,dry_run
skipped_no_track,FUR-TNJ-BAJSTUCHACG,TENJAM BAJA STUDIO CHAIR CLOUD GRAY,finished_good,,unmatched_family,0,0,0,dry_run
skipped_no_track,FUR-TNJ-BAJSTUCHACH,TENJAM BAJA STUDIO CHAIR CRYSTAL HONEY,finished_good,,unmatched_family,0,0,0,dry_run
skipped_no_track,FUR-TNJ-BAJSTUCHACT,TENJAM BAJA STUDIO CHAIR CRYSTAL TOPAZ,finished_good,,unmatched_family,0,0,0,dry_run
skipped_no_track,FUR-TNJ-DRIDS,TENJAM DRIFT DESERT SANDSTONE,finished_good,,unmatched_family,0,0,0,dry_run
skipped_no_track,FUR-TNJ-DRIGG,TENJAM DRIFT GRAY GRANITE,finished_good,,unmatched_family,0,0,0,dry_run
skipped_no_track,FUR-TNJ-DRILB,TENJAM DRIFT LIGHT BLUE,finished_good,,unmatched_family,0,0,0,dry_run
skipped_no_track,FUR-TNJ-DRIRR,TENJAM DRIFT RIVER ROCK,finished_good,,unmatched_family,0,0,0,dry_run
skipped_no_track,FUR-TNJ-DRISB,TENJAM DRIFT SURF BLUE,finished_good,,unmatched_family,0,0,0,dry_run
skipped_no_track,FUR-TNJ-DRISW,TENJAM DRIFT SOLID WHITE,finished_good,,unmatched_family,0,0,0,dry_run
skipped_no_track,FUR-TNJ-DRIWG,TENJAM DRIFT WHITE GRANITE,finished_good,,unmatched_family,0,0,0,dry_run
skipped_no_track,FUR-TNJ-DRIYEL,TENJAM DRIFT YELLOW,finished_good,,unmatched_family,0,0,0,dry_run
skipped_no_track,FUR-TNJ-LAYLOUDS,TENJAM LAYLO LOUNGER DESERT SANDSTONE,finished_good,,unmatched_family,0,0,0,dry_run
skipped_no_track,FUR-TNJ-LAYLOUGG,TENJAM LAYLO LOUNGER GRAY GRANITE,finished_good,,unmatched_family,0,0,0,dry_run
skipped_no_track,FUR-TNJ-LAYLOULB,TENJAM LAYLO LOUNGER LIGHT BLUE,finished_good,,unmatched_family,0,0,0,dry_run
skipped_no_track,FUR-TNJ-LAYLOURR,TENJAM LAYLO LOUNGER RIVER ROCK,finished_good,,unmatched_family,0,0,0,dry_run
skipped_no_track,FUR-TNJ-LAYLOUSB,TENJAM LAYLO LOUNGER SURF BLUE,finished_good,,unmatched_family,0,0,0,dry_run
skipped_no_track,FUR-TNJ-LAYLOUSW,TENJAM LAYLO LOUNGER SOLID WHITE,finished_good,,unmatched_family,0,0,0,dry_run
skipped_no_track,FUR-TNJ-LAYLOUW4RISDS,"TENJAM LAYLO LOUNGER W/ 4"" RISER DESERT SANDSTONE",finished_good,,unmatched_family,0,0,0,dry_run
skipped_no_track,FUR-TNJ-LAYLOUW4RISGG,"TENJAM LAYLO LOUNGER W/ 4"" RISER GRAY GRANITE",finished_good,,unmatched_family,0,0,0,dry_run
skipped_no_track,FUR-TNJ-LAYLOUW4RISLB,"TENJAM LAYLO LOUNGER W/ 4"" RISER LIGHT BLUE",finished_good,,unmatched_family,0,0,0,dry_run
skipped_no_track,FUR-TNJ-LAYLOUW4RISRR,"TENJAM LAYLO LOUNGER W/ 4"" RISER RIVER ROCK",finished_good,,unmatched_family,0,0,0,dry_run
skipped_no_track,FUR-TNJ-LAYLOUW4RISSB,"TENJAM LAYLO LOUNGER W/ 4"" RISER SURF BLUE",finished_good,,unmatched_family,0,0,0,dry_run
skipped_no_track,FUR-TNJ-LAYLOUW4RISSW,"TENJAM LAYLO LOUNGER W/ 4"" RISER SOLID WHITE",finished_good,,unmatched_family,0,0,0,dry_run
skipped_no_track,FUR-TNJ-LAYLOUW4RISWG,"TENJAM LAYLO LOUNGER W/ 4"" RISER WHITE GRANITE",finished_good,,unmatched_family,0,0,0,dry_run
skipped_no_track,FUR-TNJ-LAYLOUW4RISYEL,"TENJAM LAYLO LOUNGER W/ 4"" RISER YELLOW",finished_good,,unmatched_family,0,0,0,dry_run
skipped_no_track,FUR-TNJ-LAYLOUWG,TENJAM LAYLO LOUNGER WHITE GRANITE,finished_good,,unmatched_family,0,0,0,dry_run
skipped_no_track,FUR-TNJ-LAYLOUYEL,TENJAM LAYLO LOUNGER YELLOW,finished_good,,unmatched_family,0,0,0,dry_run
skipped_no_track,FUR-TNJ-LAYRISSET4DS,"TENJAM LAYLO RISER SET 4"" DESERT SANDSTONE",finished_good,,unmatched_family,0,0,0,dry_run
skipped_no_track,FUR-TNJ-LAYRISSET4GG,"TENJAM LAYLO RISER SET 4"" GRAY GRANITE",finished_good,,unmatched_family,0,0,0,dry_run
skipped_no_track,FUR-TNJ-LAYRISSET4LB,"TENJAM LAYLO RISER SET 4"" LIGHT BLUE",finished_good,,unmatched_family,0,0,0,dry_run
skipped_no_track,FUR-TNJ-LAYRISSET4RR,"TENJAM LAYLO RISER SET 4"" RIVER ROCK",finished_good,,unmatched_family,0,0,0,dry_run
skipped_no_track,FUR-TNJ-LAYRISSET4SB,"TENJAM LAYLO RISER SET 4"" SURF BLUE",finished_good,,unmatched_family,0,0,0,dry_run
skipped_no_track,FUR-TNJ-LAYRISSET4SW,"TENJAM LAYLO RISER SET 4"" SOLID WHITE",finished_good,,unmatched_family,0,0,0,dry_run
skipped_no_track,FUR-TNJ-LAYRISSET4WG,"TENJAM LAYLO RISER SET 4"" WHITE GRANITE",finished_good,,unmatched_family,0,0,0,dry_run
skipped_no_track,FUR-TNJ-LAYRISSET4YEL,"TENJAM LAYLO RISER SET 4"" YELLOW",finished_good,,unmatched_family,0,0,0,dry_run
skipped_no_track,FUR-TNJ-LAYSHAPILDS,TENJAM LAYLO/SHAYZ PILLOW DESERT SANDSTONE,finished_good,,unmatched_family,0,0,0,dry_run
skipped_no_track,FUR-TNJ-LAYSHAPILGG,TENJAM LAYLO/SHAYZ PILLOW GRAY GRANITE,finished_good,,unmatched_family,0,0,0,dry_run
skipped_no_track,FUR-TNJ-LAYSHAPILLB,TENJAM LAYLO/SHAYZ PILLOW LIGHT BLUE,finished_good,,unmatched_family,0,0,0,dry_run
skipped_no_track,FUR-TNJ-LAYSHAPILRR,TENJAM LAYLO/SHAYZ PILLOW RIVER ROCK,finished_good,,unmatched_family,0,0,0,dry_run
skipped_no_track,FUR-TNJ-LAYSHAPILSB,TENJAM LAYLO/SHAYZ PILLOW SURF BLUE,finished_good,,unmatched_family,0,0,0,dry_run
skipped_no_track,FUR-TNJ-LAYSHAPILSW,TENJAM LAYLO/SHAYZ PILLOW SOLID WHITE,finished_good,,unmatched_family,0,0,0,dry_run
skipped_no_track,FUR-TNJ-LAYSHAPILWG,TENJAM LAYLO/SHAYZ PILLOW WHITE GRANITE,finished_good,,unmatched_family,0,0,0,dry_run
skipped_no_track,FUR-TNJ-LAYSHAPILYEL,TENJAM LAYLO/SHAYZ PILLOW YELLOW,finished_good,,unmatched_family,0,0,0,dry_run
skipped_no_track,FUR-TNJ-PLADS,TENJAM PLANTER DESERT SANDSTONE,finished_good,,unmatched_family,0,0,0,dry_run
skipped_no_track,FUR-TNJ-PLAGG,TENJAM PLANTER GRAY GRANITE,finished_good,,unmatched_family,0,0,0,dry_run
skipped_no_track,FUR-TNJ-PLALB,TENJAM PLANTER LIGHT BLUE,finished_good,,unmatched_family,0,0,0,dry_run
skipped_no_track,FUR-TNJ-PLARR,TENJAM PLANTER RIVER ROCK,finished_good,,unmatched_family,0,0,0,dry_run
skipped_no_track,FUR-TNJ-PLASB,TENJAM PLANTER SURF BLUE,finished_good,,unmatched_family,0,0,0,dry_run
skipped_no_track,FUR-TNJ-PLASW,TENJAM PLANTER SOLID WHITE,finished_good,,unmatched_family,0,0,0,dry_run
skipped_no_track,FUR-TNJ-PLAWG,TENJAM PLANTER WHITE GRANITE,finished_good,,unmatched_family,0,0,0,dry_run
skipped_no_track,FUR-TNJ-PLAYEL,TENJAM PLANTER YELLOW,finished_good,,unmatched_family,0,0,0,dry_run
skipped_no_track,FUR-TNJ-RADPAD10PACDS,TENJAM RAD PADS (10-PACK) DESERT SANDSTONE,finished_good,,unmatched_family,0,0,0,dry_run
skipped_no_track,FUR-TNJ-RADPAD10PACGG,TENJAM RAD PADS (10-PACK) GRAY GRANITE,finished_good,,unmatched_family,0,0,0,dry_run
skipped_no_track,FUR-TNJ-RADPAD10PACLB,TENJAM RAD PADS (10-PACK) LIGHT BLUE,finished_good,,unmatched_family,0,0,0,dry_run
skipped_no_track,FUR-TNJ-RADPAD10PACRR,TENJAM RAD PADS (10-PACK) RIVER ROCK,finished_good,,unmatched_family,0,0,0,dry_run
skipped_no_track,FUR-TNJ-RADPAD10PACSB,TENJAM RAD PADS (10-PACK) SURF BLUE,finished_good,,unmatched_family,0,0,0,dry_run
skipped_no_track,FUR-TNJ-RADPAD10PACSW,TENJAM RAD PADS (10-PACK) SOLID WHITE,finished_good,,unmatched_family,0,0,0,dry_run
skipped_no_track,FUR-TNJ-RADPAD10PACWG,TENJAM RAD PADS (10-PACK) WHITE GRANITE,finished_good,,unmatched_family,0,0,0,dry_run
skipped_no_track,FUR-TNJ-RADPAD10PACYEL,TENJAM RAD PADS (10-PACK) YELLOW,finished_good,,unmatched_family,0,0,0,dry_run
skipped_no_track,FUR-TNJ-RIPSIDTABDS,TENJAM RIPPLE SIDE TABLE DESERT SANDSTONE,finished_good,,unmatched_family,0,0,0,dry_run
skipped_no_track,FUR-TNJ-RIPSIDTABGG,TENJAM RIPPLE SIDE TABLE GRAY GRANITE,finished_good,,unmatched_family,0,0,0,dry_run
skipped_no_track,FUR-TNJ-RIPSIDTABLB,TENJAM RIPPLE SIDE TABLE LIGHT BLUE,finished_good,,unmatched_family,0,0,0,dry_run
skipped_no_track,FUR-TNJ-RIPSIDTABRR,TENJAM RIPPLE SIDE TABLE RIVER ROCK,finished_good,,unmatched_family,0,0,0,dry_run
skipped_no_track,FUR-TNJ-RIPSIDTABSB,TENJAM RIPPLE SIDE TABLE SURF BLUE,finished_good,,unmatched_family,0,0,0,dry_run
skipped_no_track,FUR-TNJ-RIPSIDTABSW,TENJAM RIPPLE SIDE TABLE SOLID WHITE,finished_good,,unmatched_family,0,0,0,dry_run
skipped_no_track,FUR-TNJ-RIPSIDTABWG,TENJAM RIPPLE SIDE TABLE WHITE GRANITE,finished_good,,unmatched_family,0,0,0,dry_run
skipped_no_track,FUR-TNJ-RIPSIDTABYEL,TENJAM RIPPLE SIDE TABLE YELLOW,finished_good,,unmatched_family,0,0,0,dry_run
skipped_no_track,FUR-TNJ-RIPTALTABDS,TENJAM RIPPLE TALL TABLE DESERT SANDSTONE,finished_good,,unmatched_family,0,0,0,dry_run
skipped_no_track,FUR-TNJ-RIPTALTABGG,TENJAM RIPPLE TALL TABLE GRAY GRANITE,finished_good,,unmatched_family,0,0,0,dry_run
skipped_no_track,FUR-TNJ-RIPTALTABLB,TENJAM RIPPLE TALL TABLE LIGHT BLUE,finished_good,,unmatched_family,0,0,0,dry_run
skipped_no_track,FUR-TNJ-RIPTALTABRR,TENJAM RIPPLE TALL TABLE RIVER ROCK,finished_good,,unmatched_family,0,0,0,dry_run
skipped_no_track,FUR-TNJ-RIPTALTABSB,TENJAM RIPPLE TALL TABLE SURF BLUE,finished_good,,unmatched_family,0,0,0,dry_run
skipped_no_track,FUR-TNJ-RIPTALTABSW,TENJAM RIPPLE TALL TABLE SOLID WHITE,finished_good,,unmatched_family,0,0,0,dry_run
skipped_no_track,FUR-TNJ-RIPTALTABWG,TENJAM RIPPLE TALL TABLE WHITE GRANITE,finished_good,,unmatched_family,0,0,0,dry_run
skipped_no_track,FUR-TNJ-RIPTALTABYEL,TENJAM RIPPLE TALL TABLE YELLOW,finished_good,,unmatched_family,0,0,0,dry_run
skipped_no_track,FUR-TNJ-RIPTRADS,TENJAM RIPPLE TRAY DESERT SANDSTONE,finished_good,,unmatched_family,0,0,0,dry_run
skipped_no_track,FUR-TNJ-RIPTRAGG,TENJAM RIPPLE TRAY GRAY GRANITE,finished_good,,unmatched_family,0,0,0,dry_run
skipped_no_track,FUR-TNJ-RIPTRALB,TENJAM RIPPLE TRAY LIGHT BLUE,finished_good,,unmatched_family,0,0,0,dry_run
skipped_no_track,FUR-TNJ-RIPTRARR,TENJAM RIPPLE TRAY RIVER ROCK,finished_good,,unmatched_family,0,0,0,dry_run
skipped_no_track,FUR-TNJ-RIPTRASB,TENJAM RIPPLE TRAY SURF BLUE,finished_good,,unmatched_family,0,0,0,dry_run
skipped_no_track,FUR-TNJ-RIPTRASW,TENJAM RIPPLE TRAY SOLID WHITE,finished_good,,unmatched_family,0,0,0,dry_run
skipped_no_track,FUR-TNJ-RIPTRAWG,TENJAM RIPPLE TRAY WHITE GRANITE,finished_good,,unmatched_family,0,0,0,dry_run
skipped_no_track,FUR-TNJ-RIPTRAYEL,TENJAM RIPPLE TRAY YELLOW,finished_good,,unmatched_family,0,0,0,dry_run
skipped_no_track,FUR-TNJ-RIS4DS,"TENJAM RISER 4"" DESERT SANDSTONE",finished_good,,unmatched_family,0,0,0,dry_run
skipped_no_track,FUR-TNJ-RIS4GG,"TENJAM RISER 4"" GRAY GRANITE",finished_good,,unmatched_family,0,0,0,dry_run
skipped_no_track,FUR-TNJ-RIS4LB,"TENJAM RISER 4"" LIGHT BLUE",finished_good,,unmatched_family,0,0,0,dry_run
skipped_no_track,FUR-TNJ-RIS4RR,"TENJAM RISER 4"" RIVER ROCK",finished_good,,unmatched_family,0,0,0,dry_run
skipped_no_track,FUR-TNJ-RIS4SB,"TENJAM RISER 4"" SURF BLUE",finished_good,,unmatched_family,0,0,0,dry_run
skipped_no_track,FUR-TNJ-RIS4SW,"TENJAM RISER 4"" SOLID WHITE",finished_good,,unmatched_family,0,0,0,dry_run
skipped_no_track,FUR-TNJ-RIS4WG,"TENJAM RISER 4"" WHITE GRANITE",finished_good,,unmatched_family,0,0,0,dry_run
skipped_no_track,FUR-TNJ-RIS4YEL,"TENJAM RISER 4"" YELLOW",finished_good,,unmatched_family,0,0,0,dry_run
skipped_no_track,FUR-TNJ-RIS8DS,"TENJAM RISER 8"" DESERT SANDSTONE",finished_good,,unmatched_family,0,0,0,dry_run
skipped_no_track,FUR-TNJ-RIS8GG,"TENJAM RISER 8"" GRAY GRANITE",finished_good,,unmatched_family,0,0,0,dry_run
skipped_no_track,FUR-TNJ-RIS8LB,"TENJAM RISER 8"" LIGHT BLUE",finished_good,,unmatched_family,0,0,0,dry_run
skipped_no_track,FUR-TNJ-RIS8RR,"TENJAM RISER 8"" RIVER ROCK",finished_good,,unmatched_family,0,0,0,dry_run
skipped_no_track,FUR-TNJ-RIS8SB,"TENJAM RISER 8"" SURF BLUE",finished_good,,unmatched_family,0,0,0,dry_run
skipped_no_track,FUR-TNJ-RIS8SW,"TENJAM RISER 8"" SOLID WHITE",finished_good,,unmatched_family,0,0,0,dry_run
skipped_no_track,FUR-TNJ-RIS8WG,"TENJAM RISER 8"" WHITE GRANITE",finished_good,,unmatched_family,0,0,0,dry_run
skipped_no_track,FUR-TNJ-RIS8YEL,"TENJAM RISER 8"" YELLOW",finished_good,,unmatched_family,0,0,0,dry_run
skipped_no_track,FUR-TNJ-SHALOUDS,TENJAM SHAYZ LOUNGER DESERT SANDSTONE,finished_good,,unmatched_family,0,0,0,dry_run
skipped_no_track,FUR-TNJ-SHALOUGG,TENJAM SHAYZ LOUNGER GRAY GRANITE,finished_good,,unmatched_family,0,0,0,dry_run
skipped_no_track,FUR-TNJ-SHALOULB,TENJAM SHAYZ LOUNGER LIGHT BLUE,finished_good,,unmatched_family,0,0,0,dry_run
skipped_no_track,FUR-TNJ-SHALOUPUMNA,TENJAM SHAYZ LOUNGER PUMP,finished_good,,unmatched_family,0,0,0,dry_run
skipped_no_track,FUR-TNJ-SHALOURR,TENJAM SHAYZ LOUNGER RIVER ROCK,finished_good,,unmatched_family,0,0,0,dry_run
skipped_no_track,FUR-TNJ-SHALOUSB,TENJAM SHAYZ LOUNGER SURF BLUE,finished_good,,unmatched_family,0,0,0,dry_run
skipped_no_track,FUR-TNJ-SHALOUSW,TENJAM SHAYZ LOUNGER SOLID WHITE,finished_good,,unmatched_family,0,0,0,dry_run
skipped_no_track,FUR-TNJ-SHALOUWG,TENJAM SHAYZ LOUNGER WHITE GRANITE,finished_good,,unmatched_family,0,0,0,dry_run
skipped_no_track,FUR-TNJ-SHALOUYEL,TENJAM SHAYZ LOUNGER YELLOW,finished_good,,unmatched_family,0,0,0,dry_run
skipped_no_track,FUR-TNJ-SHARISSET12DS,"TENJAM SHAYZ RISER SET 12"" DESERT SANDSTONE",finished_good,,unmatched_family,0,0,0,dry_run
skipped_no_track,FUR-TNJ-SHARISSET12GG,"TENJAM SHAYZ RISER SET 12"" GRAY GRANITE",finished_good,,unmatched_family,0,0,0,dry_run
skipped_no_track,FUR-TNJ-SHARISSET12LB,"TENJAM SHAYZ RISER SET 12"" LIGHT BLUE",finished_good,,unmatched_family,0,0,0,dry_run
skipped_no_track,FUR-TNJ-SHARISSET12RR,"TENJAM SHAYZ RISER SET 12"" RIVER ROCK",finished_good,,unmatched_family,0,0,0,dry_run
skipped_no_track,FUR-TNJ-SHARISSET12SB,"TENJAM SHAYZ RISER SET 12"" SURF BLUE",finished_good,,unmatched_family,0,0,0,dry_run
skipped_no_track,FUR-TNJ-SHARISSET12SW,"TENJAM SHAYZ RISER SET 12"" SOLID WHITE",finished_good,,unmatched_family,0,0,0,dry_run
skipped_no_track,FUR-TNJ-SHARISSET12WG,"TENJAM SHAYZ RISER SET 12"" WHITE GRANITE",finished_good,,unmatched_family,0,0,0,dry_run
skipped_no_track,FUR-TNJ-SHARISSET12YEL,"TENJAM SHAYZ RISER SET 12"" YELLOW",finished_good,,unmatched_family,0,0,0,dry_run
skipped_no_track,FUR-TNJ-SHARISSET4DS,"TENJAM SHAYZ RISER SET 4"" DESERT SANDSTONE",finished_good,,unmatched_family,0,0,0,dry_run
skipped_no_track,FUR-TNJ-SHARISSET4GG,"TENJAM SHAYZ RISER SET 4"" GRAY GRANITE",finished_good,,unmatched_family,0,0,0,dry_run
skipped_no_track,FUR-TNJ-SHARISSET4LB,"TENJAM SHAYZ RISER SET 4"" LIGHT BLUE",finished_good,,unmatched_family,0,0,0,dry_run
skipped_no_track,FUR-TNJ-SHARISSET4RR,"TENJAM SHAYZ RISER SET 4"" RIVER ROCK",finished_good,,unmatched_family,0,0,0,dry_run
skipped_no_track,FUR-TNJ-SHARISSET4SB,"TENJAM SHAYZ RISER SET 4"" SURF BLUE",finished_good,,unmatched_family,0,0,0,dry_run
skipped_no_track,FUR-TNJ-SHARISSET4SW,"TENJAM SHAYZ RISER SET 4"" SOLID WHITE",finished_good,,unmatched_family,0,0,0,dry_run
skipped_no_track,FUR-TNJ-SHARISSET4WG,"TENJAM SHAYZ RISER SET 4"" WHITE GRANITE",finished_good,,unmatched_family,0,0,0,dry_run
skipped_no_track,FUR-TNJ-SHARISSET4YEL,"TENJAM SHAYZ RISER SET 4"" YELLOW",finished_good,,unmatched_family,0,0,0,dry_run
skipped_no_track,FUR-TNJ-SHARISSET8DS,"TENJAM SHAYZ RISER SET 8"" DESERT SANDSTONE",finished_good,,unmatched_family,0,0,0,dry_run
skipped_no_track,FUR-TNJ-SHARISSET8GG,"TENJAM SHAYZ RISER SET 8"" GRAY GRANITE",finished_good,,unmatched_family,0,0,0,dry_run
skipped_no_track,FUR-TNJ-SHARISSET8LB,"TENJAM SHAYZ RISER SET 8"" LIGHT BLUE",finished_good,,unmatched_family,0,0,0,dry_run
skipped_no_track,FUR-TNJ-SHARISSET8RR,"TENJAM SHAYZ RISER SET 8"" RIVER ROCK",finished_good,,unmatched_family,0,0,0,dry_run
skipped_no_track,FUR-TNJ-SHARISSET8SB,"TENJAM SHAYZ RISER SET 8"" SURF BLUE",finished_good,,unmatched_family,0,0,0,dry_run
skipped_no_track,FUR-TNJ-SHARISSET8SW,"TENJAM SHAYZ RISER SET 8"" SOLID WHITE",finished_good,,unmatched_family,0,0,0,dry_run
skipped_no_track,FUR-TNJ-SHARISSET8WG,"TENJAM SHAYZ RISER SET 8"" WHITE GRANITE",finished_good,,unmatched_family,0,0,0,dry_run
skipped_no_track,FUR-TNJ-SHARISSET8YEL,"TENJAM SHAYZ RISER SET 8"" YELLOW",finished_good,,unmatched_family,0,0,0,dry_run
skipped_no_track,FUR-TNJ-SPLWEINA,TENJAM SPLASH WEIGHT,finished_good,,unmatched_family,0,0,0,dry_run
skipped_no_track,QA-TEST-C33EB3B4,QA Test c33eb3b4-b561-4a7c-9aab-122809b1004b,finished_good,,unmatched_family,0,0,0,dry_run
would_assign,SA-BRA-AL-60-CUSH,Bravada Armless Loveseat Cushion,sub_assembly,cushion,cush_suffix,4,0,4,dry_run
would_assign,SA-BRA-AL-60-FRAME,Bravada Armless Loveseat Frame,sub_assembly,aluminum_frame,frame_suffix,5,0,5,dry_run
would_assign,SA-BRA-AS-72-CUSH,Bravada Armless Sofa 72 Cushion,sub_assembly,cushion,cush_suffix,4,0,4,dry_run
would_assign,SA-BRA-AS-72-FRAME,Bravada Armless Sofa 72 Frame,sub_assembly,aluminum_frame,frame_suffix,5,0,5,dry_run
would_assign,SA-BRA-AS-84-CUSH,Bravada Armless Sofa 84 Cushion,sub_assembly,cushion,cush_suffix,4,0,4,dry_run
would_assign,SA-BRA-AS-84-FRAME,Bravada Armless Sofa 84 Frame,sub_assembly,aluminum_frame,frame_suffix,5,0,5,dry_run
would_assign,SA-BRA-AS-96-CUSH,Bravada Armless Sofa 96 Cushion,sub_assembly,cushion,cush_suffix,4,0,4,dry_run
would_assign,SA-BRA-AS-96-FRAME,Bravada Armless Sofa 96 Frame,sub_assembly,aluminum_frame,frame_suffix,5,0,5,dry_run
would_assign,SA-BRA-C-34X72-LS-CUSH,Bravada Chaise 34 X 72 Cushion,sub_assembly,cushion,cush_suffix,4,0,4,dry_run
would_assign,SA-BRA-C-34X72-LS-FRAME,Bravada Chaise 34 X 72 Frame,sub_assembly,aluminum_frame,frame_suffix,5,0,5,dry_run
would_assign,SA-BRA-C-34X72-RS-CUSH,Bravada Chaise 34 X 72 Cushion,sub_assembly,cushion,cush_suffix,4,0,4,dry_run
would_assign,SA-BRA-C-34X72-RS-FRAME,Bravada Chaise 34 X 72 Frame,sub_assembly,aluminum_frame,frame_suffix,5,0,5,dry_run
would_assign,SA-BRA-C-34X84-LS-CUSH,Bravada Chaise 34 X 84 Cushion,sub_assembly,cushion,cush_suffix,4,0,4,dry_run
would_assign,SA-BRA-C-34X84-LS-FRAME,Bravada Chaise 34 X 84 Frame,sub_assembly,aluminum_frame,frame_suffix,5,0,5,dry_run
would_assign,SA-BRA-C-34X84-RS-CUSH,Bravada Chaise 34 X 84 Cushion,sub_assembly,cushion,cush_suffix,4,0,4,dry_run
would_assign,SA-BRA-C-34X84-RS-FRAME,Bravada Chaise 34 X 84 Frame,sub_assembly,aluminum_frame,frame_suffix,5,0,5,dry_run
would_assign,SA-BRA-C-42X72-LS-CUSH,Bravada Chaise 42X72 Cushion,sub_assembly,cushion,cush_suffix,4,0,4,dry_run
would_assign,SA-BRA-C-42X72-LS-FRAME,Bravada Chaise 42X72 Frame,sub_assembly,aluminum_frame,frame_suffix,5,0,5,dry_run
would_assign,SA-BRA-C-42X72-RS-CUSH,Bravada Chaise 42X72 Cushion,sub_assembly,cushion,cush_suffix,4,0,4,dry_run
would_assign,SA-BRA-C-42X72-RS-FRAME,Bravada Chaise 42X72 Frame,sub_assembly,aluminum_frame,frame_suffix,5,0,5,dry_run
would_assign,SA-BRA-C-42X84-LS-CUSH,Bravada Chaise 42 X 84 Cushion,sub_assembly,cushion,cush_suffix,4,0,4,dry_run
would_assign,SA-BRA-C-42X84-LS-FRAME,Bravada Chaise 42 X 84 Frame,sub_assembly,aluminum_frame,frame_suffix,5,0,5,dry_run
would_assign,SA-BRA-C-42X84-RS-CUSH,Bravada Chaise 42 X 84 Cushion,sub_assembly,cushion,cush_suffix,4,0,4,dry_run
would_assign,SA-BRA-C-42X84-RS-FRAME,Bravada Chaise 42 X 84 Frame,sub_assembly,aluminum_frame,frame_suffix,5,0,5,dry_run
would_assign,SA-BRA-CADA-72X78-CUSH,Bravada Cabana Daybed 72 Cushion,sub_assembly,cushion,cush_suffix,4,0,4,dry_run
would_assign,SA-BRA-CADA-72X78-FRAME,Bravada Cabana Daybed 72 Frame,sub_assembly,aluminum_frame,frame_suffix,5,0,5,dry_run
would_assign,SA-BRA-CADA-78X78-CUSH,Bravada Cabana Daybed 78 Cushion,sub_assembly,cushion,cush_suffix,4,0,4,dry_run
would_assign,SA-BRA-CADA-78X78-FRAME,Bravada Cabana Daybed 78 Frame,sub_assembly,aluminum_frame,frame_suffix,5,0,5,dry_run
would_assign,SA-BRA-CADA-84X78-CUSH,Bravada Cabana Daybed 84 Cushion,sub_assembly,cushion,cush_suffix,4,0,4,dry_run
would_assign,SA-BRA-CADA-84X78-FRAME,Bravada Cabana Daybed 84 Frame,sub_assembly,aluminum_frame,frame_suffix,5,0,5,dry_run
would_assign,SA-BRA-CC-CUSH,Bravada Club Chair Cushion,sub_assembly,cushion,cush_suffix,4,0,4,dry_run
would_assign,SA-BRA-CC-FRAME,Bravada Club Chair Frame,sub_assembly,aluminum_frame,frame_suffix,5,0,5,dry_run
would_assign,SA-BRA-CL-D-A-CUSH,Bravada Chaise Lounge Double Cushion,sub_assembly,cushion,cush_suffix,4,0,4,dry_run
would_assign,SA-BRA-CL-D-A-FRAME,Bravada Chaise Lounge Double Frame,sub_assembly,aluminum_frame,frame_suffix,5,0,5,dry_run
would_assign,SA-BRA-CL-D-CUSH,Bravada Chaise Lounge Double Cushion,sub_assembly,cushion,cush_suffix,4,0,4,dry_run
would_assign,SA-BRA-CL-D-FRAME,Bravada Chaise Lounge Double Frame,sub_assembly,aluminum_frame,frame_suffix,5,0,5,dry_run
would_assign,SA-BRA-CL-S-A-CUSH,Bravada Chaise Lounge Single Cushion,sub_assembly,cushion,cush_suffix,4,0,4,dry_run
would_assign,SA-BRA-CL-S-A-FRAME,Bravada Chaise Lounge Single Frame,sub_assembly,aluminum_frame,frame_suffix,5,0,5,dry_run
would_assign,SA-BRA-CL-S-CUSH,Bravada Chaise Lounge Single Cushion,sub_assembly,cushion,cush_suffix,4,0,4,dry_run
would_assign,SA-BRA-CL-S-FRAME,Bravada Chaise Lounge Single Frame,sub_assembly,aluminum_frame,frame_suffix,5,0,5,dry_run
would_assign,SA-BRA-CS-72-LS-CUSH,Bravada Corner Sofa 72 Cushion,sub_assembly,cushion,cush_suffix,4,0,4,dry_run
would_assign,SA-BRA-CS-72-LS-FRAME,Bravada Corner Sofa 72 Frame,sub_assembly,aluminum_frame,frame_suffix,5,0,5,dry_run
would_assign,SA-BRA-CS-72-RS-CUSH,Bravada Corner Sofa 72 Cushion,sub_assembly,cushion,cush_suffix,4,0,4,dry_run
would_assign,SA-BRA-CS-72-RS-FRAME,Bravada Corner Sofa 72 Frame,sub_assembly,aluminum_frame,frame_suffix,5,0,5,dry_run
would_assign,SA-BRA-CS-84-LS-CUSH,Bravada Corner Sofa 84 Cushion,sub_assembly,cushion,cush_suffix,4,0,4,dry_run
would_assign,SA-BRA-CS-84-LS-FRAME,Bravada Corner Sofa 84 Frame,sub_assembly,aluminum_frame,frame_suffix,5,0,5,dry_run
would_assign,SA-BRA-CS-84-RS-CUSH,Bravada Corner Sofa 84 Cushion,sub_assembly,cushion,cush_suffix,4,0,4,dry_run
would_assign,SA-BRA-CS-84-RS-FRAME,Bravada Corner Sofa 84 Frame,sub_assembly,aluminum_frame,frame_suffix,5,0,5,dry_run
would_assign,SA-BRA-CS-96-LS-CUSH,Bravada Corner Sofa 96 Cushion,sub_assembly,cushion,cush_suffix,4,0,4,dry_run
would_assign,SA-BRA-CS-96-LS-FRAME,Bravada Corner Sofa 96 Frame,sub_assembly,aluminum_frame,frame_suffix,5,0,5,dry_run
would_assign,SA-BRA-CS-96-RS-CUSH,Bravada Corner Sofa 96 Cushion,sub_assembly,cushion,cush_suffix,4,0,4,dry_run
would_assign,SA-BRA-CS-96-RS-FRAME,Bravada Corner Sofa 96 Frame,sub_assembly,aluminum_frame,frame_suffix,5,0,5,dry_run
would_assign,SA-BRA-CT-36X36-FRAME,Bravada Coffee Table 36 x 36 Frame,sub_assembly,aluminum_frame,frame_suffix,5,0,5,dry_run
would_assign,SA-BRA-CT-42X28-FRAME,Bravada Coffee Table 42 x 28 Frame,sub_assembly,aluminum_frame,frame_suffix,5,0,5,dry_run
would_assign,SA-BRA-CT-42X42-FRAME,Bravada Coffee Table 42 x 42 Frame,sub_assembly,aluminum_frame,frame_suffix,5,0,5,dry_run
would_assign,SA-BRA-CT-56X28-FRAME,Bravada Coffee Table 56 x 28 Frame,sub_assembly,aluminum_frame,frame_suffix,5,0,5,dry_run
would_assign,SA-BRA-CT-56X36-FRAME,Bravada Coffee Table 56 x 36 Frame,sub_assembly,aluminum_frame,frame_suffix,5,0,5,dry_run
would_assign,SA-BRA-CT-56X42-FRAME,Bravada Coffee table 56 x 42 Frame,sub_assembly,aluminum_frame,frame_suffix,5,0,5,dry_run
would_assign,SA-BRA-CT-56X56-FRAME,Bravada Coffee Table 56 x 56 Frame,sub_assembly,aluminum_frame,frame_suffix,5,0,5,dry_run
would_assign,SA-BRA-CT-72X36-FRAME,Bravada Coffee Table 72 x 36 Frame,sub_assembly,aluminum_frame,frame_suffix,5,0,5,dry_run
would_assign,SA-BRA-CT-72X42-FRAME,Bravada Coffee Table 72 x 42 Frame,sub_assembly,aluminum_frame,frame_suffix,5,0,5,dry_run
would_assign,SA-BRA-CT-72X56-FRAME,Bravada Coffee Table 72 x 56 Frame,sub_assembly,aluminum_frame,frame_suffix,5,0,5,dry_run
would_assign,SA-BRA-D-7272-CUSH,Bravada Daybed 72 Cushion,sub_assembly,cushion,cush_suffix,4,0,4,dry_run
would_assign,SA-BRA-D-7272-FRAME,Bravada Daybed 72 Frame,sub_assembly,aluminum_frame,frame_suffix,5,0,5,dry_run
would_assign,SA-BRA-D-7872-CUSH,Bravada Daybed 78 Cushion,sub_assembly,cushion,cush_suffix,4,0,4,dry_run
would_assign,SA-BRA-D-7872-FRAME,Bravada Daybed 78 Frame,sub_assembly,aluminum_frame,frame_suffix,5,0,5,dry_run
would_assign,SA-BRA-L-CUSH,Bravada Loveseat Cushion,sub_assembly,cushion,cush_suffix,4,0,4,dry_run
would_assign,SA-BRA-L-FRAME,Bravada Loveseat Frame,sub_assembly,aluminum_frame,frame_suffix,5,0,5,dry_run
would_assign,SA-BRA-ML-CUSH,Bravada Mini Loveseat Cushion,sub_assembly,cushion,cush_suffix,4,0,4,dry_run
would_assign,SA-BRA-ML-FRAME,Bravada Mini Loveseat Frame,sub_assembly,aluminum_frame,frame_suffix,5,0,5,dry_run
would_assign,SA-BRA-O-30X22-CUSH,Bravada Ottoman 30X22 Cushion,sub_assembly,cushion,cush_suffix,4,0,4,dry_run
would_assign,SA-BRA-O-30X22-FRAME,Bravada Ottoman 30X22 Frame,sub_assembly,aluminum_frame,frame_suffix,5,0,5,dry_run
would_assign,SA-BRA-O-34X34-CUSH,Bravada Ottoman 34X34 Cushion,sub_assembly,cushion,cush_suffix,4,0,4,dry_run
would_assign,SA-BRA-O-34X34-FRAME,Bravada Ottoman 34X34 Frame,sub_assembly,aluminum_frame,frame_suffix,5,0,5,dry_run
would_assign,SA-BRA-O-42X22-CUSH,Bravada Ottoman 42X22 Cushion,sub_assembly,cushion,cush_suffix,4,0,4,dry_run
would_assign,SA-BRA-O-42X22-FRAME,Bravada Ottoman 42X22 Frame,sub_assembly,aluminum_frame,frame_suffix,5,0,5,dry_run
would_assign,SA-BRA-O-42X34-CUSH,Bravada Ottoman 42X34 Cushion,sub_assembly,cushion,cush_suffix,4,0,4,dry_run
would_assign,SA-BRA-O-42X34-FRAME,Bravada Ottoman 42X34 Frame,sub_assembly,aluminum_frame,frame_suffix,5,0,5,dry_run
would_assign,SA-BRA-O-60X22-CUSH,Bravada Ottoman 60X22 Cushion,sub_assembly,cushion,cush_suffix,4,0,4,dry_run
would_assign,SA-BRA-O-60X22-FRAME,Bravada Ottoman 60X22 Frame,sub_assembly,aluminum_frame,frame_suffix,5,0,5,dry_run
would_assign,SA-BRA-O-60X34-CUSH,Bravada Ottoman 60 x 34 Cushion,sub_assembly,cushion,cush_suffix,4,0,4,dry_run
would_assign,SA-BRA-O-60X34-FRAME,Bravada Ottoman 60 x 34 Frame,sub_assembly,aluminum_frame,frame_suffix,5,0,5,dry_run
would_assign,SA-BRA-O-72X22-CUSH,Bravada Ottoman 72X22 Cushion,sub_assembly,cushion,cush_suffix,4,0,4,dry_run
would_assign,SA-BRA-O-72X22-FRAME,Bravada Ottoman 72X22 Frame,sub_assembly,aluminum_frame,frame_suffix,5,0,5,dry_run
would_assign,SA-BRA-O-72X34-CUSH,Bravada Ottoman 72 x 34 Cushion,sub_assembly,cushion,cush_suffix,4,0,4,dry_run
would_assign,SA-BRA-O-72X34-FRAME,Bravada Ottoman 72 x 34 Frame,sub_assembly,aluminum_frame,frame_suffix,5,0,5,dry_run
would_assign,SA-BRA-ODT-30X22-CUSH,Bravada Ottoman 30X22 Cushion,sub_assembly,cushion,cush_suffix,4,0,4,dry_run
would_assign,SA-BRA-ODT-30X22-FRAME,Bravada Ottoman 30X22 Frame,sub_assembly,aluminum_frame,frame_suffix,5,0,5,dry_run
would_assign,SA-BRA-ODT-34X34-CUSH,Bravada Ottoman 34X34 Cushion,sub_assembly,cushion,cush_suffix,4,0,4,dry_run
would_assign,SA-BRA-ODT-34X34-FRAME,Bravada Ottoman 34X34 Frame,sub_assembly,aluminum_frame,frame_suffix,5,0,5,dry_run
would_assign,SA-BRA-ODT-42X22-CUSH,Bravada Ottoman 42X22 Cushion,sub_assembly,cushion,cush_suffix,4,0,4,dry_run
would_assign,SA-BRA-ODT-42X22-FRAME,Bravada Ottoman 42X22 Frame,sub_assembly,aluminum_frame,frame_suffix,5,0,5,dry_run
would_assign,SA-BRA-ODT-42X34-CUSH,Bravada Ottoman 42X34 Cushion,sub_assembly,cushion,cush_suffix,4,0,4,dry_run
would_assign,SA-BRA-ODT-42X34-FRAME,Bravada Ottoman 42X34 Frame,sub_assembly,aluminum_frame,frame_suffix,5,0,5,dry_run
would_assign,SA-BRA-ODT-60X22-CUSH,Bravada Ottoman 60X22 Cushion,sub_assembly,cushion,cush_suffix,4,0,4,dry_run
would_assign,SA-BRA-ODT-60X22-FRAME,Bravada Ottoman 60X22 Frame,sub_assembly,aluminum_frame,frame_suffix,5,0,5,dry_run
would_assign,SA-BRA-ODT-60X34-CUSH,Bravada Ottoman 60 x 34 Cushion,sub_assembly,cushion,cush_suffix,4,0,4,dry_run
would_assign,SA-BRA-ODT-60X34-FRAME,Bravada Ottoman 60 x 34 Frame,sub_assembly,aluminum_frame,frame_suffix,5,0,5,dry_run
would_assign,SA-BRA-ODT-72X22-CUSH,Bravada Ottoman 72X22 Cushion,sub_assembly,cushion,cush_suffix,4,0,4,dry_run
would_assign,SA-BRA-ODT-72X22-FRAME,Bravada Ottoman 72X22 Frame,sub_assembly,aluminum_frame,frame_suffix,5,0,5,dry_run
would_assign,SA-BRA-ODT-72X34-CUSH,Bravada Ottoman 72 x 34 Cushion,sub_assembly,cushion,cush_suffix,4,0,4,dry_run
would_assign,SA-BRA-ODT-72X34-FRAME,Bravada Ottoman 72 x 34 Frame,sub_assembly,aluminum_frame,frame_suffix,5,0,5,dry_run
would_assign,SA-BRA-S-72-CUSH,Bravada Sofa 72 Cushion,sub_assembly,cushion,cush_suffix,4,0,4,dry_run
would_assign,SA-BRA-S-72-FRAME,Bravada Sofa 72 Frame,sub_assembly,aluminum_frame,frame_suffix,5,0,5,dry_run
would_assign,SA-BRA-S-84-CUSH,Bravada Sofa 84 Cushion,sub_assembly,cushion,cush_suffix,4,0,4,dry_run
would_assign,SA-BRA-S-84-FRAME,Bravada Sofa 84 Frame,sub_assembly,aluminum_frame,frame_suffix,5,0,5,dry_run
would_assign,SA-BRA-S-96-CUSH,Bravada Sofa 96 Cushion,sub_assembly,cushion,cush_suffix,4,0,4,dry_run
would_assign,SA-BRA-S-96-FRAME,Bravada Sofa 96 Frame,sub_assembly,aluminum_frame,frame_suffix,5,0,5,dry_run
would_assign,SA-BRA-SC-CUSH,Bravada Swivel Chair Cushion,sub_assembly,cushion,cush_suffix,4,0,4,dry_run
would_assign,SA-BRA-SC-FRAME,Bravada Swivel Chair Frame,sub_assembly,aluminum_frame,frame_suffix,5,0,5,dry_run
would_assign,SA-BRA-ST-20X20-FRAME,Bravada Side Table 20 x 20 Frame,sub_assembly,aluminum_frame,frame_suffix,5,0,5,dry_run
would_assign,SA-BRK-BAR-TAB-120X28-FRAME,BROOKLYN TABLE (BAR HEIGHT) 28 X 120 FRAME,sub_assembly,aluminum_frame,frame_suffix,5,0,5,dry_run
would_assign,SA-BRK-BAR-TAB-120X36-FRAME,BROOKLYN TABLE (BAR HEIGHT) 36 X 120 FRAME,sub_assembly,aluminum_frame,frame_suffix,5,0,5,dry_run
would_assign,SA-BRK-BAR-TAB-28X120-FRAME,"BROOKLYN TABLE (BAR HEIGHT) 28"" x 120"" x 42"" FRAME",sub_assembly,aluminum_frame,frame_suffix,5,0,5,dry_run
would_assign,SA-BRK-BAR-TAB-28X72-FRAME,"BROOKLYN TABLE (BAR HEIGHT) 28"" x 72"" x 42"" FRAME",sub_assembly,aluminum_frame,frame_suffix,5,0,5,dry_run
would_assign,SA-BRK-BAR-TAB-28X96-FRAME,"BROOKLYN TABLE (BAR HEIGHT) 28"" x 96"" x 42"" FRAME",sub_assembly,aluminum_frame,frame_suffix,5,0,5,dry_run
would_assign,SA-BRK-BAR-TAB-36X120-FRAME,"BROOKLYN TABLE (BAR HEIGHT) 36"" x 120"" x 42"" FRAME",sub_assembly,aluminum_frame,frame_suffix,5,0,5,dry_run
would_assign,SA-BRK-BAR-TAB-36X36-FRAME,"STAR LEG TABLE (BAR HEIGHT) 36"" x 36"" x 42"" FRAME",sub_assembly,aluminum_frame,frame_suffix,5,0,5,dry_run
would_assign,SA-BRK-BAR-TAB-36X72-FRAME,"BROOKLYN TABLE (BAR HEIGHT) 36"" x 72"" x 42"" FRAME",sub_assembly,aluminum_frame,frame_suffix,5,0,5,dry_run
would_assign,SA-BRK-BAR-TAB-36X96-FRAME,"BROOKLYN TABLE (BAR HEIGHT) 36"" x 96"" x 42"" FRAME",sub_assembly,aluminum_frame,frame_suffix,5,0,5,dry_run
would_assign,SA-BRK-BAR-TAB-42X42-FRAME,"STAR LEG TABLE (BAR HEIGHT) 42"" x 42"" x 42"" FRAME",sub_assembly,aluminum_frame,frame_suffix,5,0,5,dry_run
would_assign,SA-BRK-BAR-TAB-72X28-FRAME,BROOKLYN TABLE (BAR HEIGHT) 28 X 72 FRAME,sub_assembly,aluminum_frame,frame_suffix,5,0,5,dry_run
would_assign,SA-BRK-BAR-TAB-72X36-FRAME,BROOKLYN TABLE (BAR HEIGHT) 36 X 72 FRAME,sub_assembly,aluminum_frame,frame_suffix,5,0,5,dry_run
would_assign,SA-BRK-BAR-TAB-96X36-FRAME,BROOKLYN TABLE (BAR HEIGHT) 36 X 96 FRAME,sub_assembly,aluminum_frame,frame_suffix,5,0,5,dry_run
would_assign,SA-BRK-BAR-TAB-98X28-FRAME,BROOKLYN TABLE (BAR HEIGHT) 28 X 96 FRAME,sub_assembly,aluminum_frame,frame_suffix,5,0,5,dry_run
would_assign,SA-BRK-CNT-TAB-120X28-FRAME,BROOKLYN TABLE (COUNTER HEIGHT) 28 X 120 FRAME,sub_assembly,aluminum_frame,frame_suffix,5,0,5,dry_run
would_assign,SA-BRK-CNT-TAB-120X36-FRAME,BROOKLYN TABLE (COUNTER HEIGHT) 36 X 120 FRAME,sub_assembly,aluminum_frame,frame_suffix,5,0,5,dry_run
would_assign,SA-BRK-CNT-TAB-28X120-FRAME,"BROOKLYN TABLE (COUNTER HEIGHT) 28"" x 120"" x 36"" FRAME",sub_assembly,aluminum_frame,frame_suffix,5,0,5,dry_run
would_assign,SA-BRK-CNT-TAB-28X72-FRAME,"BROOKLYN TABLE (COUNTER HEIGHT) 28"" x 72"" x 36"" FRAME",sub_assembly,aluminum_frame,frame_suffix,5,0,5,dry_run
would_assign,SA-BRK-CNT-TAB-28X96-FRAME,"BROOKLYN TABLE (COUNTER HEIGHT) 28"" x 96"" x 36"" FRAME",sub_assembly,aluminum_frame,frame_suffix,5,0,5,dry_run
would_assign,SA-BRK-CNT-TAB-36X120-FRAME,"BROOKLYN TABLE (COUNTER HEIGHT) 36"" x 120"" x 36"" FRAME",sub_assembly,aluminum_frame,frame_suffix,5,0,5,dry_run
would_assign,SA-BRK-CNT-TAB-36X36-FRAME,"STAR LEG TABLE (COUNTER HEIGHT) 36"" x 36"" x 36"" FRAME",sub_assembly,aluminum_frame,frame_suffix,5,0,5,dry_run
would_assign,SA-BRK-CNT-TAB-36X72-FRAME,"BROOKLYN TABLE (COUNTER HEIGHT) 36"" x 72"" x 36"" FRAME",sub_assembly,aluminum_frame,frame_suffix,5,0,5,dry_run
would_assign,SA-BRK-CNT-TAB-36X96-FRAME,"BROOKLYN TABLE (COUNTER HEIGHT) 36"" x 96"" x 36"" FRAME",sub_assembly,aluminum_frame,frame_suffix,5,0,5,dry_run
would_assign,SA-BRK-CNT-TAB-42X42-FRAME,"STAR LEG TABLE (COUNTER HEIGHT) 42"" x 42"" x 36"" FRAME",sub_assembly,aluminum_frame,frame_suffix,5,0,5,dry_run
would_assign,SA-BRK-CNT-TAB-72X18-FRAME,BROOKLYN TABLE (COUNTER HEIGHT) 18 X 72 FRAME,sub_assembly,aluminum_frame,frame_suffix,5,0,5,dry_run
would_assign,SA-BRK-CNT-TAB-72X28-FRAME,BROOKLYN TABLE (COUNTER HEIGHT) 28 X 72 FRAME,sub_assembly,aluminum_frame,frame_suffix,5,0,5,dry_run
would_assign,SA-BRK-CNT-TAB-72X36-FRAME,BROOKLYN TABLE (COUNTER HEIGHT) 36 X 72 FRAME,sub_assembly,aluminum_frame,frame_suffix,5,0,5,dry_run
would_assign,SA-BRK-CNT-TAB-96X28-FRAME,BROOKLYN TABLE (COUNTER HEIGHT) 28 X 96 FRAME,sub_assembly,aluminum_frame,frame_suffix,5,0,5,dry_run
would_assign,SA-BRK-CNT-TAB-96X36-FRAME,BROOKLYN TABLE (COUNTER HEIGHT) 36 X 96 FRAME,sub_assembly,aluminum_frame,frame_suffix,5,0,5,dry_run
would_assign,SA-BRK-COR-CHS-84X42-CUSH,"BROOKLYN CORNER CHAISE 84"" x 42"" x 30"" BH CUSH",sub_assembly,cushion,cush_suffix,4,0,4,dry_run
would_assign,SA-BRK-COR-CHS-84X42-FRAME,"BROOKLYN CORNER CHAISE 84"" x 42"" x 30"" BH FRAME",sub_assembly,aluminum_frame,frame_suffix,5,0,5,dry_run
would_assign,SA-BRK-COR-SOF-72X34-CUSH,"BROOKLYN CORNER SOFA 72"" x 34"" x 30"" BH CUSH",sub_assembly,cushion,cush_suffix,4,0,4,dry_run
would_assign,SA-BRK-COR-SOF-72X34-FRAME,"BROOKLYN CORNER SOFA 72"" x 34"" x 30"" BH FRAME",sub_assembly,aluminum_frame,frame_suffix,5,0,5,dry_run
would_assign,SA-BRK-COR-SOF-84X34-CUSH,"BROOKLYN CORNER SOFA 84"" x 34"" x 30"" BH CUSH",sub_assembly,cushion,cush_suffix,4,0,4,dry_run
would_assign,SA-BRK-COR-SOF-84X34-FRAME,"BROOKLYN CORNER SOFA 84"" x 34"" x 30"" BH FRAME",sub_assembly,aluminum_frame,frame_suffix,5,0,5,dry_run
would_assign,SA-BRK-COR-SOF-96X34-CUSH,"BROOKLYN CORNER SOFA 96"" x 34"" x 30"" BH CUSH",sub_assembly,cushion,cush_suffix,4,0,4,dry_run
would_assign,SA-BRK-COR-SOF-96X34-FRAME,"BROOKLYN CORNER SOFA 96"" x 34"" x 30"" BH FRAME",sub_assembly,aluminum_frame,frame_suffix,5,0,5,dry_run
would_assign,SA-BRK-DIN-TAB-120X28-FRAME,BROOKLYN TABLE (DINING HEIGHT) 28 X 120 FRAME,sub_assembly,aluminum_frame,frame_suffix,5,0,5,dry_run
would_assign,SA-BRK-DIN-TAB-120X36-FRAME,BROOKLYN TABLE (DINING HEIGHT) 36 X 120 FRAME,sub_assembly,aluminum_frame,frame_suffix,5,0,5,dry_run
would_assign,SA-BRK-DIN-TAB-28X120-FRAME,"BROOKLYN TABLE (DINING HEIGHT) 28"" x 120"" x 30"" FRAME",sub_assembly,aluminum_frame,frame_suffix,5,0,5,dry_run
would_assign,SA-BRK-DIN-TAB-28X72-FRAME,"BROOKLYN TABLE (DINING HEIGHT) 28"" x 72"" x 30"" FRAME",sub_assembly,aluminum_frame,frame_suffix,5,0,5,dry_run
would_assign,SA-BRK-DIN-TAB-28X96-FRAME,"BROOKLYN TABLE (DINING HEIGHT) 28"" x 96"" x 30"" FRAME",sub_assembly,aluminum_frame,frame_suffix,5,0,5,dry_run
would_assign,SA-BRK-DIN-TAB-36X120-FRAME,"BROOKLYN TABLE (DINING HEIGHT) 36"" x 120"" x 30"" FRAME",sub_assembly,aluminum_frame,frame_suffix,5,0,5,dry_run
would_assign,SA-BRK-DIN-TAB-36X36-FRAME,"STAR LEG TABLE (DINING HEIGHT) 36"" x 36"" x 30"" FRAME",sub_assembly,aluminum_frame,frame_suffix,5,0,5,dry_run
would_assign,SA-BRK-DIN-TAB-36X72-FRAME,"BROOKLYN TABLE (DINING HEIGHT) 36"" x 72"" x 30"" FRAME",sub_assembly,aluminum_frame,frame_suffix,5,0,5,dry_run
would_assign,SA-BRK-DIN-TAB-36X96-FRAME,"BROOKLYN TABLE (DINING HEIGHT) 36"" x 96"" x 30"" FRAME",sub_assembly,aluminum_frame,frame_suffix,5,0,5,dry_run
would_assign,SA-BRK-DIN-TAB-42X42-FRAME,"STAR LEG TABLE (DINING HEIGHT) 42"" x 42"" x 30"" FRAME",sub_assembly,aluminum_frame,frame_suffix,5,0,5,dry_run
would_assign,SA-BRK-DIN-TAB-72X28-FRAME,BROOKLYN TABLE (DINING HEIGHT) 28 X 72 FRAME,sub_assembly,aluminum_frame,frame_suffix,5,0,5,dry_run
would_assign,SA-BRK-DIN-TAB-72X36-FRAME,BROOKLYN TABLE (DINING HEIGHT) 36 X 72 FRAME,sub_assembly,aluminum_frame,frame_suffix,5,0,5,dry_run
would_assign,SA-BRK-DIN-TAB-96X28-FRAME,BROOKLYN TABLE (DINING HEIGHT) 28 X 96 FRAME,sub_assembly,aluminum_frame,frame_suffix,5,0,5,dry_run
would_assign,SA-BRK-DIN-TAB-96X36-FRAME,BROOKLYN TABLE (DINING HEIGHT) 36 X 96 FRAME,sub_assembly,aluminum_frame,frame_suffix,5,0,5,dry_run
would_assign,SA-BRK-DOU-CHS-58X79-CUSH,"BROOKLYN DOUBLE CHAISE LOUNGE 58"" x 79"" x 11"" SH CUSH",sub_assembly,cushion,cush_suffix,4,0,4,dry_run
would_assign,SA-BRK-DOU-CHS-58X79-FRAME,"BROOKLYN DOUBLE CHAISE LOUNGE 58"" x 79"" x 11"" SH FRAME",sub_assembly,aluminum_frame,frame_suffix,5,0,5,dry_run
would_assign,SA-BRK-OTT-22X42-CUSH,"BROOKLYN OTTOMAN 22"" x 42"" x 17"" CUSH",sub_assembly,cushion,cush_suffix,4,0,4,dry_run
would_assign,SA-BRK-OTT-22X42-FRAME,"BROOKLYN OTTOMAN 22"" x 42"" x 17"" FRAME",sub_assembly,aluminum_frame,frame_suffix,5,0,5,dry_run
would_assign,SA-BRK-OTT-22X60-CUSH,"BROOKLYN OTTOMAN 22"" x 60"" x 17"" CUSH",sub_assembly,cushion,cush_suffix,4,0,4,dry_run
would_assign,SA-BRK-OTT-22X60-FRAME,"BROOKLYN OTTOMAN 22"" x 60"" x 17"" FRAME",sub_assembly,aluminum_frame,frame_suffix,5,0,5,dry_run
would_assign,SA-BRK-OTT-22X72-CUSH,"BROOKLYN OTTOMAN 22"" x 72"" x 17"" CUSH",sub_assembly,cushion,cush_suffix,4,0,4,dry_run
would_assign,SA-BRK-OTT-22X72-FRAME,"BROOKLYN OTTOMAN 22"" x 72"" x 17"" FRAME",sub_assembly,aluminum_frame,frame_suffix,5,0,5,dry_run
would_assign,SA-BRK-OTT-34X34-CUSH,"BROOKLYN OTTOMAN 34"" x 34"" x 17"" CUSH",sub_assembly,cushion,cush_suffix,4,0,4,dry_run
would_assign,SA-BRK-OTT-34X34-FRAME,"BROOKLYN OTTOMAN 34"" x 34"" x 17"" FRAME",sub_assembly,aluminum_frame,frame_suffix,5,0,5,dry_run
would_assign,SA-BRK-OTT-34X42-CUSH,"BROOKLYN OTTOMAN 34"" x 42"" x 17"" CUSH",sub_assembly,cushion,cush_suffix,4,0,4,dry_run
would_assign,SA-BRK-OTT-34X42-FRAME,"BROOKLYN OTTOMAN 34"" x 42"" x 17"" FRAME",sub_assembly,aluminum_frame,frame_suffix,5,0,5,dry_run
would_assign,SA-BRK-OTT-34X60-CUSH,"BROOKLYN OTTOMAN 34"" x 60"" x 17"" CUSH",sub_assembly,cushion,cush_suffix,4,0,4,dry_run
would_assign,SA-BRK-OTT-34X60-FRAME,"BROOKLYN OTTOMAN 34"" x 60"" x 17"" FRAME",sub_assembly,aluminum_frame,frame_suffix,5,0,5,dry_run
would_assign,SA-BRK-OTT-34X72-CUSH,"BROOKLYN OTTOMAN 34"" x 72"" x 17"" CUSH",sub_assembly,cushion,cush_suffix,4,0,4,dry_run
would_assign,SA-BRK-OTT-34X72-FRAME,"BROOKLYN OTTOMAN 34"" x 72"" x 17"" FRAME",sub_assembly,aluminum_frame,frame_suffix,5,0,5,dry_run
would_assign,SA-BRK-OTT-42X22-CUSH,BROOKLYN OTTOMAN 22 X 42 CUSH,sub_assembly,cushion,cush_suffix,4,0,4,dry_run
would_assign,SA-BRK-OTT-42X22-FRAME,BROOKLYN OTTOMAN 22 X 42 FRAME,sub_assembly,aluminum_frame,frame_suffix,5,0,5,dry_run
would_assign,SA-BRK-OTT-42X34-CUSH,BROOKLYN OTTOMAN 34 X 42 CUSH,sub_assembly,cushion,cush_suffix,4,0,4,dry_run
would_assign,SA-BRK-OTT-42X34-FRAME,BROOKLYN OTTOMAN 34 X 42 FRAME,sub_assembly,aluminum_frame,frame_suffix,5,0,5,dry_run
would_assign,SA-BRK-OTT-56X42-CUSH,"BROOKLYN OTTOMAN 56"" x 42"" x 17"" CUSH",sub_assembly,cushion,cush_suffix,4,0,4,dry_run
would_assign,SA-BRK-OTT-56X42-FRAME,"BROOKLYN OTTOMAN 56"" x 42"" x 17"" FRAME",sub_assembly,aluminum_frame,frame_suffix,5,0,5,dry_run
would_assign,SA-BRK-OTT-60X22-CUSH,BROOKLYN OTTOMAN 22 X 60 CUSH,sub_assembly,cushion,cush_suffix,4,0,4,dry_run
would_assign,SA-BRK-OTT-60X22-FRAME,BROOKLYN OTTOMAN 22 X 60 FRAME,sub_assembly,aluminum_frame,frame_suffix,5,0,5,dry_run
would_assign,SA-BRK-OTT-60X34-CUSH,BROOKLYN OTTOMAN 34 X 60 CUSH,sub_assembly,cushion,cush_suffix,4,0,4,dry_run
would_assign,SA-BRK-OTT-60X34-FRAME,BROOKLYN OTTOMAN 34 X 60 FRAME,sub_assembly,aluminum_frame,frame_suffix,5,0,5,dry_run
would_assign,SA-BRK-OTT-72X22-CUSH,BROOKLYN OTTOMAN 22 X 72 CUSH,sub_assembly,cushion,cush_suffix,4,0,4,dry_run
would_assign,SA-BRK-OTT-72X22-FRAME,BROOKLYN OTTOMAN 22 X 72 FRAME,sub_assembly,aluminum_frame,frame_suffix,5,0,5,dry_run
would_assign,SA-BRK-OTT-72X34-CUSH,BROOKLYN OTTOMAN 34 X 72 CUSH,sub_assembly,cushion,cush_suffix,4,0,4,dry_run
would_assign,SA-BRK-OTT-72X34-FRAME,BROOKLYN OTTOMAN 34 X 72 FRAME,sub_assembly,aluminum_frame,frame_suffix,5,0,5,dry_run
would_assign,SA-BRK-SGL-CHS-38X79-CUSH,"BROOKLYN SINGLE CHAISE LOUNGE 38"" x 79"" x 11"" SH CUSH",sub_assembly,cushion,cush_suffix,4,0,4,dry_run
would_assign,SA-BRK-SGL-CHS-38X79-FRAME,"BROOKLYN SINGLE CHAISE LOUNGE 38"" x 79"" x 11"" SH FRAME",sub_assembly,aluminum_frame,frame_suffix,5,0,5,dry_run
would_assign,SA-BRK-SOF-60X34-CUSH,"BROOKLYN SOFA 60"" x 34"" x 30"" BH CUSH",sub_assembly,cushion,cush_suffix,4,0,4,dry_run
would_assign,SA-BRK-SOF-60X34-FRAME,"BROOKLYN SOFA 60"" x 34"" x 30"" BH FRAME",sub_assembly,aluminum_frame,frame_suffix,5,0,5,dry_run
would_assign,SA-BRK-SOF-72X34-CUSH,"BROOKLYN SOFA 72"" x 34"" x 30"" BH CUSH",sub_assembly,cushion,cush_suffix,4,0,4,dry_run
would_assign,SA-BRK-SOF-72X34-FRAME,"BROOKLYN SOFA 72"" x 34"" x 30"" BH FRAME",sub_assembly,aluminum_frame,frame_suffix,5,0,5,dry_run
would_assign,SA-BRK-SOF-84X34-CUSH,"BROOKLYN SOFA 84"" x 34"" x 30"" BH CUSH",sub_assembly,cushion,cush_suffix,4,0,4,dry_run
would_assign,SA-BRK-SOF-84X34-FRAME,"BROOKLYN SOFA 84"" x 34"" x 30"" BH FRAME",sub_assembly,aluminum_frame,frame_suffix,5,0,5,dry_run
would_assign,SA-BRK-SOF-96X34-CUSH,"BROOKLYN SOFA 96"" x 34"" x 30"" BH CUSH",sub_assembly,cushion,cush_suffix,4,0,4,dry_run
would_assign,SA-BRK-SOF-96X34-FRAME,"BROOKLYN SOFA 96"" x 34"" x 30"" BH FRAME",sub_assembly,aluminum_frame,frame_suffix,5,0,5,dry_run
would_assign,SA-BRK-TRA-DOU-CHS-48X72-CUSH,"BROOKLYN TRANSITIONAL DOUBLE CHAISE 48"" x 72"" x 30"" BH CUSH",sub_assembly,cushion,cush_suffix,4,0,4,dry_run
would_assign,SA-BRK-TRA-DOU-CHS-48X72-FRAME,"BROOKLYN TRANSITIONAL DOUBLE CHAISE 48"" x 72"" x 30"" BH FRAME",sub_assembly,aluminum_frame,frame_suffix,5,0,5,dry_run
would_assign,SA-BRK-TRA-SGL-CHS-36X72-CUSH,"BROOKLYN TRANSITIONAL SINGLE CHAISE 36"" x 72"" x 30"" BH CUSH",sub_assembly,cushion,cush_suffix,4,0,4,dry_run
would_assign,SA-BRK-TRA-SGL-CHS-36X72-FRAME,"BROOKLYN TRANSITIONAL SINGLE CHAISE 36"" x 72"" x 30"" BH FRAME",sub_assembly,aluminum_frame,frame_suffix,5,0,5,dry_run
would_assign,SA-BRO-C-72X34-LS-CUSH,Brooklyn Chaise 72 x 34 Cushion,sub_assembly,cushion,cush_suffix,4,0,4,dry_run
would_assign,SA-BRO-C-72X34-LS-FRAME,Brooklyn Chaise 72 x 34 Frame,sub_assembly,aluminum_frame,frame_suffix,5,0,5,dry_run
would_assign,SA-BRO-C-72X34-RS-CUSH,Brooklyn Chaise 72 x 34 Cushion,sub_assembly,cushion,cush_suffix,4,0,4,dry_run
would_assign,SA-BRO-C-72X34-RS-FRAME,Brooklyn Chaise 72 x 34 Frame,sub_assembly,aluminum_frame,frame_suffix,5,0,5,dry_run
would_assign,SA-BRO-C-72X42-LS-CUSH,Brooklyn Chaise 72 x 42 Cushion,sub_assembly,cushion,cush_suffix,4,0,4,dry_run
would_assign,SA-BRO-C-72X42-LS-FRAME,Brooklyn Chaise 72 x 42 Frame,sub_assembly,aluminum_frame,frame_suffix,5,0,5,dry_run
would_assign,SA-BRO-C-72X42-RS-CUSH,Brooklyn Chaise 72 x 42 Cushion,sub_assembly,cushion,cush_suffix,4,0,4,dry_run
would_assign,SA-BRO-C-72X42-RS-FRAME,Brooklyn Chaise 72 x 42 Frame,sub_assembly,aluminum_frame,frame_suffix,5,0,5,dry_run
would_assign,SA-BRO-C-84X34-LS-CUSH,Brooklyn Chaise 84 x 34 Cushion,sub_assembly,cushion,cush_suffix,4,0,4,dry_run
would_assign,SA-BRO-C-84X34-LS-FRAME,Brooklyn Chaise 84 x 34 Frame,sub_assembly,aluminum_frame,frame_suffix,5,0,5,dry_run
would_assign,SA-BRO-C-84X34-RS-CUSH,Brooklyn Chaise 84 x 34 Cushion,sub_assembly,cushion,cush_suffix,4,0,4,dry_run
would_assign,SA-BRO-C-84X34-RS-FRAME,Brooklyn Chaise 84 x 34 Frame,sub_assembly,aluminum_frame,frame_suffix,5,0,5,dry_run
would_assign,SA-BRO-C-84X42-LS-CUSH,Brooklyn Chaise 84 x 42 Cushion,sub_assembly,cushion,cush_suffix,4,0,4,dry_run
would_assign,SA-BRO-C-84X42-LS-FRAME,Brooklyn Chaise 84 x 42 Frame,sub_assembly,aluminum_frame,frame_suffix,5,0,5,dry_run
would_assign,SA-BRO-C-84X42-RS-CUSH,Brooklyn Chaise 84 x 42 Cushion,sub_assembly,cushion,cush_suffix,4,0,4,dry_run
would_assign,SA-BRO-C-84X42-RS-FRAME,Brooklyn Chaise 84 x 42 Frame,sub_assembly,aluminum_frame,frame_suffix,5,0,5,dry_run
would_assign,SA-BRO-CL-D-CUSH,Brooklyn Chaise Lounge Double Cushion,sub_assembly,cushion,cush_suffix,4,0,4,dry_run
would_assign,SA-BRO-CL-D-FRAME,Brooklyn Chaise Lounge Double Frame,sub_assembly,aluminum_frame,frame_suffix,5,0,5,dry_run
would_assign,SA-BRO-CL-S-CUSH,Brooklyn Chaise Lounge Single Cushion,sub_assembly,cushion,cush_suffix,4,0,4,dry_run
would_assign,SA-BRO-CL-S-FRAME,Brooklyn Chaise Lounge Single Frame,sub_assembly,aluminum_frame,frame_suffix,5,0,5,dry_run
would_assign,SA-BRO-CS-72-LS-CUSH,Brooklyn Corner Sofa 72 Cushion,sub_assembly,cushion,cush_suffix,4,0,4,dry_run
would_assign,SA-BRO-CS-72-LS-FRAME,Brooklyn Corner Sofa 72 Frame,sub_assembly,aluminum_frame,frame_suffix,5,0,5,dry_run
would_assign,SA-BRO-CS-72-RS-CUSH,Brooklyn Corner Sofa 72 Cushion,sub_assembly,cushion,cush_suffix,4,0,4,dry_run
would_assign,SA-BRO-CS-72-RS-FRAME,Brooklyn Corner Sofa 72 Frame,sub_assembly,aluminum_frame,frame_suffix,5,0,5,dry_run
would_assign,SA-BRO-CS-84-LS-CUSH,Brooklyn Corner Sofa 84 Cushion,sub_assembly,cushion,cush_suffix,4,0,4,dry_run
would_assign,SA-BRO-CS-84-LS-FRAME,Brooklyn Corner Sofa 84 Frame,sub_assembly,aluminum_frame,frame_suffix,5,0,5,dry_run
would_assign,SA-BRO-CS-84-RS-CUSH,Brooklyn Corner Sofa 84 Cushion,sub_assembly,cushion,cush_suffix,4,0,4,dry_run
would_assign,SA-BRO-CS-84-RS-FRAME,Brooklyn Corner Sofa 84 Frame,sub_assembly,aluminum_frame,frame_suffix,5,0,5,dry_run
would_assign,SA-BRO-CS-96-LS-CUSH,Brooklyn Corner Sofa 96 Cushion,sub_assembly,cushion,cush_suffix,4,0,4,dry_run
would_assign,SA-BRO-CS-96-LS-FRAME,Brooklyn Corner Sofa 96 Frame,sub_assembly,aluminum_frame,frame_suffix,5,0,5,dry_run
would_assign,SA-BRO-CS-96-RS-CUSH,Brooklyn Corner Sofa 96 Cushion,sub_assembly,cushion,cush_suffix,4,0,4,dry_run
would_assign,SA-BRO-CS-96-RS-FRAME,Brooklyn Corner Sofa 96 Frame,sub_assembly,aluminum_frame,frame_suffix,5,0,5,dry_run
would_assign,SA-BRO-L-CUSH,Brooklyn Loveseat Cushion,sub_assembly,cushion,cush_suffix,4,0,4,dry_run
would_assign,SA-BRO-L-FRAME,Brooklyn Loveseat Frame,sub_assembly,aluminum_frame,frame_suffix,5,0,5,dry_run
would_assign,SA-BRO-S-72-CUSH,Brooklyn Sofa 72 Cushion,sub_assembly,cushion,cush_suffix,4,0,4,dry_run
would_assign,SA-BRO-S-72-FRAME,Brooklyn Sofa 72 Frame,sub_assembly,aluminum_frame,frame_suffix,5,0,5,dry_run
would_assign,SA-BRO-S-84-CUSH,Brooklyn Sofa 84 Cushion,sub_assembly,cushion,cush_suffix,4,0,4,dry_run
would_assign,SA-BRO-S-84-FRAME,Brooklyn Sofa 84 Frame,sub_assembly,aluminum_frame,frame_suffix,5,0,5,dry_run
would_assign,SA-BRO-S-96-CUSH,Brooklyn Sofa 96 Cushion,sub_assembly,cushion,cush_suffix,4,0,4,dry_run
would_assign,SA-BRO-S-96-FRAME,Brooklyn Sofa 96 Frame,sub_assembly,aluminum_frame,frame_suffix,5,0,5,dry_run
would_assign,SA-BRO-TC-D-CUSH,Brooklyn Transitional Chaise Double Cushion,sub_assembly,cushion,cush_suffix,4,0,4,dry_run
would_assign,SA-BRO-TC-D-FRAME,Brooklyn Transitional Chaise Double Frame,sub_assembly,aluminum_frame,frame_suffix,5,0,5,dry_run
would_assign,SA-BRO-TC-S-CUSH,Brooklyn Transitional Chaise Single Cushion,sub_assembly,cushion,cush_suffix,4,0,4,dry_run
would_assign,SA-BRO-TC-S-FRAME,Brooklyn Transitional Chaise Single Frame,sub_assembly,aluminum_frame,frame_suffix,5,0,5,dry_run
skipped_no_track,SA-BRV-ARM,"Bravada Arm Assembly (shared, not handed)",sub_assembly,,unmatched_family,0,0,0,dry_run
would_assign,SA-BRV-ARM-SOF-34X34-CUSH,"BRAVADA ARMLESS SOFA 34"" x 34"" x 31"" BH CUSH",sub_assembly,cushion,cush_suffix,4,0,4,dry_run
would_assign,SA-BRV-ARM-SOF-34X34-FRAME,"BRAVADA ARMLESS SOFA 34"" x 34"" x 31"" BH FRAME",sub_assembly,aluminum_frame,frame_suffix,5,0,5,dry_run
would_assign,SA-BRV-ARM-SOF-72X34-CUSH,"BRAVADA ARMLESS SOFA 72"" x 34"" x 31"" BH CUSH",sub_assembly,cushion,cush_suffix,4,0,4,dry_run
would_assign,SA-BRV-ARM-SOF-72X34-FRAME,"BRAVADA ARMLESS SOFA 72"" x 34"" x 31"" BH FRAME",sub_assembly,aluminum_frame,frame_suffix,5,0,5,dry_run
would_assign,SA-BRV-ARM-SOF-84X34-CUSH,"BRAVADA ARMLESS SOFA 84"" x 34"" x 31"" BH CUSH",sub_assembly,cushion,cush_suffix,4,0,4,dry_run
would_assign,SA-BRV-ARM-SOF-84X34-FRAME,"BRAVADA ARMLESS SOFA 84"" x 34"" x 31"" BH FRAME",sub_assembly,aluminum_frame,frame_suffix,5,0,5,dry_run
would_assign,SA-BRV-ARM-SOF-96X34-CUSH,"BRAVADA ARMLESS SOFA 96"" x 34"" x 31"" BH CUSH",sub_assembly,cushion,cush_suffix,4,0,4,dry_run
would_assign,SA-BRV-ARM-SOF-96X34-FRAME,"BRAVADA ARMLESS SOFA 96"" x 34"" x 31"" BH FRAME",sub_assembly,aluminum_frame,frame_suffix,5,0,5,dry_run
would_assign,SA-BRV-BCH-96X34-CUSH,"BRAVADA ROUNDED BENCH 96"" X 34"" X 18"" SH CUSH",sub_assembly,cushion,cush_suffix,4,0,4,dry_run
would_assign,SA-BRV-BCH-96X34-FRAME,"BRAVADA ROUNDED BENCH 96"" X 34"" X 18"" SH FRAME",sub_assembly,aluminum_frame,frame_suffix,5,0,5,dry_run
skipped_no_track,SA-BRV-CLB-CHA-34X34-BACK,Bravada Club Chair Back,sub_assembly,,unmatched_family,0,0,0,dry_run
would_assign,SA-BRV-CLB-CHA-34X34-CUSH,"BRAVADA CLUB CHAIR 34"" x 34"" x 31"" BH CUSH",sub_assembly,cushion,cush_suffix,4,0,4,dry_run
would_assign,SA-BRV-CLB-CHA-34X34-FRAME,"BRAVADA CLUB CHAIR 34"" x 34"" x 31"" BH FRAME",sub_assembly,aluminum_frame,frame_suffix,5,0,5,dry_run
skipped_no_track,SA-BRV-CLB-CHA-34X34-SEAT,Bravada Club Chair Seat Frame,sub_assembly,,unmatched_family,0,0,0,dry_run
would_assign,SA-BRV-COF-TAB-28X42-FRAME,"BRAVADA COFFEE TABLE 28"" x 42"" x 17"" FRAME",sub_assembly,aluminum_frame,frame_suffix,5,0,5,dry_run
would_assign,SA-BRV-COF-TAB-36X36-FRAME,"BRAVADA COFFEE TABLE 36"" x 36"" x 17"" FRAME",sub_assembly,aluminum_frame,frame_suffix,5,0,5,dry_run
would_assign,SA-BRV-COF-TAB-36X56-FRAME,"BRAVADA COFFEE TABLE 36"" x 56"" x 17"" FRAME",sub_assembly,aluminum_frame,frame_suffix,5,0,5,dry_run
would_assign,SA-BRV-COF-TAB-42X42-FRAME,"BRAVADA COFFEE TABLE 42"" x 42"" x 17"" FRAME",sub_assembly,aluminum_frame,frame_suffix,5,0,5,dry_run
would_assign,SA-BRV-COF-TAB-42X56-FRAME,"BRAVADA COFFEE TABLE 42"" x 56"" x 17"" FRAME",sub_assembly,aluminum_frame,frame_suffix,5,0,5,dry_run
would_assign,SA-BRV-COF-TAB-42X72-FRAME,"BRAVADA COFFEE TABLE 42"" x 72"" x 17"" FRAME",sub_assembly,aluminum_frame,frame_suffix,5,0,5,dry_run
would_assign,SA-BRV-COF-TAB-56X56-FRAME,"BRAVADA COFFEE TABLE 56"" x 56"" x 17"" FRAME",sub_assembly,aluminum_frame,frame_suffix,5,0,5,dry_run
would_assign,SA-BRV-COF-TAB-56X72-FRAME,"BRAVADA COFFEE TABLE 56"" x 72"" x 17"" FRAME",sub_assembly,aluminum_frame,frame_suffix,5,0,5,dry_run
would_assign,SA-BRV-COR-CHS-72X34-CUSH,"BRAVADA CORNER CHAISE 72"" x 34"" x 31"" BH CUSH",sub_assembly,cushion,cush_suffix,4,0,4,dry_run
would_assign,SA-BRV-COR-CHS-72X34-FRAME,"BRAVADA CORNER CHAISE 72"" x 34"" x 31"" BH FRAME",sub_assembly,aluminum_frame,frame_suffix,5,0,5,dry_run
would_assign,SA-BRV-COR-CHS-84X34-CUSH,"BRAVADA CORNER CHAISE 84"" x 34"" x 31"" BH CUSH",sub_assembly,cushion,cush_suffix,4,0,4,dry_run
would_assign,SA-BRV-COR-CHS-84X34-FRAME,"BRAVADA CORNER CHAISE 84"" x 34"" x 31"" BH FRAME",sub_assembly,aluminum_frame,frame_suffix,5,0,5,dry_run
would_assign,SA-BRV-COR-SOF-72X34-CUSH,"BRAVADA CORNER SOFA 72"" x 34"" x 31"" BH CUSH",sub_assembly,cushion,cush_suffix,4,0,4,dry_run
would_assign,SA-BRV-COR-SOF-72X34-FRAME,"BRAVADA CORNER SOFA 72"" x 34"" x 31"" BH FRAME",sub_assembly,aluminum_frame,frame_suffix,5,0,5,dry_run
would_assign,SA-BRV-COR-SOF-84X34-CUSH,"BRAVADA CORNER SOFA 84"" x 34"" x 31"" BH CUSH",sub_assembly,cushion,cush_suffix,4,0,4,dry_run
would_assign,SA-BRV-COR-SOF-84X34-FRAME,"BRAVADA CORNER SOFA 84"" x 34"" x 31"" BH FRAME",sub_assembly,aluminum_frame,frame_suffix,5,0,5,dry_run
would_assign,SA-BRV-COR-SOF-96X34-CUSH,"BRAVADA CORNER SOFA 96"" x 34"" x 31"" BH CUSH",sub_assembly,cushion,cush_suffix,4,0,4,dry_run
would_assign,SA-BRV-COR-SOF-96X34-FRAME,"BRAVADA CORNER SOFA 96"" x 34"" x 31"" BH FRAME",sub_assembly,aluminum_frame,frame_suffix,5,0,5,dry_run
would_assign,SA-BRV-DOU-CHS-58X79-CUSH,"BRAVADA DOUBLE CHAISE LOUNGE 58"" x 79"" x 14"" SH CUSH",sub_assembly,cushion,cush_suffix,4,0,4,dry_run
would_assign,SA-BRV-DOU-CHS-58X79-FRAME,"BRAVADA DOUBLE CHAISE LOUNGE 58"" x 79"" x 14"" SH FRAME",sub_assembly,aluminum_frame,frame_suffix,5,0,5,dry_run
would_assign,SA-BRV-DYB-72X72-CUSH,"BRAVADA DAYBED 72"" x 72"" x 27"" BH CUSH",sub_assembly,cushion,cush_suffix,4,0,4,dry_run
would_assign,SA-BRV-DYB-72X72-FRAME,"BRAVADA DAYBED 72"" x 72"" x 27"" BH FRAME",sub_assembly,aluminum_frame,frame_suffix,5,0,5,dry_run
would_assign,SA-BRV-DYB-84X72-CUSH,"BRAVADA DAYBED 84"" x 72"" x 27"" BH CUSH",sub_assembly,cushion,cush_suffix,4,0,4,dry_run
would_assign,SA-BRV-DYB-84X72-FRAME,"BRAVADA DAYBED 84"" x 72"" x 27"" BH FRAME",sub_assembly,aluminum_frame,frame_suffix,5,0,5,dry_run
would_assign,SA-BRV-DYB-84X84-CUSH,"BRAVADA ROUND DAYBED 84"" DIAMETER CUSH",sub_assembly,cushion,cush_suffix,4,0,4,dry_run
would_assign,SA-BRV-DYB-84X84-FRAME,"BRAVADA ROUND DAYBED 84"" DIAMETER FRAME",sub_assembly,aluminum_frame,frame_suffix,5,0,5,dry_run
would_assign,SA-BRV-LOV-SOF-60X34-CUSH,"BRAVADA LOVESEAT 60"" x 34"" x 31"" BH CUSH",sub_assembly,cushion,cush_suffix,4,0,4,dry_run
would_assign,SA-BRV-LOV-SOF-60X34-FRAME,"BRAVADA LOVESEAT 60"" x 34"" x 31"" BH FRAME",sub_assembly,aluminum_frame,frame_suffix,5,0,5,dry_run
would_assign,SA-BRV-MIN-LOV-48X34-CUSH,"BRAVADA MINI LOVESEAT 48"" x 34"" x 31"" BH CUSH",sub_assembly,cushion,cush_suffix,4,0,4,dry_run
would_assign,SA-BRV-MIN-LOV-48X34-FRAME,"BRAVADA MINI LOVESEAT 48"" x 34"" x 31"" BH FRAME",sub_assembly,aluminum_frame,frame_suffix,5,0,5,dry_run
would_assign,SA-BRV-OTT-22X30-CUSH,"BRAVADA OTTOMAN 22"" x 30"" x 16"" CUSH",sub_assembly,cushion,cush_suffix,4,0,4,dry_run
would_assign,SA-BRV-OTT-22X30-FRAME,"BRAVADA OTTOMAN 22"" x 30"" x 16"" FRAME",sub_assembly,aluminum_frame,frame_suffix,5,0,5,dry_run
would_assign,SA-BRV-OTT-22X42-CUSH,"BRAVADA OTTOMAN 22"" x 42"" x 16"" CUSH",sub_assembly,cushion,cush_suffix,4,0,4,dry_run
would_assign,SA-BRV-OTT-22X42-FRAME,"BRAVADA OTTOMAN 22"" x 42"" x 16"" FRAME",sub_assembly,aluminum_frame,frame_suffix,5,0,5,dry_run
would_assign,SA-BRV-OTT-22X60-CUSH,"BRAVADA OTTOMAN 22"" x 60"" x 16"" CUSH",sub_assembly,cushion,cush_suffix,4,0,4,dry_run
would_assign,SA-BRV-OTT-22X60-FRAME,"BRAVADA OTTOMAN 22"" x 60"" x 16"" FRAME",sub_assembly,aluminum_frame,frame_suffix,5,0,5,dry_run
would_assign,SA-BRV-OTT-22X72-CUSH,"BRAVADA OTTOMAN 22"" x 72"" x 16"" CUSH",sub_assembly,cushion,cush_suffix,4,0,4,dry_run
would_assign,SA-BRV-OTT-22X72-FRAME,"BRAVADA OTTOMAN 22"" x 72"" x 16"" FRAME",sub_assembly,aluminum_frame,frame_suffix,5,0,5,dry_run
would_assign,SA-BRV-OTT-34X34-CUSH,"BRAVADA OTTOMAN 34"" x 34"" x 16"" CUSH",sub_assembly,cushion,cush_suffix,4,0,4,dry_run
would_assign,SA-BRV-OTT-34X34-FRAME,"BRAVADA OTTOMAN 34"" x 34"" x 16"" FRAME",sub_assembly,aluminum_frame,frame_suffix,5,0,5,dry_run
would_assign,SA-BRV-OTT-34X42-CUSH,"BRAVADA OTTOMAN 34"" x 42"" x 16"" CUSH",sub_assembly,cushion,cush_suffix,4,0,4,dry_run
would_assign,SA-BRV-OTT-34X42-FRAME,"BRAVADA OTTOMAN 34"" x 42"" x 16"" FRAME",sub_assembly,aluminum_frame,frame_suffix,5,0,5,dry_run
would_assign,SA-BRV-OTT-34X60-CUSH,"BRAVADA OTTOMAN 34"" x 60"" x 16"" CUSH",sub_assembly,cushion,cush_suffix,4,0,4,dry_run
would_assign,SA-BRV-OTT-34X60-FRAME,"BRAVADA OTTOMAN 34"" x 60"" x 16"" FRAME",sub_assembly,aluminum_frame,frame_suffix,5,0,5,dry_run
would_assign,SA-BRV-OTT-34X72-CUSH,"BRAVADA OTTOMAN 34"" x 72"" x 16"" CUSH",sub_assembly,cushion,cush_suffix,4,0,4,dry_run
would_assign,SA-BRV-OTT-34X72-FRAME,"BRAVADA OTTOMAN 34"" x 72"" x 16"" FRAME",sub_assembly,aluminum_frame,frame_suffix,5,0,5,dry_run
would_assign,SA-BRV-OVS-CHS-72X42-CUSH,"BRAVADA OVERSIZED CHAISE 72"" x 42"" x 31"" BH CUSH",sub_assembly,cushion,cush_suffix,4,0,4,dry_run
would_assign,SA-BRV-OVS-CHS-72X42-FRAME,"BRAVADA OVERSIZED CHAISE 72"" x 42"" x 31"" BH FRAME",sub_assembly,aluminum_frame,frame_suffix,5,0,5,dry_run
would_assign,SA-BRV-OVS-CHS-84X42-CUSH,"BRAVADA OVERSIZED CHAISE 84"" x 42"" x 31"" BH CUSH",sub_assembly,cushion,cush_suffix,4,0,4,dry_run
would_assign,SA-BRV-OVS-CHS-84X42-FRAME,"BRAVADA OVERSIZED CHAISE 84"" x 42"" x 31"" BH FRAME",sub_assembly,aluminum_frame,frame_suffix,5,0,5,dry_run
would_assign,SA-BRV-SGL-CHS-30X79-CUSH,"BRAVADA SINGLE CHAISE LOUNGE 30"" x 79"" x 14"" SH CUSH",sub_assembly,cushion,cush_suffix,4,0,4,dry_run
would_assign,SA-BRV-SGL-CHS-30X79-FRAME,"BRAVADA SINGLE CHAISE LOUNGE 30"" x 79"" x 14"" SH FRAME",sub_assembly,aluminum_frame,frame_suffix,5,0,5,dry_run
would_assign,SA-BRV-SID-TAB-20X20-FRAME,"BRAVADA SIDE TABLE 20"" x 20"" x 17"" FRAME",sub_assembly,aluminum_frame,frame_suffix,5,0,5,dry_run
would_assign,SA-BRV-SOF-72X34-CUSH,"BRAVADA SOFA 72"" x 34"" x 31"" BH CUSH",sub_assembly,cushion,cush_suffix,4,0,4,dry_run
would_assign,SA-BRV-SOF-72X34-FRAME,"BRAVADA SOFA 72"" x 34"" x 31"" BH FRAME",sub_assembly,aluminum_frame,frame_suffix,5,0,5,dry_run
would_assign,SA-BRV-SOF-84X34-CUSH,"BRAVADA SOFA 84"" x 34"" x 31"" BH CUSH",sub_assembly,cushion,cush_suffix,4,0,4,dry_run
would_assign,SA-BRV-SOF-84X34-FRAME,"BRAVADA SOFA 84"" x 34"" x 31"" BH FRAME",sub_assembly,aluminum_frame,frame_suffix,5,0,5,dry_run
would_assign,SA-BRV-SOF-96X34-CUSH,"BRAVADA SOFA 96"" x 34"" x 31"" BH CUSH",sub_assembly,cushion,cush_suffix,4,0,4,dry_run
would_assign,SA-BRV-SOF-96X34-FRAME,"BRAVADA SOFA 96"" x 34"" x 31"" BH FRAME",sub_assembly,aluminum_frame,frame_suffix,5,0,5,dry_run
would_assign,SA-BRV-SWG-66X42-CUSH,"BRAVADA SWING 66"" x 42"" x 23"" BH CUSH",sub_assembly,cushion,cush_suffix,4,0,4,dry_run
would_assign,SA-BRV-SWG-66X42-FRAME,"BRAVADA SWING 66"" x 42"" x 23"" BH FRAME",sub_assembly,aluminum_frame,frame_suffix,5,0,5,dry_run
would_assign,SA-BRV-SWG-72X12-CUSH,"BRAVADA 60"" ROUND SWING 72"" x 12"" SH CUSH",sub_assembly,cushion,cush_suffix,4,0,4,dry_run
would_assign,SA-BRV-SWG-72X12-FRAME,"BRAVADA 60"" ROUND SWING 72"" x 12"" SH FRAME",sub_assembly,aluminum_frame,frame_suffix,5,0,5,dry_run
would_assign,SA-BRV-SWG-72X42-CUSH,"BRAVADA SWING 72"" x 42"" x 23"" BH CUSH",sub_assembly,cushion,cush_suffix,4,0,4,dry_run
would_assign,SA-BRV-SWG-72X42-FRAME,"BRAVADA SWING 72"" x 42"" x 23"" BH FRAME",sub_assembly,aluminum_frame,frame_suffix,5,0,5,dry_run
would_assign,SA-BRV-SWG-84X42-CUSH,"BRAVADA SWING 84"" x 42"" x 23"" BH CUSH",sub_assembly,cushion,cush_suffix,4,0,4,dry_run
would_assign,SA-BRV-SWG-84X42-FRAME,"BRAVADA SWING 84"" x 42"" x 23"" BH FRAME",sub_assembly,aluminum_frame,frame_suffix,5,0,5,dry_run
would_assign,SA-BRV-SWG-96X32-CUSH,"BRAVADA SWING 96"" x 32"" x 23"" BH CUSH",sub_assembly,cushion,cush_suffix,4,0,4,dry_run
would_assign,SA-BRV-SWG-96X32-FRAME,"BRAVADA SWING 96"" x 32"" x 23"" BH FRAME",sub_assembly,aluminum_frame,frame_suffix,5,0,5,dry_run
would_assign,SA-BRV-SWV-CHA-34X34-CUSH,"BRAVADA SWIVEL CHAIR 34"" x 34"" x 31"" BH CUSH",sub_assembly,cushion,cush_suffix,4,0,4,dry_run
would_assign,SA-BRV-SWV-CHA-34X34-FRAME,"BRAVADA SWIVEL CHAIR 34"" x 34"" x 31"" BH FRAME",sub_assembly,aluminum_frame,frame_suffix,5,0,5,dry_run
would_assign,SA-BRV-SWV-CHA-CUSH,BRAVADA SWIVEL CHAIR W/DEKTON SIDEARM CUSH,sub_assembly,cushion,cush_suffix,4,0,4,dry_run
would_assign,SA-BRV-SWV-CHA-FRAME,BRAVADA SWIVEL CHAIR W/DEKTON SIDEARM FRAME,sub_assembly,aluminum_frame,frame_suffix,5,0,5,dry_run
would_assign,SA-CAB-DYB-84X84-CUSH,"CABANA DAYBED 84"" x 84"" x 78"" CUSH",sub_assembly,cushion,cush_suffix,4,0,4,dry_run
would_assign,SA-CAB-DYB-84X84-FRAME,"CABANA DAYBED 84"" x 84"" x 78"" FRAME",sub_assembly,aluminum_frame,frame_suffix,5,0,5,dry_run
would_assign,SA-CAB-MIS-10X10-CUSH,CABANA 10' X 10' X 9' w/Sunbrella Top & Curtains CUSH,sub_assembly,cushion,cush_suffix,4,0,4,dry_run
would_assign,SA-CAB-MIS-10X10-FRAME,CABANA 10' X 10' X 9' w/Sunbrella Top & Curtains FRAME,sub_assembly,aluminum_frame,frame_suffix,5,0,5,dry_run
would_assign,SA-CUS-OTT-22X72-CUSH,"CUSTOM STORAGE OTTOMAN 22"" x 72"" x 23"" CUSH",sub_assembly,cushion,cush_suffix,4,0,4,dry_run
would_assign,SA-CUS-OTT-22X72-FRAME,"CUSTOM STORAGE OTTOMAN 22"" x 72"" x 23"" FRAME",sub_assembly,aluminum_frame,frame_suffix,5,0,5,dry_run
would_assign,SA-CUS-OTT-23X82-CUSH,"CUSTOM STORAGE OTTOMAN 23"" x 82"" CUSH",sub_assembly,cushion,cush_suffix,4,0,4,dry_run
would_assign,SA-CUS-OTT-23X82-FRAME,"CUSTOM STORAGE OTTOMAN 23"" x 82"" FRAME",sub_assembly,aluminum_frame,frame_suffix,5,0,5,dry_run
would_assign,SA-CUS-OTT-72X22-CUSH,CUSTOM STORAGE OTTOMAN 22 X 72 CUSH,sub_assembly,cushion,cush_suffix,4,0,4,dry_run
would_assign,SA-CUS-OTT-72X22-FRAME,CUSTOM STORAGE OTTOMAN 22 X 72 FRAME,sub_assembly,aluminum_frame,frame_suffix,5,0,5,dry_run
would_assign,SA-CUS-OTT-82X23-CUSH,CUSTOM STORAGE OTTOMAN 23 X 82 CUSH,sub_assembly,cushion,cush_suffix,4,0,4,dry_run
would_assign,SA-CUS-OTT-82X23-FRAME,CUSTOM STORAGE OTTOMAN 23 X 82 FRAME,sub_assembly,aluminum_frame,frame_suffix,5,0,5,dry_run
would_assign,SA-DAI-BAR-TAB-120X42-FRAME,DAISY BASE TABLE (BAR HEIGHT) 42 X 120 FRAME,sub_assembly,aluminum_frame,frame_suffix,5,0,5,dry_run
would_assign,SA-DAI-BAR-TAB-120X56-FRAME,DAISY BASE TABLE (BAR HEIGHT) 56 X 120 FRAME,sub_assembly,aluminum_frame,frame_suffix,5,0,5,dry_run
would_assign,SA-DAI-BAR-TAB-42X120-FRAME,"DAISY BASE TABLE (BAR HEIGHT) 42"" x 120"" x 42"" FRAME",sub_assembly,aluminum_frame,frame_suffix,5,0,5,dry_run
would_assign,SA-DAI-BAR-TAB-42X72-FRAME,"DAISY BASE TABLE (BAR HEIGHT) 42"" x 72"" x 42"" FRAME",sub_assembly,aluminum_frame,frame_suffix,5,0,5,dry_run
would_assign,SA-DAI-BAR-TAB-42X96-FRAME,"DAISY BASE TABLE (BAR HEIGHT) 42"" x 96"" x 42"" FRAME",sub_assembly,aluminum_frame,frame_suffix,5,0,5,dry_run
would_assign,SA-DAI-BAR-TAB-56X120-FRAME,"DAISY BASE TABLE (BAR HEIGHT) 56"" x 120"" x 42"" FRAME",sub_assembly,aluminum_frame,frame_suffix,5,0,5,dry_run
would_assign,SA-DAI-BAR-TAB-56X56-FRAME,"DAISY BASE TABLE (BAR HEIGHT) 56"" x 56"" x 42"" FRAME",sub_assembly,aluminum_frame,frame_suffix,5,0,5,dry_run
would_assign,SA-DAI-BAR-TAB-56X72-FRAME,"DAISY BASE TABLE (BAR HEIGHT) 56"" x 72"" x 42"" FRAME",sub_assembly,aluminum_frame,frame_suffix,5,0,5,dry_run
would_assign,SA-DAI-BAR-TAB-56X96-FRAME,"DAISY BASE TABLE (BAR HEIGHT) 56"" x 96"" x 42"" FRAME",sub_assembly,aluminum_frame,frame_suffix,5,0,5,dry_run
would_assign,SA-DAI-BAR-TAB-72X42-FRAME,DAISY BASE TABLE (BAR HEIGHT) 42 X 72 FRAME,sub_assembly,aluminum_frame,frame_suffix,5,0,5,dry_run
would_assign,SA-DAI-BAR-TAB-72X56-FRAME,DAISY BASE TABLE (BAR HEIGHT) 56 X 72 FRAME,sub_assembly,aluminum_frame,frame_suffix,5,0,5,dry_run
would_assign,SA-DAI-BAR-TAB-96X42-FRAME,DAISY BASE TABLE (BAR HEIGHT) 42 X 96 FRAME,sub_assembly,aluminum_frame,frame_suffix,5,0,5,dry_run
would_assign,SA-DAI-BAR-TAB-96X56-FRAME,DAISY BASE TABLE (BAR HEIGHT) 56 X 96 FRAME,sub_assembly,aluminum_frame,frame_suffix,5,0,5,dry_run
would_assign,SA-DAI-CNT-TAB-120X42-FRAME,DAISY BASE TABLE (COUNTER HEIGHT) 42 X 120 FRAME,sub_assembly,aluminum_frame,frame_suffix,5,0,5,dry_run
would_assign,SA-DAI-CNT-TAB-120X56-FRAME,DAISY BASE TABLE (COUNTER HEIGHT) 56 X 120 FRAME,sub_assembly,aluminum_frame,frame_suffix,5,0,5,dry_run
would_assign,SA-DAI-CNT-TAB-42X120-FRAME,"DAISY BASE TABLE (COUNTER HEIGHT) 42"" x 120"" x 36"" FRAME",sub_assembly,aluminum_frame,frame_suffix,5,0,5,dry_run
would_assign,SA-DAI-CNT-TAB-42X72-FRAME,"DAISY BASE TABLE (COUNTER HEIGHT) 42"" x 72"" x 36"" FRAME",sub_assembly,aluminum_frame,frame_suffix,5,0,5,dry_run
would_assign,SA-DAI-CNT-TAB-42X96-FRAME,"DAISY BASE TABLE (COUNTER HEIGHT) 42"" x 96"" x 36"" FRAME",sub_assembly,aluminum_frame,frame_suffix,5,0,5,dry_run
would_assign,SA-DAI-CNT-TAB-56X120-FRAME,"DAISY BASE TABLE (COUNTER HEIGHT) 56"" x 120"" x 36"" FRAME",sub_assembly,aluminum_frame,frame_suffix,5,0,5,dry_run
would_assign,SA-DAI-CNT-TAB-56X56-FRAME,"DAISY BASE TABLE (COUNTER HEIGHT) 56"" x 56"" x 36"" FRAME",sub_assembly,aluminum_frame,frame_suffix,5,0,5,dry_run
would_assign,SA-DAI-CNT-TAB-56X72-FRAME,"DAISY BASE TABLE (COUNTER HEIGHT) 56"" x 72"" x 36"" FRAME",sub_assembly,aluminum_frame,frame_suffix,5,0,5,dry_run
would_assign,SA-DAI-CNT-TAB-56X96-FRAME,"DAISY BASE TABLE (COUNTER HEIGHT) 56"" x 96"" x 36"" FRAME",sub_assembly,aluminum_frame,frame_suffix,5,0,5,dry_run
would_assign,SA-DAI-CNT-TAB-72X42-FRAME,DAISY BASE TABLE (COUNTER HEIGHT) 42 X 72 FRAME,sub_assembly,aluminum_frame,frame_suffix,5,0,5,dry_run
would_assign,SA-DAI-CNT-TAB-72X56-FRAME,DAISY BASE TABLE (COUNTER HEIGHT) 56 X 72 FRAME,sub_assembly,aluminum_frame,frame_suffix,5,0,5,dry_run
would_assign,SA-DAI-CNT-TAB-96X42-FRAME,DAISY BASE TABLE (COUNTER HEIGHT) 42 X 96 FRAME,sub_assembly,aluminum_frame,frame_suffix,5,0,5,dry_run
would_assign,SA-DAI-CNT-TAB-96X56-FRAME,DAISY BASE TABLE (COUNTER HEIGHT) 56 X 96 FRAME,sub_assembly,aluminum_frame,frame_suffix,5,0,5,dry_run
would_assign,SA-DAI-DIN-TAB-120X42-FRAME,DAISY BASE TABLE (DINING HEIGHT) 42 X 120 FRAME,sub_assembly,aluminum_frame,frame_suffix,5,0,5,dry_run
would_assign,SA-DAI-DIN-TAB-120X56-FRAME,DAISY BASE TABLE (DINING HEIGHT) 56 X 120 FRAME,sub_assembly,aluminum_frame,frame_suffix,5,0,5,dry_run
would_assign,SA-DAI-DIN-TAB-42X30-FRAME,"DAISY BASE ROUND TABLE (DINING HEIGHT) 42"" x 30"" FRAME",sub_assembly,aluminum_frame,frame_suffix,5,0,5,dry_run
would_assign,SA-DAI-DIN-TAB-42X42-FRAME,DAISY BASE ROUND TABLE (DINING HEIGHT) 42 FRAME,sub_assembly,aluminum_frame,frame_suffix,5,0,5,dry_run
would_assign,SA-DAI-DIN-TAB-56X30-FRAME,"DAISY BASE ROUND TABLE (DINING HEIGHT) 56"" x 30"" FRAME",sub_assembly,aluminum_frame,frame_suffix,5,0,5,dry_run
would_assign,SA-DAI-DIN-TAB-56X56-FRAME,DAISY BASE TABLE (DINING HEIGHT) 56 X 56 FRAME,sub_assembly,aluminum_frame,frame_suffix,5,0,5,dry_run
would_assign,SA-DAI-DIN-TAB-56X72-FRAME,"DAISY BASE TABLE (DINING HEIGHT) 56"" x 72"" x 30"" FRAME",sub_assembly,aluminum_frame,frame_suffix,5,0,5,dry_run
would_assign,SA-DAI-DIN-TAB-56X96-FRAME,"DAISY BASE TABLE (DINING HEIGHT) 56"" x 96"" x 30"" FRAME",sub_assembly,aluminum_frame,frame_suffix,5,0,5,dry_run
would_assign,SA-DAI-DIN-TAB-72X42-FRAME,DAISY BASE TABLE (DINING HEIGHT) 42 X 72 FRAME,sub_assembly,aluminum_frame,frame_suffix,5,0,5,dry_run
would_assign,SA-DAI-DIN-TAB-72X56-FRAME,DAISY BASE TABLE (DINING HEIGHT) 56 X 72 FRAME,sub_assembly,aluminum_frame,frame_suffix,5,0,5,dry_run
would_assign,SA-DAI-DIN-TAB-96X42-FRAME,DAISY BASE TABLE (DINING HEIGHT) 42 X 96 FRAME,sub_assembly,aluminum_frame,frame_suffix,5,0,5,dry_run
would_assign,SA-DAI-DIN-TAB-96X56-FRAME,DAISY BASE TABLE (DINING HEIGHT) 56 X 96 FRAME,sub_assembly,aluminum_frame,frame_suffix,5,0,5,dry_run
would_assign,SA-DAI-FIR-TAB-42X42-FRAME,"PROPANE FIRE PIT TABLE 42"" x 42"" x 21"" FRAME",sub_assembly,aluminum_frame,frame_suffix,5,0,5,dry_run
would_assign,SA-DAI-FIR-TAB-56X42-FRAME,"PROPANE FIRE PIT TABLE 56"" x 42"" x 21"" FRAME",sub_assembly,aluminum_frame,frame_suffix,5,0,5,dry_run
would_assign,SA-DAI-FIR-TAB-84X56-FRAME,"DAISY BASE FIRE PIT DINING TABLE 84"" x 56"" x 30"" FRAME",sub_assembly,aluminum_frame,frame_suffix,5,0,5,dry_run
would_assign,SA-DAI-FIR-TAB-96X56-FRAME,"DAISY BASE FIRE PIT DINING TABLE 96"" x 56"" x 30"" FRAME",sub_assembly,aluminum_frame,frame_suffix,5,0,5,dry_run
would_assign,SA-DAI-TAB-108X56-FRAME,"DAISY BASE OVAL TABLE 108"" X 56"" X 30"" FRAME",sub_assembly,aluminum_frame,frame_suffix,5,0,5,dry_run
would_assign,SA-DAI-TAB-72X42-FRAME,Daisy Base Table 72 x 42 Dining Height FRAME,sub_assembly,aluminum_frame,frame_suffix,5,0,5,dry_run
would_assign,SA-ESY-CHS-CUSH,ADD-ON WHEELS FOR CHAISE LOUNGERS CUSH,sub_assembly,cushion,cush_suffix,4,0,4,dry_run
would_assign,SA-ESY-CHS-FRAME,ADD-ON WHEELS FOR CHAISE LOUNGERS FRAME,sub_assembly,aluminum_frame,frame_suffix,5,0,5,dry_run
would_assign,SA-FLY-BCH-42X18-CUSH,FLY LEG BENCH (BAR HEIGHT) 42 CUSH,sub_assembly,cushion,cush_suffix,4,0,4,dry_run
would_assign,SA-FLY-BCH-42X18-FRAME,FLY LEG BENCH (BAR HEIGHT) 42 FRAME,sub_assembly,aluminum_frame,frame_suffix,5,0,5,dry_run
would_assign,SA-FLY-DIN-CHA-18X18-CUSH,FLY LEG CHAIR (DINING HEIGHT) CUSH,sub_assembly,cushion,cush_suffix,4,0,4,dry_run
would_assign,SA-FLY-DIN-CHA-18X18-FRAME,FLY LEG CHAIR (DINING HEIGHT) FRAME,sub_assembly,aluminum_frame,frame_suffix,5,0,5,dry_run
would_assign,SA-FLY-FLY-BST-18X18-CUSH,FLY LEG BARSTOOL (BAR HEIGHT) CUSH,sub_assembly,cushion,cush_suffix,4,0,4,dry_run
would_assign,SA-FLY-FLY-BST-18X18-FRAME,FLY LEG BARSTOOL (BAR HEIGHT) FRAME,sub_assembly,aluminum_frame,frame_suffix,5,0,5,dry_run
would_assign,SA-FLY-LEG-BAR-COU-HEI-CUSH,FLY LEG BARSTOOL (COUNTER HEIGHT) CUSH,sub_assembly,cushion,cush_suffix,4,0,4,dry_run
would_assign,SA-FLY-LEG-BAR-COU-HEI-FRAME,FLY LEG BARSTOOL (COUNTER HEIGHT) FRAME,sub_assembly,aluminum_frame,frame_suffix,5,0,5,dry_run
would_assign,SA-FLY-LEG-BEN-COU-HEI-42-CUSH,FLY LEG BENCH (COUNTER HEIGHT) 42 CUSH,sub_assembly,cushion,cush_suffix,4,0,4,dry_run
would_assign,SA-FLY-LEG-BEN-COU-HEI-42-FRAME,FLY LEG BENCH (COUNTER HEIGHT) 42 FRAME,sub_assembly,aluminum_frame,frame_suffix,5,0,5,dry_run
would_assign,SA-FLY-LEG-BEN-DIN-HEI-42-CUSH,FLY LEG BENCH (DINING HEIGHT) 42 CUSH,sub_assembly,cushion,cush_suffix,4,0,4,dry_run
would_assign,SA-FLY-LEG-BEN-DIN-HEI-42-FRAME,FLY LEG BENCH (DINING HEIGHT) 42 FRAME,sub_assembly,aluminum_frame,frame_suffix,5,0,5,dry_run
would_assign,SA-FLY-TAB-38X8-FRAME,FLY TABLE 8 FRAME,sub_assembly,aluminum_frame,frame_suffix,5,0,5,dry_run
would_assign,SA-FLY-TAB-60X12-FRAME,FLY TABLE 60 FRAME,sub_assembly,aluminum_frame,frame_suffix,5,0,5,dry_run
would_assign,SA-FLY-TAB-72X12-FRAME,FLY TABLE 72 FRAME,sub_assembly,aluminum_frame,frame_suffix,5,0,5,dry_run
would_assign,SA-FLY-TAB-84X12-FRAME,FLY TABLE 84 FRAME,sub_assembly,aluminum_frame,frame_suffix,5,0,5,dry_run
would_assign,SA-FLY-TAB-96X12-FRAME,FLY TABLE 96 FRAME,sub_assembly,aluminum_frame,frame_suffix,5,0,5,dry_run
would_assign,SA-HAL-BAC-BAR-BAR-HEI-CUSH,HALF BACK BARSTOOL (BAR HEIGHT) CUSH,sub_assembly,cushion,cush_suffix,4,0,4,dry_run
would_assign,SA-HAL-BAC-BAR-BAR-HEI-FRAME,HALF BACK BARSTOOL (BAR HEIGHT) FRAME,sub_assembly,aluminum_frame,frame_suffix,5,0,5,dry_run
would_assign,SA-LED-CHA-CUSH,LEDGE LOUNGER SIGNATURE LOWBACK CHAIR CUSH,sub_assembly,cushion,cush_suffix,4,0,4,dry_run
would_assign,SA-LED-CHA-FRAME,LEDGE LOUNGER SIGNATURE LOWBACK CHAIR FRAME,sub_assembly,aluminum_frame,frame_suffix,5,0,5,dry_run
would_assign,SA-LED-SID-TAB-FRAME,LEDGE LOUNGER AUTOGRAPH SIDE TABLE FRAME,sub_assembly,aluminum_frame,frame_suffix,5,0,5,dry_run
would_assign,SA-MIS-DIN-BCH-72X22-CUSH,DINING BENCH W/NO ARMS 72 X 22 CUSH,sub_assembly,cushion,cush_suffix,4,0,4,dry_run
would_assign,SA-MIS-DIN-BCH-72X22-FRAME,DINING BENCH W/NO ARMS 72 X 22 FRAME,sub_assembly,aluminum_frame,frame_suffix,5,0,5,dry_run
would_assign,SA-MIS-DIN-BCH-96X22-CUSH,DINING BENCH W/NO ARMS 96 X 22 CUSH,sub_assembly,cushion,cush_suffix,4,0,4,dry_run
would_assign,SA-MIS-DIN-BCH-96X22-FRAME,DINING BENCH W/NO ARMS 96 X 22 FRAME,sub_assembly,aluminum_frame,frame_suffix,5,0,5,dry_run
would_assign,SA-MIS-DIN-CHA-17X21-CUSH,HALF BACK CHAIR (DINING HEIGHT CUSH,sub_assembly,cushion,cush_suffix,4,0,4,dry_run
would_assign,SA-MIS-DIN-CHA-17X21-FRAME,HALF BACK CHAIR (DINING HEIGHT FRAME,sub_assembly,aluminum_frame,frame_suffix,5,0,5,dry_run
would_assign,SA-MIS-FIR-TAB-42X42-FRAME,PROPANE FIRE PIT TABLE 42 X 42 FRAME,sub_assembly,aluminum_frame,frame_suffix,5,0,5,dry_run
would_assign,SA-MIS-FLY-BST-17X21-CUSH,HALF BACK BARSTOOL (COUNTER HEIGHT) CUSH,sub_assembly,cushion,cush_suffix,4,0,4,dry_run
would_assign,SA-MIS-FLY-BST-17X21-FRAME,HALF BACK BARSTOOL (COUNTER HEIGHT) FRAME,sub_assembly,aluminum_frame,frame_suffix,5,0,5,dry_run
would_assign,SA-MIS-OTT-22X22-CUSH,"CUBE OTTOMAN 22"" x 22"" x 16"" CUSH",sub_assembly,cushion,cush_suffix,4,0,4,dry_run
would_assign,SA-MIS-OTT-22X22-FRAME,"CUBE OTTOMAN 22"" x 22"" x 16"" FRAME",sub_assembly,aluminum_frame,frame_suffix,5,0,5,dry_run
would_assign,SA-MIS-SID-TAB-13X30-FRAME,U SIDE TABLE FRAME,sub_assembly,aluminum_frame,frame_suffix,5,0,5,dry_run
would_assign,SA-MIS-TAB-13X30-FRAME,T TABLE FRAME,sub_assembly,aluminum_frame,frame_suffix,5,0,5,dry_run
would_assign,SA-MLN-CLB-CHA-32X36-CUSH,"MILAN CLUB CHAIR 32"" x 36"" x 16"" SH CUSH",sub_assembly,cushion,cush_suffix,4,0,4,dry_run
would_assign,SA-MLN-CLB-CHA-32X36-FRAME,"MILAN CLUB CHAIR 32"" x 36"" x 16"" SH FRAME",sub_assembly,aluminum_frame,frame_suffix,5,0,5,dry_run
would_assign,SA-MLN-OTT-22X60-CUSH,"MILAN OTTOMAN 22"" x 60"" x 16"" CUSH",sub_assembly,cushion,cush_suffix,4,0,4,dry_run
would_assign,SA-MLN-OTT-22X60-FRAME,"MILAN OTTOMAN 22"" x 60"" x 16"" FRAME",sub_assembly,aluminum_frame,frame_suffix,5,0,5,dry_run
would_assign,SA-MLN-OTT-22X72-CUSH,"MILAN OTTOMAN 22"" x 72"" x 16"" CUSH",sub_assembly,cushion,cush_suffix,4,0,4,dry_run
would_assign,SA-MLN-OTT-22X72-FRAME,"MILAN OTTOMAN 22"" x 72"" x 16"" FRAME",sub_assembly,aluminum_frame,frame_suffix,5,0,5,dry_run
would_assign,SA-MLN-OTT-34X34-CUSH,"MILAN OTTOMAN 34"" x 34"" x 16"" CUSH",sub_assembly,cushion,cush_suffix,4,0,4,dry_run
would_assign,SA-MLN-OTT-34X34-FRAME,"MILAN OTTOMAN 34"" x 34"" x 16"" FRAME",sub_assembly,aluminum_frame,frame_suffix,5,0,5,dry_run
would_assign,SA-MLN-OTT-34X42-CUSH,"MILAN OTTOMAN 34"" x 42"" x 16"" CUSH",sub_assembly,cushion,cush_suffix,4,0,4,dry_run
would_assign,SA-MLN-OTT-34X42-FRAME,"MILAN OTTOMAN 34"" x 42"" x 16"" FRAME",sub_assembly,aluminum_frame,frame_suffix,5,0,5,dry_run
would_assign,SA-MLN-OTT-34X60-CUSH,"MILAN OTTOMAN 34"" x 60"" x 16"" CUSH",sub_assembly,cushion,cush_suffix,4,0,4,dry_run
would_assign,SA-MLN-OTT-34X60-FRAME,"MILAN OTTOMAN 34"" x 60"" x 16"" FRAME",sub_assembly,aluminum_frame,frame_suffix,5,0,5,dry_run
would_assign,SA-MLN-OTT-34X72-CUSH,"MILAN OTTOMAN 34"" x 72"" x 16"" CUSH",sub_assembly,cushion,cush_suffix,4,0,4,dry_run
would_assign,SA-MLN-OTT-34X72-FRAME,"MILAN OTTOMAN 34"" x 72"" x 16"" FRAME",sub_assembly,aluminum_frame,frame_suffix,5,0,5,dry_run
would_assign,SA-MLN-OTT-56X42-CUSH,"MILAN OTTOMAN 56"" x 42"" x 16"" CUSH",sub_assembly,cushion,cush_suffix,4,0,4,dry_run
would_assign,SA-MLN-OTT-56X42-FRAME,"MILAN OTTOMAN 56"" x 42"" x 16"" FRAME",sub_assembly,aluminum_frame,frame_suffix,5,0,5,dry_run
would_assign,SA-MLN-SOF-60X62-CUSH,"MILAN DOUBLE-SIDED SOFA 60"" x 62"" x 16"" SH CUSH",sub_assembly,cushion,cush_suffix,4,0,4,dry_run
would_assign,SA-MLN-SOF-60X62-FRAME,"MILAN DOUBLE-SIDED SOFA 60"" x 62"" x 16"" SH FRAME",sub_assembly,aluminum_frame,frame_suffix,5,0,5,dry_run
would_assign,SA-MLN-SOF-62X42-CUSH,"MILAN T-SHAPED SOFA 62"" x 42"" x 22"" x 16"" SH CUSH",sub_assembly,cushion,cush_suffix,4,0,4,dry_run
would_assign,SA-MLN-SOF-62X42-FRAME,"MILAN T-SHAPED SOFA 62"" x 42"" x 22"" x 16"" SH FRAME",sub_assembly,aluminum_frame,frame_suffix,5,0,5,dry_run
would_assign,SA-MLN-SOF-72X36-CUSH,"MILAN ONE-SIDED SOFA 72"" x 36"" x 16"" SH CUSH",sub_assembly,cushion,cush_suffix,4,0,4,dry_run
would_assign,SA-MLN-SOF-72X36-FRAME,"MILAN ONE-SIDED SOFA 72"" x 36"" x 16"" SH FRAME",sub_assembly,aluminum_frame,frame_suffix,5,0,5,dry_run
would_assign,SA-MLN-SOF-84X36-CUSH,"MILAN ONE SIDED SOFA 84"" x 36"" x 16"" SH CUSH",sub_assembly,cushion,cush_suffix,4,0,4,dry_run
would_assign,SA-MLN-SOF-84X36-FRAME,"MILAN ONE SIDED SOFA 84"" x 36"" x 16"" SH FRAME",sub_assembly,aluminum_frame,frame_suffix,5,0,5,dry_run
would_assign,SA-MLN-SOF-96X36-CUSH,"MILAN ONE-SIDED SOFA 96"" x 36"" x 16"" SH CUSH",sub_assembly,cushion,cush_suffix,4,0,4,dry_run
would_assign,SA-MLN-SOF-96X36-FRAME,"MILAN ONE-SIDED SOFA 96"" x 36"" x 16"" SH FRAME",sub_assembly,aluminum_frame,frame_suffix,5,0,5,dry_run
would_assign,SA-MLN-TAB-56X14-FRAME,"OCCASIONAL TABLE 56""x14""x36"" FRAME",sub_assembly,aluminum_frame,frame_suffix,5,0,5,dry_run
would_assign,SA-OCC-TAB-56X14-FRAME,OCCASIONAL TABLE FRAME,sub_assembly,aluminum_frame,frame_suffix,5,0,5,dry_run
would_assign,SA-OCE-CC-CUSH,Ocean Club Chair Cushion,sub_assembly,cushion,cush_suffix,4,0,4,dry_run
would_assign,SA-OCE-CC-FRAME,Ocean Club Chair Frame,sub_assembly,aluminum_frame,frame_suffix,5,0,5,dry_run
would_assign,SA-OCE-CT-36X36-FRAME,Ocean Coffee Table 36 x 36 Frame,sub_assembly,aluminum_frame,frame_suffix,5,0,5,dry_run
would_assign,SA-OCE-CT-42X28-FRAME,Ocean Coffee Table 42 x 28 Frame,sub_assembly,aluminum_frame,frame_suffix,5,0,5,dry_run
would_assign,SA-OCE-CT-42X42-FRAME,Ocean Coffee Table 42 x 42 Frame,sub_assembly,aluminum_frame,frame_suffix,5,0,5,dry_run
would_assign,SA-OCE-CT-56X28-FRAME,Ocean Coffee Table 56 x 28 Frame,sub_assembly,aluminum_frame,frame_suffix,5,0,5,dry_run
would_assign,SA-OCE-CT-56X36-FRAME,Ocean Coffee Table 56 x 36 Frame,sub_assembly,aluminum_frame,frame_suffix,5,0,5,dry_run
would_assign,SA-OCE-CT-56X42-FRAME,Ocean Coffee Table 56 x 42 Frame,sub_assembly,aluminum_frame,frame_suffix,5,0,5,dry_run
would_assign,SA-OCE-CT-56X56-FRAME,Ocean Coffee Table 56 x 56 Frame,sub_assembly,aluminum_frame,frame_suffix,5,0,5,dry_run
would_assign,SA-OCE-CT-72X36-FRAME,Ocean Coffee Table 72 x 36 Frame,sub_assembly,aluminum_frame,frame_suffix,5,0,5,dry_run
would_assign,SA-OCE-CT-72X42-FRAME,Ocean Coffee Table 72 x 42 Frame,sub_assembly,aluminum_frame,frame_suffix,5,0,5,dry_run
would_assign,SA-OCE-CT-72X56-FRAME,Ocean Coffee Table 72 x 56 Frame,sub_assembly,aluminum_frame,frame_suffix,5,0,5,dry_run
would_assign,SA-OCE-DCL-CUSH,Ocean Double Chaise Lounge Cushion,sub_assembly,cushion,cush_suffix,4,0,4,dry_run
would_assign,SA-OCE-DCL-FRAME,Ocean Double Chaise Lounge Frame,sub_assembly,aluminum_frame,frame_suffix,5,0,5,dry_run
would_assign,SA-OCE-L-CUSH,Ocean Loveseat Cushion,sub_assembly,cushion,cush_suffix,4,0,4,dry_run
would_assign,SA-OCE-L-FRAME,Ocean Loveseat Frame,sub_assembly,aluminum_frame,frame_suffix,5,0,5,dry_run
would_assign,SA-OCE-ML-CUSH,Ocean Mini Loveseat Cushion,sub_assembly,cushion,cush_suffix,4,0,4,dry_run
would_assign,SA-OCE-ML-FRAME,Ocean Mini Loveseat Frame,sub_assembly,aluminum_frame,frame_suffix,5,0,5,dry_run
would_assign,SA-OCE-O-30X22-CUSH,Ocean Ottoman 30 x 22 Cushion,sub_assembly,cushion,cush_suffix,4,0,4,dry_run
would_assign,SA-OCE-O-30X22-FRAME,Ocean Ottoman 30 x 22 Frame,sub_assembly,aluminum_frame,frame_suffix,5,0,5,dry_run
would_assign,SA-OCE-O-42X22-CUSH,Ocean Ottoman 42 x 22 Cushion,sub_assembly,cushion,cush_suffix,4,0,4,dry_run
would_assign,SA-OCE-O-42X22-FRAME,Ocean Ottoman 42 x 22 Frame,sub_assembly,aluminum_frame,frame_suffix,5,0,5,dry_run
would_assign,SA-OCE-O-60X22-CUSH,Ocean Ottoman 60 x 22 Cushion,sub_assembly,cushion,cush_suffix,4,0,4,dry_run
would_assign,SA-OCE-O-60X22-FRAME,Ocean Ottoman 60 x 22 Frame,sub_assembly,aluminum_frame,frame_suffix,5,0,5,dry_run
would_assign,SA-OCE-O-72X22-CUSH,Ocean Ottoman 72 x 22 Cushion,sub_assembly,cushion,cush_suffix,4,0,4,dry_run
would_assign,SA-OCE-O-72X22-FRAME,Ocean Ottoman 72 x 22 Frame,sub_assembly,aluminum_frame,frame_suffix,5,0,5,dry_run
would_assign,SA-OCE-RST-36-FRAME,Ocean Round Side table 36 Frame,sub_assembly,aluminum_frame,frame_suffix,5,0,5,dry_run
would_assign,SA-OCE-RST-42-FRAME,Ocean Round Side Table 42 Frame,sub_assembly,aluminum_frame,frame_suffix,5,0,5,dry_run
would_assign,SA-OCE-S-72-CUSH,Ocean Sofa 72 Cushion,sub_assembly,cushion,cush_suffix,4,0,4,dry_run
would_assign,SA-OCE-S-72-FRAME,Ocean Sofa 72 Frame,sub_assembly,aluminum_frame,frame_suffix,5,0,5,dry_run
would_assign,SA-OCE-S-84-CUSH,Ocean Sofa 84 Cushion,sub_assembly,cushion,cush_suffix,4,0,4,dry_run
would_assign,SA-OCE-S-84-FRAME,Ocean Sofa 84 Frame,sub_assembly,aluminum_frame,frame_suffix,5,0,5,dry_run
would_assign,SA-OCE-S-96-CUSH,Ocean Sofa 96 Cushion,sub_assembly,cushion,cush_suffix,4,0,4,dry_run
would_assign,SA-OCE-S-96-FRAME,Ocean Sofa 96 Frame,sub_assembly,aluminum_frame,frame_suffix,5,0,5,dry_run
would_assign,SA-OCE-SC-CUSH,Ocean Swivel Chair Cushion,sub_assembly,cushion,cush_suffix,4,0,4,dry_run
would_assign,SA-OCE-SC-FRAME,Ocean Swivel Chair Frame,sub_assembly,aluminum_frame,frame_suffix,5,0,5,dry_run
would_assign,SA-OCE-SCL-CUSH,Ocean Single Chaise Lounge Cushion,sub_assembly,cushion,cush_suffix,4,0,4,dry_run
would_assign,SA-OCE-SCL-FRAME,Ocean Single Chaise Lounge Frame,sub_assembly,aluminum_frame,frame_suffix,5,0,5,dry_run
would_assign,SA-OCE-ST-20X20-FRAME,Ocean Side Table 20 x 20 Frame,sub_assembly,aluminum_frame,frame_suffix,5,0,5,dry_run
would_assign,SA-OCN-CLB-CHA-34X38-CUSH,"OCEAN CLUB CHAIR w/METAL ARM 34"" x 38"" x 33"" BH CUSH",sub_assembly,cushion,cush_suffix,4,0,4,dry_run
would_assign,SA-OCN-CLB-CHA-34X38-FRAME,"OCEAN CLUB CHAIR w/METAL ARM 34"" x 38"" x 33"" BH FRAME",sub_assembly,aluminum_frame,frame_suffix,5,0,5,dry_run
would_assign,SA-OCN-COF-TAB-28X42-FRAME,"OCEAN COFFEE TABLE 28"" x 42"" x 17"" FRAME",sub_assembly,aluminum_frame,frame_suffix,5,0,5,dry_run
would_assign,SA-OCN-COF-TAB-28X56-FRAME,"OCEAN COFFEE TABLE 28"" x 56"" x 17"" FRAME",sub_assembly,aluminum_frame,frame_suffix,5,0,5,dry_run
would_assign,SA-OCN-COF-TAB-36X36-FRAME,"OCEAN COFFEE TABLE 36"" x 36"" x 17"" FRAME",sub_assembly,aluminum_frame,frame_suffix,5,0,5,dry_run
would_assign,SA-OCN-COF-TAB-36X56-FRAME,"OCEAN COFFEE TABLE 36"" x 56"" x 17"" FRAME",sub_assembly,aluminum_frame,frame_suffix,5,0,5,dry_run
would_assign,SA-OCN-COF-TAB-36X72-FRAME,"OCEAN COFFEE TABLE 36"" x 72"" x 17"" FRAME",sub_assembly,aluminum_frame,frame_suffix,5,0,5,dry_run
would_assign,SA-OCN-COF-TAB-42X42-FRAME,"OCEAN COFFEE TABLE 42"" x 42"" x 17"" FRAME",sub_assembly,aluminum_frame,frame_suffix,5,0,5,dry_run
would_assign,SA-OCN-COF-TAB-42X56-FRAME,"OCEAN COFFEE TABLE 42"" x 56"" x 17"" FRAME",sub_assembly,aluminum_frame,frame_suffix,5,0,5,dry_run
would_assign,SA-OCN-COF-TAB-42X72-FRAME,"OCEAN COFFEE TABLE 42"" x 72"" x 17"" FRAME",sub_assembly,aluminum_frame,frame_suffix,5,0,5,dry_run
would_assign,SA-OCN-COF-TAB-56X56-FRAME,"OCEAN COFFEE TABLE 56"" x 56"" x 17"" FRAME",sub_assembly,aluminum_frame,frame_suffix,5,0,5,dry_run
would_assign,SA-OCN-COF-TAB-56X72-FRAME,"OCEAN COFFEE TABLE 56"" x 72"" x 17"" FRAME",sub_assembly,aluminum_frame,frame_suffix,5,0,5,dry_run
would_assign,SA-OCN-DOU-CHS-58X79-CUSH,"OCEAN DOUBLE CHAISE LOUNGE 58"" x 79"" x 14"" SH CUSH",sub_assembly,cushion,cush_suffix,4,0,4,dry_run
would_assign,SA-OCN-DOU-CHS-58X79-FRAME,"OCEAN DOUBLE CHAISE LOUNGE 58"" x 79"" x 14"" SH FRAME",sub_assembly,aluminum_frame,frame_suffix,5,0,5,dry_run
would_assign,SA-OCN-LOV-SOF-60X38-CUSH,"OCEAN LOVESEAT 60"" x 38"" x 33"" BH CUSH",sub_assembly,cushion,cush_suffix,4,0,4,dry_run
would_assign,SA-OCN-LOV-SOF-60X38-FRAME,"OCEAN LOVESEAT 60"" x 38"" x 33"" BH FRAME",sub_assembly,aluminum_frame,frame_suffix,5,0,5,dry_run
would_assign,SA-OCN-MIN-LOV-48X38-CUSH,"OCEAN MINI LOVESEAT 48"" x 38"" x 33"" BH CUSH",sub_assembly,cushion,cush_suffix,4,0,4,dry_run
would_assign,SA-OCN-MIN-LOV-48X38-FRAME,"OCEAN MINI LOVESEAT 48"" x 38"" x 33"" BH FRAME",sub_assembly,aluminum_frame,frame_suffix,5,0,5,dry_run
would_assign,SA-OCN-MIN-LOV-CUSH,Ocean Mini Loveseat CUSH,sub_assembly,cushion,cush_suffix,4,0,4,dry_run
would_assign,SA-OCN-MIN-LOV-FRAME,Ocean Mini Loveseat FRAME,sub_assembly,aluminum_frame,frame_suffix,5,0,5,dry_run
would_assign,SA-OCN-OTT-30X22-CUSH,"OCEAN OTTOMAN 30"" x 22"" x 16"" CUSH",sub_assembly,cushion,cush_suffix,4,0,4,dry_run
would_assign,SA-OCN-OTT-30X22-FRAME,"OCEAN OTTOMAN 30"" x 22"" x 16"" FRAME",sub_assembly,aluminum_frame,frame_suffix,5,0,5,dry_run
would_assign,SA-OCN-OTT-42X22-CUSH,"OCEAN OTTOMAN 42"" x 22"" x 16"" CUSH",sub_assembly,cushion,cush_suffix,4,0,4,dry_run
would_assign,SA-OCN-OTT-42X22-FRAME,"OCEAN OTTOMAN 42"" x 22"" x 16"" FRAME",sub_assembly,aluminum_frame,frame_suffix,5,0,5,dry_run
would_assign,SA-OCN-OTT-60X22-CUSH,"OCEAN OTTOMAN 60"" x 22"" x 16"" CUSH",sub_assembly,cushion,cush_suffix,4,0,4,dry_run
would_assign,SA-OCN-OTT-60X22-FRAME,"OCEAN OTTOMAN 60"" x 22"" x 16"" FRAME",sub_assembly,aluminum_frame,frame_suffix,5,0,5,dry_run
would_assign,SA-OCN-OTT-72X22-CUSH,"OCEAN OTTOMAN 72"" x 22"" x 16"" CUSH",sub_assembly,cushion,cush_suffix,4,0,4,dry_run
would_assign,SA-OCN-OTT-72X22-FRAME,"OCEAN OTTOMAN 72"" x 22"" x 16"" FRAME",sub_assembly,aluminum_frame,frame_suffix,5,0,5,dry_run
would_assign,SA-OCN-SGL-CHS-36X79-CUSH,"OCEAN SINGLE CHAISE LOUNGE 36"" x 79"" x 14"" SH CUSH",sub_assembly,cushion,cush_suffix,4,0,4,dry_run
would_assign,SA-OCN-SGL-CHS-36X79-FRAME,"OCEAN SINGLE CHAISE LOUNGE 36"" x 79"" x 14"" SH FRAME",sub_assembly,aluminum_frame,frame_suffix,5,0,5,dry_run
would_assign,SA-OCN-SID-TAB-12-FRAME,ANGULAR SIDE TABLE FRAME,sub_assembly,aluminum_frame,frame_suffix,5,0,5,dry_run
would_assign,SA-OCN-SID-TAB-13X30-FRAME,"U SIDE TABLE 13"" x 30"" x 21"" FRAME",sub_assembly,aluminum_frame,frame_suffix,5,0,5,dry_run
would_assign,SA-OCN-SID-TAB-20X20-FRAME,"OCEAN SIDE TABLE 20"" x 20"" x 17"" FRAME",sub_assembly,aluminum_frame,frame_suffix,5,0,5,dry_run
would_assign,SA-OCN-SID-TAB-32X32-FRAME,"TRIANGLE SIDE TABLE 32"" x 32"" x 17"" FRAME",sub_assembly,aluminum_frame,frame_suffix,5,0,5,dry_run
would_assign,SA-OCN-SID-TAB-36X17-FRAME,"OCEAN ROUND SIDE TABLE 36"" x 17"" FRAME",sub_assembly,aluminum_frame,frame_suffix,5,0,5,dry_run
would_assign,SA-OCN-SOF-72X38-CUSH,"OCEAN SOFA 72"" x 38"" x 33"" BH CUSH",sub_assembly,cushion,cush_suffix,4,0,4,dry_run
would_assign,SA-OCN-SOF-72X38-FRAME,"OCEAN SOFA 72"" x 38"" x 33"" BH FRAME",sub_assembly,aluminum_frame,frame_suffix,5,0,5,dry_run
would_assign,SA-OCN-SOF-84X38-CUSH,"OCEAN SOFA 84"" x 38"" x 33"" BH CUSH",sub_assembly,cushion,cush_suffix,4,0,4,dry_run
would_assign,SA-OCN-SOF-84X38-FRAME,"OCEAN SOFA 84"" x 38"" x 33"" BH FRAME",sub_assembly,aluminum_frame,frame_suffix,5,0,5,dry_run
would_assign,SA-OCN-SOF-96X38-CUSH,"OCEAN SOFA 96"" x 38"" x 33"" BH CUSH",sub_assembly,cushion,cush_suffix,4,0,4,dry_run
would_assign,SA-OCN-SOF-96X38-FRAME,"OCEAN SOFA 96"" x 38"" x 33"" BH FRAME",sub_assembly,aluminum_frame,frame_suffix,5,0,5,dry_run
would_assign,SA-OCN-SWV-CHA-34X38-CUSH,"OCEAN SWIVEL CHAIR 34"" x 38"" x 33"" BH CUSH",sub_assembly,cushion,cush_suffix,4,0,4,dry_run
would_assign,SA-OCN-SWV-CHA-34X38-FRAME,"OCEAN SWIVEL CHAIR 34"" x 38"" x 33"" BH FRAME",sub_assembly,aluminum_frame,frame_suffix,5,0,5,dry_run
would_assign,SA-OCN-SWV-CHA-CUSH,Ocean Swivel Chair CUSH,sub_assembly,cushion,cush_suffix,4,0,4,dry_run
would_assign,SA-OCN-SWV-CHA-FRAME,Ocean Swivel Chair FRAME,sub_assembly,aluminum_frame,frame_suffix,5,0,5,dry_run
would_assign,SA-OCN-TAB-13X30-FRAME,"T TABLE 13"" x 30"" x 16"" FRAME",sub_assembly,aluminum_frame,frame_suffix,5,0,5,dry_run
would_assign,SA-OCN-TAB-34X12-FRAME,"FLY TABLE 34"" X 12"" FRAME",sub_assembly,aluminum_frame,frame_suffix,5,0,5,dry_run
would_assign,SA-OCN-TAB-72X12-FRAME,"FLY TABLE 72"" X 12"" FRAME",sub_assembly,aluminum_frame,frame_suffix,5,0,5,dry_run
would_assign,SA-OCN-TAB-84X12-FRAME,"FLY TABLE 84"" X 12"" FRAME",sub_assembly,aluminum_frame,frame_suffix,5,0,5,dry_run
would_assign,SA-OCN-TAB-96X12-FRAME,"FLY TABLE 96"" X 12"" FRAME",sub_assembly,aluminum_frame,frame_suffix,5,0,5,dry_run
would_assign,SA-STA-BAR-TAB-36X36-FRAME,STAR LEG TABLE (BAR HEIGHT) 36 X 36 FRAME,sub_assembly,aluminum_frame,frame_suffix,5,0,5,dry_run
would_assign,SA-STA-BAR-TAB-42X42-FRAME,STAR LEG TABLE (BAR HEIGHT) 42 X 42 FRAME,sub_assembly,aluminum_frame,frame_suffix,5,0,5,dry_run
would_assign,SA-STA-BAR-TAB-72X36-FRAME,STAR LEG TABLE (BAR HEIGHT) 36 X 72 FRAME,sub_assembly,aluminum_frame,frame_suffix,5,0,5,dry_run
would_assign,SA-STA-CNT-TAB-36X36-FRAME,STAR LEG TABLE (COUNTER HEIGHT) 36 X 36 FRAME,sub_assembly,aluminum_frame,frame_suffix,5,0,5,dry_run
would_assign,SA-STA-CNT-TAB-42X42-FRAME,STAR LEG TABLE (COUNTER HEIGHT) 42 X 42 FRAME,sub_assembly,aluminum_frame,frame_suffix,5,0,5,dry_run
would_assign,SA-STA-CNT-TAB-72X36-FRAME,STAR LEG TABLE (COUNTER HEIGHT) 36 X 72 FRAME,sub_assembly,aluminum_frame,frame_suffix,5,0,5,dry_run
would_assign,SA-STA-DIN-TAB-36X36-FRAME,STAR LEG TABLE (DINING HEIGHT) 36 X 36 FRAME,sub_assembly,aluminum_frame,frame_suffix,5,0,5,dry_run
would_assign,SA-STA-DIN-TAB-42X42-FRAME,STAR LEG TABLE (DINING HEIGHT) 42 X 42 FRAME,sub_assembly,aluminum_frame,frame_suffix,5,0,5,dry_run
would_assign,SA-STA-DIN-TAB-72X36-FRAME,STAR LEG TABLE (DINING HEIGHT) 36 X 72 FRAME,sub_assembly,aluminum_frame,frame_suffix,5,0,5,dry_run
would_assign,SA-TAY-BAR-W-ARM-COU-HEI-CUSH,TAYLOR BARSTOOL W/ARMS (COUNTER HEIGHT) CUSH,sub_assembly,cushion,cush_suffix,4,0,4,dry_run
would_assign,SA-TAY-BAR-W-ARM-COU-HEI-FRAME,TAYLOR BARSTOOL W/ARMS (COUNTER HEIGHT) FRAME,sub_assembly,aluminum_frame,frame_suffix,5,0,5,dry_run
would_assign,SA-TAY-BCH-24X23-CUSH,"TAYLOR BENCH (BAR HEIGHT) 24"" x 23"" x 42"" SH CUSH",sub_assembly,cushion,cush_suffix,4,0,4,dry_run
would_assign,SA-TAY-BCH-24X23-FRAME,"TAYLOR BENCH (BAR HEIGHT) 24"" x 23"" x 42"" SH FRAME",sub_assembly,aluminum_frame,frame_suffix,5,0,5,dry_run
would_assign,SA-TAY-BCH-42X23-CUSH,"TAYLOR BENCH (COUNTER HEIGHT) 42"" x 23"" x 24"" SH CUSH",sub_assembly,cushion,cush_suffix,4,0,4,dry_run
would_assign,SA-TAY-BCH-42X23-FRAME,"TAYLOR BENCH (COUNTER HEIGHT) 42"" x 23"" x 24"" SH FRAME",sub_assembly,aluminum_frame,frame_suffix,5,0,5,dry_run
would_assign,SA-TAY-BCH-72X23-CUSH,"TAYLOR BENCH (BAR HEIGHT) 72"" x 23"" x 30"" SH CUSH",sub_assembly,cushion,cush_suffix,4,0,4,dry_run
would_assign,SA-TAY-BCH-72X23-FRAME,"TAYLOR BENCH (BAR HEIGHT) 72"" x 23"" x 30"" SH FRAME",sub_assembly,aluminum_frame,frame_suffix,5,0,5,dry_run
would_assign,SA-TAY-BEN-BAR-HEI-72-CUSH,TAYLOR BENCH (BAR HEIGHT) 72 CUSH,sub_assembly,cushion,cush_suffix,4,0,4,dry_run
would_assign,SA-TAY-BEN-BAR-HEI-72-FRAME,TAYLOR BENCH (BAR HEIGHT) 72 FRAME,sub_assembly,aluminum_frame,frame_suffix,5,0,5,dry_run
would_assign,SA-TAY-BEN-DIN-HEI-42-CUSH,TAYLOR BENCH (DINING HEIGHT) 42 CUSH,sub_assembly,cushion,cush_suffix,4,0,4,dry_run
would_assign,SA-TAY-BEN-DIN-HEI-42-FRAME,TAYLOR BENCH (DINING HEIGHT) 42 FRAME,sub_assembly,aluminum_frame,frame_suffix,5,0,5,dry_run
would_assign,SA-TAY-BEN-DIN-HEI-72-CUSH,TAYLOR BENCH (DINING HEIGHT) 72 CUSH,sub_assembly,cushion,cush_suffix,4,0,4,dry_run
would_assign,SA-TAY-BEN-DIN-HEI-72-FRAME,TAYLOR BENCH (DINING HEIGHT) 72 FRAME,sub_assembly,aluminum_frame,frame_suffix,5,0,5,dry_run
would_assign,SA-TAY-BST-18X23-CUSH,TAYLOR BARSTOOL (COUNTER HEIGHT) CUSH,sub_assembly,cushion,cush_suffix,4,0,4,dry_run
would_assign,SA-TAY-BST-18X23-FRAME,TAYLOR BARSTOOL (COUNTER HEIGHT) FRAME,sub_assembly,aluminum_frame,frame_suffix,5,0,5,dry_run
would_assign,SA-TAY-BST-19X23-CUSH,"TAYLOR BARSTOOL (BAR HEIGHT) 19"" x 23"" x 30"" SH CUSH",sub_assembly,cushion,cush_suffix,4,0,4,dry_run
would_assign,SA-TAY-BST-19X23-FRAME,"TAYLOR BARSTOOL (BAR HEIGHT) 19"" x 23"" x 30"" SH FRAME",sub_assembly,aluminum_frame,frame_suffix,5,0,5,dry_run
would_assign,SA-TAY-BST-24X23-CUSH,"TAYLOR BARSTOOL w/ARMS (BAR HEIGHT) 24"" x 23"" x 30"" SH CUSH",sub_assembly,cushion,cush_suffix,4,0,4,dry_run
would_assign,SA-TAY-BST-24X23-FRAME,"TAYLOR BARSTOOL w/ARMS (BAR HEIGHT) 24"" x 23"" x 30"" SH FRAME",sub_assembly,aluminum_frame,frame_suffix,5,0,5,dry_run
would_assign,SA-TAY-DIN-CHA-19X23-CUSH,TAYLOR CHAIR (DINING HEIGHT) CUSH,sub_assembly,cushion,cush_suffix,4,0,4,dry_run
would_assign,SA-TAY-DIN-CHA-19X23-FRAME,TAYLOR CHAIR (DINING HEIGHT) FRAME,sub_assembly,aluminum_frame,frame_suffix,5,0,5,dry_run
would_assign,SA-TAY-DIN-CHA-24X23-CUSH,"TAYLOR CHAIR w/ARMS (DINING HEIGHT) 24"" x 23"" x 18"" SH CUSH",sub_assembly,cushion,cush_suffix,4,0,4,dry_run
would_assign,SA-TAY-DIN-CHA-24X23-FRAME,"TAYLOR CHAIR w/ARMS (DINING HEIGHT) 24"" x 23"" x 18"" SH FRAME",sub_assembly,aluminum_frame,frame_suffix,5,0,5,dry_run
would_assign,SA-TJM-CHA-CUSH,FREELO CHAIR SPLASH CUSH,sub_assembly,cushion,cush_suffix,4,0,4,dry_run
would_assign,SA-TJM-CHA-FRAME,FREELO CHAIR SPLASH FRAME,sub_assembly,aluminum_frame,frame_suffix,5,0,5,dry_run
would_assign,SA-TJM-TAB-FRAME,Ripple Table FRAME,sub_assembly,aluminum_frame,frame_suffix,5,0,5,dry_run
would_assign,SA-TRI-SID-TAB-32X32-FRAME,TRIANGLE SIDE TABLE FRAME,sub_assembly,aluminum_frame,frame_suffix,5,0,5,dry_run
would_assign,SA-WFT-BAR-TAB-120X28-FRAME,WATERFALL TABLE (BAR HEIGHT) 28 X 120 FRAME,sub_assembly,aluminum_frame,frame_suffix,5,0,5,dry_run
would_assign,SA-WFT-BAR-TAB-120X36-FRAME,WATERFALL TABLE (BAR HEIGHT) 36 X 120 FRAME,sub_assembly,aluminum_frame,frame_suffix,5,0,5,dry_run
would_assign,SA-WFT-BAR-TAB-28X120-FRAME,"WATERFALL TABLE (BAR HEIGHT) 28"" x 120"" x 42"" FRAME",sub_assembly,aluminum_frame,frame_suffix,5,0,5,dry_run
would_assign,SA-WFT-BAR-TAB-28X72-FRAME,"WATERFALL TABLE (BAR HEIGHT) 28"" x 72"" x 42"" FRAME",sub_assembly,aluminum_frame,frame_suffix,5,0,5,dry_run
would_assign,SA-WFT-BAR-TAB-28X96-FRAME,"WATERFALL TABLE (BAR HEIGHT) 28"" x 96"" x 42"" FRAME",sub_assembly,aluminum_frame,frame_suffix,5,0,5,dry_run
would_assign,SA-WFT-BAR-TAB-36X120-FRAME,"WATERFALL TABLE (BAR HEIGHT) 36"" x 120"" x 42"" FRAME",sub_assembly,aluminum_frame,frame_suffix,5,0,5,dry_run
would_assign,SA-WFT-BAR-TAB-36X72-FRAME,"WATERFALL TABLE (BAR HEIGHT) 36"" x 72"" x 42"" FRAME",sub_assembly,aluminum_frame,frame_suffix,5,0,5,dry_run
would_assign,SA-WFT-BAR-TAB-36X96-FRAME,"WATERFALL TABLE (BAR HEIGHT) 36"" x 96"" x 42"" FRAME",sub_assembly,aluminum_frame,frame_suffix,5,0,5,dry_run
would_assign,SA-WFT-BAR-TAB-72X28-FRAME,WATERFALL TABLE (BAR HEIGHT) 28 X 72 FRAME,sub_assembly,aluminum_frame,frame_suffix,5,0,5,dry_run
would_assign,SA-WFT-BAR-TAB-72X36-FRAME,WATERFALL TABLE (BAR HEIGHT) 36 X 72 FRAME,sub_assembly,aluminum_frame,frame_suffix,5,0,5,dry_run
would_assign,SA-WFT-BAR-TAB-96X28-FRAME,WATERFALL TABLE (BAR HEIGHT) 28 X 96 FRAME,sub_assembly,aluminum_frame,frame_suffix,5,0,5,dry_run
would_assign,SA-WFT-BAR-TAB-96X36-FRAME,WATERFALL TABLE (BAR HEIGHT) 36 X 96 FRAME,sub_assembly,aluminum_frame,frame_suffix,5,0,5,dry_run
would_assign,SA-WFT-BCH-42X18-CUSH,"FLY LEG BENCH (DINING HEIGHT) 42"" x 18"" x 18"" SH CUSH",sub_assembly,cushion,cush_suffix,4,0,4,dry_run
would_assign,SA-WFT-BCH-42X18-FRAME,"FLY LEG BENCH (DINING HEIGHT) 42"" x 18"" x 18"" SH FRAME",sub_assembly,aluminum_frame,frame_suffix,5,0,5,dry_run
would_assign,SA-WFT-CNT-TAB-120X28-FRAME,WATERFALL TABLE (COUNTER HEIGHT) 28 X 120 FRAME,sub_assembly,aluminum_frame,frame_suffix,5,0,5,dry_run
would_assign,SA-WFT-CNT-TAB-120X36-FRAME,WATERFALL TABLE (COUNTER HEIGHT) 36 X 120 FRAME,sub_assembly,aluminum_frame,frame_suffix,5,0,5,dry_run
would_assign,SA-WFT-CNT-TAB-28X120-FRAME,"WATERFALL TABLE (COUNTER HEIGHT) 28"" x 120"" x 36"" FRAME",sub_assembly,aluminum_frame,frame_suffix,5,0,5,dry_run
would_assign,SA-WFT-CNT-TAB-28X72-FRAME,"WATERFALL TABLE (COUNTER HEIGHT) 28"" x 72"" x 36"" FRAME",sub_assembly,aluminum_frame,frame_suffix,5,0,5,dry_run
would_assign,SA-WFT-CNT-TAB-28X96-FRAME,"WATERFALL TABLE (COUNTER HEIGHT) 28"" x 96"" x 36"" FRAME",sub_assembly,aluminum_frame,frame_suffix,5,0,5,dry_run
would_assign,SA-WFT-CNT-TAB-36X120-FRAME,"WATERFALL TABLE (COUNTER HEIGHT) 36"" x 120"" x 36"" FRAME",sub_assembly,aluminum_frame,frame_suffix,5,0,5,dry_run
would_assign,SA-WFT-CNT-TAB-36X72-FRAME,"WATERFALL TABLE (COUNTER HEIGHT) 36"" x 72"" x 36"" FRAME",sub_assembly,aluminum_frame,frame_suffix,5,0,5,dry_run
would_assign,SA-WFT-CNT-TAB-36X96-FRAME,"WATERFALL TABLE (COUNTER HEIGHT) 36"" x 96"" x 36"" FRAME",sub_assembly,aluminum_frame,frame_suffix,5,0,5,dry_run
would_assign,SA-WFT-CNT-TAB-72X28-FRAME,WATERFALL TABLE (COUNTER HEIGHT) 28 X 72 FRAME,sub_assembly,aluminum_frame,frame_suffix,5,0,5,dry_run
would_assign,SA-WFT-CNT-TAB-72X36-FRAME,WATERFALL TABLE (COUNTER HEIGHT) 36 X 72 FRAME,sub_assembly,aluminum_frame,frame_suffix,5,0,5,dry_run
would_assign,SA-WFT-CNT-TAB-96X28-FRAME,WATERFALL TABLE (COUNTER HEIGHT) 28 X 96 FRAME,sub_assembly,aluminum_frame,frame_suffix,5,0,5,dry_run
would_assign,SA-WFT-CNT-TAB-96X36-FRAME,WATERFALL TABLE (COUNTER HEIGHT) 36 X 96 FRAME,sub_assembly,aluminum_frame,frame_suffix,5,0,5,dry_run
would_assign,SA-WFT-DIN-BCH-72X22-CUSH,"DINING BENCH w/NO ARMS 72"" x 22"" x 18"" SH CUSH",sub_assembly,cushion,cush_suffix,4,0,4,dry_run
would_assign,SA-WFT-DIN-BCH-72X22-FRAME,"DINING BENCH w/NO ARMS 72"" x 22"" x 18"" SH FRAME",sub_assembly,aluminum_frame,frame_suffix,5,0,5,dry_run
would_assign,SA-WFT-DIN-BCH-96X22-CUSH,"DINING BENCH w/NO ARMS 96"" x 22"" x 18"" SH CUSH",sub_assembly,cushion,cush_suffix,4,0,4,dry_run
would_assign,SA-WFT-DIN-BCH-96X22-FRAME,"DINING BENCH w/NO ARMS 96"" x 22"" x 18"" SH FRAME",sub_assembly,aluminum_frame,frame_suffix,5,0,5,dry_run
would_assign,SA-WFT-DIN-CHA-17X21-CUSH,"HALF BACK CHAIR (DINING HEIGHT) 17"" x 21"" x 18"" SH CUSH",sub_assembly,cushion,cush_suffix,4,0,4,dry_run
would_assign,SA-WFT-DIN-CHA-17X21-FRAME,"HALF BACK CHAIR (DINING HEIGHT) 17"" x 21"" x 18"" SH FRAME",sub_assembly,aluminum_frame,frame_suffix,5,0,5,dry_run
would_assign,SA-WFT-DIN-CHA-18X18-CUSH,"FLY LEG CHAIR (DINING HEIGHT) 18"" x 18"" x 18"" SH CUSH",sub_assembly,cushion,cush_suffix,4,0,4,dry_run
would_assign,SA-WFT-DIN-CHA-18X18-FRAME,"FLY LEG CHAIR (DINING HEIGHT) 18"" x 18"" x 18"" SH FRAME",sub_assembly,aluminum_frame,frame_suffix,5,0,5,dry_run
would_assign,SA-WFT-DIN-TAB-120X28-FRAME,WATERFALL TABLE (DINING HEIGHT) 28 X 120 FRAME,sub_assembly,aluminum_frame,frame_suffix,5,0,5,dry_run
would_assign,SA-WFT-DIN-TAB-120X36-FRAME,WATERFALL TABLE (DINING HEIGHT) 36 X 120 FRAME,sub_assembly,aluminum_frame,frame_suffix,5,0,5,dry_run
would_assign,SA-WFT-DIN-TAB-28X120-FRAME,"WATERFALL TABLE (DINING HEIGHT) 28"" x 120"" x 30"" FRAME",sub_assembly,aluminum_frame,frame_suffix,5,0,5,dry_run
would_assign,SA-WFT-DIN-TAB-28X72-FRAME,"WATERFALL TABLE (DINING HEIGHT) 28"" x 72"" x 30"" FRAME",sub_assembly,aluminum_frame,frame_suffix,5,0,5,dry_run
would_assign,SA-WFT-DIN-TAB-28X96-FRAME,"WATERFALL TABLE (DINING HEIGHT) 28"" x 96"" x 30"" FRAME",sub_assembly,aluminum_frame,frame_suffix,5,0,5,dry_run
would_assign,SA-WFT-DIN-TAB-36X120-FRAME,"WATERFALL TABLE (DINING HEIGHT) 36"" x 120"" x 30"" FRAME",sub_assembly,aluminum_frame,frame_suffix,5,0,5,dry_run
would_assign,SA-WFT-DIN-TAB-36X72-FRAME,"WATERFALL TABLE (DINING HEIGHT) 36"" x 72"" x 30"" FRAME",sub_assembly,aluminum_frame,frame_suffix,5,0,5,dry_run
would_assign,SA-WFT-DIN-TAB-36X96-FRAME,"WATERFALL TABLE (DINING HEIGHT) 36"" x 96"" x 30"" FRAME",sub_assembly,aluminum_frame,frame_suffix,5,0,5,dry_run
skipped_no_track,SA-WFT-DIN-TAB-72X28-BASE,Waterfall Dining Table Base Frame,sub_assembly,,unmatched_family,0,0,0,dry_run
would_assign,SA-WFT-DIN-TAB-72X36-FRAME,WATERFALL TABLE (DINING HEIGHT) 36 X 72 FRAME,sub_assembly,aluminum_frame,frame_suffix,5,0,5,dry_run
would_assign,SA-WFT-DIN-TAB-96X28-FRAME,WATERFALL TABLE (DINING HEIGHT) 28 X 96 FRAME,sub_assembly,aluminum_frame,frame_suffix,5,0,5,dry_run
would_assign,SA-WFT-DIN-TAB-96X36-FRAME,WATERFALL TABLE (DINING HEIGHT) 36 X 96 FRAME,sub_assembly,aluminum_frame,frame_suffix,5,0,5,dry_run
would_assign,SA-WFT-FIR-TAB-56X36-FRAME,"WATERFALL FIRE PIT TABLE 56"" x 36"" x 16"" FRAME",sub_assembly,aluminum_frame,frame_suffix,5,0,5,dry_run
would_assign,SA-WFT-FIR-TAB-72X36-FRAME,"WATERFALL FIRE PIT TABLE 72"" x 36"" x 16"" FRAME",sub_assembly,aluminum_frame,frame_suffix,5,0,5,dry_run
would_assign,SA-WFT-FLY-BST-17X21-CUSH,"HALF BACK BARSTOOL (BAR HEIGHT) 17"" x 21"" x 30"" SH CUSH",sub_assembly,cushion,cush_suffix,4,0,4,dry_run
would_assign,SA-WFT-FLY-BST-17X21-FRAME,"HALF BACK BARSTOOL (BAR HEIGHT) 17"" x 21"" x 30"" SH FRAME",sub_assembly,aluminum_frame,frame_suffix,5,0,5,dry_run
would_assign,SA-WFT-FLY-BST-18X18-CUSH,"FLY LEG BARSTOOL (BAR HEIGHT) 18"" x 18"" x 30"" SH CUSH",sub_assembly,cushion,cush_suffix,4,0,4,dry_run
would_assign,SA-WFT-FLY-BST-18X18-FRAME,"FLY LEG BARSTOOL (BAR HEIGHT) 18"" x 18"" x 30"" SH FRAME",sub_assembly,aluminum_frame,frame_suffix,5,0,5,dry_run
would_assign,SA-WFT-SID-TAB-13X40-FRAME,WATERFALL SIDE TABLE 40X13 FRAME,sub_assembly,aluminum_frame,frame_suffix,5,0,5,dry_run
would_assign,SA-WFT-SID-TAB-40X13-FRAME,"WATERFALL SIDE TABLE 40"" x 13"" x 12"" FRAME",sub_assembly,aluminum_frame,frame_suffix,5,0,5,dry_run
skipped_no_track,SHD-FIM-FTBLU,FIM FLEXY TWIN BLUE,finished_good,,unmatched_family,0,0,0,dry_run
skipped_no_track,SHD-FIM-FTCANCAN,FIM FLEXY TWIN CANVAS CANOPY,finished_good,,unmatched_family,0,0,0,dry_run
skipped_no_track,SHD-FIM-FTPUM,FIM FLEXY TWIN PUMPKIN,finished_good,,unmatched_family,0,0,0,dry_run
skipped_no_track,SHD-FIM-FZ300BLU,FIM FLEXY ZEN 300 BLUE,finished_good,,unmatched_family,0,0,0,dry_run
skipped_no_track,SHD-FIM-FZ300PUM,FIM FLEXY ZEN 300 PUMPKIN,finished_good,,unmatched_family,0,0,0,dry_run
skipped_no_track,SHD-FIM-FZ300WHI,FIM FLEXY ZEN 300 WHITE,finished_good,,unmatched_family,0,0,0,dry_run
skipped_no_track,SHD-SCO-2.5MRND-LID-ECR-DAR,SCOLARO 2.5M ROUND LIDO ECRU DARK,finished_good,,unmatched_family,0,0,0,dry_run
skipped_no_track,SHD-SCO-2MSQ-MAR-ECR-NON,SCOLARO 2M SQUARE MARINA ECRU NONE,finished_good,,unmatched_family,0,0,0,dry_run
skipped_no_track,SHD-SCO-2MSQ-MAR-ECR-TIT,SCOLARO 2M SQUARE MARINA ECRU TITANIUM,finished_good,,unmatched_family,0,0,0,dry_run
skipped_no_track,SHD-SCO-2MSQ-MAR-WHI-NON,SCOLARO 2M SQUARE MARINA WHITE NONE,finished_good,,unmatched_family,0,0,0,dry_run
skipped_no_track,SHD-SCO-2MSQ-MAR-WHI-TIT,SCOLARO 2M SQUARE MARINA WHITE TITANIUM,finished_good,,unmatched_family,0,0,0,dry_run
skipped_no_track,SHD-SCO-2MSQ-STOCOV-GRA-NON,SCOLARO 2M SQUARE STORAGE COVERS GRAY NONE,finished_good,,unmatched_family,0,0,0,dry_run
skipped_no_track,SHD-SCO-3MSQ-AST-ECR-CAR,SCOLARO 3M SQUARE ASTRO ECRU CARBON,finished_good,,unmatched_family,0,0,0,dry_run
skipped_no_track,SHD-SCO-3MSQ-AST-ECR-NON,SCOLARO 3M SQUARE ASTRO ECRU NONE,finished_good,,unmatched_family,0,0,0,dry_run
skipped_no_track,SHD-SCO-3MSQ-AST-ECR-TIT,SCOLARO 3M SQUARE ASTRO ECRU TITANIUM,finished_good,,unmatched_family,0,0,0,dry_run
skipped_no_track,SHD-SCO-3MSQ-AST-NON-CAR,SCOLARO 3M SQUARE ASTRO NONE CARBON,finished_good,,unmatched_family,0,0,0,dry_run
skipped_no_track,SHD-SCO-3MSQ-AST-NON-TIT,SCOLARO 3M SQUARE ASTRO NONE TITANIUM,finished_good,,unmatched_family,0,0,0,dry_run
skipped_no_track,SHD-SCO-3MSQ-AST-ORA-NON,SCOLARO 3M SQUARE ASTRO ORANGE NONE,finished_good,,unmatched_family,0,0,0,dry_run
skipped_no_track,SHD-SCO-3MSQ-AST-WHI-NON,SCOLARO 3M SQUARE ASTRO WHITE NONE,finished_good,,unmatched_family,0,0,0,dry_run
skipped_no_track,SHD-SCO-BASE-AST-NON-NON,SCOLARO BASE SQUARE ASTRO NONE NONE,finished_good,,unmatched_family,0,0,0,dry_run
skipped_no_track,SHD-SCO-COVER-AST-NON-DAR,SCOLARO COVER SQUARE ASTRO NONE DARK,finished_good,,unmatched_family,0,0,0,dry_run
