bom_row_id,product_variant_id,product_item_id,ingredient_variant_id,ingredient_sku,quantity,action
"ffd0456c-ed74-4d7b-9c79-886d1c3d9bc2","42062749","17973695","41147406","","4","would_delete_bom_row"
"c6388e1c-66ff-4471-86b2-6e8761cb97b9","42062749","17973695","42049887","","2.4533","would_delete_bom_row"
"c21c2590-9218-4b26-aabb-b487efe27075","42062749","17973695","42047071","","0.5","would_delete_bom_row"
"be0e6492-dc87-4b00-84c9-17796147dd41","42062749","17973695","42047074","","28","would_delete_bom_row"
"6e2497a4-9662-4848-8a50-a907053427ee","42062749","17973695","42049883","","2.24","would_delete_bom_row"
"56df6999-00e1-457b-9b9e-4cdd27a2fe14","42062746","17973692","23178511","","151.22","would_delete_bom_row"
"06e0d76b-52c4-445f-ad49-250e3c8d1669","42062746","17973692","42062750","","5.5","would_delete_bom_row"
"d3bee91f-11e2-4c6a-9d04-9a0cea545128","42062748","17973694","42047071","","0.5","would_delete_bom_row"
"a2ed4799-da07-4245-b7ab-6624c78c4d88","42062748","17973694","41147406","","4","would_delete_bom_row"
"975bed13-8ddd-4a0d-a7cf-50ce8db41439","42062748","17973694","42049887","","2.4533","would_delete_bom_row"
"6e88e78d-11ca-4e84-aa4b-d0d1592258c9","42062748","17973694","42049883","","2.24","would_delete_bom_row"
"6003bd57-43e1-4605-b00c-ff6fcaf69836","42062748","17973694","42047074","","28","would_delete_bom_row"
"dc3359bf-3841-4cb0-96ce-d560c87d8ff7","42062747","17973693","42049883","","5.2","would_delete_bom_row"
"750c6acd-10cc-4c9e-b20a-6c69e0db373a","42062747","17973693","42049887","","5.6952","would_delete_bom_row"
"72ea0ce1-3ef2-4f45-9450-0143c76169fd","42062747","17973693","23143214","","2","would_delete_bom_row"
"5fccbe57-0ee1-4ad5-80a2-7a4c258f6984","42062747","17973693","42047074","","45.5","would_delete_bom_row"
"38abb11f-1610-41b4-a8a3-4af438f2bcf2","42062747","17973693","23143136","","27","would_delete_bom_row"
"295d9b94-4fb2-4cf0-a811-aa00c9fbb597","42062747","17973693","23143128","","19.5","would_delete_bom_row"
"f22cbcf2-c200-461c-a6e9-59772035cb57","42062743","17973689","42049883","","2.24","would_delete_bom_row"
"c19aada7-f0c2-46fa-8540-384a238c2b93","42062743","17973689","42047071","","0.5","would_delete_bom_row"
"6851a7dd-0ce7-4c49-a47e-6474d1f03ee0","42062743","17973689","42049887","","2.4533","would_delete_bom_row"
"0bf68b0a-e815-442e-9bce-eeaea14ce524","42062743","17973689","41147406","","4","would_delete_bom_row"
"045236bc-2ca4-4368-9278-c882c1155286","42062743","17973689","42047074","","28","would_delete_bom_row"
"dab47952-b460-4a58-bcd0-bd185b4ac7fb","42062745","17973691","42049883","","5.2","would_delete_bom_row"
"aeebddde-a2d5-4c3e-b735-937b6d1781a3","42062745","17973691","23143136","","27","would_delete_bom_row"
"8bb55227-4468-45cb-a57b-b199511ad068","42062745","17973691","42047074","","45.5","would_delete_bom_row"
"83763de1-d078-4644-b4b1-fb07cbd83a8c","42062745","17973691","23143128","","19.5","would_delete_bom_row"
"5853d03f-1bac-4a15-a22f-fe60b035414a","42062745","17973691","42049887","","5.6952","would_delete_bom_row"
"07162a2e-a8aa-418b-8802-27ac83ac37e1","42062745","17973691","23143214","","2","would_delete_bom_row"
"45f19512-28bc-4699-8912-4ed926994be5","42062744","17973690","23178511","","151.22","would_delete_bom_row"
"0fd74a66-34dd-474e-91d9-b6ff5e45e98b","42062744","17973690","42062750","","5.5","would_delete_bom_row"
"fb62993d-e195-4c19-be3c-7094b92a7fd6","42062742","17973688","41147406","","4","would_delete_bom_row"
"0e1ea1c6-442a-4e17-bb4c-dab7e5301a66","42062742","17973688","42047074","","28","would_delete_bom_row"
"c3a070ec-8c06-4b0d-8717-6753e5e11028","42062742","17973688","42049883","","2.24","would_delete_bom_row"
"bc2c214d-1e6e-4fa9-b690-4ca990313962","42062742","17973688","42047071","","0.5","would_delete_bom_row"
"4a67e1b5-f059-4476-94aa-0cdefdeffa6d","42062742","17973688","42049887","","2.4533","would_delete_bom_row"
"cca81ca9-5f40-442b-91d6-1b809b27c789","42062741","17973687","41147406","","4","would_delete_bom_row"
"0048013e-77f9-485d-bf37-ff9770adb592","42062741","17973687","42047074","","28","would_delete_bom_row"
"d8614d1f-c9c2-401a-8bc7-03f2ccddba93","42062741","17973687","42049883","","2.24","would_delete_bom_row"
"421e89d9-6760-4c18-9d22-6448b20ea820","42062741","17973687","42049887","","2.4533","would_delete_bom_row"
"41aa801a-7670-48c5-94b7-7af6894362f1","42062741","17973687","42047071","","0.5","would_delete_bom_row"
"3fb84bec-78f6-4040-84a2-1eebd011501b","42062740","17973686","42047074","","28","would_delete_bom_row"
"0db5a531-e6a3-4933-b673-c3864d73ed43","42062740","17973686","41147406","","4","would_delete_bom_row"
"fe8869b3-a81f-4f85-9f84-f07c19f47b39","42062740","17973686","42049887","","2.4533","would_delete_bom_row"
"e4f28fa4-73ec-4189-b7d9-3d3406ac97c4","42062740","17973686","42047071","","0.5","would_delete_bom_row"
"b70a083d-5d0f-4b23-b9a8-cc5004a67023","42062740","17973686","42049883","","2.24","would_delete_bom_row"
"ec9aa75a-aaf5-4551-9d3a-4ee91d87655a","42062739","17973685","41147406","","4","would_delete_bom_row"
"e3cb36e0-2c45-4eea-9562-f7a3fbd0bfc7","42062739","17973685","42049883","","2.24","would_delete_bom_row"
"93df3c0a-5de4-4ee8-8f8b-5b4100988d2b","42062739","17973685","42047071","","0.5","would_delete_bom_row"
"92ecb5d7-e60f-4d2a-bc53-bcdd3f6dfe3c","42062739","17973685","42047074","","28","would_delete_bom_row"
"3c654e9c-9a3d-4b96-b437-ddefea6367c6","42062739","17973685","42049887","","2.4533","would_delete_bom_row"
"ed57820c-0ff8-428d-b3a3-69102d9b7230","42062738","17973684","42049883","","2.24","would_delete_bom_row"
"6111ef37-d647-4bae-b893-06a5f526638b","42062738","17973684","42049887","","2.4533","would_delete_bom_row"
"3af70b3c-be06-4871-bea5-e578acbbb913","42062738","17973684","42047071","","0.5","would_delete_bom_row"
"08a84873-9825-4341-98c8-0ae417e6beca","42062738","17973684","42047074","","28","would_delete_bom_row"
"0650dba9-902d-4615-b9c8-5826dd25c734","42062738","17973684","41147406","","4","would_delete_bom_row"
"fb6d3dfb-3084-44b4-948b-6d345e42a8fe","42062737","17973683","42049887","","2.4533","would_delete_bom_row"
"a7b32372-5f36-445d-b5c9-444b57bb9780","42062737","17973683","41147406","","4","would_delete_bom_row"
"82a79312-050f-41f5-a691-a318de3599ab","42062737","17973683","42049883","","2.24","would_delete_bom_row"
"3dd03a8f-ffae-4eba-ac33-72c23f18fae7","42062737","17973683","42047071","","0.5","would_delete_bom_row"
"2681575a-f07a-4de7-8bc3-067bf58a3a58","42062737","17973683","42047074","","28","would_delete_bom_row"
"f89601dc-3281-4f26-b7e9-e5f49ef11cab","42062736","17973682","42049883","","2.24","would_delete_bom_row"
"bdac1f31-7b07-4d4a-97cc-147fd3483394","42062736","17973682","41147406","","4","would_delete_bom_row"
"8d65d5a3-63a2-4b47-9872-f253e579ad36","42062736","17973682","42047071","","0.5","would_delete_bom_row"
"29e178f7-2d5c-4eef-8da0-edfa218e5f3c","42062736","17973682","42047074","","28","would_delete_bom_row"
"21a4932e-fe85-4bb5-a92c-714f4499187d","42062736","17973682","42049887","","2.4533","would_delete_bom_row"
"f7f6c3f5-b88f-4f63-8b6e-316f8b09fe8e","42062733","17973679","41147406","","4","would_delete_bom_row"
"aa868b8a-3b1f-443a-9435-4a5ad1b8c32b","42062733","17973679","42049883","","2.24","would_delete_bom_row"
"80eed231-b6d7-4de9-910a-dab16e1a6f04","42062733","17973679","42047074","","28","would_delete_bom_row"
"76d51db6-4aac-4fbb-9d5b-299446d97bb7","42062733","17973679","42047071","","0.5","would_delete_bom_row"
"227e94de-d57e-4aed-be66-614400823b8f","42062733","17973679","42049887","","2.4533","would_delete_bom_row"
"d733a288-21ef-4da9-933a-f599093ed113","42062734","17973680","42049887","","2.4533","would_delete_bom_row"
"ba13dfc7-db4e-4297-ac14-c46041e7c461","42062734","17973680","41147406","","4","would_delete_bom_row"
"5abea583-9529-4b5a-8170-e934b8068768","42062734","17973680","42047071","","0.5","would_delete_bom_row"
"551f5010-0033-4d4b-86ca-5fa5a80b1979","42062734","17973680","42049883","","2.24","would_delete_bom_row"
"08de57a4-044a-4f90-a138-3e4beab17d0f","42062734","17973680","42047074","","28","would_delete_bom_row"
"a93ec857-6fd6-44e9-a510-537df05a4941","42062735","17973681","42049887","","2.4533","would_delete_bom_row"
"9ade1ca7-9d38-4b76-aa7e-dd36e82adb49","42062735","17973681","42047074","","28","would_delete_bom_row"
"568d1e0c-3b17-4dd2-9339-95a1d73b47b0","42062735","17973681","42049883","","2.24","would_delete_bom_row"
"5413ea37-f4e0-4db1-9953-52d88e7d5c8f","42062735","17973681","41147406","","4","would_delete_bom_row"
"00f6fb56-b857-48df-bdc0-5da47c31a3af","42062735","17973681","42047071","","0.5","would_delete_bom_row"
"e989a877-5b34-4df5-9041-417a2b1f1e21","42062731","17973677","42049887","","2.4533","would_delete_bom_row"
"b43474a5-23e1-45e1-b28c-77cca1db71b4","42062731","17973677","42047074","","28","would_delete_bom_row"
"6bea626a-7392-4b0a-b2e7-fa72c27315df","42062731","17973677","42049883","","2.24","would_delete_bom_row"
"65996319-0dc0-4347-85f4-2ef5cda9b0f9","42062731","17973677","41147406","","4","would_delete_bom_row"
"5063eb10-a482-4719-83c7-fcf5687dc549","42062731","17973677","42047071","","0.5","would_delete_bom_row"
"da1fa380-91f4-4ce5-b750-3e560b31fcb5","42062730","17973676","23143214","","2","would_delete_bom_row"
"b2a703ad-a44d-46fc-aa92-7eb22ba4d124","42062730","17973676","42047074","","45.5","would_delete_bom_row"
"b2439ac5-bb31-4ef9-83a8-a56dee0078f8","42062730","17973676","23143128","","19.5","would_delete_bom_row"
"1d1af226-5d3b-40b7-9a4b-f1b3e27c639b","42062730","17973676","23143136","","27","would_delete_bom_row"
"0bf82316-cd2a-4a52-a6ed-09299b5d43c0","42062730","17973676","42049887","","5.6952","would_delete_bom_row"
"dcaded79-44b4-4e21-8766-0117d82887ae","42062730","17973676","42049883","","5.2","would_delete_bom_row"
"b9c9491e-5903-4b4c-ae10-50265997c3ba","42062732","17973678","42049883","","2.24","would_delete_bom_row"
"aebe5bcf-c631-4ba9-a12b-4c1135a447ca","42062732","17973678","42047071","","0.5","would_delete_bom_row"
"94ebc94d-bb5d-4fb5-a510-af345575fd31","42062732","17973678","42049887","","2.4533","would_delete_bom_row"
"5f549bc9-237e-4b51-bfb4-618afd47458d","42062732","17973678","42047074","","28","would_delete_bom_row"
"4b971147-e082-42a5-9b58-094eedcc5128","42062732","17973678","41147406","","4","would_delete_bom_row"
"40758b86-f411-4936-9274-4f40cde4007b","42062729","17973675","42062750","","5.5","would_delete_bom_row"
"10cf6144-c96b-454f-b338-40226d7a3ad3","42062729","17973675","23178511","","151.22","would_delete_bom_row"
"72ca6557-d0cf-495c-87da-40f7e4b9ab68","42062727","17973673","23178511","","151.22","would_delete_bom_row"
"66a565b9-1eb1-4a61-ba3c-d8d41f38886b","42062727","17973673","42062750","","5.5","would_delete_bom_row"
"686cab3c-d111-4fad-9cbc-c70ce0286c7f","42062728","17973674","23143136","","27","would_delete_bom_row"
"50a81f05-3cc8-41f2-88ce-d99e36911197","42062728","17973674","23143214","","2","would_delete_bom_row"
"2503536c-8214-4a02-9c47-05716aa271d6","42062728","17973674","42049887","","5.6952","would_delete_bom_row"
"1e49a7d7-9615-42f5-9d2a-ac8b87ee1e7c","42062728","17973674","23143128","","19.5","would_delete_bom_row"
"1a29b206-607d-4302-ba84-16fb801990e9","42062728","17973674","42047074","","45.5","would_delete_bom_row"
"182d5643-753a-4cf7-adf4-87dbe99c95cc","42062728","17973674","42049883","","5.2","would_delete_bom_row"
"f6616ffd-ec40-4c89-a3b6-9dfa116227e6","42062726","17973672","42047074","","45.5","would_delete_bom_row"
"88f06672-8cb6-4567-8476-78d4bd376f13","42062726","17973672","23143214","","2","would_delete_bom_row"
"3a305f37-ff2f-4adc-b265-19520def3ad1","42062726","17973672","23143136","","27","would_delete_bom_row"
"e386d902-c1a2-4dbb-8f1f-d86f3576268c","42062726","17973672","42049883","","5.2","would_delete_bom_row"
"b2c50d2e-30fd-4f79-8a24-4609e24bedfa","42062726","17973672","42049887","","5.6952","would_delete_bom_row"
"0749f56b-3273-4b83-8964-8d60fb0a09c3","42062726","17973672","23143128","","19.5","would_delete_bom_row"
"786c64ef-9278-4a24-9bc6-225e5c02459a","42062723","17973669","23178511","","151.22","would_delete_bom_row"
"71b726ad-3581-4c70-8dd1-65b70bc54066","42062723","17973669","42062750","","5.5","would_delete_bom_row"
"d0893a1b-2480-4ad8-8e57-f0b1de1cfd73","42062725","17973671","23178511","","151.22","would_delete_bom_row"
"3f37f9c2-bd37-435c-96ac-a68b88778ea5","42062725","17973671","42062750","","5.5","would_delete_bom_row"
"fa24fadc-2765-4d5d-95b4-6ab5d0220c7e","42062724","17973670","42049887","","5.6952","would_delete_bom_row"
"eee2b1cc-89eb-479f-aa72-f9e0249f04aa","42062722","17973668","42047071","","0.5","would_delete_bom_row"
"cb4c40b8-2e7f-4911-86d2-cbb8cd355b0d","42062722","17973668","42049887","","2.4533","would_delete_bom_row"
"c6957313-eae2-45b2-af13-8102cc0544dc","42062724","17973670","23143136","","27","would_delete_bom_row"
"bf63778b-6bf4-48e9-955d-2bf466c9d429","42062722","17973668","42049883","","2.24","would_delete_bom_row"
"7ab7266a-7b3a-489a-a61d-30b15e8b8425","42062724","17973670","23143214","","2","would_delete_bom_row"
"6ea0a548-041b-4504-b774-707f8a2fe37b","42062724","17973670","42047074","","45.5","would_delete_bom_row"
"628a2f9d-e3f5-4e6c-8517-4d4af23c76fb","42062724","17973670","23143128","","19.5","would_delete_bom_row"
"50845095-73b2-4978-bedc-1ca8b414d08a","42062722","17973668","42047074","","28","would_delete_bom_row"
"29c8600f-ae05-4397-9a16-fa287cb4d787","42062724","17973670","42049883","","5.2","would_delete_bom_row"
"1f424db3-7781-4c31-aab8-5f407c559f55","42062722","17973668","41147406","","4","would_delete_bom_row"
"8a3b7d88-883b-4508-979b-fe7c0a6ba686","42062721","17973667","42047074","","28","would_delete_bom_row"
"59a37efb-6601-475e-8a1f-eff0959ae2ae","42062721","17973667","42049887","","2.4533","would_delete_bom_row"
"58621fef-abfe-446e-9cdb-8c802cf73282","42062721","17973667","42047071","","0.5","would_delete_bom_row"
"45c162f6-05a9-4967-9457-1a8a9208e299","42062721","17973667","41147406","","4","would_delete_bom_row"
"7471f717-b80b-4efd-ad57-c1ce7dfb5b20","42062721","17973667","42049883","","2.24","would_delete_bom_row"
"ad528754-6f4c-4fe0-bf52-660b3c22fc81","42062720","17973666","42049887","","2.4533","would_delete_bom_row"
"810641d1-3e7b-4ade-8262-0337641097bd","42062720","17973666","41147406","","4","would_delete_bom_row"
"688ae500-9378-4ae4-8762-f1164139e00b","42062720","17973666","42047071","","0.5","would_delete_bom_row"
"495a9051-8eab-44ab-bc13-39e6597dc830","42062720","17973666","42047074","","28","would_delete_bom_row"
"3b33e6cc-9e44-4069-903e-131195e3ded3","42062720","17973666","42049883","","2.24","would_delete_bom_row"
"e00c4481-5a56-479f-96b0-a75fae35c026","42062717","17973663","41147406","","4","would_delete_bom_row"
"b34e57c3-a008-4d3d-83e5-44798165a179","42062717","17973663","42047074","","28","would_delete_bom_row"
"90e9aec4-d6c9-4ab0-b301-af2ef944cab9","42062717","17973663","42047071","","0.5","would_delete_bom_row"
"ed427161-b19e-4d0e-9afc-cc252b9c3ae0","42062719","17973665","42047071","","0.5","would_delete_bom_row"
"de7eee56-05fd-4ead-a90c-fc40750b177a","42062719","17973665","42047074","","28","would_delete_bom_row"
"cc7c3dca-dc66-41b1-a954-4088d7bffee7","42062717","17973663","42049883","","2.24","would_delete_bom_row"
"aba8032e-ab09-4b17-b9fb-040c74a174f0","42062719","17973665","42049883","","2.24","would_delete_bom_row"
"980c5996-a838-49f5-9c4a-b2ec0dd2be46","42062717","17973663","42049887","","2.4533","would_delete_bom_row"
"1ff3ae4f-8391-49b7-9b32-9e9e5c4cfe59","42062719","17973665","42049887","","2.4533","would_delete_bom_row"
"1cdb34d4-8eef-4380-838f-3d27499e20b7","42062719","17973665","41147406","","4","would_delete_bom_row"
"529180fc-2305-451e-841d-1a7f9c05cbfc","42062718","17973664","41147406","","4","would_delete_bom_row"
"4f4dde72-2185-4ce0-9b85-5cbbed345549","42062718","17973664","42049887","","2.4533","would_delete_bom_row"
"3c5f517d-2d75-4287-af23-545c20b95677","42062718","17973664","42047074","","28","would_delete_bom_row"
"0095f98a-63e8-4b8b-a24f-5cc656743339","42062718","17973664","42047071","","0.5","would_delete_bom_row"
"d0aa7009-32b3-4e5a-806c-22ce463a586c","42062718","17973664","42049883","","2.24","would_delete_bom_row"
"e543534f-ab6a-4ec5-8f7e-a4dc1b579e2d","42062716","17973662","42049883","","2.24","would_delete_bom_row"
"a9875d18-477e-4d14-8440-6c81c98f9280","42062716","17973662","42049887","","2.4533","would_delete_bom_row"
"5b4b8de2-c9d2-4b01-b501-554ca60b9b7f","42062716","17973662","42047071","","0.5","would_delete_bom_row"
"3d1e0ba9-6352-4b4b-b0bc-882078bb6af0","42062716","17973662","41147406","","4","would_delete_bom_row"
"2a738b43-a180-423d-a84e-38e762b2177f","42062716","17973662","42047074","","28","would_delete_bom_row"
"9cd5c10e-cd5e-4206-92fe-813597424b3b","42062715","17973661","41147406","","4","would_delete_bom_row"
"8a744612-e52e-4226-8a65-306101d579f5","42062715","17973661","42047074","","28","would_delete_bom_row"
"6c4cc6c9-23af-47d6-b401-4350cacb6a18","42062715","17973661","42049883","","2.24","would_delete_bom_row"
"59539ce1-2756-4f77-aad1-4d4f7f163958","42062715","17973661","42047071","","0.5","would_delete_bom_row"
"579fd59b-9835-4058-b126-0d08011bb991","42062715","17973661","42049887","","2.4533","would_delete_bom_row"
"b95d6e9c-d0e4-427b-9111-14774d4dd344","42062714","17973660","42047071","","0.5","would_delete_bom_row"
"97d570d9-9fff-4d99-8824-4c5646dd5c39","42062714","17973660","42047074","","28","would_delete_bom_row"
"0a1822cd-173f-4346-ae51-b788f33553ae","42062714","17973660","41147406","","4","would_delete_bom_row"
"d8f3dbfc-3f92-4c39-9c84-ba8cd04db044","42062713","17973659","41147406","","4","would_delete_bom_row"
"d2298197-7d20-4d8a-82ef-b7086b09b892","42062713","17973659","42049887","","2.4533","would_delete_bom_row"
"5b1ba2f0-e172-46d7-b07d-7ebf70f32e1e","42062714","17973660","42049887","","2.4533","would_delete_bom_row"
"444bbeab-1a73-4c56-8ac6-9f8583ac167e","42062713","17973659","42047071","","0.5","would_delete_bom_row"
"4363807b-347a-4cce-b923-52b1a7da22dc","42062714","17973660","42049883","","2.24","would_delete_bom_row"
"389f2f09-39cb-4731-af5e-478a6e07ce1b","42062713","17973659","42049883","","2.24","would_delete_bom_row"
"2b6ca57b-ba4a-4c64-b635-d8dc6190ae63","42062713","17973659","42047074","","28","would_delete_bom_row"
"d66d06eb-c6cb-42e9-808e-ee6bd47b79d9","42062712","17973658","42047071","","0.5","would_delete_bom_row"
"bedde737-32c0-4447-a9b6-ee3713d19b04","42062712","17973658","41147406","","4","would_delete_bom_row"
"3d5fa38b-5c82-4d50-bc62-3ed7e78177b5","42062712","17973658","42049883","","2.24","would_delete_bom_row"
"1fce012b-58cd-4813-b1db-c257afb79aa2","42062712","17973658","42049887","","2.4533","would_delete_bom_row"
"0237e609-d728-43c6-8a26-f6c6305839fe","42062712","17973658","42047074","","28","would_delete_bom_row"
"93eb2d5a-d4ef-4898-afda-05599db3a22e","42062711","17973657","42047071","","0.5","would_delete_bom_row"
"85346107-3043-4cb0-95ce-32eebc2c859e","42062711","17973657","42047074","","28","would_delete_bom_row"
"34b2f233-5386-4e63-a07e-a9b97b2e0d62","42062711","17973657","41147406","","4","would_delete_bom_row"
"65e0f8bb-6622-4465-b864-b111936b8d8a","42062711","17973657","42049887","","2.4533","would_delete_bom_row"
"4102c727-92d0-48b9-805c-2f240cfe9fa5","42062711","17973657","42049883","","2.24","would_delete_bom_row"
"e7f3a051-6122-44b6-90cc-11a1b14f924f","42062710","17973656","23143214","","2","would_delete_bom_row"
"8b17b765-1e80-43cf-ae67-d27ba8cca3a8","42062710","17973656","42047074","","45.5","would_delete_bom_row"
"6938b3e2-1f52-4500-9452-9511168a28ec","42062710","17973656","23143136","","27","would_delete_bom_row"
"66257746-fed0-4065-9515-09187a44e705","42062710","17973656","23143128","","19.5","would_delete_bom_row"
"5eb54a87-4d1f-4b11-b551-e1d3ddfa7ac1","42062710","17973656","42049883","","5.2","would_delete_bom_row"
"148c3e77-8961-401d-b84e-198d8dce3372","42062710","17973656","42049887","","5.6952","would_delete_bom_row"
"e28d685c-d77c-4b59-a953-0830b9f54086","42062709","17973655","42062750","","5.5","would_delete_bom_row"
"a45fae67-9676-43a4-896f-f275fc58f745","42062709","17973655","23178511","","151.22","would_delete_bom_row"
"93a81ce4-585e-4f2b-b5fa-b2aa96153153","42062708","17973654","42047071","","0.5","would_delete_bom_row"
"92b14362-6c70-40b1-aa87-5150d1bfeb90","42062708","17973654","42049883","","2.24","would_delete_bom_row"
"45592343-2b2e-4da6-94c2-5d5f1ccc15b7","42062708","17973654","41147406","","4","would_delete_bom_row"
"43e57fcf-8590-4b4d-b6a1-6f404d26343c","42062708","17973654","42049887","","2.4533","would_delete_bom_row"
"04aaa1ca-7ad6-4cdc-9a99-f6270a2401ab","42062708","17973654","42047074","","28","would_delete_bom_row"
"fcfbc2f2-612b-40b6-96bb-4876463266f6","42062706","17973652","41147406","","4","would_delete_bom_row"
"a80ed3ea-5899-44ac-8156-68345f6c5610","42062706","17973652","42049887","","2.4533","would_delete_bom_row"
"70fbc508-0d7f-4c56-bb49-69e50afd84b3","42062706","17973652","42047071","","0.5","would_delete_bom_row"
"4b6b4131-5650-40fd-905f-f48c64e66b15","42062706","17973652","42049883","","2.24","would_delete_bom_row"
"2a245def-8e87-4ba4-b3a7-0f5e49c9d83a","42062706","17973652","42047074","","28","would_delete_bom_row"
"aa9ec004-bf6a-4141-867a-a6be42a0be08","42062707","17973653","41147406","","4","would_delete_bom_row"
"7823d828-3624-47fe-b897-986f96ff475b","42062707","17973653","42047074","","28","would_delete_bom_row"
"4e43c228-5686-4254-a2e9-1cb178e723c6","42062707","17973653","42049887","","2.4533","would_delete_bom_row"
"422471d8-e75c-48ca-a789-d114232d3fa6","42062707","17973653","42047071","","0.5","would_delete_bom_row"
"17611a23-a247-4d9c-88b3-b5b916c25376","42062707","17973653","42049883","","2.24","would_delete_bom_row"
"fb713d59-8545-4f26-bf1d-459ad2fd818f","42062703","17973649","42047074","","28","would_delete_bom_row"
"f0873ca1-16a5-4f3b-968f-41c199726a82","42062705","17973651","42049887","","2.4533","would_delete_bom_row"
"ec6e18ec-7e52-4be3-b0cf-8e9d7b35a5a6","42062705","17973651","42047074","","28","would_delete_bom_row"
"babcb86a-2e80-43b4-aa20-4b3ad4d79d98","42062705","17973651","42047071","","0.5","would_delete_bom_row"
"6c9f9e31-c10f-4b71-9262-9c0960d77412","42062703","17973649","41147406","","4","would_delete_bom_row"
"62fa20fb-ddf5-4de5-bc80-d5344550d2f2","42062705","17973651","42049883","","2.24","would_delete_bom_row"
"4adfd190-d673-4521-a84d-87d8495db53a","42062703","17973649","42049883","","2.24","would_delete_bom_row"
"39d86045-cada-43b7-adc9-d7fbd555083f","42062703","17973649","42047071","","0.5","would_delete_bom_row"
"2218e9da-ca6b-4bc2-aab4-f3ae9f9f8b4e","42062705","17973651","41147406","","4","would_delete_bom_row"
"1c87dae1-0ff7-4d48-8ee9-696a03306c60","42062703","17973649","42049887","","2.4533","would_delete_bom_row"
"fb579668-0c72-4d5a-9529-04d05c3be3eb","42062702","17973648","42049887","","2.4533","would_delete_bom_row"
"8b4e228b-09bc-4234-a000-089bf71283fc","42062702","17973648","42047074","","28","would_delete_bom_row"
"4dddf55b-f1b9-4914-8415-5d542db4e0bf","42062702","17973648","42047071","","0.5","would_delete_bom_row"
"16c1f96d-5841-4c1d-8277-0c1dcc5e0922","42062702","17973648","42049883","","2.24","would_delete_bom_row"
"14e32d02-ae95-457a-906f-44de0b4e4e9f","42062702","17973648","41147406","","4","would_delete_bom_row"
"85c8009f-3f4b-4890-a507-b31cb670c8e2","42062701","17973647","42047074","","28","would_delete_bom_row"
"816ba25c-7d7e-43ac-af0a-b155f6ba62ab","42062701","17973647","41147406","","4","would_delete_bom_row"
"80801b23-a1ee-485b-aef1-4f140a1f07a3","42062701","17973647","42047071","","0.5","would_delete_bom_row"
"449fa342-0813-4244-a2c6-72eeed227134","42062701","17973647","42049887","","2.4533","would_delete_bom_row"
"06f20910-c089-4e41-a916-1671c8321796","42062701","17973647","42049883","","2.24","would_delete_bom_row"
"b5946afb-ba0c-4987-abcb-ac0565cfc1c7","42062704","17973650","41147406","","4","would_delete_bom_row"
"4f3d01f6-d6cd-46c0-ad87-5362b952db4d","42062704","17973650","42049887","","2.4533","would_delete_bom_row"
"3c869b1c-6890-4bdb-a3ea-681a2bf08bf5","42062704","17973650","42049883","","2.24","would_delete_bom_row"
"24792f2f-bc35-431f-8b99-052bce0cfc3b","42062704","17973650","42047071","","0.5","would_delete_bom_row"
"224a845c-05f5-46ea-bdac-f91dc4327ff6","42062704","17973650","42047074","","28","would_delete_bom_row"
"edab82c1-dbd2-4b50-aa00-a77b6ebd347e","42062699","17973645","42049887","","2.4533","would_delete_bom_row"
"8803201b-bab2-4466-b833-3d1a6177337f","42062699","17973645","42047071","","0.5","would_delete_bom_row"
"77a118a6-6656-443f-8958-950b058600fd","42062699","17973645","42047074","","28","would_delete_bom_row"
"763b9637-4e60-4ce0-9e72-1f1c74cb2c7c","42062699","17973645","42049883","","2.24","would_delete_bom_row"
"6b98a9d4-4926-4135-8f5c-04b59248c39e","42062699","17973645","41147406","","4","would_delete_bom_row"
"b9471179-baa9-472a-afb5-9ee6d8fe1f6a","42062700","17973646","42047071","","0.5","would_delete_bom_row"
"6f6a6b78-1017-46fe-a8c0-c34d1d8d5a1a","42062700","17973646","42049887","","2.4533","would_delete_bom_row"
"1a2d94cb-71a9-411f-a94f-66a37096de10","42062700","17973646","42047074","","28","would_delete_bom_row"
"141c1ca5-d2f0-4087-bfc3-6ae145d5c7d5","42062700","17973646","41147406","","4","would_delete_bom_row"
"038f896f-10ee-4730-8e31-a06977a2e526","42062700","17973646","42049883","","2.24","would_delete_bom_row"
"bcaf547c-cfdd-4008-bdcf-87d5cada8e00","42062696","17973642","42047074","","28","would_delete_bom_row"
"3b52ee06-b695-43e1-b11c-be0a65cdd31c","42062696","17973642","42047071","","0.5","would_delete_bom_row"
"20110643-cc79-4a8d-9b0f-f77b683fabda","42062696","17973642","41147406","","4","would_delete_bom_row"
"515a0a39-d25b-467b-b0e6-7cf495e0b43f","42062696","17973642","42049883","","2.24","would_delete_bom_row"
"087e191c-cd0e-4ce3-9de2-84ae2c023017","42062696","17973642","42049887","","2.4533","would_delete_bom_row"
"a3aa11f2-1abe-43c5-8d78-59b20a2def38","42062698","17973644","42049883","","2.24","would_delete_bom_row"
"98a55ae3-1489-4af4-926f-964efb12d5ba","42062698","17973644","41147406","","4","would_delete_bom_row"
"8ad41ce0-a7fc-4112-81fb-96979dd421b0","42062695","17973641","42049883","","2.24","would_delete_bom_row"
"78fdc5ba-c251-4fdd-935b-2479bcd56c17","42062695","17973641","42047071","","0.5","would_delete_bom_row"
"60151a5a-3323-4b05-af88-3f69279b3040","42062695","17973641","42049887","","2.4533","would_delete_bom_row"
"59b0b38f-8355-45ee-a97d-a53bcee968da","42062695","17973641","41147406","","4","would_delete_bom_row"
"534958b8-101c-4e87-9834-686a821eb0ae","42062698","17973644","42049887","","2.4533","would_delete_bom_row"
"4db25427-aab3-4350-a4d3-e67cf700e0b1","42062698","17973644","42047074","","28","would_delete_bom_row"
"38663633-8d7c-453d-87d1-43edeee0bcd8","42062698","17973644","42047071","","0.5","would_delete_bom_row"
"07ecbfce-caa1-4f92-8da4-b4dcf1c82d7a","42062695","17973641","42047074","","28","would_delete_bom_row"
"fca08d94-963b-420f-863c-01c64608e8d4","42062694","17973640","23143214","","2","would_delete_bom_row"
"7bd11818-9ce4-4d4d-b325-1af207ef39ec","42062694","17973640","23143136","","27","would_delete_bom_row"
"5efb2144-b699-4971-b29d-59fb4f4153cb","42062694","17973640","42047074","","45.5","would_delete_bom_row"
"ac44e2fe-0460-4f53-b61c-94a64ee0098c","42062697","17973643","41147406","","4","would_delete_bom_row"
"5f9e50cf-cb51-48ed-8c2f-8ebc8b135d4c","42062697","17973643","42047074","","28","would_delete_bom_row"
"f5905ef6-c350-4a58-93b6-2f6af8ddc753","42062697","17973643","42049883","","2.24","would_delete_bom_row"
"841a893f-4990-4144-8e38-55ae7579dd1a","42062697","17973643","42047071","","0.5","would_delete_bom_row"
"691692a2-fcbb-4758-8ffc-c135737c4d48","42062697","17973643","42049887","","2.4533","would_delete_bom_row"
"f3a80989-f330-4948-ab14-f7124f830db3","42062694","17973640","23143128","","19.5","would_delete_bom_row"
"360e98d7-6805-4014-9506-48c5b9fd7c5d","42062694","17973640","42049883","","5.2","would_delete_bom_row"
"272f8773-0b9f-482c-aeed-2fe57d6c177d","42062694","17973640","42049887","","5.6952","would_delete_bom_row"
"b83a32df-661a-4822-9c48-1e568619422c","42062692","17973638","23143136","","27","would_delete_bom_row"
"971e8a12-2f4c-4d47-9b00-68633e213f24","42062692","17973638","23143128","","19.5","would_delete_bom_row"
"87de21ba-5aa3-4818-95da-e003d04ff94f","42062692","17973638","42047074","","45.5","would_delete_bom_row"
"8135978d-9aa2-4870-a05e-e41930e0d4a7","42062692","17973638","23143214","","2","would_delete_bom_row"
"72cd84e6-fcfa-489f-bf6e-d2f40ae1a500","42062692","17973638","42049887","","5.6952","would_delete_bom_row"
"4d896700-c425-4f86-aeb4-7cad9d1903e0","42062692","17973638","42049883","","5.2","would_delete_bom_row"
"d4dd5c80-d7ca-4e71-bd8a-b51ae45215b2","42062693","17973639","23178511","","151.22","would_delete_bom_row"
"354f4ef7-e0ae-48d0-acda-446b246b8c75","42062693","17973639","42062750","","5.5","would_delete_bom_row"
"f5b27a7a-a941-4da2-a1e5-9755e1611265","42062690","17973636","42047074","","45.5","would_delete_bom_row"
"de523d57-2b35-449c-a07c-0cecffe664a1","42062690","17973636","23143214","","2","would_delete_bom_row"
"bb0894ec-5b93-43fc-9edf-9efc610388fd","42062690","17973636","23143136","","27","would_delete_bom_row"
"b85ef1d5-1c3a-4ab6-aeac-6ecd9b28331e","42062690","17973636","23143128","","19.5","would_delete_bom_row"
"a8eb6174-d62e-4437-b500-6d563ad88c58","42062690","17973636","42049883","","5.2","would_delete_bom_row"
"1d780180-2d84-46f4-a665-d59943fc43d9","42062690","17973636","42049887","","5.6952","would_delete_bom_row"
"a6af2fe5-9134-4e0d-8a44-ea80de08b5aa","42062691","17973637","23178511","","151.22","would_delete_bom_row"
"8b8a8860-f05f-491b-9806-855386899345","42062691","17973637","42062750","","5.5","would_delete_bom_row"
"fa929e26-b623-4886-8725-bca1cfdebd8e","42062689","17973635","42062750","","5.5","would_delete_bom_row"
"1504f227-f400-402f-9b48-9bfecd04d134","42062689","17973635","23178511","","151.22","would_delete_bom_row"
"ea57e71a-f63e-4036-b64b-48b3ac5609ef","42062688","17973634","42049883","","5.2","would_delete_bom_row"
"cc2adde9-eb26-441f-b7c3-99391e18e712","42062688","17973634","23143214","","2","would_delete_bom_row"
"b01e0068-7c37-4ed8-907d-12a4606bbd7a","42062688","17973634","42049887","","5.6952","would_delete_bom_row"
"9d1428b6-b85a-4b1d-b860-9d0d9e086a07","42062688","17973634","42047074","","45.5","would_delete_bom_row"
"783d4385-d202-42ec-9d75-c90089856aa0","42062688","17973634","23143128","","19.5","would_delete_bom_row"
"0f9bb175-b0d8-46ca-99c3-629ea1ca5efe","42062688","17973634","23143136","","27","would_delete_bom_row"
"e2507302-7e90-4ffb-a1c0-2f068164b37f","42062686","17973632","42049887","","5.6952","would_delete_bom_row"
"c23e0b0b-14cc-42b3-88c7-11864ff03eb1","42062686","17973632","42049883","","5.2","would_delete_bom_row"
"5c1d7de2-0d2d-471f-94e3-556e3046b8a6","42062686","17973632","23143136","","27","would_delete_bom_row"
"474bb7f1-4209-4370-92e3-b126c711e316","42062686","17973632","23143214","","2","would_delete_bom_row"
"18e4cc84-e3db-431b-bb36-18f4f60d5cc3","42062686","17973632","23143128","","19.5","would_delete_bom_row"
"0f06132b-175f-4345-91c2-4180691df8f0","42062686","17973632","42047074","","45.5","would_delete_bom_row"
"653e94c6-7a5f-4a5e-b2ec-a97dd8b355a3","42062687","17973633","23178511","","151.22","would_delete_bom_row"
"30e129c9-ea6b-4f6e-8dec-08c2b9edea52","42062687","17973633","42062750","","5.5","would_delete_bom_row"
"d7078aeb-c9b2-41ad-afbe-9b30812b8be7","42062684","17973630","42049883","","5.2","would_delete_bom_row"
"89a3419c-378c-4bea-9776-19d17c86a67e","42062684","17973630","42047074","","45.5","would_delete_bom_row"
"70c26bff-fcf9-4bc4-b838-de671ba6ce03","42062684","17973630","23143136","","27","would_delete_bom_row"
"3f1b9793-c15b-447e-8497-b651d8f9d2c9","42062684","17973630","42049887","","5.6952","would_delete_bom_row"
"3674f60a-952a-4e83-90d6-c2a2ca0bea5e","42062684","17973630","23143214","","2","would_delete_bom_row"
"0055a37e-b1f7-494d-8af8-af64ef0c4284","42062684","17973630","23143128","","19.5","would_delete_bom_row"
"e657d63e-e843-4259-84ad-d6bacedc71be","42062683","17973629","23178511","","151.22","would_delete_bom_row"
"8970ce7a-162a-4813-a182-90f2e19ea4e7","42062683","17973629","42062750","","5.5","would_delete_bom_row"
"bde9f105-6017-47ee-9773-dbc825c73e7c","42062685","17973631","42062750","","5.5","would_delete_bom_row"
"50d149f7-d24b-444e-9464-eaf4e6ab87c6","42062685","17973631","23178511","","151.22","would_delete_bom_row"
"f26bb88f-1b7f-4d72-ae26-06d9bf30bf2b","42062682","17973628","42047074","","45.5","would_delete_bom_row"
"dc6d5dc4-4ac9-4923-a43f-c22ac2d75ef6","42062682","17973628","23143128","","19.5","would_delete_bom_row"
"d59a20e4-e6b7-4c95-8deb-6dee2d82b7c6","42062682","17973628","42049887","","5.6952","would_delete_bom_row"
"c48f8c33-b7ee-4fdc-8892-efe42dc7952b","42062682","17973628","23143136","","27","would_delete_bom_row"
"5eae3ee6-779c-4eb5-93c9-825c80910326","42062682","17973628","42049883","","5.2","would_delete_bom_row"
"5cc2d6b8-c33a-4877-ad45-363b3ad9a635","42062682","17973628","23143214","","2","would_delete_bom_row"
"bc036e50-378f-4e0f-afc7-a74d26639c58","42062680","17973626","23143136","","27","would_delete_bom_row"
"a3956d4e-3fb9-4b5d-833d-fadc8837c6cf","42062680","17973626","23143128","","19.5","would_delete_bom_row"
"987a442b-2e50-484f-954f-8fc32c2a19b4","42062680","17973626","42049887","","5.6952","would_delete_bom_row"
"88940eda-f8ea-4074-9aec-7c269db9d911","42062680","17973626","42047074","","45.5","would_delete_bom_row"
"31b89204-5744-44cc-9ad8-68d843c7c570","42062680","17973626","23143214","","2","would_delete_bom_row"
"1d1b8110-70ec-45e1-a09d-6bbbf7f4e853","42062680","17973626","42049883","","5.2","would_delete_bom_row"
"df076639-1b85-41df-a1ac-7bac4a143b73","42062678","17973624","42049887","","5.6952","would_delete_bom_row"
"b212486c-8f58-48b5-9917-adc095c3f9c1","42062678","17973624","23143128","","19.5","would_delete_bom_row"
"70ccb2d8-938b-4875-ba7b-e60774d4bdcd","42062678","17973624","23143214","","2","would_delete_bom_row"
"6552700a-2535-4c7f-928b-4aea4d6e885c","42062678","17973624","23143136","","27","would_delete_bom_row"
"4ae5abe2-c327-413a-ba7d-d1c87753c0fe","42062678","17973624","42047074","","45.5","would_delete_bom_row"
"2eb01168-601a-418c-82b8-2d3dea7a0090","42062678","17973624","42049883","","5.2","would_delete_bom_row"
"f43014a5-b2b2-49f3-9461-20e42fdc2be2","42062681","17973627","23178511","","151.22","would_delete_bom_row"
"ecc3f186-3a47-4b92-b247-5a50ccd0bfda","42062681","17973627","42062750","","5.5","would_delete_bom_row"
"e73fa27f-269c-4830-a7fc-e7deeab717b2","42062677","17973623","42062750","","5.5","would_delete_bom_row"
"634e40d9-71e4-4aef-8d56-5c303103e725","42062677","17973623","23178511","","151.22","would_delete_bom_row"
"b8f84552-14b4-4982-97c0-b9f05869558b","42062679","17973625","42062750","","5.5","would_delete_bom_row"
"874e4c3f-7d57-449e-81ee-afaec60ec561","42062679","17973625","23178511","","151.22","would_delete_bom_row"
"8bf20592-8bf2-4b58-95b8-2eb913dbf2ce","42062675","17973621","23178511","","151.22","would_delete_bom_row"
"893d722c-96ee-4e33-a69f-1db4f0a90f12","42062675","17973621","42062750","","5.5","would_delete_bom_row"
"a0f14057-a3fb-4f43-bf84-a427beee54cc","42062673","17973619","23178511","","151.22","would_delete_bom_row"
"3905ceca-ea97-42ad-8eb3-0466e7a0fcb4","42062673","17973619","42062750","","5.5","would_delete_bom_row"
"e8228b60-ae96-4529-be51-26fd2a8826cb","42062676","17973622","23143128","","19.5","would_delete_bom_row"
"bbc0373f-8b5c-4d91-b6ed-aae833726acc","42062676","17973622","42049887","","5.6952","would_delete_bom_row"
"8c1a9950-3281-4532-a9ac-3056d5c3fe90","42062676","17973622","23143136","","27","would_delete_bom_row"
"898d8a80-6f31-4380-88b8-4051511756fc","42062676","17973622","23143214","","2","would_delete_bom_row"
"55f9bbc8-fbd5-457d-831f-c11d248e3606","42062676","17973622","42047074","","45.5","would_delete_bom_row"
"627dad73-62c3-4ba0-83aa-0c5ca7468b2a","42062676","17973622","42049883","","5.2","would_delete_bom_row"
"b3118451-a350-494b-8c75-0c347c484c18","42062672","17973618","23143214","","2","would_delete_bom_row"
"79f66993-e3b0-4f5a-9ebd-33207bcf46f6","42062672","17973618","23143136","","27","would_delete_bom_row"
"bd34271b-519c-4ba9-86e6-6b6279021313","42062672","17973618","42049887","","5.6952","would_delete_bom_row"
"5c2592d9-649e-4b60-9575-ec8f3dbddebf","42062672","17973618","42049883","","5.2","would_delete_bom_row"
"47e1ce15-8ae1-42c5-a2d0-9f282b28098e","42062672","17973618","42047074","","45.5","would_delete_bom_row"
"1b280575-6f99-40fb-bfb7-583a6597e962","42062672","17973618","23143128","","19.5","would_delete_bom_row"
"e046a710-8cf5-4a72-a0a9-ea877d0f70bf","42062674","17973620","42047074","","45.5","would_delete_bom_row"
"bb274dfb-35b3-40bb-a216-7a9d39d51e6b","42062674","17973620","42049887","","5.6952","would_delete_bom_row"
"b80ef096-0d23-4b59-ae28-b6d4b09ace7b","42062674","17973620","23143136","","27","would_delete_bom_row"
"7ed10577-c457-467b-a138-6008006d0b20","42062674","17973620","23143128","","19.5","would_delete_bom_row"
"60b01a31-b718-4f47-ac8c-2882bec8c117","42062674","17973620","42049883","","5.2","would_delete_bom_row"
"2d82ac20-894a-4248-8713-0ecd62f00a1c","42062674","17973620","23143214","","2","would_delete_bom_row"
"371bfe7a-6798-4891-a29a-f3b6168e42e5","42062671","17973617","23178511","","151.22","would_delete_bom_row"
"7eb5d63a-fcae-4534-a8d5-68513fcfe506","42062671","17973617","42062750","","5.5","would_delete_bom_row"
"ef2ece87-b441-4002-afcf-f475f1b1bafe","42062670","17973616","23143214","","2","would_delete_bom_row"
"ce4dacd6-23f4-4cf4-92d8-aaff8d3767fb","42062668","17973614","42049887","","2.4533","would_delete_bom_row"
"c39300ce-8589-41b5-8faa-5a2bb2c23323","42062668","17973614","42049883","","2.24","would_delete_bom_row"
"ab1231d8-fe83-4bbc-a542-6b5d70dd7a30","42062670","17973616","23143136","","27","would_delete_bom_row"
"aa179053-8898-473c-8b0d-1a8256f1a06c","42062670","17973616","42049887","","5.6952","would_delete_bom_row"
"8cc2788d-0af3-4ef8-8dd1-cbea7684cff5","42062668","17973614","41147406","","4","would_delete_bom_row"
"7224d68a-aa12-429b-aec4-a33f2cd0c1e1","42062668","17973614","42047071","","0.5","would_delete_bom_row"
"53bbf241-0ff9-40b3-8bbf-44273a0c09a8","42062670","17973616","42049883","","5.2","would_delete_bom_row"
"50550e7b-29c3-4d5f-b57d-d7630cf472e8","42062670","17973616","23143128","","19.5","would_delete_bom_row"
"2ad06897-a76c-4b5a-a6f1-d75bca86959e","42062670","17973616","42047074","","45.5","would_delete_bom_row"
"16d632a2-f005-41d3-b0cd-16bb93434984","42062668","17973614","42047074","","28","would_delete_bom_row"
"c58b620d-3a57-47d1-9038-680e53cec7f4","42062667","17973613","42049887","","2.4533","would_delete_bom_row"
"af3294c5-4e3d-42ac-be96-578b90ad7bdd","42062667","17973613","41147406","","4","would_delete_bom_row"
"72465320-632d-459e-ab7f-52cf0a3888a6","42062667","17973613","42047074","","28","would_delete_bom_row"
"607e8563-1564-4d09-b08e-66dbff286c6c","42062667","17973613","42049883","","2.24","would_delete_bom_row"
"26e16083-a5a1-46a3-b122-419903fd0822","42062667","17973613","42047071","","0.5","would_delete_bom_row"
"eed5c565-9500-40d7-a86f-ab118f3bab7c","42062669","17973615","23178511","","151.22","would_delete_bom_row"
"0f34e322-bede-48f6-adc6-cc805dcb0dc2","42062669","17973615","42062750","","5.5","would_delete_bom_row"
"cf3fa46e-7864-4571-8412-36fc7c813954","42062664","17973610","42049887","","2.4533","would_delete_bom_row"
"bf7de158-755f-4d99-a5f8-1af5cd5d178f","42062664","17973610","42047071","","0.5","would_delete_bom_row"
"bf01cda4-db6f-4624-8c35-9eb98c272b1d","42062664","17973610","41147406","","4","would_delete_bom_row"
"92e17499-3111-473c-8164-fde482b853db","42062664","17973610","42047074","","28","would_delete_bom_row"
"501277af-ee13-4851-9e0c-4e4bc421e079","42062664","17973610","42049883","","2.24","would_delete_bom_row"
"fe0385dd-004c-4c63-9fc2-3bde9dbc4362","42062663","17973609","42047074","","28","would_delete_bom_row"
"e78da32f-b46c-4d8e-9a05-173c784c3e4d","42062663","17973609","42047071","","0.5","would_delete_bom_row"
"bfeeebae-26b6-45f5-95da-ef9ba7e2e3f5","42062663","17973609","42049887","","2.4533","would_delete_bom_row"
"6e3006bf-fe89-4b54-8d76-6b234526772f","42062663","17973609","41147406","","4","would_delete_bom_row"
"0a60fd50-417c-4f97-8905-570fe1127b58","42062663","17973609","42049883","","2.24","would_delete_bom_row"
"a5856796-1157-4e8a-aa21-d83c0385bb01","42062666","17973612","41147406","","4","would_delete_bom_row"
"8f720677-f093-4492-a726-fd4d12114066","42062666","17973612","42049883","","2.24","would_delete_bom_row"
"84a374e7-5be0-4fde-83cc-93c3eb2ecdef","42062666","17973612","42047074","","28","would_delete_bom_row"
"682ca2ef-14bf-4571-aa04-13be647c42d4","42062666","17973612","42049887","","2.4533","would_delete_bom_row"
"5e116ff9-9c0b-4e1b-8a60-c5d90c3fc002","42062666","17973612","42047071","","0.5","would_delete_bom_row"
"fa9ac6b2-7ad9-4793-8808-30043a5eafb4","42062662","17973608","42047074","","28","would_delete_bom_row"
"f008cc23-5ef9-4c9e-9501-1a7daa2e8882","42062662","17973608","42049883","","2.24","would_delete_bom_row"
"607b0868-1bf5-4f17-9f94-db0d13994564","42062662","17973608","42047071","","0.5","would_delete_bom_row"
"2135b1c6-3e3b-4f98-98ba-06b59d89dff8","42062662","17973608","42049887","","2.4533","would_delete_bom_row"
"1f2e762a-995e-48a4-b199-58441e7337a8","42062662","17973608","41147406","","4","would_delete_bom_row"
"c46c8c94-40e6-4e82-9cf6-55c19879be4d","42062665","17973611","41147406","","4","would_delete_bom_row"
"932fefe0-d5fa-4919-86c7-0cefee6ae9cf","42062665","17973611","42049887","","2.4533","would_delete_bom_row"
"5391be25-2f38-408c-9c74-613ed65a686d","42062665","17973611","42049883","","2.24","would_delete_bom_row"
"26f0f058-6387-448e-9d07-69249d465d80","42062665","17973611","42047071","","0.5","would_delete_bom_row"
"1f716336-50af-4a5b-86aa-65c079237416","42062665","17973611","42047074","","28","would_delete_bom_row"
"a00bd020-882b-42cb-a0e1-f0a17c343460","42062661","17973607","42047071","","0.5","would_delete_bom_row"
"7d3f46f4-d596-4b49-b780-746f275ab42c","42062661","17973607","42049883","","2.24","would_delete_bom_row"
"75118c9f-eaa4-4678-b1f8-169695cbf136","42062661","17973607","42049887","","2.4533","would_delete_bom_row"
"6d706c0b-12d7-49f8-8c42-f3525c078ff0","42062661","17973607","41147406","","4","would_delete_bom_row"
"67bcdd1a-47c8-4317-914a-0030fc752be6","42062661","17973607","42047074","","28","would_delete_bom_row"
"de9f907c-4316-491b-8057-5b103d5091e3","42062659","17973605","42047071","","0.5","would_delete_bom_row"
"beb08eb6-ebc5-4e38-9141-791fc642960b","42062659","17973605","41147406","","4","would_delete_bom_row"
"86411a83-a86e-4fa4-a654-24ddf05e02bf","42062659","17973605","42047074","","28","would_delete_bom_row"
"ff4d4bfa-16ef-4ecc-b5f3-d98f62e492e5","42062659","17973605","42049887","","2.4533","would_delete_bom_row"
"a90f34c2-4722-42a7-9ea1-d42a4d3498af","42062659","17973605","42049883","","2.24","would_delete_bom_row"
"fa10a525-2029-49ed-a2ef-ff91bf8b89fd","42062660","17973606","41147406","","4","would_delete_bom_row"
"e3f1c84b-2188-4e03-a34f-fa235e0713e9","42062660","17973606","42049883","","2.24","would_delete_bom_row"
"ddabb1ef-85b0-479f-a4de-a1f905c831a8","42062660","17973606","42049887","","2.4533","would_delete_bom_row"
"b77bddf7-6bb5-4123-8d33-073f6736f05a","42062660","17973606","42047071","","0.5","would_delete_bom_row"
"24d6f0ae-04b4-4fb6-92c3-c3eb49872616","42062660","17973606","42047074","","28","would_delete_bom_row"
"dad865e3-5b32-478e-86f3-f45acdb547a0","42062657","17973603","41147406","","4","would_delete_bom_row"
"b581baf3-605c-4e76-93f0-31495ab42665","42062657","17973603","42049883","","2.24","would_delete_bom_row"
"98007c70-898b-497a-be78-6c6f8b415bd2","42062657","17973603","42047071","","0.5","would_delete_bom_row"
"70e0dd9b-e293-49be-9fb9-ef51f3b5bc2c","42062657","17973603","42049887","","2.4533","would_delete_bom_row"
"6468d125-6c16-40c0-9130-9a921e905d00","42062657","17973603","42047074","","28","would_delete_bom_row"
"d7881430-b8ca-4b89-908f-f5ad81e220c1","42062658","17973604","42047074","","28","would_delete_bom_row"
"d372a2f6-1a25-4176-8696-7e93433aa8e7","42062658","17973604","42049883","","2.24","would_delete_bom_row"
"b4a88486-ad0a-47a3-8ba8-d041796ca7e4","42062658","17973604","41147406","","4","would_delete_bom_row"
"45e6c778-c9fa-4f7d-893b-87d5fc3198c4","42062658","17973604","42047071","","0.5","would_delete_bom_row"
"3fa74e3a-4f1a-4420-81dd-29af1d028b1c","42062658","17973604","42049887","","2.4533","would_delete_bom_row"
"e853c331-43db-4d9d-ae21-7ce86fdaf8a1","42062650","17973597","23143214","","2","would_delete_bom_row"
"e7c6f26e-6dbc-4e49-b847-027f32801ba1","42062650","17973597","42047074","","45.5","would_delete_bom_row"
"d13e9b9f-7fe0-4da3-a81b-290bbdc614b6","42062650","17973597","23143136","","27","would_delete_bom_row"
"5785c4a9-dca5-4d74-9715-d7232b19ceb6","42062650","17973597","42049887","","5.6952","would_delete_bom_row"
"2cb38347-bf87-4d39-89a2-d52e85c32826","42062650","17973597","42049883","","5.2","would_delete_bom_row"
"23c71f71-e83b-4d78-97f4-4374741b8660","42062650","17973597","23143128","","19.5","would_delete_bom_row"
"bb69a34c-84c1-4d51-a8e8-f5ea749b9e71","42062649","17973596","23178511","","151.22","would_delete_bom_row"
"05415de6-6a08-4d17-a569-45cfa06e4dbf","42062649","17973596","42062750","","5.5","would_delete_bom_row"
"e0a780e9-231d-48d1-a383-d54af7ef35f0","42062656","17973602","42047071","","0.5","would_delete_bom_row"
"c6d69cb6-dd70-4600-9ba6-4c20a6e457c7","42062656","17973602","41147406","","4","would_delete_bom_row"
"ae0e6c3e-0879-4514-a382-058772808df9","42062656","17973602","42049887","","2.4533","would_delete_bom_row"
"375c8197-7500-4552-8e30-baaae55c4455","42062656","17973602","42047074","","28","would_delete_bom_row"
"8a69c6ab-4fad-461c-b9d4-3dc8d919c259","42062656","17973602","42049883","","2.24","would_delete_bom_row"
"bc4c3ce3-4422-4dbd-a359-333c87f5f5c0","42062654","17973600","23143128","","19.5","would_delete_bom_row"
"a62b89d9-a53c-45e3-922f-6c04877014ce","42062655","17973601","41147406","","4","would_delete_bom_row"
"9f91c6af-990c-4cc2-8eca-bd23ae7d7393","42062654","17973600","42049883","","5.2","would_delete_bom_row"
"87e017a0-1d7d-422b-aba7-76e263619185","42062654","17973600","23143214","","2","would_delete_bom_row"
"6e908c33-5158-41c5-9c70-4e18b8e19e52","42062655","17973601","42047074","","28","would_delete_bom_row"
"69f88e6a-68b9-402a-b012-128f74ff16bb","42062654","17973600","42047074","","45.5","would_delete_bom_row"
"4af7042b-336b-403c-8eaf-532d1f25a901","42062654","17973600","42049887","","5.6952","would_delete_bom_row"
"471ce9fc-d26b-4e77-b5ae-cb0dbe60d99e","42062655","17973601","42047071","","0.5","would_delete_bom_row"
"3e20f3e2-4226-490d-aca3-8452c38760b9","42062655","17973601","42049887","","2.4533","would_delete_bom_row"
"3552b02e-1c61-4326-ae41-e9586ce36fee","42062654","17973600","23143136","","27","would_delete_bom_row"
"296abc89-feb6-4d98-86ba-10b8d543a7eb","42062655","17973601","42049883","","2.24","would_delete_bom_row"
"57b5bcbf-8fe5-41e5-b113-8bbbc53d5674","42062642","17973589","42047074","","28","would_delete_bom_row"
"3b55010b-a7c6-4bda-a6bc-591a026514f8","42062642","17973589","41147406","","4","would_delete_bom_row"
"6493d778-d397-44f4-a154-6c3f373b5a13","42062642","17973589","42049887","","2.4533","would_delete_bom_row"
"59bb5d6d-abdb-4a6c-8fd7-577efd98242b","42062642","17973589","42047071","","0.5","would_delete_bom_row"
"40148367-ee98-4f88-806a-3f196f8ea4f0","42062642","17973589","42049883","","2.24","would_delete_bom_row"
"ffe89baa-6597-4290-8a01-8c538834a84d","42062641","17973588","42047074","","28","would_delete_bom_row"
"dde23a70-4a62-4c67-859a-2a291b4d4ed9","42062641","17973588","42049887","","2.4533","would_delete_bom_row"
"dab35365-162f-4fcf-956f-13f71f5459eb","42062641","17973588","41147406","","4","would_delete_bom_row"
"91a4d825-6297-45a6-87c2-b1fe7003e068","42062641","17973588","42047071","","0.5","would_delete_bom_row"
"7cb4fed4-b2bb-4f05-8890-5f9f82f3a474","42062641","17973588","42049883","","2.24","would_delete_bom_row"
"06dfe6b5-60ef-42b8-8fed-7c5a079e61f2","42062653","17973599","23178511","","151.22","would_delete_bom_row"
"03aed0b1-fbe4-4fca-a2e4-3ae375c70cca","42062653","17973599","42062750","","5.5","would_delete_bom_row"
"ddce5c63-f703-4394-8bf7-1b76bdc93a87","42062639","17973586","41147406","","4","would_delete_bom_row"
"5874d4d7-eef1-4bb9-8dc2-275994dfc55c","42062639","17973586","42049887","","2.4533","would_delete_bom_row"
"4695999d-fa93-43c1-8f09-6f1ce70ec533","42062639","17973586","42049883","","2.24","would_delete_bom_row"
"0ed6f841-bc29-4b53-aaba-4fa3954781eb","42062639","17973586","42047074","","28","would_delete_bom_row"
"07b54d29-2f25-4f58-a5df-39131ac33bfb","42062639","17973586","42047071","","0.5","would_delete_bom_row"
"f842e419-a5a3-4daa-a6b3-c8319edffcdf","42062638","17973585","42049887","","2.4533","would_delete_bom_row"
"e1c6b48f-ae86-4a17-90f4-f80cdfbc208e","42062638","17973585","42049883","","2.24","would_delete_bom_row"
"a8972360-e93b-4b95-8031-dd7f24e565ae","42062638","17973585","42047074","","28","would_delete_bom_row"
"866d9fbe-0652-4359-8286-3f25fcb23e03","42062638","17973585","42047071","","0.5","would_delete_bom_row"
"0012010f-0e96-4159-bf1a-740c3bd5ca29","42062638","17973585","41147406","","4","would_delete_bom_row"
"d7b4ebe7-c935-45b4-89e6-d84fbed498ab","42062192","17973161","23178511","","151.22","would_delete_bom_row"
"70a6b764-a93f-4f25-87f0-86fd05fdbfaa","42062192","17973161","42062750","","5.5","would_delete_bom_row"
"7b26ccc9-4d12-469a-9f5d-a75b7ad5fd59","42062168","17973137","23143214","","2","would_delete_bom_row"
"6a7eb9f1-fe9c-4d4e-aac0-d39d2ff64944","42062168","17973137","23143136","","27","would_delete_bom_row"
"fbe1063c-7ef5-4dad-85aa-efbacc6f807d","42062168","17973137","42047074","","45.5","would_delete_bom_row"
"db9fb7d0-b553-469b-9935-a0f8f4f869e9","42062168","17973137","23143128","","19.5","would_delete_bom_row"
"25f10fa3-456d-43c6-858f-bc29fa0d3dc1","42062168","17973137","42049883","","5.2","would_delete_bom_row"
"0b9ccc65-7460-4e42-8477-c10699bd11d1","42062168","17973137","42049887","","5.6952","would_delete_bom_row"
"e4bcdcd4-db61-4094-9899-f44ca58a615a","42062625","17973572","23143214","","2","would_delete_bom_row"
"c24fb56a-7314-4f50-98e7-2e3bce7c934d","42062625","17973572","23143136","","27","would_delete_bom_row"
"b4a9db94-eb2c-414d-bb89-e5146f8e1b4c","42062625","17973572","42049883","","5.2","would_delete_bom_row"
"aae0139c-6af7-4039-b9b8-3a23ff8965bb","42062625","17973572","42049887","","5.6952","would_delete_bom_row"
"81fa766f-0eba-47ca-bea9-f1edbe037c73","42062625","17973572","23143128","","19.5","would_delete_bom_row"
"2b2d5ff6-944c-4289-857e-11c06b504164","42062625","17973572","42047074","","45.5","would_delete_bom_row"
"f8b43b69-642c-4ae5-8aa2-1126078e478e","42062619","17973566","42047074","","28","would_delete_bom_row"
"ce8bc003-0e24-4da6-bee2-ef2360ed928e","42062619","17973566","42047071","","0.5","would_delete_bom_row"
"c5060490-9210-4f5c-a96f-d8e450feed23","42062619","17973566","42049883","","2.24","would_delete_bom_row"
"84073a95-79f0-4f9e-86b8-ba43888e7da4","42062619","17973566","42049887","","2.4533","would_delete_bom_row"
"3e551570-d69a-4c93-a3aa-39fd9581bb38","42062619","17973566","41147406","","4","would_delete_bom_row"
"b5170b29-7f59-42e7-9cac-6e1ea6fe4d55","42062616","17973563","42047071","","0.5","would_delete_bom_row"
"aabfea2e-5e22-4ee5-8375-36be78ba8ed8","42062616","17973563","42047074","","28","would_delete_bom_row"
"850b64bc-ad06-4572-add5-6ada8a90319f","42062616","17973563","42049883","","2.24","would_delete_bom_row"
"632dea5b-9db6-4ee4-8590-03898d23a42b","42062616","17973563","42049887","","2.4533","would_delete_bom_row"
"6289ae32-db31-492d-bade-51acda91a5a0","42062616","17973563","41147406","","4","would_delete_bom_row"
"cb9de852-d698-4da1-9629-4df352ea19c2","42062624","17973571","23178511","","151.22","would_delete_bom_row"
"2715f93b-0b4f-4dc0-bf69-8d1493dc9240","42062624","17973571","42062750","","5.5","would_delete_bom_row"
"292ea1c5-1927-4b00-8bf5-5a5df3136c31","42062614","17973561","42047074","","28","would_delete_bom_row"
"b70683e5-f1ae-42c5-a681-d1628e95863d","42062614","17973561","42047071","","0.5","would_delete_bom_row"
"4f8d5593-db46-4193-a709-8e505782e6ad","42062614","17973561","41147406","","4","would_delete_bom_row"
"3b66b0e4-f2e4-40ab-adbc-d95358ec26c9","42062614","17973561","42049883","","2.24","would_delete_bom_row"
"1a347687-a8e9-4a61-8387-24dda5afd384","42062614","17973561","42049887","","2.4533","would_delete_bom_row"
"cd769ac6-856f-49fc-bda3-2856029197a1","42062617","17973564","42047074","","28","would_delete_bom_row"
"b8adcd5a-fd7d-4518-b23a-df22b000243a","42062617","17973564","42049887","","2.4533","would_delete_bom_row"
"b7dbf55b-4ec5-4396-a095-e6cea46278f2","42062617","17973564","41147406","","4","would_delete_bom_row"
"9b7b4ad2-be34-4fbe-acda-93589853c24f","42062617","17973564","42049883","","2.24","would_delete_bom_row"
"411972b0-1172-43ca-8770-da7e00e44c6e","42062617","17973564","42047071","","0.5","would_delete_bom_row"
"db87065b-a2fa-4958-bbbb-76651ae833f7","42062613","17973560","42049883","","2.24","would_delete_bom_row"
"c7e8baab-0430-47ee-bcdf-52cd29d775ac","42062613","17973560","42049887","","2.4533","would_delete_bom_row"
"9b1ac134-b2d4-4df9-9621-e4e91892cbad","42062613","17973560","41147406","","4","would_delete_bom_row"
"95079d64-a806-42bd-ac26-fb50454f41c8","42062613","17973560","42047074","","28","would_delete_bom_row"
"7175fef2-1bd1-4567-a010-1e360e20206b","42062613","17973560","42047071","","0.5","would_delete_bom_row"
"b073a0ec-1386-4340-b3d1-3dd84f1ff113","42062611","17973558","41147406","","4","would_delete_bom_row"
"932d71d5-a4df-42ef-9227-729cd11c6247","42062611","17973558","42047074","","28","would_delete_bom_row"
"11021b03-2823-45f5-9ce5-aca5e2a8ea8f","42062611","17973558","42047071","","0.5","would_delete_bom_row"
"5603d73b-e689-4e71-ac57-8ef3a0ecfd56","42062611","17973558","42049887","","2.4533","would_delete_bom_row"
"46168303-08c3-4a3b-869b-937efbea4794","42062611","17973558","42049883","","2.24","would_delete_bom_row"
"d38b1017-aa9c-4e69-afc2-056bb2c85fec","42062610","17973557","42047071","","0.5","would_delete_bom_row"
"c7d70ed8-83e1-4a37-a84c-bfaac9dc23b0","42062610","17973557","42049883","","2.24","would_delete_bom_row"
"c38fdbf8-f14c-4254-9765-377dd52da891","42062610","17973557","42047074","","28","would_delete_bom_row"
"b69ceeb7-49d6-4f24-a59e-e7dc391dcb11","42062610","17973557","41147406","","4","would_delete_bom_row"
"857cc9c6-a28f-478e-ae70-a0e5f9be8581","42062610","17973557","42049887","","2.4533","would_delete_bom_row"
"fd9ef383-7e59-4ca6-90a9-f53462e998da","42062637","17973584","42049883","","4.48","would_delete_bom_row"
"eaf21cd3-0eeb-4f9d-aefe-f6efe75c1845","42062637","17973584","23143516","","7.5","would_delete_bom_row"
"cd52c828-cc48-47b3-a340-198124154104","42062637","17973584","23143136","","27","would_delete_bom_row"
"a4c5a017-5d24-41bb-869e-2c3b7f7162b5","42062637","17973584","42049887","","4.9067","would_delete_bom_row"
"8b41c678-cb84-4ce6-b5ee-9b90322f6f45","42062637","17973584","42047073","","48.5","would_delete_bom_row"
"70ffada8-5add-4a9e-a217-20c27757e301","42062636","17973583","23178511","","101.25","would_delete_bom_row"
"1ee9b096-28f5-486a-ab19-6d9221182ea8","42062636","17973583","42062750","","4.5","would_delete_bom_row"
"6c495f60-be2f-4754-a85a-d013877805c6","42062647","17973594","42062750","","5.5","would_delete_bom_row"
"0d849a80-5ccc-462e-a603-9cc9c024ac7c","42062647","17973594","23178511","","176.72","would_delete_bom_row"
"9ca44a4e-ad21-4898-913e-cbccffefac1c","42062648","17973595","23143214","","2","would_delete_bom_row"
"8b1e4b50-5dcc-4a11-a061-b66d6fe47b95","42062648","17973595","42049883","","5.68","would_delete_bom_row"
"7d5a049a-4b1a-480d-8378-362b14fa918c","42062648","17973595","23143136","","32","would_delete_bom_row"
"6f1adafa-1c71-4410-af7d-49ed2246e44f","42062648","17973595","23143128","","22.5","would_delete_bom_row"
"3096dfbb-229f-40b0-a705-d950ab63e096","42062648","17973595","42047074","","48.5","would_delete_bom_row"
"16d34d70-12c2-423e-a5fb-40dadfe378f9","42062648","17973595","42049887","","6.221","would_delete_bom_row"
"ce959293-fae1-4d40-b0f8-44e0f2c04a9c","42062646","17973593","23143136","","27","would_delete_bom_row"
"bed6a630-d566-454e-be8e-f22b670bd701","42062646","17973593","42047074","","45.5","would_delete_bom_row"
"a2424509-a4d1-4edf-9e7a-44d1df12bcd4","42062646","17973593","42049883","","5.2","would_delete_bom_row"
"79836c40-977f-4adf-afca-0b66f2328c91","42062646","17973593","23143214","","2","would_delete_bom_row"
"4cf80817-61c1-40c4-8076-d57085050961","42062645","17973592","23178511","","151.22","would_delete_bom_row"
"4b54e445-bbb5-4c2e-b4ab-ee5aa55db997","42062646","17973593","42049887","","5.6952","would_delete_bom_row"
"2fc8ead7-f2a2-4df2-8d1d-7e3ed90d42fc","42062645","17973592","42062750","","5.5","would_delete_bom_row"
"040ddcca-8ee5-44bb-b6e2-e6bbaba3a19e","42062646","17973593","23143128","","19.5","would_delete_bom_row"
"abcbb8d1-37cf-41ca-91fa-069b73bafc44","42062633","17973580","42047074","","20","would_delete_bom_row"
"82409b0b-bdd5-4acd-a7b5-bb9706f52855","42062633","17973580","42049887","","1.8838","would_delete_bom_row"
"687dcb76-0a1c-43aa-8ea0-50f1b2c216ff","42062633","17973580","42049883","","1.72","would_delete_bom_row"
"37fb0e10-4a1d-4f3f-a99e-80fc20ce630f","42062633","17973580","23143128","","1.5","would_delete_bom_row"
"145fb16c-bc43-472b-bf88-4a031ad228e8","42062633","17973580","23143136","","19","would_delete_bom_row"
"e9ccb6eb-6b4a-411e-9d30-9fa1cc68aaac","42062631","17973578","42047074","","17","would_delete_bom_row"
"d9692c1e-6b9a-4e16-849a-a43361842cab","42062631","17973578","42049887","","1.621","would_delete_bom_row"
"5bbf241a-3c65-4360-a7a5-fe4a11671057","42062631","17973578","23143128","","1.5","would_delete_bom_row"
"1d2bfd54-c3e3-48ee-8094-22feb52c6e60","42062631","17973578","23143136","","13","would_delete_bom_row"
"fc57bd4c-e62f-4cdb-a446-9d6824dd275a","42062631","17973578","42049883","","1.48","would_delete_bom_row"
"b65ebc50-36fe-4bb8-8b44-268e05f1aff2","42062632","17973579","42062750","","2.5","would_delete_bom_row"
"94d58fde-b63d-42cb-925d-b421c20d3b49","42062632","17973579","23178511","","55","would_delete_bom_row"
"efed63f1-d951-46cd-bb27-49464dc58214","42062635","17973582","23143136","","23","would_delete_bom_row"
"d7cc5105-d5aa-4254-8e6e-ce4eff116007","42062635","17973582","23143128","","3","would_delete_bom_row"
"d2f8158b-d95d-4cb3-9517-7b1a92fdefef","42062635","17973582","42047074","","22","would_delete_bom_row"
"d0055642-5f93-4a94-bd6a-fd5967d5a215","42062635","17973582","42049883","","2","would_delete_bom_row"
"11f8dabf-06f3-4268-90a6-4e264c9e5be5","42062635","17973582","42049887","","2.1905","would_delete_bom_row"
"b8843330-75f9-4774-92e0-8fe932ba05ca","42062634","17973581","23178511","","66","would_delete_bom_row"
"a70200e6-9ce0-488c-8079-6e970ed9065a","42062634","17973581","42062750","","2.5","would_delete_bom_row"
"874c13a1-4438-40ff-9486-3372afcf0816","42062630","17973577","23178511","","38.5","would_delete_bom_row"
"0768df27-5465-446a-9de6-e888de03d2b7","42062630","17973577","42062750","","1.5","would_delete_bom_row"
"b9afb56e-5e43-464f-8669-0577c2fc5c6f","42062628","17973575","23178511","","27.5","would_delete_bom_row"
"b9085f7f-32bb-4b2f-bfff-247e25cdf1ee","42062628","17973575","42062750","","1.5","would_delete_bom_row"
"979563c9-a8af-4244-8dd2-607f69b5d59d","42062626","17973573","23178511","","79","would_delete_bom_row"
"7b3f7c28-4ddf-40cc-a41e-07dc4f75a33a","42062626","17973573","42062750","","4","would_delete_bom_row"
"d85f1af4-2ffd-43fe-a433-e02e9dbc5e80","42062629","17973576","23143136","","9","would_delete_bom_row"
"96128fd8-426b-44fc-a849-2a590df8a72b","42062629","17973576","42049883","","1.32","would_delete_bom_row"
"61328470-dd78-4acf-8a82-6c6df80eeb39","42062629","17973576","42049887","","1.4457","would_delete_bom_row"
"326c40be-a576-4381-ac3f-a761a9086419","42062629","17973576","42047074","","15","would_delete_bom_row"
"010d48bd-14a8-424b-9c13-57e1cd657e53","42062629","17973576","23143128","","1.5","would_delete_bom_row"
"f8d26955-a8b6-49dc-b6f4-038eb7664ead","42062627","17973574","42047074","","40","would_delete_bom_row"
"c3fe968f-744a-460f-86af-be9f22be8b14","42062627","17973574","42049883","","4.12","would_delete_bom_row"
"bec7f983-9db0-4805-b6f9-cddec9dd2f87","42062627","17973574","23143214","","2","would_delete_bom_row"
"8523ce45-2f08-4c46-830c-ded26ffc8367","42062627","17973574","23143136","","17","would_delete_bom_row"
"7b7911f0-4fcf-408b-8e59-44c877c20396","42062627","17973574","42049887","","4.5124","would_delete_bom_row"
"3bfd60c1-0145-4078-922b-b1110e6eab99","42062627","17973574","23143128","","11.5","would_delete_bom_row"
"8d00ccec-c282-48c0-a606-0aeed5b60b7c","42062622","17973569","23178511","","101.21","would_delete_bom_row"
"6e1f5bdd-35c8-4aa0-a498-8575c304fa51","42062622","17973569","42062750","","5","would_delete_bom_row"
"f80be486-f87e-4af5-a58b-1b3bb78cfb45","42062623","17973570","23143136","","22","would_delete_bom_row"
"e4d2fbe4-4d1c-415c-953f-19666abef2a3","42062623","17973570","23143128","","14.5","would_delete_bom_row"
"cd852203-f2ef-48b1-b0f7-d74c8acf7b83","42062623","17973570","42049887","","4.9943","would_delete_bom_row"
"9b7e7fdb-56d4-46b5-827c-5e61135eddfe","42062623","17973570","23143214","","2","would_delete_bom_row"
"924e76be-c526-4dd0-b0f7-867566bfd798","42062623","17973570","42049883","","4.56","would_delete_bom_row"
"3cd1ab6a-9684-4f5c-b89b-682d55bb44b6","42062623","17973570","42047074","","42.5","would_delete_bom_row"
"8d3ac856-0622-462c-8ca2-0f0b70dd93e7","42062621","17973568","23143516","","13","would_delete_bom_row"
"5e039567-cd9c-4714-9cee-133d6fcc0be9","42062621","17973568","23143136","","37.5","would_delete_bom_row"
"04347177-27ca-4162-8bf0-b0cb0adbedfe","42062621","17973568","42047073","","62","would_delete_bom_row"
"e8af809c-1085-41a0-a507-efab40c35d06","42062621","17973568","42049887","","6.5714","would_delete_bom_row"
"9a110c62-4e8c-4f56-b705-3184021c6cba","42062621","17973568","42049883","","6","would_delete_bom_row"
"daeb891f-3f33-48f3-bcbb-f29aba6dd79f","42062620","17973567","23178511","","163.13","would_delete_bom_row"
"53948ca7-52b1-4321-8abe-233b9ee25513","42062620","17973567","42062750","","9","would_delete_bom_row"
"aba04b2c-5b4f-4f4a-841b-7acb7868d37e","42062160","17973130","42047074","","5","would_delete_bom_row"
"884d4218-1dc2-427a-af96-c776f335c47e","42062160","17973130","42049883","","4.96","would_delete_bom_row"
"4ffdf73a-903d-4e34-9033-635170738ccd","42062160","17973130","42047073","","57","would_delete_bom_row"
"380fe9c5-9f79-42d6-a6d0-280240befffc","42062160","17973130","42049887","","5.4324","would_delete_bom_row"
"1a2f7f5e-e21c-49b0-a593-1a44f1552adf","42062160","17973130","42047071","","21","would_delete_bom_row"
"b7adf81e-a70d-463c-adf3-2040ad429ad0","42062159","17973129","42047071","","18","would_delete_bom_row"
"64d36e87-40e0-4a9a-beb9-3f8e1f667fb0","42062159","17973129","42047074","","5","would_delete_bom_row"
"5bd85c66-e347-49bb-8914-811c0875d8b1","42062159","17973129","42047073","","54","would_delete_bom_row"
"f9f4dd9b-2a58-4ff6-8369-2bf57f0db234","42062159","17973129","42049887","","5.1695","would_delete_bom_row"
"9b0e914d-7a5b-4a28-b53d-6b4dd15c71c4","42062159","17973129","42049883","","4.72","would_delete_bom_row"
"a7136aa4-b37d-4bcb-a96e-c0ea45bca03c","42062161","17973131","42047074","","5","would_delete_bom_row"
"9379b40a-962f-47ef-8c02-fc93e95c7377","42062161","17973131","42049887","","6.0457","would_delete_bom_row"
"91ce37bf-14de-4ea3-8774-ecbe557a4099","42062161","17973131","42047071","","28","would_delete_bom_row"
"7d3126bd-b7bd-4f61-820a-b6ec521a2fd7","42062161","17973131","42049883","","5.52","would_delete_bom_row"
"18a3f813-0ef1-459b-a5c1-edf81ac7af43","42062161","17973131","42047073","","64","would_delete_bom_row"
"73f076d8-c483-41e0-ab72-8b521b3968a6","42062618","17973565","42047071","","22.1","would_delete_bom_row"
"526e8546-9974-4d5e-ae9b-87df63ae5b51","42062618","17973565","42047073","","56","would_delete_bom_row"
"3c6a4e7c-a651-4e0a-ba77-5a8b17cfb0c6","42062618","17973565","42049883","","4.88","would_delete_bom_row"
"2ae13a66-60f1-44cc-b75b-a6e9d07a614c","42062618","17973565","42047074","","5","would_delete_bom_row"
"156a45c1-f0a9-4aec-bf7a-9861cb9fbfec","42062618","17973565","42049887","","5.3448","would_delete_bom_row"
"f02c7f57-eb34-4ca4-bb07-ed7414e5dbfb","42062157","17973127","42047071","","16.3","would_delete_bom_row"
"7e2627bd-26d9-460e-a5a0-06b20389a993","42062157","17973127","42049883","","4.32","would_delete_bom_row"
"7090a109-c877-4a97-aa35-d7b7203cac8a","42062157","17973127","42047073","","49","would_delete_bom_row"
"64082818-9457-4eac-b862-81f98396eae4","42062157","17973127","42047074","","5","would_delete_bom_row"
"00dc164f-95e9-46b5-b656-c8575d381768","42062157","17973127","42049887","","4.7314","would_delete_bom_row"
"d53fdcae-8fdc-40cf-bd43-9f70fb82b391","42062156","17973126","42047073","","46","would_delete_bom_row"
"94c13eab-d62f-4b4a-a80a-27b25583f2f1","42062156","17973126","42047074","","5","would_delete_bom_row"
"ef60ab8b-7949-4988-8cca-cd639937e1cc","42062156","17973126","42049883","","4.08","would_delete_bom_row"
"d99708df-e661-4396-bfa5-e74c85ba0f31","42062156","17973126","42049887","","4.4686","would_delete_bom_row"
"a2a5b878-a279-45a7-8441-e5a831f1c666","42062156","17973126","42047071","","14","would_delete_bom_row"
"e1fab1c1-b25b-4885-aaa4-0f021a1c7c4b","42062155","17973125","42047073","","42","would_delete_bom_row"
"6736f7d5-d5f5-49cc-af1c-7e4f196e9ddc","42062155","17973125","42049883","","3.76","would_delete_bom_row"
"60f9e1b3-bb6f-4580-b13b-2db23a742f4d","42062155","17973125","42047074","","5","would_delete_bom_row"
"60d5a0af-f3ac-42b3-a1fb-329a18c6fc10","42062155","17973125","42049887","","4.1181","would_delete_bom_row"
"16914d4e-21dc-46b7-b470-1c4eca21b15f","42062155","17973125","42047071","","10.9","would_delete_bom_row"
"f99ca9ec-7504-4b9c-b07e-3a78d85792c1","42062615","17973562","42047073","","42","would_delete_bom_row"
"b392ad4d-20c9-4463-a3bd-6160b0b23a45","42062615","17973562","42047074","","5","would_delete_bom_row"
"81e1751c-4c4e-4192-a2a4-ad92cda4a320","42062615","17973562","42049887","","4.1181","would_delete_bom_row"
"26f45a1c-5345-452e-be9c-06ea8cceb9b1","42062615","17973562","42049883","","3.76","would_delete_bom_row"
"164d7eca-f3e8-41c1-8964-8e6ca9dc6424","42062615","17973562","42047071","","12.3","would_delete_bom_row"
"dc01f60d-3357-4508-9be6-8d68a09eaf02","42062153","17973123","42047074","","5","would_delete_bom_row"
"89d6faff-b9f8-428d-8012-7ee035eb2eae","42062153","17973123","42047073","","35","would_delete_bom_row"
"84340ce4-6bbb-46a9-b051-c84ef3cd4304","42062153","17973123","42047071","","8.2","would_delete_bom_row"
"7354810b-b077-4d56-addb-4bd90dbe0ea7","42062153","17973123","42049887","","3.5048","would_delete_bom_row"
"0e9b7ca1-38d0-4e19-af30-24c093604675","42062153","17973123","42049883","","3.2","would_delete_bom_row"
"e75fa2f2-ebb3-4644-ace3-566a7304ca2e","42062609","17973556","42049887","","3.8552","would_delete_bom_row"
"d54253d7-5623-40ed-a283-c3885229dd65","42062609","17973556","23143128","","8","would_delete_bom_row"
"8f729722-a2d1-464a-af4d-0d2e8eed38d0","42062609","17973556","42047074","","36","would_delete_bom_row"
"6ca9d80d-0952-4dc1-977a-04a774382d91","42062609","17973556","23143214","","2","would_delete_bom_row"
"2b4bf982-3cc0-443c-99a2-f831259a3f5c","42062609","17973556","23143136","","11","would_delete_bom_row"
"6bdd29cd-29c3-4745-b448-44d674abca0e","42062609","17973556","42049883","","3.52","would_delete_bom_row"
"ed87de3f-7cf0-4ca8-848e-33cdd91ec8bf","42062607","17973554","42047071","","0.5","would_delete_bom_row"
"b2026655-2d80-4c45-ac25-3604bc3dc588","42062607","17973554","42047074","","28","would_delete_bom_row"
"af73840c-c58b-43d1-b636-a8aa38b0ca4e","42062607","17973554","42049887","","2.4533","would_delete_bom_row"
"30939776-63a0-408d-807f-83c3605e224f","42062607","17973554","42049883","","2.24","would_delete_bom_row"
"2549e6ee-2874-4823-a566-7eacb3d5e21a","42062607","17973554","41147406","","4","would_delete_bom_row"
"d0e30ae8-12a7-4f1c-8723-8ed5f78db5aa","42062612","17973559","42047074","","5","would_delete_bom_row"
"5e91953f-d4cc-4aac-a1ba-651cc0eb07b8","42062612","17973559","42047071","","9","would_delete_bom_row"
"5d7c04d4-e8e1-4f76-a1ca-4c49a1f04406","42062612","17973559","42049883","","3.28","would_delete_bom_row"
"39d3b861-99b9-4e20-8b9a-b3d5cd4c470e","42062612","17973559","42049887","","3.5924","would_delete_bom_row"
"0a9886cb-5dc3-4288-bd6d-71bf28002c2a","42062612","17973559","42047073","","36","would_delete_bom_row"
"641b03ea-5323-4870-b441-b4cb7858d276","42062608","17973555","23178511","","53","would_delete_bom_row"
"3f17e9c3-39c2-465c-88da-f42cf30a04b1","42062608","17973555","42062750","","3","would_delete_bom_row"
"f83eb9e3-4332-49e4-88d8-b591cf0cb05c","42062606","17973553","42049887","","2.4533","would_delete_bom_row"
"e9143c03-d36d-43c4-962f-26e4a95437a5","42062606","17973553","42047071","","0.5","would_delete_bom_row"
"e1d4cbda-4add-4184-9f1a-7dd99f87c120","42062606","17973553","41147406","","4","would_delete_bom_row"
"569dce6e-9b55-4ff4-bce3-2a02ebddd2e8","42062606","17973553","42049883","","2.24","would_delete_bom_row"
"469b5bd4-75f9-4ca4-b215-52a665adc0ec","42062606","17973553","42047074","","28","would_delete_bom_row"
"faf1a63b-f43e-4a51-b6d3-498e2e517a27","42062603","17973550","23143136","","27","would_delete_bom_row"
"e0334bcc-478b-4004-9db1-66a9f402abe5","42062603","17973550","23143214","","2","would_delete_bom_row"
"b50264d3-4344-4502-be85-e2776e6c27b4","42062603","17973550","23143128","","19.5","would_delete_bom_row"
"92726e7e-07d1-416f-92e3-13b38161b4db","42062603","17973550","42047074","","45.5","would_delete_bom_row"
"7a57fc98-b9c0-481c-b183-629e49db448a","42062603","17973550","42049883","","5.2","would_delete_bom_row"
"27decfbf-261a-4d33-bde2-7225cb0d75ff","42062603","17973550","42049887","","5.6952","would_delete_bom_row"
"eef9a06c-6b3b-4998-a526-37ad92ec1ecc","42062605","17973552","42047074","","45.5","would_delete_bom_row"
"ec45fc70-e308-4713-870e-1c5c8c8ca20f","42062602","17973549","23178511","","151.22","would_delete_bom_row"
"a8fce4e4-a4d5-42fd-ab92-ef4963bab962","42062602","17973549","42062750","","5.5","would_delete_bom_row"
"65664701-df2d-4b75-8aa6-8283a58e581e","42062605","17973552","42049887","","5.6952","would_delete_bom_row"
"3c37e909-2d63-4e7b-a167-5b776db2ef2e","42062605","17973552","23143214","","2","would_delete_bom_row"
"33a50a27-a047-4ddb-9adb-e52eb6b5b693","42062605","17973552","23143128","","19.5","would_delete_bom_row"
"0defe0c6-e643-47e2-b0f4-9f4ccdd85c6c","42062605","17973552","42049883","","5.2","would_delete_bom_row"
"073298bf-7ab5-4f9e-a57f-af821cb3bdfa","42062605","17973552","23143136","","27","would_delete_bom_row"
"b1d02635-cebc-4517-be9c-339008f9a12e","42062604","17973551","23178511","","151.22","would_delete_bom_row"
"031565d4-d380-4a6c-84c5-c8b46cba1fed","42062604","17973551","42062750","","5.5","would_delete_bom_row"
"fee00250-51c3-48bf-96f5-7416ca5d20c8","42062601","17973548","42047074","","45.5","would_delete_bom_row"
"fd37544b-15ee-4c31-8cad-c05d8b43a6ad","42062601","17973548","23143128","","19.5","would_delete_bom_row"
"ce9d40ab-2867-44d3-a1e4-86fc8e636bcb","42062601","17973548","23143214","","2","would_delete_bom_row"
"c0804e51-7a7d-4418-a1d6-4329642c402f","42062601","17973548","42049883","","5.2","would_delete_bom_row"
"5ec2f449-8197-4ec2-8234-021f3de9a0f6","42062601","17973548","23143136","","27","would_delete_bom_row"
"104c7a24-fa81-411b-8439-f58f9b00376a","42062601","17973548","42049887","","5.6952","would_delete_bom_row"
"efc9e1ea-ba9e-4b77-a55d-6cee17b4c740","42062600","17973547","42062750","","5.5","would_delete_bom_row"
"0fc475f3-0f90-41f7-b7ba-bc4e4811c899","42062600","17973547","23178511","","151.22","would_delete_bom_row"
"8eee7191-91f0-4f34-9a87-3a20461cb06f","42062599","17973546","42049887","","5.6952","would_delete_bom_row"
"654ec806-4554-4395-b42e-bff82402a08d","42062599","17973546","23143128","","19.5","would_delete_bom_row"
"4b8b06fe-dad5-43a4-83b2-790d694fb654","42062599","17973546","23143214","","2","would_delete_bom_row"
"1b30bd3b-8a73-44ee-90a7-a5408f75190a","42062599","17973546","42049883","","5.2","would_delete_bom_row"
"177cf603-bf95-42a3-8da0-f815ce6d91cd","42062599","17973546","42047074","","45.5","would_delete_bom_row"
"05894160-a740-4ae8-8e5a-4c192143ba6b","42062599","17973546","23143136","","27","would_delete_bom_row"
"a7330dc4-5999-4013-a96a-4ae577c2b081","42062598","17973545","23178511","","151.22","would_delete_bom_row"
"7d80bc6e-3b22-458b-8fed-85c207f660f9","42062598","17973545","42062750","","5.5","would_delete_bom_row"
"ebaa6273-a36b-4d00-9c1a-4fa48df57f08","42062597","17973544","23143128","","19.5","would_delete_bom_row"
"b9624ddf-df25-4ba4-b388-c877b632e918","42062597","17973544","23143136","","27","would_delete_bom_row"
"7f2e20da-27a5-4526-bb83-2646a40616b6","42062597","17973544","42049883","","5.2","would_delete_bom_row"
"402eefb5-6af6-4d26-936c-fcbf14f8d287","42062597","17973544","42049887","","5.6952","would_delete_bom_row"
"2aebe83e-271b-4a11-af4b-0d41cf2df22a","42062597","17973544","42047074","","45.5","would_delete_bom_row"
"25d209c7-1128-4f3c-953d-77e9b4606945","42062597","17973544","23143214","","2","would_delete_bom_row"
"7fb5be72-b5ea-4c25-a377-1a932fdb875d","42062596","17973543","42062750","","5.5","would_delete_bom_row"
"79480d06-0b3f-4764-9213-157e0e72c228","42062596","17973543","23178511","","151.22","would_delete_bom_row"
"cfc72d29-9d56-4120-84c5-d599f79b07ab","42062595","17973542","42049887","","5.6952","would_delete_bom_row"
"a91d1a7c-b6e1-4fe6-b2c4-c733f8f3bd88","42062595","17973542","23143136","","27","would_delete_bom_row"
"a355da5b-df47-43f6-bf3c-8ba885dcc34b","42062595","17973542","23143128","","19.5","would_delete_bom_row"
"a04f2b57-9245-4668-91a9-10c1128658d2","42062595","17973542","42047074","","45.5","would_delete_bom_row"
"7a178e21-a5ff-4de4-9424-0ab687be779a","42062595","17973542","23143214","","2","would_delete_bom_row"
"7d2ee9d6-ecbd-4c6c-8e8d-8c50a8c76ab6","42062595","17973542","42049883","","5.2","would_delete_bom_row"
"3c31b1bf-e904-492f-abec-6269f7556257","42062594","17973541","42062750","","5.5","would_delete_bom_row"
"14fd50a8-2c64-4680-a787-f93b30e9b51a","42062594","17973541","23178511","","151.22","would_delete_bom_row"
"fd4a224c-63ef-47d8-9008-d57d8d2b1683","42062591","17973538","42049887","","5.6952","would_delete_bom_row"
"d4ba9494-411f-40e8-8978-cce0038a2a4f","42062591","17973538","42049883","","5.2","would_delete_bom_row"
"cdff60d6-a617-4c45-8dac-977a5d615d8e","42062591","17973538","23143136","","27","would_delete_bom_row"
"328f08a9-eff9-4431-9162-6b22ada5416c","42062591","17973538","42047074","","45.5","would_delete_bom_row"
"135a1bd0-0102-4460-a91f-e01ace4a1a06","42062591","17973538","23143214","","2","would_delete_bom_row"
"0afc927e-a4a5-45d2-9f96-f26e4655c469","42062591","17973538","23143128","","19.5","would_delete_bom_row"
"ddb5692c-3896-4f6e-81dd-2bdbd4079ab0","42062593","17973540","42049887","","5.6952","would_delete_bom_row"
"a177d13f-3a16-4d21-b88a-55d40b882d82","42062593","17973540","23143136","","27","would_delete_bom_row"
"9821b2ae-8ba1-4597-8a64-af0f31604ecf","42062593","17973540","23143128","","19.5","would_delete_bom_row"
"51484244-42c5-40a2-a8c8-311ee3a85add","42062593","17973540","42047074","","45.5","would_delete_bom_row"
"03e52531-a88e-43b9-974b-3368291ebea0","42062593","17973540","23143214","","2","would_delete_bom_row"
"210555d1-236c-4153-9be6-1986f42bec63","42062593","17973540","42049883","","5.2","would_delete_bom_row"
"a6829b52-1034-4fad-ae94-7423a0c30a7d","42062592","17973539","23178511","","151.22","would_delete_bom_row"
"856c0f4d-c9c2-4417-a9f3-8a5a0688ab6b","42062592","17973539","42062750","","5.5","would_delete_bom_row"
"ff229dc5-f456-4a6a-8db8-0ba8005734b6","42062590","17973537","23178511","","151.22","would_delete_bom_row"
"b256cb39-9b24-4bd8-bf6c-98645c2851fd","42062590","17973537","42062750","","5.5","would_delete_bom_row"
"3b6cb65e-e8ad-4340-ac0c-52c375e22cfc","42062587","17973534","23143214","","2","would_delete_bom_row"
"285a6a7a-6e58-4525-8b89-f921bcaa92ae","42062587","17973534","23143136","","27","would_delete_bom_row"
"f9c6b834-788b-4925-a3e8-b57eb9098178","42062587","17973534","42049887","","5.6952","would_delete_bom_row"
"cc9895b2-f466-4712-8509-a2f5e608173f","42062587","17973534","42047074","","45.5","would_delete_bom_row"
"98ce0850-4653-458c-9978-2eac14250b1b","42062587","17973534","23143128","","19.5","would_delete_bom_row"
"380d969f-35e6-46bd-bc75-cab5f97f3ad9","42062587","17973534","42049883","","5.2","would_delete_bom_row"
"c7ccbe88-e2c4-4813-ad87-70c56f7bb9c0","42062586","17973533","23178511","","151.22","would_delete_bom_row"
"c4d05c7c-ef9b-495a-9ca2-1b52d9441cb3","42062586","17973533","42062750","","5.5","would_delete_bom_row"
"f0e15450-6454-4bf0-959e-8c4a382b3334","42062589","17973536","42049887","","5.6952","would_delete_bom_row"
"7f6025cf-3e9f-4a1a-9d14-3f4020a47e29","42062589","17973536","23143214","","2","would_delete_bom_row"
"781de30f-2a95-4b8f-92dd-e28bb9170dec","42062589","17973536","42049883","","5.2","would_delete_bom_row"
"4a1dd1a4-64ce-49f0-836d-bdb743be99d3","42062589","17973536","23143136","","27","would_delete_bom_row"
"3f734437-52fd-4541-a9ff-d58964d542dc","42062589","17973536","42047074","","45.5","would_delete_bom_row"
"390cc509-f05c-4b90-a535-79d781c38018","42062589","17973536","23143128","","19.5","would_delete_bom_row"
"9906a3bb-0d0e-4a32-9542-23b6a5e2c644","42062585","17973532","23143214","","2","would_delete_bom_row"
"731570cc-cd00-4e71-a2ed-7cf83e721afa","42062588","17973535","23178511","","151.22","would_delete_bom_row"
"6e4293d3-bf89-4eaa-b82e-9da05a3613e0","42062588","17973535","42062750","","5.5","would_delete_bom_row"
"e056e1eb-a6c9-47ea-a22d-fcb8bdab0aa8","42062585","17973532","23143136","","27","would_delete_bom_row"
"82de8d98-cb17-4f4d-b9cc-47cbbe07c89b","42062585","17973532","23143128","","19.5","would_delete_bom_row"
"77d3810a-0af8-414c-8a2d-4c3778c42fce","42062585","17973532","42047074","","45.5","would_delete_bom_row"
"740ac51b-53b2-4914-bed7-468b6ee818c0","42062585","17973532","42049887","","5.6952","would_delete_bom_row"
"5d758777-8317-4367-bf68-af96fad25ea7","42062585","17973532","42049883","","5.2","would_delete_bom_row"
"b776936b-98a2-4a86-a365-f58984e273c3","42062584","17973531","23178511","","151.22","would_delete_bom_row"
"a09097bc-7105-4250-bf3c-13ec4ec3e4a2","42062584","17973531","42062750","","5.5","would_delete_bom_row"
"f4daf924-c260-4c89-a545-39bb00a87914","42062583","17973530","42049883","","5.2","would_delete_bom_row"
"aaee5c0e-cf2e-47bf-8d7b-cdf1ca357100","42062583","17973530","42049887","","5.6952","would_delete_bom_row"
"746fa8e9-ea89-4120-bee3-8941bea2bf25","42062583","17973530","42047074","","45.5","would_delete_bom_row"
"60a77fd5-ff97-4a59-a051-87713764f513","42062583","17973530","23143214","","2","would_delete_bom_row"
"448fc14b-18c7-440b-911b-5233ef13e2e1","42062583","17973530","23143128","","19.5","would_delete_bom_row"
"2e2bc143-1003-4652-aa82-ad68a274a11c","42062583","17973530","23143136","","27","would_delete_bom_row"
"f75c4558-c118-48db-a0f2-09d7544588b6","42062582","17973529","23178511","","151.22","would_delete_bom_row"
"06a6db0a-00e9-4e5d-bbd5-bc4a06fcf3ac","42062582","17973529","42062750","","5.5","would_delete_bom_row"
"feb6f428-03e1-441c-ac4a-feaed4c96250","42062581","17973528","42047074","","45.5","would_delete_bom_row"
"cfa9f6fa-ca99-4063-a981-0c0d280657e5","42062581","17973528","23143128","","19.5","would_delete_bom_row"
"acb1301a-55b4-463e-9700-ab403dde96e3","42062581","17973528","42049883","","5.2","would_delete_bom_row"
"864f183a-8731-4dc1-94be-496f5009da04","42062581","17973528","23143136","","27","would_delete_bom_row"
"7a656cf2-74b8-443e-bd18-31599091d49c","42062581","17973528","23143214","","2","would_delete_bom_row"
"45a38915-d953-407e-9b6e-c4efa9c93a6c","42062581","17973528","42049887","","5.6952","would_delete_bom_row"
"ad4af56e-fb52-4fcd-92d2-f9d37074917e","42062579","17973526","42049887","","2.4533","would_delete_bom_row"
"9faaa4d3-1b96-480f-8925-1e05c1e1602e","42062579","17973526","41147406","","4","would_delete_bom_row"
"99dc7a0b-e33e-4ef1-8d99-f93a2b5d228e","42062579","17973526","42047071","","0.5","would_delete_bom_row"
"508160fa-f023-49ac-8236-811a0fcdea90","42062579","17973526","42049883","","2.24","would_delete_bom_row"
"20f13371-fc07-4803-b317-d6f2f49d0d89","42062579","17973526","42047074","","28","would_delete_bom_row"
"f4aee8e5-98c3-4e35-8bf3-8a510ad8a3dc","42062577","17973524","23143214","","2","would_delete_bom_row"
"f43c5642-6fa0-44e9-8510-5c5ed9bba5d5","42062580","17973527","23178511","","151.22","would_delete_bom_row"
"ebe6f339-2508-4fb2-a4da-7168dc786e03","42062577","17973524","42047074","","45.5","would_delete_bom_row"
"d4114aed-3ea0-462b-b033-edee9705f046","42062577","17973524","23143136","","27","would_delete_bom_row"
"92a455ed-dd71-441a-a216-b010ad9a9b25","42062580","17973527","42062750","","5.5","would_delete_bom_row"
"6fdd6e68-41de-4d58-a1eb-33e3a0861d9d","42062577","17973524","42049883","","5.2","would_delete_bom_row"
"6ed6cb36-8615-47b0-9f9b-de309930109f","42062577","17973524","42049887","","5.6952","would_delete_bom_row"
"5a24f228-96f4-4e69-9030-941bacdca3fe","42062577","17973524","23143128","","19.5","would_delete_bom_row"
"a1bbef17-41ec-4fcd-b1af-7d1a8bc2bee5","42062576","17973523","23178511","","151.22","would_delete_bom_row"
"8e8addc2-9760-433d-b517-dfb1bb2abc68","42062576","17973523","42062750","","5.5","would_delete_bom_row"
"e4082b5c-eec9-4d66-bdfb-d545a31bdadb","42062575","17973522","23143136","","27","would_delete_bom_row"
"953ad5aa-88af-4459-be5b-3faacb219ddd","42062575","17973522","23143214","","2","would_delete_bom_row"
"f10954c3-746a-425f-a704-f8a3ad5b1d77","42062575","17973522","23143128","","19.5","would_delete_bom_row"
"8d5692ed-21c8-4f6e-97c9-c48d14c712ae","42062575","17973522","42049887","","5.6952","would_delete_bom_row"
"5c527eeb-d3c9-402a-98ec-64e5c3715321","42062575","17973522","42047074","","45.5","would_delete_bom_row"
"4d7d392c-c838-44a5-93d8-e4dcdcaab2e6","42062575","17973522","42049883","","5.2","would_delete_bom_row"
"fc54f96d-6106-4877-8088-432e8e58d623","42062574","17973521","23178511","","151.22","would_delete_bom_row"
"bcdee7ba-6e7a-46d9-8183-5855f01b41c5","42062574","17973521","42062750","","5.5","would_delete_bom_row"
"ff36976d-9467-478e-848a-4bfa276f497f","42062578","17973525","42049887","","2.4533","would_delete_bom_row"
"e70ee515-7335-4faf-a774-105a434f0eae","42062578","17973525","42047074","","28","would_delete_bom_row"
"a40aeebb-8173-4185-bce4-e5e04064dac8","42062578","17973525","42047071","","0.5","would_delete_bom_row"
"1fd7b8c8-e1e5-4fca-a86a-b956b285c9a5","42062578","17973525","41147406","","4","would_delete_bom_row"
"125dde30-53cb-4ded-9c61-eac812a1160d","42062578","17973525","42049883","","2.24","would_delete_bom_row"
"b3e8faa3-ea45-49f4-ba09-ffc438bb52ff","42062573","17973520","42049883","","2.24","would_delete_bom_row"
"af2f163b-5f28-4373-a63b-ac089cb57d0b","42062573","17973520","42047071","","0.5","would_delete_bom_row"
"93ba9714-b9da-4090-83b2-297d5c3681ea","42062573","17973520","42047074","","28","would_delete_bom_row"
"704ea66a-c9aa-4488-adb7-dcafece6e130","42062571","17973518","23178511","","151.22","would_delete_bom_row"
"4f3ca0ae-8bf5-421a-8be1-c85d3fb8102d","42062573","17973520","41147406","","4","would_delete_bom_row"
"44582805-c6b4-4f68-bdff-f81fa805b3a7","42062573","17973520","42049887","","2.4533","would_delete_bom_row"
"10b240c5-ea34-4df8-9225-1af950e1cd2e","42062571","17973518","42062750","","5.5","would_delete_bom_row"
"f5de159a-07da-475b-9693-bae93cd4a336","42062572","17973519","23143136","","27","would_delete_bom_row"
"e3da793a-985c-4b87-8147-a383222685c3","42062572","17973519","42049887","","5.6952","would_delete_bom_row"
"d7f075fc-aa40-49ad-b73b-1620c6e283e9","42062572","17973519","23143214","","2","would_delete_bom_row"
"97c9bd00-86cd-4f88-aba7-017a12298657","42062572","17973519","42047074","","45.5","would_delete_bom_row"
"95b004f5-5f81-4a9e-b027-6c88c1fce02a","42062572","17973519","42049883","","5.2","would_delete_bom_row"
"1e850a8b-ec39-4b8c-bec0-258a6c3e8b76","42062572","17973519","23143128","","19.5","would_delete_bom_row"
"f095f052-ab53-453b-999d-11f01270eb42","42062570","17973517","23143214","","2","would_delete_bom_row"
"d49418da-bd64-4760-8f03-ff0bd5b3999c","42062570","17973517","23143136","","27","would_delete_bom_row"
"b7c5f018-a6fb-47b2-a52d-5e135ca9bd6e","42062570","17973517","23143128","","19.5","would_delete_bom_row"
"b047efbf-b826-4335-9f74-0dc178dd3c46","42062570","17973517","42047074","","45.5","would_delete_bom_row"
"5543eb5e-9032-41b2-af3e-6a46b6db9b61","42062570","17973517","42049887","","5.6952","would_delete_bom_row"
"1be410c0-2fc3-4b13-8190-8cca91dd03ea","42062570","17973517","42049883","","5.2","would_delete_bom_row"
"ad910ad0-1fc0-49a2-8500-e0804f0bb448","42062569","17973516","42062750","","5.5","would_delete_bom_row"
"7ebc02b5-f393-47bc-b514-3f59734bb9dd","42062569","17973516","23178511","","151.22","would_delete_bom_row"
"900092c6-5a84-4566-8298-8b800c023282","42062567","17973514","23178511","","151.22","would_delete_bom_row"
"27dbb400-c165-452b-85c6-7a271e5eef13","42062567","17973514","42062750","","5.5","would_delete_bom_row"
"ab75ef81-6cf4-496b-81ff-cdf26f6311d2","42062568","17973515","23143214","","2","would_delete_bom_row"
"a26c264e-2d4c-415f-8e61-a9ed6d39e02e","42062568","17973515","42049887","","5.6952","would_delete_bom_row"
"9a3de5e6-a5e2-4c34-994a-77e37f928aa7","42062568","17973515","23143136","","27","would_delete_bom_row"
"6fe07a24-84b5-48ef-bc8d-de432716d7cb","42062568","17973515","42047074","","45.5","would_delete_bom_row"
"4f7e8dc3-2dc5-4e09-a3ba-551056451e4e","42062568","17973515","42049883","","5.2","would_delete_bom_row"
"20cae936-9e19-402b-8606-a886080b2d7a","42062568","17973515","23143128","","19.5","would_delete_bom_row"
"f2df23a7-2dd0-4464-96b8-168e09948b80","42062565","17973512","42047074","","45.5","would_delete_bom_row"
"d8a59a01-228c-46ee-bd4a-0538bd97b4a4","42062565","17973512","23143214","","2","would_delete_bom_row"
"9d520052-eaea-4b56-87d1-973865d491d9","42062565","17973512","23143136","","27","would_delete_bom_row"
"52be1e3f-95f2-49be-8178-eac2c1c8954c","42062565","17973512","23143128","","19.5","would_delete_bom_row"
"3d4b74ba-ac40-42b0-90d6-147320dfa131","42062565","17973512","42049887","","5.6952","would_delete_bom_row"
"253b881f-984f-43ad-a2c0-45367d894841","42062565","17973512","42049883","","5.2","would_delete_bom_row"
"b53e4043-67d6-4b7a-9c2e-2ed83be5b0bf","42062564","17973511","42062750","","5.5","would_delete_bom_row"
"5be1a476-0859-4fb7-bb07-d7fb9c72a6c0","42062564","17973511","23178511","","151.22","would_delete_bom_row"
"d8a21ae3-7862-4ed0-b1d0-b13b25d2baba","42062563","17973510","23143214","","2","would_delete_bom_row"
"8086ec7b-9923-4684-9d90-65468d880ef7","42062563","17973510","23143136","","27","would_delete_bom_row"
"fbabca48-951f-46cb-833b-30f6551122ae","42062563","17973510","42049883","","5.2","would_delete_bom_row"
"e56f493f-958e-4f09-9f3d-54bcebfff7e5","42062563","17973510","42047074","","45.5","would_delete_bom_row"
"d575858a-489f-46a7-9ff3-cf75b83cbe36","42062563","17973510","42049887","","5.6952","would_delete_bom_row"
"816a23a4-7d24-4266-9e3b-cf93fab371dc","42062563","17973510","23143128","","19.5","would_delete_bom_row"
"fe679790-74aa-45cb-b633-0e1e2e7b7e62","42062566","17973513","42049883","","2.24","would_delete_bom_row"
"e8ff0dbb-6033-4d10-abf4-fcd9de8821eb","42062566","17973513","42047074","","28","would_delete_bom_row"
"d6c1b39e-2936-48e3-84c9-f2cc26a00469","42062566","17973513","42047071","","0.5","would_delete_bom_row"
"952635d4-5d0c-44b2-abec-20a5e361f913","42062566","17973513","41147406","","4","would_delete_bom_row"
"3a46abf2-636f-4d93-af06-704c6da01ae3","42062566","17973513","42049887","","2.4533","would_delete_bom_row"
"f35f70ce-0006-4509-ab49-31695ffd1997","42062562","17973509","23178511","","151.22","would_delete_bom_row"
"cbc6970d-43bc-4f57-be4d-b41a54ccb4bf","42062562","17973509","42062750","","5.5","would_delete_bom_row"
"ea8ed5f0-f4ad-4bb7-9760-dc8d46a2b85e","42062561","17973508","42049883","","2.24","would_delete_bom_row"
"b1107bf8-7c82-4d46-af59-378e8677381c","42062561","17973508","42049887","","2.4533","would_delete_bom_row"
"aa2115f4-bd19-4c79-abd8-7077564bdffe","42062561","17973508","42047074","","28","would_delete_bom_row"
"a518c19b-0978-48cc-bced-2cb0663832f2","42062561","17973508","41147406","","4","would_delete_bom_row"
"8defd11a-eaa7-4ae2-88e3-b3c63d1693c5","42062561","17973508","42047071","","0.5","would_delete_bom_row"
"ed2ad2fe-3865-45d0-9009-d262d2215022","42062560","17973507","42047074","","28","would_delete_bom_row"
"be11556f-2259-4bd8-9a8c-85698c53ab85","42062560","17973507","41147406","","4","would_delete_bom_row"
"a5f45941-554b-4254-b547-0cb46c13921c","42062560","17973507","42049887","","2.4533","would_delete_bom_row"
"a4527503-31b6-43dd-96f4-79d549dcc80f","42062560","17973507","42047071","","0.5","would_delete_bom_row"
"477336c6-b2a1-454d-95a4-694d79e05784","42062560","17973507","42049883","","2.24","would_delete_bom_row"
"b2bce678-be43-4ffd-a9fd-02c283b90bed","42062559","17973506","42047071","","0.5","would_delete_bom_row"
"9c86f489-a9c4-44ac-9cfe-93c5d8b3a096","42062559","17973506","42047074","","28","would_delete_bom_row"
"9206a3cc-f54f-4c13-b73c-fd796f36591e","42062559","17973506","41147406","","4","would_delete_bom_row"
"7b134a41-fcf0-4f11-b605-bdf2b1f33663","42062559","17973506","42049883","","2.24","would_delete_bom_row"
"6a6683fe-04e3-46bd-9912-801f56559ec1","42062559","17973506","42049887","","2.4533","would_delete_bom_row"
"ed32c9f3-6389-4cb3-8908-2a1e810de5de","42062557","17973504","42047071","","0.5","would_delete_bom_row"
"dff3f167-b6bc-499f-a104-81428e2618dd","42062558","17973505","42047071","","0.5","would_delete_bom_row"
"c653a9c2-ba33-4a65-b096-b2435a2006e6","42062557","17973504","42049887","","2.4533","would_delete_bom_row"
"b6c75b74-c56a-4763-9275-116cf18da867","42062557","17973504","42049883","","2.24","would_delete_bom_row"
"a1513932-d5f4-4fc8-b05c-7e99a83e0504","42062557","17973504","42047074","","28","would_delete_bom_row"
"7e3a766b-d8c7-4fc6-b5fe-847e7d2c1fb7","42062557","17973504","41147406","","4","would_delete_bom_row"
"61c0152e-a417-42e5-9b76-199ac0644b3d","42062558","17973505","42049887","","2.4533","would_delete_bom_row"
"5cc65009-3033-4c5a-9065-8c6393f46b8d","42062558","17973505","41147406","","4","would_delete_bom_row"
"5506deb5-0ca3-4f2a-888d-46957f7c1c02","42062558","17973505","42049883","","2.24","would_delete_bom_row"
"25ef9903-3240-4d4e-b4b7-d58008806c3b","42062558","17973505","42047074","","28","would_delete_bom_row"
"86487095-7bd3-40fc-acd1-5ef348d70957","42062555","17973502","23178511","","151.22","would_delete_bom_row"
"08ecbacf-e187-4e5c-a865-9acbad83e9a5","42062555","17973502","42062750","","5.5","would_delete_bom_row"
"f2c99515-1963-4d6d-91b1-c02540fd442e","42062554","17973501","42049887","","5.6952","would_delete_bom_row"
"ca779136-5d62-40a7-b5c3-648a0a8ac133","42062554","17973501","23143214","","2","would_delete_bom_row"
"5c35c7e6-6352-4e8e-9149-f8e2ac590869","42062554","17973501","23143128","","19.5","would_delete_bom_row"
"4662b76c-f396-4706-bd37-b336614aceae","42062554","17973501","42047074","","45.5","would_delete_bom_row"
"01186911-41f8-466a-b14f-f454441e3424","42062554","17973501","23143136","","27","would_delete_bom_row"
"c762b31f-07ff-4614-a972-696c103809d6","42062554","17973501","42049883","","5.2","would_delete_bom_row"
"e72620e2-2c6b-48a1-acfc-153b454ab43f","42062556","17973503","23143214","","2","would_delete_bom_row"
"ce5074a4-f787-4310-93b8-81cbd8803a67","42062556","17973503","23143128","","19.5","would_delete_bom_row"
"ab660855-a725-401c-bd7f-cb7be4753eb8","42062556","17973503","23143136","","27","would_delete_bom_row"
"72d7ad19-1b3b-402f-afd1-2cde1c58c4c3","42062556","17973503","42047074","","45.5","would_delete_bom_row"
"7482f327-9ac6-47d5-975f-c22484b5583d","42062556","17973503","42049887","","5.6952","would_delete_bom_row"
"3ba08590-662f-455e-93a3-f2c3ad6286e9","42062556","17973503","42049883","","5.2","would_delete_bom_row"
"efe041e5-9b0d-47ca-b5d4-9693927d6d42","42062553","17973500","23178511","","151.22","would_delete_bom_row"
"c9718897-a1b3-4861-a783-655831587638","42062553","17973500","42062750","","5.5","would_delete_bom_row"
"ddee99ac-44de-451d-9d54-83647f95ff07","42062552","17973499","23143136","","27","would_delete_bom_row"
"8e1bf391-6d47-42c4-935f-1db903fb870e","42062552","17973499","23143128","","19.5","would_delete_bom_row"
"8367ed32-0e6c-4c87-8bb3-1e2b24b92369","42062552","17973499","23143214","","2","would_delete_bom_row"
"8132ac2d-b99b-4c14-938c-eb1ed5292391","42062552","17973499","42047074","","45.5","would_delete_bom_row"
"64e94614-444a-4d23-b077-c96cc4299eda","42062552","17973499","42049887","","5.6952","would_delete_bom_row"
"22e2c800-4ed9-427d-aa28-e7f08b4a6c2e","42062552","17973499","42049883","","5.2","would_delete_bom_row"
"70141a17-69ba-4d63-836e-04349f121c9e","42062551","17973498","23178511","","151.22","would_delete_bom_row"
"0c66686b-5c8d-4dca-8718-3baf71d66d25","42062551","17973498","42062750","","5.5","would_delete_bom_row"
"edf9141b-47dc-4acd-ad33-dd58f6be8df2","42062550","17973497","23143136","","27","would_delete_bom_row"
"65770cf0-c6ac-47d1-ba51-d5023e068c9e","42062550","17973497","23143214","","2","would_delete_bom_row"
"55fc8754-79e5-4876-ae67-e0fb1575fb50","42062550","17973497","42049883","","5.2","would_delete_bom_row"
"28160c3b-4560-47c2-b257-65bf240296ef","42062550","17973497","42047074","","45.5","would_delete_bom_row"
"1776b503-42f3-418b-b5ba-162ab93ff49c","42062550","17973497","42049887","","5.6952","would_delete_bom_row"
"1269f3bb-017b-4aac-8490-6b37da312533","42062550","17973497","23143128","","19.5","would_delete_bom_row"
"ecf6fea0-ed57-4a8e-a157-852ce1a914e6","42062548","17973495","42049887","","5.6952","would_delete_bom_row"
"ec79e77d-c879-40b9-9ef3-91fab07f3dda","42062548","17973495","23143136","","27","would_delete_bom_row"
"9804c2b0-8dc7-492d-ad68-cc7c76c1fcd5","42062548","17973495","42047074","","45.5","would_delete_bom_row"
"86dcfa18-cdec-4156-b0f8-0e2a8b5612e4","42062548","17973495","42049883","","5.2","would_delete_bom_row"
"0cb092bd-0f60-442f-9927-dfd847c58b4e","42062548","17973495","23143214","","2","would_delete_bom_row"
"02bf0e49-b643-459e-841e-f324de0f0211","42062548","17973495","23143128","","19.5","would_delete_bom_row"
"acf9b95d-1fc8-48ea-94bc-cf12ff32b74c","42062549","17973496","42062750","","5.5","would_delete_bom_row"
"4dbb7ffc-0f0b-4d6f-9d8f-923fda9ad2a1","42062549","17973496","23178511","","151.22","would_delete_bom_row"
"8225e830-36a1-41f8-8e1a-d782a4a82a10","42062547","17973494","42062750","","5.5","would_delete_bom_row"
"02044607-7a06-4b78-a81e-4bff79a39dfc","42062547","17973494","23178511","","151.22","would_delete_bom_row"
"eaa64cfa-f354-43ce-96c7-e77a7f0b750c","42062546","17973493","23143136","","27","would_delete_bom_row"
"8ed77874-8d34-41c0-a98c-e324ea6a414f","42062546","17973493","23143128","","19.5","would_delete_bom_row"
"81dd4f66-2fdc-4ecc-bdfc-2a4521e91053","42062546","17973493","42047074","","45.5","would_delete_bom_row"
"7516510b-564e-40a2-b9cf-00d58057f033","42062546","17973493","23143214","","2","would_delete_bom_row"
"4879e6ba-7ddf-40eb-832b-ead65711610b","42062546","17973493","42049883","","5.2","would_delete_bom_row"
"0374b226-5c8f-4f5b-afa5-9858eebd6e5b","42062546","17973493","42049887","","5.6952","would_delete_bom_row"
"ce88eb72-9616-4402-a27e-7077a7777223","42062545","17973492","23178511","","151.22","would_delete_bom_row"
"10d1cf62-9d7f-4b6a-b9e0-1d1d1aa7dd26","42062545","17973492","42062750","","5.5","would_delete_bom_row"
"83b2ea03-06f4-4e67-a657-b7cd2cc2f74d","42062543","17973490","42062750","","9","would_delete_bom_row"
"7a16cdeb-8b74-4f7c-8d1e-2d50a9a02dc7","42062543","17973490","23178511","","163.13","would_delete_bom_row"
"b99867cf-7411-41da-90ad-89d9b41c55b9","42062544","17973491","23143136","","37.5","would_delete_bom_row"
"b399e8be-8470-4e9b-bf24-b538548d5e29","42062544","17973491","42047073","","62","would_delete_bom_row"
"68060dfa-d437-4b75-abff-d82cd226354d","42062544","17973491","42049887","","6.5714","would_delete_bom_row"
"289584d7-6f5f-4cdf-b546-aa0318605365","42062544","17973491","42049883","","6","would_delete_bom_row"
"13e98f43-9e65-42ae-820d-8f3bd2e0ae19","42062544","17973491","23143516","","13","would_delete_bom_row"
"dfa6ca3c-6ba5-4897-8812-1433c2c5eff8","42062540","17973487","42047074","","28","would_delete_bom_row"
"b8dee12d-9660-4bfb-8d66-8f06864039db","42062540","17973487","42049883","","2.24","would_delete_bom_row"
"6f3522e5-010f-4fdc-8fa0-191ce3660f38","42062540","17973487","42049887","","2.4533","would_delete_bom_row"
"5cf4bc3e-508d-4a8a-b0bd-5ba0791d991d","42062540","17973487","42047071","","0.5","would_delete_bom_row"
"5322b3e3-f593-4300-8e4c-375432a250d3","42062540","17973487","41147406","","4","would_delete_bom_row"
"e6e8f315-e13e-481c-9b6a-e3b12fd97bc0","42062539","17973486","42049883","","2.24","would_delete_bom_row"
"e613e4f6-a052-4ad1-833c-01cc45be909d","42062539","17973486","41147406","","4","would_delete_bom_row"
"7dbcad48-1abb-4408-937f-be7a58d8f0b5","42062539","17973486","42047071","","0.5","would_delete_bom_row"
"3a39dbb7-d1d4-4bee-b95e-c214c58251d3","42062539","17973486","42049887","","2.4533","would_delete_bom_row"
"325f33b4-f746-4f7f-a562-2fe9d0221306","42062539","17973486","42047074","","28","would_delete_bom_row"
"fd604328-ac05-429c-ab16-9b2fffd8cc97","42062084","17973054","41147406","","4","would_delete_bom_row"
"bda1d2f5-3239-48c2-84ee-43a6707d2461","42062084","17973054","42047074","","28","would_delete_bom_row"
"6fdb222e-8b0d-43b3-b0bb-88644fd447d4","42062084","17973054","42047071","","0.5","would_delete_bom_row"
"f8bf8065-fa08-4edd-b7be-760f3624ff5b","42062084","17973054","42049883","","2.24","would_delete_bom_row"
"9ede7870-9ec7-4ca7-a441-db582dbf7ab5","42062084","17973054","42049887","","2.4533","would_delete_bom_row"
"d601adfa-bc55-44b1-9f27-c16cf273fbd3","42062542","17973489","42049883","","2.24","would_delete_bom_row"
"aa1df3a7-bf65-4081-9e5f-a9d7a96da4b4","42062542","17973489","42047071","","0.5","would_delete_bom_row"
"a2b97c66-0f8c-4bdc-bba5-c53e3a44721e","42062542","17973489","42047074","","28","would_delete_bom_row"
"820add79-0136-426d-9c5d-c8d4cbcd0329","42062542","17973489","41147406","","4","would_delete_bom_row"
"1fcd9d59-a51f-4314-9e2d-6d9166383704","42062542","17973489","42049887","","2.4533","would_delete_bom_row"
"bc79676a-70a9-4556-adf0-7ece0c363617","42062541","17973488","42047071","","0.5","would_delete_bom_row"
"a776ece9-8ed6-4f77-b98b-721e5949a935","42062541","17973488","41147406","","4","would_delete_bom_row"
"891f02cc-1166-4f84-91ab-3ec7e6822b12","42062541","17973488","42049887","","2.4533","would_delete_bom_row"
"7eb83097-6727-4cb8-b5a1-9c1946b29f07","42062541","17973488","42049883","","2.24","would_delete_bom_row"
"56b4482b-b788-4cb0-9165-d30f416c17a6","42062541","17973488","42047074","","28","would_delete_bom_row"
"b4df051f-fc49-4ec4-84a1-52d0adb04520","42062538","17973485","42047074","","28","would_delete_bom_row"
"92cddb99-ed94-4d09-a57b-17dbd916b5be","42062538","17973485","42049887","","2.4533","would_delete_bom_row"
"8c686653-c573-44ac-ae21-34d3a6fa91e9","42062538","17973485","41147406","","4","would_delete_bom_row"
"561a6e3e-72f9-4394-a28c-403a27bc429c","42062538","17973485","42049883","","2.24","would_delete_bom_row"
"53e51cd0-5e6f-4c9c-a4ea-a72a93af6efd","42062538","17973485","42047071","","0.5","would_delete_bom_row"
"d85ebef0-463f-43a3-a608-36025a00d821","42062536","17973483","42049883","","2.24","would_delete_bom_row"
"bb92ce02-f64b-4d07-8ba4-b701cd23c422","42062536","17973483","42047074","","28","would_delete_bom_row"
"8ed0a470-7965-40c8-8cfd-2d81c002e387","42062536","17973483","42049887","","2.4533","would_delete_bom_row"
"7115162f-4709-45f6-bc33-9e41c6427a25","42062536","17973483","42047071","","0.5","would_delete_bom_row"
"0e211a24-3ca2-4c4d-ad33-fd1a44022442","42062536","17973483","41147406","","4","would_delete_bom_row"
"efecd8f1-a3a5-49a9-ac7c-97acc5111609","42062535","17973482","42049887","","2.4533","would_delete_bom_row"
"e6f39138-7b1b-4ce6-a69d-d5208b2e166f","42062535","17973482","41147406","","4","would_delete_bom_row"
"bef8be39-2ac5-450e-8c62-839bab550643","42062535","17973482","42049883","","2.24","would_delete_bom_row"
"6c87bf74-6d1f-4b8f-a52a-c05ec9d09556","42062535","17973482","42047074","","28","would_delete_bom_row"
"08b41b24-4676-4f76-909f-11b07d27f96d","42062535","17973482","42047071","","0.5","would_delete_bom_row"
"b5a20373-632a-49ce-81f4-0e6ed1b8f76e","42062534","17973481","41147406","","4","would_delete_bom_row"
"8c896b02-168a-4644-92bb-1345b088f17f","42062534","17973481","42047074","","28","would_delete_bom_row"
"406c9328-5853-4fe3-b151-d013f0949699","42062534","17973481","42047071","","0.5","would_delete_bom_row"
"38706a4d-fc8e-4111-b623-506410c4ad3c","42062534","17973481","42049887","","2.4533","would_delete_bom_row"
"d01c3154-1631-4d58-b2f4-2c91c42d9402","42062534","17973481","42049883","","2.24","would_delete_bom_row"
"e6b5465d-86c8-4717-abdb-35f30663a12a","42062537","17973484","42049883","","2.24","would_delete_bom_row"
"80ddeae8-6326-4673-ac3f-f7ba8ad38d7f","42062537","17973484","42049887","","2.4533","would_delete_bom_row"
"50e41c42-c34a-4516-a31c-216bc0c01b16","42062537","17973484","42047074","","28","would_delete_bom_row"
"4cc6172b-0f1b-4bb8-bb1e-f71c85ddf8bf","42062537","17973484","41147406","","4","would_delete_bom_row"
"2ba99df8-8055-4cf0-a44e-c11780dfc7eb","42062537","17973484","42047071","","0.5","would_delete_bom_row"
"d1d69a8d-360d-4f1b-ba1c-c8e606c99040","42062533","17973480","42047074","","28","would_delete_bom_row"
"8217c615-6930-41cc-944b-58f623ad7e33","42062533","17973480","42049883","","2.24","would_delete_bom_row"
"60ed2bb2-518f-4ef6-b516-acc2c1ec5dab","42062533","17973480","42049887","","2.4533","would_delete_bom_row"
"5a3c1a7c-3331-4a72-9544-a004c892cc28","42062533","17973480","42047071","","0.5","would_delete_bom_row"
"3910baec-041f-4a1f-bc28-cb92d3c3c9d4","42062533","17973480","41147406","","4","would_delete_bom_row"
"514b3884-225b-416d-8c7a-733d1f8109f1","42062532","17973479","42047074","","28","would_delete_bom_row"
"c1f22e62-49b1-439d-9a98-972aad905b1c","42062532","17973479","42049883","","2.24","would_delete_bom_row"
"8058992b-f5ec-419a-9ae3-79586b5a6989","42062532","17973479","41147406","","4","would_delete_bom_row"
"6b9e7ba9-a1cc-424b-a117-f0f359e719f8","42062532","17973479","42047071","","0.5","would_delete_bom_row"
"4341f770-4ec4-4441-888c-3c9f8508b8a3","42062532","17973479","42049887","","2.4533","would_delete_bom_row"
"8f26efda-951e-44ac-b8da-3da838fd3839","42062531","17973478","42047071","","0.5","would_delete_bom_row"
"6a543aa3-bea4-47fd-8c99-8820486658a1","42062531","17973478","42049883","","2.24","would_delete_bom_row"
"65bbf508-bf71-4788-a7c8-c68c71cc9589","42062531","17973478","42047074","","28","would_delete_bom_row"
"57784374-28f2-4fb4-82a9-2f478e48de57","42062531","17973478","41147406","","4","would_delete_bom_row"
"4a8c4ee7-3b4d-4092-9b23-2163e28a13ca","42062531","17973478","42049887","","2.4533","would_delete_bom_row"
"d018f7dc-37c8-4e2d-8382-6cecdd6a6556","42062530","17973477","42049883","","2.24","would_delete_bom_row"
"ccdb3134-0088-43d9-b9ad-b1ae1f240b6c","42062530","17973477","42047074","","28","would_delete_bom_row"
"9a7c7c52-da0a-4506-8cee-a07df4716d54","42062530","17973477","42049887","","2.4533","would_delete_bom_row"
"77c0b2d7-7a49-4954-a213-62de199882a7","42062530","17973477","42047071","","0.5","would_delete_bom_row"
"692abd2d-26e4-4900-baed-056c5941bf33","42062530","17973477","41147406","","4","would_delete_bom_row"
"cb76c9d8-691c-43c4-9ce2-47ba94a9ebcf","42062529","17973476","41147406","","4","would_delete_bom_row"
"b57a520c-a9d1-49bc-bccd-5c332093f5b5","42062529","17973476","42049883","","2.24","would_delete_bom_row"
"59528435-48e5-4157-90e4-bc3ca36f6ce4","42062529","17973476","42049887","","2.4533","would_delete_bom_row"
"432e0c18-3112-4886-a7dd-5f3c219c8986","42062529","17973476","42047074","","28","would_delete_bom_row"
"0fa71a98-ee81-4ce4-99d8-9577a38ce932","42062529","17973476","42047071","","0.5","would_delete_bom_row"
"f5c63aff-13fb-422d-90ad-742ceed3d83b","42062528","17973475","42049887","","2.4533","would_delete_bom_row"
"5c686b60-285d-4ba2-a4ff-ae22cb21ea1c","42062528","17973475","42049883","","2.24","would_delete_bom_row"
"4aed88f5-7758-4cc5-b055-df690ad6b2c3","42062528","17973475","42047071","","0.5","would_delete_bom_row"
"24ffd104-207a-465e-b0f6-6f593ce3838f","42062528","17973475","42047074","","28","would_delete_bom_row"
"107b205c-b53b-4cd2-a526-f4b2a25eb8bf","42062528","17973475","41147406","","4","would_delete_bom_row"
"d3a660c8-eb52-428d-a9ad-9f557bc3a2e7","42062527","17973474","42047074","","28","would_delete_bom_row"
"73163f83-29f0-40e2-9055-bae54006d021","42062527","17973474","42049883","","2.24","would_delete_bom_row"
"43470524-e6d8-4cf4-ab97-7b02878b21de","42062527","17973474","42047071","","0.5","would_delete_bom_row"
"322a0bff-f37d-4df1-9b53-70026e65b956","42062527","17973474","42049887","","2.4533","would_delete_bom_row"
"2cd06172-5d4c-4d5b-afb7-df9f9dda6e07","42062527","17973474","41147406","","4","would_delete_bom_row"
"e612eaa6-5eba-4503-9413-dd0b45b78714","42062526","17973473","42047074","","28","would_delete_bom_row"
"7b06e148-a625-4b02-ba32-68977c6be3dc","42062526","17973473","42047071","","0.5","would_delete_bom_row"
"6e98d6fa-7cda-4f52-8a15-fc9dc349cd54","42062526","17973473","42049887","","2.4533","would_delete_bom_row"
"6a168a11-eaeb-4762-8111-588c9c9ccd0f","42062526","17973473","42049883","","2.24","would_delete_bom_row"
"2b330bdc-8c02-4ab5-bb63-21b1104150e8","42062526","17973473","41147406","","4","would_delete_bom_row"
"9840ca40-d5fe-455b-8d78-c003a989be35","42062524","17973471","42047071","","0.5","would_delete_bom_row"
"91a2dfe1-eb3d-4afa-8475-8ac817f0286d","42062524","17973471","42049887","","2.4533","would_delete_bom_row"
"89c3eb54-3f4c-4e47-924c-0f66c8b61d44","42062524","17973471","42049883","","2.24","would_delete_bom_row"
"615e1ce1-f5c4-44be-95b9-b82918f527d4","42062524","17973471","41147406","","4","would_delete_bom_row"
"121ad797-64a5-4191-9ac8-ace067dee463","42062524","17973471","42047074","","28","would_delete_bom_row"
"f82d25e6-9986-480d-bb95-50cb8cc67527","42062525","17973472","42049887","","2.4533","would_delete_bom_row"
"e069fc3a-d5d7-457b-8bfd-39095d83009f","42062525","17973472","42047071","","0.5","would_delete_bom_row"
"491c19d6-76b3-4561-b511-d5c2d326d4d6","42062525","17973472","41147406","","4","would_delete_bom_row"
"4563015d-6205-4e56-9dbf-b4bfd2a11703","42062525","17973472","42047074","","28","would_delete_bom_row"
"e455922e-6d58-4ac0-b870-d9ec544997f8","42062525","17973472","42049883","","2.24","would_delete_bom_row"
"d04dbfee-ccc9-4f84-908b-91ccc210e6a0","42062523","17973470","42049887","","2.4533","would_delete_bom_row"
"7b5d8201-0748-4c53-800e-f0831f079e19","42062523","17973470","41147406","","4","would_delete_bom_row"
"6156caf4-2460-4b8e-a171-99fb5c5c91ac","42062523","17973470","42049883","","2.24","would_delete_bom_row"
"3ba8dec5-e79c-4c5f-a11b-f833f5d8de0e","42062523","17973470","42047074","","28","would_delete_bom_row"
"049fbfe7-4b62-4d5f-bf34-8829ecd27de8","42062523","17973470","42047071","","0.5","would_delete_bom_row"
"d50b4ed1-8723-490e-80a0-8eec785e9c01","42062522","17973469","42047071","","0.5","would_delete_bom_row"
"951297be-27d1-4f7f-ab60-94c1fd9a573b","42062522","17973469","42049887","","2.4533","would_delete_bom_row"
"77341759-88b8-4382-8360-db66e0089d18","42062522","17973469","41147406","","4","would_delete_bom_row"
"692c2d3d-3f12-4ee9-880f-592738ec968c","42062522","17973469","42047074","","28","would_delete_bom_row"
"64fb314a-286a-4664-8304-41f24536e378","42062522","17973469","42049883","","2.24","would_delete_bom_row"
"8d1b020d-e77a-4c0e-8642-db5eb2c6757f","42062521","17973468","42049883","","2.24","would_delete_bom_row"
"7a07afa3-c776-4c43-999f-a8250c211a23","42062521","17973468","41147406","","4","would_delete_bom_row"
"51017414-a147-42ef-ba3d-b729c5b38026","42062521","17973468","42049887","","2.4533","would_delete_bom_row"
"3f127bb4-3afe-45d1-bc3d-99911da61cc3","42062521","17973468","42047074","","28","would_delete_bom_row"
"161e7641-c64c-4597-a61a-470ffe5d2775","42062521","17973468","42047071","","0.5","would_delete_bom_row"
"f729b012-610f-4f86-99d6-25d7251b9772","42062520","17973467","42049887","","2.4533","would_delete_bom_row"
"f72526d8-4f27-4dd4-a6be-914ef0a91f20","42062520","17973467","42047074","","28","would_delete_bom_row"
"91fa41ea-a982-4c40-bc7b-a47bc255d7c7","42062520","17973467","42049883","","2.24","would_delete_bom_row"
"84282cae-9451-45f3-8bcc-afb123cd3307","42062520","17973467","42047071","","0.5","would_delete_bom_row"
"2961a929-958a-4819-b71d-38fe45bbee93","42062520","17973467","41147406","","4","would_delete_bom_row"
"ce255164-5c92-4511-9664-adadfe411561","42062518","17973465","41147406","","4","would_delete_bom_row"
"cb0d548d-4e92-4089-bb04-8505715111d4","42062518","17973465","42047074","","28","would_delete_bom_row"
"a0977c61-ca5e-4c8f-b5c1-b6ade79f6031","42062518","17973465","42049883","","2.24","would_delete_bom_row"
"7c3d5a7b-ea24-4ce9-8d14-e47040ca370a","42062518","17973465","42047071","","0.5","would_delete_bom_row"
"4c987961-c653-4c1c-88db-05f33fd93ecc","42062518","17973465","42049887","","2.4533","would_delete_bom_row"
"ec47d756-e794-4070-840c-db98f11cb988","42062516","17973463","42049887","","2.4533","would_delete_bom_row"
"c5ccb785-cfc9-4815-b6e1-eb01cb3c9b05","42062516","17973463","42047074","","28","would_delete_bom_row"
"5d44476f-ec86-435f-9806-34609d04063a","42062516","17973463","42049883","","2.24","would_delete_bom_row"
"57b32de0-4f59-4419-9cb7-5ff1f2312ee3","42062516","17973463","41147406","","4","would_delete_bom_row"
"5522fa11-eb57-47ce-ad70-8e28a1224ef6","42062516","17973463","42047071","","0.5","would_delete_bom_row"
"cfdf3a79-3379-466c-8c49-8cb374afd592","42062519","17973466","41147406","","4","would_delete_bom_row"
"4d14572e-3f8b-4d45-876a-1bb823b1f62f","42062519","17973466","42047071","","0.5","would_delete_bom_row"
"0a0e6bc7-d7b6-4cb2-b7de-7e178a3f01d3","42062519","17973466","42047074","","28","would_delete_bom_row"
"7718e69f-c7d0-463a-9bcb-d89418ba03b3","42062519","17973466","42049883","","2.24","would_delete_bom_row"
"0d44c79b-aec9-4b62-9ad7-90fb923d29b2","42062519","17973466","42049887","","2.4533","would_delete_bom_row"
"e4d88d53-178c-4230-9928-04277892c99a","42062517","17973464","42047074","","28","would_delete_bom_row"
"b94a7a84-71f5-4494-9faf-a7b7949d221a","42062517","17973464","42047071","","0.5","would_delete_bom_row"
"b4ddeb30-02fe-4580-ab7a-027819838fb0","42062517","17973464","42049887","","2.4533","would_delete_bom_row"
"55524709-8075-4095-9b08-f94a17ea2cad","42062517","17973464","41147406","","4","would_delete_bom_row"
"4c8049b0-9b7a-4a5c-85e3-f7e2bf0b0659","42062517","17973464","42049883","","2.24","would_delete_bom_row"
"a69b58a4-0e0d-4814-8bf0-ffa444cfe271","42062515","17973462","41147406","","4","would_delete_bom_row"
"824baf07-add8-44c5-8c1f-ce09f51fe57f","42062515","17973462","42047074","","28","would_delete_bom_row"
"80a4cffb-0d4f-4c73-8a03-a79647646ad8","42062515","17973462","42049887","","2.4533","would_delete_bom_row"
"76cf6689-e6ca-41d5-9aee-f4f483e6349b","42062515","17973462","42047071","","0.5","would_delete_bom_row"
"0cdad46c-6fd6-4575-b0f3-9584f67b36f2","42062515","17973462","42049883","","2.24","would_delete_bom_row"
"dbb84a3c-d1d9-4711-997e-89124848a7b5","42062514","17973461","42049887","","2.4533","would_delete_bom_row"
"cb98e08a-bf81-4ad1-89a8-c9339c309e71","42062514","17973461","42047074","","28","would_delete_bom_row"
"af73577a-5622-40a7-b8db-5e1e9684f2d2","42062514","17973461","42049883","","2.24","would_delete_bom_row"
"972fc4b9-7dbf-46f7-a93a-5a438d899bd6","42062514","17973461","42047071","","0.5","would_delete_bom_row"
"1454ad69-c893-47a5-845f-1fcac6c7f5b4","42062514","17973461","41147406","","4","would_delete_bom_row"
"c2381a14-e46b-4858-8ee1-e5921411bfe1","42062513","17973460","41147406","","4","would_delete_bom_row"
"bee7b97d-879d-4bf2-be40-cefd026b7813","42062513","17973460","42047074","","28","would_delete_bom_row"
"50f50928-45b3-4189-8041-766737e4dfda","42062513","17973460","42047071","","0.5","would_delete_bom_row"
"91da3707-0401-4b96-b338-26844ab02e3d","42062513","17973460","42049887","","2.4533","would_delete_bom_row"
"1d7455ce-8b6c-4081-b1a9-fdedcbbbbaf5","42062513","17973460","42049883","","2.24","would_delete_bom_row"
"fda0ffa2-0143-4021-8cd6-839e70096237","42062511","17973458","42049887","","2.4533","would_delete_bom_row"
"eae2abed-a9c1-4614-9693-bff9ab8b17ed","42062511","17973458","42047071","","0.5","would_delete_bom_row"
"e0eef11b-6109-41d1-a4cf-c2dfe01200e2","42062511","17973458","41147406","","4","would_delete_bom_row"
"e04b6afc-e94a-4b13-b554-2399991e5dd5","42062511","17973458","42047074","","28","would_delete_bom_row"
"2ff238f1-0a14-45d9-94fc-d4f494dbf5eb","42062511","17973458","42049883","","2.24","would_delete_bom_row"
"c287408d-af2d-4f3a-b5fc-b4ad9a1291a7","42062510","17973457","42049887","","2.4533","would_delete_bom_row"
"7da16bfb-478c-43d0-acea-515351353378","42062510","17973457","42047071","","0.5","would_delete_bom_row"
"448a263b-6ffb-44ef-9546-af11fc299030","42062510","17973457","41147406","","4","would_delete_bom_row"
"189c6e6c-f93e-4835-9a09-b58894c012b8","42062510","17973457","42047074","","28","would_delete_bom_row"
"ae8e641c-fc26-44ef-8da0-1234d758ddcb","42062510","17973457","42049883","","2.24","would_delete_bom_row"
"f29dd6f8-ee0a-4471-970d-84531fc090d5","42062509","17973456","42049883","","2.24","would_delete_bom_row"
"bf13505e-fdb2-495f-bcf2-1eb5a2b64581","42062509","17973456","42047071","","0.5","would_delete_bom_row"
"3df54177-0999-49cc-8526-39638be13b2f","42062509","17973456","41147406","","4","would_delete_bom_row"
"3d9b28aa-a09a-43a5-acf8-0c21c511b9a3","42062509","17973456","42047074","","28","would_delete_bom_row"
"1f22d883-3f80-4af5-bb56-6ed165a51cbd","42062509","17973456","42049887","","2.4533","would_delete_bom_row"
"dda17b77-e3b2-4f0c-b4e7-e015d6e9ca18","42062507","17973454","41147406","","4","would_delete_bom_row"
"dca17c9f-1ead-4676-a389-dc7bdf4eda0c","42062507","17973454","42047074","","28","would_delete_bom_row"
"a03ceed5-350f-4c50-a329-9c368c4ed853","42062507","17973454","42049883","","2.24","would_delete_bom_row"
"79e45157-7210-4d4f-8069-dc6789ef6aef","42062507","17973454","42049887","","2.4533","would_delete_bom_row"
"08379d7f-827f-47c8-8dcc-406a3a146010","42062507","17973454","42047071","","0.5","would_delete_bom_row"
"e04d86b1-073e-49c5-86b5-82d01dadb82d","42062512","17973459","42049887","","2.4533","would_delete_bom_row"
"da869439-db25-4f7a-810d-27857f4dad64","42062512","17973459","42047074","","28","would_delete_bom_row"
"bd19df30-2090-49dc-ba40-76939bc69460","42062512","17973459","42049883","","2.24","would_delete_bom_row"
"85d5c020-787a-4b33-b17e-ef6a8954f863","42062512","17973459","41147406","","4","would_delete_bom_row"
"6464cfd5-d37d-4415-ac19-28e808d6bad5","42062512","17973459","42047071","","0.5","would_delete_bom_row"
"5e8ec540-953f-4738-9aa1-ddd82f2d4480","42062508","17973455","41147406","","4","would_delete_bom_row"
"0804a95a-c15c-4064-a447-448382f5e95f","42062508","17973455","42047074","","28","would_delete_bom_row"
"c69ed1a3-82c9-47b9-9c6f-236db5cffa7a","42062508","17973455","42047071","","0.5","would_delete_bom_row"
"51b62137-11b0-4b66-a257-34d7d902c082","42062508","17973455","42049887","","2.4533","would_delete_bom_row"
"43bedfe6-596a-4e0a-a54e-af1db3ff14da","42062508","17973455","42049883","","2.24","would_delete_bom_row"
"fef48b0e-66a6-4886-8746-ec2b758d1e68","42062506","17973453","42047071","","0.5","would_delete_bom_row"
"63c5c567-fa1e-4bfe-9098-3def565fa740","42062506","17973453","42047074","","28","would_delete_bom_row"
"5683716e-5312-4ab3-b168-f218f9a74888","42062506","17973453","41147406","","4","would_delete_bom_row"
"25c12eb0-ad71-47c5-95dd-af7464281a05","42062506","17973453","42049887","","2.4533","would_delete_bom_row"
"0d14ede2-8114-4648-81a8-fe3490953f4a","42062506","17973453","42049883","","2.24","would_delete_bom_row"
"bbcc66c8-2697-481c-af70-fad339e81412","42062505","17973452","42047074","","28","would_delete_bom_row"
"4895b822-cab5-448c-8130-0571118e80ff","42062505","17973452","41147406","","4","would_delete_bom_row"
"b49e0cee-5683-423e-8194-a0f529240294","42062505","17973452","42049883","","2.24","would_delete_bom_row"
"532340b1-be34-4665-b20a-628f5c77be25","42062505","17973452","42047071","","0.5","would_delete_bom_row"
"1a05516a-27b1-4fcc-8fd1-943c8ed83d8a","42062505","17973452","42049887","","2.4533","would_delete_bom_row"
"d56d2ff5-9dee-460b-82fa-e1d98f0bec47","42062504","17973451","41147406","","4","would_delete_bom_row"
"992884ef-cffe-4b58-ab4f-6b11e7bb82f5","42062504","17973451","42049887","","2.4533","would_delete_bom_row"
"8bddffb3-8b41-49b4-afc6-7859a01565ff","42062504","17973451","42047074","","28","would_delete_bom_row"
"6eee719c-f340-4e80-a644-c24875302f22","42062504","17973451","42049883","","2.24","would_delete_bom_row"
"1244ddc5-1ed1-4295-a46a-d4ff16d66c75","42062504","17973451","42047071","","0.5","would_delete_bom_row"
"e6f314bc-7f9a-46a1-ac77-fe985bbb888f","42062503","17973450","42047074","","28","would_delete_bom_row"
"d46222d3-6104-4200-8e7d-8e95d781fffa","42062503","17973450","42047071","","0.5","would_delete_bom_row"
"bb20aad1-397b-48ca-b3a3-6be310add67c","42062503","17973450","42049887","","2.4533","would_delete_bom_row"
"83d02d84-8bdd-4b55-9041-c4997b2cf6c3","42062502","17973449","42047074","","28","would_delete_bom_row"
"482361f3-7d05-4e60-b905-1899ec0633ab","42062503","17973450","41147406","","4","would_delete_bom_row"
"351e5064-4d44-4e9d-bdb0-eac5a3a6292e","42062503","17973450","42049883","","2.24","would_delete_bom_row"
"5cfe89db-c51c-4925-ae0e-33d111047a6b","42062502","17973449","42049887","","2.4533","would_delete_bom_row"
"295d6ed6-c655-4ddc-a2e7-21c351d65149","42062502","17973449","42047071","","0.5","would_delete_bom_row"
"020581ac-5ddc-42ec-b7c2-771544fe926c","42062502","17973449","42049883","","2.24","would_delete_bom_row"
"01bab840-3feb-49ce-8495-b2ebf918bdac","42062502","17973449","41147406","","4","would_delete_bom_row"
"a6227113-3e1f-45cd-9f10-19e98a6915df","42062501","17973448","42049887","","2.4533","would_delete_bom_row"
"586113b5-2ee4-427b-b46b-1b93cafab873","42062501","17973448","41147406","","4","would_delete_bom_row"
"4633bbfc-74f3-4838-88f3-97cf6fe9ae58","42062501","17973448","42047071","","0.5","would_delete_bom_row"
"0ffb5009-9bb2-4d5f-809f-43df1d8cf301","42062501","17973448","42047074","","28","would_delete_bom_row"
"b708fd63-7515-4f02-a5a5-281256bbd232","42062501","17973448","42049883","","2.24","would_delete_bom_row"
"fd71db00-19e8-4767-aa81-29c97d706679","42062500","17973447","41147406","","4","would_delete_bom_row"
"cb76122d-984a-4aee-b783-bffafc43a78b","42062500","17973447","42047074","","28","would_delete_bom_row"
"ba4ea4f0-32f3-43a8-a3fd-f425ec4336f1","42062500","17973447","42047071","","0.5","would_delete_bom_row"
"7367b111-a22b-476b-8b85-23d77fa7c35f","42062500","17973447","42049883","","2.24","would_delete_bom_row"
"5a47d1d1-78d5-4dc4-8c8c-6071ddb01e33","42062500","17973447","42049887","","2.4533","would_delete_bom_row"
"c34c0e18-d24c-4a1a-b9a6-fc1622d66457","42062499","17973446","42049887","","5.6952","would_delete_bom_row"
"750124c6-b918-4c5d-9f58-8dc3827a9eec","42062499","17973446","23143136","","27","would_delete_bom_row"
"61385d7a-906b-452f-9246-839df78434eb","42062499","17973446","42047074","","45.5","would_delete_bom_row"
"574a1c42-cb7d-4a11-8b5d-131c510935c9","42062499","17973446","23143214","","2","would_delete_bom_row"
"2cf8ad16-93f2-4d75-9b55-8b3c5f1286c6","42062499","17973446","23143128","","19.5","would_delete_bom_row"
"2b41ed3a-b8ec-41e6-b982-f6e9ef4280e8","42062499","17973446","42049883","","5.2","would_delete_bom_row"
"6f519c62-e323-4722-b5a2-4315a3cdbf94","42062498","17973445","42062750","","5.5","would_delete_bom_row"
"52897cd9-f382-4b82-9049-8358290ec45a","42062498","17973445","23178511","","151.22","would_delete_bom_row"
"e8b10d66-8cd5-4efb-b617-251f7676daf8","42062496","17973443","42062750","","5.5","would_delete_bom_row"
"213f0ce6-bd00-4e4e-870d-4c83bb0c33c5","42062496","17973443","23178511","","151.22","would_delete_bom_row"
"8ae9135f-5497-4a69-a2ea-1aac534c7d57","42062495","17973442","23143136","","27","would_delete_bom_row"
"4a54e1df-e2de-4172-812d-b9a1c8d54bb7","42062495","17973442","23143214","","2","would_delete_bom_row"
"f3e3aa52-5bf7-4bb3-9b67-089e2bafffd9","42062495","17973442","42047074","","45.5","would_delete_bom_row"
"c717df71-c017-4596-a66a-a9c105d9e89e","42062495","17973442","42049883","","5.2","would_delete_bom_row"
"765fc4b8-dfd3-4976-bb23-8549d9b2a5a3","42062495","17973442","42049887","","5.6952","would_delete_bom_row"
"25de5d4d-7019-41b0-b9af-016ef3253fd1","42062495","17973442","23143128","","19.5","would_delete_bom_row"
"d27ec5f1-7130-4eb4-9f37-a3f2a5845724","42062493","17973440","42049883","","5.2","would_delete_bom_row"
"ca763ab8-8cf0-46bb-b14c-1e2a59e36941","42062493","17973440","23143136","","27","would_delete_bom_row"
"b8168ac7-e6f4-45ab-b31c-c713aee7af75","42062493","17973440","23143214","","2","would_delete_bom_row"
"a2b47a84-9879-44d4-95cf-745a7006f5d4","42062493","17973440","42047074","","45.5","would_delete_bom_row"
"975e4702-b3a5-4950-a235-af6ddd40cf46","42062493","17973440","23143128","","19.5","would_delete_bom_row"
"1b768698-f92d-4dc5-80d7-9f1e24b7d5c9","42062493","17973440","42049887","","5.6952","would_delete_bom_row"
"eef22edf-7705-468b-a06d-52772819371b","42062497","17973444","42047074","","45.5","would_delete_bom_row"
"bccb107a-8779-45b2-b8ef-6491b0a34ee6","42062497","17973444","42049887","","5.6952","would_delete_bom_row"
"91b41a9e-f34d-4863-9e7a-c88b1d4c22c3","42062497","17973444","23143136","","27","would_delete_bom_row"
"4d53a4a6-f446-4b4f-abe1-d401269bd083","42062497","17973444","42049883","","5.2","would_delete_bom_row"
"219c9e5d-52bc-46a9-92a3-715345ebc94a","42062497","17973444","23143214","","2","would_delete_bom_row"
"096019db-482c-4d65-ba25-28cc060ef68a","42062497","17973444","23143128","","19.5","would_delete_bom_row"
"cc2065e5-c1ef-4580-b31f-65ed1cef5739","42062494","17973441","23178511","","151.22","would_delete_bom_row"
"8b36e238-ca71-4481-9b8e-b51b24065c43","42062494","17973441","42062750","","5.5","would_delete_bom_row"
"c65be458-e5d5-4c75-8c0b-8559f14684da","42062492","17973439","23178511","","151.22","would_delete_bom_row"
"0910bf1c-7e9b-438a-8cef-ef8b63d5c78f","42062492","17973439","42062750","","5.5","would_delete_bom_row"
"d04c42e7-41fe-4151-9676-e416d793a8a0","42062491","17973438","23143136","","37.5","would_delete_bom_row"
"85770a5b-7db4-4d16-8b9c-7d23d00ec247","42062490","17973437","23178511","","163.13","would_delete_bom_row"
"0328f648-4de1-454b-ba33-00969fcc5770","42062490","17973437","42062750","","9","would_delete_bom_row"
"c67c69a8-0702-497d-84b5-d3c36b97bd8a","42062491","17973438","42047073","","62","would_delete_bom_row"
"b702c402-53bf-4cbb-b725-c76b6fbe0afd","42062491","17973438","42049887","","6.5714","would_delete_bom_row"
"a423207f-8324-4547-b6b6-3fef90016905","42062491","17973438","23143516","","13","would_delete_bom_row"
"733aae6f-f8f9-4ba7-b018-1cdc808be638","42062491","17973438","42049883","","6","would_delete_bom_row"
"ff38de41-4dea-413b-aaa8-de1f528ea716","42062489","17973436","42049883","","6","would_delete_bom_row"
"f5efcd26-8720-4fc2-a671-91291dab95b2","42062489","17973436","42047073","","62","would_delete_bom_row"
"cf3b5385-a324-4685-88f2-f9ea499ae078","42062489","17973436","23143516","","13","would_delete_bom_row"
"ac47c948-f2fc-40c5-95ee-0446c661ae08","42062489","17973436","42049887","","6.5714","would_delete_bom_row"
"8885e8a9-07a4-4430-b89a-f74e5d545732","42062489","17973436","23143136","","37.5","would_delete_bom_row"
"3967e089-52bd-4ed6-bb4c-cd98eb21cadb","42062488","17973435","42062750","","9","would_delete_bom_row"
"1a167971-c965-4443-ac7a-823842f74f13","42062488","17973435","23178511","","163.13","would_delete_bom_row"
"c7957f5b-2f62-4af0-a1f2-897aa7b70609","42062484","17973431","42062750","","5.5","would_delete_bom_row"
"95372d02-6c6f-467e-98da-543d8f9b20ee","42062484","17973431","23178511","","151.22","would_delete_bom_row"
"e87e1714-b2a9-4a4a-980e-64af239d14c4","42062485","17973432","42049883","","5.2","would_delete_bom_row"
"e57b3139-0cbd-442c-98fa-8ef840626747","42062485","17973432","23143128","","19.5","would_delete_bom_row"
"dddeca6a-b54e-4178-b44a-0beb9bd8efe6","42062485","17973432","42049887","","5.6952","would_delete_bom_row"
"9ab20119-0530-4677-a452-87be4f5a4496","42062485","17973432","42047074","","45.5","would_delete_bom_row"
"6d154f1b-30b3-4d1b-889c-174b0305102a","42062485","17973432","23143214","","2","would_delete_bom_row"
"3e4a14ca-510f-4a2f-bc16-9e88855897f3","42062485","17973432","23143136","","27","would_delete_bom_row"
"d1e83f75-c584-4125-8131-d21540c27fa8","42062472","17973421","42049887","","6.5714","would_delete_bom_row"
"b9cee560-ceab-4d06-b4a5-625192a81255","42062472","17973421","42047073","","62","would_delete_bom_row"
"98ce2b01-e5ee-487f-bfbc-60db02a6cf2f","42062472","17973421","42049883","","6","would_delete_bom_row"
"206eb794-5796-420c-8449-080b80c37ffb","42062472","17973421","23143136","","37.5","would_delete_bom_row"
"1bd22a90-2834-4e3f-8bc8-4bbec2858e4b","42062472","17973421","23143516","","13","would_delete_bom_row"
"73fe1774-546c-4f8b-b2bd-5ddd3dbf8328","42062471","17973420","42062750","","9","would_delete_bom_row"
"729b7e10-c8e3-4aa9-8d08-e53173c68871","42062471","17973420","23178511","","163.13","would_delete_bom_row"
"d48b5bc4-274f-4c92-b4b0-ef7ef8ecc0b9","42062470","17973419","42049883","","6","would_delete_bom_row"
"bd275f58-a5ef-4501-a35a-13eaa38de2ca","42062470","17973419","42049887","","6.5714","would_delete_bom_row"
"65e973e4-1cdb-4e1b-af8e-8fa602d3a0d6","42062470","17973419","23143516","","13","would_delete_bom_row"
"3c80fcc2-7726-4b2f-8518-ce7d988b2d12","42062470","17973419","23143136","","37.5","would_delete_bom_row"
"3a7b683b-2a49-40cb-8e2c-27a117d8bfd2","42062470","17973419","42047073","","62","would_delete_bom_row"
"c2174043-1196-4da8-8bf4-e9cae08f1f9e","42062469","17973418","23178511","","163.13","would_delete_bom_row"
"93840a80-adfa-440a-bc68-85a1e80daaab","42062469","17973418","42062750","","9","would_delete_bom_row"
"c379a97a-b4c6-46af-a82a-8d665e64ccac","42062452","17973405","42049887","","5.6952","would_delete_bom_row"
"9b1f5ca3-e675-48f0-9045-c1f0afb852fd","42062452","17973405","23143136","","27","would_delete_bom_row"
"41f21a66-6d42-4c3e-b703-4bfd2193209a","42062452","17973405","42047074","","45.5","would_delete_bom_row"
"2a0cd6c6-4c13-45f2-be86-14fdbfbfa7ff","42062452","17973405","23143128","","19.5","would_delete_bom_row"
"1698d0c9-c40d-42e6-ac7a-6a75818102d1","42062452","17973405","42049883","","5.2","would_delete_bom_row"
"0fdf34b6-58e7-4fb3-8705-2c7c6bd3260f","42062452","17973405","23143214","","2","would_delete_bom_row"
"6a3ffa49-eeba-4ccb-9e55-78a2f3788ad0","42062451","17973404","23178511","","151.22","would_delete_bom_row"
"5492f772-9b13-42bd-b9cb-c4c11eba7794","42062451","17973404","42062750","","5.5","would_delete_bom_row"
"e920cd5d-8b8c-4ae0-8924-afb651c76e5d","42062450","17973403","42049883","","5.2","would_delete_bom_row"
"bbd45233-5630-488c-9e20-f152c2f120a8","42062450","17973403","23143136","","27","would_delete_bom_row"
"72b060d3-0563-42b3-9aad-a7f4425f884b","42062450","17973403","42049887","","5.6952","would_delete_bom_row"
"144dab70-b3ce-4d66-bab0-6d73edd74559","42062450","17973403","42047074","","45.5","would_delete_bom_row"
"10c3e92e-e226-4fea-9c4a-8c88837d1366","42062450","17973403","23143128","","19.5","would_delete_bom_row"
"047d2dd7-6866-4a42-b284-6bdd4be2c50e","42062450","17973403","23143214","","2","would_delete_bom_row"
"eb30834b-e6f5-48e3-885c-80c37e9a0972","42062449","17973402","23178511","","151.22","would_delete_bom_row"
"25e285e5-997a-4957-937d-6fb10ca4d867","42062449","17973402","42062750","","5.5","would_delete_bom_row"
"f41cafd1-77e1-43e9-a5f4-bf8f13c01da7","42062447","17973400","42062750","","5.5","would_delete_bom_row"
"bfb25a88-2b30-42ca-97f2-8f8c6517b8bd","42062447","17973400","23178511","","151.22","would_delete_bom_row"
"a6f93a64-9a63-4123-8997-c7998a10287c","42062448","17973401","23143128","","19.5","would_delete_bom_row"
"678d18d1-60bd-4ba9-9204-70c22865c172","42062448","17973401","23143136","","27","would_delete_bom_row"
"5ff519bc-5cbc-46ed-b649-9ec7c9a772f8","42062448","17973401","42047074","","45.5","would_delete_bom_row"
"40acbb20-ed19-41dc-a13d-79891a5e7e94","42062448","17973401","23143214","","2","would_delete_bom_row"
"f4f29e54-d7ed-4c18-806f-02cc930bdb0b","42062448","17973401","42049883","","5.2","would_delete_bom_row"
"66094a92-3f74-4530-acbe-f75813464834","42062448","17973401","42049887","","5.6952","would_delete_bom_row"
"c65363db-9812-4b80-bb7a-f2b4979a87dd","42062440","17973393","23143136","","27","would_delete_bom_row"
"aa8cef03-ddf9-4e19-9d89-6f268f523d65","42062440","17973393","42049883","","5.2","would_delete_bom_row"
"a449eab7-ea4f-4c13-95b3-33076441c46f","42062440","17973393","23143214","","2","would_delete_bom_row"
"5fec5a32-eeef-490b-8e2e-423424e09636","42062440","17973393","42047074","","45.5","would_delete_bom_row"
"500f5579-bd98-4212-8318-59e004e30663","42062441","17973394","23178511","","151.22","would_delete_bom_row"
"214c2f98-3900-439b-9cdf-3469e68e08c9","42062440","17973393","23143128","","19.5","would_delete_bom_row"
"0bf7d152-0385-4258-ba97-9263d1bbc04a","42062440","17973393","42049887","","5.6952","would_delete_bom_row"
"e5ac6cc0-c287-4f7a-a9cf-e734373800d6","42062441","17973394","42062750","","5.5","would_delete_bom_row"
"ddb4fc51-390a-4b65-9141-c4ea404385ff","42062442","17973395","42049887","","5.6952","would_delete_bom_row"
"da6812f9-21d3-48e3-98b1-c3caa49e41b3","42062442","17973395","23143214","","2","would_delete_bom_row"
"87a7723a-fa88-4547-962a-96eab943ff7b","42062442","17973395","42047074","","45.5","would_delete_bom_row"
"85c0a272-e096-42ff-845a-c36eda314a78","42062442","17973395","42049883","","5.2","would_delete_bom_row"
"81f3c81d-8078-49f4-a7df-c1338555f272","42062442","17973395","23143136","","27","would_delete_bom_row"
"49eedfed-3d6a-40ea-8776-83c4404f262d","42062442","17973395","23143128","","19.5","would_delete_bom_row"
"a33716a6-442c-4aa4-9cc8-a69dee6ed7f9","42062439","17973392","42062750","","5.5","would_delete_bom_row"
"7cd4ed05-f87d-4a62-9b6b-1406495a1307","42062439","17973392","23178511","","151.22","would_delete_bom_row"
"dd0b324d-22fb-4f50-a338-eb62b5b3a81d","42062438","17973391","23143136","","27","would_delete_bom_row"
"918faf8a-0cbd-4d78-aeb0-b676b902501c","42062438","17973391","42049883","","5.2","would_delete_bom_row"
"7eb5532c-9bf1-402d-a12d-6cf404c1e36c","42062438","17973391","42047074","","45.5","would_delete_bom_row"
"6f11fe90-af4d-44c2-860a-1ba9e054631a","42062438","17973391","23143214","","2","would_delete_bom_row"
"6c5d9b79-7595-4394-8c31-3bf89df6e819","42062438","17973391","23143128","","19.5","would_delete_bom_row"
"67009291-83cf-491f-9020-752f4a1a1719","42062438","17973391","42049887","","5.6952","would_delete_bom_row"
"c45c957d-3e32-4938-b3fe-2aaf702e5ffe","42062437","17973390","23178511","","151.22","would_delete_bom_row"
"ac4789b6-ac61-419f-ab8d-73ba58074257","42062437","17973390","42062750","","5.5","would_delete_bom_row"
"e69e65ae-b4ae-4b38-aa7a-856c3d098ffa","42062436","17973389","23143128","","19.5","would_delete_bom_row"
"96b7b30b-50e1-40d0-a90a-ce0d51831580","42062436","17973389","23143136","","27","would_delete_bom_row"
"8d18f16e-4216-40e7-88b4-9e36334e0bee","42062436","17973389","42047074","","45.5","would_delete_bom_row"
"5387d5bb-9135-4d55-bc8d-af7472e3222c","42062436","17973389","42049883","","5.2","would_delete_bom_row"
"46937ec9-1acc-4d3c-b91f-c609f1c436b0","42062436","17973389","42049887","","5.6952","would_delete_bom_row"
"35308444-b15f-4c2c-80c3-8d912d2e93d7","42062436","17973389","23143214","","2","would_delete_bom_row"
"4f159847-163f-4402-ac13-b460457d2950","42062435","17973388","23178511","","151.22","would_delete_bom_row"
"0137d5ff-f10a-4abb-a2cb-122c8ac51483","42062435","17973388","42062750","","5.5","would_delete_bom_row"
"e0f371a1-32a5-40b6-be6c-156d700ad729","42062430","17973383","42049883","","6","would_delete_bom_row"
"a57406f3-2b5c-4b3a-8199-e54a66f79e59","42062430","17973383","23143136","","37.5","would_delete_bom_row"
"91ee5f3f-86a2-4b06-8a27-0d03a8b6586d","42062430","17973383","42047073","","62","would_delete_bom_row"
"571363bb-642e-49bd-bce2-644bb825cbcb","42062430","17973383","42049887","","6.5714","would_delete_bom_row"
"095e977a-4ea1-49b6-8f40-1a14334e24dc","42062430","17973383","23143516","","13","would_delete_bom_row"
"8a13e900-d629-40ef-85be-1be6ece53fac","42062429","17973382","42062750","","9","would_delete_bom_row"
"606e2a4b-f161-4fce-93d4-ce25d83fe9e7","42062429","17973382","23178511","","163.13","would_delete_bom_row"
"f74e76b5-3dac-4bd7-9baa-cc3121ba2cad","42062428","17973381","23143516","","13","would_delete_bom_row"
"c835f6aa-74f0-4bd5-8053-49c9ebc27540","42062428","17973381","23143136","","37.5","would_delete_bom_row"
"550f2a10-6990-4cd1-976f-7acc29d9314d","42062428","17973381","42047073","","62","would_delete_bom_row"
"48920e7a-db01-4893-bdf9-3a9ead7ec10d","42062428","17973381","42049887","","6.5714","would_delete_bom_row"
"846c0161-2088-4a3b-84ce-7902f7ca7dc9","42062428","17973381","42049883","","6","would_delete_bom_row"
"abb70f22-627a-4b47-85e9-6350c548d3bb","42062427","17973380","42062750","","9","would_delete_bom_row"
"35a6e020-4379-43b3-a5b6-52f2d86d78af","42062427","17973380","23178511","","163.13","would_delete_bom_row"
"ada51d20-9002-406d-a6a1-9c04cff88abd","42062412","17973367","23143516","","13","would_delete_bom_row"
"8a19cb6b-f0dc-4cfb-bd3e-41a0a0f8666b","42062412","17973367","42049887","","6.5714","would_delete_bom_row"
"72cb70e8-e6f4-4857-9935-92711a108ee5","42062412","17973367","42049883","","6","would_delete_bom_row"
"3a328f46-bf8d-4eb9-ac4c-1cd39fc04467","42062412","17973367","23143136","","37.5","would_delete_bom_row"
"1c64eb66-6332-4de3-9d54-fa4d45b9f6b4","42062412","17973367","42047073","","62","would_delete_bom_row"
"a4c23b68-41c3-41d4-962c-12b9afb39134","42062411","17973366","42062750","","9","would_delete_bom_row"
"8006ed78-5187-42cf-b611-7def1ced2a77","42062411","17973366","23178511","","163.13","would_delete_bom_row"
"a5682a15-f4e3-4a72-ad16-ec958a5e4085","42062410","17973365","42049887","","6.5714","would_delete_bom_row"
"51540285-f66d-485b-b12f-dc93f9f52dde","42062410","17973365","23143516","","13","would_delete_bom_row"
"11e4c5f3-5722-48a0-b4c6-fd4e44661707","42062410","17973365","42047073","","62","would_delete_bom_row"
"07814b63-807e-41ed-8de5-62b061d7e094","42062410","17973365","42049883","","6","would_delete_bom_row"
"036af9f1-5bc7-4d13-a5cd-576dc73c1a8b","42062410","17973365","23143136","","37.5","would_delete_bom_row"
"e4325004-f698-4d94-a369-de5d23f965c9","42062409","17973364","23178511","","163.13","would_delete_bom_row"
"9dda2706-c153-4463-b19d-c48a9747b43b","42062409","17973364","42062750","","9","would_delete_bom_row"
"63f7413f-bfa1-4e58-ab63-e216163b8763","42062408","17973363","42049887","","2.4533","would_delete_bom_row"
"43f772e3-1695-4d20-9190-21138997dfb9","42062408","17973363","42049883","","2.24","would_delete_bom_row"
"41f88497-e939-4d03-99ff-a68ca28d0e5b","42062408","17973363","42047074","","28","would_delete_bom_row"
"3e7fd526-4af8-4b6c-92cb-f6f22563cd41","42062408","17973363","42047071","","0.5","would_delete_bom_row"
"35537d27-b579-4116-b74f-ab3aadbe2113","42062408","17973363","41147406","","4","would_delete_bom_row"
"f8f1141e-dfc2-477d-9146-bca00b913df8","42062406","17973361","41147406","","4","would_delete_bom_row"
"b6baf36e-441c-4bdc-817c-b7e3d4b4fcc5","42062406","17973361","42049887","","2.4533","would_delete_bom_row"
"89713f89-1011-46ef-b395-f8fd9d671a0d","42062406","17973361","42047071","","0.5","would_delete_bom_row"
"6e56871c-75b7-4ac0-90bf-ec6b8f180c82","42062406","17973361","42047074","","28","would_delete_bom_row"
"10b42dff-f9c9-4e3f-a1d2-15598ea15ef1","42062406","17973361","42049883","","2.24","would_delete_bom_row"
"d0d6aa91-5c6e-4c9c-9fee-bc3a8c340cc4","42062405","17973360","42049887","","2.4533","would_delete_bom_row"
"c8ff063b-4f52-402d-959f-8010a5f68722","42062405","17973360","41147406","","4","would_delete_bom_row"
"58e59298-636a-4ce3-83ae-c9298fed5559","42062405","17973360","42049883","","2.24","would_delete_bom_row"
"58b96661-ba01-4923-99b8-2757a365bb8b","42062405","17973360","42047074","","28","would_delete_bom_row"
"19a2f327-8a24-4b2d-9255-52d7b3340f41","42062405","17973360","42047071","","0.5","would_delete_bom_row"
"bb09dbe4-f264-4168-8027-d0c2ddf1f4d9","42062403","17973358","42047071","","0.5","would_delete_bom_row"
"6deec311-fb31-4f57-ad73-9497ebbc6a88","42062403","17973358","42049883","","2.24","would_delete_bom_row"
"6ddb6e84-ce0a-4827-ae74-79e43054a8c2","42062403","17973358","41147406","","4","would_delete_bom_row"
"341542c9-b5cb-445e-ad16-d140a107cc0c","42062403","17973358","42047074","","28","would_delete_bom_row"
"2d24d409-f7ee-41c8-87ad-6f9a593edc59","42062403","17973358","42049887","","2.4533","would_delete_bom_row"
"a26d2c80-4638-4410-a4d4-0fa7578b86f3","42062401","17973356","42047074","","28","would_delete_bom_row"
"844f31c0-2d43-440c-8ace-e6be5e3104e1","42062401","17973356","41147406","","4","would_delete_bom_row"
"58ad0fa1-aea6-40de-9b20-324b24183f40","42062401","17973356","42049887","","2.4533","would_delete_bom_row"
"50009202-42e6-4070-967e-bc6f648dd7ba","42062401","17973356","42049883","","2.24","would_delete_bom_row"
"22f689e5-1062-4b66-bab2-e43f0c32d565","42062401","17973356","42047071","","0.5","would_delete_bom_row"
"5bd48d55-dcb5-4682-87b0-0057e9966749","42062398","17973353","42047074","","9.1799","would_delete_bom_row"
"266f8eb8-1baa-4a26-9d00-d448f576618f","42062398","17973353","42049883","","0.68","would_delete_bom_row"
"f47413b5-e166-4d9b-906e-70a64ef72752","42062400","17973355","23143136","","5.4","would_delete_bom_row"
"6853a94b-26cb-4982-87d7-92428afab455","42062400","17973355","23143128","","10.8","would_delete_bom_row"
"4d2ca31f-6555-4a89-a7dd-1c4da1871067","42062400","17973355","42047074","","15.12","would_delete_bom_row"
"6205178b-1f3e-4c5b-a965-7785bd99574f","42062400","17973355","42049883","","2.32","would_delete_bom_row"
"f4799c51-9ab2-4029-b521-c8dce96eee4c","42062388","17973343","42049887","","5.6952","would_delete_bom_row"
"dff57010-fc48-48bc-a3bb-f61767137022","42062388","17973343","42049883","","5.2","would_delete_bom_row"
"553a23c6-ee0c-4ae6-95c4-5b36ce541c80","42062388","17973343","23143214","","2","would_delete_bom_row"
"4161989b-0839-4b9b-b861-504808a6da78","42062388","17973343","23143136","","27","would_delete_bom_row"
"10a87f93-becb-43a8-aeae-3ec8ff1f0456","42062388","17973343","23143128","","19.5","would_delete_bom_row"
"005f3183-9a60-4023-baf0-85f013593c07","42062388","17973343","42047074","","45.5","would_delete_bom_row"
"e9296b1f-ade7-4a54-a51b-caf4f058bc02","42062399","17973354","42062750","","3.7516","would_delete_bom_row"
"a6655cc6-1b34-44e5-b58e-bfc4dbeda063","42062387","17973342","42062750","","5.5","would_delete_bom_row"
"8f0d7ca5-9942-482e-82b5-e09c8a042e07","42062399","17973354","23178511","","33.7167","would_delete_bom_row"
"8e613c7f-f387-47f4-b04d-b9a09cdcbc04","42062387","17973342","23178511","","151.22","would_delete_bom_row"
"560a8b7b-94c8-4a53-b155-9870fccc036e","42062385","17973340","42062750","","5.5","would_delete_bom_row"
"3780cf5f-8359-4bcb-be1c-78959dc07afd","42062385","17973340","23178511","","151.22","would_delete_bom_row"
"ed702b5f-a9ce-432e-a955-da41432c981d","42062386","17973341","23143214","","2","would_delete_bom_row"
"e82a6927-85b0-457d-b12a-dc15cfe8314a","42062386","17973341","42047074","","45.5","would_delete_bom_row"
"e405740e-1d55-4095-a76a-f114af2629c1","42062386","17973341","42049883","","5.2","would_delete_bom_row"
"82724a1a-6dd1-4e13-846c-ede2d596421c","42062386","17973341","23143136","","27","would_delete_bom_row"
"43b57fe1-6a4f-44d5-936d-89eda0c962ed","42062386","17973341","42049887","","5.6952","would_delete_bom_row"
"3da88a33-10a7-49e8-b8df-2a45531de069","42062386","17973341","23143128","","19.5","would_delete_bom_row"
"5ba3ef5e-2983-46b0-947a-5fd82d46257a","42062383","17973338","42062750","","5.5","would_delete_bom_row"
"0b78e44a-b183-444a-9307-8adeaa3cdd9b","42062383","17973338","23178511","","151.22","would_delete_bom_row"
"fb21c1a0-ac30-480d-a114-3e223360c78c","42062384","17973339","42047074","","45.5","would_delete_bom_row"
"c3fc8f1a-3909-4c88-86de-c4fa63484c2f","42062384","17973339","23143136","","27","would_delete_bom_row"
"819cadd6-a0a7-42e9-af8c-cd5a7e3557ac","42062384","17973339","23143128","","19.5","would_delete_bom_row"
"69475948-d8a7-46e8-bd63-0c36b78252d9","42062384","17973339","42049887","","5.6952","would_delete_bom_row"
"4a455157-39d8-4d2d-8585-f5ac75da8c70","42062384","17973339","23143214","","2","would_delete_bom_row"
"339d50b9-8033-4134-aa7e-07a9f23603d2","42062384","17973339","42049883","","5.2","would_delete_bom_row"
"c4f0107a-f340-4d0f-aadc-569bec90bb3a","42062382","17973337","23143214","","2","would_delete_bom_row"
"aaddfd8a-1cc1-4c24-8e9f-3f7087f937a2","42062382","17973337","23143136","","27","would_delete_bom_row"
"4dfd4781-ce31-4e00-a656-bee414397250","42062382","17973337","42049883","","5.2","would_delete_bom_row"
"4cbcfcd4-af9c-40b2-95c4-6dd6f2a5b6a2","42062382","17973337","23143128","","19.5","would_delete_bom_row"
"1f2050fb-46f9-448a-9d0c-88babb9957f7","42062382","17973337","42047074","","45.5","would_delete_bom_row"
"1a0c1db2-8ff1-40c5-9561-2c9e1599d486","42062382","17973337","42049887","","5.6952","would_delete_bom_row"
"a3d694d0-8af5-4fce-bec7-3f81b7586a01","42062381","17973336","23178511","","151.22","would_delete_bom_row"
"80bce2ff-9fe9-49a0-8239-5f26d3ac1b91","42062381","17973336","42062750","","5.5","would_delete_bom_row"
"e42ade2a-24d0-47b4-ae88-19524dfc705d","42062380","17973335","42049887","","5.6952","would_delete_bom_row"
"8a75da2b-5648-4ade-978b-9288b68c8161","42062380","17973335","23143214","","2","would_delete_bom_row"
"7dd3e943-2249-488f-a6f3-a492fd41c134","42062380","17973335","42049883","","5.2","would_delete_bom_row"
"59ea9ad9-d74a-490a-a06c-4802bcd221ad","42062380","17973335","23143136","","27","would_delete_bom_row"
"102317bd-b190-4f97-abfc-e3fc10c7274c","42062380","17973335","23143128","","19.5","would_delete_bom_row"
"00ab0fb0-a869-41e6-84db-4cec30d2eaee","42062380","17973335","42047074","","45.5","would_delete_bom_row"
"b7adcb5b-468d-4e16-aab2-0fd2beb82fc4","42062379","17973334","23178511","","151.22","would_delete_bom_row"
"3fe34e4d-7d11-4beb-b1b1-342d541877eb","42062397","17973352","42049883","","0.32","would_delete_bom_row"
"38da0a45-3882-40e2-bc11-53daf3f965ce","42062379","17973334","42062750","","5.5","would_delete_bom_row"
"1d0e8471-d6ef-4d40-8b16-f4d6563af477","42062397","17973352","42047074","","4.32","would_delete_bom_row"
"e7f85a2b-bd94-4d33-8fc3-5a0509ce080f","42062366","17973321","42049887","","5.6952","would_delete_bom_row"
"e73e5278-bd8c-40d5-a545-0623ce1306df","42062366","17973321","23143128","","19.5","would_delete_bom_row"
"e0784759-3a3a-40c4-b39c-105393e4913a","42062366","17973321","23143136","","27","would_delete_bom_row"
"c02a67e4-7ab8-4594-bd2b-6af8385c4c5f","42062366","17973321","42049883","","5.2","would_delete_bom_row"
"50ce1d24-8e6c-4435-b18b-c9a29e9f8d89","42062366","17973321","23143214","","2","would_delete_bom_row"
"36bf8d2d-1be9-420f-a933-3aca38bcaf0d","42062366","17973321","42047074","","45.5","would_delete_bom_row"
"56f19323-ae0b-4c17-a987-262aaf682eb5","42062365","17973320","23178511","","151.22","would_delete_bom_row"
"56170017-22a2-492c-89ea-5528044147bd","42062365","17973320","42062750","","5.5","would_delete_bom_row"
"e1f2fe21-9ce7-41cd-a8b6-7a7fad2af6ed","42062362","17973317","42047074","","45.5","would_delete_bom_row"
"d2fec085-4c98-4189-8c75-047b5ea5860f","42062362","17973317","23143214","","2","would_delete_bom_row"
"049a52bf-a0be-4b19-99b2-b143e0127562","42062362","17973317","23143136","","27","would_delete_bom_row"
"8c2fbc9c-d8d5-48ba-a15d-50f4ca1dbd05","42062362","17973317","23143128","","19.5","would_delete_bom_row"
"3a8f969c-7258-4c2f-9ffe-91f7912291b1","42062362","17973317","42049883","","5.2","would_delete_bom_row"
"2178a1a5-02aa-4fa6-b43a-c824e5e8d95a","42062362","17973317","42049887","","5.6952","would_delete_bom_row"
"f11df998-dd67-41e2-b246-d4df4d7bcbcd","42062361","17973316","23178511","","151.22","would_delete_bom_row"
"34d026c1-754f-4db7-a6f0-98dc6b99411a","42062361","17973316","42062750","","5.5","would_delete_bom_row"
"c52a38fb-c998-4229-9de6-56a6128560f3","42062360","17973315","23143128","","19.5","would_delete_bom_row"
"a420d359-35c8-46f0-a73a-c81232f66524","42062360","17973315","42047074","","45.5","would_delete_bom_row"
"82f86662-90b8-4929-8350-5e3f938f6e0f","42062360","17973315","23143136","","27","would_delete_bom_row"
"3412a8a9-8e00-43dd-9ce4-48cef01e5a1e","42062360","17973315","42049887","","5.6952","would_delete_bom_row"
"32106570-8ef8-492a-9a92-1c0e1ed373fd","42062360","17973315","23143214","","2","would_delete_bom_row"
"11f0ba1f-2f8b-4119-88ec-1eafba2b2056","42062360","17973315","42049883","","5.2","would_delete_bom_row"
"a508563b-9990-4f62-a997-d6386c53e7d1","42062359","17973314","42062750","","5.5","would_delete_bom_row"
"9011d6f8-8e9f-4372-8194-4880c177cb3e","42062359","17973314","23178511","","151.22","would_delete_bom_row"
"8dce7d1e-4541-44e4-8614-cec27314ee7c","42062358","17973313","23143214","","2","would_delete_bom_row"
"7313170b-b9b0-494f-8824-2011f1d9cfbe","42062358","17973313","23143128","","19.5","would_delete_bom_row"
"1fd7c3b8-49d9-44ee-b605-f465e1354851","42062358","17973313","42049883","","5.2","would_delete_bom_row"
"1e78df6c-507d-4f34-87b5-1f8b3d5c8244","42062358","17973313","23143136","","27","would_delete_bom_row"
"1793b5bc-30d5-440d-a384-a6149aac42e7","42062358","17973313","42049887","","5.6952","would_delete_bom_row"
"111bd4b7-f1c1-4367-a5f5-168d1140c3de","42062358","17973313","42047074","","45.5","would_delete_bom_row"
"6b40e915-f406-4459-b740-b2fa73762c3c","42062357","17973312","42062750","","5.5","would_delete_bom_row"
"2b8cecdd-f00e-45c2-a342-78e9e2cabf49","42062357","17973312","23178511","","151.22","would_delete_bom_row"
"cb2316b1-00e4-459c-b6ca-cb59595c9f1b","42062356","17973311","23143214","","2","would_delete_bom_row"
"3126561f-f454-4e6c-afeb-504d68f2e452","42062356","17973311","23143136","","27","would_delete_bom_row"
"dc99577c-b212-4ace-9208-c1f935dc94df","42062356","17973311","42047074","","45.5","would_delete_bom_row"
"b4cb2ba8-c6b4-479d-ac68-d0c7cdcc67fe","42062356","17973311","42049883","","5.2","would_delete_bom_row"
"87cd890b-ce7c-4eed-8c5b-77610abd7a1e","42062356","17973311","23143128","","19.5","would_delete_bom_row"
"286bd848-da42-478f-b96c-c4d4d61a253a","42062356","17973311","42049887","","5.6952","would_delete_bom_row"
"6755afba-4b0f-4a62-a2eb-792dc9586fb3","42062355","17973310","42062750","","5.5","would_delete_bom_row"
"0d632e5c-da56-4141-812b-373eabaa4b84","42062355","17973310","23178511","","151.22","would_delete_bom_row"
"d9c273c6-1ee8-43db-aa13-6562c57c91eb","42062354","17973309","42047074","","45.5","would_delete_bom_row"
"a9168fd8-2bd8-4c9a-9b3c-23948c1cf4b0","42062354","17973309","23143214","","2","would_delete_bom_row"
"87122df8-6d7f-4c92-9ac5-143daaa3229a","42062354","17973309","42049887","","5.6952","would_delete_bom_row"
"806f1532-fc70-476d-86ce-b636be339b6d","42062354","17973309","23143136","","27","would_delete_bom_row"
"4f93ca8a-8bff-48a5-96ae-f23f91a00194","42062354","17973309","42049883","","5.2","would_delete_bom_row"
"0557574e-7250-460d-a050-d5181979f317","42062354","17973309","23143128","","19.5","would_delete_bom_row"
"fed65539-dc43-4fbf-8198-ee494f55fcc3","42062352","17973307","42049887","","5.6952","would_delete_bom_row"
"c5347f8f-331a-443e-be75-f41d53f8b74f","42062352","17973307","42049883","","5.2","would_delete_bom_row"
"ab44e0bc-0680-40db-aa79-c0b65c6bcef4","42062352","17973307","23143214","","2","would_delete_bom_row"
"a4bf3a4d-b2bf-49a8-8834-cb585109412e","42062352","17973307","42047074","","45.5","would_delete_bom_row"
"52bfbeae-132e-428a-b76b-05b8fef6792c","42062352","17973307","23143136","","27","would_delete_bom_row"
"3b6e21c0-002f-4e45-9b9a-0ac35ccedef4","42062352","17973307","23143128","","19.5","would_delete_bom_row"
"c32f7b27-a195-4248-945c-b5013fee6fd6","42062351","17973306","42062750","","5.5","would_delete_bom_row"
"04e00625-ce60-4cd9-8722-7f8bff24d6f8","42062351","17973306","23178511","","151.22","would_delete_bom_row"
"420b4b04-dd0a-4540-98e9-f5b19829dac4","42062353","17973308","42062750","","5.5","would_delete_bom_row"
"1dcc6814-e98e-44ef-9a62-e215e5045794","42062353","17973308","23178511","","151.22","would_delete_bom_row"
"fb63942f-76c3-4d5b-bd01-cc1b43ab797b","42062350","17973305","23143214","","2","would_delete_bom_row"
"ee81eed7-6a4d-4b22-abd6-c11d41b4ff41","42062350","17973305","23143128","","19.5","would_delete_bom_row"
"62ac544e-6472-4131-9ba4-966b308717f7","42062350","17973305","42047074","","45.5","would_delete_bom_row"
"5e29aa5a-fe39-456b-841e-9c2138cd9406","42062350","17973305","42049883","","5.2","would_delete_bom_row"
"4722d583-6811-4908-aa00-434289b7dbe3","42062350","17973305","42049887","","5.6952","would_delete_bom_row"
"0ef50b8f-8f95-4494-8cc6-ea45fabd7191","42062350","17973305","23143136","","27","would_delete_bom_row"
"c5e3c9e3-970c-47ab-ac32-c97798880870","42062348","17973303","23143128","","19.5","would_delete_bom_row"
"a0e550cb-50d9-4fcc-b5d4-18ec2081a857","42062348","17973303","42049887","","5.6952","would_delete_bom_row"
"7af87232-7e47-4fcd-a40d-b23895010f46","42062348","17973303","42049883","","5.2","would_delete_bom_row"
"4a4aa8be-94cf-47ca-b015-51d67930d7cf","42062348","17973303","23143214","","2","would_delete_bom_row"
"3037d2ec-6b7d-4920-a626-e25a026487e7","42062348","17973303","23143136","","27","would_delete_bom_row"
"0838c4d0-2b58-4061-8dd3-17b1c5a148dd","42062348","17973303","42047074","","45.5","would_delete_bom_row"
"c937673b-3e5b-4aa4-b7f5-2b46ed99b282","42062349","17973304","23178511","","151.22","would_delete_bom_row"
"0f8480a2-4674-444c-b999-f1764d5ad5db","42062349","17973304","42062750","","5.5","would_delete_bom_row"
"c8cc9fad-94e0-4dc6-ba05-f553283588f6","42062347","17973302","23178511","","151.22","would_delete_bom_row"
"3f79eaf7-023d-4b84-869b-58a1914287ad","42062347","17973302","42062750","","5.5","would_delete_bom_row"
"c13665ef-9090-4663-8ed8-467225feafb5","42062345","17973300","42062750","","5.5","would_delete_bom_row"
"34145637-de8e-4909-9cee-fb67607e4f9b","42062345","17973300","23178511","","151.22","would_delete_bom_row"
"fefa81e9-37f9-421e-858c-6f73998426d4","42062344","17973299","23143128","","19.5","would_delete_bom_row"
"be8fc901-c244-4519-b223-9b080e50bb2d","42062344","17973299","23143136","","27","would_delete_bom_row"
"b16059f1-d7f1-4836-a213-7916e2a2ee99","42062344","17973299","23143214","","2","would_delete_bom_row"
"9708e71d-57e1-4e81-aed4-95d057997856","42062344","17973299","42049883","","5.2","would_delete_bom_row"
"811375f8-da2a-4570-ab24-2c3708311aee","42062344","17973299","42047074","","45.5","would_delete_bom_row"
"33cc66a4-1a20-426f-a77f-0f0f09c76c1f","42062344","17973299","42049887","","5.6952","would_delete_bom_row"
"3b59ee8c-ba5e-4beb-ac19-de3ab02ab784","42062343","17973298","23178511","","151.22","would_delete_bom_row"
"d1cbb65e-8153-4450-8478-e0d61bd890b2","42062343","17973298","42062750","","5.5","would_delete_bom_row"
"f22a12ed-3f85-42a8-94df-77b541562c77","42062346","17973301","23143128","","19.5","would_delete_bom_row"
"e49afa0d-2b04-4a0d-bdbf-a9f6a359abff","42062346","17973301","42049887","","5.6952","would_delete_bom_row"
"e0e36130-44de-4a93-9156-c14207dbe7c5","42062346","17973301","23143136","","27","would_delete_bom_row"
"a8c012c8-3ea8-4ba9-b883-595354455313","42062346","17973301","42049883","","5.2","would_delete_bom_row"
"a7860272-d34d-445e-a1fd-338892f2ed76","42062346","17973301","42047074","","45.5","would_delete_bom_row"
"17b5fa91-7572-4eb6-afd4-a6e42f81478c","42062346","17973301","23143214","","2","would_delete_bom_row"
"cd25d76a-f2be-43d2-83ea-53d09b9909d2","42062342","17973297","42047074","","45.5","would_delete_bom_row"
"c411a1e5-61e5-4df1-8205-b08bdde352f1","42062342","17973297","23143136","","27","would_delete_bom_row"
"a6fc4f5d-9cc9-431d-a211-6cc14ded7ae1","42062342","17973297","42049883","","5.2","would_delete_bom_row"
"823bfd51-3dd4-440e-926a-e4b7b7f80314","42062342","17973297","42049887","","5.6952","would_delete_bom_row"
"315d8aed-a41f-494f-a13a-64fa9eafab58","42062342","17973297","23143214","","2","would_delete_bom_row"
"1ed19fe6-7139-496e-bcd2-316ee97e7673","42062342","17973297","23143128","","19.5","would_delete_bom_row"
"c6a02c53-c91b-40d9-9d1a-eca11337eb4a","42062341","17973296","23178511","","151.22","would_delete_bom_row"
"a8a2f010-6617-4d9f-a58a-8003f5fc3fac","42062341","17973296","42062750","","5.5","would_delete_bom_row"
"d062728e-3697-49a2-be3f-535bdf5f0382","42062340","17973295","42049883","","5.2","would_delete_bom_row"
"c40c8f66-bdea-4fb5-b369-043e1159ee0a","42062340","17973295","42047074","","45.5","would_delete_bom_row"
"52519c9f-1188-4fbb-b8f8-421b0269f1dd","42062340","17973295","23143136","","27","would_delete_bom_row"
"4897bb65-c3b8-4363-a8af-005395e68979","42062340","17973295","42049887","","5.6952","would_delete_bom_row"
"40c1a3a4-534b-4c97-a4c3-68ba8d98842f","42062340","17973295","23143128","","19.5","would_delete_bom_row"
"2d47b838-3158-4fa8-9cce-2613ec13c88c","42062340","17973295","23143214","","2","would_delete_bom_row"
"ff9aeee2-c85a-4a32-8ec2-e67a3fbd62bf","42062338","17973293","23143136","","27","would_delete_bom_row"
"fa95655f-ff8e-4129-b683-e299ff59553c","42062338","17973293","42049887","","5.6952","would_delete_bom_row"
"d1c9fa71-e0b8-4cfb-857d-b2e0a24fe61a","42062338","17973293","23143128","","19.5","would_delete_bom_row"
"ccd1296d-19ca-4b42-b28e-b1d2fc63dbc8","42062338","17973293","23143214","","2","would_delete_bom_row"
"81d3e108-9b59-46e5-b2bb-9b004e0c0009","42062338","17973293","42047074","","45.5","would_delete_bom_row"
"533de325-51a6-4c46-aec2-b92a3d28d592","42062338","17973293","42049883","","5.2","would_delete_bom_row"
"c0237462-c161-4f51-bf68-9b14ec5b557e","42062339","17973294","42062750","","5.5","would_delete_bom_row"
"b8a11d18-772b-4214-bd73-c6a8c7fd2f68","42062337","17973292","23178511","","151.22","would_delete_bom_row"
"af197d42-d2d4-4117-ab14-1510ce6d18a4","42062337","17973292","42062750","","5.5","would_delete_bom_row"
"86a5fb4b-14cd-4eaf-9f66-694cff04690e","42062339","17973294","23178511","","151.22","would_delete_bom_row"
"d83e4d7f-a39f-48e4-b04e-3a6d3d3f229c","42062336","17973291","23143136","","27","would_delete_bom_row"
"a215ba0c-b418-4837-8dd7-611805fb1440","42062336","17973291","42049887","","5.6952","would_delete_bom_row"
"6b1be5c8-577f-41ab-9f64-6f9a7be2abdc","42062336","17973291","23143128","","19.5","would_delete_bom_row"
"3757bdc8-f962-4da6-ad1a-cc70f169670a","42062336","17973291","42049883","","5.2","would_delete_bom_row"
"3260f8b4-f096-48c9-a8b9-08e08c523929","42062336","17973291","42047074","","45.5","would_delete_bom_row"
"2e698846-494f-4d34-ae8f-fb0b8bb0ba04","42062336","17973291","23143214","","2","would_delete_bom_row"
"4ba851e9-abf7-496a-8336-c6380831c9d7","42062335","17973290","23178511","","151.22","would_delete_bom_row"
"2a57ec36-073b-485b-90dd-b77d24f7f626","42062335","17973290","42062750","","5.5","would_delete_bom_row"
"7470e99c-607f-4cf9-a735-769059a87df6","42062329","17973284","41147406","","4","would_delete_bom_row"
"70712d66-30ee-4584-a19f-e6d76c4e36ad","42062329","17973284","42047074","","28","would_delete_bom_row"
"5e0d2b94-cc78-4d91-940d-04e963123472","42062329","17973284","42049883","","2.24","would_delete_bom_row"
"58130368-92e8-4c4e-bd50-0a8cb90436e7","42062329","17973284","42047071","","0.5","would_delete_bom_row"
"28ad0f61-6db3-402c-9ad4-5c1cb9de8634","42062329","17973284","42049887","","2.4533","would_delete_bom_row"
"9ab1bf46-7b74-44c1-96c8-c09b81a3d01a","42062330","17973285","42049887","","2.4533","would_delete_bom_row"
"91844ff1-0a4c-4d61-82cb-c89ea8d3f347","42062330","17973285","42047071","","0.5","would_delete_bom_row"
"7cb2c48a-6383-4e09-9c60-a2554776ed74","42062330","17973285","42049883","","2.24","would_delete_bom_row"
"5bb8c5ff-2acc-4b14-b5bc-df826d303f22","42062330","17973285","41147406","","4","would_delete_bom_row"
"212e009c-fdb1-469e-ac3d-ad25d8504eef","42062330","17973285","42047074","","28","would_delete_bom_row"
"f675fecd-d347-4162-87b6-5b4aa6b2da68","42062328","17973283","42049887","","2.4533","would_delete_bom_row"
"f591eb12-29ca-4e7e-842c-93d7d2958531","42062328","17973283","42047074","","28","would_delete_bom_row"
"e34bd533-3ecc-4374-986a-5cd98ce5a5fa","42062328","17973283","41147406","","4","would_delete_bom_row"
"754bea4f-fe70-429e-a0b7-7300a921515b","42062328","17973283","42047071","","0.5","would_delete_bom_row"
"73af34ab-dca7-497c-bc83-0b2c5def9acd","42062328","17973283","42049883","","2.24","would_delete_bom_row"
"a42839ea-2a1c-4a13-b0da-17e70982d5b9","42062327","17973282","42049887","","2.4533","would_delete_bom_row"
"7982e98f-e7c1-4de4-b1cc-32ac0c8da3b7","42062327","17973282","41147406","","4","would_delete_bom_row"
"3821535a-a588-412a-9eb2-c4d6d3a0a536","42062327","17973282","42047074","","28","would_delete_bom_row"
"3678e19c-6ba8-4915-9da7-4655a67a0875","42062327","17973282","42047071","","0.5","would_delete_bom_row"
"06508d7f-9db2-4852-8f0d-733b7cad3aab","42062327","17973282","42049883","","2.24","would_delete_bom_row"
"b6fb0274-188f-4464-993c-a62e7d5b18a4","42062326","17973281","41147406","","4","would_delete_bom_row"
"9387dc6e-0354-40b1-b428-3aacd43ef576","42062326","17973281","42047071","","0.5","would_delete_bom_row"
"306f74fe-ccfd-4b93-8a1f-50d495738d4c","42062326","17973281","42047074","","28","would_delete_bom_row"
"07f9a9fb-313b-4413-bd18-e9a6e335f209","42062326","17973281","42049883","","2.24","would_delete_bom_row"
"0481d885-6078-4e1f-832d-83ac37ca805c","42062326","17973281","42049887","","2.4533","would_delete_bom_row"
"f2554a34-fc74-484d-9532-d71408b515c8","42062325","17973280","42047071","","0.5","would_delete_bom_row"
"ef671445-9eb0-4615-8e2d-4f9e9b8211dd","42062325","17973280","41147406","","4","would_delete_bom_row"
"ede1ce1a-3daa-471c-9cbf-7d3c448714be","42062325","17973280","42049883","","2.24","would_delete_bom_row"
"c7ff4644-f1c2-493f-992d-c0b18159683c","42062325","17973280","42047074","","28","would_delete_bom_row"
"0e5e7c13-fa6b-46f1-9a11-18f659f96e6e","42062325","17973280","42049887","","2.4533","would_delete_bom_row"
"e1205bda-e2ce-48a4-9073-44ee5412117e","42062324","17973279","42049887","","2.4533","would_delete_bom_row"
"aa55df86-8240-4988-92e8-1973b957a7b0","42062324","17973279","41147406","","4","would_delete_bom_row"
"2f38ac27-465d-45fa-9dbd-f18915ebf879","42062324","17973279","42047071","","0.5","would_delete_bom_row"
"1c273da3-e43d-43f8-b43a-bc3826b5479d","42062324","17973279","42047074","","28","would_delete_bom_row"
"c1d49083-5419-4770-8a39-a6b7a9ea05e1","42062324","17973279","42049883","","2.24","would_delete_bom_row"
"51d46d24-c255-4b79-a849-5d7a229941fa","42062323","17973278","42047074","","28","would_delete_bom_row"
"0fded44c-685d-4101-992a-c49424a08ee9","42062323","17973278","41147406","","4","would_delete_bom_row"
"edb72862-ff4e-4f08-a8cf-116a96560c62","42062323","17973278","42049883","","2.24","would_delete_bom_row"
"cf1b36b1-9529-4acf-bb79-c869e7412cb2","42062323","17973278","42049887","","2.4533","would_delete_bom_row"
"7c63c765-8c36-4e42-b620-35bcb353152a","42062323","17973278","42047071","","0.5","would_delete_bom_row"
"a343c174-4259-4240-b888-854a9983817d","42062322","17973277","41147406","","4","would_delete_bom_row"
"6a4fdb8c-d45d-40d2-9bc5-5731b1391e91","42062322","17973277","42047071","","0.5","would_delete_bom_row"
"5d937837-250e-4ef5-9c91-40744e1b4d63","42062322","17973277","42049883","","2.24","would_delete_bom_row"
"16227d77-cbad-4895-a2f9-4f06f742592c","42062322","17973277","42049887","","2.4533","would_delete_bom_row"
"024c7f88-6435-4115-a1f8-a85ee983619b","42062322","17973277","42047074","","28","would_delete_bom_row"
"c11627b8-846f-401c-a7b3-da2d1ab8cdec","42062320","17973275","41147406","","4","would_delete_bom_row"
"5ffa19e4-57ef-439b-9a32-3e76f01be927","42062320","17973275","42047074","","28","would_delete_bom_row"
"4f0e6590-6430-4f7b-9f82-42b9a3468699","42062320","17973275","42047071","","0.5","would_delete_bom_row"
"467e5dea-6cb4-4a2c-ba06-c8f1d60647df","42062320","17973275","42049887","","2.4533","would_delete_bom_row"
"21877e40-3d54-468d-aaab-d5baa4265c44","42062320","17973275","42049883","","2.24","would_delete_bom_row"
"c5b6199f-98a6-4ed8-9fd9-a6359a26512e","42062321","17973276","41147406","","4","would_delete_bom_row"
"ab3f0d3f-e6a1-4a94-90d5-19aabc715fa9","42062321","17973276","42047074","","28","would_delete_bom_row"
"a2be511e-f23d-46ba-b619-6edf2a7619ac","42062321","17973276","42049883","","2.24","would_delete_bom_row"
"89b2be23-26c0-48bc-943d-aa61ccbe87db","42062321","17973276","42047071","","0.5","would_delete_bom_row"
"1801f955-a5d5-453a-aaaf-7ec314b0492a","42062321","17973276","42049887","","2.4533","would_delete_bom_row"
"a2b2a789-28d4-4620-8fdc-7074c81d9644","42062319","17973274","42047074","","28","would_delete_bom_row"
"01fadc1b-80db-42fd-9389-8ab5483b359e","42062319","17973274","41147406","","4","would_delete_bom_row"
"ec638f02-5c25-4509-afb0-f47667db8a8f","42062319","17973274","42047071","","0.5","would_delete_bom_row"
"83ced68c-8303-48e9-9735-62626af5a683","42062319","17973274","42049883","","2.24","would_delete_bom_row"
"705326c5-6cc2-4f99-9e13-d0c6c10d47b9","42062319","17973274","42049887","","2.4533","would_delete_bom_row"
"f5fbed15-c22b-4f08-aa2c-35d54b6a77e1","42062318","17973273","42049883","","2.24","would_delete_bom_row"
"cff248b1-94b4-46b6-95c3-5c79634f28a4","42062318","17973273","42049887","","2.4533","would_delete_bom_row"
"c80f11d3-9569-452e-8a4d-d5fa5dbbfe8f","42062318","17973273","42047074","","28","would_delete_bom_row"
"b3cc4fbc-5f51-4133-8dc4-aa3df1f28c9f","42062318","17973273","41147406","","4","would_delete_bom_row"
"50207c3b-7390-4ce5-a46b-28d5a03d6d51","42062318","17973273","42047071","","0.5","would_delete_bom_row"
"ecda0724-3dbb-4065-bc9d-cbc44c97829c","42062317","17973272","42049883","","2.24","would_delete_bom_row"
"cb18a4e0-e6d6-4bb0-a11d-75f2b67daf7d","42062317","17973272","42047074","","28","would_delete_bom_row"
"b9e6e7b2-e7be-4217-8df9-4068390cb6b8","42062317","17973272","42047071","","0.5","would_delete_bom_row"
"47167a52-7e06-4079-bd8f-e18ab62be234","42062317","17973272","42049887","","2.4533","would_delete_bom_row"
"0d6746b6-453f-4a36-b453-b8eee28e7021","42062317","17973272","41147406","","4","would_delete_bom_row"
"56537433-4b8f-4f08-bf03-698c307ec2f7","42062304","17973265","42047073","","62","would_delete_bom_row"
"083157d5-134c-4d62-a811-433236e79143","42062304","17973265","23143136","","37.5","would_delete_bom_row"
"bde2e927-6c7a-49d2-b074-26f71346cbd4","42062304","17973265","42049883","","6","would_delete_bom_row"
"a3cc5704-ed03-4684-b7ec-e6be0a2ab3bb","42062304","17973265","42049887","","6.5714","would_delete_bom_row"
"669b6521-5fa3-4438-ae94-6e85d150977a","42062304","17973265","23143516","","13","would_delete_bom_row"
"6749f746-08d6-44f6-9376-81470821b78c","42062303","17973264","42062750","","9","would_delete_bom_row"
"5ad4578c-99fa-4b2d-9755-81877c9d9ee9","42062303","17973264","23178511","","163.13","would_delete_bom_row"
"f7e2eba1-5b3d-4d5c-90d2-0157daacd14e","42062302","17973263","42049883","","2.24","would_delete_bom_row"
"ced3e49c-9b31-454a-9ef2-dcb4f41fdf9d","42062302","17973263","42047074","","28","would_delete_bom_row"
"77ce0a9b-b977-4434-83db-a101c5d7ef69","42062302","17973263","42047071","","0.5","would_delete_bom_row"
"5e60682d-724d-48fb-85d5-13dcfb574967","42062302","17973263","41147406","","4","would_delete_bom_row"
"325c0a44-9e5e-4331-b4a0-ace8ca44e099","42062302","17973263","42049887","","2.4533","would_delete_bom_row"
"e7639b8d-93d0-4ded-ba60-c6f7ae843bba","42062301","17973262","42047071","","0.5","would_delete_bom_row"
"b4b549e7-b102-41f8-968b-f78e436b4333","42062301","17973262","42049883","","2.24","would_delete_bom_row"
"9d888433-e753-4375-bd5e-1e7c836491aa","42062301","17973262","42049887","","2.4533","would_delete_bom_row"
"5a729e17-0245-42f2-9d47-02305521e2b9","42062301","17973262","42047074","","28","would_delete_bom_row"
"370b429b-9db7-4c03-a159-0ae71857cb18","42062301","17973262","41147406","","4","would_delete_bom_row"
"cddc41ea-7274-4acc-99e9-cd999802fc86","42062300","17973261","42047074","","28","would_delete_bom_row"
"bfb7cd41-0d86-4fed-9b08-638b4f3210ab","42062300","17973261","42047071","","0.5","would_delete_bom_row"
"701ce3f0-e6c1-4d33-a3fd-def892ed01eb","42062300","17973261","42049887","","2.4533","would_delete_bom_row"
"501fbf9d-da61-4ad2-9bc7-23268107a555","42062300","17973261","42049883","","2.24","would_delete_bom_row"
"419d745e-747a-4b2c-a5c0-1b053174e52d","42062300","17973261","41147406","","4","would_delete_bom_row"
"e6af7f1c-d275-47dd-a7cd-59b8aa30a938","42062298","17973259","42049883","","2.24","would_delete_bom_row"
"c338b3d2-802e-4184-b401-2ca4c67475fc","42062298","17973259","42047074","","28","would_delete_bom_row"
"5db76844-fbd0-45ce-be91-59dd14d53453","42062298","17973259","42049887","","2.4533","would_delete_bom_row"
"435048d2-1b46-4902-aa20-4e46da63a3d9","42062298","17973259","42047071","","0.5","would_delete_bom_row"
"37b87c0f-ba06-45a7-bb11-571d5e2495eb","42062298","17973259","41147406","","4","would_delete_bom_row"
"e4a47cc5-2cdd-4212-a289-4a0dcf493a25","42062299","17973260","41147406","","4","would_delete_bom_row"
"6fa48c02-7667-47ec-a0b5-599d472b62a5","42062299","17973260","42047071","","0.5","would_delete_bom_row"
"66542457-10d7-49b9-a91c-a0f649bd9846","42062299","17973260","42049883","","2.24","would_delete_bom_row"
"3ec89cf1-87e0-474a-95ed-5092fd8d133d","42062299","17973260","42049887","","2.4533","would_delete_bom_row"
"07f54292-8aff-4f94-a906-967328cc2e80","42062299","17973260","42047074","","28","would_delete_bom_row"
"f9befc83-9760-4493-b97d-b2b543fd0428","42062297","17973258","41147406","","4","would_delete_bom_row"
"ee861d1f-7e92-40e2-a2b2-3f0ac948df97","42062296","17973257","42047071","","0.5","would_delete_bom_row"
"899bfa63-ecb6-4709-aab4-d8870d30697d","42062296","17973257","42049887","","2.4533","would_delete_bom_row"
"63063194-15fc-441e-a17d-3ccdfc1c6fee","42062297","17973258","42049883","","2.24","would_delete_bom_row"
"32a9cda1-589b-451f-83da-4c7f44372aca","42062296","17973257","41147406","","4","would_delete_bom_row"
"2f20e4a7-8b13-4b61-b8aa-2064ea18b248","42062296","17973257","42049883","","2.24","would_delete_bom_row"
"22ca8e0d-9d80-41e4-9b20-1a9260b096a8","42062297","17973258","42047074","","28","would_delete_bom_row"
"0dbfb9ce-3a8c-4bed-b178-e4914df7c761","42062297","17973258","42049887","","2.4533","would_delete_bom_row"
"0b7353c6-7eaf-43b4-8857-65ff14bff969","42062296","17973257","42047074","","28","would_delete_bom_row"
"02eef4c7-2402-4207-8ee2-d47af63c894c","42062297","17973258","42047071","","0.5","would_delete_bom_row"
"f1823d66-03a4-4942-a7d1-1db8cf90147a","42062295","17973256","42047074","","28","would_delete_bom_row"
"e9f765ae-ba00-476e-a2f5-929122b16ba5","42062295","17973256","41147406","","4","would_delete_bom_row"
"b3de710a-742b-4277-96ab-36927eae5d06","42062295","17973256","42049887","","2.4533","would_delete_bom_row"
"ae117b57-ba6f-45a6-b76d-003a4aad5e0e","42062295","17973256","42049883","","2.24","would_delete_bom_row"
"94528f6f-554b-42f6-8316-dd9033678608","42062295","17973256","42047071","","0.5","would_delete_bom_row"
"bdce62ef-c45e-4ed5-9912-bb2d8a21f57b","42062294","17973255","42049887","","2.4533","would_delete_bom_row"
"af5c0820-d6ed-4619-b503-02fc07828f3b","42062294","17973255","41147406","","4","would_delete_bom_row"
"7d5b8496-f2da-4708-be57-4f6feaf1d77f","42062294","17973255","42049883","","2.24","would_delete_bom_row"
"60615cbb-b4fb-4b27-a138-655e8610a64d","42062294","17973255","42047074","","28","would_delete_bom_row"
"2cb23f41-de30-42b1-8c1e-9779e9d0d958","42062294","17973255","42047071","","0.5","would_delete_bom_row"
"d813cf48-981f-42b4-ba7d-c5bfe3b50407","42062292","17973253","42047074","","28","would_delete_bom_row"
"fb8e7b45-bb25-4b6b-af8d-7342df8a3591","42062292","17973253","42047071","","0.5","would_delete_bom_row"
"c76ccbb5-66f9-47a3-83ca-06448c683739","42062292","17973253","42049883","","2.24","would_delete_bom_row"
"9b43c4b5-9427-4135-849b-579e3892a0cd","42062292","17973253","42049887","","2.4533","would_delete_bom_row"
"423020d7-6912-4c1f-9807-04e4ede026d7","42062292","17973253","41147406","","4","would_delete_bom_row"
"5d9b5408-0a12-44de-b551-27639ee696c1","42062291","17973252","41147406","","4","would_delete_bom_row"
"5c96b9b2-2a16-4924-831e-f7ea7a061b70","42062291","17973252","42047071","","0.5","would_delete_bom_row"
"423157ef-8d41-416d-8173-b7f45fe8d960","42062291","17973252","42049887","","2.4533","would_delete_bom_row"
"312fdef3-3dce-4579-a70d-0b4d03205a6f","42062291","17973252","42047074","","28","would_delete_bom_row"
"240e61b5-6803-43d2-a970-134bbce5a683","42062291","17973252","42049883","","2.24","would_delete_bom_row"
"b8b41562-bb72-4193-a004-146ad9b233d0","42062293","17973254","42047071","","0.5","would_delete_bom_row"
"9ef48d84-90ea-4a42-b86e-70ba56ca8853","42062293","17973254","41147406","","4","would_delete_bom_row"
"64912226-f345-47cb-9f87-222b32462dcd","42062293","17973254","42047074","","28","would_delete_bom_row"
"6c891a2c-d2fd-4d40-b733-14b00ac6c3fb","42062293","17973254","42049883","","2.24","would_delete_bom_row"
"0017f0dd-713c-4313-a251-ee7d92d75011","42062293","17973254","42049887","","2.4533","would_delete_bom_row"
"cd038864-8972-43d6-b835-11520e888201","42062290","17973251","42049883","","2.24","would_delete_bom_row"
"abe9a8c9-5fe1-469c-94f4-9d22f879d32a","42062290","17973251","41147406","","4","would_delete_bom_row"
"5fc77ad6-7d36-485a-97b8-09baa4a4254b","42062290","17973251","42049887","","2.4533","would_delete_bom_row"
"31a3d38d-ba2e-4977-96cc-893d520b7414","42062290","17973251","42047074","","28","would_delete_bom_row"
"0dec4e04-c008-465a-ac41-8d8fe8ee518d","42062290","17973251","42047071","","0.5","would_delete_bom_row"
"eece6a75-d469-4456-b51b-c9717469d698","42062288","17973249","42047074","","28","would_delete_bom_row"
"c9087c38-595c-4fea-bd55-ba190a809a8b","42062288","17973249","42049887","","2.4533","would_delete_bom_row"
"c2f4c977-eeaa-4586-8d87-f4d54f1c6d83","42062288","17973249","41147406","","4","would_delete_bom_row"
"af97831d-b4cc-406b-9446-583e715fd8f8","42062288","17973249","42049883","","2.24","would_delete_bom_row"
"2ff0f566-2137-432a-a98e-02750584b1d4","42062288","17973249","42047071","","0.5","would_delete_bom_row"
"c66b8ba4-1586-4851-b831-8898c8e05e7d","42062289","17973250","41147406","","4","would_delete_bom_row"
"bbaebc24-9a84-4ceb-958e-18be27c9fe8a","42062289","17973250","42049883","","2.24","would_delete_bom_row"
"b323506f-79de-44fe-8b4a-22a05192efa0","42062289","17973250","42047071","","0.5","would_delete_bom_row"
"a658955a-97a3-43fa-b948-bda1fc988d2a","42062289","17973250","42047074","","28","would_delete_bom_row"
"37581dfd-89d0-43a7-a4df-8a1d9ecf786e","42062289","17973250","42049887","","2.4533","would_delete_bom_row"
"f42412b9-dd77-4b65-a343-753e8304f7eb","42062271","17973240","42047074","","28","would_delete_bom_row"
"98c70510-5faf-4d94-a53b-19fc463c2053","42062271","17973240","42049887","","2.4533","would_delete_bom_row"
"8c31d22f-fe73-49be-9c38-6a966c8ffacd","42062271","17973240","42047071","","0.5","would_delete_bom_row"
"4f69c152-51d5-42ca-bae8-a351d0d258e2","42062271","17973240","41147406","","4","would_delete_bom_row"
"e10b3913-4725-4171-b6ab-37d868f244ec","42062271","17973240","42049883","","2.24","would_delete_bom_row"
"d453a5f4-2b54-41ed-9fa5-3687954d3324","42062270","17973239","42049883","","2.24","would_delete_bom_row"
"c15e8e5a-b11d-4f3d-8a2f-e617fd4e3e12","42062270","17973239","42047071","","0.5","would_delete_bom_row"
"3d144bd8-7186-4c2a-b16e-60686f737e24","42062270","17973239","42049887","","2.4533","would_delete_bom_row"
"1878533a-f162-4a38-a462-8db5d7a59e36","42062270","17973239","42047074","","28","would_delete_bom_row"
"02f2629d-342b-4e9f-948d-a6924e5a7513","42062270","17973239","41147406","","4","would_delete_bom_row"
"a630ea22-61d4-48c7-bf6f-edffc3e9fdbb","42062269","17973238","42047074","","28","would_delete_bom_row"
"8a44962b-3e6d-4beb-bd11-042ed7cb90ec","42062269","17973238","42047071","","0.5","would_delete_bom_row"
"2734753e-4e14-4846-bb60-57dff7ab2c70","42062269","17973238","41147406","","4","would_delete_bom_row"
"195326ed-08f4-4d65-adef-eadc1763d611","42062269","17973238","42049887","","2.4533","would_delete_bom_row"
"f2ba139e-ae7a-4618-b740-2e2281e36c49","42062269","17973238","42049883","","2.24","would_delete_bom_row"
"f6b3489e-e288-46a7-b63a-1b176ed6b6c1","42062268","17973237","42047074","","28","would_delete_bom_row"
"b39b824d-b94c-4bc1-bb44-435f9574f969","42062268","17973237","41147406","","4","would_delete_bom_row"
"bb937eb3-af3a-4de2-8681-c2f210c7e639","42062268","17973237","42049887","","2.4533","would_delete_bom_row"
"a4fc5367-5856-45c8-8b7a-07932ce24939","42062268","17973237","42049883","","2.24","would_delete_bom_row"
"97d00342-1a72-45c2-8c80-f321b183e680","42062268","17973237","42047071","","0.5","would_delete_bom_row"
"b9207bdb-d241-44e3-8e81-77972c62db54","42062267","17973236","42049883","","2.24","would_delete_bom_row"
"7ac82f47-76e5-4288-a7cc-4e9db8046264","42062267","17973236","42047074","","28","would_delete_bom_row"
"4c0c7719-222b-4d64-a68b-95e2bb806c9e","42062267","17973236","42047071","","0.5","would_delete_bom_row"
"4c029739-8e9a-47d9-9d84-29f07b04e365","42062267","17973236","42049887","","2.4533","would_delete_bom_row"
"10c0510c-ba11-4183-8228-726a3f513c45","42062267","17973236","41147406","","4","would_delete_bom_row"
"c4b82533-2fb0-4dd3-9037-9547f741647e","42062266","17973235","41147406","","4","would_delete_bom_row"
"b78b9cab-fedc-4c92-8237-16e55a86ee07","42062266","17973235","42047074","","28","would_delete_bom_row"
"9006cf4f-149d-4c47-a038-3db253cbe6ab","42062266","17973235","42047071","","0.5","would_delete_bom_row"
"792d0c01-f59b-4579-9d18-8f8e3c952914","42062266","17973235","42049887","","2.4533","would_delete_bom_row"
"093485e7-3592-4595-b5a3-38359f2bf87c","42062266","17973235","42049883","","2.24","would_delete_bom_row"
"6f79135b-a371-4d0c-ae36-50dfffa0435b","42062265","17973234","42047074","","28","would_delete_bom_row"
"edd41b43-951b-4a03-96ea-c6059f494b84","42062265","17973234","41147406","","4","would_delete_bom_row"
"ce218b89-dca9-4808-9aec-8dbbffb247eb","42062265","17973234","42049887","","2.4533","would_delete_bom_row"
"987330cf-a65f-4668-9c68-e1b2a064f698","42062265","17973234","42049883","","2.24","would_delete_bom_row"
"518e266a-618a-4648-8dee-6821d77fd9fa","42062265","17973234","42047071","","0.5","would_delete_bom_row"
"f00606c0-8ad8-43ea-9623-c136b17e4b86","42062264","17973233","42047074","","28","would_delete_bom_row"
"c1010c06-c100-4097-acc5-a7b2d4a9dbf0","42062264","17973233","42049883","","2.24","would_delete_bom_row"
"b042b534-acae-4e72-a09a-64a6ba7baf81","42062264","17973233","41147406","","4","would_delete_bom_row"
"5bcd531e-9b98-4cce-bdfd-0c36ac38dd6d","42062264","17973233","42047071","","0.5","would_delete_bom_row"
"43473588-2243-4074-b3c5-bb75ebbfd988","42062264","17973233","42049887","","2.4533","would_delete_bom_row"
"f528fefe-db70-40be-9f8d-862801cac948","42062263","17973232","42049883","","2.24","would_delete_bom_row"
"df58046c-9f23-42a3-b6cd-544c8d366045","42062263","17973232","41147406","","4","would_delete_bom_row"
"ce3971ef-fc38-4d94-8a0c-24b4386782d8","42062263","17973232","42049887","","2.4533","would_delete_bom_row"
"3a184b5c-4093-4383-88fd-de0e91b129e6","42062263","17973232","42047071","","0.5","would_delete_bom_row"
"21ad60e9-378c-41c1-8d1b-2523d0f6ac60","42062263","17973232","42047074","","28","would_delete_bom_row"
"e924bfbd-aa03-41d5-a2f3-67d1e990cf77","42062262","17973231","42047071","","0.5","would_delete_bom_row"
"ba9397d1-ed4f-4ca7-b40c-78f18f1256f9","42062262","17973231","42049883","","2.24","would_delete_bom_row"
"627372f2-9103-47ab-a775-d2f5424f98ae","42062262","17973231","42047074","","28","would_delete_bom_row"
"232974fc-a0f0-46ee-8b12-08dd819487f2","42062262","17973231","42049887","","2.4533","would_delete_bom_row"
"0a4536fa-b2bd-42be-8726-24321c813324","42062262","17973231","41147406","","4","would_delete_bom_row"
"c7a9c356-e236-4d1b-8665-e0f1793443f3","42062260","17973229","42047074","","28","would_delete_bom_row"
"c19da3a5-29e0-4a00-b49c-1459405546fe","42062260","17973229","42047071","","0.5","would_delete_bom_row"
"b9ae03ac-1c2b-439f-a1f3-059d366de51c","42062260","17973229","42049883","","2.24","would_delete_bom_row"
"2b0e35a5-584e-4989-92ff-fb6088924965","42062260","17973229","41147406","","4","would_delete_bom_row"
"02cd169e-454a-4e4d-8da2-45cdacaad3ab","42062260","17973229","42049887","","2.4533","would_delete_bom_row"
"f2d09dba-375a-4d71-a742-390eb0967a6d","42062261","17973230","42047074","","28","would_delete_bom_row"
"4e09123a-c585-43ed-80b0-7e926d267d70","42062261","17973230","42049887","","2.4533","would_delete_bom_row"
"3dd19eee-64f0-4615-9fbb-6e42448aec0b","42062261","17973230","41147406","","4","would_delete_bom_row"
"2e273083-8365-4df4-9d63-fc722d3de61e","42062261","17973230","42047071","","0.5","would_delete_bom_row"
"29e4a52a-ece6-456a-8c81-8482f608ecab","42062261","17973230","42049883","","2.24","would_delete_bom_row"
"eee79c0e-09f7-4b8b-a9e7-f1fceed971f0","42062259","17973228","42049887","","2.4533","would_delete_bom_row"
"dd841f0e-a26b-4a9a-bfe8-e00826676efa","42062259","17973228","42047074","","28","would_delete_bom_row"
"ad1de5e9-1005-4518-b13a-70067d63b359","42062259","17973228","42047071","","0.5","would_delete_bom_row"
"87661b44-a864-4b7e-991a-b78aa6a626c0","42062259","17973228","41147406","","4","would_delete_bom_row"
"bc9d6072-3145-4f2e-9fdd-a1616ea91d64","42062259","17973228","42049883","","2.24","would_delete_bom_row"
"cc7cfa3e-a5f4-4f57-837b-beffbee1293f","42062477","17973424","41147406","","4","would_delete_bom_row"
"c4925660-ad7a-435d-b193-a8a85b9980eb","42062477","17973424","42049883","","1.36","would_delete_bom_row"
"aa4233a1-a0f9-42f4-8e8f-a73a7fadac17","42062477","17973424","42047074","","17","would_delete_bom_row"
"82e75d80-fad0-41bc-baa2-7cec39ac6e16","42062477","17973424","42047071","","0.125","would_delete_bom_row"
"377c0d08-eb88-47a8-9e3a-fe07f9960c61","42062477","17973424","42049887","","1.4895","would_delete_bom_row"
"beb762be-229a-4039-8d3d-fd3e48cfffaf","42062258","17973227","42047074","","28","would_delete_bom_row"
"a5127e6d-525d-4a35-bd74-f3cf04436f5f","42062258","17973227","42049887","","2.4533","would_delete_bom_row"
"74e32c3a-98af-4cd4-a4ff-e8e9912430eb","42062258","17973227","41147406","","4","would_delete_bom_row"
"42a457c7-4600-4c46-b640-7aa917ddba2b","42062258","17973227","42049883","","2.24","would_delete_bom_row"
"22fecfbf-ef5d-4172-af7c-886caf5db5cc","42062258","17973227","42047071","","0.5","would_delete_bom_row"
"d9af004a-472e-4cd7-bd28-96a505bbb43b","42062483","17973430","41913014","","4","would_delete_bom_row"
"96e223b6-b60f-43bc-b9e3-5716471166fc","42062483","17973430","42049887","","5.6076","would_delete_bom_row"
"8f977b4f-6d5b-4cf1-8354-605192475bdf","42062483","17973430","41147406","","4","would_delete_bom_row"
"6542999b-1d0c-4c37-b8c0-08b9dbeebeee","42062483","17973430","42047073","","13","would_delete_bom_row"
"3ac43794-df8b-44a5-8154-a418c8fddd0a","42062483","17973430","23143136","","39","would_delete_bom_row"
"235529b7-5fbb-4fa0-bcd5-93d626fa4150","42062483","17973430","42047074","","51","would_delete_bom_row"
"05e4083a-24df-40e5-a9eb-fa38659e02a6","42062483","17973430","42049883","","5.12","would_delete_bom_row"
"fe6bf482-38b7-481d-a1f5-80482e268d90","42062481","17973428","41147406","","4","would_delete_bom_row"
"7627745f-9ed2-4250-8dd4-74611676cbb9","42062481","17973428","23143136","","34","would_delete_bom_row"
"748690da-05ed-4d90-a6d6-39220f34a82a","42062481","17973428","42047073","","10","would_delete_bom_row"
"6697a5bf-2879-48e9-bb39-5b2ed05bf92f","42062481","17973428","42047074","","47","would_delete_bom_row"
"dbffc3c0-4a6c-4f74-bc91-83499f1bd088","42062481","17973428","42049887","","4.9943","would_delete_bom_row"
"cda784f3-5cf0-451b-a5dd-7b914e15f964","42062481","17973428","41913014","","4","would_delete_bom_row"
"8472a2c3-90c4-4674-8e8d-d26aa8b0addb","42062481","17973428","42049883","","4.56","would_delete_bom_row"
"f8b37ef4-d069-4759-a6f7-6c87ea4eee28","42062479","17973426","42047074","","43","would_delete_bom_row"
"f82a1dbe-e7e0-431d-8368-932b1026d5a2","42062479","17973426","41913014","","4","would_delete_bom_row"
"c9689cff-6177-40cb-b54b-407bb28f237c","42062479","17973426","42049883","","4.08","would_delete_bom_row"
"c3e1b195-9fb4-4481-b5ef-2aa9a170aedb","42062479","17973426","41147406","","4","would_delete_bom_row"
"762fe753-b93f-48f6-89d0-0c11d761e77a","42062479","17973426","42047073","","8","would_delete_bom_row"
"2c52ccdb-fb32-4281-98ea-a6ae69eb30ec","42062479","17973426","23143136","","29","would_delete_bom_row"
"29ad818d-9f63-451d-a8da-0b1031f69007","42062479","17973426","42049887","","4.4686","would_delete_bom_row"
"a56379c5-bf94-44b8-ae5a-b34a04abd7c4","42061902","17972872","42047074","","19","would_delete_bom_row"
"6787b6d2-1a41-4aca-9321-e2537bd5c09e","42061902","17972872","23143136","","17","would_delete_bom_row"
"ee692c1f-8987-46d4-b1b5-70a70aa54eed","42061902","17972872","42049883","","1.52","would_delete_bom_row"
"caaa9e8c-3a30-4dd6-920c-0059637f263e","42061902","17972872","41147406","","4","would_delete_bom_row"
"935bab7b-409b-4b9e-b6b9-bdb57d86c0d6","42061902","17972872","42049887","","1.6648","would_delete_bom_row"
"45aca0f6-e691-48da-bdf9-60cafb3c7ffa","42061902","17972872","41913014","","4","would_delete_bom_row"
"fada3e05-d22d-4cfb-8193-baad4e8e52f0","42061900","17972870","41147406","","4","would_delete_bom_row"
"0e1c35d1-322e-46ef-a78d-3d5c35a2abeb","42061900","17972870","41913014","","4","would_delete_bom_row"
"f5ffa975-e5ce-41db-882d-a927fe204285","42061901","17972871","42049887","","1.4895","would_delete_bom_row"
"ea1a9010-6f74-430a-bc59-3b9469662480","42061901","17972871","42049883","","1.36","would_delete_bom_row"
"d34f0409-da08-46b5-ab20-29d666566302","42061901","17972871","41913014","","4","would_delete_bom_row"
"2120cace-c888-4684-9e2b-396c6211a937","42061901","17972871","23143136","","14","would_delete_bom_row"
"11d4263b-913f-4ff2-91c8-dd60eea2332a","42061901","17972871","41147406","","4","would_delete_bom_row"
"064b4a84-8f0c-4af2-b7c8-9e1dcbd59b70","42061901","17972871","42047074","","17","would_delete_bom_row"
"e2c599e5-4661-43e8-ab08-5bb3a9206389","42061899","17972869","41913014","","4","would_delete_bom_row"
"c11be304-890d-445f-a00c-2408bf1bea0a","42061899","17972869","23143136","","8","would_delete_bom_row"
"9d708082-311a-410d-97f2-1652e51c6809","42061899","17972869","42047074","","11","would_delete_bom_row"
"73fad025-495a-4874-a0fc-39880668a509","42061899","17972869","41147406","","4","would_delete_bom_row"
"2eef0037-450b-46fb-852c-1f3720f0030a","42061899","17972869","42049883","","0.88","would_delete_bom_row"
"11cd6cdd-2232-49db-a706-76a8e3665889","42061899","17972869","42049887","","0.9638","would_delete_bom_row"
"c2b17fbf-5498-43ec-8600-ba7c6cd3d071","42061897","17972867","23143136","","5.5","would_delete_bom_row"
"fcda9af0-35f5-48fc-b503-1931442859ad","42061897","17972867","42049883","","0.96","would_delete_bom_row"
"7ed17969-b4fd-4030-93f4-ebc187860795","42061897","17972867","42047074","","12","would_delete_bom_row"
"7dcccb5a-6add-4640-9c60-16fbc8dbe4a9","42061897","17972867","42049887","","1.0514","would_delete_bom_row"
"4287a277-96f2-4177-9c34-9b9c908146a3","42061897","17972867","41913014","","4","would_delete_bom_row"
"08bb0d47-01ef-4571-acee-2f1d9a124185","42061897","17972867","41147406","","4","would_delete_bom_row"
"e8583fe7-eca7-4784-8082-a934487bdf10","42061898","17972868","42049883","","1.12","would_delete_bom_row"
"83a4c5b9-7275-4d35-962a-d4f3ff4ebff3","42061898","17972868","23143136","","10","would_delete_bom_row"
"5f69ad04-bffd-4087-9bce-da1243261ddd","42061898","17972868","42049887","","1.2267","would_delete_bom_row"
"4b236520-5c65-42ce-895d-9291e49145f1","42061898","17972868","42047074","","14","would_delete_bom_row"
"31086891-42bd-40b5-a292-761cfa2d0e91","42061898","17972868","41147406","","4","would_delete_bom_row"
"159b295a-1d36-4b38-9d78-8aee507d0bae","42061898","17972868","41913014","","4","would_delete_bom_row"
"956aae1e-8892-40c6-aea2-42f104724d76","42062434","17973387","42047074","","35","would_delete_bom_row"
"9566b910-2e16-45ab-a9e9-a601133e1a21","42062434","17973387","42047073","","5","would_delete_bom_row"
"80c9f46b-c907-48e1-92c2-61948fdb9fe7","42062434","17973387","23143136","","19","would_delete_bom_row"
"6e19b2b9-aec7-447f-954b-74ede2d31ca2","42062434","17973387","41913014","","4","would_delete_bom_row"
"1f002c02-87f6-4130-9467-4277f72fcd4f","42062434","17973387","41147406","","4","would_delete_bom_row"
"d803e7fb-af57-4f42-adf5-4e13224923d8","42062434","17973387","42049887","","3.5048","would_delete_bom_row"
"907387ea-b582-4c0a-9c7f-bfb62353f4f2","42062434","17973387","42049883","","3.2","would_delete_bom_row"
"e13e4660-7dc2-424c-9550-2ab3dd35a6b4","42061894","17972864","41339591","","2","would_delete_bom_row"
"7231246e-114e-4359-b3fe-43a59a9ba161","42061894","17972864","42047074","","67","would_delete_bom_row"
"162bf11c-705e-426f-ba6b-287d476d87f9","42061894","17972864","42047073","","35","would_delete_bom_row"
"0a868d74-af05-4592-81a8-fb7d1de636d0","42061894","17972864","23143136","","37","would_delete_bom_row"
"ff7893cf-ea83-432a-a2cd-e5abf878185c","42061894","17972864","42049883","","8.16","would_delete_bom_row"
"f4e42022-3e82-480a-8e42-739bfbce721c","42061894","17972864","41913014","","2","would_delete_bom_row"
"e343240a-234f-40b5-8f54-9ebe7a109559","42061894","17972864","42049887","","8.9371","would_delete_bom_row"
"03b0a826-7e3d-4570-9491-eafeb725e22f","42061894","17972864","41147406","","4","would_delete_bom_row"
"fcd9618f-cdeb-4e44-9fe5-e84e8f5e9daf","42062424","17973377","42047073","","34","would_delete_bom_row"
"f5e1714d-b637-4102-83c9-9e1990611b4d","42062424","17973377","41913014","","2","would_delete_bom_row"
"f3a97d96-2779-453c-9711-93fa44350b14","42062424","17973377","41147406","","4","would_delete_bom_row"
"9ca33690-9b4c-4e0f-8452-9ff9c9fa0565","42062424","17973377","41339591","","2","would_delete_bom_row"
"45b85e33-6ee4-4bbf-8d3c-c272505d7c4d","42062424","17973377","23143136","","34","would_delete_bom_row"
"27ac0631-9d07-4464-b730-3dde5095b30a","42062424","17973377","42049883","","7.92","would_delete_bom_row"
"1f90dc51-b3b8-40f4-b2c8-0873b690b6e5","42062424","17973377","42047074","","65","would_delete_bom_row"
"0ce5f713-cdbf-4a40-9c42-c846d9875df4","42062424","17973377","42049887","","8.6743","would_delete_bom_row"
"bb21de64-e576-457d-8453-d099c5acd6c0","42062432","17973385","23143136","","24","would_delete_bom_row"
"5fb0f35e-5f5d-431d-9109-7dbd65ad994d","42062432","17973385","42047074","","39","would_delete_bom_row"
"a97496ea-7517-4332-8d20-63da58519fe2","42062432","17973385","42049883","","3.76","would_delete_bom_row"
"9b25c6c7-93aa-4d2c-9109-8772e1e317ea","42062432","17973385","42049887","","4.1181","would_delete_bom_row"
"8ee21bf5-8e9e-4ed5-910d-6f44a09a8512","42062432","17973385","41147406","","4","would_delete_bom_row"
"8c97617e-1cbf-44ec-8e9f-0f5f49435ee9","42062432","17973385","42047073","","8","would_delete_bom_row"
"8c68ace2-5c08-4eb8-bcb6-d55b06163289","42062432","17973385","41913014","","4","would_delete_bom_row"
"a24f89be-d1dc-4a02-88da-1c21cdba9f8c","42061891","17972861","42047071","","0.75","would_delete_bom_row"
"9b5b8aa7-edce-489b-acfc-5b184bf99ee3","42061891","17972861","42047074","","42","would_delete_bom_row"
"5ea5eb22-c74a-4cb0-a389-b38141c99aff","42061891","17972861","42049883","","3.36","would_delete_bom_row"
"367609e0-c9ac-46b6-b35d-0ed172553882","42061891","17972861","41147406","","4","would_delete_bom_row"
"05c1fe55-8707-47f1-b741-5fa292ab6aca","42061891","17972861","42049887","","3.68","would_delete_bom_row"
"f035bde7-9558-47cd-bc28-b3755690f4c4","42061892","17972862","41147406","","4","would_delete_bom_row"
"7ea34e72-e35e-4d0f-ae12-58d9e351dd81","42061892","17972862","42047071","","0.75","would_delete_bom_row"
"5e068093-1108-449f-9c7a-46960b494253","42061892","17972862","42049883","","3.76","would_delete_bom_row"
"269c24fb-c2a0-4be4-9e40-49d66dac3701","42061892","17972862","42047074","","47","would_delete_bom_row"
"184532a4-5e50-45d6-b134-b0affb777a68","42061892","17972862","42049887","","4.1181","would_delete_bom_row"
"cbb2bd93-00fe-4e39-80ae-77411c5c2ebe","42061890","17972860","42047071","","0.75","would_delete_bom_row"
"c27cf154-e605-4247-a572-75a1cde6c343","42061890","17972860","41147406","","4","would_delete_bom_row"
"ae647d3f-3a53-4db3-8c55-6cfdc15b4c41","42061890","17972860","42049883","","3.2","would_delete_bom_row"
"84a13e88-c114-46fc-861b-c97c750988e8","42061890","17972860","42049887","","3.5048","would_delete_bom_row"
"500452bf-5042-42ed-9c97-e716674ecd41","42061890","17972860","42047074","","40","would_delete_bom_row"
"facced19-c218-47f7-a518-c34f5d8ee439","42062407","17973362","42049883","","3.28","would_delete_bom_row"
"e1bcd193-e6f7-4dc4-8b05-fadd22f5b4f0","42062407","17973362","41147406","","4","would_delete_bom_row"
"8d6f1d30-2261-4cb9-b22a-865912f9f4e1","42062407","17973362","42047074","","41","would_delete_bom_row"
"6eeff1d9-e4ae-469a-a1cd-34545ee2a2dc","42062407","17973362","42047071","","0.5","would_delete_bom_row"
"1febb114-50c1-4589-aadb-ca27a677e35a","42062407","17973362","42049887","","3.5924","would_delete_bom_row"
"e31a65f7-a21c-4514-a33d-1af83c52fcc3","42061888","17972858","42047074","","37","would_delete_bom_row"
"d3edb211-c94b-4dd7-8222-46aad2ee630f","42061888","17972858","42049883","","2.96","would_delete_bom_row"
"abd3d622-73a1-495d-9da4-d394746d2c7c","42061888","17972858","42049887","","3.2419","would_delete_bom_row"
"3db3dde4-f3ff-4165-a93e-b0b321ea895c","42061888","17972858","41147406","","4","would_delete_bom_row"
"28e13dfa-1f7c-4724-b01f-05e4f91ee9ce","42061888","17972858","42047071","","0.5","would_delete_bom_row"
"b62dce03-6c75-41bc-8226-0c45f2d9ea0d","42061886","17972856","41147406","","4","would_delete_bom_row"
"a8fc2906-439e-4374-bb63-b4cc5504785a","42061886","17972856","42049883","","2.56","would_delete_bom_row"
"a3125891-99b2-4dff-aeef-e26ce4bda5fe","42061886","17972856","42047071","","0.25","would_delete_bom_row"
"a0b3ecc2-4848-4543-82f8-8a27f8a7df5d","42061886","17972856","42047074","","32","would_delete_bom_row"
"22484df3-38b1-4ac4-bc95-df713e0c46c9","42061886","17972856","42049887","","2.8038","would_delete_bom_row"
"914e477b-61e0-40fe-b91f-849fbc593e29","42061887","17972857","42049883","","2.8","would_delete_bom_row"
"90f836b1-0696-4af2-839c-6b70baf3a6cf","42061887","17972857","42047071","","0.5","would_delete_bom_row"
"84b965d9-796e-49cf-a2b0-64db795ed73f","42061887","17972857","41147406","","4","would_delete_bom_row"
"409a3934-e1ac-44cd-a298-9d6b41f36f78","42061887","17972857","42049887","","3.0667","would_delete_bom_row"
"2840d05a-4c85-45bc-b6f3-3208f1ac392c","42061887","17972857","42047074","","35","would_delete_bom_row"
"d8f81337-08ad-40a8-b388-b2f233e2d5ec","42061884","17972854","41147406","","4","would_delete_bom_row"
"bd4b33c9-82de-4e1a-80c6-f2df1ddfcec9","42061884","17972854","42047074","","27","would_delete_bom_row"
"1818cac2-4810-466b-84d3-968dc6c7ab8d","42061884","17972854","42047071","","0.5","would_delete_bom_row"
"e5872f33-a00d-445b-bea2-3d8016ffec46","42062404","17973359","42049887","","2.8038","would_delete_bom_row"
"e1c1ef6b-c479-42db-82fc-8399f8a0f1a8","42062404","17973359","42049883","","2.56","would_delete_bom_row"
"b3e14d23-aea0-4fd2-b8f0-f938db164af5","42062404","17973359","42047074","","32","would_delete_bom_row"
"a7e16eb6-8868-4281-9149-cb243a13f3e6","42061884","17972854","42049883","","2.16","would_delete_bom_row"
"59248418-3a4f-47ef-88b3-e7f8ca16e964","42061884","17972854","42049887","","2.3657","would_delete_bom_row"
"0dda92fa-9bd6-4d59-a413-d61098c741de","42062404","17973359","41147406","","4","would_delete_bom_row"
"0c1cd120-fb5a-4980-abb4-0c0810edf597","42062404","17973359","42047071","","0.5","would_delete_bom_row"
"dccef304-4255-4cb4-b2ab-867ea366c54c","42062418","17973373","23143136","","39","would_delete_bom_row"
"b17f876d-16f7-4146-8d94-55f32beed783","42062418","17973373","42047073","","13","would_delete_bom_row"
"a0a6a823-be0e-4f4a-85d6-7a782d5bc56b","42062418","17973373","42049887","","5.1695","would_delete_bom_row"
"990c0e98-e296-436a-889b-ea705d1c7f0b","42062418","17973373","41147406","","4","would_delete_bom_row"
"90ad4d55-7ed0-4e8e-9461-4329d0aabf5a","42062418","17973373","41913014","","4","would_delete_bom_row"
"4e8ae81a-60d4-44d7-8cf7-7701fa84080a","42062418","17973373","42049883","","4.72","would_delete_bom_row"
"3ed3e62a-b6d6-42ce-88a9-2c90ed6748bc","42062418","17973373","42047074","","46","would_delete_bom_row"
"ebdcd089-813a-4b5d-a1ec-3ce1e9b37cfa","42062402","17973357","42047074","","28","would_delete_bom_row"
"c5b89c68-7ae8-4958-9fa2-5edd3f38b7f7","42062402","17973357","42049887","","2.4533","would_delete_bom_row"
"c22d393d-cc2c-46c7-acf5-ebc3cb20671e","42062402","17973357","41147406","","4","would_delete_bom_row"
"487209bc-02bd-4582-a421-615aac21729f","42062402","17973357","42047071","","0.5","would_delete_bom_row"
"102fb6eb-f494-46cd-bd58-3ff13a86ac26","42062402","17973357","42049883","","2.24","would_delete_bom_row"
"e937764a-69fe-4b90-9185-e1fd81158ad4","42061881","17972852","42049887","","5.1695","would_delete_bom_row"
"cd930606-8dfc-41ad-bf86-f13193875367","42061881","17972852","42047074","","46","would_delete_bom_row"
"ca6ce3f5-677b-4591-855c-baac6a0501a4","42061881","17972852","42047073","","13","would_delete_bom_row"
"91757884-4ea7-4989-8b5a-77e98a624742","42061881","17972852","42049883","","4.72","would_delete_bom_row"
"67cb4e4e-1c44-4720-91a9-3f6eeb35b33c","42061881","17972852","41147406","","4","would_delete_bom_row"
"412b70cb-2f2d-416e-b77a-0044e4b3cb88","42061881","17972852","23143136","","39","would_delete_bom_row"
"39df49a5-0cff-4a29-bbcc-c481bf79537d","42061881","17972852","41913014","","4","would_delete_bom_row"
"eae7d486-08f9-4b47-aa85-76d4066ec713","42062416","17973371","42049883","","4.16","would_delete_bom_row"
"c48c7f1f-4306-4900-a247-8f2b0805a6b4","42062416","17973371","41147406","","4","would_delete_bom_row"
"bd0e7ff4-0c20-4268-8163-51f7f2e84691","42062416","17973371","41913014","","4","would_delete_bom_row"
"b501c846-360d-442a-b595-0b0b2e6cd4c6","42062416","17973371","23143136","","34","would_delete_bom_row"
"949254c9-36fa-47fb-88dc-a208fe1ef92d","42062416","17973371","42047073","","10","would_delete_bom_row"
"6a341f3e-c475-4f68-a6be-ca2bd6fc88f1","42062416","17973371","42049887","","4.5562","would_delete_bom_row"
"282f31b8-4e0e-4214-b477-6ab75abef72f","42062416","17973371","42047074","","42","would_delete_bom_row"
"6fea1207-e531-4c96-9d5a-6596254b02b4","42061879","17972851","23143136","","34","would_delete_bom_row"
"ffcb66e2-8697-4287-8fd1-facc603abaf5","42062414","17973369","23143136","","29","would_delete_bom_row"
"f3e2fed8-0fc6-44ad-a613-e2bd9f44d123","42061879","17972851","42047074","","42","would_delete_bom_row"
"e5accf91-6a26-424d-8a3d-7fd9f6ff4161","42061879","17972851","41913014","","4","would_delete_bom_row"
"ddad067b-0c18-4256-a5ad-01a15542e023","42061879","17972851","42049883","","4.16","would_delete_bom_row"
"447b3db3-955e-418d-8dfe-e4ace7d0ca03","42062414","17973369","42047074","","38","would_delete_bom_row"
"2932bad6-bff5-4c17-96ba-f1dde4b31278","42062414","17973369","42047073","","10","would_delete_bom_row"
"1b90c74c-22a0-49af-be03-f6d8ede1a865","42061879","17972851","42047073","","10","would_delete_bom_row"
"14ec3a87-358f-4d60-a438-de73ec082fc9","42061879","17972851","42049887","","4.5562","would_delete_bom_row"
"09bfead0-55b9-41f3-8b86-de3978cf7c10","42061879","17972851","41147406","","4","would_delete_bom_row"
"9ad48553-2f8b-4f12-baeb-6f70e93448ee","42062414","17973369","41147406","","4","would_delete_bom_row"
"5b12ead5-e7c4-48da-9e2c-82c15a215ce1","42062414","17973369","42049883","","3.84","would_delete_bom_row"
"25dcf2a8-526b-4cfe-a938-32f610c64023","42062414","17973369","41913014","","4","would_delete_bom_row"
"2441ef1d-6be5-43ef-9b30-844f8d004772","42062414","17973369","42049887","","4.2057","would_delete_bom_row"
"ee16a7e4-e7eb-4c28-8fce-7027eeea94fa","42061877","17972850","41147406","","4","would_delete_bom_row"
"d8b6f7b0-3ffa-40f8-818e-58cc6d6bca78","42061877","17972850","41913014","","4","would_delete_bom_row"
"d899b8be-b122-4424-8ebb-942718dc80ef","42061877","17972850","42047073","","10","would_delete_bom_row"
"7205c40d-df78-44a0-acab-940518352b5e","42061877","17972850","42049887","","4.2057","would_delete_bom_row"
"5a6b10d2-53b0-41c0-83e4-d82659389c73","42061877","17972850","42049883","","3.84","would_delete_bom_row"
"53851199-7715-4fba-b440-12bda8aa802b","42061877","17972850","42047074","","38","would_delete_bom_row"
"1f93587d-f5a7-4df3-8fae-bdfc9308626f","42061877","17972850","23143136","","29","would_delete_bom_row"
"ca31665a-2343-4659-bb2f-7fb0d1f9da82","42061876","17972849","42047073","","41","would_delete_bom_row"
"bc365af9-11e4-49ce-9e77-70065b35de41","42061876","17972849","42047074","","70","would_delete_bom_row"
"b95d3a57-b0dc-44c3-be90-2a1e5d675674","42061876","17972849","41147406","","4","would_delete_bom_row"
"98378588-6696-493e-8ad4-005f4b964593","42061876","17972849","42049887","","9.7257","would_delete_bom_row"
"915cc88f-5ec1-440f-9900-d48dfd90515a","42061876","17972849","41913014","","2","would_delete_bom_row"
"8f7b9c64-bb19-42a7-ac0d-e0039c223e4d","42061876","17972849","23143136","","40","would_delete_bom_row"
"4a4192b4-0f83-4acc-ad19-b99ff140f366","42061876","17972849","42049883","","8.88","would_delete_bom_row"
"439c44eb-7891-41cc-9c2c-0ddafba6f859","42061876","17972849","41339591","","2","would_delete_bom_row"
"f85a576f-56dc-4654-89c0-78f2fe9c7568","42062396","17973351","42049887","","4.9943","would_delete_bom_row"
"d2cb3cf0-3734-4b42-b3c7-d4a9a2195bda","42062396","17973351","42047074","","41","would_delete_bom_row"
"6e1f752c-37f6-40d3-9e67-91de91d2c9de","42062396","17973351","42047073","","16","would_delete_bom_row"
"62a75878-efc9-49c6-807b-4e010110b587","42062396","17973351","41913014","","4","would_delete_bom_row"
"33823dd2-b90c-4f20-9d92-2de1f0c41b4a","42062396","17973351","23143136","","40","would_delete_bom_row"
"04eaeb04-4f35-4fa2-b098-b7e73101ab9a","42062396","17973351","41147406","","4","would_delete_bom_row"
"ea064604-8e37-4ce5-8f5a-71c3f88b3083","42062396","17973351","42049883","","4.56","would_delete_bom_row"
"d9e60c35-88ca-4c01-9e27-52be1f8c1d18","42061875","17972848","42047073","","35","would_delete_bom_row"
"ce465317-7646-4b03-9742-196b066d8149","42061875","17972848","41147406","","4","would_delete_bom_row"
"be6e0bee-761d-4890-9d92-c810f530425a","42061875","17972848","42049887","","8.9371","would_delete_bom_row"
"89b27b24-164f-404d-a4ee-31c9782a6b37","42061875","17972848","42047074","","67","would_delete_bom_row"
"710f59d6-f86d-4cfb-81aa-7145af150a87","42061875","17972848","41339591","","2","would_delete_bom_row"
"4966cf9a-275b-45e1-840e-a40ed4be32e9","42061875","17972848","41913014","","2","would_delete_bom_row"
"4857d158-044d-477d-aa95-7b582d94c0fe","42061875","17972848","23143136","","37","would_delete_bom_row"
"2f7c1764-386b-4f99-b898-56685003f730","42061875","17972848","42049883","","8.16","would_delete_bom_row"
"f9c9d9aa-0eb5-42e7-821f-f9034eb15f17","42062394","17973349","23143136","","34","would_delete_bom_row"
"c7768d24-ff94-41e0-9a10-08c7a6a1ec6d","42062394","17973349","42049883","","4.12","would_delete_bom_row"
"c69958d7-a91a-451c-b38a-10eda3924669","42062394","17973349","42047073","","13","would_delete_bom_row"
"8e704cc6-ec1e-40f7-8046-4430ae466237","42062394","17973349","41147406","","4","would_delete_bom_row"
"685fe4b4-c7e3-4c75-aea5-9c2333219d1a","42062394","17973349","42047074","","38.5","would_delete_bom_row"
"3d2257e9-ae75-4b86-a55e-ac17472667bd","42062394","17973349","41913014","","4","would_delete_bom_row"
"0a7f106c-2ca4-4822-bbe5-892bfa419d75","42062394","17973349","42049887","","4.5124","would_delete_bom_row"
"ce801ac1-0a49-446a-bc29-2b9ccc18c3c2","42061871","17972846","23143136","","34","would_delete_bom_row"
"5593083c-ae18-4252-9f6e-468d5caac22c","42061871","17972846","42047074","","38.5","would_delete_bom_row"
"bfa6563a-5f86-425a-80e7-d54a7a4deee4","42061871","17972846","42049887","","4.5124","would_delete_bom_row"
"48e64bb4-7078-4dc6-bbd9-963cfa9c169f","42061871","17972846","41913014","","4","would_delete_bom_row"
"375ac066-4b8d-4d49-aa8d-a77d6f039ec3","42061871","17972846","42047073","","13","would_delete_bom_row"
"2a45b900-3546-4f87-aa71-3ad5b060335d","42061871","17972846","42049883","","4.12","would_delete_bom_row"
"067fd75b-ef39-472b-add9-4e449171e3a2","42061871","17972846","41147406","","4","would_delete_bom_row"
"d4dabffa-db33-4635-81bf-714a1dc0c4fd","42062392","17973347","41913014","","4","would_delete_bom_row"
"89b697bb-31ad-4d01-bf25-57393c438d2d","42062392","17973347","42047073","","13","would_delete_bom_row"
"57bec651-79a0-4a4f-a7d1-fd2ddc7ee81e","42062392","17973347","23143136","","34","would_delete_bom_row"
"39da8342-2d5e-4e11-9e7b-6e13934b6cb4","42062392","17973347","42049883","","4.08","would_delete_bom_row"
"3609f61d-77b5-46cf-8f27-be790ec7e34b","42062392","17973347","42047074","","38","would_delete_bom_row"
"0d1d7fd5-2bf4-4e5d-9abc-cb6dec6c1855","42062392","17973347","41147406","","4","would_delete_bom_row"
"0a3744b0-434e-4413-a40c-2e57dedd5144","42062392","17973347","42049887","","4.4686","would_delete_bom_row"
"db1dfd5b-b9f1-4419-a195-1af3579aab63","42061873","17972847","42047073","","16","would_delete_bom_row"
"b47f7db7-d65f-42d2-a10e-5592724b5137","42061873","17972847","41147406","","4","would_delete_bom_row"
"80d7376a-7c39-437d-b6af-b965b51c6ec6","42061873","17972847","42047074","","41","would_delete_bom_row"
"1d4d2fce-22de-4677-800c-fff3980edc6d","42061873","17972847","23143136","","40","would_delete_bom_row"
"f0d96580-bc5f-451a-8ec6-0d41b026181b","42061873","17972847","42049883","","4.56","would_delete_bom_row"
"a56e269b-c294-4770-8a20-003e36941705","42061873","17972847","42049887","","4.9943","would_delete_bom_row"
"2e4946e3-6d22-41c0-a2a7-83991f5a5dad","42061873","17972847","41913014","","4","would_delete_bom_row"
"e1f8c4dd-aac1-4a98-869d-5fb20d8b192a","42061866","17972843","41913014","","48","would_delete_bom_row"
"c5a5cd6d-e16a-4470-850e-af566ca7e8da","42061866","17972843","41147406","","4","would_delete_bom_row"
"3a1f19d4-ec5b-4296-bbf4-7a75db8d54d8","42061866","17972843","42047073","","13","would_delete_bom_row"
"3176f4df-4383-48bc-a0da-adf0dab056a7","42061866","17972843","23143136","","39","would_delete_bom_row"
"03c430ca-8b84-4279-a9fb-9b5966a7350b","42061866","17972843","42049887","","1.139","would_delete_bom_row"
"cb385e1a-f8b5-4302-9d96-0488bd630027","42061866","17972843","42049883","","1.04","would_delete_bom_row"
"b7d8a3cd-6da1-47b5-85c3-4d6c53c4711a","42061869","17972845","41913014","","4","would_delete_bom_row"
"8a1e5b0b-4732-4fd1-b9bc-5f79b575261a","42061869","17972845","42049887","","4.4686","would_delete_bom_row"
"8735bdc2-bc75-4e66-81cc-1ec0bdd15ee9","42061869","17972845","42049883","","4.08","would_delete_bom_row"
"7e6563aa-95b0-4ff2-828a-0b5e514f0e0c","42061869","17972845","42047074","","38","would_delete_bom_row"
"752dd436-a0a2-48f1-b4db-454c0b7efb29","42061869","17972845","23143136","","34","would_delete_bom_row"
"42d9803e-cbba-404c-80a8-05fe3803a016","42061869","17972845","41147406","","4","would_delete_bom_row"
"237cb065-df9a-4c05-a049-03696ed0196a","42061869","17972845","42047073","","13","would_delete_bom_row"
"ed51690a-bfec-4fb8-8278-9af45a38e167","42062390","17973345","42049887","","4.0305","would_delete_bom_row"
"a5ad116a-a474-441a-ab39-e22b272e9bc7","42062390","17973345","42047074","","36","would_delete_bom_row"
"7d26d024-58ef-4b2d-a53f-0fd64a6e953f","42062390","17973345","23143136","","28.5","would_delete_bom_row"
"3fe4dd76-5885-44c7-ad00-11ff26f471d0","42062390","17973345","41147406","","4","would_delete_bom_row"
"257414db-142c-4660-adf0-669ebe7bf649","42062390","17973345","41913014","","4","would_delete_bom_row"
"1bdf7b56-2566-4f38-902b-bf8bcbab278f","42062390","17973345","42047073","","10","would_delete_bom_row"
"133a28d7-32a2-4522-828c-1148e798dbfa","42062390","17973345","42049883","","3.68","would_delete_bom_row"
"f4762ee4-85b0-491b-b00c-311d329072c9","42061867","17972844","41913014","","4","would_delete_bom_row"
"df94175a-756f-4174-bbf2-531b2ab87c9b","42061867","17972844","42049883","","3.68","would_delete_bom_row"
"b92136bb-da96-4713-a904-6d45ae8b776f","42061867","17972844","41147406","","4","would_delete_bom_row"
"b3634900-cf2e-406c-89ff-3105f1f88ad8","42061867","17972844","42049887","","4.0305","would_delete_bom_row"
"567e5ebb-1bd8-481e-b947-64ee847f647a","42061867","17972844","42047074","","36","would_delete_bom_row"
"16d51cfa-e53f-4e2e-88f9-d3b590ac6ef6","42061867","17972844","23143136","","28.5","would_delete_bom_row"
"0bb253ca-f077-4622-8cb8-8d0f8acd2b6b","42061867","17972844","42047073","","10","would_delete_bom_row"
"7e6d613b-3a8d-4c05-9442-3cd574997f0f","42061864","17972841","42047074","","36","would_delete_bom_row"
"61798c43-47d4-44cf-ad95-82002f584215","42061864","17972841","23143136","","29","would_delete_bom_row"
"e09ac8a8-0ef9-483a-95fb-fadaf77e858c","42061864","17972841","42049887","","4.0305","would_delete_bom_row"
"d2effa1f-14a6-40f9-bb81-62f6a10e36c9","42061864","17972841","42047073","","10","would_delete_bom_row"
"b6bf4035-85e2-4fc0-ba67-79880498cba7","42061864","17972841","41913014","","4","would_delete_bom_row"
"387acf08-0327-4c2e-ad10-4beaf26f90f9","42061864","17972841","42049883","","3.68","would_delete_bom_row"
"1277cc4d-618d-4429-93fb-46030baab199","42061864","17972841","41147406","","4","would_delete_bom_row"
"a7c648b2-b915-4942-95a5-1fd174f4501b","42061865","17972842","42049887","","4.381","would_delete_bom_row"
"9c9f72d2-32d2-4db1-9c30-cdfcf4eb1706","42061865","17972842","42047074","","40","would_delete_bom_row"
"6c2057e3-5acc-44ce-8f85-e75c32297ce7","42061865","17972842","41913014","","4","would_delete_bom_row"
"52e5f99d-6da2-425f-8f71-ea921ac79d7e","42061865","17972842","42047073","","10","would_delete_bom_row"
"3b2dc25f-901e-4228-9c7a-a029732ab306","42061865","17972842","23143136","","34","would_delete_bom_row"
"12d86749-3298-4bbe-ba97-6dbdd314d37f","42061865","17972842","41147406","","4","would_delete_bom_row"
"7124dd04-81d1-4a5b-a467-bdce894d0def","42061865","17972842","42049883","","4","would_delete_bom_row"
"82273197-9cb4-4ef1-bed7-b43cd8550cec","42062378","17973333","41913014","","4","would_delete_bom_row"
"58352fe7-eb89-470a-b961-28d225a82904","42062378","17973333","42047074","","32","would_delete_bom_row"
"16dd6153-8128-4a7a-ad51-620a5a29018d","42062378","17973333","42047073","","8","would_delete_bom_row"
"05b0f790-074a-4918-9c09-caf5457ee5e4","42062378","17973333","41147406","","4","would_delete_bom_row"
"012a39e4-ed7b-4750-8652-fc4fb09e7afd","42062378","17973333","23143136","","24","would_delete_bom_row"
"af37624e-ba98-4189-9ba3-e6609ad55291","42062378","17973333","42049883","","3.2","would_delete_bom_row"
"64ac8506-4264-44d9-81b4-db16b207f958","42062378","17973333","42049887","","3.5048","would_delete_bom_row"
"f8f7a735-3d08-4a88-8ae9-7b03083262f7","42047072","17967246","42047073","","8.553492","would_delete_bom_row"
"8964aaee-318d-4a10-9e51-1f241c9ee0b2","42047072","17967246","42047074","","54.626400000000004","would_delete_bom_row"
"24d38f2b-20df-4f4f-a8a8-99bcd8cc938b","42047072","17967246","42047075","","4.3333","would_delete_bom_row"
"e37ff329-d232-476d-b753-3de40cca4613","41078740","17430589","41147427","","2","would_delete_bom_row"
"afb21394-1cfd-4411-b079-b3fb682e4927","41078740","17430589","23143123","","70","would_delete_bom_row"
"9d8d6b74-fa31-49dc-ad61-0e15a7e95513","41078740","17430589","23143509","","41","would_delete_bom_row"
"90117636-1eeb-4cad-913c-b940b4ee2c99","41078740","17430589","41147406","","4","would_delete_bom_row"
"78c6a95a-434a-4aa5-ac56-0eb0ebe2f1ad","41078740","17430589","41339591","","2","would_delete_bom_row"
"4ac0b669-241b-4143-a18c-ff8cb0b11951","41078740","17430589","23143136","","40","would_delete_bom_row"
"f5a3920f-4e68-4f74-8fdb-629d6f1155e5","41892985","17904556","23143214","","2","would_delete_bom_row"
"38c550aa-86a7-460a-aed6-5e6bdddb58cc","41892985","17904556","23143136","","37","would_delete_bom_row"
"69a0e77f-fd16-49a9-add3-6b186d8e1787","41892985","17904556","23143128","","27.5","would_delete_bom_row"
"4c64207e-b892-4bbf-a775-b8e92552fba2","41892985","17904556","23143123","","51.5","would_delete_bom_row"
"d9abd9cc-f7fa-407a-be8e-ea20346dc09a","41892979","17904552","23178511","","205.89","would_delete_bom_row"
"b9d27ba0-ca4b-41ed-82d3-eb5e8dd9cbc2","41892979","17904552","23178514","","5.5","would_delete_bom_row"
"bdd03d3f-eebd-4494-816d-bfa09420c6bb","41365899","17606847","41147406","","4","would_delete_bom_row"
"3ba7809e-4c89-4ff5-8668-4fe4f02f6a5b","41365899","17606847","23178678","","0.75","would_delete_bom_row"
"9ffaeedb-4b74-4d68-a4f5-284fc2194de6","41365155","17606324","23143123","","27","would_delete_bom_row"
"34b136cd-e96f-4d0d-8660-5d2ce42ef852","41365155","17606324","23178678","","0.5","would_delete_bom_row"
"8a964bb2-47b5-4d05-a753-8f07900b6c3c","41365155","17606324","41147406","","4","would_delete_bom_row"
"26bb8508-0edf-48db-805a-defd9ae02148","41080913","17432228","23143123","","41","would_delete_bom_row"
"01bb832d-8475-4eca-be25-51a1d75b0cc9","41080905","17432226","23143123","","42","would_delete_bom_row"
"f1ebcffd-5702-442e-9622-d10f8f42022b","41080905","17432226","23178678","","0.75","would_delete_bom_row"
"fb0efe71-fa0d-4bda-bffc-4af3bb3f1022","41080905","17432226","41147406","","4","would_delete_bom_row"
"0cca5e46-8c4f-45f0-9f7d-7a7801fa6cef","41080926","17432234","23178678","","0.75","would_delete_bom_row"
"fea495a4-1420-4d1e-a385-8693f1071062","41080926","17432234","23143123","","47","would_delete_bom_row"
"79a1f7ce-557c-4fa3-a571-25fa13db6831","41080926","17432234","41147406","","4","would_delete_bom_row"
"a392a8d1-574b-4f89-b45d-2f644ed626bc","41080933","17432236","23143123","","17","would_delete_bom_row"
"84c8d4ea-13c3-42d1-8350-4a6ff80fa5d3","41080933","17432236","23178678","","0.125","would_delete_bom_row"
"741aebb2-a799-4517-a48a-3c45b64cc241","41080933","17432236","41147406","","4","would_delete_bom_row"
"c1ac71e6-050b-4260-9cc6-8c50557d584b","41080913","17432228","23178678","","0.5","would_delete_bom_row"
"dc8cbcdc-9360-42af-998f-4e8265d6da70","41080913","17432228","41147406","","4","would_delete_bom_row"
"c703f5b7-eaa9-4101-9007-4bae86bbf7a6","41080898","17432224","23143123","","37","would_delete_bom_row"
"fbed945c-53e7-451a-b3ef-f5cb7f344885","41080898","17432224","41147406","","4","would_delete_bom_row"
"f9848309-f212-4308-b72d-d785977f2510","41080898","17432224","23178678","","0.5","would_delete_bom_row"
"e80b5019-2503-4d24-b343-76a98b6ad863","41080409","17431740","23143123","","32","would_delete_bom_row"
"7e492abd-5907-469d-a733-d47846512452","41080409","17431740","23178678","","0.5","would_delete_bom_row"
"a04ef29e-c41e-4c35-837e-626e55c59cd6","41080409","17431740","41147406","","4","would_delete_bom_row"
"f61164ff-cfdf-4f4d-b2e3-b4fd33ec5a08","41080397","17431737","23143123","","32","would_delete_bom_row"
"bcea31f2-e365-4ae6-bd82-57bc3c47f4d5","41080397","17431737","23178678","","0.25","would_delete_bom_row"
"7bb7bf41-cbbc-4af9-88e7-2d7c4d70e045","41080397","17431737","41147406","","4","would_delete_bom_row"
"240bdeb2-a95c-4b60-8809-c51c7267f1ed","41080388","17431733","23178678","","0.75","would_delete_bom_row"
"66bdf58f-1d6e-452f-9d74-5f23f5e979a7","41080388","17431733","41147406","","4","would_delete_bom_row"
"5cb6b907-5582-4a86-ad3d-14cf21c38a20","41080388","17431733","23143123","","40","would_delete_bom_row"
"4427a419-e88b-4613-977b-97fdd11941a6","41080378","17431730","23143123","","35","would_delete_bom_row"
"0771e61f-aa0d-4cfb-a224-d39e3c16c2c9","41080378","17431730","23178678","","0.5","would_delete_bom_row"
"f665b388-0394-4e65-9311-342f7efae8ae","41080378","17431730","41147406","","4","would_delete_bom_row"
"83ea7a67-3232-4299-bfe5-669bf6d51e40","41080371","17431729","23143123","","28","would_delete_bom_row"
"690d372e-440d-4bee-bb77-5fa4dc41c7cb","41080371","17431729","23178678","","0.5","would_delete_bom_row"
"73c7694b-d60e-4d3d-a043-979d9bf12ba2","41080371","17431729","41147406","","4","would_delete_bom_row"
"d7b731af-8999-425b-9d64-8563ecd3c600","23143107","10592475","41147406","","4","would_delete_bom_row"
"b637214c-0a13-4318-9836-e6c79fcde171","23143106","10592474","41147406","","4","would_delete_bom_row"
"b25b78c5-318a-4adf-a5c5-3f910aa73e45","23143105","10592473","41147406","","4","would_delete_bom_row"
"b6cdf7b0-86f8-48f4-99fd-4319d4641569","23143104","10592472","41147406","","4","would_delete_bom_row"
"4b263250-a7de-437e-af20-b20dbfcc7b48","23143103","10592471","41147406","","4","would_delete_bom_row"
"4059ad63-d825-4220-a9a9-613665f79356","23143102","10592470","41147406","","4","would_delete_bom_row"
"4168ea3f-0c3b-4d08-91d3-767481fe9c14","23143101","10592469","41147406","","4","would_delete_bom_row"
"db50d0e9-417e-4196-b96d-15b2da5abfaa","23143100","10592468","41147406","","4","would_delete_bom_row"
"83461317-dfda-4895-834a-1817e716c9e7","23143099","10592467","41147406","","4","would_delete_bom_row"
"35b122fd-f715-49a4-973a-4f1968384abd","23143098","10592466","41147406","","4","would_delete_bom_row"
"b785010c-8abf-484a-8463-ed3446a66d92","23143091","10592459","41147406","","4","would_delete_bom_row"
"9d5a46ef-df53-4cc7-9538-8bc7bb919d40","23143090","10592458","41147406","","4","would_delete_bom_row"
"20122abe-cb5c-4876-8817-8832d8459ac1","23143089","10592457","41147406","","4","would_delete_bom_row"
"af0bfe6d-5d18-4aa0-806c-10431930f119","23143088","10592456","41147406","","4","would_delete_bom_row"
"e5ab19a3-25eb-4199-855e-70427b9d28fd","23143087","10592455","41147406","","4","would_delete_bom_row"
"7ce6bf36-3b92-457d-a7bf-71aab1aac893","23143086","10592454","41147406","","4","would_delete_bom_row"
"791ac1a9-3525-4605-a440-387dc1ceda54","41079746","17431266","41147427","","4","would_delete_bom_row"
"a3d6c1d1-2767-4345-8816-3a943c288d9e","41079746","17431266","41147406","","4","would_delete_bom_row"
"069bb7d3-9632-4b77-a81a-ad978e500e11","41079725","17431259","23143123","","14","would_delete_bom_row"
"ad16a44c-196b-4f42-920a-c923feae3db0","41079725","17431259","23143136","","10","would_delete_bom_row"
"caeef01d-23b4-4bf9-83a3-e76a9247641b","41079725","17431259","41147427","","4","would_delete_bom_row"
"8230a702-865c-4958-a9c4-da4a12cc7fda","41079725","17431259","41147406","","4","would_delete_bom_row"
"b95fd667-0a52-41d0-a6e9-8aed9a039500","41079038","17430694","23143123","","19","would_delete_bom_row"
"90dd4d8c-82fe-4644-a3ef-665078c6a788","41079038","17430694","23143136","","17","would_delete_bom_row"
"fd2a1206-4110-427b-bb1b-5717ab80b5a5","41079038","17430694","41147427","","4","would_delete_bom_row"
"f3b3f2d0-2a33-4d5b-88e1-95ea6afb2ce1","41079038","17430694","41147406","","4","would_delete_bom_row"
"bea6cf47-621a-411d-88ab-fd41e9c245f8","41079000","17430683","23143123","","17","would_delete_bom_row"
"92c0b414-e8ce-4fab-b584-86ad3012ef9c","41079000","17430683","23143136","","14","would_delete_bom_row"
"4d6cc0fe-b6b4-435c-aaa4-700c5179e751","41079000","17430683","41147427","","4","would_delete_bom_row"
"9e1acd68-2bcf-4b40-a611-676e3ee37e36","41079000","17430683","41147406","","4","would_delete_bom_row"
"89689189-e76b-4de3-8571-470129abda15","41078980","17430676","23143123","","11","would_delete_bom_row"
"f36c9cbf-37a1-4028-a8e4-6637d576987a","41078980","17430676","23143136","","8","would_delete_bom_row"
"cf07d458-ff9f-405b-b486-ea53310703e8","41078980","17430676","41147427","","4","would_delete_bom_row"
"0b3dab9d-2099-4221-adae-169a0c376d12","41078980","17430676","41147406","","4","would_delete_bom_row"
"40d0ac37-f9a5-4022-b542-7327034d7ce5","41078813","17430614","41147406","","4","would_delete_bom_row"
"1660f7c6-0039-4cfb-9a10-8657d3898733","41078813","17430614","41147427","","4","would_delete_bom_row"
"07c45052-7b87-4f7b-9f0f-10e9145f30a8","41078813","17430614","23143136","","5.5","would_delete_bom_row"
"883f429a-ef89-4caf-900c-f00cc7c13e6b","41078813","17430614","23143123","","12","would_delete_bom_row"
"c0af06fb-2e95-4158-95b1-a464e69fc112","41070030","17426885","41339591","","2","would_delete_bom_row"
"a395410d-7f5b-49fc-b66c-ed1444625d6b","41070030","17426885","41147427","","2","would_delete_bom_row"
"1eec4145-fb0b-4bf2-9aa2-0a9001d9a669","41070030","17426885","41147406","","4","would_delete_bom_row"
"68704fa0-63a4-4cc2-84bb-449390f14d2c","41070030","17426885","23143136","","37","would_delete_bom_row"
"c2278916-8a7f-435a-b3bd-5f13d13f8c54","41070030","17426885","23143509","","35","would_delete_bom_row"
"bf741251-4f20-477c-bf34-4a0ada72e205","41070030","17426885","23143123","","67","would_delete_bom_row"
"b4015bcd-d2c8-478a-baaa-2ff14b5dc01e","41078749","17430591","41339591","","2","would_delete_bom_row"
"8d01dcb1-4886-41f5-b40f-d069148b490f","41078749","17430591","41147406","","4","would_delete_bom_row"
"3b0f7ec5-aea6-46a4-9e67-679bdf420269","41078749","17430591","41147427","","2","would_delete_bom_row"
"6b88de73-8111-4eb9-8e1e-87087bd26497","41078749","17430591","23143136","","37","would_delete_bom_row"
"23a6af93-beb8-409b-8351-814b0a79e658","41078749","17430591","23143509","","35","would_delete_bom_row"
"7aab0a9b-7952-4de3-a49e-9d738118eb42","41078749","17430591","23143123","","67","would_delete_bom_row"
"cfff6a52-5ab0-4519-ba25-19273cbe5e4a","41070021","17426881","41339591","","2","would_delete_bom_row"
"ca8aa74b-560b-46e2-b9c3-e8f045800319","41070021","17426881","41147427","","2","would_delete_bom_row"
"60ed2e34-be25-4223-95b6-2950006a6604","41070021","17426881","41147406","","4","would_delete_bom_row"
"a1757af5-36e4-4074-b0c0-9293d62ebb48","41070021","17426881","23143136","","34","would_delete_bom_row"
"c7dc9354-7fb5-4351-a74e-e887348ca1ac","41070021","17426881","23143509","","34","would_delete_bom_row"
"b60e4235-ddc5-435d-93af-237c3fc3fea7","41070021","17426881","23143123","","65","would_delete_bom_row"
"2ac78741-bdec-485a-ae54-a32dcc1ddc29","41069412","17426624","41147427","","4","would_delete_bom_row"
"c298f2fe-f4e4-4bb8-b5be-49f9abeadb8e","41069412","17426624","41147406","","4","would_delete_bom_row"
"4eab02f4-045f-45bd-9e20-5b0ca34fab4a","41069412","17426624","23143136","","40","would_delete_bom_row"
"8c635b5d-b0ee-4b3a-896b-b0e9b787ddc2","41069412","17426624","23143509","","16","would_delete_bom_row"
"424488d6-ddaa-4a3b-8e00-bffb5ccb8a89","41069412","17426624","23143123","","41","would_delete_bom_row"
"5e686356-7426-44b5-8983-7182dbf0626e","41069369","17426596","41147427","","4","would_delete_bom_row"
"0f554b57-405e-4be8-9275-4eb49fc33f9d","41069369","17426596","41147406","","4","would_delete_bom_row"
"bd67e132-0b73-4562-8429-929249792202","41069369","17426596","23143136","","34","would_delete_bom_row"
"c215250e-1dad-4036-9d98-dcc685463579","41069369","17426596","23143509","","13","would_delete_bom_row"
"37a8c23a-5999-4a1c-b493-0ff37f3552e8","41069369","17426596","23143123","","38","would_delete_bom_row"
"db9e02ef-36b8-48cb-9845-9221d2169fe9","41069263","17426506","23143136","","34","would_delete_bom_row"
"0047f965-9913-4250-9789-d8e8a003efee","41069263","17426506","41147427","","4","would_delete_bom_row"
"0f91af96-5472-4e9e-8c50-50cf3220f27c","41069263","17426506","41147406","","4","would_delete_bom_row"
"42bfd1b4-f7e7-40e8-b0ee-824868504e03","41069263","17426506","23143509","","13","would_delete_bom_row"
"d12e4a3d-d168-497e-b619-4c481f959471","41069263","17426506","23143123","","38.5","would_delete_bom_row"
"8b90e582-bdc2-4900-b424-84523b262a59","41069219","17426495","41147427","","4","would_delete_bom_row"
"d5c63c7e-0cf8-426b-a78a-f58582e96e9d","41069219","17426495","41147406","","4","would_delete_bom_row"
"5562f572-a6c5-41cf-93c0-9359504728d6","41069219","17426495","23143136","","28.5","would_delete_bom_row"
"42c477b7-2123-4410-b498-97ad78c7e5bc","41069219","17426495","23143509","","10","would_delete_bom_row"
"dd70d320-d202-41ee-a14a-ab15adff63de","41069219","17426495","23143123","","36","would_delete_bom_row"
"ed79ecb4-a1b1-4cf5-a796-3dcb925db131","41069196","17426488","41147427","","4","would_delete_bom_row"
"39e74cc7-dbdd-4234-a46a-24c23382b49c","41069196","17426488","41147406","","4","would_delete_bom_row"
"0ca418a2-4278-4d32-96c6-f952d17ef42e","41069196","17426488","23143136","","39","would_delete_bom_row"
"a68bb647-55f7-406b-8761-b5c69d2c1cc7","41069196","17426488","23143509","","13","would_delete_bom_row"
"6d216694-31ba-4096-99ba-7a3a83740ed5","41069196","17426488","23143123","","46","would_delete_bom_row"
"b245c7f0-65c0-4b57-aca2-2b10b3bdac34","41069179","17426483","41147427","","4","would_delete_bom_row"
"916881f1-89e5-44c6-8ebd-4c669bf0cf1a","41069179","17426483","41147406","","4","would_delete_bom_row"
"6ba8a917-3555-408f-b079-84e8556dd5bb","41069179","17426483","23143136","","34","would_delete_bom_row"
"5e83d9e0-3d2d-4545-bcd6-8a6752a6be6e","41069179","17426483","23143509","","10","would_delete_bom_row"
"c1bb30df-f10e-4a17-9bb1-17f2c73500be","41069179","17426483","23143123","","42","would_delete_bom_row"
"8a116f5b-b402-4f3a-8fd1-0e55c297c624","41069154","17426474","41147427","","4","would_delete_bom_row"
"2f03dcf6-b50b-47df-904b-fc76aa9a5046","41069154","17426474","41147406","","4","would_delete_bom_row"
"a36afa05-f281-4ab4-8297-6fa073cc5fb2","41069154","17426474","23143136","","29","would_delete_bom_row"
"729031ca-83b8-4510-924c-17c10c0561e1","41069154","17426474","23143509","","10","would_delete_bom_row"
"36eef673-af58-461d-a679-f51cdc4148e3","41069154","17426474","23143123","","38","would_delete_bom_row"
"35015688-750c-43ea-aec4-23882fd5d25b","41069115","17426458","41147427","","4","would_delete_bom_row"
"d200b968-91f4-42fb-8993-d208dd356d72","41069115","17426458","41147406","","4","would_delete_bom_row"
"47ce6b42-a358-4185-98bb-b5104f0f6714","41069115","17426458","23143136","","39","would_delete_bom_row"
"0b8ae197-c64a-4563-a02d-eb6ba7762b78","41069115","17426458","23143509","","13","would_delete_bom_row"
"d0fd318d-583c-444c-8697-fb294a817943","41069115","17426458","41147427","","44","would_delete_bom_row"
"a3f8d09b-3cb1-465d-9f59-638eb41700d2","41069106","17426454","41147427","","4","would_delete_bom_row"
"6b2d5d30-984d-4b11-acce-dec3a68c071d","41069106","17426454","41147406","","4","would_delete_bom_row"
"da541379-4b7d-4ba4-aba4-1a355529798d","41069106","17426454","23143136","","34","would_delete_bom_row"
"a9de88f7-3541-41db-807e-e2d248512677","41069106","17426454","23143509","","10","would_delete_bom_row"
"1c76a235-ea4c-41c4-8192-7758bb7802b2","41069106","17426454","23143123","","40","would_delete_bom_row"
"16d4f103-a2e8-4699-a4b8-c6851b3d547b","41069099","17426452","41147427","","4","would_delete_bom_row"
"3afba263-1fd3-4910-85d6-097df2d899d1","41069099","17426452","41147406","","4","would_delete_bom_row"
"3ebef415-852a-4cc8-b214-3deed35c9589","41069099","17426452","23143136","","29","would_delete_bom_row"
"32fac5bb-7602-4b7b-9e1a-bd0805166e94","41069099","17426452","23143509","","10","would_delete_bom_row"
"2960ef34-9ffd-4061-88ce-50caa6193434","41069099","17426452","23143123","","36","would_delete_bom_row"
"4f20df31-adc2-4778-a568-9d0589ac381e","41069091","17426449","41147427","","4","would_delete_bom_row"
"2a4d746e-7a0e-4a58-b93c-b53318e1af9a","41069091","17426449","41147406","","4","would_delete_bom_row"
"ad7b7070-5fcb-4ea0-8fa5-bdcbdb3ecc62","41069091","17426449","23143136","","24","would_delete_bom_row"
"a4e835c3-f1db-4ba0-9154-aaa07a6fcb33","41069091","17426449","23143509","","8","would_delete_bom_row"
"426a07d0-63d3-4b20-a093-e7fca66524f1","41069056","17426436","41147427","","4","would_delete_bom_row"
"81b3d594-815b-4da3-8297-9f6cca893fe0","41069056","17426436","41147406","","4","would_delete_bom_row"
"9219798e-7eba-40bd-a112-f2cc487a8901","41069056","17426436","23143136","","39","would_delete_bom_row"
"434eff69-b84e-4211-a9cc-8b41182cd163","41069056","17426436","23143509","","13","would_delete_bom_row"
"93a8a0df-c40b-4960-a4b8-bb5737470cd7","41069056","17426436","23143123","","51","would_delete_bom_row"
"2daeb9a7-5c73-48f8-a7b9-2f62a9197183","41069039","17426427","41147427","","4","would_delete_bom_row"
"077d2d58-5465-49b4-8db2-f36d764c1fab","41069039","17426427","41147406","","4","would_delete_bom_row"
"1b996ffb-cf03-46b9-91b5-9d490a81e537","41069039","17426427","23143136","","34","would_delete_bom_row"
"de61ff42-6fed-4918-bd31-ec58de65eec9","41069039","17426427","23143509","","10","would_delete_bom_row"
"94adf222-7928-442e-849e-ec604177b222","41069039","17426427","23143123","","47","would_delete_bom_row"
"da3c909c-aef2-4a03-9b8c-e71acb2a1d00","41069022","17426425","41147427","","4","would_delete_bom_row"
"a4d6953e-13f4-41ad-b896-6abff455860a","41069022","17426425","41147406","","4","would_delete_bom_row"
"7d01c81e-b4c2-479c-b8d1-804c6aa716b3","41069022","17426425","23143136","","29","would_delete_bom_row"
"f1c7c338-e3d4-47f1-aedd-088a0f5a314b","41069022","17426425","23143509","","8","would_delete_bom_row"
"772c8d02-9707-442a-9015-69efd716cda1","41069022","17426425","23143123","","43","would_delete_bom_row"
"4cb4d577-60fe-4069-8251-a0e63ac741be","41068965","17426405","41147427","","4","would_delete_bom_row"
"af0953cf-56b8-43fc-973d-7c271522b3df","41068965","17426405","41147406","","4","would_delete_bom_row"
"248f2057-9a55-455c-ae3f-1c1f8806c8d1","41068965","17426405","23143136","","24","would_delete_bom_row"
"f46bb34c-c502-42e2-9d85-61662c4962d6","41068965","17426405","23143509","","8","would_delete_bom_row"
"b850eec5-706c-4a07-873e-2e959ae4becf","41068965","17426405","23143123","","39","would_delete_bom_row"
"e90acd39-5309-47a4-b0f5-f2e4fe2141d2","41068910","17426384","41147427","","4","would_delete_bom_row"
"0e702a34-2e9f-41f5-aeb0-b355f723ecaa","41068910","17426384","41147406","","4","would_delete_bom_row"
"d828d024-9b7b-4e3e-9275-34712781ef8c","41068910","17426384","23143136","","19","would_delete_bom_row"
"efe28168-b5c7-41bb-93ac-ebd30d1f5fef","41068910","17426384","23143509","","5","would_delete_bom_row"
"b79caa7f-9dec-4125-84f0-ee4271790a3d","41068910","17426384","23143123","","35","would_delete_bom_row"
"3aa0ec49-d83b-4146-a2df-a7b6a924f497","41068823","17426363","41147427","","4","would_delete_bom_row"
"83c61a14-7ce3-4721-96ea-70f06a3728b1","41068823","17426363","41147406","","4","would_delete_bom_row"
"84fe52ef-befa-49fe-a8c6-d76ca17c2bc2","41068823","17426363","23143136","","13","would_delete_bom_row"
"664e0455-17a6-4250-a8b3-7e989830ccdb","41068823","17426363","23143509","","3","would_delete_bom_row"
"3c24e174-38c4-45b6-b00d-2d06d6a8c786","41068823","17426363","23143123","","30","would_delete_bom_row"
"63ce6b38-684c-423f-8f45-f87f70b01d12","41069091","17426449","23143123","","32","would_delete_bom_row"
"f948d75e-24c1-4da1-b647-2bd7a9520f14","23143521","10592465","23178514","","9","would_delete_bom_row"
"f9255ec8-3890-44dd-b719-133db09847ac","23143523","10592465","23178514","","9","would_delete_bom_row"
"f58a216b-c50b-49c3-8b0d-0c40dd081064","23143524","10592465","23178514","","9","would_delete_bom_row"
"aeeeea7f-5777-427f-946e-3531da4b3bb9","23143520","10592465","23178514","","9","would_delete_bom_row"
"27832dda-7453-483d-8113-f1b72df0abbb","23143522","10592465","23178514","","9","would_delete_bom_row"
"1ae4e48a-d545-4988-abb5-ab24fabe75a2","23143097","10592465","23178514","","9","would_delete_bom_row"
"fc7ec5b7-62a8-4a8a-9f11-057347376070","23143522","10592465","23178511","","163.13","would_delete_bom_row"
"bd35dc88-1dbb-4910-9f0f-dc3695cb49bd","23143524","10592465","23178511","","163.13","would_delete_bom_row"
"a04435bb-945c-4c97-ba23-18a5eb10460b","23143097","10592465","23178511","","163.13","would_delete_bom_row"
"663d7127-1def-4cc4-be42-076b1bf14923","23143521","10592465","23178511","","163.13","would_delete_bom_row"
"436ce171-9066-49d2-973d-10f35fd7818b","23143520","10592465","23178511","","163.13","would_delete_bom_row"
"387613dd-728a-49d5-9942-146265017ae1","23143523","10592465","23178511","","163.13","would_delete_bom_row"
"de89a277-c172-435d-88a1-1258856cca40","23143505","10592464","23178514","","4.5","would_delete_bom_row"
"bc272702-db76-4f30-b133-1c7a9225e16b","23143503","10592464","23178514","","4.5","would_delete_bom_row"
"9f8cd09a-7270-4619-915e-0f38da74e1d3","23143502","10592464","23178514","","4.5","would_delete_bom_row"
"6cf02ce5-65b6-4abf-aaa4-879109a62b95","23143504","10592464","23178514","","4.5","would_delete_bom_row"
"10ca4996-5f24-44ad-9763-28c32ae4c436","23143506","10592464","23178514","","4.5","would_delete_bom_row"
"0592711b-67a1-4ad3-b08c-5785abfa37ed","23143096","10592464","23178514","","4.5","would_delete_bom_row"
"c43d8456-ef3e-4de1-9588-b6362ef812ec","23143096","10592464","23178511","","101.25","would_delete_bom_row"
"93e3942d-5ce0-46b8-a696-3d1ada62eaff","23143504","10592464","23178511","","101.25","would_delete_bom_row"
"78ee9229-dc8f-4620-b711-20d25fe1a7df","23143506","10592464","23178511","","101.25","would_delete_bom_row"
"5cd478e0-b94d-4b5d-ab7c-ab188969d533","23143502","10592464","23178511","","101.25","would_delete_bom_row"
"23f236b1-457c-474f-b1c3-ec08c1ba3c51","23143503","10592464","23178511","","101.25","would_delete_bom_row"
"0bc57407-1405-4062-884d-4b05d0c49b7b","23143505","10592464","23178511","","101.25","would_delete_bom_row"
"a3004879-8c85-4413-810e-3e3986d40f3c","23143470","10592463","23178514","","2.5","would_delete_bom_row"
"a01af6af-423e-412e-a8e5-849a8a8fad69","23143095","10592463","23178514","","2.5","would_delete_bom_row"
"621338ee-8558-4797-8268-85e7d318e9e1","23143472","10592463","23178514","","2.5","would_delete_bom_row"
"48160340-d76b-485a-97e8-02018ec118a9","23143471","10592463","23178514","","2.5","would_delete_bom_row"
"23f7cfc7-b94e-4cda-a3f9-d14d67b6d58b","23143473","10592463","23178514","","2.5","would_delete_bom_row"
"0cd40173-3ab0-4a30-a79c-53293ac9645b","23143474","10592463","23178514","","2.5","would_delete_bom_row"
"a9f5856f-20ff-424c-b48b-0b931bd671de","23143474","10592463","23178511","","66","would_delete_bom_row"
"76d7a072-a54d-45ee-aa56-bbce2a83fda4","23143095","10592463","23178511","","66","would_delete_bom_row"
"720676d4-3df5-4652-9fa6-1039a0aae179","23143470","10592463","23178511","","66","would_delete_bom_row"
"6b2202bc-5986-4df2-ad60-67aa3d493605","23143473","10592463","23178511","","66","would_delete_bom_row"
"15ffd063-d19c-46a4-949e-710cd9684b98","23143471","10592463","23178511","","66","would_delete_bom_row"
"0beddc65-d982-48d7-ab39-cbc1d6e493e3","23143472","10592463","23178511","","66","would_delete_bom_row"
"60b9b205-7a9a-438f-af59-887dec62ebf6","23143467","10592462","23178514","","2.5","would_delete_bom_row"
"5d3a09d6-0c49-4df7-921c-4bc568fdf9db","23143468","10592462","23178514","","2.5","would_delete_bom_row"
"56561b85-b644-4480-8f1e-49fa520228e3","23143464","10592462","23178514","","2.5","would_delete_bom_row"
"3ef3672e-eb4c-4772-b33c-8082c62642fb","23143466","10592462","23178514","","2.5","would_delete_bom_row"
"1502c022-843e-4f8c-ab4a-854f42b9c523","23143465","10592462","23178514","","2.5","would_delete_bom_row"
"0c1606a4-692a-4a81-ae1f-80e250718cc1","23143094","10592462","23178514","","2.5","would_delete_bom_row"
"d63799cf-f8de-4d27-8d91-2a12fc7c2c76","23143465","10592462","23178511","","55","would_delete_bom_row"
"cbffca09-53ae-4c0e-90f4-27475cd22f8a","23143464","10592462","23178511","","55","would_delete_bom_row"
"af2b18fc-6fd1-4199-915a-23fcd1069697","23143468","10592462","23178511","","55","would_delete_bom_row"
"9637b748-610b-436a-ac5d-4cbd1ce44c07","23143466","10592462","23178511","","55","would_delete_bom_row"
"357ee432-f81c-42f0-a538-8c298185b185","23143094","10592462","23178511","","55","would_delete_bom_row"
"13598cf3-a559-4c96-9e68-426818b8c52e","23143467","10592462","23178511","","55","would_delete_bom_row"
"ea51dfe5-c691-44eb-9ade-08216c33960b","23143093","10592461","23178514","","1.5","would_delete_bom_row"
"be39a627-a479-4f6d-ac62-8dbcabd8ab0b","23143451","10592461","23178514","","1.5","would_delete_bom_row"
"78b83e24-fa2c-4f2e-a402-12f26b31cdfc","23143450","10592461","23178514","","1.5","would_delete_bom_row"
"65a1a270-467a-47c0-a481-8143226ac979","23143454","10592461","23178514","","1.5","would_delete_bom_row"
"63f1263d-cde7-464c-8617-a97c78594737","23143452","10592461","23178514","","1.5","would_delete_bom_row"
"5e6a9e7d-7358-40f8-b7e8-bc62040c524e","23143453","10592461","23178514","","1.5","would_delete_bom_row"
"e0d19c4f-b442-4a6d-bbbb-bc5c672b4f1e","23143450","10592461","23178511","","38.5","would_delete_bom_row"
"d97afff0-ddfe-464c-b2cd-d81f4a907256","23143451","10592461","23178511","","38.5","would_delete_bom_row"
"a3e2300e-cd4b-414b-8749-e2b3cb4b7585","23143452","10592461","23178511","","38.5","would_delete_bom_row"
"9b26dc67-36e9-421e-82c5-b424c4761896","23143093","10592461","23178511","","38.5","would_delete_bom_row"
"749914c8-1453-4432-84bd-3f8562daf4df","23143453","10592461","23178511","","38.5","would_delete_bom_row"
"1e21ba6a-19ca-4442-b07a-154969c85147","23143454","10592461","23178511","","38.5","would_delete_bom_row"
"ee7e8ee7-2dc0-471f-86f3-1ee7ca64da1a","23143430","10592460","23178514","","1.5","would_delete_bom_row"
"e3cf9d8a-7f0b-4a2c-9665-9c385dbe790d","23143092","10592460","23178514","","1.5","would_delete_bom_row"
"821822af-bc22-47a1-8b74-30a332214886","23143427","10592460","23178514","","1.5","would_delete_bom_row"
"7df629cf-c536-4e2e-9332-1ac00bb1c97d","23143428","10592460","23178514","","1.5","would_delete_bom_row"
"6c018b49-c7de-491f-8783-5ab54f476c51","23143429","10592460","23178514","","1.5","would_delete_bom_row"
"548df25b-c3c7-4bc5-ad5a-950c6226048a","23143431","10592460","23178514","","1.5","would_delete_bom_row"
"e6dfb389-b53a-48c2-8712-c904862b5850","23143430","10592460","23178511","","27.5","would_delete_bom_row"
"dd652384-fcab-4383-9935-8438dddf2773","23143431","10592460","23178511","","27.5","would_delete_bom_row"
"da3a8eba-b6ab-444a-9f67-81241cf014ff","23143427","10592460","23178511","","27.5","would_delete_bom_row"
"98463556-ffcb-4984-b28c-c8f709db05e2","23143428","10592460","23178511","","27.5","would_delete_bom_row"
"3fd4e756-4130-424b-8e40-b1d90ab9eaf9","23143429","10592460","23178511","","27.5","would_delete_bom_row"
"037e6480-67cf-48b2-ac42-fbf7064b5786","23143092","10592460","23178511","","27.5","would_delete_bom_row"
"f4210fd4-b04b-4ed9-9e51-7abc8d3295a9","23143415","10592459","23178514","","5.5","would_delete_bom_row"
"e8251be4-4e3f-4ddb-98c0-cca1477a3035","23143409","10592459","23178514","","5.5","would_delete_bom_row"
"b2492f8a-9dba-49a8-9c47-a34067b4de7e","23143410","10592459","23178514","","5.5","would_delete_bom_row"
"949a42e7-af12-4129-a413-76192a006b51","23143416","10592459","23178514","","5.5","would_delete_bom_row"
"61a597b2-1252-445e-a6a1-6f40c9f44001","23143412","10592459","23178514","","5.5","would_delete_bom_row"
"4fb84bc4-fd71-47ac-aef8-54e831c171bf","23143419","10592459","23178514","","5.5","would_delete_bom_row"
"4d92efa5-5679-4d6d-851c-42c9437150c2","23143413","10592459","23178514","","5.5","would_delete_bom_row"
"4d4da20e-ef1e-436a-b171-498c39fb96cf","23143091","10592459","23178514","","5.5","would_delete_bom_row"
"467724ae-3d0f-4df6-aba2-5e48b221b51a","23143411","10592459","23178514","","5.5","would_delete_bom_row"
"4079d79c-24dd-437c-962d-54afb1e4d234","23143414","10592459","23178514","","5.5","would_delete_bom_row"
"31845bac-b5d9-4ba0-a46a-db84ed195d02","23143420","10592459","23178514","","5.5","would_delete_bom_row"
"2c69e9dc-f0b6-47aa-81aa-f3b2b6a121d8","23143418","10592459","23178514","","5.5","would_delete_bom_row"
"fc38efed-604b-4250-923e-f2df418bc183","23143411","10592459","23178511","","205.89","would_delete_bom_row"
"f84889ed-d16c-4aa8-bf8a-38e988803e3a","23143091","10592459","23178511","","205.89","would_delete_bom_row"
"c155a5b1-7870-4c93-80ce-a285228ebc77","23143412","10592459","23178511","","205.89","would_delete_bom_row"
"abd07af1-1b70-4644-8ec0-44ea026b5785","23143418","10592459","23178511","","205.89","would_delete_bom_row"
"970119e1-6e62-4b83-a9be-d096d0048f7c","23143420","10592459","23178511","","205.89","would_delete_bom_row"
"89679e51-59d4-4ebe-8448-bcb6df7ad47d","23143409","10592459","23178511","","205.89","would_delete_bom_row"
"7e95385d-13b5-4936-9426-3b828177c84d","23143416","10592459","23178511","","205.89","would_delete_bom_row"
"64bfea67-cb75-4200-b7c5-3a2f6bea3b5b","23143419","10592459","23178511","","205.89","would_delete_bom_row"
"57213d04-0245-4a70-83ca-9e4e18b14e88","23143414","10592459","23178511","","205.89","would_delete_bom_row"
"34af95d5-0f0e-4d0e-b87d-80b69556bcfc","23143410","10592459","23178511","","205.89","would_delete_bom_row"
"32543400-3dcb-4c72-9b55-527d6def5e8e","23143413","10592459","23178511","","205.89","would_delete_bom_row"
"0a4e2f93-bd90-4706-9117-96cd7c9e9a74","23143415","10592459","23178511","","205.89","would_delete_bom_row"
"eeff59c7-f681-4088-9d3c-d2e787575bab","23143381","10592458","23178514","","5.5","would_delete_bom_row"
"e56aa239-d4db-4569-bf4e-c367dd37eb27","23143383","10592458","23178514","","5.5","would_delete_bom_row"
"e40523d0-1aa7-4937-b9bc-e16b2dae0ffd","23143382","10592458","23178514","","5.5","would_delete_bom_row"
"d0cbf120-ad42-49ce-b4d9-c91e01e02aa7","23143374","10592458","23178514","","5.5","would_delete_bom_row"
"c38253b6-2a1c-4942-89ae-912e5374f56c","23143379","10592458","23178514","","5.5","would_delete_bom_row"
"aaa9f23b-bbac-4992-a68d-95454476acc5","23143376","10592458","23178514","","5.5","would_delete_bom_row"
"99bfb59c-a8a8-4ce2-8d20-d622f339441a","23143090","10592458","23178514","","5.5","would_delete_bom_row"
"84afff86-c103-4b5f-bbd9-8e50ad983d9e","23143378","10592458","23178514","","5.5","would_delete_bom_row"
"698a7b26-00cf-4648-b347-5b0c5a1d6a9f","23143385","10592458","23178514","","5.5","would_delete_bom_row"
"43a6a90e-b5ed-49c6-ae41-cbd027942b73","23143377","10592458","23178514","","5.5","would_delete_bom_row"
"315cb131-4cc5-4b0c-8590-72bb092a5705","23143380","10592458","23178514","","5.5","would_delete_bom_row"
"1e56f11d-7edf-4213-af6e-7d455a413be9","23143375","10592458","23178514","","5.5","would_delete_bom_row"
"f237a863-49d2-40b8-a73e-e5a268be64eb","23143380","10592458","23178511","","176.72","would_delete_bom_row"
"dc4075b3-b14d-4051-b632-708f1ae41a7e","23143090","10592458","23178511","","176.72","would_delete_bom_row"
"cb8725d1-bee0-4b26-afab-a288673b1040","23143383","10592458","23178511","","176.72","would_delete_bom_row"
"c8bb606d-708a-4f50-82fa-515a2dcee025","23143377","10592458","23178511","","176.72","would_delete_bom_row"
"9e5b79bc-533b-47a3-982b-1f0d67cee761","23143379","10592458","23178511","","176.72","would_delete_bom_row"
"7bf2c867-0e71-4e50-a895-2a1bfef9d9e2","23143382","10592458","23178511","","176.72","would_delete_bom_row"
"6b55ddbf-4275-4a03-bf78-4b5c8ae08d54","23143374","10592458","23178511","","176.72","would_delete_bom_row"
"59a6a7a4-eabe-437e-94d3-a08c13df575d","23143381","10592458","23178511","","176.72","would_delete_bom_row"
"587326dc-ec8c-42e5-a2f4-49ea37f2dc74","23143385","10592458","23178511","","176.72","would_delete_bom_row"
"439a8c98-397b-4a02-8180-fc56c40c018a","23143376","10592458","23178511","","176.72","would_delete_bom_row"
"1746f349-9e6c-41e3-a915-c29ff6709be1","23143375","10592458","23178511","","176.72","would_delete_bom_row"
"0ab35295-1d7a-465f-a22f-5295b4f49a17","23143378","10592458","23178511","","176.72","would_delete_bom_row"
"c896d192-3ae8-4237-ad15-b4dcbf686091","23143336","10592457","23178514","","5.5","would_delete_bom_row"
"738e268a-3e60-47f4-8135-f85fbd02a601","23143339","10592457","23178514","","5.5","would_delete_bom_row"
"69de33d8-cab2-445c-9596-bc5204e69d96","23143345","10592457","23178514","","5.5","would_delete_bom_row"
"62c67f90-9f30-4025-9727-02f607255d75","23143341","10592457","23178514","","5.5","would_delete_bom_row"
"4cf5edda-b2b6-4be1-9ff3-6bcab3b585ca","23143089","10592457","23178514","","5.5","would_delete_bom_row"
"4c2d4710-49cf-447d-b240-e4775d393c28","23143335","10592457","23178514","","5.5","would_delete_bom_row"
"48721f39-93f1-422b-9ea2-7b4bfec1fab3","23143343","10592457","23178514","","5.5","would_delete_bom_row"
"3dd2f505-1f37-4e4f-a252-c065e8e2da38","23143340","10592457","23178514","","5.5","would_delete_bom_row"
"3a664b63-c39d-4648-932f-fa13f1600737","23143338","10592457","23178514","","5.5","would_delete_bom_row"
"0f6a83ab-293e-41e9-883d-c052d6dbcd54","23143344","10592457","23178514","","5.5","would_delete_bom_row"
"0d66a4d2-7356-469b-98c8-176d2451f04a","23143337","10592457","23178514","","5.5","would_delete_bom_row"
"045261b4-630c-4cba-ab18-e59f6119aa5f","23143342","10592457","23178514","","5.5","would_delete_bom_row"
"fdcedd7f-4ce2-4937-933e-a1d7bb1323b0","23143338","10592457","23178511","","151.22","would_delete_bom_row"
"f6732da2-a7bf-4d00-8acf-8fed77058313","23143344","10592457","23178511","","151.22","would_delete_bom_row"
"ac5285f4-9ecd-40d5-93d4-0d4788d8635c","23143336","10592457","23178511","","151.22","would_delete_bom_row"
"a9b83f0e-d111-4f7a-a191-3ed09df75dd0","23143345","10592457","23178511","","151.22","would_delete_bom_row"
"a18c31f5-5ec8-49ac-8fee-73e01ac5cb4e","23143341","10592457","23178511","","151.22","would_delete_bom_row"
"823be2a2-ab9c-49b2-9926-037f3dda4277","23143089","10592457","23178511","","151.22","would_delete_bom_row"
"76039639-5692-40f5-a59f-d362ef31d751","23143339","10592457","23178511","","151.22","would_delete_bom_row"
"6917cd6d-72aa-4b0d-b59a-757c57a9fda1","23143340","10592457","23178511","","151.22","would_delete_bom_row"
"5f4c2aa8-272c-439e-8546-b9ca18fb5fa0","23143342","10592457","23178511","","151.22","would_delete_bom_row"
"5a10b59c-2ae3-413b-b058-11247e1a3f26","23143335","10592457","23178511","","151.22","would_delete_bom_row"
"55ad4173-f814-4a58-94a6-0f5b9b346d67","23143343","10592457","23178511","","151.22","would_delete_bom_row"
"0e06b1b7-d7e9-44a2-994a-55e41f201da3","23143337","10592457","23178511","","151.22","would_delete_bom_row"
"f73e4a8a-a362-4a9f-beff-cd7e2662a77d","23143322","10592456","23178514","","5","would_delete_bom_row"
"dd3123f7-bf5c-470e-85a3-08e5bafef070","23143319","10592456","23178514","","5","would_delete_bom_row"
"a1825ef9-cb0b-40a1-a0bf-0f70217f0135","23143313","10592456","23178514","","5","would_delete_bom_row"
"73390582-4771-4aed-9e3b-9ef6bf5523dc","23143088","10592456","23178514","","5","would_delete_bom_row"
"68f2a788-fc7c-4193-8c7e-e2a62164874c","23143321","10592456","23178514","","5","would_delete_bom_row"
"64a8c99a-887b-420d-aab2-143ab9038632","23143320","10592456","23178514","","5","would_delete_bom_row"
"5084dfd3-d4a7-4f18-b1e9-fdada33a3500","23143314","10592456","23178514","","5","would_delete_bom_row"
"48933a9d-11c6-4833-990a-b171f5a2f870","23143315","10592456","23178514","","5","would_delete_bom_row"
"3d2aec24-4c23-4307-80ec-e80842cafc7d","23143318","10592456","23178514","","5","would_delete_bom_row"
"1b89f64f-e41b-479b-9b15-301a464c6486","23143324","10592456","23178514","","5","would_delete_bom_row"
"104e567e-c4aa-4da8-93a1-37bda54ba753","23143323","10592456","23178514","","5","would_delete_bom_row"
"01294536-c8ed-48a0-9aa1-ebe770279f5e","23143317","10592456","23178514","","5","would_delete_bom_row"
"fc707e2d-b258-40f1-b064-5234ac5d0629","23143324","10592456","23178511","","101.21","would_delete_bom_row"
"f8a17cb2-510a-4d79-ac88-bb974bf293ca","23143323","10592456","23178511","","101.21","would_delete_bom_row"
"823518ef-6527-4b7e-8b5d-d067163ec3e3","23143088","10592456","23178511","","101.21","would_delete_bom_row"
"738ef006-ea99-431e-8b69-f60be1f9ba81","23143315","10592456","23178511","","101.21","would_delete_bom_row"
"71283a0e-5195-47c7-8910-b5ef4fbc64c9","23143314","10592456","23178511","","101.21","would_delete_bom_row"
"4f8ad4ac-e245-4b2a-af34-ea8b73ff95df","23143322","10592456","23178511","","101.21","would_delete_bom_row"
"2ab34274-61a3-44d0-b88c-423515542023","23143319","10592456","23178511","","101.21","would_delete_bom_row"
"2a58af2e-7033-40d0-a84e-171241c02718","23143313","10592456","23178511","","101.21","would_delete_bom_row"
"220ac5fd-30fe-4ed3-b0d7-06352796fe4d","23143317","10592456","23178511","","101.21","would_delete_bom_row"
"1d9c682c-155a-47c6-86e5-084dc7f7104f","23143320","10592456","23178511","","101.21","would_delete_bom_row"
"13049457-f492-414d-8f50-a8269a2eaec5","23143321","10592456","23178511","","101.21","would_delete_bom_row"
"00786b86-adcb-4776-871e-f24ef4a1b697","23143318","10592456","23178511","","101.21","would_delete_bom_row"
"ea5b6b01-2e79-437a-8694-5661d0701d1a","23143293","10592455","23178514","","4","would_delete_bom_row"
"e15b8e72-2573-4037-8a82-4fa58b051dab","23143299","10592455","23178514","","4","would_delete_bom_row"
"c95f5c6c-ef7e-4e41-b772-22d8b987b82d","23143298","10592455","23178514","","4","would_delete_bom_row"
"bf3ac2ff-f33d-407b-b168-215f7d42d8fd","23143294","10592455","23178514","","4","would_delete_bom_row"
"9ed66c9c-b809-4cd3-894e-3ccbc1b85d12","23143295","10592455","23178514","","4","would_delete_bom_row"
"857d2ff8-2f9d-41cd-8b1c-3154c6d65874","23143297","10592455","23178514","","4","would_delete_bom_row"
"7d02028a-055c-4753-9e32-ef1822eef865","23143292","10592455","23178514","","4","would_delete_bom_row"
"708f2096-3842-455d-a481-f69d4791774f","23143290","10592455","23178514","","4","would_delete_bom_row"
"6d7b3a65-10b3-4550-800b-6d0933c03616","23143291","10592455","23178514","","4","would_delete_bom_row"
"6045b12b-a5e8-43f7-81f2-198081f881fe","23143289","10592455","23178514","","4","would_delete_bom_row"
"0b35c8d3-38cb-4f54-a233-e4616546d9a1","23143296","10592455","23178514","","4","would_delete_bom_row"
"dc412578-0d11-487e-b7e9-7bc9fd9ca371","23143297","10592455","23178511","","79","would_delete_bom_row"
"c10d7d81-837c-4922-b350-51826c41523d","23143298","10592455","23178511","","79","would_delete_bom_row"
"a3dc137d-ef27-4b31-b9eb-aade0766e4dc","23143295","10592455","23178511","","79","would_delete_bom_row"
"9297be56-e808-45c5-82ac-faa5ddacd932","23143293","10592455","23178511","","79","would_delete_bom_row"
"6f02cc3c-237a-4588-9126-b1149c67a95b","23143296","10592455","23178511","","79","would_delete_bom_row"
"631e52be-53f1-46b4-a8dc-6f89785e5c86","23143289","10592455","23178511","","79","would_delete_bom_row"
"5cc3411b-5a55-473b-a060-d69fd29447a9","23143294","10592455","23178511","","79","would_delete_bom_row"
"5c88139e-2d5b-4b38-b7e8-d8555f8b8be9","23143290","10592455","23178511","","79","would_delete_bom_row"
"4b33501f-d560-419b-8d23-0f687c537b8a","23143299","10592455","23178511","","79","would_delete_bom_row"
"430f2454-8872-4637-9150-049dfbd8aab5","23143292","10592455","23178511","","79","would_delete_bom_row"
"1dc6c69d-f106-4b90-aac8-dbcefc13ac33","23143291","10592455","23178511","","79","would_delete_bom_row"
"f606eb48-3000-4953-a6f9-e5638f20dceb","23143611","10592475","23178678","","28","would_delete_bom_row"
"cc576fc0-9e96-4fa5-9a34-dfcf5b54afdf","23143612","10592475","23178678","","28","would_delete_bom_row"
"97829bfc-1488-4e8c-bada-d376421315c2","23143613","10592475","23178678","","28","would_delete_bom_row"
"3d998c1b-38f0-490c-9dee-95609ca2a363","23143107","10592475","23178678","","0.75","would_delete_bom_row"
"17105253-22ed-4c09-81f3-1a0a919cbe4b","23143614","10592475","23178678","","28","would_delete_bom_row"
"12f899d9-162c-4ffb-bfa1-18072aac5e6b","23143610","10592475","23178678","","28","would_delete_bom_row"
"f545d50c-b462-4627-bf2c-46047cb4a72b","23143606","10592474","23178678","","22.1","would_delete_bom_row"
"aec67a8c-6cee-439b-8e28-73fc29db5d11","23143607","10592474","23178678","","22.1","would_delete_bom_row"
"aa463300-7f97-420a-9842-b605d74a8bc6","23143605","10592474","23178678","","22.1","would_delete_bom_row"
"9e2f91ee-37d5-4cbd-a63a-35f289920d97","23143604","10592474","23178678","","22.1","would_delete_bom_row"
"6d430fbe-12fd-411a-a4f3-270d857ad4d3","23143603","10592474","23178678","","22.1","would_delete_bom_row"
"636e0c08-1a20-422a-af06-f79f5feb9ce0","23143106","10592474","23178678","","0.5","would_delete_bom_row"
"f9f90372-82ae-44cb-9415-a55c1bb7ae53","23143105","10592473","23178678","","0.75","would_delete_bom_row"
"dbc203d8-fb7f-4e1b-8669-f4d506ab5617","23143601","10592473","23178678","","21","would_delete_bom_row"
"b9007456-1d18-43bc-a71d-7dd95fdb5c5b","23143602","10592473","23178678","","21","would_delete_bom_row"
"5a929c50-9969-4824-ba36-a85384d8ad67","23143599","10592473","23178678","","21","would_delete_bom_row"
"4c93b618-0be4-4057-9c27-6f60ac949116","23143598","10592473","23178678","","21","would_delete_bom_row"
"08a4cea2-c047-4bdc-b67c-ffa40880ee24","23143600","10592473","23178678","","21","would_delete_bom_row"
"ee7f1d2b-e54f-41d4-a758-750d9eba850d","23143593","10592472","23178678","","16.3","would_delete_bom_row"
"c78a1c1f-d6d6-4693-9e1c-74402ec8aee2","23143592","10592472","23178678","","16.3","would_delete_bom_row"
"84f4d97f-c303-40e2-9e3e-2d133a44571d","23143596","10592472","23178678","","16.3","would_delete_bom_row"
"78bc9282-b085-4853-b945-1c451a06404d","23143595","10592472","23178678","","16.3","would_delete_bom_row"
"1342e086-48fd-4835-b3c8-514d26f66e37","23143594","10592472","23178678","","16.3","would_delete_bom_row"
"012ce2d3-5313-477d-bca9-267419d4e0f8","23143104","10592472","23178678","","0.5","would_delete_bom_row"
"da6de90c-b06a-40eb-a681-6580dd9ad5fd","23143585","10592471","23178678","","12.3","would_delete_bom_row"
"8120ece1-f4ef-48d2-a25d-1fe705a12f33","23143587","10592471","23178678","","12.3","would_delete_bom_row"
"60101af8-ef68-434a-9a36-aa332348788e","23143589","10592471","23178678","","12.3","would_delete_bom_row"
"5d21849a-5a0a-4111-9c0d-dea3ec084490","23143103","10592471","23178678","","0.5","would_delete_bom_row"
"4936ebb8-08c1-4972-a70a-91197c6dc456","23143586","10592471","23178678","","12.3","would_delete_bom_row"
"3b5a536e-c2b4-4958-8050-f7c1e8ff4345","23143588","10592471","23178678","","12.3","would_delete_bom_row"
"d702f5a0-1798-4d1b-a464-bff08b13698a","23143581","10592470","23178678","","18","would_delete_bom_row"
"7f0f50a0-311b-4d17-b094-4d627d74d91f","23143102","10592470","23178678","","0.75","would_delete_bom_row"
"50004af7-2758-49fa-9c03-2983dad0f79b","23143584","10592470","23178678","","18","would_delete_bom_row"
"3587a050-904a-4877-9ae6-9584998db2e8","23143582","10592470","23178678","","18","would_delete_bom_row"
"19240dc7-7c2a-4422-bd5c-4d7318a88d22","23143580","10592470","23178678","","18","would_delete_bom_row"
"17ef0693-25fa-4041-abfa-ab115ea3e06c","23143583","10592470","23178678","","18","would_delete_bom_row"
"fceb1b8f-bd5c-4b6e-beae-44ffcb305678","23143101","10592469","23178678","","0.5","would_delete_bom_row"
"b6edc6b9-2892-4999-a456-bf3b48d234a3","23143575","10592469","23178678","","14","would_delete_bom_row"
"a13da513-7292-4a1f-b19d-660c76a4e4bd","23143574","10592469","23178678","","14","would_delete_bom_row"
"8f1225d4-e3cc-491a-aba2-d554810ba7f3","23143577","10592469","23178678","","14","would_delete_bom_row"
"735a5377-2b4e-495f-aa50-8ea633c0d212","23143576","10592469","23178678","","14","would_delete_bom_row"
"2b16f799-b779-4b91-aae3-145f91837bfa","23143573","10592469","23178678","","14","would_delete_bom_row"
"a430cca3-acdc-47fb-bb40-db0c3186478d","23143566","10592468","23178678","","9","would_delete_bom_row"
"a320144e-c6b7-4489-a703-ef00864f6f31","23143564","10592468","23178678","","9","would_delete_bom_row"
"849e5c26-ebc9-407f-b4d6-5de14f33dffb","23143565","10592468","23178678","","9","would_delete_bom_row"
"2f1684b0-1c6d-4f18-a272-e24bc10a83b7","23143568","10592468","23178678","","9","would_delete_bom_row"
"261e5f75-ba5e-421e-9250-c3ad708f44ad","23143100","10592468","23178678","","0.5","would_delete_bom_row"
"1311fbe4-bb17-4036-bf16-8a11966feb14","23143567","10592468","23178678","","9","would_delete_bom_row"
"e0f7872a-3a6a-41f0-bd09-14d3a7201c85","23143552","10592467","23178678","","10.9","would_delete_bom_row"
"cdb4c347-e075-4331-bd98-c60742a83e4f","23143099","10592467","23178678","","0.25","would_delete_bom_row"
"b8a2db3c-3aa9-409e-b763-b941066bb4ae","23143553","10592467","23178678","","10.9","would_delete_bom_row"
"a54e4772-220e-4cc9-9ef0-70a857b92718","23143556","10592467","23178678","","10.9","would_delete_bom_row"
"159f7b0a-46bf-40d9-b36f-76aa03d32700","23143554","10592467","23178678","","10.9","would_delete_bom_row"
"0cf69e6c-c373-4a83-8e11-c6b56ac9b4c7","23143555","10592467","23178678","","10.9","would_delete_bom_row"
"e198bcf0-9573-4aa4-8426-4bc5edb5f000","23143098","10592466","23178678","","0.25","would_delete_bom_row"
"d8e4c1f5-7bbf-470b-918c-bd0c612c4b96","23143536","10592466","23178678","","8.2","would_delete_bom_row"
"b8030380-be3c-4be9-9f00-48b0c0e6c5cb","23143535","10592466","23178678","","8.2","would_delete_bom_row"
"a14413c2-ad0a-4562-bec0-f54f0916132b","23143537","10592466","23178678","","8.2","would_delete_bom_row"
"299ec973-ad0e-44ad-b8a5-f461149371a0","23143534","10592466","23178678","","8.2","would_delete_bom_row"
"0096a0fd-a63e-408c-8fe9-6d401c6d6f51","23143533","10592466","23178678","","8.2","would_delete_bom_row"
"f788175d-556b-4a7d-a0aa-32285f299490","23143257","10592454","23178514","","3","would_delete_bom_row"
"f526ce37-7cec-472c-a9e0-9c3804254b1c","23143251","10592454","23178514","","3","would_delete_bom_row"
"dde3b862-5c0e-435f-b74d-39df0c5a1db0","23143255","10592454","23178514","","3","would_delete_bom_row"
"d5223cfd-9afd-4a07-9fb3-78cecd7f7bd0","23143247","10592454","23178514","","3","would_delete_bom_row"
"c1cd59de-1c2e-4dc3-b952-345812e0da7a","23143258","10592454","23178514","","3","would_delete_bom_row"
"bcb5ee85-55b4-4935-b1f1-8ff8587fe2d2","23143250","10592454","23178514","","3","would_delete_bom_row"
"7f8f1d84-224d-440c-a2f0-486a5c4af4ac","23143256","10592454","23178514","","3","would_delete_bom_row"
"783ffbc4-c1a0-412e-bf4c-d2d8225792c3","23143252","10592454","23178514","","3","would_delete_bom_row"
"1ea5a715-ec64-40d6-8b70-95a09eaefdf2","23143248","10592454","23178514","","3","would_delete_bom_row"
"16374ce5-a4b4-4cd2-9b14-ec3472acfc45","23143249","10592454","23178514","","3","would_delete_bom_row"
"0dd9ae7f-b1af-4574-b75d-999d42f05de0","23143254","10592454","23178514","","3","would_delete_bom_row"
"e3820445-b95a-44b3-87ed-f8a0346e5ce9","23143252","10592454","23178511","","53","would_delete_bom_row"
"a2e4e144-cc3d-4687-8ad4-6a1c2c5bf371","23143257","10592454","23178511","","53","would_delete_bom_row"
"a0d4755d-ce96-4222-961b-35286b17a109","23143251","10592454","23178511","","53","would_delete_bom_row"
"9a416c92-e1f2-4909-ac66-b8f484a096ff","23143256","10592454","23178511","","53","would_delete_bom_row"
"92291373-41b0-42db-93d3-bfc04026eea7","23143250","10592454","23178511","","53","would_delete_bom_row"
"868c1f42-eb8c-4d5d-8532-6ea8a4a30e6e","23143249","10592454","23178511","","53","would_delete_bom_row"
"64d5f9a3-760f-4197-b81e-fc25a781ebe5","23143258","10592454","23178511","","53","would_delete_bom_row"
"4d15f1e9-4071-4a8b-8843-8a149891fe00","23143248","10592454","23178511","","53","would_delete_bom_row"
"2c087485-a556-45ca-b28a-e61491b15800","23143254","10592454","23178511","","53","would_delete_bom_row"
"2161c63f-2c58-48c4-8488-baab832529e9","23143247","10592454","23178511","","53","would_delete_bom_row"
"0c4d0837-644b-43fc-bd66-32afb62862d7","23143255","10592454","23178511","","53","would_delete_bom_row"
"fef885b0-a30a-452e-acb2-70cc2e9ae5eb","23143533","10592466","23143509","","35","would_delete_bom_row"
"fdd1e2a9-95d1-4f3d-a1e1-c0530cc40dfa","23143553","10592467","23143509","","42","would_delete_bom_row"
"fdad7ecb-69bf-43d1-94e9-7bb98ed40d26","23143565","10592468","23143509","","36","would_delete_bom_row"
"fd473e05-781a-4175-93b4-21d606224f99","23143612","10592475","23143509","","64","would_delete_bom_row"
"f1a2b4e0-a680-41d8-abf7-f60214f5e8eb","23143601","10592473","23143509","","57","would_delete_bom_row"
"f148dbf9-b91e-452c-b3b1-0d3fa2cb9c36","23143106","10592474","23143509","","61","would_delete_bom_row"
"ed7e8b32-906c-4b53-9893-2a9e5f515bac","23143098","10592466","23143509","","27","would_delete_bom_row"
"e446732d-41f1-4d4b-9267-6f20a4388c90","23143604","10592474","23143509","","56","would_delete_bom_row"
"e3bcec7c-96d5-436c-a1a3-818d8daa4c83","23143552","10592467","23143509","","42","would_delete_bom_row"
"e0ca9613-f684-4857-8a21-651825271655","23143592","10592472","23143509","","49","would_delete_bom_row"
"de1ed40a-89d8-4d29-9f2c-e6abe9c991b3","23143587","10592471","23143509","","42","would_delete_bom_row"
"d5e9dc94-e2c0-4bab-9bda-6ab4b5b3c7b4","23143575","10592469","23143509","","46","would_delete_bom_row"
"d1a61287-ce83-402b-9434-b2e3018568d0","23143602","10592473","23143509","","57","would_delete_bom_row"
"cf549447-e4ba-40d6-9f38-828e93ec9d89","23143573","10592469","23143509","","46","would_delete_bom_row"
"c8a217fc-5e7a-44fc-bdc3-8104008a3d8a","23143583","10592470","23143509","","54","would_delete_bom_row"
"bdd66475-ca93-4cf4-9515-9de8968ef22c","23143606","10592474","23143509","","56","would_delete_bom_row"
"bc030699-ee60-44f0-9b27-9b7bee35ee7b","23143556","10592467","23143509","","42","would_delete_bom_row"
"b28cb75c-ea10-4514-a35e-731296285c71","23143576","10592469","23143509","","46","would_delete_bom_row"
"af8816fd-3926-476d-9157-c5f287acfe8a","23143577","10592469","23143509","","46","would_delete_bom_row"
"a4fff3cc-2731-4342-bd09-232776c9bb83","23143580","10592470","23143509","","54","would_delete_bom_row"
"a35807d0-c92e-40a0-9148-3deba454577e","23143104","10592472","23143509","","45","would_delete_bom_row"
"98c825a5-a962-48e2-b2b2-536b8080307c","23143582","10592470","23143509","","54","would_delete_bom_row"
"8fbd3ca0-55c0-45d1-9fbd-e5f5be32c668","23143600","10592473","23143509","","57","would_delete_bom_row"
"8f5a0249-7a24-4745-8338-f29c868da557","23143101","10592469","23143509","","43","would_delete_bom_row"
"8f3ed1b0-7250-4959-a8f6-16fd3cdc69c7","23143566","10592468","23143509","","36","would_delete_bom_row"
"8dcfe729-3ab6-4caf-9414-2c2e94557d91","23143574","10592469","23143509","","46","would_delete_bom_row"
"817ae2d1-0f39-44a3-a5a4-c89825da8002","23143103","10592471","23143509","","34","would_delete_bom_row"
"7c897f68-9493-480e-b992-19f29ba9fa56","23143099","10592467","23143509","","34","would_delete_bom_row"
"7ba7d246-746b-4494-9077-cfdbd610cec1","23143589","10592471","23143509","","42","would_delete_bom_row"
"6930658f-d910-4efc-9d8c-bc22691fb45f","23143596","10592472","23143509","","49","would_delete_bom_row"
"67e851f0-4b37-4a60-bf2b-2c6937bb2a1e","23143585","10592471","23143509","","42","would_delete_bom_row"
"6524e000-beec-4150-a6b6-f0aef5a912d8","23143584","10592470","23143509","","54","would_delete_bom_row"
"63e8d042-a40d-46d2-8e78-4a27d37cc9ad","23143567","10592468","23143509","","36","would_delete_bom_row"
"62863807-975a-4eff-af12-61761e717cd7","23143564","10592468","23143509","","36","would_delete_bom_row"
"5d86b6fa-9fd6-4e01-a53e-14fa1c0f1a7b","23143613","10592475","23143509","","64","would_delete_bom_row"
"5d640e64-63b5-47e0-9c1c-2c88823793e1","23143536","10592466","23143509","","35","would_delete_bom_row"
"5c00873a-5501-4617-b91c-76e104941236","23143595","10592472","23143509","","49","would_delete_bom_row"
"541d33e4-7c11-40cb-9355-58f7e41d0113","23143611","10592475","23143509","","64","would_delete_bom_row"
"4efa10aa-c24e-4468-96f3-b18271553e6b","23143588","10592471","23143509","","42","would_delete_bom_row"
"4ed90ed7-3475-4467-ac53-5db67d86b63a","23143102","10592470","23143509","","52","would_delete_bom_row"
"4e9c77f2-9659-4d76-8eeb-1d172f92a777","23143537","10592466","23143509","","35","would_delete_bom_row"
"4c2afb1d-4387-4ad7-8718-223b5a4e0cf3","23143593","10592472","23143509","","49","would_delete_bom_row"
"4b5e597f-4888-46c4-b516-9507967e8ab7","23143594","10592472","23143509","","49","would_delete_bom_row"
"48ab3ca8-76b3-49f8-9106-ec471230c840","23143555","10592467","23143509","","42","would_delete_bom_row"
"472948c0-5213-41b1-a10d-be0cc63b469e","23143554","10592467","23143509","","42","would_delete_bom_row"
"405075ab-e1e9-4e15-b8a9-3afdabee49e4","23143614","10592475","23143509","","64","would_delete_bom_row"
"3e860444-8d07-4c01-a38e-018fe65a6cc1","23143535","10592466","23143509","","35","would_delete_bom_row"
"3ab037c4-1cfa-4355-a7e3-e4ec999f6622","23143598","10592473","23143509","","57","would_delete_bom_row"
"39d9a023-cf45-4c5d-a8a9-551f8e67e2e7","23143586","10592471","23143509","","42","would_delete_bom_row"
"36f4d51b-2efb-4efb-8b5f-b41a64c265e3","23143603","10592474","23143509","","56","would_delete_bom_row"
"35ec4842-b463-41da-810e-7e1bb78385cc","23143100","10592468","23143509","","28","would_delete_bom_row"
"2c23572b-0fa6-4502-ac46-903ecd2662e2","23143107","10592475","23143509","","61","would_delete_bom_row"
"296b7a39-c67e-40ab-8a79-8272402f9b11","23143610","10592475","23143509","","64","would_delete_bom_row"
"22e452a8-996a-49e5-bcb8-42cbe712ee1f","23143605","10592474","23143509","","56","would_delete_bom_row"
"217ce714-06f0-4c36-a5c9-d40ec8432fb2","23143599","10592473","23143509","","57","would_delete_bom_row"
"1de1111c-9fb4-4445-909e-c4b476694b9b","23143105","10592473","23143509","","55","would_delete_bom_row"
"1226a7bd-9ea9-4f85-a5f3-fb93aa66f4d4","23143607","10592474","23143509","","56","would_delete_bom_row"
"0f396945-9bb9-4780-a085-35e15e526a8d","23143534","10592466","23143509","","35","would_delete_bom_row"
"0e7ac70f-fd16-4677-8f8b-6de916376ee8","23143581","10592470","23143509","","54","would_delete_bom_row"
"04923803-4e43-4fbc-a632-67ecafeb415b","23143568","10592468","23143509","","36","would_delete_bom_row"
"f169ff20-ed97-4fe9-b735-d81ad03feb76","23143611","10592475","23143123","","5","would_delete_bom_row"
"ec20aa9f-0388-42dc-8b61-6021c2cc7d9c","23143594","10592472","23143123","","5","would_delete_bom_row"
"eb86b463-c3f3-419e-b24a-8ca87a18fa02","23143536","10592466","23143123","","5","would_delete_bom_row"
"e25f00ad-17a2-4d97-92db-ff3de9697966","23143534","10592466","23143123","","5","would_delete_bom_row"
"dd665afa-c58b-42ef-8f11-e1c5b77dfae7","23143533","10592466","23143123","","5","would_delete_bom_row"
"dc36a7cb-8e7c-41ed-b895-2f016ed8f7b5","23143100","10592468","23143123","","5","would_delete_bom_row"
"d9fdce63-16c2-463b-9992-67c476187f14","23143603","10592474","23143123","","5","would_delete_bom_row"
"d5db9ab4-f0c6-49d5-9d53-bde63e772fb5","23143604","10592474","23143123","","5","would_delete_bom_row"
"d2fcb15d-e211-443c-8bb7-65ef5a05ebf0","23143585","10592471","23143123","","5","would_delete_bom_row"
"d14321dc-1ddf-483e-b512-6cab361ba4d4","23143556","10592467","23143123","","5","would_delete_bom_row"
"cf866525-7e2e-4199-845e-4e4803670446","23143565","10592468","23143123","","5","would_delete_bom_row"
"ca09fa07-f998-4fb9-b549-47b9663853a9","23143586","10592471","23143123","","5","would_delete_bom_row"
"c782c10b-0ed7-4d59-b612-8d1137177d04","23143598","10592473","23143123","","5","would_delete_bom_row"
"bcd70556-3f5f-4fa0-b4be-f32b5e2aa8b9","23143592","10592472","23143123","","5","would_delete_bom_row"
"b2b76f55-301c-4352-b905-346f11f424e2","23143576","10592469","23143123","","5","would_delete_bom_row"
"aeac2788-0b9b-40e6-a12f-8daaca63ab2b","23143575","10592469","23143123","","5","would_delete_bom_row"
"ad7b2917-25bb-46ce-a78c-20553fcac6f1","23143613","10592475","23143123","","5","would_delete_bom_row"
"a31b4022-35fa-443c-99bf-237c56a57a27","23143555","10592467","23143123","","5","would_delete_bom_row"
"a1a06363-aaea-4d00-9d70-4e182b5cc1ea","23143614","10592475","23143123","","5","would_delete_bom_row"
"a15bc129-449f-41a8-a6da-dec06897ae6e","23143582","10592470","23143123","","5","would_delete_bom_row"
"98606aae-3304-49e6-9138-090fcf982603","23143098","10592466","23143123","","5","would_delete_bom_row"
"97f40f59-1888-4106-86ad-b8ff9c0e08e0","23143104","10592472","23143123","","5","would_delete_bom_row"
"9760dcd4-4362-41b7-8df7-004b8f92269c","23143581","10592470","23143123","","5","would_delete_bom_row"
"948593bd-4f75-4710-9082-fdc7107a8e63","23143593","10592472","23143123","","5","would_delete_bom_row"
"9398ee43-135d-4a29-8821-d6153bf75040","23143537","10592466","23143123","","5","would_delete_bom_row"
"87f2b1e4-2b7f-44f8-a84e-fd452a208d69","23143601","10592473","23143123","","5","would_delete_bom_row"
"856b3d40-fcde-4524-aeeb-d0fbe09b75cb","23143607","10592474","23143123","","5","would_delete_bom_row"
"811cd391-89c2-4278-ac7d-6a6685955870","23143610","10592475","23143123","","5","would_delete_bom_row"
"7d182055-7baf-4e44-ad1a-2e874642b29a","23143595","10592472","23143123","","5","would_delete_bom_row"
"7b870ba4-3078-492b-93cb-07399aec3e1d","23143580","10592470","23143123","","5","would_delete_bom_row"
"78f19221-2b5b-421e-8f7d-93b455491aeb","23143099","10592467","23143123","","5","would_delete_bom_row"
"6f1c514c-cf83-47fa-b8ad-6e38e45ab0b4","23143567","10592468","23143123","","5","would_delete_bom_row"
"6cd0195a-522c-4b1a-9de3-e4084385861e","23143554","10592467","23143123","","5","would_delete_bom_row"
"6c96bcea-bf41-4f75-8b75-4dd41b451ebe","23143105","10592473","23143123","","5","would_delete_bom_row"
"6991582b-20c3-4e2b-bb54-e47586c567c3","23143599","10592473","23143123","","5","would_delete_bom_row"
"683efa34-c539-499e-9fee-f35a5477776d","23143574","10592469","23143123","","5","would_delete_bom_row"
"64822bec-2a98-411e-9e9d-87999ab67367","23143587","10592471","23143123","","5","would_delete_bom_row"
"624929d4-0f58-462d-a3b1-599d39eab566","23143564","10592468","23143123","","5","would_delete_bom_row"
"62141d90-3c9b-4d2f-8473-355d0ccd4fc8","23143107","10592475","23143123","","5","would_delete_bom_row"
"6179555f-c36a-4a62-b939-3be8d6d328c4","23143566","10592468","23143123","","5","would_delete_bom_row"
"5ebf6309-f785-4cd7-b159-89ac030c3e16","23143612","10592475","23143123","","5","would_delete_bom_row"
"5d179561-d92c-4a1c-bae5-aa0287397957","23143584","10592470","23143123","","5","would_delete_bom_row"
"5c554790-e3c8-42e7-a0fe-df532a39fa26","23143600","10592473","23143123","","5","would_delete_bom_row"
"4e7732e0-a59d-4a91-b0d2-a4cbc23c7d78","23143103","10592471","23143123","","5","would_delete_bom_row"
"4e26bbf2-2bc2-4dd7-aec2-887fbf46af5b","23143596","10592472","23143123","","5","would_delete_bom_row"
"4b2236d1-0ae8-48e2-b54e-7ff13537d41e","23143577","10592469","23143123","","5","would_delete_bom_row"
"4ad37de3-01b4-4dc8-92c9-843642ef77f8","23143606","10592474","23143123","","5","would_delete_bom_row"
"4a427fa4-692f-4101-a9ba-0b4c1487f478","23143553","10592467","23143123","","5","would_delete_bom_row"
"48f63d78-7398-487d-afbc-d7a78a863889","23143573","10592469","23143123","","5","would_delete_bom_row"
"4342b975-ae94-4a2b-b0e7-3a98c75107d3","23143568","10592468","23143123","","5","would_delete_bom_row"
"3b4a5d53-74ef-4bd2-894b-7dfc7ab155c2","23143106","10592474","23143123","","5","would_delete_bom_row"
"39ea3220-614e-4122-8931-96bf1bcb5bea","23143588","10592471","23143123","","5","would_delete_bom_row"
"301de486-ee77-448e-beb3-cd9a46a6957a","23143552","10592467","23143123","","5","would_delete_bom_row"
"2e59aa95-c9c7-4ac2-8e44-57b6d7885bbb","23143101","10592469","23143123","","5","would_delete_bom_row"
"2b3af3a8-4c59-4e4f-bb70-de442b8aa2f7","23143583","10592470","23143123","","5","would_delete_bom_row"
"177fee64-19ce-4d55-b852-4064f9ecab8c","23143102","10592470","23143123","","5","would_delete_bom_row"
"14d36da8-f0ac-4cf7-9881-82e510cb85de","23143589","10592471","23143123","","5","would_delete_bom_row"
"13372c43-3ab2-4631-a541-32f850b837a0","23143605","10592474","23143123","","5","would_delete_bom_row"
"0fbee3af-7dbc-4bb6-805e-5b9a82046455","23143535","10592466","23143123","","5","would_delete_bom_row"
"0123cdb9-1aec-4f43-a0f6-8b78ec85f709","23143602","10592473","23143123","","5","would_delete_bom_row"
"fe555e0a-d786-44bf-906f-75ba04d297b5","23143504","10592464","23143136","","27","would_delete_bom_row"
"e784158d-595a-4eda-99e8-46be30dc1969","23143524","10592465","23143136","","37.5","would_delete_bom_row"
"cabf41e0-d7b5-4d7a-a901-34ba583d7df9","23143097","10592465","23143136","","37.5","would_delete_bom_row"
"be9c9862-f2e7-49e8-97cc-3503229f4201","23143520","10592465","23143136","","37.5","would_delete_bom_row"
"a9e01643-5324-4ae6-b6e3-eea0fad4f30a","23143505","10592464","23143136","","27","would_delete_bom_row"
"9f43cc0f-6b54-4669-8bca-6f1bb19a6dac","23143503","10592464","23143136","","27","would_delete_bom_row"
"88c5d817-13cc-44f4-abb4-4ba0f23d8e6a","23143096","10592464","23143136","","27","would_delete_bom_row"
"7688e11a-676c-4b94-931a-474847a39cb9","23143522","10592465","23143136","","37.5","would_delete_bom_row"
"6fdabab3-6f55-4603-92f7-f574074bc7a0","23143502","10592464","23143136","","27","would_delete_bom_row"
"61560fff-c42f-41ea-9fe4-5823fad68718","23143506","10592464","23143136","","27","would_delete_bom_row"
"56b9399a-d0c4-45aa-89ec-2ade3bb241c8","23143523","10592465","23143136","","37.5","would_delete_bom_row"
"1726a1fb-1d63-4c88-81c1-0f572c6f0c95","23143521","10592465","23143136","","37.5","would_delete_bom_row"
"e5bcad21-38ef-4494-b0b5-0c1464c0d4cc","23143502","10592464","23143516","","7.5","would_delete_bom_row"
"c60b9e1e-f5ad-4966-9be1-7311b9e81d37","23143096","10592464","23143516","","7.5","would_delete_bom_row"
"b8b4982b-ee0a-42f2-bd83-9bfa090de5d5","23143521","10592465","23143516","","13","would_delete_bom_row"
"b8125235-fa37-44d3-a802-433ecafb8db4","23143524","10592465","23143516","","13","would_delete_bom_row"
"ab8c0e5c-9d05-4f44-b9ef-db1b9235fede","23143503","10592464","23143516","","7.5","would_delete_bom_row"
"aa43dfaf-8888-4641-bead-765860c01f26","23143523","10592465","23143516","","13","would_delete_bom_row"
"93ba3d34-28c4-4e80-a4c8-d60d9fbec6ad","23143504","10592464","23143516","","7.5","would_delete_bom_row"
"4343c608-2338-4d3f-a1fd-cd9f3f0aa2ad","23143097","10592465","23143516","","13","would_delete_bom_row"
"333b33c9-704f-4ace-a440-b720028e5741","23143506","10592464","23143516","","7.5","would_delete_bom_row"
"30563205-67af-4220-bcc0-d33cdce809c3","23143505","10592464","23143516","","7.5","would_delete_bom_row"
"2b58f0dc-fc40-4dc9-bd2c-1f8c7c3555f1","23143522","10592465","23143516","","13","would_delete_bom_row"
"29443870-0cfe-4082-8f34-72e1094f8d63","23143520","10592465","23143516","","13","would_delete_bom_row"
"ea7ee01a-ded6-434e-8a88-f0da11e85ef2","23143524","10592465","23143509","","62","would_delete_bom_row"
"da35b31e-7a1a-4b06-9467-557c3456ba11","23143523","10592465","23143509","","62","would_delete_bom_row"
"cd0036c7-629e-4a92-9717-cf96056d8cd4","23143522","10592465","23143509","","62","would_delete_bom_row"
"ba9daef1-2712-4afb-9df8-6d3dfda15a34","23143503","10592464","23143509","","48.5","would_delete_bom_row"
"782740a4-0024-4dad-abd0-aca16e415a08","23143504","10592464","23143509","","48.5","would_delete_bom_row"
"71db6a71-5b6f-4215-85b6-262d98f9e1e5","23143520","10592465","23143509","","62","would_delete_bom_row"
"6ee6a5fa-7536-457d-a4a8-dda1141c6fcd","23143505","10592464","23143509","","48.5","would_delete_bom_row"
"5b6d2ff9-0ea9-40a6-baba-a31e7d43f1e4","23143506","10592464","23143509","","48.5","would_delete_bom_row"
"583cf80b-74da-43f3-b169-77a820683781","23143521","10592465","23143509","","62","would_delete_bom_row"
"4305b671-c26c-41f2-8c39-a30ed2ed7feb","23143096","10592464","23143509","","48.5","would_delete_bom_row"
"322c0530-a362-4272-8ab3-b386091ff54b","23143097","10592465","23143509","","62","would_delete_bom_row"
"071976b4-2795-403d-a58f-e083b100f1e3","23143502","10592464","23143509","","48.5","would_delete_bom_row"
"f7760ced-7095-4f74-a000-69e74e54c185","23143470","10592463","23143136","","23","would_delete_bom_row"
"f5976101-23be-4243-8fce-81cfb5386021","23143474","10592463","23143136","","23","would_delete_bom_row"
"e8d8664d-c6e9-4f11-a115-87e2c1895b44","23143092","10592460","23143136","","9","would_delete_bom_row"
"e7f00ac5-7653-4f78-9287-179d2e3a385b","23143465","10592462","23143136","","19","would_delete_bom_row"
"da5157d4-82f8-4250-9102-2cca448a9e7c","23143431","10592460","23143136","","9","would_delete_bom_row"
"d1e8210f-0d9d-480a-892a-adab981b2945","23143464","10592462","23143136","","19","would_delete_bom_row"
"ca89bff9-c489-41e6-a779-43b5de1707d4","23143095","10592463","23143136","","23","would_delete_bom_row"
"c0677b48-6ebd-4299-8b65-a68d52db7b9a","23143467","10592462","23143136","","19","would_delete_bom_row"
"b0e16539-fbdf-466d-bd67-f504a76f473b","23143093","10592461","23143136","","13","would_delete_bom_row"
"ad1a3622-adfb-4148-a2b6-a45a43ad5581","23143450","10592461","23143136","","13","would_delete_bom_row"
"a7b58e3a-d52f-4ec3-9c12-ea4fa8875b34","23143428","10592460","23143136","","9","would_delete_bom_row"
"a6dd7c2b-3a8f-4f3b-9289-69f4014936dd","23143430","10592460","23143136","","9","would_delete_bom_row"
"9eff9ec0-b693-4bff-a570-87c1208eec26","23143094","10592462","23143136","","19","would_delete_bom_row"
"8ae992c7-5314-4708-ab71-6ef8f82627d9","23143427","10592460","23143136","","9","would_delete_bom_row"
"7a3be9ef-6218-42ed-b060-2385cf956474","23143466","10592462","23143136","","19","would_delete_bom_row"
"6b4b82ac-ca02-4d08-9836-b9ce1d23083f","23143429","10592460","23143136","","9","would_delete_bom_row"
"679190cc-928a-4855-a99e-39549ae299c8","23143453","10592461","23143136","","13","would_delete_bom_row"
"5a712369-4e7a-4182-a4b9-3dca6906eb15","23143473","10592463","23143136","","23","would_delete_bom_row"
"3e796942-2c81-4b45-8642-e0cd72b32c0d","23143454","10592461","23143136","","13","would_delete_bom_row"
"35aa9982-424e-42de-9b38-1fce03e6294a","23143452","10592461","23143136","","13","would_delete_bom_row"
"31baf387-d4b4-40a7-aa7a-259dbd3c3c82","23143472","10592463","23143136","","23","would_delete_bom_row"
"165020dd-c74d-41ba-82a9-6364e0c3a9e4","23143468","10592462","23143136","","19","would_delete_bom_row"
"08461c50-8ec0-4261-a6c3-75ac87e4e6d3","23143451","10592461","23143136","","13","would_delete_bom_row"
"06d9f10f-24fa-4de4-b34c-cd0a6029096f","23143471","10592463","23143136","","23","would_delete_bom_row"
"f4493da1-27e5-4b2e-8965-e4dbf9f7fbc2","23143468","10592462","23143128","","1.5","would_delete_bom_row"
"db8f1b29-4de6-4416-9951-1a667a99ed38","23143093","10592461","23143128","","1.5","would_delete_bom_row"
"d7613af6-2347-4541-ab42-153c67702d27","23143470","10592463","23143128","","3","would_delete_bom_row"
"cc054f1b-13bb-48d7-9783-8095938d4674","23143427","10592460","23143128","","1.5","would_delete_bom_row"
"cb3330b0-d031-4dd7-84c5-d2892f35039d","23143094","10592462","23143128","","1.5","would_delete_bom_row"
"b98bd4a0-154b-41d6-8ef6-db7442b59425","23143473","10592463","23143128","","3","would_delete_bom_row"
"b6f0179e-674a-46e2-86e6-2dc61a00300d","23143453","10592461","23143128","","1.5","would_delete_bom_row"
"a89221cf-7570-42e4-b102-321b0090ae72","23143472","10592463","23143128","","3","would_delete_bom_row"
"a5edcef7-740a-4516-b33e-f8370689c1ed","23143450","10592461","23143128","","1.5","would_delete_bom_row"
"a4d6337b-2014-41d9-9e12-6e55c0952119","23143464","10592462","23143128","","1.5","would_delete_bom_row"
"93a35124-cbde-45ee-89dc-a38698a689dc","23143429","10592460","23143128","","1.5","would_delete_bom_row"
"847f91b8-a4bc-4c9f-ae29-bf3163bc3959","23143454","10592461","23143128","","1.5","would_delete_bom_row"
"684b32e9-6583-493d-8e5c-993fa3857c2a","23143430","10592460","23143128","","1.5","would_delete_bom_row"
"64910a1d-12c4-411d-9e19-88ce65159987","23143467","10592462","23143128","","1.5","would_delete_bom_row"
"62e68817-8af5-418a-a40d-e1fe613e9452","23143471","10592463","23143128","","3","would_delete_bom_row"
"39adef23-2307-4a6c-badc-101e3dd5d43b","23143452","10592461","23143128","","1.5","would_delete_bom_row"
"36a18f1b-04f0-4975-8f7b-4d656948ea7a","23143465","10592462","23143128","","1.5","would_delete_bom_row"
"2bd9aff2-9ec6-4a98-bd19-97848abafaa5","23143092","10592460","23143128","","1.5","would_delete_bom_row"
"2a1ce2e7-63e8-4e65-b53e-b6bae325c77e","23143431","10592460","23143128","","1.5","would_delete_bom_row"
"28a8cad0-adab-4d15-aec5-0d0d19c38781","23143095","10592463","23143128","","3","would_delete_bom_row"
"21ebb720-69b5-4769-97c7-4adeb81d2850","23143428","10592460","23143128","","1.5","would_delete_bom_row"
"1e4a3d38-036f-44fc-86bd-c785fdcd0c01","23143466","10592462","23143128","","1.5","would_delete_bom_row"
"19a042fe-579e-4038-83e4-64f11b7ef98c","23143451","10592461","23143128","","1.5","would_delete_bom_row"
"0f47e871-838a-48ff-9b43-1f8ec91558f3","23143474","10592463","23143128","","3","would_delete_bom_row"
"f6a1dc6f-0a6a-43a6-be2d-531a8a5ff585","23143451","10592461","23143123","","17","would_delete_bom_row"
"f2adc8e9-feba-4e54-a804-56f728974d17","23143453","10592461","23143123","","17","would_delete_bom_row"
"eaa3542f-a78a-4759-8a60-d14879ab0a60","23143430","10592460","23143123","","15","would_delete_bom_row"
"dc61ec21-f74b-4270-b6f7-3a7e88bced23","23143471","10592463","23143123","","22","would_delete_bom_row"
"d75c14c1-86da-482f-9a5a-c335eae56659","23143473","10592463","23143123","","22","would_delete_bom_row"
"d529b723-b016-43af-af77-b544c2120393","23143092","10592460","23143123","","15","would_delete_bom_row"
"cebd0724-69f7-40a9-b395-0ef365bdce1b","23143429","10592460","23143123","","15","would_delete_bom_row"
"ca8ceb6c-cea8-44f6-b1b7-f20356f2160c","23143450","10592461","23143123","","17","would_delete_bom_row"
"c48fbd84-e014-42bd-99e3-28739d8430ff","23143431","10592460","23143123","","15","would_delete_bom_row"
"c17cfd00-6a0e-47fb-b0a8-f82260ae99af","23143427","10592460","23143123","","15","would_delete_bom_row"
"a79230bd-a0eb-45ab-adc0-15c5da341f1b","23143093","10592461","23143123","","17","would_delete_bom_row"
"9b7d137d-b2af-4ac7-b41b-392cd4d07261","23143428","10592460","23143123","","15","would_delete_bom_row"
"7847a29f-38e2-407a-ae02-ef94fc172653","23143467","10592462","23143123","","20","would_delete_bom_row"
"694230ce-d58c-4546-8e5e-7c801602dfae","23143464","10592462","23143123","","20","would_delete_bom_row"
"63834aa1-32da-47fc-bdc9-478bac54947d","23143095","10592463","23143123","","22","would_delete_bom_row"
"5bef3bd1-5704-4aaf-b60d-8f091139ed88","23143468","10592462","23143123","","20","would_delete_bom_row"
"49d84317-09c8-41af-b5a3-fd1ae517b5cb","23143466","10592462","23143123","","20","would_delete_bom_row"
"44046aee-edd3-4620-9f1b-e23e3ae31962","23143452","10592461","23143123","","17","would_delete_bom_row"
"3dda3292-9131-4fb4-b858-429ecc5e79a2","23143474","10592463","23143123","","22","would_delete_bom_row"
"29f1516f-2fb1-47c2-8686-4b4fb3704a5b","23143470","10592463","23143123","","22","would_delete_bom_row"
"1f78c8a4-1873-493a-b2b1-cb22461d6b60","23143465","10592462","23143123","","20","would_delete_bom_row"
"1e5b6864-996d-4a22-b3d6-a6c384bcca43","23143454","10592461","23143123","","17","would_delete_bom_row"
"1cd209b7-3181-4122-91da-c53b846d24ce","23143472","10592463","23143123","","22","would_delete_bom_row"
"07375c4f-8e69-49a9-8d2e-da31d791d933","23143094","10592462","23143123","","20","would_delete_bom_row"
"f5df6b88-cb1b-45cf-9cf8-57e2cf5ce44a","23143313","10592456","23143214","","2","would_delete_bom_row"
"ce2f42d8-099e-41a7-a6b2-d8bcbd283cef","23143324","10592456","23143214","","2","would_delete_bom_row"
"c416e785-bdc1-4172-9e2c-23bb0a8b0f8b","23143318","10592456","23143214","","2","would_delete_bom_row"
"8a05f32f-8509-4333-a69b-e81436a0edc9","23143315","10592456","23143214","","2","would_delete_bom_row"
"6d9bfa59-24e4-4736-83f9-e0dcf80ecf97","23143320","10592456","23143214","","2","would_delete_bom_row"
"0ad37a2c-3bc9-49e3-a4c7-a19814f5af6b","23143322","10592456","23143214","","2","would_delete_bom_row"
"b49d62d2-be3d-46fa-a4cf-ea5286f5832f","23143295","10592455","23143214","","2","would_delete_bom_row"
"39340a7f-44fe-494b-a1f0-64439baeaca7","23143289","10592455","23143214","","2","would_delete_bom_row"
"1fafd66a-6c58-4873-8281-e65734afcecf","23143299","10592455","23143214","","2","would_delete_bom_row"
"12653bf3-bff3-4fa0-8c2c-86c1e7eb2f75","23143291","10592455","23143214","","2","would_delete_bom_row"
"0db4b2a1-1471-4cb6-9d25-6d8a38c1957d","23143297","10592455","23143214","","2","would_delete_bom_row"
"067fb5d9-ed2d-437c-9f6d-abd1a0269ec4","23143293","10592455","23143214","","2","would_delete_bom_row"
"f9297e1e-b36f-4488-b468-ceb8f1262d41","23143416","10592459","23143214","","2","would_delete_bom_row"
"f025eb25-5281-4c94-bcdf-ee94cd464157","23143409","10592459","23143214","","2","would_delete_bom_row"
"e24a768a-1804-40b1-bef3-97c487924df0","23143257","10592454","23143214","","2","would_delete_bom_row"
"d29b02ad-f13a-4091-8ea6-ae0623a4fcdb","23143345","10592457","23143214","","2","would_delete_bom_row"
"bca34d7d-1829-4a9c-90d6-99391ac636e7","23143374","10592458","23143214","","2","would_delete_bom_row"
"b8baa884-c932-4fed-8460-0bcc8e388611","23143412","10592459","23143214","","2","would_delete_bom_row"
"a1eb0361-a372-404f-a8e1-20cfc4c44e71","23143337","10592457","23143214","","2","would_delete_bom_row"
"9f82d909-c4c4-420f-86de-53b3e4fc54b1","23143419","10592459","23143214","","2","would_delete_bom_row"
"9f7a3208-389d-4e75-949a-835b6c653d62","23143414","10592459","23143214","","2","would_delete_bom_row"
"9e0d6196-aff8-4580-b630-a08e0b41f042","23143247","10592454","23143214","","2","would_delete_bom_row"
"84f54f42-dbf7-409f-a72a-974d0a3dbe8f","23143249","10592454","23143214","","2","would_delete_bom_row"
"7fb0f900-1506-463f-b75b-a0c6b47cb744","23143341","10592457","23143214","","2","would_delete_bom_row"
"7f3cda3e-25f5-4cfd-88b2-458af4174315","23143254","10592454","23143214","","2","would_delete_bom_row"
"493a3480-7ed5-4aee-8e4a-e85bad578a9d","23143410","10592459","23143214","","2","would_delete_bom_row"
"461cf1df-9454-4006-be32-a2452129c88c","23143379","10592458","23143214","","2","would_delete_bom_row"
"3c16a924-68ad-416f-8b6b-35738f0f4b78","23143375","10592458","23143214","","2","would_delete_bom_row"
"3a8e7356-e800-49c5-bfdd-9d998e54c931","23143381","10592458","23143214","","2","would_delete_bom_row"
"338fbe4a-b5eb-4264-92e7-9b1ef5339918","23143256","10592454","23143214","","2","would_delete_bom_row"
"2fa600d1-99b2-4cb5-8c5c-09328d127f58","23143383","10592458","23143214","","2","would_delete_bom_row"
"2d6534bc-27b0-4d09-97cf-249350a746cd","23143251","10592454","23143214","","2","would_delete_bom_row"
"2d4caaed-bf21-4a50-9e7d-273a3d22cdad","23143335","10592457","23143214","","2","would_delete_bom_row"
"17cae0de-f2d4-42d8-a404-8fb64699d924","23143377","10592458","23143214","","2","would_delete_bom_row"
"120514e8-33a2-428a-8378-76cd7f554526","23143343","10592457","23143214","","2","would_delete_bom_row"
"039c7547-6727-44a4-804f-ea410e73b0aa","23143339","10592457","23143214","","2","would_delete_bom_row"
"f0433e86-0f24-40f4-a976-318bbc0737d0","23143314","10592456","23143136","","22","would_delete_bom_row"
"e14651a0-da04-426c-883f-fe75f42ec7a2","23143315","10592456","23143136","","22","would_delete_bom_row"
"d0d5d1b7-363a-4124-9cce-baff4d5d9d27","23143313","10592456","23143136","","22","would_delete_bom_row"
"b34cc81c-770c-46b1-ae29-d8470ee28914","23143323","10592456","23143136","","22","would_delete_bom_row"
"9ccc2be6-ae37-45aa-8385-796b79c46e62","23143317","10592456","23143136","","22","would_delete_bom_row"
"8e2ac721-e59f-42cb-82e2-ef560ba8811b","23143324","10592456","23143136","","22","would_delete_bom_row"
"7ad03846-99ae-45ea-ad33-6f67c9b6df24","23143318","10592456","23143136","","22","would_delete_bom_row"
"6ebdc435-a9ef-4dca-94cc-a455590c4548","23143321","10592456","23143136","","22","would_delete_bom_row"
"4c8f6692-fd45-4a5b-9a1d-6d13f768f408","23143088","10592456","23143136","","22","would_delete_bom_row"
"3249eee6-2ac0-465a-89b4-f86a9ee111de","23143319","10592456","23143136","","22","would_delete_bom_row"
"28bf5d3a-361d-40b9-a1cc-e5db72ade31c","23143322","10592456","23143136","","22","would_delete_bom_row"
"1a257daa-dc6d-4a0d-8061-1465e111e2ab","23143320","10592456","23143136","","22","would_delete_bom_row"
"e9752fe4-e146-4655-bb96-6cd609aa5a3e","23143323","10592456","23143128","","14.5","would_delete_bom_row"
"c363d1fd-8d10-4ce6-9fdf-14d187514385","23143324","10592456","23143128","","14.5","would_delete_bom_row"
"bd963d3f-d710-4bc2-a217-cb852fae52a7","23143320","10592456","23143128","","14.5","would_delete_bom_row"
"bbfcf8a8-847b-4f2c-976a-d7dc56792b5e","23143321","10592456","23143128","","14.5","would_delete_bom_row"
"b7c84f0b-fc30-4c2a-92a3-2b7082ab8a8b","23143317","10592456","23143128","","14.5","would_delete_bom_row"
"9c12c378-9fd1-4128-914b-6b962bd69dc3","23143088","10592456","23143509","","14.5","would_delete_bom_row"
"83f47c5d-566f-4594-a4b0-fe466e599b80","23143315","10592456","23143128","","14.5","would_delete_bom_row"
"6f4958ee-296a-4305-8b8e-c8c5da266fd1","23143313","10592456","23143128","","14.5","would_delete_bom_row"
"683d4467-cde1-4c31-9457-aad52d9179a7","23143318","10592456","23143128","","14.5","would_delete_bom_row"
"67055eb9-2094-4a51-9418-8bc129984990","23143322","10592456","23143128","","14.5","would_delete_bom_row"
"5f69e2e7-53ef-4f80-ac69-f17ab86c24e8","23143314","10592456","23143128","","14.5","would_delete_bom_row"
"3a15602d-9b96-4856-bcef-03ae9a50cd89","23143319","10592456","23143128","","14.5","would_delete_bom_row"
"f8020c62-acb8-41d0-9a74-1b1a32f2de3d","23143315","10592456","23143123","","42.5","would_delete_bom_row"
"da6eee11-1b29-4394-80d7-de0f64a2797e","23143323","10592456","23143123","","42.5","would_delete_bom_row"
"be4de394-7912-4a27-bf1f-e3008de3bf07","23143320","10592456","23143123","","42.5","would_delete_bom_row"
"b0c69769-83d1-4162-89ad-fd2a072011e8","23143317","10592456","23143123","","42.5","would_delete_bom_row"
"ab8a9e2b-a6f3-4879-93a3-0b5737bd2ab1","23143322","10592456","23143123","","42.5","would_delete_bom_row"
"aa7caef2-c69e-4074-9ad4-e253b69bc342","23143313","10592456","23143123","","42.5","would_delete_bom_row"
"82ff528f-8be4-4d75-a35e-221a1e274ce1","23143321","10592456","23143123","","42.5","would_delete_bom_row"
"569d5273-86c4-413a-8d09-4836e31943c5","23143088","10592456","23143123","","42.5","would_delete_bom_row"
"4bd0efd2-a459-4d1e-b54d-68d59da57a60","23143319","10592456","23143123","","42.5","would_delete_bom_row"
"32b59ba4-a0cb-4970-b72f-7a84975d5c9f","23143314","10592456","23143123","","42.5","would_delete_bom_row"
"311ff5b3-279c-4a0d-a57c-a4b3082301fe","23143318","10592456","23143123","","42.5","would_delete_bom_row"
"08fe224c-1283-47e4-a0a9-ee4edbb48100","23143324","10592456","23143123","","42.5","would_delete_bom_row"
"fcef55a0-137f-47f4-bac9-d433945952b8","23143298","10592455","23143136","","17","would_delete_bom_row"
"dc33e381-f32d-4509-aad2-34e16916c4c8","23143291","10592455","23143136","","17","would_delete_bom_row"
"cf775961-0358-4f98-8927-857e62c9b278","23143297","10592455","23143136","","17","would_delete_bom_row"
"b52b8273-858b-4cbc-b622-27f2140efd18","23143292","10592455","23143136","","17","would_delete_bom_row"
"b0ba5714-5902-49c3-a056-b32882e5fcd5","23143296","10592455","23143136","","17","would_delete_bom_row"
"7f2ba045-3aed-4ed6-88a8-ddba2e110f60","23143289","10592455","23143136","","17","would_delete_bom_row"
"7aaca539-e5c5-4442-85a8-55e0b919f774","23143295","10592455","23143136","","17","would_delete_bom_row"
"66175316-8ab7-44d9-821f-95919d737a57","23143290","10592455","23143136","","17","would_delete_bom_row"
"35e75216-4da2-4167-8f33-2ac4bb41d6c5","23143299","10592455","23143136","","17","would_delete_bom_row"
"2bd42608-c8e0-4c04-97c5-8b7059aca77a","23143087","10592455","23143136","","17","would_delete_bom_row"
"1cf2bd5b-c5b9-45d8-941d-81cbb5efac50","23143293","10592455","23143136","","17","would_delete_bom_row"
"1ac2ab19-579e-4c62-9199-b4b91281196a","23143294","10592455","23143136","","17","would_delete_bom_row"
"fd0627db-bd19-46f8-97b3-571a562da5ea","23143299","10592455","23143128","","11.5","would_delete_bom_row"
"d81b5e9a-374a-493b-af2f-ee844159a1bb","23143295","10592455","23143128","","11.5","would_delete_bom_row"
"c2811f70-ba98-49cb-b752-7d43e2c5103a","23143289","10592455","23143128","","11.5","would_delete_bom_row"
"9d08b27f-e85b-4e34-8cf4-0167ebf544c4","23143290","10592455","23143128","","11.5","would_delete_bom_row"
"99dd66be-8160-4623-8682-d803feb6cce2","23143293","10592455","23143128","","11.5","would_delete_bom_row"
"79057ca5-38c8-47b3-aa14-8b13f2e1a775","23143296","10592455","23143128","","11.5","would_delete_bom_row"
"649e84af-2954-45cf-96d9-4ae158b62a83","23143087","10592455","23143509","","11.5","would_delete_bom_row"
"3edb0e3f-bc4a-4160-bc02-ce0244ded3b4","23143297","10592455","23143128","","11.5","would_delete_bom_row"
"2f6786d2-93ad-4727-a2aa-dcac929e2ec3","23143298","10592455","23143128","","11.5","would_delete_bom_row"
"2cc0324b-21ce-49ab-ba1b-292f2d92aeb6","23143294","10592455","23143128","","11.5","would_delete_bom_row"
"17fc7370-ab99-4e0c-b903-e59d2f29529b","23143291","10592455","23143128","","11.5","would_delete_bom_row"
"139ba0cc-4117-4244-83f4-a3b0398c3e52","23143292","10592455","23143128","","11.5","would_delete_bom_row"
"f379b2ff-b61e-4791-959c-07a8e83bd429","23143291","10592455","23143123","","40","would_delete_bom_row"
"df2527fd-79be-4f56-841a-9f088e1a6c1e","23143292","10592455","23143123","","40","would_delete_bom_row"
"d93608f6-1dd0-4238-80ee-d31c60a699ee","23143294","10592455","23143123","","40","would_delete_bom_row"
"cd5f7a08-080c-4c6c-af59-ee3e3fef8954","23143296","10592455","23143123","","40","would_delete_bom_row"
"b0e4a585-27e5-477c-ae48-f59e417017a1","23143290","10592455","23143123","","40","would_delete_bom_row"
"ad7e9c30-2642-4620-aa1c-12cfec45244c","23143295","10592455","23143123","","40","would_delete_bom_row"
"8e34acc2-e73c-4bb9-a9d0-01a25beca52f","23143087","10592455","23143123","","40","would_delete_bom_row"
"8a533942-c4a2-42ab-a8b5-e2e372b22d03","23143297","10592455","23143123","","40","would_delete_bom_row"
"82aa3796-b110-452f-8fff-c6e4f1616558","23143293","10592455","23143123","","40","would_delete_bom_row"
"61193dd7-c875-497c-a354-4818461ada5f","23143299","10592455","23143123","","40","would_delete_bom_row"
"1fc8a3c7-fe8e-42e1-aa1f-4a79e9fe1ae2","23143289","10592455","23143123","","40","would_delete_bom_row"
"15b34be7-0be5-49f0-8dcd-a7bca7de74a2","23143298","10592455","23143123","","40","would_delete_bom_row"
"ffa0552a-e528-405a-9a11-58f16cba8bbf","23143378","10592458","23143136","","32","would_delete_bom_row"
"f9149f30-bb4d-42f7-9f34-81ba5a70f0eb","23143377","10592458","23143136","","32","would_delete_bom_row"
"f7e066fa-3980-4958-868b-bef1a05d47ae","23143411","10592459","23143136","","37","would_delete_bom_row"
"f5e29f06-deff-4073-8095-3483f414ab62","23143254","10592454","23143136","","11","would_delete_bom_row"
"f38e3b07-b99c-4d66-b9f1-058b59b6a4a8","23143415","10592459","23143136","","37","would_delete_bom_row"
"f158f8bb-115f-4073-bac6-438a5e89ddc8","23143342","10592457","23143136","","27","would_delete_bom_row"
"f0f68ca9-39bc-4470-9b9f-63600116c45c","23143256","10592454","23143136","","11","would_delete_bom_row"
"ee9fdc4b-de00-4d80-ae43-80b45e10f0e2","23143376","10592458","23143136","","32","would_delete_bom_row"
"e70a79e4-77cc-43dc-b217-b246c0047b49","23143249","10592454","23143136","","11","would_delete_bom_row"
"e274f61f-89b6-44f8-a461-a02701b7de05","23143375","10592458","23143136","","32","would_delete_bom_row"
"de186e08-1cd2-4745-8450-189cb085325b","23143418","10592459","23143136","","37","would_delete_bom_row"
"d8b530be-de9a-4176-a953-3c1d96077aeb","23143091","10592459","23143136","","37","would_delete_bom_row"
"d1a6ba9b-4d5b-4759-b41c-b5dbeb5ac497","23143257","10592454","23143136","","11","would_delete_bom_row"
"ce7f411b-250e-4e0a-92e2-b390bdec95fd","23143420","10592459","23143136","","37","would_delete_bom_row"
"c1f48bd6-8206-451a-8754-1a6d560ae9d5","23143337","10592457","23143136","","27","would_delete_bom_row"
"c14f8f45-e816-4ebd-a0df-d0f84508e1db","23143344","10592457","23143136","","27","would_delete_bom_row"
"c0b954f0-d606-4d45-9cef-c8ae0c4e4e6c","23143341","10592457","23143136","","27","would_delete_bom_row"
"be612215-8db3-44a6-ae6f-08bea6cb5191","23143252","10592454","23143136","","11","would_delete_bom_row"
"bd69ad2d-a1f4-45cf-a473-88649283021c","23143419","10592459","23143136","","37","would_delete_bom_row"
"b9844fd0-8daa-49db-81e4-d72aa5e5fe43","23143248","10592454","23143136","","11","would_delete_bom_row"
"b78d7da8-bc27-4ebe-b093-bd385c3e22e5","23143340","10592457","23143136","","27","would_delete_bom_row"
"b6976fc8-1d05-4405-b728-a73813000416","23143410","10592459","23143136","","37","would_delete_bom_row"
"b4fdf5ae-4670-4c89-b7b0-45b8a03ea700","23143247","10592454","23143136","","11","would_delete_bom_row"
"ad4cd03c-9d52-4a6c-b8d5-332d79be18dd","23143412","10592459","23143136","","37","would_delete_bom_row"
"ac1124c4-7d83-4a4a-b80e-293a348612b3","23143258","10592454","23143136","","11","would_delete_bom_row"
"a9996e14-7461-4a71-a734-7105d4f8f1e1","23143409","10592459","23143136","","37","would_delete_bom_row"
"94456089-3ed0-41b2-a5cc-286afbcf567b","23143338","10592457","23143136","","27","would_delete_bom_row"
"92809a95-eeea-4e35-a0c1-ab78ed2b6d09","23143250","10592454","23143136","","11","would_delete_bom_row"
"838ebe01-cff7-4f57-9def-8fa79f9e6ed8","23143089","10592457","23143136","","27","would_delete_bom_row"
"804f2cef-e389-4660-ab4a-7c2b2cbcbedb","23143374","10592458","23143136","","32","would_delete_bom_row"
"7b438442-8e62-4023-ad3f-973e1766e985","23143413","10592459","23143136","","37","would_delete_bom_row"
"6d53e5a5-8519-4048-a3ef-ad5574ee629d","23143379","10592458","23143136","","32","would_delete_bom_row"
"5feefa5e-b2ea-41f0-a27f-5241cbf01ecb","23143414","10592459","23143136","","37","would_delete_bom_row"
"4e7fc1c7-a607-405b-8b20-7c8f147450a8","23143086","10592454","23143136","","11","would_delete_bom_row"
"4c9e973b-21cd-4d07-8672-42ae0d0fea6a","23143383","10592458","23143136","","32","would_delete_bom_row"
"48673418-94e5-424b-a11e-30761ce1c8cc","23143382","10592458","23143136","","32","would_delete_bom_row"
"41579b35-0262-4448-89e8-8e475a8b92ea","23143385","10592458","23143136","","32","would_delete_bom_row"
"3cf32a40-a054-4c52-8ac1-5717111dc863","23143255","10592454","23143136","","11","would_delete_bom_row"
"2849f7a5-3136-4d24-a682-db4316da6927","23143416","10592459","23143136","","37","would_delete_bom_row"
"2751e61c-79ff-471c-9ca2-d0107285b61f","23143381","10592458","23143136","","32","would_delete_bom_row"
"25e46a9b-b124-42b4-8b69-3a578ef19579","23143345","10592457","23143136","","27","would_delete_bom_row"
"236849e3-8c68-49da-ae65-f803440e1c4f","23143090","10592458","23143136","","32","would_delete_bom_row"
"16e7787c-4392-4688-8b9b-347cabecd707","23143380","10592458","23143136","","32","would_delete_bom_row"
"1247d598-ed0f-4d00-a930-3700a054a962","23143343","10592457","23143136","","27","would_delete_bom_row"
"11d7ddf7-a817-48f9-9095-fd2f9c870d6f","23143336","10592457","23143136","","27","would_delete_bom_row"
"0fa5f01b-31ae-402a-9b0c-4275dc32b62b","23143339","10592457","23143136","","27","would_delete_bom_row"
"0d67fd62-0984-473f-a167-005b2eb40638","23143251","10592454","23143136","","11","would_delete_bom_row"
"073bffcf-11f2-4ea6-aa44-c42960a3068e","23143335","10592457","23143136","","27","would_delete_bom_row"
"f910a99a-88b0-4ea7-a21d-ce564c2ca898","23143341","10592457","23143128","","19.5","would_delete_bom_row"
"f6eb8562-565b-4386-bb25-c4f3989b25b1","23143256","10592454","23143128","","8","would_delete_bom_row"
"f60c0359-684a-4f9e-b18b-f49e33dd8c41","23143409","10592459","23143128","","27.5","would_delete_bom_row"
"f5124d92-6d4b-4834-b066-4433940ba88b","23143378","10592458","23143128","","22.5","would_delete_bom_row"
"e73cde1f-b46d-4b40-99a2-e534efd394fc","23143420","10592459","23143128","","27.5","would_delete_bom_row"
"dcb5b155-4374-4de6-8b12-fc4983f64115","23143091","10592459","23143509","","27.5","would_delete_bom_row"
"d8abcb7c-ce94-4074-adcf-9e0027d9d904","23143416","10592459","23143128","","27.5","would_delete_bom_row"
"d1a3c104-9b44-408a-99d8-853e5437a141","23143385","10592458","23143128","","22.5","would_delete_bom_row"
"b21d0d06-c77d-4160-9910-008b88565ff1","23143337","10592457","23143128","","19.5","would_delete_bom_row"
"ac498642-46ba-4524-974c-48d00a3b4481","23143383","10592458","23143128","","22.5","would_delete_bom_row"
"a9852377-eea0-497f-9cda-57cac0a9bc97","23143412","10592459","23143128","","27.5","would_delete_bom_row"
"a6f1da6d-01f1-4063-b419-6ef1212ff1b2","23143086","10592454","23143509","","8","would_delete_bom_row"
"a4b24a02-3668-4dc5-bdd6-d502378dc653","23143339","10592457","23143128","","19.5","would_delete_bom_row"
"a0be6052-dbc6-4479-b9e0-86f84fc936d4","23143380","10592458","23143128","","22.5","would_delete_bom_row"
"a0364884-c848-49bc-bef6-8002ca225265","23143335","10592457","23143128","","19.5","would_delete_bom_row"
"9df9cbfd-d40e-43f0-8f20-a6f0edc4fcdb","23143411","10592459","23143128","","27.5","would_delete_bom_row"
"9b6b8260-4dbb-4125-8888-9de3c7e6d848","23143345","10592457","23143128","","19.5","would_delete_bom_row"
"93c97a0e-0908-423b-95c3-fd0959ddb5c6","23143336","10592457","23143128","","19.5","would_delete_bom_row"
"872842c9-a289-41ca-b373-c3d74d5065f6","23143414","10592459","23143128","","27.5","would_delete_bom_row"
"8709eaf0-95c4-47f8-9588-2f8a2e8d04ba","23143376","10592458","23143128","","22.5","would_delete_bom_row"
"858644b3-a9ad-4db4-afb3-e44534602d5c","23143255","10592454","23143128","","8","would_delete_bom_row"
"82857b3c-d678-4908-ac3f-1a94f91eee2e","23143413","10592459","23143128","","27.5","would_delete_bom_row"
"7edd1dd2-431d-4fbb-a0b6-0c0bb71ba2f7","23143257","10592454","23143128","","8","would_delete_bom_row"
"7dded053-1669-485d-88c5-fda2fdee308f","23143338","10592457","23143128","","19.5","would_delete_bom_row"
"6d4c390e-60f6-4a89-ae0f-9e681ed177ae","23143375","10592458","23143128","","22.5","would_delete_bom_row"
"6a86a7d6-a611-4567-be99-29e9b29f0748","23143250","10592454","23143128","","8","would_delete_bom_row"
"63c5655e-8aaf-44db-b766-541489d9e187","23143418","10592459","23143128","","27.5","would_delete_bom_row"
"62590d28-71c1-4b9f-a5de-c4ba40d432dc","23143254","10592454","23143128","","8","would_delete_bom_row"
"60cf5f23-84b5-4c26-b312-208dc7beeebe","23143344","10592457","23143128","","19.5","would_delete_bom_row"
"5f4524da-e0b7-427a-bf7b-db5b11335345","23143090","10592458","23143509","","28.5","would_delete_bom_row"
"5b74d0d4-c939-494c-8c62-05902c5259d6","23143377","10592458","23143128","","22.5","would_delete_bom_row"
"531d5905-4551-4cfe-ad54-abf68749cc07","23143249","10592454","23143128","","8","would_delete_bom_row"
"4c418865-ec4d-49f0-899e-5f6b333c9841","23143252","10592454","23143128","","8","would_delete_bom_row"
"492a8a82-b01a-4cd3-8062-9dac2a17b0bf","23143374","10592458","23143128","","22.5","would_delete_bom_row"
"487de06d-a774-4634-94ed-99dd63235c2c","23143382","10592458","23143128","","22.5","would_delete_bom_row"
"359f4f67-912a-4259-92ce-6a7dcddb27aa","23143381","10592458","23143128","","22.5","would_delete_bom_row"
"31de467e-23d6-4872-a426-c8129a1c4d84","23143410","10592459","23143128","","27.5","would_delete_bom_row"
"30c90875-cc60-4aed-8674-fd9fc013d9e3","23143340","10592457","23143128","","19.5","would_delete_bom_row"
"2eb8de23-8eef-4921-8ada-3130e528d811","23143247","10592454","23143128","","8","would_delete_bom_row"
"2d052675-4fc2-4ff7-a4c6-3326c8947400","23143248","10592454","23143128","","8","would_delete_bom_row"
"2cd0fbf3-8560-4a50-856d-48a2e83feea8","23143415","10592459","23143128","","27.5","would_delete_bom_row"
"2c36e9bc-e3d1-4820-931f-bbf64d5b486c","23143258","10592454","23143128","","8","would_delete_bom_row"
"213e2ce6-82a4-4c44-88e1-acd89e2fe6af","23143419","10592459","23143128","","27.5","would_delete_bom_row"
"15af6c1c-2290-414c-9ee6-e16389bd2bbe","23143343","10592457","23143128","","19.5","would_delete_bom_row"
"158e4c79-4108-4614-a968-606c80fd7849","23143342","10592457","23143128","","19.5","would_delete_bom_row"
"14031179-d87b-4dd3-845c-f567123c087c","23143089","10592457","23143509","","19.5","would_delete_bom_row"
"0ccb4040-2702-46a4-b6ce-d92f6ec28069","23143251","10592454","23143128","","8","would_delete_bom_row"
"07682e46-87cf-4a23-a03b-09e5d7a60a0f","23143379","10592458","23143128","","22.5","would_delete_bom_row"
"f629b641-e922-46a6-ab83-471cdea80240","23143090","10592458","23143123","","48.5","would_delete_bom_row"
"f4748dc1-93bd-4b18-9889-25c25d2895d1","23143252","10592454","23143123","","36","would_delete_bom_row"
"d67bd74b-8699-45d8-a852-b03bd43dbcac","23143340","10592457","23143123","","45.5","would_delete_bom_row"
"d1dc58e4-29c8-4973-b0b8-2e16a4bef006","23143255","10592454","23143123","","36","would_delete_bom_row"
"cc2afe7c-0093-47f6-a0d5-fbb448aea1e8","23143338","10592457","23143123","","45.5","would_delete_bom_row"
"c47e3f2f-2a10-4962-bde4-18cc62492a6e","23143375","10592458","23143123","","48.5","would_delete_bom_row"
"bc961648-9ff2-48cf-b6e6-70e7945a7abf","23143254","10592454","23143123","","36","would_delete_bom_row"
"bc89ccc0-fc15-4918-af36-7c7eae296687","23143420","10592459","23143123","","51.5","would_delete_bom_row"
"bba301c1-b364-4f67-84a9-8886eacab3db","23143339","10592457","23143123","","45.5","would_delete_bom_row"
"b329d502-6b86-430e-b0c9-6f7f56e407ea","23143376","10592458","23143123","","48.5","would_delete_bom_row"
"b1906351-0f6f-4169-ad9a-7c19fae783fd","23143343","10592457","23143123","","45.5","would_delete_bom_row"
"a6d6ffd7-ab2c-4828-80a7-41051e73aebe","23143337","10592457","23143123","","45.5","would_delete_bom_row"
"a54ed35c-7c64-424c-bb67-8be5e91403b7","23143381","10592458","23143123","","48.5","would_delete_bom_row"
"a45a6815-171a-48a4-88cb-4cca5066f62e","23143249","10592454","23143123","","36","would_delete_bom_row"
"a3ea55e4-e4d1-4579-8f4a-88f99e4ca999","23143377","10592458","23143123","","48.5","would_delete_bom_row"
"a2c1e7cd-c639-43bb-9913-7cd78cfcd566","23143247","10592454","23143123","","36","would_delete_bom_row"
"a12f54ec-fdb4-4a1f-bb2b-896ac9c486d7","23143410","10592459","23143123","","51.5","would_delete_bom_row"
"9ccbac6e-5d95-4230-afbe-acfd40acf258","23143345","10592457","23143123","","45.5","would_delete_bom_row"
"9bc2a897-007d-4d3a-918b-c20d1558f078","23143379","10592458","23143123","","48.5","would_delete_bom_row"
"913a4a9f-1bd6-4655-8e7d-1b43f6fc162a","23143089","10592457","23143123","","45.5","would_delete_bom_row"
"8f976768-6cd9-44f3-99b5-86f6a10079b4","23143419","10592459","23143123","","51.5","would_delete_bom_row"
"8b82387e-4447-4c95-98c6-2ddb486e0020","23143380","10592458","23143123","","48.5","would_delete_bom_row"
"87fb9c1d-14fa-4b0b-a044-d0eff256cc6c","23143086","10592454","23143123","","36","would_delete_bom_row"
"86c471a7-28b6-452a-929a-293196118f5a","23143248","10592454","23143123","","36","would_delete_bom_row"
"7b34fb2d-83e1-486b-9017-bcb3cc71b642","23143341","10592457","23143123","","45.5","would_delete_bom_row"
"7505d4fb-5aae-457b-b2fe-6757adfcab3e","23143414","10592459","23143123","","51.5","would_delete_bom_row"
"708698c9-a4df-4859-897e-ad918de336ae","23143091","10592459","23143123","","51.5","would_delete_bom_row"
"6c551b48-179f-49e6-9803-9b05390fbab7","23143413","10592459","23143123","","51.5","would_delete_bom_row"
"6421a6b0-e749-4926-aa96-3d1340da8eda","23143336","10592457","23143123","","45.5","would_delete_bom_row"
"63eaded0-abfe-4c05-bdc1-f6a8e94eb43b","23143257","10592454","23143123","","36","would_delete_bom_row"
"61cf3111-821e-4f29-aefd-e25e25cd76b0","23143385","10592458","23143123","","48.5","would_delete_bom_row"
"600d30df-322c-4fc7-9558-b3634f79d70d","23143416","10592459","23143123","","51.5","would_delete_bom_row"
"5da39fc4-dbc5-4954-97b7-b030bab58257","23143342","10592457","23143123","","45.5","would_delete_bom_row"
"5af55297-4216-4bab-b7ec-d16c851bee4b","23143383","10592458","23143123","","48.5","would_delete_bom_row"
"5a8721a3-0793-43a2-b4c2-ca053b56cd57","23143409","10592459","23143123","","51.5","would_delete_bom_row"
"519c9d52-08b7-4d36-9027-266b36aba2fb","23143374","10592458","23143123","","48.5","would_delete_bom_row"
"4f34ca37-e31e-41f3-894e-ebeeeb4a0271","23143411","10592459","23143123","","51.5","would_delete_bom_row"
"4c2ad45a-0dde-4bf0-8b49-e02910aa201e","23143382","10592458","23143123","","48.5","would_delete_bom_row"
"425e1446-efde-44a7-98ef-c78236110300","23143251","10592454","23143123","","36","would_delete_bom_row"
"403e5172-9073-4fc4-a1fc-ff1d63bca828","23143344","10592457","23143123","","45.5","would_delete_bom_row"
"3d53b15a-a678-41f5-a06e-0c7968ba0db0","23143256","10592454","23143123","","36","would_delete_bom_row"
"38862c64-935b-4167-aab5-97302e614e92","23143418","10592459","23143123","","51.5","would_delete_bom_row"
"384f8193-e434-45d6-a869-34d0b8eac5a0","23143412","10592459","23143123","","51.5","would_delete_bom_row"
"28c2e97d-b1b2-414a-a413-f88c3eae79fa","23143258","10592454","23143123","","36","would_delete_bom_row"
"227eab36-b994-4c6a-a4e5-3d16c6e6a547","23143415","10592459","23143123","","51.5","would_delete_bom_row"
"1b56a57f-7889-4fbf-8189-767ccd10f479","23143335","10592457","23143123","","45.5","would_delete_bom_row"
"19ef7a90-75eb-4aa7-9cd6-43bb5a0de0e1","23143378","10592458","23143123","","48.5","would_delete_bom_row"
"1207dea3-62cb-4e5e-a59b-ddb0d676999a","23143250","10592454","23143123","","36","would_delete_bom_row"
