status,sku,ingredient_name,kind,inferred_uom,katana_uom,uom_rule,variant_count,variant_ids,material_ids,variant_types,post_candidate,note
"ok","ASM-BRK-BAR-TAB-120X28-FRAME","BROOKLYN TABLE (BAR HEIGHT) 28 X 120 FRAME","sub_assembly","ea","pcs","default ea","1","42071583","","product","no","present in Katana"
"ok","ASM-BRK-BAR-TAB-120X36-FRAME","BROOKLYN TABLE (BAR HEIGHT) 36 X 120 FRAME","sub_assembly","ea","pcs","default ea","1","42071584","","product","no","present in Katana"
"ok","ASM-BRK-BAR-TAB-28X120-FRAME","BROOKLYN TABLE (BAR HEIGHT) 28"" x 120"" x 42"" FRAME","sub_assembly","ea","pcs","default ea","1","42071585","","product","no","present in Katana"
"ok","ASM-BRK-BAR-TAB-28X72-FRAME","BROOKLYN TABLE (BAR HEIGHT) 28"" x 72"" x 42"" FRAME","sub_assembly","ea","pcs","default ea","1","42071586","","product","no","present in Katana"
"ok","ASM-BRK-BAR-TAB-28X96-FRAME","BROOKLYN TABLE (BAR HEIGHT) 28"" x 96"" x 42"" FRAME","sub_assembly","ea","pcs","default ea","1","42071587","","product","no","present in Katana"
"ok","ASM-BRK-BAR-TAB-36X120-FRAME","BROOKLYN TABLE (BAR HEIGHT) 36"" x 120"" x 42"" FRAME","sub_assembly","ea","pcs","default ea","1","42071588","","product","no","present in Katana"
"ok","ASM-BRK-BAR-TAB-36X36-FRAME","STAR LEG TABLE (BAR HEIGHT) 36"" x 36"" x 42"" FRAME","sub_assembly","ea","pcs","default ea","1","42071589","","product","no","present in Katana"
"ok","ASM-BRK-BAR-TAB-36X72-FRAME","BROOKLYN TABLE (BAR HEIGHT) 36"" x 72"" x 42"" FRAME","sub_assembly","ea","pcs","default ea","1","42071590","","product","no","present in Katana"
"ok","ASM-BRK-BAR-TAB-36X96-FRAME","BROOKLYN TABLE (BAR HEIGHT) 36"" x 96"" x 42"" FRAME","sub_assembly","ea","pcs","default ea","1","42071591","","product","no","present in Katana"
"ok","ASM-BRK-BAR-TAB-42X42-FRAME","STAR LEG TABLE (BAR HEIGHT) 42"" x 42"" x 42"" FRAME","sub_assembly","ea","pcs","default ea","1","42071592","","product","no","present in Katana"
"ok","ASM-BRK-BAR-TAB-72X28-FRAME","BROOKLYN TABLE (BAR HEIGHT) 28 X 72 FRAME","sub_assembly","ea","pcs","default ea","1","42071593","","product","no","present in Katana"
"ok","ASM-BRK-BAR-TAB-72X36-FRAME","BROOKLYN TABLE (BAR HEIGHT) 36 X 72 FRAME","sub_assembly","ea","pcs","default ea","1","42071594","","product","no","present in Katana"
"ok","ASM-BRK-BAR-TAB-96X36-FRAME","BROOKLYN TABLE (BAR HEIGHT) 36 X 96 FRAME","sub_assembly","ea","pcs","default ea","1","42071595","","product","no","present in Katana"
"ok","ASM-BRK-BAR-TAB-98X28-FRAME","BROOKLYN TABLE (BAR HEIGHT) 28 X 96 FRAME","sub_assembly","ea","pcs","default ea","1","42071596","","product","no","present in Katana"
"ok","ASM-BRK-CNT-TAB-120X28-FRAME","BROOKLYN TABLE (COUNTER HEIGHT) 28 X 120 FRAME","sub_assembly","ea","pcs","default ea","1","42071597","","product","no","present in Katana"
"ok","ASM-BRK-CNT-TAB-120X36-FRAME","BROOKLYN TABLE (COUNTER HEIGHT) 36 X 120 FRAME","sub_assembly","ea","pcs","default ea","1","42071598","","product","no","present in Katana"
"ok","ASM-BRK-CNT-TAB-28X120-FRAME","BROOKLYN TABLE (COUNTER HEIGHT) 28"" x 120"" x 36"" FRAME","sub_assembly","ea","pcs","default ea","1","42071599","","product","no","present in Katana"
"ok","ASM-BRK-CNT-TAB-28X72-FRAME","BROOKLYN TABLE (COUNTER HEIGHT) 28"" x 72"" x 36"" FRAME","sub_assembly","ea","pcs","default ea","1","42071600","","product","no","present in Katana"
"ok","ASM-BRK-CNT-TAB-28X96-FRAME","BROOKLYN TABLE (COUNTER HEIGHT) 28"" x 96"" x 36"" FRAME","sub_assembly","ea","pcs","default ea","1","42071601","","product","no","present in Katana"
"ok","ASM-BRK-CNT-TAB-36X120-FRAME","BROOKLYN TABLE (COUNTER HEIGHT) 36"" x 120"" x 36"" FRAME","sub_assembly","ea","pcs","default ea","1","42071602","","product","no","present in Katana"
"ok","ASM-BRK-CNT-TAB-36X36-FRAME","STAR LEG TABLE (COUNTER HEIGHT) 36"" x 36"" x 36"" FRAME","sub_assembly","ea","pcs","default ea","1","42071603","","product","no","present in Katana"
"ok","ASM-BRK-CNT-TAB-36X72-FRAME","BROOKLYN TABLE (COUNTER HEIGHT) 36"" x 72"" x 36"" FRAME","sub_assembly","ea","pcs","default ea","1","42071604","","product","no","present in Katana"
"ok","ASM-BRK-CNT-TAB-36X96-FRAME","BROOKLYN TABLE (COUNTER HEIGHT) 36"" x 96"" x 36"" FRAME","sub_assembly","ea","pcs","default ea","1","42071605","","product","no","present in Katana"
"ok","ASM-BRK-CNT-TAB-42X42-FRAME","STAR LEG TABLE (COUNTER HEIGHT) 42"" x 42"" x 36"" FRAME","sub_assembly","ea","pcs","default ea","1","42071606","","product","no","present in Katana"
"ok","ASM-BRK-CNT-TAB-72X18-FRAME","BROOKLYN TABLE (COUNTER HEIGHT) 18 X 72 FRAME","sub_assembly","ea","pcs","default ea","1","42071607","","product","no","present in Katana"
"ok","ASM-BRK-CNT-TAB-72X28-FRAME","BROOKLYN TABLE (COUNTER HEIGHT) 28 X 72 FRAME","sub_assembly","ea","pcs","default ea","1","42071608","","product","no","present in Katana"
"ok","ASM-BRK-CNT-TAB-72X36-FRAME","BROOKLYN TABLE (COUNTER HEIGHT) 36 X 72 FRAME","sub_assembly","ea","pcs","default ea","1","42071609","","product","no","present in Katana"
"ok","ASM-BRK-CNT-TAB-96X28-FRAME","BROOKLYN TABLE (COUNTER HEIGHT) 28 X 96 FRAME","sub_assembly","ea","pcs","default ea","1","42071610","","product","no","present in Katana"
"ok","ASM-BRK-CNT-TAB-96X36-FRAME","BROOKLYN TABLE (COUNTER HEIGHT) 36 X 96 FRAME","sub_assembly","ea","pcs","default ea","1","42071611","","product","no","present in Katana"
"ok","ASM-BRK-COR-CHS-84X42-CUSH","BROOKLYN CORNER CHAISE 84"" x 42"" x 30"" BH CUSH","sub_assembly","ea","pcs","default ea","1","42071612","","product","no","present in Katana"
"ok","ASM-BRK-COR-CHS-84X42-FRAME","BROOKLYN CORNER CHAISE 84"" x 42"" x 30"" BH FRAME","sub_assembly","ea","pcs","default ea","1","42071613","","product","no","present in Katana"
"ok","ASM-BRK-DIN-TAB-120X28-FRAME","BROOKLYN TABLE (DINING HEIGHT) 28 X 120 FRAME","sub_assembly","ea","pcs","default ea","1","42071614","","product","no","present in Katana"
"ok","ASM-BRK-DIN-TAB-120X36-FRAME","BROOKLYN TABLE (DINING HEIGHT) 36 X 120 FRAME","sub_assembly","ea","pcs","default ea","1","42071615","","product","no","present in Katana"
"ok","ASM-BRK-DIN-TAB-28X120-FRAME","BROOKLYN TABLE (DINING HEIGHT) 28"" x 120"" x 30"" FRAME","sub_assembly","ea","pcs","default ea","1","42071616","","product","no","present in Katana"
"ok","ASM-BRK-DIN-TAB-28X72-FRAME","BROOKLYN TABLE (DINING HEIGHT) 28"" x 72"" x 30"" FRAME","sub_assembly","ea","pcs","default ea","1","42071617","","product","no","present in Katana"
"ok","ASM-BRK-DIN-TAB-28X96-FRAME","BROOKLYN TABLE (DINING HEIGHT) 28"" x 96"" x 30"" FRAME","sub_assembly","ea","pcs","default ea","1","42071618","","product","no","present in Katana"
"ok","ASM-BRK-DIN-TAB-36X120-FRAME","BROOKLYN TABLE (DINING HEIGHT) 36"" x 120"" x 30"" FRAME","sub_assembly","ea","pcs","default ea","1","42071619","","product","no","present in Katana"
"ok","ASM-BRK-DIN-TAB-36X36-FRAME","STAR LEG TABLE (DINING HEIGHT) 36"" x 36"" x 30"" FRAME","sub_assembly","ea","pcs","default ea","1","42071620","","product","no","present in Katana"
"ok","ASM-BRK-DIN-TAB-36X72-FRAME","BROOKLYN TABLE (DINING HEIGHT) 36"" x 72"" x 30"" FRAME","sub_assembly","ea","pcs","default ea","1","42071621","","product","no","present in Katana"
"ok","ASM-BRK-DIN-TAB-36X96-FRAME","BROOKLYN TABLE (DINING HEIGHT) 36"" x 96"" x 30"" FRAME","sub_assembly","ea","pcs","default ea","1","42071622","","product","no","present in Katana"
"ok","ASM-BRK-DIN-TAB-42X42-FRAME","STAR LEG TABLE (DINING HEIGHT) 42"" x 42"" x 30"" FRAME","sub_assembly","ea","pcs","default ea","1","42071623","","product","no","present in Katana"
"ok","ASM-BRK-DIN-TAB-72X28-FRAME","BROOKLYN TABLE (DINING HEIGHT) 28 X 72 FRAME","sub_assembly","ea","pcs","default ea","1","42071624","","product","no","present in Katana"
"ok","ASM-BRK-DIN-TAB-72X36-FRAME","BROOKLYN TABLE (DINING HEIGHT) 36 X 72 FRAME","sub_assembly","ea","pcs","default ea","1","42071625","","product","no","present in Katana"
"ok","ASM-BRK-DIN-TAB-96X28-FRAME","BROOKLYN TABLE (DINING HEIGHT) 28 X 96 FRAME","sub_assembly","ea","pcs","default ea","1","42071626","","product","no","present in Katana"
"ok","ASM-BRK-DIN-TAB-96X36-FRAME","BROOKLYN TABLE (DINING HEIGHT) 36 X 96 FRAME","sub_assembly","ea","pcs","default ea","1","42071627","","product","no","present in Katana"
"ok","ASM-BRK-OTT-22X42-CUSH","BROOKLYN OTTOMAN 22"" x 42"" x 17"" CUSH","sub_assembly","ea","pcs","default ea","1","42071628","","product","no","present in Katana"
"ok","ASM-BRK-OTT-22X42-FRAME","BROOKLYN OTTOMAN 22"" x 42"" x 17"" FRAME","sub_assembly","ea","pcs","default ea","1","42071629","","product","no","present in Katana"
"ok","ASM-BRK-OTT-22X60-CUSH","BROOKLYN OTTOMAN 22"" x 60"" x 17"" CUSH","sub_assembly","ea","pcs","default ea","1","42071630","","product","no","present in Katana"
"ok","ASM-BRK-OTT-22X60-FRAME","BROOKLYN OTTOMAN 22"" x 60"" x 17"" FRAME","sub_assembly","ea","pcs","default ea","1","42071631","","product","no","present in Katana"
"ok","ASM-BRK-OTT-22X72-CUSH","BROOKLYN OTTOMAN 22"" x 72"" x 17"" CUSH","sub_assembly","ea","pcs","default ea","1","42071632","","product","no","present in Katana"
"ok","ASM-BRK-OTT-22X72-FRAME","BROOKLYN OTTOMAN 22"" x 72"" x 17"" FRAME","sub_assembly","ea","pcs","default ea","1","42071633","","product","no","present in Katana"
"ok","ASM-BRK-OTT-34X34-CUSH","BROOKLYN OTTOMAN 34"" x 34"" x 17"" CUSH","sub_assembly","ea","pcs","default ea","1","42071642","","product","no","present in Katana"
"ok","ASM-BRK-OTT-34X34-FRAME","BROOKLYN OTTOMAN 34"" x 34"" x 17"" FRAME","sub_assembly","ea","pcs","default ea","1","42071643","","product","no","present in Katana"
"ok","ASM-BRK-OTT-34X42-CUSH","BROOKLYN OTTOMAN 34"" x 42"" x 17"" CUSH","sub_assembly","ea","pcs","default ea","1","42071644","","product","no","present in Katana"
"ok","ASM-BRK-OTT-34X42-FRAME","BROOKLYN OTTOMAN 34"" x 42"" x 17"" FRAME","sub_assembly","ea","pcs","default ea","1","42071645","","product","no","present in Katana"
"ok","ASM-BRK-OTT-34X60-CUSH","BROOKLYN OTTOMAN 34"" x 60"" x 17"" CUSH","sub_assembly","ea","pcs","default ea","1","42071646","","product","no","present in Katana"
"ok","ASM-BRK-OTT-34X60-FRAME","BROOKLYN OTTOMAN 34"" x 60"" x 17"" FRAME","sub_assembly","ea","pcs","default ea","1","42071647","","product","no","present in Katana"
"ok","ASM-BRK-OTT-34X72-CUSH","BROOKLYN OTTOMAN 34"" x 72"" x 17"" CUSH","sub_assembly","ea","pcs","default ea","1","42071648","","product","no","present in Katana"
"ok","ASM-BRK-OTT-34X72-FRAME","BROOKLYN OTTOMAN 34"" x 72"" x 17"" FRAME","sub_assembly","ea","pcs","default ea","1","42071649","","product","no","present in Katana"
"ok","ASM-BRK-OTT-42X22-CUSH","BROOKLYN OTTOMAN 22 X 42 CUSH","sub_assembly","ea","pcs","default ea","1","42071650","","product","no","present in Katana"
"ok","ASM-BRK-OTT-42X22-FRAME","BROOKLYN OTTOMAN 22 X 42 FRAME","sub_assembly","ea","pcs","default ea","1","42071651","","product","no","present in Katana"
"ok","ASM-BRK-OTT-42X34-CUSH","BROOKLYN OTTOMAN 34 X 42 CUSH","sub_assembly","ea","pcs","default ea","1","42071652","","product","no","present in Katana"
"ok","ASM-BRK-OTT-42X34-FRAME","BROOKLYN OTTOMAN 34 X 42 FRAME","sub_assembly","ea","pcs","default ea","1","42071653","","product","no","present in Katana"
"ok","ASM-BRK-OTT-56X42-CUSH","BROOKLYN OTTOMAN 56"" x 42"" x 17"" CUSH","sub_assembly","ea","pcs","default ea","1","42071654","","product","no","present in Katana"
"ok","ASM-BRK-OTT-56X42-FRAME","BROOKLYN OTTOMAN 56"" x 42"" x 17"" FRAME","sub_assembly","ea","pcs","default ea","1","42071655","","product","no","present in Katana"
"ok","ASM-BRK-OTT-60X22-CUSH","BROOKLYN OTTOMAN 22 X 60 CUSH","sub_assembly","ea","pcs","default ea","1","42071656","","product","no","present in Katana"
"ok","ASM-BRK-OTT-60X22-FRAME","BROOKLYN OTTOMAN 22 X 60 FRAME","sub_assembly","ea","pcs","default ea","1","42071657","","product","no","present in Katana"
"ok","ASM-BRK-OTT-60X34-CUSH","BROOKLYN OTTOMAN 34 X 60 CUSH","sub_assembly","ea","pcs","default ea","1","42071658","","product","no","present in Katana"
"ok","ASM-BRK-OTT-60X34-FRAME","BROOKLYN OTTOMAN 34 X 60 FRAME","sub_assembly","ea","pcs","default ea","1","42071659","","product","no","present in Katana"
"ok","ASM-BRK-OTT-72X22-CUSH","BROOKLYN OTTOMAN 22 X 72 CUSH","sub_assembly","ea","pcs","default ea","1","42071660","","product","no","present in Katana"
"ok","ASM-BRK-OTT-72X22-FRAME","BROOKLYN OTTOMAN 22 X 72 FRAME","sub_assembly","ea","pcs","default ea","1","42071661","","product","no","present in Katana"
"ok","ASM-BRK-OTT-72X34-CUSH","BROOKLYN OTTOMAN 34 X 72 CUSH","sub_assembly","ea","pcs","default ea","1","42071662","","product","no","present in Katana"
"ok","ASM-BRK-OTT-72X34-FRAME","BROOKLYN OTTOMAN 34 X 72 FRAME","sub_assembly","ea","pcs","default ea","1","42071663","","product","no","present in Katana"
"ok","ASM-BRK-SOF-60X34-CUSH","BROOKLYN SOFA 60"" x 34"" x 30"" BH CUSH","sub_assembly","ea","pcs","default ea","1","42071664","","product","no","present in Katana"
"ok","ASM-BRK-SOF-60X34-FRAME","BROOKLYN SOFA 60"" x 34"" x 30"" BH FRAME","sub_assembly","ea","pcs","default ea","1","42071665","","product","no","present in Katana"
"ok","ASM-BRV-ARM-SOF-34X34-CUSH","BRAVADA ARMLESS SOFA 34"" x 34"" x 31"" BH CUSH","sub_assembly","ea","pcs","default ea","1","42071666","","product","no","present in Katana"
"ok","ASM-BRV-ARM-SOF-34X34-FRAME","BRAVADA ARMLESS SOFA 34"" x 34"" x 31"" BH FRAME","sub_assembly","ea","pcs","default ea","1","42071667","","product","no","present in Katana"
"ok","ASM-BRV-ARM-SOF-72X34-CUSH","BRAVADA ARMLESS SOFA 72"" x 34"" x 31"" BH CUSH","sub_assembly","ea","pcs","default ea","1","42071668","","product","no","present in Katana"
"ok","ASM-BRV-ARM-SOF-72X34-FRAME","BRAVADA ARMLESS SOFA 72"" x 34"" x 31"" BH FRAME","sub_assembly","ea","pcs","default ea","1","42071669","","product","no","present in Katana"
"ok","ASM-BRV-ARM-SOF-84X34-CUSH","BRAVADA ARMLESS SOFA 84"" x 34"" x 31"" BH CUSH","sub_assembly","ea","pcs","default ea","1","42071670","","product","no","present in Katana"
"ok","ASM-BRV-ARM-SOF-84X34-FRAME","BRAVADA ARMLESS SOFA 84"" x 34"" x 31"" BH FRAME","sub_assembly","ea","pcs","default ea","1","42071671","","product","no","present in Katana"
"ok","ASM-BRV-ARM-SOF-96X34-CUSH","BRAVADA ARMLESS SOFA 96"" x 34"" x 31"" BH CUSH","sub_assembly","ea","pcs","default ea","1","42071672","","product","no","present in Katana"
"ok","ASM-BRV-ARM-SOF-96X34-FRAME","BRAVADA ARMLESS SOFA 96"" x 34"" x 31"" BH FRAME","sub_assembly","ea","pcs","default ea","1","42071673","","product","no","present in Katana"
"ok","ASM-BRV-BCH-96X34-CUSH","BRAVADA ROUNDED BENCH 96"" X 34"" X 18"" SH CUSH","sub_assembly","ea","pcs","default ea","1","42071674","","product","no","present in Katana"
"ok","ASM-BRV-BCH-96X34-FRAME","BRAVADA ROUNDED BENCH 96"" X 34"" X 18"" SH FRAME","sub_assembly","ea","pcs","default ea","1","42071675","","product","no","present in Katana"
"ok","ASM-BRV-COF-TAB-28X42-FRAME","BRAVADA COFFEE TABLE 28"" x 42"" x 17"" FRAME","sub_assembly","ea","pcs","default ea","1","42071676","","product","no","present in Katana"
"ok","ASM-BRV-COF-TAB-36X56-FRAME","BRAVADA COFFEE TABLE 36"" x 56"" x 17"" FRAME","sub_assembly","ea","pcs","default ea","1","42071677","","product","no","present in Katana"
"ok","ASM-BRV-COF-TAB-42X56-FRAME","BRAVADA COFFEE TABLE 42"" x 56"" x 17"" FRAME","sub_assembly","ea","pcs","default ea","1","42071678","","product","no","present in Katana"
"ok","ASM-BRV-COF-TAB-42X72-FRAME","BRAVADA COFFEE TABLE 42"" x 72"" x 17"" FRAME","sub_assembly","ea","pcs","default ea","1","42071679","","product","no","present in Katana"
"ok","ASM-BRV-COF-TAB-56X72-FRAME","BRAVADA COFFEE TABLE 56"" x 72"" x 17"" FRAME","sub_assembly","ea","pcs","default ea","1","42071680","","product","no","present in Katana"
"ok","ASM-BRV-COR-CHS-72X34-CUSH","BRAVADA CORNER CHAISE 72"" x 34"" x 31"" BH CUSH","sub_assembly","ea","pcs","default ea","1","42071681","","product","no","present in Katana"
"ok","ASM-BRV-COR-CHS-72X34-FRAME","BRAVADA CORNER CHAISE 72"" x 34"" x 31"" BH FRAME","sub_assembly","ea","pcs","default ea","1","42071682","","product","no","present in Katana"
"ok","ASM-BRV-COR-CHS-84X34-CUSH","BRAVADA CORNER CHAISE 84"" x 34"" x 31"" BH CUSH","sub_assembly","ea","pcs","default ea","1","42071683","","product","no","present in Katana"
"ok","ASM-BRV-COR-CHS-84X34-FRAME","BRAVADA CORNER CHAISE 84"" x 34"" x 31"" BH FRAME","sub_assembly","ea","pcs","default ea","1","42071684","","product","no","present in Katana"
"ok","ASM-BRV-DYB-84X72-CUSH","BRAVADA DAYBED 84"" x 72"" x 27"" BH CUSH","sub_assembly","ea","pcs","default ea","1","42071685","","product","no","present in Katana"
"ok","ASM-BRV-DYB-84X72-FRAME","BRAVADA DAYBED 84"" x 72"" x 27"" BH FRAME","sub_assembly","ea","pcs","default ea","1","42071686","","product","no","present in Katana"
"ok","ASM-BRV-DYB-84X84-CUSH","BRAVADA ROUND DAYBED 84"" DIAMETER CUSH","sub_assembly","ea","pcs","default ea","1","42071687","","product","no","present in Katana"
"ok","ASM-BRV-DYB-84X84-FRAME","BRAVADA ROUND DAYBED 84"" DIAMETER FRAME","sub_assembly","ea","pcs","default ea","1","42071688","","product","no","present in Katana"
"ok","ASM-BRV-OTT-22X30-CUSH","BRAVADA OTTOMAN 22"" x 30"" x 16"" CUSH","sub_assembly","ea","pcs","default ea","1","42071689","","product","no","present in Katana"
"ok","ASM-BRV-OTT-22X30-FRAME","BRAVADA OTTOMAN 22"" x 30"" x 16"" FRAME","sub_assembly","ea","pcs","default ea","1","42071690","","product","no","present in Katana"
"ok","ASM-BRV-OTT-22X42-CUSH","BRAVADA OTTOMAN 22"" x 42"" x 16"" CUSH","sub_assembly","ea","pcs","default ea","1","42071691","","product","no","present in Katana"
"ok","ASM-BRV-OTT-22X42-FRAME","BRAVADA OTTOMAN 22"" x 42"" x 16"" FRAME","sub_assembly","ea","pcs","default ea","1","42071692","","product","no","present in Katana"
"ok","ASM-BRV-OTT-22X60-CUSH","BRAVADA OTTOMAN 22"" x 60"" x 16"" CUSH","sub_assembly","ea","pcs","default ea","1","42071693","","product","no","present in Katana"
"ok","ASM-BRV-OTT-22X60-FRAME","BRAVADA OTTOMAN 22"" x 60"" x 16"" FRAME","sub_assembly","ea","pcs","default ea","1","42071694","","product","no","present in Katana"
"ok","ASM-BRV-OTT-22X72-CUSH","BRAVADA OTTOMAN 22"" x 72"" x 16"" CUSH","sub_assembly","ea","pcs","default ea","1","42071695","","product","no","present in Katana"
"ok","ASM-BRV-OTT-22X72-FRAME","BRAVADA OTTOMAN 22"" x 72"" x 16"" FRAME","sub_assembly","ea","pcs","default ea","1","42071696","","product","no","present in Katana"
"ok","ASM-BRV-OTT-34X42-CUSH","BRAVADA OTTOMAN 34"" x 42"" x 16"" CUSH","sub_assembly","ea","pcs","default ea","1","42071698","","product","no","present in Katana"
"ok","ASM-BRV-OTT-34X42-FRAME","BRAVADA OTTOMAN 34"" x 42"" x 16"" FRAME","sub_assembly","ea","pcs","default ea","1","42071699","","product","no","present in Katana"
"ok","ASM-BRV-OTT-34X60-CUSH","BRAVADA OTTOMAN 34"" x 60"" x 16"" CUSH","sub_assembly","ea","pcs","default ea","1","42071700","","product","no","present in Katana"
"ok","ASM-BRV-OTT-34X60-FRAME","BRAVADA OTTOMAN 34"" x 60"" x 16"" FRAME","sub_assembly","ea","pcs","default ea","1","42071701","","product","no","present in Katana"
"ok","ASM-BRV-OTT-34X72-CUSH","BRAVADA OTTOMAN 34"" x 72"" x 16"" CUSH","sub_assembly","ea","pcs","default ea","1","42071702","","product","no","present in Katana"
"ok","ASM-BRV-OTT-34X72-FRAME","BRAVADA OTTOMAN 34"" x 72"" x 16"" FRAME","sub_assembly","ea","pcs","default ea","1","42071703","","product","no","present in Katana"
"ok","ASM-BRV-OVS-CHS-72X42-CUSH","BRAVADA OVERSIZED CHAISE 72"" x 42"" x 31"" BH CUSH","sub_assembly","ea","pcs","default ea","1","42071704","","product","no","present in Katana"
"ok","ASM-BRV-OVS-CHS-72X42-FRAME","BRAVADA OVERSIZED CHAISE 72"" x 42"" x 31"" BH FRAME","sub_assembly","ea","pcs","default ea","1","42071705","","product","no","present in Katana"
"ok","ASM-BRV-OVS-CHS-84X42-CUSH","BRAVADA OVERSIZED CHAISE 84"" x 42"" x 31"" BH CUSH","sub_assembly","ea","pcs","default ea","1","42071706","","product","no","present in Katana"
"ok","ASM-BRV-OVS-CHS-84X42-FRAME","BRAVADA OVERSIZED CHAISE 84"" x 42"" x 31"" BH FRAME","sub_assembly","ea","pcs","default ea","1","42071707","","product","no","present in Katana"
"ok","ASM-BRV-SWV-CHA-CUSH","BRAVADA SWIVEL CHAIR W/DEKTON SIDEARM CUSH","sub_assembly","ea","pcs","default ea","1","42071708","","product","no","present in Katana"
"ok","ASM-BRV-SWV-CHA-FRAME","BRAVADA SWIVEL CHAIR W/DEKTON SIDEARM FRAME","sub_assembly","ea","pcs","default ea","1","42071709","","product","no","present in Katana"
"ok","ASM-CAB-DYB-84X84-CUSH","CABANA DAYBED 84"" x 84"" x 78"" CUSH","sub_assembly","ea","pcs","default ea","1","42071710","","product","no","present in Katana"
"ok","ASM-CAB-DYB-84X84-FRAME","CABANA DAYBED 84"" x 84"" x 78"" FRAME","sub_assembly","ea","pcs","default ea","1","42071711","","product","no","present in Katana"
"ok","ASM-CAB-MIS-10X10-CUSH","CABANA 10' X 10' X 9' w/Sunbrella Top & Curtains CUSH","sub_assembly","ea","pcs","default ea","1","42071712","","product","no","present in Katana"
"ok","ASM-CAB-MIS-10X10-FRAME","CABANA 10' X 10' X 9' w/Sunbrella Top & Curtains FRAME","sub_assembly","ea","pcs","default ea","1","42071713","","product","no","present in Katana"
"ok","ASM-CUS-OTT-22X72-CUSH","CUSTOM STORAGE OTTOMAN 22"" x 72"" x 23"" CUSH","sub_assembly","ea","pcs","default ea","1","42071714","","product","no","present in Katana"
"ok","ASM-CUS-OTT-22X72-FRAME","CUSTOM STORAGE OTTOMAN 22"" x 72"" x 23"" FRAME","sub_assembly","ea","pcs","default ea","1","42071715","","product","no","present in Katana"
"ok","ASM-CUS-OTT-23X82-CUSH","CUSTOM STORAGE OTTOMAN 23"" x 82"" CUSH","sub_assembly","ea","pcs","default ea","1","42071716","","product","no","present in Katana"
"ok","ASM-CUS-OTT-23X82-FRAME","CUSTOM STORAGE OTTOMAN 23"" x 82"" FRAME","sub_assembly","ea","pcs","default ea","1","42071745","","product","no","present in Katana"
"ok","ASM-CUS-OTT-72X22-CUSH","CUSTOM STORAGE OTTOMAN 22 X 72 CUSH","sub_assembly","ea","pcs","default ea","1","42071746","","product","no","present in Katana"
"ok","ASM-CUS-OTT-72X22-FRAME","CUSTOM STORAGE OTTOMAN 22 X 72 FRAME","sub_assembly","ea","pcs","default ea","1","42071747","","product","no","present in Katana"
"ok","ASM-CUS-OTT-82X23-CUSH","CUSTOM STORAGE OTTOMAN 23 X 82 CUSH","sub_assembly","ea","pcs","default ea","1","42071748","","product","no","present in Katana"
"ok","ASM-CUS-OTT-82X23-FRAME","CUSTOM STORAGE OTTOMAN 23 X 82 FRAME","sub_assembly","ea","pcs","default ea","1","42071749","","product","no","present in Katana"
"ok","ASM-DAI-BAR-TAB-120X42-FRAME","DAISY BASE TABLE (BAR HEIGHT) 42 X 120 FRAME","sub_assembly","ea","pcs","default ea","1","42071750","","product","no","present in Katana"
"ok","ASM-DAI-BAR-TAB-120X56-FRAME","DAISY BASE TABLE (BAR HEIGHT) 56 X 120 FRAME","sub_assembly","ea","pcs","default ea","1","42071751","","product","no","present in Katana"
"ok","ASM-DAI-BAR-TAB-42X120-FRAME","DAISY BASE TABLE (BAR HEIGHT) 42"" x 120"" x 42"" FRAME","sub_assembly","ea","pcs","default ea","1","42071752","","product","no","present in Katana"
"ok","ASM-DAI-BAR-TAB-42X72-FRAME","DAISY BASE TABLE (BAR HEIGHT) 42"" x 72"" x 42"" FRAME","sub_assembly","ea","pcs","default ea","1","42071753","","product","no","present in Katana"
"ok","ASM-DAI-BAR-TAB-42X96-FRAME","DAISY BASE TABLE (BAR HEIGHT) 42"" x 96"" x 42"" FRAME","sub_assembly","ea","pcs","default ea","1","42071754","","product","no","present in Katana"
"ok","ASM-DAI-BAR-TAB-56X120-FRAME","DAISY BASE TABLE (BAR HEIGHT) 56"" x 120"" x 42"" FRAME","sub_assembly","ea","pcs","default ea","1","42071756","","product","no","present in Katana"
"ok","ASM-DAI-BAR-TAB-56X56-FRAME","DAISY BASE TABLE (BAR HEIGHT) 56"" x 56"" x 42"" FRAME","sub_assembly","ea","pcs","default ea","1","42071757","","product","no","present in Katana"
"ok","ASM-DAI-BAR-TAB-56X72-FRAME","DAISY BASE TABLE (BAR HEIGHT) 56"" x 72"" x 42"" FRAME","sub_assembly","ea","pcs","default ea","1","42071758","","product","no","present in Katana"
"ok","ASM-DAI-BAR-TAB-56X96-FRAME","DAISY BASE TABLE (BAR HEIGHT) 56"" x 96"" x 42"" FRAME","sub_assembly","ea","pcs","default ea","1","42071759","","product","no","present in Katana"
"ok","ASM-DAI-BAR-TAB-72X42-FRAME","DAISY BASE TABLE (BAR HEIGHT) 42 X 72 FRAME","sub_assembly","ea","pcs","default ea","1","42071760","","product","no","present in Katana"
"ok","ASM-DAI-BAR-TAB-72X56-FRAME","DAISY BASE TABLE (BAR HEIGHT) 56 X 72 FRAME","sub_assembly","ea","pcs","default ea","1","42071761","","product","no","present in Katana"
"ok","ASM-DAI-BAR-TAB-96X42-FRAME","DAISY BASE TABLE (BAR HEIGHT) 42 X 96 FRAME","sub_assembly","ea","pcs","default ea","1","42071762","","product","no","present in Katana"
"ok","ASM-DAI-BAR-TAB-96X56-FRAME","DAISY BASE TABLE (BAR HEIGHT) 56 X 96 FRAME","sub_assembly","ea","pcs","default ea","1","42071763","","product","no","present in Katana"
"ok","ASM-DAI-CNT-TAB-120X42-FRAME","DAISY BASE TABLE (COUNTER HEIGHT) 42 X 120 FRAME","sub_assembly","ea","pcs","default ea","1","42071764","","product","no","present in Katana"
"ok","ASM-DAI-CNT-TAB-120X56-FRAME","DAISY BASE TABLE (COUNTER HEIGHT) 56 X 120 FRAME","sub_assembly","ea","pcs","default ea","1","42071765","","product","no","present in Katana"
"ok","ASM-DAI-CNT-TAB-42X120-FRAME","DAISY BASE TABLE (COUNTER HEIGHT) 42"" x 120"" x 36"" FRAME","sub_assembly","ea","pcs","default ea","1","42071766","","product","no","present in Katana"
"ok","ASM-DAI-CNT-TAB-42X72-FRAME","DAISY BASE TABLE (COUNTER HEIGHT) 42"" x 72"" x 36"" FRAME","sub_assembly","ea","pcs","default ea","1","42071767","","product","no","present in Katana"
"ok","ASM-DAI-CNT-TAB-42X96-FRAME","DAISY BASE TABLE (COUNTER HEIGHT) 42"" x 96"" x 36"" FRAME","sub_assembly","ea","pcs","default ea","1","42071768","","product","no","present in Katana"
"ok","ASM-DAI-CNT-TAB-56X120-FRAME","DAISY BASE TABLE (COUNTER HEIGHT) 56"" x 120"" x 36"" FRAME","sub_assembly","ea","pcs","default ea","1","42071769","","product","no","present in Katana"
"ok","ASM-DAI-CNT-TAB-56X56-FRAME","DAISY BASE TABLE (COUNTER HEIGHT) 56"" x 56"" x 36"" FRAME","sub_assembly","ea","pcs","default ea","1","42071770","","product","no","present in Katana"
"ok","ASM-DAI-CNT-TAB-56X72-FRAME","DAISY BASE TABLE (COUNTER HEIGHT) 56"" x 72"" x 36"" FRAME","sub_assembly","ea","pcs","default ea","1","42071771","","product","no","present in Katana"
"ok","ASM-DAI-CNT-TAB-56X96-FRAME","DAISY BASE TABLE (COUNTER HEIGHT) 56"" x 96"" x 36"" FRAME","sub_assembly","ea","pcs","default ea","1","42071772","","product","no","present in Katana"
"ok","ASM-DAI-CNT-TAB-72X42-FRAME","DAISY BASE TABLE (COUNTER HEIGHT) 42 X 72 FRAME","sub_assembly","ea","pcs","default ea","1","42071773","","product","no","present in Katana"
"ok","ASM-DAI-CNT-TAB-72X56-FRAME","DAISY BASE TABLE (COUNTER HEIGHT) 56 X 72 FRAME","sub_assembly","ea","pcs","default ea","1","42071774","","product","no","present in Katana"
"ok","ASM-DAI-CNT-TAB-96X42-FRAME","DAISY BASE TABLE (COUNTER HEIGHT) 42 X 96 FRAME","sub_assembly","ea","pcs","default ea","1","42071775","","product","no","present in Katana"
"ok","ASM-DAI-CNT-TAB-96X56-FRAME","DAISY BASE TABLE (COUNTER HEIGHT) 56 X 96 FRAME","sub_assembly","ea","pcs","default ea","1","42071776","","product","no","present in Katana"
"ok","ASM-DAI-DIN-TAB-120X42-FRAME","DAISY BASE TABLE (DINING HEIGHT) 42 X 120 FRAME","sub_assembly","ea","pcs","default ea","1","42071778","","product","no","present in Katana"
"ok","ASM-DAI-DIN-TAB-120X56-FRAME","DAISY BASE TABLE (DINING HEIGHT) 56 X 120 FRAME","sub_assembly","ea","pcs","default ea","1","42071779","","product","no","present in Katana"
"ok","ASM-DAI-DIN-TAB-42X30-FRAME","DAISY BASE ROUND TABLE (DINING HEIGHT) 42"" x 30"" FRAME","sub_assembly","ea","pcs","default ea","1","42071780","","product","no","present in Katana"
"ok","ASM-DAI-DIN-TAB-42X42-FRAME","DAISY BASE ROUND TABLE (DINING HEIGHT) 42 FRAME","sub_assembly","ea","pcs","default ea","1","42071781","","product","no","present in Katana"
"ok","ASM-DAI-DIN-TAB-56X30-FRAME","DAISY BASE ROUND TABLE (DINING HEIGHT) 56"" x 30"" FRAME","sub_assembly","ea","pcs","default ea","1","42071782","","product","no","present in Katana"
"ok","ASM-DAI-DIN-TAB-56X56-FRAME","DAISY BASE TABLE (DINING HEIGHT) 56 X 56 FRAME","sub_assembly","ea","pcs","default ea","1","42071783","","product","no","present in Katana"
"ok","ASM-DAI-DIN-TAB-56X72-FRAME","DAISY BASE TABLE (DINING HEIGHT) 56"" x 72"" x 30"" FRAME","sub_assembly","ea","pcs","default ea","1","42071784","","product","no","present in Katana"
"ok","ASM-DAI-DIN-TAB-56X96-FRAME","DAISY BASE TABLE (DINING HEIGHT) 56"" x 96"" x 30"" FRAME","sub_assembly","ea","pcs","default ea","1","42071785","","product","no","present in Katana"
"ok","ASM-DAI-DIN-TAB-72X42-FRAME","DAISY BASE TABLE (DINING HEIGHT) 42 X 72 FRAME","sub_assembly","ea","pcs","default ea","1","42071786","","product","no","present in Katana"
"ok","ASM-DAI-DIN-TAB-72X56-FRAME","DAISY BASE TABLE (DINING HEIGHT) 56 X 72 FRAME","sub_assembly","ea","pcs","default ea","1","42071787","","product","no","present in Katana"
"ok","ASM-DAI-DIN-TAB-96X42-FRAME","DAISY BASE TABLE (DINING HEIGHT) 42 X 96 FRAME","sub_assembly","ea","pcs","default ea","1","42071788","","product","no","present in Katana"
"ok","ASM-DAI-DIN-TAB-96X56-FRAME","DAISY BASE TABLE (DINING HEIGHT) 56 X 96 FRAME","sub_assembly","ea","pcs","default ea","1","42071789","","product","no","present in Katana"
"ok","ASM-DAI-FIR-TAB-42X42-FRAME","PROPANE FIRE PIT TABLE 42"" x 42"" x 21"" FRAME","sub_assembly","ea","pcs","default ea","1","42071790","","product","no","present in Katana"
"ok","ASM-DAI-FIR-TAB-56X42-FRAME","PROPANE FIRE PIT TABLE 56"" x 42"" x 21"" FRAME","sub_assembly","ea","pcs","default ea","1","42071791","","product","no","present in Katana"
"ok","ASM-DAI-FIR-TAB-84X56-FRAME","DAISY BASE FIRE PIT DINING TABLE 84"" x 56"" x 30"" FRAME","sub_assembly","ea","pcs","default ea","1","42071792","","product","no","present in Katana"
"ok","ASM-DAI-FIR-TAB-96X56-FRAME","DAISY BASE FIRE PIT DINING TABLE 96"" x 56"" x 30"" FRAME","sub_assembly","ea","pcs","default ea","1","42071793","","product","no","present in Katana"
"ok","ASM-DAI-TAB-108X56-FRAME","DAISY BASE OVAL TABLE 108"" X 56"" X 30"" FRAME","sub_assembly","ea","pcs","default ea","1","42071794","","product","no","present in Katana"
"ok","ASM-DAI-TAB-72X42-FRAME","Daisy Base Table 72 x 42 Dining Height FRAME","sub_assembly","ea","pcs","default ea","1","42071795","","product","no","present in Katana"
"ok","ASM-ESY-CHS-CUSH","ADD-ON WHEELS FOR CHAISE LOUNGERS CUSH","sub_assembly","ea","pcs","default ea","1","42071796","","product","no","present in Katana"
"ok","ASM-ESY-CHS-FRAME","ADD-ON WHEELS FOR CHAISE LOUNGERS FRAME","sub_assembly","ea","pcs","default ea","1","42071797","","product","no","present in Katana"
"ok","ASM-FLY-BCH-42X18-CUSH","FLY LEG BENCH (BAR HEIGHT) 42 CUSH","sub_assembly","ea","pcs","default ea","1","42071798","","product","no","present in Katana"
"ok","ASM-FLY-BCH-42X18-FRAME","FLY LEG BENCH (BAR HEIGHT) 42 FRAME","sub_assembly","ea","pcs","default ea","1","42071799","","product","no","present in Katana"
"ok","ASM-FLY-DIN-CHA-18X18-CUSH","FLY LEG CHAIR (DINING HEIGHT) CUSH","sub_assembly","ea","pcs","default ea","1","42071800","","product","no","present in Katana"
"ok","ASM-FLY-DIN-CHA-18X18-FRAME","FLY LEG CHAIR (DINING HEIGHT) FRAME","sub_assembly","ea","pcs","default ea","1","42071801","","product","no","present in Katana"
"ok","ASM-FLY-FLY-BST-18X18-CUSH","FLY LEG BARSTOOL (BAR HEIGHT) CUSH","sub_assembly","ea","pcs","default ea","1","42071802","","product","no","present in Katana"
"ok","ASM-FLY-FLY-BST-18X18-FRAME","FLY LEG BARSTOOL (BAR HEIGHT) FRAME","sub_assembly","ea","pcs","default ea","1","42071803","","product","no","present in Katana"
"ok","ASM-FLY-LEG-BAR-COU-HEI-CUSH","FLY LEG BARSTOOL (COUNTER HEIGHT) CUSH","sub_assembly","ea","pcs","default ea","1","42071804","","product","no","present in Katana"
"ok","ASM-FLY-LEG-BAR-COU-HEI-FRAME","FLY LEG BARSTOOL (COUNTER HEIGHT) FRAME","sub_assembly","ea","pcs","default ea","1","42071805","","product","no","present in Katana"
"ok","ASM-FLY-LEG-BEN-COU-HEI-42-CUSH","FLY LEG BENCH (COUNTER HEIGHT) 42 CUSH","sub_assembly","ea","pcs","default ea","1","42071806","","product","no","present in Katana"
"ok","ASM-FLY-LEG-BEN-COU-HEI-42-FRAME","FLY LEG BENCH (COUNTER HEIGHT) 42 FRAME","sub_assembly","ea","pcs","default ea","1","42071807","","product","no","present in Katana"
"ok","ASM-FLY-LEG-BEN-DIN-HEI-42-CUSH","FLY LEG BENCH (DINING HEIGHT) 42 CUSH","sub_assembly","ea","pcs","default ea","1","42071808","","product","no","present in Katana"
"ok","ASM-FLY-LEG-BEN-DIN-HEI-42-FRAME","FLY LEG BENCH (DINING HEIGHT) 42 FRAME","sub_assembly","ea","pcs","default ea","1","42071809","","product","no","present in Katana"
"ok","ASM-FLY-TAB-38X8-FRAME","FLY TABLE 8 FRAME","sub_assembly","ea","pcs","default ea","1","42071810","","product","no","present in Katana"
"ok","ASM-FLY-TAB-60X12-FRAME","FLY TABLE 60 FRAME","sub_assembly","ea","pcs","default ea","1","42071811","","product","no","present in Katana"
"ok","ASM-FLY-TAB-72X12-FRAME","FLY TABLE 72 FRAME","sub_assembly","ea","pcs","default ea","1","42071812","","product","no","present in Katana"
"ok","ASM-FLY-TAB-84X12-FRAME","FLY TABLE 84 FRAME","sub_assembly","ea","pcs","default ea","1","42071813","","product","no","present in Katana"
"ok","ASM-FLY-TAB-96X12-FRAME","FLY TABLE 96 FRAME","sub_assembly","ea","pcs","default ea","1","42071815","","product","no","present in Katana"
"ok","ASM-HAL-BAC-BAR-BAR-HEI-CUSH","HALF BACK BARSTOOL (BAR HEIGHT) CUSH","sub_assembly","ea","pcs","default ea","1","42071816","","product","no","present in Katana"
"ok","ASM-HAL-BAC-BAR-BAR-HEI-FRAME","HALF BACK BARSTOOL (BAR HEIGHT) FRAME","sub_assembly","ea","pcs","default ea","1","42071817","","product","no","present in Katana"
"ok","ASM-LED-CHA-CUSH","LEDGE LOUNGER SIGNATURE LOWBACK CHAIR CUSH","sub_assembly","ea","pcs","default ea","1","42071818","","product","no","present in Katana"
"ok","ASM-LED-CHA-FRAME","LEDGE LOUNGER SIGNATURE LOWBACK CHAIR FRAME","sub_assembly","ea","pcs","default ea","1","42071819","","product","no","present in Katana"
"ok","ASM-LED-SID-TAB-FRAME","LEDGE LOUNGER AUTOGRAPH SIDE TABLE FRAME","sub_assembly","ea","pcs","default ea","1","42071820","","product","no","present in Katana"
"ok","ASM-MIS-DIN-BCH-72X22-CUSH","DINING BENCH W/NO ARMS 72 X 22 CUSH","sub_assembly","ea","pcs","default ea","1","42071821","","product","no","present in Katana"
"ok","ASM-MIS-DIN-BCH-72X22-FRAME","DINING BENCH W/NO ARMS 72 X 22 FRAME","sub_assembly","ea","pcs","default ea","1","42071822","","product","no","present in Katana"
"ok","ASM-MIS-DIN-BCH-96X22-CUSH","DINING BENCH W/NO ARMS 96 X 22 CUSH","sub_assembly","ea","pcs","default ea","1","42071824","","product","no","present in Katana"
"ok","ASM-MIS-DIN-BCH-96X22-FRAME","DINING BENCH W/NO ARMS 96 X 22 FRAME","sub_assembly","ea","pcs","default ea","1","42071825","","product","no","present in Katana"
"ok","ASM-MIS-DIN-CHA-17X21-CUSH","HALF BACK CHAIR (DINING HEIGHT CUSH","sub_assembly","ea","pcs","default ea","1","42071826","","product","no","present in Katana"
"ok","ASM-MIS-DIN-CHA-17X21-FRAME","HALF BACK CHAIR (DINING HEIGHT FRAME","sub_assembly","ea","pcs","default ea","1","42071827","","product","no","present in Katana"
"ok","ASM-MIS-FIR-TAB-42X42-FRAME","PROPANE FIRE PIT TABLE 42 X 42 FRAME","sub_assembly","ea","pcs","default ea","1","42071828","","product","no","present in Katana"
"ok","ASM-MIS-FLY-BST-17X21-CUSH","HALF BACK BARSTOOL (COUNTER HEIGHT) CUSH","sub_assembly","ea","pcs","default ea","1","42071829","","product","no","present in Katana"
"ok","ASM-MIS-FLY-BST-17X21-FRAME","HALF BACK BARSTOOL (COUNTER HEIGHT) FRAME","sub_assembly","ea","pcs","default ea","1","42071830","","product","no","present in Katana"
"ok","ASM-MIS-OTT-22X22-CUSH","CUBE OTTOMAN 22"" x 22"" x 16"" CUSH","sub_assembly","ea","pcs","default ea","1","42071831","","product","no","present in Katana"
"ok","ASM-MIS-OTT-22X22-FRAME","CUBE OTTOMAN 22"" x 22"" x 16"" FRAME","sub_assembly","ea","pcs","default ea","1","42071832","","product","no","present in Katana"
"ok","ASM-MIS-SID-TAB-13X30-FRAME","U SIDE TABLE FRAME","sub_assembly","ea","pcs","default ea","1","42071833","","product","no","present in Katana"
"ok","ASM-MIS-TAB-13X30-FRAME","T TABLE FRAME","sub_assembly","ea","pcs","default ea","1","42071834","","product","no","present in Katana"
"ok","ASM-MLN-CLB-CHA-32X36-CUSH","MILAN CLUB CHAIR 32"" x 36"" x 16"" SH CUSH","sub_assembly","ea","pcs","default ea","1","42071835","","product","no","present in Katana"
"ok","ASM-MLN-CLB-CHA-32X36-FRAME","MILAN CLUB CHAIR 32"" x 36"" x 16"" SH FRAME","sub_assembly","ea","pcs","default ea","1","42071836","","product","no","present in Katana"
"ok","ASM-MLN-OTT-22X60-CUSH","MILAN OTTOMAN 22"" x 60"" x 16"" CUSH","sub_assembly","ea","pcs","default ea","1","42071837","","product","no","present in Katana"
"ok","ASM-MLN-OTT-22X60-FRAME","MILAN OTTOMAN 22"" x 60"" x 16"" FRAME","sub_assembly","ea","pcs","default ea","1","42071838","","product","no","present in Katana"
"ok","ASM-MLN-OTT-22X72-CUSH","MILAN OTTOMAN 22"" x 72"" x 16"" CUSH","sub_assembly","ea","pcs","default ea","1","42071839","","product","no","present in Katana"
"ok","ASM-MLN-OTT-22X72-FRAME","MILAN OTTOMAN 22"" x 72"" x 16"" FRAME","sub_assembly","ea","pcs","default ea","1","42071840","","product","no","present in Katana"
"ok","ASM-MLN-OTT-34X34-CUSH","MILAN OTTOMAN 34"" x 34"" x 16"" CUSH","sub_assembly","ea","pcs","default ea","1","42071841","","product","no","present in Katana"
"ok","ASM-MLN-OTT-34X34-FRAME","MILAN OTTOMAN 34"" x 34"" x 16"" FRAME","sub_assembly","ea","pcs","default ea","1","42071842","","product","no","present in Katana"
"ok","ASM-MLN-OTT-34X42-CUSH","MILAN OTTOMAN 34"" x 42"" x 16"" CUSH","sub_assembly","ea","pcs","default ea","1","42071843","","product","no","present in Katana"
"ok","ASM-MLN-OTT-34X42-FRAME","MILAN OTTOMAN 34"" x 42"" x 16"" FRAME","sub_assembly","ea","pcs","default ea","1","42071844","","product","no","present in Katana"
"ok","ASM-MLN-OTT-34X60-CUSH","MILAN OTTOMAN 34"" x 60"" x 16"" CUSH","sub_assembly","ea","pcs","default ea","1","42071845","","product","no","present in Katana"
"ok","ASM-MLN-OTT-34X60-FRAME","MILAN OTTOMAN 34"" x 60"" x 16"" FRAME","sub_assembly","ea","pcs","default ea","1","42071846","","product","no","present in Katana"
"ok","ASM-MLN-OTT-34X72-CUSH","MILAN OTTOMAN 34"" x 72"" x 16"" CUSH","sub_assembly","ea","pcs","default ea","1","42071847","","product","no","present in Katana"
"ok","ASM-MLN-OTT-34X72-FRAME","MILAN OTTOMAN 34"" x 72"" x 16"" FRAME","sub_assembly","ea","pcs","default ea","1","42071848","","product","no","present in Katana"
"ok","ASM-MLN-OTT-56X42-CUSH","MILAN OTTOMAN 56"" x 42"" x 16"" CUSH","sub_assembly","ea","pcs","default ea","1","42071849","","product","no","present in Katana"
"ok","ASM-MLN-OTT-56X42-FRAME","MILAN OTTOMAN 56"" x 42"" x 16"" FRAME","sub_assembly","ea","pcs","default ea","1","42071850","","product","no","present in Katana"
"ok","ASM-MLN-SOF-60X62-CUSH","MILAN DOUBLE-SIDED SOFA 60"" x 62"" x 16"" SH CUSH","sub_assembly","ea","pcs","default ea","1","42071851","","product","no","present in Katana"
"ok","ASM-MLN-SOF-60X62-FRAME","MILAN DOUBLE-SIDED SOFA 60"" x 62"" x 16"" SH FRAME","sub_assembly","ea","pcs","default ea","1","42071852","","product","no","present in Katana"
"ok","ASM-MLN-SOF-62X42-CUSH","MILAN T-SHAPED SOFA 62"" x 42"" x 22"" x 16"" SH CUSH","sub_assembly","ea","pcs","default ea","1","42071853","","product","no","present in Katana"
"ok","ASM-MLN-SOF-62X42-FRAME","MILAN T-SHAPED SOFA 62"" x 42"" x 22"" x 16"" SH FRAME","sub_assembly","ea","pcs","default ea","1","42071854","","product","no","present in Katana"
"ok","ASM-MLN-SOF-72X36-CUSH","MILAN ONE-SIDED SOFA 72"" x 36"" x 16"" SH CUSH","sub_assembly","ea","pcs","default ea","1","42071855","","product","no","present in Katana"
"ok","ASM-MLN-SOF-72X36-FRAME","MILAN ONE-SIDED SOFA 72"" x 36"" x 16"" SH FRAME","sub_assembly","ea","pcs","default ea","1","42071856","","product","no","present in Katana"
"ok","ASM-MLN-SOF-84X36-CUSH","MILAN ONE SIDED SOFA 84"" x 36"" x 16"" SH CUSH","sub_assembly","ea","pcs","default ea","1","42071857","","product","no","present in Katana"
"ok","ASM-MLN-SOF-84X36-FRAME","MILAN ONE SIDED SOFA 84"" x 36"" x 16"" SH FRAME","sub_assembly","ea","pcs","default ea","1","42071858","","product","no","present in Katana"
"ok","ASM-MLN-SOF-96X36-CUSH","MILAN ONE-SIDED SOFA 96"" x 36"" x 16"" SH CUSH","sub_assembly","ea","pcs","default ea","1","42071859","","product","no","present in Katana"
"ok","ASM-MLN-SOF-96X36-FRAME","MILAN ONE-SIDED SOFA 96"" x 36"" x 16"" SH FRAME","sub_assembly","ea","pcs","default ea","1","42071860","","product","no","present in Katana"
"ok","ASM-MLN-TAB-56X14-FRAME","OCCASIONAL TABLE 56""x14""x36"" FRAME","sub_assembly","ea","pcs","default ea","1","42071861","","product","no","present in Katana"
"ok","ASM-OCC-TAB-56X14-FRAME","OCCASIONAL TABLE FRAME","sub_assembly","ea","pcs","default ea","1","42071862","","product","no","present in Katana"
"ok","ASM-OCN-COF-TAB-28X42-FRAME","OCEAN COFFEE TABLE 28"" x 42"" x 17"" FRAME","sub_assembly","ea","pcs","default ea","1","42071863","","product","no","present in Katana"
"ok","ASM-OCN-COF-TAB-28X56-FRAME","OCEAN COFFEE TABLE 28"" x 56"" x 17"" FRAME","sub_assembly","ea","pcs","default ea","1","42071864","","product","no","present in Katana"
"ok","ASM-OCN-COF-TAB-36X56-FRAME","OCEAN COFFEE TABLE 36"" x 56"" x 17"" FRAME","sub_assembly","ea","pcs","default ea","1","42071865","","product","no","present in Katana"
"ok","ASM-OCN-COF-TAB-36X72-FRAME","OCEAN COFFEE TABLE 36"" x 72"" x 17"" FRAME","sub_assembly","ea","pcs","default ea","1","42071866","","product","no","present in Katana"
"ok","ASM-OCN-COF-TAB-42X56-FRAME","OCEAN COFFEE TABLE 42"" x 56"" x 17"" FRAME","sub_assembly","ea","pcs","default ea","1","42071867","","product","no","present in Katana"
"ok","ASM-OCN-COF-TAB-42X72-FRAME","OCEAN COFFEE TABLE 42"" x 72"" x 17"" FRAME","sub_assembly","ea","pcs","default ea","1","42071868","","product","no","present in Katana"
"ok","ASM-OCN-COF-TAB-56X72-FRAME","OCEAN COFFEE TABLE 56"" x 72"" x 17"" FRAME","sub_assembly","ea","pcs","default ea","1","42071869","","product","no","present in Katana"
"ok","ASM-OCN-MIN-LOV-48X38-CUSH","OCEAN MINI LOVESEAT 48"" x 38"" x 33"" BH CUSH","sub_assembly","ea","pcs","default ea","1","42071870","","product","no","present in Katana"
"ok","ASM-OCN-MIN-LOV-48X38-FRAME","OCEAN MINI LOVESEAT 48"" x 38"" x 33"" BH FRAME","sub_assembly","ea","pcs","default ea","1","42071871","","product","no","present in Katana"
"ok","ASM-OCN-MIN-LOV-CUSH","Ocean Mini Loveseat CUSH","sub_assembly","ea","pcs","default ea","1","42071872","","product","no","present in Katana"
"ok","ASM-OCN-MIN-LOV-FRAME","Ocean Mini Loveseat FRAME","sub_assembly","ea","pcs","default ea","1","42071873","","product","no","present in Katana"
"ok","ASM-OCN-SID-TAB-12-FRAME","ANGULAR SIDE TABLE FRAME","sub_assembly","ea","pcs","default ea","1","42071874","","product","no","present in Katana"
"ok","ASM-OCN-SID-TAB-13X30-FRAME","U SIDE TABLE 13"" x 30"" x 21"" FRAME","sub_assembly","ea","pcs","default ea","1","42071875","","product","no","present in Katana"
"ok","ASM-OCN-SID-TAB-32X32-FRAME","TRIANGLE SIDE TABLE 32"" x 32"" x 17"" FRAME","sub_assembly","ea","pcs","default ea","1","42071876","","product","no","present in Katana"
"ok","ASM-OCN-SID-TAB-36X17-FRAME","OCEAN ROUND SIDE TABLE 36"" x 17"" FRAME","sub_assembly","ea","pcs","default ea","1","42071878","","product","no","present in Katana"
"ok","ASM-OCN-SWV-CHA-34X38-CUSH","OCEAN SWIVEL CHAIR 34"" x 38"" x 33"" BH CUSH","sub_assembly","ea","pcs","default ea","1","42071879","","product","no","present in Katana"
"ok","ASM-OCN-SWV-CHA-34X38-FRAME","OCEAN SWIVEL CHAIR 34"" x 38"" x 33"" BH FRAME","sub_assembly","ea","pcs","default ea","1","42071880","","product","no","present in Katana"
"ok","ASM-OCN-SWV-CHA-CUSH","Ocean Swivel Chair CUSH","sub_assembly","ea","pcs","default ea","1","42071881","","product","no","present in Katana"
"ok","ASM-OCN-SWV-CHA-FRAME","Ocean Swivel Chair FRAME","sub_assembly","ea","pcs","default ea","1","42071882","","product","no","present in Katana"
"ok","ASM-OCN-TAB-13X30-FRAME","T TABLE 13"" x 30"" x 16"" FRAME","sub_assembly","ea","pcs","default ea","1","42071883","","product","no","present in Katana"
"ok","ASM-OCN-TAB-34X12-FRAME","FLY TABLE 34"" X 12"" FRAME","sub_assembly","ea","pcs","default ea","1","42071884","","product","no","present in Katana"
"ok","ASM-OCN-TAB-72X12-FRAME","FLY TABLE 72"" X 12"" FRAME","sub_assembly","ea","pcs","default ea","1","42071885","","product","no","present in Katana"
"ok","ASM-OCN-TAB-84X12-FRAME","FLY TABLE 84"" X 12"" FRAME","sub_assembly","ea","pcs","default ea","1","42071886","","product","no","present in Katana"
"ok","ASM-OCN-TAB-96X12-FRAME","FLY TABLE 96"" X 12"" FRAME","sub_assembly","ea","pcs","default ea","1","42071887","","product","no","present in Katana"
"ok","ASM-STA-BAR-TAB-36X36-FRAME","STAR LEG TABLE (BAR HEIGHT) 36 X 36 FRAME","sub_assembly","ea","pcs","default ea","1","42071888","","product","no","present in Katana"
"ok","ASM-STA-BAR-TAB-42X42-FRAME","STAR LEG TABLE (BAR HEIGHT) 42 X 42 FRAME","sub_assembly","ea","pcs","default ea","1","42071889","","product","no","present in Katana"
"ok","ASM-STA-BAR-TAB-72X36-FRAME","STAR LEG TABLE (BAR HEIGHT) 36 X 72 FRAME","sub_assembly","ea","pcs","default ea","1","42071890","","product","no","present in Katana"
"ok","ASM-STA-CNT-TAB-36X36-FRAME","STAR LEG TABLE (COUNTER HEIGHT) 36 X 36 FRAME","sub_assembly","ea","pcs","default ea","1","42071891","","product","no","present in Katana"
"ok","ASM-STA-CNT-TAB-42X42-FRAME","STAR LEG TABLE (COUNTER HEIGHT) 42 X 42 FRAME","sub_assembly","ea","pcs","default ea","1","42071892","","product","no","present in Katana"
"ok","ASM-STA-CNT-TAB-72X36-FRAME","STAR LEG TABLE (COUNTER HEIGHT) 36 X 72 FRAME","sub_assembly","ea","pcs","default ea","1","42071893","","product","no","present in Katana"
"ok","ASM-STA-DIN-TAB-36X36-FRAME","STAR LEG TABLE (DINING HEIGHT) 36 X 36 FRAME","sub_assembly","ea","pcs","default ea","1","42071894","","product","no","present in Katana"
"ok","ASM-STA-DIN-TAB-42X42-FRAME","STAR LEG TABLE (DINING HEIGHT) 42 X 42 FRAME","sub_assembly","ea","pcs","default ea","1","42071895","","product","no","present in Katana"
"ok","ASM-STA-DIN-TAB-72X36-FRAME","STAR LEG TABLE (DINING HEIGHT) 36 X 72 FRAME","sub_assembly","ea","pcs","default ea","1","42071896","","product","no","present in Katana"
"ok","ASM-TAY-BAR-W-ARM-COU-HEI-CUSH","TAYLOR BARSTOOL W/ARMS (COUNTER HEIGHT) CUSH","sub_assembly","ea","pcs","default ea","1","42071897","","product","no","present in Katana"
"ok","ASM-TAY-BAR-W-ARM-COU-HEI-FRAME","TAYLOR BARSTOOL W/ARMS (COUNTER HEIGHT) FRAME","sub_assembly","ea","pcs","default ea","1","42071898","","product","no","present in Katana"
"ok","ASM-TAY-BCH-24X23-CUSH","TAYLOR BENCH (BAR HEIGHT) 24"" x 23"" x 42"" SH CUSH","sub_assembly","ea","pcs","default ea","1","42071899","","product","no","present in Katana"
"ok","ASM-TAY-BCH-24X23-FRAME","TAYLOR BENCH (BAR HEIGHT) 24"" x 23"" x 42"" SH FRAME","sub_assembly","ea","pcs","default ea","1","42071900","","product","no","present in Katana"
"ok","ASM-TAY-BCH-42X23-CUSH","TAYLOR BENCH (COUNTER HEIGHT) 42"" x 23"" x 24"" SH CUSH","sub_assembly","ea","pcs","default ea","1","42071901","","product","no","present in Katana"
"ok","ASM-TAY-BCH-42X23-FRAME","TAYLOR BENCH (COUNTER HEIGHT) 42"" x 23"" x 24"" SH FRAME","sub_assembly","ea","pcs","default ea","1","42071902","","product","no","present in Katana"
"ok","ASM-TAY-BCH-72X23-CUSH","TAYLOR BENCH (BAR HEIGHT) 72"" x 23"" x 30"" SH CUSH","sub_assembly","ea","pcs","default ea","1","42071903","","product","no","present in Katana"
"ok","ASM-TAY-BCH-72X23-FRAME","TAYLOR BENCH (BAR HEIGHT) 72"" x 23"" x 30"" SH FRAME","sub_assembly","ea","pcs","default ea","1","42071904","","product","no","present in Katana"
"ok","ASM-TAY-BEN-BAR-HEI-72-CUSH","TAYLOR BENCH (BAR HEIGHT) 72 CUSH","sub_assembly","ea","pcs","default ea","1","42071906","","product","no","present in Katana"
"ok","ASM-TAY-BEN-BAR-HEI-72-FRAME","TAYLOR BENCH (BAR HEIGHT) 72 FRAME","sub_assembly","ea","pcs","default ea","1","42071907","","product","no","present in Katana"
"ok","ASM-TAY-BEN-DIN-HEI-42-CUSH","TAYLOR BENCH (DINING HEIGHT) 42 CUSH","sub_assembly","ea","pcs","default ea","1","42071908","","product","no","present in Katana"
"ok","ASM-TAY-BEN-DIN-HEI-42-FRAME","TAYLOR BENCH (DINING HEIGHT) 42 FRAME","sub_assembly","ea","pcs","default ea","1","42071909","","product","no","present in Katana"
"ok","ASM-TAY-BEN-DIN-HEI-72-CUSH","TAYLOR BENCH (DINING HEIGHT) 72 CUSH","sub_assembly","ea","pcs","default ea","1","42071910","","product","no","present in Katana"
"ok","ASM-TAY-BEN-DIN-HEI-72-FRAME","TAYLOR BENCH (DINING HEIGHT) 72 FRAME","sub_assembly","ea","pcs","default ea","1","42071911","","product","no","present in Katana"
"ok","ASM-TAY-BST-18X23-CUSH","TAYLOR BARSTOOL (COUNTER HEIGHT) CUSH","sub_assembly","ea","pcs","default ea","1","42071912","","product","no","present in Katana"
"ok","ASM-TAY-BST-18X23-FRAME","TAYLOR BARSTOOL (COUNTER HEIGHT) FRAME","sub_assembly","ea","pcs","default ea","1","42071913","","product","no","present in Katana"
"ok","ASM-TAY-BST-19X23-CUSH","TAYLOR BARSTOOL (BAR HEIGHT) 19"" x 23"" x 30"" SH CUSH","sub_assembly","ea","pcs","default ea","1","42071914","","product","no","present in Katana"
"ok","ASM-TAY-BST-19X23-FRAME","TAYLOR BARSTOOL (BAR HEIGHT) 19"" x 23"" x 30"" SH FRAME","sub_assembly","ea","pcs","default ea","1","42071915","","product","no","present in Katana"
"ok","ASM-TAY-BST-24X23-CUSH","TAYLOR BARSTOOL w/ARMS (BAR HEIGHT) 24"" x 23"" x 30"" SH CUSH","sub_assembly","ea","pcs","default ea","1","42071916","","product","no","present in Katana"
"ok","ASM-TAY-BST-24X23-FRAME","TAYLOR BARSTOOL w/ARMS (BAR HEIGHT) 24"" x 23"" x 30"" SH FRAME","sub_assembly","ea","pcs","default ea","1","42071917","","product","no","present in Katana"
"ok","ASM-TAY-DIN-CHA-19X23-CUSH","TAYLOR CHAIR (DINING HEIGHT) CUSH","sub_assembly","ea","pcs","default ea","1","42071918","","product","no","present in Katana"
"ok","ASM-TAY-DIN-CHA-19X23-FRAME","TAYLOR CHAIR (DINING HEIGHT) FRAME","sub_assembly","ea","pcs","default ea","1","42071919","","product","no","present in Katana"
"ok","ASM-TAY-DIN-CHA-24X23-CUSH","TAYLOR CHAIR w/ARMS (DINING HEIGHT) 24"" x 23"" x 18"" SH CUSH","sub_assembly","ea","pcs","default ea","1","42071920","","product","no","present in Katana"
"ok","ASM-TAY-DIN-CHA-24X23-FRAME","TAYLOR CHAIR w/ARMS (DINING HEIGHT) 24"" x 23"" x 18"" SH FRAME","sub_assembly","ea","pcs","default ea","1","42071921","","product","no","present in Katana"
"ok","ASM-TJM-CHA-CUSH","FREELO CHAIR SPLASH CUSH","sub_assembly","ea","pcs","default ea","1","42071922","","product","no","present in Katana"
"ok","ASM-TJM-CHA-FRAME","FREELO CHAIR SPLASH FRAME","sub_assembly","ea","pcs","default ea","1","42072423","","product","no","present in Katana"
"ok","ASM-TJM-TAB-FRAME","Ripple Table FRAME","sub_assembly","ea","pcs","default ea","1","42072524","","product","no","present in Katana"
"ok","ASM-TRI-SID-TAB-32X32-FRAME","TRIANGLE SIDE TABLE FRAME","sub_assembly","ea","pcs","default ea","1","42072525","","product","no","present in Katana"
"ok","ASM-WFT-BAR-TAB-120X28-FRAME","WATERFALL TABLE (BAR HEIGHT) 28 X 120 FRAME","sub_assembly","ea","pcs","default ea","1","42072526","","product","no","present in Katana"
"ok","ASM-WFT-BAR-TAB-120X36-FRAME","WATERFALL TABLE (BAR HEIGHT) 36 X 120 FRAME","sub_assembly","ea","pcs","default ea","1","42072527","","product","no","present in Katana"
"ok","ASM-WFT-BAR-TAB-28X120-FRAME","WATERFALL TABLE (BAR HEIGHT) 28"" x 120"" x 42"" FRAME","sub_assembly","ea","pcs","default ea","1","42072528","","product","no","present in Katana"
"ok","ASM-WFT-BAR-TAB-28X72-FRAME","WATERFALL TABLE (BAR HEIGHT) 28"" x 72"" x 42"" FRAME","sub_assembly","ea","pcs","default ea","1","42072529","","product","no","present in Katana"
"ok","ASM-WFT-BAR-TAB-28X96-FRAME","WATERFALL TABLE (BAR HEIGHT) 28"" x 96"" x 42"" FRAME","sub_assembly","ea","pcs","default ea","1","42072530","","product","no","present in Katana"
"ok","ASM-WFT-BAR-TAB-36X120-FRAME","WATERFALL TABLE (BAR HEIGHT) 36"" x 120"" x 42"" FRAME","sub_assembly","ea","pcs","default ea","1","42072531","","product","no","present in Katana"
"ok","ASM-WFT-BAR-TAB-36X72-FRAME","WATERFALL TABLE (BAR HEIGHT) 36"" x 72"" x 42"" FRAME","sub_assembly","ea","pcs","default ea","1","42072532","","product","no","present in Katana"
"ok","ASM-WFT-BAR-TAB-36X96-FRAME","WATERFALL TABLE (BAR HEIGHT) 36"" x 96"" x 42"" FRAME","sub_assembly","ea","pcs","default ea","1","42072533","","product","no","present in Katana"
"ok","ASM-WFT-BAR-TAB-72X28-FRAME","WATERFALL TABLE (BAR HEIGHT) 28 X 72 FRAME","sub_assembly","ea","pcs","default ea","1","42072534","","product","no","present in Katana"
"ok","ASM-WFT-BAR-TAB-72X36-FRAME","WATERFALL TABLE (BAR HEIGHT) 36 X 72 FRAME","sub_assembly","ea","pcs","default ea","1","42072535","","product","no","present in Katana"
"ok","ASM-WFT-BAR-TAB-96X28-FRAME","WATERFALL TABLE (BAR HEIGHT) 28 X 96 FRAME","sub_assembly","ea","pcs","default ea","1","42072536","","product","no","present in Katana"
"ok","ASM-WFT-BAR-TAB-96X36-FRAME","WATERFALL TABLE (BAR HEIGHT) 36 X 96 FRAME","sub_assembly","ea","pcs","default ea","1","42072537","","product","no","present in Katana"
"ok","ASM-WFT-BCH-42X18-CUSH","FLY LEG BENCH (DINING HEIGHT) 42"" x 18"" x 18"" SH CUSH","sub_assembly","ea","pcs","default ea","1","42072538","","product","no","present in Katana"
"ok","ASM-WFT-BCH-42X18-FRAME","FLY LEG BENCH (DINING HEIGHT) 42"" x 18"" x 18"" SH FRAME","sub_assembly","ea","pcs","default ea","1","42072539","","product","no","present in Katana"
"ok","ASM-WFT-CNT-TAB-120X28-FRAME","WATERFALL TABLE (COUNTER HEIGHT) 28 X 120 FRAME","sub_assembly","ea","pcs","default ea","1","42072540","","product","no","present in Katana"
"ok","ASM-WFT-CNT-TAB-120X36-FRAME","WATERFALL TABLE (COUNTER HEIGHT) 36 X 120 FRAME","sub_assembly","ea","pcs","default ea","1","42072541","","product","no","present in Katana"
"ok","ASM-WFT-CNT-TAB-28X120-FRAME","WATERFALL TABLE (COUNTER HEIGHT) 28"" x 120"" x 36"" FRAME","sub_assembly","ea","pcs","default ea","1","42072542","","product","no","present in Katana"
"ok","ASM-WFT-CNT-TAB-28X72-FRAME","WATERFALL TABLE (COUNTER HEIGHT) 28"" x 72"" x 36"" FRAME","sub_assembly","ea","pcs","default ea","1","42072543","","product","no","present in Katana"
"ok","ASM-WFT-CNT-TAB-28X96-FRAME","WATERFALL TABLE (COUNTER HEIGHT) 28"" x 96"" x 36"" FRAME","sub_assembly","ea","pcs","default ea","1","42072544","","product","no","present in Katana"
"ok","ASM-WFT-CNT-TAB-36X120-FRAME","WATERFALL TABLE (COUNTER HEIGHT) 36"" x 120"" x 36"" FRAME","sub_assembly","ea","pcs","default ea","1","42072545","","product","no","present in Katana"
"ok","ASM-WFT-CNT-TAB-36X72-FRAME","WATERFALL TABLE (COUNTER HEIGHT) 36"" x 72"" x 36"" FRAME","sub_assembly","ea","pcs","default ea","1","42072546","","product","no","present in Katana"
"ok","ASM-WFT-CNT-TAB-36X96-FRAME","WATERFALL TABLE (COUNTER HEIGHT) 36"" x 96"" x 36"" FRAME","sub_assembly","ea","pcs","default ea","1","42072547","","product","no","present in Katana"
"ok","ASM-WFT-CNT-TAB-72X28-FRAME","WATERFALL TABLE (COUNTER HEIGHT) 28 X 72 FRAME","sub_assembly","ea","pcs","default ea","1","42072548","","product","no","present in Katana"
"ok","ASM-WFT-CNT-TAB-72X36-FRAME","WATERFALL TABLE (COUNTER HEIGHT) 36 X 72 FRAME","sub_assembly","ea","pcs","default ea","1","42072549","","product","no","present in Katana"
"ok","ASM-WFT-CNT-TAB-96X28-FRAME","WATERFALL TABLE (COUNTER HEIGHT) 28 X 96 FRAME","sub_assembly","ea","pcs","default ea","1","42072550","","product","no","present in Katana"
"ok","ASM-WFT-CNT-TAB-96X36-FRAME","WATERFALL TABLE (COUNTER HEIGHT) 36 X 96 FRAME","sub_assembly","ea","pcs","default ea","1","42072551","","product","no","present in Katana"
"ok","ASM-WFT-DIN-BCH-72X22-CUSH","DINING BENCH w/NO ARMS 72"" x 22"" x 18"" SH CUSH","sub_assembly","ea","pcs","default ea","1","42072552","","product","no","present in Katana"
"ok","ASM-WFT-DIN-BCH-72X22-FRAME","DINING BENCH w/NO ARMS 72"" x 22"" x 18"" SH FRAME","sub_assembly","ea","pcs","default ea","1","42072553","","product","no","present in Katana"
"ok","ASM-WFT-DIN-BCH-96X22-CUSH","DINING BENCH w/NO ARMS 96"" x 22"" x 18"" SH CUSH","sub_assembly","ea","pcs","default ea","1","42072554","","product","no","present in Katana"
"ok","ASM-WFT-DIN-BCH-96X22-FRAME","DINING BENCH w/NO ARMS 96"" x 22"" x 18"" SH FRAME","sub_assembly","ea","pcs","default ea","1","42072555","","product","no","present in Katana"
"ok","ASM-WFT-DIN-CHA-17X21-CUSH","HALF BACK CHAIR (DINING HEIGHT) 17"" x 21"" x 18"" SH CUSH","sub_assembly","ea","pcs","default ea","1","42072556","","product","no","present in Katana"
"ok","ASM-WFT-DIN-CHA-17X21-FRAME","HALF BACK CHAIR (DINING HEIGHT) 17"" x 21"" x 18"" SH FRAME","sub_assembly","ea","pcs","default ea","1","42072557","","product","no","present in Katana"
"ok","ASM-WFT-DIN-CHA-18X18-CUSH","FLY LEG CHAIR (DINING HEIGHT) 18"" x 18"" x 18"" SH CUSH","sub_assembly","ea","pcs","default ea","1","42072558","","product","no","present in Katana"
"ok","ASM-WFT-DIN-CHA-18X18-FRAME","FLY LEG CHAIR (DINING HEIGHT) 18"" x 18"" x 18"" SH FRAME","sub_assembly","ea","pcs","default ea","1","42072559","","product","no","present in Katana"
"ok","ASM-WFT-DIN-TAB-120X28-FRAME","WATERFALL TABLE (DINING HEIGHT) 28 X 120 FRAME","sub_assembly","ea","pcs","default ea","1","42072560","","product","no","present in Katana"
"ok","ASM-WFT-DIN-TAB-120X36-FRAME","WATERFALL TABLE (DINING HEIGHT) 36 X 120 FRAME","sub_assembly","ea","pcs","default ea","1","42072561","","product","no","present in Katana"
"ok","ASM-WFT-DIN-TAB-28X120-FRAME","WATERFALL TABLE (DINING HEIGHT) 28"" x 120"" x 30"" FRAME","sub_assembly","ea","pcs","default ea","1","42072562","","product","no","present in Katana"
"ok","ASM-WFT-DIN-TAB-28X72-FRAME","WATERFALL TABLE (DINING HEIGHT) 28"" x 72"" x 30"" FRAME","sub_assembly","ea","pcs","default ea","1","42072563","","product","no","present in Katana"
"ok","ASM-WFT-DIN-TAB-28X96-FRAME","WATERFALL TABLE (DINING HEIGHT) 28"" x 96"" x 30"" FRAME","sub_assembly","ea","pcs","default ea","1","42072564","","product","no","present in Katana"
"ok","ASM-WFT-DIN-TAB-36X120-FRAME","WATERFALL TABLE (DINING HEIGHT) 36"" x 120"" x 30"" FRAME","sub_assembly","ea","pcs","default ea","1","42072565","","product","no","present in Katana"
"ok","ASM-WFT-DIN-TAB-36X72-FRAME","WATERFALL TABLE (DINING HEIGHT) 36"" x 72"" x 30"" FRAME","sub_assembly","ea","pcs","default ea","1","42072566","","product","no","present in Katana"
"ok","ASM-WFT-DIN-TAB-36X96-FRAME","WATERFALL TABLE (DINING HEIGHT) 36"" x 96"" x 30"" FRAME","sub_assembly","ea","pcs","default ea","1","42072567","","product","no","present in Katana"
"ok","ASM-WFT-DIN-TAB-72X36-FRAME","WATERFALL TABLE (DINING HEIGHT) 36 X 72 FRAME","sub_assembly","ea","pcs","default ea","1","42072568","","product","no","present in Katana"
"ok","ASM-WFT-DIN-TAB-96X28-FRAME","WATERFALL TABLE (DINING HEIGHT) 28 X 96 FRAME","sub_assembly","ea","pcs","default ea","1","42072569","","product","no","present in Katana"
"ok","ASM-WFT-DIN-TAB-96X36-FRAME","WATERFALL TABLE (DINING HEIGHT) 36 X 96 FRAME","sub_assembly","ea","pcs","default ea","1","42072570","","product","no","present in Katana"
"ok","ASM-WFT-FIR-TAB-56X36-FRAME","WATERFALL FIRE PIT TABLE 56"" x 36"" x 16"" FRAME","sub_assembly","ea","pcs","default ea","1","42072571","","product","no","present in Katana"
"ok","ASM-WFT-FIR-TAB-72X36-FRAME","WATERFALL FIRE PIT TABLE 72"" x 36"" x 16"" FRAME","sub_assembly","ea","pcs","default ea","1","42072572","","product","no","present in Katana"
"ok","ASM-WFT-FLY-BST-17X21-CUSH","HALF BACK BARSTOOL (BAR HEIGHT) 17"" x 21"" x 30"" SH CUSH","sub_assembly","ea","pcs","default ea","1","42072573","","product","no","present in Katana"
"ok","ASM-WFT-FLY-BST-17X21-FRAME","HALF BACK BARSTOOL (BAR HEIGHT) 17"" x 21"" x 30"" SH FRAME","sub_assembly","ea","pcs","default ea","1","42072574","","product","no","present in Katana"
"ok","ASM-WFT-FLY-BST-18X18-CUSH","FLY LEG BARSTOOL (BAR HEIGHT) 18"" x 18"" x 30"" SH CUSH","sub_assembly","ea","pcs","default ea","1","42072575","","product","no","present in Katana"
"ok","ASM-WFT-FLY-BST-18X18-FRAME","FLY LEG BARSTOOL (BAR HEIGHT) 18"" x 18"" x 30"" SH FRAME","sub_assembly","ea","pcs","default ea","1","42072576","","product","no","present in Katana"
"ok","ASM-WFT-SID-TAB-13X40-FRAME","WATERFALL SIDE TABLE 40X13 FRAME","sub_assembly","ea","pcs","default ea","1","42072577","","product","no","present in Katana"
"ok","ASM-WFT-SID-TAB-40X13-FRAME","WATERFALL SIDE TABLE 40"" x 13"" x 12"" FRAME","sub_assembly","ea","pcs","default ea","1","42072578","","product","no","present in Katana"
"ok","FAB-ACT-STO","ACTION STONE","material","yd","yd","FAB-*","1","41893839","17905352","material","no","present in Katana"
"ok","MET-SQT20012","STEEL TUBE SQ 2 X 2 X .120","material","ft","ft","MET-*","1","41913028","17913598","material","no","present in Katana"
"ok","PWD-BLACK","BLACK POWDER","material","lb","lbs","PWD-*","1","42049883","17968049","material","no","present in Katana"
"ok","PWD-GRAY-ZINC-EPOXY-PRIMER","GRAY ZINC EPOXY PRIMER","material","lb","lbs","PRM-/PRIMER","1","42049887","17968053","material","no","present in Katana"
"ok","RM-DKT-GENERIC-SLAB","Dekton (generic slab)","material","slab","slab","RM-DKT-/DKT-/STN-*","1","42047071","17967245","material","no","present in Katana"
"ok","RM-FAB-GENERIC","Fabric (generic placeholder)","material","yd","yd","RM-FAB-*","1","42062750","17973696","material","no","present in Katana"
"ok","RM-HRD-2X2-METAL-CAP","2x2 Metal Cap","material","ea","pcs","RM-HRD-*","1","41913014","17913585","material","no","present in Katana"
"ok","RM-HRD-SPACERS","Spacers","material","ea","pcs","RM-HRD-*","1","41147406","17465332","material","no","present in Katana"
"ok","RM-HRD-UMBRELLA-HOLDER","Umbrella Holder","material","ea","pcs","RM-HRD-*","1","41339591","17594967","material","no","present in Katana"
"ok","RM-MET-15X075-TUBING","1.5x3/4 Tubing","material","ft","ft","RM-MET-*","1","42063718","17974392","material","no","present in Katana"
"ok","RM-MET-2X075-TUBING","2x3/4 Tubing","material","ft","ft","RM-MET-*","1","23143516","10592711","material","no","present in Katana"
"ok","RM-MET-2X1-TUBING","2x1 Tubing","material","ft","ft","RM-MET-*","1","42047073","17967247","material","no","present in Katana"
"ok","RM-MET-2X2-TUBING","2x2 Tubing","material","ft","ft","RM-MET-*","1","42047074","17967248","material","no","present in Katana"
"ok","RM-MET-FLATBAR","Flatbar","material","ft","ft","RM-MET-*","1","23143136","10592493","material","no","present in Katana"
"ok","RM-RAW-FOAM","Foam","material","boardft","boardft","FOAM","1","23178511","10609849","material","no","present in Katana"
"ok","RM-RAW-IRON-WOOD","Iron Wood","material","ea","pcs","RM-RAW-IRON-*","1","23143214","10592547","material","no","present in Katana"
"ok","SA-BRA-AL-60-CUSH","Bravada Armless Loveseat Cushion","sub_assembly","ea","pcs","default ea","1","42072624","","product","no","present in Katana"
"ok","SA-BRA-AL-60-FRAME","Bravada Armless Loveseat Frame","sub_assembly","ea","pcs","default ea","1","42072579","","product","no","present in Katana"
"ok","SA-BRA-AS-72-CUSH","Bravada Armless Sofa 72 Cushion","sub_assembly","ea","pcs","default ea","1","42072625","","product","no","present in Katana"
"ok","SA-BRA-AS-72-FRAME","Bravada Armless Sofa 72 Frame","sub_assembly","ea","pcs","default ea","1","42061864","","product","no","present in Katana"
"ok","SA-BRA-AS-84-CUSH","Bravada Armless Sofa 84 Cushion","sub_assembly","ea","pcs","default ea","1","42072626","","product","no","present in Katana"
"ok","SA-BRA-AS-84-FRAME","Bravada Armless Sofa 84 Frame","sub_assembly","ea","pcs","default ea","1","42061865","","product","no","present in Katana"
"ok","SA-BRA-AS-96-CUSH","Bravada Armless Sofa 96 Cushion","sub_assembly","ea","pcs","default ea","1","42072627","","product","no","present in Katana"
"ok","SA-BRA-AS-96-FRAME","Bravada Armless Sofa 96 Frame","sub_assembly","ea","pcs","default ea","1","42061866","","product","no","present in Katana"
"ok","SA-BRA-C-34X72-LS-CUSH","Bravada Chaise 34 X 72 Cushion","sub_assembly","ea","pcs","default ea","1","42072628","","product","no","present in Katana"
"ok","SA-BRA-C-34X72-LS-FRAME","Bravada Chaise 34 X 72 Frame","sub_assembly","ea","pcs","default ea","1","42061867","","product","no","present in Katana"
"ok","SA-BRA-C-34X72-RS-CUSH","Bravada Chaise 34 X 72 Cushion","sub_assembly","ea","pcs","default ea","1","42072629","","product","no","present in Katana"
"ok","SA-BRA-C-34X72-RS-FRAME","Bravada Chaise 34 X 72 Frame","sub_assembly","ea","pcs","default ea","1","42061868","","product","no","present in Katana"
"ok","SA-BRA-C-34X84-LS-CUSH","Bravada Chaise 34 X 84 Cushion","sub_assembly","ea","pcs","default ea","1","42072630","","product","no","present in Katana"
"ok","SA-BRA-C-34X84-LS-FRAME","Bravada Chaise 34 X 84 Frame","sub_assembly","ea","pcs","default ea","1","42061869","","product","no","present in Katana"
"ok","SA-BRA-C-34X84-RS-CUSH","Bravada Chaise 34 X 84 Cushion","sub_assembly","ea","pcs","default ea","1","42072631","","product","no","present in Katana"
"ok","SA-BRA-C-34X84-RS-FRAME","Bravada Chaise 34 X 84 Frame","sub_assembly","ea","pcs","default ea","1","42061870","","product","no","present in Katana"
"ok","SA-BRA-C-42X72-LS-CUSH","Bravada Chaise 42X72 Cushion","sub_assembly","ea","pcs","default ea","1","42072632","","product","no","present in Katana"
"ok","SA-BRA-C-42X72-LS-FRAME","Bravada Chaise 42X72 Frame","sub_assembly","ea","pcs","default ea","1","42061871","","product","no","present in Katana"
"ok","SA-BRA-C-42X72-RS-CUSH","Bravada Chaise 42X72 Cushion","sub_assembly","ea","pcs","default ea","1","42072633","","product","no","present in Katana"
"ok","SA-BRA-C-42X72-RS-FRAME","Bravada Chaise 42X72 Frame","sub_assembly","ea","pcs","default ea","1","42061872","","product","no","present in Katana"
"ok","SA-BRA-C-42X84-LS-CUSH","Bravada Chaise 42 X 84 Cushion","sub_assembly","ea","pcs","default ea","1","42072634","","product","no","present in Katana"
"ok","SA-BRA-C-42X84-LS-FRAME","Bravada Chaise 42 X 84 Frame","sub_assembly","ea","pcs","default ea","1","42061873","","product","no","present in Katana"
"ok","SA-BRA-C-42X84-RS-CUSH","Bravada Chaise 42 X 84 Cushion","sub_assembly","ea","pcs","default ea","1","42072635","","product","no","present in Katana"
"ok","SA-BRA-C-42X84-RS-FRAME","Bravada Chaise 42 X 84 Frame","sub_assembly","ea","pcs","default ea","1","42061874","","product","no","present in Katana"
"ok","SA-BRA-CADA-72X78-CUSH","Bravada Cabana Daybed 72 Cushion","sub_assembly","ea","pcs","default ea","1","42072636","","product","no","present in Katana"
"ok","SA-BRA-CADA-72X78-FRAME","Bravada Cabana Daybed 72 Frame","sub_assembly","ea","pcs","default ea","1","42072637","","product","no","present in Katana"
"ok","SA-BRA-CADA-78X78-CUSH","Bravada Cabana Daybed 78 Cushion","sub_assembly","ea","pcs","default ea","1","42072638","","product","no","present in Katana"
"ok","SA-BRA-CADA-78X78-FRAME","Bravada Cabana Daybed 78 Frame","sub_assembly","ea","pcs","default ea","1","42061875","","product","no","present in Katana"
"ok","SA-BRA-CADA-84X78-CUSH","Bravada Cabana Daybed 84 Cushion","sub_assembly","ea","pcs","default ea","1","42072639","","product","no","present in Katana"
"ok","SA-BRA-CADA-84X78-FRAME","Bravada Cabana Daybed 84 Frame","sub_assembly","ea","pcs","default ea","1","42061876","","product","no","present in Katana"
"ok","SA-BRA-CC-CUSH","Bravada Club Chair Cushion","sub_assembly","ea","pcs","default ea","1","42072640","","product","no","present in Katana"
"ok","SA-BRA-CL-D-A-CUSH","Bravada Chaise Lounge Double Cushion","sub_assembly","ea","pcs","default ea","1","42072641","","product","no","present in Katana"
"ok","SA-BRA-CL-D-A-FRAME","Bravada Chaise Lounge Double Frame","sub_assembly","ea","pcs","default ea","1","42072642","","product","no","present in Katana"
"ok","SA-BRA-CL-D-CUSH","Bravada Chaise Lounge Double Cushion","sub_assembly","ea","pcs","default ea","1","42072643","","product","no","present in Katana"
"ok","SA-BRA-CL-D-FRAME","Bravada Chaise Lounge Double Frame","sub_assembly","ea","pcs","default ea","1","42072644","","product","no","present in Katana"
"ok","SA-BRA-CL-S-A-CUSH","Bravada Chaise Lounge Single Cushion","sub_assembly","ea","pcs","default ea","1","42072646","","product","no","present in Katana"
"ok","SA-BRA-CL-S-A-FRAME","Bravada Chaise Lounge Single Frame","sub_assembly","ea","pcs","default ea","1","42072647","","product","no","present in Katana"
"ok","SA-BRA-CL-S-CUSH","Bravada Chaise Lounge Single Cushion","sub_assembly","ea","pcs","default ea","1","42072648","","product","no","present in Katana"
"ok","SA-BRA-CL-S-FRAME","Bravada Chaise Lounge Single Frame","sub_assembly","ea","pcs","default ea","1","42072649","","product","no","present in Katana"
"ok","SA-BRA-CS-72-LS-CUSH","Bravada Corner Sofa 72 Cushion","sub_assembly","ea","pcs","default ea","1","42072650","","product","no","present in Katana"
"ok","SA-BRA-CS-72-LS-FRAME","Bravada Corner Sofa 72 Frame","sub_assembly","ea","pcs","default ea","1","42061877","","product","no","present in Katana"
"ok","SA-BRA-CS-72-RS-CUSH","Bravada Corner Sofa 72 Cushion","sub_assembly","ea","pcs","default ea","1","42072651","","product","no","present in Katana"
"ok","SA-BRA-CS-72-RS-FRAME","Bravada Corner Sofa 72 Frame","sub_assembly","ea","pcs","default ea","1","42061878","","product","no","present in Katana"
"ok","SA-BRA-CS-84-LS-CUSH","Bravada Corner Sofa 84 Cushion","sub_assembly","ea","pcs","default ea","1","42072652","","product","no","present in Katana"
"ok","SA-BRA-CS-84-LS-FRAME","Bravada Corner Sofa 84 Frame","sub_assembly","ea","pcs","default ea","1","42061879","","product","no","present in Katana"
"ok","SA-BRA-CS-84-RS-CUSH","Bravada Corner Sofa 84 Cushion","sub_assembly","ea","pcs","default ea","1","42072653","","product","no","present in Katana"
"ok","SA-BRA-CS-84-RS-FRAME","Bravada Corner Sofa 84 Frame","sub_assembly","ea","pcs","default ea","1","42061880","","product","no","present in Katana"
"ok","SA-BRA-CS-96-LS-CUSH","Bravada Corner Sofa 96 Cushion","sub_assembly","ea","pcs","default ea","1","42072654","","product","no","present in Katana"
"ok","SA-BRA-CS-96-LS-FRAME","Bravada Corner Sofa 96 Frame","sub_assembly","ea","pcs","default ea","1","42061881","","product","no","present in Katana"
"ok","SA-BRA-CS-96-RS-CUSH","Bravada Corner Sofa 96 Cushion","sub_assembly","ea","pcs","default ea","1","42072655","","product","no","present in Katana"
"ok","SA-BRA-CS-96-RS-FRAME","Bravada Corner Sofa 96 Frame","sub_assembly","ea","pcs","default ea","1","42061882","","product","no","present in Katana"
"ok","SA-BRA-CT-36X36-FRAME","Bravada Coffee Table 36 x 36 Frame","sub_assembly","ea","pcs","default ea","1","42072580","","product","no","present in Katana"
"ok","SA-BRA-CT-42X28-FRAME","Bravada Coffee Table 42 x 28 Frame","sub_assembly","ea","pcs","default ea","1","42061884","","product","no","present in Katana"
"ok","SA-BRA-CT-42X42-FRAME","Bravada Coffee Table 42 x 42 Frame","sub_assembly","ea","pcs","default ea","1","42072581","","product","no","present in Katana"
"ok","SA-BRA-CT-56X28-FRAME","Bravada Coffee Table 56 x 28 Frame","sub_assembly","ea","pcs","default ea","1","42061886","","product","no","present in Katana"
"ok","SA-BRA-CT-56X36-FRAME","Bravada Coffee Table 56 x 36 Frame","sub_assembly","ea","pcs","default ea","1","42061887","","product","no","present in Katana"
"ok","SA-BRA-CT-56X42-FRAME","Bravada Coffee table 56 x 42 Frame","sub_assembly","ea","pcs","default ea","1","42061888","","product","no","present in Katana"
"ok","SA-BRA-CT-56X56-FRAME","Bravada Coffee Table 56 x 56 Frame","sub_assembly","ea","pcs","default ea","1","42072582","","product","no","present in Katana"
"ok","SA-BRA-CT-72X36-FRAME","Bravada Coffee Table 72 x 36 Frame","sub_assembly","ea","pcs","default ea","1","42061890","","product","no","present in Katana"
"ok","SA-BRA-CT-72X42-FRAME","Bravada Coffee Table 72 x 42 Frame","sub_assembly","ea","pcs","default ea","1","42061891","","product","no","present in Katana"
"ok","SA-BRA-CT-72X56-FRAME","Bravada Coffee Table 72 x 56 Frame","sub_assembly","ea","pcs","default ea","1","42061892","","product","no","present in Katana"
"ok","SA-BRA-D-7272-CUSH","Bravada Daybed 72 Cushion","sub_assembly","ea","pcs","default ea","1","42072656","","product","no","present in Katana"
"ok","SA-BRA-D-7272-FRAME","Bravada Daybed 72 Frame","sub_assembly","ea","pcs","default ea","1","42072583","","product","no","present in Katana"
"ok","SA-BRA-D-7872-CUSH","Bravada Daybed 78 Cushion","sub_assembly","ea","pcs","default ea","1","42072657","","product","no","present in Katana"
"ok","SA-BRA-D-7872-FRAME","Bravada Daybed 78 Frame","sub_assembly","ea","pcs","default ea","1","42061894","","product","no","present in Katana"
"ok","SA-BRA-L-CUSH","Bravada Loveseat Cushion","sub_assembly","ea","pcs","default ea","1","42072658","","product","no","present in Katana"
"ok","SA-BRA-L-FRAME","Bravada Loveseat Frame","sub_assembly","ea","pcs","default ea","1","42072584","","product","no","present in Katana"
"ok","SA-BRA-ML-CUSH","Bravada Mini Loveseat Cushion","sub_assembly","ea","pcs","default ea","1","42072659","","product","no","present in Katana"
"ok","SA-BRA-ML-FRAME","Bravada Mini Loveseat Frame","sub_assembly","ea","pcs","default ea","1","42072585","","product","no","present in Katana"
"ok","SA-BRA-O-30X22-CUSH","Bravada Ottoman 30X22 Cushion","sub_assembly","ea","pcs","default ea","1","42072660","","product","no","present in Katana"
"ok","SA-BRA-O-30X22-FRAME","Bravada Ottoman 30X22 Frame","sub_assembly","ea","pcs","default ea","1","42072661","","product","no","present in Katana"
"ok","SA-BRA-O-34X34-CUSH","Bravada Ottoman 34X34 Cushion","sub_assembly","ea","pcs","default ea","1","42072662","","product","no","present in Katana"
"ok","SA-BRA-O-34X34-FRAME","Bravada Ottoman 34X34 Frame","sub_assembly","ea","pcs","default ea","1","42072664","","product","no","present in Katana"
"ok","SA-BRA-O-42X22-CUSH","Bravada Ottoman 42X22 Cushion","sub_assembly","ea","pcs","default ea","1","42072665","","product","no","present in Katana"
"ok","SA-BRA-O-42X22-FRAME","Bravada Ottoman 42X22 Frame","sub_assembly","ea","pcs","default ea","1","42072666","","product","no","present in Katana"
"ok","SA-BRA-O-42X34-CUSH","Bravada Ottoman 42X34 Cushion","sub_assembly","ea","pcs","default ea","1","42072667","","product","no","present in Katana"
"ok","SA-BRA-O-42X34-FRAME","Bravada Ottoman 42X34 Frame","sub_assembly","ea","pcs","default ea","1","42072668","","product","no","present in Katana"
"ok","SA-BRA-O-60X22-CUSH","Bravada Ottoman 60X22 Cushion","sub_assembly","ea","pcs","default ea","1","42072669","","product","no","present in Katana"
"ok","SA-BRA-O-60X22-FRAME","Bravada Ottoman 60X22 Frame","sub_assembly","ea","pcs","default ea","1","42072670","","product","no","present in Katana"
"ok","SA-BRA-O-60X34-CUSH","Bravada Ottoman 60 x 34 Cushion","sub_assembly","ea","pcs","default ea","1","42072671","","product","no","present in Katana"
"ok","SA-BRA-O-60X34-FRAME","Bravada Ottoman 60 x 34 Frame","sub_assembly","ea","pcs","default ea","1","42072672","","product","no","present in Katana"
"ok","SA-BRA-O-72X22-CUSH","Bravada Ottoman 72X22 Cushion","sub_assembly","ea","pcs","default ea","1","42072673","","product","no","present in Katana"
"ok","SA-BRA-O-72X22-FRAME","Bravada Ottoman 72X22 Frame","sub_assembly","ea","pcs","default ea","1","42072674","","product","no","present in Katana"
"ok","SA-BRA-O-72X34-CUSH","Bravada Ottoman 72 x 34 Cushion","sub_assembly","ea","pcs","default ea","1","42072675","","product","no","present in Katana"
"ok","SA-BRA-O-72X34-FRAME","Bravada Ottoman 72 x 34 Frame","sub_assembly","ea","pcs","default ea","1","42072676","","product","no","present in Katana"
"ok","SA-BRA-ODT-30X22-CUSH","Bravada Ottoman 30X22 Cushion","sub_assembly","ea","pcs","default ea","1","42072677","","product","no","present in Katana"
"ok","SA-BRA-ODT-30X22-FRAME","Bravada Ottoman 30X22 Frame","sub_assembly","ea","pcs","default ea","1","42061897","","product","no","present in Katana"
"ok","SA-BRA-ODT-34X34-CUSH","Bravada Ottoman 34X34 Cushion","sub_assembly","ea","pcs","default ea","1","42072678","","product","no","present in Katana"
"ok","SA-BRA-ODT-34X34-FRAME","Bravada Ottoman 34X34 Frame","sub_assembly","ea","pcs","default ea","1","42061898","","product","no","present in Katana"
"ok","SA-BRA-ODT-42X22-CUSH","Bravada Ottoman 42X22 Cushion","sub_assembly","ea","pcs","default ea","1","42072679","","product","no","present in Katana"
"ok","SA-BRA-ODT-42X22-FRAME","Bravada Ottoman 42X22 Frame","sub_assembly","ea","pcs","default ea","1","42061899","","product","no","present in Katana"
"ok","SA-BRA-ODT-42X34-CUSH","Bravada Ottoman 42X34 Cushion","sub_assembly","ea","pcs","default ea","1","42072680","","product","no","present in Katana"
"ok","SA-BRA-ODT-42X34-FRAME","Bravada Ottoman 42X34 Frame","sub_assembly","ea","pcs","default ea","1","42061900","","product","no","present in Katana"
"ok","SA-BRA-ODT-60X22-CUSH","Bravada Ottoman 60X22 Cushion","sub_assembly","ea","pcs","default ea","1","42072681","","product","no","present in Katana"
"ok","SA-BRA-ODT-60X22-FRAME","Bravada Ottoman 60X22 Frame","sub_assembly","ea","pcs","default ea","1","42061901","","product","no","present in Katana"
"ok","SA-BRA-ODT-60X34-CUSH","Bravada Ottoman 60 x 34 Cushion","sub_assembly","ea","pcs","default ea","1","42072682","","product","no","present in Katana"
"ok","SA-BRA-ODT-60X34-FRAME","Bravada Ottoman 60 x 34 Frame","sub_assembly","ea","pcs","default ea","1","42072683","","product","no","present in Katana"
"ok","SA-BRA-ODT-72X22-CUSH","Bravada Ottoman 72X22 Cushion","sub_assembly","ea","pcs","default ea","1","42072684","","product","no","present in Katana"
"ok","SA-BRA-ODT-72X22-FRAME","Bravada Ottoman 72X22 Frame","sub_assembly","ea","pcs","default ea","1","42061902","","product","no","present in Katana"
"ok","SA-BRA-ODT-72X34-CUSH","Bravada Ottoman 72 x 34 Cushion","sub_assembly","ea","pcs","default ea","1","42072685","","product","no","present in Katana"
"ok","SA-BRA-ODT-72X34-FRAME","Bravada Ottoman 72 x 34 Frame","sub_assembly","ea","pcs","default ea","1","42072686","","product","no","present in Katana"
"ok","SA-BRA-S-72-CUSH","Bravada Sofa 72 Cushion","sub_assembly","ea","pcs","default ea","1","42072687","","product","no","present in Katana"
"ok","SA-BRA-S-72-FRAME","Bravada Sofa 72 Frame","sub_assembly","ea","pcs","default ea","1","42072586","","product","no","present in Katana"
"ok","SA-BRA-S-84-CUSH","Bravada Sofa 84 Cushion","sub_assembly","ea","pcs","default ea","1","42072688","","product","no","present in Katana"
"ok","SA-BRA-S-84-FRAME","Bravada Sofa 84 Frame","sub_assembly","ea","pcs","default ea","1","42072587","","product","no","present in Katana"
"ok","SA-BRA-S-96-CUSH","Bravada Sofa 96 Cushion","sub_assembly","ea","pcs","default ea","1","42072689","","product","no","present in Katana"
"ok","SA-BRA-S-96-FRAME","Bravada Sofa 96 Frame","sub_assembly","ea","pcs","default ea","1","42072588","","product","no","present in Katana"
"ok","SA-BRA-SC-CUSH","Bravada Swivel Chair Cushion","sub_assembly","ea","pcs","default ea","1","42072690","","product","no","present in Katana"
"ok","SA-BRA-SC-FRAME","Bravada Swivel Chair Frame","sub_assembly","ea","pcs","default ea","1","42072691","","product","no","present in Katana"
"ok","SA-BRA-ST-20X20-FRAME","Bravada Side Table 20 x 20 Frame","sub_assembly","ea","pcs","default ea","1","42072589","","product","no","present in Katana"
"ok","SA-BRO-C-72X34-LS-CUSH","Brooklyn Chaise 72 x 34 Cushion","sub_assembly","ea","pcs","default ea","1","42072692","","product","no","present in Katana"
"ok","SA-BRO-C-72X34-LS-FRAME","Brooklyn Chaise 72 x 34 Frame","sub_assembly","ea","pcs","default ea","1","42072693","","product","no","present in Katana"
"ok","SA-BRO-C-72X34-RS-CUSH","Brooklyn Chaise 72 x 34 Cushion","sub_assembly","ea","pcs","default ea","1","42072694","","product","no","present in Katana"
"ok","SA-BRO-C-72X34-RS-FRAME","Brooklyn Chaise 72 x 34 Frame","sub_assembly","ea","pcs","default ea","1","42072695","","product","no","present in Katana"
"ok","SA-BRO-C-72X42-LS-CUSH","Brooklyn Chaise 72 x 42 Cushion","sub_assembly","ea","pcs","default ea","1","42072696","","product","no","present in Katana"
"ok","SA-BRO-C-72X42-LS-FRAME","Brooklyn Chaise 72 x 42 Frame","sub_assembly","ea","pcs","default ea","1","42072697","","product","no","present in Katana"
"ok","SA-BRO-C-72X42-RS-CUSH","Brooklyn Chaise 72 x 42 Cushion","sub_assembly","ea","pcs","default ea","1","42072698","","product","no","present in Katana"
"ok","SA-BRO-C-72X42-RS-FRAME","Brooklyn Chaise 72 x 42 Frame","sub_assembly","ea","pcs","default ea","1","42072699","","product","no","present in Katana"
"ok","SA-BRO-C-84X34-LS-CUSH","Brooklyn Chaise 84 x 34 Cushion","sub_assembly","ea","pcs","default ea","1","42072700","","product","no","present in Katana"
"ok","SA-BRO-C-84X34-LS-FRAME","Brooklyn Chaise 84 x 34 Frame","sub_assembly","ea","pcs","default ea","1","42072701","","product","no","present in Katana"
"ok","SA-BRO-C-84X34-RS-CUSH","Brooklyn Chaise 84 x 34 Cushion","sub_assembly","ea","pcs","default ea","1","42072702","","product","no","present in Katana"
"ok","SA-BRO-C-84X34-RS-FRAME","Brooklyn Chaise 84 x 34 Frame","sub_assembly","ea","pcs","default ea","1","42072703","","product","no","present in Katana"
"ok","SA-BRO-C-84X42-LS-CUSH","Brooklyn Chaise 84 x 42 Cushion","sub_assembly","ea","pcs","default ea","1","42072704","","product","no","present in Katana"
"ok","SA-BRO-C-84X42-LS-FRAME","Brooklyn Chaise 84 x 42 Frame","sub_assembly","ea","pcs","default ea","1","42072705","","product","no","present in Katana"
"ok","SA-BRO-C-84X42-RS-CUSH","Brooklyn Chaise 84 x 42 Cushion","sub_assembly","ea","pcs","default ea","1","42072706","","product","no","present in Katana"
"ok","SA-BRO-C-84X42-RS-FRAME","Brooklyn Chaise 84 x 42 Frame","sub_assembly","ea","pcs","default ea","1","42072707","","product","no","present in Katana"
"ok","SA-BRO-CL-D-CUSH","Brooklyn Chaise Lounge Double Cushion","sub_assembly","ea","pcs","default ea","1","42072708","","product","no","present in Katana"
"ok","SA-BRO-CL-D-FRAME","Brooklyn Chaise Lounge Double Frame","sub_assembly","ea","pcs","default ea","1","42072709","","product","no","present in Katana"
"ok","SA-BRO-CL-S-CUSH","Brooklyn Chaise Lounge Single Cushion","sub_assembly","ea","pcs","default ea","1","42072710","","product","no","present in Katana"
"ok","SA-BRO-CL-S-FRAME","Brooklyn Chaise Lounge Single Frame","sub_assembly","ea","pcs","default ea","1","42072711","","product","no","present in Katana"
"ok","SA-BRO-CS-72-LS-CUSH","Brooklyn Corner Sofa 72 Cushion","sub_assembly","ea","pcs","default ea","1","42072712","","product","no","present in Katana"
"ok","SA-BRO-CS-72-LS-FRAME","Brooklyn Corner Sofa 72 Frame","sub_assembly","ea","pcs","default ea","1","42072713","","product","no","present in Katana"
"ok","SA-BRO-CS-72-RS-CUSH","Brooklyn Corner Sofa 72 Cushion","sub_assembly","ea","pcs","default ea","1","42072714","","product","no","present in Katana"
"ok","SA-BRO-CS-72-RS-FRAME","Brooklyn Corner Sofa 72 Frame","sub_assembly","ea","pcs","default ea","1","42072715","","product","no","present in Katana"
"ok","SA-BRO-CS-84-LS-CUSH","Brooklyn Corner Sofa 84 Cushion","sub_assembly","ea","pcs","default ea","1","42072716","","product","no","present in Katana"
"ok","SA-BRO-CS-84-LS-FRAME","Brooklyn Corner Sofa 84 Frame","sub_assembly","ea","pcs","default ea","1","42072717","","product","no","present in Katana"
"ok","SA-BRO-CS-84-RS-CUSH","Brooklyn Corner Sofa 84 Cushion","sub_assembly","ea","pcs","default ea","1","42072718","","product","no","present in Katana"
"ok","SA-BRO-CS-84-RS-FRAME","Brooklyn Corner Sofa 84 Frame","sub_assembly","ea","pcs","default ea","1","42072719","","product","no","present in Katana"
"ok","SA-BRO-CS-96-LS-CUSH","Brooklyn Corner Sofa 96 Cushion","sub_assembly","ea","pcs","default ea","1","42072720","","product","no","present in Katana"
"ok","SA-BRO-CS-96-LS-FRAME","Brooklyn Corner Sofa 96 Frame","sub_assembly","ea","pcs","default ea","1","42072721","","product","no","present in Katana"
"ok","SA-BRO-CS-96-RS-CUSH","Brooklyn Corner Sofa 96 Cushion","sub_assembly","ea","pcs","default ea","1","42072722","","product","no","present in Katana"
"ok","SA-BRO-CS-96-RS-FRAME","Brooklyn Corner Sofa 96 Frame","sub_assembly","ea","pcs","default ea","1","42072723","","product","no","present in Katana"
"ok","SA-BRO-L-CUSH","Brooklyn Loveseat Cushion","sub_assembly","ea","pcs","default ea","1","42072724","","product","no","present in Katana"
"ok","SA-BRO-L-FRAME","Brooklyn Loveseat Frame","sub_assembly","ea","pcs","default ea","1","42072725","","product","no","present in Katana"
"ok","SA-BRO-S-72-CUSH","Brooklyn Sofa 72 Cushion","sub_assembly","ea","pcs","default ea","1","42072726","","product","no","present in Katana"
"ok","SA-BRO-S-72-FRAME","Brooklyn Sofa 72 Frame","sub_assembly","ea","pcs","default ea","1","42072727","","product","no","present in Katana"
"ok","SA-BRO-S-84-CUSH","Brooklyn Sofa 84 Cushion","sub_assembly","ea","pcs","default ea","1","42072728","","product","no","present in Katana"
"ok","SA-BRO-S-84-FRAME","Brooklyn Sofa 84 Frame","sub_assembly","ea","pcs","default ea","1","42072729","","product","no","present in Katana"
"ok","SA-BRO-S-96-CUSH","Brooklyn Sofa 96 Cushion","sub_assembly","ea","pcs","default ea","1","42072730","","product","no","present in Katana"
"ok","SA-BRO-S-96-FRAME","Brooklyn Sofa 96 Frame","sub_assembly","ea","pcs","default ea","1","42072731","","product","no","present in Katana"
"ok","SA-BRO-TC-D-CUSH","Brooklyn Transitional Chaise Double Cushion","sub_assembly","ea","pcs","default ea","1","42072732","","product","no","present in Katana"
"ok","SA-BRO-TC-D-FRAME","Brooklyn Transitional Chaise Double Frame","sub_assembly","ea","pcs","default ea","1","42072733","","product","no","present in Katana"
"ok","SA-BRO-TC-S-CUSH","Brooklyn Transitional Chaise Single Cushion","sub_assembly","ea","pcs","default ea","1","42072734","","product","no","present in Katana"
"ok","SA-BRO-TC-S-FRAME","Brooklyn Transitional Chaise Single Frame","sub_assembly","ea","pcs","default ea","1","42072735","","product","no","present in Katana"
"ok","SA-BRV-ARM","Bravada Arm Assembly (shared, not handed)","sub_assembly","ea","pcs","default ea","1","42072590","","product","no","present in Katana"
"ok","SA-BRV-CLB-CHA-34X34-BACK","Bravada Club Chair Back","sub_assembly","ea","pcs","default ea","1","42072591","","product","no","present in Katana"
"ok","SA-BRV-CLB-CHA-34X34-CUSH","BRAVADA CLUB CHAIR 34"" x 34"" x 31"" BH CUSH","sub_assembly","ea","pcs","default ea","1","42072592","","product","no","present in Katana"
"ok","SA-BRV-CLB-CHA-34X34-SEAT","Bravada Club Chair Seat Frame","sub_assembly","ea","pcs","default ea","1","42072593","","product","no","present in Katana"
"ok","SA-OCE-CC-CUSH","Ocean Club Chair Cushion","sub_assembly","ea","pcs","default ea","1","42072594","","product","no","present in Katana"
"ok","SA-OCE-CC-FRAME","Ocean Club Chair Frame","sub_assembly","ea","pcs","default ea","1","42072595","","product","no","present in Katana"
"ok","SA-OCE-CT-36X36-FRAME","Ocean Coffee Table 36 x 36 Frame","sub_assembly","ea","pcs","default ea","1","42072596","","product","no","present in Katana"
"ok","SA-OCE-CT-42X28-FRAME","Ocean Coffee Table 42 x 28 Frame","sub_assembly","ea","pcs","default ea","1","42062153","","product","no","present in Katana"
"ok","SA-OCE-CT-42X42-FRAME","Ocean Coffee Table 42 x 42 Frame","sub_assembly","ea","pcs","default ea","1","42072597","","product","no","present in Katana"
"ok","SA-OCE-CT-56X28-FRAME","Ocean Coffee Table 56 x 28 Frame","sub_assembly","ea","pcs","default ea","1","42062155","","product","no","present in Katana"
"ok","SA-OCE-CT-56X36-FRAME","Ocean Coffee Table 56 x 36 Frame","sub_assembly","ea","pcs","default ea","1","42062156","","product","no","present in Katana"
"ok","SA-OCE-CT-56X42-FRAME","Ocean Coffee Table 56 x 42 Frame","sub_assembly","ea","pcs","default ea","1","42062157","","product","no","present in Katana"
"ok","SA-OCE-CT-56X56-FRAME","Ocean Coffee Table 56 x 56 Frame","sub_assembly","ea","pcs","default ea","1","42072598","","product","no","present in Katana"
"ok","SA-OCE-CT-72X36-FRAME","Ocean Coffee Table 72 x 36 Frame","sub_assembly","ea","pcs","default ea","1","42062159","","product","no","present in Katana"
"ok","SA-OCE-CT-72X42-FRAME","Ocean Coffee Table 72 x 42 Frame","sub_assembly","ea","pcs","default ea","1","42062160","","product","no","present in Katana"
"ok","SA-OCE-CT-72X56-FRAME","Ocean Coffee Table 72 x 56 Frame","sub_assembly","ea","pcs","default ea","1","42062161","","product","no","present in Katana"
"ok","SA-OCE-DCL-CUSH","Ocean Double Chaise Lounge Cushion","sub_assembly","ea","pcs","default ea","1","42072599","","product","no","present in Katana"
"ok","SA-OCE-DCL-FRAME","Ocean Double Chaise Lounge Frame","sub_assembly","ea","pcs","default ea","1","42072600","","product","no","present in Katana"
"ok","SA-OCE-L-CUSH","Ocean Loveseat Cushion","sub_assembly","ea","pcs","default ea","1","42072601","","product","no","present in Katana"
"ok","SA-OCE-L-FRAME","Ocean Loveseat Frame","sub_assembly","ea","pcs","default ea","1","42072602","","product","no","present in Katana"
"ok","SA-OCE-ML-CUSH","Ocean Mini Loveseat Cushion","sub_assembly","ea","pcs","default ea","1","42072603","","product","no","present in Katana"
"ok","SA-OCE-ML-FRAME","Ocean Mini Loveseat Frame","sub_assembly","ea","pcs","default ea","1","42062167","","product","no","present in Katana"
"ok","SA-OCE-O-30X22-CUSH","Ocean Ottoman 30 x 22 Cushion","sub_assembly","ea","pcs","default ea","1","42072604","","product","no","present in Katana"
"ok","SA-OCE-O-30X22-FRAME","Ocean Ottoman 30 x 22 Frame","sub_assembly","ea","pcs","default ea","1","42072605","","product","no","present in Katana"
"ok","SA-OCE-O-42X22-CUSH","Ocean Ottoman 42 x 22 Cushion","sub_assembly","ea","pcs","default ea","1","42072606","","product","no","present in Katana"
"ok","SA-OCE-O-42X22-FRAME","Ocean Ottoman 42 x 22 Frame","sub_assembly","ea","pcs","default ea","1","42072607","","product","no","present in Katana"
"ok","SA-OCE-O-60X22-CUSH","Ocean Ottoman 60 x 22 Cushion","sub_assembly","ea","pcs","default ea","1","42072608","","product","no","present in Katana"
"ok","SA-OCE-O-60X22-FRAME","Ocean Ottoman 60 x 22 Frame","sub_assembly","ea","pcs","default ea","1","42072609","","product","no","present in Katana"
"ok","SA-OCE-O-72X22-CUSH","Ocean Ottoman 72 x 22 Cushion","sub_assembly","ea","pcs","default ea","1","42072610","","product","no","present in Katana"
"ok","SA-OCE-O-72X22-FRAME","Ocean Ottoman 72 x 22 Frame","sub_assembly","ea","pcs","default ea","1","42072611","","product","no","present in Katana"
"ok","SA-OCE-RST-36-FRAME","Ocean Round Side table 36 Frame","sub_assembly","ea","pcs","default ea","1","42072736","","product","no","present in Katana"
"ok","SA-OCE-RST-42-FRAME","Ocean Round Side Table 42 Frame","sub_assembly","ea","pcs","default ea","1","42072737","","product","no","present in Katana"
"ok","SA-OCE-S-72-CUSH","Ocean Sofa 72 Cushion","sub_assembly","ea","pcs","default ea","1","42072612","","product","no","present in Katana"
"ok","SA-OCE-S-72-FRAME","Ocean Sofa 72 Frame","sub_assembly","ea","pcs","default ea","1","42072613","","product","no","present in Katana"
"ok","SA-OCE-S-84-CUSH","Ocean Sofa 84 Cushion","sub_assembly","ea","pcs","default ea","1","42072614","","product","no","present in Katana"
"ok","SA-OCE-S-84-FRAME","Ocean Sofa 84 Frame","sub_assembly","ea","pcs","default ea","1","42072615","","product","no","present in Katana"
"ok","SA-OCE-S-96-CUSH","Ocean Sofa 96 Cushion","sub_assembly","ea","pcs","default ea","1","41892979","","product","no","present in Katana"
"ok","SA-OCE-S-96-FRAME","Ocean Sofa 96 Frame","sub_assembly","ea","pcs","default ea","1","41892985","","product","no","present in Katana"
"ok","SA-OCE-SC-CUSH","Ocean Swivel Chair Cushion","sub_assembly","ea","pcs","default ea","1","42072738","","product","no","present in Katana"
"ok","SA-OCE-SC-FRAME","Ocean Swivel Chair Frame","sub_assembly","ea","pcs","default ea","1","42072739","","product","no","present in Katana"
"ok","SA-OCE-SCL-CUSH","Ocean Single Chaise Lounge Cushion","sub_assembly","ea","pcs","default ea","1","42072616","","product","no","present in Katana"
"ok","SA-OCE-SCL-FRAME","Ocean Single Chaise Lounge Frame","sub_assembly","ea","pcs","default ea","1","42072617","","product","no","present in Katana"
"ok","SA-OCE-ST-20X20-FRAME","Ocean Side Table 20 x 20 Frame","sub_assembly","ea","pcs","default ea","1","42072740","","product","no","present in Katana"
"ok","SA-WFT-DIN-TAB-72X28-BASE","Waterfall Dining Table Base Frame","sub_assembly","ea","pcs","default ea","1","42047072","","product","no","present in Katana"
"duplicate","FIN-BRK-DOU-CHS-58X79","","finished_good","ea","pcs","default ea","2","42013490|41082038","","product","no","duplicate SKU in Katana tenant (not an ingredient in this CSV)"
"duplicate","FIN-BRK-SGL-CHS-38X79","","finished_good","ea","pcs","default ea","2","42013487|41082031","","product","no","duplicate SKU in Katana tenant (not an ingredient in this CSV)"
"duplicate","FIN-BRK-SOF-72X34","","finished_good","ea","pcs","default ea","2","42013574|41082080","","product","no","duplicate SKU in Katana tenant (not an ingredient in this CSV)"
"duplicate","FIN-BRK-SOF-84X34","","finished_good","ea","pcs","default ea","2","42013575|41082087","","product","no","duplicate SKU in Katana tenant (not an ingredient in this CSV)"
"duplicate","FIN-BRK-SOF-96X34","","finished_good","ea","pcs","default ea","2","42013576|41082100","","product","no","duplicate SKU in Katana tenant (not an ingredient in this CSV)"
"duplicate","FIN-BRK-TRA-DOU-CHS-48X72","","finished_good","ea","pcs","default ea","2","42013488|41082058","","product","no","duplicate SKU in Katana tenant (not an ingredient in this CSV)"
"duplicate","FIN-BRK-TRA-SGL-CHS-36X72","","finished_good","ea","pcs","default ea","2","42013489|41082047","","product","no","duplicate SKU in Katana tenant (not an ingredient in this CSV)"
"duplicate","FIN-BRV-ARM-LOV-60","","finished_good","ea","pcs","default ea","3","41913027|41913013|41069091","","product","no","duplicate SKU in Katana tenant (not an ingredient in this CSV)"
"duplicate","FIN-BRV-COF-TAB-36X36","","finished_good","ea","pcs","default ea","2","42013511|41080371","","product","no","duplicate SKU in Katana tenant (not an ingredient in this CSV)"
"duplicate","FIN-BRV-COF-TAB-42X42","","finished_good","ea","pcs","default ea","2","42013513|41080409","","product","no","duplicate SKU in Katana tenant (not an ingredient in this CSV)"
"duplicate","FIN-BRV-COF-TAB-56X56","","finished_good","ea","pcs","default ea","2","42013515|41080913","","product","no","duplicate SKU in Katana tenant (not an ingredient in this CSV)"
"duplicate","FIN-BRV-DOU-CHS-58X79","","finished_good","ea","pcs","default ea","2","42013482|41069475","","product","no","duplicate SKU in Katana tenant (not an ingredient in this CSV)"
"duplicate","FIN-BRV-DYB-72X72","","finished_good","ea","pcs","default ea","2","42013484|41070021","","product","no","duplicate SKU in Katana tenant (not an ingredient in this CSV)"
"duplicate","FIN-BRV-LOV-SOF-60X34","","finished_good","ea","pcs","default ea","2","42013465|41068965","","product","no","duplicate SKU in Katana tenant (not an ingredient in this CSV)"
"duplicate","FIN-BRV-MIN-LOV-48X34","","finished_good","ea","pcs","default ea","2","42013466|41068910","","product","no","duplicate SKU in Katana tenant (not an ingredient in this CSV)"
"duplicate","FIN-BRV-OTT-34X34","","finished_good","ea","pcs","default ea","2","42013686|41079731","","product","no","duplicate SKU in Katana tenant (not an ingredient in this CSV)"
"duplicate","FIN-BRV-SGL-CHS-30X79","","finished_good","ea","pcs","default ea","2","42013481|41069462","","product","no","duplicate SKU in Katana tenant (not an ingredient in this CSV)"
"duplicate","FIN-BRV-SID-TAB-20X20","","finished_good","ea","pcs","default ea","2","42013590|41080933","","product","no","duplicate SKU in Katana tenant (not an ingredient in this CSV)"
"duplicate","FIN-BRV-SOF-72X34","","finished_good","ea","pcs","default ea","2","42013467|41069022","","product","no","duplicate SKU in Katana tenant (not an ingredient in this CSV)"
"duplicate","FIN-BRV-SOF-84X34","","finished_good","ea","pcs","default ea","2","42013468|41069039","","product","no","duplicate SKU in Katana tenant (not an ingredient in this CSV)"
"duplicate","FIN-BRV-SOF-96X34","","finished_good","ea","pcs","default ea","2","42013469|41069056","","product","no","duplicate SKU in Katana tenant (not an ingredient in this CSV)"
"duplicate","FIN-BRV-SWV-CHA","","finished_good","ea","pcs","default ea","2","42013568|41068836","","product","no","duplicate SKU in Katana tenant (not an ingredient in this CSV)"
"duplicate","FIN-OCN-CLB-CHA-34X38","","finished_good","ea","pcs","default ea","2","42013491|23143086","","product","no","duplicate SKU in Katana tenant (not an ingredient in this CSV)"
"duplicate","FIN-OCN-COF-TAB-36X36","","finished_good","ea","pcs","default ea","2","42013591|23143564","","product","no","duplicate SKU in Katana tenant (not an ingredient in this CSV)"
"duplicate","FIN-OCN-COF-TAB-42X42","","finished_good","ea","pcs","default ea","2","42013519|23143585","","product","no","duplicate SKU in Katana tenant (not an ingredient in this CSV)"
"duplicate","FIN-OCN-COF-TAB-56X56","","finished_good","ea","pcs","default ea","2","42013521|23143603","","product","no","duplicate SKU in Katana tenant (not an ingredient in this CSV)"
"duplicate","FIN-OCN-DOU-CHS-58X79","","finished_good","ea","pcs","default ea","2","42013498|23143520","","product","no","duplicate SKU in Katana tenant (not an ingredient in this CSV)"
"duplicate","FIN-OCN-LOV-SOF-60X38","","finished_good","ea","pcs","default ea","2","42013496|23143088","","product","no","duplicate SKU in Katana tenant (not an ingredient in this CSV)"
"duplicate","FIN-OCN-OTT-30X22","","finished_good","ea","pcs","default ea","2","42013547|23143427","","product","no","duplicate SKU in Katana tenant (not an ingredient in this CSV)"
"duplicate","FIN-OCN-OTT-42X22","","finished_good","ea","pcs","default ea","2","42013698|23143450","","product","no","duplicate SKU in Katana tenant (not an ingredient in this CSV)"
"duplicate","FIN-OCN-OTT-60X22","","finished_good","ea","pcs","default ea","2","42013699|23143464","","product","no","duplicate SKU in Katana tenant (not an ingredient in this CSV)"
"duplicate","FIN-OCN-OTT-72X22","","finished_good","ea","pcs","default ea","2","42013700|23143470","","product","no","duplicate SKU in Katana tenant (not an ingredient in this CSV)"
"duplicate","FIN-OCN-SGL-CHS-36X79","","finished_good","ea","pcs","default ea","2","42013497|23143502","","product","no","duplicate SKU in Katana tenant (not an ingredient in this CSV)"
"duplicate","FIN-OCN-SID-TAB-20X20","","finished_good","ea","pcs","default ea","2","42013586|41068602","","product","no","duplicate SKU in Katana tenant (not an ingredient in this CSV)"
"duplicate","FIN-OCN-SOF-72X38","","finished_good","ea","pcs","default ea","2","42013493|23143089","","product","no","duplicate SKU in Katana tenant (not an ingredient in this CSV)"
"duplicate","FIN-OCN-SOF-84X38","","finished_good","ea","pcs","default ea","2","42013494|23143090","","product","no","duplicate SKU in Katana tenant (not an ingredient in this CSV)"
"duplicate","FIN-OCN-SOF-96X38","","finished_good","ea","pcs","default ea","2","41892986|23143091","","product","no","duplicate SKU in Katana tenant (not an ingredient in this CSV)"
