fin_sku,base_sku,ingredient_sku,role,quantity,status
"FIN-BRK-BAR-TAB-120X28","FIN-BRK-BAR-TAB-120X28","ASM-BRK-BAR-TAB-120X28-FRAME","FRAME","1","export"
"FIN-BRK-BAR-TAB-120X36","FIN-BRK-BAR-TAB-120X36","ASM-BRK-BAR-TAB-120X36-FRAME","FRAME","1","export"
"FIN-BRK-BAR-TAB-28X120","FIN-BRK-BAR-TAB-28X120","ASM-BRK-BAR-TAB-28X120-FRAME","FRAME","1","export"
"FIN-BRK-BAR-TAB-28X72","FIN-BRK-BAR-TAB-28X72","ASM-BRK-BAR-TAB-28X72-FRAME","FRAME","1","export"
"FIN-BRK-BAR-TAB-28X96","FIN-BRK-BAR-TAB-28X96","ASM-BRK-BAR-TAB-28X96-FRAME","FRAME","1","export"
"FIN-BRK-BAR-TAB-36X120","FIN-BRK-BAR-TAB-36X120","ASM-BRK-BAR-TAB-36X120-FRAME","FRAME","1","export"
"FIN-BRK-BAR-TAB-36X36","FIN-BRK-BAR-TAB-36X36","ASM-BRK-BAR-TAB-36X36-FRAME","FRAME","1","export"
"FIN-BRK-BAR-TAB-36X72","FIN-BRK-BAR-TAB-36X72","ASM-BRK-BAR-TAB-36X72-FRAME","FRAME","1","export"
"FIN-BRK-BAR-TAB-36X72-STARLEG","FIN-BRK-BAR-TAB-36X72","ASM-BRK-BAR-TAB-36X72-FRAME","FRAME","1","export"
"FIN-BRK-BAR-TAB-36X96","FIN-BRK-BAR-TAB-36X96","ASM-BRK-BAR-TAB-36X96-FRAME","FRAME","1","export"
"FIN-BRK-BAR-TAB-42X42","FIN-BRK-BAR-TAB-42X42","ASM-BRK-BAR-TAB-42X42-FRAME","FRAME","1","export"
"FIN-BRK-BAR-TAB-72X28","FIN-BRK-BAR-TAB-72X28","ASM-BRK-BAR-TAB-72X28-FRAME","FRAME","1","export"
"FIN-BRK-BAR-TAB-72X36","FIN-BRK-BAR-TAB-72X36","ASM-BRK-BAR-TAB-72X36-FRAME","FRAME","1","export"
"FIN-BRK-BAR-TAB-96X36","FIN-BRK-BAR-TAB-96X36","ASM-BRK-BAR-TAB-96X36-FRAME","FRAME","1","export"
"FIN-BRK-BAR-TAB-98X28","FIN-BRK-BAR-TAB-98X28","ASM-BRK-BAR-TAB-98X28-FRAME","FRAME","1","export"
"FIN-BRK-CHS-72X34-LS","FIN-BRK-CHS-72X34","SA-BRO-C-72X34-LS-FRAME","FRAME","1","export"
"FIN-BRK-CHS-72X34-LS","FIN-BRK-CHS-72X34","SA-BRO-C-72X34-LS-CUSH","CUSH","1","export"
"FIN-BRK-CHS-72X34-LS-BE","FIN-BRK-CHS-72X34","SA-BRO-C-72X34-LS-FRAME","FRAME","1","export"
"FIN-BRK-CHS-72X34-LS-BE","FIN-BRK-CHS-72X34","SA-BRO-C-72X34-LS-CUSH","CUSH","1","export"
"FIN-BRK-CHS-72X34-LS-BO","FIN-BRK-CHS-72X34","SA-BRO-C-72X34-LS-FRAME","FRAME","1","export"
"FIN-BRK-CHS-72X34-LS-BO","FIN-BRK-CHS-72X34","SA-BRO-C-72X34-LS-CUSH","CUSH","1","export"
"FIN-BRK-CHS-72X34-LS-BR","FIN-BRK-CHS-72X34","SA-BRO-C-72X34-LS-FRAME","FRAME","1","export"
"FIN-BRK-CHS-72X34-LS-BR","FIN-BRK-CHS-72X34","SA-BRO-C-72X34-LS-CUSH","CUSH","1","export"
"FIN-BRK-CHS-72X34-LS-GR","FIN-BRK-CHS-72X34","SA-BRO-C-72X34-LS-FRAME","FRAME","1","export"
"FIN-BRK-CHS-72X34-LS-GR","FIN-BRK-CHS-72X34","SA-BRO-C-72X34-LS-CUSH","CUSH","1","export"
"FIN-BRK-CHS-72X34-LS-WH","FIN-BRK-CHS-72X34","SA-BRO-C-72X34-LS-FRAME","FRAME","1","export"
"FIN-BRK-CHS-72X34-LS-WH","FIN-BRK-CHS-72X34","SA-BRO-C-72X34-LS-CUSH","CUSH","1","export"
"FIN-BRK-CHS-72X34-RS","FIN-BRK-CHS-72X34","SA-BRO-C-72X34-RS-FRAME","FRAME","1","export"
"FIN-BRK-CHS-72X34-RS","FIN-BRK-CHS-72X34","SA-BRO-C-72X34-RS-CUSH","CUSH","1","export"
"FIN-BRK-CHS-72X34-RS-BE","FIN-BRK-CHS-72X34","SA-BRO-C-72X34-RS-FRAME","FRAME","1","export"
"FIN-BRK-CHS-72X34-RS-BE","FIN-BRK-CHS-72X34","SA-BRO-C-72X34-RS-CUSH","CUSH","1","export"
"FIN-BRK-CHS-72X34-RS-BO","FIN-BRK-CHS-72X34","SA-BRO-C-72X34-RS-FRAME","FRAME","1","export"
"FIN-BRK-CHS-72X34-RS-BO","FIN-BRK-CHS-72X34","SA-BRO-C-72X34-RS-CUSH","CUSH","1","export"
"FIN-BRK-CHS-72X34-RS-BR","FIN-BRK-CHS-72X34","SA-BRO-C-72X34-RS-FRAME","FRAME","1","export"
"FIN-BRK-CHS-72X34-RS-BR","FIN-BRK-CHS-72X34","SA-BRO-C-72X34-RS-CUSH","CUSH","1","export"
"FIN-BRK-CHS-72X34-RS-GR","FIN-BRK-CHS-72X34","SA-BRO-C-72X34-RS-FRAME","FRAME","1","export"
"FIN-BRK-CHS-72X34-RS-GR","FIN-BRK-CHS-72X34","SA-BRO-C-72X34-RS-CUSH","CUSH","1","export"
"FIN-BRK-CHS-72X34-RS-WH","FIN-BRK-CHS-72X34","SA-BRO-C-72X34-RS-FRAME","FRAME","1","export"
"FIN-BRK-CHS-72X34-RS-WH","FIN-BRK-CHS-72X34","SA-BRO-C-72X34-RS-CUSH","CUSH","1","export"
"FIN-BRK-CHS-72X42-LS","FIN-BRK-CHS-72X42","SA-BRO-C-72X42-LS-FRAME","FRAME","1","export"
"FIN-BRK-CHS-72X42-LS","FIN-BRK-CHS-72X42","SA-BRO-C-72X42-LS-CUSH","CUSH","1","export"
"FIN-BRK-CHS-72X42-LS-BE","FIN-BRK-CHS-72X42","SA-BRO-C-72X42-LS-FRAME","FRAME","1","export"
"FIN-BRK-CHS-72X42-LS-BE","FIN-BRK-CHS-72X42","SA-BRO-C-72X42-LS-CUSH","CUSH","1","export"
"FIN-BRK-CHS-72X42-LS-BO","FIN-BRK-CHS-72X42","SA-BRO-C-72X42-LS-FRAME","FRAME","1","export"
"FIN-BRK-CHS-72X42-LS-BO","FIN-BRK-CHS-72X42","SA-BRO-C-72X42-LS-CUSH","CUSH","1","export"
"FIN-BRK-CHS-72X42-LS-BR","FIN-BRK-CHS-72X42","SA-BRO-C-72X42-LS-FRAME","FRAME","1","export"
"FIN-BRK-CHS-72X42-LS-BR","FIN-BRK-CHS-72X42","SA-BRO-C-72X42-LS-CUSH","CUSH","1","export"
"FIN-BRK-CHS-72X42-LS-GR","FIN-BRK-CHS-72X42","SA-BRO-C-72X42-LS-FRAME","FRAME","1","export"
"FIN-BRK-CHS-72X42-LS-GR","FIN-BRK-CHS-72X42","SA-BRO-C-72X42-LS-CUSH","CUSH","1","export"
"FIN-BRK-CHS-72X42-LS-WH","FIN-BRK-CHS-72X42","SA-BRO-C-72X42-LS-FRAME","FRAME","1","export"
"FIN-BRK-CHS-72X42-LS-WH","FIN-BRK-CHS-72X42","SA-BRO-C-72X42-LS-CUSH","CUSH","1","export"
"FIN-BRK-CHS-72X42-RS","FIN-BRK-CHS-72X42","SA-BRO-C-72X42-RS-FRAME","FRAME","1","export"
"FIN-BRK-CHS-72X42-RS","FIN-BRK-CHS-72X42","SA-BRO-C-72X42-RS-CUSH","CUSH","1","export"
"FIN-BRK-CHS-72X42-RS-BE","FIN-BRK-CHS-72X42","SA-BRO-C-72X42-RS-FRAME","FRAME","1","export"
"FIN-BRK-CHS-72X42-RS-BE","FIN-BRK-CHS-72X42","SA-BRO-C-72X42-RS-CUSH","CUSH","1","export"
"FIN-BRK-CHS-72X42-RS-BO","FIN-BRK-CHS-72X42","SA-BRO-C-72X42-RS-FRAME","FRAME","1","export"
"FIN-BRK-CHS-72X42-RS-BO","FIN-BRK-CHS-72X42","SA-BRO-C-72X42-RS-CUSH","CUSH","1","export"
"FIN-BRK-CHS-72X42-RS-BR","FIN-BRK-CHS-72X42","SA-BRO-C-72X42-RS-FRAME","FRAME","1","export"
"FIN-BRK-CHS-72X42-RS-BR","FIN-BRK-CHS-72X42","SA-BRO-C-72X42-RS-CUSH","CUSH","1","export"
"FIN-BRK-CHS-72X42-RS-GR","FIN-BRK-CHS-72X42","SA-BRO-C-72X42-RS-FRAME","FRAME","1","export"
"FIN-BRK-CHS-72X42-RS-GR","FIN-BRK-CHS-72X42","SA-BRO-C-72X42-RS-CUSH","CUSH","1","export"
"FIN-BRK-CHS-72X42-RS-WH","FIN-BRK-CHS-72X42","SA-BRO-C-72X42-RS-FRAME","FRAME","1","export"
"FIN-BRK-CHS-72X42-RS-WH","FIN-BRK-CHS-72X42","SA-BRO-C-72X42-RS-CUSH","CUSH","1","export"
"FIN-BRK-CHS-84X34-LS","FIN-BRK-CHS-84X34","SA-BRO-C-84X34-LS-FRAME","FRAME","1","export"
"FIN-BRK-CHS-84X34-LS","FIN-BRK-CHS-84X34","SA-BRO-C-84X34-LS-CUSH","CUSH","1","export"
"FIN-BRK-CHS-84X34-LS-BE","FIN-BRK-CHS-84X34","SA-BRO-C-84X34-LS-FRAME","FRAME","1","export"
"FIN-BRK-CHS-84X34-LS-BE","FIN-BRK-CHS-84X34","SA-BRO-C-84X34-LS-CUSH","CUSH","1","export"
"FIN-BRK-CHS-84X34-LS-BO","FIN-BRK-CHS-84X34","SA-BRO-C-84X34-LS-FRAME","FRAME","1","export"
"FIN-BRK-CHS-84X34-LS-BO","FIN-BRK-CHS-84X34","SA-BRO-C-84X34-LS-CUSH","CUSH","1","export"
"FIN-BRK-CHS-84X34-LS-BR","FIN-BRK-CHS-84X34","SA-BRO-C-84X34-LS-FRAME","FRAME","1","export"
"FIN-BRK-CHS-84X34-LS-BR","FIN-BRK-CHS-84X34","SA-BRO-C-84X34-LS-CUSH","CUSH","1","export"
"FIN-BRK-CHS-84X34-LS-GR","FIN-BRK-CHS-84X34","SA-BRO-C-84X34-LS-FRAME","FRAME","1","export"
"FIN-BRK-CHS-84X34-LS-GR","FIN-BRK-CHS-84X34","SA-BRO-C-84X34-LS-CUSH","CUSH","1","export"
"FIN-BRK-CHS-84X34-LS-WH","FIN-BRK-CHS-84X34","SA-BRO-C-84X34-LS-FRAME","FRAME","1","export"
"FIN-BRK-CHS-84X34-LS-WH","FIN-BRK-CHS-84X34","SA-BRO-C-84X34-LS-CUSH","CUSH","1","export"
"FIN-BRK-CHS-84X34-RS","FIN-BRK-CHS-84X34","SA-BRO-C-84X34-RS-FRAME","FRAME","1","export"
"FIN-BRK-CHS-84X34-RS","FIN-BRK-CHS-84X34","SA-BRO-C-84X34-RS-CUSH","CUSH","1","export"
"FIN-BRK-CHS-84X34-RS-BE","FIN-BRK-CHS-84X34","SA-BRO-C-84X34-RS-FRAME","FRAME","1","export"
"FIN-BRK-CHS-84X34-RS-BE","FIN-BRK-CHS-84X34","SA-BRO-C-84X34-RS-CUSH","CUSH","1","export"
"FIN-BRK-CHS-84X34-RS-BO","FIN-BRK-CHS-84X34","SA-BRO-C-84X34-RS-FRAME","FRAME","1","export"
"FIN-BRK-CHS-84X34-RS-BO","FIN-BRK-CHS-84X34","SA-BRO-C-84X34-RS-CUSH","CUSH","1","export"
"FIN-BRK-CHS-84X34-RS-BR","FIN-BRK-CHS-84X34","SA-BRO-C-84X34-RS-FRAME","FRAME","1","export"
"FIN-BRK-CHS-84X34-RS-BR","FIN-BRK-CHS-84X34","SA-BRO-C-84X34-RS-CUSH","CUSH","1","export"
"FIN-BRK-CHS-84X34-RS-GR","FIN-BRK-CHS-84X34","SA-BRO-C-84X34-RS-FRAME","FRAME","1","export"
"FIN-BRK-CHS-84X34-RS-GR","FIN-BRK-CHS-84X34","SA-BRO-C-84X34-RS-CUSH","CUSH","1","export"
"FIN-BRK-CHS-84X34-RS-WH","FIN-BRK-CHS-84X34","SA-BRO-C-84X34-RS-FRAME","FRAME","1","export"
"FIN-BRK-CHS-84X34-RS-WH","FIN-BRK-CHS-84X34","SA-BRO-C-84X34-RS-CUSH","CUSH","1","export"
"FIN-BRK-CHS-84X42-LS","FIN-BRK-CHS-84X42","SA-BRO-C-84X42-LS-FRAME","FRAME","1","export"
"FIN-BRK-CHS-84X42-LS","FIN-BRK-CHS-84X42","SA-BRO-C-84X42-LS-CUSH","CUSH","1","export"
"FIN-BRK-CHS-84X42-LS-BE","FIN-BRK-CHS-84X42","SA-BRO-C-84X42-LS-FRAME","FRAME","1","export"
"FIN-BRK-CHS-84X42-LS-BE","FIN-BRK-CHS-84X42","SA-BRO-C-84X42-LS-CUSH","CUSH","1","export"
"FIN-BRK-CHS-84X42-LS-BO","FIN-BRK-CHS-84X42","SA-BRO-C-84X42-LS-FRAME","FRAME","1","export"
"FIN-BRK-CHS-84X42-LS-BO","FIN-BRK-CHS-84X42","SA-BRO-C-84X42-LS-CUSH","CUSH","1","export"
"FIN-BRK-CHS-84X42-LS-BR","FIN-BRK-CHS-84X42","SA-BRO-C-84X42-LS-FRAME","FRAME","1","export"
"FIN-BRK-CHS-84X42-LS-BR","FIN-BRK-CHS-84X42","SA-BRO-C-84X42-LS-CUSH","CUSH","1","export"
"FIN-BRK-CHS-84X42-LS-GR","FIN-BRK-CHS-84X42","SA-BRO-C-84X42-LS-FRAME","FRAME","1","export"
"FIN-BRK-CHS-84X42-LS-GR","FIN-BRK-CHS-84X42","SA-BRO-C-84X42-LS-CUSH","CUSH","1","export"
"FIN-BRK-CHS-84X42-LS-WH","FIN-BRK-CHS-84X42","SA-BRO-C-84X42-LS-FRAME","FRAME","1","export"
"FIN-BRK-CHS-84X42-LS-WH","FIN-BRK-CHS-84X42","SA-BRO-C-84X42-LS-CUSH","CUSH","1","export"
"FIN-BRK-CHS-84X42-RS","FIN-BRK-CHS-84X42","SA-BRO-C-84X42-RS-FRAME","FRAME","1","export"
"FIN-BRK-CHS-84X42-RS","FIN-BRK-CHS-84X42","SA-BRO-C-84X42-RS-CUSH","CUSH","1","export"
"FIN-BRK-CHS-84X42-RS-BE","FIN-BRK-CHS-84X42","SA-BRO-C-84X42-RS-FRAME","FRAME","1","export"
"FIN-BRK-CHS-84X42-RS-BE","FIN-BRK-CHS-84X42","SA-BRO-C-84X42-RS-CUSH","CUSH","1","export"
"FIN-BRK-CHS-84X42-RS-BO","FIN-BRK-CHS-84X42","SA-BRO-C-84X42-RS-FRAME","FRAME","1","export"
"FIN-BRK-CHS-84X42-RS-BO","FIN-BRK-CHS-84X42","SA-BRO-C-84X42-RS-CUSH","CUSH","1","export"
"FIN-BRK-CHS-84X42-RS-BR","FIN-BRK-CHS-84X42","SA-BRO-C-84X42-RS-FRAME","FRAME","1","export"
"FIN-BRK-CHS-84X42-RS-BR","FIN-BRK-CHS-84X42","SA-BRO-C-84X42-RS-CUSH","CUSH","1","export"
"FIN-BRK-CHS-84X42-RS-GR","FIN-BRK-CHS-84X42","SA-BRO-C-84X42-RS-FRAME","FRAME","1","export"
"FIN-BRK-CHS-84X42-RS-GR","FIN-BRK-CHS-84X42","SA-BRO-C-84X42-RS-CUSH","CUSH","1","export"
"FIN-BRK-CHS-84X42-RS-WH","FIN-BRK-CHS-84X42","SA-BRO-C-84X42-RS-FRAME","FRAME","1","export"
"FIN-BRK-CHS-84X42-RS-WH","FIN-BRK-CHS-84X42","SA-BRO-C-84X42-RS-CUSH","CUSH","1","export"
"FIN-BRK-CNT-TAB-120X28","FIN-BRK-CNT-TAB-120X28","ASM-BRK-CNT-TAB-120X28-FRAME","FRAME","1","export"
"FIN-BRK-CNT-TAB-120X36","FIN-BRK-CNT-TAB-120X36","ASM-BRK-CNT-TAB-120X36-FRAME","FRAME","1","export"
"FIN-BRK-CNT-TAB-28X120","FIN-BRK-CNT-TAB-28X120","ASM-BRK-CNT-TAB-28X120-FRAME","FRAME","1","export"
"FIN-BRK-CNT-TAB-28X72","FIN-BRK-CNT-TAB-28X72","ASM-BRK-CNT-TAB-28X72-FRAME","FRAME","1","export"
"FIN-BRK-CNT-TAB-28X72-TABLECOUNTER","FIN-BRK-CNT-TAB-28X72","ASM-BRK-CNT-TAB-28X72-FRAME","FRAME","1","export"
"FIN-BRK-CNT-TAB-28X96","FIN-BRK-CNT-TAB-28X96","ASM-BRK-CNT-TAB-28X96-FRAME","FRAME","1","export"
"FIN-BRK-CNT-TAB-36X120","FIN-BRK-CNT-TAB-36X120","ASM-BRK-CNT-TAB-36X120-FRAME","FRAME","1","export"
"FIN-BRK-CNT-TAB-36X36","FIN-BRK-CNT-TAB-36X36","ASM-BRK-CNT-TAB-36X36-FRAME","FRAME","1","export"
"FIN-BRK-CNT-TAB-36X72","FIN-BRK-CNT-TAB-36X72","ASM-BRK-CNT-TAB-36X72-FRAME","FRAME","1","export"
"FIN-BRK-CNT-TAB-36X72-STARLEG","FIN-BRK-CNT-TAB-36X72","ASM-BRK-CNT-TAB-36X72-FRAME","FRAME","1","export"
"FIN-BRK-CNT-TAB-36X96","FIN-BRK-CNT-TAB-36X96","ASM-BRK-CNT-TAB-36X96-FRAME","FRAME","1","export"
"FIN-BRK-CNT-TAB-42X42","FIN-BRK-CNT-TAB-42X42","ASM-BRK-CNT-TAB-42X42-FRAME","FRAME","1","export"
"FIN-BRK-CNT-TAB-72X18","FIN-BRK-CNT-TAB-72X18","ASM-BRK-CNT-TAB-72X18-FRAME","FRAME","1","export"
"FIN-BRK-CNT-TAB-72X28","FIN-BRK-CNT-TAB-72X28","ASM-BRK-CNT-TAB-72X28-FRAME","FRAME","1","export"
"FIN-BRK-CNT-TAB-72X36","FIN-BRK-CNT-TAB-72X36","ASM-BRK-CNT-TAB-72X36-FRAME","FRAME","1","export"
"FIN-BRK-CNT-TAB-96X28","FIN-BRK-CNT-TAB-96X28","ASM-BRK-CNT-TAB-96X28-FRAME","FRAME","1","export"
"FIN-BRK-CNT-TAB-96X36","FIN-BRK-CNT-TAB-96X36","ASM-BRK-CNT-TAB-96X36-FRAME","FRAME","1","export"
"FIN-BRK-COR-CHS-84X42","FIN-BRK-COR-CHS-84X42","ASM-BRK-COR-CHS-84X42-FRAME","FRAME","1","export"
"FIN-BRK-COR-CHS-84X42","FIN-BRK-COR-CHS-84X42","ASM-BRK-COR-CHS-84X42-CUSH","CUSH","1","export"
"FIN-BRK-COR-SOF-72X34","FIN-BRK-COR-SOF-72X34","","","","no_live_children"
"FIN-BRK-COR-SOF-72X34-LS","FIN-BRK-COR-SOF-72X34","SA-BRO-CS-72-LS-FRAME","FRAME","1","export"
"FIN-BRK-COR-SOF-72X34-LS","FIN-BRK-COR-SOF-72X34","SA-BRO-CS-72-LS-CUSH","CUSH","1","export"
"FIN-BRK-COR-SOF-72X34-LS-BE","FIN-BRK-COR-SOF-72X34","SA-BRO-CS-72-LS-FRAME","FRAME","1","export"
"FIN-BRK-COR-SOF-72X34-LS-BE","FIN-BRK-COR-SOF-72X34","SA-BRO-CS-72-LS-CUSH","CUSH","1","export"
"FIN-BRK-COR-SOF-72X34-LS-BO","FIN-BRK-COR-SOF-72X34","SA-BRO-CS-72-LS-FRAME","FRAME","1","export"
"FIN-BRK-COR-SOF-72X34-LS-BO","FIN-BRK-COR-SOF-72X34","SA-BRO-CS-72-LS-CUSH","CUSH","1","export"
"FIN-BRK-COR-SOF-72X34-LS-BR","FIN-BRK-COR-SOF-72X34","SA-BRO-CS-72-LS-FRAME","FRAME","1","export"
"FIN-BRK-COR-SOF-72X34-LS-BR","FIN-BRK-COR-SOF-72X34","SA-BRO-CS-72-LS-CUSH","CUSH","1","export"
"FIN-BRK-COR-SOF-72X34-LS-GR","FIN-BRK-COR-SOF-72X34","SA-BRO-CS-72-LS-FRAME","FRAME","1","export"
"FIN-BRK-COR-SOF-72X34-LS-GR","FIN-BRK-COR-SOF-72X34","SA-BRO-CS-72-LS-CUSH","CUSH","1","export"
"FIN-BRK-COR-SOF-72X34-LS-WH","FIN-BRK-COR-SOF-72X34","SA-BRO-CS-72-LS-FRAME","FRAME","1","export"
"FIN-BRK-COR-SOF-72X34-LS-WH","FIN-BRK-COR-SOF-72X34","SA-BRO-CS-72-LS-CUSH","CUSH","1","export"
"FIN-BRK-COR-SOF-72X34-RS","FIN-BRK-COR-SOF-72X34","SA-BRO-CS-72-RS-FRAME","FRAME","1","export"
"FIN-BRK-COR-SOF-72X34-RS","FIN-BRK-COR-SOF-72X34","SA-BRO-CS-72-RS-CUSH","CUSH","1","export"
"FIN-BRK-COR-SOF-72X34-RS-BE","FIN-BRK-COR-SOF-72X34","SA-BRO-CS-72-RS-FRAME","FRAME","1","export"
"FIN-BRK-COR-SOF-72X34-RS-BE","FIN-BRK-COR-SOF-72X34","SA-BRO-CS-72-RS-CUSH","CUSH","1","export"
"FIN-BRK-COR-SOF-72X34-RS-BO","FIN-BRK-COR-SOF-72X34","SA-BRO-CS-72-RS-FRAME","FRAME","1","export"
"FIN-BRK-COR-SOF-72X34-RS-BO","FIN-BRK-COR-SOF-72X34","SA-BRO-CS-72-RS-CUSH","CUSH","1","export"
"FIN-BRK-COR-SOF-72X34-RS-BR","FIN-BRK-COR-SOF-72X34","SA-BRO-CS-72-RS-FRAME","FRAME","1","export"
"FIN-BRK-COR-SOF-72X34-RS-BR","FIN-BRK-COR-SOF-72X34","SA-BRO-CS-72-RS-CUSH","CUSH","1","export"
"FIN-BRK-COR-SOF-72X34-RS-GR","FIN-BRK-COR-SOF-72X34","SA-BRO-CS-72-RS-FRAME","FRAME","1","export"
"FIN-BRK-COR-SOF-72X34-RS-GR","FIN-BRK-COR-SOF-72X34","SA-BRO-CS-72-RS-CUSH","CUSH","1","export"
"FIN-BRK-COR-SOF-72X34-RS-WH","FIN-BRK-COR-SOF-72X34","SA-BRO-CS-72-RS-FRAME","FRAME","1","export"
"FIN-BRK-COR-SOF-72X34-RS-WH","FIN-BRK-COR-SOF-72X34","SA-BRO-CS-72-RS-CUSH","CUSH","1","export"
"FIN-BRK-COR-SOF-84X34","FIN-BRK-COR-SOF-84X34","","","","no_live_children"
"FIN-BRK-COR-SOF-84X34-LS","FIN-BRK-COR-SOF-84X34","SA-BRO-CS-84-LS-FRAME","FRAME","1","export"
"FIN-BRK-COR-SOF-84X34-LS","FIN-BRK-COR-SOF-84X34","SA-BRO-CS-84-LS-CUSH","CUSH","1","export"
"FIN-BRK-COR-SOF-84X34-LS-BE","FIN-BRK-COR-SOF-84X34","SA-BRO-CS-84-LS-FRAME","FRAME","1","export"
"FIN-BRK-COR-SOF-84X34-LS-BE","FIN-BRK-COR-SOF-84X34","SA-BRO-CS-84-LS-CUSH","CUSH","1","export"
"FIN-BRK-COR-SOF-84X34-LS-BO","FIN-BRK-COR-SOF-84X34","SA-BRO-CS-84-LS-FRAME","FRAME","1","export"
"FIN-BRK-COR-SOF-84X34-LS-BO","FIN-BRK-COR-SOF-84X34","SA-BRO-CS-84-LS-CUSH","CUSH","1","export"
"FIN-BRK-COR-SOF-84X34-LS-BR","FIN-BRK-COR-SOF-84X34","SA-BRO-CS-84-LS-FRAME","FRAME","1","export"
"FIN-BRK-COR-SOF-84X34-LS-BR","FIN-BRK-COR-SOF-84X34","SA-BRO-CS-84-LS-CUSH","CUSH","1","export"
"FIN-BRK-COR-SOF-84X34-LS-GR","FIN-BRK-COR-SOF-84X34","SA-BRO-CS-84-LS-FRAME","FRAME","1","export"
"FIN-BRK-COR-SOF-84X34-LS-GR","FIN-BRK-COR-SOF-84X34","SA-BRO-CS-84-LS-CUSH","CUSH","1","export"
"FIN-BRK-COR-SOF-84X34-LS-WH","FIN-BRK-COR-SOF-84X34","SA-BRO-CS-84-LS-FRAME","FRAME","1","export"
"FIN-BRK-COR-SOF-84X34-LS-WH","FIN-BRK-COR-SOF-84X34","SA-BRO-CS-84-LS-CUSH","CUSH","1","export"
"FIN-BRK-COR-SOF-84X34-RS","FIN-BRK-COR-SOF-84X34","SA-BRO-CS-84-RS-FRAME","FRAME","1","export"
"FIN-BRK-COR-SOF-84X34-RS","FIN-BRK-COR-SOF-84X34","SA-BRO-CS-84-RS-CUSH","CUSH","1","export"
"FIN-BRK-COR-SOF-84X34-RS-BE","FIN-BRK-COR-SOF-84X34","SA-BRO-CS-84-RS-FRAME","FRAME","1","export"
"FIN-BRK-COR-SOF-84X34-RS-BE","FIN-BRK-COR-SOF-84X34","SA-BRO-CS-84-RS-CUSH","CUSH","1","export"
"FIN-BRK-COR-SOF-84X34-RS-BO","FIN-BRK-COR-SOF-84X34","SA-BRO-CS-84-RS-FRAME","FRAME","1","export"
"FIN-BRK-COR-SOF-84X34-RS-BO","FIN-BRK-COR-SOF-84X34","SA-BRO-CS-84-RS-CUSH","CUSH","1","export"
"FIN-BRK-COR-SOF-84X34-RS-BR","FIN-BRK-COR-SOF-84X34","SA-BRO-CS-84-RS-FRAME","FRAME","1","export"
"FIN-BRK-COR-SOF-84X34-RS-BR","FIN-BRK-COR-SOF-84X34","SA-BRO-CS-84-RS-CUSH","CUSH","1","export"
"FIN-BRK-COR-SOF-84X34-RS-GR","FIN-BRK-COR-SOF-84X34","SA-BRO-CS-84-RS-FRAME","FRAME","1","export"
"FIN-BRK-COR-SOF-84X34-RS-GR","FIN-BRK-COR-SOF-84X34","SA-BRO-CS-84-RS-CUSH","CUSH","1","export"
"FIN-BRK-COR-SOF-84X34-RS-WH","FIN-BRK-COR-SOF-84X34","SA-BRO-CS-84-RS-FRAME","FRAME","1","export"
"FIN-BRK-COR-SOF-84X34-RS-WH","FIN-BRK-COR-SOF-84X34","SA-BRO-CS-84-RS-CUSH","CUSH","1","export"
"FIN-BRK-COR-SOF-96X34","FIN-BRK-COR-SOF-96X34","","","","no_live_children"
"FIN-BRK-COR-SOF-96X34-LS","FIN-BRK-COR-SOF-96X34","SA-BRO-CS-96-LS-FRAME","FRAME","1","export"
"FIN-BRK-COR-SOF-96X34-LS","FIN-BRK-COR-SOF-96X34","SA-BRO-CS-96-LS-CUSH","CUSH","1","export"
"FIN-BRK-COR-SOF-96X34-LS-BE","FIN-BRK-COR-SOF-96X34","SA-BRO-CS-96-LS-FRAME","FRAME","1","export"
"FIN-BRK-COR-SOF-96X34-LS-BE","FIN-BRK-COR-SOF-96X34","SA-BRO-CS-96-LS-CUSH","CUSH","1","export"
"FIN-BRK-COR-SOF-96X34-LS-BO","FIN-BRK-COR-SOF-96X34","SA-BRO-CS-96-LS-FRAME","FRAME","1","export"
"FIN-BRK-COR-SOF-96X34-LS-BO","FIN-BRK-COR-SOF-96X34","SA-BRO-CS-96-LS-CUSH","CUSH","1","export"
"FIN-BRK-COR-SOF-96X34-LS-BR","FIN-BRK-COR-SOF-96X34","SA-BRO-CS-96-LS-FRAME","FRAME","1","export"
"FIN-BRK-COR-SOF-96X34-LS-BR","FIN-BRK-COR-SOF-96X34","SA-BRO-CS-96-LS-CUSH","CUSH","1","export"
"FIN-BRK-COR-SOF-96X34-LS-GR","FIN-BRK-COR-SOF-96X34","SA-BRO-CS-96-LS-FRAME","FRAME","1","export"
"FIN-BRK-COR-SOF-96X34-LS-GR","FIN-BRK-COR-SOF-96X34","SA-BRO-CS-96-LS-CUSH","CUSH","1","export"
"FIN-BRK-COR-SOF-96X34-LS-WH","FIN-BRK-COR-SOF-96X34","SA-BRO-CS-96-LS-FRAME","FRAME","1","export"
"FIN-BRK-COR-SOF-96X34-LS-WH","FIN-BRK-COR-SOF-96X34","SA-BRO-CS-96-LS-CUSH","CUSH","1","export"
"FIN-BRK-COR-SOF-96X34-RS","FIN-BRK-COR-SOF-96X34","SA-BRO-CS-96-RS-FRAME","FRAME","1","export"
"FIN-BRK-COR-SOF-96X34-RS","FIN-BRK-COR-SOF-96X34","SA-BRO-CS-96-RS-CUSH","CUSH","1","export"
"FIN-BRK-COR-SOF-96X34-RS-BE","FIN-BRK-COR-SOF-96X34","SA-BRO-CS-96-RS-FRAME","FRAME","1","export"
"FIN-BRK-COR-SOF-96X34-RS-BE","FIN-BRK-COR-SOF-96X34","SA-BRO-CS-96-RS-CUSH","CUSH","1","export"
"FIN-BRK-COR-SOF-96X34-RS-BO","FIN-BRK-COR-SOF-96X34","SA-BRO-CS-96-RS-FRAME","FRAME","1","export"
"FIN-BRK-COR-SOF-96X34-RS-BO","FIN-BRK-COR-SOF-96X34","SA-BRO-CS-96-RS-CUSH","CUSH","1","export"
"FIN-BRK-COR-SOF-96X34-RS-BR","FIN-BRK-COR-SOF-96X34","SA-BRO-CS-96-RS-FRAME","FRAME","1","export"
"FIN-BRK-COR-SOF-96X34-RS-BR","FIN-BRK-COR-SOF-96X34","SA-BRO-CS-96-RS-CUSH","CUSH","1","export"
"FIN-BRK-COR-SOF-96X34-RS-GR","FIN-BRK-COR-SOF-96X34","SA-BRO-CS-96-RS-FRAME","FRAME","1","export"
"FIN-BRK-COR-SOF-96X34-RS-GR","FIN-BRK-COR-SOF-96X34","SA-BRO-CS-96-RS-CUSH","CUSH","1","export"
"FIN-BRK-COR-SOF-96X34-RS-WH","FIN-BRK-COR-SOF-96X34","SA-BRO-CS-96-RS-FRAME","FRAME","1","export"
"FIN-BRK-COR-SOF-96X34-RS-WH","FIN-BRK-COR-SOF-96X34","SA-BRO-CS-96-RS-CUSH","CUSH","1","export"
"FIN-BRK-DIN-TAB-120X28","FIN-BRK-DIN-TAB-120X28","ASM-BRK-DIN-TAB-120X28-FRAME","FRAME","1","export"
"FIN-BRK-DIN-TAB-120X36","FIN-BRK-DIN-TAB-120X36","ASM-BRK-DIN-TAB-120X36-FRAME","FRAME","1","export"
"FIN-BRK-DIN-TAB-28X120","FIN-BRK-DIN-TAB-28X120","ASM-BRK-DIN-TAB-28X120-FRAME","FRAME","1","export"
"FIN-BRK-DIN-TAB-28X72","FIN-BRK-DIN-TAB-28X72","ASM-BRK-DIN-TAB-28X72-FRAME","FRAME","1","export"
"FIN-BRK-DIN-TAB-28X96","FIN-BRK-DIN-TAB-28X96","ASM-BRK-DIN-TAB-28X96-FRAME","FRAME","1","export"
"FIN-BRK-DIN-TAB-36X120","FIN-BRK-DIN-TAB-36X120","ASM-BRK-DIN-TAB-36X120-FRAME","FRAME","1","export"
"FIN-BRK-DIN-TAB-36X36","FIN-BRK-DIN-TAB-36X36","ASM-BRK-DIN-TAB-36X36-FRAME","FRAME","1","export"
"FIN-BRK-DIN-TAB-36X72","FIN-BRK-DIN-TAB-36X72","ASM-BRK-DIN-TAB-36X72-FRAME","FRAME","1","export"
"FIN-BRK-DIN-TAB-36X72-STARLEG","FIN-BRK-DIN-TAB-36X72","ASM-BRK-DIN-TAB-36X72-FRAME","FRAME","1","export"
"FIN-BRK-DIN-TAB-36X96","FIN-BRK-DIN-TAB-36X96","ASM-BRK-DIN-TAB-36X96-FRAME","FRAME","1","export"
"FIN-BRK-DIN-TAB-42X42","FIN-BRK-DIN-TAB-42X42","ASM-BRK-DIN-TAB-42X42-FRAME","FRAME","1","export"
"FIN-BRK-DIN-TAB-72X28","FIN-BRK-DIN-TAB-72X28","ASM-BRK-DIN-TAB-72X28-FRAME","FRAME","1","export"
"FIN-BRK-DIN-TAB-72X36","FIN-BRK-DIN-TAB-72X36","ASM-BRK-DIN-TAB-72X36-FRAME","FRAME","1","export"
"FIN-BRK-DIN-TAB-96X28","FIN-BRK-DIN-TAB-96X28","ASM-BRK-DIN-TAB-96X28-FRAME","FRAME","1","export"
"FIN-BRK-DIN-TAB-96X36","FIN-BRK-DIN-TAB-96X36","ASM-BRK-DIN-TAB-96X36-FRAME","FRAME","1","export"
"FIN-BRK-DOU-CHS-58X79","FIN-BRK-DOU-CHS-58X79","SA-BRO-CL-D-FRAME","FRAME","1","export"
"FIN-BRK-DOU-CHS-58X79","FIN-BRK-DOU-CHS-58X79","SA-BRO-CL-D-CUSH","CUSH","1","export"
"FIN-BRK-DOU-CHS-58X79-BE","FIN-BRK-DOU-CHS-58X79","SA-BRO-CL-D-FRAME","FRAME","1","export"
"FIN-BRK-DOU-CHS-58X79-BE","FIN-BRK-DOU-CHS-58X79","SA-BRO-CL-D-CUSH","CUSH","1","export"
"FIN-BRK-DOU-CHS-58X79-BO","FIN-BRK-DOU-CHS-58X79","SA-BRO-CL-D-FRAME","FRAME","1","export"
"FIN-BRK-DOU-CHS-58X79-BO","FIN-BRK-DOU-CHS-58X79","SA-BRO-CL-D-CUSH","CUSH","1","export"
"FIN-BRK-DOU-CHS-58X79-BR","FIN-BRK-DOU-CHS-58X79","SA-BRO-CL-D-FRAME","FRAME","1","export"
"FIN-BRK-DOU-CHS-58X79-BR","FIN-BRK-DOU-CHS-58X79","SA-BRO-CL-D-CUSH","CUSH","1","export"
"FIN-BRK-DOU-CHS-58X79-GR","FIN-BRK-DOU-CHS-58X79","SA-BRO-CL-D-FRAME","FRAME","1","export"
"FIN-BRK-DOU-CHS-58X79-GR","FIN-BRK-DOU-CHS-58X79","SA-BRO-CL-D-CUSH","CUSH","1","export"
"FIN-BRK-DOU-CHS-58X79-WH","FIN-BRK-DOU-CHS-58X79","SA-BRO-CL-D-FRAME","FRAME","1","export"
"FIN-BRK-DOU-CHS-58X79-WH","FIN-BRK-DOU-CHS-58X79","SA-BRO-CL-D-CUSH","CUSH","1","export"
"FIN-BRK-LOV-SOF","FIN-BRK-LOV-SOF","SA-BRO-L-FRAME","FRAME","1","export"
"FIN-BRK-LOV-SOF","FIN-BRK-LOV-SOF","SA-BRO-L-CUSH","CUSH","1","export"
"FIN-BRK-LOV-SOF-BE","FIN-BRK-LOV-SOF-BE","SA-BRO-L-FRAME","FRAME","1","export"
"FIN-BRK-LOV-SOF-BE","FIN-BRK-LOV-SOF-BE","SA-BRO-L-CUSH","CUSH","1","export"
"FIN-BRK-LOV-SOF-BO","FIN-BRK-LOV-SOF-BO","SA-BRO-L-FRAME","FRAME","1","export"
"FIN-BRK-LOV-SOF-BO","FIN-BRK-LOV-SOF-BO","SA-BRO-L-CUSH","CUSH","1","export"
"FIN-BRK-LOV-SOF-BR","FIN-BRK-LOV-SOF-BR","SA-BRO-L-FRAME","FRAME","1","export"
"FIN-BRK-LOV-SOF-BR","FIN-BRK-LOV-SOF-BR","SA-BRO-L-CUSH","CUSH","1","export"
"FIN-BRK-LOV-SOF-GR","FIN-BRK-LOV-SOF-GR","SA-BRO-L-FRAME","FRAME","1","export"
"FIN-BRK-LOV-SOF-GR","FIN-BRK-LOV-SOF-GR","SA-BRO-L-CUSH","CUSH","1","export"
"FIN-BRK-LOV-SOF-WH","FIN-BRK-LOV-SOF-WH","SA-BRO-L-FRAME","FRAME","1","export"
"FIN-BRK-LOV-SOF-WH","FIN-BRK-LOV-SOF-WH","SA-BRO-L-CUSH","CUSH","1","export"
"FIN-BRK-OTT-22X42","FIN-BRK-OTT-22X42","ASM-BRK-OTT-22X42-FRAME","FRAME","1","export"
"FIN-BRK-OTT-22X42","FIN-BRK-OTT-22X42","ASM-BRK-OTT-22X42-CUSH","CUSH","1","export"
"FIN-BRK-OTT-22X60","FIN-BRK-OTT-22X60","ASM-BRK-OTT-22X60-FRAME","FRAME","1","export"
"FIN-BRK-OTT-22X60","FIN-BRK-OTT-22X60","ASM-BRK-OTT-22X60-CUSH","CUSH","1","export"
"FIN-BRK-OTT-22X72","FIN-BRK-OTT-22X72","ASM-BRK-OTT-22X72-FRAME","FRAME","1","export"
"FIN-BRK-OTT-22X72","FIN-BRK-OTT-22X72","ASM-BRK-OTT-22X72-CUSH","CUSH","1","export"
"FIN-BRK-OTT-34X34","FIN-BRK-OTT-34X34","ASM-BRK-OTT-34X34-FRAME","FRAME","1","export"
"FIN-BRK-OTT-34X34","FIN-BRK-OTT-34X34","ASM-BRK-OTT-34X34-CUSH","CUSH","1","export"
"FIN-BRK-OTT-34X42","FIN-BRK-OTT-34X42","ASM-BRK-OTT-34X42-FRAME","FRAME","1","export"
"FIN-BRK-OTT-34X42","FIN-BRK-OTT-34X42","ASM-BRK-OTT-34X42-CUSH","CUSH","1","export"
"FIN-BRK-OTT-34X60","FIN-BRK-OTT-34X60","ASM-BRK-OTT-34X60-FRAME","FRAME","1","export"
"FIN-BRK-OTT-34X60","FIN-BRK-OTT-34X60","ASM-BRK-OTT-34X60-CUSH","CUSH","1","export"
"FIN-BRK-OTT-34X72","FIN-BRK-OTT-34X72","ASM-BRK-OTT-34X72-FRAME","FRAME","1","export"
"FIN-BRK-OTT-34X72","FIN-BRK-OTT-34X72","ASM-BRK-OTT-34X72-CUSH","CUSH","1","export"
"FIN-BRK-OTT-42X22","FIN-BRK-OTT-42X22","ASM-BRK-OTT-42X22-FRAME","FRAME","1","export"
"FIN-BRK-OTT-42X22","FIN-BRK-OTT-42X22","ASM-BRK-OTT-42X22-CUSH","CUSH","1","export"
"FIN-BRK-OTT-42X34","FIN-BRK-OTT-42X34","ASM-BRK-OTT-42X34-FRAME","FRAME","1","export"
"FIN-BRK-OTT-42X34","FIN-BRK-OTT-42X34","ASM-BRK-OTT-42X34-CUSH","CUSH","1","export"
"FIN-BRK-OTT-56X42","FIN-BRK-OTT-56X42","ASM-BRK-OTT-56X42-FRAME","FRAME","1","export"
"FIN-BRK-OTT-56X42","FIN-BRK-OTT-56X42","ASM-BRK-OTT-56X42-CUSH","CUSH","1","export"
"FIN-BRK-OTT-60X22","FIN-BRK-OTT-60X22","ASM-BRK-OTT-60X22-FRAME","FRAME","1","export"
"FIN-BRK-OTT-60X22","FIN-BRK-OTT-60X22","ASM-BRK-OTT-60X22-CUSH","CUSH","1","export"
"FIN-BRK-OTT-60X34","FIN-BRK-OTT-60X34","ASM-BRK-OTT-60X34-FRAME","FRAME","1","export"
"FIN-BRK-OTT-60X34","FIN-BRK-OTT-60X34","ASM-BRK-OTT-60X34-CUSH","CUSH","1","export"
"FIN-BRK-OTT-72X22","FIN-BRK-OTT-72X22","ASM-BRK-OTT-72X22-FRAME","FRAME","1","export"
"FIN-BRK-OTT-72X22","FIN-BRK-OTT-72X22","ASM-BRK-OTT-72X22-CUSH","CUSH","1","export"
"FIN-BRK-OTT-72X34","FIN-BRK-OTT-72X34","ASM-BRK-OTT-72X34-FRAME","FRAME","1","export"
"FIN-BRK-OTT-72X34","FIN-BRK-OTT-72X34","ASM-BRK-OTT-72X34-CUSH","CUSH","1","export"
"FIN-BRK-SGL-CHS-38X79","FIN-BRK-SGL-CHS-38X79","SA-BRO-CL-S-FRAME","FRAME","1","export"
"FIN-BRK-SGL-CHS-38X79","FIN-BRK-SGL-CHS-38X79","SA-BRO-CL-S-CUSH","CUSH","1","export"
"FIN-BRK-SGL-CHS-38X79-BE","FIN-BRK-SGL-CHS-38X79","SA-BRO-CL-S-FRAME","FRAME","1","export"
"FIN-BRK-SGL-CHS-38X79-BE","FIN-BRK-SGL-CHS-38X79","SA-BRO-CL-S-CUSH","CUSH","1","export"
"FIN-BRK-SGL-CHS-38X79-BO","FIN-BRK-SGL-CHS-38X79","SA-BRO-CL-S-FRAME","FRAME","1","export"
"FIN-BRK-SGL-CHS-38X79-BO","FIN-BRK-SGL-CHS-38X79","SA-BRO-CL-S-CUSH","CUSH","1","export"
"FIN-BRK-SGL-CHS-38X79-BR","FIN-BRK-SGL-CHS-38X79","SA-BRO-CL-S-FRAME","FRAME","1","export"
"FIN-BRK-SGL-CHS-38X79-BR","FIN-BRK-SGL-CHS-38X79","SA-BRO-CL-S-CUSH","CUSH","1","export"
"FIN-BRK-SGL-CHS-38X79-GR","FIN-BRK-SGL-CHS-38X79","SA-BRO-CL-S-FRAME","FRAME","1","export"
"FIN-BRK-SGL-CHS-38X79-GR","FIN-BRK-SGL-CHS-38X79","SA-BRO-CL-S-CUSH","CUSH","1","export"
"FIN-BRK-SGL-CHS-38X79-WH","FIN-BRK-SGL-CHS-38X79","SA-BRO-CL-S-FRAME","FRAME","1","export"
"FIN-BRK-SGL-CHS-38X79-WH","FIN-BRK-SGL-CHS-38X79","SA-BRO-CL-S-CUSH","CUSH","1","export"
"FIN-BRK-SOF-60X34","FIN-BRK-SOF-60X34","ASM-BRK-SOF-60X34-FRAME","FRAME","1","export"
"FIN-BRK-SOF-60X34","FIN-BRK-SOF-60X34","ASM-BRK-SOF-60X34-CUSH","CUSH","1","export"
"FIN-BRK-SOF-72X34","FIN-BRK-SOF-72X34","SA-BRO-S-72-FRAME","FRAME","1","export"
"FIN-BRK-SOF-72X34","FIN-BRK-SOF-72X34","SA-BRO-S-72-CUSH","CUSH","1","export"
"FIN-BRK-SOF-72X34-BE","FIN-BRK-SOF-72X34","SA-BRO-S-72-FRAME","FRAME","1","export"
"FIN-BRK-SOF-72X34-BE","FIN-BRK-SOF-72X34","SA-BRO-S-72-CUSH","CUSH","1","export"
"FIN-BRK-SOF-72X34-BO","FIN-BRK-SOF-72X34","SA-BRO-S-72-FRAME","FRAME","1","export"
"FIN-BRK-SOF-72X34-BO","FIN-BRK-SOF-72X34","SA-BRO-S-72-CUSH","CUSH","1","export"
"FIN-BRK-SOF-72X34-BR","FIN-BRK-SOF-72X34","SA-BRO-S-72-FRAME","FRAME","1","export"
"FIN-BRK-SOF-72X34-BR","FIN-BRK-SOF-72X34","SA-BRO-S-72-CUSH","CUSH","1","export"
"FIN-BRK-SOF-72X34-GR","FIN-BRK-SOF-72X34","SA-BRO-S-72-FRAME","FRAME","1","export"
"FIN-BRK-SOF-72X34-GR","FIN-BRK-SOF-72X34","SA-BRO-S-72-CUSH","CUSH","1","export"
"FIN-BRK-SOF-72X34-WH","FIN-BRK-SOF-72X34","SA-BRO-S-72-FRAME","FRAME","1","export"
"FIN-BRK-SOF-72X34-WH","FIN-BRK-SOF-72X34","SA-BRO-S-72-CUSH","CUSH","1","export"
"FIN-BRK-SOF-84X34","FIN-BRK-SOF-84X34","SA-BRO-S-84-FRAME","FRAME","1","export"
"FIN-BRK-SOF-84X34","FIN-BRK-SOF-84X34","SA-BRO-S-84-CUSH","CUSH","1","export"
"FIN-BRK-SOF-84X34-BE","FIN-BRK-SOF-84X34","SA-BRO-S-84-FRAME","FRAME","1","export"
"FIN-BRK-SOF-84X34-BE","FIN-BRK-SOF-84X34","SA-BRO-S-84-CUSH","CUSH","1","export"
"FIN-BRK-SOF-84X34-BO","FIN-BRK-SOF-84X34","SA-BRO-S-84-FRAME","FRAME","1","export"
"FIN-BRK-SOF-84X34-BO","FIN-BRK-SOF-84X34","SA-BRO-S-84-CUSH","CUSH","1","export"
"FIN-BRK-SOF-84X34-BR","FIN-BRK-SOF-84X34","SA-BRO-S-84-FRAME","FRAME","1","export"
"FIN-BRK-SOF-84X34-BR","FIN-BRK-SOF-84X34","SA-BRO-S-84-CUSH","CUSH","1","export"
"FIN-BRK-SOF-84X34-GR","FIN-BRK-SOF-84X34","SA-BRO-S-84-FRAME","FRAME","1","export"
"FIN-BRK-SOF-84X34-GR","FIN-BRK-SOF-84X34","SA-BRO-S-84-CUSH","CUSH","1","export"
"FIN-BRK-SOF-84X34-WH","FIN-BRK-SOF-84X34","SA-BRO-S-84-FRAME","FRAME","1","export"
"FIN-BRK-SOF-84X34-WH","FIN-BRK-SOF-84X34","SA-BRO-S-84-CUSH","CUSH","1","export"
"FIN-BRK-SOF-96X34","FIN-BRK-SOF-96X34","SA-BRO-S-96-FRAME","FRAME","1","export"
"FIN-BRK-SOF-96X34","FIN-BRK-SOF-96X34","SA-BRO-S-96-CUSH","CUSH","1","export"
"FIN-BRK-SOF-96X34-BE","FIN-BRK-SOF-96X34","SA-BRO-S-96-FRAME","FRAME","1","export"
"FIN-BRK-SOF-96X34-BE","FIN-BRK-SOF-96X34","SA-BRO-S-96-CUSH","CUSH","1","export"
"FIN-BRK-SOF-96X34-BO","FIN-BRK-SOF-96X34","SA-BRO-S-96-FRAME","FRAME","1","export"
"FIN-BRK-SOF-96X34-BO","FIN-BRK-SOF-96X34","SA-BRO-S-96-CUSH","CUSH","1","export"
"FIN-BRK-SOF-96X34-BR","FIN-BRK-SOF-96X34","SA-BRO-S-96-FRAME","FRAME","1","export"
"FIN-BRK-SOF-96X34-BR","FIN-BRK-SOF-96X34","SA-BRO-S-96-CUSH","CUSH","1","export"
"FIN-BRK-SOF-96X34-GR","FIN-BRK-SOF-96X34","SA-BRO-S-96-FRAME","FRAME","1","export"
"FIN-BRK-SOF-96X34-GR","FIN-BRK-SOF-96X34","SA-BRO-S-96-CUSH","CUSH","1","export"
"FIN-BRK-SOF-96X34-WH","FIN-BRK-SOF-96X34","SA-BRO-S-96-FRAME","FRAME","1","export"
"FIN-BRK-SOF-96X34-WH","FIN-BRK-SOF-96X34","SA-BRO-S-96-CUSH","CUSH","1","export"
"FIN-BRK-TRA-DOU-CHS-48X72","FIN-BRK-TRA-DOU-CHS-48X72","SA-BRO-TC-D-FRAME","FRAME","1","export"
"FIN-BRK-TRA-DOU-CHS-48X72","FIN-BRK-TRA-DOU-CHS-48X72","SA-BRO-TC-D-CUSH","CUSH","1","export"
"FIN-BRK-TRA-DOU-CHS-48X72-BE","FIN-BRK-TRA-DOU-CHS-48X72","SA-BRO-TC-D-FRAME","FRAME","1","export"
"FIN-BRK-TRA-DOU-CHS-48X72-BE","FIN-BRK-TRA-DOU-CHS-48X72","SA-BRO-TC-D-CUSH","CUSH","1","export"
"FIN-BRK-TRA-DOU-CHS-48X72-BO","FIN-BRK-TRA-DOU-CHS-48X72","SA-BRO-TC-D-FRAME","FRAME","1","export"
"FIN-BRK-TRA-DOU-CHS-48X72-BO","FIN-BRK-TRA-DOU-CHS-48X72","SA-BRO-TC-D-CUSH","CUSH","1","export"
"FIN-BRK-TRA-DOU-CHS-48X72-BR","FIN-BRK-TRA-DOU-CHS-48X72","SA-BRO-TC-D-FRAME","FRAME","1","export"
"FIN-BRK-TRA-DOU-CHS-48X72-BR","FIN-BRK-TRA-DOU-CHS-48X72","SA-BRO-TC-D-CUSH","CUSH","1","export"
"FIN-BRK-TRA-DOU-CHS-48X72-GR","FIN-BRK-TRA-DOU-CHS-48X72","SA-BRO-TC-D-FRAME","FRAME","1","export"
"FIN-BRK-TRA-DOU-CHS-48X72-GR","FIN-BRK-TRA-DOU-CHS-48X72","SA-BRO-TC-D-CUSH","CUSH","1","export"
"FIN-BRK-TRA-DOU-CHS-48X72-WH","FIN-BRK-TRA-DOU-CHS-48X72","SA-BRO-TC-D-FRAME","FRAME","1","export"
"FIN-BRK-TRA-DOU-CHS-48X72-WH","FIN-BRK-TRA-DOU-CHS-48X72","SA-BRO-TC-D-CUSH","CUSH","1","export"
"FIN-BRK-TRA-SGL-CHS-36X72","FIN-BRK-TRA-SGL-CHS-36X72","SA-BRO-TC-S-FRAME","FRAME","1","export"
"FIN-BRK-TRA-SGL-CHS-36X72","FIN-BRK-TRA-SGL-CHS-36X72","SA-BRO-TC-S-CUSH","CUSH","1","export"
"FIN-BRK-TRA-SGL-CHS-36X72-BE","FIN-BRK-TRA-SGL-CHS-36X72","SA-BRO-TC-S-FRAME","FRAME","1","export"
"FIN-BRK-TRA-SGL-CHS-36X72-BE","FIN-BRK-TRA-SGL-CHS-36X72","SA-BRO-TC-S-CUSH","CUSH","1","export"
"FIN-BRK-TRA-SGL-CHS-36X72-BO","FIN-BRK-TRA-SGL-CHS-36X72","SA-BRO-TC-S-FRAME","FRAME","1","export"
"FIN-BRK-TRA-SGL-CHS-36X72-BO","FIN-BRK-TRA-SGL-CHS-36X72","SA-BRO-TC-S-CUSH","CUSH","1","export"
"FIN-BRK-TRA-SGL-CHS-36X72-BR","FIN-BRK-TRA-SGL-CHS-36X72","SA-BRO-TC-S-FRAME","FRAME","1","export"
"FIN-BRK-TRA-SGL-CHS-36X72-BR","FIN-BRK-TRA-SGL-CHS-36X72","SA-BRO-TC-S-CUSH","CUSH","1","export"
"FIN-BRK-TRA-SGL-CHS-36X72-GR","FIN-BRK-TRA-SGL-CHS-36X72","SA-BRO-TC-S-FRAME","FRAME","1","export"
"FIN-BRK-TRA-SGL-CHS-36X72-GR","FIN-BRK-TRA-SGL-CHS-36X72","SA-BRO-TC-S-CUSH","CUSH","1","export"
"FIN-BRK-TRA-SGL-CHS-36X72-WH","FIN-BRK-TRA-SGL-CHS-36X72","SA-BRO-TC-S-FRAME","FRAME","1","export"
"FIN-BRK-TRA-SGL-CHS-36X72-WH","FIN-BRK-TRA-SGL-CHS-36X72","SA-BRO-TC-S-CUSH","CUSH","1","export"
"FIN-BRV-ARM-LOV-60","FIN-BRV-ARM-LOV-60","SA-BRA-AL-60-FRAME","FRAME","1","export"
"FIN-BRV-ARM-LOV-60","FIN-BRV-ARM-LOV-60","SA-BRA-AL-60-CUSH","CUSH","1","export"
"FIN-BRV-ARM-LOV-60-BE","FIN-BRV-ARM-LOV-60-BE","SA-BRA-AL-60-FRAME","FRAME","1","export"
"FIN-BRV-ARM-LOV-60-BE","FIN-BRV-ARM-LOV-60-BE","SA-BRA-AL-60-CUSH","CUSH","1","export"
"FIN-BRV-ARM-LOV-60-BO","FIN-BRV-ARM-LOV-60-BO","SA-BRA-AL-60-FRAME","FRAME","1","export"
"FIN-BRV-ARM-LOV-60-BO","FIN-BRV-ARM-LOV-60-BO","SA-BRA-AL-60-CUSH","CUSH","1","export"
"FIN-BRV-ARM-LOV-60-BR","FIN-BRV-ARM-LOV-60-BR","SA-BRA-AL-60-FRAME","FRAME","1","export"
"FIN-BRV-ARM-LOV-60-BR","FIN-BRV-ARM-LOV-60-BR","SA-BRA-AL-60-CUSH","CUSH","1","export"
"FIN-BRV-ARM-LOV-60-GR","FIN-BRV-ARM-LOV-60-GR","SA-BRA-AL-60-FRAME","FRAME","1","export"
"FIN-BRV-ARM-LOV-60-GR","FIN-BRV-ARM-LOV-60-GR","SA-BRA-AL-60-CUSH","CUSH","1","export"
"FIN-BRV-ARM-LOV-60-WH","FIN-BRV-ARM-LOV-60-WH","SA-BRA-AL-60-FRAME","FRAME","1","export"
"FIN-BRV-ARM-LOV-60-WH","FIN-BRV-ARM-LOV-60-WH","SA-BRA-AL-60-CUSH","CUSH","1","export"
"FIN-BRV-ARM-SOF-34X34","FIN-BRV-ARM-SOF-34X34","ASM-BRV-ARM-SOF-34X34-FRAME","FRAME","1","export"
"FIN-BRV-ARM-SOF-34X34","FIN-BRV-ARM-SOF-34X34","ASM-BRV-ARM-SOF-34X34-CUSH","CUSH","1","export"
"FIN-BRV-ARM-SOF-72","FIN-BRV-ARM-SOF-72","SA-BRA-AS-72-FRAME","FRAME","1","export"
"FIN-BRV-ARM-SOF-72","FIN-BRV-ARM-SOF-72","SA-BRA-AS-72-CUSH","CUSH","1","export"
"FIN-BRV-ARM-SOF-72-BE","FIN-BRV-ARM-SOF-72-BE","SA-BRA-AS-72-FRAME","FRAME","1","export"
"FIN-BRV-ARM-SOF-72-BE","FIN-BRV-ARM-SOF-72-BE","SA-BRA-AS-72-CUSH","CUSH","1","export"
"FIN-BRV-ARM-SOF-72-BO","FIN-BRV-ARM-SOF-72-BO","SA-BRA-AS-72-FRAME","FRAME","1","export"
"FIN-BRV-ARM-SOF-72-BO","FIN-BRV-ARM-SOF-72-BO","SA-BRA-AS-72-CUSH","CUSH","1","export"
"FIN-BRV-ARM-SOF-72-BR","FIN-BRV-ARM-SOF-72-BR","SA-BRA-AS-72-FRAME","FRAME","1","export"
"FIN-BRV-ARM-SOF-72-BR","FIN-BRV-ARM-SOF-72-BR","SA-BRA-AS-72-CUSH","CUSH","1","export"
"FIN-BRV-ARM-SOF-72-GR","FIN-BRV-ARM-SOF-72-GR","SA-BRA-AS-72-FRAME","FRAME","1","export"
"FIN-BRV-ARM-SOF-72-GR","FIN-BRV-ARM-SOF-72-GR","SA-BRA-AS-72-CUSH","CUSH","1","export"
"FIN-BRV-ARM-SOF-72-WH","FIN-BRV-ARM-SOF-72-WH","SA-BRA-AS-72-FRAME","FRAME","1","export"
"FIN-BRV-ARM-SOF-72-WH","FIN-BRV-ARM-SOF-72-WH","SA-BRA-AS-72-CUSH","CUSH","1","export"
"FIN-BRV-ARM-SOF-72X34","FIN-BRV-ARM-SOF-72X34","ASM-BRV-ARM-SOF-72X34-FRAME","FRAME","1","export"
"FIN-BRV-ARM-SOF-72X34","FIN-BRV-ARM-SOF-72X34","ASM-BRV-ARM-SOF-72X34-CUSH","CUSH","1","export"
"FIN-BRV-ARM-SOF-72X34-ARMLESSSOFA","FIN-BRV-ARM-SOF-72X34","ASM-BRV-ARM-SOF-72X34-FRAME","FRAME","1","export"
"FIN-BRV-ARM-SOF-72X34-ARMLESSSOFA","FIN-BRV-ARM-SOF-72X34","ASM-BRV-ARM-SOF-72X34-CUSH","CUSH","1","export"
"FIN-BRV-ARM-SOF-84","FIN-BRV-ARM-SOF-84","SA-BRA-AS-84-FRAME","FRAME","1","export"
"FIN-BRV-ARM-SOF-84","FIN-BRV-ARM-SOF-84","SA-BRA-AS-84-CUSH","CUSH","1","export"
"FIN-BRV-ARM-SOF-84-BE","FIN-BRV-ARM-SOF-84-BE","SA-BRA-AS-84-FRAME","FRAME","1","export"
"FIN-BRV-ARM-SOF-84-BE","FIN-BRV-ARM-SOF-84-BE","SA-BRA-AS-84-CUSH","CUSH","1","export"
"FIN-BRV-ARM-SOF-84-BO","FIN-BRV-ARM-SOF-84-BO","SA-BRA-AS-84-FRAME","FRAME","1","export"
"FIN-BRV-ARM-SOF-84-BO","FIN-BRV-ARM-SOF-84-BO","SA-BRA-AS-84-CUSH","CUSH","1","export"
"FIN-BRV-ARM-SOF-84-BR","FIN-BRV-ARM-SOF-84-BR","SA-BRA-AS-84-FRAME","FRAME","1","export"
"FIN-BRV-ARM-SOF-84-BR","FIN-BRV-ARM-SOF-84-BR","SA-BRA-AS-84-CUSH","CUSH","1","export"
"FIN-BRV-ARM-SOF-84-GR","FIN-BRV-ARM-SOF-84-GR","SA-BRA-AS-84-FRAME","FRAME","1","export"
"FIN-BRV-ARM-SOF-84-GR","FIN-BRV-ARM-SOF-84-GR","SA-BRA-AS-84-CUSH","CUSH","1","export"
"FIN-BRV-ARM-SOF-84-WH","FIN-BRV-ARM-SOF-84-WH","SA-BRA-AS-84-FRAME","FRAME","1","export"
"FIN-BRV-ARM-SOF-84-WH","FIN-BRV-ARM-SOF-84-WH","SA-BRA-AS-84-CUSH","CUSH","1","export"
"FIN-BRV-ARM-SOF-84X34","FIN-BRV-ARM-SOF-84X34","ASM-BRV-ARM-SOF-84X34-FRAME","FRAME","1","export"
"FIN-BRV-ARM-SOF-84X34","FIN-BRV-ARM-SOF-84X34","ASM-BRV-ARM-SOF-84X34-CUSH","CUSH","1","export"
"FIN-BRV-ARM-SOF-96","FIN-BRV-ARM-SOF-96","SA-BRA-AS-96-FRAME","FRAME","1","export"
"FIN-BRV-ARM-SOF-96","FIN-BRV-ARM-SOF-96","SA-BRA-AS-96-CUSH","CUSH","1","export"
"FIN-BRV-ARM-SOF-96-BE","FIN-BRV-ARM-SOF-96-BE","SA-BRA-AS-96-FRAME","FRAME","1","export"
"FIN-BRV-ARM-SOF-96-BE","FIN-BRV-ARM-SOF-96-BE","SA-BRA-AS-96-CUSH","CUSH","1","export"
"FIN-BRV-ARM-SOF-96-BO","FIN-BRV-ARM-SOF-96-BO","SA-BRA-AS-96-FRAME","FRAME","1","export"
"FIN-BRV-ARM-SOF-96-BO","FIN-BRV-ARM-SOF-96-BO","SA-BRA-AS-96-CUSH","CUSH","1","export"
"FIN-BRV-ARM-SOF-96-BR","FIN-BRV-ARM-SOF-96-BR","SA-BRA-AS-96-FRAME","FRAME","1","export"
"FIN-BRV-ARM-SOF-96-BR","FIN-BRV-ARM-SOF-96-BR","SA-BRA-AS-96-CUSH","CUSH","1","export"
"FIN-BRV-ARM-SOF-96-GR","FIN-BRV-ARM-SOF-96-GR","SA-BRA-AS-96-FRAME","FRAME","1","export"
"FIN-BRV-ARM-SOF-96-GR","FIN-BRV-ARM-SOF-96-GR","SA-BRA-AS-96-CUSH","CUSH","1","export"
"FIN-BRV-ARM-SOF-96-WH","FIN-BRV-ARM-SOF-96-WH","SA-BRA-AS-96-FRAME","FRAME","1","export"
"FIN-BRV-ARM-SOF-96-WH","FIN-BRV-ARM-SOF-96-WH","SA-BRA-AS-96-CUSH","CUSH","1","export"
"FIN-BRV-ARM-SOF-96X34","FIN-BRV-ARM-SOF-96X34","ASM-BRV-ARM-SOF-96X34-FRAME","FRAME","1","export"
"FIN-BRV-ARM-SOF-96X34","FIN-BRV-ARM-SOF-96X34","ASM-BRV-ARM-SOF-96X34-CUSH","CUSH","1","export"
"FIN-BRV-BCH-96X34","FIN-BRV-BCH-96X34","ASM-BRV-BCH-96X34-FRAME","FRAME","1","export"
"FIN-BRV-BCH-96X34","FIN-BRV-BCH-96X34","ASM-BRV-BCH-96X34-CUSH","CUSH","1","export"
"FIN-BRV-BCH-96X34-ROUNDEDBACKED","FIN-BRV-BCH-96X34","ASM-BRV-BCH-96X34-FRAME","FRAME","1","export"
"FIN-BRV-BCH-96X34-ROUNDEDBACKED","FIN-BRV-BCH-96X34","ASM-BRV-BCH-96X34-CUSH","CUSH","1","export"
"FIN-BRV-CHS-34X72-LS","FIN-BRV-CHS-34X72","SA-BRA-C-34X72-LS-FRAME","FRAME","1","export"
"FIN-BRV-CHS-34X72-LS","FIN-BRV-CHS-34X72","SA-BRA-C-34X72-LS-CUSH","CUSH","1","export"
"FIN-BRV-CHS-34X72-LS-BE","FIN-BRV-CHS-34X72","SA-BRA-C-34X72-LS-FRAME","FRAME","1","export"
"FIN-BRV-CHS-34X72-LS-BE","FIN-BRV-CHS-34X72","SA-BRA-C-34X72-LS-CUSH","CUSH","1","export"
"FIN-BRV-CHS-34X72-LS-BO","FIN-BRV-CHS-34X72","SA-BRA-C-34X72-LS-FRAME","FRAME","1","export"
"FIN-BRV-CHS-34X72-LS-BO","FIN-BRV-CHS-34X72","SA-BRA-C-34X72-LS-CUSH","CUSH","1","export"
"FIN-BRV-CHS-34X72-LS-BR","FIN-BRV-CHS-34X72","SA-BRA-C-34X72-LS-FRAME","FRAME","1","export"
"FIN-BRV-CHS-34X72-LS-BR","FIN-BRV-CHS-34X72","SA-BRA-C-34X72-LS-CUSH","CUSH","1","export"
"FIN-BRV-CHS-34X72-LS-GR","FIN-BRV-CHS-34X72","SA-BRA-C-34X72-LS-FRAME","FRAME","1","export"
"FIN-BRV-CHS-34X72-LS-GR","FIN-BRV-CHS-34X72","SA-BRA-C-34X72-LS-CUSH","CUSH","1","export"
"FIN-BRV-CHS-34X72-LS-WH","FIN-BRV-CHS-34X72","SA-BRA-C-34X72-LS-FRAME","FRAME","1","export"
"FIN-BRV-CHS-34X72-LS-WH","FIN-BRV-CHS-34X72","SA-BRA-C-34X72-LS-CUSH","CUSH","1","export"
"FIN-BRV-CHS-34X72-RS","FIN-BRV-CHS-34X72","SA-BRA-C-34X72-RS-FRAME","FRAME","1","export"
"FIN-BRV-CHS-34X72-RS","FIN-BRV-CHS-34X72","SA-BRA-C-34X72-RS-CUSH","CUSH","1","export"
"FIN-BRV-CHS-34X72-RS-BE","FIN-BRV-CHS-34X72","SA-BRA-C-34X72-RS-FRAME","FRAME","1","export"
"FIN-BRV-CHS-34X72-RS-BE","FIN-BRV-CHS-34X72","SA-BRA-C-34X72-RS-CUSH","CUSH","1","export"
"FIN-BRV-CHS-34X72-RS-BO","FIN-BRV-CHS-34X72","SA-BRA-C-34X72-RS-FRAME","FRAME","1","export"
"FIN-BRV-CHS-34X72-RS-BO","FIN-BRV-CHS-34X72","SA-BRA-C-34X72-RS-CUSH","CUSH","1","export"
"FIN-BRV-CHS-34X72-RS-BR","FIN-BRV-CHS-34X72","SA-BRA-C-34X72-RS-FRAME","FRAME","1","export"
"FIN-BRV-CHS-34X72-RS-BR","FIN-BRV-CHS-34X72","SA-BRA-C-34X72-RS-CUSH","CUSH","1","export"
"FIN-BRV-CHS-34X72-RS-GR","FIN-BRV-CHS-34X72","SA-BRA-C-34X72-RS-FRAME","FRAME","1","export"
"FIN-BRV-CHS-34X72-RS-GR","FIN-BRV-CHS-34X72","SA-BRA-C-34X72-RS-CUSH","CUSH","1","export"
"FIN-BRV-CHS-34X72-RS-WH","FIN-BRV-CHS-34X72","SA-BRA-C-34X72-RS-FRAME","FRAME","1","export"
"FIN-BRV-CHS-34X72-RS-WH","FIN-BRV-CHS-34X72","SA-BRA-C-34X72-RS-CUSH","CUSH","1","export"
"FIN-BRV-CHS-34X84-LS","FIN-BRV-CHS-34X84","SA-BRA-C-34X84-LS-FRAME","FRAME","1","export"
"FIN-BRV-CHS-34X84-LS","FIN-BRV-CHS-34X84","SA-BRA-C-34X84-LS-CUSH","CUSH","1","export"
"FIN-BRV-CHS-34X84-LS-BE","FIN-BRV-CHS-34X84","SA-BRA-C-34X84-LS-FRAME","FRAME","1","export"
"FIN-BRV-CHS-34X84-LS-BE","FIN-BRV-CHS-34X84","SA-BRA-C-34X84-LS-CUSH","CUSH","1","export"
"FIN-BRV-CHS-34X84-LS-BO","FIN-BRV-CHS-34X84","SA-BRA-C-34X84-LS-FRAME","FRAME","1","export"
"FIN-BRV-CHS-34X84-LS-BO","FIN-BRV-CHS-34X84","SA-BRA-C-34X84-LS-CUSH","CUSH","1","export"
"FIN-BRV-CHS-34X84-LS-BR","FIN-BRV-CHS-34X84","SA-BRA-C-34X84-LS-FRAME","FRAME","1","export"
"FIN-BRV-CHS-34X84-LS-BR","FIN-BRV-CHS-34X84","SA-BRA-C-34X84-LS-CUSH","CUSH","1","export"
"FIN-BRV-CHS-34X84-LS-GR","FIN-BRV-CHS-34X84","SA-BRA-C-34X84-LS-FRAME","FRAME","1","export"
"FIN-BRV-CHS-34X84-LS-GR","FIN-BRV-CHS-34X84","SA-BRA-C-34X84-LS-CUSH","CUSH","1","export"
"FIN-BRV-CHS-34X84-LS-WH","FIN-BRV-CHS-34X84","SA-BRA-C-34X84-LS-FRAME","FRAME","1","export"
"FIN-BRV-CHS-34X84-LS-WH","FIN-BRV-CHS-34X84","SA-BRA-C-34X84-LS-CUSH","CUSH","1","export"
"FIN-BRV-CHS-34X84-RS","FIN-BRV-CHS-34X84","SA-BRA-C-34X84-RS-FRAME","FRAME","1","export"
"FIN-BRV-CHS-34X84-RS","FIN-BRV-CHS-34X84","SA-BRA-C-34X84-RS-CUSH","CUSH","1","export"
"FIN-BRV-CHS-34X84-RS-BE","FIN-BRV-CHS-34X84","SA-BRA-C-34X84-RS-FRAME","FRAME","1","export"
"FIN-BRV-CHS-34X84-RS-BE","FIN-BRV-CHS-34X84","SA-BRA-C-34X84-RS-CUSH","CUSH","1","export"
"FIN-BRV-CHS-34X84-RS-BO","FIN-BRV-CHS-34X84","SA-BRA-C-34X84-RS-FRAME","FRAME","1","export"
"FIN-BRV-CHS-34X84-RS-BO","FIN-BRV-CHS-34X84","SA-BRA-C-34X84-RS-CUSH","CUSH","1","export"
"FIN-BRV-CHS-34X84-RS-BR","FIN-BRV-CHS-34X84","SA-BRA-C-34X84-RS-FRAME","FRAME","1","export"
"FIN-BRV-CHS-34X84-RS-BR","FIN-BRV-CHS-34X84","SA-BRA-C-34X84-RS-CUSH","CUSH","1","export"
"FIN-BRV-CHS-34X84-RS-GR","FIN-BRV-CHS-34X84","SA-BRA-C-34X84-RS-FRAME","FRAME","1","export"
"FIN-BRV-CHS-34X84-RS-GR","FIN-BRV-CHS-34X84","SA-BRA-C-34X84-RS-CUSH","CUSH","1","export"
"FIN-BRV-CHS-34X84-RS-WH","FIN-BRV-CHS-34X84","SA-BRA-C-34X84-RS-FRAME","FRAME","1","export"
"FIN-BRV-CHS-34X84-RS-WH","FIN-BRV-CHS-34X84","SA-BRA-C-34X84-RS-CUSH","CUSH","1","export"
"FIN-BRV-CHS-42X72-LS","FIN-BRV-CHS-42X72","SA-BRA-C-42X72-LS-FRAME","FRAME","1","export"
"FIN-BRV-CHS-42X72-LS","FIN-BRV-CHS-42X72","SA-BRA-C-42X72-LS-CUSH","CUSH","1","export"
"FIN-BRV-CHS-42X72-LS-BE","FIN-BRV-CHS-42X72","SA-BRA-C-42X72-LS-FRAME","FRAME","1","export"
"FIN-BRV-CHS-42X72-LS-BE","FIN-BRV-CHS-42X72","SA-BRA-C-42X72-LS-CUSH","CUSH","1","export"
"FIN-BRV-CHS-42X72-LS-BO","FIN-BRV-CHS-42X72","SA-BRA-C-42X72-LS-FRAME","FRAME","1","export"
"FIN-BRV-CHS-42X72-LS-BO","FIN-BRV-CHS-42X72","SA-BRA-C-42X72-LS-CUSH","CUSH","1","export"
"FIN-BRV-CHS-42X72-LS-BR","FIN-BRV-CHS-42X72","SA-BRA-C-42X72-LS-FRAME","FRAME","1","export"
"FIN-BRV-CHS-42X72-LS-BR","FIN-BRV-CHS-42X72","SA-BRA-C-42X72-LS-CUSH","CUSH","1","export"
"FIN-BRV-CHS-42X72-LS-GR","FIN-BRV-CHS-42X72","SA-BRA-C-42X72-LS-FRAME","FRAME","1","export"
"FIN-BRV-CHS-42X72-LS-GR","FIN-BRV-CHS-42X72","SA-BRA-C-42X72-LS-CUSH","CUSH","1","export"
"FIN-BRV-CHS-42X72-LS-WH","FIN-BRV-CHS-42X72","SA-BRA-C-42X72-LS-FRAME","FRAME","1","export"
"FIN-BRV-CHS-42X72-LS-WH","FIN-BRV-CHS-42X72","SA-BRA-C-42X72-LS-CUSH","CUSH","1","export"
"FIN-BRV-CHS-42X72-RS","FIN-BRV-CHS-42X72","SA-BRA-C-42X72-RS-FRAME","FRAME","1","export"
"FIN-BRV-CHS-42X72-RS","FIN-BRV-CHS-42X72","SA-BRA-C-42X72-RS-CUSH","CUSH","1","export"
"FIN-BRV-CHS-42X72-RS-BE","FIN-BRV-CHS-42X72","SA-BRA-C-42X72-RS-FRAME","FRAME","1","export"
"FIN-BRV-CHS-42X72-RS-BE","FIN-BRV-CHS-42X72","SA-BRA-C-42X72-RS-CUSH","CUSH","1","export"
"FIN-BRV-CHS-42X72-RS-BO","FIN-BRV-CHS-42X72","SA-BRA-C-42X72-RS-FRAME","FRAME","1","export"
"FIN-BRV-CHS-42X72-RS-BO","FIN-BRV-CHS-42X72","SA-BRA-C-42X72-RS-CUSH","CUSH","1","export"
"FIN-BRV-CHS-42X72-RS-BR","FIN-BRV-CHS-42X72","SA-BRA-C-42X72-RS-FRAME","FRAME","1","export"
"FIN-BRV-CHS-42X72-RS-BR","FIN-BRV-CHS-42X72","SA-BRA-C-42X72-RS-CUSH","CUSH","1","export"
"FIN-BRV-CHS-42X72-RS-GR","FIN-BRV-CHS-42X72","SA-BRA-C-42X72-RS-FRAME","FRAME","1","export"
"FIN-BRV-CHS-42X72-RS-GR","FIN-BRV-CHS-42X72","SA-BRA-C-42X72-RS-CUSH","CUSH","1","export"
"FIN-BRV-CHS-42X72-RS-WH","FIN-BRV-CHS-42X72","SA-BRA-C-42X72-RS-FRAME","FRAME","1","export"
"FIN-BRV-CHS-42X72-RS-WH","FIN-BRV-CHS-42X72","SA-BRA-C-42X72-RS-CUSH","CUSH","1","export"
"FIN-BRV-CHS-42X84-LS","FIN-BRV-CHS-42X84","SA-BRA-C-42X84-LS-FRAME","FRAME","1","export"
"FIN-BRV-CHS-42X84-LS","FIN-BRV-CHS-42X84","SA-BRA-C-42X84-LS-CUSH","CUSH","1","export"
"FIN-BRV-CHS-42X84-LS-BE","FIN-BRV-CHS-42X84","SA-BRA-C-42X84-LS-FRAME","FRAME","1","export"
"FIN-BRV-CHS-42X84-LS-BE","FIN-BRV-CHS-42X84","SA-BRA-C-42X84-LS-CUSH","CUSH","1","export"
"FIN-BRV-CHS-42X84-LS-BO","FIN-BRV-CHS-42X84","SA-BRA-C-42X84-LS-FRAME","FRAME","1","export"
"FIN-BRV-CHS-42X84-LS-BO","FIN-BRV-CHS-42X84","SA-BRA-C-42X84-LS-CUSH","CUSH","1","export"
"FIN-BRV-CHS-42X84-LS-BR","FIN-BRV-CHS-42X84","SA-BRA-C-42X84-LS-FRAME","FRAME","1","export"
"FIN-BRV-CHS-42X84-LS-BR","FIN-BRV-CHS-42X84","SA-BRA-C-42X84-LS-CUSH","CUSH","1","export"
"FIN-BRV-CHS-42X84-LS-GR","FIN-BRV-CHS-42X84","SA-BRA-C-42X84-LS-FRAME","FRAME","1","export"
"FIN-BRV-CHS-42X84-LS-GR","FIN-BRV-CHS-42X84","SA-BRA-C-42X84-LS-CUSH","CUSH","1","export"
"FIN-BRV-CHS-42X84-LS-WH","FIN-BRV-CHS-42X84","SA-BRA-C-42X84-LS-FRAME","FRAME","1","export"
"FIN-BRV-CHS-42X84-LS-WH","FIN-BRV-CHS-42X84","SA-BRA-C-42X84-LS-CUSH","CUSH","1","export"
"FIN-BRV-CHS-42X84-RS","FIN-BRV-CHS-42X84","SA-BRA-C-42X84-RS-FRAME","FRAME","1","export"
"FIN-BRV-CHS-42X84-RS","FIN-BRV-CHS-42X84","SA-BRA-C-42X84-RS-CUSH","CUSH","1","export"
"FIN-BRV-CHS-42X84-RS-BE","FIN-BRV-CHS-42X84","SA-BRA-C-42X84-RS-FRAME","FRAME","1","export"
"FIN-BRV-CHS-42X84-RS-BE","FIN-BRV-CHS-42X84","SA-BRA-C-42X84-RS-CUSH","CUSH","1","export"
"FIN-BRV-CHS-42X84-RS-BO","FIN-BRV-CHS-42X84","SA-BRA-C-42X84-RS-FRAME","FRAME","1","export"
"FIN-BRV-CHS-42X84-RS-BO","FIN-BRV-CHS-42X84","SA-BRA-C-42X84-RS-CUSH","CUSH","1","export"
"FIN-BRV-CHS-42X84-RS-BR","FIN-BRV-CHS-42X84","SA-BRA-C-42X84-RS-FRAME","FRAME","1","export"
"FIN-BRV-CHS-42X84-RS-BR","FIN-BRV-CHS-42X84","SA-BRA-C-42X84-RS-CUSH","CUSH","1","export"
"FIN-BRV-CHS-42X84-RS-GR","FIN-BRV-CHS-42X84","SA-BRA-C-42X84-RS-FRAME","FRAME","1","export"
"FIN-BRV-CHS-42X84-RS-GR","FIN-BRV-CHS-42X84","SA-BRA-C-42X84-RS-CUSH","CUSH","1","export"
"FIN-BRV-CHS-42X84-RS-WH","FIN-BRV-CHS-42X84","SA-BRA-C-42X84-RS-FRAME","FRAME","1","export"
"FIN-BRV-CHS-42X84-RS-WH","FIN-BRV-CHS-42X84","SA-BRA-C-42X84-RS-CUSH","CUSH","1","export"
"FIN-BRV-CLB-CHA","FIN-BRV-CLB-CHA","SA-BRA-CC-CUSH","CUSH","1","export"
"FIN-BRV-CLB-CHA-34X34","FIN-BRV-CLB-CHA-34X34","SA-BRV-CLB-CHA-34X34-CUSH","CUSH","1","export"
"FIN-BRV-CLB-CHA-BE","FIN-BRV-CLB-CHA-BE","SA-BRA-CC-CUSH","CUSH","1","export"
"FIN-BRV-CLB-CHA-BO","FIN-BRV-CLB-CHA-BO","SA-BRA-CC-CUSH","CUSH","1","export"
"FIN-BRV-CLB-CHA-BR","FIN-BRV-CLB-CHA-BR","SA-BRA-CC-CUSH","CUSH","1","export"
"FIN-BRV-CLB-CHA-GR","FIN-BRV-CLB-CHA-GR","SA-BRA-CC-CUSH","CUSH","1","export"
"FIN-BRV-CLB-CHA-WH","FIN-BRV-CLB-CHA-WH","SA-BRA-CC-CUSH","CUSH","1","export"
"FIN-BRV-COF-TAB","FIN-BRV-COF-TAB","","","","no_live_children"
"FIN-BRV-COF-TAB-28X42","FIN-BRV-COF-TAB-28X42","ASM-BRV-COF-TAB-28X42-FRAME","FRAME","1","export"
"FIN-BRV-COF-TAB-36X36","FIN-BRV-COF-TAB-36X36","SA-BRA-CT-36X36-FRAME","FRAME","1","export"
"FIN-BRV-COF-TAB-36X36-BE","FIN-BRV-COF-TAB-36X36","SA-BRA-CT-36X36-FRAME","FRAME","1","export"
"FIN-BRV-COF-TAB-36X36-BO","FIN-BRV-COF-TAB-36X36","SA-BRA-CT-36X36-FRAME","FRAME","1","export"
"FIN-BRV-COF-TAB-36X36-BR","FIN-BRV-COF-TAB-36X36","SA-BRA-CT-36X36-FRAME","FRAME","1","export"
"FIN-BRV-COF-TAB-36X36-GR","FIN-BRV-COF-TAB-36X36","SA-BRA-CT-36X36-FRAME","FRAME","1","export"
"FIN-BRV-COF-TAB-36X36-WT","FIN-BRV-COF-TAB-36X36","SA-BRA-CT-36X36-FRAME","FRAME","1","export"
"FIN-BRV-COF-TAB-36X56","FIN-BRV-COF-TAB-36X56","ASM-BRV-COF-TAB-36X56-FRAME","FRAME","1","export"
"FIN-BRV-COF-TAB-42X28","FIN-BRV-COF-TAB-42X28","SA-BRA-CT-42X28-FRAME","FRAME","1","export"
"FIN-BRV-COF-TAB-42X28-BE","FIN-BRV-COF-TAB-42X28","SA-BRA-CT-42X28-FRAME","FRAME","1","export"
"FIN-BRV-COF-TAB-42X28-BO","FIN-BRV-COF-TAB-42X28","SA-BRA-CT-42X28-FRAME","FRAME","1","export"
"FIN-BRV-COF-TAB-42X28-BR","FIN-BRV-COF-TAB-42X28","SA-BRA-CT-42X28-FRAME","FRAME","1","export"
"FIN-BRV-COF-TAB-42X28-GR","FIN-BRV-COF-TAB-42X28","SA-BRA-CT-42X28-FRAME","FRAME","1","export"
"FIN-BRV-COF-TAB-42X28-WH","FIN-BRV-COF-TAB-42X28","SA-BRA-CT-42X28-FRAME","FRAME","1","export"
"FIN-BRV-COF-TAB-42X42","FIN-BRV-COF-TAB-42X42","SA-BRA-CT-42X42-FRAME","FRAME","1","export"
"FIN-BRV-COF-TAB-42X42-BE","FIN-BRV-COF-TAB-42X42","SA-BRA-CT-42X42-FRAME","FRAME","1","export"
"FIN-BRV-COF-TAB-42X42-BO","FIN-BRV-COF-TAB-42X42","SA-BRA-CT-42X42-FRAME","FRAME","1","export"
"FIN-BRV-COF-TAB-42X42-BR","FIN-BRV-COF-TAB-42X42","SA-BRA-CT-42X42-FRAME","FRAME","1","export"
"FIN-BRV-COF-TAB-42X42-GR","FIN-BRV-COF-TAB-42X42","SA-BRA-CT-42X42-FRAME","FRAME","1","export"
"FIN-BRV-COF-TAB-42X42-WH","FIN-BRV-COF-TAB-42X42","SA-BRA-CT-42X42-FRAME","FRAME","1","export"
"FIN-BRV-COF-TAB-42X56","FIN-BRV-COF-TAB-42X56","ASM-BRV-COF-TAB-42X56-FRAME","FRAME","1","export"
"FIN-BRV-COF-TAB-42X72","FIN-BRV-COF-TAB-42X72","ASM-BRV-COF-TAB-42X72-FRAME","FRAME","1","export"
"FIN-BRV-COF-TAB-56X28","FIN-BRV-COF-TAB-56X28","SA-BRA-CT-56X28-FRAME","FRAME","1","export"
"FIN-BRV-COF-TAB-56X28-BE","FIN-BRV-COF-TAB-56X28","SA-BRA-CT-56X28-FRAME","FRAME","1","export"
"FIN-BRV-COF-TAB-56X28-BO","FIN-BRV-COF-TAB-56X28","SA-BRA-CT-56X28-FRAME","FRAME","1","export"
"FIN-BRV-COF-TAB-56X28-BR","FIN-BRV-COF-TAB-56X28","SA-BRA-CT-56X28-FRAME","FRAME","1","export"
"FIN-BRV-COF-TAB-56X28-GR","FIN-BRV-COF-TAB-56X28","SA-BRA-CT-56X28-FRAME","FRAME","1","export"
"FIN-BRV-COF-TAB-56X28-WH","FIN-BRV-COF-TAB-56X28","SA-BRA-CT-56X28-FRAME","FRAME","1","export"
"FIN-BRV-COF-TAB-56X36","FIN-BRV-COF-TAB-56X36","SA-BRA-CT-56X36-FRAME","FRAME","1","export"
"FIN-BRV-COF-TAB-56X36-BE","FIN-BRV-COF-TAB-56X36","SA-BRA-CT-56X36-FRAME","FRAME","1","export"
"FIN-BRV-COF-TAB-56X36-BO","FIN-BRV-COF-TAB-56X36","SA-BRA-CT-56X36-FRAME","FRAME","1","export"
"FIN-BRV-COF-TAB-56X36-BR","FIN-BRV-COF-TAB-56X36","SA-BRA-CT-56X36-FRAME","FRAME","1","export"
"FIN-BRV-COF-TAB-56X36-GR","FIN-BRV-COF-TAB-56X36","SA-BRA-CT-56X36-FRAME","FRAME","1","export"
"FIN-BRV-COF-TAB-56X36-WH","FIN-BRV-COF-TAB-56X36","SA-BRA-CT-56X36-FRAME","FRAME","1","export"
"FIN-BRV-COF-TAB-56X42","FIN-BRV-COF-TAB-56X42","SA-BRA-CT-56X42-FRAME","FRAME","1","export"
"FIN-BRV-COF-TAB-56X42-BE","FIN-BRV-COF-TAB-56X42","SA-BRA-CT-56X42-FRAME","FRAME","1","export"
"FIN-BRV-COF-TAB-56X42-BO","FIN-BRV-COF-TAB-56X42","SA-BRA-CT-56X42-FRAME","FRAME","1","export"
"FIN-BRV-COF-TAB-56X42-BR","FIN-BRV-COF-TAB-56X42","SA-BRA-CT-56X42-FRAME","FRAME","1","export"
"FIN-BRV-COF-TAB-56X42-GR","FIN-BRV-COF-TAB-56X42","SA-BRA-CT-56X42-FRAME","FRAME","1","export"
"FIN-BRV-COF-TAB-56X42-WH","FIN-BRV-COF-TAB-56X42","SA-BRA-CT-56X42-FRAME","FRAME","1","export"
"FIN-BRV-COF-TAB-56X56","FIN-BRV-COF-TAB-56X56","SA-BRA-CT-56X56-FRAME","FRAME","1","export"
"FIN-BRV-COF-TAB-56X56-BE","FIN-BRV-COF-TAB-56X56","SA-BRA-CT-56X56-FRAME","FRAME","1","export"
"FIN-BRV-COF-TAB-56X56-BO","FIN-BRV-COF-TAB-56X56","SA-BRA-CT-56X56-FRAME","FRAME","1","export"
"FIN-BRV-COF-TAB-56X56-BR","FIN-BRV-COF-TAB-56X56","SA-BRA-CT-56X56-FRAME","FRAME","1","export"
"FIN-BRV-COF-TAB-56X56-GR","FIN-BRV-COF-TAB-56X56","SA-BRA-CT-56X56-FRAME","FRAME","1","export"
"FIN-BRV-COF-TAB-56X56-WH","FIN-BRV-COF-TAB-56X56","SA-BRA-CT-56X56-FRAME","FRAME","1","export"
"FIN-BRV-COF-TAB-56X72","FIN-BRV-COF-TAB-56X72","ASM-BRV-COF-TAB-56X72-FRAME","FRAME","1","export"
"FIN-BRV-COF-TAB-72X36","FIN-BRV-COF-TAB-72X36","SA-BRA-CT-72X36-FRAME","FRAME","1","export"
"FIN-BRV-COF-TAB-72X36-BE","FIN-BRV-COF-TAB-72X36","SA-BRA-CT-72X36-FRAME","FRAME","1","export"
"FIN-BRV-COF-TAB-72X36-BO","FIN-BRV-COF-TAB-72X36","SA-BRA-CT-72X36-FRAME","FRAME","1","export"
"FIN-BRV-COF-TAB-72X36-BR","FIN-BRV-COF-TAB-72X36","SA-BRA-CT-72X36-FRAME","FRAME","1","export"
"FIN-BRV-COF-TAB-72X36-GR","FIN-BRV-COF-TAB-72X36","SA-BRA-CT-72X36-FRAME","FRAME","1","export"
"FIN-BRV-COF-TAB-72X36-WH","FIN-BRV-COF-TAB-72X36","SA-BRA-CT-72X36-FRAME","FRAME","1","export"
"FIN-BRV-COF-TAB-72X42","FIN-BRV-COF-TAB-72X42","SA-BRA-CT-72X42-FRAME","FRAME","1","export"
"FIN-BRV-COF-TAB-72X42-BE","FIN-BRV-COF-TAB-72X42","SA-BRA-CT-72X42-FRAME","FRAME","1","export"
"FIN-BRV-COF-TAB-72X42-BO","FIN-BRV-COF-TAB-72X42","SA-BRA-CT-72X42-FRAME","FRAME","1","export"
"FIN-BRV-COF-TAB-72X42-BR","FIN-BRV-COF-TAB-72X42","SA-BRA-CT-72X42-FRAME","FRAME","1","export"
"FIN-BRV-COF-TAB-72X42-GR","FIN-BRV-COF-TAB-72X42","SA-BRA-CT-72X42-FRAME","FRAME","1","export"
"FIN-BRV-COF-TAB-72X42-WH","FIN-BRV-COF-TAB-72X42","SA-BRA-CT-72X42-FRAME","FRAME","1","export"
"FIN-BRV-COF-TAB-72X56","FIN-BRV-COF-TAB-72X56","SA-BRA-CT-72X56-FRAME","FRAME","1","export"
"FIN-BRV-COF-TAB-72X56-BE","FIN-BRV-COF-TAB-72X56","SA-BRA-CT-72X56-FRAME","FRAME","1","export"
"FIN-BRV-COF-TAB-72X56-BO","FIN-BRV-COF-TAB-72X56","SA-BRA-CT-72X56-FRAME","FRAME","1","export"
"FIN-BRV-COF-TAB-72X56-BR","FIN-BRV-COF-TAB-72X56","SA-BRA-CT-72X56-FRAME","FRAME","1","export"
"FIN-BRV-COF-TAB-72X56-GR","FIN-BRV-COF-TAB-72X56","SA-BRA-CT-72X56-FRAME","FRAME","1","export"
"FIN-BRV-COF-TAB-72X56-WH","FIN-BRV-COF-TAB-72X56","SA-BRA-CT-72X56-FRAME","FRAME","1","export"
"FIN-BRV-COR-CHS-72X34","FIN-BRV-COR-CHS-72X34","ASM-BRV-COR-CHS-72X34-FRAME","FRAME","1","export"
"FIN-BRV-COR-CHS-72X34","FIN-BRV-COR-CHS-72X34","ASM-BRV-COR-CHS-72X34-CUSH","CUSH","1","export"
"FIN-BRV-COR-CHS-84X34","FIN-BRV-COR-CHS-84X34","ASM-BRV-COR-CHS-84X34-FRAME","FRAME","1","export"
"FIN-BRV-COR-CHS-84X34","FIN-BRV-COR-CHS-84X34","ASM-BRV-COR-CHS-84X34-CUSH","CUSH","1","export"
"FIN-BRV-COR-SOF-72X34","FIN-BRV-COR-SOF-72X34","","","","no_live_children"
"FIN-BRV-COR-SOF-72X34-LS","FIN-BRV-COR-SOF-72X34","SA-BRA-CS-72-LS-FRAME","FRAME","1","export"
"FIN-BRV-COR-SOF-72X34-LS","FIN-BRV-COR-SOF-72X34","SA-BRA-CS-72-LS-CUSH","CUSH","1","export"
"FIN-BRV-COR-SOF-72X34-LS-BE","FIN-BRV-COR-SOF-72X34","SA-BRA-CS-72-LS-FRAME","FRAME","1","export"
"FIN-BRV-COR-SOF-72X34-LS-BE","FIN-BRV-COR-SOF-72X34","SA-BRA-CS-72-LS-CUSH","CUSH","1","export"
"FIN-BRV-COR-SOF-72X34-LS-BO","FIN-BRV-COR-SOF-72X34","SA-BRA-CS-72-LS-FRAME","FRAME","1","export"
"FIN-BRV-COR-SOF-72X34-LS-BO","FIN-BRV-COR-SOF-72X34","SA-BRA-CS-72-LS-CUSH","CUSH","1","export"
"FIN-BRV-COR-SOF-72X34-LS-BR","FIN-BRV-COR-SOF-72X34","SA-BRA-CS-72-LS-FRAME","FRAME","1","export"
"FIN-BRV-COR-SOF-72X34-LS-BR","FIN-BRV-COR-SOF-72X34","SA-BRA-CS-72-LS-CUSH","CUSH","1","export"
"FIN-BRV-COR-SOF-72X34-LS-GR","FIN-BRV-COR-SOF-72X34","SA-BRA-CS-72-LS-FRAME","FRAME","1","export"
"FIN-BRV-COR-SOF-72X34-LS-GR","FIN-BRV-COR-SOF-72X34","SA-BRA-CS-72-LS-CUSH","CUSH","1","export"
"FIN-BRV-COR-SOF-72X34-LS-WH","FIN-BRV-COR-SOF-72X34","SA-BRA-CS-72-LS-FRAME","FRAME","1","export"
"FIN-BRV-COR-SOF-72X34-LS-WH","FIN-BRV-COR-SOF-72X34","SA-BRA-CS-72-LS-CUSH","CUSH","1","export"
"FIN-BRV-COR-SOF-72X34-RS","FIN-BRV-COR-SOF-72X34","SA-BRA-CS-72-RS-FRAME","FRAME","1","export"
"FIN-BRV-COR-SOF-72X34-RS","FIN-BRV-COR-SOF-72X34","SA-BRA-CS-72-RS-CUSH","CUSH","1","export"
"FIN-BRV-COR-SOF-72X34-RS-BE","FIN-BRV-COR-SOF-72X34","SA-BRA-CS-72-RS-FRAME","FRAME","1","export"
"FIN-BRV-COR-SOF-72X34-RS-BE","FIN-BRV-COR-SOF-72X34","SA-BRA-CS-72-RS-CUSH","CUSH","1","export"
"FIN-BRV-COR-SOF-72X34-RS-BO","FIN-BRV-COR-SOF-72X34","SA-BRA-CS-72-RS-FRAME","FRAME","1","export"
"FIN-BRV-COR-SOF-72X34-RS-BO","FIN-BRV-COR-SOF-72X34","SA-BRA-CS-72-RS-CUSH","CUSH","1","export"
"FIN-BRV-COR-SOF-72X34-RS-BR","FIN-BRV-COR-SOF-72X34","SA-BRA-CS-72-RS-FRAME","FRAME","1","export"
"FIN-BRV-COR-SOF-72X34-RS-BR","FIN-BRV-COR-SOF-72X34","SA-BRA-CS-72-RS-CUSH","CUSH","1","export"
"FIN-BRV-COR-SOF-72X34-RS-GR","FIN-BRV-COR-SOF-72X34","SA-BRA-CS-72-RS-FRAME","FRAME","1","export"
"FIN-BRV-COR-SOF-72X34-RS-GR","FIN-BRV-COR-SOF-72X34","SA-BRA-CS-72-RS-CUSH","CUSH","1","export"
"FIN-BRV-COR-SOF-72X34-RS-WH","FIN-BRV-COR-SOF-72X34","SA-BRA-CS-72-RS-FRAME","FRAME","1","export"
"FIN-BRV-COR-SOF-72X34-RS-WH","FIN-BRV-COR-SOF-72X34","SA-BRA-CS-72-RS-CUSH","CUSH","1","export"
"FIN-BRV-COR-SOF-84X34","FIN-BRV-COR-SOF-84X34","","","","no_live_children"
"FIN-BRV-COR-SOF-84X34-LS","FIN-BRV-COR-SOF-84X34","SA-BRA-CS-84-LS-FRAME","FRAME","1","export"
"FIN-BRV-COR-SOF-84X34-LS","FIN-BRV-COR-SOF-84X34","SA-BRA-CS-84-LS-CUSH","CUSH","1","export"
"FIN-BRV-COR-SOF-84X34-LS-BE","FIN-BRV-COR-SOF-84X34","SA-BRA-CS-84-LS-FRAME","FRAME","1","export"
"FIN-BRV-COR-SOF-84X34-LS-BE","FIN-BRV-COR-SOF-84X34","SA-BRA-CS-84-LS-CUSH","CUSH","1","export"
"FIN-BRV-COR-SOF-84X34-LS-BO","FIN-BRV-COR-SOF-84X34","SA-BRA-CS-84-LS-FRAME","FRAME","1","export"
"FIN-BRV-COR-SOF-84X34-LS-BO","FIN-BRV-COR-SOF-84X34","SA-BRA-CS-84-LS-CUSH","CUSH","1","export"
"FIN-BRV-COR-SOF-84X34-LS-BR","FIN-BRV-COR-SOF-84X34","SA-BRA-CS-84-LS-FRAME","FRAME","1","export"
"FIN-BRV-COR-SOF-84X34-LS-BR","FIN-BRV-COR-SOF-84X34","SA-BRA-CS-84-LS-CUSH","CUSH","1","export"
"FIN-BRV-COR-SOF-84X34-LS-GR","FIN-BRV-COR-SOF-84X34","SA-BRA-CS-84-LS-FRAME","FRAME","1","export"
"FIN-BRV-COR-SOF-84X34-LS-GR","FIN-BRV-COR-SOF-84X34","SA-BRA-CS-84-LS-CUSH","CUSH","1","export"
"FIN-BRV-COR-SOF-84X34-LS-WH","FIN-BRV-COR-SOF-84X34","SA-BRA-CS-84-LS-FRAME","FRAME","1","export"
"FIN-BRV-COR-SOF-84X34-LS-WH","FIN-BRV-COR-SOF-84X34","SA-BRA-CS-84-LS-CUSH","CUSH","1","export"
"FIN-BRV-COR-SOF-84X34-RS","FIN-BRV-COR-SOF-84X34","SA-BRA-CS-84-RS-FRAME","FRAME","1","export"
"FIN-BRV-COR-SOF-84X34-RS","FIN-BRV-COR-SOF-84X34","SA-BRA-CS-84-RS-CUSH","CUSH","1","export"
"FIN-BRV-COR-SOF-84X34-RS-BE","FIN-BRV-COR-SOF-84X34","SA-BRA-CS-84-RS-FRAME","FRAME","1","export"
"FIN-BRV-COR-SOF-84X34-RS-BE","FIN-BRV-COR-SOF-84X34","SA-BRA-CS-84-RS-CUSH","CUSH","1","export"
"FIN-BRV-COR-SOF-84X34-RS-BO","FIN-BRV-COR-SOF-84X34","SA-BRA-CS-84-RS-FRAME","FRAME","1","export"
"FIN-BRV-COR-SOF-84X34-RS-BO","FIN-BRV-COR-SOF-84X34","SA-BRA-CS-84-RS-CUSH","CUSH","1","export"
"FIN-BRV-COR-SOF-84X34-RS-BR","FIN-BRV-COR-SOF-84X34","SA-BRA-CS-84-RS-FRAME","FRAME","1","export"
"FIN-BRV-COR-SOF-84X34-RS-BR","FIN-BRV-COR-SOF-84X34","SA-BRA-CS-84-RS-CUSH","CUSH","1","export"
"FIN-BRV-COR-SOF-84X34-RS-GR","FIN-BRV-COR-SOF-84X34","SA-BRA-CS-84-RS-FRAME","FRAME","1","export"
"FIN-BRV-COR-SOF-84X34-RS-GR","FIN-BRV-COR-SOF-84X34","SA-BRA-CS-84-RS-CUSH","CUSH","1","export"
"FIN-BRV-COR-SOF-84X34-RS-WH","FIN-BRV-COR-SOF-84X34","SA-BRA-CS-84-RS-FRAME","FRAME","1","export"
"FIN-BRV-COR-SOF-84X34-RS-WH","FIN-BRV-COR-SOF-84X34","SA-BRA-CS-84-RS-CUSH","CUSH","1","export"
"FIN-BRV-COR-SOF-96X34","FIN-BRV-COR-SOF-96X34","","","","no_live_children"
"FIN-BRV-COR-SOF-96X34-LS","FIN-BRV-COR-SOF-96X34","SA-BRA-CS-96-LS-FRAME","FRAME","1","export"
"FIN-BRV-COR-SOF-96X34-LS","FIN-BRV-COR-SOF-96X34","SA-BRA-CS-96-LS-CUSH","CUSH","1","export"
"FIN-BRV-COR-SOF-96X34-LS-BE","FIN-BRV-COR-SOF-96X34","SA-BRA-CS-96-LS-FRAME","FRAME","1","export"
"FIN-BRV-COR-SOF-96X34-LS-BE","FIN-BRV-COR-SOF-96X34","SA-BRA-CS-96-LS-CUSH","CUSH","1","export"
"FIN-BRV-COR-SOF-96X34-LS-BO","FIN-BRV-COR-SOF-96X34","SA-BRA-CS-96-LS-FRAME","FRAME","1","export"
"FIN-BRV-COR-SOF-96X34-LS-BO","FIN-BRV-COR-SOF-96X34","SA-BRA-CS-96-LS-CUSH","CUSH","1","export"
"FIN-BRV-COR-SOF-96X34-LS-BR","FIN-BRV-COR-SOF-96X34","SA-BRA-CS-96-LS-FRAME","FRAME","1","export"
"FIN-BRV-COR-SOF-96X34-LS-BR","FIN-BRV-COR-SOF-96X34","SA-BRA-CS-96-LS-CUSH","CUSH","1","export"
"FIN-BRV-COR-SOF-96X34-LS-GR","FIN-BRV-COR-SOF-96X34","SA-BRA-CS-96-LS-FRAME","FRAME","1","export"
"FIN-BRV-COR-SOF-96X34-LS-GR","FIN-BRV-COR-SOF-96X34","SA-BRA-CS-96-LS-CUSH","CUSH","1","export"
"FIN-BRV-COR-SOF-96X34-LS-WH","FIN-BRV-COR-SOF-96X34","SA-BRA-CS-96-LS-FRAME","FRAME","1","export"
"FIN-BRV-COR-SOF-96X34-LS-WH","FIN-BRV-COR-SOF-96X34","SA-BRA-CS-96-LS-CUSH","CUSH","1","export"
"FIN-BRV-COR-SOF-96X34-RS","FIN-BRV-COR-SOF-96X34","SA-BRA-CS-96-RS-FRAME","FRAME","1","export"
"FIN-BRV-COR-SOF-96X34-RS","FIN-BRV-COR-SOF-96X34","SA-BRA-CS-96-RS-CUSH","CUSH","1","export"
"FIN-BRV-COR-SOF-96X34-RS-BE","FIN-BRV-COR-SOF-96X34","SA-BRA-CS-96-RS-FRAME","FRAME","1","export"
"FIN-BRV-COR-SOF-96X34-RS-BE","FIN-BRV-COR-SOF-96X34","SA-BRA-CS-96-RS-CUSH","CUSH","1","export"
"FIN-BRV-COR-SOF-96X34-RS-BO","FIN-BRV-COR-SOF-96X34","SA-BRA-CS-96-RS-FRAME","FRAME","1","export"
"FIN-BRV-COR-SOF-96X34-RS-BO","FIN-BRV-COR-SOF-96X34","SA-BRA-CS-96-RS-CUSH","CUSH","1","export"
"FIN-BRV-COR-SOF-96X34-RS-BR","FIN-BRV-COR-SOF-96X34","SA-BRA-CS-96-RS-FRAME","FRAME","1","export"
"FIN-BRV-COR-SOF-96X34-RS-BR","FIN-BRV-COR-SOF-96X34","SA-BRA-CS-96-RS-CUSH","CUSH","1","export"
"FIN-BRV-COR-SOF-96X34-RS-GR","FIN-BRV-COR-SOF-96X34","SA-BRA-CS-96-RS-FRAME","FRAME","1","export"
"FIN-BRV-COR-SOF-96X34-RS-GR","FIN-BRV-COR-SOF-96X34","SA-BRA-CS-96-RS-CUSH","CUSH","1","export"
"FIN-BRV-COR-SOF-96X34-RS-WH","FIN-BRV-COR-SOF-96X34","SA-BRA-CS-96-RS-FRAME","FRAME","1","export"
"FIN-BRV-COR-SOF-96X34-RS-WH","FIN-BRV-COR-SOF-96X34","SA-BRA-CS-96-RS-CUSH","CUSH","1","export"
"FIN-BRV-DOU-CHS-58X79","FIN-BRV-DOU-CHS-58X79","SA-BRA-CL-D-FRAME","FRAME","1","export"
"FIN-BRV-DOU-CHS-58X79","FIN-BRV-DOU-CHS-58X79","SA-BRA-CL-D-CUSH","CUSH","1","export"
"FIN-BRV-DOU-CHS-58X79-BE","FIN-BRV-DOU-CHS-58X79","SA-BRA-CL-D-FRAME","FRAME","1","export"
"FIN-BRV-DOU-CHS-58X79-BE","FIN-BRV-DOU-CHS-58X79","SA-BRA-CL-D-CUSH","CUSH","1","export"
"FIN-BRV-DOU-CHS-58X79-BO","FIN-BRV-DOU-CHS-58X79","SA-BRA-CL-D-FRAME","FRAME","1","export"
"FIN-BRV-DOU-CHS-58X79-BO","FIN-BRV-DOU-CHS-58X79","SA-BRA-CL-D-CUSH","CUSH","1","export"
"FIN-BRV-DOU-CHS-58X79-BR","FIN-BRV-DOU-CHS-58X79","SA-BRA-CL-D-FRAME","FRAME","1","export"
"FIN-BRV-DOU-CHS-58X79-BR","FIN-BRV-DOU-CHS-58X79","SA-BRA-CL-D-CUSH","CUSH","1","export"
"FIN-BRV-DOU-CHS-58X79-GR","FIN-BRV-DOU-CHS-58X79","SA-BRA-CL-D-FRAME","FRAME","1","export"
"FIN-BRV-DOU-CHS-58X79-GR","FIN-BRV-DOU-CHS-58X79","SA-BRA-CL-D-CUSH","CUSH","1","export"
"FIN-BRV-DOU-CHS-58X79-NOARM","FIN-BRV-DOU-CHS-58X79","SA-BRA-CL-D-A-FRAME","FRAME","1","export"
"FIN-BRV-DOU-CHS-58X79-NOARM","FIN-BRV-DOU-CHS-58X79","SA-BRA-CL-D-A-CUSH","CUSH","1","export"
"FIN-BRV-DOU-CHS-58X79-NOARM-BE","FIN-BRV-DOU-CHS-58X79","SA-BRA-CL-D-A-FRAME","FRAME","1","export"
"FIN-BRV-DOU-CHS-58X79-NOARM-BE","FIN-BRV-DOU-CHS-58X79","SA-BRA-CL-D-A-CUSH","CUSH","1","export"
"FIN-BRV-DOU-CHS-58X79-NOARM-BO","FIN-BRV-DOU-CHS-58X79","SA-BRA-CL-D-A-FRAME","FRAME","1","export"
"FIN-BRV-DOU-CHS-58X79-NOARM-BO","FIN-BRV-DOU-CHS-58X79","SA-BRA-CL-D-A-CUSH","CUSH","1","export"
"FIN-BRV-DOU-CHS-58X79-NOARM-BR","FIN-BRV-DOU-CHS-58X79","SA-BRA-CL-D-A-FRAME","FRAME","1","export"
"FIN-BRV-DOU-CHS-58X79-NOARM-BR","FIN-BRV-DOU-CHS-58X79","SA-BRA-CL-D-A-CUSH","CUSH","1","export"
"FIN-BRV-DOU-CHS-58X79-NOARM-GR","FIN-BRV-DOU-CHS-58X79","SA-BRA-CL-D-A-FRAME","FRAME","1","export"
"FIN-BRV-DOU-CHS-58X79-NOARM-GR","FIN-BRV-DOU-CHS-58X79","SA-BRA-CL-D-A-CUSH","CUSH","1","export"
"FIN-BRV-DOU-CHS-58X79-NOARM-WH","FIN-BRV-DOU-CHS-58X79","SA-BRA-CL-D-A-FRAME","FRAME","1","export"
"FIN-BRV-DOU-CHS-58X79-NOARM-WH","FIN-BRV-DOU-CHS-58X79","SA-BRA-CL-D-A-CUSH","CUSH","1","export"
"FIN-BRV-DOU-CHS-58X79-WH","FIN-BRV-DOU-CHS-58X79","SA-BRA-CL-D-FRAME","FRAME","1","export"
"FIN-BRV-DOU-CHS-58X79-WH","FIN-BRV-DOU-CHS-58X79","SA-BRA-CL-D-CUSH","CUSH","1","export"
"FIN-BRV-DYB-72X72","FIN-BRV-DYB-72X72","SA-BRA-D-7272-FRAME","FRAME","1","export"
"FIN-BRV-DYB-72X72","FIN-BRV-DYB-72X72","SA-BRA-D-7272-CUSH","CUSH","1","export"
"FIN-BRV-DYB-72X72-BE","FIN-BRV-DYB-72X72","SA-BRA-D-7272-FRAME","FRAME","1","export"
"FIN-BRV-DYB-72X72-BE","FIN-BRV-DYB-72X72","SA-BRA-D-7272-CUSH","CUSH","1","export"
"FIN-BRV-DYB-72X72-BO","FIN-BRV-DYB-72X72","SA-BRA-D-7272-FRAME","FRAME","1","export"
"FIN-BRV-DYB-72X72-BO","FIN-BRV-DYB-72X72","SA-BRA-D-7272-CUSH","CUSH","1","export"
"FIN-BRV-DYB-72X72-BR","FIN-BRV-DYB-72X72","SA-BRA-D-7272-FRAME","FRAME","1","export"
"FIN-BRV-DYB-72X72-BR","FIN-BRV-DYB-72X72","SA-BRA-D-7272-CUSH","CUSH","1","export"
"FIN-BRV-DYB-72X72-GR","FIN-BRV-DYB-72X72","SA-BRA-D-7272-FRAME","FRAME","1","export"
"FIN-BRV-DYB-72X72-GR","FIN-BRV-DYB-72X72","SA-BRA-D-7272-CUSH","CUSH","1","export"
"FIN-BRV-DYB-72X72-WH","FIN-BRV-DYB-72X72","SA-BRA-D-7272-FRAME","FRAME","1","export"
"FIN-BRV-DYB-72X72-WH","FIN-BRV-DYB-72X72","SA-BRA-D-7272-CUSH","CUSH","1","export"
"FIN-BRV-DYB-72X78","FIN-BRV-DYB-72X78","SA-BRA-CADA-72X78-FRAME","FRAME","1","export"
"FIN-BRV-DYB-72X78","FIN-BRV-DYB-72X78","SA-BRA-CADA-72X78-CUSH","CUSH","1","export"
"FIN-BRV-DYB-72X78-BE","FIN-BRV-DYB-72X78","SA-BRA-CADA-72X78-FRAME","FRAME","1","export"
"FIN-BRV-DYB-72X78-BE","FIN-BRV-DYB-72X78","SA-BRA-CADA-72X78-CUSH","CUSH","1","export"
"FIN-BRV-DYB-72X78-BO","FIN-BRV-DYB-72X78","SA-BRA-CADA-72X78-FRAME","FRAME","1","export"
"FIN-BRV-DYB-72X78-BO","FIN-BRV-DYB-72X78","SA-BRA-CADA-72X78-CUSH","CUSH","1","export"
"FIN-BRV-DYB-72X78-BR","FIN-BRV-DYB-72X78","SA-BRA-CADA-72X78-FRAME","FRAME","1","export"
"FIN-BRV-DYB-72X78-BR","FIN-BRV-DYB-72X78","SA-BRA-CADA-72X78-CUSH","CUSH","1","export"
"FIN-BRV-DYB-72X78-GR","FIN-BRV-DYB-72X78","SA-BRA-CADA-72X78-FRAME","FRAME","1","export"
"FIN-BRV-DYB-72X78-GR","FIN-BRV-DYB-72X78","SA-BRA-CADA-72X78-CUSH","CUSH","1","export"
"FIN-BRV-DYB-72X78-WH","FIN-BRV-DYB-72X78","SA-BRA-CADA-72X78-FRAME","FRAME","1","export"
"FIN-BRV-DYB-72X78-WH","FIN-BRV-DYB-72X78","SA-BRA-CADA-72X78-CUSH","CUSH","1","export"
"FIN-BRV-DYB-78X72","FIN-BRV-DYB-78X72","SA-BRA-CADA-72X78-FRAME","FRAME","1","export"
"FIN-BRV-DYB-78X72","FIN-BRV-DYB-78X72","SA-BRA-CADA-72X78-CUSH","CUSH","1","export"
"FIN-BRV-DYB-78X72-BE","FIN-BRV-DYB-78X72","SA-BRA-CADA-72X78-FRAME","FRAME","1","export"
"FIN-BRV-DYB-78X72-BE","FIN-BRV-DYB-78X72","SA-BRA-CADA-72X78-CUSH","CUSH","1","export"
"FIN-BRV-DYB-78X72-BO","FIN-BRV-DYB-78X72","SA-BRA-CADA-72X78-FRAME","FRAME","1","export"
"FIN-BRV-DYB-78X72-BO","FIN-BRV-DYB-78X72","SA-BRA-CADA-72X78-CUSH","CUSH","1","export"
"FIN-BRV-DYB-78X72-BR","FIN-BRV-DYB-78X72","SA-BRA-CADA-72X78-FRAME","FRAME","1","export"
"FIN-BRV-DYB-78X72-BR","FIN-BRV-DYB-78X72","SA-BRA-CADA-72X78-CUSH","CUSH","1","export"
"FIN-BRV-DYB-78X72-GR","FIN-BRV-DYB-78X72","SA-BRA-CADA-72X78-FRAME","FRAME","1","export"
"FIN-BRV-DYB-78X72-GR","FIN-BRV-DYB-78X72","SA-BRA-CADA-72X78-CUSH","CUSH","1","export"
"FIN-BRV-DYB-78X72-WH","FIN-BRV-DYB-78X72","SA-BRA-CADA-72X78-FRAME","FRAME","1","export"
"FIN-BRV-DYB-78X72-WH","FIN-BRV-DYB-78X72","SA-BRA-CADA-72X78-CUSH","CUSH","1","export"
"FIN-BRV-DYB-78X78","FIN-BRV-DYB-78X78","SA-BRA-CADA-78X78-FRAME","FRAME","1","export"
"FIN-BRV-DYB-78X78","FIN-BRV-DYB-78X78","SA-BRA-CADA-78X78-CUSH","CUSH","1","export"
"FIN-BRV-DYB-78X78-BE","FIN-BRV-DYB-78X78","SA-BRA-CADA-78X78-FRAME","FRAME","1","export"
"FIN-BRV-DYB-78X78-BE","FIN-BRV-DYB-78X78","SA-BRA-CADA-78X78-CUSH","CUSH","1","export"
"FIN-BRV-DYB-78X78-BO","FIN-BRV-DYB-78X78","SA-BRA-CADA-78X78-FRAME","FRAME","1","export"
"FIN-BRV-DYB-78X78-BO","FIN-BRV-DYB-78X78","SA-BRA-CADA-78X78-CUSH","CUSH","1","export"
"FIN-BRV-DYB-78X78-BR","FIN-BRV-DYB-78X78","SA-BRA-CADA-78X78-FRAME","FRAME","1","export"
"FIN-BRV-DYB-78X78-BR","FIN-BRV-DYB-78X78","SA-BRA-CADA-78X78-CUSH","CUSH","1","export"
"FIN-BRV-DYB-78X78-GR","FIN-BRV-DYB-78X78","SA-BRA-CADA-78X78-FRAME","FRAME","1","export"
"FIN-BRV-DYB-78X78-GR","FIN-BRV-DYB-78X78","SA-BRA-CADA-78X78-CUSH","CUSH","1","export"
"FIN-BRV-DYB-78X78-WH","FIN-BRV-DYB-78X78","SA-BRA-CADA-78X78-FRAME","FRAME","1","export"
"FIN-BRV-DYB-78X78-WH","FIN-BRV-DYB-78X78","SA-BRA-CADA-78X78-CUSH","CUSH","1","export"
"FIN-BRV-DYB-84X72","FIN-BRV-DYB-84X72","ASM-BRV-DYB-84X72-FRAME","FRAME","1","export"
"FIN-BRV-DYB-84X72","FIN-BRV-DYB-84X72","ASM-BRV-DYB-84X72-CUSH","CUSH","1","export"
"FIN-BRV-DYB-84X78","FIN-BRV-DYB-84X78","SA-BRA-CADA-84X78-FRAME","FRAME","1","export"
"FIN-BRV-DYB-84X78","FIN-BRV-DYB-84X78","SA-BRA-CADA-84X78-CUSH","CUSH","1","export"
"FIN-BRV-DYB-84X78-BE","FIN-BRV-DYB-84X78","SA-BRA-CADA-84X78-FRAME","FRAME","1","export"
"FIN-BRV-DYB-84X78-BE","FIN-BRV-DYB-84X78","SA-BRA-CADA-84X78-CUSH","CUSH","1","export"
"FIN-BRV-DYB-84X78-BO","FIN-BRV-DYB-84X78","SA-BRA-CADA-84X78-FRAME","FRAME","1","export"
"FIN-BRV-DYB-84X78-BO","FIN-BRV-DYB-84X78","SA-BRA-CADA-84X78-CUSH","CUSH","1","export"
"FIN-BRV-DYB-84X78-BR","FIN-BRV-DYB-84X78","SA-BRA-CADA-84X78-FRAME","FRAME","1","export"
"FIN-BRV-DYB-84X78-BR","FIN-BRV-DYB-84X78","SA-BRA-CADA-84X78-CUSH","CUSH","1","export"
"FIN-BRV-DYB-84X78-GR","FIN-BRV-DYB-84X78","SA-BRA-CADA-84X78-FRAME","FRAME","1","export"
"FIN-BRV-DYB-84X78-GR","FIN-BRV-DYB-84X78","SA-BRA-CADA-84X78-CUSH","CUSH","1","export"
"FIN-BRV-DYB-84X78-WH","FIN-BRV-DYB-84X78","SA-BRA-CADA-84X78-FRAME","FRAME","1","export"
"FIN-BRV-DYB-84X78-WH","FIN-BRV-DYB-84X78","SA-BRA-CADA-84X78-CUSH","CUSH","1","export"
"FIN-BRV-DYB-84X84","FIN-BRV-DYB-84X84","ASM-BRV-DYB-84X84-FRAME","FRAME","1","export"
"FIN-BRV-DYB-84X84","FIN-BRV-DYB-84X84","ASM-BRV-DYB-84X84-CUSH","CUSH","1","export"
"FIN-BRV-DYB-84X84-DAYBED","FIN-BRV-DYB-84X84","ASM-BRV-DYB-84X84-FRAME","FRAME","1","export"
"FIN-BRV-DYB-84X84-DAYBED","FIN-BRV-DYB-84X84","ASM-BRV-DYB-84X84-CUSH","CUSH","1","export"
"FIN-BRV-LOV-SOF-60X34","FIN-BRV-LOV-SOF-60X34","SA-BRA-L-FRAME","FRAME","1","export"
"FIN-BRV-LOV-SOF-60X34","FIN-BRV-LOV-SOF-60X34","SA-BRA-L-CUSH","CUSH","1","export"
"FIN-BRV-LOV-SOF-60X34-BE","FIN-BRV-LOV-SOF-60X34","SA-BRA-L-FRAME","FRAME","1","export"
"FIN-BRV-LOV-SOF-60X34-BE","FIN-BRV-LOV-SOF-60X34","SA-BRA-L-CUSH","CUSH","1","export"
"FIN-BRV-LOV-SOF-60X34-BO","FIN-BRV-LOV-SOF-60X34","SA-BRA-L-FRAME","FRAME","1","export"
"FIN-BRV-LOV-SOF-60X34-BO","FIN-BRV-LOV-SOF-60X34","SA-BRA-L-CUSH","CUSH","1","export"
"FIN-BRV-LOV-SOF-60X34-BR","FIN-BRV-LOV-SOF-60X34","SA-BRA-L-FRAME","FRAME","1","export"
"FIN-BRV-LOV-SOF-60X34-BR","FIN-BRV-LOV-SOF-60X34","SA-BRA-L-CUSH","CUSH","1","export"
"FIN-BRV-LOV-SOF-60X34-GR","FIN-BRV-LOV-SOF-60X34","SA-BRA-L-FRAME","FRAME","1","export"
"FIN-BRV-LOV-SOF-60X34-GR","FIN-BRV-LOV-SOF-60X34","SA-BRA-L-CUSH","CUSH","1","export"
"FIN-BRV-LOV-SOF-60X34-WH","FIN-BRV-LOV-SOF-60X34","SA-BRA-L-FRAME","FRAME","1","export"
"FIN-BRV-LOV-SOF-60X34-WH","FIN-BRV-LOV-SOF-60X34","SA-BRA-L-CUSH","CUSH","1","export"
"FIN-BRV-MIN-LOV-48X34","FIN-BRV-MIN-LOV-48X34","SA-BRA-ML-FRAME","FRAME","1","export"
"FIN-BRV-MIN-LOV-48X34","FIN-BRV-MIN-LOV-48X34","SA-BRA-ML-CUSH","CUSH","1","export"
"FIN-BRV-MIN-LOV-48X34-ARMLESSMINI","FIN-BRV-MIN-LOV-48X34","","","","no_live_children"
"FIN-BRV-MIN-LOV-48X34-BE","FIN-BRV-MIN-LOV-48X34","SA-BRA-ML-FRAME","FRAME","1","export"
"FIN-BRV-MIN-LOV-48X34-BE","FIN-BRV-MIN-LOV-48X34","SA-BRA-ML-CUSH","CUSH","1","export"
"FIN-BRV-MIN-LOV-48X34-BO","FIN-BRV-MIN-LOV-48X34","SA-BRA-ML-FRAME","FRAME","1","export"
"FIN-BRV-MIN-LOV-48X34-BO","FIN-BRV-MIN-LOV-48X34","SA-BRA-ML-CUSH","CUSH","1","export"
"FIN-BRV-MIN-LOV-48X34-BR","FIN-BRV-MIN-LOV-48X34","SA-BRA-ML-FRAME","FRAME","1","export"
"FIN-BRV-MIN-LOV-48X34-BR","FIN-BRV-MIN-LOV-48X34","SA-BRA-ML-CUSH","CUSH","1","export"
"FIN-BRV-MIN-LOV-48X34-GR","FIN-BRV-MIN-LOV-48X34","SA-BRA-ML-FRAME","FRAME","1","export"
"FIN-BRV-MIN-LOV-48X34-GR","FIN-BRV-MIN-LOV-48X34","SA-BRA-ML-CUSH","CUSH","1","export"
"FIN-BRV-MIN-LOV-48X34-MINILOVESEAT","FIN-BRV-MIN-LOV-48X34","","","","no_live_children"
"FIN-BRV-MIN-LOV-48X34-WH","FIN-BRV-MIN-LOV-48X34","SA-BRA-ML-FRAME","FRAME","1","export"
"FIN-BRV-MIN-LOV-48X34-WH","FIN-BRV-MIN-LOV-48X34","SA-BRA-ML-CUSH","CUSH","1","export"
"FIN-BRV-OTT-22X30","FIN-BRV-OTT-22X30","ASM-BRV-OTT-22X30-FRAME","FRAME","1","export"
"FIN-BRV-OTT-22X30","FIN-BRV-OTT-22X30","ASM-BRV-OTT-22X30-CUSH","CUSH","1","export"
"FIN-BRV-OTT-22X42","FIN-BRV-OTT-22X42","ASM-BRV-OTT-22X42-FRAME","FRAME","1","export"
"FIN-BRV-OTT-22X42","FIN-BRV-OTT-22X42","ASM-BRV-OTT-22X42-CUSH","CUSH","1","export"
"FIN-BRV-OTT-22X60","FIN-BRV-OTT-22X60","ASM-BRV-OTT-22X60-FRAME","FRAME","1","export"
"FIN-BRV-OTT-22X60","FIN-BRV-OTT-22X60","ASM-BRV-OTT-22X60-CUSH","CUSH","1","export"
"FIN-BRV-OTT-22X72","FIN-BRV-OTT-22X72","ASM-BRV-OTT-22X72-FRAME","FRAME","1","export"
"FIN-BRV-OTT-22X72","FIN-BRV-OTT-22X72","ASM-BRV-OTT-22X72-CUSH","CUSH","1","export"
"FIN-BRV-OTT-30X22","FIN-BRV-OTT-30X22","SA-BRA-O-30X22-FRAME","FRAME","1","export"
"FIN-BRV-OTT-30X22","FIN-BRV-OTT-30X22","SA-BRA-O-30X22-CUSH","CUSH","1","export"
"FIN-BRV-OTT-30X22-BE","FIN-BRV-OTT-30X22","SA-BRA-O-30X22-FRAME","FRAME","1","export"
"FIN-BRV-OTT-30X22-BE","FIN-BRV-OTT-30X22","SA-BRA-O-30X22-CUSH","CUSH","1","export"
"FIN-BRV-OTT-30X22-BO","FIN-BRV-OTT-30X22","SA-BRA-O-30X22-FRAME","FRAME","1","export"
"FIN-BRV-OTT-30X22-BO","FIN-BRV-OTT-30X22","SA-BRA-O-30X22-CUSH","CUSH","1","export"
"FIN-BRV-OTT-30X22-BR","FIN-BRV-OTT-30X22","SA-BRA-O-30X22-FRAME","FRAME","1","export"
"FIN-BRV-OTT-30X22-BR","FIN-BRV-OTT-30X22","SA-BRA-O-30X22-CUSH","CUSH","1","export"
"FIN-BRV-OTT-30X22-GR","FIN-BRV-OTT-30X22","SA-BRA-O-30X22-FRAME","FRAME","1","export"
"FIN-BRV-OTT-30X22-GR","FIN-BRV-OTT-30X22","SA-BRA-O-30X22-CUSH","CUSH","1","export"
"FIN-BRV-OTT-30X22-WH","FIN-BRV-OTT-30X22","SA-BRA-O-30X22-FRAME","FRAME","1","export"
"FIN-BRV-OTT-30X22-WH","FIN-BRV-OTT-30X22","SA-BRA-O-30X22-CUSH","CUSH","1","export"
"FIN-BRV-OTT-34X34","FIN-BRV-OTT-34X34","SA-BRA-O-34X34-FRAME","FRAME","1","export"
"FIN-BRV-OTT-34X34","FIN-BRV-OTT-34X34","SA-BRA-O-34X34-CUSH","CUSH","1","export"
"FIN-BRV-OTT-34X34-BE","FIN-BRV-OTT-34X34","SA-BRA-O-34X34-FRAME","FRAME","1","export"
"FIN-BRV-OTT-34X34-BE","FIN-BRV-OTT-34X34","SA-BRA-O-34X34-CUSH","CUSH","1","export"
"FIN-BRV-OTT-34X34-BO","FIN-BRV-OTT-34X34","SA-BRA-O-34X34-FRAME","FRAME","1","export"
"FIN-BRV-OTT-34X34-BO","FIN-BRV-OTT-34X34","SA-BRA-O-34X34-CUSH","CUSH","1","export"
"FIN-BRV-OTT-34X34-BR","FIN-BRV-OTT-34X34","SA-BRA-O-34X34-FRAME","FRAME","1","export"
"FIN-BRV-OTT-34X34-BR","FIN-BRV-OTT-34X34","SA-BRA-O-34X34-CUSH","CUSH","1","export"
"FIN-BRV-OTT-34X34-GR","FIN-BRV-OTT-34X34","SA-BRA-O-34X34-FRAME","FRAME","1","export"
"FIN-BRV-OTT-34X34-GR","FIN-BRV-OTT-34X34","SA-BRA-O-34X34-CUSH","CUSH","1","export"
"FIN-BRV-OTT-34X34-WH","FIN-BRV-OTT-34X34","SA-BRA-O-34X34-FRAME","FRAME","1","export"
"FIN-BRV-OTT-34X34-WH","FIN-BRV-OTT-34X34","SA-BRA-O-34X34-CUSH","CUSH","1","export"
"FIN-BRV-OTT-34X42","FIN-BRV-OTT-34X42","ASM-BRV-OTT-34X42-FRAME","FRAME","1","export"
"FIN-BRV-OTT-34X42","FIN-BRV-OTT-34X42","ASM-BRV-OTT-34X42-CUSH","CUSH","1","export"
"FIN-BRV-OTT-34X60","FIN-BRV-OTT-34X60","ASM-BRV-OTT-34X60-FRAME","FRAME","1","export"
"FIN-BRV-OTT-34X60","FIN-BRV-OTT-34X60","ASM-BRV-OTT-34X60-CUSH","CUSH","1","export"
"FIN-BRV-OTT-34X72","FIN-BRV-OTT-34X72","ASM-BRV-OTT-34X72-FRAME","FRAME","1","export"
"FIN-BRV-OTT-34X72","FIN-BRV-OTT-34X72","ASM-BRV-OTT-34X72-CUSH","CUSH","1","export"
"FIN-BRV-OTT-42X22","FIN-BRV-OTT-42X22","SA-BRA-O-42X22-FRAME","FRAME","1","export"
"FIN-BRV-OTT-42X22","FIN-BRV-OTT-42X22","SA-BRA-O-42X22-CUSH","CUSH","1","export"
"FIN-BRV-OTT-42X22-BE","FIN-BRV-OTT-42X22","SA-BRA-O-42X22-FRAME","FRAME","1","export"
"FIN-BRV-OTT-42X22-BE","FIN-BRV-OTT-42X22","SA-BRA-O-42X22-CUSH","CUSH","1","export"
"FIN-BRV-OTT-42X22-BO","FIN-BRV-OTT-42X22","SA-BRA-O-42X22-FRAME","FRAME","1","export"
"FIN-BRV-OTT-42X22-BO","FIN-BRV-OTT-42X22","SA-BRA-O-42X22-CUSH","CUSH","1","export"
"FIN-BRV-OTT-42X22-BR","FIN-BRV-OTT-42X22","SA-BRA-O-42X22-FRAME","FRAME","1","export"
"FIN-BRV-OTT-42X22-BR","FIN-BRV-OTT-42X22","SA-BRA-O-42X22-CUSH","CUSH","1","export"
"FIN-BRV-OTT-42X22-GR","FIN-BRV-OTT-42X22","SA-BRA-O-42X22-FRAME","FRAME","1","export"
"FIN-BRV-OTT-42X22-GR","FIN-BRV-OTT-42X22","SA-BRA-O-42X22-CUSH","CUSH","1","export"
"FIN-BRV-OTT-42X22-WH","FIN-BRV-OTT-42X22","SA-BRA-O-42X22-FRAME","FRAME","1","export"
"FIN-BRV-OTT-42X22-WH","FIN-BRV-OTT-42X22","SA-BRA-O-42X22-CUSH","CUSH","1","export"
"FIN-BRV-OTT-42X34","FIN-BRV-OTT-42X34","SA-BRA-O-42X34-FRAME","FRAME","1","export"
"FIN-BRV-OTT-42X34","FIN-BRV-OTT-42X34","SA-BRA-O-42X34-CUSH","CUSH","1","export"
"FIN-BRV-OTT-42X34-BE","FIN-BRV-OTT-42X34","SA-BRA-O-42X34-FRAME","FRAME","1","export"
"FIN-BRV-OTT-42X34-BE","FIN-BRV-OTT-42X34","SA-BRA-O-42X34-CUSH","CUSH","1","export"
"FIN-BRV-OTT-42X34-BO","FIN-BRV-OTT-42X34","SA-BRA-O-42X34-FRAME","FRAME","1","export"
"FIN-BRV-OTT-42X34-BO","FIN-BRV-OTT-42X34","SA-BRA-O-42X34-CUSH","CUSH","1","export"
"FIN-BRV-OTT-42X34-BR","FIN-BRV-OTT-42X34","SA-BRA-O-42X34-FRAME","FRAME","1","export"
"FIN-BRV-OTT-42X34-BR","FIN-BRV-OTT-42X34","SA-BRA-O-42X34-CUSH","CUSH","1","export"
"FIN-BRV-OTT-42X34-GR","FIN-BRV-OTT-42X34","SA-BRA-O-42X34-FRAME","FRAME","1","export"
"FIN-BRV-OTT-42X34-GR","FIN-BRV-OTT-42X34","SA-BRA-O-42X34-CUSH","CUSH","1","export"
"FIN-BRV-OTT-42X34-WH","FIN-BRV-OTT-42X34","SA-BRA-O-42X34-FRAME","FRAME","1","export"
"FIN-BRV-OTT-42X34-WH","FIN-BRV-OTT-42X34","SA-BRA-O-42X34-CUSH","CUSH","1","export"
"FIN-BRV-OTT-60X22","FIN-BRV-OTT-60X22","SA-BRA-O-60X22-FRAME","FRAME","1","export"
"FIN-BRV-OTT-60X22","FIN-BRV-OTT-60X22","SA-BRA-O-60X22-CUSH","CUSH","1","export"
"FIN-BRV-OTT-60X22-BE","FIN-BRV-OTT-60X22","SA-BRA-O-60X22-FRAME","FRAME","1","export"
"FIN-BRV-OTT-60X22-BE","FIN-BRV-OTT-60X22","SA-BRA-O-60X22-CUSH","CUSH","1","export"
"FIN-BRV-OTT-60X22-BO","FIN-BRV-OTT-60X22","SA-BRA-O-60X22-FRAME","FRAME","1","export"
"FIN-BRV-OTT-60X22-BO","FIN-BRV-OTT-60X22","SA-BRA-O-60X22-CUSH","CUSH","1","export"
"FIN-BRV-OTT-60X22-BR","FIN-BRV-OTT-60X22","SA-BRA-O-60X22-FRAME","FRAME","1","export"
"FIN-BRV-OTT-60X22-BR","FIN-BRV-OTT-60X22","SA-BRA-O-60X22-CUSH","CUSH","1","export"
"FIN-BRV-OTT-60X22-GR","FIN-BRV-OTT-60X22","SA-BRA-O-60X22-FRAME","FRAME","1","export"
"FIN-BRV-OTT-60X22-GR","FIN-BRV-OTT-60X22","SA-BRA-O-60X22-CUSH","CUSH","1","export"
"FIN-BRV-OTT-60X22-WH","FIN-BRV-OTT-60X22","SA-BRA-O-60X22-FRAME","FRAME","1","export"
"FIN-BRV-OTT-60X22-WH","FIN-BRV-OTT-60X22","SA-BRA-O-60X22-CUSH","CUSH","1","export"
"FIN-BRV-OTT-60X34","FIN-BRV-OTT-60X34","SA-BRA-O-60X34-FRAME","FRAME","1","export"
"FIN-BRV-OTT-60X34","FIN-BRV-OTT-60X34","SA-BRA-O-60X34-CUSH","CUSH","1","export"
"FIN-BRV-OTT-60X34-BE","FIN-BRV-OTT-60X34","SA-BRA-O-60X34-FRAME","FRAME","1","export"
"FIN-BRV-OTT-60X34-BE","FIN-BRV-OTT-60X34","SA-BRA-O-60X34-CUSH","CUSH","1","export"
"FIN-BRV-OTT-60X34-BO","FIN-BRV-OTT-60X34","SA-BRA-O-60X34-FRAME","FRAME","1","export"
"FIN-BRV-OTT-60X34-BO","FIN-BRV-OTT-60X34","SA-BRA-O-60X34-CUSH","CUSH","1","export"
"FIN-BRV-OTT-60X34-BR","FIN-BRV-OTT-60X34","SA-BRA-O-60X34-FRAME","FRAME","1","export"
"FIN-BRV-OTT-60X34-BR","FIN-BRV-OTT-60X34","SA-BRA-O-60X34-CUSH","CUSH","1","export"
"FIN-BRV-OTT-60X34-GR","FIN-BRV-OTT-60X34","SA-BRA-O-60X34-FRAME","FRAME","1","export"
"FIN-BRV-OTT-60X34-GR","FIN-BRV-OTT-60X34","SA-BRA-O-60X34-CUSH","CUSH","1","export"
"FIN-BRV-OTT-60X34-WH","FIN-BRV-OTT-60X34","SA-BRA-O-60X34-FRAME","FRAME","1","export"
"FIN-BRV-OTT-60X34-WH","FIN-BRV-OTT-60X34","SA-BRA-O-60X34-CUSH","CUSH","1","export"
"FIN-BRV-OTT-72X22","FIN-BRV-OTT-72X22","SA-BRA-O-72X22-FRAME","FRAME","1","export"
"FIN-BRV-OTT-72X22","FIN-BRV-OTT-72X22","SA-BRA-O-72X22-CUSH","CUSH","1","export"
"FIN-BRV-OTT-72X22-BE","FIN-BRV-OTT-72X22","SA-BRA-O-72X22-FRAME","FRAME","1","export"
"FIN-BRV-OTT-72X22-BE","FIN-BRV-OTT-72X22","SA-BRA-O-72X22-CUSH","CUSH","1","export"
"FIN-BRV-OTT-72X22-BO","FIN-BRV-OTT-72X22","SA-BRA-O-72X22-FRAME","FRAME","1","export"
"FIN-BRV-OTT-72X22-BO","FIN-BRV-OTT-72X22","SA-BRA-O-72X22-CUSH","CUSH","1","export"
"FIN-BRV-OTT-72X22-BR","FIN-BRV-OTT-72X22","SA-BRA-O-72X22-FRAME","FRAME","1","export"
"FIN-BRV-OTT-72X22-BR","FIN-BRV-OTT-72X22","SA-BRA-O-72X22-CUSH","CUSH","1","export"
"FIN-BRV-OTT-72X22-GR","FIN-BRV-OTT-72X22","SA-BRA-O-72X22-FRAME","FRAME","1","export"
"FIN-BRV-OTT-72X22-GR","FIN-BRV-OTT-72X22","SA-BRA-O-72X22-CUSH","CUSH","1","export"
"FIN-BRV-OTT-72X22-WH","FIN-BRV-OTT-72X22","SA-BRA-O-72X22-FRAME","FRAME","1","export"
"FIN-BRV-OTT-72X22-WH","FIN-BRV-OTT-72X22","SA-BRA-O-72X22-CUSH","CUSH","1","export"
"FIN-BRV-OTT-72X34","FIN-BRV-OTT-72X34","SA-BRA-O-72X34-FRAME","FRAME","1","export"
"FIN-BRV-OTT-72X34","FIN-BRV-OTT-72X34","SA-BRA-O-72X34-CUSH","CUSH","1","export"
"FIN-BRV-OTT-72X34-BE","FIN-BRV-OTT-72X34","SA-BRA-O-72X34-FRAME","FRAME","1","export"
"FIN-BRV-OTT-72X34-BE","FIN-BRV-OTT-72X34","SA-BRA-O-72X34-CUSH","CUSH","1","export"
"FIN-BRV-OTT-72X34-BO","FIN-BRV-OTT-72X34","SA-BRA-O-72X34-FRAME","FRAME","1","export"
"FIN-BRV-OTT-72X34-BO","FIN-BRV-OTT-72X34","SA-BRA-O-72X34-CUSH","CUSH","1","export"
"FIN-BRV-OTT-72X34-BR","FIN-BRV-OTT-72X34","SA-BRA-O-72X34-FRAME","FRAME","1","export"
"FIN-BRV-OTT-72X34-BR","FIN-BRV-OTT-72X34","SA-BRA-O-72X34-CUSH","CUSH","1","export"
"FIN-BRV-OTT-72X34-GR","FIN-BRV-OTT-72X34","SA-BRA-O-72X34-FRAME","FRAME","1","export"
"FIN-BRV-OTT-72X34-GR","FIN-BRV-OTT-72X34","SA-BRA-O-72X34-CUSH","CUSH","1","export"
"FIN-BRV-OTT-72X34-WH","FIN-BRV-OTT-72X34","SA-BRA-O-72X34-FRAME","FRAME","1","export"
"FIN-BRV-OTT-72X34-WH","FIN-BRV-OTT-72X34","SA-BRA-O-72X34-CUSH","CUSH","1","export"
"FIN-BRV-OTT-DKT-30X22","FIN-BRV-OTT-DKT-30X22","SA-BRA-ODT-30X22-FRAME","FRAME","1","export"
"FIN-BRV-OTT-DKT-30X22","FIN-BRV-OTT-DKT-30X22","SA-BRA-ODT-30X22-CUSH","CUSH","1","export"
"FIN-BRV-OTT-DKT-30X22-BE","FIN-BRV-OTT-DKT-30X22","SA-BRA-ODT-30X22-FRAME","FRAME","1","export"
"FIN-BRV-OTT-DKT-30X22-BE","FIN-BRV-OTT-DKT-30X22","SA-BRA-ODT-30X22-CUSH","CUSH","1","export"
"FIN-BRV-OTT-DKT-30X22-BO","FIN-BRV-OTT-DKT-30X22","SA-BRA-ODT-30X22-FRAME","FRAME","1","export"
"FIN-BRV-OTT-DKT-30X22-BO","FIN-BRV-OTT-DKT-30X22","SA-BRA-ODT-30X22-CUSH","CUSH","1","export"
"FIN-BRV-OTT-DKT-30X22-BR","FIN-BRV-OTT-DKT-30X22","SA-BRA-ODT-30X22-FRAME","FRAME","1","export"
"FIN-BRV-OTT-DKT-30X22-BR","FIN-BRV-OTT-DKT-30X22","SA-BRA-ODT-30X22-CUSH","CUSH","1","export"
"FIN-BRV-OTT-DKT-30X22-GR","FIN-BRV-OTT-DKT-30X22","SA-BRA-ODT-30X22-FRAME","FRAME","1","export"
"FIN-BRV-OTT-DKT-30X22-GR","FIN-BRV-OTT-DKT-30X22","SA-BRA-ODT-30X22-CUSH","CUSH","1","export"
"FIN-BRV-OTT-DKT-30X22-WH","FIN-BRV-OTT-DKT-30X22","SA-BRA-ODT-30X22-FRAME","FRAME","1","export"
"FIN-BRV-OTT-DKT-30X22-WH","FIN-BRV-OTT-DKT-30X22","SA-BRA-ODT-30X22-CUSH","CUSH","1","export"
"FIN-BRV-OTT-DKT-34X34","FIN-BRV-OTT-DKT-34X34","SA-BRA-ODT-34X34-FRAME","FRAME","1","export"
"FIN-BRV-OTT-DKT-34X34","FIN-BRV-OTT-DKT-34X34","SA-BRA-ODT-34X34-CUSH","CUSH","1","export"
"FIN-BRV-OTT-DKT-34X34-BE","FIN-BRV-OTT-DKT-34X34","SA-BRA-ODT-34X34-FRAME","FRAME","1","export"
"FIN-BRV-OTT-DKT-34X34-BE","FIN-BRV-OTT-DKT-34X34","SA-BRA-ODT-34X34-CUSH","CUSH","1","export"
"FIN-BRV-OTT-DKT-34X34-BO","FIN-BRV-OTT-DKT-34X34","SA-BRA-ODT-34X34-FRAME","FRAME","1","export"
"FIN-BRV-OTT-DKT-34X34-BO","FIN-BRV-OTT-DKT-34X34","SA-BRA-ODT-34X34-CUSH","CUSH","1","export"
"FIN-BRV-OTT-DKT-34X34-BR","FIN-BRV-OTT-DKT-34X34","SA-BRA-ODT-34X34-FRAME","FRAME","1","export"
"FIN-BRV-OTT-DKT-34X34-BR","FIN-BRV-OTT-DKT-34X34","SA-BRA-ODT-34X34-CUSH","CUSH","1","export"
"FIN-BRV-OTT-DKT-34X34-GR","FIN-BRV-OTT-DKT-34X34","SA-BRA-ODT-34X34-FRAME","FRAME","1","export"
"FIN-BRV-OTT-DKT-34X34-GR","FIN-BRV-OTT-DKT-34X34","SA-BRA-ODT-34X34-CUSH","CUSH","1","export"
"FIN-BRV-OTT-DKT-34X34-WH","FIN-BRV-OTT-DKT-34X34","SA-BRA-ODT-34X34-FRAME","FRAME","1","export"
"FIN-BRV-OTT-DKT-34X34-WH","FIN-BRV-OTT-DKT-34X34","SA-BRA-ODT-34X34-CUSH","CUSH","1","export"
"FIN-BRV-OTT-DKT-42X22","FIN-BRV-OTT-DKT-42X22","SA-BRA-ODT-42X22-FRAME","FRAME","1","export"
"FIN-BRV-OTT-DKT-42X22","FIN-BRV-OTT-DKT-42X22","SA-BRA-ODT-42X22-CUSH","CUSH","1","export"
"FIN-BRV-OTT-DKT-42X22-BE","FIN-BRV-OTT-DKT-42X22","SA-BRA-ODT-42X22-FRAME","FRAME","1","export"
"FIN-BRV-OTT-DKT-42X22-BE","FIN-BRV-OTT-DKT-42X22","SA-BRA-ODT-42X22-CUSH","CUSH","1","export"
"FIN-BRV-OTT-DKT-42X22-BO","FIN-BRV-OTT-DKT-42X22","SA-BRA-ODT-42X22-FRAME","FRAME","1","export"
"FIN-BRV-OTT-DKT-42X22-BO","FIN-BRV-OTT-DKT-42X22","SA-BRA-ODT-42X22-CUSH","CUSH","1","export"
"FIN-BRV-OTT-DKT-42X22-BR","FIN-BRV-OTT-DKT-42X22","SA-BRA-ODT-42X22-FRAME","FRAME","1","export"
"FIN-BRV-OTT-DKT-42X22-BR","FIN-BRV-OTT-DKT-42X22","SA-BRA-ODT-42X22-CUSH","CUSH","1","export"
"FIN-BRV-OTT-DKT-42X22-GR","FIN-BRV-OTT-DKT-42X22","SA-BRA-ODT-42X22-FRAME","FRAME","1","export"
"FIN-BRV-OTT-DKT-42X22-GR","FIN-BRV-OTT-DKT-42X22","SA-BRA-ODT-42X22-CUSH","CUSH","1","export"
"FIN-BRV-OTT-DKT-42X22-WH","FIN-BRV-OTT-DKT-42X22","SA-BRA-ODT-42X22-FRAME","FRAME","1","export"
"FIN-BRV-OTT-DKT-42X22-WH","FIN-BRV-OTT-DKT-42X22","SA-BRA-ODT-42X22-CUSH","CUSH","1","export"
"FIN-BRV-OTT-DKT-42X34","FIN-BRV-OTT-DKT-42X34","SA-BRA-ODT-42X34-FRAME","FRAME","1","export"
"FIN-BRV-OTT-DKT-42X34","FIN-BRV-OTT-DKT-42X34","SA-BRA-ODT-42X34-CUSH","CUSH","1","export"
"FIN-BRV-OTT-DKT-42X34-BE","FIN-BRV-OTT-DKT-42X34","SA-BRA-ODT-42X34-FRAME","FRAME","1","export"
"FIN-BRV-OTT-DKT-42X34-BE","FIN-BRV-OTT-DKT-42X34","SA-BRA-ODT-42X34-CUSH","CUSH","1","export"
"FIN-BRV-OTT-DKT-42X34-BO","FIN-BRV-OTT-DKT-42X34","SA-BRA-ODT-42X34-FRAME","FRAME","1","export"
"FIN-BRV-OTT-DKT-42X34-BO","FIN-BRV-OTT-DKT-42X34","SA-BRA-ODT-42X34-CUSH","CUSH","1","export"
"FIN-BRV-OTT-DKT-42X34-BR","FIN-BRV-OTT-DKT-42X34","SA-BRA-ODT-42X34-FRAME","FRAME","1","export"
"FIN-BRV-OTT-DKT-42X34-BR","FIN-BRV-OTT-DKT-42X34","SA-BRA-ODT-42X34-CUSH","CUSH","1","export"
"FIN-BRV-OTT-DKT-42X34-GR","FIN-BRV-OTT-DKT-42X34","SA-BRA-ODT-42X34-FRAME","FRAME","1","export"
"FIN-BRV-OTT-DKT-42X34-GR","FIN-BRV-OTT-DKT-42X34","SA-BRA-ODT-42X34-CUSH","CUSH","1","export"
"FIN-BRV-OTT-DKT-42X34-WH","FIN-BRV-OTT-DKT-42X34","SA-BRA-ODT-42X34-FRAME","FRAME","1","export"
"FIN-BRV-OTT-DKT-42X34-WH","FIN-BRV-OTT-DKT-42X34","SA-BRA-ODT-42X34-CUSH","CUSH","1","export"
"FIN-BRV-OTT-DKT-60X22","FIN-BRV-OTT-DKT-60X22","SA-BRA-ODT-60X22-FRAME","FRAME","1","export"
"FIN-BRV-OTT-DKT-60X22","FIN-BRV-OTT-DKT-60X22","SA-BRA-ODT-60X22-CUSH","CUSH","1","export"
"FIN-BRV-OTT-DKT-60X22-BE","FIN-BRV-OTT-DKT-60X22","SA-BRA-ODT-60X22-FRAME","FRAME","1","export"
"FIN-BRV-OTT-DKT-60X22-BE","FIN-BRV-OTT-DKT-60X22","SA-BRA-ODT-60X22-CUSH","CUSH","1","export"
"FIN-BRV-OTT-DKT-60X22-BO","FIN-BRV-OTT-DKT-60X22","SA-BRA-ODT-60X22-FRAME","FRAME","1","export"
"FIN-BRV-OTT-DKT-60X22-BO","FIN-BRV-OTT-DKT-60X22","SA-BRA-ODT-60X22-CUSH","CUSH","1","export"
"FIN-BRV-OTT-DKT-60X22-BR","FIN-BRV-OTT-DKT-60X22","SA-BRA-ODT-60X22-FRAME","FRAME","1","export"
"FIN-BRV-OTT-DKT-60X22-BR","FIN-BRV-OTT-DKT-60X22","SA-BRA-ODT-60X22-CUSH","CUSH","1","export"
"FIN-BRV-OTT-DKT-60X22-GR","FIN-BRV-OTT-DKT-60X22","SA-BRA-ODT-60X22-FRAME","FRAME","1","export"
"FIN-BRV-OTT-DKT-60X22-GR","FIN-BRV-OTT-DKT-60X22","SA-BRA-ODT-60X22-CUSH","CUSH","1","export"
"FIN-BRV-OTT-DKT-60X22-WH","FIN-BRV-OTT-DKT-60X22","SA-BRA-ODT-60X22-FRAME","FRAME","1","export"
"FIN-BRV-OTT-DKT-60X22-WH","FIN-BRV-OTT-DKT-60X22","SA-BRA-ODT-60X22-CUSH","CUSH","1","export"
"FIN-BRV-OTT-DKT-60X34","FIN-BRV-OTT-DKT-60X34","SA-BRA-ODT-60X34-FRAME","FRAME","1","export"
"FIN-BRV-OTT-DKT-60X34","FIN-BRV-OTT-DKT-60X34","SA-BRA-ODT-60X34-CUSH","CUSH","1","export"
"FIN-BRV-OTT-DKT-60X34-BE","FIN-BRV-OTT-DKT-60X34","SA-BRA-ODT-60X34-FRAME","FRAME","1","export"
"FIN-BRV-OTT-DKT-60X34-BE","FIN-BRV-OTT-DKT-60X34","SA-BRA-ODT-60X34-CUSH","CUSH","1","export"
"FIN-BRV-OTT-DKT-60X34-BO","FIN-BRV-OTT-DKT-60X34","SA-BRA-ODT-60X34-FRAME","FRAME","1","export"
"FIN-BRV-OTT-DKT-60X34-BO","FIN-BRV-OTT-DKT-60X34","SA-BRA-ODT-60X34-CUSH","CUSH","1","export"
"FIN-BRV-OTT-DKT-60X34-BR","FIN-BRV-OTT-DKT-60X34","SA-BRA-ODT-60X34-FRAME","FRAME","1","export"
"FIN-BRV-OTT-DKT-60X34-BR","FIN-BRV-OTT-DKT-60X34","SA-BRA-ODT-60X34-CUSH","CUSH","1","export"
"FIN-BRV-OTT-DKT-60X34-GR","FIN-BRV-OTT-DKT-60X34","SA-BRA-ODT-60X34-FRAME","FRAME","1","export"
"FIN-BRV-OTT-DKT-60X34-GR","FIN-BRV-OTT-DKT-60X34","SA-BRA-ODT-60X34-CUSH","CUSH","1","export"
"FIN-BRV-OTT-DKT-60X34-WH","FIN-BRV-OTT-DKT-60X34","SA-BRA-ODT-60X34-FRAME","FRAME","1","export"
"FIN-BRV-OTT-DKT-60X34-WH","FIN-BRV-OTT-DKT-60X34","SA-BRA-ODT-60X34-CUSH","CUSH","1","export"
"FIN-BRV-OTT-DKT-72X22","FIN-BRV-OTT-DKT-72X22","SA-BRA-ODT-72X22-FRAME","FRAME","1","export"
"FIN-BRV-OTT-DKT-72X22","FIN-BRV-OTT-DKT-72X22","SA-BRA-ODT-72X22-CUSH","CUSH","1","export"
"FIN-BRV-OTT-DKT-72X22-BE","FIN-BRV-OTT-DKT-72X22","SA-BRA-ODT-72X22-FRAME","FRAME","1","export"
"FIN-BRV-OTT-DKT-72X22-BE","FIN-BRV-OTT-DKT-72X22","SA-BRA-ODT-72X22-CUSH","CUSH","1","export"
"FIN-BRV-OTT-DKT-72X22-BO","FIN-BRV-OTT-DKT-72X22","SA-BRA-ODT-72X22-FRAME","FRAME","1","export"
"FIN-BRV-OTT-DKT-72X22-BO","FIN-BRV-OTT-DKT-72X22","SA-BRA-ODT-72X22-CUSH","CUSH","1","export"
"FIN-BRV-OTT-DKT-72X22-BR","FIN-BRV-OTT-DKT-72X22","SA-BRA-ODT-72X22-FRAME","FRAME","1","export"
"FIN-BRV-OTT-DKT-72X22-BR","FIN-BRV-OTT-DKT-72X22","SA-BRA-ODT-72X22-CUSH","CUSH","1","export"
"FIN-BRV-OTT-DKT-72X22-GR","FIN-BRV-OTT-DKT-72X22","SA-BRA-ODT-72X22-FRAME","FRAME","1","export"
"FIN-BRV-OTT-DKT-72X22-GR","FIN-BRV-OTT-DKT-72X22","SA-BRA-ODT-72X22-CUSH","CUSH","1","export"
"FIN-BRV-OTT-DKT-72X22-WH","FIN-BRV-OTT-DKT-72X22","SA-BRA-ODT-72X22-FRAME","FRAME","1","export"
"FIN-BRV-OTT-DKT-72X22-WH","FIN-BRV-OTT-DKT-72X22","SA-BRA-ODT-72X22-CUSH","CUSH","1","export"
"FIN-BRV-OTT-DKT-72X34","FIN-BRV-OTT-DKT-72X34","SA-BRA-ODT-72X34-FRAME","FRAME","1","export"
"FIN-BRV-OTT-DKT-72X34","FIN-BRV-OTT-DKT-72X34","SA-BRA-ODT-72X34-CUSH","CUSH","1","export"
"FIN-BRV-OTT-DKT-72X34-BE","FIN-BRV-OTT-DKT-72X34","SA-BRA-ODT-72X34-FRAME","FRAME","1","export"
"FIN-BRV-OTT-DKT-72X34-BE","FIN-BRV-OTT-DKT-72X34","SA-BRA-ODT-72X34-CUSH","CUSH","1","export"
"FIN-BRV-OTT-DKT-72X34-BO","FIN-BRV-OTT-DKT-72X34","SA-BRA-ODT-72X34-FRAME","FRAME","1","export"
"FIN-BRV-OTT-DKT-72X34-BO","FIN-BRV-OTT-DKT-72X34","SA-BRA-ODT-72X34-CUSH","CUSH","1","export"
"FIN-BRV-OTT-DKT-72X34-BR","FIN-BRV-OTT-DKT-72X34","SA-BRA-ODT-72X34-FRAME","FRAME","1","export"
"FIN-BRV-OTT-DKT-72X34-BR","FIN-BRV-OTT-DKT-72X34","SA-BRA-ODT-72X34-CUSH","CUSH","1","export"
"FIN-BRV-OTT-DKT-72X34-GR","FIN-BRV-OTT-DKT-72X34","SA-BRA-ODT-72X34-FRAME","FRAME","1","export"
"FIN-BRV-OTT-DKT-72X34-GR","FIN-BRV-OTT-DKT-72X34","SA-BRA-ODT-72X34-CUSH","CUSH","1","export"
"FIN-BRV-OTT-DKT-72X34-WH","FIN-BRV-OTT-DKT-72X34","SA-BRA-ODT-72X34-FRAME","FRAME","1","export"
"FIN-BRV-OTT-DKT-72X34-WH","FIN-BRV-OTT-DKT-72X34","SA-BRA-ODT-72X34-CUSH","CUSH","1","export"
"FIN-BRV-OVS-CHS-72X42","FIN-BRV-OVS-CHS-72X42","ASM-BRV-OVS-CHS-72X42-FRAME","FRAME","1","export"
"FIN-BRV-OVS-CHS-72X42","FIN-BRV-OVS-CHS-72X42","ASM-BRV-OVS-CHS-72X42-CUSH","CUSH","1","export"
"FIN-BRV-OVS-CHS-84X42","FIN-BRV-OVS-CHS-84X42","ASM-BRV-OVS-CHS-84X42-FRAME","FRAME","1","export"
"FIN-BRV-OVS-CHS-84X42","FIN-BRV-OVS-CHS-84X42","ASM-BRV-OVS-CHS-84X42-CUSH","CUSH","1","export"
"FIN-BRV-SGL-CHS-30X79","FIN-BRV-SGL-CHS-30X79","SA-BRA-CL-S-FRAME","FRAME","1","export"
"FIN-BRV-SGL-CHS-30X79","FIN-BRV-SGL-CHS-30X79","SA-BRA-CL-S-CUSH","CUSH","1","export"
"FIN-BRV-SGL-CHS-30X79-BE","FIN-BRV-SGL-CHS-30X79","SA-BRA-CL-S-FRAME","FRAME","1","export"
"FIN-BRV-SGL-CHS-30X79-BE","FIN-BRV-SGL-CHS-30X79","SA-BRA-CL-S-CUSH","CUSH","1","export"
"FIN-BRV-SGL-CHS-30X79-BO","FIN-BRV-SGL-CHS-30X79","SA-BRA-CL-S-FRAME","FRAME","1","export"
"FIN-BRV-SGL-CHS-30X79-BO","FIN-BRV-SGL-CHS-30X79","SA-BRA-CL-S-CUSH","CUSH","1","export"
"FIN-BRV-SGL-CHS-30X79-BR","FIN-BRV-SGL-CHS-30X79","SA-BRA-CL-S-FRAME","FRAME","1","export"
"FIN-BRV-SGL-CHS-30X79-BR","FIN-BRV-SGL-CHS-30X79","SA-BRA-CL-S-CUSH","CUSH","1","export"
"FIN-BRV-SGL-CHS-30X79-GR","FIN-BRV-SGL-CHS-30X79","SA-BRA-CL-S-FRAME","FRAME","1","export"
"FIN-BRV-SGL-CHS-30X79-GR","FIN-BRV-SGL-CHS-30X79","SA-BRA-CL-S-CUSH","CUSH","1","export"
"FIN-BRV-SGL-CHS-30X79-NOARM","FIN-BRV-SGL-CHS-30X79","SA-BRA-CL-S-A-FRAME","FRAME","1","export"
"FIN-BRV-SGL-CHS-30X79-NOARM","FIN-BRV-SGL-CHS-30X79","SA-BRA-CL-S-A-CUSH","CUSH","1","export"
"FIN-BRV-SGL-CHS-30X79-NOARM-BE","FIN-BRV-SGL-CHS-30X79","SA-BRA-CL-S-A-FRAME","FRAME","1","export"
"FIN-BRV-SGL-CHS-30X79-NOARM-BE","FIN-BRV-SGL-CHS-30X79","SA-BRA-CL-S-A-CUSH","CUSH","1","export"
"FIN-BRV-SGL-CHS-30X79-NOARM-BO","FIN-BRV-SGL-CHS-30X79","SA-BRA-CL-S-A-FRAME","FRAME","1","export"
"FIN-BRV-SGL-CHS-30X79-NOARM-BO","FIN-BRV-SGL-CHS-30X79","SA-BRA-CL-S-A-CUSH","CUSH","1","export"
"FIN-BRV-SGL-CHS-30X79-NOARM-BR","FIN-BRV-SGL-CHS-30X79","SA-BRA-CL-S-A-FRAME","FRAME","1","export"
"FIN-BRV-SGL-CHS-30X79-NOARM-BR","FIN-BRV-SGL-CHS-30X79","SA-BRA-CL-S-A-CUSH","CUSH","1","export"
"FIN-BRV-SGL-CHS-30X79-NOARM-GR","FIN-BRV-SGL-CHS-30X79","SA-BRA-CL-S-A-FRAME","FRAME","1","export"
"FIN-BRV-SGL-CHS-30X79-NOARM-GR","FIN-BRV-SGL-CHS-30X79","SA-BRA-CL-S-A-CUSH","CUSH","1","export"
"FIN-BRV-SGL-CHS-30X79-NOARM-WH","FIN-BRV-SGL-CHS-30X79","SA-BRA-CL-S-A-FRAME","FRAME","1","export"
"FIN-BRV-SGL-CHS-30X79-NOARM-WH","FIN-BRV-SGL-CHS-30X79","SA-BRA-CL-S-A-CUSH","CUSH","1","export"
"FIN-BRV-SGL-CHS-30X79-WH","FIN-BRV-SGL-CHS-30X79","SA-BRA-CL-S-FRAME","FRAME","1","export"
"FIN-BRV-SGL-CHS-30X79-WH","FIN-BRV-SGL-CHS-30X79","SA-BRA-CL-S-CUSH","CUSH","1","export"
"FIN-BRV-SID-TAB-20X20","FIN-BRV-SID-TAB-20X20","SA-BRA-ST-20X20-FRAME","FRAME","1","export"
"FIN-BRV-SID-TAB-20X20-BE","FIN-BRV-SID-TAB-20X20","SA-BRA-ST-20X20-FRAME","FRAME","1","export"
"FIN-BRV-SID-TAB-20X20-BO","FIN-BRV-SID-TAB-20X20","SA-BRA-ST-20X20-FRAME","FRAME","1","export"
"FIN-BRV-SID-TAB-20X20-BR","FIN-BRV-SID-TAB-20X20","SA-BRA-ST-20X20-FRAME","FRAME","1","export"
"FIN-BRV-SID-TAB-20X20-GR","FIN-BRV-SID-TAB-20X20","SA-BRA-ST-20X20-FRAME","FRAME","1","export"
"FIN-BRV-SID-TAB-20X20-WH","FIN-BRV-SID-TAB-20X20","SA-BRA-ST-20X20-FRAME","FRAME","1","export"
"FIN-BRV-SOF-72X34","FIN-BRV-SOF-72X34","SA-BRA-S-72-FRAME","FRAME","1","export"
"FIN-BRV-SOF-72X34","FIN-BRV-SOF-72X34","SA-BRA-S-72-CUSH","CUSH","1","export"
"FIN-BRV-SOF-72X34-BE","FIN-BRV-SOF-72X34","SA-BRA-S-72-FRAME","FRAME","1","export"
"FIN-BRV-SOF-72X34-BE","FIN-BRV-SOF-72X34","SA-BRA-S-72-CUSH","CUSH","1","export"
"FIN-BRV-SOF-72X34-BO","FIN-BRV-SOF-72X34","SA-BRA-S-72-FRAME","FRAME","1","export"
"FIN-BRV-SOF-72X34-BO","FIN-BRV-SOF-72X34","SA-BRA-S-72-CUSH","CUSH","1","export"
"FIN-BRV-SOF-72X34-BR","FIN-BRV-SOF-72X34","SA-BRA-S-72-FRAME","FRAME","1","export"
"FIN-BRV-SOF-72X34-BR","FIN-BRV-SOF-72X34","SA-BRA-S-72-CUSH","CUSH","1","export"
"FIN-BRV-SOF-72X34-GR","FIN-BRV-SOF-72X34","SA-BRA-S-72-FRAME","FRAME","1","export"
"FIN-BRV-SOF-72X34-GR","FIN-BRV-SOF-72X34","SA-BRA-S-72-CUSH","CUSH","1","export"
"FIN-BRV-SOF-72X34-WH","FIN-BRV-SOF-72X34","SA-BRA-S-72-FRAME","FRAME","1","export"
"FIN-BRV-SOF-72X34-WH","FIN-BRV-SOF-72X34","SA-BRA-S-72-CUSH","CUSH","1","export"
"FIN-BRV-SOF-84X34","FIN-BRV-SOF-84X34","SA-BRA-S-84-FRAME","FRAME","1","export"
"FIN-BRV-SOF-84X34","FIN-BRV-SOF-84X34","SA-BRA-S-84-CUSH","CUSH","1","export"
"FIN-BRV-SOF-84X34-BE","FIN-BRV-SOF-84X34","SA-BRA-S-84-FRAME","FRAME","1","export"
"FIN-BRV-SOF-84X34-BE","FIN-BRV-SOF-84X34","SA-BRA-S-84-CUSH","CUSH","1","export"
"FIN-BRV-SOF-84X34-BO","FIN-BRV-SOF-84X34","SA-BRA-S-84-FRAME","FRAME","1","export"
"FIN-BRV-SOF-84X34-BO","FIN-BRV-SOF-84X34","SA-BRA-S-84-CUSH","CUSH","1","export"
"FIN-BRV-SOF-84X34-BR","FIN-BRV-SOF-84X34","SA-BRA-S-84-FRAME","FRAME","1","export"
"FIN-BRV-SOF-84X34-BR","FIN-BRV-SOF-84X34","SA-BRA-S-84-CUSH","CUSH","1","export"
"FIN-BRV-SOF-84X34-GR","FIN-BRV-SOF-84X34","SA-BRA-S-84-FRAME","FRAME","1","export"
"FIN-BRV-SOF-84X34-GR","FIN-BRV-SOF-84X34","SA-BRA-S-84-CUSH","CUSH","1","export"
"FIN-BRV-SOF-84X34-WH","FIN-BRV-SOF-84X34","SA-BRA-S-84-FRAME","FRAME","1","export"
"FIN-BRV-SOF-84X34-WH","FIN-BRV-SOF-84X34","SA-BRA-S-84-CUSH","CUSH","1","export"
"FIN-BRV-SOF-96X34","FIN-BRV-SOF-96X34","SA-BRA-S-96-FRAME","FRAME","1","export"
"FIN-BRV-SOF-96X34","FIN-BRV-SOF-96X34","SA-BRA-S-96-CUSH","CUSH","1","export"
"FIN-BRV-SOF-96X34-BE","FIN-BRV-SOF-96X34","SA-BRA-S-96-FRAME","FRAME","1","export"
"FIN-BRV-SOF-96X34-BE","FIN-BRV-SOF-96X34","SA-BRA-S-96-CUSH","CUSH","1","export"
"FIN-BRV-SOF-96X34-BO","FIN-BRV-SOF-96X34","SA-BRA-S-96-FRAME","FRAME","1","export"
"FIN-BRV-SOF-96X34-BO","FIN-BRV-SOF-96X34","SA-BRA-S-96-CUSH","CUSH","1","export"
"FIN-BRV-SOF-96X34-BR","FIN-BRV-SOF-96X34","SA-BRA-S-96-FRAME","FRAME","1","export"
"FIN-BRV-SOF-96X34-BR","FIN-BRV-SOF-96X34","SA-BRA-S-96-CUSH","CUSH","1","export"
"FIN-BRV-SOF-96X34-GR","FIN-BRV-SOF-96X34","SA-BRA-S-96-FRAME","FRAME","1","export"
"FIN-BRV-SOF-96X34-GR","FIN-BRV-SOF-96X34","SA-BRA-S-96-CUSH","CUSH","1","export"
"FIN-BRV-SOF-96X34-WH","FIN-BRV-SOF-96X34","SA-BRA-S-96-FRAME","FRAME","1","export"
"FIN-BRV-SOF-96X34-WH","FIN-BRV-SOF-96X34","SA-BRA-S-96-CUSH","CUSH","1","export"
"FIN-BRV-SWG-66X42","FIN-BRV-SWG-66X42","","","","no_live_children"
"FIN-BRV-SWG-66X42-SWINGFRAME","FIN-BRV-SWG-66X42","","","","no_live_children"
"FIN-BRV-SWG-72X12","FIN-BRV-SWG-72X12","","","","no_live_children"
"FIN-BRV-SWG-72X42","FIN-BRV-SWG-72X42","","","","no_live_children"
"FIN-BRV-SWG-72X42-SWINGFRAME","FIN-BRV-SWG-72X42","","","","no_live_children"
"FIN-BRV-SWG-72X42-SWINGFRAME2","FIN-BRV-SWG-72X42","","","","no_live_children"
"FIN-BRV-SWG-84","FIN-BRV-SWG-84","","","","no_live_children"
"FIN-BRV-SWG-84X42","FIN-BRV-SWG-84X42","","","","no_live_children"
"FIN-BRV-SWG-96X32","FIN-BRV-SWG-96X32","","","","no_live_children"
"FIN-BRV-SWV-CHA","FIN-BRV-SWV-CHA","ASM-BRV-SWV-CHA-FRAME","FRAME","1","export"
"FIN-BRV-SWV-CHA","FIN-BRV-SWV-CHA","ASM-BRV-SWV-CHA-CUSH","CUSH","1","export"
"FIN-BRV-SWV-CHA-34X34","FIN-BRV-SWV-CHA-34X34","SA-BRA-SC-FRAME","FRAME","1","export"
"FIN-BRV-SWV-CHA-34X34","FIN-BRV-SWV-CHA-34X34","SA-BRA-SC-CUSH","CUSH","1","export"
"FIN-BRV-SWV-CHA-BE","FIN-BRV-SWV-CHA-BE","SA-BRA-SC-FRAME","FRAME","1","export"
"FIN-BRV-SWV-CHA-BE","FIN-BRV-SWV-CHA-BE","SA-BRA-SC-CUSH","CUSH","1","export"
"FIN-BRV-SWV-CHA-BO","FIN-BRV-SWV-CHA-BO","SA-BRA-SC-FRAME","FRAME","1","export"
"FIN-BRV-SWV-CHA-BO","FIN-BRV-SWV-CHA-BO","SA-BRA-SC-CUSH","CUSH","1","export"
"FIN-BRV-SWV-CHA-BR","FIN-BRV-SWV-CHA-BR","SA-BRA-SC-FRAME","FRAME","1","export"
"FIN-BRV-SWV-CHA-BR","FIN-BRV-SWV-CHA-BR","SA-BRA-SC-CUSH","CUSH","1","export"
"FIN-BRV-SWV-CHA-GR","FIN-BRV-SWV-CHA-GR","SA-BRA-SC-FRAME","FRAME","1","export"
"FIN-BRV-SWV-CHA-GR","FIN-BRV-SWV-CHA-GR","SA-BRA-SC-CUSH","CUSH","1","export"
"FIN-BRV-SWV-CHA-WH","FIN-BRV-SWV-CHA-WH","SA-BRA-SC-FRAME","FRAME","1","export"
"FIN-BRV-SWV-CHA-WH","FIN-BRV-SWV-CHA-WH","SA-BRA-SC-CUSH","CUSH","1","export"
"FIN-CAB-DYB-84X84","FIN-CAB-DYB-84X84","ASM-CAB-DYB-84X84-FRAME","FRAME","1","export"
"FIN-CAB-DYB-84X84","FIN-CAB-DYB-84X84","ASM-CAB-DYB-84X84-CUSH","CUSH","1","export"
"FIN-CAB-MIS","FIN-CAB-MIS","","","","no_live_children"
"FIN-CAB-MIS-10X10","FIN-CAB-MIS-10X10","ASM-CAB-MIS-10X10-FRAME","FRAME","1","export"
"FIN-CAB-MIS-10X10","FIN-CAB-MIS-10X10","ASM-CAB-MIS-10X10-CUSH","CUSH","1","export"
"FIN-CAB-MIS-12X24","FIN-CAB-MIS-12X24","","","","no_live_children"
"FIN-CAB-MIS-17X17","FIN-CAB-MIS-17X17","","","","no_live_children"
"FIN-CAB-MIS-23X23","FIN-CAB-MIS-23X23","","","","no_live_children"
"FIN-CAN-UMB","FIN-CAN-UMB","","","","no_live_children"
"FIN-CUS-OTT-22X72","FIN-CUS-OTT-22X72","ASM-CUS-OTT-22X72-FRAME","FRAME","1","export"
"FIN-CUS-OTT-22X72","FIN-CUS-OTT-22X72","ASM-CUS-OTT-22X72-CUSH","CUSH","1","export"
"FIN-CUS-OTT-23X82","FIN-CUS-OTT-23X82","ASM-CUS-OTT-23X82-FRAME","FRAME","1","export"
"FIN-CUS-OTT-23X82","FIN-CUS-OTT-23X82","ASM-CUS-OTT-23X82-CUSH","CUSH","1","export"
"FIN-CUS-OTT-72X22","FIN-CUS-OTT-72X22","ASM-CUS-OTT-72X22-FRAME","FRAME","1","export"
"FIN-CUS-OTT-72X22","FIN-CUS-OTT-72X22","ASM-CUS-OTT-72X22-CUSH","CUSH","1","export"
"FIN-CUS-OTT-82X23","FIN-CUS-OTT-82X23","ASM-CUS-OTT-82X23-FRAME","FRAME","1","export"
"FIN-CUS-OTT-82X23","FIN-CUS-OTT-82X23","ASM-CUS-OTT-82X23-CUSH","CUSH","1","export"
"FIN-DAI-BAR-TAB-120X42","FIN-DAI-BAR-TAB-120X42","ASM-DAI-BAR-TAB-120X42-FRAME","FRAME","1","export"
"FIN-DAI-BAR-TAB-120X56","FIN-DAI-BAR-TAB-120X56","ASM-DAI-BAR-TAB-120X56-FRAME","FRAME","1","export"
"FIN-DAI-BAR-TAB-42X120","FIN-DAI-BAR-TAB-42X120","ASM-DAI-BAR-TAB-42X120-FRAME","FRAME","1","export"
"FIN-DAI-BAR-TAB-42X72","FIN-DAI-BAR-TAB-42X72","ASM-DAI-BAR-TAB-42X72-FRAME","FRAME","1","export"
"FIN-DAI-BAR-TAB-42X96","FIN-DAI-BAR-TAB-42X96","ASM-DAI-BAR-TAB-42X96-FRAME","FRAME","1","export"
"FIN-DAI-BAR-TAB-56X120","FIN-DAI-BAR-TAB-56X120","ASM-DAI-BAR-TAB-56X120-FRAME","FRAME","1","export"
"FIN-DAI-BAR-TAB-56X56","FIN-DAI-BAR-TAB-56X56","ASM-DAI-BAR-TAB-56X56-FRAME","FRAME","1","export"
"FIN-DAI-BAR-TAB-56X72","FIN-DAI-BAR-TAB-56X72","ASM-DAI-BAR-TAB-56X72-FRAME","FRAME","1","export"
"FIN-DAI-BAR-TAB-56X96","FIN-DAI-BAR-TAB-56X96","ASM-DAI-BAR-TAB-56X96-FRAME","FRAME","1","export"
"FIN-DAI-BAR-TAB-72X42","FIN-DAI-BAR-TAB-72X42","ASM-DAI-BAR-TAB-72X42-FRAME","FRAME","1","export"
"FIN-DAI-BAR-TAB-72X56","FIN-DAI-BAR-TAB-72X56","ASM-DAI-BAR-TAB-72X56-FRAME","FRAME","1","export"
"FIN-DAI-BAR-TAB-96X42","FIN-DAI-BAR-TAB-96X42","ASM-DAI-BAR-TAB-96X42-FRAME","FRAME","1","export"
"FIN-DAI-BAR-TAB-96X56","FIN-DAI-BAR-TAB-96X56","ASM-DAI-BAR-TAB-96X56-FRAME","FRAME","1","export"
"FIN-DAI-CNT-TAB-120X42","FIN-DAI-CNT-TAB-120X42","ASM-DAI-CNT-TAB-120X42-FRAME","FRAME","1","export"
"FIN-DAI-CNT-TAB-120X56","FIN-DAI-CNT-TAB-120X56","ASM-DAI-CNT-TAB-120X56-FRAME","FRAME","1","export"
"FIN-DAI-CNT-TAB-42X120","FIN-DAI-CNT-TAB-42X120","ASM-DAI-CNT-TAB-42X120-FRAME","FRAME","1","export"
"FIN-DAI-CNT-TAB-42X72","FIN-DAI-CNT-TAB-42X72","ASM-DAI-CNT-TAB-42X72-FRAME","FRAME","1","export"
"FIN-DAI-CNT-TAB-42X96","FIN-DAI-CNT-TAB-42X96","ASM-DAI-CNT-TAB-42X96-FRAME","FRAME","1","export"
"FIN-DAI-CNT-TAB-56X120","FIN-DAI-CNT-TAB-56X120","ASM-DAI-CNT-TAB-56X120-FRAME","FRAME","1","export"
"FIN-DAI-CNT-TAB-56X56","FIN-DAI-CNT-TAB-56X56","ASM-DAI-CNT-TAB-56X56-FRAME","FRAME","1","export"
"FIN-DAI-CNT-TAB-56X72","FIN-DAI-CNT-TAB-56X72","ASM-DAI-CNT-TAB-56X72-FRAME","FRAME","1","export"
"FIN-DAI-CNT-TAB-56X96","FIN-DAI-CNT-TAB-56X96","ASM-DAI-CNT-TAB-56X96-FRAME","FRAME","1","export"
"FIN-DAI-CNT-TAB-72X42","FIN-DAI-CNT-TAB-72X42","ASM-DAI-CNT-TAB-72X42-FRAME","FRAME","1","export"
"FIN-DAI-CNT-TAB-72X56","FIN-DAI-CNT-TAB-72X56","ASM-DAI-CNT-TAB-72X56-FRAME","FRAME","1","export"
"FIN-DAI-CNT-TAB-96X42","FIN-DAI-CNT-TAB-96X42","ASM-DAI-CNT-TAB-96X42-FRAME","FRAME","1","export"
"FIN-DAI-CNT-TAB-96X56","FIN-DAI-CNT-TAB-96X56","ASM-DAI-CNT-TAB-96X56-FRAME","FRAME","1","export"
"FIN-DAI-DIN-TAB-120X42","FIN-DAI-DIN-TAB-120X42","ASM-DAI-DIN-TAB-120X42-FRAME","FRAME","1","export"
"FIN-DAI-DIN-TAB-120X56","FIN-DAI-DIN-TAB-120X56","ASM-DAI-DIN-TAB-120X56-FRAME","FRAME","1","export"
"FIN-DAI-DIN-TAB-42X30","FIN-DAI-DIN-TAB-42X30","ASM-DAI-DIN-TAB-42X30-FRAME","FRAME","1","export"
"FIN-DAI-DIN-TAB-42X42","FIN-DAI-DIN-TAB-42X42","ASM-DAI-DIN-TAB-42X42-FRAME","FRAME","1","export"
"FIN-DAI-DIN-TAB-56X30","FIN-DAI-DIN-TAB-56X30","ASM-DAI-DIN-TAB-56X30-FRAME","FRAME","1","export"
"FIN-DAI-DIN-TAB-56X56","FIN-DAI-DIN-TAB-56X56","ASM-DAI-DIN-TAB-56X56-FRAME","FRAME","1","export"
"FIN-DAI-DIN-TAB-56X72","FIN-DAI-DIN-TAB-56X72","ASM-DAI-DIN-TAB-56X72-FRAME","FRAME","1","export"
"FIN-DAI-DIN-TAB-56X96","FIN-DAI-DIN-TAB-56X96","ASM-DAI-DIN-TAB-56X96-FRAME","FRAME","1","export"
"FIN-DAI-DIN-TAB-72X42","FIN-DAI-DIN-TAB-72X42","ASM-DAI-DIN-TAB-72X42-FRAME","FRAME","1","export"
"FIN-DAI-DIN-TAB-72X56","FIN-DAI-DIN-TAB-72X56","ASM-DAI-DIN-TAB-72X56-FRAME","FRAME","1","export"
"FIN-DAI-DIN-TAB-96X42","FIN-DAI-DIN-TAB-96X42","ASM-DAI-DIN-TAB-96X42-FRAME","FRAME","1","export"
"FIN-DAI-DIN-TAB-96X56","FIN-DAI-DIN-TAB-96X56","ASM-DAI-DIN-TAB-96X56-FRAME","FRAME","1","export"
"FIN-DAI-FIR-TAB-42X42","FIN-DAI-FIR-TAB-42X42","ASM-DAI-FIR-TAB-42X42-FRAME","FRAME","1","export"
"FIN-DAI-FIR-TAB-56X42","FIN-DAI-FIR-TAB-56X42","ASM-DAI-FIR-TAB-56X42-FRAME","FRAME","1","export"
"FIN-DAI-FIR-TAB-84X56","FIN-DAI-FIR-TAB-84X56","ASM-DAI-FIR-TAB-84X56-FRAME","FRAME","1","export"
"FIN-DAI-FIR-TAB-96X56","FIN-DAI-FIR-TAB-96X56","ASM-DAI-FIR-TAB-96X56-FRAME","FRAME","1","export"
"FIN-DAI-TAB-108X56","FIN-DAI-TAB-108X56","ASM-DAI-TAB-108X56-FRAME","FRAME","1","export"
"FIN-DAI-TAB-72X42","FIN-DAI-TAB-72X42","ASM-DAI-TAB-72X42-FRAME","FRAME","1","export"
"FIN-DAI-TAB-72X42-BE","FIN-DAI-TAB-72X42","ASM-DAI-TAB-72X42-FRAME","FRAME","1","export"
"FIN-DAI-TAB-72X42-BO","FIN-DAI-TAB-72X42","ASM-DAI-TAB-72X42-FRAME","FRAME","1","export"
"FIN-DAI-TAB-72X42-BR","FIN-DAI-TAB-72X42","ASM-DAI-TAB-72X42-FRAME","FRAME","1","export"
"FIN-DAI-TAB-72X42-GR","FIN-DAI-TAB-72X42","ASM-DAI-TAB-72X42-FRAME","FRAME","1","export"
"FIN-DAI-TAB-72X42-WH","FIN-DAI-TAB-72X42","ASM-DAI-TAB-72X42-FRAME","FRAME","1","export"
"FIN-ESY-CHS","FIN-ESY-CHS","ASM-ESY-CHS-FRAME","FRAME","1","export"
"FIN-ESY-CHS","FIN-ESY-CHS","ASM-ESY-CHS-CUSH","CUSH","1","export"
"FIN-ESY-MIS","FIN-ESY-MIS","","","","no_live_children"
"FIN-ESY-MIS-ADDIRONWOOD","FIN-ESY-MIS-ADDIRONWOOD","","","","no_live_children"
"FIN-ESY-MIS-TWINBASE","FIN-ESY-MIS-TWINBASE","","","","no_live_children"
"FIN-ESY-MIS-UNFABRICATEDDE","FIN-ESY-MIS-UNFABRICATEDDE","","","","no_live_children"
"FIN-ESY-MIS-WEATHERPROOFCO","FIN-ESY-MIS-WEATHERPROOFCO","","","","no_live_children"
"FIN-ESY-MIS-ZENBASE","FIN-ESY-MIS-ZENBASE","","","","no_live_children"
"FIN-ESY-MIS-ZENCOVER","FIN-ESY-MIS-ZENCOVER","","","","no_live_children"
"FIN-ESY-MIS-ZENSHADE","FIN-ESY-MIS-ZENSHADE","","","","no_live_children"
"FIN-ESY-MIS-ZENSHADE2","FIN-ESY-MIS-ZENSHADE2","","","","no_live_children"
"FIN-ESY-MIS-ZENTWIN","FIN-ESY-MIS-ZENTWIN","","","","no_live_children"
"FIN-FLY-BCH-42X18","FIN-FLY-BCH-42X18","ASM-FLY-BCH-42X18-FRAME","FRAME","1","export"
"FIN-FLY-BCH-42X18","FIN-FLY-BCH-42X18","ASM-FLY-BCH-42X18-CUSH","CUSH","1","export"
"FIN-FLY-DIN-CHA-18X18","FIN-FLY-DIN-CHA-18X18","ASM-FLY-DIN-CHA-18X18-FRAME","FRAME","1","export"
"FIN-FLY-DIN-CHA-18X18","FIN-FLY-DIN-CHA-18X18","ASM-FLY-DIN-CHA-18X18-CUSH","CUSH","1","export"
"FIN-FLY-FLY-BST-18X18","FIN-FLY-FLY-BST-18X18","ASM-FLY-FLY-BST-18X18-FRAME","FRAME","1","export"
"FIN-FLY-FLY-BST-18X18","FIN-FLY-FLY-BST-18X18","ASM-FLY-FLY-BST-18X18-CUSH","CUSH","1","export"
"FIN-FLY-LEG-BAR-COU-HEI","FIN-FLY-LEG-BAR-COU-HEI","ASM-FLY-LEG-BAR-COU-HEI-FRAME","FRAME","1","export"
"FIN-FLY-LEG-BAR-COU-HEI","FIN-FLY-LEG-BAR-COU-HEI","ASM-FLY-LEG-BAR-COU-HEI-CUSH","CUSH","1","export"
"FIN-FLY-LEG-BEN-COU-HEI-42","FIN-FLY-LEG-BEN-COU-HEI-42","ASM-FLY-LEG-BEN-COU-HEI-42-FRAME","FRAME","1","export"
"FIN-FLY-LEG-BEN-COU-HEI-42","FIN-FLY-LEG-BEN-COU-HEI-42","ASM-FLY-LEG-BEN-COU-HEI-42-CUSH","CUSH","1","export"
"FIN-FLY-LEG-BEN-DIN-HEI-42","FIN-FLY-LEG-BEN-DIN-HEI-42","ASM-FLY-LEG-BEN-DIN-HEI-42-FRAME","FRAME","1","export"
"FIN-FLY-LEG-BEN-DIN-HEI-42","FIN-FLY-LEG-BEN-DIN-HEI-42","ASM-FLY-LEG-BEN-DIN-HEI-42-CUSH","CUSH","1","export"
"FIN-FLY-TAB-38X8","FIN-FLY-TAB-38X8","ASM-FLY-TAB-38X8-FRAME","FRAME","1","export"
"FIN-FLY-TAB-60X12","FIN-FLY-TAB-60X12","ASM-FLY-TAB-60X12-FRAME","FRAME","1","export"
"FIN-FLY-TAB-72X12","FIN-FLY-TAB-72X12","ASM-FLY-TAB-72X12-FRAME","FRAME","1","export"
"FIN-FLY-TAB-84X12","FIN-FLY-TAB-84X12","ASM-FLY-TAB-84X12-FRAME","FRAME","1","export"
"FIN-FLY-TAB-96X12","FIN-FLY-TAB-96X12","ASM-FLY-TAB-96X12-FRAME","FRAME","1","export"
"FIN-HAL-BAC-BAR-BAR-HEI","FIN-HAL-BAC-BAR-BAR-HEI","ASM-HAL-BAC-BAR-BAR-HEI-FRAME","FRAME","1","export"
"FIN-HAL-BAC-BAR-BAR-HEI","FIN-HAL-BAC-BAR-BAR-HEI","ASM-HAL-BAC-BAR-BAR-HEI-CUSH","CUSH","1","export"
"FIN-KIN-MIS","FIN-KIN-MIS","","","","no_live_children"
"FIN-KIN-MIS-KINDLELIVING","FIN-KIN-MIS-KINDLELIVING","","","","no_live_children"
"FIN-LED-CHA","FIN-LED-CHA","ASM-LED-CHA-FRAME","FRAME","1","export"
"FIN-LED-CHA","FIN-LED-CHA","ASM-LED-CHA-CUSH","CUSH","1","export"
"FIN-LED-SID-TAB","FIN-LED-SID-TAB","ASM-LED-SID-TAB-FRAME","FRAME","1","export"
"FIN-MIS-DIN-BCH-72X22","FIN-MIS-DIN-BCH-72X22","ASM-MIS-DIN-BCH-72X22-FRAME","FRAME","1","export"
"FIN-MIS-DIN-BCH-72X22","FIN-MIS-DIN-BCH-72X22","ASM-MIS-DIN-BCH-72X22-CUSH","CUSH","1","export"
"FIN-MIS-DIN-BCH-96X22","FIN-MIS-DIN-BCH-96X22","ASM-MIS-DIN-BCH-96X22-FRAME","FRAME","1","export"
"FIN-MIS-DIN-BCH-96X22","FIN-MIS-DIN-BCH-96X22","ASM-MIS-DIN-BCH-96X22-CUSH","CUSH","1","export"
"FIN-MIS-DIN-CHA-17X21","FIN-MIS-DIN-CHA-17X21","ASM-MIS-DIN-CHA-17X21-FRAME","FRAME","1","export"
"FIN-MIS-DIN-CHA-17X21","FIN-MIS-DIN-CHA-17X21","ASM-MIS-DIN-CHA-17X21-CUSH","CUSH","1","export"
"FIN-MIS-FIR-TAB-42X42","FIN-MIS-FIR-TAB-42X42","ASM-MIS-FIR-TAB-42X42-FRAME","FRAME","1","export"
"FIN-MIS-FLY-BST-17X21","FIN-MIS-FLY-BST-17X21","ASM-MIS-FLY-BST-17X21-FRAME","FRAME","1","export"
"FIN-MIS-FLY-BST-17X21","FIN-MIS-FLY-BST-17X21","ASM-MIS-FLY-BST-17X21-CUSH","CUSH","1","export"
"FIN-MIS-OTT-22X22","FIN-MIS-OTT-22X22","ASM-MIS-OTT-22X22-FRAME","FRAME","1","export"
"FIN-MIS-OTT-22X22","FIN-MIS-OTT-22X22","ASM-MIS-OTT-22X22-CUSH","CUSH","1","export"
"FIN-MIS-SID-TAB-13X30","FIN-MIS-SID-TAB-13X30","ASM-MIS-SID-TAB-13X30-FRAME","FRAME","1","export"
"FIN-MIS-TAB-13X30","FIN-MIS-TAB-13X30","ASM-MIS-TAB-13X30-FRAME","FRAME","1","export"
"FIN-MLN-CLB-CHA-32X36","FIN-MLN-CLB-CHA-32X36","ASM-MLN-CLB-CHA-32X36-FRAME","FRAME","1","export"
"FIN-MLN-CLB-CHA-32X36","FIN-MLN-CLB-CHA-32X36","ASM-MLN-CLB-CHA-32X36-CUSH","CUSH","1","export"
"FIN-MLN-MIS","FIN-MLN-MIS","","","","no_live_children"
"FIN-MLN-OTT-22X60","FIN-MLN-OTT-22X60","ASM-MLN-OTT-22X60-FRAME","FRAME","1","export"
"FIN-MLN-OTT-22X60","FIN-MLN-OTT-22X60","ASM-MLN-OTT-22X60-CUSH","CUSH","1","export"
"FIN-MLN-OTT-22X72","FIN-MLN-OTT-22X72","ASM-MLN-OTT-22X72-FRAME","FRAME","1","export"
"FIN-MLN-OTT-22X72","FIN-MLN-OTT-22X72","ASM-MLN-OTT-22X72-CUSH","CUSH","1","export"
"FIN-MLN-OTT-34X34","FIN-MLN-OTT-34X34","ASM-MLN-OTT-34X34-FRAME","FRAME","1","export"
"FIN-MLN-OTT-34X34","FIN-MLN-OTT-34X34","ASM-MLN-OTT-34X34-CUSH","CUSH","1","export"
"FIN-MLN-OTT-34X42","FIN-MLN-OTT-34X42","ASM-MLN-OTT-34X42-FRAME","FRAME","1","export"
"FIN-MLN-OTT-34X42","FIN-MLN-OTT-34X42","ASM-MLN-OTT-34X42-CUSH","CUSH","1","export"
"FIN-MLN-OTT-34X60","FIN-MLN-OTT-34X60","ASM-MLN-OTT-34X60-FRAME","FRAME","1","export"
"FIN-MLN-OTT-34X60","FIN-MLN-OTT-34X60","ASM-MLN-OTT-34X60-CUSH","CUSH","1","export"
"FIN-MLN-OTT-34X72","FIN-MLN-OTT-34X72","ASM-MLN-OTT-34X72-FRAME","FRAME","1","export"
"FIN-MLN-OTT-34X72","FIN-MLN-OTT-34X72","ASM-MLN-OTT-34X72-CUSH","CUSH","1","export"
"FIN-MLN-OTT-56X42","FIN-MLN-OTT-56X42","ASM-MLN-OTT-56X42-FRAME","FRAME","1","export"
"FIN-MLN-OTT-56X42","FIN-MLN-OTT-56X42","ASM-MLN-OTT-56X42-CUSH","CUSH","1","export"
"FIN-MLN-SOF","FIN-MLN-SOF","","","","no_live_children"
"FIN-MLN-SOF-60X62","FIN-MLN-SOF-60X62","ASM-MLN-SOF-60X62-FRAME","FRAME","1","export"
"FIN-MLN-SOF-60X62","FIN-MLN-SOF-60X62","ASM-MLN-SOF-60X62-CUSH","CUSH","1","export"
"FIN-MLN-SOF-62X42","FIN-MLN-SOF-62X42","ASM-MLN-SOF-62X42-FRAME","FRAME","1","export"
"FIN-MLN-SOF-62X42","FIN-MLN-SOF-62X42","ASM-MLN-SOF-62X42-CUSH","CUSH","1","export"
"FIN-MLN-SOF-72X36","FIN-MLN-SOF-72X36","ASM-MLN-SOF-72X36-FRAME","FRAME","1","export"
"FIN-MLN-SOF-72X36","FIN-MLN-SOF-72X36","ASM-MLN-SOF-72X36-CUSH","CUSH","1","export"
"FIN-MLN-SOF-84X36","FIN-MLN-SOF-84X36","ASM-MLN-SOF-84X36-FRAME","FRAME","1","export"
"FIN-MLN-SOF-84X36","FIN-MLN-SOF-84X36","ASM-MLN-SOF-84X36-CUSH","CUSH","1","export"
"FIN-MLN-SOF-96X36","FIN-MLN-SOF-96X36","ASM-MLN-SOF-96X36-FRAME","FRAME","1","export"
"FIN-MLN-SOF-96X36","FIN-MLN-SOF-96X36","ASM-MLN-SOF-96X36-CUSH","CUSH","1","export"
"FIN-MLN-TAB-56X14","FIN-MLN-TAB-56X14","ASM-MLN-TAB-56X14-FRAME","FRAME","1","export"
"FIN-MLN-UMB","FIN-MLN-UMB","","","","no_live_children"
"FIN-MLN-UMB-CANTILEVERUMBR","FIN-MLN-UMB-CANTILEVERUMBR","","","","no_live_children"
"FIN-MLN-UMB-MARINAUMBRELLA","FIN-MLN-UMB-MARINAUMBRELLA","","","","no_live_children"
"FIN-MLN-UMB-MARINAUMBRELLA2","FIN-MLN-UMB-MARINAUMBRELLA2","","","","no_live_children"
"FIN-OCC-TAB-56X14","FIN-OCC-TAB-56X14","ASM-OCC-TAB-56X14-FRAME","FRAME","1","export"
"FIN-OCN-CLB-CHA-34X38","FIN-OCN-CLB-CHA-34X38","SA-OCE-CC-FRAME","FRAME","1","export"
"FIN-OCN-CLB-CHA-34X38","FIN-OCN-CLB-CHA-34X38","SA-OCE-CC-CUSH","CUSH","1","export"
"FIN-OCN-CLB-CHA-34X38-BE-N","FIN-OCN-CLB-CHA-34X38","SA-OCE-CC-FRAME","FRAME","1","export"
"FIN-OCN-CLB-CHA-34X38-BE-N","FIN-OCN-CLB-CHA-34X38","SA-OCE-CC-CUSH","CUSH","1","export"
"FIN-OCN-CLB-CHA-34X38-BE-Y","FIN-OCN-CLB-CHA-34X38","SA-OCE-CC-FRAME","FRAME","1","export"
"FIN-OCN-CLB-CHA-34X38-BE-Y","FIN-OCN-CLB-CHA-34X38","SA-OCE-CC-CUSH","CUSH","1","export"
"FIN-OCN-CLB-CHA-34X38-BL-Y","FIN-OCN-CLB-CHA-34X38","SA-OCE-CC-FRAME","FRAME","1","export"
"FIN-OCN-CLB-CHA-34X38-BL-Y","FIN-OCN-CLB-CHA-34X38","SA-OCE-CC-CUSH","CUSH","1","export"
"FIN-OCN-CLB-CHA-34X38-BO-N","FIN-OCN-CLB-CHA-34X38","SA-OCE-CC-FRAME","FRAME","1","export"
"FIN-OCN-CLB-CHA-34X38-BO-N","FIN-OCN-CLB-CHA-34X38","SA-OCE-CC-CUSH","CUSH","1","export"
"FIN-OCN-CLB-CHA-34X38-BO-Y","FIN-OCN-CLB-CHA-34X38","SA-OCE-CC-FRAME","FRAME","1","export"
"FIN-OCN-CLB-CHA-34X38-BO-Y","FIN-OCN-CLB-CHA-34X38","SA-OCE-CC-CUSH","CUSH","1","export"
"FIN-OCN-CLB-CHA-34X38-BR-N","FIN-OCN-CLB-CHA-34X38","SA-OCE-CC-FRAME","FRAME","1","export"
"FIN-OCN-CLB-CHA-34X38-BR-N","FIN-OCN-CLB-CHA-34X38","SA-OCE-CC-CUSH","CUSH","1","export"
"FIN-OCN-CLB-CHA-34X38-BR-Y","FIN-OCN-CLB-CHA-34X38","SA-OCE-CC-FRAME","FRAME","1","export"
"FIN-OCN-CLB-CHA-34X38-BR-Y","FIN-OCN-CLB-CHA-34X38","SA-OCE-CC-CUSH","CUSH","1","export"
"FIN-OCN-CLB-CHA-34X38-GR-N","FIN-OCN-CLB-CHA-34X38","SA-OCE-CC-FRAME","FRAME","1","export"
"FIN-OCN-CLB-CHA-34X38-GR-N","FIN-OCN-CLB-CHA-34X38","SA-OCE-CC-CUSH","CUSH","1","export"
"FIN-OCN-CLB-CHA-34X38-GR-Y","FIN-OCN-CLB-CHA-34X38","SA-OCE-CC-FRAME","FRAME","1","export"
"FIN-OCN-CLB-CHA-34X38-GR-Y","FIN-OCN-CLB-CHA-34X38","SA-OCE-CC-CUSH","CUSH","1","export"
"FIN-OCN-CLB-CHA-34X38-WH-N","FIN-OCN-CLB-CHA-34X38","SA-OCE-CC-FRAME","FRAME","1","export"
"FIN-OCN-CLB-CHA-34X38-WH-N","FIN-OCN-CLB-CHA-34X38","SA-OCE-CC-CUSH","CUSH","1","export"
"FIN-OCN-CLB-CHA-34X38-WH-Y","FIN-OCN-CLB-CHA-34X38","SA-OCE-CC-FRAME","FRAME","1","export"
"FIN-OCN-CLB-CHA-34X38-WH-Y","FIN-OCN-CLB-CHA-34X38","SA-OCE-CC-CUSH","CUSH","1","export"
"FIN-OCN-COF-TAB-28X42","FIN-OCN-COF-TAB-28X42","ASM-OCN-COF-TAB-28X42-FRAME","FRAME","1","export"
"FIN-OCN-COF-TAB-28X56","FIN-OCN-COF-TAB-28X56","ASM-OCN-COF-TAB-28X56-FRAME","FRAME","1","export"
"FIN-OCN-COF-TAB-36X36","FIN-OCN-COF-TAB-36X36","SA-OCE-CT-36X36-FRAME","FRAME","1","export"
"FIN-OCN-COF-TAB-36X36-BE","FIN-OCN-COF-TAB-36X36","SA-OCE-CT-36X36-FRAME","FRAME","1","export"
"FIN-OCN-COF-TAB-36X36-BO","FIN-OCN-COF-TAB-36X36","SA-OCE-CT-36X36-FRAME","FRAME","1","export"
"FIN-OCN-COF-TAB-36X36-BR","FIN-OCN-COF-TAB-36X36","SA-OCE-CT-36X36-FRAME","FRAME","1","export"
"FIN-OCN-COF-TAB-36X36-GR","FIN-OCN-COF-TAB-36X36","SA-OCE-CT-36X36-FRAME","FRAME","1","export"
"FIN-OCN-COF-TAB-36X36-WH","FIN-OCN-COF-TAB-36X36","SA-OCE-CT-36X36-FRAME","FRAME","1","export"
"FIN-OCN-COF-TAB-36X56","FIN-OCN-COF-TAB-36X56","ASM-OCN-COF-TAB-36X56-FRAME","FRAME","1","export"
"FIN-OCN-COF-TAB-36X72","FIN-OCN-COF-TAB-36X72","ASM-OCN-COF-TAB-36X72-FRAME","FRAME","1","export"
"FIN-OCN-COF-TAB-42X28","FIN-OCN-COF-TAB-42X28","SA-OCE-CT-42X28-FRAME","FRAME","1","export"
"FIN-OCN-COF-TAB-42X28-BE","FIN-OCN-COF-TAB-42X28","SA-OCE-CT-42X28-FRAME","FRAME","1","export"
"FIN-OCN-COF-TAB-42X28-BO","FIN-OCN-COF-TAB-42X28","SA-OCE-CT-42X28-FRAME","FRAME","1","export"
"FIN-OCN-COF-TAB-42X28-BR","FIN-OCN-COF-TAB-42X28","SA-OCE-CT-42X28-FRAME","FRAME","1","export"
"FIN-OCN-COF-TAB-42X28-GR","FIN-OCN-COF-TAB-42X28","SA-OCE-CT-42X28-FRAME","FRAME","1","export"
"FIN-OCN-COF-TAB-42X28-WH","FIN-OCN-COF-TAB-42X28","SA-OCE-CT-42X28-FRAME","FRAME","1","export"
"FIN-OCN-COF-TAB-42X42","FIN-OCN-COF-TAB-42X42","SA-OCE-CT-42X42-FRAME","FRAME","1","export"
"FIN-OCN-COF-TAB-42X42-BE","FIN-OCN-COF-TAB-42X42","SA-OCE-CT-42X42-FRAME","FRAME","1","export"
"FIN-OCN-COF-TAB-42X42-BO","FIN-OCN-COF-TAB-42X42","SA-OCE-CT-42X42-FRAME","FRAME","1","export"
"FIN-OCN-COF-TAB-42X42-BR","FIN-OCN-COF-TAB-42X42","SA-OCE-CT-42X42-FRAME","FRAME","1","export"
"FIN-OCN-COF-TAB-42X42-GR","FIN-OCN-COF-TAB-42X42","SA-OCE-CT-42X42-FRAME","FRAME","1","export"
"FIN-OCN-COF-TAB-42X42-WH","FIN-OCN-COF-TAB-42X42","SA-OCE-CT-42X42-FRAME","FRAME","1","export"
"FIN-OCN-COF-TAB-42X56","FIN-OCN-COF-TAB-42X56","ASM-OCN-COF-TAB-42X56-FRAME","FRAME","1","export"
"FIN-OCN-COF-TAB-42X72","FIN-OCN-COF-TAB-42X72","ASM-OCN-COF-TAB-42X72-FRAME","FRAME","1","export"
"FIN-OCN-COF-TAB-56X28","FIN-OCN-COF-TAB-56X28","SA-OCE-CT-56X28-FRAME","FRAME","1","export"
"FIN-OCN-COF-TAB-56X28-BE","FIN-OCN-COF-TAB-56X28","SA-OCE-CT-56X28-FRAME","FRAME","1","export"
"FIN-OCN-COF-TAB-56X28-BO","FIN-OCN-COF-TAB-56X28","SA-OCE-CT-56X28-FRAME","FRAME","1","export"
"FIN-OCN-COF-TAB-56X28-BR","FIN-OCN-COF-TAB-56X28","SA-OCE-CT-56X28-FRAME","FRAME","1","export"
"FIN-OCN-COF-TAB-56X28-GR","FIN-OCN-COF-TAB-56X28","SA-OCE-CT-56X28-FRAME","FRAME","1","export"
"FIN-OCN-COF-TAB-56X28-WH","FIN-OCN-COF-TAB-56X28","SA-OCE-CT-56X28-FRAME","FRAME","1","export"
"FIN-OCN-COF-TAB-56X36","FIN-OCN-COF-TAB-56X36","SA-OCE-CT-56X36-FRAME","FRAME","1","export"
"FIN-OCN-COF-TAB-56X36-BE","FIN-OCN-COF-TAB-56X36","SA-OCE-CT-56X36-FRAME","FRAME","1","export"
"FIN-OCN-COF-TAB-56X36-BO","FIN-OCN-COF-TAB-56X36","SA-OCE-CT-56X36-FRAME","FRAME","1","export"
"FIN-OCN-COF-TAB-56X36-BR","FIN-OCN-COF-TAB-56X36","SA-OCE-CT-56X36-FRAME","FRAME","1","export"
"FIN-OCN-COF-TAB-56X36-GR","FIN-OCN-COF-TAB-56X36","SA-OCE-CT-56X36-FRAME","FRAME","1","export"
"FIN-OCN-COF-TAB-56X36-WH","FIN-OCN-COF-TAB-56X36","SA-OCE-CT-56X36-FRAME","FRAME","1","export"
"FIN-OCN-COF-TAB-56X42","FIN-OCN-COF-TAB-56X42","SA-OCE-CT-56X42-FRAME","FRAME","1","export"
"FIN-OCN-COF-TAB-56X42-BE","FIN-OCN-COF-TAB-56X42","SA-OCE-CT-56X42-FRAME","FRAME","1","export"
"FIN-OCN-COF-TAB-56X42-BO","FIN-OCN-COF-TAB-56X42","SA-OCE-CT-56X42-FRAME","FRAME","1","export"
"FIN-OCN-COF-TAB-56X42-BR","FIN-OCN-COF-TAB-56X42","SA-OCE-CT-56X42-FRAME","FRAME","1","export"
"FIN-OCN-COF-TAB-56X42-GR","FIN-OCN-COF-TAB-56X42","SA-OCE-CT-56X42-FRAME","FRAME","1","export"
"FIN-OCN-COF-TAB-56X42-WH","FIN-OCN-COF-TAB-56X42","SA-OCE-CT-56X42-FRAME","FRAME","1","export"
"FIN-OCN-COF-TAB-56X56","FIN-OCN-COF-TAB-56X56","SA-OCE-CT-56X56-FRAME","FRAME","1","export"
"FIN-OCN-COF-TAB-56X56-BE","FIN-OCN-COF-TAB-56X56","SA-OCE-CT-56X56-FRAME","FRAME","1","export"
"FIN-OCN-COF-TAB-56X56-BO","FIN-OCN-COF-TAB-56X56","SA-OCE-CT-56X56-FRAME","FRAME","1","export"
"FIN-OCN-COF-TAB-56X56-BR","FIN-OCN-COF-TAB-56X56","SA-OCE-CT-56X56-FRAME","FRAME","1","export"
"FIN-OCN-COF-TAB-56X56-GR","FIN-OCN-COF-TAB-56X56","SA-OCE-CT-56X56-FRAME","FRAME","1","export"
"FIN-OCN-COF-TAB-56X56-WH","FIN-OCN-COF-TAB-56X56","SA-OCE-CT-56X56-FRAME","FRAME","1","export"
"FIN-OCN-COF-TAB-56X72","FIN-OCN-COF-TAB-56X72","ASM-OCN-COF-TAB-56X72-FRAME","FRAME","1","export"
"FIN-OCN-COF-TAB-72X36","FIN-OCN-COF-TAB-72X36","SA-OCE-CT-72X36-FRAME","FRAME","1","export"
"FIN-OCN-COF-TAB-72X36-BE","FIN-OCN-COF-TAB-72X36","SA-OCE-CT-72X36-FRAME","FRAME","1","export"
"FIN-OCN-COF-TAB-72X36-BO","FIN-OCN-COF-TAB-72X36","SA-OCE-CT-72X36-FRAME","FRAME","1","export"
"FIN-OCN-COF-TAB-72X36-BR","FIN-OCN-COF-TAB-72X36","SA-OCE-CT-72X36-FRAME","FRAME","1","export"
"FIN-OCN-COF-TAB-72X36-GR","FIN-OCN-COF-TAB-72X36","SA-OCE-CT-72X36-FRAME","FRAME","1","export"
"FIN-OCN-COF-TAB-72X36-WH","FIN-OCN-COF-TAB-72X36","SA-OCE-CT-72X36-FRAME","FRAME","1","export"
"FIN-OCN-COF-TAB-72X42","FIN-OCN-COF-TAB-72X42","SA-OCE-CT-72X42-FRAME","FRAME","1","export"
"FIN-OCN-COF-TAB-72X42-BE","FIN-OCN-COF-TAB-72X42","SA-OCE-CT-72X42-FRAME","FRAME","1","export"
"FIN-OCN-COF-TAB-72X42-BO","FIN-OCN-COF-TAB-72X42","SA-OCE-CT-72X42-FRAME","FRAME","1","export"
"FIN-OCN-COF-TAB-72X42-BR","FIN-OCN-COF-TAB-72X42","SA-OCE-CT-72X42-FRAME","FRAME","1","export"
"FIN-OCN-COF-TAB-72X42-V23143105","FIN-OCN-COF-TAB-72X42","","","","no_live_children"
"FIN-OCN-COF-TAB-72X42-WH","FIN-OCN-COF-TAB-72X42","SA-OCE-CT-72X42-FRAME","FRAME","1","export"
"FIN-OCN-COF-TAB-72X56","FIN-OCN-COF-TAB-72X56","SA-OCE-CT-72X56-FRAME","FRAME","1","export"
"FIN-OCN-COF-TAB-72X56-BE","FIN-OCN-COF-TAB-72X56","SA-OCE-CT-72X56-FRAME","FRAME","1","export"
"FIN-OCN-COF-TAB-72X56-BO","FIN-OCN-COF-TAB-72X56","SA-OCE-CT-72X56-FRAME","FRAME","1","export"
"FIN-OCN-COF-TAB-72X56-BR","FIN-OCN-COF-TAB-72X56","SA-OCE-CT-72X56-FRAME","FRAME","1","export"
"FIN-OCN-COF-TAB-72X56-GR","FIN-OCN-COF-TAB-72X56","SA-OCE-CT-72X56-FRAME","FRAME","1","export"
"FIN-OCN-COF-TAB-72X56-WH","FIN-OCN-COF-TAB-72X56","SA-OCE-CT-72X56-FRAME","FRAME","1","export"
"FIN-OCN-DOU-CHS-58X79","FIN-OCN-DOU-CHS-58X79","SA-OCE-DCL-FRAME","FRAME","1","export"
"FIN-OCN-DOU-CHS-58X79","FIN-OCN-DOU-CHS-58X79","SA-OCE-DCL-CUSH","CUSH","1","export"
"FIN-OCN-DOU-CHS-58X79-BE","FIN-OCN-DOU-CHS-58X79","SA-OCE-DCL-FRAME","FRAME","1","export"
"FIN-OCN-DOU-CHS-58X79-BE","FIN-OCN-DOU-CHS-58X79","SA-OCE-DCL-CUSH","CUSH","1","export"
"FIN-OCN-DOU-CHS-58X79-BO","FIN-OCN-DOU-CHS-58X79","SA-OCE-DCL-FRAME","FRAME","1","export"
"FIN-OCN-DOU-CHS-58X79-BO","FIN-OCN-DOU-CHS-58X79","SA-OCE-DCL-CUSH","CUSH","1","export"
"FIN-OCN-DOU-CHS-58X79-BR","FIN-OCN-DOU-CHS-58X79","SA-OCE-DCL-FRAME","FRAME","1","export"
"FIN-OCN-DOU-CHS-58X79-BR","FIN-OCN-DOU-CHS-58X79","SA-OCE-DCL-CUSH","CUSH","1","export"
"FIN-OCN-DOU-CHS-58X79-GR","FIN-OCN-DOU-CHS-58X79","SA-OCE-DCL-FRAME","FRAME","1","export"
"FIN-OCN-DOU-CHS-58X79-GR","FIN-OCN-DOU-CHS-58X79","SA-OCE-DCL-CUSH","CUSH","1","export"
"FIN-OCN-DOU-CHS-58X79-WH","FIN-OCN-DOU-CHS-58X79","SA-OCE-DCL-FRAME","FRAME","1","export"
"FIN-OCN-DOU-CHS-58X79-WH","FIN-OCN-DOU-CHS-58X79","SA-OCE-DCL-CUSH","CUSH","1","export"
"FIN-OCN-LOV-SOF-60X38","FIN-OCN-LOV-SOF-60X38","SA-OCE-L-FRAME","FRAME","1","export"
"FIN-OCN-LOV-SOF-60X38","FIN-OCN-LOV-SOF-60X38","SA-OCE-L-CUSH","CUSH","1","export"
"FIN-OCN-LOV-SOF-60X38-BE-N","FIN-OCN-LOV-SOF-60X38","SA-OCE-L-FRAME","FRAME","1","export"
"FIN-OCN-LOV-SOF-60X38-BE-N","FIN-OCN-LOV-SOF-60X38","SA-OCE-L-CUSH","CUSH","1","export"
"FIN-OCN-LOV-SOF-60X38-BE-Y","FIN-OCN-LOV-SOF-60X38","SA-OCE-L-FRAME","FRAME","1","export"
"FIN-OCN-LOV-SOF-60X38-BE-Y","FIN-OCN-LOV-SOF-60X38","SA-OCE-L-CUSH","CUSH","1","export"
"FIN-OCN-LOV-SOF-60X38-BL-Y","FIN-OCN-LOV-SOF-60X38","SA-OCE-L-FRAME","FRAME","1","export"
"FIN-OCN-LOV-SOF-60X38-BL-Y","FIN-OCN-LOV-SOF-60X38","SA-OCE-L-CUSH","CUSH","1","export"
"FIN-OCN-LOV-SOF-60X38-BO-N","FIN-OCN-LOV-SOF-60X38","SA-OCE-L-FRAME","FRAME","1","export"
"FIN-OCN-LOV-SOF-60X38-BO-N","FIN-OCN-LOV-SOF-60X38","SA-OCE-L-CUSH","CUSH","1","export"
"FIN-OCN-LOV-SOF-60X38-BO-Y","FIN-OCN-LOV-SOF-60X38","SA-OCE-L-FRAME","FRAME","1","export"
"FIN-OCN-LOV-SOF-60X38-BO-Y","FIN-OCN-LOV-SOF-60X38","SA-OCE-L-CUSH","CUSH","1","export"
"FIN-OCN-LOV-SOF-60X38-BR-N","FIN-OCN-LOV-SOF-60X38","SA-OCE-L-FRAME","FRAME","1","export"
"FIN-OCN-LOV-SOF-60X38-BR-N","FIN-OCN-LOV-SOF-60X38","SA-OCE-L-CUSH","CUSH","1","export"
"FIN-OCN-LOV-SOF-60X38-BR-Y","FIN-OCN-LOV-SOF-60X38","SA-OCE-L-FRAME","FRAME","1","export"
"FIN-OCN-LOV-SOF-60X38-BR-Y","FIN-OCN-LOV-SOF-60X38","SA-OCE-L-CUSH","CUSH","1","export"
"FIN-OCN-LOV-SOF-60X38-GR-N","FIN-OCN-LOV-SOF-60X38","SA-OCE-L-FRAME","FRAME","1","export"
"FIN-OCN-LOV-SOF-60X38-GR-N","FIN-OCN-LOV-SOF-60X38","SA-OCE-L-CUSH","CUSH","1","export"
"FIN-OCN-LOV-SOF-60X38-GR-Y","FIN-OCN-LOV-SOF-60X38","SA-OCE-L-FRAME","FRAME","1","export"
"FIN-OCN-LOV-SOF-60X38-GR-Y","FIN-OCN-LOV-SOF-60X38","SA-OCE-L-CUSH","CUSH","1","export"
"FIN-OCN-LOV-SOF-60X38-WH-N","FIN-OCN-LOV-SOF-60X38","SA-OCE-L-FRAME","FRAME","1","export"
"FIN-OCN-LOV-SOF-60X38-WH-N","FIN-OCN-LOV-SOF-60X38","SA-OCE-L-CUSH","CUSH","1","export"
"FIN-OCN-LOV-SOF-60X38-WH-Y","FIN-OCN-LOV-SOF-60X38","SA-OCE-L-FRAME","FRAME","1","export"
"FIN-OCN-LOV-SOF-60X38-WH-Y","FIN-OCN-LOV-SOF-60X38","SA-OCE-L-CUSH","CUSH","1","export"
"FIN-OCN-MIN-LOV","FIN-OCN-MIN-LOV","ASM-OCN-MIN-LOV-FRAME","FRAME","1","export"
"FIN-OCN-MIN-LOV","FIN-OCN-MIN-LOV","ASM-OCN-MIN-LOV-CUSH","CUSH","1","export"
"FIN-OCN-MIN-LOV-48X38","FIN-OCN-MIN-LOV-48X38","ASM-OCN-MIN-LOV-48X38-FRAME","FRAME","1","export"
"FIN-OCN-MIN-LOV-48X38","FIN-OCN-MIN-LOV-48X38","ASM-OCN-MIN-LOV-48X38-CUSH","CUSH","1","export"
"FIN-OCN-MIN-LOV-60X48","FIN-OCN-MIN-LOV-60X48","SA-OCE-ML-FRAME","FRAME","1","export"
"FIN-OCN-MIN-LOV-60X48","FIN-OCN-MIN-LOV-60X48","SA-OCE-ML-CUSH","CUSH","1","export"
"FIN-OCN-MIN-LOV-BE-N","FIN-OCN-MIN-LOV-BE-N","SA-OCE-ML-FRAME","FRAME","1","export"
"FIN-OCN-MIN-LOV-BE-N","FIN-OCN-MIN-LOV-BE-N","SA-OCE-ML-CUSH","CUSH","1","export"
"FIN-OCN-MIN-LOV-BE-Y","FIN-OCN-MIN-LOV-BE-Y","SA-OCE-ML-FRAME","FRAME","1","export"
"FIN-OCN-MIN-LOV-BE-Y","FIN-OCN-MIN-LOV-BE-Y","SA-OCE-ML-CUSH","CUSH","1","export"
"FIN-OCN-MIN-LOV-BL-Y","FIN-OCN-MIN-LOV-BL-Y","SA-OCE-ML-FRAME","FRAME","1","export"
"FIN-OCN-MIN-LOV-BL-Y","FIN-OCN-MIN-LOV-BL-Y","SA-OCE-ML-CUSH","CUSH","1","export"
"FIN-OCN-MIN-LOV-BO-N","FIN-OCN-MIN-LOV-BO-N","SA-OCE-ML-FRAME","FRAME","1","export"
"FIN-OCN-MIN-LOV-BO-N","FIN-OCN-MIN-LOV-BO-N","SA-OCE-ML-CUSH","CUSH","1","export"
"FIN-OCN-MIN-LOV-BO-Y","FIN-OCN-MIN-LOV-BO-Y","SA-OCE-ML-FRAME","FRAME","1","export"
"FIN-OCN-MIN-LOV-BO-Y","FIN-OCN-MIN-LOV-BO-Y","SA-OCE-ML-CUSH","CUSH","1","export"
"FIN-OCN-MIN-LOV-BR-N","FIN-OCN-MIN-LOV-BR-N","SA-OCE-ML-FRAME","FRAME","1","export"
"FIN-OCN-MIN-LOV-BR-N","FIN-OCN-MIN-LOV-BR-N","SA-OCE-ML-CUSH","CUSH","1","export"
"FIN-OCN-MIN-LOV-BR-Y","FIN-OCN-MIN-LOV-BR-Y","SA-OCE-ML-FRAME","FRAME","1","export"
"FIN-OCN-MIN-LOV-BR-Y","FIN-OCN-MIN-LOV-BR-Y","SA-OCE-ML-CUSH","CUSH","1","export"
"FIN-OCN-MIN-LOV-GR-N","FIN-OCN-MIN-LOV-GR-N","SA-OCE-ML-FRAME","FRAME","1","export"
"FIN-OCN-MIN-LOV-GR-N","FIN-OCN-MIN-LOV-GR-N","SA-OCE-ML-CUSH","CUSH","1","export"
"FIN-OCN-MIN-LOV-GR-Y","FIN-OCN-MIN-LOV-GR-Y","SA-OCE-ML-FRAME","FRAME","1","export"
"FIN-OCN-MIN-LOV-GR-Y","FIN-OCN-MIN-LOV-GR-Y","SA-OCE-ML-CUSH","CUSH","1","export"
"FIN-OCN-MIN-LOV-WH-N","FIN-OCN-MIN-LOV-WH-N","SA-OCE-ML-FRAME","FRAME","1","export"
"FIN-OCN-MIN-LOV-WH-N","FIN-OCN-MIN-LOV-WH-N","SA-OCE-ML-CUSH","CUSH","1","export"
"FIN-OCN-MIN-LOV-WH-Y","FIN-OCN-MIN-LOV-WH-Y","SA-OCE-ML-FRAME","FRAME","1","export"
"FIN-OCN-MIN-LOV-WH-Y","FIN-OCN-MIN-LOV-WH-Y","SA-OCE-ML-CUSH","CUSH","1","export"
"FIN-OCN-OTT-30X22","FIN-OCN-OTT-30X22","SA-OCE-O-30X22-FRAME","FRAME","1","export"
"FIN-OCN-OTT-30X22","FIN-OCN-OTT-30X22","SA-OCE-O-30X22-CUSH","CUSH","1","export"
"FIN-OCN-OTT-30X22-BE","FIN-OCN-OTT-30X22","SA-OCE-O-30X22-FRAME","FRAME","1","export"
"FIN-OCN-OTT-30X22-BE","FIN-OCN-OTT-30X22","SA-OCE-O-30X22-CUSH","CUSH","1","export"
"FIN-OCN-OTT-30X22-BO","FIN-OCN-OTT-30X22","SA-OCE-O-30X22-FRAME","FRAME","1","export"
"FIN-OCN-OTT-30X22-BO","FIN-OCN-OTT-30X22","SA-OCE-O-30X22-CUSH","CUSH","1","export"
"FIN-OCN-OTT-30X22-BR","FIN-OCN-OTT-30X22","SA-OCE-O-30X22-FRAME","FRAME","1","export"
"FIN-OCN-OTT-30X22-BR","FIN-OCN-OTT-30X22","SA-OCE-O-30X22-CUSH","CUSH","1","export"
"FIN-OCN-OTT-30X22-GR","FIN-OCN-OTT-30X22","SA-OCE-O-30X22-FRAME","FRAME","1","export"
"FIN-OCN-OTT-30X22-GR","FIN-OCN-OTT-30X22","SA-OCE-O-30X22-CUSH","CUSH","1","export"
"FIN-OCN-OTT-30X22-WH","FIN-OCN-OTT-30X22","SA-OCE-O-30X22-FRAME","FRAME","1","export"
"FIN-OCN-OTT-30X22-WH","FIN-OCN-OTT-30X22","SA-OCE-O-30X22-CUSH","CUSH","1","export"
"FIN-OCN-OTT-42X22","FIN-OCN-OTT-42X22","SA-OCE-O-42X22-FRAME","FRAME","1","export"
"FIN-OCN-OTT-42X22","FIN-OCN-OTT-42X22","SA-OCE-O-42X22-CUSH","CUSH","1","export"
"FIN-OCN-OTT-42X22-BE","FIN-OCN-OTT-42X22","SA-OCE-O-42X22-FRAME","FRAME","1","export"
"FIN-OCN-OTT-42X22-BE","FIN-OCN-OTT-42X22","SA-OCE-O-42X22-CUSH","CUSH","1","export"
"FIN-OCN-OTT-42X22-BO","FIN-OCN-OTT-42X22","SA-OCE-O-42X22-FRAME","FRAME","1","export"
"FIN-OCN-OTT-42X22-BO","FIN-OCN-OTT-42X22","SA-OCE-O-42X22-CUSH","CUSH","1","export"
"FIN-OCN-OTT-42X22-BR","FIN-OCN-OTT-42X22","SA-OCE-O-42X22-FRAME","FRAME","1","export"
"FIN-OCN-OTT-42X22-BR","FIN-OCN-OTT-42X22","SA-OCE-O-42X22-CUSH","CUSH","1","export"
"FIN-OCN-OTT-42X22-GR","FIN-OCN-OTT-42X22","SA-OCE-O-42X22-FRAME","FRAME","1","export"
"FIN-OCN-OTT-42X22-GR","FIN-OCN-OTT-42X22","SA-OCE-O-42X22-CUSH","CUSH","1","export"
"FIN-OCN-OTT-42X22-WH","FIN-OCN-OTT-42X22","SA-OCE-O-42X22-FRAME","FRAME","1","export"
"FIN-OCN-OTT-42X22-WH","FIN-OCN-OTT-42X22","SA-OCE-O-42X22-CUSH","CUSH","1","export"
"FIN-OCN-OTT-60X22","FIN-OCN-OTT-60X22","SA-OCE-O-60X22-FRAME","FRAME","1","export"
"FIN-OCN-OTT-60X22","FIN-OCN-OTT-60X22","SA-OCE-O-60X22-CUSH","CUSH","1","export"
"FIN-OCN-OTT-60X22-BE","FIN-OCN-OTT-60X22","SA-OCE-O-60X22-FRAME","FRAME","1","export"
"FIN-OCN-OTT-60X22-BE","FIN-OCN-OTT-60X22","SA-OCE-O-60X22-CUSH","CUSH","1","export"
"FIN-OCN-OTT-60X22-BO","FIN-OCN-OTT-60X22","SA-OCE-O-60X22-FRAME","FRAME","1","export"
"FIN-OCN-OTT-60X22-BO","FIN-OCN-OTT-60X22","SA-OCE-O-60X22-CUSH","CUSH","1","export"
"FIN-OCN-OTT-60X22-BR","FIN-OCN-OTT-60X22","SA-OCE-O-60X22-FRAME","FRAME","1","export"
"FIN-OCN-OTT-60X22-BR","FIN-OCN-OTT-60X22","SA-OCE-O-60X22-CUSH","CUSH","1","export"
"FIN-OCN-OTT-60X22-GR","FIN-OCN-OTT-60X22","SA-OCE-O-60X22-FRAME","FRAME","1","export"
"FIN-OCN-OTT-60X22-GR","FIN-OCN-OTT-60X22","SA-OCE-O-60X22-CUSH","CUSH","1","export"
"FIN-OCN-OTT-60X22-WH","FIN-OCN-OTT-60X22","SA-OCE-O-60X22-FRAME","FRAME","1","export"
"FIN-OCN-OTT-60X22-WH","FIN-OCN-OTT-60X22","SA-OCE-O-60X22-CUSH","CUSH","1","export"
"FIN-OCN-OTT-72X22","FIN-OCN-OTT-72X22","SA-OCE-O-72X22-FRAME","FRAME","1","export"
"FIN-OCN-OTT-72X22","FIN-OCN-OTT-72X22","SA-OCE-O-72X22-CUSH","CUSH","1","export"
"FIN-OCN-OTT-72X22-BE","FIN-OCN-OTT-72X22","SA-OCE-O-72X22-FRAME","FRAME","1","export"
"FIN-OCN-OTT-72X22-BE","FIN-OCN-OTT-72X22","SA-OCE-O-72X22-CUSH","CUSH","1","export"
"FIN-OCN-OTT-72X22-BO","FIN-OCN-OTT-72X22","SA-OCE-O-72X22-FRAME","FRAME","1","export"
"FIN-OCN-OTT-72X22-BO","FIN-OCN-OTT-72X22","SA-OCE-O-72X22-CUSH","CUSH","1","export"
"FIN-OCN-OTT-72X22-BR","FIN-OCN-OTT-72X22","SA-OCE-O-72X22-FRAME","FRAME","1","export"
"FIN-OCN-OTT-72X22-BR","FIN-OCN-OTT-72X22","SA-OCE-O-72X22-CUSH","CUSH","1","export"
"FIN-OCN-OTT-72X22-GR","FIN-OCN-OTT-72X22","SA-OCE-O-72X22-FRAME","FRAME","1","export"
"FIN-OCN-OTT-72X22-GR","FIN-OCN-OTT-72X22","SA-OCE-O-72X22-CUSH","CUSH","1","export"
"FIN-OCN-OTT-72X22-WH","FIN-OCN-OTT-72X22","SA-OCE-O-72X22-FRAME","FRAME","1","export"
"FIN-OCN-OTT-72X22-WH","FIN-OCN-OTT-72X22","SA-OCE-O-72X22-CUSH","CUSH","1","export"
"FIN-OCN-SGL-CHS-36X79","FIN-OCN-SGL-CHS-36X79","SA-OCE-SCL-FRAME","FRAME","1","export"
"FIN-OCN-SGL-CHS-36X79","FIN-OCN-SGL-CHS-36X79","SA-OCE-SCL-CUSH","CUSH","1","export"
"FIN-OCN-SGL-CHS-36X79-BE","FIN-OCN-SGL-CHS-36X79","SA-OCE-SCL-FRAME","FRAME","1","export"
"FIN-OCN-SGL-CHS-36X79-BE","FIN-OCN-SGL-CHS-36X79","SA-OCE-SCL-CUSH","CUSH","1","export"
"FIN-OCN-SGL-CHS-36X79-BO","FIN-OCN-SGL-CHS-36X79","SA-OCE-SCL-FRAME","FRAME","1","export"
"FIN-OCN-SGL-CHS-36X79-BO","FIN-OCN-SGL-CHS-36X79","SA-OCE-SCL-CUSH","CUSH","1","export"
"FIN-OCN-SGL-CHS-36X79-BR","FIN-OCN-SGL-CHS-36X79","SA-OCE-SCL-FRAME","FRAME","1","export"
"FIN-OCN-SGL-CHS-36X79-BR","FIN-OCN-SGL-CHS-36X79","SA-OCE-SCL-CUSH","CUSH","1","export"
"FIN-OCN-SGL-CHS-36X79-GR","FIN-OCN-SGL-CHS-36X79","SA-OCE-SCL-FRAME","FRAME","1","export"
"FIN-OCN-SGL-CHS-36X79-GR","FIN-OCN-SGL-CHS-36X79","SA-OCE-SCL-CUSH","CUSH","1","export"
"FIN-OCN-SGL-CHS-36X79-WH","FIN-OCN-SGL-CHS-36X79","SA-OCE-SCL-FRAME","FRAME","1","export"
"FIN-OCN-SGL-CHS-36X79-WH","FIN-OCN-SGL-CHS-36X79","SA-OCE-SCL-CUSH","CUSH","1","export"
"FIN-OCN-SID-TAB-12","FIN-OCN-SID-TAB-12","ASM-OCN-SID-TAB-12-FRAME","FRAME","1","export"
"FIN-OCN-SID-TAB-13X30","FIN-OCN-SID-TAB-13X30","ASM-OCN-SID-TAB-13X30-FRAME","FRAME","1","export"
"FIN-OCN-SID-TAB-20X20","FIN-OCN-SID-TAB-20X20","SA-OCE-ST-20X20-FRAME","FRAME","1","export"
"FIN-OCN-SID-TAB-20X20-BE","FIN-OCN-SID-TAB-20X20","SA-OCE-ST-20X20-FRAME","FRAME","1","export"
"FIN-OCN-SID-TAB-20X20-BO","FIN-OCN-SID-TAB-20X20","SA-OCE-ST-20X20-FRAME","FRAME","1","export"
"FIN-OCN-SID-TAB-20X20-BR","FIN-OCN-SID-TAB-20X20","SA-OCE-ST-20X20-FRAME","FRAME","1","export"
"FIN-OCN-SID-TAB-20X20-GR","FIN-OCN-SID-TAB-20X20","SA-OCE-ST-20X20-FRAME","FRAME","1","export"
"FIN-OCN-SID-TAB-20X20-WH","FIN-OCN-SID-TAB-20X20","SA-OCE-ST-20X20-FRAME","FRAME","1","export"
"FIN-OCN-SID-TAB-32X32","FIN-OCN-SID-TAB-32X32","ASM-OCN-SID-TAB-32X32-FRAME","FRAME","1","export"
"FIN-OCN-SID-TAB-36X17","FIN-OCN-SID-TAB-36X17","ASM-OCN-SID-TAB-36X17-FRAME","FRAME","1","export"
"FIN-OCN-SID-TAB-36X36","FIN-OCN-SID-TAB-36X36","","","","no_live_children"
"FIN-OCN-SID-TAB-36X36-BE","FIN-OCN-SID-TAB-36X36","","","","no_live_children"
"FIN-OCN-SID-TAB-36X36-BO","FIN-OCN-SID-TAB-36X36","","","","no_live_children"
"FIN-OCN-SID-TAB-36X36-BR","FIN-OCN-SID-TAB-36X36","","","","no_live_children"
"FIN-OCN-SID-TAB-36X36-GR","FIN-OCN-SID-TAB-36X36","","","","no_live_children"
"FIN-OCN-SID-TAB-36X36-WH","FIN-OCN-SID-TAB-36X36","","","","no_live_children"
"FIN-OCN-SID-TAB-42","FIN-OCN-SID-TAB-42","SA-OCE-RST-42-FRAME","FRAME","1","export"
"FIN-OCN-SID-TAB-42-BE","FIN-OCN-SID-TAB-42-BE","SA-OCE-RST-42-FRAME","FRAME","1","export"
"FIN-OCN-SID-TAB-42-BO","FIN-OCN-SID-TAB-42-BO","SA-OCE-RST-42-FRAME","FRAME","1","export"
"FIN-OCN-SID-TAB-42-BR","FIN-OCN-SID-TAB-42-BR","SA-OCE-RST-42-FRAME","FRAME","1","export"
"FIN-OCN-SID-TAB-42-GR","FIN-OCN-SID-TAB-42-GR","SA-OCE-RST-42-FRAME","FRAME","1","export"
"FIN-OCN-SID-TAB-42-WH","FIN-OCN-SID-TAB-42-WH","SA-OCE-RST-42-FRAME","FRAME","1","export"
"FIN-OCN-SOF-72X38","FIN-OCN-SOF-72X38","SA-OCE-S-72-FRAME","FRAME","1","export"
"FIN-OCN-SOF-72X38","FIN-OCN-SOF-72X38","SA-OCE-S-72-CUSH","CUSH","1","export"
"FIN-OCN-SOF-72X38-BE-N","FIN-OCN-SOF-72X38","SA-OCE-S-72-FRAME","FRAME","1","export"
"FIN-OCN-SOF-72X38-BE-N","FIN-OCN-SOF-72X38","SA-OCE-S-72-CUSH","CUSH","1","export"
"FIN-OCN-SOF-72X38-BE-Y","FIN-OCN-SOF-72X38","SA-OCE-S-72-FRAME","FRAME","1","export"
"FIN-OCN-SOF-72X38-BE-Y","FIN-OCN-SOF-72X38","SA-OCE-S-72-CUSH","CUSH","1","export"
"FIN-OCN-SOF-72X38-BL-Y","FIN-OCN-SOF-72X38","SA-OCE-S-72-FRAME","FRAME","1","export"
"FIN-OCN-SOF-72X38-BL-Y","FIN-OCN-SOF-72X38","SA-OCE-S-72-CUSH","CUSH","1","export"
"FIN-OCN-SOF-72X38-BO-N","FIN-OCN-SOF-72X38","SA-OCE-S-72-FRAME","FRAME","1","export"
"FIN-OCN-SOF-72X38-BO-N","FIN-OCN-SOF-72X38","SA-OCE-S-72-CUSH","CUSH","1","export"
"FIN-OCN-SOF-72X38-BO-Y","FIN-OCN-SOF-72X38","SA-OCE-S-72-FRAME","FRAME","1","export"
"FIN-OCN-SOF-72X38-BO-Y","FIN-OCN-SOF-72X38","SA-OCE-S-72-CUSH","CUSH","1","export"
"FIN-OCN-SOF-72X38-BR-N","FIN-OCN-SOF-72X38","SA-OCE-S-72-FRAME","FRAME","1","export"
"FIN-OCN-SOF-72X38-BR-N","FIN-OCN-SOF-72X38","SA-OCE-S-72-CUSH","CUSH","1","export"
"FIN-OCN-SOF-72X38-BR-Y","FIN-OCN-SOF-72X38","SA-OCE-S-72-FRAME","FRAME","1","export"
"FIN-OCN-SOF-72X38-BR-Y","FIN-OCN-SOF-72X38","SA-OCE-S-72-CUSH","CUSH","1","export"
"FIN-OCN-SOF-72X38-GR-N","FIN-OCN-SOF-72X38","SA-OCE-S-72-FRAME","FRAME","1","export"
"FIN-OCN-SOF-72X38-GR-N","FIN-OCN-SOF-72X38","SA-OCE-S-72-CUSH","CUSH","1","export"
"FIN-OCN-SOF-72X38-GR-Y","FIN-OCN-SOF-72X38","SA-OCE-S-72-FRAME","FRAME","1","export"
"FIN-OCN-SOF-72X38-GR-Y","FIN-OCN-SOF-72X38","SA-OCE-S-72-CUSH","CUSH","1","export"
"FIN-OCN-SOF-72X38-WH-N","FIN-OCN-SOF-72X38","SA-OCE-S-72-FRAME","FRAME","1","export"
"FIN-OCN-SOF-72X38-WH-N","FIN-OCN-SOF-72X38","SA-OCE-S-72-CUSH","CUSH","1","export"
"FIN-OCN-SOF-72X38-WH-Y","FIN-OCN-SOF-72X38","SA-OCE-S-72-FRAME","FRAME","1","export"
"FIN-OCN-SOF-72X38-WH-Y","FIN-OCN-SOF-72X38","SA-OCE-S-72-CUSH","CUSH","1","export"
"FIN-OCN-SOF-84X38","FIN-OCN-SOF-84X38","SA-OCE-S-84-FRAME","FRAME","1","export"
"FIN-OCN-SOF-84X38","FIN-OCN-SOF-84X38","SA-OCE-S-84-CUSH","CUSH","1","export"
"FIN-OCN-SOF-84X38-BE-N","FIN-OCN-SOF-84X38","SA-OCE-S-84-FRAME","FRAME","1","export"
"FIN-OCN-SOF-84X38-BE-N","FIN-OCN-SOF-84X38","SA-OCE-S-84-CUSH","CUSH","1","export"
"FIN-OCN-SOF-84X38-BE-Y","FIN-OCN-SOF-84X38","SA-OCE-S-84-FRAME","FRAME","1","export"
"FIN-OCN-SOF-84X38-BE-Y","FIN-OCN-SOF-84X38","SA-OCE-S-84-CUSH","CUSH","1","export"
"FIN-OCN-SOF-84X38-BL-Y","FIN-OCN-SOF-84X38","SA-OCE-S-84-FRAME","FRAME","1","export"
"FIN-OCN-SOF-84X38-BL-Y","FIN-OCN-SOF-84X38","SA-OCE-S-84-CUSH","CUSH","1","export"
"FIN-OCN-SOF-84X38-BO-N","FIN-OCN-SOF-84X38","SA-OCE-S-84-FRAME","FRAME","1","export"
"FIN-OCN-SOF-84X38-BO-N","FIN-OCN-SOF-84X38","SA-OCE-S-84-CUSH","CUSH","1","export"
"FIN-OCN-SOF-84X38-BO-Y","FIN-OCN-SOF-84X38","SA-OCE-S-84-FRAME","FRAME","1","export"
"FIN-OCN-SOF-84X38-BO-Y","FIN-OCN-SOF-84X38","SA-OCE-S-84-CUSH","CUSH","1","export"
"FIN-OCN-SOF-84X38-BR-N","FIN-OCN-SOF-84X38","SA-OCE-S-84-FRAME","FRAME","1","export"
"FIN-OCN-SOF-84X38-BR-N","FIN-OCN-SOF-84X38","SA-OCE-S-84-CUSH","CUSH","1","export"
"FIN-OCN-SOF-84X38-BR-Y","FIN-OCN-SOF-84X38","SA-OCE-S-84-FRAME","FRAME","1","export"
"FIN-OCN-SOF-84X38-BR-Y","FIN-OCN-SOF-84X38","SA-OCE-S-84-CUSH","CUSH","1","export"
"FIN-OCN-SOF-84X38-GR-N","FIN-OCN-SOF-84X38","SA-OCE-S-84-FRAME","FRAME","1","export"
"FIN-OCN-SOF-84X38-GR-N","FIN-OCN-SOF-84X38","SA-OCE-S-84-CUSH","CUSH","1","export"
"FIN-OCN-SOF-84X38-GR-Y","FIN-OCN-SOF-84X38","SA-OCE-S-84-FRAME","FRAME","1","export"
"FIN-OCN-SOF-84X38-GR-Y","FIN-OCN-SOF-84X38","SA-OCE-S-84-CUSH","CUSH","1","export"
"FIN-OCN-SOF-84X38-WH-N","FIN-OCN-SOF-84X38","SA-OCE-S-84-FRAME","FRAME","1","export"
"FIN-OCN-SOF-84X38-WH-N","FIN-OCN-SOF-84X38","SA-OCE-S-84-CUSH","CUSH","1","export"
"FIN-OCN-SOF-84X38-WH-Y","FIN-OCN-SOF-84X38","SA-OCE-S-84-FRAME","FRAME","1","export"
"FIN-OCN-SOF-84X38-WH-Y","FIN-OCN-SOF-84X38","SA-OCE-S-84-CUSH","CUSH","1","export"
"FIN-OCN-SOF-96X38","FIN-OCN-SOF-96X38","SA-OCE-S-96-FRAME","FRAME","1","export"
"FIN-OCN-SOF-96X38","FIN-OCN-SOF-96X38","SA-OCE-S-96-CUSH","CUSH","1","export"
"FIN-OCN-SOF-96X38-BE-N","FIN-OCN-SOF-96X38","SA-OCE-S-96-FRAME","FRAME","1","export"
"FIN-OCN-SOF-96X38-BE-N","FIN-OCN-SOF-96X38","SA-OCE-S-96-CUSH","CUSH","1","export"
"FIN-OCN-SOF-96X38-BE-Y","FIN-OCN-SOF-96X38","SA-OCE-S-96-FRAME","FRAME","1","export"
"FIN-OCN-SOF-96X38-BE-Y","FIN-OCN-SOF-96X38","SA-OCE-S-96-CUSH","CUSH","1","export"
"FIN-OCN-SOF-96X38-BL-Y","FIN-OCN-SOF-96X38","SA-OCE-S-96-FRAME","FRAME","1","export"
"FIN-OCN-SOF-96X38-BL-Y","FIN-OCN-SOF-96X38","SA-OCE-S-96-CUSH","CUSH","1","export"
"FIN-OCN-SOF-96X38-BO-N","FIN-OCN-SOF-96X38","SA-OCE-S-96-FRAME","FRAME","1","export"
"FIN-OCN-SOF-96X38-BO-N","FIN-OCN-SOF-96X38","SA-OCE-S-96-CUSH","CUSH","1","export"
"FIN-OCN-SOF-96X38-BO-Y","FIN-OCN-SOF-96X38","SA-OCE-S-96-FRAME","FRAME","1","export"
"FIN-OCN-SOF-96X38-BO-Y","FIN-OCN-SOF-96X38","SA-OCE-S-96-CUSH","CUSH","1","export"
"FIN-OCN-SOF-96X38-BR-N","FIN-OCN-SOF-96X38","SA-OCE-S-96-FRAME","FRAME","1","export"
"FIN-OCN-SOF-96X38-BR-N","FIN-OCN-SOF-96X38","SA-OCE-S-96-CUSH","CUSH","1","export"
"FIN-OCN-SOF-96X38-BR-Y","FIN-OCN-SOF-96X38","SA-OCE-S-96-FRAME","FRAME","1","export"
"FIN-OCN-SOF-96X38-BR-Y","FIN-OCN-SOF-96X38","SA-OCE-S-96-CUSH","CUSH","1","export"
"FIN-OCN-SOF-96X38-GR-N","FIN-OCN-SOF-96X38","SA-OCE-S-96-FRAME","FRAME","1","export"
"FIN-OCN-SOF-96X38-GR-N","FIN-OCN-SOF-96X38","SA-OCE-S-96-CUSH","CUSH","1","export"
"FIN-OCN-SOF-96X38-GR-Y","FIN-OCN-SOF-96X38","SA-OCE-S-96-FRAME","FRAME","1","export"
"FIN-OCN-SOF-96X38-GR-Y","FIN-OCN-SOF-96X38","SA-OCE-S-96-CUSH","CUSH","1","export"
"FIN-OCN-SOF-96X38-WH-N","FIN-OCN-SOF-96X38","SA-OCE-S-96-FRAME","FRAME","1","export"
"FIN-OCN-SOF-96X38-WH-N","FIN-OCN-SOF-96X38","SA-OCE-S-96-CUSH","CUSH","1","export"
"FIN-OCN-SOF-96X38-WH-Y","FIN-OCN-SOF-96X38","SA-OCE-S-96-FRAME","FRAME","1","export"
"FIN-OCN-SOF-96X38-WH-Y","FIN-OCN-SOF-96X38","SA-OCE-S-96-CUSH","CUSH","1","export"
"FIN-OCN-SWV-CHA","FIN-OCN-SWV-CHA","ASM-OCN-SWV-CHA-FRAME","FRAME","1","export"
"FIN-OCN-SWV-CHA","FIN-OCN-SWV-CHA","ASM-OCN-SWV-CHA-CUSH","CUSH","1","export"
"FIN-OCN-SWV-CHA-34X34","FIN-OCN-SWV-CHA-34X34","SA-OCE-SC-FRAME","FRAME","1","export"
"FIN-OCN-SWV-CHA-34X34","FIN-OCN-SWV-CHA-34X34","SA-OCE-SC-CUSH","CUSH","1","export"
"FIN-OCN-SWV-CHA-34X38","FIN-OCN-SWV-CHA-34X38","ASM-OCN-SWV-CHA-34X38-FRAME","FRAME","1","export"
"FIN-OCN-SWV-CHA-34X38","FIN-OCN-SWV-CHA-34X38","ASM-OCN-SWV-CHA-34X38-CUSH","CUSH","1","export"
"FIN-OCN-SWV-CHA-34X38-SWIVELCHAIR","FIN-OCN-SWV-CHA-34X38","ASM-OCN-SWV-CHA-34X38-FRAME","FRAME","1","export"
"FIN-OCN-SWV-CHA-34X38-SWIVELCHAIR","FIN-OCN-SWV-CHA-34X38","ASM-OCN-SWV-CHA-34X38-CUSH","CUSH","1","export"
"FIN-OCN-SWV-CHA-BE-N","FIN-OCN-SWV-CHA-BE-N","SA-OCE-SC-FRAME","FRAME","1","export"
"FIN-OCN-SWV-CHA-BE-N","FIN-OCN-SWV-CHA-BE-N","SA-OCE-SC-CUSH","CUSH","1","export"
"FIN-OCN-SWV-CHA-BE-Y","FIN-OCN-SWV-CHA-BE-Y","SA-OCE-SC-FRAME","FRAME","1","export"
"FIN-OCN-SWV-CHA-BE-Y","FIN-OCN-SWV-CHA-BE-Y","SA-OCE-SC-CUSH","CUSH","1","export"
"FIN-OCN-SWV-CHA-BL-N","FIN-OCN-SWV-CHA-BL-N","SA-OCE-SC-FRAME","FRAME","1","export"
"FIN-OCN-SWV-CHA-BL-N","FIN-OCN-SWV-CHA-BL-N","SA-OCE-SC-CUSH","CUSH","1","export"
"FIN-OCN-SWV-CHA-BO-N","FIN-OCN-SWV-CHA-BO-N","SA-OCE-SC-FRAME","FRAME","1","export"
"FIN-OCN-SWV-CHA-BO-N","FIN-OCN-SWV-CHA-BO-N","SA-OCE-SC-CUSH","CUSH","1","export"
"FIN-OCN-SWV-CHA-BO-Y","FIN-OCN-SWV-CHA-BO-Y","SA-OCE-SC-FRAME","FRAME","1","export"
"FIN-OCN-SWV-CHA-BO-Y","FIN-OCN-SWV-CHA-BO-Y","SA-OCE-SC-CUSH","CUSH","1","export"
"FIN-OCN-SWV-CHA-BR-N","FIN-OCN-SWV-CHA-BR-N","SA-OCE-SC-FRAME","FRAME","1","export"
"FIN-OCN-SWV-CHA-BR-N","FIN-OCN-SWV-CHA-BR-N","SA-OCE-SC-CUSH","CUSH","1","export"
"FIN-OCN-SWV-CHA-BR-Y","FIN-OCN-SWV-CHA-BR-Y","SA-OCE-SC-FRAME","FRAME","1","export"
"FIN-OCN-SWV-CHA-BR-Y","FIN-OCN-SWV-CHA-BR-Y","SA-OCE-SC-CUSH","CUSH","1","export"
"FIN-OCN-SWV-CHA-GR-N","FIN-OCN-SWV-CHA-GR-N","SA-OCE-SC-FRAME","FRAME","1","export"
"FIN-OCN-SWV-CHA-GR-N","FIN-OCN-SWV-CHA-GR-N","SA-OCE-SC-CUSH","CUSH","1","export"
"FIN-OCN-SWV-CHA-GR-Y","FIN-OCN-SWV-CHA-GR-Y","SA-OCE-SC-FRAME","FRAME","1","export"
"FIN-OCN-SWV-CHA-GR-Y","FIN-OCN-SWV-CHA-GR-Y","SA-OCE-SC-CUSH","CUSH","1","export"
"FIN-OCN-SWV-CHA-WH-N","FIN-OCN-SWV-CHA-WH-N","SA-OCE-SC-FRAME","FRAME","1","export"
"FIN-OCN-SWV-CHA-WH-N","FIN-OCN-SWV-CHA-WH-N","SA-OCE-SC-CUSH","CUSH","1","export"
"FIN-OCN-SWV-CHA-WH-Y","FIN-OCN-SWV-CHA-WH-Y","SA-OCE-SC-FRAME","FRAME","1","export"
"FIN-OCN-SWV-CHA-WH-Y","FIN-OCN-SWV-CHA-WH-Y","SA-OCE-SC-CUSH","CUSH","1","export"
"FIN-OCN-TAB-13X30","FIN-OCN-TAB-13X30","ASM-OCN-TAB-13X30-FRAME","FRAME","1","export"
"FIN-OCN-TAB-34X12","FIN-OCN-TAB-34X12","ASM-OCN-TAB-34X12-FRAME","FRAME","1","export"
"FIN-OCN-TAB-34X12-FLYTABLE","FIN-OCN-TAB-34X12","ASM-OCN-TAB-34X12-FRAME","FRAME","1","export"
"FIN-OCN-TAB-72X12","FIN-OCN-TAB-72X12","ASM-OCN-TAB-72X12-FRAME","FRAME","1","export"
"FIN-OCN-TAB-84X12","FIN-OCN-TAB-84X12","ASM-OCN-TAB-84X12-FRAME","FRAME","1","export"
"FIN-OCN-TAB-96X12","FIN-OCN-TAB-96X12","ASM-OCN-TAB-96X12-FRAME","FRAME","1","export"
"FIN-STA-BAR-TAB-36X36","FIN-STA-BAR-TAB-36X36","ASM-STA-BAR-TAB-36X36-FRAME","FRAME","1","export"
"FIN-STA-BAR-TAB-42X42","FIN-STA-BAR-TAB-42X42","ASM-STA-BAR-TAB-42X42-FRAME","FRAME","1","export"
"FIN-STA-BAR-TAB-72X36","FIN-STA-BAR-TAB-72X36","ASM-STA-BAR-TAB-72X36-FRAME","FRAME","1","export"
"FIN-STA-CNT-TAB-36X36","FIN-STA-CNT-TAB-36X36","ASM-STA-CNT-TAB-36X36-FRAME","FRAME","1","export"
"FIN-STA-CNT-TAB-42X42","FIN-STA-CNT-TAB-42X42","ASM-STA-CNT-TAB-42X42-FRAME","FRAME","1","export"
"FIN-STA-CNT-TAB-72X36","FIN-STA-CNT-TAB-72X36","ASM-STA-CNT-TAB-72X36-FRAME","FRAME","1","export"
"FIN-STA-DIN-TAB-36X36","FIN-STA-DIN-TAB-36X36","ASM-STA-DIN-TAB-36X36-FRAME","FRAME","1","export"
"FIN-STA-DIN-TAB-42X42","FIN-STA-DIN-TAB-42X42","ASM-STA-DIN-TAB-42X42-FRAME","FRAME","1","export"
"FIN-STA-DIN-TAB-72X36","FIN-STA-DIN-TAB-72X36","ASM-STA-DIN-TAB-72X36-FRAME","FRAME","1","export"
"FIN-TAY-BAR-W-ARM-COU-HEI","FIN-TAY-BAR-W-ARM-COU-HEI","ASM-TAY-BAR-W-ARM-COU-HEI-FRAME","FRAME","1","export"
"FIN-TAY-BAR-W-ARM-COU-HEI","FIN-TAY-BAR-W-ARM-COU-HEI","ASM-TAY-BAR-W-ARM-COU-HEI-CUSH","CUSH","1","export"
"FIN-TAY-BCH-24X23","FIN-TAY-BCH-24X23","ASM-TAY-BCH-24X23-FRAME","FRAME","1","export"
"FIN-TAY-BCH-24X23","FIN-TAY-BCH-24X23","ASM-TAY-BCH-24X23-CUSH","CUSH","1","export"
"FIN-TAY-BCH-42X23","FIN-TAY-BCH-42X23","ASM-TAY-BCH-42X23-FRAME","FRAME","1","export"
"FIN-TAY-BCH-42X23","FIN-TAY-BCH-42X23","ASM-TAY-BCH-42X23-CUSH","CUSH","1","export"
"FIN-TAY-BCH-42X23-BENCHDINING","FIN-TAY-BCH-42X23","ASM-TAY-BCH-42X23-FRAME","FRAME","1","export"
"FIN-TAY-BCH-42X23-BENCHDINING","FIN-TAY-BCH-42X23","ASM-TAY-BCH-42X23-CUSH","CUSH","1","export"
"FIN-TAY-BCH-72X23","FIN-TAY-BCH-72X23","ASM-TAY-BCH-72X23-FRAME","FRAME","1","export"
"FIN-TAY-BCH-72X23","FIN-TAY-BCH-72X23","ASM-TAY-BCH-72X23-CUSH","CUSH","1","export"
"FIN-TAY-BCH-72X23-BENCHCOUNTER","FIN-TAY-BCH-72X23","ASM-TAY-BCH-72X23-FRAME","FRAME","1","export"
"FIN-TAY-BCH-72X23-BENCHCOUNTER","FIN-TAY-BCH-72X23","ASM-TAY-BCH-72X23-CUSH","CUSH","1","export"
"FIN-TAY-BCH-72X23-BENCHDINING","FIN-TAY-BCH-72X23","ASM-TAY-BCH-72X23-FRAME","FRAME","1","export"
"FIN-TAY-BCH-72X23-BENCHDINING","FIN-TAY-BCH-72X23","ASM-TAY-BCH-72X23-CUSH","CUSH","1","export"
"FIN-TAY-BEN-BAR-HEI-72","FIN-TAY-BEN-BAR-HEI-72","ASM-TAY-BEN-BAR-HEI-72-FRAME","FRAME","1","export"
"FIN-TAY-BEN-BAR-HEI-72","FIN-TAY-BEN-BAR-HEI-72","ASM-TAY-BEN-BAR-HEI-72-CUSH","CUSH","1","export"
"FIN-TAY-BEN-DIN-HEI-42","FIN-TAY-BEN-DIN-HEI-42","ASM-TAY-BEN-DIN-HEI-42-FRAME","FRAME","1","export"
"FIN-TAY-BEN-DIN-HEI-42","FIN-TAY-BEN-DIN-HEI-42","ASM-TAY-BEN-DIN-HEI-42-CUSH","CUSH","1","export"
"FIN-TAY-BEN-DIN-HEI-72","FIN-TAY-BEN-DIN-HEI-72","ASM-TAY-BEN-DIN-HEI-72-FRAME","FRAME","1","export"
"FIN-TAY-BEN-DIN-HEI-72","FIN-TAY-BEN-DIN-HEI-72","ASM-TAY-BEN-DIN-HEI-72-CUSH","CUSH","1","export"
"FIN-TAY-BST-18X23","FIN-TAY-BST-18X23","ASM-TAY-BST-18X23-FRAME","FRAME","1","export"
"FIN-TAY-BST-18X23","FIN-TAY-BST-18X23","ASM-TAY-BST-18X23-CUSH","CUSH","1","export"
"FIN-TAY-BST-19X23","FIN-TAY-BST-19X23","ASM-TAY-BST-19X23-FRAME","FRAME","1","export"
"FIN-TAY-BST-19X23","FIN-TAY-BST-19X23","ASM-TAY-BST-19X23-CUSH","CUSH","1","export"
"FIN-TAY-BST-19X23-BARSTOOLCOUNTE","FIN-TAY-BST-19X23","ASM-TAY-BST-19X23-FRAME","FRAME","1","export"
"FIN-TAY-BST-19X23-BARSTOOLCOUNTE","FIN-TAY-BST-19X23","ASM-TAY-BST-19X23-CUSH","CUSH","1","export"
"FIN-TAY-BST-24X23","FIN-TAY-BST-24X23","ASM-TAY-BST-24X23-FRAME","FRAME","1","export"
"FIN-TAY-BST-24X23","FIN-TAY-BST-24X23","ASM-TAY-BST-24X23-CUSH","CUSH","1","export"
"FIN-TAY-BST-24X23-BARSTOOLARMS","FIN-TAY-BST-24X23","ASM-TAY-BST-24X23-FRAME","FRAME","1","export"
"FIN-TAY-BST-24X23-BARSTOOLARMS","FIN-TAY-BST-24X23","ASM-TAY-BST-24X23-CUSH","CUSH","1","export"
"FIN-TAY-DIN-CHA-19X23","FIN-TAY-DIN-CHA-19X23","ASM-TAY-DIN-CHA-19X23-FRAME","FRAME","1","export"
"FIN-TAY-DIN-CHA-19X23","FIN-TAY-DIN-CHA-19X23","ASM-TAY-DIN-CHA-19X23-CUSH","CUSH","1","export"
"FIN-TAY-DIN-CHA-24X23","FIN-TAY-DIN-CHA-24X23","ASM-TAY-DIN-CHA-24X23-FRAME","FRAME","1","export"
"FIN-TAY-DIN-CHA-24X23","FIN-TAY-DIN-CHA-24X23","ASM-TAY-DIN-CHA-24X23-CUSH","CUSH","1","export"
"FIN-TJM-CHA","FIN-TJM-CHA","ASM-TJM-CHA-FRAME","FRAME","1","export"
"FIN-TJM-CHA","FIN-TJM-CHA","ASM-TJM-CHA-CUSH","CUSH","1","export"
"FIN-TJM-CHA-MIBSTERCHAIR","FIN-TJM-CHA-MIBSTERCHAIR","","","","no_live_children"
"FIN-TJM-CHA-MOONCHAIR","FIN-TJM-CHA-MOONCHAIR","","","","no_live_children"
"FIN-TJM-MIS","FIN-TJM-MIS","","","","no_live_children"
"FIN-TJM-MIS-12X17","FIN-TJM-MIS-12X17","","","","no_live_children"
"FIN-TJM-MIS-13","FIN-TJM-MIS-13","","","","no_live_children"
"FIN-TJM-MIS-LAYLOLOUNGER","FIN-TJM-MIS-LAYLOLOUNGER","","","","no_live_children"
"FIN-TJM-MIS-ONECOATED","FIN-TJM-MIS-ONECOATED","","","","no_live_children"
"FIN-TJM-MIS-PILLOWLOUNGERS","FIN-TJM-MIS-PILLOWLOUNGERS","","","","no_live_children"
"FIN-TJM-MIS-TWOCOATED","FIN-TJM-MIS-TWOCOATED","","","","no_live_children"
"FIN-TJM-MIS-TWOSHAYZ","FIN-TJM-MIS-TWOSHAYZ","","","","no_live_children"
"FIN-TJM-MIS-TWOSHAYZ2","FIN-TJM-MIS-TWOSHAYZ2","","","","no_live_children"
"FIN-TJM-MIS-TWOWOOSAH","FIN-TJM-MIS-TWOWOOSAH","","","","no_live_children"
"FIN-TJM-TAB","FIN-TJM-TAB","ASM-TJM-TAB-FRAME","FRAME","1","export"
"FIN-TRI-SID-TAB-32X32","FIN-TRI-SID-TAB-32X32","ASM-TRI-SID-TAB-32X32-FRAME","FRAME","1","export"
"FIN-WFT-BAR-TAB-120X28","FIN-WFT-BAR-TAB-120X28","ASM-WFT-BAR-TAB-120X28-FRAME","FRAME","1","export"
"FIN-WFT-BAR-TAB-120X36","FIN-WFT-BAR-TAB-120X36","ASM-WFT-BAR-TAB-120X36-FRAME","FRAME","1","export"
"FIN-WFT-BAR-TAB-28X120","FIN-WFT-BAR-TAB-28X120","ASM-WFT-BAR-TAB-28X120-FRAME","FRAME","1","export"
"FIN-WFT-BAR-TAB-28X72","FIN-WFT-BAR-TAB-28X72","ASM-WFT-BAR-TAB-28X72-FRAME","FRAME","1","export"
"FIN-WFT-BAR-TAB-28X96","FIN-WFT-BAR-TAB-28X96","ASM-WFT-BAR-TAB-28X96-FRAME","FRAME","1","export"
"FIN-WFT-BAR-TAB-36X120","FIN-WFT-BAR-TAB-36X120","ASM-WFT-BAR-TAB-36X120-FRAME","FRAME","1","export"
"FIN-WFT-BAR-TAB-36X72","FIN-WFT-BAR-TAB-36X72","ASM-WFT-BAR-TAB-36X72-FRAME","FRAME","1","export"
"FIN-WFT-BAR-TAB-36X96","FIN-WFT-BAR-TAB-36X96","ASM-WFT-BAR-TAB-36X96-FRAME","FRAME","1","export"
"FIN-WFT-BAR-TAB-72X28","FIN-WFT-BAR-TAB-72X28","ASM-WFT-BAR-TAB-72X28-FRAME","FRAME","1","export"
"FIN-WFT-BAR-TAB-72X36","FIN-WFT-BAR-TAB-72X36","ASM-WFT-BAR-TAB-72X36-FRAME","FRAME","1","export"
"FIN-WFT-BAR-TAB-96X28","FIN-WFT-BAR-TAB-96X28","ASM-WFT-BAR-TAB-96X28-FRAME","FRAME","1","export"
"FIN-WFT-BAR-TAB-96X36","FIN-WFT-BAR-TAB-96X36","ASM-WFT-BAR-TAB-96X36-FRAME","FRAME","1","export"
"FIN-WFT-BCH-42X18","FIN-WFT-BCH-42X18","ASM-WFT-BCH-42X18-FRAME","FRAME","1","export"
"FIN-WFT-BCH-42X18","FIN-WFT-BCH-42X18","ASM-WFT-BCH-42X18-CUSH","CUSH","1","export"
"FIN-WFT-BCH-42X18-FLYLEG","FIN-WFT-BCH-42X18","ASM-WFT-BCH-42X18-FRAME","FRAME","1","export"
"FIN-WFT-BCH-42X18-FLYLEG","FIN-WFT-BCH-42X18","ASM-WFT-BCH-42X18-CUSH","CUSH","1","export"
"FIN-WFT-BCH-42X18-FLYLEG2","FIN-WFT-BCH-42X18","ASM-WFT-BCH-42X18-FRAME","FRAME","1","export"
"FIN-WFT-BCH-42X18-FLYLEG2","FIN-WFT-BCH-42X18","ASM-WFT-BCH-42X18-CUSH","CUSH","1","export"
"FIN-WFT-CNT-TAB-120X28","FIN-WFT-CNT-TAB-120X28","ASM-WFT-CNT-TAB-120X28-FRAME","FRAME","1","export"
"FIN-WFT-CNT-TAB-120X36","FIN-WFT-CNT-TAB-120X36","ASM-WFT-CNT-TAB-120X36-FRAME","FRAME","1","export"
"FIN-WFT-CNT-TAB-28X120","FIN-WFT-CNT-TAB-28X120","ASM-WFT-CNT-TAB-28X120-FRAME","FRAME","1","export"
"FIN-WFT-CNT-TAB-28X72","FIN-WFT-CNT-TAB-28X72","ASM-WFT-CNT-TAB-28X72-FRAME","FRAME","1","export"
"FIN-WFT-CNT-TAB-28X96","FIN-WFT-CNT-TAB-28X96","ASM-WFT-CNT-TAB-28X96-FRAME","FRAME","1","export"
"FIN-WFT-CNT-TAB-36X120","FIN-WFT-CNT-TAB-36X120","ASM-WFT-CNT-TAB-36X120-FRAME","FRAME","1","export"
"FIN-WFT-CNT-TAB-36X72","FIN-WFT-CNT-TAB-36X72","ASM-WFT-CNT-TAB-36X72-FRAME","FRAME","1","export"
"FIN-WFT-CNT-TAB-36X96","FIN-WFT-CNT-TAB-36X96","ASM-WFT-CNT-TAB-36X96-FRAME","FRAME","1","export"
"FIN-WFT-CNT-TAB-72X28","FIN-WFT-CNT-TAB-72X28","ASM-WFT-CNT-TAB-72X28-FRAME","FRAME","1","export"
"FIN-WFT-CNT-TAB-72X36","FIN-WFT-CNT-TAB-72X36","ASM-WFT-CNT-TAB-72X36-FRAME","FRAME","1","export"
"FIN-WFT-CNT-TAB-96X28","FIN-WFT-CNT-TAB-96X28","ASM-WFT-CNT-TAB-96X28-FRAME","FRAME","1","export"
"FIN-WFT-CNT-TAB-96X36","FIN-WFT-CNT-TAB-96X36","ASM-WFT-CNT-TAB-96X36-FRAME","FRAME","1","export"
"FIN-WFT-DIN-BCH-72X22","FIN-WFT-DIN-BCH-72X22","ASM-WFT-DIN-BCH-72X22-FRAME","FRAME","1","export"
"FIN-WFT-DIN-BCH-72X22","FIN-WFT-DIN-BCH-72X22","ASM-WFT-DIN-BCH-72X22-CUSH","CUSH","1","export"
"FIN-WFT-DIN-BCH-96X22","FIN-WFT-DIN-BCH-96X22","ASM-WFT-DIN-BCH-96X22-FRAME","FRAME","1","export"
"FIN-WFT-DIN-BCH-96X22","FIN-WFT-DIN-BCH-96X22","ASM-WFT-DIN-BCH-96X22-CUSH","CUSH","1","export"
"FIN-WFT-DIN-CHA-17X21","FIN-WFT-DIN-CHA-17X21","ASM-WFT-DIN-CHA-17X21-FRAME","FRAME","1","export"
"FIN-WFT-DIN-CHA-17X21","FIN-WFT-DIN-CHA-17X21","ASM-WFT-DIN-CHA-17X21-CUSH","CUSH","1","export"
"FIN-WFT-DIN-CHA-18X18","FIN-WFT-DIN-CHA-18X18","ASM-WFT-DIN-CHA-18X18-FRAME","FRAME","1","export"
"FIN-WFT-DIN-CHA-18X18","FIN-WFT-DIN-CHA-18X18","ASM-WFT-DIN-CHA-18X18-CUSH","CUSH","1","export"
"FIN-WFT-DIN-TAB-120X28","FIN-WFT-DIN-TAB-120X28","ASM-WFT-DIN-TAB-120X28-FRAME","FRAME","1","export"
"FIN-WFT-DIN-TAB-120X36","FIN-WFT-DIN-TAB-120X36","ASM-WFT-DIN-TAB-120X36-FRAME","FRAME","1","export"
"FIN-WFT-DIN-TAB-28X120","FIN-WFT-DIN-TAB-28X120","ASM-WFT-DIN-TAB-28X120-FRAME","FRAME","1","export"
"FIN-WFT-DIN-TAB-28X72","FIN-WFT-DIN-TAB-28X72","ASM-WFT-DIN-TAB-28X72-FRAME","FRAME","1","export"
"FIN-WFT-DIN-TAB-28X96","FIN-WFT-DIN-TAB-28X96","ASM-WFT-DIN-TAB-28X96-FRAME","FRAME","1","export"
"FIN-WFT-DIN-TAB-36X120","FIN-WFT-DIN-TAB-36X120","ASM-WFT-DIN-TAB-36X120-FRAME","FRAME","1","export"
"FIN-WFT-DIN-TAB-36X72","FIN-WFT-DIN-TAB-36X72","ASM-WFT-DIN-TAB-36X72-FRAME","FRAME","1","export"
"FIN-WFT-DIN-TAB-36X96","FIN-WFT-DIN-TAB-36X96","ASM-WFT-DIN-TAB-36X96-FRAME","FRAME","1","export"
"FIN-WFT-DIN-TAB-72X28","FIN-WFT-DIN-TAB-72X28","","","","no_live_children"
"FIN-WFT-DIN-TAB-72X36","FIN-WFT-DIN-TAB-72X36","ASM-WFT-DIN-TAB-72X36-FRAME","FRAME","1","export"
"FIN-WFT-DIN-TAB-96X28","FIN-WFT-DIN-TAB-96X28","ASM-WFT-DIN-TAB-96X28-FRAME","FRAME","1","export"
"FIN-WFT-DIN-TAB-96X36","FIN-WFT-DIN-TAB-96X36","ASM-WFT-DIN-TAB-96X36-FRAME","FRAME","1","export"
"FIN-WFT-FIR-TAB-56X36","FIN-WFT-FIR-TAB-56X36","ASM-WFT-FIR-TAB-56X36-FRAME","FRAME","1","export"
"FIN-WFT-FIR-TAB-56X36-CUBEFIRE","FIN-WFT-FIR-TAB-56X36","ASM-WFT-FIR-TAB-56X36-FRAME","FRAME","1","export"
"FIN-WFT-FIR-TAB-72X36","FIN-WFT-FIR-TAB-72X36","ASM-WFT-FIR-TAB-72X36-FRAME","FRAME","1","export"
"FIN-WFT-FIR-TAB-72X36-CUBEFIRE","FIN-WFT-FIR-TAB-72X36","ASM-WFT-FIR-TAB-72X36-FRAME","FRAME","1","export"
"FIN-WFT-FLY-BST-17X21","FIN-WFT-FLY-BST-17X21","ASM-WFT-FLY-BST-17X21-FRAME","FRAME","1","export"
"FIN-WFT-FLY-BST-17X21","FIN-WFT-FLY-BST-17X21","ASM-WFT-FLY-BST-17X21-CUSH","CUSH","1","export"
"FIN-WFT-FLY-BST-17X21-HALFBACK","FIN-WFT-FLY-BST-17X21","ASM-WFT-FLY-BST-17X21-FRAME","FRAME","1","export"
"FIN-WFT-FLY-BST-17X21-HALFBACK","FIN-WFT-FLY-BST-17X21","ASM-WFT-FLY-BST-17X21-CUSH","CUSH","1","export"
"FIN-WFT-FLY-BST-18X18","FIN-WFT-FLY-BST-18X18","ASM-WFT-FLY-BST-18X18-FRAME","FRAME","1","export"
"FIN-WFT-FLY-BST-18X18","FIN-WFT-FLY-BST-18X18","ASM-WFT-FLY-BST-18X18-CUSH","CUSH","1","export"
"FIN-WFT-FLY-BST-18X18-LEGBARSTOOL","FIN-WFT-FLY-BST-18X18","ASM-WFT-FLY-BST-18X18-FRAME","FRAME","1","export"
"FIN-WFT-FLY-BST-18X18-LEGBARSTOOL","FIN-WFT-FLY-BST-18X18","ASM-WFT-FLY-BST-18X18-CUSH","CUSH","1","export"
"FIN-WFT-SID-TAB-13X40","FIN-WFT-SID-TAB-13X40","ASM-WFT-SID-TAB-13X40-FRAME","FRAME","1","export"
"FIN-WFT-SID-TAB-40X13","FIN-WFT-SID-TAB-40X13","ASM-WFT-SID-TAB-40X13-FRAME","FRAME","1","export"
