sku,name,family,gap_class,ops_presence,track_id,recipe_row_count,operation_row_count,variant_id,product_id,purchase_price
"ASM-BRK-BAR-TAB-120X28-FRAME","","FRAME","ok_recipe","has_ops","aluminum_frame","5","6","42071583","17978530","0"
"ASM-BRK-BAR-TAB-120X36-FRAME","","FRAME","ok_recipe","has_ops","aluminum_frame","5","6","42071584","17978531","0"
"ASM-BRK-BAR-TAB-28X120-FRAME","","FRAME","ok_recipe","has_ops","aluminum_frame","5","6","42071585","17978532","0"
"ASM-BRK-BAR-TAB-28X72-FRAME","","FRAME","ok_recipe","has_ops","aluminum_frame","5","6","42071586","17978533","0"
"ASM-BRK-BAR-TAB-28X96-FRAME","","FRAME","ok_recipe","has_ops","aluminum_frame","5","6","42071587","17978534","0"
"ASM-BRK-BAR-TAB-36X120-FRAME","","FRAME","ok_recipe","has_ops","aluminum_frame","5","6","42071588","17978535","0"
"ASM-BRK-BAR-TAB-36X36-FRAME","","FRAME","ok_recipe","has_ops","aluminum_frame","5","6","42071589","17978536","0"
"ASM-BRK-BAR-TAB-36X72-FRAME","","FRAME","ok_recipe","has_ops","aluminum_frame","5","6","42071590","17978537","0"
"ASM-BRK-BAR-TAB-36X96-FRAME","","FRAME","ok_recipe","has_ops","aluminum_frame","5","6","42071591","17978538","0"
"ASM-BRK-BAR-TAB-42X42-FRAME","","FRAME","ok_recipe","has_ops","aluminum_frame","5","6","42071592","17978539","0"
"ASM-BRK-BAR-TAB-72X28-FRAME","","FRAME","ok_recipe","has_ops","aluminum_frame","5","6","42071593","17978540","0"
"ASM-BRK-BAR-TAB-72X36-FRAME","","FRAME","ok_recipe","has_ops","aluminum_frame","5","6","42071594","17978541","0"
"ASM-BRK-BAR-TAB-96X36-FRAME","","FRAME","ok_recipe","has_ops","aluminum_frame","5","6","42071595","17978542","0"
"ASM-BRK-BAR-TAB-98X28-FRAME","","FRAME","ok_recipe","has_ops","aluminum_frame","5","6","42071596","17978543","0"
"ASM-BRK-CNT-TAB-120X28-FRAME","","FRAME","ok_recipe","has_ops","aluminum_frame","5","6","42071597","17978544","0"
"ASM-BRK-CNT-TAB-120X36-FRAME","","FRAME","ok_recipe","has_ops","aluminum_frame","5","6","42071598","17978545","0"
"ASM-BRK-CNT-TAB-28X120-FRAME","","FRAME","ok_recipe","has_ops","aluminum_frame","5","6","42071599","17978546","0"
"ASM-BRK-CNT-TAB-28X72-FRAME","","FRAME","ok_recipe","has_ops","aluminum_frame","5","6","42071600","17978547","0"
"ASM-BRK-CNT-TAB-28X96-FRAME","","FRAME","ok_recipe","has_ops","aluminum_frame","5","6","42071601","17978548","0"
"ASM-BRK-CNT-TAB-36X120-FRAME","","FRAME","ok_recipe","has_ops","aluminum_frame","5","6","42071602","17978549","0"
"ASM-BRK-CNT-TAB-36X36-FRAME","","FRAME","ok_recipe","has_ops","aluminum_frame","5","6","42071603","17978550","0"
"ASM-BRK-CNT-TAB-36X72-FRAME","","FRAME","ok_recipe","has_ops","aluminum_frame","5","6","42071604","17978551","0"
"ASM-BRK-CNT-TAB-36X96-FRAME","","FRAME","ok_recipe","has_ops","aluminum_frame","5","6","42071605","17978552","0"
"ASM-BRK-CNT-TAB-42X42-FRAME","","FRAME","ok_recipe","has_ops","aluminum_frame","5","6","42071606","17978553","0"
"ASM-BRK-CNT-TAB-72X18-FRAME","","FRAME","ok_recipe","has_ops","aluminum_frame","5","6","42071607","17978554","0"
"ASM-BRK-CNT-TAB-72X28-FRAME","","FRAME","ok_recipe","has_ops","aluminum_frame","5","6","42071608","17978555","0"
"ASM-BRK-CNT-TAB-72X36-FRAME","","FRAME","ok_recipe","has_ops","aluminum_frame","5","6","42071609","17978556","0"
"ASM-BRK-CNT-TAB-96X28-FRAME","","FRAME","ok_recipe","has_ops","aluminum_frame","5","6","42071610","17978557","0"
"ASM-BRK-CNT-TAB-96X36-FRAME","","FRAME","ok_recipe","has_ops","aluminum_frame","5","6","42071611","17978558","0"
"ASM-BRK-COR-CHS-84X42-CUSH","","CUSH","ok_recipe","has_ops","cushion","2","4","42071612","17978559","0"
"ASM-BRK-COR-CHS-84X42-FRAME","","FRAME","ok_recipe","has_ops","aluminum_frame","5","6","42071613","17978560","0"
"ASM-BRK-DIN-TAB-120X28-FRAME","","FRAME","ok_recipe","has_ops","aluminum_frame","5","6","42071614","17978561","0"
"ASM-BRK-DIN-TAB-120X36-FRAME","","FRAME","ok_recipe","has_ops","aluminum_frame","5","6","42071615","17978562","0"
"ASM-BRK-DIN-TAB-28X120-FRAME","","FRAME","ok_recipe","has_ops","aluminum_frame","5","6","42071616","17978563","0"
"ASM-BRK-DIN-TAB-28X72-FRAME","","FRAME","ok_recipe","has_ops","aluminum_frame","5","6","42071617","17978564","0"
"ASM-BRK-DIN-TAB-28X96-FRAME","","FRAME","ok_recipe","has_ops","aluminum_frame","5","6","42071618","17978565","0"
"ASM-BRK-DIN-TAB-36X120-FRAME","","FRAME","ok_recipe","has_ops","aluminum_frame","5","6","42071619","17978566","0"
"ASM-BRK-DIN-TAB-36X36-FRAME","","FRAME","ok_recipe","has_ops","aluminum_frame","5","6","42071620","17978567","0"
"ASM-BRK-DIN-TAB-36X72-FRAME","","FRAME","ok_recipe","has_ops","aluminum_frame","5","6","42071621","17978568","0"
"ASM-BRK-DIN-TAB-36X96-FRAME","","FRAME","ok_recipe","has_ops","aluminum_frame","5","6","42071622","17978569","0"
"ASM-BRK-DIN-TAB-42X42-FRAME","","FRAME","ok_recipe","has_ops","aluminum_frame","5","6","42071623","17978570","0"
"ASM-BRK-DIN-TAB-72X28-FRAME","","FRAME","ok_recipe","has_ops","aluminum_frame","5","6","42071624","17978571","0"
"ASM-BRK-DIN-TAB-72X36-FRAME","","FRAME","ok_recipe","has_ops","aluminum_frame","5","6","42071625","17978572","0"
"ASM-BRK-DIN-TAB-96X28-FRAME","","FRAME","ok_recipe","has_ops","aluminum_frame","5","6","42071626","17978573","0"
"ASM-BRK-DIN-TAB-96X36-FRAME","","FRAME","ok_recipe","has_ops","aluminum_frame","5","6","42071627","17978574","0"
"ASM-BRK-OTT-22X42-CUSH","","CUSH","ok_recipe","has_ops","cushion","2","4","42071628","17978575","0"
"ASM-BRK-OTT-22X42-FRAME","","FRAME","ok_recipe","has_ops","aluminum_frame","6","6","42071629","17978576","0"
"ASM-BRK-OTT-22X60-CUSH","","CUSH","ok_recipe","has_ops","cushion","2","4","42071630","17978577","0"
"ASM-BRK-OTT-22X60-FRAME","","FRAME","ok_recipe","has_ops","aluminum_frame","6","6","42071631","17978578","0"
"ASM-BRK-OTT-22X72-CUSH","","CUSH","ok_recipe","has_ops","cushion","2","4","42071632","17978579","0"
"ASM-BRK-OTT-22X72-FRAME","","FRAME","ok_recipe","has_ops","aluminum_frame","6","6","42071633","17978580","0"
"ASM-BRK-OTT-34X34-CUSH","","CUSH","ok_recipe","has_ops","cushion","2","4","42071642","17978589","0"
"ASM-BRK-OTT-34X34-FRAME","","FRAME","ok_recipe","has_ops","aluminum_frame","6","6","42071643","17978590","0"
"ASM-BRK-OTT-34X42-CUSH","","CUSH","ok_recipe","has_ops","cushion","2","4","42071644","17978591","0"
"ASM-BRK-OTT-34X42-FRAME","","FRAME","ok_recipe","has_ops","aluminum_frame","6","6","42071645","17978592","0"
"ASM-BRK-OTT-34X60-CUSH","","CUSH","ok_recipe","has_ops","cushion","2","4","42071646","17978593","0"
"ASM-BRK-OTT-34X60-FRAME","","FRAME","ok_recipe","has_ops","aluminum_frame","6","6","42071647","17978594","0"
"ASM-BRK-OTT-34X72-CUSH","","CUSH","ok_recipe","has_ops","cushion","2","4","42071648","17978595","0"
"ASM-BRK-OTT-34X72-FRAME","","FRAME","ok_recipe","has_ops","aluminum_frame","6","6","42071649","17978596","0"
"ASM-BRK-OTT-42X22-CUSH","","CUSH","ok_recipe","has_ops","cushion","2","4","42071650","17978597","0"
"ASM-BRK-OTT-42X22-FRAME","","FRAME","ok_recipe","has_ops","aluminum_frame","6","6","42071651","17978598","0"
"ASM-BRK-OTT-42X34-CUSH","","CUSH","ok_recipe","has_ops","cushion","2","4","42071652","17978599","0"
"ASM-BRK-OTT-42X34-FRAME","","FRAME","ok_recipe","has_ops","aluminum_frame","6","6","42071653","17978600","0"
"ASM-BRK-OTT-56X42-CUSH","","CUSH","ok_recipe","has_ops","cushion","2","4","42071654","17978601","0"
"ASM-BRK-OTT-56X42-FRAME","","FRAME","ok_recipe","has_ops","aluminum_frame","6","6","42071655","17978602","0"
"ASM-BRK-OTT-60X22-CUSH","","CUSH","ok_recipe","has_ops","cushion","2","4","42071656","17978603","0"
"ASM-BRK-OTT-60X22-FRAME","","FRAME","ok_recipe","has_ops","aluminum_frame","6","6","42071657","17978604","0"
"ASM-BRK-OTT-60X34-CUSH","","CUSH","ok_recipe","has_ops","cushion","2","4","42071658","17978605","0"
"ASM-BRK-OTT-60X34-FRAME","","FRAME","ok_recipe","has_ops","aluminum_frame","6","6","42071659","17978606","0"
"ASM-BRK-OTT-72X22-CUSH","","CUSH","ok_recipe","has_ops","cushion","2","4","42071660","17978607","0"
"ASM-BRK-OTT-72X22-FRAME","","FRAME","ok_recipe","has_ops","aluminum_frame","6","6","42071661","17978608","0"
"ASM-BRK-OTT-72X34-CUSH","","CUSH","ok_recipe","has_ops","cushion","2","4","42071662","17978609","0"
"ASM-BRK-OTT-72X34-FRAME","","FRAME","ok_recipe","has_ops","aluminum_frame","6","6","42071663","17978610","0"
"ASM-BRK-SOF-60X34-CUSH","","CUSH","ok_recipe","has_ops","cushion","2","4","42071664","17978611","0"
"ASM-BRK-SOF-60X34-FRAME","","FRAME","ok_recipe","has_ops","aluminum_frame","6","6","42071665","17978612","0"
"ASM-BRV-ARM-SOF-34X34-CUSH","","CUSH","ok_recipe","has_ops","cushion","2","4","42071666","17978613","0"
"ASM-BRV-ARM-SOF-34X34-FRAME","","FRAME","ok_recipe","has_ops","aluminum_frame","6","6","42071667","17978614","0"
"ASM-BRV-ARM-SOF-72X34-CUSH","","CUSH","ok_recipe","has_ops","cushion","2","4","42071668","17978615","0"
"ASM-BRV-ARM-SOF-72X34-FRAME","","FRAME","ok_recipe","has_ops","aluminum_frame","6","6","42071669","17978616","0"
"ASM-BRV-ARM-SOF-84X34-CUSH","","CUSH","ok_recipe","has_ops","cushion","2","4","42071670","17978617","0"
"ASM-BRV-ARM-SOF-84X34-FRAME","","FRAME","ok_recipe","has_ops","aluminum_frame","6","6","42071671","17978618","0"
"ASM-BRV-ARM-SOF-96X34-CUSH","","CUSH","ok_recipe","has_ops","cushion","2","4","42071672","17978619","0"
"ASM-BRV-ARM-SOF-96X34-FRAME","","FRAME","ok_recipe","has_ops","aluminum_frame","6","6","42071673","17978620","0"
"ASM-BRV-BCH-96X34-CUSH","","CUSH","ok_recipe","has_ops","cushion","2","4","42071674","17978621","0"
"ASM-BRV-BCH-96X34-FRAME","","FRAME","ok_recipe","has_ops","aluminum_frame","6","6","42071675","17978622","0"
"ASM-BRV-COF-TAB-28X42-FRAME","","FRAME","ok_recipe","has_ops","aluminum_frame","5","6","42071676","17978623","0"
"ASM-BRV-COF-TAB-36X56-FRAME","","FRAME","ok_recipe","has_ops","aluminum_frame","5","6","42071677","17978624","0"
"ASM-BRV-COF-TAB-42X56-FRAME","","FRAME","ok_recipe","has_ops","aluminum_frame","5","6","42071678","17978625","0"
"ASM-BRV-COF-TAB-42X72-FRAME","","FRAME","ok_recipe","has_ops","aluminum_frame","5","6","42071679","17978626","0"
"ASM-BRV-COF-TAB-56X72-FRAME","","FRAME","ok_recipe","has_ops","aluminum_frame","5","6","42071680","17978627","0"
"ASM-BRV-COR-CHS-72X34-CUSH","","CUSH","ok_recipe","has_ops","cushion","2","4","42071681","17978628","0"
"ASM-BRV-COR-CHS-72X34-FRAME","","FRAME","ok_recipe","has_ops","aluminum_frame","5","6","42071682","17978629","0"
"ASM-BRV-COR-CHS-84X34-CUSH","","CUSH","ok_recipe","has_ops","cushion","2","4","42071683","17978630","0"
"ASM-BRV-COR-CHS-84X34-FRAME","","FRAME","ok_recipe","has_ops","aluminum_frame","5","6","42071684","17978631","0"
"ASM-BRV-DYB-84X72-CUSH","","CUSH","ok_recipe","has_ops","cushion","2","4","42071685","17978632","0"
"ASM-BRV-DYB-84X72-FRAME","","FRAME","ok_recipe","has_ops","aluminum_frame","5","6","42071686","17978633","0"
"ASM-BRV-DYB-84X84-CUSH","","CUSH","ok_recipe","has_ops","cushion","2","4","42071687","17978634","0"
"ASM-BRV-DYB-84X84-FRAME","","FRAME","ok_recipe","has_ops","aluminum_frame","5","6","42071688","17978635","0"
"ASM-BRV-OTT-22X30-CUSH","","CUSH","ok_recipe","has_ops","cushion","2","4","42071689","17978636","0"
"ASM-BRV-OTT-22X30-FRAME","","FRAME","ok_recipe","has_ops","aluminum_frame","6","6","42071690","17978637","0"
"ASM-BRV-OTT-22X42-CUSH","","CUSH","ok_recipe","has_ops","cushion","2","4","42071691","17978638","0"
"ASM-BRV-OTT-22X42-FRAME","","FRAME","ok_recipe","has_ops","aluminum_frame","6","6","42071692","17978639","0"
"ASM-BRV-OTT-22X60-CUSH","","CUSH","ok_recipe","has_ops","cushion","2","4","42071693","17978640","0"
"ASM-BRV-OTT-22X60-FRAME","","FRAME","ok_recipe","has_ops","aluminum_frame","6","6","42071694","17978641","0"
"ASM-BRV-OTT-22X72-CUSH","","CUSH","ok_recipe","has_ops","cushion","2","4","42071695","17978642","0"
"ASM-BRV-OTT-22X72-FRAME","","FRAME","ok_recipe","has_ops","aluminum_frame","6","6","42071696","17978643","0"
"ASM-BRV-OTT-34X42-CUSH","","CUSH","ok_recipe","has_ops","cushion","2","4","42071698","17978645","0"
"ASM-BRV-OTT-34X42-FRAME","","FRAME","ok_recipe","has_ops","aluminum_frame","6","6","42071699","17978646","0"
"ASM-BRV-OTT-34X60-CUSH","","CUSH","ok_recipe","has_ops","cushion","2","4","42071700","17978647","0"
"ASM-BRV-OTT-34X60-FRAME","","FRAME","ok_recipe","has_ops","aluminum_frame","6","6","42071701","17978648","0"
"ASM-BRV-OTT-34X72-CUSH","","CUSH","ok_recipe","has_ops","cushion","2","4","42071702","17978649","0"
"ASM-BRV-OTT-34X72-FRAME","","FRAME","ok_recipe","has_ops","aluminum_frame","6","6","42071703","17978650","0"
"ASM-BRV-OVS-CHS-72X42-CUSH","","CUSH","ok_recipe","has_ops","cushion","2","4","42071704","17978651","0"
"ASM-BRV-OVS-CHS-72X42-FRAME","","FRAME","ok_recipe","has_ops","aluminum_frame","5","6","42071705","17978652","0"
"ASM-BRV-OVS-CHS-84X42-CUSH","","CUSH","ok_recipe","has_ops","cushion","2","4","42071706","17978653","0"
"ASM-BRV-OVS-CHS-84X42-FRAME","","FRAME","ok_recipe","has_ops","aluminum_frame","5","6","42071707","17978654","0"
"ASM-BRV-SWV-CHA-CUSH","","CUSH","ok_recipe","has_ops","cushion","2","4","42071708","17978655","0"
"ASM-BRV-SWV-CHA-FRAME","","FRAME","ok_recipe","has_ops","aluminum_frame","6","6","42071709","17978656","0"
"ASM-CAB-DYB-84X84-CUSH","","CUSH","ok_recipe","has_ops","cushion","2","4","42071710","17978657","0"
"ASM-CAB-DYB-84X84-FRAME","","FRAME","ok_recipe","has_ops","aluminum_frame","5","6","42071711","17978658","0"
"ASM-CAB-MIS-10X10-CUSH","","CUSH","ok_recipe","has_ops","cushion","2","4","42071712","17978659","0"
"ASM-CAB-MIS-10X10-FRAME","","FRAME","ok_recipe","has_ops","aluminum_frame","5","6","42071713","17978660","0"
"ASM-CUS-OTT-22X72-CUSH","","CUSH","ok_recipe","has_ops","cushion","2","4","42071714","17978661","0"
"ASM-CUS-OTT-22X72-FRAME","","FRAME","ok_recipe","has_ops","aluminum_frame","6","6","42071715","17978662","0"
"ASM-CUS-OTT-23X82-CUSH","","CUSH","ok_recipe","has_ops","cushion","2","4","42071716","17978663","0"
"ASM-CUS-OTT-23X82-FRAME","","FRAME","ok_recipe","has_ops","aluminum_frame","6","6","42071745","17978692","0"
"ASM-CUS-OTT-72X22-CUSH","","CUSH","ok_recipe","has_ops","cushion","2","4","42071746","17978693","0"
"ASM-CUS-OTT-72X22-FRAME","","FRAME","ok_recipe","has_ops","aluminum_frame","6","6","42071747","17978694","0"
"ASM-CUS-OTT-82X23-CUSH","","CUSH","ok_recipe","has_ops","cushion","2","4","42071748","17978695","0"
"ASM-CUS-OTT-82X23-FRAME","","FRAME","ok_recipe","has_ops","aluminum_frame","6","6","42071749","17978696","0"
"ASM-DAI-BAR-TAB-120X42-FRAME","","FRAME","ok_recipe","has_ops","aluminum_frame","5","6","42071750","17978697","0"
"ASM-DAI-BAR-TAB-120X56-FRAME","","FRAME","ok_recipe","has_ops","aluminum_frame","5","6","42071751","17978698","0"
"ASM-DAI-BAR-TAB-42X120-FRAME","","FRAME","ok_recipe","has_ops","aluminum_frame","5","6","42071752","17978699","0"
"ASM-DAI-BAR-TAB-42X72-FRAME","","FRAME","ok_recipe","has_ops","aluminum_frame","5","6","42071753","17978700","0"
"ASM-DAI-BAR-TAB-42X96-FRAME","","FRAME","ok_recipe","has_ops","aluminum_frame","5","6","42071754","17978701","0"
"ASM-DAI-BAR-TAB-56X120-FRAME","","FRAME","ok_recipe","has_ops","aluminum_frame","5","6","42071756","17978703","0"
"ASM-DAI-BAR-TAB-56X56-FRAME","","FRAME","ok_recipe","has_ops","aluminum_frame","5","6","42071757","17978704","0"
"ASM-DAI-BAR-TAB-56X72-FRAME","","FRAME","ok_recipe","has_ops","aluminum_frame","5","6","42071758","17978705","0"
"ASM-DAI-BAR-TAB-56X96-FRAME","","FRAME","ok_recipe","has_ops","aluminum_frame","5","6","42071759","17978706","0"
"ASM-DAI-BAR-TAB-72X42-FRAME","","FRAME","ok_recipe","has_ops","aluminum_frame","5","6","42071760","17978707","0"
"ASM-DAI-BAR-TAB-72X56-FRAME","","FRAME","ok_recipe","has_ops","aluminum_frame","5","6","42071761","17978708","0"
"ASM-DAI-BAR-TAB-96X42-FRAME","","FRAME","ok_recipe","has_ops","aluminum_frame","5","6","42071762","17978709","0"
"ASM-DAI-BAR-TAB-96X56-FRAME","","FRAME","ok_recipe","has_ops","aluminum_frame","5","6","42071763","17978710","0"
"ASM-DAI-CNT-TAB-120X42-FRAME","","FRAME","ok_recipe","has_ops","aluminum_frame","5","6","42071764","17978711","0"
"ASM-DAI-CNT-TAB-120X56-FRAME","","FRAME","ok_recipe","has_ops","aluminum_frame","5","6","42071765","17978712","0"
"ASM-DAI-CNT-TAB-42X120-FRAME","","FRAME","ok_recipe","has_ops","aluminum_frame","5","6","42071766","17978713","0"
"ASM-DAI-CNT-TAB-42X72-FRAME","","FRAME","ok_recipe","has_ops","aluminum_frame","5","6","42071767","17978714","0"
"ASM-DAI-CNT-TAB-42X96-FRAME","","FRAME","ok_recipe","has_ops","aluminum_frame","5","6","42071768","17978715","0"
"ASM-DAI-CNT-TAB-56X120-FRAME","","FRAME","ok_recipe","has_ops","aluminum_frame","5","6","42071769","17978716","0"
"ASM-DAI-CNT-TAB-56X56-FRAME","","FRAME","ok_recipe","has_ops","aluminum_frame","5","6","42071770","17978717","0"
"ASM-DAI-CNT-TAB-56X72-FRAME","","FRAME","ok_recipe","has_ops","aluminum_frame","5","6","42071771","17978718","0"
"ASM-DAI-CNT-TAB-56X96-FRAME","","FRAME","ok_recipe","has_ops","aluminum_frame","5","6","42071772","17978719","0"
"ASM-DAI-CNT-TAB-72X42-FRAME","","FRAME","ok_recipe","has_ops","aluminum_frame","5","6","42071773","17978720","0"
"ASM-DAI-CNT-TAB-72X56-FRAME","","FRAME","ok_recipe","has_ops","aluminum_frame","5","6","42071774","17978721","0"
"ASM-DAI-CNT-TAB-96X42-FRAME","","FRAME","ok_recipe","has_ops","aluminum_frame","5","6","42071775","17978722","0"
"ASM-DAI-CNT-TAB-96X56-FRAME","","FRAME","ok_recipe","has_ops","aluminum_frame","5","6","42071776","17978723","0"
"ASM-DAI-DIN-TAB-120X42-FRAME","","FRAME","ok_recipe","has_ops","aluminum_frame","5","6","42071778","17978725","0"
"ASM-DAI-DIN-TAB-120X56-FRAME","","FRAME","ok_recipe","has_ops","aluminum_frame","5","6","42071779","17978726","0"
"ASM-DAI-DIN-TAB-42X30-FRAME","","FRAME","ok_recipe","has_ops","aluminum_frame","5","6","42071780","17978727","0"
"ASM-DAI-DIN-TAB-42X42-FRAME","","FRAME","ok_recipe","has_ops","aluminum_frame","5","6","42071781","17978728","0"
"ASM-DAI-DIN-TAB-56X30-FRAME","","FRAME","ok_recipe","has_ops","aluminum_frame","5","6","42071782","17978729","0"
"ASM-DAI-DIN-TAB-56X56-FRAME","","FRAME","ok_recipe","has_ops","aluminum_frame","5","6","42071783","17978730","0"
"ASM-DAI-DIN-TAB-56X72-FRAME","","FRAME","ok_recipe","has_ops","aluminum_frame","5","6","42071784","17978731","0"
"ASM-DAI-DIN-TAB-56X96-FRAME","","FRAME","ok_recipe","has_ops","aluminum_frame","5","6","42071785","17978732","0"
"ASM-DAI-DIN-TAB-72X42-FRAME","","FRAME","ok_recipe","has_ops","aluminum_frame","5","6","42071786","17978733","0"
"ASM-DAI-DIN-TAB-72X56-FRAME","","FRAME","ok_recipe","has_ops","aluminum_frame","5","6","42071787","17978734","0"
"ASM-DAI-DIN-TAB-96X42-FRAME","","FRAME","ok_recipe","has_ops","aluminum_frame","5","6","42071788","17978735","0"
"ASM-DAI-DIN-TAB-96X56-FRAME","","FRAME","ok_recipe","has_ops","aluminum_frame","5","6","42071789","17978736","0"
"ASM-DAI-FIR-TAB-42X42-FRAME","","FRAME","ok_recipe","has_ops","aluminum_frame","5","6","42071790","17978737","0"
"ASM-DAI-FIR-TAB-56X42-FRAME","","FRAME","ok_recipe","has_ops","aluminum_frame","5","6","42071791","17978738","0"
"ASM-DAI-FIR-TAB-84X56-FRAME","","FRAME","ok_recipe","has_ops","aluminum_frame","5","6","42071792","17978739","0"
"ASM-DAI-FIR-TAB-96X56-FRAME","","FRAME","ok_recipe","has_ops","aluminum_frame","5","6","42071793","17978740","0"
"ASM-DAI-TAB-108X56-FRAME","","FRAME","ok_recipe","has_ops","aluminum_frame","5","6","42071794","17978741","0"
"ASM-DAI-TAB-72X42-FRAME","","FRAME","ok_recipe","has_ops","aluminum_frame","5","6","42071795","17978742","0"
"ASM-ESY-CHS-CUSH","","CUSH","ok_recipe","has_ops","cushion","2","4","42071796","17978743","0"
"ASM-ESY-CHS-FRAME","","FRAME","ok_recipe","has_ops","aluminum_frame","5","6","42071797","17978744","0"
"ASM-FLY-BCH-42X18-CUSH","","CUSH","ok_recipe","has_ops","cushion","2","4","42071798","17978745","0"
"ASM-FLY-BCH-42X18-FRAME","","FRAME","ok_recipe","has_ops","aluminum_frame","6","6","42071799","17978746","0"
"ASM-FLY-DIN-CHA-18X18-CUSH","","CUSH","ok_recipe","has_ops","cushion","2","4","42071800","17978747","0"
"ASM-FLY-DIN-CHA-18X18-FRAME","","FRAME","ok_recipe","has_ops","aluminum_frame","6","6","42071801","17978748","0"
"ASM-FLY-FLY-BST-18X18-CUSH","","CUSH","ok_recipe","has_ops","cushion","2","4","42071802","17978749","0"
"ASM-FLY-FLY-BST-18X18-FRAME","","FRAME","ok_recipe","has_ops","aluminum_frame","6","6","42071803","17978750","0"
"ASM-FLY-LEG-BAR-COU-HEI-CUSH","","CUSH","ok_recipe","has_ops","cushion","2","4","42071804","17978751","0"
"ASM-FLY-LEG-BAR-COU-HEI-FRAME","","FRAME","ok_recipe","has_ops","aluminum_frame","6","6","42071805","17978752","0"
"ASM-FLY-LEG-BEN-COU-HEI-42-CUSH","","CUSH","ok_recipe","has_ops","cushion","2","4","42071806","17978753","0"
"ASM-FLY-LEG-BEN-COU-HEI-42-FRAME","","FRAME","ok_recipe","has_ops","aluminum_frame","6","6","42071807","17978754","0"
"ASM-FLY-LEG-BEN-DIN-HEI-42-CUSH","","CUSH","ok_recipe","has_ops","cushion","2","4","42071808","17978755","0"
"ASM-FLY-LEG-BEN-DIN-HEI-42-FRAME","","FRAME","ok_recipe","has_ops","aluminum_frame","6","6","42071809","17978756","0"
"ASM-FLY-TAB-38X8-FRAME","","FRAME","ok_recipe","has_ops","aluminum_frame","5","6","42071810","17978757","0"
"ASM-FLY-TAB-60X12-FRAME","","FRAME","ok_recipe","has_ops","aluminum_frame","5","6","42071811","17978758","0"
"ASM-FLY-TAB-72X12-FRAME","","FRAME","ok_recipe","has_ops","aluminum_frame","5","6","42071812","17978759","0"
"ASM-FLY-TAB-84X12-FRAME","","FRAME","ok_recipe","has_ops","aluminum_frame","5","6","42071813","17978760","0"
"ASM-FLY-TAB-96X12-FRAME","","FRAME","ok_recipe","has_ops","aluminum_frame","5","6","42071815","17978762","0"
"ASM-HAL-BAC-BAR-BAR-HEI-CUSH","","CUSH","ok_recipe","has_ops","cushion","2","4","42071816","17978763","0"
"ASM-HAL-BAC-BAR-BAR-HEI-FRAME","","FRAME","ok_recipe","has_ops","aluminum_frame","6","6","42071817","17978764","0"
"ASM-LED-CHA-CUSH","","CUSH","ok_recipe","has_ops","cushion","2","4","42071818","17978765","0"
"ASM-LED-CHA-FRAME","","FRAME","ok_recipe","has_ops","aluminum_frame","6","6","42071819","17978766","0"
"ASM-LED-SID-TAB-FRAME","","FRAME","ok_recipe","has_ops","aluminum_frame","5","6","42071820","17978767","0"
"ASM-MIS-DIN-BCH-72X22-CUSH","","CUSH","ok_recipe","has_ops","cushion","2","4","42071821","17978768","0"
"ASM-MIS-DIN-BCH-72X22-FRAME","","FRAME","ok_recipe","has_ops","aluminum_frame","6","6","42071822","17978769","0"
"ASM-MIS-DIN-BCH-96X22-CUSH","","CUSH","ok_recipe","has_ops","cushion","2","4","42071824","17978770","0"
"ASM-MIS-DIN-BCH-96X22-FRAME","","FRAME","ok_recipe","has_ops","aluminum_frame","6","6","42071825","17978771","0"
"ASM-MIS-DIN-CHA-17X21-CUSH","","CUSH","ok_recipe","has_ops","cushion","2","4","42071826","17978772","0"
"ASM-MIS-DIN-CHA-17X21-FRAME","","FRAME","ok_recipe","has_ops","aluminum_frame","6","6","42071827","17978773","0"
"ASM-MIS-FIR-TAB-42X42-FRAME","","FRAME","ok_recipe","has_ops","aluminum_frame","5","6","42071828","17978774","0"
"ASM-MIS-FLY-BST-17X21-CUSH","","CUSH","ok_recipe","has_ops","cushion","2","4","42071829","17978775","0"
"ASM-MIS-FLY-BST-17X21-FRAME","","FRAME","ok_recipe","has_ops","aluminum_frame","6","6","42071830","17978776","0"
"ASM-MIS-OTT-22X22-CUSH","","CUSH","ok_recipe","has_ops","cushion","2","4","42071831","17978777","0"
"ASM-MIS-OTT-22X22-FRAME","","FRAME","ok_recipe","has_ops","aluminum_frame","6","6","42071832","17978778","0"
"ASM-MIS-SID-TAB-13X30-FRAME","","FRAME","ok_recipe","has_ops","aluminum_frame","5","6","42071833","17978779","0"
"ASM-MIS-TAB-13X30-FRAME","","FRAME","ok_recipe","has_ops","aluminum_frame","5","6","42071834","17978780","0"
"ASM-MLN-CLB-CHA-32X36-CUSH","","CUSH","ok_recipe","has_ops","cushion","2","4","42071835","17978781","0"
"ASM-MLN-CLB-CHA-32X36-FRAME","","FRAME","ok_recipe","has_ops","aluminum_frame","6","6","42071836","17978782","0"
"ASM-MLN-OTT-22X60-CUSH","","CUSH","ok_recipe","has_ops","cushion","2","4","42071837","17978783","0"
"ASM-MLN-OTT-22X60-FRAME","","FRAME","ok_recipe","has_ops","aluminum_frame","6","6","42071838","17978784","0"
"ASM-MLN-OTT-22X72-CUSH","","CUSH","ok_recipe","has_ops","cushion","2","4","42071839","17978785","0"
"ASM-MLN-OTT-22X72-FRAME","","FRAME","ok_recipe","has_ops","aluminum_frame","6","6","42071840","17978786","0"
"ASM-MLN-OTT-34X34-CUSH","","CUSH","ok_recipe","has_ops","cushion","2","4","42071841","17978787","0"
"ASM-MLN-OTT-34X34-FRAME","","FRAME","ok_recipe","has_ops","aluminum_frame","6","6","42071842","17978788","0"
"ASM-MLN-OTT-34X42-CUSH","","CUSH","ok_recipe","has_ops","cushion","2","4","42071843","17978789","0"
"ASM-MLN-OTT-34X42-FRAME","","FRAME","ok_recipe","has_ops","aluminum_frame","6","6","42071844","17978790","0"
"ASM-MLN-OTT-34X60-CUSH","","CUSH","ok_recipe","has_ops","cushion","2","4","42071845","17978791","0"
"ASM-MLN-OTT-34X60-FRAME","","FRAME","ok_recipe","has_ops","aluminum_frame","6","6","42071846","17978792","0"
"ASM-MLN-OTT-34X72-CUSH","","CUSH","ok_recipe","has_ops","cushion","2","4","42071847","17978793","0"
"ASM-MLN-OTT-34X72-FRAME","","FRAME","ok_recipe","has_ops","aluminum_frame","6","6","42071848","17978794","0"
"ASM-MLN-OTT-56X42-CUSH","","CUSH","ok_recipe","has_ops","cushion","2","4","42071849","17978795","0"
"ASM-MLN-OTT-56X42-FRAME","","FRAME","ok_recipe","has_ops","aluminum_frame","6","6","42071850","17978796","0"
"ASM-MLN-SOF-60X62-CUSH","","CUSH","ok_recipe","has_ops","cushion","2","4","42071851","17978797","0"
"ASM-MLN-SOF-60X62-FRAME","","FRAME","ok_recipe","has_ops","aluminum_frame","6","6","42071852","17978798","0"
"ASM-MLN-SOF-62X42-CUSH","","CUSH","ok_recipe","has_ops","cushion","2","4","42071853","17978799","0"
"ASM-MLN-SOF-62X42-FRAME","","FRAME","ok_recipe","has_ops","aluminum_frame","6","6","42071854","17978800","0"
"ASM-MLN-SOF-72X36-CUSH","","CUSH","ok_recipe","has_ops","cushion","2","4","42071855","17978801","0"
"ASM-MLN-SOF-72X36-FRAME","","FRAME","ok_recipe","has_ops","aluminum_frame","6","6","42071856","17978802","0"
"ASM-MLN-SOF-84X36-CUSH","","CUSH","ok_recipe","has_ops","cushion","2","4","42071857","17978803","0"
"ASM-MLN-SOF-84X36-FRAME","","FRAME","ok_recipe","has_ops","aluminum_frame","6","6","42071858","17978804","0"
"ASM-MLN-SOF-96X36-CUSH","","CUSH","ok_recipe","has_ops","cushion","2","4","42071859","17978805","0"
"ASM-MLN-SOF-96X36-FRAME","","FRAME","ok_recipe","has_ops","aluminum_frame","6","6","42071860","17978806","0"
"ASM-MLN-TAB-56X14-FRAME","","FRAME","ok_recipe","has_ops","aluminum_frame","5","6","42071861","17978807","0"
"ASM-OCC-TAB-56X14-FRAME","","FRAME","ok_recipe","has_ops","aluminum_frame","5","6","42071862","17978808","0"
"ASM-OCN-COF-TAB-28X42-FRAME","","FRAME","ok_recipe","has_ops","aluminum_frame","5","6","42071863","17978809","0"
"ASM-OCN-COF-TAB-28X56-FRAME","","FRAME","ok_recipe","has_ops","aluminum_frame","5","6","42071864","17978810","0"
"ASM-OCN-COF-TAB-36X56-FRAME","","FRAME","ok_recipe","has_ops","aluminum_frame","5","6","42071865","17978811","0"
"ASM-OCN-COF-TAB-36X72-FRAME","","FRAME","ok_recipe","has_ops","aluminum_frame","5","6","42071866","17978812","0"
"ASM-OCN-COF-TAB-42X56-FRAME","","FRAME","ok_recipe","has_ops","aluminum_frame","5","6","42071867","17978813","0"
"ASM-OCN-COF-TAB-42X72-FRAME","","FRAME","ok_recipe","has_ops","aluminum_frame","5","6","42071868","17978814","0"
"ASM-OCN-COF-TAB-56X72-FRAME","","FRAME","ok_recipe","has_ops","aluminum_frame","5","6","42071869","17978815","0"
"ASM-OCN-MIN-LOV-48X38-CUSH","","CUSH","ok_recipe","has_ops","cushion","2","4","42071870","17978816","0"
"ASM-OCN-MIN-LOV-48X38-FRAME","","FRAME","ok_recipe","has_ops","aluminum_frame","6","6","42071871","17978817","0"
"ASM-OCN-MIN-LOV-CUSH","","CUSH","ok_recipe","has_ops","cushion","2","4","42071872","17978818","0"
"ASM-OCN-MIN-LOV-FRAME","","FRAME","ok_recipe","has_ops","aluminum_frame","6","6","42071873","17978819","0"
"ASM-OCN-SID-TAB-12-FRAME","","FRAME","ok_recipe","has_ops","aluminum_frame","5","6","42071874","17978820","0"
"ASM-OCN-SID-TAB-13X30-FRAME","","FRAME","ok_recipe","has_ops","aluminum_frame","5","6","42071875","17978821","0"
"ASM-OCN-SID-TAB-32X32-FRAME","","FRAME","ok_recipe","has_ops","aluminum_frame","5","6","42071876","17978822","0"
"ASM-OCN-SID-TAB-36X17-FRAME","","FRAME","ok_recipe","has_ops","aluminum_frame","5","6","42071878","17978824","0"
"ASM-OCN-SWV-CHA-34X38-CUSH","","CUSH","ok_recipe","has_ops","cushion","2","4","42071879","17978825","0"
"ASM-OCN-SWV-CHA-34X38-FRAME","","FRAME","ok_recipe","has_ops","aluminum_frame","6","6","42071880","17978826","0"
"ASM-OCN-SWV-CHA-CUSH","","CUSH","ok_recipe","has_ops","cushion","2","4","42071881","17978827","0"
"ASM-OCN-SWV-CHA-FRAME","","FRAME","ok_recipe","has_ops","aluminum_frame","6","6","42071882","17978828","0"
"ASM-OCN-TAB-13X30-FRAME","","FRAME","ok_recipe","has_ops","aluminum_frame","5","6","42071883","17978829","0"
"ASM-OCN-TAB-34X12-FRAME","","FRAME","ok_recipe","has_ops","aluminum_frame","5","6","42071884","17978830","0"
"ASM-OCN-TAB-72X12-FRAME","","FRAME","ok_recipe","has_ops","aluminum_frame","5","6","42071885","17978831","0"
"ASM-OCN-TAB-84X12-FRAME","","FRAME","ok_recipe","has_ops","aluminum_frame","5","6","42071886","17978832","0"
"ASM-OCN-TAB-96X12-FRAME","","FRAME","ok_recipe","has_ops","aluminum_frame","5","6","42071887","17978833","0"
"ASM-STA-BAR-TAB-36X36-FRAME","","FRAME","ok_recipe","has_ops","aluminum_frame","5","6","42071888","17978834","0"
"ASM-STA-BAR-TAB-42X42-FRAME","","FRAME","ok_recipe","has_ops","aluminum_frame","5","6","42071889","17978835","0"
"ASM-STA-BAR-TAB-72X36-FRAME","","FRAME","ok_recipe","has_ops","aluminum_frame","5","6","42071890","17978836","0"
"ASM-STA-CNT-TAB-36X36-FRAME","","FRAME","ok_recipe","has_ops","aluminum_frame","5","6","42071891","17978837","0"
"ASM-STA-CNT-TAB-42X42-FRAME","","FRAME","ok_recipe","has_ops","aluminum_frame","5","6","42071892","17978838","0"
"ASM-STA-CNT-TAB-72X36-FRAME","","FRAME","ok_recipe","has_ops","aluminum_frame","5","6","42071893","17978839","0"
"ASM-STA-DIN-TAB-36X36-FRAME","","FRAME","ok_recipe","has_ops","aluminum_frame","5","6","42071894","17978840","0"
"ASM-STA-DIN-TAB-42X42-FRAME","","FRAME","ok_recipe","has_ops","aluminum_frame","5","6","42071895","17978841","0"
"ASM-STA-DIN-TAB-72X36-FRAME","","FRAME","ok_recipe","has_ops","aluminum_frame","5","6","42071896","17978842","0"
"ASM-TAY-BAR-W-ARM-COU-HEI-CUSH","","CUSH","ok_recipe","has_ops","cushion","2","4","42071897","17978843","0"
"ASM-TAY-BAR-W-ARM-COU-HEI-FRAME","","FRAME","ok_recipe","has_ops","aluminum_frame","6","6","42071898","17978844","0"
"ASM-TAY-BCH-24X23-CUSH","","CUSH","ok_recipe","has_ops","cushion","2","4","42071899","17978845","0"
"ASM-TAY-BCH-24X23-FRAME","","FRAME","ok_recipe","has_ops","aluminum_frame","6","6","42071900","17978846","0"
"ASM-TAY-BCH-42X23-CUSH","","CUSH","ok_recipe","has_ops","cushion","2","4","42071901","17978847","0"
"ASM-TAY-BCH-42X23-FRAME","","FRAME","ok_recipe","has_ops","aluminum_frame","6","6","42071902","17978848","0"
"ASM-TAY-BCH-72X23-CUSH","","CUSH","ok_recipe","has_ops","cushion","2","4","42071903","17978849","0"
"ASM-TAY-BCH-72X23-FRAME","","FRAME","ok_recipe","has_ops","aluminum_frame","6","6","42071904","17978850","0"
"ASM-TAY-BEN-BAR-HEI-72-CUSH","","CUSH","ok_recipe","has_ops","cushion","2","4","42071906","17978852","0"
"ASM-TAY-BEN-BAR-HEI-72-FRAME","","FRAME","ok_recipe","has_ops","aluminum_frame","6","6","42071907","17978853","0"
"ASM-TAY-BEN-DIN-HEI-42-CUSH","","CUSH","ok_recipe","has_ops","cushion","2","4","42071908","17978854","0"
"ASM-TAY-BEN-DIN-HEI-42-FRAME","","FRAME","ok_recipe","has_ops","aluminum_frame","6","6","42071909","17978855","0"
"ASM-TAY-BEN-DIN-HEI-72-CUSH","","CUSH","ok_recipe","has_ops","cushion","2","4","42071910","17978856","0"
"ASM-TAY-BEN-DIN-HEI-72-FRAME","","FRAME","ok_recipe","has_ops","aluminum_frame","6","6","42071911","17978857","0"
"ASM-TAY-BST-18X23-CUSH","","CUSH","ok_recipe","has_ops","cushion","2","4","42071912","17978858","0"
"ASM-TAY-BST-18X23-FRAME","","FRAME","ok_recipe","has_ops","aluminum_frame","6","6","42071913","17978859","0"
"ASM-TAY-BST-19X23-CUSH","","CUSH","ok_recipe","has_ops","cushion","2","4","42071914","17978860","0"
"ASM-TAY-BST-19X23-FRAME","","FRAME","ok_recipe","has_ops","aluminum_frame","6","6","42071915","17978861","0"
"ASM-TAY-BST-24X23-CUSH","","CUSH","ok_recipe","has_ops","cushion","2","4","42071916","17978862","0"
"ASM-TAY-BST-24X23-FRAME","","FRAME","ok_recipe","has_ops","aluminum_frame","6","6","42071917","17978863","0"
"ASM-TAY-DIN-CHA-19X23-CUSH","","CUSH","ok_recipe","has_ops","cushion","2","4","42071918","17978864","0"
"ASM-TAY-DIN-CHA-19X23-FRAME","","FRAME","ok_recipe","has_ops","aluminum_frame","6","6","42071919","17978865","0"
"ASM-TAY-DIN-CHA-24X23-CUSH","","CUSH","ok_recipe","has_ops","cushion","2","4","42071920","17978866","0"
"ASM-TAY-DIN-CHA-24X23-FRAME","","FRAME","ok_recipe","has_ops","aluminum_frame","6","6","42071921","17978867","0"
"ASM-TJM-CHA-CUSH","","CUSH","ok_recipe","has_ops","cushion","2","4","42071922","17978868","0"
"ASM-TJM-CHA-FRAME","","FRAME","ok_recipe","has_ops","aluminum_frame","6","6","42072423","17978870","0"
"ASM-TJM-TAB-FRAME","","FRAME","ok_recipe","has_ops","aluminum_frame","5","6","42072524","17978871","0"
"ASM-TRI-SID-TAB-32X32-FRAME","","FRAME","ok_recipe","has_ops","aluminum_frame","5","6","42072525","17978872","0"
"ASM-WFT-BAR-TAB-120X28-FRAME","","FRAME","ok_recipe","has_ops","aluminum_frame","5","6","42072526","17978873","0"
"ASM-WFT-BAR-TAB-120X36-FRAME","","FRAME","ok_recipe","has_ops","aluminum_frame","5","6","42072527","17978874","0"
"ASM-WFT-BAR-TAB-28X120-FRAME","","FRAME","ok_recipe","has_ops","aluminum_frame","5","6","42072528","17978875","0"
"ASM-WFT-BAR-TAB-28X72-FRAME","","FRAME","ok_recipe","has_ops","aluminum_frame","5","6","42072529","17978876","0"
"ASM-WFT-BAR-TAB-28X96-FRAME","","FRAME","ok_recipe","has_ops","aluminum_frame","5","6","42072530","17978877","0"
"ASM-WFT-BAR-TAB-36X120-FRAME","","FRAME","ok_recipe","has_ops","aluminum_frame","5","6","42072531","17978878","0"
"ASM-WFT-BAR-TAB-36X72-FRAME","","FRAME","ok_recipe","has_ops","aluminum_frame","5","6","42072532","17978879","0"
"ASM-WFT-BAR-TAB-36X96-FRAME","","FRAME","ok_recipe","has_ops","aluminum_frame","5","6","42072533","17978880","0"
"ASM-WFT-BAR-TAB-72X28-FRAME","","FRAME","ok_recipe","has_ops","aluminum_frame","5","6","42072534","17978881","0"
"ASM-WFT-BAR-TAB-72X36-FRAME","","FRAME","ok_recipe","has_ops","aluminum_frame","5","6","42072535","17978882","0"
"ASM-WFT-BAR-TAB-96X28-FRAME","","FRAME","ok_recipe","has_ops","aluminum_frame","5","6","42072536","17978883","0"
"ASM-WFT-BAR-TAB-96X36-FRAME","","FRAME","ok_recipe","has_ops","aluminum_frame","5","6","42072537","17978884","0"
"ASM-WFT-BCH-42X18-CUSH","","CUSH","ok_recipe","has_ops","cushion","2","4","42072538","17978885","0"
"ASM-WFT-BCH-42X18-FRAME","","FRAME","ok_recipe","has_ops","aluminum_frame","6","6","42072539","17978886","0"
"ASM-WFT-CNT-TAB-120X28-FRAME","","FRAME","ok_recipe","has_ops","aluminum_frame","5","6","42072540","17978887","0"
"ASM-WFT-CNT-TAB-120X36-FRAME","","FRAME","ok_recipe","has_ops","aluminum_frame","5","6","42072541","17978888","0"
"ASM-WFT-CNT-TAB-28X120-FRAME","","FRAME","ok_recipe","has_ops","aluminum_frame","5","6","42072542","17978889","0"
"ASM-WFT-CNT-TAB-28X72-FRAME","","FRAME","ok_recipe","has_ops","aluminum_frame","5","6","42072543","17978890","0"
"ASM-WFT-CNT-TAB-28X96-FRAME","","FRAME","ok_recipe","has_ops","aluminum_frame","5","6","42072544","17978891","0"
"ASM-WFT-CNT-TAB-36X120-FRAME","","FRAME","ok_recipe","has_ops","aluminum_frame","5","6","42072545","17978892","0"
"ASM-WFT-CNT-TAB-36X72-FRAME","","FRAME","ok_recipe","has_ops","aluminum_frame","5","6","42072546","17978893","0"
"ASM-WFT-CNT-TAB-36X96-FRAME","","FRAME","ok_recipe","has_ops","aluminum_frame","5","6","42072547","17978894","0"
"ASM-WFT-CNT-TAB-72X28-FRAME","","FRAME","ok_recipe","has_ops","aluminum_frame","5","6","42072548","17978895","0"
"ASM-WFT-CNT-TAB-72X36-FRAME","","FRAME","ok_recipe","has_ops","aluminum_frame","5","6","42072549","17978896","0"
"ASM-WFT-CNT-TAB-96X28-FRAME","","FRAME","ok_recipe","has_ops","aluminum_frame","5","6","42072550","17978897","0"
"ASM-WFT-CNT-TAB-96X36-FRAME","","FRAME","ok_recipe","has_ops","aluminum_frame","5","6","42072551","17978898","0"
"ASM-WFT-DIN-BCH-72X22-CUSH","","CUSH","ok_recipe","has_ops","cushion","2","4","42072552","17978899","0"
"ASM-WFT-DIN-BCH-72X22-FRAME","","FRAME","ok_recipe","has_ops","aluminum_frame","6","6","42072553","17978900","0"
"ASM-WFT-DIN-BCH-96X22-CUSH","","CUSH","ok_recipe","has_ops","cushion","2","4","42072554","17978901","0"
"ASM-WFT-DIN-BCH-96X22-FRAME","","FRAME","ok_recipe","has_ops","aluminum_frame","6","6","42072555","17978902","0"
"ASM-WFT-DIN-CHA-17X21-CUSH","","CUSH","ok_recipe","has_ops","cushion","2","4","42072556","17978903","0"
"ASM-WFT-DIN-CHA-17X21-FRAME","","FRAME","ok_recipe","has_ops","aluminum_frame","6","6","42072557","17978904","0"
"ASM-WFT-DIN-CHA-18X18-CUSH","","CUSH","ok_recipe","has_ops","cushion","2","4","42072558","17978905","0"
"ASM-WFT-DIN-CHA-18X18-FRAME","","FRAME","ok_recipe","has_ops","aluminum_frame","6","6","42072559","17978906","0"
"ASM-WFT-DIN-TAB-120X28-FRAME","","FRAME","ok_recipe","has_ops","aluminum_frame","5","6","42072560","17978907","0"
"ASM-WFT-DIN-TAB-120X36-FRAME","","FRAME","ok_recipe","has_ops","aluminum_frame","5","6","42072561","17978908","0"
"ASM-WFT-DIN-TAB-28X120-FRAME","","FRAME","ok_recipe","has_ops","aluminum_frame","5","6","42072562","17978909","0"
"ASM-WFT-DIN-TAB-28X72-FRAME","","FRAME","ok_recipe","has_ops","aluminum_frame","5","6","42072563","17978910","0"
"ASM-WFT-DIN-TAB-28X96-FRAME","","FRAME","ok_recipe","has_ops","aluminum_frame","5","6","42072564","17978911","0"
"ASM-WFT-DIN-TAB-36X120-FRAME","","FRAME","ok_recipe","has_ops","aluminum_frame","5","6","42072565","17978912","0"
"ASM-WFT-DIN-TAB-36X72-FRAME","","FRAME","ok_recipe","has_ops","aluminum_frame","5","6","42072566","17978913","0"
"ASM-WFT-DIN-TAB-36X96-FRAME","","FRAME","ok_recipe","has_ops","aluminum_frame","5","6","42072567","17978914","0"
"ASM-WFT-DIN-TAB-72X36-FRAME","","FRAME","ok_recipe","has_ops","aluminum_frame","5","6","42072568","17978915","0"
"ASM-WFT-DIN-TAB-96X28-FRAME","","FRAME","ok_recipe","has_ops","aluminum_frame","5","6","42072569","17978916","0"
"ASM-WFT-DIN-TAB-96X36-FRAME","","FRAME","ok_recipe","has_ops","aluminum_frame","5","6","42072570","17978917","0"
"ASM-WFT-FIR-TAB-56X36-FRAME","","FRAME","ok_recipe","has_ops","aluminum_frame","5","6","42072571","17978918","0"
"ASM-WFT-FIR-TAB-72X36-FRAME","","FRAME","ok_recipe","has_ops","aluminum_frame","5","6","42072572","17978919","0"
"ASM-WFT-FLY-BST-17X21-CUSH","","CUSH","ok_recipe","has_ops","cushion","2","4","42072573","17978920","0"
"ASM-WFT-FLY-BST-17X21-FRAME","","FRAME","ok_recipe","has_ops","aluminum_frame","6","6","42072574","17978921","0"
"ASM-WFT-FLY-BST-18X18-CUSH","","CUSH","ok_recipe","has_ops","cushion","2","4","42072575","17978922","0"
"ASM-WFT-FLY-BST-18X18-FRAME","","FRAME","ok_recipe","has_ops","aluminum_frame","6","6","42072576","17978923","0"
"ASM-WFT-SID-TAB-13X40-FRAME","","FRAME","ok_recipe","has_ops","aluminum_frame","5","6","42072577","17978924","0"
"ASM-WFT-SID-TAB-40X13-FRAME","","FRAME","ok_recipe","has_ops","aluminum_frame","5","6","42072578","17978925","0"
"FIN-BRK-BAR-TAB-120X28","","FIN","ok_recipe","has_ops","final_assembly","1","3","42061758","17972735","0"
"FIN-BRK-BAR-TAB-120X36","","FIN","ok_recipe","has_ops","final_assembly","1","3","42061759","17972736","0"
"FIN-BRK-BAR-TAB-28X120","","FIN","ok_recipe","has_ops","final_assembly","1","3","42013626","17951197","0"
"FIN-BRK-BAR-TAB-28X72","","FIN","ok_recipe","has_ops","final_assembly","1","3","42013627","17951198","0"
"FIN-BRK-BAR-TAB-28X96","","FIN","ok_recipe","has_ops","final_assembly","1","3","42013628","17951199","0"
"FIN-BRK-BAR-TAB-36X120","","FIN","ok_recipe","has_ops","final_assembly","1","3","42013629","17951200","0"
"FIN-BRK-BAR-TAB-36X36","","FIN","ok_recipe","has_ops","final_assembly","1","3","42013525","17951100","0"
"FIN-BRK-BAR-TAB-36X72","","FIN","ok_recipe","has_ops","final_assembly","1","3","42013630","17951201","0"
"FIN-BRK-BAR-TAB-36X72-STARLEG","","FIN","ok_recipe","has_ops","final_assembly","1","3","42013645","17951216","0"
"FIN-BRK-BAR-TAB-36X96","","FIN","ok_recipe","has_ops","final_assembly","1","3","42013631","17951202","0"
"FIN-BRK-BAR-TAB-42X42","","FIN","ok_recipe","has_ops","final_assembly","1","3","42013526","17951101","0"
"FIN-BRK-BAR-TAB-72X28","","FIN","ok_recipe","has_ops","final_assembly","1","3","42061760","17972737","0"
"FIN-BRK-BAR-TAB-72X36","","FIN","ok_recipe","has_ops","final_assembly","1","3","42061761","17972738","0"
"FIN-BRK-BAR-TAB-96X36","","FIN","ok_recipe","has_ops","final_assembly","1","3","42061762","17972739","0"
"FIN-BRK-BAR-TAB-98X28","","FIN","ok_recipe","has_ops","final_assembly","1","3","42061763","17972740","0"
"FIN-BRK-CHS-72X34-LS","","FIN","ops_only","has_ops","final_assembly","0","3","41082201","17433368","0"
"FIN-BRK-CHS-72X34-LS-BE","","FIN","ops_only","has_ops","final_assembly","0","3","41082206","17433368","0"
"FIN-BRK-CHS-72X34-LS-BO","","FIN","ops_only","has_ops","final_assembly","0","3","41082207","17433368","0"
"FIN-BRK-CHS-72X34-LS-BR","","FIN","ops_only","has_ops","final_assembly","0","3","41082205","17433368","0"
"FIN-BRK-CHS-72X34-LS-GR","","FIN","ops_only","has_ops","final_assembly","0","3","41082208","17433368","0"
"FIN-BRK-CHS-72X34-LS-WH","","FIN","ops_only","has_ops","final_assembly","0","3","41082204","17433368","0"
"FIN-BRK-CHS-72X34-RS","","FIN","ops_only","has_ops","final_assembly","0","3","41082209","17433368","0"
"FIN-BRK-CHS-72X34-RS-BE","","FIN","ops_only","has_ops","final_assembly","0","3","41082212","17433368","0"
"FIN-BRK-CHS-72X34-RS-BO","","FIN","ops_only","has_ops","final_assembly","0","3","41082213","17433368","0"
"FIN-BRK-CHS-72X34-RS-BR","","FIN","ops_only","has_ops","final_assembly","0","3","41082211","17433368","0"
"FIN-BRK-CHS-72X34-RS-GR","","FIN","ops_only","has_ops","final_assembly","0","3","41082214","17433368","0"
"FIN-BRK-CHS-72X34-RS-WH","","FIN","ops_only","has_ops","final_assembly","0","3","41082210","17433368","0"
"FIN-BRK-CHS-72X42-LS","","FIN","ops_only","has_ops","final_assembly","0","3","41082222","17433378","0"
"FIN-BRK-CHS-72X42-LS-BE","","FIN","ops_only","has_ops","final_assembly","0","3","41082225","17433378","0"
"FIN-BRK-CHS-72X42-LS-BO","","FIN","ops_only","has_ops","final_assembly","0","3","41082226","17433378","0"
"FIN-BRK-CHS-72X42-LS-BR","","FIN","ops_only","has_ops","final_assembly","0","3","41082224","17433378","0"
"FIN-BRK-CHS-72X42-LS-GR","","FIN","ops_only","has_ops","final_assembly","0","3","41082227","17433378","0"
"FIN-BRK-CHS-72X42-LS-WH","","FIN","ops_only","has_ops","final_assembly","0","3","41082223","17433378","0"
"FIN-BRK-CHS-72X42-RS","","FIN","ops_only","has_ops","final_assembly","0","3","41082228","17433378","0"
"FIN-BRK-CHS-72X42-RS-BE","","FIN","ops_only","has_ops","final_assembly","0","3","41082231","17433378","0"
"FIN-BRK-CHS-72X42-RS-BO","","FIN","ops_only","has_ops","final_assembly","0","3","41082232","17433378","0"
"FIN-BRK-CHS-72X42-RS-BR","","FIN","ops_only","has_ops","final_assembly","0","3","41082230","17433378","0"
"FIN-BRK-CHS-72X42-RS-GR","","FIN","ops_only","has_ops","final_assembly","0","3","41082233","17433378","0"
"FIN-BRK-CHS-72X42-RS-WH","","FIN","ops_only","has_ops","final_assembly","0","3","41082229","17433378","0"
"FIN-BRK-CHS-84X34-LS","","FIN","ops_only","has_ops","final_assembly","0","3","41082236","17433381","0"
"FIN-BRK-CHS-84X34-LS-BE","","FIN","ops_only","has_ops","final_assembly","0","3","41082239","17433381","0"
"FIN-BRK-CHS-84X34-LS-BO","","FIN","ops_only","has_ops","final_assembly","0","3","41082240","17433381","0"
"FIN-BRK-CHS-84X34-LS-BR","","FIN","ops_only","has_ops","final_assembly","0","3","41082238","17433381","0"
"FIN-BRK-CHS-84X34-LS-GR","","FIN","ops_only","has_ops","final_assembly","0","3","41082241","17433381","0"
"FIN-BRK-CHS-84X34-LS-WH","","FIN","ops_only","has_ops","final_assembly","0","3","41082237","17433381","0"
"FIN-BRK-CHS-84X34-RS","","FIN","ops_only","has_ops","final_assembly","0","3","41082242","17433381","0"
"FIN-BRK-CHS-84X34-RS-BE","","FIN","ops_only","has_ops","final_assembly","0","3","41082245","17433381","0"
"FIN-BRK-CHS-84X34-RS-BO","","FIN","ops_only","has_ops","final_assembly","0","3","41082246","17433381","0"
"FIN-BRK-CHS-84X34-RS-BR","","FIN","ops_only","has_ops","final_assembly","0","3","41082244","17433381","0"
"FIN-BRK-CHS-84X34-RS-GR","","FIN","ops_only","has_ops","final_assembly","0","3","41082247","17433381","0"
"FIN-BRK-CHS-84X34-RS-WH","","FIN","ops_only","has_ops","final_assembly","0","3","41082243","17433381","0"
"FIN-BRK-CHS-84X42-LS","","FIN","ops_only","has_ops","final_assembly","0","3","41082248","17433382","0"
"FIN-BRK-CHS-84X42-LS-BE","","FIN","ops_only","has_ops","final_assembly","0","3","41082252","17433382","0"
"FIN-BRK-CHS-84X42-LS-BO","","FIN","ops_only","has_ops","final_assembly","0","3","41082253","17433382","0"
"FIN-BRK-CHS-84X42-LS-BR","","FIN","ops_only","has_ops","final_assembly","0","3","41082251","17433382","0"
"FIN-BRK-CHS-84X42-LS-GR","","FIN","ops_only","has_ops","final_assembly","0","3","41082254","17433382","0"
"FIN-BRK-CHS-84X42-LS-WH","","FIN","ops_only","has_ops","final_assembly","0","3","41082250","17433382","0"
"FIN-BRK-CHS-84X42-RS","","FIN","ops_only","has_ops","final_assembly","0","3","41082255","17433382","0"
"FIN-BRK-CHS-84X42-RS-BE","","FIN","ops_only","has_ops","final_assembly","0","3","41082258","17433382","0"
"FIN-BRK-CHS-84X42-RS-BO","","FIN","ops_only","has_ops","final_assembly","0","3","41082259","17433382","0"
"FIN-BRK-CHS-84X42-RS-BR","","FIN","ops_only","has_ops","final_assembly","0","3","41082257","17433382","0"
"FIN-BRK-CHS-84X42-RS-GR","","FIN","ops_only","has_ops","final_assembly","0","3","41082260","17433382","0"
"FIN-BRK-CHS-84X42-RS-WH","","FIN","ops_only","has_ops","final_assembly","0","3","41082256","17433382","0"
"FIN-BRK-CNT-TAB-120X28","","FIN","ok_recipe","has_ops","final_assembly","1","3","42061764","17972741","0"
"FIN-BRK-CNT-TAB-120X36","","FIN","ok_recipe","has_ops","final_assembly","1","3","42061765","17972742","0"
"FIN-BRK-CNT-TAB-28X120","","FIN","ok_recipe","has_ops","final_assembly","1","3","42013633","17951204","0"
"FIN-BRK-CNT-TAB-28X72","","FIN","ok_recipe","has_ops","final_assembly","1","3","42013632","17951203","0"
"FIN-BRK-CNT-TAB-28X72-TABLECOUNTER","","FIN","ok_recipe","has_ops","final_assembly","1","3","42013634","17951205","0"
"FIN-BRK-CNT-TAB-28X96","","FIN","ok_recipe","has_ops","final_assembly","1","3","42013635","17951206","0"
"FIN-BRK-CNT-TAB-36X120","","FIN","ok_recipe","has_ops","final_assembly","1","3","42013636","17951207","0"
"FIN-BRK-CNT-TAB-36X36","","FIN","ok_recipe","has_ops","final_assembly","1","3","42013527","17951102","0"
"FIN-BRK-CNT-TAB-36X72","","FIN","ok_recipe","has_ops","final_assembly","1","3","42013637","17951208","0"
"FIN-BRK-CNT-TAB-36X72-STARLEG","","FIN","ok_recipe","has_ops","final_assembly","1","3","42013646","17951217","0"
"FIN-BRK-CNT-TAB-36X96","","FIN","ok_recipe","has_ops","final_assembly","1","3","42013638","17951209","0"
"FIN-BRK-CNT-TAB-42X42","","FIN","ok_recipe","has_ops","final_assembly","1","3","42013528","17951103","0"
"FIN-BRK-CNT-TAB-72X18","","FIN","ok_recipe","has_ops","final_assembly","1","3","42061766","17972743","0"
"FIN-BRK-CNT-TAB-72X28","","FIN","ok_recipe","has_ops","final_assembly","1","3","42061767","17972744","0"
"FIN-BRK-CNT-TAB-72X36","","FIN","ok_recipe","has_ops","final_assembly","1","3","42061768","17972745","0"
"FIN-BRK-CNT-TAB-96X28","","FIN","ok_recipe","has_ops","final_assembly","1","3","42061769","17972746","0"
"FIN-BRK-CNT-TAB-96X36","","FIN","ok_recipe","has_ops","final_assembly","1","3","42061770","17972747","0"
"FIN-BRK-COR-CHS-84X42","","FIN","ok_recipe","has_ops","final_assembly","2","3","42013580","17951155","0"
"FIN-BRK-COR-SOF-72X34","","FIN","ops_only","has_ops","final_assembly","0","3","42013577","17951152","0"
"FIN-BRK-COR-SOF-72X34-LS","","FIN","ops_only","has_ops","final_assembly","0","3","41082110","17433327","0"
"FIN-BRK-COR-SOF-72X34-LS-BE","","FIN","ops_only","has_ops","final_assembly","0","3","41082118","17433327","0"
"FIN-BRK-COR-SOF-72X34-LS-BO","","FIN","ops_only","has_ops","final_assembly","0","3","41082119","17433327","0"
"FIN-BRK-COR-SOF-72X34-LS-BR","","FIN","ops_only","has_ops","final_assembly","0","3","41082117","17433327","0"
"FIN-BRK-COR-SOF-72X34-LS-GR","","FIN","ops_only","has_ops","final_assembly","0","3","41082120","17433327","0"
"FIN-BRK-COR-SOF-72X34-LS-WH","","FIN","ops_only","has_ops","final_assembly","0","3","41082116","17433327","0"
"FIN-BRK-COR-SOF-72X34-RS","","FIN","ops_only","has_ops","final_assembly","0","3","41082121","17433327","0"
"FIN-BRK-COR-SOF-72X34-RS-BE","","FIN","ops_only","has_ops","final_assembly","0","3","41082124","17433327","0"
"FIN-BRK-COR-SOF-72X34-RS-BO","","FIN","ops_only","has_ops","final_assembly","0","3","41082125","17433327","0"
"FIN-BRK-COR-SOF-72X34-RS-BR","","FIN","ops_only","has_ops","final_assembly","0","3","41082123","17433327","0"
"FIN-BRK-COR-SOF-72X34-RS-GR","","FIN","ops_only","has_ops","final_assembly","0","3","41082126","17433327","0"
"FIN-BRK-COR-SOF-72X34-RS-WH","","FIN","ops_only","has_ops","final_assembly","0","3","41082122","17433327","0"
"FIN-BRK-COR-SOF-84X34","","FIN","ops_only","has_ops","final_assembly","0","3","42013578","17951153","0"
"FIN-BRK-COR-SOF-84X34-LS","","FIN","ops_only","has_ops","final_assembly","0","3","41082130","17433332","0"
"FIN-BRK-COR-SOF-84X34-LS-BE","","FIN","ops_only","has_ops","final_assembly","0","3","41082138","17433332","0"
"FIN-BRK-COR-SOF-84X34-LS-BO","","FIN","ops_only","has_ops","final_assembly","0","3","41082139","17433332","0"
"FIN-BRK-COR-SOF-84X34-LS-BR","","FIN","ops_only","has_ops","final_assembly","0","3","41082137","17433332","0"
"FIN-BRK-COR-SOF-84X34-LS-GR","","FIN","ops_only","has_ops","final_assembly","0","3","41082140","17433332","0"
"FIN-BRK-COR-SOF-84X34-LS-WH","","FIN","ops_only","has_ops","final_assembly","0","3","41082136","17433332","0"
"FIN-BRK-COR-SOF-84X34-RS","","FIN","ops_only","has_ops","final_assembly","0","3","41082141","17433332","0"
"FIN-BRK-COR-SOF-84X34-RS-BE","","FIN","ops_only","has_ops","final_assembly","0","3","41082144","17433332","0"
"FIN-BRK-COR-SOF-84X34-RS-BO","","FIN","ops_only","has_ops","final_assembly","0","3","41082145","17433332","0"
"FIN-BRK-COR-SOF-84X34-RS-BR","","FIN","ops_only","has_ops","final_assembly","0","3","41082143","17433332","0"
"FIN-BRK-COR-SOF-84X34-RS-GR","","FIN","ops_only","has_ops","final_assembly","0","3","41082146","17433332","0"
"FIN-BRK-COR-SOF-84X34-RS-WH","","FIN","ops_only","has_ops","final_assembly","0","3","41082142","17433332","0"
"FIN-BRK-COR-SOF-96X34","","FIN","ops_only","has_ops","final_assembly","0","3","42013579","17951154","0"
"FIN-BRK-COR-SOF-96X34-LS","","FIN","ops_only","has_ops","final_assembly","0","3","41082149","17433336","0"
"FIN-BRK-COR-SOF-96X34-LS-BE","","FIN","ops_only","has_ops","final_assembly","0","3","41082155","17433336","0"
"FIN-BRK-COR-SOF-96X34-LS-BO","","FIN","ops_only","has_ops","final_assembly","0","3","41082156","17433336","0"
"FIN-BRK-COR-SOF-96X34-LS-BR","","FIN","ops_only","has_ops","final_assembly","0","3","41082154","17433336","0"
"FIN-BRK-COR-SOF-96X34-LS-GR","","FIN","ops_only","has_ops","final_assembly","0","3","41082157","17433336","0"
"FIN-BRK-COR-SOF-96X34-LS-WH","","FIN","ops_only","has_ops","final_assembly","0","3","41082153","17433336","0"
"FIN-BRK-COR-SOF-96X34-RS","","FIN","ops_only","has_ops","final_assembly","0","3","41082158","17433336","0"
"FIN-BRK-COR-SOF-96X34-RS-BE","","FIN","ops_only","has_ops","final_assembly","0","3","41082161","17433336","0"
"FIN-BRK-COR-SOF-96X34-RS-BO","","FIN","ops_only","has_ops","final_assembly","0","3","41082162","17433336","0"
"FIN-BRK-COR-SOF-96X34-RS-BR","","FIN","ops_only","has_ops","final_assembly","0","3","41082160","17433336","0"
"FIN-BRK-COR-SOF-96X34-RS-GR","","FIN","ops_only","has_ops","final_assembly","0","3","41082163","17433336","0"
"FIN-BRK-COR-SOF-96X34-RS-WH","","FIN","ops_only","has_ops","final_assembly","0","3","41082159","17433336","0"
"FIN-BRK-DIN-TAB-120X28","","FIN","ok_recipe","has_ops","final_assembly","1","3","42061771","17972748","0"
"FIN-BRK-DIN-TAB-120X36","","FIN","ok_recipe","has_ops","final_assembly","1","3","42061772","17972749","0"
"FIN-BRK-DIN-TAB-28X120","","FIN","ok_recipe","has_ops","final_assembly","1","3","42013639","17951210","0"
"FIN-BRK-DIN-TAB-28X72","","FIN","ok_recipe","has_ops","final_assembly","1","3","42013640","17951211","0"
"FIN-BRK-DIN-TAB-28X96","","FIN","ok_recipe","has_ops","final_assembly","1","3","42013641","17951212","0"
"FIN-BRK-DIN-TAB-36X120","","FIN","ok_recipe","has_ops","final_assembly","1","3","42013642","17951213","0"
"FIN-BRK-DIN-TAB-36X36","","FIN","ok_recipe","has_ops","final_assembly","1","3","42013529","17951104","0"
"FIN-BRK-DIN-TAB-36X72","","FIN","ok_recipe","has_ops","final_assembly","1","3","42013643","17951214","0"
"FIN-BRK-DIN-TAB-36X72-STARLEG","","FIN","ok_recipe","has_ops","final_assembly","1","3","42013647","17951218","0"
"FIN-BRK-DIN-TAB-36X96","","FIN","ok_recipe","has_ops","final_assembly","1","3","42013644","17951215","0"
"FIN-BRK-DIN-TAB-42X42","","FIN","ok_recipe","has_ops","final_assembly","1","3","42013530","17951105","0"
"FIN-BRK-DIN-TAB-72X28","","FIN","ok_recipe","has_ops","final_assembly","1","3","42061773","17972750","0"
"FIN-BRK-DIN-TAB-72X36","","FIN","ok_recipe","has_ops","final_assembly","1","3","42061774","17972751","0"
"FIN-BRK-DIN-TAB-96X28","","FIN","ok_recipe","has_ops","final_assembly","1","3","42061775","17972752","0"
"FIN-BRK-DIN-TAB-96X36","","FIN","ok_recipe","has_ops","final_assembly","1","3","42061776","17972753","0"
"FIN-BRK-DOU-CHS-58X79","","FIN","ops_only","has_ops","final_assembly","0","3","42013490","17951065","0"
"FIN-BRK-DOU-CHS-58X79-BE","","FIN","ops_only","has_ops","final_assembly","0","3","41082042","17433304","0"
"FIN-BRK-DOU-CHS-58X79-BO","","FIN","ops_only","has_ops","final_assembly","0","3","41082043","17433304","0"
"FIN-BRK-DOU-CHS-58X79-BR","","FIN","ops_only","has_ops","final_assembly","0","3","41082041","17433304","0"
"FIN-BRK-DOU-CHS-58X79-GR","","FIN","ops_only","has_ops","final_assembly","0","3","41082044","17433304","0"
"FIN-BRK-DOU-CHS-58X79-WH","","FIN","ops_only","has_ops","final_assembly","0","3","41082040","17433304","0"
"FIN-BRK-LOV-SOF","","FIN","ops_only","has_ops","final_assembly","0","3","41082067","17433314","0"
"FIN-BRK-LOV-SOF-BE","","FIN","ops_only","has_ops","final_assembly","0","3","41082070","17433314","0"
"FIN-BRK-LOV-SOF-BO","","FIN","ops_only","has_ops","final_assembly","0","3","41082071","17433314","0"
"FIN-BRK-LOV-SOF-BR","","FIN","ops_only","has_ops","final_assembly","0","3","41082069","17433314","0"
"FIN-BRK-LOV-SOF-GR","","FIN","ops_only","has_ops","final_assembly","0","3","41082072","17433314","0"
"FIN-BRK-LOV-SOF-WH","","FIN","ops_only","has_ops","final_assembly","0","3","41082068","17433314","0"
"FIN-BRK-OTT-22X42","","FIN","ok_recipe","has_ops","final_assembly","2","3","42013690","17951261","0"
"FIN-BRK-OTT-22X60","","FIN","ok_recipe","has_ops","final_assembly","2","3","42013691","17951262","0"
"FIN-BRK-OTT-22X72","","FIN","ok_recipe","has_ops","final_assembly","2","3","42013692","17951263","0"
"FIN-BRK-OTT-34X34","","FIN","ok_recipe","has_ops","final_assembly","2","3","42013693","17951264","0"
"FIN-BRK-OTT-34X42","","FIN","ok_recipe","has_ops","final_assembly","2","3","42013694","17951265","0"
"FIN-BRK-OTT-34X60","","FIN","ok_recipe","has_ops","final_assembly","2","3","42013695","17951266","0"
"FIN-BRK-OTT-34X72","","FIN","ok_recipe","has_ops","final_assembly","2","3","42013696","17951267","0"
"FIN-BRK-OTT-42X22","","FIN","ok_recipe","has_ops","final_assembly","2","3","42061777","17972754","0"
"FIN-BRK-OTT-42X34","","FIN","ok_recipe","has_ops","final_assembly","2","3","42061778","17972755","0"
"FIN-BRK-OTT-56X42","","FIN","ok_recipe","has_ops","final_assembly","2","3","42013697","17951268","0"
"FIN-BRK-OTT-60X22","","FIN","ok_recipe","has_ops","final_assembly","2","3","42061779","17972756","0"
"FIN-BRK-OTT-60X34","","FIN","ok_recipe","has_ops","final_assembly","2","3","42061780","17972757","0"
"FIN-BRK-OTT-72X22","","FIN","ok_recipe","has_ops","final_assembly","2","3","42061781","17972758","0"
"FIN-BRK-OTT-72X34","","FIN","ok_recipe","has_ops","final_assembly","2","3","42061782","17972759","0"
"FIN-BRK-SGL-CHS-38X79","","FIN","ops_only","has_ops","final_assembly","0","3","42013487","17951062","0"
"FIN-BRK-SGL-CHS-38X79-BE","","FIN","ops_only","has_ops","final_assembly","0","3","41082034","17433303","0"
"FIN-BRK-SGL-CHS-38X79-BO","","FIN","ops_only","has_ops","final_assembly","0","3","41082035","17433303","0"
"FIN-BRK-SGL-CHS-38X79-BR","","FIN","ops_only","has_ops","final_assembly","0","3","41082033","17433303","0"
"FIN-BRK-SGL-CHS-38X79-GR","","FIN","ops_only","has_ops","final_assembly","0","3","41082036","17433303","0"
"FIN-BRK-SGL-CHS-38X79-WH","","FIN","ops_only","has_ops","final_assembly","0","3","41082032","17433303","0"
"FIN-BRK-SOF-60X34","","FIN","ok_recipe","has_ops","final_assembly","2","3","42013573","17951148","0"
"FIN-BRK-SOF-72X34","","FIN","ops_only","has_ops","final_assembly","0","3","42013574","17951149","0"
"FIN-BRK-SOF-72X34-BE","","FIN","ops_only","has_ops","final_assembly","0","3","41082084","17433317","0"
"FIN-BRK-SOF-72X34-BO","","FIN","ops_only","has_ops","final_assembly","0","3","41082085","17433317","0"
"FIN-BRK-SOF-72X34-BR","","FIN","ops_only","has_ops","final_assembly","0","3","41082083","17433317","0"
"FIN-BRK-SOF-72X34-GR","","FIN","ops_only","has_ops","final_assembly","0","3","41082086","17433317","0"
"FIN-BRK-SOF-72X34-WH","","FIN","ops_only","has_ops","final_assembly","0","3","41082082","17433317","0"
"FIN-BRK-SOF-84X34","","FIN","ops_only","has_ops","final_assembly","0","3","42013575","17951150","0"
"FIN-BRK-SOF-84X34-BE","","FIN","ops_only","has_ops","final_assembly","0","3","41082090","17433319","0"
"FIN-BRK-SOF-84X34-BO","","FIN","ops_only","has_ops","final_assembly","0","3","41082091","17433319","0"
"FIN-BRK-SOF-84X34-BR","","FIN","ops_only","has_ops","final_assembly","0","3","41082089","17433319","0"
"FIN-BRK-SOF-84X34-GR","","FIN","ops_only","has_ops","final_assembly","0","3","41082092","17433319","0"
"FIN-BRK-SOF-84X34-WH","","FIN","ops_only","has_ops","final_assembly","0","3","41082088","17433319","0"
"FIN-BRK-SOF-96X34","","FIN","ops_only","has_ops","final_assembly","0","3","42013576","17951151","0"
"FIN-BRK-SOF-96X34-BE","","FIN","ops_only","has_ops","final_assembly","0","3","41082103","17433322","0"
"FIN-BRK-SOF-96X34-BO","","FIN","ops_only","has_ops","final_assembly","0","3","41082104","17433322","0"
"FIN-BRK-SOF-96X34-BR","","FIN","ops_only","has_ops","final_assembly","0","3","41082102","17433322","0"
"FIN-BRK-SOF-96X34-GR","","FIN","ops_only","has_ops","final_assembly","0","3","41082105","17433322","0"
"FIN-BRK-SOF-96X34-WH","","FIN","ops_only","has_ops","final_assembly","0","3","41082101","17433322","0"
"FIN-BRK-TRA-DOU-CHS-48X72","","FIN","ok_recipe","has_ops","final_assembly","2","3","42013488","17951063","0"
"FIN-BRK-TRA-DOU-CHS-48X72-BE","","FIN","ok_recipe","has_ops","final_assembly","2","3","41082061","17433311","0"
"FIN-BRK-TRA-DOU-CHS-48X72-BO","","FIN","ok_recipe","has_ops","final_assembly","2","3","41082062","17433311","0"
"FIN-BRK-TRA-DOU-CHS-48X72-BR","","FIN","ok_recipe","has_ops","final_assembly","2","3","41082060","17433311","0"
"FIN-BRK-TRA-DOU-CHS-48X72-GR","","FIN","ok_recipe","has_ops","final_assembly","2","3","41082063","17433311","0"
"FIN-BRK-TRA-DOU-CHS-48X72-WH","","FIN","ok_recipe","has_ops","final_assembly","2","3","41082059","17433311","0"
"FIN-BRK-TRA-SGL-CHS-36X72","","FIN","ok_recipe","has_ops","final_assembly","2","3","42013489","17951064","0"
"FIN-BRK-TRA-SGL-CHS-36X72-BE","","FIN","ok_recipe","has_ops","final_assembly","2","3","41082050","17433307","0"
"FIN-BRK-TRA-SGL-CHS-36X72-BO","","FIN","ok_recipe","has_ops","final_assembly","2","3","41082051","17433307","0"
"FIN-BRK-TRA-SGL-CHS-36X72-BR","","FIN","ok_recipe","has_ops","final_assembly","2","3","41082049","17433307","0"
"FIN-BRK-TRA-SGL-CHS-36X72-GR","","FIN","ok_recipe","has_ops","final_assembly","2","3","41082052","17433307","0"
"FIN-BRK-TRA-SGL-CHS-36X72-WH","","FIN","ok_recipe","has_ops","final_assembly","2","3","41082048","17433307","0"
"FIN-BRV-ARM-LOV-60","","FIN","ops_only","has_ops","final_assembly","0","3","41913027","17913597","0"
"FIN-BRV-ARM-LOV-60-BE","","FIN","ops_only","has_ops","final_assembly","0","3","41069095","17426449","0"
"FIN-BRV-ARM-LOV-60-BO","","FIN","ops_only","has_ops","final_assembly","0","3","41069096","17426449","0"
"FIN-BRV-ARM-LOV-60-BR","","FIN","ops_only","has_ops","final_assembly","0","3","41069094","17426449","0"
"FIN-BRV-ARM-LOV-60-GR","","FIN","ops_only","has_ops","final_assembly","0","3","41069097","17426449","0"
"FIN-BRV-ARM-LOV-60-WH","","FIN","ops_only","has_ops","final_assembly","0","3","41069093","17426449","0"
"FIN-BRV-ARM-SOF-34X34","","FIN","ok_recipe","has_ops","final_assembly","2","3","42013570","17951145","0"
"FIN-BRV-ARM-SOF-72","","FIN","ops_only","has_ops","final_assembly","0","3","41069099","17426452","0"
"FIN-BRV-ARM-SOF-72-BE","","FIN","ops_only","has_ops","final_assembly","0","3","41069102","17426452","0"
"FIN-BRV-ARM-SOF-72-BO","","FIN","ops_only","has_ops","final_assembly","0","3","41069103","17426452","0"
"FIN-BRV-ARM-SOF-72-BR","","FIN","ops_only","has_ops","final_assembly","0","3","41069101","17426452","0"
"FIN-BRV-ARM-SOF-72-GR","","FIN","ops_only","has_ops","final_assembly","0","3","41069104","17426452","0"
"FIN-BRV-ARM-SOF-72-WH","","FIN","ops_only","has_ops","final_assembly","0","3","41069100","17426452","0"
"FIN-BRV-ARM-SOF-72X34","","FIN","ok_recipe","has_ops","final_assembly","2","3","42013470","17951045","0"
"FIN-BRV-ARM-SOF-72X34-ARMLESSSOFA","","FIN","ok_recipe","has_ops","final_assembly","2","3","42013473","17951048","0"
"FIN-BRV-ARM-SOF-84","","FIN","ops_only","has_ops","final_assembly","0","3","41069106","17426454","0"
"FIN-BRV-ARM-SOF-84-BE","","FIN","ops_only","has_ops","final_assembly","0","3","41069110","17426454","0"
"FIN-BRV-ARM-SOF-84-BO","","FIN","ops_only","has_ops","final_assembly","0","3","41069111","17426454","0"
"FIN-BRV-ARM-SOF-84-BR","","FIN","ops_only","has_ops","final_assembly","0","3","41069109","17426454","0"
"FIN-BRV-ARM-SOF-84-GR","","FIN","ops_only","has_ops","final_assembly","0","3","41069112","17426454","0"
"FIN-BRV-ARM-SOF-84-WH","","FIN","ops_only","has_ops","final_assembly","0","3","41069108","17426454","0"
"FIN-BRV-ARM-SOF-84X34","","FIN","ok_recipe","has_ops","final_assembly","2","3","42013474","17951049","0"
"FIN-BRV-ARM-SOF-96","","FIN","ops_only","has_ops","final_assembly","0","3","41069115","17426458","0"
"FIN-BRV-ARM-SOF-96-BE","","FIN","ops_only","has_ops","final_assembly","0","3","41069118","17426458","0"
"FIN-BRV-ARM-SOF-96-BO","","FIN","ops_only","has_ops","final_assembly","0","3","41069119","17426458","0"
"FIN-BRV-ARM-SOF-96-BR","","FIN","ops_only","has_ops","final_assembly","0","3","41069117","17426458","0"
"FIN-BRV-ARM-SOF-96-GR","","FIN","ops_only","has_ops","final_assembly","0","3","41069120","17426458","0"
"FIN-BRV-ARM-SOF-96-WH","","FIN","ops_only","has_ops","final_assembly","0","3","41069116","17426458","0"
"FIN-BRV-ARM-SOF-96X34","","FIN","ok_recipe","has_ops","final_assembly","2","3","42013475","17951050","0"
"FIN-BRV-BCH-96X34","","FIN","ok_recipe","has_ops","final_assembly","2","3","42013684","17951255","0"
"FIN-BRV-BCH-96X34-ROUNDEDBACKED","","FIN","ok_recipe","has_ops","final_assembly","2","3","42013685","17951256","0"
"FIN-BRV-CHS-34X72-LS","","FIN","ops_only","has_ops","final_assembly","0","3","41069219","17426495","0"
"FIN-BRV-CHS-34X72-LS-BE","","FIN","ops_only","has_ops","final_assembly","0","3","41069224","17426495","0"
"FIN-BRV-CHS-34X72-LS-BO","","FIN","ops_only","has_ops","final_assembly","0","3","41069225","17426495","0"
"FIN-BRV-CHS-34X72-LS-BR","","FIN","ops_only","has_ops","final_assembly","0","3","41069223","17426495","0"
"FIN-BRV-CHS-34X72-LS-GR","","FIN","ops_only","has_ops","final_assembly","0","3","41069226","17426495","0"
"FIN-BRV-CHS-34X72-LS-WH","","FIN","ops_only","has_ops","final_assembly","0","3","41069222","17426495","0"
"FIN-BRV-CHS-34X72-RS","","FIN","ops_only","has_ops","final_assembly","0","3","41069227","17426495","0"
"FIN-BRV-CHS-34X72-RS-BE","","FIN","ops_only","has_ops","final_assembly","0","3","41069230","17426495","0"
"FIN-BRV-CHS-34X72-RS-BO","","FIN","ops_only","has_ops","final_assembly","0","3","41069231","17426495","0"
"FIN-BRV-CHS-34X72-RS-BR","","FIN","ops_only","has_ops","final_assembly","0","3","41069229","17426495","0"
"FIN-BRV-CHS-34X72-RS-GR","","FIN","ops_only","has_ops","final_assembly","0","3","41069232","17426495","0"
"FIN-BRV-CHS-34X72-RS-WH","","FIN","ops_only","has_ops","final_assembly","0","3","41069228","17426495","0"
"FIN-BRV-CHS-34X84-LS","","FIN","ops_only","has_ops","final_assembly","0","3","41069369","17426596","0"
"FIN-BRV-CHS-34X84-LS-BE","","FIN","ops_only","has_ops","final_assembly","0","3","41069373","17426596","0"
"FIN-BRV-CHS-34X84-LS-BO","","FIN","ops_only","has_ops","final_assembly","0","3","41069374","17426596","0"
"FIN-BRV-CHS-34X84-LS-BR","","FIN","ops_only","has_ops","final_assembly","0","3","41069372","17426596","0"
"FIN-BRV-CHS-34X84-LS-GR","","FIN","ops_only","has_ops","final_assembly","0","3","41069375","17426596","0"
"FIN-BRV-CHS-34X84-LS-WH","","FIN","ops_only","has_ops","final_assembly","0","3","41069371","17426596","0"
"FIN-BRV-CHS-34X84-RS","","FIN","ops_only","has_ops","final_assembly","0","3","41069376","17426596","0"
"FIN-BRV-CHS-34X84-RS-BE","","FIN","ops_only","has_ops","final_assembly","0","3","41069379","17426596","0"
"FIN-BRV-CHS-34X84-RS-BO","","FIN","ops_only","has_ops","final_assembly","0","3","41069380","17426596","0"
"FIN-BRV-CHS-34X84-RS-BR","","FIN","ops_only","has_ops","final_assembly","0","3","41069378","17426596","0"
"FIN-BRV-CHS-34X84-RS-GR","","FIN","ops_only","has_ops","final_assembly","0","3","41069381","17426596","0"
"FIN-BRV-CHS-34X84-RS-WH","","FIN","ops_only","has_ops","final_assembly","0","3","41069377","17426596","0"
"FIN-BRV-CHS-42X72-LS","","FIN","ops_only","has_ops","final_assembly","0","3","41069263","17426506","0"
"FIN-BRV-CHS-42X72-LS-BE","","FIN","ops_only","has_ops","final_assembly","0","3","41069269","17426506","0"
"FIN-BRV-CHS-42X72-LS-BO","","FIN","ops_only","has_ops","final_assembly","0","3","41069270","17426506","0"
"FIN-BRV-CHS-42X72-LS-BR","","FIN","ops_only","has_ops","final_assembly","0","3","41069268","17426506","0"
"FIN-BRV-CHS-42X72-LS-GR","","FIN","ops_only","has_ops","final_assembly","0","3","41069271","17426506","0"
"FIN-BRV-CHS-42X72-LS-WH","","FIN","ops_only","has_ops","final_assembly","0","3","41069267","17426506","0"
"FIN-BRV-CHS-42X72-RS","","FIN","ops_only","has_ops","final_assembly","0","3","41069272","17426506","0"
"FIN-BRV-CHS-42X72-RS-BE","","FIN","ops_only","has_ops","final_assembly","0","3","41069275","17426506","0"
"FIN-BRV-CHS-42X72-RS-BO","","FIN","ops_only","has_ops","final_assembly","0","3","41069276","17426506","0"
"FIN-BRV-CHS-42X72-RS-BR","","FIN","ops_only","has_ops","final_assembly","0","3","41069274","17426506","0"
"FIN-BRV-CHS-42X72-RS-GR","","FIN","ops_only","has_ops","final_assembly","0","3","41069277","17426506","0"
"FIN-BRV-CHS-42X72-RS-WH","","FIN","ops_only","has_ops","final_assembly","0","3","41069273","17426506","0"
"FIN-BRV-CHS-42X84-LS","","FIN","ops_only","has_ops","final_assembly","0","3","41069412","17426624","0"
"FIN-BRV-CHS-42X84-LS-BE","","FIN","ops_only","has_ops","final_assembly","0","3","41069417","17426624","0"
"FIN-BRV-CHS-42X84-LS-BO","","FIN","ops_only","has_ops","final_assembly","0","3","41069418","17426624","0"
"FIN-BRV-CHS-42X84-LS-BR","","FIN","ops_only","has_ops","final_assembly","0","3","41069416","17426624","0"
"FIN-BRV-CHS-42X84-LS-GR","","FIN","ops_only","has_ops","final_assembly","0","3","41069419","17426624","0"
"FIN-BRV-CHS-42X84-LS-WH","","FIN","ops_only","has_ops","final_assembly","0","3","41069415","17426624","0"
"FIN-BRV-CHS-42X84-RS","","FIN","ops_only","has_ops","final_assembly","0","3","41069420","17426624","0"
"FIN-BRV-CHS-42X84-RS-BE","","FIN","ops_only","has_ops","final_assembly","0","3","41069423","17426624","0"
"FIN-BRV-CHS-42X84-RS-BO","","FIN","ops_only","has_ops","final_assembly","0","3","41069424","17426624","0"
"FIN-BRV-CHS-42X84-RS-BR","","FIN","ops_only","has_ops","final_assembly","0","3","41069422","17426624","0"
"FIN-BRV-CHS-42X84-RS-GR","","FIN","ops_only","has_ops","final_assembly","0","3","41069425","17426624","0"
"FIN-BRV-CHS-42X84-RS-WH","","FIN","ops_only","has_ops","final_assembly","0","3","41069421","17426624","0"
"FIN-BRV-CLB-CHA","","FIN","ok_recipe","has_ops","final_assembly","2","3","41068823","17426363","0"
"FIN-BRV-CLB-CHA-34X34","","FIN","ok_recipe","has_ops","final_assembly","2","3","42013463","17951038","0"
"FIN-BRV-CLB-CHA-BE","","FIN","ok_recipe","has_ops","final_assembly","2","3","41068830","17426363","0"
"FIN-BRV-CLB-CHA-BO","","FIN","ok_recipe","has_ops","final_assembly","2","3","41068831","17426363","0"
"FIN-BRV-CLB-CHA-BR","","FIN","ok_recipe","has_ops","final_assembly","2","3","41068829","17426363","0"
"FIN-BRV-CLB-CHA-GR","","FIN","ok_recipe","has_ops","final_assembly","2","3","41068832","17426363","0"
"FIN-BRV-CLB-CHA-WH","","FIN","ok_recipe","has_ops","final_assembly","2","3","41068828","17426363","0"
"FIN-BRV-COF-TAB","","FIN","ops_only","has_ops","final_assembly","0","3","42013587","17951162","0"
"FIN-BRV-COF-TAB-28X42","","FIN","ok_recipe","has_ops","final_assembly","1","3","42013510","17951085","0"
"FIN-BRV-COF-TAB-36X36","","FIN","ops_only","has_ops","final_assembly","0","3","42013511","17951086","0"
"FIN-BRV-COF-TAB-36X36-BE","","FIN","ops_only","has_ops","final_assembly","0","3","41080374","17431729","0"
"FIN-BRV-COF-TAB-36X36-BO","","FIN","ops_only","has_ops","final_assembly","0","3","41080375","17431729","0"
"FIN-BRV-COF-TAB-36X36-BR","","FIN","ops_only","has_ops","final_assembly","0","3","41080373","17431729","0"
"FIN-BRV-COF-TAB-36X36-GR","","FIN","ops_only","has_ops","final_assembly","0","3","41080376","17431729","0"
"FIN-BRV-COF-TAB-36X36-WT","","FIN","ops_only","has_ops","final_assembly","0","3","41080372","17431729","0"
"FIN-BRV-COF-TAB-36X56","","FIN","ok_recipe","has_ops","final_assembly","1","3","42013512","17951087","0"
"FIN-BRV-COF-TAB-42X28","","FIN","ops_only","has_ops","final_assembly","0","3","41365155","17606324","0"
"FIN-BRV-COF-TAB-42X28-BE","","FIN","ops_only","has_ops","final_assembly","0","3","41365158","17606324","0"
"FIN-BRV-COF-TAB-42X28-BO","","FIN","ops_only","has_ops","final_assembly","0","3","41365159","17606324","0"
"FIN-BRV-COF-TAB-42X28-BR","","FIN","ops_only","has_ops","final_assembly","0","3","41365157","17606324","0"
"FIN-BRV-COF-TAB-42X28-GR","","FIN","ops_only","has_ops","final_assembly","0","3","41365160","17606324","0"
"FIN-BRV-COF-TAB-42X28-WH","","FIN","ops_only","has_ops","final_assembly","0","3","41365156","17606324","0"
"FIN-BRV-COF-TAB-42X42","","FIN","ops_only","has_ops","final_assembly","0","3","42013513","17951088","0"
"FIN-BRV-COF-TAB-42X42-BE","","FIN","ops_only","has_ops","final_assembly","0","3","41080412","17431740","0"
"FIN-BRV-COF-TAB-42X42-BO","","FIN","ops_only","has_ops","final_assembly","0","3","41080413","17431740","0"
"FIN-BRV-COF-TAB-42X42-BR","","FIN","ops_only","has_ops","final_assembly","0","3","41080411","17431740","0"
"FIN-BRV-COF-TAB-42X42-GR","","FIN","ops_only","has_ops","final_assembly","0","3","41080414","17431740","0"
"FIN-BRV-COF-TAB-42X42-WH","","FIN","ops_only","has_ops","final_assembly","0","3","41080410","17431740","0"
"FIN-BRV-COF-TAB-42X56","","FIN","ok_recipe","has_ops","final_assembly","1","3","42013514","17951089","0"
"FIN-BRV-COF-TAB-42X72","","FIN","ok_recipe","has_ops","final_assembly","1","3","42013588","17951163","0"
"FIN-BRV-COF-TAB-56X28","","FIN","ops_only","has_ops","final_assembly","0","3","41080397","17431737","0"
"FIN-BRV-COF-TAB-56X28-BE","","FIN","ops_only","has_ops","final_assembly","0","3","41080400","17431737","0"
"FIN-BRV-COF-TAB-56X28-BO","","FIN","ops_only","has_ops","final_assembly","0","3","41080401","17431737","0"
"FIN-BRV-COF-TAB-56X28-BR","","FIN","ops_only","has_ops","final_assembly","0","3","41080399","17431737","0"
"FIN-BRV-COF-TAB-56X28-GR","","FIN","ops_only","has_ops","final_assembly","0","3","41080402","17431737","0"
"FIN-BRV-COF-TAB-56X28-WH","","FIN","ops_only","has_ops","final_assembly","0","3","41080398","17431737","0"
"FIN-BRV-COF-TAB-56X36","","FIN","ops_only","has_ops","final_assembly","0","3","41080378","17431730","0"
"FIN-BRV-COF-TAB-56X36-BE","","FIN","ops_only","has_ops","final_assembly","0","3","41080384","17431730","0"
"FIN-BRV-COF-TAB-56X36-BO","","FIN","ops_only","has_ops","final_assembly","0","3","41080385","17431730","0"
"FIN-BRV-COF-TAB-56X36-BR","","FIN","ops_only","has_ops","final_assembly","0","3","41080383","17431730","0"
"FIN-BRV-COF-TAB-56X36-GR","","FIN","ops_only","has_ops","final_assembly","0","3","41080386","17431730","0"
"FIN-BRV-COF-TAB-56X36-WH","","FIN","ops_only","has_ops","final_assembly","0","3","41080382","17431730","0"
"FIN-BRV-COF-TAB-56X42","","FIN","ops_only","has_ops","final_assembly","0","3","41080898","17432224","0"
"FIN-BRV-COF-TAB-56X42-BE","","FIN","ops_only","has_ops","final_assembly","0","3","41080901","17432224","0"
"FIN-BRV-COF-TAB-56X42-BO","","FIN","ops_only","has_ops","final_assembly","0","3","41080902","17432224","0"
"FIN-BRV-COF-TAB-56X42-BR","","FIN","ops_only","has_ops","final_assembly","0","3","41080900","17432224","0"
"FIN-BRV-COF-TAB-56X42-GR","","FIN","ops_only","has_ops","final_assembly","0","3","41080903","17432224","0"
"FIN-BRV-COF-TAB-56X42-WH","","FIN","ops_only","has_ops","final_assembly","0","3","41080899","17432224","0"
"FIN-BRV-COF-TAB-56X56","","FIN","ops_only","has_ops","final_assembly","0","3","42013515","17951090","0"
"FIN-BRV-COF-TAB-56X56-BE","","FIN","ops_only","has_ops","final_assembly","0","3","41080916","17432228","0"
"FIN-BRV-COF-TAB-56X56-BO","","FIN","ops_only","has_ops","final_assembly","0","3","41080917","17432228","0"
"FIN-BRV-COF-TAB-56X56-BR","","FIN","ops_only","has_ops","final_assembly","0","3","41080915","17432228","0"
"FIN-BRV-COF-TAB-56X56-GR","","FIN","ops_only","has_ops","final_assembly","0","3","41080918","17432228","0"
"FIN-BRV-COF-TAB-56X56-WH","","FIN","ops_only","has_ops","final_assembly","0","3","41080914","17432228","0"
"FIN-BRV-COF-TAB-56X72","","FIN","ok_recipe","has_ops","final_assembly","1","3","42013589","17951164","0"
"FIN-BRV-COF-TAB-72X36","","FIN","ops_only","has_ops","final_assembly","0","3","41080388","17431733","0"
"FIN-BRV-COF-TAB-72X36-BE","","FIN","ops_only","has_ops","final_assembly","0","3","41080391","17431733","0"
"FIN-BRV-COF-TAB-72X36-BO","","FIN","ops_only","has_ops","final_assembly","0","3","41080392","17431733","0"
"FIN-BRV-COF-TAB-72X36-BR","","FIN","ops_only","has_ops","final_assembly","0","3","41080390","17431733","0"
"FIN-BRV-COF-TAB-72X36-GR","","FIN","ops_only","has_ops","final_assembly","0","3","41080393","17431733","0"
"FIN-BRV-COF-TAB-72X36-WH","","FIN","ops_only","has_ops","final_assembly","0","3","41080389","17431733","0"
"FIN-BRV-COF-TAB-72X42","","FIN","ops_only","has_ops","final_assembly","0","3","41080905","17432226","0"
"FIN-BRV-COF-TAB-72X42-BE","","FIN","ops_only","has_ops","final_assembly","0","3","41080908","17432226","0"
"FIN-BRV-COF-TAB-72X42-BO","","FIN","ops_only","has_ops","final_assembly","0","3","41080909","17432226","0"
"FIN-BRV-COF-TAB-72X42-BR","","FIN","ops_only","has_ops","final_assembly","0","3","41080907","17432226","0"
"FIN-BRV-COF-TAB-72X42-GR","","FIN","ops_only","has_ops","final_assembly","0","3","41080910","17432226","0"
"FIN-BRV-COF-TAB-72X42-WH","","FIN","ops_only","has_ops","final_assembly","0","3","41080906","17432226","0"
"FIN-BRV-COF-TAB-72X56","","FIN","ops_only","has_ops","final_assembly","0","3","41080926","17432234","0"
"FIN-BRV-COF-TAB-72X56-BE","","FIN","ops_only","has_ops","final_assembly","0","3","41080930","17432234","0"
"FIN-BRV-COF-TAB-72X56-BO","","FIN","ops_only","has_ops","final_assembly","0","3","41080931","17432234","0"
"FIN-BRV-COF-TAB-72X56-BR","","FIN","ops_only","has_ops","final_assembly","0","3","41080929","17432234","0"
"FIN-BRV-COF-TAB-72X56-GR","","FIN","ops_only","has_ops","final_assembly","0","3","41080932","17432234","0"
"FIN-BRV-COF-TAB-72X56-WH","","FIN","ops_only","has_ops","final_assembly","0","3","41080928","17432234","0"
"FIN-BRV-COR-CHS-72X34","","FIN","ok_recipe","has_ops","final_assembly","2","3","42013479","17951054","0"
"FIN-BRV-COR-CHS-84X34","","FIN","ok_recipe","has_ops","final_assembly","2","3","42013480","17951055","0"
"FIN-BRV-COR-SOF-72X34","","FIN","ops_only","has_ops","final_assembly","0","3","42013476","17951051","0"
"FIN-BRV-COR-SOF-72X34-LS","","FIN","ops_only","has_ops","final_assembly","0","3","41069154","17426474","0"
"FIN-BRV-COR-SOF-72X34-LS-BE","","FIN","ops_only","has_ops","final_assembly","0","3","41069158","17426474","0"
"FIN-BRV-COR-SOF-72X34-LS-BO","","FIN","ops_only","has_ops","final_assembly","0","3","41069159","17426474","0"
"FIN-BRV-COR-SOF-72X34-LS-BR","","FIN","ops_only","has_ops","final_assembly","0","3","41069157","17426474","0"
"FIN-BRV-COR-SOF-72X34-LS-GR","","FIN","ops_only","has_ops","final_assembly","0","3","41069160","17426474","0"
"FIN-BRV-COR-SOF-72X34-LS-WH","","FIN","ops_only","has_ops","final_assembly","0","3","41069156","17426474","0"
"FIN-BRV-COR-SOF-72X34-RS","","FIN","ops_only","has_ops","final_assembly","0","3","41069161","17426474","0"
"FIN-BRV-COR-SOF-72X34-RS-BE","","FIN","ops_only","has_ops","final_assembly","0","3","41069164","17426474","0"
"FIN-BRV-COR-SOF-72X34-RS-BO","","FIN","ops_only","has_ops","final_assembly","0","3","41069165","17426474","0"
"FIN-BRV-COR-SOF-72X34-RS-BR","","FIN","ops_only","has_ops","final_assembly","0","3","41069163","17426474","0"
"FIN-BRV-COR-SOF-72X34-RS-GR","","FIN","ops_only","has_ops","final_assembly","0","3","41069166","17426474","0"
"FIN-BRV-COR-SOF-72X34-RS-WH","","FIN","ops_only","has_ops","final_assembly","0","3","41069162","17426474","0"
"FIN-BRV-COR-SOF-84X34","","FIN","ops_only","has_ops","final_assembly","0","3","42013477","17951052","0"
"FIN-BRV-COR-SOF-84X34-LS","","FIN","ops_only","has_ops","final_assembly","0","3","41069179","17426483","0"
"FIN-BRV-COR-SOF-84X34-LS-BE","","FIN","ops_only","has_ops","final_assembly","0","3","41069184","17426483","0"
"FIN-BRV-COR-SOF-84X34-LS-BO","","FIN","ops_only","has_ops","final_assembly","0","3","41069185","17426483","0"
"FIN-BRV-COR-SOF-84X34-LS-BR","","FIN","ops_only","has_ops","final_assembly","0","3","41069183","17426483","0"
"FIN-BRV-COR-SOF-84X34-LS-GR","","FIN","ops_only","has_ops","final_assembly","0","3","41069186","17426483","0"
"FIN-BRV-COR-SOF-84X34-LS-WH","","FIN","ops_only","has_ops","final_assembly","0","3","41069182","17426483","0"
"FIN-BRV-COR-SOF-84X34-RS","","FIN","ops_only","has_ops","final_assembly","0","3","41069187","17426483","0"
"FIN-BRV-COR-SOF-84X34-RS-BE","","FIN","ops_only","has_ops","final_assembly","0","3","41069190","17426483","0"
"FIN-BRV-COR-SOF-84X34-RS-BO","","FIN","ops_only","has_ops","final_assembly","0","3","41069191","17426483","0"
"FIN-BRV-COR-SOF-84X34-RS-BR","","FIN","ops_only","has_ops","final_assembly","0","3","41069189","17426483","0"
"FIN-BRV-COR-SOF-84X34-RS-GR","","FIN","ops_only","has_ops","final_assembly","0","3","41069192","17426483","0"
"FIN-BRV-COR-SOF-84X34-RS-WH","","FIN","ops_only","has_ops","final_assembly","0","3","41069188","17426483","0"
"FIN-BRV-COR-SOF-96X34","","FIN","ops_only","has_ops","final_assembly","0","3","42013478","17951053","0"
"FIN-BRV-COR-SOF-96X34-LS","","FIN","ops_only","has_ops","final_assembly","0","3","41069196","17426488","0"
"FIN-BRV-COR-SOF-96X34-LS-BE","","FIN","ops_only","has_ops","final_assembly","0","3","41069207","17426488","0"
"FIN-BRV-COR-SOF-96X34-LS-BO","","FIN","ops_only","has_ops","final_assembly","0","3","41069208","17426488","0"
"FIN-BRV-COR-SOF-96X34-LS-BR","","FIN","ops_only","has_ops","final_assembly","0","3","41069206","17426488","0"
"FIN-BRV-COR-SOF-96X34-LS-GR","","FIN","ops_only","has_ops","final_assembly","0","3","41069209","17426488","0"
"FIN-BRV-COR-SOF-96X34-LS-WH","","FIN","ops_only","has_ops","final_assembly","0","3","41069205","17426488","0"
"FIN-BRV-COR-SOF-96X34-RS","","FIN","ops_only","has_ops","final_assembly","0","3","41069210","17426488","0"
"FIN-BRV-COR-SOF-96X34-RS-BE","","FIN","ops_only","has_ops","final_assembly","0","3","41069213","17426488","0"
"FIN-BRV-COR-SOF-96X34-RS-BO","","FIN","ops_only","has_ops","final_assembly","0","3","41069214","17426488","0"
"FIN-BRV-COR-SOF-96X34-RS-BR","","FIN","ops_only","has_ops","final_assembly","0","3","41069212","17426488","0"
"FIN-BRV-COR-SOF-96X34-RS-GR","","FIN","ops_only","has_ops","final_assembly","0","3","41069215","17426488","0"
"FIN-BRV-COR-SOF-96X34-RS-WH","","FIN","ops_only","has_ops","final_assembly","0","3","41069211","17426488","0"
"FIN-BRV-DOU-CHS-58X79","","FIN","ops_only","has_ops","final_assembly","0","3","42013482","17951057","0"
"FIN-BRV-DOU-CHS-58X79-BE","","FIN","ops_only","has_ops","final_assembly","0","3","41069480","17426641","0"
"FIN-BRV-DOU-CHS-58X79-BO","","FIN","ops_only","has_ops","final_assembly","0","3","41069481","17426641","0"
"FIN-BRV-DOU-CHS-58X79-BR","","FIN","ops_only","has_ops","final_assembly","0","3","41069479","17426641","0"
"FIN-BRV-DOU-CHS-58X79-GR","","FIN","ops_only","has_ops","final_assembly","0","3","41069482","17426641","0"
"FIN-BRV-DOU-CHS-58X79-NOARM","","FIN","ops_only","has_ops","final_assembly","0","3","41069483","17426641","0"
"FIN-BRV-DOU-CHS-58X79-NOARM-BE","","FIN","ops_only","has_ops","final_assembly","0","3","41069486","17426641","0"
"FIN-BRV-DOU-CHS-58X79-NOARM-BO","","FIN","ops_only","has_ops","final_assembly","0","3","41069487","17426641","0"
"FIN-BRV-DOU-CHS-58X79-NOARM-BR","","FIN","ops_only","has_ops","final_assembly","0","3","41069485","17426641","0"
"FIN-BRV-DOU-CHS-58X79-NOARM-GR","","FIN","ops_only","has_ops","final_assembly","0","3","41069488","17426641","0"
"FIN-BRV-DOU-CHS-58X79-NOARM-WH","","FIN","ops_only","has_ops","final_assembly","0","3","41069484","17426641","0"
"FIN-BRV-DOU-CHS-58X79-WH","","FIN","ops_only","has_ops","final_assembly","0","3","41069478","17426641","0"
"FIN-BRV-DYB-72X72","","FIN","ops_only","has_ops","final_assembly","0","3","42013484","17951059","0"
"FIN-BRV-DYB-72X72-BE","","FIN","ops_only","has_ops","final_assembly","0","3","41070025","17426881","0"
"FIN-BRV-DYB-72X72-BO","","FIN","ops_only","has_ops","final_assembly","0","3","41070026","17426881","0"
"FIN-BRV-DYB-72X72-BR","","FIN","ops_only","has_ops","final_assembly","0","3","41070024","17426881","0"
"FIN-BRV-DYB-72X72-GR","","FIN","ops_only","has_ops","final_assembly","0","3","41070027","17426881","0"
"FIN-BRV-DYB-72X72-WH","","FIN","ops_only","has_ops","final_assembly","0","3","41070023","17426881","0"
"FIN-BRV-DYB-72X78","","FIN","ops_only","has_ops","final_assembly","0","3","41078289","17430399","0"
"FIN-BRV-DYB-72X78-BE","","FIN","ops_only","has_ops","final_assembly","0","3","41078579","17430399","0"
"FIN-BRV-DYB-72X78-BO","","FIN","ops_only","has_ops","final_assembly","0","3","41078580","17430399","0"
"FIN-BRV-DYB-72X78-BR","","FIN","ops_only","has_ops","final_assembly","0","3","41078578","17430399","0"
"FIN-BRV-DYB-72X78-GR","","FIN","ops_only","has_ops","final_assembly","0","3","41078581","17430399","0"
"FIN-BRV-DYB-72X78-WH","","FIN","ops_only","has_ops","final_assembly","0","3","41078577","17430399","0"
"FIN-BRV-DYB-78X72","","FIN","ops_only","has_ops","final_assembly","0","3","41070030","17426885","0"
"FIN-BRV-DYB-78X72-BE","","FIN","ops_only","has_ops","final_assembly","0","3","41070035","17426885","0"
"FIN-BRV-DYB-78X72-BO","","FIN","ops_only","has_ops","final_assembly","0","3","41070036","17426885","0"
"FIN-BRV-DYB-78X72-BR","","FIN","ops_only","has_ops","final_assembly","0","3","41070034","17426885","0"
"FIN-BRV-DYB-78X72-GR","","FIN","ops_only","has_ops","final_assembly","0","3","41070037","17426885","0"
"FIN-BRV-DYB-78X72-WH","","FIN","ops_only","has_ops","final_assembly","0","3","41070033","17426885","0"
"FIN-BRV-DYB-78X78","","FIN","ops_only","has_ops","final_assembly","0","3","41078749","17430591","0"
"FIN-BRV-DYB-78X78-BE","","FIN","ops_only","has_ops","final_assembly","0","3","41078752","17430591","0"
"FIN-BRV-DYB-78X78-BO","","FIN","ops_only","has_ops","final_assembly","0","3","41078753","17430591","0"
"FIN-BRV-DYB-78X78-BR","","FIN","ops_only","has_ops","final_assembly","0","3","41078751","17430591","0"
"FIN-BRV-DYB-78X78-GR","","FIN","ops_only","has_ops","final_assembly","0","3","41078754","17430591","0"
"FIN-BRV-DYB-78X78-WH","","FIN","ops_only","has_ops","final_assembly","0","3","41078750","17430591","0"
"FIN-BRV-DYB-84X72","","FIN","ok_recipe","has_ops","final_assembly","2","3","42013485","17951060","0"
"FIN-BRV-DYB-84X78","","FIN","ops_only","has_ops","final_assembly","0","3","41078740","17430589","0"
"FIN-BRV-DYB-84X78-BE","","FIN","ops_only","has_ops","final_assembly","0","3","41078743","17430589","0"
"FIN-BRV-DYB-84X78-BO","","FIN","ops_only","has_ops","final_assembly","0","3","41078744","17430589","0"
"FIN-BRV-DYB-84X78-BR","","FIN","ops_only","has_ops","final_assembly","0","3","41078742","17430589","0"
"FIN-BRV-DYB-84X78-GR","","FIN","ops_only","has_ops","final_assembly","0","3","41078745","17430589","0"
"FIN-BRV-DYB-84X78-WH","","FIN","ops_only","has_ops","final_assembly","0","3","41078741","17430589","0"
"FIN-BRV-DYB-84X84","","FIN","ok_recipe","has_ops","final_assembly","2","3","42013483","17951058","0"
"FIN-BRV-DYB-84X84-DAYBED","","FIN","ok_recipe","has_ops","final_assembly","2","3","42013486","17951061","0"
"FIN-BRV-LOV-SOF-60X34","","FIN","ok_recipe","has_ops","final_assembly","2","3","42013465","17951040","0"
"FIN-BRV-LOV-SOF-60X34-BE","","FIN","ok_recipe","has_ops","final_assembly","2","3","41068984","17426405","0"
"FIN-BRV-LOV-SOF-60X34-BO","","FIN","ok_recipe","has_ops","final_assembly","2","3","41068985","17426405","0"
"FIN-BRV-LOV-SOF-60X34-BR","","FIN","ok_recipe","has_ops","final_assembly","2","3","41068983","17426405","0"
"FIN-BRV-LOV-SOF-60X34-GR","","FIN","ok_recipe","has_ops","final_assembly","2","3","41068986","17426405","0"
"FIN-BRV-LOV-SOF-60X34-WH","","FIN","ok_recipe","has_ops","final_assembly","2","3","41068982","17426405","0"
"FIN-BRV-MIN-LOV-48X34","","FIN","ok_recipe","has_ops","final_assembly","2","3","42013466","17951041","0"
"FIN-BRV-MIN-LOV-48X34-ARMLESSMINI","","FIN","ops_only","has_ops","final_assembly","0","3","42013472","17951047","0"
"FIN-BRV-MIN-LOV-48X34-BE","","FIN","ok_recipe","has_ops","final_assembly","2","3","41068913","17426384","0"
"FIN-BRV-MIN-LOV-48X34-BO","","FIN","ok_recipe","has_ops","final_assembly","2","3","41068914","17426384","0"
"FIN-BRV-MIN-LOV-48X34-BR","","FIN","ok_recipe","has_ops","final_assembly","2","3","41068912","17426384","0"
"FIN-BRV-MIN-LOV-48X34-GR","","FIN","ok_recipe","has_ops","final_assembly","2","3","41068915","17426384","0"
"FIN-BRV-MIN-LOV-48X34-MINILOVESEAT","","FIN","ops_only","has_ops","final_assembly","0","3","42013569","17951144","0"
"FIN-BRV-MIN-LOV-48X34-WH","","FIN","ok_recipe","has_ops","final_assembly","2","3","41068911","17426384","0"
"FIN-BRV-OTT-22X30","","FIN","ok_recipe","has_ops","final_assembly","2","3","42013543","17951118","0"
"FIN-BRV-OTT-22X42","","FIN","ok_recipe","has_ops","final_assembly","2","3","42013544","17951119","0"
"FIN-BRV-OTT-22X60","","FIN","ok_recipe","has_ops","final_assembly","2","3","42013545","17951120","0"
"FIN-BRV-OTT-22X72","","FIN","ok_recipe","has_ops","final_assembly","2","3","42013546","17951121","0"
"FIN-BRV-OTT-30X22","","FIN","ops_only","has_ops","final_assembly","0","3","41078969","17430614","0"
"FIN-BRV-OTT-30X22-BE","","FIN","ops_only","has_ops","final_assembly","0","3","41078972","17430614","0"
"FIN-BRV-OTT-30X22-BO","","FIN","ops_only","has_ops","final_assembly","0","3","41078973","17430614","0"
"FIN-BRV-OTT-30X22-BR","","FIN","ops_only","has_ops","final_assembly","0","3","41078971","17430614","0"
"FIN-BRV-OTT-30X22-GR","","FIN","ops_only","has_ops","final_assembly","0","3","41078974","17430614","0"
"FIN-BRV-OTT-30X22-WH","","FIN","ops_only","has_ops","final_assembly","0","3","41078970","17430614","0"
"FIN-BRV-OTT-34X34","","FIN","ops_only","has_ops","final_assembly","0","3","42013686","17951257","0"
"FIN-BRV-OTT-34X34-BE","","FIN","ops_only","has_ops","final_assembly","0","3","41079734","17431259","0"
"FIN-BRV-OTT-34X34-BO","","FIN","ops_only","has_ops","final_assembly","0","3","41079735","17431259","0"
"FIN-BRV-OTT-34X34-BR","","FIN","ops_only","has_ops","final_assembly","0","3","41079733","17431259","0"
"FIN-BRV-OTT-34X34-GR","","FIN","ops_only","has_ops","final_assembly","0","3","41079736","17431259","0"
"FIN-BRV-OTT-34X34-WH","","FIN","ops_only","has_ops","final_assembly","0","3","41079732","17431259","0"
"FIN-BRV-OTT-34X42","","FIN","ok_recipe","has_ops","final_assembly","2","3","42013687","17951258","0"
"FIN-BRV-OTT-34X60","","FIN","ok_recipe","has_ops","final_assembly","2","3","42013688","17951259","0"
"FIN-BRV-OTT-34X72","","FIN","ok_recipe","has_ops","final_assembly","2","3","42013689","17951260","0"
"FIN-BRV-OTT-42X22","","FIN","ops_only","has_ops","final_assembly","0","3","41078987","17430676","0"
"FIN-BRV-OTT-42X22-BE","","FIN","ops_only","has_ops","final_assembly","0","3","41078990","17430676","0"
"FIN-BRV-OTT-42X22-BO","","FIN","ops_only","has_ops","final_assembly","0","3","41078991","17430676","0"
"FIN-BRV-OTT-42X22-BR","","FIN","ops_only","has_ops","final_assembly","0","3","41078989","17430676","0"
"FIN-BRV-OTT-42X22-GR","","FIN","ops_only","has_ops","final_assembly","0","3","41078992","17430676","0"
"FIN-BRV-OTT-42X22-WH","","FIN","ops_only","has_ops","final_assembly","0","3","41078988","17430676","0"
"FIN-BRV-OTT-42X34","","FIN","ops_only","has_ops","final_assembly","0","3","41079752","17431266","0"
"FIN-BRV-OTT-42X34-BE","","FIN","ops_only","has_ops","final_assembly","0","3","41079755","17431266","0"
"FIN-BRV-OTT-42X34-BO","","FIN","ops_only","has_ops","final_assembly","0","3","41079756","17431266","0"
"FIN-BRV-OTT-42X34-BR","","FIN","ops_only","has_ops","final_assembly","0","3","41079754","17431266","0"
"FIN-BRV-OTT-42X34-GR","","FIN","ops_only","has_ops","final_assembly","0","3","41079757","17431266","0"
"FIN-BRV-OTT-42X34-WH","","FIN","ops_only","has_ops","final_assembly","0","3","41079753","17431266","0"
"FIN-BRV-OTT-60X22","","FIN","ops_only","has_ops","final_assembly","0","3","41079010","17430683","0"
"FIN-BRV-OTT-60X22-BE","","FIN","ops_only","has_ops","final_assembly","0","3","41079013","17430683","0"
"FIN-BRV-OTT-60X22-BO","","FIN","ops_only","has_ops","final_assembly","0","3","41079014","17430683","0"
"FIN-BRV-OTT-60X22-BR","","FIN","ops_only","has_ops","final_assembly","0","3","41079012","17430683","0"
"FIN-BRV-OTT-60X22-GR","","FIN","ops_only","has_ops","final_assembly","0","3","41079015","17430683","0"
"FIN-BRV-OTT-60X22-WH","","FIN","ops_only","has_ops","final_assembly","0","3","41079011","17430683","0"
"FIN-BRV-OTT-60X34","","FIN","ops_only","has_ops","final_assembly","0","3","41080005","17431467","0"
"FIN-BRV-OTT-60X34-BE","","FIN","ops_only","has_ops","final_assembly","0","3","41080008","17431467","0"
"FIN-BRV-OTT-60X34-BO","","FIN","ops_only","has_ops","final_assembly","0","3","41080009","17431467","0"
"FIN-BRV-OTT-60X34-BR","","FIN","ops_only","has_ops","final_assembly","0","3","41080007","17431467","0"
"FIN-BRV-OTT-60X34-GR","","FIN","ops_only","has_ops","final_assembly","0","3","41080010","17431467","0"
"FIN-BRV-OTT-60X34-WH","","FIN","ops_only","has_ops","final_assembly","0","3","41080006","17431467","0"
"FIN-BRV-OTT-72X22","","FIN","ops_only","has_ops","final_assembly","0","3","41079045","17430694","0"
"FIN-BRV-OTT-72X22-BE","","FIN","ops_only","has_ops","final_assembly","0","3","41079048","17430694","0"
"FIN-BRV-OTT-72X22-BO","","FIN","ops_only","has_ops","final_assembly","0","3","41079049","17430694","0"
"FIN-BRV-OTT-72X22-BR","","FIN","ops_only","has_ops","final_assembly","0","3","41079047","17430694","0"
"FIN-BRV-OTT-72X22-GR","","FIN","ops_only","has_ops","final_assembly","0","3","41079050","17430694","0"
"FIN-BRV-OTT-72X22-WH","","FIN","ops_only","has_ops","final_assembly","0","3","41079046","17430694","0"
"FIN-BRV-OTT-72X34","","FIN","ops_only","has_ops","final_assembly","0","3","41080316","17431693","0"
"FIN-BRV-OTT-72X34-BE","","FIN","ops_only","has_ops","final_assembly","0","3","41080319","17431693","0"
"FIN-BRV-OTT-72X34-BO","","FIN","ops_only","has_ops","final_assembly","0","3","41080320","17431693","0"
"FIN-BRV-OTT-72X34-BR","","FIN","ops_only","has_ops","final_assembly","0","3","41080318","17431693","0"
"FIN-BRV-OTT-72X34-GR","","FIN","ops_only","has_ops","final_assembly","0","3","41080321","17431693","0"
"FIN-BRV-OTT-72X34-WH","","FIN","ops_only","has_ops","final_assembly","0","3","41080317","17431693","0"
"FIN-BRV-OTT-DKT-30X22","","FIN","ops_only","has_ops","final_assembly","0","3","41078813","17430614","0"
"FIN-BRV-OTT-DKT-30X22-BE","","FIN","ops_only","has_ops","final_assembly","0","3","41078966","17430614","0"
"FIN-BRV-OTT-DKT-30X22-BO","","FIN","ops_only","has_ops","final_assembly","0","3","41078967","17430614","0"
"FIN-BRV-OTT-DKT-30X22-BR","","FIN","ops_only","has_ops","final_assembly","0","3","41078965","17430614","0"
"FIN-BRV-OTT-DKT-30X22-GR","","FIN","ops_only","has_ops","final_assembly","0","3","41078968","17430614","0"
"FIN-BRV-OTT-DKT-30X22-WH","","FIN","ops_only","has_ops","final_assembly","0","3","41078964","17430614","0"
"FIN-BRV-OTT-DKT-34X34","","FIN","ops_only","has_ops","final_assembly","0","3","41079725","17431259","0"
"FIN-BRV-OTT-DKT-34X34-BE","","FIN","ops_only","has_ops","final_assembly","0","3","41079728","17431259","0"
"FIN-BRV-OTT-DKT-34X34-BO","","FIN","ops_only","has_ops","final_assembly","0","3","41079729","17431259","0"
"FIN-BRV-OTT-DKT-34X34-BR","","FIN","ops_only","has_ops","final_assembly","0","3","41079727","17431259","0"
"FIN-BRV-OTT-DKT-34X34-GR","","FIN","ops_only","has_ops","final_assembly","0","3","41079730","17431259","0"
"FIN-BRV-OTT-DKT-34X34-WH","","FIN","ops_only","has_ops","final_assembly","0","3","41079726","17431259","0"
"FIN-BRV-OTT-DKT-42X22","","FIN","ops_only","has_ops","final_assembly","0","3","41078980","17430676","0"
"FIN-BRV-OTT-DKT-42X22-BE","","FIN","ops_only","has_ops","final_assembly","0","3","41078984","17430676","0"
"FIN-BRV-OTT-DKT-42X22-BO","","FIN","ops_only","has_ops","final_assembly","0","3","41078985","17430676","0"
"FIN-BRV-OTT-DKT-42X22-BR","","FIN","ops_only","has_ops","final_assembly","0","3","41078983","17430676","0"
"FIN-BRV-OTT-DKT-42X22-GR","","FIN","ops_only","has_ops","final_assembly","0","3","41078986","17430676","0"
"FIN-BRV-OTT-DKT-42X22-WH","","FIN","ops_only","has_ops","final_assembly","0","3","41078982","17430676","0"
"FIN-BRV-OTT-DKT-42X34","","FIN","ops_only","has_ops","final_assembly","0","3","41079746","17431266","0"
"FIN-BRV-OTT-DKT-42X34-BE","","FIN","ops_only","has_ops","final_assembly","0","3","41079749","17431266","0"
"FIN-BRV-OTT-DKT-42X34-BO","","FIN","ops_only","has_ops","final_assembly","0","3","41079750","17431266","0"
"FIN-BRV-OTT-DKT-42X34-BR","","FIN","ops_only","has_ops","final_assembly","0","3","41079748","17431266","0"
"FIN-BRV-OTT-DKT-42X34-GR","","FIN","ops_only","has_ops","final_assembly","0","3","41079751","17431266","0"
"FIN-BRV-OTT-DKT-42X34-WH","","FIN","ops_only","has_ops","final_assembly","0","3","41079747","17431266","0"
"FIN-BRV-OTT-DKT-60X22","","FIN","ops_only","has_ops","final_assembly","0","3","41079000","17430683","0"
"FIN-BRV-OTT-DKT-60X22-BE","","FIN","ops_only","has_ops","final_assembly","0","3","41079007","17430683","0"
"FIN-BRV-OTT-DKT-60X22-BO","","FIN","ops_only","has_ops","final_assembly","0","3","41079008","17430683","0"
"FIN-BRV-OTT-DKT-60X22-BR","","FIN","ops_only","has_ops","final_assembly","0","3","41079006","17430683","0"
"FIN-BRV-OTT-DKT-60X22-GR","","FIN","ops_only","has_ops","final_assembly","0","3","41079009","17430683","0"
"FIN-BRV-OTT-DKT-60X22-WH","","FIN","ops_only","has_ops","final_assembly","0","3","41079005","17430683","0"
"FIN-BRV-OTT-DKT-60X34","","FIN","ops_only","has_ops","final_assembly","0","3","41079997","17431467","0"
"FIN-BRV-OTT-DKT-60X34-BE","","FIN","ops_only","has_ops","final_assembly","0","3","41080002","17431467","0"
"FIN-BRV-OTT-DKT-60X34-BO","","FIN","ops_only","has_ops","final_assembly","0","3","41080003","17431467","0"
"FIN-BRV-OTT-DKT-60X34-BR","","FIN","ops_only","has_ops","final_assembly","0","3","41080001","17431467","0"
"FIN-BRV-OTT-DKT-60X34-GR","","FIN","ops_only","has_ops","final_assembly","0","3","41080004","17431467","0"
"FIN-BRV-OTT-DKT-60X34-WH","","FIN","ops_only","has_ops","final_assembly","0","3","41080000","17431467","0"
"FIN-BRV-OTT-DKT-72X22","","FIN","ops_only","has_ops","final_assembly","0","3","41079038","17430694","0"
"FIN-BRV-OTT-DKT-72X22-BE","","FIN","ops_only","has_ops","final_assembly","0","3","41079042","17430694","0"
"FIN-BRV-OTT-DKT-72X22-BO","","FIN","ops_only","has_ops","final_assembly","0","3","41079043","17430694","0"
"FIN-BRV-OTT-DKT-72X22-BR","","FIN","ops_only","has_ops","final_assembly","0","3","41079041","17430694","0"
"FIN-BRV-OTT-DKT-72X22-GR","","FIN","ops_only","has_ops","final_assembly","0","3","41079044","17430694","0"
"FIN-BRV-OTT-DKT-72X22-WH","","FIN","ops_only","has_ops","final_assembly","0","3","41079040","17430694","0"
"FIN-BRV-OTT-DKT-72X34","","FIN","ops_only","has_ops","final_assembly","0","3","41080310","17431693","0"
"FIN-BRV-OTT-DKT-72X34-BE","","FIN","ops_only","has_ops","final_assembly","0","3","41080313","17431693","0"
"FIN-BRV-OTT-DKT-72X34-BO","","FIN","ops_only","has_ops","final_assembly","0","3","41080314","17431693","0"
"FIN-BRV-OTT-DKT-72X34-BR","","FIN","ops_only","has_ops","final_assembly","0","3","41080312","17431693","0"
"FIN-BRV-OTT-DKT-72X34-GR","","FIN","ops_only","has_ops","final_assembly","0","3","41080315","17431693","0"
"FIN-BRV-OTT-DKT-72X34-WH","","FIN","ops_only","has_ops","final_assembly","0","3","41080311","17431693","0"
"FIN-BRV-OVS-CHS-72X42","","FIN","ok_recipe","has_ops","final_assembly","2","3","42013571","17951146","0"
"FIN-BRV-OVS-CHS-84X42","","FIN","ok_recipe","has_ops","final_assembly","2","3","42013572","17951147","0"
"FIN-BRV-SGL-CHS-30X79","","FIN","ops_only","has_ops","final_assembly","0","3","42013481","17951056","0"
"FIN-BRV-SGL-CHS-30X79-BE","","FIN","ops_only","has_ops","final_assembly","0","3","41069466","17426640","0"
"FIN-BRV-SGL-CHS-30X79-BO","","FIN","ops_only","has_ops","final_assembly","0","3","41069467","17426640","0"
"FIN-BRV-SGL-CHS-30X79-BR","","FIN","ops_only","has_ops","final_assembly","0","3","41069465","17426640","0"
"FIN-BRV-SGL-CHS-30X79-GR","","FIN","ops_only","has_ops","final_assembly","0","3","41069468","17426640","0"
"FIN-BRV-SGL-CHS-30X79-NOARM","","FIN","ops_only","has_ops","final_assembly","0","3","41069469","17426640","0"
"FIN-BRV-SGL-CHS-30X79-NOARM-BE","","FIN","ops_only","has_ops","final_assembly","0","3","41069472","17426640","0"
"FIN-BRV-SGL-CHS-30X79-NOARM-BO","","FIN","ops_only","has_ops","final_assembly","0","3","41069473","17426640","0"
"FIN-BRV-SGL-CHS-30X79-NOARM-BR","","FIN","ops_only","has_ops","final_assembly","0","3","41069471","17426640","0"
"FIN-BRV-SGL-CHS-30X79-NOARM-GR","","FIN","ops_only","has_ops","final_assembly","0","3","41069474","17426640","0"
"FIN-BRV-SGL-CHS-30X79-NOARM-WH","","FIN","ops_only","has_ops","final_assembly","0","3","41069470","17426640","0"
"FIN-BRV-SGL-CHS-30X79-WH","","FIN","ops_only","has_ops","final_assembly","0","3","41069464","17426640","0"
"FIN-BRV-SID-TAB-20X20","","FIN","ops_only","has_ops","final_assembly","0","3","42013590","17951165","0"
"FIN-BRV-SID-TAB-20X20-BE","","FIN","ops_only","has_ops","final_assembly","0","3","41080936","17432236","0"
"FIN-BRV-SID-TAB-20X20-BO","","FIN","ops_only","has_ops","final_assembly","0","3","41080937","17432236","0"
"FIN-BRV-SID-TAB-20X20-BR","","FIN","ops_only","has_ops","final_assembly","0","3","41080935","17432236","0"
"FIN-BRV-SID-TAB-20X20-GR","","FIN","ops_only","has_ops","final_assembly","0","3","41080938","17432236","0"
"FIN-BRV-SID-TAB-20X20-WH","","FIN","ops_only","has_ops","final_assembly","0","3","41080934","17432236","0"
"FIN-BRV-SOF-72X34","","FIN","ops_only","has_ops","final_assembly","0","3","42013467","17951042","0"
"FIN-BRV-SOF-72X34-BE","","FIN","ops_only","has_ops","final_assembly","0","3","41069035","17426425","0"
"FIN-BRV-SOF-72X34-BO","","FIN","ops_only","has_ops","final_assembly","0","3","41069036","17426425","0"
"FIN-BRV-SOF-72X34-BR","","FIN","ops_only","has_ops","final_assembly","0","3","41069034","17426425","0"
"FIN-BRV-SOF-72X34-GR","","FIN","ops_only","has_ops","final_assembly","0","3","41069037","17426425","0"
"FIN-BRV-SOF-72X34-WH","","FIN","ops_only","has_ops","final_assembly","0","3","41069033","17426425","0"
"FIN-BRV-SOF-84X34","","FIN","ops_only","has_ops","final_assembly","0","3","42013468","17951043","0"
"FIN-BRV-SOF-84X34-BE","","FIN","ops_only","has_ops","final_assembly","0","3","41069042","17426427","0"
"FIN-BRV-SOF-84X34-BO","","FIN","ops_only","has_ops","final_assembly","0","3","41069043","17426427","0"
"FIN-BRV-SOF-84X34-BR","","FIN","ops_only","has_ops","final_assembly","0","3","41069041","17426427","0"
"FIN-BRV-SOF-84X34-GR","","FIN","ops_only","has_ops","final_assembly","0","3","41069044","17426427","0"
"FIN-BRV-SOF-84X34-WH","","FIN","ops_only","has_ops","final_assembly","0","3","41069040","17426427","0"
"FIN-BRV-SOF-96X34","","FIN","ops_only","has_ops","final_assembly","0","3","42013469","17951044","0"
"FIN-BRV-SOF-96X34-BE","","FIN","ops_only","has_ops","final_assembly","0","3","41069059","17426436","0"
"FIN-BRV-SOF-96X34-BO","","FIN","ops_only","has_ops","final_assembly","0","3","41069060","17426436","0"
"FIN-BRV-SOF-96X34-BR","","FIN","ops_only","has_ops","final_assembly","0","3","41069058","17426436","0"
"FIN-BRV-SOF-96X34-GR","","FIN","ops_only","has_ops","final_assembly","0","3","41069061","17426436","0"
"FIN-BRV-SOF-96X34-WH","","FIN","ops_only","has_ops","final_assembly","0","3","41069057","17426436","0"
"FIN-BRV-SWG-66X42","","FIN","ops_only","has_ops","final_assembly","0","3","42013549","17951124","0"
"FIN-BRV-SWG-66X42-SWINGFRAME","","FIN","ops_only","has_ops","final_assembly","0","3","42013703","17951274","0"
"FIN-BRV-SWG-72X12","","FIN","ops_only","has_ops","final_assembly","0","3","42013548","17951123","0"
"FIN-BRV-SWG-72X42","","FIN","ops_only","has_ops","final_assembly","0","3","42013550","17951125","0"
"FIN-BRV-SWG-72X42-SWINGFRAME","","FIN","ops_only","has_ops","final_assembly","0","3","42013704","17951275","0"
"FIN-BRV-SWG-72X42-SWINGFRAME2","","FIN","ops_only","has_ops","final_assembly","0","3","42013706","17951277","0"
"FIN-BRV-SWG-84","","FIN","ops_only","has_ops","final_assembly","0","3","42013705","17951276","0"
"FIN-BRV-SWG-84X42","","FIN","ops_only","has_ops","final_assembly","0","3","42013707","17951278","0"
"FIN-BRV-SWG-96X32","","FIN","ops_only","has_ops","final_assembly","0","3","42013552","17951127","0"
"FIN-BRV-SWV-CHA","","FIN","ok_recipe","has_ops","final_assembly","2","3","42013568","17951143","0"
"FIN-BRV-SWV-CHA-34X34","","FIN","ok_recipe","has_ops","final_assembly","2","3","42013464","17951039","0"
"FIN-BRV-SWV-CHA-BE","","FIN","ops_only","has_ops","final_assembly","0","3","41068841","17426370","0"
"FIN-BRV-SWV-CHA-BO","","FIN","ops_only","has_ops","final_assembly","0","3","41068842","17426370","0"
"FIN-BRV-SWV-CHA-BR","","FIN","ops_only","has_ops","final_assembly","0","3","41068840","17426370","0"
"FIN-BRV-SWV-CHA-GR","","FIN","ops_only","has_ops","final_assembly","0","3","41068843","17426370","0"
"FIN-BRV-SWV-CHA-WH","","FIN","ops_only","has_ops","final_assembly","0","3","41068839","17426370","0"
"FIN-CAB-DYB-84X84","","FIN","ok_recipe","has_ops","final_assembly","2","3","42013708","17951279","0"
"FIN-CAB-MIS","","FIN","ops_only","has_ops","final_assembly","0","3","42013710","17951281","0"
"FIN-CAB-MIS-10X10","","FIN","ok_recipe","has_ops","final_assembly","2","3","42013709","17951280","0"
"FIN-CAB-MIS-12X24","","FIN","ops_only","has_ops","final_assembly","0","3","42013555","17951130","0"
"FIN-CAB-MIS-17X17","","FIN","ops_only","has_ops","final_assembly","0","3","42013553","17951128","0"
"FIN-CAB-MIS-23X23","","FIN","ops_only","has_ops","final_assembly","0","3","42013554","17951129","0"
"FIN-CAN-UMB","","FIN","ops_only","has_ops","final_assembly","0","3","42013567","17951142","0"
"FIN-CUS-OTT-22X72","","FIN","ok_recipe","has_ops","final_assembly","2","3","42013702","17951273","0"
"FIN-CUS-OTT-23X82","","FIN","ok_recipe","has_ops","final_assembly","2","3","42013730","17951301","0"
"FIN-CUS-OTT-72X22","","FIN","ok_recipe","has_ops","final_assembly","2","3","42061783","17972760","0"
"FIN-CUS-OTT-82X23","","FIN","ok_recipe","has_ops","final_assembly","2","3","42061784","17972761","0"
"FIN-DAI-BAR-TAB-120X42","","FIN","ok_recipe","has_ops","final_assembly","1","3","42061785","17972762","0"
"FIN-DAI-BAR-TAB-120X56","","FIN","ok_recipe","has_ops","final_assembly","1","3","42061786","17972763","0"
"FIN-DAI-BAR-TAB-42X120","","FIN","ok_recipe","has_ops","final_assembly","1","3","42013608","17951180","0"
"FIN-DAI-BAR-TAB-42X72","","FIN","ok_recipe","has_ops","final_assembly","1","3","42013609","17951181","0"
"FIN-DAI-BAR-TAB-42X96","","FIN","ok_recipe","has_ops","final_assembly","1","3","42013610","17951182","0"
"FIN-DAI-BAR-TAB-56X120","","FIN","ok_recipe","has_ops","final_assembly","1","3","42013611","17951183","0"
"FIN-DAI-BAR-TAB-56X56","","FIN","ok_recipe","has_ops","final_assembly","1","3","42013612","17951184","0"
"FIN-DAI-BAR-TAB-56X72","","FIN","ok_recipe","has_ops","final_assembly","1","3","42013613","17951185","0"
"FIN-DAI-BAR-TAB-56X96","","FIN","ok_recipe","has_ops","final_assembly","1","3","42013614","17951186","0"
"FIN-DAI-BAR-TAB-72X42","","FIN","ok_recipe","has_ops","final_assembly","1","3","42061787","17972764","0"
"FIN-DAI-BAR-TAB-72X56","","FIN","ok_recipe","has_ops","final_assembly","1","3","42061788","17972765","0"
"FIN-DAI-BAR-TAB-96X42","","FIN","ok_recipe","has_ops","final_assembly","1","3","42061789","17972766","0"
"FIN-DAI-BAR-TAB-96X56","","FIN","ok_recipe","has_ops","final_assembly","1","3","42061790","17972767","0"
"FIN-DAI-CNT-TAB-120X42","","FIN","ok_recipe","has_ops","final_assembly","1","3","42061791","17972768","0"
"FIN-DAI-CNT-TAB-120X56","","FIN","ok_recipe","has_ops","final_assembly","1","3","42061792","17972769","0"
"FIN-DAI-CNT-TAB-42X120","","FIN","ok_recipe","has_ops","final_assembly","1","3","42013615","17951187","0"
"FIN-DAI-CNT-TAB-42X72","","FIN","ok_recipe","has_ops","final_assembly","1","3","42013617","17951188","0"
"FIN-DAI-CNT-TAB-42X96","","FIN","ok_recipe","has_ops","final_assembly","1","3","42013618","17951189","0"
"FIN-DAI-CNT-TAB-56X120","","FIN","ok_recipe","has_ops","final_assembly","1","3","42013619","17951190","0"
"FIN-DAI-CNT-TAB-56X56","","FIN","ok_recipe","has_ops","final_assembly","1","3","42013620","17951191","0"
"FIN-DAI-CNT-TAB-56X72","","FIN","ok_recipe","has_ops","final_assembly","1","3","42013621","17951192","0"
"FIN-DAI-CNT-TAB-56X96","","FIN","ok_recipe","has_ops","final_assembly","1","3","42013622","17951193","0"
"FIN-DAI-CNT-TAB-72X42","","FIN","ok_recipe","has_ops","final_assembly","1","3","42061793","17972770","0"
"FIN-DAI-CNT-TAB-72X56","","FIN","ok_recipe","has_ops","final_assembly","1","3","42061794","17972771","0"
"FIN-DAI-CNT-TAB-96X42","","FIN","ok_recipe","has_ops","final_assembly","1","3","42061795","17972772","0"
"FIN-DAI-CNT-TAB-96X56","","FIN","ok_recipe","has_ops","final_assembly","1","3","42061796","17972773","0"
"FIN-DAI-DIN-TAB-120X42","","FIN","ok_recipe","has_ops","final_assembly","1","3","42061797","17972774","0"
"FIN-DAI-DIN-TAB-120X56","","FIN","ok_recipe","has_ops","final_assembly","1","3","42061798","17972775","0"
"FIN-DAI-DIN-TAB-42X30","","FIN","ok_recipe","has_ops","final_assembly","1","3","42013602","17951177","0"
"FIN-DAI-DIN-TAB-42X42","","FIN","ok_recipe","has_ops","final_assembly","1","3","42061799","17972776","0"
"FIN-DAI-DIN-TAB-56X30","","FIN","ok_recipe","has_ops","final_assembly","1","3","42013606","17951178","0"
"FIN-DAI-DIN-TAB-56X56","","FIN","ok_recipe","has_ops","final_assembly","1","3","42061800","17972777","0"
"FIN-DAI-DIN-TAB-56X72","","FIN","ok_recipe","has_ops","final_assembly","1","3","42013623","17951194","0"
"FIN-DAI-DIN-TAB-56X96","","FIN","ok_recipe","has_ops","final_assembly","1","3","42013624","17951195","0"
"FIN-DAI-DIN-TAB-72X42","","FIN","ok_recipe","has_ops","final_assembly","1","3","42061801","17972778","0"
"FIN-DAI-DIN-TAB-72X56","","FIN","ok_recipe","has_ops","final_assembly","1","3","42061802","17972779","0"
"FIN-DAI-DIN-TAB-96X42","","FIN","ok_recipe","has_ops","final_assembly","1","3","42061803","17972780","0"
"FIN-DAI-DIN-TAB-96X56","","FIN","ok_recipe","has_ops","final_assembly","1","3","42061804","17972781","0"
"FIN-DAI-FIR-TAB-42X42","","FIN","ok_recipe","has_ops","final_assembly","1","3","42013669","17951240","0"
"FIN-DAI-FIR-TAB-56X42","","FIN","ok_recipe","has_ops","final_assembly","1","3","42013668","17951239","0"
"FIN-DAI-FIR-TAB-84X56","","FIN","ok_recipe","has_ops","final_assembly","1","3","42013666","17951237","0"
"FIN-DAI-FIR-TAB-96X56","","FIN","ok_recipe","has_ops","final_assembly","1","3","42013667","17951238","0"
"FIN-DAI-TAB-108X56","","FIN","ok_recipe","has_ops","final_assembly","1","3","42013607","17951179","0"
"FIN-DAI-TAB-72X42","","FIN","ok_recipe","has_ops","final_assembly","1","3","41365899","17606847","0"
"FIN-DAI-TAB-72X42-BE","","FIN","ok_recipe","has_ops","final_assembly","1","3","41365902","17606847","0"
"FIN-DAI-TAB-72X42-BO","","FIN","ok_recipe","has_ops","final_assembly","1","3","41365903","17606847","0"
"FIN-DAI-TAB-72X42-BR","","FIN","ok_recipe","has_ops","final_assembly","1","3","41365901","17606847","0"
"FIN-DAI-TAB-72X42-GR","","FIN","ok_recipe","has_ops","final_assembly","1","3","41365904","17606847","0"
"FIN-DAI-TAB-72X42-WH","","FIN","ok_recipe","has_ops","final_assembly","1","3","41365900","17606847","0"
"FIN-ESY-CHS","","FIN","ok_recipe","has_ops","final_assembly","2","3","42013735","17951306","0"
"FIN-ESY-MIS","","FIN","ops_only","has_ops","final_assembly","0","3","42013712","17951283","0"
"FIN-ESY-MIS-ADDIRONWOOD","","FIN","ops_only","has_ops","final_assembly","0","3","42013717","17951288","0"
"FIN-ESY-MIS-TWINBASE","","FIN","ops_only","has_ops","final_assembly","0","3","42013713","17951284","0"
"FIN-ESY-MIS-UNFABRICATEDDE","","FIN","ops_only","has_ops","final_assembly","0","3","42013733","17951304","0"
"FIN-ESY-MIS-WEATHERPROOFCO","","FIN","ops_only","has_ops","final_assembly","0","3","42013734","17951305","0"
"FIN-ESY-MIS-ZENBASE","","FIN","ops_only","has_ops","final_assembly","0","3","42013732","17951303","0"
"FIN-ESY-MIS-ZENCOVER","","FIN","ops_only","has_ops","final_assembly","0","3","42013714","17951285","0"
"FIN-ESY-MIS-ZENSHADE","","FIN","ops_only","has_ops","final_assembly","0","3","42013715","17951286","0"
"FIN-ESY-MIS-ZENSHADE2","","FIN","ops_only","has_ops","final_assembly","0","3","42013716","17951287","0"
"FIN-ESY-MIS-ZENTWIN","","FIN","ops_only","has_ops","final_assembly","0","3","42013731","17951302","0"
"FIN-FLY-BCH-42X18","","FIN","ok_recipe","has_ops","final_assembly","2","3","42061805","17972782","0"
"FIN-FLY-DIN-CHA-18X18","","FIN","ok_recipe","has_ops","final_assembly","2","3","42061806","17972783","0"
"FIN-FLY-FLY-BST-18X18","","FIN","ok_recipe","has_ops","final_assembly","2","3","42061807","17972784","0"
"FIN-FLY-LEG-BAR-COU-HEI","","FIN","ok_recipe","has_ops","final_assembly","2","3","42061808","17972785","0"
"FIN-FLY-LEG-BEN-COU-HEI-42","","FIN","ok_recipe","has_ops","final_assembly","2","3","42061809","17972786","0"
"FIN-FLY-LEG-BEN-DIN-HEI-42","","FIN","ok_recipe","has_ops","final_assembly","2","3","42061810","17972787","0"
"FIN-FLY-TAB-38X8","","FIN","ok_recipe","has_ops","final_assembly","1","3","42061811","17972788","0"
"FIN-FLY-TAB-60X12","","FIN","ok_recipe","has_ops","final_assembly","1","3","42061812","17972789","0"
"FIN-FLY-TAB-72X12","","FIN","ok_recipe","has_ops","final_assembly","1","3","42061813","17972790","0"
"FIN-FLY-TAB-84X12","","FIN","ok_recipe","has_ops","final_assembly","1","3","42061814","17972791","0"
"FIN-FLY-TAB-96X12","","FIN","ok_recipe","has_ops","final_assembly","1","3","42061815","17972792","0"
"FIN-HAL-BAC-BAR-BAR-HEI","","FIN","ok_recipe","has_ops","final_assembly","2","3","42061816","17972793","0"
"FIN-KIN-MIS","","FIN","ops_only","has_ops","final_assembly","0","3","42013556","17951131","0"
"FIN-KIN-MIS-KINDLELIVING","","FIN","ops_only","has_ops","final_assembly","0","3","42013557","17951132","0"
"FIN-LED-CHA","","FIN","ok_recipe","has_ops","final_assembly","2","3","42061817","17972794","0"
"FIN-LED-SID-TAB","","FIN","ok_recipe","has_ops","final_assembly","1","3","42061818","17972795","0"
"FIN-MIS-DIN-BCH-72X22","","FIN","ok_recipe","has_ops","final_assembly","2","3","42061819","17972796","0"
"FIN-MIS-DIN-BCH-96X22","","FIN","ok_recipe","has_ops","final_assembly","2","3","42061820","17972797","0"
"FIN-MIS-DIN-CHA-17X21","","FIN","ok_recipe","has_ops","final_assembly","2","3","42061821","17972798","0"
"FIN-MIS-FIR-TAB-42X42","","FIN","ok_recipe","has_ops","final_assembly","1","3","42061822","17972799","0"
"FIN-MIS-FLY-BST-17X21","","FIN","ok_recipe","has_ops","final_assembly","2","3","42061823","17972800","0"
"FIN-MIS-OTT-22X22","","FIN","ok_recipe","has_ops","final_assembly","2","3","42013701","17951272","0"
"FIN-MIS-SID-TAB-13X30","","FIN","ok_recipe","has_ops","final_assembly","1","3","42061824","17972801","0"
"FIN-MIS-TAB-13X30","","FIN","ok_recipe","has_ops","final_assembly","1","3","42061825","17972802","0"
"FIN-MLN-CLB-CHA-32X36","","FIN","ok_recipe","has_ops","final_assembly","2","3","42013499","17951074","0"
"FIN-MLN-MIS","","FIN","ops_only","has_ops","final_assembly","0","3","42013728","17951299","0"
"FIN-MLN-OTT-22X60","","FIN","ok_recipe","has_ops","final_assembly","2","3","42013500","17951075","0"
"FIN-MLN-OTT-22X72","","FIN","ok_recipe","has_ops","final_assembly","2","3","42013501","17951076","0"
"FIN-MLN-OTT-34X34","","FIN","ok_recipe","has_ops","final_assembly","2","3","42013583","17951158","0"
"FIN-MLN-OTT-34X42","","FIN","ok_recipe","has_ops","final_assembly","2","3","42013582","17951157","0"
"FIN-MLN-OTT-34X60","","FIN","ok_recipe","has_ops","final_assembly","2","3","42013502","17951077","0"
"FIN-MLN-OTT-34X72","","FIN","ok_recipe","has_ops","final_assembly","2","3","42013584","17951159","0"
"FIN-MLN-OTT-56X42","","FIN","ok_recipe","has_ops","final_assembly","2","3","42013503","17951078","0"
"FIN-MLN-SOF","","FIN","ops_only","has_ops","final_assembly","0","3","42013585","17951160","0"
"FIN-MLN-SOF-60X62","","FIN","ok_recipe","has_ops","final_assembly","2","3","42013507","17951082","0"
"FIN-MLN-SOF-62X42","","FIN","ok_recipe","has_ops","final_assembly","2","3","42013508","17951083","0"
"FIN-MLN-SOF-72X36","","FIN","ok_recipe","has_ops","final_assembly","2","3","42013504","17951079","0"
"FIN-MLN-SOF-84X36","","FIN","ok_recipe","has_ops","final_assembly","2","3","42013505","17951080","0"
"FIN-MLN-SOF-96X36","","FIN","ok_recipe","has_ops","final_assembly","2","3","42013506","17951081","0"
"FIN-MLN-TAB-56X14","","FIN","ok_recipe","has_ops","final_assembly","1","3","42013727","17951298","0"
"FIN-MLN-UMB","","FIN","ops_only","has_ops","final_assembly","0","3","42013566","17951141","0"
"FIN-MLN-UMB-CANTILEVERUMBR","","FIN","ops_only","has_ops","final_assembly","0","3","42013729","17951300","0"
"FIN-MLN-UMB-MARINAUMBRELLA","","FIN","ops_only","has_ops","final_assembly","0","3","42013725","17951296","0"
"FIN-MLN-UMB-MARINAUMBRELLA2","","FIN","ops_only","has_ops","final_assembly","0","3","42013726","17951297","0"
"FIN-OCC-TAB-56X14","","FIN","ok_recipe","has_ops","final_assembly","1","3","42061826","17972803","0"
"FIN-OCN-CLB-CHA-34X38","","FIN","ok_recipe","has_ops","final_assembly","2","3","42013491","17951066","0"
"FIN-OCN-CLB-CHA-34X38-BE-N","","FIN","ok_recipe","has_ops","final_assembly","2","3","23143252","10592454","0"
"FIN-OCN-CLB-CHA-34X38-BE-Y","","FIN","ok_recipe","has_ops","final_assembly","3","3","23143254","10592454","0"
"FIN-OCN-CLB-CHA-34X38-BL-Y","","FIN","ok_recipe","has_ops","final_assembly","3","3","23143247","10592454","0"
"FIN-OCN-CLB-CHA-34X38-BO-N","","FIN","ok_recipe","has_ops","final_assembly","2","3","23143255","10592454","0"
"FIN-OCN-CLB-CHA-34X38-BO-Y","","FIN","ok_recipe","has_ops","final_assembly","3","3","23143256","10592454","0"
"FIN-OCN-CLB-CHA-34X38-BR-N","","FIN","ok_recipe","has_ops","final_assembly","2","3","23143250","10592454","0"
"FIN-OCN-CLB-CHA-34X38-BR-Y","","FIN","ok_recipe","has_ops","final_assembly","3","3","23143251","10592454","0"
"FIN-OCN-CLB-CHA-34X38-GR-N","","FIN","ok_recipe","has_ops","final_assembly","2","3","23143258","10592454","0"
"FIN-OCN-CLB-CHA-34X38-GR-Y","","FIN","ok_recipe","has_ops","final_assembly","3","3","23143257","10592454","0"
"FIN-OCN-CLB-CHA-34X38-WH-N","","FIN","ok_recipe","has_ops","final_assembly","2","3","23143248","10592454","0"
"FIN-OCN-CLB-CHA-34X38-WH-Y","","FIN","ok_recipe","has_ops","final_assembly","3","3","23143249","10592454","0"
"FIN-OCN-COF-TAB-28X42","","FIN","ok_recipe","has_ops","final_assembly","1","3","42013522","17951097","0"
"FIN-OCN-COF-TAB-28X56","","FIN","ok_recipe","has_ops","final_assembly","1","3","42013516","17951091","0"
"FIN-OCN-COF-TAB-36X36","","FIN","ops_only","has_ops","final_assembly","0","3","42013591","17951166","0"
"FIN-OCN-COF-TAB-36X36-BE","","FIN","ops_only","has_ops","final_assembly","0","3","23143566","10592468","0"
"FIN-OCN-COF-TAB-36X36-BO","","FIN","ops_only","has_ops","final_assembly","0","3","23143567","10592468","0"
"FIN-OCN-COF-TAB-36X36-BR","","FIN","ops_only","has_ops","final_assembly","0","3","23143568","10592468","0"
"FIN-OCN-COF-TAB-36X36-GR","","FIN","ok_recipe","has_ops","final_assembly","1","3","23143100","10592468","0"
"FIN-OCN-COF-TAB-36X36-WH","","FIN","ops_only","has_ops","final_assembly","0","3","23143565","10592468","0"
"FIN-OCN-COF-TAB-36X56","","FIN","ok_recipe","has_ops","final_assembly","1","3","42013517","17951092","0"
"FIN-OCN-COF-TAB-36X72","","FIN","ok_recipe","has_ops","final_assembly","1","3","42013518","17951093","0"
"FIN-OCN-COF-TAB-42X28","","FIN","ops_only","has_ops","final_assembly","0","3","23143533","10592466","0"
"FIN-OCN-COF-TAB-42X28-BE","","FIN","ops_only","has_ops","final_assembly","0","3","23143535","10592466","0"
"FIN-OCN-COF-TAB-42X28-BO","","FIN","ops_only","has_ops","final_assembly","0","3","23143536","10592466","0"
"FIN-OCN-COF-TAB-42X28-BR","","FIN","ops_only","has_ops","final_assembly","0","3","23143537","10592466","0"
"FIN-OCN-COF-TAB-42X28-GR","","FIN","ok_recipe","has_ops","final_assembly","1","3","23143098","10592466","0"
"FIN-OCN-COF-TAB-42X28-WH","","FIN","ops_only","has_ops","final_assembly","0","3","23143534","10592466","0"
"FIN-OCN-COF-TAB-42X42","","FIN","ops_only","has_ops","final_assembly","0","3","42013519","17951094","0"
"FIN-OCN-COF-TAB-42X42-BE","","FIN","ops_only","has_ops","final_assembly","0","3","23143587","10592471","0"
"FIN-OCN-COF-TAB-42X42-BO","","FIN","ops_only","has_ops","final_assembly","0","3","23143588","10592471","0"
"FIN-OCN-COF-TAB-42X42-BR","","FIN","ops_only","has_ops","final_assembly","0","3","23143589","10592471","0"
"FIN-OCN-COF-TAB-42X42-GR","","FIN","ok_recipe","has_ops","final_assembly","1","3","23143103","10592471","0"
"FIN-OCN-COF-TAB-42X42-WH","","FIN","ops_only","has_ops","final_assembly","0","3","23143586","10592471","0"
"FIN-OCN-COF-TAB-42X56","","FIN","ok_recipe","has_ops","final_assembly","1","3","42013520","17951095","0"
"FIN-OCN-COF-TAB-42X72","","FIN","ok_recipe","has_ops","final_assembly","1","3","42013592","17951167","0"
"FIN-OCN-COF-TAB-56X28","","FIN","ops_only","has_ops","final_assembly","0","3","23143552","10592467","0"
"FIN-OCN-COF-TAB-56X28-BE","","FIN","ops_only","has_ops","final_assembly","0","3","23143554","10592467","0"
"FIN-OCN-COF-TAB-56X28-BO","","FIN","ops_only","has_ops","final_assembly","0","3","23143555","10592467","0"
"FIN-OCN-COF-TAB-56X28-BR","","FIN","ops_only","has_ops","final_assembly","0","3","23143556","10592467","0"
"FIN-OCN-COF-TAB-56X28-GR","","FIN","ok_recipe","has_ops","final_assembly","1","3","23143099","10592467","0"
"FIN-OCN-COF-TAB-56X28-WH","","FIN","ops_only","has_ops","final_assembly","0","3","23143553","10592467","0"
"FIN-OCN-COF-TAB-56X36","","FIN","ops_only","has_ops","final_assembly","0","3","23143573","10592469","0"
"FIN-OCN-COF-TAB-56X36-BE","","FIN","ops_only","has_ops","final_assembly","0","3","23143575","10592469","0"
"FIN-OCN-COF-TAB-56X36-BO","","FIN","ops_only","has_ops","final_assembly","0","3","23143576","10592469","0"
"FIN-OCN-COF-TAB-56X36-BR","","FIN","ops_only","has_ops","final_assembly","0","3","23143577","10592469","0"
"FIN-OCN-COF-TAB-56X36-GR","","FIN","ok_recipe","has_ops","final_assembly","1","3","23143101","10592469","0"
"FIN-OCN-COF-TAB-56X36-WH","","FIN","ops_only","has_ops","final_assembly","0","3","23143574","10592469","0"
"FIN-OCN-COF-TAB-56X42","","FIN","ops_only","has_ops","final_assembly","0","3","23143592","10592472","0"
"FIN-OCN-COF-TAB-56X42-BE","","FIN","ops_only","has_ops","final_assembly","0","3","23143594","10592472","0"
"FIN-OCN-COF-TAB-56X42-BO","","FIN","ops_only","has_ops","final_assembly","0","3","23143595","10592472","0"
"FIN-OCN-COF-TAB-56X42-BR","","FIN","ops_only","has_ops","final_assembly","0","3","23143596","10592472","0"
"FIN-OCN-COF-TAB-56X42-GR","","FIN","ok_recipe","has_ops","final_assembly","1","3","23143104","10592472","0"
"FIN-OCN-COF-TAB-56X42-WH","","FIN","ops_only","has_ops","final_assembly","0","3","23143593","10592472","0"
"FIN-OCN-COF-TAB-56X56","","FIN","ops_only","has_ops","final_assembly","0","3","42013521","17951096","0"
"FIN-OCN-COF-TAB-56X56-BE","","FIN","ops_only","has_ops","final_assembly","0","3","23143605","10592474","0"
"FIN-OCN-COF-TAB-56X56-BO","","FIN","ops_only","has_ops","final_assembly","0","3","23143606","10592474","0"
"FIN-OCN-COF-TAB-56X56-BR","","FIN","ops_only","has_ops","final_assembly","0","3","23143607","10592474","0"
"FIN-OCN-COF-TAB-56X56-GR","","FIN","ok_recipe","has_ops","final_assembly","1","3","23143106","10592474","0"
"FIN-OCN-COF-TAB-56X56-WH","","FIN","ops_only","has_ops","final_assembly","0","3","23143604","10592474","0"
"FIN-OCN-COF-TAB-56X72","","FIN","ok_recipe","has_ops","final_assembly","1","3","42013593","17951168","0"
"FIN-OCN-COF-TAB-72X36","","FIN","ops_only","has_ops","final_assembly","0","3","23143580","10592470","0"
"FIN-OCN-COF-TAB-72X36-BE","","FIN","ops_only","has_ops","final_assembly","0","3","23143582","10592470","0"
"FIN-OCN-COF-TAB-72X36-BO","","FIN","ops_only","has_ops","final_assembly","0","3","23143583","10592470","0"
"FIN-OCN-COF-TAB-72X36-BR","","FIN","ops_only","has_ops","final_assembly","0","3","23143584","10592470","0"
"FIN-OCN-COF-TAB-72X36-GR","","FIN","ok_recipe","has_ops","final_assembly","1","3","23143102","10592470","0"
"FIN-OCN-COF-TAB-72X36-WH","","FIN","ops_only","has_ops","final_assembly","0","3","23143581","10592470","0"
"FIN-OCN-COF-TAB-72X42","","FIN","ops_only","has_ops","final_assembly","0","3","23143598","10592473","0"
"FIN-OCN-COF-TAB-72X42-BE","","FIN","ops_only","has_ops","final_assembly","0","3","23143600","10592473","0"
"FIN-OCN-COF-TAB-72X42-BO","","FIN","ops_only","has_ops","final_assembly","0","3","23143601","10592473","0"
"FIN-OCN-COF-TAB-72X42-BR","","FIN","ops_only","has_ops","final_assembly","0","3","23143602","10592473","0"
"FIN-OCN-COF-TAB-72X42-V23143105","","FIN","ok_recipe","has_ops","final_assembly","1","3","23143105","10592473","0"
"FIN-OCN-COF-TAB-72X42-WH","","FIN","ops_only","has_ops","final_assembly","0","3","23143599","10592473","0"
"FIN-OCN-COF-TAB-72X56","","FIN","ops_only","has_ops","final_assembly","0","3","23143610","10592475","0"
"FIN-OCN-COF-TAB-72X56-BE","","FIN","ops_only","has_ops","final_assembly","0","3","23143612","10592475","0"
"FIN-OCN-COF-TAB-72X56-BO","","FIN","ops_only","has_ops","final_assembly","0","3","23143613","10592475","0"
"FIN-OCN-COF-TAB-72X56-BR","","FIN","ops_only","has_ops","final_assembly","0","3","23143614","10592475","0"
"FIN-OCN-COF-TAB-72X56-GR","","FIN","ok_recipe","has_ops","final_assembly","1","3","23143107","10592475","0"
"FIN-OCN-COF-TAB-72X56-WH","","FIN","ops_only","has_ops","final_assembly","0","3","23143611","10592475","0"
"FIN-OCN-DOU-CHS-58X79","","FIN","ok_recipe","has_ops","final_assembly","2","3","42013498","17951073","0"
"FIN-OCN-DOU-CHS-58X79-BE","","FIN","ok_recipe","has_ops","final_assembly","3","3","23143522","10592465","0"
"FIN-OCN-DOU-CHS-58X79-BO","","FIN","ok_recipe","has_ops","final_assembly","3","3","23143523","10592465","0"
"FIN-OCN-DOU-CHS-58X79-BR","","FIN","ok_recipe","has_ops","final_assembly","3","3","23143524","10592465","0"
"FIN-OCN-DOU-CHS-58X79-GR","","FIN","ok_recipe","has_ops","final_assembly","3","3","23143097","10592465","0"
"FIN-OCN-DOU-CHS-58X79-WH","","FIN","ok_recipe","has_ops","final_assembly","3","3","23143521","10592465","0"
"FIN-OCN-LOV-SOF-60X38","","FIN","ok_recipe","has_ops","final_assembly","2","3","42013496","17951071","0"
"FIN-OCN-LOV-SOF-60X38-BE-N","","FIN","ok_recipe","has_ops","final_assembly","2","3","23143319","10592456","0"
"FIN-OCN-LOV-SOF-60X38-BE-Y","","FIN","ok_recipe","has_ops","final_assembly","3","3","23143320","10592456","0"
"FIN-OCN-LOV-SOF-60X38-BL-Y","","FIN","ok_recipe","has_ops","final_assembly","3","3","23143313","10592456","0"
"FIN-OCN-LOV-SOF-60X38-BO-N","","FIN","ok_recipe","has_ops","final_assembly","2","3","23143321","10592456","0"
"FIN-OCN-LOV-SOF-60X38-BO-Y","","FIN","ok_recipe","has_ops","final_assembly","3","3","23143322","10592456","0"
"FIN-OCN-LOV-SOF-60X38-BR-N","","FIN","ok_recipe","has_ops","final_assembly","2","3","23143317","10592456","0"
"FIN-OCN-LOV-SOF-60X38-BR-Y","","FIN","ok_recipe","has_ops","final_assembly","3","3","23143318","10592456","0"
"FIN-OCN-LOV-SOF-60X38-GR-N","","FIN","ok_recipe","has_ops","final_assembly","2","3","23143323","10592456","0"
"FIN-OCN-LOV-SOF-60X38-GR-Y","","FIN","ok_recipe","has_ops","final_assembly","3","3","23143324","10592456","0"
"FIN-OCN-LOV-SOF-60X38-WH-N","","FIN","ok_recipe","has_ops","final_assembly","2","3","23143314","10592456","0"
"FIN-OCN-LOV-SOF-60X38-WH-Y","","FIN","ok_recipe","has_ops","final_assembly","3","3","23143315","10592456","0"
"FIN-OCN-MIN-LOV","","FIN","ok_recipe","has_ops","final_assembly","2","3","23143087","10592455","0"
"FIN-OCN-MIN-LOV-48X38","","FIN","ok_recipe","has_ops","final_assembly","2","3","42013495","17951070","0"
"FIN-OCN-MIN-LOV-60X48","","FIN","ok_recipe","has_ops","final_assembly","2","3","42061827","17972804","0"
"FIN-OCN-MIN-LOV-BE-N","","FIN","ok_recipe","has_ops","final_assembly","2","3","23143294","10592455","0"
"FIN-OCN-MIN-LOV-BE-Y","","FIN","ok_recipe","has_ops","final_assembly","3","3","23143295","10592455","0"
"FIN-OCN-MIN-LOV-BL-Y","","FIN","ok_recipe","has_ops","final_assembly","3","3","23143289","10592455","0"
"FIN-OCN-MIN-LOV-BO-N","","FIN","ok_recipe","has_ops","final_assembly","2","3","23143296","10592455","0"
"FIN-OCN-MIN-LOV-BO-Y","","FIN","ok_recipe","has_ops","final_assembly","3","3","23143297","10592455","0"
"FIN-OCN-MIN-LOV-BR-N","","FIN","ok_recipe","has_ops","final_assembly","2","3","23143292","10592455","0"
"FIN-OCN-MIN-LOV-BR-Y","","FIN","ok_recipe","has_ops","final_assembly","3","3","23143293","10592455","0"
"FIN-OCN-MIN-LOV-GR-N","","FIN","ok_recipe","has_ops","final_assembly","2","3","23143298","10592455","0"
"FIN-OCN-MIN-LOV-GR-Y","","FIN","ok_recipe","has_ops","final_assembly","3","3","23143299","10592455","0"
"FIN-OCN-MIN-LOV-WH-N","","FIN","ok_recipe","has_ops","final_assembly","2","3","23143290","10592455","0"
"FIN-OCN-MIN-LOV-WH-Y","","FIN","ok_recipe","has_ops","final_assembly","3","3","23143291","10592455","0"
"FIN-OCN-OTT-30X22","","FIN","ops_only","has_ops","final_assembly","0","3","42013547","17951122","0"
"FIN-OCN-OTT-30X22-BE","","FIN","ok_recipe","has_ops","final_assembly","2","3","23143429","10592460","0"
"FIN-OCN-OTT-30X22-BO","","FIN","ok_recipe","has_ops","final_assembly","2","3","23143430","10592460","0"
"FIN-OCN-OTT-30X22-BR","","FIN","ok_recipe","has_ops","final_assembly","2","3","23143431","10592460","0"
"FIN-OCN-OTT-30X22-GR","","FIN","ok_recipe","has_ops","final_assembly","2","3","23143092","10592460","0"
"FIN-OCN-OTT-30X22-WH","","FIN","ok_recipe","has_ops","final_assembly","2","3","23143428","10592460","0"
"FIN-OCN-OTT-42X22","","FIN","ops_only","has_ops","final_assembly","0","3","42013698","17951269","0"
"FIN-OCN-OTT-42X22-BE","","FIN","ok_recipe","has_ops","final_assembly","2","3","23143452","10592461","0"
"FIN-OCN-OTT-42X22-BO","","FIN","ok_recipe","has_ops","final_assembly","2","3","23143453","10592461","0"
"FIN-OCN-OTT-42X22-BR","","FIN","ok_recipe","has_ops","final_assembly","2","3","23143454","10592461","0"
"FIN-OCN-OTT-42X22-GR","","FIN","ok_recipe","has_ops","final_assembly","2","3","23143093","10592461","0"
"FIN-OCN-OTT-42X22-WH","","FIN","ok_recipe","has_ops","final_assembly","2","3","23143451","10592461","0"
"FIN-OCN-OTT-60X22","","FIN","ops_only","has_ops","final_assembly","0","3","42013699","17951270","0"
"FIN-OCN-OTT-60X22-BE","","FIN","ok_recipe","has_ops","final_assembly","2","3","23143466","10592462","0"
"FIN-OCN-OTT-60X22-BO","","FIN","ok_recipe","has_ops","final_assembly","2","3","23143467","10592462","0"
"FIN-OCN-OTT-60X22-BR","","FIN","ok_recipe","has_ops","final_assembly","2","3","23143468","10592462","0"
"FIN-OCN-OTT-60X22-GR","","FIN","ok_recipe","has_ops","final_assembly","2","3","23143094","10592462","0"
"FIN-OCN-OTT-60X22-WH","","FIN","ok_recipe","has_ops","final_assembly","2","3","23143465","10592462","0"
"FIN-OCN-OTT-72X22","","FIN","ops_only","has_ops","final_assembly","0","3","42013700","17951271","0"
"FIN-OCN-OTT-72X22-BE","","FIN","ok_recipe","has_ops","final_assembly","2","3","23143472","10592463","0"
"FIN-OCN-OTT-72X22-BO","","FIN","ok_recipe","has_ops","final_assembly","2","3","23143473","10592463","0"
"FIN-OCN-OTT-72X22-BR","","FIN","ok_recipe","has_ops","final_assembly","2","3","23143474","10592463","0"
"FIN-OCN-OTT-72X22-GR","","FIN","ok_recipe","has_ops","final_assembly","2","3","23143095","10592463","0"
"FIN-OCN-OTT-72X22-WH","","FIN","ok_recipe","has_ops","final_assembly","2","3","23143471","10592463","0"
"FIN-OCN-SGL-CHS-36X79","","FIN","ok_recipe","has_ops","final_assembly","2","3","42013497","17951072","0"
"FIN-OCN-SGL-CHS-36X79-BE","","FIN","ok_recipe","has_ops","final_assembly","3","3","23143504","10592464","0"
"FIN-OCN-SGL-CHS-36X79-BO","","FIN","ok_recipe","has_ops","final_assembly","3","3","23143505","10592464","0"
"FIN-OCN-SGL-CHS-36X79-BR","","FIN","ok_recipe","has_ops","final_assembly","3","3","23143506","10592464","0"
"FIN-OCN-SGL-CHS-36X79-GR","","FIN","ok_recipe","has_ops","final_assembly","3","3","23143096","10592464","0"
"FIN-OCN-SGL-CHS-36X79-WH","","FIN","ok_recipe","has_ops","final_assembly","3","3","23143503","10592464","0"
"FIN-OCN-SID-TAB-12","","FIN","ok_recipe","has_ops","final_assembly","1","3","42013594","17951169","0"
"FIN-OCN-SID-TAB-13X30","","FIN","ok_recipe","has_ops","final_assembly","1","3","42013600","17951175","0"
"FIN-OCN-SID-TAB-20X20","","FIN","ops_only","has_ops","final_assembly","0","3","42013586","17951161","0"
"FIN-OCN-SID-TAB-20X20-BE","","FIN","ops_only","has_ops","final_assembly","0","3","41068604","17426275","0"
"FIN-OCN-SID-TAB-20X20-BO","","FIN","ops_only","has_ops","final_assembly","0","3","41068605","17426275","0"
"FIN-OCN-SID-TAB-20X20-BR","","FIN","ops_only","has_ops","final_assembly","0","3","41068603","17426275","0"
"FIN-OCN-SID-TAB-20X20-GR","","FIN","ops_only","has_ops","final_assembly","0","3","41068606","17426275","0"
"FIN-OCN-SID-TAB-20X20-WH","","FIN","ops_only","has_ops","final_assembly","0","3","41068590","17426275","0"
"FIN-OCN-SID-TAB-32X32","","FIN","ok_recipe","has_ops","final_assembly","1","3","42013599","17951174","0"
"FIN-OCN-SID-TAB-36X17","","FIN","ok_recipe","has_ops","final_assembly","1","3","42013509","17951084","0"
"FIN-OCN-SID-TAB-36X36","","FIN","ops_only","has_ops","final_assembly","0","3","41068663","17426323","0"
"FIN-OCN-SID-TAB-36X36-BE","","FIN","ops_only","has_ops","final_assembly","0","3","41068700","17426323","0"
"FIN-OCN-SID-TAB-36X36-BO","","FIN","ops_only","has_ops","final_assembly","0","3","41068701","17426323","0"
"FIN-OCN-SID-TAB-36X36-BR","","FIN","ops_only","has_ops","final_assembly","0","3","41068699","17426323","0"
"FIN-OCN-SID-TAB-36X36-GR","","FIN","ops_only","has_ops","final_assembly","0","3","41068702","17426323","0"
"FIN-OCN-SID-TAB-36X36-WH","","FIN","ops_only","has_ops","final_assembly","0","3","41068698","17426323","0"
"FIN-OCN-SID-TAB-42","","FIN","ops_only","has_ops","final_assembly","0","3","41068763","17426347","0"
"FIN-OCN-SID-TAB-42-BE","","FIN","ops_only","has_ops","final_assembly","0","3","41068768","17426347","0"
"FIN-OCN-SID-TAB-42-BO","","FIN","ops_only","has_ops","final_assembly","0","3","41068767","17426347","0"
"FIN-OCN-SID-TAB-42-BR","","FIN","ops_only","has_ops","final_assembly","0","3","41068766","17426347","0"
"FIN-OCN-SID-TAB-42-GR","","FIN","ops_only","has_ops","final_assembly","0","3","41068769","17426347","0"
"FIN-OCN-SID-TAB-42-WH","","FIN","ops_only","has_ops","final_assembly","0","3","41068765","17426347","0"
"FIN-OCN-SOF-72X38","","FIN","ops_only","has_ops","final_assembly","0","3","42013493","17951068","0"
"FIN-OCN-SOF-72X38-BE-N","","FIN","ok_recipe","has_ops","final_assembly","2","3","23143340","10592457","0"
"FIN-OCN-SOF-72X38-BE-Y","","FIN","ok_recipe","has_ops","final_assembly","3","3","23143341","10592457","0"
"FIN-OCN-SOF-72X38-BL-Y","","FIN","ok_recipe","has_ops","final_assembly","3","3","23143335","10592457","0"
"FIN-OCN-SOF-72X38-BO-N","","FIN","ok_recipe","has_ops","final_assembly","2","3","23143342","10592457","0"
"FIN-OCN-SOF-72X38-BO-Y","","FIN","ok_recipe","has_ops","final_assembly","3","3","23143343","10592457","0"
"FIN-OCN-SOF-72X38-BR-N","","FIN","ok_recipe","has_ops","final_assembly","2","3","23143338","10592457","0"
"FIN-OCN-SOF-72X38-BR-Y","","FIN","ok_recipe","has_ops","final_assembly","3","3","23143339","10592457","0"
"FIN-OCN-SOF-72X38-GR-N","","FIN","ok_recipe","has_ops","final_assembly","2","3","23143344","10592457","0"
"FIN-OCN-SOF-72X38-GR-Y","","FIN","ok_recipe","has_ops","final_assembly","3","3","23143345","10592457","0"
"FIN-OCN-SOF-72X38-WH-N","","FIN","ok_recipe","has_ops","final_assembly","2","3","23143336","10592457","0"
"FIN-OCN-SOF-72X38-WH-Y","","FIN","ok_recipe","has_ops","final_assembly","3","3","23143337","10592457","0"
"FIN-OCN-SOF-84X38","","FIN","ops_only","has_ops","final_assembly","0","3","42013494","17951069","0"
"FIN-OCN-SOF-84X38-BE-N","","FIN","ok_recipe","has_ops","final_assembly","2","3","23143378","10592458","0"
"FIN-OCN-SOF-84X38-BE-Y","","FIN","ok_recipe","has_ops","final_assembly","3","3","23143379","10592458","0"
"FIN-OCN-SOF-84X38-BL-Y","","FIN","ok_recipe","has_ops","final_assembly","3","3","23143374","10592458","0"
"FIN-OCN-SOF-84X38-BO-N","","FIN","ok_recipe","has_ops","final_assembly","2","3","23143380","10592458","0"
"FIN-OCN-SOF-84X38-BO-Y","","FIN","ok_recipe","has_ops","final_assembly","3","3","23143381","10592458","0"
"FIN-OCN-SOF-84X38-BR-N","","FIN","ok_recipe","has_ops","final_assembly","2","3","23143376","10592458","0"
"FIN-OCN-SOF-84X38-BR-Y","","FIN","ok_recipe","has_ops","final_assembly","3","3","23143377","10592458","0"
"FIN-OCN-SOF-84X38-GR-N","","FIN","ok_recipe","has_ops","final_assembly","2","3","23143382","10592458","0"
"FIN-OCN-SOF-84X38-GR-Y","","FIN","ok_recipe","has_ops","final_assembly","3","3","23143383","10592458","0"
"FIN-OCN-SOF-84X38-WH-N","","FIN","ok_recipe","has_ops","final_assembly","2","3","23143385","10592458","0"
"FIN-OCN-SOF-84X38-WH-Y","","FIN","ok_recipe","has_ops","final_assembly","3","3","23143375","10592458","0"
"FIN-OCN-SOF-96X38","","FIN","ops_only","has_ops","final_assembly","0","3","41892986","17904557","0"
"FIN-OCN-SOF-96X38-BE-N","","FIN","ok_recipe","has_ops","final_assembly","2","3","23143413","10592459","0"
"FIN-OCN-SOF-96X38-BE-Y","","FIN","ok_recipe","has_ops","final_assembly","3","3","23143414","10592459","0"
"FIN-OCN-SOF-96X38-BL-Y","","FIN","ok_recipe","has_ops","final_assembly","3","3","23143409","10592459","0"
"FIN-OCN-SOF-96X38-BO-N","","FIN","ok_recipe","has_ops","final_assembly","2","3","23143415","10592459","0"
"FIN-OCN-SOF-96X38-BO-Y","","FIN","ok_recipe","has_ops","final_assembly","3","3","23143416","10592459","0"
"FIN-OCN-SOF-96X38-BR-N","","FIN","ok_recipe","has_ops","final_assembly","2","3","23143411","10592459","0"
"FIN-OCN-SOF-96X38-BR-Y","","FIN","ok_recipe","has_ops","final_assembly","3","3","23143412","10592459","0"
"FIN-OCN-SOF-96X38-GR-N","","FIN","ok_recipe","has_ops","final_assembly","2","3","23143418","10592459","0"
"FIN-OCN-SOF-96X38-GR-Y","","FIN","ok_recipe","has_ops","final_assembly","3","3","23143419","10592459","0"
"FIN-OCN-SOF-96X38-WH-N","","FIN","ok_recipe","has_ops","final_assembly","2","3","23143420","10592459","0"
"FIN-OCN-SOF-96X38-WH-Y","","FIN","ok_recipe","has_ops","final_assembly","3","3","23143410","10592459","0"
"FIN-OCN-SWV-CHA","","FIN","ok_recipe","has_ops","final_assembly","2","3","41068478","17426254","0"
"FIN-OCN-SWV-CHA-34X34","","FIN","ok_recipe","has_ops","final_assembly","2","3","42061828","17972805","0"
"FIN-OCN-SWV-CHA-34X38","","FIN","ok_recipe","has_ops","final_assembly","2","3","42013492","17951067","0"
"FIN-OCN-SWV-CHA-34X38-SWIVELCHAIR","","FIN","ok_recipe","has_ops","final_assembly","2","3","42013581","17951156","0"
"FIN-OCN-SWV-CHA-BE-N","","FIN","ops_only","has_ops","final_assembly","0","3","41068513","17426254","0"
"FIN-OCN-SWV-CHA-BE-Y","","FIN","ops_only","has_ops","final_assembly","0","3","41068512","17426254","0"
"FIN-OCN-SWV-CHA-BL-N","","FIN","ops_only","has_ops","final_assembly","0","3","41068507","17426254","0"
"FIN-OCN-SWV-CHA-BO-N","","FIN","ops_only","has_ops","final_assembly","0","3","41068515","17426254","0"
"FIN-OCN-SWV-CHA-BO-Y","","FIN","ops_only","has_ops","final_assembly","0","3","41068514","17426254","0"
"FIN-OCN-SWV-CHA-BR-N","","FIN","ops_only","has_ops","final_assembly","0","3","41068511","17426254","0"
"FIN-OCN-SWV-CHA-BR-Y","","FIN","ops_only","has_ops","final_assembly","0","3","41068510","17426254","0"
"FIN-OCN-SWV-CHA-GR-N","","FIN","ops_only","has_ops","final_assembly","0","3","41068517","17426254","0"
"FIN-OCN-SWV-CHA-GR-Y","","FIN","ops_only","has_ops","final_assembly","0","3","41068516","17426254","0"
"FIN-OCN-SWV-CHA-WH-N","","FIN","ops_only","has_ops","final_assembly","0","3","41068509","17426254","0"
"FIN-OCN-SWV-CHA-WH-Y","","FIN","ops_only","has_ops","final_assembly","0","3","41068508","17426254","0"
"FIN-OCN-TAB-13X30","","FIN","ok_recipe","has_ops","final_assembly","1","3","42013524","17951099","0"
"FIN-OCN-TAB-34X12","","FIN","ok_recipe","has_ops","final_assembly","1","3","42013523","17951098","0"
"FIN-OCN-TAB-34X12-FLYTABLE","","FIN","ok_recipe","has_ops","final_assembly","1","3","42013597","17951172","0"
"FIN-OCN-TAB-72X12","","FIN","ok_recipe","has_ops","final_assembly","1","3","42013595","17951170","0"
"FIN-OCN-TAB-84X12","","FIN","ok_recipe","has_ops","final_assembly","1","3","42013596","17951171","0"
"FIN-OCN-TAB-96X12","","FIN","ok_recipe","has_ops","final_assembly","1","3","42013598","17951173","0"
"FIN-STA-BAR-TAB-36X36","","FIN","ok_recipe","has_ops","final_assembly","1","3","42061829","17972806","0"
"FIN-STA-BAR-TAB-42X42","","FIN","ok_recipe","has_ops","final_assembly","1","3","42061830","17972807","0"
"FIN-STA-BAR-TAB-72X36","","FIN","ok_recipe","has_ops","final_assembly","1","3","42061831","17972808","0"
"FIN-STA-CNT-TAB-36X36","","FIN","ok_recipe","has_ops","final_assembly","1","3","42061832","17972809","0"
"FIN-STA-CNT-TAB-42X42","","FIN","ok_recipe","has_ops","final_assembly","1","3","42061833","17972810","0"
"FIN-STA-CNT-TAB-72X36","","FIN","ok_recipe","has_ops","final_assembly","1","3","42061834","17972811","0"
"FIN-STA-DIN-TAB-36X36","","FIN","ok_recipe","has_ops","final_assembly","1","3","42061835","17972812","0"
"FIN-STA-DIN-TAB-42X42","","FIN","ok_recipe","has_ops","final_assembly","1","3","42061836","17972813","0"
"FIN-STA-DIN-TAB-72X36","","FIN","ok_recipe","has_ops","final_assembly","1","3","42061837","17972814","0"
"FIN-TAY-BAR-W-ARM-COU-HEI","","FIN","ok_recipe","has_ops","final_assembly","2","3","42061838","17972815","0"
"FIN-TAY-BCH-24X23","","FIN","ok_recipe","has_ops","final_assembly","2","3","42013678","17951249","0"
"FIN-TAY-BCH-42X23","","FIN","ok_recipe","has_ops","final_assembly","2","3","42013680","17951251","0"
"FIN-TAY-BCH-42X23-BENCHDINING","","FIN","ok_recipe","has_ops","final_assembly","2","3","42013682","17951253","0"
"FIN-TAY-BCH-72X23","","FIN","ok_recipe","has_ops","final_assembly","2","3","42013679","17951250","0"
"FIN-TAY-BCH-72X23-BENCHCOUNTER","","FIN","ok_recipe","has_ops","final_assembly","2","3","42013681","17951252","0"
"FIN-TAY-BCH-72X23-BENCHDINING","","FIN","ok_recipe","has_ops","final_assembly","2","3","42013683","17951254","0"
"FIN-TAY-BEN-BAR-HEI-72","","FIN","ok_recipe","has_ops","final_assembly","2","3","42061839","17972816","0"
"FIN-TAY-BEN-DIN-HEI-42","","FIN","ok_recipe","has_ops","final_assembly","2","3","42061840","17972817","0"
"FIN-TAY-BEN-DIN-HEI-72","","FIN","ok_recipe","has_ops","final_assembly","2","3","42061841","17972818","0"
"FIN-TAY-BST-18X23","","FIN","ok_recipe","has_ops","final_assembly","2","3","42061842","17972819","0"
"FIN-TAY-BST-19X23","","FIN","ok_recipe","has_ops","final_assembly","2","3","42013539","17951114","0"
"FIN-TAY-BST-19X23-BARSTOOLCOUNTE","","FIN","ok_recipe","has_ops","final_assembly","2","3","42013540","17951115","0"
"FIN-TAY-BST-24X23","","FIN","ok_recipe","has_ops","final_assembly","2","3","42013541","17951116","0"
"FIN-TAY-BST-24X23-BARSTOOLARMS","","FIN","ok_recipe","has_ops","final_assembly","2","3","42013677","17951248","0"
"FIN-TAY-DIN-CHA-19X23","","FIN","ok_recipe","has_ops","final_assembly","2","3","42061843","17972820","0"
"FIN-TAY-DIN-CHA-24X23","","FIN","ok_recipe","has_ops","final_assembly","2","3","42013542","17951117","0"
"FIN-TJM-CHA","","FIN","ok_recipe","has_ops","final_assembly","2","3","42013561","17951136","0"
"FIN-TJM-CHA-MIBSTERCHAIR","","FIN","ops_only","has_ops","final_assembly","0","3","42013724","17951295","0"
"FIN-TJM-CHA-MOONCHAIR","","FIN","ops_only","has_ops","final_assembly","0","3","42013563","17951138","0"
"FIN-TJM-MIS","","FIN","ops_only","has_ops","final_assembly","0","3","42013559","17951134","0"
"FIN-TJM-MIS-12X17","","FIN","ops_only","has_ops","final_assembly","0","3","42013723","17951294","0"
"FIN-TJM-MIS-13","","FIN","ops_only","has_ops","final_assembly","0","3","42013722","17951293","0"
"FIN-TJM-MIS-LAYLOLOUNGER","","FIN","ops_only","has_ops","final_assembly","0","3","42013560","17951135","0"
"FIN-TJM-MIS-ONECOATED","","FIN","ops_only","has_ops","final_assembly","0","3","42013719","17951290","0"
"FIN-TJM-MIS-PILLOWLOUNGERS","","FIN","ops_only","has_ops","final_assembly","0","3","42013718","17951289","0"
"FIN-TJM-MIS-TWOCOATED","","FIN","ops_only","has_ops","final_assembly","0","3","42013720","17951291","0"
"FIN-TJM-MIS-TWOSHAYZ","","FIN","ops_only","has_ops","final_assembly","0","3","42013562","17951137","0"
"FIN-TJM-MIS-TWOSHAYZ2","","FIN","ops_only","has_ops","final_assembly","0","3","42013721","17951292","0"
"FIN-TJM-MIS-TWOWOOSAH","","FIN","ops_only","has_ops","final_assembly","0","3","42013564","17951139","0"
"FIN-TJM-TAB","","FIN","ok_recipe","has_ops","final_assembly","1","3","42013565","17951140","0"
"FIN-TRI-SID-TAB-32X32","","FIN","ok_recipe","has_ops","final_assembly","1","3","42061844","17972821","0"
"FIN-WFT-BAR-TAB-120X28","","FIN","ok_recipe","has_ops","final_assembly","1","3","42061845","17972822","0"
"FIN-WFT-BAR-TAB-120X36","","FIN","ok_recipe","has_ops","final_assembly","1","3","42061846","17972823","0"
"FIN-WFT-BAR-TAB-28X120","","FIN","ok_recipe","has_ops","final_assembly","1","3","42013648","17951219","0"
"FIN-WFT-BAR-TAB-28X72","","FIN","ok_recipe","has_ops","final_assembly","1","3","42013649","17951220","0"
"FIN-WFT-BAR-TAB-28X96","","FIN","ok_recipe","has_ops","final_assembly","1","3","42013650","17951221","0"
"FIN-WFT-BAR-TAB-36X120","","FIN","ok_recipe","has_ops","final_assembly","1","3","42013651","17951222","0"
"FIN-WFT-BAR-TAB-36X72","","FIN","ok_recipe","has_ops","final_assembly","1","3","42013652","17951223","0"
"FIN-WFT-BAR-TAB-36X96","","FIN","ok_recipe","has_ops","final_assembly","1","3","42013653","17951224","0"
"FIN-WFT-BAR-TAB-72X28","","FIN","ok_recipe","has_ops","final_assembly","1","3","42061847","17972824","0"
"FIN-WFT-BAR-TAB-72X36","","FIN","ok_recipe","has_ops","final_assembly","1","3","42061848","17972825","0"
"FIN-WFT-BAR-TAB-96X28","","FIN","ok_recipe","has_ops","final_assembly","1","3","42061849","17972826","0"
"FIN-WFT-BAR-TAB-96X36","","FIN","ok_recipe","has_ops","final_assembly","1","3","42061850","17972827","0"
"FIN-WFT-BCH-42X18","","FIN","ok_recipe","has_ops","final_assembly","2","3","42013535","17951110","0"
"FIN-WFT-BCH-42X18-FLYLEG","","FIN","ok_recipe","has_ops","final_assembly","2","3","42013674","17951245","0"
"FIN-WFT-BCH-42X18-FLYLEG2","","FIN","ok_recipe","has_ops","final_assembly","2","3","42013675","17951246","0"
"FIN-WFT-CNT-TAB-120X28","","FIN","ok_recipe","has_ops","final_assembly","1","3","42061851","17972828","0"
"FIN-WFT-CNT-TAB-120X36","","FIN","ok_recipe","has_ops","final_assembly","1","3","42061852","17972829","0"
"FIN-WFT-CNT-TAB-28X120","","FIN","ok_recipe","has_ops","final_assembly","1","3","42013654","17951225","0"
"FIN-WFT-CNT-TAB-28X72","","FIN","ok_recipe","has_ops","final_assembly","1","3","42013655","17951226","0"
"FIN-WFT-CNT-TAB-28X96","","FIN","ok_recipe","has_ops","final_assembly","1","3","42013656","17951227","0"
"FIN-WFT-CNT-TAB-36X120","","FIN","ok_recipe","has_ops","final_assembly","1","3","42013657","17951228","0"
"FIN-WFT-CNT-TAB-36X72","","FIN","ok_recipe","has_ops","final_assembly","1","3","42013658","17951229","0"
"FIN-WFT-CNT-TAB-36X96","","FIN","ok_recipe","has_ops","final_assembly","1","3","42013659","17951230","0"
"FIN-WFT-CNT-TAB-72X28","","FIN","ok_recipe","has_ops","final_assembly","1","3","42061853","17972830","0"
"FIN-WFT-CNT-TAB-72X36","","FIN","ok_recipe","has_ops","final_assembly","1","3","42061854","17972831","0"
"FIN-WFT-CNT-TAB-96X28","","FIN","ok_recipe","has_ops","final_assembly","1","3","42061855","17972832","0"
"FIN-WFT-CNT-TAB-96X36","","FIN","ok_recipe","has_ops","final_assembly","1","3","42061856","17972833","0"
"FIN-WFT-DIN-BCH-72X22","","FIN","ok_recipe","has_ops","final_assembly","2","3","42013531","17951106","0"
"FIN-WFT-DIN-BCH-96X22","","FIN","ok_recipe","has_ops","final_assembly","2","3","42013532","17951107","0"
"FIN-WFT-DIN-CHA-17X21","","FIN","ok_recipe","has_ops","final_assembly","2","3","42013676","17951247","0"
"FIN-WFT-DIN-CHA-18X18","","FIN","ok_recipe","has_ops","final_assembly","2","3","42013536","17951111","0"
"FIN-WFT-DIN-TAB-120X28","","FIN","ok_recipe","has_ops","final_assembly","1","3","42061857","17972834","0"
"FIN-WFT-DIN-TAB-120X36","","FIN","ok_recipe","has_ops","final_assembly","1","3","42061858","17972835","0"
"FIN-WFT-DIN-TAB-28X120","","FIN","ok_recipe","has_ops","final_assembly","1","3","42013660","17951231","0"
"FIN-WFT-DIN-TAB-28X72","","FIN","ok_recipe","has_ops","final_assembly","1","3","42013661","17951232","0"
"FIN-WFT-DIN-TAB-28X96","","FIN","ok_recipe","has_ops","final_assembly","1","3","42013662","17951233","0"
"FIN-WFT-DIN-TAB-36X120","","FIN","ok_recipe","has_ops","final_assembly","1","3","42013663","17951234","0"
"FIN-WFT-DIN-TAB-36X72","","FIN","ok_recipe","has_ops","final_assembly","1","3","42013664","17951235","0"
"FIN-WFT-DIN-TAB-36X96","","FIN","ok_recipe","has_ops","final_assembly","1","3","42013665","17951236","0"
"FIN-WFT-DIN-TAB-72X28","","FIN","ops_only","has_ops","final_assembly","0","3","42047070","17967244","0"
"FIN-WFT-DIN-TAB-72X36","","FIN","ok_recipe","has_ops","final_assembly","1","3","42061859","17972836","0"
"FIN-WFT-DIN-TAB-96X28","","FIN","ok_recipe","has_ops","final_assembly","1","3","42061860","17972837","0"
"FIN-WFT-DIN-TAB-96X36","","FIN","ok_recipe","has_ops","final_assembly","1","3","42061861","17972838","0"
"FIN-WFT-FIR-TAB-56X36","","FIN","ok_recipe","has_ops","final_assembly","1","3","42013670","17951241","0"
"FIN-WFT-FIR-TAB-56X36-CUBEFIRE","","FIN","ok_recipe","has_ops","final_assembly","1","3","42013672","17951243","0"
"FIN-WFT-FIR-TAB-72X36","","FIN","ok_recipe","has_ops","final_assembly","1","3","42013671","17951242","0"
"FIN-WFT-FIR-TAB-72X36-CUBEFIRE","","FIN","ok_recipe","has_ops","final_assembly","1","3","42013673","17951244","0"
"FIN-WFT-FLY-BST-17X21","","FIN","ok_recipe","has_ops","final_assembly","2","3","42013537","17951112","0"
"FIN-WFT-FLY-BST-17X21-HALFBACK","","FIN","ok_recipe","has_ops","final_assembly","2","3","42013538","17951113","0"
"FIN-WFT-FLY-BST-18X18","","FIN","ok_recipe","has_ops","final_assembly","2","3","42013533","17951108","0"
"FIN-WFT-FLY-BST-18X18-LEGBARSTOOL","","FIN","ok_recipe","has_ops","final_assembly","2","3","42013534","17951109","0"
"FIN-WFT-SID-TAB-13X40","","FIN","ok_recipe","has_ops","final_assembly","1","3","42061862","17972839","0"
"FIN-WFT-SID-TAB-40X13","","FIN","ok_recipe","has_ops","final_assembly","1","3","42013601","17951176","0"
"SA-BRA-AL-60-CUSH","","CUSH","cush_no_rm","has_ops","cushion","0","4","42072624","17978970","0"
"SA-BRA-AL-60-FRAME","","FRAME","ok_recipe","has_ops","aluminum_frame","7","6","42072579","17978926","0"
"SA-BRA-AS-72-CUSH","","CUSH","cush_no_rm","has_ops","cushion","0","4","42072625","17978971","0"
"SA-BRA-AS-72-FRAME","","FRAME","ok_recipe","has_ops","aluminum_frame","7","6","42061864","17972841","0"
"SA-BRA-AS-84-CUSH","","CUSH","cush_no_rm","has_ops","cushion","0","4","42072626","17978972","0"
"SA-BRA-AS-84-FRAME","","FRAME","ok_recipe","has_ops","aluminum_frame","7","6","42061865","17972842","0"
"SA-BRA-AS-96-CUSH","","CUSH","cush_no_rm","has_ops","cushion","0","4","42072627","17978973","0"
"SA-BRA-AS-96-FRAME","","FRAME","ok_recipe","has_ops","aluminum_frame","6","6","42061866","17972843","0"
"SA-BRA-C-34X72-LS-CUSH","","CUSH","cush_no_rm","has_ops","cushion","0","4","42072628","17978974","0"
"SA-BRA-C-34X72-LS-FRAME","","FRAME","ok_recipe","has_ops","aluminum_frame","7","6","42061867","17972844","0"
"SA-BRA-C-34X72-RS-CUSH","","CUSH","cush_no_rm","has_ops","cushion","0","4","42072629","17978975","0"
"SA-BRA-C-34X72-RS-FRAME","","FRAME","ok_recipe","has_ops","aluminum_frame","7","6","42061868","17972844","0"
"SA-BRA-C-34X84-LS-CUSH","","CUSH","cush_no_rm","has_ops","cushion","0","4","42072630","17978976","0"
"SA-BRA-C-34X84-LS-FRAME","","FRAME","ok_recipe","has_ops","aluminum_frame","7","6","42061869","17972845","0"
"SA-BRA-C-34X84-RS-CUSH","","CUSH","cush_no_rm","has_ops","cushion","0","4","42072631","17978977","0"
"SA-BRA-C-34X84-RS-FRAME","","FRAME","ok_recipe","has_ops","aluminum_frame","7","6","42061870","17972845","0"
"SA-BRA-C-42X72-LS-CUSH","","CUSH","cush_no_rm","has_ops","cushion","0","4","42072632","17978978","0"
"SA-BRA-C-42X72-LS-FRAME","","FRAME","ok_recipe","has_ops","aluminum_frame","7","6","42061871","17972846","0"
"SA-BRA-C-42X72-RS-CUSH","","CUSH","cush_no_rm","has_ops","cushion","0","4","42072633","17978979","0"
"SA-BRA-C-42X72-RS-FRAME","","FRAME","ok_recipe","has_ops","aluminum_frame","7","6","42061872","17972846","0"
"SA-BRA-C-42X84-LS-CUSH","","CUSH","cush_no_rm","has_ops","cushion","0","4","42072634","17978980","0"
"SA-BRA-C-42X84-LS-FRAME","","FRAME","ok_recipe","has_ops","aluminum_frame","7","6","42061873","17972847","0"
"SA-BRA-C-42X84-RS-CUSH","","CUSH","cush_no_rm","has_ops","cushion","0","4","42072635","17978981","0"
"SA-BRA-C-42X84-RS-FRAME","","FRAME","ok_recipe","has_ops","aluminum_frame","7","6","42061874","17972847","0"
"SA-BRA-CADA-72X78-CUSH","","CUSH","cush_no_rm","has_ops","cushion","0","4","42072636","17978982","0"
"SA-BRA-CADA-72X78-FRAME","","FRAME","ok_recipe","has_ops","aluminum_frame","5","6","42072637","17978983","0"
"SA-BRA-CADA-78X78-CUSH","","CUSH","cush_no_rm","has_ops","cushion","0","4","42072638","17978984","0"
"SA-BRA-CADA-78X78-FRAME","","FRAME","ok_recipe","has_ops","aluminum_frame","8","6","42061875","17972848","0"
"SA-BRA-CADA-84X78-CUSH","","CUSH","cush_no_rm","has_ops","cushion","0","4","42072639","17978985","0"
"SA-BRA-CADA-84X78-FRAME","","FRAME","ok_recipe","has_ops","aluminum_frame","8","6","42061876","17972849","0"
"SA-BRA-CC-CUSH","","CUSH","cush_no_rm","has_ops","cushion","0","4","42072640","17978986","0"
"SA-BRA-CL-D-A-CUSH","","CUSH","cush_no_rm","has_ops","cushion","0","4","42072641","17978987","0"
"SA-BRA-CL-D-A-FRAME","","FRAME","ops_only","has_ops","aluminum_frame","0","6","42072642","17978988","0"
"SA-BRA-CL-D-CUSH","","CUSH","cush_no_rm","has_ops","cushion","0","4","42072643","17978989","0"
"SA-BRA-CL-D-FRAME","","FRAME","ops_only","has_ops","aluminum_frame","0","6","42072644","17978990","0"
"SA-BRA-CL-S-A-CUSH","","CUSH","cush_no_rm","has_ops","cushion","0","4","42072646","17978992","0"
"SA-BRA-CL-S-A-FRAME","","FRAME","ops_only","has_ops","aluminum_frame","0","6","42072647","17978993","0"
"SA-BRA-CL-S-CUSH","","CUSH","cush_no_rm","has_ops","cushion","0","4","42072648","17978994","0"
"SA-BRA-CL-S-FRAME","","FRAME","ops_only","has_ops","aluminum_frame","0","6","42072649","17978995","0"
"SA-BRA-CS-72-LS-CUSH","","CUSH","cush_no_rm","has_ops","cushion","0","4","42072650","17978996","0"
"SA-BRA-CS-72-LS-FRAME","","FRAME","ok_recipe","has_ops","aluminum_frame","7","6","42061877","17972850","0"
"SA-BRA-CS-72-RS-CUSH","","CUSH","cush_no_rm","has_ops","cushion","0","4","42072651","17978997","0"
"SA-BRA-CS-72-RS-FRAME","","FRAME","ok_recipe","has_ops","aluminum_frame","7","6","42061878","17972850","0"
"SA-BRA-CS-84-LS-CUSH","","CUSH","cush_no_rm","has_ops","cushion","0","4","42072652","17978998","0"
"SA-BRA-CS-84-LS-FRAME","","FRAME","ok_recipe","has_ops","aluminum_frame","7","6","42061879","17972851","0"
"SA-BRA-CS-84-RS-CUSH","","CUSH","cush_no_rm","has_ops","cushion","0","4","42072653","17978999","0"
"SA-BRA-CS-84-RS-FRAME","","FRAME","ok_recipe","has_ops","aluminum_frame","7","6","42061880","17972851","0"
"SA-BRA-CS-96-LS-CUSH","","CUSH","cush_no_rm","has_ops","cushion","0","4","42072654","17979000","0"
"SA-BRA-CS-96-LS-FRAME","","FRAME","ok_recipe","has_ops","aluminum_frame","7","6","42061881","17972852","0"
"SA-BRA-CS-96-RS-CUSH","","CUSH","cush_no_rm","has_ops","cushion","0","4","42072655","17979001","0"
"SA-BRA-CS-96-RS-FRAME","","FRAME","ok_recipe","has_ops","aluminum_frame","7","6","42061882","17972852","0"
"SA-BRA-CT-36X36-FRAME","","FRAME","ok_recipe","has_ops","aluminum_frame","5","6","42072580","17978927","0"
"SA-BRA-CT-42X28-FRAME","","FRAME","ok_recipe","has_ops","aluminum_frame","5","6","42061884","17972854","0"
"SA-BRA-CT-42X42-FRAME","","FRAME","ok_recipe","has_ops","aluminum_frame","5","6","42072581","17978928","0"
"SA-BRA-CT-56X28-FRAME","","FRAME","ok_recipe","has_ops","aluminum_frame","5","6","42061886","17972856","0"
"SA-BRA-CT-56X36-FRAME","","FRAME","ok_recipe","has_ops","aluminum_frame","5","6","42061887","17972857","0"
"SA-BRA-CT-56X42-FRAME","","FRAME","ok_recipe","has_ops","aluminum_frame","5","6","42061888","17972858","0"
"SA-BRA-CT-56X56-FRAME","","FRAME","ok_recipe","has_ops","aluminum_frame","5","6","42072582","17978929","0"
"SA-BRA-CT-72X36-FRAME","","FRAME","ok_recipe","has_ops","aluminum_frame","5","6","42061890","17972860","0"
"SA-BRA-CT-72X42-FRAME","","FRAME","ok_recipe","has_ops","aluminum_frame","5","6","42061891","17972861","0"
"SA-BRA-CT-72X56-FRAME","","FRAME","ok_recipe","has_ops","aluminum_frame","5","6","42061892","17972862","0"
"SA-BRA-D-7272-CUSH","","CUSH","cush_no_rm","has_ops","cushion","0","4","42072656","17979002","0"
"SA-BRA-D-7272-FRAME","","FRAME","ok_recipe","has_ops","aluminum_frame","8","6","42072583","17978930","0"
"SA-BRA-D-7872-CUSH","","CUSH","cush_no_rm","has_ops","cushion","0","4","42072657","17979003","0"
"SA-BRA-D-7872-FRAME","","FRAME","ok_recipe","has_ops","aluminum_frame","8","6","42061894","17972864","0"
"SA-BRA-L-CUSH","","CUSH","cush_no_rm","has_ops","cushion","0","4","42072658","17979004","0"
"SA-BRA-L-FRAME","","FRAME","ok_recipe","has_ops","aluminum_frame","7","6","42072584","17978931","0"
"SA-BRA-ML-CUSH","","CUSH","cush_no_rm","has_ops","cushion","0","4","42072659","17979005","0"
"SA-BRA-ML-FRAME","","FRAME","ok_recipe","has_ops","aluminum_frame","7","6","42072585","17978932","0"
"SA-BRA-O-30X22-CUSH","","CUSH","cush_no_rm","has_ops","cushion","0","4","42072660","17979006","0"
"SA-BRA-O-30X22-FRAME","","FRAME","ok_recipe","has_ops","aluminum_frame","5","6","42072661","17979007","0"
"SA-BRA-O-34X34-CUSH","","CUSH","cush_no_rm","has_ops","cushion","0","4","42072662","17979008","0"
"SA-BRA-O-34X34-FRAME","","FRAME","ok_recipe","has_ops","aluminum_frame","5","6","42072664","17979010","0"
"SA-BRA-O-42X22-CUSH","","CUSH","cush_no_rm","has_ops","cushion","0","4","42072665","17979011","0"
"SA-BRA-O-42X22-FRAME","","FRAME","ok_recipe","has_ops","aluminum_frame","5","6","42072666","17979012","0"
"SA-BRA-O-42X34-CUSH","","CUSH","cush_no_rm","has_ops","cushion","0","4","42072667","17979013","0"
"SA-BRA-O-42X34-FRAME","","FRAME","ok_recipe","has_ops","aluminum_frame","5","6","42072668","17979014","0"
"SA-BRA-O-60X22-CUSH","","CUSH","cush_no_rm","has_ops","cushion","0","4","42072669","17979015","0"
"SA-BRA-O-60X22-FRAME","","FRAME","ok_recipe","has_ops","aluminum_frame","5","6","42072670","17979016","0"
"SA-BRA-O-60X34-CUSH","","CUSH","cush_no_rm","has_ops","cushion","0","4","42072671","17979017","0"
"SA-BRA-O-60X34-FRAME","","FRAME","ok_recipe","has_ops","aluminum_frame","5","6","42072672","17979018","0"
"SA-BRA-O-72X22-CUSH","","CUSH","cush_no_rm","has_ops","cushion","0","4","42072673","17979019","0"
"SA-BRA-O-72X22-FRAME","","FRAME","ok_recipe","has_ops","aluminum_frame","5","6","42072674","17979020","0"
"SA-BRA-O-72X34-CUSH","","CUSH","cush_no_rm","has_ops","cushion","0","4","42072675","17979021","0"
"SA-BRA-O-72X34-FRAME","","FRAME","ok_recipe","has_ops","aluminum_frame","5","6","42072676","17979022","0"
"SA-BRA-ODT-30X22-CUSH","","CUSH","cush_no_rm","has_ops","cushion","0","4","42072677","17979023","0"
"SA-BRA-ODT-30X22-FRAME","","FRAME","ok_recipe","has_ops","aluminum_frame","6","6","42061897","17972867","0"
"SA-BRA-ODT-34X34-CUSH","","CUSH","cush_no_rm","has_ops","cushion","0","4","42072678","17979024","0"
"SA-BRA-ODT-34X34-FRAME","","FRAME","ok_recipe","has_ops","aluminum_frame","6","6","42061898","17972868","0"
"SA-BRA-ODT-42X22-CUSH","","CUSH","cush_no_rm","has_ops","cushion","0","4","42072679","17979025","0"
"SA-BRA-ODT-42X22-FRAME","","FRAME","ok_recipe","has_ops","aluminum_frame","6","6","42061899","17972869","0"
"SA-BRA-ODT-42X34-CUSH","","CUSH","cush_no_rm","has_ops","cushion","0","4","42072680","17979026","0"
"SA-BRA-ODT-42X34-FRAME","","FRAME","ok_recipe","has_ops","aluminum_frame","2","6","42061900","17972870","0"
"SA-BRA-ODT-60X22-CUSH","","CUSH","cush_no_rm","has_ops","cushion","0","4","42072681","17979027","0"
"SA-BRA-ODT-60X22-FRAME","","FRAME","ok_recipe","has_ops","aluminum_frame","6","6","42061901","17972871","0"
"SA-BRA-ODT-60X34-CUSH","","CUSH","cush_no_rm","has_ops","cushion","0","4","42072682","17979028","0"
"SA-BRA-ODT-60X34-FRAME","","FRAME","ok_recipe","has_ops","aluminum_frame","5","6","42072683","17979029","0"
"SA-BRA-ODT-72X22-CUSH","","CUSH","cush_no_rm","has_ops","cushion","0","4","42072684","17979030","0"
"SA-BRA-ODT-72X22-FRAME","","FRAME","ok_recipe","has_ops","aluminum_frame","6","6","42061902","17972872","0"
"SA-BRA-ODT-72X34-CUSH","","CUSH","cush_no_rm","has_ops","cushion","0","4","42072685","17979031","0"
"SA-BRA-ODT-72X34-FRAME","","FRAME","ok_recipe","has_ops","aluminum_frame","5","6","42072686","17979032","0"
"SA-BRA-S-72-CUSH","","CUSH","cush_no_rm","has_ops","cushion","0","4","42072687","17979033","0"
"SA-BRA-S-72-FRAME","","FRAME","ok_recipe","has_ops","aluminum_frame","7","6","42072586","17978933","0"
"SA-BRA-S-84-CUSH","","CUSH","cush_no_rm","has_ops","cushion","0","4","42072688","17979034","0"
"SA-BRA-S-84-FRAME","","FRAME","ok_recipe","has_ops","aluminum_frame","7","6","42072587","17978934","0"
"SA-BRA-S-96-CUSH","","CUSH","cush_no_rm","has_ops","cushion","0","4","42072689","17979035","0"
"SA-BRA-S-96-FRAME","","FRAME","ok_recipe","has_ops","aluminum_frame","7","6","42072588","17978935","0"
"SA-BRA-SC-CUSH","","CUSH","cush_no_rm","has_ops","cushion","0","4","42072690","17979036","0"
"SA-BRA-SC-FRAME","","FRAME","ops_only","has_ops","aluminum_frame","0","6","42072691","17979037","0"
"SA-BRA-ST-20X20-FRAME","","FRAME","ok_recipe","has_ops","aluminum_frame","5","6","42072589","17978936","0"
"SA-BRK-TRA-DOU-CHS-48X72-CUSH","","CUSH","cush_no_rm","missing_ops","cushion","0","0","42087979","17985866","0"
"SA-BRK-TRA-DOU-CHS-48X72-FRAME","","FRAME","frame_rm_no_ops","missing_ops","aluminum_frame","5","0","42087980","17985867","0"
"SA-BRK-TRA-SGL-CHS-36X72-CUSH","","CUSH","cush_no_rm","missing_ops","cushion","0","0","42087981","17985868","0"
"SA-BRK-TRA-SGL-CHS-36X72-FRAME","","FRAME","frame_rm_no_ops","missing_ops","aluminum_frame","5","0","42087982","17985869","0"
"SA-BRO-C-72X34-LS-CUSH","","CUSH","cush_no_rm","has_ops","cushion","0","4","42072692","17979038","0"
"SA-BRO-C-72X34-LS-FRAME","","FRAME","ok_recipe","has_ops","aluminum_frame","5","6","42072693","17979039","0"
"SA-BRO-C-72X34-RS-CUSH","","CUSH","cush_no_rm","has_ops","cushion","0","4","42072694","17979040","0"
"SA-BRO-C-72X34-RS-FRAME","","FRAME","ok_recipe","has_ops","aluminum_frame","5","6","42072695","17979041","0"
"SA-BRO-C-72X42-LS-CUSH","","CUSH","cush_no_rm","has_ops","cushion","0","4","42072696","17979042","0"
"SA-BRO-C-72X42-LS-FRAME","","FRAME","ok_recipe","has_ops","aluminum_frame","5","6","42072697","17979043","0"
"SA-BRO-C-72X42-RS-CUSH","","CUSH","cush_no_rm","has_ops","cushion","0","4","42072698","17979044","0"
"SA-BRO-C-72X42-RS-FRAME","","FRAME","ok_recipe","has_ops","aluminum_frame","5","6","42072699","17979045","0"
"SA-BRO-C-84X34-LS-CUSH","","CUSH","cush_no_rm","has_ops","cushion","0","4","42072700","17979046","0"
"SA-BRO-C-84X34-LS-FRAME","","FRAME","ok_recipe","has_ops","aluminum_frame","5","6","42072701","17979047","0"
"SA-BRO-C-84X34-RS-CUSH","","CUSH","cush_no_rm","has_ops","cushion","0","4","42072702","17979048","0"
"SA-BRO-C-84X34-RS-FRAME","","FRAME","ok_recipe","has_ops","aluminum_frame","5","6","42072703","17979049","0"
"SA-BRO-C-84X42-LS-CUSH","","CUSH","cush_no_rm","has_ops","cushion","0","4","42072704","17979050","0"
"SA-BRO-C-84X42-LS-FRAME","","FRAME","ok_recipe","has_ops","aluminum_frame","5","6","42072705","17979051","0"
"SA-BRO-C-84X42-RS-CUSH","","CUSH","cush_no_rm","has_ops","cushion","0","4","42072706","17979052","0"
"SA-BRO-C-84X42-RS-FRAME","","FRAME","ok_recipe","has_ops","aluminum_frame","5","6","42072707","17979053","0"
"SA-BRO-CL-D-CUSH","","CUSH","cush_no_rm","has_ops","cushion","0","4","42072708","17979054","0"
"SA-BRO-CL-D-FRAME","","FRAME","ops_only","has_ops","aluminum_frame","0","6","42072709","17979055","0"
"SA-BRO-CL-S-CUSH","","CUSH","cush_no_rm","has_ops","cushion","0","4","42072710","17979056","0"
"SA-BRO-CL-S-FRAME","","FRAME","ops_only","has_ops","aluminum_frame","0","6","42072711","17979057","0"
"SA-BRO-CS-72-LS-CUSH","","CUSH","cush_no_rm","has_ops","cushion","0","4","42072712","17979058","0"
"SA-BRO-CS-72-LS-FRAME","","FRAME","ok_recipe","has_ops","aluminum_frame","5","6","42072713","17979059","0"
"SA-BRO-CS-72-RS-CUSH","","CUSH","cush_no_rm","has_ops","cushion","0","4","42072714","17979060","0"
"SA-BRO-CS-72-RS-FRAME","","FRAME","ok_recipe","has_ops","aluminum_frame","5","6","42072715","17979061","0"
"SA-BRO-CS-84-LS-CUSH","","CUSH","cush_no_rm","has_ops","cushion","0","4","42072716","17979062","0"
"SA-BRO-CS-84-LS-FRAME","","FRAME","ok_recipe","has_ops","aluminum_frame","5","6","42072717","17979063","0"
"SA-BRO-CS-84-RS-CUSH","","CUSH","cush_no_rm","has_ops","cushion","0","4","42072718","17979064","0"
"SA-BRO-CS-84-RS-FRAME","","FRAME","ok_recipe","has_ops","aluminum_frame","5","6","42072719","17979065","0"
"SA-BRO-CS-96-LS-CUSH","","CUSH","cush_no_rm","has_ops","cushion","0","4","42072720","17979066","0"
"SA-BRO-CS-96-LS-FRAME","","FRAME","ok_recipe","has_ops","aluminum_frame","5","6","42072721","17979067","0"
"SA-BRO-CS-96-RS-CUSH","","CUSH","cush_no_rm","has_ops","cushion","0","4","42072722","17979068","0"
"SA-BRO-CS-96-RS-FRAME","","FRAME","ok_recipe","has_ops","aluminum_frame","5","6","42072723","17979069","0"
"SA-BRO-L-CUSH","","CUSH","cush_no_rm","has_ops","cushion","0","4","42072724","17979070","0"
"SA-BRO-L-FRAME","","FRAME","ops_only","has_ops","aluminum_frame","0","6","42072725","17979071","0"
"SA-BRO-S-72-CUSH","","CUSH","cush_no_rm","has_ops","cushion","0","4","42072726","17979072","0"
"SA-BRO-S-72-FRAME","","FRAME","ok_recipe","has_ops","aluminum_frame","5","6","42072727","17979073","0"
"SA-BRO-S-84-CUSH","","CUSH","cush_no_rm","has_ops","cushion","0","4","42072728","17979074","0"
"SA-BRO-S-84-FRAME","","FRAME","ok_recipe","has_ops","aluminum_frame","5","6","42072729","17979075","0"
"SA-BRO-S-96-CUSH","","CUSH","cush_no_rm","has_ops","cushion","0","4","42072730","17979076","0"
"SA-BRO-S-96-FRAME","","FRAME","ok_recipe","has_ops","aluminum_frame","5","6","42072731","17979077","0"
"SA-BRO-TC-D-CUSH","","CUSH","cush_no_rm","has_ops","cushion","0","4","42072732","17979078","0"
"SA-BRO-TC-D-FRAME","","FRAME","ops_only","has_ops","aluminum_frame","0","6","42072733","17979079","0"
"SA-BRO-TC-S-CUSH","","CUSH","cush_no_rm","has_ops","cushion","0","4","42072734","17979080","0"
"SA-BRO-TC-S-FRAME","","FRAME","ops_only","has_ops","aluminum_frame","0","6","42072735","17979081","0"
"SA-BRV-CLB-CHA-34X34-CUSH","","CUSH","ok_recipe","has_ops","cushion","2","4","42072592","17978939","0"
"SA-BRV-CLB-CHA-34X34-FRAME","","FRAME","frame_rm_no_ops","missing_ops","aluminum_frame","5","0","42087983","17985870","0"
"SA-BRV-LOV-SOF-60X34-CUSH","","CUSH","cush_no_rm","missing_ops","cushion","0","0","42087984","17985871","0"
"SA-BRV-LOV-SOF-60X34-FRAME","","FRAME","frame_rm_no_ops","missing_ops","aluminum_frame","5","0","42087985","17985872","0"
"SA-BRV-MIN-LOV-48X34-CUSH","","CUSH","cush_no_rm","missing_ops","cushion","0","0","42087986","17985873","0"
"SA-BRV-MIN-LOV-48X34-FRAME","","FRAME","frame_rm_no_ops","missing_ops","aluminum_frame","5","0","42087987","17985874","0"
"SA-BRV-SWV-CHA-34X34-CUSH","","CUSH","cush_no_rm","missing_ops","cushion","0","0","42087988","17985875","0"
"SA-BRV-SWV-CHA-34X34-FRAME","","FRAME","frame_rm_no_ops","missing_ops","aluminum_frame","5","0","42087989","17985876","0"
"SA-DAI-TAB-72X42-FRAME","","FRAME","ok_recipe","has_ops","aluminum_frame","5","6","42062084","17973054","0"
"SA-OCE-CC-CUSH","","CUSH","ok_recipe","has_ops","cushion","2","4","42072594","17978941","0"
"SA-OCE-CC-FRAME","","FRAME","ok_recipe","has_ops","aluminum_frame","6","6","42072595","17978942","0"
"SA-OCE-CT-36X36-FRAME","","FRAME","ok_recipe","has_ops","aluminum_frame","5","6","42072596","17978943","0"
"SA-OCE-CT-42X28-FRAME","","FRAME","ok_recipe","has_ops","aluminum_frame","5","6","42062153","17973123","0"
"SA-OCE-CT-42X42-FRAME","","FRAME","ok_recipe","has_ops","aluminum_frame","5","6","42072597","17978944","0"
"SA-OCE-CT-56X28-FRAME","","FRAME","ok_recipe","has_ops","aluminum_frame","5","6","42062155","17973125","0"
"SA-OCE-CT-56X36-FRAME","","FRAME","ok_recipe","has_ops","aluminum_frame","5","6","42062156","17973126","0"
"SA-OCE-CT-56X42-FRAME","","FRAME","ok_recipe","has_ops","aluminum_frame","5","6","42062157","17973127","0"
"SA-OCE-CT-56X56-FRAME","","FRAME","ok_recipe","has_ops","aluminum_frame","5","6","42072598","17978945","0"
"SA-OCE-CT-72X36-FRAME","","FRAME","ok_recipe","has_ops","aluminum_frame","5","6","42062159","17973129","0"
"SA-OCE-CT-72X42-FRAME","","FRAME","ok_recipe","has_ops","aluminum_frame","5","6","42062160","17973130","0"
"SA-OCE-CT-72X56-FRAME","","FRAME","ok_recipe","has_ops","aluminum_frame","5","6","42062161","17973131","0"
"SA-OCE-DCL-CUSH","","CUSH","ok_recipe","has_ops","cushion","2","4","42072599","17978946","0"
"SA-OCE-DCL-FRAME","","FRAME","ok_recipe","has_ops","aluminum_frame","5","6","42072600","17978947","0"
"SA-OCE-L-CUSH","","CUSH","ok_recipe","has_ops","cushion","2","4","42072601","17978948","0"
"SA-OCE-L-FRAME","","FRAME","ok_recipe","has_ops","aluminum_frame","6","6","42072602","17978949","0"
"SA-OCE-ML-CUSH","","CUSH","ok_recipe","has_ops","cushion","2","4","42072603","17978950","0"
"SA-OCE-ML-FRAME","","FRAME","ok_recipe","has_ops","aluminum_frame","6","6","42062167","17973137","0"
"SA-OCE-O-30X22-CUSH","","CUSH","ok_recipe","has_ops","cushion","2","4","42072604","17978951","0"
"SA-OCE-O-30X22-FRAME","","FRAME","ok_recipe","has_ops","aluminum_frame","5","6","42072605","17978952","0"
"SA-OCE-O-42X22-CUSH","","CUSH","ok_recipe","has_ops","cushion","2","4","42072606","17978953","0"
"SA-OCE-O-42X22-FRAME","","FRAME","ok_recipe","has_ops","aluminum_frame","5","6","42072607","17978954","0"
"SA-OCE-O-60X22-CUSH","","CUSH","ok_recipe","has_ops","cushion","2","4","42072608","17978955","0"
"SA-OCE-O-60X22-FRAME","","FRAME","ok_recipe","has_ops","aluminum_frame","5","6","42072609","17978956","0"
"SA-OCE-O-72X22-CUSH","","CUSH","ok_recipe","has_ops","cushion","2","4","42072610","17978957","0"
"SA-OCE-O-72X22-FRAME","","FRAME","ok_recipe","has_ops","aluminum_frame","5","6","42072611","17978958","0"
"SA-OCE-RST-36-FRAME","","FRAME","ok_recipe","has_ops","aluminum_frame","3","6","42072736","17979082","0"
"SA-OCE-RST-42-FRAME","","FRAME","ok_recipe","has_ops","aluminum_frame","3","6","42072737","17979083","0"
"SA-OCE-S-72-CUSH","","CUSH","ok_recipe","has_ops","cushion","2","4","42072612","17978959","0"
"SA-OCE-S-72-FRAME","","FRAME","ok_recipe","has_ops","aluminum_frame","6","6","42072613","17978960","0"
"SA-OCE-S-84-CUSH","","CUSH","ok_recipe","has_ops","cushion","2","4","42072614","17978961","0"
"SA-OCE-S-84-FRAME","","FRAME","ok_recipe","has_ops","aluminum_frame","6","6","42072615","17978962","0"
"SA-OCE-S-96-CUSH","","CUSH","ok_recipe","has_ops","cushion","2","4","41892979","17904552","0"
"SA-OCE-S-96-FRAME","","FRAME","ok_recipe","has_ops","aluminum_frame","6","6","41892985","17904556","0"
"SA-OCE-SC-CUSH","","CUSH","cush_no_rm","has_ops","cushion","0","4","42072738","17979084","0"
"SA-OCE-SC-FRAME","","FRAME","ops_only","has_ops","aluminum_frame","0","6","42072739","17979085","0"
"SA-OCE-SCL-CUSH","","CUSH","ok_recipe","has_ops","cushion","2","4","42072616","17978963","0"
"SA-OCE-SCL-FRAME","","FRAME","ok_recipe","has_ops","aluminum_frame","5","6","42072617","17978964","0"
"SA-OCE-ST-20X20-FRAME","","FRAME","ok_recipe","has_ops","aluminum_frame","3","6","42072740","17979086","0"
"SA-OCN-CLB-CHA-34X38-CUSH","","CUSH","cush_no_rm","missing_ops","cushion","0","0","42087990","17985877","0"
"SA-OCN-CLB-CHA-34X38-FRAME","","FRAME","frame_rm_no_ops","missing_ops","aluminum_frame","5","0","42087991","17985878","0"
"SA-OCN-DOU-CHS-58X79-CUSH","","CUSH","cush_no_rm","missing_ops","cushion","0","0","42087992","17985879","0"
"SA-OCN-DOU-CHS-58X79-FRAME","","FRAME","frame_rm_no_ops","missing_ops","aluminum_frame","5","0","42087993","17985880","0"
"SA-OCN-LOV-SOF-60X38-CUSH","","CUSH","cush_no_rm","missing_ops","cushion","0","0","42087994","17985881","0"
"SA-OCN-LOV-SOF-60X38-FRAME","","FRAME","frame_rm_no_ops","missing_ops","aluminum_frame","5","0","42087995","17985882","0"
"SA-OCN-MIN-LOV-60X48-CUSH","","CUSH","cush_no_rm","missing_ops","cushion","0","0","42087996","17985883","0"
"SA-OCN-MIN-LOV-60X48-FRAME","","FRAME","frame_rm_no_ops","missing_ops","aluminum_frame","5","0","42087997","17985884","0"
"SA-OCN-MIN-LOV-CUSH","","CUSH","ok_recipe","has_ops","cushion","2","4","42062192","17973161","0"
"SA-OCN-MIN-LOV-FRAME","","FRAME","ok_recipe","has_ops","aluminum_frame","5","6","42062168","17973137","0"
"SA-OCN-SGL-CHS-36X79-CUSH","","CUSH","cush_no_rm","missing_ops","cushion","0","0","42087998","17985885","0"
"SA-OCN-SGL-CHS-36X79-FRAME","","FRAME","frame_rm_no_ops","missing_ops","aluminum_frame","5","0","42087999","17985886","0"
"SA-OCN-SWV-CHA-34X34-CUSH","","CUSH","cush_no_rm","missing_ops","cushion","0","0","42088000","17985887","0"
"SA-OCN-SWV-CHA-34X34-FRAME","","FRAME","frame_rm_no_ops","missing_ops","aluminum_frame","5","0","42088001","17985888","0"
