sku,name,include,track_id,reason,steps,csv_rows
"ASM-BRK-BAR-TAB-120X28-FRAME","","skip","aluminum_frame","skip_existing_ops","0","0"
"ASM-BRK-BAR-TAB-120X36-FRAME","","skip","aluminum_frame","skip_existing_ops","0","0"
"ASM-BRK-BAR-TAB-28X120-FRAME","","skip","aluminum_frame","skip_existing_ops","0","0"
"ASM-BRK-BAR-TAB-28X72-FRAME","","skip","aluminum_frame","skip_existing_ops","0","0"
"ASM-BRK-BAR-TAB-28X96-FRAME","","skip","aluminum_frame","skip_existing_ops","0","0"
"ASM-BRK-BAR-TAB-36X120-FRAME","","skip","aluminum_frame","skip_existing_ops","0","0"
"ASM-BRK-BAR-TAB-36X36-FRAME","","skip","aluminum_frame","skip_existing_ops","0","0"
"ASM-BRK-BAR-TAB-36X72-FRAME","","skip","aluminum_frame","skip_existing_ops","0","0"
"ASM-BRK-BAR-TAB-36X96-FRAME","","skip","aluminum_frame","skip_existing_ops","0","0"
"ASM-BRK-BAR-TAB-42X42-FRAME","","skip","aluminum_frame","skip_existing_ops","0","0"
"ASM-BRK-BAR-TAB-72X28-FRAME","","skip","aluminum_frame","skip_existing_ops","0","0"
"ASM-BRK-BAR-TAB-72X36-FRAME","","skip","aluminum_frame","skip_existing_ops","0","0"
"ASM-BRK-BAR-TAB-96X36-FRAME","","skip","aluminum_frame","skip_existing_ops","0","0"
"ASM-BRK-BAR-TAB-98X28-FRAME","","skip","aluminum_frame","skip_existing_ops","0","0"
"ASM-BRK-CNT-TAB-120X28-FRAME","","skip","aluminum_frame","skip_existing_ops","0","0"
"ASM-BRK-CNT-TAB-120X36-FRAME","","skip","aluminum_frame","skip_existing_ops","0","0"
"ASM-BRK-CNT-TAB-28X120-FRAME","","skip","aluminum_frame","skip_existing_ops","0","0"
"ASM-BRK-CNT-TAB-28X72-FRAME","","skip","aluminum_frame","skip_existing_ops","0","0"
"ASM-BRK-CNT-TAB-28X96-FRAME","","skip","aluminum_frame","skip_existing_ops","0","0"
"ASM-BRK-CNT-TAB-36X120-FRAME","","skip","aluminum_frame","skip_existing_ops","0","0"
"ASM-BRK-CNT-TAB-36X36-FRAME","","skip","aluminum_frame","skip_existing_ops","0","0"
"ASM-BRK-CNT-TAB-36X72-FRAME","","skip","aluminum_frame","skip_existing_ops","0","0"
"ASM-BRK-CNT-TAB-36X96-FRAME","","skip","aluminum_frame","skip_existing_ops","0","0"
"ASM-BRK-CNT-TAB-42X42-FRAME","","skip","aluminum_frame","skip_existing_ops","0","0"
"ASM-BRK-CNT-TAB-72X18-FRAME","","skip","aluminum_frame","skip_existing_ops","0","0"
"ASM-BRK-CNT-TAB-72X28-FRAME","","skip","aluminum_frame","skip_existing_ops","0","0"
"ASM-BRK-CNT-TAB-72X36-FRAME","","skip","aluminum_frame","skip_existing_ops","0","0"
"ASM-BRK-CNT-TAB-96X28-FRAME","","skip","aluminum_frame","skip_existing_ops","0","0"
"ASM-BRK-CNT-TAB-96X36-FRAME","","skip","aluminum_frame","skip_existing_ops","0","0"
"ASM-BRK-COR-CHS-84X42-CUSH","","skip","cushion","skip_existing_ops","0","0"
"ASM-BRK-COR-CHS-84X42-FRAME","","skip","aluminum_frame","skip_existing_ops","0","0"
"ASM-BRK-DIN-TAB-120X28-FRAME","","skip","aluminum_frame","skip_existing_ops","0","0"
"ASM-BRK-DIN-TAB-120X36-FRAME","","skip","aluminum_frame","skip_existing_ops","0","0"
"ASM-BRK-DIN-TAB-28X120-FRAME","","skip","aluminum_frame","skip_existing_ops","0","0"
"ASM-BRK-DIN-TAB-28X72-FRAME","","skip","aluminum_frame","skip_existing_ops","0","0"
"ASM-BRK-DIN-TAB-28X96-FRAME","","skip","aluminum_frame","skip_existing_ops","0","0"
"ASM-BRK-DIN-TAB-36X120-FRAME","","skip","aluminum_frame","skip_existing_ops","0","0"
"ASM-BRK-DIN-TAB-36X36-FRAME","","skip","aluminum_frame","skip_existing_ops","0","0"
"ASM-BRK-DIN-TAB-36X72-FRAME","","skip","aluminum_frame","skip_existing_ops","0","0"
"ASM-BRK-DIN-TAB-36X96-FRAME","","skip","aluminum_frame","skip_existing_ops","0","0"
"ASM-BRK-DIN-TAB-42X42-FRAME","","skip","aluminum_frame","skip_existing_ops","0","0"
"ASM-BRK-DIN-TAB-72X28-FRAME","","skip","aluminum_frame","skip_existing_ops","0","0"
"ASM-BRK-DIN-TAB-72X36-FRAME","","skip","aluminum_frame","skip_existing_ops","0","0"
"ASM-BRK-DIN-TAB-96X28-FRAME","","skip","aluminum_frame","skip_existing_ops","0","0"
"ASM-BRK-DIN-TAB-96X36-FRAME","","skip","aluminum_frame","skip_existing_ops","0","0"
"ASM-BRK-OTT-22X42-CUSH","","skip","cushion","skip_existing_ops","0","0"
"ASM-BRK-OTT-22X42-FRAME","","skip","aluminum_frame","skip_existing_ops","0","0"
"ASM-BRK-OTT-22X60-CUSH","","skip","cushion","skip_existing_ops","0","0"
"ASM-BRK-OTT-22X60-FRAME","","skip","aluminum_frame","skip_existing_ops","0","0"
"ASM-BRK-OTT-22X72-CUSH","","skip","cushion","skip_existing_ops","0","0"
"ASM-BRK-OTT-22X72-FRAME","","skip","aluminum_frame","skip_existing_ops","0","0"
"ASM-BRK-OTT-34X34-CUSH","","skip","cushion","skip_existing_ops","0","0"
"ASM-BRK-OTT-34X34-FRAME","","skip","aluminum_frame","skip_existing_ops","0","0"
"ASM-BRK-OTT-34X42-CUSH","","skip","cushion","skip_existing_ops","0","0"
"ASM-BRK-OTT-34X42-FRAME","","skip","aluminum_frame","skip_existing_ops","0","0"
"ASM-BRK-OTT-34X60-CUSH","","skip","cushion","skip_existing_ops","0","0"
"ASM-BRK-OTT-34X60-FRAME","","skip","aluminum_frame","skip_existing_ops","0","0"
"ASM-BRK-OTT-34X72-CUSH","","skip","cushion","skip_existing_ops","0","0"
"ASM-BRK-OTT-34X72-FRAME","","skip","aluminum_frame","skip_existing_ops","0","0"
"ASM-BRK-OTT-42X22-CUSH","","skip","cushion","skip_existing_ops","0","0"
"ASM-BRK-OTT-42X22-FRAME","","skip","aluminum_frame","skip_existing_ops","0","0"
"ASM-BRK-OTT-42X34-CUSH","","skip","cushion","skip_existing_ops","0","0"
"ASM-BRK-OTT-42X34-FRAME","","skip","aluminum_frame","skip_existing_ops","0","0"
"ASM-BRK-OTT-56X42-CUSH","","skip","cushion","skip_existing_ops","0","0"
"ASM-BRK-OTT-56X42-FRAME","","skip","aluminum_frame","skip_existing_ops","0","0"
"ASM-BRK-OTT-60X22-CUSH","","skip","cushion","skip_existing_ops","0","0"
"ASM-BRK-OTT-60X22-FRAME","","skip","aluminum_frame","skip_existing_ops","0","0"
"ASM-BRK-OTT-60X34-CUSH","","skip","cushion","skip_existing_ops","0","0"
"ASM-BRK-OTT-60X34-FRAME","","skip","aluminum_frame","skip_existing_ops","0","0"
"ASM-BRK-OTT-72X22-CUSH","","skip","cushion","skip_existing_ops","0","0"
"ASM-BRK-OTT-72X22-FRAME","","skip","aluminum_frame","skip_existing_ops","0","0"
"ASM-BRK-OTT-72X34-CUSH","","skip","cushion","skip_existing_ops","0","0"
"ASM-BRK-OTT-72X34-FRAME","","skip","aluminum_frame","skip_existing_ops","0","0"
"ASM-BRK-SOF-60X34-CUSH","","skip","cushion","skip_existing_ops","0","0"
"ASM-BRK-SOF-60X34-FRAME","","skip","aluminum_frame","skip_existing_ops","0","0"
"ASM-BRV-ARM-SOF-34X34-CUSH","","skip","cushion","skip_existing_ops","0","0"
"ASM-BRV-ARM-SOF-34X34-FRAME","","skip","aluminum_frame","skip_existing_ops","0","0"
"ASM-BRV-ARM-SOF-72X34-CUSH","","skip","cushion","skip_existing_ops","0","0"
"ASM-BRV-ARM-SOF-72X34-FRAME","","skip","aluminum_frame","skip_existing_ops","0","0"
"ASM-BRV-ARM-SOF-84X34-CUSH","","skip","cushion","skip_existing_ops","0","0"
"ASM-BRV-ARM-SOF-84X34-FRAME","","skip","aluminum_frame","skip_existing_ops","0","0"
"ASM-BRV-ARM-SOF-96X34-CUSH","","skip","cushion","skip_existing_ops","0","0"
"ASM-BRV-ARM-SOF-96X34-FRAME","","skip","aluminum_frame","skip_existing_ops","0","0"
"ASM-BRV-BCH-96X34-CUSH","","skip","cushion","skip_existing_ops","0","0"
"ASM-BRV-BCH-96X34-FRAME","","skip","aluminum_frame","skip_existing_ops","0","0"
"ASM-BRV-COF-TAB-28X42-FRAME","","skip","aluminum_frame","skip_existing_ops","0","0"
"ASM-BRV-COF-TAB-36X56-FRAME","","skip","aluminum_frame","skip_existing_ops","0","0"
"ASM-BRV-COF-TAB-42X56-FRAME","","skip","aluminum_frame","skip_existing_ops","0","0"
"ASM-BRV-COF-TAB-42X72-FRAME","","skip","aluminum_frame","skip_existing_ops","0","0"
"ASM-BRV-COF-TAB-56X72-FRAME","","skip","aluminum_frame","skip_existing_ops","0","0"
"ASM-BRV-COR-CHS-72X34-CUSH","","skip","cushion","skip_existing_ops","0","0"
"ASM-BRV-COR-CHS-72X34-FRAME","","skip","aluminum_frame","skip_existing_ops","0","0"
"ASM-BRV-COR-CHS-84X34-CUSH","","skip","cushion","skip_existing_ops","0","0"
"ASM-BRV-COR-CHS-84X34-FRAME","","skip","aluminum_frame","skip_existing_ops","0","0"
"ASM-BRV-DYB-84X72-CUSH","","skip","cushion","skip_existing_ops","0","0"
"ASM-BRV-DYB-84X72-FRAME","","skip","aluminum_frame","skip_existing_ops","0","0"
"ASM-BRV-DYB-84X84-CUSH","","skip","cushion","skip_existing_ops","0","0"
"ASM-BRV-DYB-84X84-FRAME","","skip","aluminum_frame","skip_existing_ops","0","0"
"ASM-BRV-OTT-22X30-CUSH","","skip","cushion","skip_existing_ops","0","0"
"ASM-BRV-OTT-22X30-FRAME","","skip","aluminum_frame","skip_existing_ops","0","0"
"ASM-BRV-OTT-22X42-CUSH","","skip","cushion","skip_existing_ops","0","0"
"ASM-BRV-OTT-22X42-FRAME","","skip","aluminum_frame","skip_existing_ops","0","0"
"ASM-BRV-OTT-22X60-CUSH","","skip","cushion","skip_existing_ops","0","0"
"ASM-BRV-OTT-22X60-FRAME","","skip","aluminum_frame","skip_existing_ops","0","0"
"ASM-BRV-OTT-22X72-CUSH","","skip","cushion","skip_existing_ops","0","0"
"ASM-BRV-OTT-22X72-FRAME","","skip","aluminum_frame","skip_existing_ops","0","0"
"ASM-BRV-OTT-34X42-CUSH","","skip","cushion","skip_existing_ops","0","0"
"ASM-BRV-OTT-34X42-FRAME","","skip","aluminum_frame","skip_existing_ops","0","0"
"ASM-BRV-OTT-34X60-CUSH","","skip","cushion","skip_existing_ops","0","0"
"ASM-BRV-OTT-34X60-FRAME","","skip","aluminum_frame","skip_existing_ops","0","0"
"ASM-BRV-OTT-34X72-CUSH","","skip","cushion","skip_existing_ops","0","0"
"ASM-BRV-OTT-34X72-FRAME","","skip","aluminum_frame","skip_existing_ops","0","0"
"ASM-BRV-OVS-CHS-72X42-CUSH","","skip","cushion","skip_existing_ops","0","0"
"ASM-BRV-OVS-CHS-72X42-FRAME","","skip","aluminum_frame","skip_existing_ops","0","0"
"ASM-BRV-OVS-CHS-84X42-CUSH","","skip","cushion","skip_existing_ops","0","0"
"ASM-BRV-OVS-CHS-84X42-FRAME","","skip","aluminum_frame","skip_existing_ops","0","0"
"ASM-BRV-SWV-CHA-CUSH","","skip","cushion","skip_existing_ops","0","0"
"ASM-BRV-SWV-CHA-FRAME","","skip","aluminum_frame","skip_existing_ops","0","0"
"ASM-CAB-DYB-84X84-CUSH","","skip","cushion","skip_existing_ops","0","0"
"ASM-CAB-DYB-84X84-FRAME","","skip","aluminum_frame","skip_existing_ops","0","0"
"ASM-CAB-MIS-10X10-CUSH","","skip","cushion","skip_existing_ops","0","0"
"ASM-CAB-MIS-10X10-FRAME","","skip","aluminum_frame","skip_existing_ops","0","0"
"ASM-CUS-OTT-22X72-CUSH","","skip","cushion","skip_existing_ops","0","0"
"ASM-CUS-OTT-22X72-FRAME","","skip","aluminum_frame","skip_existing_ops","0","0"
"ASM-CUS-OTT-23X82-CUSH","","skip","cushion","skip_existing_ops","0","0"
"ASM-CUS-OTT-23X82-FRAME","","skip","aluminum_frame","skip_existing_ops","0","0"
"ASM-CUS-OTT-72X22-CUSH","","skip","cushion","skip_existing_ops","0","0"
"ASM-CUS-OTT-72X22-FRAME","","skip","aluminum_frame","skip_existing_ops","0","0"
"ASM-CUS-OTT-82X23-CUSH","","skip","cushion","skip_existing_ops","0","0"
"ASM-CUS-OTT-82X23-FRAME","","skip","aluminum_frame","skip_existing_ops","0","0"
"ASM-DAI-BAR-TAB-120X42-FRAME","","skip","aluminum_frame","skip_existing_ops","0","0"
"ASM-DAI-BAR-TAB-120X56-FRAME","","skip","aluminum_frame","skip_existing_ops","0","0"
"ASM-DAI-BAR-TAB-42X120-FRAME","","skip","aluminum_frame","skip_existing_ops","0","0"
"ASM-DAI-BAR-TAB-42X72-FRAME","","skip","aluminum_frame","skip_existing_ops","0","0"
"ASM-DAI-BAR-TAB-42X96-FRAME","","skip","aluminum_frame","skip_existing_ops","0","0"
"ASM-DAI-BAR-TAB-56X120-FRAME","","skip","aluminum_frame","skip_existing_ops","0","0"
"ASM-DAI-BAR-TAB-56X56-FRAME","","skip","aluminum_frame","skip_existing_ops","0","0"
"ASM-DAI-BAR-TAB-56X72-FRAME","","skip","aluminum_frame","skip_existing_ops","0","0"
"ASM-DAI-BAR-TAB-56X96-FRAME","","skip","aluminum_frame","skip_existing_ops","0","0"
"ASM-DAI-BAR-TAB-72X42-FRAME","","skip","aluminum_frame","skip_existing_ops","0","0"
"ASM-DAI-BAR-TAB-72X56-FRAME","","skip","aluminum_frame","skip_existing_ops","0","0"
"ASM-DAI-BAR-TAB-96X42-FRAME","","skip","aluminum_frame","skip_existing_ops","0","0"
"ASM-DAI-BAR-TAB-96X56-FRAME","","skip","aluminum_frame","skip_existing_ops","0","0"
"ASM-DAI-CNT-TAB-120X42-FRAME","","skip","aluminum_frame","skip_existing_ops","0","0"
"ASM-DAI-CNT-TAB-120X56-FRAME","","skip","aluminum_frame","skip_existing_ops","0","0"
"ASM-DAI-CNT-TAB-42X120-FRAME","","skip","aluminum_frame","skip_existing_ops","0","0"
"ASM-DAI-CNT-TAB-42X72-FRAME","","skip","aluminum_frame","skip_existing_ops","0","0"
"ASM-DAI-CNT-TAB-42X96-FRAME","","skip","aluminum_frame","skip_existing_ops","0","0"
"ASM-DAI-CNT-TAB-56X120-FRAME","","skip","aluminum_frame","skip_existing_ops","0","0"
"ASM-DAI-CNT-TAB-56X56-FRAME","","skip","aluminum_frame","skip_existing_ops","0","0"
"ASM-DAI-CNT-TAB-56X72-FRAME","","skip","aluminum_frame","skip_existing_ops","0","0"
"ASM-DAI-CNT-TAB-56X96-FRAME","","skip","aluminum_frame","skip_existing_ops","0","0"
"ASM-DAI-CNT-TAB-72X42-FRAME","","skip","aluminum_frame","skip_existing_ops","0","0"
"ASM-DAI-CNT-TAB-72X56-FRAME","","skip","aluminum_frame","skip_existing_ops","0","0"
"ASM-DAI-CNT-TAB-96X42-FRAME","","skip","aluminum_frame","skip_existing_ops","0","0"
"ASM-DAI-CNT-TAB-96X56-FRAME","","skip","aluminum_frame","skip_existing_ops","0","0"
"ASM-DAI-DIN-TAB-120X42-FRAME","","skip","aluminum_frame","skip_existing_ops","0","0"
"ASM-DAI-DIN-TAB-120X56-FRAME","","skip","aluminum_frame","skip_existing_ops","0","0"
"ASM-DAI-DIN-TAB-42X30-FRAME","","skip","aluminum_frame","skip_existing_ops","0","0"
"ASM-DAI-DIN-TAB-42X42-FRAME","","skip","aluminum_frame","skip_existing_ops","0","0"
"ASM-DAI-DIN-TAB-56X30-FRAME","","skip","aluminum_frame","skip_existing_ops","0","0"
"ASM-DAI-DIN-TAB-56X56-FRAME","","skip","aluminum_frame","skip_existing_ops","0","0"
"ASM-DAI-DIN-TAB-56X72-FRAME","","skip","aluminum_frame","skip_existing_ops","0","0"
"ASM-DAI-DIN-TAB-56X96-FRAME","","skip","aluminum_frame","skip_existing_ops","0","0"
"ASM-DAI-DIN-TAB-72X42-FRAME","","skip","aluminum_frame","skip_existing_ops","0","0"
"ASM-DAI-DIN-TAB-72X56-FRAME","","skip","aluminum_frame","skip_existing_ops","0","0"
"ASM-DAI-DIN-TAB-96X42-FRAME","","skip","aluminum_frame","skip_existing_ops","0","0"
"ASM-DAI-DIN-TAB-96X56-FRAME","","skip","aluminum_frame","skip_existing_ops","0","0"
"ASM-DAI-FIR-TAB-42X42-FRAME","","skip","aluminum_frame","skip_existing_ops","0","0"
"ASM-DAI-FIR-TAB-56X42-FRAME","","skip","aluminum_frame","skip_existing_ops","0","0"
"ASM-DAI-FIR-TAB-84X56-FRAME","","skip","aluminum_frame","skip_existing_ops","0","0"
"ASM-DAI-FIR-TAB-96X56-FRAME","","skip","aluminum_frame","skip_existing_ops","0","0"
"ASM-DAI-TAB-108X56-FRAME","","skip","aluminum_frame","skip_existing_ops","0","0"
"ASM-DAI-TAB-72X42-FRAME","","skip","aluminum_frame","skip_existing_ops","0","0"
"ASM-ESY-CHS-CUSH","","skip","cushion","skip_existing_ops","0","0"
"ASM-ESY-CHS-FRAME","","skip","aluminum_frame","skip_existing_ops","0","0"
"ASM-FLY-BCH-42X18-CUSH","","skip","cushion","skip_existing_ops","0","0"
"ASM-FLY-BCH-42X18-FRAME","","skip","aluminum_frame","skip_existing_ops","0","0"
"ASM-FLY-DIN-CHA-18X18-CUSH","","skip","cushion","skip_existing_ops","0","0"
"ASM-FLY-DIN-CHA-18X18-FRAME","","skip","aluminum_frame","skip_existing_ops","0","0"
"ASM-FLY-FLY-BST-18X18-CUSH","","skip","cushion","skip_existing_ops","0","0"
"ASM-FLY-FLY-BST-18X18-FRAME","","skip","aluminum_frame","skip_existing_ops","0","0"
"ASM-FLY-LEG-BAR-COU-HEI-CUSH","","skip","cushion","skip_existing_ops","0","0"
"ASM-FLY-LEG-BAR-COU-HEI-FRAME","","skip","aluminum_frame","skip_existing_ops","0","0"
"ASM-FLY-LEG-BEN-COU-HEI-42-CUSH","","skip","cushion","skip_existing_ops","0","0"
"ASM-FLY-LEG-BEN-COU-HEI-42-FRAME","","skip","aluminum_frame","skip_existing_ops","0","0"
"ASM-FLY-LEG-BEN-DIN-HEI-42-CUSH","","skip","cushion","skip_existing_ops","0","0"
"ASM-FLY-LEG-BEN-DIN-HEI-42-FRAME","","skip","aluminum_frame","skip_existing_ops","0","0"
"ASM-FLY-TAB-38X8-FRAME","","skip","aluminum_frame","skip_existing_ops","0","0"
"ASM-FLY-TAB-60X12-FRAME","","skip","aluminum_frame","skip_existing_ops","0","0"
"ASM-FLY-TAB-72X12-FRAME","","skip","aluminum_frame","skip_existing_ops","0","0"
"ASM-FLY-TAB-84X12-FRAME","","skip","aluminum_frame","skip_existing_ops","0","0"
"ASM-FLY-TAB-96X12-FRAME","","skip","aluminum_frame","skip_existing_ops","0","0"
"ASM-HAL-BAC-BAR-BAR-HEI-CUSH","","skip","cushion","skip_existing_ops","0","0"
"ASM-HAL-BAC-BAR-BAR-HEI-FRAME","","skip","aluminum_frame","skip_existing_ops","0","0"
"ASM-LED-CHA-CUSH","","skip","cushion","skip_existing_ops","0","0"
"ASM-LED-CHA-FRAME","","skip","aluminum_frame","skip_existing_ops","0","0"
"ASM-LED-SID-TAB-FRAME","","skip","aluminum_frame","skip_existing_ops","0","0"
"ASM-MIS-DIN-BCH-72X22-CUSH","","skip","cushion","skip_existing_ops","0","0"
"ASM-MIS-DIN-BCH-72X22-FRAME","","skip","aluminum_frame","skip_existing_ops","0","0"
"ASM-MIS-DIN-BCH-96X22-CUSH","","skip","cushion","skip_existing_ops","0","0"
"ASM-MIS-DIN-BCH-96X22-FRAME","","skip","aluminum_frame","skip_existing_ops","0","0"
"ASM-MIS-DIN-CHA-17X21-CUSH","","skip","cushion","skip_existing_ops","0","0"
"ASM-MIS-DIN-CHA-17X21-FRAME","","skip","aluminum_frame","skip_existing_ops","0","0"
"ASM-MIS-FIR-TAB-42X42-FRAME","","skip","aluminum_frame","skip_existing_ops","0","0"
"ASM-MIS-FLY-BST-17X21-CUSH","","skip","cushion","skip_existing_ops","0","0"
"ASM-MIS-FLY-BST-17X21-FRAME","","skip","aluminum_frame","skip_existing_ops","0","0"
"ASM-MIS-OTT-22X22-CUSH","","skip","cushion","skip_existing_ops","0","0"
"ASM-MIS-OTT-22X22-FRAME","","skip","aluminum_frame","skip_existing_ops","0","0"
"ASM-MIS-SID-TAB-13X30-FRAME","","skip","aluminum_frame","skip_existing_ops","0","0"
"ASM-MIS-TAB-13X30-FRAME","","skip","aluminum_frame","skip_existing_ops","0","0"
"ASM-MLN-CLB-CHA-32X36-CUSH","","skip","cushion","skip_existing_ops","0","0"
"ASM-MLN-CLB-CHA-32X36-FRAME","","skip","aluminum_frame","skip_existing_ops","0","0"
"ASM-MLN-OTT-22X60-CUSH","","skip","cushion","skip_existing_ops","0","0"
"ASM-MLN-OTT-22X60-FRAME","","skip","aluminum_frame","skip_existing_ops","0","0"
"ASM-MLN-OTT-22X72-CUSH","","skip","cushion","skip_existing_ops","0","0"
"ASM-MLN-OTT-22X72-FRAME","","skip","aluminum_frame","skip_existing_ops","0","0"
"ASM-MLN-OTT-34X34-CUSH","","skip","cushion","skip_existing_ops","0","0"
"ASM-MLN-OTT-34X34-FRAME","","skip","aluminum_frame","skip_existing_ops","0","0"
"ASM-MLN-OTT-34X42-CUSH","","skip","cushion","skip_existing_ops","0","0"
"ASM-MLN-OTT-34X42-FRAME","","skip","aluminum_frame","skip_existing_ops","0","0"
"ASM-MLN-OTT-34X60-CUSH","","skip","cushion","skip_existing_ops","0","0"
"ASM-MLN-OTT-34X60-FRAME","","skip","aluminum_frame","skip_existing_ops","0","0"
"ASM-MLN-OTT-34X72-CUSH","","skip","cushion","skip_existing_ops","0","0"
"ASM-MLN-OTT-34X72-FRAME","","skip","aluminum_frame","skip_existing_ops","0","0"
"ASM-MLN-OTT-56X42-CUSH","","skip","cushion","skip_existing_ops","0","0"
"ASM-MLN-OTT-56X42-FRAME","","skip","aluminum_frame","skip_existing_ops","0","0"
"ASM-MLN-SOF-60X62-CUSH","","skip","cushion","skip_existing_ops","0","0"
"ASM-MLN-SOF-60X62-FRAME","","skip","aluminum_frame","skip_existing_ops","0","0"
"ASM-MLN-SOF-62X42-CUSH","","skip","cushion","skip_existing_ops","0","0"
"ASM-MLN-SOF-62X42-FRAME","","skip","aluminum_frame","skip_existing_ops","0","0"
"ASM-MLN-SOF-72X36-CUSH","","skip","cushion","skip_existing_ops","0","0"
"ASM-MLN-SOF-72X36-FRAME","","skip","aluminum_frame","skip_existing_ops","0","0"
"ASM-MLN-SOF-84X36-CUSH","","skip","cushion","skip_existing_ops","0","0"
"ASM-MLN-SOF-84X36-FRAME","","skip","aluminum_frame","skip_existing_ops","0","0"
"ASM-MLN-SOF-96X36-CUSH","","skip","cushion","skip_existing_ops","0","0"
"ASM-MLN-SOF-96X36-FRAME","","skip","aluminum_frame","skip_existing_ops","0","0"
"ASM-MLN-TAB-56X14-FRAME","","skip","aluminum_frame","skip_existing_ops","0","0"
"ASM-OCC-TAB-56X14-FRAME","","skip","aluminum_frame","skip_existing_ops","0","0"
"ASM-OCN-COF-TAB-28X42-FRAME","","skip","aluminum_frame","skip_existing_ops","0","0"
"ASM-OCN-COF-TAB-28X56-FRAME","","skip","aluminum_frame","skip_existing_ops","0","0"
"ASM-OCN-COF-TAB-36X56-FRAME","","skip","aluminum_frame","skip_existing_ops","0","0"
"ASM-OCN-COF-TAB-36X72-FRAME","","skip","aluminum_frame","skip_existing_ops","0","0"
"ASM-OCN-COF-TAB-42X56-FRAME","","skip","aluminum_frame","skip_existing_ops","0","0"
"ASM-OCN-COF-TAB-42X72-FRAME","","skip","aluminum_frame","skip_existing_ops","0","0"
"ASM-OCN-COF-TAB-56X72-FRAME","","skip","aluminum_frame","skip_existing_ops","0","0"
"ASM-OCN-MIN-LOV-48X38-CUSH","","skip","cushion","skip_existing_ops","0","0"
"ASM-OCN-MIN-LOV-48X38-FRAME","","skip","aluminum_frame","skip_existing_ops","0","0"
"ASM-OCN-MIN-LOV-CUSH","","skip","cushion","skip_existing_ops","0","0"
"ASM-OCN-MIN-LOV-FRAME","","skip","aluminum_frame","skip_existing_ops","0","0"
"ASM-OCN-SID-TAB-12-FRAME","","skip","aluminum_frame","skip_existing_ops","0","0"
"ASM-OCN-SID-TAB-13X30-FRAME","","skip","aluminum_frame","skip_existing_ops","0","0"
"ASM-OCN-SID-TAB-32X32-FRAME","","skip","aluminum_frame","skip_existing_ops","0","0"
"ASM-OCN-SID-TAB-36X17-FRAME","","skip","aluminum_frame","skip_existing_ops","0","0"
"ASM-OCN-SWV-CHA-34X38-CUSH","","skip","cushion","skip_existing_ops","0","0"
"ASM-OCN-SWV-CHA-34X38-FRAME","","skip","aluminum_frame","skip_existing_ops","0","0"
"ASM-OCN-SWV-CHA-CUSH","","skip","cushion","skip_existing_ops","0","0"
"ASM-OCN-SWV-CHA-FRAME","","skip","aluminum_frame","skip_existing_ops","0","0"
"ASM-OCN-TAB-13X30-FRAME","","skip","aluminum_frame","skip_existing_ops","0","0"
"ASM-OCN-TAB-34X12-FRAME","","skip","aluminum_frame","skip_existing_ops","0","0"
"ASM-OCN-TAB-72X12-FRAME","","skip","aluminum_frame","skip_existing_ops","0","0"
"ASM-OCN-TAB-84X12-FRAME","","skip","aluminum_frame","skip_existing_ops","0","0"
"ASM-OCN-TAB-96X12-FRAME","","skip","aluminum_frame","skip_existing_ops","0","0"
"ASM-STA-BAR-TAB-36X36-FRAME","","skip","aluminum_frame","skip_existing_ops","0","0"
"ASM-STA-BAR-TAB-42X42-FRAME","","skip","aluminum_frame","skip_existing_ops","0","0"
"ASM-STA-BAR-TAB-72X36-FRAME","","skip","aluminum_frame","skip_existing_ops","0","0"
"ASM-STA-CNT-TAB-36X36-FRAME","","skip","aluminum_frame","skip_existing_ops","0","0"
"ASM-STA-CNT-TAB-42X42-FRAME","","skip","aluminum_frame","skip_existing_ops","0","0"
"ASM-STA-CNT-TAB-72X36-FRAME","","skip","aluminum_frame","skip_existing_ops","0","0"
"ASM-STA-DIN-TAB-36X36-FRAME","","skip","aluminum_frame","skip_existing_ops","0","0"
"ASM-STA-DIN-TAB-42X42-FRAME","","skip","aluminum_frame","skip_existing_ops","0","0"
"ASM-STA-DIN-TAB-72X36-FRAME","","skip","aluminum_frame","skip_existing_ops","0","0"
"ASM-TAY-BAR-W-ARM-COU-HEI-CUSH","","skip","cushion","skip_existing_ops","0","0"
"ASM-TAY-BAR-W-ARM-COU-HEI-FRAME","","skip","aluminum_frame","skip_existing_ops","0","0"
"ASM-TAY-BCH-24X23-CUSH","","skip","cushion","skip_existing_ops","0","0"
"ASM-TAY-BCH-24X23-FRAME","","skip","aluminum_frame","skip_existing_ops","0","0"
"ASM-TAY-BCH-42X23-CUSH","","skip","cushion","skip_existing_ops","0","0"
"ASM-TAY-BCH-42X23-FRAME","","skip","aluminum_frame","skip_existing_ops","0","0"
"ASM-TAY-BCH-72X23-CUSH","","skip","cushion","skip_existing_ops","0","0"
"ASM-TAY-BCH-72X23-FRAME","","skip","aluminum_frame","skip_existing_ops","0","0"
"ASM-TAY-BEN-BAR-HEI-72-CUSH","","skip","cushion","skip_existing_ops","0","0"
"ASM-TAY-BEN-BAR-HEI-72-FRAME","","skip","aluminum_frame","skip_existing_ops","0","0"
"ASM-TAY-BEN-DIN-HEI-42-CUSH","","skip","cushion","skip_existing_ops","0","0"
"ASM-TAY-BEN-DIN-HEI-42-FRAME","","skip","aluminum_frame","skip_existing_ops","0","0"
"ASM-TAY-BEN-DIN-HEI-72-CUSH","","skip","cushion","skip_existing_ops","0","0"
"ASM-TAY-BEN-DIN-HEI-72-FRAME","","skip","aluminum_frame","skip_existing_ops","0","0"
"ASM-TAY-BST-18X23-CUSH","","skip","cushion","skip_existing_ops","0","0"
"ASM-TAY-BST-18X23-FRAME","","skip","aluminum_frame","skip_existing_ops","0","0"
"ASM-TAY-BST-19X23-CUSH","","skip","cushion","skip_existing_ops","0","0"
"ASM-TAY-BST-19X23-FRAME","","skip","aluminum_frame","skip_existing_ops","0","0"
"ASM-TAY-BST-24X23-CUSH","","skip","cushion","skip_existing_ops","0","0"
"ASM-TAY-BST-24X23-FRAME","","skip","aluminum_frame","skip_existing_ops","0","0"
"ASM-TAY-DIN-CHA-19X23-CUSH","","skip","cushion","skip_existing_ops","0","0"
"ASM-TAY-DIN-CHA-19X23-FRAME","","skip","aluminum_frame","skip_existing_ops","0","0"
"ASM-TAY-DIN-CHA-24X23-CUSH","","skip","cushion","skip_existing_ops","0","0"
"ASM-TAY-DIN-CHA-24X23-FRAME","","skip","aluminum_frame","skip_existing_ops","0","0"
"ASM-TJM-CHA-CUSH","","skip","cushion","skip_existing_ops","0","0"
"ASM-TJM-CHA-FRAME","","skip","aluminum_frame","skip_existing_ops","0","0"
"ASM-TJM-TAB-FRAME","","skip","aluminum_frame","skip_existing_ops","0","0"
"ASM-TRI-SID-TAB-32X32-FRAME","","skip","aluminum_frame","skip_existing_ops","0","0"
"ASM-WFT-BAR-TAB-120X28-FRAME","","skip","aluminum_frame","skip_existing_ops","0","0"
"ASM-WFT-BAR-TAB-120X36-FRAME","","skip","aluminum_frame","skip_existing_ops","0","0"
"ASM-WFT-BAR-TAB-28X120-FRAME","","skip","aluminum_frame","skip_existing_ops","0","0"
"ASM-WFT-BAR-TAB-28X72-FRAME","","skip","aluminum_frame","skip_existing_ops","0","0"
"ASM-WFT-BAR-TAB-28X96-FRAME","","skip","aluminum_frame","skip_existing_ops","0","0"
"ASM-WFT-BAR-TAB-36X120-FRAME","","skip","aluminum_frame","skip_existing_ops","0","0"
"ASM-WFT-BAR-TAB-36X72-FRAME","","skip","aluminum_frame","skip_existing_ops","0","0"
"ASM-WFT-BAR-TAB-36X96-FRAME","","skip","aluminum_frame","skip_existing_ops","0","0"
"ASM-WFT-BAR-TAB-72X28-FRAME","","skip","aluminum_frame","skip_existing_ops","0","0"
"ASM-WFT-BAR-TAB-72X36-FRAME","","skip","aluminum_frame","skip_existing_ops","0","0"
"ASM-WFT-BAR-TAB-96X28-FRAME","","skip","aluminum_frame","skip_existing_ops","0","0"
"ASM-WFT-BAR-TAB-96X36-FRAME","","skip","aluminum_frame","skip_existing_ops","0","0"
"ASM-WFT-BCH-42X18-CUSH","","skip","cushion","skip_existing_ops","0","0"
"ASM-WFT-BCH-42X18-FRAME","","skip","aluminum_frame","skip_existing_ops","0","0"
"ASM-WFT-CNT-TAB-120X28-FRAME","","skip","aluminum_frame","skip_existing_ops","0","0"
"ASM-WFT-CNT-TAB-120X36-FRAME","","skip","aluminum_frame","skip_existing_ops","0","0"
"ASM-WFT-CNT-TAB-28X120-FRAME","","skip","aluminum_frame","skip_existing_ops","0","0"
"ASM-WFT-CNT-TAB-28X72-FRAME","","skip","aluminum_frame","skip_existing_ops","0","0"
"ASM-WFT-CNT-TAB-28X96-FRAME","","skip","aluminum_frame","skip_existing_ops","0","0"
"ASM-WFT-CNT-TAB-36X120-FRAME","","skip","aluminum_frame","skip_existing_ops","0","0"
"ASM-WFT-CNT-TAB-36X72-FRAME","","skip","aluminum_frame","skip_existing_ops","0","0"
"ASM-WFT-CNT-TAB-36X96-FRAME","","skip","aluminum_frame","skip_existing_ops","0","0"
"ASM-WFT-CNT-TAB-72X28-FRAME","","skip","aluminum_frame","skip_existing_ops","0","0"
"ASM-WFT-CNT-TAB-72X36-FRAME","","skip","aluminum_frame","skip_existing_ops","0","0"
"ASM-WFT-CNT-TAB-96X28-FRAME","","skip","aluminum_frame","skip_existing_ops","0","0"
"ASM-WFT-CNT-TAB-96X36-FRAME","","skip","aluminum_frame","skip_existing_ops","0","0"
"ASM-WFT-DIN-BCH-72X22-CUSH","","skip","cushion","skip_existing_ops","0","0"
"ASM-WFT-DIN-BCH-72X22-FRAME","","skip","aluminum_frame","skip_existing_ops","0","0"
"ASM-WFT-DIN-BCH-96X22-CUSH","","skip","cushion","skip_existing_ops","0","0"
"ASM-WFT-DIN-BCH-96X22-FRAME","","skip","aluminum_frame","skip_existing_ops","0","0"
"ASM-WFT-DIN-CHA-17X21-CUSH","","skip","cushion","skip_existing_ops","0","0"
"ASM-WFT-DIN-CHA-17X21-FRAME","","skip","aluminum_frame","skip_existing_ops","0","0"
"ASM-WFT-DIN-CHA-18X18-CUSH","","skip","cushion","skip_existing_ops","0","0"
"ASM-WFT-DIN-CHA-18X18-FRAME","","skip","aluminum_frame","skip_existing_ops","0","0"
"ASM-WFT-DIN-TAB-120X28-FRAME","","skip","aluminum_frame","skip_existing_ops","0","0"
"ASM-WFT-DIN-TAB-120X36-FRAME","","skip","aluminum_frame","skip_existing_ops","0","0"
"ASM-WFT-DIN-TAB-28X120-FRAME","","skip","aluminum_frame","skip_existing_ops","0","0"
"ASM-WFT-DIN-TAB-28X72-FRAME","","skip","aluminum_frame","skip_existing_ops","0","0"
"ASM-WFT-DIN-TAB-28X96-FRAME","","skip","aluminum_frame","skip_existing_ops","0","0"
"ASM-WFT-DIN-TAB-36X120-FRAME","","skip","aluminum_frame","skip_existing_ops","0","0"
"ASM-WFT-DIN-TAB-36X72-FRAME","","skip","aluminum_frame","skip_existing_ops","0","0"
"ASM-WFT-DIN-TAB-36X96-FRAME","","skip","aluminum_frame","skip_existing_ops","0","0"
"ASM-WFT-DIN-TAB-72X36-FRAME","","skip","aluminum_frame","skip_existing_ops","0","0"
"ASM-WFT-DIN-TAB-96X28-FRAME","","skip","aluminum_frame","skip_existing_ops","0","0"
"ASM-WFT-DIN-TAB-96X36-FRAME","","skip","aluminum_frame","skip_existing_ops","0","0"
"ASM-WFT-FIR-TAB-56X36-FRAME","","skip","aluminum_frame","skip_existing_ops","0","0"
"ASM-WFT-FIR-TAB-72X36-FRAME","","skip","aluminum_frame","skip_existing_ops","0","0"
"ASM-WFT-FLY-BST-17X21-CUSH","","skip","cushion","skip_existing_ops","0","0"
"ASM-WFT-FLY-BST-17X21-FRAME","","skip","aluminum_frame","skip_existing_ops","0","0"
"ASM-WFT-FLY-BST-18X18-CUSH","","skip","cushion","skip_existing_ops","0","0"
"ASM-WFT-FLY-BST-18X18-FRAME","","skip","aluminum_frame","skip_existing_ops","0","0"
"ASM-WFT-SID-TAB-13X40-FRAME","","skip","aluminum_frame","skip_existing_ops","0","0"
"ASM-WFT-SID-TAB-40X13-FRAME","","skip","aluminum_frame","skip_existing_ops","0","0"
"FIN-BRK-BAR-TAB-120X28","","skip","final_assembly","skip_existing_ops","0","0"
"FIN-BRK-BAR-TAB-120X36","","skip","final_assembly","skip_existing_ops","0","0"
"FIN-BRK-BAR-TAB-28X120","","skip","final_assembly","skip_existing_ops","0","0"
"FIN-BRK-BAR-TAB-28X72","","skip","final_assembly","skip_existing_ops","0","0"
"FIN-BRK-BAR-TAB-28X96","","skip","final_assembly","skip_existing_ops","0","0"
"FIN-BRK-BAR-TAB-36X120","","skip","final_assembly","skip_existing_ops","0","0"
"FIN-BRK-BAR-TAB-36X36","","skip","final_assembly","skip_existing_ops","0","0"
"FIN-BRK-BAR-TAB-36X72","","skip","final_assembly","skip_existing_ops","0","0"
"FIN-BRK-BAR-TAB-36X72-STARLEG","","skip","final_assembly","skip_existing_ops","0","0"
"FIN-BRK-BAR-TAB-36X96","","skip","final_assembly","skip_existing_ops","0","0"
"FIN-BRK-BAR-TAB-42X42","","skip","final_assembly","skip_existing_ops","0","0"
"FIN-BRK-BAR-TAB-72X28","","skip","final_assembly","skip_existing_ops","0","0"
"FIN-BRK-BAR-TAB-72X36","","skip","final_assembly","skip_existing_ops","0","0"
"FIN-BRK-BAR-TAB-96X36","","skip","final_assembly","skip_existing_ops","0","0"
"FIN-BRK-BAR-TAB-98X28","","skip","final_assembly","skip_existing_ops","0","0"
"FIN-BRK-CHS-72X34-LS","","skip","final_assembly","skip_existing_ops","0","0"
"FIN-BRK-CHS-72X34-LS-BE","","skip","final_assembly","skip_existing_ops","0","0"
"FIN-BRK-CHS-72X34-LS-BO","","skip","final_assembly","skip_existing_ops","0","0"
"FIN-BRK-CHS-72X34-LS-BR","","skip","final_assembly","skip_existing_ops","0","0"
"FIN-BRK-CHS-72X34-LS-GR","","skip","final_assembly","skip_existing_ops","0","0"
"FIN-BRK-CHS-72X34-LS-WH","","skip","final_assembly","skip_existing_ops","0","0"
"FIN-BRK-CHS-72X34-RS","","skip","final_assembly","skip_existing_ops","0","0"
"FIN-BRK-CHS-72X34-RS-BE","","skip","final_assembly","skip_existing_ops","0","0"
"FIN-BRK-CHS-72X34-RS-BO","","skip","final_assembly","skip_existing_ops","0","0"
"FIN-BRK-CHS-72X34-RS-BR","","skip","final_assembly","skip_existing_ops","0","0"
"FIN-BRK-CHS-72X34-RS-GR","","skip","final_assembly","skip_existing_ops","0","0"
"FIN-BRK-CHS-72X34-RS-WH","","skip","final_assembly","skip_existing_ops","0","0"
"FIN-BRK-CHS-72X42-LS","","skip","final_assembly","skip_existing_ops","0","0"
"FIN-BRK-CHS-72X42-LS-BE","","skip","final_assembly","skip_existing_ops","0","0"
"FIN-BRK-CHS-72X42-LS-BO","","skip","final_assembly","skip_existing_ops","0","0"
"FIN-BRK-CHS-72X42-LS-BR","","skip","final_assembly","skip_existing_ops","0","0"
"FIN-BRK-CHS-72X42-LS-GR","","skip","final_assembly","skip_existing_ops","0","0"
"FIN-BRK-CHS-72X42-LS-WH","","skip","final_assembly","skip_existing_ops","0","0"
"FIN-BRK-CHS-72X42-RS","","skip","final_assembly","skip_existing_ops","0","0"
"FIN-BRK-CHS-72X42-RS-BE","","skip","final_assembly","skip_existing_ops","0","0"
"FIN-BRK-CHS-72X42-RS-BO","","skip","final_assembly","skip_existing_ops","0","0"
"FIN-BRK-CHS-72X42-RS-BR","","skip","final_assembly","skip_existing_ops","0","0"
"FIN-BRK-CHS-72X42-RS-GR","","skip","final_assembly","skip_existing_ops","0","0"
"FIN-BRK-CHS-72X42-RS-WH","","skip","final_assembly","skip_existing_ops","0","0"
"FIN-BRK-CHS-84X34-LS","","skip","final_assembly","skip_existing_ops","0","0"
"FIN-BRK-CHS-84X34-LS-BE","","skip","final_assembly","skip_existing_ops","0","0"
"FIN-BRK-CHS-84X34-LS-BO","","skip","final_assembly","skip_existing_ops","0","0"
"FIN-BRK-CHS-84X34-LS-BR","","skip","final_assembly","skip_existing_ops","0","0"
"FIN-BRK-CHS-84X34-LS-GR","","skip","final_assembly","skip_existing_ops","0","0"
"FIN-BRK-CHS-84X34-LS-WH","","skip","final_assembly","skip_existing_ops","0","0"
"FIN-BRK-CHS-84X34-RS","","skip","final_assembly","skip_existing_ops","0","0"
"FIN-BRK-CHS-84X34-RS-BE","","skip","final_assembly","skip_existing_ops","0","0"
"FIN-BRK-CHS-84X34-RS-BO","","skip","final_assembly","skip_existing_ops","0","0"
"FIN-BRK-CHS-84X34-RS-BR","","skip","final_assembly","skip_existing_ops","0","0"
"FIN-BRK-CHS-84X34-RS-GR","","skip","final_assembly","skip_existing_ops","0","0"
"FIN-BRK-CHS-84X34-RS-WH","","skip","final_assembly","skip_existing_ops","0","0"
"FIN-BRK-CHS-84X42-LS","","skip","final_assembly","skip_existing_ops","0","0"
"FIN-BRK-CHS-84X42-LS-BE","","skip","final_assembly","skip_existing_ops","0","0"
"FIN-BRK-CHS-84X42-LS-BO","","skip","final_assembly","skip_existing_ops","0","0"
"FIN-BRK-CHS-84X42-LS-BR","","skip","final_assembly","skip_existing_ops","0","0"
"FIN-BRK-CHS-84X42-LS-GR","","skip","final_assembly","skip_existing_ops","0","0"
"FIN-BRK-CHS-84X42-LS-WH","","skip","final_assembly","skip_existing_ops","0","0"
"FIN-BRK-CHS-84X42-RS","","skip","final_assembly","skip_existing_ops","0","0"
"FIN-BRK-CHS-84X42-RS-BE","","skip","final_assembly","skip_existing_ops","0","0"
"FIN-BRK-CHS-84X42-RS-BO","","skip","final_assembly","skip_existing_ops","0","0"
"FIN-BRK-CHS-84X42-RS-BR","","skip","final_assembly","skip_existing_ops","0","0"
"FIN-BRK-CHS-84X42-RS-GR","","skip","final_assembly","skip_existing_ops","0","0"
"FIN-BRK-CHS-84X42-RS-WH","","skip","final_assembly","skip_existing_ops","0","0"
"FIN-BRK-CNT-TAB-120X28","","skip","final_assembly","skip_existing_ops","0","0"
"FIN-BRK-CNT-TAB-120X36","","skip","final_assembly","skip_existing_ops","0","0"
"FIN-BRK-CNT-TAB-28X120","","skip","final_assembly","skip_existing_ops","0","0"
"FIN-BRK-CNT-TAB-28X72","","skip","final_assembly","skip_existing_ops","0","0"
"FIN-BRK-CNT-TAB-28X72-TABLECOUNTER","","skip","final_assembly","skip_existing_ops","0","0"
"FIN-BRK-CNT-TAB-28X96","","skip","final_assembly","skip_existing_ops","0","0"
"FIN-BRK-CNT-TAB-36X120","","skip","final_assembly","skip_existing_ops","0","0"
"FIN-BRK-CNT-TAB-36X36","","skip","final_assembly","skip_existing_ops","0","0"
"FIN-BRK-CNT-TAB-36X72","","skip","final_assembly","skip_existing_ops","0","0"
"FIN-BRK-CNT-TAB-36X72-STARLEG","","skip","final_assembly","skip_existing_ops","0","0"
"FIN-BRK-CNT-TAB-36X96","","skip","final_assembly","skip_existing_ops","0","0"
"FIN-BRK-CNT-TAB-42X42","","skip","final_assembly","skip_existing_ops","0","0"
"FIN-BRK-CNT-TAB-72X18","","skip","final_assembly","skip_existing_ops","0","0"
"FIN-BRK-CNT-TAB-72X28","","skip","final_assembly","skip_existing_ops","0","0"
"FIN-BRK-CNT-TAB-72X36","","skip","final_assembly","skip_existing_ops","0","0"
"FIN-BRK-CNT-TAB-96X28","","skip","final_assembly","skip_existing_ops","0","0"
"FIN-BRK-CNT-TAB-96X36","","skip","final_assembly","skip_existing_ops","0","0"
"FIN-BRK-COR-CHS-84X42","","skip","final_assembly","skip_existing_ops","0","0"
"FIN-BRK-COR-SOF-72X34","","skip","final_assembly","skip_existing_ops","0","0"
"FIN-BRK-COR-SOF-72X34-LS","","skip","final_assembly","skip_existing_ops","0","0"
"FIN-BRK-COR-SOF-72X34-LS-BE","","skip","final_assembly","skip_existing_ops","0","0"
"FIN-BRK-COR-SOF-72X34-LS-BO","","skip","final_assembly","skip_existing_ops","0","0"
"FIN-BRK-COR-SOF-72X34-LS-BR","","skip","final_assembly","skip_existing_ops","0","0"
"FIN-BRK-COR-SOF-72X34-LS-GR","","skip","final_assembly","skip_existing_ops","0","0"
"FIN-BRK-COR-SOF-72X34-LS-WH","","skip","final_assembly","skip_existing_ops","0","0"
"FIN-BRK-COR-SOF-72X34-RS","","skip","final_assembly","skip_existing_ops","0","0"
"FIN-BRK-COR-SOF-72X34-RS-BE","","skip","final_assembly","skip_existing_ops","0","0"
"FIN-BRK-COR-SOF-72X34-RS-BO","","skip","final_assembly","skip_existing_ops","0","0"
"FIN-BRK-COR-SOF-72X34-RS-BR","","skip","final_assembly","skip_existing_ops","0","0"
"FIN-BRK-COR-SOF-72X34-RS-GR","","skip","final_assembly","skip_existing_ops","0","0"
"FIN-BRK-COR-SOF-72X34-RS-WH","","skip","final_assembly","skip_existing_ops","0","0"
"FIN-BRK-COR-SOF-84X34","","skip","final_assembly","skip_existing_ops","0","0"
"FIN-BRK-COR-SOF-84X34-LS","","skip","final_assembly","skip_existing_ops","0","0"
"FIN-BRK-COR-SOF-84X34-LS-BE","","skip","final_assembly","skip_existing_ops","0","0"
"FIN-BRK-COR-SOF-84X34-LS-BO","","skip","final_assembly","skip_existing_ops","0","0"
"FIN-BRK-COR-SOF-84X34-LS-BR","","skip","final_assembly","skip_existing_ops","0","0"
"FIN-BRK-COR-SOF-84X34-LS-GR","","skip","final_assembly","skip_existing_ops","0","0"
"FIN-BRK-COR-SOF-84X34-LS-WH","","skip","final_assembly","skip_existing_ops","0","0"
"FIN-BRK-COR-SOF-84X34-RS","","skip","final_assembly","skip_existing_ops","0","0"
"FIN-BRK-COR-SOF-84X34-RS-BE","","skip","final_assembly","skip_existing_ops","0","0"
"FIN-BRK-COR-SOF-84X34-RS-BO","","skip","final_assembly","skip_existing_ops","0","0"
"FIN-BRK-COR-SOF-84X34-RS-BR","","skip","final_assembly","skip_existing_ops","0","0"
"FIN-BRK-COR-SOF-84X34-RS-GR","","skip","final_assembly","skip_existing_ops","0","0"
"FIN-BRK-COR-SOF-84X34-RS-WH","","skip","final_assembly","skip_existing_ops","0","0"
"FIN-BRK-COR-SOF-96X34","","skip","final_assembly","skip_existing_ops","0","0"
"FIN-BRK-COR-SOF-96X34-LS","","skip","final_assembly","skip_existing_ops","0","0"
"FIN-BRK-COR-SOF-96X34-LS-BE","","skip","final_assembly","skip_existing_ops","0","0"
"FIN-BRK-COR-SOF-96X34-LS-BO","","skip","final_assembly","skip_existing_ops","0","0"
"FIN-BRK-COR-SOF-96X34-LS-BR","","skip","final_assembly","skip_existing_ops","0","0"
"FIN-BRK-COR-SOF-96X34-LS-GR","","skip","final_assembly","skip_existing_ops","0","0"
"FIN-BRK-COR-SOF-96X34-LS-WH","","skip","final_assembly","skip_existing_ops","0","0"
"FIN-BRK-COR-SOF-96X34-RS","","skip","final_assembly","skip_existing_ops","0","0"
"FIN-BRK-COR-SOF-96X34-RS-BE","","skip","final_assembly","skip_existing_ops","0","0"
"FIN-BRK-COR-SOF-96X34-RS-BO","","skip","final_assembly","skip_existing_ops","0","0"
"FIN-BRK-COR-SOF-96X34-RS-BR","","skip","final_assembly","skip_existing_ops","0","0"
"FIN-BRK-COR-SOF-96X34-RS-GR","","skip","final_assembly","skip_existing_ops","0","0"
"FIN-BRK-COR-SOF-96X34-RS-WH","","skip","final_assembly","skip_existing_ops","0","0"
"FIN-BRK-DIN-TAB-120X28","","skip","final_assembly","skip_existing_ops","0","0"
"FIN-BRK-DIN-TAB-120X36","","skip","final_assembly","skip_existing_ops","0","0"
"FIN-BRK-DIN-TAB-28X120","","skip","final_assembly","skip_existing_ops","0","0"
"FIN-BRK-DIN-TAB-28X72","","skip","final_assembly","skip_existing_ops","0","0"
"FIN-BRK-DIN-TAB-28X96","","skip","final_assembly","skip_existing_ops","0","0"
"FIN-BRK-DIN-TAB-36X120","","skip","final_assembly","skip_existing_ops","0","0"
"FIN-BRK-DIN-TAB-36X36","","skip","final_assembly","skip_existing_ops","0","0"
"FIN-BRK-DIN-TAB-36X72","","skip","final_assembly","skip_existing_ops","0","0"
"FIN-BRK-DIN-TAB-36X72-STARLEG","","skip","final_assembly","skip_existing_ops","0","0"
"FIN-BRK-DIN-TAB-36X96","","skip","final_assembly","skip_existing_ops","0","0"
"FIN-BRK-DIN-TAB-42X42","","skip","final_assembly","skip_existing_ops","0","0"
"FIN-BRK-DIN-TAB-72X28","","skip","final_assembly","skip_existing_ops","0","0"
"FIN-BRK-DIN-TAB-72X36","","skip","final_assembly","skip_existing_ops","0","0"
"FIN-BRK-DIN-TAB-96X28","","skip","final_assembly","skip_existing_ops","0","0"
"FIN-BRK-DIN-TAB-96X36","","skip","final_assembly","skip_existing_ops","0","0"
"FIN-BRK-DOU-CHS-58X79","","skip","final_assembly","skip_existing_ops","0","0"
"FIN-BRK-DOU-CHS-58X79-BE","","skip","final_assembly","skip_existing_ops","0","0"
"FIN-BRK-DOU-CHS-58X79-BO","","skip","final_assembly","skip_existing_ops","0","0"
"FIN-BRK-DOU-CHS-58X79-BR","","skip","final_assembly","skip_existing_ops","0","0"
"FIN-BRK-DOU-CHS-58X79-GR","","skip","final_assembly","skip_existing_ops","0","0"
"FIN-BRK-DOU-CHS-58X79-WH","","skip","final_assembly","skip_existing_ops","0","0"
"FIN-BRK-LOV-SOF","","skip","final_assembly","skip_existing_ops","0","0"
"FIN-BRK-LOV-SOF-BE","","skip","final_assembly","skip_existing_ops","0","0"
"FIN-BRK-LOV-SOF-BO","","skip","final_assembly","skip_existing_ops","0","0"
"FIN-BRK-LOV-SOF-BR","","skip","final_assembly","skip_existing_ops","0","0"
"FIN-BRK-LOV-SOF-GR","","skip","final_assembly","skip_existing_ops","0","0"
"FIN-BRK-LOV-SOF-WH","","skip","final_assembly","skip_existing_ops","0","0"
"FIN-BRK-OTT-22X42","","skip","final_assembly","skip_existing_ops","0","0"
"FIN-BRK-OTT-22X60","","skip","final_assembly","skip_existing_ops","0","0"
"FIN-BRK-OTT-22X72","","skip","final_assembly","skip_existing_ops","0","0"
"FIN-BRK-OTT-34X34","","skip","final_assembly","skip_existing_ops","0","0"
"FIN-BRK-OTT-34X42","","skip","final_assembly","skip_existing_ops","0","0"
"FIN-BRK-OTT-34X60","","skip","final_assembly","skip_existing_ops","0","0"
"FIN-BRK-OTT-34X72","","skip","final_assembly","skip_existing_ops","0","0"
"FIN-BRK-OTT-42X22","","skip","final_assembly","skip_existing_ops","0","0"
"FIN-BRK-OTT-42X34","","skip","final_assembly","skip_existing_ops","0","0"
"FIN-BRK-OTT-56X42","","skip","final_assembly","skip_existing_ops","0","0"
"FIN-BRK-OTT-60X22","","skip","final_assembly","skip_existing_ops","0","0"
"FIN-BRK-OTT-60X34","","skip","final_assembly","skip_existing_ops","0","0"
"FIN-BRK-OTT-72X22","","skip","final_assembly","skip_existing_ops","0","0"
"FIN-BRK-OTT-72X34","","skip","final_assembly","skip_existing_ops","0","0"
"FIN-BRK-SGL-CHS-38X79","","skip","final_assembly","skip_existing_ops","0","0"
"FIN-BRK-SGL-CHS-38X79-BE","","skip","final_assembly","skip_existing_ops","0","0"
"FIN-BRK-SGL-CHS-38X79-BO","","skip","final_assembly","skip_existing_ops","0","0"
"FIN-BRK-SGL-CHS-38X79-BR","","skip","final_assembly","skip_existing_ops","0","0"
"FIN-BRK-SGL-CHS-38X79-GR","","skip","final_assembly","skip_existing_ops","0","0"
"FIN-BRK-SGL-CHS-38X79-WH","","skip","final_assembly","skip_existing_ops","0","0"
"FIN-BRK-SOF-60X34","","skip","final_assembly","skip_existing_ops","0","0"
"FIN-BRK-SOF-72X34","","skip","final_assembly","skip_existing_ops","0","0"
"FIN-BRK-SOF-72X34-BE","","skip","final_assembly","skip_existing_ops","0","0"
"FIN-BRK-SOF-72X34-BO","","skip","final_assembly","skip_existing_ops","0","0"
"FIN-BRK-SOF-72X34-BR","","skip","final_assembly","skip_existing_ops","0","0"
"FIN-BRK-SOF-72X34-GR","","skip","final_assembly","skip_existing_ops","0","0"
"FIN-BRK-SOF-72X34-WH","","skip","final_assembly","skip_existing_ops","0","0"
"FIN-BRK-SOF-84X34","","skip","final_assembly","skip_existing_ops","0","0"
"FIN-BRK-SOF-84X34-BE","","skip","final_assembly","skip_existing_ops","0","0"
"FIN-BRK-SOF-84X34-BO","","skip","final_assembly","skip_existing_ops","0","0"
"FIN-BRK-SOF-84X34-BR","","skip","final_assembly","skip_existing_ops","0","0"
"FIN-BRK-SOF-84X34-GR","","skip","final_assembly","skip_existing_ops","0","0"
"FIN-BRK-SOF-84X34-WH","","skip","final_assembly","skip_existing_ops","0","0"
"FIN-BRK-SOF-96X34","","skip","final_assembly","skip_existing_ops","0","0"
"FIN-BRK-SOF-96X34-BE","","skip","final_assembly","skip_existing_ops","0","0"
"FIN-BRK-SOF-96X34-BO","","skip","final_assembly","skip_existing_ops","0","0"
"FIN-BRK-SOF-96X34-BR","","skip","final_assembly","skip_existing_ops","0","0"
"FIN-BRK-SOF-96X34-GR","","skip","final_assembly","skip_existing_ops","0","0"
"FIN-BRK-SOF-96X34-WH","","skip","final_assembly","skip_existing_ops","0","0"
"FIN-BRK-TRA-DOU-CHS-48X72","","skip","final_assembly","skip_existing_ops","0","0"
"FIN-BRK-TRA-DOU-CHS-48X72-BE","","skip","final_assembly","skip_existing_ops","0","0"
"FIN-BRK-TRA-DOU-CHS-48X72-BO","","skip","final_assembly","skip_existing_ops","0","0"
"FIN-BRK-TRA-DOU-CHS-48X72-BR","","skip","final_assembly","skip_existing_ops","0","0"
"FIN-BRK-TRA-DOU-CHS-48X72-GR","","skip","final_assembly","skip_existing_ops","0","0"
"FIN-BRK-TRA-DOU-CHS-48X72-WH","","skip","final_assembly","skip_existing_ops","0","0"
"FIN-BRK-TRA-SGL-CHS-36X72","","skip","final_assembly","skip_existing_ops","0","0"
"FIN-BRK-TRA-SGL-CHS-36X72-BE","","skip","final_assembly","skip_existing_ops","0","0"
"FIN-BRK-TRA-SGL-CHS-36X72-BO","","skip","final_assembly","skip_existing_ops","0","0"
"FIN-BRK-TRA-SGL-CHS-36X72-BR","","skip","final_assembly","skip_existing_ops","0","0"
"FIN-BRK-TRA-SGL-CHS-36X72-GR","","skip","final_assembly","skip_existing_ops","0","0"
"FIN-BRK-TRA-SGL-CHS-36X72-WH","","skip","final_assembly","skip_existing_ops","0","0"
"FIN-BRV-ARM-LOV-60","","skip","final_assembly","skip_existing_ops","0","0"
"FIN-BRV-ARM-LOV-60-BE","","skip","final_assembly","skip_existing_ops","0","0"
"FIN-BRV-ARM-LOV-60-BO","","skip","final_assembly","skip_existing_ops","0","0"
"FIN-BRV-ARM-LOV-60-BR","","skip","final_assembly","skip_existing_ops","0","0"
"FIN-BRV-ARM-LOV-60-GR","","skip","final_assembly","skip_existing_ops","0","0"
"FIN-BRV-ARM-LOV-60-WH","","skip","final_assembly","skip_existing_ops","0","0"
"FIN-BRV-ARM-SOF-34X34","","skip","final_assembly","skip_existing_ops","0","0"
"FIN-BRV-ARM-SOF-72","","skip","final_assembly","skip_existing_ops","0","0"
"FIN-BRV-ARM-SOF-72-BE","","skip","final_assembly","skip_existing_ops","0","0"
"FIN-BRV-ARM-SOF-72-BO","","skip","final_assembly","skip_existing_ops","0","0"
"FIN-BRV-ARM-SOF-72-BR","","skip","final_assembly","skip_existing_ops","0","0"
"FIN-BRV-ARM-SOF-72-GR","","skip","final_assembly","skip_existing_ops","0","0"
"FIN-BRV-ARM-SOF-72-WH","","skip","final_assembly","skip_existing_ops","0","0"
"FIN-BRV-ARM-SOF-72X34","","skip","final_assembly","skip_existing_ops","0","0"
"FIN-BRV-ARM-SOF-72X34-ARMLESSSOFA","","skip","final_assembly","skip_existing_ops","0","0"
"FIN-BRV-ARM-SOF-84","","skip","final_assembly","skip_existing_ops","0","0"
"FIN-BRV-ARM-SOF-84-BE","","skip","final_assembly","skip_existing_ops","0","0"
"FIN-BRV-ARM-SOF-84-BO","","skip","final_assembly","skip_existing_ops","0","0"
"FIN-BRV-ARM-SOF-84-BR","","skip","final_assembly","skip_existing_ops","0","0"
"FIN-BRV-ARM-SOF-84-GR","","skip","final_assembly","skip_existing_ops","0","0"
"FIN-BRV-ARM-SOF-84-WH","","skip","final_assembly","skip_existing_ops","0","0"
"FIN-BRV-ARM-SOF-84X34","","skip","final_assembly","skip_existing_ops","0","0"
"FIN-BRV-ARM-SOF-96","","skip","final_assembly","skip_existing_ops","0","0"
"FIN-BRV-ARM-SOF-96-BE","","skip","final_assembly","skip_existing_ops","0","0"
"FIN-BRV-ARM-SOF-96-BO","","skip","final_assembly","skip_existing_ops","0","0"
"FIN-BRV-ARM-SOF-96-BR","","skip","final_assembly","skip_existing_ops","0","0"
"FIN-BRV-ARM-SOF-96-GR","","skip","final_assembly","skip_existing_ops","0","0"
"FIN-BRV-ARM-SOF-96-WH","","skip","final_assembly","skip_existing_ops","0","0"
"FIN-BRV-ARM-SOF-96X34","","skip","final_assembly","skip_existing_ops","0","0"
"FIN-BRV-BCH-96X34","","skip","final_assembly","skip_existing_ops","0","0"
"FIN-BRV-BCH-96X34-ROUNDEDBACKED","","skip","final_assembly","skip_existing_ops","0","0"
"FIN-BRV-CHS-34X72-LS","","skip","final_assembly","skip_existing_ops","0","0"
"FIN-BRV-CHS-34X72-LS-BE","","skip","final_assembly","skip_existing_ops","0","0"
"FIN-BRV-CHS-34X72-LS-BO","","skip","final_assembly","skip_existing_ops","0","0"
"FIN-BRV-CHS-34X72-LS-BR","","skip","final_assembly","skip_existing_ops","0","0"
"FIN-BRV-CHS-34X72-LS-GR","","skip","final_assembly","skip_existing_ops","0","0"
"FIN-BRV-CHS-34X72-LS-WH","","skip","final_assembly","skip_existing_ops","0","0"
"FIN-BRV-CHS-34X72-RS","","skip","final_assembly","skip_existing_ops","0","0"
"FIN-BRV-CHS-34X72-RS-BE","","skip","final_assembly","skip_existing_ops","0","0"
"FIN-BRV-CHS-34X72-RS-BO","","skip","final_assembly","skip_existing_ops","0","0"
"FIN-BRV-CHS-34X72-RS-BR","","skip","final_assembly","skip_existing_ops","0","0"
"FIN-BRV-CHS-34X72-RS-GR","","skip","final_assembly","skip_existing_ops","0","0"
"FIN-BRV-CHS-34X72-RS-WH","","skip","final_assembly","skip_existing_ops","0","0"
"FIN-BRV-CHS-34X84-LS","","skip","final_assembly","skip_existing_ops","0","0"
"FIN-BRV-CHS-34X84-LS-BE","","skip","final_assembly","skip_existing_ops","0","0"
"FIN-BRV-CHS-34X84-LS-BO","","skip","final_assembly","skip_existing_ops","0","0"
"FIN-BRV-CHS-34X84-LS-BR","","skip","final_assembly","skip_existing_ops","0","0"
"FIN-BRV-CHS-34X84-LS-GR","","skip","final_assembly","skip_existing_ops","0","0"
"FIN-BRV-CHS-34X84-LS-WH","","skip","final_assembly","skip_existing_ops","0","0"
"FIN-BRV-CHS-34X84-RS","","skip","final_assembly","skip_existing_ops","0","0"
"FIN-BRV-CHS-34X84-RS-BE","","skip","final_assembly","skip_existing_ops","0","0"
"FIN-BRV-CHS-34X84-RS-BO","","skip","final_assembly","skip_existing_ops","0","0"
"FIN-BRV-CHS-34X84-RS-BR","","skip","final_assembly","skip_existing_ops","0","0"
"FIN-BRV-CHS-34X84-RS-GR","","skip","final_assembly","skip_existing_ops","0","0"
"FIN-BRV-CHS-34X84-RS-WH","","skip","final_assembly","skip_existing_ops","0","0"
"FIN-BRV-CHS-42X72-LS","","skip","final_assembly","skip_existing_ops","0","0"
"FIN-BRV-CHS-42X72-LS-BE","","skip","final_assembly","skip_existing_ops","0","0"
"FIN-BRV-CHS-42X72-LS-BO","","skip","final_assembly","skip_existing_ops","0","0"
"FIN-BRV-CHS-42X72-LS-BR","","skip","final_assembly","skip_existing_ops","0","0"
"FIN-BRV-CHS-42X72-LS-GR","","skip","final_assembly","skip_existing_ops","0","0"
"FIN-BRV-CHS-42X72-LS-WH","","skip","final_assembly","skip_existing_ops","0","0"
"FIN-BRV-CHS-42X72-RS","","skip","final_assembly","skip_existing_ops","0","0"
"FIN-BRV-CHS-42X72-RS-BE","","skip","final_assembly","skip_existing_ops","0","0"
"FIN-BRV-CHS-42X72-RS-BO","","skip","final_assembly","skip_existing_ops","0","0"
"FIN-BRV-CHS-42X72-RS-BR","","skip","final_assembly","skip_existing_ops","0","0"
"FIN-BRV-CHS-42X72-RS-GR","","skip","final_assembly","skip_existing_ops","0","0"
"FIN-BRV-CHS-42X72-RS-WH","","skip","final_assembly","skip_existing_ops","0","0"
"FIN-BRV-CHS-42X84-LS","","skip","final_assembly","skip_existing_ops","0","0"
"FIN-BRV-CHS-42X84-LS-BE","","skip","final_assembly","skip_existing_ops","0","0"
"FIN-BRV-CHS-42X84-LS-BO","","skip","final_assembly","skip_existing_ops","0","0"
"FIN-BRV-CHS-42X84-LS-BR","","skip","final_assembly","skip_existing_ops","0","0"
"FIN-BRV-CHS-42X84-LS-GR","","skip","final_assembly","skip_existing_ops","0","0"
"FIN-BRV-CHS-42X84-LS-WH","","skip","final_assembly","skip_existing_ops","0","0"
"FIN-BRV-CHS-42X84-RS","","skip","final_assembly","skip_existing_ops","0","0"
"FIN-BRV-CHS-42X84-RS-BE","","skip","final_assembly","skip_existing_ops","0","0"
"FIN-BRV-CHS-42X84-RS-BO","","skip","final_assembly","skip_existing_ops","0","0"
"FIN-BRV-CHS-42X84-RS-BR","","skip","final_assembly","skip_existing_ops","0","0"
"FIN-BRV-CHS-42X84-RS-GR","","skip","final_assembly","skip_existing_ops","0","0"
"FIN-BRV-CHS-42X84-RS-WH","","skip","final_assembly","skip_existing_ops","0","0"
"FIN-BRV-CLB-CHA","","skip","final_assembly","skip_existing_ops","0","0"
"FIN-BRV-CLB-CHA-34X34","","skip","final_assembly","skip_existing_ops","0","0"
"FIN-BRV-CLB-CHA-BE","","skip","final_assembly","skip_existing_ops","0","0"
"FIN-BRV-CLB-CHA-BO","","skip","final_assembly","skip_existing_ops","0","0"
"FIN-BRV-CLB-CHA-BR","","skip","final_assembly","skip_existing_ops","0","0"
"FIN-BRV-CLB-CHA-GR","","skip","final_assembly","skip_existing_ops","0","0"
"FIN-BRV-CLB-CHA-WH","","skip","final_assembly","skip_existing_ops","0","0"
"FIN-BRV-COF-TAB","","skip","final_assembly","skip_existing_ops","0","0"
"FIN-BRV-COF-TAB-28X42","","skip","final_assembly","skip_existing_ops","0","0"
"FIN-BRV-COF-TAB-36X36","","skip","final_assembly","skip_existing_ops","0","0"
"FIN-BRV-COF-TAB-36X36-BE","","skip","final_assembly","skip_existing_ops","0","0"
"FIN-BRV-COF-TAB-36X36-BO","","skip","final_assembly","skip_existing_ops","0","0"
"FIN-BRV-COF-TAB-36X36-BR","","skip","final_assembly","skip_existing_ops","0","0"
"FIN-BRV-COF-TAB-36X36-GR","","skip","final_assembly","skip_existing_ops","0","0"
"FIN-BRV-COF-TAB-36X36-WT","","skip","final_assembly","skip_existing_ops","0","0"
"FIN-BRV-COF-TAB-36X56","","skip","final_assembly","skip_existing_ops","0","0"
"FIN-BRV-COF-TAB-42X28","","skip","final_assembly","skip_existing_ops","0","0"
"FIN-BRV-COF-TAB-42X28-BE","","skip","final_assembly","skip_existing_ops","0","0"
"FIN-BRV-COF-TAB-42X28-BO","","skip","final_assembly","skip_existing_ops","0","0"
"FIN-BRV-COF-TAB-42X28-BR","","skip","final_assembly","skip_existing_ops","0","0"
"FIN-BRV-COF-TAB-42X28-GR","","skip","final_assembly","skip_existing_ops","0","0"
"FIN-BRV-COF-TAB-42X28-WH","","skip","final_assembly","skip_existing_ops","0","0"
"FIN-BRV-COF-TAB-42X42","","skip","final_assembly","skip_existing_ops","0","0"
"FIN-BRV-COF-TAB-42X42-BE","","skip","final_assembly","skip_existing_ops","0","0"
"FIN-BRV-COF-TAB-42X42-BO","","skip","final_assembly","skip_existing_ops","0","0"
"FIN-BRV-COF-TAB-42X42-BR","","skip","final_assembly","skip_existing_ops","0","0"
"FIN-BRV-COF-TAB-42X42-GR","","skip","final_assembly","skip_existing_ops","0","0"
"FIN-BRV-COF-TAB-42X42-WH","","skip","final_assembly","skip_existing_ops","0","0"
"FIN-BRV-COF-TAB-42X56","","skip","final_assembly","skip_existing_ops","0","0"
"FIN-BRV-COF-TAB-42X72","","skip","final_assembly","skip_existing_ops","0","0"
"FIN-BRV-COF-TAB-56X28","","skip","final_assembly","skip_existing_ops","0","0"
"FIN-BRV-COF-TAB-56X28-BE","","skip","final_assembly","skip_existing_ops","0","0"
"FIN-BRV-COF-TAB-56X28-BO","","skip","final_assembly","skip_existing_ops","0","0"
"FIN-BRV-COF-TAB-56X28-BR","","skip","final_assembly","skip_existing_ops","0","0"
"FIN-BRV-COF-TAB-56X28-GR","","skip","final_assembly","skip_existing_ops","0","0"
"FIN-BRV-COF-TAB-56X28-WH","","skip","final_assembly","skip_existing_ops","0","0"
"FIN-BRV-COF-TAB-56X36","","skip","final_assembly","skip_existing_ops","0","0"
"FIN-BRV-COF-TAB-56X36-BE","","skip","final_assembly","skip_existing_ops","0","0"
"FIN-BRV-COF-TAB-56X36-BO","","skip","final_assembly","skip_existing_ops","0","0"
"FIN-BRV-COF-TAB-56X36-BR","","skip","final_assembly","skip_existing_ops","0","0"
"FIN-BRV-COF-TAB-56X36-GR","","skip","final_assembly","skip_existing_ops","0","0"
"FIN-BRV-COF-TAB-56X36-WH","","skip","final_assembly","skip_existing_ops","0","0"
"FIN-BRV-COF-TAB-56X42","","skip","final_assembly","skip_existing_ops","0","0"
"FIN-BRV-COF-TAB-56X42-BE","","skip","final_assembly","skip_existing_ops","0","0"
"FIN-BRV-COF-TAB-56X42-BO","","skip","final_assembly","skip_existing_ops","0","0"
"FIN-BRV-COF-TAB-56X42-BR","","skip","final_assembly","skip_existing_ops","0","0"
"FIN-BRV-COF-TAB-56X42-GR","","skip","final_assembly","skip_existing_ops","0","0"
"FIN-BRV-COF-TAB-56X42-WH","","skip","final_assembly","skip_existing_ops","0","0"
"FIN-BRV-COF-TAB-56X56","","skip","final_assembly","skip_existing_ops","0","0"
"FIN-BRV-COF-TAB-56X56-BE","","skip","final_assembly","skip_existing_ops","0","0"
"FIN-BRV-COF-TAB-56X56-BO","","skip","final_assembly","skip_existing_ops","0","0"
"FIN-BRV-COF-TAB-56X56-BR","","skip","final_assembly","skip_existing_ops","0","0"
"FIN-BRV-COF-TAB-56X56-GR","","skip","final_assembly","skip_existing_ops","0","0"
"FIN-BRV-COF-TAB-56X56-WH","","skip","final_assembly","skip_existing_ops","0","0"
"FIN-BRV-COF-TAB-56X72","","skip","final_assembly","skip_existing_ops","0","0"
"FIN-BRV-COF-TAB-72X36","","skip","final_assembly","skip_existing_ops","0","0"
"FIN-BRV-COF-TAB-72X36-BE","","skip","final_assembly","skip_existing_ops","0","0"
"FIN-BRV-COF-TAB-72X36-BO","","skip","final_assembly","skip_existing_ops","0","0"
"FIN-BRV-COF-TAB-72X36-BR","","skip","final_assembly","skip_existing_ops","0","0"
"FIN-BRV-COF-TAB-72X36-GR","","skip","final_assembly","skip_existing_ops","0","0"
"FIN-BRV-COF-TAB-72X36-WH","","skip","final_assembly","skip_existing_ops","0","0"
"FIN-BRV-COF-TAB-72X42","","skip","final_assembly","skip_existing_ops","0","0"
"FIN-BRV-COF-TAB-72X42-BE","","skip","final_assembly","skip_existing_ops","0","0"
"FIN-BRV-COF-TAB-72X42-BO","","skip","final_assembly","skip_existing_ops","0","0"
"FIN-BRV-COF-TAB-72X42-BR","","skip","final_assembly","skip_existing_ops","0","0"
"FIN-BRV-COF-TAB-72X42-GR","","skip","final_assembly","skip_existing_ops","0","0"
"FIN-BRV-COF-TAB-72X42-WH","","skip","final_assembly","skip_existing_ops","0","0"
"FIN-BRV-COF-TAB-72X56","","skip","final_assembly","skip_existing_ops","0","0"
"FIN-BRV-COF-TAB-72X56-BE","","skip","final_assembly","skip_existing_ops","0","0"
"FIN-BRV-COF-TAB-72X56-BO","","skip","final_assembly","skip_existing_ops","0","0"
"FIN-BRV-COF-TAB-72X56-BR","","skip","final_assembly","skip_existing_ops","0","0"
"FIN-BRV-COF-TAB-72X56-GR","","skip","final_assembly","skip_existing_ops","0","0"
"FIN-BRV-COF-TAB-72X56-WH","","skip","final_assembly","skip_existing_ops","0","0"
"FIN-BRV-COR-CHS-72X34","","skip","final_assembly","skip_existing_ops","0","0"
"FIN-BRV-COR-CHS-84X34","","skip","final_assembly","skip_existing_ops","0","0"
"FIN-BRV-COR-SOF-72X34","","skip","final_assembly","skip_existing_ops","0","0"
"FIN-BRV-COR-SOF-72X34-LS","","skip","final_assembly","skip_existing_ops","0","0"
"FIN-BRV-COR-SOF-72X34-LS-BE","","skip","final_assembly","skip_existing_ops","0","0"
"FIN-BRV-COR-SOF-72X34-LS-BO","","skip","final_assembly","skip_existing_ops","0","0"
"FIN-BRV-COR-SOF-72X34-LS-BR","","skip","final_assembly","skip_existing_ops","0","0"
"FIN-BRV-COR-SOF-72X34-LS-GR","","skip","final_assembly","skip_existing_ops","0","0"
"FIN-BRV-COR-SOF-72X34-LS-WH","","skip","final_assembly","skip_existing_ops","0","0"
"FIN-BRV-COR-SOF-72X34-RS","","skip","final_assembly","skip_existing_ops","0","0"
"FIN-BRV-COR-SOF-72X34-RS-BE","","skip","final_assembly","skip_existing_ops","0","0"
"FIN-BRV-COR-SOF-72X34-RS-BO","","skip","final_assembly","skip_existing_ops","0","0"
"FIN-BRV-COR-SOF-72X34-RS-BR","","skip","final_assembly","skip_existing_ops","0","0"
"FIN-BRV-COR-SOF-72X34-RS-GR","","skip","final_assembly","skip_existing_ops","0","0"
"FIN-BRV-COR-SOF-72X34-RS-WH","","skip","final_assembly","skip_existing_ops","0","0"
"FIN-BRV-COR-SOF-84X34","","skip","final_assembly","skip_existing_ops","0","0"
"FIN-BRV-COR-SOF-84X34-LS","","skip","final_assembly","skip_existing_ops","0","0"
"FIN-BRV-COR-SOF-84X34-LS-BE","","skip","final_assembly","skip_existing_ops","0","0"
"FIN-BRV-COR-SOF-84X34-LS-BO","","skip","final_assembly","skip_existing_ops","0","0"
"FIN-BRV-COR-SOF-84X34-LS-BR","","skip","final_assembly","skip_existing_ops","0","0"
"FIN-BRV-COR-SOF-84X34-LS-GR","","skip","final_assembly","skip_existing_ops","0","0"
"FIN-BRV-COR-SOF-84X34-LS-WH","","skip","final_assembly","skip_existing_ops","0","0"
"FIN-BRV-COR-SOF-84X34-RS","","skip","final_assembly","skip_existing_ops","0","0"
"FIN-BRV-COR-SOF-84X34-RS-BE","","skip","final_assembly","skip_existing_ops","0","0"
"FIN-BRV-COR-SOF-84X34-RS-BO","","skip","final_assembly","skip_existing_ops","0","0"
"FIN-BRV-COR-SOF-84X34-RS-BR","","skip","final_assembly","skip_existing_ops","0","0"
"FIN-BRV-COR-SOF-84X34-RS-GR","","skip","final_assembly","skip_existing_ops","0","0"
"FIN-BRV-COR-SOF-84X34-RS-WH","","skip","final_assembly","skip_existing_ops","0","0"
"FIN-BRV-COR-SOF-96X34","","skip","final_assembly","skip_existing_ops","0","0"
"FIN-BRV-COR-SOF-96X34-LS","","skip","final_assembly","skip_existing_ops","0","0"
"FIN-BRV-COR-SOF-96X34-LS-BE","","skip","final_assembly","skip_existing_ops","0","0"
"FIN-BRV-COR-SOF-96X34-LS-BO","","skip","final_assembly","skip_existing_ops","0","0"
"FIN-BRV-COR-SOF-96X34-LS-BR","","skip","final_assembly","skip_existing_ops","0","0"
"FIN-BRV-COR-SOF-96X34-LS-GR","","skip","final_assembly","skip_existing_ops","0","0"
"FIN-BRV-COR-SOF-96X34-LS-WH","","skip","final_assembly","skip_existing_ops","0","0"
"FIN-BRV-COR-SOF-96X34-RS","","skip","final_assembly","skip_existing_ops","0","0"
"FIN-BRV-COR-SOF-96X34-RS-BE","","skip","final_assembly","skip_existing_ops","0","0"
"FIN-BRV-COR-SOF-96X34-RS-BO","","skip","final_assembly","skip_existing_ops","0","0"
"FIN-BRV-COR-SOF-96X34-RS-BR","","skip","final_assembly","skip_existing_ops","0","0"
"FIN-BRV-COR-SOF-96X34-RS-GR","","skip","final_assembly","skip_existing_ops","0","0"
"FIN-BRV-COR-SOF-96X34-RS-WH","","skip","final_assembly","skip_existing_ops","0","0"
"FIN-BRV-DOU-CHS-58X79","","skip","final_assembly","skip_existing_ops","0","0"
"FIN-BRV-DOU-CHS-58X79-BE","","skip","final_assembly","skip_existing_ops","0","0"
"FIN-BRV-DOU-CHS-58X79-BO","","skip","final_assembly","skip_existing_ops","0","0"
"FIN-BRV-DOU-CHS-58X79-BR","","skip","final_assembly","skip_existing_ops","0","0"
"FIN-BRV-DOU-CHS-58X79-GR","","skip","final_assembly","skip_existing_ops","0","0"
"FIN-BRV-DOU-CHS-58X79-NOARM","","skip","final_assembly","skip_existing_ops","0","0"
"FIN-BRV-DOU-CHS-58X79-NOARM-BE","","skip","final_assembly","skip_existing_ops","0","0"
"FIN-BRV-DOU-CHS-58X79-NOARM-BO","","skip","final_assembly","skip_existing_ops","0","0"
"FIN-BRV-DOU-CHS-58X79-NOARM-BR","","skip","final_assembly","skip_existing_ops","0","0"
"FIN-BRV-DOU-CHS-58X79-NOARM-GR","","skip","final_assembly","skip_existing_ops","0","0"
"FIN-BRV-DOU-CHS-58X79-NOARM-WH","","skip","final_assembly","skip_existing_ops","0","0"
"FIN-BRV-DOU-CHS-58X79-WH","","skip","final_assembly","skip_existing_ops","0","0"
"FIN-BRV-DYB-72X72","","skip","final_assembly","skip_existing_ops","0","0"
"FIN-BRV-DYB-72X72-BE","","skip","final_assembly","skip_existing_ops","0","0"
"FIN-BRV-DYB-72X72-BO","","skip","final_assembly","skip_existing_ops","0","0"
"FIN-BRV-DYB-72X72-BR","","skip","final_assembly","skip_existing_ops","0","0"
"FIN-BRV-DYB-72X72-GR","","skip","final_assembly","skip_existing_ops","0","0"
"FIN-BRV-DYB-72X72-WH","","skip","final_assembly","skip_existing_ops","0","0"
"FIN-BRV-DYB-72X78","","skip","final_assembly","skip_existing_ops","0","0"
"FIN-BRV-DYB-72X78-BE","","skip","final_assembly","skip_existing_ops","0","0"
"FIN-BRV-DYB-72X78-BO","","skip","final_assembly","skip_existing_ops","0","0"
"FIN-BRV-DYB-72X78-BR","","skip","final_assembly","skip_existing_ops","0","0"
"FIN-BRV-DYB-72X78-GR","","skip","final_assembly","skip_existing_ops","0","0"
"FIN-BRV-DYB-72X78-WH","","skip","final_assembly","skip_existing_ops","0","0"
"FIN-BRV-DYB-78X72","","skip","final_assembly","skip_existing_ops","0","0"
"FIN-BRV-DYB-78X72-BE","","skip","final_assembly","skip_existing_ops","0","0"
"FIN-BRV-DYB-78X72-BO","","skip","final_assembly","skip_existing_ops","0","0"
"FIN-BRV-DYB-78X72-BR","","skip","final_assembly","skip_existing_ops","0","0"
"FIN-BRV-DYB-78X72-GR","","skip","final_assembly","skip_existing_ops","0","0"
"FIN-BRV-DYB-78X72-WH","","skip","final_assembly","skip_existing_ops","0","0"
"FIN-BRV-DYB-78X78","","skip","final_assembly","skip_existing_ops","0","0"
"FIN-BRV-DYB-78X78-BE","","skip","final_assembly","skip_existing_ops","0","0"
"FIN-BRV-DYB-78X78-BO","","skip","final_assembly","skip_existing_ops","0","0"
"FIN-BRV-DYB-78X78-BR","","skip","final_assembly","skip_existing_ops","0","0"
"FIN-BRV-DYB-78X78-GR","","skip","final_assembly","skip_existing_ops","0","0"
"FIN-BRV-DYB-78X78-WH","","skip","final_assembly","skip_existing_ops","0","0"
"FIN-BRV-DYB-84X72","","skip","final_assembly","skip_existing_ops","0","0"
"FIN-BRV-DYB-84X78","","skip","final_assembly","skip_existing_ops","0","0"
"FIN-BRV-DYB-84X78-BE","","skip","final_assembly","skip_existing_ops","0","0"
"FIN-BRV-DYB-84X78-BO","","skip","final_assembly","skip_existing_ops","0","0"
"FIN-BRV-DYB-84X78-BR","","skip","final_assembly","skip_existing_ops","0","0"
"FIN-BRV-DYB-84X78-GR","","skip","final_assembly","skip_existing_ops","0","0"
"FIN-BRV-DYB-84X78-WH","","skip","final_assembly","skip_existing_ops","0","0"
"FIN-BRV-DYB-84X84","","skip","final_assembly","skip_existing_ops","0","0"
"FIN-BRV-DYB-84X84-DAYBED","","skip","final_assembly","skip_existing_ops","0","0"
"FIN-BRV-LOV-SOF-60X34","","skip","final_assembly","skip_existing_ops","0","0"
"FIN-BRV-LOV-SOF-60X34-BE","","skip","final_assembly","skip_existing_ops","0","0"
"FIN-BRV-LOV-SOF-60X34-BO","","skip","final_assembly","skip_existing_ops","0","0"
"FIN-BRV-LOV-SOF-60X34-BR","","skip","final_assembly","skip_existing_ops","0","0"
"FIN-BRV-LOV-SOF-60X34-GR","","skip","final_assembly","skip_existing_ops","0","0"
"FIN-BRV-LOV-SOF-60X34-WH","","skip","final_assembly","skip_existing_ops","0","0"
"FIN-BRV-MIN-LOV-48X34","","skip","final_assembly","skip_existing_ops","0","0"
"FIN-BRV-MIN-LOV-48X34-ARMLESSMINI","","skip","final_assembly","skip_existing_ops","0","0"
"FIN-BRV-MIN-LOV-48X34-BE","","skip","final_assembly","skip_existing_ops","0","0"
"FIN-BRV-MIN-LOV-48X34-BO","","skip","final_assembly","skip_existing_ops","0","0"
"FIN-BRV-MIN-LOV-48X34-BR","","skip","final_assembly","skip_existing_ops","0","0"
"FIN-BRV-MIN-LOV-48X34-GR","","skip","final_assembly","skip_existing_ops","0","0"
"FIN-BRV-MIN-LOV-48X34-MINILOVESEAT","","skip","final_assembly","skip_existing_ops","0","0"
"FIN-BRV-MIN-LOV-48X34-WH","","skip","final_assembly","skip_existing_ops","0","0"
"FIN-BRV-OTT-22X30","","skip","final_assembly","skip_existing_ops","0","0"
"FIN-BRV-OTT-22X42","","skip","final_assembly","skip_existing_ops","0","0"
"FIN-BRV-OTT-22X60","","skip","final_assembly","skip_existing_ops","0","0"
"FIN-BRV-OTT-22X72","","skip","final_assembly","skip_existing_ops","0","0"
"FIN-BRV-OTT-30X22","","skip","final_assembly","skip_existing_ops","0","0"
"FIN-BRV-OTT-30X22-BE","","skip","final_assembly","skip_existing_ops","0","0"
"FIN-BRV-OTT-30X22-BO","","skip","final_assembly","skip_existing_ops","0","0"
"FIN-BRV-OTT-30X22-BR","","skip","final_assembly","skip_existing_ops","0","0"
"FIN-BRV-OTT-30X22-GR","","skip","final_assembly","skip_existing_ops","0","0"
"FIN-BRV-OTT-30X22-WH","","skip","final_assembly","skip_existing_ops","0","0"
"FIN-BRV-OTT-34X34","","skip","final_assembly","skip_existing_ops","0","0"
"FIN-BRV-OTT-34X34-BE","","skip","final_assembly","skip_existing_ops","0","0"
"FIN-BRV-OTT-34X34-BO","","skip","final_assembly","skip_existing_ops","0","0"
"FIN-BRV-OTT-34X34-BR","","skip","final_assembly","skip_existing_ops","0","0"
"FIN-BRV-OTT-34X34-GR","","skip","final_assembly","skip_existing_ops","0","0"
"FIN-BRV-OTT-34X34-WH","","skip","final_assembly","skip_existing_ops","0","0"
"FIN-BRV-OTT-34X42","","skip","final_assembly","skip_existing_ops","0","0"
"FIN-BRV-OTT-34X60","","skip","final_assembly","skip_existing_ops","0","0"
"FIN-BRV-OTT-34X72","","skip","final_assembly","skip_existing_ops","0","0"
"FIN-BRV-OTT-42X22","","skip","final_assembly","skip_existing_ops","0","0"
"FIN-BRV-OTT-42X22-BE","","skip","final_assembly","skip_existing_ops","0","0"
"FIN-BRV-OTT-42X22-BO","","skip","final_assembly","skip_existing_ops","0","0"
"FIN-BRV-OTT-42X22-BR","","skip","final_assembly","skip_existing_ops","0","0"
"FIN-BRV-OTT-42X22-GR","","skip","final_assembly","skip_existing_ops","0","0"
"FIN-BRV-OTT-42X22-WH","","skip","final_assembly","skip_existing_ops","0","0"
"FIN-BRV-OTT-42X34","","skip","final_assembly","skip_existing_ops","0","0"
"FIN-BRV-OTT-42X34-BE","","skip","final_assembly","skip_existing_ops","0","0"
"FIN-BRV-OTT-42X34-BO","","skip","final_assembly","skip_existing_ops","0","0"
"FIN-BRV-OTT-42X34-BR","","skip","final_assembly","skip_existing_ops","0","0"
"FIN-BRV-OTT-42X34-GR","","skip","final_assembly","skip_existing_ops","0","0"
"FIN-BRV-OTT-42X34-WH","","skip","final_assembly","skip_existing_ops","0","0"
"FIN-BRV-OTT-60X22","","skip","final_assembly","skip_existing_ops","0","0"
"FIN-BRV-OTT-60X22-BE","","skip","final_assembly","skip_existing_ops","0","0"
"FIN-BRV-OTT-60X22-BO","","skip","final_assembly","skip_existing_ops","0","0"
"FIN-BRV-OTT-60X22-BR","","skip","final_assembly","skip_existing_ops","0","0"
"FIN-BRV-OTT-60X22-GR","","skip","final_assembly","skip_existing_ops","0","0"
"FIN-BRV-OTT-60X22-WH","","skip","final_assembly","skip_existing_ops","0","0"
"FIN-BRV-OTT-60X34","","skip","final_assembly","skip_existing_ops","0","0"
"FIN-BRV-OTT-60X34-BE","","skip","final_assembly","skip_existing_ops","0","0"
"FIN-BRV-OTT-60X34-BO","","skip","final_assembly","skip_existing_ops","0","0"
"FIN-BRV-OTT-60X34-BR","","skip","final_assembly","skip_existing_ops","0","0"
"FIN-BRV-OTT-60X34-GR","","skip","final_assembly","skip_existing_ops","0","0"
"FIN-BRV-OTT-60X34-WH","","skip","final_assembly","skip_existing_ops","0","0"
"FIN-BRV-OTT-72X22","","skip","final_assembly","skip_existing_ops","0","0"
"FIN-BRV-OTT-72X22-BE","","skip","final_assembly","skip_existing_ops","0","0"
"FIN-BRV-OTT-72X22-BO","","skip","final_assembly","skip_existing_ops","0","0"
"FIN-BRV-OTT-72X22-BR","","skip","final_assembly","skip_existing_ops","0","0"
"FIN-BRV-OTT-72X22-GR","","skip","final_assembly","skip_existing_ops","0","0"
"FIN-BRV-OTT-72X22-WH","","skip","final_assembly","skip_existing_ops","0","0"
"FIN-BRV-OTT-72X34","","skip","final_assembly","skip_existing_ops","0","0"
"FIN-BRV-OTT-72X34-BE","","skip","final_assembly","skip_existing_ops","0","0"
"FIN-BRV-OTT-72X34-BO","","skip","final_assembly","skip_existing_ops","0","0"
"FIN-BRV-OTT-72X34-BR","","skip","final_assembly","skip_existing_ops","0","0"
"FIN-BRV-OTT-72X34-GR","","skip","final_assembly","skip_existing_ops","0","0"
"FIN-BRV-OTT-72X34-WH","","skip","final_assembly","skip_existing_ops","0","0"
"FIN-BRV-OTT-DKT-30X22","","skip","final_assembly","skip_existing_ops","0","0"
"FIN-BRV-OTT-DKT-30X22-BE","","skip","final_assembly","skip_existing_ops","0","0"
"FIN-BRV-OTT-DKT-30X22-BO","","skip","final_assembly","skip_existing_ops","0","0"
"FIN-BRV-OTT-DKT-30X22-BR","","skip","final_assembly","skip_existing_ops","0","0"
"FIN-BRV-OTT-DKT-30X22-GR","","skip","final_assembly","skip_existing_ops","0","0"
"FIN-BRV-OTT-DKT-30X22-WH","","skip","final_assembly","skip_existing_ops","0","0"
"FIN-BRV-OTT-DKT-34X34","","skip","final_assembly","skip_existing_ops","0","0"
"FIN-BRV-OTT-DKT-34X34-BE","","skip","final_assembly","skip_existing_ops","0","0"
"FIN-BRV-OTT-DKT-34X34-BO","","skip","final_assembly","skip_existing_ops","0","0"
"FIN-BRV-OTT-DKT-34X34-BR","","skip","final_assembly","skip_existing_ops","0","0"
"FIN-BRV-OTT-DKT-34X34-GR","","skip","final_assembly","skip_existing_ops","0","0"
"FIN-BRV-OTT-DKT-34X34-WH","","skip","final_assembly","skip_existing_ops","0","0"
"FIN-BRV-OTT-DKT-42X22","","skip","final_assembly","skip_existing_ops","0","0"
"FIN-BRV-OTT-DKT-42X22-BE","","skip","final_assembly","skip_existing_ops","0","0"
"FIN-BRV-OTT-DKT-42X22-BO","","skip","final_assembly","skip_existing_ops","0","0"
"FIN-BRV-OTT-DKT-42X22-BR","","skip","final_assembly","skip_existing_ops","0","0"
"FIN-BRV-OTT-DKT-42X22-GR","","skip","final_assembly","skip_existing_ops","0","0"
"FIN-BRV-OTT-DKT-42X22-WH","","skip","final_assembly","skip_existing_ops","0","0"
"FIN-BRV-OTT-DKT-42X34","","skip","final_assembly","skip_existing_ops","0","0"
"FIN-BRV-OTT-DKT-42X34-BE","","skip","final_assembly","skip_existing_ops","0","0"
"FIN-BRV-OTT-DKT-42X34-BO","","skip","final_assembly","skip_existing_ops","0","0"
"FIN-BRV-OTT-DKT-42X34-BR","","skip","final_assembly","skip_existing_ops","0","0"
"FIN-BRV-OTT-DKT-42X34-GR","","skip","final_assembly","skip_existing_ops","0","0"
"FIN-BRV-OTT-DKT-42X34-WH","","skip","final_assembly","skip_existing_ops","0","0"
"FIN-BRV-OTT-DKT-60X22","","skip","final_assembly","skip_existing_ops","0","0"
"FIN-BRV-OTT-DKT-60X22-BE","","skip","final_assembly","skip_existing_ops","0","0"
"FIN-BRV-OTT-DKT-60X22-BO","","skip","final_assembly","skip_existing_ops","0","0"
"FIN-BRV-OTT-DKT-60X22-BR","","skip","final_assembly","skip_existing_ops","0","0"
"FIN-BRV-OTT-DKT-60X22-GR","","skip","final_assembly","skip_existing_ops","0","0"
"FIN-BRV-OTT-DKT-60X22-WH","","skip","final_assembly","skip_existing_ops","0","0"
"FIN-BRV-OTT-DKT-60X34","","skip","final_assembly","skip_existing_ops","0","0"
"FIN-BRV-OTT-DKT-60X34-BE","","skip","final_assembly","skip_existing_ops","0","0"
"FIN-BRV-OTT-DKT-60X34-BO","","skip","final_assembly","skip_existing_ops","0","0"
"FIN-BRV-OTT-DKT-60X34-BR","","skip","final_assembly","skip_existing_ops","0","0"
"FIN-BRV-OTT-DKT-60X34-GR","","skip","final_assembly","skip_existing_ops","0","0"
"FIN-BRV-OTT-DKT-60X34-WH","","skip","final_assembly","skip_existing_ops","0","0"
"FIN-BRV-OTT-DKT-72X22","","skip","final_assembly","skip_existing_ops","0","0"
"FIN-BRV-OTT-DKT-72X22-BE","","skip","final_assembly","skip_existing_ops","0","0"
"FIN-BRV-OTT-DKT-72X22-BO","","skip","final_assembly","skip_existing_ops","0","0"
"FIN-BRV-OTT-DKT-72X22-BR","","skip","final_assembly","skip_existing_ops","0","0"
"FIN-BRV-OTT-DKT-72X22-GR","","skip","final_assembly","skip_existing_ops","0","0"
"FIN-BRV-OTT-DKT-72X22-WH","","skip","final_assembly","skip_existing_ops","0","0"
"FIN-BRV-OTT-DKT-72X34","","skip","final_assembly","skip_existing_ops","0","0"
"FIN-BRV-OTT-DKT-72X34-BE","","skip","final_assembly","skip_existing_ops","0","0"
"FIN-BRV-OTT-DKT-72X34-BO","","skip","final_assembly","skip_existing_ops","0","0"
"FIN-BRV-OTT-DKT-72X34-BR","","skip","final_assembly","skip_existing_ops","0","0"
"FIN-BRV-OTT-DKT-72X34-GR","","skip","final_assembly","skip_existing_ops","0","0"
"FIN-BRV-OTT-DKT-72X34-WH","","skip","final_assembly","skip_existing_ops","0","0"
"FIN-BRV-OVS-CHS-72X42","","skip","final_assembly","skip_existing_ops","0","0"
"FIN-BRV-OVS-CHS-84X42","","skip","final_assembly","skip_existing_ops","0","0"
"FIN-BRV-SGL-CHS-30X79","","skip","final_assembly","skip_existing_ops","0","0"
"FIN-BRV-SGL-CHS-30X79-BE","","skip","final_assembly","skip_existing_ops","0","0"
"FIN-BRV-SGL-CHS-30X79-BO","","skip","final_assembly","skip_existing_ops","0","0"
"FIN-BRV-SGL-CHS-30X79-BR","","skip","final_assembly","skip_existing_ops","0","0"
"FIN-BRV-SGL-CHS-30X79-GR","","skip","final_assembly","skip_existing_ops","0","0"
"FIN-BRV-SGL-CHS-30X79-NOARM","","skip","final_assembly","skip_existing_ops","0","0"
"FIN-BRV-SGL-CHS-30X79-NOARM-BE","","skip","final_assembly","skip_existing_ops","0","0"
"FIN-BRV-SGL-CHS-30X79-NOARM-BO","","skip","final_assembly","skip_existing_ops","0","0"
"FIN-BRV-SGL-CHS-30X79-NOARM-BR","","skip","final_assembly","skip_existing_ops","0","0"
"FIN-BRV-SGL-CHS-30X79-NOARM-GR","","skip","final_assembly","skip_existing_ops","0","0"
"FIN-BRV-SGL-CHS-30X79-NOARM-WH","","skip","final_assembly","skip_existing_ops","0","0"
"FIN-BRV-SGL-CHS-30X79-WH","","skip","final_assembly","skip_existing_ops","0","0"
"FIN-BRV-SID-TAB-20X20","","skip","final_assembly","skip_existing_ops","0","0"
"FIN-BRV-SID-TAB-20X20-BE","","skip","final_assembly","skip_existing_ops","0","0"
"FIN-BRV-SID-TAB-20X20-BO","","skip","final_assembly","skip_existing_ops","0","0"
"FIN-BRV-SID-TAB-20X20-BR","","skip","final_assembly","skip_existing_ops","0","0"
"FIN-BRV-SID-TAB-20X20-GR","","skip","final_assembly","skip_existing_ops","0","0"
"FIN-BRV-SID-TAB-20X20-WH","","skip","final_assembly","skip_existing_ops","0","0"
"FIN-BRV-SOF-72X34","","skip","final_assembly","skip_existing_ops","0","0"
"FIN-BRV-SOF-72X34-BE","","skip","final_assembly","skip_existing_ops","0","0"
"FIN-BRV-SOF-72X34-BO","","skip","final_assembly","skip_existing_ops","0","0"
"FIN-BRV-SOF-72X34-BR","","skip","final_assembly","skip_existing_ops","0","0"
"FIN-BRV-SOF-72X34-GR","","skip","final_assembly","skip_existing_ops","0","0"
"FIN-BRV-SOF-72X34-WH","","skip","final_assembly","skip_existing_ops","0","0"
"FIN-BRV-SOF-84X34","","skip","final_assembly","skip_existing_ops","0","0"
"FIN-BRV-SOF-84X34-BE","","skip","final_assembly","skip_existing_ops","0","0"
"FIN-BRV-SOF-84X34-BO","","skip","final_assembly","skip_existing_ops","0","0"
"FIN-BRV-SOF-84X34-BR","","skip","final_assembly","skip_existing_ops","0","0"
"FIN-BRV-SOF-84X34-GR","","skip","final_assembly","skip_existing_ops","0","0"
"FIN-BRV-SOF-84X34-WH","","skip","final_assembly","skip_existing_ops","0","0"
"FIN-BRV-SOF-96X34","","skip","final_assembly","skip_existing_ops","0","0"
"FIN-BRV-SOF-96X34-BE","","skip","final_assembly","skip_existing_ops","0","0"
"FIN-BRV-SOF-96X34-BO","","skip","final_assembly","skip_existing_ops","0","0"
"FIN-BRV-SOF-96X34-BR","","skip","final_assembly","skip_existing_ops","0","0"
"FIN-BRV-SOF-96X34-GR","","skip","final_assembly","skip_existing_ops","0","0"
"FIN-BRV-SOF-96X34-WH","","skip","final_assembly","skip_existing_ops","0","0"
"FIN-BRV-SWG-66X42","","skip","final_assembly","skip_existing_ops","0","0"
"FIN-BRV-SWG-66X42-SWINGFRAME","","skip","final_assembly","skip_existing_ops","0","0"
"FIN-BRV-SWG-72X12","","skip","final_assembly","skip_existing_ops","0","0"
"FIN-BRV-SWG-72X42","","skip","final_assembly","skip_existing_ops","0","0"
"FIN-BRV-SWG-72X42-SWINGFRAME","","skip","final_assembly","skip_existing_ops","0","0"
"FIN-BRV-SWG-72X42-SWINGFRAME2","","skip","final_assembly","skip_existing_ops","0","0"
"FIN-BRV-SWG-84","","skip","final_assembly","skip_existing_ops","0","0"
"FIN-BRV-SWG-84X42","","skip","final_assembly","skip_existing_ops","0","0"
"FIN-BRV-SWG-96X32","","skip","final_assembly","skip_existing_ops","0","0"
"FIN-BRV-SWV-CHA","","skip","final_assembly","skip_existing_ops","0","0"
"FIN-BRV-SWV-CHA-34X34","","skip","final_assembly","skip_existing_ops","0","0"
"FIN-BRV-SWV-CHA-BE","","skip","final_assembly","skip_existing_ops","0","0"
"FIN-BRV-SWV-CHA-BO","","skip","final_assembly","skip_existing_ops","0","0"
"FIN-BRV-SWV-CHA-BR","","skip","final_assembly","skip_existing_ops","0","0"
"FIN-BRV-SWV-CHA-GR","","skip","final_assembly","skip_existing_ops","0","0"
"FIN-BRV-SWV-CHA-WH","","skip","final_assembly","skip_existing_ops","0","0"
"FIN-CAB-DYB-84X84","","skip","final_assembly","skip_existing_ops","0","0"
"FIN-CAB-MIS","","skip","final_assembly","skip_existing_ops","0","0"
"FIN-CAB-MIS-10X10","","skip","final_assembly","skip_existing_ops","0","0"
"FIN-CAB-MIS-12X24","","skip","final_assembly","skip_existing_ops","0","0"
"FIN-CAB-MIS-17X17","","skip","final_assembly","skip_existing_ops","0","0"
"FIN-CAB-MIS-23X23","","skip","final_assembly","skip_existing_ops","0","0"
"FIN-CAN-UMB","","skip","final_assembly","skip_existing_ops","0","0"
"FIN-CUS-OTT-22X72","","skip","final_assembly","skip_existing_ops","0","0"
"FIN-CUS-OTT-23X82","","skip","final_assembly","skip_existing_ops","0","0"
"FIN-CUS-OTT-72X22","","skip","final_assembly","skip_existing_ops","0","0"
"FIN-CUS-OTT-82X23","","skip","final_assembly","skip_existing_ops","0","0"
"FIN-DAI-BAR-TAB-120X42","","skip","final_assembly","skip_existing_ops","0","0"
"FIN-DAI-BAR-TAB-120X56","","skip","final_assembly","skip_existing_ops","0","0"
"FIN-DAI-BAR-TAB-42X120","","skip","final_assembly","skip_existing_ops","0","0"
"FIN-DAI-BAR-TAB-42X72","","skip","final_assembly","skip_existing_ops","0","0"
"FIN-DAI-BAR-TAB-42X96","","skip","final_assembly","skip_existing_ops","0","0"
"FIN-DAI-BAR-TAB-56X120","","skip","final_assembly","skip_existing_ops","0","0"
"FIN-DAI-BAR-TAB-56X56","","skip","final_assembly","skip_existing_ops","0","0"
"FIN-DAI-BAR-TAB-56X72","","skip","final_assembly","skip_existing_ops","0","0"
"FIN-DAI-BAR-TAB-56X96","","skip","final_assembly","skip_existing_ops","0","0"
"FIN-DAI-BAR-TAB-72X42","","skip","final_assembly","skip_existing_ops","0","0"
"FIN-DAI-BAR-TAB-72X56","","skip","final_assembly","skip_existing_ops","0","0"
"FIN-DAI-BAR-TAB-96X42","","skip","final_assembly","skip_existing_ops","0","0"
"FIN-DAI-BAR-TAB-96X56","","skip","final_assembly","skip_existing_ops","0","0"
"FIN-DAI-CNT-TAB-120X42","","skip","final_assembly","skip_existing_ops","0","0"
"FIN-DAI-CNT-TAB-120X56","","skip","final_assembly","skip_existing_ops","0","0"
"FIN-DAI-CNT-TAB-42X120","","skip","final_assembly","skip_existing_ops","0","0"
"FIN-DAI-CNT-TAB-42X72","","skip","final_assembly","skip_existing_ops","0","0"
"FIN-DAI-CNT-TAB-42X96","","skip","final_assembly","skip_existing_ops","0","0"
"FIN-DAI-CNT-TAB-56X120","","skip","final_assembly","skip_existing_ops","0","0"
"FIN-DAI-CNT-TAB-56X56","","skip","final_assembly","skip_existing_ops","0","0"
"FIN-DAI-CNT-TAB-56X72","","skip","final_assembly","skip_existing_ops","0","0"
"FIN-DAI-CNT-TAB-56X96","","skip","final_assembly","skip_existing_ops","0","0"
"FIN-DAI-CNT-TAB-72X42","","skip","final_assembly","skip_existing_ops","0","0"
"FIN-DAI-CNT-TAB-72X56","","skip","final_assembly","skip_existing_ops","0","0"
"FIN-DAI-CNT-TAB-96X42","","skip","final_assembly","skip_existing_ops","0","0"
"FIN-DAI-CNT-TAB-96X56","","skip","final_assembly","skip_existing_ops","0","0"
"FIN-DAI-DIN-TAB-120X42","","skip","final_assembly","skip_existing_ops","0","0"
"FIN-DAI-DIN-TAB-120X56","","skip","final_assembly","skip_existing_ops","0","0"
"FIN-DAI-DIN-TAB-42X30","","skip","final_assembly","skip_existing_ops","0","0"
"FIN-DAI-DIN-TAB-42X42","","skip","final_assembly","skip_existing_ops","0","0"
"FIN-DAI-DIN-TAB-56X30","","skip","final_assembly","skip_existing_ops","0","0"
"FIN-DAI-DIN-TAB-56X56","","skip","final_assembly","skip_existing_ops","0","0"
"FIN-DAI-DIN-TAB-56X72","","skip","final_assembly","skip_existing_ops","0","0"
"FIN-DAI-DIN-TAB-56X96","","skip","final_assembly","skip_existing_ops","0","0"
"FIN-DAI-DIN-TAB-72X42","","skip","final_assembly","skip_existing_ops","0","0"
"FIN-DAI-DIN-TAB-72X56","","skip","final_assembly","skip_existing_ops","0","0"
"FIN-DAI-DIN-TAB-96X42","","skip","final_assembly","skip_existing_ops","0","0"
"FIN-DAI-DIN-TAB-96X56","","skip","final_assembly","skip_existing_ops","0","0"
"FIN-DAI-FIR-TAB-42X42","","skip","final_assembly","skip_existing_ops","0","0"
"FIN-DAI-FIR-TAB-56X42","","skip","final_assembly","skip_existing_ops","0","0"
"FIN-DAI-FIR-TAB-84X56","","skip","final_assembly","skip_existing_ops","0","0"
"FIN-DAI-FIR-TAB-96X56","","skip","final_assembly","skip_existing_ops","0","0"
"FIN-DAI-TAB-108X56","","skip","final_assembly","skip_existing_ops","0","0"
"FIN-DAI-TAB-72X42","","skip","final_assembly","skip_existing_ops","0","0"
"FIN-DAI-TAB-72X42-BE","","skip","final_assembly","skip_existing_ops","0","0"
"FIN-DAI-TAB-72X42-BO","","skip","final_assembly","skip_existing_ops","0","0"
"FIN-DAI-TAB-72X42-BR","","skip","final_assembly","skip_existing_ops","0","0"
"FIN-DAI-TAB-72X42-GR","","skip","final_assembly","skip_existing_ops","0","0"
"FIN-DAI-TAB-72X42-WH","","skip","final_assembly","skip_existing_ops","0","0"
"FIN-ESY-CHS","","skip","final_assembly","skip_existing_ops","0","0"
"FIN-ESY-MIS","","skip","final_assembly","skip_existing_ops","0","0"
"FIN-ESY-MIS-ADDIRONWOOD","","skip","final_assembly","skip_existing_ops","0","0"
"FIN-ESY-MIS-TWINBASE","","skip","final_assembly","skip_existing_ops","0","0"
"FIN-ESY-MIS-UNFABRICATEDDE","","skip","final_assembly","skip_existing_ops","0","0"
"FIN-ESY-MIS-WEATHERPROOFCO","","skip","final_assembly","skip_existing_ops","0","0"
"FIN-ESY-MIS-ZENBASE","","skip","final_assembly","skip_existing_ops","0","0"
"FIN-ESY-MIS-ZENCOVER","","skip","final_assembly","skip_existing_ops","0","0"
"FIN-ESY-MIS-ZENSHADE","","skip","final_assembly","skip_existing_ops","0","0"
"FIN-ESY-MIS-ZENSHADE2","","skip","final_assembly","skip_existing_ops","0","0"
"FIN-ESY-MIS-ZENTWIN","","skip","final_assembly","skip_existing_ops","0","0"
"FIN-FLY-BCH-42X18","","skip","final_assembly","skip_existing_ops","0","0"
"FIN-FLY-DIN-CHA-18X18","","skip","final_assembly","skip_existing_ops","0","0"
"FIN-FLY-FLY-BST-18X18","","skip","final_assembly","skip_existing_ops","0","0"
"FIN-FLY-LEG-BAR-COU-HEI","","skip","final_assembly","skip_existing_ops","0","0"
"FIN-FLY-LEG-BEN-COU-HEI-42","","skip","final_assembly","skip_existing_ops","0","0"
"FIN-FLY-LEG-BEN-DIN-HEI-42","","skip","final_assembly","skip_existing_ops","0","0"
"FIN-FLY-TAB-38X8","","skip","final_assembly","skip_existing_ops","0","0"
"FIN-FLY-TAB-60X12","","skip","final_assembly","skip_existing_ops","0","0"
"FIN-FLY-TAB-72X12","","skip","final_assembly","skip_existing_ops","0","0"
"FIN-FLY-TAB-84X12","","skip","final_assembly","skip_existing_ops","0","0"
"FIN-FLY-TAB-96X12","","skip","final_assembly","skip_existing_ops","0","0"
"FIN-HAL-BAC-BAR-BAR-HEI","","skip","final_assembly","skip_existing_ops","0","0"
"FIN-KIN-MIS","","skip","final_assembly","skip_existing_ops","0","0"
"FIN-KIN-MIS-KINDLELIVING","","skip","final_assembly","skip_existing_ops","0","0"
"FIN-LED-CHA","","skip","final_assembly","skip_existing_ops","0","0"
"FIN-LED-SID-TAB","","skip","final_assembly","skip_existing_ops","0","0"
"FIN-MIS-DIN-BCH-72X22","","skip","final_assembly","skip_existing_ops","0","0"
"FIN-MIS-DIN-BCH-96X22","","skip","final_assembly","skip_existing_ops","0","0"
"FIN-MIS-DIN-CHA-17X21","","skip","final_assembly","skip_existing_ops","0","0"
"FIN-MIS-FIR-TAB-42X42","","skip","final_assembly","skip_existing_ops","0","0"
"FIN-MIS-FLY-BST-17X21","","skip","final_assembly","skip_existing_ops","0","0"
"FIN-MIS-OTT-22X22","","skip","final_assembly","skip_existing_ops","0","0"
"FIN-MIS-SID-TAB-13X30","","skip","final_assembly","skip_existing_ops","0","0"
"FIN-MIS-TAB-13X30","","skip","final_assembly","skip_existing_ops","0","0"
"FIN-MLN-CLB-CHA-32X36","","skip","final_assembly","skip_existing_ops","0","0"
"FIN-MLN-MIS","","skip","final_assembly","skip_existing_ops","0","0"
"FIN-MLN-OTT-22X60","","skip","final_assembly","skip_existing_ops","0","0"
"FIN-MLN-OTT-22X72","","skip","final_assembly","skip_existing_ops","0","0"
"FIN-MLN-OTT-34X34","","skip","final_assembly","skip_existing_ops","0","0"
"FIN-MLN-OTT-34X42","","skip","final_assembly","skip_existing_ops","0","0"
"FIN-MLN-OTT-34X60","","skip","final_assembly","skip_existing_ops","0","0"
"FIN-MLN-OTT-34X72","","skip","final_assembly","skip_existing_ops","0","0"
"FIN-MLN-OTT-56X42","","skip","final_assembly","skip_existing_ops","0","0"
"FIN-MLN-SOF","","skip","final_assembly","skip_existing_ops","0","0"
"FIN-MLN-SOF-60X62","","skip","final_assembly","skip_existing_ops","0","0"
"FIN-MLN-SOF-62X42","","skip","final_assembly","skip_existing_ops","0","0"
"FIN-MLN-SOF-72X36","","skip","final_assembly","skip_existing_ops","0","0"
"FIN-MLN-SOF-84X36","","skip","final_assembly","skip_existing_ops","0","0"
"FIN-MLN-SOF-96X36","","skip","final_assembly","skip_existing_ops","0","0"
"FIN-MLN-TAB-56X14","","skip","final_assembly","skip_existing_ops","0","0"
"FIN-MLN-UMB","","skip","final_assembly","skip_existing_ops","0","0"
"FIN-MLN-UMB-CANTILEVERUMBR","","skip","final_assembly","skip_existing_ops","0","0"
"FIN-MLN-UMB-MARINAUMBRELLA","","skip","final_assembly","skip_existing_ops","0","0"
"FIN-MLN-UMB-MARINAUMBRELLA2","","skip","final_assembly","skip_existing_ops","0","0"
"FIN-OCC-TAB-56X14","","skip","final_assembly","skip_existing_ops","0","0"
"FIN-OCN-CLB-CHA-34X38","","skip","final_assembly","skip_existing_ops","0","0"
"FIN-OCN-CLB-CHA-34X38-BE-N","","skip","final_assembly","skip_existing_ops","0","0"
"FIN-OCN-CLB-CHA-34X38-BE-Y","","skip","final_assembly","skip_existing_ops","0","0"
"FIN-OCN-CLB-CHA-34X38-BL-Y","","skip","final_assembly","skip_existing_ops","0","0"
"FIN-OCN-CLB-CHA-34X38-BO-N","","skip","final_assembly","skip_existing_ops","0","0"
"FIN-OCN-CLB-CHA-34X38-BO-Y","","skip","final_assembly","skip_existing_ops","0","0"
"FIN-OCN-CLB-CHA-34X38-BR-N","","skip","final_assembly","skip_existing_ops","0","0"
"FIN-OCN-CLB-CHA-34X38-BR-Y","","skip","final_assembly","skip_existing_ops","0","0"
"FIN-OCN-CLB-CHA-34X38-GR-N","","skip","final_assembly","skip_existing_ops","0","0"
"FIN-OCN-CLB-CHA-34X38-GR-Y","","skip","final_assembly","skip_existing_ops","0","0"
"FIN-OCN-CLB-CHA-34X38-WH-N","","skip","final_assembly","skip_existing_ops","0","0"
"FIN-OCN-CLB-CHA-34X38-WH-Y","","skip","final_assembly","skip_existing_ops","0","0"
"FIN-OCN-COF-TAB-28X42","","skip","final_assembly","skip_existing_ops","0","0"
"FIN-OCN-COF-TAB-28X56","","skip","final_assembly","skip_existing_ops","0","0"
"FIN-OCN-COF-TAB-36X36","","skip","final_assembly","skip_existing_ops","0","0"
"FIN-OCN-COF-TAB-36X36-BE","","skip","final_assembly","skip_existing_ops","0","0"
"FIN-OCN-COF-TAB-36X36-BO","","skip","final_assembly","skip_existing_ops","0","0"
"FIN-OCN-COF-TAB-36X36-BR","","skip","final_assembly","skip_existing_ops","0","0"
"FIN-OCN-COF-TAB-36X36-GR","","skip","final_assembly","skip_existing_ops","0","0"
"FIN-OCN-COF-TAB-36X36-WH","","skip","final_assembly","skip_existing_ops","0","0"
"FIN-OCN-COF-TAB-36X56","","skip","final_assembly","skip_existing_ops","0","0"
"FIN-OCN-COF-TAB-36X72","","skip","final_assembly","skip_existing_ops","0","0"
"FIN-OCN-COF-TAB-42X28","","skip","final_assembly","skip_existing_ops","0","0"
"FIN-OCN-COF-TAB-42X28-BE","","skip","final_assembly","skip_existing_ops","0","0"
"FIN-OCN-COF-TAB-42X28-BO","","skip","final_assembly","skip_existing_ops","0","0"
"FIN-OCN-COF-TAB-42X28-BR","","skip","final_assembly","skip_existing_ops","0","0"
"FIN-OCN-COF-TAB-42X28-GR","","skip","final_assembly","skip_existing_ops","0","0"
"FIN-OCN-COF-TAB-42X28-WH","","skip","final_assembly","skip_existing_ops","0","0"
"FIN-OCN-COF-TAB-42X42","","skip","final_assembly","skip_existing_ops","0","0"
"FIN-OCN-COF-TAB-42X42-BE","","skip","final_assembly","skip_existing_ops","0","0"
"FIN-OCN-COF-TAB-42X42-BO","","skip","final_assembly","skip_existing_ops","0","0"
"FIN-OCN-COF-TAB-42X42-BR","","skip","final_assembly","skip_existing_ops","0","0"
"FIN-OCN-COF-TAB-42X42-GR","","skip","final_assembly","skip_existing_ops","0","0"
"FIN-OCN-COF-TAB-42X42-WH","","skip","final_assembly","skip_existing_ops","0","0"
"FIN-OCN-COF-TAB-42X56","","skip","final_assembly","skip_existing_ops","0","0"
"FIN-OCN-COF-TAB-42X72","","skip","final_assembly","skip_existing_ops","0","0"
"FIN-OCN-COF-TAB-56X28","","skip","final_assembly","skip_existing_ops","0","0"
"FIN-OCN-COF-TAB-56X28-BE","","skip","final_assembly","skip_existing_ops","0","0"
"FIN-OCN-COF-TAB-56X28-BO","","skip","final_assembly","skip_existing_ops","0","0"
"FIN-OCN-COF-TAB-56X28-BR","","skip","final_assembly","skip_existing_ops","0","0"
"FIN-OCN-COF-TAB-56X28-GR","","skip","final_assembly","skip_existing_ops","0","0"
"FIN-OCN-COF-TAB-56X28-WH","","skip","final_assembly","skip_existing_ops","0","0"
"FIN-OCN-COF-TAB-56X36","","skip","final_assembly","skip_existing_ops","0","0"
"FIN-OCN-COF-TAB-56X36-BE","","skip","final_assembly","skip_existing_ops","0","0"
"FIN-OCN-COF-TAB-56X36-BO","","skip","final_assembly","skip_existing_ops","0","0"
"FIN-OCN-COF-TAB-56X36-BR","","skip","final_assembly","skip_existing_ops","0","0"
"FIN-OCN-COF-TAB-56X36-GR","","skip","final_assembly","skip_existing_ops","0","0"
"FIN-OCN-COF-TAB-56X36-WH","","skip","final_assembly","skip_existing_ops","0","0"
"FIN-OCN-COF-TAB-56X42","","skip","final_assembly","skip_existing_ops","0","0"
"FIN-OCN-COF-TAB-56X42-BE","","skip","final_assembly","skip_existing_ops","0","0"
"FIN-OCN-COF-TAB-56X42-BO","","skip","final_assembly","skip_existing_ops","0","0"
"FIN-OCN-COF-TAB-56X42-BR","","skip","final_assembly","skip_existing_ops","0","0"
"FIN-OCN-COF-TAB-56X42-GR","","skip","final_assembly","skip_existing_ops","0","0"
"FIN-OCN-COF-TAB-56X42-WH","","skip","final_assembly","skip_existing_ops","0","0"
"FIN-OCN-COF-TAB-56X56","","skip","final_assembly","skip_existing_ops","0","0"
"FIN-OCN-COF-TAB-56X56-BE","","skip","final_assembly","skip_existing_ops","0","0"
"FIN-OCN-COF-TAB-56X56-BO","","skip","final_assembly","skip_existing_ops","0","0"
"FIN-OCN-COF-TAB-56X56-BR","","skip","final_assembly","skip_existing_ops","0","0"
"FIN-OCN-COF-TAB-56X56-GR","","skip","final_assembly","skip_existing_ops","0","0"
"FIN-OCN-COF-TAB-56X56-WH","","skip","final_assembly","skip_existing_ops","0","0"
"FIN-OCN-COF-TAB-56X72","","skip","final_assembly","skip_existing_ops","0","0"
"FIN-OCN-COF-TAB-72X36","","skip","final_assembly","skip_existing_ops","0","0"
"FIN-OCN-COF-TAB-72X36-BE","","skip","final_assembly","skip_existing_ops","0","0"
"FIN-OCN-COF-TAB-72X36-BO","","skip","final_assembly","skip_existing_ops","0","0"
"FIN-OCN-COF-TAB-72X36-BR","","skip","final_assembly","skip_existing_ops","0","0"
"FIN-OCN-COF-TAB-72X36-GR","","skip","final_assembly","skip_existing_ops","0","0"
"FIN-OCN-COF-TAB-72X36-WH","","skip","final_assembly","skip_existing_ops","0","0"
"FIN-OCN-COF-TAB-72X42","","skip","final_assembly","skip_existing_ops","0","0"
"FIN-OCN-COF-TAB-72X42-BE","","skip","final_assembly","skip_existing_ops","0","0"
"FIN-OCN-COF-TAB-72X42-BO","","skip","final_assembly","skip_existing_ops","0","0"
"FIN-OCN-COF-TAB-72X42-BR","","skip","final_assembly","skip_existing_ops","0","0"
"FIN-OCN-COF-TAB-72X42-V23143105","","skip","final_assembly","skip_existing_ops","0","0"
"FIN-OCN-COF-TAB-72X42-WH","","skip","final_assembly","skip_existing_ops","0","0"
"FIN-OCN-COF-TAB-72X56","","skip","final_assembly","skip_existing_ops","0","0"
"FIN-OCN-COF-TAB-72X56-BE","","skip","final_assembly","skip_existing_ops","0","0"
"FIN-OCN-COF-TAB-72X56-BO","","skip","final_assembly","skip_existing_ops","0","0"
"FIN-OCN-COF-TAB-72X56-BR","","skip","final_assembly","skip_existing_ops","0","0"
"FIN-OCN-COF-TAB-72X56-GR","","skip","final_assembly","skip_existing_ops","0","0"
"FIN-OCN-COF-TAB-72X56-WH","","skip","final_assembly","skip_existing_ops","0","0"
"FIN-OCN-DOU-CHS-58X79","","skip","final_assembly","skip_existing_ops","0","0"
"FIN-OCN-DOU-CHS-58X79-BE","","skip","final_assembly","skip_existing_ops","0","0"
"FIN-OCN-DOU-CHS-58X79-BO","","skip","final_assembly","skip_existing_ops","0","0"
"FIN-OCN-DOU-CHS-58X79-BR","","skip","final_assembly","skip_existing_ops","0","0"
"FIN-OCN-DOU-CHS-58X79-GR","","skip","final_assembly","skip_existing_ops","0","0"
"FIN-OCN-DOU-CHS-58X79-WH","","skip","final_assembly","skip_existing_ops","0","0"
"FIN-OCN-LOV-SOF-60X38","","skip","final_assembly","skip_existing_ops","0","0"
"FIN-OCN-LOV-SOF-60X38-BE-N","","skip","final_assembly","skip_existing_ops","0","0"
"FIN-OCN-LOV-SOF-60X38-BE-Y","","skip","final_assembly","skip_existing_ops","0","0"
"FIN-OCN-LOV-SOF-60X38-BL-Y","","skip","final_assembly","skip_existing_ops","0","0"
"FIN-OCN-LOV-SOF-60X38-BO-N","","skip","final_assembly","skip_existing_ops","0","0"
"FIN-OCN-LOV-SOF-60X38-BO-Y","","skip","final_assembly","skip_existing_ops","0","0"
"FIN-OCN-LOV-SOF-60X38-BR-N","","skip","final_assembly","skip_existing_ops","0","0"
"FIN-OCN-LOV-SOF-60X38-BR-Y","","skip","final_assembly","skip_existing_ops","0","0"
"FIN-OCN-LOV-SOF-60X38-GR-N","","skip","final_assembly","skip_existing_ops","0","0"
"FIN-OCN-LOV-SOF-60X38-GR-Y","","skip","final_assembly","skip_existing_ops","0","0"
"FIN-OCN-LOV-SOF-60X38-WH-N","","skip","final_assembly","skip_existing_ops","0","0"
"FIN-OCN-LOV-SOF-60X38-WH-Y","","skip","final_assembly","skip_existing_ops","0","0"
"FIN-OCN-MIN-LOV","","skip","final_assembly","skip_existing_ops","0","0"
"FIN-OCN-MIN-LOV-48X38","","skip","final_assembly","skip_existing_ops","0","0"
"FIN-OCN-MIN-LOV-60X48","","skip","final_assembly","skip_existing_ops","0","0"
"FIN-OCN-MIN-LOV-BE-N","","skip","final_assembly","skip_existing_ops","0","0"
"FIN-OCN-MIN-LOV-BE-Y","","skip","final_assembly","skip_existing_ops","0","0"
"FIN-OCN-MIN-LOV-BL-Y","","skip","final_assembly","skip_existing_ops","0","0"
"FIN-OCN-MIN-LOV-BO-N","","skip","final_assembly","skip_existing_ops","0","0"
"FIN-OCN-MIN-LOV-BO-Y","","skip","final_assembly","skip_existing_ops","0","0"
"FIN-OCN-MIN-LOV-BR-N","","skip","final_assembly","skip_existing_ops","0","0"
"FIN-OCN-MIN-LOV-BR-Y","","skip","final_assembly","skip_existing_ops","0","0"
"FIN-OCN-MIN-LOV-GR-N","","skip","final_assembly","skip_existing_ops","0","0"
"FIN-OCN-MIN-LOV-GR-Y","","skip","final_assembly","skip_existing_ops","0","0"
"FIN-OCN-MIN-LOV-WH-N","","skip","final_assembly","skip_existing_ops","0","0"
"FIN-OCN-MIN-LOV-WH-Y","","skip","final_assembly","skip_existing_ops","0","0"
"FIN-OCN-OTT-30X22","","skip","final_assembly","skip_existing_ops","0","0"
"FIN-OCN-OTT-30X22-BE","","skip","final_assembly","skip_existing_ops","0","0"
"FIN-OCN-OTT-30X22-BO","","skip","final_assembly","skip_existing_ops","0","0"
"FIN-OCN-OTT-30X22-BR","","skip","final_assembly","skip_existing_ops","0","0"
"FIN-OCN-OTT-30X22-GR","","skip","final_assembly","skip_existing_ops","0","0"
"FIN-OCN-OTT-30X22-WH","","skip","final_assembly","skip_existing_ops","0","0"
"FIN-OCN-OTT-42X22","","skip","final_assembly","skip_existing_ops","0","0"
"FIN-OCN-OTT-42X22-BE","","skip","final_assembly","skip_existing_ops","0","0"
"FIN-OCN-OTT-42X22-BO","","skip","final_assembly","skip_existing_ops","0","0"
"FIN-OCN-OTT-42X22-BR","","skip","final_assembly","skip_existing_ops","0","0"
"FIN-OCN-OTT-42X22-GR","","skip","final_assembly","skip_existing_ops","0","0"
"FIN-OCN-OTT-42X22-WH","","skip","final_assembly","skip_existing_ops","0","0"
"FIN-OCN-OTT-60X22","","skip","final_assembly","skip_existing_ops","0","0"
"FIN-OCN-OTT-60X22-BE","","skip","final_assembly","skip_existing_ops","0","0"
"FIN-OCN-OTT-60X22-BO","","skip","final_assembly","skip_existing_ops","0","0"
"FIN-OCN-OTT-60X22-BR","","skip","final_assembly","skip_existing_ops","0","0"
"FIN-OCN-OTT-60X22-GR","","skip","final_assembly","skip_existing_ops","0","0"
"FIN-OCN-OTT-60X22-WH","","skip","final_assembly","skip_existing_ops","0","0"
"FIN-OCN-OTT-72X22","","skip","final_assembly","skip_existing_ops","0","0"
"FIN-OCN-OTT-72X22-BE","","skip","final_assembly","skip_existing_ops","0","0"
"FIN-OCN-OTT-72X22-BO","","skip","final_assembly","skip_existing_ops","0","0"
"FIN-OCN-OTT-72X22-BR","","skip","final_assembly","skip_existing_ops","0","0"
"FIN-OCN-OTT-72X22-GR","","skip","final_assembly","skip_existing_ops","0","0"
"FIN-OCN-OTT-72X22-WH","","skip","final_assembly","skip_existing_ops","0","0"
"FIN-OCN-SGL-CHS-36X79","","skip","final_assembly","skip_existing_ops","0","0"
"FIN-OCN-SGL-CHS-36X79-BE","","skip","final_assembly","skip_existing_ops","0","0"
"FIN-OCN-SGL-CHS-36X79-BO","","skip","final_assembly","skip_existing_ops","0","0"
"FIN-OCN-SGL-CHS-36X79-BR","","skip","final_assembly","skip_existing_ops","0","0"
"FIN-OCN-SGL-CHS-36X79-GR","","skip","final_assembly","skip_existing_ops","0","0"
"FIN-OCN-SGL-CHS-36X79-WH","","skip","final_assembly","skip_existing_ops","0","0"
"FIN-OCN-SID-TAB-12","","skip","final_assembly","skip_existing_ops","0","0"
"FIN-OCN-SID-TAB-13X30","","skip","final_assembly","skip_existing_ops","0","0"
"FIN-OCN-SID-TAB-20X20","","skip","final_assembly","skip_existing_ops","0","0"
"FIN-OCN-SID-TAB-20X20-BE","","skip","final_assembly","skip_existing_ops","0","0"
"FIN-OCN-SID-TAB-20X20-BO","","skip","final_assembly","skip_existing_ops","0","0"
"FIN-OCN-SID-TAB-20X20-BR","","skip","final_assembly","skip_existing_ops","0","0"
"FIN-OCN-SID-TAB-20X20-GR","","skip","final_assembly","skip_existing_ops","0","0"
"FIN-OCN-SID-TAB-20X20-WH","","skip","final_assembly","skip_existing_ops","0","0"
"FIN-OCN-SID-TAB-32X32","","skip","final_assembly","skip_existing_ops","0","0"
"FIN-OCN-SID-TAB-36X17","","skip","final_assembly","skip_existing_ops","0","0"
"FIN-OCN-SID-TAB-36X36","","skip","final_assembly","skip_existing_ops","0","0"
"FIN-OCN-SID-TAB-36X36-BE","","skip","final_assembly","skip_existing_ops","0","0"
"FIN-OCN-SID-TAB-36X36-BO","","skip","final_assembly","skip_existing_ops","0","0"
"FIN-OCN-SID-TAB-36X36-BR","","skip","final_assembly","skip_existing_ops","0","0"
"FIN-OCN-SID-TAB-36X36-GR","","skip","final_assembly","skip_existing_ops","0","0"
"FIN-OCN-SID-TAB-36X36-WH","","skip","final_assembly","skip_existing_ops","0","0"
"FIN-OCN-SID-TAB-42","","skip","final_assembly","skip_existing_ops","0","0"
"FIN-OCN-SID-TAB-42-BE","","skip","final_assembly","skip_existing_ops","0","0"
"FIN-OCN-SID-TAB-42-BO","","skip","final_assembly","skip_existing_ops","0","0"
"FIN-OCN-SID-TAB-42-BR","","skip","final_assembly","skip_existing_ops","0","0"
"FIN-OCN-SID-TAB-42-GR","","skip","final_assembly","skip_existing_ops","0","0"
"FIN-OCN-SID-TAB-42-WH","","skip","final_assembly","skip_existing_ops","0","0"
"FIN-OCN-SOF-72X38","","skip","final_assembly","skip_existing_ops","0","0"
"FIN-OCN-SOF-72X38-BE-N","","skip","final_assembly","skip_existing_ops","0","0"
"FIN-OCN-SOF-72X38-BE-Y","","skip","final_assembly","skip_existing_ops","0","0"
"FIN-OCN-SOF-72X38-BL-Y","","skip","final_assembly","skip_existing_ops","0","0"
"FIN-OCN-SOF-72X38-BO-N","","skip","final_assembly","skip_existing_ops","0","0"
"FIN-OCN-SOF-72X38-BO-Y","","skip","final_assembly","skip_existing_ops","0","0"
"FIN-OCN-SOF-72X38-BR-N","","skip","final_assembly","skip_existing_ops","0","0"
"FIN-OCN-SOF-72X38-BR-Y","","skip","final_assembly","skip_existing_ops","0","0"
"FIN-OCN-SOF-72X38-GR-N","","skip","final_assembly","skip_existing_ops","0","0"
"FIN-OCN-SOF-72X38-GR-Y","","skip","final_assembly","skip_existing_ops","0","0"
"FIN-OCN-SOF-72X38-WH-N","","skip","final_assembly","skip_existing_ops","0","0"
"FIN-OCN-SOF-72X38-WH-Y","","skip","final_assembly","skip_existing_ops","0","0"
"FIN-OCN-SOF-84X38","","skip","final_assembly","skip_existing_ops","0","0"
"FIN-OCN-SOF-84X38-BE-N","","skip","final_assembly","skip_existing_ops","0","0"
"FIN-OCN-SOF-84X38-BE-Y","","skip","final_assembly","skip_existing_ops","0","0"
"FIN-OCN-SOF-84X38-BL-Y","","skip","final_assembly","skip_existing_ops","0","0"
"FIN-OCN-SOF-84X38-BO-N","","skip","final_assembly","skip_existing_ops","0","0"
"FIN-OCN-SOF-84X38-BO-Y","","skip","final_assembly","skip_existing_ops","0","0"
"FIN-OCN-SOF-84X38-BR-N","","skip","final_assembly","skip_existing_ops","0","0"
"FIN-OCN-SOF-84X38-BR-Y","","skip","final_assembly","skip_existing_ops","0","0"
"FIN-OCN-SOF-84X38-GR-N","","skip","final_assembly","skip_existing_ops","0","0"
"FIN-OCN-SOF-84X38-GR-Y","","skip","final_assembly","skip_existing_ops","0","0"
"FIN-OCN-SOF-84X38-WH-N","","skip","final_assembly","skip_existing_ops","0","0"
"FIN-OCN-SOF-84X38-WH-Y","","skip","final_assembly","skip_existing_ops","0","0"
"FIN-OCN-SOF-96X38","","skip","final_assembly","skip_existing_ops","0","0"
"FIN-OCN-SOF-96X38-BE-N","","skip","final_assembly","skip_existing_ops","0","0"
"FIN-OCN-SOF-96X38-BE-Y","","skip","final_assembly","skip_existing_ops","0","0"
"FIN-OCN-SOF-96X38-BL-Y","","skip","final_assembly","skip_existing_ops","0","0"
"FIN-OCN-SOF-96X38-BO-N","","skip","final_assembly","skip_existing_ops","0","0"
"FIN-OCN-SOF-96X38-BO-Y","","skip","final_assembly","skip_existing_ops","0","0"
"FIN-OCN-SOF-96X38-BR-N","","skip","final_assembly","skip_existing_ops","0","0"
"FIN-OCN-SOF-96X38-BR-Y","","skip","final_assembly","skip_existing_ops","0","0"
"FIN-OCN-SOF-96X38-GR-N","","skip","final_assembly","skip_existing_ops","0","0"
"FIN-OCN-SOF-96X38-GR-Y","","skip","final_assembly","skip_existing_ops","0","0"
"FIN-OCN-SOF-96X38-WH-N","","skip","final_assembly","skip_existing_ops","0","0"
"FIN-OCN-SOF-96X38-WH-Y","","skip","final_assembly","skip_existing_ops","0","0"
"FIN-OCN-SWV-CHA","","skip","final_assembly","skip_existing_ops","0","0"
"FIN-OCN-SWV-CHA-34X34","","skip","final_assembly","skip_existing_ops","0","0"
"FIN-OCN-SWV-CHA-34X38","","skip","final_assembly","skip_existing_ops","0","0"
"FIN-OCN-SWV-CHA-34X38-SWIVELCHAIR","","skip","final_assembly","skip_existing_ops","0","0"
"FIN-OCN-SWV-CHA-BE-N","","skip","final_assembly","skip_existing_ops","0","0"
"FIN-OCN-SWV-CHA-BE-Y","","skip","final_assembly","skip_existing_ops","0","0"
"FIN-OCN-SWV-CHA-BL-N","","skip","final_assembly","skip_existing_ops","0","0"
"FIN-OCN-SWV-CHA-BO-N","","skip","final_assembly","skip_existing_ops","0","0"
"FIN-OCN-SWV-CHA-BO-Y","","skip","final_assembly","skip_existing_ops","0","0"
"FIN-OCN-SWV-CHA-BR-N","","skip","final_assembly","skip_existing_ops","0","0"
"FIN-OCN-SWV-CHA-BR-Y","","skip","final_assembly","skip_existing_ops","0","0"
"FIN-OCN-SWV-CHA-GR-N","","skip","final_assembly","skip_existing_ops","0","0"
"FIN-OCN-SWV-CHA-GR-Y","","skip","final_assembly","skip_existing_ops","0","0"
"FIN-OCN-SWV-CHA-WH-N","","skip","final_assembly","skip_existing_ops","0","0"
"FIN-OCN-SWV-CHA-WH-Y","","skip","final_assembly","skip_existing_ops","0","0"
"FIN-OCN-TAB-13X30","","skip","final_assembly","skip_existing_ops","0","0"
"FIN-OCN-TAB-34X12","","skip","final_assembly","skip_existing_ops","0","0"
"FIN-OCN-TAB-34X12-FLYTABLE","","skip","final_assembly","skip_existing_ops","0","0"
"FIN-OCN-TAB-72X12","","skip","final_assembly","skip_existing_ops","0","0"
"FIN-OCN-TAB-84X12","","skip","final_assembly","skip_existing_ops","0","0"
"FIN-OCN-TAB-96X12","","skip","final_assembly","skip_existing_ops","0","0"
"FIN-STA-BAR-TAB-36X36","","skip","final_assembly","skip_existing_ops","0","0"
"FIN-STA-BAR-TAB-42X42","","skip","final_assembly","skip_existing_ops","0","0"
"FIN-STA-BAR-TAB-72X36","","skip","final_assembly","skip_existing_ops","0","0"
"FIN-STA-CNT-TAB-36X36","","skip","final_assembly","skip_existing_ops","0","0"
"FIN-STA-CNT-TAB-42X42","","skip","final_assembly","skip_existing_ops","0","0"
"FIN-STA-CNT-TAB-72X36","","skip","final_assembly","skip_existing_ops","0","0"
"FIN-STA-DIN-TAB-36X36","","skip","final_assembly","skip_existing_ops","0","0"
"FIN-STA-DIN-TAB-42X42","","skip","final_assembly","skip_existing_ops","0","0"
"FIN-STA-DIN-TAB-72X36","","skip","final_assembly","skip_existing_ops","0","0"
"FIN-TAY-BAR-W-ARM-COU-HEI","","skip","final_assembly","skip_existing_ops","0","0"
"FIN-TAY-BCH-24X23","","skip","final_assembly","skip_existing_ops","0","0"
"FIN-TAY-BCH-42X23","","skip","final_assembly","skip_existing_ops","0","0"
"FIN-TAY-BCH-42X23-BENCHDINING","","skip","final_assembly","skip_existing_ops","0","0"
"FIN-TAY-BCH-72X23","","skip","final_assembly","skip_existing_ops","0","0"
"FIN-TAY-BCH-72X23-BENCHCOUNTER","","skip","final_assembly","skip_existing_ops","0","0"
"FIN-TAY-BCH-72X23-BENCHDINING","","skip","final_assembly","skip_existing_ops","0","0"
"FIN-TAY-BEN-BAR-HEI-72","","skip","final_assembly","skip_existing_ops","0","0"
"FIN-TAY-BEN-DIN-HEI-42","","skip","final_assembly","skip_existing_ops","0","0"
"FIN-TAY-BEN-DIN-HEI-72","","skip","final_assembly","skip_existing_ops","0","0"
"FIN-TAY-BST-18X23","","skip","final_assembly","skip_existing_ops","0","0"
"FIN-TAY-BST-19X23","","skip","final_assembly","skip_existing_ops","0","0"
"FIN-TAY-BST-19X23-BARSTOOLCOUNTE","","skip","final_assembly","skip_existing_ops","0","0"
"FIN-TAY-BST-24X23","","skip","final_assembly","skip_existing_ops","0","0"
"FIN-TAY-BST-24X23-BARSTOOLARMS","","skip","final_assembly","skip_existing_ops","0","0"
"FIN-TAY-DIN-CHA-19X23","","skip","final_assembly","skip_existing_ops","0","0"
"FIN-TAY-DIN-CHA-24X23","","skip","final_assembly","skip_existing_ops","0","0"
"FIN-TJM-CHA","","skip","final_assembly","skip_existing_ops","0","0"
"FIN-TJM-CHA-MIBSTERCHAIR","","skip","final_assembly","skip_existing_ops","0","0"
"FIN-TJM-CHA-MOONCHAIR","","skip","final_assembly","skip_existing_ops","0","0"
"FIN-TJM-MIS","","skip","final_assembly","skip_existing_ops","0","0"
"FIN-TJM-MIS-12X17","","skip","final_assembly","skip_existing_ops","0","0"
"FIN-TJM-MIS-13","","skip","final_assembly","skip_existing_ops","0","0"
"FIN-TJM-MIS-LAYLOLOUNGER","","skip","final_assembly","skip_existing_ops","0","0"
"FIN-TJM-MIS-ONECOATED","","skip","final_assembly","skip_existing_ops","0","0"
"FIN-TJM-MIS-PILLOWLOUNGERS","","skip","final_assembly","skip_existing_ops","0","0"
"FIN-TJM-MIS-TWOCOATED","","skip","final_assembly","skip_existing_ops","0","0"
"FIN-TJM-MIS-TWOSHAYZ","","skip","final_assembly","skip_existing_ops","0","0"
"FIN-TJM-MIS-TWOSHAYZ2","","skip","final_assembly","skip_existing_ops","0","0"
"FIN-TJM-MIS-TWOWOOSAH","","skip","final_assembly","skip_existing_ops","0","0"
"FIN-TJM-TAB","","skip","final_assembly","skip_existing_ops","0","0"
"FIN-TRI-SID-TAB-32X32","","skip","final_assembly","skip_existing_ops","0","0"
"FIN-WFT-BAR-TAB-120X28","","skip","final_assembly","skip_existing_ops","0","0"
"FIN-WFT-BAR-TAB-120X36","","skip","final_assembly","skip_existing_ops","0","0"
"FIN-WFT-BAR-TAB-28X120","","skip","final_assembly","skip_existing_ops","0","0"
"FIN-WFT-BAR-TAB-28X72","","skip","final_assembly","skip_existing_ops","0","0"
"FIN-WFT-BAR-TAB-28X96","","skip","final_assembly","skip_existing_ops","0","0"
"FIN-WFT-BAR-TAB-36X120","","skip","final_assembly","skip_existing_ops","0","0"
"FIN-WFT-BAR-TAB-36X72","","skip","final_assembly","skip_existing_ops","0","0"
"FIN-WFT-BAR-TAB-36X96","","skip","final_assembly","skip_existing_ops","0","0"
"FIN-WFT-BAR-TAB-72X28","","skip","final_assembly","skip_existing_ops","0","0"
"FIN-WFT-BAR-TAB-72X36","","skip","final_assembly","skip_existing_ops","0","0"
"FIN-WFT-BAR-TAB-96X28","","skip","final_assembly","skip_existing_ops","0","0"
"FIN-WFT-BAR-TAB-96X36","","skip","final_assembly","skip_existing_ops","0","0"
"FIN-WFT-BCH-42X18","","skip","final_assembly","skip_existing_ops","0","0"
"FIN-WFT-BCH-42X18-FLYLEG","","skip","final_assembly","skip_existing_ops","0","0"
"FIN-WFT-BCH-42X18-FLYLEG2","","skip","final_assembly","skip_existing_ops","0","0"
"FIN-WFT-CNT-TAB-120X28","","skip","final_assembly","skip_existing_ops","0","0"
"FIN-WFT-CNT-TAB-120X36","","skip","final_assembly","skip_existing_ops","0","0"
"FIN-WFT-CNT-TAB-28X120","","skip","final_assembly","skip_existing_ops","0","0"
"FIN-WFT-CNT-TAB-28X72","","skip","final_assembly","skip_existing_ops","0","0"
"FIN-WFT-CNT-TAB-28X96","","skip","final_assembly","skip_existing_ops","0","0"
"FIN-WFT-CNT-TAB-36X120","","skip","final_assembly","skip_existing_ops","0","0"
"FIN-WFT-CNT-TAB-36X72","","skip","final_assembly","skip_existing_ops","0","0"
"FIN-WFT-CNT-TAB-36X96","","skip","final_assembly","skip_existing_ops","0","0"
"FIN-WFT-CNT-TAB-72X28","","skip","final_assembly","skip_existing_ops","0","0"
"FIN-WFT-CNT-TAB-72X36","","skip","final_assembly","skip_existing_ops","0","0"
"FIN-WFT-CNT-TAB-96X28","","skip","final_assembly","skip_existing_ops","0","0"
"FIN-WFT-CNT-TAB-96X36","","skip","final_assembly","skip_existing_ops","0","0"
"FIN-WFT-DIN-BCH-72X22","","skip","final_assembly","skip_existing_ops","0","0"
"FIN-WFT-DIN-BCH-96X22","","skip","final_assembly","skip_existing_ops","0","0"
"FIN-WFT-DIN-CHA-17X21","","skip","final_assembly","skip_existing_ops","0","0"
"FIN-WFT-DIN-CHA-18X18","","skip","final_assembly","skip_existing_ops","0","0"
"FIN-WFT-DIN-TAB-120X28","","skip","final_assembly","skip_existing_ops","0","0"
"FIN-WFT-DIN-TAB-120X36","","skip","final_assembly","skip_existing_ops","0","0"
"FIN-WFT-DIN-TAB-28X120","","skip","final_assembly","skip_existing_ops","0","0"
"FIN-WFT-DIN-TAB-28X72","","skip","final_assembly","skip_existing_ops","0","0"
"FIN-WFT-DIN-TAB-28X96","","skip","final_assembly","skip_existing_ops","0","0"
"FIN-WFT-DIN-TAB-36X120","","skip","final_assembly","skip_existing_ops","0","0"
"FIN-WFT-DIN-TAB-36X72","","skip","final_assembly","skip_existing_ops","0","0"
"FIN-WFT-DIN-TAB-36X96","","skip","final_assembly","skip_existing_ops","0","0"
"FIN-WFT-DIN-TAB-72X28","","skip","final_assembly","skip_existing_ops","0","0"
"FIN-WFT-DIN-TAB-72X36","","skip","final_assembly","skip_existing_ops","0","0"
"FIN-WFT-DIN-TAB-96X28","","skip","final_assembly","skip_existing_ops","0","0"
"FIN-WFT-DIN-TAB-96X36","","skip","final_assembly","skip_existing_ops","0","0"
"FIN-WFT-FIR-TAB-56X36","","skip","final_assembly","skip_existing_ops","0","0"
"FIN-WFT-FIR-TAB-56X36-CUBEFIRE","","skip","final_assembly","skip_existing_ops","0","0"
"FIN-WFT-FIR-TAB-72X36","","skip","final_assembly","skip_existing_ops","0","0"
"FIN-WFT-FIR-TAB-72X36-CUBEFIRE","","skip","final_assembly","skip_existing_ops","0","0"
"FIN-WFT-FLY-BST-17X21","","skip","final_assembly","skip_existing_ops","0","0"
"FIN-WFT-FLY-BST-17X21-HALFBACK","","skip","final_assembly","skip_existing_ops","0","0"
"FIN-WFT-FLY-BST-18X18","","skip","final_assembly","skip_existing_ops","0","0"
"FIN-WFT-FLY-BST-18X18-LEGBARSTOOL","","skip","final_assembly","skip_existing_ops","0","0"
"FIN-WFT-SID-TAB-13X40","","skip","final_assembly","skip_existing_ops","0","0"
"FIN-WFT-SID-TAB-40X13","","skip","final_assembly","skip_existing_ops","0","0"
"SA-BRA-AL-60-CUSH","","skip","cushion","skip_existing_ops","0","0"
"SA-BRA-AL-60-FRAME","","skip","aluminum_frame","skip_existing_ops","0","0"
"SA-BRA-AS-72-CUSH","","skip","cushion","skip_existing_ops","0","0"
"SA-BRA-AS-72-FRAME","","skip","aluminum_frame","skip_existing_ops","0","0"
"SA-BRA-AS-84-CUSH","","skip","cushion","skip_existing_ops","0","0"
"SA-BRA-AS-84-FRAME","","skip","aluminum_frame","skip_existing_ops","0","0"
"SA-BRA-AS-96-CUSH","","skip","cushion","skip_existing_ops","0","0"
"SA-BRA-AS-96-FRAME","","skip","aluminum_frame","skip_existing_ops","0","0"
"SA-BRA-C-34X72-LS-CUSH","","skip","cushion","skip_existing_ops","0","0"
"SA-BRA-C-34X72-LS-FRAME","","skip","aluminum_frame","skip_existing_ops","0","0"
"SA-BRA-C-34X72-RS-CUSH","","skip","cushion","skip_existing_ops","0","0"
"SA-BRA-C-34X72-RS-FRAME","","skip","aluminum_frame","skip_existing_ops","0","0"
"SA-BRA-C-34X84-LS-CUSH","","skip","cushion","skip_existing_ops","0","0"
"SA-BRA-C-34X84-LS-FRAME","","skip","aluminum_frame","skip_existing_ops","0","0"
"SA-BRA-C-34X84-RS-CUSH","","skip","cushion","skip_existing_ops","0","0"
"SA-BRA-C-34X84-RS-FRAME","","skip","aluminum_frame","skip_existing_ops","0","0"
"SA-BRA-C-42X72-LS-CUSH","","skip","cushion","skip_existing_ops","0","0"
"SA-BRA-C-42X72-LS-FRAME","","skip","aluminum_frame","skip_existing_ops","0","0"
"SA-BRA-C-42X72-RS-CUSH","","skip","cushion","skip_existing_ops","0","0"
"SA-BRA-C-42X72-RS-FRAME","","skip","aluminum_frame","skip_existing_ops","0","0"
"SA-BRA-C-42X84-LS-CUSH","","skip","cushion","skip_existing_ops","0","0"
"SA-BRA-C-42X84-LS-FRAME","","skip","aluminum_frame","skip_existing_ops","0","0"
"SA-BRA-C-42X84-RS-CUSH","","skip","cushion","skip_existing_ops","0","0"
"SA-BRA-C-42X84-RS-FRAME","","skip","aluminum_frame","skip_existing_ops","0","0"
"SA-BRA-CADA-72X78-CUSH","","skip","cushion","skip_existing_ops","0","0"
"SA-BRA-CADA-72X78-FRAME","","skip","aluminum_frame","skip_existing_ops","0","0"
"SA-BRA-CADA-78X78-CUSH","","skip","cushion","skip_existing_ops","0","0"
"SA-BRA-CADA-78X78-FRAME","","skip","aluminum_frame","skip_existing_ops","0","0"
"SA-BRA-CADA-84X78-CUSH","","skip","cushion","skip_existing_ops","0","0"
"SA-BRA-CADA-84X78-FRAME","","skip","aluminum_frame","skip_existing_ops","0","0"
"SA-BRA-CC-CUSH","","skip","cushion","skip_existing_ops","0","0"
"SA-BRA-CL-D-A-CUSH","","skip","cushion","skip_existing_ops","0","0"
"SA-BRA-CL-D-A-FRAME","","skip","aluminum_frame","skip_existing_ops","0","0"
"SA-BRA-CL-D-CUSH","","skip","cushion","skip_existing_ops","0","0"
"SA-BRA-CL-D-FRAME","","skip","aluminum_frame","skip_existing_ops","0","0"
"SA-BRA-CL-S-A-CUSH","","skip","cushion","skip_existing_ops","0","0"
"SA-BRA-CL-S-A-FRAME","","skip","aluminum_frame","skip_existing_ops","0","0"
"SA-BRA-CL-S-CUSH","","skip","cushion","skip_existing_ops","0","0"
"SA-BRA-CL-S-FRAME","","skip","aluminum_frame","skip_existing_ops","0","0"
"SA-BRA-CS-72-LS-CUSH","","skip","cushion","skip_existing_ops","0","0"
"SA-BRA-CS-72-LS-FRAME","","skip","aluminum_frame","skip_existing_ops","0","0"
"SA-BRA-CS-72-RS-CUSH","","skip","cushion","skip_existing_ops","0","0"
"SA-BRA-CS-72-RS-FRAME","","skip","aluminum_frame","skip_existing_ops","0","0"
"SA-BRA-CS-84-LS-CUSH","","skip","cushion","skip_existing_ops","0","0"
"SA-BRA-CS-84-LS-FRAME","","skip","aluminum_frame","skip_existing_ops","0","0"
"SA-BRA-CS-84-RS-CUSH","","skip","cushion","skip_existing_ops","0","0"
"SA-BRA-CS-84-RS-FRAME","","skip","aluminum_frame","skip_existing_ops","0","0"
"SA-BRA-CS-96-LS-CUSH","","skip","cushion","skip_existing_ops","0","0"
"SA-BRA-CS-96-LS-FRAME","","skip","aluminum_frame","skip_existing_ops","0","0"
"SA-BRA-CS-96-RS-CUSH","","skip","cushion","skip_existing_ops","0","0"
"SA-BRA-CS-96-RS-FRAME","","skip","aluminum_frame","skip_existing_ops","0","0"
"SA-BRA-CT-36X36-FRAME","","skip","aluminum_frame","skip_existing_ops","0","0"
"SA-BRA-CT-42X28-FRAME","","skip","aluminum_frame","skip_existing_ops","0","0"
"SA-BRA-CT-42X42-FRAME","","skip","aluminum_frame","skip_existing_ops","0","0"
"SA-BRA-CT-56X28-FRAME","","skip","aluminum_frame","skip_existing_ops","0","0"
"SA-BRA-CT-56X36-FRAME","","skip","aluminum_frame","skip_existing_ops","0","0"
"SA-BRA-CT-56X42-FRAME","","skip","aluminum_frame","skip_existing_ops","0","0"
"SA-BRA-CT-56X56-FRAME","","skip","aluminum_frame","skip_existing_ops","0","0"
"SA-BRA-CT-72X36-FRAME","","skip","aluminum_frame","skip_existing_ops","0","0"
"SA-BRA-CT-72X42-FRAME","","skip","aluminum_frame","skip_existing_ops","0","0"
"SA-BRA-CT-72X56-FRAME","","skip","aluminum_frame","skip_existing_ops","0","0"
"SA-BRA-D-7272-CUSH","","skip","cushion","skip_existing_ops","0","0"
"SA-BRA-D-7272-FRAME","","skip","aluminum_frame","skip_existing_ops","0","0"
"SA-BRA-D-7872-CUSH","","skip","cushion","skip_existing_ops","0","0"
"SA-BRA-D-7872-FRAME","","skip","aluminum_frame","skip_existing_ops","0","0"
"SA-BRA-L-CUSH","","skip","cushion","skip_existing_ops","0","0"
"SA-BRA-L-FRAME","","skip","aluminum_frame","skip_existing_ops","0","0"
"SA-BRA-ML-CUSH","","skip","cushion","skip_existing_ops","0","0"
"SA-BRA-ML-FRAME","","skip","aluminum_frame","skip_existing_ops","0","0"
"SA-BRA-O-30X22-CUSH","","skip","cushion","skip_existing_ops","0","0"
"SA-BRA-O-30X22-FRAME","","skip","aluminum_frame","skip_existing_ops","0","0"
"SA-BRA-O-34X34-CUSH","","skip","cushion","skip_existing_ops","0","0"
"SA-BRA-O-34X34-FRAME","","skip","aluminum_frame","skip_existing_ops","0","0"
"SA-BRA-O-42X22-CUSH","","skip","cushion","skip_existing_ops","0","0"
"SA-BRA-O-42X22-FRAME","","skip","aluminum_frame","skip_existing_ops","0","0"
"SA-BRA-O-42X34-CUSH","","skip","cushion","skip_existing_ops","0","0"
"SA-BRA-O-42X34-FRAME","","skip","aluminum_frame","skip_existing_ops","0","0"
"SA-BRA-O-60X22-CUSH","","skip","cushion","skip_existing_ops","0","0"
"SA-BRA-O-60X22-FRAME","","skip","aluminum_frame","skip_existing_ops","0","0"
"SA-BRA-O-60X34-CUSH","","skip","cushion","skip_existing_ops","0","0"
"SA-BRA-O-60X34-FRAME","","skip","aluminum_frame","skip_existing_ops","0","0"
"SA-BRA-O-72X22-CUSH","","skip","cushion","skip_existing_ops","0","0"
"SA-BRA-O-72X22-FRAME","","skip","aluminum_frame","skip_existing_ops","0","0"
"SA-BRA-O-72X34-CUSH","","skip","cushion","skip_existing_ops","0","0"
"SA-BRA-O-72X34-FRAME","","skip","aluminum_frame","skip_existing_ops","0","0"
"SA-BRA-ODT-30X22-CUSH","","skip","cushion","skip_existing_ops","0","0"
"SA-BRA-ODT-30X22-FRAME","","skip","aluminum_frame","skip_existing_ops","0","0"
"SA-BRA-ODT-34X34-CUSH","","skip","cushion","skip_existing_ops","0","0"
"SA-BRA-ODT-34X34-FRAME","","skip","aluminum_frame","skip_existing_ops","0","0"
"SA-BRA-ODT-42X22-CUSH","","skip","cushion","skip_existing_ops","0","0"
"SA-BRA-ODT-42X22-FRAME","","skip","aluminum_frame","skip_existing_ops","0","0"
"SA-BRA-ODT-42X34-CUSH","","skip","cushion","skip_existing_ops","0","0"
"SA-BRA-ODT-42X34-FRAME","","skip","aluminum_frame","skip_existing_ops","0","0"
"SA-BRA-ODT-60X22-CUSH","","skip","cushion","skip_existing_ops","0","0"
"SA-BRA-ODT-60X22-FRAME","","skip","aluminum_frame","skip_existing_ops","0","0"
"SA-BRA-ODT-60X34-CUSH","","skip","cushion","skip_existing_ops","0","0"
"SA-BRA-ODT-60X34-FRAME","","skip","aluminum_frame","skip_existing_ops","0","0"
"SA-BRA-ODT-72X22-CUSH","","skip","cushion","skip_existing_ops","0","0"
"SA-BRA-ODT-72X22-FRAME","","skip","aluminum_frame","skip_existing_ops","0","0"
"SA-BRA-ODT-72X34-CUSH","","skip","cushion","skip_existing_ops","0","0"
"SA-BRA-ODT-72X34-FRAME","","skip","aluminum_frame","skip_existing_ops","0","0"
"SA-BRA-S-72-CUSH","","skip","cushion","skip_existing_ops","0","0"
"SA-BRA-S-72-FRAME","","skip","aluminum_frame","skip_existing_ops","0","0"
"SA-BRA-S-84-CUSH","","skip","cushion","skip_existing_ops","0","0"
"SA-BRA-S-84-FRAME","","skip","aluminum_frame","skip_existing_ops","0","0"
"SA-BRA-S-96-CUSH","","skip","cushion","skip_existing_ops","0","0"
"SA-BRA-S-96-FRAME","","skip","aluminum_frame","skip_existing_ops","0","0"
"SA-BRA-SC-CUSH","","skip","cushion","skip_existing_ops","0","0"
"SA-BRA-SC-FRAME","","skip","aluminum_frame","skip_existing_ops","0","0"
"SA-BRA-ST-20X20-FRAME","","skip","aluminum_frame","skip_existing_ops","0","0"
"SA-BRK-TRA-DOU-CHS-48X72-CUSH","","include","cushion","missing_ops_cushion","4","4"
"SA-BRK-TRA-DOU-CHS-48X72-FRAME","","include","aluminum_frame","missing_ops_aluminum_frame","5","6"
"SA-BRK-TRA-SGL-CHS-36X72-CUSH","","include","cushion","missing_ops_cushion","4","4"
"SA-BRK-TRA-SGL-CHS-36X72-FRAME","","include","aluminum_frame","missing_ops_aluminum_frame","5","6"
"SA-BRO-C-72X34-LS-CUSH","","skip","cushion","skip_existing_ops","0","0"
"SA-BRO-C-72X34-LS-FRAME","","skip","aluminum_frame","skip_existing_ops","0","0"
"SA-BRO-C-72X34-RS-CUSH","","skip","cushion","skip_existing_ops","0","0"
"SA-BRO-C-72X34-RS-FRAME","","skip","aluminum_frame","skip_existing_ops","0","0"
"SA-BRO-C-72X42-LS-CUSH","","skip","cushion","skip_existing_ops","0","0"
"SA-BRO-C-72X42-LS-FRAME","","skip","aluminum_frame","skip_existing_ops","0","0"
"SA-BRO-C-72X42-RS-CUSH","","skip","cushion","skip_existing_ops","0","0"
"SA-BRO-C-72X42-RS-FRAME","","skip","aluminum_frame","skip_existing_ops","0","0"
"SA-BRO-C-84X34-LS-CUSH","","skip","cushion","skip_existing_ops","0","0"
"SA-BRO-C-84X34-LS-FRAME","","skip","aluminum_frame","skip_existing_ops","0","0"
"SA-BRO-C-84X34-RS-CUSH","","skip","cushion","skip_existing_ops","0","0"
"SA-BRO-C-84X34-RS-FRAME","","skip","aluminum_frame","skip_existing_ops","0","0"
"SA-BRO-C-84X42-LS-CUSH","","skip","cushion","skip_existing_ops","0","0"
"SA-BRO-C-84X42-LS-FRAME","","skip","aluminum_frame","skip_existing_ops","0","0"
"SA-BRO-C-84X42-RS-CUSH","","skip","cushion","skip_existing_ops","0","0"
"SA-BRO-C-84X42-RS-FRAME","","skip","aluminum_frame","skip_existing_ops","0","0"
"SA-BRO-CL-D-CUSH","","skip","cushion","skip_existing_ops","0","0"
"SA-BRO-CL-D-FRAME","","skip","aluminum_frame","skip_existing_ops","0","0"
"SA-BRO-CL-S-CUSH","","skip","cushion","skip_existing_ops","0","0"
"SA-BRO-CL-S-FRAME","","skip","aluminum_frame","skip_existing_ops","0","0"
"SA-BRO-CS-72-LS-CUSH","","skip","cushion","skip_existing_ops","0","0"
"SA-BRO-CS-72-LS-FRAME","","skip","aluminum_frame","skip_existing_ops","0","0"
"SA-BRO-CS-72-RS-CUSH","","skip","cushion","skip_existing_ops","0","0"
"SA-BRO-CS-72-RS-FRAME","","skip","aluminum_frame","skip_existing_ops","0","0"
"SA-BRO-CS-84-LS-CUSH","","skip","cushion","skip_existing_ops","0","0"
"SA-BRO-CS-84-LS-FRAME","","skip","aluminum_frame","skip_existing_ops","0","0"
"SA-BRO-CS-84-RS-CUSH","","skip","cushion","skip_existing_ops","0","0"
"SA-BRO-CS-84-RS-FRAME","","skip","aluminum_frame","skip_existing_ops","0","0"
"SA-BRO-CS-96-LS-CUSH","","skip","cushion","skip_existing_ops","0","0"
"SA-BRO-CS-96-LS-FRAME","","skip","aluminum_frame","skip_existing_ops","0","0"
"SA-BRO-CS-96-RS-CUSH","","skip","cushion","skip_existing_ops","0","0"
"SA-BRO-CS-96-RS-FRAME","","skip","aluminum_frame","skip_existing_ops","0","0"
"SA-BRO-L-CUSH","","skip","cushion","skip_existing_ops","0","0"
"SA-BRO-L-FRAME","","skip","aluminum_frame","skip_existing_ops","0","0"
"SA-BRO-S-72-CUSH","","skip","cushion","skip_existing_ops","0","0"
"SA-BRO-S-72-FRAME","","skip","aluminum_frame","skip_existing_ops","0","0"
"SA-BRO-S-84-CUSH","","skip","cushion","skip_existing_ops","0","0"
"SA-BRO-S-84-FRAME","","skip","aluminum_frame","skip_existing_ops","0","0"
"SA-BRO-S-96-CUSH","","skip","cushion","skip_existing_ops","0","0"
"SA-BRO-S-96-FRAME","","skip","aluminum_frame","skip_existing_ops","0","0"
"SA-BRO-TC-D-CUSH","","skip","cushion","skip_existing_ops","0","0"
"SA-BRO-TC-D-FRAME","","skip","aluminum_frame","skip_existing_ops","0","0"
"SA-BRO-TC-S-CUSH","","skip","cushion","skip_existing_ops","0","0"
"SA-BRO-TC-S-FRAME","","skip","aluminum_frame","skip_existing_ops","0","0"
"SA-BRV-ARM","","skip","","skip_out_of_scope_family","0","0"
"SA-BRV-CLB-CHA-34X34-BACK","","skip","","skip_out_of_scope_family","0","0"
"SA-BRV-CLB-CHA-34X34-CUSH","","skip","cushion","skip_existing_ops","0","0"
"SA-BRV-CLB-CHA-34X34-FRAME","","include","aluminum_frame","missing_ops_aluminum_frame","5","6"
"SA-BRV-CLB-CHA-34X34-SEAT","","skip","","skip_out_of_scope_family","0","0"
"SA-BRV-LOV-SOF-60X34-CUSH","","include","cushion","missing_ops_cushion","4","4"
"SA-BRV-LOV-SOF-60X34-FRAME","","include","aluminum_frame","missing_ops_aluminum_frame","5","6"
"SA-BRV-MIN-LOV-48X34-CUSH","","include","cushion","missing_ops_cushion","4","4"
"SA-BRV-MIN-LOV-48X34-FRAME","","include","aluminum_frame","missing_ops_aluminum_frame","5","6"
"SA-BRV-SWV-CHA-34X34-CUSH","","include","cushion","missing_ops_cushion","4","4"
"SA-BRV-SWV-CHA-34X34-FRAME","","include","aluminum_frame","missing_ops_aluminum_frame","5","6"
"SA-DAI-TAB-72X42-FRAME","","skip","aluminum_frame","skip_existing_ops","0","0"
"SA-OCE-CC-CUSH","","skip","cushion","skip_existing_ops","0","0"
"SA-OCE-CC-FRAME","","skip","aluminum_frame","skip_existing_ops","0","0"
"SA-OCE-CT-36X36-FRAME","","skip","aluminum_frame","skip_existing_ops","0","0"
"SA-OCE-CT-42X28-FRAME","","skip","aluminum_frame","skip_existing_ops","0","0"
"SA-OCE-CT-42X42-FRAME","","skip","aluminum_frame","skip_existing_ops","0","0"
"SA-OCE-CT-56X28-FRAME","","skip","aluminum_frame","skip_existing_ops","0","0"
"SA-OCE-CT-56X36-FRAME","","skip","aluminum_frame","skip_existing_ops","0","0"
"SA-OCE-CT-56X42-FRAME","","skip","aluminum_frame","skip_existing_ops","0","0"
"SA-OCE-CT-56X56-FRAME","","skip","aluminum_frame","skip_existing_ops","0","0"
"SA-OCE-CT-72X36-FRAME","","skip","aluminum_frame","skip_existing_ops","0","0"
"SA-OCE-CT-72X42-FRAME","","skip","aluminum_frame","skip_existing_ops","0","0"
"SA-OCE-CT-72X56-FRAME","","skip","aluminum_frame","skip_existing_ops","0","0"
"SA-OCE-DCL-CUSH","","skip","cushion","skip_existing_ops","0","0"
"SA-OCE-DCL-FRAME","","skip","aluminum_frame","skip_existing_ops","0","0"
"SA-OCE-L-CUSH","","skip","cushion","skip_existing_ops","0","0"
"SA-OCE-L-FRAME","","skip","aluminum_frame","skip_existing_ops","0","0"
"SA-OCE-ML-CUSH","","skip","cushion","skip_existing_ops","0","0"
"SA-OCE-ML-FRAME","","skip","aluminum_frame","skip_existing_ops","0","0"
"SA-OCE-O-30X22-CUSH","","skip","cushion","skip_existing_ops","0","0"
"SA-OCE-O-30X22-FRAME","","skip","aluminum_frame","skip_existing_ops","0","0"
"SA-OCE-O-42X22-CUSH","","skip","cushion","skip_existing_ops","0","0"
"SA-OCE-O-42X22-FRAME","","skip","aluminum_frame","skip_existing_ops","0","0"
"SA-OCE-O-60X22-CUSH","","skip","cushion","skip_existing_ops","0","0"
"SA-OCE-O-60X22-FRAME","","skip","aluminum_frame","skip_existing_ops","0","0"
"SA-OCE-O-72X22-CUSH","","skip","cushion","skip_existing_ops","0","0"
"SA-OCE-O-72X22-FRAME","","skip","aluminum_frame","skip_existing_ops","0","0"
"SA-OCE-RST-36-FRAME","","skip","aluminum_frame","skip_existing_ops","0","0"
"SA-OCE-RST-42-FRAME","","skip","aluminum_frame","skip_existing_ops","0","0"
"SA-OCE-S-72-CUSH","","skip","cushion","skip_existing_ops","0","0"
"SA-OCE-S-72-FRAME","","skip","aluminum_frame","skip_existing_ops","0","0"
"SA-OCE-S-84-CUSH","","skip","cushion","skip_existing_ops","0","0"
"SA-OCE-S-84-FRAME","","skip","aluminum_frame","skip_existing_ops","0","0"
"SA-OCE-S-96-CUSH","","skip","cushion","skip_existing_ops","0","0"
"SA-OCE-S-96-FRAME","","skip","aluminum_frame","skip_existing_ops","0","0"
"SA-OCE-SC-CUSH","","skip","cushion","skip_existing_ops","0","0"
"SA-OCE-SC-FRAME","","skip","aluminum_frame","skip_existing_ops","0","0"
"SA-OCE-SCL-CUSH","","skip","cushion","skip_existing_ops","0","0"
"SA-OCE-SCL-FRAME","","skip","aluminum_frame","skip_existing_ops","0","0"
"SA-OCE-ST-20X20-FRAME","","skip","aluminum_frame","skip_existing_ops","0","0"
"SA-OCN-CLB-CHA-34X38-CUSH","","include","cushion","missing_ops_cushion","4","4"
"SA-OCN-CLB-CHA-34X38-FRAME","","include","aluminum_frame","missing_ops_aluminum_frame","5","6"
"SA-OCN-DOU-CHS-58X79-CUSH","","include","cushion","missing_ops_cushion","4","4"
"SA-OCN-DOU-CHS-58X79-FRAME","","include","aluminum_frame","missing_ops_aluminum_frame","5","6"
"SA-OCN-LOV-SOF-60X38-CUSH","","include","cushion","missing_ops_cushion","4","4"
"SA-OCN-LOV-SOF-60X38-FRAME","","include","aluminum_frame","missing_ops_aluminum_frame","5","6"
"SA-OCN-MIN-LOV-60X48-CUSH","","include","cushion","missing_ops_cushion","4","4"
"SA-OCN-MIN-LOV-60X48-FRAME","","include","aluminum_frame","missing_ops_aluminum_frame","5","6"
"SA-OCN-MIN-LOV-CUSH","","skip","cushion","skip_existing_ops","0","0"
"SA-OCN-MIN-LOV-FRAME","","skip","aluminum_frame","skip_existing_ops","0","0"
"SA-OCN-SGL-CHS-36X79-CUSH","","include","cushion","missing_ops_cushion","4","4"
"SA-OCN-SGL-CHS-36X79-FRAME","","include","aluminum_frame","missing_ops_aluminum_frame","5","6"
"SA-OCN-SWV-CHA-34X34-CUSH","","include","cushion","missing_ops_cushion","4","4"
"SA-OCN-SWV-CHA-34X34-FRAME","","include","aluminum_frame","missing_ops_aluminum_frame","5","6"
"SA-WFT-DIN-TAB-72X28-BASE","","skip","","skip_existing_ops","0","0"
