Product variant code / SKU (required),Product variant name,Product operation name (required),Resource,Type,Cost parameter,Hours,Minutes,Seconds
ASM-BRK-BAR-TAB-120X28-FRAME,,Cold Saw Fabrication,Metal Cutting,Process,,0,6,54
ASM-BRK-BAR-TAB-120X28-FRAME,,Fabrication & Welding,FAB POD A,Process,,1,16,18
ASM-BRK-BAR-TAB-120X28-FRAME,,Sandblasting Setup,Sandblasting,Setup,,0,10,0
ASM-BRK-BAR-TAB-120X28-FRAME,,Sandblasting,Sandblasting,Process,,0,20,0
ASM-BRK-BAR-TAB-120X28-FRAME,,Powder Coating Booth,Powder Coating Booth,Process,,0,13,48
ASM-BRK-BAR-TAB-120X28-FRAME,,Curing Oven,Curing Oven,Process,,0,20,0
ASM-BRK-BAR-TAB-120X36-FRAME,,Cold Saw Fabrication,Metal Cutting,Process,,0,6,54
ASM-BRK-BAR-TAB-120X36-FRAME,,Fabrication & Welding,FAB POD A,Process,,1,16,18
ASM-BRK-BAR-TAB-120X36-FRAME,,Sandblasting Setup,Sandblasting,Setup,,0,10,0
ASM-BRK-BAR-TAB-120X36-FRAME,,Sandblasting,Sandblasting,Process,,0,20,0
ASM-BRK-BAR-TAB-120X36-FRAME,,Powder Coating Booth,Powder Coating Booth,Process,,0,13,48
ASM-BRK-BAR-TAB-120X36-FRAME,,Curing Oven,Curing Oven,Process,,0,20,0
ASM-BRK-BAR-TAB-28X120-FRAME,,Cold Saw Fabrication,Metal Cutting,Process,,0,6,54
ASM-BRK-BAR-TAB-28X120-FRAME,,Fabrication & Welding,FAB POD A,Process,,1,16,18
ASM-BRK-BAR-TAB-28X120-FRAME,,Sandblasting Setup,Sandblasting,Setup,,0,10,0
ASM-BRK-BAR-TAB-28X120-FRAME,,Sandblasting,Sandblasting,Process,,0,20,0
ASM-BRK-BAR-TAB-28X120-FRAME,,Powder Coating Booth,Powder Coating Booth,Process,,0,13,48
ASM-BRK-BAR-TAB-28X120-FRAME,,Curing Oven,Curing Oven,Process,,0,20,0
ASM-BRK-BAR-TAB-28X72-FRAME,,Cold Saw Fabrication,Metal Cutting,Process,,0,6,54
ASM-BRK-BAR-TAB-28X72-FRAME,,Fabrication & Welding,FAB POD A,Process,,1,16,18
ASM-BRK-BAR-TAB-28X72-FRAME,,Sandblasting Setup,Sandblasting,Setup,,0,10,0
ASM-BRK-BAR-TAB-28X72-FRAME,,Sandblasting,Sandblasting,Process,,0,20,0
ASM-BRK-BAR-TAB-28X72-FRAME,,Powder Coating Booth,Powder Coating Booth,Process,,0,13,48
ASM-BRK-BAR-TAB-28X72-FRAME,,Curing Oven,Curing Oven,Process,,0,20,0
ASM-BRK-BAR-TAB-28X96-FRAME,,Cold Saw Fabrication,Metal Cutting,Process,,0,6,54
ASM-BRK-BAR-TAB-28X96-FRAME,,Fabrication & Welding,FAB POD A,Process,,1,16,18
ASM-BRK-BAR-TAB-28X96-FRAME,,Sandblasting Setup,Sandblasting,Setup,,0,10,0
ASM-BRK-BAR-TAB-28X96-FRAME,,Sandblasting,Sandblasting,Process,,0,20,0
ASM-BRK-BAR-TAB-28X96-FRAME,,Powder Coating Booth,Powder Coating Booth,Process,,0,13,48
ASM-BRK-BAR-TAB-28X96-FRAME,,Curing Oven,Curing Oven,Process,,0,20,0
ASM-BRK-BAR-TAB-36X120-FRAME,,Cold Saw Fabrication,Metal Cutting,Process,,0,6,54
ASM-BRK-BAR-TAB-36X120-FRAME,,Fabrication & Welding,FAB POD A,Process,,1,16,18
ASM-BRK-BAR-TAB-36X120-FRAME,,Sandblasting Setup,Sandblasting,Setup,,0,10,0
ASM-BRK-BAR-TAB-36X120-FRAME,,Sandblasting,Sandblasting,Process,,0,20,0
ASM-BRK-BAR-TAB-36X120-FRAME,,Powder Coating Booth,Powder Coating Booth,Process,,0,13,48
ASM-BRK-BAR-TAB-36X120-FRAME,,Curing Oven,Curing Oven,Process,,0,20,0
ASM-BRK-BAR-TAB-36X36-FRAME,,Cold Saw Fabrication,Metal Cutting,Process,,0,6,54
ASM-BRK-BAR-TAB-36X36-FRAME,,Fabrication & Welding,FAB POD A,Process,,1,16,18
ASM-BRK-BAR-TAB-36X36-FRAME,,Sandblasting Setup,Sandblasting,Setup,,0,10,0
ASM-BRK-BAR-TAB-36X36-FRAME,,Sandblasting,Sandblasting,Process,,0,20,0
ASM-BRK-BAR-TAB-36X36-FRAME,,Powder Coating Booth,Powder Coating Booth,Process,,0,13,48
ASM-BRK-BAR-TAB-36X36-FRAME,,Curing Oven,Curing Oven,Process,,0,20,0
ASM-BRK-BAR-TAB-36X72-FRAME,,Cold Saw Fabrication,Metal Cutting,Process,,0,6,54
ASM-BRK-BAR-TAB-36X72-FRAME,,Fabrication & Welding,FAB POD A,Process,,1,16,18
ASM-BRK-BAR-TAB-36X72-FRAME,,Sandblasting Setup,Sandblasting,Setup,,0,10,0
ASM-BRK-BAR-TAB-36X72-FRAME,,Sandblasting,Sandblasting,Process,,0,20,0
ASM-BRK-BAR-TAB-36X72-FRAME,,Powder Coating Booth,Powder Coating Booth,Process,,0,13,48
ASM-BRK-BAR-TAB-36X72-FRAME,,Curing Oven,Curing Oven,Process,,0,20,0
ASM-BRK-BAR-TAB-36X96-FRAME,,Cold Saw Fabrication,Metal Cutting,Process,,0,6,54
ASM-BRK-BAR-TAB-36X96-FRAME,,Fabrication & Welding,FAB POD A,Process,,1,16,18
ASM-BRK-BAR-TAB-36X96-FRAME,,Sandblasting Setup,Sandblasting,Setup,,0,10,0
ASM-BRK-BAR-TAB-36X96-FRAME,,Sandblasting,Sandblasting,Process,,0,20,0
ASM-BRK-BAR-TAB-36X96-FRAME,,Powder Coating Booth,Powder Coating Booth,Process,,0,13,48
ASM-BRK-BAR-TAB-36X96-FRAME,,Curing Oven,Curing Oven,Process,,0,20,0
ASM-BRK-BAR-TAB-42X42-FRAME,,Cold Saw Fabrication,Metal Cutting,Process,,0,6,54
ASM-BRK-BAR-TAB-42X42-FRAME,,Fabrication & Welding,FAB POD A,Process,,1,16,18
ASM-BRK-BAR-TAB-42X42-FRAME,,Sandblasting Setup,Sandblasting,Setup,,0,10,0
ASM-BRK-BAR-TAB-42X42-FRAME,,Sandblasting,Sandblasting,Process,,0,20,0
ASM-BRK-BAR-TAB-42X42-FRAME,,Powder Coating Booth,Powder Coating Booth,Process,,0,13,48
ASM-BRK-BAR-TAB-42X42-FRAME,,Curing Oven,Curing Oven,Process,,0,20,0
ASM-BRK-BAR-TAB-72X28-FRAME,,Cold Saw Fabrication,Metal Cutting,Process,,0,6,54
ASM-BRK-BAR-TAB-72X28-FRAME,,Fabrication & Welding,FAB POD A,Process,,1,16,18
ASM-BRK-BAR-TAB-72X28-FRAME,,Sandblasting Setup,Sandblasting,Setup,,0,10,0
ASM-BRK-BAR-TAB-72X28-FRAME,,Sandblasting,Sandblasting,Process,,0,20,0
ASM-BRK-BAR-TAB-72X28-FRAME,,Powder Coating Booth,Powder Coating Booth,Process,,0,13,48
ASM-BRK-BAR-TAB-72X28-FRAME,,Curing Oven,Curing Oven,Process,,0,20,0
ASM-BRK-BAR-TAB-72X36-FRAME,,Cold Saw Fabrication,Metal Cutting,Process,,0,6,54
ASM-BRK-BAR-TAB-72X36-FRAME,,Fabrication & Welding,FAB POD A,Process,,1,16,18
ASM-BRK-BAR-TAB-72X36-FRAME,,Sandblasting Setup,Sandblasting,Setup,,0,10,0
ASM-BRK-BAR-TAB-72X36-FRAME,,Sandblasting,Sandblasting,Process,,0,20,0
ASM-BRK-BAR-TAB-72X36-FRAME,,Powder Coating Booth,Powder Coating Booth,Process,,0,13,48
ASM-BRK-BAR-TAB-72X36-FRAME,,Curing Oven,Curing Oven,Process,,0,20,0
ASM-BRK-BAR-TAB-96X36-FRAME,,Cold Saw Fabrication,Metal Cutting,Process,,0,6,54
ASM-BRK-BAR-TAB-96X36-FRAME,,Fabrication & Welding,FAB POD A,Process,,1,16,18
ASM-BRK-BAR-TAB-96X36-FRAME,,Sandblasting Setup,Sandblasting,Setup,,0,10,0
ASM-BRK-BAR-TAB-96X36-FRAME,,Sandblasting,Sandblasting,Process,,0,20,0
ASM-BRK-BAR-TAB-96X36-FRAME,,Powder Coating Booth,Powder Coating Booth,Process,,0,13,48
ASM-BRK-BAR-TAB-96X36-FRAME,,Curing Oven,Curing Oven,Process,,0,20,0
ASM-BRK-BAR-TAB-98X28-FRAME,,Cold Saw Fabrication,Metal Cutting,Process,,0,6,54
ASM-BRK-BAR-TAB-98X28-FRAME,,Fabrication & Welding,FAB POD A,Process,,1,16,18
ASM-BRK-BAR-TAB-98X28-FRAME,,Sandblasting Setup,Sandblasting,Setup,,0,10,0
ASM-BRK-BAR-TAB-98X28-FRAME,,Sandblasting,Sandblasting,Process,,0,20,0
ASM-BRK-BAR-TAB-98X28-FRAME,,Powder Coating Booth,Powder Coating Booth,Process,,0,13,48
ASM-BRK-BAR-TAB-98X28-FRAME,,Curing Oven,Curing Oven,Process,,0,20,0
ASM-BRK-CNT-TAB-120X28-FRAME,,Cold Saw Fabrication,Metal Cutting,Process,,0,6,54
ASM-BRK-CNT-TAB-120X28-FRAME,,Fabrication & Welding,FAB POD A,Process,,1,16,18
ASM-BRK-CNT-TAB-120X28-FRAME,,Sandblasting Setup,Sandblasting,Setup,,0,10,0
ASM-BRK-CNT-TAB-120X28-FRAME,,Sandblasting,Sandblasting,Process,,0,20,0
ASM-BRK-CNT-TAB-120X28-FRAME,,Powder Coating Booth,Powder Coating Booth,Process,,0,13,48
ASM-BRK-CNT-TAB-120X28-FRAME,,Curing Oven,Curing Oven,Process,,0,20,0
ASM-BRK-CNT-TAB-120X36-FRAME,,Cold Saw Fabrication,Metal Cutting,Process,,0,6,54
ASM-BRK-CNT-TAB-120X36-FRAME,,Fabrication & Welding,FAB POD A,Process,,1,16,18
ASM-BRK-CNT-TAB-120X36-FRAME,,Sandblasting Setup,Sandblasting,Setup,,0,10,0
ASM-BRK-CNT-TAB-120X36-FRAME,,Sandblasting,Sandblasting,Process,,0,20,0
ASM-BRK-CNT-TAB-120X36-FRAME,,Powder Coating Booth,Powder Coating Booth,Process,,0,13,48
ASM-BRK-CNT-TAB-120X36-FRAME,,Curing Oven,Curing Oven,Process,,0,20,0
ASM-BRK-CNT-TAB-28X120-FRAME,,Cold Saw Fabrication,Metal Cutting,Process,,0,6,54
ASM-BRK-CNT-TAB-28X120-FRAME,,Fabrication & Welding,FAB POD A,Process,,1,16,18
ASM-BRK-CNT-TAB-28X120-FRAME,,Sandblasting Setup,Sandblasting,Setup,,0,10,0
ASM-BRK-CNT-TAB-28X120-FRAME,,Sandblasting,Sandblasting,Process,,0,20,0
ASM-BRK-CNT-TAB-28X120-FRAME,,Powder Coating Booth,Powder Coating Booth,Process,,0,13,48
ASM-BRK-CNT-TAB-28X120-FRAME,,Curing Oven,Curing Oven,Process,,0,20,0
ASM-BRK-CNT-TAB-28X72-FRAME,,Cold Saw Fabrication,Metal Cutting,Process,,0,6,54
ASM-BRK-CNT-TAB-28X72-FRAME,,Fabrication & Welding,FAB POD A,Process,,1,16,18
ASM-BRK-CNT-TAB-28X72-FRAME,,Sandblasting Setup,Sandblasting,Setup,,0,10,0
ASM-BRK-CNT-TAB-28X72-FRAME,,Sandblasting,Sandblasting,Process,,0,20,0
ASM-BRK-CNT-TAB-28X72-FRAME,,Powder Coating Booth,Powder Coating Booth,Process,,0,13,48
ASM-BRK-CNT-TAB-28X72-FRAME,,Curing Oven,Curing Oven,Process,,0,20,0
ASM-BRK-CNT-TAB-28X96-FRAME,,Cold Saw Fabrication,Metal Cutting,Process,,0,6,54
ASM-BRK-CNT-TAB-28X96-FRAME,,Fabrication & Welding,FAB POD A,Process,,1,16,18
ASM-BRK-CNT-TAB-28X96-FRAME,,Sandblasting Setup,Sandblasting,Setup,,0,10,0
ASM-BRK-CNT-TAB-28X96-FRAME,,Sandblasting,Sandblasting,Process,,0,20,0
ASM-BRK-CNT-TAB-28X96-FRAME,,Powder Coating Booth,Powder Coating Booth,Process,,0,13,48
ASM-BRK-CNT-TAB-28X96-FRAME,,Curing Oven,Curing Oven,Process,,0,20,0
ASM-BRK-CNT-TAB-36X120-FRAME,,Cold Saw Fabrication,Metal Cutting,Process,,0,6,54
ASM-BRK-CNT-TAB-36X120-FRAME,,Fabrication & Welding,FAB POD A,Process,,1,16,18
ASM-BRK-CNT-TAB-36X120-FRAME,,Sandblasting Setup,Sandblasting,Setup,,0,10,0
ASM-BRK-CNT-TAB-36X120-FRAME,,Sandblasting,Sandblasting,Process,,0,20,0
ASM-BRK-CNT-TAB-36X120-FRAME,,Powder Coating Booth,Powder Coating Booth,Process,,0,13,48
ASM-BRK-CNT-TAB-36X120-FRAME,,Curing Oven,Curing Oven,Process,,0,20,0
ASM-BRK-CNT-TAB-36X36-FRAME,,Cold Saw Fabrication,Metal Cutting,Process,,0,6,54
ASM-BRK-CNT-TAB-36X36-FRAME,,Fabrication & Welding,FAB POD A,Process,,1,16,18
ASM-BRK-CNT-TAB-36X36-FRAME,,Sandblasting Setup,Sandblasting,Setup,,0,10,0
ASM-BRK-CNT-TAB-36X36-FRAME,,Sandblasting,Sandblasting,Process,,0,20,0
ASM-BRK-CNT-TAB-36X36-FRAME,,Powder Coating Booth,Powder Coating Booth,Process,,0,13,48
ASM-BRK-CNT-TAB-36X36-FRAME,,Curing Oven,Curing Oven,Process,,0,20,0
ASM-BRK-CNT-TAB-36X72-FRAME,,Cold Saw Fabrication,Metal Cutting,Process,,0,6,54
ASM-BRK-CNT-TAB-36X72-FRAME,,Fabrication & Welding,FAB POD A,Process,,1,16,18
ASM-BRK-CNT-TAB-36X72-FRAME,,Sandblasting Setup,Sandblasting,Setup,,0,10,0
ASM-BRK-CNT-TAB-36X72-FRAME,,Sandblasting,Sandblasting,Process,,0,20,0
ASM-BRK-CNT-TAB-36X72-FRAME,,Powder Coating Booth,Powder Coating Booth,Process,,0,13,48
ASM-BRK-CNT-TAB-36X72-FRAME,,Curing Oven,Curing Oven,Process,,0,20,0
ASM-BRK-CNT-TAB-36X96-FRAME,,Cold Saw Fabrication,Metal Cutting,Process,,0,6,54
ASM-BRK-CNT-TAB-36X96-FRAME,,Fabrication & Welding,FAB POD A,Process,,1,16,18
ASM-BRK-CNT-TAB-36X96-FRAME,,Sandblasting Setup,Sandblasting,Setup,,0,10,0
ASM-BRK-CNT-TAB-36X96-FRAME,,Sandblasting,Sandblasting,Process,,0,20,0
ASM-BRK-CNT-TAB-36X96-FRAME,,Powder Coating Booth,Powder Coating Booth,Process,,0,13,48
ASM-BRK-CNT-TAB-36X96-FRAME,,Curing Oven,Curing Oven,Process,,0,20,0
ASM-BRK-CNT-TAB-42X42-FRAME,,Cold Saw Fabrication,Metal Cutting,Process,,0,6,54
ASM-BRK-CNT-TAB-42X42-FRAME,,Fabrication & Welding,FAB POD A,Process,,1,16,18
ASM-BRK-CNT-TAB-42X42-FRAME,,Sandblasting Setup,Sandblasting,Setup,,0,10,0
ASM-BRK-CNT-TAB-42X42-FRAME,,Sandblasting,Sandblasting,Process,,0,20,0
ASM-BRK-CNT-TAB-42X42-FRAME,,Powder Coating Booth,Powder Coating Booth,Process,,0,13,48
ASM-BRK-CNT-TAB-42X42-FRAME,,Curing Oven,Curing Oven,Process,,0,20,0
ASM-BRK-CNT-TAB-72X18-FRAME,,Cold Saw Fabrication,Metal Cutting,Process,,0,6,54
ASM-BRK-CNT-TAB-72X18-FRAME,,Fabrication & Welding,FAB POD A,Process,,1,16,18
ASM-BRK-CNT-TAB-72X18-FRAME,,Sandblasting Setup,Sandblasting,Setup,,0,10,0
ASM-BRK-CNT-TAB-72X18-FRAME,,Sandblasting,Sandblasting,Process,,0,20,0
ASM-BRK-CNT-TAB-72X18-FRAME,,Powder Coating Booth,Powder Coating Booth,Process,,0,13,48
ASM-BRK-CNT-TAB-72X18-FRAME,,Curing Oven,Curing Oven,Process,,0,20,0
ASM-BRK-CNT-TAB-72X28-FRAME,,Cold Saw Fabrication,Metal Cutting,Process,,0,6,54
ASM-BRK-CNT-TAB-72X28-FRAME,,Fabrication & Welding,FAB POD A,Process,,1,16,18
ASM-BRK-CNT-TAB-72X28-FRAME,,Sandblasting Setup,Sandblasting,Setup,,0,10,0
ASM-BRK-CNT-TAB-72X28-FRAME,,Sandblasting,Sandblasting,Process,,0,20,0
ASM-BRK-CNT-TAB-72X28-FRAME,,Powder Coating Booth,Powder Coating Booth,Process,,0,13,48
ASM-BRK-CNT-TAB-72X28-FRAME,,Curing Oven,Curing Oven,Process,,0,20,0
ASM-BRK-CNT-TAB-72X36-FRAME,,Cold Saw Fabrication,Metal Cutting,Process,,0,6,54
ASM-BRK-CNT-TAB-72X36-FRAME,,Fabrication & Welding,FAB POD A,Process,,1,16,18
ASM-BRK-CNT-TAB-72X36-FRAME,,Sandblasting Setup,Sandblasting,Setup,,0,10,0
ASM-BRK-CNT-TAB-72X36-FRAME,,Sandblasting,Sandblasting,Process,,0,20,0
ASM-BRK-CNT-TAB-72X36-FRAME,,Powder Coating Booth,Powder Coating Booth,Process,,0,13,48
ASM-BRK-CNT-TAB-72X36-FRAME,,Curing Oven,Curing Oven,Process,,0,20,0
ASM-BRK-CNT-TAB-96X28-FRAME,,Cold Saw Fabrication,Metal Cutting,Process,,0,6,54
ASM-BRK-CNT-TAB-96X28-FRAME,,Fabrication & Welding,FAB POD A,Process,,1,16,18
ASM-BRK-CNT-TAB-96X28-FRAME,,Sandblasting Setup,Sandblasting,Setup,,0,10,0
ASM-BRK-CNT-TAB-96X28-FRAME,,Sandblasting,Sandblasting,Process,,0,20,0
ASM-BRK-CNT-TAB-96X28-FRAME,,Powder Coating Booth,Powder Coating Booth,Process,,0,13,48
ASM-BRK-CNT-TAB-96X28-FRAME,,Curing Oven,Curing Oven,Process,,0,20,0
ASM-BRK-CNT-TAB-96X36-FRAME,,Cold Saw Fabrication,Metal Cutting,Process,,0,6,54
ASM-BRK-CNT-TAB-96X36-FRAME,,Fabrication & Welding,FAB POD A,Process,,1,16,18
ASM-BRK-CNT-TAB-96X36-FRAME,,Sandblasting Setup,Sandblasting,Setup,,0,10,0
ASM-BRK-CNT-TAB-96X36-FRAME,,Sandblasting,Sandblasting,Process,,0,20,0
ASM-BRK-CNT-TAB-96X36-FRAME,,Powder Coating Booth,Powder Coating Booth,Process,,0,13,48
ASM-BRK-CNT-TAB-96X36-FRAME,,Curing Oven,Curing Oven,Process,,0,20,0
ASM-BRK-COR-CHS-84X42-CUSH,,Fabric Cutting,Fabric Cutting,Process,,0,2,54
ASM-BRK-COR-CHS-84X42-CUSH,,Fabric Sewing,Fabric Sewing,Process,,0,13,48
ASM-BRK-COR-CHS-84X42-CUSH,,Cushion Stuffing,Cushion Stuffing,Process,,0,4,0
ASM-BRK-COR-CHS-84X42-CUSH,,Quality Control,Quality Control,Process,,0,8,0
ASM-BRK-COR-CHS-84X42-FRAME,,Cold Saw Fabrication,Metal Cutting,Process,,0,6,54
ASM-BRK-COR-CHS-84X42-FRAME,,Fabrication & Welding,FAB POD A,Process,,1,16,18
ASM-BRK-COR-CHS-84X42-FRAME,,Sandblasting Setup,Sandblasting,Setup,,0,10,0
ASM-BRK-COR-CHS-84X42-FRAME,,Sandblasting,Sandblasting,Process,,0,20,0
ASM-BRK-COR-CHS-84X42-FRAME,,Powder Coating Booth,Powder Coating Booth,Process,,0,13,48
ASM-BRK-COR-CHS-84X42-FRAME,,Curing Oven,Curing Oven,Process,,0,20,0
ASM-BRK-DIN-TAB-120X28-FRAME,,Cold Saw Fabrication,Metal Cutting,Process,,0,6,54
ASM-BRK-DIN-TAB-120X28-FRAME,,Fabrication & Welding,FAB POD A,Process,,1,16,18
ASM-BRK-DIN-TAB-120X28-FRAME,,Sandblasting Setup,Sandblasting,Setup,,0,10,0
ASM-BRK-DIN-TAB-120X28-FRAME,,Sandblasting,Sandblasting,Process,,0,20,0
ASM-BRK-DIN-TAB-120X28-FRAME,,Powder Coating Booth,Powder Coating Booth,Process,,0,13,48
ASM-BRK-DIN-TAB-120X28-FRAME,,Curing Oven,Curing Oven,Process,,0,20,0
ASM-BRK-DIN-TAB-120X36-FRAME,,Cold Saw Fabrication,Metal Cutting,Process,,0,6,54
ASM-BRK-DIN-TAB-120X36-FRAME,,Fabrication & Welding,FAB POD A,Process,,1,16,18
ASM-BRK-DIN-TAB-120X36-FRAME,,Sandblasting Setup,Sandblasting,Setup,,0,10,0
ASM-BRK-DIN-TAB-120X36-FRAME,,Sandblasting,Sandblasting,Process,,0,20,0
ASM-BRK-DIN-TAB-120X36-FRAME,,Powder Coating Booth,Powder Coating Booth,Process,,0,13,48
ASM-BRK-DIN-TAB-120X36-FRAME,,Curing Oven,Curing Oven,Process,,0,20,0
ASM-BRK-DIN-TAB-28X120-FRAME,,Cold Saw Fabrication,Metal Cutting,Process,,0,6,54
ASM-BRK-DIN-TAB-28X120-FRAME,,Fabrication & Welding,FAB POD A,Process,,1,16,18
ASM-BRK-DIN-TAB-28X120-FRAME,,Sandblasting Setup,Sandblasting,Setup,,0,10,0
ASM-BRK-DIN-TAB-28X120-FRAME,,Sandblasting,Sandblasting,Process,,0,20,0
ASM-BRK-DIN-TAB-28X120-FRAME,,Powder Coating Booth,Powder Coating Booth,Process,,0,13,48
ASM-BRK-DIN-TAB-28X120-FRAME,,Curing Oven,Curing Oven,Process,,0,20,0
ASM-BRK-DIN-TAB-28X72-FRAME,,Cold Saw Fabrication,Metal Cutting,Process,,0,6,54
ASM-BRK-DIN-TAB-28X72-FRAME,,Fabrication & Welding,FAB POD A,Process,,1,16,18
ASM-BRK-DIN-TAB-28X72-FRAME,,Sandblasting Setup,Sandblasting,Setup,,0,10,0
ASM-BRK-DIN-TAB-28X72-FRAME,,Sandblasting,Sandblasting,Process,,0,20,0
ASM-BRK-DIN-TAB-28X72-FRAME,,Powder Coating Booth,Powder Coating Booth,Process,,0,13,48
ASM-BRK-DIN-TAB-28X72-FRAME,,Curing Oven,Curing Oven,Process,,0,20,0
ASM-BRK-DIN-TAB-28X96-FRAME,,Cold Saw Fabrication,Metal Cutting,Process,,0,6,54
ASM-BRK-DIN-TAB-28X96-FRAME,,Fabrication & Welding,FAB POD A,Process,,1,16,18
ASM-BRK-DIN-TAB-28X96-FRAME,,Sandblasting Setup,Sandblasting,Setup,,0,10,0
ASM-BRK-DIN-TAB-28X96-FRAME,,Sandblasting,Sandblasting,Process,,0,20,0
ASM-BRK-DIN-TAB-28X96-FRAME,,Powder Coating Booth,Powder Coating Booth,Process,,0,13,48
ASM-BRK-DIN-TAB-28X96-FRAME,,Curing Oven,Curing Oven,Process,,0,20,0
ASM-BRK-DIN-TAB-36X120-FRAME,,Cold Saw Fabrication,Metal Cutting,Process,,0,6,54
ASM-BRK-DIN-TAB-36X120-FRAME,,Fabrication & Welding,FAB POD A,Process,,1,16,18
ASM-BRK-DIN-TAB-36X120-FRAME,,Sandblasting Setup,Sandblasting,Setup,,0,10,0
ASM-BRK-DIN-TAB-36X120-FRAME,,Sandblasting,Sandblasting,Process,,0,20,0
ASM-BRK-DIN-TAB-36X120-FRAME,,Powder Coating Booth,Powder Coating Booth,Process,,0,13,48
ASM-BRK-DIN-TAB-36X120-FRAME,,Curing Oven,Curing Oven,Process,,0,20,0
ASM-BRK-DIN-TAB-36X36-FRAME,,Cold Saw Fabrication,Metal Cutting,Process,,0,6,54
ASM-BRK-DIN-TAB-36X36-FRAME,,Fabrication & Welding,FAB POD A,Process,,1,16,18
ASM-BRK-DIN-TAB-36X36-FRAME,,Sandblasting Setup,Sandblasting,Setup,,0,10,0
ASM-BRK-DIN-TAB-36X36-FRAME,,Sandblasting,Sandblasting,Process,,0,20,0
ASM-BRK-DIN-TAB-36X36-FRAME,,Powder Coating Booth,Powder Coating Booth,Process,,0,13,48
ASM-BRK-DIN-TAB-36X36-FRAME,,Curing Oven,Curing Oven,Process,,0,20,0
ASM-BRK-DIN-TAB-36X72-FRAME,,Cold Saw Fabrication,Metal Cutting,Process,,0,6,54
ASM-BRK-DIN-TAB-36X72-FRAME,,Fabrication & Welding,FAB POD A,Process,,1,16,18
ASM-BRK-DIN-TAB-36X72-FRAME,,Sandblasting Setup,Sandblasting,Setup,,0,10,0
ASM-BRK-DIN-TAB-36X72-FRAME,,Sandblasting,Sandblasting,Process,,0,20,0
ASM-BRK-DIN-TAB-36X72-FRAME,,Powder Coating Booth,Powder Coating Booth,Process,,0,13,48
ASM-BRK-DIN-TAB-36X72-FRAME,,Curing Oven,Curing Oven,Process,,0,20,0
ASM-BRK-DIN-TAB-36X96-FRAME,,Cold Saw Fabrication,Metal Cutting,Process,,0,6,54
ASM-BRK-DIN-TAB-36X96-FRAME,,Fabrication & Welding,FAB POD A,Process,,1,16,18
ASM-BRK-DIN-TAB-36X96-FRAME,,Sandblasting Setup,Sandblasting,Setup,,0,10,0
ASM-BRK-DIN-TAB-36X96-FRAME,,Sandblasting,Sandblasting,Process,,0,20,0
ASM-BRK-DIN-TAB-36X96-FRAME,,Powder Coating Booth,Powder Coating Booth,Process,,0,13,48
ASM-BRK-DIN-TAB-36X96-FRAME,,Curing Oven,Curing Oven,Process,,0,20,0
ASM-BRK-DIN-TAB-42X42-FRAME,,Cold Saw Fabrication,Metal Cutting,Process,,0,6,54
ASM-BRK-DIN-TAB-42X42-FRAME,,Fabrication & Welding,FAB POD A,Process,,1,16,18
ASM-BRK-DIN-TAB-42X42-FRAME,,Sandblasting Setup,Sandblasting,Setup,,0,10,0
ASM-BRK-DIN-TAB-42X42-FRAME,,Sandblasting,Sandblasting,Process,,0,20,0
ASM-BRK-DIN-TAB-42X42-FRAME,,Powder Coating Booth,Powder Coating Booth,Process,,0,13,48
ASM-BRK-DIN-TAB-42X42-FRAME,,Curing Oven,Curing Oven,Process,,0,20,0
ASM-BRK-DIN-TAB-72X28-FRAME,,Cold Saw Fabrication,Metal Cutting,Process,,0,6,54
ASM-BRK-DIN-TAB-72X28-FRAME,,Fabrication & Welding,FAB POD A,Process,,1,16,18
ASM-BRK-DIN-TAB-72X28-FRAME,,Sandblasting Setup,Sandblasting,Setup,,0,10,0
ASM-BRK-DIN-TAB-72X28-FRAME,,Sandblasting,Sandblasting,Process,,0,20,0
ASM-BRK-DIN-TAB-72X28-FRAME,,Powder Coating Booth,Powder Coating Booth,Process,,0,13,48
ASM-BRK-DIN-TAB-72X28-FRAME,,Curing Oven,Curing Oven,Process,,0,20,0
ASM-BRK-DIN-TAB-72X36-FRAME,,Cold Saw Fabrication,Metal Cutting,Process,,0,6,54
ASM-BRK-DIN-TAB-72X36-FRAME,,Fabrication & Welding,FAB POD A,Process,,1,16,18
ASM-BRK-DIN-TAB-72X36-FRAME,,Sandblasting Setup,Sandblasting,Setup,,0,10,0
ASM-BRK-DIN-TAB-72X36-FRAME,,Sandblasting,Sandblasting,Process,,0,20,0
ASM-BRK-DIN-TAB-72X36-FRAME,,Powder Coating Booth,Powder Coating Booth,Process,,0,13,48
ASM-BRK-DIN-TAB-72X36-FRAME,,Curing Oven,Curing Oven,Process,,0,20,0
ASM-BRK-DIN-TAB-96X28-FRAME,,Cold Saw Fabrication,Metal Cutting,Process,,0,6,54
ASM-BRK-DIN-TAB-96X28-FRAME,,Fabrication & Welding,FAB POD A,Process,,1,16,18
ASM-BRK-DIN-TAB-96X28-FRAME,,Sandblasting Setup,Sandblasting,Setup,,0,10,0
ASM-BRK-DIN-TAB-96X28-FRAME,,Sandblasting,Sandblasting,Process,,0,20,0
ASM-BRK-DIN-TAB-96X28-FRAME,,Powder Coating Booth,Powder Coating Booth,Process,,0,13,48
ASM-BRK-DIN-TAB-96X28-FRAME,,Curing Oven,Curing Oven,Process,,0,20,0
ASM-BRK-DIN-TAB-96X36-FRAME,,Cold Saw Fabrication,Metal Cutting,Process,,0,6,54
ASM-BRK-DIN-TAB-96X36-FRAME,,Fabrication & Welding,FAB POD A,Process,,1,16,18
ASM-BRK-DIN-TAB-96X36-FRAME,,Sandblasting Setup,Sandblasting,Setup,,0,10,0
ASM-BRK-DIN-TAB-96X36-FRAME,,Sandblasting,Sandblasting,Process,,0,20,0
ASM-BRK-DIN-TAB-96X36-FRAME,,Powder Coating Booth,Powder Coating Booth,Process,,0,13,48
ASM-BRK-DIN-TAB-96X36-FRAME,,Curing Oven,Curing Oven,Process,,0,20,0
ASM-BRK-OTT-22X42-CUSH,,Fabric Cutting,Fabric Cutting,Process,,0,2,54
ASM-BRK-OTT-22X42-CUSH,,Fabric Sewing,Fabric Sewing,Process,,0,13,48
ASM-BRK-OTT-22X42-CUSH,,Cushion Stuffing,Cushion Stuffing,Process,,0,4,0
ASM-BRK-OTT-22X42-CUSH,,Quality Control,Quality Control,Process,,0,8,0
ASM-BRK-OTT-22X42-FRAME,,Cold Saw Fabrication,Metal Cutting,Process,,0,6,54
ASM-BRK-OTT-22X42-FRAME,,Fabrication & Welding,FAB POD A,Process,,1,16,18
ASM-BRK-OTT-22X42-FRAME,,Sandblasting Setup,Sandblasting,Setup,,0,10,0
ASM-BRK-OTT-22X42-FRAME,,Sandblasting,Sandblasting,Process,,0,20,0
ASM-BRK-OTT-22X42-FRAME,,Powder Coating Booth,Powder Coating Booth,Process,,0,13,48
ASM-BRK-OTT-22X42-FRAME,,Curing Oven,Curing Oven,Process,,0,20,0
ASM-BRK-OTT-22X60-CUSH,,Fabric Cutting,Fabric Cutting,Process,,0,2,54
ASM-BRK-OTT-22X60-CUSH,,Fabric Sewing,Fabric Sewing,Process,,0,13,48
ASM-BRK-OTT-22X60-CUSH,,Cushion Stuffing,Cushion Stuffing,Process,,0,4,0
ASM-BRK-OTT-22X60-CUSH,,Quality Control,Quality Control,Process,,0,8,0
ASM-BRK-OTT-22X60-FRAME,,Cold Saw Fabrication,Metal Cutting,Process,,0,6,54
ASM-BRK-OTT-22X60-FRAME,,Fabrication & Welding,FAB POD A,Process,,1,16,18
ASM-BRK-OTT-22X60-FRAME,,Sandblasting Setup,Sandblasting,Setup,,0,10,0
ASM-BRK-OTT-22X60-FRAME,,Sandblasting,Sandblasting,Process,,0,20,0
ASM-BRK-OTT-22X60-FRAME,,Powder Coating Booth,Powder Coating Booth,Process,,0,13,48
ASM-BRK-OTT-22X60-FRAME,,Curing Oven,Curing Oven,Process,,0,20,0
ASM-BRK-OTT-22X72-CUSH,,Fabric Cutting,Fabric Cutting,Process,,0,2,54
ASM-BRK-OTT-22X72-CUSH,,Fabric Sewing,Fabric Sewing,Process,,0,13,48
ASM-BRK-OTT-22X72-CUSH,,Cushion Stuffing,Cushion Stuffing,Process,,0,4,0
ASM-BRK-OTT-22X72-CUSH,,Quality Control,Quality Control,Process,,0,8,0
ASM-BRK-OTT-22X72-FRAME,,Cold Saw Fabrication,Metal Cutting,Process,,0,6,54
ASM-BRK-OTT-22X72-FRAME,,Fabrication & Welding,FAB POD A,Process,,1,16,18
ASM-BRK-OTT-22X72-FRAME,,Sandblasting Setup,Sandblasting,Setup,,0,10,0
ASM-BRK-OTT-22X72-FRAME,,Sandblasting,Sandblasting,Process,,0,20,0
ASM-BRK-OTT-22X72-FRAME,,Powder Coating Booth,Powder Coating Booth,Process,,0,13,48
ASM-BRK-OTT-22X72-FRAME,,Curing Oven,Curing Oven,Process,,0,20,0
ASM-BRK-OTT-34X34-CUSH,,Fabric Cutting,Fabric Cutting,Process,,0,2,54
ASM-BRK-OTT-34X34-CUSH,,Fabric Sewing,Fabric Sewing,Process,,0,13,48
ASM-BRK-OTT-34X34-CUSH,,Cushion Stuffing,Cushion Stuffing,Process,,0,4,0
ASM-BRK-OTT-34X34-CUSH,,Quality Control,Quality Control,Process,,0,8,0
ASM-BRK-OTT-34X34-FRAME,,Cold Saw Fabrication,Metal Cutting,Process,,0,6,54
ASM-BRK-OTT-34X34-FRAME,,Fabrication & Welding,FAB POD A,Process,,1,16,18
ASM-BRK-OTT-34X34-FRAME,,Sandblasting Setup,Sandblasting,Setup,,0,10,0
ASM-BRK-OTT-34X34-FRAME,,Sandblasting,Sandblasting,Process,,0,20,0
ASM-BRK-OTT-34X34-FRAME,,Powder Coating Booth,Powder Coating Booth,Process,,0,13,48
ASM-BRK-OTT-34X34-FRAME,,Curing Oven,Curing Oven,Process,,0,20,0
ASM-BRK-OTT-34X42-CUSH,,Fabric Cutting,Fabric Cutting,Process,,0,2,54
ASM-BRK-OTT-34X42-CUSH,,Fabric Sewing,Fabric Sewing,Process,,0,13,48
ASM-BRK-OTT-34X42-CUSH,,Cushion Stuffing,Cushion Stuffing,Process,,0,4,0
ASM-BRK-OTT-34X42-CUSH,,Quality Control,Quality Control,Process,,0,8,0
ASM-BRK-OTT-34X42-FRAME,,Cold Saw Fabrication,Metal Cutting,Process,,0,6,54
ASM-BRK-OTT-34X42-FRAME,,Fabrication & Welding,FAB POD A,Process,,1,16,18
ASM-BRK-OTT-34X42-FRAME,,Sandblasting Setup,Sandblasting,Setup,,0,10,0
ASM-BRK-OTT-34X42-FRAME,,Sandblasting,Sandblasting,Process,,0,20,0
ASM-BRK-OTT-34X42-FRAME,,Powder Coating Booth,Powder Coating Booth,Process,,0,13,48
ASM-BRK-OTT-34X42-FRAME,,Curing Oven,Curing Oven,Process,,0,20,0
ASM-BRK-OTT-34X60-CUSH,,Fabric Cutting,Fabric Cutting,Process,,0,2,54
ASM-BRK-OTT-34X60-CUSH,,Fabric Sewing,Fabric Sewing,Process,,0,13,48
ASM-BRK-OTT-34X60-CUSH,,Cushion Stuffing,Cushion Stuffing,Process,,0,4,0
ASM-BRK-OTT-34X60-CUSH,,Quality Control,Quality Control,Process,,0,8,0
ASM-BRK-OTT-34X60-FRAME,,Cold Saw Fabrication,Metal Cutting,Process,,0,6,54
ASM-BRK-OTT-34X60-FRAME,,Fabrication & Welding,FAB POD A,Process,,1,16,18
ASM-BRK-OTT-34X60-FRAME,,Sandblasting Setup,Sandblasting,Setup,,0,10,0
ASM-BRK-OTT-34X60-FRAME,,Sandblasting,Sandblasting,Process,,0,20,0
ASM-BRK-OTT-34X60-FRAME,,Powder Coating Booth,Powder Coating Booth,Process,,0,13,48
ASM-BRK-OTT-34X60-FRAME,,Curing Oven,Curing Oven,Process,,0,20,0
ASM-BRK-OTT-34X72-CUSH,,Fabric Cutting,Fabric Cutting,Process,,0,2,54
ASM-BRK-OTT-34X72-CUSH,,Fabric Sewing,Fabric Sewing,Process,,0,13,48
ASM-BRK-OTT-34X72-CUSH,,Cushion Stuffing,Cushion Stuffing,Process,,0,4,0
ASM-BRK-OTT-34X72-CUSH,,Quality Control,Quality Control,Process,,0,8,0
ASM-BRK-OTT-34X72-FRAME,,Cold Saw Fabrication,Metal Cutting,Process,,0,6,54
ASM-BRK-OTT-34X72-FRAME,,Fabrication & Welding,FAB POD A,Process,,1,16,18
ASM-BRK-OTT-34X72-FRAME,,Sandblasting Setup,Sandblasting,Setup,,0,10,0
ASM-BRK-OTT-34X72-FRAME,,Sandblasting,Sandblasting,Process,,0,20,0
ASM-BRK-OTT-34X72-FRAME,,Powder Coating Booth,Powder Coating Booth,Process,,0,13,48
ASM-BRK-OTT-34X72-FRAME,,Curing Oven,Curing Oven,Process,,0,20,0
ASM-BRK-OTT-42X22-CUSH,,Fabric Cutting,Fabric Cutting,Process,,0,2,54
ASM-BRK-OTT-42X22-CUSH,,Fabric Sewing,Fabric Sewing,Process,,0,13,48
ASM-BRK-OTT-42X22-CUSH,,Cushion Stuffing,Cushion Stuffing,Process,,0,4,0
ASM-BRK-OTT-42X22-CUSH,,Quality Control,Quality Control,Process,,0,8,0
ASM-BRK-OTT-42X22-FRAME,,Cold Saw Fabrication,Metal Cutting,Process,,0,6,54
ASM-BRK-OTT-42X22-FRAME,,Fabrication & Welding,FAB POD A,Process,,1,16,18
ASM-BRK-OTT-42X22-FRAME,,Sandblasting Setup,Sandblasting,Setup,,0,10,0
ASM-BRK-OTT-42X22-FRAME,,Sandblasting,Sandblasting,Process,,0,20,0
ASM-BRK-OTT-42X22-FRAME,,Powder Coating Booth,Powder Coating Booth,Process,,0,13,48
ASM-BRK-OTT-42X22-FRAME,,Curing Oven,Curing Oven,Process,,0,20,0
ASM-BRK-OTT-42X34-CUSH,,Fabric Cutting,Fabric Cutting,Process,,0,2,54
ASM-BRK-OTT-42X34-CUSH,,Fabric Sewing,Fabric Sewing,Process,,0,13,48
ASM-BRK-OTT-42X34-CUSH,,Cushion Stuffing,Cushion Stuffing,Process,,0,4,0
ASM-BRK-OTT-42X34-CUSH,,Quality Control,Quality Control,Process,,0,8,0
ASM-BRK-OTT-42X34-FRAME,,Cold Saw Fabrication,Metal Cutting,Process,,0,6,54
ASM-BRK-OTT-42X34-FRAME,,Fabrication & Welding,FAB POD A,Process,,1,16,18
ASM-BRK-OTT-42X34-FRAME,,Sandblasting Setup,Sandblasting,Setup,,0,10,0
ASM-BRK-OTT-42X34-FRAME,,Sandblasting,Sandblasting,Process,,0,20,0
ASM-BRK-OTT-42X34-FRAME,,Powder Coating Booth,Powder Coating Booth,Process,,0,13,48
ASM-BRK-OTT-42X34-FRAME,,Curing Oven,Curing Oven,Process,,0,20,0
ASM-BRK-OTT-56X42-CUSH,,Fabric Cutting,Fabric Cutting,Process,,0,2,54
ASM-BRK-OTT-56X42-CUSH,,Fabric Sewing,Fabric Sewing,Process,,0,13,48
ASM-BRK-OTT-56X42-CUSH,,Cushion Stuffing,Cushion Stuffing,Process,,0,4,0
ASM-BRK-OTT-56X42-CUSH,,Quality Control,Quality Control,Process,,0,8,0
ASM-BRK-OTT-56X42-FRAME,,Cold Saw Fabrication,Metal Cutting,Process,,0,6,54
ASM-BRK-OTT-56X42-FRAME,,Fabrication & Welding,FAB POD A,Process,,1,16,18
ASM-BRK-OTT-56X42-FRAME,,Sandblasting Setup,Sandblasting,Setup,,0,10,0
ASM-BRK-OTT-56X42-FRAME,,Sandblasting,Sandblasting,Process,,0,20,0
ASM-BRK-OTT-56X42-FRAME,,Powder Coating Booth,Powder Coating Booth,Process,,0,13,48
ASM-BRK-OTT-56X42-FRAME,,Curing Oven,Curing Oven,Process,,0,20,0
ASM-BRK-OTT-60X22-CUSH,,Fabric Cutting,Fabric Cutting,Process,,0,2,54
ASM-BRK-OTT-60X22-CUSH,,Fabric Sewing,Fabric Sewing,Process,,0,13,48
ASM-BRK-OTT-60X22-CUSH,,Cushion Stuffing,Cushion Stuffing,Process,,0,4,0
ASM-BRK-OTT-60X22-CUSH,,Quality Control,Quality Control,Process,,0,8,0
ASM-BRK-OTT-60X22-FRAME,,Cold Saw Fabrication,Metal Cutting,Process,,0,6,54
ASM-BRK-OTT-60X22-FRAME,,Fabrication & Welding,FAB POD A,Process,,1,16,18
ASM-BRK-OTT-60X22-FRAME,,Sandblasting Setup,Sandblasting,Setup,,0,10,0
ASM-BRK-OTT-60X22-FRAME,,Sandblasting,Sandblasting,Process,,0,20,0
ASM-BRK-OTT-60X22-FRAME,,Powder Coating Booth,Powder Coating Booth,Process,,0,13,48
ASM-BRK-OTT-60X22-FRAME,,Curing Oven,Curing Oven,Process,,0,20,0
ASM-BRK-OTT-60X34-CUSH,,Fabric Cutting,Fabric Cutting,Process,,0,2,54
ASM-BRK-OTT-60X34-CUSH,,Fabric Sewing,Fabric Sewing,Process,,0,13,48
ASM-BRK-OTT-60X34-CUSH,,Cushion Stuffing,Cushion Stuffing,Process,,0,4,0
ASM-BRK-OTT-60X34-CUSH,,Quality Control,Quality Control,Process,,0,8,0
ASM-BRK-OTT-60X34-FRAME,,Cold Saw Fabrication,Metal Cutting,Process,,0,6,54
ASM-BRK-OTT-60X34-FRAME,,Fabrication & Welding,FAB POD A,Process,,1,16,18
ASM-BRK-OTT-60X34-FRAME,,Sandblasting Setup,Sandblasting,Setup,,0,10,0
ASM-BRK-OTT-60X34-FRAME,,Sandblasting,Sandblasting,Process,,0,20,0
ASM-BRK-OTT-60X34-FRAME,,Powder Coating Booth,Powder Coating Booth,Process,,0,13,48
ASM-BRK-OTT-60X34-FRAME,,Curing Oven,Curing Oven,Process,,0,20,0
ASM-BRK-OTT-72X22-CUSH,,Fabric Cutting,Fabric Cutting,Process,,0,2,54
ASM-BRK-OTT-72X22-CUSH,,Fabric Sewing,Fabric Sewing,Process,,0,13,48
ASM-BRK-OTT-72X22-CUSH,,Cushion Stuffing,Cushion Stuffing,Process,,0,4,0
ASM-BRK-OTT-72X22-CUSH,,Quality Control,Quality Control,Process,,0,8,0
ASM-BRK-OTT-72X22-FRAME,,Cold Saw Fabrication,Metal Cutting,Process,,0,6,54
ASM-BRK-OTT-72X22-FRAME,,Fabrication & Welding,FAB POD A,Process,,1,16,18
ASM-BRK-OTT-72X22-FRAME,,Sandblasting Setup,Sandblasting,Setup,,0,10,0
ASM-BRK-OTT-72X22-FRAME,,Sandblasting,Sandblasting,Process,,0,20,0
ASM-BRK-OTT-72X22-FRAME,,Powder Coating Booth,Powder Coating Booth,Process,,0,13,48
ASM-BRK-OTT-72X22-FRAME,,Curing Oven,Curing Oven,Process,,0,20,0
ASM-BRK-OTT-72X34-CUSH,,Fabric Cutting,Fabric Cutting,Process,,0,2,54
ASM-BRK-OTT-72X34-CUSH,,Fabric Sewing,Fabric Sewing,Process,,0,13,48
ASM-BRK-OTT-72X34-CUSH,,Cushion Stuffing,Cushion Stuffing,Process,,0,4,0
ASM-BRK-OTT-72X34-CUSH,,Quality Control,Quality Control,Process,,0,8,0
ASM-BRK-OTT-72X34-FRAME,,Cold Saw Fabrication,Metal Cutting,Process,,0,6,54
ASM-BRK-OTT-72X34-FRAME,,Fabrication & Welding,FAB POD A,Process,,1,16,18
ASM-BRK-OTT-72X34-FRAME,,Sandblasting Setup,Sandblasting,Setup,,0,10,0
ASM-BRK-OTT-72X34-FRAME,,Sandblasting,Sandblasting,Process,,0,20,0
ASM-BRK-OTT-72X34-FRAME,,Powder Coating Booth,Powder Coating Booth,Process,,0,13,48
ASM-BRK-OTT-72X34-FRAME,,Curing Oven,Curing Oven,Process,,0,20,0
ASM-BRK-SOF-60X34-CUSH,,Fabric Cutting,Fabric Cutting,Process,,0,2,54
ASM-BRK-SOF-60X34-CUSH,,Fabric Sewing,Fabric Sewing,Process,,0,13,48
ASM-BRK-SOF-60X34-CUSH,,Cushion Stuffing,Cushion Stuffing,Process,,0,4,0
ASM-BRK-SOF-60X34-CUSH,,Quality Control,Quality Control,Process,,0,8,0
ASM-BRK-SOF-60X34-FRAME,,Cold Saw Fabrication,Metal Cutting,Process,,0,6,54
ASM-BRK-SOF-60X34-FRAME,,Fabrication & Welding,FAB POD A,Process,,1,16,18
ASM-BRK-SOF-60X34-FRAME,,Sandblasting Setup,Sandblasting,Setup,,0,10,0
ASM-BRK-SOF-60X34-FRAME,,Sandblasting,Sandblasting,Process,,0,20,0
ASM-BRK-SOF-60X34-FRAME,,Powder Coating Booth,Powder Coating Booth,Process,,0,13,48
ASM-BRK-SOF-60X34-FRAME,,Curing Oven,Curing Oven,Process,,0,20,0
ASM-BRV-ARM-SOF-34X34-CUSH,,Fabric Cutting,Fabric Cutting,Process,,0,2,54
ASM-BRV-ARM-SOF-34X34-CUSH,,Fabric Sewing,Fabric Sewing,Process,,0,13,48
ASM-BRV-ARM-SOF-34X34-CUSH,,Cushion Stuffing,Cushion Stuffing,Process,,0,4,0
ASM-BRV-ARM-SOF-34X34-CUSH,,Quality Control,Quality Control,Process,,0,8,0
ASM-BRV-ARM-SOF-34X34-FRAME,,Cold Saw Fabrication,Metal Cutting,Process,,0,6,54
ASM-BRV-ARM-SOF-34X34-FRAME,,Fabrication & Welding,FAB POD A,Process,,1,16,18
ASM-BRV-ARM-SOF-34X34-FRAME,,Sandblasting Setup,Sandblasting,Setup,,0,10,0
ASM-BRV-ARM-SOF-34X34-FRAME,,Sandblasting,Sandblasting,Process,,0,20,0
ASM-BRV-ARM-SOF-34X34-FRAME,,Powder Coating Booth,Powder Coating Booth,Process,,0,13,48
ASM-BRV-ARM-SOF-34X34-FRAME,,Curing Oven,Curing Oven,Process,,0,20,0
ASM-BRV-ARM-SOF-72X34-CUSH,,Fabric Cutting,Fabric Cutting,Process,,0,2,54
ASM-BRV-ARM-SOF-72X34-CUSH,,Fabric Sewing,Fabric Sewing,Process,,0,13,48
ASM-BRV-ARM-SOF-72X34-CUSH,,Cushion Stuffing,Cushion Stuffing,Process,,0,4,0
ASM-BRV-ARM-SOF-72X34-CUSH,,Quality Control,Quality Control,Process,,0,8,0
ASM-BRV-ARM-SOF-72X34-FRAME,,Cold Saw Fabrication,Metal Cutting,Process,,0,6,54
ASM-BRV-ARM-SOF-72X34-FRAME,,Fabrication & Welding,FAB POD A,Process,,1,16,18
ASM-BRV-ARM-SOF-72X34-FRAME,,Sandblasting Setup,Sandblasting,Setup,,0,10,0
ASM-BRV-ARM-SOF-72X34-FRAME,,Sandblasting,Sandblasting,Process,,0,20,0
ASM-BRV-ARM-SOF-72X34-FRAME,,Powder Coating Booth,Powder Coating Booth,Process,,0,13,48
ASM-BRV-ARM-SOF-72X34-FRAME,,Curing Oven,Curing Oven,Process,,0,20,0
ASM-BRV-ARM-SOF-84X34-CUSH,,Fabric Cutting,Fabric Cutting,Process,,0,2,54
ASM-BRV-ARM-SOF-84X34-CUSH,,Fabric Sewing,Fabric Sewing,Process,,0,13,48
ASM-BRV-ARM-SOF-84X34-CUSH,,Cushion Stuffing,Cushion Stuffing,Process,,0,4,0
ASM-BRV-ARM-SOF-84X34-CUSH,,Quality Control,Quality Control,Process,,0,8,0
ASM-BRV-ARM-SOF-84X34-FRAME,,Cold Saw Fabrication,Metal Cutting,Process,,0,6,54
ASM-BRV-ARM-SOF-84X34-FRAME,,Fabrication & Welding,FAB POD A,Process,,1,16,18
ASM-BRV-ARM-SOF-84X34-FRAME,,Sandblasting Setup,Sandblasting,Setup,,0,10,0
ASM-BRV-ARM-SOF-84X34-FRAME,,Sandblasting,Sandblasting,Process,,0,20,0
ASM-BRV-ARM-SOF-84X34-FRAME,,Powder Coating Booth,Powder Coating Booth,Process,,0,13,48
ASM-BRV-ARM-SOF-84X34-FRAME,,Curing Oven,Curing Oven,Process,,0,20,0
ASM-BRV-ARM-SOF-96X34-CUSH,,Fabric Cutting,Fabric Cutting,Process,,0,2,54
ASM-BRV-ARM-SOF-96X34-CUSH,,Fabric Sewing,Fabric Sewing,Process,,0,13,48
ASM-BRV-ARM-SOF-96X34-CUSH,,Cushion Stuffing,Cushion Stuffing,Process,,0,4,0
ASM-BRV-ARM-SOF-96X34-CUSH,,Quality Control,Quality Control,Process,,0,8,0
ASM-BRV-ARM-SOF-96X34-FRAME,,Cold Saw Fabrication,Metal Cutting,Process,,0,6,54
ASM-BRV-ARM-SOF-96X34-FRAME,,Fabrication & Welding,FAB POD A,Process,,1,16,18
ASM-BRV-ARM-SOF-96X34-FRAME,,Sandblasting Setup,Sandblasting,Setup,,0,10,0
ASM-BRV-ARM-SOF-96X34-FRAME,,Sandblasting,Sandblasting,Process,,0,20,0
ASM-BRV-ARM-SOF-96X34-FRAME,,Powder Coating Booth,Powder Coating Booth,Process,,0,13,48
ASM-BRV-ARM-SOF-96X34-FRAME,,Curing Oven,Curing Oven,Process,,0,20,0
ASM-BRV-BCH-96X34-CUSH,,Fabric Cutting,Fabric Cutting,Process,,0,2,54
ASM-BRV-BCH-96X34-CUSH,,Fabric Sewing,Fabric Sewing,Process,,0,13,48
ASM-BRV-BCH-96X34-CUSH,,Cushion Stuffing,Cushion Stuffing,Process,,0,4,0
ASM-BRV-BCH-96X34-CUSH,,Quality Control,Quality Control,Process,,0,8,0
ASM-BRV-BCH-96X34-FRAME,,Cold Saw Fabrication,Metal Cutting,Process,,0,6,54
ASM-BRV-BCH-96X34-FRAME,,Fabrication & Welding,FAB POD A,Process,,1,16,18
ASM-BRV-BCH-96X34-FRAME,,Sandblasting Setup,Sandblasting,Setup,,0,10,0
ASM-BRV-BCH-96X34-FRAME,,Sandblasting,Sandblasting,Process,,0,20,0
ASM-BRV-BCH-96X34-FRAME,,Powder Coating Booth,Powder Coating Booth,Process,,0,13,48
ASM-BRV-BCH-96X34-FRAME,,Curing Oven,Curing Oven,Process,,0,20,0
ASM-BRV-COF-TAB-28X42-FRAME,,Cold Saw Fabrication,Metal Cutting,Process,,0,6,54
ASM-BRV-COF-TAB-28X42-FRAME,,Fabrication & Welding,FAB POD A,Process,,1,16,18
ASM-BRV-COF-TAB-28X42-FRAME,,Sandblasting Setup,Sandblasting,Setup,,0,10,0
ASM-BRV-COF-TAB-28X42-FRAME,,Sandblasting,Sandblasting,Process,,0,20,0
ASM-BRV-COF-TAB-28X42-FRAME,,Powder Coating Booth,Powder Coating Booth,Process,,0,13,48
ASM-BRV-COF-TAB-28X42-FRAME,,Curing Oven,Curing Oven,Process,,0,20,0
ASM-BRV-COF-TAB-36X56-FRAME,,Cold Saw Fabrication,Metal Cutting,Process,,0,6,54
ASM-BRV-COF-TAB-36X56-FRAME,,Fabrication & Welding,FAB POD A,Process,,1,16,18
ASM-BRV-COF-TAB-36X56-FRAME,,Sandblasting Setup,Sandblasting,Setup,,0,10,0
ASM-BRV-COF-TAB-36X56-FRAME,,Sandblasting,Sandblasting,Process,,0,20,0
ASM-BRV-COF-TAB-36X56-FRAME,,Powder Coating Booth,Powder Coating Booth,Process,,0,13,48
ASM-BRV-COF-TAB-36X56-FRAME,,Curing Oven,Curing Oven,Process,,0,20,0
ASM-BRV-COF-TAB-42X56-FRAME,,Cold Saw Fabrication,Metal Cutting,Process,,0,6,54
ASM-BRV-COF-TAB-42X56-FRAME,,Fabrication & Welding,FAB POD A,Process,,1,16,18
ASM-BRV-COF-TAB-42X56-FRAME,,Sandblasting Setup,Sandblasting,Setup,,0,10,0
ASM-BRV-COF-TAB-42X56-FRAME,,Sandblasting,Sandblasting,Process,,0,20,0
ASM-BRV-COF-TAB-42X56-FRAME,,Powder Coating Booth,Powder Coating Booth,Process,,0,13,48
ASM-BRV-COF-TAB-42X56-FRAME,,Curing Oven,Curing Oven,Process,,0,20,0
ASM-BRV-COF-TAB-42X72-FRAME,,Cold Saw Fabrication,Metal Cutting,Process,,0,6,54
ASM-BRV-COF-TAB-42X72-FRAME,,Fabrication & Welding,FAB POD A,Process,,1,16,18
ASM-BRV-COF-TAB-42X72-FRAME,,Sandblasting Setup,Sandblasting,Setup,,0,10,0
ASM-BRV-COF-TAB-42X72-FRAME,,Sandblasting,Sandblasting,Process,,0,20,0
ASM-BRV-COF-TAB-42X72-FRAME,,Powder Coating Booth,Powder Coating Booth,Process,,0,13,48
ASM-BRV-COF-TAB-42X72-FRAME,,Curing Oven,Curing Oven,Process,,0,20,0
ASM-BRV-COF-TAB-56X72-FRAME,,Cold Saw Fabrication,Metal Cutting,Process,,0,6,54
ASM-BRV-COF-TAB-56X72-FRAME,,Fabrication & Welding,FAB POD A,Process,,1,16,18
ASM-BRV-COF-TAB-56X72-FRAME,,Sandblasting Setup,Sandblasting,Setup,,0,10,0
ASM-BRV-COF-TAB-56X72-FRAME,,Sandblasting,Sandblasting,Process,,0,20,0
ASM-BRV-COF-TAB-56X72-FRAME,,Powder Coating Booth,Powder Coating Booth,Process,,0,13,48
ASM-BRV-COF-TAB-56X72-FRAME,,Curing Oven,Curing Oven,Process,,0,20,0
ASM-BRV-COR-CHS-72X34-CUSH,,Fabric Cutting,Fabric Cutting,Process,,0,2,54
ASM-BRV-COR-CHS-72X34-CUSH,,Fabric Sewing,Fabric Sewing,Process,,0,13,48
ASM-BRV-COR-CHS-72X34-CUSH,,Cushion Stuffing,Cushion Stuffing,Process,,0,4,0
ASM-BRV-COR-CHS-72X34-CUSH,,Quality Control,Quality Control,Process,,0,8,0
ASM-BRV-COR-CHS-72X34-FRAME,,Cold Saw Fabrication,Metal Cutting,Process,,0,6,54
ASM-BRV-COR-CHS-72X34-FRAME,,Fabrication & Welding,FAB POD A,Process,,1,16,18
ASM-BRV-COR-CHS-72X34-FRAME,,Sandblasting Setup,Sandblasting,Setup,,0,10,0
ASM-BRV-COR-CHS-72X34-FRAME,,Sandblasting,Sandblasting,Process,,0,20,0
ASM-BRV-COR-CHS-72X34-FRAME,,Powder Coating Booth,Powder Coating Booth,Process,,0,13,48
ASM-BRV-COR-CHS-72X34-FRAME,,Curing Oven,Curing Oven,Process,,0,20,0
ASM-BRV-COR-CHS-84X34-CUSH,,Fabric Cutting,Fabric Cutting,Process,,0,2,54
ASM-BRV-COR-CHS-84X34-CUSH,,Fabric Sewing,Fabric Sewing,Process,,0,13,48
ASM-BRV-COR-CHS-84X34-CUSH,,Cushion Stuffing,Cushion Stuffing,Process,,0,4,0
ASM-BRV-COR-CHS-84X34-CUSH,,Quality Control,Quality Control,Process,,0,8,0
ASM-BRV-COR-CHS-84X34-FRAME,,Cold Saw Fabrication,Metal Cutting,Process,,0,6,54
ASM-BRV-COR-CHS-84X34-FRAME,,Fabrication & Welding,FAB POD A,Process,,1,16,18
ASM-BRV-COR-CHS-84X34-FRAME,,Sandblasting Setup,Sandblasting,Setup,,0,10,0
ASM-BRV-COR-CHS-84X34-FRAME,,Sandblasting,Sandblasting,Process,,0,20,0
ASM-BRV-COR-CHS-84X34-FRAME,,Powder Coating Booth,Powder Coating Booth,Process,,0,13,48
ASM-BRV-COR-CHS-84X34-FRAME,,Curing Oven,Curing Oven,Process,,0,20,0
ASM-BRV-DYB-84X72-CUSH,,Fabric Cutting,Fabric Cutting,Process,,0,2,54
ASM-BRV-DYB-84X72-CUSH,,Fabric Sewing,Fabric Sewing,Process,,0,13,48
ASM-BRV-DYB-84X72-CUSH,,Cushion Stuffing,Cushion Stuffing,Process,,0,4,0
ASM-BRV-DYB-84X72-CUSH,,Quality Control,Quality Control,Process,,0,8,0
ASM-BRV-DYB-84X72-FRAME,,Cold Saw Fabrication,Metal Cutting,Process,,0,6,54
ASM-BRV-DYB-84X72-FRAME,,Fabrication & Welding,FAB POD A,Process,,1,16,18
ASM-BRV-DYB-84X72-FRAME,,Sandblasting Setup,Sandblasting,Setup,,0,10,0
ASM-BRV-DYB-84X72-FRAME,,Sandblasting,Sandblasting,Process,,0,20,0
ASM-BRV-DYB-84X72-FRAME,,Powder Coating Booth,Powder Coating Booth,Process,,0,13,48
ASM-BRV-DYB-84X72-FRAME,,Curing Oven,Curing Oven,Process,,0,20,0
ASM-BRV-DYB-84X84-CUSH,,Fabric Cutting,Fabric Cutting,Process,,0,2,54
ASM-BRV-DYB-84X84-CUSH,,Fabric Sewing,Fabric Sewing,Process,,0,13,48
ASM-BRV-DYB-84X84-CUSH,,Cushion Stuffing,Cushion Stuffing,Process,,0,4,0
ASM-BRV-DYB-84X84-CUSH,,Quality Control,Quality Control,Process,,0,8,0
ASM-BRV-DYB-84X84-FRAME,,Cold Saw Fabrication,Metal Cutting,Process,,0,6,54
ASM-BRV-DYB-84X84-FRAME,,Fabrication & Welding,FAB POD A,Process,,1,16,18
ASM-BRV-DYB-84X84-FRAME,,Sandblasting Setup,Sandblasting,Setup,,0,10,0
ASM-BRV-DYB-84X84-FRAME,,Sandblasting,Sandblasting,Process,,0,20,0
ASM-BRV-DYB-84X84-FRAME,,Powder Coating Booth,Powder Coating Booth,Process,,0,13,48
ASM-BRV-DYB-84X84-FRAME,,Curing Oven,Curing Oven,Process,,0,20,0
ASM-BRV-OTT-22X30-CUSH,,Fabric Cutting,Fabric Cutting,Process,,0,2,54
ASM-BRV-OTT-22X30-CUSH,,Fabric Sewing,Fabric Sewing,Process,,0,13,48
ASM-BRV-OTT-22X30-CUSH,,Cushion Stuffing,Cushion Stuffing,Process,,0,4,0
ASM-BRV-OTT-22X30-CUSH,,Quality Control,Quality Control,Process,,0,8,0
ASM-BRV-OTT-22X30-FRAME,,Cold Saw Fabrication,Metal Cutting,Process,,0,6,54
ASM-BRV-OTT-22X30-FRAME,,Fabrication & Welding,FAB POD A,Process,,1,16,18
ASM-BRV-OTT-22X30-FRAME,,Sandblasting Setup,Sandblasting,Setup,,0,10,0
ASM-BRV-OTT-22X30-FRAME,,Sandblasting,Sandblasting,Process,,0,20,0
ASM-BRV-OTT-22X30-FRAME,,Powder Coating Booth,Powder Coating Booth,Process,,0,13,48
ASM-BRV-OTT-22X30-FRAME,,Curing Oven,Curing Oven,Process,,0,20,0
ASM-BRV-OTT-22X42-CUSH,,Fabric Cutting,Fabric Cutting,Process,,0,2,54
ASM-BRV-OTT-22X42-CUSH,,Fabric Sewing,Fabric Sewing,Process,,0,13,48
ASM-BRV-OTT-22X42-CUSH,,Cushion Stuffing,Cushion Stuffing,Process,,0,4,0
ASM-BRV-OTT-22X42-CUSH,,Quality Control,Quality Control,Process,,0,8,0
ASM-BRV-OTT-22X42-FRAME,,Cold Saw Fabrication,Metal Cutting,Process,,0,6,54
ASM-BRV-OTT-22X42-FRAME,,Fabrication & Welding,FAB POD A,Process,,1,16,18
ASM-BRV-OTT-22X42-FRAME,,Sandblasting Setup,Sandblasting,Setup,,0,10,0
ASM-BRV-OTT-22X42-FRAME,,Sandblasting,Sandblasting,Process,,0,20,0
ASM-BRV-OTT-22X42-FRAME,,Powder Coating Booth,Powder Coating Booth,Process,,0,13,48
ASM-BRV-OTT-22X42-FRAME,,Curing Oven,Curing Oven,Process,,0,20,0
ASM-BRV-OTT-22X60-CUSH,,Fabric Cutting,Fabric Cutting,Process,,0,2,54
ASM-BRV-OTT-22X60-CUSH,,Fabric Sewing,Fabric Sewing,Process,,0,13,48
ASM-BRV-OTT-22X60-CUSH,,Cushion Stuffing,Cushion Stuffing,Process,,0,4,0
ASM-BRV-OTT-22X60-CUSH,,Quality Control,Quality Control,Process,,0,8,0
ASM-BRV-OTT-22X60-FRAME,,Cold Saw Fabrication,Metal Cutting,Process,,0,6,54
ASM-BRV-OTT-22X60-FRAME,,Fabrication & Welding,FAB POD A,Process,,1,16,18
ASM-BRV-OTT-22X60-FRAME,,Sandblasting Setup,Sandblasting,Setup,,0,10,0
ASM-BRV-OTT-22X60-FRAME,,Sandblasting,Sandblasting,Process,,0,20,0
ASM-BRV-OTT-22X60-FRAME,,Powder Coating Booth,Powder Coating Booth,Process,,0,13,48
ASM-BRV-OTT-22X60-FRAME,,Curing Oven,Curing Oven,Process,,0,20,0
ASM-BRV-OTT-22X72-CUSH,,Fabric Cutting,Fabric Cutting,Process,,0,2,54
ASM-BRV-OTT-22X72-CUSH,,Fabric Sewing,Fabric Sewing,Process,,0,13,48
ASM-BRV-OTT-22X72-CUSH,,Cushion Stuffing,Cushion Stuffing,Process,,0,4,0
ASM-BRV-OTT-22X72-CUSH,,Quality Control,Quality Control,Process,,0,8,0
ASM-BRV-OTT-22X72-FRAME,,Cold Saw Fabrication,Metal Cutting,Process,,0,6,54
ASM-BRV-OTT-22X72-FRAME,,Fabrication & Welding,FAB POD A,Process,,1,16,18
ASM-BRV-OTT-22X72-FRAME,,Sandblasting Setup,Sandblasting,Setup,,0,10,0
ASM-BRV-OTT-22X72-FRAME,,Sandblasting,Sandblasting,Process,,0,20,0
ASM-BRV-OTT-22X72-FRAME,,Powder Coating Booth,Powder Coating Booth,Process,,0,13,48
ASM-BRV-OTT-22X72-FRAME,,Curing Oven,Curing Oven,Process,,0,20,0
ASM-BRV-OTT-34X42-CUSH,,Fabric Cutting,Fabric Cutting,Process,,0,2,54
ASM-BRV-OTT-34X42-CUSH,,Fabric Sewing,Fabric Sewing,Process,,0,13,48
ASM-BRV-OTT-34X42-CUSH,,Cushion Stuffing,Cushion Stuffing,Process,,0,4,0
ASM-BRV-OTT-34X42-CUSH,,Quality Control,Quality Control,Process,,0,8,0
ASM-BRV-OTT-34X42-FRAME,,Cold Saw Fabrication,Metal Cutting,Process,,0,6,54
ASM-BRV-OTT-34X42-FRAME,,Fabrication & Welding,FAB POD A,Process,,1,16,18
ASM-BRV-OTT-34X42-FRAME,,Sandblasting Setup,Sandblasting,Setup,,0,10,0
ASM-BRV-OTT-34X42-FRAME,,Sandblasting,Sandblasting,Process,,0,20,0
ASM-BRV-OTT-34X42-FRAME,,Powder Coating Booth,Powder Coating Booth,Process,,0,13,48
ASM-BRV-OTT-34X42-FRAME,,Curing Oven,Curing Oven,Process,,0,20,0
ASM-BRV-OTT-34X60-CUSH,,Fabric Cutting,Fabric Cutting,Process,,0,2,54
ASM-BRV-OTT-34X60-CUSH,,Fabric Sewing,Fabric Sewing,Process,,0,13,48
ASM-BRV-OTT-34X60-CUSH,,Cushion Stuffing,Cushion Stuffing,Process,,0,4,0
ASM-BRV-OTT-34X60-CUSH,,Quality Control,Quality Control,Process,,0,8,0
ASM-BRV-OTT-34X60-FRAME,,Cold Saw Fabrication,Metal Cutting,Process,,0,6,54
ASM-BRV-OTT-34X60-FRAME,,Fabrication & Welding,FAB POD A,Process,,1,16,18
ASM-BRV-OTT-34X60-FRAME,,Sandblasting Setup,Sandblasting,Setup,,0,10,0
ASM-BRV-OTT-34X60-FRAME,,Sandblasting,Sandblasting,Process,,0,20,0
ASM-BRV-OTT-34X60-FRAME,,Powder Coating Booth,Powder Coating Booth,Process,,0,13,48
ASM-BRV-OTT-34X60-FRAME,,Curing Oven,Curing Oven,Process,,0,20,0
ASM-BRV-OTT-34X72-CUSH,,Fabric Cutting,Fabric Cutting,Process,,0,2,54
ASM-BRV-OTT-34X72-CUSH,,Fabric Sewing,Fabric Sewing,Process,,0,13,48
ASM-BRV-OTT-34X72-CUSH,,Cushion Stuffing,Cushion Stuffing,Process,,0,4,0
ASM-BRV-OTT-34X72-CUSH,,Quality Control,Quality Control,Process,,0,8,0
ASM-BRV-OTT-34X72-FRAME,,Cold Saw Fabrication,Metal Cutting,Process,,0,6,54
ASM-BRV-OTT-34X72-FRAME,,Fabrication & Welding,FAB POD A,Process,,1,16,18
ASM-BRV-OTT-34X72-FRAME,,Sandblasting Setup,Sandblasting,Setup,,0,10,0
ASM-BRV-OTT-34X72-FRAME,,Sandblasting,Sandblasting,Process,,0,20,0
ASM-BRV-OTT-34X72-FRAME,,Powder Coating Booth,Powder Coating Booth,Process,,0,13,48
ASM-BRV-OTT-34X72-FRAME,,Curing Oven,Curing Oven,Process,,0,20,0
ASM-BRV-OVS-CHS-72X42-CUSH,,Fabric Cutting,Fabric Cutting,Process,,0,2,54
ASM-BRV-OVS-CHS-72X42-CUSH,,Fabric Sewing,Fabric Sewing,Process,,0,13,48
ASM-BRV-OVS-CHS-72X42-CUSH,,Cushion Stuffing,Cushion Stuffing,Process,,0,4,0
ASM-BRV-OVS-CHS-72X42-CUSH,,Quality Control,Quality Control,Process,,0,8,0
ASM-BRV-OVS-CHS-72X42-FRAME,,Cold Saw Fabrication,Metal Cutting,Process,,0,6,54
ASM-BRV-OVS-CHS-72X42-FRAME,,Fabrication & Welding,FAB POD A,Process,,1,16,18
ASM-BRV-OVS-CHS-72X42-FRAME,,Sandblasting Setup,Sandblasting,Setup,,0,10,0
ASM-BRV-OVS-CHS-72X42-FRAME,,Sandblasting,Sandblasting,Process,,0,20,0
ASM-BRV-OVS-CHS-72X42-FRAME,,Powder Coating Booth,Powder Coating Booth,Process,,0,13,48
ASM-BRV-OVS-CHS-72X42-FRAME,,Curing Oven,Curing Oven,Process,,0,20,0
ASM-BRV-OVS-CHS-84X42-CUSH,,Fabric Cutting,Fabric Cutting,Process,,0,2,54
ASM-BRV-OVS-CHS-84X42-CUSH,,Fabric Sewing,Fabric Sewing,Process,,0,13,48
ASM-BRV-OVS-CHS-84X42-CUSH,,Cushion Stuffing,Cushion Stuffing,Process,,0,4,0
ASM-BRV-OVS-CHS-84X42-CUSH,,Quality Control,Quality Control,Process,,0,8,0
ASM-BRV-OVS-CHS-84X42-FRAME,,Cold Saw Fabrication,Metal Cutting,Process,,0,6,54
ASM-BRV-OVS-CHS-84X42-FRAME,,Fabrication & Welding,FAB POD A,Process,,1,16,18
ASM-BRV-OVS-CHS-84X42-FRAME,,Sandblasting Setup,Sandblasting,Setup,,0,10,0
ASM-BRV-OVS-CHS-84X42-FRAME,,Sandblasting,Sandblasting,Process,,0,20,0
ASM-BRV-OVS-CHS-84X42-FRAME,,Powder Coating Booth,Powder Coating Booth,Process,,0,13,48
ASM-BRV-OVS-CHS-84X42-FRAME,,Curing Oven,Curing Oven,Process,,0,20,0
ASM-BRV-SWV-CHA-CUSH,,Fabric Cutting,Fabric Cutting,Process,,0,2,54
ASM-BRV-SWV-CHA-CUSH,,Fabric Sewing,Fabric Sewing,Process,,0,13,48
ASM-BRV-SWV-CHA-CUSH,,Cushion Stuffing,Cushion Stuffing,Process,,0,4,0
ASM-BRV-SWV-CHA-CUSH,,Quality Control,Quality Control,Process,,0,8,0
ASM-BRV-SWV-CHA-FRAME,,Cold Saw Fabrication,Metal Cutting,Process,,0,6,54
ASM-BRV-SWV-CHA-FRAME,,Fabrication & Welding,FAB POD A,Process,,1,16,18
ASM-BRV-SWV-CHA-FRAME,,Sandblasting Setup,Sandblasting,Setup,,0,10,0
ASM-BRV-SWV-CHA-FRAME,,Sandblasting,Sandblasting,Process,,0,20,0
ASM-BRV-SWV-CHA-FRAME,,Powder Coating Booth,Powder Coating Booth,Process,,0,13,48
ASM-BRV-SWV-CHA-FRAME,,Curing Oven,Curing Oven,Process,,0,20,0
ASM-CAB-DYB-84X84-CUSH,,Fabric Cutting,Fabric Cutting,Process,,0,2,54
ASM-CAB-DYB-84X84-CUSH,,Fabric Sewing,Fabric Sewing,Process,,0,13,48
ASM-CAB-DYB-84X84-CUSH,,Cushion Stuffing,Cushion Stuffing,Process,,0,4,0
ASM-CAB-DYB-84X84-CUSH,,Quality Control,Quality Control,Process,,0,8,0
ASM-CAB-DYB-84X84-FRAME,,Cold Saw Fabrication,Metal Cutting,Process,,0,6,54
ASM-CAB-DYB-84X84-FRAME,,Fabrication & Welding,FAB POD A,Process,,1,16,18
ASM-CAB-DYB-84X84-FRAME,,Sandblasting Setup,Sandblasting,Setup,,0,10,0
ASM-CAB-DYB-84X84-FRAME,,Sandblasting,Sandblasting,Process,,0,20,0
ASM-CAB-DYB-84X84-FRAME,,Powder Coating Booth,Powder Coating Booth,Process,,0,13,48
ASM-CAB-DYB-84X84-FRAME,,Curing Oven,Curing Oven,Process,,0,20,0
ASM-CAB-MIS-10X10-CUSH,,Fabric Cutting,Fabric Cutting,Process,,0,2,54
ASM-CAB-MIS-10X10-CUSH,,Fabric Sewing,Fabric Sewing,Process,,0,13,48
ASM-CAB-MIS-10X10-CUSH,,Cushion Stuffing,Cushion Stuffing,Process,,0,4,0
ASM-CAB-MIS-10X10-CUSH,,Quality Control,Quality Control,Process,,0,8,0
ASM-CAB-MIS-10X10-FRAME,,Cold Saw Fabrication,Metal Cutting,Process,,0,6,54
ASM-CAB-MIS-10X10-FRAME,,Fabrication & Welding,FAB POD A,Process,,1,16,18
ASM-CAB-MIS-10X10-FRAME,,Sandblasting Setup,Sandblasting,Setup,,0,10,0
ASM-CAB-MIS-10X10-FRAME,,Sandblasting,Sandblasting,Process,,0,20,0
ASM-CAB-MIS-10X10-FRAME,,Powder Coating Booth,Powder Coating Booth,Process,,0,13,48
ASM-CAB-MIS-10X10-FRAME,,Curing Oven,Curing Oven,Process,,0,20,0
ASM-CUS-OTT-22X72-CUSH,,Fabric Cutting,Fabric Cutting,Process,,0,2,54
ASM-CUS-OTT-22X72-CUSH,,Fabric Sewing,Fabric Sewing,Process,,0,13,48
ASM-CUS-OTT-22X72-CUSH,,Cushion Stuffing,Cushion Stuffing,Process,,0,4,0
ASM-CUS-OTT-22X72-CUSH,,Quality Control,Quality Control,Process,,0,8,0
ASM-CUS-OTT-22X72-FRAME,,Cold Saw Fabrication,Metal Cutting,Process,,0,6,54
ASM-CUS-OTT-22X72-FRAME,,Fabrication & Welding,FAB POD A,Process,,1,16,18
ASM-CUS-OTT-22X72-FRAME,,Sandblasting Setup,Sandblasting,Setup,,0,10,0
ASM-CUS-OTT-22X72-FRAME,,Sandblasting,Sandblasting,Process,,0,20,0
ASM-CUS-OTT-22X72-FRAME,,Powder Coating Booth,Powder Coating Booth,Process,,0,13,48
ASM-CUS-OTT-22X72-FRAME,,Curing Oven,Curing Oven,Process,,0,20,0
ASM-CUS-OTT-23X82-CUSH,,Fabric Cutting,Fabric Cutting,Process,,0,2,54
ASM-CUS-OTT-23X82-CUSH,,Fabric Sewing,Fabric Sewing,Process,,0,13,48
ASM-CUS-OTT-23X82-CUSH,,Cushion Stuffing,Cushion Stuffing,Process,,0,4,0
ASM-CUS-OTT-23X82-CUSH,,Quality Control,Quality Control,Process,,0,8,0
ASM-CUS-OTT-23X82-FRAME,,Cold Saw Fabrication,Metal Cutting,Process,,0,6,54
ASM-CUS-OTT-23X82-FRAME,,Fabrication & Welding,FAB POD A,Process,,1,16,18
ASM-CUS-OTT-23X82-FRAME,,Sandblasting Setup,Sandblasting,Setup,,0,10,0
ASM-CUS-OTT-23X82-FRAME,,Sandblasting,Sandblasting,Process,,0,20,0
ASM-CUS-OTT-23X82-FRAME,,Powder Coating Booth,Powder Coating Booth,Process,,0,13,48
ASM-CUS-OTT-23X82-FRAME,,Curing Oven,Curing Oven,Process,,0,20,0
ASM-CUS-OTT-72X22-CUSH,,Fabric Cutting,Fabric Cutting,Process,,0,2,54
ASM-CUS-OTT-72X22-CUSH,,Fabric Sewing,Fabric Sewing,Process,,0,13,48
ASM-CUS-OTT-72X22-CUSH,,Cushion Stuffing,Cushion Stuffing,Process,,0,4,0
ASM-CUS-OTT-72X22-CUSH,,Quality Control,Quality Control,Process,,0,8,0
ASM-CUS-OTT-72X22-FRAME,,Cold Saw Fabrication,Metal Cutting,Process,,0,6,54
ASM-CUS-OTT-72X22-FRAME,,Fabrication & Welding,FAB POD A,Process,,1,16,18
ASM-CUS-OTT-72X22-FRAME,,Sandblasting Setup,Sandblasting,Setup,,0,10,0
ASM-CUS-OTT-72X22-FRAME,,Sandblasting,Sandblasting,Process,,0,20,0
ASM-CUS-OTT-72X22-FRAME,,Powder Coating Booth,Powder Coating Booth,Process,,0,13,48
ASM-CUS-OTT-72X22-FRAME,,Curing Oven,Curing Oven,Process,,0,20,0
ASM-CUS-OTT-82X23-CUSH,,Fabric Cutting,Fabric Cutting,Process,,0,2,54
ASM-CUS-OTT-82X23-CUSH,,Fabric Sewing,Fabric Sewing,Process,,0,13,48
ASM-CUS-OTT-82X23-CUSH,,Cushion Stuffing,Cushion Stuffing,Process,,0,4,0
ASM-CUS-OTT-82X23-CUSH,,Quality Control,Quality Control,Process,,0,8,0
ASM-CUS-OTT-82X23-FRAME,,Cold Saw Fabrication,Metal Cutting,Process,,0,6,54
ASM-CUS-OTT-82X23-FRAME,,Fabrication & Welding,FAB POD A,Process,,1,16,18
ASM-CUS-OTT-82X23-FRAME,,Sandblasting Setup,Sandblasting,Setup,,0,10,0
ASM-CUS-OTT-82X23-FRAME,,Sandblasting,Sandblasting,Process,,0,20,0
ASM-CUS-OTT-82X23-FRAME,,Powder Coating Booth,Powder Coating Booth,Process,,0,13,48
ASM-CUS-OTT-82X23-FRAME,,Curing Oven,Curing Oven,Process,,0,20,0
ASM-DAI-BAR-TAB-120X42-FRAME,,Cold Saw Fabrication,Metal Cutting,Process,,0,6,54
ASM-DAI-BAR-TAB-120X42-FRAME,,Fabrication & Welding,FAB POD A,Process,,1,16,18
ASM-DAI-BAR-TAB-120X42-FRAME,,Sandblasting Setup,Sandblasting,Setup,,0,10,0
ASM-DAI-BAR-TAB-120X42-FRAME,,Sandblasting,Sandblasting,Process,,0,20,0
ASM-DAI-BAR-TAB-120X42-FRAME,,Powder Coating Booth,Powder Coating Booth,Process,,0,13,48
ASM-DAI-BAR-TAB-120X42-FRAME,,Curing Oven,Curing Oven,Process,,0,20,0
ASM-DAI-BAR-TAB-120X56-FRAME,,Cold Saw Fabrication,Metal Cutting,Process,,0,6,54
ASM-DAI-BAR-TAB-120X56-FRAME,,Fabrication & Welding,FAB POD A,Process,,1,16,18
ASM-DAI-BAR-TAB-120X56-FRAME,,Sandblasting Setup,Sandblasting,Setup,,0,10,0
ASM-DAI-BAR-TAB-120X56-FRAME,,Sandblasting,Sandblasting,Process,,0,20,0
ASM-DAI-BAR-TAB-120X56-FRAME,,Powder Coating Booth,Powder Coating Booth,Process,,0,13,48
ASM-DAI-BAR-TAB-120X56-FRAME,,Curing Oven,Curing Oven,Process,,0,20,0
ASM-DAI-BAR-TAB-42X120-FRAME,,Cold Saw Fabrication,Metal Cutting,Process,,0,6,54
ASM-DAI-BAR-TAB-42X120-FRAME,,Fabrication & Welding,FAB POD A,Process,,1,16,18
ASM-DAI-BAR-TAB-42X120-FRAME,,Sandblasting Setup,Sandblasting,Setup,,0,10,0
ASM-DAI-BAR-TAB-42X120-FRAME,,Sandblasting,Sandblasting,Process,,0,20,0
ASM-DAI-BAR-TAB-42X120-FRAME,,Powder Coating Booth,Powder Coating Booth,Process,,0,13,48
ASM-DAI-BAR-TAB-42X120-FRAME,,Curing Oven,Curing Oven,Process,,0,20,0
ASM-DAI-BAR-TAB-42X72-FRAME,,Cold Saw Fabrication,Metal Cutting,Process,,0,6,54
ASM-DAI-BAR-TAB-42X72-FRAME,,Fabrication & Welding,FAB POD A,Process,,1,16,18
ASM-DAI-BAR-TAB-42X72-FRAME,,Sandblasting Setup,Sandblasting,Setup,,0,10,0
ASM-DAI-BAR-TAB-42X72-FRAME,,Sandblasting,Sandblasting,Process,,0,20,0
ASM-DAI-BAR-TAB-42X72-FRAME,,Powder Coating Booth,Powder Coating Booth,Process,,0,13,48
ASM-DAI-BAR-TAB-42X72-FRAME,,Curing Oven,Curing Oven,Process,,0,20,0
ASM-DAI-BAR-TAB-42X96-FRAME,,Cold Saw Fabrication,Metal Cutting,Process,,0,6,54
ASM-DAI-BAR-TAB-42X96-FRAME,,Fabrication & Welding,FAB POD A,Process,,1,16,18
ASM-DAI-BAR-TAB-42X96-FRAME,,Sandblasting Setup,Sandblasting,Setup,,0,10,0
ASM-DAI-BAR-TAB-42X96-FRAME,,Sandblasting,Sandblasting,Process,,0,20,0
ASM-DAI-BAR-TAB-42X96-FRAME,,Powder Coating Booth,Powder Coating Booth,Process,,0,13,48
ASM-DAI-BAR-TAB-42X96-FRAME,,Curing Oven,Curing Oven,Process,,0,20,0
ASM-DAI-BAR-TAB-56X120-FRAME,,Cold Saw Fabrication,Metal Cutting,Process,,0,6,54
ASM-DAI-BAR-TAB-56X120-FRAME,,Fabrication & Welding,FAB POD A,Process,,1,16,18
ASM-DAI-BAR-TAB-56X120-FRAME,,Sandblasting Setup,Sandblasting,Setup,,0,10,0
ASM-DAI-BAR-TAB-56X120-FRAME,,Sandblasting,Sandblasting,Process,,0,20,0
ASM-DAI-BAR-TAB-56X120-FRAME,,Powder Coating Booth,Powder Coating Booth,Process,,0,13,48
ASM-DAI-BAR-TAB-56X120-FRAME,,Curing Oven,Curing Oven,Process,,0,20,0
ASM-DAI-BAR-TAB-56X56-FRAME,,Cold Saw Fabrication,Metal Cutting,Process,,0,6,54
ASM-DAI-BAR-TAB-56X56-FRAME,,Fabrication & Welding,FAB POD A,Process,,1,16,18
ASM-DAI-BAR-TAB-56X56-FRAME,,Sandblasting Setup,Sandblasting,Setup,,0,10,0
ASM-DAI-BAR-TAB-56X56-FRAME,,Sandblasting,Sandblasting,Process,,0,20,0
ASM-DAI-BAR-TAB-56X56-FRAME,,Powder Coating Booth,Powder Coating Booth,Process,,0,13,48
ASM-DAI-BAR-TAB-56X56-FRAME,,Curing Oven,Curing Oven,Process,,0,20,0
ASM-DAI-BAR-TAB-56X72-FRAME,,Cold Saw Fabrication,Metal Cutting,Process,,0,6,54
ASM-DAI-BAR-TAB-56X72-FRAME,,Fabrication & Welding,FAB POD A,Process,,1,16,18
ASM-DAI-BAR-TAB-56X72-FRAME,,Sandblasting Setup,Sandblasting,Setup,,0,10,0
ASM-DAI-BAR-TAB-56X72-FRAME,,Sandblasting,Sandblasting,Process,,0,20,0
ASM-DAI-BAR-TAB-56X72-FRAME,,Powder Coating Booth,Powder Coating Booth,Process,,0,13,48
ASM-DAI-BAR-TAB-56X72-FRAME,,Curing Oven,Curing Oven,Process,,0,20,0
ASM-DAI-BAR-TAB-56X96-FRAME,,Cold Saw Fabrication,Metal Cutting,Process,,0,6,54
ASM-DAI-BAR-TAB-56X96-FRAME,,Fabrication & Welding,FAB POD A,Process,,1,16,18
ASM-DAI-BAR-TAB-56X96-FRAME,,Sandblasting Setup,Sandblasting,Setup,,0,10,0
ASM-DAI-BAR-TAB-56X96-FRAME,,Sandblasting,Sandblasting,Process,,0,20,0
ASM-DAI-BAR-TAB-56X96-FRAME,,Powder Coating Booth,Powder Coating Booth,Process,,0,13,48
ASM-DAI-BAR-TAB-56X96-FRAME,,Curing Oven,Curing Oven,Process,,0,20,0
ASM-DAI-BAR-TAB-72X42-FRAME,,Cold Saw Fabrication,Metal Cutting,Process,,0,6,54
ASM-DAI-BAR-TAB-72X42-FRAME,,Fabrication & Welding,FAB POD A,Process,,1,16,18
ASM-DAI-BAR-TAB-72X42-FRAME,,Sandblasting Setup,Sandblasting,Setup,,0,10,0
ASM-DAI-BAR-TAB-72X42-FRAME,,Sandblasting,Sandblasting,Process,,0,20,0
ASM-DAI-BAR-TAB-72X42-FRAME,,Powder Coating Booth,Powder Coating Booth,Process,,0,13,48
ASM-DAI-BAR-TAB-72X42-FRAME,,Curing Oven,Curing Oven,Process,,0,20,0
ASM-DAI-BAR-TAB-72X56-FRAME,,Cold Saw Fabrication,Metal Cutting,Process,,0,6,54
ASM-DAI-BAR-TAB-72X56-FRAME,,Fabrication & Welding,FAB POD A,Process,,1,16,18
ASM-DAI-BAR-TAB-72X56-FRAME,,Sandblasting Setup,Sandblasting,Setup,,0,10,0
ASM-DAI-BAR-TAB-72X56-FRAME,,Sandblasting,Sandblasting,Process,,0,20,0
ASM-DAI-BAR-TAB-72X56-FRAME,,Powder Coating Booth,Powder Coating Booth,Process,,0,13,48
ASM-DAI-BAR-TAB-72X56-FRAME,,Curing Oven,Curing Oven,Process,,0,20,0
ASM-DAI-BAR-TAB-96X42-FRAME,,Cold Saw Fabrication,Metal Cutting,Process,,0,6,54
ASM-DAI-BAR-TAB-96X42-FRAME,,Fabrication & Welding,FAB POD A,Process,,1,16,18
ASM-DAI-BAR-TAB-96X42-FRAME,,Sandblasting Setup,Sandblasting,Setup,,0,10,0
ASM-DAI-BAR-TAB-96X42-FRAME,,Sandblasting,Sandblasting,Process,,0,20,0
ASM-DAI-BAR-TAB-96X42-FRAME,,Powder Coating Booth,Powder Coating Booth,Process,,0,13,48
ASM-DAI-BAR-TAB-96X42-FRAME,,Curing Oven,Curing Oven,Process,,0,20,0
ASM-DAI-BAR-TAB-96X56-FRAME,,Cold Saw Fabrication,Metal Cutting,Process,,0,6,54
ASM-DAI-BAR-TAB-96X56-FRAME,,Fabrication & Welding,FAB POD A,Process,,1,16,18
ASM-DAI-BAR-TAB-96X56-FRAME,,Sandblasting Setup,Sandblasting,Setup,,0,10,0
ASM-DAI-BAR-TAB-96X56-FRAME,,Sandblasting,Sandblasting,Process,,0,20,0
ASM-DAI-BAR-TAB-96X56-FRAME,,Powder Coating Booth,Powder Coating Booth,Process,,0,13,48
ASM-DAI-BAR-TAB-96X56-FRAME,,Curing Oven,Curing Oven,Process,,0,20,0
ASM-DAI-CNT-TAB-120X42-FRAME,,Cold Saw Fabrication,Metal Cutting,Process,,0,6,54
ASM-DAI-CNT-TAB-120X42-FRAME,,Fabrication & Welding,FAB POD A,Process,,1,16,18
ASM-DAI-CNT-TAB-120X42-FRAME,,Sandblasting Setup,Sandblasting,Setup,,0,10,0
ASM-DAI-CNT-TAB-120X42-FRAME,,Sandblasting,Sandblasting,Process,,0,20,0
ASM-DAI-CNT-TAB-120X42-FRAME,,Powder Coating Booth,Powder Coating Booth,Process,,0,13,48
ASM-DAI-CNT-TAB-120X42-FRAME,,Curing Oven,Curing Oven,Process,,0,20,0
ASM-DAI-CNT-TAB-120X56-FRAME,,Cold Saw Fabrication,Metal Cutting,Process,,0,6,54
ASM-DAI-CNT-TAB-120X56-FRAME,,Fabrication & Welding,FAB POD A,Process,,1,16,18
ASM-DAI-CNT-TAB-120X56-FRAME,,Sandblasting Setup,Sandblasting,Setup,,0,10,0
ASM-DAI-CNT-TAB-120X56-FRAME,,Sandblasting,Sandblasting,Process,,0,20,0
ASM-DAI-CNT-TAB-120X56-FRAME,,Powder Coating Booth,Powder Coating Booth,Process,,0,13,48
ASM-DAI-CNT-TAB-120X56-FRAME,,Curing Oven,Curing Oven,Process,,0,20,0
ASM-DAI-CNT-TAB-42X120-FRAME,,Cold Saw Fabrication,Metal Cutting,Process,,0,6,54
ASM-DAI-CNT-TAB-42X120-FRAME,,Fabrication & Welding,FAB POD A,Process,,1,16,18
ASM-DAI-CNT-TAB-42X120-FRAME,,Sandblasting Setup,Sandblasting,Setup,,0,10,0
ASM-DAI-CNT-TAB-42X120-FRAME,,Sandblasting,Sandblasting,Process,,0,20,0
ASM-DAI-CNT-TAB-42X120-FRAME,,Powder Coating Booth,Powder Coating Booth,Process,,0,13,48
ASM-DAI-CNT-TAB-42X120-FRAME,,Curing Oven,Curing Oven,Process,,0,20,0
ASM-DAI-CNT-TAB-42X72-FRAME,,Cold Saw Fabrication,Metal Cutting,Process,,0,6,54
ASM-DAI-CNT-TAB-42X72-FRAME,,Fabrication & Welding,FAB POD A,Process,,1,16,18
ASM-DAI-CNT-TAB-42X72-FRAME,,Sandblasting Setup,Sandblasting,Setup,,0,10,0
ASM-DAI-CNT-TAB-42X72-FRAME,,Sandblasting,Sandblasting,Process,,0,20,0
ASM-DAI-CNT-TAB-42X72-FRAME,,Powder Coating Booth,Powder Coating Booth,Process,,0,13,48
ASM-DAI-CNT-TAB-42X72-FRAME,,Curing Oven,Curing Oven,Process,,0,20,0
ASM-DAI-CNT-TAB-42X96-FRAME,,Cold Saw Fabrication,Metal Cutting,Process,,0,6,54
ASM-DAI-CNT-TAB-42X96-FRAME,,Fabrication & Welding,FAB POD A,Process,,1,16,18
ASM-DAI-CNT-TAB-42X96-FRAME,,Sandblasting Setup,Sandblasting,Setup,,0,10,0
ASM-DAI-CNT-TAB-42X96-FRAME,,Sandblasting,Sandblasting,Process,,0,20,0
ASM-DAI-CNT-TAB-42X96-FRAME,,Powder Coating Booth,Powder Coating Booth,Process,,0,13,48
ASM-DAI-CNT-TAB-42X96-FRAME,,Curing Oven,Curing Oven,Process,,0,20,0
ASM-DAI-CNT-TAB-56X120-FRAME,,Cold Saw Fabrication,Metal Cutting,Process,,0,6,54
ASM-DAI-CNT-TAB-56X120-FRAME,,Fabrication & Welding,FAB POD A,Process,,1,16,18
ASM-DAI-CNT-TAB-56X120-FRAME,,Sandblasting Setup,Sandblasting,Setup,,0,10,0
ASM-DAI-CNT-TAB-56X120-FRAME,,Sandblasting,Sandblasting,Process,,0,20,0
ASM-DAI-CNT-TAB-56X120-FRAME,,Powder Coating Booth,Powder Coating Booth,Process,,0,13,48
ASM-DAI-CNT-TAB-56X120-FRAME,,Curing Oven,Curing Oven,Process,,0,20,0
ASM-DAI-CNT-TAB-56X56-FRAME,,Cold Saw Fabrication,Metal Cutting,Process,,0,6,54
ASM-DAI-CNT-TAB-56X56-FRAME,,Fabrication & Welding,FAB POD A,Process,,1,16,18
ASM-DAI-CNT-TAB-56X56-FRAME,,Sandblasting Setup,Sandblasting,Setup,,0,10,0
ASM-DAI-CNT-TAB-56X56-FRAME,,Sandblasting,Sandblasting,Process,,0,20,0
ASM-DAI-CNT-TAB-56X56-FRAME,,Powder Coating Booth,Powder Coating Booth,Process,,0,13,48
ASM-DAI-CNT-TAB-56X56-FRAME,,Curing Oven,Curing Oven,Process,,0,20,0
ASM-DAI-CNT-TAB-56X72-FRAME,,Cold Saw Fabrication,Metal Cutting,Process,,0,6,54
ASM-DAI-CNT-TAB-56X72-FRAME,,Fabrication & Welding,FAB POD A,Process,,1,16,18
ASM-DAI-CNT-TAB-56X72-FRAME,,Sandblasting Setup,Sandblasting,Setup,,0,10,0
ASM-DAI-CNT-TAB-56X72-FRAME,,Sandblasting,Sandblasting,Process,,0,20,0
ASM-DAI-CNT-TAB-56X72-FRAME,,Powder Coating Booth,Powder Coating Booth,Process,,0,13,48
ASM-DAI-CNT-TAB-56X72-FRAME,,Curing Oven,Curing Oven,Process,,0,20,0
ASM-DAI-CNT-TAB-56X96-FRAME,,Cold Saw Fabrication,Metal Cutting,Process,,0,6,54
ASM-DAI-CNT-TAB-56X96-FRAME,,Fabrication & Welding,FAB POD A,Process,,1,16,18
ASM-DAI-CNT-TAB-56X96-FRAME,,Sandblasting Setup,Sandblasting,Setup,,0,10,0
ASM-DAI-CNT-TAB-56X96-FRAME,,Sandblasting,Sandblasting,Process,,0,20,0
ASM-DAI-CNT-TAB-56X96-FRAME,,Powder Coating Booth,Powder Coating Booth,Process,,0,13,48
ASM-DAI-CNT-TAB-56X96-FRAME,,Curing Oven,Curing Oven,Process,,0,20,0
ASM-DAI-CNT-TAB-72X42-FRAME,,Cold Saw Fabrication,Metal Cutting,Process,,0,6,54
ASM-DAI-CNT-TAB-72X42-FRAME,,Fabrication & Welding,FAB POD A,Process,,1,16,18
ASM-DAI-CNT-TAB-72X42-FRAME,,Sandblasting Setup,Sandblasting,Setup,,0,10,0
ASM-DAI-CNT-TAB-72X42-FRAME,,Sandblasting,Sandblasting,Process,,0,20,0
ASM-DAI-CNT-TAB-72X42-FRAME,,Powder Coating Booth,Powder Coating Booth,Process,,0,13,48
ASM-DAI-CNT-TAB-72X42-FRAME,,Curing Oven,Curing Oven,Process,,0,20,0
ASM-DAI-CNT-TAB-72X56-FRAME,,Cold Saw Fabrication,Metal Cutting,Process,,0,6,54
ASM-DAI-CNT-TAB-72X56-FRAME,,Fabrication & Welding,FAB POD A,Process,,1,16,18
ASM-DAI-CNT-TAB-72X56-FRAME,,Sandblasting Setup,Sandblasting,Setup,,0,10,0
ASM-DAI-CNT-TAB-72X56-FRAME,,Sandblasting,Sandblasting,Process,,0,20,0
ASM-DAI-CNT-TAB-72X56-FRAME,,Powder Coating Booth,Powder Coating Booth,Process,,0,13,48
ASM-DAI-CNT-TAB-72X56-FRAME,,Curing Oven,Curing Oven,Process,,0,20,0
ASM-DAI-CNT-TAB-96X42-FRAME,,Cold Saw Fabrication,Metal Cutting,Process,,0,6,54
ASM-DAI-CNT-TAB-96X42-FRAME,,Fabrication & Welding,FAB POD A,Process,,1,16,18
ASM-DAI-CNT-TAB-96X42-FRAME,,Sandblasting Setup,Sandblasting,Setup,,0,10,0
ASM-DAI-CNT-TAB-96X42-FRAME,,Sandblasting,Sandblasting,Process,,0,20,0
ASM-DAI-CNT-TAB-96X42-FRAME,,Powder Coating Booth,Powder Coating Booth,Process,,0,13,48
ASM-DAI-CNT-TAB-96X42-FRAME,,Curing Oven,Curing Oven,Process,,0,20,0
ASM-DAI-CNT-TAB-96X56-FRAME,,Cold Saw Fabrication,Metal Cutting,Process,,0,6,54
ASM-DAI-CNT-TAB-96X56-FRAME,,Fabrication & Welding,FAB POD A,Process,,1,16,18
ASM-DAI-CNT-TAB-96X56-FRAME,,Sandblasting Setup,Sandblasting,Setup,,0,10,0
ASM-DAI-CNT-TAB-96X56-FRAME,,Sandblasting,Sandblasting,Process,,0,20,0
ASM-DAI-CNT-TAB-96X56-FRAME,,Powder Coating Booth,Powder Coating Booth,Process,,0,13,48
ASM-DAI-CNT-TAB-96X56-FRAME,,Curing Oven,Curing Oven,Process,,0,20,0
ASM-DAI-DIN-TAB-120X42-FRAME,,Cold Saw Fabrication,Metal Cutting,Process,,0,6,54
ASM-DAI-DIN-TAB-120X42-FRAME,,Fabrication & Welding,FAB POD A,Process,,1,16,18
ASM-DAI-DIN-TAB-120X42-FRAME,,Sandblasting Setup,Sandblasting,Setup,,0,10,0
ASM-DAI-DIN-TAB-120X42-FRAME,,Sandblasting,Sandblasting,Process,,0,20,0
ASM-DAI-DIN-TAB-120X42-FRAME,,Powder Coating Booth,Powder Coating Booth,Process,,0,13,48
ASM-DAI-DIN-TAB-120X42-FRAME,,Curing Oven,Curing Oven,Process,,0,20,0
ASM-DAI-DIN-TAB-120X56-FRAME,,Cold Saw Fabrication,Metal Cutting,Process,,0,6,54
ASM-DAI-DIN-TAB-120X56-FRAME,,Fabrication & Welding,FAB POD A,Process,,1,16,18
ASM-DAI-DIN-TAB-120X56-FRAME,,Sandblasting Setup,Sandblasting,Setup,,0,10,0
ASM-DAI-DIN-TAB-120X56-FRAME,,Sandblasting,Sandblasting,Process,,0,20,0
ASM-DAI-DIN-TAB-120X56-FRAME,,Powder Coating Booth,Powder Coating Booth,Process,,0,13,48
ASM-DAI-DIN-TAB-120X56-FRAME,,Curing Oven,Curing Oven,Process,,0,20,0
ASM-DAI-DIN-TAB-42X30-FRAME,,Cold Saw Fabrication,Metal Cutting,Process,,0,6,54
ASM-DAI-DIN-TAB-42X30-FRAME,,Fabrication & Welding,FAB POD A,Process,,1,16,18
ASM-DAI-DIN-TAB-42X30-FRAME,,Sandblasting Setup,Sandblasting,Setup,,0,10,0
ASM-DAI-DIN-TAB-42X30-FRAME,,Sandblasting,Sandblasting,Process,,0,20,0
ASM-DAI-DIN-TAB-42X30-FRAME,,Powder Coating Booth,Powder Coating Booth,Process,,0,13,48
ASM-DAI-DIN-TAB-42X30-FRAME,,Curing Oven,Curing Oven,Process,,0,20,0
ASM-DAI-DIN-TAB-42X42-FRAME,,Cold Saw Fabrication,Metal Cutting,Process,,0,6,54
ASM-DAI-DIN-TAB-42X42-FRAME,,Fabrication & Welding,FAB POD A,Process,,1,16,18
ASM-DAI-DIN-TAB-42X42-FRAME,,Sandblasting Setup,Sandblasting,Setup,,0,10,0
ASM-DAI-DIN-TAB-42X42-FRAME,,Sandblasting,Sandblasting,Process,,0,20,0
ASM-DAI-DIN-TAB-42X42-FRAME,,Powder Coating Booth,Powder Coating Booth,Process,,0,13,48
ASM-DAI-DIN-TAB-42X42-FRAME,,Curing Oven,Curing Oven,Process,,0,20,0
ASM-DAI-DIN-TAB-56X30-FRAME,,Cold Saw Fabrication,Metal Cutting,Process,,0,6,54
ASM-DAI-DIN-TAB-56X30-FRAME,,Fabrication & Welding,FAB POD A,Process,,1,16,18
ASM-DAI-DIN-TAB-56X30-FRAME,,Sandblasting Setup,Sandblasting,Setup,,0,10,0
ASM-DAI-DIN-TAB-56X30-FRAME,,Sandblasting,Sandblasting,Process,,0,20,0
ASM-DAI-DIN-TAB-56X30-FRAME,,Powder Coating Booth,Powder Coating Booth,Process,,0,13,48
ASM-DAI-DIN-TAB-56X30-FRAME,,Curing Oven,Curing Oven,Process,,0,20,0
ASM-DAI-DIN-TAB-56X56-FRAME,,Cold Saw Fabrication,Metal Cutting,Process,,0,6,54
ASM-DAI-DIN-TAB-56X56-FRAME,,Fabrication & Welding,FAB POD A,Process,,1,16,18
ASM-DAI-DIN-TAB-56X56-FRAME,,Sandblasting Setup,Sandblasting,Setup,,0,10,0
ASM-DAI-DIN-TAB-56X56-FRAME,,Sandblasting,Sandblasting,Process,,0,20,0
ASM-DAI-DIN-TAB-56X56-FRAME,,Powder Coating Booth,Powder Coating Booth,Process,,0,13,48
ASM-DAI-DIN-TAB-56X56-FRAME,,Curing Oven,Curing Oven,Process,,0,20,0
ASM-DAI-DIN-TAB-56X72-FRAME,,Cold Saw Fabrication,Metal Cutting,Process,,0,6,54
ASM-DAI-DIN-TAB-56X72-FRAME,,Fabrication & Welding,FAB POD A,Process,,1,16,18
ASM-DAI-DIN-TAB-56X72-FRAME,,Sandblasting Setup,Sandblasting,Setup,,0,10,0
ASM-DAI-DIN-TAB-56X72-FRAME,,Sandblasting,Sandblasting,Process,,0,20,0
ASM-DAI-DIN-TAB-56X72-FRAME,,Powder Coating Booth,Powder Coating Booth,Process,,0,13,48
ASM-DAI-DIN-TAB-56X72-FRAME,,Curing Oven,Curing Oven,Process,,0,20,0
ASM-DAI-DIN-TAB-56X96-FRAME,,Cold Saw Fabrication,Metal Cutting,Process,,0,6,54
ASM-DAI-DIN-TAB-56X96-FRAME,,Fabrication & Welding,FAB POD A,Process,,1,16,18
ASM-DAI-DIN-TAB-56X96-FRAME,,Sandblasting Setup,Sandblasting,Setup,,0,10,0
ASM-DAI-DIN-TAB-56X96-FRAME,,Sandblasting,Sandblasting,Process,,0,20,0
ASM-DAI-DIN-TAB-56X96-FRAME,,Powder Coating Booth,Powder Coating Booth,Process,,0,13,48
ASM-DAI-DIN-TAB-56X96-FRAME,,Curing Oven,Curing Oven,Process,,0,20,0
ASM-DAI-DIN-TAB-72X42-FRAME,,Cold Saw Fabrication,Metal Cutting,Process,,0,6,54
ASM-DAI-DIN-TAB-72X42-FRAME,,Fabrication & Welding,FAB POD A,Process,,1,16,18
ASM-DAI-DIN-TAB-72X42-FRAME,,Sandblasting Setup,Sandblasting,Setup,,0,10,0
ASM-DAI-DIN-TAB-72X42-FRAME,,Sandblasting,Sandblasting,Process,,0,20,0
ASM-DAI-DIN-TAB-72X42-FRAME,,Powder Coating Booth,Powder Coating Booth,Process,,0,13,48
ASM-DAI-DIN-TAB-72X42-FRAME,,Curing Oven,Curing Oven,Process,,0,20,0
ASM-DAI-DIN-TAB-72X56-FRAME,,Cold Saw Fabrication,Metal Cutting,Process,,0,6,54
ASM-DAI-DIN-TAB-72X56-FRAME,,Fabrication & Welding,FAB POD A,Process,,1,16,18
ASM-DAI-DIN-TAB-72X56-FRAME,,Sandblasting Setup,Sandblasting,Setup,,0,10,0
ASM-DAI-DIN-TAB-72X56-FRAME,,Sandblasting,Sandblasting,Process,,0,20,0
ASM-DAI-DIN-TAB-72X56-FRAME,,Powder Coating Booth,Powder Coating Booth,Process,,0,13,48
ASM-DAI-DIN-TAB-72X56-FRAME,,Curing Oven,Curing Oven,Process,,0,20,0
ASM-DAI-DIN-TAB-96X42-FRAME,,Cold Saw Fabrication,Metal Cutting,Process,,0,6,54
ASM-DAI-DIN-TAB-96X42-FRAME,,Fabrication & Welding,FAB POD A,Process,,1,16,18
ASM-DAI-DIN-TAB-96X42-FRAME,,Sandblasting Setup,Sandblasting,Setup,,0,10,0
ASM-DAI-DIN-TAB-96X42-FRAME,,Sandblasting,Sandblasting,Process,,0,20,0
ASM-DAI-DIN-TAB-96X42-FRAME,,Powder Coating Booth,Powder Coating Booth,Process,,0,13,48
ASM-DAI-DIN-TAB-96X42-FRAME,,Curing Oven,Curing Oven,Process,,0,20,0
ASM-DAI-DIN-TAB-96X56-FRAME,,Cold Saw Fabrication,Metal Cutting,Process,,0,6,54
ASM-DAI-DIN-TAB-96X56-FRAME,,Fabrication & Welding,FAB POD A,Process,,1,16,18
ASM-DAI-DIN-TAB-96X56-FRAME,,Sandblasting Setup,Sandblasting,Setup,,0,10,0
ASM-DAI-DIN-TAB-96X56-FRAME,,Sandblasting,Sandblasting,Process,,0,20,0
ASM-DAI-DIN-TAB-96X56-FRAME,,Powder Coating Booth,Powder Coating Booth,Process,,0,13,48
ASM-DAI-DIN-TAB-96X56-FRAME,,Curing Oven,Curing Oven,Process,,0,20,0
ASM-DAI-FIR-TAB-42X42-FRAME,,Cold Saw Fabrication,Metal Cutting,Process,,0,6,54
ASM-DAI-FIR-TAB-42X42-FRAME,,Fabrication & Welding,FAB POD A,Process,,1,16,18
ASM-DAI-FIR-TAB-42X42-FRAME,,Sandblasting Setup,Sandblasting,Setup,,0,10,0
ASM-DAI-FIR-TAB-42X42-FRAME,,Sandblasting,Sandblasting,Process,,0,20,0
ASM-DAI-FIR-TAB-42X42-FRAME,,Powder Coating Booth,Powder Coating Booth,Process,,0,13,48
ASM-DAI-FIR-TAB-42X42-FRAME,,Curing Oven,Curing Oven,Process,,0,20,0
ASM-DAI-FIR-TAB-56X42-FRAME,,Cold Saw Fabrication,Metal Cutting,Process,,0,6,54
ASM-DAI-FIR-TAB-56X42-FRAME,,Fabrication & Welding,FAB POD A,Process,,1,16,18
ASM-DAI-FIR-TAB-56X42-FRAME,,Sandblasting Setup,Sandblasting,Setup,,0,10,0
ASM-DAI-FIR-TAB-56X42-FRAME,,Sandblasting,Sandblasting,Process,,0,20,0
ASM-DAI-FIR-TAB-56X42-FRAME,,Powder Coating Booth,Powder Coating Booth,Process,,0,13,48
ASM-DAI-FIR-TAB-56X42-FRAME,,Curing Oven,Curing Oven,Process,,0,20,0
ASM-DAI-FIR-TAB-84X56-FRAME,,Cold Saw Fabrication,Metal Cutting,Process,,0,6,54
ASM-DAI-FIR-TAB-84X56-FRAME,,Fabrication & Welding,FAB POD A,Process,,1,16,18
ASM-DAI-FIR-TAB-84X56-FRAME,,Sandblasting Setup,Sandblasting,Setup,,0,10,0
ASM-DAI-FIR-TAB-84X56-FRAME,,Sandblasting,Sandblasting,Process,,0,20,0
ASM-DAI-FIR-TAB-84X56-FRAME,,Powder Coating Booth,Powder Coating Booth,Process,,0,13,48
ASM-DAI-FIR-TAB-84X56-FRAME,,Curing Oven,Curing Oven,Process,,0,20,0
ASM-DAI-FIR-TAB-96X56-FRAME,,Cold Saw Fabrication,Metal Cutting,Process,,0,6,54
ASM-DAI-FIR-TAB-96X56-FRAME,,Fabrication & Welding,FAB POD A,Process,,1,16,18
ASM-DAI-FIR-TAB-96X56-FRAME,,Sandblasting Setup,Sandblasting,Setup,,0,10,0
ASM-DAI-FIR-TAB-96X56-FRAME,,Sandblasting,Sandblasting,Process,,0,20,0
ASM-DAI-FIR-TAB-96X56-FRAME,,Powder Coating Booth,Powder Coating Booth,Process,,0,13,48
ASM-DAI-FIR-TAB-96X56-FRAME,,Curing Oven,Curing Oven,Process,,0,20,0
ASM-DAI-TAB-108X56-FRAME,,Cold Saw Fabrication,Metal Cutting,Process,,0,6,54
ASM-DAI-TAB-108X56-FRAME,,Fabrication & Welding,FAB POD A,Process,,1,16,18
ASM-DAI-TAB-108X56-FRAME,,Sandblasting Setup,Sandblasting,Setup,,0,10,0
ASM-DAI-TAB-108X56-FRAME,,Sandblasting,Sandblasting,Process,,0,20,0
ASM-DAI-TAB-108X56-FRAME,,Powder Coating Booth,Powder Coating Booth,Process,,0,13,48
ASM-DAI-TAB-108X56-FRAME,,Curing Oven,Curing Oven,Process,,0,20,0
ASM-DAI-TAB-72X42-FRAME,,Cold Saw Fabrication,Metal Cutting,Process,,0,6,54
ASM-DAI-TAB-72X42-FRAME,,Fabrication & Welding,FAB POD A,Process,,1,16,18
ASM-DAI-TAB-72X42-FRAME,,Sandblasting Setup,Sandblasting,Setup,,0,10,0
ASM-DAI-TAB-72X42-FRAME,,Sandblasting,Sandblasting,Process,,0,20,0
ASM-DAI-TAB-72X42-FRAME,,Powder Coating Booth,Powder Coating Booth,Process,,0,13,48
ASM-DAI-TAB-72X42-FRAME,,Curing Oven,Curing Oven,Process,,0,20,0
ASM-ESY-CHS-CUSH,,Fabric Cutting,Fabric Cutting,Process,,0,2,54
ASM-ESY-CHS-CUSH,,Fabric Sewing,Fabric Sewing,Process,,0,13,48
ASM-ESY-CHS-CUSH,,Cushion Stuffing,Cushion Stuffing,Process,,0,4,0
ASM-ESY-CHS-CUSH,,Quality Control,Quality Control,Process,,0,8,0
ASM-ESY-CHS-FRAME,,Cold Saw Fabrication,Metal Cutting,Process,,0,6,54
ASM-ESY-CHS-FRAME,,Fabrication & Welding,FAB POD A,Process,,1,16,18
ASM-ESY-CHS-FRAME,,Sandblasting Setup,Sandblasting,Setup,,0,10,0
ASM-ESY-CHS-FRAME,,Sandblasting,Sandblasting,Process,,0,20,0
ASM-ESY-CHS-FRAME,,Powder Coating Booth,Powder Coating Booth,Process,,0,13,48
ASM-ESY-CHS-FRAME,,Curing Oven,Curing Oven,Process,,0,20,0
ASM-FLY-BCH-42X18-CUSH,,Fabric Cutting,Fabric Cutting,Process,,0,2,54
ASM-FLY-BCH-42X18-CUSH,,Fabric Sewing,Fabric Sewing,Process,,0,13,48
ASM-FLY-BCH-42X18-CUSH,,Cushion Stuffing,Cushion Stuffing,Process,,0,4,0
ASM-FLY-BCH-42X18-CUSH,,Quality Control,Quality Control,Process,,0,8,0
ASM-FLY-BCH-42X18-FRAME,,Cold Saw Fabrication,Metal Cutting,Process,,0,6,54
ASM-FLY-BCH-42X18-FRAME,,Fabrication & Welding,FAB POD A,Process,,1,16,18
ASM-FLY-BCH-42X18-FRAME,,Sandblasting Setup,Sandblasting,Setup,,0,10,0
ASM-FLY-BCH-42X18-FRAME,,Sandblasting,Sandblasting,Process,,0,20,0
ASM-FLY-BCH-42X18-FRAME,,Powder Coating Booth,Powder Coating Booth,Process,,0,13,48
ASM-FLY-BCH-42X18-FRAME,,Curing Oven,Curing Oven,Process,,0,20,0
ASM-FLY-DIN-CHA-18X18-CUSH,,Fabric Cutting,Fabric Cutting,Process,,0,2,54
ASM-FLY-DIN-CHA-18X18-CUSH,,Fabric Sewing,Fabric Sewing,Process,,0,13,48
ASM-FLY-DIN-CHA-18X18-CUSH,,Cushion Stuffing,Cushion Stuffing,Process,,0,4,0
ASM-FLY-DIN-CHA-18X18-CUSH,,Quality Control,Quality Control,Process,,0,8,0
ASM-FLY-DIN-CHA-18X18-FRAME,,Cold Saw Fabrication,Metal Cutting,Process,,0,6,54
ASM-FLY-DIN-CHA-18X18-FRAME,,Fabrication & Welding,FAB POD A,Process,,1,16,18
ASM-FLY-DIN-CHA-18X18-FRAME,,Sandblasting Setup,Sandblasting,Setup,,0,10,0
ASM-FLY-DIN-CHA-18X18-FRAME,,Sandblasting,Sandblasting,Process,,0,20,0
ASM-FLY-DIN-CHA-18X18-FRAME,,Powder Coating Booth,Powder Coating Booth,Process,,0,13,48
ASM-FLY-DIN-CHA-18X18-FRAME,,Curing Oven,Curing Oven,Process,,0,20,0
ASM-FLY-FLY-BST-18X18-CUSH,,Fabric Cutting,Fabric Cutting,Process,,0,2,54
ASM-FLY-FLY-BST-18X18-CUSH,,Fabric Sewing,Fabric Sewing,Process,,0,13,48
ASM-FLY-FLY-BST-18X18-CUSH,,Cushion Stuffing,Cushion Stuffing,Process,,0,4,0
ASM-FLY-FLY-BST-18X18-CUSH,,Quality Control,Quality Control,Process,,0,8,0
ASM-FLY-FLY-BST-18X18-FRAME,,Cold Saw Fabrication,Metal Cutting,Process,,0,6,54
ASM-FLY-FLY-BST-18X18-FRAME,,Fabrication & Welding,FAB POD A,Process,,1,16,18
ASM-FLY-FLY-BST-18X18-FRAME,,Sandblasting Setup,Sandblasting,Setup,,0,10,0
ASM-FLY-FLY-BST-18X18-FRAME,,Sandblasting,Sandblasting,Process,,0,20,0
ASM-FLY-FLY-BST-18X18-FRAME,,Powder Coating Booth,Powder Coating Booth,Process,,0,13,48
ASM-FLY-FLY-BST-18X18-FRAME,,Curing Oven,Curing Oven,Process,,0,20,0
ASM-FLY-LEG-BAR-COU-HEI-CUSH,,Fabric Cutting,Fabric Cutting,Process,,0,2,54
ASM-FLY-LEG-BAR-COU-HEI-CUSH,,Fabric Sewing,Fabric Sewing,Process,,0,13,48
ASM-FLY-LEG-BAR-COU-HEI-CUSH,,Cushion Stuffing,Cushion Stuffing,Process,,0,4,0
ASM-FLY-LEG-BAR-COU-HEI-CUSH,,Quality Control,Quality Control,Process,,0,8,0
ASM-FLY-LEG-BAR-COU-HEI-FRAME,,Cold Saw Fabrication,Metal Cutting,Process,,0,6,54
ASM-FLY-LEG-BAR-COU-HEI-FRAME,,Fabrication & Welding,FAB POD A,Process,,1,16,18
ASM-FLY-LEG-BAR-COU-HEI-FRAME,,Sandblasting Setup,Sandblasting,Setup,,0,10,0
ASM-FLY-LEG-BAR-COU-HEI-FRAME,,Sandblasting,Sandblasting,Process,,0,20,0
ASM-FLY-LEG-BAR-COU-HEI-FRAME,,Powder Coating Booth,Powder Coating Booth,Process,,0,13,48
ASM-FLY-LEG-BAR-COU-HEI-FRAME,,Curing Oven,Curing Oven,Process,,0,20,0
ASM-FLY-LEG-BEN-COU-HEI-42-CUSH,,Fabric Cutting,Fabric Cutting,Process,,0,2,54
ASM-FLY-LEG-BEN-COU-HEI-42-CUSH,,Fabric Sewing,Fabric Sewing,Process,,0,13,48
ASM-FLY-LEG-BEN-COU-HEI-42-CUSH,,Cushion Stuffing,Cushion Stuffing,Process,,0,4,0
ASM-FLY-LEG-BEN-COU-HEI-42-CUSH,,Quality Control,Quality Control,Process,,0,8,0
ASM-FLY-LEG-BEN-COU-HEI-42-FRAME,,Cold Saw Fabrication,Metal Cutting,Process,,0,6,54
ASM-FLY-LEG-BEN-COU-HEI-42-FRAME,,Fabrication & Welding,FAB POD A,Process,,1,16,18
ASM-FLY-LEG-BEN-COU-HEI-42-FRAME,,Sandblasting Setup,Sandblasting,Setup,,0,10,0
ASM-FLY-LEG-BEN-COU-HEI-42-FRAME,,Sandblasting,Sandblasting,Process,,0,20,0
ASM-FLY-LEG-BEN-COU-HEI-42-FRAME,,Powder Coating Booth,Powder Coating Booth,Process,,0,13,48
ASM-FLY-LEG-BEN-COU-HEI-42-FRAME,,Curing Oven,Curing Oven,Process,,0,20,0
ASM-FLY-LEG-BEN-DIN-HEI-42-CUSH,,Fabric Cutting,Fabric Cutting,Process,,0,2,54
ASM-FLY-LEG-BEN-DIN-HEI-42-CUSH,,Fabric Sewing,Fabric Sewing,Process,,0,13,48
ASM-FLY-LEG-BEN-DIN-HEI-42-CUSH,,Cushion Stuffing,Cushion Stuffing,Process,,0,4,0
ASM-FLY-LEG-BEN-DIN-HEI-42-CUSH,,Quality Control,Quality Control,Process,,0,8,0
ASM-FLY-LEG-BEN-DIN-HEI-42-FRAME,,Cold Saw Fabrication,Metal Cutting,Process,,0,6,54
ASM-FLY-LEG-BEN-DIN-HEI-42-FRAME,,Fabrication & Welding,FAB POD A,Process,,1,16,18
ASM-FLY-LEG-BEN-DIN-HEI-42-FRAME,,Sandblasting Setup,Sandblasting,Setup,,0,10,0
ASM-FLY-LEG-BEN-DIN-HEI-42-FRAME,,Sandblasting,Sandblasting,Process,,0,20,0
ASM-FLY-LEG-BEN-DIN-HEI-42-FRAME,,Powder Coating Booth,Powder Coating Booth,Process,,0,13,48
ASM-FLY-LEG-BEN-DIN-HEI-42-FRAME,,Curing Oven,Curing Oven,Process,,0,20,0
ASM-FLY-TAB-38X8-FRAME,,Cold Saw Fabrication,Metal Cutting,Process,,0,6,54
ASM-FLY-TAB-38X8-FRAME,,Fabrication & Welding,FAB POD A,Process,,1,16,18
ASM-FLY-TAB-38X8-FRAME,,Sandblasting Setup,Sandblasting,Setup,,0,10,0
ASM-FLY-TAB-38X8-FRAME,,Sandblasting,Sandblasting,Process,,0,20,0
ASM-FLY-TAB-38X8-FRAME,,Powder Coating Booth,Powder Coating Booth,Process,,0,13,48
ASM-FLY-TAB-38X8-FRAME,,Curing Oven,Curing Oven,Process,,0,20,0
ASM-FLY-TAB-60X12-FRAME,,Cold Saw Fabrication,Metal Cutting,Process,,0,6,54
ASM-FLY-TAB-60X12-FRAME,,Fabrication & Welding,FAB POD A,Process,,1,16,18
ASM-FLY-TAB-60X12-FRAME,,Sandblasting Setup,Sandblasting,Setup,,0,10,0
ASM-FLY-TAB-60X12-FRAME,,Sandblasting,Sandblasting,Process,,0,20,0
ASM-FLY-TAB-60X12-FRAME,,Powder Coating Booth,Powder Coating Booth,Process,,0,13,48
ASM-FLY-TAB-60X12-FRAME,,Curing Oven,Curing Oven,Process,,0,20,0
ASM-FLY-TAB-72X12-FRAME,,Cold Saw Fabrication,Metal Cutting,Process,,0,6,54
ASM-FLY-TAB-72X12-FRAME,,Fabrication & Welding,FAB POD A,Process,,1,16,18
ASM-FLY-TAB-72X12-FRAME,,Sandblasting Setup,Sandblasting,Setup,,0,10,0
ASM-FLY-TAB-72X12-FRAME,,Sandblasting,Sandblasting,Process,,0,20,0
ASM-FLY-TAB-72X12-FRAME,,Powder Coating Booth,Powder Coating Booth,Process,,0,13,48
ASM-FLY-TAB-72X12-FRAME,,Curing Oven,Curing Oven,Process,,0,20,0
ASM-FLY-TAB-84X12-FRAME,,Cold Saw Fabrication,Metal Cutting,Process,,0,6,54
ASM-FLY-TAB-84X12-FRAME,,Fabrication & Welding,FAB POD A,Process,,1,16,18
ASM-FLY-TAB-84X12-FRAME,,Sandblasting Setup,Sandblasting,Setup,,0,10,0
ASM-FLY-TAB-84X12-FRAME,,Sandblasting,Sandblasting,Process,,0,20,0
ASM-FLY-TAB-84X12-FRAME,,Powder Coating Booth,Powder Coating Booth,Process,,0,13,48
ASM-FLY-TAB-84X12-FRAME,,Curing Oven,Curing Oven,Process,,0,20,0
ASM-FLY-TAB-96X12-FRAME,,Cold Saw Fabrication,Metal Cutting,Process,,0,6,54
ASM-FLY-TAB-96X12-FRAME,,Fabrication & Welding,FAB POD A,Process,,1,16,18
ASM-FLY-TAB-96X12-FRAME,,Sandblasting Setup,Sandblasting,Setup,,0,10,0
ASM-FLY-TAB-96X12-FRAME,,Sandblasting,Sandblasting,Process,,0,20,0
ASM-FLY-TAB-96X12-FRAME,,Powder Coating Booth,Powder Coating Booth,Process,,0,13,48
ASM-FLY-TAB-96X12-FRAME,,Curing Oven,Curing Oven,Process,,0,20,0
ASM-HAL-BAC-BAR-BAR-HEI-CUSH,,Fabric Cutting,Fabric Cutting,Process,,0,2,54
ASM-HAL-BAC-BAR-BAR-HEI-CUSH,,Fabric Sewing,Fabric Sewing,Process,,0,13,48
ASM-HAL-BAC-BAR-BAR-HEI-CUSH,,Cushion Stuffing,Cushion Stuffing,Process,,0,4,0
ASM-HAL-BAC-BAR-BAR-HEI-CUSH,,Quality Control,Quality Control,Process,,0,8,0
ASM-HAL-BAC-BAR-BAR-HEI-FRAME,,Cold Saw Fabrication,Metal Cutting,Process,,0,6,54
ASM-HAL-BAC-BAR-BAR-HEI-FRAME,,Fabrication & Welding,FAB POD A,Process,,1,16,18
ASM-HAL-BAC-BAR-BAR-HEI-FRAME,,Sandblasting Setup,Sandblasting,Setup,,0,10,0
ASM-HAL-BAC-BAR-BAR-HEI-FRAME,,Sandblasting,Sandblasting,Process,,0,20,0
ASM-HAL-BAC-BAR-BAR-HEI-FRAME,,Powder Coating Booth,Powder Coating Booth,Process,,0,13,48
ASM-HAL-BAC-BAR-BAR-HEI-FRAME,,Curing Oven,Curing Oven,Process,,0,20,0
ASM-LED-CHA-CUSH,,Fabric Cutting,Fabric Cutting,Process,,0,2,54
ASM-LED-CHA-CUSH,,Fabric Sewing,Fabric Sewing,Process,,0,13,48
ASM-LED-CHA-CUSH,,Cushion Stuffing,Cushion Stuffing,Process,,0,4,0
ASM-LED-CHA-CUSH,,Quality Control,Quality Control,Process,,0,8,0
ASM-LED-CHA-FRAME,,Cold Saw Fabrication,Metal Cutting,Process,,0,6,54
ASM-LED-CHA-FRAME,,Fabrication & Welding,FAB POD A,Process,,1,16,18
ASM-LED-CHA-FRAME,,Sandblasting Setup,Sandblasting,Setup,,0,10,0
ASM-LED-CHA-FRAME,,Sandblasting,Sandblasting,Process,,0,20,0
ASM-LED-CHA-FRAME,,Powder Coating Booth,Powder Coating Booth,Process,,0,13,48
ASM-LED-CHA-FRAME,,Curing Oven,Curing Oven,Process,,0,20,0
ASM-LED-SID-TAB-FRAME,,Cold Saw Fabrication,Metal Cutting,Process,,0,6,54
ASM-LED-SID-TAB-FRAME,,Fabrication & Welding,FAB POD A,Process,,1,16,18
ASM-LED-SID-TAB-FRAME,,Sandblasting Setup,Sandblasting,Setup,,0,10,0
ASM-LED-SID-TAB-FRAME,,Sandblasting,Sandblasting,Process,,0,20,0
ASM-LED-SID-TAB-FRAME,,Powder Coating Booth,Powder Coating Booth,Process,,0,13,48
ASM-LED-SID-TAB-FRAME,,Curing Oven,Curing Oven,Process,,0,20,0
ASM-MIS-DIN-BCH-72X22-CUSH,,Fabric Cutting,Fabric Cutting,Process,,0,2,54
ASM-MIS-DIN-BCH-72X22-CUSH,,Fabric Sewing,Fabric Sewing,Process,,0,13,48
ASM-MIS-DIN-BCH-72X22-CUSH,,Cushion Stuffing,Cushion Stuffing,Process,,0,4,0
ASM-MIS-DIN-BCH-72X22-CUSH,,Quality Control,Quality Control,Process,,0,8,0
ASM-MIS-DIN-BCH-72X22-FRAME,,Cold Saw Fabrication,Metal Cutting,Process,,0,6,54
ASM-MIS-DIN-BCH-72X22-FRAME,,Fabrication & Welding,FAB POD A,Process,,1,16,18
ASM-MIS-DIN-BCH-72X22-FRAME,,Sandblasting Setup,Sandblasting,Setup,,0,10,0
ASM-MIS-DIN-BCH-72X22-FRAME,,Sandblasting,Sandblasting,Process,,0,20,0
ASM-MIS-DIN-BCH-72X22-FRAME,,Powder Coating Booth,Powder Coating Booth,Process,,0,13,48
ASM-MIS-DIN-BCH-72X22-FRAME,,Curing Oven,Curing Oven,Process,,0,20,0
ASM-MIS-DIN-BCH-96X22-CUSH,,Fabric Cutting,Fabric Cutting,Process,,0,2,54
ASM-MIS-DIN-BCH-96X22-CUSH,,Fabric Sewing,Fabric Sewing,Process,,0,13,48
ASM-MIS-DIN-BCH-96X22-CUSH,,Cushion Stuffing,Cushion Stuffing,Process,,0,4,0
ASM-MIS-DIN-BCH-96X22-CUSH,,Quality Control,Quality Control,Process,,0,8,0
ASM-MIS-DIN-BCH-96X22-FRAME,,Cold Saw Fabrication,Metal Cutting,Process,,0,6,54
ASM-MIS-DIN-BCH-96X22-FRAME,,Fabrication & Welding,FAB POD A,Process,,1,16,18
ASM-MIS-DIN-BCH-96X22-FRAME,,Sandblasting Setup,Sandblasting,Setup,,0,10,0
ASM-MIS-DIN-BCH-96X22-FRAME,,Sandblasting,Sandblasting,Process,,0,20,0
ASM-MIS-DIN-BCH-96X22-FRAME,,Powder Coating Booth,Powder Coating Booth,Process,,0,13,48
ASM-MIS-DIN-BCH-96X22-FRAME,,Curing Oven,Curing Oven,Process,,0,20,0
ASM-MIS-DIN-CHA-17X21-CUSH,,Fabric Cutting,Fabric Cutting,Process,,0,2,54
ASM-MIS-DIN-CHA-17X21-CUSH,,Fabric Sewing,Fabric Sewing,Process,,0,13,48
ASM-MIS-DIN-CHA-17X21-CUSH,,Cushion Stuffing,Cushion Stuffing,Process,,0,4,0
ASM-MIS-DIN-CHA-17X21-CUSH,,Quality Control,Quality Control,Process,,0,8,0
ASM-MIS-DIN-CHA-17X21-FRAME,,Cold Saw Fabrication,Metal Cutting,Process,,0,6,54
ASM-MIS-DIN-CHA-17X21-FRAME,,Fabrication & Welding,FAB POD A,Process,,1,16,18
ASM-MIS-DIN-CHA-17X21-FRAME,,Sandblasting Setup,Sandblasting,Setup,,0,10,0
ASM-MIS-DIN-CHA-17X21-FRAME,,Sandblasting,Sandblasting,Process,,0,20,0
ASM-MIS-DIN-CHA-17X21-FRAME,,Powder Coating Booth,Powder Coating Booth,Process,,0,13,48
ASM-MIS-DIN-CHA-17X21-FRAME,,Curing Oven,Curing Oven,Process,,0,20,0
ASM-MIS-FIR-TAB-42X42-FRAME,,Cold Saw Fabrication,Metal Cutting,Process,,0,6,54
ASM-MIS-FIR-TAB-42X42-FRAME,,Fabrication & Welding,FAB POD A,Process,,1,16,18
ASM-MIS-FIR-TAB-42X42-FRAME,,Sandblasting Setup,Sandblasting,Setup,,0,10,0
ASM-MIS-FIR-TAB-42X42-FRAME,,Sandblasting,Sandblasting,Process,,0,20,0
ASM-MIS-FIR-TAB-42X42-FRAME,,Powder Coating Booth,Powder Coating Booth,Process,,0,13,48
ASM-MIS-FIR-TAB-42X42-FRAME,,Curing Oven,Curing Oven,Process,,0,20,0
ASM-MIS-FLY-BST-17X21-CUSH,,Fabric Cutting,Fabric Cutting,Process,,0,2,54
ASM-MIS-FLY-BST-17X21-CUSH,,Fabric Sewing,Fabric Sewing,Process,,0,13,48
ASM-MIS-FLY-BST-17X21-CUSH,,Cushion Stuffing,Cushion Stuffing,Process,,0,4,0
ASM-MIS-FLY-BST-17X21-CUSH,,Quality Control,Quality Control,Process,,0,8,0
ASM-MIS-FLY-BST-17X21-FRAME,,Cold Saw Fabrication,Metal Cutting,Process,,0,6,54
ASM-MIS-FLY-BST-17X21-FRAME,,Fabrication & Welding,FAB POD A,Process,,1,16,18
ASM-MIS-FLY-BST-17X21-FRAME,,Sandblasting Setup,Sandblasting,Setup,,0,10,0
ASM-MIS-FLY-BST-17X21-FRAME,,Sandblasting,Sandblasting,Process,,0,20,0
ASM-MIS-FLY-BST-17X21-FRAME,,Powder Coating Booth,Powder Coating Booth,Process,,0,13,48
ASM-MIS-FLY-BST-17X21-FRAME,,Curing Oven,Curing Oven,Process,,0,20,0
ASM-MIS-OTT-22X22-CUSH,,Fabric Cutting,Fabric Cutting,Process,,0,2,54
ASM-MIS-OTT-22X22-CUSH,,Fabric Sewing,Fabric Sewing,Process,,0,13,48
ASM-MIS-OTT-22X22-CUSH,,Cushion Stuffing,Cushion Stuffing,Process,,0,4,0
ASM-MIS-OTT-22X22-CUSH,,Quality Control,Quality Control,Process,,0,8,0
ASM-MIS-OTT-22X22-FRAME,,Cold Saw Fabrication,Metal Cutting,Process,,0,6,54
ASM-MIS-OTT-22X22-FRAME,,Fabrication & Welding,FAB POD A,Process,,1,16,18
ASM-MIS-OTT-22X22-FRAME,,Sandblasting Setup,Sandblasting,Setup,,0,10,0
ASM-MIS-OTT-22X22-FRAME,,Sandblasting,Sandblasting,Process,,0,20,0
ASM-MIS-OTT-22X22-FRAME,,Powder Coating Booth,Powder Coating Booth,Process,,0,13,48
ASM-MIS-OTT-22X22-FRAME,,Curing Oven,Curing Oven,Process,,0,20,0
ASM-MIS-SID-TAB-13X30-FRAME,,Cold Saw Fabrication,Metal Cutting,Process,,0,6,54
ASM-MIS-SID-TAB-13X30-FRAME,,Fabrication & Welding,FAB POD A,Process,,1,16,18
ASM-MIS-SID-TAB-13X30-FRAME,,Sandblasting Setup,Sandblasting,Setup,,0,10,0
ASM-MIS-SID-TAB-13X30-FRAME,,Sandblasting,Sandblasting,Process,,0,20,0
ASM-MIS-SID-TAB-13X30-FRAME,,Powder Coating Booth,Powder Coating Booth,Process,,0,13,48
ASM-MIS-SID-TAB-13X30-FRAME,,Curing Oven,Curing Oven,Process,,0,20,0
ASM-MIS-TAB-13X30-FRAME,,Cold Saw Fabrication,Metal Cutting,Process,,0,6,54
ASM-MIS-TAB-13X30-FRAME,,Fabrication & Welding,FAB POD A,Process,,1,16,18
ASM-MIS-TAB-13X30-FRAME,,Sandblasting Setup,Sandblasting,Setup,,0,10,0
ASM-MIS-TAB-13X30-FRAME,,Sandblasting,Sandblasting,Process,,0,20,0
ASM-MIS-TAB-13X30-FRAME,,Powder Coating Booth,Powder Coating Booth,Process,,0,13,48
ASM-MIS-TAB-13X30-FRAME,,Curing Oven,Curing Oven,Process,,0,20,0
ASM-MLN-CLB-CHA-32X36-CUSH,,Fabric Cutting,Fabric Cutting,Process,,0,2,54
ASM-MLN-CLB-CHA-32X36-CUSH,,Fabric Sewing,Fabric Sewing,Process,,0,13,48
ASM-MLN-CLB-CHA-32X36-CUSH,,Cushion Stuffing,Cushion Stuffing,Process,,0,4,0
ASM-MLN-CLB-CHA-32X36-CUSH,,Quality Control,Quality Control,Process,,0,8,0
ASM-MLN-CLB-CHA-32X36-FRAME,,Cold Saw Fabrication,Metal Cutting,Process,,0,6,54
ASM-MLN-CLB-CHA-32X36-FRAME,,Fabrication & Welding,FAB POD A,Process,,1,16,18
ASM-MLN-CLB-CHA-32X36-FRAME,,Sandblasting Setup,Sandblasting,Setup,,0,10,0
ASM-MLN-CLB-CHA-32X36-FRAME,,Sandblasting,Sandblasting,Process,,0,20,0
ASM-MLN-CLB-CHA-32X36-FRAME,,Powder Coating Booth,Powder Coating Booth,Process,,0,13,48
ASM-MLN-CLB-CHA-32X36-FRAME,,Curing Oven,Curing Oven,Process,,0,20,0
ASM-MLN-OTT-22X60-CUSH,,Fabric Cutting,Fabric Cutting,Process,,0,2,54
ASM-MLN-OTT-22X60-CUSH,,Fabric Sewing,Fabric Sewing,Process,,0,13,48
ASM-MLN-OTT-22X60-CUSH,,Cushion Stuffing,Cushion Stuffing,Process,,0,4,0
ASM-MLN-OTT-22X60-CUSH,,Quality Control,Quality Control,Process,,0,8,0
ASM-MLN-OTT-22X60-FRAME,,Cold Saw Fabrication,Metal Cutting,Process,,0,6,54
ASM-MLN-OTT-22X60-FRAME,,Fabrication & Welding,FAB POD A,Process,,1,16,18
ASM-MLN-OTT-22X60-FRAME,,Sandblasting Setup,Sandblasting,Setup,,0,10,0
ASM-MLN-OTT-22X60-FRAME,,Sandblasting,Sandblasting,Process,,0,20,0
ASM-MLN-OTT-22X60-FRAME,,Powder Coating Booth,Powder Coating Booth,Process,,0,13,48
ASM-MLN-OTT-22X60-FRAME,,Curing Oven,Curing Oven,Process,,0,20,0
ASM-MLN-OTT-22X72-CUSH,,Fabric Cutting,Fabric Cutting,Process,,0,2,54
ASM-MLN-OTT-22X72-CUSH,,Fabric Sewing,Fabric Sewing,Process,,0,13,48
ASM-MLN-OTT-22X72-CUSH,,Cushion Stuffing,Cushion Stuffing,Process,,0,4,0
ASM-MLN-OTT-22X72-CUSH,,Quality Control,Quality Control,Process,,0,8,0
ASM-MLN-OTT-22X72-FRAME,,Cold Saw Fabrication,Metal Cutting,Process,,0,6,54
ASM-MLN-OTT-22X72-FRAME,,Fabrication & Welding,FAB POD A,Process,,1,16,18
ASM-MLN-OTT-22X72-FRAME,,Sandblasting Setup,Sandblasting,Setup,,0,10,0
ASM-MLN-OTT-22X72-FRAME,,Sandblasting,Sandblasting,Process,,0,20,0
ASM-MLN-OTT-22X72-FRAME,,Powder Coating Booth,Powder Coating Booth,Process,,0,13,48
ASM-MLN-OTT-22X72-FRAME,,Curing Oven,Curing Oven,Process,,0,20,0
ASM-MLN-OTT-34X34-CUSH,,Fabric Cutting,Fabric Cutting,Process,,0,2,54
ASM-MLN-OTT-34X34-CUSH,,Fabric Sewing,Fabric Sewing,Process,,0,13,48
ASM-MLN-OTT-34X34-CUSH,,Cushion Stuffing,Cushion Stuffing,Process,,0,4,0
ASM-MLN-OTT-34X34-CUSH,,Quality Control,Quality Control,Process,,0,8,0
ASM-MLN-OTT-34X34-FRAME,,Cold Saw Fabrication,Metal Cutting,Process,,0,6,54
ASM-MLN-OTT-34X34-FRAME,,Fabrication & Welding,FAB POD A,Process,,1,16,18
ASM-MLN-OTT-34X34-FRAME,,Sandblasting Setup,Sandblasting,Setup,,0,10,0
ASM-MLN-OTT-34X34-FRAME,,Sandblasting,Sandblasting,Process,,0,20,0
ASM-MLN-OTT-34X34-FRAME,,Powder Coating Booth,Powder Coating Booth,Process,,0,13,48
ASM-MLN-OTT-34X34-FRAME,,Curing Oven,Curing Oven,Process,,0,20,0
ASM-MLN-OTT-34X42-CUSH,,Fabric Cutting,Fabric Cutting,Process,,0,2,54
ASM-MLN-OTT-34X42-CUSH,,Fabric Sewing,Fabric Sewing,Process,,0,13,48
ASM-MLN-OTT-34X42-CUSH,,Cushion Stuffing,Cushion Stuffing,Process,,0,4,0
ASM-MLN-OTT-34X42-CUSH,,Quality Control,Quality Control,Process,,0,8,0
ASM-MLN-OTT-34X42-FRAME,,Cold Saw Fabrication,Metal Cutting,Process,,0,6,54
ASM-MLN-OTT-34X42-FRAME,,Fabrication & Welding,FAB POD A,Process,,1,16,18
ASM-MLN-OTT-34X42-FRAME,,Sandblasting Setup,Sandblasting,Setup,,0,10,0
ASM-MLN-OTT-34X42-FRAME,,Sandblasting,Sandblasting,Process,,0,20,0
ASM-MLN-OTT-34X42-FRAME,,Powder Coating Booth,Powder Coating Booth,Process,,0,13,48
ASM-MLN-OTT-34X42-FRAME,,Curing Oven,Curing Oven,Process,,0,20,0
ASM-MLN-OTT-34X60-CUSH,,Fabric Cutting,Fabric Cutting,Process,,0,2,54
ASM-MLN-OTT-34X60-CUSH,,Fabric Sewing,Fabric Sewing,Process,,0,13,48
ASM-MLN-OTT-34X60-CUSH,,Cushion Stuffing,Cushion Stuffing,Process,,0,4,0
ASM-MLN-OTT-34X60-CUSH,,Quality Control,Quality Control,Process,,0,8,0
ASM-MLN-OTT-34X60-FRAME,,Cold Saw Fabrication,Metal Cutting,Process,,0,6,54
ASM-MLN-OTT-34X60-FRAME,,Fabrication & Welding,FAB POD A,Process,,1,16,18
ASM-MLN-OTT-34X60-FRAME,,Sandblasting Setup,Sandblasting,Setup,,0,10,0
ASM-MLN-OTT-34X60-FRAME,,Sandblasting,Sandblasting,Process,,0,20,0
ASM-MLN-OTT-34X60-FRAME,,Powder Coating Booth,Powder Coating Booth,Process,,0,13,48
ASM-MLN-OTT-34X60-FRAME,,Curing Oven,Curing Oven,Process,,0,20,0
ASM-MLN-OTT-34X72-CUSH,,Fabric Cutting,Fabric Cutting,Process,,0,2,54
ASM-MLN-OTT-34X72-CUSH,,Fabric Sewing,Fabric Sewing,Process,,0,13,48
ASM-MLN-OTT-34X72-CUSH,,Cushion Stuffing,Cushion Stuffing,Process,,0,4,0
ASM-MLN-OTT-34X72-CUSH,,Quality Control,Quality Control,Process,,0,8,0
ASM-MLN-OTT-34X72-FRAME,,Cold Saw Fabrication,Metal Cutting,Process,,0,6,54
ASM-MLN-OTT-34X72-FRAME,,Fabrication & Welding,FAB POD A,Process,,1,16,18
ASM-MLN-OTT-34X72-FRAME,,Sandblasting Setup,Sandblasting,Setup,,0,10,0
ASM-MLN-OTT-34X72-FRAME,,Sandblasting,Sandblasting,Process,,0,20,0
ASM-MLN-OTT-34X72-FRAME,,Powder Coating Booth,Powder Coating Booth,Process,,0,13,48
ASM-MLN-OTT-34X72-FRAME,,Curing Oven,Curing Oven,Process,,0,20,0
ASM-MLN-OTT-56X42-CUSH,,Fabric Cutting,Fabric Cutting,Process,,0,2,54
ASM-MLN-OTT-56X42-CUSH,,Fabric Sewing,Fabric Sewing,Process,,0,13,48
ASM-MLN-OTT-56X42-CUSH,,Cushion Stuffing,Cushion Stuffing,Process,,0,4,0
ASM-MLN-OTT-56X42-CUSH,,Quality Control,Quality Control,Process,,0,8,0
ASM-MLN-OTT-56X42-FRAME,,Cold Saw Fabrication,Metal Cutting,Process,,0,6,54
ASM-MLN-OTT-56X42-FRAME,,Fabrication & Welding,FAB POD A,Process,,1,16,18
ASM-MLN-OTT-56X42-FRAME,,Sandblasting Setup,Sandblasting,Setup,,0,10,0
ASM-MLN-OTT-56X42-FRAME,,Sandblasting,Sandblasting,Process,,0,20,0
ASM-MLN-OTT-56X42-FRAME,,Powder Coating Booth,Powder Coating Booth,Process,,0,13,48
ASM-MLN-OTT-56X42-FRAME,,Curing Oven,Curing Oven,Process,,0,20,0
ASM-MLN-SOF-60X62-CUSH,,Fabric Cutting,Fabric Cutting,Process,,0,2,54
ASM-MLN-SOF-60X62-CUSH,,Fabric Sewing,Fabric Sewing,Process,,0,13,48
ASM-MLN-SOF-60X62-CUSH,,Cushion Stuffing,Cushion Stuffing,Process,,0,4,0
ASM-MLN-SOF-60X62-CUSH,,Quality Control,Quality Control,Process,,0,8,0
ASM-MLN-SOF-60X62-FRAME,,Cold Saw Fabrication,Metal Cutting,Process,,0,6,54
ASM-MLN-SOF-60X62-FRAME,,Fabrication & Welding,FAB POD A,Process,,1,16,18
ASM-MLN-SOF-60X62-FRAME,,Sandblasting Setup,Sandblasting,Setup,,0,10,0
ASM-MLN-SOF-60X62-FRAME,,Sandblasting,Sandblasting,Process,,0,20,0
ASM-MLN-SOF-60X62-FRAME,,Powder Coating Booth,Powder Coating Booth,Process,,0,13,48
ASM-MLN-SOF-60X62-FRAME,,Curing Oven,Curing Oven,Process,,0,20,0
ASM-MLN-SOF-62X42-CUSH,,Fabric Cutting,Fabric Cutting,Process,,0,2,54
ASM-MLN-SOF-62X42-CUSH,,Fabric Sewing,Fabric Sewing,Process,,0,13,48
ASM-MLN-SOF-62X42-CUSH,,Cushion Stuffing,Cushion Stuffing,Process,,0,4,0
ASM-MLN-SOF-62X42-CUSH,,Quality Control,Quality Control,Process,,0,8,0
ASM-MLN-SOF-62X42-FRAME,,Cold Saw Fabrication,Metal Cutting,Process,,0,6,54
ASM-MLN-SOF-62X42-FRAME,,Fabrication & Welding,FAB POD A,Process,,1,16,18
ASM-MLN-SOF-62X42-FRAME,,Sandblasting Setup,Sandblasting,Setup,,0,10,0
ASM-MLN-SOF-62X42-FRAME,,Sandblasting,Sandblasting,Process,,0,20,0
ASM-MLN-SOF-62X42-FRAME,,Powder Coating Booth,Powder Coating Booth,Process,,0,13,48
ASM-MLN-SOF-62X42-FRAME,,Curing Oven,Curing Oven,Process,,0,20,0
ASM-MLN-SOF-72X36-CUSH,,Fabric Cutting,Fabric Cutting,Process,,0,2,54
ASM-MLN-SOF-72X36-CUSH,,Fabric Sewing,Fabric Sewing,Process,,0,13,48
ASM-MLN-SOF-72X36-CUSH,,Cushion Stuffing,Cushion Stuffing,Process,,0,4,0
ASM-MLN-SOF-72X36-CUSH,,Quality Control,Quality Control,Process,,0,8,0
ASM-MLN-SOF-72X36-FRAME,,Cold Saw Fabrication,Metal Cutting,Process,,0,6,54
ASM-MLN-SOF-72X36-FRAME,,Fabrication & Welding,FAB POD A,Process,,1,16,18
ASM-MLN-SOF-72X36-FRAME,,Sandblasting Setup,Sandblasting,Setup,,0,10,0
ASM-MLN-SOF-72X36-FRAME,,Sandblasting,Sandblasting,Process,,0,20,0
ASM-MLN-SOF-72X36-FRAME,,Powder Coating Booth,Powder Coating Booth,Process,,0,13,48
ASM-MLN-SOF-72X36-FRAME,,Curing Oven,Curing Oven,Process,,0,20,0
ASM-MLN-SOF-84X36-CUSH,,Fabric Cutting,Fabric Cutting,Process,,0,2,54
ASM-MLN-SOF-84X36-CUSH,,Fabric Sewing,Fabric Sewing,Process,,0,13,48
ASM-MLN-SOF-84X36-CUSH,,Cushion Stuffing,Cushion Stuffing,Process,,0,4,0
ASM-MLN-SOF-84X36-CUSH,,Quality Control,Quality Control,Process,,0,8,0
ASM-MLN-SOF-84X36-FRAME,,Cold Saw Fabrication,Metal Cutting,Process,,0,6,54
ASM-MLN-SOF-84X36-FRAME,,Fabrication & Welding,FAB POD A,Process,,1,16,18
ASM-MLN-SOF-84X36-FRAME,,Sandblasting Setup,Sandblasting,Setup,,0,10,0
ASM-MLN-SOF-84X36-FRAME,,Sandblasting,Sandblasting,Process,,0,20,0
ASM-MLN-SOF-84X36-FRAME,,Powder Coating Booth,Powder Coating Booth,Process,,0,13,48
ASM-MLN-SOF-84X36-FRAME,,Curing Oven,Curing Oven,Process,,0,20,0
ASM-MLN-SOF-96X36-CUSH,,Fabric Cutting,Fabric Cutting,Process,,0,2,54
ASM-MLN-SOF-96X36-CUSH,,Fabric Sewing,Fabric Sewing,Process,,0,13,48
ASM-MLN-SOF-96X36-CUSH,,Cushion Stuffing,Cushion Stuffing,Process,,0,4,0
ASM-MLN-SOF-96X36-CUSH,,Quality Control,Quality Control,Process,,0,8,0
ASM-MLN-SOF-96X36-FRAME,,Cold Saw Fabrication,Metal Cutting,Process,,0,6,54
ASM-MLN-SOF-96X36-FRAME,,Fabrication & Welding,FAB POD A,Process,,1,16,18
ASM-MLN-SOF-96X36-FRAME,,Sandblasting Setup,Sandblasting,Setup,,0,10,0
ASM-MLN-SOF-96X36-FRAME,,Sandblasting,Sandblasting,Process,,0,20,0
ASM-MLN-SOF-96X36-FRAME,,Powder Coating Booth,Powder Coating Booth,Process,,0,13,48
ASM-MLN-SOF-96X36-FRAME,,Curing Oven,Curing Oven,Process,,0,20,0
ASM-MLN-TAB-56X14-FRAME,,Cold Saw Fabrication,Metal Cutting,Process,,0,6,54
ASM-MLN-TAB-56X14-FRAME,,Fabrication & Welding,FAB POD A,Process,,1,16,18
ASM-MLN-TAB-56X14-FRAME,,Sandblasting Setup,Sandblasting,Setup,,0,10,0
ASM-MLN-TAB-56X14-FRAME,,Sandblasting,Sandblasting,Process,,0,20,0
ASM-MLN-TAB-56X14-FRAME,,Powder Coating Booth,Powder Coating Booth,Process,,0,13,48
ASM-MLN-TAB-56X14-FRAME,,Curing Oven,Curing Oven,Process,,0,20,0
ASM-OCC-TAB-56X14-FRAME,,Cold Saw Fabrication,Metal Cutting,Process,,0,6,54
ASM-OCC-TAB-56X14-FRAME,,Fabrication & Welding,FAB POD A,Process,,1,16,18
ASM-OCC-TAB-56X14-FRAME,,Sandblasting Setup,Sandblasting,Setup,,0,10,0
ASM-OCC-TAB-56X14-FRAME,,Sandblasting,Sandblasting,Process,,0,20,0
ASM-OCC-TAB-56X14-FRAME,,Powder Coating Booth,Powder Coating Booth,Process,,0,13,48
ASM-OCC-TAB-56X14-FRAME,,Curing Oven,Curing Oven,Process,,0,20,0
ASM-OCN-COF-TAB-28X42-FRAME,,Cold Saw Fabrication,Metal Cutting,Process,,0,6,54
ASM-OCN-COF-TAB-28X42-FRAME,,Fabrication & Welding,FAB POD A,Process,,1,16,18
ASM-OCN-COF-TAB-28X42-FRAME,,Sandblasting Setup,Sandblasting,Setup,,0,10,0
ASM-OCN-COF-TAB-28X42-FRAME,,Sandblasting,Sandblasting,Process,,0,20,0
ASM-OCN-COF-TAB-28X42-FRAME,,Powder Coating Booth,Powder Coating Booth,Process,,0,13,48
ASM-OCN-COF-TAB-28X42-FRAME,,Curing Oven,Curing Oven,Process,,0,20,0
ASM-OCN-COF-TAB-28X56-FRAME,,Cold Saw Fabrication,Metal Cutting,Process,,0,6,54
ASM-OCN-COF-TAB-28X56-FRAME,,Fabrication & Welding,FAB POD A,Process,,1,16,18
ASM-OCN-COF-TAB-28X56-FRAME,,Sandblasting Setup,Sandblasting,Setup,,0,10,0
ASM-OCN-COF-TAB-28X56-FRAME,,Sandblasting,Sandblasting,Process,,0,20,0
ASM-OCN-COF-TAB-28X56-FRAME,,Powder Coating Booth,Powder Coating Booth,Process,,0,13,48
ASM-OCN-COF-TAB-28X56-FRAME,,Curing Oven,Curing Oven,Process,,0,20,0
ASM-OCN-COF-TAB-36X56-FRAME,,Cold Saw Fabrication,Metal Cutting,Process,,0,6,54
ASM-OCN-COF-TAB-36X56-FRAME,,Fabrication & Welding,FAB POD A,Process,,1,16,18
ASM-OCN-COF-TAB-36X56-FRAME,,Sandblasting Setup,Sandblasting,Setup,,0,10,0
ASM-OCN-COF-TAB-36X56-FRAME,,Sandblasting,Sandblasting,Process,,0,20,0
ASM-OCN-COF-TAB-36X56-FRAME,,Powder Coating Booth,Powder Coating Booth,Process,,0,13,48
ASM-OCN-COF-TAB-36X56-FRAME,,Curing Oven,Curing Oven,Process,,0,20,0
ASM-OCN-COF-TAB-36X72-FRAME,,Cold Saw Fabrication,Metal Cutting,Process,,0,6,54
ASM-OCN-COF-TAB-36X72-FRAME,,Fabrication & Welding,FAB POD A,Process,,1,16,18
ASM-OCN-COF-TAB-36X72-FRAME,,Sandblasting Setup,Sandblasting,Setup,,0,10,0
ASM-OCN-COF-TAB-36X72-FRAME,,Sandblasting,Sandblasting,Process,,0,20,0
ASM-OCN-COF-TAB-36X72-FRAME,,Powder Coating Booth,Powder Coating Booth,Process,,0,13,48
ASM-OCN-COF-TAB-36X72-FRAME,,Curing Oven,Curing Oven,Process,,0,20,0
ASM-OCN-COF-TAB-42X56-FRAME,,Cold Saw Fabrication,Metal Cutting,Process,,0,6,54
ASM-OCN-COF-TAB-42X56-FRAME,,Fabrication & Welding,FAB POD A,Process,,1,16,18
ASM-OCN-COF-TAB-42X56-FRAME,,Sandblasting Setup,Sandblasting,Setup,,0,10,0
ASM-OCN-COF-TAB-42X56-FRAME,,Sandblasting,Sandblasting,Process,,0,20,0
ASM-OCN-COF-TAB-42X56-FRAME,,Powder Coating Booth,Powder Coating Booth,Process,,0,13,48
ASM-OCN-COF-TAB-42X56-FRAME,,Curing Oven,Curing Oven,Process,,0,20,0
ASM-OCN-COF-TAB-42X72-FRAME,,Cold Saw Fabrication,Metal Cutting,Process,,0,6,54
ASM-OCN-COF-TAB-42X72-FRAME,,Fabrication & Welding,FAB POD A,Process,,1,16,18
ASM-OCN-COF-TAB-42X72-FRAME,,Sandblasting Setup,Sandblasting,Setup,,0,10,0
ASM-OCN-COF-TAB-42X72-FRAME,,Sandblasting,Sandblasting,Process,,0,20,0
ASM-OCN-COF-TAB-42X72-FRAME,,Powder Coating Booth,Powder Coating Booth,Process,,0,13,48
ASM-OCN-COF-TAB-42X72-FRAME,,Curing Oven,Curing Oven,Process,,0,20,0
ASM-OCN-COF-TAB-56X72-FRAME,,Cold Saw Fabrication,Metal Cutting,Process,,0,6,54
ASM-OCN-COF-TAB-56X72-FRAME,,Fabrication & Welding,FAB POD A,Process,,1,16,18
ASM-OCN-COF-TAB-56X72-FRAME,,Sandblasting Setup,Sandblasting,Setup,,0,10,0
ASM-OCN-COF-TAB-56X72-FRAME,,Sandblasting,Sandblasting,Process,,0,20,0
ASM-OCN-COF-TAB-56X72-FRAME,,Powder Coating Booth,Powder Coating Booth,Process,,0,13,48
ASM-OCN-COF-TAB-56X72-FRAME,,Curing Oven,Curing Oven,Process,,0,20,0
ASM-OCN-MIN-LOV-48X38-CUSH,,Fabric Cutting,Fabric Cutting,Process,,0,2,54
ASM-OCN-MIN-LOV-48X38-CUSH,,Fabric Sewing,Fabric Sewing,Process,,0,13,48
ASM-OCN-MIN-LOV-48X38-CUSH,,Cushion Stuffing,Cushion Stuffing,Process,,0,4,0
ASM-OCN-MIN-LOV-48X38-CUSH,,Quality Control,Quality Control,Process,,0,8,0
ASM-OCN-MIN-LOV-48X38-FRAME,,Cold Saw Fabrication,Metal Cutting,Process,,0,6,54
ASM-OCN-MIN-LOV-48X38-FRAME,,Fabrication & Welding,FAB POD A,Process,,1,16,18
ASM-OCN-MIN-LOV-48X38-FRAME,,Sandblasting Setup,Sandblasting,Setup,,0,10,0
ASM-OCN-MIN-LOV-48X38-FRAME,,Sandblasting,Sandblasting,Process,,0,20,0
ASM-OCN-MIN-LOV-48X38-FRAME,,Powder Coating Booth,Powder Coating Booth,Process,,0,13,48
ASM-OCN-MIN-LOV-48X38-FRAME,,Curing Oven,Curing Oven,Process,,0,20,0
ASM-OCN-MIN-LOV-CUSH,,Fabric Cutting,Fabric Cutting,Process,,0,2,54
ASM-OCN-MIN-LOV-CUSH,,Fabric Sewing,Fabric Sewing,Process,,0,13,48
ASM-OCN-MIN-LOV-CUSH,,Cushion Stuffing,Cushion Stuffing,Process,,0,4,0
ASM-OCN-MIN-LOV-CUSH,,Quality Control,Quality Control,Process,,0,8,0
ASM-OCN-MIN-LOV-FRAME,,Cold Saw Fabrication,Metal Cutting,Process,,0,6,54
ASM-OCN-MIN-LOV-FRAME,,Fabrication & Welding,FAB POD A,Process,,1,16,18
ASM-OCN-MIN-LOV-FRAME,,Sandblasting Setup,Sandblasting,Setup,,0,10,0
ASM-OCN-MIN-LOV-FRAME,,Sandblasting,Sandblasting,Process,,0,20,0
ASM-OCN-MIN-LOV-FRAME,,Powder Coating Booth,Powder Coating Booth,Process,,0,13,48
ASM-OCN-MIN-LOV-FRAME,,Curing Oven,Curing Oven,Process,,0,20,0
ASM-OCN-SID-TAB-12-FRAME,,Cold Saw Fabrication,Metal Cutting,Process,,0,6,54
ASM-OCN-SID-TAB-12-FRAME,,Fabrication & Welding,FAB POD A,Process,,1,16,18
ASM-OCN-SID-TAB-12-FRAME,,Sandblasting Setup,Sandblasting,Setup,,0,10,0
ASM-OCN-SID-TAB-12-FRAME,,Sandblasting,Sandblasting,Process,,0,20,0
ASM-OCN-SID-TAB-12-FRAME,,Powder Coating Booth,Powder Coating Booth,Process,,0,13,48
ASM-OCN-SID-TAB-12-FRAME,,Curing Oven,Curing Oven,Process,,0,20,0
ASM-OCN-SID-TAB-13X30-FRAME,,Cold Saw Fabrication,Metal Cutting,Process,,0,6,54
ASM-OCN-SID-TAB-13X30-FRAME,,Fabrication & Welding,FAB POD A,Process,,1,16,18
ASM-OCN-SID-TAB-13X30-FRAME,,Sandblasting Setup,Sandblasting,Setup,,0,10,0
ASM-OCN-SID-TAB-13X30-FRAME,,Sandblasting,Sandblasting,Process,,0,20,0
ASM-OCN-SID-TAB-13X30-FRAME,,Powder Coating Booth,Powder Coating Booth,Process,,0,13,48
ASM-OCN-SID-TAB-13X30-FRAME,,Curing Oven,Curing Oven,Process,,0,20,0
ASM-OCN-SID-TAB-32X32-FRAME,,Cold Saw Fabrication,Metal Cutting,Process,,0,6,54
ASM-OCN-SID-TAB-32X32-FRAME,,Fabrication & Welding,FAB POD A,Process,,1,16,18
ASM-OCN-SID-TAB-32X32-FRAME,,Sandblasting Setup,Sandblasting,Setup,,0,10,0
ASM-OCN-SID-TAB-32X32-FRAME,,Sandblasting,Sandblasting,Process,,0,20,0
ASM-OCN-SID-TAB-32X32-FRAME,,Powder Coating Booth,Powder Coating Booth,Process,,0,13,48
ASM-OCN-SID-TAB-32X32-FRAME,,Curing Oven,Curing Oven,Process,,0,20,0
ASM-OCN-SID-TAB-36X17-FRAME,,Cold Saw Fabrication,Metal Cutting,Process,,0,6,54
ASM-OCN-SID-TAB-36X17-FRAME,,Fabrication & Welding,FAB POD A,Process,,1,16,18
ASM-OCN-SID-TAB-36X17-FRAME,,Sandblasting Setup,Sandblasting,Setup,,0,10,0
ASM-OCN-SID-TAB-36X17-FRAME,,Sandblasting,Sandblasting,Process,,0,20,0
ASM-OCN-SID-TAB-36X17-FRAME,,Powder Coating Booth,Powder Coating Booth,Process,,0,13,48
ASM-OCN-SID-TAB-36X17-FRAME,,Curing Oven,Curing Oven,Process,,0,20,0
ASM-OCN-SWV-CHA-34X38-CUSH,,Fabric Cutting,Fabric Cutting,Process,,0,2,54
ASM-OCN-SWV-CHA-34X38-CUSH,,Fabric Sewing,Fabric Sewing,Process,,0,13,48
ASM-OCN-SWV-CHA-34X38-CUSH,,Cushion Stuffing,Cushion Stuffing,Process,,0,4,0
ASM-OCN-SWV-CHA-34X38-CUSH,,Quality Control,Quality Control,Process,,0,8,0
ASM-OCN-SWV-CHA-34X38-FRAME,,Cold Saw Fabrication,Metal Cutting,Process,,0,6,54
ASM-OCN-SWV-CHA-34X38-FRAME,,Fabrication & Welding,FAB POD A,Process,,1,16,18
ASM-OCN-SWV-CHA-34X38-FRAME,,Sandblasting Setup,Sandblasting,Setup,,0,10,0
ASM-OCN-SWV-CHA-34X38-FRAME,,Sandblasting,Sandblasting,Process,,0,20,0
ASM-OCN-SWV-CHA-34X38-FRAME,,Powder Coating Booth,Powder Coating Booth,Process,,0,13,48
ASM-OCN-SWV-CHA-34X38-FRAME,,Curing Oven,Curing Oven,Process,,0,20,0
ASM-OCN-SWV-CHA-CUSH,,Fabric Cutting,Fabric Cutting,Process,,0,2,54
ASM-OCN-SWV-CHA-CUSH,,Fabric Sewing,Fabric Sewing,Process,,0,13,48
ASM-OCN-SWV-CHA-CUSH,,Cushion Stuffing,Cushion Stuffing,Process,,0,4,0
ASM-OCN-SWV-CHA-CUSH,,Quality Control,Quality Control,Process,,0,8,0
ASM-OCN-SWV-CHA-FRAME,,Cold Saw Fabrication,Metal Cutting,Process,,0,6,54
ASM-OCN-SWV-CHA-FRAME,,Fabrication & Welding,FAB POD A,Process,,1,16,18
ASM-OCN-SWV-CHA-FRAME,,Sandblasting Setup,Sandblasting,Setup,,0,10,0
ASM-OCN-SWV-CHA-FRAME,,Sandblasting,Sandblasting,Process,,0,20,0
ASM-OCN-SWV-CHA-FRAME,,Powder Coating Booth,Powder Coating Booth,Process,,0,13,48
ASM-OCN-SWV-CHA-FRAME,,Curing Oven,Curing Oven,Process,,0,20,0
ASM-OCN-TAB-13X30-FRAME,,Cold Saw Fabrication,Metal Cutting,Process,,0,6,54
ASM-OCN-TAB-13X30-FRAME,,Fabrication & Welding,FAB POD A,Process,,1,16,18
ASM-OCN-TAB-13X30-FRAME,,Sandblasting Setup,Sandblasting,Setup,,0,10,0
ASM-OCN-TAB-13X30-FRAME,,Sandblasting,Sandblasting,Process,,0,20,0
ASM-OCN-TAB-13X30-FRAME,,Powder Coating Booth,Powder Coating Booth,Process,,0,13,48
ASM-OCN-TAB-13X30-FRAME,,Curing Oven,Curing Oven,Process,,0,20,0
ASM-OCN-TAB-34X12-FRAME,,Cold Saw Fabrication,Metal Cutting,Process,,0,6,54
ASM-OCN-TAB-34X12-FRAME,,Fabrication & Welding,FAB POD A,Process,,1,16,18
ASM-OCN-TAB-34X12-FRAME,,Sandblasting Setup,Sandblasting,Setup,,0,10,0
ASM-OCN-TAB-34X12-FRAME,,Sandblasting,Sandblasting,Process,,0,20,0
ASM-OCN-TAB-34X12-FRAME,,Powder Coating Booth,Powder Coating Booth,Process,,0,13,48
ASM-OCN-TAB-34X12-FRAME,,Curing Oven,Curing Oven,Process,,0,20,0
ASM-OCN-TAB-72X12-FRAME,,Cold Saw Fabrication,Metal Cutting,Process,,0,6,54
ASM-OCN-TAB-72X12-FRAME,,Fabrication & Welding,FAB POD A,Process,,1,16,18
ASM-OCN-TAB-72X12-FRAME,,Sandblasting Setup,Sandblasting,Setup,,0,10,0
ASM-OCN-TAB-72X12-FRAME,,Sandblasting,Sandblasting,Process,,0,20,0
ASM-OCN-TAB-72X12-FRAME,,Powder Coating Booth,Powder Coating Booth,Process,,0,13,48
ASM-OCN-TAB-72X12-FRAME,,Curing Oven,Curing Oven,Process,,0,20,0
ASM-OCN-TAB-84X12-FRAME,,Cold Saw Fabrication,Metal Cutting,Process,,0,6,54
ASM-OCN-TAB-84X12-FRAME,,Fabrication & Welding,FAB POD A,Process,,1,16,18
ASM-OCN-TAB-84X12-FRAME,,Sandblasting Setup,Sandblasting,Setup,,0,10,0
ASM-OCN-TAB-84X12-FRAME,,Sandblasting,Sandblasting,Process,,0,20,0
ASM-OCN-TAB-84X12-FRAME,,Powder Coating Booth,Powder Coating Booth,Process,,0,13,48
ASM-OCN-TAB-84X12-FRAME,,Curing Oven,Curing Oven,Process,,0,20,0
ASM-OCN-TAB-96X12-FRAME,,Cold Saw Fabrication,Metal Cutting,Process,,0,6,54
ASM-OCN-TAB-96X12-FRAME,,Fabrication & Welding,FAB POD A,Process,,1,16,18
ASM-OCN-TAB-96X12-FRAME,,Sandblasting Setup,Sandblasting,Setup,,0,10,0
ASM-OCN-TAB-96X12-FRAME,,Sandblasting,Sandblasting,Process,,0,20,0
ASM-OCN-TAB-96X12-FRAME,,Powder Coating Booth,Powder Coating Booth,Process,,0,13,48
ASM-OCN-TAB-96X12-FRAME,,Curing Oven,Curing Oven,Process,,0,20,0
ASM-STA-BAR-TAB-36X36-FRAME,,Cold Saw Fabrication,Metal Cutting,Process,,0,6,54
ASM-STA-BAR-TAB-36X36-FRAME,,Fabrication & Welding,FAB POD A,Process,,1,16,18
ASM-STA-BAR-TAB-36X36-FRAME,,Sandblasting Setup,Sandblasting,Setup,,0,10,0
ASM-STA-BAR-TAB-36X36-FRAME,,Sandblasting,Sandblasting,Process,,0,20,0
ASM-STA-BAR-TAB-36X36-FRAME,,Powder Coating Booth,Powder Coating Booth,Process,,0,13,48
ASM-STA-BAR-TAB-36X36-FRAME,,Curing Oven,Curing Oven,Process,,0,20,0
ASM-STA-BAR-TAB-42X42-FRAME,,Cold Saw Fabrication,Metal Cutting,Process,,0,6,54
ASM-STA-BAR-TAB-42X42-FRAME,,Fabrication & Welding,FAB POD A,Process,,1,16,18
ASM-STA-BAR-TAB-42X42-FRAME,,Sandblasting Setup,Sandblasting,Setup,,0,10,0
ASM-STA-BAR-TAB-42X42-FRAME,,Sandblasting,Sandblasting,Process,,0,20,0
ASM-STA-BAR-TAB-42X42-FRAME,,Powder Coating Booth,Powder Coating Booth,Process,,0,13,48
ASM-STA-BAR-TAB-42X42-FRAME,,Curing Oven,Curing Oven,Process,,0,20,0
ASM-STA-BAR-TAB-72X36-FRAME,,Cold Saw Fabrication,Metal Cutting,Process,,0,6,54
ASM-STA-BAR-TAB-72X36-FRAME,,Fabrication & Welding,FAB POD A,Process,,1,16,18
ASM-STA-BAR-TAB-72X36-FRAME,,Sandblasting Setup,Sandblasting,Setup,,0,10,0
ASM-STA-BAR-TAB-72X36-FRAME,,Sandblasting,Sandblasting,Process,,0,20,0
ASM-STA-BAR-TAB-72X36-FRAME,,Powder Coating Booth,Powder Coating Booth,Process,,0,13,48
ASM-STA-BAR-TAB-72X36-FRAME,,Curing Oven,Curing Oven,Process,,0,20,0
ASM-STA-CNT-TAB-36X36-FRAME,,Cold Saw Fabrication,Metal Cutting,Process,,0,6,54
ASM-STA-CNT-TAB-36X36-FRAME,,Fabrication & Welding,FAB POD A,Process,,1,16,18
ASM-STA-CNT-TAB-36X36-FRAME,,Sandblasting Setup,Sandblasting,Setup,,0,10,0
ASM-STA-CNT-TAB-36X36-FRAME,,Sandblasting,Sandblasting,Process,,0,20,0
ASM-STA-CNT-TAB-36X36-FRAME,,Powder Coating Booth,Powder Coating Booth,Process,,0,13,48
ASM-STA-CNT-TAB-36X36-FRAME,,Curing Oven,Curing Oven,Process,,0,20,0
ASM-STA-CNT-TAB-42X42-FRAME,,Cold Saw Fabrication,Metal Cutting,Process,,0,6,54
ASM-STA-CNT-TAB-42X42-FRAME,,Fabrication & Welding,FAB POD A,Process,,1,16,18
ASM-STA-CNT-TAB-42X42-FRAME,,Sandblasting Setup,Sandblasting,Setup,,0,10,0
ASM-STA-CNT-TAB-42X42-FRAME,,Sandblasting,Sandblasting,Process,,0,20,0
ASM-STA-CNT-TAB-42X42-FRAME,,Powder Coating Booth,Powder Coating Booth,Process,,0,13,48
ASM-STA-CNT-TAB-42X42-FRAME,,Curing Oven,Curing Oven,Process,,0,20,0
ASM-STA-CNT-TAB-72X36-FRAME,,Cold Saw Fabrication,Metal Cutting,Process,,0,6,54
ASM-STA-CNT-TAB-72X36-FRAME,,Fabrication & Welding,FAB POD A,Process,,1,16,18
ASM-STA-CNT-TAB-72X36-FRAME,,Sandblasting Setup,Sandblasting,Setup,,0,10,0
ASM-STA-CNT-TAB-72X36-FRAME,,Sandblasting,Sandblasting,Process,,0,20,0
ASM-STA-CNT-TAB-72X36-FRAME,,Powder Coating Booth,Powder Coating Booth,Process,,0,13,48
ASM-STA-CNT-TAB-72X36-FRAME,,Curing Oven,Curing Oven,Process,,0,20,0
ASM-STA-DIN-TAB-36X36-FRAME,,Cold Saw Fabrication,Metal Cutting,Process,,0,6,54
ASM-STA-DIN-TAB-36X36-FRAME,,Fabrication & Welding,FAB POD A,Process,,1,16,18
ASM-STA-DIN-TAB-36X36-FRAME,,Sandblasting Setup,Sandblasting,Setup,,0,10,0
ASM-STA-DIN-TAB-36X36-FRAME,,Sandblasting,Sandblasting,Process,,0,20,0
ASM-STA-DIN-TAB-36X36-FRAME,,Powder Coating Booth,Powder Coating Booth,Process,,0,13,48
ASM-STA-DIN-TAB-36X36-FRAME,,Curing Oven,Curing Oven,Process,,0,20,0
ASM-STA-DIN-TAB-42X42-FRAME,,Cold Saw Fabrication,Metal Cutting,Process,,0,6,54
ASM-STA-DIN-TAB-42X42-FRAME,,Fabrication & Welding,FAB POD A,Process,,1,16,18
ASM-STA-DIN-TAB-42X42-FRAME,,Sandblasting Setup,Sandblasting,Setup,,0,10,0
ASM-STA-DIN-TAB-42X42-FRAME,,Sandblasting,Sandblasting,Process,,0,20,0
ASM-STA-DIN-TAB-42X42-FRAME,,Powder Coating Booth,Powder Coating Booth,Process,,0,13,48
ASM-STA-DIN-TAB-42X42-FRAME,,Curing Oven,Curing Oven,Process,,0,20,0
ASM-STA-DIN-TAB-72X36-FRAME,,Cold Saw Fabrication,Metal Cutting,Process,,0,6,54
ASM-STA-DIN-TAB-72X36-FRAME,,Fabrication & Welding,FAB POD A,Process,,1,16,18
ASM-STA-DIN-TAB-72X36-FRAME,,Sandblasting Setup,Sandblasting,Setup,,0,10,0
ASM-STA-DIN-TAB-72X36-FRAME,,Sandblasting,Sandblasting,Process,,0,20,0
ASM-STA-DIN-TAB-72X36-FRAME,,Powder Coating Booth,Powder Coating Booth,Process,,0,13,48
ASM-STA-DIN-TAB-72X36-FRAME,,Curing Oven,Curing Oven,Process,,0,20,0
ASM-TAY-BAR-W-ARM-COU-HEI-CUSH,,Fabric Cutting,Fabric Cutting,Process,,0,2,54
ASM-TAY-BAR-W-ARM-COU-HEI-CUSH,,Fabric Sewing,Fabric Sewing,Process,,0,13,48
ASM-TAY-BAR-W-ARM-COU-HEI-CUSH,,Cushion Stuffing,Cushion Stuffing,Process,,0,4,0
ASM-TAY-BAR-W-ARM-COU-HEI-CUSH,,Quality Control,Quality Control,Process,,0,8,0
ASM-TAY-BAR-W-ARM-COU-HEI-FRAME,,Cold Saw Fabrication,Metal Cutting,Process,,0,6,54
ASM-TAY-BAR-W-ARM-COU-HEI-FRAME,,Fabrication & Welding,FAB POD A,Process,,1,16,18
ASM-TAY-BAR-W-ARM-COU-HEI-FRAME,,Sandblasting Setup,Sandblasting,Setup,,0,10,0
ASM-TAY-BAR-W-ARM-COU-HEI-FRAME,,Sandblasting,Sandblasting,Process,,0,20,0
ASM-TAY-BAR-W-ARM-COU-HEI-FRAME,,Powder Coating Booth,Powder Coating Booth,Process,,0,13,48
ASM-TAY-BAR-W-ARM-COU-HEI-FRAME,,Curing Oven,Curing Oven,Process,,0,20,0
ASM-TAY-BCH-24X23-CUSH,,Fabric Cutting,Fabric Cutting,Process,,0,2,54
ASM-TAY-BCH-24X23-CUSH,,Fabric Sewing,Fabric Sewing,Process,,0,13,48
ASM-TAY-BCH-24X23-CUSH,,Cushion Stuffing,Cushion Stuffing,Process,,0,4,0
ASM-TAY-BCH-24X23-CUSH,,Quality Control,Quality Control,Process,,0,8,0
ASM-TAY-BCH-24X23-FRAME,,Cold Saw Fabrication,Metal Cutting,Process,,0,6,54
ASM-TAY-BCH-24X23-FRAME,,Fabrication & Welding,FAB POD A,Process,,1,16,18
ASM-TAY-BCH-24X23-FRAME,,Sandblasting Setup,Sandblasting,Setup,,0,10,0
ASM-TAY-BCH-24X23-FRAME,,Sandblasting,Sandblasting,Process,,0,20,0
ASM-TAY-BCH-24X23-FRAME,,Powder Coating Booth,Powder Coating Booth,Process,,0,13,48
ASM-TAY-BCH-24X23-FRAME,,Curing Oven,Curing Oven,Process,,0,20,0
ASM-TAY-BCH-42X23-CUSH,,Fabric Cutting,Fabric Cutting,Process,,0,2,54
ASM-TAY-BCH-42X23-CUSH,,Fabric Sewing,Fabric Sewing,Process,,0,13,48
ASM-TAY-BCH-42X23-CUSH,,Cushion Stuffing,Cushion Stuffing,Process,,0,4,0
ASM-TAY-BCH-42X23-CUSH,,Quality Control,Quality Control,Process,,0,8,0
ASM-TAY-BCH-42X23-FRAME,,Cold Saw Fabrication,Metal Cutting,Process,,0,6,54
ASM-TAY-BCH-42X23-FRAME,,Fabrication & Welding,FAB POD A,Process,,1,16,18
ASM-TAY-BCH-42X23-FRAME,,Sandblasting Setup,Sandblasting,Setup,,0,10,0
ASM-TAY-BCH-42X23-FRAME,,Sandblasting,Sandblasting,Process,,0,20,0
ASM-TAY-BCH-42X23-FRAME,,Powder Coating Booth,Powder Coating Booth,Process,,0,13,48
ASM-TAY-BCH-42X23-FRAME,,Curing Oven,Curing Oven,Process,,0,20,0
ASM-TAY-BCH-72X23-CUSH,,Fabric Cutting,Fabric Cutting,Process,,0,2,54
ASM-TAY-BCH-72X23-CUSH,,Fabric Sewing,Fabric Sewing,Process,,0,13,48
ASM-TAY-BCH-72X23-CUSH,,Cushion Stuffing,Cushion Stuffing,Process,,0,4,0
ASM-TAY-BCH-72X23-CUSH,,Quality Control,Quality Control,Process,,0,8,0
ASM-TAY-BCH-72X23-FRAME,,Cold Saw Fabrication,Metal Cutting,Process,,0,6,54
ASM-TAY-BCH-72X23-FRAME,,Fabrication & Welding,FAB POD A,Process,,1,16,18
ASM-TAY-BCH-72X23-FRAME,,Sandblasting Setup,Sandblasting,Setup,,0,10,0
ASM-TAY-BCH-72X23-FRAME,,Sandblasting,Sandblasting,Process,,0,20,0
ASM-TAY-BCH-72X23-FRAME,,Powder Coating Booth,Powder Coating Booth,Process,,0,13,48
ASM-TAY-BCH-72X23-FRAME,,Curing Oven,Curing Oven,Process,,0,20,0
ASM-TAY-BEN-BAR-HEI-72-CUSH,,Fabric Cutting,Fabric Cutting,Process,,0,2,54
ASM-TAY-BEN-BAR-HEI-72-CUSH,,Fabric Sewing,Fabric Sewing,Process,,0,13,48
ASM-TAY-BEN-BAR-HEI-72-CUSH,,Cushion Stuffing,Cushion Stuffing,Process,,0,4,0
ASM-TAY-BEN-BAR-HEI-72-CUSH,,Quality Control,Quality Control,Process,,0,8,0
ASM-TAY-BEN-BAR-HEI-72-FRAME,,Cold Saw Fabrication,Metal Cutting,Process,,0,6,54
ASM-TAY-BEN-BAR-HEI-72-FRAME,,Fabrication & Welding,FAB POD A,Process,,1,16,18
ASM-TAY-BEN-BAR-HEI-72-FRAME,,Sandblasting Setup,Sandblasting,Setup,,0,10,0
ASM-TAY-BEN-BAR-HEI-72-FRAME,,Sandblasting,Sandblasting,Process,,0,20,0
ASM-TAY-BEN-BAR-HEI-72-FRAME,,Powder Coating Booth,Powder Coating Booth,Process,,0,13,48
ASM-TAY-BEN-BAR-HEI-72-FRAME,,Curing Oven,Curing Oven,Process,,0,20,0
ASM-TAY-BEN-DIN-HEI-42-CUSH,,Fabric Cutting,Fabric Cutting,Process,,0,2,54
ASM-TAY-BEN-DIN-HEI-42-CUSH,,Fabric Sewing,Fabric Sewing,Process,,0,13,48
ASM-TAY-BEN-DIN-HEI-42-CUSH,,Cushion Stuffing,Cushion Stuffing,Process,,0,4,0
ASM-TAY-BEN-DIN-HEI-42-CUSH,,Quality Control,Quality Control,Process,,0,8,0
ASM-TAY-BEN-DIN-HEI-42-FRAME,,Cold Saw Fabrication,Metal Cutting,Process,,0,6,54
ASM-TAY-BEN-DIN-HEI-42-FRAME,,Fabrication & Welding,FAB POD A,Process,,1,16,18
ASM-TAY-BEN-DIN-HEI-42-FRAME,,Sandblasting Setup,Sandblasting,Setup,,0,10,0
ASM-TAY-BEN-DIN-HEI-42-FRAME,,Sandblasting,Sandblasting,Process,,0,20,0
ASM-TAY-BEN-DIN-HEI-42-FRAME,,Powder Coating Booth,Powder Coating Booth,Process,,0,13,48
ASM-TAY-BEN-DIN-HEI-42-FRAME,,Curing Oven,Curing Oven,Process,,0,20,0
ASM-TAY-BEN-DIN-HEI-72-CUSH,,Fabric Cutting,Fabric Cutting,Process,,0,2,54
ASM-TAY-BEN-DIN-HEI-72-CUSH,,Fabric Sewing,Fabric Sewing,Process,,0,13,48
ASM-TAY-BEN-DIN-HEI-72-CUSH,,Cushion Stuffing,Cushion Stuffing,Process,,0,4,0
ASM-TAY-BEN-DIN-HEI-72-CUSH,,Quality Control,Quality Control,Process,,0,8,0
ASM-TAY-BEN-DIN-HEI-72-FRAME,,Cold Saw Fabrication,Metal Cutting,Process,,0,6,54
ASM-TAY-BEN-DIN-HEI-72-FRAME,,Fabrication & Welding,FAB POD A,Process,,1,16,18
ASM-TAY-BEN-DIN-HEI-72-FRAME,,Sandblasting Setup,Sandblasting,Setup,,0,10,0
ASM-TAY-BEN-DIN-HEI-72-FRAME,,Sandblasting,Sandblasting,Process,,0,20,0
ASM-TAY-BEN-DIN-HEI-72-FRAME,,Powder Coating Booth,Powder Coating Booth,Process,,0,13,48
ASM-TAY-BEN-DIN-HEI-72-FRAME,,Curing Oven,Curing Oven,Process,,0,20,0
ASM-TAY-BST-18X23-CUSH,,Fabric Cutting,Fabric Cutting,Process,,0,2,54
ASM-TAY-BST-18X23-CUSH,,Fabric Sewing,Fabric Sewing,Process,,0,13,48
ASM-TAY-BST-18X23-CUSH,,Cushion Stuffing,Cushion Stuffing,Process,,0,4,0
ASM-TAY-BST-18X23-CUSH,,Quality Control,Quality Control,Process,,0,8,0
ASM-TAY-BST-18X23-FRAME,,Cold Saw Fabrication,Metal Cutting,Process,,0,6,54
ASM-TAY-BST-18X23-FRAME,,Fabrication & Welding,FAB POD A,Process,,1,16,18
ASM-TAY-BST-18X23-FRAME,,Sandblasting Setup,Sandblasting,Setup,,0,10,0
ASM-TAY-BST-18X23-FRAME,,Sandblasting,Sandblasting,Process,,0,20,0
ASM-TAY-BST-18X23-FRAME,,Powder Coating Booth,Powder Coating Booth,Process,,0,13,48
ASM-TAY-BST-18X23-FRAME,,Curing Oven,Curing Oven,Process,,0,20,0
ASM-TAY-BST-19X23-CUSH,,Fabric Cutting,Fabric Cutting,Process,,0,2,54
ASM-TAY-BST-19X23-CUSH,,Fabric Sewing,Fabric Sewing,Process,,0,13,48
ASM-TAY-BST-19X23-CUSH,,Cushion Stuffing,Cushion Stuffing,Process,,0,4,0
ASM-TAY-BST-19X23-CUSH,,Quality Control,Quality Control,Process,,0,8,0
ASM-TAY-BST-19X23-FRAME,,Cold Saw Fabrication,Metal Cutting,Process,,0,6,54
ASM-TAY-BST-19X23-FRAME,,Fabrication & Welding,FAB POD A,Process,,1,16,18
ASM-TAY-BST-19X23-FRAME,,Sandblasting Setup,Sandblasting,Setup,,0,10,0
ASM-TAY-BST-19X23-FRAME,,Sandblasting,Sandblasting,Process,,0,20,0
ASM-TAY-BST-19X23-FRAME,,Powder Coating Booth,Powder Coating Booth,Process,,0,13,48
ASM-TAY-BST-19X23-FRAME,,Curing Oven,Curing Oven,Process,,0,20,0
ASM-TAY-BST-24X23-CUSH,,Fabric Cutting,Fabric Cutting,Process,,0,2,54
ASM-TAY-BST-24X23-CUSH,,Fabric Sewing,Fabric Sewing,Process,,0,13,48
ASM-TAY-BST-24X23-CUSH,,Cushion Stuffing,Cushion Stuffing,Process,,0,4,0
ASM-TAY-BST-24X23-CUSH,,Quality Control,Quality Control,Process,,0,8,0
ASM-TAY-BST-24X23-FRAME,,Cold Saw Fabrication,Metal Cutting,Process,,0,6,54
ASM-TAY-BST-24X23-FRAME,,Fabrication & Welding,FAB POD A,Process,,1,16,18
ASM-TAY-BST-24X23-FRAME,,Sandblasting Setup,Sandblasting,Setup,,0,10,0
ASM-TAY-BST-24X23-FRAME,,Sandblasting,Sandblasting,Process,,0,20,0
ASM-TAY-BST-24X23-FRAME,,Powder Coating Booth,Powder Coating Booth,Process,,0,13,48
ASM-TAY-BST-24X23-FRAME,,Curing Oven,Curing Oven,Process,,0,20,0
ASM-TAY-DIN-CHA-19X23-CUSH,,Fabric Cutting,Fabric Cutting,Process,,0,2,54
ASM-TAY-DIN-CHA-19X23-CUSH,,Fabric Sewing,Fabric Sewing,Process,,0,13,48
ASM-TAY-DIN-CHA-19X23-CUSH,,Cushion Stuffing,Cushion Stuffing,Process,,0,4,0
ASM-TAY-DIN-CHA-19X23-CUSH,,Quality Control,Quality Control,Process,,0,8,0
ASM-TAY-DIN-CHA-19X23-FRAME,,Cold Saw Fabrication,Metal Cutting,Process,,0,6,54
ASM-TAY-DIN-CHA-19X23-FRAME,,Fabrication & Welding,FAB POD A,Process,,1,16,18
ASM-TAY-DIN-CHA-19X23-FRAME,,Sandblasting Setup,Sandblasting,Setup,,0,10,0
ASM-TAY-DIN-CHA-19X23-FRAME,,Sandblasting,Sandblasting,Process,,0,20,0
ASM-TAY-DIN-CHA-19X23-FRAME,,Powder Coating Booth,Powder Coating Booth,Process,,0,13,48
ASM-TAY-DIN-CHA-19X23-FRAME,,Curing Oven,Curing Oven,Process,,0,20,0
ASM-TAY-DIN-CHA-24X23-CUSH,,Fabric Cutting,Fabric Cutting,Process,,0,2,54
ASM-TAY-DIN-CHA-24X23-CUSH,,Fabric Sewing,Fabric Sewing,Process,,0,13,48
ASM-TAY-DIN-CHA-24X23-CUSH,,Cushion Stuffing,Cushion Stuffing,Process,,0,4,0
ASM-TAY-DIN-CHA-24X23-CUSH,,Quality Control,Quality Control,Process,,0,8,0
ASM-TAY-DIN-CHA-24X23-FRAME,,Cold Saw Fabrication,Metal Cutting,Process,,0,6,54
ASM-TAY-DIN-CHA-24X23-FRAME,,Fabrication & Welding,FAB POD A,Process,,1,16,18
ASM-TAY-DIN-CHA-24X23-FRAME,,Sandblasting Setup,Sandblasting,Setup,,0,10,0
ASM-TAY-DIN-CHA-24X23-FRAME,,Sandblasting,Sandblasting,Process,,0,20,0
ASM-TAY-DIN-CHA-24X23-FRAME,,Powder Coating Booth,Powder Coating Booth,Process,,0,13,48
ASM-TAY-DIN-CHA-24X23-FRAME,,Curing Oven,Curing Oven,Process,,0,20,0
ASM-TJM-CHA-CUSH,,Fabric Cutting,Fabric Cutting,Process,,0,2,54
ASM-TJM-CHA-CUSH,,Fabric Sewing,Fabric Sewing,Process,,0,13,48
ASM-TJM-CHA-CUSH,,Cushion Stuffing,Cushion Stuffing,Process,,0,4,0
ASM-TJM-CHA-CUSH,,Quality Control,Quality Control,Process,,0,8,0
ASM-TJM-CHA-FRAME,,Cold Saw Fabrication,Metal Cutting,Process,,0,6,54
ASM-TJM-CHA-FRAME,,Fabrication & Welding,FAB POD A,Process,,1,16,18
ASM-TJM-CHA-FRAME,,Sandblasting Setup,Sandblasting,Setup,,0,10,0
ASM-TJM-CHA-FRAME,,Sandblasting,Sandblasting,Process,,0,20,0
ASM-TJM-CHA-FRAME,,Powder Coating Booth,Powder Coating Booth,Process,,0,13,48
ASM-TJM-CHA-FRAME,,Curing Oven,Curing Oven,Process,,0,20,0
ASM-TJM-TAB-FRAME,,Cold Saw Fabrication,Metal Cutting,Process,,0,6,54
ASM-TJM-TAB-FRAME,,Fabrication & Welding,FAB POD A,Process,,1,16,18
ASM-TJM-TAB-FRAME,,Sandblasting Setup,Sandblasting,Setup,,0,10,0
ASM-TJM-TAB-FRAME,,Sandblasting,Sandblasting,Process,,0,20,0
ASM-TJM-TAB-FRAME,,Powder Coating Booth,Powder Coating Booth,Process,,0,13,48
ASM-TJM-TAB-FRAME,,Curing Oven,Curing Oven,Process,,0,20,0
ASM-TRI-SID-TAB-32X32-FRAME,,Cold Saw Fabrication,Metal Cutting,Process,,0,6,54
ASM-TRI-SID-TAB-32X32-FRAME,,Fabrication & Welding,FAB POD A,Process,,1,16,18
ASM-TRI-SID-TAB-32X32-FRAME,,Sandblasting Setup,Sandblasting,Setup,,0,10,0
ASM-TRI-SID-TAB-32X32-FRAME,,Sandblasting,Sandblasting,Process,,0,20,0
ASM-TRI-SID-TAB-32X32-FRAME,,Powder Coating Booth,Powder Coating Booth,Process,,0,13,48
ASM-TRI-SID-TAB-32X32-FRAME,,Curing Oven,Curing Oven,Process,,0,20,0
ASM-WFT-BAR-TAB-120X28-FRAME,,Cold Saw Fabrication,Metal Cutting,Process,,0,6,54
ASM-WFT-BAR-TAB-120X28-FRAME,,Fabrication & Welding,FAB POD A,Process,,1,16,18
ASM-WFT-BAR-TAB-120X28-FRAME,,Sandblasting Setup,Sandblasting,Setup,,0,10,0
ASM-WFT-BAR-TAB-120X28-FRAME,,Sandblasting,Sandblasting,Process,,0,20,0
ASM-WFT-BAR-TAB-120X28-FRAME,,Powder Coating Booth,Powder Coating Booth,Process,,0,13,48
ASM-WFT-BAR-TAB-120X28-FRAME,,Curing Oven,Curing Oven,Process,,0,20,0
ASM-WFT-BAR-TAB-120X36-FRAME,,Cold Saw Fabrication,Metal Cutting,Process,,0,6,54
ASM-WFT-BAR-TAB-120X36-FRAME,,Fabrication & Welding,FAB POD A,Process,,1,16,18
ASM-WFT-BAR-TAB-120X36-FRAME,,Sandblasting Setup,Sandblasting,Setup,,0,10,0
ASM-WFT-BAR-TAB-120X36-FRAME,,Sandblasting,Sandblasting,Process,,0,20,0
ASM-WFT-BAR-TAB-120X36-FRAME,,Powder Coating Booth,Powder Coating Booth,Process,,0,13,48
ASM-WFT-BAR-TAB-120X36-FRAME,,Curing Oven,Curing Oven,Process,,0,20,0
ASM-WFT-BAR-TAB-28X120-FRAME,,Cold Saw Fabrication,Metal Cutting,Process,,0,6,54
ASM-WFT-BAR-TAB-28X120-FRAME,,Fabrication & Welding,FAB POD A,Process,,1,16,18
ASM-WFT-BAR-TAB-28X120-FRAME,,Sandblasting Setup,Sandblasting,Setup,,0,10,0
ASM-WFT-BAR-TAB-28X120-FRAME,,Sandblasting,Sandblasting,Process,,0,20,0
ASM-WFT-BAR-TAB-28X120-FRAME,,Powder Coating Booth,Powder Coating Booth,Process,,0,13,48
ASM-WFT-BAR-TAB-28X120-FRAME,,Curing Oven,Curing Oven,Process,,0,20,0
ASM-WFT-BAR-TAB-28X72-FRAME,,Cold Saw Fabrication,Metal Cutting,Process,,0,6,54
ASM-WFT-BAR-TAB-28X72-FRAME,,Fabrication & Welding,FAB POD A,Process,,1,16,18
ASM-WFT-BAR-TAB-28X72-FRAME,,Sandblasting Setup,Sandblasting,Setup,,0,10,0
ASM-WFT-BAR-TAB-28X72-FRAME,,Sandblasting,Sandblasting,Process,,0,20,0
ASM-WFT-BAR-TAB-28X72-FRAME,,Powder Coating Booth,Powder Coating Booth,Process,,0,13,48
ASM-WFT-BAR-TAB-28X72-FRAME,,Curing Oven,Curing Oven,Process,,0,20,0
ASM-WFT-BAR-TAB-28X96-FRAME,,Cold Saw Fabrication,Metal Cutting,Process,,0,6,54
ASM-WFT-BAR-TAB-28X96-FRAME,,Fabrication & Welding,FAB POD A,Process,,1,16,18
ASM-WFT-BAR-TAB-28X96-FRAME,,Sandblasting Setup,Sandblasting,Setup,,0,10,0
ASM-WFT-BAR-TAB-28X96-FRAME,,Sandblasting,Sandblasting,Process,,0,20,0
ASM-WFT-BAR-TAB-28X96-FRAME,,Powder Coating Booth,Powder Coating Booth,Process,,0,13,48
ASM-WFT-BAR-TAB-28X96-FRAME,,Curing Oven,Curing Oven,Process,,0,20,0
ASM-WFT-BAR-TAB-36X120-FRAME,,Cold Saw Fabrication,Metal Cutting,Process,,0,6,54
ASM-WFT-BAR-TAB-36X120-FRAME,,Fabrication & Welding,FAB POD A,Process,,1,16,18
ASM-WFT-BAR-TAB-36X120-FRAME,,Sandblasting Setup,Sandblasting,Setup,,0,10,0
ASM-WFT-BAR-TAB-36X120-FRAME,,Sandblasting,Sandblasting,Process,,0,20,0
ASM-WFT-BAR-TAB-36X120-FRAME,,Powder Coating Booth,Powder Coating Booth,Process,,0,13,48
ASM-WFT-BAR-TAB-36X120-FRAME,,Curing Oven,Curing Oven,Process,,0,20,0
ASM-WFT-BAR-TAB-36X72-FRAME,,Cold Saw Fabrication,Metal Cutting,Process,,0,6,54
ASM-WFT-BAR-TAB-36X72-FRAME,,Fabrication & Welding,FAB POD A,Process,,1,16,18
ASM-WFT-BAR-TAB-36X72-FRAME,,Sandblasting Setup,Sandblasting,Setup,,0,10,0
ASM-WFT-BAR-TAB-36X72-FRAME,,Sandblasting,Sandblasting,Process,,0,20,0
ASM-WFT-BAR-TAB-36X72-FRAME,,Powder Coating Booth,Powder Coating Booth,Process,,0,13,48
ASM-WFT-BAR-TAB-36X72-FRAME,,Curing Oven,Curing Oven,Process,,0,20,0
ASM-WFT-BAR-TAB-36X96-FRAME,,Cold Saw Fabrication,Metal Cutting,Process,,0,6,54
ASM-WFT-BAR-TAB-36X96-FRAME,,Fabrication & Welding,FAB POD A,Process,,1,16,18
ASM-WFT-BAR-TAB-36X96-FRAME,,Sandblasting Setup,Sandblasting,Setup,,0,10,0
ASM-WFT-BAR-TAB-36X96-FRAME,,Sandblasting,Sandblasting,Process,,0,20,0
ASM-WFT-BAR-TAB-36X96-FRAME,,Powder Coating Booth,Powder Coating Booth,Process,,0,13,48
ASM-WFT-BAR-TAB-36X96-FRAME,,Curing Oven,Curing Oven,Process,,0,20,0
ASM-WFT-BAR-TAB-72X28-FRAME,,Cold Saw Fabrication,Metal Cutting,Process,,0,6,54
ASM-WFT-BAR-TAB-72X28-FRAME,,Fabrication & Welding,FAB POD A,Process,,1,16,18
ASM-WFT-BAR-TAB-72X28-FRAME,,Sandblasting Setup,Sandblasting,Setup,,0,10,0
ASM-WFT-BAR-TAB-72X28-FRAME,,Sandblasting,Sandblasting,Process,,0,20,0
ASM-WFT-BAR-TAB-72X28-FRAME,,Powder Coating Booth,Powder Coating Booth,Process,,0,13,48
ASM-WFT-BAR-TAB-72X28-FRAME,,Curing Oven,Curing Oven,Process,,0,20,0
ASM-WFT-BAR-TAB-72X36-FRAME,,Cold Saw Fabrication,Metal Cutting,Process,,0,6,54
ASM-WFT-BAR-TAB-72X36-FRAME,,Fabrication & Welding,FAB POD A,Process,,1,16,18
ASM-WFT-BAR-TAB-72X36-FRAME,,Sandblasting Setup,Sandblasting,Setup,,0,10,0
ASM-WFT-BAR-TAB-72X36-FRAME,,Sandblasting,Sandblasting,Process,,0,20,0
ASM-WFT-BAR-TAB-72X36-FRAME,,Powder Coating Booth,Powder Coating Booth,Process,,0,13,48
ASM-WFT-BAR-TAB-72X36-FRAME,,Curing Oven,Curing Oven,Process,,0,20,0
ASM-WFT-BAR-TAB-96X28-FRAME,,Cold Saw Fabrication,Metal Cutting,Process,,0,6,54
ASM-WFT-BAR-TAB-96X28-FRAME,,Fabrication & Welding,FAB POD A,Process,,1,16,18
ASM-WFT-BAR-TAB-96X28-FRAME,,Sandblasting Setup,Sandblasting,Setup,,0,10,0
ASM-WFT-BAR-TAB-96X28-FRAME,,Sandblasting,Sandblasting,Process,,0,20,0
ASM-WFT-BAR-TAB-96X28-FRAME,,Powder Coating Booth,Powder Coating Booth,Process,,0,13,48
ASM-WFT-BAR-TAB-96X28-FRAME,,Curing Oven,Curing Oven,Process,,0,20,0
ASM-WFT-BAR-TAB-96X36-FRAME,,Cold Saw Fabrication,Metal Cutting,Process,,0,6,54
ASM-WFT-BAR-TAB-96X36-FRAME,,Fabrication & Welding,FAB POD A,Process,,1,16,18
ASM-WFT-BAR-TAB-96X36-FRAME,,Sandblasting Setup,Sandblasting,Setup,,0,10,0
ASM-WFT-BAR-TAB-96X36-FRAME,,Sandblasting,Sandblasting,Process,,0,20,0
ASM-WFT-BAR-TAB-96X36-FRAME,,Powder Coating Booth,Powder Coating Booth,Process,,0,13,48
ASM-WFT-BAR-TAB-96X36-FRAME,,Curing Oven,Curing Oven,Process,,0,20,0
ASM-WFT-BCH-42X18-CUSH,,Fabric Cutting,Fabric Cutting,Process,,0,2,54
ASM-WFT-BCH-42X18-CUSH,,Fabric Sewing,Fabric Sewing,Process,,0,13,48
ASM-WFT-BCH-42X18-CUSH,,Cushion Stuffing,Cushion Stuffing,Process,,0,4,0
ASM-WFT-BCH-42X18-CUSH,,Quality Control,Quality Control,Process,,0,8,0
ASM-WFT-BCH-42X18-FRAME,,Cold Saw Fabrication,Metal Cutting,Process,,0,6,54
ASM-WFT-BCH-42X18-FRAME,,Fabrication & Welding,FAB POD A,Process,,1,16,18
ASM-WFT-BCH-42X18-FRAME,,Sandblasting Setup,Sandblasting,Setup,,0,10,0
ASM-WFT-BCH-42X18-FRAME,,Sandblasting,Sandblasting,Process,,0,20,0
ASM-WFT-BCH-42X18-FRAME,,Powder Coating Booth,Powder Coating Booth,Process,,0,13,48
ASM-WFT-BCH-42X18-FRAME,,Curing Oven,Curing Oven,Process,,0,20,0
ASM-WFT-CNT-TAB-120X28-FRAME,,Cold Saw Fabrication,Metal Cutting,Process,,0,6,54
ASM-WFT-CNT-TAB-120X28-FRAME,,Fabrication & Welding,FAB POD A,Process,,1,16,18
ASM-WFT-CNT-TAB-120X28-FRAME,,Sandblasting Setup,Sandblasting,Setup,,0,10,0
ASM-WFT-CNT-TAB-120X28-FRAME,,Sandblasting,Sandblasting,Process,,0,20,0
ASM-WFT-CNT-TAB-120X28-FRAME,,Powder Coating Booth,Powder Coating Booth,Process,,0,13,48
ASM-WFT-CNT-TAB-120X28-FRAME,,Curing Oven,Curing Oven,Process,,0,20,0
ASM-WFT-CNT-TAB-120X36-FRAME,,Cold Saw Fabrication,Metal Cutting,Process,,0,6,54
ASM-WFT-CNT-TAB-120X36-FRAME,,Fabrication & Welding,FAB POD A,Process,,1,16,18
ASM-WFT-CNT-TAB-120X36-FRAME,,Sandblasting Setup,Sandblasting,Setup,,0,10,0
ASM-WFT-CNT-TAB-120X36-FRAME,,Sandblasting,Sandblasting,Process,,0,20,0
ASM-WFT-CNT-TAB-120X36-FRAME,,Powder Coating Booth,Powder Coating Booth,Process,,0,13,48
ASM-WFT-CNT-TAB-120X36-FRAME,,Curing Oven,Curing Oven,Process,,0,20,0
ASM-WFT-CNT-TAB-28X120-FRAME,,Cold Saw Fabrication,Metal Cutting,Process,,0,6,54
ASM-WFT-CNT-TAB-28X120-FRAME,,Fabrication & Welding,FAB POD A,Process,,1,16,18
ASM-WFT-CNT-TAB-28X120-FRAME,,Sandblasting Setup,Sandblasting,Setup,,0,10,0
ASM-WFT-CNT-TAB-28X120-FRAME,,Sandblasting,Sandblasting,Process,,0,20,0
ASM-WFT-CNT-TAB-28X120-FRAME,,Powder Coating Booth,Powder Coating Booth,Process,,0,13,48
ASM-WFT-CNT-TAB-28X120-FRAME,,Curing Oven,Curing Oven,Process,,0,20,0
ASM-WFT-CNT-TAB-28X72-FRAME,,Cold Saw Fabrication,Metal Cutting,Process,,0,6,54
ASM-WFT-CNT-TAB-28X72-FRAME,,Fabrication & Welding,FAB POD A,Process,,1,16,18
ASM-WFT-CNT-TAB-28X72-FRAME,,Sandblasting Setup,Sandblasting,Setup,,0,10,0
ASM-WFT-CNT-TAB-28X72-FRAME,,Sandblasting,Sandblasting,Process,,0,20,0
ASM-WFT-CNT-TAB-28X72-FRAME,,Powder Coating Booth,Powder Coating Booth,Process,,0,13,48
ASM-WFT-CNT-TAB-28X72-FRAME,,Curing Oven,Curing Oven,Process,,0,20,0
ASM-WFT-CNT-TAB-28X96-FRAME,,Cold Saw Fabrication,Metal Cutting,Process,,0,6,54
ASM-WFT-CNT-TAB-28X96-FRAME,,Fabrication & Welding,FAB POD A,Process,,1,16,18
ASM-WFT-CNT-TAB-28X96-FRAME,,Sandblasting Setup,Sandblasting,Setup,,0,10,0
ASM-WFT-CNT-TAB-28X96-FRAME,,Sandblasting,Sandblasting,Process,,0,20,0
ASM-WFT-CNT-TAB-28X96-FRAME,,Powder Coating Booth,Powder Coating Booth,Process,,0,13,48
ASM-WFT-CNT-TAB-28X96-FRAME,,Curing Oven,Curing Oven,Process,,0,20,0
ASM-WFT-CNT-TAB-36X120-FRAME,,Cold Saw Fabrication,Metal Cutting,Process,,0,6,54
ASM-WFT-CNT-TAB-36X120-FRAME,,Fabrication & Welding,FAB POD A,Process,,1,16,18
ASM-WFT-CNT-TAB-36X120-FRAME,,Sandblasting Setup,Sandblasting,Setup,,0,10,0
ASM-WFT-CNT-TAB-36X120-FRAME,,Sandblasting,Sandblasting,Process,,0,20,0
ASM-WFT-CNT-TAB-36X120-FRAME,,Powder Coating Booth,Powder Coating Booth,Process,,0,13,48
ASM-WFT-CNT-TAB-36X120-FRAME,,Curing Oven,Curing Oven,Process,,0,20,0
ASM-WFT-CNT-TAB-36X72-FRAME,,Cold Saw Fabrication,Metal Cutting,Process,,0,6,54
ASM-WFT-CNT-TAB-36X72-FRAME,,Fabrication & Welding,FAB POD A,Process,,1,16,18
ASM-WFT-CNT-TAB-36X72-FRAME,,Sandblasting Setup,Sandblasting,Setup,,0,10,0
ASM-WFT-CNT-TAB-36X72-FRAME,,Sandblasting,Sandblasting,Process,,0,20,0
ASM-WFT-CNT-TAB-36X72-FRAME,,Powder Coating Booth,Powder Coating Booth,Process,,0,13,48
ASM-WFT-CNT-TAB-36X72-FRAME,,Curing Oven,Curing Oven,Process,,0,20,0
ASM-WFT-CNT-TAB-36X96-FRAME,,Cold Saw Fabrication,Metal Cutting,Process,,0,6,54
ASM-WFT-CNT-TAB-36X96-FRAME,,Fabrication & Welding,FAB POD A,Process,,1,16,18
ASM-WFT-CNT-TAB-36X96-FRAME,,Sandblasting Setup,Sandblasting,Setup,,0,10,0
ASM-WFT-CNT-TAB-36X96-FRAME,,Sandblasting,Sandblasting,Process,,0,20,0
ASM-WFT-CNT-TAB-36X96-FRAME,,Powder Coating Booth,Powder Coating Booth,Process,,0,13,48
ASM-WFT-CNT-TAB-36X96-FRAME,,Curing Oven,Curing Oven,Process,,0,20,0
ASM-WFT-CNT-TAB-72X28-FRAME,,Cold Saw Fabrication,Metal Cutting,Process,,0,6,54
ASM-WFT-CNT-TAB-72X28-FRAME,,Fabrication & Welding,FAB POD A,Process,,1,16,18
ASM-WFT-CNT-TAB-72X28-FRAME,,Sandblasting Setup,Sandblasting,Setup,,0,10,0
ASM-WFT-CNT-TAB-72X28-FRAME,,Sandblasting,Sandblasting,Process,,0,20,0
ASM-WFT-CNT-TAB-72X28-FRAME,,Powder Coating Booth,Powder Coating Booth,Process,,0,13,48
ASM-WFT-CNT-TAB-72X28-FRAME,,Curing Oven,Curing Oven,Process,,0,20,0
ASM-WFT-CNT-TAB-72X36-FRAME,,Cold Saw Fabrication,Metal Cutting,Process,,0,6,54
ASM-WFT-CNT-TAB-72X36-FRAME,,Fabrication & Welding,FAB POD A,Process,,1,16,18
ASM-WFT-CNT-TAB-72X36-FRAME,,Sandblasting Setup,Sandblasting,Setup,,0,10,0
ASM-WFT-CNT-TAB-72X36-FRAME,,Sandblasting,Sandblasting,Process,,0,20,0
ASM-WFT-CNT-TAB-72X36-FRAME,,Powder Coating Booth,Powder Coating Booth,Process,,0,13,48
ASM-WFT-CNT-TAB-72X36-FRAME,,Curing Oven,Curing Oven,Process,,0,20,0
ASM-WFT-CNT-TAB-96X28-FRAME,,Cold Saw Fabrication,Metal Cutting,Process,,0,6,54
ASM-WFT-CNT-TAB-96X28-FRAME,,Fabrication & Welding,FAB POD A,Process,,1,16,18
ASM-WFT-CNT-TAB-96X28-FRAME,,Sandblasting Setup,Sandblasting,Setup,,0,10,0
ASM-WFT-CNT-TAB-96X28-FRAME,,Sandblasting,Sandblasting,Process,,0,20,0
ASM-WFT-CNT-TAB-96X28-FRAME,,Powder Coating Booth,Powder Coating Booth,Process,,0,13,48
ASM-WFT-CNT-TAB-96X28-FRAME,,Curing Oven,Curing Oven,Process,,0,20,0
ASM-WFT-CNT-TAB-96X36-FRAME,,Cold Saw Fabrication,Metal Cutting,Process,,0,6,54
ASM-WFT-CNT-TAB-96X36-FRAME,,Fabrication & Welding,FAB POD A,Process,,1,16,18
ASM-WFT-CNT-TAB-96X36-FRAME,,Sandblasting Setup,Sandblasting,Setup,,0,10,0
ASM-WFT-CNT-TAB-96X36-FRAME,,Sandblasting,Sandblasting,Process,,0,20,0
ASM-WFT-CNT-TAB-96X36-FRAME,,Powder Coating Booth,Powder Coating Booth,Process,,0,13,48
ASM-WFT-CNT-TAB-96X36-FRAME,,Curing Oven,Curing Oven,Process,,0,20,0
ASM-WFT-DIN-BCH-72X22-CUSH,,Fabric Cutting,Fabric Cutting,Process,,0,2,54
ASM-WFT-DIN-BCH-72X22-CUSH,,Fabric Sewing,Fabric Sewing,Process,,0,13,48
ASM-WFT-DIN-BCH-72X22-CUSH,,Cushion Stuffing,Cushion Stuffing,Process,,0,4,0
ASM-WFT-DIN-BCH-72X22-CUSH,,Quality Control,Quality Control,Process,,0,8,0
ASM-WFT-DIN-BCH-72X22-FRAME,,Cold Saw Fabrication,Metal Cutting,Process,,0,6,54
ASM-WFT-DIN-BCH-72X22-FRAME,,Fabrication & Welding,FAB POD A,Process,,1,16,18
ASM-WFT-DIN-BCH-72X22-FRAME,,Sandblasting Setup,Sandblasting,Setup,,0,10,0
ASM-WFT-DIN-BCH-72X22-FRAME,,Sandblasting,Sandblasting,Process,,0,20,0
ASM-WFT-DIN-BCH-72X22-FRAME,,Powder Coating Booth,Powder Coating Booth,Process,,0,13,48
ASM-WFT-DIN-BCH-72X22-FRAME,,Curing Oven,Curing Oven,Process,,0,20,0
ASM-WFT-DIN-BCH-96X22-CUSH,,Fabric Cutting,Fabric Cutting,Process,,0,2,54
ASM-WFT-DIN-BCH-96X22-CUSH,,Fabric Sewing,Fabric Sewing,Process,,0,13,48
ASM-WFT-DIN-BCH-96X22-CUSH,,Cushion Stuffing,Cushion Stuffing,Process,,0,4,0
ASM-WFT-DIN-BCH-96X22-CUSH,,Quality Control,Quality Control,Process,,0,8,0
ASM-WFT-DIN-BCH-96X22-FRAME,,Cold Saw Fabrication,Metal Cutting,Process,,0,6,54
ASM-WFT-DIN-BCH-96X22-FRAME,,Fabrication & Welding,FAB POD A,Process,,1,16,18
ASM-WFT-DIN-BCH-96X22-FRAME,,Sandblasting Setup,Sandblasting,Setup,,0,10,0
ASM-WFT-DIN-BCH-96X22-FRAME,,Sandblasting,Sandblasting,Process,,0,20,0
ASM-WFT-DIN-BCH-96X22-FRAME,,Powder Coating Booth,Powder Coating Booth,Process,,0,13,48
ASM-WFT-DIN-BCH-96X22-FRAME,,Curing Oven,Curing Oven,Process,,0,20,0
ASM-WFT-DIN-CHA-17X21-CUSH,,Fabric Cutting,Fabric Cutting,Process,,0,2,54
ASM-WFT-DIN-CHA-17X21-CUSH,,Fabric Sewing,Fabric Sewing,Process,,0,13,48
ASM-WFT-DIN-CHA-17X21-CUSH,,Cushion Stuffing,Cushion Stuffing,Process,,0,4,0
ASM-WFT-DIN-CHA-17X21-CUSH,,Quality Control,Quality Control,Process,,0,8,0
ASM-WFT-DIN-CHA-17X21-FRAME,,Cold Saw Fabrication,Metal Cutting,Process,,0,6,54
ASM-WFT-DIN-CHA-17X21-FRAME,,Fabrication & Welding,FAB POD A,Process,,1,16,18
ASM-WFT-DIN-CHA-17X21-FRAME,,Sandblasting Setup,Sandblasting,Setup,,0,10,0
ASM-WFT-DIN-CHA-17X21-FRAME,,Sandblasting,Sandblasting,Process,,0,20,0
ASM-WFT-DIN-CHA-17X21-FRAME,,Powder Coating Booth,Powder Coating Booth,Process,,0,13,48
ASM-WFT-DIN-CHA-17X21-FRAME,,Curing Oven,Curing Oven,Process,,0,20,0
ASM-WFT-DIN-CHA-18X18-CUSH,,Fabric Cutting,Fabric Cutting,Process,,0,2,54
ASM-WFT-DIN-CHA-18X18-CUSH,,Fabric Sewing,Fabric Sewing,Process,,0,13,48
ASM-WFT-DIN-CHA-18X18-CUSH,,Cushion Stuffing,Cushion Stuffing,Process,,0,4,0
ASM-WFT-DIN-CHA-18X18-CUSH,,Quality Control,Quality Control,Process,,0,8,0
ASM-WFT-DIN-CHA-18X18-FRAME,,Cold Saw Fabrication,Metal Cutting,Process,,0,6,54
ASM-WFT-DIN-CHA-18X18-FRAME,,Fabrication & Welding,FAB POD A,Process,,1,16,18
ASM-WFT-DIN-CHA-18X18-FRAME,,Sandblasting Setup,Sandblasting,Setup,,0,10,0
ASM-WFT-DIN-CHA-18X18-FRAME,,Sandblasting,Sandblasting,Process,,0,20,0
ASM-WFT-DIN-CHA-18X18-FRAME,,Powder Coating Booth,Powder Coating Booth,Process,,0,13,48
ASM-WFT-DIN-CHA-18X18-FRAME,,Curing Oven,Curing Oven,Process,,0,20,0
ASM-WFT-DIN-TAB-120X28-FRAME,,Cold Saw Fabrication,Metal Cutting,Process,,0,6,54
ASM-WFT-DIN-TAB-120X28-FRAME,,Fabrication & Welding,FAB POD A,Process,,1,16,18
ASM-WFT-DIN-TAB-120X28-FRAME,,Sandblasting Setup,Sandblasting,Setup,,0,10,0
ASM-WFT-DIN-TAB-120X28-FRAME,,Sandblasting,Sandblasting,Process,,0,20,0
ASM-WFT-DIN-TAB-120X28-FRAME,,Powder Coating Booth,Powder Coating Booth,Process,,0,13,48
ASM-WFT-DIN-TAB-120X28-FRAME,,Curing Oven,Curing Oven,Process,,0,20,0
ASM-WFT-DIN-TAB-120X36-FRAME,,Cold Saw Fabrication,Metal Cutting,Process,,0,6,54
ASM-WFT-DIN-TAB-120X36-FRAME,,Fabrication & Welding,FAB POD A,Process,,1,16,18
ASM-WFT-DIN-TAB-120X36-FRAME,,Sandblasting Setup,Sandblasting,Setup,,0,10,0
ASM-WFT-DIN-TAB-120X36-FRAME,,Sandblasting,Sandblasting,Process,,0,20,0
ASM-WFT-DIN-TAB-120X36-FRAME,,Powder Coating Booth,Powder Coating Booth,Process,,0,13,48
ASM-WFT-DIN-TAB-120X36-FRAME,,Curing Oven,Curing Oven,Process,,0,20,0
ASM-WFT-DIN-TAB-28X120-FRAME,,Cold Saw Fabrication,Metal Cutting,Process,,0,6,54
ASM-WFT-DIN-TAB-28X120-FRAME,,Fabrication & Welding,FAB POD A,Process,,1,16,18
ASM-WFT-DIN-TAB-28X120-FRAME,,Sandblasting Setup,Sandblasting,Setup,,0,10,0
ASM-WFT-DIN-TAB-28X120-FRAME,,Sandblasting,Sandblasting,Process,,0,20,0
ASM-WFT-DIN-TAB-28X120-FRAME,,Powder Coating Booth,Powder Coating Booth,Process,,0,13,48
ASM-WFT-DIN-TAB-28X120-FRAME,,Curing Oven,Curing Oven,Process,,0,20,0
ASM-WFT-DIN-TAB-28X72-FRAME,,Cold Saw Fabrication,Metal Cutting,Process,,0,6,54
ASM-WFT-DIN-TAB-28X72-FRAME,,Fabrication & Welding,FAB POD A,Process,,1,16,18
ASM-WFT-DIN-TAB-28X72-FRAME,,Sandblasting Setup,Sandblasting,Setup,,0,10,0
ASM-WFT-DIN-TAB-28X72-FRAME,,Sandblasting,Sandblasting,Process,,0,20,0
ASM-WFT-DIN-TAB-28X72-FRAME,,Powder Coating Booth,Powder Coating Booth,Process,,0,13,48
ASM-WFT-DIN-TAB-28X72-FRAME,,Curing Oven,Curing Oven,Process,,0,20,0
ASM-WFT-DIN-TAB-28X96-FRAME,,Cold Saw Fabrication,Metal Cutting,Process,,0,6,54
ASM-WFT-DIN-TAB-28X96-FRAME,,Fabrication & Welding,FAB POD A,Process,,1,16,18
ASM-WFT-DIN-TAB-28X96-FRAME,,Sandblasting Setup,Sandblasting,Setup,,0,10,0
ASM-WFT-DIN-TAB-28X96-FRAME,,Sandblasting,Sandblasting,Process,,0,20,0
ASM-WFT-DIN-TAB-28X96-FRAME,,Powder Coating Booth,Powder Coating Booth,Process,,0,13,48
ASM-WFT-DIN-TAB-28X96-FRAME,,Curing Oven,Curing Oven,Process,,0,20,0
ASM-WFT-DIN-TAB-36X120-FRAME,,Cold Saw Fabrication,Metal Cutting,Process,,0,6,54
ASM-WFT-DIN-TAB-36X120-FRAME,,Fabrication & Welding,FAB POD A,Process,,1,16,18
ASM-WFT-DIN-TAB-36X120-FRAME,,Sandblasting Setup,Sandblasting,Setup,,0,10,0
ASM-WFT-DIN-TAB-36X120-FRAME,,Sandblasting,Sandblasting,Process,,0,20,0
ASM-WFT-DIN-TAB-36X120-FRAME,,Powder Coating Booth,Powder Coating Booth,Process,,0,13,48
ASM-WFT-DIN-TAB-36X120-FRAME,,Curing Oven,Curing Oven,Process,,0,20,0
ASM-WFT-DIN-TAB-36X72-FRAME,,Cold Saw Fabrication,Metal Cutting,Process,,0,6,54
ASM-WFT-DIN-TAB-36X72-FRAME,,Fabrication & Welding,FAB POD A,Process,,1,16,18
ASM-WFT-DIN-TAB-36X72-FRAME,,Sandblasting Setup,Sandblasting,Setup,,0,10,0
ASM-WFT-DIN-TAB-36X72-FRAME,,Sandblasting,Sandblasting,Process,,0,20,0
ASM-WFT-DIN-TAB-36X72-FRAME,,Powder Coating Booth,Powder Coating Booth,Process,,0,13,48
ASM-WFT-DIN-TAB-36X72-FRAME,,Curing Oven,Curing Oven,Process,,0,20,0
ASM-WFT-DIN-TAB-36X96-FRAME,,Cold Saw Fabrication,Metal Cutting,Process,,0,6,54
ASM-WFT-DIN-TAB-36X96-FRAME,,Fabrication & Welding,FAB POD A,Process,,1,16,18
ASM-WFT-DIN-TAB-36X96-FRAME,,Sandblasting Setup,Sandblasting,Setup,,0,10,0
ASM-WFT-DIN-TAB-36X96-FRAME,,Sandblasting,Sandblasting,Process,,0,20,0
ASM-WFT-DIN-TAB-36X96-FRAME,,Powder Coating Booth,Powder Coating Booth,Process,,0,13,48
ASM-WFT-DIN-TAB-36X96-FRAME,,Curing Oven,Curing Oven,Process,,0,20,0
ASM-WFT-DIN-TAB-72X36-FRAME,,Cold Saw Fabrication,Metal Cutting,Process,,0,6,54
ASM-WFT-DIN-TAB-72X36-FRAME,,Fabrication & Welding,FAB POD A,Process,,1,16,18
ASM-WFT-DIN-TAB-72X36-FRAME,,Sandblasting Setup,Sandblasting,Setup,,0,10,0
ASM-WFT-DIN-TAB-72X36-FRAME,,Sandblasting,Sandblasting,Process,,0,20,0
ASM-WFT-DIN-TAB-72X36-FRAME,,Powder Coating Booth,Powder Coating Booth,Process,,0,13,48
ASM-WFT-DIN-TAB-72X36-FRAME,,Curing Oven,Curing Oven,Process,,0,20,0
ASM-WFT-DIN-TAB-96X28-FRAME,,Cold Saw Fabrication,Metal Cutting,Process,,0,6,54
ASM-WFT-DIN-TAB-96X28-FRAME,,Fabrication & Welding,FAB POD A,Process,,1,16,18
ASM-WFT-DIN-TAB-96X28-FRAME,,Sandblasting Setup,Sandblasting,Setup,,0,10,0
ASM-WFT-DIN-TAB-96X28-FRAME,,Sandblasting,Sandblasting,Process,,0,20,0
ASM-WFT-DIN-TAB-96X28-FRAME,,Powder Coating Booth,Powder Coating Booth,Process,,0,13,48
ASM-WFT-DIN-TAB-96X28-FRAME,,Curing Oven,Curing Oven,Process,,0,20,0
ASM-WFT-DIN-TAB-96X36-FRAME,,Cold Saw Fabrication,Metal Cutting,Process,,0,6,54
ASM-WFT-DIN-TAB-96X36-FRAME,,Fabrication & Welding,FAB POD A,Process,,1,16,18
ASM-WFT-DIN-TAB-96X36-FRAME,,Sandblasting Setup,Sandblasting,Setup,,0,10,0
ASM-WFT-DIN-TAB-96X36-FRAME,,Sandblasting,Sandblasting,Process,,0,20,0
ASM-WFT-DIN-TAB-96X36-FRAME,,Powder Coating Booth,Powder Coating Booth,Process,,0,13,48
ASM-WFT-DIN-TAB-96X36-FRAME,,Curing Oven,Curing Oven,Process,,0,20,0
ASM-WFT-FIR-TAB-56X36-FRAME,,Cold Saw Fabrication,Metal Cutting,Process,,0,6,54
ASM-WFT-FIR-TAB-56X36-FRAME,,Fabrication & Welding,FAB POD A,Process,,1,16,18
ASM-WFT-FIR-TAB-56X36-FRAME,,Sandblasting Setup,Sandblasting,Setup,,0,10,0
ASM-WFT-FIR-TAB-56X36-FRAME,,Sandblasting,Sandblasting,Process,,0,20,0
ASM-WFT-FIR-TAB-56X36-FRAME,,Powder Coating Booth,Powder Coating Booth,Process,,0,13,48
ASM-WFT-FIR-TAB-56X36-FRAME,,Curing Oven,Curing Oven,Process,,0,20,0
ASM-WFT-FIR-TAB-72X36-FRAME,,Cold Saw Fabrication,Metal Cutting,Process,,0,6,54
ASM-WFT-FIR-TAB-72X36-FRAME,,Fabrication & Welding,FAB POD A,Process,,1,16,18
ASM-WFT-FIR-TAB-72X36-FRAME,,Sandblasting Setup,Sandblasting,Setup,,0,10,0
ASM-WFT-FIR-TAB-72X36-FRAME,,Sandblasting,Sandblasting,Process,,0,20,0
ASM-WFT-FIR-TAB-72X36-FRAME,,Powder Coating Booth,Powder Coating Booth,Process,,0,13,48
ASM-WFT-FIR-TAB-72X36-FRAME,,Curing Oven,Curing Oven,Process,,0,20,0
ASM-WFT-FLY-BST-17X21-CUSH,,Fabric Cutting,Fabric Cutting,Process,,0,2,54
ASM-WFT-FLY-BST-17X21-CUSH,,Fabric Sewing,Fabric Sewing,Process,,0,13,48
ASM-WFT-FLY-BST-17X21-CUSH,,Cushion Stuffing,Cushion Stuffing,Process,,0,4,0
ASM-WFT-FLY-BST-17X21-CUSH,,Quality Control,Quality Control,Process,,0,8,0
ASM-WFT-FLY-BST-17X21-FRAME,,Cold Saw Fabrication,Metal Cutting,Process,,0,6,54
ASM-WFT-FLY-BST-17X21-FRAME,,Fabrication & Welding,FAB POD A,Process,,1,16,18
ASM-WFT-FLY-BST-17X21-FRAME,,Sandblasting Setup,Sandblasting,Setup,,0,10,0
ASM-WFT-FLY-BST-17X21-FRAME,,Sandblasting,Sandblasting,Process,,0,20,0
ASM-WFT-FLY-BST-17X21-FRAME,,Powder Coating Booth,Powder Coating Booth,Process,,0,13,48
ASM-WFT-FLY-BST-17X21-FRAME,,Curing Oven,Curing Oven,Process,,0,20,0
ASM-WFT-FLY-BST-18X18-CUSH,,Fabric Cutting,Fabric Cutting,Process,,0,2,54
ASM-WFT-FLY-BST-18X18-CUSH,,Fabric Sewing,Fabric Sewing,Process,,0,13,48
ASM-WFT-FLY-BST-18X18-CUSH,,Cushion Stuffing,Cushion Stuffing,Process,,0,4,0
ASM-WFT-FLY-BST-18X18-CUSH,,Quality Control,Quality Control,Process,,0,8,0
ASM-WFT-FLY-BST-18X18-FRAME,,Cold Saw Fabrication,Metal Cutting,Process,,0,6,54
ASM-WFT-FLY-BST-18X18-FRAME,,Fabrication & Welding,FAB POD A,Process,,1,16,18
ASM-WFT-FLY-BST-18X18-FRAME,,Sandblasting Setup,Sandblasting,Setup,,0,10,0
ASM-WFT-FLY-BST-18X18-FRAME,,Sandblasting,Sandblasting,Process,,0,20,0
ASM-WFT-FLY-BST-18X18-FRAME,,Powder Coating Booth,Powder Coating Booth,Process,,0,13,48
ASM-WFT-FLY-BST-18X18-FRAME,,Curing Oven,Curing Oven,Process,,0,20,0
ASM-WFT-SID-TAB-13X40-FRAME,,Cold Saw Fabrication,Metal Cutting,Process,,0,6,54
ASM-WFT-SID-TAB-13X40-FRAME,,Fabrication & Welding,FAB POD A,Process,,1,16,18
ASM-WFT-SID-TAB-13X40-FRAME,,Sandblasting Setup,Sandblasting,Setup,,0,10,0
ASM-WFT-SID-TAB-13X40-FRAME,,Sandblasting,Sandblasting,Process,,0,20,0
ASM-WFT-SID-TAB-13X40-FRAME,,Powder Coating Booth,Powder Coating Booth,Process,,0,13,48
ASM-WFT-SID-TAB-13X40-FRAME,,Curing Oven,Curing Oven,Process,,0,20,0
ASM-WFT-SID-TAB-40X13-FRAME,,Cold Saw Fabrication,Metal Cutting,Process,,0,6,54
ASM-WFT-SID-TAB-40X13-FRAME,,Fabrication & Welding,FAB POD A,Process,,1,16,18
ASM-WFT-SID-TAB-40X13-FRAME,,Sandblasting Setup,Sandblasting,Setup,,0,10,0
ASM-WFT-SID-TAB-40X13-FRAME,,Sandblasting,Sandblasting,Process,,0,20,0
ASM-WFT-SID-TAB-40X13-FRAME,,Powder Coating Booth,Powder Coating Booth,Process,,0,13,48
ASM-WFT-SID-TAB-40X13-FRAME,,Curing Oven,Curing Oven,Process,,0,20,0
FIN-BRK-BAR-TAB-120X28,,Quality Control,Quality Control,Process,,0,8,0
FIN-BRK-BAR-TAB-120X28,,Assembly & Packaging Setup,Assembly & Packaging,Setup,,0,5,0
FIN-BRK-BAR-TAB-120X28,,Assembly & Packaging,Assembly & Packaging,Process,,0,15,0
FIN-BRK-BAR-TAB-120X36,,Quality Control,Quality Control,Process,,0,8,0
FIN-BRK-BAR-TAB-120X36,,Assembly & Packaging Setup,Assembly & Packaging,Setup,,0,5,0
FIN-BRK-BAR-TAB-120X36,,Assembly & Packaging,Assembly & Packaging,Process,,0,15,0
FIN-BRK-BAR-TAB-28X120,,Quality Control,Quality Control,Process,,0,8,0
FIN-BRK-BAR-TAB-28X120,,Assembly & Packaging Setup,Assembly & Packaging,Setup,,0,5,0
FIN-BRK-BAR-TAB-28X120,,Assembly & Packaging,Assembly & Packaging,Process,,0,15,0
FIN-BRK-BAR-TAB-28X72,,Quality Control,Quality Control,Process,,0,8,0
FIN-BRK-BAR-TAB-28X72,,Assembly & Packaging Setup,Assembly & Packaging,Setup,,0,5,0
FIN-BRK-BAR-TAB-28X72,,Assembly & Packaging,Assembly & Packaging,Process,,0,15,0
FIN-BRK-BAR-TAB-28X96,,Quality Control,Quality Control,Process,,0,8,0
FIN-BRK-BAR-TAB-28X96,,Assembly & Packaging Setup,Assembly & Packaging,Setup,,0,5,0
FIN-BRK-BAR-TAB-28X96,,Assembly & Packaging,Assembly & Packaging,Process,,0,15,0
FIN-BRK-BAR-TAB-36X120,,Quality Control,Quality Control,Process,,0,8,0
FIN-BRK-BAR-TAB-36X120,,Assembly & Packaging Setup,Assembly & Packaging,Setup,,0,5,0
FIN-BRK-BAR-TAB-36X120,,Assembly & Packaging,Assembly & Packaging,Process,,0,15,0
FIN-BRK-BAR-TAB-36X36,,Quality Control,Quality Control,Process,,0,8,0
FIN-BRK-BAR-TAB-36X36,,Assembly & Packaging Setup,Assembly & Packaging,Setup,,0,5,0
FIN-BRK-BAR-TAB-36X36,,Assembly & Packaging,Assembly & Packaging,Process,,0,15,0
FIN-BRK-BAR-TAB-36X72,,Quality Control,Quality Control,Process,,0,8,0
FIN-BRK-BAR-TAB-36X72,,Assembly & Packaging Setup,Assembly & Packaging,Setup,,0,5,0
FIN-BRK-BAR-TAB-36X72,,Assembly & Packaging,Assembly & Packaging,Process,,0,15,0
FIN-BRK-BAR-TAB-36X72-STARLEG,,Quality Control,Quality Control,Process,,0,8,0
FIN-BRK-BAR-TAB-36X72-STARLEG,,Assembly & Packaging Setup,Assembly & Packaging,Setup,,0,5,0
FIN-BRK-BAR-TAB-36X72-STARLEG,,Assembly & Packaging,Assembly & Packaging,Process,,0,15,0
FIN-BRK-BAR-TAB-36X96,,Quality Control,Quality Control,Process,,0,8,0
FIN-BRK-BAR-TAB-36X96,,Assembly & Packaging Setup,Assembly & Packaging,Setup,,0,5,0
FIN-BRK-BAR-TAB-36X96,,Assembly & Packaging,Assembly & Packaging,Process,,0,15,0
FIN-BRK-BAR-TAB-42X42,,Quality Control,Quality Control,Process,,0,8,0
FIN-BRK-BAR-TAB-42X42,,Assembly & Packaging Setup,Assembly & Packaging,Setup,,0,5,0
FIN-BRK-BAR-TAB-42X42,,Assembly & Packaging,Assembly & Packaging,Process,,0,15,0
FIN-BRK-BAR-TAB-72X28,,Quality Control,Quality Control,Process,,0,8,0
FIN-BRK-BAR-TAB-72X28,,Assembly & Packaging Setup,Assembly & Packaging,Setup,,0,5,0
FIN-BRK-BAR-TAB-72X28,,Assembly & Packaging,Assembly & Packaging,Process,,0,15,0
FIN-BRK-BAR-TAB-72X36,,Quality Control,Quality Control,Process,,0,8,0
FIN-BRK-BAR-TAB-72X36,,Assembly & Packaging Setup,Assembly & Packaging,Setup,,0,5,0
FIN-BRK-BAR-TAB-72X36,,Assembly & Packaging,Assembly & Packaging,Process,,0,15,0
FIN-BRK-BAR-TAB-96X36,,Quality Control,Quality Control,Process,,0,8,0
FIN-BRK-BAR-TAB-96X36,,Assembly & Packaging Setup,Assembly & Packaging,Setup,,0,5,0
FIN-BRK-BAR-TAB-96X36,,Assembly & Packaging,Assembly & Packaging,Process,,0,15,0
FIN-BRK-BAR-TAB-98X28,,Quality Control,Quality Control,Process,,0,8,0
FIN-BRK-BAR-TAB-98X28,,Assembly & Packaging Setup,Assembly & Packaging,Setup,,0,5,0
FIN-BRK-BAR-TAB-98X28,,Assembly & Packaging,Assembly & Packaging,Process,,0,15,0
FIN-BRK-CHS-72X34-LS,,Quality Control,Quality Control,Process,,0,8,0
FIN-BRK-CHS-72X34-LS,,Assembly & Packaging Setup,Assembly & Packaging,Setup,,0,5,0
FIN-BRK-CHS-72X34-LS,,Assembly & Packaging,Assembly & Packaging,Process,,0,15,0
FIN-BRK-CHS-72X34-LS-BE,,Quality Control,Quality Control,Process,,0,8,0
FIN-BRK-CHS-72X34-LS-BE,,Assembly & Packaging Setup,Assembly & Packaging,Setup,,0,5,0
FIN-BRK-CHS-72X34-LS-BE,,Assembly & Packaging,Assembly & Packaging,Process,,0,15,0
FIN-BRK-CHS-72X34-LS-BO,,Quality Control,Quality Control,Process,,0,8,0
FIN-BRK-CHS-72X34-LS-BO,,Assembly & Packaging Setup,Assembly & Packaging,Setup,,0,5,0
FIN-BRK-CHS-72X34-LS-BO,,Assembly & Packaging,Assembly & Packaging,Process,,0,15,0
FIN-BRK-CHS-72X34-LS-BR,,Quality Control,Quality Control,Process,,0,8,0
FIN-BRK-CHS-72X34-LS-BR,,Assembly & Packaging Setup,Assembly & Packaging,Setup,,0,5,0
FIN-BRK-CHS-72X34-LS-BR,,Assembly & Packaging,Assembly & Packaging,Process,,0,15,0
FIN-BRK-CHS-72X34-LS-GR,,Quality Control,Quality Control,Process,,0,8,0
FIN-BRK-CHS-72X34-LS-GR,,Assembly & Packaging Setup,Assembly & Packaging,Setup,,0,5,0
FIN-BRK-CHS-72X34-LS-GR,,Assembly & Packaging,Assembly & Packaging,Process,,0,15,0
FIN-BRK-CHS-72X34-LS-WH,,Quality Control,Quality Control,Process,,0,8,0
FIN-BRK-CHS-72X34-LS-WH,,Assembly & Packaging Setup,Assembly & Packaging,Setup,,0,5,0
FIN-BRK-CHS-72X34-LS-WH,,Assembly & Packaging,Assembly & Packaging,Process,,0,15,0
FIN-BRK-CHS-72X34-RS,,Quality Control,Quality Control,Process,,0,8,0
FIN-BRK-CHS-72X34-RS,,Assembly & Packaging Setup,Assembly & Packaging,Setup,,0,5,0
FIN-BRK-CHS-72X34-RS,,Assembly & Packaging,Assembly & Packaging,Process,,0,15,0
FIN-BRK-CHS-72X34-RS-BE,,Quality Control,Quality Control,Process,,0,8,0
FIN-BRK-CHS-72X34-RS-BE,,Assembly & Packaging Setup,Assembly & Packaging,Setup,,0,5,0
FIN-BRK-CHS-72X34-RS-BE,,Assembly & Packaging,Assembly & Packaging,Process,,0,15,0
FIN-BRK-CHS-72X34-RS-BO,,Quality Control,Quality Control,Process,,0,8,0
FIN-BRK-CHS-72X34-RS-BO,,Assembly & Packaging Setup,Assembly & Packaging,Setup,,0,5,0
FIN-BRK-CHS-72X34-RS-BO,,Assembly & Packaging,Assembly & Packaging,Process,,0,15,0
FIN-BRK-CHS-72X34-RS-BR,,Quality Control,Quality Control,Process,,0,8,0
FIN-BRK-CHS-72X34-RS-BR,,Assembly & Packaging Setup,Assembly & Packaging,Setup,,0,5,0
FIN-BRK-CHS-72X34-RS-BR,,Assembly & Packaging,Assembly & Packaging,Process,,0,15,0
FIN-BRK-CHS-72X34-RS-GR,,Quality Control,Quality Control,Process,,0,8,0
FIN-BRK-CHS-72X34-RS-GR,,Assembly & Packaging Setup,Assembly & Packaging,Setup,,0,5,0
FIN-BRK-CHS-72X34-RS-GR,,Assembly & Packaging,Assembly & Packaging,Process,,0,15,0
FIN-BRK-CHS-72X34-RS-WH,,Quality Control,Quality Control,Process,,0,8,0
FIN-BRK-CHS-72X34-RS-WH,,Assembly & Packaging Setup,Assembly & Packaging,Setup,,0,5,0
FIN-BRK-CHS-72X34-RS-WH,,Assembly & Packaging,Assembly & Packaging,Process,,0,15,0
FIN-BRK-CHS-72X42-LS,,Quality Control,Quality Control,Process,,0,8,0
FIN-BRK-CHS-72X42-LS,,Assembly & Packaging Setup,Assembly & Packaging,Setup,,0,5,0
FIN-BRK-CHS-72X42-LS,,Assembly & Packaging,Assembly & Packaging,Process,,0,15,0
FIN-BRK-CHS-72X42-LS-BE,,Quality Control,Quality Control,Process,,0,8,0
FIN-BRK-CHS-72X42-LS-BE,,Assembly & Packaging Setup,Assembly & Packaging,Setup,,0,5,0
FIN-BRK-CHS-72X42-LS-BE,,Assembly & Packaging,Assembly & Packaging,Process,,0,15,0
FIN-BRK-CHS-72X42-LS-BO,,Quality Control,Quality Control,Process,,0,8,0
FIN-BRK-CHS-72X42-LS-BO,,Assembly & Packaging Setup,Assembly & Packaging,Setup,,0,5,0
FIN-BRK-CHS-72X42-LS-BO,,Assembly & Packaging,Assembly & Packaging,Process,,0,15,0
FIN-BRK-CHS-72X42-LS-BR,,Quality Control,Quality Control,Process,,0,8,0
FIN-BRK-CHS-72X42-LS-BR,,Assembly & Packaging Setup,Assembly & Packaging,Setup,,0,5,0
FIN-BRK-CHS-72X42-LS-BR,,Assembly & Packaging,Assembly & Packaging,Process,,0,15,0
FIN-BRK-CHS-72X42-LS-GR,,Quality Control,Quality Control,Process,,0,8,0
FIN-BRK-CHS-72X42-LS-GR,,Assembly & Packaging Setup,Assembly & Packaging,Setup,,0,5,0
FIN-BRK-CHS-72X42-LS-GR,,Assembly & Packaging,Assembly & Packaging,Process,,0,15,0
FIN-BRK-CHS-72X42-LS-WH,,Quality Control,Quality Control,Process,,0,8,0
FIN-BRK-CHS-72X42-LS-WH,,Assembly & Packaging Setup,Assembly & Packaging,Setup,,0,5,0
FIN-BRK-CHS-72X42-LS-WH,,Assembly & Packaging,Assembly & Packaging,Process,,0,15,0
FIN-BRK-CHS-72X42-RS,,Quality Control,Quality Control,Process,,0,8,0
FIN-BRK-CHS-72X42-RS,,Assembly & Packaging Setup,Assembly & Packaging,Setup,,0,5,0
FIN-BRK-CHS-72X42-RS,,Assembly & Packaging,Assembly & Packaging,Process,,0,15,0
FIN-BRK-CHS-72X42-RS-BE,,Quality Control,Quality Control,Process,,0,8,0
FIN-BRK-CHS-72X42-RS-BE,,Assembly & Packaging Setup,Assembly & Packaging,Setup,,0,5,0
FIN-BRK-CHS-72X42-RS-BE,,Assembly & Packaging,Assembly & Packaging,Process,,0,15,0
FIN-BRK-CHS-72X42-RS-BO,,Quality Control,Quality Control,Process,,0,8,0
FIN-BRK-CHS-72X42-RS-BO,,Assembly & Packaging Setup,Assembly & Packaging,Setup,,0,5,0
FIN-BRK-CHS-72X42-RS-BO,,Assembly & Packaging,Assembly & Packaging,Process,,0,15,0
FIN-BRK-CHS-72X42-RS-BR,,Quality Control,Quality Control,Process,,0,8,0
FIN-BRK-CHS-72X42-RS-BR,,Assembly & Packaging Setup,Assembly & Packaging,Setup,,0,5,0
FIN-BRK-CHS-72X42-RS-BR,,Assembly & Packaging,Assembly & Packaging,Process,,0,15,0
FIN-BRK-CHS-72X42-RS-GR,,Quality Control,Quality Control,Process,,0,8,0
FIN-BRK-CHS-72X42-RS-GR,,Assembly & Packaging Setup,Assembly & Packaging,Setup,,0,5,0
FIN-BRK-CHS-72X42-RS-GR,,Assembly & Packaging,Assembly & Packaging,Process,,0,15,0
FIN-BRK-CHS-72X42-RS-WH,,Quality Control,Quality Control,Process,,0,8,0
FIN-BRK-CHS-72X42-RS-WH,,Assembly & Packaging Setup,Assembly & Packaging,Setup,,0,5,0
FIN-BRK-CHS-72X42-RS-WH,,Assembly & Packaging,Assembly & Packaging,Process,,0,15,0
FIN-BRK-CHS-84X34-LS,,Quality Control,Quality Control,Process,,0,8,0
FIN-BRK-CHS-84X34-LS,,Assembly & Packaging Setup,Assembly & Packaging,Setup,,0,5,0
FIN-BRK-CHS-84X34-LS,,Assembly & Packaging,Assembly & Packaging,Process,,0,15,0
FIN-BRK-CHS-84X34-LS-BE,,Quality Control,Quality Control,Process,,0,8,0
FIN-BRK-CHS-84X34-LS-BE,,Assembly & Packaging Setup,Assembly & Packaging,Setup,,0,5,0
FIN-BRK-CHS-84X34-LS-BE,,Assembly & Packaging,Assembly & Packaging,Process,,0,15,0
FIN-BRK-CHS-84X34-LS-BO,,Quality Control,Quality Control,Process,,0,8,0
FIN-BRK-CHS-84X34-LS-BO,,Assembly & Packaging Setup,Assembly & Packaging,Setup,,0,5,0
FIN-BRK-CHS-84X34-LS-BO,,Assembly & Packaging,Assembly & Packaging,Process,,0,15,0
FIN-BRK-CHS-84X34-LS-BR,,Quality Control,Quality Control,Process,,0,8,0
FIN-BRK-CHS-84X34-LS-BR,,Assembly & Packaging Setup,Assembly & Packaging,Setup,,0,5,0
FIN-BRK-CHS-84X34-LS-BR,,Assembly & Packaging,Assembly & Packaging,Process,,0,15,0
FIN-BRK-CHS-84X34-LS-GR,,Quality Control,Quality Control,Process,,0,8,0
FIN-BRK-CHS-84X34-LS-GR,,Assembly & Packaging Setup,Assembly & Packaging,Setup,,0,5,0
FIN-BRK-CHS-84X34-LS-GR,,Assembly & Packaging,Assembly & Packaging,Process,,0,15,0
FIN-BRK-CHS-84X34-LS-WH,,Quality Control,Quality Control,Process,,0,8,0
FIN-BRK-CHS-84X34-LS-WH,,Assembly & Packaging Setup,Assembly & Packaging,Setup,,0,5,0
FIN-BRK-CHS-84X34-LS-WH,,Assembly & Packaging,Assembly & Packaging,Process,,0,15,0
FIN-BRK-CHS-84X34-RS,,Quality Control,Quality Control,Process,,0,8,0
FIN-BRK-CHS-84X34-RS,,Assembly & Packaging Setup,Assembly & Packaging,Setup,,0,5,0
FIN-BRK-CHS-84X34-RS,,Assembly & Packaging,Assembly & Packaging,Process,,0,15,0
FIN-BRK-CHS-84X34-RS-BE,,Quality Control,Quality Control,Process,,0,8,0
FIN-BRK-CHS-84X34-RS-BE,,Assembly & Packaging Setup,Assembly & Packaging,Setup,,0,5,0
FIN-BRK-CHS-84X34-RS-BE,,Assembly & Packaging,Assembly & Packaging,Process,,0,15,0
FIN-BRK-CHS-84X34-RS-BO,,Quality Control,Quality Control,Process,,0,8,0
FIN-BRK-CHS-84X34-RS-BO,,Assembly & Packaging Setup,Assembly & Packaging,Setup,,0,5,0
FIN-BRK-CHS-84X34-RS-BO,,Assembly & Packaging,Assembly & Packaging,Process,,0,15,0
FIN-BRK-CHS-84X34-RS-BR,,Quality Control,Quality Control,Process,,0,8,0
FIN-BRK-CHS-84X34-RS-BR,,Assembly & Packaging Setup,Assembly & Packaging,Setup,,0,5,0
FIN-BRK-CHS-84X34-RS-BR,,Assembly & Packaging,Assembly & Packaging,Process,,0,15,0
FIN-BRK-CHS-84X34-RS-GR,,Quality Control,Quality Control,Process,,0,8,0
FIN-BRK-CHS-84X34-RS-GR,,Assembly & Packaging Setup,Assembly & Packaging,Setup,,0,5,0
FIN-BRK-CHS-84X34-RS-GR,,Assembly & Packaging,Assembly & Packaging,Process,,0,15,0
FIN-BRK-CHS-84X34-RS-WH,,Quality Control,Quality Control,Process,,0,8,0
FIN-BRK-CHS-84X34-RS-WH,,Assembly & Packaging Setup,Assembly & Packaging,Setup,,0,5,0
FIN-BRK-CHS-84X34-RS-WH,,Assembly & Packaging,Assembly & Packaging,Process,,0,15,0
FIN-BRK-CHS-84X42-LS,,Quality Control,Quality Control,Process,,0,8,0
FIN-BRK-CHS-84X42-LS,,Assembly & Packaging Setup,Assembly & Packaging,Setup,,0,5,0
FIN-BRK-CHS-84X42-LS,,Assembly & Packaging,Assembly & Packaging,Process,,0,15,0
FIN-BRK-CHS-84X42-LS-BE,,Quality Control,Quality Control,Process,,0,8,0
FIN-BRK-CHS-84X42-LS-BE,,Assembly & Packaging Setup,Assembly & Packaging,Setup,,0,5,0
FIN-BRK-CHS-84X42-LS-BE,,Assembly & Packaging,Assembly & Packaging,Process,,0,15,0
FIN-BRK-CHS-84X42-LS-BO,,Quality Control,Quality Control,Process,,0,8,0
FIN-BRK-CHS-84X42-LS-BO,,Assembly & Packaging Setup,Assembly & Packaging,Setup,,0,5,0
FIN-BRK-CHS-84X42-LS-BO,,Assembly & Packaging,Assembly & Packaging,Process,,0,15,0
FIN-BRK-CHS-84X42-LS-BR,,Quality Control,Quality Control,Process,,0,8,0
FIN-BRK-CHS-84X42-LS-BR,,Assembly & Packaging Setup,Assembly & Packaging,Setup,,0,5,0
FIN-BRK-CHS-84X42-LS-BR,,Assembly & Packaging,Assembly & Packaging,Process,,0,15,0
FIN-BRK-CHS-84X42-LS-GR,,Quality Control,Quality Control,Process,,0,8,0
FIN-BRK-CHS-84X42-LS-GR,,Assembly & Packaging Setup,Assembly & Packaging,Setup,,0,5,0
FIN-BRK-CHS-84X42-LS-GR,,Assembly & Packaging,Assembly & Packaging,Process,,0,15,0
FIN-BRK-CHS-84X42-LS-WH,,Quality Control,Quality Control,Process,,0,8,0
FIN-BRK-CHS-84X42-LS-WH,,Assembly & Packaging Setup,Assembly & Packaging,Setup,,0,5,0
FIN-BRK-CHS-84X42-LS-WH,,Assembly & Packaging,Assembly & Packaging,Process,,0,15,0
FIN-BRK-CHS-84X42-RS,,Quality Control,Quality Control,Process,,0,8,0
FIN-BRK-CHS-84X42-RS,,Assembly & Packaging Setup,Assembly & Packaging,Setup,,0,5,0
FIN-BRK-CHS-84X42-RS,,Assembly & Packaging,Assembly & Packaging,Process,,0,15,0
FIN-BRK-CHS-84X42-RS-BE,,Quality Control,Quality Control,Process,,0,8,0
FIN-BRK-CHS-84X42-RS-BE,,Assembly & Packaging Setup,Assembly & Packaging,Setup,,0,5,0
FIN-BRK-CHS-84X42-RS-BE,,Assembly & Packaging,Assembly & Packaging,Process,,0,15,0
FIN-BRK-CHS-84X42-RS-BO,,Quality Control,Quality Control,Process,,0,8,0
FIN-BRK-CHS-84X42-RS-BO,,Assembly & Packaging Setup,Assembly & Packaging,Setup,,0,5,0
FIN-BRK-CHS-84X42-RS-BO,,Assembly & Packaging,Assembly & Packaging,Process,,0,15,0
FIN-BRK-CHS-84X42-RS-BR,,Quality Control,Quality Control,Process,,0,8,0
FIN-BRK-CHS-84X42-RS-BR,,Assembly & Packaging Setup,Assembly & Packaging,Setup,,0,5,0
FIN-BRK-CHS-84X42-RS-BR,,Assembly & Packaging,Assembly & Packaging,Process,,0,15,0
FIN-BRK-CHS-84X42-RS-GR,,Quality Control,Quality Control,Process,,0,8,0
FIN-BRK-CHS-84X42-RS-GR,,Assembly & Packaging Setup,Assembly & Packaging,Setup,,0,5,0
FIN-BRK-CHS-84X42-RS-GR,,Assembly & Packaging,Assembly & Packaging,Process,,0,15,0
FIN-BRK-CHS-84X42-RS-WH,,Quality Control,Quality Control,Process,,0,8,0
FIN-BRK-CHS-84X42-RS-WH,,Assembly & Packaging Setup,Assembly & Packaging,Setup,,0,5,0
FIN-BRK-CHS-84X42-RS-WH,,Assembly & Packaging,Assembly & Packaging,Process,,0,15,0
FIN-BRK-CNT-TAB-120X28,,Quality Control,Quality Control,Process,,0,8,0
FIN-BRK-CNT-TAB-120X28,,Assembly & Packaging Setup,Assembly & Packaging,Setup,,0,5,0
FIN-BRK-CNT-TAB-120X28,,Assembly & Packaging,Assembly & Packaging,Process,,0,15,0
FIN-BRK-CNT-TAB-120X36,,Quality Control,Quality Control,Process,,0,8,0
FIN-BRK-CNT-TAB-120X36,,Assembly & Packaging Setup,Assembly & Packaging,Setup,,0,5,0
FIN-BRK-CNT-TAB-120X36,,Assembly & Packaging,Assembly & Packaging,Process,,0,15,0
FIN-BRK-CNT-TAB-28X120,,Quality Control,Quality Control,Process,,0,8,0
FIN-BRK-CNT-TAB-28X120,,Assembly & Packaging Setup,Assembly & Packaging,Setup,,0,5,0
FIN-BRK-CNT-TAB-28X120,,Assembly & Packaging,Assembly & Packaging,Process,,0,15,0
FIN-BRK-CNT-TAB-28X72,,Quality Control,Quality Control,Process,,0,8,0
FIN-BRK-CNT-TAB-28X72,,Assembly & Packaging Setup,Assembly & Packaging,Setup,,0,5,0
FIN-BRK-CNT-TAB-28X72,,Assembly & Packaging,Assembly & Packaging,Process,,0,15,0
FIN-BRK-CNT-TAB-28X72-TABLECOUNTER,,Quality Control,Quality Control,Process,,0,8,0
FIN-BRK-CNT-TAB-28X72-TABLECOUNTER,,Assembly & Packaging Setup,Assembly & Packaging,Setup,,0,5,0
FIN-BRK-CNT-TAB-28X72-TABLECOUNTER,,Assembly & Packaging,Assembly & Packaging,Process,,0,15,0
FIN-BRK-CNT-TAB-28X96,,Quality Control,Quality Control,Process,,0,8,0
FIN-BRK-CNT-TAB-28X96,,Assembly & Packaging Setup,Assembly & Packaging,Setup,,0,5,0
FIN-BRK-CNT-TAB-28X96,,Assembly & Packaging,Assembly & Packaging,Process,,0,15,0
FIN-BRK-CNT-TAB-36X120,,Quality Control,Quality Control,Process,,0,8,0
FIN-BRK-CNT-TAB-36X120,,Assembly & Packaging Setup,Assembly & Packaging,Setup,,0,5,0
FIN-BRK-CNT-TAB-36X120,,Assembly & Packaging,Assembly & Packaging,Process,,0,15,0
FIN-BRK-CNT-TAB-36X36,,Quality Control,Quality Control,Process,,0,8,0
FIN-BRK-CNT-TAB-36X36,,Assembly & Packaging Setup,Assembly & Packaging,Setup,,0,5,0
FIN-BRK-CNT-TAB-36X36,,Assembly & Packaging,Assembly & Packaging,Process,,0,15,0
FIN-BRK-CNT-TAB-36X72,,Quality Control,Quality Control,Process,,0,8,0
FIN-BRK-CNT-TAB-36X72,,Assembly & Packaging Setup,Assembly & Packaging,Setup,,0,5,0
FIN-BRK-CNT-TAB-36X72,,Assembly & Packaging,Assembly & Packaging,Process,,0,15,0
FIN-BRK-CNT-TAB-36X72-STARLEG,,Quality Control,Quality Control,Process,,0,8,0
FIN-BRK-CNT-TAB-36X72-STARLEG,,Assembly & Packaging Setup,Assembly & Packaging,Setup,,0,5,0
FIN-BRK-CNT-TAB-36X72-STARLEG,,Assembly & Packaging,Assembly & Packaging,Process,,0,15,0
FIN-BRK-CNT-TAB-36X96,,Quality Control,Quality Control,Process,,0,8,0
FIN-BRK-CNT-TAB-36X96,,Assembly & Packaging Setup,Assembly & Packaging,Setup,,0,5,0
FIN-BRK-CNT-TAB-36X96,,Assembly & Packaging,Assembly & Packaging,Process,,0,15,0
FIN-BRK-CNT-TAB-42X42,,Quality Control,Quality Control,Process,,0,8,0
FIN-BRK-CNT-TAB-42X42,,Assembly & Packaging Setup,Assembly & Packaging,Setup,,0,5,0
FIN-BRK-CNT-TAB-42X42,,Assembly & Packaging,Assembly & Packaging,Process,,0,15,0
FIN-BRK-CNT-TAB-72X18,,Quality Control,Quality Control,Process,,0,8,0
FIN-BRK-CNT-TAB-72X18,,Assembly & Packaging Setup,Assembly & Packaging,Setup,,0,5,0
FIN-BRK-CNT-TAB-72X18,,Assembly & Packaging,Assembly & Packaging,Process,,0,15,0
FIN-BRK-CNT-TAB-72X28,,Quality Control,Quality Control,Process,,0,8,0
FIN-BRK-CNT-TAB-72X28,,Assembly & Packaging Setup,Assembly & Packaging,Setup,,0,5,0
FIN-BRK-CNT-TAB-72X28,,Assembly & Packaging,Assembly & Packaging,Process,,0,15,0
FIN-BRK-CNT-TAB-72X36,,Quality Control,Quality Control,Process,,0,8,0
FIN-BRK-CNT-TAB-72X36,,Assembly & Packaging Setup,Assembly & Packaging,Setup,,0,5,0
FIN-BRK-CNT-TAB-72X36,,Assembly & Packaging,Assembly & Packaging,Process,,0,15,0
FIN-BRK-CNT-TAB-96X28,,Quality Control,Quality Control,Process,,0,8,0
FIN-BRK-CNT-TAB-96X28,,Assembly & Packaging Setup,Assembly & Packaging,Setup,,0,5,0
FIN-BRK-CNT-TAB-96X28,,Assembly & Packaging,Assembly & Packaging,Process,,0,15,0
FIN-BRK-CNT-TAB-96X36,,Quality Control,Quality Control,Process,,0,8,0
FIN-BRK-CNT-TAB-96X36,,Assembly & Packaging Setup,Assembly & Packaging,Setup,,0,5,0
FIN-BRK-CNT-TAB-96X36,,Assembly & Packaging,Assembly & Packaging,Process,,0,15,0
FIN-BRK-COR-CHS-84X42,,Quality Control,Quality Control,Process,,0,8,0
FIN-BRK-COR-CHS-84X42,,Assembly & Packaging Setup,Assembly & Packaging,Setup,,0,5,0
FIN-BRK-COR-CHS-84X42,,Assembly & Packaging,Assembly & Packaging,Process,,0,15,0
FIN-BRK-COR-SOF-72X34,,Quality Control,Quality Control,Process,,0,8,0
FIN-BRK-COR-SOF-72X34,,Assembly & Packaging Setup,Assembly & Packaging,Setup,,0,5,0
FIN-BRK-COR-SOF-72X34,,Assembly & Packaging,Assembly & Packaging,Process,,0,15,0
FIN-BRK-COR-SOF-72X34-LS,,Quality Control,Quality Control,Process,,0,8,0
FIN-BRK-COR-SOF-72X34-LS,,Assembly & Packaging Setup,Assembly & Packaging,Setup,,0,5,0
FIN-BRK-COR-SOF-72X34-LS,,Assembly & Packaging,Assembly & Packaging,Process,,0,15,0
FIN-BRK-COR-SOF-72X34-LS-BE,,Quality Control,Quality Control,Process,,0,8,0
FIN-BRK-COR-SOF-72X34-LS-BE,,Assembly & Packaging Setup,Assembly & Packaging,Setup,,0,5,0
FIN-BRK-COR-SOF-72X34-LS-BE,,Assembly & Packaging,Assembly & Packaging,Process,,0,15,0
FIN-BRK-COR-SOF-72X34-LS-BO,,Quality Control,Quality Control,Process,,0,8,0
FIN-BRK-COR-SOF-72X34-LS-BO,,Assembly & Packaging Setup,Assembly & Packaging,Setup,,0,5,0
FIN-BRK-COR-SOF-72X34-LS-BO,,Assembly & Packaging,Assembly & Packaging,Process,,0,15,0
FIN-BRK-COR-SOF-72X34-LS-BR,,Quality Control,Quality Control,Process,,0,8,0
FIN-BRK-COR-SOF-72X34-LS-BR,,Assembly & Packaging Setup,Assembly & Packaging,Setup,,0,5,0
FIN-BRK-COR-SOF-72X34-LS-BR,,Assembly & Packaging,Assembly & Packaging,Process,,0,15,0
FIN-BRK-COR-SOF-72X34-LS-GR,,Quality Control,Quality Control,Process,,0,8,0
FIN-BRK-COR-SOF-72X34-LS-GR,,Assembly & Packaging Setup,Assembly & Packaging,Setup,,0,5,0
FIN-BRK-COR-SOF-72X34-LS-GR,,Assembly & Packaging,Assembly & Packaging,Process,,0,15,0
FIN-BRK-COR-SOF-72X34-LS-WH,,Quality Control,Quality Control,Process,,0,8,0
FIN-BRK-COR-SOF-72X34-LS-WH,,Assembly & Packaging Setup,Assembly & Packaging,Setup,,0,5,0
FIN-BRK-COR-SOF-72X34-LS-WH,,Assembly & Packaging,Assembly & Packaging,Process,,0,15,0
FIN-BRK-COR-SOF-72X34-RS,,Quality Control,Quality Control,Process,,0,8,0
FIN-BRK-COR-SOF-72X34-RS,,Assembly & Packaging Setup,Assembly & Packaging,Setup,,0,5,0
FIN-BRK-COR-SOF-72X34-RS,,Assembly & Packaging,Assembly & Packaging,Process,,0,15,0
FIN-BRK-COR-SOF-72X34-RS-BE,,Quality Control,Quality Control,Process,,0,8,0
FIN-BRK-COR-SOF-72X34-RS-BE,,Assembly & Packaging Setup,Assembly & Packaging,Setup,,0,5,0
FIN-BRK-COR-SOF-72X34-RS-BE,,Assembly & Packaging,Assembly & Packaging,Process,,0,15,0
FIN-BRK-COR-SOF-72X34-RS-BO,,Quality Control,Quality Control,Process,,0,8,0
FIN-BRK-COR-SOF-72X34-RS-BO,,Assembly & Packaging Setup,Assembly & Packaging,Setup,,0,5,0
FIN-BRK-COR-SOF-72X34-RS-BO,,Assembly & Packaging,Assembly & Packaging,Process,,0,15,0
FIN-BRK-COR-SOF-72X34-RS-BR,,Quality Control,Quality Control,Process,,0,8,0
FIN-BRK-COR-SOF-72X34-RS-BR,,Assembly & Packaging Setup,Assembly & Packaging,Setup,,0,5,0
FIN-BRK-COR-SOF-72X34-RS-BR,,Assembly & Packaging,Assembly & Packaging,Process,,0,15,0
FIN-BRK-COR-SOF-72X34-RS-GR,,Quality Control,Quality Control,Process,,0,8,0
FIN-BRK-COR-SOF-72X34-RS-GR,,Assembly & Packaging Setup,Assembly & Packaging,Setup,,0,5,0
FIN-BRK-COR-SOF-72X34-RS-GR,,Assembly & Packaging,Assembly & Packaging,Process,,0,15,0
FIN-BRK-COR-SOF-72X34-RS-WH,,Quality Control,Quality Control,Process,,0,8,0
FIN-BRK-COR-SOF-72X34-RS-WH,,Assembly & Packaging Setup,Assembly & Packaging,Setup,,0,5,0
FIN-BRK-COR-SOF-72X34-RS-WH,,Assembly & Packaging,Assembly & Packaging,Process,,0,15,0
FIN-BRK-COR-SOF-84X34,,Quality Control,Quality Control,Process,,0,8,0
FIN-BRK-COR-SOF-84X34,,Assembly & Packaging Setup,Assembly & Packaging,Setup,,0,5,0
FIN-BRK-COR-SOF-84X34,,Assembly & Packaging,Assembly & Packaging,Process,,0,15,0
FIN-BRK-COR-SOF-84X34-LS,,Quality Control,Quality Control,Process,,0,8,0
FIN-BRK-COR-SOF-84X34-LS,,Assembly & Packaging Setup,Assembly & Packaging,Setup,,0,5,0
FIN-BRK-COR-SOF-84X34-LS,,Assembly & Packaging,Assembly & Packaging,Process,,0,15,0
FIN-BRK-COR-SOF-84X34-LS-BE,,Quality Control,Quality Control,Process,,0,8,0
FIN-BRK-COR-SOF-84X34-LS-BE,,Assembly & Packaging Setup,Assembly & Packaging,Setup,,0,5,0
FIN-BRK-COR-SOF-84X34-LS-BE,,Assembly & Packaging,Assembly & Packaging,Process,,0,15,0
FIN-BRK-COR-SOF-84X34-LS-BO,,Quality Control,Quality Control,Process,,0,8,0
FIN-BRK-COR-SOF-84X34-LS-BO,,Assembly & Packaging Setup,Assembly & Packaging,Setup,,0,5,0
FIN-BRK-COR-SOF-84X34-LS-BO,,Assembly & Packaging,Assembly & Packaging,Process,,0,15,0
FIN-BRK-COR-SOF-84X34-LS-BR,,Quality Control,Quality Control,Process,,0,8,0
FIN-BRK-COR-SOF-84X34-LS-BR,,Assembly & Packaging Setup,Assembly & Packaging,Setup,,0,5,0
FIN-BRK-COR-SOF-84X34-LS-BR,,Assembly & Packaging,Assembly & Packaging,Process,,0,15,0
FIN-BRK-COR-SOF-84X34-LS-GR,,Quality Control,Quality Control,Process,,0,8,0
FIN-BRK-COR-SOF-84X34-LS-GR,,Assembly & Packaging Setup,Assembly & Packaging,Setup,,0,5,0
FIN-BRK-COR-SOF-84X34-LS-GR,,Assembly & Packaging,Assembly & Packaging,Process,,0,15,0
FIN-BRK-COR-SOF-84X34-LS-WH,,Quality Control,Quality Control,Process,,0,8,0
FIN-BRK-COR-SOF-84X34-LS-WH,,Assembly & Packaging Setup,Assembly & Packaging,Setup,,0,5,0
FIN-BRK-COR-SOF-84X34-LS-WH,,Assembly & Packaging,Assembly & Packaging,Process,,0,15,0
FIN-BRK-COR-SOF-84X34-RS,,Quality Control,Quality Control,Process,,0,8,0
FIN-BRK-COR-SOF-84X34-RS,,Assembly & Packaging Setup,Assembly & Packaging,Setup,,0,5,0
FIN-BRK-COR-SOF-84X34-RS,,Assembly & Packaging,Assembly & Packaging,Process,,0,15,0
FIN-BRK-COR-SOF-84X34-RS-BE,,Quality Control,Quality Control,Process,,0,8,0
FIN-BRK-COR-SOF-84X34-RS-BE,,Assembly & Packaging Setup,Assembly & Packaging,Setup,,0,5,0
FIN-BRK-COR-SOF-84X34-RS-BE,,Assembly & Packaging,Assembly & Packaging,Process,,0,15,0
FIN-BRK-COR-SOF-84X34-RS-BO,,Quality Control,Quality Control,Process,,0,8,0
FIN-BRK-COR-SOF-84X34-RS-BO,,Assembly & Packaging Setup,Assembly & Packaging,Setup,,0,5,0
FIN-BRK-COR-SOF-84X34-RS-BO,,Assembly & Packaging,Assembly & Packaging,Process,,0,15,0
FIN-BRK-COR-SOF-84X34-RS-BR,,Quality Control,Quality Control,Process,,0,8,0
FIN-BRK-COR-SOF-84X34-RS-BR,,Assembly & Packaging Setup,Assembly & Packaging,Setup,,0,5,0
FIN-BRK-COR-SOF-84X34-RS-BR,,Assembly & Packaging,Assembly & Packaging,Process,,0,15,0
FIN-BRK-COR-SOF-84X34-RS-GR,,Quality Control,Quality Control,Process,,0,8,0
FIN-BRK-COR-SOF-84X34-RS-GR,,Assembly & Packaging Setup,Assembly & Packaging,Setup,,0,5,0
FIN-BRK-COR-SOF-84X34-RS-GR,,Assembly & Packaging,Assembly & Packaging,Process,,0,15,0
FIN-BRK-COR-SOF-84X34-RS-WH,,Quality Control,Quality Control,Process,,0,8,0
FIN-BRK-COR-SOF-84X34-RS-WH,,Assembly & Packaging Setup,Assembly & Packaging,Setup,,0,5,0
FIN-BRK-COR-SOF-84X34-RS-WH,,Assembly & Packaging,Assembly & Packaging,Process,,0,15,0
FIN-BRK-COR-SOF-96X34,,Quality Control,Quality Control,Process,,0,8,0
FIN-BRK-COR-SOF-96X34,,Assembly & Packaging Setup,Assembly & Packaging,Setup,,0,5,0
FIN-BRK-COR-SOF-96X34,,Assembly & Packaging,Assembly & Packaging,Process,,0,15,0
FIN-BRK-COR-SOF-96X34-LS,,Quality Control,Quality Control,Process,,0,8,0
FIN-BRK-COR-SOF-96X34-LS,,Assembly & Packaging Setup,Assembly & Packaging,Setup,,0,5,0
FIN-BRK-COR-SOF-96X34-LS,,Assembly & Packaging,Assembly & Packaging,Process,,0,15,0
FIN-BRK-COR-SOF-96X34-LS-BE,,Quality Control,Quality Control,Process,,0,8,0
FIN-BRK-COR-SOF-96X34-LS-BE,,Assembly & Packaging Setup,Assembly & Packaging,Setup,,0,5,0
FIN-BRK-COR-SOF-96X34-LS-BE,,Assembly & Packaging,Assembly & Packaging,Process,,0,15,0
FIN-BRK-COR-SOF-96X34-LS-BO,,Quality Control,Quality Control,Process,,0,8,0
FIN-BRK-COR-SOF-96X34-LS-BO,,Assembly & Packaging Setup,Assembly & Packaging,Setup,,0,5,0
FIN-BRK-COR-SOF-96X34-LS-BO,,Assembly & Packaging,Assembly & Packaging,Process,,0,15,0
FIN-BRK-COR-SOF-96X34-LS-BR,,Quality Control,Quality Control,Process,,0,8,0
FIN-BRK-COR-SOF-96X34-LS-BR,,Assembly & Packaging Setup,Assembly & Packaging,Setup,,0,5,0
FIN-BRK-COR-SOF-96X34-LS-BR,,Assembly & Packaging,Assembly & Packaging,Process,,0,15,0
FIN-BRK-COR-SOF-96X34-LS-GR,,Quality Control,Quality Control,Process,,0,8,0
FIN-BRK-COR-SOF-96X34-LS-GR,,Assembly & Packaging Setup,Assembly & Packaging,Setup,,0,5,0
FIN-BRK-COR-SOF-96X34-LS-GR,,Assembly & Packaging,Assembly & Packaging,Process,,0,15,0
FIN-BRK-COR-SOF-96X34-LS-WH,,Quality Control,Quality Control,Process,,0,8,0
FIN-BRK-COR-SOF-96X34-LS-WH,,Assembly & Packaging Setup,Assembly & Packaging,Setup,,0,5,0
FIN-BRK-COR-SOF-96X34-LS-WH,,Assembly & Packaging,Assembly & Packaging,Process,,0,15,0
FIN-BRK-COR-SOF-96X34-RS,,Quality Control,Quality Control,Process,,0,8,0
FIN-BRK-COR-SOF-96X34-RS,,Assembly & Packaging Setup,Assembly & Packaging,Setup,,0,5,0
FIN-BRK-COR-SOF-96X34-RS,,Assembly & Packaging,Assembly & Packaging,Process,,0,15,0
FIN-BRK-COR-SOF-96X34-RS-BE,,Quality Control,Quality Control,Process,,0,8,0
FIN-BRK-COR-SOF-96X34-RS-BE,,Assembly & Packaging Setup,Assembly & Packaging,Setup,,0,5,0
FIN-BRK-COR-SOF-96X34-RS-BE,,Assembly & Packaging,Assembly & Packaging,Process,,0,15,0
FIN-BRK-COR-SOF-96X34-RS-BO,,Quality Control,Quality Control,Process,,0,8,0
FIN-BRK-COR-SOF-96X34-RS-BO,,Assembly & Packaging Setup,Assembly & Packaging,Setup,,0,5,0
FIN-BRK-COR-SOF-96X34-RS-BO,,Assembly & Packaging,Assembly & Packaging,Process,,0,15,0
FIN-BRK-COR-SOF-96X34-RS-BR,,Quality Control,Quality Control,Process,,0,8,0
FIN-BRK-COR-SOF-96X34-RS-BR,,Assembly & Packaging Setup,Assembly & Packaging,Setup,,0,5,0
FIN-BRK-COR-SOF-96X34-RS-BR,,Assembly & Packaging,Assembly & Packaging,Process,,0,15,0
FIN-BRK-COR-SOF-96X34-RS-GR,,Quality Control,Quality Control,Process,,0,8,0
FIN-BRK-COR-SOF-96X34-RS-GR,,Assembly & Packaging Setup,Assembly & Packaging,Setup,,0,5,0
FIN-BRK-COR-SOF-96X34-RS-GR,,Assembly & Packaging,Assembly & Packaging,Process,,0,15,0
FIN-BRK-COR-SOF-96X34-RS-WH,,Quality Control,Quality Control,Process,,0,8,0
FIN-BRK-COR-SOF-96X34-RS-WH,,Assembly & Packaging Setup,Assembly & Packaging,Setup,,0,5,0
FIN-BRK-COR-SOF-96X34-RS-WH,,Assembly & Packaging,Assembly & Packaging,Process,,0,15,0
FIN-BRK-DIN-TAB-120X28,,Quality Control,Quality Control,Process,,0,8,0
FIN-BRK-DIN-TAB-120X28,,Assembly & Packaging Setup,Assembly & Packaging,Setup,,0,5,0
FIN-BRK-DIN-TAB-120X28,,Assembly & Packaging,Assembly & Packaging,Process,,0,15,0
FIN-BRK-DIN-TAB-120X36,,Quality Control,Quality Control,Process,,0,8,0
FIN-BRK-DIN-TAB-120X36,,Assembly & Packaging Setup,Assembly & Packaging,Setup,,0,5,0
FIN-BRK-DIN-TAB-120X36,,Assembly & Packaging,Assembly & Packaging,Process,,0,15,0
FIN-BRK-DIN-TAB-28X120,,Quality Control,Quality Control,Process,,0,8,0
FIN-BRK-DIN-TAB-28X120,,Assembly & Packaging Setup,Assembly & Packaging,Setup,,0,5,0
FIN-BRK-DIN-TAB-28X120,,Assembly & Packaging,Assembly & Packaging,Process,,0,15,0
FIN-BRK-DIN-TAB-28X72,,Quality Control,Quality Control,Process,,0,8,0
FIN-BRK-DIN-TAB-28X72,,Assembly & Packaging Setup,Assembly & Packaging,Setup,,0,5,0
FIN-BRK-DIN-TAB-28X72,,Assembly & Packaging,Assembly & Packaging,Process,,0,15,0
FIN-BRK-DIN-TAB-28X96,,Quality Control,Quality Control,Process,,0,8,0
FIN-BRK-DIN-TAB-28X96,,Assembly & Packaging Setup,Assembly & Packaging,Setup,,0,5,0
FIN-BRK-DIN-TAB-28X96,,Assembly & Packaging,Assembly & Packaging,Process,,0,15,0
FIN-BRK-DIN-TAB-36X120,,Quality Control,Quality Control,Process,,0,8,0
FIN-BRK-DIN-TAB-36X120,,Assembly & Packaging Setup,Assembly & Packaging,Setup,,0,5,0
FIN-BRK-DIN-TAB-36X120,,Assembly & Packaging,Assembly & Packaging,Process,,0,15,0
FIN-BRK-DIN-TAB-36X36,,Quality Control,Quality Control,Process,,0,8,0
FIN-BRK-DIN-TAB-36X36,,Assembly & Packaging Setup,Assembly & Packaging,Setup,,0,5,0
FIN-BRK-DIN-TAB-36X36,,Assembly & Packaging,Assembly & Packaging,Process,,0,15,0
FIN-BRK-DIN-TAB-36X72,,Quality Control,Quality Control,Process,,0,8,0
FIN-BRK-DIN-TAB-36X72,,Assembly & Packaging Setup,Assembly & Packaging,Setup,,0,5,0
FIN-BRK-DIN-TAB-36X72,,Assembly & Packaging,Assembly & Packaging,Process,,0,15,0
FIN-BRK-DIN-TAB-36X72-STARLEG,,Quality Control,Quality Control,Process,,0,8,0
FIN-BRK-DIN-TAB-36X72-STARLEG,,Assembly & Packaging Setup,Assembly & Packaging,Setup,,0,5,0
FIN-BRK-DIN-TAB-36X72-STARLEG,,Assembly & Packaging,Assembly & Packaging,Process,,0,15,0
FIN-BRK-DIN-TAB-36X96,,Quality Control,Quality Control,Process,,0,8,0
FIN-BRK-DIN-TAB-36X96,,Assembly & Packaging Setup,Assembly & Packaging,Setup,,0,5,0
FIN-BRK-DIN-TAB-36X96,,Assembly & Packaging,Assembly & Packaging,Process,,0,15,0
FIN-BRK-DIN-TAB-42X42,,Quality Control,Quality Control,Process,,0,8,0
FIN-BRK-DIN-TAB-42X42,,Assembly & Packaging Setup,Assembly & Packaging,Setup,,0,5,0
FIN-BRK-DIN-TAB-42X42,,Assembly & Packaging,Assembly & Packaging,Process,,0,15,0
FIN-BRK-DIN-TAB-72X28,,Quality Control,Quality Control,Process,,0,8,0
FIN-BRK-DIN-TAB-72X28,,Assembly & Packaging Setup,Assembly & Packaging,Setup,,0,5,0
FIN-BRK-DIN-TAB-72X28,,Assembly & Packaging,Assembly & Packaging,Process,,0,15,0
FIN-BRK-DIN-TAB-72X36,,Quality Control,Quality Control,Process,,0,8,0
FIN-BRK-DIN-TAB-72X36,,Assembly & Packaging Setup,Assembly & Packaging,Setup,,0,5,0
FIN-BRK-DIN-TAB-72X36,,Assembly & Packaging,Assembly & Packaging,Process,,0,15,0
FIN-BRK-DIN-TAB-96X28,,Quality Control,Quality Control,Process,,0,8,0
FIN-BRK-DIN-TAB-96X28,,Assembly & Packaging Setup,Assembly & Packaging,Setup,,0,5,0
FIN-BRK-DIN-TAB-96X28,,Assembly & Packaging,Assembly & Packaging,Process,,0,15,0
FIN-BRK-DIN-TAB-96X36,,Quality Control,Quality Control,Process,,0,8,0
FIN-BRK-DIN-TAB-96X36,,Assembly & Packaging Setup,Assembly & Packaging,Setup,,0,5,0
FIN-BRK-DIN-TAB-96X36,,Assembly & Packaging,Assembly & Packaging,Process,,0,15,0
FIN-BRK-DOU-CHS-58X79,,Quality Control,Quality Control,Process,,0,8,0
FIN-BRK-DOU-CHS-58X79,,Assembly & Packaging Setup,Assembly & Packaging,Setup,,0,5,0
FIN-BRK-DOU-CHS-58X79,,Assembly & Packaging,Assembly & Packaging,Process,,0,15,0
FIN-BRK-DOU-CHS-58X79-BE,,Quality Control,Quality Control,Process,,0,8,0
FIN-BRK-DOU-CHS-58X79-BE,,Assembly & Packaging Setup,Assembly & Packaging,Setup,,0,5,0
FIN-BRK-DOU-CHS-58X79-BE,,Assembly & Packaging,Assembly & Packaging,Process,,0,15,0
FIN-BRK-DOU-CHS-58X79-BO,,Quality Control,Quality Control,Process,,0,8,0
FIN-BRK-DOU-CHS-58X79-BO,,Assembly & Packaging Setup,Assembly & Packaging,Setup,,0,5,0
FIN-BRK-DOU-CHS-58X79-BO,,Assembly & Packaging,Assembly & Packaging,Process,,0,15,0
FIN-BRK-DOU-CHS-58X79-BR,,Quality Control,Quality Control,Process,,0,8,0
FIN-BRK-DOU-CHS-58X79-BR,,Assembly & Packaging Setup,Assembly & Packaging,Setup,,0,5,0
FIN-BRK-DOU-CHS-58X79-BR,,Assembly & Packaging,Assembly & Packaging,Process,,0,15,0
FIN-BRK-DOU-CHS-58X79-GR,,Quality Control,Quality Control,Process,,0,8,0
FIN-BRK-DOU-CHS-58X79-GR,,Assembly & Packaging Setup,Assembly & Packaging,Setup,,0,5,0
FIN-BRK-DOU-CHS-58X79-GR,,Assembly & Packaging,Assembly & Packaging,Process,,0,15,0
FIN-BRK-DOU-CHS-58X79-WH,,Quality Control,Quality Control,Process,,0,8,0
FIN-BRK-DOU-CHS-58X79-WH,,Assembly & Packaging Setup,Assembly & Packaging,Setup,,0,5,0
FIN-BRK-DOU-CHS-58X79-WH,,Assembly & Packaging,Assembly & Packaging,Process,,0,15,0
FIN-BRK-LOV-SOF,,Quality Control,Quality Control,Process,,0,8,0
FIN-BRK-LOV-SOF,,Assembly & Packaging Setup,Assembly & Packaging,Setup,,0,5,0
FIN-BRK-LOV-SOF,,Assembly & Packaging,Assembly & Packaging,Process,,0,15,0
FIN-BRK-LOV-SOF-BE,,Quality Control,Quality Control,Process,,0,8,0
FIN-BRK-LOV-SOF-BE,,Assembly & Packaging Setup,Assembly & Packaging,Setup,,0,5,0
FIN-BRK-LOV-SOF-BE,,Assembly & Packaging,Assembly & Packaging,Process,,0,15,0
FIN-BRK-LOV-SOF-BO,,Quality Control,Quality Control,Process,,0,8,0
FIN-BRK-LOV-SOF-BO,,Assembly & Packaging Setup,Assembly & Packaging,Setup,,0,5,0
FIN-BRK-LOV-SOF-BO,,Assembly & Packaging,Assembly & Packaging,Process,,0,15,0
FIN-BRK-LOV-SOF-BR,,Quality Control,Quality Control,Process,,0,8,0
FIN-BRK-LOV-SOF-BR,,Assembly & Packaging Setup,Assembly & Packaging,Setup,,0,5,0
FIN-BRK-LOV-SOF-BR,,Assembly & Packaging,Assembly & Packaging,Process,,0,15,0
FIN-BRK-LOV-SOF-GR,,Quality Control,Quality Control,Process,,0,8,0
FIN-BRK-LOV-SOF-GR,,Assembly & Packaging Setup,Assembly & Packaging,Setup,,0,5,0
FIN-BRK-LOV-SOF-GR,,Assembly & Packaging,Assembly & Packaging,Process,,0,15,0
FIN-BRK-LOV-SOF-WH,,Quality Control,Quality Control,Process,,0,8,0
FIN-BRK-LOV-SOF-WH,,Assembly & Packaging Setup,Assembly & Packaging,Setup,,0,5,0
FIN-BRK-LOV-SOF-WH,,Assembly & Packaging,Assembly & Packaging,Process,,0,15,0
FIN-BRK-OTT-22X42,,Quality Control,Quality Control,Process,,0,8,0
FIN-BRK-OTT-22X42,,Assembly & Packaging Setup,Assembly & Packaging,Setup,,0,5,0
FIN-BRK-OTT-22X42,,Assembly & Packaging,Assembly & Packaging,Process,,0,15,0
FIN-BRK-OTT-22X60,,Quality Control,Quality Control,Process,,0,8,0
FIN-BRK-OTT-22X60,,Assembly & Packaging Setup,Assembly & Packaging,Setup,,0,5,0
FIN-BRK-OTT-22X60,,Assembly & Packaging,Assembly & Packaging,Process,,0,15,0
FIN-BRK-OTT-22X72,,Quality Control,Quality Control,Process,,0,8,0
FIN-BRK-OTT-22X72,,Assembly & Packaging Setup,Assembly & Packaging,Setup,,0,5,0
FIN-BRK-OTT-22X72,,Assembly & Packaging,Assembly & Packaging,Process,,0,15,0
FIN-BRK-OTT-34X34,,Quality Control,Quality Control,Process,,0,8,0
FIN-BRK-OTT-34X34,,Assembly & Packaging Setup,Assembly & Packaging,Setup,,0,5,0
FIN-BRK-OTT-34X34,,Assembly & Packaging,Assembly & Packaging,Process,,0,15,0
FIN-BRK-OTT-34X42,,Quality Control,Quality Control,Process,,0,8,0
FIN-BRK-OTT-34X42,,Assembly & Packaging Setup,Assembly & Packaging,Setup,,0,5,0
FIN-BRK-OTT-34X42,,Assembly & Packaging,Assembly & Packaging,Process,,0,15,0
FIN-BRK-OTT-34X60,,Quality Control,Quality Control,Process,,0,8,0
FIN-BRK-OTT-34X60,,Assembly & Packaging Setup,Assembly & Packaging,Setup,,0,5,0
FIN-BRK-OTT-34X60,,Assembly & Packaging,Assembly & Packaging,Process,,0,15,0
FIN-BRK-OTT-34X72,,Quality Control,Quality Control,Process,,0,8,0
FIN-BRK-OTT-34X72,,Assembly & Packaging Setup,Assembly & Packaging,Setup,,0,5,0
FIN-BRK-OTT-34X72,,Assembly & Packaging,Assembly & Packaging,Process,,0,15,0
FIN-BRK-OTT-42X22,,Quality Control,Quality Control,Process,,0,8,0
FIN-BRK-OTT-42X22,,Assembly & Packaging Setup,Assembly & Packaging,Setup,,0,5,0
FIN-BRK-OTT-42X22,,Assembly & Packaging,Assembly & Packaging,Process,,0,15,0
FIN-BRK-OTT-42X34,,Quality Control,Quality Control,Process,,0,8,0
FIN-BRK-OTT-42X34,,Assembly & Packaging Setup,Assembly & Packaging,Setup,,0,5,0
FIN-BRK-OTT-42X34,,Assembly & Packaging,Assembly & Packaging,Process,,0,15,0
FIN-BRK-OTT-56X42,,Quality Control,Quality Control,Process,,0,8,0
FIN-BRK-OTT-56X42,,Assembly & Packaging Setup,Assembly & Packaging,Setup,,0,5,0
FIN-BRK-OTT-56X42,,Assembly & Packaging,Assembly & Packaging,Process,,0,15,0
FIN-BRK-OTT-60X22,,Quality Control,Quality Control,Process,,0,8,0
FIN-BRK-OTT-60X22,,Assembly & Packaging Setup,Assembly & Packaging,Setup,,0,5,0
FIN-BRK-OTT-60X22,,Assembly & Packaging,Assembly & Packaging,Process,,0,15,0
FIN-BRK-OTT-60X34,,Quality Control,Quality Control,Process,,0,8,0
FIN-BRK-OTT-60X34,,Assembly & Packaging Setup,Assembly & Packaging,Setup,,0,5,0
FIN-BRK-OTT-60X34,,Assembly & Packaging,Assembly & Packaging,Process,,0,15,0
FIN-BRK-OTT-72X22,,Quality Control,Quality Control,Process,,0,8,0
FIN-BRK-OTT-72X22,,Assembly & Packaging Setup,Assembly & Packaging,Setup,,0,5,0
FIN-BRK-OTT-72X22,,Assembly & Packaging,Assembly & Packaging,Process,,0,15,0
FIN-BRK-OTT-72X34,,Quality Control,Quality Control,Process,,0,8,0
FIN-BRK-OTT-72X34,,Assembly & Packaging Setup,Assembly & Packaging,Setup,,0,5,0
FIN-BRK-OTT-72X34,,Assembly & Packaging,Assembly & Packaging,Process,,0,15,0
FIN-BRK-SGL-CHS-38X79,,Quality Control,Quality Control,Process,,0,8,0
FIN-BRK-SGL-CHS-38X79,,Assembly & Packaging Setup,Assembly & Packaging,Setup,,0,5,0
FIN-BRK-SGL-CHS-38X79,,Assembly & Packaging,Assembly & Packaging,Process,,0,15,0
FIN-BRK-SGL-CHS-38X79-BE,,Quality Control,Quality Control,Process,,0,8,0
FIN-BRK-SGL-CHS-38X79-BE,,Assembly & Packaging Setup,Assembly & Packaging,Setup,,0,5,0
FIN-BRK-SGL-CHS-38X79-BE,,Assembly & Packaging,Assembly & Packaging,Process,,0,15,0
FIN-BRK-SGL-CHS-38X79-BO,,Quality Control,Quality Control,Process,,0,8,0
FIN-BRK-SGL-CHS-38X79-BO,,Assembly & Packaging Setup,Assembly & Packaging,Setup,,0,5,0
FIN-BRK-SGL-CHS-38X79-BO,,Assembly & Packaging,Assembly & Packaging,Process,,0,15,0
FIN-BRK-SGL-CHS-38X79-BR,,Quality Control,Quality Control,Process,,0,8,0
FIN-BRK-SGL-CHS-38X79-BR,,Assembly & Packaging Setup,Assembly & Packaging,Setup,,0,5,0
FIN-BRK-SGL-CHS-38X79-BR,,Assembly & Packaging,Assembly & Packaging,Process,,0,15,0
FIN-BRK-SGL-CHS-38X79-GR,,Quality Control,Quality Control,Process,,0,8,0
FIN-BRK-SGL-CHS-38X79-GR,,Assembly & Packaging Setup,Assembly & Packaging,Setup,,0,5,0
FIN-BRK-SGL-CHS-38X79-GR,,Assembly & Packaging,Assembly & Packaging,Process,,0,15,0
FIN-BRK-SGL-CHS-38X79-WH,,Quality Control,Quality Control,Process,,0,8,0
FIN-BRK-SGL-CHS-38X79-WH,,Assembly & Packaging Setup,Assembly & Packaging,Setup,,0,5,0
FIN-BRK-SGL-CHS-38X79-WH,,Assembly & Packaging,Assembly & Packaging,Process,,0,15,0
FIN-BRK-SOF-60X34,,Quality Control,Quality Control,Process,,0,8,0
FIN-BRK-SOF-60X34,,Assembly & Packaging Setup,Assembly & Packaging,Setup,,0,5,0
FIN-BRK-SOF-60X34,,Assembly & Packaging,Assembly & Packaging,Process,,0,15,0
FIN-BRK-SOF-72X34,,Quality Control,Quality Control,Process,,0,8,0
FIN-BRK-SOF-72X34,,Assembly & Packaging Setup,Assembly & Packaging,Setup,,0,5,0
FIN-BRK-SOF-72X34,,Assembly & Packaging,Assembly & Packaging,Process,,0,15,0
FIN-BRK-SOF-72X34-BE,,Quality Control,Quality Control,Process,,0,8,0
FIN-BRK-SOF-72X34-BE,,Assembly & Packaging Setup,Assembly & Packaging,Setup,,0,5,0
FIN-BRK-SOF-72X34-BE,,Assembly & Packaging,Assembly & Packaging,Process,,0,15,0
FIN-BRK-SOF-72X34-BO,,Quality Control,Quality Control,Process,,0,8,0
FIN-BRK-SOF-72X34-BO,,Assembly & Packaging Setup,Assembly & Packaging,Setup,,0,5,0
FIN-BRK-SOF-72X34-BO,,Assembly & Packaging,Assembly & Packaging,Process,,0,15,0
FIN-BRK-SOF-72X34-BR,,Quality Control,Quality Control,Process,,0,8,0
FIN-BRK-SOF-72X34-BR,,Assembly & Packaging Setup,Assembly & Packaging,Setup,,0,5,0
FIN-BRK-SOF-72X34-BR,,Assembly & Packaging,Assembly & Packaging,Process,,0,15,0
FIN-BRK-SOF-72X34-GR,,Quality Control,Quality Control,Process,,0,8,0
FIN-BRK-SOF-72X34-GR,,Assembly & Packaging Setup,Assembly & Packaging,Setup,,0,5,0
FIN-BRK-SOF-72X34-GR,,Assembly & Packaging,Assembly & Packaging,Process,,0,15,0
FIN-BRK-SOF-72X34-WH,,Quality Control,Quality Control,Process,,0,8,0
FIN-BRK-SOF-72X34-WH,,Assembly & Packaging Setup,Assembly & Packaging,Setup,,0,5,0
FIN-BRK-SOF-72X34-WH,,Assembly & Packaging,Assembly & Packaging,Process,,0,15,0
FIN-BRK-SOF-84X34,,Quality Control,Quality Control,Process,,0,8,0
FIN-BRK-SOF-84X34,,Assembly & Packaging Setup,Assembly & Packaging,Setup,,0,5,0
FIN-BRK-SOF-84X34,,Assembly & Packaging,Assembly & Packaging,Process,,0,15,0
FIN-BRK-SOF-84X34-BE,,Quality Control,Quality Control,Process,,0,8,0
FIN-BRK-SOF-84X34-BE,,Assembly & Packaging Setup,Assembly & Packaging,Setup,,0,5,0
FIN-BRK-SOF-84X34-BE,,Assembly & Packaging,Assembly & Packaging,Process,,0,15,0
FIN-BRK-SOF-84X34-BO,,Quality Control,Quality Control,Process,,0,8,0
FIN-BRK-SOF-84X34-BO,,Assembly & Packaging Setup,Assembly & Packaging,Setup,,0,5,0
FIN-BRK-SOF-84X34-BO,,Assembly & Packaging,Assembly & Packaging,Process,,0,15,0
FIN-BRK-SOF-84X34-BR,,Quality Control,Quality Control,Process,,0,8,0
FIN-BRK-SOF-84X34-BR,,Assembly & Packaging Setup,Assembly & Packaging,Setup,,0,5,0
FIN-BRK-SOF-84X34-BR,,Assembly & Packaging,Assembly & Packaging,Process,,0,15,0
FIN-BRK-SOF-84X34-GR,,Quality Control,Quality Control,Process,,0,8,0
FIN-BRK-SOF-84X34-GR,,Assembly & Packaging Setup,Assembly & Packaging,Setup,,0,5,0
FIN-BRK-SOF-84X34-GR,,Assembly & Packaging,Assembly & Packaging,Process,,0,15,0
FIN-BRK-SOF-84X34-WH,,Quality Control,Quality Control,Process,,0,8,0
FIN-BRK-SOF-84X34-WH,,Assembly & Packaging Setup,Assembly & Packaging,Setup,,0,5,0
FIN-BRK-SOF-84X34-WH,,Assembly & Packaging,Assembly & Packaging,Process,,0,15,0
FIN-BRK-SOF-96X34,,Quality Control,Quality Control,Process,,0,8,0
FIN-BRK-SOF-96X34,,Assembly & Packaging Setup,Assembly & Packaging,Setup,,0,5,0
FIN-BRK-SOF-96X34,,Assembly & Packaging,Assembly & Packaging,Process,,0,15,0
FIN-BRK-SOF-96X34-BE,,Quality Control,Quality Control,Process,,0,8,0
FIN-BRK-SOF-96X34-BE,,Assembly & Packaging Setup,Assembly & Packaging,Setup,,0,5,0
FIN-BRK-SOF-96X34-BE,,Assembly & Packaging,Assembly & Packaging,Process,,0,15,0
FIN-BRK-SOF-96X34-BO,,Quality Control,Quality Control,Process,,0,8,0
FIN-BRK-SOF-96X34-BO,,Assembly & Packaging Setup,Assembly & Packaging,Setup,,0,5,0
FIN-BRK-SOF-96X34-BO,,Assembly & Packaging,Assembly & Packaging,Process,,0,15,0
FIN-BRK-SOF-96X34-BR,,Quality Control,Quality Control,Process,,0,8,0
FIN-BRK-SOF-96X34-BR,,Assembly & Packaging Setup,Assembly & Packaging,Setup,,0,5,0
FIN-BRK-SOF-96X34-BR,,Assembly & Packaging,Assembly & Packaging,Process,,0,15,0
FIN-BRK-SOF-96X34-GR,,Quality Control,Quality Control,Process,,0,8,0
FIN-BRK-SOF-96X34-GR,,Assembly & Packaging Setup,Assembly & Packaging,Setup,,0,5,0
FIN-BRK-SOF-96X34-GR,,Assembly & Packaging,Assembly & Packaging,Process,,0,15,0
FIN-BRK-SOF-96X34-WH,,Quality Control,Quality Control,Process,,0,8,0
FIN-BRK-SOF-96X34-WH,,Assembly & Packaging Setup,Assembly & Packaging,Setup,,0,5,0
FIN-BRK-SOF-96X34-WH,,Assembly & Packaging,Assembly & Packaging,Process,,0,15,0
FIN-BRK-TRA-DOU-CHS-48X72,,Quality Control,Quality Control,Process,,0,8,0
FIN-BRK-TRA-DOU-CHS-48X72,,Assembly & Packaging Setup,Assembly & Packaging,Setup,,0,5,0
FIN-BRK-TRA-DOU-CHS-48X72,,Assembly & Packaging,Assembly & Packaging,Process,,0,15,0
FIN-BRK-TRA-DOU-CHS-48X72-BE,,Quality Control,Quality Control,Process,,0,8,0
FIN-BRK-TRA-DOU-CHS-48X72-BE,,Assembly & Packaging Setup,Assembly & Packaging,Setup,,0,5,0
FIN-BRK-TRA-DOU-CHS-48X72-BE,,Assembly & Packaging,Assembly & Packaging,Process,,0,15,0
FIN-BRK-TRA-DOU-CHS-48X72-BO,,Quality Control,Quality Control,Process,,0,8,0
FIN-BRK-TRA-DOU-CHS-48X72-BO,,Assembly & Packaging Setup,Assembly & Packaging,Setup,,0,5,0
FIN-BRK-TRA-DOU-CHS-48X72-BO,,Assembly & Packaging,Assembly & Packaging,Process,,0,15,0
FIN-BRK-TRA-DOU-CHS-48X72-BR,,Quality Control,Quality Control,Process,,0,8,0
FIN-BRK-TRA-DOU-CHS-48X72-BR,,Assembly & Packaging Setup,Assembly & Packaging,Setup,,0,5,0
FIN-BRK-TRA-DOU-CHS-48X72-BR,,Assembly & Packaging,Assembly & Packaging,Process,,0,15,0
FIN-BRK-TRA-DOU-CHS-48X72-GR,,Quality Control,Quality Control,Process,,0,8,0
FIN-BRK-TRA-DOU-CHS-48X72-GR,,Assembly & Packaging Setup,Assembly & Packaging,Setup,,0,5,0
FIN-BRK-TRA-DOU-CHS-48X72-GR,,Assembly & Packaging,Assembly & Packaging,Process,,0,15,0
FIN-BRK-TRA-DOU-CHS-48X72-WH,,Quality Control,Quality Control,Process,,0,8,0
FIN-BRK-TRA-DOU-CHS-48X72-WH,,Assembly & Packaging Setup,Assembly & Packaging,Setup,,0,5,0
FIN-BRK-TRA-DOU-CHS-48X72-WH,,Assembly & Packaging,Assembly & Packaging,Process,,0,15,0
FIN-BRK-TRA-SGL-CHS-36X72,,Quality Control,Quality Control,Process,,0,8,0
FIN-BRK-TRA-SGL-CHS-36X72,,Assembly & Packaging Setup,Assembly & Packaging,Setup,,0,5,0
FIN-BRK-TRA-SGL-CHS-36X72,,Assembly & Packaging,Assembly & Packaging,Process,,0,15,0
FIN-BRK-TRA-SGL-CHS-36X72-BE,,Quality Control,Quality Control,Process,,0,8,0
FIN-BRK-TRA-SGL-CHS-36X72-BE,,Assembly & Packaging Setup,Assembly & Packaging,Setup,,0,5,0
FIN-BRK-TRA-SGL-CHS-36X72-BE,,Assembly & Packaging,Assembly & Packaging,Process,,0,15,0
FIN-BRK-TRA-SGL-CHS-36X72-BO,,Quality Control,Quality Control,Process,,0,8,0
FIN-BRK-TRA-SGL-CHS-36X72-BO,,Assembly & Packaging Setup,Assembly & Packaging,Setup,,0,5,0
FIN-BRK-TRA-SGL-CHS-36X72-BO,,Assembly & Packaging,Assembly & Packaging,Process,,0,15,0
FIN-BRK-TRA-SGL-CHS-36X72-BR,,Quality Control,Quality Control,Process,,0,8,0
FIN-BRK-TRA-SGL-CHS-36X72-BR,,Assembly & Packaging Setup,Assembly & Packaging,Setup,,0,5,0
FIN-BRK-TRA-SGL-CHS-36X72-BR,,Assembly & Packaging,Assembly & Packaging,Process,,0,15,0
FIN-BRK-TRA-SGL-CHS-36X72-GR,,Quality Control,Quality Control,Process,,0,8,0
FIN-BRK-TRA-SGL-CHS-36X72-GR,,Assembly & Packaging Setup,Assembly & Packaging,Setup,,0,5,0
FIN-BRK-TRA-SGL-CHS-36X72-GR,,Assembly & Packaging,Assembly & Packaging,Process,,0,15,0
FIN-BRK-TRA-SGL-CHS-36X72-WH,,Quality Control,Quality Control,Process,,0,8,0
FIN-BRK-TRA-SGL-CHS-36X72-WH,,Assembly & Packaging Setup,Assembly & Packaging,Setup,,0,5,0
FIN-BRK-TRA-SGL-CHS-36X72-WH,,Assembly & Packaging,Assembly & Packaging,Process,,0,15,0
FIN-BRV-ARM-LOV-60,,Quality Control,Quality Control,Process,,0,8,0
FIN-BRV-ARM-LOV-60,,Assembly & Packaging Setup,Assembly & Packaging,Setup,,0,5,0
FIN-BRV-ARM-LOV-60,,Assembly & Packaging,Assembly & Packaging,Process,,0,15,0
FIN-BRV-ARM-LOV-60-BE,,Quality Control,Quality Control,Process,,0,8,0
FIN-BRV-ARM-LOV-60-BE,,Assembly & Packaging Setup,Assembly & Packaging,Setup,,0,5,0
FIN-BRV-ARM-LOV-60-BE,,Assembly & Packaging,Assembly & Packaging,Process,,0,15,0
FIN-BRV-ARM-LOV-60-BO,,Quality Control,Quality Control,Process,,0,8,0
FIN-BRV-ARM-LOV-60-BO,,Assembly & Packaging Setup,Assembly & Packaging,Setup,,0,5,0
FIN-BRV-ARM-LOV-60-BO,,Assembly & Packaging,Assembly & Packaging,Process,,0,15,0
FIN-BRV-ARM-LOV-60-BR,,Quality Control,Quality Control,Process,,0,8,0
FIN-BRV-ARM-LOV-60-BR,,Assembly & Packaging Setup,Assembly & Packaging,Setup,,0,5,0
FIN-BRV-ARM-LOV-60-BR,,Assembly & Packaging,Assembly & Packaging,Process,,0,15,0
FIN-BRV-ARM-LOV-60-GR,,Quality Control,Quality Control,Process,,0,8,0
FIN-BRV-ARM-LOV-60-GR,,Assembly & Packaging Setup,Assembly & Packaging,Setup,,0,5,0
FIN-BRV-ARM-LOV-60-GR,,Assembly & Packaging,Assembly & Packaging,Process,,0,15,0
FIN-BRV-ARM-LOV-60-WH,,Quality Control,Quality Control,Process,,0,8,0
FIN-BRV-ARM-LOV-60-WH,,Assembly & Packaging Setup,Assembly & Packaging,Setup,,0,5,0
FIN-BRV-ARM-LOV-60-WH,,Assembly & Packaging,Assembly & Packaging,Process,,0,15,0
FIN-BRV-ARM-SOF-34X34,,Quality Control,Quality Control,Process,,0,8,0
FIN-BRV-ARM-SOF-34X34,,Assembly & Packaging Setup,Assembly & Packaging,Setup,,0,5,0
FIN-BRV-ARM-SOF-34X34,,Assembly & Packaging,Assembly & Packaging,Process,,0,15,0
FIN-BRV-ARM-SOF-72,,Quality Control,Quality Control,Process,,0,8,0
FIN-BRV-ARM-SOF-72,,Assembly & Packaging Setup,Assembly & Packaging,Setup,,0,5,0
FIN-BRV-ARM-SOF-72,,Assembly & Packaging,Assembly & Packaging,Process,,0,15,0
FIN-BRV-ARM-SOF-72-BE,,Quality Control,Quality Control,Process,,0,8,0
FIN-BRV-ARM-SOF-72-BE,,Assembly & Packaging Setup,Assembly & Packaging,Setup,,0,5,0
FIN-BRV-ARM-SOF-72-BE,,Assembly & Packaging,Assembly & Packaging,Process,,0,15,0
FIN-BRV-ARM-SOF-72-BO,,Quality Control,Quality Control,Process,,0,8,0
FIN-BRV-ARM-SOF-72-BO,,Assembly & Packaging Setup,Assembly & Packaging,Setup,,0,5,0
FIN-BRV-ARM-SOF-72-BO,,Assembly & Packaging,Assembly & Packaging,Process,,0,15,0
FIN-BRV-ARM-SOF-72-BR,,Quality Control,Quality Control,Process,,0,8,0
FIN-BRV-ARM-SOF-72-BR,,Assembly & Packaging Setup,Assembly & Packaging,Setup,,0,5,0
FIN-BRV-ARM-SOF-72-BR,,Assembly & Packaging,Assembly & Packaging,Process,,0,15,0
FIN-BRV-ARM-SOF-72-GR,,Quality Control,Quality Control,Process,,0,8,0
FIN-BRV-ARM-SOF-72-GR,,Assembly & Packaging Setup,Assembly & Packaging,Setup,,0,5,0
FIN-BRV-ARM-SOF-72-GR,,Assembly & Packaging,Assembly & Packaging,Process,,0,15,0
FIN-BRV-ARM-SOF-72-WH,,Quality Control,Quality Control,Process,,0,8,0
FIN-BRV-ARM-SOF-72-WH,,Assembly & Packaging Setup,Assembly & Packaging,Setup,,0,5,0
FIN-BRV-ARM-SOF-72-WH,,Assembly & Packaging,Assembly & Packaging,Process,,0,15,0
FIN-BRV-ARM-SOF-72X34,,Quality Control,Quality Control,Process,,0,8,0
FIN-BRV-ARM-SOF-72X34,,Assembly & Packaging Setup,Assembly & Packaging,Setup,,0,5,0
FIN-BRV-ARM-SOF-72X34,,Assembly & Packaging,Assembly & Packaging,Process,,0,15,0
FIN-BRV-ARM-SOF-72X34-ARMLESSSOFA,,Quality Control,Quality Control,Process,,0,8,0
FIN-BRV-ARM-SOF-72X34-ARMLESSSOFA,,Assembly & Packaging Setup,Assembly & Packaging,Setup,,0,5,0
FIN-BRV-ARM-SOF-72X34-ARMLESSSOFA,,Assembly & Packaging,Assembly & Packaging,Process,,0,15,0
FIN-BRV-ARM-SOF-84,,Quality Control,Quality Control,Process,,0,8,0
FIN-BRV-ARM-SOF-84,,Assembly & Packaging Setup,Assembly & Packaging,Setup,,0,5,0
FIN-BRV-ARM-SOF-84,,Assembly & Packaging,Assembly & Packaging,Process,,0,15,0
FIN-BRV-ARM-SOF-84-BE,,Quality Control,Quality Control,Process,,0,8,0
FIN-BRV-ARM-SOF-84-BE,,Assembly & Packaging Setup,Assembly & Packaging,Setup,,0,5,0
FIN-BRV-ARM-SOF-84-BE,,Assembly & Packaging,Assembly & Packaging,Process,,0,15,0
FIN-BRV-ARM-SOF-84-BO,,Quality Control,Quality Control,Process,,0,8,0
FIN-BRV-ARM-SOF-84-BO,,Assembly & Packaging Setup,Assembly & Packaging,Setup,,0,5,0
FIN-BRV-ARM-SOF-84-BO,,Assembly & Packaging,Assembly & Packaging,Process,,0,15,0
FIN-BRV-ARM-SOF-84-BR,,Quality Control,Quality Control,Process,,0,8,0
FIN-BRV-ARM-SOF-84-BR,,Assembly & Packaging Setup,Assembly & Packaging,Setup,,0,5,0
FIN-BRV-ARM-SOF-84-BR,,Assembly & Packaging,Assembly & Packaging,Process,,0,15,0
FIN-BRV-ARM-SOF-84-GR,,Quality Control,Quality Control,Process,,0,8,0
FIN-BRV-ARM-SOF-84-GR,,Assembly & Packaging Setup,Assembly & Packaging,Setup,,0,5,0
FIN-BRV-ARM-SOF-84-GR,,Assembly & Packaging,Assembly & Packaging,Process,,0,15,0
FIN-BRV-ARM-SOF-84-WH,,Quality Control,Quality Control,Process,,0,8,0
FIN-BRV-ARM-SOF-84-WH,,Assembly & Packaging Setup,Assembly & Packaging,Setup,,0,5,0
FIN-BRV-ARM-SOF-84-WH,,Assembly & Packaging,Assembly & Packaging,Process,,0,15,0
FIN-BRV-ARM-SOF-84X34,,Quality Control,Quality Control,Process,,0,8,0
FIN-BRV-ARM-SOF-84X34,,Assembly & Packaging Setup,Assembly & Packaging,Setup,,0,5,0
FIN-BRV-ARM-SOF-84X34,,Assembly & Packaging,Assembly & Packaging,Process,,0,15,0
FIN-BRV-ARM-SOF-96,,Quality Control,Quality Control,Process,,0,8,0
FIN-BRV-ARM-SOF-96,,Assembly & Packaging Setup,Assembly & Packaging,Setup,,0,5,0
FIN-BRV-ARM-SOF-96,,Assembly & Packaging,Assembly & Packaging,Process,,0,15,0
FIN-BRV-ARM-SOF-96-BE,,Quality Control,Quality Control,Process,,0,8,0
FIN-BRV-ARM-SOF-96-BE,,Assembly & Packaging Setup,Assembly & Packaging,Setup,,0,5,0
FIN-BRV-ARM-SOF-96-BE,,Assembly & Packaging,Assembly & Packaging,Process,,0,15,0
FIN-BRV-ARM-SOF-96-BO,,Quality Control,Quality Control,Process,,0,8,0
FIN-BRV-ARM-SOF-96-BO,,Assembly & Packaging Setup,Assembly & Packaging,Setup,,0,5,0
FIN-BRV-ARM-SOF-96-BO,,Assembly & Packaging,Assembly & Packaging,Process,,0,15,0
FIN-BRV-ARM-SOF-96-BR,,Quality Control,Quality Control,Process,,0,8,0
FIN-BRV-ARM-SOF-96-BR,,Assembly & Packaging Setup,Assembly & Packaging,Setup,,0,5,0
FIN-BRV-ARM-SOF-96-BR,,Assembly & Packaging,Assembly & Packaging,Process,,0,15,0
FIN-BRV-ARM-SOF-96-GR,,Quality Control,Quality Control,Process,,0,8,0
FIN-BRV-ARM-SOF-96-GR,,Assembly & Packaging Setup,Assembly & Packaging,Setup,,0,5,0
FIN-BRV-ARM-SOF-96-GR,,Assembly & Packaging,Assembly & Packaging,Process,,0,15,0
FIN-BRV-ARM-SOF-96-WH,,Quality Control,Quality Control,Process,,0,8,0
FIN-BRV-ARM-SOF-96-WH,,Assembly & Packaging Setup,Assembly & Packaging,Setup,,0,5,0
FIN-BRV-ARM-SOF-96-WH,,Assembly & Packaging,Assembly & Packaging,Process,,0,15,0
FIN-BRV-ARM-SOF-96X34,,Quality Control,Quality Control,Process,,0,8,0
FIN-BRV-ARM-SOF-96X34,,Assembly & Packaging Setup,Assembly & Packaging,Setup,,0,5,0
FIN-BRV-ARM-SOF-96X34,,Assembly & Packaging,Assembly & Packaging,Process,,0,15,0
FIN-BRV-BCH-96X34,,Quality Control,Quality Control,Process,,0,8,0
FIN-BRV-BCH-96X34,,Assembly & Packaging Setup,Assembly & Packaging,Setup,,0,5,0
FIN-BRV-BCH-96X34,,Assembly & Packaging,Assembly & Packaging,Process,,0,15,0
FIN-BRV-BCH-96X34-ROUNDEDBACKED,,Quality Control,Quality Control,Process,,0,8,0
FIN-BRV-BCH-96X34-ROUNDEDBACKED,,Assembly & Packaging Setup,Assembly & Packaging,Setup,,0,5,0
FIN-BRV-BCH-96X34-ROUNDEDBACKED,,Assembly & Packaging,Assembly & Packaging,Process,,0,15,0
FIN-BRV-CHS-34X72-LS,,Quality Control,Quality Control,Process,,0,8,0
FIN-BRV-CHS-34X72-LS,,Assembly & Packaging Setup,Assembly & Packaging,Setup,,0,5,0
FIN-BRV-CHS-34X72-LS,,Assembly & Packaging,Assembly & Packaging,Process,,0,15,0
FIN-BRV-CHS-34X72-LS-BE,,Quality Control,Quality Control,Process,,0,8,0
FIN-BRV-CHS-34X72-LS-BE,,Assembly & Packaging Setup,Assembly & Packaging,Setup,,0,5,0
FIN-BRV-CHS-34X72-LS-BE,,Assembly & Packaging,Assembly & Packaging,Process,,0,15,0
FIN-BRV-CHS-34X72-LS-BO,,Quality Control,Quality Control,Process,,0,8,0
FIN-BRV-CHS-34X72-LS-BO,,Assembly & Packaging Setup,Assembly & Packaging,Setup,,0,5,0
FIN-BRV-CHS-34X72-LS-BO,,Assembly & Packaging,Assembly & Packaging,Process,,0,15,0
FIN-BRV-CHS-34X72-LS-BR,,Quality Control,Quality Control,Process,,0,8,0
FIN-BRV-CHS-34X72-LS-BR,,Assembly & Packaging Setup,Assembly & Packaging,Setup,,0,5,0
FIN-BRV-CHS-34X72-LS-BR,,Assembly & Packaging,Assembly & Packaging,Process,,0,15,0
FIN-BRV-CHS-34X72-LS-GR,,Quality Control,Quality Control,Process,,0,8,0
FIN-BRV-CHS-34X72-LS-GR,,Assembly & Packaging Setup,Assembly & Packaging,Setup,,0,5,0
FIN-BRV-CHS-34X72-LS-GR,,Assembly & Packaging,Assembly & Packaging,Process,,0,15,0
FIN-BRV-CHS-34X72-LS-WH,,Quality Control,Quality Control,Process,,0,8,0
FIN-BRV-CHS-34X72-LS-WH,,Assembly & Packaging Setup,Assembly & Packaging,Setup,,0,5,0
FIN-BRV-CHS-34X72-LS-WH,,Assembly & Packaging,Assembly & Packaging,Process,,0,15,0
FIN-BRV-CHS-34X72-RS,,Quality Control,Quality Control,Process,,0,8,0
FIN-BRV-CHS-34X72-RS,,Assembly & Packaging Setup,Assembly & Packaging,Setup,,0,5,0
FIN-BRV-CHS-34X72-RS,,Assembly & Packaging,Assembly & Packaging,Process,,0,15,0
FIN-BRV-CHS-34X72-RS-BE,,Quality Control,Quality Control,Process,,0,8,0
FIN-BRV-CHS-34X72-RS-BE,,Assembly & Packaging Setup,Assembly & Packaging,Setup,,0,5,0
FIN-BRV-CHS-34X72-RS-BE,,Assembly & Packaging,Assembly & Packaging,Process,,0,15,0
FIN-BRV-CHS-34X72-RS-BO,,Quality Control,Quality Control,Process,,0,8,0
FIN-BRV-CHS-34X72-RS-BO,,Assembly & Packaging Setup,Assembly & Packaging,Setup,,0,5,0
FIN-BRV-CHS-34X72-RS-BO,,Assembly & Packaging,Assembly & Packaging,Process,,0,15,0
FIN-BRV-CHS-34X72-RS-BR,,Quality Control,Quality Control,Process,,0,8,0
FIN-BRV-CHS-34X72-RS-BR,,Assembly & Packaging Setup,Assembly & Packaging,Setup,,0,5,0
FIN-BRV-CHS-34X72-RS-BR,,Assembly & Packaging,Assembly & Packaging,Process,,0,15,0
FIN-BRV-CHS-34X72-RS-GR,,Quality Control,Quality Control,Process,,0,8,0
FIN-BRV-CHS-34X72-RS-GR,,Assembly & Packaging Setup,Assembly & Packaging,Setup,,0,5,0
FIN-BRV-CHS-34X72-RS-GR,,Assembly & Packaging,Assembly & Packaging,Process,,0,15,0
FIN-BRV-CHS-34X72-RS-WH,,Quality Control,Quality Control,Process,,0,8,0
FIN-BRV-CHS-34X72-RS-WH,,Assembly & Packaging Setup,Assembly & Packaging,Setup,,0,5,0
FIN-BRV-CHS-34X72-RS-WH,,Assembly & Packaging,Assembly & Packaging,Process,,0,15,0
FIN-BRV-CHS-34X84-LS,,Quality Control,Quality Control,Process,,0,8,0
FIN-BRV-CHS-34X84-LS,,Assembly & Packaging Setup,Assembly & Packaging,Setup,,0,5,0
FIN-BRV-CHS-34X84-LS,,Assembly & Packaging,Assembly & Packaging,Process,,0,15,0
FIN-BRV-CHS-34X84-LS-BE,,Quality Control,Quality Control,Process,,0,8,0
FIN-BRV-CHS-34X84-LS-BE,,Assembly & Packaging Setup,Assembly & Packaging,Setup,,0,5,0
FIN-BRV-CHS-34X84-LS-BE,,Assembly & Packaging,Assembly & Packaging,Process,,0,15,0
FIN-BRV-CHS-34X84-LS-BO,,Quality Control,Quality Control,Process,,0,8,0
FIN-BRV-CHS-34X84-LS-BO,,Assembly & Packaging Setup,Assembly & Packaging,Setup,,0,5,0
FIN-BRV-CHS-34X84-LS-BO,,Assembly & Packaging,Assembly & Packaging,Process,,0,15,0
FIN-BRV-CHS-34X84-LS-BR,,Quality Control,Quality Control,Process,,0,8,0
FIN-BRV-CHS-34X84-LS-BR,,Assembly & Packaging Setup,Assembly & Packaging,Setup,,0,5,0
FIN-BRV-CHS-34X84-LS-BR,,Assembly & Packaging,Assembly & Packaging,Process,,0,15,0
FIN-BRV-CHS-34X84-LS-GR,,Quality Control,Quality Control,Process,,0,8,0
FIN-BRV-CHS-34X84-LS-GR,,Assembly & Packaging Setup,Assembly & Packaging,Setup,,0,5,0
FIN-BRV-CHS-34X84-LS-GR,,Assembly & Packaging,Assembly & Packaging,Process,,0,15,0
FIN-BRV-CHS-34X84-LS-WH,,Quality Control,Quality Control,Process,,0,8,0
FIN-BRV-CHS-34X84-LS-WH,,Assembly & Packaging Setup,Assembly & Packaging,Setup,,0,5,0
FIN-BRV-CHS-34X84-LS-WH,,Assembly & Packaging,Assembly & Packaging,Process,,0,15,0
FIN-BRV-CHS-34X84-RS,,Quality Control,Quality Control,Process,,0,8,0
FIN-BRV-CHS-34X84-RS,,Assembly & Packaging Setup,Assembly & Packaging,Setup,,0,5,0
FIN-BRV-CHS-34X84-RS,,Assembly & Packaging,Assembly & Packaging,Process,,0,15,0
FIN-BRV-CHS-34X84-RS-BE,,Quality Control,Quality Control,Process,,0,8,0
FIN-BRV-CHS-34X84-RS-BE,,Assembly & Packaging Setup,Assembly & Packaging,Setup,,0,5,0
FIN-BRV-CHS-34X84-RS-BE,,Assembly & Packaging,Assembly & Packaging,Process,,0,15,0
FIN-BRV-CHS-34X84-RS-BO,,Quality Control,Quality Control,Process,,0,8,0
FIN-BRV-CHS-34X84-RS-BO,,Assembly & Packaging Setup,Assembly & Packaging,Setup,,0,5,0
FIN-BRV-CHS-34X84-RS-BO,,Assembly & Packaging,Assembly & Packaging,Process,,0,15,0
FIN-BRV-CHS-34X84-RS-BR,,Quality Control,Quality Control,Process,,0,8,0
FIN-BRV-CHS-34X84-RS-BR,,Assembly & Packaging Setup,Assembly & Packaging,Setup,,0,5,0
FIN-BRV-CHS-34X84-RS-BR,,Assembly & Packaging,Assembly & Packaging,Process,,0,15,0
FIN-BRV-CHS-34X84-RS-GR,,Quality Control,Quality Control,Process,,0,8,0
FIN-BRV-CHS-34X84-RS-GR,,Assembly & Packaging Setup,Assembly & Packaging,Setup,,0,5,0
FIN-BRV-CHS-34X84-RS-GR,,Assembly & Packaging,Assembly & Packaging,Process,,0,15,0
FIN-BRV-CHS-34X84-RS-WH,,Quality Control,Quality Control,Process,,0,8,0
FIN-BRV-CHS-34X84-RS-WH,,Assembly & Packaging Setup,Assembly & Packaging,Setup,,0,5,0
FIN-BRV-CHS-34X84-RS-WH,,Assembly & Packaging,Assembly & Packaging,Process,,0,15,0
FIN-BRV-CHS-42X72-LS,,Quality Control,Quality Control,Process,,0,8,0
FIN-BRV-CHS-42X72-LS,,Assembly & Packaging Setup,Assembly & Packaging,Setup,,0,5,0
FIN-BRV-CHS-42X72-LS,,Assembly & Packaging,Assembly & Packaging,Process,,0,15,0
FIN-BRV-CHS-42X72-LS-BE,,Quality Control,Quality Control,Process,,0,8,0
FIN-BRV-CHS-42X72-LS-BE,,Assembly & Packaging Setup,Assembly & Packaging,Setup,,0,5,0
FIN-BRV-CHS-42X72-LS-BE,,Assembly & Packaging,Assembly & Packaging,Process,,0,15,0
FIN-BRV-CHS-42X72-LS-BO,,Quality Control,Quality Control,Process,,0,8,0
FIN-BRV-CHS-42X72-LS-BO,,Assembly & Packaging Setup,Assembly & Packaging,Setup,,0,5,0
FIN-BRV-CHS-42X72-LS-BO,,Assembly & Packaging,Assembly & Packaging,Process,,0,15,0
FIN-BRV-CHS-42X72-LS-BR,,Quality Control,Quality Control,Process,,0,8,0
FIN-BRV-CHS-42X72-LS-BR,,Assembly & Packaging Setup,Assembly & Packaging,Setup,,0,5,0
FIN-BRV-CHS-42X72-LS-BR,,Assembly & Packaging,Assembly & Packaging,Process,,0,15,0
FIN-BRV-CHS-42X72-LS-GR,,Quality Control,Quality Control,Process,,0,8,0
FIN-BRV-CHS-42X72-LS-GR,,Assembly & Packaging Setup,Assembly & Packaging,Setup,,0,5,0
FIN-BRV-CHS-42X72-LS-GR,,Assembly & Packaging,Assembly & Packaging,Process,,0,15,0
FIN-BRV-CHS-42X72-LS-WH,,Quality Control,Quality Control,Process,,0,8,0
FIN-BRV-CHS-42X72-LS-WH,,Assembly & Packaging Setup,Assembly & Packaging,Setup,,0,5,0
FIN-BRV-CHS-42X72-LS-WH,,Assembly & Packaging,Assembly & Packaging,Process,,0,15,0
FIN-BRV-CHS-42X72-RS,,Quality Control,Quality Control,Process,,0,8,0
FIN-BRV-CHS-42X72-RS,,Assembly & Packaging Setup,Assembly & Packaging,Setup,,0,5,0
FIN-BRV-CHS-42X72-RS,,Assembly & Packaging,Assembly & Packaging,Process,,0,15,0
FIN-BRV-CHS-42X72-RS-BE,,Quality Control,Quality Control,Process,,0,8,0
FIN-BRV-CHS-42X72-RS-BE,,Assembly & Packaging Setup,Assembly & Packaging,Setup,,0,5,0
FIN-BRV-CHS-42X72-RS-BE,,Assembly & Packaging,Assembly & Packaging,Process,,0,15,0
FIN-BRV-CHS-42X72-RS-BO,,Quality Control,Quality Control,Process,,0,8,0
FIN-BRV-CHS-42X72-RS-BO,,Assembly & Packaging Setup,Assembly & Packaging,Setup,,0,5,0
FIN-BRV-CHS-42X72-RS-BO,,Assembly & Packaging,Assembly & Packaging,Process,,0,15,0
FIN-BRV-CHS-42X72-RS-BR,,Quality Control,Quality Control,Process,,0,8,0
FIN-BRV-CHS-42X72-RS-BR,,Assembly & Packaging Setup,Assembly & Packaging,Setup,,0,5,0
FIN-BRV-CHS-42X72-RS-BR,,Assembly & Packaging,Assembly & Packaging,Process,,0,15,0
FIN-BRV-CHS-42X72-RS-GR,,Quality Control,Quality Control,Process,,0,8,0
FIN-BRV-CHS-42X72-RS-GR,,Assembly & Packaging Setup,Assembly & Packaging,Setup,,0,5,0
FIN-BRV-CHS-42X72-RS-GR,,Assembly & Packaging,Assembly & Packaging,Process,,0,15,0
FIN-BRV-CHS-42X72-RS-WH,,Quality Control,Quality Control,Process,,0,8,0
FIN-BRV-CHS-42X72-RS-WH,,Assembly & Packaging Setup,Assembly & Packaging,Setup,,0,5,0
FIN-BRV-CHS-42X72-RS-WH,,Assembly & Packaging,Assembly & Packaging,Process,,0,15,0
FIN-BRV-CHS-42X84-LS,,Quality Control,Quality Control,Process,,0,8,0
FIN-BRV-CHS-42X84-LS,,Assembly & Packaging Setup,Assembly & Packaging,Setup,,0,5,0
FIN-BRV-CHS-42X84-LS,,Assembly & Packaging,Assembly & Packaging,Process,,0,15,0
FIN-BRV-CHS-42X84-LS-BE,,Quality Control,Quality Control,Process,,0,8,0
FIN-BRV-CHS-42X84-LS-BE,,Assembly & Packaging Setup,Assembly & Packaging,Setup,,0,5,0
FIN-BRV-CHS-42X84-LS-BE,,Assembly & Packaging,Assembly & Packaging,Process,,0,15,0
FIN-BRV-CHS-42X84-LS-BO,,Quality Control,Quality Control,Process,,0,8,0
FIN-BRV-CHS-42X84-LS-BO,,Assembly & Packaging Setup,Assembly & Packaging,Setup,,0,5,0
FIN-BRV-CHS-42X84-LS-BO,,Assembly & Packaging,Assembly & Packaging,Process,,0,15,0
FIN-BRV-CHS-42X84-LS-BR,,Quality Control,Quality Control,Process,,0,8,0
FIN-BRV-CHS-42X84-LS-BR,,Assembly & Packaging Setup,Assembly & Packaging,Setup,,0,5,0
FIN-BRV-CHS-42X84-LS-BR,,Assembly & Packaging,Assembly & Packaging,Process,,0,15,0
FIN-BRV-CHS-42X84-LS-GR,,Quality Control,Quality Control,Process,,0,8,0
FIN-BRV-CHS-42X84-LS-GR,,Assembly & Packaging Setup,Assembly & Packaging,Setup,,0,5,0
FIN-BRV-CHS-42X84-LS-GR,,Assembly & Packaging,Assembly & Packaging,Process,,0,15,0
FIN-BRV-CHS-42X84-LS-WH,,Quality Control,Quality Control,Process,,0,8,0
FIN-BRV-CHS-42X84-LS-WH,,Assembly & Packaging Setup,Assembly & Packaging,Setup,,0,5,0
FIN-BRV-CHS-42X84-LS-WH,,Assembly & Packaging,Assembly & Packaging,Process,,0,15,0
FIN-BRV-CHS-42X84-RS,,Quality Control,Quality Control,Process,,0,8,0
FIN-BRV-CHS-42X84-RS,,Assembly & Packaging Setup,Assembly & Packaging,Setup,,0,5,0
FIN-BRV-CHS-42X84-RS,,Assembly & Packaging,Assembly & Packaging,Process,,0,15,0
FIN-BRV-CHS-42X84-RS-BE,,Quality Control,Quality Control,Process,,0,8,0
FIN-BRV-CHS-42X84-RS-BE,,Assembly & Packaging Setup,Assembly & Packaging,Setup,,0,5,0
FIN-BRV-CHS-42X84-RS-BE,,Assembly & Packaging,Assembly & Packaging,Process,,0,15,0
FIN-BRV-CHS-42X84-RS-BO,,Quality Control,Quality Control,Process,,0,8,0
FIN-BRV-CHS-42X84-RS-BO,,Assembly & Packaging Setup,Assembly & Packaging,Setup,,0,5,0
FIN-BRV-CHS-42X84-RS-BO,,Assembly & Packaging,Assembly & Packaging,Process,,0,15,0
FIN-BRV-CHS-42X84-RS-BR,,Quality Control,Quality Control,Process,,0,8,0
FIN-BRV-CHS-42X84-RS-BR,,Assembly & Packaging Setup,Assembly & Packaging,Setup,,0,5,0
FIN-BRV-CHS-42X84-RS-BR,,Assembly & Packaging,Assembly & Packaging,Process,,0,15,0
FIN-BRV-CHS-42X84-RS-GR,,Quality Control,Quality Control,Process,,0,8,0
FIN-BRV-CHS-42X84-RS-GR,,Assembly & Packaging Setup,Assembly & Packaging,Setup,,0,5,0
FIN-BRV-CHS-42X84-RS-GR,,Assembly & Packaging,Assembly & Packaging,Process,,0,15,0
FIN-BRV-CHS-42X84-RS-WH,,Quality Control,Quality Control,Process,,0,8,0
FIN-BRV-CHS-42X84-RS-WH,,Assembly & Packaging Setup,Assembly & Packaging,Setup,,0,5,0
FIN-BRV-CHS-42X84-RS-WH,,Assembly & Packaging,Assembly & Packaging,Process,,0,15,0
FIN-BRV-CLB-CHA,,Quality Control,Quality Control,Process,,0,8,0
FIN-BRV-CLB-CHA,,Assembly & Packaging Setup,Assembly & Packaging,Setup,,0,5,0
FIN-BRV-CLB-CHA,,Assembly & Packaging,Assembly & Packaging,Process,,0,15,0
FIN-BRV-CLB-CHA-34X34,,Quality Control,Quality Control,Process,,0,8,0
FIN-BRV-CLB-CHA-34X34,,Assembly & Packaging Setup,Assembly & Packaging,Setup,,0,5,0
FIN-BRV-CLB-CHA-34X34,,Assembly & Packaging,Assembly & Packaging,Process,,0,15,0
FIN-BRV-CLB-CHA-BE,,Quality Control,Quality Control,Process,,0,8,0
FIN-BRV-CLB-CHA-BE,,Assembly & Packaging Setup,Assembly & Packaging,Setup,,0,5,0
FIN-BRV-CLB-CHA-BE,,Assembly & Packaging,Assembly & Packaging,Process,,0,15,0
FIN-BRV-CLB-CHA-BO,,Quality Control,Quality Control,Process,,0,8,0
FIN-BRV-CLB-CHA-BO,,Assembly & Packaging Setup,Assembly & Packaging,Setup,,0,5,0
FIN-BRV-CLB-CHA-BO,,Assembly & Packaging,Assembly & Packaging,Process,,0,15,0
FIN-BRV-CLB-CHA-BR,,Quality Control,Quality Control,Process,,0,8,0
FIN-BRV-CLB-CHA-BR,,Assembly & Packaging Setup,Assembly & Packaging,Setup,,0,5,0
FIN-BRV-CLB-CHA-BR,,Assembly & Packaging,Assembly & Packaging,Process,,0,15,0
FIN-BRV-CLB-CHA-GR,,Quality Control,Quality Control,Process,,0,8,0
FIN-BRV-CLB-CHA-GR,,Assembly & Packaging Setup,Assembly & Packaging,Setup,,0,5,0
FIN-BRV-CLB-CHA-GR,,Assembly & Packaging,Assembly & Packaging,Process,,0,15,0
FIN-BRV-CLB-CHA-WH,,Quality Control,Quality Control,Process,,0,8,0
FIN-BRV-CLB-CHA-WH,,Assembly & Packaging Setup,Assembly & Packaging,Setup,,0,5,0
FIN-BRV-CLB-CHA-WH,,Assembly & Packaging,Assembly & Packaging,Process,,0,15,0
FIN-BRV-COF-TAB,,Quality Control,Quality Control,Process,,0,8,0
FIN-BRV-COF-TAB,,Assembly & Packaging Setup,Assembly & Packaging,Setup,,0,5,0
FIN-BRV-COF-TAB,,Assembly & Packaging,Assembly & Packaging,Process,,0,15,0
FIN-BRV-COF-TAB-28X42,,Quality Control,Quality Control,Process,,0,8,0
FIN-BRV-COF-TAB-28X42,,Assembly & Packaging Setup,Assembly & Packaging,Setup,,0,5,0
FIN-BRV-COF-TAB-28X42,,Assembly & Packaging,Assembly & Packaging,Process,,0,15,0
FIN-BRV-COF-TAB-36X36,,Quality Control,Quality Control,Process,,0,8,0
FIN-BRV-COF-TAB-36X36,,Assembly & Packaging Setup,Assembly & Packaging,Setup,,0,5,0
FIN-BRV-COF-TAB-36X36,,Assembly & Packaging,Assembly & Packaging,Process,,0,15,0
FIN-BRV-COF-TAB-36X36-BE,,Quality Control,Quality Control,Process,,0,8,0
FIN-BRV-COF-TAB-36X36-BE,,Assembly & Packaging Setup,Assembly & Packaging,Setup,,0,5,0
FIN-BRV-COF-TAB-36X36-BE,,Assembly & Packaging,Assembly & Packaging,Process,,0,15,0
FIN-BRV-COF-TAB-36X36-BO,,Quality Control,Quality Control,Process,,0,8,0
FIN-BRV-COF-TAB-36X36-BO,,Assembly & Packaging Setup,Assembly & Packaging,Setup,,0,5,0
FIN-BRV-COF-TAB-36X36-BO,,Assembly & Packaging,Assembly & Packaging,Process,,0,15,0
FIN-BRV-COF-TAB-36X36-BR,,Quality Control,Quality Control,Process,,0,8,0
FIN-BRV-COF-TAB-36X36-BR,,Assembly & Packaging Setup,Assembly & Packaging,Setup,,0,5,0
FIN-BRV-COF-TAB-36X36-BR,,Assembly & Packaging,Assembly & Packaging,Process,,0,15,0
FIN-BRV-COF-TAB-36X36-GR,,Quality Control,Quality Control,Process,,0,8,0
FIN-BRV-COF-TAB-36X36-GR,,Assembly & Packaging Setup,Assembly & Packaging,Setup,,0,5,0
FIN-BRV-COF-TAB-36X36-GR,,Assembly & Packaging,Assembly & Packaging,Process,,0,15,0
FIN-BRV-COF-TAB-36X36-WT,,Quality Control,Quality Control,Process,,0,8,0
FIN-BRV-COF-TAB-36X36-WT,,Assembly & Packaging Setup,Assembly & Packaging,Setup,,0,5,0
FIN-BRV-COF-TAB-36X36-WT,,Assembly & Packaging,Assembly & Packaging,Process,,0,15,0
FIN-BRV-COF-TAB-36X56,,Quality Control,Quality Control,Process,,0,8,0
FIN-BRV-COF-TAB-36X56,,Assembly & Packaging Setup,Assembly & Packaging,Setup,,0,5,0
FIN-BRV-COF-TAB-36X56,,Assembly & Packaging,Assembly & Packaging,Process,,0,15,0
FIN-BRV-COF-TAB-42X28,,Quality Control,Quality Control,Process,,0,8,0
FIN-BRV-COF-TAB-42X28,,Assembly & Packaging Setup,Assembly & Packaging,Setup,,0,5,0
FIN-BRV-COF-TAB-42X28,,Assembly & Packaging,Assembly & Packaging,Process,,0,15,0
FIN-BRV-COF-TAB-42X28-BE,,Quality Control,Quality Control,Process,,0,8,0
FIN-BRV-COF-TAB-42X28-BE,,Assembly & Packaging Setup,Assembly & Packaging,Setup,,0,5,0
FIN-BRV-COF-TAB-42X28-BE,,Assembly & Packaging,Assembly & Packaging,Process,,0,15,0
FIN-BRV-COF-TAB-42X28-BO,,Quality Control,Quality Control,Process,,0,8,0
FIN-BRV-COF-TAB-42X28-BO,,Assembly & Packaging Setup,Assembly & Packaging,Setup,,0,5,0
FIN-BRV-COF-TAB-42X28-BO,,Assembly & Packaging,Assembly & Packaging,Process,,0,15,0
FIN-BRV-COF-TAB-42X28-BR,,Quality Control,Quality Control,Process,,0,8,0
FIN-BRV-COF-TAB-42X28-BR,,Assembly & Packaging Setup,Assembly & Packaging,Setup,,0,5,0
FIN-BRV-COF-TAB-42X28-BR,,Assembly & Packaging,Assembly & Packaging,Process,,0,15,0
FIN-BRV-COF-TAB-42X28-GR,,Quality Control,Quality Control,Process,,0,8,0
FIN-BRV-COF-TAB-42X28-GR,,Assembly & Packaging Setup,Assembly & Packaging,Setup,,0,5,0
FIN-BRV-COF-TAB-42X28-GR,,Assembly & Packaging,Assembly & Packaging,Process,,0,15,0
FIN-BRV-COF-TAB-42X28-WH,,Quality Control,Quality Control,Process,,0,8,0
FIN-BRV-COF-TAB-42X28-WH,,Assembly & Packaging Setup,Assembly & Packaging,Setup,,0,5,0
FIN-BRV-COF-TAB-42X28-WH,,Assembly & Packaging,Assembly & Packaging,Process,,0,15,0
FIN-BRV-COF-TAB-42X42,,Quality Control,Quality Control,Process,,0,8,0
FIN-BRV-COF-TAB-42X42,,Assembly & Packaging Setup,Assembly & Packaging,Setup,,0,5,0
FIN-BRV-COF-TAB-42X42,,Assembly & Packaging,Assembly & Packaging,Process,,0,15,0
FIN-BRV-COF-TAB-42X42-BE,,Quality Control,Quality Control,Process,,0,8,0
FIN-BRV-COF-TAB-42X42-BE,,Assembly & Packaging Setup,Assembly & Packaging,Setup,,0,5,0
FIN-BRV-COF-TAB-42X42-BE,,Assembly & Packaging,Assembly & Packaging,Process,,0,15,0
FIN-BRV-COF-TAB-42X42-BO,,Quality Control,Quality Control,Process,,0,8,0
FIN-BRV-COF-TAB-42X42-BO,,Assembly & Packaging Setup,Assembly & Packaging,Setup,,0,5,0
FIN-BRV-COF-TAB-42X42-BO,,Assembly & Packaging,Assembly & Packaging,Process,,0,15,0
FIN-BRV-COF-TAB-42X42-BR,,Quality Control,Quality Control,Process,,0,8,0
FIN-BRV-COF-TAB-42X42-BR,,Assembly & Packaging Setup,Assembly & Packaging,Setup,,0,5,0
FIN-BRV-COF-TAB-42X42-BR,,Assembly & Packaging,Assembly & Packaging,Process,,0,15,0
FIN-BRV-COF-TAB-42X42-GR,,Quality Control,Quality Control,Process,,0,8,0
FIN-BRV-COF-TAB-42X42-GR,,Assembly & Packaging Setup,Assembly & Packaging,Setup,,0,5,0
FIN-BRV-COF-TAB-42X42-GR,,Assembly & Packaging,Assembly & Packaging,Process,,0,15,0
FIN-BRV-COF-TAB-42X42-WH,,Quality Control,Quality Control,Process,,0,8,0
FIN-BRV-COF-TAB-42X42-WH,,Assembly & Packaging Setup,Assembly & Packaging,Setup,,0,5,0
FIN-BRV-COF-TAB-42X42-WH,,Assembly & Packaging,Assembly & Packaging,Process,,0,15,0
FIN-BRV-COF-TAB-42X56,,Quality Control,Quality Control,Process,,0,8,0
FIN-BRV-COF-TAB-42X56,,Assembly & Packaging Setup,Assembly & Packaging,Setup,,0,5,0
FIN-BRV-COF-TAB-42X56,,Assembly & Packaging,Assembly & Packaging,Process,,0,15,0
FIN-BRV-COF-TAB-42X72,,Quality Control,Quality Control,Process,,0,8,0
FIN-BRV-COF-TAB-42X72,,Assembly & Packaging Setup,Assembly & Packaging,Setup,,0,5,0
FIN-BRV-COF-TAB-42X72,,Assembly & Packaging,Assembly & Packaging,Process,,0,15,0
FIN-BRV-COF-TAB-56X28,,Quality Control,Quality Control,Process,,0,8,0
FIN-BRV-COF-TAB-56X28,,Assembly & Packaging Setup,Assembly & Packaging,Setup,,0,5,0
FIN-BRV-COF-TAB-56X28,,Assembly & Packaging,Assembly & Packaging,Process,,0,15,0
FIN-BRV-COF-TAB-56X28-BE,,Quality Control,Quality Control,Process,,0,8,0
FIN-BRV-COF-TAB-56X28-BE,,Assembly & Packaging Setup,Assembly & Packaging,Setup,,0,5,0
FIN-BRV-COF-TAB-56X28-BE,,Assembly & Packaging,Assembly & Packaging,Process,,0,15,0
FIN-BRV-COF-TAB-56X28-BO,,Quality Control,Quality Control,Process,,0,8,0
FIN-BRV-COF-TAB-56X28-BO,,Assembly & Packaging Setup,Assembly & Packaging,Setup,,0,5,0
FIN-BRV-COF-TAB-56X28-BO,,Assembly & Packaging,Assembly & Packaging,Process,,0,15,0
FIN-BRV-COF-TAB-56X28-BR,,Quality Control,Quality Control,Process,,0,8,0
FIN-BRV-COF-TAB-56X28-BR,,Assembly & Packaging Setup,Assembly & Packaging,Setup,,0,5,0
FIN-BRV-COF-TAB-56X28-BR,,Assembly & Packaging,Assembly & Packaging,Process,,0,15,0
FIN-BRV-COF-TAB-56X28-GR,,Quality Control,Quality Control,Process,,0,8,0
FIN-BRV-COF-TAB-56X28-GR,,Assembly & Packaging Setup,Assembly & Packaging,Setup,,0,5,0
FIN-BRV-COF-TAB-56X28-GR,,Assembly & Packaging,Assembly & Packaging,Process,,0,15,0
FIN-BRV-COF-TAB-56X28-WH,,Quality Control,Quality Control,Process,,0,8,0
FIN-BRV-COF-TAB-56X28-WH,,Assembly & Packaging Setup,Assembly & Packaging,Setup,,0,5,0
FIN-BRV-COF-TAB-56X28-WH,,Assembly & Packaging,Assembly & Packaging,Process,,0,15,0
FIN-BRV-COF-TAB-56X36,,Quality Control,Quality Control,Process,,0,8,0
FIN-BRV-COF-TAB-56X36,,Assembly & Packaging Setup,Assembly & Packaging,Setup,,0,5,0
FIN-BRV-COF-TAB-56X36,,Assembly & Packaging,Assembly & Packaging,Process,,0,15,0
FIN-BRV-COF-TAB-56X36-BE,,Quality Control,Quality Control,Process,,0,8,0
FIN-BRV-COF-TAB-56X36-BE,,Assembly & Packaging Setup,Assembly & Packaging,Setup,,0,5,0
FIN-BRV-COF-TAB-56X36-BE,,Assembly & Packaging,Assembly & Packaging,Process,,0,15,0
FIN-BRV-COF-TAB-56X36-BO,,Quality Control,Quality Control,Process,,0,8,0
FIN-BRV-COF-TAB-56X36-BO,,Assembly & Packaging Setup,Assembly & Packaging,Setup,,0,5,0
FIN-BRV-COF-TAB-56X36-BO,,Assembly & Packaging,Assembly & Packaging,Process,,0,15,0
FIN-BRV-COF-TAB-56X36-BR,,Quality Control,Quality Control,Process,,0,8,0
FIN-BRV-COF-TAB-56X36-BR,,Assembly & Packaging Setup,Assembly & Packaging,Setup,,0,5,0
FIN-BRV-COF-TAB-56X36-BR,,Assembly & Packaging,Assembly & Packaging,Process,,0,15,0
FIN-BRV-COF-TAB-56X36-GR,,Quality Control,Quality Control,Process,,0,8,0
FIN-BRV-COF-TAB-56X36-GR,,Assembly & Packaging Setup,Assembly & Packaging,Setup,,0,5,0
FIN-BRV-COF-TAB-56X36-GR,,Assembly & Packaging,Assembly & Packaging,Process,,0,15,0
FIN-BRV-COF-TAB-56X36-WH,,Quality Control,Quality Control,Process,,0,8,0
FIN-BRV-COF-TAB-56X36-WH,,Assembly & Packaging Setup,Assembly & Packaging,Setup,,0,5,0
FIN-BRV-COF-TAB-56X36-WH,,Assembly & Packaging,Assembly & Packaging,Process,,0,15,0
FIN-BRV-COF-TAB-56X42,,Quality Control,Quality Control,Process,,0,8,0
FIN-BRV-COF-TAB-56X42,,Assembly & Packaging Setup,Assembly & Packaging,Setup,,0,5,0
FIN-BRV-COF-TAB-56X42,,Assembly & Packaging,Assembly & Packaging,Process,,0,15,0
FIN-BRV-COF-TAB-56X42-BE,,Quality Control,Quality Control,Process,,0,8,0
FIN-BRV-COF-TAB-56X42-BE,,Assembly & Packaging Setup,Assembly & Packaging,Setup,,0,5,0
FIN-BRV-COF-TAB-56X42-BE,,Assembly & Packaging,Assembly & Packaging,Process,,0,15,0
FIN-BRV-COF-TAB-56X42-BO,,Quality Control,Quality Control,Process,,0,8,0
FIN-BRV-COF-TAB-56X42-BO,,Assembly & Packaging Setup,Assembly & Packaging,Setup,,0,5,0
FIN-BRV-COF-TAB-56X42-BO,,Assembly & Packaging,Assembly & Packaging,Process,,0,15,0
FIN-BRV-COF-TAB-56X42-BR,,Quality Control,Quality Control,Process,,0,8,0
FIN-BRV-COF-TAB-56X42-BR,,Assembly & Packaging Setup,Assembly & Packaging,Setup,,0,5,0
FIN-BRV-COF-TAB-56X42-BR,,Assembly & Packaging,Assembly & Packaging,Process,,0,15,0
FIN-BRV-COF-TAB-56X42-GR,,Quality Control,Quality Control,Process,,0,8,0
FIN-BRV-COF-TAB-56X42-GR,,Assembly & Packaging Setup,Assembly & Packaging,Setup,,0,5,0
FIN-BRV-COF-TAB-56X42-GR,,Assembly & Packaging,Assembly & Packaging,Process,,0,15,0
FIN-BRV-COF-TAB-56X42-WH,,Quality Control,Quality Control,Process,,0,8,0
FIN-BRV-COF-TAB-56X42-WH,,Assembly & Packaging Setup,Assembly & Packaging,Setup,,0,5,0
FIN-BRV-COF-TAB-56X42-WH,,Assembly & Packaging,Assembly & Packaging,Process,,0,15,0
FIN-BRV-COF-TAB-56X56,,Quality Control,Quality Control,Process,,0,8,0
FIN-BRV-COF-TAB-56X56,,Assembly & Packaging Setup,Assembly & Packaging,Setup,,0,5,0
FIN-BRV-COF-TAB-56X56,,Assembly & Packaging,Assembly & Packaging,Process,,0,15,0
FIN-BRV-COF-TAB-56X56-BE,,Quality Control,Quality Control,Process,,0,8,0
FIN-BRV-COF-TAB-56X56-BE,,Assembly & Packaging Setup,Assembly & Packaging,Setup,,0,5,0
FIN-BRV-COF-TAB-56X56-BE,,Assembly & Packaging,Assembly & Packaging,Process,,0,15,0
FIN-BRV-COF-TAB-56X56-BO,,Quality Control,Quality Control,Process,,0,8,0
FIN-BRV-COF-TAB-56X56-BO,,Assembly & Packaging Setup,Assembly & Packaging,Setup,,0,5,0
FIN-BRV-COF-TAB-56X56-BO,,Assembly & Packaging,Assembly & Packaging,Process,,0,15,0
FIN-BRV-COF-TAB-56X56-BR,,Quality Control,Quality Control,Process,,0,8,0
FIN-BRV-COF-TAB-56X56-BR,,Assembly & Packaging Setup,Assembly & Packaging,Setup,,0,5,0
FIN-BRV-COF-TAB-56X56-BR,,Assembly & Packaging,Assembly & Packaging,Process,,0,15,0
FIN-BRV-COF-TAB-56X56-GR,,Quality Control,Quality Control,Process,,0,8,0
FIN-BRV-COF-TAB-56X56-GR,,Assembly & Packaging Setup,Assembly & Packaging,Setup,,0,5,0
FIN-BRV-COF-TAB-56X56-GR,,Assembly & Packaging,Assembly & Packaging,Process,,0,15,0
FIN-BRV-COF-TAB-56X56-WH,,Quality Control,Quality Control,Process,,0,8,0
FIN-BRV-COF-TAB-56X56-WH,,Assembly & Packaging Setup,Assembly & Packaging,Setup,,0,5,0
FIN-BRV-COF-TAB-56X56-WH,,Assembly & Packaging,Assembly & Packaging,Process,,0,15,0
FIN-BRV-COF-TAB-56X72,,Quality Control,Quality Control,Process,,0,8,0
FIN-BRV-COF-TAB-56X72,,Assembly & Packaging Setup,Assembly & Packaging,Setup,,0,5,0
FIN-BRV-COF-TAB-56X72,,Assembly & Packaging,Assembly & Packaging,Process,,0,15,0
FIN-BRV-COF-TAB-72X36,,Quality Control,Quality Control,Process,,0,8,0
FIN-BRV-COF-TAB-72X36,,Assembly & Packaging Setup,Assembly & Packaging,Setup,,0,5,0
FIN-BRV-COF-TAB-72X36,,Assembly & Packaging,Assembly & Packaging,Process,,0,15,0
FIN-BRV-COF-TAB-72X36-BE,,Quality Control,Quality Control,Process,,0,8,0
FIN-BRV-COF-TAB-72X36-BE,,Assembly & Packaging Setup,Assembly & Packaging,Setup,,0,5,0
FIN-BRV-COF-TAB-72X36-BE,,Assembly & Packaging,Assembly & Packaging,Process,,0,15,0
FIN-BRV-COF-TAB-72X36-BO,,Quality Control,Quality Control,Process,,0,8,0
FIN-BRV-COF-TAB-72X36-BO,,Assembly & Packaging Setup,Assembly & Packaging,Setup,,0,5,0
FIN-BRV-COF-TAB-72X36-BO,,Assembly & Packaging,Assembly & Packaging,Process,,0,15,0
FIN-BRV-COF-TAB-72X36-BR,,Quality Control,Quality Control,Process,,0,8,0
FIN-BRV-COF-TAB-72X36-BR,,Assembly & Packaging Setup,Assembly & Packaging,Setup,,0,5,0
FIN-BRV-COF-TAB-72X36-BR,,Assembly & Packaging,Assembly & Packaging,Process,,0,15,0
FIN-BRV-COF-TAB-72X36-GR,,Quality Control,Quality Control,Process,,0,8,0
FIN-BRV-COF-TAB-72X36-GR,,Assembly & Packaging Setup,Assembly & Packaging,Setup,,0,5,0
FIN-BRV-COF-TAB-72X36-GR,,Assembly & Packaging,Assembly & Packaging,Process,,0,15,0
FIN-BRV-COF-TAB-72X36-WH,,Quality Control,Quality Control,Process,,0,8,0
FIN-BRV-COF-TAB-72X36-WH,,Assembly & Packaging Setup,Assembly & Packaging,Setup,,0,5,0
FIN-BRV-COF-TAB-72X36-WH,,Assembly & Packaging,Assembly & Packaging,Process,,0,15,0
FIN-BRV-COF-TAB-72X42,,Quality Control,Quality Control,Process,,0,8,0
FIN-BRV-COF-TAB-72X42,,Assembly & Packaging Setup,Assembly & Packaging,Setup,,0,5,0
FIN-BRV-COF-TAB-72X42,,Assembly & Packaging,Assembly & Packaging,Process,,0,15,0
FIN-BRV-COF-TAB-72X42-BE,,Quality Control,Quality Control,Process,,0,8,0
FIN-BRV-COF-TAB-72X42-BE,,Assembly & Packaging Setup,Assembly & Packaging,Setup,,0,5,0
FIN-BRV-COF-TAB-72X42-BE,,Assembly & Packaging,Assembly & Packaging,Process,,0,15,0
FIN-BRV-COF-TAB-72X42-BO,,Quality Control,Quality Control,Process,,0,8,0
FIN-BRV-COF-TAB-72X42-BO,,Assembly & Packaging Setup,Assembly & Packaging,Setup,,0,5,0
FIN-BRV-COF-TAB-72X42-BO,,Assembly & Packaging,Assembly & Packaging,Process,,0,15,0
FIN-BRV-COF-TAB-72X42-BR,,Quality Control,Quality Control,Process,,0,8,0
FIN-BRV-COF-TAB-72X42-BR,,Assembly & Packaging Setup,Assembly & Packaging,Setup,,0,5,0
FIN-BRV-COF-TAB-72X42-BR,,Assembly & Packaging,Assembly & Packaging,Process,,0,15,0
FIN-BRV-COF-TAB-72X42-GR,,Quality Control,Quality Control,Process,,0,8,0
FIN-BRV-COF-TAB-72X42-GR,,Assembly & Packaging Setup,Assembly & Packaging,Setup,,0,5,0
FIN-BRV-COF-TAB-72X42-GR,,Assembly & Packaging,Assembly & Packaging,Process,,0,15,0
FIN-BRV-COF-TAB-72X42-WH,,Quality Control,Quality Control,Process,,0,8,0
FIN-BRV-COF-TAB-72X42-WH,,Assembly & Packaging Setup,Assembly & Packaging,Setup,,0,5,0
FIN-BRV-COF-TAB-72X42-WH,,Assembly & Packaging,Assembly & Packaging,Process,,0,15,0
FIN-BRV-COF-TAB-72X56,,Quality Control,Quality Control,Process,,0,8,0
FIN-BRV-COF-TAB-72X56,,Assembly & Packaging Setup,Assembly & Packaging,Setup,,0,5,0
FIN-BRV-COF-TAB-72X56,,Assembly & Packaging,Assembly & Packaging,Process,,0,15,0
FIN-BRV-COF-TAB-72X56-BE,,Quality Control,Quality Control,Process,,0,8,0
FIN-BRV-COF-TAB-72X56-BE,,Assembly & Packaging Setup,Assembly & Packaging,Setup,,0,5,0
FIN-BRV-COF-TAB-72X56-BE,,Assembly & Packaging,Assembly & Packaging,Process,,0,15,0
FIN-BRV-COF-TAB-72X56-BO,,Quality Control,Quality Control,Process,,0,8,0
FIN-BRV-COF-TAB-72X56-BO,,Assembly & Packaging Setup,Assembly & Packaging,Setup,,0,5,0
FIN-BRV-COF-TAB-72X56-BO,,Assembly & Packaging,Assembly & Packaging,Process,,0,15,0
FIN-BRV-COF-TAB-72X56-BR,,Quality Control,Quality Control,Process,,0,8,0
FIN-BRV-COF-TAB-72X56-BR,,Assembly & Packaging Setup,Assembly & Packaging,Setup,,0,5,0
FIN-BRV-COF-TAB-72X56-BR,,Assembly & Packaging,Assembly & Packaging,Process,,0,15,0
FIN-BRV-COF-TAB-72X56-GR,,Quality Control,Quality Control,Process,,0,8,0
FIN-BRV-COF-TAB-72X56-GR,,Assembly & Packaging Setup,Assembly & Packaging,Setup,,0,5,0
FIN-BRV-COF-TAB-72X56-GR,,Assembly & Packaging,Assembly & Packaging,Process,,0,15,0
FIN-BRV-COF-TAB-72X56-WH,,Quality Control,Quality Control,Process,,0,8,0
FIN-BRV-COF-TAB-72X56-WH,,Assembly & Packaging Setup,Assembly & Packaging,Setup,,0,5,0
FIN-BRV-COF-TAB-72X56-WH,,Assembly & Packaging,Assembly & Packaging,Process,,0,15,0
FIN-BRV-COR-CHS-72X34,,Quality Control,Quality Control,Process,,0,8,0
FIN-BRV-COR-CHS-72X34,,Assembly & Packaging Setup,Assembly & Packaging,Setup,,0,5,0
FIN-BRV-COR-CHS-72X34,,Assembly & Packaging,Assembly & Packaging,Process,,0,15,0
FIN-BRV-COR-CHS-84X34,,Quality Control,Quality Control,Process,,0,8,0
FIN-BRV-COR-CHS-84X34,,Assembly & Packaging Setup,Assembly & Packaging,Setup,,0,5,0
FIN-BRV-COR-CHS-84X34,,Assembly & Packaging,Assembly & Packaging,Process,,0,15,0
FIN-BRV-COR-SOF-72X34,,Quality Control,Quality Control,Process,,0,8,0
FIN-BRV-COR-SOF-72X34,,Assembly & Packaging Setup,Assembly & Packaging,Setup,,0,5,0
FIN-BRV-COR-SOF-72X34,,Assembly & Packaging,Assembly & Packaging,Process,,0,15,0
FIN-BRV-COR-SOF-72X34-LS,,Quality Control,Quality Control,Process,,0,8,0
FIN-BRV-COR-SOF-72X34-LS,,Assembly & Packaging Setup,Assembly & Packaging,Setup,,0,5,0
FIN-BRV-COR-SOF-72X34-LS,,Assembly & Packaging,Assembly & Packaging,Process,,0,15,0
FIN-BRV-COR-SOF-72X34-LS-BE,,Quality Control,Quality Control,Process,,0,8,0
FIN-BRV-COR-SOF-72X34-LS-BE,,Assembly & Packaging Setup,Assembly & Packaging,Setup,,0,5,0
FIN-BRV-COR-SOF-72X34-LS-BE,,Assembly & Packaging,Assembly & Packaging,Process,,0,15,0
FIN-BRV-COR-SOF-72X34-LS-BO,,Quality Control,Quality Control,Process,,0,8,0
FIN-BRV-COR-SOF-72X34-LS-BO,,Assembly & Packaging Setup,Assembly & Packaging,Setup,,0,5,0
FIN-BRV-COR-SOF-72X34-LS-BO,,Assembly & Packaging,Assembly & Packaging,Process,,0,15,0
FIN-BRV-COR-SOF-72X34-LS-BR,,Quality Control,Quality Control,Process,,0,8,0
FIN-BRV-COR-SOF-72X34-LS-BR,,Assembly & Packaging Setup,Assembly & Packaging,Setup,,0,5,0
FIN-BRV-COR-SOF-72X34-LS-BR,,Assembly & Packaging,Assembly & Packaging,Process,,0,15,0
FIN-BRV-COR-SOF-72X34-LS-GR,,Quality Control,Quality Control,Process,,0,8,0
FIN-BRV-COR-SOF-72X34-LS-GR,,Assembly & Packaging Setup,Assembly & Packaging,Setup,,0,5,0
FIN-BRV-COR-SOF-72X34-LS-GR,,Assembly & Packaging,Assembly & Packaging,Process,,0,15,0
FIN-BRV-COR-SOF-72X34-LS-WH,,Quality Control,Quality Control,Process,,0,8,0
FIN-BRV-COR-SOF-72X34-LS-WH,,Assembly & Packaging Setup,Assembly & Packaging,Setup,,0,5,0
FIN-BRV-COR-SOF-72X34-LS-WH,,Assembly & Packaging,Assembly & Packaging,Process,,0,15,0
FIN-BRV-COR-SOF-72X34-RS,,Quality Control,Quality Control,Process,,0,8,0
FIN-BRV-COR-SOF-72X34-RS,,Assembly & Packaging Setup,Assembly & Packaging,Setup,,0,5,0
FIN-BRV-COR-SOF-72X34-RS,,Assembly & Packaging,Assembly & Packaging,Process,,0,15,0
FIN-BRV-COR-SOF-72X34-RS-BE,,Quality Control,Quality Control,Process,,0,8,0
FIN-BRV-COR-SOF-72X34-RS-BE,,Assembly & Packaging Setup,Assembly & Packaging,Setup,,0,5,0
FIN-BRV-COR-SOF-72X34-RS-BE,,Assembly & Packaging,Assembly & Packaging,Process,,0,15,0
FIN-BRV-COR-SOF-72X34-RS-BO,,Quality Control,Quality Control,Process,,0,8,0
FIN-BRV-COR-SOF-72X34-RS-BO,,Assembly & Packaging Setup,Assembly & Packaging,Setup,,0,5,0
FIN-BRV-COR-SOF-72X34-RS-BO,,Assembly & Packaging,Assembly & Packaging,Process,,0,15,0
FIN-BRV-COR-SOF-72X34-RS-BR,,Quality Control,Quality Control,Process,,0,8,0
FIN-BRV-COR-SOF-72X34-RS-BR,,Assembly & Packaging Setup,Assembly & Packaging,Setup,,0,5,0
FIN-BRV-COR-SOF-72X34-RS-BR,,Assembly & Packaging,Assembly & Packaging,Process,,0,15,0
FIN-BRV-COR-SOF-72X34-RS-GR,,Quality Control,Quality Control,Process,,0,8,0
FIN-BRV-COR-SOF-72X34-RS-GR,,Assembly & Packaging Setup,Assembly & Packaging,Setup,,0,5,0
FIN-BRV-COR-SOF-72X34-RS-GR,,Assembly & Packaging,Assembly & Packaging,Process,,0,15,0
FIN-BRV-COR-SOF-72X34-RS-WH,,Quality Control,Quality Control,Process,,0,8,0
FIN-BRV-COR-SOF-72X34-RS-WH,,Assembly & Packaging Setup,Assembly & Packaging,Setup,,0,5,0
FIN-BRV-COR-SOF-72X34-RS-WH,,Assembly & Packaging,Assembly & Packaging,Process,,0,15,0
FIN-BRV-COR-SOF-84X34,,Quality Control,Quality Control,Process,,0,8,0
FIN-BRV-COR-SOF-84X34,,Assembly & Packaging Setup,Assembly & Packaging,Setup,,0,5,0
FIN-BRV-COR-SOF-84X34,,Assembly & Packaging,Assembly & Packaging,Process,,0,15,0
FIN-BRV-COR-SOF-84X34-LS,,Quality Control,Quality Control,Process,,0,8,0
FIN-BRV-COR-SOF-84X34-LS,,Assembly & Packaging Setup,Assembly & Packaging,Setup,,0,5,0
FIN-BRV-COR-SOF-84X34-LS,,Assembly & Packaging,Assembly & Packaging,Process,,0,15,0
FIN-BRV-COR-SOF-84X34-LS-BE,,Quality Control,Quality Control,Process,,0,8,0
FIN-BRV-COR-SOF-84X34-LS-BE,,Assembly & Packaging Setup,Assembly & Packaging,Setup,,0,5,0
FIN-BRV-COR-SOF-84X34-LS-BE,,Assembly & Packaging,Assembly & Packaging,Process,,0,15,0
FIN-BRV-COR-SOF-84X34-LS-BO,,Quality Control,Quality Control,Process,,0,8,0
FIN-BRV-COR-SOF-84X34-LS-BO,,Assembly & Packaging Setup,Assembly & Packaging,Setup,,0,5,0
FIN-BRV-COR-SOF-84X34-LS-BO,,Assembly & Packaging,Assembly & Packaging,Process,,0,15,0
FIN-BRV-COR-SOF-84X34-LS-BR,,Quality Control,Quality Control,Process,,0,8,0
FIN-BRV-COR-SOF-84X34-LS-BR,,Assembly & Packaging Setup,Assembly & Packaging,Setup,,0,5,0
FIN-BRV-COR-SOF-84X34-LS-BR,,Assembly & Packaging,Assembly & Packaging,Process,,0,15,0
FIN-BRV-COR-SOF-84X34-LS-GR,,Quality Control,Quality Control,Process,,0,8,0
FIN-BRV-COR-SOF-84X34-LS-GR,,Assembly & Packaging Setup,Assembly & Packaging,Setup,,0,5,0
FIN-BRV-COR-SOF-84X34-LS-GR,,Assembly & Packaging,Assembly & Packaging,Process,,0,15,0
FIN-BRV-COR-SOF-84X34-LS-WH,,Quality Control,Quality Control,Process,,0,8,0
FIN-BRV-COR-SOF-84X34-LS-WH,,Assembly & Packaging Setup,Assembly & Packaging,Setup,,0,5,0
FIN-BRV-COR-SOF-84X34-LS-WH,,Assembly & Packaging,Assembly & Packaging,Process,,0,15,0
FIN-BRV-COR-SOF-84X34-RS,,Quality Control,Quality Control,Process,,0,8,0
FIN-BRV-COR-SOF-84X34-RS,,Assembly & Packaging Setup,Assembly & Packaging,Setup,,0,5,0
FIN-BRV-COR-SOF-84X34-RS,,Assembly & Packaging,Assembly & Packaging,Process,,0,15,0
FIN-BRV-COR-SOF-84X34-RS-BE,,Quality Control,Quality Control,Process,,0,8,0
FIN-BRV-COR-SOF-84X34-RS-BE,,Assembly & Packaging Setup,Assembly & Packaging,Setup,,0,5,0
FIN-BRV-COR-SOF-84X34-RS-BE,,Assembly & Packaging,Assembly & Packaging,Process,,0,15,0
FIN-BRV-COR-SOF-84X34-RS-BO,,Quality Control,Quality Control,Process,,0,8,0
FIN-BRV-COR-SOF-84X34-RS-BO,,Assembly & Packaging Setup,Assembly & Packaging,Setup,,0,5,0
FIN-BRV-COR-SOF-84X34-RS-BO,,Assembly & Packaging,Assembly & Packaging,Process,,0,15,0
FIN-BRV-COR-SOF-84X34-RS-BR,,Quality Control,Quality Control,Process,,0,8,0
FIN-BRV-COR-SOF-84X34-RS-BR,,Assembly & Packaging Setup,Assembly & Packaging,Setup,,0,5,0
FIN-BRV-COR-SOF-84X34-RS-BR,,Assembly & Packaging,Assembly & Packaging,Process,,0,15,0
FIN-BRV-COR-SOF-84X34-RS-GR,,Quality Control,Quality Control,Process,,0,8,0
FIN-BRV-COR-SOF-84X34-RS-GR,,Assembly & Packaging Setup,Assembly & Packaging,Setup,,0,5,0
FIN-BRV-COR-SOF-84X34-RS-GR,,Assembly & Packaging,Assembly & Packaging,Process,,0,15,0
FIN-BRV-COR-SOF-84X34-RS-WH,,Quality Control,Quality Control,Process,,0,8,0
FIN-BRV-COR-SOF-84X34-RS-WH,,Assembly & Packaging Setup,Assembly & Packaging,Setup,,0,5,0
FIN-BRV-COR-SOF-84X34-RS-WH,,Assembly & Packaging,Assembly & Packaging,Process,,0,15,0
FIN-BRV-COR-SOF-96X34,,Quality Control,Quality Control,Process,,0,8,0
FIN-BRV-COR-SOF-96X34,,Assembly & Packaging Setup,Assembly & Packaging,Setup,,0,5,0
FIN-BRV-COR-SOF-96X34,,Assembly & Packaging,Assembly & Packaging,Process,,0,15,0
FIN-BRV-COR-SOF-96X34-LS,,Quality Control,Quality Control,Process,,0,8,0
FIN-BRV-COR-SOF-96X34-LS,,Assembly & Packaging Setup,Assembly & Packaging,Setup,,0,5,0
FIN-BRV-COR-SOF-96X34-LS,,Assembly & Packaging,Assembly & Packaging,Process,,0,15,0
FIN-BRV-COR-SOF-96X34-LS-BE,,Quality Control,Quality Control,Process,,0,8,0
FIN-BRV-COR-SOF-96X34-LS-BE,,Assembly & Packaging Setup,Assembly & Packaging,Setup,,0,5,0
FIN-BRV-COR-SOF-96X34-LS-BE,,Assembly & Packaging,Assembly & Packaging,Process,,0,15,0
FIN-BRV-COR-SOF-96X34-LS-BO,,Quality Control,Quality Control,Process,,0,8,0
FIN-BRV-COR-SOF-96X34-LS-BO,,Assembly & Packaging Setup,Assembly & Packaging,Setup,,0,5,0
FIN-BRV-COR-SOF-96X34-LS-BO,,Assembly & Packaging,Assembly & Packaging,Process,,0,15,0
FIN-BRV-COR-SOF-96X34-LS-BR,,Quality Control,Quality Control,Process,,0,8,0
FIN-BRV-COR-SOF-96X34-LS-BR,,Assembly & Packaging Setup,Assembly & Packaging,Setup,,0,5,0
FIN-BRV-COR-SOF-96X34-LS-BR,,Assembly & Packaging,Assembly & Packaging,Process,,0,15,0
FIN-BRV-COR-SOF-96X34-LS-GR,,Quality Control,Quality Control,Process,,0,8,0
FIN-BRV-COR-SOF-96X34-LS-GR,,Assembly & Packaging Setup,Assembly & Packaging,Setup,,0,5,0
FIN-BRV-COR-SOF-96X34-LS-GR,,Assembly & Packaging,Assembly & Packaging,Process,,0,15,0
FIN-BRV-COR-SOF-96X34-LS-WH,,Quality Control,Quality Control,Process,,0,8,0
FIN-BRV-COR-SOF-96X34-LS-WH,,Assembly & Packaging Setup,Assembly & Packaging,Setup,,0,5,0
FIN-BRV-COR-SOF-96X34-LS-WH,,Assembly & Packaging,Assembly & Packaging,Process,,0,15,0
FIN-BRV-COR-SOF-96X34-RS,,Quality Control,Quality Control,Process,,0,8,0
FIN-BRV-COR-SOF-96X34-RS,,Assembly & Packaging Setup,Assembly & Packaging,Setup,,0,5,0
FIN-BRV-COR-SOF-96X34-RS,,Assembly & Packaging,Assembly & Packaging,Process,,0,15,0
FIN-BRV-COR-SOF-96X34-RS-BE,,Quality Control,Quality Control,Process,,0,8,0
FIN-BRV-COR-SOF-96X34-RS-BE,,Assembly & Packaging Setup,Assembly & Packaging,Setup,,0,5,0
FIN-BRV-COR-SOF-96X34-RS-BE,,Assembly & Packaging,Assembly & Packaging,Process,,0,15,0
FIN-BRV-COR-SOF-96X34-RS-BO,,Quality Control,Quality Control,Process,,0,8,0
FIN-BRV-COR-SOF-96X34-RS-BO,,Assembly & Packaging Setup,Assembly & Packaging,Setup,,0,5,0
FIN-BRV-COR-SOF-96X34-RS-BO,,Assembly & Packaging,Assembly & Packaging,Process,,0,15,0
FIN-BRV-COR-SOF-96X34-RS-BR,,Quality Control,Quality Control,Process,,0,8,0
FIN-BRV-COR-SOF-96X34-RS-BR,,Assembly & Packaging Setup,Assembly & Packaging,Setup,,0,5,0
FIN-BRV-COR-SOF-96X34-RS-BR,,Assembly & Packaging,Assembly & Packaging,Process,,0,15,0
FIN-BRV-COR-SOF-96X34-RS-GR,,Quality Control,Quality Control,Process,,0,8,0
FIN-BRV-COR-SOF-96X34-RS-GR,,Assembly & Packaging Setup,Assembly & Packaging,Setup,,0,5,0
FIN-BRV-COR-SOF-96X34-RS-GR,,Assembly & Packaging,Assembly & Packaging,Process,,0,15,0
FIN-BRV-COR-SOF-96X34-RS-WH,,Quality Control,Quality Control,Process,,0,8,0
FIN-BRV-COR-SOF-96X34-RS-WH,,Assembly & Packaging Setup,Assembly & Packaging,Setup,,0,5,0
FIN-BRV-COR-SOF-96X34-RS-WH,,Assembly & Packaging,Assembly & Packaging,Process,,0,15,0
FIN-BRV-DOU-CHS-58X79,,Quality Control,Quality Control,Process,,0,8,0
FIN-BRV-DOU-CHS-58X79,,Assembly & Packaging Setup,Assembly & Packaging,Setup,,0,5,0
FIN-BRV-DOU-CHS-58X79,,Assembly & Packaging,Assembly & Packaging,Process,,0,15,0
FIN-BRV-DOU-CHS-58X79-BE,,Quality Control,Quality Control,Process,,0,8,0
FIN-BRV-DOU-CHS-58X79-BE,,Assembly & Packaging Setup,Assembly & Packaging,Setup,,0,5,0
FIN-BRV-DOU-CHS-58X79-BE,,Assembly & Packaging,Assembly & Packaging,Process,,0,15,0
FIN-BRV-DOU-CHS-58X79-BO,,Quality Control,Quality Control,Process,,0,8,0
FIN-BRV-DOU-CHS-58X79-BO,,Assembly & Packaging Setup,Assembly & Packaging,Setup,,0,5,0
FIN-BRV-DOU-CHS-58X79-BO,,Assembly & Packaging,Assembly & Packaging,Process,,0,15,0
FIN-BRV-DOU-CHS-58X79-BR,,Quality Control,Quality Control,Process,,0,8,0
FIN-BRV-DOU-CHS-58X79-BR,,Assembly & Packaging Setup,Assembly & Packaging,Setup,,0,5,0
FIN-BRV-DOU-CHS-58X79-BR,,Assembly & Packaging,Assembly & Packaging,Process,,0,15,0
FIN-BRV-DOU-CHS-58X79-GR,,Quality Control,Quality Control,Process,,0,8,0
FIN-BRV-DOU-CHS-58X79-GR,,Assembly & Packaging Setup,Assembly & Packaging,Setup,,0,5,0
FIN-BRV-DOU-CHS-58X79-GR,,Assembly & Packaging,Assembly & Packaging,Process,,0,15,0
FIN-BRV-DOU-CHS-58X79-NOARM,,Quality Control,Quality Control,Process,,0,8,0
FIN-BRV-DOU-CHS-58X79-NOARM,,Assembly & Packaging Setup,Assembly & Packaging,Setup,,0,5,0
FIN-BRV-DOU-CHS-58X79-NOARM,,Assembly & Packaging,Assembly & Packaging,Process,,0,15,0
FIN-BRV-DOU-CHS-58X79-NOARM-BE,,Quality Control,Quality Control,Process,,0,8,0
FIN-BRV-DOU-CHS-58X79-NOARM-BE,,Assembly & Packaging Setup,Assembly & Packaging,Setup,,0,5,0
FIN-BRV-DOU-CHS-58X79-NOARM-BE,,Assembly & Packaging,Assembly & Packaging,Process,,0,15,0
FIN-BRV-DOU-CHS-58X79-NOARM-BO,,Quality Control,Quality Control,Process,,0,8,0
FIN-BRV-DOU-CHS-58X79-NOARM-BO,,Assembly & Packaging Setup,Assembly & Packaging,Setup,,0,5,0
FIN-BRV-DOU-CHS-58X79-NOARM-BO,,Assembly & Packaging,Assembly & Packaging,Process,,0,15,0
FIN-BRV-DOU-CHS-58X79-NOARM-BR,,Quality Control,Quality Control,Process,,0,8,0
FIN-BRV-DOU-CHS-58X79-NOARM-BR,,Assembly & Packaging Setup,Assembly & Packaging,Setup,,0,5,0
FIN-BRV-DOU-CHS-58X79-NOARM-BR,,Assembly & Packaging,Assembly & Packaging,Process,,0,15,0
FIN-BRV-DOU-CHS-58X79-NOARM-GR,,Quality Control,Quality Control,Process,,0,8,0
FIN-BRV-DOU-CHS-58X79-NOARM-GR,,Assembly & Packaging Setup,Assembly & Packaging,Setup,,0,5,0
FIN-BRV-DOU-CHS-58X79-NOARM-GR,,Assembly & Packaging,Assembly & Packaging,Process,,0,15,0
FIN-BRV-DOU-CHS-58X79-NOARM-WH,,Quality Control,Quality Control,Process,,0,8,0
FIN-BRV-DOU-CHS-58X79-NOARM-WH,,Assembly & Packaging Setup,Assembly & Packaging,Setup,,0,5,0
FIN-BRV-DOU-CHS-58X79-NOARM-WH,,Assembly & Packaging,Assembly & Packaging,Process,,0,15,0
FIN-BRV-DOU-CHS-58X79-WH,,Quality Control,Quality Control,Process,,0,8,0
FIN-BRV-DOU-CHS-58X79-WH,,Assembly & Packaging Setup,Assembly & Packaging,Setup,,0,5,0
FIN-BRV-DOU-CHS-58X79-WH,,Assembly & Packaging,Assembly & Packaging,Process,,0,15,0
FIN-BRV-DYB-72X72,,Quality Control,Quality Control,Process,,0,8,0
FIN-BRV-DYB-72X72,,Assembly & Packaging Setup,Assembly & Packaging,Setup,,0,5,0
FIN-BRV-DYB-72X72,,Assembly & Packaging,Assembly & Packaging,Process,,0,15,0
FIN-BRV-DYB-72X72-BE,,Quality Control,Quality Control,Process,,0,8,0
FIN-BRV-DYB-72X72-BE,,Assembly & Packaging Setup,Assembly & Packaging,Setup,,0,5,0
FIN-BRV-DYB-72X72-BE,,Assembly & Packaging,Assembly & Packaging,Process,,0,15,0
FIN-BRV-DYB-72X72-BO,,Quality Control,Quality Control,Process,,0,8,0
FIN-BRV-DYB-72X72-BO,,Assembly & Packaging Setup,Assembly & Packaging,Setup,,0,5,0
FIN-BRV-DYB-72X72-BO,,Assembly & Packaging,Assembly & Packaging,Process,,0,15,0
FIN-BRV-DYB-72X72-BR,,Quality Control,Quality Control,Process,,0,8,0
FIN-BRV-DYB-72X72-BR,,Assembly & Packaging Setup,Assembly & Packaging,Setup,,0,5,0
FIN-BRV-DYB-72X72-BR,,Assembly & Packaging,Assembly & Packaging,Process,,0,15,0
FIN-BRV-DYB-72X72-GR,,Quality Control,Quality Control,Process,,0,8,0
FIN-BRV-DYB-72X72-GR,,Assembly & Packaging Setup,Assembly & Packaging,Setup,,0,5,0
FIN-BRV-DYB-72X72-GR,,Assembly & Packaging,Assembly & Packaging,Process,,0,15,0
FIN-BRV-DYB-72X72-WH,,Quality Control,Quality Control,Process,,0,8,0
FIN-BRV-DYB-72X72-WH,,Assembly & Packaging Setup,Assembly & Packaging,Setup,,0,5,0
FIN-BRV-DYB-72X72-WH,,Assembly & Packaging,Assembly & Packaging,Process,,0,15,0
FIN-BRV-DYB-72X78,,Quality Control,Quality Control,Process,,0,8,0
FIN-BRV-DYB-72X78,,Assembly & Packaging Setup,Assembly & Packaging,Setup,,0,5,0
FIN-BRV-DYB-72X78,,Assembly & Packaging,Assembly & Packaging,Process,,0,15,0
FIN-BRV-DYB-72X78-BE,,Quality Control,Quality Control,Process,,0,8,0
FIN-BRV-DYB-72X78-BE,,Assembly & Packaging Setup,Assembly & Packaging,Setup,,0,5,0
FIN-BRV-DYB-72X78-BE,,Assembly & Packaging,Assembly & Packaging,Process,,0,15,0
FIN-BRV-DYB-72X78-BO,,Quality Control,Quality Control,Process,,0,8,0
FIN-BRV-DYB-72X78-BO,,Assembly & Packaging Setup,Assembly & Packaging,Setup,,0,5,0
FIN-BRV-DYB-72X78-BO,,Assembly & Packaging,Assembly & Packaging,Process,,0,15,0
FIN-BRV-DYB-72X78-BR,,Quality Control,Quality Control,Process,,0,8,0
FIN-BRV-DYB-72X78-BR,,Assembly & Packaging Setup,Assembly & Packaging,Setup,,0,5,0
FIN-BRV-DYB-72X78-BR,,Assembly & Packaging,Assembly & Packaging,Process,,0,15,0
FIN-BRV-DYB-72X78-GR,,Quality Control,Quality Control,Process,,0,8,0
FIN-BRV-DYB-72X78-GR,,Assembly & Packaging Setup,Assembly & Packaging,Setup,,0,5,0
FIN-BRV-DYB-72X78-GR,,Assembly & Packaging,Assembly & Packaging,Process,,0,15,0
FIN-BRV-DYB-72X78-WH,,Quality Control,Quality Control,Process,,0,8,0
FIN-BRV-DYB-72X78-WH,,Assembly & Packaging Setup,Assembly & Packaging,Setup,,0,5,0
FIN-BRV-DYB-72X78-WH,,Assembly & Packaging,Assembly & Packaging,Process,,0,15,0
FIN-BRV-DYB-78X72,,Quality Control,Quality Control,Process,,0,8,0
FIN-BRV-DYB-78X72,,Assembly & Packaging Setup,Assembly & Packaging,Setup,,0,5,0
FIN-BRV-DYB-78X72,,Assembly & Packaging,Assembly & Packaging,Process,,0,15,0
FIN-BRV-DYB-78X72-BE,,Quality Control,Quality Control,Process,,0,8,0
FIN-BRV-DYB-78X72-BE,,Assembly & Packaging Setup,Assembly & Packaging,Setup,,0,5,0
FIN-BRV-DYB-78X72-BE,,Assembly & Packaging,Assembly & Packaging,Process,,0,15,0
FIN-BRV-DYB-78X72-BO,,Quality Control,Quality Control,Process,,0,8,0
FIN-BRV-DYB-78X72-BO,,Assembly & Packaging Setup,Assembly & Packaging,Setup,,0,5,0
FIN-BRV-DYB-78X72-BO,,Assembly & Packaging,Assembly & Packaging,Process,,0,15,0
FIN-BRV-DYB-78X72-BR,,Quality Control,Quality Control,Process,,0,8,0
FIN-BRV-DYB-78X72-BR,,Assembly & Packaging Setup,Assembly & Packaging,Setup,,0,5,0
FIN-BRV-DYB-78X72-BR,,Assembly & Packaging,Assembly & Packaging,Process,,0,15,0
FIN-BRV-DYB-78X72-GR,,Quality Control,Quality Control,Process,,0,8,0
FIN-BRV-DYB-78X72-GR,,Assembly & Packaging Setup,Assembly & Packaging,Setup,,0,5,0
FIN-BRV-DYB-78X72-GR,,Assembly & Packaging,Assembly & Packaging,Process,,0,15,0
FIN-BRV-DYB-78X72-WH,,Quality Control,Quality Control,Process,,0,8,0
FIN-BRV-DYB-78X72-WH,,Assembly & Packaging Setup,Assembly & Packaging,Setup,,0,5,0
FIN-BRV-DYB-78X72-WH,,Assembly & Packaging,Assembly & Packaging,Process,,0,15,0
FIN-BRV-DYB-78X78,,Quality Control,Quality Control,Process,,0,8,0
FIN-BRV-DYB-78X78,,Assembly & Packaging Setup,Assembly & Packaging,Setup,,0,5,0
FIN-BRV-DYB-78X78,,Assembly & Packaging,Assembly & Packaging,Process,,0,15,0
FIN-BRV-DYB-78X78-BE,,Quality Control,Quality Control,Process,,0,8,0
FIN-BRV-DYB-78X78-BE,,Assembly & Packaging Setup,Assembly & Packaging,Setup,,0,5,0
FIN-BRV-DYB-78X78-BE,,Assembly & Packaging,Assembly & Packaging,Process,,0,15,0
FIN-BRV-DYB-78X78-BO,,Quality Control,Quality Control,Process,,0,8,0
FIN-BRV-DYB-78X78-BO,,Assembly & Packaging Setup,Assembly & Packaging,Setup,,0,5,0
FIN-BRV-DYB-78X78-BO,,Assembly & Packaging,Assembly & Packaging,Process,,0,15,0
FIN-BRV-DYB-78X78-BR,,Quality Control,Quality Control,Process,,0,8,0
FIN-BRV-DYB-78X78-BR,,Assembly & Packaging Setup,Assembly & Packaging,Setup,,0,5,0
FIN-BRV-DYB-78X78-BR,,Assembly & Packaging,Assembly & Packaging,Process,,0,15,0
FIN-BRV-DYB-78X78-GR,,Quality Control,Quality Control,Process,,0,8,0
FIN-BRV-DYB-78X78-GR,,Assembly & Packaging Setup,Assembly & Packaging,Setup,,0,5,0
FIN-BRV-DYB-78X78-GR,,Assembly & Packaging,Assembly & Packaging,Process,,0,15,0
FIN-BRV-DYB-78X78-WH,,Quality Control,Quality Control,Process,,0,8,0
FIN-BRV-DYB-78X78-WH,,Assembly & Packaging Setup,Assembly & Packaging,Setup,,0,5,0
FIN-BRV-DYB-78X78-WH,,Assembly & Packaging,Assembly & Packaging,Process,,0,15,0
FIN-BRV-DYB-84X72,,Quality Control,Quality Control,Process,,0,8,0
FIN-BRV-DYB-84X72,,Assembly & Packaging Setup,Assembly & Packaging,Setup,,0,5,0
FIN-BRV-DYB-84X72,,Assembly & Packaging,Assembly & Packaging,Process,,0,15,0
FIN-BRV-DYB-84X78,,Quality Control,Quality Control,Process,,0,8,0
FIN-BRV-DYB-84X78,,Assembly & Packaging Setup,Assembly & Packaging,Setup,,0,5,0
FIN-BRV-DYB-84X78,,Assembly & Packaging,Assembly & Packaging,Process,,0,15,0
FIN-BRV-DYB-84X78-BE,,Quality Control,Quality Control,Process,,0,8,0
FIN-BRV-DYB-84X78-BE,,Assembly & Packaging Setup,Assembly & Packaging,Setup,,0,5,0
FIN-BRV-DYB-84X78-BE,,Assembly & Packaging,Assembly & Packaging,Process,,0,15,0
FIN-BRV-DYB-84X78-BO,,Quality Control,Quality Control,Process,,0,8,0
FIN-BRV-DYB-84X78-BO,,Assembly & Packaging Setup,Assembly & Packaging,Setup,,0,5,0
FIN-BRV-DYB-84X78-BO,,Assembly & Packaging,Assembly & Packaging,Process,,0,15,0
FIN-BRV-DYB-84X78-BR,,Quality Control,Quality Control,Process,,0,8,0
FIN-BRV-DYB-84X78-BR,,Assembly & Packaging Setup,Assembly & Packaging,Setup,,0,5,0
FIN-BRV-DYB-84X78-BR,,Assembly & Packaging,Assembly & Packaging,Process,,0,15,0
FIN-BRV-DYB-84X78-GR,,Quality Control,Quality Control,Process,,0,8,0
FIN-BRV-DYB-84X78-GR,,Assembly & Packaging Setup,Assembly & Packaging,Setup,,0,5,0
FIN-BRV-DYB-84X78-GR,,Assembly & Packaging,Assembly & Packaging,Process,,0,15,0
FIN-BRV-DYB-84X78-WH,,Quality Control,Quality Control,Process,,0,8,0
FIN-BRV-DYB-84X78-WH,,Assembly & Packaging Setup,Assembly & Packaging,Setup,,0,5,0
FIN-BRV-DYB-84X78-WH,,Assembly & Packaging,Assembly & Packaging,Process,,0,15,0
FIN-BRV-DYB-84X84,,Quality Control,Quality Control,Process,,0,8,0
FIN-BRV-DYB-84X84,,Assembly & Packaging Setup,Assembly & Packaging,Setup,,0,5,0
FIN-BRV-DYB-84X84,,Assembly & Packaging,Assembly & Packaging,Process,,0,15,0
FIN-BRV-DYB-84X84-DAYBED,,Quality Control,Quality Control,Process,,0,8,0
FIN-BRV-DYB-84X84-DAYBED,,Assembly & Packaging Setup,Assembly & Packaging,Setup,,0,5,0
FIN-BRV-DYB-84X84-DAYBED,,Assembly & Packaging,Assembly & Packaging,Process,,0,15,0
FIN-BRV-LOV-SOF-60X34,,Quality Control,Quality Control,Process,,0,8,0
FIN-BRV-LOV-SOF-60X34,,Assembly & Packaging Setup,Assembly & Packaging,Setup,,0,5,0
FIN-BRV-LOV-SOF-60X34,,Assembly & Packaging,Assembly & Packaging,Process,,0,15,0
FIN-BRV-LOV-SOF-60X34-BE,,Quality Control,Quality Control,Process,,0,8,0
FIN-BRV-LOV-SOF-60X34-BE,,Assembly & Packaging Setup,Assembly & Packaging,Setup,,0,5,0
FIN-BRV-LOV-SOF-60X34-BE,,Assembly & Packaging,Assembly & Packaging,Process,,0,15,0
FIN-BRV-LOV-SOF-60X34-BO,,Quality Control,Quality Control,Process,,0,8,0
FIN-BRV-LOV-SOF-60X34-BO,,Assembly & Packaging Setup,Assembly & Packaging,Setup,,0,5,0
FIN-BRV-LOV-SOF-60X34-BO,,Assembly & Packaging,Assembly & Packaging,Process,,0,15,0
FIN-BRV-LOV-SOF-60X34-BR,,Quality Control,Quality Control,Process,,0,8,0
FIN-BRV-LOV-SOF-60X34-BR,,Assembly & Packaging Setup,Assembly & Packaging,Setup,,0,5,0
FIN-BRV-LOV-SOF-60X34-BR,,Assembly & Packaging,Assembly & Packaging,Process,,0,15,0
FIN-BRV-LOV-SOF-60X34-GR,,Quality Control,Quality Control,Process,,0,8,0
FIN-BRV-LOV-SOF-60X34-GR,,Assembly & Packaging Setup,Assembly & Packaging,Setup,,0,5,0
FIN-BRV-LOV-SOF-60X34-GR,,Assembly & Packaging,Assembly & Packaging,Process,,0,15,0
FIN-BRV-LOV-SOF-60X34-WH,,Quality Control,Quality Control,Process,,0,8,0
FIN-BRV-LOV-SOF-60X34-WH,,Assembly & Packaging Setup,Assembly & Packaging,Setup,,0,5,0
FIN-BRV-LOV-SOF-60X34-WH,,Assembly & Packaging,Assembly & Packaging,Process,,0,15,0
FIN-BRV-MIN-LOV-48X34,,Quality Control,Quality Control,Process,,0,8,0
FIN-BRV-MIN-LOV-48X34,,Assembly & Packaging Setup,Assembly & Packaging,Setup,,0,5,0
FIN-BRV-MIN-LOV-48X34,,Assembly & Packaging,Assembly & Packaging,Process,,0,15,0
FIN-BRV-MIN-LOV-48X34-ARMLESSMINI,,Quality Control,Quality Control,Process,,0,8,0
FIN-BRV-MIN-LOV-48X34-ARMLESSMINI,,Assembly & Packaging Setup,Assembly & Packaging,Setup,,0,5,0
FIN-BRV-MIN-LOV-48X34-ARMLESSMINI,,Assembly & Packaging,Assembly & Packaging,Process,,0,15,0
FIN-BRV-MIN-LOV-48X34-BE,,Quality Control,Quality Control,Process,,0,8,0
FIN-BRV-MIN-LOV-48X34-BE,,Assembly & Packaging Setup,Assembly & Packaging,Setup,,0,5,0
FIN-BRV-MIN-LOV-48X34-BE,,Assembly & Packaging,Assembly & Packaging,Process,,0,15,0
FIN-BRV-MIN-LOV-48X34-BO,,Quality Control,Quality Control,Process,,0,8,0
FIN-BRV-MIN-LOV-48X34-BO,,Assembly & Packaging Setup,Assembly & Packaging,Setup,,0,5,0
FIN-BRV-MIN-LOV-48X34-BO,,Assembly & Packaging,Assembly & Packaging,Process,,0,15,0
FIN-BRV-MIN-LOV-48X34-BR,,Quality Control,Quality Control,Process,,0,8,0
FIN-BRV-MIN-LOV-48X34-BR,,Assembly & Packaging Setup,Assembly & Packaging,Setup,,0,5,0
FIN-BRV-MIN-LOV-48X34-BR,,Assembly & Packaging,Assembly & Packaging,Process,,0,15,0
FIN-BRV-MIN-LOV-48X34-GR,,Quality Control,Quality Control,Process,,0,8,0
FIN-BRV-MIN-LOV-48X34-GR,,Assembly & Packaging Setup,Assembly & Packaging,Setup,,0,5,0
FIN-BRV-MIN-LOV-48X34-GR,,Assembly & Packaging,Assembly & Packaging,Process,,0,15,0
FIN-BRV-MIN-LOV-48X34-MINILOVESEAT,,Quality Control,Quality Control,Process,,0,8,0
FIN-BRV-MIN-LOV-48X34-MINILOVESEAT,,Assembly & Packaging Setup,Assembly & Packaging,Setup,,0,5,0
FIN-BRV-MIN-LOV-48X34-MINILOVESEAT,,Assembly & Packaging,Assembly & Packaging,Process,,0,15,0
FIN-BRV-MIN-LOV-48X34-WH,,Quality Control,Quality Control,Process,,0,8,0
FIN-BRV-MIN-LOV-48X34-WH,,Assembly & Packaging Setup,Assembly & Packaging,Setup,,0,5,0
FIN-BRV-MIN-LOV-48X34-WH,,Assembly & Packaging,Assembly & Packaging,Process,,0,15,0
FIN-BRV-OTT-22X30,,Quality Control,Quality Control,Process,,0,8,0
FIN-BRV-OTT-22X30,,Assembly & Packaging Setup,Assembly & Packaging,Setup,,0,5,0
FIN-BRV-OTT-22X30,,Assembly & Packaging,Assembly & Packaging,Process,,0,15,0
FIN-BRV-OTT-22X42,,Quality Control,Quality Control,Process,,0,8,0
FIN-BRV-OTT-22X42,,Assembly & Packaging Setup,Assembly & Packaging,Setup,,0,5,0
FIN-BRV-OTT-22X42,,Assembly & Packaging,Assembly & Packaging,Process,,0,15,0
FIN-BRV-OTT-22X60,,Quality Control,Quality Control,Process,,0,8,0
FIN-BRV-OTT-22X60,,Assembly & Packaging Setup,Assembly & Packaging,Setup,,0,5,0
FIN-BRV-OTT-22X60,,Assembly & Packaging,Assembly & Packaging,Process,,0,15,0
FIN-BRV-OTT-22X72,,Quality Control,Quality Control,Process,,0,8,0
FIN-BRV-OTT-22X72,,Assembly & Packaging Setup,Assembly & Packaging,Setup,,0,5,0
FIN-BRV-OTT-22X72,,Assembly & Packaging,Assembly & Packaging,Process,,0,15,0
FIN-BRV-OTT-30X22,,Quality Control,Quality Control,Process,,0,8,0
FIN-BRV-OTT-30X22,,Assembly & Packaging Setup,Assembly & Packaging,Setup,,0,5,0
FIN-BRV-OTT-30X22,,Assembly & Packaging,Assembly & Packaging,Process,,0,15,0
FIN-BRV-OTT-30X22-BE,,Quality Control,Quality Control,Process,,0,8,0
FIN-BRV-OTT-30X22-BE,,Assembly & Packaging Setup,Assembly & Packaging,Setup,,0,5,0
FIN-BRV-OTT-30X22-BE,,Assembly & Packaging,Assembly & Packaging,Process,,0,15,0
FIN-BRV-OTT-30X22-BO,,Quality Control,Quality Control,Process,,0,8,0
FIN-BRV-OTT-30X22-BO,,Assembly & Packaging Setup,Assembly & Packaging,Setup,,0,5,0
FIN-BRV-OTT-30X22-BO,,Assembly & Packaging,Assembly & Packaging,Process,,0,15,0
FIN-BRV-OTT-30X22-BR,,Quality Control,Quality Control,Process,,0,8,0
FIN-BRV-OTT-30X22-BR,,Assembly & Packaging Setup,Assembly & Packaging,Setup,,0,5,0
FIN-BRV-OTT-30X22-BR,,Assembly & Packaging,Assembly & Packaging,Process,,0,15,0
FIN-BRV-OTT-30X22-GR,,Quality Control,Quality Control,Process,,0,8,0
FIN-BRV-OTT-30X22-GR,,Assembly & Packaging Setup,Assembly & Packaging,Setup,,0,5,0
FIN-BRV-OTT-30X22-GR,,Assembly & Packaging,Assembly & Packaging,Process,,0,15,0
FIN-BRV-OTT-30X22-WH,,Quality Control,Quality Control,Process,,0,8,0
FIN-BRV-OTT-30X22-WH,,Assembly & Packaging Setup,Assembly & Packaging,Setup,,0,5,0
FIN-BRV-OTT-30X22-WH,,Assembly & Packaging,Assembly & Packaging,Process,,0,15,0
FIN-BRV-OTT-34X34,,Quality Control,Quality Control,Process,,0,8,0
FIN-BRV-OTT-34X34,,Assembly & Packaging Setup,Assembly & Packaging,Setup,,0,5,0
FIN-BRV-OTT-34X34,,Assembly & Packaging,Assembly & Packaging,Process,,0,15,0
FIN-BRV-OTT-34X34-BE,,Quality Control,Quality Control,Process,,0,8,0
FIN-BRV-OTT-34X34-BE,,Assembly & Packaging Setup,Assembly & Packaging,Setup,,0,5,0
FIN-BRV-OTT-34X34-BE,,Assembly & Packaging,Assembly & Packaging,Process,,0,15,0
FIN-BRV-OTT-34X34-BO,,Quality Control,Quality Control,Process,,0,8,0
FIN-BRV-OTT-34X34-BO,,Assembly & Packaging Setup,Assembly & Packaging,Setup,,0,5,0
FIN-BRV-OTT-34X34-BO,,Assembly & Packaging,Assembly & Packaging,Process,,0,15,0
FIN-BRV-OTT-34X34-BR,,Quality Control,Quality Control,Process,,0,8,0
FIN-BRV-OTT-34X34-BR,,Assembly & Packaging Setup,Assembly & Packaging,Setup,,0,5,0
FIN-BRV-OTT-34X34-BR,,Assembly & Packaging,Assembly & Packaging,Process,,0,15,0
FIN-BRV-OTT-34X34-GR,,Quality Control,Quality Control,Process,,0,8,0
FIN-BRV-OTT-34X34-GR,,Assembly & Packaging Setup,Assembly & Packaging,Setup,,0,5,0
FIN-BRV-OTT-34X34-GR,,Assembly & Packaging,Assembly & Packaging,Process,,0,15,0
FIN-BRV-OTT-34X34-WH,,Quality Control,Quality Control,Process,,0,8,0
FIN-BRV-OTT-34X34-WH,,Assembly & Packaging Setup,Assembly & Packaging,Setup,,0,5,0
FIN-BRV-OTT-34X34-WH,,Assembly & Packaging,Assembly & Packaging,Process,,0,15,0
FIN-BRV-OTT-34X42,,Quality Control,Quality Control,Process,,0,8,0
FIN-BRV-OTT-34X42,,Assembly & Packaging Setup,Assembly & Packaging,Setup,,0,5,0
FIN-BRV-OTT-34X42,,Assembly & Packaging,Assembly & Packaging,Process,,0,15,0
FIN-BRV-OTT-34X60,,Quality Control,Quality Control,Process,,0,8,0
FIN-BRV-OTT-34X60,,Assembly & Packaging Setup,Assembly & Packaging,Setup,,0,5,0
FIN-BRV-OTT-34X60,,Assembly & Packaging,Assembly & Packaging,Process,,0,15,0
FIN-BRV-OTT-34X72,,Quality Control,Quality Control,Process,,0,8,0
FIN-BRV-OTT-34X72,,Assembly & Packaging Setup,Assembly & Packaging,Setup,,0,5,0
FIN-BRV-OTT-34X72,,Assembly & Packaging,Assembly & Packaging,Process,,0,15,0
FIN-BRV-OTT-42X22,,Quality Control,Quality Control,Process,,0,8,0
FIN-BRV-OTT-42X22,,Assembly & Packaging Setup,Assembly & Packaging,Setup,,0,5,0
FIN-BRV-OTT-42X22,,Assembly & Packaging,Assembly & Packaging,Process,,0,15,0
FIN-BRV-OTT-42X22-BE,,Quality Control,Quality Control,Process,,0,8,0
FIN-BRV-OTT-42X22-BE,,Assembly & Packaging Setup,Assembly & Packaging,Setup,,0,5,0
FIN-BRV-OTT-42X22-BE,,Assembly & Packaging,Assembly & Packaging,Process,,0,15,0
FIN-BRV-OTT-42X22-BO,,Quality Control,Quality Control,Process,,0,8,0
FIN-BRV-OTT-42X22-BO,,Assembly & Packaging Setup,Assembly & Packaging,Setup,,0,5,0
FIN-BRV-OTT-42X22-BO,,Assembly & Packaging,Assembly & Packaging,Process,,0,15,0
FIN-BRV-OTT-42X22-BR,,Quality Control,Quality Control,Process,,0,8,0
FIN-BRV-OTT-42X22-BR,,Assembly & Packaging Setup,Assembly & Packaging,Setup,,0,5,0
FIN-BRV-OTT-42X22-BR,,Assembly & Packaging,Assembly & Packaging,Process,,0,15,0
FIN-BRV-OTT-42X22-GR,,Quality Control,Quality Control,Process,,0,8,0
FIN-BRV-OTT-42X22-GR,,Assembly & Packaging Setup,Assembly & Packaging,Setup,,0,5,0
FIN-BRV-OTT-42X22-GR,,Assembly & Packaging,Assembly & Packaging,Process,,0,15,0
FIN-BRV-OTT-42X22-WH,,Quality Control,Quality Control,Process,,0,8,0
FIN-BRV-OTT-42X22-WH,,Assembly & Packaging Setup,Assembly & Packaging,Setup,,0,5,0
FIN-BRV-OTT-42X22-WH,,Assembly & Packaging,Assembly & Packaging,Process,,0,15,0
FIN-BRV-OTT-42X34,,Quality Control,Quality Control,Process,,0,8,0
FIN-BRV-OTT-42X34,,Assembly & Packaging Setup,Assembly & Packaging,Setup,,0,5,0
FIN-BRV-OTT-42X34,,Assembly & Packaging,Assembly & Packaging,Process,,0,15,0
FIN-BRV-OTT-42X34-BE,,Quality Control,Quality Control,Process,,0,8,0
FIN-BRV-OTT-42X34-BE,,Assembly & Packaging Setup,Assembly & Packaging,Setup,,0,5,0
FIN-BRV-OTT-42X34-BE,,Assembly & Packaging,Assembly & Packaging,Process,,0,15,0
FIN-BRV-OTT-42X34-BO,,Quality Control,Quality Control,Process,,0,8,0
FIN-BRV-OTT-42X34-BO,,Assembly & Packaging Setup,Assembly & Packaging,Setup,,0,5,0
FIN-BRV-OTT-42X34-BO,,Assembly & Packaging,Assembly & Packaging,Process,,0,15,0
FIN-BRV-OTT-42X34-BR,,Quality Control,Quality Control,Process,,0,8,0
FIN-BRV-OTT-42X34-BR,,Assembly & Packaging Setup,Assembly & Packaging,Setup,,0,5,0
FIN-BRV-OTT-42X34-BR,,Assembly & Packaging,Assembly & Packaging,Process,,0,15,0
FIN-BRV-OTT-42X34-GR,,Quality Control,Quality Control,Process,,0,8,0
FIN-BRV-OTT-42X34-GR,,Assembly & Packaging Setup,Assembly & Packaging,Setup,,0,5,0
FIN-BRV-OTT-42X34-GR,,Assembly & Packaging,Assembly & Packaging,Process,,0,15,0
FIN-BRV-OTT-42X34-WH,,Quality Control,Quality Control,Process,,0,8,0
FIN-BRV-OTT-42X34-WH,,Assembly & Packaging Setup,Assembly & Packaging,Setup,,0,5,0
FIN-BRV-OTT-42X34-WH,,Assembly & Packaging,Assembly & Packaging,Process,,0,15,0
FIN-BRV-OTT-60X22,,Quality Control,Quality Control,Process,,0,8,0
FIN-BRV-OTT-60X22,,Assembly & Packaging Setup,Assembly & Packaging,Setup,,0,5,0
FIN-BRV-OTT-60X22,,Assembly & Packaging,Assembly & Packaging,Process,,0,15,0
FIN-BRV-OTT-60X22-BE,,Quality Control,Quality Control,Process,,0,8,0
FIN-BRV-OTT-60X22-BE,,Assembly & Packaging Setup,Assembly & Packaging,Setup,,0,5,0
FIN-BRV-OTT-60X22-BE,,Assembly & Packaging,Assembly & Packaging,Process,,0,15,0
FIN-BRV-OTT-60X22-BO,,Quality Control,Quality Control,Process,,0,8,0
FIN-BRV-OTT-60X22-BO,,Assembly & Packaging Setup,Assembly & Packaging,Setup,,0,5,0
FIN-BRV-OTT-60X22-BO,,Assembly & Packaging,Assembly & Packaging,Process,,0,15,0
FIN-BRV-OTT-60X22-BR,,Quality Control,Quality Control,Process,,0,8,0
FIN-BRV-OTT-60X22-BR,,Assembly & Packaging Setup,Assembly & Packaging,Setup,,0,5,0
FIN-BRV-OTT-60X22-BR,,Assembly & Packaging,Assembly & Packaging,Process,,0,15,0
FIN-BRV-OTT-60X22-GR,,Quality Control,Quality Control,Process,,0,8,0
FIN-BRV-OTT-60X22-GR,,Assembly & Packaging Setup,Assembly & Packaging,Setup,,0,5,0
FIN-BRV-OTT-60X22-GR,,Assembly & Packaging,Assembly & Packaging,Process,,0,15,0
FIN-BRV-OTT-60X22-WH,,Quality Control,Quality Control,Process,,0,8,0
FIN-BRV-OTT-60X22-WH,,Assembly & Packaging Setup,Assembly & Packaging,Setup,,0,5,0
FIN-BRV-OTT-60X22-WH,,Assembly & Packaging,Assembly & Packaging,Process,,0,15,0
FIN-BRV-OTT-60X34,,Quality Control,Quality Control,Process,,0,8,0
FIN-BRV-OTT-60X34,,Assembly & Packaging Setup,Assembly & Packaging,Setup,,0,5,0
FIN-BRV-OTT-60X34,,Assembly & Packaging,Assembly & Packaging,Process,,0,15,0
FIN-BRV-OTT-60X34-BE,,Quality Control,Quality Control,Process,,0,8,0
FIN-BRV-OTT-60X34-BE,,Assembly & Packaging Setup,Assembly & Packaging,Setup,,0,5,0
FIN-BRV-OTT-60X34-BE,,Assembly & Packaging,Assembly & Packaging,Process,,0,15,0
FIN-BRV-OTT-60X34-BO,,Quality Control,Quality Control,Process,,0,8,0
FIN-BRV-OTT-60X34-BO,,Assembly & Packaging Setup,Assembly & Packaging,Setup,,0,5,0
FIN-BRV-OTT-60X34-BO,,Assembly & Packaging,Assembly & Packaging,Process,,0,15,0
FIN-BRV-OTT-60X34-BR,,Quality Control,Quality Control,Process,,0,8,0
FIN-BRV-OTT-60X34-BR,,Assembly & Packaging Setup,Assembly & Packaging,Setup,,0,5,0
FIN-BRV-OTT-60X34-BR,,Assembly & Packaging,Assembly & Packaging,Process,,0,15,0
FIN-BRV-OTT-60X34-GR,,Quality Control,Quality Control,Process,,0,8,0
FIN-BRV-OTT-60X34-GR,,Assembly & Packaging Setup,Assembly & Packaging,Setup,,0,5,0
FIN-BRV-OTT-60X34-GR,,Assembly & Packaging,Assembly & Packaging,Process,,0,15,0
FIN-BRV-OTT-60X34-WH,,Quality Control,Quality Control,Process,,0,8,0
FIN-BRV-OTT-60X34-WH,,Assembly & Packaging Setup,Assembly & Packaging,Setup,,0,5,0
FIN-BRV-OTT-60X34-WH,,Assembly & Packaging,Assembly & Packaging,Process,,0,15,0
FIN-BRV-OTT-72X22,,Quality Control,Quality Control,Process,,0,8,0
FIN-BRV-OTT-72X22,,Assembly & Packaging Setup,Assembly & Packaging,Setup,,0,5,0
FIN-BRV-OTT-72X22,,Assembly & Packaging,Assembly & Packaging,Process,,0,15,0
FIN-BRV-OTT-72X22-BE,,Quality Control,Quality Control,Process,,0,8,0
FIN-BRV-OTT-72X22-BE,,Assembly & Packaging Setup,Assembly & Packaging,Setup,,0,5,0
FIN-BRV-OTT-72X22-BE,,Assembly & Packaging,Assembly & Packaging,Process,,0,15,0
FIN-BRV-OTT-72X22-BO,,Quality Control,Quality Control,Process,,0,8,0
FIN-BRV-OTT-72X22-BO,,Assembly & Packaging Setup,Assembly & Packaging,Setup,,0,5,0
FIN-BRV-OTT-72X22-BO,,Assembly & Packaging,Assembly & Packaging,Process,,0,15,0
FIN-BRV-OTT-72X22-BR,,Quality Control,Quality Control,Process,,0,8,0
FIN-BRV-OTT-72X22-BR,,Assembly & Packaging Setup,Assembly & Packaging,Setup,,0,5,0
FIN-BRV-OTT-72X22-BR,,Assembly & Packaging,Assembly & Packaging,Process,,0,15,0
FIN-BRV-OTT-72X22-GR,,Quality Control,Quality Control,Process,,0,8,0
FIN-BRV-OTT-72X22-GR,,Assembly & Packaging Setup,Assembly & Packaging,Setup,,0,5,0
FIN-BRV-OTT-72X22-GR,,Assembly & Packaging,Assembly & Packaging,Process,,0,15,0
FIN-BRV-OTT-72X22-WH,,Quality Control,Quality Control,Process,,0,8,0
FIN-BRV-OTT-72X22-WH,,Assembly & Packaging Setup,Assembly & Packaging,Setup,,0,5,0
FIN-BRV-OTT-72X22-WH,,Assembly & Packaging,Assembly & Packaging,Process,,0,15,0
FIN-BRV-OTT-72X34,,Quality Control,Quality Control,Process,,0,8,0
FIN-BRV-OTT-72X34,,Assembly & Packaging Setup,Assembly & Packaging,Setup,,0,5,0
FIN-BRV-OTT-72X34,,Assembly & Packaging,Assembly & Packaging,Process,,0,15,0
FIN-BRV-OTT-72X34-BE,,Quality Control,Quality Control,Process,,0,8,0
FIN-BRV-OTT-72X34-BE,,Assembly & Packaging Setup,Assembly & Packaging,Setup,,0,5,0
FIN-BRV-OTT-72X34-BE,,Assembly & Packaging,Assembly & Packaging,Process,,0,15,0
FIN-BRV-OTT-72X34-BO,,Quality Control,Quality Control,Process,,0,8,0
FIN-BRV-OTT-72X34-BO,,Assembly & Packaging Setup,Assembly & Packaging,Setup,,0,5,0
FIN-BRV-OTT-72X34-BO,,Assembly & Packaging,Assembly & Packaging,Process,,0,15,0
FIN-BRV-OTT-72X34-BR,,Quality Control,Quality Control,Process,,0,8,0
FIN-BRV-OTT-72X34-BR,,Assembly & Packaging Setup,Assembly & Packaging,Setup,,0,5,0
FIN-BRV-OTT-72X34-BR,,Assembly & Packaging,Assembly & Packaging,Process,,0,15,0
FIN-BRV-OTT-72X34-GR,,Quality Control,Quality Control,Process,,0,8,0
FIN-BRV-OTT-72X34-GR,,Assembly & Packaging Setup,Assembly & Packaging,Setup,,0,5,0
FIN-BRV-OTT-72X34-GR,,Assembly & Packaging,Assembly & Packaging,Process,,0,15,0
FIN-BRV-OTT-72X34-WH,,Quality Control,Quality Control,Process,,0,8,0
FIN-BRV-OTT-72X34-WH,,Assembly & Packaging Setup,Assembly & Packaging,Setup,,0,5,0
FIN-BRV-OTT-72X34-WH,,Assembly & Packaging,Assembly & Packaging,Process,,0,15,0
FIN-BRV-OTT-DKT-30X22,,Quality Control,Quality Control,Process,,0,8,0
FIN-BRV-OTT-DKT-30X22,,Assembly & Packaging Setup,Assembly & Packaging,Setup,,0,5,0
FIN-BRV-OTT-DKT-30X22,,Assembly & Packaging,Assembly & Packaging,Process,,0,15,0
FIN-BRV-OTT-DKT-30X22-BE,,Quality Control,Quality Control,Process,,0,8,0
FIN-BRV-OTT-DKT-30X22-BE,,Assembly & Packaging Setup,Assembly & Packaging,Setup,,0,5,0
FIN-BRV-OTT-DKT-30X22-BE,,Assembly & Packaging,Assembly & Packaging,Process,,0,15,0
FIN-BRV-OTT-DKT-30X22-BO,,Quality Control,Quality Control,Process,,0,8,0
FIN-BRV-OTT-DKT-30X22-BO,,Assembly & Packaging Setup,Assembly & Packaging,Setup,,0,5,0
FIN-BRV-OTT-DKT-30X22-BO,,Assembly & Packaging,Assembly & Packaging,Process,,0,15,0
FIN-BRV-OTT-DKT-30X22-BR,,Quality Control,Quality Control,Process,,0,8,0
FIN-BRV-OTT-DKT-30X22-BR,,Assembly & Packaging Setup,Assembly & Packaging,Setup,,0,5,0
FIN-BRV-OTT-DKT-30X22-BR,,Assembly & Packaging,Assembly & Packaging,Process,,0,15,0
FIN-BRV-OTT-DKT-30X22-GR,,Quality Control,Quality Control,Process,,0,8,0
FIN-BRV-OTT-DKT-30X22-GR,,Assembly & Packaging Setup,Assembly & Packaging,Setup,,0,5,0
FIN-BRV-OTT-DKT-30X22-GR,,Assembly & Packaging,Assembly & Packaging,Process,,0,15,0
FIN-BRV-OTT-DKT-30X22-WH,,Quality Control,Quality Control,Process,,0,8,0
FIN-BRV-OTT-DKT-30X22-WH,,Assembly & Packaging Setup,Assembly & Packaging,Setup,,0,5,0
FIN-BRV-OTT-DKT-30X22-WH,,Assembly & Packaging,Assembly & Packaging,Process,,0,15,0
FIN-BRV-OTT-DKT-34X34,,Quality Control,Quality Control,Process,,0,8,0
FIN-BRV-OTT-DKT-34X34,,Assembly & Packaging Setup,Assembly & Packaging,Setup,,0,5,0
FIN-BRV-OTT-DKT-34X34,,Assembly & Packaging,Assembly & Packaging,Process,,0,15,0
FIN-BRV-OTT-DKT-34X34-BE,,Quality Control,Quality Control,Process,,0,8,0
FIN-BRV-OTT-DKT-34X34-BE,,Assembly & Packaging Setup,Assembly & Packaging,Setup,,0,5,0
FIN-BRV-OTT-DKT-34X34-BE,,Assembly & Packaging,Assembly & Packaging,Process,,0,15,0
FIN-BRV-OTT-DKT-34X34-BO,,Quality Control,Quality Control,Process,,0,8,0
FIN-BRV-OTT-DKT-34X34-BO,,Assembly & Packaging Setup,Assembly & Packaging,Setup,,0,5,0
FIN-BRV-OTT-DKT-34X34-BO,,Assembly & Packaging,Assembly & Packaging,Process,,0,15,0
FIN-BRV-OTT-DKT-34X34-BR,,Quality Control,Quality Control,Process,,0,8,0
FIN-BRV-OTT-DKT-34X34-BR,,Assembly & Packaging Setup,Assembly & Packaging,Setup,,0,5,0
FIN-BRV-OTT-DKT-34X34-BR,,Assembly & Packaging,Assembly & Packaging,Process,,0,15,0
FIN-BRV-OTT-DKT-34X34-GR,,Quality Control,Quality Control,Process,,0,8,0
FIN-BRV-OTT-DKT-34X34-GR,,Assembly & Packaging Setup,Assembly & Packaging,Setup,,0,5,0
FIN-BRV-OTT-DKT-34X34-GR,,Assembly & Packaging,Assembly & Packaging,Process,,0,15,0
FIN-BRV-OTT-DKT-34X34-WH,,Quality Control,Quality Control,Process,,0,8,0
FIN-BRV-OTT-DKT-34X34-WH,,Assembly & Packaging Setup,Assembly & Packaging,Setup,,0,5,0
FIN-BRV-OTT-DKT-34X34-WH,,Assembly & Packaging,Assembly & Packaging,Process,,0,15,0
FIN-BRV-OTT-DKT-42X22,,Quality Control,Quality Control,Process,,0,8,0
FIN-BRV-OTT-DKT-42X22,,Assembly & Packaging Setup,Assembly & Packaging,Setup,,0,5,0
FIN-BRV-OTT-DKT-42X22,,Assembly & Packaging,Assembly & Packaging,Process,,0,15,0
FIN-BRV-OTT-DKT-42X22-BE,,Quality Control,Quality Control,Process,,0,8,0
FIN-BRV-OTT-DKT-42X22-BE,,Assembly & Packaging Setup,Assembly & Packaging,Setup,,0,5,0
FIN-BRV-OTT-DKT-42X22-BE,,Assembly & Packaging,Assembly & Packaging,Process,,0,15,0
FIN-BRV-OTT-DKT-42X22-BO,,Quality Control,Quality Control,Process,,0,8,0
FIN-BRV-OTT-DKT-42X22-BO,,Assembly & Packaging Setup,Assembly & Packaging,Setup,,0,5,0
FIN-BRV-OTT-DKT-42X22-BO,,Assembly & Packaging,Assembly & Packaging,Process,,0,15,0
FIN-BRV-OTT-DKT-42X22-BR,,Quality Control,Quality Control,Process,,0,8,0
FIN-BRV-OTT-DKT-42X22-BR,,Assembly & Packaging Setup,Assembly & Packaging,Setup,,0,5,0
FIN-BRV-OTT-DKT-42X22-BR,,Assembly & Packaging,Assembly & Packaging,Process,,0,15,0
FIN-BRV-OTT-DKT-42X22-GR,,Quality Control,Quality Control,Process,,0,8,0
FIN-BRV-OTT-DKT-42X22-GR,,Assembly & Packaging Setup,Assembly & Packaging,Setup,,0,5,0
FIN-BRV-OTT-DKT-42X22-GR,,Assembly & Packaging,Assembly & Packaging,Process,,0,15,0
FIN-BRV-OTT-DKT-42X22-WH,,Quality Control,Quality Control,Process,,0,8,0
FIN-BRV-OTT-DKT-42X22-WH,,Assembly & Packaging Setup,Assembly & Packaging,Setup,,0,5,0
FIN-BRV-OTT-DKT-42X22-WH,,Assembly & Packaging,Assembly & Packaging,Process,,0,15,0
FIN-BRV-OTT-DKT-42X34,,Quality Control,Quality Control,Process,,0,8,0
FIN-BRV-OTT-DKT-42X34,,Assembly & Packaging Setup,Assembly & Packaging,Setup,,0,5,0
FIN-BRV-OTT-DKT-42X34,,Assembly & Packaging,Assembly & Packaging,Process,,0,15,0
FIN-BRV-OTT-DKT-42X34-BE,,Quality Control,Quality Control,Process,,0,8,0
FIN-BRV-OTT-DKT-42X34-BE,,Assembly & Packaging Setup,Assembly & Packaging,Setup,,0,5,0
FIN-BRV-OTT-DKT-42X34-BE,,Assembly & Packaging,Assembly & Packaging,Process,,0,15,0
FIN-BRV-OTT-DKT-42X34-BO,,Quality Control,Quality Control,Process,,0,8,0
FIN-BRV-OTT-DKT-42X34-BO,,Assembly & Packaging Setup,Assembly & Packaging,Setup,,0,5,0
FIN-BRV-OTT-DKT-42X34-BO,,Assembly & Packaging,Assembly & Packaging,Process,,0,15,0
FIN-BRV-OTT-DKT-42X34-BR,,Quality Control,Quality Control,Process,,0,8,0
FIN-BRV-OTT-DKT-42X34-BR,,Assembly & Packaging Setup,Assembly & Packaging,Setup,,0,5,0
FIN-BRV-OTT-DKT-42X34-BR,,Assembly & Packaging,Assembly & Packaging,Process,,0,15,0
FIN-BRV-OTT-DKT-42X34-GR,,Quality Control,Quality Control,Process,,0,8,0
FIN-BRV-OTT-DKT-42X34-GR,,Assembly & Packaging Setup,Assembly & Packaging,Setup,,0,5,0
FIN-BRV-OTT-DKT-42X34-GR,,Assembly & Packaging,Assembly & Packaging,Process,,0,15,0
FIN-BRV-OTT-DKT-42X34-WH,,Quality Control,Quality Control,Process,,0,8,0
FIN-BRV-OTT-DKT-42X34-WH,,Assembly & Packaging Setup,Assembly & Packaging,Setup,,0,5,0
FIN-BRV-OTT-DKT-42X34-WH,,Assembly & Packaging,Assembly & Packaging,Process,,0,15,0
FIN-BRV-OTT-DKT-60X22,,Quality Control,Quality Control,Process,,0,8,0
FIN-BRV-OTT-DKT-60X22,,Assembly & Packaging Setup,Assembly & Packaging,Setup,,0,5,0
FIN-BRV-OTT-DKT-60X22,,Assembly & Packaging,Assembly & Packaging,Process,,0,15,0
FIN-BRV-OTT-DKT-60X22-BE,,Quality Control,Quality Control,Process,,0,8,0
FIN-BRV-OTT-DKT-60X22-BE,,Assembly & Packaging Setup,Assembly & Packaging,Setup,,0,5,0
FIN-BRV-OTT-DKT-60X22-BE,,Assembly & Packaging,Assembly & Packaging,Process,,0,15,0
FIN-BRV-OTT-DKT-60X22-BO,,Quality Control,Quality Control,Process,,0,8,0
FIN-BRV-OTT-DKT-60X22-BO,,Assembly & Packaging Setup,Assembly & Packaging,Setup,,0,5,0
FIN-BRV-OTT-DKT-60X22-BO,,Assembly & Packaging,Assembly & Packaging,Process,,0,15,0
FIN-BRV-OTT-DKT-60X22-BR,,Quality Control,Quality Control,Process,,0,8,0
FIN-BRV-OTT-DKT-60X22-BR,,Assembly & Packaging Setup,Assembly & Packaging,Setup,,0,5,0
FIN-BRV-OTT-DKT-60X22-BR,,Assembly & Packaging,Assembly & Packaging,Process,,0,15,0
FIN-BRV-OTT-DKT-60X22-GR,,Quality Control,Quality Control,Process,,0,8,0
FIN-BRV-OTT-DKT-60X22-GR,,Assembly & Packaging Setup,Assembly & Packaging,Setup,,0,5,0
FIN-BRV-OTT-DKT-60X22-GR,,Assembly & Packaging,Assembly & Packaging,Process,,0,15,0
FIN-BRV-OTT-DKT-60X22-WH,,Quality Control,Quality Control,Process,,0,8,0
FIN-BRV-OTT-DKT-60X22-WH,,Assembly & Packaging Setup,Assembly & Packaging,Setup,,0,5,0
FIN-BRV-OTT-DKT-60X22-WH,,Assembly & Packaging,Assembly & Packaging,Process,,0,15,0
FIN-BRV-OTT-DKT-60X34,,Quality Control,Quality Control,Process,,0,8,0
FIN-BRV-OTT-DKT-60X34,,Assembly & Packaging Setup,Assembly & Packaging,Setup,,0,5,0
FIN-BRV-OTT-DKT-60X34,,Assembly & Packaging,Assembly & Packaging,Process,,0,15,0
FIN-BRV-OTT-DKT-60X34-BE,,Quality Control,Quality Control,Process,,0,8,0
FIN-BRV-OTT-DKT-60X34-BE,,Assembly & Packaging Setup,Assembly & Packaging,Setup,,0,5,0
FIN-BRV-OTT-DKT-60X34-BE,,Assembly & Packaging,Assembly & Packaging,Process,,0,15,0
FIN-BRV-OTT-DKT-60X34-BO,,Quality Control,Quality Control,Process,,0,8,0
FIN-BRV-OTT-DKT-60X34-BO,,Assembly & Packaging Setup,Assembly & Packaging,Setup,,0,5,0
FIN-BRV-OTT-DKT-60X34-BO,,Assembly & Packaging,Assembly & Packaging,Process,,0,15,0
FIN-BRV-OTT-DKT-60X34-BR,,Quality Control,Quality Control,Process,,0,8,0
FIN-BRV-OTT-DKT-60X34-BR,,Assembly & Packaging Setup,Assembly & Packaging,Setup,,0,5,0
FIN-BRV-OTT-DKT-60X34-BR,,Assembly & Packaging,Assembly & Packaging,Process,,0,15,0
FIN-BRV-OTT-DKT-60X34-GR,,Quality Control,Quality Control,Process,,0,8,0
FIN-BRV-OTT-DKT-60X34-GR,,Assembly & Packaging Setup,Assembly & Packaging,Setup,,0,5,0
FIN-BRV-OTT-DKT-60X34-GR,,Assembly & Packaging,Assembly & Packaging,Process,,0,15,0
FIN-BRV-OTT-DKT-60X34-WH,,Quality Control,Quality Control,Process,,0,8,0
FIN-BRV-OTT-DKT-60X34-WH,,Assembly & Packaging Setup,Assembly & Packaging,Setup,,0,5,0
FIN-BRV-OTT-DKT-60X34-WH,,Assembly & Packaging,Assembly & Packaging,Process,,0,15,0
FIN-BRV-OTT-DKT-72X22,,Quality Control,Quality Control,Process,,0,8,0
FIN-BRV-OTT-DKT-72X22,,Assembly & Packaging Setup,Assembly & Packaging,Setup,,0,5,0
FIN-BRV-OTT-DKT-72X22,,Assembly & Packaging,Assembly & Packaging,Process,,0,15,0
FIN-BRV-OTT-DKT-72X22-BE,,Quality Control,Quality Control,Process,,0,8,0
FIN-BRV-OTT-DKT-72X22-BE,,Assembly & Packaging Setup,Assembly & Packaging,Setup,,0,5,0
FIN-BRV-OTT-DKT-72X22-BE,,Assembly & Packaging,Assembly & Packaging,Process,,0,15,0
FIN-BRV-OTT-DKT-72X22-BO,,Quality Control,Quality Control,Process,,0,8,0
FIN-BRV-OTT-DKT-72X22-BO,,Assembly & Packaging Setup,Assembly & Packaging,Setup,,0,5,0
FIN-BRV-OTT-DKT-72X22-BO,,Assembly & Packaging,Assembly & Packaging,Process,,0,15,0
FIN-BRV-OTT-DKT-72X22-BR,,Quality Control,Quality Control,Process,,0,8,0
FIN-BRV-OTT-DKT-72X22-BR,,Assembly & Packaging Setup,Assembly & Packaging,Setup,,0,5,0
FIN-BRV-OTT-DKT-72X22-BR,,Assembly & Packaging,Assembly & Packaging,Process,,0,15,0
FIN-BRV-OTT-DKT-72X22-GR,,Quality Control,Quality Control,Process,,0,8,0
FIN-BRV-OTT-DKT-72X22-GR,,Assembly & Packaging Setup,Assembly & Packaging,Setup,,0,5,0
FIN-BRV-OTT-DKT-72X22-GR,,Assembly & Packaging,Assembly & Packaging,Process,,0,15,0
FIN-BRV-OTT-DKT-72X22-WH,,Quality Control,Quality Control,Process,,0,8,0
FIN-BRV-OTT-DKT-72X22-WH,,Assembly & Packaging Setup,Assembly & Packaging,Setup,,0,5,0
FIN-BRV-OTT-DKT-72X22-WH,,Assembly & Packaging,Assembly & Packaging,Process,,0,15,0
FIN-BRV-OTT-DKT-72X34,,Quality Control,Quality Control,Process,,0,8,0
FIN-BRV-OTT-DKT-72X34,,Assembly & Packaging Setup,Assembly & Packaging,Setup,,0,5,0
FIN-BRV-OTT-DKT-72X34,,Assembly & Packaging,Assembly & Packaging,Process,,0,15,0
FIN-BRV-OTT-DKT-72X34-BE,,Quality Control,Quality Control,Process,,0,8,0
FIN-BRV-OTT-DKT-72X34-BE,,Assembly & Packaging Setup,Assembly & Packaging,Setup,,0,5,0
FIN-BRV-OTT-DKT-72X34-BE,,Assembly & Packaging,Assembly & Packaging,Process,,0,15,0
FIN-BRV-OTT-DKT-72X34-BO,,Quality Control,Quality Control,Process,,0,8,0
FIN-BRV-OTT-DKT-72X34-BO,,Assembly & Packaging Setup,Assembly & Packaging,Setup,,0,5,0
FIN-BRV-OTT-DKT-72X34-BO,,Assembly & Packaging,Assembly & Packaging,Process,,0,15,0
FIN-BRV-OTT-DKT-72X34-BR,,Quality Control,Quality Control,Process,,0,8,0
FIN-BRV-OTT-DKT-72X34-BR,,Assembly & Packaging Setup,Assembly & Packaging,Setup,,0,5,0
FIN-BRV-OTT-DKT-72X34-BR,,Assembly & Packaging,Assembly & Packaging,Process,,0,15,0
FIN-BRV-OTT-DKT-72X34-GR,,Quality Control,Quality Control,Process,,0,8,0
FIN-BRV-OTT-DKT-72X34-GR,,Assembly & Packaging Setup,Assembly & Packaging,Setup,,0,5,0
FIN-BRV-OTT-DKT-72X34-GR,,Assembly & Packaging,Assembly & Packaging,Process,,0,15,0
FIN-BRV-OTT-DKT-72X34-WH,,Quality Control,Quality Control,Process,,0,8,0
FIN-BRV-OTT-DKT-72X34-WH,,Assembly & Packaging Setup,Assembly & Packaging,Setup,,0,5,0
FIN-BRV-OTT-DKT-72X34-WH,,Assembly & Packaging,Assembly & Packaging,Process,,0,15,0
FIN-BRV-OVS-CHS-72X42,,Quality Control,Quality Control,Process,,0,8,0
FIN-BRV-OVS-CHS-72X42,,Assembly & Packaging Setup,Assembly & Packaging,Setup,,0,5,0
FIN-BRV-OVS-CHS-72X42,,Assembly & Packaging,Assembly & Packaging,Process,,0,15,0
FIN-BRV-OVS-CHS-84X42,,Quality Control,Quality Control,Process,,0,8,0
FIN-BRV-OVS-CHS-84X42,,Assembly & Packaging Setup,Assembly & Packaging,Setup,,0,5,0
FIN-BRV-OVS-CHS-84X42,,Assembly & Packaging,Assembly & Packaging,Process,,0,15,0
FIN-BRV-SGL-CHS-30X79,,Quality Control,Quality Control,Process,,0,8,0
FIN-BRV-SGL-CHS-30X79,,Assembly & Packaging Setup,Assembly & Packaging,Setup,,0,5,0
FIN-BRV-SGL-CHS-30X79,,Assembly & Packaging,Assembly & Packaging,Process,,0,15,0
FIN-BRV-SGL-CHS-30X79-BE,,Quality Control,Quality Control,Process,,0,8,0
FIN-BRV-SGL-CHS-30X79-BE,,Assembly & Packaging Setup,Assembly & Packaging,Setup,,0,5,0
FIN-BRV-SGL-CHS-30X79-BE,,Assembly & Packaging,Assembly & Packaging,Process,,0,15,0
FIN-BRV-SGL-CHS-30X79-BO,,Quality Control,Quality Control,Process,,0,8,0
FIN-BRV-SGL-CHS-30X79-BO,,Assembly & Packaging Setup,Assembly & Packaging,Setup,,0,5,0
FIN-BRV-SGL-CHS-30X79-BO,,Assembly & Packaging,Assembly & Packaging,Process,,0,15,0
FIN-BRV-SGL-CHS-30X79-BR,,Quality Control,Quality Control,Process,,0,8,0
FIN-BRV-SGL-CHS-30X79-BR,,Assembly & Packaging Setup,Assembly & Packaging,Setup,,0,5,0
FIN-BRV-SGL-CHS-30X79-BR,,Assembly & Packaging,Assembly & Packaging,Process,,0,15,0
FIN-BRV-SGL-CHS-30X79-GR,,Quality Control,Quality Control,Process,,0,8,0
FIN-BRV-SGL-CHS-30X79-GR,,Assembly & Packaging Setup,Assembly & Packaging,Setup,,0,5,0
FIN-BRV-SGL-CHS-30X79-GR,,Assembly & Packaging,Assembly & Packaging,Process,,0,15,0
FIN-BRV-SGL-CHS-30X79-NOARM,,Quality Control,Quality Control,Process,,0,8,0
FIN-BRV-SGL-CHS-30X79-NOARM,,Assembly & Packaging Setup,Assembly & Packaging,Setup,,0,5,0
FIN-BRV-SGL-CHS-30X79-NOARM,,Assembly & Packaging,Assembly & Packaging,Process,,0,15,0
FIN-BRV-SGL-CHS-30X79-NOARM-BE,,Quality Control,Quality Control,Process,,0,8,0
FIN-BRV-SGL-CHS-30X79-NOARM-BE,,Assembly & Packaging Setup,Assembly & Packaging,Setup,,0,5,0
FIN-BRV-SGL-CHS-30X79-NOARM-BE,,Assembly & Packaging,Assembly & Packaging,Process,,0,15,0
FIN-BRV-SGL-CHS-30X79-NOARM-BO,,Quality Control,Quality Control,Process,,0,8,0
FIN-BRV-SGL-CHS-30X79-NOARM-BO,,Assembly & Packaging Setup,Assembly & Packaging,Setup,,0,5,0
FIN-BRV-SGL-CHS-30X79-NOARM-BO,,Assembly & Packaging,Assembly & Packaging,Process,,0,15,0
FIN-BRV-SGL-CHS-30X79-NOARM-BR,,Quality Control,Quality Control,Process,,0,8,0
FIN-BRV-SGL-CHS-30X79-NOARM-BR,,Assembly & Packaging Setup,Assembly & Packaging,Setup,,0,5,0
FIN-BRV-SGL-CHS-30X79-NOARM-BR,,Assembly & Packaging,Assembly & Packaging,Process,,0,15,0
FIN-BRV-SGL-CHS-30X79-NOARM-GR,,Quality Control,Quality Control,Process,,0,8,0
FIN-BRV-SGL-CHS-30X79-NOARM-GR,,Assembly & Packaging Setup,Assembly & Packaging,Setup,,0,5,0
FIN-BRV-SGL-CHS-30X79-NOARM-GR,,Assembly & Packaging,Assembly & Packaging,Process,,0,15,0
FIN-BRV-SGL-CHS-30X79-NOARM-WH,,Quality Control,Quality Control,Process,,0,8,0
FIN-BRV-SGL-CHS-30X79-NOARM-WH,,Assembly & Packaging Setup,Assembly & Packaging,Setup,,0,5,0
FIN-BRV-SGL-CHS-30X79-NOARM-WH,,Assembly & Packaging,Assembly & Packaging,Process,,0,15,0
FIN-BRV-SGL-CHS-30X79-WH,,Quality Control,Quality Control,Process,,0,8,0
FIN-BRV-SGL-CHS-30X79-WH,,Assembly & Packaging Setup,Assembly & Packaging,Setup,,0,5,0
FIN-BRV-SGL-CHS-30X79-WH,,Assembly & Packaging,Assembly & Packaging,Process,,0,15,0
FIN-BRV-SID-TAB-20X20,,Quality Control,Quality Control,Process,,0,8,0
FIN-BRV-SID-TAB-20X20,,Assembly & Packaging Setup,Assembly & Packaging,Setup,,0,5,0
FIN-BRV-SID-TAB-20X20,,Assembly & Packaging,Assembly & Packaging,Process,,0,15,0
FIN-BRV-SID-TAB-20X20-BE,,Quality Control,Quality Control,Process,,0,8,0
FIN-BRV-SID-TAB-20X20-BE,,Assembly & Packaging Setup,Assembly & Packaging,Setup,,0,5,0
FIN-BRV-SID-TAB-20X20-BE,,Assembly & Packaging,Assembly & Packaging,Process,,0,15,0
FIN-BRV-SID-TAB-20X20-BO,,Quality Control,Quality Control,Process,,0,8,0
FIN-BRV-SID-TAB-20X20-BO,,Assembly & Packaging Setup,Assembly & Packaging,Setup,,0,5,0
FIN-BRV-SID-TAB-20X20-BO,,Assembly & Packaging,Assembly & Packaging,Process,,0,15,0
FIN-BRV-SID-TAB-20X20-BR,,Quality Control,Quality Control,Process,,0,8,0
FIN-BRV-SID-TAB-20X20-BR,,Assembly & Packaging Setup,Assembly & Packaging,Setup,,0,5,0
FIN-BRV-SID-TAB-20X20-BR,,Assembly & Packaging,Assembly & Packaging,Process,,0,15,0
FIN-BRV-SID-TAB-20X20-GR,,Quality Control,Quality Control,Process,,0,8,0
FIN-BRV-SID-TAB-20X20-GR,,Assembly & Packaging Setup,Assembly & Packaging,Setup,,0,5,0
FIN-BRV-SID-TAB-20X20-GR,,Assembly & Packaging,Assembly & Packaging,Process,,0,15,0
FIN-BRV-SID-TAB-20X20-WH,,Quality Control,Quality Control,Process,,0,8,0
FIN-BRV-SID-TAB-20X20-WH,,Assembly & Packaging Setup,Assembly & Packaging,Setup,,0,5,0
FIN-BRV-SID-TAB-20X20-WH,,Assembly & Packaging,Assembly & Packaging,Process,,0,15,0
FIN-BRV-SOF-72X34,,Quality Control,Quality Control,Process,,0,8,0
FIN-BRV-SOF-72X34,,Assembly & Packaging Setup,Assembly & Packaging,Setup,,0,5,0
FIN-BRV-SOF-72X34,,Assembly & Packaging,Assembly & Packaging,Process,,0,15,0
FIN-BRV-SOF-72X34-BE,,Quality Control,Quality Control,Process,,0,8,0
FIN-BRV-SOF-72X34-BE,,Assembly & Packaging Setup,Assembly & Packaging,Setup,,0,5,0
FIN-BRV-SOF-72X34-BE,,Assembly & Packaging,Assembly & Packaging,Process,,0,15,0
FIN-BRV-SOF-72X34-BO,,Quality Control,Quality Control,Process,,0,8,0
FIN-BRV-SOF-72X34-BO,,Assembly & Packaging Setup,Assembly & Packaging,Setup,,0,5,0
FIN-BRV-SOF-72X34-BO,,Assembly & Packaging,Assembly & Packaging,Process,,0,15,0
FIN-BRV-SOF-72X34-BR,,Quality Control,Quality Control,Process,,0,8,0
FIN-BRV-SOF-72X34-BR,,Assembly & Packaging Setup,Assembly & Packaging,Setup,,0,5,0
FIN-BRV-SOF-72X34-BR,,Assembly & Packaging,Assembly & Packaging,Process,,0,15,0
FIN-BRV-SOF-72X34-GR,,Quality Control,Quality Control,Process,,0,8,0
FIN-BRV-SOF-72X34-GR,,Assembly & Packaging Setup,Assembly & Packaging,Setup,,0,5,0
FIN-BRV-SOF-72X34-GR,,Assembly & Packaging,Assembly & Packaging,Process,,0,15,0
FIN-BRV-SOF-72X34-WH,,Quality Control,Quality Control,Process,,0,8,0
FIN-BRV-SOF-72X34-WH,,Assembly & Packaging Setup,Assembly & Packaging,Setup,,0,5,0
FIN-BRV-SOF-72X34-WH,,Assembly & Packaging,Assembly & Packaging,Process,,0,15,0
FIN-BRV-SOF-84X34,,Quality Control,Quality Control,Process,,0,8,0
FIN-BRV-SOF-84X34,,Assembly & Packaging Setup,Assembly & Packaging,Setup,,0,5,0
FIN-BRV-SOF-84X34,,Assembly & Packaging,Assembly & Packaging,Process,,0,15,0
FIN-BRV-SOF-84X34-BE,,Quality Control,Quality Control,Process,,0,8,0
FIN-BRV-SOF-84X34-BE,,Assembly & Packaging Setup,Assembly & Packaging,Setup,,0,5,0
FIN-BRV-SOF-84X34-BE,,Assembly & Packaging,Assembly & Packaging,Process,,0,15,0
FIN-BRV-SOF-84X34-BO,,Quality Control,Quality Control,Process,,0,8,0
FIN-BRV-SOF-84X34-BO,,Assembly & Packaging Setup,Assembly & Packaging,Setup,,0,5,0
FIN-BRV-SOF-84X34-BO,,Assembly & Packaging,Assembly & Packaging,Process,,0,15,0
FIN-BRV-SOF-84X34-BR,,Quality Control,Quality Control,Process,,0,8,0
FIN-BRV-SOF-84X34-BR,,Assembly & Packaging Setup,Assembly & Packaging,Setup,,0,5,0
FIN-BRV-SOF-84X34-BR,,Assembly & Packaging,Assembly & Packaging,Process,,0,15,0
FIN-BRV-SOF-84X34-GR,,Quality Control,Quality Control,Process,,0,8,0
FIN-BRV-SOF-84X34-GR,,Assembly & Packaging Setup,Assembly & Packaging,Setup,,0,5,0
FIN-BRV-SOF-84X34-GR,,Assembly & Packaging,Assembly & Packaging,Process,,0,15,0
FIN-BRV-SOF-84X34-WH,,Quality Control,Quality Control,Process,,0,8,0
FIN-BRV-SOF-84X34-WH,,Assembly & Packaging Setup,Assembly & Packaging,Setup,,0,5,0
FIN-BRV-SOF-84X34-WH,,Assembly & Packaging,Assembly & Packaging,Process,,0,15,0
FIN-BRV-SOF-96X34,,Quality Control,Quality Control,Process,,0,8,0
FIN-BRV-SOF-96X34,,Assembly & Packaging Setup,Assembly & Packaging,Setup,,0,5,0
FIN-BRV-SOF-96X34,,Assembly & Packaging,Assembly & Packaging,Process,,0,15,0
FIN-BRV-SOF-96X34-BE,,Quality Control,Quality Control,Process,,0,8,0
FIN-BRV-SOF-96X34-BE,,Assembly & Packaging Setup,Assembly & Packaging,Setup,,0,5,0
FIN-BRV-SOF-96X34-BE,,Assembly & Packaging,Assembly & Packaging,Process,,0,15,0
FIN-BRV-SOF-96X34-BO,,Quality Control,Quality Control,Process,,0,8,0
FIN-BRV-SOF-96X34-BO,,Assembly & Packaging Setup,Assembly & Packaging,Setup,,0,5,0
FIN-BRV-SOF-96X34-BO,,Assembly & Packaging,Assembly & Packaging,Process,,0,15,0
FIN-BRV-SOF-96X34-BR,,Quality Control,Quality Control,Process,,0,8,0
FIN-BRV-SOF-96X34-BR,,Assembly & Packaging Setup,Assembly & Packaging,Setup,,0,5,0
FIN-BRV-SOF-96X34-BR,,Assembly & Packaging,Assembly & Packaging,Process,,0,15,0
FIN-BRV-SOF-96X34-GR,,Quality Control,Quality Control,Process,,0,8,0
FIN-BRV-SOF-96X34-GR,,Assembly & Packaging Setup,Assembly & Packaging,Setup,,0,5,0
FIN-BRV-SOF-96X34-GR,,Assembly & Packaging,Assembly & Packaging,Process,,0,15,0
FIN-BRV-SOF-96X34-WH,,Quality Control,Quality Control,Process,,0,8,0
FIN-BRV-SOF-96X34-WH,,Assembly & Packaging Setup,Assembly & Packaging,Setup,,0,5,0
FIN-BRV-SOF-96X34-WH,,Assembly & Packaging,Assembly & Packaging,Process,,0,15,0
FIN-BRV-SWG-66X42,,Quality Control,Quality Control,Process,,0,8,0
FIN-BRV-SWG-66X42,,Assembly & Packaging Setup,Assembly & Packaging,Setup,,0,5,0
FIN-BRV-SWG-66X42,,Assembly & Packaging,Assembly & Packaging,Process,,0,15,0
FIN-BRV-SWG-66X42-SWINGFRAME,,Quality Control,Quality Control,Process,,0,8,0
FIN-BRV-SWG-66X42-SWINGFRAME,,Assembly & Packaging Setup,Assembly & Packaging,Setup,,0,5,0
FIN-BRV-SWG-66X42-SWINGFRAME,,Assembly & Packaging,Assembly & Packaging,Process,,0,15,0
FIN-BRV-SWG-72X12,,Quality Control,Quality Control,Process,,0,8,0
FIN-BRV-SWG-72X12,,Assembly & Packaging Setup,Assembly & Packaging,Setup,,0,5,0
FIN-BRV-SWG-72X12,,Assembly & Packaging,Assembly & Packaging,Process,,0,15,0
FIN-BRV-SWG-72X42,,Quality Control,Quality Control,Process,,0,8,0
FIN-BRV-SWG-72X42,,Assembly & Packaging Setup,Assembly & Packaging,Setup,,0,5,0
FIN-BRV-SWG-72X42,,Assembly & Packaging,Assembly & Packaging,Process,,0,15,0
FIN-BRV-SWG-72X42-SWINGFRAME,,Quality Control,Quality Control,Process,,0,8,0
FIN-BRV-SWG-72X42-SWINGFRAME,,Assembly & Packaging Setup,Assembly & Packaging,Setup,,0,5,0
FIN-BRV-SWG-72X42-SWINGFRAME,,Assembly & Packaging,Assembly & Packaging,Process,,0,15,0
FIN-BRV-SWG-72X42-SWINGFRAME2,,Quality Control,Quality Control,Process,,0,8,0
FIN-BRV-SWG-72X42-SWINGFRAME2,,Assembly & Packaging Setup,Assembly & Packaging,Setup,,0,5,0
FIN-BRV-SWG-72X42-SWINGFRAME2,,Assembly & Packaging,Assembly & Packaging,Process,,0,15,0
FIN-BRV-SWG-84,,Quality Control,Quality Control,Process,,0,8,0
FIN-BRV-SWG-84,,Assembly & Packaging Setup,Assembly & Packaging,Setup,,0,5,0
FIN-BRV-SWG-84,,Assembly & Packaging,Assembly & Packaging,Process,,0,15,0
FIN-BRV-SWG-84X42,,Quality Control,Quality Control,Process,,0,8,0
FIN-BRV-SWG-84X42,,Assembly & Packaging Setup,Assembly & Packaging,Setup,,0,5,0
FIN-BRV-SWG-84X42,,Assembly & Packaging,Assembly & Packaging,Process,,0,15,0
FIN-BRV-SWG-96X32,,Quality Control,Quality Control,Process,,0,8,0
FIN-BRV-SWG-96X32,,Assembly & Packaging Setup,Assembly & Packaging,Setup,,0,5,0
FIN-BRV-SWG-96X32,,Assembly & Packaging,Assembly & Packaging,Process,,0,15,0
FIN-BRV-SWV-CHA,,Quality Control,Quality Control,Process,,0,8,0
FIN-BRV-SWV-CHA,,Assembly & Packaging Setup,Assembly & Packaging,Setup,,0,5,0
FIN-BRV-SWV-CHA,,Assembly & Packaging,Assembly & Packaging,Process,,0,15,0
FIN-BRV-SWV-CHA-34X34,,Quality Control,Quality Control,Process,,0,8,0
FIN-BRV-SWV-CHA-34X34,,Assembly & Packaging Setup,Assembly & Packaging,Setup,,0,5,0
FIN-BRV-SWV-CHA-34X34,,Assembly & Packaging,Assembly & Packaging,Process,,0,15,0
FIN-BRV-SWV-CHA-BE,,Quality Control,Quality Control,Process,,0,8,0
FIN-BRV-SWV-CHA-BE,,Assembly & Packaging Setup,Assembly & Packaging,Setup,,0,5,0
FIN-BRV-SWV-CHA-BE,,Assembly & Packaging,Assembly & Packaging,Process,,0,15,0
FIN-BRV-SWV-CHA-BO,,Quality Control,Quality Control,Process,,0,8,0
FIN-BRV-SWV-CHA-BO,,Assembly & Packaging Setup,Assembly & Packaging,Setup,,0,5,0
FIN-BRV-SWV-CHA-BO,,Assembly & Packaging,Assembly & Packaging,Process,,0,15,0
FIN-BRV-SWV-CHA-BR,,Quality Control,Quality Control,Process,,0,8,0
FIN-BRV-SWV-CHA-BR,,Assembly & Packaging Setup,Assembly & Packaging,Setup,,0,5,0
FIN-BRV-SWV-CHA-BR,,Assembly & Packaging,Assembly & Packaging,Process,,0,15,0
FIN-BRV-SWV-CHA-GR,,Quality Control,Quality Control,Process,,0,8,0
FIN-BRV-SWV-CHA-GR,,Assembly & Packaging Setup,Assembly & Packaging,Setup,,0,5,0
FIN-BRV-SWV-CHA-GR,,Assembly & Packaging,Assembly & Packaging,Process,,0,15,0
FIN-BRV-SWV-CHA-WH,,Quality Control,Quality Control,Process,,0,8,0
FIN-BRV-SWV-CHA-WH,,Assembly & Packaging Setup,Assembly & Packaging,Setup,,0,5,0
FIN-BRV-SWV-CHA-WH,,Assembly & Packaging,Assembly & Packaging,Process,,0,15,0
FIN-CAB-DYB-84X84,,Quality Control,Quality Control,Process,,0,8,0
FIN-CAB-DYB-84X84,,Assembly & Packaging Setup,Assembly & Packaging,Setup,,0,5,0
FIN-CAB-DYB-84X84,,Assembly & Packaging,Assembly & Packaging,Process,,0,15,0
FIN-CAB-MIS,,Quality Control,Quality Control,Process,,0,8,0
FIN-CAB-MIS,,Assembly & Packaging Setup,Assembly & Packaging,Setup,,0,5,0
FIN-CAB-MIS,,Assembly & Packaging,Assembly & Packaging,Process,,0,15,0
FIN-CAB-MIS-10X10,,Quality Control,Quality Control,Process,,0,8,0
FIN-CAB-MIS-10X10,,Assembly & Packaging Setup,Assembly & Packaging,Setup,,0,5,0
FIN-CAB-MIS-10X10,,Assembly & Packaging,Assembly & Packaging,Process,,0,15,0
FIN-CAB-MIS-12X24,,Quality Control,Quality Control,Process,,0,8,0
FIN-CAB-MIS-12X24,,Assembly & Packaging Setup,Assembly & Packaging,Setup,,0,5,0
FIN-CAB-MIS-12X24,,Assembly & Packaging,Assembly & Packaging,Process,,0,15,0
FIN-CAB-MIS-17X17,,Quality Control,Quality Control,Process,,0,8,0
FIN-CAB-MIS-17X17,,Assembly & Packaging Setup,Assembly & Packaging,Setup,,0,5,0
FIN-CAB-MIS-17X17,,Assembly & Packaging,Assembly & Packaging,Process,,0,15,0
FIN-CAB-MIS-23X23,,Quality Control,Quality Control,Process,,0,8,0
FIN-CAB-MIS-23X23,,Assembly & Packaging Setup,Assembly & Packaging,Setup,,0,5,0
FIN-CAB-MIS-23X23,,Assembly & Packaging,Assembly & Packaging,Process,,0,15,0
FIN-CAN-UMB,,Quality Control,Quality Control,Process,,0,8,0
FIN-CAN-UMB,,Assembly & Packaging Setup,Assembly & Packaging,Setup,,0,5,0
FIN-CAN-UMB,,Assembly & Packaging,Assembly & Packaging,Process,,0,15,0
FIN-CUS-OTT-22X72,,Quality Control,Quality Control,Process,,0,8,0
FIN-CUS-OTT-22X72,,Assembly & Packaging Setup,Assembly & Packaging,Setup,,0,5,0
FIN-CUS-OTT-22X72,,Assembly & Packaging,Assembly & Packaging,Process,,0,15,0
FIN-CUS-OTT-23X82,,Quality Control,Quality Control,Process,,0,8,0
FIN-CUS-OTT-23X82,,Assembly & Packaging Setup,Assembly & Packaging,Setup,,0,5,0
FIN-CUS-OTT-23X82,,Assembly & Packaging,Assembly & Packaging,Process,,0,15,0
FIN-CUS-OTT-72X22,,Quality Control,Quality Control,Process,,0,8,0
FIN-CUS-OTT-72X22,,Assembly & Packaging Setup,Assembly & Packaging,Setup,,0,5,0
FIN-CUS-OTT-72X22,,Assembly & Packaging,Assembly & Packaging,Process,,0,15,0
FIN-CUS-OTT-82X23,,Quality Control,Quality Control,Process,,0,8,0
FIN-CUS-OTT-82X23,,Assembly & Packaging Setup,Assembly & Packaging,Setup,,0,5,0
FIN-CUS-OTT-82X23,,Assembly & Packaging,Assembly & Packaging,Process,,0,15,0
FIN-DAI-BAR-TAB-120X42,,Quality Control,Quality Control,Process,,0,8,0
FIN-DAI-BAR-TAB-120X42,,Assembly & Packaging Setup,Assembly & Packaging,Setup,,0,5,0
FIN-DAI-BAR-TAB-120X42,,Assembly & Packaging,Assembly & Packaging,Process,,0,15,0
FIN-DAI-BAR-TAB-120X56,,Quality Control,Quality Control,Process,,0,8,0
FIN-DAI-BAR-TAB-120X56,,Assembly & Packaging Setup,Assembly & Packaging,Setup,,0,5,0
FIN-DAI-BAR-TAB-120X56,,Assembly & Packaging,Assembly & Packaging,Process,,0,15,0
FIN-DAI-BAR-TAB-42X120,,Quality Control,Quality Control,Process,,0,8,0
FIN-DAI-BAR-TAB-42X120,,Assembly & Packaging Setup,Assembly & Packaging,Setup,,0,5,0
FIN-DAI-BAR-TAB-42X120,,Assembly & Packaging,Assembly & Packaging,Process,,0,15,0
FIN-DAI-BAR-TAB-42X72,,Quality Control,Quality Control,Process,,0,8,0
FIN-DAI-BAR-TAB-42X72,,Assembly & Packaging Setup,Assembly & Packaging,Setup,,0,5,0
FIN-DAI-BAR-TAB-42X72,,Assembly & Packaging,Assembly & Packaging,Process,,0,15,0
FIN-DAI-BAR-TAB-42X96,,Quality Control,Quality Control,Process,,0,8,0
FIN-DAI-BAR-TAB-42X96,,Assembly & Packaging Setup,Assembly & Packaging,Setup,,0,5,0
FIN-DAI-BAR-TAB-42X96,,Assembly & Packaging,Assembly & Packaging,Process,,0,15,0
FIN-DAI-BAR-TAB-56X120,,Quality Control,Quality Control,Process,,0,8,0
FIN-DAI-BAR-TAB-56X120,,Assembly & Packaging Setup,Assembly & Packaging,Setup,,0,5,0
FIN-DAI-BAR-TAB-56X120,,Assembly & Packaging,Assembly & Packaging,Process,,0,15,0
FIN-DAI-BAR-TAB-56X56,,Quality Control,Quality Control,Process,,0,8,0
FIN-DAI-BAR-TAB-56X56,,Assembly & Packaging Setup,Assembly & Packaging,Setup,,0,5,0
FIN-DAI-BAR-TAB-56X56,,Assembly & Packaging,Assembly & Packaging,Process,,0,15,0
FIN-DAI-BAR-TAB-56X72,,Quality Control,Quality Control,Process,,0,8,0
FIN-DAI-BAR-TAB-56X72,,Assembly & Packaging Setup,Assembly & Packaging,Setup,,0,5,0
FIN-DAI-BAR-TAB-56X72,,Assembly & Packaging,Assembly & Packaging,Process,,0,15,0
FIN-DAI-BAR-TAB-56X96,,Quality Control,Quality Control,Process,,0,8,0
FIN-DAI-BAR-TAB-56X96,,Assembly & Packaging Setup,Assembly & Packaging,Setup,,0,5,0
FIN-DAI-BAR-TAB-56X96,,Assembly & Packaging,Assembly & Packaging,Process,,0,15,0
FIN-DAI-BAR-TAB-72X42,,Quality Control,Quality Control,Process,,0,8,0
FIN-DAI-BAR-TAB-72X42,,Assembly & Packaging Setup,Assembly & Packaging,Setup,,0,5,0
FIN-DAI-BAR-TAB-72X42,,Assembly & Packaging,Assembly & Packaging,Process,,0,15,0
FIN-DAI-BAR-TAB-72X56,,Quality Control,Quality Control,Process,,0,8,0
FIN-DAI-BAR-TAB-72X56,,Assembly & Packaging Setup,Assembly & Packaging,Setup,,0,5,0
FIN-DAI-BAR-TAB-72X56,,Assembly & Packaging,Assembly & Packaging,Process,,0,15,0
FIN-DAI-BAR-TAB-96X42,,Quality Control,Quality Control,Process,,0,8,0
FIN-DAI-BAR-TAB-96X42,,Assembly & Packaging Setup,Assembly & Packaging,Setup,,0,5,0
FIN-DAI-BAR-TAB-96X42,,Assembly & Packaging,Assembly & Packaging,Process,,0,15,0
FIN-DAI-BAR-TAB-96X56,,Quality Control,Quality Control,Process,,0,8,0
FIN-DAI-BAR-TAB-96X56,,Assembly & Packaging Setup,Assembly & Packaging,Setup,,0,5,0
FIN-DAI-BAR-TAB-96X56,,Assembly & Packaging,Assembly & Packaging,Process,,0,15,0
FIN-DAI-CNT-TAB-120X42,,Quality Control,Quality Control,Process,,0,8,0
FIN-DAI-CNT-TAB-120X42,,Assembly & Packaging Setup,Assembly & Packaging,Setup,,0,5,0
FIN-DAI-CNT-TAB-120X42,,Assembly & Packaging,Assembly & Packaging,Process,,0,15,0
FIN-DAI-CNT-TAB-120X56,,Quality Control,Quality Control,Process,,0,8,0
FIN-DAI-CNT-TAB-120X56,,Assembly & Packaging Setup,Assembly & Packaging,Setup,,0,5,0
FIN-DAI-CNT-TAB-120X56,,Assembly & Packaging,Assembly & Packaging,Process,,0,15,0
FIN-DAI-CNT-TAB-42X120,,Quality Control,Quality Control,Process,,0,8,0
FIN-DAI-CNT-TAB-42X120,,Assembly & Packaging Setup,Assembly & Packaging,Setup,,0,5,0
FIN-DAI-CNT-TAB-42X120,,Assembly & Packaging,Assembly & Packaging,Process,,0,15,0
FIN-DAI-CNT-TAB-42X72,,Quality Control,Quality Control,Process,,0,8,0
FIN-DAI-CNT-TAB-42X72,,Assembly & Packaging Setup,Assembly & Packaging,Setup,,0,5,0
FIN-DAI-CNT-TAB-42X72,,Assembly & Packaging,Assembly & Packaging,Process,,0,15,0
FIN-DAI-CNT-TAB-42X96,,Quality Control,Quality Control,Process,,0,8,0
FIN-DAI-CNT-TAB-42X96,,Assembly & Packaging Setup,Assembly & Packaging,Setup,,0,5,0
FIN-DAI-CNT-TAB-42X96,,Assembly & Packaging,Assembly & Packaging,Process,,0,15,0
FIN-DAI-CNT-TAB-56X120,,Quality Control,Quality Control,Process,,0,8,0
FIN-DAI-CNT-TAB-56X120,,Assembly & Packaging Setup,Assembly & Packaging,Setup,,0,5,0
FIN-DAI-CNT-TAB-56X120,,Assembly & Packaging,Assembly & Packaging,Process,,0,15,0
FIN-DAI-CNT-TAB-56X56,,Quality Control,Quality Control,Process,,0,8,0
FIN-DAI-CNT-TAB-56X56,,Assembly & Packaging Setup,Assembly & Packaging,Setup,,0,5,0
FIN-DAI-CNT-TAB-56X56,,Assembly & Packaging,Assembly & Packaging,Process,,0,15,0
FIN-DAI-CNT-TAB-56X72,,Quality Control,Quality Control,Process,,0,8,0
FIN-DAI-CNT-TAB-56X72,,Assembly & Packaging Setup,Assembly & Packaging,Setup,,0,5,0
FIN-DAI-CNT-TAB-56X72,,Assembly & Packaging,Assembly & Packaging,Process,,0,15,0
FIN-DAI-CNT-TAB-56X96,,Quality Control,Quality Control,Process,,0,8,0
FIN-DAI-CNT-TAB-56X96,,Assembly & Packaging Setup,Assembly & Packaging,Setup,,0,5,0
FIN-DAI-CNT-TAB-56X96,,Assembly & Packaging,Assembly & Packaging,Process,,0,15,0
FIN-DAI-CNT-TAB-72X42,,Quality Control,Quality Control,Process,,0,8,0
FIN-DAI-CNT-TAB-72X42,,Assembly & Packaging Setup,Assembly & Packaging,Setup,,0,5,0
FIN-DAI-CNT-TAB-72X42,,Assembly & Packaging,Assembly & Packaging,Process,,0,15,0
FIN-DAI-CNT-TAB-72X56,,Quality Control,Quality Control,Process,,0,8,0
FIN-DAI-CNT-TAB-72X56,,Assembly & Packaging Setup,Assembly & Packaging,Setup,,0,5,0
FIN-DAI-CNT-TAB-72X56,,Assembly & Packaging,Assembly & Packaging,Process,,0,15,0
FIN-DAI-CNT-TAB-96X42,,Quality Control,Quality Control,Process,,0,8,0
FIN-DAI-CNT-TAB-96X42,,Assembly & Packaging Setup,Assembly & Packaging,Setup,,0,5,0
FIN-DAI-CNT-TAB-96X42,,Assembly & Packaging,Assembly & Packaging,Process,,0,15,0
FIN-DAI-CNT-TAB-96X56,,Quality Control,Quality Control,Process,,0,8,0
FIN-DAI-CNT-TAB-96X56,,Assembly & Packaging Setup,Assembly & Packaging,Setup,,0,5,0
FIN-DAI-CNT-TAB-96X56,,Assembly & Packaging,Assembly & Packaging,Process,,0,15,0
FIN-DAI-DIN-TAB-120X42,,Quality Control,Quality Control,Process,,0,8,0
FIN-DAI-DIN-TAB-120X42,,Assembly & Packaging Setup,Assembly & Packaging,Setup,,0,5,0
FIN-DAI-DIN-TAB-120X42,,Assembly & Packaging,Assembly & Packaging,Process,,0,15,0
FIN-DAI-DIN-TAB-120X56,,Quality Control,Quality Control,Process,,0,8,0
FIN-DAI-DIN-TAB-120X56,,Assembly & Packaging Setup,Assembly & Packaging,Setup,,0,5,0
FIN-DAI-DIN-TAB-120X56,,Assembly & Packaging,Assembly & Packaging,Process,,0,15,0
FIN-DAI-DIN-TAB-42X30,,Quality Control,Quality Control,Process,,0,8,0
FIN-DAI-DIN-TAB-42X30,,Assembly & Packaging Setup,Assembly & Packaging,Setup,,0,5,0
FIN-DAI-DIN-TAB-42X30,,Assembly & Packaging,Assembly & Packaging,Process,,0,15,0
FIN-DAI-DIN-TAB-42X42,,Quality Control,Quality Control,Process,,0,8,0
FIN-DAI-DIN-TAB-42X42,,Assembly & Packaging Setup,Assembly & Packaging,Setup,,0,5,0
FIN-DAI-DIN-TAB-42X42,,Assembly & Packaging,Assembly & Packaging,Process,,0,15,0
FIN-DAI-DIN-TAB-56X30,,Quality Control,Quality Control,Process,,0,8,0
FIN-DAI-DIN-TAB-56X30,,Assembly & Packaging Setup,Assembly & Packaging,Setup,,0,5,0
FIN-DAI-DIN-TAB-56X30,,Assembly & Packaging,Assembly & Packaging,Process,,0,15,0
FIN-DAI-DIN-TAB-56X56,,Quality Control,Quality Control,Process,,0,8,0
FIN-DAI-DIN-TAB-56X56,,Assembly & Packaging Setup,Assembly & Packaging,Setup,,0,5,0
FIN-DAI-DIN-TAB-56X56,,Assembly & Packaging,Assembly & Packaging,Process,,0,15,0
FIN-DAI-DIN-TAB-56X72,,Quality Control,Quality Control,Process,,0,8,0
FIN-DAI-DIN-TAB-56X72,,Assembly & Packaging Setup,Assembly & Packaging,Setup,,0,5,0
FIN-DAI-DIN-TAB-56X72,,Assembly & Packaging,Assembly & Packaging,Process,,0,15,0
FIN-DAI-DIN-TAB-56X96,,Quality Control,Quality Control,Process,,0,8,0
FIN-DAI-DIN-TAB-56X96,,Assembly & Packaging Setup,Assembly & Packaging,Setup,,0,5,0
FIN-DAI-DIN-TAB-56X96,,Assembly & Packaging,Assembly & Packaging,Process,,0,15,0
FIN-DAI-DIN-TAB-72X42,,Quality Control,Quality Control,Process,,0,8,0
FIN-DAI-DIN-TAB-72X42,,Assembly & Packaging Setup,Assembly & Packaging,Setup,,0,5,0
FIN-DAI-DIN-TAB-72X42,,Assembly & Packaging,Assembly & Packaging,Process,,0,15,0
FIN-DAI-DIN-TAB-72X56,,Quality Control,Quality Control,Process,,0,8,0
FIN-DAI-DIN-TAB-72X56,,Assembly & Packaging Setup,Assembly & Packaging,Setup,,0,5,0
FIN-DAI-DIN-TAB-72X56,,Assembly & Packaging,Assembly & Packaging,Process,,0,15,0
FIN-DAI-DIN-TAB-96X42,,Quality Control,Quality Control,Process,,0,8,0
FIN-DAI-DIN-TAB-96X42,,Assembly & Packaging Setup,Assembly & Packaging,Setup,,0,5,0
FIN-DAI-DIN-TAB-96X42,,Assembly & Packaging,Assembly & Packaging,Process,,0,15,0
FIN-DAI-DIN-TAB-96X56,,Quality Control,Quality Control,Process,,0,8,0
FIN-DAI-DIN-TAB-96X56,,Assembly & Packaging Setup,Assembly & Packaging,Setup,,0,5,0
FIN-DAI-DIN-TAB-96X56,,Assembly & Packaging,Assembly & Packaging,Process,,0,15,0
FIN-DAI-FIR-TAB-42X42,,Quality Control,Quality Control,Process,,0,8,0
FIN-DAI-FIR-TAB-42X42,,Assembly & Packaging Setup,Assembly & Packaging,Setup,,0,5,0
FIN-DAI-FIR-TAB-42X42,,Assembly & Packaging,Assembly & Packaging,Process,,0,15,0
FIN-DAI-FIR-TAB-56X42,,Quality Control,Quality Control,Process,,0,8,0
FIN-DAI-FIR-TAB-56X42,,Assembly & Packaging Setup,Assembly & Packaging,Setup,,0,5,0
FIN-DAI-FIR-TAB-56X42,,Assembly & Packaging,Assembly & Packaging,Process,,0,15,0
FIN-DAI-FIR-TAB-84X56,,Quality Control,Quality Control,Process,,0,8,0
FIN-DAI-FIR-TAB-84X56,,Assembly & Packaging Setup,Assembly & Packaging,Setup,,0,5,0
FIN-DAI-FIR-TAB-84X56,,Assembly & Packaging,Assembly & Packaging,Process,,0,15,0
FIN-DAI-FIR-TAB-96X56,,Quality Control,Quality Control,Process,,0,8,0
FIN-DAI-FIR-TAB-96X56,,Assembly & Packaging Setup,Assembly & Packaging,Setup,,0,5,0
FIN-DAI-FIR-TAB-96X56,,Assembly & Packaging,Assembly & Packaging,Process,,0,15,0
FIN-DAI-TAB-108X56,,Quality Control,Quality Control,Process,,0,8,0
FIN-DAI-TAB-108X56,,Assembly & Packaging Setup,Assembly & Packaging,Setup,,0,5,0
FIN-DAI-TAB-108X56,,Assembly & Packaging,Assembly & Packaging,Process,,0,15,0
FIN-DAI-TAB-72X42,,Quality Control,Quality Control,Process,,0,8,0
FIN-DAI-TAB-72X42,,Assembly & Packaging Setup,Assembly & Packaging,Setup,,0,5,0
FIN-DAI-TAB-72X42,,Assembly & Packaging,Assembly & Packaging,Process,,0,15,0
FIN-DAI-TAB-72X42-BE,,Quality Control,Quality Control,Process,,0,8,0
FIN-DAI-TAB-72X42-BE,,Assembly & Packaging Setup,Assembly & Packaging,Setup,,0,5,0
FIN-DAI-TAB-72X42-BE,,Assembly & Packaging,Assembly & Packaging,Process,,0,15,0
FIN-DAI-TAB-72X42-BO,,Quality Control,Quality Control,Process,,0,8,0
FIN-DAI-TAB-72X42-BO,,Assembly & Packaging Setup,Assembly & Packaging,Setup,,0,5,0
FIN-DAI-TAB-72X42-BO,,Assembly & Packaging,Assembly & Packaging,Process,,0,15,0
FIN-DAI-TAB-72X42-BR,,Quality Control,Quality Control,Process,,0,8,0
FIN-DAI-TAB-72X42-BR,,Assembly & Packaging Setup,Assembly & Packaging,Setup,,0,5,0
FIN-DAI-TAB-72X42-BR,,Assembly & Packaging,Assembly & Packaging,Process,,0,15,0
FIN-DAI-TAB-72X42-GR,,Quality Control,Quality Control,Process,,0,8,0
FIN-DAI-TAB-72X42-GR,,Assembly & Packaging Setup,Assembly & Packaging,Setup,,0,5,0
FIN-DAI-TAB-72X42-GR,,Assembly & Packaging,Assembly & Packaging,Process,,0,15,0
FIN-DAI-TAB-72X42-WH,,Quality Control,Quality Control,Process,,0,8,0
FIN-DAI-TAB-72X42-WH,,Assembly & Packaging Setup,Assembly & Packaging,Setup,,0,5,0
FIN-DAI-TAB-72X42-WH,,Assembly & Packaging,Assembly & Packaging,Process,,0,15,0
FIN-ESY-CHS,,Quality Control,Quality Control,Process,,0,8,0
FIN-ESY-CHS,,Assembly & Packaging Setup,Assembly & Packaging,Setup,,0,5,0
FIN-ESY-CHS,,Assembly & Packaging,Assembly & Packaging,Process,,0,15,0
FIN-ESY-MIS,,Quality Control,Quality Control,Process,,0,8,0
FIN-ESY-MIS,,Assembly & Packaging Setup,Assembly & Packaging,Setup,,0,5,0
FIN-ESY-MIS,,Assembly & Packaging,Assembly & Packaging,Process,,0,15,0
FIN-ESY-MIS-ADDIRONWOOD,,Quality Control,Quality Control,Process,,0,8,0
FIN-ESY-MIS-ADDIRONWOOD,,Assembly & Packaging Setup,Assembly & Packaging,Setup,,0,5,0
FIN-ESY-MIS-ADDIRONWOOD,,Assembly & Packaging,Assembly & Packaging,Process,,0,15,0
FIN-ESY-MIS-TWINBASE,,Quality Control,Quality Control,Process,,0,8,0
FIN-ESY-MIS-TWINBASE,,Assembly & Packaging Setup,Assembly & Packaging,Setup,,0,5,0
FIN-ESY-MIS-TWINBASE,,Assembly & Packaging,Assembly & Packaging,Process,,0,15,0
FIN-ESY-MIS-UNFABRICATEDDE,,Quality Control,Quality Control,Process,,0,8,0
FIN-ESY-MIS-UNFABRICATEDDE,,Assembly & Packaging Setup,Assembly & Packaging,Setup,,0,5,0
FIN-ESY-MIS-UNFABRICATEDDE,,Assembly & Packaging,Assembly & Packaging,Process,,0,15,0
FIN-ESY-MIS-WEATHERPROOFCO,,Quality Control,Quality Control,Process,,0,8,0
FIN-ESY-MIS-WEATHERPROOFCO,,Assembly & Packaging Setup,Assembly & Packaging,Setup,,0,5,0
FIN-ESY-MIS-WEATHERPROOFCO,,Assembly & Packaging,Assembly & Packaging,Process,,0,15,0
FIN-ESY-MIS-ZENBASE,,Quality Control,Quality Control,Process,,0,8,0
FIN-ESY-MIS-ZENBASE,,Assembly & Packaging Setup,Assembly & Packaging,Setup,,0,5,0
FIN-ESY-MIS-ZENBASE,,Assembly & Packaging,Assembly & Packaging,Process,,0,15,0
FIN-ESY-MIS-ZENCOVER,,Quality Control,Quality Control,Process,,0,8,0
FIN-ESY-MIS-ZENCOVER,,Assembly & Packaging Setup,Assembly & Packaging,Setup,,0,5,0
FIN-ESY-MIS-ZENCOVER,,Assembly & Packaging,Assembly & Packaging,Process,,0,15,0
FIN-ESY-MIS-ZENSHADE,,Quality Control,Quality Control,Process,,0,8,0
FIN-ESY-MIS-ZENSHADE,,Assembly & Packaging Setup,Assembly & Packaging,Setup,,0,5,0
FIN-ESY-MIS-ZENSHADE,,Assembly & Packaging,Assembly & Packaging,Process,,0,15,0
FIN-ESY-MIS-ZENSHADE2,,Quality Control,Quality Control,Process,,0,8,0
FIN-ESY-MIS-ZENSHADE2,,Assembly & Packaging Setup,Assembly & Packaging,Setup,,0,5,0
FIN-ESY-MIS-ZENSHADE2,,Assembly & Packaging,Assembly & Packaging,Process,,0,15,0
FIN-ESY-MIS-ZENTWIN,,Quality Control,Quality Control,Process,,0,8,0
FIN-ESY-MIS-ZENTWIN,,Assembly & Packaging Setup,Assembly & Packaging,Setup,,0,5,0
FIN-ESY-MIS-ZENTWIN,,Assembly & Packaging,Assembly & Packaging,Process,,0,15,0
FIN-FLY-BCH-42X18,,Quality Control,Quality Control,Process,,0,8,0
FIN-FLY-BCH-42X18,,Assembly & Packaging Setup,Assembly & Packaging,Setup,,0,5,0
FIN-FLY-BCH-42X18,,Assembly & Packaging,Assembly & Packaging,Process,,0,15,0
FIN-FLY-DIN-CHA-18X18,,Quality Control,Quality Control,Process,,0,8,0
FIN-FLY-DIN-CHA-18X18,,Assembly & Packaging Setup,Assembly & Packaging,Setup,,0,5,0
FIN-FLY-DIN-CHA-18X18,,Assembly & Packaging,Assembly & Packaging,Process,,0,15,0
FIN-FLY-FLY-BST-18X18,,Quality Control,Quality Control,Process,,0,8,0
FIN-FLY-FLY-BST-18X18,,Assembly & Packaging Setup,Assembly & Packaging,Setup,,0,5,0
FIN-FLY-FLY-BST-18X18,,Assembly & Packaging,Assembly & Packaging,Process,,0,15,0
FIN-FLY-LEG-BAR-COU-HEI,,Quality Control,Quality Control,Process,,0,8,0
FIN-FLY-LEG-BAR-COU-HEI,,Assembly & Packaging Setup,Assembly & Packaging,Setup,,0,5,0
FIN-FLY-LEG-BAR-COU-HEI,,Assembly & Packaging,Assembly & Packaging,Process,,0,15,0
FIN-FLY-LEG-BEN-COU-HEI-42,,Quality Control,Quality Control,Process,,0,8,0
FIN-FLY-LEG-BEN-COU-HEI-42,,Assembly & Packaging Setup,Assembly & Packaging,Setup,,0,5,0
FIN-FLY-LEG-BEN-COU-HEI-42,,Assembly & Packaging,Assembly & Packaging,Process,,0,15,0
FIN-FLY-LEG-BEN-DIN-HEI-42,,Quality Control,Quality Control,Process,,0,8,0
FIN-FLY-LEG-BEN-DIN-HEI-42,,Assembly & Packaging Setup,Assembly & Packaging,Setup,,0,5,0
FIN-FLY-LEG-BEN-DIN-HEI-42,,Assembly & Packaging,Assembly & Packaging,Process,,0,15,0
FIN-FLY-TAB-38X8,,Quality Control,Quality Control,Process,,0,8,0
FIN-FLY-TAB-38X8,,Assembly & Packaging Setup,Assembly & Packaging,Setup,,0,5,0
FIN-FLY-TAB-38X8,,Assembly & Packaging,Assembly & Packaging,Process,,0,15,0
FIN-FLY-TAB-60X12,,Quality Control,Quality Control,Process,,0,8,0
FIN-FLY-TAB-60X12,,Assembly & Packaging Setup,Assembly & Packaging,Setup,,0,5,0
FIN-FLY-TAB-60X12,,Assembly & Packaging,Assembly & Packaging,Process,,0,15,0
FIN-FLY-TAB-72X12,,Quality Control,Quality Control,Process,,0,8,0
FIN-FLY-TAB-72X12,,Assembly & Packaging Setup,Assembly & Packaging,Setup,,0,5,0
FIN-FLY-TAB-72X12,,Assembly & Packaging,Assembly & Packaging,Process,,0,15,0
FIN-FLY-TAB-84X12,,Quality Control,Quality Control,Process,,0,8,0
FIN-FLY-TAB-84X12,,Assembly & Packaging Setup,Assembly & Packaging,Setup,,0,5,0
FIN-FLY-TAB-84X12,,Assembly & Packaging,Assembly & Packaging,Process,,0,15,0
FIN-FLY-TAB-96X12,,Quality Control,Quality Control,Process,,0,8,0
FIN-FLY-TAB-96X12,,Assembly & Packaging Setup,Assembly & Packaging,Setup,,0,5,0
FIN-FLY-TAB-96X12,,Assembly & Packaging,Assembly & Packaging,Process,,0,15,0
FIN-HAL-BAC-BAR-BAR-HEI,,Quality Control,Quality Control,Process,,0,8,0
FIN-HAL-BAC-BAR-BAR-HEI,,Assembly & Packaging Setup,Assembly & Packaging,Setup,,0,5,0
FIN-HAL-BAC-BAR-BAR-HEI,,Assembly & Packaging,Assembly & Packaging,Process,,0,15,0
FIN-KIN-MIS,,Quality Control,Quality Control,Process,,0,8,0
FIN-KIN-MIS,,Assembly & Packaging Setup,Assembly & Packaging,Setup,,0,5,0
FIN-KIN-MIS,,Assembly & Packaging,Assembly & Packaging,Process,,0,15,0
FIN-KIN-MIS-KINDLELIVING,,Quality Control,Quality Control,Process,,0,8,0
FIN-KIN-MIS-KINDLELIVING,,Assembly & Packaging Setup,Assembly & Packaging,Setup,,0,5,0
FIN-KIN-MIS-KINDLELIVING,,Assembly & Packaging,Assembly & Packaging,Process,,0,15,0
FIN-LED-CHA,,Quality Control,Quality Control,Process,,0,8,0
FIN-LED-CHA,,Assembly & Packaging Setup,Assembly & Packaging,Setup,,0,5,0
FIN-LED-CHA,,Assembly & Packaging,Assembly & Packaging,Process,,0,15,0
FIN-LED-SID-TAB,,Quality Control,Quality Control,Process,,0,8,0
FIN-LED-SID-TAB,,Assembly & Packaging Setup,Assembly & Packaging,Setup,,0,5,0
FIN-LED-SID-TAB,,Assembly & Packaging,Assembly & Packaging,Process,,0,15,0
FIN-MIS-DIN-BCH-72X22,,Quality Control,Quality Control,Process,,0,8,0
FIN-MIS-DIN-BCH-72X22,,Assembly & Packaging Setup,Assembly & Packaging,Setup,,0,5,0
FIN-MIS-DIN-BCH-72X22,,Assembly & Packaging,Assembly & Packaging,Process,,0,15,0
FIN-MIS-DIN-BCH-96X22,,Quality Control,Quality Control,Process,,0,8,0
FIN-MIS-DIN-BCH-96X22,,Assembly & Packaging Setup,Assembly & Packaging,Setup,,0,5,0
FIN-MIS-DIN-BCH-96X22,,Assembly & Packaging,Assembly & Packaging,Process,,0,15,0
FIN-MIS-DIN-CHA-17X21,,Quality Control,Quality Control,Process,,0,8,0
FIN-MIS-DIN-CHA-17X21,,Assembly & Packaging Setup,Assembly & Packaging,Setup,,0,5,0
FIN-MIS-DIN-CHA-17X21,,Assembly & Packaging,Assembly & Packaging,Process,,0,15,0
FIN-MIS-FIR-TAB-42X42,,Quality Control,Quality Control,Process,,0,8,0
FIN-MIS-FIR-TAB-42X42,,Assembly & Packaging Setup,Assembly & Packaging,Setup,,0,5,0
FIN-MIS-FIR-TAB-42X42,,Assembly & Packaging,Assembly & Packaging,Process,,0,15,0
FIN-MIS-FLY-BST-17X21,,Quality Control,Quality Control,Process,,0,8,0
FIN-MIS-FLY-BST-17X21,,Assembly & Packaging Setup,Assembly & Packaging,Setup,,0,5,0
FIN-MIS-FLY-BST-17X21,,Assembly & Packaging,Assembly & Packaging,Process,,0,15,0
FIN-MIS-OTT-22X22,,Quality Control,Quality Control,Process,,0,8,0
FIN-MIS-OTT-22X22,,Assembly & Packaging Setup,Assembly & Packaging,Setup,,0,5,0
FIN-MIS-OTT-22X22,,Assembly & Packaging,Assembly & Packaging,Process,,0,15,0
FIN-MIS-SID-TAB-13X30,,Quality Control,Quality Control,Process,,0,8,0
FIN-MIS-SID-TAB-13X30,,Assembly & Packaging Setup,Assembly & Packaging,Setup,,0,5,0
FIN-MIS-SID-TAB-13X30,,Assembly & Packaging,Assembly & Packaging,Process,,0,15,0
FIN-MIS-TAB-13X30,,Quality Control,Quality Control,Process,,0,8,0
FIN-MIS-TAB-13X30,,Assembly & Packaging Setup,Assembly & Packaging,Setup,,0,5,0
FIN-MIS-TAB-13X30,,Assembly & Packaging,Assembly & Packaging,Process,,0,15,0
FIN-MLN-CLB-CHA-32X36,,Quality Control,Quality Control,Process,,0,8,0
FIN-MLN-CLB-CHA-32X36,,Assembly & Packaging Setup,Assembly & Packaging,Setup,,0,5,0
FIN-MLN-CLB-CHA-32X36,,Assembly & Packaging,Assembly & Packaging,Process,,0,15,0
FIN-MLN-MIS,,Quality Control,Quality Control,Process,,0,8,0
FIN-MLN-MIS,,Assembly & Packaging Setup,Assembly & Packaging,Setup,,0,5,0
FIN-MLN-MIS,,Assembly & Packaging,Assembly & Packaging,Process,,0,15,0
FIN-MLN-OTT-22X60,,Quality Control,Quality Control,Process,,0,8,0
FIN-MLN-OTT-22X60,,Assembly & Packaging Setup,Assembly & Packaging,Setup,,0,5,0
FIN-MLN-OTT-22X60,,Assembly & Packaging,Assembly & Packaging,Process,,0,15,0
FIN-MLN-OTT-22X72,,Quality Control,Quality Control,Process,,0,8,0
FIN-MLN-OTT-22X72,,Assembly & Packaging Setup,Assembly & Packaging,Setup,,0,5,0
FIN-MLN-OTT-22X72,,Assembly & Packaging,Assembly & Packaging,Process,,0,15,0
FIN-MLN-OTT-34X34,,Quality Control,Quality Control,Process,,0,8,0
FIN-MLN-OTT-34X34,,Assembly & Packaging Setup,Assembly & Packaging,Setup,,0,5,0
FIN-MLN-OTT-34X34,,Assembly & Packaging,Assembly & Packaging,Process,,0,15,0
FIN-MLN-OTT-34X42,,Quality Control,Quality Control,Process,,0,8,0
FIN-MLN-OTT-34X42,,Assembly & Packaging Setup,Assembly & Packaging,Setup,,0,5,0
FIN-MLN-OTT-34X42,,Assembly & Packaging,Assembly & Packaging,Process,,0,15,0
FIN-MLN-OTT-34X60,,Quality Control,Quality Control,Process,,0,8,0
FIN-MLN-OTT-34X60,,Assembly & Packaging Setup,Assembly & Packaging,Setup,,0,5,0
FIN-MLN-OTT-34X60,,Assembly & Packaging,Assembly & Packaging,Process,,0,15,0
FIN-MLN-OTT-34X72,,Quality Control,Quality Control,Process,,0,8,0
FIN-MLN-OTT-34X72,,Assembly & Packaging Setup,Assembly & Packaging,Setup,,0,5,0
FIN-MLN-OTT-34X72,,Assembly & Packaging,Assembly & Packaging,Process,,0,15,0
FIN-MLN-OTT-56X42,,Quality Control,Quality Control,Process,,0,8,0
FIN-MLN-OTT-56X42,,Assembly & Packaging Setup,Assembly & Packaging,Setup,,0,5,0
FIN-MLN-OTT-56X42,,Assembly & Packaging,Assembly & Packaging,Process,,0,15,0
FIN-MLN-SOF,,Quality Control,Quality Control,Process,,0,8,0
FIN-MLN-SOF,,Assembly & Packaging Setup,Assembly & Packaging,Setup,,0,5,0
FIN-MLN-SOF,,Assembly & Packaging,Assembly & Packaging,Process,,0,15,0
FIN-MLN-SOF-60X62,,Quality Control,Quality Control,Process,,0,8,0
FIN-MLN-SOF-60X62,,Assembly & Packaging Setup,Assembly & Packaging,Setup,,0,5,0
FIN-MLN-SOF-60X62,,Assembly & Packaging,Assembly & Packaging,Process,,0,15,0
FIN-MLN-SOF-62X42,,Quality Control,Quality Control,Process,,0,8,0
FIN-MLN-SOF-62X42,,Assembly & Packaging Setup,Assembly & Packaging,Setup,,0,5,0
FIN-MLN-SOF-62X42,,Assembly & Packaging,Assembly & Packaging,Process,,0,15,0
FIN-MLN-SOF-72X36,,Quality Control,Quality Control,Process,,0,8,0
FIN-MLN-SOF-72X36,,Assembly & Packaging Setup,Assembly & Packaging,Setup,,0,5,0
FIN-MLN-SOF-72X36,,Assembly & Packaging,Assembly & Packaging,Process,,0,15,0
FIN-MLN-SOF-84X36,,Quality Control,Quality Control,Process,,0,8,0
FIN-MLN-SOF-84X36,,Assembly & Packaging Setup,Assembly & Packaging,Setup,,0,5,0
FIN-MLN-SOF-84X36,,Assembly & Packaging,Assembly & Packaging,Process,,0,15,0
FIN-MLN-SOF-96X36,,Quality Control,Quality Control,Process,,0,8,0
FIN-MLN-SOF-96X36,,Assembly & Packaging Setup,Assembly & Packaging,Setup,,0,5,0
FIN-MLN-SOF-96X36,,Assembly & Packaging,Assembly & Packaging,Process,,0,15,0
FIN-MLN-TAB-56X14,,Quality Control,Quality Control,Process,,0,8,0
FIN-MLN-TAB-56X14,,Assembly & Packaging Setup,Assembly & Packaging,Setup,,0,5,0
FIN-MLN-TAB-56X14,,Assembly & Packaging,Assembly & Packaging,Process,,0,15,0
FIN-MLN-UMB,,Quality Control,Quality Control,Process,,0,8,0
FIN-MLN-UMB,,Assembly & Packaging Setup,Assembly & Packaging,Setup,,0,5,0
FIN-MLN-UMB,,Assembly & Packaging,Assembly & Packaging,Process,,0,15,0
FIN-MLN-UMB-CANTILEVERUMBR,,Quality Control,Quality Control,Process,,0,8,0
FIN-MLN-UMB-CANTILEVERUMBR,,Assembly & Packaging Setup,Assembly & Packaging,Setup,,0,5,0
FIN-MLN-UMB-CANTILEVERUMBR,,Assembly & Packaging,Assembly & Packaging,Process,,0,15,0
FIN-MLN-UMB-MARINAUMBRELLA,,Quality Control,Quality Control,Process,,0,8,0
FIN-MLN-UMB-MARINAUMBRELLA,,Assembly & Packaging Setup,Assembly & Packaging,Setup,,0,5,0
FIN-MLN-UMB-MARINAUMBRELLA,,Assembly & Packaging,Assembly & Packaging,Process,,0,15,0
FIN-MLN-UMB-MARINAUMBRELLA2,,Quality Control,Quality Control,Process,,0,8,0
FIN-MLN-UMB-MARINAUMBRELLA2,,Assembly & Packaging Setup,Assembly & Packaging,Setup,,0,5,0
FIN-MLN-UMB-MARINAUMBRELLA2,,Assembly & Packaging,Assembly & Packaging,Process,,0,15,0
FIN-OCC-TAB-56X14,,Quality Control,Quality Control,Process,,0,8,0
FIN-OCC-TAB-56X14,,Assembly & Packaging Setup,Assembly & Packaging,Setup,,0,5,0
FIN-OCC-TAB-56X14,,Assembly & Packaging,Assembly & Packaging,Process,,0,15,0
FIN-OCN-CLB-CHA-34X38,,Quality Control,Quality Control,Process,,0,8,0
FIN-OCN-CLB-CHA-34X38,,Assembly & Packaging Setup,Assembly & Packaging,Setup,,0,5,0
FIN-OCN-CLB-CHA-34X38,,Assembly & Packaging,Assembly & Packaging,Process,,0,15,0
FIN-OCN-CLB-CHA-34X38-BE-N,,Quality Control,Quality Control,Process,,0,8,0
FIN-OCN-CLB-CHA-34X38-BE-N,,Assembly & Packaging Setup,Assembly & Packaging,Setup,,0,5,0
FIN-OCN-CLB-CHA-34X38-BE-N,,Assembly & Packaging,Assembly & Packaging,Process,,0,15,0
FIN-OCN-CLB-CHA-34X38-BE-Y,,Quality Control,Quality Control,Process,,0,8,0
FIN-OCN-CLB-CHA-34X38-BE-Y,,Assembly & Packaging Setup,Assembly & Packaging,Setup,,0,5,0
FIN-OCN-CLB-CHA-34X38-BE-Y,,Assembly & Packaging,Assembly & Packaging,Process,,0,15,0
FIN-OCN-CLB-CHA-34X38-BL-Y,,Quality Control,Quality Control,Process,,0,8,0
FIN-OCN-CLB-CHA-34X38-BL-Y,,Assembly & Packaging Setup,Assembly & Packaging,Setup,,0,5,0
FIN-OCN-CLB-CHA-34X38-BL-Y,,Assembly & Packaging,Assembly & Packaging,Process,,0,15,0
FIN-OCN-CLB-CHA-34X38-BO-N,,Quality Control,Quality Control,Process,,0,8,0
FIN-OCN-CLB-CHA-34X38-BO-N,,Assembly & Packaging Setup,Assembly & Packaging,Setup,,0,5,0
FIN-OCN-CLB-CHA-34X38-BO-N,,Assembly & Packaging,Assembly & Packaging,Process,,0,15,0
FIN-OCN-CLB-CHA-34X38-BO-Y,,Quality Control,Quality Control,Process,,0,8,0
FIN-OCN-CLB-CHA-34X38-BO-Y,,Assembly & Packaging Setup,Assembly & Packaging,Setup,,0,5,0
FIN-OCN-CLB-CHA-34X38-BO-Y,,Assembly & Packaging,Assembly & Packaging,Process,,0,15,0
FIN-OCN-CLB-CHA-34X38-BR-N,,Quality Control,Quality Control,Process,,0,8,0
FIN-OCN-CLB-CHA-34X38-BR-N,,Assembly & Packaging Setup,Assembly & Packaging,Setup,,0,5,0
FIN-OCN-CLB-CHA-34X38-BR-N,,Assembly & Packaging,Assembly & Packaging,Process,,0,15,0
FIN-OCN-CLB-CHA-34X38-BR-Y,,Quality Control,Quality Control,Process,,0,8,0
FIN-OCN-CLB-CHA-34X38-BR-Y,,Assembly & Packaging Setup,Assembly & Packaging,Setup,,0,5,0
FIN-OCN-CLB-CHA-34X38-BR-Y,,Assembly & Packaging,Assembly & Packaging,Process,,0,15,0
FIN-OCN-CLB-CHA-34X38-GR-N,,Quality Control,Quality Control,Process,,0,8,0
FIN-OCN-CLB-CHA-34X38-GR-N,,Assembly & Packaging Setup,Assembly & Packaging,Setup,,0,5,0
FIN-OCN-CLB-CHA-34X38-GR-N,,Assembly & Packaging,Assembly & Packaging,Process,,0,15,0
FIN-OCN-CLB-CHA-34X38-GR-Y,,Quality Control,Quality Control,Process,,0,8,0
FIN-OCN-CLB-CHA-34X38-GR-Y,,Assembly & Packaging Setup,Assembly & Packaging,Setup,,0,5,0
FIN-OCN-CLB-CHA-34X38-GR-Y,,Assembly & Packaging,Assembly & Packaging,Process,,0,15,0
FIN-OCN-CLB-CHA-34X38-WH-N,,Quality Control,Quality Control,Process,,0,8,0
FIN-OCN-CLB-CHA-34X38-WH-N,,Assembly & Packaging Setup,Assembly & Packaging,Setup,,0,5,0
FIN-OCN-CLB-CHA-34X38-WH-N,,Assembly & Packaging,Assembly & Packaging,Process,,0,15,0
FIN-OCN-CLB-CHA-34X38-WH-Y,,Quality Control,Quality Control,Process,,0,8,0
FIN-OCN-CLB-CHA-34X38-WH-Y,,Assembly & Packaging Setup,Assembly & Packaging,Setup,,0,5,0
FIN-OCN-CLB-CHA-34X38-WH-Y,,Assembly & Packaging,Assembly & Packaging,Process,,0,15,0
FIN-OCN-COF-TAB-28X42,,Quality Control,Quality Control,Process,,0,8,0
FIN-OCN-COF-TAB-28X42,,Assembly & Packaging Setup,Assembly & Packaging,Setup,,0,5,0
FIN-OCN-COF-TAB-28X42,,Assembly & Packaging,Assembly & Packaging,Process,,0,15,0
FIN-OCN-COF-TAB-28X56,,Quality Control,Quality Control,Process,,0,8,0
FIN-OCN-COF-TAB-28X56,,Assembly & Packaging Setup,Assembly & Packaging,Setup,,0,5,0
FIN-OCN-COF-TAB-28X56,,Assembly & Packaging,Assembly & Packaging,Process,,0,15,0
FIN-OCN-COF-TAB-36X36,,Quality Control,Quality Control,Process,,0,8,0
FIN-OCN-COF-TAB-36X36,,Assembly & Packaging Setup,Assembly & Packaging,Setup,,0,5,0
FIN-OCN-COF-TAB-36X36,,Assembly & Packaging,Assembly & Packaging,Process,,0,15,0
FIN-OCN-COF-TAB-36X36-BE,,Quality Control,Quality Control,Process,,0,8,0
FIN-OCN-COF-TAB-36X36-BE,,Assembly & Packaging Setup,Assembly & Packaging,Setup,,0,5,0
FIN-OCN-COF-TAB-36X36-BE,,Assembly & Packaging,Assembly & Packaging,Process,,0,15,0
FIN-OCN-COF-TAB-36X36-BO,,Quality Control,Quality Control,Process,,0,8,0
FIN-OCN-COF-TAB-36X36-BO,,Assembly & Packaging Setup,Assembly & Packaging,Setup,,0,5,0
FIN-OCN-COF-TAB-36X36-BO,,Assembly & Packaging,Assembly & Packaging,Process,,0,15,0
FIN-OCN-COF-TAB-36X36-BR,,Quality Control,Quality Control,Process,,0,8,0
FIN-OCN-COF-TAB-36X36-BR,,Assembly & Packaging Setup,Assembly & Packaging,Setup,,0,5,0
FIN-OCN-COF-TAB-36X36-BR,,Assembly & Packaging,Assembly & Packaging,Process,,0,15,0
FIN-OCN-COF-TAB-36X36-GR,,Quality Control,Quality Control,Process,,0,8,0
FIN-OCN-COF-TAB-36X36-GR,,Assembly & Packaging Setup,Assembly & Packaging,Setup,,0,5,0
FIN-OCN-COF-TAB-36X36-GR,,Assembly & Packaging,Assembly & Packaging,Process,,0,15,0
FIN-OCN-COF-TAB-36X36-WH,,Quality Control,Quality Control,Process,,0,8,0
FIN-OCN-COF-TAB-36X36-WH,,Assembly & Packaging Setup,Assembly & Packaging,Setup,,0,5,0
FIN-OCN-COF-TAB-36X36-WH,,Assembly & Packaging,Assembly & Packaging,Process,,0,15,0
FIN-OCN-COF-TAB-36X56,,Quality Control,Quality Control,Process,,0,8,0
FIN-OCN-COF-TAB-36X56,,Assembly & Packaging Setup,Assembly & Packaging,Setup,,0,5,0
FIN-OCN-COF-TAB-36X56,,Assembly & Packaging,Assembly & Packaging,Process,,0,15,0
FIN-OCN-COF-TAB-36X72,,Quality Control,Quality Control,Process,,0,8,0
FIN-OCN-COF-TAB-36X72,,Assembly & Packaging Setup,Assembly & Packaging,Setup,,0,5,0
FIN-OCN-COF-TAB-36X72,,Assembly & Packaging,Assembly & Packaging,Process,,0,15,0
FIN-OCN-COF-TAB-42X28,,Quality Control,Quality Control,Process,,0,8,0
FIN-OCN-COF-TAB-42X28,,Assembly & Packaging Setup,Assembly & Packaging,Setup,,0,5,0
FIN-OCN-COF-TAB-42X28,,Assembly & Packaging,Assembly & Packaging,Process,,0,15,0
FIN-OCN-COF-TAB-42X28-BE,,Quality Control,Quality Control,Process,,0,8,0
FIN-OCN-COF-TAB-42X28-BE,,Assembly & Packaging Setup,Assembly & Packaging,Setup,,0,5,0
FIN-OCN-COF-TAB-42X28-BE,,Assembly & Packaging,Assembly & Packaging,Process,,0,15,0
FIN-OCN-COF-TAB-42X28-BO,,Quality Control,Quality Control,Process,,0,8,0
FIN-OCN-COF-TAB-42X28-BO,,Assembly & Packaging Setup,Assembly & Packaging,Setup,,0,5,0
FIN-OCN-COF-TAB-42X28-BO,,Assembly & Packaging,Assembly & Packaging,Process,,0,15,0
FIN-OCN-COF-TAB-42X28-BR,,Quality Control,Quality Control,Process,,0,8,0
FIN-OCN-COF-TAB-42X28-BR,,Assembly & Packaging Setup,Assembly & Packaging,Setup,,0,5,0
FIN-OCN-COF-TAB-42X28-BR,,Assembly & Packaging,Assembly & Packaging,Process,,0,15,0
FIN-OCN-COF-TAB-42X28-GR,,Quality Control,Quality Control,Process,,0,8,0
FIN-OCN-COF-TAB-42X28-GR,,Assembly & Packaging Setup,Assembly & Packaging,Setup,,0,5,0
FIN-OCN-COF-TAB-42X28-GR,,Assembly & Packaging,Assembly & Packaging,Process,,0,15,0
FIN-OCN-COF-TAB-42X28-WH,,Quality Control,Quality Control,Process,,0,8,0
FIN-OCN-COF-TAB-42X28-WH,,Assembly & Packaging Setup,Assembly & Packaging,Setup,,0,5,0
FIN-OCN-COF-TAB-42X28-WH,,Assembly & Packaging,Assembly & Packaging,Process,,0,15,0
FIN-OCN-COF-TAB-42X42,,Quality Control,Quality Control,Process,,0,8,0
FIN-OCN-COF-TAB-42X42,,Assembly & Packaging Setup,Assembly & Packaging,Setup,,0,5,0
FIN-OCN-COF-TAB-42X42,,Assembly & Packaging,Assembly & Packaging,Process,,0,15,0
FIN-OCN-COF-TAB-42X42-BE,,Quality Control,Quality Control,Process,,0,8,0
FIN-OCN-COF-TAB-42X42-BE,,Assembly & Packaging Setup,Assembly & Packaging,Setup,,0,5,0
FIN-OCN-COF-TAB-42X42-BE,,Assembly & Packaging,Assembly & Packaging,Process,,0,15,0
FIN-OCN-COF-TAB-42X42-BO,,Quality Control,Quality Control,Process,,0,8,0
FIN-OCN-COF-TAB-42X42-BO,,Assembly & Packaging Setup,Assembly & Packaging,Setup,,0,5,0
FIN-OCN-COF-TAB-42X42-BO,,Assembly & Packaging,Assembly & Packaging,Process,,0,15,0
FIN-OCN-COF-TAB-42X42-BR,,Quality Control,Quality Control,Process,,0,8,0
FIN-OCN-COF-TAB-42X42-BR,,Assembly & Packaging Setup,Assembly & Packaging,Setup,,0,5,0
FIN-OCN-COF-TAB-42X42-BR,,Assembly & Packaging,Assembly & Packaging,Process,,0,15,0
FIN-OCN-COF-TAB-42X42-GR,,Quality Control,Quality Control,Process,,0,8,0
FIN-OCN-COF-TAB-42X42-GR,,Assembly & Packaging Setup,Assembly & Packaging,Setup,,0,5,0
FIN-OCN-COF-TAB-42X42-GR,,Assembly & Packaging,Assembly & Packaging,Process,,0,15,0
FIN-OCN-COF-TAB-42X42-WH,,Quality Control,Quality Control,Process,,0,8,0
FIN-OCN-COF-TAB-42X42-WH,,Assembly & Packaging Setup,Assembly & Packaging,Setup,,0,5,0
FIN-OCN-COF-TAB-42X42-WH,,Assembly & Packaging,Assembly & Packaging,Process,,0,15,0
FIN-OCN-COF-TAB-42X56,,Quality Control,Quality Control,Process,,0,8,0
FIN-OCN-COF-TAB-42X56,,Assembly & Packaging Setup,Assembly & Packaging,Setup,,0,5,0
FIN-OCN-COF-TAB-42X56,,Assembly & Packaging,Assembly & Packaging,Process,,0,15,0
FIN-OCN-COF-TAB-42X72,,Quality Control,Quality Control,Process,,0,8,0
FIN-OCN-COF-TAB-42X72,,Assembly & Packaging Setup,Assembly & Packaging,Setup,,0,5,0
FIN-OCN-COF-TAB-42X72,,Assembly & Packaging,Assembly & Packaging,Process,,0,15,0
FIN-OCN-COF-TAB-56X28,,Quality Control,Quality Control,Process,,0,8,0
FIN-OCN-COF-TAB-56X28,,Assembly & Packaging Setup,Assembly & Packaging,Setup,,0,5,0
FIN-OCN-COF-TAB-56X28,,Assembly & Packaging,Assembly & Packaging,Process,,0,15,0
FIN-OCN-COF-TAB-56X28-BE,,Quality Control,Quality Control,Process,,0,8,0
FIN-OCN-COF-TAB-56X28-BE,,Assembly & Packaging Setup,Assembly & Packaging,Setup,,0,5,0
FIN-OCN-COF-TAB-56X28-BE,,Assembly & Packaging,Assembly & Packaging,Process,,0,15,0
FIN-OCN-COF-TAB-56X28-BO,,Quality Control,Quality Control,Process,,0,8,0
FIN-OCN-COF-TAB-56X28-BO,,Assembly & Packaging Setup,Assembly & Packaging,Setup,,0,5,0
FIN-OCN-COF-TAB-56X28-BO,,Assembly & Packaging,Assembly & Packaging,Process,,0,15,0
FIN-OCN-COF-TAB-56X28-BR,,Quality Control,Quality Control,Process,,0,8,0
FIN-OCN-COF-TAB-56X28-BR,,Assembly & Packaging Setup,Assembly & Packaging,Setup,,0,5,0
FIN-OCN-COF-TAB-56X28-BR,,Assembly & Packaging,Assembly & Packaging,Process,,0,15,0
FIN-OCN-COF-TAB-56X28-GR,,Quality Control,Quality Control,Process,,0,8,0
FIN-OCN-COF-TAB-56X28-GR,,Assembly & Packaging Setup,Assembly & Packaging,Setup,,0,5,0
FIN-OCN-COF-TAB-56X28-GR,,Assembly & Packaging,Assembly & Packaging,Process,,0,15,0
FIN-OCN-COF-TAB-56X28-WH,,Quality Control,Quality Control,Process,,0,8,0
FIN-OCN-COF-TAB-56X28-WH,,Assembly & Packaging Setup,Assembly & Packaging,Setup,,0,5,0
FIN-OCN-COF-TAB-56X28-WH,,Assembly & Packaging,Assembly & Packaging,Process,,0,15,0
FIN-OCN-COF-TAB-56X36,,Quality Control,Quality Control,Process,,0,8,0
FIN-OCN-COF-TAB-56X36,,Assembly & Packaging Setup,Assembly & Packaging,Setup,,0,5,0
FIN-OCN-COF-TAB-56X36,,Assembly & Packaging,Assembly & Packaging,Process,,0,15,0
FIN-OCN-COF-TAB-56X36-BE,,Quality Control,Quality Control,Process,,0,8,0
FIN-OCN-COF-TAB-56X36-BE,,Assembly & Packaging Setup,Assembly & Packaging,Setup,,0,5,0
FIN-OCN-COF-TAB-56X36-BE,,Assembly & Packaging,Assembly & Packaging,Process,,0,15,0
FIN-OCN-COF-TAB-56X36-BO,,Quality Control,Quality Control,Process,,0,8,0
FIN-OCN-COF-TAB-56X36-BO,,Assembly & Packaging Setup,Assembly & Packaging,Setup,,0,5,0
FIN-OCN-COF-TAB-56X36-BO,,Assembly & Packaging,Assembly & Packaging,Process,,0,15,0
FIN-OCN-COF-TAB-56X36-BR,,Quality Control,Quality Control,Process,,0,8,0
FIN-OCN-COF-TAB-56X36-BR,,Assembly & Packaging Setup,Assembly & Packaging,Setup,,0,5,0
FIN-OCN-COF-TAB-56X36-BR,,Assembly & Packaging,Assembly & Packaging,Process,,0,15,0
FIN-OCN-COF-TAB-56X36-GR,,Quality Control,Quality Control,Process,,0,8,0
FIN-OCN-COF-TAB-56X36-GR,,Assembly & Packaging Setup,Assembly & Packaging,Setup,,0,5,0
FIN-OCN-COF-TAB-56X36-GR,,Assembly & Packaging,Assembly & Packaging,Process,,0,15,0
FIN-OCN-COF-TAB-56X36-WH,,Quality Control,Quality Control,Process,,0,8,0
FIN-OCN-COF-TAB-56X36-WH,,Assembly & Packaging Setup,Assembly & Packaging,Setup,,0,5,0
FIN-OCN-COF-TAB-56X36-WH,,Assembly & Packaging,Assembly & Packaging,Process,,0,15,0
FIN-OCN-COF-TAB-56X42,,Quality Control,Quality Control,Process,,0,8,0
FIN-OCN-COF-TAB-56X42,,Assembly & Packaging Setup,Assembly & Packaging,Setup,,0,5,0
FIN-OCN-COF-TAB-56X42,,Assembly & Packaging,Assembly & Packaging,Process,,0,15,0
FIN-OCN-COF-TAB-56X42-BE,,Quality Control,Quality Control,Process,,0,8,0
FIN-OCN-COF-TAB-56X42-BE,,Assembly & Packaging Setup,Assembly & Packaging,Setup,,0,5,0
FIN-OCN-COF-TAB-56X42-BE,,Assembly & Packaging,Assembly & Packaging,Process,,0,15,0
FIN-OCN-COF-TAB-56X42-BO,,Quality Control,Quality Control,Process,,0,8,0
FIN-OCN-COF-TAB-56X42-BO,,Assembly & Packaging Setup,Assembly & Packaging,Setup,,0,5,0
FIN-OCN-COF-TAB-56X42-BO,,Assembly & Packaging,Assembly & Packaging,Process,,0,15,0
FIN-OCN-COF-TAB-56X42-BR,,Quality Control,Quality Control,Process,,0,8,0
FIN-OCN-COF-TAB-56X42-BR,,Assembly & Packaging Setup,Assembly & Packaging,Setup,,0,5,0
FIN-OCN-COF-TAB-56X42-BR,,Assembly & Packaging,Assembly & Packaging,Process,,0,15,0
FIN-OCN-COF-TAB-56X42-GR,,Quality Control,Quality Control,Process,,0,8,0
FIN-OCN-COF-TAB-56X42-GR,,Assembly & Packaging Setup,Assembly & Packaging,Setup,,0,5,0
FIN-OCN-COF-TAB-56X42-GR,,Assembly & Packaging,Assembly & Packaging,Process,,0,15,0
FIN-OCN-COF-TAB-56X42-WH,,Quality Control,Quality Control,Process,,0,8,0
FIN-OCN-COF-TAB-56X42-WH,,Assembly & Packaging Setup,Assembly & Packaging,Setup,,0,5,0
FIN-OCN-COF-TAB-56X42-WH,,Assembly & Packaging,Assembly & Packaging,Process,,0,15,0
FIN-OCN-COF-TAB-56X56,,Quality Control,Quality Control,Process,,0,8,0
FIN-OCN-COF-TAB-56X56,,Assembly & Packaging Setup,Assembly & Packaging,Setup,,0,5,0
FIN-OCN-COF-TAB-56X56,,Assembly & Packaging,Assembly & Packaging,Process,,0,15,0
FIN-OCN-COF-TAB-56X56-BE,,Quality Control,Quality Control,Process,,0,8,0
FIN-OCN-COF-TAB-56X56-BE,,Assembly & Packaging Setup,Assembly & Packaging,Setup,,0,5,0
FIN-OCN-COF-TAB-56X56-BE,,Assembly & Packaging,Assembly & Packaging,Process,,0,15,0
FIN-OCN-COF-TAB-56X56-BO,,Quality Control,Quality Control,Process,,0,8,0
FIN-OCN-COF-TAB-56X56-BO,,Assembly & Packaging Setup,Assembly & Packaging,Setup,,0,5,0
FIN-OCN-COF-TAB-56X56-BO,,Assembly & Packaging,Assembly & Packaging,Process,,0,15,0
FIN-OCN-COF-TAB-56X56-BR,,Quality Control,Quality Control,Process,,0,8,0
FIN-OCN-COF-TAB-56X56-BR,,Assembly & Packaging Setup,Assembly & Packaging,Setup,,0,5,0
FIN-OCN-COF-TAB-56X56-BR,,Assembly & Packaging,Assembly & Packaging,Process,,0,15,0
FIN-OCN-COF-TAB-56X56-GR,,Quality Control,Quality Control,Process,,0,8,0
FIN-OCN-COF-TAB-56X56-GR,,Assembly & Packaging Setup,Assembly & Packaging,Setup,,0,5,0
FIN-OCN-COF-TAB-56X56-GR,,Assembly & Packaging,Assembly & Packaging,Process,,0,15,0
FIN-OCN-COF-TAB-56X56-WH,,Quality Control,Quality Control,Process,,0,8,0
FIN-OCN-COF-TAB-56X56-WH,,Assembly & Packaging Setup,Assembly & Packaging,Setup,,0,5,0
FIN-OCN-COF-TAB-56X56-WH,,Assembly & Packaging,Assembly & Packaging,Process,,0,15,0
FIN-OCN-COF-TAB-56X72,,Quality Control,Quality Control,Process,,0,8,0
FIN-OCN-COF-TAB-56X72,,Assembly & Packaging Setup,Assembly & Packaging,Setup,,0,5,0
FIN-OCN-COF-TAB-56X72,,Assembly & Packaging,Assembly & Packaging,Process,,0,15,0
FIN-OCN-COF-TAB-72X36,,Quality Control,Quality Control,Process,,0,8,0
FIN-OCN-COF-TAB-72X36,,Assembly & Packaging Setup,Assembly & Packaging,Setup,,0,5,0
FIN-OCN-COF-TAB-72X36,,Assembly & Packaging,Assembly & Packaging,Process,,0,15,0
FIN-OCN-COF-TAB-72X36-BE,,Quality Control,Quality Control,Process,,0,8,0
FIN-OCN-COF-TAB-72X36-BE,,Assembly & Packaging Setup,Assembly & Packaging,Setup,,0,5,0
FIN-OCN-COF-TAB-72X36-BE,,Assembly & Packaging,Assembly & Packaging,Process,,0,15,0
FIN-OCN-COF-TAB-72X36-BO,,Quality Control,Quality Control,Process,,0,8,0
FIN-OCN-COF-TAB-72X36-BO,,Assembly & Packaging Setup,Assembly & Packaging,Setup,,0,5,0
FIN-OCN-COF-TAB-72X36-BO,,Assembly & Packaging,Assembly & Packaging,Process,,0,15,0
FIN-OCN-COF-TAB-72X36-BR,,Quality Control,Quality Control,Process,,0,8,0
FIN-OCN-COF-TAB-72X36-BR,,Assembly & Packaging Setup,Assembly & Packaging,Setup,,0,5,0
FIN-OCN-COF-TAB-72X36-BR,,Assembly & Packaging,Assembly & Packaging,Process,,0,15,0
FIN-OCN-COF-TAB-72X36-GR,,Quality Control,Quality Control,Process,,0,8,0
FIN-OCN-COF-TAB-72X36-GR,,Assembly & Packaging Setup,Assembly & Packaging,Setup,,0,5,0
FIN-OCN-COF-TAB-72X36-GR,,Assembly & Packaging,Assembly & Packaging,Process,,0,15,0
FIN-OCN-COF-TAB-72X36-WH,,Quality Control,Quality Control,Process,,0,8,0
FIN-OCN-COF-TAB-72X36-WH,,Assembly & Packaging Setup,Assembly & Packaging,Setup,,0,5,0
FIN-OCN-COF-TAB-72X36-WH,,Assembly & Packaging,Assembly & Packaging,Process,,0,15,0
FIN-OCN-COF-TAB-72X42,,Quality Control,Quality Control,Process,,0,8,0
FIN-OCN-COF-TAB-72X42,,Assembly & Packaging Setup,Assembly & Packaging,Setup,,0,5,0
FIN-OCN-COF-TAB-72X42,,Assembly & Packaging,Assembly & Packaging,Process,,0,15,0
FIN-OCN-COF-TAB-72X42-BE,,Quality Control,Quality Control,Process,,0,8,0
FIN-OCN-COF-TAB-72X42-BE,,Assembly & Packaging Setup,Assembly & Packaging,Setup,,0,5,0
FIN-OCN-COF-TAB-72X42-BE,,Assembly & Packaging,Assembly & Packaging,Process,,0,15,0
FIN-OCN-COF-TAB-72X42-BO,,Quality Control,Quality Control,Process,,0,8,0
FIN-OCN-COF-TAB-72X42-BO,,Assembly & Packaging Setup,Assembly & Packaging,Setup,,0,5,0
FIN-OCN-COF-TAB-72X42-BO,,Assembly & Packaging,Assembly & Packaging,Process,,0,15,0
FIN-OCN-COF-TAB-72X42-BR,,Quality Control,Quality Control,Process,,0,8,0
FIN-OCN-COF-TAB-72X42-BR,,Assembly & Packaging Setup,Assembly & Packaging,Setup,,0,5,0
FIN-OCN-COF-TAB-72X42-BR,,Assembly & Packaging,Assembly & Packaging,Process,,0,15,0
FIN-OCN-COF-TAB-72X42-V23143105,,Quality Control,Quality Control,Process,,0,8,0
FIN-OCN-COF-TAB-72X42-V23143105,,Assembly & Packaging Setup,Assembly & Packaging,Setup,,0,5,0
FIN-OCN-COF-TAB-72X42-V23143105,,Assembly & Packaging,Assembly & Packaging,Process,,0,15,0
FIN-OCN-COF-TAB-72X42-WH,,Quality Control,Quality Control,Process,,0,8,0
FIN-OCN-COF-TAB-72X42-WH,,Assembly & Packaging Setup,Assembly & Packaging,Setup,,0,5,0
FIN-OCN-COF-TAB-72X42-WH,,Assembly & Packaging,Assembly & Packaging,Process,,0,15,0
FIN-OCN-COF-TAB-72X56,,Quality Control,Quality Control,Process,,0,8,0
FIN-OCN-COF-TAB-72X56,,Assembly & Packaging Setup,Assembly & Packaging,Setup,,0,5,0
FIN-OCN-COF-TAB-72X56,,Assembly & Packaging,Assembly & Packaging,Process,,0,15,0
FIN-OCN-COF-TAB-72X56-BE,,Quality Control,Quality Control,Process,,0,8,0
FIN-OCN-COF-TAB-72X56-BE,,Assembly & Packaging Setup,Assembly & Packaging,Setup,,0,5,0
FIN-OCN-COF-TAB-72X56-BE,,Assembly & Packaging,Assembly & Packaging,Process,,0,15,0
FIN-OCN-COF-TAB-72X56-BO,,Quality Control,Quality Control,Process,,0,8,0
FIN-OCN-COF-TAB-72X56-BO,,Assembly & Packaging Setup,Assembly & Packaging,Setup,,0,5,0
FIN-OCN-COF-TAB-72X56-BO,,Assembly & Packaging,Assembly & Packaging,Process,,0,15,0
FIN-OCN-COF-TAB-72X56-BR,,Quality Control,Quality Control,Process,,0,8,0
FIN-OCN-COF-TAB-72X56-BR,,Assembly & Packaging Setup,Assembly & Packaging,Setup,,0,5,0
FIN-OCN-COF-TAB-72X56-BR,,Assembly & Packaging,Assembly & Packaging,Process,,0,15,0
FIN-OCN-COF-TAB-72X56-GR,,Quality Control,Quality Control,Process,,0,8,0
FIN-OCN-COF-TAB-72X56-GR,,Assembly & Packaging Setup,Assembly & Packaging,Setup,,0,5,0
FIN-OCN-COF-TAB-72X56-GR,,Assembly & Packaging,Assembly & Packaging,Process,,0,15,0
FIN-OCN-COF-TAB-72X56-WH,,Quality Control,Quality Control,Process,,0,8,0
FIN-OCN-COF-TAB-72X56-WH,,Assembly & Packaging Setup,Assembly & Packaging,Setup,,0,5,0
FIN-OCN-COF-TAB-72X56-WH,,Assembly & Packaging,Assembly & Packaging,Process,,0,15,0
FIN-OCN-DOU-CHS-58X79,,Quality Control,Quality Control,Process,,0,8,0
FIN-OCN-DOU-CHS-58X79,,Assembly & Packaging Setup,Assembly & Packaging,Setup,,0,5,0
FIN-OCN-DOU-CHS-58X79,,Assembly & Packaging,Assembly & Packaging,Process,,0,15,0
FIN-OCN-DOU-CHS-58X79-BE,,Quality Control,Quality Control,Process,,0,8,0
FIN-OCN-DOU-CHS-58X79-BE,,Assembly & Packaging Setup,Assembly & Packaging,Setup,,0,5,0
FIN-OCN-DOU-CHS-58X79-BE,,Assembly & Packaging,Assembly & Packaging,Process,,0,15,0
FIN-OCN-DOU-CHS-58X79-BO,,Quality Control,Quality Control,Process,,0,8,0
FIN-OCN-DOU-CHS-58X79-BO,,Assembly & Packaging Setup,Assembly & Packaging,Setup,,0,5,0
FIN-OCN-DOU-CHS-58X79-BO,,Assembly & Packaging,Assembly & Packaging,Process,,0,15,0
FIN-OCN-DOU-CHS-58X79-BR,,Quality Control,Quality Control,Process,,0,8,0
FIN-OCN-DOU-CHS-58X79-BR,,Assembly & Packaging Setup,Assembly & Packaging,Setup,,0,5,0
FIN-OCN-DOU-CHS-58X79-BR,,Assembly & Packaging,Assembly & Packaging,Process,,0,15,0
FIN-OCN-DOU-CHS-58X79-GR,,Quality Control,Quality Control,Process,,0,8,0
FIN-OCN-DOU-CHS-58X79-GR,,Assembly & Packaging Setup,Assembly & Packaging,Setup,,0,5,0
FIN-OCN-DOU-CHS-58X79-GR,,Assembly & Packaging,Assembly & Packaging,Process,,0,15,0
FIN-OCN-DOU-CHS-58X79-WH,,Quality Control,Quality Control,Process,,0,8,0
FIN-OCN-DOU-CHS-58X79-WH,,Assembly & Packaging Setup,Assembly & Packaging,Setup,,0,5,0
FIN-OCN-DOU-CHS-58X79-WH,,Assembly & Packaging,Assembly & Packaging,Process,,0,15,0
FIN-OCN-LOV-SOF-60X38,,Quality Control,Quality Control,Process,,0,8,0
FIN-OCN-LOV-SOF-60X38,,Assembly & Packaging Setup,Assembly & Packaging,Setup,,0,5,0
FIN-OCN-LOV-SOF-60X38,,Assembly & Packaging,Assembly & Packaging,Process,,0,15,0
FIN-OCN-LOV-SOF-60X38-BE-N,,Quality Control,Quality Control,Process,,0,8,0
FIN-OCN-LOV-SOF-60X38-BE-N,,Assembly & Packaging Setup,Assembly & Packaging,Setup,,0,5,0
FIN-OCN-LOV-SOF-60X38-BE-N,,Assembly & Packaging,Assembly & Packaging,Process,,0,15,0
FIN-OCN-LOV-SOF-60X38-BE-Y,,Quality Control,Quality Control,Process,,0,8,0
FIN-OCN-LOV-SOF-60X38-BE-Y,,Assembly & Packaging Setup,Assembly & Packaging,Setup,,0,5,0
FIN-OCN-LOV-SOF-60X38-BE-Y,,Assembly & Packaging,Assembly & Packaging,Process,,0,15,0
FIN-OCN-LOV-SOF-60X38-BL-Y,,Quality Control,Quality Control,Process,,0,8,0
FIN-OCN-LOV-SOF-60X38-BL-Y,,Assembly & Packaging Setup,Assembly & Packaging,Setup,,0,5,0
FIN-OCN-LOV-SOF-60X38-BL-Y,,Assembly & Packaging,Assembly & Packaging,Process,,0,15,0
FIN-OCN-LOV-SOF-60X38-BO-N,,Quality Control,Quality Control,Process,,0,8,0
FIN-OCN-LOV-SOF-60X38-BO-N,,Assembly & Packaging Setup,Assembly & Packaging,Setup,,0,5,0
FIN-OCN-LOV-SOF-60X38-BO-N,,Assembly & Packaging,Assembly & Packaging,Process,,0,15,0
FIN-OCN-LOV-SOF-60X38-BO-Y,,Quality Control,Quality Control,Process,,0,8,0
FIN-OCN-LOV-SOF-60X38-BO-Y,,Assembly & Packaging Setup,Assembly & Packaging,Setup,,0,5,0
FIN-OCN-LOV-SOF-60X38-BO-Y,,Assembly & Packaging,Assembly & Packaging,Process,,0,15,0
FIN-OCN-LOV-SOF-60X38-BR-N,,Quality Control,Quality Control,Process,,0,8,0
FIN-OCN-LOV-SOF-60X38-BR-N,,Assembly & Packaging Setup,Assembly & Packaging,Setup,,0,5,0
FIN-OCN-LOV-SOF-60X38-BR-N,,Assembly & Packaging,Assembly & Packaging,Process,,0,15,0
FIN-OCN-LOV-SOF-60X38-BR-Y,,Quality Control,Quality Control,Process,,0,8,0
FIN-OCN-LOV-SOF-60X38-BR-Y,,Assembly & Packaging Setup,Assembly & Packaging,Setup,,0,5,0
FIN-OCN-LOV-SOF-60X38-BR-Y,,Assembly & Packaging,Assembly & Packaging,Process,,0,15,0
FIN-OCN-LOV-SOF-60X38-GR-N,,Quality Control,Quality Control,Process,,0,8,0
FIN-OCN-LOV-SOF-60X38-GR-N,,Assembly & Packaging Setup,Assembly & Packaging,Setup,,0,5,0
FIN-OCN-LOV-SOF-60X38-GR-N,,Assembly & Packaging,Assembly & Packaging,Process,,0,15,0
FIN-OCN-LOV-SOF-60X38-GR-Y,,Quality Control,Quality Control,Process,,0,8,0
FIN-OCN-LOV-SOF-60X38-GR-Y,,Assembly & Packaging Setup,Assembly & Packaging,Setup,,0,5,0
FIN-OCN-LOV-SOF-60X38-GR-Y,,Assembly & Packaging,Assembly & Packaging,Process,,0,15,0
FIN-OCN-LOV-SOF-60X38-WH-N,,Quality Control,Quality Control,Process,,0,8,0
FIN-OCN-LOV-SOF-60X38-WH-N,,Assembly & Packaging Setup,Assembly & Packaging,Setup,,0,5,0
FIN-OCN-LOV-SOF-60X38-WH-N,,Assembly & Packaging,Assembly & Packaging,Process,,0,15,0
FIN-OCN-LOV-SOF-60X38-WH-Y,,Quality Control,Quality Control,Process,,0,8,0
FIN-OCN-LOV-SOF-60X38-WH-Y,,Assembly & Packaging Setup,Assembly & Packaging,Setup,,0,5,0
FIN-OCN-LOV-SOF-60X38-WH-Y,,Assembly & Packaging,Assembly & Packaging,Process,,0,15,0
FIN-OCN-MIN-LOV,,Quality Control,Quality Control,Process,,0,8,0
FIN-OCN-MIN-LOV,,Assembly & Packaging Setup,Assembly & Packaging,Setup,,0,5,0
FIN-OCN-MIN-LOV,,Assembly & Packaging,Assembly & Packaging,Process,,0,15,0
FIN-OCN-MIN-LOV-48X38,,Quality Control,Quality Control,Process,,0,8,0
FIN-OCN-MIN-LOV-48X38,,Assembly & Packaging Setup,Assembly & Packaging,Setup,,0,5,0
FIN-OCN-MIN-LOV-48X38,,Assembly & Packaging,Assembly & Packaging,Process,,0,15,0
FIN-OCN-MIN-LOV-60X48,,Quality Control,Quality Control,Process,,0,8,0
FIN-OCN-MIN-LOV-60X48,,Assembly & Packaging Setup,Assembly & Packaging,Setup,,0,5,0
FIN-OCN-MIN-LOV-60X48,,Assembly & Packaging,Assembly & Packaging,Process,,0,15,0
FIN-OCN-MIN-LOV-BE-N,,Quality Control,Quality Control,Process,,0,8,0
FIN-OCN-MIN-LOV-BE-N,,Assembly & Packaging Setup,Assembly & Packaging,Setup,,0,5,0
FIN-OCN-MIN-LOV-BE-N,,Assembly & Packaging,Assembly & Packaging,Process,,0,15,0
FIN-OCN-MIN-LOV-BE-Y,,Quality Control,Quality Control,Process,,0,8,0
FIN-OCN-MIN-LOV-BE-Y,,Assembly & Packaging Setup,Assembly & Packaging,Setup,,0,5,0
FIN-OCN-MIN-LOV-BE-Y,,Assembly & Packaging,Assembly & Packaging,Process,,0,15,0
FIN-OCN-MIN-LOV-BL-Y,,Quality Control,Quality Control,Process,,0,8,0
FIN-OCN-MIN-LOV-BL-Y,,Assembly & Packaging Setup,Assembly & Packaging,Setup,,0,5,0
FIN-OCN-MIN-LOV-BL-Y,,Assembly & Packaging,Assembly & Packaging,Process,,0,15,0
FIN-OCN-MIN-LOV-BO-N,,Quality Control,Quality Control,Process,,0,8,0
FIN-OCN-MIN-LOV-BO-N,,Assembly & Packaging Setup,Assembly & Packaging,Setup,,0,5,0
FIN-OCN-MIN-LOV-BO-N,,Assembly & Packaging,Assembly & Packaging,Process,,0,15,0
FIN-OCN-MIN-LOV-BO-Y,,Quality Control,Quality Control,Process,,0,8,0
FIN-OCN-MIN-LOV-BO-Y,,Assembly & Packaging Setup,Assembly & Packaging,Setup,,0,5,0
FIN-OCN-MIN-LOV-BO-Y,,Assembly & Packaging,Assembly & Packaging,Process,,0,15,0
FIN-OCN-MIN-LOV-BR-N,,Quality Control,Quality Control,Process,,0,8,0
FIN-OCN-MIN-LOV-BR-N,,Assembly & Packaging Setup,Assembly & Packaging,Setup,,0,5,0
FIN-OCN-MIN-LOV-BR-N,,Assembly & Packaging,Assembly & Packaging,Process,,0,15,0
FIN-OCN-MIN-LOV-BR-Y,,Quality Control,Quality Control,Process,,0,8,0
FIN-OCN-MIN-LOV-BR-Y,,Assembly & Packaging Setup,Assembly & Packaging,Setup,,0,5,0
FIN-OCN-MIN-LOV-BR-Y,,Assembly & Packaging,Assembly & Packaging,Process,,0,15,0
FIN-OCN-MIN-LOV-GR-N,,Quality Control,Quality Control,Process,,0,8,0
FIN-OCN-MIN-LOV-GR-N,,Assembly & Packaging Setup,Assembly & Packaging,Setup,,0,5,0
FIN-OCN-MIN-LOV-GR-N,,Assembly & Packaging,Assembly & Packaging,Process,,0,15,0
FIN-OCN-MIN-LOV-GR-Y,,Quality Control,Quality Control,Process,,0,8,0
FIN-OCN-MIN-LOV-GR-Y,,Assembly & Packaging Setup,Assembly & Packaging,Setup,,0,5,0
FIN-OCN-MIN-LOV-GR-Y,,Assembly & Packaging,Assembly & Packaging,Process,,0,15,0
FIN-OCN-MIN-LOV-WH-N,,Quality Control,Quality Control,Process,,0,8,0
FIN-OCN-MIN-LOV-WH-N,,Assembly & Packaging Setup,Assembly & Packaging,Setup,,0,5,0
FIN-OCN-MIN-LOV-WH-N,,Assembly & Packaging,Assembly & Packaging,Process,,0,15,0
FIN-OCN-MIN-LOV-WH-Y,,Quality Control,Quality Control,Process,,0,8,0
FIN-OCN-MIN-LOV-WH-Y,,Assembly & Packaging Setup,Assembly & Packaging,Setup,,0,5,0
FIN-OCN-MIN-LOV-WH-Y,,Assembly & Packaging,Assembly & Packaging,Process,,0,15,0
FIN-OCN-OTT-30X22,,Quality Control,Quality Control,Process,,0,8,0
FIN-OCN-OTT-30X22,,Assembly & Packaging Setup,Assembly & Packaging,Setup,,0,5,0
FIN-OCN-OTT-30X22,,Assembly & Packaging,Assembly & Packaging,Process,,0,15,0
FIN-OCN-OTT-30X22-BE,,Quality Control,Quality Control,Process,,0,8,0
FIN-OCN-OTT-30X22-BE,,Assembly & Packaging Setup,Assembly & Packaging,Setup,,0,5,0
FIN-OCN-OTT-30X22-BE,,Assembly & Packaging,Assembly & Packaging,Process,,0,15,0
FIN-OCN-OTT-30X22-BO,,Quality Control,Quality Control,Process,,0,8,0
FIN-OCN-OTT-30X22-BO,,Assembly & Packaging Setup,Assembly & Packaging,Setup,,0,5,0
FIN-OCN-OTT-30X22-BO,,Assembly & Packaging,Assembly & Packaging,Process,,0,15,0
FIN-OCN-OTT-30X22-BR,,Quality Control,Quality Control,Process,,0,8,0
FIN-OCN-OTT-30X22-BR,,Assembly & Packaging Setup,Assembly & Packaging,Setup,,0,5,0
FIN-OCN-OTT-30X22-BR,,Assembly & Packaging,Assembly & Packaging,Process,,0,15,0
FIN-OCN-OTT-30X22-GR,,Quality Control,Quality Control,Process,,0,8,0
FIN-OCN-OTT-30X22-GR,,Assembly & Packaging Setup,Assembly & Packaging,Setup,,0,5,0
FIN-OCN-OTT-30X22-GR,,Assembly & Packaging,Assembly & Packaging,Process,,0,15,0
FIN-OCN-OTT-30X22-WH,,Quality Control,Quality Control,Process,,0,8,0
FIN-OCN-OTT-30X22-WH,,Assembly & Packaging Setup,Assembly & Packaging,Setup,,0,5,0
FIN-OCN-OTT-30X22-WH,,Assembly & Packaging,Assembly & Packaging,Process,,0,15,0
FIN-OCN-OTT-42X22,,Quality Control,Quality Control,Process,,0,8,0
FIN-OCN-OTT-42X22,,Assembly & Packaging Setup,Assembly & Packaging,Setup,,0,5,0
FIN-OCN-OTT-42X22,,Assembly & Packaging,Assembly & Packaging,Process,,0,15,0
FIN-OCN-OTT-42X22-BE,,Quality Control,Quality Control,Process,,0,8,0
FIN-OCN-OTT-42X22-BE,,Assembly & Packaging Setup,Assembly & Packaging,Setup,,0,5,0
FIN-OCN-OTT-42X22-BE,,Assembly & Packaging,Assembly & Packaging,Process,,0,15,0
FIN-OCN-OTT-42X22-BO,,Quality Control,Quality Control,Process,,0,8,0
FIN-OCN-OTT-42X22-BO,,Assembly & Packaging Setup,Assembly & Packaging,Setup,,0,5,0
FIN-OCN-OTT-42X22-BO,,Assembly & Packaging,Assembly & Packaging,Process,,0,15,0
FIN-OCN-OTT-42X22-BR,,Quality Control,Quality Control,Process,,0,8,0
FIN-OCN-OTT-42X22-BR,,Assembly & Packaging Setup,Assembly & Packaging,Setup,,0,5,0
FIN-OCN-OTT-42X22-BR,,Assembly & Packaging,Assembly & Packaging,Process,,0,15,0
FIN-OCN-OTT-42X22-GR,,Quality Control,Quality Control,Process,,0,8,0
FIN-OCN-OTT-42X22-GR,,Assembly & Packaging Setup,Assembly & Packaging,Setup,,0,5,0
FIN-OCN-OTT-42X22-GR,,Assembly & Packaging,Assembly & Packaging,Process,,0,15,0
FIN-OCN-OTT-42X22-WH,,Quality Control,Quality Control,Process,,0,8,0
FIN-OCN-OTT-42X22-WH,,Assembly & Packaging Setup,Assembly & Packaging,Setup,,0,5,0
FIN-OCN-OTT-42X22-WH,,Assembly & Packaging,Assembly & Packaging,Process,,0,15,0
FIN-OCN-OTT-60X22,,Quality Control,Quality Control,Process,,0,8,0
FIN-OCN-OTT-60X22,,Assembly & Packaging Setup,Assembly & Packaging,Setup,,0,5,0
FIN-OCN-OTT-60X22,,Assembly & Packaging,Assembly & Packaging,Process,,0,15,0
FIN-OCN-OTT-60X22-BE,,Quality Control,Quality Control,Process,,0,8,0
FIN-OCN-OTT-60X22-BE,,Assembly & Packaging Setup,Assembly & Packaging,Setup,,0,5,0
FIN-OCN-OTT-60X22-BE,,Assembly & Packaging,Assembly & Packaging,Process,,0,15,0
FIN-OCN-OTT-60X22-BO,,Quality Control,Quality Control,Process,,0,8,0
FIN-OCN-OTT-60X22-BO,,Assembly & Packaging Setup,Assembly & Packaging,Setup,,0,5,0
FIN-OCN-OTT-60X22-BO,,Assembly & Packaging,Assembly & Packaging,Process,,0,15,0
FIN-OCN-OTT-60X22-BR,,Quality Control,Quality Control,Process,,0,8,0
FIN-OCN-OTT-60X22-BR,,Assembly & Packaging Setup,Assembly & Packaging,Setup,,0,5,0
FIN-OCN-OTT-60X22-BR,,Assembly & Packaging,Assembly & Packaging,Process,,0,15,0
FIN-OCN-OTT-60X22-GR,,Quality Control,Quality Control,Process,,0,8,0
FIN-OCN-OTT-60X22-GR,,Assembly & Packaging Setup,Assembly & Packaging,Setup,,0,5,0
FIN-OCN-OTT-60X22-GR,,Assembly & Packaging,Assembly & Packaging,Process,,0,15,0
FIN-OCN-OTT-60X22-WH,,Quality Control,Quality Control,Process,,0,8,0
FIN-OCN-OTT-60X22-WH,,Assembly & Packaging Setup,Assembly & Packaging,Setup,,0,5,0
FIN-OCN-OTT-60X22-WH,,Assembly & Packaging,Assembly & Packaging,Process,,0,15,0
FIN-OCN-OTT-72X22,,Quality Control,Quality Control,Process,,0,8,0
FIN-OCN-OTT-72X22,,Assembly & Packaging Setup,Assembly & Packaging,Setup,,0,5,0
FIN-OCN-OTT-72X22,,Assembly & Packaging,Assembly & Packaging,Process,,0,15,0
FIN-OCN-OTT-72X22-BE,,Quality Control,Quality Control,Process,,0,8,0
FIN-OCN-OTT-72X22-BE,,Assembly & Packaging Setup,Assembly & Packaging,Setup,,0,5,0
FIN-OCN-OTT-72X22-BE,,Assembly & Packaging,Assembly & Packaging,Process,,0,15,0
FIN-OCN-OTT-72X22-BO,,Quality Control,Quality Control,Process,,0,8,0
FIN-OCN-OTT-72X22-BO,,Assembly & Packaging Setup,Assembly & Packaging,Setup,,0,5,0
FIN-OCN-OTT-72X22-BO,,Assembly & Packaging,Assembly & Packaging,Process,,0,15,0
FIN-OCN-OTT-72X22-BR,,Quality Control,Quality Control,Process,,0,8,0
FIN-OCN-OTT-72X22-BR,,Assembly & Packaging Setup,Assembly & Packaging,Setup,,0,5,0
FIN-OCN-OTT-72X22-BR,,Assembly & Packaging,Assembly & Packaging,Process,,0,15,0
FIN-OCN-OTT-72X22-GR,,Quality Control,Quality Control,Process,,0,8,0
FIN-OCN-OTT-72X22-GR,,Assembly & Packaging Setup,Assembly & Packaging,Setup,,0,5,0
FIN-OCN-OTT-72X22-GR,,Assembly & Packaging,Assembly & Packaging,Process,,0,15,0
FIN-OCN-OTT-72X22-WH,,Quality Control,Quality Control,Process,,0,8,0
FIN-OCN-OTT-72X22-WH,,Assembly & Packaging Setup,Assembly & Packaging,Setup,,0,5,0
FIN-OCN-OTT-72X22-WH,,Assembly & Packaging,Assembly & Packaging,Process,,0,15,0
FIN-OCN-SGL-CHS-36X79,,Quality Control,Quality Control,Process,,0,8,0
FIN-OCN-SGL-CHS-36X79,,Assembly & Packaging Setup,Assembly & Packaging,Setup,,0,5,0
FIN-OCN-SGL-CHS-36X79,,Assembly & Packaging,Assembly & Packaging,Process,,0,15,0
FIN-OCN-SGL-CHS-36X79-BE,,Quality Control,Quality Control,Process,,0,8,0
FIN-OCN-SGL-CHS-36X79-BE,,Assembly & Packaging Setup,Assembly & Packaging,Setup,,0,5,0
FIN-OCN-SGL-CHS-36X79-BE,,Assembly & Packaging,Assembly & Packaging,Process,,0,15,0
FIN-OCN-SGL-CHS-36X79-BO,,Quality Control,Quality Control,Process,,0,8,0
FIN-OCN-SGL-CHS-36X79-BO,,Assembly & Packaging Setup,Assembly & Packaging,Setup,,0,5,0
FIN-OCN-SGL-CHS-36X79-BO,,Assembly & Packaging,Assembly & Packaging,Process,,0,15,0
FIN-OCN-SGL-CHS-36X79-BR,,Quality Control,Quality Control,Process,,0,8,0
FIN-OCN-SGL-CHS-36X79-BR,,Assembly & Packaging Setup,Assembly & Packaging,Setup,,0,5,0
FIN-OCN-SGL-CHS-36X79-BR,,Assembly & Packaging,Assembly & Packaging,Process,,0,15,0
FIN-OCN-SGL-CHS-36X79-GR,,Quality Control,Quality Control,Process,,0,8,0
FIN-OCN-SGL-CHS-36X79-GR,,Assembly & Packaging Setup,Assembly & Packaging,Setup,,0,5,0
FIN-OCN-SGL-CHS-36X79-GR,,Assembly & Packaging,Assembly & Packaging,Process,,0,15,0
FIN-OCN-SGL-CHS-36X79-WH,,Quality Control,Quality Control,Process,,0,8,0
FIN-OCN-SGL-CHS-36X79-WH,,Assembly & Packaging Setup,Assembly & Packaging,Setup,,0,5,0
FIN-OCN-SGL-CHS-36X79-WH,,Assembly & Packaging,Assembly & Packaging,Process,,0,15,0
FIN-OCN-SID-TAB-12,,Quality Control,Quality Control,Process,,0,8,0
FIN-OCN-SID-TAB-12,,Assembly & Packaging Setup,Assembly & Packaging,Setup,,0,5,0
FIN-OCN-SID-TAB-12,,Assembly & Packaging,Assembly & Packaging,Process,,0,15,0
FIN-OCN-SID-TAB-13X30,,Quality Control,Quality Control,Process,,0,8,0
FIN-OCN-SID-TAB-13X30,,Assembly & Packaging Setup,Assembly & Packaging,Setup,,0,5,0
FIN-OCN-SID-TAB-13X30,,Assembly & Packaging,Assembly & Packaging,Process,,0,15,0
FIN-OCN-SID-TAB-20X20,,Quality Control,Quality Control,Process,,0,8,0
FIN-OCN-SID-TAB-20X20,,Assembly & Packaging Setup,Assembly & Packaging,Setup,,0,5,0
FIN-OCN-SID-TAB-20X20,,Assembly & Packaging,Assembly & Packaging,Process,,0,15,0
FIN-OCN-SID-TAB-20X20-BE,,Quality Control,Quality Control,Process,,0,8,0
FIN-OCN-SID-TAB-20X20-BE,,Assembly & Packaging Setup,Assembly & Packaging,Setup,,0,5,0
FIN-OCN-SID-TAB-20X20-BE,,Assembly & Packaging,Assembly & Packaging,Process,,0,15,0
FIN-OCN-SID-TAB-20X20-BO,,Quality Control,Quality Control,Process,,0,8,0
FIN-OCN-SID-TAB-20X20-BO,,Assembly & Packaging Setup,Assembly & Packaging,Setup,,0,5,0
FIN-OCN-SID-TAB-20X20-BO,,Assembly & Packaging,Assembly & Packaging,Process,,0,15,0
FIN-OCN-SID-TAB-20X20-BR,,Quality Control,Quality Control,Process,,0,8,0
FIN-OCN-SID-TAB-20X20-BR,,Assembly & Packaging Setup,Assembly & Packaging,Setup,,0,5,0
FIN-OCN-SID-TAB-20X20-BR,,Assembly & Packaging,Assembly & Packaging,Process,,0,15,0
FIN-OCN-SID-TAB-20X20-GR,,Quality Control,Quality Control,Process,,0,8,0
FIN-OCN-SID-TAB-20X20-GR,,Assembly & Packaging Setup,Assembly & Packaging,Setup,,0,5,0
FIN-OCN-SID-TAB-20X20-GR,,Assembly & Packaging,Assembly & Packaging,Process,,0,15,0
FIN-OCN-SID-TAB-20X20-WH,,Quality Control,Quality Control,Process,,0,8,0
FIN-OCN-SID-TAB-20X20-WH,,Assembly & Packaging Setup,Assembly & Packaging,Setup,,0,5,0
FIN-OCN-SID-TAB-20X20-WH,,Assembly & Packaging,Assembly & Packaging,Process,,0,15,0
FIN-OCN-SID-TAB-32X32,,Quality Control,Quality Control,Process,,0,8,0
FIN-OCN-SID-TAB-32X32,,Assembly & Packaging Setup,Assembly & Packaging,Setup,,0,5,0
FIN-OCN-SID-TAB-32X32,,Assembly & Packaging,Assembly & Packaging,Process,,0,15,0
FIN-OCN-SID-TAB-36X17,,Quality Control,Quality Control,Process,,0,8,0
FIN-OCN-SID-TAB-36X17,,Assembly & Packaging Setup,Assembly & Packaging,Setup,,0,5,0
FIN-OCN-SID-TAB-36X17,,Assembly & Packaging,Assembly & Packaging,Process,,0,15,0
FIN-OCN-SID-TAB-36X36,,Quality Control,Quality Control,Process,,0,8,0
FIN-OCN-SID-TAB-36X36,,Assembly & Packaging Setup,Assembly & Packaging,Setup,,0,5,0
FIN-OCN-SID-TAB-36X36,,Assembly & Packaging,Assembly & Packaging,Process,,0,15,0
FIN-OCN-SID-TAB-36X36-BE,,Quality Control,Quality Control,Process,,0,8,0
FIN-OCN-SID-TAB-36X36-BE,,Assembly & Packaging Setup,Assembly & Packaging,Setup,,0,5,0
FIN-OCN-SID-TAB-36X36-BE,,Assembly & Packaging,Assembly & Packaging,Process,,0,15,0
FIN-OCN-SID-TAB-36X36-BO,,Quality Control,Quality Control,Process,,0,8,0
FIN-OCN-SID-TAB-36X36-BO,,Assembly & Packaging Setup,Assembly & Packaging,Setup,,0,5,0
FIN-OCN-SID-TAB-36X36-BO,,Assembly & Packaging,Assembly & Packaging,Process,,0,15,0
FIN-OCN-SID-TAB-36X36-BR,,Quality Control,Quality Control,Process,,0,8,0
FIN-OCN-SID-TAB-36X36-BR,,Assembly & Packaging Setup,Assembly & Packaging,Setup,,0,5,0
FIN-OCN-SID-TAB-36X36-BR,,Assembly & Packaging,Assembly & Packaging,Process,,0,15,0
FIN-OCN-SID-TAB-36X36-GR,,Quality Control,Quality Control,Process,,0,8,0
FIN-OCN-SID-TAB-36X36-GR,,Assembly & Packaging Setup,Assembly & Packaging,Setup,,0,5,0
FIN-OCN-SID-TAB-36X36-GR,,Assembly & Packaging,Assembly & Packaging,Process,,0,15,0
FIN-OCN-SID-TAB-36X36-WH,,Quality Control,Quality Control,Process,,0,8,0
FIN-OCN-SID-TAB-36X36-WH,,Assembly & Packaging Setup,Assembly & Packaging,Setup,,0,5,0
FIN-OCN-SID-TAB-36X36-WH,,Assembly & Packaging,Assembly & Packaging,Process,,0,15,0
FIN-OCN-SID-TAB-42,,Quality Control,Quality Control,Process,,0,8,0
FIN-OCN-SID-TAB-42,,Assembly & Packaging Setup,Assembly & Packaging,Setup,,0,5,0
FIN-OCN-SID-TAB-42,,Assembly & Packaging,Assembly & Packaging,Process,,0,15,0
FIN-OCN-SID-TAB-42-BE,,Quality Control,Quality Control,Process,,0,8,0
FIN-OCN-SID-TAB-42-BE,,Assembly & Packaging Setup,Assembly & Packaging,Setup,,0,5,0
FIN-OCN-SID-TAB-42-BE,,Assembly & Packaging,Assembly & Packaging,Process,,0,15,0
FIN-OCN-SID-TAB-42-BO,,Quality Control,Quality Control,Process,,0,8,0
FIN-OCN-SID-TAB-42-BO,,Assembly & Packaging Setup,Assembly & Packaging,Setup,,0,5,0
FIN-OCN-SID-TAB-42-BO,,Assembly & Packaging,Assembly & Packaging,Process,,0,15,0
FIN-OCN-SID-TAB-42-BR,,Quality Control,Quality Control,Process,,0,8,0
FIN-OCN-SID-TAB-42-BR,,Assembly & Packaging Setup,Assembly & Packaging,Setup,,0,5,0
FIN-OCN-SID-TAB-42-BR,,Assembly & Packaging,Assembly & Packaging,Process,,0,15,0
FIN-OCN-SID-TAB-42-GR,,Quality Control,Quality Control,Process,,0,8,0
FIN-OCN-SID-TAB-42-GR,,Assembly & Packaging Setup,Assembly & Packaging,Setup,,0,5,0
FIN-OCN-SID-TAB-42-GR,,Assembly & Packaging,Assembly & Packaging,Process,,0,15,0
FIN-OCN-SID-TAB-42-WH,,Quality Control,Quality Control,Process,,0,8,0
FIN-OCN-SID-TAB-42-WH,,Assembly & Packaging Setup,Assembly & Packaging,Setup,,0,5,0
FIN-OCN-SID-TAB-42-WH,,Assembly & Packaging,Assembly & Packaging,Process,,0,15,0
FIN-OCN-SOF-72X38,,Quality Control,Quality Control,Process,,0,8,0
FIN-OCN-SOF-72X38,,Assembly & Packaging Setup,Assembly & Packaging,Setup,,0,5,0
FIN-OCN-SOF-72X38,,Assembly & Packaging,Assembly & Packaging,Process,,0,15,0
FIN-OCN-SOF-72X38-BE-N,,Quality Control,Quality Control,Process,,0,8,0
FIN-OCN-SOF-72X38-BE-N,,Assembly & Packaging Setup,Assembly & Packaging,Setup,,0,5,0
FIN-OCN-SOF-72X38-BE-N,,Assembly & Packaging,Assembly & Packaging,Process,,0,15,0
FIN-OCN-SOF-72X38-BE-Y,,Quality Control,Quality Control,Process,,0,8,0
FIN-OCN-SOF-72X38-BE-Y,,Assembly & Packaging Setup,Assembly & Packaging,Setup,,0,5,0
FIN-OCN-SOF-72X38-BE-Y,,Assembly & Packaging,Assembly & Packaging,Process,,0,15,0
FIN-OCN-SOF-72X38-BL-Y,,Quality Control,Quality Control,Process,,0,8,0
FIN-OCN-SOF-72X38-BL-Y,,Assembly & Packaging Setup,Assembly & Packaging,Setup,,0,5,0
FIN-OCN-SOF-72X38-BL-Y,,Assembly & Packaging,Assembly & Packaging,Process,,0,15,0
FIN-OCN-SOF-72X38-BO-N,,Quality Control,Quality Control,Process,,0,8,0
FIN-OCN-SOF-72X38-BO-N,,Assembly & Packaging Setup,Assembly & Packaging,Setup,,0,5,0
FIN-OCN-SOF-72X38-BO-N,,Assembly & Packaging,Assembly & Packaging,Process,,0,15,0
FIN-OCN-SOF-72X38-BO-Y,,Quality Control,Quality Control,Process,,0,8,0
FIN-OCN-SOF-72X38-BO-Y,,Assembly & Packaging Setup,Assembly & Packaging,Setup,,0,5,0
FIN-OCN-SOF-72X38-BO-Y,,Assembly & Packaging,Assembly & Packaging,Process,,0,15,0
FIN-OCN-SOF-72X38-BR-N,,Quality Control,Quality Control,Process,,0,8,0
FIN-OCN-SOF-72X38-BR-N,,Assembly & Packaging Setup,Assembly & Packaging,Setup,,0,5,0
FIN-OCN-SOF-72X38-BR-N,,Assembly & Packaging,Assembly & Packaging,Process,,0,15,0
FIN-OCN-SOF-72X38-BR-Y,,Quality Control,Quality Control,Process,,0,8,0
FIN-OCN-SOF-72X38-BR-Y,,Assembly & Packaging Setup,Assembly & Packaging,Setup,,0,5,0
FIN-OCN-SOF-72X38-BR-Y,,Assembly & Packaging,Assembly & Packaging,Process,,0,15,0
FIN-OCN-SOF-72X38-GR-N,,Quality Control,Quality Control,Process,,0,8,0
FIN-OCN-SOF-72X38-GR-N,,Assembly & Packaging Setup,Assembly & Packaging,Setup,,0,5,0
FIN-OCN-SOF-72X38-GR-N,,Assembly & Packaging,Assembly & Packaging,Process,,0,15,0
FIN-OCN-SOF-72X38-GR-Y,,Quality Control,Quality Control,Process,,0,8,0
FIN-OCN-SOF-72X38-GR-Y,,Assembly & Packaging Setup,Assembly & Packaging,Setup,,0,5,0
FIN-OCN-SOF-72X38-GR-Y,,Assembly & Packaging,Assembly & Packaging,Process,,0,15,0
FIN-OCN-SOF-72X38-WH-N,,Quality Control,Quality Control,Process,,0,8,0
FIN-OCN-SOF-72X38-WH-N,,Assembly & Packaging Setup,Assembly & Packaging,Setup,,0,5,0
FIN-OCN-SOF-72X38-WH-N,,Assembly & Packaging,Assembly & Packaging,Process,,0,15,0
FIN-OCN-SOF-72X38-WH-Y,,Quality Control,Quality Control,Process,,0,8,0
FIN-OCN-SOF-72X38-WH-Y,,Assembly & Packaging Setup,Assembly & Packaging,Setup,,0,5,0
FIN-OCN-SOF-72X38-WH-Y,,Assembly & Packaging,Assembly & Packaging,Process,,0,15,0
FIN-OCN-SOF-84X38,,Quality Control,Quality Control,Process,,0,8,0
FIN-OCN-SOF-84X38,,Assembly & Packaging Setup,Assembly & Packaging,Setup,,0,5,0
FIN-OCN-SOF-84X38,,Assembly & Packaging,Assembly & Packaging,Process,,0,15,0
FIN-OCN-SOF-84X38-BE-N,,Quality Control,Quality Control,Process,,0,8,0
FIN-OCN-SOF-84X38-BE-N,,Assembly & Packaging Setup,Assembly & Packaging,Setup,,0,5,0
FIN-OCN-SOF-84X38-BE-N,,Assembly & Packaging,Assembly & Packaging,Process,,0,15,0
FIN-OCN-SOF-84X38-BE-Y,,Quality Control,Quality Control,Process,,0,8,0
FIN-OCN-SOF-84X38-BE-Y,,Assembly & Packaging Setup,Assembly & Packaging,Setup,,0,5,0
FIN-OCN-SOF-84X38-BE-Y,,Assembly & Packaging,Assembly & Packaging,Process,,0,15,0
FIN-OCN-SOF-84X38-BL-Y,,Quality Control,Quality Control,Process,,0,8,0
FIN-OCN-SOF-84X38-BL-Y,,Assembly & Packaging Setup,Assembly & Packaging,Setup,,0,5,0
FIN-OCN-SOF-84X38-BL-Y,,Assembly & Packaging,Assembly & Packaging,Process,,0,15,0
FIN-OCN-SOF-84X38-BO-N,,Quality Control,Quality Control,Process,,0,8,0
FIN-OCN-SOF-84X38-BO-N,,Assembly & Packaging Setup,Assembly & Packaging,Setup,,0,5,0
FIN-OCN-SOF-84X38-BO-N,,Assembly & Packaging,Assembly & Packaging,Process,,0,15,0
FIN-OCN-SOF-84X38-BO-Y,,Quality Control,Quality Control,Process,,0,8,0
FIN-OCN-SOF-84X38-BO-Y,,Assembly & Packaging Setup,Assembly & Packaging,Setup,,0,5,0
FIN-OCN-SOF-84X38-BO-Y,,Assembly & Packaging,Assembly & Packaging,Process,,0,15,0
FIN-OCN-SOF-84X38-BR-N,,Quality Control,Quality Control,Process,,0,8,0
FIN-OCN-SOF-84X38-BR-N,,Assembly & Packaging Setup,Assembly & Packaging,Setup,,0,5,0
FIN-OCN-SOF-84X38-BR-N,,Assembly & Packaging,Assembly & Packaging,Process,,0,15,0
FIN-OCN-SOF-84X38-BR-Y,,Quality Control,Quality Control,Process,,0,8,0
FIN-OCN-SOF-84X38-BR-Y,,Assembly & Packaging Setup,Assembly & Packaging,Setup,,0,5,0
FIN-OCN-SOF-84X38-BR-Y,,Assembly & Packaging,Assembly & Packaging,Process,,0,15,0
FIN-OCN-SOF-84X38-GR-N,,Quality Control,Quality Control,Process,,0,8,0
FIN-OCN-SOF-84X38-GR-N,,Assembly & Packaging Setup,Assembly & Packaging,Setup,,0,5,0
FIN-OCN-SOF-84X38-GR-N,,Assembly & Packaging,Assembly & Packaging,Process,,0,15,0
FIN-OCN-SOF-84X38-GR-Y,,Quality Control,Quality Control,Process,,0,8,0
FIN-OCN-SOF-84X38-GR-Y,,Assembly & Packaging Setup,Assembly & Packaging,Setup,,0,5,0
FIN-OCN-SOF-84X38-GR-Y,,Assembly & Packaging,Assembly & Packaging,Process,,0,15,0
FIN-OCN-SOF-84X38-WH-N,,Quality Control,Quality Control,Process,,0,8,0
FIN-OCN-SOF-84X38-WH-N,,Assembly & Packaging Setup,Assembly & Packaging,Setup,,0,5,0
FIN-OCN-SOF-84X38-WH-N,,Assembly & Packaging,Assembly & Packaging,Process,,0,15,0
FIN-OCN-SOF-84X38-WH-Y,,Quality Control,Quality Control,Process,,0,8,0
FIN-OCN-SOF-84X38-WH-Y,,Assembly & Packaging Setup,Assembly & Packaging,Setup,,0,5,0
FIN-OCN-SOF-84X38-WH-Y,,Assembly & Packaging,Assembly & Packaging,Process,,0,15,0
FIN-OCN-SOF-96X38,,Quality Control,Quality Control,Process,,0,8,0
FIN-OCN-SOF-96X38,,Assembly & Packaging Setup,Assembly & Packaging,Setup,,0,5,0
FIN-OCN-SOF-96X38,,Assembly & Packaging,Assembly & Packaging,Process,,0,15,0
FIN-OCN-SOF-96X38-BE-N,,Quality Control,Quality Control,Process,,0,8,0
FIN-OCN-SOF-96X38-BE-N,,Assembly & Packaging Setup,Assembly & Packaging,Setup,,0,5,0
FIN-OCN-SOF-96X38-BE-N,,Assembly & Packaging,Assembly & Packaging,Process,,0,15,0
FIN-OCN-SOF-96X38-BE-Y,,Quality Control,Quality Control,Process,,0,8,0
FIN-OCN-SOF-96X38-BE-Y,,Assembly & Packaging Setup,Assembly & Packaging,Setup,,0,5,0
FIN-OCN-SOF-96X38-BE-Y,,Assembly & Packaging,Assembly & Packaging,Process,,0,15,0
FIN-OCN-SOF-96X38-BL-Y,,Quality Control,Quality Control,Process,,0,8,0
FIN-OCN-SOF-96X38-BL-Y,,Assembly & Packaging Setup,Assembly & Packaging,Setup,,0,5,0
FIN-OCN-SOF-96X38-BL-Y,,Assembly & Packaging,Assembly & Packaging,Process,,0,15,0
FIN-OCN-SOF-96X38-BO-N,,Quality Control,Quality Control,Process,,0,8,0
FIN-OCN-SOF-96X38-BO-N,,Assembly & Packaging Setup,Assembly & Packaging,Setup,,0,5,0
FIN-OCN-SOF-96X38-BO-N,,Assembly & Packaging,Assembly & Packaging,Process,,0,15,0
FIN-OCN-SOF-96X38-BO-Y,,Quality Control,Quality Control,Process,,0,8,0
FIN-OCN-SOF-96X38-BO-Y,,Assembly & Packaging Setup,Assembly & Packaging,Setup,,0,5,0
FIN-OCN-SOF-96X38-BO-Y,,Assembly & Packaging,Assembly & Packaging,Process,,0,15,0
FIN-OCN-SOF-96X38-BR-N,,Quality Control,Quality Control,Process,,0,8,0
FIN-OCN-SOF-96X38-BR-N,,Assembly & Packaging Setup,Assembly & Packaging,Setup,,0,5,0
FIN-OCN-SOF-96X38-BR-N,,Assembly & Packaging,Assembly & Packaging,Process,,0,15,0
FIN-OCN-SOF-96X38-BR-Y,,Quality Control,Quality Control,Process,,0,8,0
FIN-OCN-SOF-96X38-BR-Y,,Assembly & Packaging Setup,Assembly & Packaging,Setup,,0,5,0
FIN-OCN-SOF-96X38-BR-Y,,Assembly & Packaging,Assembly & Packaging,Process,,0,15,0
FIN-OCN-SOF-96X38-GR-N,,Quality Control,Quality Control,Process,,0,8,0
FIN-OCN-SOF-96X38-GR-N,,Assembly & Packaging Setup,Assembly & Packaging,Setup,,0,5,0
FIN-OCN-SOF-96X38-GR-N,,Assembly & Packaging,Assembly & Packaging,Process,,0,15,0
FIN-OCN-SOF-96X38-GR-Y,,Quality Control,Quality Control,Process,,0,8,0
FIN-OCN-SOF-96X38-GR-Y,,Assembly & Packaging Setup,Assembly & Packaging,Setup,,0,5,0
FIN-OCN-SOF-96X38-GR-Y,,Assembly & Packaging,Assembly & Packaging,Process,,0,15,0
FIN-OCN-SOF-96X38-WH-N,,Quality Control,Quality Control,Process,,0,8,0
FIN-OCN-SOF-96X38-WH-N,,Assembly & Packaging Setup,Assembly & Packaging,Setup,,0,5,0
FIN-OCN-SOF-96X38-WH-N,,Assembly & Packaging,Assembly & Packaging,Process,,0,15,0
FIN-OCN-SOF-96X38-WH-Y,,Quality Control,Quality Control,Process,,0,8,0
FIN-OCN-SOF-96X38-WH-Y,,Assembly & Packaging Setup,Assembly & Packaging,Setup,,0,5,0
FIN-OCN-SOF-96X38-WH-Y,,Assembly & Packaging,Assembly & Packaging,Process,,0,15,0
FIN-OCN-SWV-CHA,,Quality Control,Quality Control,Process,,0,8,0
FIN-OCN-SWV-CHA,,Assembly & Packaging Setup,Assembly & Packaging,Setup,,0,5,0
FIN-OCN-SWV-CHA,,Assembly & Packaging,Assembly & Packaging,Process,,0,15,0
FIN-OCN-SWV-CHA-34X34,,Quality Control,Quality Control,Process,,0,8,0
FIN-OCN-SWV-CHA-34X34,,Assembly & Packaging Setup,Assembly & Packaging,Setup,,0,5,0
FIN-OCN-SWV-CHA-34X34,,Assembly & Packaging,Assembly & Packaging,Process,,0,15,0
FIN-OCN-SWV-CHA-34X38,,Quality Control,Quality Control,Process,,0,8,0
FIN-OCN-SWV-CHA-34X38,,Assembly & Packaging Setup,Assembly & Packaging,Setup,,0,5,0
FIN-OCN-SWV-CHA-34X38,,Assembly & Packaging,Assembly & Packaging,Process,,0,15,0
FIN-OCN-SWV-CHA-34X38-SWIVELCHAIR,,Quality Control,Quality Control,Process,,0,8,0
FIN-OCN-SWV-CHA-34X38-SWIVELCHAIR,,Assembly & Packaging Setup,Assembly & Packaging,Setup,,0,5,0
FIN-OCN-SWV-CHA-34X38-SWIVELCHAIR,,Assembly & Packaging,Assembly & Packaging,Process,,0,15,0
FIN-OCN-SWV-CHA-BE-N,,Quality Control,Quality Control,Process,,0,8,0
FIN-OCN-SWV-CHA-BE-N,,Assembly & Packaging Setup,Assembly & Packaging,Setup,,0,5,0
FIN-OCN-SWV-CHA-BE-N,,Assembly & Packaging,Assembly & Packaging,Process,,0,15,0
FIN-OCN-SWV-CHA-BE-Y,,Quality Control,Quality Control,Process,,0,8,0
FIN-OCN-SWV-CHA-BE-Y,,Assembly & Packaging Setup,Assembly & Packaging,Setup,,0,5,0
FIN-OCN-SWV-CHA-BE-Y,,Assembly & Packaging,Assembly & Packaging,Process,,0,15,0
FIN-OCN-SWV-CHA-BL-N,,Quality Control,Quality Control,Process,,0,8,0
FIN-OCN-SWV-CHA-BL-N,,Assembly & Packaging Setup,Assembly & Packaging,Setup,,0,5,0
FIN-OCN-SWV-CHA-BL-N,,Assembly & Packaging,Assembly & Packaging,Process,,0,15,0
FIN-OCN-SWV-CHA-BO-N,,Quality Control,Quality Control,Process,,0,8,0
FIN-OCN-SWV-CHA-BO-N,,Assembly & Packaging Setup,Assembly & Packaging,Setup,,0,5,0
FIN-OCN-SWV-CHA-BO-N,,Assembly & Packaging,Assembly & Packaging,Process,,0,15,0
FIN-OCN-SWV-CHA-BO-Y,,Quality Control,Quality Control,Process,,0,8,0
FIN-OCN-SWV-CHA-BO-Y,,Assembly & Packaging Setup,Assembly & Packaging,Setup,,0,5,0
FIN-OCN-SWV-CHA-BO-Y,,Assembly & Packaging,Assembly & Packaging,Process,,0,15,0
FIN-OCN-SWV-CHA-BR-N,,Quality Control,Quality Control,Process,,0,8,0
FIN-OCN-SWV-CHA-BR-N,,Assembly & Packaging Setup,Assembly & Packaging,Setup,,0,5,0
FIN-OCN-SWV-CHA-BR-N,,Assembly & Packaging,Assembly & Packaging,Process,,0,15,0
FIN-OCN-SWV-CHA-BR-Y,,Quality Control,Quality Control,Process,,0,8,0
FIN-OCN-SWV-CHA-BR-Y,,Assembly & Packaging Setup,Assembly & Packaging,Setup,,0,5,0
FIN-OCN-SWV-CHA-BR-Y,,Assembly & Packaging,Assembly & Packaging,Process,,0,15,0
FIN-OCN-SWV-CHA-GR-N,,Quality Control,Quality Control,Process,,0,8,0
FIN-OCN-SWV-CHA-GR-N,,Assembly & Packaging Setup,Assembly & Packaging,Setup,,0,5,0
FIN-OCN-SWV-CHA-GR-N,,Assembly & Packaging,Assembly & Packaging,Process,,0,15,0
FIN-OCN-SWV-CHA-GR-Y,,Quality Control,Quality Control,Process,,0,8,0
FIN-OCN-SWV-CHA-GR-Y,,Assembly & Packaging Setup,Assembly & Packaging,Setup,,0,5,0
FIN-OCN-SWV-CHA-GR-Y,,Assembly & Packaging,Assembly & Packaging,Process,,0,15,0
FIN-OCN-SWV-CHA-WH-N,,Quality Control,Quality Control,Process,,0,8,0
FIN-OCN-SWV-CHA-WH-N,,Assembly & Packaging Setup,Assembly & Packaging,Setup,,0,5,0
FIN-OCN-SWV-CHA-WH-N,,Assembly & Packaging,Assembly & Packaging,Process,,0,15,0
FIN-OCN-SWV-CHA-WH-Y,,Quality Control,Quality Control,Process,,0,8,0
FIN-OCN-SWV-CHA-WH-Y,,Assembly & Packaging Setup,Assembly & Packaging,Setup,,0,5,0
FIN-OCN-SWV-CHA-WH-Y,,Assembly & Packaging,Assembly & Packaging,Process,,0,15,0
FIN-OCN-TAB-13X30,,Quality Control,Quality Control,Process,,0,8,0
FIN-OCN-TAB-13X30,,Assembly & Packaging Setup,Assembly & Packaging,Setup,,0,5,0
FIN-OCN-TAB-13X30,,Assembly & Packaging,Assembly & Packaging,Process,,0,15,0
FIN-OCN-TAB-34X12,,Quality Control,Quality Control,Process,,0,8,0
FIN-OCN-TAB-34X12,,Assembly & Packaging Setup,Assembly & Packaging,Setup,,0,5,0
FIN-OCN-TAB-34X12,,Assembly & Packaging,Assembly & Packaging,Process,,0,15,0
FIN-OCN-TAB-34X12-FLYTABLE,,Quality Control,Quality Control,Process,,0,8,0
FIN-OCN-TAB-34X12-FLYTABLE,,Assembly & Packaging Setup,Assembly & Packaging,Setup,,0,5,0
FIN-OCN-TAB-34X12-FLYTABLE,,Assembly & Packaging,Assembly & Packaging,Process,,0,15,0
FIN-OCN-TAB-72X12,,Quality Control,Quality Control,Process,,0,8,0
FIN-OCN-TAB-72X12,,Assembly & Packaging Setup,Assembly & Packaging,Setup,,0,5,0
FIN-OCN-TAB-72X12,,Assembly & Packaging,Assembly & Packaging,Process,,0,15,0
FIN-OCN-TAB-84X12,,Quality Control,Quality Control,Process,,0,8,0
FIN-OCN-TAB-84X12,,Assembly & Packaging Setup,Assembly & Packaging,Setup,,0,5,0
FIN-OCN-TAB-84X12,,Assembly & Packaging,Assembly & Packaging,Process,,0,15,0
FIN-OCN-TAB-96X12,,Quality Control,Quality Control,Process,,0,8,0
FIN-OCN-TAB-96X12,,Assembly & Packaging Setup,Assembly & Packaging,Setup,,0,5,0
FIN-OCN-TAB-96X12,,Assembly & Packaging,Assembly & Packaging,Process,,0,15,0
FIN-STA-BAR-TAB-36X36,,Quality Control,Quality Control,Process,,0,8,0
FIN-STA-BAR-TAB-36X36,,Assembly & Packaging Setup,Assembly & Packaging,Setup,,0,5,0
FIN-STA-BAR-TAB-36X36,,Assembly & Packaging,Assembly & Packaging,Process,,0,15,0
FIN-STA-BAR-TAB-42X42,,Quality Control,Quality Control,Process,,0,8,0
FIN-STA-BAR-TAB-42X42,,Assembly & Packaging Setup,Assembly & Packaging,Setup,,0,5,0
FIN-STA-BAR-TAB-42X42,,Assembly & Packaging,Assembly & Packaging,Process,,0,15,0
FIN-STA-BAR-TAB-72X36,,Quality Control,Quality Control,Process,,0,8,0
FIN-STA-BAR-TAB-72X36,,Assembly & Packaging Setup,Assembly & Packaging,Setup,,0,5,0
FIN-STA-BAR-TAB-72X36,,Assembly & Packaging,Assembly & Packaging,Process,,0,15,0
FIN-STA-CNT-TAB-36X36,,Quality Control,Quality Control,Process,,0,8,0
FIN-STA-CNT-TAB-36X36,,Assembly & Packaging Setup,Assembly & Packaging,Setup,,0,5,0
FIN-STA-CNT-TAB-36X36,,Assembly & Packaging,Assembly & Packaging,Process,,0,15,0
FIN-STA-CNT-TAB-42X42,,Quality Control,Quality Control,Process,,0,8,0
FIN-STA-CNT-TAB-42X42,,Assembly & Packaging Setup,Assembly & Packaging,Setup,,0,5,0
FIN-STA-CNT-TAB-42X42,,Assembly & Packaging,Assembly & Packaging,Process,,0,15,0
FIN-STA-CNT-TAB-72X36,,Quality Control,Quality Control,Process,,0,8,0
FIN-STA-CNT-TAB-72X36,,Assembly & Packaging Setup,Assembly & Packaging,Setup,,0,5,0
FIN-STA-CNT-TAB-72X36,,Assembly & Packaging,Assembly & Packaging,Process,,0,15,0
FIN-STA-DIN-TAB-36X36,,Quality Control,Quality Control,Process,,0,8,0
FIN-STA-DIN-TAB-36X36,,Assembly & Packaging Setup,Assembly & Packaging,Setup,,0,5,0
FIN-STA-DIN-TAB-36X36,,Assembly & Packaging,Assembly & Packaging,Process,,0,15,0
FIN-STA-DIN-TAB-42X42,,Quality Control,Quality Control,Process,,0,8,0
FIN-STA-DIN-TAB-42X42,,Assembly & Packaging Setup,Assembly & Packaging,Setup,,0,5,0
FIN-STA-DIN-TAB-42X42,,Assembly & Packaging,Assembly & Packaging,Process,,0,15,0
FIN-STA-DIN-TAB-72X36,,Quality Control,Quality Control,Process,,0,8,0
FIN-STA-DIN-TAB-72X36,,Assembly & Packaging Setup,Assembly & Packaging,Setup,,0,5,0
FIN-STA-DIN-TAB-72X36,,Assembly & Packaging,Assembly & Packaging,Process,,0,15,0
FIN-TAY-BAR-W-ARM-COU-HEI,,Quality Control,Quality Control,Process,,0,8,0
FIN-TAY-BAR-W-ARM-COU-HEI,,Assembly & Packaging Setup,Assembly & Packaging,Setup,,0,5,0
FIN-TAY-BAR-W-ARM-COU-HEI,,Assembly & Packaging,Assembly & Packaging,Process,,0,15,0
FIN-TAY-BCH-24X23,,Quality Control,Quality Control,Process,,0,8,0
FIN-TAY-BCH-24X23,,Assembly & Packaging Setup,Assembly & Packaging,Setup,,0,5,0
FIN-TAY-BCH-24X23,,Assembly & Packaging,Assembly & Packaging,Process,,0,15,0
FIN-TAY-BCH-42X23,,Quality Control,Quality Control,Process,,0,8,0
FIN-TAY-BCH-42X23,,Assembly & Packaging Setup,Assembly & Packaging,Setup,,0,5,0
FIN-TAY-BCH-42X23,,Assembly & Packaging,Assembly & Packaging,Process,,0,15,0
FIN-TAY-BCH-42X23-BENCHDINING,,Quality Control,Quality Control,Process,,0,8,0
FIN-TAY-BCH-42X23-BENCHDINING,,Assembly & Packaging Setup,Assembly & Packaging,Setup,,0,5,0
FIN-TAY-BCH-42X23-BENCHDINING,,Assembly & Packaging,Assembly & Packaging,Process,,0,15,0
FIN-TAY-BCH-72X23,,Quality Control,Quality Control,Process,,0,8,0
FIN-TAY-BCH-72X23,,Assembly & Packaging Setup,Assembly & Packaging,Setup,,0,5,0
FIN-TAY-BCH-72X23,,Assembly & Packaging,Assembly & Packaging,Process,,0,15,0
FIN-TAY-BCH-72X23-BENCHCOUNTER,,Quality Control,Quality Control,Process,,0,8,0
FIN-TAY-BCH-72X23-BENCHCOUNTER,,Assembly & Packaging Setup,Assembly & Packaging,Setup,,0,5,0
FIN-TAY-BCH-72X23-BENCHCOUNTER,,Assembly & Packaging,Assembly & Packaging,Process,,0,15,0
FIN-TAY-BCH-72X23-BENCHDINING,,Quality Control,Quality Control,Process,,0,8,0
FIN-TAY-BCH-72X23-BENCHDINING,,Assembly & Packaging Setup,Assembly & Packaging,Setup,,0,5,0
FIN-TAY-BCH-72X23-BENCHDINING,,Assembly & Packaging,Assembly & Packaging,Process,,0,15,0
FIN-TAY-BEN-BAR-HEI-72,,Quality Control,Quality Control,Process,,0,8,0
FIN-TAY-BEN-BAR-HEI-72,,Assembly & Packaging Setup,Assembly & Packaging,Setup,,0,5,0
FIN-TAY-BEN-BAR-HEI-72,,Assembly & Packaging,Assembly & Packaging,Process,,0,15,0
FIN-TAY-BEN-DIN-HEI-42,,Quality Control,Quality Control,Process,,0,8,0
FIN-TAY-BEN-DIN-HEI-42,,Assembly & Packaging Setup,Assembly & Packaging,Setup,,0,5,0
FIN-TAY-BEN-DIN-HEI-42,,Assembly & Packaging,Assembly & Packaging,Process,,0,15,0
FIN-TAY-BEN-DIN-HEI-72,,Quality Control,Quality Control,Process,,0,8,0
FIN-TAY-BEN-DIN-HEI-72,,Assembly & Packaging Setup,Assembly & Packaging,Setup,,0,5,0
FIN-TAY-BEN-DIN-HEI-72,,Assembly & Packaging,Assembly & Packaging,Process,,0,15,0
FIN-TAY-BST-18X23,,Quality Control,Quality Control,Process,,0,8,0
FIN-TAY-BST-18X23,,Assembly & Packaging Setup,Assembly & Packaging,Setup,,0,5,0
FIN-TAY-BST-18X23,,Assembly & Packaging,Assembly & Packaging,Process,,0,15,0
FIN-TAY-BST-19X23,,Quality Control,Quality Control,Process,,0,8,0
FIN-TAY-BST-19X23,,Assembly & Packaging Setup,Assembly & Packaging,Setup,,0,5,0
FIN-TAY-BST-19X23,,Assembly & Packaging,Assembly & Packaging,Process,,0,15,0
FIN-TAY-BST-19X23-BARSTOOLCOUNTE,,Quality Control,Quality Control,Process,,0,8,0
FIN-TAY-BST-19X23-BARSTOOLCOUNTE,,Assembly & Packaging Setup,Assembly & Packaging,Setup,,0,5,0
FIN-TAY-BST-19X23-BARSTOOLCOUNTE,,Assembly & Packaging,Assembly & Packaging,Process,,0,15,0
FIN-TAY-BST-24X23,,Quality Control,Quality Control,Process,,0,8,0
FIN-TAY-BST-24X23,,Assembly & Packaging Setup,Assembly & Packaging,Setup,,0,5,0
FIN-TAY-BST-24X23,,Assembly & Packaging,Assembly & Packaging,Process,,0,15,0
FIN-TAY-BST-24X23-BARSTOOLARMS,,Quality Control,Quality Control,Process,,0,8,0
FIN-TAY-BST-24X23-BARSTOOLARMS,,Assembly & Packaging Setup,Assembly & Packaging,Setup,,0,5,0
FIN-TAY-BST-24X23-BARSTOOLARMS,,Assembly & Packaging,Assembly & Packaging,Process,,0,15,0
FIN-TAY-DIN-CHA-19X23,,Quality Control,Quality Control,Process,,0,8,0
FIN-TAY-DIN-CHA-19X23,,Assembly & Packaging Setup,Assembly & Packaging,Setup,,0,5,0
FIN-TAY-DIN-CHA-19X23,,Assembly & Packaging,Assembly & Packaging,Process,,0,15,0
FIN-TAY-DIN-CHA-24X23,,Quality Control,Quality Control,Process,,0,8,0
FIN-TAY-DIN-CHA-24X23,,Assembly & Packaging Setup,Assembly & Packaging,Setup,,0,5,0
FIN-TAY-DIN-CHA-24X23,,Assembly & Packaging,Assembly & Packaging,Process,,0,15,0
FIN-TJM-CHA,,Quality Control,Quality Control,Process,,0,8,0
FIN-TJM-CHA,,Assembly & Packaging Setup,Assembly & Packaging,Setup,,0,5,0
FIN-TJM-CHA,,Assembly & Packaging,Assembly & Packaging,Process,,0,15,0
FIN-TJM-CHA-MIBSTERCHAIR,,Quality Control,Quality Control,Process,,0,8,0
FIN-TJM-CHA-MIBSTERCHAIR,,Assembly & Packaging Setup,Assembly & Packaging,Setup,,0,5,0
FIN-TJM-CHA-MIBSTERCHAIR,,Assembly & Packaging,Assembly & Packaging,Process,,0,15,0
FIN-TJM-CHA-MOONCHAIR,,Quality Control,Quality Control,Process,,0,8,0
FIN-TJM-CHA-MOONCHAIR,,Assembly & Packaging Setup,Assembly & Packaging,Setup,,0,5,0
FIN-TJM-CHA-MOONCHAIR,,Assembly & Packaging,Assembly & Packaging,Process,,0,15,0
FIN-TJM-MIS,,Quality Control,Quality Control,Process,,0,8,0
FIN-TJM-MIS,,Assembly & Packaging Setup,Assembly & Packaging,Setup,,0,5,0
FIN-TJM-MIS,,Assembly & Packaging,Assembly & Packaging,Process,,0,15,0
FIN-TJM-MIS-12X17,,Quality Control,Quality Control,Process,,0,8,0
FIN-TJM-MIS-12X17,,Assembly & Packaging Setup,Assembly & Packaging,Setup,,0,5,0
FIN-TJM-MIS-12X17,,Assembly & Packaging,Assembly & Packaging,Process,,0,15,0
FIN-TJM-MIS-13,,Quality Control,Quality Control,Process,,0,8,0
FIN-TJM-MIS-13,,Assembly & Packaging Setup,Assembly & Packaging,Setup,,0,5,0
FIN-TJM-MIS-13,,Assembly & Packaging,Assembly & Packaging,Process,,0,15,0
FIN-TJM-MIS-LAYLOLOUNGER,,Quality Control,Quality Control,Process,,0,8,0
FIN-TJM-MIS-LAYLOLOUNGER,,Assembly & Packaging Setup,Assembly & Packaging,Setup,,0,5,0
FIN-TJM-MIS-LAYLOLOUNGER,,Assembly & Packaging,Assembly & Packaging,Process,,0,15,0
FIN-TJM-MIS-ONECOATED,,Quality Control,Quality Control,Process,,0,8,0
FIN-TJM-MIS-ONECOATED,,Assembly & Packaging Setup,Assembly & Packaging,Setup,,0,5,0
FIN-TJM-MIS-ONECOATED,,Assembly & Packaging,Assembly & Packaging,Process,,0,15,0
FIN-TJM-MIS-PILLOWLOUNGERS,,Quality Control,Quality Control,Process,,0,8,0
FIN-TJM-MIS-PILLOWLOUNGERS,,Assembly & Packaging Setup,Assembly & Packaging,Setup,,0,5,0
FIN-TJM-MIS-PILLOWLOUNGERS,,Assembly & Packaging,Assembly & Packaging,Process,,0,15,0
FIN-TJM-MIS-TWOCOATED,,Quality Control,Quality Control,Process,,0,8,0
FIN-TJM-MIS-TWOCOATED,,Assembly & Packaging Setup,Assembly & Packaging,Setup,,0,5,0
FIN-TJM-MIS-TWOCOATED,,Assembly & Packaging,Assembly & Packaging,Process,,0,15,0
FIN-TJM-MIS-TWOSHAYZ,,Quality Control,Quality Control,Process,,0,8,0
FIN-TJM-MIS-TWOSHAYZ,,Assembly & Packaging Setup,Assembly & Packaging,Setup,,0,5,0
FIN-TJM-MIS-TWOSHAYZ,,Assembly & Packaging,Assembly & Packaging,Process,,0,15,0
FIN-TJM-MIS-TWOSHAYZ2,,Quality Control,Quality Control,Process,,0,8,0
FIN-TJM-MIS-TWOSHAYZ2,,Assembly & Packaging Setup,Assembly & Packaging,Setup,,0,5,0
FIN-TJM-MIS-TWOSHAYZ2,,Assembly & Packaging,Assembly & Packaging,Process,,0,15,0
FIN-TJM-MIS-TWOWOOSAH,,Quality Control,Quality Control,Process,,0,8,0
FIN-TJM-MIS-TWOWOOSAH,,Assembly & Packaging Setup,Assembly & Packaging,Setup,,0,5,0
FIN-TJM-MIS-TWOWOOSAH,,Assembly & Packaging,Assembly & Packaging,Process,,0,15,0
FIN-TJM-TAB,,Quality Control,Quality Control,Process,,0,8,0
FIN-TJM-TAB,,Assembly & Packaging Setup,Assembly & Packaging,Setup,,0,5,0
FIN-TJM-TAB,,Assembly & Packaging,Assembly & Packaging,Process,,0,15,0
FIN-TRI-SID-TAB-32X32,,Quality Control,Quality Control,Process,,0,8,0
FIN-TRI-SID-TAB-32X32,,Assembly & Packaging Setup,Assembly & Packaging,Setup,,0,5,0
FIN-TRI-SID-TAB-32X32,,Assembly & Packaging,Assembly & Packaging,Process,,0,15,0
FIN-WFT-BAR-TAB-120X28,,Quality Control,Quality Control,Process,,0,8,0
FIN-WFT-BAR-TAB-120X28,,Assembly & Packaging Setup,Assembly & Packaging,Setup,,0,5,0
FIN-WFT-BAR-TAB-120X28,,Assembly & Packaging,Assembly & Packaging,Process,,0,15,0
FIN-WFT-BAR-TAB-120X36,,Quality Control,Quality Control,Process,,0,8,0
FIN-WFT-BAR-TAB-120X36,,Assembly & Packaging Setup,Assembly & Packaging,Setup,,0,5,0
FIN-WFT-BAR-TAB-120X36,,Assembly & Packaging,Assembly & Packaging,Process,,0,15,0
FIN-WFT-BAR-TAB-28X120,,Quality Control,Quality Control,Process,,0,8,0
FIN-WFT-BAR-TAB-28X120,,Assembly & Packaging Setup,Assembly & Packaging,Setup,,0,5,0
FIN-WFT-BAR-TAB-28X120,,Assembly & Packaging,Assembly & Packaging,Process,,0,15,0
FIN-WFT-BAR-TAB-28X72,,Quality Control,Quality Control,Process,,0,8,0
FIN-WFT-BAR-TAB-28X72,,Assembly & Packaging Setup,Assembly & Packaging,Setup,,0,5,0
FIN-WFT-BAR-TAB-28X72,,Assembly & Packaging,Assembly & Packaging,Process,,0,15,0
FIN-WFT-BAR-TAB-28X96,,Quality Control,Quality Control,Process,,0,8,0
FIN-WFT-BAR-TAB-28X96,,Assembly & Packaging Setup,Assembly & Packaging,Setup,,0,5,0
FIN-WFT-BAR-TAB-28X96,,Assembly & Packaging,Assembly & Packaging,Process,,0,15,0
FIN-WFT-BAR-TAB-36X120,,Quality Control,Quality Control,Process,,0,8,0
FIN-WFT-BAR-TAB-36X120,,Assembly & Packaging Setup,Assembly & Packaging,Setup,,0,5,0
FIN-WFT-BAR-TAB-36X120,,Assembly & Packaging,Assembly & Packaging,Process,,0,15,0
FIN-WFT-BAR-TAB-36X72,,Quality Control,Quality Control,Process,,0,8,0
FIN-WFT-BAR-TAB-36X72,,Assembly & Packaging Setup,Assembly & Packaging,Setup,,0,5,0
FIN-WFT-BAR-TAB-36X72,,Assembly & Packaging,Assembly & Packaging,Process,,0,15,0
FIN-WFT-BAR-TAB-36X96,,Quality Control,Quality Control,Process,,0,8,0
FIN-WFT-BAR-TAB-36X96,,Assembly & Packaging Setup,Assembly & Packaging,Setup,,0,5,0
FIN-WFT-BAR-TAB-36X96,,Assembly & Packaging,Assembly & Packaging,Process,,0,15,0
FIN-WFT-BAR-TAB-72X28,,Quality Control,Quality Control,Process,,0,8,0
FIN-WFT-BAR-TAB-72X28,,Assembly & Packaging Setup,Assembly & Packaging,Setup,,0,5,0
FIN-WFT-BAR-TAB-72X28,,Assembly & Packaging,Assembly & Packaging,Process,,0,15,0
FIN-WFT-BAR-TAB-72X36,,Quality Control,Quality Control,Process,,0,8,0
FIN-WFT-BAR-TAB-72X36,,Assembly & Packaging Setup,Assembly & Packaging,Setup,,0,5,0
FIN-WFT-BAR-TAB-72X36,,Assembly & Packaging,Assembly & Packaging,Process,,0,15,0
FIN-WFT-BAR-TAB-96X28,,Quality Control,Quality Control,Process,,0,8,0
FIN-WFT-BAR-TAB-96X28,,Assembly & Packaging Setup,Assembly & Packaging,Setup,,0,5,0
FIN-WFT-BAR-TAB-96X28,,Assembly & Packaging,Assembly & Packaging,Process,,0,15,0
FIN-WFT-BAR-TAB-96X36,,Quality Control,Quality Control,Process,,0,8,0
FIN-WFT-BAR-TAB-96X36,,Assembly & Packaging Setup,Assembly & Packaging,Setup,,0,5,0
FIN-WFT-BAR-TAB-96X36,,Assembly & Packaging,Assembly & Packaging,Process,,0,15,0
FIN-WFT-BCH-42X18,,Quality Control,Quality Control,Process,,0,8,0
FIN-WFT-BCH-42X18,,Assembly & Packaging Setup,Assembly & Packaging,Setup,,0,5,0
FIN-WFT-BCH-42X18,,Assembly & Packaging,Assembly & Packaging,Process,,0,15,0
FIN-WFT-BCH-42X18-FLYLEG,,Quality Control,Quality Control,Process,,0,8,0
FIN-WFT-BCH-42X18-FLYLEG,,Assembly & Packaging Setup,Assembly & Packaging,Setup,,0,5,0
FIN-WFT-BCH-42X18-FLYLEG,,Assembly & Packaging,Assembly & Packaging,Process,,0,15,0
FIN-WFT-BCH-42X18-FLYLEG2,,Quality Control,Quality Control,Process,,0,8,0
FIN-WFT-BCH-42X18-FLYLEG2,,Assembly & Packaging Setup,Assembly & Packaging,Setup,,0,5,0
FIN-WFT-BCH-42X18-FLYLEG2,,Assembly & Packaging,Assembly & Packaging,Process,,0,15,0
FIN-WFT-CNT-TAB-120X28,,Quality Control,Quality Control,Process,,0,8,0
FIN-WFT-CNT-TAB-120X28,,Assembly & Packaging Setup,Assembly & Packaging,Setup,,0,5,0
FIN-WFT-CNT-TAB-120X28,,Assembly & Packaging,Assembly & Packaging,Process,,0,15,0
FIN-WFT-CNT-TAB-120X36,,Quality Control,Quality Control,Process,,0,8,0
FIN-WFT-CNT-TAB-120X36,,Assembly & Packaging Setup,Assembly & Packaging,Setup,,0,5,0
FIN-WFT-CNT-TAB-120X36,,Assembly & Packaging,Assembly & Packaging,Process,,0,15,0
FIN-WFT-CNT-TAB-28X120,,Quality Control,Quality Control,Process,,0,8,0
FIN-WFT-CNT-TAB-28X120,,Assembly & Packaging Setup,Assembly & Packaging,Setup,,0,5,0
FIN-WFT-CNT-TAB-28X120,,Assembly & Packaging,Assembly & Packaging,Process,,0,15,0
FIN-WFT-CNT-TAB-28X72,,Quality Control,Quality Control,Process,,0,8,0
FIN-WFT-CNT-TAB-28X72,,Assembly & Packaging Setup,Assembly & Packaging,Setup,,0,5,0
FIN-WFT-CNT-TAB-28X72,,Assembly & Packaging,Assembly & Packaging,Process,,0,15,0
FIN-WFT-CNT-TAB-28X96,,Quality Control,Quality Control,Process,,0,8,0
FIN-WFT-CNT-TAB-28X96,,Assembly & Packaging Setup,Assembly & Packaging,Setup,,0,5,0
FIN-WFT-CNT-TAB-28X96,,Assembly & Packaging,Assembly & Packaging,Process,,0,15,0
FIN-WFT-CNT-TAB-36X120,,Quality Control,Quality Control,Process,,0,8,0
FIN-WFT-CNT-TAB-36X120,,Assembly & Packaging Setup,Assembly & Packaging,Setup,,0,5,0
FIN-WFT-CNT-TAB-36X120,,Assembly & Packaging,Assembly & Packaging,Process,,0,15,0
FIN-WFT-CNT-TAB-36X72,,Quality Control,Quality Control,Process,,0,8,0
FIN-WFT-CNT-TAB-36X72,,Assembly & Packaging Setup,Assembly & Packaging,Setup,,0,5,0
FIN-WFT-CNT-TAB-36X72,,Assembly & Packaging,Assembly & Packaging,Process,,0,15,0
FIN-WFT-CNT-TAB-36X96,,Quality Control,Quality Control,Process,,0,8,0
FIN-WFT-CNT-TAB-36X96,,Assembly & Packaging Setup,Assembly & Packaging,Setup,,0,5,0
FIN-WFT-CNT-TAB-36X96,,Assembly & Packaging,Assembly & Packaging,Process,,0,15,0
FIN-WFT-CNT-TAB-72X28,,Quality Control,Quality Control,Process,,0,8,0
FIN-WFT-CNT-TAB-72X28,,Assembly & Packaging Setup,Assembly & Packaging,Setup,,0,5,0
FIN-WFT-CNT-TAB-72X28,,Assembly & Packaging,Assembly & Packaging,Process,,0,15,0
FIN-WFT-CNT-TAB-72X36,,Quality Control,Quality Control,Process,,0,8,0
FIN-WFT-CNT-TAB-72X36,,Assembly & Packaging Setup,Assembly & Packaging,Setup,,0,5,0
FIN-WFT-CNT-TAB-72X36,,Assembly & Packaging,Assembly & Packaging,Process,,0,15,0
FIN-WFT-CNT-TAB-96X28,,Quality Control,Quality Control,Process,,0,8,0
FIN-WFT-CNT-TAB-96X28,,Assembly & Packaging Setup,Assembly & Packaging,Setup,,0,5,0
FIN-WFT-CNT-TAB-96X28,,Assembly & Packaging,Assembly & Packaging,Process,,0,15,0
FIN-WFT-CNT-TAB-96X36,,Quality Control,Quality Control,Process,,0,8,0
FIN-WFT-CNT-TAB-96X36,,Assembly & Packaging Setup,Assembly & Packaging,Setup,,0,5,0
FIN-WFT-CNT-TAB-96X36,,Assembly & Packaging,Assembly & Packaging,Process,,0,15,0
FIN-WFT-DIN-BCH-72X22,,Quality Control,Quality Control,Process,,0,8,0
FIN-WFT-DIN-BCH-72X22,,Assembly & Packaging Setup,Assembly & Packaging,Setup,,0,5,0
FIN-WFT-DIN-BCH-72X22,,Assembly & Packaging,Assembly & Packaging,Process,,0,15,0
FIN-WFT-DIN-BCH-96X22,,Quality Control,Quality Control,Process,,0,8,0
FIN-WFT-DIN-BCH-96X22,,Assembly & Packaging Setup,Assembly & Packaging,Setup,,0,5,0
FIN-WFT-DIN-BCH-96X22,,Assembly & Packaging,Assembly & Packaging,Process,,0,15,0
FIN-WFT-DIN-CHA-17X21,,Quality Control,Quality Control,Process,,0,8,0
FIN-WFT-DIN-CHA-17X21,,Assembly & Packaging Setup,Assembly & Packaging,Setup,,0,5,0
FIN-WFT-DIN-CHA-17X21,,Assembly & Packaging,Assembly & Packaging,Process,,0,15,0
FIN-WFT-DIN-CHA-18X18,,Quality Control,Quality Control,Process,,0,8,0
FIN-WFT-DIN-CHA-18X18,,Assembly & Packaging Setup,Assembly & Packaging,Setup,,0,5,0
FIN-WFT-DIN-CHA-18X18,,Assembly & Packaging,Assembly & Packaging,Process,,0,15,0
FIN-WFT-DIN-TAB-120X28,,Quality Control,Quality Control,Process,,0,8,0
FIN-WFT-DIN-TAB-120X28,,Assembly & Packaging Setup,Assembly & Packaging,Setup,,0,5,0
FIN-WFT-DIN-TAB-120X28,,Assembly & Packaging,Assembly & Packaging,Process,,0,15,0
FIN-WFT-DIN-TAB-120X36,,Quality Control,Quality Control,Process,,0,8,0
FIN-WFT-DIN-TAB-120X36,,Assembly & Packaging Setup,Assembly & Packaging,Setup,,0,5,0
FIN-WFT-DIN-TAB-120X36,,Assembly & Packaging,Assembly & Packaging,Process,,0,15,0
FIN-WFT-DIN-TAB-28X120,,Quality Control,Quality Control,Process,,0,8,0
FIN-WFT-DIN-TAB-28X120,,Assembly & Packaging Setup,Assembly & Packaging,Setup,,0,5,0
FIN-WFT-DIN-TAB-28X120,,Assembly & Packaging,Assembly & Packaging,Process,,0,15,0
FIN-WFT-DIN-TAB-28X72,,Quality Control,Quality Control,Process,,0,8,0
FIN-WFT-DIN-TAB-28X72,,Assembly & Packaging Setup,Assembly & Packaging,Setup,,0,5,0
FIN-WFT-DIN-TAB-28X72,,Assembly & Packaging,Assembly & Packaging,Process,,0,15,0
FIN-WFT-DIN-TAB-28X96,,Quality Control,Quality Control,Process,,0,8,0
FIN-WFT-DIN-TAB-28X96,,Assembly & Packaging Setup,Assembly & Packaging,Setup,,0,5,0
FIN-WFT-DIN-TAB-28X96,,Assembly & Packaging,Assembly & Packaging,Process,,0,15,0
FIN-WFT-DIN-TAB-36X120,,Quality Control,Quality Control,Process,,0,8,0
FIN-WFT-DIN-TAB-36X120,,Assembly & Packaging Setup,Assembly & Packaging,Setup,,0,5,0
FIN-WFT-DIN-TAB-36X120,,Assembly & Packaging,Assembly & Packaging,Process,,0,15,0
FIN-WFT-DIN-TAB-36X72,,Quality Control,Quality Control,Process,,0,8,0
FIN-WFT-DIN-TAB-36X72,,Assembly & Packaging Setup,Assembly & Packaging,Setup,,0,5,0
FIN-WFT-DIN-TAB-36X72,,Assembly & Packaging,Assembly & Packaging,Process,,0,15,0
FIN-WFT-DIN-TAB-36X96,,Quality Control,Quality Control,Process,,0,8,0
FIN-WFT-DIN-TAB-36X96,,Assembly & Packaging Setup,Assembly & Packaging,Setup,,0,5,0
FIN-WFT-DIN-TAB-36X96,,Assembly & Packaging,Assembly & Packaging,Process,,0,15,0
FIN-WFT-DIN-TAB-72X28,,Quality Control,Quality Control,Process,,0,8,0
FIN-WFT-DIN-TAB-72X28,,Assembly & Packaging Setup,Assembly & Packaging,Setup,,0,5,0
FIN-WFT-DIN-TAB-72X28,,Assembly & Packaging,Assembly & Packaging,Process,,0,15,0
FIN-WFT-DIN-TAB-72X36,,Quality Control,Quality Control,Process,,0,8,0
FIN-WFT-DIN-TAB-72X36,,Assembly & Packaging Setup,Assembly & Packaging,Setup,,0,5,0
FIN-WFT-DIN-TAB-72X36,,Assembly & Packaging,Assembly & Packaging,Process,,0,15,0
FIN-WFT-DIN-TAB-96X28,,Quality Control,Quality Control,Process,,0,8,0
FIN-WFT-DIN-TAB-96X28,,Assembly & Packaging Setup,Assembly & Packaging,Setup,,0,5,0
FIN-WFT-DIN-TAB-96X28,,Assembly & Packaging,Assembly & Packaging,Process,,0,15,0
FIN-WFT-DIN-TAB-96X36,,Quality Control,Quality Control,Process,,0,8,0
FIN-WFT-DIN-TAB-96X36,,Assembly & Packaging Setup,Assembly & Packaging,Setup,,0,5,0
FIN-WFT-DIN-TAB-96X36,,Assembly & Packaging,Assembly & Packaging,Process,,0,15,0
FIN-WFT-FIR-TAB-56X36,,Quality Control,Quality Control,Process,,0,8,0
FIN-WFT-FIR-TAB-56X36,,Assembly & Packaging Setup,Assembly & Packaging,Setup,,0,5,0
FIN-WFT-FIR-TAB-56X36,,Assembly & Packaging,Assembly & Packaging,Process,,0,15,0
FIN-WFT-FIR-TAB-56X36-CUBEFIRE,,Quality Control,Quality Control,Process,,0,8,0
FIN-WFT-FIR-TAB-56X36-CUBEFIRE,,Assembly & Packaging Setup,Assembly & Packaging,Setup,,0,5,0
FIN-WFT-FIR-TAB-56X36-CUBEFIRE,,Assembly & Packaging,Assembly & Packaging,Process,,0,15,0
FIN-WFT-FIR-TAB-72X36,,Quality Control,Quality Control,Process,,0,8,0
FIN-WFT-FIR-TAB-72X36,,Assembly & Packaging Setup,Assembly & Packaging,Setup,,0,5,0
FIN-WFT-FIR-TAB-72X36,,Assembly & Packaging,Assembly & Packaging,Process,,0,15,0
FIN-WFT-FIR-TAB-72X36-CUBEFIRE,,Quality Control,Quality Control,Process,,0,8,0
FIN-WFT-FIR-TAB-72X36-CUBEFIRE,,Assembly & Packaging Setup,Assembly & Packaging,Setup,,0,5,0
FIN-WFT-FIR-TAB-72X36-CUBEFIRE,,Assembly & Packaging,Assembly & Packaging,Process,,0,15,0
FIN-WFT-FLY-BST-17X21,,Quality Control,Quality Control,Process,,0,8,0
FIN-WFT-FLY-BST-17X21,,Assembly & Packaging Setup,Assembly & Packaging,Setup,,0,5,0
FIN-WFT-FLY-BST-17X21,,Assembly & Packaging,Assembly & Packaging,Process,,0,15,0
FIN-WFT-FLY-BST-17X21-HALFBACK,,Quality Control,Quality Control,Process,,0,8,0
FIN-WFT-FLY-BST-17X21-HALFBACK,,Assembly & Packaging Setup,Assembly & Packaging,Setup,,0,5,0
FIN-WFT-FLY-BST-17X21-HALFBACK,,Assembly & Packaging,Assembly & Packaging,Process,,0,15,0
FIN-WFT-FLY-BST-18X18,,Quality Control,Quality Control,Process,,0,8,0
FIN-WFT-FLY-BST-18X18,,Assembly & Packaging Setup,Assembly & Packaging,Setup,,0,5,0
FIN-WFT-FLY-BST-18X18,,Assembly & Packaging,Assembly & Packaging,Process,,0,15,0
FIN-WFT-FLY-BST-18X18-LEGBARSTOOL,,Quality Control,Quality Control,Process,,0,8,0
FIN-WFT-FLY-BST-18X18-LEGBARSTOOL,,Assembly & Packaging Setup,Assembly & Packaging,Setup,,0,5,0
FIN-WFT-FLY-BST-18X18-LEGBARSTOOL,,Assembly & Packaging,Assembly & Packaging,Process,,0,15,0
FIN-WFT-SID-TAB-13X40,,Quality Control,Quality Control,Process,,0,8,0
FIN-WFT-SID-TAB-13X40,,Assembly & Packaging Setup,Assembly & Packaging,Setup,,0,5,0
FIN-WFT-SID-TAB-13X40,,Assembly & Packaging,Assembly & Packaging,Process,,0,15,0
FIN-WFT-SID-TAB-40X13,,Quality Control,Quality Control,Process,,0,8,0
FIN-WFT-SID-TAB-40X13,,Assembly & Packaging Setup,Assembly & Packaging,Setup,,0,5,0
FIN-WFT-SID-TAB-40X13,,Assembly & Packaging,Assembly & Packaging,Process,,0,15,0
SA-BRA-AL-60-CUSH,,Fabric Cutting,Fabric Cutting,Process,,0,2,54
SA-BRA-AL-60-CUSH,,Fabric Sewing,Fabric Sewing,Process,,0,13,48
SA-BRA-AL-60-CUSH,,Cushion Stuffing,Cushion Stuffing,Process,,0,4,0
SA-BRA-AL-60-CUSH,,Quality Control,Quality Control,Process,,0,8,0
SA-BRA-AL-60-FRAME,,Cold Saw Fabrication,Metal Cutting,Process,,0,6,54
SA-BRA-AL-60-FRAME,,Fabrication & Welding,FAB POD A,Process,,1,16,18
SA-BRA-AL-60-FRAME,,Sandblasting Setup,Sandblasting,Setup,,0,10,0
SA-BRA-AL-60-FRAME,,Sandblasting,Sandblasting,Process,,0,20,0
SA-BRA-AL-60-FRAME,,Powder Coating Booth,Powder Coating Booth,Process,,0,13,48
SA-BRA-AL-60-FRAME,,Curing Oven,Curing Oven,Process,,0,20,0
SA-BRA-AS-72-CUSH,,Fabric Cutting,Fabric Cutting,Process,,0,2,54
SA-BRA-AS-72-CUSH,,Fabric Sewing,Fabric Sewing,Process,,0,13,48
SA-BRA-AS-72-CUSH,,Cushion Stuffing,Cushion Stuffing,Process,,0,4,0
SA-BRA-AS-72-CUSH,,Quality Control,Quality Control,Process,,0,8,0
SA-BRA-AS-72-FRAME,,Cold Saw Fabrication,Metal Cutting,Process,,0,6,54
SA-BRA-AS-72-FRAME,,Fabrication & Welding,FAB POD A,Process,,1,16,18
SA-BRA-AS-72-FRAME,,Sandblasting Setup,Sandblasting,Setup,,0,10,0
SA-BRA-AS-72-FRAME,,Sandblasting,Sandblasting,Process,,0,20,0
SA-BRA-AS-72-FRAME,,Powder Coating Booth,Powder Coating Booth,Process,,0,13,48
SA-BRA-AS-72-FRAME,,Curing Oven,Curing Oven,Process,,0,20,0
SA-BRA-AS-84-CUSH,,Fabric Cutting,Fabric Cutting,Process,,0,2,54
SA-BRA-AS-84-CUSH,,Fabric Sewing,Fabric Sewing,Process,,0,13,48
SA-BRA-AS-84-CUSH,,Cushion Stuffing,Cushion Stuffing,Process,,0,4,0
SA-BRA-AS-84-CUSH,,Quality Control,Quality Control,Process,,0,8,0
SA-BRA-AS-84-FRAME,,Cold Saw Fabrication,Metal Cutting,Process,,0,6,54
SA-BRA-AS-84-FRAME,,Fabrication & Welding,FAB POD A,Process,,1,16,18
SA-BRA-AS-84-FRAME,,Sandblasting Setup,Sandblasting,Setup,,0,10,0
SA-BRA-AS-84-FRAME,,Sandblasting,Sandblasting,Process,,0,20,0
SA-BRA-AS-84-FRAME,,Powder Coating Booth,Powder Coating Booth,Process,,0,13,48
SA-BRA-AS-84-FRAME,,Curing Oven,Curing Oven,Process,,0,20,0
SA-BRA-AS-96-CUSH,,Fabric Cutting,Fabric Cutting,Process,,0,2,54
SA-BRA-AS-96-CUSH,,Fabric Sewing,Fabric Sewing,Process,,0,13,48
SA-BRA-AS-96-CUSH,,Cushion Stuffing,Cushion Stuffing,Process,,0,4,0
SA-BRA-AS-96-CUSH,,Quality Control,Quality Control,Process,,0,8,0
SA-BRA-AS-96-FRAME,,Cold Saw Fabrication,Metal Cutting,Process,,0,6,54
SA-BRA-AS-96-FRAME,,Fabrication & Welding,FAB POD A,Process,,1,16,18
SA-BRA-AS-96-FRAME,,Sandblasting Setup,Sandblasting,Setup,,0,10,0
SA-BRA-AS-96-FRAME,,Sandblasting,Sandblasting,Process,,0,20,0
SA-BRA-AS-96-FRAME,,Powder Coating Booth,Powder Coating Booth,Process,,0,13,48
SA-BRA-AS-96-FRAME,,Curing Oven,Curing Oven,Process,,0,20,0
SA-BRA-C-34X72-LS-CUSH,,Fabric Cutting,Fabric Cutting,Process,,0,2,54
SA-BRA-C-34X72-LS-CUSH,,Fabric Sewing,Fabric Sewing,Process,,0,13,48
SA-BRA-C-34X72-LS-CUSH,,Cushion Stuffing,Cushion Stuffing,Process,,0,4,0
SA-BRA-C-34X72-LS-CUSH,,Quality Control,Quality Control,Process,,0,8,0
SA-BRA-C-34X72-LS-FRAME,,Cold Saw Fabrication,Metal Cutting,Process,,0,6,54
SA-BRA-C-34X72-LS-FRAME,,Fabrication & Welding,FAB POD A,Process,,1,16,18
SA-BRA-C-34X72-LS-FRAME,,Sandblasting Setup,Sandblasting,Setup,,0,10,0
SA-BRA-C-34X72-LS-FRAME,,Sandblasting,Sandblasting,Process,,0,20,0
SA-BRA-C-34X72-LS-FRAME,,Powder Coating Booth,Powder Coating Booth,Process,,0,13,48
SA-BRA-C-34X72-LS-FRAME,,Curing Oven,Curing Oven,Process,,0,20,0
SA-BRA-C-34X72-RS-CUSH,,Fabric Cutting,Fabric Cutting,Process,,0,2,54
SA-BRA-C-34X72-RS-CUSH,,Fabric Sewing,Fabric Sewing,Process,,0,13,48
SA-BRA-C-34X72-RS-CUSH,,Cushion Stuffing,Cushion Stuffing,Process,,0,4,0
SA-BRA-C-34X72-RS-CUSH,,Quality Control,Quality Control,Process,,0,8,0
SA-BRA-C-34X72-RS-FRAME,,Cold Saw Fabrication,Metal Cutting,Process,,0,6,54
SA-BRA-C-34X72-RS-FRAME,,Fabrication & Welding,FAB POD A,Process,,1,16,18
SA-BRA-C-34X72-RS-FRAME,,Sandblasting Setup,Sandblasting,Setup,,0,10,0
SA-BRA-C-34X72-RS-FRAME,,Sandblasting,Sandblasting,Process,,0,20,0
SA-BRA-C-34X72-RS-FRAME,,Powder Coating Booth,Powder Coating Booth,Process,,0,13,48
SA-BRA-C-34X72-RS-FRAME,,Curing Oven,Curing Oven,Process,,0,20,0
SA-BRA-C-34X84-LS-CUSH,,Fabric Cutting,Fabric Cutting,Process,,0,2,54
SA-BRA-C-34X84-LS-CUSH,,Fabric Sewing,Fabric Sewing,Process,,0,13,48
SA-BRA-C-34X84-LS-CUSH,,Cushion Stuffing,Cushion Stuffing,Process,,0,4,0
SA-BRA-C-34X84-LS-CUSH,,Quality Control,Quality Control,Process,,0,8,0
SA-BRA-C-34X84-LS-FRAME,,Cold Saw Fabrication,Metal Cutting,Process,,0,6,54
SA-BRA-C-34X84-LS-FRAME,,Fabrication & Welding,FAB POD A,Process,,1,16,18
SA-BRA-C-34X84-LS-FRAME,,Sandblasting Setup,Sandblasting,Setup,,0,10,0
SA-BRA-C-34X84-LS-FRAME,,Sandblasting,Sandblasting,Process,,0,20,0
SA-BRA-C-34X84-LS-FRAME,,Powder Coating Booth,Powder Coating Booth,Process,,0,13,48
SA-BRA-C-34X84-LS-FRAME,,Curing Oven,Curing Oven,Process,,0,20,0
SA-BRA-C-34X84-RS-CUSH,,Fabric Cutting,Fabric Cutting,Process,,0,2,54
SA-BRA-C-34X84-RS-CUSH,,Fabric Sewing,Fabric Sewing,Process,,0,13,48
SA-BRA-C-34X84-RS-CUSH,,Cushion Stuffing,Cushion Stuffing,Process,,0,4,0
SA-BRA-C-34X84-RS-CUSH,,Quality Control,Quality Control,Process,,0,8,0
SA-BRA-C-34X84-RS-FRAME,,Cold Saw Fabrication,Metal Cutting,Process,,0,6,54
SA-BRA-C-34X84-RS-FRAME,,Fabrication & Welding,FAB POD A,Process,,1,16,18
SA-BRA-C-34X84-RS-FRAME,,Sandblasting Setup,Sandblasting,Setup,,0,10,0
SA-BRA-C-34X84-RS-FRAME,,Sandblasting,Sandblasting,Process,,0,20,0
SA-BRA-C-34X84-RS-FRAME,,Powder Coating Booth,Powder Coating Booth,Process,,0,13,48
SA-BRA-C-34X84-RS-FRAME,,Curing Oven,Curing Oven,Process,,0,20,0
SA-BRA-C-42X72-LS-CUSH,,Fabric Cutting,Fabric Cutting,Process,,0,2,54
SA-BRA-C-42X72-LS-CUSH,,Fabric Sewing,Fabric Sewing,Process,,0,13,48
SA-BRA-C-42X72-LS-CUSH,,Cushion Stuffing,Cushion Stuffing,Process,,0,4,0
SA-BRA-C-42X72-LS-CUSH,,Quality Control,Quality Control,Process,,0,8,0
SA-BRA-C-42X72-LS-FRAME,,Cold Saw Fabrication,Metal Cutting,Process,,0,6,54
SA-BRA-C-42X72-LS-FRAME,,Fabrication & Welding,FAB POD A,Process,,1,16,18
SA-BRA-C-42X72-LS-FRAME,,Sandblasting Setup,Sandblasting,Setup,,0,10,0
SA-BRA-C-42X72-LS-FRAME,,Sandblasting,Sandblasting,Process,,0,20,0
SA-BRA-C-42X72-LS-FRAME,,Powder Coating Booth,Powder Coating Booth,Process,,0,13,48
SA-BRA-C-42X72-LS-FRAME,,Curing Oven,Curing Oven,Process,,0,20,0
SA-BRA-C-42X72-RS-CUSH,,Fabric Cutting,Fabric Cutting,Process,,0,2,54
SA-BRA-C-42X72-RS-CUSH,,Fabric Sewing,Fabric Sewing,Process,,0,13,48
SA-BRA-C-42X72-RS-CUSH,,Cushion Stuffing,Cushion Stuffing,Process,,0,4,0
SA-BRA-C-42X72-RS-CUSH,,Quality Control,Quality Control,Process,,0,8,0
SA-BRA-C-42X72-RS-FRAME,,Cold Saw Fabrication,Metal Cutting,Process,,0,6,54
SA-BRA-C-42X72-RS-FRAME,,Fabrication & Welding,FAB POD A,Process,,1,16,18
SA-BRA-C-42X72-RS-FRAME,,Sandblasting Setup,Sandblasting,Setup,,0,10,0
SA-BRA-C-42X72-RS-FRAME,,Sandblasting,Sandblasting,Process,,0,20,0
SA-BRA-C-42X72-RS-FRAME,,Powder Coating Booth,Powder Coating Booth,Process,,0,13,48
SA-BRA-C-42X72-RS-FRAME,,Curing Oven,Curing Oven,Process,,0,20,0
SA-BRA-C-42X84-LS-CUSH,,Fabric Cutting,Fabric Cutting,Process,,0,2,54
SA-BRA-C-42X84-LS-CUSH,,Fabric Sewing,Fabric Sewing,Process,,0,13,48
SA-BRA-C-42X84-LS-CUSH,,Cushion Stuffing,Cushion Stuffing,Process,,0,4,0
SA-BRA-C-42X84-LS-CUSH,,Quality Control,Quality Control,Process,,0,8,0
SA-BRA-C-42X84-LS-FRAME,,Cold Saw Fabrication,Metal Cutting,Process,,0,6,54
SA-BRA-C-42X84-LS-FRAME,,Fabrication & Welding,FAB POD A,Process,,1,16,18
SA-BRA-C-42X84-LS-FRAME,,Sandblasting Setup,Sandblasting,Setup,,0,10,0
SA-BRA-C-42X84-LS-FRAME,,Sandblasting,Sandblasting,Process,,0,20,0
SA-BRA-C-42X84-LS-FRAME,,Powder Coating Booth,Powder Coating Booth,Process,,0,13,48
SA-BRA-C-42X84-LS-FRAME,,Curing Oven,Curing Oven,Process,,0,20,0
SA-BRA-C-42X84-RS-CUSH,,Fabric Cutting,Fabric Cutting,Process,,0,2,54
SA-BRA-C-42X84-RS-CUSH,,Fabric Sewing,Fabric Sewing,Process,,0,13,48
SA-BRA-C-42X84-RS-CUSH,,Cushion Stuffing,Cushion Stuffing,Process,,0,4,0
SA-BRA-C-42X84-RS-CUSH,,Quality Control,Quality Control,Process,,0,8,0
SA-BRA-C-42X84-RS-FRAME,,Cold Saw Fabrication,Metal Cutting,Process,,0,6,54
SA-BRA-C-42X84-RS-FRAME,,Fabrication & Welding,FAB POD A,Process,,1,16,18
SA-BRA-C-42X84-RS-FRAME,,Sandblasting Setup,Sandblasting,Setup,,0,10,0
SA-BRA-C-42X84-RS-FRAME,,Sandblasting,Sandblasting,Process,,0,20,0
SA-BRA-C-42X84-RS-FRAME,,Powder Coating Booth,Powder Coating Booth,Process,,0,13,48
SA-BRA-C-42X84-RS-FRAME,,Curing Oven,Curing Oven,Process,,0,20,0
SA-BRA-CADA-72X78-CUSH,,Fabric Cutting,Fabric Cutting,Process,,0,2,54
SA-BRA-CADA-72X78-CUSH,,Fabric Sewing,Fabric Sewing,Process,,0,13,48
SA-BRA-CADA-72X78-CUSH,,Cushion Stuffing,Cushion Stuffing,Process,,0,4,0
SA-BRA-CADA-72X78-CUSH,,Quality Control,Quality Control,Process,,0,8,0
SA-BRA-CADA-72X78-FRAME,,Cold Saw Fabrication,Metal Cutting,Process,,0,6,54
SA-BRA-CADA-72X78-FRAME,,Fabrication & Welding,FAB POD A,Process,,1,16,18
SA-BRA-CADA-72X78-FRAME,,Sandblasting Setup,Sandblasting,Setup,,0,10,0
SA-BRA-CADA-72X78-FRAME,,Sandblasting,Sandblasting,Process,,0,20,0
SA-BRA-CADA-72X78-FRAME,,Powder Coating Booth,Powder Coating Booth,Process,,0,13,48
SA-BRA-CADA-72X78-FRAME,,Curing Oven,Curing Oven,Process,,0,20,0
SA-BRA-CADA-78X78-CUSH,,Fabric Cutting,Fabric Cutting,Process,,0,2,54
SA-BRA-CADA-78X78-CUSH,,Fabric Sewing,Fabric Sewing,Process,,0,13,48
SA-BRA-CADA-78X78-CUSH,,Cushion Stuffing,Cushion Stuffing,Process,,0,4,0
SA-BRA-CADA-78X78-CUSH,,Quality Control,Quality Control,Process,,0,8,0
SA-BRA-CADA-78X78-FRAME,,Cold Saw Fabrication,Metal Cutting,Process,,0,6,54
SA-BRA-CADA-78X78-FRAME,,Fabrication & Welding,FAB POD A,Process,,1,16,18
SA-BRA-CADA-78X78-FRAME,,Sandblasting Setup,Sandblasting,Setup,,0,10,0
SA-BRA-CADA-78X78-FRAME,,Sandblasting,Sandblasting,Process,,0,20,0
SA-BRA-CADA-78X78-FRAME,,Powder Coating Booth,Powder Coating Booth,Process,,0,13,48
SA-BRA-CADA-78X78-FRAME,,Curing Oven,Curing Oven,Process,,0,20,0
SA-BRA-CADA-84X78-CUSH,,Fabric Cutting,Fabric Cutting,Process,,0,2,54
SA-BRA-CADA-84X78-CUSH,,Fabric Sewing,Fabric Sewing,Process,,0,13,48
SA-BRA-CADA-84X78-CUSH,,Cushion Stuffing,Cushion Stuffing,Process,,0,4,0
SA-BRA-CADA-84X78-CUSH,,Quality Control,Quality Control,Process,,0,8,0
SA-BRA-CADA-84X78-FRAME,,Cold Saw Fabrication,Metal Cutting,Process,,0,6,54
SA-BRA-CADA-84X78-FRAME,,Fabrication & Welding,FAB POD A,Process,,1,16,18
SA-BRA-CADA-84X78-FRAME,,Sandblasting Setup,Sandblasting,Setup,,0,10,0
SA-BRA-CADA-84X78-FRAME,,Sandblasting,Sandblasting,Process,,0,20,0
SA-BRA-CADA-84X78-FRAME,,Powder Coating Booth,Powder Coating Booth,Process,,0,13,48
SA-BRA-CADA-84X78-FRAME,,Curing Oven,Curing Oven,Process,,0,20,0
SA-BRA-CC-CUSH,,Fabric Cutting,Fabric Cutting,Process,,0,2,54
SA-BRA-CC-CUSH,,Fabric Sewing,Fabric Sewing,Process,,0,13,48
SA-BRA-CC-CUSH,,Cushion Stuffing,Cushion Stuffing,Process,,0,4,0
SA-BRA-CC-CUSH,,Quality Control,Quality Control,Process,,0,8,0
SA-BRA-CL-D-A-CUSH,,Fabric Cutting,Fabric Cutting,Process,,0,2,54
SA-BRA-CL-D-A-CUSH,,Fabric Sewing,Fabric Sewing,Process,,0,13,48
SA-BRA-CL-D-A-CUSH,,Cushion Stuffing,Cushion Stuffing,Process,,0,4,0
SA-BRA-CL-D-A-CUSH,,Quality Control,Quality Control,Process,,0,8,0
SA-BRA-CL-D-A-FRAME,,Cold Saw Fabrication,Metal Cutting,Process,,0,6,54
SA-BRA-CL-D-A-FRAME,,Fabrication & Welding,FAB POD A,Process,,1,16,18
SA-BRA-CL-D-A-FRAME,,Sandblasting Setup,Sandblasting,Setup,,0,10,0
SA-BRA-CL-D-A-FRAME,,Sandblasting,Sandblasting,Process,,0,20,0
SA-BRA-CL-D-A-FRAME,,Powder Coating Booth,Powder Coating Booth,Process,,0,13,48
SA-BRA-CL-D-A-FRAME,,Curing Oven,Curing Oven,Process,,0,20,0
SA-BRA-CL-D-CUSH,,Fabric Cutting,Fabric Cutting,Process,,0,2,54
SA-BRA-CL-D-CUSH,,Fabric Sewing,Fabric Sewing,Process,,0,13,48
SA-BRA-CL-D-CUSH,,Cushion Stuffing,Cushion Stuffing,Process,,0,4,0
SA-BRA-CL-D-CUSH,,Quality Control,Quality Control,Process,,0,8,0
SA-BRA-CL-D-FRAME,,Cold Saw Fabrication,Metal Cutting,Process,,0,6,54
SA-BRA-CL-D-FRAME,,Fabrication & Welding,FAB POD A,Process,,1,16,18
SA-BRA-CL-D-FRAME,,Sandblasting Setup,Sandblasting,Setup,,0,10,0
SA-BRA-CL-D-FRAME,,Sandblasting,Sandblasting,Process,,0,20,0
SA-BRA-CL-D-FRAME,,Powder Coating Booth,Powder Coating Booth,Process,,0,13,48
SA-BRA-CL-D-FRAME,,Curing Oven,Curing Oven,Process,,0,20,0
SA-BRA-CL-S-A-CUSH,,Fabric Cutting,Fabric Cutting,Process,,0,2,54
SA-BRA-CL-S-A-CUSH,,Fabric Sewing,Fabric Sewing,Process,,0,13,48
SA-BRA-CL-S-A-CUSH,,Cushion Stuffing,Cushion Stuffing,Process,,0,4,0
SA-BRA-CL-S-A-CUSH,,Quality Control,Quality Control,Process,,0,8,0
SA-BRA-CL-S-A-FRAME,,Cold Saw Fabrication,Metal Cutting,Process,,0,6,54
SA-BRA-CL-S-A-FRAME,,Fabrication & Welding,FAB POD A,Process,,1,16,18
SA-BRA-CL-S-A-FRAME,,Sandblasting Setup,Sandblasting,Setup,,0,10,0
SA-BRA-CL-S-A-FRAME,,Sandblasting,Sandblasting,Process,,0,20,0
SA-BRA-CL-S-A-FRAME,,Powder Coating Booth,Powder Coating Booth,Process,,0,13,48
SA-BRA-CL-S-A-FRAME,,Curing Oven,Curing Oven,Process,,0,20,0
SA-BRA-CL-S-CUSH,,Fabric Cutting,Fabric Cutting,Process,,0,2,54
SA-BRA-CL-S-CUSH,,Fabric Sewing,Fabric Sewing,Process,,0,13,48
SA-BRA-CL-S-CUSH,,Cushion Stuffing,Cushion Stuffing,Process,,0,4,0
SA-BRA-CL-S-CUSH,,Quality Control,Quality Control,Process,,0,8,0
SA-BRA-CL-S-FRAME,,Cold Saw Fabrication,Metal Cutting,Process,,0,6,54
SA-BRA-CL-S-FRAME,,Fabrication & Welding,FAB POD A,Process,,1,16,18
SA-BRA-CL-S-FRAME,,Sandblasting Setup,Sandblasting,Setup,,0,10,0
SA-BRA-CL-S-FRAME,,Sandblasting,Sandblasting,Process,,0,20,0
SA-BRA-CL-S-FRAME,,Powder Coating Booth,Powder Coating Booth,Process,,0,13,48
SA-BRA-CL-S-FRAME,,Curing Oven,Curing Oven,Process,,0,20,0
SA-BRA-CS-72-LS-CUSH,,Fabric Cutting,Fabric Cutting,Process,,0,2,54
SA-BRA-CS-72-LS-CUSH,,Fabric Sewing,Fabric Sewing,Process,,0,13,48
SA-BRA-CS-72-LS-CUSH,,Cushion Stuffing,Cushion Stuffing,Process,,0,4,0
SA-BRA-CS-72-LS-CUSH,,Quality Control,Quality Control,Process,,0,8,0
SA-BRA-CS-72-LS-FRAME,,Cold Saw Fabrication,Metal Cutting,Process,,0,6,54
SA-BRA-CS-72-LS-FRAME,,Fabrication & Welding,FAB POD A,Process,,1,16,18
SA-BRA-CS-72-LS-FRAME,,Sandblasting Setup,Sandblasting,Setup,,0,10,0
SA-BRA-CS-72-LS-FRAME,,Sandblasting,Sandblasting,Process,,0,20,0
SA-BRA-CS-72-LS-FRAME,,Powder Coating Booth,Powder Coating Booth,Process,,0,13,48
SA-BRA-CS-72-LS-FRAME,,Curing Oven,Curing Oven,Process,,0,20,0
SA-BRA-CS-72-RS-CUSH,,Fabric Cutting,Fabric Cutting,Process,,0,2,54
SA-BRA-CS-72-RS-CUSH,,Fabric Sewing,Fabric Sewing,Process,,0,13,48
SA-BRA-CS-72-RS-CUSH,,Cushion Stuffing,Cushion Stuffing,Process,,0,4,0
SA-BRA-CS-72-RS-CUSH,,Quality Control,Quality Control,Process,,0,8,0
SA-BRA-CS-72-RS-FRAME,,Cold Saw Fabrication,Metal Cutting,Process,,0,6,54
SA-BRA-CS-72-RS-FRAME,,Fabrication & Welding,FAB POD A,Process,,1,16,18
SA-BRA-CS-72-RS-FRAME,,Sandblasting Setup,Sandblasting,Setup,,0,10,0
SA-BRA-CS-72-RS-FRAME,,Sandblasting,Sandblasting,Process,,0,20,0
SA-BRA-CS-72-RS-FRAME,,Powder Coating Booth,Powder Coating Booth,Process,,0,13,48
SA-BRA-CS-72-RS-FRAME,,Curing Oven,Curing Oven,Process,,0,20,0
SA-BRA-CS-84-LS-CUSH,,Fabric Cutting,Fabric Cutting,Process,,0,2,54
SA-BRA-CS-84-LS-CUSH,,Fabric Sewing,Fabric Sewing,Process,,0,13,48
SA-BRA-CS-84-LS-CUSH,,Cushion Stuffing,Cushion Stuffing,Process,,0,4,0
SA-BRA-CS-84-LS-CUSH,,Quality Control,Quality Control,Process,,0,8,0
SA-BRA-CS-84-LS-FRAME,,Cold Saw Fabrication,Metal Cutting,Process,,0,6,54
SA-BRA-CS-84-LS-FRAME,,Fabrication & Welding,FAB POD A,Process,,1,16,18
SA-BRA-CS-84-LS-FRAME,,Sandblasting Setup,Sandblasting,Setup,,0,10,0
SA-BRA-CS-84-LS-FRAME,,Sandblasting,Sandblasting,Process,,0,20,0
SA-BRA-CS-84-LS-FRAME,,Powder Coating Booth,Powder Coating Booth,Process,,0,13,48
SA-BRA-CS-84-LS-FRAME,,Curing Oven,Curing Oven,Process,,0,20,0
SA-BRA-CS-84-RS-CUSH,,Fabric Cutting,Fabric Cutting,Process,,0,2,54
SA-BRA-CS-84-RS-CUSH,,Fabric Sewing,Fabric Sewing,Process,,0,13,48
SA-BRA-CS-84-RS-CUSH,,Cushion Stuffing,Cushion Stuffing,Process,,0,4,0
SA-BRA-CS-84-RS-CUSH,,Quality Control,Quality Control,Process,,0,8,0
SA-BRA-CS-84-RS-FRAME,,Cold Saw Fabrication,Metal Cutting,Process,,0,6,54
SA-BRA-CS-84-RS-FRAME,,Fabrication & Welding,FAB POD A,Process,,1,16,18
SA-BRA-CS-84-RS-FRAME,,Sandblasting Setup,Sandblasting,Setup,,0,10,0
SA-BRA-CS-84-RS-FRAME,,Sandblasting,Sandblasting,Process,,0,20,0
SA-BRA-CS-84-RS-FRAME,,Powder Coating Booth,Powder Coating Booth,Process,,0,13,48
SA-BRA-CS-84-RS-FRAME,,Curing Oven,Curing Oven,Process,,0,20,0
SA-BRA-CS-96-LS-CUSH,,Fabric Cutting,Fabric Cutting,Process,,0,2,54
SA-BRA-CS-96-LS-CUSH,,Fabric Sewing,Fabric Sewing,Process,,0,13,48
SA-BRA-CS-96-LS-CUSH,,Cushion Stuffing,Cushion Stuffing,Process,,0,4,0
SA-BRA-CS-96-LS-CUSH,,Quality Control,Quality Control,Process,,0,8,0
SA-BRA-CS-96-LS-FRAME,,Cold Saw Fabrication,Metal Cutting,Process,,0,6,54
SA-BRA-CS-96-LS-FRAME,,Fabrication & Welding,FAB POD A,Process,,1,16,18
SA-BRA-CS-96-LS-FRAME,,Sandblasting Setup,Sandblasting,Setup,,0,10,0
SA-BRA-CS-96-LS-FRAME,,Sandblasting,Sandblasting,Process,,0,20,0
SA-BRA-CS-96-LS-FRAME,,Powder Coating Booth,Powder Coating Booth,Process,,0,13,48
SA-BRA-CS-96-LS-FRAME,,Curing Oven,Curing Oven,Process,,0,20,0
SA-BRA-CS-96-RS-CUSH,,Fabric Cutting,Fabric Cutting,Process,,0,2,54
SA-BRA-CS-96-RS-CUSH,,Fabric Sewing,Fabric Sewing,Process,,0,13,48
SA-BRA-CS-96-RS-CUSH,,Cushion Stuffing,Cushion Stuffing,Process,,0,4,0
SA-BRA-CS-96-RS-CUSH,,Quality Control,Quality Control,Process,,0,8,0
SA-BRA-CS-96-RS-FRAME,,Cold Saw Fabrication,Metal Cutting,Process,,0,6,54
SA-BRA-CS-96-RS-FRAME,,Fabrication & Welding,FAB POD A,Process,,1,16,18
SA-BRA-CS-96-RS-FRAME,,Sandblasting Setup,Sandblasting,Setup,,0,10,0
SA-BRA-CS-96-RS-FRAME,,Sandblasting,Sandblasting,Process,,0,20,0
SA-BRA-CS-96-RS-FRAME,,Powder Coating Booth,Powder Coating Booth,Process,,0,13,48
SA-BRA-CS-96-RS-FRAME,,Curing Oven,Curing Oven,Process,,0,20,0
SA-BRA-CT-36X36-FRAME,,Cold Saw Fabrication,Metal Cutting,Process,,0,6,54
SA-BRA-CT-36X36-FRAME,,Fabrication & Welding,FAB POD A,Process,,1,16,18
SA-BRA-CT-36X36-FRAME,,Sandblasting Setup,Sandblasting,Setup,,0,10,0
SA-BRA-CT-36X36-FRAME,,Sandblasting,Sandblasting,Process,,0,20,0
SA-BRA-CT-36X36-FRAME,,Powder Coating Booth,Powder Coating Booth,Process,,0,13,48
SA-BRA-CT-36X36-FRAME,,Curing Oven,Curing Oven,Process,,0,20,0
SA-BRA-CT-42X28-FRAME,,Cold Saw Fabrication,Metal Cutting,Process,,0,6,54
SA-BRA-CT-42X28-FRAME,,Fabrication & Welding,FAB POD A,Process,,1,16,18
SA-BRA-CT-42X28-FRAME,,Sandblasting Setup,Sandblasting,Setup,,0,10,0
SA-BRA-CT-42X28-FRAME,,Sandblasting,Sandblasting,Process,,0,20,0
SA-BRA-CT-42X28-FRAME,,Powder Coating Booth,Powder Coating Booth,Process,,0,13,48
SA-BRA-CT-42X28-FRAME,,Curing Oven,Curing Oven,Process,,0,20,0
SA-BRA-CT-42X42-FRAME,,Cold Saw Fabrication,Metal Cutting,Process,,0,6,54
SA-BRA-CT-42X42-FRAME,,Fabrication & Welding,FAB POD A,Process,,1,16,18
SA-BRA-CT-42X42-FRAME,,Sandblasting Setup,Sandblasting,Setup,,0,10,0
SA-BRA-CT-42X42-FRAME,,Sandblasting,Sandblasting,Process,,0,20,0
SA-BRA-CT-42X42-FRAME,,Powder Coating Booth,Powder Coating Booth,Process,,0,13,48
SA-BRA-CT-42X42-FRAME,,Curing Oven,Curing Oven,Process,,0,20,0
SA-BRA-CT-56X28-FRAME,,Cold Saw Fabrication,Metal Cutting,Process,,0,6,54
SA-BRA-CT-56X28-FRAME,,Fabrication & Welding,FAB POD A,Process,,1,16,18
SA-BRA-CT-56X28-FRAME,,Sandblasting Setup,Sandblasting,Setup,,0,10,0
SA-BRA-CT-56X28-FRAME,,Sandblasting,Sandblasting,Process,,0,20,0
SA-BRA-CT-56X28-FRAME,,Powder Coating Booth,Powder Coating Booth,Process,,0,13,48
SA-BRA-CT-56X28-FRAME,,Curing Oven,Curing Oven,Process,,0,20,0
SA-BRA-CT-56X36-FRAME,,Cold Saw Fabrication,Metal Cutting,Process,,0,6,54
SA-BRA-CT-56X36-FRAME,,Fabrication & Welding,FAB POD A,Process,,1,16,18
SA-BRA-CT-56X36-FRAME,,Sandblasting Setup,Sandblasting,Setup,,0,10,0
SA-BRA-CT-56X36-FRAME,,Sandblasting,Sandblasting,Process,,0,20,0
SA-BRA-CT-56X36-FRAME,,Powder Coating Booth,Powder Coating Booth,Process,,0,13,48
SA-BRA-CT-56X36-FRAME,,Curing Oven,Curing Oven,Process,,0,20,0
SA-BRA-CT-56X42-FRAME,,Cold Saw Fabrication,Metal Cutting,Process,,0,6,54
SA-BRA-CT-56X42-FRAME,,Fabrication & Welding,FAB POD A,Process,,1,16,18
SA-BRA-CT-56X42-FRAME,,Sandblasting Setup,Sandblasting,Setup,,0,10,0
SA-BRA-CT-56X42-FRAME,,Sandblasting,Sandblasting,Process,,0,20,0
SA-BRA-CT-56X42-FRAME,,Powder Coating Booth,Powder Coating Booth,Process,,0,13,48
SA-BRA-CT-56X42-FRAME,,Curing Oven,Curing Oven,Process,,0,20,0
SA-BRA-CT-56X56-FRAME,,Cold Saw Fabrication,Metal Cutting,Process,,0,6,54
SA-BRA-CT-56X56-FRAME,,Fabrication & Welding,FAB POD A,Process,,1,16,18
SA-BRA-CT-56X56-FRAME,,Sandblasting Setup,Sandblasting,Setup,,0,10,0
SA-BRA-CT-56X56-FRAME,,Sandblasting,Sandblasting,Process,,0,20,0
SA-BRA-CT-56X56-FRAME,,Powder Coating Booth,Powder Coating Booth,Process,,0,13,48
SA-BRA-CT-56X56-FRAME,,Curing Oven,Curing Oven,Process,,0,20,0
SA-BRA-CT-72X36-FRAME,,Cold Saw Fabrication,Metal Cutting,Process,,0,6,54
SA-BRA-CT-72X36-FRAME,,Fabrication & Welding,FAB POD A,Process,,1,16,18
SA-BRA-CT-72X36-FRAME,,Sandblasting Setup,Sandblasting,Setup,,0,10,0
SA-BRA-CT-72X36-FRAME,,Sandblasting,Sandblasting,Process,,0,20,0
SA-BRA-CT-72X36-FRAME,,Powder Coating Booth,Powder Coating Booth,Process,,0,13,48
SA-BRA-CT-72X36-FRAME,,Curing Oven,Curing Oven,Process,,0,20,0
SA-BRA-CT-72X42-FRAME,,Cold Saw Fabrication,Metal Cutting,Process,,0,6,54
SA-BRA-CT-72X42-FRAME,,Fabrication & Welding,FAB POD A,Process,,1,16,18
SA-BRA-CT-72X42-FRAME,,Sandblasting Setup,Sandblasting,Setup,,0,10,0
SA-BRA-CT-72X42-FRAME,,Sandblasting,Sandblasting,Process,,0,20,0
SA-BRA-CT-72X42-FRAME,,Powder Coating Booth,Powder Coating Booth,Process,,0,13,48
SA-BRA-CT-72X42-FRAME,,Curing Oven,Curing Oven,Process,,0,20,0
SA-BRA-CT-72X56-FRAME,,Cold Saw Fabrication,Metal Cutting,Process,,0,6,54
SA-BRA-CT-72X56-FRAME,,Fabrication & Welding,FAB POD A,Process,,1,16,18
SA-BRA-CT-72X56-FRAME,,Sandblasting Setup,Sandblasting,Setup,,0,10,0
SA-BRA-CT-72X56-FRAME,,Sandblasting,Sandblasting,Process,,0,20,0
SA-BRA-CT-72X56-FRAME,,Powder Coating Booth,Powder Coating Booth,Process,,0,13,48
SA-BRA-CT-72X56-FRAME,,Curing Oven,Curing Oven,Process,,0,20,0
SA-BRA-D-7272-CUSH,,Fabric Cutting,Fabric Cutting,Process,,0,2,54
SA-BRA-D-7272-CUSH,,Fabric Sewing,Fabric Sewing,Process,,0,13,48
SA-BRA-D-7272-CUSH,,Cushion Stuffing,Cushion Stuffing,Process,,0,4,0
SA-BRA-D-7272-CUSH,,Quality Control,Quality Control,Process,,0,8,0
SA-BRA-D-7272-FRAME,,Cold Saw Fabrication,Metal Cutting,Process,,0,6,54
SA-BRA-D-7272-FRAME,,Fabrication & Welding,FAB POD A,Process,,1,16,18
SA-BRA-D-7272-FRAME,,Sandblasting Setup,Sandblasting,Setup,,0,10,0
SA-BRA-D-7272-FRAME,,Sandblasting,Sandblasting,Process,,0,20,0
SA-BRA-D-7272-FRAME,,Powder Coating Booth,Powder Coating Booth,Process,,0,13,48
SA-BRA-D-7272-FRAME,,Curing Oven,Curing Oven,Process,,0,20,0
SA-BRA-D-7872-CUSH,,Fabric Cutting,Fabric Cutting,Process,,0,2,54
SA-BRA-D-7872-CUSH,,Fabric Sewing,Fabric Sewing,Process,,0,13,48
SA-BRA-D-7872-CUSH,,Cushion Stuffing,Cushion Stuffing,Process,,0,4,0
SA-BRA-D-7872-CUSH,,Quality Control,Quality Control,Process,,0,8,0
SA-BRA-D-7872-FRAME,,Cold Saw Fabrication,Metal Cutting,Process,,0,6,54
SA-BRA-D-7872-FRAME,,Fabrication & Welding,FAB POD A,Process,,1,16,18
SA-BRA-D-7872-FRAME,,Sandblasting Setup,Sandblasting,Setup,,0,10,0
SA-BRA-D-7872-FRAME,,Sandblasting,Sandblasting,Process,,0,20,0
SA-BRA-D-7872-FRAME,,Powder Coating Booth,Powder Coating Booth,Process,,0,13,48
SA-BRA-D-7872-FRAME,,Curing Oven,Curing Oven,Process,,0,20,0
SA-BRA-L-CUSH,,Fabric Cutting,Fabric Cutting,Process,,0,2,54
SA-BRA-L-CUSH,,Fabric Sewing,Fabric Sewing,Process,,0,13,48
SA-BRA-L-CUSH,,Cushion Stuffing,Cushion Stuffing,Process,,0,4,0
SA-BRA-L-CUSH,,Quality Control,Quality Control,Process,,0,8,0
SA-BRA-L-FRAME,,Cold Saw Fabrication,Metal Cutting,Process,,0,6,54
SA-BRA-L-FRAME,,Fabrication & Welding,FAB POD A,Process,,1,16,18
SA-BRA-L-FRAME,,Sandblasting Setup,Sandblasting,Setup,,0,10,0
SA-BRA-L-FRAME,,Sandblasting,Sandblasting,Process,,0,20,0
SA-BRA-L-FRAME,,Powder Coating Booth,Powder Coating Booth,Process,,0,13,48
SA-BRA-L-FRAME,,Curing Oven,Curing Oven,Process,,0,20,0
SA-BRA-ML-CUSH,,Fabric Cutting,Fabric Cutting,Process,,0,2,54
SA-BRA-ML-CUSH,,Fabric Sewing,Fabric Sewing,Process,,0,13,48
SA-BRA-ML-CUSH,,Cushion Stuffing,Cushion Stuffing,Process,,0,4,0
SA-BRA-ML-CUSH,,Quality Control,Quality Control,Process,,0,8,0
SA-BRA-ML-FRAME,,Cold Saw Fabrication,Metal Cutting,Process,,0,6,54
SA-BRA-ML-FRAME,,Fabrication & Welding,FAB POD A,Process,,1,16,18
SA-BRA-ML-FRAME,,Sandblasting Setup,Sandblasting,Setup,,0,10,0
SA-BRA-ML-FRAME,,Sandblasting,Sandblasting,Process,,0,20,0
SA-BRA-ML-FRAME,,Powder Coating Booth,Powder Coating Booth,Process,,0,13,48
SA-BRA-ML-FRAME,,Curing Oven,Curing Oven,Process,,0,20,0
SA-BRA-O-30X22-CUSH,,Fabric Cutting,Fabric Cutting,Process,,0,2,54
SA-BRA-O-30X22-CUSH,,Fabric Sewing,Fabric Sewing,Process,,0,13,48
SA-BRA-O-30X22-CUSH,,Cushion Stuffing,Cushion Stuffing,Process,,0,4,0
SA-BRA-O-30X22-CUSH,,Quality Control,Quality Control,Process,,0,8,0
SA-BRA-O-30X22-FRAME,,Cold Saw Fabrication,Metal Cutting,Process,,0,6,54
SA-BRA-O-30X22-FRAME,,Fabrication & Welding,FAB POD A,Process,,1,16,18
SA-BRA-O-30X22-FRAME,,Sandblasting Setup,Sandblasting,Setup,,0,10,0
SA-BRA-O-30X22-FRAME,,Sandblasting,Sandblasting,Process,,0,20,0
SA-BRA-O-30X22-FRAME,,Powder Coating Booth,Powder Coating Booth,Process,,0,13,48
SA-BRA-O-30X22-FRAME,,Curing Oven,Curing Oven,Process,,0,20,0
SA-BRA-O-34X34-CUSH,,Fabric Cutting,Fabric Cutting,Process,,0,2,54
SA-BRA-O-34X34-CUSH,,Fabric Sewing,Fabric Sewing,Process,,0,13,48
SA-BRA-O-34X34-CUSH,,Cushion Stuffing,Cushion Stuffing,Process,,0,4,0
SA-BRA-O-34X34-CUSH,,Quality Control,Quality Control,Process,,0,8,0
SA-BRA-O-34X34-FRAME,,Cold Saw Fabrication,Metal Cutting,Process,,0,6,54
SA-BRA-O-34X34-FRAME,,Fabrication & Welding,FAB POD A,Process,,1,16,18
SA-BRA-O-34X34-FRAME,,Sandblasting Setup,Sandblasting,Setup,,0,10,0
SA-BRA-O-34X34-FRAME,,Sandblasting,Sandblasting,Process,,0,20,0
SA-BRA-O-34X34-FRAME,,Powder Coating Booth,Powder Coating Booth,Process,,0,13,48
SA-BRA-O-34X34-FRAME,,Curing Oven,Curing Oven,Process,,0,20,0
SA-BRA-O-42X22-CUSH,,Fabric Cutting,Fabric Cutting,Process,,0,2,54
SA-BRA-O-42X22-CUSH,,Fabric Sewing,Fabric Sewing,Process,,0,13,48
SA-BRA-O-42X22-CUSH,,Cushion Stuffing,Cushion Stuffing,Process,,0,4,0
SA-BRA-O-42X22-CUSH,,Quality Control,Quality Control,Process,,0,8,0
SA-BRA-O-42X22-FRAME,,Cold Saw Fabrication,Metal Cutting,Process,,0,6,54
SA-BRA-O-42X22-FRAME,,Fabrication & Welding,FAB POD A,Process,,1,16,18
SA-BRA-O-42X22-FRAME,,Sandblasting Setup,Sandblasting,Setup,,0,10,0
SA-BRA-O-42X22-FRAME,,Sandblasting,Sandblasting,Process,,0,20,0
SA-BRA-O-42X22-FRAME,,Powder Coating Booth,Powder Coating Booth,Process,,0,13,48
SA-BRA-O-42X22-FRAME,,Curing Oven,Curing Oven,Process,,0,20,0
SA-BRA-O-42X34-CUSH,,Fabric Cutting,Fabric Cutting,Process,,0,2,54
SA-BRA-O-42X34-CUSH,,Fabric Sewing,Fabric Sewing,Process,,0,13,48
SA-BRA-O-42X34-CUSH,,Cushion Stuffing,Cushion Stuffing,Process,,0,4,0
SA-BRA-O-42X34-CUSH,,Quality Control,Quality Control,Process,,0,8,0
SA-BRA-O-42X34-FRAME,,Cold Saw Fabrication,Metal Cutting,Process,,0,6,54
SA-BRA-O-42X34-FRAME,,Fabrication & Welding,FAB POD A,Process,,1,16,18
SA-BRA-O-42X34-FRAME,,Sandblasting Setup,Sandblasting,Setup,,0,10,0
SA-BRA-O-42X34-FRAME,,Sandblasting,Sandblasting,Process,,0,20,0
SA-BRA-O-42X34-FRAME,,Powder Coating Booth,Powder Coating Booth,Process,,0,13,48
SA-BRA-O-42X34-FRAME,,Curing Oven,Curing Oven,Process,,0,20,0
SA-BRA-O-60X22-CUSH,,Fabric Cutting,Fabric Cutting,Process,,0,2,54
SA-BRA-O-60X22-CUSH,,Fabric Sewing,Fabric Sewing,Process,,0,13,48
SA-BRA-O-60X22-CUSH,,Cushion Stuffing,Cushion Stuffing,Process,,0,4,0
SA-BRA-O-60X22-CUSH,,Quality Control,Quality Control,Process,,0,8,0
SA-BRA-O-60X22-FRAME,,Cold Saw Fabrication,Metal Cutting,Process,,0,6,54
SA-BRA-O-60X22-FRAME,,Fabrication & Welding,FAB POD A,Process,,1,16,18
SA-BRA-O-60X22-FRAME,,Sandblasting Setup,Sandblasting,Setup,,0,10,0
SA-BRA-O-60X22-FRAME,,Sandblasting,Sandblasting,Process,,0,20,0
SA-BRA-O-60X22-FRAME,,Powder Coating Booth,Powder Coating Booth,Process,,0,13,48
SA-BRA-O-60X22-FRAME,,Curing Oven,Curing Oven,Process,,0,20,0
SA-BRA-O-60X34-CUSH,,Fabric Cutting,Fabric Cutting,Process,,0,2,54
SA-BRA-O-60X34-CUSH,,Fabric Sewing,Fabric Sewing,Process,,0,13,48
SA-BRA-O-60X34-CUSH,,Cushion Stuffing,Cushion Stuffing,Process,,0,4,0
SA-BRA-O-60X34-CUSH,,Quality Control,Quality Control,Process,,0,8,0
SA-BRA-O-60X34-FRAME,,Cold Saw Fabrication,Metal Cutting,Process,,0,6,54
SA-BRA-O-60X34-FRAME,,Fabrication & Welding,FAB POD A,Process,,1,16,18
SA-BRA-O-60X34-FRAME,,Sandblasting Setup,Sandblasting,Setup,,0,10,0
SA-BRA-O-60X34-FRAME,,Sandblasting,Sandblasting,Process,,0,20,0
SA-BRA-O-60X34-FRAME,,Powder Coating Booth,Powder Coating Booth,Process,,0,13,48
SA-BRA-O-60X34-FRAME,,Curing Oven,Curing Oven,Process,,0,20,0
SA-BRA-O-72X22-CUSH,,Fabric Cutting,Fabric Cutting,Process,,0,2,54
SA-BRA-O-72X22-CUSH,,Fabric Sewing,Fabric Sewing,Process,,0,13,48
SA-BRA-O-72X22-CUSH,,Cushion Stuffing,Cushion Stuffing,Process,,0,4,0
SA-BRA-O-72X22-CUSH,,Quality Control,Quality Control,Process,,0,8,0
SA-BRA-O-72X22-FRAME,,Cold Saw Fabrication,Metal Cutting,Process,,0,6,54
SA-BRA-O-72X22-FRAME,,Fabrication & Welding,FAB POD A,Process,,1,16,18
SA-BRA-O-72X22-FRAME,,Sandblasting Setup,Sandblasting,Setup,,0,10,0
SA-BRA-O-72X22-FRAME,,Sandblasting,Sandblasting,Process,,0,20,0
SA-BRA-O-72X22-FRAME,,Powder Coating Booth,Powder Coating Booth,Process,,0,13,48
SA-BRA-O-72X22-FRAME,,Curing Oven,Curing Oven,Process,,0,20,0
SA-BRA-O-72X34-CUSH,,Fabric Cutting,Fabric Cutting,Process,,0,2,54
SA-BRA-O-72X34-CUSH,,Fabric Sewing,Fabric Sewing,Process,,0,13,48
SA-BRA-O-72X34-CUSH,,Cushion Stuffing,Cushion Stuffing,Process,,0,4,0
SA-BRA-O-72X34-CUSH,,Quality Control,Quality Control,Process,,0,8,0
SA-BRA-O-72X34-FRAME,,Cold Saw Fabrication,Metal Cutting,Process,,0,6,54
SA-BRA-O-72X34-FRAME,,Fabrication & Welding,FAB POD A,Process,,1,16,18
SA-BRA-O-72X34-FRAME,,Sandblasting Setup,Sandblasting,Setup,,0,10,0
SA-BRA-O-72X34-FRAME,,Sandblasting,Sandblasting,Process,,0,20,0
SA-BRA-O-72X34-FRAME,,Powder Coating Booth,Powder Coating Booth,Process,,0,13,48
SA-BRA-O-72X34-FRAME,,Curing Oven,Curing Oven,Process,,0,20,0
SA-BRA-ODT-30X22-CUSH,,Fabric Cutting,Fabric Cutting,Process,,0,2,54
SA-BRA-ODT-30X22-CUSH,,Fabric Sewing,Fabric Sewing,Process,,0,13,48
SA-BRA-ODT-30X22-CUSH,,Cushion Stuffing,Cushion Stuffing,Process,,0,4,0
SA-BRA-ODT-30X22-CUSH,,Quality Control,Quality Control,Process,,0,8,0
SA-BRA-ODT-30X22-FRAME,,Cold Saw Fabrication,Metal Cutting,Process,,0,6,54
SA-BRA-ODT-30X22-FRAME,,Fabrication & Welding,FAB POD A,Process,,1,16,18
SA-BRA-ODT-30X22-FRAME,,Sandblasting Setup,Sandblasting,Setup,,0,10,0
SA-BRA-ODT-30X22-FRAME,,Sandblasting,Sandblasting,Process,,0,20,0
SA-BRA-ODT-30X22-FRAME,,Powder Coating Booth,Powder Coating Booth,Process,,0,13,48
SA-BRA-ODT-30X22-FRAME,,Curing Oven,Curing Oven,Process,,0,20,0
SA-BRA-ODT-34X34-CUSH,,Fabric Cutting,Fabric Cutting,Process,,0,2,54
SA-BRA-ODT-34X34-CUSH,,Fabric Sewing,Fabric Sewing,Process,,0,13,48
SA-BRA-ODT-34X34-CUSH,,Cushion Stuffing,Cushion Stuffing,Process,,0,4,0
SA-BRA-ODT-34X34-CUSH,,Quality Control,Quality Control,Process,,0,8,0
SA-BRA-ODT-34X34-FRAME,,Cold Saw Fabrication,Metal Cutting,Process,,0,6,54
SA-BRA-ODT-34X34-FRAME,,Fabrication & Welding,FAB POD A,Process,,1,16,18
SA-BRA-ODT-34X34-FRAME,,Sandblasting Setup,Sandblasting,Setup,,0,10,0
SA-BRA-ODT-34X34-FRAME,,Sandblasting,Sandblasting,Process,,0,20,0
SA-BRA-ODT-34X34-FRAME,,Powder Coating Booth,Powder Coating Booth,Process,,0,13,48
SA-BRA-ODT-34X34-FRAME,,Curing Oven,Curing Oven,Process,,0,20,0
SA-BRA-ODT-42X22-CUSH,,Fabric Cutting,Fabric Cutting,Process,,0,2,54
SA-BRA-ODT-42X22-CUSH,,Fabric Sewing,Fabric Sewing,Process,,0,13,48
SA-BRA-ODT-42X22-CUSH,,Cushion Stuffing,Cushion Stuffing,Process,,0,4,0
SA-BRA-ODT-42X22-CUSH,,Quality Control,Quality Control,Process,,0,8,0
SA-BRA-ODT-42X22-FRAME,,Cold Saw Fabrication,Metal Cutting,Process,,0,6,54
SA-BRA-ODT-42X22-FRAME,,Fabrication & Welding,FAB POD A,Process,,1,16,18
SA-BRA-ODT-42X22-FRAME,,Sandblasting Setup,Sandblasting,Setup,,0,10,0
SA-BRA-ODT-42X22-FRAME,,Sandblasting,Sandblasting,Process,,0,20,0
SA-BRA-ODT-42X22-FRAME,,Powder Coating Booth,Powder Coating Booth,Process,,0,13,48
SA-BRA-ODT-42X22-FRAME,,Curing Oven,Curing Oven,Process,,0,20,0
SA-BRA-ODT-42X34-CUSH,,Fabric Cutting,Fabric Cutting,Process,,0,2,54
SA-BRA-ODT-42X34-CUSH,,Fabric Sewing,Fabric Sewing,Process,,0,13,48
SA-BRA-ODT-42X34-CUSH,,Cushion Stuffing,Cushion Stuffing,Process,,0,4,0
SA-BRA-ODT-42X34-CUSH,,Quality Control,Quality Control,Process,,0,8,0
SA-BRA-ODT-42X34-FRAME,,Cold Saw Fabrication,Metal Cutting,Process,,0,6,54
SA-BRA-ODT-42X34-FRAME,,Fabrication & Welding,FAB POD A,Process,,1,16,18
SA-BRA-ODT-42X34-FRAME,,Sandblasting Setup,Sandblasting,Setup,,0,10,0
SA-BRA-ODT-42X34-FRAME,,Sandblasting,Sandblasting,Process,,0,20,0
SA-BRA-ODT-42X34-FRAME,,Powder Coating Booth,Powder Coating Booth,Process,,0,13,48
SA-BRA-ODT-42X34-FRAME,,Curing Oven,Curing Oven,Process,,0,20,0
SA-BRA-ODT-60X22-CUSH,,Fabric Cutting,Fabric Cutting,Process,,0,2,54
SA-BRA-ODT-60X22-CUSH,,Fabric Sewing,Fabric Sewing,Process,,0,13,48
SA-BRA-ODT-60X22-CUSH,,Cushion Stuffing,Cushion Stuffing,Process,,0,4,0
SA-BRA-ODT-60X22-CUSH,,Quality Control,Quality Control,Process,,0,8,0
SA-BRA-ODT-60X22-FRAME,,Cold Saw Fabrication,Metal Cutting,Process,,0,6,54
SA-BRA-ODT-60X22-FRAME,,Fabrication & Welding,FAB POD A,Process,,1,16,18
SA-BRA-ODT-60X22-FRAME,,Sandblasting Setup,Sandblasting,Setup,,0,10,0
SA-BRA-ODT-60X22-FRAME,,Sandblasting,Sandblasting,Process,,0,20,0
SA-BRA-ODT-60X22-FRAME,,Powder Coating Booth,Powder Coating Booth,Process,,0,13,48
SA-BRA-ODT-60X22-FRAME,,Curing Oven,Curing Oven,Process,,0,20,0
SA-BRA-ODT-60X34-CUSH,,Fabric Cutting,Fabric Cutting,Process,,0,2,54
SA-BRA-ODT-60X34-CUSH,,Fabric Sewing,Fabric Sewing,Process,,0,13,48
SA-BRA-ODT-60X34-CUSH,,Cushion Stuffing,Cushion Stuffing,Process,,0,4,0
SA-BRA-ODT-60X34-CUSH,,Quality Control,Quality Control,Process,,0,8,0
SA-BRA-ODT-60X34-FRAME,,Cold Saw Fabrication,Metal Cutting,Process,,0,6,54
SA-BRA-ODT-60X34-FRAME,,Fabrication & Welding,FAB POD A,Process,,1,16,18
SA-BRA-ODT-60X34-FRAME,,Sandblasting Setup,Sandblasting,Setup,,0,10,0
SA-BRA-ODT-60X34-FRAME,,Sandblasting,Sandblasting,Process,,0,20,0
SA-BRA-ODT-60X34-FRAME,,Powder Coating Booth,Powder Coating Booth,Process,,0,13,48
SA-BRA-ODT-60X34-FRAME,,Curing Oven,Curing Oven,Process,,0,20,0
SA-BRA-ODT-72X22-CUSH,,Fabric Cutting,Fabric Cutting,Process,,0,2,54
SA-BRA-ODT-72X22-CUSH,,Fabric Sewing,Fabric Sewing,Process,,0,13,48
SA-BRA-ODT-72X22-CUSH,,Cushion Stuffing,Cushion Stuffing,Process,,0,4,0
SA-BRA-ODT-72X22-CUSH,,Quality Control,Quality Control,Process,,0,8,0
SA-BRA-ODT-72X22-FRAME,,Cold Saw Fabrication,Metal Cutting,Process,,0,6,54
SA-BRA-ODT-72X22-FRAME,,Fabrication & Welding,FAB POD A,Process,,1,16,18
SA-BRA-ODT-72X22-FRAME,,Sandblasting Setup,Sandblasting,Setup,,0,10,0
SA-BRA-ODT-72X22-FRAME,,Sandblasting,Sandblasting,Process,,0,20,0
SA-BRA-ODT-72X22-FRAME,,Powder Coating Booth,Powder Coating Booth,Process,,0,13,48
SA-BRA-ODT-72X22-FRAME,,Curing Oven,Curing Oven,Process,,0,20,0
SA-BRA-ODT-72X34-CUSH,,Fabric Cutting,Fabric Cutting,Process,,0,2,54
SA-BRA-ODT-72X34-CUSH,,Fabric Sewing,Fabric Sewing,Process,,0,13,48
SA-BRA-ODT-72X34-CUSH,,Cushion Stuffing,Cushion Stuffing,Process,,0,4,0
SA-BRA-ODT-72X34-CUSH,,Quality Control,Quality Control,Process,,0,8,0
SA-BRA-ODT-72X34-FRAME,,Cold Saw Fabrication,Metal Cutting,Process,,0,6,54
SA-BRA-ODT-72X34-FRAME,,Fabrication & Welding,FAB POD A,Process,,1,16,18
SA-BRA-ODT-72X34-FRAME,,Sandblasting Setup,Sandblasting,Setup,,0,10,0
SA-BRA-ODT-72X34-FRAME,,Sandblasting,Sandblasting,Process,,0,20,0
SA-BRA-ODT-72X34-FRAME,,Powder Coating Booth,Powder Coating Booth,Process,,0,13,48
SA-BRA-ODT-72X34-FRAME,,Curing Oven,Curing Oven,Process,,0,20,0
SA-BRA-S-72-CUSH,,Fabric Cutting,Fabric Cutting,Process,,0,2,54
SA-BRA-S-72-CUSH,,Fabric Sewing,Fabric Sewing,Process,,0,13,48
SA-BRA-S-72-CUSH,,Cushion Stuffing,Cushion Stuffing,Process,,0,4,0
SA-BRA-S-72-CUSH,,Quality Control,Quality Control,Process,,0,8,0
SA-BRA-S-72-FRAME,,Cold Saw Fabrication,Metal Cutting,Process,,0,6,54
SA-BRA-S-72-FRAME,,Fabrication & Welding,FAB POD A,Process,,1,16,18
SA-BRA-S-72-FRAME,,Sandblasting Setup,Sandblasting,Setup,,0,10,0
SA-BRA-S-72-FRAME,,Sandblasting,Sandblasting,Process,,0,20,0
SA-BRA-S-72-FRAME,,Powder Coating Booth,Powder Coating Booth,Process,,0,13,48
SA-BRA-S-72-FRAME,,Curing Oven,Curing Oven,Process,,0,20,0
SA-BRA-S-84-CUSH,,Fabric Cutting,Fabric Cutting,Process,,0,2,54
SA-BRA-S-84-CUSH,,Fabric Sewing,Fabric Sewing,Process,,0,13,48
SA-BRA-S-84-CUSH,,Cushion Stuffing,Cushion Stuffing,Process,,0,4,0
SA-BRA-S-84-CUSH,,Quality Control,Quality Control,Process,,0,8,0
SA-BRA-S-84-FRAME,,Cold Saw Fabrication,Metal Cutting,Process,,0,6,54
SA-BRA-S-84-FRAME,,Fabrication & Welding,FAB POD A,Process,,1,16,18
SA-BRA-S-84-FRAME,,Sandblasting Setup,Sandblasting,Setup,,0,10,0
SA-BRA-S-84-FRAME,,Sandblasting,Sandblasting,Process,,0,20,0
SA-BRA-S-84-FRAME,,Powder Coating Booth,Powder Coating Booth,Process,,0,13,48
SA-BRA-S-84-FRAME,,Curing Oven,Curing Oven,Process,,0,20,0
SA-BRA-S-96-CUSH,,Fabric Cutting,Fabric Cutting,Process,,0,2,54
SA-BRA-S-96-CUSH,,Fabric Sewing,Fabric Sewing,Process,,0,13,48
SA-BRA-S-96-CUSH,,Cushion Stuffing,Cushion Stuffing,Process,,0,4,0
SA-BRA-S-96-CUSH,,Quality Control,Quality Control,Process,,0,8,0
SA-BRA-S-96-FRAME,,Cold Saw Fabrication,Metal Cutting,Process,,0,6,54
SA-BRA-S-96-FRAME,,Fabrication & Welding,FAB POD A,Process,,1,16,18
SA-BRA-S-96-FRAME,,Sandblasting Setup,Sandblasting,Setup,,0,10,0
SA-BRA-S-96-FRAME,,Sandblasting,Sandblasting,Process,,0,20,0
SA-BRA-S-96-FRAME,,Powder Coating Booth,Powder Coating Booth,Process,,0,13,48
SA-BRA-S-96-FRAME,,Curing Oven,Curing Oven,Process,,0,20,0
SA-BRA-SC-CUSH,,Fabric Cutting,Fabric Cutting,Process,,0,2,54
SA-BRA-SC-CUSH,,Fabric Sewing,Fabric Sewing,Process,,0,13,48
SA-BRA-SC-CUSH,,Cushion Stuffing,Cushion Stuffing,Process,,0,4,0
SA-BRA-SC-CUSH,,Quality Control,Quality Control,Process,,0,8,0
SA-BRA-SC-FRAME,,Cold Saw Fabrication,Metal Cutting,Process,,0,6,54
SA-BRA-SC-FRAME,,Fabrication & Welding,FAB POD A,Process,,1,16,18
SA-BRA-SC-FRAME,,Sandblasting Setup,Sandblasting,Setup,,0,10,0
SA-BRA-SC-FRAME,,Sandblasting,Sandblasting,Process,,0,20,0
SA-BRA-SC-FRAME,,Powder Coating Booth,Powder Coating Booth,Process,,0,13,48
SA-BRA-SC-FRAME,,Curing Oven,Curing Oven,Process,,0,20,0
SA-BRA-ST-20X20-FRAME,,Cold Saw Fabrication,Metal Cutting,Process,,0,6,54
SA-BRA-ST-20X20-FRAME,,Fabrication & Welding,FAB POD A,Process,,1,16,18
SA-BRA-ST-20X20-FRAME,,Sandblasting Setup,Sandblasting,Setup,,0,10,0
SA-BRA-ST-20X20-FRAME,,Sandblasting,Sandblasting,Process,,0,20,0
SA-BRA-ST-20X20-FRAME,,Powder Coating Booth,Powder Coating Booth,Process,,0,13,48
SA-BRA-ST-20X20-FRAME,,Curing Oven,Curing Oven,Process,,0,20,0
SA-BRO-C-72X34-LS-CUSH,,Fabric Cutting,Fabric Cutting,Process,,0,2,54
SA-BRO-C-72X34-LS-CUSH,,Fabric Sewing,Fabric Sewing,Process,,0,13,48
SA-BRO-C-72X34-LS-CUSH,,Cushion Stuffing,Cushion Stuffing,Process,,0,4,0
SA-BRO-C-72X34-LS-CUSH,,Quality Control,Quality Control,Process,,0,8,0
SA-BRO-C-72X34-LS-FRAME,,Cold Saw Fabrication,Metal Cutting,Process,,0,6,54
SA-BRO-C-72X34-LS-FRAME,,Fabrication & Welding,FAB POD A,Process,,1,16,18
SA-BRO-C-72X34-LS-FRAME,,Sandblasting Setup,Sandblasting,Setup,,0,10,0
SA-BRO-C-72X34-LS-FRAME,,Sandblasting,Sandblasting,Process,,0,20,0
SA-BRO-C-72X34-LS-FRAME,,Powder Coating Booth,Powder Coating Booth,Process,,0,13,48
SA-BRO-C-72X34-LS-FRAME,,Curing Oven,Curing Oven,Process,,0,20,0
SA-BRO-C-72X34-RS-CUSH,,Fabric Cutting,Fabric Cutting,Process,,0,2,54
SA-BRO-C-72X34-RS-CUSH,,Fabric Sewing,Fabric Sewing,Process,,0,13,48
SA-BRO-C-72X34-RS-CUSH,,Cushion Stuffing,Cushion Stuffing,Process,,0,4,0
SA-BRO-C-72X34-RS-CUSH,,Quality Control,Quality Control,Process,,0,8,0
SA-BRO-C-72X34-RS-FRAME,,Cold Saw Fabrication,Metal Cutting,Process,,0,6,54
SA-BRO-C-72X34-RS-FRAME,,Fabrication & Welding,FAB POD A,Process,,1,16,18
SA-BRO-C-72X34-RS-FRAME,,Sandblasting Setup,Sandblasting,Setup,,0,10,0
SA-BRO-C-72X34-RS-FRAME,,Sandblasting,Sandblasting,Process,,0,20,0
SA-BRO-C-72X34-RS-FRAME,,Powder Coating Booth,Powder Coating Booth,Process,,0,13,48
SA-BRO-C-72X34-RS-FRAME,,Curing Oven,Curing Oven,Process,,0,20,0
SA-BRO-C-72X42-LS-CUSH,,Fabric Cutting,Fabric Cutting,Process,,0,2,54
SA-BRO-C-72X42-LS-CUSH,,Fabric Sewing,Fabric Sewing,Process,,0,13,48
SA-BRO-C-72X42-LS-CUSH,,Cushion Stuffing,Cushion Stuffing,Process,,0,4,0
SA-BRO-C-72X42-LS-CUSH,,Quality Control,Quality Control,Process,,0,8,0
SA-BRO-C-72X42-LS-FRAME,,Cold Saw Fabrication,Metal Cutting,Process,,0,6,54
SA-BRO-C-72X42-LS-FRAME,,Fabrication & Welding,FAB POD A,Process,,1,16,18
SA-BRO-C-72X42-LS-FRAME,,Sandblasting Setup,Sandblasting,Setup,,0,10,0
SA-BRO-C-72X42-LS-FRAME,,Sandblasting,Sandblasting,Process,,0,20,0
SA-BRO-C-72X42-LS-FRAME,,Powder Coating Booth,Powder Coating Booth,Process,,0,13,48
SA-BRO-C-72X42-LS-FRAME,,Curing Oven,Curing Oven,Process,,0,20,0
SA-BRO-C-72X42-RS-CUSH,,Fabric Cutting,Fabric Cutting,Process,,0,2,54
SA-BRO-C-72X42-RS-CUSH,,Fabric Sewing,Fabric Sewing,Process,,0,13,48
SA-BRO-C-72X42-RS-CUSH,,Cushion Stuffing,Cushion Stuffing,Process,,0,4,0
SA-BRO-C-72X42-RS-CUSH,,Quality Control,Quality Control,Process,,0,8,0
SA-BRO-C-72X42-RS-FRAME,,Cold Saw Fabrication,Metal Cutting,Process,,0,6,54
SA-BRO-C-72X42-RS-FRAME,,Fabrication & Welding,FAB POD A,Process,,1,16,18
SA-BRO-C-72X42-RS-FRAME,,Sandblasting Setup,Sandblasting,Setup,,0,10,0
SA-BRO-C-72X42-RS-FRAME,,Sandblasting,Sandblasting,Process,,0,20,0
SA-BRO-C-72X42-RS-FRAME,,Powder Coating Booth,Powder Coating Booth,Process,,0,13,48
SA-BRO-C-72X42-RS-FRAME,,Curing Oven,Curing Oven,Process,,0,20,0
SA-BRO-C-84X34-LS-CUSH,,Fabric Cutting,Fabric Cutting,Process,,0,2,54
SA-BRO-C-84X34-LS-CUSH,,Fabric Sewing,Fabric Sewing,Process,,0,13,48
SA-BRO-C-84X34-LS-CUSH,,Cushion Stuffing,Cushion Stuffing,Process,,0,4,0
SA-BRO-C-84X34-LS-CUSH,,Quality Control,Quality Control,Process,,0,8,0
SA-BRO-C-84X34-LS-FRAME,,Cold Saw Fabrication,Metal Cutting,Process,,0,6,54
SA-BRO-C-84X34-LS-FRAME,,Fabrication & Welding,FAB POD A,Process,,1,16,18
SA-BRO-C-84X34-LS-FRAME,,Sandblasting Setup,Sandblasting,Setup,,0,10,0
SA-BRO-C-84X34-LS-FRAME,,Sandblasting,Sandblasting,Process,,0,20,0
SA-BRO-C-84X34-LS-FRAME,,Powder Coating Booth,Powder Coating Booth,Process,,0,13,48
SA-BRO-C-84X34-LS-FRAME,,Curing Oven,Curing Oven,Process,,0,20,0
SA-BRO-C-84X34-RS-CUSH,,Fabric Cutting,Fabric Cutting,Process,,0,2,54
SA-BRO-C-84X34-RS-CUSH,,Fabric Sewing,Fabric Sewing,Process,,0,13,48
SA-BRO-C-84X34-RS-CUSH,,Cushion Stuffing,Cushion Stuffing,Process,,0,4,0
SA-BRO-C-84X34-RS-CUSH,,Quality Control,Quality Control,Process,,0,8,0
SA-BRO-C-84X34-RS-FRAME,,Cold Saw Fabrication,Metal Cutting,Process,,0,6,54
SA-BRO-C-84X34-RS-FRAME,,Fabrication & Welding,FAB POD A,Process,,1,16,18
SA-BRO-C-84X34-RS-FRAME,,Sandblasting Setup,Sandblasting,Setup,,0,10,0
SA-BRO-C-84X34-RS-FRAME,,Sandblasting,Sandblasting,Process,,0,20,0
SA-BRO-C-84X34-RS-FRAME,,Powder Coating Booth,Powder Coating Booth,Process,,0,13,48
SA-BRO-C-84X34-RS-FRAME,,Curing Oven,Curing Oven,Process,,0,20,0
SA-BRO-C-84X42-LS-CUSH,,Fabric Cutting,Fabric Cutting,Process,,0,2,54
SA-BRO-C-84X42-LS-CUSH,,Fabric Sewing,Fabric Sewing,Process,,0,13,48
SA-BRO-C-84X42-LS-CUSH,,Cushion Stuffing,Cushion Stuffing,Process,,0,4,0
SA-BRO-C-84X42-LS-CUSH,,Quality Control,Quality Control,Process,,0,8,0
SA-BRO-C-84X42-LS-FRAME,,Cold Saw Fabrication,Metal Cutting,Process,,0,6,54
SA-BRO-C-84X42-LS-FRAME,,Fabrication & Welding,FAB POD A,Process,,1,16,18
SA-BRO-C-84X42-LS-FRAME,,Sandblasting Setup,Sandblasting,Setup,,0,10,0
SA-BRO-C-84X42-LS-FRAME,,Sandblasting,Sandblasting,Process,,0,20,0
SA-BRO-C-84X42-LS-FRAME,,Powder Coating Booth,Powder Coating Booth,Process,,0,13,48
SA-BRO-C-84X42-LS-FRAME,,Curing Oven,Curing Oven,Process,,0,20,0
SA-BRO-C-84X42-RS-CUSH,,Fabric Cutting,Fabric Cutting,Process,,0,2,54
SA-BRO-C-84X42-RS-CUSH,,Fabric Sewing,Fabric Sewing,Process,,0,13,48
SA-BRO-C-84X42-RS-CUSH,,Cushion Stuffing,Cushion Stuffing,Process,,0,4,0
SA-BRO-C-84X42-RS-CUSH,,Quality Control,Quality Control,Process,,0,8,0
SA-BRO-C-84X42-RS-FRAME,,Cold Saw Fabrication,Metal Cutting,Process,,0,6,54
SA-BRO-C-84X42-RS-FRAME,,Fabrication & Welding,FAB POD A,Process,,1,16,18
SA-BRO-C-84X42-RS-FRAME,,Sandblasting Setup,Sandblasting,Setup,,0,10,0
SA-BRO-C-84X42-RS-FRAME,,Sandblasting,Sandblasting,Process,,0,20,0
SA-BRO-C-84X42-RS-FRAME,,Powder Coating Booth,Powder Coating Booth,Process,,0,13,48
SA-BRO-C-84X42-RS-FRAME,,Curing Oven,Curing Oven,Process,,0,20,0
SA-BRO-CL-D-CUSH,,Fabric Cutting,Fabric Cutting,Process,,0,2,54
SA-BRO-CL-D-CUSH,,Fabric Sewing,Fabric Sewing,Process,,0,13,48
SA-BRO-CL-D-CUSH,,Cushion Stuffing,Cushion Stuffing,Process,,0,4,0
SA-BRO-CL-D-CUSH,,Quality Control,Quality Control,Process,,0,8,0
SA-BRO-CL-D-FRAME,,Cold Saw Fabrication,Metal Cutting,Process,,0,6,54
SA-BRO-CL-D-FRAME,,Fabrication & Welding,FAB POD A,Process,,1,16,18
SA-BRO-CL-D-FRAME,,Sandblasting Setup,Sandblasting,Setup,,0,10,0
SA-BRO-CL-D-FRAME,,Sandblasting,Sandblasting,Process,,0,20,0
SA-BRO-CL-D-FRAME,,Powder Coating Booth,Powder Coating Booth,Process,,0,13,48
SA-BRO-CL-D-FRAME,,Curing Oven,Curing Oven,Process,,0,20,0
SA-BRO-CL-S-CUSH,,Fabric Cutting,Fabric Cutting,Process,,0,2,54
SA-BRO-CL-S-CUSH,,Fabric Sewing,Fabric Sewing,Process,,0,13,48
SA-BRO-CL-S-CUSH,,Cushion Stuffing,Cushion Stuffing,Process,,0,4,0
SA-BRO-CL-S-CUSH,,Quality Control,Quality Control,Process,,0,8,0
SA-BRO-CL-S-FRAME,,Cold Saw Fabrication,Metal Cutting,Process,,0,6,54
SA-BRO-CL-S-FRAME,,Fabrication & Welding,FAB POD A,Process,,1,16,18
SA-BRO-CL-S-FRAME,,Sandblasting Setup,Sandblasting,Setup,,0,10,0
SA-BRO-CL-S-FRAME,,Sandblasting,Sandblasting,Process,,0,20,0
SA-BRO-CL-S-FRAME,,Powder Coating Booth,Powder Coating Booth,Process,,0,13,48
SA-BRO-CL-S-FRAME,,Curing Oven,Curing Oven,Process,,0,20,0
SA-BRO-CS-72-LS-CUSH,,Fabric Cutting,Fabric Cutting,Process,,0,2,54
SA-BRO-CS-72-LS-CUSH,,Fabric Sewing,Fabric Sewing,Process,,0,13,48
SA-BRO-CS-72-LS-CUSH,,Cushion Stuffing,Cushion Stuffing,Process,,0,4,0
SA-BRO-CS-72-LS-CUSH,,Quality Control,Quality Control,Process,,0,8,0
SA-BRO-CS-72-LS-FRAME,,Cold Saw Fabrication,Metal Cutting,Process,,0,6,54
SA-BRO-CS-72-LS-FRAME,,Fabrication & Welding,FAB POD A,Process,,1,16,18
SA-BRO-CS-72-LS-FRAME,,Sandblasting Setup,Sandblasting,Setup,,0,10,0
SA-BRO-CS-72-LS-FRAME,,Sandblasting,Sandblasting,Process,,0,20,0
SA-BRO-CS-72-LS-FRAME,,Powder Coating Booth,Powder Coating Booth,Process,,0,13,48
SA-BRO-CS-72-LS-FRAME,,Curing Oven,Curing Oven,Process,,0,20,0
SA-BRO-CS-72-RS-CUSH,,Fabric Cutting,Fabric Cutting,Process,,0,2,54
SA-BRO-CS-72-RS-CUSH,,Fabric Sewing,Fabric Sewing,Process,,0,13,48
SA-BRO-CS-72-RS-CUSH,,Cushion Stuffing,Cushion Stuffing,Process,,0,4,0
SA-BRO-CS-72-RS-CUSH,,Quality Control,Quality Control,Process,,0,8,0
SA-BRO-CS-72-RS-FRAME,,Cold Saw Fabrication,Metal Cutting,Process,,0,6,54
SA-BRO-CS-72-RS-FRAME,,Fabrication & Welding,FAB POD A,Process,,1,16,18
SA-BRO-CS-72-RS-FRAME,,Sandblasting Setup,Sandblasting,Setup,,0,10,0
SA-BRO-CS-72-RS-FRAME,,Sandblasting,Sandblasting,Process,,0,20,0
SA-BRO-CS-72-RS-FRAME,,Powder Coating Booth,Powder Coating Booth,Process,,0,13,48
SA-BRO-CS-72-RS-FRAME,,Curing Oven,Curing Oven,Process,,0,20,0
SA-BRO-CS-84-LS-CUSH,,Fabric Cutting,Fabric Cutting,Process,,0,2,54
SA-BRO-CS-84-LS-CUSH,,Fabric Sewing,Fabric Sewing,Process,,0,13,48
SA-BRO-CS-84-LS-CUSH,,Cushion Stuffing,Cushion Stuffing,Process,,0,4,0
SA-BRO-CS-84-LS-CUSH,,Quality Control,Quality Control,Process,,0,8,0
SA-BRO-CS-84-LS-FRAME,,Cold Saw Fabrication,Metal Cutting,Process,,0,6,54
SA-BRO-CS-84-LS-FRAME,,Fabrication & Welding,FAB POD A,Process,,1,16,18
SA-BRO-CS-84-LS-FRAME,,Sandblasting Setup,Sandblasting,Setup,,0,10,0
SA-BRO-CS-84-LS-FRAME,,Sandblasting,Sandblasting,Process,,0,20,0
SA-BRO-CS-84-LS-FRAME,,Powder Coating Booth,Powder Coating Booth,Process,,0,13,48
SA-BRO-CS-84-LS-FRAME,,Curing Oven,Curing Oven,Process,,0,20,0
SA-BRO-CS-84-RS-CUSH,,Fabric Cutting,Fabric Cutting,Process,,0,2,54
SA-BRO-CS-84-RS-CUSH,,Fabric Sewing,Fabric Sewing,Process,,0,13,48
SA-BRO-CS-84-RS-CUSH,,Cushion Stuffing,Cushion Stuffing,Process,,0,4,0
SA-BRO-CS-84-RS-CUSH,,Quality Control,Quality Control,Process,,0,8,0
SA-BRO-CS-84-RS-FRAME,,Cold Saw Fabrication,Metal Cutting,Process,,0,6,54
SA-BRO-CS-84-RS-FRAME,,Fabrication & Welding,FAB POD A,Process,,1,16,18
SA-BRO-CS-84-RS-FRAME,,Sandblasting Setup,Sandblasting,Setup,,0,10,0
SA-BRO-CS-84-RS-FRAME,,Sandblasting,Sandblasting,Process,,0,20,0
SA-BRO-CS-84-RS-FRAME,,Powder Coating Booth,Powder Coating Booth,Process,,0,13,48
SA-BRO-CS-84-RS-FRAME,,Curing Oven,Curing Oven,Process,,0,20,0
SA-BRO-CS-96-LS-CUSH,,Fabric Cutting,Fabric Cutting,Process,,0,2,54
SA-BRO-CS-96-LS-CUSH,,Fabric Sewing,Fabric Sewing,Process,,0,13,48
SA-BRO-CS-96-LS-CUSH,,Cushion Stuffing,Cushion Stuffing,Process,,0,4,0
SA-BRO-CS-96-LS-CUSH,,Quality Control,Quality Control,Process,,0,8,0
SA-BRO-CS-96-LS-FRAME,,Cold Saw Fabrication,Metal Cutting,Process,,0,6,54
SA-BRO-CS-96-LS-FRAME,,Fabrication & Welding,FAB POD A,Process,,1,16,18
SA-BRO-CS-96-LS-FRAME,,Sandblasting Setup,Sandblasting,Setup,,0,10,0
SA-BRO-CS-96-LS-FRAME,,Sandblasting,Sandblasting,Process,,0,20,0
SA-BRO-CS-96-LS-FRAME,,Powder Coating Booth,Powder Coating Booth,Process,,0,13,48
SA-BRO-CS-96-LS-FRAME,,Curing Oven,Curing Oven,Process,,0,20,0
SA-BRO-CS-96-RS-CUSH,,Fabric Cutting,Fabric Cutting,Process,,0,2,54
SA-BRO-CS-96-RS-CUSH,,Fabric Sewing,Fabric Sewing,Process,,0,13,48
SA-BRO-CS-96-RS-CUSH,,Cushion Stuffing,Cushion Stuffing,Process,,0,4,0
SA-BRO-CS-96-RS-CUSH,,Quality Control,Quality Control,Process,,0,8,0
SA-BRO-CS-96-RS-FRAME,,Cold Saw Fabrication,Metal Cutting,Process,,0,6,54
SA-BRO-CS-96-RS-FRAME,,Fabrication & Welding,FAB POD A,Process,,1,16,18
SA-BRO-CS-96-RS-FRAME,,Sandblasting Setup,Sandblasting,Setup,,0,10,0
SA-BRO-CS-96-RS-FRAME,,Sandblasting,Sandblasting,Process,,0,20,0
SA-BRO-CS-96-RS-FRAME,,Powder Coating Booth,Powder Coating Booth,Process,,0,13,48
SA-BRO-CS-96-RS-FRAME,,Curing Oven,Curing Oven,Process,,0,20,0
SA-BRO-L-CUSH,,Fabric Cutting,Fabric Cutting,Process,,0,2,54
SA-BRO-L-CUSH,,Fabric Sewing,Fabric Sewing,Process,,0,13,48
SA-BRO-L-CUSH,,Cushion Stuffing,Cushion Stuffing,Process,,0,4,0
SA-BRO-L-CUSH,,Quality Control,Quality Control,Process,,0,8,0
SA-BRO-L-FRAME,,Cold Saw Fabrication,Metal Cutting,Process,,0,6,54
SA-BRO-L-FRAME,,Fabrication & Welding,FAB POD A,Process,,1,16,18
SA-BRO-L-FRAME,,Sandblasting Setup,Sandblasting,Setup,,0,10,0
SA-BRO-L-FRAME,,Sandblasting,Sandblasting,Process,,0,20,0
SA-BRO-L-FRAME,,Powder Coating Booth,Powder Coating Booth,Process,,0,13,48
SA-BRO-L-FRAME,,Curing Oven,Curing Oven,Process,,0,20,0
SA-BRO-S-72-CUSH,,Fabric Cutting,Fabric Cutting,Process,,0,2,54
SA-BRO-S-72-CUSH,,Fabric Sewing,Fabric Sewing,Process,,0,13,48
SA-BRO-S-72-CUSH,,Cushion Stuffing,Cushion Stuffing,Process,,0,4,0
SA-BRO-S-72-CUSH,,Quality Control,Quality Control,Process,,0,8,0
SA-BRO-S-72-FRAME,,Cold Saw Fabrication,Metal Cutting,Process,,0,6,54
SA-BRO-S-72-FRAME,,Fabrication & Welding,FAB POD A,Process,,1,16,18
SA-BRO-S-72-FRAME,,Sandblasting Setup,Sandblasting,Setup,,0,10,0
SA-BRO-S-72-FRAME,,Sandblasting,Sandblasting,Process,,0,20,0
SA-BRO-S-72-FRAME,,Powder Coating Booth,Powder Coating Booth,Process,,0,13,48
SA-BRO-S-72-FRAME,,Curing Oven,Curing Oven,Process,,0,20,0
SA-BRO-S-84-CUSH,,Fabric Cutting,Fabric Cutting,Process,,0,2,54
SA-BRO-S-84-CUSH,,Fabric Sewing,Fabric Sewing,Process,,0,13,48
SA-BRO-S-84-CUSH,,Cushion Stuffing,Cushion Stuffing,Process,,0,4,0
SA-BRO-S-84-CUSH,,Quality Control,Quality Control,Process,,0,8,0
SA-BRO-S-84-FRAME,,Cold Saw Fabrication,Metal Cutting,Process,,0,6,54
SA-BRO-S-84-FRAME,,Fabrication & Welding,FAB POD A,Process,,1,16,18
SA-BRO-S-84-FRAME,,Sandblasting Setup,Sandblasting,Setup,,0,10,0
SA-BRO-S-84-FRAME,,Sandblasting,Sandblasting,Process,,0,20,0
SA-BRO-S-84-FRAME,,Powder Coating Booth,Powder Coating Booth,Process,,0,13,48
SA-BRO-S-84-FRAME,,Curing Oven,Curing Oven,Process,,0,20,0
SA-BRO-S-96-CUSH,,Fabric Cutting,Fabric Cutting,Process,,0,2,54
SA-BRO-S-96-CUSH,,Fabric Sewing,Fabric Sewing,Process,,0,13,48
SA-BRO-S-96-CUSH,,Cushion Stuffing,Cushion Stuffing,Process,,0,4,0
SA-BRO-S-96-CUSH,,Quality Control,Quality Control,Process,,0,8,0
SA-BRO-S-96-FRAME,,Cold Saw Fabrication,Metal Cutting,Process,,0,6,54
SA-BRO-S-96-FRAME,,Fabrication & Welding,FAB POD A,Process,,1,16,18
SA-BRO-S-96-FRAME,,Sandblasting Setup,Sandblasting,Setup,,0,10,0
SA-BRO-S-96-FRAME,,Sandblasting,Sandblasting,Process,,0,20,0
SA-BRO-S-96-FRAME,,Powder Coating Booth,Powder Coating Booth,Process,,0,13,48
SA-BRO-S-96-FRAME,,Curing Oven,Curing Oven,Process,,0,20,0
SA-BRO-TC-D-CUSH,,Fabric Cutting,Fabric Cutting,Process,,0,2,54
SA-BRO-TC-D-CUSH,,Fabric Sewing,Fabric Sewing,Process,,0,13,48
SA-BRO-TC-D-CUSH,,Cushion Stuffing,Cushion Stuffing,Process,,0,4,0
SA-BRO-TC-D-CUSH,,Quality Control,Quality Control,Process,,0,8,0
SA-BRO-TC-D-FRAME,,Cold Saw Fabrication,Metal Cutting,Process,,0,6,54
SA-BRO-TC-D-FRAME,,Fabrication & Welding,FAB POD A,Process,,1,16,18
SA-BRO-TC-D-FRAME,,Sandblasting Setup,Sandblasting,Setup,,0,10,0
SA-BRO-TC-D-FRAME,,Sandblasting,Sandblasting,Process,,0,20,0
SA-BRO-TC-D-FRAME,,Powder Coating Booth,Powder Coating Booth,Process,,0,13,48
SA-BRO-TC-D-FRAME,,Curing Oven,Curing Oven,Process,,0,20,0
SA-BRO-TC-S-CUSH,,Fabric Cutting,Fabric Cutting,Process,,0,2,54
SA-BRO-TC-S-CUSH,,Fabric Sewing,Fabric Sewing,Process,,0,13,48
SA-BRO-TC-S-CUSH,,Cushion Stuffing,Cushion Stuffing,Process,,0,4,0
SA-BRO-TC-S-CUSH,,Quality Control,Quality Control,Process,,0,8,0
SA-BRO-TC-S-FRAME,,Cold Saw Fabrication,Metal Cutting,Process,,0,6,54
SA-BRO-TC-S-FRAME,,Fabrication & Welding,FAB POD A,Process,,1,16,18
SA-BRO-TC-S-FRAME,,Sandblasting Setup,Sandblasting,Setup,,0,10,0
SA-BRO-TC-S-FRAME,,Sandblasting,Sandblasting,Process,,0,20,0
SA-BRO-TC-S-FRAME,,Powder Coating Booth,Powder Coating Booth,Process,,0,13,48
SA-BRO-TC-S-FRAME,,Curing Oven,Curing Oven,Process,,0,20,0
SA-BRV-CLB-CHA-34X34-CUSH,,Fabric Cutting,Fabric Cutting,Process,,0,2,54
SA-BRV-CLB-CHA-34X34-CUSH,,Fabric Sewing,Fabric Sewing,Process,,0,13,48
SA-BRV-CLB-CHA-34X34-CUSH,,Cushion Stuffing,Cushion Stuffing,Process,,0,4,0
SA-BRV-CLB-CHA-34X34-CUSH,,Quality Control,Quality Control,Process,,0,8,0
SA-DAI-TAB-72X42-FRAME,,Cold Saw Fabrication,Metal Cutting,Process,,0,6,54
SA-DAI-TAB-72X42-FRAME,,Fabrication & Welding,FAB POD A,Process,,1,16,18
SA-DAI-TAB-72X42-FRAME,,Sandblasting Setup,Sandblasting,Setup,,0,10,0
SA-DAI-TAB-72X42-FRAME,,Sandblasting,Sandblasting,Process,,0,20,0
SA-DAI-TAB-72X42-FRAME,,Powder Coating Booth,Powder Coating Booth,Process,,0,13,48
SA-DAI-TAB-72X42-FRAME,,Curing Oven,Curing Oven,Process,,0,20,0
SA-OCE-CC-CUSH,,Fabric Cutting,Fabric Cutting,Process,,0,2,54
SA-OCE-CC-CUSH,,Fabric Sewing,Fabric Sewing,Process,,0,13,48
SA-OCE-CC-CUSH,,Cushion Stuffing,Cushion Stuffing,Process,,0,4,0
SA-OCE-CC-CUSH,,Quality Control,Quality Control,Process,,0,8,0
SA-OCE-CC-FRAME,,Cold Saw Fabrication,Metal Cutting,Process,,0,6,54
SA-OCE-CC-FRAME,,Fabrication & Welding,FAB POD A,Process,,1,16,18
SA-OCE-CC-FRAME,,Sandblasting Setup,Sandblasting,Setup,,0,10,0
SA-OCE-CC-FRAME,,Sandblasting,Sandblasting,Process,,0,20,0
SA-OCE-CC-FRAME,,Powder Coating Booth,Powder Coating Booth,Process,,0,13,48
SA-OCE-CC-FRAME,,Curing Oven,Curing Oven,Process,,0,20,0
SA-OCE-CT-36X36-FRAME,,Cold Saw Fabrication,Metal Cutting,Process,,0,6,54
SA-OCE-CT-36X36-FRAME,,Fabrication & Welding,FAB POD A,Process,,1,16,18
SA-OCE-CT-36X36-FRAME,,Sandblasting Setup,Sandblasting,Setup,,0,10,0
SA-OCE-CT-36X36-FRAME,,Sandblasting,Sandblasting,Process,,0,20,0
SA-OCE-CT-36X36-FRAME,,Powder Coating Booth,Powder Coating Booth,Process,,0,13,48
SA-OCE-CT-36X36-FRAME,,Curing Oven,Curing Oven,Process,,0,20,0
SA-OCE-CT-42X28-FRAME,,Cold Saw Fabrication,Metal Cutting,Process,,0,6,54
SA-OCE-CT-42X28-FRAME,,Fabrication & Welding,FAB POD A,Process,,1,16,18
SA-OCE-CT-42X28-FRAME,,Sandblasting Setup,Sandblasting,Setup,,0,10,0
SA-OCE-CT-42X28-FRAME,,Sandblasting,Sandblasting,Process,,0,20,0
SA-OCE-CT-42X28-FRAME,,Powder Coating Booth,Powder Coating Booth,Process,,0,13,48
SA-OCE-CT-42X28-FRAME,,Curing Oven,Curing Oven,Process,,0,20,0
SA-OCE-CT-42X42-FRAME,,Cold Saw Fabrication,Metal Cutting,Process,,0,6,54
SA-OCE-CT-42X42-FRAME,,Fabrication & Welding,FAB POD A,Process,,1,16,18
SA-OCE-CT-42X42-FRAME,,Sandblasting Setup,Sandblasting,Setup,,0,10,0
SA-OCE-CT-42X42-FRAME,,Sandblasting,Sandblasting,Process,,0,20,0
SA-OCE-CT-42X42-FRAME,,Powder Coating Booth,Powder Coating Booth,Process,,0,13,48
SA-OCE-CT-42X42-FRAME,,Curing Oven,Curing Oven,Process,,0,20,0
SA-OCE-CT-56X28-FRAME,,Cold Saw Fabrication,Metal Cutting,Process,,0,6,54
SA-OCE-CT-56X28-FRAME,,Fabrication & Welding,FAB POD A,Process,,1,16,18
SA-OCE-CT-56X28-FRAME,,Sandblasting Setup,Sandblasting,Setup,,0,10,0
SA-OCE-CT-56X28-FRAME,,Sandblasting,Sandblasting,Process,,0,20,0
SA-OCE-CT-56X28-FRAME,,Powder Coating Booth,Powder Coating Booth,Process,,0,13,48
SA-OCE-CT-56X28-FRAME,,Curing Oven,Curing Oven,Process,,0,20,0
SA-OCE-CT-56X36-FRAME,,Cold Saw Fabrication,Metal Cutting,Process,,0,6,54
SA-OCE-CT-56X36-FRAME,,Fabrication & Welding,FAB POD A,Process,,1,16,18
SA-OCE-CT-56X36-FRAME,,Sandblasting Setup,Sandblasting,Setup,,0,10,0
SA-OCE-CT-56X36-FRAME,,Sandblasting,Sandblasting,Process,,0,20,0
SA-OCE-CT-56X36-FRAME,,Powder Coating Booth,Powder Coating Booth,Process,,0,13,48
SA-OCE-CT-56X36-FRAME,,Curing Oven,Curing Oven,Process,,0,20,0
SA-OCE-CT-56X42-FRAME,,Cold Saw Fabrication,Metal Cutting,Process,,0,6,54
SA-OCE-CT-56X42-FRAME,,Fabrication & Welding,FAB POD A,Process,,1,16,18
SA-OCE-CT-56X42-FRAME,,Sandblasting Setup,Sandblasting,Setup,,0,10,0
SA-OCE-CT-56X42-FRAME,,Sandblasting,Sandblasting,Process,,0,20,0
SA-OCE-CT-56X42-FRAME,,Powder Coating Booth,Powder Coating Booth,Process,,0,13,48
SA-OCE-CT-56X42-FRAME,,Curing Oven,Curing Oven,Process,,0,20,0
SA-OCE-CT-56X56-FRAME,,Cold Saw Fabrication,Metal Cutting,Process,,0,6,54
SA-OCE-CT-56X56-FRAME,,Fabrication & Welding,FAB POD A,Process,,1,16,18
SA-OCE-CT-56X56-FRAME,,Sandblasting Setup,Sandblasting,Setup,,0,10,0
SA-OCE-CT-56X56-FRAME,,Sandblasting,Sandblasting,Process,,0,20,0
SA-OCE-CT-56X56-FRAME,,Powder Coating Booth,Powder Coating Booth,Process,,0,13,48
SA-OCE-CT-56X56-FRAME,,Curing Oven,Curing Oven,Process,,0,20,0
SA-OCE-CT-72X36-FRAME,,Cold Saw Fabrication,Metal Cutting,Process,,0,6,54
SA-OCE-CT-72X36-FRAME,,Fabrication & Welding,FAB POD A,Process,,1,16,18
SA-OCE-CT-72X36-FRAME,,Sandblasting Setup,Sandblasting,Setup,,0,10,0
SA-OCE-CT-72X36-FRAME,,Sandblasting,Sandblasting,Process,,0,20,0
SA-OCE-CT-72X36-FRAME,,Powder Coating Booth,Powder Coating Booth,Process,,0,13,48
SA-OCE-CT-72X36-FRAME,,Curing Oven,Curing Oven,Process,,0,20,0
SA-OCE-CT-72X42-FRAME,,Cold Saw Fabrication,Metal Cutting,Process,,0,6,54
SA-OCE-CT-72X42-FRAME,,Fabrication & Welding,FAB POD A,Process,,1,16,18
SA-OCE-CT-72X42-FRAME,,Sandblasting Setup,Sandblasting,Setup,,0,10,0
SA-OCE-CT-72X42-FRAME,,Sandblasting,Sandblasting,Process,,0,20,0
SA-OCE-CT-72X42-FRAME,,Powder Coating Booth,Powder Coating Booth,Process,,0,13,48
SA-OCE-CT-72X42-FRAME,,Curing Oven,Curing Oven,Process,,0,20,0
SA-OCE-CT-72X56-FRAME,,Cold Saw Fabrication,Metal Cutting,Process,,0,6,54
SA-OCE-CT-72X56-FRAME,,Fabrication & Welding,FAB POD A,Process,,1,16,18
SA-OCE-CT-72X56-FRAME,,Sandblasting Setup,Sandblasting,Setup,,0,10,0
SA-OCE-CT-72X56-FRAME,,Sandblasting,Sandblasting,Process,,0,20,0
SA-OCE-CT-72X56-FRAME,,Powder Coating Booth,Powder Coating Booth,Process,,0,13,48
SA-OCE-CT-72X56-FRAME,,Curing Oven,Curing Oven,Process,,0,20,0
SA-OCE-DCL-CUSH,,Fabric Cutting,Fabric Cutting,Process,,0,2,54
SA-OCE-DCL-CUSH,,Fabric Sewing,Fabric Sewing,Process,,0,13,48
SA-OCE-DCL-CUSH,,Cushion Stuffing,Cushion Stuffing,Process,,0,4,0
SA-OCE-DCL-CUSH,,Quality Control,Quality Control,Process,,0,8,0
SA-OCE-DCL-FRAME,,Cold Saw Fabrication,Metal Cutting,Process,,0,6,54
SA-OCE-DCL-FRAME,,Fabrication & Welding,FAB POD A,Process,,1,16,18
SA-OCE-DCL-FRAME,,Sandblasting Setup,Sandblasting,Setup,,0,10,0
SA-OCE-DCL-FRAME,,Sandblasting,Sandblasting,Process,,0,20,0
SA-OCE-DCL-FRAME,,Powder Coating Booth,Powder Coating Booth,Process,,0,13,48
SA-OCE-DCL-FRAME,,Curing Oven,Curing Oven,Process,,0,20,0
SA-OCE-L-CUSH,,Fabric Cutting,Fabric Cutting,Process,,0,2,54
SA-OCE-L-CUSH,,Fabric Sewing,Fabric Sewing,Process,,0,13,48
SA-OCE-L-CUSH,,Cushion Stuffing,Cushion Stuffing,Process,,0,4,0
SA-OCE-L-CUSH,,Quality Control,Quality Control,Process,,0,8,0
SA-OCE-L-FRAME,,Cold Saw Fabrication,Metal Cutting,Process,,0,6,54
SA-OCE-L-FRAME,,Fabrication & Welding,FAB POD A,Process,,1,16,18
SA-OCE-L-FRAME,,Sandblasting Setup,Sandblasting,Setup,,0,10,0
SA-OCE-L-FRAME,,Sandblasting,Sandblasting,Process,,0,20,0
SA-OCE-L-FRAME,,Powder Coating Booth,Powder Coating Booth,Process,,0,13,48
SA-OCE-L-FRAME,,Curing Oven,Curing Oven,Process,,0,20,0
SA-OCE-ML-CUSH,,Fabric Cutting,Fabric Cutting,Process,,0,2,54
SA-OCE-ML-CUSH,,Fabric Sewing,Fabric Sewing,Process,,0,13,48
SA-OCE-ML-CUSH,,Cushion Stuffing,Cushion Stuffing,Process,,0,4,0
SA-OCE-ML-CUSH,,Quality Control,Quality Control,Process,,0,8,0
SA-OCE-ML-FRAME,,Cold Saw Fabrication,Metal Cutting,Process,,0,6,54
SA-OCE-ML-FRAME,,Fabrication & Welding,FAB POD A,Process,,1,16,18
SA-OCE-ML-FRAME,,Sandblasting Setup,Sandblasting,Setup,,0,10,0
SA-OCE-ML-FRAME,,Sandblasting,Sandblasting,Process,,0,20,0
SA-OCE-ML-FRAME,,Powder Coating Booth,Powder Coating Booth,Process,,0,13,48
SA-OCE-ML-FRAME,,Curing Oven,Curing Oven,Process,,0,20,0
SA-OCE-O-30X22-CUSH,,Fabric Cutting,Fabric Cutting,Process,,0,2,54
SA-OCE-O-30X22-CUSH,,Fabric Sewing,Fabric Sewing,Process,,0,13,48
SA-OCE-O-30X22-CUSH,,Cushion Stuffing,Cushion Stuffing,Process,,0,4,0
SA-OCE-O-30X22-CUSH,,Quality Control,Quality Control,Process,,0,8,0
SA-OCE-O-30X22-FRAME,,Cold Saw Fabrication,Metal Cutting,Process,,0,6,54
SA-OCE-O-30X22-FRAME,,Fabrication & Welding,FAB POD A,Process,,1,16,18
SA-OCE-O-30X22-FRAME,,Sandblasting Setup,Sandblasting,Setup,,0,10,0
SA-OCE-O-30X22-FRAME,,Sandblasting,Sandblasting,Process,,0,20,0
SA-OCE-O-30X22-FRAME,,Powder Coating Booth,Powder Coating Booth,Process,,0,13,48
SA-OCE-O-30X22-FRAME,,Curing Oven,Curing Oven,Process,,0,20,0
SA-OCE-O-42X22-CUSH,,Fabric Cutting,Fabric Cutting,Process,,0,2,54
SA-OCE-O-42X22-CUSH,,Fabric Sewing,Fabric Sewing,Process,,0,13,48
SA-OCE-O-42X22-CUSH,,Cushion Stuffing,Cushion Stuffing,Process,,0,4,0
SA-OCE-O-42X22-CUSH,,Quality Control,Quality Control,Process,,0,8,0
SA-OCE-O-42X22-FRAME,,Cold Saw Fabrication,Metal Cutting,Process,,0,6,54
SA-OCE-O-42X22-FRAME,,Fabrication & Welding,FAB POD A,Process,,1,16,18
SA-OCE-O-42X22-FRAME,,Sandblasting Setup,Sandblasting,Setup,,0,10,0
SA-OCE-O-42X22-FRAME,,Sandblasting,Sandblasting,Process,,0,20,0
SA-OCE-O-42X22-FRAME,,Powder Coating Booth,Powder Coating Booth,Process,,0,13,48
SA-OCE-O-42X22-FRAME,,Curing Oven,Curing Oven,Process,,0,20,0
SA-OCE-O-60X22-CUSH,,Fabric Cutting,Fabric Cutting,Process,,0,2,54
SA-OCE-O-60X22-CUSH,,Fabric Sewing,Fabric Sewing,Process,,0,13,48
SA-OCE-O-60X22-CUSH,,Cushion Stuffing,Cushion Stuffing,Process,,0,4,0
SA-OCE-O-60X22-CUSH,,Quality Control,Quality Control,Process,,0,8,0
SA-OCE-O-60X22-FRAME,,Cold Saw Fabrication,Metal Cutting,Process,,0,6,54
SA-OCE-O-60X22-FRAME,,Fabrication & Welding,FAB POD A,Process,,1,16,18
SA-OCE-O-60X22-FRAME,,Sandblasting Setup,Sandblasting,Setup,,0,10,0
SA-OCE-O-60X22-FRAME,,Sandblasting,Sandblasting,Process,,0,20,0
SA-OCE-O-60X22-FRAME,,Powder Coating Booth,Powder Coating Booth,Process,,0,13,48
SA-OCE-O-60X22-FRAME,,Curing Oven,Curing Oven,Process,,0,20,0
SA-OCE-O-72X22-CUSH,,Fabric Cutting,Fabric Cutting,Process,,0,2,54
SA-OCE-O-72X22-CUSH,,Fabric Sewing,Fabric Sewing,Process,,0,13,48
SA-OCE-O-72X22-CUSH,,Cushion Stuffing,Cushion Stuffing,Process,,0,4,0
SA-OCE-O-72X22-CUSH,,Quality Control,Quality Control,Process,,0,8,0
SA-OCE-O-72X22-FRAME,,Cold Saw Fabrication,Metal Cutting,Process,,0,6,54
SA-OCE-O-72X22-FRAME,,Fabrication & Welding,FAB POD A,Process,,1,16,18
SA-OCE-O-72X22-FRAME,,Sandblasting Setup,Sandblasting,Setup,,0,10,0
SA-OCE-O-72X22-FRAME,,Sandblasting,Sandblasting,Process,,0,20,0
SA-OCE-O-72X22-FRAME,,Powder Coating Booth,Powder Coating Booth,Process,,0,13,48
SA-OCE-O-72X22-FRAME,,Curing Oven,Curing Oven,Process,,0,20,0
SA-OCE-RST-36-FRAME,,Cold Saw Fabrication,Metal Cutting,Process,,0,6,54
SA-OCE-RST-36-FRAME,,Fabrication & Welding,FAB POD A,Process,,1,16,18
SA-OCE-RST-36-FRAME,,Sandblasting Setup,Sandblasting,Setup,,0,10,0
SA-OCE-RST-36-FRAME,,Sandblasting,Sandblasting,Process,,0,20,0
SA-OCE-RST-36-FRAME,,Powder Coating Booth,Powder Coating Booth,Process,,0,13,48
SA-OCE-RST-36-FRAME,,Curing Oven,Curing Oven,Process,,0,20,0
SA-OCE-RST-42-FRAME,,Cold Saw Fabrication,Metal Cutting,Process,,0,6,54
SA-OCE-RST-42-FRAME,,Fabrication & Welding,FAB POD A,Process,,1,16,18
SA-OCE-RST-42-FRAME,,Sandblasting Setup,Sandblasting,Setup,,0,10,0
SA-OCE-RST-42-FRAME,,Sandblasting,Sandblasting,Process,,0,20,0
SA-OCE-RST-42-FRAME,,Powder Coating Booth,Powder Coating Booth,Process,,0,13,48
SA-OCE-RST-42-FRAME,,Curing Oven,Curing Oven,Process,,0,20,0
SA-OCE-S-72-CUSH,,Fabric Cutting,Fabric Cutting,Process,,0,2,54
SA-OCE-S-72-CUSH,,Fabric Sewing,Fabric Sewing,Process,,0,13,48
SA-OCE-S-72-CUSH,,Cushion Stuffing,Cushion Stuffing,Process,,0,4,0
SA-OCE-S-72-CUSH,,Quality Control,Quality Control,Process,,0,8,0
SA-OCE-S-72-FRAME,,Cold Saw Fabrication,Metal Cutting,Process,,0,6,54
SA-OCE-S-72-FRAME,,Fabrication & Welding,FAB POD A,Process,,1,16,18
SA-OCE-S-72-FRAME,,Sandblasting Setup,Sandblasting,Setup,,0,10,0
SA-OCE-S-72-FRAME,,Sandblasting,Sandblasting,Process,,0,20,0
SA-OCE-S-72-FRAME,,Powder Coating Booth,Powder Coating Booth,Process,,0,13,48
SA-OCE-S-72-FRAME,,Curing Oven,Curing Oven,Process,,0,20,0
SA-OCE-S-84-CUSH,,Fabric Cutting,Fabric Cutting,Process,,0,2,54
SA-OCE-S-84-CUSH,,Fabric Sewing,Fabric Sewing,Process,,0,13,48
SA-OCE-S-84-CUSH,,Cushion Stuffing,Cushion Stuffing,Process,,0,4,0
SA-OCE-S-84-CUSH,,Quality Control,Quality Control,Process,,0,8,0
SA-OCE-S-84-FRAME,,Cold Saw Fabrication,Metal Cutting,Process,,0,6,54
SA-OCE-S-84-FRAME,,Fabrication & Welding,FAB POD A,Process,,1,16,18
SA-OCE-S-84-FRAME,,Sandblasting Setup,Sandblasting,Setup,,0,10,0
SA-OCE-S-84-FRAME,,Sandblasting,Sandblasting,Process,,0,20,0
SA-OCE-S-84-FRAME,,Powder Coating Booth,Powder Coating Booth,Process,,0,13,48
SA-OCE-S-84-FRAME,,Curing Oven,Curing Oven,Process,,0,20,0
SA-OCE-S-96-CUSH,,Fabric Cutting,Fabric Cutting,Process,,0,2,54
SA-OCE-S-96-CUSH,,Fabric Sewing,Fabric Sewing,Process,,0,13,48
SA-OCE-S-96-CUSH,,Cushion Stuffing,Cushion Stuffing,Process,,0,4,0
SA-OCE-S-96-CUSH,,Quality Control,Quality Control,Process,,0,8,0
SA-OCE-S-96-FRAME,,Cold Saw Fabrication,Metal Cutting,Process,,0,6,54
SA-OCE-S-96-FRAME,,Fabrication & Welding,FAB POD A,Process,,1,16,18
SA-OCE-S-96-FRAME,,Sandblasting Setup,Sandblasting,Setup,,0,10,0
SA-OCE-S-96-FRAME,,Sandblasting,Sandblasting,Process,,0,20,0
SA-OCE-S-96-FRAME,,Powder Coating Booth,Powder Coating Booth,Process,,0,13,48
SA-OCE-S-96-FRAME,,Curing Oven,Curing Oven,Process,,0,20,0
SA-OCE-SC-CUSH,,Fabric Cutting,Fabric Cutting,Process,,0,2,54
SA-OCE-SC-CUSH,,Fabric Sewing,Fabric Sewing,Process,,0,13,48
SA-OCE-SC-CUSH,,Cushion Stuffing,Cushion Stuffing,Process,,0,4,0
SA-OCE-SC-CUSH,,Quality Control,Quality Control,Process,,0,8,0
SA-OCE-SC-FRAME,,Cold Saw Fabrication,Metal Cutting,Process,,0,6,54
SA-OCE-SC-FRAME,,Fabrication & Welding,FAB POD A,Process,,1,16,18
SA-OCE-SC-FRAME,,Sandblasting Setup,Sandblasting,Setup,,0,10,0
SA-OCE-SC-FRAME,,Sandblasting,Sandblasting,Process,,0,20,0
SA-OCE-SC-FRAME,,Powder Coating Booth,Powder Coating Booth,Process,,0,13,48
SA-OCE-SC-FRAME,,Curing Oven,Curing Oven,Process,,0,20,0
SA-OCE-SCL-CUSH,,Fabric Cutting,Fabric Cutting,Process,,0,2,54
SA-OCE-SCL-CUSH,,Fabric Sewing,Fabric Sewing,Process,,0,13,48
SA-OCE-SCL-CUSH,,Cushion Stuffing,Cushion Stuffing,Process,,0,4,0
SA-OCE-SCL-CUSH,,Quality Control,Quality Control,Process,,0,8,0
SA-OCE-SCL-FRAME,,Cold Saw Fabrication,Metal Cutting,Process,,0,6,54
SA-OCE-SCL-FRAME,,Fabrication & Welding,FAB POD A,Process,,1,16,18
SA-OCE-SCL-FRAME,,Sandblasting Setup,Sandblasting,Setup,,0,10,0
SA-OCE-SCL-FRAME,,Sandblasting,Sandblasting,Process,,0,20,0
SA-OCE-SCL-FRAME,,Powder Coating Booth,Powder Coating Booth,Process,,0,13,48
SA-OCE-SCL-FRAME,,Curing Oven,Curing Oven,Process,,0,20,0
SA-OCE-ST-20X20-FRAME,,Cold Saw Fabrication,Metal Cutting,Process,,0,6,54
SA-OCE-ST-20X20-FRAME,,Fabrication & Welding,FAB POD A,Process,,1,16,18
SA-OCE-ST-20X20-FRAME,,Sandblasting Setup,Sandblasting,Setup,,0,10,0
SA-OCE-ST-20X20-FRAME,,Sandblasting,Sandblasting,Process,,0,20,0
SA-OCE-ST-20X20-FRAME,,Powder Coating Booth,Powder Coating Booth,Process,,0,13,48
SA-OCE-ST-20X20-FRAME,,Curing Oven,Curing Oven,Process,,0,20,0
SA-OCN-MIN-LOV-CUSH,,Fabric Cutting,Fabric Cutting,Process,,0,2,54
SA-OCN-MIN-LOV-CUSH,,Fabric Sewing,Fabric Sewing,Process,,0,13,48
SA-OCN-MIN-LOV-CUSH,,Cushion Stuffing,Cushion Stuffing,Process,,0,4,0
SA-OCN-MIN-LOV-CUSH,,Quality Control,Quality Control,Process,,0,8,0
SA-OCN-MIN-LOV-FRAME,,Cold Saw Fabrication,Metal Cutting,Process,,0,6,54
SA-OCN-MIN-LOV-FRAME,,Fabrication & Welding,FAB POD A,Process,,1,16,18
SA-OCN-MIN-LOV-FRAME,,Sandblasting Setup,Sandblasting,Setup,,0,10,0
SA-OCN-MIN-LOV-FRAME,,Sandblasting,Sandblasting,Process,,0,20,0
SA-OCN-MIN-LOV-FRAME,,Powder Coating Booth,Powder Coating Booth,Process,,0,13,48
SA-OCN-MIN-LOV-FRAME,,Curing Oven,Curing Oven,Process,,0,20,0
