parent_sku,family,width,depth,height,arm_count,leg_count,dim_source,ingredient_sku,quantity,role,status
"ASM-BRK-BAR-TAB-120X28-FRAME","table","120","28","30","0","4","120X28","RM-MET-2X2-TUBING","62.28","2x2","export"
"ASM-BRK-BAR-TAB-120X28-FRAME","table","120","28","30","0","4","120X28","RM-PWD-GENERIC","4.9824","powder","export"
"ASM-BRK-BAR-TAB-120X28-FRAME","table","120","28","30","0","4","120X28","RM-HRD-2X2-METAL-CAP","4","cap","export"
"ASM-BRK-BAR-TAB-120X36-FRAME","table","120","36","30","0","4","120X36","RM-MET-2X2-TUBING","65.16","2x2","export"
"ASM-BRK-BAR-TAB-120X36-FRAME","table","120","36","30","0","4","120X36","RM-PWD-GENERIC","5.2128","powder","export"
"ASM-BRK-BAR-TAB-120X36-FRAME","table","120","36","30","0","4","120X36","RM-HRD-2X2-METAL-CAP","4","cap","export"
"ASM-BRK-BAR-TAB-28X120-FRAME","table","28","120","30","0","4","28X120","RM-MET-2X2-TUBING","62.28","2x2","export"
"ASM-BRK-BAR-TAB-28X120-FRAME","table","28","120","30","0","4","28X120","RM-PWD-GENERIC","4.9824","powder","export"
"ASM-BRK-BAR-TAB-28X120-FRAME","table","28","120","30","0","4","28X120","RM-HRD-2X2-METAL-CAP","4","cap","export"
"ASM-BRK-BAR-TAB-28X72-FRAME","table","28","72","30","0","4","28X72","RM-MET-2X2-TUBING","45","2x2","export"
"ASM-BRK-BAR-TAB-28X72-FRAME","table","28","72","30","0","4","28X72","RM-PWD-GENERIC","3.6","powder","export"
"ASM-BRK-BAR-TAB-28X72-FRAME","table","28","72","30","0","4","28X72","RM-HRD-2X2-METAL-CAP","4","cap","export"
"ASM-BRK-BAR-TAB-28X96-FRAME","table","28","96","30","0","4","28X96","RM-MET-2X2-TUBING","53.64","2x2","export"
"ASM-BRK-BAR-TAB-28X96-FRAME","table","28","96","30","0","4","28X96","RM-PWD-GENERIC","4.2912","powder","export"
"ASM-BRK-BAR-TAB-28X96-FRAME","table","28","96","30","0","4","28X96","RM-HRD-2X2-METAL-CAP","4","cap","export"
"ASM-BRK-BAR-TAB-36X120-FRAME","table","36","120","30","0","4","36X120","RM-MET-2X2-TUBING","65.16","2x2","export"
"ASM-BRK-BAR-TAB-36X120-FRAME","table","36","120","30","0","4","36X120","RM-PWD-GENERIC","5.2128","powder","export"
"ASM-BRK-BAR-TAB-36X120-FRAME","table","36","120","30","0","4","36X120","RM-HRD-2X2-METAL-CAP","4","cap","export"
"ASM-BRK-BAR-TAB-36X36-FRAME","table","36","36","30","0","4","36X36","RM-MET-2X2-TUBING","34.92","2x2","export"
"ASM-BRK-BAR-TAB-36X36-FRAME","table","36","36","30","0","4","36X36","RM-PWD-GENERIC","2.7936","powder","export"
"ASM-BRK-BAR-TAB-36X36-FRAME","table","36","36","30","0","4","36X36","RM-HRD-2X2-METAL-CAP","4","cap","export"
"ASM-BRK-BAR-TAB-36X72-FRAME","table","36","72","30","0","4","36X72","RM-MET-2X2-TUBING","47.88","2x2","export"
"ASM-BRK-BAR-TAB-36X72-FRAME","table","36","72","30","0","4","36X72","RM-PWD-GENERIC","3.8304","powder","export"
"ASM-BRK-BAR-TAB-36X72-FRAME","table","36","72","30","0","4","36X72","RM-HRD-2X2-METAL-CAP","4","cap","export"
"ASM-BRK-BAR-TAB-36X96-FRAME","table","36","96","30","0","4","36X96","RM-MET-2X2-TUBING","56.52","2x2","export"
"ASM-BRK-BAR-TAB-36X96-FRAME","table","36","96","30","0","4","36X96","RM-PWD-GENERIC","4.5216","powder","export"
"ASM-BRK-BAR-TAB-36X96-FRAME","table","36","96","30","0","4","36X96","RM-HRD-2X2-METAL-CAP","4","cap","export"
"ASM-BRK-BAR-TAB-42X42-FRAME","table","42","42","30","0","4","42X42","RM-MET-2X2-TUBING","39.24","2x2","export"
"ASM-BRK-BAR-TAB-42X42-FRAME","table","42","42","30","0","4","42X42","RM-PWD-GENERIC","3.1392","powder","export"
"ASM-BRK-BAR-TAB-42X42-FRAME","table","42","42","30","0","4","42X42","RM-HRD-2X2-METAL-CAP","4","cap","export"
"ASM-BRK-BAR-TAB-72X28-FRAME","table","72","28","30","0","4","72X28","RM-MET-2X2-TUBING","45","2x2","export"
"ASM-BRK-BAR-TAB-72X28-FRAME","table","72","28","30","0","4","72X28","RM-PWD-GENERIC","3.6","powder","export"
"ASM-BRK-BAR-TAB-72X28-FRAME","table","72","28","30","0","4","72X28","RM-HRD-2X2-METAL-CAP","4","cap","export"
"ASM-BRK-BAR-TAB-72X36-FRAME","table","72","36","30","0","4","72X36","RM-MET-2X2-TUBING","47.88","2x2","export"
"ASM-BRK-BAR-TAB-72X36-FRAME","table","72","36","30","0","4","72X36","RM-PWD-GENERIC","3.8304","powder","export"
"ASM-BRK-BAR-TAB-72X36-FRAME","table","72","36","30","0","4","72X36","RM-HRD-2X2-METAL-CAP","4","cap","export"
"ASM-BRK-BAR-TAB-96X36-FRAME","table","96","36","30","0","4","96X36","RM-MET-2X2-TUBING","56.52","2x2","export"
"ASM-BRK-BAR-TAB-96X36-FRAME","table","96","36","30","0","4","96X36","RM-PWD-GENERIC","4.5216","powder","export"
"ASM-BRK-BAR-TAB-96X36-FRAME","table","96","36","30","0","4","96X36","RM-HRD-2X2-METAL-CAP","4","cap","export"
"ASM-BRK-BAR-TAB-98X28-FRAME","table","98","28","30","0","4","98X28","RM-MET-2X2-TUBING","54.36","2x2","export"
"ASM-BRK-BAR-TAB-98X28-FRAME","table","98","28","30","0","4","98X28","RM-PWD-GENERIC","4.3488","powder","export"
"ASM-BRK-BAR-TAB-98X28-FRAME","table","98","28","30","0","4","98X28","RM-HRD-2X2-METAL-CAP","4","cap","export"
"ASM-BRK-CNT-TAB-120X28-FRAME","table","120","28","30","0","4","120X28","RM-MET-2X2-TUBING","62.28","2x2","export"
"ASM-BRK-CNT-TAB-120X28-FRAME","table","120","28","30","0","4","120X28","RM-PWD-GENERIC","4.9824","powder","export"
"ASM-BRK-CNT-TAB-120X28-FRAME","table","120","28","30","0","4","120X28","RM-HRD-2X2-METAL-CAP","4","cap","export"
"ASM-BRK-CNT-TAB-120X36-FRAME","table","120","36","30","0","4","120X36","RM-MET-2X2-TUBING","65.16","2x2","export"
"ASM-BRK-CNT-TAB-120X36-FRAME","table","120","36","30","0","4","120X36","RM-PWD-GENERIC","5.2128","powder","export"
"ASM-BRK-CNT-TAB-120X36-FRAME","table","120","36","30","0","4","120X36","RM-HRD-2X2-METAL-CAP","4","cap","export"
"ASM-BRK-CNT-TAB-28X120-FRAME","table","28","120","30","0","4","28X120","RM-MET-2X2-TUBING","62.28","2x2","export"
"ASM-BRK-CNT-TAB-28X120-FRAME","table","28","120","30","0","4","28X120","RM-PWD-GENERIC","4.9824","powder","export"
"ASM-BRK-CNT-TAB-28X120-FRAME","table","28","120","30","0","4","28X120","RM-HRD-2X2-METAL-CAP","4","cap","export"
"ASM-BRK-CNT-TAB-28X72-FRAME","table","28","72","30","0","4","28X72","RM-MET-2X2-TUBING","45","2x2","export"
"ASM-BRK-CNT-TAB-28X72-FRAME","table","28","72","30","0","4","28X72","RM-PWD-GENERIC","3.6","powder","export"
"ASM-BRK-CNT-TAB-28X72-FRAME","table","28","72","30","0","4","28X72","RM-HRD-2X2-METAL-CAP","4","cap","export"
"ASM-BRK-CNT-TAB-28X96-FRAME","table","28","96","30","0","4","28X96","RM-MET-2X2-TUBING","53.64","2x2","export"
"ASM-BRK-CNT-TAB-28X96-FRAME","table","28","96","30","0","4","28X96","RM-PWD-GENERIC","4.2912","powder","export"
"ASM-BRK-CNT-TAB-28X96-FRAME","table","28","96","30","0","4","28X96","RM-HRD-2X2-METAL-CAP","4","cap","export"
"ASM-BRK-CNT-TAB-36X120-FRAME","table","36","120","30","0","4","36X120","RM-MET-2X2-TUBING","65.16","2x2","export"
"ASM-BRK-CNT-TAB-36X120-FRAME","table","36","120","30","0","4","36X120","RM-PWD-GENERIC","5.2128","powder","export"
"ASM-BRK-CNT-TAB-36X120-FRAME","table","36","120","30","0","4","36X120","RM-HRD-2X2-METAL-CAP","4","cap","export"
"ASM-BRK-CNT-TAB-36X36-FRAME","table","36","36","30","0","4","36X36","RM-MET-2X2-TUBING","34.92","2x2","export"
"ASM-BRK-CNT-TAB-36X36-FRAME","table","36","36","30","0","4","36X36","RM-PWD-GENERIC","2.7936","powder","export"
"ASM-BRK-CNT-TAB-36X36-FRAME","table","36","36","30","0","4","36X36","RM-HRD-2X2-METAL-CAP","4","cap","export"
"ASM-BRK-CNT-TAB-36X72-FRAME","table","36","72","30","0","4","36X72","RM-MET-2X2-TUBING","47.88","2x2","export"
"ASM-BRK-CNT-TAB-36X72-FRAME","table","36","72","30","0","4","36X72","RM-PWD-GENERIC","3.8304","powder","export"
"ASM-BRK-CNT-TAB-36X72-FRAME","table","36","72","30","0","4","36X72","RM-HRD-2X2-METAL-CAP","4","cap","export"
"ASM-BRK-CNT-TAB-36X96-FRAME","table","36","96","30","0","4","36X96","RM-MET-2X2-TUBING","56.52","2x2","export"
"ASM-BRK-CNT-TAB-36X96-FRAME","table","36","96","30","0","4","36X96","RM-PWD-GENERIC","4.5216","powder","export"
"ASM-BRK-CNT-TAB-36X96-FRAME","table","36","96","30","0","4","36X96","RM-HRD-2X2-METAL-CAP","4","cap","export"
"ASM-BRK-CNT-TAB-42X42-FRAME","table","42","42","30","0","4","42X42","RM-MET-2X2-TUBING","39.24","2x2","export"
"ASM-BRK-CNT-TAB-42X42-FRAME","table","42","42","30","0","4","42X42","RM-PWD-GENERIC","3.1392","powder","export"
"ASM-BRK-CNT-TAB-42X42-FRAME","table","42","42","30","0","4","42X42","RM-HRD-2X2-METAL-CAP","4","cap","export"
"ASM-BRK-CNT-TAB-72X18-FRAME","table","72","18","30","0","4","72X18","RM-MET-2X2-TUBING","41.4","2x2","export"
"ASM-BRK-CNT-TAB-72X18-FRAME","table","72","18","30","0","4","72X18","RM-PWD-GENERIC","3.312","powder","export"
"ASM-BRK-CNT-TAB-72X18-FRAME","table","72","18","30","0","4","72X18","RM-HRD-2X2-METAL-CAP","4","cap","export"
"ASM-BRK-CNT-TAB-72X28-FRAME","table","72","28","30","0","4","72X28","RM-MET-2X2-TUBING","45","2x2","export"
"ASM-BRK-CNT-TAB-72X28-FRAME","table","72","28","30","0","4","72X28","RM-PWD-GENERIC","3.6","powder","export"
"ASM-BRK-CNT-TAB-72X28-FRAME","table","72","28","30","0","4","72X28","RM-HRD-2X2-METAL-CAP","4","cap","export"
"ASM-BRK-CNT-TAB-72X36-FRAME","table","72","36","30","0","4","72X36","RM-MET-2X2-TUBING","47.88","2x2","export"
"ASM-BRK-CNT-TAB-72X36-FRAME","table","72","36","30","0","4","72X36","RM-PWD-GENERIC","3.8304","powder","export"
"ASM-BRK-CNT-TAB-72X36-FRAME","table","72","36","30","0","4","72X36","RM-HRD-2X2-METAL-CAP","4","cap","export"
"ASM-BRK-CNT-TAB-96X28-FRAME","table","96","28","30","0","4","96X28","RM-MET-2X2-TUBING","53.64","2x2","export"
"ASM-BRK-CNT-TAB-96X28-FRAME","table","96","28","30","0","4","96X28","RM-PWD-GENERIC","4.2912","powder","export"
"ASM-BRK-CNT-TAB-96X28-FRAME","table","96","28","30","0","4","96X28","RM-HRD-2X2-METAL-CAP","4","cap","export"
"ASM-BRK-CNT-TAB-96X36-FRAME","table","96","36","30","0","4","96X36","RM-MET-2X2-TUBING","56.52","2x2","export"
"ASM-BRK-CNT-TAB-96X36-FRAME","table","96","36","30","0","4","96X36","RM-PWD-GENERIC","4.5216","powder","export"
"ASM-BRK-CNT-TAB-96X36-FRAME","table","96","36","30","0","4","96X36","RM-HRD-2X2-METAL-CAP","4","cap","export"
"ASM-BRK-COR-CHS-84X42-FRAME","seating","84","42","0","2","6","84X42","RM-MET-2X2-TUBING","54.54","2x2","export"
"ASM-BRK-COR-CHS-84X42-FRAME","seating","84","42","0","2","6","84X42","RM-MET-15X075-TUBING","34.2","slat","export"
"ASM-BRK-COR-CHS-84X42-FRAME","seating","84","42","0","2","6","84X42","RM-MET-FLATBAR","14.4","flatbar","export"
"ASM-BRK-COR-CHS-84X42-FRAME","seating","84","42","0","2","6","84X42","RM-PWD-GENERIC","7.0992","powder","export"
"ASM-BRK-COR-CHS-84X42-FRAME","seating","84","42","0","2","6","84X42","RM-HRD-2X2-METAL-CAP","6","cap","export"
"ASM-BRK-DIN-TAB-120X28-FRAME","table","120","28","30","0","4","120X28","RM-MET-2X2-TUBING","62.28","2x2","export"
"ASM-BRK-DIN-TAB-120X28-FRAME","table","120","28","30","0","4","120X28","RM-PWD-GENERIC","4.9824","powder","export"
"ASM-BRK-DIN-TAB-120X28-FRAME","table","120","28","30","0","4","120X28","RM-HRD-2X2-METAL-CAP","4","cap","export"
"ASM-BRK-DIN-TAB-120X36-FRAME","table","120","36","30","0","4","120X36","RM-MET-2X2-TUBING","65.16","2x2","export"
"ASM-BRK-DIN-TAB-120X36-FRAME","table","120","36","30","0","4","120X36","RM-PWD-GENERIC","5.2128","powder","export"
"ASM-BRK-DIN-TAB-120X36-FRAME","table","120","36","30","0","4","120X36","RM-HRD-2X2-METAL-CAP","4","cap","export"
"ASM-BRK-DIN-TAB-28X120-FRAME","table","28","120","30","0","4","28X120","RM-MET-2X2-TUBING","62.28","2x2","export"
"ASM-BRK-DIN-TAB-28X120-FRAME","table","28","120","30","0","4","28X120","RM-PWD-GENERIC","4.9824","powder","export"
"ASM-BRK-DIN-TAB-28X120-FRAME","table","28","120","30","0","4","28X120","RM-HRD-2X2-METAL-CAP","4","cap","export"
"ASM-BRK-DIN-TAB-28X72-FRAME","table","28","72","30","0","4","28X72","RM-MET-2X2-TUBING","45","2x2","export"
"ASM-BRK-DIN-TAB-28X72-FRAME","table","28","72","30","0","4","28X72","RM-PWD-GENERIC","3.6","powder","export"
"ASM-BRK-DIN-TAB-28X72-FRAME","table","28","72","30","0","4","28X72","RM-HRD-2X2-METAL-CAP","4","cap","export"
"ASM-BRK-DIN-TAB-28X96-FRAME","table","28","96","30","0","4","28X96","RM-MET-2X2-TUBING","53.64","2x2","export"
"ASM-BRK-DIN-TAB-28X96-FRAME","table","28","96","30","0","4","28X96","RM-PWD-GENERIC","4.2912","powder","export"
"ASM-BRK-DIN-TAB-28X96-FRAME","table","28","96","30","0","4","28X96","RM-HRD-2X2-METAL-CAP","4","cap","export"
"ASM-BRK-DIN-TAB-36X120-FRAME","table","36","120","30","0","4","36X120","RM-MET-2X2-TUBING","65.16","2x2","export"
"ASM-BRK-DIN-TAB-36X120-FRAME","table","36","120","30","0","4","36X120","RM-PWD-GENERIC","5.2128","powder","export"
"ASM-BRK-DIN-TAB-36X120-FRAME","table","36","120","30","0","4","36X120","RM-HRD-2X2-METAL-CAP","4","cap","export"
"ASM-BRK-DIN-TAB-36X36-FRAME","table","36","36","30","0","4","36X36","RM-MET-2X2-TUBING","34.92","2x2","export"
"ASM-BRK-DIN-TAB-36X36-FRAME","table","36","36","30","0","4","36X36","RM-PWD-GENERIC","2.7936","powder","export"
"ASM-BRK-DIN-TAB-36X36-FRAME","table","36","36","30","0","4","36X36","RM-HRD-2X2-METAL-CAP","4","cap","export"
"ASM-BRK-DIN-TAB-36X72-FRAME","table","36","72","30","0","4","36X72","RM-MET-2X2-TUBING","47.88","2x2","export"
"ASM-BRK-DIN-TAB-36X72-FRAME","table","36","72","30","0","4","36X72","RM-PWD-GENERIC","3.8304","powder","export"
"ASM-BRK-DIN-TAB-36X72-FRAME","table","36","72","30","0","4","36X72","RM-HRD-2X2-METAL-CAP","4","cap","export"
"ASM-BRK-DIN-TAB-36X96-FRAME","table","36","96","30","0","4","36X96","RM-MET-2X2-TUBING","56.52","2x2","export"
"ASM-BRK-DIN-TAB-36X96-FRAME","table","36","96","30","0","4","36X96","RM-PWD-GENERIC","4.5216","powder","export"
"ASM-BRK-DIN-TAB-36X96-FRAME","table","36","96","30","0","4","36X96","RM-HRD-2X2-METAL-CAP","4","cap","export"
"ASM-BRK-DIN-TAB-42X42-FRAME","table","42","42","30","0","4","42X42","RM-MET-2X2-TUBING","39.24","2x2","export"
"ASM-BRK-DIN-TAB-42X42-FRAME","table","42","42","30","0","4","42X42","RM-PWD-GENERIC","3.1392","powder","export"
"ASM-BRK-DIN-TAB-42X42-FRAME","table","42","42","30","0","4","42X42","RM-HRD-2X2-METAL-CAP","4","cap","export"
"ASM-BRK-DIN-TAB-72X28-FRAME","table","72","28","30","0","4","72X28","RM-MET-2X2-TUBING","45","2x2","export"
"ASM-BRK-DIN-TAB-72X28-FRAME","table","72","28","30","0","4","72X28","RM-PWD-GENERIC","3.6","powder","export"
"ASM-BRK-DIN-TAB-72X28-FRAME","table","72","28","30","0","4","72X28","RM-HRD-2X2-METAL-CAP","4","cap","export"
"ASM-BRK-DIN-TAB-72X36-FRAME","table","72","36","30","0","4","72X36","RM-MET-2X2-TUBING","47.88","2x2","export"
"ASM-BRK-DIN-TAB-72X36-FRAME","table","72","36","30","0","4","72X36","RM-PWD-GENERIC","3.8304","powder","export"
"ASM-BRK-DIN-TAB-72X36-FRAME","table","72","36","30","0","4","72X36","RM-HRD-2X2-METAL-CAP","4","cap","export"
"ASM-BRK-DIN-TAB-96X28-FRAME","table","96","28","30","0","4","96X28","RM-MET-2X2-TUBING","53.64","2x2","export"
"ASM-BRK-DIN-TAB-96X28-FRAME","table","96","28","30","0","4","96X28","RM-PWD-GENERIC","4.2912","powder","export"
"ASM-BRK-DIN-TAB-96X28-FRAME","table","96","28","30","0","4","96X28","RM-HRD-2X2-METAL-CAP","4","cap","export"
"ASM-BRK-DIN-TAB-96X36-FRAME","table","96","36","30","0","4","96X36","RM-MET-2X2-TUBING","56.52","2x2","export"
"ASM-BRK-DIN-TAB-96X36-FRAME","table","96","36","30","0","4","96X36","RM-PWD-GENERIC","4.5216","powder","export"
"ASM-BRK-DIN-TAB-96X36-FRAME","table","96","36","30","0","4","96X36","RM-HRD-2X2-METAL-CAP","4","cap","export"
"ASM-BRK-OTT-22X42-FRAME","seating","22","42","0","2","4","22X42","RM-MET-2X2-TUBING","30.78","2x2","export"
"ASM-BRK-OTT-22X42-FRAME","seating","22","42","0","2","4","22X42","RM-MET-15X075-TUBING","13.68","slat","export"
"ASM-BRK-OTT-22X42-FRAME","seating","22","42","0","2","4","22X42","RM-MET-FLATBAR","3.24","flatbar","export"
"ASM-BRK-OTT-22X42-FRAME","seating","22","42","0","2","4","22X42","RM-PWD-GENERIC","3.5568","powder","export"
"ASM-BRK-OTT-22X42-FRAME","seating","22","42","0","2","4","22X42","RM-HRD-2X2-METAL-CAP","4","cap","export"
"ASM-BRK-OTT-22X60-FRAME","seating","22","60","0","2","4","22X60","RM-MET-2X2-TUBING","37.26","2x2","export"
"ASM-BRK-OTT-22X60-FRAME","seating","22","60","0","2","4","22X60","RM-MET-15X075-TUBING","20.16","slat","export"
"ASM-BRK-OTT-22X60-FRAME","seating","22","60","0","2","4","22X60","RM-MET-FLATBAR","3.24","flatbar","export"
"ASM-BRK-OTT-22X60-FRAME","seating","22","60","0","2","4","22X60","RM-PWD-GENERIC","4.5936","powder","export"
"ASM-BRK-OTT-22X60-FRAME","seating","22","60","0","2","4","22X60","RM-HRD-2X2-METAL-CAP","4","cap","export"
"ASM-BRK-OTT-22X72-FRAME","seating","22","72","0","2","4","22X72","RM-MET-2X2-TUBING","41.58","2x2","export"
"ASM-BRK-OTT-22X72-FRAME","seating","22","72","0","2","4","22X72","RM-MET-15X075-TUBING","24.48","slat","export"
"ASM-BRK-OTT-22X72-FRAME","seating","22","72","0","2","4","22X72","RM-MET-FLATBAR","3.24","flatbar","export"
"ASM-BRK-OTT-22X72-FRAME","seating","22","72","0","2","4","22X72","RM-PWD-GENERIC","5.2848","powder","export"
"ASM-BRK-OTT-22X72-FRAME","seating","22","72","0","2","4","22X72","RM-HRD-2X2-METAL-CAP","4","cap","export"
"ASM-BRK-OTT-34X34-FRAME","seating","34","34","0","2","4","34X34","RM-MET-2X2-TUBING","32.22","2x2","export"
"ASM-BRK-OTT-34X34-FRAME","seating","34","34","0","2","4","34X34","RM-MET-15X075-TUBING","10.8","slat","export"
"ASM-BRK-OTT-34X34-FRAME","seating","34","34","0","2","4","34X34","RM-MET-FLATBAR","5.4","flatbar","export"
"ASM-BRK-OTT-34X34-FRAME","seating","34","34","0","2","4","34X34","RM-PWD-GENERIC","3.4416","powder","export"
"ASM-BRK-OTT-34X34-FRAME","seating","34","34","0","2","4","34X34","RM-HRD-2X2-METAL-CAP","4","cap","export"
"ASM-BRK-OTT-34X42-FRAME","seating","34","42","0","2","4","34X42","RM-MET-2X2-TUBING","35.1","2x2","export"
"ASM-BRK-OTT-34X42-FRAME","seating","34","42","0","2","4","34X42","RM-MET-15X075-TUBING","13.68","slat","export"
"ASM-BRK-OTT-34X42-FRAME","seating","34","42","0","2","4","34X42","RM-MET-FLATBAR","5.4","flatbar","export"
"ASM-BRK-OTT-34X42-FRAME","seating","34","42","0","2","4","34X42","RM-PWD-GENERIC","3.9024","powder","export"
"ASM-BRK-OTT-34X42-FRAME","seating","34","42","0","2","4","34X42","RM-HRD-2X2-METAL-CAP","4","cap","export"
"ASM-BRK-OTT-34X60-FRAME","seating","34","60","0","2","4","34X60","RM-MET-2X2-TUBING","41.58","2x2","export"
"ASM-BRK-OTT-34X60-FRAME","seating","34","60","0","2","4","34X60","RM-MET-15X075-TUBING","20.16","slat","export"
"ASM-BRK-OTT-34X60-FRAME","seating","34","60","0","2","4","34X60","RM-MET-FLATBAR","5.4","flatbar","export"
"ASM-BRK-OTT-34X60-FRAME","seating","34","60","0","2","4","34X60","RM-PWD-GENERIC","4.9392","powder","export"
"ASM-BRK-OTT-34X60-FRAME","seating","34","60","0","2","4","34X60","RM-HRD-2X2-METAL-CAP","4","cap","export"
"ASM-BRK-OTT-34X72-FRAME","seating","34","72","0","2","4","34X72","RM-MET-2X2-TUBING","45.9","2x2","export"
"ASM-BRK-OTT-34X72-FRAME","seating","34","72","0","2","4","34X72","RM-MET-15X075-TUBING","24.48","slat","export"
"ASM-BRK-OTT-34X72-FRAME","seating","34","72","0","2","4","34X72","RM-MET-FLATBAR","5.4","flatbar","export"
"ASM-BRK-OTT-34X72-FRAME","seating","34","72","0","2","4","34X72","RM-PWD-GENERIC","5.6304","powder","export"
"ASM-BRK-OTT-34X72-FRAME","seating","34","72","0","2","4","34X72","RM-HRD-2X2-METAL-CAP","4","cap","export"
"ASM-BRK-OTT-42X22-FRAME","seating","42","22","0","2","4","42X22","RM-MET-2X2-TUBING","30.78","2x2","export"
"ASM-BRK-OTT-42X22-FRAME","seating","42","22","0","2","4","42X22","RM-MET-15X075-TUBING","8.1","slat","export"
"ASM-BRK-OTT-42X22-FRAME","seating","42","22","0","2","4","42X22","RM-MET-FLATBAR","6.84","flatbar","export"
"ASM-BRK-OTT-42X22-FRAME","seating","42","22","0","2","4","42X22","RM-PWD-GENERIC","3.1104","powder","export"
"ASM-BRK-OTT-42X22-FRAME","seating","42","22","0","2","4","42X22","RM-HRD-2X2-METAL-CAP","4","cap","export"
"ASM-BRK-OTT-42X34-FRAME","seating","42","34","0","2","4","42X34","RM-MET-2X2-TUBING","35.1","2x2","export"
"ASM-BRK-OTT-42X34-FRAME","seating","42","34","0","2","4","42X34","RM-MET-15X075-TUBING","13.5","slat","export"
"ASM-BRK-OTT-42X34-FRAME","seating","42","34","0","2","4","42X34","RM-MET-FLATBAR","6.84","flatbar","export"
"ASM-BRK-OTT-42X34-FRAME","seating","42","34","0","2","4","42X34","RM-PWD-GENERIC","3.888","powder","export"
"ASM-BRK-OTT-42X34-FRAME","seating","42","34","0","2","4","42X34","RM-HRD-2X2-METAL-CAP","4","cap","export"
"ASM-BRK-OTT-56X42-FRAME","seating","56","42","0","2","4","56X42","RM-MET-2X2-TUBING","43.02","2x2","export"
"ASM-BRK-OTT-56X42-FRAME","seating","56","42","0","2","4","56X42","RM-MET-15X075-TUBING","23.94","slat","export"
"ASM-BRK-OTT-56X42-FRAME","seating","56","42","0","2","4","56X42","RM-MET-FLATBAR","9.36","flatbar","export"
"ASM-BRK-OTT-56X42-FRAME","seating","56","42","0","2","4","56X42","RM-PWD-GENERIC","5.3568","powder","export"
"ASM-BRK-OTT-56X42-FRAME","seating","56","42","0","2","4","56X42","RM-HRD-2X2-METAL-CAP","4","cap","export"
"ASM-BRK-OTT-60X22-FRAME","seating","60","22","0","2","4","60X22","RM-MET-2X2-TUBING","37.26","2x2","export"
"ASM-BRK-OTT-60X22-FRAME","seating","60","22","0","2","4","60X22","RM-MET-15X075-TUBING","11.34","slat","export"
"ASM-BRK-OTT-60X22-FRAME","seating","60","22","0","2","4","60X22","RM-MET-FLATBAR","10.08","flatbar","export"
"ASM-BRK-OTT-60X22-FRAME","seating","60","22","0","2","4","60X22","RM-PWD-GENERIC","3.888","powder","export"
"ASM-BRK-OTT-60X22-FRAME","seating","60","22","0","2","4","60X22","RM-HRD-2X2-METAL-CAP","4","cap","export"
"ASM-BRK-OTT-60X34-FRAME","seating","60","34","0","2","4","60X34","RM-MET-2X2-TUBING","41.58","2x2","export"
"ASM-BRK-OTT-60X34-FRAME","seating","60","34","0","2","4","60X34","RM-MET-15X075-TUBING","18.9","slat","export"
"ASM-BRK-OTT-60X34-FRAME","seating","60","34","0","2","4","60X34","RM-MET-FLATBAR","10.08","flatbar","export"
"ASM-BRK-OTT-60X34-FRAME","seating","60","34","0","2","4","60X34","RM-PWD-GENERIC","4.8384","powder","export"
"ASM-BRK-OTT-60X34-FRAME","seating","60","34","0","2","4","60X34","RM-HRD-2X2-METAL-CAP","4","cap","export"
"ASM-BRK-OTT-72X22-FRAME","seating","72","22","0","2","6","72X22","RM-MET-2X2-TUBING","43.02","2x2","export"
"ASM-BRK-OTT-72X22-FRAME","seating","72","22","0","2","6","72X22","RM-MET-15X075-TUBING","12.96","slat","export"
"ASM-BRK-OTT-72X22-FRAME","seating","72","22","0","2","6","72X22","RM-MET-FLATBAR","12.24","flatbar","export"
"ASM-BRK-OTT-72X22-FRAME","seating","72","22","0","2","6","72X22","RM-PWD-GENERIC","4.4784","powder","export"
"ASM-BRK-OTT-72X22-FRAME","seating","72","22","0","2","6","72X22","RM-HRD-2X2-METAL-CAP","6","cap","export"
"ASM-BRK-OTT-72X34-FRAME","seating","72","34","0","2","6","72X34","RM-MET-2X2-TUBING","47.34","2x2","export"
"ASM-BRK-OTT-72X34-FRAME","seating","72","34","0","2","6","72X34","RM-MET-15X075-TUBING","21.6","slat","export"
"ASM-BRK-OTT-72X34-FRAME","seating","72","34","0","2","6","72X34","RM-MET-FLATBAR","12.24","flatbar","export"
"ASM-BRK-OTT-72X34-FRAME","seating","72","34","0","2","6","72X34","RM-PWD-GENERIC","5.5152","powder","export"
"ASM-BRK-OTT-72X34-FRAME","seating","72","34","0","2","6","72X34","RM-HRD-2X2-METAL-CAP","6","cap","export"
"ASM-BRK-SOF-60X34-FRAME","seating","60","34","0","2","4","60X34","RM-MET-2X2-TUBING","41.58","2x2","export"
"ASM-BRK-SOF-60X34-FRAME","seating","60","34","0","2","4","60X34","RM-MET-15X075-TUBING","18.9","slat","export"
"ASM-BRK-SOF-60X34-FRAME","seating","60","34","0","2","4","60X34","RM-MET-FLATBAR","10.08","flatbar","export"
"ASM-BRK-SOF-60X34-FRAME","seating","60","34","0","2","4","60X34","RM-PWD-GENERIC","4.8384","powder","export"
"ASM-BRK-SOF-60X34-FRAME","seating","60","34","0","2","4","60X34","RM-HRD-2X2-METAL-CAP","4","cap","export"
"ASM-BRV-ARM-SOF-34X34-FRAME","seating","34","34","0","0","4","34X34","RM-MET-2X2-TUBING","23.94","2x2","export"
"ASM-BRV-ARM-SOF-34X34-FRAME","seating","34","34","0","0","4","34X34","RM-MET-15X075-TUBING","10.8","slat","export"
"ASM-BRV-ARM-SOF-34X34-FRAME","seating","34","34","0","0","4","34X34","RM-MET-FLATBAR","5.4","flatbar","export"
"ASM-BRV-ARM-SOF-34X34-FRAME","seating","34","34","0","0","4","34X34","RM-PWD-GENERIC","2.7792","powder","export"
"ASM-BRV-ARM-SOF-34X34-FRAME","seating","34","34","0","0","4","34X34","RM-HRD-2X2-METAL-CAP","4","cap","export"
"ASM-BRV-ARM-SOF-72X34-FRAME","seating","72","34","0","0","6","72X34","RM-MET-2X2-TUBING","39.06","2x2","export"
"ASM-BRV-ARM-SOF-72X34-FRAME","seating","72","34","0","0","6","72X34","RM-MET-15X075-TUBING","21.6","slat","export"
"ASM-BRV-ARM-SOF-72X34-FRAME","seating","72","34","0","0","6","72X34","RM-MET-FLATBAR","12.24","flatbar","export"
"ASM-BRV-ARM-SOF-72X34-FRAME","seating","72","34","0","0","6","72X34","RM-PWD-GENERIC","4.8528","powder","export"
"ASM-BRV-ARM-SOF-72X34-FRAME","seating","72","34","0","0","6","72X34","RM-HRD-2X2-METAL-CAP","6","cap","export"
"ASM-BRV-ARM-SOF-84X34-FRAME","seating","84","34","0","0","6","84X34","RM-MET-2X2-TUBING","43.38","2x2","export"
"ASM-BRV-ARM-SOF-84X34-FRAME","seating","84","34","0","0","6","84X34","RM-MET-15X075-TUBING","27","slat","export"
"ASM-BRV-ARM-SOF-84X34-FRAME","seating","84","34","0","0","6","84X34","RM-MET-FLATBAR","14.4","flatbar","export"
"ASM-BRV-ARM-SOF-84X34-FRAME","seating","84","34","0","0","6","84X34","RM-PWD-GENERIC","5.6304","powder","export"
"ASM-BRV-ARM-SOF-84X34-FRAME","seating","84","34","0","0","6","84X34","RM-HRD-2X2-METAL-CAP","6","cap","export"
"ASM-BRV-ARM-SOF-96X34-FRAME","seating","96","34","0","0","6","96X34","RM-MET-2X2-TUBING","47.7","2x2","export"
"ASM-BRV-ARM-SOF-96X34-FRAME","seating","96","34","0","0","6","96X34","RM-MET-15X075-TUBING","29.7","slat","export"
"ASM-BRV-ARM-SOF-96X34-FRAME","seating","96","34","0","0","6","96X34","RM-MET-FLATBAR","16.56","flatbar","export"
"ASM-BRV-ARM-SOF-96X34-FRAME","seating","96","34","0","0","6","96X34","RM-PWD-GENERIC","6.192","powder","export"
"ASM-BRV-ARM-SOF-96X34-FRAME","seating","96","34","0","0","6","96X34","RM-HRD-2X2-METAL-CAP","6","cap","export"
"ASM-BRV-BCH-96X34-FRAME","seating","96","34","0","2","6","96X34","RM-MET-2X2-TUBING","55.98","2x2","export"
"ASM-BRV-BCH-96X34-FRAME","seating","96","34","0","2","6","96X34","RM-MET-15X075-TUBING","29.7","slat","export"
"ASM-BRV-BCH-96X34-FRAME","seating","96","34","0","2","6","96X34","RM-MET-FLATBAR","16.56","flatbar","export"
"ASM-BRV-BCH-96X34-FRAME","seating","96","34","0","2","6","96X34","RM-PWD-GENERIC","6.8544","powder","export"
"ASM-BRV-BCH-96X34-FRAME","seating","96","34","0","2","6","96X34","RM-HRD-2X2-METAL-CAP","6","cap","export"
"ASM-BRV-COF-TAB-28X42-FRAME","table","28","42","16","0","4","28X42","RM-MET-2X2-TUBING","29.16","2x2","export"
"ASM-BRV-COF-TAB-28X42-FRAME","table","28","42","16","0","4","28X42","RM-PWD-GENERIC","2.3328","powder","export"
"ASM-BRV-COF-TAB-28X42-FRAME","table","28","42","16","0","4","28X42","RM-HRD-2X2-METAL-CAP","4","cap","export"
"ASM-BRV-COF-TAB-36X56-FRAME","table","36","56","16","0","4","36X56","RM-MET-2X2-TUBING","37.08","2x2","export"
"ASM-BRV-COF-TAB-36X56-FRAME","table","36","56","16","0","4","36X56","RM-PWD-GENERIC","2.9664","powder","export"
"ASM-BRV-COF-TAB-36X56-FRAME","table","36","56","16","0","4","36X56","RM-HRD-2X2-METAL-CAP","4","cap","export"
"ASM-BRV-COF-TAB-42X56-FRAME","table","42","56","16","0","4","42X56","RM-MET-2X2-TUBING","39.24","2x2","export"
"ASM-BRV-COF-TAB-42X56-FRAME","table","42","56","16","0","4","42X56","RM-PWD-GENERIC","3.1392","powder","export"
"ASM-BRV-COF-TAB-42X56-FRAME","table","42","56","16","0","4","42X56","RM-HRD-2X2-METAL-CAP","4","cap","export"
"ASM-BRV-COF-TAB-42X72-FRAME","table","42","72","16","0","4","42X72","RM-MET-2X2-TUBING","45","2x2","export"
"ASM-BRV-COF-TAB-42X72-FRAME","table","42","72","16","0","4","42X72","RM-PWD-GENERIC","3.6","powder","export"
"ASM-BRV-COF-TAB-42X72-FRAME","table","42","72","16","0","4","42X72","RM-HRD-2X2-METAL-CAP","4","cap","export"
"ASM-BRV-COF-TAB-56X72-FRAME","table","56","72","16","0","4","56X72","RM-MET-2X2-TUBING","50.04","2x2","export"
"ASM-BRV-COF-TAB-56X72-FRAME","table","56","72","16","0","4","56X72","RM-PWD-GENERIC","4.0032","powder","export"
"ASM-BRV-COF-TAB-56X72-FRAME","table","56","72","16","0","4","56X72","RM-HRD-2X2-METAL-CAP","4","cap","export"
"ASM-BRV-COR-CHS-72X34-FRAME","seating","72","34","0","2","6","72X34","RM-MET-2X2-TUBING","47.34","2x2","export"
"ASM-BRV-COR-CHS-72X34-FRAME","seating","72","34","0","2","6","72X34","RM-MET-15X075-TUBING","21.6","slat","export"
"ASM-BRV-COR-CHS-72X34-FRAME","seating","72","34","0","2","6","72X34","RM-MET-FLATBAR","12.24","flatbar","export"
"ASM-BRV-COR-CHS-72X34-FRAME","seating","72","34","0","2","6","72X34","RM-PWD-GENERIC","5.5152","powder","export"
"ASM-BRV-COR-CHS-72X34-FRAME","seating","72","34","0","2","6","72X34","RM-HRD-2X2-METAL-CAP","6","cap","export"
"ASM-BRV-COR-CHS-84X34-FRAME","seating","84","34","0","2","6","84X34","RM-MET-2X2-TUBING","51.66","2x2","export"
"ASM-BRV-COR-CHS-84X34-FRAME","seating","84","34","0","2","6","84X34","RM-MET-15X075-TUBING","27","slat","export"
"ASM-BRV-COR-CHS-84X34-FRAME","seating","84","34","0","2","6","84X34","RM-MET-FLATBAR","14.4","flatbar","export"
"ASM-BRV-COR-CHS-84X34-FRAME","seating","84","34","0","2","6","84X34","RM-PWD-GENERIC","6.2928","powder","export"
"ASM-BRV-COR-CHS-84X34-FRAME","seating","84","34","0","2","6","84X34","RM-HRD-2X2-METAL-CAP","6","cap","export"
"ASM-BRV-DYB-84X72-FRAME","seating","84","72","0","2","6","84X72","RM-MET-2X2-TUBING","65.34","2x2","export"
"ASM-BRV-DYB-84X72-FRAME","seating","84","72","0","2","6","84X72","RM-MET-15X075-TUBING","61.2","slat","export"
"ASM-BRV-DYB-84X72-FRAME","seating","84","72","0","2","6","84X72","RM-MET-FLATBAR","14.4","flatbar","export"
"ASM-BRV-DYB-84X72-FRAME","seating","84","72","0","2","6","84X72","RM-PWD-GENERIC","10.1232","powder","export"
"ASM-BRV-DYB-84X72-FRAME","seating","84","72","0","2","6","84X72","RM-HRD-2X2-METAL-CAP","6","cap","export"
"ASM-BRV-DYB-84X84-FRAME","seating","84","84","0","2","6","84X84","RM-MET-2X2-TUBING","69.66","2x2","export"
"ASM-BRV-DYB-84X84-FRAME","seating","84","84","0","2","6","84X84","RM-MET-15X075-TUBING","72","slat","export"
"ASM-BRV-DYB-84X84-FRAME","seating","84","84","0","2","6","84X84","RM-MET-FLATBAR","14.4","flatbar","export"
"ASM-BRV-DYB-84X84-FRAME","seating","84","84","0","2","6","84X84","RM-PWD-GENERIC","11.3328","powder","export"
"ASM-BRV-DYB-84X84-FRAME","seating","84","84","0","2","6","84X84","RM-HRD-2X2-METAL-CAP","6","cap","export"
"ASM-BRV-OTT-22X30-FRAME","seating","22","30","0","2","4","22X30","RM-MET-2X2-TUBING","26.46","2x2","export"
"ASM-BRV-OTT-22X30-FRAME","seating","22","30","0","2","4","22X30","RM-MET-15X075-TUBING","9.36","slat","export"
"ASM-BRV-OTT-22X30-FRAME","seating","22","30","0","2","4","22X30","RM-MET-FLATBAR","3.24","flatbar","export"
"ASM-BRV-OTT-22X30-FRAME","seating","22","30","0","2","4","22X30","RM-PWD-GENERIC","2.8656","powder","export"
"ASM-BRV-OTT-22X30-FRAME","seating","22","30","0","2","4","22X30","RM-HRD-2X2-METAL-CAP","4","cap","export"
"ASM-BRV-OTT-22X42-FRAME","seating","22","42","0","2","4","22X42","RM-MET-2X2-TUBING","30.78","2x2","export"
"ASM-BRV-OTT-22X42-FRAME","seating","22","42","0","2","4","22X42","RM-MET-15X075-TUBING","13.68","slat","export"
"ASM-BRV-OTT-22X42-FRAME","seating","22","42","0","2","4","22X42","RM-MET-FLATBAR","3.24","flatbar","export"
"ASM-BRV-OTT-22X42-FRAME","seating","22","42","0","2","4","22X42","RM-PWD-GENERIC","3.5568","powder","export"
"ASM-BRV-OTT-22X42-FRAME","seating","22","42","0","2","4","22X42","RM-HRD-2X2-METAL-CAP","4","cap","export"
"ASM-BRV-OTT-22X60-FRAME","seating","22","60","0","2","4","22X60","RM-MET-2X2-TUBING","37.26","2x2","export"
"ASM-BRV-OTT-22X60-FRAME","seating","22","60","0","2","4","22X60","RM-MET-15X075-TUBING","20.16","slat","export"
"ASM-BRV-OTT-22X60-FRAME","seating","22","60","0","2","4","22X60","RM-MET-FLATBAR","3.24","flatbar","export"
"ASM-BRV-OTT-22X60-FRAME","seating","22","60","0","2","4","22X60","RM-PWD-GENERIC","4.5936","powder","export"
"ASM-BRV-OTT-22X60-FRAME","seating","22","60","0","2","4","22X60","RM-HRD-2X2-METAL-CAP","4","cap","export"
"ASM-BRV-OTT-22X72-FRAME","seating","22","72","0","2","4","22X72","RM-MET-2X2-TUBING","41.58","2x2","export"
"ASM-BRV-OTT-22X72-FRAME","seating","22","72","0","2","4","22X72","RM-MET-15X075-TUBING","24.48","slat","export"
"ASM-BRV-OTT-22X72-FRAME","seating","22","72","0","2","4","22X72","RM-MET-FLATBAR","3.24","flatbar","export"
"ASM-BRV-OTT-22X72-FRAME","seating","22","72","0","2","4","22X72","RM-PWD-GENERIC","5.2848","powder","export"
"ASM-BRV-OTT-22X72-FRAME","seating","22","72","0","2","4","22X72","RM-HRD-2X2-METAL-CAP","4","cap","export"
"ASM-BRV-OTT-34X42-FRAME","seating","34","42","0","2","4","34X42","RM-MET-2X2-TUBING","35.1","2x2","export"
"ASM-BRV-OTT-34X42-FRAME","seating","34","42","0","2","4","34X42","RM-MET-15X075-TUBING","13.68","slat","export"
"ASM-BRV-OTT-34X42-FRAME","seating","34","42","0","2","4","34X42","RM-MET-FLATBAR","5.4","flatbar","export"
"ASM-BRV-OTT-34X42-FRAME","seating","34","42","0","2","4","34X42","RM-PWD-GENERIC","3.9024","powder","export"
"ASM-BRV-OTT-34X42-FRAME","seating","34","42","0","2","4","34X42","RM-HRD-2X2-METAL-CAP","4","cap","export"
"ASM-BRV-OTT-34X60-FRAME","seating","34","60","0","2","4","34X60","RM-MET-2X2-TUBING","41.58","2x2","export"
"ASM-BRV-OTT-34X60-FRAME","seating","34","60","0","2","4","34X60","RM-MET-15X075-TUBING","20.16","slat","export"
"ASM-BRV-OTT-34X60-FRAME","seating","34","60","0","2","4","34X60","RM-MET-FLATBAR","5.4","flatbar","export"
"ASM-BRV-OTT-34X60-FRAME","seating","34","60","0","2","4","34X60","RM-PWD-GENERIC","4.9392","powder","export"
"ASM-BRV-OTT-34X60-FRAME","seating","34","60","0","2","4","34X60","RM-HRD-2X2-METAL-CAP","4","cap","export"
"ASM-BRV-OTT-34X72-FRAME","seating","34","72","0","2","4","34X72","RM-MET-2X2-TUBING","45.9","2x2","export"
"ASM-BRV-OTT-34X72-FRAME","seating","34","72","0","2","4","34X72","RM-MET-15X075-TUBING","24.48","slat","export"
"ASM-BRV-OTT-34X72-FRAME","seating","34","72","0","2","4","34X72","RM-MET-FLATBAR","5.4","flatbar","export"
"ASM-BRV-OTT-34X72-FRAME","seating","34","72","0","2","4","34X72","RM-PWD-GENERIC","5.6304","powder","export"
"ASM-BRV-OTT-34X72-FRAME","seating","34","72","0","2","4","34X72","RM-HRD-2X2-METAL-CAP","4","cap","export"
"ASM-BRV-OVS-CHS-72X42-FRAME","seating","72","42","0","2","6","72X42","RM-MET-2X2-TUBING","50.22","2x2","export"
"ASM-BRV-OVS-CHS-72X42-FRAME","seating","72","42","0","2","6","72X42","RM-MET-15X075-TUBING","27.36","slat","export"
"ASM-BRV-OVS-CHS-72X42-FRAME","seating","72","42","0","2","6","72X42","RM-MET-FLATBAR","12.24","flatbar","export"
"ASM-BRV-OVS-CHS-72X42-FRAME","seating","72","42","0","2","6","72X42","RM-PWD-GENERIC","6.2064","powder","export"
"ASM-BRV-OVS-CHS-72X42-FRAME","seating","72","42","0","2","6","72X42","RM-HRD-2X2-METAL-CAP","6","cap","export"
"ASM-BRV-OVS-CHS-84X42-FRAME","seating","84","42","0","2","6","84X42","RM-MET-2X2-TUBING","54.54","2x2","export"
"ASM-BRV-OVS-CHS-84X42-FRAME","seating","84","42","0","2","6","84X42","RM-MET-15X075-TUBING","34.2","slat","export"
"ASM-BRV-OVS-CHS-84X42-FRAME","seating","84","42","0","2","6","84X42","RM-MET-FLATBAR","14.4","flatbar","export"
"ASM-BRV-OVS-CHS-84X42-FRAME","seating","84","42","0","2","6","84X42","RM-PWD-GENERIC","7.0992","powder","export"
"ASM-BRV-OVS-CHS-84X42-FRAME","seating","84","42","0","2","6","84X42","RM-HRD-2X2-METAL-CAP","6","cap","export"
"ASM-BRV-SWV-CHA-FRAME","skip","","","","","","","","","","could not parse WxD from SKU"
"ASM-CAB-DYB-84X84-FRAME","seating","84","84","0","2","6","84X84","RM-MET-2X2-TUBING","69.66","2x2","export"
"ASM-CAB-DYB-84X84-FRAME","seating","84","84","0","2","6","84X84","RM-MET-15X075-TUBING","72","slat","export"
"ASM-CAB-DYB-84X84-FRAME","seating","84","84","0","2","6","84X84","RM-MET-FLATBAR","14.4","flatbar","export"
"ASM-CAB-DYB-84X84-FRAME","seating","84","84","0","2","6","84X84","RM-PWD-GENERIC","11.3328","powder","export"
"ASM-CAB-DYB-84X84-FRAME","seating","84","84","0","2","6","84X84","RM-HRD-2X2-METAL-CAP","6","cap","export"
"ASM-CAB-MIS-10X10-FRAME","seating","10","10","0","2","4","10X10","RM-MET-2X2-TUBING","14.94","2x2","export"
"ASM-CAB-MIS-10X10-FRAME","seating","10","10","0","2","4","10X10","RM-MET-15X075-TUBING","2.16","slat","export"
"ASM-CAB-MIS-10X10-FRAME","seating","10","10","0","2","4","10X10","RM-MET-FLATBAR","1.08","flatbar","export"
"ASM-CAB-MIS-10X10-FRAME","seating","10","10","0","2","4","10X10","RM-PWD-GENERIC","1.368","powder","export"
"ASM-CAB-MIS-10X10-FRAME","seating","10","10","0","2","4","10X10","RM-HRD-2X2-METAL-CAP","4","cap","export"
"ASM-CUS-OTT-22X72-FRAME","seating","22","72","0","2","4","22X72","RM-MET-2X2-TUBING","41.58","2x2","export"
"ASM-CUS-OTT-22X72-FRAME","seating","22","72","0","2","4","22X72","RM-MET-15X075-TUBING","24.48","slat","export"
"ASM-CUS-OTT-22X72-FRAME","seating","22","72","0","2","4","22X72","RM-MET-FLATBAR","3.24","flatbar","export"
"ASM-CUS-OTT-22X72-FRAME","seating","22","72","0","2","4","22X72","RM-PWD-GENERIC","5.2848","powder","export"
"ASM-CUS-OTT-22X72-FRAME","seating","22","72","0","2","4","22X72","RM-HRD-2X2-METAL-CAP","4","cap","export"
"ASM-CUS-OTT-23X82-FRAME","seating","23","82","0","2","4","23X82","RM-MET-2X2-TUBING","45.54","2x2","export"
"ASM-CUS-OTT-23X82-FRAME","seating","23","82","0","2","4","23X82","RM-MET-15X075-TUBING","28.08","slat","export"
"ASM-CUS-OTT-23X82-FRAME","seating","23","82","0","2","4","23X82","RM-MET-FLATBAR","3.42","flatbar","export"
"ASM-CUS-OTT-23X82-FRAME","seating","23","82","0","2","4","23X82","RM-PWD-GENERIC","5.8896","powder","export"
"ASM-CUS-OTT-23X82-FRAME","seating","23","82","0","2","4","23X82","RM-HRD-2X2-METAL-CAP","4","cap","export"
"ASM-CUS-OTT-72X22-FRAME","seating","72","22","0","2","6","72X22","RM-MET-2X2-TUBING","43.02","2x2","export"
"ASM-CUS-OTT-72X22-FRAME","seating","72","22","0","2","6","72X22","RM-MET-15X075-TUBING","12.96","slat","export"
"ASM-CUS-OTT-72X22-FRAME","seating","72","22","0","2","6","72X22","RM-MET-FLATBAR","12.24","flatbar","export"
"ASM-CUS-OTT-72X22-FRAME","seating","72","22","0","2","6","72X22","RM-PWD-GENERIC","4.4784","powder","export"
"ASM-CUS-OTT-72X22-FRAME","seating","72","22","0","2","6","72X22","RM-HRD-2X2-METAL-CAP","6","cap","export"
"ASM-CUS-OTT-82X23-FRAME","seating","82","23","0","2","6","82X23","RM-MET-2X2-TUBING","46.98","2x2","export"
"ASM-CUS-OTT-82X23-FRAME","seating","82","23","0","2","6","82X23","RM-MET-15X075-TUBING","17.1","slat","export"
"ASM-CUS-OTT-82X23-FRAME","seating","82","23","0","2","6","82X23","RM-MET-FLATBAR","14.04","flatbar","export"
"ASM-CUS-OTT-82X23-FRAME","seating","82","23","0","2","6","82X23","RM-PWD-GENERIC","5.1264","powder","export"
"ASM-CUS-OTT-82X23-FRAME","seating","82","23","0","2","6","82X23","RM-HRD-2X2-METAL-CAP","6","cap","export"
"ASM-DAI-BAR-TAB-120X42-FRAME","table","120","42","30","0","4","120X42","RM-MET-2X2-TUBING","67.32","2x2","export"
"ASM-DAI-BAR-TAB-120X42-FRAME","table","120","42","30","0","4","120X42","RM-PWD-GENERIC","5.3856","powder","export"
"ASM-DAI-BAR-TAB-120X42-FRAME","table","120","42","30","0","4","120X42","RM-HRD-2X2-METAL-CAP","4","cap","export"
"ASM-DAI-BAR-TAB-120X56-FRAME","table","120","56","30","0","4","120X56","RM-MET-2X2-TUBING","72.36","2x2","export"
"ASM-DAI-BAR-TAB-120X56-FRAME","table","120","56","30","0","4","120X56","RM-PWD-GENERIC","5.7888","powder","export"
"ASM-DAI-BAR-TAB-120X56-FRAME","table","120","56","30","0","4","120X56","RM-HRD-2X2-METAL-CAP","4","cap","export"
"ASM-DAI-BAR-TAB-42X120-FRAME","table","42","120","30","0","4","42X120","RM-MET-2X2-TUBING","67.32","2x2","export"
"ASM-DAI-BAR-TAB-42X120-FRAME","table","42","120","30","0","4","42X120","RM-PWD-GENERIC","5.3856","powder","export"
"ASM-DAI-BAR-TAB-42X120-FRAME","table","42","120","30","0","4","42X120","RM-HRD-2X2-METAL-CAP","4","cap","export"
"ASM-DAI-BAR-TAB-42X72-FRAME","table","42","72","30","0","4","42X72","RM-MET-2X2-TUBING","50.04","2x2","export"
"ASM-DAI-BAR-TAB-42X72-FRAME","table","42","72","30","0","4","42X72","RM-PWD-GENERIC","4.0032","powder","export"
"ASM-DAI-BAR-TAB-42X72-FRAME","table","42","72","30","0","4","42X72","RM-HRD-2X2-METAL-CAP","4","cap","export"
"ASM-DAI-BAR-TAB-42X96-FRAME","table","42","96","30","0","4","42X96","RM-MET-2X2-TUBING","58.68","2x2","export"
"ASM-DAI-BAR-TAB-42X96-FRAME","table","42","96","30","0","4","42X96","RM-PWD-GENERIC","4.6944","powder","export"
"ASM-DAI-BAR-TAB-42X96-FRAME","table","42","96","30","0","4","42X96","RM-HRD-2X2-METAL-CAP","4","cap","export"
"ASM-DAI-BAR-TAB-56X120-FRAME","table","56","120","30","0","4","56X120","RM-MET-2X2-TUBING","72.36","2x2","export"
"ASM-DAI-BAR-TAB-56X120-FRAME","table","56","120","30","0","4","56X120","RM-PWD-GENERIC","5.7888","powder","export"
"ASM-DAI-BAR-TAB-56X120-FRAME","table","56","120","30","0","4","56X120","RM-HRD-2X2-METAL-CAP","4","cap","export"
"ASM-DAI-BAR-TAB-56X56-FRAME","table","56","56","30","0","4","56X56","RM-MET-2X2-TUBING","49.32","2x2","export"
"ASM-DAI-BAR-TAB-56X56-FRAME","table","56","56","30","0","4","56X56","RM-PWD-GENERIC","3.9456","powder","export"
"ASM-DAI-BAR-TAB-56X56-FRAME","table","56","56","30","0","4","56X56","RM-HRD-2X2-METAL-CAP","4","cap","export"
"ASM-DAI-BAR-TAB-56X72-FRAME","table","56","72","30","0","4","56X72","RM-MET-2X2-TUBING","55.08","2x2","export"
"ASM-DAI-BAR-TAB-56X72-FRAME","table","56","72","30","0","4","56X72","RM-PWD-GENERIC","4.4064","powder","export"
"ASM-DAI-BAR-TAB-56X72-FRAME","table","56","72","30","0","4","56X72","RM-HRD-2X2-METAL-CAP","4","cap","export"
"ASM-DAI-BAR-TAB-56X96-FRAME","table","56","96","30","0","4","56X96","RM-MET-2X2-TUBING","63.72","2x2","export"
"ASM-DAI-BAR-TAB-56X96-FRAME","table","56","96","30","0","4","56X96","RM-PWD-GENERIC","5.0976","powder","export"
"ASM-DAI-BAR-TAB-56X96-FRAME","table","56","96","30","0","4","56X96","RM-HRD-2X2-METAL-CAP","4","cap","export"
"ASM-DAI-BAR-TAB-72X42-FRAME","table","72","42","30","0","4","72X42","RM-MET-2X2-TUBING","50.04","2x2","export"
"ASM-DAI-BAR-TAB-72X42-FRAME","table","72","42","30","0","4","72X42","RM-PWD-GENERIC","4.0032","powder","export"
"ASM-DAI-BAR-TAB-72X42-FRAME","table","72","42","30","0","4","72X42","RM-HRD-2X2-METAL-CAP","4","cap","export"
"ASM-DAI-BAR-TAB-72X56-FRAME","table","72","56","30","0","4","72X56","RM-MET-2X2-TUBING","55.08","2x2","export"
"ASM-DAI-BAR-TAB-72X56-FRAME","table","72","56","30","0","4","72X56","RM-PWD-GENERIC","4.4064","powder","export"
"ASM-DAI-BAR-TAB-72X56-FRAME","table","72","56","30","0","4","72X56","RM-HRD-2X2-METAL-CAP","4","cap","export"
"ASM-DAI-BAR-TAB-96X42-FRAME","table","96","42","30","0","4","96X42","RM-MET-2X2-TUBING","58.68","2x2","export"
"ASM-DAI-BAR-TAB-96X42-FRAME","table","96","42","30","0","4","96X42","RM-PWD-GENERIC","4.6944","powder","export"
"ASM-DAI-BAR-TAB-96X42-FRAME","table","96","42","30","0","4","96X42","RM-HRD-2X2-METAL-CAP","4","cap","export"
"ASM-DAI-BAR-TAB-96X56-FRAME","table","96","56","30","0","4","96X56","RM-MET-2X2-TUBING","63.72","2x2","export"
"ASM-DAI-BAR-TAB-96X56-FRAME","table","96","56","30","0","4","96X56","RM-PWD-GENERIC","5.0976","powder","export"
"ASM-DAI-BAR-TAB-96X56-FRAME","table","96","56","30","0","4","96X56","RM-HRD-2X2-METAL-CAP","4","cap","export"
"ASM-DAI-CNT-TAB-120X42-FRAME","table","120","42","30","0","4","120X42","RM-MET-2X2-TUBING","67.32","2x2","export"
"ASM-DAI-CNT-TAB-120X42-FRAME","table","120","42","30","0","4","120X42","RM-PWD-GENERIC","5.3856","powder","export"
"ASM-DAI-CNT-TAB-120X42-FRAME","table","120","42","30","0","4","120X42","RM-HRD-2X2-METAL-CAP","4","cap","export"
"ASM-DAI-CNT-TAB-120X56-FRAME","table","120","56","30","0","4","120X56","RM-MET-2X2-TUBING","72.36","2x2","export"
"ASM-DAI-CNT-TAB-120X56-FRAME","table","120","56","30","0","4","120X56","RM-PWD-GENERIC","5.7888","powder","export"
"ASM-DAI-CNT-TAB-120X56-FRAME","table","120","56","30","0","4","120X56","RM-HRD-2X2-METAL-CAP","4","cap","export"
"ASM-DAI-CNT-TAB-42X120-FRAME","table","42","120","30","0","4","42X120","RM-MET-2X2-TUBING","67.32","2x2","export"
"ASM-DAI-CNT-TAB-42X120-FRAME","table","42","120","30","0","4","42X120","RM-PWD-GENERIC","5.3856","powder","export"
"ASM-DAI-CNT-TAB-42X120-FRAME","table","42","120","30","0","4","42X120","RM-HRD-2X2-METAL-CAP","4","cap","export"
"ASM-DAI-CNT-TAB-42X72-FRAME","table","42","72","30","0","4","42X72","RM-MET-2X2-TUBING","50.04","2x2","export"
"ASM-DAI-CNT-TAB-42X72-FRAME","table","42","72","30","0","4","42X72","RM-PWD-GENERIC","4.0032","powder","export"
"ASM-DAI-CNT-TAB-42X72-FRAME","table","42","72","30","0","4","42X72","RM-HRD-2X2-METAL-CAP","4","cap","export"
"ASM-DAI-CNT-TAB-42X96-FRAME","table","42","96","30","0","4","42X96","RM-MET-2X2-TUBING","58.68","2x2","export"
"ASM-DAI-CNT-TAB-42X96-FRAME","table","42","96","30","0","4","42X96","RM-PWD-GENERIC","4.6944","powder","export"
"ASM-DAI-CNT-TAB-42X96-FRAME","table","42","96","30","0","4","42X96","RM-HRD-2X2-METAL-CAP","4","cap","export"
"ASM-DAI-CNT-TAB-56X120-FRAME","table","56","120","30","0","4","56X120","RM-MET-2X2-TUBING","72.36","2x2","export"
"ASM-DAI-CNT-TAB-56X120-FRAME","table","56","120","30","0","4","56X120","RM-PWD-GENERIC","5.7888","powder","export"
"ASM-DAI-CNT-TAB-56X120-FRAME","table","56","120","30","0","4","56X120","RM-HRD-2X2-METAL-CAP","4","cap","export"
"ASM-DAI-CNT-TAB-56X56-FRAME","table","56","56","30","0","4","56X56","RM-MET-2X2-TUBING","49.32","2x2","export"
"ASM-DAI-CNT-TAB-56X56-FRAME","table","56","56","30","0","4","56X56","RM-PWD-GENERIC","3.9456","powder","export"
"ASM-DAI-CNT-TAB-56X56-FRAME","table","56","56","30","0","4","56X56","RM-HRD-2X2-METAL-CAP","4","cap","export"
"ASM-DAI-CNT-TAB-56X72-FRAME","table","56","72","30","0","4","56X72","RM-MET-2X2-TUBING","55.08","2x2","export"
"ASM-DAI-CNT-TAB-56X72-FRAME","table","56","72","30","0","4","56X72","RM-PWD-GENERIC","4.4064","powder","export"
"ASM-DAI-CNT-TAB-56X72-FRAME","table","56","72","30","0","4","56X72","RM-HRD-2X2-METAL-CAP","4","cap","export"
"ASM-DAI-CNT-TAB-56X96-FRAME","table","56","96","30","0","4","56X96","RM-MET-2X2-TUBING","63.72","2x2","export"
"ASM-DAI-CNT-TAB-56X96-FRAME","table","56","96","30","0","4","56X96","RM-PWD-GENERIC","5.0976","powder","export"
"ASM-DAI-CNT-TAB-56X96-FRAME","table","56","96","30","0","4","56X96","RM-HRD-2X2-METAL-CAP","4","cap","export"
"ASM-DAI-CNT-TAB-72X42-FRAME","table","72","42","30","0","4","72X42","RM-MET-2X2-TUBING","50.04","2x2","export"
"ASM-DAI-CNT-TAB-72X42-FRAME","table","72","42","30","0","4","72X42","RM-PWD-GENERIC","4.0032","powder","export"
"ASM-DAI-CNT-TAB-72X42-FRAME","table","72","42","30","0","4","72X42","RM-HRD-2X2-METAL-CAP","4","cap","export"
"ASM-DAI-CNT-TAB-72X56-FRAME","table","72","56","30","0","4","72X56","RM-MET-2X2-TUBING","55.08","2x2","export"
"ASM-DAI-CNT-TAB-72X56-FRAME","table","72","56","30","0","4","72X56","RM-PWD-GENERIC","4.4064","powder","export"
"ASM-DAI-CNT-TAB-72X56-FRAME","table","72","56","30","0","4","72X56","RM-HRD-2X2-METAL-CAP","4","cap","export"
"ASM-DAI-CNT-TAB-96X42-FRAME","table","96","42","30","0","4","96X42","RM-MET-2X2-TUBING","58.68","2x2","export"
"ASM-DAI-CNT-TAB-96X42-FRAME","table","96","42","30","0","4","96X42","RM-PWD-GENERIC","4.6944","powder","export"
"ASM-DAI-CNT-TAB-96X42-FRAME","table","96","42","30","0","4","96X42","RM-HRD-2X2-METAL-CAP","4","cap","export"
"ASM-DAI-CNT-TAB-96X56-FRAME","table","96","56","30","0","4","96X56","RM-MET-2X2-TUBING","63.72","2x2","export"
"ASM-DAI-CNT-TAB-96X56-FRAME","table","96","56","30","0","4","96X56","RM-PWD-GENERIC","5.0976","powder","export"
"ASM-DAI-CNT-TAB-96X56-FRAME","table","96","56","30","0","4","96X56","RM-HRD-2X2-METAL-CAP","4","cap","export"
"ASM-DAI-DIN-TAB-120X42-FRAME","table","120","42","30","0","4","120X42","RM-MET-2X2-TUBING","67.32","2x2","export"
"ASM-DAI-DIN-TAB-120X42-FRAME","table","120","42","30","0","4","120X42","RM-PWD-GENERIC","5.3856","powder","export"
"ASM-DAI-DIN-TAB-120X42-FRAME","table","120","42","30","0","4","120X42","RM-HRD-2X2-METAL-CAP","4","cap","export"
"ASM-DAI-DIN-TAB-120X56-FRAME","table","120","56","30","0","4","120X56","RM-MET-2X2-TUBING","72.36","2x2","export"
"ASM-DAI-DIN-TAB-120X56-FRAME","table","120","56","30","0","4","120X56","RM-PWD-GENERIC","5.7888","powder","export"
"ASM-DAI-DIN-TAB-120X56-FRAME","table","120","56","30","0","4","120X56","RM-HRD-2X2-METAL-CAP","4","cap","export"
"ASM-DAI-DIN-TAB-42X30-FRAME","table","42","30","30","0","4","42X30","RM-MET-2X2-TUBING","34.92","2x2","export"
"ASM-DAI-DIN-TAB-42X30-FRAME","table","42","30","30","0","4","42X30","RM-PWD-GENERIC","2.7936","powder","export"
"ASM-DAI-DIN-TAB-42X30-FRAME","table","42","30","30","0","4","42X30","RM-HRD-2X2-METAL-CAP","4","cap","export"
"ASM-DAI-DIN-TAB-42X42-FRAME","table","42","42","30","0","4","42X42","RM-MET-2X2-TUBING","39.24","2x2","export"
"ASM-DAI-DIN-TAB-42X42-FRAME","table","42","42","30","0","4","42X42","RM-PWD-GENERIC","3.1392","powder","export"
"ASM-DAI-DIN-TAB-42X42-FRAME","table","42","42","30","0","4","42X42","RM-HRD-2X2-METAL-CAP","4","cap","export"
"ASM-DAI-DIN-TAB-56X30-FRAME","table","56","30","30","0","4","56X30","RM-MET-2X2-TUBING","39.96","2x2","export"
"ASM-DAI-DIN-TAB-56X30-FRAME","table","56","30","30","0","4","56X30","RM-PWD-GENERIC","3.1968","powder","export"
"ASM-DAI-DIN-TAB-56X30-FRAME","table","56","30","30","0","4","56X30","RM-HRD-2X2-METAL-CAP","4","cap","export"
"ASM-DAI-DIN-TAB-56X56-FRAME","table","56","56","30","0","4","56X56","RM-MET-2X2-TUBING","49.32","2x2","export"
"ASM-DAI-DIN-TAB-56X56-FRAME","table","56","56","30","0","4","56X56","RM-PWD-GENERIC","3.9456","powder","export"
"ASM-DAI-DIN-TAB-56X56-FRAME","table","56","56","30","0","4","56X56","RM-HRD-2X2-METAL-CAP","4","cap","export"
"ASM-DAI-DIN-TAB-56X72-FRAME","table","56","72","30","0","4","56X72","RM-MET-2X2-TUBING","55.08","2x2","export"
"ASM-DAI-DIN-TAB-56X72-FRAME","table","56","72","30","0","4","56X72","RM-PWD-GENERIC","4.4064","powder","export"
"ASM-DAI-DIN-TAB-56X72-FRAME","table","56","72","30","0","4","56X72","RM-HRD-2X2-METAL-CAP","4","cap","export"
"ASM-DAI-DIN-TAB-56X96-FRAME","table","56","96","30","0","4","56X96","RM-MET-2X2-TUBING","63.72","2x2","export"
"ASM-DAI-DIN-TAB-56X96-FRAME","table","56","96","30","0","4","56X96","RM-PWD-GENERIC","5.0976","powder","export"
"ASM-DAI-DIN-TAB-56X96-FRAME","table","56","96","30","0","4","56X96","RM-HRD-2X2-METAL-CAP","4","cap","export"
"ASM-DAI-DIN-TAB-72X42-FRAME","table","72","42","30","0","4","72X42","RM-MET-2X2-TUBING","50.04","2x2","export"
"ASM-DAI-DIN-TAB-72X42-FRAME","table","72","42","30","0","4","72X42","RM-PWD-GENERIC","4.0032","powder","export"
"ASM-DAI-DIN-TAB-72X42-FRAME","table","72","42","30","0","4","72X42","RM-HRD-2X2-METAL-CAP","4","cap","export"
"ASM-DAI-DIN-TAB-72X56-FRAME","table","72","56","30","0","4","72X56","RM-MET-2X2-TUBING","55.08","2x2","export"
"ASM-DAI-DIN-TAB-72X56-FRAME","table","72","56","30","0","4","72X56","RM-PWD-GENERIC","4.4064","powder","export"
"ASM-DAI-DIN-TAB-72X56-FRAME","table","72","56","30","0","4","72X56","RM-HRD-2X2-METAL-CAP","4","cap","export"
"ASM-DAI-DIN-TAB-96X42-FRAME","table","96","42","30","0","4","96X42","RM-MET-2X2-TUBING","58.68","2x2","export"
"ASM-DAI-DIN-TAB-96X42-FRAME","table","96","42","30","0","4","96X42","RM-PWD-GENERIC","4.6944","powder","export"
"ASM-DAI-DIN-TAB-96X42-FRAME","table","96","42","30","0","4","96X42","RM-HRD-2X2-METAL-CAP","4","cap","export"
"ASM-DAI-DIN-TAB-96X56-FRAME","table","96","56","30","0","4","96X56","RM-MET-2X2-TUBING","63.72","2x2","export"
"ASM-DAI-DIN-TAB-96X56-FRAME","table","96","56","30","0","4","96X56","RM-PWD-GENERIC","5.0976","powder","export"
"ASM-DAI-DIN-TAB-96X56-FRAME","table","96","56","30","0","4","96X56","RM-HRD-2X2-METAL-CAP","4","cap","export"
"ASM-DAI-FIR-TAB-42X42-FRAME","table","42","42","30","0","4","42X42","RM-MET-2X2-TUBING","39.24","2x2","export"
"ASM-DAI-FIR-TAB-42X42-FRAME","table","42","42","30","0","4","42X42","RM-PWD-GENERIC","3.1392","powder","export"
"ASM-DAI-FIR-TAB-42X42-FRAME","table","42","42","30","0","4","42X42","RM-HRD-2X2-METAL-CAP","4","cap","export"
"ASM-DAI-FIR-TAB-56X42-FRAME","table","56","42","30","0","4","56X42","RM-MET-2X2-TUBING","44.28","2x2","export"
"ASM-DAI-FIR-TAB-56X42-FRAME","table","56","42","30","0","4","56X42","RM-PWD-GENERIC","3.5424","powder","export"
"ASM-DAI-FIR-TAB-56X42-FRAME","table","56","42","30","0","4","56X42","RM-HRD-2X2-METAL-CAP","4","cap","export"
"ASM-DAI-FIR-TAB-84X56-FRAME","table","84","56","30","0","4","84X56","RM-MET-2X2-TUBING","59.4","2x2","export"
"ASM-DAI-FIR-TAB-84X56-FRAME","table","84","56","30","0","4","84X56","RM-PWD-GENERIC","4.752","powder","export"
"ASM-DAI-FIR-TAB-84X56-FRAME","table","84","56","30","0","4","84X56","RM-HRD-2X2-METAL-CAP","4","cap","export"
"ASM-DAI-FIR-TAB-96X56-FRAME","table","96","56","30","0","4","96X56","RM-MET-2X2-TUBING","63.72","2x2","export"
"ASM-DAI-FIR-TAB-96X56-FRAME","table","96","56","30","0","4","96X56","RM-PWD-GENERIC","5.0976","powder","export"
"ASM-DAI-FIR-TAB-96X56-FRAME","table","96","56","30","0","4","96X56","RM-HRD-2X2-METAL-CAP","4","cap","export"
"ASM-DAI-TAB-108X56-FRAME","table","108","56","16","0","4","108X56","RM-MET-2X2-TUBING","63","2x2","export"
"ASM-DAI-TAB-108X56-FRAME","table","108","56","16","0","4","108X56","RM-PWD-GENERIC","5.04","powder","export"
"ASM-DAI-TAB-108X56-FRAME","table","108","56","16","0","4","108X56","RM-HRD-2X2-METAL-CAP","4","cap","export"
"ASM-DAI-TAB-72X42-FRAME","table","72","42","16","0","4","72X42","RM-MET-2X2-TUBING","45","2x2","export"
"ASM-DAI-TAB-72X42-FRAME","table","72","42","16","0","4","72X42","RM-PWD-GENERIC","3.6","powder","export"
"ASM-DAI-TAB-72X42-FRAME","table","72","42","16","0","4","72X42","RM-HRD-2X2-METAL-CAP","4","cap","export"
"ASM-ESY-CHS-FRAME","skip","","","","","","","","","","could not parse WxD from SKU"
"ASM-FLY-BCH-42X18-FRAME","seating","42","18","0","2","4","42X18","RM-MET-2X2-TUBING","29.34","2x2","export"
"ASM-FLY-BCH-42X18-FRAME","seating","42","18","0","2","4","42X18","RM-MET-15X075-TUBING","6.3","slat","export"
"ASM-FLY-BCH-42X18-FRAME","seating","42","18","0","2","4","42X18","RM-MET-FLATBAR","6.84","flatbar","export"
"ASM-FLY-BCH-42X18-FRAME","seating","42","18","0","2","4","42X18","RM-PWD-GENERIC","2.8512","powder","export"
"ASM-FLY-BCH-42X18-FRAME","seating","42","18","0","2","4","42X18","RM-HRD-2X2-METAL-CAP","4","cap","export"
"ASM-FLY-DIN-CHA-18X18-FRAME","table","18","18","30","0","4","18X18","RM-MET-2X2-TUBING","21.96","2x2","export"
"ASM-FLY-DIN-CHA-18X18-FRAME","table","18","18","30","0","4","18X18","RM-PWD-GENERIC","1.7568","powder","export"
"ASM-FLY-DIN-CHA-18X18-FRAME","table","18","18","30","0","4","18X18","RM-HRD-2X2-METAL-CAP","4","cap","export"
"ASM-FLY-FLY-BST-18X18-FRAME","seating","18","18","0","2","4","18X18","RM-MET-2X2-TUBING","20.7","2x2","export"
"ASM-FLY-FLY-BST-18X18-FRAME","seating","18","18","0","2","4","18X18","RM-MET-15X075-TUBING","5.04","slat","export"
"ASM-FLY-FLY-BST-18X18-FRAME","seating","18","18","0","2","4","18X18","RM-MET-FLATBAR","2.52","flatbar","export"
"ASM-FLY-FLY-BST-18X18-FRAME","seating","18","18","0","2","4","18X18","RM-PWD-GENERIC","2.0592","powder","export"
"ASM-FLY-FLY-BST-18X18-FRAME","seating","18","18","0","2","4","18X18","RM-HRD-2X2-METAL-CAP","4","cap","export"
"ASM-FLY-LEG-BAR-COU-HEI-FRAME","skip","","","","","","","","","","could not parse WxD from SKU"
"ASM-FLY-LEG-BEN-COU-HEI-42-FRAME","seating","42","34","0","2","4","42 (+default D=34)","RM-MET-2X2-TUBING","35.1","2x2","export"
"ASM-FLY-LEG-BEN-COU-HEI-42-FRAME","seating","42","34","0","2","4","42 (+default D=34)","RM-MET-15X075-TUBING","13.5","slat","export"
"ASM-FLY-LEG-BEN-COU-HEI-42-FRAME","seating","42","34","0","2","4","42 (+default D=34)","RM-MET-FLATBAR","6.84","flatbar","export"
"ASM-FLY-LEG-BEN-COU-HEI-42-FRAME","seating","42","34","0","2","4","42 (+default D=34)","RM-PWD-GENERIC","3.888","powder","export"
"ASM-FLY-LEG-BEN-COU-HEI-42-FRAME","seating","42","34","0","2","4","42 (+default D=34)","RM-HRD-2X2-METAL-CAP","4","cap","export"
"ASM-FLY-LEG-BEN-DIN-HEI-42-FRAME","table","42","34","30","0","4","42 (+default D=34)","RM-MET-2X2-TUBING","36.36","2x2","export"
"ASM-FLY-LEG-BEN-DIN-HEI-42-FRAME","table","42","34","30","0","4","42 (+default D=34)","RM-PWD-GENERIC","2.9088","powder","export"
"ASM-FLY-LEG-BEN-DIN-HEI-42-FRAME","table","42","34","30","0","4","42 (+default D=34)","RM-HRD-2X2-METAL-CAP","4","cap","export"
"ASM-FLY-TAB-38X8-FRAME","skip","","","","","","","","","","could not parse WxD from SKU"
"ASM-FLY-TAB-60X12-FRAME","table","60","12","16","0","4","60X12","RM-MET-2X2-TUBING","29.88","2x2","export"
"ASM-FLY-TAB-60X12-FRAME","table","60","12","16","0","4","60X12","RM-PWD-GENERIC","2.3904","powder","export"
"ASM-FLY-TAB-60X12-FRAME","table","60","12","16","0","4","60X12","RM-HRD-2X2-METAL-CAP","4","cap","export"
"ASM-FLY-TAB-72X12-FRAME","table","72","12","16","0","4","72X12","RM-MET-2X2-TUBING","34.2","2x2","export"
"ASM-FLY-TAB-72X12-FRAME","table","72","12","16","0","4","72X12","RM-PWD-GENERIC","2.736","powder","export"
"ASM-FLY-TAB-72X12-FRAME","table","72","12","16","0","4","72X12","RM-HRD-2X2-METAL-CAP","4","cap","export"
"ASM-FLY-TAB-84X12-FRAME","table","84","12","16","0","4","84X12","RM-MET-2X2-TUBING","38.52","2x2","export"
"ASM-FLY-TAB-84X12-FRAME","table","84","12","16","0","4","84X12","RM-PWD-GENERIC","3.0816","powder","export"
"ASM-FLY-TAB-84X12-FRAME","table","84","12","16","0","4","84X12","RM-HRD-2X2-METAL-CAP","4","cap","export"
"ASM-FLY-TAB-96X12-FRAME","table","96","12","16","0","4","96X12","RM-MET-2X2-TUBING","42.84","2x2","export"
"ASM-FLY-TAB-96X12-FRAME","table","96","12","16","0","4","96X12","RM-PWD-GENERIC","3.4272","powder","export"
"ASM-FLY-TAB-96X12-FRAME","table","96","12","16","0","4","96X12","RM-HRD-2X2-METAL-CAP","4","cap","export"
"ASM-HAL-BAC-BAR-BAR-HEI-FRAME","skip","","","","","","","","","","could not parse WxD from SKU"
"ASM-LED-CHA-FRAME","skip","","","","","","","","","","could not parse WxD from SKU"
"ASM-LED-SID-TAB-FRAME","skip","","","","","","","","","","could not parse WxD from SKU"
"ASM-MIS-DIN-BCH-72X22-FRAME","table","72","22","30","0","4","72X22","RM-MET-2X2-TUBING","42.84","2x2","export"
"ASM-MIS-DIN-BCH-72X22-FRAME","table","72","22","30","0","4","72X22","RM-PWD-GENERIC","3.4272","powder","export"
"ASM-MIS-DIN-BCH-72X22-FRAME","table","72","22","30","0","4","72X22","RM-HRD-2X2-METAL-CAP","4","cap","export"
"ASM-MIS-DIN-BCH-96X22-FRAME","table","96","22","30","0","4","96X22","RM-MET-2X2-TUBING","51.48","2x2","export"
"ASM-MIS-DIN-BCH-96X22-FRAME","table","96","22","30","0","4","96X22","RM-PWD-GENERIC","4.1184","powder","export"
"ASM-MIS-DIN-BCH-96X22-FRAME","table","96","22","30","0","4","96X22","RM-HRD-2X2-METAL-CAP","4","cap","export"
"ASM-MIS-DIN-CHA-17X21-FRAME","table","17","21","30","0","4","17X21","RM-MET-2X2-TUBING","22.68","2x2","export"
"ASM-MIS-DIN-CHA-17X21-FRAME","table","17","21","30","0","4","17X21","RM-PWD-GENERIC","1.8144","powder","export"
"ASM-MIS-DIN-CHA-17X21-FRAME","table","17","21","30","0","4","17X21","RM-HRD-2X2-METAL-CAP","4","cap","export"
"ASM-MIS-FIR-TAB-42X42-FRAME","table","42","42","30","0","4","42X42","RM-MET-2X2-TUBING","39.24","2x2","export"
"ASM-MIS-FIR-TAB-42X42-FRAME","table","42","42","30","0","4","42X42","RM-PWD-GENERIC","3.1392","powder","export"
"ASM-MIS-FIR-TAB-42X42-FRAME","table","42","42","30","0","4","42X42","RM-HRD-2X2-METAL-CAP","4","cap","export"
"ASM-MIS-FLY-BST-17X21-FRAME","seating","17","21","0","2","4","17X21","RM-MET-2X2-TUBING","21.42","2x2","export"
"ASM-MIS-FLY-BST-17X21-FRAME","seating","17","21","0","2","4","17X21","RM-MET-15X075-TUBING","6.12","slat","export"
"ASM-MIS-FLY-BST-17X21-FRAME","seating","17","21","0","2","4","17X21","RM-MET-FLATBAR","2.34","flatbar","export"
"ASM-MIS-FLY-BST-17X21-FRAME","seating","17","21","0","2","4","17X21","RM-PWD-GENERIC","2.2032","powder","export"
"ASM-MIS-FLY-BST-17X21-FRAME","seating","17","21","0","2","4","17X21","RM-HRD-2X2-METAL-CAP","4","cap","export"
"ASM-MIS-OTT-22X22-FRAME","seating","22","22","0","2","4","22X22","RM-MET-2X2-TUBING","23.58","2x2","export"
"ASM-MIS-OTT-22X22-FRAME","seating","22","22","0","2","4","22X22","RM-MET-15X075-TUBING","6.48","slat","export"
"ASM-MIS-OTT-22X22-FRAME","seating","22","22","0","2","4","22X22","RM-MET-FLATBAR","3.24","flatbar","export"
"ASM-MIS-OTT-22X22-FRAME","seating","22","22","0","2","4","22X22","RM-PWD-GENERIC","2.4048","powder","export"
"ASM-MIS-OTT-22X22-FRAME","seating","22","22","0","2","4","22X22","RM-HRD-2X2-METAL-CAP","4","cap","export"
"ASM-MIS-SID-TAB-13X30-FRAME","table","13","30","16","0","4","13X30","RM-MET-2X2-TUBING","19.44","2x2","export"
"ASM-MIS-SID-TAB-13X30-FRAME","table","13","30","16","0","4","13X30","RM-PWD-GENERIC","1.5552","powder","export"
"ASM-MIS-SID-TAB-13X30-FRAME","table","13","30","16","0","4","13X30","RM-HRD-2X2-METAL-CAP","4","cap","export"
"ASM-MIS-TAB-13X30-FRAME","table","13","30","16","0","4","13X30","RM-MET-2X2-TUBING","19.44","2x2","export"
"ASM-MIS-TAB-13X30-FRAME","table","13","30","16","0","4","13X30","RM-PWD-GENERIC","1.5552","powder","export"
"ASM-MIS-TAB-13X30-FRAME","table","13","30","16","0","4","13X30","RM-HRD-2X2-METAL-CAP","4","cap","export"
"ASM-MLN-CLB-CHA-32X36-FRAME","seating","32","36","0","2","4","32X36","RM-MET-2X2-TUBING","32.22","2x2","export"
"ASM-MLN-CLB-CHA-32X36-FRAME","seating","32","36","0","2","4","32X36","RM-MET-15X075-TUBING","11.52","slat","export"
"ASM-MLN-CLB-CHA-32X36-FRAME","seating","32","36","0","2","4","32X36","RM-MET-FLATBAR","5.04","flatbar","export"
"ASM-MLN-CLB-CHA-32X36-FRAME","seating","32","36","0","2","4","32X36","RM-PWD-GENERIC","3.4992","powder","export"
"ASM-MLN-CLB-CHA-32X36-FRAME","seating","32","36","0","2","4","32X36","RM-HRD-2X2-METAL-CAP","4","cap","export"
"ASM-MLN-OTT-22X60-FRAME","seating","22","60","0","2","4","22X60","RM-MET-2X2-TUBING","37.26","2x2","export"
"ASM-MLN-OTT-22X60-FRAME","seating","22","60","0","2","4","22X60","RM-MET-15X075-TUBING","20.16","slat","export"
"ASM-MLN-OTT-22X60-FRAME","seating","22","60","0","2","4","22X60","RM-MET-FLATBAR","3.24","flatbar","export"
"ASM-MLN-OTT-22X60-FRAME","seating","22","60","0","2","4","22X60","RM-PWD-GENERIC","4.5936","powder","export"
"ASM-MLN-OTT-22X60-FRAME","seating","22","60","0","2","4","22X60","RM-HRD-2X2-METAL-CAP","4","cap","export"
"ASM-MLN-OTT-22X72-FRAME","seating","22","72","0","2","4","22X72","RM-MET-2X2-TUBING","41.58","2x2","export"
"ASM-MLN-OTT-22X72-FRAME","seating","22","72","0","2","4","22X72","RM-MET-15X075-TUBING","24.48","slat","export"
"ASM-MLN-OTT-22X72-FRAME","seating","22","72","0","2","4","22X72","RM-MET-FLATBAR","3.24","flatbar","export"
"ASM-MLN-OTT-22X72-FRAME","seating","22","72","0","2","4","22X72","RM-PWD-GENERIC","5.2848","powder","export"
"ASM-MLN-OTT-22X72-FRAME","seating","22","72","0","2","4","22X72","RM-HRD-2X2-METAL-CAP","4","cap","export"
"ASM-MLN-OTT-34X34-FRAME","seating","34","34","0","2","4","34X34","RM-MET-2X2-TUBING","32.22","2x2","export"
"ASM-MLN-OTT-34X34-FRAME","seating","34","34","0","2","4","34X34","RM-MET-15X075-TUBING","10.8","slat","export"
"ASM-MLN-OTT-34X34-FRAME","seating","34","34","0","2","4","34X34","RM-MET-FLATBAR","5.4","flatbar","export"
"ASM-MLN-OTT-34X34-FRAME","seating","34","34","0","2","4","34X34","RM-PWD-GENERIC","3.4416","powder","export"
"ASM-MLN-OTT-34X34-FRAME","seating","34","34","0","2","4","34X34","RM-HRD-2X2-METAL-CAP","4","cap","export"
"ASM-MLN-OTT-34X42-FRAME","seating","34","42","0","2","4","34X42","RM-MET-2X2-TUBING","35.1","2x2","export"
"ASM-MLN-OTT-34X42-FRAME","seating","34","42","0","2","4","34X42","RM-MET-15X075-TUBING","13.68","slat","export"
"ASM-MLN-OTT-34X42-FRAME","seating","34","42","0","2","4","34X42","RM-MET-FLATBAR","5.4","flatbar","export"
"ASM-MLN-OTT-34X42-FRAME","seating","34","42","0","2","4","34X42","RM-PWD-GENERIC","3.9024","powder","export"
"ASM-MLN-OTT-34X42-FRAME","seating","34","42","0","2","4","34X42","RM-HRD-2X2-METAL-CAP","4","cap","export"
"ASM-MLN-OTT-34X60-FRAME","seating","34","60","0","2","4","34X60","RM-MET-2X2-TUBING","41.58","2x2","export"
"ASM-MLN-OTT-34X60-FRAME","seating","34","60","0","2","4","34X60","RM-MET-15X075-TUBING","20.16","slat","export"
"ASM-MLN-OTT-34X60-FRAME","seating","34","60","0","2","4","34X60","RM-MET-FLATBAR","5.4","flatbar","export"
"ASM-MLN-OTT-34X60-FRAME","seating","34","60","0","2","4","34X60","RM-PWD-GENERIC","4.9392","powder","export"
"ASM-MLN-OTT-34X60-FRAME","seating","34","60","0","2","4","34X60","RM-HRD-2X2-METAL-CAP","4","cap","export"
"ASM-MLN-OTT-34X72-FRAME","seating","34","72","0","2","4","34X72","RM-MET-2X2-TUBING","45.9","2x2","export"
"ASM-MLN-OTT-34X72-FRAME","seating","34","72","0","2","4","34X72","RM-MET-15X075-TUBING","24.48","slat","export"
"ASM-MLN-OTT-34X72-FRAME","seating","34","72","0","2","4","34X72","RM-MET-FLATBAR","5.4","flatbar","export"
"ASM-MLN-OTT-34X72-FRAME","seating","34","72","0","2","4","34X72","RM-PWD-GENERIC","5.6304","powder","export"
"ASM-MLN-OTT-34X72-FRAME","seating","34","72","0","2","4","34X72","RM-HRD-2X2-METAL-CAP","4","cap","export"
"ASM-MLN-OTT-56X42-FRAME","seating","56","42","0","2","4","56X42","RM-MET-2X2-TUBING","43.02","2x2","export"
"ASM-MLN-OTT-56X42-FRAME","seating","56","42","0","2","4","56X42","RM-MET-15X075-TUBING","23.94","slat","export"
"ASM-MLN-OTT-56X42-FRAME","seating","56","42","0","2","4","56X42","RM-MET-FLATBAR","9.36","flatbar","export"
"ASM-MLN-OTT-56X42-FRAME","seating","56","42","0","2","4","56X42","RM-PWD-GENERIC","5.3568","powder","export"
"ASM-MLN-OTT-56X42-FRAME","seating","56","42","0","2","4","56X42","RM-HRD-2X2-METAL-CAP","4","cap","export"
"ASM-MLN-SOF-60X62-FRAME","seating","60","62","0","2","4","60X62","RM-MET-2X2-TUBING","51.66","2x2","export"
"ASM-MLN-SOF-60X62-FRAME","seating","60","62","0","2","4","60X62","RM-MET-15X075-TUBING","36.54","slat","export"
"ASM-MLN-SOF-60X62-FRAME","seating","60","62","0","2","4","60X62","RM-MET-FLATBAR","10.08","flatbar","export"
"ASM-MLN-SOF-60X62-FRAME","seating","60","62","0","2","4","60X62","RM-PWD-GENERIC","7.056","powder","export"
"ASM-MLN-SOF-60X62-FRAME","seating","60","62","0","2","4","60X62","RM-HRD-2X2-METAL-CAP","4","cap","export"
"ASM-MLN-SOF-62X42-FRAME","seating","62","42","0","2","4","62X42","RM-MET-2X2-TUBING","45.18","2x2","export"
"ASM-MLN-SOF-62X42-FRAME","seating","62","42","0","2","4","62X42","RM-MET-15X075-TUBING","23.94","slat","export"
"ASM-MLN-SOF-62X42-FRAME","seating","62","42","0","2","4","62X42","RM-MET-FLATBAR","10.44","flatbar","export"
"ASM-MLN-SOF-62X42-FRAME","seating","62","42","0","2","4","62X42","RM-PWD-GENERIC","5.5296","powder","export"
"ASM-MLN-SOF-62X42-FRAME","seating","62","42","0","2","4","62X42","RM-HRD-2X2-METAL-CAP","4","cap","export"
"ASM-MLN-SOF-72X36-FRAME","seating","72","36","0","2","6","72X36","RM-MET-2X2-TUBING","48.06","2x2","export"
"ASM-MLN-SOF-72X36-FRAME","seating","72","36","0","2","6","72X36","RM-MET-15X075-TUBING","23.04","slat","export"
"ASM-MLN-SOF-72X36-FRAME","seating","72","36","0","2","6","72X36","RM-MET-FLATBAR","12.24","flatbar","export"
"ASM-MLN-SOF-72X36-FRAME","seating","72","36","0","2","6","72X36","RM-PWD-GENERIC","5.688","powder","export"
"ASM-MLN-SOF-72X36-FRAME","seating","72","36","0","2","6","72X36","RM-HRD-2X2-METAL-CAP","6","cap","export"
"ASM-MLN-SOF-84X36-FRAME","seating","84","36","0","2","6","84X36","RM-MET-2X2-TUBING","52.38","2x2","export"
"ASM-MLN-SOF-84X36-FRAME","seating","84","36","0","2","6","84X36","RM-MET-15X075-TUBING","28.8","slat","export"
"ASM-MLN-SOF-84X36-FRAME","seating","84","36","0","2","6","84X36","RM-MET-FLATBAR","14.4","flatbar","export"
"ASM-MLN-SOF-84X36-FRAME","seating","84","36","0","2","6","84X36","RM-PWD-GENERIC","6.4944","powder","export"
"ASM-MLN-SOF-84X36-FRAME","seating","84","36","0","2","6","84X36","RM-HRD-2X2-METAL-CAP","6","cap","export"
"ASM-MLN-SOF-96X36-FRAME","seating","96","36","0","2","6","96X36","RM-MET-2X2-TUBING","56.7","2x2","export"
"ASM-MLN-SOF-96X36-FRAME","seating","96","36","0","2","6","96X36","RM-MET-15X075-TUBING","31.68","slat","export"
"ASM-MLN-SOF-96X36-FRAME","seating","96","36","0","2","6","96X36","RM-MET-FLATBAR","16.56","flatbar","export"
"ASM-MLN-SOF-96X36-FRAME","seating","96","36","0","2","6","96X36","RM-PWD-GENERIC","7.0704","powder","export"
"ASM-MLN-SOF-96X36-FRAME","seating","96","36","0","2","6","96X36","RM-HRD-2X2-METAL-CAP","6","cap","export"
"ASM-MLN-TAB-56X14-FRAME","table","56","14","16","0","4","56X14","RM-MET-2X2-TUBING","29.16","2x2","export"
"ASM-MLN-TAB-56X14-FRAME","table","56","14","16","0","4","56X14","RM-PWD-GENERIC","2.3328","powder","export"
"ASM-MLN-TAB-56X14-FRAME","table","56","14","16","0","4","56X14","RM-HRD-2X2-METAL-CAP","4","cap","export"
"ASM-OCC-TAB-56X14-FRAME","table","56","14","16","0","4","56X14","RM-MET-2X2-TUBING","29.16","2x2","export"
"ASM-OCC-TAB-56X14-FRAME","table","56","14","16","0","4","56X14","RM-PWD-GENERIC","2.3328","powder","export"
"ASM-OCC-TAB-56X14-FRAME","table","56","14","16","0","4","56X14","RM-HRD-2X2-METAL-CAP","4","cap","export"
"ASM-OCN-COF-TAB-28X42-FRAME","table","28","42","16","0","4","28X42","RM-MET-2X2-TUBING","29.16","2x2","export"
"ASM-OCN-COF-TAB-28X42-FRAME","table","28","42","16","0","4","28X42","RM-PWD-GENERIC","2.3328","powder","export"
"ASM-OCN-COF-TAB-28X42-FRAME","table","28","42","16","0","4","28X42","RM-HRD-2X2-METAL-CAP","4","cap","export"
"ASM-OCN-COF-TAB-28X56-FRAME","table","28","56","16","0","4","28X56","RM-MET-2X2-TUBING","34.2","2x2","export"
"ASM-OCN-COF-TAB-28X56-FRAME","table","28","56","16","0","4","28X56","RM-PWD-GENERIC","2.736","powder","export"
"ASM-OCN-COF-TAB-28X56-FRAME","table","28","56","16","0","4","28X56","RM-HRD-2X2-METAL-CAP","4","cap","export"
"ASM-OCN-COF-TAB-36X56-FRAME","table","36","56","16","0","4","36X56","RM-MET-2X2-TUBING","37.08","2x2","export"
"ASM-OCN-COF-TAB-36X56-FRAME","table","36","56","16","0","4","36X56","RM-PWD-GENERIC","2.9664","powder","export"
"ASM-OCN-COF-TAB-36X56-FRAME","table","36","56","16","0","4","36X56","RM-HRD-2X2-METAL-CAP","4","cap","export"
"ASM-OCN-COF-TAB-36X72-FRAME","table","36","72","16","0","4","36X72","RM-MET-2X2-TUBING","42.84","2x2","export"
"ASM-OCN-COF-TAB-36X72-FRAME","table","36","72","16","0","4","36X72","RM-PWD-GENERIC","3.4272","powder","export"
"ASM-OCN-COF-TAB-36X72-FRAME","table","36","72","16","0","4","36X72","RM-HRD-2X2-METAL-CAP","4","cap","export"
"ASM-OCN-COF-TAB-42X56-FRAME","table","42","56","16","0","4","42X56","RM-MET-2X2-TUBING","39.24","2x2","export"
"ASM-OCN-COF-TAB-42X56-FRAME","table","42","56","16","0","4","42X56","RM-PWD-GENERIC","3.1392","powder","export"
"ASM-OCN-COF-TAB-42X56-FRAME","table","42","56","16","0","4","42X56","RM-HRD-2X2-METAL-CAP","4","cap","export"
"ASM-OCN-COF-TAB-42X72-FRAME","table","42","72","16","0","4","42X72","RM-MET-2X2-TUBING","45","2x2","export"
"ASM-OCN-COF-TAB-42X72-FRAME","table","42","72","16","0","4","42X72","RM-PWD-GENERIC","3.6","powder","export"
"ASM-OCN-COF-TAB-42X72-FRAME","table","42","72","16","0","4","42X72","RM-HRD-2X2-METAL-CAP","4","cap","export"
"ASM-OCN-COF-TAB-56X72-FRAME","table","56","72","16","0","4","56X72","RM-MET-2X2-TUBING","50.04","2x2","export"
"ASM-OCN-COF-TAB-56X72-FRAME","table","56","72","16","0","4","56X72","RM-PWD-GENERIC","4.0032","powder","export"
"ASM-OCN-COF-TAB-56X72-FRAME","table","56","72","16","0","4","56X72","RM-HRD-2X2-METAL-CAP","4","cap","export"
"ASM-OCN-MIN-LOV-48X38-FRAME","seating","48","38","0","2","4","48X38","RM-MET-2X2-TUBING","38.7","2x2","export"
"ASM-OCN-MIN-LOV-48X38-FRAME","seating","48","38","0","2","4","48X38","RM-MET-15X075-TUBING","18.36","slat","export"
"ASM-OCN-MIN-LOV-48X38-FRAME","seating","48","38","0","2","4","48X38","RM-MET-FLATBAR","7.92","flatbar","export"
"ASM-OCN-MIN-LOV-48X38-FRAME","seating","48","38","0","2","4","48X38","RM-PWD-GENERIC","4.5648","powder","export"
"ASM-OCN-MIN-LOV-48X38-FRAME","seating","48","38","0","2","4","48X38","RM-HRD-2X2-METAL-CAP","4","cap","export"
"ASM-OCN-MIN-LOV-FRAME","skip","","","","","","","","","","could not parse WxD from SKU"
"ASM-OCN-SID-TAB-12-FRAME","skip","","","","","","","","","","could not parse WxD from SKU"
"ASM-OCN-SID-TAB-13X30-FRAME","table","13","30","16","0","4","13X30","RM-MET-2X2-TUBING","19.44","2x2","export"
"ASM-OCN-SID-TAB-13X30-FRAME","table","13","30","16","0","4","13X30","RM-PWD-GENERIC","1.5552","powder","export"
"ASM-OCN-SID-TAB-13X30-FRAME","table","13","30","16","0","4","13X30","RM-HRD-2X2-METAL-CAP","4","cap","export"
"ASM-OCN-SID-TAB-32X32-FRAME","table","32","32","16","0","4","32X32","RM-MET-2X2-TUBING","27","2x2","export"
"ASM-OCN-SID-TAB-32X32-FRAME","table","32","32","16","0","4","32X32","RM-PWD-GENERIC","2.16","powder","export"
"ASM-OCN-SID-TAB-32X32-FRAME","table","32","32","16","0","4","32X32","RM-HRD-2X2-METAL-CAP","4","cap","export"
"ASM-OCN-SID-TAB-36X17-FRAME","table","36","17","16","0","4","36X17","RM-MET-2X2-TUBING","23.04","2x2","export"
"ASM-OCN-SID-TAB-36X17-FRAME","table","36","17","16","0","4","36X17","RM-PWD-GENERIC","1.8432","powder","export"
"ASM-OCN-SID-TAB-36X17-FRAME","table","36","17","16","0","4","36X17","RM-HRD-2X2-METAL-CAP","4","cap","export"
"ASM-OCN-SWV-CHA-34X38-FRAME","seating","34","38","0","2","4","34X38","RM-MET-2X2-TUBING","33.66","2x2","export"
"ASM-OCN-SWV-CHA-34X38-FRAME","seating","34","38","0","2","4","34X38","RM-MET-15X075-TUBING","12.24","slat","export"
"ASM-OCN-SWV-CHA-34X38-FRAME","seating","34","38","0","2","4","34X38","RM-MET-FLATBAR","5.4","flatbar","export"
"ASM-OCN-SWV-CHA-34X38-FRAME","seating","34","38","0","2","4","34X38","RM-PWD-GENERIC","3.672","powder","export"
"ASM-OCN-SWV-CHA-34X38-FRAME","seating","34","38","0","2","4","34X38","RM-HRD-2X2-METAL-CAP","4","cap","export"
"ASM-OCN-SWV-CHA-FRAME","skip","","","","","","","","","","could not parse WxD from SKU"
"ASM-OCN-TAB-13X30-FRAME","table","13","30","16","0","4","13X30","RM-MET-2X2-TUBING","19.44","2x2","export"
"ASM-OCN-TAB-13X30-FRAME","table","13","30","16","0","4","13X30","RM-PWD-GENERIC","1.5552","powder","export"
"ASM-OCN-TAB-13X30-FRAME","table","13","30","16","0","4","13X30","RM-HRD-2X2-METAL-CAP","4","cap","export"
"ASM-OCN-TAB-34X12-FRAME","table","34","12","16","0","4","34X12","RM-MET-2X2-TUBING","20.52","2x2","export"
"ASM-OCN-TAB-34X12-FRAME","table","34","12","16","0","4","34X12","RM-PWD-GENERIC","1.6416","powder","export"
"ASM-OCN-TAB-34X12-FRAME","table","34","12","16","0","4","34X12","RM-HRD-2X2-METAL-CAP","4","cap","export"
"ASM-OCN-TAB-72X12-FRAME","table","72","12","16","0","4","72X12","RM-MET-2X2-TUBING","34.2","2x2","export"
"ASM-OCN-TAB-72X12-FRAME","table","72","12","16","0","4","72X12","RM-PWD-GENERIC","2.736","powder","export"
"ASM-OCN-TAB-72X12-FRAME","table","72","12","16","0","4","72X12","RM-HRD-2X2-METAL-CAP","4","cap","export"
"ASM-OCN-TAB-84X12-FRAME","table","84","12","16","0","4","84X12","RM-MET-2X2-TUBING","38.52","2x2","export"
"ASM-OCN-TAB-84X12-FRAME","table","84","12","16","0","4","84X12","RM-PWD-GENERIC","3.0816","powder","export"
"ASM-OCN-TAB-84X12-FRAME","table","84","12","16","0","4","84X12","RM-HRD-2X2-METAL-CAP","4","cap","export"
"ASM-OCN-TAB-96X12-FRAME","table","96","12","16","0","4","96X12","RM-MET-2X2-TUBING","42.84","2x2","export"
"ASM-OCN-TAB-96X12-FRAME","table","96","12","16","0","4","96X12","RM-PWD-GENERIC","3.4272","powder","export"
"ASM-OCN-TAB-96X12-FRAME","table","96","12","16","0","4","96X12","RM-HRD-2X2-METAL-CAP","4","cap","export"
"ASM-STA-BAR-TAB-36X36-FRAME","table","36","36","30","0","4","36X36","RM-MET-2X2-TUBING","34.92","2x2","export"
"ASM-STA-BAR-TAB-36X36-FRAME","table","36","36","30","0","4","36X36","RM-PWD-GENERIC","2.7936","powder","export"
"ASM-STA-BAR-TAB-36X36-FRAME","table","36","36","30","0","4","36X36","RM-HRD-2X2-METAL-CAP","4","cap","export"
"ASM-STA-BAR-TAB-42X42-FRAME","table","42","42","30","0","4","42X42","RM-MET-2X2-TUBING","39.24","2x2","export"
"ASM-STA-BAR-TAB-42X42-FRAME","table","42","42","30","0","4","42X42","RM-PWD-GENERIC","3.1392","powder","export"
"ASM-STA-BAR-TAB-42X42-FRAME","table","42","42","30","0","4","42X42","RM-HRD-2X2-METAL-CAP","4","cap","export"
"ASM-STA-BAR-TAB-72X36-FRAME","table","72","36","30","0","4","72X36","RM-MET-2X2-TUBING","47.88","2x2","export"
"ASM-STA-BAR-TAB-72X36-FRAME","table","72","36","30","0","4","72X36","RM-PWD-GENERIC","3.8304","powder","export"
"ASM-STA-BAR-TAB-72X36-FRAME","table","72","36","30","0","4","72X36","RM-HRD-2X2-METAL-CAP","4","cap","export"
"ASM-STA-CNT-TAB-36X36-FRAME","table","36","36","30","0","4","36X36","RM-MET-2X2-TUBING","34.92","2x2","export"
"ASM-STA-CNT-TAB-36X36-FRAME","table","36","36","30","0","4","36X36","RM-PWD-GENERIC","2.7936","powder","export"
"ASM-STA-CNT-TAB-36X36-FRAME","table","36","36","30","0","4","36X36","RM-HRD-2X2-METAL-CAP","4","cap","export"
"ASM-STA-CNT-TAB-42X42-FRAME","table","42","42","30","0","4","42X42","RM-MET-2X2-TUBING","39.24","2x2","export"
"ASM-STA-CNT-TAB-42X42-FRAME","table","42","42","30","0","4","42X42","RM-PWD-GENERIC","3.1392","powder","export"
"ASM-STA-CNT-TAB-42X42-FRAME","table","42","42","30","0","4","42X42","RM-HRD-2X2-METAL-CAP","4","cap","export"
"ASM-STA-CNT-TAB-72X36-FRAME","table","72","36","30","0","4","72X36","RM-MET-2X2-TUBING","47.88","2x2","export"
"ASM-STA-CNT-TAB-72X36-FRAME","table","72","36","30","0","4","72X36","RM-PWD-GENERIC","3.8304","powder","export"
"ASM-STA-CNT-TAB-72X36-FRAME","table","72","36","30","0","4","72X36","RM-HRD-2X2-METAL-CAP","4","cap","export"
"ASM-STA-DIN-TAB-36X36-FRAME","table","36","36","30","0","4","36X36","RM-MET-2X2-TUBING","34.92","2x2","export"
"ASM-STA-DIN-TAB-36X36-FRAME","table","36","36","30","0","4","36X36","RM-PWD-GENERIC","2.7936","powder","export"
"ASM-STA-DIN-TAB-36X36-FRAME","table","36","36","30","0","4","36X36","RM-HRD-2X2-METAL-CAP","4","cap","export"
"ASM-STA-DIN-TAB-42X42-FRAME","table","42","42","30","0","4","42X42","RM-MET-2X2-TUBING","39.24","2x2","export"
"ASM-STA-DIN-TAB-42X42-FRAME","table","42","42","30","0","4","42X42","RM-PWD-GENERIC","3.1392","powder","export"
"ASM-STA-DIN-TAB-42X42-FRAME","table","42","42","30","0","4","42X42","RM-HRD-2X2-METAL-CAP","4","cap","export"
"ASM-STA-DIN-TAB-72X36-FRAME","table","72","36","30","0","4","72X36","RM-MET-2X2-TUBING","47.88","2x2","export"
"ASM-STA-DIN-TAB-72X36-FRAME","table","72","36","30","0","4","72X36","RM-PWD-GENERIC","3.8304","powder","export"
"ASM-STA-DIN-TAB-72X36-FRAME","table","72","36","30","0","4","72X36","RM-HRD-2X2-METAL-CAP","4","cap","export"
"ASM-TAY-BAR-W-ARM-COU-HEI-FRAME","skip","","","","","","","","","","could not parse WxD from SKU"
"ASM-TAY-BCH-24X23-FRAME","seating","24","23","0","2","4","24X23","RM-MET-2X2-TUBING","24.66","2x2","export"
"ASM-TAY-BCH-24X23-FRAME","seating","24","23","0","2","4","24X23","RM-MET-15X075-TUBING","6.84","slat","export"
"ASM-TAY-BCH-24X23-FRAME","seating","24","23","0","2","4","24X23","RM-MET-FLATBAR","3.6","flatbar","export"
"ASM-TAY-BCH-24X23-FRAME","seating","24","23","0","2","4","24X23","RM-PWD-GENERIC","2.52","powder","export"
"ASM-TAY-BCH-24X23-FRAME","seating","24","23","0","2","4","24X23","RM-HRD-2X2-METAL-CAP","4","cap","export"
"ASM-TAY-BCH-42X23-FRAME","seating","42","23","0","2","4","42X23","RM-MET-2X2-TUBING","31.14","2x2","export"
"ASM-TAY-BCH-42X23-FRAME","seating","42","23","0","2","4","42X23","RM-MET-15X075-TUBING","8.55","slat","export"
"ASM-TAY-BCH-42X23-FRAME","seating","42","23","0","2","4","42X23","RM-MET-FLATBAR","6.84","flatbar","export"
"ASM-TAY-BCH-42X23-FRAME","seating","42","23","0","2","4","42X23","RM-PWD-GENERIC","3.1752","powder","export"
"ASM-TAY-BCH-42X23-FRAME","seating","42","23","0","2","4","42X23","RM-HRD-2X2-METAL-CAP","4","cap","export"
"ASM-TAY-BCH-72X23-FRAME","seating","72","23","0","2","6","72X23","RM-MET-2X2-TUBING","43.38","2x2","export"
"ASM-TAY-BCH-72X23-FRAME","seating","72","23","0","2","6","72X23","RM-MET-15X075-TUBING","13.68","slat","export"
"ASM-TAY-BCH-72X23-FRAME","seating","72","23","0","2","6","72X23","RM-MET-FLATBAR","12.24","flatbar","export"
"ASM-TAY-BCH-72X23-FRAME","seating","72","23","0","2","6","72X23","RM-PWD-GENERIC","4.5648","powder","export"
"ASM-TAY-BCH-72X23-FRAME","seating","72","23","0","2","6","72X23","RM-HRD-2X2-METAL-CAP","6","cap","export"
"ASM-TAY-BEN-BAR-HEI-72-FRAME","table","72","34","30","0","4","72 (+default D=34)","RM-MET-2X2-TUBING","47.16","2x2","export"
"ASM-TAY-BEN-BAR-HEI-72-FRAME","table","72","34","30","0","4","72 (+default D=34)","RM-PWD-GENERIC","3.7728","powder","export"
"ASM-TAY-BEN-BAR-HEI-72-FRAME","table","72","34","30","0","4","72 (+default D=34)","RM-HRD-2X2-METAL-CAP","4","cap","export"
"ASM-TAY-BEN-DIN-HEI-42-FRAME","table","42","34","30","0","4","42 (+default D=34)","RM-MET-2X2-TUBING","36.36","2x2","export"
"ASM-TAY-BEN-DIN-HEI-42-FRAME","table","42","34","30","0","4","42 (+default D=34)","RM-PWD-GENERIC","2.9088","powder","export"
"ASM-TAY-BEN-DIN-HEI-42-FRAME","table","42","34","30","0","4","42 (+default D=34)","RM-HRD-2X2-METAL-CAP","4","cap","export"
"ASM-TAY-BEN-DIN-HEI-72-FRAME","table","72","34","30","0","4","72 (+default D=34)","RM-MET-2X2-TUBING","47.16","2x2","export"
"ASM-TAY-BEN-DIN-HEI-72-FRAME","table","72","34","30","0","4","72 (+default D=34)","RM-PWD-GENERIC","3.7728","powder","export"
"ASM-TAY-BEN-DIN-HEI-72-FRAME","table","72","34","30","0","4","72 (+default D=34)","RM-HRD-2X2-METAL-CAP","4","cap","export"
"ASM-TAY-BST-18X23-FRAME","seating","18","23","0","2","4","18X23","RM-MET-2X2-TUBING","22.5","2x2","export"
"ASM-TAY-BST-18X23-FRAME","seating","18","23","0","2","4","18X23","RM-MET-15X075-TUBING","6.84","slat","export"
"ASM-TAY-BST-18X23-FRAME","seating","18","23","0","2","4","18X23","RM-MET-FLATBAR","2.52","flatbar","export"
"ASM-TAY-BST-18X23-FRAME","seating","18","23","0","2","4","18X23","RM-PWD-GENERIC","2.3472","powder","export"
"ASM-TAY-BST-18X23-FRAME","seating","18","23","0","2","4","18X23","RM-HRD-2X2-METAL-CAP","4","cap","export"
"ASM-TAY-BST-19X23-FRAME","seating","19","23","0","2","4","19X23","RM-MET-2X2-TUBING","22.86","2x2","export"
"ASM-TAY-BST-19X23-FRAME","seating","19","23","0","2","4","19X23","RM-MET-15X075-TUBING","6.84","slat","export"
"ASM-TAY-BST-19X23-FRAME","seating","19","23","0","2","4","19X23","RM-MET-FLATBAR","2.7","flatbar","export"
"ASM-TAY-BST-19X23-FRAME","seating","19","23","0","2","4","19X23","RM-PWD-GENERIC","2.376","powder","export"
"ASM-TAY-BST-19X23-FRAME","seating","19","23","0","2","4","19X23","RM-HRD-2X2-METAL-CAP","4","cap","export"
"ASM-TAY-BST-24X23-FRAME","seating","24","23","0","2","4","24X23","RM-MET-2X2-TUBING","24.66","2x2","export"
"ASM-TAY-BST-24X23-FRAME","seating","24","23","0","2","4","24X23","RM-MET-15X075-TUBING","6.84","slat","export"
"ASM-TAY-BST-24X23-FRAME","seating","24","23","0","2","4","24X23","RM-MET-FLATBAR","3.6","flatbar","export"
"ASM-TAY-BST-24X23-FRAME","seating","24","23","0","2","4","24X23","RM-PWD-GENERIC","2.52","powder","export"
"ASM-TAY-BST-24X23-FRAME","seating","24","23","0","2","4","24X23","RM-HRD-2X2-METAL-CAP","4","cap","export"
"ASM-TAY-DIN-CHA-19X23-FRAME","table","19","23","30","0","4","19X23","RM-MET-2X2-TUBING","24.12","2x2","export"
"ASM-TAY-DIN-CHA-19X23-FRAME","table","19","23","30","0","4","19X23","RM-PWD-GENERIC","1.9296","powder","export"
"ASM-TAY-DIN-CHA-19X23-FRAME","table","19","23","30","0","4","19X23","RM-HRD-2X2-METAL-CAP","4","cap","export"
"ASM-TAY-DIN-CHA-24X23-FRAME","table","24","23","30","0","4","24X23","RM-MET-2X2-TUBING","25.92","2x2","export"
"ASM-TAY-DIN-CHA-24X23-FRAME","table","24","23","30","0","4","24X23","RM-PWD-GENERIC","2.0736","powder","export"
"ASM-TAY-DIN-CHA-24X23-FRAME","table","24","23","30","0","4","24X23","RM-HRD-2X2-METAL-CAP","4","cap","export"
"ASM-TJM-CHA-FRAME","skip","","","","","","","","","","could not parse WxD from SKU"
"ASM-TJM-TAB-FRAME","skip","","","","","","","","","","could not parse WxD from SKU"
"ASM-TRI-SID-TAB-32X32-FRAME","table","32","32","16","0","4","32X32","RM-MET-2X2-TUBING","27","2x2","export"
"ASM-TRI-SID-TAB-32X32-FRAME","table","32","32","16","0","4","32X32","RM-PWD-GENERIC","2.16","powder","export"
"ASM-TRI-SID-TAB-32X32-FRAME","table","32","32","16","0","4","32X32","RM-HRD-2X2-METAL-CAP","4","cap","export"
"ASM-WFT-BAR-TAB-120X28-FRAME","table","120","28","30","0","4","120X28","RM-MET-2X2-TUBING","62.28","2x2","export"
"ASM-WFT-BAR-TAB-120X28-FRAME","table","120","28","30","0","4","120X28","RM-PWD-GENERIC","4.9824","powder","export"
"ASM-WFT-BAR-TAB-120X28-FRAME","table","120","28","30","0","4","120X28","RM-HRD-2X2-METAL-CAP","4","cap","export"
"ASM-WFT-BAR-TAB-120X36-FRAME","table","120","36","30","0","4","120X36","RM-MET-2X2-TUBING","65.16","2x2","export"
"ASM-WFT-BAR-TAB-120X36-FRAME","table","120","36","30","0","4","120X36","RM-PWD-GENERIC","5.2128","powder","export"
"ASM-WFT-BAR-TAB-120X36-FRAME","table","120","36","30","0","4","120X36","RM-HRD-2X2-METAL-CAP","4","cap","export"
"ASM-WFT-BAR-TAB-28X120-FRAME","table","28","120","30","0","4","28X120","RM-MET-2X2-TUBING","62.28","2x2","export"
"ASM-WFT-BAR-TAB-28X120-FRAME","table","28","120","30","0","4","28X120","RM-PWD-GENERIC","4.9824","powder","export"
"ASM-WFT-BAR-TAB-28X120-FRAME","table","28","120","30","0","4","28X120","RM-HRD-2X2-METAL-CAP","4","cap","export"
"ASM-WFT-BAR-TAB-28X72-FRAME","table","28","72","30","0","4","28X72","RM-MET-2X2-TUBING","45","2x2","export"
"ASM-WFT-BAR-TAB-28X72-FRAME","table","28","72","30","0","4","28X72","RM-PWD-GENERIC","3.6","powder","export"
"ASM-WFT-BAR-TAB-28X72-FRAME","table","28","72","30","0","4","28X72","RM-HRD-2X2-METAL-CAP","4","cap","export"
"ASM-WFT-BAR-TAB-28X96-FRAME","table","28","96","30","0","4","28X96","RM-MET-2X2-TUBING","53.64","2x2","export"
"ASM-WFT-BAR-TAB-28X96-FRAME","table","28","96","30","0","4","28X96","RM-PWD-GENERIC","4.2912","powder","export"
"ASM-WFT-BAR-TAB-28X96-FRAME","table","28","96","30","0","4","28X96","RM-HRD-2X2-METAL-CAP","4","cap","export"
"ASM-WFT-BAR-TAB-36X120-FRAME","table","36","120","30","0","4","36X120","RM-MET-2X2-TUBING","65.16","2x2","export"
"ASM-WFT-BAR-TAB-36X120-FRAME","table","36","120","30","0","4","36X120","RM-PWD-GENERIC","5.2128","powder","export"
"ASM-WFT-BAR-TAB-36X120-FRAME","table","36","120","30","0","4","36X120","RM-HRD-2X2-METAL-CAP","4","cap","export"
"ASM-WFT-BAR-TAB-36X72-FRAME","table","36","72","30","0","4","36X72","RM-MET-2X2-TUBING","47.88","2x2","export"
"ASM-WFT-BAR-TAB-36X72-FRAME","table","36","72","30","0","4","36X72","RM-PWD-GENERIC","3.8304","powder","export"
"ASM-WFT-BAR-TAB-36X72-FRAME","table","36","72","30","0","4","36X72","RM-HRD-2X2-METAL-CAP","4","cap","export"
"ASM-WFT-BAR-TAB-36X96-FRAME","table","36","96","30","0","4","36X96","RM-MET-2X2-TUBING","56.52","2x2","export"
"ASM-WFT-BAR-TAB-36X96-FRAME","table","36","96","30","0","4","36X96","RM-PWD-GENERIC","4.5216","powder","export"
"ASM-WFT-BAR-TAB-36X96-FRAME","table","36","96","30","0","4","36X96","RM-HRD-2X2-METAL-CAP","4","cap","export"
"ASM-WFT-BAR-TAB-72X28-FRAME","table","72","28","30","0","4","72X28","RM-MET-2X2-TUBING","45","2x2","export"
"ASM-WFT-BAR-TAB-72X28-FRAME","table","72","28","30","0","4","72X28","RM-PWD-GENERIC","3.6","powder","export"
"ASM-WFT-BAR-TAB-72X28-FRAME","table","72","28","30","0","4","72X28","RM-HRD-2X2-METAL-CAP","4","cap","export"
"ASM-WFT-BAR-TAB-72X36-FRAME","table","72","36","30","0","4","72X36","RM-MET-2X2-TUBING","47.88","2x2","export"
"ASM-WFT-BAR-TAB-72X36-FRAME","table","72","36","30","0","4","72X36","RM-PWD-GENERIC","3.8304","powder","export"
"ASM-WFT-BAR-TAB-72X36-FRAME","table","72","36","30","0","4","72X36","RM-HRD-2X2-METAL-CAP","4","cap","export"
"ASM-WFT-BAR-TAB-96X28-FRAME","table","96","28","30","0","4","96X28","RM-MET-2X2-TUBING","53.64","2x2","export"
"ASM-WFT-BAR-TAB-96X28-FRAME","table","96","28","30","0","4","96X28","RM-PWD-GENERIC","4.2912","powder","export"
"ASM-WFT-BAR-TAB-96X28-FRAME","table","96","28","30","0","4","96X28","RM-HRD-2X2-METAL-CAP","4","cap","export"
"ASM-WFT-BAR-TAB-96X36-FRAME","table","96","36","30","0","4","96X36","RM-MET-2X2-TUBING","56.52","2x2","export"
"ASM-WFT-BAR-TAB-96X36-FRAME","table","96","36","30","0","4","96X36","RM-PWD-GENERIC","4.5216","powder","export"
"ASM-WFT-BAR-TAB-96X36-FRAME","table","96","36","30","0","4","96X36","RM-HRD-2X2-METAL-CAP","4","cap","export"
"ASM-WFT-BCH-42X18-FRAME","seating","42","18","0","2","4","42X18","RM-MET-2X2-TUBING","29.34","2x2","export"
"ASM-WFT-BCH-42X18-FRAME","seating","42","18","0","2","4","42X18","RM-MET-15X075-TUBING","6.3","slat","export"
"ASM-WFT-BCH-42X18-FRAME","seating","42","18","0","2","4","42X18","RM-MET-FLATBAR","6.84","flatbar","export"
"ASM-WFT-BCH-42X18-FRAME","seating","42","18","0","2","4","42X18","RM-PWD-GENERIC","2.8512","powder","export"
"ASM-WFT-BCH-42X18-FRAME","seating","42","18","0","2","4","42X18","RM-HRD-2X2-METAL-CAP","4","cap","export"
"ASM-WFT-CNT-TAB-120X28-FRAME","table","120","28","30","0","4","120X28","RM-MET-2X2-TUBING","62.28","2x2","export"
"ASM-WFT-CNT-TAB-120X28-FRAME","table","120","28","30","0","4","120X28","RM-PWD-GENERIC","4.9824","powder","export"
"ASM-WFT-CNT-TAB-120X28-FRAME","table","120","28","30","0","4","120X28","RM-HRD-2X2-METAL-CAP","4","cap","export"
"ASM-WFT-CNT-TAB-120X36-FRAME","table","120","36","30","0","4","120X36","RM-MET-2X2-TUBING","65.16","2x2","export"
"ASM-WFT-CNT-TAB-120X36-FRAME","table","120","36","30","0","4","120X36","RM-PWD-GENERIC","5.2128","powder","export"
"ASM-WFT-CNT-TAB-120X36-FRAME","table","120","36","30","0","4","120X36","RM-HRD-2X2-METAL-CAP","4","cap","export"
"ASM-WFT-CNT-TAB-28X120-FRAME","table","28","120","30","0","4","28X120","RM-MET-2X2-TUBING","62.28","2x2","export"
"ASM-WFT-CNT-TAB-28X120-FRAME","table","28","120","30","0","4","28X120","RM-PWD-GENERIC","4.9824","powder","export"
"ASM-WFT-CNT-TAB-28X120-FRAME","table","28","120","30","0","4","28X120","RM-HRD-2X2-METAL-CAP","4","cap","export"
"ASM-WFT-CNT-TAB-28X72-FRAME","table","28","72","30","0","4","28X72","RM-MET-2X2-TUBING","45","2x2","export"
"ASM-WFT-CNT-TAB-28X72-FRAME","table","28","72","30","0","4","28X72","RM-PWD-GENERIC","3.6","powder","export"
"ASM-WFT-CNT-TAB-28X72-FRAME","table","28","72","30","0","4","28X72","RM-HRD-2X2-METAL-CAP","4","cap","export"
"ASM-WFT-CNT-TAB-28X96-FRAME","table","28","96","30","0","4","28X96","RM-MET-2X2-TUBING","53.64","2x2","export"
"ASM-WFT-CNT-TAB-28X96-FRAME","table","28","96","30","0","4","28X96","RM-PWD-GENERIC","4.2912","powder","export"
"ASM-WFT-CNT-TAB-28X96-FRAME","table","28","96","30","0","4","28X96","RM-HRD-2X2-METAL-CAP","4","cap","export"
"ASM-WFT-CNT-TAB-36X120-FRAME","table","36","120","30","0","4","36X120","RM-MET-2X2-TUBING","65.16","2x2","export"
"ASM-WFT-CNT-TAB-36X120-FRAME","table","36","120","30","0","4","36X120","RM-PWD-GENERIC","5.2128","powder","export"
"ASM-WFT-CNT-TAB-36X120-FRAME","table","36","120","30","0","4","36X120","RM-HRD-2X2-METAL-CAP","4","cap","export"
"ASM-WFT-CNT-TAB-36X72-FRAME","table","36","72","30","0","4","36X72","RM-MET-2X2-TUBING","47.88","2x2","export"
"ASM-WFT-CNT-TAB-36X72-FRAME","table","36","72","30","0","4","36X72","RM-PWD-GENERIC","3.8304","powder","export"
"ASM-WFT-CNT-TAB-36X72-FRAME","table","36","72","30","0","4","36X72","RM-HRD-2X2-METAL-CAP","4","cap","export"
"ASM-WFT-CNT-TAB-36X96-FRAME","table","36","96","30","0","4","36X96","RM-MET-2X2-TUBING","56.52","2x2","export"
"ASM-WFT-CNT-TAB-36X96-FRAME","table","36","96","30","0","4","36X96","RM-PWD-GENERIC","4.5216","powder","export"
"ASM-WFT-CNT-TAB-36X96-FRAME","table","36","96","30","0","4","36X96","RM-HRD-2X2-METAL-CAP","4","cap","export"
"ASM-WFT-CNT-TAB-72X28-FRAME","table","72","28","30","0","4","72X28","RM-MET-2X2-TUBING","45","2x2","export"
"ASM-WFT-CNT-TAB-72X28-FRAME","table","72","28","30","0","4","72X28","RM-PWD-GENERIC","3.6","powder","export"
"ASM-WFT-CNT-TAB-72X28-FRAME","table","72","28","30","0","4","72X28","RM-HRD-2X2-METAL-CAP","4","cap","export"
"ASM-WFT-CNT-TAB-72X36-FRAME","table","72","36","30","0","4","72X36","RM-MET-2X2-TUBING","47.88","2x2","export"
"ASM-WFT-CNT-TAB-72X36-FRAME","table","72","36","30","0","4","72X36","RM-PWD-GENERIC","3.8304","powder","export"
"ASM-WFT-CNT-TAB-72X36-FRAME","table","72","36","30","0","4","72X36","RM-HRD-2X2-METAL-CAP","4","cap","export"
"ASM-WFT-CNT-TAB-96X28-FRAME","table","96","28","30","0","4","96X28","RM-MET-2X2-TUBING","53.64","2x2","export"
"ASM-WFT-CNT-TAB-96X28-FRAME","table","96","28","30","0","4","96X28","RM-PWD-GENERIC","4.2912","powder","export"
"ASM-WFT-CNT-TAB-96X28-FRAME","table","96","28","30","0","4","96X28","RM-HRD-2X2-METAL-CAP","4","cap","export"
"ASM-WFT-CNT-TAB-96X36-FRAME","table","96","36","30","0","4","96X36","RM-MET-2X2-TUBING","56.52","2x2","export"
"ASM-WFT-CNT-TAB-96X36-FRAME","table","96","36","30","0","4","96X36","RM-PWD-GENERIC","4.5216","powder","export"
"ASM-WFT-CNT-TAB-96X36-FRAME","table","96","36","30","0","4","96X36","RM-HRD-2X2-METAL-CAP","4","cap","export"
"ASM-WFT-DIN-BCH-72X22-FRAME","table","72","22","30","0","4","72X22","RM-MET-2X2-TUBING","42.84","2x2","export"
"ASM-WFT-DIN-BCH-72X22-FRAME","table","72","22","30","0","4","72X22","RM-PWD-GENERIC","3.4272","powder","export"
"ASM-WFT-DIN-BCH-72X22-FRAME","table","72","22","30","0","4","72X22","RM-HRD-2X2-METAL-CAP","4","cap","export"
"ASM-WFT-DIN-BCH-96X22-FRAME","table","96","22","30","0","4","96X22","RM-MET-2X2-TUBING","51.48","2x2","export"
"ASM-WFT-DIN-BCH-96X22-FRAME","table","96","22","30","0","4","96X22","RM-PWD-GENERIC","4.1184","powder","export"
"ASM-WFT-DIN-BCH-96X22-FRAME","table","96","22","30","0","4","96X22","RM-HRD-2X2-METAL-CAP","4","cap","export"
"ASM-WFT-DIN-CHA-17X21-FRAME","table","17","21","30","0","4","17X21","RM-MET-2X2-TUBING","22.68","2x2","export"
"ASM-WFT-DIN-CHA-17X21-FRAME","table","17","21","30","0","4","17X21","RM-PWD-GENERIC","1.8144","powder","export"
"ASM-WFT-DIN-CHA-17X21-FRAME","table","17","21","30","0","4","17X21","RM-HRD-2X2-METAL-CAP","4","cap","export"
"ASM-WFT-DIN-CHA-18X18-FRAME","table","18","18","30","0","4","18X18","RM-MET-2X2-TUBING","21.96","2x2","export"
"ASM-WFT-DIN-CHA-18X18-FRAME","table","18","18","30","0","4","18X18","RM-PWD-GENERIC","1.7568","powder","export"
"ASM-WFT-DIN-CHA-18X18-FRAME","table","18","18","30","0","4","18X18","RM-HRD-2X2-METAL-CAP","4","cap","export"
"ASM-WFT-DIN-TAB-120X28-FRAME","table","120","28","30","0","4","120X28","RM-MET-2X2-TUBING","62.28","2x2","export"
"ASM-WFT-DIN-TAB-120X28-FRAME","table","120","28","30","0","4","120X28","RM-PWD-GENERIC","4.9824","powder","export"
"ASM-WFT-DIN-TAB-120X28-FRAME","table","120","28","30","0","4","120X28","RM-HRD-2X2-METAL-CAP","4","cap","export"
"ASM-WFT-DIN-TAB-120X36-FRAME","table","120","36","30","0","4","120X36","RM-MET-2X2-TUBING","65.16","2x2","export"
"ASM-WFT-DIN-TAB-120X36-FRAME","table","120","36","30","0","4","120X36","RM-PWD-GENERIC","5.2128","powder","export"
"ASM-WFT-DIN-TAB-120X36-FRAME","table","120","36","30","0","4","120X36","RM-HRD-2X2-METAL-CAP","4","cap","export"
"ASM-WFT-DIN-TAB-28X120-FRAME","table","28","120","30","0","4","28X120","RM-MET-2X2-TUBING","62.28","2x2","export"
"ASM-WFT-DIN-TAB-28X120-FRAME","table","28","120","30","0","4","28X120","RM-PWD-GENERIC","4.9824","powder","export"
"ASM-WFT-DIN-TAB-28X120-FRAME","table","28","120","30","0","4","28X120","RM-HRD-2X2-METAL-CAP","4","cap","export"
"ASM-WFT-DIN-TAB-28X72-FRAME","table","28","72","30","0","4","28X72","RM-MET-2X2-TUBING","45","2x2","export"
"ASM-WFT-DIN-TAB-28X72-FRAME","table","28","72","30","0","4","28X72","RM-PWD-GENERIC","3.6","powder","export"
"ASM-WFT-DIN-TAB-28X72-FRAME","table","28","72","30","0","4","28X72","RM-HRD-2X2-METAL-CAP","4","cap","export"
"ASM-WFT-DIN-TAB-28X96-FRAME","table","28","96","30","0","4","28X96","RM-MET-2X2-TUBING","53.64","2x2","export"
"ASM-WFT-DIN-TAB-28X96-FRAME","table","28","96","30","0","4","28X96","RM-PWD-GENERIC","4.2912","powder","export"
"ASM-WFT-DIN-TAB-28X96-FRAME","table","28","96","30","0","4","28X96","RM-HRD-2X2-METAL-CAP","4","cap","export"
"ASM-WFT-DIN-TAB-36X120-FRAME","table","36","120","30","0","4","36X120","RM-MET-2X2-TUBING","65.16","2x2","export"
"ASM-WFT-DIN-TAB-36X120-FRAME","table","36","120","30","0","4","36X120","RM-PWD-GENERIC","5.2128","powder","export"
"ASM-WFT-DIN-TAB-36X120-FRAME","table","36","120","30","0","4","36X120","RM-HRD-2X2-METAL-CAP","4","cap","export"
"ASM-WFT-DIN-TAB-36X72-FRAME","table","36","72","30","0","4","36X72","RM-MET-2X2-TUBING","47.88","2x2","export"
"ASM-WFT-DIN-TAB-36X72-FRAME","table","36","72","30","0","4","36X72","RM-PWD-GENERIC","3.8304","powder","export"
"ASM-WFT-DIN-TAB-36X72-FRAME","table","36","72","30","0","4","36X72","RM-HRD-2X2-METAL-CAP","4","cap","export"
"ASM-WFT-DIN-TAB-36X96-FRAME","table","36","96","30","0","4","36X96","RM-MET-2X2-TUBING","56.52","2x2","export"
"ASM-WFT-DIN-TAB-36X96-FRAME","table","36","96","30","0","4","36X96","RM-PWD-GENERIC","4.5216","powder","export"
"ASM-WFT-DIN-TAB-36X96-FRAME","table","36","96","30","0","4","36X96","RM-HRD-2X2-METAL-CAP","4","cap","export"
"ASM-WFT-DIN-TAB-72X36-FRAME","table","72","36","30","0","4","72X36","RM-MET-2X2-TUBING","47.88","2x2","export"
"ASM-WFT-DIN-TAB-72X36-FRAME","table","72","36","30","0","4","72X36","RM-PWD-GENERIC","3.8304","powder","export"
"ASM-WFT-DIN-TAB-72X36-FRAME","table","72","36","30","0","4","72X36","RM-HRD-2X2-METAL-CAP","4","cap","export"
"ASM-WFT-DIN-TAB-96X28-FRAME","table","96","28","30","0","4","96X28","RM-MET-2X2-TUBING","53.64","2x2","export"
"ASM-WFT-DIN-TAB-96X28-FRAME","table","96","28","30","0","4","96X28","RM-PWD-GENERIC","4.2912","powder","export"
"ASM-WFT-DIN-TAB-96X28-FRAME","table","96","28","30","0","4","96X28","RM-HRD-2X2-METAL-CAP","4","cap","export"
"ASM-WFT-DIN-TAB-96X36-FRAME","table","96","36","30","0","4","96X36","RM-MET-2X2-TUBING","56.52","2x2","export"
"ASM-WFT-DIN-TAB-96X36-FRAME","table","96","36","30","0","4","96X36","RM-PWD-GENERIC","4.5216","powder","export"
"ASM-WFT-DIN-TAB-96X36-FRAME","table","96","36","30","0","4","96X36","RM-HRD-2X2-METAL-CAP","4","cap","export"
"ASM-WFT-FIR-TAB-56X36-FRAME","table","56","36","30","0","4","56X36","RM-MET-2X2-TUBING","42.12","2x2","export"
"ASM-WFT-FIR-TAB-56X36-FRAME","table","56","36","30","0","4","56X36","RM-PWD-GENERIC","3.3696","powder","export"
"ASM-WFT-FIR-TAB-56X36-FRAME","table","56","36","30","0","4","56X36","RM-HRD-2X2-METAL-CAP","4","cap","export"
"ASM-WFT-FIR-TAB-72X36-FRAME","table","72","36","30","0","4","72X36","RM-MET-2X2-TUBING","47.88","2x2","export"
"ASM-WFT-FIR-TAB-72X36-FRAME","table","72","36","30","0","4","72X36","RM-PWD-GENERIC","3.8304","powder","export"
"ASM-WFT-FIR-TAB-72X36-FRAME","table","72","36","30","0","4","72X36","RM-HRD-2X2-METAL-CAP","4","cap","export"
"ASM-WFT-FLY-BST-17X21-FRAME","seating","17","21","0","2","4","17X21","RM-MET-2X2-TUBING","21.42","2x2","export"
"ASM-WFT-FLY-BST-17X21-FRAME","seating","17","21","0","2","4","17X21","RM-MET-15X075-TUBING","6.12","slat","export"
"ASM-WFT-FLY-BST-17X21-FRAME","seating","17","21","0","2","4","17X21","RM-MET-FLATBAR","2.34","flatbar","export"
"ASM-WFT-FLY-BST-17X21-FRAME","seating","17","21","0","2","4","17X21","RM-PWD-GENERIC","2.2032","powder","export"
"ASM-WFT-FLY-BST-17X21-FRAME","seating","17","21","0","2","4","17X21","RM-HRD-2X2-METAL-CAP","4","cap","export"
"ASM-WFT-FLY-BST-18X18-FRAME","seating","18","18","0","2","4","18X18","RM-MET-2X2-TUBING","20.7","2x2","export"
"ASM-WFT-FLY-BST-18X18-FRAME","seating","18","18","0","2","4","18X18","RM-MET-15X075-TUBING","5.04","slat","export"
"ASM-WFT-FLY-BST-18X18-FRAME","seating","18","18","0","2","4","18X18","RM-MET-FLATBAR","2.52","flatbar","export"
"ASM-WFT-FLY-BST-18X18-FRAME","seating","18","18","0","2","4","18X18","RM-PWD-GENERIC","2.0592","powder","export"
"ASM-WFT-FLY-BST-18X18-FRAME","seating","18","18","0","2","4","18X18","RM-HRD-2X2-METAL-CAP","4","cap","export"
"ASM-WFT-SID-TAB-13X40-FRAME","table","13","40","30","0","4","13X40","RM-MET-2X2-TUBING","28.08","2x2","export"
"ASM-WFT-SID-TAB-13X40-FRAME","table","13","40","30","0","4","13X40","RM-PWD-GENERIC","2.2464","powder","export"
"ASM-WFT-SID-TAB-13X40-FRAME","table","13","40","30","0","4","13X40","RM-HRD-2X2-METAL-CAP","4","cap","export"
"ASM-WFT-SID-TAB-40X13-FRAME","table","40","13","30","0","4","40X13","RM-MET-2X2-TUBING","28.08","2x2","export"
"ASM-WFT-SID-TAB-40X13-FRAME","table","40","13","30","0","4","40X13","RM-PWD-GENERIC","2.2464","powder","export"
"ASM-WFT-SID-TAB-40X13-FRAME","table","40","13","30","0","4","40X13","RM-HRD-2X2-METAL-CAP","4","cap","export"
"SA-BRA-AL-60-FRAME","seating","60","34","0","2","4","60 (+default D=34)","RM-MET-2X2-TUBING","41.58","2x2","export"
"SA-BRA-AL-60-FRAME","seating","60","34","0","2","4","60 (+default D=34)","RM-MET-15X075-TUBING","18.9","slat","export"
"SA-BRA-AL-60-FRAME","seating","60","34","0","2","4","60 (+default D=34)","RM-MET-FLATBAR","10.08","flatbar","export"
"SA-BRA-AL-60-FRAME","seating","60","34","0","2","4","60 (+default D=34)","RM-PWD-GENERIC","4.8384","powder","export"
"SA-BRA-AL-60-FRAME","seating","60","34","0","2","4","60 (+default D=34)","RM-HRD-2X2-METAL-CAP","4","cap","export"
"SA-BRA-AS-72-FRAME","seating","72","34","0","2","6","72 (+default D=34)","RM-MET-2X2-TUBING","47.34","2x2","export"
"SA-BRA-AS-72-FRAME","seating","72","34","0","2","6","72 (+default D=34)","RM-MET-15X075-TUBING","21.6","slat","export"
"SA-BRA-AS-72-FRAME","seating","72","34","0","2","6","72 (+default D=34)","RM-MET-FLATBAR","12.24","flatbar","export"
"SA-BRA-AS-72-FRAME","seating","72","34","0","2","6","72 (+default D=34)","RM-PWD-GENERIC","5.5152","powder","export"
"SA-BRA-AS-72-FRAME","seating","72","34","0","2","6","72 (+default D=34)","RM-HRD-2X2-METAL-CAP","6","cap","export"
"SA-BRA-AS-84-FRAME","seating","84","34","0","2","6","84 (+default D=34)","RM-MET-2X2-TUBING","51.66","2x2","export"
"SA-BRA-AS-84-FRAME","seating","84","34","0","2","6","84 (+default D=34)","RM-MET-15X075-TUBING","27","slat","export"
"SA-BRA-AS-84-FRAME","seating","84","34","0","2","6","84 (+default D=34)","RM-MET-FLATBAR","14.4","flatbar","export"
"SA-BRA-AS-84-FRAME","seating","84","34","0","2","6","84 (+default D=34)","RM-PWD-GENERIC","6.2928","powder","export"
"SA-BRA-AS-84-FRAME","seating","84","34","0","2","6","84 (+default D=34)","RM-HRD-2X2-METAL-CAP","6","cap","export"
"SA-BRA-AS-96-FRAME","seating","96","34","0","2","6","96 (+default D=34)","RM-MET-2X2-TUBING","55.98","2x2","export"
"SA-BRA-AS-96-FRAME","seating","96","34","0","2","6","96 (+default D=34)","RM-MET-15X075-TUBING","29.7","slat","export"
"SA-BRA-AS-96-FRAME","seating","96","34","0","2","6","96 (+default D=34)","RM-MET-FLATBAR","16.56","flatbar","export"
"SA-BRA-AS-96-FRAME","seating","96","34","0","2","6","96 (+default D=34)","RM-PWD-GENERIC","6.8544","powder","export"
"SA-BRA-AS-96-FRAME","seating","96","34","0","2","6","96 (+default D=34)","RM-HRD-2X2-METAL-CAP","6","cap","export"
"SA-BRA-C-34X72-LS-FRAME","seating","34","72","0","1","4","34X72","RM-MET-2X2-TUBING","38.34","2x2","export"
"SA-BRA-C-34X72-LS-FRAME","seating","34","72","0","1","4","34X72","RM-MET-15X075-TUBING","24.48","slat","export"
"SA-BRA-C-34X72-LS-FRAME","seating","34","72","0","1","4","34X72","RM-MET-FLATBAR","5.4","flatbar","export"
"SA-BRA-C-34X72-LS-FRAME","seating","34","72","0","1","4","34X72","RM-PWD-GENERIC","5.0256","powder","export"
"SA-BRA-C-34X72-LS-FRAME","seating","34","72","0","1","4","34X72","RM-HRD-2X2-METAL-CAP","4","cap","export"
"SA-BRA-C-34X72-RS-FRAME","seating","34","72","0","1","4","34X72","RM-MET-2X2-TUBING","38.34","2x2","export"
"SA-BRA-C-34X72-RS-FRAME","seating","34","72","0","1","4","34X72","RM-MET-15X075-TUBING","24.48","slat","export"
"SA-BRA-C-34X72-RS-FRAME","seating","34","72","0","1","4","34X72","RM-MET-FLATBAR","5.4","flatbar","export"
"SA-BRA-C-34X72-RS-FRAME","seating","34","72","0","1","4","34X72","RM-PWD-GENERIC","5.0256","powder","export"
"SA-BRA-C-34X72-RS-FRAME","seating","34","72","0","1","4","34X72","RM-HRD-2X2-METAL-CAP","4","cap","export"
"SA-BRA-C-34X84-LS-FRAME","seating","34","84","0","1","4","34X84","RM-MET-2X2-TUBING","41.58","2x2","export"
"SA-BRA-C-34X84-LS-FRAME","seating","34","84","0","1","4","34X84","RM-MET-15X075-TUBING","28.8","slat","export"
"SA-BRA-C-34X84-LS-FRAME","seating","34","84","0","1","4","34X84","RM-MET-FLATBAR","5.4","flatbar","export"
"SA-BRA-C-34X84-LS-FRAME","seating","34","84","0","1","4","34X84","RM-PWD-GENERIC","5.6304","powder","export"
"SA-BRA-C-34X84-LS-FRAME","seating","34","84","0","1","4","34X84","RM-HRD-2X2-METAL-CAP","4","cap","export"
"SA-BRA-C-34X84-RS-FRAME","seating","34","84","0","1","4","34X84","RM-MET-2X2-TUBING","41.58","2x2","export"
"SA-BRA-C-34X84-RS-FRAME","seating","34","84","0","1","4","34X84","RM-MET-15X075-TUBING","28.8","slat","export"
"SA-BRA-C-34X84-RS-FRAME","seating","34","84","0","1","4","34X84","RM-MET-FLATBAR","5.4","flatbar","export"
"SA-BRA-C-34X84-RS-FRAME","seating","34","84","0","1","4","34X84","RM-PWD-GENERIC","5.6304","powder","export"
"SA-BRA-C-34X84-RS-FRAME","seating","34","84","0","1","4","34X84","RM-HRD-2X2-METAL-CAP","4","cap","export"
"SA-BRA-C-42X72-LS-FRAME","seating","42","72","0","1","4","42X72","RM-MET-2X2-TUBING","41.22","2x2","export"
"SA-BRA-C-42X72-LS-FRAME","seating","42","72","0","1","4","42X72","RM-MET-15X075-TUBING","30.6","slat","export"
"SA-BRA-C-42X72-LS-FRAME","seating","42","72","0","1","4","42X72","RM-MET-FLATBAR","6.84","flatbar","export"
"SA-BRA-C-42X72-LS-FRAME","seating","42","72","0","1","4","42X72","RM-PWD-GENERIC","5.7456","powder","export"
"SA-BRA-C-42X72-LS-FRAME","seating","42","72","0","1","4","42X72","RM-HRD-2X2-METAL-CAP","4","cap","export"
"SA-BRA-C-42X72-RS-FRAME","seating","42","72","0","1","4","42X72","RM-MET-2X2-TUBING","41.22","2x2","export"
"SA-BRA-C-42X72-RS-FRAME","seating","42","72","0","1","4","42X72","RM-MET-15X075-TUBING","30.6","slat","export"
"SA-BRA-C-42X72-RS-FRAME","seating","42","72","0","1","4","42X72","RM-MET-FLATBAR","6.84","flatbar","export"
"SA-BRA-C-42X72-RS-FRAME","seating","42","72","0","1","4","42X72","RM-PWD-GENERIC","5.7456","powder","export"
"SA-BRA-C-42X72-RS-FRAME","seating","42","72","0","1","4","42X72","RM-HRD-2X2-METAL-CAP","4","cap","export"
"SA-BRA-C-42X84-LS-FRAME","seating","42","84","0","1","4","42X84","RM-MET-2X2-TUBING","44.46","2x2","export"
"SA-BRA-C-42X84-LS-FRAME","seating","42","84","0","1","4","42X84","RM-MET-15X075-TUBING","36","slat","export"
"SA-BRA-C-42X84-LS-FRAME","seating","42","84","0","1","4","42X84","RM-MET-FLATBAR","6.84","flatbar","export"
"SA-BRA-C-42X84-LS-FRAME","seating","42","84","0","1","4","42X84","RM-PWD-GENERIC","6.4368","powder","export"
"SA-BRA-C-42X84-LS-FRAME","seating","42","84","0","1","4","42X84","RM-HRD-2X2-METAL-CAP","4","cap","export"
"SA-BRA-C-42X84-RS-FRAME","seating","42","84","0","1","4","42X84","RM-MET-2X2-TUBING","44.46","2x2","export"
"SA-BRA-C-42X84-RS-FRAME","seating","42","84","0","1","4","42X84","RM-MET-15X075-TUBING","36","slat","export"
"SA-BRA-C-42X84-RS-FRAME","seating","42","84","0","1","4","42X84","RM-MET-FLATBAR","6.84","flatbar","export"
"SA-BRA-C-42X84-RS-FRAME","seating","42","84","0","1","4","42X84","RM-PWD-GENERIC","6.4368","powder","export"
"SA-BRA-C-42X84-RS-FRAME","seating","42","84","0","1","4","42X84","RM-HRD-2X2-METAL-CAP","4","cap","export"
"SA-BRA-CADA-72X78-FRAME","seating","72","78","0","2","6","72X78","RM-MET-2X2-TUBING","63.18","2x2","export"
"SA-BRA-CADA-72X78-FRAME","seating","72","78","0","2","6","72X78","RM-MET-15X075-TUBING","53.28","slat","export"
"SA-BRA-CADA-72X78-FRAME","seating","72","78","0","2","6","72X78","RM-MET-FLATBAR","12.24","flatbar","export"
"SA-BRA-CADA-72X78-FRAME","seating","72","78","0","2","6","72X78","RM-PWD-GENERIC","9.3168","powder","export"
"SA-BRA-CADA-72X78-FRAME","seating","72","78","0","2","6","72X78","RM-HRD-2X2-METAL-CAP","6","cap","export"
"SA-BRA-CADA-78X78-FRAME","seating","78","78","0","2","6","78X78","RM-MET-2X2-TUBING","65.34","2x2","export"
"SA-BRA-CADA-78X78-FRAME","seating","78","78","0","2","6","78X78","RM-MET-15X075-TUBING","59.94","slat","export"
"SA-BRA-CADA-78X78-FRAME","seating","78","78","0","2","6","78X78","RM-MET-FLATBAR","13.32","flatbar","export"
"SA-BRA-CADA-78X78-FRAME","seating","78","78","0","2","6","78X78","RM-PWD-GENERIC","10.0224","powder","export"
"SA-BRA-CADA-78X78-FRAME","seating","78","78","0","2","6","78X78","RM-HRD-2X2-METAL-CAP","6","cap","export"
"SA-BRA-CADA-84X78-FRAME","seating","84","78","0","2","6","84X78","RM-MET-2X2-TUBING","67.5","2x2","export"
"SA-BRA-CADA-84X78-FRAME","seating","84","78","0","2","6","84X78","RM-MET-15X075-TUBING","66.6","slat","export"
"SA-BRA-CADA-84X78-FRAME","seating","84","78","0","2","6","84X78","RM-MET-FLATBAR","14.4","flatbar","export"
"SA-BRA-CADA-84X78-FRAME","seating","84","78","0","2","6","84X78","RM-PWD-GENERIC","10.728","powder","export"
"SA-BRA-CADA-84X78-FRAME","seating","84","78","0","2","6","84X78","RM-HRD-2X2-METAL-CAP","6","cap","export"
"SA-BRA-CL-D-A-FRAME","skip","","","","","","","","","","could not parse WxD from SKU"
"SA-BRA-CL-D-FRAME","skip","","","","","","","","","","could not parse WxD from SKU"
"SA-BRA-CL-S-A-FRAME","skip","","","","","","","","","","could not parse WxD from SKU"
"SA-BRA-CL-S-FRAME","skip","","","","","","","","","","could not parse WxD from SKU"
"SA-BRA-CS-72-LS-FRAME","seating","72","34","0","1","6","72 (+default D=34)","RM-MET-2X2-TUBING","43.2","2x2","export"
"SA-BRA-CS-72-LS-FRAME","seating","72","34","0","1","6","72 (+default D=34)","RM-MET-15X075-TUBING","21.6","slat","export"
"SA-BRA-CS-72-LS-FRAME","seating","72","34","0","1","6","72 (+default D=34)","RM-MET-FLATBAR","12.24","flatbar","export"
"SA-BRA-CS-72-LS-FRAME","seating","72","34","0","1","6","72 (+default D=34)","RM-PWD-GENERIC","5.184","powder","export"
"SA-BRA-CS-72-LS-FRAME","seating","72","34","0","1","6","72 (+default D=34)","RM-HRD-2X2-METAL-CAP","6","cap","export"
"SA-BRA-CS-72-RS-FRAME","seating","72","34","0","1","6","72 (+default D=34)","RM-MET-2X2-TUBING","43.2","2x2","export"
"SA-BRA-CS-72-RS-FRAME","seating","72","34","0","1","6","72 (+default D=34)","RM-MET-15X075-TUBING","21.6","slat","export"
"SA-BRA-CS-72-RS-FRAME","seating","72","34","0","1","6","72 (+default D=34)","RM-MET-FLATBAR","12.24","flatbar","export"
"SA-BRA-CS-72-RS-FRAME","seating","72","34","0","1","6","72 (+default D=34)","RM-PWD-GENERIC","5.184","powder","export"
"SA-BRA-CS-72-RS-FRAME","seating","72","34","0","1","6","72 (+default D=34)","RM-HRD-2X2-METAL-CAP","6","cap","export"
"SA-BRA-CS-84-LS-FRAME","seating","84","34","0","1","6","84 (+default D=34)","RM-MET-2X2-TUBING","47.52","2x2","export"
"SA-BRA-CS-84-LS-FRAME","seating","84","34","0","1","6","84 (+default D=34)","RM-MET-15X075-TUBING","27","slat","export"
"SA-BRA-CS-84-LS-FRAME","seating","84","34","0","1","6","84 (+default D=34)","RM-MET-FLATBAR","14.4","flatbar","export"
"SA-BRA-CS-84-LS-FRAME","seating","84","34","0","1","6","84 (+default D=34)","RM-PWD-GENERIC","5.9616","powder","export"
"SA-BRA-CS-84-LS-FRAME","seating","84","34","0","1","6","84 (+default D=34)","RM-HRD-2X2-METAL-CAP","6","cap","export"
"SA-BRA-CS-84-RS-FRAME","seating","84","34","0","1","6","84 (+default D=34)","RM-MET-2X2-TUBING","47.52","2x2","export"
"SA-BRA-CS-84-RS-FRAME","seating","84","34","0","1","6","84 (+default D=34)","RM-MET-15X075-TUBING","27","slat","export"
"SA-BRA-CS-84-RS-FRAME","seating","84","34","0","1","6","84 (+default D=34)","RM-MET-FLATBAR","14.4","flatbar","export"
"SA-BRA-CS-84-RS-FRAME","seating","84","34","0","1","6","84 (+default D=34)","RM-PWD-GENERIC","5.9616","powder","export"
"SA-BRA-CS-84-RS-FRAME","seating","84","34","0","1","6","84 (+default D=34)","RM-HRD-2X2-METAL-CAP","6","cap","export"
"SA-BRA-CS-96-LS-FRAME","seating","96","34","0","1","6","96 (+default D=34)","RM-MET-2X2-TUBING","51.84","2x2","export"
"SA-BRA-CS-96-LS-FRAME","seating","96","34","0","1","6","96 (+default D=34)","RM-MET-15X075-TUBING","29.7","slat","export"
"SA-BRA-CS-96-LS-FRAME","seating","96","34","0","1","6","96 (+default D=34)","RM-MET-FLATBAR","16.56","flatbar","export"
"SA-BRA-CS-96-LS-FRAME","seating","96","34","0","1","6","96 (+default D=34)","RM-PWD-GENERIC","6.5232","powder","export"
"SA-BRA-CS-96-LS-FRAME","seating","96","34","0","1","6","96 (+default D=34)","RM-HRD-2X2-METAL-CAP","6","cap","export"
"SA-BRA-CS-96-RS-FRAME","seating","96","34","0","1","6","96 (+default D=34)","RM-MET-2X2-TUBING","51.84","2x2","export"
"SA-BRA-CS-96-RS-FRAME","seating","96","34","0","1","6","96 (+default D=34)","RM-MET-15X075-TUBING","29.7","slat","export"
"SA-BRA-CS-96-RS-FRAME","seating","96","34","0","1","6","96 (+default D=34)","RM-MET-FLATBAR","16.56","flatbar","export"
"SA-BRA-CS-96-RS-FRAME","seating","96","34","0","1","6","96 (+default D=34)","RM-PWD-GENERIC","6.5232","powder","export"
"SA-BRA-CS-96-RS-FRAME","seating","96","34","0","1","6","96 (+default D=34)","RM-HRD-2X2-METAL-CAP","6","cap","export"
"SA-BRA-CT-36X36-FRAME","table","36","36","16","0","4","36X36","RM-MET-2X2-TUBING","29.88","2x2","export"
"SA-BRA-CT-36X36-FRAME","table","36","36","16","0","4","36X36","RM-PWD-GENERIC","2.3904","powder","export"
"SA-BRA-CT-36X36-FRAME","table","36","36","16","0","4","36X36","RM-HRD-2X2-METAL-CAP","4","cap","export"
"SA-BRA-CT-42X28-FRAME","table","42","28","16","0","4","42X28","RM-MET-2X2-TUBING","29.16","2x2","export"
"SA-BRA-CT-42X28-FRAME","table","42","28","16","0","4","42X28","RM-PWD-GENERIC","2.3328","powder","export"
"SA-BRA-CT-42X28-FRAME","table","42","28","16","0","4","42X28","RM-HRD-2X2-METAL-CAP","4","cap","export"
"SA-BRA-CT-42X42-FRAME","table","42","42","16","0","4","42X42","RM-MET-2X2-TUBING","34.2","2x2","export"
"SA-BRA-CT-42X42-FRAME","table","42","42","16","0","4","42X42","RM-PWD-GENERIC","2.736","powder","export"
"SA-BRA-CT-42X42-FRAME","table","42","42","16","0","4","42X42","RM-HRD-2X2-METAL-CAP","4","cap","export"
"SA-BRA-CT-56X28-FRAME","table","56","28","16","0","4","56X28","RM-MET-2X2-TUBING","34.2","2x2","export"
"SA-BRA-CT-56X28-FRAME","table","56","28","16","0","4","56X28","RM-PWD-GENERIC","2.736","powder","export"
"SA-BRA-CT-56X28-FRAME","table","56","28","16","0","4","56X28","RM-HRD-2X2-METAL-CAP","4","cap","export"
"SA-BRA-CT-56X36-FRAME","table","56","36","16","0","4","56X36","RM-MET-2X2-TUBING","37.08","2x2","export"
"SA-BRA-CT-56X36-FRAME","table","56","36","16","0","4","56X36","RM-PWD-GENERIC","2.9664","powder","export"
"SA-BRA-CT-56X36-FRAME","table","56","36","16","0","4","56X36","RM-HRD-2X2-METAL-CAP","4","cap","export"
"SA-BRA-CT-56X42-FRAME","table","56","42","16","0","4","56X42","RM-MET-2X2-TUBING","39.24","2x2","export"
"SA-BRA-CT-56X42-FRAME","table","56","42","16","0","4","56X42","RM-PWD-GENERIC","3.1392","powder","export"
"SA-BRA-CT-56X42-FRAME","table","56","42","16","0","4","56X42","RM-HRD-2X2-METAL-CAP","4","cap","export"
"SA-BRA-CT-56X56-FRAME","table","56","56","16","0","4","56X56","RM-MET-2X2-TUBING","44.28","2x2","export"
"SA-BRA-CT-56X56-FRAME","table","56","56","16","0","4","56X56","RM-PWD-GENERIC","3.5424","powder","export"
"SA-BRA-CT-56X56-FRAME","table","56","56","16","0","4","56X56","RM-HRD-2X2-METAL-CAP","4","cap","export"
"SA-BRA-CT-72X36-FRAME","table","72","36","16","0","4","72X36","RM-MET-2X2-TUBING","42.84","2x2","export"
"SA-BRA-CT-72X36-FRAME","table","72","36","16","0","4","72X36","RM-PWD-GENERIC","3.4272","powder","export"
"SA-BRA-CT-72X36-FRAME","table","72","36","16","0","4","72X36","RM-HRD-2X2-METAL-CAP","4","cap","export"
"SA-BRA-CT-72X42-FRAME","table","72","42","16","0","4","72X42","RM-MET-2X2-TUBING","45","2x2","export"
"SA-BRA-CT-72X42-FRAME","table","72","42","16","0","4","72X42","RM-PWD-GENERIC","3.6","powder","export"
"SA-BRA-CT-72X42-FRAME","table","72","42","16","0","4","72X42","RM-HRD-2X2-METAL-CAP","4","cap","export"
"SA-BRA-CT-72X56-FRAME","table","72","56","16","0","4","72X56","RM-MET-2X2-TUBING","50.04","2x2","export"
"SA-BRA-CT-72X56-FRAME","table","72","56","16","0","4","72X56","RM-PWD-GENERIC","4.0032","powder","export"
"SA-BRA-CT-72X56-FRAME","table","72","56","16","0","4","72X56","RM-HRD-2X2-METAL-CAP","4","cap","export"
"SA-BRA-D-7272-FRAME","seating","72","72","0","2","6","7272 (concat)","RM-MET-2X2-TUBING","61.02","2x2","export"
"SA-BRA-D-7272-FRAME","seating","72","72","0","2","6","7272 (concat)","RM-MET-15X075-TUBING","48.96","slat","export"
"SA-BRA-D-7272-FRAME","seating","72","72","0","2","6","7272 (concat)","RM-MET-FLATBAR","12.24","flatbar","export"
"SA-BRA-D-7272-FRAME","seating","72","72","0","2","6","7272 (concat)","RM-PWD-GENERIC","8.7984","powder","export"
"SA-BRA-D-7272-FRAME","seating","72","72","0","2","6","7272 (concat)","RM-HRD-2X2-METAL-CAP","6","cap","export"
"SA-BRA-D-7872-FRAME","seating","78","72","0","2","6","7872 (concat)","RM-MET-2X2-TUBING","63.18","2x2","export"
"SA-BRA-D-7872-FRAME","seating","78","72","0","2","6","7872 (concat)","RM-MET-15X075-TUBING","55.08","slat","export"
"SA-BRA-D-7872-FRAME","seating","78","72","0","2","6","7872 (concat)","RM-MET-FLATBAR","13.32","flatbar","export"
"SA-BRA-D-7872-FRAME","seating","78","72","0","2","6","7872 (concat)","RM-PWD-GENERIC","9.4608","powder","export"
"SA-BRA-D-7872-FRAME","seating","78","72","0","2","6","7872 (concat)","RM-HRD-2X2-METAL-CAP","6","cap","export"
"SA-BRA-L-FRAME","skip","","","","","","","","","","could not parse WxD from SKU"
"SA-BRA-ML-FRAME","skip","","","","","","","","","","could not parse WxD from SKU"
"SA-BRA-O-30X22-FRAME","seating","30","22","0","2","4","30X22","RM-MET-2X2-TUBING","26.46","2x2","export"
"SA-BRA-O-30X22-FRAME","seating","30","22","0","2","4","30X22","RM-MET-15X075-TUBING","6.48","slat","export"
"SA-BRA-O-30X22-FRAME","seating","30","22","0","2","4","30X22","RM-MET-FLATBAR","4.68","flatbar","export"
"SA-BRA-O-30X22-FRAME","seating","30","22","0","2","4","30X22","RM-PWD-GENERIC","2.6352","powder","export"
"SA-BRA-O-30X22-FRAME","seating","30","22","0","2","4","30X22","RM-HRD-2X2-METAL-CAP","4","cap","export"
"SA-BRA-O-34X34-FRAME","seating","34","34","0","2","4","34X34","RM-MET-2X2-TUBING","32.22","2x2","export"
"SA-BRA-O-34X34-FRAME","seating","34","34","0","2","4","34X34","RM-MET-15X075-TUBING","10.8","slat","export"
"SA-BRA-O-34X34-FRAME","seating","34","34","0","2","4","34X34","RM-MET-FLATBAR","5.4","flatbar","export"
"SA-BRA-O-34X34-FRAME","seating","34","34","0","2","4","34X34","RM-PWD-GENERIC","3.4416","powder","export"
"SA-BRA-O-34X34-FRAME","seating","34","34","0","2","4","34X34","RM-HRD-2X2-METAL-CAP","4","cap","export"
"SA-BRA-O-42X22-FRAME","seating","42","22","0","2","4","42X22","RM-MET-2X2-TUBING","30.78","2x2","export"
"SA-BRA-O-42X22-FRAME","seating","42","22","0","2","4","42X22","RM-MET-15X075-TUBING","8.1","slat","export"
"SA-BRA-O-42X22-FRAME","seating","42","22","0","2","4","42X22","RM-MET-FLATBAR","6.84","flatbar","export"
"SA-BRA-O-42X22-FRAME","seating","42","22","0","2","4","42X22","RM-PWD-GENERIC","3.1104","powder","export"
"SA-BRA-O-42X22-FRAME","seating","42","22","0","2","4","42X22","RM-HRD-2X2-METAL-CAP","4","cap","export"
"SA-BRA-O-42X34-FRAME","seating","42","34","0","2","4","42X34","RM-MET-2X2-TUBING","35.1","2x2","export"
"SA-BRA-O-42X34-FRAME","seating","42","34","0","2","4","42X34","RM-MET-15X075-TUBING","13.5","slat","export"
"SA-BRA-O-42X34-FRAME","seating","42","34","0","2","4","42X34","RM-MET-FLATBAR","6.84","flatbar","export"
"SA-BRA-O-42X34-FRAME","seating","42","34","0","2","4","42X34","RM-PWD-GENERIC","3.888","powder","export"
"SA-BRA-O-42X34-FRAME","seating","42","34","0","2","4","42X34","RM-HRD-2X2-METAL-CAP","4","cap","export"
"SA-BRA-O-60X22-FRAME","seating","60","22","0","2","4","60X22","RM-MET-2X2-TUBING","37.26","2x2","export"
"SA-BRA-O-60X22-FRAME","seating","60","22","0","2","4","60X22","RM-MET-15X075-TUBING","11.34","slat","export"
"SA-BRA-O-60X22-FRAME","seating","60","22","0","2","4","60X22","RM-MET-FLATBAR","10.08","flatbar","export"
"SA-BRA-O-60X22-FRAME","seating","60","22","0","2","4","60X22","RM-PWD-GENERIC","3.888","powder","export"
"SA-BRA-O-60X22-FRAME","seating","60","22","0","2","4","60X22","RM-HRD-2X2-METAL-CAP","4","cap","export"
"SA-BRA-O-60X34-FRAME","seating","60","34","0","2","4","60X34","RM-MET-2X2-TUBING","41.58","2x2","export"
"SA-BRA-O-60X34-FRAME","seating","60","34","0","2","4","60X34","RM-MET-15X075-TUBING","18.9","slat","export"
"SA-BRA-O-60X34-FRAME","seating","60","34","0","2","4","60X34","RM-MET-FLATBAR","10.08","flatbar","export"
"SA-BRA-O-60X34-FRAME","seating","60","34","0","2","4","60X34","RM-PWD-GENERIC","4.8384","powder","export"
"SA-BRA-O-60X34-FRAME","seating","60","34","0","2","4","60X34","RM-HRD-2X2-METAL-CAP","4","cap","export"
"SA-BRA-O-72X22-FRAME","seating","72","22","0","2","6","72X22","RM-MET-2X2-TUBING","43.02","2x2","export"
"SA-BRA-O-72X22-FRAME","seating","72","22","0","2","6","72X22","RM-MET-15X075-TUBING","12.96","slat","export"
"SA-BRA-O-72X22-FRAME","seating","72","22","0","2","6","72X22","RM-MET-FLATBAR","12.24","flatbar","export"
"SA-BRA-O-72X22-FRAME","seating","72","22","0","2","6","72X22","RM-PWD-GENERIC","4.4784","powder","export"
"SA-BRA-O-72X22-FRAME","seating","72","22","0","2","6","72X22","RM-HRD-2X2-METAL-CAP","6","cap","export"
"SA-BRA-O-72X34-FRAME","seating","72","34","0","2","6","72X34","RM-MET-2X2-TUBING","47.34","2x2","export"
"SA-BRA-O-72X34-FRAME","seating","72","34","0","2","6","72X34","RM-MET-15X075-TUBING","21.6","slat","export"
"SA-BRA-O-72X34-FRAME","seating","72","34","0","2","6","72X34","RM-MET-FLATBAR","12.24","flatbar","export"
"SA-BRA-O-72X34-FRAME","seating","72","34","0","2","6","72X34","RM-PWD-GENERIC","5.5152","powder","export"
"SA-BRA-O-72X34-FRAME","seating","72","34","0","2","6","72X34","RM-HRD-2X2-METAL-CAP","6","cap","export"
"SA-BRA-ODT-30X22-FRAME","seating","30","22","0","2","4","30X22","RM-MET-2X2-TUBING","26.46","2x2","export"
"SA-BRA-ODT-30X22-FRAME","seating","30","22","0","2","4","30X22","RM-MET-15X075-TUBING","6.48","slat","export"
"SA-BRA-ODT-30X22-FRAME","seating","30","22","0","2","4","30X22","RM-MET-FLATBAR","4.68","flatbar","export"
"SA-BRA-ODT-30X22-FRAME","seating","30","22","0","2","4","30X22","RM-PWD-GENERIC","2.6352","powder","export"
"SA-BRA-ODT-30X22-FRAME","seating","30","22","0","2","4","30X22","RM-HRD-2X2-METAL-CAP","4","cap","export"
"SA-BRA-ODT-34X34-FRAME","seating","34","34","0","2","4","34X34","RM-MET-2X2-TUBING","32.22","2x2","export"
"SA-BRA-ODT-34X34-FRAME","seating","34","34","0","2","4","34X34","RM-MET-15X075-TUBING","10.8","slat","export"
"SA-BRA-ODT-34X34-FRAME","seating","34","34","0","2","4","34X34","RM-MET-FLATBAR","5.4","flatbar","export"
"SA-BRA-ODT-34X34-FRAME","seating","34","34","0","2","4","34X34","RM-PWD-GENERIC","3.4416","powder","export"
"SA-BRA-ODT-34X34-FRAME","seating","34","34","0","2","4","34X34","RM-HRD-2X2-METAL-CAP","4","cap","export"
"SA-BRA-ODT-42X22-FRAME","seating","42","22","0","2","4","42X22","RM-MET-2X2-TUBING","30.78","2x2","export"
"SA-BRA-ODT-42X22-FRAME","seating","42","22","0","2","4","42X22","RM-MET-15X075-TUBING","8.1","slat","export"
"SA-BRA-ODT-42X22-FRAME","seating","42","22","0","2","4","42X22","RM-MET-FLATBAR","6.84","flatbar","export"
"SA-BRA-ODT-42X22-FRAME","seating","42","22","0","2","4","42X22","RM-PWD-GENERIC","3.1104","powder","export"
"SA-BRA-ODT-42X22-FRAME","seating","42","22","0","2","4","42X22","RM-HRD-2X2-METAL-CAP","4","cap","export"
"SA-BRA-ODT-42X34-FRAME","seating","42","34","0","2","4","42X34","RM-MET-2X2-TUBING","35.1","2x2","export"
"SA-BRA-ODT-42X34-FRAME","seating","42","34","0","2","4","42X34","RM-MET-15X075-TUBING","13.5","slat","export"
"SA-BRA-ODT-42X34-FRAME","seating","42","34","0","2","4","42X34","RM-MET-FLATBAR","6.84","flatbar","export"
"SA-BRA-ODT-42X34-FRAME","seating","42","34","0","2","4","42X34","RM-PWD-GENERIC","3.888","powder","export"
"SA-BRA-ODT-42X34-FRAME","seating","42","34","0","2","4","42X34","RM-HRD-2X2-METAL-CAP","4","cap","export"
"SA-BRA-ODT-60X22-FRAME","seating","60","22","0","2","4","60X22","RM-MET-2X2-TUBING","37.26","2x2","export"
"SA-BRA-ODT-60X22-FRAME","seating","60","22","0","2","4","60X22","RM-MET-15X075-TUBING","11.34","slat","export"
"SA-BRA-ODT-60X22-FRAME","seating","60","22","0","2","4","60X22","RM-MET-FLATBAR","10.08","flatbar","export"
"SA-BRA-ODT-60X22-FRAME","seating","60","22","0","2","4","60X22","RM-PWD-GENERIC","3.888","powder","export"
"SA-BRA-ODT-60X22-FRAME","seating","60","22","0","2","4","60X22","RM-HRD-2X2-METAL-CAP","4","cap","export"
"SA-BRA-ODT-60X34-FRAME","seating","60","34","0","2","4","60X34","RM-MET-2X2-TUBING","41.58","2x2","export"
"SA-BRA-ODT-60X34-FRAME","seating","60","34","0","2","4","60X34","RM-MET-15X075-TUBING","18.9","slat","export"
"SA-BRA-ODT-60X34-FRAME","seating","60","34","0","2","4","60X34","RM-MET-FLATBAR","10.08","flatbar","export"
"SA-BRA-ODT-60X34-FRAME","seating","60","34","0","2","4","60X34","RM-PWD-GENERIC","4.8384","powder","export"
"SA-BRA-ODT-60X34-FRAME","seating","60","34","0","2","4","60X34","RM-HRD-2X2-METAL-CAP","4","cap","export"
"SA-BRA-ODT-72X22-FRAME","seating","72","22","0","2","6","72X22","RM-MET-2X2-TUBING","43.02","2x2","export"
"SA-BRA-ODT-72X22-FRAME","seating","72","22","0","2","6","72X22","RM-MET-15X075-TUBING","12.96","slat","export"
"SA-BRA-ODT-72X22-FRAME","seating","72","22","0","2","6","72X22","RM-MET-FLATBAR","12.24","flatbar","export"
"SA-BRA-ODT-72X22-FRAME","seating","72","22","0","2","6","72X22","RM-PWD-GENERIC","4.4784","powder","export"
"SA-BRA-ODT-72X22-FRAME","seating","72","22","0","2","6","72X22","RM-HRD-2X2-METAL-CAP","6","cap","export"
"SA-BRA-ODT-72X34-FRAME","seating","72","34","0","2","6","72X34","RM-MET-2X2-TUBING","47.34","2x2","export"
"SA-BRA-ODT-72X34-FRAME","seating","72","34","0","2","6","72X34","RM-MET-15X075-TUBING","21.6","slat","export"
"SA-BRA-ODT-72X34-FRAME","seating","72","34","0","2","6","72X34","RM-MET-FLATBAR","12.24","flatbar","export"
"SA-BRA-ODT-72X34-FRAME","seating","72","34","0","2","6","72X34","RM-PWD-GENERIC","5.5152","powder","export"
"SA-BRA-ODT-72X34-FRAME","seating","72","34","0","2","6","72X34","RM-HRD-2X2-METAL-CAP","6","cap","export"
"SA-BRA-S-72-FRAME","seating","72","34","0","2","6","72 (+default D=34)","RM-MET-2X2-TUBING","47.34","2x2","export"
"SA-BRA-S-72-FRAME","seating","72","34","0","2","6","72 (+default D=34)","RM-MET-15X075-TUBING","21.6","slat","export"
"SA-BRA-S-72-FRAME","seating","72","34","0","2","6","72 (+default D=34)","RM-MET-FLATBAR","12.24","flatbar","export"
"SA-BRA-S-72-FRAME","seating","72","34","0","2","6","72 (+default D=34)","RM-PWD-GENERIC","5.5152","powder","export"
"SA-BRA-S-72-FRAME","seating","72","34","0","2","6","72 (+default D=34)","RM-HRD-2X2-METAL-CAP","6","cap","export"
"SA-BRA-S-84-FRAME","seating","84","34","0","2","6","84 (+default D=34)","RM-MET-2X2-TUBING","51.66","2x2","export"
"SA-BRA-S-84-FRAME","seating","84","34","0","2","6","84 (+default D=34)","RM-MET-15X075-TUBING","27","slat","export"
"SA-BRA-S-84-FRAME","seating","84","34","0","2","6","84 (+default D=34)","RM-MET-FLATBAR","14.4","flatbar","export"
"SA-BRA-S-84-FRAME","seating","84","34","0","2","6","84 (+default D=34)","RM-PWD-GENERIC","6.2928","powder","export"
"SA-BRA-S-84-FRAME","seating","84","34","0","2","6","84 (+default D=34)","RM-HRD-2X2-METAL-CAP","6","cap","export"
"SA-BRA-S-96-FRAME","seating","96","34","0","2","6","96 (+default D=34)","RM-MET-2X2-TUBING","55.98","2x2","export"
"SA-BRA-S-96-FRAME","seating","96","34","0","2","6","96 (+default D=34)","RM-MET-15X075-TUBING","29.7","slat","export"
"SA-BRA-S-96-FRAME","seating","96","34","0","2","6","96 (+default D=34)","RM-MET-FLATBAR","16.56","flatbar","export"
"SA-BRA-S-96-FRAME","seating","96","34","0","2","6","96 (+default D=34)","RM-PWD-GENERIC","6.8544","powder","export"
"SA-BRA-S-96-FRAME","seating","96","34","0","2","6","96 (+default D=34)","RM-HRD-2X2-METAL-CAP","6","cap","export"
"SA-BRA-SC-FRAME","skip","","","","","","","","","","could not parse WxD from SKU"
"SA-BRA-ST-20X20-FRAME","table","20","20","16","0","4","20X20","RM-MET-2X2-TUBING","18.36","2x2","export"
"SA-BRA-ST-20X20-FRAME","table","20","20","16","0","4","20X20","RM-PWD-GENERIC","1.4688","powder","export"
"SA-BRA-ST-20X20-FRAME","table","20","20","16","0","4","20X20","RM-HRD-2X2-METAL-CAP","4","cap","export"
"SA-BRO-C-72X34-LS-FRAME","seating","72","34","0","1","6","72X34","RM-MET-2X2-TUBING","43.2","2x2","export"
"SA-BRO-C-72X34-LS-FRAME","seating","72","34","0","1","6","72X34","RM-MET-15X075-TUBING","21.6","slat","export"
"SA-BRO-C-72X34-LS-FRAME","seating","72","34","0","1","6","72X34","RM-MET-FLATBAR","12.24","flatbar","export"
"SA-BRO-C-72X34-LS-FRAME","seating","72","34","0","1","6","72X34","RM-PWD-GENERIC","5.184","powder","export"
"SA-BRO-C-72X34-LS-FRAME","seating","72","34","0","1","6","72X34","RM-HRD-2X2-METAL-CAP","6","cap","export"
"SA-BRO-C-72X34-RS-FRAME","seating","72","34","0","1","6","72X34","RM-MET-2X2-TUBING","43.2","2x2","export"
"SA-BRO-C-72X34-RS-FRAME","seating","72","34","0","1","6","72X34","RM-MET-15X075-TUBING","21.6","slat","export"
"SA-BRO-C-72X34-RS-FRAME","seating","72","34","0","1","6","72X34","RM-MET-FLATBAR","12.24","flatbar","export"
"SA-BRO-C-72X34-RS-FRAME","seating","72","34","0","1","6","72X34","RM-PWD-GENERIC","5.184","powder","export"
"SA-BRO-C-72X34-RS-FRAME","seating","72","34","0","1","6","72X34","RM-HRD-2X2-METAL-CAP","6","cap","export"
"SA-BRO-C-72X42-LS-FRAME","seating","72","42","0","1","6","72X42","RM-MET-2X2-TUBING","45.36","2x2","export"
"SA-BRO-C-72X42-LS-FRAME","seating","72","42","0","1","6","72X42","RM-MET-15X075-TUBING","27.36","slat","export"
"SA-BRO-C-72X42-LS-FRAME","seating","72","42","0","1","6","72X42","RM-MET-FLATBAR","12.24","flatbar","export"
"SA-BRO-C-72X42-LS-FRAME","seating","72","42","0","1","6","72X42","RM-PWD-GENERIC","5.8176","powder","export"
"SA-BRO-C-72X42-LS-FRAME","seating","72","42","0","1","6","72X42","RM-HRD-2X2-METAL-CAP","6","cap","export"
"SA-BRO-C-72X42-RS-FRAME","seating","72","42","0","1","6","72X42","RM-MET-2X2-TUBING","45.36","2x2","export"
"SA-BRO-C-72X42-RS-FRAME","seating","72","42","0","1","6","72X42","RM-MET-15X075-TUBING","27.36","slat","export"
"SA-BRO-C-72X42-RS-FRAME","seating","72","42","0","1","6","72X42","RM-MET-FLATBAR","12.24","flatbar","export"
"SA-BRO-C-72X42-RS-FRAME","seating","72","42","0","1","6","72X42","RM-PWD-GENERIC","5.8176","powder","export"
"SA-BRO-C-72X42-RS-FRAME","seating","72","42","0","1","6","72X42","RM-HRD-2X2-METAL-CAP","6","cap","export"
"SA-BRO-C-84X34-LS-FRAME","seating","84","34","0","1","6","84X34","RM-MET-2X2-TUBING","47.52","2x2","export"
"SA-BRO-C-84X34-LS-FRAME","seating","84","34","0","1","6","84X34","RM-MET-15X075-TUBING","27","slat","export"
"SA-BRO-C-84X34-LS-FRAME","seating","84","34","0","1","6","84X34","RM-MET-FLATBAR","14.4","flatbar","export"
"SA-BRO-C-84X34-LS-FRAME","seating","84","34","0","1","6","84X34","RM-PWD-GENERIC","5.9616","powder","export"
"SA-BRO-C-84X34-LS-FRAME","seating","84","34","0","1","6","84X34","RM-HRD-2X2-METAL-CAP","6","cap","export"
"SA-BRO-C-84X34-RS-FRAME","seating","84","34","0","1","6","84X34","RM-MET-2X2-TUBING","47.52","2x2","export"
"SA-BRO-C-84X34-RS-FRAME","seating","84","34","0","1","6","84X34","RM-MET-15X075-TUBING","27","slat","export"
"SA-BRO-C-84X34-RS-FRAME","seating","84","34","0","1","6","84X34","RM-MET-FLATBAR","14.4","flatbar","export"
"SA-BRO-C-84X34-RS-FRAME","seating","84","34","0","1","6","84X34","RM-PWD-GENERIC","5.9616","powder","export"
"SA-BRO-C-84X34-RS-FRAME","seating","84","34","0","1","6","84X34","RM-HRD-2X2-METAL-CAP","6","cap","export"
"SA-BRO-C-84X42-LS-FRAME","seating","84","42","0","1","6","84X42","RM-MET-2X2-TUBING","49.68","2x2","export"
"SA-BRO-C-84X42-LS-FRAME","seating","84","42","0","1","6","84X42","RM-MET-15X075-TUBING","34.2","slat","export"
"SA-BRO-C-84X42-LS-FRAME","seating","84","42","0","1","6","84X42","RM-MET-FLATBAR","14.4","flatbar","export"
"SA-BRO-C-84X42-LS-FRAME","seating","84","42","0","1","6","84X42","RM-PWD-GENERIC","6.7104","powder","export"
"SA-BRO-C-84X42-LS-FRAME","seating","84","42","0","1","6","84X42","RM-HRD-2X2-METAL-CAP","6","cap","export"
"SA-BRO-C-84X42-RS-FRAME","seating","84","42","0","1","6","84X42","RM-MET-2X2-TUBING","49.68","2x2","export"
"SA-BRO-C-84X42-RS-FRAME","seating","84","42","0","1","6","84X42","RM-MET-15X075-TUBING","34.2","slat","export"
"SA-BRO-C-84X42-RS-FRAME","seating","84","42","0","1","6","84X42","RM-MET-FLATBAR","14.4","flatbar","export"
"SA-BRO-C-84X42-RS-FRAME","seating","84","42","0","1","6","84X42","RM-PWD-GENERIC","6.7104","powder","export"
"SA-BRO-C-84X42-RS-FRAME","seating","84","42","0","1","6","84X42","RM-HRD-2X2-METAL-CAP","6","cap","export"
"SA-BRO-CL-D-FRAME","skip","","","","","","","","","","could not parse WxD from SKU"
"SA-BRO-CL-S-FRAME","skip","","","","","","","","","","could not parse WxD from SKU"
"SA-BRO-CS-72-LS-FRAME","seating","72","34","0","1","6","72 (+default D=34)","RM-MET-2X2-TUBING","43.2","2x2","export"
"SA-BRO-CS-72-LS-FRAME","seating","72","34","0","1","6","72 (+default D=34)","RM-MET-15X075-TUBING","21.6","slat","export"
"SA-BRO-CS-72-LS-FRAME","seating","72","34","0","1","6","72 (+default D=34)","RM-MET-FLATBAR","12.24","flatbar","export"
"SA-BRO-CS-72-LS-FRAME","seating","72","34","0","1","6","72 (+default D=34)","RM-PWD-GENERIC","5.184","powder","export"
"SA-BRO-CS-72-LS-FRAME","seating","72","34","0","1","6","72 (+default D=34)","RM-HRD-2X2-METAL-CAP","6","cap","export"
"SA-BRO-CS-72-RS-FRAME","seating","72","34","0","1","6","72 (+default D=34)","RM-MET-2X2-TUBING","43.2","2x2","export"
"SA-BRO-CS-72-RS-FRAME","seating","72","34","0","1","6","72 (+default D=34)","RM-MET-15X075-TUBING","21.6","slat","export"
"SA-BRO-CS-72-RS-FRAME","seating","72","34","0","1","6","72 (+default D=34)","RM-MET-FLATBAR","12.24","flatbar","export"
"SA-BRO-CS-72-RS-FRAME","seating","72","34","0","1","6","72 (+default D=34)","RM-PWD-GENERIC","5.184","powder","export"
"SA-BRO-CS-72-RS-FRAME","seating","72","34","0","1","6","72 (+default D=34)","RM-HRD-2X2-METAL-CAP","6","cap","export"
"SA-BRO-CS-84-LS-FRAME","seating","84","34","0","1","6","84 (+default D=34)","RM-MET-2X2-TUBING","47.52","2x2","export"
"SA-BRO-CS-84-LS-FRAME","seating","84","34","0","1","6","84 (+default D=34)","RM-MET-15X075-TUBING","27","slat","export"
"SA-BRO-CS-84-LS-FRAME","seating","84","34","0","1","6","84 (+default D=34)","RM-MET-FLATBAR","14.4","flatbar","export"
"SA-BRO-CS-84-LS-FRAME","seating","84","34","0","1","6","84 (+default D=34)","RM-PWD-GENERIC","5.9616","powder","export"
"SA-BRO-CS-84-LS-FRAME","seating","84","34","0","1","6","84 (+default D=34)","RM-HRD-2X2-METAL-CAP","6","cap","export"
"SA-BRO-CS-84-RS-FRAME","seating","84","34","0","1","6","84 (+default D=34)","RM-MET-2X2-TUBING","47.52","2x2","export"
"SA-BRO-CS-84-RS-FRAME","seating","84","34","0","1","6","84 (+default D=34)","RM-MET-15X075-TUBING","27","slat","export"
"SA-BRO-CS-84-RS-FRAME","seating","84","34","0","1","6","84 (+default D=34)","RM-MET-FLATBAR","14.4","flatbar","export"
"SA-BRO-CS-84-RS-FRAME","seating","84","34","0","1","6","84 (+default D=34)","RM-PWD-GENERIC","5.9616","powder","export"
"SA-BRO-CS-84-RS-FRAME","seating","84","34","0","1","6","84 (+default D=34)","RM-HRD-2X2-METAL-CAP","6","cap","export"
"SA-BRO-CS-96-LS-FRAME","seating","96","34","0","1","6","96 (+default D=34)","RM-MET-2X2-TUBING","51.84","2x2","export"
"SA-BRO-CS-96-LS-FRAME","seating","96","34","0","1","6","96 (+default D=34)","RM-MET-15X075-TUBING","29.7","slat","export"
"SA-BRO-CS-96-LS-FRAME","seating","96","34","0","1","6","96 (+default D=34)","RM-MET-FLATBAR","16.56","flatbar","export"
"SA-BRO-CS-96-LS-FRAME","seating","96","34","0","1","6","96 (+default D=34)","RM-PWD-GENERIC","6.5232","powder","export"
"SA-BRO-CS-96-LS-FRAME","seating","96","34","0","1","6","96 (+default D=34)","RM-HRD-2X2-METAL-CAP","6","cap","export"
"SA-BRO-CS-96-RS-FRAME","seating","96","34","0","1","6","96 (+default D=34)","RM-MET-2X2-TUBING","51.84","2x2","export"
"SA-BRO-CS-96-RS-FRAME","seating","96","34","0","1","6","96 (+default D=34)","RM-MET-15X075-TUBING","29.7","slat","export"
"SA-BRO-CS-96-RS-FRAME","seating","96","34","0","1","6","96 (+default D=34)","RM-MET-FLATBAR","16.56","flatbar","export"
"SA-BRO-CS-96-RS-FRAME","seating","96","34","0","1","6","96 (+default D=34)","RM-PWD-GENERIC","6.5232","powder","export"
"SA-BRO-CS-96-RS-FRAME","seating","96","34","0","1","6","96 (+default D=34)","RM-HRD-2X2-METAL-CAP","6","cap","export"
"SA-BRO-L-FRAME","skip","","","","","","","","","","could not parse WxD from SKU"
"SA-BRO-S-72-FRAME","seating","72","34","0","2","6","72 (+default D=34)","RM-MET-2X2-TUBING","47.34","2x2","export"
"SA-BRO-S-72-FRAME","seating","72","34","0","2","6","72 (+default D=34)","RM-MET-15X075-TUBING","21.6","slat","export"
"SA-BRO-S-72-FRAME","seating","72","34","0","2","6","72 (+default D=34)","RM-MET-FLATBAR","12.24","flatbar","export"
"SA-BRO-S-72-FRAME","seating","72","34","0","2","6","72 (+default D=34)","RM-PWD-GENERIC","5.5152","powder","export"
"SA-BRO-S-72-FRAME","seating","72","34","0","2","6","72 (+default D=34)","RM-HRD-2X2-METAL-CAP","6","cap","export"
"SA-BRO-S-84-FRAME","seating","84","34","0","2","6","84 (+default D=34)","RM-MET-2X2-TUBING","51.66","2x2","export"
"SA-BRO-S-84-FRAME","seating","84","34","0","2","6","84 (+default D=34)","RM-MET-15X075-TUBING","27","slat","export"
"SA-BRO-S-84-FRAME","seating","84","34","0","2","6","84 (+default D=34)","RM-MET-FLATBAR","14.4","flatbar","export"
"SA-BRO-S-84-FRAME","seating","84","34","0","2","6","84 (+default D=34)","RM-PWD-GENERIC","6.2928","powder","export"
"SA-BRO-S-84-FRAME","seating","84","34","0","2","6","84 (+default D=34)","RM-HRD-2X2-METAL-CAP","6","cap","export"
"SA-BRO-S-96-FRAME","seating","96","34","0","2","6","96 (+default D=34)","RM-MET-2X2-TUBING","55.98","2x2","export"
"SA-BRO-S-96-FRAME","seating","96","34","0","2","6","96 (+default D=34)","RM-MET-15X075-TUBING","29.7","slat","export"
"SA-BRO-S-96-FRAME","seating","96","34","0","2","6","96 (+default D=34)","RM-MET-FLATBAR","16.56","flatbar","export"
"SA-BRO-S-96-FRAME","seating","96","34","0","2","6","96 (+default D=34)","RM-PWD-GENERIC","6.8544","powder","export"
"SA-BRO-S-96-FRAME","seating","96","34","0","2","6","96 (+default D=34)","RM-HRD-2X2-METAL-CAP","6","cap","export"
"SA-BRO-TC-D-FRAME","skip","","","","","","","","","","could not parse WxD from SKU"
"SA-BRO-TC-S-FRAME","skip","","","","","","","","","","could not parse WxD from SKU"
"SA-DAI-TAB-72X42-FRAME","table","72","42","16","0","4","72X42","RM-MET-2X2-TUBING","45","2x2","export"
"SA-DAI-TAB-72X42-FRAME","table","72","42","16","0","4","72X42","RM-PWD-GENERIC","3.6","powder","export"
"SA-DAI-TAB-72X42-FRAME","table","72","42","16","0","4","72X42","RM-HRD-2X2-METAL-CAP","4","cap","export"
"SA-OCE-CC-FRAME","seating","34","38","0","2","4","club-chair default 34x38","RM-MET-2X2-TUBING","33.66","2x2","export"
"SA-OCE-CC-FRAME","seating","34","38","0","2","4","club-chair default 34x38","RM-MET-15X075-TUBING","12.24","slat","export"
"SA-OCE-CC-FRAME","seating","34","38","0","2","4","club-chair default 34x38","RM-MET-FLATBAR","5.4","flatbar","export"
"SA-OCE-CC-FRAME","seating","34","38","0","2","4","club-chair default 34x38","RM-PWD-GENERIC","3.672","powder","export"
"SA-OCE-CC-FRAME","seating","34","38","0","2","4","club-chair default 34x38","RM-HRD-2X2-METAL-CAP","4","cap","export"
"SA-OCE-CT-36X36-FRAME","table","36","36","16","0","4","36X36","RM-MET-2X2-TUBING","29.88","2x2","export"
"SA-OCE-CT-36X36-FRAME","table","36","36","16","0","4","36X36","RM-PWD-GENERIC","2.3904","powder","export"
"SA-OCE-CT-36X36-FRAME","table","36","36","16","0","4","36X36","RM-HRD-2X2-METAL-CAP","4","cap","export"
"SA-OCE-CT-42X28-FRAME","table","42","28","16","0","4","42X28","RM-MET-2X2-TUBING","29.16","2x2","export"
"SA-OCE-CT-42X28-FRAME","table","42","28","16","0","4","42X28","RM-PWD-GENERIC","2.3328","powder","export"
"SA-OCE-CT-42X28-FRAME","table","42","28","16","0","4","42X28","RM-HRD-2X2-METAL-CAP","4","cap","export"
"SA-OCE-CT-42X42-FRAME","table","42","42","16","0","4","42X42","RM-MET-2X2-TUBING","34.2","2x2","export"
"SA-OCE-CT-42X42-FRAME","table","42","42","16","0","4","42X42","RM-PWD-GENERIC","2.736","powder","export"
"SA-OCE-CT-42X42-FRAME","table","42","42","16","0","4","42X42","RM-HRD-2X2-METAL-CAP","4","cap","export"
"SA-OCE-CT-56X28-FRAME","table","56","28","16","0","4","56X28","RM-MET-2X2-TUBING","34.2","2x2","export"
"SA-OCE-CT-56X28-FRAME","table","56","28","16","0","4","56X28","RM-PWD-GENERIC","2.736","powder","export"
"SA-OCE-CT-56X28-FRAME","table","56","28","16","0","4","56X28","RM-HRD-2X2-METAL-CAP","4","cap","export"
"SA-OCE-CT-56X36-FRAME","table","56","36","16","0","4","56X36","RM-MET-2X2-TUBING","37.08","2x2","export"
"SA-OCE-CT-56X36-FRAME","table","56","36","16","0","4","56X36","RM-PWD-GENERIC","2.9664","powder","export"
"SA-OCE-CT-56X36-FRAME","table","56","36","16","0","4","56X36","RM-HRD-2X2-METAL-CAP","4","cap","export"
"SA-OCE-CT-56X42-FRAME","table","56","42","16","0","4","56X42","RM-MET-2X2-TUBING","39.24","2x2","export"
"SA-OCE-CT-56X42-FRAME","table","56","42","16","0","4","56X42","RM-PWD-GENERIC","3.1392","powder","export"
"SA-OCE-CT-56X42-FRAME","table","56","42","16","0","4","56X42","RM-HRD-2X2-METAL-CAP","4","cap","export"
"SA-OCE-CT-56X56-FRAME","table","56","56","16","0","4","56X56","RM-MET-2X2-TUBING","44.28","2x2","export"
"SA-OCE-CT-56X56-FRAME","table","56","56","16","0","4","56X56","RM-PWD-GENERIC","3.5424","powder","export"
"SA-OCE-CT-56X56-FRAME","table","56","56","16","0","4","56X56","RM-HRD-2X2-METAL-CAP","4","cap","export"
"SA-OCE-CT-72X36-FRAME","table","72","36","16","0","4","72X36","RM-MET-2X2-TUBING","42.84","2x2","export"
"SA-OCE-CT-72X36-FRAME","table","72","36","16","0","4","72X36","RM-PWD-GENERIC","3.4272","powder","export"
"SA-OCE-CT-72X36-FRAME","table","72","36","16","0","4","72X36","RM-HRD-2X2-METAL-CAP","4","cap","export"
"SA-OCE-CT-72X42-FRAME","table","72","42","16","0","4","72X42","RM-MET-2X2-TUBING","45","2x2","export"
"SA-OCE-CT-72X42-FRAME","table","72","42","16","0","4","72X42","RM-PWD-GENERIC","3.6","powder","export"
"SA-OCE-CT-72X42-FRAME","table","72","42","16","0","4","72X42","RM-HRD-2X2-METAL-CAP","4","cap","export"
"SA-OCE-CT-72X56-FRAME","table","72","56","16","0","4","72X56","RM-MET-2X2-TUBING","50.04","2x2","export"
"SA-OCE-CT-72X56-FRAME","table","72","56","16","0","4","72X56","RM-PWD-GENERIC","4.0032","powder","export"
"SA-OCE-CT-72X56-FRAME","table","72","56","16","0","4","72X56","RM-HRD-2X2-METAL-CAP","4","cap","export"
"SA-OCE-DCL-FRAME","skip","","","","","","","","","","could not parse WxD from SKU"
"SA-OCE-L-FRAME","skip","","","","","","","","","","could not parse WxD from SKU"
"SA-OCE-ML-FRAME","skip","","","","","","","","","","could not parse WxD from SKU"
"SA-OCE-O-30X22-FRAME","seating","30","22","0","2","4","30X22","RM-MET-2X2-TUBING","26.46","2x2","export"
"SA-OCE-O-30X22-FRAME","seating","30","22","0","2","4","30X22","RM-MET-15X075-TUBING","6.48","slat","export"
"SA-OCE-O-30X22-FRAME","seating","30","22","0","2","4","30X22","RM-MET-FLATBAR","4.68","flatbar","export"
"SA-OCE-O-30X22-FRAME","seating","30","22","0","2","4","30X22","RM-PWD-GENERIC","2.6352","powder","export"
"SA-OCE-O-30X22-FRAME","seating","30","22","0","2","4","30X22","RM-HRD-2X2-METAL-CAP","4","cap","export"
"SA-OCE-O-42X22-FRAME","seating","42","22","0","2","4","42X22","RM-MET-2X2-TUBING","30.78","2x2","export"
"SA-OCE-O-42X22-FRAME","seating","42","22","0","2","4","42X22","RM-MET-15X075-TUBING","8.1","slat","export"
"SA-OCE-O-42X22-FRAME","seating","42","22","0","2","4","42X22","RM-MET-FLATBAR","6.84","flatbar","export"
"SA-OCE-O-42X22-FRAME","seating","42","22","0","2","4","42X22","RM-PWD-GENERIC","3.1104","powder","export"
"SA-OCE-O-42X22-FRAME","seating","42","22","0","2","4","42X22","RM-HRD-2X2-METAL-CAP","4","cap","export"
"SA-OCE-O-60X22-FRAME","seating","60","22","0","2","4","60X22","RM-MET-2X2-TUBING","37.26","2x2","export"
"SA-OCE-O-60X22-FRAME","seating","60","22","0","2","4","60X22","RM-MET-15X075-TUBING","11.34","slat","export"
"SA-OCE-O-60X22-FRAME","seating","60","22","0","2","4","60X22","RM-MET-FLATBAR","10.08","flatbar","export"
"SA-OCE-O-60X22-FRAME","seating","60","22","0","2","4","60X22","RM-PWD-GENERIC","3.888","powder","export"
"SA-OCE-O-60X22-FRAME","seating","60","22","0","2","4","60X22","RM-HRD-2X2-METAL-CAP","4","cap","export"
"SA-OCE-O-72X22-FRAME","seating","72","22","0","2","6","72X22","RM-MET-2X2-TUBING","43.02","2x2","export"
"SA-OCE-O-72X22-FRAME","seating","72","22","0","2","6","72X22","RM-MET-15X075-TUBING","12.96","slat","export"
"SA-OCE-O-72X22-FRAME","seating","72","22","0","2","6","72X22","RM-MET-FLATBAR","12.24","flatbar","export"
"SA-OCE-O-72X22-FRAME","seating","72","22","0","2","6","72X22","RM-PWD-GENERIC","4.4784","powder","export"
"SA-OCE-O-72X22-FRAME","seating","72","22","0","2","6","72X22","RM-HRD-2X2-METAL-CAP","6","cap","export"
"SA-OCE-RST-36-FRAME","table","36","38","16","0","4","36 (+default D=38)","RM-MET-2X2-TUBING","30.6","2x2","export"
"SA-OCE-RST-36-FRAME","table","36","38","16","0","4","36 (+default D=38)","RM-PWD-GENERIC","2.448","powder","export"
"SA-OCE-RST-36-FRAME","table","36","38","16","0","4","36 (+default D=38)","RM-HRD-2X2-METAL-CAP","4","cap","export"
"SA-OCE-RST-42-FRAME","table","42","38","16","0","4","42 (+default D=38)","RM-MET-2X2-TUBING","32.76","2x2","export"
"SA-OCE-RST-42-FRAME","table","42","38","16","0","4","42 (+default D=38)","RM-PWD-GENERIC","2.6208","powder","export"
"SA-OCE-RST-42-FRAME","table","42","38","16","0","4","42 (+default D=38)","RM-HRD-2X2-METAL-CAP","4","cap","export"
"SA-OCE-S-72-FRAME","seating","72","38","0","2","6","72 (+default D=38)","RM-MET-2X2-TUBING","48.78","2x2","export"
"SA-OCE-S-72-FRAME","seating","72","38","0","2","6","72 (+default D=38)","RM-MET-15X075-TUBING","24.48","slat","export"
"SA-OCE-S-72-FRAME","seating","72","38","0","2","6","72 (+default D=38)","RM-MET-FLATBAR","12.24","flatbar","export"
"SA-OCE-S-72-FRAME","seating","72","38","0","2","6","72 (+default D=38)","RM-PWD-GENERIC","5.8608","powder","export"
"SA-OCE-S-72-FRAME","seating","72","38","0","2","6","72 (+default D=38)","RM-HRD-2X2-METAL-CAP","6","cap","export"
"SA-OCE-S-84-FRAME","seating","84","38","0","2","6","84 (+default D=38)","RM-MET-2X2-TUBING","53.1","2x2","export"
"SA-OCE-S-84-FRAME","seating","84","38","0","2","6","84 (+default D=38)","RM-MET-15X075-TUBING","30.6","slat","export"
"SA-OCE-S-84-FRAME","seating","84","38","0","2","6","84 (+default D=38)","RM-MET-FLATBAR","14.4","flatbar","export"
"SA-OCE-S-84-FRAME","seating","84","38","0","2","6","84 (+default D=38)","RM-PWD-GENERIC","6.696","powder","export"
"SA-OCE-S-84-FRAME","seating","84","38","0","2","6","84 (+default D=38)","RM-HRD-2X2-METAL-CAP","6","cap","export"
"SA-OCE-S-96-FRAME","seating","96","38","0","2","6","96 (+default D=38)","RM-MET-2X2-TUBING","57.42","2x2","export"
"SA-OCE-S-96-FRAME","seating","96","38","0","2","6","96 (+default D=38)","RM-MET-15X075-TUBING","33.66","slat","export"
"SA-OCE-S-96-FRAME","seating","96","38","0","2","6","96 (+default D=38)","RM-MET-FLATBAR","16.56","flatbar","export"
"SA-OCE-S-96-FRAME","seating","96","38","0","2","6","96 (+default D=38)","RM-PWD-GENERIC","7.2864","powder","export"
"SA-OCE-S-96-FRAME","seating","96","38","0","2","6","96 (+default D=38)","RM-HRD-2X2-METAL-CAP","6","cap","export"
"SA-OCE-SC-FRAME","skip","","","","","","","","","","could not parse WxD from SKU"
"SA-OCE-SCL-FRAME","skip","","","","","","","","","","could not parse WxD from SKU"
"SA-OCE-ST-20X20-FRAME","table","20","20","16","0","4","20X20","RM-MET-2X2-TUBING","18.36","2x2","export"
"SA-OCE-ST-20X20-FRAME","table","20","20","16","0","4","20X20","RM-PWD-GENERIC","1.4688","powder","export"
"SA-OCE-ST-20X20-FRAME","table","20","20","16","0","4","20X20","RM-HRD-2X2-METAL-CAP","4","cap","export"
"SA-OCN-MIN-LOV-FRAME","skip","","","","","","","","","","could not parse WxD from SKU"
"SA-WFT-DIN-TAB-72X28-BASE","table","72","28","30","0","4","72X28","RM-MET-2X2-TUBING","45","2x2","export"
"SA-WFT-DIN-TAB-72X28-BASE","table","72","28","30","0","4","72X28","RM-PWD-GENERIC","3.6","powder","export"
"SA-WFT-DIN-TAB-72X28-BASE","table","72","28","30","0","4","72X28","RM-HRD-2X2-METAL-CAP","4","cap","export"
