action,sku,name,itemType,reason
keep_active,FAB-CHA-WRE,CHARMER WREN,raw_material,live_in_both
keep_active,FIN-BRK-BAR-TAB-36X72-STARLEG,FIN-BRK-BAR-TAB-36X72-STARLEG,finished_good,live_in_both
keep_active,FAB-ACT-STO,ACTION STONE,raw_material,live_in_both
keep_active,STN-DKT-EMB2.0,EMBALAJE 2.0,raw_material,live_in_both
keep_active,STN-DKT-FIO1.2,FIORD 1.2,raw_material,live_in_both
keep_active,STN-DKT-STR1.2,STRATO 1.2,raw_material,live_in_both
keep_active,STN-DKT-TUN1.2,TUNDRA 1.2,raw_material,live_in_both
keep_active,STN-DKT-VAL1.2,VALTERRA 1.2,raw_material,live_in_both
keep_active,STN-DKT-VEN1.2,VENTUS 1.2,raw_material,live_in_both
keep_active,STN-DKT-VIE2.0,VIENNA 2.0,raw_material,live_in_both
already_inactive,FIN-LED-MIS,LEDGE LOUNGER,finished_good,already_inactive_and_missing_from_katana
keep_active,FIN-BRK-CHS-72X34-LS-BE,FIN-BRK-CHS-72X34-LS-BE,finished_good,live_in_both
keep_active,FAB-AGR-IND,AGRA INDIGO,raw_material,live_in_both
keep_active,FAB-ARR-CAL,ARRAY CALYPSO,raw_material,live_in_both
keep_active,FAB-ARR-DUN,ARRAY DUNE,raw_material,live_in_both
keep_active,FAB-ASC-TRO,ASCEND TROPICAL,raw_material,live_in_both
keep_active,FAB-ASS-SAN,ASSEMBLE SAND,raw_material,live_in_both
keep_active,FAB-BEA-BEA,BEACON,raw_material,live_in_both
keep_active,FAB-BEA-ULT,BEACON ULTRALEATHER,raw_material,live_in_both
keep_active,FAB-BLE-IND,BLEND INDIGO,raw_material,live_in_both
keep_active,FAB-BLE-MIS,BLEND MIST,raw_material,live_in_both
keep_active,FAB-BLI-ALO,BLISS ALOE,raw_material,live_in_both
keep_active,FAB-BLI-CLA,BLISS CLAY,raw_material,live_in_both
keep_active,FAB-CAN-ABB,CANVAS ABBYS,raw_material,live_in_both
keep_active,FAB-CAN-ANTBEI,CANVAS ANTIQUE BEIGE,raw_material,live_in_both
keep_active,FAB-ACT-ASH,ACTION ASH,raw_material,live_in_both
keep_active,FIN-WFT-BAR-TAB-96X28,WATERFALL TABLE (BAR HEIGHT) 28 X 96,finished_good,live_in_both
keep_active,FAB-DOL-ULT,DOLPHIN ULTRALEATHER,raw_material,live_in_both
keep_active,FAB-LIN-CAM,LINVILLE CAMEL,raw_material,live_in_both
keep_active,FIN-BRK-CHS-72X34-LS-BO,FIN-BRK-CHS-72X34-LS-BO,finished_good,live_in_both
keep_active,FIN-BRK-CHS-72X34-LS-BR,FIN-BRK-CHS-72X34-LS-BR,finished_good,live_in_both
keep_active,FAB-BLI-GUA,BLISS GUAVA,raw_material,live_in_both
keep_active,FAB-BLI-LEM,BLISS LEMON,raw_material,live_in_both
keep_active,FAB-BLI-LIN,BLISS LINEN,raw_material,live_in_both
keep_active,FAB-BLI-SAN,BLISS SAND,raw_material,live_in_both
keep_active,FAB-BLI-SMO,BLISS SMOKE,raw_material,live_in_both
keep_active,FAB-BOR-IND,BORO INDIGO,raw_material,live_in_both
keep_active,FAB-BRA-RED,BRANNON REDWOOD,raw_material,live_in_both
keep_active,FAB-BRA-WHI,BRANNON WHISPER,raw_material,live_in_both
keep_active,FAB-CAB-CLA,CABANA CLASSIC,raw_material,live_in_both
keep_active,FAB-CAN-CHE,CANVAS CHESTNUT,raw_material,live_in_both
keep_active,FAB-CAN-CLO,CANVAS CLOUD,raw_material,live_in_both
keep_active,FAB-CAN-COC,CANVAS COCOA,raw_material,live_in_both
keep_active,FAB-CAN-FAW,CANVAS FAWN,raw_material,live_in_both
keep_active,FAB-CAN-FER,CANVAS FERN,raw_material,live_in_both
keep_active,FAB-CAN-FORGRE,CANVAS FOREST GREEN,raw_material,live_in_both
keep_active,FAB-CAN-GLA,CANVAS GLACIER,raw_material,live_in_both
keep_active,FAB-BLI-DEW,BLISS DEW,raw_material,live_in_both
keep_active,PWD-GRAY-ZINC-EPOXY-PRIMER,GRAY ZINC EPOXY PRIMER,raw_material,live_in_both
keep_active,FIN-TRI-SID-TAB-32X32,TRIANGLE SIDE TABLE,finished_good,live_in_both
keep_active,FIN-BRK-CHS-72X34-LS-GR,FIN-BRK-CHS-72X34-LS-GR,finished_good,live_in_both
keep_active,FAB-ECH-ASH,ECHO ASH,raw_material,live_in_both
keep_active,FAB-CAN-TAN,CANVAS TANGERINE,raw_material,live_in_both
keep_active,FAB-CAN-WHI,CANVAS WHITE,raw_material,live_in_both
keep_active,FAB-CAS-ASH,CAST ASH,raw_material,live_in_both
keep_active,FIN-BRK-CHS-72X34-LS-WH,FIN-BRK-CHS-72X34-LS-WH,finished_good,live_in_both
keep_active,FAB-CAN-HEABEI,CANVAS HEATHER BEIGE,raw_material,live_in_both
keep_active,FAB-CAN-HOTPIN,CANVAS HOT PINK,raw_material,live_in_both
keep_active,FAB-CAN-MEL,CANVAS MELON,raw_material,live_in_both
keep_active,FAB-CAN-PACBLU,CANVAS PACIFIC BLUE,raw_material,live_in_both
keep_active,FAB-CAN-SKY,CANVAS SKYLINE,raw_material,live_in_both
keep_active,FAB-CAN-SMO,CANVAS SMOKE,raw_material,live_in_both
keep_active,FAB-CAN-TAM,CANVAS TAMALE,raw_material,live_in_both
keep_active,FAB-CAN-TER,CANVAS TERRACOTTA,raw_material,live_in_both
keep_active,FAB-CAN-TUS,CANVAS TUSCAN,raw_material,live_in_both
keep_active,FAB-CAS-COP,CASSAVA COPPER,raw_material,live_in_both
keep_active,FAB-CAS-IND,CASSAVA INDIGO,raw_material,live_in_both
keep_active,FIN-BRK-CHS-72X34-RS-BE,FIN-BRK-CHS-72X34-RS-BE,finished_good,live_in_both
keep_active,FAB-CAN-RAF,CANVAS RAFFIA,raw_material,live_in_both
keep_active,FAB-CAN-REG,CANVAS REGATTA,raw_material,live_in_both
keep_active,FAB-CAN-RUS,CANVAS RUST,raw_material,live_in_both
keep_active,FAB-CAN-SAPBLU,CANVAS SAPPHIRE BLUE,raw_material,live_in_both
keep_active,FAB-ENR-CLO,ENRICH CLOUD,raw_material,live_in_both
keep_active,FIN-BRK-CHS-72X34-RS-BO,FIN-BRK-CHS-72X34-RS-BO,finished_good,live_in_both
keep_active,FAB-LIN-PAR,LINVILLE PARCHMENT,raw_material,live_in_both
keep_active,STN-DKT-IRO1.2,IROK 1.2,raw_material,live_in_both
keep_active,STN-DKT-IRO2.0,IROK 2.0,raw_material,live_in_both
keep_active,STN-DKT-KAI1.2,KAIROS 1.2,raw_material,live_in_both
keep_active,STN-DKT-KAI2.0,KAIROS 2.0,raw_material,live_in_both
keep_active,STN-DKT-KEL1.2,KELYA 1.2,raw_material,live_in_both
keep_active,STN-DKT-KK2.0,KHALO KC 2.0,raw_material,live_in_both
keep_active,STN-DKT-KOR1.2,KORUS 1.2,raw_material,live_in_both
keep_active,STN-DKT-KOR2.0,KORSO 2.0,raw_material,live_in_both
keep_active,STN-DKT-LAU2.0,LAURENT 2.0,raw_material,live_in_both
keep_active,STN-DKT-LSH2.0,LIQUID SHELL 2.0,raw_material,live_in_both
keep_active,STN-DKT-LUM1.2,LUMINA 1.2,raw_material,live_in_both
keep_active,STN-DKT-LUM2.0,LUMINA 2.0,raw_material,live_in_both
keep_active,STN-DKT-LUN2.0,LUNAR 2.0,raw_material,live_in_both
keep_active,FAB-CAN-TAU,CANVAS TAUPE,raw_material,live_in_both
keep_active,FAB-CAN-TEA,CANVAS TEAK,raw_material,live_in_both
keep_active,FAB-CAN-TRUBLU,CANVAS TRUE BLUE,raw_material,live_in_both
keep_active,FAB-LIN-SIL,LINEN SILVER,raw_material,live_in_both
keep_active,FAB-LIN-SPA,LINVILLE SPA,raw_material,live_in_both
keep_active,FAB-LIN-TAU,LINEN TAUPE,raw_material,live_in_both
keep_active,FAB-LIT-MID,LITCHFIELD MIDNIGHT,raw_material,live_in_both
keep_active,FAB-LIT-PEB,LITCHFIELD PEBBLE,raw_material,live_in_both
keep_active,FAB-LIT-SNO,LITCHFIELD SNOW,raw_material,live_in_both
keep_active,STN-DKT-HEL2.0,HELENA 2.0,raw_material,live_in_both
keep_active,FAB-CAN-STO,CANVAS STONE,raw_material,live_in_both
keep_active,STN-DKT-AT2.0,AGED TIMBER 2.0,raw_material,live_in_both
keep_active,FIN-BRK-CHS-72X34-RS-BR,FIN-BRK-CHS-72X34-RS-BR,finished_good,live_in_both
keep_active,STN-DKT-AUR1.2,AURA 1.2,raw_material,live_in_both
keep_active,STN-DKT-MAN2.0,MANHATTAN 2.0,raw_material,live_in_both
keep_active,STN-DKT-NAY2.0,NAYLA 2.0,raw_material,live_in_both
keep_active,STN-DKT-NIL1.2,NILIUM 1.2,raw_material,live_in_both
keep_active,STN-DKT-NIL2.0,NILIUM 2.0,raw_material,live_in_both
keep_active,STN-DKT-OLI2.0,OLIMPO 2.0,raw_material,live_in_both
keep_active,STN-DKT-OPE1.2,OPERA 1.2,raw_material,live_in_both
keep_active,FAB-HER-CHA,HERITAGE CHAR,raw_material,live_in_both
keep_active,STN-DKT-OPE2.0,OPERA 2.0,raw_material,live_in_both
keep_active,STN-DKT-ORI2.0,ORIX 2.0,raw_material,live_in_both
keep_active,STN-DKT-POR1.2,PORTUM 1.2,raw_material,live_in_both
keep_active,STN-DKT-POR2.0,PORTUM 2.0,raw_material,live_in_both
keep_active,STN-DKT-SAS2.0,SASEA 2.0,raw_material,live_in_both
keep_active,STN-DKT-SD1.2,SAND DRIFT 1.2,raw_material,live_in_both
keep_active,STN-DKT-SIR1.2,SIROCCO 1.2,raw_material,live_in_both
keep_active,STN-DKT-SIR2.0,SIROCCO 2.0,raw_material,live_in_both
keep_active,FAB-CAP-IISHA,CAPRA II SHADOW,raw_material,live_in_both
keep_active,FAB-CAS-CIT,CAST CITRUS,raw_material,live_in_both
keep_active,FAB-CAS-HOR,CAST HORIZON,raw_material,live_in_both
keep_active,FAB-MAR-LIN,MARVEL LINEN,raw_material,live_in_both
keep_active,FAB-MAR-MUS,MARVEL MUSHROOM,raw_material,live_in_both
keep_active,FAB-MAR-THA,MARBLE THATCH,raw_material,live_in_both
keep_active,FAB-MAT-SKY,MATEO SKY,raw_material,live_in_both
keep_active,FAB-MAX-HEABEI,MAXIM HEATHER BEIGE,raw_material,live_in_both
keep_active,STN-DKT-ANA1.2,ANANKE 1.2,raw_material,live_in_both
keep_active,PWD-METAL-WIRE-FOR-HANGING-FRAMES,METAL WIRE FOR HANGING FRAMES,raw_material,live_in_both
already_inactive,SHD-SCO-2.5MRND-LID-ECR-DAR,SCOLARO 2.5M ROUND LIDO ECRU DARK,finished_good,already_inactive_and_missing_from_katana
keep_active,FAB-LEO-MAL,LEONA MALCHITE,raw_material,live_in_both
keep_active,STN-DKT-UYU1.2,UYUNI 1.2,raw_material,live_in_both
keep_active,STN-DKT-VAP2.0,VAPOUR 2.0,raw_material,live_in_both
keep_active,STN-DKT-VEG1.2,VEGHA 1.2,raw_material,live_in_both
keep_active,STN-DKT-VER1.2,VERA 1.2,raw_material,live_in_both
keep_active,STN-DKT-ZEN1.2,ZENITH 1.2,raw_material,live_in_both
keep_active,STN-DKT-ZEN2.0,ZENITH 2.0,raw_material,live_in_both
keep_active,FIN-BRK-CHS-72X34-RS-GR,FIN-BRK-CHS-72X34-RS-GR,finished_good,live_in_both
keep_active,FAB-ADE-CEL,ADENA CELESTE,raw_material,live_in_both
keep_active,STN-DKT-SPL2.0,SPLENDOR 2.0,raw_material,live_in_both
keep_active,FAB-ARR-CAR,ARRAY CARIBBEAN,raw_material,live_in_both
keep_active,FAB-CAN-AIRBLU,CANVAS AIR BLUE,raw_material,live_in_both
keep_active,FAB-CAN-CHA,CANVAS CHARCOAL,raw_material,live_in_both
keep_active,STN-DKT-TRI1.2,TRILIUM 1.2,raw_material,live_in_both
keep_active,FAB-ARI-DEW,ARIANA DEW,raw_material,live_in_both
keep_active,FAB-ASC-SPA,ASCEND SPA,raw_material,live_in_both
keep_active,FAB-ASS-IITEA,ASSEMBLE II TEAK,raw_material,live_in_both
keep_active,FAB-AUT-PEB,AUTHENTIC PEBBLE,raw_material,live_in_both
keep_active,FAB-BLE-LIN,BLEND LINEN,raw_material,live_in_both
keep_active,FAB-BLE-SAN,BLEND SAND,raw_material,live_in_both
keep_active,FAB-BLI-ASP,BLISS ASPEN,raw_material,live_in_both
keep_active,FAB-CAL-LAU,CALM LAUREL,raw_material,live_in_both
keep_active,FAB-CAN-BIREYE,CANVAS BIRD EYE,raw_material,live_in_both
keep_active,FAB-CAN-CAN,CANVAS CANVAS,raw_material,live_in_both
keep_active,FAB-CAN-COA,CANVAS COAL,raw_material,live_in_both
keep_active,FAB-CHA-TRU,CHARTRES TRUFFLE,raw_material,live_in_both
keep_active,FIN-BRK-CHS-72X34-RS-WH,FIN-BRK-CHS-72X34-RS-WH,finished_good,live_in_both
keep_active,FIN-BRK-CHS-72X42-LS-BE,FIN-BRK-CHS-72X42-LS-BE,finished_good,live_in_both
keep_active,FIN-STA-BAR-TAB-72X36,STAR LEG TABLE (BAR HEIGHT) 36 X 72,finished_good,live_in_both
keep_active,FAB-CAN-RAVBLA,CANVAS RAVEN BLACK,raw_material,live_in_both
keep_active,FAB-CHE-ASP,CHEVRON ASPHALT,raw_material,live_in_both
keep_active,FAB-CAS-OCE,CAST OCEAN,raw_material,live_in_both
keep_active,FAB-CAS-STO,CASSAVA STONE,raw_material,live_in_both
keep_active,FAB-CHA-DES,CHARMER DESERT,raw_material,live_in_both
keep_active,FAB-CAN-FLA,CANVAS FLAX,raw_material,live_in_both
keep_active,FAB-CAN-GIN,CANVAS GINKGO,raw_material,live_in_both
keep_active,FIN-BRK-CHS-72X42-LS-BO,FIN-BRK-CHS-72X42-LS-BO,finished_good,live_in_both
keep_active,FAB-CAN-GRA,CANVAS GRANITE,raw_material,live_in_both
keep_active,FAB-CAN-HEN,CANVAS HENNA,raw_material,live_in_both
keep_active,FAB-CAN-MUS,CANVAS MUSHROOM,raw_material,live_in_both
keep_active,FAB-CAN-NAV,CANVAS NAVY,raw_material,live_in_both
keep_active,FAB-CAS-MOS,CAST MOSS,raw_material,live_in_both
keep_active,FAB-CASS-CORA,CASSAVA CORAL,raw_material,live_in_both
keep_active,FAB-CAST-CORA,CAST CORAL,raw_material,live_in_both
keep_active,FAB-CHA-CLO,CHARTRES CLOUD,raw_material,live_in_both
keep_active,FAB-CHA-GUL,CHARTRES GULL,raw_material,live_in_both
keep_active,FAB-CHA-PEB,CHARMER PEBBLE,raw_material,live_in_both
keep_active,FIN-BRK-CHS-72X42-LS-BR,FIN-BRK-CHS-72X42-LS-BR,finished_good,live_in_both
already_inactive,FIN-MIS-MIS-16X11,"ACCRUAL BASIS THURSDAY, JANUARY 16, 2025 11",finished_good,already_inactive_and_missing_from_katana
keep_active,STN-DKT-BEN2.0,BENTO 2.0,raw_material,live_in_both
keep_active,STN-DKT-BER1.2,BERGEN 1.2,raw_material,live_in_both
keep_active,STN-DKT-BLA2.0,BLAZE 2.0,raw_material,live_in_both
keep_active,STN-DKT-BOR2.0,BOREA 2.0,raw_material,live_in_both
keep_active,STN-DKT-BR2.0,BED ROCK 2.0,raw_material,live_in_both
keep_active,STN-DKT-DOV2.0,DOVE 2.0,raw_material,live_in_both
keep_active,FIN-BRK-CHS-72X42-LS-GR,FIN-BRK-CHS-72X42-LS-GR,finished_good,live_in_both
keep_active,FAB-CAS-MUS,CASSAVA MUSHROOM,raw_material,live_in_both
keep_active,FAB-CIT-SCADUS,CITY SCAPE DUST,raw_material,live_in_both
keep_active,FAB-CLO-OUTCLO,CLOCK OUT CLOUD,raw_material,live_in_both
keep_active,FAB-COA-CON,COAST CONCH,raw_material,live_in_both
keep_active,FAB-COA-DUSEAR,COAST DUSTY EARTH,raw_material,live_in_both
keep_active,FAB-COA-WALGRE,COAST WALRUS GREY,raw_material,live_in_both
keep_active,FAB-CON-ONY,CONNECTION ONYX,raw_material,live_in_both
keep_active,FAB-COR-SAN,CORAL SAND,raw_material,live_in_both
keep_active,FAB-CRU-CAM,CRUSH CAMEL,raw_material,live_in_both
keep_active,FAB-CYC-SPA,CYCLE SPARROW,raw_material,live_in_both
keep_active,FAB-CLO-FRO,CLOCKOUT FROND,raw_material,live_in_both
keep_active,STN-DKT-BC2.0,BLANC CONCRETE 2.0,raw_material,live_in_both
keep_active,FAB-CAS-SHA,CAST SHALE,raw_material,live_in_both
keep_active,FAB-COA-DOL,COAST DOLPHIN,raw_material,live_in_both
keep_active,FAB-CRE-HAZ,CREATE HAZE,raw_material,live_in_both
keep_active,FAB-CRU-PEW,CRUSH PEWTER,raw_material,live_in_both
keep_active,FAB-CUL-STO,CULTIVATE STONE,raw_material,live_in_both
keep_active,FIN-BRK-CHS-72X42-LS-WH,FIN-BRK-CHS-72X42-LS-WH,finished_good,live_in_both
keep_active,RM-FAB-TEST-FABRIC-RAW,TEST FABRIC - RAW,raw_material,live_in_both
keep_active,STN-DKT-FIO2.0,FIORD 2.0,raw_material,live_in_both
keep_active,STN-DKT-FOS2.0,FOSSIL 2.0,raw_material,live_in_both
keep_active,STN-DKT-GAL2.0,GALEMA 2.0,raw_material,live_in_both
keep_active,STN-DKT-HAL1.2,HALO 1.2,raw_material,live_in_both
keep_active,FIN-BRK-CHS-72X42-RS-BE,FIN-BRK-CHS-72X42-RS-BE,finished_good,live_in_both
keep_active,FAB-DET-PER,DETAIL PERSIMMON,raw_material,live_in_both
keep_active,FAB-DIV-REE,DIVIDE REEF,raw_material,live_in_both
keep_active,FAB-DON-GRE,DONGHIA GREY,raw_material,live_in_both
keep_active,FAB-ECH-SAN,ECHO SANGRIA,raw_material,live_in_both
keep_active,FAB-ENT-LIN,ENTICE LINEN,raw_material,live_in_both
keep_active,FIN-BRK-CHS-72X42-RS-BO,FIN-BRK-CHS-72X42-RS-BO,finished_good,live_in_both
keep_active,FAB-ESC-IND,ESCHER INDIGO,raw_material,live_in_both
keep_active,FAB-EST-MAR,ESTI MARINE,raw_material,live_in_both
keep_active,FAB-DET-CLA,DETAIL CLASSIC,raw_material,live_in_both
keep_active,FAB-DIP-DYECHI,DIP DYE CHICKADEE,raw_material,live_in_both
keep_active,STN-DKT-FER2.0,FEROE 2.0,raw_material,live_in_both
keep_active,FAB-DOL-MAN,DOLCE MANGO,raw_material,live_in_both
keep_active,FAB-DUM-MUS,DUMONT MUSHROOM,raw_material,live_in_both
keep_active,FAB-DUP-HEN,DUPIONE HENNA,raw_material,live_in_both
keep_active,FAB-DUP-SAN,DUPIONE SAND,raw_material,live_in_both
keep_active,FAB-EXH-DRI,EXHALE DRIFTWOOD,raw_material,live_in_both
keep_active,FAB-FEA-ULT,FEATHER ULTRALEATHER,raw_material,live_in_both
keep_active,FAB-FRE-FLA,FRETWORK FLAX,raw_material,live_in_both
keep_active,FAB-FRE-PEW,FRETWORK PEWTER,raw_material,live_in_both
keep_active,STN-DKT-EDO2.0,EDORA 2.0,raw_material,live_in_both
keep_active,FAB-EMP-DOV,EMPIRE DOVE,raw_material,live_in_both
keep_active,FAB-LID-IND,LIDO INDIGO,raw_material,live_in_both
keep_active,FAB-LIN-CAN,LINEN CANVAS,raw_material,live_in_both
keep_active,FAB-LIN-IND,LINVILLE INDIGO,raw_material,live_in_both
keep_active,FAB-HER-SLA,HERITAGE SLATE,raw_material,live_in_both
keep_active,FAB-LIN-OYS,LINVILLE OYSTER,raw_material,live_in_both
keep_active,FAB-LIN-SNO,LINVILLE SNOW,raw_material,live_in_both
keep_active,FAB-LIN-STO,LINEN STONE,raw_material,live_in_both
keep_active,FAB-LIT-FOG,LITCHFIELD FOG,raw_material,live_in_both
keep_active,FAB-LIT-SAN,LITCHFIELD SAND,raw_material,live_in_both
keep_active,FAB-LIV-PAR,LIVELY PARCHMENT,raw_material,live_in_both
keep_active,FAB-LOT-CAN,LOTUS CANYON,raw_material,live_in_both
keep_active,FAB-LYN-OYS,LYNVILLE OYSTER,raw_material,live_in_both
keep_active,FAB-MAI-LAT,MAINSTREET LATTE,raw_material,live_in_both
keep_active,FAB-HYB-SMO,HYBRID SMOKE,raw_material,live_in_both
keep_active,FAB-IMP-STU,IMPROVE STUCCO,raw_material,live_in_both
keep_active,FAB-MAR-CLO,MARVEL CLOUD,raw_material,live_in_both
keep_active,FAB-KIN-IND,KINDLE INDIGO,raw_material,live_in_both
keep_active,FAB-KLA-KLA,KLAYKO,raw_material,live_in_both
keep_active,FAB-LEA-STR,LEAF STRUCTURE,raw_material,live_in_both
keep_active,FAB-VIE-NAU,VIENTO NAUTICAL,raw_material,live_in_both
keep_active,FIN-BRK-CHS-72X42-RS-BR,FIN-BRK-CHS-72X42-RS-BR,finished_good,live_in_both
keep_active,FAB-CHA-SIL,CHARTRES SILK,raw_material,live_in_both
keep_active,FAB-STA-MES54ALM,"STANDAR MESH 54"" ALMOND",raw_material,live_in_both
keep_active,FAB-SWI-IND,SWITCH INDIGO,raw_material,live_in_both
keep_active,FAB-TRA-CAM,TRANQUIL CAMEL,raw_material,live_in_both
keep_active,FAB-TRA-LIN,TRANQUIL LINEN,raw_material,live_in_both
keep_active,FAB-TROPIC-JUNGLE,TROPIC JUNGLE,raw_material,live_in_both
keep_active,FAB-TRU-FOG,TRUSTED FOG,raw_material,live_in_both
keep_active,FAB-UND-STO,UNDERCURRENT STORM,raw_material,live_in_both
keep_active,FAB-UNW-CAM,UNWIND CAMEO,raw_material,live_in_both
keep_active,FAB-VAL-DES,VALLEY DESERT,raw_material,live_in_both
keep_active,STN-DKT-BC1.2,BLANC CONCRETE 1.2,raw_material,live_in_both
keep_active,FIN-BRK-CHS-72X42-RS-GR,FIN-BRK-CHS-72X42-RS-GR,finished_good,live_in_both
keep_active,FAB-CAS-WHI,CASSAVA WHITE,raw_material,live_in_both
keep_active,FIN-STA-BAR-TAB-42X42,STAR LEG TABLE (BAR HEIGHT) 42 X 42,finished_good,live_in_both
keep_active,FAB-CASS-SLAT,CASSAVA SLATE,raw_material,live_in_both
keep_active,FAB-CAST-SLAT,CAST SLATE,raw_material,live_in_both
keep_active,FAB-CHA-DAY,CHARTRES DAYBREAK,raw_material,live_in_both
keep_active,FAB-CHA-OPA,CHARTRES OPAL,raw_material,live_in_both
keep_active,FAB-COA-SAV,COAST SAVANNA,raw_material,live_in_both
keep_active,FAB-CHA-PAR,CHARMER PARCHMENT,raw_material,live_in_both
keep_active,FAB-LIN-NAT,LINEN NATURAL,raw_material,live_in_both
keep_active,FAB-CAS-SPR,CASSAVA SPRING,raw_material,live_in_both
keep_active,FAB-MAI-DOV,MAINSTREET DOVE,raw_material,live_in_both
keep_active,FIN-BRK-CHS-72X42-RS-WH,FIN-BRK-CHS-72X42-RS-WH,finished_good,live_in_both
keep_active,FAB-NUA-CLO,NUANCE CLOUD,raw_material,live_in_both
keep_active,FIN-BRK-CHS-84X34-LS-BE,FIN-BRK-CHS-84X34-LS-BE,finished_good,live_in_both
keep_active,FAB-PIA-PEB,PIAZZA PEBBLE,raw_material,live_in_both
keep_active,FAB-PLAY-CAMEL,PLAY CAMEL,raw_material,live_in_both
keep_active,FAB-MAS-FORGRE,MASON FOREST GREEN,raw_material,live_in_both
keep_active,FAB-MET-FOG,METAMORPHIC FOG,raw_material,live_in_both
keep_active,FAB-MET-SLA,METAMORPHIC SLATE,raw_material,live_in_both
keep_active,FAB-MID-IND,MIDORI INDIGO,raw_material,live_in_both
keep_active,FAB-MIL-CHA,MILANO CHAR,raw_material,live_in_both
keep_active,FAB-MOM-DOV,MOMENTO DOVE,raw_material,live_in_both
keep_active,FAB-NUR-CHA,NURTURE CHARCOAL,raw_material,live_in_both
keep_active,FAB-NUR-IND,NURTURE INDIGO,raw_material,live_in_both
keep_active,FAB-NUR-WHI,NURTURE WHITE,raw_material,live_in_both
keep_active,FAB-OYS-AWNMAR,OYSTER AWNING/MARINE,raw_material,live_in_both
keep_active,FAB-PIA-GRA,PIAZZA GRAPHITE,raw_material,live_in_both
keep_active,FAB-PIQ-FLA,PIQUE FLAX,raw_material,live_in_both
keep_active,FAB-PIQ-SAN,PIQUE SAND,raw_material,live_in_both
keep_active,FAB-PLA-JUN,PLAY JUNGLE,raw_material,live_in_both
keep_active,FAB-PLA-SNO,PLAY SNOW,raw_material,live_in_both
keep_active,FAB-PLAY-ADOB,PLAY ADOBE,raw_material,live_in_both
keep_active,FAB-MAR-PAP,MARGO PAPAYA,raw_material,live_in_both
keep_active,FAB-RIT-NEC,RITSY NECTAR,raw_material,live_in_both
keep_active,FAB-SAI-AWASUN,SAIL AWAY SUNFLOWER,raw_material,live_in_both
keep_active,FAB-SAI-SPA,SAILCLOTH SPACE,raw_material,live_in_both
keep_active,FAB-SAV-ULT,SAVANNA ULTRALEATHER,raw_material,live_in_both
keep_active,FAB-SAVY-ONYX,SAVY ONYX,raw_material,live_in_both
keep_active,FAB-SKY-BLUAWNMAR,SKY BLUE AWNING/MARINE,raw_material,live_in_both
keep_active,FAB-SOL-CLA,SOLVE CLAY,raw_material,live_in_both
keep_active,FAB-PRE-FAW,PRECISE FAWN,raw_material,live_in_both
keep_active,FIN-BRK-CHS-84X34-LS-BO,FIN-BRK-CHS-84X34-LS-BO,finished_good,live_in_both
keep_active,FAB-RAI-ULT,RAINDROP ULTRALEATHER,raw_material,live_in_both
keep_active,FAB-RAL-GRA,RALLY GRAPHITE,raw_material,live_in_both
keep_active,FAB-REM-DEN,REMIX DENIM,raw_material,live_in_both
keep_active,FAB-REM-MUS,REMIX MUSHROOM,raw_material,live_in_both
keep_active,FAB-REM-SIL,REMIX SILK,raw_material,live_in_both
keep_active,FAB-RES-CIT,RESONATE CITRONELLE,raw_material,live_in_both
keep_active,FAB-REV-SAN,REVIVE SAND,raw_material,live_in_both
keep_active,FAB-RUE-COS,RUE COSTAL,raw_material,live_in_both
keep_active,FAB-SCO-CAP,SCOPE CAPE,raw_material,live_in_both
keep_active,FAB-SEV-SEA,SEVILLE SEASIDE,raw_material,live_in_both
keep_active,FAB-SHE-LIN,SHELTER LINEN,raw_material,live_in_both
keep_active,FAB-SHE-WHI,SHELTER WHITE,raw_material,live_in_both
already_inactive,QA-TEST-C33EB3B4,QA Test c33eb3b4-b561-4a7c-9aab-122809b1004b,finished_good,already_inactive_and_missing_from_katana
keep_active,FIN-BRK-CHS-84X34-LS-BR,FIN-BRK-CHS-84X34-LS-BR,finished_good,live_in_both
keep_active,FAB-COM-CLA,COMFORT CLAY,raw_material,live_in_both
keep_active,FAB-CON-ULT,CONCH ULTRALEATHER,raw_material,live_in_both
keep_active,FAB-DET-LIN,DETAIL LINEN,raw_material,live_in_both
keep_active,FAB-SPE-CAY,SPECTRUM CAYENNE,raw_material,live_in_both
keep_active,FAB-SPE-DEN,SPECTRUM DENIM,raw_material,live_in_both
keep_active,FAB-COV-PEB,COVE PEBBLE,raw_material,live_in_both
keep_active,FAB-CRU-CLO,CRUSH CLOUD,raw_material,live_in_both
keep_active,FAB-CRU-SNO,CRUSH SNOW,raw_material,live_in_both
keep_active,FAB-CYC-DEN,CYCLE DENIM,raw_material,live_in_both
keep_active,FAB-DEP-FOS,DEPTH FOSSIL,raw_material,live_in_both
keep_active,FAB-DEP-SEA,DEPTH SEAGLASS,raw_material,live_in_both
keep_active,FAB-DIA-BLUSTR,DIAMOND BLUE STRIE,raw_material,live_in_both
keep_active,FAB-MOU-SNO,MOUNTAINS SNOW,raw_material,live_in_both
keep_active,FAB-SPE-EGG,SPECTRUM EGGSHELL,raw_material,live_in_both
keep_active,FAB-SPE-IND,SPECTRUM INDIGO,raw_material,live_in_both
keep_active,FAB-SPE-MUS,SPECTRUM MUSHROOM,raw_material,live_in_both
keep_active,FIN-BRK-CHS-84X34-LS-GR,FIN-BRK-CHS-84X34-LS-GR,finished_good,live_in_both
keep_active,FIN-MLN-UMB,LIDO UMBRELLA,finished_good,live_in_both
keep_active,FIN-BRK-CHS-84X34-LS-WH,FIN-BRK-CHS-84X34-LS-WH,finished_good,live_in_both
keep_active,FIN-OCN-COF-TAB-42X42,"OCEAN COFFEE TABLE 42"" x 42"" x 17""",finished_good,live_in_both
keep_active,FIN-BRK-CHS-84X34-RS-BE,FIN-BRK-CHS-84X34-RS-BE,finished_good,live_in_both
keep_active,FIN-BRK-CHS-84X34-RS-BO,FIN-BRK-CHS-84X34-RS-BO,finished_good,live_in_both
keep_active,FIN-BRK-CHS-84X34-RS-BR,FIN-BRK-CHS-84X34-RS-BR,finished_good,live_in_both
keep_active,FIN-BRK-CHS-84X34-RS-GR,FIN-BRK-CHS-84X34-RS-GR,finished_good,live_in_both
keep_active,FIN-BRK-CHS-84X34-RS-WH,FIN-BRK-CHS-84X34-RS-WH,finished_good,live_in_both
keep_active,FAB-POS-SAP,POSH SAPPHIRE,raw_material,live_in_both
keep_active,SA-BRA-AS-96-FRAME,Bravada Armless Sofa 96 Frame,sub_assembly,live_in_both
keep_active,FAB-SPE-DOV,SPECTRUM DOVE,raw_material,live_in_both
keep_active,FAB-STA-GRE,STANTON GREYSTONE,raw_material,live_in_both
keep_active,FAB-STA-LAG,STANTON LAGOON,raw_material,live_in_both
keep_active,SA-BRA-C-34X72-LS-CUSH,Bravada Chaise 34 X 72 Cushion,sub_assembly,live_in_both
keep_active,FAB-WHI-WITCANPINHORSTR,WHITE WITH CANDY PINK HORIZONTAL STRIPES,raw_material,live_in_both
keep_active,STN-DKT-ALD2.0,ALDEM 2.0,raw_material,live_in_both
keep_active,STN-DKT-GAD2.0,GADA 2.0,raw_material,live_in_both
keep_active,STN-DKT-LSK2.0,LIQUID SKY 2.0,raw_material,live_in_both
keep_active,FIN-BRK-CHS-84X42-LS-BE,FIN-BRK-CHS-84X42-LS-BE,finished_good,live_in_both
keep_active,FIN-BRK-CHS-84X42-LS-BO,FIN-BRK-CHS-84X42-LS-BO,finished_good,live_in_both
keep_active,RM-PKG-CORRUGATE,Corrugate wrap (estimate),raw_material,live_in_both
keep_active,FIN-BRV-SWG-72X42,"BRAVADA SWING 72"" x 42"" x 23"" BH",finished_good,live_in_both
keep_active,FIN-BRK-OTT-34X34,"BROOKLYN OTTOMAN 34"" x 34"" x 17""",finished_good,live_in_both
keep_active,FIN-BRK-OTT-56X42,"BROOKLYN OTTOMAN 56"" x 42"" x 17""",finished_good,live_in_both
keep_active,FIN-BRK-OTT-60X22,BROOKLYN OTTOMAN 22 X 60,finished_good,live_in_both
keep_active,FIN-BRK-OTT-60X34,BROOKLYN OTTOMAN 34 X 60,finished_good,live_in_both
keep_active,FIN-TAY-DIN-CHA-19X23,TAYLOR CHAIR (DINING HEIGHT),finished_good,live_in_both
keep_active,FIN-BRV-CLB-CHA,Bravada Club Chair,finished_good,live_in_both
keep_active,FIN-BRV-OVS-CHS-84X42,"BRAVADA OVERSIZED CHAISE 84"" x 42"" x 31"" BH",finished_good,live_in_both
keep_active,FIN-BRK-DOU-CHS-58X79,"BROOKLYN DOUBLE CHAISE LOUNGE 58"" x 79"" x 11"" SH",finished_good,live_in_both
already_inactive,SA-BRK-BAR-TAB-98X28-FRAME,BROOKLYN TABLE (BAR HEIGHT) 28 X 96 FRAME,sub_assembly,already_inactive_and_missing_from_katana
keep_active,RM-PKG-EDGE-BOARD,Edge protector board,raw_material,live_in_both
keep_active,RM-PKG-STRETCH,Stretch wrap,raw_material,live_in_both
already_inactive,SA-BRK-CNT-TAB-120X28-FRAME,BROOKLYN TABLE (COUNTER HEIGHT) 28 X 120 FRAME,sub_assembly,already_inactive_and_missing_from_katana
keep_active,FIN-BRK-COR-SOF-84X34,"BROOKLYN CORNER SOFA 84"" x 34"" x 30"" BH",finished_good,live_in_both
keep_active,FIN-BRK-BAR-TAB-72X28,BROOKLYN TABLE (BAR HEIGHT) 28 X 72,finished_good,live_in_both
keep_active,FIN-BRK-BAR-TAB-120X36,BROOKLYN TABLE (BAR HEIGHT) 36 X 120,finished_good,live_in_both
keep_active,FIN-BRK-BAR-TAB-96X36,BROOKLYN TABLE (BAR HEIGHT) 36 X 96,finished_good,live_in_both
keep_active,FIN-BRK-CNT-TAB-120X28,BROOKLYN TABLE (COUNTER HEIGHT) 28 X 120,finished_good,live_in_both
keep_active,FIN-BRK-CNT-TAB-72X28,BROOKLYN TABLE (COUNTER HEIGHT) 28 X 72,finished_good,live_in_both
keep_active,FIN-BRK-CNT-TAB-120X36,BROOKLYN TABLE (COUNTER HEIGHT) 36 X 120,finished_good,live_in_both
keep_active,FIN-BRK-CNT-TAB-96X36,BROOKLYN TABLE (COUNTER HEIGHT) 36 X 96,finished_good,live_in_both
keep_active,FIN-BRK-DIN-TAB-72X28,BROOKLYN TABLE (DINING HEIGHT) 28 X 72,finished_good,live_in_both
keep_active,FIN-BRK-DIN-TAB-120X36,BROOKLYN TABLE (DINING HEIGHT) 36 X 120,finished_good,live_in_both
keep_active,FIN-BRK-DIN-TAB-96X36,BROOKLYN TABLE (DINING HEIGHT) 36 X 96,finished_good,live_in_both
already_inactive,SHD-SCO-3MSQ-AST-NON-TIT,SCOLARO 3M SQUARE ASTRO NONE TITANIUM,finished_good,already_inactive_and_missing_from_katana
keep_active,FIN-DAI-BAR-TAB-72X42,DAISY BASE TABLE (BAR HEIGHT) 42 X 72,finished_good,live_in_both
keep_active,FIN-DAI-BAR-TAB-120X56,DAISY BASE TABLE (BAR HEIGHT) 56 X 120,finished_good,live_in_both
keep_active,FIN-MIS-OTT-22X22,"CUBE OTTOMAN 22"" x 22"" x 16""",finished_good,live_in_both
keep_active,FIN-DAI-BAR-TAB-96X56,DAISY BASE TABLE (BAR HEIGHT) 56 X 96,finished_good,live_in_both
keep_active,FIN-DAI-CNT-TAB-72X42,DAISY BASE TABLE (COUNTER HEIGHT) 42 X 72,finished_good,live_in_both
keep_active,FIN-DAI-CNT-TAB-120X56,DAISY BASE TABLE (COUNTER HEIGHT) 56 X 120,finished_good,live_in_both
keep_active,FIN-DAI-CNT-TAB-72X56,DAISY BASE TABLE (COUNTER HEIGHT) 56 X 72,finished_good,live_in_both
keep_active,FIN-DAI-CNT-TAB-96X56,DAISY BASE TABLE (COUNTER HEIGHT) 56 X 96,finished_good,live_in_both
keep_active,FIN-DAI-DIN-TAB-72X42,DAISY BASE TABLE (DINING HEIGHT) 42 X 72,finished_good,live_in_both
keep_active,FIN-DAI-DIN-TAB-120X56,DAISY BASE TABLE (DINING HEIGHT) 56 X 120,finished_good,live_in_both
keep_active,FIN-DAI-DIN-TAB-72X56,DAISY BASE TABLE (DINING HEIGHT) 56 X 72,finished_good,live_in_both
keep_active,FIN-DAI-FIR-TAB-96X56,"DAISY BASE FIRE PIT DINING TABLE 96"" x 56"" x 30""",finished_good,live_in_both
keep_active,FIN-BRK-CHS-84X42-LS-BR,FIN-BRK-CHS-84X42-LS-BR,finished_good,live_in_both
keep_active,FIN-DAI-BAR-TAB-56X56,"DAISY BASE TABLE (BAR HEIGHT) 56"" x 56"" x 42""",finished_good,live_in_both
keep_active,FIN-OCN-COF-TAB-42X28,OCEAN COFFEE TABLE 28 X 42,finished_good,live_in_both
keep_active,FIN-BRK-CHS-84X42-LS-GR,FIN-BRK-CHS-84X42-LS-GR,finished_good,live_in_both
keep_active,FIN-BRK-CHS-84X42-LS-WH,FIN-BRK-CHS-84X42-LS-WH,finished_good,live_in_both
keep_active,FIN-BRK-CHS-84X42-RS-BE,FIN-BRK-CHS-84X42-RS-BE,finished_good,live_in_both
keep_active,FIN-BRK-CHS-84X42-RS-BO,FIN-BRK-CHS-84X42-RS-BO,finished_good,live_in_both
keep_active,FIN-BRK-CHS-84X42-RS-BR,FIN-BRK-CHS-84X42-RS-BR,finished_good,live_in_both
keep_active,FIN-BRK-CHS-84X42-RS-GR,FIN-BRK-CHS-84X42-RS-GR,finished_good,live_in_both
keep_active,FIN-BRK-CHS-84X42-RS-WH,FIN-BRK-CHS-84X42-RS-WH,finished_good,live_in_both
keep_active,FIN-BRK-CNT-TAB-28X72-TABLECOUNTER,FIN-BRK-CNT-TAB-28X72-TABLECOUNTER,finished_good,live_in_both
keep_active,FIN-BRK-CNT-TAB-36X72-STARLEG,FIN-BRK-CNT-TAB-36X72-STARLEG,finished_good,live_in_both
keep_active,FIN-BRK-COR-SOF-72X34-LS-BE,FIN-BRK-COR-SOF-72X34-LS-BE,finished_good,live_in_both
keep_active,FIN-BRK-COR-SOF-72X34-LS-BO,FIN-BRK-COR-SOF-72X34-LS-BO,finished_good,live_in_both
keep_active,FIN-BRK-COR-SOF-72X34-LS-BR,FIN-BRK-COR-SOF-72X34-LS-BR,finished_good,live_in_both
keep_active,FIN-BRK-COR-SOF-72X34-LS-GR,FIN-BRK-COR-SOF-72X34-LS-GR,finished_good,live_in_both
keep_active,FAB-DIV-SAN,DIVIDE SANGRIA,raw_material,live_in_both
keep_active,FAB-DRE-DUN,DREAM DUNE,raw_material,live_in_both
keep_active,FIN-DAI-FIR-TAB-42X42,"PROPANE FIRE PIT TABLE 42"" x 42"" x 21""",finished_good,live_in_both
keep_active,FAB-DUM-STU,DUMONT STUCCO,raw_material,live_in_both
keep_active,FIN-BRK-COR-SOF-72X34-LS-WH,FIN-BRK-COR-SOF-72X34-LS-WH,finished_good,live_in_both
keep_active,FIN-BRK-COR-SOF-72X34-RS-BE,FIN-BRK-COR-SOF-72X34-RS-BE,finished_good,live_in_both
keep_active,FAB-DUP-DEESEA,DUPIONE DEEP SEA,raw_material,live_in_both
keep_active,FIN-CAB-DYB-84X84,"CABANA DAYBED 84"" x 84"" x 78""",finished_good,live_in_both
already_inactive,FUR-TNJ-SHALOUPUMNA,TENJAM SHAYZ LOUNGER PUMP,finished_good,already_inactive_and_missing_from_katana
keep_active,FIN-FLY-LEG-BAR-COU-HEI,FLY LEG BARSTOOL (COUNTER HEIGHT),finished_good,live_in_both
keep_active,FAB-DUP-PAR,DUPIONE PARADISE,raw_material,live_in_both
keep_active,STN-DKT-POL2.0,POLARIS 2.0,raw_material,live_in_both
keep_active,FIN-DAI-FIR-TAB-84X56,"DAISY BASE FIRE PIT DINING TABLE 84"" x 56"" x 30""",finished_good,live_in_both
keep_active,FIN-OCN-COF-TAB-56X28,OCEAN COFFEE TABLE 28 X 56,finished_good,live_in_both
keep_active,FIN-BRK-COR-SOF-72X34-RS-BO,FIN-BRK-COR-SOF-72X34-RS-BO,finished_good,live_in_both
keep_active,FIN-BRK-COR-SOF-72X34-RS-BR,FIN-BRK-COR-SOF-72X34-RS-BR,finished_good,live_in_both
keep_active,FIN-BRK-COR-SOF-72X34-RS-GR,FIN-BRK-COR-SOF-72X34-RS-GR,finished_good,live_in_both
keep_active,FIN-BRK-COR-SOF-72X34-RS-WH,FIN-BRK-COR-SOF-72X34-RS-WH,finished_good,live_in_both
keep_active,SA-BRO-S-84-FRAME,Brooklyn Sofa 84 Frame,sub_assembly,live_in_both
keep_active,FIN-FLY-TAB-38X8,FLY TABLE 8,finished_good,live_in_both
keep_active,FIN-FLY-TAB-96X12,FLY TABLE 96,finished_good,live_in_both
keep_active,FIN-MIS-DIN-CHA-17X21,HALF BACK CHAIR (DINING HEIGHT,finished_good,live_in_both
keep_active,FIN-LED-SID-TAB,LEDGE LOUNGER AUTOGRAPH SIDE TABLE,finished_good,live_in_both
keep_active,FIN-FLY-BCH-42X18,FLY LEG BENCH (BAR HEIGHT) 42,finished_good,live_in_both
keep_active,FIN-LED-CHA,LEDGE LOUNGER SIGNATURE LOWBACK CHAIR,finished_good,live_in_both
keep_active,FAB-LEA-STRCLO,LEAF STRUCTURE CLOUD,raw_material,live_in_both
keep_active,STN-DKT-ALB1.2,ALBARIUM 1.2,raw_material,live_in_both
keep_active,STN-DKT-TUN2.0,TUNDRA 2.0,raw_material,live_in_both
keep_active,FIN-BRK-COR-SOF-84X34-LS-BE,FIN-BRK-COR-SOF-84X34-LS-BE,finished_good,live_in_both
keep_active,FIN-TAY-BCH-24X23,"TAYLOR BENCH (BAR HEIGHT) 24"" x 23"" x 42"" SH",finished_good,live_in_both
keep_active,SA-BRA-C-34X72-RS-FRAME,Bravada Chaise 34 X 72 Frame,sub_assembly,live_in_both
keep_active,FIN-STA-BAR-TAB-36X36,STAR LEG TABLE (BAR HEIGHT) 36 X 36,finished_good,live_in_both
keep_active,FIN-STA-CNT-TAB-36X36,STAR LEG TABLE (COUNTER HEIGHT) 36 X 36,finished_good,live_in_both
keep_active,FIN-STA-CNT-TAB-42X42,STAR LEG TABLE (COUNTER HEIGHT) 42 X 42,finished_good,live_in_both
keep_active,FIN-STA-DIN-TAB-72X36,STAR LEG TABLE (DINING HEIGHT) 36 X 72,finished_good,live_in_both
keep_active,FIN-STA-DIN-TAB-42X42,STAR LEG TABLE (DINING HEIGHT) 42 X 42,finished_good,live_in_both
keep_active,FIN-ESY-MIS,FLEXY TWIN NO BASE,finished_good,live_in_both
keep_active,FIN-TAY-BAR-W-ARM-COU-HEI,TAYLOR BARSTOOL W/ARMS (COUNTER HEIGHT),finished_good,live_in_both
keep_active,FIN-BRK-COR-SOF-84X34-LS-BO,FIN-BRK-COR-SOF-84X34-LS-BO,finished_good,live_in_both
keep_active,FIN-TAY-BEN-DIN-HEI-42,TAYLOR BENCH (DINING HEIGHT) 42,finished_good,live_in_both
keep_active,FIN-BRK-COR-SOF-84X34-LS-BR,FIN-BRK-COR-SOF-84X34-LS-BR,finished_good,live_in_both
keep_active,FIN-TAY-BST-19X23,"TAYLOR BARSTOOL (BAR HEIGHT) 19"" x 23"" x 30"" SH",finished_good,live_in_both
keep_active,FIN-TAY-BCH-72X23,"TAYLOR BENCH (BAR HEIGHT) 72"" x 23"" x 30"" SH",finished_good,live_in_both
keep_active,FIN-BRK-COR-SOF-84X34-LS-GR,FIN-BRK-COR-SOF-84X34-LS-GR,finished_good,live_in_both
keep_active,FIN-BRK-COR-SOF-84X34-LS-WH,FIN-BRK-COR-SOF-84X34-LS-WH,finished_good,live_in_both
keep_active,FIN-BRK-COR-SOF-84X34-RS-BE,FIN-BRK-COR-SOF-84X34-RS-BE,finished_good,live_in_both
keep_active,FIN-BRK-COR-SOF-84X34-RS-BO,FIN-BRK-COR-SOF-84X34-RS-BO,finished_good,live_in_both
keep_active,FIN-OCN-COF-TAB-56X36,OCEAN COFFEE TABLE 36 X 56,finished_good,live_in_both
keep_active,FAB-DUP-STO,DUPIONE STONE,raw_material,live_in_both
keep_active,FAB-GATEA-COAST,GATEAWAY COAST,raw_material,live_in_both
keep_active,FAB-GAV-MIS,GAVIN MIST,raw_material,live_in_both
keep_active,FAB-GRA-GRA,GRAPHITE,raw_material,live_in_both
keep_active,FAB-HER-ALP,HERITAGE ALPINE,raw_material,live_in_both
keep_active,FAB-HER-DIJ,HERITAGE DIJON,raw_material,live_in_both
keep_active,FAB-HER-PAP,HERITAGE PAPYRUS,raw_material,live_in_both
keep_active,FAB-HER-SAB,HERITAGE SABLE,raw_material,live_in_both
keep_active,FIN-BRK-COR-SOF-84X34-RS-BR,FIN-BRK-COR-SOF-84X34-RS-BR,finished_good,live_in_both
keep_active,FAB-ECH-DUN,ECHO DUNE,raw_material,live_in_both
keep_active,FAB-EMB-IND,EMBRACE INDIGO,raw_material,live_in_both
keep_active,FAB-EMB-LIN,EMBRACE LINEN,raw_material,live_in_both
keep_active,FIN-BRK-COR-SOF-84X34-RS-GR,FIN-BRK-COR-SOF-84X34-RS-GR,finished_good,live_in_both
keep_active,FAB-EST-ONY,ESTI ONYX,raw_material,live_in_both
keep_active,FAB-CAN-HAZ,CANVAS HAZE,raw_material,live_in_both
keep_active,FAB-EMB-PEW,EMBRACE PEWTER,raw_material,live_in_both
keep_active,FAB-EQU-GRA,EQUAL GRAPHITE,raw_material,live_in_both
keep_active,FAB-EST-LAG,ESTI LAGOON,raw_material,live_in_both
keep_active,FAB-EXH-SKY,EXHALE SKY,raw_material,live_in_both
keep_active,FAB-FIS-LAG,FISCHER LAGOON,raw_material,live_in_both
keep_active,FAB-FRE-PAR,FREQUENCY PARCHMENT,raw_material,live_in_both
keep_active,FAB-FRE-SAN,FREQUENCY SAND,raw_material,live_in_both
keep_active,FAB-GAT-MIS,GATEAWAY MIST,raw_material,live_in_both
keep_active,FAB-HAR-CRI,HARWOOD CRIMSON,raw_material,live_in_both
keep_active,FAB-HER-LEA,HERITAGE LEAF,raw_material,live_in_both
keep_active,FAB-HER-RUS,HERITAGE RUST,raw_material,live_in_both
keep_active,FAB-HER-SKY,HERITAGE SKY,raw_material,live_in_both
keep_active,FAB-HER-SMO,HERITAGE SMOKE,raw_material,live_in_both
keep_active,FAB-IMP-DUN,IMPROVE DUNE,raw_material,live_in_both
keep_active,FAB-INF-GEM,INFUSED GEM,raw_material,live_in_both
keep_active,FAB-KIN-SIL,KINDLE SILK,raw_material,live_in_both
keep_active,FAB-KRA-KRA,KRAVET,raw_material,live_in_both
keep_active,FAB-MET-SAN,METAMORPHIC SAND,raw_material,live_in_both
keep_active,FAB-MET-SNO,METAMORPHIC SNOW,raw_material,live_in_both
keep_active,FAB-MID-STO,MIDORI STONE,raw_material,live_in_both
keep_active,FAB-MIL-COB,MILANO COBALT,raw_material,live_in_both
keep_active,FAB-MOM-PAR,MOMENTO PARCHMENT,raw_material,live_in_both
keep_active,FAB-NAV-BLUULT,NAVAL BLUE ULTRALEATHER,raw_material,live_in_both
keep_active,FAB-NUA-SAN,NUANCE SAND,raw_material,live_in_both
keep_active,FAB-NUR-HAZ,NURTURE HAZE,raw_material,live_in_both
keep_active,FAB-NUR-PEB,NURTURE PEBBLE,raw_material,live_in_both
keep_active,FAB-ORT-ONY,ORTIZ ONYX,raw_material,live_in_both
keep_active,FIN-BRK-COR-SOF-84X34-RS-WH,FIN-BRK-COR-SOF-84X34-RS-WH,finished_good,live_in_both
keep_active,FIN-OCN-COF-TAB-56X42,OCEAN COFFEE TABLE 42 X 56,finished_good,live_in_both
keep_active,FIN-OCN-COF-TAB-56X56,"OCEAN COFFEE TABLE 56"" x 56"" x 17""",finished_good,live_in_both
keep_active,FAB-PIQ-MID,PIQUE MIDNIGHT,raw_material,live_in_both
keep_active,FAB-PLA-CLO,PLATFORM CLOUD,raw_material,live_in_both
keep_active,FAB-PLA-MOC,PLAY MOCHA,raw_material,live_in_both
keep_active,FAB-PLA-SAL,PLATFORM SALT,raw_material,live_in_both
keep_active,FAB-PLA-TEA,PLAY TEAK,raw_material,live_in_both
keep_active,FAB-PLAY-ADOV,PLAY ADOVE,raw_material,live_in_both
keep_active,FAB-PLAY-CAMEO,PLAY CAMEO,raw_material,live_in_both
keep_active,FAB-POS-AQU,POSH AQUA,raw_material,live_in_both
keep_active,FAB-POS-GRA,POSH GRAPHITE,raw_material,live_in_both
keep_active,FAB-POS-SKY,POSH SKY,raw_material,live_in_both
keep_active,FAB-PRI-LAG,PRINCIPLE LAGOON,raw_material,live_in_both
keep_active,FAB-RAL-EMBWESMAY,RALLY EMBER (WESLEY MAYAN),raw_material,live_in_both
keep_active,FAB-REG-SAN,REGENCY SAND,raw_material,live_in_both
keep_active,FAB-REL-HAR,RELATE HARBOR,raw_material,live_in_both
keep_active,FAB-REM-MES,REMIX MESA,raw_material,live_in_both
keep_active,FAB-REM-PAR,REMIX PARCHMENT,raw_material,live_in_both
keep_active,FAB-REN-MIS,RENEW MIST,raw_material,live_in_both
keep_active,FAB-REV-IND,REVIVE INDIGO,raw_material,live_in_both
keep_active,FAB-RIT-CHA,RITSY CHAMBRAY,raw_material,live_in_both
keep_active,FAB-LUX-IND,LUXE INDIGO,raw_material,live_in_both
keep_active,FAB-PIA-VAP,PIAZZA VAPOR,raw_material,live_in_both
keep_active,ASM-MLN-OTT-34X42-FRAME,"MILAN OTTOMAN 34"" x 42"" x 16"" FRAME",sub_assembly,live_in_both
keep_active,FIN-BRK-COR-SOF-96X34-LS-BE,FIN-BRK-COR-SOF-96X34-LS-BE,finished_good,live_in_both
keep_active,FAB-SAI-SEA,SAILCLOTH SEAGULL,raw_material,live_in_both
keep_active,FAB-SAVV-ONYX,SAVVY ONYX,raw_material,live_in_both
keep_active,FAB-SCA-CLO,SCALE CLOUD,raw_material,live_in_both
keep_active,FAB-SEN-IISPL,SENSIBILITY II SPLENDOR,raw_material,live_in_both
keep_active,FAB-SHA-SNO,SHADOW SNOW,raw_material,live_in_both
keep_active,FAB-SHE-SUR,SHELTER SURF,raw_material,live_in_both
keep_active,FAB-SHI-CLA,SHIBORI CLASSIC,raw_material,live_in_both
keep_active,FAB-SHO-LIN,SHORE LINEN,raw_material,live_in_both
keep_active,FAB-SHO-REG,SHORE REGATTA,raw_material,live_in_both
keep_active,FAB-SNO-CAP,SNOW CAP,raw_material,live_in_both
keep_active,FAB-SOL-SEA,SOLANA SEAGULL,raw_material,live_in_both
keep_active,FAB-SPE-AZT,SPECTRUM AZTEC,raw_material,live_in_both
keep_active,FAB-SPE-CIL,SPECTRUM CILANTRO,raw_material,live_in_both
keep_active,FAB-SPE-GRA,SPECTRUM GRAPHITE,raw_material,live_in_both
keep_active,FAB-SAI-SAH,SAILCLOTH SAHARA,raw_material,live_in_both
keep_active,FAB-SPE-KIW,SPECTRUM KIWI,raw_material,live_in_both
keep_active,FAB-SPE-MIS,SPECTRUM MIST,raw_material,live_in_both
keep_active,FAB-SPE-PEW,SPECTACLE PEWTER,raw_material,live_in_both
keep_active,STN-DKT-SPL1.2,SPLENDOR 1.2,raw_material,live_in_both
keep_active,FIN-BRK-COR-SOF-96X34-LS-BO,FIN-BRK-COR-SOF-96X34-LS-BO,finished_good,live_in_both
keep_active,FIN-BRK-COR-SOF-96X34-LS-BR,FIN-BRK-COR-SOF-96X34-LS-BR,finished_good,live_in_both
keep_active,FAB-CAN-PER,CANVAS PERSIMMON,raw_material,live_in_both
keep_active,FIN-TAY-BST-18X23,TAYLOR BARSTOOL (COUNTER HEIGHT),finished_good,live_in_both
keep_active,FAB-TAO-STE,TAOS STERLING,raw_material,live_in_both
keep_active,FAB-TIC-DOV,TICKING DOVE,raw_material,live_in_both
keep_active,FAB-TRA-SAG,TRANQUIL SAGE,raw_material,live_in_both
keep_active,FAB-TROPICS-JUNGLE,TROPICS JUNGLE,raw_material,live_in_both
keep_active,FAB-UND-SAN,UNDERCURRENT SAND,raw_material,live_in_both
keep_active,FAB-UND-TID,UNDERCURRENT TIDE,raw_material,live_in_both
keep_active,FAB-UNW-RAI,UNWIND RAINWASHED,raw_material,live_in_both
keep_active,FAB-VAL-DUN,VALLEY DUNE,raw_material,live_in_both
keep_active,FAB-VIO-BAL,VIOLETTA BALTIC,raw_material,live_in_both
keep_active,FAB-VOY-DUN,VOYAGE DUNE,raw_material,live_in_both
keep_active,FAB-VOY-IND,VOYAGE INDIGO,raw_material,live_in_both
keep_active,FIN-BRK-COR-SOF-96X34-LS-GR,FIN-BRK-COR-SOF-96X34-LS-GR,finished_good,live_in_both
keep_active,FIN-BRK-COR-SOF-96X34-LS-WH,FIN-BRK-COR-SOF-96X34-LS-WH,finished_good,live_in_both
keep_active,FAB-LEA-STRSAN,LEAF STRUCTURE SAND,raw_material,live_in_both
keep_active,SA-BRA-C-42X72-LS-CUSH,Bravada Chaise 42X72 Cushion,sub_assembly,live_in_both
keep_active,FAB-STE-ALP,STERLING ALPACA,raw_material,live_in_both
keep_active,FAB-SUR-DUS,SURROUND DUSK,raw_material,live_in_both
keep_active,FAB-TRA-CLO,TRAIL CLOUD,raw_material,live_in_both
keep_active,FIN-TAY-BST-24X23,"TAYLOR BARSTOOL w/ARMS (BAR HEIGHT) 24"" x 23"" x 30"" SH",finished_good,live_in_both
keep_active,FIN-BRK-COR-SOF-96X34-RS-BE,FIN-BRK-COR-SOF-96X34-RS-BE,finished_good,live_in_both
keep_active,FIN-BRK-COR-SOF-96X34-RS-BO,FIN-BRK-COR-SOF-96X34-RS-BO,finished_good,live_in_both
keep_active,FIN-BRK-COR-SOF-96X34-RS-BR,FIN-BRK-COR-SOF-96X34-RS-BR,finished_good,live_in_both
keep_active,FIN-BRK-COR-SOF-96X34-RS-GR,FIN-BRK-COR-SOF-96X34-RS-GR,finished_good,live_in_both
keep_active,FIN-TAY-BEN-BAR-HEI-72,TAYLOR BENCH (BAR HEIGHT) 72,finished_good,live_in_both
keep_active,FIN-TAY-BCH-42X23,"TAYLOR BENCH (COUNTER HEIGHT) 42"" x 23"" x 24"" SH",finished_good,live_in_both
keep_active,FAB-SHO-CLA,SHORE CLASSIC,raw_material,live_in_both
keep_active,FIN-BRK-COR-SOF-96X34-RS-WH,FIN-BRK-COR-SOF-96X34-RS-WH,finished_good,live_in_both
keep_active,FIN-BRK-DIN-TAB-36X72-STARLEG,FIN-BRK-DIN-TAB-36X72-STARLEG,finished_good,live_in_both
keep_active,FIN-BRK-DOU-CHS-58X79-BE,FIN-BRK-DOU-CHS-58X79-BE,finished_good,live_in_both
keep_active,FIN-BRK-DOU-CHS-58X79-BO,FIN-BRK-DOU-CHS-58X79-BO,finished_good,live_in_both
keep_active,FIN-BRK-DOU-CHS-58X79-BR,FIN-BRK-DOU-CHS-58X79-BR,finished_good,live_in_both
keep_active,FIN-BRK-DOU-CHS-58X79-GR,FIN-BRK-DOU-CHS-58X79-GR,finished_good,live_in_both
keep_active,FIN-BRK-DOU-CHS-58X79-WH,FIN-BRK-DOU-CHS-58X79-WH,finished_good,live_in_both
keep_active,SA-BRA-C-42X72-RS-FRAME,Bravada Chaise 42X72 Frame,sub_assembly,live_in_both
keep_active,FIN-BRK-SGL-CHS-38X79,"BROOKLYN SINGLE CHAISE LOUNGE 38"" x 79"" x 11"" SH",finished_good,live_in_both
keep_active,FIN-BRK-LOV-SOF-BE,FIN-BRK-LOV-SOF-BE,finished_good,live_in_both
keep_active,FIN-BRV-SWG-66X42,"BRAVADA SWING 66"" x 42"" x 23"" BH",finished_good,live_in_both
keep_active,FIN-BRV-OVS-CHS-72X42,"BRAVADA OVERSIZED CHAISE 72"" x 42"" x 31"" BH",finished_good,live_in_both
keep_active,FIN-BRK-LOV-SOF-BO,FIN-BRK-LOV-SOF-BO,finished_good,live_in_both
keep_active,FIN-BRK-LOV-SOF-BR,FIN-BRK-LOV-SOF-BR,finished_good,live_in_both
keep_active,FIN-BRK-LOV-SOF-GR,FIN-BRK-LOV-SOF-GR,finished_good,live_in_both
keep_active,FIN-BRK-LOV-SOF-WH,FIN-BRK-LOV-SOF-WH,finished_good,live_in_both
keep_active,FIN-BRK-SGL-CHS-38X79-BE,FIN-BRK-SGL-CHS-38X79-BE,finished_good,live_in_both
keep_active,FIN-BRK-SGL-CHS-38X79-BO,FIN-BRK-SGL-CHS-38X79-BO,finished_good,live_in_both
keep_active,FIN-TAY-BEN-DIN-HEI-72,TAYLOR BENCH (DINING HEIGHT) 72,finished_good,live_in_both
keep_active,FIN-BRK-SGL-CHS-38X79-BR,FIN-BRK-SGL-CHS-38X79-BR,finished_good,live_in_both
keep_active,FIN-BRK-SGL-CHS-38X79-GR,FIN-BRK-SGL-CHS-38X79-GR,finished_good,live_in_both
keep_active,FIN-BRK-SGL-CHS-38X79-WH,FIN-BRK-SGL-CHS-38X79-WH,finished_good,live_in_both
keep_active,FIN-BRK-SOF-72X34-BE,FIN-BRK-SOF-72X34-BE,finished_good,live_in_both
keep_active,FIN-BRK-SOF-72X34,"BROOKLYN SOFA 72"" x 34"" x 30"" BH",finished_good,live_in_both
keep_active,FIN-BRK-OTT-42X22,BROOKLYN OTTOMAN 22 X 42,finished_good,live_in_both
keep_active,FIN-BRK-OTT-72X22,BROOKLYN OTTOMAN 22 X 72,finished_good,live_in_both
keep_active,FIN-BRK-OTT-42X34,BROOKLYN OTTOMAN 34 X 42,finished_good,live_in_both
keep_active,FIN-BRK-OTT-72X34,BROOKLYN OTTOMAN 34 X 72,finished_good,live_in_both
keep_active,FIN-BRK-COR-SOF-72X34,"BROOKLYN CORNER SOFA 72"" x 34"" x 30"" BH",finished_good,live_in_both
keep_active,FIN-BRK-COR-SOF-96X34,"BROOKLYN CORNER SOFA 96"" x 34"" x 30"" BH",finished_good,live_in_both
keep_active,FIN-BRK-BAR-TAB-120X28,BROOKLYN TABLE (BAR HEIGHT) 28 X 120,finished_good,live_in_both
keep_active,FAB-DIR-LIN,DIRECTION LINEN,raw_material,live_in_both
keep_active,FIN-BRK-SOF-72X34-BO,FIN-BRK-SOF-72X34-BO,finished_good,live_in_both
keep_active,FIN-BRK-SOF-72X34-BR,FIN-BRK-SOF-72X34-BR,finished_good,live_in_both
keep_active,FIN-DAI-CNT-TAB-56X56,"DAISY BASE TABLE (COUNTER HEIGHT) 56"" x 56"" x 36""",finished_good,live_in_both
keep_active,FIN-BRK-BAR-TAB-98X28,BROOKLYN TABLE (BAR HEIGHT) 28 X 96,finished_good,live_in_both
keep_active,FIN-BRK-BAR-TAB-72X36,BROOKLYN TABLE (BAR HEIGHT) 36 X 72,finished_good,live_in_both
keep_active,FIN-BRK-CNT-TAB-72X18,BROOKLYN TABLE (COUNTER HEIGHT) 18 X 72,finished_good,live_in_both
keep_active,FIN-BRK-CNT-TAB-96X28,BROOKLYN TABLE (COUNTER HEIGHT) 28 X 96,finished_good,live_in_both
keep_active,FIN-BRK-CNT-TAB-72X36,BROOKLYN TABLE (COUNTER HEIGHT) 36 X 72,finished_good,live_in_both
keep_active,FIN-BRK-DIN-TAB-120X28,BROOKLYN TABLE (DINING HEIGHT) 28 X 120,finished_good,live_in_both
keep_active,FIN-BRK-DIN-TAB-96X28,BROOKLYN TABLE (DINING HEIGHT) 28 X 96,finished_good,live_in_both
keep_active,FIN-BRK-DIN-TAB-72X36,BROOKLYN TABLE (DINING HEIGHT) 36 X 72,finished_good,live_in_both
keep_active,FIN-BRK-TRA-DOU-CHS-48X72,"BROOKLYN TRANSITIONAL DOUBLE CHAISE 48"" x 72"" x 30"" BH",finished_good,live_in_both
keep_active,FIN-BRK-SOF-72X34-GR,FIN-BRK-SOF-72X34-GR,finished_good,live_in_both
keep_active,FIN-BRK-SOF-72X34-WH,FIN-BRK-SOF-72X34-WH,finished_good,live_in_both
keep_active,FIN-CUS-OTT-72X22,CUSTOM STORAGE OTTOMAN 22 X 72,finished_good,live_in_both
keep_active,FIN-CUS-OTT-82X23,CUSTOM STORAGE OTTOMAN 23 X 82,finished_good,live_in_both
keep_active,FIN-DAI-DIN-TAB-42X42,DAISY BASE ROUND TABLE (DINING HEIGHT) 42,finished_good,live_in_both
keep_active,FIN-DAI-BAR-TAB-120X42,DAISY BASE TABLE (BAR HEIGHT) 42 X 120,finished_good,live_in_both
keep_active,FIN-DAI-BAR-TAB-96X42,DAISY BASE TABLE (BAR HEIGHT) 42 X 96,finished_good,live_in_both
keep_active,FIN-DAI-BAR-TAB-72X56,DAISY BASE TABLE (BAR HEIGHT) 56 X 72,finished_good,live_in_both
keep_active,FIN-DAI-CNT-TAB-120X42,DAISY BASE TABLE (COUNTER HEIGHT) 42 X 120,finished_good,live_in_both
keep_active,FIN-DAI-CNT-TAB-96X42,DAISY BASE TABLE (COUNTER HEIGHT) 42 X 96,finished_good,live_in_both
keep_active,FIN-BRK-SOF-84X34-BE,FIN-BRK-SOF-84X34-BE,finished_good,live_in_both
keep_active,FIN-DAI-DIN-TAB-120X42,DAISY BASE TABLE (DINING HEIGHT) 42 X 120,finished_good,live_in_both
keep_active,FIN-DAI-DIN-TAB-96X42,DAISY BASE TABLE (DINING HEIGHT) 42 X 96,finished_good,live_in_both
keep_active,FIN-DAI-DIN-TAB-56X56,DAISY BASE TABLE (DINING HEIGHT) 56 X 56,finished_good,live_in_both
keep_active,FIN-BRK-SOF-84X34-BO,FIN-BRK-SOF-84X34-BO,finished_good,live_in_both
keep_active,FIN-FLY-FLY-BST-18X18,FLY LEG BARSTOOL (BAR HEIGHT),finished_good,live_in_both
keep_active,FAB-GAT-BLU,GATEWAY BLUSH,raw_material,live_in_both
keep_active,FAB-GLA-GLA,GLACIAL,raw_material,live_in_both
keep_active,FIN-BRK-SOF-84X34-BR,FIN-BRK-SOF-84X34-BR,finished_good,live_in_both
keep_active,FIN-BRK-SOF-84X34-GR,FIN-BRK-SOF-84X34-GR,finished_good,live_in_both
keep_active,FIN-KIN-MIS,KINDLE LIVING HEATER (Allison),finished_good,live_in_both
keep_active,FIN-BRK-SOF-84X34-WH,FIN-BRK-SOF-84X34-WH,finished_good,live_in_both
keep_active,FIN-BRK-SOF-96X34-BE,FIN-BRK-SOF-96X34-BE,finished_good,live_in_both
keep_active,FIN-BRK-SOF-96X34-BO,FIN-BRK-SOF-96X34-BO,finished_good,live_in_both
keep_active,SA-BRA-CADA-78X78-CUSH,Bravada Cabana Daybed 78 Cushion,sub_assembly,live_in_both
keep_active,FIN-BRK-SOF-96X34-BR,FIN-BRK-SOF-96X34-BR,finished_good,live_in_both
keep_active,FIN-BRK-SOF-96X34-GR,FIN-BRK-SOF-96X34-GR,finished_good,live_in_both
keep_active,FIN-BRK-SOF-96X34-WH,FIN-BRK-SOF-96X34-WH,finished_good,live_in_both
keep_active,FIN-BRK-TRA-DOU-CHS-48X72-BE,FIN-BRK-TRA-DOU-CHS-48X72-BE,finished_good,live_in_both
keep_active,FIN-MIS-DIN-BCH-72X22,DINING BENCH W/NO ARMS 72 X 22,finished_good,live_in_both
keep_active,FIN-MIS-DIN-BCH-96X22,DINING BENCH W/NO ARMS 96 X 22,finished_good,live_in_both
keep_active,FIN-BRK-TRA-DOU-CHS-48X72-BO,FIN-BRK-TRA-DOU-CHS-48X72-BO,finished_good,live_in_both
keep_active,FIN-FLY-LEG-BEN-COU-HEI-42,FLY LEG BENCH (COUNTER HEIGHT) 42,finished_good,live_in_both
keep_active,FIN-FLY-DIN-CHA-18X18,FLY LEG CHAIR (DINING HEIGHT),finished_good,live_in_both
keep_active,FIN-FLY-TAB-72X12,FLY TABLE 72,finished_good,live_in_both
keep_active,FIN-FLY-TAB-84X12,FLY TABLE 84,finished_good,live_in_both
keep_active,FIN-HAL-BAC-BAR-BAR-HEI,HALF BACK BARSTOOL (BAR HEIGHT),finished_good,live_in_both
keep_active,FIN-MIS-FLY-BST-17X21,HALF BACK BARSTOOL (COUNTER HEIGHT),finished_good,live_in_both
keep_active,FIN-OCC-TAB-56X14,OCCASIONAL TABLE,finished_good,live_in_both
keep_active,FIN-BRK-TRA-DOU-CHS-48X72-BR,FIN-BRK-TRA-DOU-CHS-48X72-BR,finished_good,live_in_both
keep_active,FIN-MIS-FIR-TAB-42X42,PROPANE FIRE PIT TABLE 42 X 42,finished_good,live_in_both
keep_active,ASM-BRK-DIN-TAB-36X36-FRAME,"STAR LEG TABLE (DINING HEIGHT) 36"" x 36"" x 30"" FRAME",sub_assembly,live_in_both
keep_active,ASM-BRK-DIN-TAB-36X72-FRAME,"BROOKLYN TABLE (DINING HEIGHT) 36"" x 72"" x 30"" FRAME",sub_assembly,live_in_both
keep_active,ASM-BRK-DIN-TAB-36X96-FRAME,"BROOKLYN TABLE (DINING HEIGHT) 36"" x 96"" x 30"" FRAME",sub_assembly,live_in_both
keep_active,ASM-BRK-DIN-TAB-42X42-FRAME,"STAR LEG TABLE (DINING HEIGHT) 42"" x 42"" x 30"" FRAME",sub_assembly,live_in_both
keep_active,ASM-BRK-DIN-TAB-72X28-FRAME,BROOKLYN TABLE (DINING HEIGHT) 28 X 72 FRAME,sub_assembly,live_in_both
keep_active,FIN-BRK-TRA-DOU-CHS-48X72-GR,FIN-BRK-TRA-DOU-CHS-48X72-GR,finished_good,live_in_both
keep_active,FIN-BRK-TRA-DOU-CHS-48X72-WH,FIN-BRK-TRA-DOU-CHS-48X72-WH,finished_good,live_in_both
keep_active,FIN-BRK-TRA-SGL-CHS-36X72-BE,FIN-BRK-TRA-SGL-CHS-36X72-BE,finished_good,live_in_both
keep_active,FIN-BRK-TRA-SGL-CHS-36X72-BO,FIN-BRK-TRA-SGL-CHS-36X72-BO,finished_good,live_in_both
keep_active,FIN-BRK-TRA-SGL-CHS-36X72-BR,FIN-BRK-TRA-SGL-CHS-36X72-BR,finished_good,live_in_both
keep_active,FIN-BRK-TRA-SGL-CHS-36X72-GR,FIN-BRK-TRA-SGL-CHS-36X72-GR,finished_good,live_in_both
keep_active,FIN-BRK-TRA-SGL-CHS-36X72-WH,FIN-BRK-TRA-SGL-CHS-36X72-WH,finished_good,live_in_both
keep_active,FIN-BRV-ARM-LOV-60-BE,FIN-BRV-ARM-LOV-60-BE,finished_good,live_in_both
keep_active,FIN-BRV-ARM-LOV-60-BO,FIN-BRV-ARM-LOV-60-BO,finished_good,live_in_both
keep_active,FIN-BRV-ARM-LOV-60-BR,FIN-BRV-ARM-LOV-60-BR,finished_good,live_in_both
keep_active,FIN-BRV-ARM-LOV-60-GR,FIN-BRV-ARM-LOV-60-GR,finished_good,live_in_both
keep_active,FIN-BRV-ARM-LOV-60-WH,FIN-BRV-ARM-LOV-60-WH,finished_good,live_in_both
keep_active,FIN-BRV-ARM-SOF-72-BE,FIN-BRV-ARM-SOF-72-BE,finished_good,live_in_both
keep_active,FIN-BRV-ARM-SOF-72-BO,FIN-BRV-ARM-SOF-72-BO,finished_good,live_in_both
keep_active,FIN-BRV-ARM-SOF-72-BR,FIN-BRV-ARM-SOF-72-BR,finished_good,live_in_both
keep_active,FIN-BRV-ARM-SOF-72-GR,FIN-BRV-ARM-SOF-72-GR,finished_good,live_in_both
keep_active,FIN-BRV-ARM-SOF-72-WH,FIN-BRV-ARM-SOF-72-WH,finished_good,live_in_both
keep_active,FIN-BRV-ARM-SOF-72X34-ARMLESSSOFA,FIN-BRV-ARM-SOF-72X34-ARMLESSSOFA,finished_good,live_in_both
keep_active,FIN-BRV-ARM-SOF-84-BE,FIN-BRV-ARM-SOF-84-BE,finished_good,live_in_both
keep_active,FIN-BRV-ARM-SOF-84-BO,FIN-BRV-ARM-SOF-84-BO,finished_good,live_in_both
keep_active,FIN-MIS-SID-TAB-13X30,U SIDE TABLE,finished_good,live_in_both
keep_active,FIN-TAY-DIN-CHA-24X23,"TAYLOR CHAIR w/ARMS (DINING HEIGHT) 24"" x 23"" x 18"" SH",finished_good,live_in_both
keep_active,FIN-WFT-BAR-TAB-120X28,WATERFALL TABLE (BAR HEIGHT) 28 X 120,finished_good,live_in_both
keep_active,FIN-WFT-BAR-TAB-72X28,WATERFALL TABLE (BAR HEIGHT) 28 X 72,finished_good,live_in_both
keep_active,FIN-WFT-CNT-TAB-72X28,WATERFALL TABLE (COUNTER HEIGHT) 28 X 72,finished_good,live_in_both
keep_active,FIN-WFT-CNT-TAB-120X36,WATERFALL TABLE (COUNTER HEIGHT) 36 X 120,finished_good,live_in_both
keep_active,FIN-WFT-CNT-TAB-96X36,WATERFALL TABLE (COUNTER HEIGHT) 36 X 96,finished_good,live_in_both
keep_active,FIN-WFT-DIN-TAB-96X28,WATERFALL TABLE (DINING HEIGHT) 28 X 96,finished_good,live_in_both
keep_active,FIN-WFT-DIN-TAB-72X36,WATERFALL TABLE (DINING HEIGHT) 36 X 72,finished_good,live_in_both
keep_active,FIN-WFT-FIR-TAB-72X36,"WATERFALL FIRE PIT TABLE 72"" x 36"" x 16""",finished_good,live_in_both
keep_active,FIN-BRV-ARM-SOF-84-BR,FIN-BRV-ARM-SOF-84-BR,finished_good,live_in_both
keep_active,FIN-BRV-ARM-SOF-84-GR,FIN-BRV-ARM-SOF-84-GR,finished_good,live_in_both
keep_active,ASM-MLN-OTT-34X42-CUSH,"MILAN OTTOMAN 34"" x 42"" x 16"" CUSH",sub_assembly,live_in_both
keep_active,ASM-MLN-OTT-34X60-FRAME,"MILAN OTTOMAN 34"" x 60"" x 16"" FRAME",sub_assembly,live_in_both
keep_active,ASM-MLN-OTT-34X60-CUSH,"MILAN OTTOMAN 34"" x 60"" x 16"" CUSH",sub_assembly,live_in_both
keep_active,FIN-BRV-ARM-SOF-84-WH,FIN-BRV-ARM-SOF-84-WH,finished_good,live_in_both
keep_active,FIN-BRV-ARM-SOF-96-BE,FIN-BRV-ARM-SOF-96-BE,finished_good,live_in_both
keep_active,FIN-BRV-ARM-SOF-96-BO,FIN-BRV-ARM-SOF-96-BO,finished_good,live_in_both
keep_active,FIN-BRV-ARM-SOF-96-BR,FIN-BRV-ARM-SOF-96-BR,finished_good,live_in_both
keep_active,FIN-BRV-ARM-SOF-96-GR,FIN-BRV-ARM-SOF-96-GR,finished_good,live_in_both
keep_active,FIN-BRV-ARM-SOF-96-WH,FIN-BRV-ARM-SOF-96-WH,finished_good,live_in_both
keep_active,FIN-BRV-BCH-96X34-ROUNDEDBACKED,FIN-BRV-BCH-96X34-ROUNDEDBACKED,finished_good,live_in_both
keep_active,FIN-BRV-CHS-34X72-LS-BE,FIN-BRV-CHS-34X72-LS-BE,finished_good,live_in_both
keep_active,FIN-BRV-CHS-34X72-LS-BO,FIN-BRV-CHS-34X72-LS-BO,finished_good,live_in_both
keep_active,FIN-BRV-CHS-34X72-LS-BR,FIN-BRV-CHS-34X72-LS-BR,finished_good,live_in_both
keep_active,FIN-BRV-CHS-34X72-LS-GR,FIN-BRV-CHS-34X72-LS-GR,finished_good,live_in_both
keep_active,FIN-BRV-CHS-34X72-LS-WH,FIN-BRV-CHS-34X72-LS-WH,finished_good,live_in_both
keep_active,FIN-BRV-CHS-34X72-RS-BE,FIN-BRV-CHS-34X72-RS-BE,finished_good,live_in_both
keep_active,FIN-BRV-CHS-34X72-RS-BO,FIN-BRV-CHS-34X72-RS-BO,finished_good,live_in_both
keep_active,FIN-BRV-CHS-34X72-RS-BR,FIN-BRV-CHS-34X72-RS-BR,finished_good,live_in_both
keep_active,FIN-BRV-CHS-34X72-RS-GR,FIN-BRV-CHS-34X72-RS-GR,finished_good,live_in_both
keep_active,FIN-BRV-CHS-34X72-RS-WH,FIN-BRV-CHS-34X72-RS-WH,finished_good,live_in_both
keep_active,FIN-BRV-CHS-34X84-LS-BE,FIN-BRV-CHS-34X84-LS-BE,finished_good,live_in_both
keep_active,FIN-BRV-CHS-34X84-LS-BO,FIN-BRV-CHS-34X84-LS-BO,finished_good,live_in_both
keep_active,FIN-BRV-CHS-34X84-LS-BR,FIN-BRV-CHS-34X84-LS-BR,finished_good,live_in_both
keep_active,FIN-BRV-CHS-34X84-LS-GR,FIN-BRV-CHS-34X84-LS-GR,finished_good,live_in_both
keep_active,FIN-BRV-CHS-34X84-LS-WH,FIN-BRV-CHS-34X84-LS-WH,finished_good,live_in_both
keep_active,FIN-BRV-CHS-34X84-RS-BE,FIN-BRV-CHS-34X84-RS-BE,finished_good,live_in_both
keep_active,FIN-BRV-CHS-34X84-RS-BO,FIN-BRV-CHS-34X84-RS-BO,finished_good,live_in_both
keep_active,FIN-BRV-CHS-34X84-RS-BR,FIN-BRV-CHS-34X84-RS-BR,finished_good,live_in_both
keep_active,FIN-BRV-CHS-34X84-RS-GR,FIN-BRV-CHS-34X84-RS-GR,finished_good,live_in_both
keep_active,FIN-BRV-CHS-34X84-RS-WH,FIN-BRV-CHS-34X84-RS-WH,finished_good,live_in_both
keep_active,FIN-BRV-CHS-42X72-LS-BE,FIN-BRV-CHS-42X72-LS-BE,finished_good,live_in_both
keep_active,FIN-BRV-CHS-42X72-LS-BO,FIN-BRV-CHS-42X72-LS-BO,finished_good,live_in_both
keep_active,FIN-BRV-CHS-42X72-LS-BR,FIN-BRV-CHS-42X72-LS-BR,finished_good,live_in_both
keep_active,FIN-BRV-CHS-42X72-LS-GR,FIN-BRV-CHS-42X72-LS-GR,finished_good,live_in_both
keep_active,FIN-BRV-CHS-42X72-LS-WH,FIN-BRV-CHS-42X72-LS-WH,finished_good,live_in_both
keep_active,FIN-BRV-CHS-42X72-RS-BE,FIN-BRV-CHS-42X72-RS-BE,finished_good,live_in_both
keep_active,FIN-BRV-CHS-42X72-RS-BO,FIN-BRV-CHS-42X72-RS-BO,finished_good,live_in_both
keep_active,FIN-BRV-CHS-42X72-RS-BR,FIN-BRV-CHS-42X72-RS-BR,finished_good,live_in_both
keep_active,FIN-BRV-CHS-42X72-RS-GR,FIN-BRV-CHS-42X72-RS-GR,finished_good,live_in_both
keep_active,FIN-BRV-CHS-42X72-RS-WH,FIN-BRV-CHS-42X72-RS-WH,finished_good,live_in_both
keep_active,FIN-BRV-CHS-42X84-LS-BE,FIN-BRV-CHS-42X84-LS-BE,finished_good,live_in_both
keep_active,FIN-BRV-CHS-42X84-LS-BO,FIN-BRV-CHS-42X84-LS-BO,finished_good,live_in_both
keep_active,FIN-BRV-CHS-42X84-LS-BR,FIN-BRV-CHS-42X84-LS-BR,finished_good,live_in_both
keep_active,FAB-LAB-CLO,LABYRINTH CLOUD,raw_material,live_in_both
keep_active,FIN-BRV-CHS-42X84-LS-GR,FIN-BRV-CHS-42X84-LS-GR,finished_good,live_in_both
keep_active,FIN-BRV-CHS-42X84-LS-WH,FIN-BRV-CHS-42X84-LS-WH,finished_good,live_in_both
keep_active,FIN-BRV-CHS-42X84-RS-BE,FIN-BRV-CHS-42X84-RS-BE,finished_good,live_in_both
keep_active,FIN-BRV-CHS-42X84-RS-BO,FIN-BRV-CHS-42X84-RS-BO,finished_good,live_in_both
keep_active,FIN-BRV-CHS-42X84-RS-BR,FIN-BRV-CHS-42X84-RS-BR,finished_good,live_in_both
keep_active,FIN-BRV-CHS-42X84-RS-GR,FIN-BRV-CHS-42X84-RS-GR,finished_good,live_in_both
keep_active,FIN-BRV-CHS-42X84-RS-WH,FIN-BRV-CHS-42X84-RS-WH,finished_good,live_in_both
keep_active,FIN-BRV-CLB-CHA-BE,FIN-BRV-CLB-CHA-BE,finished_good,live_in_both
keep_active,FIN-WFT-BAR-TAB-120X36,WATERFALL TABLE (BAR HEIGHT) 36 X 120,finished_good,live_in_both
keep_active,FIN-WFT-BAR-TAB-72X36,WATERFALL TABLE (BAR HEIGHT) 36 X 72,finished_good,live_in_both
keep_active,FIN-BRV-CLB-CHA-BO,FIN-BRV-CLB-CHA-BO,finished_good,live_in_both
keep_active,FIN-BRV-CLB-CHA-BR,FIN-BRV-CLB-CHA-BR,finished_good,live_in_both
keep_active,FIN-BRV-CLB-CHA-GR,FIN-BRV-CLB-CHA-GR,finished_good,live_in_both
keep_active,FIN-BRV-CLB-CHA-WH,FIN-BRV-CLB-CHA-WH,finished_good,live_in_both
keep_active,FIN-WFT-BAR-TAB-96X36,WATERFALL TABLE (BAR HEIGHT) 36 X 96,finished_good,live_in_both
keep_active,FIN-BRV-COF-TAB,FIN-BRV-COF-TAB,finished_good,live_in_both
keep_active,FIN-BRV-COF-TAB-36X36-BE,FIN-BRV-COF-TAB-36X36-BE,finished_good,live_in_both
keep_active,FIN-BRV-COF-TAB-36X36-BO,FIN-BRV-COF-TAB-36X36-BO,finished_good,live_in_both
keep_active,FIN-BRV-COF-TAB-36X36-BR,FIN-BRV-COF-TAB-36X36-BR,finished_good,live_in_both
keep_active,FIN-BRV-COF-TAB-36X36-GR,FIN-BRV-COF-TAB-36X36-GR,finished_good,live_in_both
keep_active,FIN-BRV-COF-TAB-36X36-WT,FIN-BRV-COF-TAB-36X36-WT,finished_good,live_in_both
keep_active,FIN-BRV-COF-TAB-42X28-BE,FIN-BRV-COF-TAB-42X28-BE,finished_good,live_in_both
keep_active,FIN-BRV-COF-TAB-42X28-BO,FIN-BRV-COF-TAB-42X28-BO,finished_good,live_in_both
keep_active,FIN-BRV-COF-TAB-42X28-BR,FIN-BRV-COF-TAB-42X28-BR,finished_good,live_in_both
keep_active,FIN-BRV-COF-TAB-42X28-GR,FIN-BRV-COF-TAB-42X28-GR,finished_good,live_in_both
keep_active,FIN-BRV-COF-TAB-42X28-WH,FIN-BRV-COF-TAB-42X28-WH,finished_good,live_in_both
keep_active,FIN-BRV-COF-TAB-42X42-BE,FIN-BRV-COF-TAB-42X42-BE,finished_good,live_in_both
keep_active,SA-DAI-TAB-72X42-FRAME,Daisy Base Table 72 x 42 Dining Height FRAME,sub_assembly,live_in_both
keep_active,FIN-BRV-COF-TAB-42X42-BO,FIN-BRV-COF-TAB-42X42-BO,finished_good,live_in_both
keep_active,FIN-BRV-COF-TAB-42X42-BR,FIN-BRV-COF-TAB-42X42-BR,finished_good,live_in_both
keep_active,FIN-BRV-COF-TAB-42X42-GR,FIN-BRV-COF-TAB-42X42-GR,finished_good,live_in_both
keep_active,FIN-BRV-COF-TAB-42X42-WH,FIN-BRV-COF-TAB-42X42-WH,finished_good,live_in_both
keep_active,FIN-BRV-COF-TAB-56X28-BE,FIN-BRV-COF-TAB-56X28-BE,finished_good,live_in_both
keep_active,FIN-BRV-COF-TAB-56X28-BO,FIN-BRV-COF-TAB-56X28-BO,finished_good,live_in_both
keep_active,FIN-BRV-COF-TAB-56X28-BR,FIN-BRV-COF-TAB-56X28-BR,finished_good,live_in_both
keep_active,FIN-BRV-COF-TAB-56X28-GR,FIN-BRV-COF-TAB-56X28-GR,finished_good,live_in_both
keep_active,FIN-BRV-COF-TAB-56X28-WH,FIN-BRV-COF-TAB-56X28-WH,finished_good,live_in_both
keep_active,SA-BRO-S-96-CUSH,Brooklyn Sofa 96 Cushion,sub_assembly,live_in_both
keep_active,FIN-WFT-FIR-TAB-56X36,"WATERFALL FIRE PIT TABLE 56"" x 36"" x 16""",finished_good,live_in_both
keep_active,FIN-WFT-SID-TAB-13X40,WATERFALL SIDE TABLE 40X13,finished_good,live_in_both
keep_active,FIN-WFT-CNT-TAB-120X28,WATERFALL TABLE (COUNTER HEIGHT) 28 X 120,finished_good,live_in_both
keep_active,FIN-WFT-CNT-TAB-96X28,WATERFALL TABLE (COUNTER HEIGHT) 28 X 96,finished_good,live_in_both
keep_active,FIN-WFT-CNT-TAB-72X36,WATERFALL TABLE (COUNTER HEIGHT) 36 X 72,finished_good,live_in_both
keep_active,FIN-WFT-DIN-TAB-120X28,WATERFALL TABLE (DINING HEIGHT) 28 X 120,finished_good,live_in_both
already_inactive,FUR-TNJ-BAJSIDTABSTOCG,TENJAM BAJA SIDE TABLE/STOOL CLOUD GRAY,finished_good,already_inactive_and_missing_from_katana
keep_active,FIN-WFT-DIN-TAB-120X36,WATERFALL TABLE (DINING HEIGHT) 36 X 120,finished_good,live_in_both
keep_active,FIN-WFT-DIN-TAB-96X36,WATERFALL TABLE (DINING HEIGHT) 36 X 96,finished_good,live_in_both
keep_active,FIN-BRV-COF-TAB-56X36-BE,FIN-BRV-COF-TAB-56X36-BE,finished_good,live_in_both
keep_active,FIN-WFT-DIN-TAB-72X28,Waterfall Dining Table 72x28,finished_good,live_in_both
keep_active,FIN-BRV-COF-TAB-56X36-BO,FIN-BRV-COF-TAB-56X36-BO,finished_good,live_in_both
keep_active,FIN-BRV-COF-TAB-56X36-BR,FIN-BRV-COF-TAB-56X36-BR,finished_good,live_in_both
keep_active,FIN-BRV-COF-TAB-56X36-GR,FIN-BRV-COF-TAB-56X36-GR,finished_good,live_in_both
keep_active,FIN-BRV-COF-TAB-56X36-WH,FIN-BRV-COF-TAB-56X36-WH,finished_good,live_in_both
keep_active,FIN-BRV-COF-TAB-56X42-BE,FIN-BRV-COF-TAB-56X42-BE,finished_good,live_in_both
keep_active,FIN-BRV-COF-TAB-56X42-BO,FIN-BRV-COF-TAB-56X42-BO,finished_good,live_in_both
keep_active,FIN-BRV-COF-TAB-56X42-BR,FIN-BRV-COF-TAB-56X42-BR,finished_good,live_in_both
keep_active,FIN-BRV-COF-TAB-56X42-GR,FIN-BRV-COF-TAB-56X42-GR,finished_good,live_in_both
keep_active,FIN-BRV-COF-TAB-56X42-WH,FIN-BRV-COF-TAB-56X42-WH,finished_good,live_in_both
keep_active,FIN-BRV-COF-TAB-56X56-BE,FIN-BRV-COF-TAB-56X56-BE,finished_good,live_in_both
keep_active,FIN-BRV-COF-TAB-56X56-BO,FIN-BRV-COF-TAB-56X56-BO,finished_good,live_in_both
keep_active,FIN-BRV-COF-TAB-56X56-BR,FIN-BRV-COF-TAB-56X56-BR,finished_good,live_in_both
keep_active,FIN-BRV-COF-TAB-56X56-GR,FIN-BRV-COF-TAB-56X56-GR,finished_good,live_in_both
keep_active,FIN-BRV-COF-TAB-56X56-WH,FIN-BRV-COF-TAB-56X56-WH,finished_good,live_in_both
keep_active,FIN-BRV-COF-TAB-72X36-BE,FIN-BRV-COF-TAB-72X36-BE,finished_good,live_in_both
keep_active,FIN-BRV-COF-TAB-72X36-BO,FIN-BRV-COF-TAB-72X36-BO,finished_good,live_in_both
keep_active,FIN-BRV-COF-TAB-72X36-BR,FIN-BRV-COF-TAB-72X36-BR,finished_good,live_in_both
keep_active,FIN-BRV-COF-TAB-72X36-GR,FIN-BRV-COF-TAB-72X36-GR,finished_good,live_in_both
keep_active,FIN-BRV-COF-TAB-72X36-WH,FIN-BRV-COF-TAB-72X36-WH,finished_good,live_in_both
keep_active,FIN-BRV-COF-TAB-72X42-BE,FIN-BRV-COF-TAB-72X42-BE,finished_good,live_in_both
keep_active,FIN-BRV-COF-TAB-72X42-BO,FIN-BRV-COF-TAB-72X42-BO,finished_good,live_in_both
keep_active,FIN-BRV-COF-TAB-72X42-BR,FIN-BRV-COF-TAB-72X42-BR,finished_good,live_in_both
keep_active,FIN-BRV-COF-TAB-72X42-GR,FIN-BRV-COF-TAB-72X42-GR,finished_good,live_in_both
keep_active,SA-BRV-CLB-CHA-34X34-SEAT,Bravada Club Chair Seat Frame,sub_assembly,live_in_both
already_inactive,FUR-TNJ-PLADS,TENJAM PLANTER DESERT SANDSTONE,finished_good,already_inactive_and_missing_from_katana
already_inactive,FUR-TNJ-PLAGG,TENJAM PLANTER GRAY GRANITE,finished_good,already_inactive_and_missing_from_katana
already_inactive,FUR-TNJ-PLARR,TENJAM PLANTER RIVER ROCK,finished_good,already_inactive_and_missing_from_katana
already_inactive,FUR-TNJ-PLASB,TENJAM PLANTER SURF BLUE,finished_good,already_inactive_and_missing_from_katana
already_inactive,FUR-TNJ-PLAWG,TENJAM PLANTER WHITE GRANITE,finished_good,already_inactive_and_missing_from_katana
already_inactive,FUR-TNJ-PLAYEL,TENJAM PLANTER YELLOW,finished_good,already_inactive_and_missing_from_katana
already_inactive,FUR-TNJ-RADPAD10PACGG,TENJAM RAD PADS (10-PACK) GRAY GRANITE,finished_good,already_inactive_and_missing_from_katana
already_inactive,FUR-TNJ-RADPAD10PACLB,TENJAM RAD PADS (10-PACK) LIGHT BLUE,finished_good,already_inactive_and_missing_from_katana
already_inactive,FUR-TNJ-RADPAD10PACSB,TENJAM RAD PADS (10-PACK) SURF BLUE,finished_good,already_inactive_and_missing_from_katana
already_inactive,FUR-TNJ-RADPAD10PACSW,TENJAM RAD PADS (10-PACK) SOLID WHITE,finished_good,already_inactive_and_missing_from_katana
already_inactive,FUR-TNJ-RADPAD10PACYEL,TENJAM RAD PADS (10-PACK) YELLOW,finished_good,already_inactive_and_missing_from_katana
already_inactive,FUR-TNJ-RIPSIDTABDS,TENJAM RIPPLE SIDE TABLE DESERT SANDSTONE,finished_good,already_inactive_and_missing_from_katana
already_inactive,FUR-TNJ-RIPSIDTABLB,TENJAM RIPPLE SIDE TABLE LIGHT BLUE,finished_good,already_inactive_and_missing_from_katana
already_inactive,FUR-TNJ-RIPSIDTABRR,TENJAM RIPPLE SIDE TABLE RIVER ROCK,finished_good,already_inactive_and_missing_from_katana
keep_active,FIN-BRV-COF-TAB-72X42-WH,FIN-BRV-COF-TAB-72X42-WH,finished_good,live_in_both
keep_active,FIN-BRV-COF-TAB-72X56-BE,FIN-BRV-COF-TAB-72X56-BE,finished_good,live_in_both
keep_active,FIN-BRV-COF-TAB-72X56-BO,FIN-BRV-COF-TAB-72X56-BO,finished_good,live_in_both
keep_active,FIN-BRV-COF-TAB-72X56-BR,FIN-BRV-COF-TAB-72X56-BR,finished_good,live_in_both
keep_active,FIN-BRV-COF-TAB-72X56-GR,FIN-BRV-COF-TAB-72X56-GR,finished_good,live_in_both
keep_active,FIN-BRV-COF-TAB-72X56-WH,FIN-BRV-COF-TAB-72X56-WH,finished_good,live_in_both
keep_active,FIN-BRV-COR-SOF-72X34-LS-BE,FIN-BRV-COR-SOF-72X34-LS-BE,finished_good,live_in_both
keep_active,FIN-BRV-COR-SOF-72X34-LS-BO,FIN-BRV-COR-SOF-72X34-LS-BO,finished_good,live_in_both
keep_active,FIN-BRV-COR-SOF-72X34-LS-BR,FIN-BRV-COR-SOF-72X34-LS-BR,finished_good,live_in_both
keep_active,FIN-BRV-COR-SOF-72X34-LS-GR,FIN-BRV-COR-SOF-72X34-LS-GR,finished_good,live_in_both
keep_active,FIN-BRV-COR-SOF-72X34-LS-WH,FIN-BRV-COR-SOF-72X34-LS-WH,finished_good,live_in_both
keep_active,FIN-BRV-COR-SOF-72X34-RS-BE,FIN-BRV-COR-SOF-72X34-RS-BE,finished_good,live_in_both
keep_active,FIN-BRV-COR-SOF-72X34-RS-BO,FIN-BRV-COR-SOF-72X34-RS-BO,finished_good,live_in_both
keep_active,FIN-BRV-COR-SOF-72X34-RS-BR,FIN-BRV-COR-SOF-72X34-RS-BR,finished_good,live_in_both
keep_active,FIN-BRV-COR-SOF-72X34-RS-GR,FIN-BRV-COR-SOF-72X34-RS-GR,finished_good,live_in_both
keep_active,FIN-BRV-COR-SOF-72X34-RS-WH,FIN-BRV-COR-SOF-72X34-RS-WH,finished_good,live_in_both
keep_active,FIN-BRV-COR-SOF-84X34-LS-BE,FIN-BRV-COR-SOF-84X34-LS-BE,finished_good,live_in_both
keep_active,FIN-BRV-COR-SOF-84X34-LS-BO,FIN-BRV-COR-SOF-84X34-LS-BO,finished_good,live_in_both
keep_active,FIN-BRV-COR-SOF-84X34-LS-BR,FIN-BRV-COR-SOF-84X34-LS-BR,finished_good,live_in_both
keep_active,FIN-BRV-COR-SOF-84X34-LS-GR,FIN-BRV-COR-SOF-84X34-LS-GR,finished_good,live_in_both
keep_active,FIN-BRV-COR-SOF-84X34-LS-WH,FIN-BRV-COR-SOF-84X34-LS-WH,finished_good,live_in_both
keep_active,FIN-BRV-COR-SOF-84X34-RS-BE,FIN-BRV-COR-SOF-84X34-RS-BE,finished_good,live_in_both
keep_active,FIN-BRV-COR-SOF-84X34-RS-BO,FIN-BRV-COR-SOF-84X34-RS-BO,finished_good,live_in_both
keep_active,FIN-BRV-COR-SOF-84X34-RS-BR,FIN-BRV-COR-SOF-84X34-RS-BR,finished_good,live_in_both
keep_active,FIN-BRV-COR-SOF-84X34-RS-GR,FIN-BRV-COR-SOF-84X34-RS-GR,finished_good,live_in_both
keep_active,FIN-BRV-COR-SOF-84X34-RS-WH,FIN-BRV-COR-SOF-84X34-RS-WH,finished_good,live_in_both
keep_active,FIN-BRV-COR-SOF-96X34-LS-BE,FIN-BRV-COR-SOF-96X34-LS-BE,finished_good,live_in_both
keep_active,FIN-BRV-COR-SOF-96X34-LS-BO,FIN-BRV-COR-SOF-96X34-LS-BO,finished_good,live_in_both
keep_active,FIN-BRV-COR-SOF-96X34-LS-BR,FIN-BRV-COR-SOF-96X34-LS-BR,finished_good,live_in_both
keep_active,FIN-BRV-COR-SOF-96X34-LS-GR,FIN-BRV-COR-SOF-96X34-LS-GR,finished_good,live_in_both
keep_active,FIN-BRV-COR-SOF-96X34-LS-WH,FIN-BRV-COR-SOF-96X34-LS-WH,finished_good,live_in_both
keep_active,FIN-BRV-COR-SOF-96X34-RS-BE,FIN-BRV-COR-SOF-96X34-RS-BE,finished_good,live_in_both
keep_active,FIN-BRV-COR-SOF-96X34-RS-BO,FIN-BRV-COR-SOF-96X34-RS-BO,finished_good,live_in_both
keep_active,FIN-BRV-COR-SOF-96X34-RS-BR,FIN-BRV-COR-SOF-96X34-RS-BR,finished_good,live_in_both
keep_active,FIN-BRV-COR-SOF-96X34-RS-GR,FIN-BRV-COR-SOF-96X34-RS-GR,finished_good,live_in_both
keep_active,FIN-BRV-COR-SOF-96X34-RS-WH,FIN-BRV-COR-SOF-96X34-RS-WH,finished_good,live_in_both
keep_active,FIN-BRV-DOU-CHS-58X79-BE,FIN-BRV-DOU-CHS-58X79-BE,finished_good,live_in_both
keep_active,FIN-BRV-DOU-CHS-58X79-BO,FIN-BRV-DOU-CHS-58X79-BO,finished_good,live_in_both
keep_active,FIN-BRV-DOU-CHS-58X79-BR,FIN-BRV-DOU-CHS-58X79-BR,finished_good,live_in_both
keep_active,FIN-BRV-DOU-CHS-58X79-GR,FIN-BRV-DOU-CHS-58X79-GR,finished_good,live_in_both
keep_active,FIN-BRV-DOU-CHS-58X79-NOARM-BE,FIN-BRV-DOU-CHS-58X79-NOARM-BE,finished_good,live_in_both
keep_active,FIN-BRV-DOU-CHS-58X79-NOARM-BO,FIN-BRV-DOU-CHS-58X79-NOARM-BO,finished_good,live_in_both
keep_active,FIN-BRV-DOU-CHS-58X79-NOARM-BR,FIN-BRV-DOU-CHS-58X79-NOARM-BR,finished_good,live_in_both
keep_active,FIN-BRV-DOU-CHS-58X79-NOARM-GR,FIN-BRV-DOU-CHS-58X79-NOARM-GR,finished_good,live_in_both
keep_active,FIN-BRV-DOU-CHS-58X79-NOARM-WH,FIN-BRV-DOU-CHS-58X79-NOARM-WH,finished_good,live_in_both
keep_active,FIN-BRV-DOU-CHS-58X79-WH,FIN-BRV-DOU-CHS-58X79-WH,finished_good,live_in_both
keep_active,FIN-BRV-DYB-72X72-BE,FIN-BRV-DYB-72X72-BE,finished_good,live_in_both
keep_active,FIN-BRV-DYB-72X72-BO,FIN-BRV-DYB-72X72-BO,finished_good,live_in_both
keep_active,FIN-BRV-DYB-72X72-BR,FIN-BRV-DYB-72X72-BR,finished_good,live_in_both
keep_active,FIN-BRV-DYB-72X72-GR,FIN-BRV-DYB-72X72-GR,finished_good,live_in_both
keep_active,FIN-BRV-DYB-72X72-WH,FIN-BRV-DYB-72X72-WH,finished_good,live_in_both
keep_active,FIN-BRV-DYB-72X78-BE,FIN-BRV-DYB-72X78-BE,finished_good,live_in_both
keep_active,FIN-BRV-DYB-72X78-BO,FIN-BRV-DYB-72X78-BO,finished_good,live_in_both
keep_active,FIN-BRV-DYB-72X78-BR,FIN-BRV-DYB-72X78-BR,finished_good,live_in_both
keep_active,FIN-BRV-DYB-72X78-GR,FIN-BRV-DYB-72X78-GR,finished_good,live_in_both
keep_active,FIN-BRV-DYB-72X78-WH,FIN-BRV-DYB-72X78-WH,finished_good,live_in_both
keep_active,FIN-BRV-DYB-78X72-BE,FIN-BRV-DYB-78X72-BE,finished_good,live_in_both
keep_active,FIN-BRV-DYB-78X72-BO,FIN-BRV-DYB-78X72-BO,finished_good,live_in_both
keep_active,FIN-BRV-DYB-78X72-BR,FIN-BRV-DYB-78X72-BR,finished_good,live_in_both
keep_active,FIN-BRV-DYB-78X72-GR,FIN-BRV-DYB-78X72-GR,finished_good,live_in_both
keep_active,MET-EVOLUTION14BLADEAL,ALUMINUM CUTTING BLADE,raw_material,live_in_both
keep_active,MET-FH141,1/4 X 1 HR FLAT BAR,raw_material,live_in_both
keep_active,MET-RT05015016,STEEL TUBE RECT 1/2 X 1-1/2 X 16 GA,raw_material,live_in_both
already_inactive,SA-BRV-CLB-CHA-34X34-FRAME,"BRAVADA CLUB CHAIR 34"" x 34"" x 31"" BH FRAME",sub_assembly,already_inactive_and_missing_from_katana
keep_active,FIN-BRV-DYB-78X72-WH,FIN-BRV-DYB-78X72-WH,finished_good,live_in_both
keep_active,PWD-FANUC-GRAY,FANUC GRAY POWDER,raw_material,live_in_both
keep_active,PWD-LITE-BEIGE,LITE BEIGE POWDER,raw_material,live_in_both
keep_active,PWD-OIL-RUB-BRONZE,OIL RUB BRONZE POWDER,raw_material,live_in_both
keep_active,PWD-WILD-RICE,WILD RICE POWDER,raw_material,live_in_both
keep_active,MET-SQT20012,STEEL TUBE SQ 2 X 2 X .120,raw_material,live_in_both
already_inactive,SHD-FIM-FTCANCAN,FIM FLEXY TWIN CANVAS CANOPY,finished_good,already_inactive_and_missing_from_katana
keep_active,FIN-BRV-DYB-78X78-BE,FIN-BRV-DYB-78X78-BE,finished_good,live_in_both
keep_active,FIN-BRV-DYB-78X78-BO,FIN-BRV-DYB-78X78-BO,finished_good,live_in_both
keep_active,MET-102841,METAL CUTTING BLADE,raw_material,live_in_both
keep_active,MET-FH316112,3/16 X 1-1/2 HR FLAT BAR,raw_material,live_in_both
keep_active,MET-HRP011510,HR STEEL SHEET 11 GA,raw_material,live_in_both
keep_active,MET-RAGWWK,RAGS,raw_material,live_in_both
keep_active,MET-RT10020016,STEEL TUBE RECT 1 X 2 X 16 GA,raw_material,live_in_both
keep_active,MET-SH16,HOT ROLLED SHEET 16 GAUGE,raw_material,live_in_both
keep_active,MET-SQT30016,STEEL TUBE SQ 3 X 3 X 16 GA,raw_material,live_in_both
keep_active,MET-TB11060,1 X 1 X 16GA SQ TUBE,raw_material,live_in_both
keep_active,MET-TB11234060,1-1/2 X 3/4 X 16GA REC TUBE,raw_material,live_in_both
keep_active,MET-TB22060,2 X 2 X 16GA SQ TUBE,raw_material,live_in_both
keep_active,MET-TB234060,2 X 3/4 X 16GA REC TUBE,raw_material,live_in_both
keep_active,MET-TB42060,4 X 2 X 16GA REC TUBE,raw_material,live_in_both
keep_active,MET-TBR34083,3/4 X 14GA RD TUBE,raw_material,live_in_both
keep_active,PWD-BONE,BONE POWDER,raw_material,live_in_both
keep_active,MET-FH18112,1/8 X 1-1/2 HR FLAT BAR,raw_material,live_in_both
keep_active,FIN-BRV-DYB-78X78-BR,FIN-BRV-DYB-78X78-BR,finished_good,live_in_both
keep_active,MET-SQT12516,STEEL TUBE SQ 1-1/4 X 1-1/4 X 16 GA,raw_material,live_in_both
keep_active,FIN-BRV-DYB-78X78-GR,FIN-BRV-DYB-78X78-GR,finished_good,live_in_both
keep_active,MET-10019150,HR STEEL FLAT 3/16 X 1-1/2,raw_material,live_in_both
already_inactive,SHD-SCO-COVER-AST-NON-DAR,SCOLARO COVER SQUARE ASTRO NONE DARK,finished_good,already_inactive_and_missing_from_katana
keep_active,FIN-BRV-DYB-78X78-WH,FIN-BRV-DYB-78X78-WH,finished_good,live_in_both
keep_active,FIN-BRV-DYB-84X78-BE,FIN-BRV-DYB-84X78-BE,finished_good,live_in_both
keep_active,FIN-BRV-DYB-84X78-BO,FIN-BRV-DYB-84X78-BO,finished_good,live_in_both
keep_active,MET-10019200,HR STEEL FLAT 3/16 X 2,raw_material,live_in_both
keep_active,MET-10025300,HR STEEL FLAT 1/4 X 3,raw_material,live_in_both
keep_active,MET-10R0750,HR STEEL ROUND 3/4 RD,raw_material,live_in_both
keep_active,MET-FH3162,3/16 X 2 HR FLAT BAR,raw_material,live_in_both
keep_active,MET-RDH12,1/2 HOT ROLLED ROUND SOLID,raw_material,live_in_both
keep_active,MET-TB11212060,1-1/2 X 1/2 X 16GA REC TUBE,raw_material,live_in_both
keep_active,MET-TB21060,2 X 1 X 16GA REC TUBE,raw_material,live_in_both
keep_active,MET-TB22120,2 X 2 X 11GA SQ TUBE,raw_material,live_in_both
keep_active,MET-TB32060,3 X 2 X 16GA REC TUBE,raw_material,live_in_both
keep_active,PWD-BLACK,BLACK POWDER,raw_material,live_in_both
already_inactive,FUR-TNJ-SHARISSET4SW,"TENJAM SHAYZ RISER SET 4"" SOLID WHITE",finished_good,already_inactive_and_missing_from_katana
keep_active,FIN-BRV-DYB-84X78-BR,FIN-BRV-DYB-84X78-BR,finished_good,live_in_both
keep_active,FIN-BRV-DYB-84X78-GR,FIN-BRV-DYB-84X78-GR,finished_good,live_in_both
keep_active,FIN-BRV-DYB-84X78-WH,FIN-BRV-DYB-84X78-WH,finished_good,live_in_both
keep_active,FIN-BRV-DYB-84X84-DAYBED,FIN-BRV-DYB-84X84-DAYBED,finished_good,live_in_both
keep_active,FIN-BRV-LOV-SOF-60X34-BE,FIN-BRV-LOV-SOF-60X34-BE,finished_good,live_in_both
keep_active,FIN-BRV-LOV-SOF-60X34-BO,FIN-BRV-LOV-SOF-60X34-BO,finished_good,live_in_both
keep_active,FIN-BRV-LOV-SOF-60X34-BR,FIN-BRV-LOV-SOF-60X34-BR,finished_good,live_in_both
keep_active,FIN-BRV-LOV-SOF-60X34-GR,FIN-BRV-LOV-SOF-60X34-GR,finished_good,live_in_both
keep_active,FIN-BRV-LOV-SOF-60X34-WH,FIN-BRV-LOV-SOF-60X34-WH,finished_good,live_in_both
keep_active,FIN-BRV-MIN-LOV-48X34-ARMLESSMINI,FIN-BRV-MIN-LOV-48X34-ARMLESSMINI,finished_good,live_in_both
keep_active,FIN-BRV-MIN-LOV-48X34-BE,FIN-BRV-MIN-LOV-48X34-BE,finished_good,live_in_both
keep_active,FIN-BRV-MIN-LOV-48X34-BO,FIN-BRV-MIN-LOV-48X34-BO,finished_good,live_in_both
keep_active,FAB-CLO-OUTIND,CLOCK OUT INDIGO,raw_material,live_in_both
keep_active,FIN-BRV-MIN-LOV-48X34-BR,FIN-BRV-MIN-LOV-48X34-BR,finished_good,live_in_both
keep_active,FAB-DUP-CEL,DUPIONE CELESTE,raw_material,live_in_both
keep_active,FIN-STA-CNT-TAB-72X36,STAR LEG TABLE (COUNTER HEIGHT) 36 X 72,finished_good,live_in_both
keep_active,FAB-LIN-DEN,LINVILLE DENIM,raw_material,live_in_both
keep_active,FAB-CAN-SEA,CANVAS SEASALT,raw_material,live_in_both
keep_active,FAB-LIN-SES,LINEN SESAME,raw_material,live_in_both
keep_active,FAB-CAN-SUNYEL,CANVAS SUNFLOWER YELLOW,raw_material,live_in_both
keep_active,FAB-CHA-GRA,CHARTRES GRANITE,raw_material,live_in_both
keep_active,FAB-MAI-PUT,MAINSTREET PUTTY,raw_material,live_in_both
keep_active,FAB-MET-CLO,METAMORPHIC CLOUD,raw_material,live_in_both
keep_active,FAB-SPEC-CARB,SPECTRUM CARBON,raw_material,live_in_both
keep_active,FAB-CAN-CAP,CANVAS CAPRI,raw_material,live_in_both
keep_active,FAB-KUD-49MOR,KUDOS 49 MORTAR,raw_material,live_in_both
keep_active,STN-DKT-EDO1.2,EDORA 1.2,raw_material,live_in_both
keep_active,FAB-LEA-STRIND,LEAF STRUCTURE INDIGO,raw_material,live_in_both
keep_active,STN-DKT-HEL1.2,HELENA 1.2,raw_material,live_in_both
keep_active,FAB-LOR-MOS,LORE MOSS,raw_material,live_in_both
keep_active,FAB-STE-GREULT,STEM GREEN ULTRALEATHER,raw_material,live_in_both
keep_active,STN-DKT-AUR2.0,AURA 2.0,raw_material,live_in_both
already_inactive,SHD-FIM-FTBLU,FIM FLEXY TWIN BLUE,finished_good,already_inactive_and_missing_from_katana
keep_active,FAB-BER-TUX,BERENSON TUXEDO,raw_material,live_in_both
keep_active,SA-BRV-CLB-CHA-34X34-CUSH,"BRAVADA CLUB CHAIR 34"" x 34"" x 31"" BH CUSH",sub_assembly,live_in_both
already_inactive,SA-BRV-SWV-CHA-34X34-FRAME,"BRAVADA SWIVEL CHAIR 34"" x 34"" x 31"" BH FRAME",sub_assembly,already_inactive_and_missing_from_katana
keep_active,FAB-CRU-ASH,CRUSH ASH,raw_material,live_in_both
keep_active,FAB-DUM-SHI,DUMONT SHIBORI,raw_material,live_in_both
keep_active,FIN-STA-DIN-TAB-36X36,STAR LEG TABLE (DINING HEIGHT) 36 X 36,finished_good,live_in_both
keep_active,FIN-BRV-MIN-LOV-48X34-GR,FIN-BRV-MIN-LOV-48X34-GR,finished_good,live_in_both
keep_active,FIN-MIS-TAB-13X30,T TABLE,finished_good,live_in_both
keep_active,FIN-FLY-LEG-BEN-DIN-HEI-42,FLY LEG BENCH (DINING HEIGHT) 42,finished_good,live_in_both
keep_active,FIN-FLY-TAB-60X12,FLY TABLE 60,finished_good,live_in_both
keep_active,FAB-PUE-DUN,PUEBLO DUNE,raw_material,live_in_both
keep_active,FAB-EST-LIM,ESTI LIMESTONE,raw_material,live_in_both
keep_active,FAB-GAT-ALO,GATEWAY ALOE,raw_material,live_in_both
keep_active,FAB-GATEW-COAST,GATEWAY COAST,raw_material,live_in_both
keep_active,FAB-GLI-DEN,GLIMPSE DENIM,raw_material,live_in_both
keep_active,FAB-MET-LAG,METAMORPHIC LAGOON,raw_material,live_in_both
keep_active,FAB-NUR-SMO,NURTURE SMOKE,raw_material,live_in_both
keep_active,FAB-PER-RAFVEL,PERENNIALS RAFFIA VELLUM,raw_material,live_in_both
keep_active,FAB-PIN-TOMCLO,PINDLER TOMLIN CLOUD,raw_material,live_in_both
keep_active,FAB-PRI-TRO,PRINCIPLE TROPICS,raw_material,live_in_both
keep_active,FAB-RIT-ROS,RITSY ROSEMARY,raw_material,live_in_both
keep_active,FAB-SAV-IND,SAVVY INDIGO,raw_material,live_in_both
keep_active,FAB-SOL-DEN,SOLVE DENIM,raw_material,live_in_both
keep_active,FAB-SPE-SAN,SPECTRUM SAND,raw_material,live_in_both
keep_active,FIN-BRV-MIN-LOV-48X34-MINILOVESEAT,FIN-BRV-MIN-LOV-48X34-MINILOVESEAT,finished_good,live_in_both
already_inactive,SA-BRV-SWV-CHA-34X34-CUSH,"BRAVADA SWIVEL CHAIR 34"" x 34"" x 31"" BH CUSH",sub_assembly,already_inactive_and_missing_from_katana
keep_active,FIN-BRK-SOF-84X34,"BROOKLYN SOFA 84"" x 34"" x 30"" BH",finished_good,live_in_both
keep_active,FIN-BRV-MIN-LOV-48X34-WH,FIN-BRV-MIN-LOV-48X34-WH,finished_good,live_in_both
keep_active,RM-HRD-2X2-METAL-CAP,2x2 Metal Cap,raw_material,live_in_both
keep_active,FIN-DAI-DIN-TAB-96X56,DAISY BASE TABLE (DINING HEIGHT) 56 X 96,finished_good,live_in_both
keep_active,FAB-PIA-LAG,PIAZZA LAGOON,raw_material,live_in_both
keep_active,RM-MET-15X075-TUBING,1.5x3/4 Tubing,raw_material,live_in_both
keep_active,RM-MET-2X075-TUBING,2x3/4 Tubing,raw_material,live_in_both
keep_active,RM-MET-FLATBAR,Flatbar,raw_material,live_in_both
keep_active,FIN-BRV-OTT-30X22-BE,FIN-BRV-OTT-30X22-BE,finished_good,live_in_both
keep_active,RM-HRD-SPACERS,Spacers,raw_material,live_in_both
keep_active,RM-HRD-UMBRELLA-HOLDER,Umbrella Holder,raw_material,live_in_both
keep_active,RM-RAW-IRON-WOOD,Iron Wood,raw_material,live_in_both
keep_active,SA-OCE-CC-CUSH,Ocean Club Chair Cushion,sub_assembly,live_in_both
keep_active,SA-OCE-CC-FRAME,Ocean Club Chair Frame,sub_assembly,live_in_both
keep_active,FIN-BRV-OTT-30X22-BO,FIN-BRV-OTT-30X22-BO,finished_good,live_in_both
keep_active,FAB-PIN-SIECHA,PINDLER SIERRA CHAMBRAY,raw_material,live_in_both
keep_active,FAB-SAI-AWADEN,SAIL AWAY DENIM,raw_material,live_in_both
keep_active,FAB-SPEC-CARI,SPECTRUM CARIBOU,raw_material,live_in_both
keep_active,FAB-VAL-SED,VALLEY SEDONA,raw_material,live_in_both
keep_active,FIN-BRV-OTT-30X22-BR,FIN-BRV-OTT-30X22-BR,finished_good,live_in_both
keep_active,FIN-BRV-OTT-30X22-GR,FIN-BRV-OTT-30X22-GR,finished_good,live_in_both
keep_active,RM-RAW-FOAM,Foam,raw_material,live_in_both
keep_active,MET-SQT20016,STEEL TUBE SQ 2 X 2 X 16 GA,raw_material,live_in_both
keep_active,RM-DKT-GENERIC-SLAB,Dekton (generic slab),raw_material,live_in_both
keep_active,MET-TB21120,2 X 1 X 11GA REC TUBE,raw_material,live_in_both
already_inactive,RM-HRD-METAL-RING,Metal ring,raw_material,already_inactive_and_missing_from_katana
already_inactive,SA-BRV-LOV-SOF-60X34-CUSH,"BRAVADA LOVESEAT 60"" x 34"" x 31"" BH CUSH",sub_assembly,already_inactive_and_missing_from_katana
keep_active,SA-OCE-CT-36X36-FRAME,Ocean Coffee Table 36 x 36 Frame,sub_assembly,live_in_both
keep_active,SA-OCE-CT-42X28-FRAME,Ocean Coffee Table 42 x 28 Frame,sub_assembly,live_in_both
keep_active,SA-OCE-CT-42X42-FRAME,Ocean Coffee Table 42 x 42 Frame,sub_assembly,live_in_both
keep_active,SA-OCE-CT-56X28-FRAME,Ocean Coffee Table 56 x 28 Frame,sub_assembly,live_in_both
keep_active,SA-OCE-CT-56X36-FRAME,Ocean Coffee Table 56 x 36 Frame,sub_assembly,live_in_both
keep_active,SA-OCE-CT-56X42-FRAME,Ocean Coffee Table 56 x 42 Frame,sub_assembly,live_in_both
keep_active,SA-OCE-CT-56X56-FRAME,Ocean Coffee Table 56 x 56 Frame,sub_assembly,live_in_both
keep_active,SA-OCE-CT-72X36-FRAME,Ocean Coffee Table 72 x 36 Frame,sub_assembly,live_in_both
keep_active,SA-OCE-CT-72X42-FRAME,Ocean Coffee Table 72 x 42 Frame,sub_assembly,live_in_both
keep_active,SA-OCE-CT-72X56-FRAME,Ocean Coffee Table 72 x 56 Frame,sub_assembly,live_in_both
keep_active,SA-OCE-DCL-CUSH,Ocean Double Chaise Lounge Cushion,sub_assembly,live_in_both
keep_active,SA-OCE-DCL-FRAME,Ocean Double Chaise Lounge Frame,sub_assembly,live_in_both
keep_active,SA-OCE-L-CUSH,Ocean Loveseat Cushion,sub_assembly,live_in_both
keep_active,SA-OCE-L-FRAME,Ocean Loveseat Frame,sub_assembly,live_in_both
keep_active,SA-OCE-ML-CUSH,Ocean Mini Loveseat Cushion,sub_assembly,live_in_both
keep_active,SA-OCE-ML-FRAME,Ocean Mini Loveseat Frame,sub_assembly,live_in_both
keep_active,SA-OCE-O-30X22-CUSH,Ocean Ottoman 30 x 22 Cushion,sub_assembly,live_in_both
keep_active,SA-OCE-O-30X22-FRAME,Ocean Ottoman 30 x 22 Frame,sub_assembly,live_in_both
keep_active,SA-OCE-O-42X22-CUSH,Ocean Ottoman 42 x 22 Cushion,sub_assembly,live_in_both
keep_active,SA-OCE-O-42X22-FRAME,Ocean Ottoman 42 x 22 Frame,sub_assembly,live_in_both
keep_active,SA-OCE-O-60X22-CUSH,Ocean Ottoman 60 x 22 Cushion,sub_assembly,live_in_both
keep_active,SA-OCE-O-60X22-FRAME,Ocean Ottoman 60 x 22 Frame,sub_assembly,live_in_both
keep_active,SA-OCE-O-72X22-CUSH,Ocean Ottoman 72 x 22 Cushion,sub_assembly,live_in_both
keep_active,SA-OCE-O-72X22-FRAME,Ocean Ottoman 72 x 22 Frame,sub_assembly,live_in_both
keep_active,SA-OCE-RST-36-FRAME,Ocean Round Side table 36 Frame,sub_assembly,live_in_both
keep_active,SA-OCE-RST-42-FRAME,Ocean Round Side Table 42 Frame,sub_assembly,live_in_both
keep_active,SA-OCE-S-72-CUSH,Ocean Sofa 72 Cushion,sub_assembly,live_in_both
keep_active,SA-OCE-S-72-FRAME,Ocean Sofa 72 Frame,sub_assembly,live_in_both
keep_active,SA-OCE-S-84-CUSH,Ocean Sofa 84 Cushion,sub_assembly,live_in_both
keep_active,SA-OCE-S-84-FRAME,Ocean Sofa 84 Frame,sub_assembly,live_in_both
keep_active,SA-OCE-SC-CUSH,Ocean Swivel Chair Cushion,sub_assembly,live_in_both
keep_active,SA-OCE-SC-FRAME,Ocean Swivel Chair Frame,sub_assembly,live_in_both
keep_active,SA-OCE-SCL-CUSH,Ocean Single Chaise Lounge Cushion,sub_assembly,live_in_both
keep_active,SA-OCE-SCL-FRAME,Ocean Single Chaise Lounge Frame,sub_assembly,live_in_both
keep_active,SA-OCE-ST-20X20-FRAME,Ocean Side Table 20 x 20 Frame,sub_assembly,live_in_both
keep_active,SA-OCE-S-96-CUSH,Ocean Sofa 96 Cushion,sub_assembly,live_in_both
keep_active,SA-OCE-S-96-FRAME,Ocean Sofa 96 Frame,sub_assembly,live_in_both
keep_active,FIN-BRV-OTT-30X22-WH,FIN-BRV-OTT-30X22-WH,finished_good,live_in_both
keep_active,FIN-BRV-OTT-34X34-BE,FIN-BRV-OTT-34X34-BE,finished_good,live_in_both
keep_active,FIN-BRV-OTT-34X34-BO,FIN-BRV-OTT-34X34-BO,finished_good,live_in_both
keep_active,FIN-BRV-OTT-34X34-BR,FIN-BRV-OTT-34X34-BR,finished_good,live_in_both
keep_active,FIN-BRV-OTT-34X34-GR,FIN-BRV-OTT-34X34-GR,finished_good,live_in_both
keep_active,FIN-BRV-OTT-34X34-WH,FIN-BRV-OTT-34X34-WH,finished_good,live_in_both
keep_active,FIN-BRV-OTT-42X22-BE,FIN-BRV-OTT-42X22-BE,finished_good,live_in_both
keep_active,FIN-BRV-ARM-SOF-72X34,"BRAVADA ARMLESS SOFA 72"" x 34"" x 31"" BH",finished_good,live_in_both
keep_active,FIN-BRV-ARM-SOF-84X34,"BRAVADA ARMLESS SOFA 84"" x 34"" x 31"" BH",finished_good,live_in_both
already_inactive,SA-BRV-SOF-84X34-FRAME,"BRAVADA SOFA 84"" x 34"" x 31"" BH FRAME",sub_assembly,already_inactive_and_missing_from_katana
keep_active,FIN-BRV-OTT-42X22-BO,FIN-BRV-OTT-42X22-BO,finished_good,live_in_both
keep_active,FIN-OCN-MIN-LOV-60X48,OCEAN MINI LOVESEAT 48,finished_good,live_in_both
keep_active,FIN-BRV-OTT-42X22-BR,FIN-BRV-OTT-42X22-BR,finished_good,live_in_both
keep_active,FIN-OCN-SWV-CHA-34X34,OCEAN SWIVEL CHAIR 34,finished_good,live_in_both
keep_active,MET-10019300,HR STEEL FLAT 3/16 X 3,raw_material,live_in_both
keep_active,FAB-ADA-IND,ADAPTATION INDIGO,raw_material,live_in_both
keep_active,FAB-ADA-STO,ADAPTATION STONE,raw_material,live_in_both
keep_active,FAB-BUN-ULT,BUNGALOW ULTRALEATHER,raw_material,live_in_both
keep_active,FAB-CAN-BLA,CANVAS BLACK,raw_material,live_in_both
keep_active,FIN-BRV-OTT-42X22-GR,FIN-BRV-OTT-42X22-GR,finished_good,live_in_both
keep_active,FIN-OCN-SOF-96X38,"OCEAN SOFA 96"" x 38"" x 33"" BH",finished_good,live_in_both
keep_active,FIN-OCN-OTT-42X22,"OCEAN OTTOMAN 42"" x 22"" x 16""",finished_good,live_in_both
keep_active,FIN-OCN-OTT-30X22,"OCEAN OTTOMAN 30"" x 22"" x 16""",finished_good,live_in_both
keep_active,FIN-OCN-OTT-60X22,"OCEAN OTTOMAN 60"" x 22"" x 16""",finished_good,live_in_both
keep_active,FIN-OCN-COF-TAB-72X36,OCEAN COFFEE TABLE 36 X 72,finished_good,live_in_both
keep_active,FIN-OCN-OTT-72X22,"OCEAN OTTOMAN 72"" x 22"" x 16""",finished_good,live_in_both
keep_active,FIN-OCN-SID-TAB-36X36,OCEAN ROUND SIDE TABLE 36,finished_good,live_in_both
keep_active,FIN-OCN-SID-TAB-42,Ocean Round Side Table 42,finished_good,live_in_both
keep_active,FIN-OCN-COF-TAB-72X42,OCEAN COFFEE TABLE 42 X 72,finished_good,live_in_both
keep_active,FIN-BRV-ARM-SOF-96X34,"BRAVADA ARMLESS SOFA 96"" x 34"" x 31"" BH",finished_good,live_in_both
keep_active,FIN-BRV-COR-SOF-72X34,"BRAVADA CORNER SOFA 72"" x 34"" x 31"" BH",finished_good,live_in_both
keep_active,FIN-OCN-SID-TAB-20X20,"OCEAN SIDE TABLE 20"" x 20"" x 17""",finished_good,live_in_both
keep_active,FIN-OCN-COF-TAB-72X56,OCEAN COFFEE TABLE 56 X 72,finished_good,live_in_both
keep_active,FIN-OCN-LOV-SOF-60X38,"OCEAN LOVESEAT 60"" x 38"" x 33"" BH",finished_good,live_in_both
keep_active,FIN-OCN-SOF-84X38,"OCEAN SOFA 84"" x 38"" x 33"" BH",finished_good,live_in_both
keep_active,FIN-OCN-SGL-CHS-36X79,"OCEAN SINGLE CHAISE LOUNGE 36"" x 79"" x 14"" SH",finished_good,live_in_both
already_inactive,SA-BRV-ARM-SOF-96X34-FRAME,"BRAVADA ARMLESS SOFA 96"" x 34"" x 31"" BH FRAME",sub_assembly,already_inactive_and_missing_from_katana
keep_active,FIN-BRV-OTT-42X22-WH,FIN-BRV-OTT-42X22-WH,finished_good,live_in_both
keep_active,FIN-BRV-COF-TAB-42X42,"BRAVADA COFFEE TABLE 42"" x 42"" x 17""",finished_good,live_in_both
keep_active,FIN-BRV-OTT-42X34-BE,FIN-BRV-OTT-42X34-BE,finished_good,live_in_both
keep_active,FIN-BRV-OTT-42X34-BO,FIN-BRV-OTT-42X34-BO,finished_good,live_in_both
keep_active,FIN-BRV-OTT-42X34-BR,FIN-BRV-OTT-42X34-BR,finished_good,live_in_both
keep_active,FIN-BRV-OTT-42X34-GR,FIN-BRV-OTT-42X34-GR,finished_good,live_in_both
keep_active,FIN-BRV-OTT-42X34-WH,FIN-BRV-OTT-42X34-WH,finished_good,live_in_both
keep_active,FIN-BRV-OTT-60X22-BE,FIN-BRV-OTT-60X22-BE,finished_good,live_in_both
keep_active,FIN-BRV-OTT-60X22-BO,FIN-BRV-OTT-60X22-BO,finished_good,live_in_both
keep_active,FIN-BRV-OTT-60X22-BR,FIN-BRV-OTT-60X22-BR,finished_good,live_in_both
keep_active,FIN-BRV-OTT-60X22-GR,FIN-BRV-OTT-60X22-GR,finished_good,live_in_both
keep_active,FIN-BRV-OTT-60X22-WH,FIN-BRV-OTT-60X22-WH,finished_good,live_in_both
keep_active,SA-BRA-CS-84-RS-CUSH,Bravada Corner Sofa 84 Cushion,sub_assembly,live_in_both
keep_active,SA-BRA-CS-84-RS-FRAME,Bravada Corner Sofa 84 Frame,sub_assembly,live_in_both
keep_active,SA-BRA-CS-96-LS-CUSH,Bravada Corner Sofa 96 Cushion,sub_assembly,live_in_both
keep_active,FIN-BRV-COR-SOF-84X34,"BRAVADA CORNER SOFA 84"" x 34"" x 31"" BH",finished_good,live_in_both
keep_active,FIN-BRV-COR-SOF-96X34,"BRAVADA CORNER SOFA 96"" x 34"" x 31"" BH",finished_good,live_in_both
keep_active,FIN-BRV-OTT-60X34-BE,FIN-BRV-OTT-60X34-BE,finished_good,live_in_both
keep_active,FIN-BRV-OTT-60X34-BO,FIN-BRV-OTT-60X34-BO,finished_good,live_in_both
keep_active,FIN-BRV-OTT-60X34-BR,FIN-BRV-OTT-60X34-BR,finished_good,live_in_both
keep_active,FIN-BRV-OTT-60X34-GR,FIN-BRV-OTT-60X34-GR,finished_good,live_in_both
keep_active,FIN-BRV-OTT-60X34-WH,FIN-BRV-OTT-60X34-WH,finished_good,live_in_both
keep_active,FIN-BRV-OTT-72X22-BE,FIN-BRV-OTT-72X22-BE,finished_good,live_in_both
keep_active,FIN-BRV-OTT-72X22-BO,FIN-BRV-OTT-72X22-BO,finished_good,live_in_both
keep_active,FIN-BRV-OTT-72X22-BR,FIN-BRV-OTT-72X22-BR,finished_good,live_in_both
keep_active,FIN-BRV-OTT-72X22-GR,FIN-BRV-OTT-72X22-GR,finished_good,live_in_both
keep_active,FIN-BRV-OTT-72X22-WH,FIN-BRV-OTT-72X22-WH,finished_good,live_in_both
keep_active,FIN-BRV-OTT-72X34-BE,FIN-BRV-OTT-72X34-BE,finished_good,live_in_both
keep_active,FIN-BRV-COR-CHS-72X34,"BRAVADA CORNER CHAISE 72"" x 34"" x 31"" BH",finished_good,live_in_both
keep_active,FIN-BRV-COR-CHS-84X34,"BRAVADA CORNER CHAISE 84"" x 34"" x 31"" BH",finished_good,live_in_both
keep_active,FIN-BRV-DYB-84X84,"BRAVADA ROUND DAYBED 84"" DIAMETER",finished_good,live_in_both
keep_active,FIN-BRV-DYB-84X72,"BRAVADA DAYBED 84"" x 72"" x 27"" BH",finished_good,live_in_both
keep_active,FIN-BRK-COR-SOF-84X34-LS,Brooklyn Corner Sofa 84 (Left Facing),finished_good,live_in_both
keep_active,RM-MET-2X1-TUBING,2x1 Tubing,raw_material,live_in_both
keep_active,FIN-BRV-OTT-72X34-BO,FIN-BRV-OTT-72X34-BO,finished_good,live_in_both
keep_active,FIN-BRV-OTT-72X34-BR,FIN-BRV-OTT-72X34-BR,finished_good,live_in_both
keep_active,FIN-BRV-OTT-72X34-GR,FIN-BRV-OTT-72X34-GR,finished_good,live_in_both
keep_active,FIN-BRV-OTT-72X34-WH,FIN-BRV-OTT-72X34-WH,finished_good,live_in_both
keep_active,FIN-BRV-OTT-DKT-30X22-BE,FIN-BRV-OTT-DKT-30X22-BE,finished_good,live_in_both
keep_active,FIN-BRV-OTT-DKT-30X22-BO,FIN-BRV-OTT-DKT-30X22-BO,finished_good,live_in_both
keep_active,FIN-BRV-OTT-DKT-30X22-BR,FIN-BRV-OTT-DKT-30X22-BR,finished_good,live_in_both
keep_active,FIN-BRV-OTT-DKT-30X22-GR,FIN-BRV-OTT-DKT-30X22-GR,finished_good,live_in_both
keep_active,FIN-BRV-OTT-DKT-30X22-WH,FIN-BRV-OTT-DKT-30X22-WH,finished_good,live_in_both
keep_active,FIN-BRV-OTT-DKT-34X34-BE,FIN-BRV-OTT-DKT-34X34-BE,finished_good,live_in_both
keep_active,FIN-BRV-OTT-DKT-34X34-BO,FIN-BRV-OTT-DKT-34X34-BO,finished_good,live_in_both
keep_active,FIN-BRV-OTT-DKT-34X34-BR,FIN-BRV-OTT-DKT-34X34-BR,finished_good,live_in_both
keep_active,FIN-BRV-OTT-DKT-34X34-GR,FIN-BRV-OTT-DKT-34X34-GR,finished_good,live_in_both
keep_active,FIN-BRV-OTT-DKT-34X34-WH,FIN-BRV-OTT-DKT-34X34-WH,finished_good,live_in_both
keep_active,FIN-BRV-OTT-DKT-42X22-BE,FIN-BRV-OTT-DKT-42X22-BE,finished_good,live_in_both
keep_active,SA-BRA-AL-60-CUSH,Bravada Armless Loveseat Cushion,sub_assembly,live_in_both
keep_active,FIN-BRV-OTT-DKT-42X22-BO,FIN-BRV-OTT-DKT-42X22-BO,finished_good,live_in_both
keep_active,FIN-BRV-OTT-DKT-42X22-BR,FIN-BRV-OTT-DKT-42X22-BR,finished_good,live_in_both
keep_active,FIN-BRV-OTT-DKT-42X22-GR,FIN-BRV-OTT-DKT-42X22-GR,finished_good,live_in_both
keep_active,FIN-BRV-OTT-DKT-42X22-WH,FIN-BRV-OTT-DKT-42X22-WH,finished_good,live_in_both
keep_active,FIN-BRV-OTT-DKT-42X34-BE,FIN-BRV-OTT-DKT-42X34-BE,finished_good,live_in_both
keep_active,FIN-BRV-OTT-DKT-42X34-BO,FIN-BRV-OTT-DKT-42X34-BO,finished_good,live_in_both
keep_active,FIN-BRV-OTT-DKT-42X34-BR,FIN-BRV-OTT-DKT-42X34-BR,finished_good,live_in_both
keep_active,FIN-BRV-OTT-DKT-42X34-GR,FIN-BRV-OTT-DKT-42X34-GR,finished_good,live_in_both
keep_active,FIN-BRV-OTT-DKT-42X34-WH,FIN-BRV-OTT-DKT-42X34-WH,finished_good,live_in_both
keep_active,FIN-BRV-OTT-DKT-60X22-BE,FIN-BRV-OTT-DKT-60X22-BE,finished_good,live_in_both
keep_active,FIN-BRV-OTT-DKT-60X22-BO,FIN-BRV-OTT-DKT-60X22-BO,finished_good,live_in_both
keep_active,FIN-BRV-OTT-DKT-60X22-BR,FIN-BRV-OTT-DKT-60X22-BR,finished_good,live_in_both
keep_active,FIN-BRV-OTT-DKT-60X22-GR,FIN-BRV-OTT-DKT-60X22-GR,finished_good,live_in_both
keep_active,FIN-BRV-OTT-DKT-60X22-WH,FIN-BRV-OTT-DKT-60X22-WH,finished_good,live_in_both
keep_active,FIN-OCN-SWV-CHA-34X38,"OCEAN SWIVEL CHAIR 34"" x 38"" x 33"" BH",finished_good,live_in_both
keep_active,FIN-OCN-SOF-72X38,"OCEAN SOFA 72"" x 38"" x 33"" BH",finished_good,live_in_both
keep_active,FIN-OCN-MIN-LOV-48X38,"OCEAN MINI LOVESEAT 48"" x 38"" x 33"" BH",finished_good,live_in_both
keep_active,FIN-MLN-CLB-CHA-32X36,"MILAN CLUB CHAIR 32"" x 36"" x 16"" SH",finished_good,live_in_both
keep_active,FIN-MLN-OTT-22X60,"MILAN OTTOMAN 22"" x 60"" x 16""",finished_good,live_in_both
keep_active,FIN-MLN-OTT-22X72,"MILAN OTTOMAN 22"" x 72"" x 16""",finished_good,live_in_both
keep_active,FIN-MLN-OTT-34X60,"MILAN OTTOMAN 34"" x 60"" x 16""",finished_good,live_in_both
already_inactive,SA-BRK-SGL-CHS-38X79-CUSH,"BROOKLYN SINGLE CHAISE LOUNGE 38"" x 79"" x 11"" SH CUSH",sub_assembly,already_inactive_and_missing_from_katana
keep_active,FIN-BRV-CHS-34X84-LS,Bravada Chaise 34 X 84 (Left Facing),finished_good,live_in_both
keep_active,FIN-BRV-CHS-34X84-RS,Bravada Chaise 34 X 84 (Right Facing),finished_good,live_in_both
keep_active,FIN-BRV-CHS-42X84-LS,Bravada Chaise 42 X 84 (Left Facing),finished_good,live_in_both
keep_active,FIN-BRV-CHS-42X84-RS,Bravada Chaise 42 X 84 (Right Facing),finished_good,live_in_both
keep_active,FIN-BRV-OTT-72X34,BRAVADA OTTOMAN 34 X 72,finished_good,live_in_both
already_inactive,SA-MLN-SOF-96X36-FRAME,"MILAN ONE-SIDED SOFA 96"" x 36"" x 16"" SH FRAME",sub_assembly,already_inactive_and_missing_from_katana
keep_active,FIN-BRV-OTT-DKT-60X34-BE,FIN-BRV-OTT-DKT-60X34-BE,finished_good,live_in_both
keep_active,FIN-BRV-OTT-DKT-60X34-BO,FIN-BRV-OTT-DKT-60X34-BO,finished_good,live_in_both
keep_active,FIN-BRV-OTT-DKT-60X34-BR,FIN-BRV-OTT-DKT-60X34-BR,finished_good,live_in_both
keep_active,FIN-BRV-OTT-DKT-60X34-GR,FIN-BRV-OTT-DKT-60X34-GR,finished_good,live_in_both
keep_active,FIN-BRV-OTT-DKT-60X34-WH,FIN-BRV-OTT-DKT-60X34-WH,finished_good,live_in_both
keep_active,FIN-BRV-OTT-DKT-72X22-BE,FIN-BRV-OTT-DKT-72X22-BE,finished_good,live_in_both
keep_active,FIN-BRV-OTT-DKT-72X22-BO,FIN-BRV-OTT-DKT-72X22-BO,finished_good,live_in_both
keep_active,FIN-BRV-CHS-34X72-LS,Bravada Chaise 34 X 72 (Left Facing),finished_good,live_in_both
keep_active,FIN-BRV-OTT-DKT-72X22-BR,FIN-BRV-OTT-DKT-72X22-BR,finished_good,live_in_both
keep_active,FIN-BRV-OTT-DKT-72X22-GR,FIN-BRV-OTT-DKT-72X22-GR,finished_good,live_in_both
keep_active,FIN-BRV-OTT-DKT-72X22-WH,FIN-BRV-OTT-DKT-72X22-WH,finished_good,live_in_both
keep_active,FIN-BRV-OTT-DKT-72X34-BE,FIN-BRV-OTT-DKT-72X34-BE,finished_good,live_in_both
keep_active,FIN-BRV-OTT-DKT-72X34-BO,FIN-BRV-OTT-DKT-72X34-BO,finished_good,live_in_both
keep_active,FIN-BRV-OTT-DKT-72X34-BR,FIN-BRV-OTT-DKT-72X34-BR,finished_good,live_in_both
keep_active,FIN-BRV-OTT-DKT-72X34-GR,FIN-BRV-OTT-DKT-72X34-GR,finished_good,live_in_both
keep_active,FIN-BRV-OTT-DKT-72X34-WH,FIN-BRV-OTT-DKT-72X34-WH,finished_good,live_in_both
keep_active,FIN-BRV-SGL-CHS-30X79-BE,FIN-BRV-SGL-CHS-30X79-BE,finished_good,live_in_both
keep_active,FIN-MLN-SOF-72X36,"MILAN ONE-SIDED SOFA 72"" x 36"" x 16"" SH",finished_good,live_in_both
keep_active,FIN-MLN-SOF-84X36,"MILAN ONE SIDED SOFA 84"" x 36"" x 16"" SH",finished_good,live_in_both
keep_active,FIN-MLN-SOF-96X36,"MILAN ONE-SIDED SOFA 96"" x 36"" x 16"" SH",finished_good,live_in_both
keep_active,FIN-MLN-SOF-60X62,"MILAN DOUBLE-SIDED SOFA 60"" x 62"" x 16"" SH",finished_good,live_in_both
keep_active,FIN-MLN-SOF-62X42,"MILAN T-SHAPED SOFA 62"" x 42"" x 22"" x 16"" SH",finished_good,live_in_both
keep_active,FIN-OCN-SID-TAB-36X17,"OCEAN ROUND SIDE TABLE 36"" x 17""",finished_good,live_in_both
keep_active,FIN-BRV-COF-TAB-28X42,"BRAVADA COFFEE TABLE 28"" x 42"" x 17""",finished_good,live_in_both
keep_active,FIN-BRV-COF-TAB-36X56,"BRAVADA COFFEE TABLE 36"" x 56"" x 17""",finished_good,live_in_both
keep_active,FIN-BRV-COF-TAB-42X56,"BRAVADA COFFEE TABLE 42"" x 56"" x 17""",finished_good,live_in_both
keep_active,FIN-OCN-COF-TAB-28X56,"OCEAN COFFEE TABLE 28"" x 56"" x 17""",finished_good,live_in_both
already_inactive,SA-MLN-OTT-56X42-FRAME,"MILAN OTTOMAN 56"" x 42"" x 16"" FRAME",sub_assembly,already_inactive_and_missing_from_katana
already_inactive,SA-MLN-OTT-56X42-CUSH,"MILAN OTTOMAN 56"" x 42"" x 16"" CUSH",sub_assembly,already_inactive_and_missing_from_katana
keep_active,FIN-BRV-SGL-CHS-30X79-BO,FIN-BRV-SGL-CHS-30X79-BO,finished_good,live_in_both
keep_active,FIN-BRV-SGL-CHS-30X79-BR,FIN-BRV-SGL-CHS-30X79-BR,finished_good,live_in_both
keep_active,FIN-BRV-SGL-CHS-30X79-GR,FIN-BRV-SGL-CHS-30X79-GR,finished_good,live_in_both
keep_active,FIN-BRV-SGL-CHS-30X79-NOARM-BE,FIN-BRV-SGL-CHS-30X79-NOARM-BE,finished_good,live_in_both
keep_active,FIN-BRV-SGL-CHS-30X79-NOARM-BO,FIN-BRV-SGL-CHS-30X79-NOARM-BO,finished_good,live_in_both
keep_active,SA-BRO-C-84X34-LS-FRAME,Brooklyn Chaise 84 x 34 Frame,sub_assembly,live_in_both
keep_active,FIN-BRV-SGL-CHS-30X79-NOARM-BR,FIN-BRV-SGL-CHS-30X79-NOARM-BR,finished_good,live_in_both
keep_active,FIN-BRV-SGL-CHS-30X79-NOARM-GR,FIN-BRV-SGL-CHS-30X79-NOARM-GR,finished_good,live_in_both
keep_active,FIN-BRV-SGL-CHS-30X79-NOARM-WH,FIN-BRV-SGL-CHS-30X79-NOARM-WH,finished_good,live_in_both
already_inactive,SA-OCN-COF-TAB-36X56-FRAME,"OCEAN COFFEE TABLE 36"" x 56"" x 17"" FRAME",sub_assembly,already_inactive_and_missing_from_katana
keep_active,SA-BRO-C-84X34-RS-CUSH,Brooklyn Chaise 84 x 34 Cushion,sub_assembly,live_in_both
keep_active,SA-BRO-C-84X34-RS-FRAME,Brooklyn Chaise 84 x 34 Frame,sub_assembly,live_in_both
keep_active,SA-BRO-C-84X42-LS-CUSH,Brooklyn Chaise 84 x 42 Cushion,sub_assembly,live_in_both
keep_active,FIN-BRV-SGL-CHS-30X79-WH,FIN-BRV-SGL-CHS-30X79-WH,finished_good,live_in_both
keep_active,FIN-BRV-SID-TAB-20X20-BE,FIN-BRV-SID-TAB-20X20-BE,finished_good,live_in_both
keep_active,FIN-BRV-SID-TAB-20X20-BO,FIN-BRV-SID-TAB-20X20-BO,finished_good,live_in_both
keep_active,FIN-BRV-SID-TAB-20X20-BR,FIN-BRV-SID-TAB-20X20-BR,finished_good,live_in_both
keep_active,FIN-BRV-SID-TAB-20X20-GR,FIN-BRV-SID-TAB-20X20-GR,finished_good,live_in_both
keep_active,FIN-BRV-SID-TAB-20X20-WH,FIN-BRV-SID-TAB-20X20-WH,finished_good,live_in_both
keep_active,FIN-BRV-SOF-72X34-BE,FIN-BRV-SOF-72X34-BE,finished_good,live_in_both
keep_active,FIN-BRV-SOF-72X34-BO,FIN-BRV-SOF-72X34-BO,finished_good,live_in_both
keep_active,FIN-OCN-COF-TAB-36X72,"OCEAN COFFEE TABLE 36"" x 72"" x 17""",finished_good,live_in_both
keep_active,FIN-OCN-COF-TAB-42X56,"OCEAN COFFEE TABLE 42"" x 56"" x 17""",finished_good,live_in_both
keep_active,FIN-OCN-COF-TAB-28X42,"OCEAN COFFEE TABLE 28"" x 42"" x 17""",finished_good,live_in_both
keep_active,FIN-OCN-TAB-34X12,"FLY TABLE 34"" X 12""",finished_good,live_in_both
keep_active,FIN-OCN-TAB-13X30,"T TABLE 13"" x 30"" x 16""",finished_good,live_in_both
keep_active,FIN-BRK-BAR-TAB-36X36,"STAR LEG TABLE (BAR HEIGHT) 36"" x 36"" x 42""",finished_good,live_in_both
keep_active,FIN-BRK-BAR-TAB-42X42,"STAR LEG TABLE (BAR HEIGHT) 42"" x 42"" x 42""",finished_good,live_in_both
keep_active,FIN-BRK-CNT-TAB-36X36,"STAR LEG TABLE (COUNTER HEIGHT) 36"" x 36"" x 36""",finished_good,live_in_both
keep_active,FIN-BRK-CNT-TAB-42X42,"STAR LEG TABLE (COUNTER HEIGHT) 42"" x 42"" x 36""",finished_good,live_in_both
keep_active,FIN-BRK-DIN-TAB-36X36,"STAR LEG TABLE (DINING HEIGHT) 36"" x 36"" x 30""",finished_good,live_in_both
keep_active,FIN-BRK-DIN-TAB-42X42,"STAR LEG TABLE (DINING HEIGHT) 42"" x 42"" x 30""",finished_good,live_in_both
keep_active,FIN-WFT-DIN-BCH-72X22,"DINING BENCH w/NO ARMS 72"" x 22"" x 18"" SH",finished_good,live_in_both
keep_active,FIN-WFT-DIN-BCH-96X22,"DINING BENCH w/NO ARMS 96"" x 22"" x 18"" SH",finished_good,live_in_both
keep_active,FIN-WFT-FLY-BST-18X18,"FLY LEG BARSTOOL (BAR HEIGHT) 18"" x 18"" x 30"" SH",finished_good,live_in_both
already_inactive,SA-OCN-COF-TAB-36X72-FRAME,"OCEAN COFFEE TABLE 36"" x 72"" x 17"" FRAME",sub_assembly,already_inactive_and_missing_from_katana
already_inactive,SA-OCN-COF-TAB-42X42-FRAME,"OCEAN COFFEE TABLE 42"" x 42"" x 17"" FRAME",sub_assembly,already_inactive_and_missing_from_katana
keep_active,SA-BRO-C-84X42-LS-FRAME,Brooklyn Chaise 84 x 42 Frame,sub_assembly,live_in_both
keep_active,SA-BRO-C-84X42-RS-CUSH,Brooklyn Chaise 84 x 42 Cushion,sub_assembly,live_in_both
keep_active,SA-BRO-C-84X42-RS-FRAME,Brooklyn Chaise 84 x 42 Frame,sub_assembly,live_in_both
keep_active,FIN-BRV-SOF-72X34-BR,FIN-BRV-SOF-72X34-BR,finished_good,live_in_both
keep_active,FIN-BRV-SOF-72X34-GR,FIN-BRV-SOF-72X34-GR,finished_good,live_in_both
keep_active,FIN-BRV-SOF-72X34-WH,FIN-BRV-SOF-72X34-WH,finished_good,live_in_both
keep_active,FIN-BRV-SOF-84X34-BE,FIN-BRV-SOF-84X34-BE,finished_good,live_in_both
keep_active,FIN-BRV-SOF-84X34-BO,FIN-BRV-SOF-84X34-BO,finished_good,live_in_both
keep_active,SA-BRA-CT-56X56-FRAME,Bravada Coffee Table 56 x 56 Frame,sub_assembly,live_in_both
keep_active,SA-BRA-CT-72X36-FRAME,Bravada Coffee Table 72 x 36 Frame,sub_assembly,live_in_both
keep_active,SA-BRA-CT-72X42-FRAME,Bravada Coffee Table 72 x 42 Frame,sub_assembly,live_in_both
keep_active,FIN-BRV-SOF-84X34-BR,FIN-BRV-SOF-84X34-BR,finished_good,live_in_both
keep_active,FIN-BRV-SOF-84X34-GR,FIN-BRV-SOF-84X34-GR,finished_good,live_in_both
keep_active,FIN-BRV-SOF-84X34-WH,FIN-BRV-SOF-84X34-WH,finished_good,live_in_both
keep_active,FIN-BRV-SOF-96X34-BE,FIN-BRV-SOF-96X34-BE,finished_good,live_in_both
keep_active,FIN-BRV-SOF-96X34-BO,FIN-BRV-SOF-96X34-BO,finished_good,live_in_both
keep_active,FIN-BRV-SOF-96X34-BR,FIN-BRV-SOF-96X34-BR,finished_good,live_in_both
keep_active,FIN-BRV-SOF-96X34-GR,FIN-BRV-SOF-96X34-GR,finished_good,live_in_both
keep_active,FIN-BRV-SOF-96X34-WH,FIN-BRV-SOF-96X34-WH,finished_good,live_in_both
keep_active,FIN-BRV-SWG-66X42-SWINGFRAME,FIN-BRV-SWG-66X42-SWINGFRAME,finished_good,live_in_both
keep_active,FIN-BRV-SWG-72X42-SWINGFRAME,FIN-BRV-SWG-72X42-SWINGFRAME,finished_good,live_in_both
keep_active,FIN-BRV-SWG-72X42-SWINGFRAME2,FIN-BRV-SWG-72X42-SWINGFRAME2,finished_good,live_in_both
keep_active,FIN-WFT-BCH-42X18,"FLY LEG BENCH (DINING HEIGHT) 42"" x 18"" x 18"" SH",finished_good,live_in_both
already_inactive,SA-BRV-OTT-22X72-FRAME,"BRAVADA OTTOMAN 22"" x 72"" x 16"" FRAME",sub_assembly,already_inactive_and_missing_from_katana
already_inactive,SA-BRV-OTT-22X72-CUSH,"BRAVADA OTTOMAN 22"" x 72"" x 16"" CUSH",sub_assembly,already_inactive_and_missing_from_katana
keep_active,FIN-WFT-DIN-CHA-18X18,"FLY LEG CHAIR (DINING HEIGHT) 18"" x 18"" x 18"" SH",finished_good,live_in_both
already_inactive,SA-OCN-OTT-30X22-FRAME,"OCEAN OTTOMAN 30"" x 22"" x 16"" FRAME",sub_assembly,already_inactive_and_missing_from_katana
already_inactive,SA-OCN-OTT-30X22-CUSH,"OCEAN OTTOMAN 30"" x 22"" x 16"" CUSH",sub_assembly,already_inactive_and_missing_from_katana
keep_active,FIN-WFT-FLY-BST-17X21,"HALF BACK BARSTOOL (BAR HEIGHT) 17"" x 21"" x 30"" SH",finished_good,live_in_both
keep_active,FIN-BRV-OTT-22X30,"BRAVADA OTTOMAN 22"" x 30"" x 16""",finished_good,live_in_both
keep_active,FIN-BRV-OTT-22X42,"BRAVADA OTTOMAN 22"" x 42"" x 16""",finished_good,live_in_both
keep_active,FIN-BRV-OTT-22X60,"BRAVADA OTTOMAN 22"" x 60"" x 16""",finished_good,live_in_both
keep_active,FIN-BRV-OTT-22X72,"BRAVADA OTTOMAN 22"" x 72"" x 16""",finished_good,live_in_both
already_inactive,SA-WFT-BCH-42X18-FRAME,"FLY LEG BENCH (DINING HEIGHT) 42"" x 18"" x 18"" SH FRAME",sub_assembly,already_inactive_and_missing_from_katana
keep_active,FIN-BRV-SWG-72X12,"BRAVADA 60"" ROUND SWING 72"" x 12"" SH",finished_good,live_in_both
keep_active,SA-BRO-CS-84-LS-FRAME,Brooklyn Corner Sofa 84 Frame,sub_assembly,live_in_both
keep_active,SA-BRA-O-42X22-CUSH,Bravada Ottoman 42X22 Cushion,sub_assembly,live_in_both
keep_active,SA-BRO-CS-84-RS-CUSH,Brooklyn Corner Sofa 84 Cushion,sub_assembly,live_in_both
keep_active,FIN-BRV-SWV-CHA-BE,FIN-BRV-SWV-CHA-BE,finished_good,live_in_both
keep_active,FIN-BRV-SWV-CHA-BO,FIN-BRV-SWV-CHA-BO,finished_good,live_in_both
keep_active,FIN-BRV-SWV-CHA-BR,FIN-BRV-SWV-CHA-BR,finished_good,live_in_both
keep_active,FIN-BRV-SWV-CHA-GR,FIN-BRV-SWV-CHA-GR,finished_good,live_in_both
keep_active,FIN-BRV-SWV-CHA-WH,FIN-BRV-SWV-CHA-WH,finished_good,live_in_both
keep_active,FIN-DAI-TAB-72X42-BE,FIN-DAI-TAB-72X42-BE,finished_good,live_in_both
keep_active,FIN-DAI-TAB-72X42-BO,FIN-DAI-TAB-72X42-BO,finished_good,live_in_both
keep_active,FIN-DAI-TAB-72X42-BR,FIN-DAI-TAB-72X42-BR,finished_good,live_in_both
keep_active,FIN-DAI-TAB-72X42-GR,FIN-DAI-TAB-72X42-GR,finished_good,live_in_both
keep_active,FIN-DAI-TAB-72X42-WH,FIN-DAI-TAB-72X42-WH,finished_good,live_in_both
keep_active,FIN-ESY-MIS-ADDIRONWOOD,FIN-ESY-MIS-ADDIRONWOOD,finished_good,live_in_both
keep_active,FIN-ESY-MIS-TWINBASE,FIN-ESY-MIS-TWINBASE,finished_good,live_in_both
keep_active,FIN-ESY-MIS-UNFABRICATEDDE,FIN-ESY-MIS-UNFABRICATEDDE,finished_good,live_in_both
keep_active,FIN-ESY-MIS-WEATHERPROOFCO,FIN-ESY-MIS-WEATHERPROOFCO,finished_good,live_in_both
keep_active,FIN-ESY-MIS-ZENBASE,FIN-ESY-MIS-ZENBASE,finished_good,live_in_both
keep_active,FIN-ESY-MIS-ZENCOVER,FIN-ESY-MIS-ZENCOVER,finished_good,live_in_both
keep_active,FIN-ESY-MIS-ZENSHADE,FIN-ESY-MIS-ZENSHADE,finished_good,live_in_both
keep_active,FIN-ESY-MIS-ZENSHADE2,FIN-ESY-MIS-ZENSHADE2,finished_good,live_in_both
keep_active,FIN-ESY-MIS-ZENTWIN,FIN-ESY-MIS-ZENTWIN,finished_good,live_in_both
keep_active,FIN-KIN-MIS-KINDLELIVING,FIN-KIN-MIS-KINDLELIVING,finished_good,live_in_both
keep_active,FIN-MLN-SOF,FIN-MLN-SOF,finished_good,live_in_both
keep_active,FIN-MLN-UMB-CANTILEVERUMBR,FIN-MLN-UMB-CANTILEVERUMBR,finished_good,live_in_both
keep_active,FIN-MLN-UMB-MARINAUMBRELLA,FIN-MLN-UMB-MARINAUMBRELLA,finished_good,live_in_both
keep_active,FIN-BRV-SWG-96X32,"BRAVADA SWING 96"" x 32"" x 23"" BH",finished_good,live_in_both
keep_active,FIN-CAB-MIS-17X17,"SQUARE PILLOW 17"" X 17""",finished_good,live_in_both
keep_active,FIN-CAB-MIS-23X23,"SQUARE PILLOW 23"" X 23""",finished_good,live_in_both
keep_active,FIN-CAB-MIS-12X24,"LUMBAR PILLOW 12"" X 24""",finished_good,live_in_both
keep_active,FIN-TJM-MIS,"LAYLO LOUNGER, NO RISERS",finished_good,live_in_both
keep_active,FIN-TJM-CHA,FREELO CHAIR SPLASH,finished_good,live_in_both
keep_active,FIN-TJM-TAB,Ripple Table,finished_good,live_in_both
keep_active,FIN-CAN-UMB,CANTILEVER UMBRELLA w/BASE,finished_good,live_in_both
keep_active,FIN-BRV-SWV-CHA,BRAVADA SWIVEL CHAIR W/DEKTON SIDEARM,finished_good,live_in_both
keep_active,FIN-BRV-ARM-SOF-34X34,"BRAVADA ARMLESS SOFA 34"" x 34"" x 31"" BH",finished_good,live_in_both
already_inactive,SA-BRV-SWG-72X12-FRAME,"BRAVADA 60"" ROUND SWING 72"" x 12"" SH FRAME",sub_assembly,already_inactive_and_missing_from_katana
already_inactive,SA-BRV-SWG-72X12-CUSH,"BRAVADA 60"" ROUND SWING 72"" x 12"" SH CUSH",sub_assembly,already_inactive_and_missing_from_katana
keep_active,FAB-CAN-JAV,CANVAS JAVA,raw_material,live_in_both
keep_active,FAB-CAN-NAT,CANVAS NATURAL,raw_material,live_in_both
keep_active,FAB-CAN-SKYBLU,CANVAS SKY BLUE,raw_material,live_in_both
keep_active,FAB-CAN-WEAMEL,CANVAS WEAVE MELON,raw_material,live_in_both
keep_active,FAB-CAS-LAG,CAST LAGOON,raw_material,live_in_both
keep_active,FIN-MLN-UMB-MARINAUMBRELLA2,FIN-MLN-UMB-MARINAUMBRELLA2,finished_good,live_in_both
keep_active,FIN-OCN-CLB-CHA-34X38-BE-N,FIN-OCN-CLB-CHA-34X38-BE-N,finished_good,live_in_both
keep_active,SA-BRO-CS-72-RS-FRAME,Brooklyn Corner Sofa 72 Frame,sub_assembly,live_in_both
keep_active,SA-BRO-CS-84-LS-CUSH,Brooklyn Corner Sofa 84 Cushion,sub_assembly,live_in_both
keep_active,SA-BRO-CS-84-RS-FRAME,Brooklyn Corner Sofa 84 Frame,sub_assembly,live_in_both
keep_active,SA-BRO-CS-96-LS-CUSH,Brooklyn Corner Sofa 96 Cushion,sub_assembly,live_in_both
keep_active,SA-BRO-CS-96-LS-FRAME,Brooklyn Corner Sofa 96 Frame,sub_assembly,live_in_both
keep_active,SA-BRO-CS-96-RS-CUSH,Brooklyn Corner Sofa 96 Cushion,sub_assembly,live_in_both
keep_active,SA-BRO-CS-96-RS-FRAME,Brooklyn Corner Sofa 96 Frame,sub_assembly,live_in_both
keep_active,SA-BRO-L-CUSH,Brooklyn Loveseat Cushion,sub_assembly,live_in_both
keep_active,SA-BRO-S-72-CUSH,Brooklyn Sofa 72 Cushion,sub_assembly,live_in_both
keep_active,SA-BRO-S-72-FRAME,Brooklyn Sofa 72 Frame,sub_assembly,live_in_both
keep_active,SA-BRO-S-84-CUSH,Brooklyn Sofa 84 Cushion,sub_assembly,live_in_both
keep_active,FIN-OCN-CLB-CHA-34X38-BE-Y,FIN-OCN-CLB-CHA-34X38-BE-Y,finished_good,live_in_both
keep_active,FIN-OCN-CLB-CHA-34X38-BL-Y,FIN-OCN-CLB-CHA-34X38-BL-Y,finished_good,live_in_both
keep_active,FIN-OCN-CLB-CHA-34X38-BO-N,FIN-OCN-CLB-CHA-34X38-BO-N,finished_good,live_in_both
keep_active,FIN-BRK-COR-CHS-84X42,"BROOKLYN CORNER CHAISE 84"" x 42"" x 30"" BH",finished_good,live_in_both
keep_active,FIN-MLN-OTT-34X42,"MILAN OTTOMAN 34"" x 42"" x 16""",finished_good,live_in_both
already_inactive,SA-BRK-COR-SOF-96X34-FRAME,"BROOKLYN CORNER SOFA 96"" x 34"" x 30"" BH FRAME",sub_assembly,already_inactive_and_missing_from_katana
keep_active,FIN-OCN-CLB-CHA-34X38-BO-Y,FIN-OCN-CLB-CHA-34X38-BO-Y,finished_good,live_in_both
keep_active,FIN-OCN-CLB-CHA-34X38-BR-N,FIN-OCN-CLB-CHA-34X38-BR-N,finished_good,live_in_both
keep_active,FIN-OCN-CLB-CHA-34X38-BR-Y,FIN-OCN-CLB-CHA-34X38-BR-Y,finished_good,live_in_both
keep_active,FIN-OCN-CLB-CHA-34X38-GR-N,FIN-OCN-CLB-CHA-34X38-GR-N,finished_good,live_in_both
keep_active,FIN-OCN-CLB-CHA-34X38-GR-Y,FIN-OCN-CLB-CHA-34X38-GR-Y,finished_good,live_in_both
keep_active,FIN-OCN-CLB-CHA-34X38-WH-N,FIN-OCN-CLB-CHA-34X38-WH-N,finished_good,live_in_both
keep_active,FIN-OCN-CLB-CHA-34X38-WH-Y,FIN-OCN-CLB-CHA-34X38-WH-Y,finished_good,live_in_both
keep_active,FIN-OCN-COF-TAB-36X36-BE,FIN-OCN-COF-TAB-36X36-BE,finished_good,live_in_both
keep_active,FIN-OCN-COF-TAB-36X36-BO,FIN-OCN-COF-TAB-36X36-BO,finished_good,live_in_both
keep_active,SA-BRA-AL-60-FRAME,Bravada Armless Loveseat Frame,sub_assembly,live_in_both
keep_active,SA-BRA-AS-72-CUSH,Bravada Armless Sofa 72 Cushion,sub_assembly,live_in_both
keep_active,SA-BRA-AS-72-FRAME,Bravada Armless Sofa 72 Frame,sub_assembly,live_in_both
keep_active,SA-BRA-AS-84-CUSH,Bravada Armless Sofa 84 Cushion,sub_assembly,live_in_both
keep_active,SA-BRA-AS-84-FRAME,Bravada Armless Sofa 84 Frame,sub_assembly,live_in_both
keep_active,FIN-OCN-COF-TAB-36X36-BR,FIN-OCN-COF-TAB-36X36-BR,finished_good,live_in_both
keep_active,SA-BRA-AS-96-CUSH,Bravada Armless Sofa 96 Cushion,sub_assembly,live_in_both
keep_active,FIN-OCN-COF-TAB-36X36,"OCEAN COFFEE TABLE 36"" x 36"" x 17""",finished_good,live_in_both
keep_active,SA-BRA-C-34X72-LS-FRAME,Bravada Chaise 34 X 72 Frame,sub_assembly,live_in_both
keep_active,FIN-OCN-COF-TAB-36X36-GR,FIN-OCN-COF-TAB-36X36-GR,finished_good,live_in_both
keep_active,FIN-OCN-COF-TAB-36X36-WH,FIN-OCN-COF-TAB-36X36-WH,finished_good,live_in_both
keep_active,FIN-OCN-COF-TAB-42X28-BE,FIN-OCN-COF-TAB-42X28-BE,finished_good,live_in_both
keep_active,FIN-MLN-OTT-34X72,"MILAN OTTOMAN 34"" x 72"" x 16""",finished_good,live_in_both
keep_active,FIN-BRV-COF-TAB-42X72,"BRAVADA COFFEE TABLE 42"" x 72"" x 17""",finished_good,live_in_both
keep_active,FIN-BRV-COF-TAB-56X72,"BRAVADA COFFEE TABLE 56"" x 72"" x 17""",finished_good,live_in_both
keep_active,FIN-BRV-SID-TAB-20X20,"BRAVADA SIDE TABLE 20"" x 20"" x 17""",finished_good,live_in_both
keep_active,FIN-OCN-COF-TAB-42X72,"OCEAN COFFEE TABLE 42"" x 72"" x 17""",finished_good,live_in_both
keep_active,FIN-OCN-COF-TAB-56X72,"OCEAN COFFEE TABLE 56"" x 72"" x 17""",finished_good,live_in_both
keep_active,FIN-OCN-SID-TAB-12,ANGULAR SIDE TABLE,finished_good,live_in_both
keep_active,FIN-OCN-TAB-72X12,"FLY TABLE 72"" X 12""",finished_good,live_in_both
keep_active,FIN-OCN-TAB-84X12,"FLY TABLE 84"" X 12""",finished_good,live_in_both
keep_active,FIN-OCN-TAB-96X12,"FLY TABLE 96"" X 12""",finished_good,live_in_both
keep_active,FIN-OCN-SID-TAB-32X32,"TRIANGLE SIDE TABLE 32"" x 32"" x 17""",finished_good,live_in_both
keep_active,ASM-MLN-OTT-34X72-FRAME,"MILAN OTTOMAN 34"" x 72"" x 16"" FRAME",sub_assembly,live_in_both
keep_active,FIN-OCN-COF-TAB-42X28-BO,FIN-OCN-COF-TAB-42X28-BO,finished_good,live_in_both
keep_active,FIN-OCN-COF-TAB-42X28-BR,FIN-OCN-COF-TAB-42X28-BR,finished_good,live_in_both
keep_active,SA-BRA-C-34X72-RS-CUSH,Bravada Chaise 34 X 72 Cushion,sub_assembly,live_in_both
keep_active,SA-BRA-C-34X84-LS-CUSH,Bravada Chaise 34 X 84 Cushion,sub_assembly,live_in_both
keep_active,SA-BRA-C-34X84-LS-FRAME,Bravada Chaise 34 X 84 Frame,sub_assembly,live_in_both
keep_active,SA-BRA-C-34X84-RS-CUSH,Bravada Chaise 34 X 84 Cushion,sub_assembly,live_in_both
keep_active,SA-BRA-C-34X84-RS-FRAME,Bravada Chaise 34 X 84 Frame,sub_assembly,live_in_both
keep_active,SA-BRA-C-42X72-LS-FRAME,Bravada Chaise 42X72 Frame,sub_assembly,live_in_both
keep_active,SA-BRA-C-42X72-RS-CUSH,Bravada Chaise 42X72 Cushion,sub_assembly,live_in_both
keep_active,SA-BRA-C-42X84-LS-CUSH,Bravada Chaise 42 X 84 Cushion,sub_assembly,live_in_both
keep_active,SA-BRA-C-42X84-LS-FRAME,Bravada Chaise 42 X 84 Frame,sub_assembly,live_in_both
keep_active,SA-BRA-C-42X84-RS-CUSH,Bravada Chaise 42 X 84 Cushion,sub_assembly,live_in_both
keep_active,SA-BRA-C-42X84-RS-FRAME,Bravada Chaise 42 X 84 Frame,sub_assembly,live_in_both
keep_active,SA-BRA-CADA-72X78-CUSH,Bravada Cabana Daybed 72 Cushion,sub_assembly,live_in_both
keep_active,SA-BRA-CADA-72X78-FRAME,Bravada Cabana Daybed 72 Frame,sub_assembly,live_in_both
keep_active,FIN-OCN-COF-TAB-42X28-GR,FIN-OCN-COF-TAB-42X28-GR,finished_good,live_in_both
already_inactive,SA-WFT-SID-TAB-40X13-FRAME,"WATERFALL SIDE TABLE 40"" x 13"" x 12"" FRAME",sub_assembly,already_inactive_and_missing_from_katana
already_inactive,SA-BRA-D-8478-CUSH,Bravada Daybed 84 Cushion,sub_assembly,already_inactive_and_missing_from_katana
already_inactive,SA-BRA-D-8478-FRAME,Bravada Daybed 84 Frame,sub_assembly,already_inactive_and_missing_from_katana
keep_active,FIN-WFT-SID-TAB-40X13,"WATERFALL SIDE TABLE 40"" x 13"" x 12""",finished_good,live_in_both
keep_active,FIN-DAI-DIN-TAB-42X30,"DAISY BASE ROUND TABLE (DINING HEIGHT) 42"" x 30""",finished_good,live_in_both
keep_active,FIN-DAI-DIN-TAB-56X30,"DAISY BASE ROUND TABLE (DINING HEIGHT) 56"" x 30""",finished_good,live_in_both
already_inactive,SA-DAI-DIN-TAB-42X30-FRAME,"DAISY BASE ROUND TABLE (DINING HEIGHT) 42"" x 30"" FRAME",sub_assembly,already_inactive_and_missing_from_katana
keep_active,SA-BRA-CADA-78X78-FRAME,Bravada Cabana Daybed 78 Frame,sub_assembly,live_in_both
keep_active,SA-BRA-CADA-84X78-CUSH,Bravada Cabana Daybed 84 Cushion,sub_assembly,live_in_both
keep_active,SA-BRA-CADA-84X78-FRAME,Bravada Cabana Daybed 84 Frame,sub_assembly,live_in_both
keep_active,SA-BRA-CC-CUSH,Bravada Club Chair Cushion,sub_assembly,live_in_both
keep_active,FIN-OCN-COF-TAB-42X28-WH,FIN-OCN-COF-TAB-42X28-WH,finished_good,live_in_both
keep_active,SA-BRA-CL-D-A-CUSH,Bravada Chaise Lounge Double Cushion,sub_assembly,live_in_both
keep_active,SA-BRA-CL-D-A-FRAME,Bravada Chaise Lounge Double Frame,sub_assembly,live_in_both
keep_active,SA-BRA-CL-D-CUSH,Bravada Chaise Lounge Double Cushion,sub_assembly,live_in_both
keep_active,SA-BRA-CL-D-FRAME,Bravada Chaise Lounge Double Frame,sub_assembly,live_in_both
keep_active,SA-BRA-CL-S-A-CUSH,Bravada Chaise Lounge Single Cushion,sub_assembly,live_in_both
keep_active,SA-BRA-CL-S-A-FRAME,Bravada Chaise Lounge Single Frame,sub_assembly,live_in_both
keep_active,SA-BRA-CL-S-CUSH,Bravada Chaise Lounge Single Cushion,sub_assembly,live_in_both
keep_active,SA-BRA-CL-S-FRAME,Bravada Chaise Lounge Single Frame,sub_assembly,live_in_both
keep_active,SA-BRA-CS-72-LS-CUSH,Bravada Corner Sofa 72 Cushion,sub_assembly,live_in_both
keep_active,SA-BRA-CS-72-LS-FRAME,Bravada Corner Sofa 72 Frame,sub_assembly,live_in_both
keep_active,SA-BRA-CS-72-RS-CUSH,Bravada Corner Sofa 72 Cushion,sub_assembly,live_in_both
keep_active,SA-BRA-CS-72-RS-FRAME,Bravada Corner Sofa 72 Frame,sub_assembly,live_in_both
keep_active,SA-BRA-CS-84-LS-CUSH,Bravada Corner Sofa 84 Cushion,sub_assembly,live_in_both
keep_active,FIN-OCN-COF-TAB-42X42-BE,FIN-OCN-COF-TAB-42X42-BE,finished_good,live_in_both
already_inactive,SA-DAI-TAB-108X56-FRAME,"DAISY BASE OVAL TABLE 108"" X 56"" X 30"" FRAME",sub_assembly,already_inactive_and_missing_from_katana
keep_active,FIN-OCN-COF-TAB-42X42-BO,FIN-OCN-COF-TAB-42X42-BO,finished_good,live_in_both
keep_active,FIN-BRV-COF-TAB-72X56,BRAVADA COFFEE TABLE 56 X 72,finished_good,live_in_both
already_inactive,SA-DAI-BAR-TAB-42X120-FRAME,"DAISY BASE TABLE (BAR HEIGHT) 42"" x 120"" x 42"" FRAME",sub_assembly,already_inactive_and_missing_from_katana
keep_active,FIN-OCN-COF-TAB-42X42-BR,FIN-OCN-COF-TAB-42X42-BR,finished_good,live_in_both
keep_active,FIN-OCN-COF-TAB-42X42-GR,FIN-OCN-COF-TAB-42X42-GR,finished_good,live_in_both
keep_active,FIN-OCN-COF-TAB-42X42-WH,FIN-OCN-COF-TAB-42X42-WH,finished_good,live_in_both
keep_active,FIN-OCN-COF-TAB-56X28-BE,FIN-OCN-COF-TAB-56X28-BE,finished_good,live_in_both
keep_active,FIN-OCN-COF-TAB-56X28-BO,FIN-OCN-COF-TAB-56X28-BO,finished_good,live_in_both
keep_active,FIN-OCN-COF-TAB-56X28-BR,FIN-OCN-COF-TAB-56X28-BR,finished_good,live_in_both
keep_active,SA-BRA-CS-84-LS-FRAME,Bravada Corner Sofa 84 Frame,sub_assembly,live_in_both
keep_active,SA-BRA-CS-96-LS-FRAME,Bravada Corner Sofa 96 Frame,sub_assembly,live_in_both
keep_active,SA-BRA-CS-96-RS-CUSH,Bravada Corner Sofa 96 Cushion,sub_assembly,live_in_both
keep_active,SA-BRA-CS-96-RS-FRAME,Bravada Corner Sofa 96 Frame,sub_assembly,live_in_both
keep_active,SA-BRA-CT-36X36-FRAME,Bravada Coffee Table 36 x 36 Frame,sub_assembly,live_in_both
keep_active,SA-BRA-CT-42X28-FRAME,Bravada Coffee Table 42 x 28 Frame,sub_assembly,live_in_both
keep_active,SA-BRA-CT-42X42-FRAME,Bravada Coffee Table 42 x 42 Frame,sub_assembly,live_in_both
keep_active,SA-BRA-CT-56X28-FRAME,Bravada Coffee Table 56 x 28 Frame,sub_assembly,live_in_both
keep_active,SA-BRA-CT-56X36-FRAME,Bravada Coffee Table 56 x 36 Frame,sub_assembly,live_in_both
keep_active,FIN-BRV-COF-TAB-72X36,BRAVADA COFFEE TABLE 36 X 72,finished_good,live_in_both
keep_active,FIN-DAI-BAR-TAB-42X72,"DAISY BASE TABLE (BAR HEIGHT) 42"" x 72"" x 42""",finished_good,live_in_both
keep_active,FIN-DAI-BAR-TAB-42X96,"DAISY BASE TABLE (BAR HEIGHT) 42"" x 96"" x 42""",finished_good,live_in_both
keep_active,FIN-DAI-BAR-TAB-56X120,"DAISY BASE TABLE (BAR HEIGHT) 56"" x 120"" x 42""",finished_good,live_in_both
keep_active,FIN-DAI-BAR-TAB-56X72,"DAISY BASE TABLE (BAR HEIGHT) 56"" x 72"" x 42""",finished_good,live_in_both
keep_active,FIN-DAI-BAR-TAB-56X96,"DAISY BASE TABLE (BAR HEIGHT) 56"" x 96"" x 42""",finished_good,live_in_both
keep_active,FIN-DAI-CNT-TAB-42X120,"DAISY BASE TABLE (COUNTER HEIGHT) 42"" x 120"" x 36""",finished_good,live_in_both
keep_active,FIN-DAI-CNT-TAB-42X72,"DAISY BASE TABLE (COUNTER HEIGHT) 42"" x 72"" x 36""",finished_good,live_in_both
keep_active,FIN-DAI-CNT-TAB-42X96,"DAISY BASE TABLE (COUNTER HEIGHT) 42"" x 96"" x 36""",finished_good,live_in_both
keep_active,FIN-BRV-COF-TAB-72X42,BRAVADA COFFEE TABLE 42 X 72,finished_good,live_in_both
keep_active,FIN-OCN-COF-TAB-56X28-GR,FIN-OCN-COF-TAB-56X28-GR,finished_good,live_in_both
keep_active,SA-BRO-C-72X42-LS-CUSH,Brooklyn Chaise 72 x 42 Cushion,sub_assembly,live_in_both
keep_active,FIN-OCN-COF-TAB-56X28-WH,FIN-OCN-COF-TAB-56X28-WH,finished_good,live_in_both
keep_active,SA-BRA-CT-56X42-FRAME,Bravada Coffee table 56 x 42 Frame,sub_assembly,live_in_both
keep_active,SA-BRA-CT-72X56-FRAME,Bravada Coffee Table 72 x 56 Frame,sub_assembly,live_in_both
keep_active,SA-BRA-D-7272-CUSH,Bravada Daybed 72 Cushion,sub_assembly,live_in_both
keep_active,SA-BRA-D-7272-FRAME,Bravada Daybed 72 Frame,sub_assembly,live_in_both
keep_active,SA-BRA-D-7872-CUSH,Bravada Daybed 78 Cushion,sub_assembly,live_in_both
keep_active,SA-BRA-D-7872-FRAME,Bravada Daybed 78 Frame,sub_assembly,live_in_both
keep_active,SA-BRA-L-CUSH,Bravada Loveseat Cushion,sub_assembly,live_in_both
keep_active,SA-BRA-L-FRAME,Bravada Loveseat Frame,sub_assembly,live_in_both
keep_active,SA-BRA-ML-CUSH,Bravada Mini Loveseat Cushion,sub_assembly,live_in_both
keep_active,SA-BRA-ML-FRAME,Bravada Mini Loveseat Frame,sub_assembly,live_in_both
keep_active,SA-BRA-O-30X22-CUSH,Bravada Ottoman 30X22 Cushion,sub_assembly,live_in_both
already_inactive,SA-DAI-CNT-TAB-56X120-FRAME,"DAISY BASE TABLE (COUNTER HEIGHT) 56"" x 120"" x 36"" FRAME",sub_assembly,already_inactive_and_missing_from_katana
keep_active,SA-BRO-C-72X34-LS-CUSH,Brooklyn Chaise 72 x 34 Cushion,sub_assembly,live_in_both
keep_active,SA-BRO-C-72X34-LS-FRAME,Brooklyn Chaise 72 x 34 Frame,sub_assembly,live_in_both
keep_active,FIN-OCN-COF-TAB-56X36-BE,FIN-OCN-COF-TAB-56X36-BE,finished_good,live_in_both
keep_active,FIN-OCN-COF-TAB-56X36-BO,FIN-OCN-COF-TAB-56X36-BO,finished_good,live_in_both
keep_active,FIN-OCN-COF-TAB-56X36-BR,FIN-OCN-COF-TAB-56X36-BR,finished_good,live_in_both
keep_active,FIN-DAI-CNT-TAB-56X120,"DAISY BASE TABLE (COUNTER HEIGHT) 56"" x 120"" x 36""",finished_good,live_in_both
keep_active,FIN-DAI-CNT-TAB-56X72,"DAISY BASE TABLE (COUNTER HEIGHT) 56"" x 72"" x 36""",finished_good,live_in_both
keep_active,FIN-DAI-CNT-TAB-56X96,"DAISY BASE TABLE (COUNTER HEIGHT) 56"" x 96"" x 36""",finished_good,live_in_both
keep_active,FIN-DAI-DIN-TAB-56X72,"DAISY BASE TABLE (DINING HEIGHT) 56"" x 72"" x 30""",finished_good,live_in_both
already_inactive,SA-DAI-CNT-TAB-56X56-FRAME,"DAISY BASE TABLE (COUNTER HEIGHT) 56"" x 56"" x 36"" FRAME",sub_assembly,already_inactive_and_missing_from_katana
keep_active,FIN-BRV-ARM-LOV-60,Bravada Armless Loveseat,finished_good,live_in_both
keep_active,FIN-DAI-DIN-TAB-56X96,"DAISY BASE TABLE (DINING HEIGHT) 56"" x 96"" x 30""",finished_good,live_in_both
keep_active,SA-BRA-O-30X22-FRAME,Bravada Ottoman 30X22 Frame,sub_assembly,live_in_both
keep_active,SA-BRA-O-34X34-CUSH,Bravada Ottoman 34X34 Cushion,sub_assembly,live_in_both
keep_active,SA-BRA-O-34X34-FRAME,Bravada Ottoman 34X34 Frame,sub_assembly,live_in_both
keep_active,SA-BRA-O-42X22-FRAME,Bravada Ottoman 42X22 Frame,sub_assembly,live_in_both
keep_active,SA-BRA-O-42X34-CUSH,Bravada Ottoman 42X34 Cushion,sub_assembly,live_in_both
keep_active,SA-BRA-O-42X34-FRAME,Bravada Ottoman 42X34 Frame,sub_assembly,live_in_both
keep_active,SA-BRA-O-60X22-CUSH,Bravada Ottoman 60X22 Cushion,sub_assembly,live_in_both
keep_active,SA-BRA-O-60X22-FRAME,Bravada Ottoman 60X22 Frame,sub_assembly,live_in_both
keep_active,SA-BRA-O-60X34-CUSH,Bravada Ottoman 60 x 34 Cushion,sub_assembly,live_in_both
keep_active,SA-BRA-O-60X34-FRAME,Bravada Ottoman 60 x 34 Frame,sub_assembly,live_in_both
keep_active,SA-BRA-O-72X22-CUSH,Bravada Ottoman 72X22 Cushion,sub_assembly,live_in_both
keep_active,FIN-OCN-COF-TAB-56X36-GR,FIN-OCN-COF-TAB-56X36-GR,finished_good,live_in_both
keep_active,SA-BRA-SC-FRAME,Bravada Swivel Chair Frame,sub_assembly,live_in_both
keep_active,SA-BRA-ST-20X20-FRAME,Bravada Side Table 20 x 20 Frame,sub_assembly,live_in_both
keep_active,FIN-OCN-COF-TAB-56X36-WH,FIN-OCN-COF-TAB-56X36-WH,finished_good,live_in_both
keep_active,FIN-OCN-COF-TAB-56X42-BE,FIN-OCN-COF-TAB-56X42-BE,finished_good,live_in_both
keep_active,FIN-OCN-COF-TAB-56X42-BO,FIN-OCN-COF-TAB-56X42-BO,finished_good,live_in_both
keep_active,FIN-OCN-COF-TAB-56X42-BR,FIN-OCN-COF-TAB-56X42-BR,finished_good,live_in_both
keep_active,FIN-BRK-BAR-TAB-28X120,"BROOKLYN TABLE (BAR HEIGHT) 28"" x 120"" x 42""",finished_good,live_in_both
keep_active,FIN-BRK-BAR-TAB-28X72,"BROOKLYN TABLE (BAR HEIGHT) 28"" x 72"" x 42""",finished_good,live_in_both
keep_active,FIN-BRK-BAR-TAB-28X96,"BROOKLYN TABLE (BAR HEIGHT) 28"" x 96"" x 42""",finished_good,live_in_both
keep_active,FIN-BRK-BAR-TAB-36X120,"BROOKLYN TABLE (BAR HEIGHT) 36"" x 120"" x 42""",finished_good,live_in_both
already_inactive,SA-BRK-BAR-TAB-28X120-FRAME,"BROOKLYN TABLE (BAR HEIGHT) 28"" x 120"" x 42"" FRAME",sub_assembly,already_inactive_and_missing_from_katana
keep_active,SA-BRA-O-72X22-FRAME,Bravada Ottoman 72X22 Frame,sub_assembly,live_in_both
keep_active,SA-BRA-O-72X34-CUSH,Bravada Ottoman 72 x 34 Cushion,sub_assembly,live_in_both
keep_active,SA-BRA-O-72X34-FRAME,Bravada Ottoman 72 x 34 Frame,sub_assembly,live_in_both
keep_active,SA-BRA-ODT-30X22-CUSH,Bravada Ottoman 30X22 Cushion,sub_assembly,live_in_both
keep_active,SA-BRA-ODT-30X22-FRAME,Bravada Ottoman 30X22 Frame,sub_assembly,live_in_both
keep_active,SA-BRA-ODT-34X34-CUSH,Bravada Ottoman 34X34 Cushion,sub_assembly,live_in_both
keep_active,SA-BRA-ODT-34X34-FRAME,Bravada Ottoman 34X34 Frame,sub_assembly,live_in_both
keep_active,SA-BRA-ODT-42X22-CUSH,Bravada Ottoman 42X22 Cushion,sub_assembly,live_in_both
keep_active,SA-BRA-ODT-42X22-FRAME,Bravada Ottoman 42X22 Frame,sub_assembly,live_in_both
keep_active,SA-BRA-ODT-42X34-CUSH,Bravada Ottoman 42X34 Cushion,sub_assembly,live_in_both
keep_active,SA-BRA-ODT-42X34-FRAME,Bravada Ottoman 42X34 Frame,sub_assembly,live_in_both
keep_active,SA-BRA-ODT-60X22-CUSH,Bravada Ottoman 60X22 Cushion,sub_assembly,live_in_both
keep_active,SA-BRA-ODT-60X22-FRAME,Bravada Ottoman 60X22 Frame,sub_assembly,live_in_both
keep_active,SA-BRA-ODT-60X34-CUSH,Bravada Ottoman 60 x 34 Cushion,sub_assembly,live_in_both
keep_active,SA-BRA-ODT-60X34-FRAME,Bravada Ottoman 60 x 34 Frame,sub_assembly,live_in_both
keep_active,SA-BRA-ODT-72X22-CUSH,Bravada Ottoman 72X22 Cushion,sub_assembly,live_in_both
keep_active,SA-BRA-ODT-72X22-FRAME,Bravada Ottoman 72X22 Frame,sub_assembly,live_in_both
keep_active,SA-BRA-ODT-72X34-CUSH,Bravada Ottoman 72 x 34 Cushion,sub_assembly,live_in_both
keep_active,SA-BRA-ODT-72X34-FRAME,Bravada Ottoman 72 x 34 Frame,sub_assembly,live_in_both
keep_active,SA-BRA-S-72-CUSH,Bravada Sofa 72 Cushion,sub_assembly,live_in_both
keep_active,SA-BRA-S-72-FRAME,Bravada Sofa 72 Frame,sub_assembly,live_in_both
keep_active,SA-BRA-S-84-CUSH,Bravada Sofa 84 Cushion,sub_assembly,live_in_both
keep_active,SA-BRA-S-84-FRAME,Bravada Sofa 84 Frame,sub_assembly,live_in_both
keep_active,SA-BRA-S-96-CUSH,Bravada Sofa 96 Cushion,sub_assembly,live_in_both
keep_active,SA-BRA-S-96-FRAME,Bravada Sofa 96 Frame,sub_assembly,live_in_both
keep_active,SA-BRA-SC-CUSH,Bravada Swivel Chair Cushion,sub_assembly,live_in_both
keep_active,FIN-OCN-COF-TAB-56X42-GR,FIN-OCN-COF-TAB-56X42-GR,finished_good,live_in_both
keep_active,FIN-OCN-COF-TAB-56X42-WH,FIN-OCN-COF-TAB-56X42-WH,finished_good,live_in_both
keep_active,FIN-BRV-COF-TAB-56X42,BRAVADA COFFEE TABLE 42 X 56,finished_good,live_in_both
keep_active,FIN-BRV-COR-SOF-96X34-LS,Bravada Corner Sofa 96 (Left Facing),finished_good,live_in_both
keep_active,FIN-BRV-COR-SOF-96X34-RS,Bravada Corner Sofa 96 (Right Facing),finished_good,live_in_both
keep_active,FIN-BRV-COF-TAB-56X28,Bravada Coffee Table 56 x 28,finished_good,live_in_both
keep_active,FIN-BRV-COF-TAB-56X36,BRAVADA COFFEE TABLE 36 X 56,finished_good,live_in_both
keep_active,FIN-BRV-COR-SOF-84X34-RS,Bravada Corner Sofa 84 (Right Facing),finished_good,live_in_both
keep_active,FIN-BRV-DYB-72X78,BRAVADA DAYBED 72 X 78,finished_good,live_in_both
already_inactive,SA-BRK-BAR-TAB-36X72-FRAME,"BROOKLYN TABLE (BAR HEIGHT) 36"" x 72"" x 42"" FRAME",sub_assembly,already_inactive_and_missing_from_katana
keep_active,FIN-BRK-BAR-TAB-36X72,"BROOKLYN TABLE (BAR HEIGHT) 36"" x 72"" x 42""",finished_good,live_in_both
keep_active,FIN-BRK-BAR-TAB-36X96,"BROOKLYN TABLE (BAR HEIGHT) 36"" x 96"" x 42""",finished_good,live_in_both
keep_active,FIN-BRV-COR-SOF-84X34-LS,Bravada Corner Sofa 84 (Left Facing),finished_good,live_in_both
keep_active,FIN-BRV-DYB-72X72,"BRAVADA DAYBED 72"" x 72"" x 27"" BH",finished_good,live_in_both
keep_active,FIN-BRV-DYB-78X72,Bravada Daybed 78,finished_good,live_in_both
already_inactive,SA-BRK-BAR-TAB-36X96-FRAME,"BROOKLYN TABLE (BAR HEIGHT) 36"" x 96"" x 42"" FRAME",sub_assembly,already_inactive_and_missing_from_katana
keep_active,FIN-BRV-OTT-DKT-60X22,Bravada Ottoman 60X22 (Dekton Top),finished_good,live_in_both
keep_active,FIN-BRV-OTT-DKT-42X34,Bravada Ottoman 42X34 (Dekton Top),finished_good,live_in_both
keep_active,FIN-BRV-OTT-DKT-42X22,Bravada Ottoman 42X22 (Dekton Top),finished_good,live_in_both
keep_active,FIN-BRK-CHS-72X34-RS,Brooklyn Chaise 72 x 34 (Right Facing),finished_good,live_in_both
keep_active,FIN-OCN-COF-TAB-56X56-BE,FIN-OCN-COF-TAB-56X56-BE,finished_good,live_in_both
keep_active,FIN-OCN-COF-TAB-56X56-BO,FIN-OCN-COF-TAB-56X56-BO,finished_good,live_in_both
keep_active,FIN-OCN-COF-TAB-56X56-BR,FIN-OCN-COF-TAB-56X56-BR,finished_good,live_in_both
keep_active,FIN-BRK-CHS-72X42-RS,Brooklyn Chaise 72 x 42 (Right Facing),finished_good,live_in_both
keep_active,FIN-BRK-CNT-TAB-28X72,"BROOKLYN TABLE (COUNTER HEIGHT) 28"" x 72"" x 36""",finished_good,live_in_both
keep_active,FIN-BRK-CHS-72X42-LS,Brooklyn Chaise 72 x 42 (Left Facing),finished_good,live_in_both
already_inactive,SA-BRK-CNT-TAB-28X72-FRAME,"BROOKLYN TABLE (COUNTER HEIGHT) 28"" x 72"" x 36"" FRAME",sub_assembly,already_inactive_and_missing_from_katana
keep_active,FIN-BRV-DYB-78X78,BRAVADA DAYBED 78 X 78,finished_good,live_in_both
keep_active,FIN-BRV-DYB-84X78,BRAVADA DAYBED 84 X 78,finished_good,live_in_both
keep_active,FIN-OCN-COF-TAB-56X56-GR,FIN-OCN-COF-TAB-56X56-GR,finished_good,live_in_both
keep_active,FIN-OCN-COF-TAB-56X56-WH,FIN-OCN-COF-TAB-56X56-WH,finished_good,live_in_both
keep_active,FIN-BRV-OTT-42X22,BRAVADA OTTOMAN 22 X 42,finished_good,live_in_both
keep_active,FIN-BRK-CNT-TAB-28X120,"BROOKLYN TABLE (COUNTER HEIGHT) 28"" x 120"" x 36""",finished_good,live_in_both
keep_active,FIN-BRK-CNT-TAB-28X96,"BROOKLYN TABLE (COUNTER HEIGHT) 28"" x 96"" x 36""",finished_good,live_in_both
keep_active,FIN-BRK-CNT-TAB-36X120,"BROOKLYN TABLE (COUNTER HEIGHT) 36"" x 120"" x 36""",finished_good,live_in_both
keep_active,FIN-BRK-CNT-TAB-36X72,"BROOKLYN TABLE (COUNTER HEIGHT) 36"" x 72"" x 36""",finished_good,live_in_both
keep_active,FIN-BRK-CNT-TAB-36X96,"BROOKLYN TABLE (COUNTER HEIGHT) 36"" x 96"" x 36""",finished_good,live_in_both
keep_active,FIN-BRV-LOV-SOF-60X34,"BRAVADA LOVESEAT 60"" x 34"" x 31"" BH",finished_good,live_in_both
keep_active,FIN-BRV-OTT-30X22,BRAVADA OTTOMAN 22 X 30,finished_good,live_in_both
keep_active,FIN-BRV-OTT-42X34,BRAVADA OTTOMAN 34 X 42,finished_good,live_in_both
keep_active,FIN-BRV-OTT-DKT-30X22,Bravada Ottoman 30X22 (Dekton Top),finished_good,live_in_both
keep_active,FIN-BRV-OTT-DKT-34X34,Bravada Ottoman 34X34 (Dekton Top),finished_good,live_in_both
already_inactive,SA-BRK-CNT-TAB-28X120-FRAME,"BROOKLYN TABLE (COUNTER HEIGHT) 28"" x 120"" x 36"" FRAME",sub_assembly,already_inactive_and_missing_from_katana
already_inactive,SA-BRK-CNT-TAB-28X96-FRAME,"BROOKLYN TABLE (COUNTER HEIGHT) 28"" x 96"" x 36"" FRAME",sub_assembly,already_inactive_and_missing_from_katana
keep_active,FIN-OCN-COF-TAB-72X36-BE,FIN-OCN-COF-TAB-72X36-BE,finished_good,live_in_both
keep_active,FIN-OCN-COF-TAB-72X36-BO,FIN-OCN-COF-TAB-72X36-BO,finished_good,live_in_both
keep_active,FIN-OCN-COF-TAB-72X36-BR,FIN-OCN-COF-TAB-72X36-BR,finished_good,live_in_both
keep_active,FIN-OCN-COF-TAB-72X36-GR,FIN-OCN-COF-TAB-72X36-GR,finished_good,live_in_both
keep_active,FIN-OCN-COF-TAB-72X36-WH,FIN-OCN-COF-TAB-72X36-WH,finished_good,live_in_both
keep_active,FIN-OCN-COF-TAB-72X42-BE,FIN-OCN-COF-TAB-72X42-BE,finished_good,live_in_both
keep_active,FIN-OCN-COF-TAB-72X42-BO,FIN-OCN-COF-TAB-72X42-BO,finished_good,live_in_both
keep_active,FIN-OCN-COF-TAB-72X42-BR,FIN-OCN-COF-TAB-72X42-BR,finished_good,live_in_both
keep_active,FIN-OCN-COF-TAB-72X42-V23143105,FIN-OCN-COF-TAB-72X42-V23143105,finished_good,live_in_both
keep_active,FIN-OCN-COF-TAB-72X42-WH,FIN-OCN-COF-TAB-72X42-WH,finished_good,live_in_both
keep_active,FIN-OCN-COF-TAB-72X56-BE,FIN-OCN-COF-TAB-72X56-BE,finished_good,live_in_both
keep_active,FIN-OCN-COF-TAB-72X56-BO,FIN-OCN-COF-TAB-72X56-BO,finished_good,live_in_both
keep_active,FIN-OCN-COF-TAB-72X56-BR,FIN-OCN-COF-TAB-72X56-BR,finished_good,live_in_both
keep_active,FIN-OCN-COF-TAB-72X56-GR,FIN-OCN-COF-TAB-72X56-GR,finished_good,live_in_both
keep_active,FIN-OCN-COF-TAB-72X56-WH,FIN-OCN-COF-TAB-72X56-WH,finished_good,live_in_both
keep_active,FIN-OCN-DOU-CHS-58X79-BE,FIN-OCN-DOU-CHS-58X79-BE,finished_good,live_in_both
keep_active,FIN-OCN-DOU-CHS-58X79-BO,FIN-OCN-DOU-CHS-58X79-BO,finished_good,live_in_both
keep_active,FIN-OCN-DOU-CHS-58X79-BR,FIN-OCN-DOU-CHS-58X79-BR,finished_good,live_in_both
keep_active,FIN-OCN-DOU-CHS-58X79-GR,FIN-OCN-DOU-CHS-58X79-GR,finished_good,live_in_both
keep_active,FIN-OCN-DOU-CHS-58X79-WH,FIN-OCN-DOU-CHS-58X79-WH,finished_good,live_in_both
keep_active,FIN-BRK-DIN-TAB-28X120,"BROOKLYN TABLE (DINING HEIGHT) 28"" x 120"" x 30""",finished_good,live_in_both
keep_active,FIN-BRK-DIN-TAB-28X72,"BROOKLYN TABLE (DINING HEIGHT) 28"" x 72"" x 30""",finished_good,live_in_both
keep_active,FIN-BRK-DIN-TAB-28X96,"BROOKLYN TABLE (DINING HEIGHT) 28"" x 96"" x 30""",finished_good,live_in_both
keep_active,FIN-BRK-DIN-TAB-36X120,"BROOKLYN TABLE (DINING HEIGHT) 36"" x 120"" x 30""",finished_good,live_in_both
keep_active,FIN-BRK-DIN-TAB-36X72,"BROOKLYN TABLE (DINING HEIGHT) 36"" x 72"" x 30""",finished_good,live_in_both
keep_active,FIN-BRK-DIN-TAB-36X96,"BROOKLYN TABLE (DINING HEIGHT) 36"" x 96"" x 30""",finished_good,live_in_both
keep_active,FIN-WFT-BAR-TAB-28X120,"WATERFALL TABLE (BAR HEIGHT) 28"" x 120"" x 42""",finished_good,live_in_both
keep_active,FIN-WFT-BAR-TAB-28X72,"WATERFALL TABLE (BAR HEIGHT) 28"" x 72"" x 42""",finished_good,live_in_both
keep_active,FIN-WFT-BAR-TAB-28X96,"WATERFALL TABLE (BAR HEIGHT) 28"" x 96"" x 42""",finished_good,live_in_both
keep_active,FIN-WFT-BAR-TAB-36X120,"WATERFALL TABLE (BAR HEIGHT) 36"" x 120"" x 42""",finished_good,live_in_both
keep_active,FIN-WFT-BAR-TAB-36X72,"WATERFALL TABLE (BAR HEIGHT) 36"" x 72"" x 42""",finished_good,live_in_both
keep_active,FIN-WFT-BAR-TAB-36X96,"WATERFALL TABLE (BAR HEIGHT) 36"" x 96"" x 42""",finished_good,live_in_both
keep_active,FIN-WFT-CNT-TAB-28X120,"WATERFALL TABLE (COUNTER HEIGHT) 28"" x 120"" x 36""",finished_good,live_in_both
keep_active,FIN-WFT-CNT-TAB-28X72,"WATERFALL TABLE (COUNTER HEIGHT) 28"" x 72"" x 36""",finished_good,live_in_both
keep_active,FIN-WFT-CNT-TAB-28X96,"WATERFALL TABLE (COUNTER HEIGHT) 28"" x 96"" x 36""",finished_good,live_in_both
keep_active,FIN-WFT-CNT-TAB-36X120,"WATERFALL TABLE (COUNTER HEIGHT) 36"" x 120"" x 36""",finished_good,live_in_both
keep_active,FIN-WFT-CNT-TAB-36X72,"WATERFALL TABLE (COUNTER HEIGHT) 36"" x 72"" x 36""",finished_good,live_in_both
keep_active,FIN-WFT-CNT-TAB-36X96,"WATERFALL TABLE (COUNTER HEIGHT) 36"" x 96"" x 36""",finished_good,live_in_both
keep_active,FIN-WFT-DIN-TAB-28X120,"WATERFALL TABLE (DINING HEIGHT) 28"" x 120"" x 30""",finished_good,live_in_both
keep_active,FIN-WFT-DIN-TAB-28X72,"WATERFALL TABLE (DINING HEIGHT) 28"" x 72"" x 30""",finished_good,live_in_both
keep_active,FIN-WFT-DIN-TAB-28X96,"WATERFALL TABLE (DINING HEIGHT) 28"" x 96"" x 30""",finished_good,live_in_both
keep_active,FIN-OCN-LOV-SOF-60X38-BE-N,FIN-OCN-LOV-SOF-60X38-BE-N,finished_good,live_in_both
keep_active,FIN-OCN-LOV-SOF-60X38-BE-Y,FIN-OCN-LOV-SOF-60X38-BE-Y,finished_good,live_in_both
keep_active,FIN-OCN-LOV-SOF-60X38-BL-Y,FIN-OCN-LOV-SOF-60X38-BL-Y,finished_good,live_in_both
keep_active,FIN-OCN-LOV-SOF-60X38-BO-N,FIN-OCN-LOV-SOF-60X38-BO-N,finished_good,live_in_both
keep_active,FIN-OCN-LOV-SOF-60X38-BO-Y,FIN-OCN-LOV-SOF-60X38-BO-Y,finished_good,live_in_both
keep_active,FIN-OCN-LOV-SOF-60X38-BR-N,FIN-OCN-LOV-SOF-60X38-BR-N,finished_good,live_in_both
keep_active,FIN-OCN-LOV-SOF-60X38-BR-Y,FIN-OCN-LOV-SOF-60X38-BR-Y,finished_good,live_in_both
keep_active,FIN-OCN-LOV-SOF-60X38-GR-N,FIN-OCN-LOV-SOF-60X38-GR-N,finished_good,live_in_both
keep_active,FIN-OCN-LOV-SOF-60X38-GR-Y,FIN-OCN-LOV-SOF-60X38-GR-Y,finished_good,live_in_both
keep_active,FIN-OCN-LOV-SOF-60X38-WH-N,FIN-OCN-LOV-SOF-60X38-WH-N,finished_good,live_in_both
keep_active,FIN-OCN-LOV-SOF-60X38-WH-Y,FIN-OCN-LOV-SOF-60X38-WH-Y,finished_good,live_in_both
keep_active,FIN-OCN-MIN-LOV-BE-N,FIN-OCN-MIN-LOV-BE-N,finished_good,live_in_both
keep_active,FIN-OCN-MIN-LOV-BE-Y,FIN-OCN-MIN-LOV-BE-Y,finished_good,live_in_both
keep_active,FIN-OCN-MIN-LOV-BL-Y,FIN-OCN-MIN-LOV-BL-Y,finished_good,live_in_both
keep_active,FIN-OCN-MIN-LOV-BO-N,FIN-OCN-MIN-LOV-BO-N,finished_good,live_in_both
keep_active,FIN-OCN-MIN-LOV-BO-Y,FIN-OCN-MIN-LOV-BO-Y,finished_good,live_in_both
keep_active,FIN-OCN-MIN-LOV-BR-N,FIN-OCN-MIN-LOV-BR-N,finished_good,live_in_both
keep_active,FIN-OCN-MIN-LOV-BR-Y,FIN-OCN-MIN-LOV-BR-Y,finished_good,live_in_both
keep_active,FIN-OCN-MIN-LOV-GR-N,FIN-OCN-MIN-LOV-GR-N,finished_good,live_in_both
keep_active,FIN-OCN-MIN-LOV-GR-Y,FIN-OCN-MIN-LOV-GR-Y,finished_good,live_in_both
keep_active,FIN-OCN-MIN-LOV-WH-N,FIN-OCN-MIN-LOV-WH-N,finished_good,live_in_both
keep_active,FIN-OCN-MIN-LOV-WH-Y,FIN-OCN-MIN-LOV-WH-Y,finished_good,live_in_both
keep_active,FIN-OCN-OTT-30X22-BE,FIN-OCN-OTT-30X22-BE,finished_good,live_in_both
keep_active,FIN-OCN-OTT-30X22-BO,FIN-OCN-OTT-30X22-BO,finished_good,live_in_both
keep_active,FIN-OCN-OTT-30X22-BR,FIN-OCN-OTT-30X22-BR,finished_good,live_in_both
keep_active,FIN-OCN-OTT-30X22-GR,FIN-OCN-OTT-30X22-GR,finished_good,live_in_both
keep_active,FIN-OCN-OTT-30X22-WH,FIN-OCN-OTT-30X22-WH,finished_good,live_in_both
keep_active,FIN-OCN-OTT-42X22-BE,FIN-OCN-OTT-42X22-BE,finished_good,live_in_both
keep_active,FIN-OCN-OTT-42X22-BO,FIN-OCN-OTT-42X22-BO,finished_good,live_in_both
keep_active,FIN-WFT-DIN-TAB-36X72,"WATERFALL TABLE (DINING HEIGHT) 36"" x 72"" x 30""",finished_good,live_in_both
keep_active,FIN-WFT-DIN-TAB-36X96,"WATERFALL TABLE (DINING HEIGHT) 36"" x 96"" x 30""",finished_good,live_in_both
keep_active,FIN-DAI-FIR-TAB-56X42,"PROPANE FIRE PIT TABLE 56"" x 42"" x 21""",finished_good,live_in_both
keep_active,FIN-WFT-DIN-CHA-17X21,"HALF BACK CHAIR (DINING HEIGHT) 17"" x 21"" x 18"" SH",finished_good,live_in_both
keep_active,FIN-BRV-BCH-96X34,"BRAVADA ROUNDED BENCH 96"" X 34"" X 18"" SH",finished_good,live_in_both
keep_active,FIN-BRV-OTT-34X42,"BRAVADA OTTOMAN 34"" x 42"" x 16""",finished_good,live_in_both
keep_active,FIN-BRV-OTT-34X60,"BRAVADA OTTOMAN 34"" x 60"" x 16""",finished_good,live_in_both
keep_active,FIN-BRV-OTT-34X72,"BRAVADA OTTOMAN 34"" x 72"" x 16""",finished_good,live_in_both
keep_active,FIN-BRK-OTT-22X42,"BROOKLYN OTTOMAN 22"" x 42"" x 17""",finished_good,live_in_both
keep_active,FIN-BRK-OTT-22X60,"BROOKLYN OTTOMAN 22"" x 60"" x 17""",finished_good,live_in_both
keep_active,FIN-BRK-OTT-22X72,"BROOKLYN OTTOMAN 22"" x 72"" x 17""",finished_good,live_in_both
already_inactive,SA-WFT-DIN-TAB-36X120-FRAME,"WATERFALL TABLE (DINING HEIGHT) 36"" x 120"" x 30"" FRAME",sub_assembly,already_inactive_and_missing_from_katana
keep_active,FIN-OCN-OTT-42X22-BR,FIN-OCN-OTT-42X22-BR,finished_good,live_in_both
keep_active,FIN-OCN-OTT-42X22-GR,FIN-OCN-OTT-42X22-GR,finished_good,live_in_both
keep_active,FIN-OCN-OTT-42X22-WH,FIN-OCN-OTT-42X22-WH,finished_good,live_in_both
keep_active,FIN-OCN-OTT-60X22-BE,FIN-OCN-OTT-60X22-BE,finished_good,live_in_both
keep_active,FIN-OCN-OTT-60X22-BO,FIN-OCN-OTT-60X22-BO,finished_good,live_in_both
keep_active,FIN-OCN-OTT-60X22-BR,FIN-OCN-OTT-60X22-BR,finished_good,live_in_both
keep_active,FIN-OCN-OTT-60X22-GR,FIN-OCN-OTT-60X22-GR,finished_good,live_in_both
keep_active,FIN-OCN-OTT-60X22-WH,FIN-OCN-OTT-60X22-WH,finished_good,live_in_both
keep_active,FIN-OCN-OTT-72X22-BE,FIN-OCN-OTT-72X22-BE,finished_good,live_in_both
keep_active,FIN-OCN-OTT-72X22-BO,FIN-OCN-OTT-72X22-BO,finished_good,live_in_both
keep_active,FIN-OCN-OTT-72X22-BR,FIN-OCN-OTT-72X22-BR,finished_good,live_in_both
keep_active,FIN-OCN-OTT-72X22-GR,FIN-OCN-OTT-72X22-GR,finished_good,live_in_both
keep_active,FIN-OCN-OTT-72X22-WH,FIN-OCN-OTT-72X22-WH,finished_good,live_in_both
keep_active,FIN-OCN-SGL-CHS-36X79-BE,FIN-OCN-SGL-CHS-36X79-BE,finished_good,live_in_both
keep_active,FIN-OCN-SGL-CHS-36X79-BO,FIN-OCN-SGL-CHS-36X79-BO,finished_good,live_in_both
keep_active,FIN-OCN-SGL-CHS-36X79-BR,FIN-OCN-SGL-CHS-36X79-BR,finished_good,live_in_both
keep_active,FIN-OCN-SGL-CHS-36X79-GR,FIN-OCN-SGL-CHS-36X79-GR,finished_good,live_in_both
keep_active,FIN-OCN-SGL-CHS-36X79-WH,FIN-OCN-SGL-CHS-36X79-WH,finished_good,live_in_both
keep_active,FIN-OCN-SID-TAB-20X20-BE,FIN-OCN-SID-TAB-20X20-BE,finished_good,live_in_both
keep_active,FIN-OCN-SID-TAB-20X20-BO,FIN-OCN-SID-TAB-20X20-BO,finished_good,live_in_both
keep_active,FIN-OCN-SID-TAB-20X20-BR,FIN-OCN-SID-TAB-20X20-BR,finished_good,live_in_both
keep_active,FIN-OCN-SID-TAB-20X20-GR,FIN-OCN-SID-TAB-20X20-GR,finished_good,live_in_both
keep_active,FIN-OCN-SID-TAB-20X20-WH,FIN-OCN-SID-TAB-20X20-WH,finished_good,live_in_both
keep_active,FIN-OCN-SID-TAB-36X36-BE,FIN-OCN-SID-TAB-36X36-BE,finished_good,live_in_both
keep_active,FIN-OCN-SID-TAB-36X36-BO,FIN-OCN-SID-TAB-36X36-BO,finished_good,live_in_both
keep_active,FIN-OCN-SID-TAB-36X36-BR,FIN-OCN-SID-TAB-36X36-BR,finished_good,live_in_both
keep_active,FIN-BRK-OTT-34X42,"BROOKLYN OTTOMAN 34"" x 42"" x 17""",finished_good,live_in_both
keep_active,FIN-OCN-SID-TAB-36X36-GR,FIN-OCN-SID-TAB-36X36-GR,finished_good,live_in_both
keep_active,FIN-OCN-SID-TAB-36X36-WH,FIN-OCN-SID-TAB-36X36-WH,finished_good,live_in_both
keep_active,FIN-BRK-OTT-34X60,"BROOKLYN OTTOMAN 34"" x 60"" x 17""",finished_good,live_in_both
keep_active,FIN-OCN-SID-TAB-42-BE,FIN-OCN-SID-TAB-42-BE,finished_good,live_in_both
keep_active,FIN-OCN-SID-TAB-42-BO,FIN-OCN-SID-TAB-42-BO,finished_good,live_in_both
keep_active,FIN-BRK-OTT-34X72,"BROOKLYN OTTOMAN 34"" x 72"" x 17""",finished_good,live_in_both
keep_active,FIN-OCN-SID-TAB-42-BR,FIN-OCN-SID-TAB-42-BR,finished_good,live_in_both
keep_active,FIN-OCN-SID-TAB-42-GR,FIN-OCN-SID-TAB-42-GR,finished_good,live_in_both
keep_active,FIN-OCN-SID-TAB-42-WH,FIN-OCN-SID-TAB-42-WH,finished_good,live_in_both
keep_active,FIN-OCN-SOF-72X38-BE-N,FIN-OCN-SOF-72X38-BE-N,finished_good,live_in_both
keep_active,FIN-OCN-SOF-72X38-BE-Y,FIN-OCN-SOF-72X38-BE-Y,finished_good,live_in_both
keep_active,FIN-CUS-OTT-22X72,"CUSTOM STORAGE OTTOMAN 22"" x 72"" x 23""",finished_good,live_in_both
keep_active,FIN-BRV-SWG-84,"BRAVADA SWING FRAME ONLY 84""+ Thicker Gauge",finished_good,live_in_both
keep_active,FIN-BRV-SWG-84X42,"BRAVADA SWING 84"" x 42"" x 23"" BH",finished_good,live_in_both
keep_active,FIN-OCN-SOF-72X38-BL-Y,FIN-OCN-SOF-72X38-BL-Y,finished_good,live_in_both
keep_active,FIN-OCN-SOF-72X38-BO-N,FIN-OCN-SOF-72X38-BO-N,finished_good,live_in_both
keep_active,FIN-OCN-SOF-72X38-BO-Y,FIN-OCN-SOF-72X38-BO-Y,finished_good,live_in_both
keep_active,FIN-OCN-SOF-72X38-BR-N,FIN-OCN-SOF-72X38-BR-N,finished_good,live_in_both
keep_active,FIN-OCN-SOF-72X38-BR-Y,FIN-OCN-SOF-72X38-BR-Y,finished_good,live_in_both
keep_active,FIN-OCN-SOF-72X38-GR-N,FIN-OCN-SOF-72X38-GR-N,finished_good,live_in_both
keep_active,FIN-OCN-SOF-72X38-GR-Y,FIN-OCN-SOF-72X38-GR-Y,finished_good,live_in_both
keep_active,FIN-CAB-MIS-10X10,CABANA 10' X 10' X 9' w/Sunbrella Top & Curtains,finished_good,live_in_both
keep_active,FIN-CAB-MIS,LUMBAR PILLOW (alt size),finished_good,live_in_both
keep_active,FIN-TJM-MIS-13,"TWO SHAYZ LOUNGERS & TWO SETS OF 8"" RISERS, FOR 13"" DEPTH",finished_good,live_in_both
keep_active,FIN-TJM-MIS-12X17,"TWO SHAYZ LOUNGERS & TWO SETS OF 12"" RISERS FOR 17"" DEPTH",finished_good,live_in_both
keep_active,FIN-MLN-TAB-56X14,"OCCASIONAL TABLE 56""x14""x36""",finished_good,live_in_both
keep_active,FIN-OCN-SOF-72X38-WH-N,FIN-OCN-SOF-72X38-WH-N,finished_good,live_in_both
keep_active,FIN-MLN-MIS,FABRICATED DEKTON SLAB,finished_good,live_in_both
keep_active,FIN-CUS-OTT-23X82,"CUSTOM STORAGE OTTOMAN 23"" x 82""",finished_good,live_in_both
keep_active,FIN-OCN-SOF-72X38-WH-Y,FIN-OCN-SOF-72X38-WH-Y,finished_good,live_in_both
keep_active,FIN-OCN-SOF-84X38-BE-N,FIN-OCN-SOF-84X38-BE-N,finished_good,live_in_both
keep_active,FIN-ESY-CHS,ADD-ON WHEELS FOR CHAISE LOUNGERS,finished_good,live_in_both
keep_active,FIN-OCN-SOF-84X38-BE-Y,FIN-OCN-SOF-84X38-BE-Y,finished_good,live_in_both
keep_active,FIN-OCN-SOF-84X38-BL-Y,FIN-OCN-SOF-84X38-BL-Y,finished_good,live_in_both
keep_active,FIN-BRV-ARM-SOF-96,Bravada Armless Sofa 96,finished_good,live_in_both
keep_active,FIN-BRV-DOU-CHS-58X79-NOARM,Bravada Chaise Lounge Double (No Metal Arms),finished_good,live_in_both
keep_active,FIN-BRV-COF-TAB-42X28,BRAVADA COFFEE TABLE 28 X 42,finished_good,live_in_both
keep_active,FIN-BRV-OTT-60X22,BRAVADA OTTOMAN 22 X 60,finished_good,live_in_both
keep_active,FIN-BRV-OTT-72X22,BRAVADA OTTOMAN 22 X 72,finished_good,live_in_both
keep_active,FIN-BRK-CHS-72X34-LS,Brooklyn Chaise 72 x 34 (Left Facing),finished_good,live_in_both
keep_active,FIN-BRK-COR-SOF-84X34-RS,Brooklyn Corner Sofa 84 (Right Facing),finished_good,live_in_both
keep_active,FIN-DAI-TAB-72X42,Daisy Base Table 72 x 42 Dining Height,finished_good,live_in_both
keep_active,FIN-OCN-DOU-CHS-58X79,"OCEAN DOUBLE CHAISE LOUNGE 58"" x 79"" x 14"" SH",finished_good,live_in_both
keep_active,FIN-OCN-MIN-LOV,Ocean Mini Loveseat,finished_good,live_in_both
keep_active,FIN-OCN-SWV-CHA,Ocean Swivel Chair,finished_good,live_in_both
keep_active,FIN-OCN-SOF-84X38-BO-N,FIN-OCN-SOF-84X38-BO-N,finished_good,live_in_both
keep_active,FIN-OCN-SOF-84X38-BO-Y,FIN-OCN-SOF-84X38-BO-Y,finished_good,live_in_both
keep_active,SA-OCN-MIN-LOV-FRAME,Ocean Mini Loveseat FRAME,sub_assembly,live_in_both
keep_active,SA-OCN-MIN-LOV-CUSH,Ocean Mini Loveseat CUSH,sub_assembly,live_in_both
keep_active,FIN-OCN-SOF-84X38-BR-N,FIN-OCN-SOF-84X38-BR-N,finished_good,live_in_both
keep_active,FIN-OCN-SOF-84X38-BR-Y,FIN-OCN-SOF-84X38-BR-Y,finished_good,live_in_both
keep_active,FIN-OCN-SOF-84X38-GR-N,FIN-OCN-SOF-84X38-GR-N,finished_good,live_in_both
keep_active,FIN-BRV-CHS-42X72-LS,Bravada Chaise 42X72 (Left Facing),finished_good,live_in_both
keep_active,FIN-BRV-CHS-42X72-RS,Bravada Chaise 42X72 (Right Facing),finished_good,live_in_both
keep_active,FIN-BRV-COR-SOF-72X34-LS,Bravada Corner Sofa 72 (Left Facing),finished_good,live_in_both
keep_active,FIN-BRV-COR-SOF-72X34-RS,Bravada Corner Sofa 72 (Right Facing),finished_good,live_in_both
keep_active,FIN-BRV-COF-TAB-36X36,"BRAVADA COFFEE TABLE 36"" x 36"" x 17""",finished_good,live_in_both
keep_active,FIN-OCN-SOF-84X38-GR-Y,FIN-OCN-SOF-84X38-GR-Y,finished_good,live_in_both
keep_active,FIN-OCN-SOF-84X38-WH-N,FIN-OCN-SOF-84X38-WH-N,finished_good,live_in_both
keep_active,FIN-BRV-COF-TAB-56X56,"BRAVADA COFFEE TABLE 56"" x 56"" x 17""",finished_good,live_in_both
keep_active,FIN-OCN-SOF-84X38-WH-Y,FIN-OCN-SOF-84X38-WH-Y,finished_good,live_in_both
keep_active,FIN-OCN-SOF-96X38-BE-N,FIN-OCN-SOF-96X38-BE-N,finished_good,live_in_both
keep_active,FIN-OCN-SOF-96X38-BE-Y,FIN-OCN-SOF-96X38-BE-Y,finished_good,live_in_both
keep_active,FIN-OCN-SOF-96X38-BL-Y,FIN-OCN-SOF-96X38-BL-Y,finished_good,live_in_both
keep_active,FIN-OCN-SOF-96X38-BO-N,FIN-OCN-SOF-96X38-BO-N,finished_good,live_in_both
keep_active,FIN-OCN-SOF-96X38-BO-Y,FIN-OCN-SOF-96X38-BO-Y,finished_good,live_in_both
keep_active,FIN-OCN-SOF-96X38-BR-N,FIN-OCN-SOF-96X38-BR-N,finished_good,live_in_both
keep_active,FIN-OCN-SOF-96X38-BR-Y,FIN-OCN-SOF-96X38-BR-Y,finished_good,live_in_both
keep_active,FIN-BRV-ARM-SOF-72,Bravada Armless Sofa 72,finished_good,live_in_both
keep_active,FIN-BRV-ARM-SOF-84,Bravada Armless Sofa 84,finished_good,live_in_both
keep_active,FIN-BRV-CHS-34X72-RS,Bravada Chaise 34 X 72 (Right Facing),finished_good,live_in_both
keep_active,FIN-BRV-OTT-60X34,BRAVADA OTTOMAN 34 X 60,finished_good,live_in_both
keep_active,SA-WFT-DIN-TAB-72X28-BASE,Waterfall Dining Table Base Frame,sub_assembly,live_in_both
already_inactive,SA-STA-CNT-TAB-36X36-FRAME,STAR LEG TABLE (COUNTER HEIGHT) 36 X 36 FRAME,sub_assembly,already_inactive_and_missing_from_katana
already_inactive,SA-STA-CNT-TAB-42X42-FRAME,STAR LEG TABLE (COUNTER HEIGHT) 42 X 42 FRAME,sub_assembly,already_inactive_and_missing_from_katana
already_inactive,SA-STA-CNT-TAB-72X36-FRAME,STAR LEG TABLE (COUNTER HEIGHT) 36 X 72 FRAME,sub_assembly,already_inactive_and_missing_from_katana
already_inactive,SA-TAY-BEN-BAR-HEI-72-CUSH,TAYLOR BENCH (BAR HEIGHT) 72 CUSH,sub_assembly,already_inactive_and_missing_from_katana
already_inactive,SA-TAY-BEN-DIN-HEI-42-FRAME,TAYLOR BENCH (DINING HEIGHT) 42 FRAME,sub_assembly,already_inactive_and_missing_from_katana
already_inactive,SA-TAY-BEN-DIN-HEI-42-CUSH,TAYLOR BENCH (DINING HEIGHT) 42 CUSH,sub_assembly,already_inactive_and_missing_from_katana
already_inactive,SA-TAY-BEN-DIN-HEI-72-FRAME,TAYLOR BENCH (DINING HEIGHT) 72 FRAME,sub_assembly,already_inactive_and_missing_from_katana
keep_active,FIN-OCN-SOF-96X38-GR-N,FIN-OCN-SOF-96X38-GR-N,finished_good,live_in_both
keep_active,SA-BRV-ARM,"Bravada Arm Assembly (shared, not handed)",sub_assembly,live_in_both
keep_active,SA-BRV-CLB-CHA-34X34-BACK,Bravada Club Chair Back,sub_assembly,live_in_both
keep_active,FIN-OCN-SOF-96X38-GR-Y,FIN-OCN-SOF-96X38-GR-Y,finished_good,live_in_both
keep_active,MET-10025200,HR STEEL FLAT 1/4 X 2,raw_material,live_in_both
keep_active,MET-RT07515016,STEEL TUBE RECT 3/4 X 1-1/2 X 16 GA,raw_material,live_in_both
keep_active,PWD-HIGH-TEMP-SILICONE-TAPERED-MASKING-PLUGS,HIGH TEMP SILICONE TAPERED MASKING PLUGS,raw_material,live_in_both
keep_active,FIN-OCN-SOF-96X38-WH-N,FIN-OCN-SOF-96X38-WH-N,finished_good,live_in_both
keep_active,FIN-OCN-SOF-96X38-WH-Y,FIN-OCN-SOF-96X38-WH-Y,finished_good,live_in_both
keep_active,FIN-OCN-SWV-CHA-34X38-SWIVELCHAIR,FIN-OCN-SWV-CHA-34X38-SWIVELCHAIR,finished_good,live_in_both
keep_active,FIN-OCN-SWV-CHA-BE-N,FIN-OCN-SWV-CHA-BE-N,finished_good,live_in_both
keep_active,FIN-OCN-SWV-CHA-BE-Y,FIN-OCN-SWV-CHA-BE-Y,finished_good,live_in_both
keep_active,FIN-OCN-SWV-CHA-BL-N,FIN-OCN-SWV-CHA-BL-N,finished_good,live_in_both
keep_active,FIN-OCN-SWV-CHA-BO-N,FIN-OCN-SWV-CHA-BO-N,finished_good,live_in_both
keep_active,FIN-OCN-SWV-CHA-BO-Y,FIN-OCN-SWV-CHA-BO-Y,finished_good,live_in_both
keep_active,FIN-OCN-SWV-CHA-BR-N,FIN-OCN-SWV-CHA-BR-N,finished_good,live_in_both
keep_active,FIN-OCN-SWV-CHA-BR-Y,FIN-OCN-SWV-CHA-BR-Y,finished_good,live_in_both
keep_active,FIN-OCN-SWV-CHA-GR-N,FIN-OCN-SWV-CHA-GR-N,finished_good,live_in_both
keep_active,FIN-OCN-SWV-CHA-GR-Y,FIN-OCN-SWV-CHA-GR-Y,finished_good,live_in_both
keep_active,FIN-OCN-SWV-CHA-WH-N,FIN-OCN-SWV-CHA-WH-N,finished_good,live_in_both
keep_active,SA-BRO-C-72X34-RS-CUSH,Brooklyn Chaise 72 x 34 Cushion,sub_assembly,live_in_both
keep_active,SA-BRO-C-72X34-RS-FRAME,Brooklyn Chaise 72 x 34 Frame,sub_assembly,live_in_both
keep_active,SA-BRO-C-72X42-LS-FRAME,Brooklyn Chaise 72 x 42 Frame,sub_assembly,live_in_both
keep_active,SA-BRO-C-72X42-RS-CUSH,Brooklyn Chaise 72 x 42 Cushion,sub_assembly,live_in_both
keep_active,SA-BRO-C-72X42-RS-FRAME,Brooklyn Chaise 72 x 42 Frame,sub_assembly,live_in_both
keep_active,SA-BRO-C-84X34-LS-CUSH,Brooklyn Chaise 84 x 34 Cushion,sub_assembly,live_in_both
keep_active,FIN-OCN-SWV-CHA-WH-Y,FIN-OCN-SWV-CHA-WH-Y,finished_good,live_in_both
keep_active,FIN-OCN-TAB-34X12-FLYTABLE,FIN-OCN-TAB-34X12-FLYTABLE,finished_good,live_in_both
keep_active,ASM-BRK-DIN-TAB-72X36-FRAME,BROOKLYN TABLE (DINING HEIGHT) 36 X 72 FRAME,sub_assembly,live_in_both
keep_active,ASM-BRK-DIN-TAB-96X28-FRAME,BROOKLYN TABLE (DINING HEIGHT) 28 X 96 FRAME,sub_assembly,live_in_both
keep_active,ASM-BRK-DIN-TAB-96X36-FRAME,BROOKLYN TABLE (DINING HEIGHT) 36 X 96 FRAME,sub_assembly,live_in_both
keep_active,ASM-BRK-OTT-22X42-FRAME,"BROOKLYN OTTOMAN 22"" x 42"" x 17"" FRAME",sub_assembly,live_in_both
keep_active,FIN-TAY-BCH-42X23-BENCHDINING,FIN-TAY-BCH-42X23-BENCHDINING,finished_good,live_in_both
keep_active,FIN-TAY-BCH-72X23-BENCHCOUNTER,FIN-TAY-BCH-72X23-BENCHCOUNTER,finished_good,live_in_both
keep_active,FIN-MLN-OTT-56X42,"MILAN OTTOMAN 56"" x 42"" x 16""",finished_good,live_in_both
keep_active,FIN-TAY-BCH-72X23-BENCHDINING,FIN-TAY-BCH-72X23-BENCHDINING,finished_good,live_in_both
keep_active,FIN-OCN-COF-TAB-36X56,"OCEAN COFFEE TABLE 36"" x 56"" x 17""",finished_good,live_in_both
keep_active,FIN-TAY-BST-19X23-BARSTOOLCOUNTE,FIN-TAY-BST-19X23-BARSTOOLCOUNTE,finished_good,live_in_both
keep_active,FIN-BRV-CLB-CHA-34X34,"BRAVADA CLUB CHAIR 34"" x 34"" x 31"" BH",finished_good,live_in_both
keep_active,ASM-BRK-OTT-22X42-CUSH,"BROOKLYN OTTOMAN 22"" x 42"" x 17"" CUSH",sub_assembly,live_in_both
keep_active,ASM-BRK-OTT-22X60-FRAME,"BROOKLYN OTTOMAN 22"" x 60"" x 17"" FRAME",sub_assembly,live_in_both
keep_active,ASM-BRK-OTT-22X60-CUSH,"BROOKLYN OTTOMAN 22"" x 60"" x 17"" CUSH",sub_assembly,live_in_both
keep_active,ASM-BRK-OTT-22X72-FRAME,"BROOKLYN OTTOMAN 22"" x 72"" x 17"" FRAME",sub_assembly,live_in_both
keep_active,FIN-BRV-DOU-CHS-58X79,"BRAVADA DOUBLE CHAISE LOUNGE 58"" x 79"" x 14"" SH",finished_good,live_in_both
keep_active,FIN-BRV-MIN-LOV-48X34,"BRAVADA MINI LOVESEAT 48"" x 34"" x 31"" BH",finished_good,live_in_both
keep_active,FIN-BRK-TRA-SGL-CHS-36X72,"BROOKLYN TRANSITIONAL SINGLE CHAISE 36"" x 72"" x 30"" BH",finished_good,live_in_both
keep_active,FIN-OCN-CLB-CHA-34X38,"OCEAN CLUB CHAIR w/METAL ARM 34"" x 38"" x 33"" BH",finished_good,live_in_both
keep_active,RM-MET-2X2-TUBING,2x2 Tubing,raw_material,live_in_both
keep_active,ASM-BRK-OTT-22X72-CUSH,"BROOKLYN OTTOMAN 22"" x 72"" x 17"" CUSH",sub_assembly,live_in_both
keep_active,ASM-BRK-OTT-34X34-FRAME,"BROOKLYN OTTOMAN 34"" x 34"" x 17"" FRAME",sub_assembly,live_in_both
keep_active,ASM-BRK-OTT-34X34-CUSH,"BROOKLYN OTTOMAN 34"" x 34"" x 17"" CUSH",sub_assembly,live_in_both
keep_active,ASM-BRK-OTT-34X42-FRAME,"BROOKLYN OTTOMAN 34"" x 42"" x 17"" FRAME",sub_assembly,live_in_both
keep_active,ASM-BRK-OTT-34X42-CUSH,"BROOKLYN OTTOMAN 34"" x 42"" x 17"" CUSH",sub_assembly,live_in_both
keep_active,ASM-BRK-OTT-34X60-FRAME,"BROOKLYN OTTOMAN 34"" x 60"" x 17"" FRAME",sub_assembly,live_in_both
keep_active,ASM-BRK-OTT-34X60-CUSH,"BROOKLYN OTTOMAN 34"" x 60"" x 17"" CUSH",sub_assembly,live_in_both
keep_active,ASM-BRK-OTT-34X72-FRAME,"BROOKLYN OTTOMAN 34"" x 72"" x 17"" FRAME",sub_assembly,live_in_both
keep_active,ASM-BRK-OTT-34X72-CUSH,"BROOKLYN OTTOMAN 34"" x 72"" x 17"" CUSH",sub_assembly,live_in_both
keep_active,ASM-BRK-OTT-42X22-FRAME,BROOKLYN OTTOMAN 22 X 42 FRAME,sub_assembly,live_in_both
keep_active,ASM-BRK-OTT-42X22-CUSH,BROOKLYN OTTOMAN 22 X 42 CUSH,sub_assembly,live_in_both
keep_active,ASM-BRK-OTT-42X34-FRAME,BROOKLYN OTTOMAN 34 X 42 FRAME,sub_assembly,live_in_both
keep_active,ASM-BRK-OTT-42X34-CUSH,BROOKLYN OTTOMAN 34 X 42 CUSH,sub_assembly,live_in_both
keep_active,ASM-BRK-OTT-56X42-FRAME,"BROOKLYN OTTOMAN 56"" x 42"" x 17"" FRAME",sub_assembly,live_in_both
keep_active,ASM-BRK-OTT-56X42-CUSH,"BROOKLYN OTTOMAN 56"" x 42"" x 17"" CUSH",sub_assembly,live_in_both
keep_active,ASM-BRK-OTT-60X22-FRAME,BROOKLYN OTTOMAN 22 X 60 FRAME,sub_assembly,live_in_both
keep_active,ASM-BRK-OTT-60X22-CUSH,BROOKLYN OTTOMAN 22 X 60 CUSH,sub_assembly,live_in_both
keep_active,ASM-BRK-OTT-60X34-FRAME,BROOKLYN OTTOMAN 34 X 60 FRAME,sub_assembly,live_in_both
keep_active,ASM-BRK-OTT-60X34-CUSH,BROOKLYN OTTOMAN 34 X 60 CUSH,sub_assembly,live_in_both
keep_active,ASM-BRK-OTT-72X22-FRAME,BROOKLYN OTTOMAN 22 X 72 FRAME,sub_assembly,live_in_both
keep_active,ASM-BRK-OTT-72X22-CUSH,BROOKLYN OTTOMAN 22 X 72 CUSH,sub_assembly,live_in_both
keep_active,ASM-BRK-OTT-72X34-FRAME,BROOKLYN OTTOMAN 34 X 72 FRAME,sub_assembly,live_in_both
keep_active,ASM-BRK-OTT-72X34-CUSH,BROOKLYN OTTOMAN 34 X 72 CUSH,sub_assembly,live_in_both
keep_active,ASM-BRK-SOF-60X34-FRAME,"BROOKLYN SOFA 60"" x 34"" x 30"" BH FRAME",sub_assembly,live_in_both
keep_active,ASM-BRK-SOF-60X34-CUSH,"BROOKLYN SOFA 60"" x 34"" x 30"" BH CUSH",sub_assembly,live_in_both
keep_active,FIN-BRK-COR-SOF-72X34-LS,Brooklyn Corner Sofa 72 (Left Facing),finished_good,live_in_both
keep_active,FIN-BRK-COR-SOF-72X34-RS,Brooklyn Corner Sofa 72 (Right Facing),finished_good,live_in_both
keep_active,FIN-BRV-OTT-DKT-72X34,Bravada Ottoman 72 x 34 (Dekton Top),finished_good,live_in_both
keep_active,FIN-TAY-BST-24X23-BARSTOOLARMS,FIN-TAY-BST-24X23-BARSTOOLARMS,finished_good,live_in_both
keep_active,FIN-BRV-SGL-CHS-30X79,"BRAVADA SINGLE CHAISE LOUNGE 30"" x 79"" x 14"" SH",finished_good,live_in_both
keep_active,FIN-BRK-CHS-84X34-LS,Brooklyn Chaise 84 x 34 (Left Facing),finished_good,live_in_both
keep_active,FIN-TJM-CHA-MIBSTERCHAIR,FIN-TJM-CHA-MIBSTERCHAIR,finished_good,live_in_both
keep_active,FIN-BRV-OTT-34X34,"BRAVADA OTTOMAN 34"" x 34"" x 16""",finished_good,live_in_both
keep_active,FIN-BRV-OTT-DKT-60X34,Bravada Ottoman 60 x 34 (Dekton Top),finished_good,live_in_both
keep_active,FIN-BRK-SOF-60X34,"BROOKLYN SOFA 60"" x 34"" x 30"" BH",finished_good,live_in_both
keep_active,FIN-TJM-CHA-MOONCHAIR,FIN-TJM-CHA-MOONCHAIR,finished_good,live_in_both
keep_active,FIN-TJM-MIS-LAYLOLOUNGER,FIN-TJM-MIS-LAYLOLOUNGER,finished_good,live_in_both
keep_active,FIN-MLN-OTT-34X34,"MILAN OTTOMAN 34"" x 34"" x 16""",finished_good,live_in_both
keep_active,FIN-TJM-MIS-ONECOATED,FIN-TJM-MIS-ONECOATED,finished_good,live_in_both
keep_active,FIN-OCN-SID-TAB-13X30,"U SIDE TABLE 13"" x 30"" x 21""",finished_good,live_in_both
keep_active,FIN-DAI-TAB-108X56,"DAISY BASE OVAL TABLE 108"" X 56"" X 30""",finished_good,live_in_both
keep_active,FIN-DAI-BAR-TAB-42X120,"DAISY BASE TABLE (BAR HEIGHT) 42"" x 120"" x 42""",finished_good,live_in_both
keep_active,SA-BRO-L-FRAME,Brooklyn Loveseat Frame,sub_assembly,live_in_both
keep_active,FIN-BRK-CHS-84X42-LS,Brooklyn Chaise 84 x 42 (Left Facing),finished_good,live_in_both
keep_active,FIN-BRK-CHS-84X42-RS,Brooklyn Chaise 84 x 42 (Right Facing),finished_good,live_in_both
keep_active,FIN-WFT-DIN-TAB-36X120,"WATERFALL TABLE (DINING HEIGHT) 36"" x 120"" x 30""",finished_good,live_in_both
keep_active,FIN-BRV-OTT-DKT-72X22,Bravada Ottoman 72X22 (Dekton Top),finished_good,live_in_both
keep_active,FIN-BRK-CHS-84X34-RS,Brooklyn Chaise 84 x 34 (Right Facing),finished_good,live_in_both
keep_active,ASM-BRV-ARM-SOF-34X34-FRAME,"BRAVADA ARMLESS SOFA 34"" x 34"" x 31"" BH FRAME",sub_assembly,live_in_both
keep_active,ASM-BRV-ARM-SOF-34X34-CUSH,"BRAVADA ARMLESS SOFA 34"" x 34"" x 31"" BH CUSH",sub_assembly,live_in_both
keep_active,ASM-BRV-ARM-SOF-72X34-FRAME,"BRAVADA ARMLESS SOFA 72"" x 34"" x 31"" BH FRAME",sub_assembly,live_in_both
keep_active,ASM-BRV-ARM-SOF-72X34-CUSH,"BRAVADA ARMLESS SOFA 72"" x 34"" x 31"" BH CUSH",sub_assembly,live_in_both
keep_active,ASM-BRV-ARM-SOF-84X34-FRAME,"BRAVADA ARMLESS SOFA 84"" x 34"" x 31"" BH FRAME",sub_assembly,live_in_both
keep_active,ASM-BRK-BAR-TAB-120X36-FRAME,BROOKLYN TABLE (BAR HEIGHT) 36 X 120 FRAME,sub_assembly,live_in_both
keep_active,FIN-BRK-COR-SOF-96X34-LS,Brooklyn Corner Sofa 96 (Left Facing),finished_good,live_in_both
keep_active,ASM-BRK-BAR-TAB-28X120-FRAME,"BROOKLYN TABLE (BAR HEIGHT) 28"" x 120"" x 42"" FRAME",sub_assembly,live_in_both
keep_active,FIN-BRV-SOF-72X34,"BRAVADA SOFA 72"" x 34"" x 31"" BH",finished_good,live_in_both
keep_active,SA-BRO-CL-D-CUSH,Brooklyn Chaise Lounge Double Cushion,sub_assembly,live_in_both
keep_active,SA-BRO-CL-D-FRAME,Brooklyn Chaise Lounge Double Frame,sub_assembly,live_in_both
keep_active,SA-BRO-CL-S-CUSH,Brooklyn Chaise Lounge Single Cushion,sub_assembly,live_in_both
keep_active,SA-BRO-CL-S-FRAME,Brooklyn Chaise Lounge Single Frame,sub_assembly,live_in_both
keep_active,SA-BRO-CS-72-LS-CUSH,Brooklyn Corner Sofa 72 Cushion,sub_assembly,live_in_both
keep_active,SA-BRO-CS-72-LS-FRAME,Brooklyn Corner Sofa 72 Frame,sub_assembly,live_in_both
keep_active,SA-BRO-CS-72-RS-CUSH,Brooklyn Corner Sofa 72 Cushion,sub_assembly,live_in_both
keep_active,FIN-BRV-SOF-84X34,"BRAVADA SOFA 84"" x 34"" x 31"" BH",finished_good,live_in_both
keep_active,FIN-BRV-SWV-CHA-34X34,"BRAVADA SWIVEL CHAIR 34"" x 34"" x 31"" BH",finished_good,live_in_both
keep_active,FIN-BRK-LOV-SOF,Brooklyn Loveseat,finished_good,live_in_both
keep_active,FIN-BRK-SOF-96X34,"BROOKLYN SOFA 96"" x 34"" x 30"" BH",finished_good,live_in_both
keep_active,FIN-BRV-SGL-CHS-30X79-NOARM,Bravada Chaise Lounge Single (No Metal Arms),finished_good,live_in_both
keep_active,FIN-BRV-SOF-96X34,"BRAVADA SOFA 96"" x 34"" x 31"" BH",finished_good,live_in_both
keep_active,FIN-BRK-COR-SOF-96X34-RS,Brooklyn Corner Sofa 96 (Right Facing),finished_good,live_in_both
keep_active,ASM-BRK-BAR-TAB-120X28-FRAME,BROOKLYN TABLE (BAR HEIGHT) 28 X 120 FRAME,sub_assembly,live_in_both
keep_active,ASM-BRK-BAR-TAB-28X72-FRAME,"BROOKLYN TABLE (BAR HEIGHT) 28"" x 72"" x 42"" FRAME",sub_assembly,live_in_both
keep_active,ASM-BRK-BAR-TAB-28X96-FRAME,"BROOKLYN TABLE (BAR HEIGHT) 28"" x 96"" x 42"" FRAME",sub_assembly,live_in_both
keep_active,ASM-BRK-BAR-TAB-36X120-FRAME,"BROOKLYN TABLE (BAR HEIGHT) 36"" x 120"" x 42"" FRAME",sub_assembly,live_in_both
keep_active,ASM-BRK-BAR-TAB-36X36-FRAME,"STAR LEG TABLE (BAR HEIGHT) 36"" x 36"" x 42"" FRAME",sub_assembly,live_in_both
keep_active,ASM-BRK-BAR-TAB-36X72-FRAME,"BROOKLYN TABLE (BAR HEIGHT) 36"" x 72"" x 42"" FRAME",sub_assembly,live_in_both
keep_active,ASM-BRK-BAR-TAB-36X96-FRAME,"BROOKLYN TABLE (BAR HEIGHT) 36"" x 96"" x 42"" FRAME",sub_assembly,live_in_both
keep_active,SA-BRO-S-96-FRAME,Brooklyn Sofa 96 Frame,sub_assembly,live_in_both
keep_active,SA-BRO-TC-D-CUSH,Brooklyn Transitional Chaise Double Cushion,sub_assembly,live_in_both
keep_active,SA-BRO-TC-D-FRAME,Brooklyn Transitional Chaise Double Frame,sub_assembly,live_in_both
keep_active,SA-BRO-TC-S-CUSH,Brooklyn Transitional Chaise Single Cushion,sub_assembly,live_in_both
keep_active,SA-BRO-TC-S-FRAME,Brooklyn Transitional Chaise Single Frame,sub_assembly,live_in_both
keep_active,FIN-TJM-MIS-PILLOWLOUNGERS,FIN-TJM-MIS-PILLOWLOUNGERS,finished_good,live_in_both
keep_active,FIN-TJM-MIS-TWOCOATED,FIN-TJM-MIS-TWOCOATED,finished_good,live_in_both
keep_active,ASM-BRK-CNT-TAB-72X28-FRAME,BROOKLYN TABLE (COUNTER HEIGHT) 28 X 72 FRAME,sub_assembly,live_in_both
keep_active,ASM-BRK-CNT-TAB-72X36-FRAME,BROOKLYN TABLE (COUNTER HEIGHT) 36 X 72 FRAME,sub_assembly,live_in_both
keep_active,RM-PWD-GENERIC,Powder coat (generic placeholder),raw_material,live_in_both
keep_active,ASM-BRK-BAR-TAB-42X42-FRAME,"STAR LEG TABLE (BAR HEIGHT) 42"" x 42"" x 42"" FRAME",sub_assembly,live_in_both
keep_active,ASM-BRK-BAR-TAB-72X28-FRAME,BROOKLYN TABLE (BAR HEIGHT) 28 X 72 FRAME,sub_assembly,live_in_both
keep_active,ASM-BRK-BAR-TAB-72X36-FRAME,BROOKLYN TABLE (BAR HEIGHT) 36 X 72 FRAME,sub_assembly,live_in_both
keep_active,ASM-BRK-BAR-TAB-96X36-FRAME,BROOKLYN TABLE (BAR HEIGHT) 36 X 96 FRAME,sub_assembly,live_in_both
keep_active,ASM-BRK-BAR-TAB-98X28-FRAME,BROOKLYN TABLE (BAR HEIGHT) 28 X 96 FRAME,sub_assembly,live_in_both
keep_active,ASM-BRK-CNT-TAB-120X28-FRAME,BROOKLYN TABLE (COUNTER HEIGHT) 28 X 120 FRAME,sub_assembly,live_in_both
keep_active,ASM-BRK-CNT-TAB-120X36-FRAME,BROOKLYN TABLE (COUNTER HEIGHT) 36 X 120 FRAME,sub_assembly,live_in_both
keep_active,ASM-BRK-CNT-TAB-28X120-FRAME,"BROOKLYN TABLE (COUNTER HEIGHT) 28"" x 120"" x 36"" FRAME",sub_assembly,live_in_both
keep_active,ASM-BRK-CNT-TAB-28X72-FRAME,"BROOKLYN TABLE (COUNTER HEIGHT) 28"" x 72"" x 36"" FRAME",sub_assembly,live_in_both
keep_active,ASM-BRK-CNT-TAB-28X96-FRAME,"BROOKLYN TABLE (COUNTER HEIGHT) 28"" x 96"" x 36"" FRAME",sub_assembly,live_in_both
keep_active,ASM-BRK-CNT-TAB-36X120-FRAME,"BROOKLYN TABLE (COUNTER HEIGHT) 36"" x 120"" x 36"" FRAME",sub_assembly,live_in_both
keep_active,ASM-BRK-CNT-TAB-36X36-FRAME,"STAR LEG TABLE (COUNTER HEIGHT) 36"" x 36"" x 36"" FRAME",sub_assembly,live_in_both
keep_active,ASM-BRK-CNT-TAB-36X72-FRAME,"BROOKLYN TABLE (COUNTER HEIGHT) 36"" x 72"" x 36"" FRAME",sub_assembly,live_in_both
keep_active,ASM-BRK-CNT-TAB-36X96-FRAME,"BROOKLYN TABLE (COUNTER HEIGHT) 36"" x 96"" x 36"" FRAME",sub_assembly,live_in_both
keep_active,ASM-BRK-CNT-TAB-96X28-FRAME,BROOKLYN TABLE (COUNTER HEIGHT) 28 X 96 FRAME,sub_assembly,live_in_both
keep_active,ASM-BRK-CNT-TAB-96X36-FRAME,BROOKLYN TABLE (COUNTER HEIGHT) 36 X 96 FRAME,sub_assembly,live_in_both
keep_active,ASM-BRK-CNT-TAB-42X42-FRAME,"STAR LEG TABLE (COUNTER HEIGHT) 42"" x 42"" x 36"" FRAME",sub_assembly,live_in_both
keep_active,ASM-BRK-CNT-TAB-72X18-FRAME,BROOKLYN TABLE (COUNTER HEIGHT) 18 X 72 FRAME,sub_assembly,live_in_both
keep_active,ASM-BRK-COR-CHS-84X42-FRAME,"BROOKLYN CORNER CHAISE 84"" x 42"" x 30"" BH FRAME",sub_assembly,live_in_both
keep_active,ASM-BRK-COR-CHS-84X42-CUSH,"BROOKLYN CORNER CHAISE 84"" x 42"" x 30"" BH CUSH",sub_assembly,live_in_both
keep_active,ASM-BRK-DIN-TAB-120X28-FRAME,BROOKLYN TABLE (DINING HEIGHT) 28 X 120 FRAME,sub_assembly,live_in_both
keep_active,ASM-BRK-DIN-TAB-120X36-FRAME,BROOKLYN TABLE (DINING HEIGHT) 36 X 120 FRAME,sub_assembly,live_in_both
keep_active,ASM-BRK-DIN-TAB-28X120-FRAME,"BROOKLYN TABLE (DINING HEIGHT) 28"" x 120"" x 30"" FRAME",sub_assembly,live_in_both
keep_active,ASM-BRK-DIN-TAB-28X72-FRAME,"BROOKLYN TABLE (DINING HEIGHT) 28"" x 72"" x 30"" FRAME",sub_assembly,live_in_both
keep_active,ASM-BRK-DIN-TAB-28X96-FRAME,"BROOKLYN TABLE (DINING HEIGHT) 28"" x 96"" x 30"" FRAME",sub_assembly,live_in_both
keep_active,ASM-BRK-DIN-TAB-36X120-FRAME,"BROOKLYN TABLE (DINING HEIGHT) 36"" x 120"" x 30"" FRAME",sub_assembly,live_in_both
keep_active,ASM-BRV-ARM-SOF-84X34-CUSH,"BRAVADA ARMLESS SOFA 84"" x 34"" x 31"" BH CUSH",sub_assembly,live_in_both
keep_active,ASM-BRV-ARM-SOF-96X34-FRAME,"BRAVADA ARMLESS SOFA 96"" x 34"" x 31"" BH FRAME",sub_assembly,live_in_both
keep_active,ASM-BRV-ARM-SOF-96X34-CUSH,"BRAVADA ARMLESS SOFA 96"" x 34"" x 31"" BH CUSH",sub_assembly,live_in_both
keep_active,ASM-BRV-BCH-96X34-FRAME,"BRAVADA ROUNDED BENCH 96"" X 34"" X 18"" SH FRAME",sub_assembly,live_in_both
keep_active,ASM-BRV-BCH-96X34-CUSH,"BRAVADA ROUNDED BENCH 96"" X 34"" X 18"" SH CUSH",sub_assembly,live_in_both
keep_active,ASM-BRV-COF-TAB-28X42-FRAME,"BRAVADA COFFEE TABLE 28"" x 42"" x 17"" FRAME",sub_assembly,live_in_both
keep_active,ASM-BRV-COF-TAB-36X56-FRAME,"BRAVADA COFFEE TABLE 36"" x 56"" x 17"" FRAME",sub_assembly,live_in_both
keep_active,ASM-BRV-COF-TAB-42X56-FRAME,"BRAVADA COFFEE TABLE 42"" x 56"" x 17"" FRAME",sub_assembly,live_in_both
keep_active,ASM-BRV-COF-TAB-42X72-FRAME,"BRAVADA COFFEE TABLE 42"" x 72"" x 17"" FRAME",sub_assembly,live_in_both
keep_active,ASM-BRV-COF-TAB-56X72-FRAME,"BRAVADA COFFEE TABLE 56"" x 72"" x 17"" FRAME",sub_assembly,live_in_both
keep_active,ASM-BRV-COR-CHS-72X34-FRAME,"BRAVADA CORNER CHAISE 72"" x 34"" x 31"" BH FRAME",sub_assembly,live_in_both
keep_active,ASM-BRV-COR-CHS-72X34-CUSH,"BRAVADA CORNER CHAISE 72"" x 34"" x 31"" BH CUSH",sub_assembly,live_in_both
keep_active,ASM-BRV-COR-CHS-84X34-FRAME,"BRAVADA CORNER CHAISE 84"" x 34"" x 31"" BH FRAME",sub_assembly,live_in_both
keep_active,ASM-BRV-COR-CHS-84X34-CUSH,"BRAVADA CORNER CHAISE 84"" x 34"" x 31"" BH CUSH",sub_assembly,live_in_both
keep_active,ASM-BRV-DYB-84X72-FRAME,"BRAVADA DAYBED 84"" x 72"" x 27"" BH FRAME",sub_assembly,live_in_both
keep_active,ASM-BRV-DYB-84X72-CUSH,"BRAVADA DAYBED 84"" x 72"" x 27"" BH CUSH",sub_assembly,live_in_both
keep_active,ASM-BRV-DYB-84X84-FRAME,"BRAVADA ROUND DAYBED 84"" DIAMETER FRAME",sub_assembly,live_in_both
keep_active,ASM-BRV-DYB-84X84-CUSH,"BRAVADA ROUND DAYBED 84"" DIAMETER CUSH",sub_assembly,live_in_both
keep_active,ASM-BRV-OTT-22X30-FRAME,"BRAVADA OTTOMAN 22"" x 30"" x 16"" FRAME",sub_assembly,live_in_both
keep_active,ASM-BRV-OTT-22X30-CUSH,"BRAVADA OTTOMAN 22"" x 30"" x 16"" CUSH",sub_assembly,live_in_both
keep_active,ASM-BRV-OTT-22X42-FRAME,"BRAVADA OTTOMAN 22"" x 42"" x 16"" FRAME",sub_assembly,live_in_both
keep_active,ASM-BRV-OTT-22X42-CUSH,"BRAVADA OTTOMAN 22"" x 42"" x 16"" CUSH",sub_assembly,live_in_both
keep_active,ASM-BRV-OTT-22X60-FRAME,"BRAVADA OTTOMAN 22"" x 60"" x 16"" FRAME",sub_assembly,live_in_both
keep_active,ASM-BRV-OTT-22X60-CUSH,"BRAVADA OTTOMAN 22"" x 60"" x 16"" CUSH",sub_assembly,live_in_both
keep_active,ASM-BRV-OTT-22X72-FRAME,"BRAVADA OTTOMAN 22"" x 72"" x 16"" FRAME",sub_assembly,live_in_both
keep_active,ASM-BRV-OTT-22X72-CUSH,"BRAVADA OTTOMAN 22"" x 72"" x 16"" CUSH",sub_assembly,live_in_both
keep_active,ASM-BRV-OTT-34X42-FRAME,"BRAVADA OTTOMAN 34"" x 42"" x 16"" FRAME",sub_assembly,live_in_both
keep_active,ASM-BRV-OTT-34X42-CUSH,"BRAVADA OTTOMAN 34"" x 42"" x 16"" CUSH",sub_assembly,live_in_both
keep_active,ASM-BRV-OTT-34X60-FRAME,"BRAVADA OTTOMAN 34"" x 60"" x 16"" FRAME",sub_assembly,live_in_both
keep_active,ASM-BRV-OTT-34X60-CUSH,"BRAVADA OTTOMAN 34"" x 60"" x 16"" CUSH",sub_assembly,live_in_both
keep_active,ASM-BRV-OTT-34X72-FRAME,"BRAVADA OTTOMAN 34"" x 72"" x 16"" FRAME",sub_assembly,live_in_both
keep_active,ASM-BRV-OTT-34X72-CUSH,"BRAVADA OTTOMAN 34"" x 72"" x 16"" CUSH",sub_assembly,live_in_both
keep_active,ASM-BRV-OVS-CHS-72X42-FRAME,"BRAVADA OVERSIZED CHAISE 72"" x 42"" x 31"" BH FRAME",sub_assembly,live_in_both
keep_active,ASM-BRV-OVS-CHS-72X42-CUSH,"BRAVADA OVERSIZED CHAISE 72"" x 42"" x 31"" BH CUSH",sub_assembly,live_in_both
keep_active,ASM-BRV-OVS-CHS-84X42-FRAME,"BRAVADA OVERSIZED CHAISE 84"" x 42"" x 31"" BH FRAME",sub_assembly,live_in_both
keep_active,ASM-BRV-OVS-CHS-84X42-CUSH,"BRAVADA OVERSIZED CHAISE 84"" x 42"" x 31"" BH CUSH",sub_assembly,live_in_both
keep_active,ASM-BRV-SWV-CHA-FRAME,BRAVADA SWIVEL CHAIR W/DEKTON SIDEARM FRAME,sub_assembly,live_in_both
keep_active,ASM-BRV-SWV-CHA-CUSH,BRAVADA SWIVEL CHAIR W/DEKTON SIDEARM CUSH,sub_assembly,live_in_both
keep_active,ASM-CAB-DYB-84X84-FRAME,"CABANA DAYBED 84"" x 84"" x 78"" FRAME",sub_assembly,live_in_both
keep_active,ASM-CAB-DYB-84X84-CUSH,"CABANA DAYBED 84"" x 84"" x 78"" CUSH",sub_assembly,live_in_both
keep_active,ASM-CAB-MIS-10X10-FRAME,CABANA 10' X 10' X 9' w/Sunbrella Top & Curtains FRAME,sub_assembly,live_in_both
keep_active,ASM-CAB-MIS-10X10-CUSH,CABANA 10' X 10' X 9' w/Sunbrella Top & Curtains CUSH,sub_assembly,live_in_both
keep_active,ASM-CUS-OTT-22X72-FRAME,"CUSTOM STORAGE OTTOMAN 22"" x 72"" x 23"" FRAME",sub_assembly,live_in_both
keep_active,ASM-CUS-OTT-22X72-CUSH,"CUSTOM STORAGE OTTOMAN 22"" x 72"" x 23"" CUSH",sub_assembly,live_in_both
keep_active,ASM-CUS-OTT-23X82-FRAME,"CUSTOM STORAGE OTTOMAN 23"" x 82"" FRAME",sub_assembly,live_in_both
keep_active,ASM-CUS-OTT-23X82-CUSH,"CUSTOM STORAGE OTTOMAN 23"" x 82"" CUSH",sub_assembly,live_in_both
keep_active,ASM-CUS-OTT-72X22-FRAME,CUSTOM STORAGE OTTOMAN 22 X 72 FRAME,sub_assembly,live_in_both
keep_active,ASM-CUS-OTT-72X22-CUSH,CUSTOM STORAGE OTTOMAN 22 X 72 CUSH,sub_assembly,live_in_both
keep_active,ASM-CUS-OTT-82X23-FRAME,CUSTOM STORAGE OTTOMAN 23 X 82 FRAME,sub_assembly,live_in_both
keep_active,ASM-CUS-OTT-82X23-CUSH,CUSTOM STORAGE OTTOMAN 23 X 82 CUSH,sub_assembly,live_in_both
keep_active,ASM-DAI-BAR-TAB-120X42-FRAME,DAISY BASE TABLE (BAR HEIGHT) 42 X 120 FRAME,sub_assembly,live_in_both
keep_active,ASM-DAI-BAR-TAB-120X56-FRAME,DAISY BASE TABLE (BAR HEIGHT) 56 X 120 FRAME,sub_assembly,live_in_both
keep_active,ASM-DAI-BAR-TAB-42X120-FRAME,"DAISY BASE TABLE (BAR HEIGHT) 42"" x 120"" x 42"" FRAME",sub_assembly,live_in_both
keep_active,ASM-DAI-BAR-TAB-42X72-FRAME,"DAISY BASE TABLE (BAR HEIGHT) 42"" x 72"" x 42"" FRAME",sub_assembly,live_in_both
keep_active,ASM-DAI-BAR-TAB-42X96-FRAME,"DAISY BASE TABLE (BAR HEIGHT) 42"" x 96"" x 42"" FRAME",sub_assembly,live_in_both
keep_active,ASM-DAI-BAR-TAB-56X120-FRAME,"DAISY BASE TABLE (BAR HEIGHT) 56"" x 120"" x 42"" FRAME",sub_assembly,live_in_both
keep_active,ASM-DAI-BAR-TAB-56X56-FRAME,"DAISY BASE TABLE (BAR HEIGHT) 56"" x 56"" x 42"" FRAME",sub_assembly,live_in_both
keep_active,ASM-DAI-BAR-TAB-56X72-FRAME,"DAISY BASE TABLE (BAR HEIGHT) 56"" x 72"" x 42"" FRAME",sub_assembly,live_in_both
keep_active,ASM-DAI-BAR-TAB-56X96-FRAME,"DAISY BASE TABLE (BAR HEIGHT) 56"" x 96"" x 42"" FRAME",sub_assembly,live_in_both
keep_active,ASM-DAI-BAR-TAB-72X42-FRAME,DAISY BASE TABLE (BAR HEIGHT) 42 X 72 FRAME,sub_assembly,live_in_both
keep_active,ASM-DAI-BAR-TAB-72X56-FRAME,DAISY BASE TABLE (BAR HEIGHT) 56 X 72 FRAME,sub_assembly,live_in_both
keep_active,ASM-DAI-BAR-TAB-96X42-FRAME,DAISY BASE TABLE (BAR HEIGHT) 42 X 96 FRAME,sub_assembly,live_in_both
keep_active,ASM-DAI-BAR-TAB-96X56-FRAME,DAISY BASE TABLE (BAR HEIGHT) 56 X 96 FRAME,sub_assembly,live_in_both
keep_active,ASM-DAI-CNT-TAB-120X42-FRAME,DAISY BASE TABLE (COUNTER HEIGHT) 42 X 120 FRAME,sub_assembly,live_in_both
keep_active,ASM-DAI-CNT-TAB-120X56-FRAME,DAISY BASE TABLE (COUNTER HEIGHT) 56 X 120 FRAME,sub_assembly,live_in_both
keep_active,ASM-DAI-CNT-TAB-42X120-FRAME,"DAISY BASE TABLE (COUNTER HEIGHT) 42"" x 120"" x 36"" FRAME",sub_assembly,live_in_both
keep_active,ASM-DAI-CNT-TAB-42X72-FRAME,"DAISY BASE TABLE (COUNTER HEIGHT) 42"" x 72"" x 36"" FRAME",sub_assembly,live_in_both
keep_active,ASM-DAI-CNT-TAB-42X96-FRAME,"DAISY BASE TABLE (COUNTER HEIGHT) 42"" x 96"" x 36"" FRAME",sub_assembly,live_in_both
keep_active,ASM-DAI-CNT-TAB-56X120-FRAME,"DAISY BASE TABLE (COUNTER HEIGHT) 56"" x 120"" x 36"" FRAME",sub_assembly,live_in_both
keep_active,ASM-DAI-CNT-TAB-56X56-FRAME,"DAISY BASE TABLE (COUNTER HEIGHT) 56"" x 56"" x 36"" FRAME",sub_assembly,live_in_both
keep_active,ASM-DAI-CNT-TAB-56X72-FRAME,"DAISY BASE TABLE (COUNTER HEIGHT) 56"" x 72"" x 36"" FRAME",sub_assembly,live_in_both
keep_active,ASM-DAI-CNT-TAB-56X96-FRAME,"DAISY BASE TABLE (COUNTER HEIGHT) 56"" x 96"" x 36"" FRAME",sub_assembly,live_in_both
keep_active,ASM-DAI-CNT-TAB-72X42-FRAME,DAISY BASE TABLE (COUNTER HEIGHT) 42 X 72 FRAME,sub_assembly,live_in_both
keep_active,ASM-DAI-CNT-TAB-72X56-FRAME,DAISY BASE TABLE (COUNTER HEIGHT) 56 X 72 FRAME,sub_assembly,live_in_both
keep_active,ASM-DAI-CNT-TAB-96X42-FRAME,DAISY BASE TABLE (COUNTER HEIGHT) 42 X 96 FRAME,sub_assembly,live_in_both
keep_active,ASM-DAI-CNT-TAB-96X56-FRAME,DAISY BASE TABLE (COUNTER HEIGHT) 56 X 96 FRAME,sub_assembly,live_in_both
keep_active,ASM-DAI-DIN-TAB-120X42-FRAME,DAISY BASE TABLE (DINING HEIGHT) 42 X 120 FRAME,sub_assembly,live_in_both
keep_active,ASM-DAI-DIN-TAB-120X56-FRAME,DAISY BASE TABLE (DINING HEIGHT) 56 X 120 FRAME,sub_assembly,live_in_both
keep_active,ASM-DAI-DIN-TAB-42X30-FRAME,"DAISY BASE ROUND TABLE (DINING HEIGHT) 42"" x 30"" FRAME",sub_assembly,live_in_both
keep_active,ASM-DAI-DIN-TAB-42X42-FRAME,DAISY BASE ROUND TABLE (DINING HEIGHT) 42 FRAME,sub_assembly,live_in_both
keep_active,ASM-DAI-DIN-TAB-56X30-FRAME,"DAISY BASE ROUND TABLE (DINING HEIGHT) 56"" x 30"" FRAME",sub_assembly,live_in_both
keep_active,ASM-DAI-DIN-TAB-56X56-FRAME,DAISY BASE TABLE (DINING HEIGHT) 56 X 56 FRAME,sub_assembly,live_in_both
keep_active,ASM-DAI-DIN-TAB-56X72-FRAME,"DAISY BASE TABLE (DINING HEIGHT) 56"" x 72"" x 30"" FRAME",sub_assembly,live_in_both
keep_active,ASM-DAI-DIN-TAB-56X96-FRAME,"DAISY BASE TABLE (DINING HEIGHT) 56"" x 96"" x 30"" FRAME",sub_assembly,live_in_both
keep_active,ASM-DAI-DIN-TAB-72X42-FRAME,DAISY BASE TABLE (DINING HEIGHT) 42 X 72 FRAME,sub_assembly,live_in_both
keep_active,ASM-DAI-DIN-TAB-72X56-FRAME,DAISY BASE TABLE (DINING HEIGHT) 56 X 72 FRAME,sub_assembly,live_in_both
keep_active,ASM-DAI-DIN-TAB-96X42-FRAME,DAISY BASE TABLE (DINING HEIGHT) 42 X 96 FRAME,sub_assembly,live_in_both
keep_active,ASM-DAI-DIN-TAB-96X56-FRAME,DAISY BASE TABLE (DINING HEIGHT) 56 X 96 FRAME,sub_assembly,live_in_both
keep_active,ASM-DAI-FIR-TAB-42X42-FRAME,"PROPANE FIRE PIT TABLE 42"" x 42"" x 21"" FRAME",sub_assembly,live_in_both
keep_active,ASM-DAI-FIR-TAB-56X42-FRAME,"PROPANE FIRE PIT TABLE 56"" x 42"" x 21"" FRAME",sub_assembly,live_in_both
keep_active,ASM-DAI-FIR-TAB-84X56-FRAME,"DAISY BASE FIRE PIT DINING TABLE 84"" x 56"" x 30"" FRAME",sub_assembly,live_in_both
keep_active,ASM-DAI-FIR-TAB-96X56-FRAME,"DAISY BASE FIRE PIT DINING TABLE 96"" x 56"" x 30"" FRAME",sub_assembly,live_in_both
keep_active,ASM-DAI-TAB-108X56-FRAME,"DAISY BASE OVAL TABLE 108"" X 56"" X 30"" FRAME",sub_assembly,live_in_both
keep_active,ASM-DAI-TAB-72X42-FRAME,Daisy Base Table 72 x 42 Dining Height FRAME,sub_assembly,live_in_both
keep_active,ASM-ESY-CHS-FRAME,ADD-ON WHEELS FOR CHAISE LOUNGERS FRAME,sub_assembly,live_in_both
keep_active,ASM-ESY-CHS-CUSH,ADD-ON WHEELS FOR CHAISE LOUNGERS CUSH,sub_assembly,live_in_both
keep_active,ASM-FLY-BCH-42X18-FRAME,FLY LEG BENCH (BAR HEIGHT) 42 FRAME,sub_assembly,live_in_both
keep_active,ASM-FLY-BCH-42X18-CUSH,FLY LEG BENCH (BAR HEIGHT) 42 CUSH,sub_assembly,live_in_both
keep_active,ASM-FLY-DIN-CHA-18X18-FRAME,FLY LEG CHAIR (DINING HEIGHT) FRAME,sub_assembly,live_in_both
keep_active,ASM-FLY-DIN-CHA-18X18-CUSH,FLY LEG CHAIR (DINING HEIGHT) CUSH,sub_assembly,live_in_both
keep_active,ASM-FLY-FLY-BST-18X18-FRAME,FLY LEG BARSTOOL (BAR HEIGHT) FRAME,sub_assembly,live_in_both
keep_active,ASM-FLY-FLY-BST-18X18-CUSH,FLY LEG BARSTOOL (BAR HEIGHT) CUSH,sub_assembly,live_in_both
keep_active,ASM-FLY-LEG-BAR-COU-HEI-FRAME,FLY LEG BARSTOOL (COUNTER HEIGHT) FRAME,sub_assembly,live_in_both
keep_active,ASM-FLY-LEG-BAR-COU-HEI-CUSH,FLY LEG BARSTOOL (COUNTER HEIGHT) CUSH,sub_assembly,live_in_both
keep_active,ASM-FLY-LEG-BEN-COU-HEI-42-FRAME,FLY LEG BENCH (COUNTER HEIGHT) 42 FRAME,sub_assembly,live_in_both
keep_active,ASM-FLY-LEG-BEN-COU-HEI-42-CUSH,FLY LEG BENCH (COUNTER HEIGHT) 42 CUSH,sub_assembly,live_in_both
keep_active,ASM-FLY-LEG-BEN-DIN-HEI-42-FRAME,FLY LEG BENCH (DINING HEIGHT) 42 FRAME,sub_assembly,live_in_both
keep_active,ASM-FLY-LEG-BEN-DIN-HEI-42-CUSH,FLY LEG BENCH (DINING HEIGHT) 42 CUSH,sub_assembly,live_in_both
keep_active,ASM-FLY-TAB-38X8-FRAME,FLY TABLE 8 FRAME,sub_assembly,live_in_both
keep_active,ASM-FLY-TAB-60X12-FRAME,FLY TABLE 60 FRAME,sub_assembly,live_in_both
keep_active,ASM-FLY-TAB-72X12-FRAME,FLY TABLE 72 FRAME,sub_assembly,live_in_both
keep_active,ASM-FLY-TAB-84X12-FRAME,FLY TABLE 84 FRAME,sub_assembly,live_in_both
keep_active,ASM-FLY-TAB-96X12-FRAME,FLY TABLE 96 FRAME,sub_assembly,live_in_both
keep_active,ASM-HAL-BAC-BAR-BAR-HEI-FRAME,HALF BACK BARSTOOL (BAR HEIGHT) FRAME,sub_assembly,live_in_both
keep_active,ASM-HAL-BAC-BAR-BAR-HEI-CUSH,HALF BACK BARSTOOL (BAR HEIGHT) CUSH,sub_assembly,live_in_both
keep_active,ASM-LED-CHA-FRAME,LEDGE LOUNGER SIGNATURE LOWBACK CHAIR FRAME,sub_assembly,live_in_both
keep_active,ASM-LED-CHA-CUSH,LEDGE LOUNGER SIGNATURE LOWBACK CHAIR CUSH,sub_assembly,live_in_both
keep_active,ASM-LED-SID-TAB-FRAME,LEDGE LOUNGER AUTOGRAPH SIDE TABLE FRAME,sub_assembly,live_in_both
keep_active,ASM-MIS-DIN-BCH-72X22-FRAME,DINING BENCH W/NO ARMS 72 X 22 FRAME,sub_assembly,live_in_both
keep_active,ASM-MIS-DIN-BCH-72X22-CUSH,DINING BENCH W/NO ARMS 72 X 22 CUSH,sub_assembly,live_in_both
keep_active,ASM-MIS-DIN-BCH-96X22-FRAME,DINING BENCH W/NO ARMS 96 X 22 FRAME,sub_assembly,live_in_both
keep_active,ASM-MIS-DIN-BCH-96X22-CUSH,DINING BENCH W/NO ARMS 96 X 22 CUSH,sub_assembly,live_in_both
keep_active,ASM-MIS-DIN-CHA-17X21-FRAME,HALF BACK CHAIR (DINING HEIGHT FRAME,sub_assembly,live_in_both
keep_active,ASM-MIS-DIN-CHA-17X21-CUSH,HALF BACK CHAIR (DINING HEIGHT CUSH,sub_assembly,live_in_both
keep_active,ASM-MIS-FIR-TAB-42X42-FRAME,PROPANE FIRE PIT TABLE 42 X 42 FRAME,sub_assembly,live_in_both
keep_active,ASM-MIS-FLY-BST-17X21-FRAME,HALF BACK BARSTOOL (COUNTER HEIGHT) FRAME,sub_assembly,live_in_both
keep_active,ASM-MIS-FLY-BST-17X21-CUSH,HALF BACK BARSTOOL (COUNTER HEIGHT) CUSH,sub_assembly,live_in_both
keep_active,ASM-MIS-OTT-22X22-FRAME,"CUBE OTTOMAN 22"" x 22"" x 16"" FRAME",sub_assembly,live_in_both
keep_active,ASM-MIS-OTT-22X22-CUSH,"CUBE OTTOMAN 22"" x 22"" x 16"" CUSH",sub_assembly,live_in_both
keep_active,ASM-MIS-SID-TAB-13X30-FRAME,U SIDE TABLE FRAME,sub_assembly,live_in_both
keep_active,ASM-MIS-TAB-13X30-FRAME,T TABLE FRAME,sub_assembly,live_in_both
keep_active,ASM-MLN-CLB-CHA-32X36-FRAME,"MILAN CLUB CHAIR 32"" x 36"" x 16"" SH FRAME",sub_assembly,live_in_both
keep_active,ASM-MLN-CLB-CHA-32X36-CUSH,"MILAN CLUB CHAIR 32"" x 36"" x 16"" SH CUSH",sub_assembly,live_in_both
keep_active,ASM-MLN-OTT-22X60-FRAME,"MILAN OTTOMAN 22"" x 60"" x 16"" FRAME",sub_assembly,live_in_both
keep_active,ASM-MLN-OTT-22X60-CUSH,"MILAN OTTOMAN 22"" x 60"" x 16"" CUSH",sub_assembly,live_in_both
keep_active,ASM-MLN-OTT-22X72-FRAME,"MILAN OTTOMAN 22"" x 72"" x 16"" FRAME",sub_assembly,live_in_both
keep_active,ASM-MLN-OTT-22X72-CUSH,"MILAN OTTOMAN 22"" x 72"" x 16"" CUSH",sub_assembly,live_in_both
keep_active,ASM-MLN-OTT-34X34-FRAME,"MILAN OTTOMAN 34"" x 34"" x 16"" FRAME",sub_assembly,live_in_both
keep_active,ASM-MLN-OTT-34X34-CUSH,"MILAN OTTOMAN 34"" x 34"" x 16"" CUSH",sub_assembly,live_in_both
keep_active,ASM-MLN-OTT-34X72-CUSH,"MILAN OTTOMAN 34"" x 72"" x 16"" CUSH",sub_assembly,live_in_both
keep_active,ASM-MLN-OTT-56X42-FRAME,"MILAN OTTOMAN 56"" x 42"" x 16"" FRAME",sub_assembly,live_in_both
keep_active,ASM-MLN-OTT-56X42-CUSH,"MILAN OTTOMAN 56"" x 42"" x 16"" CUSH",sub_assembly,live_in_both
keep_active,ASM-MLN-SOF-60X62-FRAME,"MILAN DOUBLE-SIDED SOFA 60"" x 62"" x 16"" SH FRAME",sub_assembly,live_in_both
keep_active,ASM-MLN-SOF-60X62-CUSH,"MILAN DOUBLE-SIDED SOFA 60"" x 62"" x 16"" SH CUSH",sub_assembly,live_in_both
keep_active,ASM-MLN-SOF-62X42-FRAME,"MILAN T-SHAPED SOFA 62"" x 42"" x 22"" x 16"" SH FRAME",sub_assembly,live_in_both
keep_active,ASM-MLN-SOF-62X42-CUSH,"MILAN T-SHAPED SOFA 62"" x 42"" x 22"" x 16"" SH CUSH",sub_assembly,live_in_both
keep_active,ASM-MLN-SOF-72X36-FRAME,"MILAN ONE-SIDED SOFA 72"" x 36"" x 16"" SH FRAME",sub_assembly,live_in_both
keep_active,ASM-MLN-SOF-72X36-CUSH,"MILAN ONE-SIDED SOFA 72"" x 36"" x 16"" SH CUSH",sub_assembly,live_in_both
keep_active,ASM-MLN-SOF-84X36-FRAME,"MILAN ONE SIDED SOFA 84"" x 36"" x 16"" SH FRAME",sub_assembly,live_in_both
keep_active,ASM-MLN-SOF-84X36-CUSH,"MILAN ONE SIDED SOFA 84"" x 36"" x 16"" SH CUSH",sub_assembly,live_in_both
keep_active,ASM-MLN-SOF-96X36-FRAME,"MILAN ONE-SIDED SOFA 96"" x 36"" x 16"" SH FRAME",sub_assembly,live_in_both
keep_active,ASM-MLN-SOF-96X36-CUSH,"MILAN ONE-SIDED SOFA 96"" x 36"" x 16"" SH CUSH",sub_assembly,live_in_both
keep_active,ASM-MLN-TAB-56X14-FRAME,"OCCASIONAL TABLE 56""x14""x36"" FRAME",sub_assembly,live_in_both
keep_active,ASM-OCC-TAB-56X14-FRAME,OCCASIONAL TABLE FRAME,sub_assembly,live_in_both
keep_active,ASM-OCN-COF-TAB-28X42-FRAME,"OCEAN COFFEE TABLE 28"" x 42"" x 17"" FRAME",sub_assembly,live_in_both
keep_active,ASM-OCN-COF-TAB-28X56-FRAME,"OCEAN COFFEE TABLE 28"" x 56"" x 17"" FRAME",sub_assembly,live_in_both
keep_active,ASM-OCN-COF-TAB-36X56-FRAME,"OCEAN COFFEE TABLE 36"" x 56"" x 17"" FRAME",sub_assembly,live_in_both
keep_active,ASM-OCN-COF-TAB-36X72-FRAME,"OCEAN COFFEE TABLE 36"" x 72"" x 17"" FRAME",sub_assembly,live_in_both
keep_active,ASM-OCN-COF-TAB-42X56-FRAME,"OCEAN COFFEE TABLE 42"" x 56"" x 17"" FRAME",sub_assembly,live_in_both
keep_active,ASM-OCN-COF-TAB-42X72-FRAME,"OCEAN COFFEE TABLE 42"" x 72"" x 17"" FRAME",sub_assembly,live_in_both
keep_active,ASM-OCN-COF-TAB-56X72-FRAME,"OCEAN COFFEE TABLE 56"" x 72"" x 17"" FRAME",sub_assembly,live_in_both
keep_active,ASM-OCN-MIN-LOV-FRAME,Ocean Mini Loveseat FRAME,sub_assembly,live_in_both
keep_active,ASM-OCN-MIN-LOV-CUSH,Ocean Mini Loveseat CUSH,sub_assembly,live_in_both
keep_active,ASM-OCN-MIN-LOV-48X38-FRAME,"OCEAN MINI LOVESEAT 48"" x 38"" x 33"" BH FRAME",sub_assembly,live_in_both
keep_active,ASM-OCN-MIN-LOV-48X38-CUSH,"OCEAN MINI LOVESEAT 48"" x 38"" x 33"" BH CUSH",sub_assembly,live_in_both
keep_active,ASM-OCN-SID-TAB-12-FRAME,ANGULAR SIDE TABLE FRAME,sub_assembly,live_in_both
keep_active,ASM-OCN-SID-TAB-13X30-FRAME,"U SIDE TABLE 13"" x 30"" x 21"" FRAME",sub_assembly,live_in_both
keep_active,ASM-OCN-SID-TAB-32X32-FRAME,"TRIANGLE SIDE TABLE 32"" x 32"" x 17"" FRAME",sub_assembly,live_in_both
keep_active,ASM-OCN-SID-TAB-36X17-FRAME,"OCEAN ROUND SIDE TABLE 36"" x 17"" FRAME",sub_assembly,live_in_both
keep_active,ASM-OCN-SWV-CHA-FRAME,Ocean Swivel Chair FRAME,sub_assembly,live_in_both
keep_active,ASM-OCN-SWV-CHA-CUSH,Ocean Swivel Chair CUSH,sub_assembly,live_in_both
keep_active,ASM-OCN-SWV-CHA-34X38-FRAME,"OCEAN SWIVEL CHAIR 34"" x 38"" x 33"" BH FRAME",sub_assembly,live_in_both
keep_active,ASM-OCN-SWV-CHA-34X38-CUSH,"OCEAN SWIVEL CHAIR 34"" x 38"" x 33"" BH CUSH",sub_assembly,live_in_both
keep_active,ASM-OCN-TAB-13X30-FRAME,"T TABLE 13"" x 30"" x 16"" FRAME",sub_assembly,live_in_both
keep_active,ASM-OCN-TAB-34X12-FRAME,"FLY TABLE 34"" X 12"" FRAME",sub_assembly,live_in_both
keep_active,ASM-OCN-TAB-72X12-FRAME,"FLY TABLE 72"" X 12"" FRAME",sub_assembly,live_in_both
keep_active,ASM-OCN-TAB-84X12-FRAME,"FLY TABLE 84"" X 12"" FRAME",sub_assembly,live_in_both
keep_active,ASM-OCN-TAB-96X12-FRAME,"FLY TABLE 96"" X 12"" FRAME",sub_assembly,live_in_both
keep_active,ASM-STA-BAR-TAB-36X36-FRAME,STAR LEG TABLE (BAR HEIGHT) 36 X 36 FRAME,sub_assembly,live_in_both
keep_active,ASM-STA-BAR-TAB-42X42-FRAME,STAR LEG TABLE (BAR HEIGHT) 42 X 42 FRAME,sub_assembly,live_in_both
keep_active,ASM-STA-BAR-TAB-72X36-FRAME,STAR LEG TABLE (BAR HEIGHT) 36 X 72 FRAME,sub_assembly,live_in_both
keep_active,ASM-STA-CNT-TAB-36X36-FRAME,STAR LEG TABLE (COUNTER HEIGHT) 36 X 36 FRAME,sub_assembly,live_in_both
keep_active,ASM-STA-CNT-TAB-42X42-FRAME,STAR LEG TABLE (COUNTER HEIGHT) 42 X 42 FRAME,sub_assembly,live_in_both
keep_active,ASM-STA-CNT-TAB-72X36-FRAME,STAR LEG TABLE (COUNTER HEIGHT) 36 X 72 FRAME,sub_assembly,live_in_both
keep_active,ASM-STA-DIN-TAB-36X36-FRAME,STAR LEG TABLE (DINING HEIGHT) 36 X 36 FRAME,sub_assembly,live_in_both
keep_active,ASM-STA-DIN-TAB-42X42-FRAME,STAR LEG TABLE (DINING HEIGHT) 42 X 42 FRAME,sub_assembly,live_in_both
keep_active,ASM-STA-DIN-TAB-72X36-FRAME,STAR LEG TABLE (DINING HEIGHT) 36 X 72 FRAME,sub_assembly,live_in_both
keep_active,ASM-TAY-BAR-W-ARM-COU-HEI-FRAME,TAYLOR BARSTOOL W/ARMS (COUNTER HEIGHT) FRAME,sub_assembly,live_in_both
keep_active,ASM-TAY-BAR-W-ARM-COU-HEI-CUSH,TAYLOR BARSTOOL W/ARMS (COUNTER HEIGHT) CUSH,sub_assembly,live_in_both
keep_active,ASM-TAY-BCH-24X23-FRAME,"TAYLOR BENCH (BAR HEIGHT) 24"" x 23"" x 42"" SH FRAME",sub_assembly,live_in_both
keep_active,ASM-TAY-BCH-24X23-CUSH,"TAYLOR BENCH (BAR HEIGHT) 24"" x 23"" x 42"" SH CUSH",sub_assembly,live_in_both
keep_active,ASM-TAY-BCH-42X23-FRAME,"TAYLOR BENCH (COUNTER HEIGHT) 42"" x 23"" x 24"" SH FRAME",sub_assembly,live_in_both
keep_active,ASM-TAY-BCH-42X23-CUSH,"TAYLOR BENCH (COUNTER HEIGHT) 42"" x 23"" x 24"" SH CUSH",sub_assembly,live_in_both
keep_active,ASM-TAY-BCH-72X23-FRAME,"TAYLOR BENCH (BAR HEIGHT) 72"" x 23"" x 30"" SH FRAME",sub_assembly,live_in_both
keep_active,ASM-TAY-BCH-72X23-CUSH,"TAYLOR BENCH (BAR HEIGHT) 72"" x 23"" x 30"" SH CUSH",sub_assembly,live_in_both
keep_active,ASM-TAY-BEN-BAR-HEI-72-FRAME,TAYLOR BENCH (BAR HEIGHT) 72 FRAME,sub_assembly,live_in_both
keep_active,ASM-TAY-BEN-BAR-HEI-72-CUSH,TAYLOR BENCH (BAR HEIGHT) 72 CUSH,sub_assembly,live_in_both
keep_active,ASM-TAY-BEN-DIN-HEI-42-FRAME,TAYLOR BENCH (DINING HEIGHT) 42 FRAME,sub_assembly,live_in_both
keep_active,ASM-TAY-BEN-DIN-HEI-42-CUSH,TAYLOR BENCH (DINING HEIGHT) 42 CUSH,sub_assembly,live_in_both
keep_active,ASM-TAY-BEN-DIN-HEI-72-FRAME,TAYLOR BENCH (DINING HEIGHT) 72 FRAME,sub_assembly,live_in_both
keep_active,ASM-TAY-BEN-DIN-HEI-72-CUSH,TAYLOR BENCH (DINING HEIGHT) 72 CUSH,sub_assembly,live_in_both
keep_active,ASM-TAY-BST-18X23-FRAME,TAYLOR BARSTOOL (COUNTER HEIGHT) FRAME,sub_assembly,live_in_both
keep_active,ASM-TAY-BST-18X23-CUSH,TAYLOR BARSTOOL (COUNTER HEIGHT) CUSH,sub_assembly,live_in_both
keep_active,ASM-TAY-BST-19X23-FRAME,"TAYLOR BARSTOOL (BAR HEIGHT) 19"" x 23"" x 30"" SH FRAME",sub_assembly,live_in_both
keep_active,ASM-TAY-BST-19X23-CUSH,"TAYLOR BARSTOOL (BAR HEIGHT) 19"" x 23"" x 30"" SH CUSH",sub_assembly,live_in_both
keep_active,ASM-TAY-BST-24X23-FRAME,"TAYLOR BARSTOOL w/ARMS (BAR HEIGHT) 24"" x 23"" x 30"" SH FRAME",sub_assembly,live_in_both
keep_active,ASM-TAY-BST-24X23-CUSH,"TAYLOR BARSTOOL w/ARMS (BAR HEIGHT) 24"" x 23"" x 30"" SH CUSH",sub_assembly,live_in_both
keep_active,ASM-TAY-DIN-CHA-19X23-FRAME,TAYLOR CHAIR (DINING HEIGHT) FRAME,sub_assembly,live_in_both
keep_active,ASM-TAY-DIN-CHA-19X23-CUSH,TAYLOR CHAIR (DINING HEIGHT) CUSH,sub_assembly,live_in_both
keep_active,ASM-TAY-DIN-CHA-24X23-FRAME,"TAYLOR CHAIR w/ARMS (DINING HEIGHT) 24"" x 23"" x 18"" SH FRAME",sub_assembly,live_in_both
keep_active,ASM-TAY-DIN-CHA-24X23-CUSH,"TAYLOR CHAIR w/ARMS (DINING HEIGHT) 24"" x 23"" x 18"" SH CUSH",sub_assembly,live_in_both
keep_active,ASM-TJM-CHA-FRAME,FREELO CHAIR SPLASH FRAME,sub_assembly,live_in_both
keep_active,ASM-TJM-CHA-CUSH,FREELO CHAIR SPLASH CUSH,sub_assembly,live_in_both
keep_active,ASM-TJM-TAB-FRAME,Ripple Table FRAME,sub_assembly,live_in_both
keep_active,ASM-TRI-SID-TAB-32X32-FRAME,TRIANGLE SIDE TABLE FRAME,sub_assembly,live_in_both
keep_active,ASM-WFT-BAR-TAB-120X28-FRAME,WATERFALL TABLE (BAR HEIGHT) 28 X 120 FRAME,sub_assembly,live_in_both
keep_active,ASM-WFT-BAR-TAB-120X36-FRAME,WATERFALL TABLE (BAR HEIGHT) 36 X 120 FRAME,sub_assembly,live_in_both
keep_active,ASM-WFT-BAR-TAB-28X120-FRAME,"WATERFALL TABLE (BAR HEIGHT) 28"" x 120"" x 42"" FRAME",sub_assembly,live_in_both
keep_active,ASM-WFT-BAR-TAB-28X72-FRAME,"WATERFALL TABLE (BAR HEIGHT) 28"" x 72"" x 42"" FRAME",sub_assembly,live_in_both
keep_active,ASM-WFT-BAR-TAB-28X96-FRAME,"WATERFALL TABLE (BAR HEIGHT) 28"" x 96"" x 42"" FRAME",sub_assembly,live_in_both
keep_active,ASM-WFT-BAR-TAB-36X120-FRAME,"WATERFALL TABLE (BAR HEIGHT) 36"" x 120"" x 42"" FRAME",sub_assembly,live_in_both
keep_active,ASM-WFT-BAR-TAB-36X72-FRAME,"WATERFALL TABLE (BAR HEIGHT) 36"" x 72"" x 42"" FRAME",sub_assembly,live_in_both
keep_active,ASM-WFT-BAR-TAB-36X96-FRAME,"WATERFALL TABLE (BAR HEIGHT) 36"" x 96"" x 42"" FRAME",sub_assembly,live_in_both
keep_active,ASM-WFT-BAR-TAB-72X28-FRAME,WATERFALL TABLE (BAR HEIGHT) 28 X 72 FRAME,sub_assembly,live_in_both
keep_active,ASM-WFT-BAR-TAB-72X36-FRAME,WATERFALL TABLE (BAR HEIGHT) 36 X 72 FRAME,sub_assembly,live_in_both
keep_active,ASM-WFT-BAR-TAB-96X28-FRAME,WATERFALL TABLE (BAR HEIGHT) 28 X 96 FRAME,sub_assembly,live_in_both
keep_active,ASM-WFT-BAR-TAB-96X36-FRAME,WATERFALL TABLE (BAR HEIGHT) 36 X 96 FRAME,sub_assembly,live_in_both
keep_active,ASM-WFT-BCH-42X18-FRAME,"FLY LEG BENCH (DINING HEIGHT) 42"" x 18"" x 18"" SH FRAME",sub_assembly,live_in_both
keep_active,ASM-WFT-BCH-42X18-CUSH,"FLY LEG BENCH (DINING HEIGHT) 42"" x 18"" x 18"" SH CUSH",sub_assembly,live_in_both
keep_active,ASM-WFT-CNT-TAB-120X28-FRAME,WATERFALL TABLE (COUNTER HEIGHT) 28 X 120 FRAME,sub_assembly,live_in_both
keep_active,ASM-WFT-CNT-TAB-120X36-FRAME,WATERFALL TABLE (COUNTER HEIGHT) 36 X 120 FRAME,sub_assembly,live_in_both
keep_active,ASM-WFT-CNT-TAB-28X120-FRAME,"WATERFALL TABLE (COUNTER HEIGHT) 28"" x 120"" x 36"" FRAME",sub_assembly,live_in_both
keep_active,ASM-WFT-CNT-TAB-28X72-FRAME,"WATERFALL TABLE (COUNTER HEIGHT) 28"" x 72"" x 36"" FRAME",sub_assembly,live_in_both
keep_active,ASM-WFT-CNT-TAB-28X96-FRAME,"WATERFALL TABLE (COUNTER HEIGHT) 28"" x 96"" x 36"" FRAME",sub_assembly,live_in_both
keep_active,ASM-WFT-CNT-TAB-36X120-FRAME,"WATERFALL TABLE (COUNTER HEIGHT) 36"" x 120"" x 36"" FRAME",sub_assembly,live_in_both
keep_active,ASM-WFT-CNT-TAB-36X72-FRAME,"WATERFALL TABLE (COUNTER HEIGHT) 36"" x 72"" x 36"" FRAME",sub_assembly,live_in_both
keep_active,ASM-WFT-CNT-TAB-36X96-FRAME,"WATERFALL TABLE (COUNTER HEIGHT) 36"" x 96"" x 36"" FRAME",sub_assembly,live_in_both
keep_active,ASM-WFT-CNT-TAB-72X28-FRAME,WATERFALL TABLE (COUNTER HEIGHT) 28 X 72 FRAME,sub_assembly,live_in_both
keep_active,ASM-WFT-CNT-TAB-72X36-FRAME,WATERFALL TABLE (COUNTER HEIGHT) 36 X 72 FRAME,sub_assembly,live_in_both
keep_active,ASM-WFT-CNT-TAB-96X28-FRAME,WATERFALL TABLE (COUNTER HEIGHT) 28 X 96 FRAME,sub_assembly,live_in_both
keep_active,ASM-WFT-CNT-TAB-96X36-FRAME,WATERFALL TABLE (COUNTER HEIGHT) 36 X 96 FRAME,sub_assembly,live_in_both
keep_active,ASM-WFT-DIN-BCH-72X22-FRAME,"DINING BENCH w/NO ARMS 72"" x 22"" x 18"" SH FRAME",sub_assembly,live_in_both
keep_active,ASM-WFT-DIN-BCH-72X22-CUSH,"DINING BENCH w/NO ARMS 72"" x 22"" x 18"" SH CUSH",sub_assembly,live_in_both
keep_active,ASM-WFT-DIN-BCH-96X22-FRAME,"DINING BENCH w/NO ARMS 96"" x 22"" x 18"" SH FRAME",sub_assembly,live_in_both
keep_active,ASM-WFT-DIN-BCH-96X22-CUSH,"DINING BENCH w/NO ARMS 96"" x 22"" x 18"" SH CUSH",sub_assembly,live_in_both
keep_active,ASM-WFT-DIN-CHA-17X21-FRAME,"HALF BACK CHAIR (DINING HEIGHT) 17"" x 21"" x 18"" SH FRAME",sub_assembly,live_in_both
keep_active,ASM-WFT-DIN-CHA-17X21-CUSH,"HALF BACK CHAIR (DINING HEIGHT) 17"" x 21"" x 18"" SH CUSH",sub_assembly,live_in_both
keep_active,ASM-WFT-DIN-CHA-18X18-FRAME,"FLY LEG CHAIR (DINING HEIGHT) 18"" x 18"" x 18"" SH FRAME",sub_assembly,live_in_both
keep_active,ASM-WFT-DIN-CHA-18X18-CUSH,"FLY LEG CHAIR (DINING HEIGHT) 18"" x 18"" x 18"" SH CUSH",sub_assembly,live_in_both
keep_active,ASM-WFT-DIN-TAB-120X28-FRAME,WATERFALL TABLE (DINING HEIGHT) 28 X 120 FRAME,sub_assembly,live_in_both
keep_active,ASM-WFT-DIN-TAB-120X36-FRAME,WATERFALL TABLE (DINING HEIGHT) 36 X 120 FRAME,sub_assembly,live_in_both
keep_active,ASM-WFT-DIN-TAB-28X120-FRAME,"WATERFALL TABLE (DINING HEIGHT) 28"" x 120"" x 30"" FRAME",sub_assembly,live_in_both
keep_active,ASM-WFT-DIN-TAB-28X72-FRAME,"WATERFALL TABLE (DINING HEIGHT) 28"" x 72"" x 30"" FRAME",sub_assembly,live_in_both
keep_active,ASM-WFT-DIN-TAB-28X96-FRAME,"WATERFALL TABLE (DINING HEIGHT) 28"" x 96"" x 30"" FRAME",sub_assembly,live_in_both
keep_active,ASM-WFT-DIN-TAB-36X120-FRAME,"WATERFALL TABLE (DINING HEIGHT) 36"" x 120"" x 30"" FRAME",sub_assembly,live_in_both
keep_active,ASM-WFT-DIN-TAB-36X72-FRAME,"WATERFALL TABLE (DINING HEIGHT) 36"" x 72"" x 30"" FRAME",sub_assembly,live_in_both
keep_active,ASM-WFT-DIN-TAB-36X96-FRAME,"WATERFALL TABLE (DINING HEIGHT) 36"" x 96"" x 30"" FRAME",sub_assembly,live_in_both
keep_active,ASM-WFT-DIN-TAB-72X36-FRAME,WATERFALL TABLE (DINING HEIGHT) 36 X 72 FRAME,sub_assembly,live_in_both
keep_active,ASM-WFT-DIN-TAB-96X28-FRAME,WATERFALL TABLE (DINING HEIGHT) 28 X 96 FRAME,sub_assembly,live_in_both
keep_active,ASM-WFT-DIN-TAB-96X36-FRAME,WATERFALL TABLE (DINING HEIGHT) 36 X 96 FRAME,sub_assembly,live_in_both
keep_active,ASM-WFT-FIR-TAB-56X36-FRAME,"WATERFALL FIRE PIT TABLE 56"" x 36"" x 16"" FRAME",sub_assembly,live_in_both
keep_active,ASM-WFT-FIR-TAB-72X36-FRAME,"WATERFALL FIRE PIT TABLE 72"" x 36"" x 16"" FRAME",sub_assembly,live_in_both
keep_active,ASM-WFT-FLY-BST-17X21-FRAME,"HALF BACK BARSTOOL (BAR HEIGHT) 17"" x 21"" x 30"" SH FRAME",sub_assembly,live_in_both
keep_active,ASM-WFT-FLY-BST-17X21-CUSH,"HALF BACK BARSTOOL (BAR HEIGHT) 17"" x 21"" x 30"" SH CUSH",sub_assembly,live_in_both
keep_active,ASM-WFT-FLY-BST-18X18-FRAME,"FLY LEG BARSTOOL (BAR HEIGHT) 18"" x 18"" x 30"" SH FRAME",sub_assembly,live_in_both
keep_active,ASM-WFT-FLY-BST-18X18-CUSH,"FLY LEG BARSTOOL (BAR HEIGHT) 18"" x 18"" x 30"" SH CUSH",sub_assembly,live_in_both
keep_active,ASM-WFT-SID-TAB-13X40-FRAME,WATERFALL SIDE TABLE 40X13 FRAME,sub_assembly,live_in_both
keep_active,ASM-WFT-SID-TAB-40X13-FRAME,"WATERFALL SIDE TABLE 40"" x 13"" x 12"" FRAME",sub_assembly,live_in_both
keep_active,RM-FAB-GENERIC,Fabric (generic placeholder),raw_material,live_in_both
already_inactive,SHD-FIM-FZ300WHI,FIM FLEXY ZEN 300 WHITE,finished_good,already_inactive_and_missing_from_katana
already_inactive,FRP-HPC-FPGLBLACK,FIRE GLASS BLACK,finished_good,already_inactive_and_missing_from_katana
already_inactive,SHD-SCO-2MSQ-MAR-WHI-NON,SCOLARO 2M SQUARE MARINA WHITE NONE,finished_good,already_inactive_and_missing_from_katana
already_inactive,FRP-HPC-FPGLBLACKREFL,FIRE GLASS BLACK REFLECTIVE,finished_good,already_inactive_and_missing_from_katana
already_inactive,SHD-SCO-3MSQ-AST-ECR-CAR,SCOLARO 3M SQUARE ASTRO ECRU CARBON,finished_good,already_inactive_and_missing_from_katana
already_inactive,FIN-MAR-3M-UMB-NO-BAS,MARINA 3M UMBRELLA NO BASE,finished_good,already_inactive_and_missing_from_katana
already_inactive,FIN-MAR-2X2-UMB-NO-BAS,MARINA 2X2 UMBRELLA NO BASE,finished_good,already_inactive_and_missing_from_katana
already_inactive,SA-BRK-BAR-TAB-120X28-FRAME,BROOKLYN TABLE (BAR HEIGHT) 28 X 120 FRAME,sub_assembly,already_inactive_and_missing_from_katana
already_inactive,SA-BRK-BAR-TAB-120X36-FRAME,BROOKLYN TABLE (BAR HEIGHT) 36 X 120 FRAME,sub_assembly,already_inactive_and_missing_from_katana
already_inactive,SA-BRK-BAR-TAB-72X28-FRAME,BROOKLYN TABLE (BAR HEIGHT) 28 X 72 FRAME,sub_assembly,already_inactive_and_missing_from_katana
already_inactive,SA-BRK-BAR-TAB-72X36-FRAME,BROOKLYN TABLE (BAR HEIGHT) 36 X 72 FRAME,sub_assembly,already_inactive_and_missing_from_katana
already_inactive,SA-BRK-BAR-TAB-96X36-FRAME,BROOKLYN TABLE (BAR HEIGHT) 36 X 96 FRAME,sub_assembly,already_inactive_and_missing_from_katana
already_inactive,SA-BRK-CNT-TAB-120X36-FRAME,BROOKLYN TABLE (COUNTER HEIGHT) 36 X 120 FRAME,sub_assembly,already_inactive_and_missing_from_katana
already_inactive,FUR-TNJ-SHALOURR,TENJAM SHAYZ LOUNGER RIVER ROCK,finished_good,already_inactive_and_missing_from_katana
already_inactive,FUR-TNJ-SHALOUSB,TENJAM SHAYZ LOUNGER SURF BLUE,finished_good,already_inactive_and_missing_from_katana
already_inactive,FUR-TNJ-SHALOUWG,TENJAM SHAYZ LOUNGER WHITE GRANITE,finished_good,already_inactive_and_missing_from_katana
already_inactive,FUR-TNJ-SHALOUYEL,TENJAM SHAYZ LOUNGER YELLOW,finished_good,already_inactive_and_missing_from_katana
already_inactive,FUR-TNJ-SHARISSET12GG,"TENJAM SHAYZ RISER SET 12"" GRAY GRANITE",finished_good,already_inactive_and_missing_from_katana
already_inactive,FUR-TNJ-SHARISSET12LB,"TENJAM SHAYZ RISER SET 12"" LIGHT BLUE",finished_good,already_inactive_and_missing_from_katana
already_inactive,FUR-TNJ-SHARISSET12SB,"TENJAM SHAYZ RISER SET 12"" SURF BLUE",finished_good,already_inactive_and_missing_from_katana
already_inactive,FUR-TNJ-SHARISSET12SW,"TENJAM SHAYZ RISER SET 12"" SOLID WHITE",finished_good,already_inactive_and_missing_from_katana
already_inactive,FUR-TNJ-SHARISSET12YEL,"TENJAM SHAYZ RISER SET 12"" YELLOW",finished_good,already_inactive_and_missing_from_katana
already_inactive,FUR-TNJ-SHARISSET4DS,"TENJAM SHAYZ RISER SET 4"" DESERT SANDSTONE",finished_good,already_inactive_and_missing_from_katana
already_inactive,FUR-TNJ-SHARISSET4GG,"TENJAM SHAYZ RISER SET 4"" GRAY GRANITE",finished_good,already_inactive_and_missing_from_katana
already_inactive,SHD-SCO-BASE-AST-NON-NON,SCOLARO BASE SQUARE ASTRO NONE NONE,finished_good,already_inactive_and_missing_from_katana
already_inactive,FIN-IRO,IRONWOOD,finished_good,already_inactive_and_missing_from_katana
already_inactive,FIN-KIN-LIV-LAM,KINDLE LIVING LAMP,finished_good,already_inactive_and_missing_from_katana
already_inactive,SA-BRK-CNT-TAB-72X18-FRAME,BROOKLYN TABLE (COUNTER HEIGHT) 18 X 72 FRAME,sub_assembly,already_inactive_and_missing_from_katana
already_inactive,SA-BRK-CNT-TAB-72X28-FRAME,BROOKLYN TABLE (COUNTER HEIGHT) 28 X 72 FRAME,sub_assembly,already_inactive_and_missing_from_katana
already_inactive,SA-BRK-CNT-TAB-72X36-FRAME,BROOKLYN TABLE (COUNTER HEIGHT) 36 X 72 FRAME,sub_assembly,already_inactive_and_missing_from_katana
already_inactive,SA-BRK-CNT-TAB-96X28-FRAME,BROOKLYN TABLE (COUNTER HEIGHT) 28 X 96 FRAME,sub_assembly,already_inactive_and_missing_from_katana
already_inactive,SA-BRK-CNT-TAB-96X36-FRAME,BROOKLYN TABLE (COUNTER HEIGHT) 36 X 96 FRAME,sub_assembly,already_inactive_and_missing_from_katana
already_inactive,SA-BRK-DIN-TAB-120X28-FRAME,BROOKLYN TABLE (DINING HEIGHT) 28 X 120 FRAME,sub_assembly,already_inactive_and_missing_from_katana
already_inactive,SA-BRK-DIN-TAB-120X36-FRAME,BROOKLYN TABLE (DINING HEIGHT) 36 X 120 FRAME,sub_assembly,already_inactive_and_missing_from_katana
already_inactive,FIN-MIS-MIS,FABRICATED DEKTON SLAB,finished_good,already_inactive_and_missing_from_katana
already_inactive,SA-BRK-DIN-TAB-72X28-FRAME,BROOKLYN TABLE (DINING HEIGHT) 28 X 72 FRAME,sub_assembly,already_inactive_and_missing_from_katana
already_inactive,SA-BRK-DIN-TAB-72X36-FRAME,BROOKLYN TABLE (DINING HEIGHT) 36 X 72 FRAME,sub_assembly,already_inactive_and_missing_from_katana
already_inactive,SA-BRK-DIN-TAB-96X28-FRAME,BROOKLYN TABLE (DINING HEIGHT) 28 X 96 FRAME,sub_assembly,already_inactive_and_missing_from_katana
already_inactive,SA-BRK-DIN-TAB-96X36-FRAME,BROOKLYN TABLE (DINING HEIGHT) 36 X 96 FRAME,sub_assembly,already_inactive_and_missing_from_katana
already_inactive,SA-BRK-OTT-42X22-FRAME,BROOKLYN OTTOMAN 22 X 42 FRAME,sub_assembly,already_inactive_and_missing_from_katana
already_inactive,SA-BRK-OTT-42X22-CUSH,BROOKLYN OTTOMAN 22 X 42 CUSH,sub_assembly,already_inactive_and_missing_from_katana
already_inactive,SA-BRK-OTT-42X34-FRAME,BROOKLYN OTTOMAN 34 X 42 FRAME,sub_assembly,already_inactive_and_missing_from_katana
already_inactive,SA-BRK-OTT-42X34-CUSH,BROOKLYN OTTOMAN 34 X 42 CUSH,sub_assembly,already_inactive_and_missing_from_katana
already_inactive,SA-BRK-OTT-60X22-FRAME,BROOKLYN OTTOMAN 22 X 60 FRAME,sub_assembly,already_inactive_and_missing_from_katana
already_inactive,SA-BRK-OTT-60X22-CUSH,BROOKLYN OTTOMAN 22 X 60 CUSH,sub_assembly,already_inactive_and_missing_from_katana
already_inactive,SA-BRK-OTT-60X34-FRAME,BROOKLYN OTTOMAN 34 X 60 FRAME,sub_assembly,already_inactive_and_missing_from_katana
already_inactive,SA-BRK-OTT-60X34-CUSH,BROOKLYN OTTOMAN 34 X 60 CUSH,sub_assembly,already_inactive_and_missing_from_katana
already_inactive,SA-CUS-OTT-72X22-FRAME,CUSTOM STORAGE OTTOMAN 22 X 72 FRAME,sub_assembly,already_inactive_and_missing_from_katana
already_inactive,SA-CUS-OTT-72X22-CUSH,CUSTOM STORAGE OTTOMAN 22 X 72 CUSH,sub_assembly,already_inactive_and_missing_from_katana
already_inactive,SA-CUS-OTT-82X23-FRAME,CUSTOM STORAGE OTTOMAN 23 X 82 FRAME,sub_assembly,already_inactive_and_missing_from_katana
already_inactive,SA-BRK-OTT-72X22-FRAME,BROOKLYN OTTOMAN 22 X 72 FRAME,sub_assembly,already_inactive_and_missing_from_katana
already_inactive,SA-BRK-OTT-72X22-CUSH,BROOKLYN OTTOMAN 22 X 72 CUSH,sub_assembly,already_inactive_and_missing_from_katana
already_inactive,FIN-BRV-SWG-96X60,BRAVADA SWING 66 X 42 W/FRAME,finished_good,already_inactive_and_missing_from_katana
already_inactive,FIN-BRV-SWG-102X60,BRAVADA SWING 72 X 42 W/FRAME,finished_good,already_inactive_and_missing_from_katana
already_inactive,SA-BRK-OTT-72X34-FRAME,BROOKLYN OTTOMAN 34 X 72 FRAME,sub_assembly,already_inactive_and_missing_from_katana
already_inactive,SA-BRK-OTT-72X34-CUSH,BROOKLYN OTTOMAN 34 X 72 CUSH,sub_assembly,already_inactive_and_missing_from_katana
already_inactive,SA-BRV-SWV-CHA-FRAME,BRAVADA SWIVEL CHAIR W/DEKTON SIDEARM FRAME,sub_assembly,already_inactive_and_missing_from_katana
already_inactive,SA-BRV-SWV-CHA-CUSH,BRAVADA SWIVEL CHAIR W/DEKTON SIDEARM CUSH,sub_assembly,already_inactive_and_missing_from_katana
already_inactive,SA-CAB-MIS-10X10-FRAME,CABANA 10' X 10' X 9' w/Sunbrella Top & Curtains FRAME,sub_assembly,already_inactive_and_missing_from_katana
already_inactive,SA-CAB-MIS-10X10-CUSH,CABANA 10' X 10' X 9' w/Sunbrella Top & Curtains CUSH,sub_assembly,already_inactive_and_missing_from_katana
already_inactive,SA-CUS-OTT-82X23-CUSH,CUSTOM STORAGE OTTOMAN 23 X 82 CUSH,sub_assembly,already_inactive_and_missing_from_katana
already_inactive,SA-DAI-BAR-TAB-120X42-FRAME,DAISY BASE TABLE (BAR HEIGHT) 42 X 120 FRAME,sub_assembly,already_inactive_and_missing_from_katana
already_inactive,SA-DAI-BAR-TAB-120X56-FRAME,DAISY BASE TABLE (BAR HEIGHT) 56 X 120 FRAME,sub_assembly,already_inactive_and_missing_from_katana
already_inactive,SA-DAI-BAR-TAB-72X42-FRAME,DAISY BASE TABLE (BAR HEIGHT) 42 X 72 FRAME,sub_assembly,already_inactive_and_missing_from_katana
already_inactive,SA-DAI-BAR-TAB-72X56-FRAME,DAISY BASE TABLE (BAR HEIGHT) 56 X 72 FRAME,sub_assembly,already_inactive_and_missing_from_katana
already_inactive,SA-DAI-BAR-TAB-96X42-FRAME,DAISY BASE TABLE (BAR HEIGHT) 42 X 96 FRAME,sub_assembly,already_inactive_and_missing_from_katana
already_inactive,FIN-CAN-UMB-W-BAS,CANTILEVER UMBRELLA W/BASE,finished_good,already_inactive_and_missing_from_katana
already_inactive,SA-DAI-BAR-TAB-96X56-FRAME,DAISY BASE TABLE (BAR HEIGHT) 56 X 96 FRAME,sub_assembly,already_inactive_and_missing_from_katana
already_inactive,SA-DAI-CNT-TAB-120X42-FRAME,DAISY BASE TABLE (COUNTER HEIGHT) 42 X 120 FRAME,sub_assembly,already_inactive_and_missing_from_katana
already_inactive,SA-DAI-CNT-TAB-120X56-FRAME,DAISY BASE TABLE (COUNTER HEIGHT) 56 X 120 FRAME,sub_assembly,already_inactive_and_missing_from_katana
already_inactive,SA-DAI-CNT-TAB-72X42-FRAME,DAISY BASE TABLE (COUNTER HEIGHT) 42 X 72 FRAME,sub_assembly,already_inactive_and_missing_from_katana
already_inactive,FIN-FLE-ZEN-NO-BAS,FLEXY ZEN NO BASE,finished_good,already_inactive_and_missing_from_katana
already_inactive,FIN-FLE-TWI-NO-BAS,FLEXY TWIN NO BASE,finished_good,already_inactive_and_missing_from_katana
already_inactive,SA-DAI-CNT-TAB-72X56-FRAME,DAISY BASE TABLE (COUNTER HEIGHT) 56 X 72 FRAME,sub_assembly,already_inactive_and_missing_from_katana
already_inactive,SA-DAI-CNT-TAB-96X42-FRAME,DAISY BASE TABLE (COUNTER HEIGHT) 42 X 96 FRAME,sub_assembly,already_inactive_and_missing_from_katana
already_inactive,SA-DAI-CNT-TAB-96X56-FRAME,DAISY BASE TABLE (COUNTER HEIGHT) 56 X 96 FRAME,sub_assembly,already_inactive_and_missing_from_katana
already_inactive,SA-DAI-DIN-TAB-120X42-FRAME,DAISY BASE TABLE (DINING HEIGHT) 42 X 120 FRAME,sub_assembly,already_inactive_and_missing_from_katana
already_inactive,SA-DAI-DIN-TAB-120X56-FRAME,DAISY BASE TABLE (DINING HEIGHT) 56 X 120 FRAME,sub_assembly,already_inactive_and_missing_from_katana
already_inactive,SA-DAI-DIN-TAB-42X42-FRAME,DAISY BASE ROUND TABLE (DINING HEIGHT) 42 FRAME,sub_assembly,already_inactive_and_missing_from_katana
already_inactive,SA-DAI-DIN-TAB-56X56-FRAME,DAISY BASE TABLE (DINING HEIGHT) 56 X 56 FRAME,sub_assembly,already_inactive_and_missing_from_katana
already_inactive,SA-DAI-DIN-TAB-72X42-FRAME,DAISY BASE TABLE (DINING HEIGHT) 42 X 72 FRAME,sub_assembly,already_inactive_and_missing_from_katana
already_inactive,SA-DAI-DIN-TAB-72X56-FRAME,DAISY BASE TABLE (DINING HEIGHT) 56 X 72 FRAME,sub_assembly,already_inactive_and_missing_from_katana
already_inactive,SA-DAI-DIN-TAB-96X42-FRAME,DAISY BASE TABLE (DINING HEIGHT) 42 X 96 FRAME,sub_assembly,already_inactive_and_missing_from_katana
already_inactive,SA-DAI-DIN-TAB-96X56-FRAME,DAISY BASE TABLE (DINING HEIGHT) 56 X 96 FRAME,sub_assembly,already_inactive_and_missing_from_katana
already_inactive,FRP-HPC-311TC,"THERMOCOUPLE 36"" — FOR EI/HWI UNITS AND FPPK BLOWOUT BOX",finished_good,already_inactive_and_missing_from_katana
already_inactive,FRP-HPC-GSKIT,GS KIT,finished_good,already_inactive_and_missing_from_katana
already_inactive,FRP-HPC-TORFPPK72TRGHFLEXNG,"72"" LINEAR TROUGH — SST TORPEDO PUSH BUTTON/FLAME SENSING",finished_good,already_inactive_and_missing_from_katana
already_inactive,FRP-HPC-TORMLFPK36TRGHFLEXNG,"36"" LINEAR TROUGH — SST TORPEDO MATCH LIT",finished_good,already_inactive_and_missing_from_katana
already_inactive,FUR-TNJ-BAJCLUCHACG,TENJAM BAJA CLUB CHAIR CLOUD GRAY,finished_good,already_inactive_and_missing_from_katana
already_inactive,FUR-TNJ-BAJLOUTABCB,TENJAM BAJA LOUNGE TABLE CLOUD BLUE,finished_good,already_inactive_and_missing_from_katana
already_inactive,FUR-TNJ-BAJLOUTABCT,TENJAM BAJA LOUNGE TABLE CRYSTAL TOPAZ,finished_good,already_inactive_and_missing_from_katana
already_inactive,FUR-TNJ-BAJSIDTABSTOCB,TENJAM BAJA SIDE TABLE/STOOL CLOUD BLUE,finished_good,already_inactive_and_missing_from_katana
already_inactive,FUR-TNJ-BAJSIDTABSTOCT,TENJAM BAJA SIDE TABLE/STOOL CRYSTAL TOPAZ,finished_good,already_inactive_and_missing_from_katana
already_inactive,FUR-TNJ-BAJSTUCHACT,TENJAM BAJA STUDIO CHAIR CRYSTAL TOPAZ,finished_good,already_inactive_and_missing_from_katana
already_inactive,FUR-TNJ-DRILB,TENJAM DRIFT LIGHT BLUE,finished_good,already_inactive_and_missing_from_katana
already_inactive,FUR-TNJ-DRISW,TENJAM DRIFT SOLID WHITE,finished_good,already_inactive_and_missing_from_katana
already_inactive,FUR-TNJ-LAYLOUDS,TENJAM LAYLO LOUNGER DESERT SANDSTONE,finished_good,already_inactive_and_missing_from_katana
already_inactive,FUR-TNJ-LAYLOURR,TENJAM LAYLO LOUNGER RIVER ROCK,finished_good,already_inactive_and_missing_from_katana
already_inactive,FUR-TNJ-LAYLOUW4RISDS,"TENJAM LAYLO LOUNGER W/ 4"" RISER DESERT SANDSTONE",finished_good,already_inactive_and_missing_from_katana
already_inactive,FUR-TNJ-LAYLOUW4RISRR,"TENJAM LAYLO LOUNGER W/ 4"" RISER RIVER ROCK",finished_good,already_inactive_and_missing_from_katana
already_inactive,FUR-TNJ-LAYLOUW4RISSW,"TENJAM LAYLO LOUNGER W/ 4"" RISER SOLID WHITE",finished_good,already_inactive_and_missing_from_katana
already_inactive,FUR-TNJ-LAYLOUW4RISWG,"TENJAM LAYLO LOUNGER W/ 4"" RISER WHITE GRANITE",finished_good,already_inactive_and_missing_from_katana
already_inactive,FUR-TNJ-LAYLOUYEL,TENJAM LAYLO LOUNGER YELLOW,finished_good,already_inactive_and_missing_from_katana
already_inactive,FUR-TNJ-LAYRISSET4LB,"TENJAM LAYLO RISER SET 4"" LIGHT BLUE",finished_good,already_inactive_and_missing_from_katana
already_inactive,FUR-TNJ-LAYRISSET4SW,"TENJAM LAYLO RISER SET 4"" SOLID WHITE",finished_good,already_inactive_and_missing_from_katana
already_inactive,FUR-TNJ-LAYSHAPILDS,TENJAM LAYLO/SHAYZ PILLOW DESERT SANDSTONE,finished_good,already_inactive_and_missing_from_katana
already_inactive,FUR-TNJ-LAYSHAPILSB,TENJAM LAYLO/SHAYZ PILLOW SURF BLUE,finished_good,already_inactive_and_missing_from_katana
already_inactive,FUR-TNJ-LAYSHAPILYEL,TENJAM LAYLO/SHAYZ PILLOW YELLOW,finished_good,already_inactive_and_missing_from_katana
already_inactive,FUR-TNJ-PLALB,TENJAM PLANTER LIGHT BLUE,finished_good,already_inactive_and_missing_from_katana
already_inactive,FUR-TNJ-PLASW,TENJAM PLANTER SOLID WHITE,finished_good,already_inactive_and_missing_from_katana
already_inactive,FUR-TNJ-RADPAD10PACDS,TENJAM RAD PADS (10-PACK) DESERT SANDSTONE,finished_good,already_inactive_and_missing_from_katana
already_inactive,FUR-TNJ-RADPAD10PACRR,TENJAM RAD PADS (10-PACK) RIVER ROCK,finished_good,already_inactive_and_missing_from_katana
already_inactive,FUR-TNJ-RADPAD10PACWG,TENJAM RAD PADS (10-PACK) WHITE GRANITE,finished_good,already_inactive_and_missing_from_katana
already_inactive,FUR-TNJ-RIPSIDTABGG,TENJAM RIPPLE SIDE TABLE GRAY GRANITE,finished_good,already_inactive_and_missing_from_katana
already_inactive,FUR-TNJ-RIPSIDTABSW,TENJAM RIPPLE SIDE TABLE SOLID WHITE,finished_good,already_inactive_and_missing_from_katana
already_inactive,FUR-TNJ-RIPTALTABDS,TENJAM RIPPLE TALL TABLE DESERT SANDSTONE,finished_good,already_inactive_and_missing_from_katana
already_inactive,FUR-TNJ-RIPTALTABGG,TENJAM RIPPLE TALL TABLE GRAY GRANITE,finished_good,already_inactive_and_missing_from_katana
already_inactive,FUR-TNJ-RIPTALTABLB,TENJAM RIPPLE TALL TABLE LIGHT BLUE,finished_good,already_inactive_and_missing_from_katana
already_inactive,FUR-TNJ-RIPTALTABWG,TENJAM RIPPLE TALL TABLE WHITE GRANITE,finished_good,already_inactive_and_missing_from_katana
already_inactive,FUR-TNJ-RIPTRAGG,TENJAM RIPPLE TRAY GRAY GRANITE,finished_good,already_inactive_and_missing_from_katana
already_inactive,FUR-TNJ-RIPTRASB,TENJAM RIPPLE TRAY SURF BLUE,finished_good,already_inactive_and_missing_from_katana
already_inactive,FUR-TNJ-RIPTRAYEL,TENJAM RIPPLE TRAY YELLOW,finished_good,already_inactive_and_missing_from_katana
already_inactive,FUR-TNJ-RIS4LB,"TENJAM RISER 4"" LIGHT BLUE",finished_good,already_inactive_and_missing_from_katana
already_inactive,FUR-TNJ-RIS4SW,"TENJAM RISER 4"" SOLID WHITE",finished_good,already_inactive_and_missing_from_katana
already_inactive,FUR-TNJ-RIS8DS,"TENJAM RISER 8"" DESERT SANDSTONE",finished_good,already_inactive_and_missing_from_katana
already_inactive,FUR-TNJ-RIS8RR,"TENJAM RISER 8"" RIVER ROCK",finished_good,already_inactive_and_missing_from_katana
already_inactive,FUR-TNJ-RIS8WG,"TENJAM RISER 8"" WHITE GRANITE",finished_good,already_inactive_and_missing_from_katana
already_inactive,FUR-TNJ-SHALOUGG,TENJAM SHAYZ LOUNGER GRAY GRANITE,finished_good,already_inactive_and_missing_from_katana
already_inactive,FUR-TNJ-SHALOULB,TENJAM SHAYZ LOUNGER LIGHT BLUE,finished_good,already_inactive_and_missing_from_katana
already_inactive,FUR-TNJ-SHALOUSW,TENJAM SHAYZ LOUNGER SOLID WHITE,finished_good,already_inactive_and_missing_from_katana
already_inactive,FUR-TNJ-SHARISSET12DS,"TENJAM SHAYZ RISER SET 12"" DESERT SANDSTONE",finished_good,already_inactive_and_missing_from_katana
already_inactive,FUR-TNJ-SHARISSET12RR,"TENJAM SHAYZ RISER SET 12"" RIVER ROCK",finished_good,already_inactive_and_missing_from_katana
already_inactive,FUR-TNJ-SHARISSET12WG,"TENJAM SHAYZ RISER SET 12"" WHITE GRANITE",finished_good,already_inactive_and_missing_from_katana
already_inactive,FUR-TNJ-SHARISSET4LB,"TENJAM SHAYZ RISER SET 4"" LIGHT BLUE",finished_good,already_inactive_and_missing_from_katana
already_inactive,FIN-UNF-DEK-SLA,UNFABRICATED DEKTON SLAB,finished_good,already_inactive_and_missing_from_katana
already_inactive,FIN-WEA-COV,WEATHERPROOF COVERS,finished_good,already_inactive_and_missing_from_katana
already_inactive,FRP-HPC-MLFPK18SQBLFLEXLP,"18"" SQUARE BOWL — MATCH LIT (PRIOR LINE, NON-TORPEDO)",finished_good,already_inactive_and_missing_from_katana
already_inactive,FRP-HPC-FPGLBRONZE,FIRE GLASS BRONZE,finished_good,already_inactive_and_missing_from_katana
already_inactive,FRP-HPC-FPGLCOBALTBLUE,FIRE GLASS COBALT BLUE,finished_good,already_inactive_and_missing_from_katana
already_inactive,FRP-HPC-FPGLCOPPER,FIRE GLASS COPPER,finished_good,already_inactive_and_missing_from_katana
already_inactive,FRP-HPC-FPGLGRAYREFLEC,FIRE GLASS GRAY REFLECTIVE,finished_good,already_inactive_and_missing_from_katana
already_inactive,FRP-HPC-TANKSHORIZONTAL,TANKS HORIZONTAL,finished_good,already_inactive_and_missing_from_katana
already_inactive,FRP-HPC-TANKSVERTICAL,TANKS VERTICAL,finished_good,already_inactive_and_missing_from_katana
already_inactive,FRP-HPC-TORFPSTRGH72LP,"72"" TROUGH BURNER KIT — SST TORPEDO (BURNER ONLY)",finished_good,already_inactive_and_missing_from_katana
already_inactive,SA-ESY-CHS-FRAME,ADD-ON WHEELS FOR CHAISE LOUNGERS FRAME,sub_assembly,already_inactive_and_missing_from_katana
already_inactive,SA-ESY-CHS-CUSH,ADD-ON WHEELS FOR CHAISE LOUNGERS CUSH,sub_assembly,already_inactive_and_missing_from_katana
already_inactive,FRP-HPC-MLFPK36TRGHFLEXNG,"36"" LINEAR TROUGH — MATCH LIT (PRIOR LINE)",finished_good,already_inactive_and_missing_from_katana
already_inactive,FRP-HPC-TOR42X14SSEIHHILONG120V,"42 × 14"" RECTANGLE BOWL PAN — BLUETOOTH W/APP, HI/LO",finished_good,already_inactive_and_missing_from_katana
already_inactive,FRP-HPC-TORFPPK18SQBLFLEXLP,"18"" SQUARE BOWL — SST TORPEDO PUSH BUTTON/FLAME SENSING",finished_good,already_inactive_and_missing_from_katana
already_inactive,FRP-HPC-TORFPPK36SQBLFLEXNG,"36"" SQUARE BOWL — SST TORPEDO PUSH BUTTON/FLAME SENSING",finished_good,already_inactive_and_missing_from_katana
already_inactive,FRP-HPC-TORFPPK48TRGHFLEXNG,"48"" LINEAR TROUGH — SST TORPEDO PUSH BUTTON/FLAME SENSING",finished_good,already_inactive_and_missing_from_katana
already_inactive,FRP-HPC-TORFPPK60TRGHFLEXNG,"60"" LINEAR TROUGH — SST TORPEDO PUSH BUTTON/FLAME SENSING",finished_good,already_inactive_and_missing_from_katana
already_inactive,FRP-HPC-TORMLFPK18SQBLFLEXNG,"18"" SQUARE BOWL — SST TORPEDO MATCH LIT",finished_good,already_inactive_and_missing_from_katana
already_inactive,FRP-HPC-TORMLFPK24SQFLEXLP,"24"" SQUARE FLAT PAN — SST TORPEDO MATCH LIT",finished_good,already_inactive_and_missing_from_katana
already_inactive,FRP-HPC-TORMLFPK48TRGHFLEXLP,"48"" LINEAR TROUGH — SST TORPEDO MATCH LIT",finished_good,already_inactive_and_missing_from_katana
already_inactive,FRP-HPC-WG37X19RECT,"WIND GUARD RECTANGULAR 37"" × 19""",finished_good,already_inactive_and_missing_from_katana
already_inactive,FUR-TNJ-BAJCLUCHACB,TENJAM BAJA CLUB CHAIR CLOUD BLUE,finished_good,already_inactive_and_missing_from_katana
already_inactive,FUR-TNJ-BAJCLUCHACH,TENJAM BAJA CLUB CHAIR CRYSTAL HONEY,finished_good,already_inactive_and_missing_from_katana
already_inactive,FUR-TNJ-BAJCLUCHACT,TENJAM BAJA CLUB CHAIR CRYSTAL TOPAZ,finished_good,already_inactive_and_missing_from_katana
already_inactive,FUR-TNJ-BAJLOUTABCG,TENJAM BAJA LOUNGE TABLE CLOUD GRAY,finished_good,already_inactive_and_missing_from_katana
already_inactive,FUR-TNJ-BAJLOUTABCH,TENJAM BAJA LOUNGE TABLE CRYSTAL HONEY,finished_good,already_inactive_and_missing_from_katana
already_inactive,FUR-TNJ-BAJSIDTABSTOCH,TENJAM BAJA SIDE TABLE/STOOL CRYSTAL HONEY,finished_good,already_inactive_and_missing_from_katana
already_inactive,FUR-TNJ-BAJSTUCHACB,TENJAM BAJA STUDIO CHAIR CLOUD BLUE,finished_good,already_inactive_and_missing_from_katana
already_inactive,FUR-TNJ-BAJSTUCHACG,TENJAM BAJA STUDIO CHAIR CLOUD GRAY,finished_good,already_inactive_and_missing_from_katana
already_inactive,FUR-TNJ-BAJSTUCHACH,TENJAM BAJA STUDIO CHAIR CRYSTAL HONEY,finished_good,already_inactive_and_missing_from_katana
already_inactive,FUR-TNJ-DRIDS,TENJAM DRIFT DESERT SANDSTONE,finished_good,already_inactive_and_missing_from_katana
already_inactive,FUR-TNJ-DRIGG,TENJAM DRIFT GRAY GRANITE,finished_good,already_inactive_and_missing_from_katana
already_inactive,FUR-TNJ-DRIRR,TENJAM DRIFT RIVER ROCK,finished_good,already_inactive_and_missing_from_katana
already_inactive,FUR-TNJ-DRISB,TENJAM DRIFT SURF BLUE,finished_good,already_inactive_and_missing_from_katana
already_inactive,FUR-TNJ-DRIWG,TENJAM DRIFT WHITE GRANITE,finished_good,already_inactive_and_missing_from_katana
already_inactive,FUR-TNJ-DRIYEL,TENJAM DRIFT YELLOW,finished_good,already_inactive_and_missing_from_katana
already_inactive,FUR-TNJ-LAYLOUGG,TENJAM LAYLO LOUNGER GRAY GRANITE,finished_good,already_inactive_and_missing_from_katana
already_inactive,FUR-TNJ-LAYLOULB,TENJAM LAYLO LOUNGER LIGHT BLUE,finished_good,already_inactive_and_missing_from_katana
already_inactive,FUR-TNJ-LAYLOUSB,TENJAM LAYLO LOUNGER SURF BLUE,finished_good,already_inactive_and_missing_from_katana
already_inactive,FUR-TNJ-LAYLOUSW,TENJAM LAYLO LOUNGER SOLID WHITE,finished_good,already_inactive_and_missing_from_katana
already_inactive,FUR-TNJ-LAYLOUW4RISGG,"TENJAM LAYLO LOUNGER W/ 4"" RISER GRAY GRANITE",finished_good,already_inactive_and_missing_from_katana
already_inactive,FUR-TNJ-LAYLOUW4RISLB,"TENJAM LAYLO LOUNGER W/ 4"" RISER LIGHT BLUE",finished_good,already_inactive_and_missing_from_katana
already_inactive,FUR-TNJ-LAYLOUW4RISSB,"TENJAM LAYLO LOUNGER W/ 4"" RISER SURF BLUE",finished_good,already_inactive_and_missing_from_katana
already_inactive,FUR-TNJ-LAYLOUW4RISYEL,"TENJAM LAYLO LOUNGER W/ 4"" RISER YELLOW",finished_good,already_inactive_and_missing_from_katana
already_inactive,FUR-TNJ-LAYLOUWG,TENJAM LAYLO LOUNGER WHITE GRANITE,finished_good,already_inactive_and_missing_from_katana
already_inactive,FUR-TNJ-LAYRISSET4DS,"TENJAM LAYLO RISER SET 4"" DESERT SANDSTONE",finished_good,already_inactive_and_missing_from_katana
already_inactive,FUR-TNJ-LAYRISSET4GG,"TENJAM LAYLO RISER SET 4"" GRAY GRANITE",finished_good,already_inactive_and_missing_from_katana
already_inactive,FUR-TNJ-LAYRISSET4RR,"TENJAM LAYLO RISER SET 4"" RIVER ROCK",finished_good,already_inactive_and_missing_from_katana
already_inactive,FUR-TNJ-LAYRISSET4SB,"TENJAM LAYLO RISER SET 4"" SURF BLUE",finished_good,already_inactive_and_missing_from_katana
already_inactive,FUR-TNJ-LAYRISSET4WG,"TENJAM LAYLO RISER SET 4"" WHITE GRANITE",finished_good,already_inactive_and_missing_from_katana
already_inactive,FUR-TNJ-LAYRISSET4YEL,"TENJAM LAYLO RISER SET 4"" YELLOW",finished_good,already_inactive_and_missing_from_katana
already_inactive,FUR-TNJ-LAYSHAPILGG,TENJAM LAYLO/SHAYZ PILLOW GRAY GRANITE,finished_good,already_inactive_and_missing_from_katana
already_inactive,FUR-TNJ-LAYSHAPILLB,TENJAM LAYLO/SHAYZ PILLOW LIGHT BLUE,finished_good,already_inactive_and_missing_from_katana
already_inactive,FUR-TNJ-LAYSHAPILRR,TENJAM LAYLO/SHAYZ PILLOW RIVER ROCK,finished_good,already_inactive_and_missing_from_katana
already_inactive,FUR-TNJ-LAYSHAPILSW,TENJAM LAYLO/SHAYZ PILLOW SOLID WHITE,finished_good,already_inactive_and_missing_from_katana
already_inactive,FUR-TNJ-LAYSHAPILWG,TENJAM LAYLO/SHAYZ PILLOW WHITE GRANITE,finished_good,already_inactive_and_missing_from_katana
already_inactive,FUR-TNJ-RIPSIDTABSB,TENJAM RIPPLE SIDE TABLE SURF BLUE,finished_good,already_inactive_and_missing_from_katana
already_inactive,FUR-TNJ-RIPSIDTABWG,TENJAM RIPPLE SIDE TABLE WHITE GRANITE,finished_good,already_inactive_and_missing_from_katana
already_inactive,FUR-TNJ-RIPSIDTABYEL,TENJAM RIPPLE SIDE TABLE YELLOW,finished_good,already_inactive_and_missing_from_katana
already_inactive,SA-FLY-BCH-42X18-FRAME,FLY LEG BENCH (BAR HEIGHT) 42 FRAME,sub_assembly,already_inactive_and_missing_from_katana
already_inactive,FUR-TNJ-RIPTALTABRR,TENJAM RIPPLE TALL TABLE RIVER ROCK,finished_good,already_inactive_and_missing_from_katana
already_inactive,FUR-TNJ-RIPTALTABSB,TENJAM RIPPLE TALL TABLE SURF BLUE,finished_good,already_inactive_and_missing_from_katana
already_inactive,FUR-TNJ-RIPTALTABSW,TENJAM RIPPLE TALL TABLE SOLID WHITE,finished_good,already_inactive_and_missing_from_katana
already_inactive,FUR-TNJ-RIPTALTABYEL,TENJAM RIPPLE TALL TABLE YELLOW,finished_good,already_inactive_and_missing_from_katana
already_inactive,FUR-TNJ-RIPTRADS,TENJAM RIPPLE TRAY DESERT SANDSTONE,finished_good,already_inactive_and_missing_from_katana
already_inactive,FUR-TNJ-RIPTRALB,TENJAM RIPPLE TRAY LIGHT BLUE,finished_good,already_inactive_and_missing_from_katana
already_inactive,FUR-TNJ-RIPTRARR,TENJAM RIPPLE TRAY RIVER ROCK,finished_good,already_inactive_and_missing_from_katana
already_inactive,FUR-TNJ-RIPTRASW,TENJAM RIPPLE TRAY SOLID WHITE,finished_good,already_inactive_and_missing_from_katana
already_inactive,FUR-TNJ-RIPTRAWG,TENJAM RIPPLE TRAY WHITE GRANITE,finished_good,already_inactive_and_missing_from_katana
already_inactive,FUR-TNJ-RIS4DS,"TENJAM RISER 4"" DESERT SANDSTONE",finished_good,already_inactive_and_missing_from_katana
already_inactive,FUR-TNJ-RIS4GG,"TENJAM RISER 4"" GRAY GRANITE",finished_good,already_inactive_and_missing_from_katana
already_inactive,FUR-TNJ-RIS4RR,"TENJAM RISER 4"" RIVER ROCK",finished_good,already_inactive_and_missing_from_katana
already_inactive,FUR-TNJ-RIS4SB,"TENJAM RISER 4"" SURF BLUE",finished_good,already_inactive_and_missing_from_katana
already_inactive,FUR-TNJ-RIS4WG,"TENJAM RISER 4"" WHITE GRANITE",finished_good,already_inactive_and_missing_from_katana
already_inactive,FUR-TNJ-RIS4YEL,"TENJAM RISER 4"" YELLOW",finished_good,already_inactive_and_missing_from_katana
already_inactive,FUR-TNJ-RIS8GG,"TENJAM RISER 8"" GRAY GRANITE",finished_good,already_inactive_and_missing_from_katana
already_inactive,FUR-TNJ-RIS8LB,"TENJAM RISER 8"" LIGHT BLUE",finished_good,already_inactive_and_missing_from_katana
already_inactive,FUR-TNJ-RIS8SB,"TENJAM RISER 8"" SURF BLUE",finished_good,already_inactive_and_missing_from_katana
already_inactive,FUR-TNJ-RIS8SW,"TENJAM RISER 8"" SOLID WHITE",finished_good,already_inactive_and_missing_from_katana
already_inactive,FUR-TNJ-RIS8YEL,"TENJAM RISER 8"" YELLOW",finished_good,already_inactive_and_missing_from_katana
already_inactive,FUR-TNJ-SHALOUDS,TENJAM SHAYZ LOUNGER DESERT SANDSTONE,finished_good,already_inactive_and_missing_from_katana
already_inactive,FUR-TNJ-SHARISSET4RR,"TENJAM SHAYZ RISER SET 4"" RIVER ROCK",finished_good,already_inactive_and_missing_from_katana
already_inactive,FUR-TNJ-SHARISSET4SB,"TENJAM SHAYZ RISER SET 4"" SURF BLUE",finished_good,already_inactive_and_missing_from_katana
already_inactive,FUR-TNJ-SHARISSET4WG,"TENJAM SHAYZ RISER SET 4"" WHITE GRANITE",finished_good,already_inactive_and_missing_from_katana
already_inactive,FUR-TNJ-SHARISSET4YEL,"TENJAM SHAYZ RISER SET 4"" YELLOW",finished_good,already_inactive_and_missing_from_katana
already_inactive,FUR-TNJ-SHARISSET8GG,"TENJAM SHAYZ RISER SET 8"" GRAY GRANITE",finished_good,already_inactive_and_missing_from_katana
already_inactive,FUR-TNJ-SHARISSET8LB,"TENJAM SHAYZ RISER SET 8"" LIGHT BLUE",finished_good,already_inactive_and_missing_from_katana
already_inactive,FUR-TNJ-SHARISSET8SB,"TENJAM SHAYZ RISER SET 8"" SURF BLUE",finished_good,already_inactive_and_missing_from_katana
already_inactive,FUR-TNJ-SHARISSET8SW,"TENJAM SHAYZ RISER SET 8"" SOLID WHITE",finished_good,already_inactive_and_missing_from_katana
already_inactive,FUR-TNJ-SHARISSET8WG,"TENJAM SHAYZ RISER SET 8"" WHITE GRANITE",finished_good,already_inactive_and_missing_from_katana
already_inactive,FUR-TNJ-SPLWEINA,TENJAM SPLASH WEIGHT,finished_good,already_inactive_and_missing_from_katana
already_inactive,SHD-FIM-FTPUM,FIM FLEXY TWIN PUMPKIN,finished_good,already_inactive_and_missing_from_katana
already_inactive,SHD-FIM-FZ300BLU,FIM FLEXY ZEN 300 BLUE,finished_good,already_inactive_and_missing_from_katana
already_inactive,SHD-FIM-FZ300PUM,FIM FLEXY ZEN 300 PUMPKIN,finished_good,already_inactive_and_missing_from_katana
already_inactive,FUR-TNJ-SHARISSET8DS,"TENJAM SHAYZ RISER SET 8"" DESERT SANDSTONE",finished_good,already_inactive_and_missing_from_katana
already_inactive,FUR-TNJ-SHARISSET8RR,"TENJAM SHAYZ RISER SET 8"" RIVER ROCK",finished_good,already_inactive_and_missing_from_katana
already_inactive,FUR-TNJ-SHARISSET8YEL,"TENJAM SHAYZ RISER SET 8"" YELLOW",finished_good,already_inactive_and_missing_from_katana
already_inactive,SHD-SCO-2MSQ-MAR-ECR-NON,SCOLARO 2M SQUARE MARINA ECRU NONE,finished_good,already_inactive_and_missing_from_katana
already_inactive,SHD-SCO-2MSQ-MAR-ECR-TIT,SCOLARO 2M SQUARE MARINA ECRU TITANIUM,finished_good,already_inactive_and_missing_from_katana
already_inactive,SHD-SCO-2MSQ-MAR-WHI-TIT,SCOLARO 2M SQUARE MARINA WHITE TITANIUM,finished_good,already_inactive_and_missing_from_katana
already_inactive,SHD-SCO-2MSQ-STOCOV-GRA-NON,SCOLARO 2M SQUARE STORAGE COVERS GRAY NONE,finished_good,already_inactive_and_missing_from_katana
already_inactive,SHD-SCO-3MSQ-AST-ECR-NON,SCOLARO 3M SQUARE ASTRO ECRU NONE,finished_good,already_inactive_and_missing_from_katana
already_inactive,SHD-SCO-3MSQ-AST-ECR-TIT,SCOLARO 3M SQUARE ASTRO ECRU TITANIUM,finished_good,already_inactive_and_missing_from_katana
already_inactive,SHD-SCO-3MSQ-AST-NON-CAR,SCOLARO 3M SQUARE ASTRO NONE CARBON,finished_good,already_inactive_and_missing_from_katana
already_inactive,SHD-SCO-3MSQ-AST-ORA-NON,SCOLARO 3M SQUARE ASTRO ORANGE NONE,finished_good,already_inactive_and_missing_from_katana
already_inactive,SHD-SCO-3MSQ-AST-WHI-NON,SCOLARO 3M SQUARE ASTRO WHITE NONE,finished_good,already_inactive_and_missing_from_katana
already_inactive,SA-BRV-LOV-SOF-60X34-FRAME,"BRAVADA LOVESEAT 60"" x 34"" x 31"" BH FRAME",sub_assembly,already_inactive_and_missing_from_katana
already_inactive,SA-BRV-MIN-LOV-48X34-FRAME,"BRAVADA MINI LOVESEAT 48"" x 34"" x 31"" BH FRAME",sub_assembly,already_inactive_and_missing_from_katana
already_inactive,SA-BRV-MIN-LOV-48X34-CUSH,"BRAVADA MINI LOVESEAT 48"" x 34"" x 31"" BH CUSH",sub_assembly,already_inactive_and_missing_from_katana
already_inactive,SA-BRV-SOF-72X34-FRAME,"BRAVADA SOFA 72"" x 34"" x 31"" BH FRAME",sub_assembly,already_inactive_and_missing_from_katana
already_inactive,SA-BRV-SOF-84X34-CUSH,"BRAVADA SOFA 84"" x 34"" x 31"" BH CUSH",sub_assembly,already_inactive_and_missing_from_katana
already_inactive,SA-BRV-SOF-96X34-FRAME,"BRAVADA SOFA 96"" x 34"" x 31"" BH FRAME",sub_assembly,already_inactive_and_missing_from_katana
already_inactive,SA-BRV-SOF-96X34-CUSH,"BRAVADA SOFA 96"" x 34"" x 31"" BH CUSH",sub_assembly,already_inactive_and_missing_from_katana
already_inactive,SA-BRV-ARM-SOF-72X34-FRAME,"BRAVADA ARMLESS SOFA 72"" x 34"" x 31"" BH FRAME",sub_assembly,already_inactive_and_missing_from_katana
already_inactive,SA-BRV-ARM-SOF-72X34-CUSH,"BRAVADA ARMLESS SOFA 72"" x 34"" x 31"" BH CUSH",sub_assembly,already_inactive_and_missing_from_katana
already_inactive,SA-OCN-SOF-84X38-FRAME,"OCEAN SOFA 84"" x 38"" x 33"" BH FRAME",sub_assembly,already_inactive_and_missing_from_katana
already_inactive,SA-BRV-ARM-SOF-84X34-FRAME,"BRAVADA ARMLESS SOFA 84"" x 34"" x 31"" BH FRAME",sub_assembly,already_inactive_and_missing_from_katana
already_inactive,SA-BRV-ARM-SOF-84X34-CUSH,"BRAVADA ARMLESS SOFA 84"" x 34"" x 31"" BH CUSH",sub_assembly,already_inactive_and_missing_from_katana
already_inactive,SA-BRV-ARM-SOF-96X34-CUSH,"BRAVADA ARMLESS SOFA 96"" x 34"" x 31"" BH CUSH",sub_assembly,already_inactive_and_missing_from_katana
already_inactive,SA-BRV-COR-SOF-72X34-FRAME,"BRAVADA CORNER SOFA 72"" x 34"" x 31"" BH FRAME",sub_assembly,already_inactive_and_missing_from_katana
already_inactive,SA-BRV-COR-SOF-72X34-CUSH,"BRAVADA CORNER SOFA 72"" x 34"" x 31"" BH CUSH",sub_assembly,already_inactive_and_missing_from_katana
already_inactive,SA-BRV-COR-SOF-84X34-FRAME,"BRAVADA CORNER SOFA 84"" x 34"" x 31"" BH FRAME",sub_assembly,already_inactive_and_missing_from_katana
already_inactive,SA-BRV-COR-SOF-84X34-CUSH,"BRAVADA CORNER SOFA 84"" x 34"" x 31"" BH CUSH",sub_assembly,already_inactive_and_missing_from_katana
already_inactive,SA-BRV-COR-SOF-96X34-FRAME,"BRAVADA CORNER SOFA 96"" x 34"" x 31"" BH FRAME",sub_assembly,already_inactive_and_missing_from_katana
already_inactive,SA-BRV-COR-SOF-96X34-CUSH,"BRAVADA CORNER SOFA 96"" x 34"" x 31"" BH CUSH",sub_assembly,already_inactive_and_missing_from_katana
already_inactive,SA-BRV-COR-CHS-72X34-FRAME,"BRAVADA CORNER CHAISE 72"" x 34"" x 31"" BH FRAME",sub_assembly,already_inactive_and_missing_from_katana
already_inactive,SA-BRV-COR-CHS-72X34-CUSH,"BRAVADA CORNER CHAISE 72"" x 34"" x 31"" BH CUSH",sub_assembly,already_inactive_and_missing_from_katana
already_inactive,SA-BRV-COR-CHS-84X34-FRAME,"BRAVADA CORNER CHAISE 84"" x 34"" x 31"" BH FRAME",sub_assembly,already_inactive_and_missing_from_katana
already_inactive,SA-BRV-COR-CHS-84X34-CUSH,"BRAVADA CORNER CHAISE 84"" x 34"" x 31"" BH CUSH",sub_assembly,already_inactive_and_missing_from_katana
already_inactive,SA-BRV-SGL-CHS-30X79-FRAME,"BRAVADA SINGLE CHAISE LOUNGE 30"" x 79"" x 14"" SH FRAME",sub_assembly,already_inactive_and_missing_from_katana
already_inactive,SA-BRV-SGL-CHS-30X79-CUSH,"BRAVADA SINGLE CHAISE LOUNGE 30"" x 79"" x 14"" SH CUSH",sub_assembly,already_inactive_and_missing_from_katana
already_inactive,SA-BRV-DOU-CHS-58X79-FRAME,"BRAVADA DOUBLE CHAISE LOUNGE 58"" x 79"" x 14"" SH FRAME",sub_assembly,already_inactive_and_missing_from_katana
already_inactive,SA-BRV-DOU-CHS-58X79-CUSH,"BRAVADA DOUBLE CHAISE LOUNGE 58"" x 79"" x 14"" SH CUSH",sub_assembly,already_inactive_and_missing_from_katana
already_inactive,SA-BRV-DYB-84X84-FRAME,"BRAVADA ROUND DAYBED 84"" DIAMETER FRAME",sub_assembly,already_inactive_and_missing_from_katana
already_inactive,SA-BRV-DYB-84X84-CUSH,"BRAVADA ROUND DAYBED 84"" DIAMETER CUSH",sub_assembly,already_inactive_and_missing_from_katana
already_inactive,SA-BRV-DYB-72X72-FRAME,"BRAVADA DAYBED 72"" x 72"" x 27"" BH FRAME",sub_assembly,already_inactive_and_missing_from_katana
already_inactive,SA-BRV-DYB-72X72-CUSH,"BRAVADA DAYBED 72"" x 72"" x 27"" BH CUSH",sub_assembly,already_inactive_and_missing_from_katana
already_inactive,SA-BRV-DYB-84X72-FRAME,"BRAVADA DAYBED 84"" x 72"" x 27"" BH FRAME",sub_assembly,already_inactive_and_missing_from_katana
already_inactive,SA-BRV-DYB-84X72-CUSH,"BRAVADA DAYBED 84"" x 72"" x 27"" BH CUSH",sub_assembly,already_inactive_and_missing_from_katana
already_inactive,SA-FLY-BCH-42X18-CUSH,FLY LEG BENCH (BAR HEIGHT) 42 CUSH,sub_assembly,already_inactive_and_missing_from_katana
already_inactive,SA-FLY-DIN-CHA-18X18-FRAME,FLY LEG CHAIR (DINING HEIGHT) FRAME,sub_assembly,already_inactive_and_missing_from_katana
already_inactive,SA-FLY-DIN-CHA-18X18-CUSH,FLY LEG CHAIR (DINING HEIGHT) CUSH,sub_assembly,already_inactive_and_missing_from_katana
already_inactive,SA-FLY-FLY-BST-18X18-FRAME,FLY LEG BARSTOOL (BAR HEIGHT) FRAME,sub_assembly,already_inactive_and_missing_from_katana
already_inactive,SA-FLY-FLY-BST-18X18-CUSH,FLY LEG BARSTOOL (BAR HEIGHT) CUSH,sub_assembly,already_inactive_and_missing_from_katana
already_inactive,SA-BRK-TRA-DOU-CHS-48X72-FRAME,"BROOKLYN TRANSITIONAL DOUBLE CHAISE 48"" x 72"" x 30"" BH FRAME",sub_assembly,already_inactive_and_missing_from_katana
already_inactive,SA-BRK-TRA-DOU-CHS-48X72-CUSH,"BROOKLYN TRANSITIONAL DOUBLE CHAISE 48"" x 72"" x 30"" BH CUSH",sub_assembly,already_inactive_and_missing_from_katana
already_inactive,SA-BRK-TRA-SGL-CHS-36X72-FRAME,"BROOKLYN TRANSITIONAL SINGLE CHAISE 36"" x 72"" x 30"" BH FRAME",sub_assembly,already_inactive_and_missing_from_katana
already_inactive,SA-BRK-TRA-SGL-CHS-36X72-CUSH,"BROOKLYN TRANSITIONAL SINGLE CHAISE 36"" x 72"" x 30"" BH CUSH",sub_assembly,already_inactive_and_missing_from_katana
already_inactive,SA-BRK-DOU-CHS-58X79-FRAME,"BROOKLYN DOUBLE CHAISE LOUNGE 58"" x 79"" x 11"" SH FRAME",sub_assembly,already_inactive_and_missing_from_katana
already_inactive,SA-BRK-DOU-CHS-58X79-CUSH,"BROOKLYN DOUBLE CHAISE LOUNGE 58"" x 79"" x 11"" SH CUSH",sub_assembly,already_inactive_and_missing_from_katana
already_inactive,SA-OCN-CLB-CHA-34X38-FRAME,"OCEAN CLUB CHAIR w/METAL ARM 34"" x 38"" x 33"" BH FRAME",sub_assembly,already_inactive_and_missing_from_katana
already_inactive,SA-OCN-CLB-CHA-34X38-CUSH,"OCEAN CLUB CHAIR w/METAL ARM 34"" x 38"" x 33"" BH CUSH",sub_assembly,already_inactive_and_missing_from_katana
already_inactive,SA-OCN-SWV-CHA-34X38-FRAME,"OCEAN SWIVEL CHAIR 34"" x 38"" x 33"" BH FRAME",sub_assembly,already_inactive_and_missing_from_katana
already_inactive,SA-OCN-SWV-CHA-34X38-CUSH,"OCEAN SWIVEL CHAIR 34"" x 38"" x 33"" BH CUSH",sub_assembly,already_inactive_and_missing_from_katana
already_inactive,SA-OCN-SOF-72X38-FRAME,"OCEAN SOFA 72"" x 38"" x 33"" BH FRAME",sub_assembly,already_inactive_and_missing_from_katana
already_inactive,SA-OCN-SOF-72X38-CUSH,"OCEAN SOFA 72"" x 38"" x 33"" BH CUSH",sub_assembly,already_inactive_and_missing_from_katana
already_inactive,SA-OCN-SOF-84X38-CUSH,"OCEAN SOFA 84"" x 38"" x 33"" BH CUSH",sub_assembly,already_inactive_and_missing_from_katana
already_inactive,SA-OCN-SOF-96X38-FRAME,"OCEAN SOFA 96"" x 38"" x 33"" BH FRAME",sub_assembly,already_inactive_and_missing_from_katana
already_inactive,SA-OCN-SOF-96X38-CUSH,"OCEAN SOFA 96"" x 38"" x 33"" BH CUSH",sub_assembly,already_inactive_and_missing_from_katana
already_inactive,SA-OCN-MIN-LOV-48X38-FRAME,"OCEAN MINI LOVESEAT 48"" x 38"" x 33"" BH FRAME",sub_assembly,already_inactive_and_missing_from_katana
already_inactive,SA-OCN-MIN-LOV-48X38-CUSH,"OCEAN MINI LOVESEAT 48"" x 38"" x 33"" BH CUSH",sub_assembly,already_inactive_and_missing_from_katana
already_inactive,SA-OCN-LOV-SOF-60X38-FRAME,"OCEAN LOVESEAT 60"" x 38"" x 33"" BH FRAME",sub_assembly,already_inactive_and_missing_from_katana
already_inactive,SA-OCN-LOV-SOF-60X38-CUSH,"OCEAN LOVESEAT 60"" x 38"" x 33"" BH CUSH",sub_assembly,already_inactive_and_missing_from_katana
already_inactive,SA-OCN-SGL-CHS-36X79-FRAME,"OCEAN SINGLE CHAISE LOUNGE 36"" x 79"" x 14"" SH FRAME",sub_assembly,already_inactive_and_missing_from_katana
already_inactive,SA-OCN-SGL-CHS-36X79-CUSH,"OCEAN SINGLE CHAISE LOUNGE 36"" x 79"" x 14"" SH CUSH",sub_assembly,already_inactive_and_missing_from_katana
already_inactive,SA-OCN-DOU-CHS-58X79-FRAME,"OCEAN DOUBLE CHAISE LOUNGE 58"" x 79"" x 14"" SH FRAME",sub_assembly,already_inactive_and_missing_from_katana
already_inactive,SA-OCN-DOU-CHS-58X79-CUSH,"OCEAN DOUBLE CHAISE LOUNGE 58"" x 79"" x 14"" SH CUSH",sub_assembly,already_inactive_and_missing_from_katana
already_inactive,SA-MLN-CLB-CHA-32X36-FRAME,"MILAN CLUB CHAIR 32"" x 36"" x 16"" SH FRAME",sub_assembly,already_inactive_and_missing_from_katana
already_inactive,SA-MLN-CLB-CHA-32X36-CUSH,"MILAN CLUB CHAIR 32"" x 36"" x 16"" SH CUSH",sub_assembly,already_inactive_and_missing_from_katana
already_inactive,SA-MLN-OTT-22X60-FRAME,"MILAN OTTOMAN 22"" x 60"" x 16"" FRAME",sub_assembly,already_inactive_and_missing_from_katana
already_inactive,SA-MLN-OTT-22X60-CUSH,"MILAN OTTOMAN 22"" x 60"" x 16"" CUSH",sub_assembly,already_inactive_and_missing_from_katana
already_inactive,SA-MLN-OTT-22X72-FRAME,"MILAN OTTOMAN 22"" x 72"" x 16"" FRAME",sub_assembly,already_inactive_and_missing_from_katana
already_inactive,SA-MLN-OTT-22X72-CUSH,"MILAN OTTOMAN 22"" x 72"" x 16"" CUSH",sub_assembly,already_inactive_and_missing_from_katana
already_inactive,SA-MLN-OTT-34X60-FRAME,"MILAN OTTOMAN 34"" x 60"" x 16"" FRAME",sub_assembly,already_inactive_and_missing_from_katana
already_inactive,SA-MLN-OTT-34X60-CUSH,"MILAN OTTOMAN 34"" x 60"" x 16"" CUSH",sub_assembly,already_inactive_and_missing_from_katana
already_inactive,SA-MLN-SOF-96X36-CUSH,"MILAN ONE-SIDED SOFA 96"" x 36"" x 16"" SH CUSH",sub_assembly,already_inactive_and_missing_from_katana
already_inactive,SA-MLN-SOF-72X36-FRAME,"MILAN ONE-SIDED SOFA 72"" x 36"" x 16"" SH FRAME",sub_assembly,already_inactive_and_missing_from_katana
already_inactive,SA-MLN-SOF-60X62-FRAME,"MILAN DOUBLE-SIDED SOFA 60"" x 62"" x 16"" SH FRAME",sub_assembly,already_inactive_and_missing_from_katana
already_inactive,SA-MLN-SOF-60X62-CUSH,"MILAN DOUBLE-SIDED SOFA 60"" x 62"" x 16"" SH CUSH",sub_assembly,already_inactive_and_missing_from_katana
already_inactive,SA-MLN-SOF-62X42-FRAME,"MILAN T-SHAPED SOFA 62"" x 42"" x 22"" x 16"" SH FRAME",sub_assembly,already_inactive_and_missing_from_katana
already_inactive,SA-MLN-SOF-72X36-CUSH,"MILAN ONE-SIDED SOFA 72"" x 36"" x 16"" SH CUSH",sub_assembly,already_inactive_and_missing_from_katana
already_inactive,SA-MLN-SOF-84X36-FRAME,"MILAN ONE SIDED SOFA 84"" x 36"" x 16"" SH FRAME",sub_assembly,already_inactive_and_missing_from_katana
already_inactive,SA-MLN-SOF-84X36-CUSH,"MILAN ONE SIDED SOFA 84"" x 36"" x 16"" SH CUSH",sub_assembly,already_inactive_and_missing_from_katana
already_inactive,SA-MLN-SOF-62X42-CUSH,"MILAN T-SHAPED SOFA 62"" x 42"" x 22"" x 16"" SH CUSH",sub_assembly,already_inactive_and_missing_from_katana
already_inactive,SA-OCN-SID-TAB-36X17-FRAME,"OCEAN ROUND SIDE TABLE 36"" x 17"" FRAME",sub_assembly,already_inactive_and_missing_from_katana
already_inactive,SA-BRV-COF-TAB-28X42-FRAME,"BRAVADA COFFEE TABLE 28"" x 42"" x 17"" FRAME",sub_assembly,already_inactive_and_missing_from_katana
already_inactive,SA-BRV-COF-TAB-36X36-FRAME,"BRAVADA COFFEE TABLE 36"" x 36"" x 17"" FRAME",sub_assembly,already_inactive_and_missing_from_katana
already_inactive,SA-BRV-COF-TAB-36X56-FRAME,"BRAVADA COFFEE TABLE 36"" x 56"" x 17"" FRAME",sub_assembly,already_inactive_and_missing_from_katana
already_inactive,SA-BRV-COF-TAB-42X42-FRAME,"BRAVADA COFFEE TABLE 42"" x 42"" x 17"" FRAME",sub_assembly,already_inactive_and_missing_from_katana
already_inactive,SA-BRV-COF-TAB-42X56-FRAME,"BRAVADA COFFEE TABLE 42"" x 56"" x 17"" FRAME",sub_assembly,already_inactive_and_missing_from_katana
already_inactive,SA-OCN-COF-TAB-28X56-FRAME,"OCEAN COFFEE TABLE 28"" x 56"" x 17"" FRAME",sub_assembly,already_inactive_and_missing_from_katana
already_inactive,SA-OCN-COF-TAB-42X56-FRAME,"OCEAN COFFEE TABLE 42"" x 56"" x 17"" FRAME",sub_assembly,already_inactive_and_missing_from_katana
already_inactive,SA-OCN-COF-TAB-56X56-FRAME,"OCEAN COFFEE TABLE 56"" x 56"" x 17"" FRAME",sub_assembly,already_inactive_and_missing_from_katana
already_inactive,SA-OCN-COF-TAB-28X42-FRAME,"OCEAN COFFEE TABLE 28"" x 42"" x 17"" FRAME",sub_assembly,already_inactive_and_missing_from_katana
already_inactive,SA-OCN-TAB-34X12-FRAME,"FLY TABLE 34"" X 12"" FRAME",sub_assembly,already_inactive_and_missing_from_katana
already_inactive,SA-OCN-TAB-13X30-FRAME,"T TABLE 13"" x 30"" x 16"" FRAME",sub_assembly,already_inactive_and_missing_from_katana
already_inactive,SA-BRK-BAR-TAB-42X42-FRAME,"STAR LEG TABLE (BAR HEIGHT) 42"" x 42"" x 42"" FRAME",sub_assembly,already_inactive_and_missing_from_katana
already_inactive,SA-BRK-CNT-TAB-36X36-FRAME,"STAR LEG TABLE (COUNTER HEIGHT) 36"" x 36"" x 36"" FRAME",sub_assembly,already_inactive_and_missing_from_katana
already_inactive,SA-BRK-CNT-TAB-42X42-FRAME,"STAR LEG TABLE (COUNTER HEIGHT) 42"" x 42"" x 36"" FRAME",sub_assembly,already_inactive_and_missing_from_katana
already_inactive,SA-BRK-DIN-TAB-36X36-FRAME,"STAR LEG TABLE (DINING HEIGHT) 36"" x 36"" x 30"" FRAME",sub_assembly,already_inactive_and_missing_from_katana
already_inactive,SA-BRK-DIN-TAB-42X42-FRAME,"STAR LEG TABLE (DINING HEIGHT) 42"" x 42"" x 30"" FRAME",sub_assembly,already_inactive_and_missing_from_katana
already_inactive,SA-WFT-DIN-BCH-72X22-FRAME,"DINING BENCH w/NO ARMS 72"" x 22"" x 18"" SH FRAME",sub_assembly,already_inactive_and_missing_from_katana
already_inactive,SA-WFT-DIN-BCH-72X22-CUSH,"DINING BENCH w/NO ARMS 72"" x 22"" x 18"" SH CUSH",sub_assembly,already_inactive_and_missing_from_katana
already_inactive,SA-WFT-DIN-BCH-96X22-FRAME,"DINING BENCH w/NO ARMS 96"" x 22"" x 18"" SH FRAME",sub_assembly,already_inactive_and_missing_from_katana
already_inactive,SA-WFT-DIN-BCH-96X22-CUSH,"DINING BENCH w/NO ARMS 96"" x 22"" x 18"" SH CUSH",sub_assembly,already_inactive_and_missing_from_katana
already_inactive,SA-WFT-FLY-BST-18X18-FRAME,"FLY LEG BARSTOOL (BAR HEIGHT) 18"" x 18"" x 30"" SH FRAME",sub_assembly,already_inactive_and_missing_from_katana
already_inactive,SA-WFT-BCH-42X18-CUSH,"FLY LEG BENCH (DINING HEIGHT) 42"" x 18"" x 18"" SH CUSH",sub_assembly,already_inactive_and_missing_from_katana
already_inactive,SA-WFT-DIN-CHA-18X18-FRAME,"FLY LEG CHAIR (DINING HEIGHT) 18"" x 18"" x 18"" SH FRAME",sub_assembly,already_inactive_and_missing_from_katana
already_inactive,SA-WFT-DIN-CHA-18X18-CUSH,"FLY LEG CHAIR (DINING HEIGHT) 18"" x 18"" x 18"" SH CUSH",sub_assembly,already_inactive_and_missing_from_katana
already_inactive,SA-WFT-FLY-BST-17X21-FRAME,"HALF BACK BARSTOOL (BAR HEIGHT) 17"" x 21"" x 30"" SH FRAME",sub_assembly,already_inactive_and_missing_from_katana
already_inactive,SA-WFT-FLY-BST-17X21-CUSH,"HALF BACK BARSTOOL (BAR HEIGHT) 17"" x 21"" x 30"" SH CUSH",sub_assembly,already_inactive_and_missing_from_katana
already_inactive,SA-TAY-BST-19X23-FRAME,"TAYLOR BARSTOOL (BAR HEIGHT) 19"" x 23"" x 30"" SH FRAME",sub_assembly,already_inactive_and_missing_from_katana
already_inactive,SA-TAY-BST-19X23-CUSH,"TAYLOR BARSTOOL (BAR HEIGHT) 19"" x 23"" x 30"" SH CUSH",sub_assembly,already_inactive_and_missing_from_katana
already_inactive,SA-TAY-BST-24X23-FRAME,"TAYLOR BARSTOOL w/ARMS (BAR HEIGHT) 24"" x 23"" x 30"" SH FRAME",sub_assembly,already_inactive_and_missing_from_katana
already_inactive,SA-TAY-BST-24X23-CUSH,"TAYLOR BARSTOOL w/ARMS (BAR HEIGHT) 24"" x 23"" x 30"" SH CUSH",sub_assembly,already_inactive_and_missing_from_katana
already_inactive,SA-TAY-DIN-CHA-24X23-FRAME,"TAYLOR CHAIR w/ARMS (DINING HEIGHT) 24"" x 23"" x 18"" SH FRAME",sub_assembly,already_inactive_and_missing_from_katana
already_inactive,SA-TAY-DIN-CHA-24X23-CUSH,"TAYLOR CHAIR w/ARMS (DINING HEIGHT) 24"" x 23"" x 18"" SH CUSH",sub_assembly,already_inactive_and_missing_from_katana
already_inactive,SA-BRV-OTT-22X30-FRAME,"BRAVADA OTTOMAN 22"" x 30"" x 16"" FRAME",sub_assembly,already_inactive_and_missing_from_katana
already_inactive,SA-BRV-OTT-22X30-CUSH,"BRAVADA OTTOMAN 22"" x 30"" x 16"" CUSH",sub_assembly,already_inactive_and_missing_from_katana
already_inactive,SA-BRV-OTT-22X42-FRAME,"BRAVADA OTTOMAN 22"" x 42"" x 16"" FRAME",sub_assembly,already_inactive_and_missing_from_katana
already_inactive,SA-BRV-OTT-22X42-CUSH,"BRAVADA OTTOMAN 22"" x 42"" x 16"" CUSH",sub_assembly,already_inactive_and_missing_from_katana
already_inactive,SA-BRV-OTT-22X60-FRAME,"BRAVADA OTTOMAN 22"" x 60"" x 16"" FRAME",sub_assembly,already_inactive_and_missing_from_katana
already_inactive,SA-BRV-OTT-22X60-CUSH,"BRAVADA OTTOMAN 22"" x 60"" x 16"" CUSH",sub_assembly,already_inactive_and_missing_from_katana
already_inactive,SA-BRV-SWG-66X42-FRAME,"BRAVADA SWING 66"" x 42"" x 23"" BH FRAME",sub_assembly,already_inactive_and_missing_from_katana
already_inactive,SA-BRV-SWG-66X42-CUSH,"BRAVADA SWING 66"" x 42"" x 23"" BH CUSH",sub_assembly,already_inactive_and_missing_from_katana
already_inactive,SA-BRV-SWG-72X42-FRAME,"BRAVADA SWING 72"" x 42"" x 23"" BH FRAME",sub_assembly,already_inactive_and_missing_from_katana
already_inactive,SA-BRV-SWG-72X42-CUSH,"BRAVADA SWING 72"" x 42"" x 23"" BH CUSH",sub_assembly,already_inactive_and_missing_from_katana
already_inactive,SA-BRV-SWG-96X32-FRAME,"BRAVADA SWING 96"" x 32"" x 23"" BH FRAME",sub_assembly,already_inactive_and_missing_from_katana
already_inactive,SA-BRV-SWG-96X32-CUSH,"BRAVADA SWING 96"" x 32"" x 23"" BH CUSH",sub_assembly,already_inactive_and_missing_from_katana
already_inactive,SA-BRV-ARM-SOF-34X34-FRAME,"BRAVADA ARMLESS SOFA 34"" x 34"" x 31"" BH FRAME",sub_assembly,already_inactive_and_missing_from_katana
already_inactive,SA-BRV-ARM-SOF-34X34-CUSH,"BRAVADA ARMLESS SOFA 34"" x 34"" x 31"" BH CUSH",sub_assembly,already_inactive_and_missing_from_katana
already_inactive,SA-BRV-OVS-CHS-72X42-FRAME,"BRAVADA OVERSIZED CHAISE 72"" x 42"" x 31"" BH FRAME",sub_assembly,already_inactive_and_missing_from_katana
already_inactive,SA-BRV-OVS-CHS-72X42-CUSH,"BRAVADA OVERSIZED CHAISE 72"" x 42"" x 31"" BH CUSH",sub_assembly,already_inactive_and_missing_from_katana
already_inactive,SA-BRV-OVS-CHS-84X42-FRAME,"BRAVADA OVERSIZED CHAISE 84"" x 42"" x 31"" BH FRAME",sub_assembly,already_inactive_and_missing_from_katana
already_inactive,SA-BRV-OVS-CHS-84X42-CUSH,"BRAVADA OVERSIZED CHAISE 84"" x 42"" x 31"" BH CUSH",sub_assembly,already_inactive_and_missing_from_katana
already_inactive,SA-BRK-SOF-60X34-FRAME,"BROOKLYN SOFA 60"" x 34"" x 30"" BH FRAME",sub_assembly,already_inactive_and_missing_from_katana
already_inactive,SA-BRK-SOF-60X34-CUSH,"BROOKLYN SOFA 60"" x 34"" x 30"" BH CUSH",sub_assembly,already_inactive_and_missing_from_katana
already_inactive,SA-BRK-SOF-72X34-FRAME,"BROOKLYN SOFA 72"" x 34"" x 30"" BH FRAME",sub_assembly,already_inactive_and_missing_from_katana
already_inactive,SA-BRK-SOF-72X34-CUSH,"BROOKLYN SOFA 72"" x 34"" x 30"" BH CUSH",sub_assembly,already_inactive_and_missing_from_katana
already_inactive,SA-BRK-SOF-84X34-FRAME,"BROOKLYN SOFA 84"" x 34"" x 30"" BH FRAME",sub_assembly,already_inactive_and_missing_from_katana
already_inactive,SA-BRK-SOF-84X34-CUSH,"BROOKLYN SOFA 84"" x 34"" x 30"" BH CUSH",sub_assembly,already_inactive_and_missing_from_katana
already_inactive,SA-BRK-SOF-96X34-FRAME,"BROOKLYN SOFA 96"" x 34"" x 30"" BH FRAME",sub_assembly,already_inactive_and_missing_from_katana
already_inactive,SA-BRK-SOF-96X34-CUSH,"BROOKLYN SOFA 96"" x 34"" x 30"" BH CUSH",sub_assembly,already_inactive_and_missing_from_katana
already_inactive,SA-BRK-COR-SOF-72X34-FRAME,"BROOKLYN CORNER SOFA 72"" x 34"" x 30"" BH FRAME",sub_assembly,already_inactive_and_missing_from_katana
already_inactive,SA-BRK-COR-SOF-72X34-CUSH,"BROOKLYN CORNER SOFA 72"" x 34"" x 30"" BH CUSH",sub_assembly,already_inactive_and_missing_from_katana
already_inactive,SA-BRK-COR-SOF-84X34-FRAME,"BROOKLYN CORNER SOFA 84"" x 34"" x 30"" BH FRAME",sub_assembly,already_inactive_and_missing_from_katana
already_inactive,SA-BRK-COR-SOF-96X34-CUSH,"BROOKLYN CORNER SOFA 96"" x 34"" x 30"" BH CUSH",sub_assembly,already_inactive_and_missing_from_katana
already_inactive,SA-BRK-COR-CHS-84X42-FRAME,"BROOKLYN CORNER CHAISE 84"" x 42"" x 30"" BH FRAME",sub_assembly,already_inactive_and_missing_from_katana
already_inactive,SA-BRK-COR-CHS-84X42-CUSH,"BROOKLYN CORNER CHAISE 84"" x 42"" x 30"" BH CUSH",sub_assembly,already_inactive_and_missing_from_katana
already_inactive,SA-MLN-OTT-34X42-FRAME,"MILAN OTTOMAN 34"" x 42"" x 16"" FRAME",sub_assembly,already_inactive_and_missing_from_katana
already_inactive,SA-MLN-OTT-34X42-CUSH,"MILAN OTTOMAN 34"" x 42"" x 16"" CUSH",sub_assembly,already_inactive_and_missing_from_katana
already_inactive,SA-MLN-OTT-34X34-FRAME,"MILAN OTTOMAN 34"" x 34"" x 16"" FRAME",sub_assembly,already_inactive_and_missing_from_katana
already_inactive,SA-MLN-OTT-34X34-CUSH,"MILAN OTTOMAN 34"" x 34"" x 16"" CUSH",sub_assembly,already_inactive_and_missing_from_katana
already_inactive,SA-MLN-OTT-34X72-FRAME,"MILAN OTTOMAN 34"" x 72"" x 16"" FRAME",sub_assembly,already_inactive_and_missing_from_katana
already_inactive,SA-MLN-OTT-34X72-CUSH,"MILAN OTTOMAN 34"" x 72"" x 16"" CUSH",sub_assembly,already_inactive_and_missing_from_katana
already_inactive,SA-OCN-SID-TAB-20X20-FRAME,"OCEAN SIDE TABLE 20"" x 20"" x 17"" FRAME",sub_assembly,already_inactive_and_missing_from_katana
already_inactive,SA-BRV-COF-TAB-56X72-FRAME,"BRAVADA COFFEE TABLE 56"" x 72"" x 17"" FRAME",sub_assembly,already_inactive_and_missing_from_katana
already_inactive,SA-BRV-SID-TAB-20X20-FRAME,"BRAVADA SIDE TABLE 20"" x 20"" x 17"" FRAME",sub_assembly,already_inactive_and_missing_from_katana
already_inactive,SA-OCN-COF-TAB-36X36-FRAME,"OCEAN COFFEE TABLE 36"" x 36"" x 17"" FRAME",sub_assembly,already_inactive_and_missing_from_katana
already_inactive,SA-OCN-COF-TAB-42X72-FRAME,"OCEAN COFFEE TABLE 42"" x 72"" x 17"" FRAME",sub_assembly,already_inactive_and_missing_from_katana
already_inactive,SA-OCN-COF-TAB-56X72-FRAME,"OCEAN COFFEE TABLE 56"" x 72"" x 17"" FRAME",sub_assembly,already_inactive_and_missing_from_katana
already_inactive,SA-OCN-TAB-72X12-FRAME,"FLY TABLE 72"" X 12"" FRAME",sub_assembly,already_inactive_and_missing_from_katana
already_inactive,SA-OCN-TAB-84X12-FRAME,"FLY TABLE 84"" X 12"" FRAME",sub_assembly,already_inactive_and_missing_from_katana
already_inactive,SA-OCN-TAB-96X12-FRAME,"FLY TABLE 96"" X 12"" FRAME",sub_assembly,already_inactive_and_missing_from_katana
already_inactive,SA-OCN-SID-TAB-32X32-FRAME,"TRIANGLE SIDE TABLE 32"" x 32"" x 17"" FRAME",sub_assembly,already_inactive_and_missing_from_katana
already_inactive,SA-FLY-LEG-BAR-COU-HEI-FRAME,FLY LEG BARSTOOL (COUNTER HEIGHT) FRAME,sub_assembly,already_inactive_and_missing_from_katana
already_inactive,SA-FLY-LEG-BAR-COU-HEI-CUSH,FLY LEG BARSTOOL (COUNTER HEIGHT) CUSH,sub_assembly,already_inactive_and_missing_from_katana
already_inactive,SA-DAI-DIN-TAB-56X30-FRAME,"DAISY BASE ROUND TABLE (DINING HEIGHT) 56"" x 30"" FRAME",sub_assembly,already_inactive_and_missing_from_katana
already_inactive,SA-BRA-CC-FRAME,Bravada Club Chair Frame,sub_assembly,already_inactive_and_missing_from_katana
already_inactive,SA-DAI-BAR-TAB-42X72-FRAME,"DAISY BASE TABLE (BAR HEIGHT) 42"" x 72"" x 42"" FRAME",sub_assembly,already_inactive_and_missing_from_katana
already_inactive,SA-DAI-BAR-TAB-42X96-FRAME,"DAISY BASE TABLE (BAR HEIGHT) 42"" x 96"" x 42"" FRAME",sub_assembly,already_inactive_and_missing_from_katana
already_inactive,SA-DAI-BAR-TAB-56X120-FRAME,"DAISY BASE TABLE (BAR HEIGHT) 56"" x 120"" x 42"" FRAME",sub_assembly,already_inactive_and_missing_from_katana
already_inactive,SA-DAI-BAR-TAB-56X56-FRAME,"DAISY BASE TABLE (BAR HEIGHT) 56"" x 56"" x 42"" FRAME",sub_assembly,already_inactive_and_missing_from_katana
already_inactive,SA-DAI-BAR-TAB-56X96-FRAME,"DAISY BASE TABLE (BAR HEIGHT) 56"" x 96"" x 42"" FRAME",sub_assembly,already_inactive_and_missing_from_katana
already_inactive,SA-DAI-CNT-TAB-42X120-FRAME,"DAISY BASE TABLE (COUNTER HEIGHT) 42"" x 120"" x 36"" FRAME",sub_assembly,already_inactive_and_missing_from_katana
already_inactive,SA-DAI-CNT-TAB-42X72-FRAME,"DAISY BASE TABLE (COUNTER HEIGHT) 42"" x 72"" x 36"" FRAME",sub_assembly,already_inactive_and_missing_from_katana
already_inactive,SA-DAI-CNT-TAB-56X72-FRAME,"DAISY BASE TABLE (COUNTER HEIGHT) 56"" x 72"" x 36"" FRAME",sub_assembly,already_inactive_and_missing_from_katana
already_inactive,SA-DAI-CNT-TAB-56X96-FRAME,"DAISY BASE TABLE (COUNTER HEIGHT) 56"" x 96"" x 36"" FRAME",sub_assembly,already_inactive_and_missing_from_katana
already_inactive,SA-DAI-DIN-TAB-56X72-FRAME,"DAISY BASE TABLE (DINING HEIGHT) 56"" x 72"" x 30"" FRAME",sub_assembly,already_inactive_and_missing_from_katana
already_inactive,SA-DAI-DIN-TAB-56X96-FRAME,"DAISY BASE TABLE (DINING HEIGHT) 56"" x 96"" x 30"" FRAME",sub_assembly,already_inactive_and_missing_from_katana
already_inactive,SA-BRK-BAR-TAB-28X72-FRAME,"BROOKLYN TABLE (BAR HEIGHT) 28"" x 72"" x 42"" FRAME",sub_assembly,already_inactive_and_missing_from_katana
already_inactive,SA-BRK-BAR-TAB-28X96-FRAME,"BROOKLYN TABLE (BAR HEIGHT) 28"" x 96"" x 42"" FRAME",sub_assembly,already_inactive_and_missing_from_katana
already_inactive,SA-BRK-BAR-TAB-36X120-FRAME,"BROOKLYN TABLE (BAR HEIGHT) 36"" x 120"" x 42"" FRAME",sub_assembly,already_inactive_and_missing_from_katana
already_inactive,SA-BRK-CNT-TAB-36X120-FRAME,"BROOKLYN TABLE (COUNTER HEIGHT) 36"" x 120"" x 36"" FRAME",sub_assembly,already_inactive_and_missing_from_katana
already_inactive,SA-BRK-CNT-TAB-36X72-FRAME,"BROOKLYN TABLE (COUNTER HEIGHT) 36"" x 72"" x 36"" FRAME",sub_assembly,already_inactive_and_missing_from_katana
already_inactive,SA-BRK-DIN-TAB-28X120-FRAME,"BROOKLYN TABLE (DINING HEIGHT) 28"" x 120"" x 30"" FRAME",sub_assembly,already_inactive_and_missing_from_katana
already_inactive,SA-BRK-DIN-TAB-28X72-FRAME,"BROOKLYN TABLE (DINING HEIGHT) 28"" x 72"" x 30"" FRAME",sub_assembly,already_inactive_and_missing_from_katana
already_inactive,SA-BRK-DIN-TAB-28X96-FRAME,"BROOKLYN TABLE (DINING HEIGHT) 28"" x 96"" x 30"" FRAME",sub_assembly,already_inactive_and_missing_from_katana
already_inactive,SA-BRK-DIN-TAB-36X120-FRAME,"BROOKLYN TABLE (DINING HEIGHT) 36"" x 120"" x 30"" FRAME",sub_assembly,already_inactive_and_missing_from_katana
already_inactive,SA-BRK-DIN-TAB-36X72-FRAME,"BROOKLYN TABLE (DINING HEIGHT) 36"" x 72"" x 30"" FRAME",sub_assembly,already_inactive_and_missing_from_katana
already_inactive,SA-BRK-DIN-TAB-36X96-FRAME,"BROOKLYN TABLE (DINING HEIGHT) 36"" x 96"" x 30"" FRAME",sub_assembly,already_inactive_and_missing_from_katana
already_inactive,SA-WFT-BAR-TAB-28X120-FRAME,"WATERFALL TABLE (BAR HEIGHT) 28"" x 120"" x 42"" FRAME",sub_assembly,already_inactive_and_missing_from_katana
already_inactive,SA-WFT-BAR-TAB-28X72-FRAME,"WATERFALL TABLE (BAR HEIGHT) 28"" x 72"" x 42"" FRAME",sub_assembly,already_inactive_and_missing_from_katana
already_inactive,SA-WFT-BAR-TAB-28X96-FRAME,"WATERFALL TABLE (BAR HEIGHT) 28"" x 96"" x 42"" FRAME",sub_assembly,already_inactive_and_missing_from_katana
already_inactive,SA-WFT-BAR-TAB-36X120-FRAME,"WATERFALL TABLE (BAR HEIGHT) 36"" x 120"" x 42"" FRAME",sub_assembly,already_inactive_and_missing_from_katana
already_inactive,SA-WFT-BAR-TAB-36X72-FRAME,"WATERFALL TABLE (BAR HEIGHT) 36"" x 72"" x 42"" FRAME",sub_assembly,already_inactive_and_missing_from_katana
already_inactive,SA-WFT-BAR-TAB-36X96-FRAME,"WATERFALL TABLE (BAR HEIGHT) 36"" x 96"" x 42"" FRAME",sub_assembly,already_inactive_and_missing_from_katana
already_inactive,SA-WFT-CNT-TAB-28X120-FRAME,"WATERFALL TABLE (COUNTER HEIGHT) 28"" x 120"" x 36"" FRAME",sub_assembly,already_inactive_and_missing_from_katana
already_inactive,SA-WFT-CNT-TAB-28X72-FRAME,"WATERFALL TABLE (COUNTER HEIGHT) 28"" x 72"" x 36"" FRAME",sub_assembly,already_inactive_and_missing_from_katana
already_inactive,SA-WFT-CNT-TAB-28X96-FRAME,"WATERFALL TABLE (COUNTER HEIGHT) 28"" x 96"" x 36"" FRAME",sub_assembly,already_inactive_and_missing_from_katana
already_inactive,SA-WFT-CNT-TAB-36X120-FRAME,"WATERFALL TABLE (COUNTER HEIGHT) 36"" x 120"" x 36"" FRAME",sub_assembly,already_inactive_and_missing_from_katana
already_inactive,SA-WFT-CNT-TAB-36X72-FRAME,"WATERFALL TABLE (COUNTER HEIGHT) 36"" x 72"" x 36"" FRAME",sub_assembly,already_inactive_and_missing_from_katana
already_inactive,SA-WFT-CNT-TAB-36X96-FRAME,"WATERFALL TABLE (COUNTER HEIGHT) 36"" x 96"" x 36"" FRAME",sub_assembly,already_inactive_and_missing_from_katana
already_inactive,SA-WFT-DIN-TAB-28X120-FRAME,"WATERFALL TABLE (DINING HEIGHT) 28"" x 120"" x 30"" FRAME",sub_assembly,already_inactive_and_missing_from_katana
already_inactive,SA-WFT-DIN-TAB-28X72-FRAME,"WATERFALL TABLE (DINING HEIGHT) 28"" x 72"" x 30"" FRAME",sub_assembly,already_inactive_and_missing_from_katana
already_inactive,SA-WFT-DIN-TAB-28X96-FRAME,"WATERFALL TABLE (DINING HEIGHT) 28"" x 96"" x 30"" FRAME",sub_assembly,already_inactive_and_missing_from_katana
already_inactive,SA-WFT-DIN-TAB-36X72-FRAME,"WATERFALL TABLE (DINING HEIGHT) 36"" x 72"" x 30"" FRAME",sub_assembly,already_inactive_and_missing_from_katana
already_inactive,SA-WFT-DIN-TAB-36X96-FRAME,"WATERFALL TABLE (DINING HEIGHT) 36"" x 96"" x 30"" FRAME",sub_assembly,already_inactive_and_missing_from_katana
already_inactive,SA-DAI-FIR-TAB-84X56-FRAME,"DAISY BASE FIRE PIT DINING TABLE 84"" x 56"" x 30"" FRAME",sub_assembly,already_inactive_and_missing_from_katana
already_inactive,SA-DAI-FIR-TAB-96X56-FRAME,"DAISY BASE FIRE PIT DINING TABLE 96"" x 56"" x 30"" FRAME",sub_assembly,already_inactive_and_missing_from_katana
already_inactive,SA-DAI-FIR-TAB-56X42-FRAME,"PROPANE FIRE PIT TABLE 56"" x 42"" x 21"" FRAME",sub_assembly,already_inactive_and_missing_from_katana
already_inactive,SA-DAI-FIR-TAB-42X42-FRAME,"PROPANE FIRE PIT TABLE 42"" x 42"" x 21"" FRAME",sub_assembly,already_inactive_and_missing_from_katana
already_inactive,SA-WFT-FIR-TAB-56X36-FRAME,"WATERFALL FIRE PIT TABLE 56"" x 36"" x 16"" FRAME",sub_assembly,already_inactive_and_missing_from_katana
already_inactive,SA-WFT-FIR-TAB-72X36-FRAME,"WATERFALL FIRE PIT TABLE 72"" x 36"" x 16"" FRAME",sub_assembly,already_inactive_and_missing_from_katana
already_inactive,SA-WFT-DIN-CHA-17X21-FRAME,"HALF BACK CHAIR (DINING HEIGHT) 17"" x 21"" x 18"" SH FRAME",sub_assembly,already_inactive_and_missing_from_katana
already_inactive,SA-WFT-DIN-CHA-17X21-CUSH,"HALF BACK CHAIR (DINING HEIGHT) 17"" x 21"" x 18"" SH CUSH",sub_assembly,already_inactive_and_missing_from_katana
already_inactive,SA-TAY-BCH-24X23-FRAME,"TAYLOR BENCH (BAR HEIGHT) 24"" x 23"" x 42"" SH FRAME",sub_assembly,already_inactive_and_missing_from_katana
already_inactive,SA-TAY-BCH-24X23-CUSH,"TAYLOR BENCH (BAR HEIGHT) 24"" x 23"" x 42"" SH CUSH",sub_assembly,already_inactive_and_missing_from_katana
already_inactive,SA-TAY-BCH-72X23-FRAME,"TAYLOR BENCH (BAR HEIGHT) 72"" x 23"" x 30"" SH FRAME",sub_assembly,already_inactive_and_missing_from_katana
already_inactive,SA-TAY-BCH-72X23-CUSH,"TAYLOR BENCH (BAR HEIGHT) 72"" x 23"" x 30"" SH CUSH",sub_assembly,already_inactive_and_missing_from_katana
already_inactive,SA-TAY-BCH-42X23-FRAME,"TAYLOR BENCH (COUNTER HEIGHT) 42"" x 23"" x 24"" SH FRAME",sub_assembly,already_inactive_and_missing_from_katana
already_inactive,SA-TAY-BCH-42X23-CUSH,"TAYLOR BENCH (COUNTER HEIGHT) 42"" x 23"" x 24"" SH CUSH",sub_assembly,already_inactive_and_missing_from_katana
already_inactive,SA-BRV-BCH-96X34-FRAME,"BRAVADA ROUNDED BENCH 96"" X 34"" X 18"" SH FRAME",sub_assembly,already_inactive_and_missing_from_katana
already_inactive,SA-BRV-BCH-96X34-CUSH,"BRAVADA ROUNDED BENCH 96"" X 34"" X 18"" SH CUSH",sub_assembly,already_inactive_and_missing_from_katana
already_inactive,SA-BRV-OTT-34X34-FRAME,"BRAVADA OTTOMAN 34"" x 34"" x 16"" FRAME",sub_assembly,already_inactive_and_missing_from_katana
already_inactive,SA-BRV-OTT-34X34-CUSH,"BRAVADA OTTOMAN 34"" x 34"" x 16"" CUSH",sub_assembly,already_inactive_and_missing_from_katana
already_inactive,SA-BRV-OTT-34X42-FRAME,"BRAVADA OTTOMAN 34"" x 42"" x 16"" FRAME",sub_assembly,already_inactive_and_missing_from_katana
already_inactive,SA-BRV-OTT-34X42-CUSH,"BRAVADA OTTOMAN 34"" x 42"" x 16"" CUSH",sub_assembly,already_inactive_and_missing_from_katana
already_inactive,SA-BRV-OTT-34X60-FRAME,"BRAVADA OTTOMAN 34"" x 60"" x 16"" FRAME",sub_assembly,already_inactive_and_missing_from_katana
already_inactive,SA-BRV-OTT-34X60-CUSH,"BRAVADA OTTOMAN 34"" x 60"" x 16"" CUSH",sub_assembly,already_inactive_and_missing_from_katana
already_inactive,SA-BRV-OTT-34X72-FRAME,"BRAVADA OTTOMAN 34"" x 72"" x 16"" FRAME",sub_assembly,already_inactive_and_missing_from_katana
already_inactive,SA-BRV-OTT-34X72-CUSH,"BRAVADA OTTOMAN 34"" x 72"" x 16"" CUSH",sub_assembly,already_inactive_and_missing_from_katana
already_inactive,SA-BRK-OTT-22X42-FRAME,"BROOKLYN OTTOMAN 22"" x 42"" x 17"" FRAME",sub_assembly,already_inactive_and_missing_from_katana
already_inactive,SA-BRK-OTT-22X42-CUSH,"BROOKLYN OTTOMAN 22"" x 42"" x 17"" CUSH",sub_assembly,already_inactive_and_missing_from_katana
already_inactive,SA-BRK-OTT-22X60-FRAME,"BROOKLYN OTTOMAN 22"" x 60"" x 17"" FRAME",sub_assembly,already_inactive_and_missing_from_katana
already_inactive,SA-BRK-OTT-22X60-CUSH,"BROOKLYN OTTOMAN 22"" x 60"" x 17"" CUSH",sub_assembly,already_inactive_and_missing_from_katana
already_inactive,SA-BRK-OTT-22X72-FRAME,"BROOKLYN OTTOMAN 22"" x 72"" x 17"" FRAME",sub_assembly,already_inactive_and_missing_from_katana
already_inactive,SA-BRK-OTT-22X72-CUSH,"BROOKLYN OTTOMAN 22"" x 72"" x 17"" CUSH",sub_assembly,already_inactive_and_missing_from_katana
already_inactive,SA-BRK-OTT-34X34-FRAME,"BROOKLYN OTTOMAN 34"" x 34"" x 17"" FRAME",sub_assembly,already_inactive_and_missing_from_katana
already_inactive,SA-BRK-OTT-34X34-CUSH,"BROOKLYN OTTOMAN 34"" x 34"" x 17"" CUSH",sub_assembly,already_inactive_and_missing_from_katana
already_inactive,SA-BRK-OTT-34X42-FRAME,"BROOKLYN OTTOMAN 34"" x 42"" x 17"" FRAME",sub_assembly,already_inactive_and_missing_from_katana
already_inactive,SA-BRK-OTT-34X42-CUSH,"BROOKLYN OTTOMAN 34"" x 42"" x 17"" CUSH",sub_assembly,already_inactive_and_missing_from_katana
already_inactive,SA-BRK-OTT-34X60-FRAME,"BROOKLYN OTTOMAN 34"" x 60"" x 17"" FRAME",sub_assembly,already_inactive_and_missing_from_katana
already_inactive,SA-BRK-OTT-34X60-CUSH,"BROOKLYN OTTOMAN 34"" x 60"" x 17"" CUSH",sub_assembly,already_inactive_and_missing_from_katana
already_inactive,SA-BRK-OTT-34X72-FRAME,"BROOKLYN OTTOMAN 34"" x 72"" x 17"" FRAME",sub_assembly,already_inactive_and_missing_from_katana
already_inactive,SA-BRK-OTT-34X72-CUSH,"BROOKLYN OTTOMAN 34"" x 72"" x 17"" CUSH",sub_assembly,already_inactive_and_missing_from_katana
already_inactive,SA-BRK-OTT-56X42-FRAME,"BROOKLYN OTTOMAN 56"" x 42"" x 17"" FRAME",sub_assembly,already_inactive_and_missing_from_katana
already_inactive,SA-BRK-OTT-56X42-CUSH,"BROOKLYN OTTOMAN 56"" x 42"" x 17"" CUSH",sub_assembly,already_inactive_and_missing_from_katana
already_inactive,SA-OCN-OTT-42X22-FRAME,"OCEAN OTTOMAN 42"" x 22"" x 16"" FRAME",sub_assembly,already_inactive_and_missing_from_katana
already_inactive,SA-OCN-OTT-42X22-CUSH,"OCEAN OTTOMAN 42"" x 22"" x 16"" CUSH",sub_assembly,already_inactive_and_missing_from_katana
already_inactive,SA-OCN-OTT-60X22-FRAME,"OCEAN OTTOMAN 60"" x 22"" x 16"" FRAME",sub_assembly,already_inactive_and_missing_from_katana
already_inactive,SA-OCN-OTT-60X22-CUSH,"OCEAN OTTOMAN 60"" x 22"" x 16"" CUSH",sub_assembly,already_inactive_and_missing_from_katana
already_inactive,SA-OCN-OTT-72X22-FRAME,"OCEAN OTTOMAN 72"" x 22"" x 16"" FRAME",sub_assembly,already_inactive_and_missing_from_katana
already_inactive,SA-OCN-OTT-72X22-CUSH,"OCEAN OTTOMAN 72"" x 22"" x 16"" CUSH",sub_assembly,already_inactive_and_missing_from_katana
already_inactive,SA-MIS-OTT-22X22-FRAME,"CUBE OTTOMAN 22"" x 22"" x 16"" FRAME",sub_assembly,already_inactive_and_missing_from_katana
already_inactive,SA-MIS-OTT-22X22-CUSH,"CUBE OTTOMAN 22"" x 22"" x 16"" CUSH",sub_assembly,already_inactive_and_missing_from_katana
already_inactive,SA-CUS-OTT-22X72-FRAME,"CUSTOM STORAGE OTTOMAN 22"" x 72"" x 23"" FRAME",sub_assembly,already_inactive_and_missing_from_katana
already_inactive,SA-CUS-OTT-22X72-CUSH,"CUSTOM STORAGE OTTOMAN 22"" x 72"" x 23"" CUSH",sub_assembly,already_inactive_and_missing_from_katana
already_inactive,SA-BRV-SWG-84X42-FRAME,"BRAVADA SWING 84"" x 42"" x 23"" BH FRAME",sub_assembly,already_inactive_and_missing_from_katana
already_inactive,SA-BRV-SWG-84X42-CUSH,"BRAVADA SWING 84"" x 42"" x 23"" BH CUSH",sub_assembly,already_inactive_and_missing_from_katana
already_inactive,SA-FLY-LEG-BEN-COU-HEI-42-FRAME,FLY LEG BENCH (COUNTER HEIGHT) 42 FRAME,sub_assembly,already_inactive_and_missing_from_katana
already_inactive,SA-FLY-LEG-BEN-COU-HEI-42-CUSH,FLY LEG BENCH (COUNTER HEIGHT) 42 CUSH,sub_assembly,already_inactive_and_missing_from_katana
already_inactive,SA-FLY-LEG-BEN-DIN-HEI-42-FRAME,FLY LEG BENCH (DINING HEIGHT) 42 FRAME,sub_assembly,already_inactive_and_missing_from_katana
already_inactive,SA-FLY-LEG-BEN-DIN-HEI-42-CUSH,FLY LEG BENCH (DINING HEIGHT) 42 CUSH,sub_assembly,already_inactive_and_missing_from_katana
already_inactive,SA-FLY-TAB-38X8-FRAME,FLY TABLE 8 FRAME,sub_assembly,already_inactive_and_missing_from_katana
already_inactive,SA-FLY-TAB-60X12-FRAME,FLY TABLE 60 FRAME,sub_assembly,already_inactive_and_missing_from_katana
already_inactive,SA-FLY-TAB-72X12-FRAME,FLY TABLE 72 FRAME,sub_assembly,already_inactive_and_missing_from_katana
already_inactive,SA-FLY-TAB-84X12-FRAME,FLY TABLE 84 FRAME,sub_assembly,already_inactive_and_missing_from_katana
already_inactive,SA-FLY-TAB-96X12-FRAME,FLY TABLE 96 FRAME,sub_assembly,already_inactive_and_missing_from_katana
already_inactive,SA-HAL-BAC-BAR-BAR-HEI-FRAME,HALF BACK BARSTOOL (BAR HEIGHT) FRAME,sub_assembly,already_inactive_and_missing_from_katana
already_inactive,SA-HAL-BAC-BAR-BAR-HEI-CUSH,HALF BACK BARSTOOL (BAR HEIGHT) CUSH,sub_assembly,already_inactive_and_missing_from_katana
already_inactive,SA-LED-CHA-FRAME,LEDGE LOUNGER SIGNATURE LOWBACK CHAIR FRAME,sub_assembly,already_inactive_and_missing_from_katana
already_inactive,SA-LED-CHA-CUSH,LEDGE LOUNGER SIGNATURE LOWBACK CHAIR CUSH,sub_assembly,already_inactive_and_missing_from_katana
already_inactive,SA-LED-SID-TAB-FRAME,LEDGE LOUNGER AUTOGRAPH SIDE TABLE FRAME,sub_assembly,already_inactive_and_missing_from_katana
already_inactive,SA-MIS-DIN-BCH-72X22-FRAME,DINING BENCH W/NO ARMS 72 X 22 FRAME,sub_assembly,already_inactive_and_missing_from_katana
already_inactive,SA-MIS-DIN-BCH-72X22-CUSH,DINING BENCH W/NO ARMS 72 X 22 CUSH,sub_assembly,already_inactive_and_missing_from_katana
already_inactive,SA-MIS-DIN-BCH-96X22-FRAME,DINING BENCH W/NO ARMS 96 X 22 FRAME,sub_assembly,already_inactive_and_missing_from_katana
already_inactive,SA-MIS-DIN-BCH-96X22-CUSH,DINING BENCH W/NO ARMS 96 X 22 CUSH,sub_assembly,already_inactive_and_missing_from_katana
already_inactive,SA-CAB-DYB-84X84-FRAME,"CABANA DAYBED 84"" x 84"" x 78"" FRAME",sub_assembly,already_inactive_and_missing_from_katana
already_inactive,SA-CAB-DYB-84X84-CUSH,"CABANA DAYBED 84"" x 84"" x 78"" CUSH",sub_assembly,already_inactive_and_missing_from_katana
already_inactive,SA-MLN-TAB-56X14-FRAME,"OCCASIONAL TABLE 56""x14""x36"" FRAME",sub_assembly,already_inactive_and_missing_from_katana
already_inactive,SA-CUS-OTT-23X82-FRAME,"CUSTOM STORAGE OTTOMAN 23"" x 82"" FRAME",sub_assembly,already_inactive_and_missing_from_katana
already_inactive,SA-CUS-OTT-23X82-CUSH,"CUSTOM STORAGE OTTOMAN 23"" x 82"" CUSH",sub_assembly,already_inactive_and_missing_from_katana
already_inactive,SA-MIS-DIN-CHA-17X21-FRAME,HALF BACK CHAIR (DINING HEIGHT FRAME,sub_assembly,already_inactive_and_missing_from_katana
already_inactive,SA-MIS-DIN-CHA-17X21-CUSH,HALF BACK CHAIR (DINING HEIGHT CUSH,sub_assembly,already_inactive_and_missing_from_katana
already_inactive,SA-MIS-FIR-TAB-42X42-FRAME,PROPANE FIRE PIT TABLE 42 X 42 FRAME,sub_assembly,already_inactive_and_missing_from_katana
already_inactive,SA-MIS-FLY-BST-17X21-FRAME,HALF BACK BARSTOOL (COUNTER HEIGHT) FRAME,sub_assembly,already_inactive_and_missing_from_katana
already_inactive,SA-MIS-FLY-BST-17X21-CUSH,HALF BACK BARSTOOL (COUNTER HEIGHT) CUSH,sub_assembly,already_inactive_and_missing_from_katana
already_inactive,SA-MIS-SID-TAB-13X30-FRAME,U SIDE TABLE FRAME,sub_assembly,already_inactive_and_missing_from_katana
already_inactive,SA-MIS-TAB-13X30-FRAME,T TABLE FRAME,sub_assembly,already_inactive_and_missing_from_katana
already_inactive,SA-OCC-TAB-56X14-FRAME,OCCASIONAL TABLE FRAME,sub_assembly,already_inactive_and_missing_from_katana
already_inactive,SA-OCN-SID-TAB-12-FRAME,ANGULAR SIDE TABLE FRAME,sub_assembly,already_inactive_and_missing_from_katana
already_inactive,SA-OCN-SWV-CHA-FRAME,Ocean Swivel Chair FRAME,sub_assembly,already_inactive_and_missing_from_katana
already_inactive,SA-OCN-SWV-CHA-CUSH,Ocean Swivel Chair CUSH,sub_assembly,already_inactive_and_missing_from_katana
already_inactive,SA-STA-BAR-TAB-36X36-FRAME,STAR LEG TABLE (BAR HEIGHT) 36 X 36 FRAME,sub_assembly,already_inactive_and_missing_from_katana
already_inactive,SA-STA-DIN-TAB-36X36-FRAME,STAR LEG TABLE (DINING HEIGHT) 36 X 36 FRAME,sub_assembly,already_inactive_and_missing_from_katana
already_inactive,SA-STA-DIN-TAB-42X42-FRAME,STAR LEG TABLE (DINING HEIGHT) 42 X 42 FRAME,sub_assembly,already_inactive_and_missing_from_katana
already_inactive,SA-STA-DIN-TAB-72X36-FRAME,STAR LEG TABLE (DINING HEIGHT) 36 X 72 FRAME,sub_assembly,already_inactive_and_missing_from_katana
already_inactive,SA-TAY-BAR-W-ARM-COU-HEI-FRAME,TAYLOR BARSTOOL W/ARMS (COUNTER HEIGHT) FRAME,sub_assembly,already_inactive_and_missing_from_katana
already_inactive,SA-TAY-BAR-W-ARM-COU-HEI-CUSH,TAYLOR BARSTOOL W/ARMS (COUNTER HEIGHT) CUSH,sub_assembly,already_inactive_and_missing_from_katana
already_inactive,SA-TAY-BEN-BAR-HEI-72-FRAME,TAYLOR BENCH (BAR HEIGHT) 72 FRAME,sub_assembly,already_inactive_and_missing_from_katana
already_inactive,SA-STA-BAR-TAB-42X42-FRAME,STAR LEG TABLE (BAR HEIGHT) 42 X 42 FRAME,sub_assembly,already_inactive_and_missing_from_katana
already_inactive,SA-STA-BAR-TAB-72X36-FRAME,STAR LEG TABLE (BAR HEIGHT) 36 X 72 FRAME,sub_assembly,already_inactive_and_missing_from_katana
already_inactive,SA-TAY-BEN-DIN-HEI-72-CUSH,TAYLOR BENCH (DINING HEIGHT) 72 CUSH,sub_assembly,already_inactive_and_missing_from_katana
already_inactive,SA-TAY-BST-18X23-FRAME,TAYLOR BARSTOOL (COUNTER HEIGHT) FRAME,sub_assembly,already_inactive_and_missing_from_katana
already_inactive,SA-TAY-BST-18X23-CUSH,TAYLOR BARSTOOL (COUNTER HEIGHT) CUSH,sub_assembly,already_inactive_and_missing_from_katana
already_inactive,SA-TAY-DIN-CHA-19X23-FRAME,TAYLOR CHAIR (DINING HEIGHT) FRAME,sub_assembly,already_inactive_and_missing_from_katana
already_inactive,SA-TAY-DIN-CHA-19X23-CUSH,TAYLOR CHAIR (DINING HEIGHT) CUSH,sub_assembly,already_inactive_and_missing_from_katana
already_inactive,SA-TJM-CHA-FRAME,FREELO CHAIR SPLASH FRAME,sub_assembly,already_inactive_and_missing_from_katana
already_inactive,SA-TJM-CHA-CUSH,FREELO CHAIR SPLASH CUSH,sub_assembly,already_inactive_and_missing_from_katana
already_inactive,SA-TJM-TAB-FRAME,Ripple Table FRAME,sub_assembly,already_inactive_and_missing_from_katana
already_inactive,SA-TRI-SID-TAB-32X32-FRAME,TRIANGLE SIDE TABLE FRAME,sub_assembly,already_inactive_and_missing_from_katana
already_inactive,SA-WFT-BAR-TAB-120X28-FRAME,WATERFALL TABLE (BAR HEIGHT) 28 X 120 FRAME,sub_assembly,already_inactive_and_missing_from_katana
already_inactive,SA-WFT-BAR-TAB-120X36-FRAME,WATERFALL TABLE (BAR HEIGHT) 36 X 120 FRAME,sub_assembly,already_inactive_and_missing_from_katana
already_inactive,SA-WFT-BAR-TAB-72X28-FRAME,WATERFALL TABLE (BAR HEIGHT) 28 X 72 FRAME,sub_assembly,already_inactive_and_missing_from_katana
already_inactive,SA-WFT-BAR-TAB-72X36-FRAME,WATERFALL TABLE (BAR HEIGHT) 36 X 72 FRAME,sub_assembly,already_inactive_and_missing_from_katana
already_inactive,SA-WFT-BAR-TAB-96X28-FRAME,WATERFALL TABLE (BAR HEIGHT) 28 X 96 FRAME,sub_assembly,already_inactive_and_missing_from_katana
already_inactive,SA-WFT-BAR-TAB-96X36-FRAME,WATERFALL TABLE (BAR HEIGHT) 36 X 96 FRAME,sub_assembly,already_inactive_and_missing_from_katana
already_inactive,SA-WFT-CNT-TAB-120X28-FRAME,WATERFALL TABLE (COUNTER HEIGHT) 28 X 120 FRAME,sub_assembly,already_inactive_and_missing_from_katana
already_inactive,SA-WFT-CNT-TAB-120X36-FRAME,WATERFALL TABLE (COUNTER HEIGHT) 36 X 120 FRAME,sub_assembly,already_inactive_and_missing_from_katana
already_inactive,SA-WFT-CNT-TAB-72X28-FRAME,WATERFALL TABLE (COUNTER HEIGHT) 28 X 72 FRAME,sub_assembly,already_inactive_and_missing_from_katana
already_inactive,SA-WFT-CNT-TAB-72X36-FRAME,WATERFALL TABLE (COUNTER HEIGHT) 36 X 72 FRAME,sub_assembly,already_inactive_and_missing_from_katana
already_inactive,SA-WFT-CNT-TAB-96X28-FRAME,WATERFALL TABLE (COUNTER HEIGHT) 28 X 96 FRAME,sub_assembly,already_inactive_and_missing_from_katana
already_inactive,SA-WFT-CNT-TAB-96X36-FRAME,WATERFALL TABLE (COUNTER HEIGHT) 36 X 96 FRAME,sub_assembly,already_inactive_and_missing_from_katana
already_inactive,SA-WFT-DIN-TAB-120X28-FRAME,WATERFALL TABLE (DINING HEIGHT) 28 X 120 FRAME,sub_assembly,already_inactive_and_missing_from_katana
already_inactive,SA-WFT-DIN-TAB-120X36-FRAME,WATERFALL TABLE (DINING HEIGHT) 36 X 120 FRAME,sub_assembly,already_inactive_and_missing_from_katana
already_inactive,SA-WFT-DIN-TAB-72X36-FRAME,WATERFALL TABLE (DINING HEIGHT) 36 X 72 FRAME,sub_assembly,already_inactive_and_missing_from_katana
already_inactive,SA-WFT-DIN-TAB-96X28-FRAME,WATERFALL TABLE (DINING HEIGHT) 28 X 96 FRAME,sub_assembly,already_inactive_and_missing_from_katana
already_inactive,SA-WFT-DIN-TAB-96X36-FRAME,WATERFALL TABLE (DINING HEIGHT) 36 X 96 FRAME,sub_assembly,already_inactive_and_missing_from_katana
already_inactive,SA-WFT-SID-TAB-13X40-FRAME,WATERFALL SIDE TABLE 40X13 FRAME,sub_assembly,already_inactive_and_missing_from_katana
already_inactive,SA-BRV-SOF-72X34-CUSH,"BRAVADA SOFA 72"" x 34"" x 31"" BH CUSH",sub_assembly,already_inactive_and_missing_from_katana
already_inactive,SA-BRK-SGL-CHS-38X79-FRAME,"BROOKLYN SINGLE CHAISE LOUNGE 38"" x 79"" x 11"" SH FRAME",sub_assembly,already_inactive_and_missing_from_katana
already_inactive,SA-BRV-COF-TAB-56X56-FRAME,"BRAVADA COFFEE TABLE 56"" x 56"" x 17"" FRAME",sub_assembly,already_inactive_and_missing_from_katana
already_inactive,SA-BRK-BAR-TAB-36X36-FRAME,"STAR LEG TABLE (BAR HEIGHT) 36"" x 36"" x 42"" FRAME",sub_assembly,already_inactive_and_missing_from_katana
already_inactive,SA-WFT-FLY-BST-18X18-CUSH,"FLY LEG BARSTOOL (BAR HEIGHT) 18"" x 18"" x 30"" SH CUSH",sub_assembly,already_inactive_and_missing_from_katana
already_inactive,SA-BRK-COR-SOF-84X34-CUSH,"BROOKLYN CORNER SOFA 84"" x 34"" x 30"" BH CUSH",sub_assembly,already_inactive_and_missing_from_katana
already_inactive,SA-BRV-COF-TAB-42X72-FRAME,"BRAVADA COFFEE TABLE 42"" x 72"" x 17"" FRAME",sub_assembly,already_inactive_and_missing_from_katana
already_inactive,SA-OCN-SID-TAB-13X30-FRAME,"U SIDE TABLE 13"" x 30"" x 21"" FRAME",sub_assembly,already_inactive_and_missing_from_katana
already_inactive,SA-DAI-BAR-TAB-56X72-FRAME,"DAISY BASE TABLE (BAR HEIGHT) 56"" x 72"" x 42"" FRAME",sub_assembly,already_inactive_and_missing_from_katana
already_inactive,SA-DAI-CNT-TAB-42X96-FRAME,"DAISY BASE TABLE (COUNTER HEIGHT) 42"" x 96"" x 36"" FRAME",sub_assembly,already_inactive_and_missing_from_katana
already_inactive,SA-BRK-CNT-TAB-36X96-FRAME,"BROOKLYN TABLE (COUNTER HEIGHT) 36"" x 96"" x 36"" FRAME",sub_assembly,already_inactive_and_missing_from_katana
keep_active,FIN-TJM-MIS-TWOSHAYZ,FIN-TJM-MIS-TWOSHAYZ,finished_good,live_in_both
keep_active,FIN-TJM-MIS-TWOSHAYZ2,FIN-TJM-MIS-TWOSHAYZ2,finished_good,live_in_both
keep_active,FIN-TJM-MIS-TWOWOOSAH,FIN-TJM-MIS-TWOWOOSAH,finished_good,live_in_both
keep_active,FIN-WFT-BCH-42X18-FLYLEG,FIN-WFT-BCH-42X18-FLYLEG,finished_good,live_in_both
keep_active,FIN-WFT-BCH-42X18-FLYLEG2,FIN-WFT-BCH-42X18-FLYLEG2,finished_good,live_in_both
keep_active,FIN-WFT-FIR-TAB-56X36-CUBEFIRE,FIN-WFT-FIR-TAB-56X36-CUBEFIRE,finished_good,live_in_both
keep_active,FIN-WFT-FIR-TAB-72X36-CUBEFIRE,FIN-WFT-FIR-TAB-72X36-CUBEFIRE,finished_good,live_in_both
keep_active,FIN-WFT-FLY-BST-17X21-HALFBACK,FIN-WFT-FLY-BST-17X21-HALFBACK,finished_good,live_in_both
keep_active,FIN-WFT-FLY-BST-18X18-LEGBARSTOOL,FIN-WFT-FLY-BST-18X18-LEGBARSTOOL,finished_good,live_in_both
