fin_sku,identity_stem,family,ingredient_sku,role,quantity,status
"FIN-BRK-BAR-TAB-120X28","BRK-BAR-TAB-120X28","table","ASM-BRK-BAR-TAB-120X28-FRAME","FRAME","1","export"
"FIN-BRK-BAR-TAB-120X36","BRK-BAR-TAB-120X36","table","ASM-BRK-BAR-TAB-120X36-FRAME","FRAME","1","export"
"FIN-BRK-BAR-TAB-28X120","BRK-BAR-TAB-28X120","table","ASM-BRK-BAR-TAB-28X120-FRAME","FRAME","1","export"
"FIN-BRK-BAR-TAB-28X72","BRK-BAR-TAB-28X72","table","ASM-BRK-BAR-TAB-28X72-FRAME","FRAME","1","export"
"FIN-BRK-BAR-TAB-28X96","BRK-BAR-TAB-28X96","table","ASM-BRK-BAR-TAB-28X96-FRAME","FRAME","1","export"
"FIN-BRK-BAR-TAB-36X120","BRK-BAR-TAB-36X120","table","ASM-BRK-BAR-TAB-36X120-FRAME","FRAME","1","export"
"FIN-BRK-BAR-TAB-36X36","BRK-BAR-TAB-36X36","table","ASM-BRK-BAR-TAB-36X36-FRAME","FRAME","1","export"
"FIN-BRK-BAR-TAB-36X72","BRK-BAR-TAB-36X72","table","ASM-BRK-BAR-TAB-36X72-FRAME","FRAME","1","export"
"FIN-BRK-BAR-TAB-36X72-STARLEG","","table","ASM-BRK-BAR-TAB-36X72-FRAME","FRAME","1","export"
"FIN-BRK-BAR-TAB-36X96","BRK-BAR-TAB-36X96","table","ASM-BRK-BAR-TAB-36X96-FRAME","FRAME","1","export"
"FIN-BRK-BAR-TAB-42X42","BRK-BAR-TAB-42X42","table","ASM-BRK-BAR-TAB-42X42-FRAME","FRAME","1","export"
"FIN-BRK-BAR-TAB-72X28","BRK-BAR-TAB-72X28","table","ASM-BRK-BAR-TAB-72X28-FRAME","FRAME","1","export"
"FIN-BRK-BAR-TAB-72X36","BRK-BAR-TAB-72X36","table","ASM-BRK-BAR-TAB-72X36-FRAME","FRAME","1","export"
"FIN-BRK-BAR-TAB-96X36","BRK-BAR-TAB-96X36","table","ASM-BRK-BAR-TAB-96X36-FRAME","FRAME","1","export"
"FIN-BRK-BAR-TAB-98X28","BRK-BAR-TAB-98X28","table","ASM-BRK-BAR-TAB-98X28-FRAME","FRAME","1","export"
"FIN-BRK-CHS-72X34-LS","BRK-CHS-72X34-LS","seating","SA-BRO-C-72X34-LS-FRAME","FRAME","1","export"
"FIN-BRK-CHS-72X34-LS","BRK-CHS-72X34-LS","seating","SA-BRO-C-72X34-LS-CUSH","CUSH","1","export"
"FIN-BRK-CHS-72X34-LS-BE","BRK-CHS-72X34-LS","seating","SA-BRO-C-72X34-LS-FRAME","FRAME","1","export"
"FIN-BRK-CHS-72X34-LS-BE","BRK-CHS-72X34-LS","seating","SA-BRO-C-72X34-LS-CUSH","CUSH","1","export"
"FIN-BRK-CHS-72X34-LS-BO","BRK-CHS-72X34-LS","seating","SA-BRO-C-72X34-LS-FRAME","FRAME","1","export"
"FIN-BRK-CHS-72X34-LS-BO","BRK-CHS-72X34-LS","seating","SA-BRO-C-72X34-LS-CUSH","CUSH","1","export"
"FIN-BRK-CHS-72X34-LS-BR","BRK-CHS-72X34-LS","seating","SA-BRO-C-72X34-LS-FRAME","FRAME","1","export"
"FIN-BRK-CHS-72X34-LS-BR","BRK-CHS-72X34-LS","seating","SA-BRO-C-72X34-LS-CUSH","CUSH","1","export"
"FIN-BRK-CHS-72X34-LS-GR","BRK-CHS-72X34-LS","seating","SA-BRO-C-72X34-LS-FRAME","FRAME","1","export"
"FIN-BRK-CHS-72X34-LS-GR","BRK-CHS-72X34-LS","seating","SA-BRO-C-72X34-LS-CUSH","CUSH","1","export"
"FIN-BRK-CHS-72X34-LS-WH","BRK-CHS-72X34-LS","seating","SA-BRO-C-72X34-LS-FRAME","FRAME","1","export"
"FIN-BRK-CHS-72X34-LS-WH","BRK-CHS-72X34-LS","seating","SA-BRO-C-72X34-LS-CUSH","CUSH","1","export"
"FIN-BRK-CHS-72X34-RS","BRK-CHS-72X34-RS","seating","SA-BRO-C-72X34-RS-FRAME","FRAME","1","export"
"FIN-BRK-CHS-72X34-RS","BRK-CHS-72X34-RS","seating","SA-BRO-C-72X34-RS-CUSH","CUSH","1","export"
"FIN-BRK-CHS-72X34-RS-BE","BRK-CHS-72X34-RS","seating","SA-BRO-C-72X34-RS-FRAME","FRAME","1","export"
"FIN-BRK-CHS-72X34-RS-BE","BRK-CHS-72X34-RS","seating","SA-BRO-C-72X34-RS-CUSH","CUSH","1","export"
"FIN-BRK-CHS-72X34-RS-BO","BRK-CHS-72X34-RS","seating","SA-BRO-C-72X34-RS-FRAME","FRAME","1","export"
"FIN-BRK-CHS-72X34-RS-BO","BRK-CHS-72X34-RS","seating","SA-BRO-C-72X34-RS-CUSH","CUSH","1","export"
"FIN-BRK-CHS-72X34-RS-BR","BRK-CHS-72X34-RS","seating","SA-BRO-C-72X34-RS-FRAME","FRAME","1","export"
"FIN-BRK-CHS-72X34-RS-BR","BRK-CHS-72X34-RS","seating","SA-BRO-C-72X34-RS-CUSH","CUSH","1","export"
"FIN-BRK-CHS-72X34-RS-GR","BRK-CHS-72X34-RS","seating","SA-BRO-C-72X34-RS-FRAME","FRAME","1","export"
"FIN-BRK-CHS-72X34-RS-GR","BRK-CHS-72X34-RS","seating","SA-BRO-C-72X34-RS-CUSH","CUSH","1","export"
"FIN-BRK-CHS-72X34-RS-WH","BRK-CHS-72X34-RS","seating","SA-BRO-C-72X34-RS-FRAME","FRAME","1","export"
"FIN-BRK-CHS-72X34-RS-WH","BRK-CHS-72X34-RS","seating","SA-BRO-C-72X34-RS-CUSH","CUSH","1","export"
"FIN-BRK-CHS-72X42-LS","BRK-CHS-72X42-LS","seating","SA-BRO-C-72X42-LS-FRAME","FRAME","1","export"
"FIN-BRK-CHS-72X42-LS","BRK-CHS-72X42-LS","seating","SA-BRO-C-72X42-LS-CUSH","CUSH","1","export"
"FIN-BRK-CHS-72X42-LS-BE","BRK-CHS-72X42-LS","seating","SA-BRO-C-72X42-LS-FRAME","FRAME","1","export"
"FIN-BRK-CHS-72X42-LS-BE","BRK-CHS-72X42-LS","seating","SA-BRO-C-72X42-LS-CUSH","CUSH","1","export"
"FIN-BRK-CHS-72X42-LS-BO","BRK-CHS-72X42-LS","seating","SA-BRO-C-72X42-LS-FRAME","FRAME","1","export"
"FIN-BRK-CHS-72X42-LS-BO","BRK-CHS-72X42-LS","seating","SA-BRO-C-72X42-LS-CUSH","CUSH","1","export"
"FIN-BRK-CHS-72X42-LS-BR","BRK-CHS-72X42-LS","seating","SA-BRO-C-72X42-LS-FRAME","FRAME","1","export"
"FIN-BRK-CHS-72X42-LS-BR","BRK-CHS-72X42-LS","seating","SA-BRO-C-72X42-LS-CUSH","CUSH","1","export"
"FIN-BRK-CHS-72X42-LS-GR","BRK-CHS-72X42-LS","seating","SA-BRO-C-72X42-LS-FRAME","FRAME","1","export"
"FIN-BRK-CHS-72X42-LS-GR","BRK-CHS-72X42-LS","seating","SA-BRO-C-72X42-LS-CUSH","CUSH","1","export"
"FIN-BRK-CHS-72X42-LS-WH","BRK-CHS-72X42-LS","seating","SA-BRO-C-72X42-LS-FRAME","FRAME","1","export"
"FIN-BRK-CHS-72X42-LS-WH","BRK-CHS-72X42-LS","seating","SA-BRO-C-72X42-LS-CUSH","CUSH","1","export"
"FIN-BRK-CHS-72X42-RS","BRK-CHS-72X42-RS","seating","SA-BRO-C-72X42-RS-FRAME","FRAME","1","export"
"FIN-BRK-CHS-72X42-RS","BRK-CHS-72X42-RS","seating","SA-BRO-C-72X42-RS-CUSH","CUSH","1","export"
"FIN-BRK-CHS-72X42-RS-BE","BRK-CHS-72X42-RS","seating","SA-BRO-C-72X42-RS-FRAME","FRAME","1","export"
"FIN-BRK-CHS-72X42-RS-BE","BRK-CHS-72X42-RS","seating","SA-BRO-C-72X42-RS-CUSH","CUSH","1","export"
"FIN-BRK-CHS-72X42-RS-BO","BRK-CHS-72X42-RS","seating","SA-BRO-C-72X42-RS-FRAME","FRAME","1","export"
"FIN-BRK-CHS-72X42-RS-BO","BRK-CHS-72X42-RS","seating","SA-BRO-C-72X42-RS-CUSH","CUSH","1","export"
"FIN-BRK-CHS-72X42-RS-BR","BRK-CHS-72X42-RS","seating","SA-BRO-C-72X42-RS-FRAME","FRAME","1","export"
"FIN-BRK-CHS-72X42-RS-BR","BRK-CHS-72X42-RS","seating","SA-BRO-C-72X42-RS-CUSH","CUSH","1","export"
"FIN-BRK-CHS-72X42-RS-GR","BRK-CHS-72X42-RS","seating","SA-BRO-C-72X42-RS-FRAME","FRAME","1","export"
"FIN-BRK-CHS-72X42-RS-GR","BRK-CHS-72X42-RS","seating","SA-BRO-C-72X42-RS-CUSH","CUSH","1","export"
"FIN-BRK-CHS-72X42-RS-WH","BRK-CHS-72X42-RS","seating","SA-BRO-C-72X42-RS-FRAME","FRAME","1","export"
"FIN-BRK-CHS-72X42-RS-WH","BRK-CHS-72X42-RS","seating","SA-BRO-C-72X42-RS-CUSH","CUSH","1","export"
"FIN-BRK-CHS-84X34-LS","BRK-CHS-84X34-LS","seating","SA-BRO-C-84X34-LS-FRAME","FRAME","1","export"
"FIN-BRK-CHS-84X34-LS","BRK-CHS-84X34-LS","seating","SA-BRO-C-84X34-LS-CUSH","CUSH","1","export"
"FIN-BRK-CHS-84X34-LS-BE","BRK-CHS-84X34-LS","seating","SA-BRO-C-84X34-LS-FRAME","FRAME","1","export"
"FIN-BRK-CHS-84X34-LS-BE","BRK-CHS-84X34-LS","seating","SA-BRO-C-84X34-LS-CUSH","CUSH","1","export"
"FIN-BRK-CHS-84X34-LS-BO","BRK-CHS-84X34-LS","seating","SA-BRO-C-84X34-LS-FRAME","FRAME","1","export"
"FIN-BRK-CHS-84X34-LS-BO","BRK-CHS-84X34-LS","seating","SA-BRO-C-84X34-LS-CUSH","CUSH","1","export"
"FIN-BRK-CHS-84X34-LS-BR","BRK-CHS-84X34-LS","seating","SA-BRO-C-84X34-LS-FRAME","FRAME","1","export"
"FIN-BRK-CHS-84X34-LS-BR","BRK-CHS-84X34-LS","seating","SA-BRO-C-84X34-LS-CUSH","CUSH","1","export"
"FIN-BRK-CHS-84X34-LS-GR","BRK-CHS-84X34-LS","seating","SA-BRO-C-84X34-LS-FRAME","FRAME","1","export"
"FIN-BRK-CHS-84X34-LS-GR","BRK-CHS-84X34-LS","seating","SA-BRO-C-84X34-LS-CUSH","CUSH","1","export"
"FIN-BRK-CHS-84X34-LS-WH","BRK-CHS-84X34-LS","seating","SA-BRO-C-84X34-LS-FRAME","FRAME","1","export"
"FIN-BRK-CHS-84X34-LS-WH","BRK-CHS-84X34-LS","seating","SA-BRO-C-84X34-LS-CUSH","CUSH","1","export"
"FIN-BRK-CHS-84X34-RS","BRK-CHS-84X34-RS","seating","SA-BRO-C-84X34-RS-FRAME","FRAME","1","export"
"FIN-BRK-CHS-84X34-RS","BRK-CHS-84X34-RS","seating","SA-BRO-C-84X34-RS-CUSH","CUSH","1","export"
"FIN-BRK-CHS-84X34-RS-BE","BRK-CHS-84X34-RS","seating","SA-BRO-C-84X34-RS-FRAME","FRAME","1","export"
"FIN-BRK-CHS-84X34-RS-BE","BRK-CHS-84X34-RS","seating","SA-BRO-C-84X34-RS-CUSH","CUSH","1","export"
"FIN-BRK-CHS-84X34-RS-BO","BRK-CHS-84X34-RS","seating","SA-BRO-C-84X34-RS-FRAME","FRAME","1","export"
"FIN-BRK-CHS-84X34-RS-BO","BRK-CHS-84X34-RS","seating","SA-BRO-C-84X34-RS-CUSH","CUSH","1","export"
"FIN-BRK-CHS-84X34-RS-BR","BRK-CHS-84X34-RS","seating","SA-BRO-C-84X34-RS-FRAME","FRAME","1","export"
"FIN-BRK-CHS-84X34-RS-BR","BRK-CHS-84X34-RS","seating","SA-BRO-C-84X34-RS-CUSH","CUSH","1","export"
"FIN-BRK-CHS-84X34-RS-GR","BRK-CHS-84X34-RS","seating","SA-BRO-C-84X34-RS-FRAME","FRAME","1","export"
"FIN-BRK-CHS-84X34-RS-GR","BRK-CHS-84X34-RS","seating","SA-BRO-C-84X34-RS-CUSH","CUSH","1","export"
"FIN-BRK-CHS-84X34-RS-WH","BRK-CHS-84X34-RS","seating","SA-BRO-C-84X34-RS-FRAME","FRAME","1","export"
"FIN-BRK-CHS-84X34-RS-WH","BRK-CHS-84X34-RS","seating","SA-BRO-C-84X34-RS-CUSH","CUSH","1","export"
"FIN-BRK-CHS-84X42-LS","BRK-CHS-84X42-LS","seating","SA-BRO-C-84X42-LS-FRAME","FRAME","1","export"
"FIN-BRK-CHS-84X42-LS","BRK-CHS-84X42-LS","seating","SA-BRO-C-84X42-LS-CUSH","CUSH","1","export"
"FIN-BRK-CHS-84X42-LS-BE","BRK-CHS-84X42-LS","seating","SA-BRO-C-84X42-LS-FRAME","FRAME","1","export"
"FIN-BRK-CHS-84X42-LS-BE","BRK-CHS-84X42-LS","seating","SA-BRO-C-84X42-LS-CUSH","CUSH","1","export"
"FIN-BRK-CHS-84X42-LS-BO","BRK-CHS-84X42-LS","seating","SA-BRO-C-84X42-LS-FRAME","FRAME","1","export"
"FIN-BRK-CHS-84X42-LS-BO","BRK-CHS-84X42-LS","seating","SA-BRO-C-84X42-LS-CUSH","CUSH","1","export"
"FIN-BRK-CHS-84X42-LS-BR","BRK-CHS-84X42-LS","seating","SA-BRO-C-84X42-LS-FRAME","FRAME","1","export"
"FIN-BRK-CHS-84X42-LS-BR","BRK-CHS-84X42-LS","seating","SA-BRO-C-84X42-LS-CUSH","CUSH","1","export"
"FIN-BRK-CHS-84X42-LS-GR","BRK-CHS-84X42-LS","seating","SA-BRO-C-84X42-LS-FRAME","FRAME","1","export"
"FIN-BRK-CHS-84X42-LS-GR","BRK-CHS-84X42-LS","seating","SA-BRO-C-84X42-LS-CUSH","CUSH","1","export"
"FIN-BRK-CHS-84X42-LS-WH","BRK-CHS-84X42-LS","seating","SA-BRO-C-84X42-LS-FRAME","FRAME","1","export"
"FIN-BRK-CHS-84X42-LS-WH","BRK-CHS-84X42-LS","seating","SA-BRO-C-84X42-LS-CUSH","CUSH","1","export"
"FIN-BRK-CHS-84X42-RS","BRK-CHS-84X42-RS","seating","SA-BRO-C-84X42-RS-FRAME","FRAME","1","export"
"FIN-BRK-CHS-84X42-RS","BRK-CHS-84X42-RS","seating","SA-BRO-C-84X42-RS-CUSH","CUSH","1","export"
"FIN-BRK-CHS-84X42-RS-BE","BRK-CHS-84X42-RS","seating","SA-BRO-C-84X42-RS-FRAME","FRAME","1","export"
"FIN-BRK-CHS-84X42-RS-BE","BRK-CHS-84X42-RS","seating","SA-BRO-C-84X42-RS-CUSH","CUSH","1","export"
"FIN-BRK-CHS-84X42-RS-BO","BRK-CHS-84X42-RS","seating","SA-BRO-C-84X42-RS-FRAME","FRAME","1","export"
"FIN-BRK-CHS-84X42-RS-BO","BRK-CHS-84X42-RS","seating","SA-BRO-C-84X42-RS-CUSH","CUSH","1","export"
"FIN-BRK-CHS-84X42-RS-BR","BRK-CHS-84X42-RS","seating","SA-BRO-C-84X42-RS-FRAME","FRAME","1","export"
"FIN-BRK-CHS-84X42-RS-BR","BRK-CHS-84X42-RS","seating","SA-BRO-C-84X42-RS-CUSH","CUSH","1","export"
"FIN-BRK-CHS-84X42-RS-GR","BRK-CHS-84X42-RS","seating","SA-BRO-C-84X42-RS-FRAME","FRAME","1","export"
"FIN-BRK-CHS-84X42-RS-GR","BRK-CHS-84X42-RS","seating","SA-BRO-C-84X42-RS-CUSH","CUSH","1","export"
"FIN-BRK-CHS-84X42-RS-WH","BRK-CHS-84X42-RS","seating","SA-BRO-C-84X42-RS-FRAME","FRAME","1","export"
"FIN-BRK-CHS-84X42-RS-WH","BRK-CHS-84X42-RS","seating","SA-BRO-C-84X42-RS-CUSH","CUSH","1","export"
"FIN-BRK-CNT-TAB-120X28","BRK-CNT-TAB-120X28","table","ASM-BRK-CNT-TAB-120X28-FRAME","FRAME","1","export"
"FIN-BRK-CNT-TAB-120X28","BRK-CNT-TAB-120X28","table","RM-DKT-GENERIC-SLAB","DKT","1","export"
"FIN-BRK-CNT-TAB-120X36","BRK-CNT-TAB-120X36","table","ASM-BRK-CNT-TAB-120X36-FRAME","FRAME","1","export"
"FIN-BRK-CNT-TAB-120X36","BRK-CNT-TAB-120X36","table","RM-DKT-GENERIC-SLAB","DKT","1","export"
"FIN-BRK-CNT-TAB-28X120","BRK-CNT-TAB-28X120","table","ASM-BRK-CNT-TAB-28X120-FRAME","FRAME","1","export"
"FIN-BRK-CNT-TAB-28X120","BRK-CNT-TAB-28X120","table","RM-DKT-GENERIC-SLAB","DKT","1","export"
"FIN-BRK-CNT-TAB-28X72","BRK-CNT-TAB-28X72","table","ASM-BRK-CNT-TAB-28X72-FRAME","FRAME","1","export"
"FIN-BRK-CNT-TAB-28X72","BRK-CNT-TAB-28X72","table","RM-DKT-GENERIC-SLAB","DKT","1","export"
"FIN-BRK-CNT-TAB-28X72-TABLECOUNTER","","table","ASM-BRK-CNT-TAB-28X72-FRAME","FRAME","1","export"
"FIN-BRK-CNT-TAB-28X72-TABLECOUNTER","","table","RM-DKT-GENERIC-SLAB","DKT","1","export"
"FIN-BRK-CNT-TAB-28X96","BRK-CNT-TAB-28X96","table","ASM-BRK-CNT-TAB-28X96-FRAME","FRAME","1","export"
"FIN-BRK-CNT-TAB-28X96","BRK-CNT-TAB-28X96","table","RM-DKT-GENERIC-SLAB","DKT","1","export"
"FIN-BRK-CNT-TAB-36X120","BRK-CNT-TAB-36X120","table","ASM-BRK-CNT-TAB-36X120-FRAME","FRAME","1","export"
"FIN-BRK-CNT-TAB-36X120","BRK-CNT-TAB-36X120","table","RM-DKT-GENERIC-SLAB","DKT","1","export"
"FIN-BRK-CNT-TAB-36X36","BRK-CNT-TAB-36X36","table","ASM-BRK-CNT-TAB-36X36-FRAME","FRAME","1","export"
"FIN-BRK-CNT-TAB-36X36","BRK-CNT-TAB-36X36","table","RM-DKT-GENERIC-SLAB","DKT","1","export"
"FIN-BRK-CNT-TAB-36X72","BRK-CNT-TAB-36X72","table","ASM-BRK-CNT-TAB-36X72-FRAME","FRAME","1","export"
"FIN-BRK-CNT-TAB-36X72","BRK-CNT-TAB-36X72","table","RM-DKT-GENERIC-SLAB","DKT","1","export"
"FIN-BRK-CNT-TAB-36X72-STARLEG","","table","ASM-BRK-CNT-TAB-36X72-FRAME","FRAME","1","export"
"FIN-BRK-CNT-TAB-36X72-STARLEG","","table","RM-DKT-GENERIC-SLAB","DKT","1","export"
"FIN-BRK-CNT-TAB-36X96","BRK-CNT-TAB-36X96","table","ASM-BRK-CNT-TAB-36X96-FRAME","FRAME","1","export"
"FIN-BRK-CNT-TAB-36X96","BRK-CNT-TAB-36X96","table","RM-DKT-GENERIC-SLAB","DKT","1","export"
"FIN-BRK-CNT-TAB-42X42","BRK-CNT-TAB-42X42","table","ASM-BRK-CNT-TAB-42X42-FRAME","FRAME","1","export"
"FIN-BRK-CNT-TAB-42X42","BRK-CNT-TAB-42X42","table","RM-DKT-GENERIC-SLAB","DKT","1","export"
"FIN-BRK-CNT-TAB-72X18","BRK-CNT-TAB-72X18","table","ASM-BRK-CNT-TAB-72X18-FRAME","FRAME","1","export"
"FIN-BRK-CNT-TAB-72X18","BRK-CNT-TAB-72X18","table","RM-DKT-GENERIC-SLAB","DKT","1","export"
"FIN-BRK-CNT-TAB-72X28","BRK-CNT-TAB-72X28","table","ASM-BRK-CNT-TAB-72X28-FRAME","FRAME","1","export"
"FIN-BRK-CNT-TAB-72X28","BRK-CNT-TAB-72X28","table","RM-DKT-GENERIC-SLAB","DKT","1","export"
"FIN-BRK-CNT-TAB-72X36","BRK-CNT-TAB-72X36","table","ASM-BRK-CNT-TAB-72X36-FRAME","FRAME","1","export"
"FIN-BRK-CNT-TAB-72X36","BRK-CNT-TAB-72X36","table","RM-DKT-GENERIC-SLAB","DKT","1","export"
"FIN-BRK-CNT-TAB-96X28","BRK-CNT-TAB-96X28","table","ASM-BRK-CNT-TAB-96X28-FRAME","FRAME","1","export"
"FIN-BRK-CNT-TAB-96X28","BRK-CNT-TAB-96X28","table","RM-DKT-GENERIC-SLAB","DKT","1","export"
"FIN-BRK-CNT-TAB-96X36","BRK-CNT-TAB-96X36","table","ASM-BRK-CNT-TAB-96X36-FRAME","FRAME","1","export"
"FIN-BRK-CNT-TAB-96X36","BRK-CNT-TAB-96X36","table","RM-DKT-GENERIC-SLAB","DKT","1","export"
"FIN-BRK-COR-CHS-84X42","BRK-COR-CHS-84X42","seating","ASM-BRK-COR-CHS-84X42-FRAME","FRAME","1","export"
"FIN-BRK-COR-CHS-84X42","BRK-COR-CHS-84X42","seating","ASM-BRK-COR-CHS-84X42-CUSH","CUSH","1","export"
"FIN-BRK-COR-SOF-72X34","BRK-COR-SOF-72X34","seating","","","","no_live_target"
"FIN-BRK-COR-SOF-72X34-LS","BRK-COR-SOF-72X34-LS","seating","SA-BRO-CS-72-LS-FRAME","FRAME","1","export"
"FIN-BRK-COR-SOF-72X34-LS","BRK-COR-SOF-72X34-LS","seating","SA-BRO-CS-72-LS-CUSH","CUSH","1","export"
"FIN-BRK-COR-SOF-72X34-LS-BE","BRK-COR-SOF-72X34-LS","seating","SA-BRO-CS-72-LS-FRAME","FRAME","1","export"
"FIN-BRK-COR-SOF-72X34-LS-BE","BRK-COR-SOF-72X34-LS","seating","SA-BRO-CS-72-LS-CUSH","CUSH","1","export"
"FIN-BRK-COR-SOF-72X34-LS-BO","BRK-COR-SOF-72X34-LS","seating","SA-BRO-CS-72-LS-FRAME","FRAME","1","export"
"FIN-BRK-COR-SOF-72X34-LS-BO","BRK-COR-SOF-72X34-LS","seating","SA-BRO-CS-72-LS-CUSH","CUSH","1","export"
"FIN-BRK-COR-SOF-72X34-LS-BR","BRK-COR-SOF-72X34-LS","seating","SA-BRO-CS-72-LS-FRAME","FRAME","1","export"
"FIN-BRK-COR-SOF-72X34-LS-BR","BRK-COR-SOF-72X34-LS","seating","SA-BRO-CS-72-LS-CUSH","CUSH","1","export"
"FIN-BRK-COR-SOF-72X34-LS-GR","BRK-COR-SOF-72X34-LS","seating","SA-BRO-CS-72-LS-FRAME","FRAME","1","export"
"FIN-BRK-COR-SOF-72X34-LS-GR","BRK-COR-SOF-72X34-LS","seating","SA-BRO-CS-72-LS-CUSH","CUSH","1","export"
"FIN-BRK-COR-SOF-72X34-LS-WH","BRK-COR-SOF-72X34-LS","seating","SA-BRO-CS-72-LS-FRAME","FRAME","1","export"
"FIN-BRK-COR-SOF-72X34-LS-WH","BRK-COR-SOF-72X34-LS","seating","SA-BRO-CS-72-LS-CUSH","CUSH","1","export"
"FIN-BRK-COR-SOF-72X34-RS","BRK-COR-SOF-72X34-RS","seating","SA-BRO-CS-72-RS-FRAME","FRAME","1","export"
"FIN-BRK-COR-SOF-72X34-RS","BRK-COR-SOF-72X34-RS","seating","SA-BRO-CS-72-RS-CUSH","CUSH","1","export"
"FIN-BRK-COR-SOF-72X34-RS-BE","BRK-COR-SOF-72X34-RS","seating","SA-BRO-CS-72-RS-FRAME","FRAME","1","export"
"FIN-BRK-COR-SOF-72X34-RS-BE","BRK-COR-SOF-72X34-RS","seating","SA-BRO-CS-72-RS-CUSH","CUSH","1","export"
"FIN-BRK-COR-SOF-72X34-RS-BO","BRK-COR-SOF-72X34-RS","seating","SA-BRO-CS-72-RS-FRAME","FRAME","1","export"
"FIN-BRK-COR-SOF-72X34-RS-BO","BRK-COR-SOF-72X34-RS","seating","SA-BRO-CS-72-RS-CUSH","CUSH","1","export"
"FIN-BRK-COR-SOF-72X34-RS-BR","BRK-COR-SOF-72X34-RS","seating","SA-BRO-CS-72-RS-FRAME","FRAME","1","export"
"FIN-BRK-COR-SOF-72X34-RS-BR","BRK-COR-SOF-72X34-RS","seating","SA-BRO-CS-72-RS-CUSH","CUSH","1","export"
"FIN-BRK-COR-SOF-72X34-RS-GR","BRK-COR-SOF-72X34-RS","seating","SA-BRO-CS-72-RS-FRAME","FRAME","1","export"
"FIN-BRK-COR-SOF-72X34-RS-GR","BRK-COR-SOF-72X34-RS","seating","SA-BRO-CS-72-RS-CUSH","CUSH","1","export"
"FIN-BRK-COR-SOF-72X34-RS-WH","BRK-COR-SOF-72X34-RS","seating","SA-BRO-CS-72-RS-FRAME","FRAME","1","export"
"FIN-BRK-COR-SOF-72X34-RS-WH","BRK-COR-SOF-72X34-RS","seating","SA-BRO-CS-72-RS-CUSH","CUSH","1","export"
"FIN-BRK-COR-SOF-84X34","BRK-COR-SOF-84X34","seating","","","","no_live_target"
"FIN-BRK-COR-SOF-84X34-LS","BRK-COR-SOF-84X34-LS","seating","SA-BRO-CS-84-LS-FRAME","FRAME","1","export"
"FIN-BRK-COR-SOF-84X34-LS","BRK-COR-SOF-84X34-LS","seating","SA-BRO-CS-84-LS-CUSH","CUSH","1","export"
"FIN-BRK-COR-SOF-84X34-LS-BE","BRK-COR-SOF-84X34-LS","seating","SA-BRO-CS-84-LS-FRAME","FRAME","1","export"
"FIN-BRK-COR-SOF-84X34-LS-BE","BRK-COR-SOF-84X34-LS","seating","SA-BRO-CS-84-LS-CUSH","CUSH","1","export"
"FIN-BRK-COR-SOF-84X34-LS-BO","BRK-COR-SOF-84X34-LS","seating","SA-BRO-CS-84-LS-FRAME","FRAME","1","export"
"FIN-BRK-COR-SOF-84X34-LS-BO","BRK-COR-SOF-84X34-LS","seating","SA-BRO-CS-84-LS-CUSH","CUSH","1","export"
"FIN-BRK-COR-SOF-84X34-LS-BR","BRK-COR-SOF-84X34-LS","seating","SA-BRO-CS-84-LS-FRAME","FRAME","1","export"
"FIN-BRK-COR-SOF-84X34-LS-BR","BRK-COR-SOF-84X34-LS","seating","SA-BRO-CS-84-LS-CUSH","CUSH","1","export"
"FIN-BRK-COR-SOF-84X34-LS-GR","BRK-COR-SOF-84X34-LS","seating","SA-BRO-CS-84-LS-FRAME","FRAME","1","export"
"FIN-BRK-COR-SOF-84X34-LS-GR","BRK-COR-SOF-84X34-LS","seating","SA-BRO-CS-84-LS-CUSH","CUSH","1","export"
"FIN-BRK-COR-SOF-84X34-LS-WH","BRK-COR-SOF-84X34-LS","seating","SA-BRO-CS-84-LS-FRAME","FRAME","1","export"
"FIN-BRK-COR-SOF-84X34-LS-WH","BRK-COR-SOF-84X34-LS","seating","SA-BRO-CS-84-LS-CUSH","CUSH","1","export"
"FIN-BRK-COR-SOF-84X34-RS","BRK-COR-SOF-84X34-RS","seating","SA-BRO-CS-84-RS-FRAME","FRAME","1","export"
"FIN-BRK-COR-SOF-84X34-RS","BRK-COR-SOF-84X34-RS","seating","SA-BRO-CS-84-RS-CUSH","CUSH","1","export"
"FIN-BRK-COR-SOF-84X34-RS-BE","BRK-COR-SOF-84X34-RS","seating","SA-BRO-CS-84-RS-FRAME","FRAME","1","export"
"FIN-BRK-COR-SOF-84X34-RS-BE","BRK-COR-SOF-84X34-RS","seating","SA-BRO-CS-84-RS-CUSH","CUSH","1","export"
"FIN-BRK-COR-SOF-84X34-RS-BO","BRK-COR-SOF-84X34-RS","seating","SA-BRO-CS-84-RS-FRAME","FRAME","1","export"
"FIN-BRK-COR-SOF-84X34-RS-BO","BRK-COR-SOF-84X34-RS","seating","SA-BRO-CS-84-RS-CUSH","CUSH","1","export"
"FIN-BRK-COR-SOF-84X34-RS-BR","BRK-COR-SOF-84X34-RS","seating","SA-BRO-CS-84-RS-FRAME","FRAME","1","export"
"FIN-BRK-COR-SOF-84X34-RS-BR","BRK-COR-SOF-84X34-RS","seating","SA-BRO-CS-84-RS-CUSH","CUSH","1","export"
"FIN-BRK-COR-SOF-84X34-RS-GR","BRK-COR-SOF-84X34-RS","seating","SA-BRO-CS-84-RS-FRAME","FRAME","1","export"
"FIN-BRK-COR-SOF-84X34-RS-GR","BRK-COR-SOF-84X34-RS","seating","SA-BRO-CS-84-RS-CUSH","CUSH","1","export"
"FIN-BRK-COR-SOF-84X34-RS-WH","BRK-COR-SOF-84X34-RS","seating","SA-BRO-CS-84-RS-FRAME","FRAME","1","export"
"FIN-BRK-COR-SOF-84X34-RS-WH","BRK-COR-SOF-84X34-RS","seating","SA-BRO-CS-84-RS-CUSH","CUSH","1","export"
"FIN-BRK-COR-SOF-96X34","BRK-COR-SOF-96X34","seating","","","","no_live_target"
"FIN-BRK-COR-SOF-96X34-LS","BRK-COR-SOF-96X34-LS","seating","SA-BRO-CS-96-LS-FRAME","FRAME","1","export"
"FIN-BRK-COR-SOF-96X34-LS","BRK-COR-SOF-96X34-LS","seating","SA-BRO-CS-96-LS-CUSH","CUSH","1","export"
"FIN-BRK-COR-SOF-96X34-LS-BE","BRK-COR-SOF-96X34-LS","seating","SA-BRO-CS-96-LS-FRAME","FRAME","1","export"
"FIN-BRK-COR-SOF-96X34-LS-BE","BRK-COR-SOF-96X34-LS","seating","SA-BRO-CS-96-LS-CUSH","CUSH","1","export"
"FIN-BRK-COR-SOF-96X34-LS-BO","BRK-COR-SOF-96X34-LS","seating","SA-BRO-CS-96-LS-FRAME","FRAME","1","export"
"FIN-BRK-COR-SOF-96X34-LS-BO","BRK-COR-SOF-96X34-LS","seating","SA-BRO-CS-96-LS-CUSH","CUSH","1","export"
"FIN-BRK-COR-SOF-96X34-LS-BR","BRK-COR-SOF-96X34-LS","seating","SA-BRO-CS-96-LS-FRAME","FRAME","1","export"
"FIN-BRK-COR-SOF-96X34-LS-BR","BRK-COR-SOF-96X34-LS","seating","SA-BRO-CS-96-LS-CUSH","CUSH","1","export"
"FIN-BRK-COR-SOF-96X34-LS-GR","BRK-COR-SOF-96X34-LS","seating","SA-BRO-CS-96-LS-FRAME","FRAME","1","export"
"FIN-BRK-COR-SOF-96X34-LS-GR","BRK-COR-SOF-96X34-LS","seating","SA-BRO-CS-96-LS-CUSH","CUSH","1","export"
"FIN-BRK-COR-SOF-96X34-LS-WH","BRK-COR-SOF-96X34-LS","seating","SA-BRO-CS-96-LS-FRAME","FRAME","1","export"
"FIN-BRK-COR-SOF-96X34-LS-WH","BRK-COR-SOF-96X34-LS","seating","SA-BRO-CS-96-LS-CUSH","CUSH","1","export"
"FIN-BRK-COR-SOF-96X34-RS","BRK-COR-SOF-96X34-RS","seating","SA-BRO-CS-96-RS-FRAME","FRAME","1","export"
"FIN-BRK-COR-SOF-96X34-RS","BRK-COR-SOF-96X34-RS","seating","SA-BRO-CS-96-RS-CUSH","CUSH","1","export"
"FIN-BRK-COR-SOF-96X34-RS-BE","BRK-COR-SOF-96X34-RS","seating","SA-BRO-CS-96-RS-FRAME","FRAME","1","export"
"FIN-BRK-COR-SOF-96X34-RS-BE","BRK-COR-SOF-96X34-RS","seating","SA-BRO-CS-96-RS-CUSH","CUSH","1","export"
"FIN-BRK-COR-SOF-96X34-RS-BO","BRK-COR-SOF-96X34-RS","seating","SA-BRO-CS-96-RS-FRAME","FRAME","1","export"
"FIN-BRK-COR-SOF-96X34-RS-BO","BRK-COR-SOF-96X34-RS","seating","SA-BRO-CS-96-RS-CUSH","CUSH","1","export"
"FIN-BRK-COR-SOF-96X34-RS-BR","BRK-COR-SOF-96X34-RS","seating","SA-BRO-CS-96-RS-FRAME","FRAME","1","export"
"FIN-BRK-COR-SOF-96X34-RS-BR","BRK-COR-SOF-96X34-RS","seating","SA-BRO-CS-96-RS-CUSH","CUSH","1","export"
"FIN-BRK-COR-SOF-96X34-RS-GR","BRK-COR-SOF-96X34-RS","seating","SA-BRO-CS-96-RS-FRAME","FRAME","1","export"
"FIN-BRK-COR-SOF-96X34-RS-GR","BRK-COR-SOF-96X34-RS","seating","SA-BRO-CS-96-RS-CUSH","CUSH","1","export"
"FIN-BRK-COR-SOF-96X34-RS-WH","BRK-COR-SOF-96X34-RS","seating","SA-BRO-CS-96-RS-FRAME","FRAME","1","export"
"FIN-BRK-COR-SOF-96X34-RS-WH","BRK-COR-SOF-96X34-RS","seating","SA-BRO-CS-96-RS-CUSH","CUSH","1","export"
"FIN-BRK-DIN-TAB-120X28","BRK-DIN-TAB-120X28","table","ASM-BRK-DIN-TAB-120X28-FRAME","FRAME","1","export"
"FIN-BRK-DIN-TAB-120X28","BRK-DIN-TAB-120X28","table","RM-DKT-GENERIC-SLAB","DKT","1","export"
"FIN-BRK-DIN-TAB-120X36","BRK-DIN-TAB-120X36","table","ASM-BRK-DIN-TAB-120X36-FRAME","FRAME","1","export"
"FIN-BRK-DIN-TAB-120X36","BRK-DIN-TAB-120X36","table","RM-DKT-GENERIC-SLAB","DKT","1","export"
"FIN-BRK-DIN-TAB-28X120","BRK-DIN-TAB-28X120","table","ASM-BRK-DIN-TAB-28X120-FRAME","FRAME","1","export"
"FIN-BRK-DIN-TAB-28X120","BRK-DIN-TAB-28X120","table","RM-DKT-GENERIC-SLAB","DKT","1","export"
"FIN-BRK-DIN-TAB-28X72","BRK-DIN-TAB-28X72","table","ASM-BRK-DIN-TAB-28X72-FRAME","FRAME","1","export"
"FIN-BRK-DIN-TAB-28X72","BRK-DIN-TAB-28X72","table","RM-DKT-GENERIC-SLAB","DKT","1","export"
"FIN-BRK-DIN-TAB-28X96","BRK-DIN-TAB-28X96","table","ASM-BRK-DIN-TAB-28X96-FRAME","FRAME","1","export"
"FIN-BRK-DIN-TAB-28X96","BRK-DIN-TAB-28X96","table","RM-DKT-GENERIC-SLAB","DKT","1","export"
"FIN-BRK-DIN-TAB-36X120","BRK-DIN-TAB-36X120","table","ASM-BRK-DIN-TAB-36X120-FRAME","FRAME","1","export"
"FIN-BRK-DIN-TAB-36X120","BRK-DIN-TAB-36X120","table","RM-DKT-GENERIC-SLAB","DKT","1","export"
"FIN-BRK-DIN-TAB-36X36","BRK-DIN-TAB-36X36","table","ASM-BRK-DIN-TAB-36X36-FRAME","FRAME","1","export"
"FIN-BRK-DIN-TAB-36X36","BRK-DIN-TAB-36X36","table","RM-DKT-GENERIC-SLAB","DKT","1","export"
"FIN-BRK-DIN-TAB-36X72","BRK-DIN-TAB-36X72","table","ASM-BRK-DIN-TAB-36X72-FRAME","FRAME","1","export"
"FIN-BRK-DIN-TAB-36X72","BRK-DIN-TAB-36X72","table","RM-DKT-GENERIC-SLAB","DKT","1","export"
"FIN-BRK-DIN-TAB-36X72-STARLEG","","table","ASM-BRK-DIN-TAB-36X72-FRAME","FRAME","1","export"
"FIN-BRK-DIN-TAB-36X72-STARLEG","","table","RM-DKT-GENERIC-SLAB","DKT","1","export"
"FIN-BRK-DIN-TAB-36X96","BRK-DIN-TAB-36X96","table","ASM-BRK-DIN-TAB-36X96-FRAME","FRAME","1","export"
"FIN-BRK-DIN-TAB-36X96","BRK-DIN-TAB-36X96","table","RM-DKT-GENERIC-SLAB","DKT","1","export"
"FIN-BRK-DIN-TAB-42X42","BRK-DIN-TAB-42X42","table","ASM-BRK-DIN-TAB-42X42-FRAME","FRAME","1","export"
"FIN-BRK-DIN-TAB-42X42","BRK-DIN-TAB-42X42","table","RM-DKT-GENERIC-SLAB","DKT","1","export"
"FIN-BRK-DIN-TAB-72X28","BRK-DIN-TAB-72X28","table","ASM-BRK-DIN-TAB-72X28-FRAME","FRAME","1","export"
"FIN-BRK-DIN-TAB-72X28","BRK-DIN-TAB-72X28","table","RM-DKT-GENERIC-SLAB","DKT","1","export"
"FIN-BRK-DIN-TAB-72X36","BRK-DIN-TAB-72X36","table","ASM-BRK-DIN-TAB-72X36-FRAME","FRAME","1","export"
"FIN-BRK-DIN-TAB-72X36","BRK-DIN-TAB-72X36","table","RM-DKT-GENERIC-SLAB","DKT","1","export"
"FIN-BRK-DIN-TAB-96X28","BRK-DIN-TAB-96X28","table","ASM-BRK-DIN-TAB-96X28-FRAME","FRAME","1","export"
"FIN-BRK-DIN-TAB-96X28","BRK-DIN-TAB-96X28","table","RM-DKT-GENERIC-SLAB","DKT","1","export"
"FIN-BRK-DIN-TAB-96X36","BRK-DIN-TAB-96X36","table","ASM-BRK-DIN-TAB-96X36-FRAME","FRAME","1","export"
"FIN-BRK-DIN-TAB-96X36","BRK-DIN-TAB-96X36","table","RM-DKT-GENERIC-SLAB","DKT","1","export"
"FIN-BRK-DOU-CHS-58X79","BRK-DOU-CHS-58X79","seating","","","","no_live_target"
"FIN-BRK-DOU-CHS-58X79-BE","BRK-DOU-CHS-58X79","seating","","","","no_live_target"
"FIN-BRK-DOU-CHS-58X79-BO","BRK-DOU-CHS-58X79","seating","","","","no_live_target"
"FIN-BRK-DOU-CHS-58X79-BR","BRK-DOU-CHS-58X79","seating","","","","no_live_target"
"FIN-BRK-DOU-CHS-58X79-GR","BRK-DOU-CHS-58X79","seating","","","","no_live_target"
"FIN-BRK-DOU-CHS-58X79-WH","BRK-DOU-CHS-58X79","seating","","","","no_live_target"
"FIN-BRK-LOV-SOF","","seating","","","","no_live_target"
"FIN-BRK-LOV-SOF-BE","","seating","","","","no_live_target"
"FIN-BRK-LOV-SOF-BO","","seating","","","","no_live_target"
"FIN-BRK-LOV-SOF-BR","","seating","","","","no_live_target"
"FIN-BRK-LOV-SOF-GR","","seating","","","","no_live_target"
"FIN-BRK-LOV-SOF-WH","","seating","","","","no_live_target"
"FIN-BRK-OTT-22X42","BRK-OTT-22X42","seating","ASM-BRK-OTT-22X42-FRAME","FRAME","1","export"
"FIN-BRK-OTT-22X42","BRK-OTT-22X42","seating","ASM-BRK-OTT-22X42-CUSH","CUSH","1","export"
"FIN-BRK-OTT-22X60","BRK-OTT-22X60","seating","ASM-BRK-OTT-22X60-FRAME","FRAME","1","export"
"FIN-BRK-OTT-22X60","BRK-OTT-22X60","seating","ASM-BRK-OTT-22X60-CUSH","CUSH","1","export"
"FIN-BRK-OTT-22X72","BRK-OTT-22X72","seating","ASM-BRK-OTT-22X72-FRAME","FRAME","1","export"
"FIN-BRK-OTT-22X72","BRK-OTT-22X72","seating","ASM-BRK-OTT-22X72-CUSH","CUSH","1","export"
"FIN-BRK-OTT-34X34","BRK-OTT-34X34","seating","ASM-BRK-OTT-34X34-FRAME","FRAME","1","export"
"FIN-BRK-OTT-34X34","BRK-OTT-34X34","seating","ASM-BRK-OTT-34X34-CUSH","CUSH","1","export"
"FIN-BRK-OTT-34X42","BRK-OTT-34X42","seating","ASM-BRK-OTT-34X42-FRAME","FRAME","1","export"
"FIN-BRK-OTT-34X42","BRK-OTT-34X42","seating","ASM-BRK-OTT-34X42-CUSH","CUSH","1","export"
"FIN-BRK-OTT-34X60","BRK-OTT-34X60","seating","ASM-BRK-OTT-34X60-FRAME","FRAME","1","export"
"FIN-BRK-OTT-34X60","BRK-OTT-34X60","seating","ASM-BRK-OTT-34X60-CUSH","CUSH","1","export"
"FIN-BRK-OTT-34X72","BRK-OTT-34X72","seating","ASM-BRK-OTT-34X72-FRAME","FRAME","1","export"
"FIN-BRK-OTT-34X72","BRK-OTT-34X72","seating","ASM-BRK-OTT-34X72-CUSH","CUSH","1","export"
"FIN-BRK-OTT-42X22","BRK-OTT-42X22","seating","ASM-BRK-OTT-42X22-FRAME","FRAME","1","export"
"FIN-BRK-OTT-42X22","BRK-OTT-42X22","seating","ASM-BRK-OTT-42X22-CUSH","CUSH","1","export"
"FIN-BRK-OTT-42X34","BRK-OTT-42X34","seating","ASM-BRK-OTT-42X34-FRAME","FRAME","1","export"
"FIN-BRK-OTT-42X34","BRK-OTT-42X34","seating","ASM-BRK-OTT-42X34-CUSH","CUSH","1","export"
"FIN-BRK-OTT-56X42","BRK-OTT-56X42","seating","ASM-BRK-OTT-56X42-FRAME","FRAME","1","export"
"FIN-BRK-OTT-56X42","BRK-OTT-56X42","seating","ASM-BRK-OTT-56X42-CUSH","CUSH","1","export"
"FIN-BRK-OTT-60X22","BRK-OTT-60X22","seating","ASM-BRK-OTT-60X22-FRAME","FRAME","1","export"
"FIN-BRK-OTT-60X22","BRK-OTT-60X22","seating","ASM-BRK-OTT-60X22-CUSH","CUSH","1","export"
"FIN-BRK-OTT-60X34","BRK-OTT-60X34","seating","ASM-BRK-OTT-60X34-FRAME","FRAME","1","export"
"FIN-BRK-OTT-60X34","BRK-OTT-60X34","seating","ASM-BRK-OTT-60X34-CUSH","CUSH","1","export"
"FIN-BRK-OTT-72X22","BRK-OTT-72X22","seating","ASM-BRK-OTT-72X22-FRAME","FRAME","1","export"
"FIN-BRK-OTT-72X22","BRK-OTT-72X22","seating","ASM-BRK-OTT-72X22-CUSH","CUSH","1","export"
"FIN-BRK-OTT-72X34","BRK-OTT-72X34","seating","ASM-BRK-OTT-72X34-FRAME","FRAME","1","export"
"FIN-BRK-OTT-72X34","BRK-OTT-72X34","seating","ASM-BRK-OTT-72X34-CUSH","CUSH","1","export"
"FIN-BRK-SGL-CHS-38X79","BRK-SGL-CHS-38X79","seating","","","","no_live_target"
"FIN-BRK-SGL-CHS-38X79-BE","BRK-SGL-CHS-38X79","seating","","","","no_live_target"
"FIN-BRK-SGL-CHS-38X79-BO","BRK-SGL-CHS-38X79","seating","","","","no_live_target"
"FIN-BRK-SGL-CHS-38X79-BR","BRK-SGL-CHS-38X79","seating","","","","no_live_target"
"FIN-BRK-SGL-CHS-38X79-GR","BRK-SGL-CHS-38X79","seating","","","","no_live_target"
"FIN-BRK-SGL-CHS-38X79-WH","BRK-SGL-CHS-38X79","seating","","","","no_live_target"
"FIN-BRK-SOF-60X34","BRK-SOF-60X34","seating","ASM-BRK-SOF-60X34-FRAME","FRAME","1","export"
"FIN-BRK-SOF-60X34","BRK-SOF-60X34","seating","ASM-BRK-SOF-60X34-CUSH","CUSH","1","export"
"FIN-BRK-SOF-72X34","BRK-SOF-72X34","seating","SA-BRO-S-72-FRAME","FRAME","1","export"
"FIN-BRK-SOF-72X34","BRK-SOF-72X34","seating","SA-BRO-S-72-CUSH","CUSH","1","export"
"FIN-BRK-SOF-72X34-BE","BRK-SOF-72X34","seating","SA-BRO-S-72-FRAME","FRAME","1","export"
"FIN-BRK-SOF-72X34-BE","BRK-SOF-72X34","seating","SA-BRO-S-72-CUSH","CUSH","1","export"
"FIN-BRK-SOF-72X34-BO","BRK-SOF-72X34","seating","SA-BRO-S-72-FRAME","FRAME","1","export"
"FIN-BRK-SOF-72X34-BO","BRK-SOF-72X34","seating","SA-BRO-S-72-CUSH","CUSH","1","export"
"FIN-BRK-SOF-72X34-BR","BRK-SOF-72X34","seating","SA-BRO-S-72-FRAME","FRAME","1","export"
"FIN-BRK-SOF-72X34-BR","BRK-SOF-72X34","seating","SA-BRO-S-72-CUSH","CUSH","1","export"
"FIN-BRK-SOF-72X34-GR","BRK-SOF-72X34","seating","SA-BRO-S-72-FRAME","FRAME","1","export"
"FIN-BRK-SOF-72X34-GR","BRK-SOF-72X34","seating","SA-BRO-S-72-CUSH","CUSH","1","export"
"FIN-BRK-SOF-72X34-WH","BRK-SOF-72X34","seating","SA-BRO-S-72-FRAME","FRAME","1","export"
"FIN-BRK-SOF-72X34-WH","BRK-SOF-72X34","seating","SA-BRO-S-72-CUSH","CUSH","1","export"
"FIN-BRK-SOF-84X34","BRK-SOF-84X34","seating","SA-BRO-S-84-FRAME","FRAME","1","export"
"FIN-BRK-SOF-84X34","BRK-SOF-84X34","seating","SA-BRO-S-84-CUSH","CUSH","1","export"
"FIN-BRK-SOF-84X34-BE","BRK-SOF-84X34","seating","SA-BRO-S-84-FRAME","FRAME","1","export"
"FIN-BRK-SOF-84X34-BE","BRK-SOF-84X34","seating","SA-BRO-S-84-CUSH","CUSH","1","export"
"FIN-BRK-SOF-84X34-BO","BRK-SOF-84X34","seating","SA-BRO-S-84-FRAME","FRAME","1","export"
"FIN-BRK-SOF-84X34-BO","BRK-SOF-84X34","seating","SA-BRO-S-84-CUSH","CUSH","1","export"
"FIN-BRK-SOF-84X34-BR","BRK-SOF-84X34","seating","SA-BRO-S-84-FRAME","FRAME","1","export"
"FIN-BRK-SOF-84X34-BR","BRK-SOF-84X34","seating","SA-BRO-S-84-CUSH","CUSH","1","export"
"FIN-BRK-SOF-84X34-GR","BRK-SOF-84X34","seating","SA-BRO-S-84-FRAME","FRAME","1","export"
"FIN-BRK-SOF-84X34-GR","BRK-SOF-84X34","seating","SA-BRO-S-84-CUSH","CUSH","1","export"
"FIN-BRK-SOF-84X34-WH","BRK-SOF-84X34","seating","SA-BRO-S-84-FRAME","FRAME","1","export"
"FIN-BRK-SOF-84X34-WH","BRK-SOF-84X34","seating","SA-BRO-S-84-CUSH","CUSH","1","export"
"FIN-BRK-SOF-96X34","BRK-SOF-96X34","seating","SA-BRO-S-96-FRAME","FRAME","1","export"
"FIN-BRK-SOF-96X34","BRK-SOF-96X34","seating","SA-BRO-S-96-CUSH","CUSH","1","export"
"FIN-BRK-SOF-96X34-BE","BRK-SOF-96X34","seating","SA-BRO-S-96-FRAME","FRAME","1","export"
"FIN-BRK-SOF-96X34-BE","BRK-SOF-96X34","seating","SA-BRO-S-96-CUSH","CUSH","1","export"
"FIN-BRK-SOF-96X34-BO","BRK-SOF-96X34","seating","SA-BRO-S-96-FRAME","FRAME","1","export"
"FIN-BRK-SOF-96X34-BO","BRK-SOF-96X34","seating","SA-BRO-S-96-CUSH","CUSH","1","export"
"FIN-BRK-SOF-96X34-BR","BRK-SOF-96X34","seating","SA-BRO-S-96-FRAME","FRAME","1","export"
"FIN-BRK-SOF-96X34-BR","BRK-SOF-96X34","seating","SA-BRO-S-96-CUSH","CUSH","1","export"
"FIN-BRK-SOF-96X34-GR","BRK-SOF-96X34","seating","SA-BRO-S-96-FRAME","FRAME","1","export"
"FIN-BRK-SOF-96X34-GR","BRK-SOF-96X34","seating","SA-BRO-S-96-CUSH","CUSH","1","export"
"FIN-BRK-SOF-96X34-WH","BRK-SOF-96X34","seating","SA-BRO-S-96-FRAME","FRAME","1","export"
"FIN-BRK-SOF-96X34-WH","BRK-SOF-96X34","seating","SA-BRO-S-96-CUSH","CUSH","1","export"
"FIN-BRK-TRA-DOU-CHS-48X72","BRK-TRA-DOU-CHS-48X72","seating","SA-BRK-TRA-DOU-CHS-48X72-FRAME","FRAME","1","export"
"FIN-BRK-TRA-DOU-CHS-48X72","BRK-TRA-DOU-CHS-48X72","seating","SA-BRK-TRA-DOU-CHS-48X72-CUSH","CUSH","1","export"
"FIN-BRK-TRA-DOU-CHS-48X72-BE","BRK-TRA-DOU-CHS-48X72","seating","SA-BRK-TRA-DOU-CHS-48X72-FRAME","FRAME","1","export"
"FIN-BRK-TRA-DOU-CHS-48X72-BE","BRK-TRA-DOU-CHS-48X72","seating","SA-BRK-TRA-DOU-CHS-48X72-CUSH","CUSH","1","export"
"FIN-BRK-TRA-DOU-CHS-48X72-BO","BRK-TRA-DOU-CHS-48X72","seating","SA-BRK-TRA-DOU-CHS-48X72-FRAME","FRAME","1","export"
"FIN-BRK-TRA-DOU-CHS-48X72-BO","BRK-TRA-DOU-CHS-48X72","seating","SA-BRK-TRA-DOU-CHS-48X72-CUSH","CUSH","1","export"
"FIN-BRK-TRA-DOU-CHS-48X72-BR","BRK-TRA-DOU-CHS-48X72","seating","SA-BRK-TRA-DOU-CHS-48X72-FRAME","FRAME","1","export"
"FIN-BRK-TRA-DOU-CHS-48X72-BR","BRK-TRA-DOU-CHS-48X72","seating","SA-BRK-TRA-DOU-CHS-48X72-CUSH","CUSH","1","export"
"FIN-BRK-TRA-DOU-CHS-48X72-GR","BRK-TRA-DOU-CHS-48X72","seating","SA-BRK-TRA-DOU-CHS-48X72-FRAME","FRAME","1","export"
"FIN-BRK-TRA-DOU-CHS-48X72-GR","BRK-TRA-DOU-CHS-48X72","seating","SA-BRK-TRA-DOU-CHS-48X72-CUSH","CUSH","1","export"
"FIN-BRK-TRA-DOU-CHS-48X72-WH","BRK-TRA-DOU-CHS-48X72","seating","SA-BRK-TRA-DOU-CHS-48X72-FRAME","FRAME","1","export"
"FIN-BRK-TRA-DOU-CHS-48X72-WH","BRK-TRA-DOU-CHS-48X72","seating","SA-BRK-TRA-DOU-CHS-48X72-CUSH","CUSH","1","export"
"FIN-BRK-TRA-SGL-CHS-36X72","BRK-TRA-SGL-CHS-36X72","seating","SA-BRK-TRA-SGL-CHS-36X72-FRAME","FRAME","1","export"
"FIN-BRK-TRA-SGL-CHS-36X72","BRK-TRA-SGL-CHS-36X72","seating","SA-BRK-TRA-SGL-CHS-36X72-CUSH","CUSH","1","export"
"FIN-BRK-TRA-SGL-CHS-36X72-BE","BRK-TRA-SGL-CHS-36X72","seating","SA-BRK-TRA-SGL-CHS-36X72-FRAME","FRAME","1","export"
"FIN-BRK-TRA-SGL-CHS-36X72-BE","BRK-TRA-SGL-CHS-36X72","seating","SA-BRK-TRA-SGL-CHS-36X72-CUSH","CUSH","1","export"
"FIN-BRK-TRA-SGL-CHS-36X72-BO","BRK-TRA-SGL-CHS-36X72","seating","SA-BRK-TRA-SGL-CHS-36X72-FRAME","FRAME","1","export"
"FIN-BRK-TRA-SGL-CHS-36X72-BO","BRK-TRA-SGL-CHS-36X72","seating","SA-BRK-TRA-SGL-CHS-36X72-CUSH","CUSH","1","export"
"FIN-BRK-TRA-SGL-CHS-36X72-BR","BRK-TRA-SGL-CHS-36X72","seating","SA-BRK-TRA-SGL-CHS-36X72-FRAME","FRAME","1","export"
"FIN-BRK-TRA-SGL-CHS-36X72-BR","BRK-TRA-SGL-CHS-36X72","seating","SA-BRK-TRA-SGL-CHS-36X72-CUSH","CUSH","1","export"
"FIN-BRK-TRA-SGL-CHS-36X72-GR","BRK-TRA-SGL-CHS-36X72","seating","SA-BRK-TRA-SGL-CHS-36X72-FRAME","FRAME","1","export"
"FIN-BRK-TRA-SGL-CHS-36X72-GR","BRK-TRA-SGL-CHS-36X72","seating","SA-BRK-TRA-SGL-CHS-36X72-CUSH","CUSH","1","export"
"FIN-BRK-TRA-SGL-CHS-36X72-WH","BRK-TRA-SGL-CHS-36X72","seating","SA-BRK-TRA-SGL-CHS-36X72-FRAME","FRAME","1","export"
"FIN-BRK-TRA-SGL-CHS-36X72-WH","BRK-TRA-SGL-CHS-36X72","seating","SA-BRK-TRA-SGL-CHS-36X72-CUSH","CUSH","1","export"
"FIN-BRV-ARM-LOV-60","BRV-ARM-LOV-60","seating","SA-BRA-AL-60-FRAME","FRAME","1","export"
"FIN-BRV-ARM-LOV-60","BRV-ARM-LOV-60","seating","SA-BRA-AL-60-CUSH","CUSH","1","export"
"FIN-BRV-ARM-LOV-60-BE","BRV-ARM-LOV-60","seating","SA-BRA-AL-60-FRAME","FRAME","1","export"
"FIN-BRV-ARM-LOV-60-BE","BRV-ARM-LOV-60","seating","SA-BRA-AL-60-CUSH","CUSH","1","export"
"FIN-BRV-ARM-LOV-60-BO","BRV-ARM-LOV-60","seating","SA-BRA-AL-60-FRAME","FRAME","1","export"
"FIN-BRV-ARM-LOV-60-BO","BRV-ARM-LOV-60","seating","SA-BRA-AL-60-CUSH","CUSH","1","export"
"FIN-BRV-ARM-LOV-60-BR","BRV-ARM-LOV-60","seating","SA-BRA-AL-60-FRAME","FRAME","1","export"
"FIN-BRV-ARM-LOV-60-BR","BRV-ARM-LOV-60","seating","SA-BRA-AL-60-CUSH","CUSH","1","export"
"FIN-BRV-ARM-LOV-60-GR","BRV-ARM-LOV-60","seating","SA-BRA-AL-60-FRAME","FRAME","1","export"
"FIN-BRV-ARM-LOV-60-GR","BRV-ARM-LOV-60","seating","SA-BRA-AL-60-CUSH","CUSH","1","export"
"FIN-BRV-ARM-LOV-60-WH","BRV-ARM-LOV-60","seating","SA-BRA-AL-60-FRAME","FRAME","1","export"
"FIN-BRV-ARM-LOV-60-WH","BRV-ARM-LOV-60","seating","SA-BRA-AL-60-CUSH","CUSH","1","export"
"FIN-BRV-ARM-SOF-34X34","BRV-ARM-SOF-34X34","seating","ASM-BRV-ARM-SOF-34X34-FRAME","FRAME","1","export"
"FIN-BRV-ARM-SOF-34X34","BRV-ARM-SOF-34X34","seating","ASM-BRV-ARM-SOF-34X34-CUSH","CUSH","1","export"
"FIN-BRV-ARM-SOF-72","BRV-ARM-SOF-72","seating","SA-BRA-AS-72-FRAME","FRAME","1","export"
"FIN-BRV-ARM-SOF-72","BRV-ARM-SOF-72","seating","SA-BRA-AS-72-CUSH","CUSH","1","export"
"FIN-BRV-ARM-SOF-72-BE","BRV-ARM-SOF-72","seating","SA-BRA-AS-72-FRAME","FRAME","1","export"
"FIN-BRV-ARM-SOF-72-BE","BRV-ARM-SOF-72","seating","SA-BRA-AS-72-CUSH","CUSH","1","export"
"FIN-BRV-ARM-SOF-72-BO","BRV-ARM-SOF-72","seating","SA-BRA-AS-72-FRAME","FRAME","1","export"
"FIN-BRV-ARM-SOF-72-BO","BRV-ARM-SOF-72","seating","SA-BRA-AS-72-CUSH","CUSH","1","export"
"FIN-BRV-ARM-SOF-72-BR","BRV-ARM-SOF-72","seating","SA-BRA-AS-72-FRAME","FRAME","1","export"
"FIN-BRV-ARM-SOF-72-BR","BRV-ARM-SOF-72","seating","SA-BRA-AS-72-CUSH","CUSH","1","export"
"FIN-BRV-ARM-SOF-72-GR","BRV-ARM-SOF-72","seating","SA-BRA-AS-72-FRAME","FRAME","1","export"
"FIN-BRV-ARM-SOF-72-GR","BRV-ARM-SOF-72","seating","SA-BRA-AS-72-CUSH","CUSH","1","export"
"FIN-BRV-ARM-SOF-72-WH","BRV-ARM-SOF-72","seating","SA-BRA-AS-72-FRAME","FRAME","1","export"
"FIN-BRV-ARM-SOF-72-WH","BRV-ARM-SOF-72","seating","SA-BRA-AS-72-CUSH","CUSH","1","export"
"FIN-BRV-ARM-SOF-72X34","BRV-ARM-SOF-72X34","seating","ASM-BRV-ARM-SOF-72X34-FRAME","FRAME","1","export"
"FIN-BRV-ARM-SOF-72X34","BRV-ARM-SOF-72X34","seating","ASM-BRV-ARM-SOF-72X34-CUSH","CUSH","1","export"
"FIN-BRV-ARM-SOF-72X34-ARMLESSSOFA","","seating","ASM-BRV-ARM-SOF-72X34-FRAME","FRAME","1","export"
"FIN-BRV-ARM-SOF-72X34-ARMLESSSOFA","","seating","ASM-BRV-ARM-SOF-72X34-CUSH","CUSH","1","export"
"FIN-BRV-ARM-SOF-84","BRV-ARM-SOF-84","seating","SA-BRA-AS-84-FRAME","FRAME","1","export"
"FIN-BRV-ARM-SOF-84","BRV-ARM-SOF-84","seating","SA-BRA-AS-84-CUSH","CUSH","1","export"
"FIN-BRV-ARM-SOF-84-BE","BRV-ARM-SOF-84","seating","SA-BRA-AS-84-FRAME","FRAME","1","export"
"FIN-BRV-ARM-SOF-84-BE","BRV-ARM-SOF-84","seating","SA-BRA-AS-84-CUSH","CUSH","1","export"
"FIN-BRV-ARM-SOF-84-BO","BRV-ARM-SOF-84","seating","SA-BRA-AS-84-FRAME","FRAME","1","export"
"FIN-BRV-ARM-SOF-84-BO","BRV-ARM-SOF-84","seating","SA-BRA-AS-84-CUSH","CUSH","1","export"
"FIN-BRV-ARM-SOF-84-BR","BRV-ARM-SOF-84","seating","SA-BRA-AS-84-FRAME","FRAME","1","export"
"FIN-BRV-ARM-SOF-84-BR","BRV-ARM-SOF-84","seating","SA-BRA-AS-84-CUSH","CUSH","1","export"
"FIN-BRV-ARM-SOF-84-GR","BRV-ARM-SOF-84","seating","SA-BRA-AS-84-FRAME","FRAME","1","export"
"FIN-BRV-ARM-SOF-84-GR","BRV-ARM-SOF-84","seating","SA-BRA-AS-84-CUSH","CUSH","1","export"
"FIN-BRV-ARM-SOF-84-WH","BRV-ARM-SOF-84","seating","SA-BRA-AS-84-FRAME","FRAME","1","export"
"FIN-BRV-ARM-SOF-84-WH","BRV-ARM-SOF-84","seating","SA-BRA-AS-84-CUSH","CUSH","1","export"
"FIN-BRV-ARM-SOF-84X34","BRV-ARM-SOF-84X34","seating","ASM-BRV-ARM-SOF-84X34-FRAME","FRAME","1","export"
"FIN-BRV-ARM-SOF-84X34","BRV-ARM-SOF-84X34","seating","ASM-BRV-ARM-SOF-84X34-CUSH","CUSH","1","export"
"FIN-BRV-ARM-SOF-96","BRV-ARM-SOF-96","seating","SA-BRA-AS-96-FRAME","FRAME","1","export"
"FIN-BRV-ARM-SOF-96","BRV-ARM-SOF-96","seating","SA-BRA-AS-96-CUSH","CUSH","1","export"
"FIN-BRV-ARM-SOF-96-BE","BRV-ARM-SOF-96","seating","SA-BRA-AS-96-FRAME","FRAME","1","export"
"FIN-BRV-ARM-SOF-96-BE","BRV-ARM-SOF-96","seating","SA-BRA-AS-96-CUSH","CUSH","1","export"
"FIN-BRV-ARM-SOF-96-BO","BRV-ARM-SOF-96","seating","SA-BRA-AS-96-FRAME","FRAME","1","export"
"FIN-BRV-ARM-SOF-96-BO","BRV-ARM-SOF-96","seating","SA-BRA-AS-96-CUSH","CUSH","1","export"
"FIN-BRV-ARM-SOF-96-BR","BRV-ARM-SOF-96","seating","SA-BRA-AS-96-FRAME","FRAME","1","export"
"FIN-BRV-ARM-SOF-96-BR","BRV-ARM-SOF-96","seating","SA-BRA-AS-96-CUSH","CUSH","1","export"
"FIN-BRV-ARM-SOF-96-GR","BRV-ARM-SOF-96","seating","SA-BRA-AS-96-FRAME","FRAME","1","export"
"FIN-BRV-ARM-SOF-96-GR","BRV-ARM-SOF-96","seating","SA-BRA-AS-96-CUSH","CUSH","1","export"
"FIN-BRV-ARM-SOF-96-WH","BRV-ARM-SOF-96","seating","SA-BRA-AS-96-FRAME","FRAME","1","export"
"FIN-BRV-ARM-SOF-96-WH","BRV-ARM-SOF-96","seating","SA-BRA-AS-96-CUSH","CUSH","1","export"
"FIN-BRV-ARM-SOF-96X34","BRV-ARM-SOF-96X34","seating","ASM-BRV-ARM-SOF-96X34-FRAME","FRAME","1","export"
"FIN-BRV-ARM-SOF-96X34","BRV-ARM-SOF-96X34","seating","ASM-BRV-ARM-SOF-96X34-CUSH","CUSH","1","export"
"FIN-BRV-BCH-96X34","BRV-BCH-96X34","seating","ASM-BRV-BCH-96X34-FRAME","FRAME","1","export"
"FIN-BRV-BCH-96X34","BRV-BCH-96X34","seating","ASM-BRV-BCH-96X34-CUSH","CUSH","1","export"
"FIN-BRV-BCH-96X34-ROUNDEDBACKED","","seating","ASM-BRV-BCH-96X34-FRAME","FRAME","1","export"
"FIN-BRV-BCH-96X34-ROUNDEDBACKED","","seating","ASM-BRV-BCH-96X34-CUSH","CUSH","1","export"
"FIN-BRV-CHS-34X72-LS","BRV-CHS-34X72-LS","seating","SA-BRA-C-34X72-LS-FRAME","FRAME","1","export"
"FIN-BRV-CHS-34X72-LS","BRV-CHS-34X72-LS","seating","SA-BRA-C-34X72-LS-CUSH","CUSH","1","export"
"FIN-BRV-CHS-34X72-LS-BE","BRV-CHS-34X72-LS","seating","SA-BRA-C-34X72-LS-FRAME","FRAME","1","export"
"FIN-BRV-CHS-34X72-LS-BE","BRV-CHS-34X72-LS","seating","SA-BRA-C-34X72-LS-CUSH","CUSH","1","export"
"FIN-BRV-CHS-34X72-LS-BO","BRV-CHS-34X72-LS","seating","SA-BRA-C-34X72-LS-FRAME","FRAME","1","export"
"FIN-BRV-CHS-34X72-LS-BO","BRV-CHS-34X72-LS","seating","SA-BRA-C-34X72-LS-CUSH","CUSH","1","export"
"FIN-BRV-CHS-34X72-LS-BR","BRV-CHS-34X72-LS","seating","SA-BRA-C-34X72-LS-FRAME","FRAME","1","export"
"FIN-BRV-CHS-34X72-LS-BR","BRV-CHS-34X72-LS","seating","SA-BRA-C-34X72-LS-CUSH","CUSH","1","export"
"FIN-BRV-CHS-34X72-LS-GR","BRV-CHS-34X72-LS","seating","SA-BRA-C-34X72-LS-FRAME","FRAME","1","export"
"FIN-BRV-CHS-34X72-LS-GR","BRV-CHS-34X72-LS","seating","SA-BRA-C-34X72-LS-CUSH","CUSH","1","export"
"FIN-BRV-CHS-34X72-LS-WH","BRV-CHS-34X72-LS","seating","SA-BRA-C-34X72-LS-FRAME","FRAME","1","export"
"FIN-BRV-CHS-34X72-LS-WH","BRV-CHS-34X72-LS","seating","SA-BRA-C-34X72-LS-CUSH","CUSH","1","export"
"FIN-BRV-CHS-34X72-RS","BRV-CHS-34X72-RS","seating","SA-BRA-C-34X72-RS-FRAME","FRAME","1","export"
"FIN-BRV-CHS-34X72-RS","BRV-CHS-34X72-RS","seating","SA-BRA-C-34X72-RS-CUSH","CUSH","1","export"
"FIN-BRV-CHS-34X72-RS-BE","BRV-CHS-34X72-RS","seating","SA-BRA-C-34X72-RS-FRAME","FRAME","1","export"
"FIN-BRV-CHS-34X72-RS-BE","BRV-CHS-34X72-RS","seating","SA-BRA-C-34X72-RS-CUSH","CUSH","1","export"
"FIN-BRV-CHS-34X72-RS-BO","BRV-CHS-34X72-RS","seating","SA-BRA-C-34X72-RS-FRAME","FRAME","1","export"
"FIN-BRV-CHS-34X72-RS-BO","BRV-CHS-34X72-RS","seating","SA-BRA-C-34X72-RS-CUSH","CUSH","1","export"
"FIN-BRV-CHS-34X72-RS-BR","BRV-CHS-34X72-RS","seating","SA-BRA-C-34X72-RS-FRAME","FRAME","1","export"
"FIN-BRV-CHS-34X72-RS-BR","BRV-CHS-34X72-RS","seating","SA-BRA-C-34X72-RS-CUSH","CUSH","1","export"
"FIN-BRV-CHS-34X72-RS-GR","BRV-CHS-34X72-RS","seating","SA-BRA-C-34X72-RS-FRAME","FRAME","1","export"
"FIN-BRV-CHS-34X72-RS-GR","BRV-CHS-34X72-RS","seating","SA-BRA-C-34X72-RS-CUSH","CUSH","1","export"
"FIN-BRV-CHS-34X72-RS-WH","BRV-CHS-34X72-RS","seating","SA-BRA-C-34X72-RS-FRAME","FRAME","1","export"
"FIN-BRV-CHS-34X72-RS-WH","BRV-CHS-34X72-RS","seating","SA-BRA-C-34X72-RS-CUSH","CUSH","1","export"
"FIN-BRV-CHS-34X84-LS","BRV-CHS-34X84-LS","seating","SA-BRA-C-34X84-LS-FRAME","FRAME","1","export"
"FIN-BRV-CHS-34X84-LS","BRV-CHS-34X84-LS","seating","SA-BRA-C-34X84-LS-CUSH","CUSH","1","export"
"FIN-BRV-CHS-34X84-LS-BE","BRV-CHS-34X84-LS","seating","SA-BRA-C-34X84-LS-FRAME","FRAME","1","export"
"FIN-BRV-CHS-34X84-LS-BE","BRV-CHS-34X84-LS","seating","SA-BRA-C-34X84-LS-CUSH","CUSH","1","export"
"FIN-BRV-CHS-34X84-LS-BO","BRV-CHS-34X84-LS","seating","SA-BRA-C-34X84-LS-FRAME","FRAME","1","export"
"FIN-BRV-CHS-34X84-LS-BO","BRV-CHS-34X84-LS","seating","SA-BRA-C-34X84-LS-CUSH","CUSH","1","export"
"FIN-BRV-CHS-34X84-LS-BR","BRV-CHS-34X84-LS","seating","SA-BRA-C-34X84-LS-FRAME","FRAME","1","export"
"FIN-BRV-CHS-34X84-LS-BR","BRV-CHS-34X84-LS","seating","SA-BRA-C-34X84-LS-CUSH","CUSH","1","export"
"FIN-BRV-CHS-34X84-LS-GR","BRV-CHS-34X84-LS","seating","SA-BRA-C-34X84-LS-FRAME","FRAME","1","export"
"FIN-BRV-CHS-34X84-LS-GR","BRV-CHS-34X84-LS","seating","SA-BRA-C-34X84-LS-CUSH","CUSH","1","export"
"FIN-BRV-CHS-34X84-LS-WH","BRV-CHS-34X84-LS","seating","SA-BRA-C-34X84-LS-FRAME","FRAME","1","export"
"FIN-BRV-CHS-34X84-LS-WH","BRV-CHS-34X84-LS","seating","SA-BRA-C-34X84-LS-CUSH","CUSH","1","export"
"FIN-BRV-CHS-34X84-RS","BRV-CHS-34X84-RS","seating","SA-BRA-C-34X84-RS-FRAME","FRAME","1","export"
"FIN-BRV-CHS-34X84-RS","BRV-CHS-34X84-RS","seating","SA-BRA-C-34X84-RS-CUSH","CUSH","1","export"
"FIN-BRV-CHS-34X84-RS-BE","BRV-CHS-34X84-RS","seating","SA-BRA-C-34X84-RS-FRAME","FRAME","1","export"
"FIN-BRV-CHS-34X84-RS-BE","BRV-CHS-34X84-RS","seating","SA-BRA-C-34X84-RS-CUSH","CUSH","1","export"
"FIN-BRV-CHS-34X84-RS-BO","BRV-CHS-34X84-RS","seating","SA-BRA-C-34X84-RS-FRAME","FRAME","1","export"
"FIN-BRV-CHS-34X84-RS-BO","BRV-CHS-34X84-RS","seating","SA-BRA-C-34X84-RS-CUSH","CUSH","1","export"
"FIN-BRV-CHS-34X84-RS-BR","BRV-CHS-34X84-RS","seating","SA-BRA-C-34X84-RS-FRAME","FRAME","1","export"
"FIN-BRV-CHS-34X84-RS-BR","BRV-CHS-34X84-RS","seating","SA-BRA-C-34X84-RS-CUSH","CUSH","1","export"
"FIN-BRV-CHS-34X84-RS-GR","BRV-CHS-34X84-RS","seating","SA-BRA-C-34X84-RS-FRAME","FRAME","1","export"
"FIN-BRV-CHS-34X84-RS-GR","BRV-CHS-34X84-RS","seating","SA-BRA-C-34X84-RS-CUSH","CUSH","1","export"
"FIN-BRV-CHS-34X84-RS-WH","BRV-CHS-34X84-RS","seating","SA-BRA-C-34X84-RS-FRAME","FRAME","1","export"
"FIN-BRV-CHS-34X84-RS-WH","BRV-CHS-34X84-RS","seating","SA-BRA-C-34X84-RS-CUSH","CUSH","1","export"
"FIN-BRV-CHS-42X72-LS","BRV-CHS-42X72-LS","seating","SA-BRA-C-42X72-LS-FRAME","FRAME","1","export"
"FIN-BRV-CHS-42X72-LS","BRV-CHS-42X72-LS","seating","SA-BRA-C-42X72-LS-CUSH","CUSH","1","export"
"FIN-BRV-CHS-42X72-LS-BE","BRV-CHS-42X72-LS","seating","SA-BRA-C-42X72-LS-FRAME","FRAME","1","export"
"FIN-BRV-CHS-42X72-LS-BE","BRV-CHS-42X72-LS","seating","SA-BRA-C-42X72-LS-CUSH","CUSH","1","export"
"FIN-BRV-CHS-42X72-LS-BO","BRV-CHS-42X72-LS","seating","SA-BRA-C-42X72-LS-FRAME","FRAME","1","export"
"FIN-BRV-CHS-42X72-LS-BO","BRV-CHS-42X72-LS","seating","SA-BRA-C-42X72-LS-CUSH","CUSH","1","export"
"FIN-BRV-CHS-42X72-LS-BR","BRV-CHS-42X72-LS","seating","SA-BRA-C-42X72-LS-FRAME","FRAME","1","export"
"FIN-BRV-CHS-42X72-LS-BR","BRV-CHS-42X72-LS","seating","SA-BRA-C-42X72-LS-CUSH","CUSH","1","export"
"FIN-BRV-CHS-42X72-LS-GR","BRV-CHS-42X72-LS","seating","SA-BRA-C-42X72-LS-FRAME","FRAME","1","export"
"FIN-BRV-CHS-42X72-LS-GR","BRV-CHS-42X72-LS","seating","SA-BRA-C-42X72-LS-CUSH","CUSH","1","export"
"FIN-BRV-CHS-42X72-LS-WH","BRV-CHS-42X72-LS","seating","SA-BRA-C-42X72-LS-FRAME","FRAME","1","export"
"FIN-BRV-CHS-42X72-LS-WH","BRV-CHS-42X72-LS","seating","SA-BRA-C-42X72-LS-CUSH","CUSH","1","export"
"FIN-BRV-CHS-42X72-RS","BRV-CHS-42X72-RS","seating","SA-BRA-C-42X72-RS-FRAME","FRAME","1","export"
"FIN-BRV-CHS-42X72-RS","BRV-CHS-42X72-RS","seating","SA-BRA-C-42X72-RS-CUSH","CUSH","1","export"
"FIN-BRV-CHS-42X72-RS-BE","BRV-CHS-42X72-RS","seating","SA-BRA-C-42X72-RS-FRAME","FRAME","1","export"
"FIN-BRV-CHS-42X72-RS-BE","BRV-CHS-42X72-RS","seating","SA-BRA-C-42X72-RS-CUSH","CUSH","1","export"
"FIN-BRV-CHS-42X72-RS-BO","BRV-CHS-42X72-RS","seating","SA-BRA-C-42X72-RS-FRAME","FRAME","1","export"
"FIN-BRV-CHS-42X72-RS-BO","BRV-CHS-42X72-RS","seating","SA-BRA-C-42X72-RS-CUSH","CUSH","1","export"
"FIN-BRV-CHS-42X72-RS-BR","BRV-CHS-42X72-RS","seating","SA-BRA-C-42X72-RS-FRAME","FRAME","1","export"
"FIN-BRV-CHS-42X72-RS-BR","BRV-CHS-42X72-RS","seating","SA-BRA-C-42X72-RS-CUSH","CUSH","1","export"
"FIN-BRV-CHS-42X72-RS-GR","BRV-CHS-42X72-RS","seating","SA-BRA-C-42X72-RS-FRAME","FRAME","1","export"
"FIN-BRV-CHS-42X72-RS-GR","BRV-CHS-42X72-RS","seating","SA-BRA-C-42X72-RS-CUSH","CUSH","1","export"
"FIN-BRV-CHS-42X72-RS-WH","BRV-CHS-42X72-RS","seating","SA-BRA-C-42X72-RS-FRAME","FRAME","1","export"
"FIN-BRV-CHS-42X72-RS-WH","BRV-CHS-42X72-RS","seating","SA-BRA-C-42X72-RS-CUSH","CUSH","1","export"
"FIN-BRV-CHS-42X84-LS","BRV-CHS-42X84-LS","seating","SA-BRA-C-42X84-LS-FRAME","FRAME","1","export"
"FIN-BRV-CHS-42X84-LS","BRV-CHS-42X84-LS","seating","SA-BRA-C-42X84-LS-CUSH","CUSH","1","export"
"FIN-BRV-CHS-42X84-LS-BE","BRV-CHS-42X84-LS","seating","SA-BRA-C-42X84-LS-FRAME","FRAME","1","export"
"FIN-BRV-CHS-42X84-LS-BE","BRV-CHS-42X84-LS","seating","SA-BRA-C-42X84-LS-CUSH","CUSH","1","export"
"FIN-BRV-CHS-42X84-LS-BO","BRV-CHS-42X84-LS","seating","SA-BRA-C-42X84-LS-FRAME","FRAME","1","export"
"FIN-BRV-CHS-42X84-LS-BO","BRV-CHS-42X84-LS","seating","SA-BRA-C-42X84-LS-CUSH","CUSH","1","export"
"FIN-BRV-CHS-42X84-LS-BR","BRV-CHS-42X84-LS","seating","SA-BRA-C-42X84-LS-FRAME","FRAME","1","export"
"FIN-BRV-CHS-42X84-LS-BR","BRV-CHS-42X84-LS","seating","SA-BRA-C-42X84-LS-CUSH","CUSH","1","export"
"FIN-BRV-CHS-42X84-LS-GR","BRV-CHS-42X84-LS","seating","SA-BRA-C-42X84-LS-FRAME","FRAME","1","export"
"FIN-BRV-CHS-42X84-LS-GR","BRV-CHS-42X84-LS","seating","SA-BRA-C-42X84-LS-CUSH","CUSH","1","export"
"FIN-BRV-CHS-42X84-LS-WH","BRV-CHS-42X84-LS","seating","SA-BRA-C-42X84-LS-FRAME","FRAME","1","export"
"FIN-BRV-CHS-42X84-LS-WH","BRV-CHS-42X84-LS","seating","SA-BRA-C-42X84-LS-CUSH","CUSH","1","export"
"FIN-BRV-CHS-42X84-RS","BRV-CHS-42X84-RS","seating","SA-BRA-C-42X84-RS-FRAME","FRAME","1","export"
"FIN-BRV-CHS-42X84-RS","BRV-CHS-42X84-RS","seating","SA-BRA-C-42X84-RS-CUSH","CUSH","1","export"
"FIN-BRV-CHS-42X84-RS-BE","BRV-CHS-42X84-RS","seating","SA-BRA-C-42X84-RS-FRAME","FRAME","1","export"
"FIN-BRV-CHS-42X84-RS-BE","BRV-CHS-42X84-RS","seating","SA-BRA-C-42X84-RS-CUSH","CUSH","1","export"
"FIN-BRV-CHS-42X84-RS-BO","BRV-CHS-42X84-RS","seating","SA-BRA-C-42X84-RS-FRAME","FRAME","1","export"
"FIN-BRV-CHS-42X84-RS-BO","BRV-CHS-42X84-RS","seating","SA-BRA-C-42X84-RS-CUSH","CUSH","1","export"
"FIN-BRV-CHS-42X84-RS-BR","BRV-CHS-42X84-RS","seating","SA-BRA-C-42X84-RS-FRAME","FRAME","1","export"
"FIN-BRV-CHS-42X84-RS-BR","BRV-CHS-42X84-RS","seating","SA-BRA-C-42X84-RS-CUSH","CUSH","1","export"
"FIN-BRV-CHS-42X84-RS-GR","BRV-CHS-42X84-RS","seating","SA-BRA-C-42X84-RS-FRAME","FRAME","1","export"
"FIN-BRV-CHS-42X84-RS-GR","BRV-CHS-42X84-RS","seating","SA-BRA-C-42X84-RS-CUSH","CUSH","1","export"
"FIN-BRV-CHS-42X84-RS-WH","BRV-CHS-42X84-RS","seating","SA-BRA-C-42X84-RS-FRAME","FRAME","1","export"
"FIN-BRV-CHS-42X84-RS-WH","BRV-CHS-42X84-RS","seating","SA-BRA-C-42X84-RS-CUSH","CUSH","1","export"
"FIN-BRV-CLB-CHA","BRV-CLB-CHA-34X34","seating","SA-BRV-CLB-CHA-34X34-FRAME","FRAME","1","export"
"FIN-BRV-CLB-CHA","BRV-CLB-CHA-34X34","seating","SA-BRV-CLB-CHA-34X34-CUSH","CUSH","1","export"
"FIN-BRV-CLB-CHA-34X34","BRV-CLB-CHA-34X34","seating","SA-BRV-CLB-CHA-34X34-FRAME","FRAME","1","export"
"FIN-BRV-CLB-CHA-34X34","BRV-CLB-CHA-34X34","seating","SA-BRV-CLB-CHA-34X34-CUSH","CUSH","1","export"
"FIN-BRV-CLB-CHA-BE","BRV-CLB-CHA-34X34","seating","SA-BRV-CLB-CHA-34X34-FRAME","FRAME","1","export"
"FIN-BRV-CLB-CHA-BE","BRV-CLB-CHA-34X34","seating","SA-BRV-CLB-CHA-34X34-CUSH","CUSH","1","export"
"FIN-BRV-CLB-CHA-BO","BRV-CLB-CHA-34X34","seating","SA-BRV-CLB-CHA-34X34-FRAME","FRAME","1","export"
"FIN-BRV-CLB-CHA-BO","BRV-CLB-CHA-34X34","seating","SA-BRV-CLB-CHA-34X34-CUSH","CUSH","1","export"
"FIN-BRV-CLB-CHA-BR","BRV-CLB-CHA-34X34","seating","SA-BRV-CLB-CHA-34X34-FRAME","FRAME","1","export"
"FIN-BRV-CLB-CHA-BR","BRV-CLB-CHA-34X34","seating","SA-BRV-CLB-CHA-34X34-CUSH","CUSH","1","export"
"FIN-BRV-CLB-CHA-GR","BRV-CLB-CHA-34X34","seating","SA-BRV-CLB-CHA-34X34-FRAME","FRAME","1","export"
"FIN-BRV-CLB-CHA-GR","BRV-CLB-CHA-34X34","seating","SA-BRV-CLB-CHA-34X34-CUSH","CUSH","1","export"
"FIN-BRV-CLB-CHA-WH","BRV-CLB-CHA-34X34","seating","SA-BRV-CLB-CHA-34X34-FRAME","FRAME","1","export"
"FIN-BRV-CLB-CHA-WH","BRV-CLB-CHA-34X34","seating","SA-BRV-CLB-CHA-34X34-CUSH","CUSH","1","export"
"FIN-BRV-COF-TAB","","table","RM-DKT-GENERIC-SLAB","DKT","1","export_partial"
"FIN-BRV-COF-TAB-28X42","BRV-COF-TAB-28X42","table","ASM-BRV-COF-TAB-28X42-FRAME","FRAME","1","export"
"FIN-BRV-COF-TAB-28X42","BRV-COF-TAB-28X42","table","RM-DKT-GENERIC-SLAB","DKT","1","export"
"FIN-BRV-COF-TAB-36X36","BRV-COF-TAB-36X36","table","SA-BRA-CT-36X36-FRAME","FRAME","1","export"
"FIN-BRV-COF-TAB-36X36","BRV-COF-TAB-36X36","table","RM-DKT-GENERIC-SLAB","DKT","1","export"
"FIN-BRV-COF-TAB-36X36-BE","BRV-COF-TAB-36X36","table","SA-BRA-CT-36X36-FRAME","FRAME","1","export"
"FIN-BRV-COF-TAB-36X36-BE","BRV-COF-TAB-36X36","table","RM-DKT-GENERIC-SLAB","DKT","1","export"
"FIN-BRV-COF-TAB-36X36-BO","BRV-COF-TAB-36X36","table","SA-BRA-CT-36X36-FRAME","FRAME","1","export"
"FIN-BRV-COF-TAB-36X36-BO","BRV-COF-TAB-36X36","table","RM-DKT-GENERIC-SLAB","DKT","1","export"
"FIN-BRV-COF-TAB-36X36-BR","BRV-COF-TAB-36X36","table","SA-BRA-CT-36X36-FRAME","FRAME","1","export"
"FIN-BRV-COF-TAB-36X36-BR","BRV-COF-TAB-36X36","table","RM-DKT-GENERIC-SLAB","DKT","1","export"
"FIN-BRV-COF-TAB-36X36-GR","BRV-COF-TAB-36X36","table","SA-BRA-CT-36X36-FRAME","FRAME","1","export"
"FIN-BRV-COF-TAB-36X36-GR","BRV-COF-TAB-36X36","table","RM-DKT-GENERIC-SLAB","DKT","1","export"
"FIN-BRV-COF-TAB-36X36-WT","BRV-COF-TAB-36X36","table","SA-BRA-CT-36X36-FRAME","FRAME","1","export"
"FIN-BRV-COF-TAB-36X36-WT","BRV-COF-TAB-36X36","table","RM-DKT-GENERIC-SLAB","DKT","1","export"
"FIN-BRV-COF-TAB-36X56","BRV-COF-TAB-36X56","table","ASM-BRV-COF-TAB-36X56-FRAME","FRAME","1","export"
"FIN-BRV-COF-TAB-36X56","BRV-COF-TAB-36X56","table","RM-DKT-GENERIC-SLAB","DKT","1","export"
"FIN-BRV-COF-TAB-42X28","BRV-COF-TAB-42X28","table","SA-BRA-CT-42X28-FRAME","FRAME","1","export"
"FIN-BRV-COF-TAB-42X28","BRV-COF-TAB-42X28","table","RM-DKT-GENERIC-SLAB","DKT","1","export"
"FIN-BRV-COF-TAB-42X28-BE","BRV-COF-TAB-42X28","table","SA-BRA-CT-42X28-FRAME","FRAME","1","export"
"FIN-BRV-COF-TAB-42X28-BE","BRV-COF-TAB-42X28","table","RM-DKT-GENERIC-SLAB","DKT","1","export"
"FIN-BRV-COF-TAB-42X28-BO","BRV-COF-TAB-42X28","table","SA-BRA-CT-42X28-FRAME","FRAME","1","export"
"FIN-BRV-COF-TAB-42X28-BO","BRV-COF-TAB-42X28","table","RM-DKT-GENERIC-SLAB","DKT","1","export"
"FIN-BRV-COF-TAB-42X28-BR","BRV-COF-TAB-42X28","table","SA-BRA-CT-42X28-FRAME","FRAME","1","export"
"FIN-BRV-COF-TAB-42X28-BR","BRV-COF-TAB-42X28","table","RM-DKT-GENERIC-SLAB","DKT","1","export"
"FIN-BRV-COF-TAB-42X28-GR","BRV-COF-TAB-42X28","table","SA-BRA-CT-42X28-FRAME","FRAME","1","export"
"FIN-BRV-COF-TAB-42X28-GR","BRV-COF-TAB-42X28","table","RM-DKT-GENERIC-SLAB","DKT","1","export"
"FIN-BRV-COF-TAB-42X28-WH","BRV-COF-TAB-42X28","table","SA-BRA-CT-42X28-FRAME","FRAME","1","export"
"FIN-BRV-COF-TAB-42X28-WH","BRV-COF-TAB-42X28","table","RM-DKT-GENERIC-SLAB","DKT","1","export"
"FIN-BRV-COF-TAB-42X42","BRV-COF-TAB-42X42","table","SA-BRA-CT-42X42-FRAME","FRAME","1","export"
"FIN-BRV-COF-TAB-42X42","BRV-COF-TAB-42X42","table","RM-DKT-GENERIC-SLAB","DKT","1","export"
"FIN-BRV-COF-TAB-42X42-BE","BRV-COF-TAB-42X42","table","SA-BRA-CT-42X42-FRAME","FRAME","1","export"
"FIN-BRV-COF-TAB-42X42-BE","BRV-COF-TAB-42X42","table","RM-DKT-GENERIC-SLAB","DKT","1","export"
"FIN-BRV-COF-TAB-42X42-BO","BRV-COF-TAB-42X42","table","SA-BRA-CT-42X42-FRAME","FRAME","1","export"
"FIN-BRV-COF-TAB-42X42-BO","BRV-COF-TAB-42X42","table","RM-DKT-GENERIC-SLAB","DKT","1","export"
"FIN-BRV-COF-TAB-42X42-BR","BRV-COF-TAB-42X42","table","SA-BRA-CT-42X42-FRAME","FRAME","1","export"
"FIN-BRV-COF-TAB-42X42-BR","BRV-COF-TAB-42X42","table","RM-DKT-GENERIC-SLAB","DKT","1","export"
"FIN-BRV-COF-TAB-42X42-GR","BRV-COF-TAB-42X42","table","SA-BRA-CT-42X42-FRAME","FRAME","1","export"
"FIN-BRV-COF-TAB-42X42-GR","BRV-COF-TAB-42X42","table","RM-DKT-GENERIC-SLAB","DKT","1","export"
"FIN-BRV-COF-TAB-42X42-WH","BRV-COF-TAB-42X42","table","SA-BRA-CT-42X42-FRAME","FRAME","1","export"
"FIN-BRV-COF-TAB-42X42-WH","BRV-COF-TAB-42X42","table","RM-DKT-GENERIC-SLAB","DKT","1","export"
"FIN-BRV-COF-TAB-42X56","BRV-COF-TAB-42X56","table","ASM-BRV-COF-TAB-42X56-FRAME","FRAME","1","export"
"FIN-BRV-COF-TAB-42X56","BRV-COF-TAB-42X56","table","RM-DKT-GENERIC-SLAB","DKT","1","export"
"FIN-BRV-COF-TAB-42X72","BRV-COF-TAB-42X72","table","ASM-BRV-COF-TAB-42X72-FRAME","FRAME","1","export"
"FIN-BRV-COF-TAB-42X72","BRV-COF-TAB-42X72","table","RM-DKT-GENERIC-SLAB","DKT","1","export"
"FIN-BRV-COF-TAB-56X28","BRV-COF-TAB-56X28","table","SA-BRA-CT-56X28-FRAME","FRAME","1","export"
"FIN-BRV-COF-TAB-56X28","BRV-COF-TAB-56X28","table","RM-DKT-GENERIC-SLAB","DKT","1","export"
"FIN-BRV-COF-TAB-56X28-BE","BRV-COF-TAB-56X28","table","SA-BRA-CT-56X28-FRAME","FRAME","1","export"
"FIN-BRV-COF-TAB-56X28-BE","BRV-COF-TAB-56X28","table","RM-DKT-GENERIC-SLAB","DKT","1","export"
"FIN-BRV-COF-TAB-56X28-BO","BRV-COF-TAB-56X28","table","SA-BRA-CT-56X28-FRAME","FRAME","1","export"
"FIN-BRV-COF-TAB-56X28-BO","BRV-COF-TAB-56X28","table","RM-DKT-GENERIC-SLAB","DKT","1","export"
"FIN-BRV-COF-TAB-56X28-BR","BRV-COF-TAB-56X28","table","SA-BRA-CT-56X28-FRAME","FRAME","1","export"
"FIN-BRV-COF-TAB-56X28-BR","BRV-COF-TAB-56X28","table","RM-DKT-GENERIC-SLAB","DKT","1","export"
"FIN-BRV-COF-TAB-56X28-GR","BRV-COF-TAB-56X28","table","SA-BRA-CT-56X28-FRAME","FRAME","1","export"
"FIN-BRV-COF-TAB-56X28-GR","BRV-COF-TAB-56X28","table","RM-DKT-GENERIC-SLAB","DKT","1","export"
"FIN-BRV-COF-TAB-56X28-WH","BRV-COF-TAB-56X28","table","SA-BRA-CT-56X28-FRAME","FRAME","1","export"
"FIN-BRV-COF-TAB-56X28-WH","BRV-COF-TAB-56X28","table","RM-DKT-GENERIC-SLAB","DKT","1","export"
"FIN-BRV-COF-TAB-56X36","BRV-COF-TAB-56X36","table","SA-BRA-CT-56X36-FRAME","FRAME","1","export"
"FIN-BRV-COF-TAB-56X36","BRV-COF-TAB-56X36","table","RM-DKT-GENERIC-SLAB","DKT","1","export"
"FIN-BRV-COF-TAB-56X36-BE","BRV-COF-TAB-56X36","table","SA-BRA-CT-56X36-FRAME","FRAME","1","export"
"FIN-BRV-COF-TAB-56X36-BE","BRV-COF-TAB-56X36","table","RM-DKT-GENERIC-SLAB","DKT","1","export"
"FIN-BRV-COF-TAB-56X36-BO","BRV-COF-TAB-56X36","table","SA-BRA-CT-56X36-FRAME","FRAME","1","export"
"FIN-BRV-COF-TAB-56X36-BO","BRV-COF-TAB-56X36","table","RM-DKT-GENERIC-SLAB","DKT","1","export"
"FIN-BRV-COF-TAB-56X36-BR","BRV-COF-TAB-56X36","table","SA-BRA-CT-56X36-FRAME","FRAME","1","export"
"FIN-BRV-COF-TAB-56X36-BR","BRV-COF-TAB-56X36","table","RM-DKT-GENERIC-SLAB","DKT","1","export"
"FIN-BRV-COF-TAB-56X36-GR","BRV-COF-TAB-56X36","table","SA-BRA-CT-56X36-FRAME","FRAME","1","export"
"FIN-BRV-COF-TAB-56X36-GR","BRV-COF-TAB-56X36","table","RM-DKT-GENERIC-SLAB","DKT","1","export"
"FIN-BRV-COF-TAB-56X36-WH","BRV-COF-TAB-56X36","table","SA-BRA-CT-56X36-FRAME","FRAME","1","export"
"FIN-BRV-COF-TAB-56X36-WH","BRV-COF-TAB-56X36","table","RM-DKT-GENERIC-SLAB","DKT","1","export"
"FIN-BRV-COF-TAB-56X42","BRV-COF-TAB-56X42","table","SA-BRA-CT-56X42-FRAME","FRAME","1","export"
"FIN-BRV-COF-TAB-56X42","BRV-COF-TAB-56X42","table","RM-DKT-GENERIC-SLAB","DKT","1","export"
"FIN-BRV-COF-TAB-56X42-BE","BRV-COF-TAB-56X42","table","SA-BRA-CT-56X42-FRAME","FRAME","1","export"
"FIN-BRV-COF-TAB-56X42-BE","BRV-COF-TAB-56X42","table","RM-DKT-GENERIC-SLAB","DKT","1","export"
"FIN-BRV-COF-TAB-56X42-BO","BRV-COF-TAB-56X42","table","SA-BRA-CT-56X42-FRAME","FRAME","1","export"
"FIN-BRV-COF-TAB-56X42-BO","BRV-COF-TAB-56X42","table","RM-DKT-GENERIC-SLAB","DKT","1","export"
"FIN-BRV-COF-TAB-56X42-BR","BRV-COF-TAB-56X42","table","SA-BRA-CT-56X42-FRAME","FRAME","1","export"
"FIN-BRV-COF-TAB-56X42-BR","BRV-COF-TAB-56X42","table","RM-DKT-GENERIC-SLAB","DKT","1","export"
"FIN-BRV-COF-TAB-56X42-GR","BRV-COF-TAB-56X42","table","SA-BRA-CT-56X42-FRAME","FRAME","1","export"
"FIN-BRV-COF-TAB-56X42-GR","BRV-COF-TAB-56X42","table","RM-DKT-GENERIC-SLAB","DKT","1","export"
"FIN-BRV-COF-TAB-56X42-WH","BRV-COF-TAB-56X42","table","SA-BRA-CT-56X42-FRAME","FRAME","1","export"
"FIN-BRV-COF-TAB-56X42-WH","BRV-COF-TAB-56X42","table","RM-DKT-GENERIC-SLAB","DKT","1","export"
"FIN-BRV-COF-TAB-56X56","BRV-COF-TAB-56X56","table","SA-BRA-CT-56X56-FRAME","FRAME","1","export"
"FIN-BRV-COF-TAB-56X56","BRV-COF-TAB-56X56","table","RM-DKT-GENERIC-SLAB","DKT","1","export"
"FIN-BRV-COF-TAB-56X56-BE","BRV-COF-TAB-56X56","table","SA-BRA-CT-56X56-FRAME","FRAME","1","export"
"FIN-BRV-COF-TAB-56X56-BE","BRV-COF-TAB-56X56","table","RM-DKT-GENERIC-SLAB","DKT","1","export"
"FIN-BRV-COF-TAB-56X56-BO","BRV-COF-TAB-56X56","table","SA-BRA-CT-56X56-FRAME","FRAME","1","export"
"FIN-BRV-COF-TAB-56X56-BO","BRV-COF-TAB-56X56","table","RM-DKT-GENERIC-SLAB","DKT","1","export"
"FIN-BRV-COF-TAB-56X56-BR","BRV-COF-TAB-56X56","table","SA-BRA-CT-56X56-FRAME","FRAME","1","export"
"FIN-BRV-COF-TAB-56X56-BR","BRV-COF-TAB-56X56","table","RM-DKT-GENERIC-SLAB","DKT","1","export"
"FIN-BRV-COF-TAB-56X56-GR","BRV-COF-TAB-56X56","table","SA-BRA-CT-56X56-FRAME","FRAME","1","export"
"FIN-BRV-COF-TAB-56X56-GR","BRV-COF-TAB-56X56","table","RM-DKT-GENERIC-SLAB","DKT","1","export"
"FIN-BRV-COF-TAB-56X56-WH","BRV-COF-TAB-56X56","table","SA-BRA-CT-56X56-FRAME","FRAME","1","export"
"FIN-BRV-COF-TAB-56X56-WH","BRV-COF-TAB-56X56","table","RM-DKT-GENERIC-SLAB","DKT","1","export"
"FIN-BRV-COF-TAB-56X72","BRV-COF-TAB-56X72","table","ASM-BRV-COF-TAB-56X72-FRAME","FRAME","1","export"
"FIN-BRV-COF-TAB-56X72","BRV-COF-TAB-56X72","table","RM-DKT-GENERIC-SLAB","DKT","1","export"
"FIN-BRV-COF-TAB-72X36","BRV-COF-TAB-72X36","table","SA-BRA-CT-72X36-FRAME","FRAME","1","export"
"FIN-BRV-COF-TAB-72X36","BRV-COF-TAB-72X36","table","RM-DKT-GENERIC-SLAB","DKT","1","export"
"FIN-BRV-COF-TAB-72X36-BE","BRV-COF-TAB-72X36","table","SA-BRA-CT-72X36-FRAME","FRAME","1","export"
"FIN-BRV-COF-TAB-72X36-BE","BRV-COF-TAB-72X36","table","RM-DKT-GENERIC-SLAB","DKT","1","export"
"FIN-BRV-COF-TAB-72X36-BO","BRV-COF-TAB-72X36","table","SA-BRA-CT-72X36-FRAME","FRAME","1","export"
"FIN-BRV-COF-TAB-72X36-BO","BRV-COF-TAB-72X36","table","RM-DKT-GENERIC-SLAB","DKT","1","export"
"FIN-BRV-COF-TAB-72X36-BR","BRV-COF-TAB-72X36","table","SA-BRA-CT-72X36-FRAME","FRAME","1","export"
"FIN-BRV-COF-TAB-72X36-BR","BRV-COF-TAB-72X36","table","RM-DKT-GENERIC-SLAB","DKT","1","export"
"FIN-BRV-COF-TAB-72X36-GR","BRV-COF-TAB-72X36","table","SA-BRA-CT-72X36-FRAME","FRAME","1","export"
"FIN-BRV-COF-TAB-72X36-GR","BRV-COF-TAB-72X36","table","RM-DKT-GENERIC-SLAB","DKT","1","export"
"FIN-BRV-COF-TAB-72X36-WH","BRV-COF-TAB-72X36","table","SA-BRA-CT-72X36-FRAME","FRAME","1","export"
"FIN-BRV-COF-TAB-72X36-WH","BRV-COF-TAB-72X36","table","RM-DKT-GENERIC-SLAB","DKT","1","export"
"FIN-BRV-COF-TAB-72X42","BRV-COF-TAB-72X42","table","SA-BRA-CT-72X42-FRAME","FRAME","1","export"
"FIN-BRV-COF-TAB-72X42","BRV-COF-TAB-72X42","table","RM-DKT-GENERIC-SLAB","DKT","1","export"
"FIN-BRV-COF-TAB-72X42-BE","BRV-COF-TAB-72X42","table","SA-BRA-CT-72X42-FRAME","FRAME","1","export"
"FIN-BRV-COF-TAB-72X42-BE","BRV-COF-TAB-72X42","table","RM-DKT-GENERIC-SLAB","DKT","1","export"
"FIN-BRV-COF-TAB-72X42-BO","BRV-COF-TAB-72X42","table","SA-BRA-CT-72X42-FRAME","FRAME","1","export"
"FIN-BRV-COF-TAB-72X42-BO","BRV-COF-TAB-72X42","table","RM-DKT-GENERIC-SLAB","DKT","1","export"
"FIN-BRV-COF-TAB-72X42-BR","BRV-COF-TAB-72X42","table","SA-BRA-CT-72X42-FRAME","FRAME","1","export"
"FIN-BRV-COF-TAB-72X42-BR","BRV-COF-TAB-72X42","table","RM-DKT-GENERIC-SLAB","DKT","1","export"
"FIN-BRV-COF-TAB-72X42-GR","BRV-COF-TAB-72X42","table","SA-BRA-CT-72X42-FRAME","FRAME","1","export"
"FIN-BRV-COF-TAB-72X42-GR","BRV-COF-TAB-72X42","table","RM-DKT-GENERIC-SLAB","DKT","1","export"
"FIN-BRV-COF-TAB-72X42-WH","BRV-COF-TAB-72X42","table","SA-BRA-CT-72X42-FRAME","FRAME","1","export"
"FIN-BRV-COF-TAB-72X42-WH","BRV-COF-TAB-72X42","table","RM-DKT-GENERIC-SLAB","DKT","1","export"
"FIN-BRV-COF-TAB-72X56","BRV-COF-TAB-72X56","table","SA-BRA-CT-72X56-FRAME","FRAME","1","export"
"FIN-BRV-COF-TAB-72X56","BRV-COF-TAB-72X56","table","RM-DKT-GENERIC-SLAB","DKT","1","export"
"FIN-BRV-COF-TAB-72X56-BE","BRV-COF-TAB-72X56","table","SA-BRA-CT-72X56-FRAME","FRAME","1","export"
"FIN-BRV-COF-TAB-72X56-BE","BRV-COF-TAB-72X56","table","RM-DKT-GENERIC-SLAB","DKT","1","export"
"FIN-BRV-COF-TAB-72X56-BO","BRV-COF-TAB-72X56","table","SA-BRA-CT-72X56-FRAME","FRAME","1","export"
"FIN-BRV-COF-TAB-72X56-BO","BRV-COF-TAB-72X56","table","RM-DKT-GENERIC-SLAB","DKT","1","export"
"FIN-BRV-COF-TAB-72X56-BR","BRV-COF-TAB-72X56","table","SA-BRA-CT-72X56-FRAME","FRAME","1","export"
"FIN-BRV-COF-TAB-72X56-BR","BRV-COF-TAB-72X56","table","RM-DKT-GENERIC-SLAB","DKT","1","export"
"FIN-BRV-COF-TAB-72X56-GR","BRV-COF-TAB-72X56","table","SA-BRA-CT-72X56-FRAME","FRAME","1","export"
"FIN-BRV-COF-TAB-72X56-GR","BRV-COF-TAB-72X56","table","RM-DKT-GENERIC-SLAB","DKT","1","export"
"FIN-BRV-COF-TAB-72X56-WH","BRV-COF-TAB-72X56","table","SA-BRA-CT-72X56-FRAME","FRAME","1","export"
"FIN-BRV-COF-TAB-72X56-WH","BRV-COF-TAB-72X56","table","RM-DKT-GENERIC-SLAB","DKT","1","export"
"FIN-BRV-COR-CHS-72X34","BRV-COR-CHS-72X34","seating","ASM-BRV-COR-CHS-72X34-FRAME","FRAME","1","export"
"FIN-BRV-COR-CHS-72X34","BRV-COR-CHS-72X34","seating","ASM-BRV-COR-CHS-72X34-CUSH","CUSH","1","export"
"FIN-BRV-COR-CHS-84X34","BRV-COR-CHS-84X34","seating","ASM-BRV-COR-CHS-84X34-FRAME","FRAME","1","export"
"FIN-BRV-COR-CHS-84X34","BRV-COR-CHS-84X34","seating","ASM-BRV-COR-CHS-84X34-CUSH","CUSH","1","export"
"FIN-BRV-COR-SOF-72X34","BRV-COR-SOF-72X34","seating","","","","no_live_target"
"FIN-BRV-COR-SOF-72X34-LS","BRV-COR-SOF-72X34-LS","seating","SA-BRA-CS-72-LS-FRAME","FRAME","1","export"
"FIN-BRV-COR-SOF-72X34-LS","BRV-COR-SOF-72X34-LS","seating","SA-BRA-CS-72-LS-CUSH","CUSH","1","export"
"FIN-BRV-COR-SOF-72X34-LS-BE","BRV-COR-SOF-72X34-LS","seating","SA-BRA-CS-72-LS-FRAME","FRAME","1","export"
"FIN-BRV-COR-SOF-72X34-LS-BE","BRV-COR-SOF-72X34-LS","seating","SA-BRA-CS-72-LS-CUSH","CUSH","1","export"
"FIN-BRV-COR-SOF-72X34-LS-BO","BRV-COR-SOF-72X34-LS","seating","SA-BRA-CS-72-LS-FRAME","FRAME","1","export"
"FIN-BRV-COR-SOF-72X34-LS-BO","BRV-COR-SOF-72X34-LS","seating","SA-BRA-CS-72-LS-CUSH","CUSH","1","export"
"FIN-BRV-COR-SOF-72X34-LS-BR","BRV-COR-SOF-72X34-LS","seating","SA-BRA-CS-72-LS-FRAME","FRAME","1","export"
"FIN-BRV-COR-SOF-72X34-LS-BR","BRV-COR-SOF-72X34-LS","seating","SA-BRA-CS-72-LS-CUSH","CUSH","1","export"
"FIN-BRV-COR-SOF-72X34-LS-GR","BRV-COR-SOF-72X34-LS","seating","SA-BRA-CS-72-LS-FRAME","FRAME","1","export"
"FIN-BRV-COR-SOF-72X34-LS-GR","BRV-COR-SOF-72X34-LS","seating","SA-BRA-CS-72-LS-CUSH","CUSH","1","export"
"FIN-BRV-COR-SOF-72X34-LS-WH","BRV-COR-SOF-72X34-LS","seating","SA-BRA-CS-72-LS-FRAME","FRAME","1","export"
"FIN-BRV-COR-SOF-72X34-LS-WH","BRV-COR-SOF-72X34-LS","seating","SA-BRA-CS-72-LS-CUSH","CUSH","1","export"
"FIN-BRV-COR-SOF-72X34-RS","BRV-COR-SOF-72X34-RS","seating","SA-BRA-CS-72-RS-FRAME","FRAME","1","export"
"FIN-BRV-COR-SOF-72X34-RS","BRV-COR-SOF-72X34-RS","seating","SA-BRA-CS-72-RS-CUSH","CUSH","1","export"
"FIN-BRV-COR-SOF-72X34-RS-BE","BRV-COR-SOF-72X34-RS","seating","SA-BRA-CS-72-RS-FRAME","FRAME","1","export"
"FIN-BRV-COR-SOF-72X34-RS-BE","BRV-COR-SOF-72X34-RS","seating","SA-BRA-CS-72-RS-CUSH","CUSH","1","export"
"FIN-BRV-COR-SOF-72X34-RS-BO","BRV-COR-SOF-72X34-RS","seating","SA-BRA-CS-72-RS-FRAME","FRAME","1","export"
"FIN-BRV-COR-SOF-72X34-RS-BO","BRV-COR-SOF-72X34-RS","seating","SA-BRA-CS-72-RS-CUSH","CUSH","1","export"
"FIN-BRV-COR-SOF-72X34-RS-BR","BRV-COR-SOF-72X34-RS","seating","SA-BRA-CS-72-RS-FRAME","FRAME","1","export"
"FIN-BRV-COR-SOF-72X34-RS-BR","BRV-COR-SOF-72X34-RS","seating","SA-BRA-CS-72-RS-CUSH","CUSH","1","export"
"FIN-BRV-COR-SOF-72X34-RS-GR","BRV-COR-SOF-72X34-RS","seating","SA-BRA-CS-72-RS-FRAME","FRAME","1","export"
"FIN-BRV-COR-SOF-72X34-RS-GR","BRV-COR-SOF-72X34-RS","seating","SA-BRA-CS-72-RS-CUSH","CUSH","1","export"
"FIN-BRV-COR-SOF-72X34-RS-WH","BRV-COR-SOF-72X34-RS","seating","SA-BRA-CS-72-RS-FRAME","FRAME","1","export"
"FIN-BRV-COR-SOF-72X34-RS-WH","BRV-COR-SOF-72X34-RS","seating","SA-BRA-CS-72-RS-CUSH","CUSH","1","export"
"FIN-BRV-COR-SOF-84X34","BRV-COR-SOF-84X34","seating","","","","no_live_target"
"FIN-BRV-COR-SOF-84X34-LS","BRV-COR-SOF-84X34-LS","seating","SA-BRA-CS-84-LS-FRAME","FRAME","1","export"
"FIN-BRV-COR-SOF-84X34-LS","BRV-COR-SOF-84X34-LS","seating","SA-BRA-CS-84-LS-CUSH","CUSH","1","export"
"FIN-BRV-COR-SOF-84X34-LS-BE","BRV-COR-SOF-84X34-LS","seating","SA-BRA-CS-84-LS-FRAME","FRAME","1","export"
"FIN-BRV-COR-SOF-84X34-LS-BE","BRV-COR-SOF-84X34-LS","seating","SA-BRA-CS-84-LS-CUSH","CUSH","1","export"
"FIN-BRV-COR-SOF-84X34-LS-BO","BRV-COR-SOF-84X34-LS","seating","SA-BRA-CS-84-LS-FRAME","FRAME","1","export"
"FIN-BRV-COR-SOF-84X34-LS-BO","BRV-COR-SOF-84X34-LS","seating","SA-BRA-CS-84-LS-CUSH","CUSH","1","export"
"FIN-BRV-COR-SOF-84X34-LS-BR","BRV-COR-SOF-84X34-LS","seating","SA-BRA-CS-84-LS-FRAME","FRAME","1","export"
"FIN-BRV-COR-SOF-84X34-LS-BR","BRV-COR-SOF-84X34-LS","seating","SA-BRA-CS-84-LS-CUSH","CUSH","1","export"
"FIN-BRV-COR-SOF-84X34-LS-GR","BRV-COR-SOF-84X34-LS","seating","SA-BRA-CS-84-LS-FRAME","FRAME","1","export"
"FIN-BRV-COR-SOF-84X34-LS-GR","BRV-COR-SOF-84X34-LS","seating","SA-BRA-CS-84-LS-CUSH","CUSH","1","export"
"FIN-BRV-COR-SOF-84X34-LS-WH","BRV-COR-SOF-84X34-LS","seating","SA-BRA-CS-84-LS-FRAME","FRAME","1","export"
"FIN-BRV-COR-SOF-84X34-LS-WH","BRV-COR-SOF-84X34-LS","seating","SA-BRA-CS-84-LS-CUSH","CUSH","1","export"
"FIN-BRV-COR-SOF-84X34-RS","BRV-COR-SOF-84X34-RS","seating","SA-BRA-CS-84-RS-FRAME","FRAME","1","export"
"FIN-BRV-COR-SOF-84X34-RS","BRV-COR-SOF-84X34-RS","seating","SA-BRA-CS-84-RS-CUSH","CUSH","1","export"
"FIN-BRV-COR-SOF-84X34-RS-BE","BRV-COR-SOF-84X34-RS","seating","SA-BRA-CS-84-RS-FRAME","FRAME","1","export"
"FIN-BRV-COR-SOF-84X34-RS-BE","BRV-COR-SOF-84X34-RS","seating","SA-BRA-CS-84-RS-CUSH","CUSH","1","export"
"FIN-BRV-COR-SOF-84X34-RS-BO","BRV-COR-SOF-84X34-RS","seating","SA-BRA-CS-84-RS-FRAME","FRAME","1","export"
"FIN-BRV-COR-SOF-84X34-RS-BO","BRV-COR-SOF-84X34-RS","seating","SA-BRA-CS-84-RS-CUSH","CUSH","1","export"
"FIN-BRV-COR-SOF-84X34-RS-BR","BRV-COR-SOF-84X34-RS","seating","SA-BRA-CS-84-RS-FRAME","FRAME","1","export"
"FIN-BRV-COR-SOF-84X34-RS-BR","BRV-COR-SOF-84X34-RS","seating","SA-BRA-CS-84-RS-CUSH","CUSH","1","export"
"FIN-BRV-COR-SOF-84X34-RS-GR","BRV-COR-SOF-84X34-RS","seating","SA-BRA-CS-84-RS-FRAME","FRAME","1","export"
"FIN-BRV-COR-SOF-84X34-RS-GR","BRV-COR-SOF-84X34-RS","seating","SA-BRA-CS-84-RS-CUSH","CUSH","1","export"
"FIN-BRV-COR-SOF-84X34-RS-WH","BRV-COR-SOF-84X34-RS","seating","SA-BRA-CS-84-RS-FRAME","FRAME","1","export"
"FIN-BRV-COR-SOF-84X34-RS-WH","BRV-COR-SOF-84X34-RS","seating","SA-BRA-CS-84-RS-CUSH","CUSH","1","export"
"FIN-BRV-COR-SOF-96X34","BRV-COR-SOF-96X34","seating","","","","no_live_target"
"FIN-BRV-COR-SOF-96X34-LS","BRV-COR-SOF-96X34-LS","seating","SA-BRA-CS-96-LS-FRAME","FRAME","1","export"
"FIN-BRV-COR-SOF-96X34-LS","BRV-COR-SOF-96X34-LS","seating","SA-BRA-CS-96-LS-CUSH","CUSH","1","export"
"FIN-BRV-COR-SOF-96X34-LS-BE","BRV-COR-SOF-96X34-LS","seating","SA-BRA-CS-96-LS-FRAME","FRAME","1","export"
"FIN-BRV-COR-SOF-96X34-LS-BE","BRV-COR-SOF-96X34-LS","seating","SA-BRA-CS-96-LS-CUSH","CUSH","1","export"
"FIN-BRV-COR-SOF-96X34-LS-BO","BRV-COR-SOF-96X34-LS","seating","SA-BRA-CS-96-LS-FRAME","FRAME","1","export"
"FIN-BRV-COR-SOF-96X34-LS-BO","BRV-COR-SOF-96X34-LS","seating","SA-BRA-CS-96-LS-CUSH","CUSH","1","export"
"FIN-BRV-COR-SOF-96X34-LS-BR","BRV-COR-SOF-96X34-LS","seating","SA-BRA-CS-96-LS-FRAME","FRAME","1","export"
"FIN-BRV-COR-SOF-96X34-LS-BR","BRV-COR-SOF-96X34-LS","seating","SA-BRA-CS-96-LS-CUSH","CUSH","1","export"
"FIN-BRV-COR-SOF-96X34-LS-GR","BRV-COR-SOF-96X34-LS","seating","SA-BRA-CS-96-LS-FRAME","FRAME","1","export"
"FIN-BRV-COR-SOF-96X34-LS-GR","BRV-COR-SOF-96X34-LS","seating","SA-BRA-CS-96-LS-CUSH","CUSH","1","export"
"FIN-BRV-COR-SOF-96X34-LS-WH","BRV-COR-SOF-96X34-LS","seating","SA-BRA-CS-96-LS-FRAME","FRAME","1","export"
"FIN-BRV-COR-SOF-96X34-LS-WH","BRV-COR-SOF-96X34-LS","seating","SA-BRA-CS-96-LS-CUSH","CUSH","1","export"
"FIN-BRV-COR-SOF-96X34-RS","BRV-COR-SOF-96X34-RS","seating","SA-BRA-CS-96-RS-FRAME","FRAME","1","export"
"FIN-BRV-COR-SOF-96X34-RS","BRV-COR-SOF-96X34-RS","seating","SA-BRA-CS-96-RS-CUSH","CUSH","1","export"
"FIN-BRV-COR-SOF-96X34-RS-BE","BRV-COR-SOF-96X34-RS","seating","SA-BRA-CS-96-RS-FRAME","FRAME","1","export"
"FIN-BRV-COR-SOF-96X34-RS-BE","BRV-COR-SOF-96X34-RS","seating","SA-BRA-CS-96-RS-CUSH","CUSH","1","export"
"FIN-BRV-COR-SOF-96X34-RS-BO","BRV-COR-SOF-96X34-RS","seating","SA-BRA-CS-96-RS-FRAME","FRAME","1","export"
"FIN-BRV-COR-SOF-96X34-RS-BO","BRV-COR-SOF-96X34-RS","seating","SA-BRA-CS-96-RS-CUSH","CUSH","1","export"
"FIN-BRV-COR-SOF-96X34-RS-BR","BRV-COR-SOF-96X34-RS","seating","SA-BRA-CS-96-RS-FRAME","FRAME","1","export"
"FIN-BRV-COR-SOF-96X34-RS-BR","BRV-COR-SOF-96X34-RS","seating","SA-BRA-CS-96-RS-CUSH","CUSH","1","export"
"FIN-BRV-COR-SOF-96X34-RS-GR","BRV-COR-SOF-96X34-RS","seating","SA-BRA-CS-96-RS-FRAME","FRAME","1","export"
"FIN-BRV-COR-SOF-96X34-RS-GR","BRV-COR-SOF-96X34-RS","seating","SA-BRA-CS-96-RS-CUSH","CUSH","1","export"
"FIN-BRV-COR-SOF-96X34-RS-WH","BRV-COR-SOF-96X34-RS","seating","SA-BRA-CS-96-RS-FRAME","FRAME","1","export"
"FIN-BRV-COR-SOF-96X34-RS-WH","BRV-COR-SOF-96X34-RS","seating","SA-BRA-CS-96-RS-CUSH","CUSH","1","export"
"FIN-BRV-DOU-CHS-58X79","BRV-DOU-CHS-58X79","seating","","","","no_live_target"
"FIN-BRV-DOU-CHS-58X79-BE","BRV-DOU-CHS-58X79","seating","","","","no_live_target"
"FIN-BRV-DOU-CHS-58X79-BO","BRV-DOU-CHS-58X79","seating","","","","no_live_target"
"FIN-BRV-DOU-CHS-58X79-BR","BRV-DOU-CHS-58X79","seating","","","","no_live_target"
"FIN-BRV-DOU-CHS-58X79-GR","BRV-DOU-CHS-58X79","seating","","","","no_live_target"
"FIN-BRV-DOU-CHS-58X79-NOARM","BRV-DOU-CHS-58X79-NOARM","seating","","","","no_live_target"
"FIN-BRV-DOU-CHS-58X79-NOARM-BE","BRV-DOU-CHS-58X79-NOARM","seating","","","","no_live_target"
"FIN-BRV-DOU-CHS-58X79-NOARM-BO","BRV-DOU-CHS-58X79-NOARM","seating","","","","no_live_target"
"FIN-BRV-DOU-CHS-58X79-NOARM-BR","BRV-DOU-CHS-58X79-NOARM","seating","","","","no_live_target"
"FIN-BRV-DOU-CHS-58X79-NOARM-GR","BRV-DOU-CHS-58X79-NOARM","seating","","","","no_live_target"
"FIN-BRV-DOU-CHS-58X79-NOARM-WH","BRV-DOU-CHS-58X79-NOARM","seating","","","","no_live_target"
"FIN-BRV-DOU-CHS-58X79-WH","BRV-DOU-CHS-58X79","seating","","","","no_live_target"
"FIN-BRV-DYB-72X72","BRV-DYB-72X72","seating","","","","no_live_target"
"FIN-BRV-DYB-72X72-BE","BRV-DYB-72X72","seating","","","","no_live_target"
"FIN-BRV-DYB-72X72-BO","BRV-DYB-72X72","seating","","","","no_live_target"
"FIN-BRV-DYB-72X72-BR","BRV-DYB-72X72","seating","","","","no_live_target"
"FIN-BRV-DYB-72X72-GR","BRV-DYB-72X72","seating","","","","no_live_target"
"FIN-BRV-DYB-72X72-WH","BRV-DYB-72X72","seating","","","","no_live_target"
"FIN-BRV-DYB-72X78","BRV-DYB-72X78","seating","SA-BRA-CADA-72X78-FRAME","FRAME","1","export"
"FIN-BRV-DYB-72X78","BRV-DYB-72X78","seating","SA-BRA-CADA-72X78-CUSH","CUSH","1","export"
"FIN-BRV-DYB-72X78-BE","BRV-DYB-72X78","seating","SA-BRA-CADA-72X78-FRAME","FRAME","1","export"
"FIN-BRV-DYB-72X78-BE","BRV-DYB-72X78","seating","SA-BRA-CADA-72X78-CUSH","CUSH","1","export"
"FIN-BRV-DYB-72X78-BO","BRV-DYB-72X78","seating","SA-BRA-CADA-72X78-FRAME","FRAME","1","export"
"FIN-BRV-DYB-72X78-BO","BRV-DYB-72X78","seating","SA-BRA-CADA-72X78-CUSH","CUSH","1","export"
"FIN-BRV-DYB-72X78-BR","BRV-DYB-72X78","seating","SA-BRA-CADA-72X78-FRAME","FRAME","1","export"
"FIN-BRV-DYB-72X78-BR","BRV-DYB-72X78","seating","SA-BRA-CADA-72X78-CUSH","CUSH","1","export"
"FIN-BRV-DYB-72X78-GR","BRV-DYB-72X78","seating","SA-BRA-CADA-72X78-FRAME","FRAME","1","export"
"FIN-BRV-DYB-72X78-GR","BRV-DYB-72X78","seating","SA-BRA-CADA-72X78-CUSH","CUSH","1","export"
"FIN-BRV-DYB-72X78-WH","BRV-DYB-72X78","seating","SA-BRA-CADA-72X78-FRAME","FRAME","1","export"
"FIN-BRV-DYB-72X78-WH","BRV-DYB-72X78","seating","SA-BRA-CADA-72X78-CUSH","CUSH","1","export"
"FIN-BRV-DYB-78X72","BRV-DYB-78X72","seating","SA-BRA-CADA-72X78-FRAME","FRAME","1","export"
"FIN-BRV-DYB-78X72","BRV-DYB-78X72","seating","SA-BRA-CADA-72X78-CUSH","CUSH","1","export"
"FIN-BRV-DYB-78X72-BE","BRV-DYB-78X72","seating","SA-BRA-CADA-72X78-FRAME","FRAME","1","export"
"FIN-BRV-DYB-78X72-BE","BRV-DYB-78X72","seating","SA-BRA-CADA-72X78-CUSH","CUSH","1","export"
"FIN-BRV-DYB-78X72-BO","BRV-DYB-78X72","seating","SA-BRA-CADA-72X78-FRAME","FRAME","1","export"
"FIN-BRV-DYB-78X72-BO","BRV-DYB-78X72","seating","SA-BRA-CADA-72X78-CUSH","CUSH","1","export"
"FIN-BRV-DYB-78X72-BR","BRV-DYB-78X72","seating","SA-BRA-CADA-72X78-FRAME","FRAME","1","export"
"FIN-BRV-DYB-78X72-BR","BRV-DYB-78X72","seating","SA-BRA-CADA-72X78-CUSH","CUSH","1","export"
"FIN-BRV-DYB-78X72-GR","BRV-DYB-78X72","seating","SA-BRA-CADA-72X78-FRAME","FRAME","1","export"
"FIN-BRV-DYB-78X72-GR","BRV-DYB-78X72","seating","SA-BRA-CADA-72X78-CUSH","CUSH","1","export"
"FIN-BRV-DYB-78X72-WH","BRV-DYB-78X72","seating","SA-BRA-CADA-72X78-FRAME","FRAME","1","export"
"FIN-BRV-DYB-78X72-WH","BRV-DYB-78X72","seating","SA-BRA-CADA-72X78-CUSH","CUSH","1","export"
"FIN-BRV-DYB-78X78","BRV-DYB-78X78","seating","SA-BRA-CADA-78X78-FRAME","FRAME","1","export"
"FIN-BRV-DYB-78X78","BRV-DYB-78X78","seating","SA-BRA-CADA-78X78-CUSH","CUSH","1","export"
"FIN-BRV-DYB-78X78-BE","BRV-DYB-78X78","seating","SA-BRA-CADA-78X78-FRAME","FRAME","1","export"
"FIN-BRV-DYB-78X78-BE","BRV-DYB-78X78","seating","SA-BRA-CADA-78X78-CUSH","CUSH","1","export"
"FIN-BRV-DYB-78X78-BO","BRV-DYB-78X78","seating","SA-BRA-CADA-78X78-FRAME","FRAME","1","export"
"FIN-BRV-DYB-78X78-BO","BRV-DYB-78X78","seating","SA-BRA-CADA-78X78-CUSH","CUSH","1","export"
"FIN-BRV-DYB-78X78-BR","BRV-DYB-78X78","seating","SA-BRA-CADA-78X78-FRAME","FRAME","1","export"
"FIN-BRV-DYB-78X78-BR","BRV-DYB-78X78","seating","SA-BRA-CADA-78X78-CUSH","CUSH","1","export"
"FIN-BRV-DYB-78X78-GR","BRV-DYB-78X78","seating","SA-BRA-CADA-78X78-FRAME","FRAME","1","export"
"FIN-BRV-DYB-78X78-GR","BRV-DYB-78X78","seating","SA-BRA-CADA-78X78-CUSH","CUSH","1","export"
"FIN-BRV-DYB-78X78-WH","BRV-DYB-78X78","seating","SA-BRA-CADA-78X78-FRAME","FRAME","1","export"
"FIN-BRV-DYB-78X78-WH","BRV-DYB-78X78","seating","SA-BRA-CADA-78X78-CUSH","CUSH","1","export"
"FIN-BRV-DYB-84X72","BRV-DYB-84X72","seating","ASM-BRV-DYB-84X72-FRAME","FRAME","1","export"
"FIN-BRV-DYB-84X72","BRV-DYB-84X72","seating","ASM-BRV-DYB-84X72-CUSH","CUSH","1","export"
"FIN-BRV-DYB-84X78","BRV-DYB-84X78","seating","SA-BRA-CADA-84X78-FRAME","FRAME","1","export"
"FIN-BRV-DYB-84X78","BRV-DYB-84X78","seating","SA-BRA-CADA-84X78-CUSH","CUSH","1","export"
"FIN-BRV-DYB-84X78-BE","BRV-DYB-84X78","seating","SA-BRA-CADA-84X78-FRAME","FRAME","1","export"
"FIN-BRV-DYB-84X78-BE","BRV-DYB-84X78","seating","SA-BRA-CADA-84X78-CUSH","CUSH","1","export"
"FIN-BRV-DYB-84X78-BO","BRV-DYB-84X78","seating","SA-BRA-CADA-84X78-FRAME","FRAME","1","export"
"FIN-BRV-DYB-84X78-BO","BRV-DYB-84X78","seating","SA-BRA-CADA-84X78-CUSH","CUSH","1","export"
"FIN-BRV-DYB-84X78-BR","BRV-DYB-84X78","seating","SA-BRA-CADA-84X78-FRAME","FRAME","1","export"
"FIN-BRV-DYB-84X78-BR","BRV-DYB-84X78","seating","SA-BRA-CADA-84X78-CUSH","CUSH","1","export"
"FIN-BRV-DYB-84X78-GR","BRV-DYB-84X78","seating","SA-BRA-CADA-84X78-FRAME","FRAME","1","export"
"FIN-BRV-DYB-84X78-GR","BRV-DYB-84X78","seating","SA-BRA-CADA-84X78-CUSH","CUSH","1","export"
"FIN-BRV-DYB-84X78-WH","BRV-DYB-84X78","seating","SA-BRA-CADA-84X78-FRAME","FRAME","1","export"
"FIN-BRV-DYB-84X78-WH","BRV-DYB-84X78","seating","SA-BRA-CADA-84X78-CUSH","CUSH","1","export"
"FIN-BRV-DYB-84X84","BRV-DYB-84X84","seating","ASM-BRV-DYB-84X84-FRAME","FRAME","1","export"
"FIN-BRV-DYB-84X84","BRV-DYB-84X84","seating","ASM-BRV-DYB-84X84-CUSH","CUSH","1","export"
"FIN-BRV-DYB-84X84-DAYBED","","seating","ASM-BRV-DYB-84X84-FRAME","FRAME","1","export"
"FIN-BRV-DYB-84X84-DAYBED","","seating","ASM-BRV-DYB-84X84-CUSH","CUSH","1","export"
"FIN-BRV-LOV-SOF-60X34","BRV-LOV-SOF-60X34","seating","SA-BRV-LOV-SOF-60X34-FRAME","FRAME","1","export"
"FIN-BRV-LOV-SOF-60X34","BRV-LOV-SOF-60X34","seating","SA-BRV-LOV-SOF-60X34-CUSH","CUSH","1","export"
"FIN-BRV-LOV-SOF-60X34-BE","BRV-LOV-SOF-60X34","seating","SA-BRV-LOV-SOF-60X34-FRAME","FRAME","1","export"
"FIN-BRV-LOV-SOF-60X34-BE","BRV-LOV-SOF-60X34","seating","SA-BRV-LOV-SOF-60X34-CUSH","CUSH","1","export"
"FIN-BRV-LOV-SOF-60X34-BO","BRV-LOV-SOF-60X34","seating","SA-BRV-LOV-SOF-60X34-FRAME","FRAME","1","export"
"FIN-BRV-LOV-SOF-60X34-BO","BRV-LOV-SOF-60X34","seating","SA-BRV-LOV-SOF-60X34-CUSH","CUSH","1","export"
"FIN-BRV-LOV-SOF-60X34-BR","BRV-LOV-SOF-60X34","seating","SA-BRV-LOV-SOF-60X34-FRAME","FRAME","1","export"
"FIN-BRV-LOV-SOF-60X34-BR","BRV-LOV-SOF-60X34","seating","SA-BRV-LOV-SOF-60X34-CUSH","CUSH","1","export"
"FIN-BRV-LOV-SOF-60X34-GR","BRV-LOV-SOF-60X34","seating","SA-BRV-LOV-SOF-60X34-FRAME","FRAME","1","export"
"FIN-BRV-LOV-SOF-60X34-GR","BRV-LOV-SOF-60X34","seating","SA-BRV-LOV-SOF-60X34-CUSH","CUSH","1","export"
"FIN-BRV-LOV-SOF-60X34-WH","BRV-LOV-SOF-60X34","seating","SA-BRV-LOV-SOF-60X34-FRAME","FRAME","1","export"
"FIN-BRV-LOV-SOF-60X34-WH","BRV-LOV-SOF-60X34","seating","SA-BRV-LOV-SOF-60X34-CUSH","CUSH","1","export"
"FIN-BRV-MIN-LOV-48X34","BRV-MIN-LOV-48X34","seating","SA-BRV-MIN-LOV-48X34-FRAME","FRAME","1","export"
"FIN-BRV-MIN-LOV-48X34","BRV-MIN-LOV-48X34","seating","SA-BRV-MIN-LOV-48X34-CUSH","CUSH","1","export"
"FIN-BRV-MIN-LOV-48X34-ARMLESSMINI","","seating","SA-BRV-MIN-LOV-48X34-FRAME","FRAME","1","export"
"FIN-BRV-MIN-LOV-48X34-ARMLESSMINI","","seating","SA-BRV-MIN-LOV-48X34-CUSH","CUSH","1","export"
"FIN-BRV-MIN-LOV-48X34-BE","BRV-MIN-LOV-48X34","seating","SA-BRV-MIN-LOV-48X34-FRAME","FRAME","1","export"
"FIN-BRV-MIN-LOV-48X34-BE","BRV-MIN-LOV-48X34","seating","SA-BRV-MIN-LOV-48X34-CUSH","CUSH","1","export"
"FIN-BRV-MIN-LOV-48X34-BO","BRV-MIN-LOV-48X34","seating","SA-BRV-MIN-LOV-48X34-FRAME","FRAME","1","export"
"FIN-BRV-MIN-LOV-48X34-BO","BRV-MIN-LOV-48X34","seating","SA-BRV-MIN-LOV-48X34-CUSH","CUSH","1","export"
"FIN-BRV-MIN-LOV-48X34-BR","BRV-MIN-LOV-48X34","seating","SA-BRV-MIN-LOV-48X34-FRAME","FRAME","1","export"
"FIN-BRV-MIN-LOV-48X34-BR","BRV-MIN-LOV-48X34","seating","SA-BRV-MIN-LOV-48X34-CUSH","CUSH","1","export"
"FIN-BRV-MIN-LOV-48X34-GR","BRV-MIN-LOV-48X34","seating","SA-BRV-MIN-LOV-48X34-FRAME","FRAME","1","export"
"FIN-BRV-MIN-LOV-48X34-GR","BRV-MIN-LOV-48X34","seating","SA-BRV-MIN-LOV-48X34-CUSH","CUSH","1","export"
"FIN-BRV-MIN-LOV-48X34-MINILOVESEAT","","seating","SA-BRV-MIN-LOV-48X34-FRAME","FRAME","1","export"
"FIN-BRV-MIN-LOV-48X34-MINILOVESEAT","","seating","SA-BRV-MIN-LOV-48X34-CUSH","CUSH","1","export"
"FIN-BRV-MIN-LOV-48X34-WH","BRV-MIN-LOV-48X34","seating","SA-BRV-MIN-LOV-48X34-FRAME","FRAME","1","export"
"FIN-BRV-MIN-LOV-48X34-WH","BRV-MIN-LOV-48X34","seating","SA-BRV-MIN-LOV-48X34-CUSH","CUSH","1","export"
"FIN-BRV-OTT-22X30","BRV-OTT-22X30","seating","ASM-BRV-OTT-22X30-FRAME","FRAME","1","export"
"FIN-BRV-OTT-22X30","BRV-OTT-22X30","seating","ASM-BRV-OTT-22X30-CUSH","CUSH","1","export"
"FIN-BRV-OTT-22X42","BRV-OTT-22X42","seating","ASM-BRV-OTT-22X42-FRAME","FRAME","1","export"
"FIN-BRV-OTT-22X42","BRV-OTT-22X42","seating","ASM-BRV-OTT-22X42-CUSH","CUSH","1","export"
"FIN-BRV-OTT-22X60","BRV-OTT-22X60","seating","ASM-BRV-OTT-22X60-FRAME","FRAME","1","export"
"FIN-BRV-OTT-22X60","BRV-OTT-22X60","seating","ASM-BRV-OTT-22X60-CUSH","CUSH","1","export"
"FIN-BRV-OTT-22X72","BRV-OTT-22X72","seating","ASM-BRV-OTT-22X72-FRAME","FRAME","1","export"
"FIN-BRV-OTT-22X72","BRV-OTT-22X72","seating","ASM-BRV-OTT-22X72-CUSH","CUSH","1","export"
"FIN-BRV-OTT-30X22","BRV-OTT-30X22","seating","SA-BRA-O-30X22-FRAME","FRAME","1","export"
"FIN-BRV-OTT-30X22","BRV-OTT-30X22","seating","SA-BRA-O-30X22-CUSH","CUSH","1","export"
"FIN-BRV-OTT-30X22-BE","BRV-OTT-30X22","seating","SA-BRA-O-30X22-FRAME","FRAME","1","export"
"FIN-BRV-OTT-30X22-BE","BRV-OTT-30X22","seating","SA-BRA-O-30X22-CUSH","CUSH","1","export"
"FIN-BRV-OTT-30X22-BO","BRV-OTT-30X22","seating","SA-BRA-O-30X22-FRAME","FRAME","1","export"
"FIN-BRV-OTT-30X22-BO","BRV-OTT-30X22","seating","SA-BRA-O-30X22-CUSH","CUSH","1","export"
"FIN-BRV-OTT-30X22-BR","BRV-OTT-30X22","seating","SA-BRA-O-30X22-FRAME","FRAME","1","export"
"FIN-BRV-OTT-30X22-BR","BRV-OTT-30X22","seating","SA-BRA-O-30X22-CUSH","CUSH","1","export"
"FIN-BRV-OTT-30X22-GR","BRV-OTT-30X22","seating","SA-BRA-O-30X22-FRAME","FRAME","1","export"
"FIN-BRV-OTT-30X22-GR","BRV-OTT-30X22","seating","SA-BRA-O-30X22-CUSH","CUSH","1","export"
"FIN-BRV-OTT-30X22-WH","BRV-OTT-30X22","seating","SA-BRA-O-30X22-FRAME","FRAME","1","export"
"FIN-BRV-OTT-30X22-WH","BRV-OTT-30X22","seating","SA-BRA-O-30X22-CUSH","CUSH","1","export"
"FIN-BRV-OTT-34X34","BRV-OTT-34X34","seating","SA-BRA-O-34X34-FRAME","FRAME","1","export"
"FIN-BRV-OTT-34X34","BRV-OTT-34X34","seating","SA-BRA-O-34X34-CUSH","CUSH","1","export"
"FIN-BRV-OTT-34X34-BE","BRV-OTT-34X34","seating","SA-BRA-O-34X34-FRAME","FRAME","1","export"
"FIN-BRV-OTT-34X34-BE","BRV-OTT-34X34","seating","SA-BRA-O-34X34-CUSH","CUSH","1","export"
"FIN-BRV-OTT-34X34-BO","BRV-OTT-34X34","seating","SA-BRA-O-34X34-FRAME","FRAME","1","export"
"FIN-BRV-OTT-34X34-BO","BRV-OTT-34X34","seating","SA-BRA-O-34X34-CUSH","CUSH","1","export"
"FIN-BRV-OTT-34X34-BR","BRV-OTT-34X34","seating","SA-BRA-O-34X34-FRAME","FRAME","1","export"
"FIN-BRV-OTT-34X34-BR","BRV-OTT-34X34","seating","SA-BRA-O-34X34-CUSH","CUSH","1","export"
"FIN-BRV-OTT-34X34-GR","BRV-OTT-34X34","seating","SA-BRA-O-34X34-FRAME","FRAME","1","export"
"FIN-BRV-OTT-34X34-GR","BRV-OTT-34X34","seating","SA-BRA-O-34X34-CUSH","CUSH","1","export"
"FIN-BRV-OTT-34X34-WH","BRV-OTT-34X34","seating","SA-BRA-O-34X34-FRAME","FRAME","1","export"
"FIN-BRV-OTT-34X34-WH","BRV-OTT-34X34","seating","SA-BRA-O-34X34-CUSH","CUSH","1","export"
"FIN-BRV-OTT-34X42","BRV-OTT-34X42","seating","ASM-BRV-OTT-34X42-FRAME","FRAME","1","export"
"FIN-BRV-OTT-34X42","BRV-OTT-34X42","seating","ASM-BRV-OTT-34X42-CUSH","CUSH","1","export"
"FIN-BRV-OTT-34X60","BRV-OTT-34X60","seating","ASM-BRV-OTT-34X60-FRAME","FRAME","1","export"
"FIN-BRV-OTT-34X60","BRV-OTT-34X60","seating","ASM-BRV-OTT-34X60-CUSH","CUSH","1","export"
"FIN-BRV-OTT-34X72","BRV-OTT-34X72","seating","ASM-BRV-OTT-34X72-FRAME","FRAME","1","export"
"FIN-BRV-OTT-34X72","BRV-OTT-34X72","seating","ASM-BRV-OTT-34X72-CUSH","CUSH","1","export"
"FIN-BRV-OTT-42X22","BRV-OTT-42X22","seating","SA-BRA-O-42X22-FRAME","FRAME","1","export"
"FIN-BRV-OTT-42X22","BRV-OTT-42X22","seating","SA-BRA-O-42X22-CUSH","CUSH","1","export"
"FIN-BRV-OTT-42X22-BE","BRV-OTT-42X22","seating","SA-BRA-O-42X22-FRAME","FRAME","1","export"
"FIN-BRV-OTT-42X22-BE","BRV-OTT-42X22","seating","SA-BRA-O-42X22-CUSH","CUSH","1","export"
"FIN-BRV-OTT-42X22-BO","BRV-OTT-42X22","seating","SA-BRA-O-42X22-FRAME","FRAME","1","export"
"FIN-BRV-OTT-42X22-BO","BRV-OTT-42X22","seating","SA-BRA-O-42X22-CUSH","CUSH","1","export"
"FIN-BRV-OTT-42X22-BR","BRV-OTT-42X22","seating","SA-BRA-O-42X22-FRAME","FRAME","1","export"
"FIN-BRV-OTT-42X22-BR","BRV-OTT-42X22","seating","SA-BRA-O-42X22-CUSH","CUSH","1","export"
"FIN-BRV-OTT-42X22-GR","BRV-OTT-42X22","seating","SA-BRA-O-42X22-FRAME","FRAME","1","export"
"FIN-BRV-OTT-42X22-GR","BRV-OTT-42X22","seating","SA-BRA-O-42X22-CUSH","CUSH","1","export"
"FIN-BRV-OTT-42X22-WH","BRV-OTT-42X22","seating","SA-BRA-O-42X22-FRAME","FRAME","1","export"
"FIN-BRV-OTT-42X22-WH","BRV-OTT-42X22","seating","SA-BRA-O-42X22-CUSH","CUSH","1","export"
"FIN-BRV-OTT-42X34","BRV-OTT-42X34","seating","SA-BRA-O-42X34-FRAME","FRAME","1","export"
"FIN-BRV-OTT-42X34","BRV-OTT-42X34","seating","SA-BRA-O-42X34-CUSH","CUSH","1","export"
"FIN-BRV-OTT-42X34-BE","BRV-OTT-42X34","seating","SA-BRA-O-42X34-FRAME","FRAME","1","export"
"FIN-BRV-OTT-42X34-BE","BRV-OTT-42X34","seating","SA-BRA-O-42X34-CUSH","CUSH","1","export"
"FIN-BRV-OTT-42X34-BO","BRV-OTT-42X34","seating","SA-BRA-O-42X34-FRAME","FRAME","1","export"
"FIN-BRV-OTT-42X34-BO","BRV-OTT-42X34","seating","SA-BRA-O-42X34-CUSH","CUSH","1","export"
"FIN-BRV-OTT-42X34-BR","BRV-OTT-42X34","seating","SA-BRA-O-42X34-FRAME","FRAME","1","export"
"FIN-BRV-OTT-42X34-BR","BRV-OTT-42X34","seating","SA-BRA-O-42X34-CUSH","CUSH","1","export"
"FIN-BRV-OTT-42X34-GR","BRV-OTT-42X34","seating","SA-BRA-O-42X34-FRAME","FRAME","1","export"
"FIN-BRV-OTT-42X34-GR","BRV-OTT-42X34","seating","SA-BRA-O-42X34-CUSH","CUSH","1","export"
"FIN-BRV-OTT-42X34-WH","BRV-OTT-42X34","seating","SA-BRA-O-42X34-FRAME","FRAME","1","export"
"FIN-BRV-OTT-42X34-WH","BRV-OTT-42X34","seating","SA-BRA-O-42X34-CUSH","CUSH","1","export"
"FIN-BRV-OTT-60X22","BRV-OTT-60X22","seating","SA-BRA-O-60X22-FRAME","FRAME","1","export"
"FIN-BRV-OTT-60X22","BRV-OTT-60X22","seating","SA-BRA-O-60X22-CUSH","CUSH","1","export"
"FIN-BRV-OTT-60X22-BE","BRV-OTT-60X22","seating","SA-BRA-O-60X22-FRAME","FRAME","1","export"
"FIN-BRV-OTT-60X22-BE","BRV-OTT-60X22","seating","SA-BRA-O-60X22-CUSH","CUSH","1","export"
"FIN-BRV-OTT-60X22-BO","BRV-OTT-60X22","seating","SA-BRA-O-60X22-FRAME","FRAME","1","export"
"FIN-BRV-OTT-60X22-BO","BRV-OTT-60X22","seating","SA-BRA-O-60X22-CUSH","CUSH","1","export"
"FIN-BRV-OTT-60X22-BR","BRV-OTT-60X22","seating","SA-BRA-O-60X22-FRAME","FRAME","1","export"
"FIN-BRV-OTT-60X22-BR","BRV-OTT-60X22","seating","SA-BRA-O-60X22-CUSH","CUSH","1","export"
"FIN-BRV-OTT-60X22-GR","BRV-OTT-60X22","seating","SA-BRA-O-60X22-FRAME","FRAME","1","export"
"FIN-BRV-OTT-60X22-GR","BRV-OTT-60X22","seating","SA-BRA-O-60X22-CUSH","CUSH","1","export"
"FIN-BRV-OTT-60X22-WH","BRV-OTT-60X22","seating","SA-BRA-O-60X22-FRAME","FRAME","1","export"
"FIN-BRV-OTT-60X22-WH","BRV-OTT-60X22","seating","SA-BRA-O-60X22-CUSH","CUSH","1","export"
"FIN-BRV-OTT-60X34","BRV-OTT-60X34","seating","SA-BRA-O-60X34-FRAME","FRAME","1","export"
"FIN-BRV-OTT-60X34","BRV-OTT-60X34","seating","SA-BRA-O-60X34-CUSH","CUSH","1","export"
"FIN-BRV-OTT-60X34-BE","BRV-OTT-60X34","seating","SA-BRA-O-60X34-FRAME","FRAME","1","export"
"FIN-BRV-OTT-60X34-BE","BRV-OTT-60X34","seating","SA-BRA-O-60X34-CUSH","CUSH","1","export"
"FIN-BRV-OTT-60X34-BO","BRV-OTT-60X34","seating","SA-BRA-O-60X34-FRAME","FRAME","1","export"
"FIN-BRV-OTT-60X34-BO","BRV-OTT-60X34","seating","SA-BRA-O-60X34-CUSH","CUSH","1","export"
"FIN-BRV-OTT-60X34-BR","BRV-OTT-60X34","seating","SA-BRA-O-60X34-FRAME","FRAME","1","export"
"FIN-BRV-OTT-60X34-BR","BRV-OTT-60X34","seating","SA-BRA-O-60X34-CUSH","CUSH","1","export"
"FIN-BRV-OTT-60X34-GR","BRV-OTT-60X34","seating","SA-BRA-O-60X34-FRAME","FRAME","1","export"
"FIN-BRV-OTT-60X34-GR","BRV-OTT-60X34","seating","SA-BRA-O-60X34-CUSH","CUSH","1","export"
"FIN-BRV-OTT-60X34-WH","BRV-OTT-60X34","seating","SA-BRA-O-60X34-FRAME","FRAME","1","export"
"FIN-BRV-OTT-60X34-WH","BRV-OTT-60X34","seating","SA-BRA-O-60X34-CUSH","CUSH","1","export"
"FIN-BRV-OTT-72X22","BRV-OTT-72X22","seating","SA-BRA-O-72X22-FRAME","FRAME","1","export"
"FIN-BRV-OTT-72X22","BRV-OTT-72X22","seating","SA-BRA-O-72X22-CUSH","CUSH","1","export"
"FIN-BRV-OTT-72X22-BE","BRV-OTT-72X22","seating","SA-BRA-O-72X22-FRAME","FRAME","1","export"
"FIN-BRV-OTT-72X22-BE","BRV-OTT-72X22","seating","SA-BRA-O-72X22-CUSH","CUSH","1","export"
"FIN-BRV-OTT-72X22-BO","BRV-OTT-72X22","seating","SA-BRA-O-72X22-FRAME","FRAME","1","export"
"FIN-BRV-OTT-72X22-BO","BRV-OTT-72X22","seating","SA-BRA-O-72X22-CUSH","CUSH","1","export"
"FIN-BRV-OTT-72X22-BR","BRV-OTT-72X22","seating","SA-BRA-O-72X22-FRAME","FRAME","1","export"
"FIN-BRV-OTT-72X22-BR","BRV-OTT-72X22","seating","SA-BRA-O-72X22-CUSH","CUSH","1","export"
"FIN-BRV-OTT-72X22-GR","BRV-OTT-72X22","seating","SA-BRA-O-72X22-FRAME","FRAME","1","export"
"FIN-BRV-OTT-72X22-GR","BRV-OTT-72X22","seating","SA-BRA-O-72X22-CUSH","CUSH","1","export"
"FIN-BRV-OTT-72X22-WH","BRV-OTT-72X22","seating","SA-BRA-O-72X22-FRAME","FRAME","1","export"
"FIN-BRV-OTT-72X22-WH","BRV-OTT-72X22","seating","SA-BRA-O-72X22-CUSH","CUSH","1","export"
"FIN-BRV-OTT-72X34","BRV-OTT-72X34","seating","SA-BRA-O-72X34-FRAME","FRAME","1","export"
"FIN-BRV-OTT-72X34","BRV-OTT-72X34","seating","SA-BRA-O-72X34-CUSH","CUSH","1","export"
"FIN-BRV-OTT-72X34-BE","BRV-OTT-72X34","seating","SA-BRA-O-72X34-FRAME","FRAME","1","export"
"FIN-BRV-OTT-72X34-BE","BRV-OTT-72X34","seating","SA-BRA-O-72X34-CUSH","CUSH","1","export"
"FIN-BRV-OTT-72X34-BO","BRV-OTT-72X34","seating","SA-BRA-O-72X34-FRAME","FRAME","1","export"
"FIN-BRV-OTT-72X34-BO","BRV-OTT-72X34","seating","SA-BRA-O-72X34-CUSH","CUSH","1","export"
"FIN-BRV-OTT-72X34-BR","BRV-OTT-72X34","seating","SA-BRA-O-72X34-FRAME","FRAME","1","export"
"FIN-BRV-OTT-72X34-BR","BRV-OTT-72X34","seating","SA-BRA-O-72X34-CUSH","CUSH","1","export"
"FIN-BRV-OTT-72X34-GR","BRV-OTT-72X34","seating","SA-BRA-O-72X34-FRAME","FRAME","1","export"
"FIN-BRV-OTT-72X34-GR","BRV-OTT-72X34","seating","SA-BRA-O-72X34-CUSH","CUSH","1","export"
"FIN-BRV-OTT-72X34-WH","BRV-OTT-72X34","seating","SA-BRA-O-72X34-FRAME","FRAME","1","export"
"FIN-BRV-OTT-72X34-WH","BRV-OTT-72X34","seating","SA-BRA-O-72X34-CUSH","CUSH","1","export"
"FIN-BRV-OTT-DKT-30X22","BRV-OTT-DKT-30X22","seating","SA-BRA-ODT-30X22-FRAME","FRAME","1","export"
"FIN-BRV-OTT-DKT-30X22","BRV-OTT-DKT-30X22","seating","SA-BRA-ODT-30X22-CUSH","CUSH","1","export"
"FIN-BRV-OTT-DKT-30X22","BRV-OTT-DKT-30X22","seating","RM-DKT-GENERIC-SLAB","DKT","1","export"
"FIN-BRV-OTT-DKT-30X22-BE","BRV-OTT-DKT-30X22","seating","SA-BRA-ODT-30X22-FRAME","FRAME","1","export"
"FIN-BRV-OTT-DKT-30X22-BE","BRV-OTT-DKT-30X22","seating","SA-BRA-ODT-30X22-CUSH","CUSH","1","export"
"FIN-BRV-OTT-DKT-30X22-BE","BRV-OTT-DKT-30X22","seating","RM-DKT-GENERIC-SLAB","DKT","1","export"
"FIN-BRV-OTT-DKT-30X22-BO","BRV-OTT-DKT-30X22","seating","SA-BRA-ODT-30X22-FRAME","FRAME","1","export"
"FIN-BRV-OTT-DKT-30X22-BO","BRV-OTT-DKT-30X22","seating","SA-BRA-ODT-30X22-CUSH","CUSH","1","export"
"FIN-BRV-OTT-DKT-30X22-BO","BRV-OTT-DKT-30X22","seating","RM-DKT-GENERIC-SLAB","DKT","1","export"
"FIN-BRV-OTT-DKT-30X22-BR","BRV-OTT-DKT-30X22","seating","SA-BRA-ODT-30X22-FRAME","FRAME","1","export"
"FIN-BRV-OTT-DKT-30X22-BR","BRV-OTT-DKT-30X22","seating","SA-BRA-ODT-30X22-CUSH","CUSH","1","export"
"FIN-BRV-OTT-DKT-30X22-BR","BRV-OTT-DKT-30X22","seating","RM-DKT-GENERIC-SLAB","DKT","1","export"
"FIN-BRV-OTT-DKT-30X22-GR","BRV-OTT-DKT-30X22","seating","SA-BRA-ODT-30X22-FRAME","FRAME","1","export"
"FIN-BRV-OTT-DKT-30X22-GR","BRV-OTT-DKT-30X22","seating","SA-BRA-ODT-30X22-CUSH","CUSH","1","export"
"FIN-BRV-OTT-DKT-30X22-GR","BRV-OTT-DKT-30X22","seating","RM-DKT-GENERIC-SLAB","DKT","1","export"
"FIN-BRV-OTT-DKT-30X22-WH","BRV-OTT-DKT-30X22","seating","SA-BRA-ODT-30X22-FRAME","FRAME","1","export"
"FIN-BRV-OTT-DKT-30X22-WH","BRV-OTT-DKT-30X22","seating","SA-BRA-ODT-30X22-CUSH","CUSH","1","export"
"FIN-BRV-OTT-DKT-30X22-WH","BRV-OTT-DKT-30X22","seating","RM-DKT-GENERIC-SLAB","DKT","1","export"
"FIN-BRV-OTT-DKT-34X34","BRV-OTT-DKT-34X34","seating","SA-BRA-ODT-34X34-FRAME","FRAME","1","export"
"FIN-BRV-OTT-DKT-34X34","BRV-OTT-DKT-34X34","seating","SA-BRA-ODT-34X34-CUSH","CUSH","1","export"
"FIN-BRV-OTT-DKT-34X34","BRV-OTT-DKT-34X34","seating","RM-DKT-GENERIC-SLAB","DKT","1","export"
"FIN-BRV-OTT-DKT-34X34-BE","BRV-OTT-DKT-34X34","seating","SA-BRA-ODT-34X34-FRAME","FRAME","1","export"
"FIN-BRV-OTT-DKT-34X34-BE","BRV-OTT-DKT-34X34","seating","SA-BRA-ODT-34X34-CUSH","CUSH","1","export"
"FIN-BRV-OTT-DKT-34X34-BE","BRV-OTT-DKT-34X34","seating","RM-DKT-GENERIC-SLAB","DKT","1","export"
"FIN-BRV-OTT-DKT-34X34-BO","BRV-OTT-DKT-34X34","seating","SA-BRA-ODT-34X34-FRAME","FRAME","1","export"
"FIN-BRV-OTT-DKT-34X34-BO","BRV-OTT-DKT-34X34","seating","SA-BRA-ODT-34X34-CUSH","CUSH","1","export"
"FIN-BRV-OTT-DKT-34X34-BO","BRV-OTT-DKT-34X34","seating","RM-DKT-GENERIC-SLAB","DKT","1","export"
"FIN-BRV-OTT-DKT-34X34-BR","BRV-OTT-DKT-34X34","seating","SA-BRA-ODT-34X34-FRAME","FRAME","1","export"
"FIN-BRV-OTT-DKT-34X34-BR","BRV-OTT-DKT-34X34","seating","SA-BRA-ODT-34X34-CUSH","CUSH","1","export"
"FIN-BRV-OTT-DKT-34X34-BR","BRV-OTT-DKT-34X34","seating","RM-DKT-GENERIC-SLAB","DKT","1","export"
"FIN-BRV-OTT-DKT-34X34-GR","BRV-OTT-DKT-34X34","seating","SA-BRA-ODT-34X34-FRAME","FRAME","1","export"
"FIN-BRV-OTT-DKT-34X34-GR","BRV-OTT-DKT-34X34","seating","SA-BRA-ODT-34X34-CUSH","CUSH","1","export"
"FIN-BRV-OTT-DKT-34X34-GR","BRV-OTT-DKT-34X34","seating","RM-DKT-GENERIC-SLAB","DKT","1","export"
"FIN-BRV-OTT-DKT-34X34-WH","BRV-OTT-DKT-34X34","seating","SA-BRA-ODT-34X34-FRAME","FRAME","1","export"
"FIN-BRV-OTT-DKT-34X34-WH","BRV-OTT-DKT-34X34","seating","SA-BRA-ODT-34X34-CUSH","CUSH","1","export"
"FIN-BRV-OTT-DKT-34X34-WH","BRV-OTT-DKT-34X34","seating","RM-DKT-GENERIC-SLAB","DKT","1","export"
"FIN-BRV-OTT-DKT-42X22","BRV-OTT-DKT-42X22","seating","SA-BRA-ODT-42X22-FRAME","FRAME","1","export"
"FIN-BRV-OTT-DKT-42X22","BRV-OTT-DKT-42X22","seating","SA-BRA-ODT-42X22-CUSH","CUSH","1","export"
"FIN-BRV-OTT-DKT-42X22","BRV-OTT-DKT-42X22","seating","RM-DKT-GENERIC-SLAB","DKT","1","export"
"FIN-BRV-OTT-DKT-42X22-BE","BRV-OTT-DKT-42X22","seating","SA-BRA-ODT-42X22-FRAME","FRAME","1","export"
"FIN-BRV-OTT-DKT-42X22-BE","BRV-OTT-DKT-42X22","seating","SA-BRA-ODT-42X22-CUSH","CUSH","1","export"
"FIN-BRV-OTT-DKT-42X22-BE","BRV-OTT-DKT-42X22","seating","RM-DKT-GENERIC-SLAB","DKT","1","export"
"FIN-BRV-OTT-DKT-42X22-BO","BRV-OTT-DKT-42X22","seating","SA-BRA-ODT-42X22-FRAME","FRAME","1","export"
"FIN-BRV-OTT-DKT-42X22-BO","BRV-OTT-DKT-42X22","seating","SA-BRA-ODT-42X22-CUSH","CUSH","1","export"
"FIN-BRV-OTT-DKT-42X22-BO","BRV-OTT-DKT-42X22","seating","RM-DKT-GENERIC-SLAB","DKT","1","export"
"FIN-BRV-OTT-DKT-42X22-BR","BRV-OTT-DKT-42X22","seating","SA-BRA-ODT-42X22-FRAME","FRAME","1","export"
"FIN-BRV-OTT-DKT-42X22-BR","BRV-OTT-DKT-42X22","seating","SA-BRA-ODT-42X22-CUSH","CUSH","1","export"
"FIN-BRV-OTT-DKT-42X22-BR","BRV-OTT-DKT-42X22","seating","RM-DKT-GENERIC-SLAB","DKT","1","export"
"FIN-BRV-OTT-DKT-42X22-GR","BRV-OTT-DKT-42X22","seating","SA-BRA-ODT-42X22-FRAME","FRAME","1","export"
"FIN-BRV-OTT-DKT-42X22-GR","BRV-OTT-DKT-42X22","seating","SA-BRA-ODT-42X22-CUSH","CUSH","1","export"
"FIN-BRV-OTT-DKT-42X22-GR","BRV-OTT-DKT-42X22","seating","RM-DKT-GENERIC-SLAB","DKT","1","export"
"FIN-BRV-OTT-DKT-42X22-WH","BRV-OTT-DKT-42X22","seating","SA-BRA-ODT-42X22-FRAME","FRAME","1","export"
"FIN-BRV-OTT-DKT-42X22-WH","BRV-OTT-DKT-42X22","seating","SA-BRA-ODT-42X22-CUSH","CUSH","1","export"
"FIN-BRV-OTT-DKT-42X22-WH","BRV-OTT-DKT-42X22","seating","RM-DKT-GENERIC-SLAB","DKT","1","export"
"FIN-BRV-OTT-DKT-42X34","BRV-OTT-DKT-42X34","seating","SA-BRA-ODT-42X34-FRAME","FRAME","1","export"
"FIN-BRV-OTT-DKT-42X34","BRV-OTT-DKT-42X34","seating","SA-BRA-ODT-42X34-CUSH","CUSH","1","export"
"FIN-BRV-OTT-DKT-42X34","BRV-OTT-DKT-42X34","seating","RM-DKT-GENERIC-SLAB","DKT","1","export"
"FIN-BRV-OTT-DKT-42X34-BE","BRV-OTT-DKT-42X34","seating","SA-BRA-ODT-42X34-FRAME","FRAME","1","export"
"FIN-BRV-OTT-DKT-42X34-BE","BRV-OTT-DKT-42X34","seating","SA-BRA-ODT-42X34-CUSH","CUSH","1","export"
"FIN-BRV-OTT-DKT-42X34-BE","BRV-OTT-DKT-42X34","seating","RM-DKT-GENERIC-SLAB","DKT","1","export"
"FIN-BRV-OTT-DKT-42X34-BO","BRV-OTT-DKT-42X34","seating","SA-BRA-ODT-42X34-FRAME","FRAME","1","export"
"FIN-BRV-OTT-DKT-42X34-BO","BRV-OTT-DKT-42X34","seating","SA-BRA-ODT-42X34-CUSH","CUSH","1","export"
"FIN-BRV-OTT-DKT-42X34-BO","BRV-OTT-DKT-42X34","seating","RM-DKT-GENERIC-SLAB","DKT","1","export"
"FIN-BRV-OTT-DKT-42X34-BR","BRV-OTT-DKT-42X34","seating","SA-BRA-ODT-42X34-FRAME","FRAME","1","export"
"FIN-BRV-OTT-DKT-42X34-BR","BRV-OTT-DKT-42X34","seating","SA-BRA-ODT-42X34-CUSH","CUSH","1","export"
"FIN-BRV-OTT-DKT-42X34-BR","BRV-OTT-DKT-42X34","seating","RM-DKT-GENERIC-SLAB","DKT","1","export"
"FIN-BRV-OTT-DKT-42X34-GR","BRV-OTT-DKT-42X34","seating","SA-BRA-ODT-42X34-FRAME","FRAME","1","export"
"FIN-BRV-OTT-DKT-42X34-GR","BRV-OTT-DKT-42X34","seating","SA-BRA-ODT-42X34-CUSH","CUSH","1","export"
"FIN-BRV-OTT-DKT-42X34-GR","BRV-OTT-DKT-42X34","seating","RM-DKT-GENERIC-SLAB","DKT","1","export"
"FIN-BRV-OTT-DKT-42X34-WH","BRV-OTT-DKT-42X34","seating","SA-BRA-ODT-42X34-FRAME","FRAME","1","export"
"FIN-BRV-OTT-DKT-42X34-WH","BRV-OTT-DKT-42X34","seating","SA-BRA-ODT-42X34-CUSH","CUSH","1","export"
"FIN-BRV-OTT-DKT-42X34-WH","BRV-OTT-DKT-42X34","seating","RM-DKT-GENERIC-SLAB","DKT","1","export"
"FIN-BRV-OTT-DKT-60X22","BRV-OTT-DKT-60X22","seating","SA-BRA-ODT-60X22-FRAME","FRAME","1","export"
"FIN-BRV-OTT-DKT-60X22","BRV-OTT-DKT-60X22","seating","SA-BRA-ODT-60X22-CUSH","CUSH","1","export"
"FIN-BRV-OTT-DKT-60X22","BRV-OTT-DKT-60X22","seating","RM-DKT-GENERIC-SLAB","DKT","1","export"
"FIN-BRV-OTT-DKT-60X22-BE","BRV-OTT-DKT-60X22","seating","SA-BRA-ODT-60X22-FRAME","FRAME","1","export"
"FIN-BRV-OTT-DKT-60X22-BE","BRV-OTT-DKT-60X22","seating","SA-BRA-ODT-60X22-CUSH","CUSH","1","export"
"FIN-BRV-OTT-DKT-60X22-BE","BRV-OTT-DKT-60X22","seating","RM-DKT-GENERIC-SLAB","DKT","1","export"
"FIN-BRV-OTT-DKT-60X22-BO","BRV-OTT-DKT-60X22","seating","SA-BRA-ODT-60X22-FRAME","FRAME","1","export"
"FIN-BRV-OTT-DKT-60X22-BO","BRV-OTT-DKT-60X22","seating","SA-BRA-ODT-60X22-CUSH","CUSH","1","export"
"FIN-BRV-OTT-DKT-60X22-BO","BRV-OTT-DKT-60X22","seating","RM-DKT-GENERIC-SLAB","DKT","1","export"
"FIN-BRV-OTT-DKT-60X22-BR","BRV-OTT-DKT-60X22","seating","SA-BRA-ODT-60X22-FRAME","FRAME","1","export"
"FIN-BRV-OTT-DKT-60X22-BR","BRV-OTT-DKT-60X22","seating","SA-BRA-ODT-60X22-CUSH","CUSH","1","export"
"FIN-BRV-OTT-DKT-60X22-BR","BRV-OTT-DKT-60X22","seating","RM-DKT-GENERIC-SLAB","DKT","1","export"
"FIN-BRV-OTT-DKT-60X22-GR","BRV-OTT-DKT-60X22","seating","SA-BRA-ODT-60X22-FRAME","FRAME","1","export"
"FIN-BRV-OTT-DKT-60X22-GR","BRV-OTT-DKT-60X22","seating","SA-BRA-ODT-60X22-CUSH","CUSH","1","export"
"FIN-BRV-OTT-DKT-60X22-GR","BRV-OTT-DKT-60X22","seating","RM-DKT-GENERIC-SLAB","DKT","1","export"
"FIN-BRV-OTT-DKT-60X22-WH","BRV-OTT-DKT-60X22","seating","SA-BRA-ODT-60X22-FRAME","FRAME","1","export"
"FIN-BRV-OTT-DKT-60X22-WH","BRV-OTT-DKT-60X22","seating","SA-BRA-ODT-60X22-CUSH","CUSH","1","export"
"FIN-BRV-OTT-DKT-60X22-WH","BRV-OTT-DKT-60X22","seating","RM-DKT-GENERIC-SLAB","DKT","1","export"
"FIN-BRV-OTT-DKT-60X34","BRV-OTT-DKT-60X34","seating","SA-BRA-ODT-60X34-FRAME","FRAME","1","export"
"FIN-BRV-OTT-DKT-60X34","BRV-OTT-DKT-60X34","seating","SA-BRA-ODT-60X34-CUSH","CUSH","1","export"
"FIN-BRV-OTT-DKT-60X34","BRV-OTT-DKT-60X34","seating","RM-DKT-GENERIC-SLAB","DKT","1","export"
"FIN-BRV-OTT-DKT-60X34-BE","BRV-OTT-DKT-60X34","seating","SA-BRA-ODT-60X34-FRAME","FRAME","1","export"
"FIN-BRV-OTT-DKT-60X34-BE","BRV-OTT-DKT-60X34","seating","SA-BRA-ODT-60X34-CUSH","CUSH","1","export"
"FIN-BRV-OTT-DKT-60X34-BE","BRV-OTT-DKT-60X34","seating","RM-DKT-GENERIC-SLAB","DKT","1","export"
"FIN-BRV-OTT-DKT-60X34-BO","BRV-OTT-DKT-60X34","seating","SA-BRA-ODT-60X34-FRAME","FRAME","1","export"
"FIN-BRV-OTT-DKT-60X34-BO","BRV-OTT-DKT-60X34","seating","SA-BRA-ODT-60X34-CUSH","CUSH","1","export"
"FIN-BRV-OTT-DKT-60X34-BO","BRV-OTT-DKT-60X34","seating","RM-DKT-GENERIC-SLAB","DKT","1","export"
"FIN-BRV-OTT-DKT-60X34-BR","BRV-OTT-DKT-60X34","seating","SA-BRA-ODT-60X34-FRAME","FRAME","1","export"
"FIN-BRV-OTT-DKT-60X34-BR","BRV-OTT-DKT-60X34","seating","SA-BRA-ODT-60X34-CUSH","CUSH","1","export"
"FIN-BRV-OTT-DKT-60X34-BR","BRV-OTT-DKT-60X34","seating","RM-DKT-GENERIC-SLAB","DKT","1","export"
"FIN-BRV-OTT-DKT-60X34-GR","BRV-OTT-DKT-60X34","seating","SA-BRA-ODT-60X34-FRAME","FRAME","1","export"
"FIN-BRV-OTT-DKT-60X34-GR","BRV-OTT-DKT-60X34","seating","SA-BRA-ODT-60X34-CUSH","CUSH","1","export"
"FIN-BRV-OTT-DKT-60X34-GR","BRV-OTT-DKT-60X34","seating","RM-DKT-GENERIC-SLAB","DKT","1","export"
"FIN-BRV-OTT-DKT-60X34-WH","BRV-OTT-DKT-60X34","seating","SA-BRA-ODT-60X34-FRAME","FRAME","1","export"
"FIN-BRV-OTT-DKT-60X34-WH","BRV-OTT-DKT-60X34","seating","SA-BRA-ODT-60X34-CUSH","CUSH","1","export"
"FIN-BRV-OTT-DKT-60X34-WH","BRV-OTT-DKT-60X34","seating","RM-DKT-GENERIC-SLAB","DKT","1","export"
"FIN-BRV-OTT-DKT-72X22","BRV-OTT-DKT-72X22","seating","SA-BRA-ODT-72X22-FRAME","FRAME","1","export"
"FIN-BRV-OTT-DKT-72X22","BRV-OTT-DKT-72X22","seating","SA-BRA-ODT-72X22-CUSH","CUSH","1","export"
"FIN-BRV-OTT-DKT-72X22","BRV-OTT-DKT-72X22","seating","RM-DKT-GENERIC-SLAB","DKT","1","export"
"FIN-BRV-OTT-DKT-72X22-BE","BRV-OTT-DKT-72X22","seating","SA-BRA-ODT-72X22-FRAME","FRAME","1","export"
"FIN-BRV-OTT-DKT-72X22-BE","BRV-OTT-DKT-72X22","seating","SA-BRA-ODT-72X22-CUSH","CUSH","1","export"
"FIN-BRV-OTT-DKT-72X22-BE","BRV-OTT-DKT-72X22","seating","RM-DKT-GENERIC-SLAB","DKT","1","export"
"FIN-BRV-OTT-DKT-72X22-BO","BRV-OTT-DKT-72X22","seating","SA-BRA-ODT-72X22-FRAME","FRAME","1","export"
"FIN-BRV-OTT-DKT-72X22-BO","BRV-OTT-DKT-72X22","seating","SA-BRA-ODT-72X22-CUSH","CUSH","1","export"
"FIN-BRV-OTT-DKT-72X22-BO","BRV-OTT-DKT-72X22","seating","RM-DKT-GENERIC-SLAB","DKT","1","export"
"FIN-BRV-OTT-DKT-72X22-BR","BRV-OTT-DKT-72X22","seating","SA-BRA-ODT-72X22-FRAME","FRAME","1","export"
"FIN-BRV-OTT-DKT-72X22-BR","BRV-OTT-DKT-72X22","seating","SA-BRA-ODT-72X22-CUSH","CUSH","1","export"
"FIN-BRV-OTT-DKT-72X22-BR","BRV-OTT-DKT-72X22","seating","RM-DKT-GENERIC-SLAB","DKT","1","export"
"FIN-BRV-OTT-DKT-72X22-GR","BRV-OTT-DKT-72X22","seating","SA-BRA-ODT-72X22-FRAME","FRAME","1","export"
"FIN-BRV-OTT-DKT-72X22-GR","BRV-OTT-DKT-72X22","seating","SA-BRA-ODT-72X22-CUSH","CUSH","1","export"
"FIN-BRV-OTT-DKT-72X22-GR","BRV-OTT-DKT-72X22","seating","RM-DKT-GENERIC-SLAB","DKT","1","export"
"FIN-BRV-OTT-DKT-72X22-WH","BRV-OTT-DKT-72X22","seating","SA-BRA-ODT-72X22-FRAME","FRAME","1","export"
"FIN-BRV-OTT-DKT-72X22-WH","BRV-OTT-DKT-72X22","seating","SA-BRA-ODT-72X22-CUSH","CUSH","1","export"
"FIN-BRV-OTT-DKT-72X22-WH","BRV-OTT-DKT-72X22","seating","RM-DKT-GENERIC-SLAB","DKT","1","export"
"FIN-BRV-OTT-DKT-72X34","BRV-OTT-DKT-72X34","seating","SA-BRA-ODT-72X34-FRAME","FRAME","1","export"
"FIN-BRV-OTT-DKT-72X34","BRV-OTT-DKT-72X34","seating","SA-BRA-ODT-72X34-CUSH","CUSH","1","export"
"FIN-BRV-OTT-DKT-72X34","BRV-OTT-DKT-72X34","seating","RM-DKT-GENERIC-SLAB","DKT","1","export"
"FIN-BRV-OTT-DKT-72X34-BE","BRV-OTT-DKT-72X34","seating","SA-BRA-ODT-72X34-FRAME","FRAME","1","export"
"FIN-BRV-OTT-DKT-72X34-BE","BRV-OTT-DKT-72X34","seating","SA-BRA-ODT-72X34-CUSH","CUSH","1","export"
"FIN-BRV-OTT-DKT-72X34-BE","BRV-OTT-DKT-72X34","seating","RM-DKT-GENERIC-SLAB","DKT","1","export"
"FIN-BRV-OTT-DKT-72X34-BO","BRV-OTT-DKT-72X34","seating","SA-BRA-ODT-72X34-FRAME","FRAME","1","export"
"FIN-BRV-OTT-DKT-72X34-BO","BRV-OTT-DKT-72X34","seating","SA-BRA-ODT-72X34-CUSH","CUSH","1","export"
"FIN-BRV-OTT-DKT-72X34-BO","BRV-OTT-DKT-72X34","seating","RM-DKT-GENERIC-SLAB","DKT","1","export"
"FIN-BRV-OTT-DKT-72X34-BR","BRV-OTT-DKT-72X34","seating","SA-BRA-ODT-72X34-FRAME","FRAME","1","export"
"FIN-BRV-OTT-DKT-72X34-BR","BRV-OTT-DKT-72X34","seating","SA-BRA-ODT-72X34-CUSH","CUSH","1","export"
"FIN-BRV-OTT-DKT-72X34-BR","BRV-OTT-DKT-72X34","seating","RM-DKT-GENERIC-SLAB","DKT","1","export"
"FIN-BRV-OTT-DKT-72X34-GR","BRV-OTT-DKT-72X34","seating","SA-BRA-ODT-72X34-FRAME","FRAME","1","export"
"FIN-BRV-OTT-DKT-72X34-GR","BRV-OTT-DKT-72X34","seating","SA-BRA-ODT-72X34-CUSH","CUSH","1","export"
"FIN-BRV-OTT-DKT-72X34-GR","BRV-OTT-DKT-72X34","seating","RM-DKT-GENERIC-SLAB","DKT","1","export"
"FIN-BRV-OTT-DKT-72X34-WH","BRV-OTT-DKT-72X34","seating","SA-BRA-ODT-72X34-FRAME","FRAME","1","export"
"FIN-BRV-OTT-DKT-72X34-WH","BRV-OTT-DKT-72X34","seating","SA-BRA-ODT-72X34-CUSH","CUSH","1","export"
"FIN-BRV-OTT-DKT-72X34-WH","BRV-OTT-DKT-72X34","seating","RM-DKT-GENERIC-SLAB","DKT","1","export"
"FIN-BRV-OVS-CHS-72X42","BRV-OVS-CHS-72X42","seating","ASM-BRV-OVS-CHS-72X42-FRAME","FRAME","1","export"
"FIN-BRV-OVS-CHS-72X42","BRV-OVS-CHS-72X42","seating","ASM-BRV-OVS-CHS-72X42-CUSH","CUSH","1","export"
"FIN-BRV-OVS-CHS-84X42","BRV-OVS-CHS-84X42","seating","ASM-BRV-OVS-CHS-84X42-FRAME","FRAME","1","export"
"FIN-BRV-OVS-CHS-84X42","BRV-OVS-CHS-84X42","seating","ASM-BRV-OVS-CHS-84X42-CUSH","CUSH","1","export"
"FIN-BRV-SGL-CHS-30X79","BRV-SGL-CHS-30X79","seating","","","","no_live_target"
"FIN-BRV-SGL-CHS-30X79-BE","BRV-SGL-CHS-30X79","seating","","","","no_live_target"
"FIN-BRV-SGL-CHS-30X79-BO","BRV-SGL-CHS-30X79","seating","","","","no_live_target"
"FIN-BRV-SGL-CHS-30X79-BR","BRV-SGL-CHS-30X79","seating","","","","no_live_target"
"FIN-BRV-SGL-CHS-30X79-GR","BRV-SGL-CHS-30X79","seating","","","","no_live_target"
"FIN-BRV-SGL-CHS-30X79-NOARM","BRV-SGL-CHS-30X79-NOARM","seating","","","","no_live_target"
"FIN-BRV-SGL-CHS-30X79-NOARM-BE","BRV-SGL-CHS-30X79-NOARM","seating","","","","no_live_target"
"FIN-BRV-SGL-CHS-30X79-NOARM-BO","BRV-SGL-CHS-30X79-NOARM","seating","","","","no_live_target"
"FIN-BRV-SGL-CHS-30X79-NOARM-BR","BRV-SGL-CHS-30X79-NOARM","seating","","","","no_live_target"
"FIN-BRV-SGL-CHS-30X79-NOARM-GR","BRV-SGL-CHS-30X79-NOARM","seating","","","","no_live_target"
"FIN-BRV-SGL-CHS-30X79-NOARM-WH","BRV-SGL-CHS-30X79-NOARM","seating","","","","no_live_target"
"FIN-BRV-SGL-CHS-30X79-WH","BRV-SGL-CHS-30X79","seating","","","","no_live_target"
"FIN-BRV-SID-TAB-20X20","BRV-SID-TAB-20X20","table","SA-BRA-ST-20X20-FRAME","FRAME","1","export"
"FIN-BRV-SID-TAB-20X20-BE","BRV-SID-TAB-20X20","table","SA-BRA-ST-20X20-FRAME","FRAME","1","export"
"FIN-BRV-SID-TAB-20X20-BO","BRV-SID-TAB-20X20","table","SA-BRA-ST-20X20-FRAME","FRAME","1","export"
"FIN-BRV-SID-TAB-20X20-BR","BRV-SID-TAB-20X20","table","SA-BRA-ST-20X20-FRAME","FRAME","1","export"
"FIN-BRV-SID-TAB-20X20-GR","BRV-SID-TAB-20X20","table","SA-BRA-ST-20X20-FRAME","FRAME","1","export"
"FIN-BRV-SID-TAB-20X20-WH","BRV-SID-TAB-20X20","table","SA-BRA-ST-20X20-FRAME","FRAME","1","export"
"FIN-BRV-SOF-72X34","BRV-SOF-72X34","seating","SA-BRA-S-72-FRAME","FRAME","1","export"
"FIN-BRV-SOF-72X34","BRV-SOF-72X34","seating","SA-BRA-S-72-CUSH","CUSH","1","export"
"FIN-BRV-SOF-72X34-BE","BRV-SOF-72X34","seating","SA-BRA-S-72-FRAME","FRAME","1","export"
"FIN-BRV-SOF-72X34-BE","BRV-SOF-72X34","seating","SA-BRA-S-72-CUSH","CUSH","1","export"
"FIN-BRV-SOF-72X34-BO","BRV-SOF-72X34","seating","SA-BRA-S-72-FRAME","FRAME","1","export"
"FIN-BRV-SOF-72X34-BO","BRV-SOF-72X34","seating","SA-BRA-S-72-CUSH","CUSH","1","export"
"FIN-BRV-SOF-72X34-BR","BRV-SOF-72X34","seating","SA-BRA-S-72-FRAME","FRAME","1","export"
"FIN-BRV-SOF-72X34-BR","BRV-SOF-72X34","seating","SA-BRA-S-72-CUSH","CUSH","1","export"
"FIN-BRV-SOF-72X34-GR","BRV-SOF-72X34","seating","SA-BRA-S-72-FRAME","FRAME","1","export"
"FIN-BRV-SOF-72X34-GR","BRV-SOF-72X34","seating","SA-BRA-S-72-CUSH","CUSH","1","export"
"FIN-BRV-SOF-72X34-WH","BRV-SOF-72X34","seating","SA-BRA-S-72-FRAME","FRAME","1","export"
"FIN-BRV-SOF-72X34-WH","BRV-SOF-72X34","seating","SA-BRA-S-72-CUSH","CUSH","1","export"
"FIN-BRV-SOF-84X34","BRV-SOF-84X34","seating","SA-BRA-S-84-FRAME","FRAME","1","export"
"FIN-BRV-SOF-84X34","BRV-SOF-84X34","seating","SA-BRA-S-84-CUSH","CUSH","1","export"
"FIN-BRV-SOF-84X34-BE","BRV-SOF-84X34","seating","SA-BRA-S-84-FRAME","FRAME","1","export"
"FIN-BRV-SOF-84X34-BE","BRV-SOF-84X34","seating","SA-BRA-S-84-CUSH","CUSH","1","export"
"FIN-BRV-SOF-84X34-BO","BRV-SOF-84X34","seating","SA-BRA-S-84-FRAME","FRAME","1","export"
"FIN-BRV-SOF-84X34-BO","BRV-SOF-84X34","seating","SA-BRA-S-84-CUSH","CUSH","1","export"
"FIN-BRV-SOF-84X34-BR","BRV-SOF-84X34","seating","SA-BRA-S-84-FRAME","FRAME","1","export"
"FIN-BRV-SOF-84X34-BR","BRV-SOF-84X34","seating","SA-BRA-S-84-CUSH","CUSH","1","export"
"FIN-BRV-SOF-84X34-GR","BRV-SOF-84X34","seating","SA-BRA-S-84-FRAME","FRAME","1","export"
"FIN-BRV-SOF-84X34-GR","BRV-SOF-84X34","seating","SA-BRA-S-84-CUSH","CUSH","1","export"
"FIN-BRV-SOF-84X34-WH","BRV-SOF-84X34","seating","SA-BRA-S-84-FRAME","FRAME","1","export"
"FIN-BRV-SOF-84X34-WH","BRV-SOF-84X34","seating","SA-BRA-S-84-CUSH","CUSH","1","export"
"FIN-BRV-SOF-96X34","BRV-SOF-96X34","seating","SA-BRA-S-96-FRAME","FRAME","1","export"
"FIN-BRV-SOF-96X34","BRV-SOF-96X34","seating","SA-BRA-S-96-CUSH","CUSH","1","export"
"FIN-BRV-SOF-96X34-BE","BRV-SOF-96X34","seating","SA-BRA-S-96-FRAME","FRAME","1","export"
"FIN-BRV-SOF-96X34-BE","BRV-SOF-96X34","seating","SA-BRA-S-96-CUSH","CUSH","1","export"
"FIN-BRV-SOF-96X34-BO","BRV-SOF-96X34","seating","SA-BRA-S-96-FRAME","FRAME","1","export"
"FIN-BRV-SOF-96X34-BO","BRV-SOF-96X34","seating","SA-BRA-S-96-CUSH","CUSH","1","export"
"FIN-BRV-SOF-96X34-BR","BRV-SOF-96X34","seating","SA-BRA-S-96-FRAME","FRAME","1","export"
"FIN-BRV-SOF-96X34-BR","BRV-SOF-96X34","seating","SA-BRA-S-96-CUSH","CUSH","1","export"
"FIN-BRV-SOF-96X34-GR","BRV-SOF-96X34","seating","SA-BRA-S-96-FRAME","FRAME","1","export"
"FIN-BRV-SOF-96X34-GR","BRV-SOF-96X34","seating","SA-BRA-S-96-CUSH","CUSH","1","export"
"FIN-BRV-SOF-96X34-WH","BRV-SOF-96X34","seating","SA-BRA-S-96-FRAME","FRAME","1","export"
"FIN-BRV-SOF-96X34-WH","BRV-SOF-96X34","seating","SA-BRA-S-96-CUSH","CUSH","1","export"
"FIN-BRV-SWG-66X42","BRV-SWG-66X42","seating","","","","no_live_target"
"FIN-BRV-SWG-66X42-SWINGFRAME","","seating","","","","no_live_target"
"FIN-BRV-SWG-72X12","BRV-SWG-72X12","seating","","","","no_live_target"
"FIN-BRV-SWG-72X42","BRV-SWG-72X42","seating","","","","no_live_target"
"FIN-BRV-SWG-72X42-SWINGFRAME","","seating","","","","no_live_target"
"FIN-BRV-SWG-72X42-SWINGFRAME2","","seating","","","","no_live_target"
"FIN-BRV-SWG-84","BRV-SWG-84","seating","","","","no_live_target"
"FIN-BRV-SWG-84X42","BRV-SWG-84X42","seating","","","","no_live_target"
"FIN-BRV-SWG-96X32","BRV-SWG-96X32","seating","","","","no_live_target"
"FIN-BRV-SWV-CHA","BRV-SWV-CHA-34X34","seating","SA-BRV-SWV-CHA-34X34-FRAME","FRAME","1","export"
"FIN-BRV-SWV-CHA","BRV-SWV-CHA-34X34","seating","SA-BRV-SWV-CHA-34X34-CUSH","CUSH","1","export"
"FIN-BRV-SWV-CHA-34X34","BRV-SWV-CHA-34X34","seating","SA-BRV-SWV-CHA-34X34-FRAME","FRAME","1","export"
"FIN-BRV-SWV-CHA-34X34","BRV-SWV-CHA-34X34","seating","SA-BRV-SWV-CHA-34X34-CUSH","CUSH","1","export"
"FIN-BRV-SWV-CHA-BE","BRV-SWV-CHA-34X34","seating","SA-BRV-SWV-CHA-34X34-FRAME","FRAME","1","export"
"FIN-BRV-SWV-CHA-BE","BRV-SWV-CHA-34X34","seating","SA-BRV-SWV-CHA-34X34-CUSH","CUSH","1","export"
"FIN-BRV-SWV-CHA-BO","BRV-SWV-CHA-34X34","seating","SA-BRV-SWV-CHA-34X34-FRAME","FRAME","1","export"
"FIN-BRV-SWV-CHA-BO","BRV-SWV-CHA-34X34","seating","SA-BRV-SWV-CHA-34X34-CUSH","CUSH","1","export"
"FIN-BRV-SWV-CHA-BR","BRV-SWV-CHA-34X34","seating","SA-BRV-SWV-CHA-34X34-FRAME","FRAME","1","export"
"FIN-BRV-SWV-CHA-BR","BRV-SWV-CHA-34X34","seating","SA-BRV-SWV-CHA-34X34-CUSH","CUSH","1","export"
"FIN-BRV-SWV-CHA-GR","BRV-SWV-CHA-34X34","seating","SA-BRV-SWV-CHA-34X34-FRAME","FRAME","1","export"
"FIN-BRV-SWV-CHA-GR","BRV-SWV-CHA-34X34","seating","SA-BRV-SWV-CHA-34X34-CUSH","CUSH","1","export"
"FIN-BRV-SWV-CHA-WH","BRV-SWV-CHA-34X34","seating","SA-BRV-SWV-CHA-34X34-FRAME","FRAME","1","export"
"FIN-BRV-SWV-CHA-WH","BRV-SWV-CHA-34X34","seating","SA-BRV-SWV-CHA-34X34-CUSH","CUSH","1","export"
"FIN-CAB-DYB-84X84","CAB-DYB-84X84","seating","ASM-CAB-DYB-84X84-FRAME","FRAME","1","export"
"FIN-CAB-DYB-84X84","CAB-DYB-84X84","seating","ASM-CAB-DYB-84X84-CUSH","CUSH","1","export"
"FIN-CAB-MIS","","seating","ASM-CAB-MIS-10X10-FRAME","FRAME","1","export"
"FIN-CAB-MIS","","seating","ASM-CAB-MIS-10X10-CUSH","CUSH","1","export"
"FIN-CAB-MIS-10X10","CAB-MIS-10X10","seating","ASM-CAB-MIS-10X10-FRAME","FRAME","1","export"
"FIN-CAB-MIS-10X10","CAB-MIS-10X10","seating","ASM-CAB-MIS-10X10-CUSH","CUSH","1","export"
"FIN-CAB-MIS-12X24","CAB-MIS-12X24","seating","","","","no_live_target"
"FIN-CAB-MIS-17X17","CAB-MIS-17X17","seating","","","","no_live_target"
"FIN-CAB-MIS-23X23","CAB-MIS-23X23","seating","","","","no_live_target"
"FIN-CAN-UMB","","skip","","","","not_a_bom_family"
"FIN-CUS-OTT-22X72","CUS-OTT-22X72","seating","ASM-CUS-OTT-22X72-FRAME","FRAME","1","export"
"FIN-CUS-OTT-22X72","CUS-OTT-22X72","seating","ASM-CUS-OTT-22X72-CUSH","CUSH","1","export"
"FIN-CUS-OTT-23X82","CUS-OTT-23X82","seating","ASM-CUS-OTT-23X82-FRAME","FRAME","1","export"
"FIN-CUS-OTT-23X82","CUS-OTT-23X82","seating","ASM-CUS-OTT-23X82-CUSH","CUSH","1","export"
"FIN-CUS-OTT-72X22","CUS-OTT-72X22","seating","ASM-CUS-OTT-72X22-FRAME","FRAME","1","export"
"FIN-CUS-OTT-72X22","CUS-OTT-72X22","seating","ASM-CUS-OTT-72X22-CUSH","CUSH","1","export"
"FIN-CUS-OTT-82X23","CUS-OTT-82X23","seating","ASM-CUS-OTT-82X23-FRAME","FRAME","1","export"
"FIN-CUS-OTT-82X23","CUS-OTT-82X23","seating","ASM-CUS-OTT-82X23-CUSH","CUSH","1","export"
"FIN-DAI-BAR-TAB-120X42","DAI-BAR-TAB-120X42","table","ASM-DAI-BAR-TAB-120X42-FRAME","FRAME","1","export"
"FIN-DAI-BAR-TAB-120X56","DAI-BAR-TAB-120X56","table","ASM-DAI-BAR-TAB-120X56-FRAME","FRAME","1","export"
"FIN-DAI-BAR-TAB-42X120","DAI-BAR-TAB-42X120","table","ASM-DAI-BAR-TAB-42X120-FRAME","FRAME","1","export"
"FIN-DAI-BAR-TAB-42X72","DAI-BAR-TAB-42X72","table","ASM-DAI-BAR-TAB-42X72-FRAME","FRAME","1","export"
"FIN-DAI-BAR-TAB-42X96","DAI-BAR-TAB-42X96","table","ASM-DAI-BAR-TAB-42X96-FRAME","FRAME","1","export"
"FIN-DAI-BAR-TAB-56X120","DAI-BAR-TAB-56X120","table","ASM-DAI-BAR-TAB-56X120-FRAME","FRAME","1","export"
"FIN-DAI-BAR-TAB-56X56","DAI-BAR-TAB-56X56","table","ASM-DAI-BAR-TAB-56X56-FRAME","FRAME","1","export"
"FIN-DAI-BAR-TAB-56X72","DAI-BAR-TAB-56X72","table","ASM-DAI-BAR-TAB-56X72-FRAME","FRAME","1","export"
"FIN-DAI-BAR-TAB-56X96","DAI-BAR-TAB-56X96","table","ASM-DAI-BAR-TAB-56X96-FRAME","FRAME","1","export"
"FIN-DAI-BAR-TAB-72X42","DAI-BAR-TAB-72X42","table","ASM-DAI-BAR-TAB-72X42-FRAME","FRAME","1","export"
"FIN-DAI-BAR-TAB-72X56","DAI-BAR-TAB-72X56","table","ASM-DAI-BAR-TAB-72X56-FRAME","FRAME","1","export"
"FIN-DAI-BAR-TAB-96X42","DAI-BAR-TAB-96X42","table","ASM-DAI-BAR-TAB-96X42-FRAME","FRAME","1","export"
"FIN-DAI-BAR-TAB-96X56","DAI-BAR-TAB-96X56","table","ASM-DAI-BAR-TAB-96X56-FRAME","FRAME","1","export"
"FIN-DAI-CNT-TAB-120X42","DAI-CNT-TAB-120X42","table","ASM-DAI-CNT-TAB-120X42-FRAME","FRAME","1","export"
"FIN-DAI-CNT-TAB-120X42","DAI-CNT-TAB-120X42","table","RM-DKT-GENERIC-SLAB","DKT","1","export"
"FIN-DAI-CNT-TAB-120X56","DAI-CNT-TAB-120X56","table","ASM-DAI-CNT-TAB-120X56-FRAME","FRAME","1","export"
"FIN-DAI-CNT-TAB-120X56","DAI-CNT-TAB-120X56","table","RM-DKT-GENERIC-SLAB","DKT","1","export"
"FIN-DAI-CNT-TAB-42X120","DAI-CNT-TAB-42X120","table","ASM-DAI-CNT-TAB-42X120-FRAME","FRAME","1","export"
"FIN-DAI-CNT-TAB-42X120","DAI-CNT-TAB-42X120","table","RM-DKT-GENERIC-SLAB","DKT","1","export"
"FIN-DAI-CNT-TAB-42X72","DAI-CNT-TAB-42X72","table","ASM-DAI-CNT-TAB-42X72-FRAME","FRAME","1","export"
"FIN-DAI-CNT-TAB-42X72","DAI-CNT-TAB-42X72","table","RM-DKT-GENERIC-SLAB","DKT","1","export"
"FIN-DAI-CNT-TAB-42X96","DAI-CNT-TAB-42X96","table","ASM-DAI-CNT-TAB-42X96-FRAME","FRAME","1","export"
"FIN-DAI-CNT-TAB-42X96","DAI-CNT-TAB-42X96","table","RM-DKT-GENERIC-SLAB","DKT","1","export"
"FIN-DAI-CNT-TAB-56X120","DAI-CNT-TAB-56X120","table","ASM-DAI-CNT-TAB-56X120-FRAME","FRAME","1","export"
"FIN-DAI-CNT-TAB-56X120","DAI-CNT-TAB-56X120","table","RM-DKT-GENERIC-SLAB","DKT","1","export"
"FIN-DAI-CNT-TAB-56X56","DAI-CNT-TAB-56X56","table","ASM-DAI-CNT-TAB-56X56-FRAME","FRAME","1","export"
"FIN-DAI-CNT-TAB-56X56","DAI-CNT-TAB-56X56","table","RM-DKT-GENERIC-SLAB","DKT","1","export"
"FIN-DAI-CNT-TAB-56X72","DAI-CNT-TAB-56X72","table","ASM-DAI-CNT-TAB-56X72-FRAME","FRAME","1","export"
"FIN-DAI-CNT-TAB-56X72","DAI-CNT-TAB-56X72","table","RM-DKT-GENERIC-SLAB","DKT","1","export"
"FIN-DAI-CNT-TAB-56X96","DAI-CNT-TAB-56X96","table","ASM-DAI-CNT-TAB-56X96-FRAME","FRAME","1","export"
"FIN-DAI-CNT-TAB-56X96","DAI-CNT-TAB-56X96","table","RM-DKT-GENERIC-SLAB","DKT","1","export"
"FIN-DAI-CNT-TAB-72X42","DAI-CNT-TAB-72X42","table","ASM-DAI-CNT-TAB-72X42-FRAME","FRAME","1","export"
"FIN-DAI-CNT-TAB-72X42","DAI-CNT-TAB-72X42","table","RM-DKT-GENERIC-SLAB","DKT","1","export"
"FIN-DAI-CNT-TAB-72X56","DAI-CNT-TAB-72X56","table","ASM-DAI-CNT-TAB-72X56-FRAME","FRAME","1","export"
"FIN-DAI-CNT-TAB-72X56","DAI-CNT-TAB-72X56","table","RM-DKT-GENERIC-SLAB","DKT","1","export"
"FIN-DAI-CNT-TAB-96X42","DAI-CNT-TAB-96X42","table","ASM-DAI-CNT-TAB-96X42-FRAME","FRAME","1","export"
"FIN-DAI-CNT-TAB-96X42","DAI-CNT-TAB-96X42","table","RM-DKT-GENERIC-SLAB","DKT","1","export"
"FIN-DAI-CNT-TAB-96X56","DAI-CNT-TAB-96X56","table","ASM-DAI-CNT-TAB-96X56-FRAME","FRAME","1","export"
"FIN-DAI-CNT-TAB-96X56","DAI-CNT-TAB-96X56","table","RM-DKT-GENERIC-SLAB","DKT","1","export"
"FIN-DAI-DIN-TAB-120X42","DAI-DIN-TAB-120X42","table","ASM-DAI-DIN-TAB-120X42-FRAME","FRAME","1","export"
"FIN-DAI-DIN-TAB-120X42","DAI-DIN-TAB-120X42","table","RM-DKT-GENERIC-SLAB","DKT","1","export"
"FIN-DAI-DIN-TAB-120X56","DAI-DIN-TAB-120X56","table","ASM-DAI-DIN-TAB-120X56-FRAME","FRAME","1","export"
"FIN-DAI-DIN-TAB-120X56","DAI-DIN-TAB-120X56","table","RM-DKT-GENERIC-SLAB","DKT","1","export"
"FIN-DAI-DIN-TAB-42X30","DAI-DIN-TAB-42X30","table","ASM-DAI-DIN-TAB-42X30-FRAME","FRAME","1","export"
"FIN-DAI-DIN-TAB-42X30","DAI-DIN-TAB-42X30","table","RM-DKT-GENERIC-SLAB","DKT","1","export"
"FIN-DAI-DIN-TAB-42X42","DAI-DIN-TAB-42X42","table","ASM-DAI-DIN-TAB-42X42-FRAME","FRAME","1","export"
"FIN-DAI-DIN-TAB-42X42","DAI-DIN-TAB-42X42","table","RM-DKT-GENERIC-SLAB","DKT","1","export"
"FIN-DAI-DIN-TAB-56X30","DAI-DIN-TAB-56X30","table","ASM-DAI-DIN-TAB-56X30-FRAME","FRAME","1","export"
"FIN-DAI-DIN-TAB-56X30","DAI-DIN-TAB-56X30","table","RM-DKT-GENERIC-SLAB","DKT","1","export"
"FIN-DAI-DIN-TAB-56X56","DAI-DIN-TAB-56X56","table","ASM-DAI-DIN-TAB-56X56-FRAME","FRAME","1","export"
"FIN-DAI-DIN-TAB-56X56","DAI-DIN-TAB-56X56","table","RM-DKT-GENERIC-SLAB","DKT","1","export"
"FIN-DAI-DIN-TAB-56X72","DAI-DIN-TAB-56X72","table","ASM-DAI-DIN-TAB-56X72-FRAME","FRAME","1","export"
"FIN-DAI-DIN-TAB-56X72","DAI-DIN-TAB-56X72","table","RM-DKT-GENERIC-SLAB","DKT","1","export"
"FIN-DAI-DIN-TAB-56X96","DAI-DIN-TAB-56X96","table","ASM-DAI-DIN-TAB-56X96-FRAME","FRAME","1","export"
"FIN-DAI-DIN-TAB-56X96","DAI-DIN-TAB-56X96","table","RM-DKT-GENERIC-SLAB","DKT","1","export"
"FIN-DAI-DIN-TAB-72X42","DAI-DIN-TAB-72X42","table","ASM-DAI-DIN-TAB-72X42-FRAME","FRAME","1","export"
"FIN-DAI-DIN-TAB-72X42","DAI-DIN-TAB-72X42","table","RM-DKT-GENERIC-SLAB","DKT","1","export"
"FIN-DAI-DIN-TAB-72X56","DAI-DIN-TAB-72X56","table","ASM-DAI-DIN-TAB-72X56-FRAME","FRAME","1","export"
"FIN-DAI-DIN-TAB-72X56","DAI-DIN-TAB-72X56","table","RM-DKT-GENERIC-SLAB","DKT","1","export"
"FIN-DAI-DIN-TAB-96X42","DAI-DIN-TAB-96X42","table","ASM-DAI-DIN-TAB-96X42-FRAME","FRAME","1","export"
"FIN-DAI-DIN-TAB-96X42","DAI-DIN-TAB-96X42","table","RM-DKT-GENERIC-SLAB","DKT","1","export"
"FIN-DAI-DIN-TAB-96X56","DAI-DIN-TAB-96X56","table","ASM-DAI-DIN-TAB-96X56-FRAME","FRAME","1","export"
"FIN-DAI-DIN-TAB-96X56","DAI-DIN-TAB-96X56","table","RM-DKT-GENERIC-SLAB","DKT","1","export"
"FIN-DAI-FIR-TAB-42X42","DAI-FIR-TAB-42X42","table","ASM-DAI-FIR-TAB-42X42-FRAME","FRAME","1","export"
"FIN-DAI-FIR-TAB-42X42","DAI-FIR-TAB-42X42","table","RM-DKT-GENERIC-SLAB","DKT","1","export"
"FIN-DAI-FIR-TAB-56X42","DAI-FIR-TAB-56X42","table","ASM-DAI-FIR-TAB-56X42-FRAME","FRAME","1","export"
"FIN-DAI-FIR-TAB-56X42","DAI-FIR-TAB-56X42","table","RM-DKT-GENERIC-SLAB","DKT","1","export"
"FIN-DAI-FIR-TAB-84X56","DAI-FIR-TAB-84X56","table","ASM-DAI-FIR-TAB-84X56-FRAME","FRAME","1","export"
"FIN-DAI-FIR-TAB-84X56","DAI-FIR-TAB-84X56","table","RM-DKT-GENERIC-SLAB","DKT","1","export"
"FIN-DAI-FIR-TAB-96X56","DAI-FIR-TAB-96X56","table","ASM-DAI-FIR-TAB-96X56-FRAME","FRAME","1","export"
"FIN-DAI-FIR-TAB-96X56","DAI-FIR-TAB-96X56","table","RM-DKT-GENERIC-SLAB","DKT","1","export"
"FIN-DAI-TAB-108X56","DAI-TAB-108X56","table","ASM-DAI-TAB-108X56-FRAME","FRAME","1","export"
"FIN-DAI-TAB-72X42","DAI-TAB-72X42","table","ASM-DAI-TAB-72X42-FRAME","FRAME","1","export"
"FIN-DAI-TAB-72X42-BE","DAI-TAB-72X42","table","ASM-DAI-TAB-72X42-FRAME","FRAME","1","export"
"FIN-DAI-TAB-72X42-BO","DAI-TAB-72X42","table","ASM-DAI-TAB-72X42-FRAME","FRAME","1","export"
"FIN-DAI-TAB-72X42-BR","DAI-TAB-72X42","table","ASM-DAI-TAB-72X42-FRAME","FRAME","1","export"
"FIN-DAI-TAB-72X42-GR","DAI-TAB-72X42","table","ASM-DAI-TAB-72X42-FRAME","FRAME","1","export"
"FIN-DAI-TAB-72X42-WH","DAI-TAB-72X42","table","ASM-DAI-TAB-72X42-FRAME","FRAME","1","export"
"FIN-ESY-CHS","","seating","","","","no_live_target"
"FIN-ESY-MIS","","seating","","","","no_live_target"
"FIN-ESY-MIS-ADDIRONWOOD","","seating","","","","no_live_target"
"FIN-ESY-MIS-TWINBASE","","seating","","","","no_live_target"
"FIN-ESY-MIS-UNFABRICATEDDE","","seating","","","","no_live_target"
"FIN-ESY-MIS-WEATHERPROOFCO","","seating","","","","no_live_target"
"FIN-ESY-MIS-ZENBASE","","seating","","","","no_live_target"
"FIN-ESY-MIS-ZENCOVER","","seating","","","","no_live_target"
"FIN-ESY-MIS-ZENSHADE","","seating","","","","no_live_target"
"FIN-ESY-MIS-ZENSHADE2","","seating","","","","no_live_target"
"FIN-ESY-MIS-ZENTWIN","","seating","","","","no_live_target"
"FIN-FLY-BCH-42X18","FLY-BCH-42X18","seating","ASM-FLY-BCH-42X18-FRAME","FRAME","1","export"
"FIN-FLY-BCH-42X18","FLY-BCH-42X18","seating","ASM-FLY-BCH-42X18-CUSH","CUSH","1","export"
"FIN-FLY-DIN-CHA-18X18","FLY-DIN-CHA-18X18","table","ASM-FLY-DIN-CHA-18X18-FRAME","FRAME","1","export"
"FIN-FLY-DIN-CHA-18X18","FLY-DIN-CHA-18X18","table","RM-DKT-GENERIC-SLAB","DKT","1","export"
"FIN-FLY-FLY-BST-18X18","FLY-FLY-BST-18X18","seating","ASM-FLY-FLY-BST-18X18-FRAME","FRAME","1","export"
"FIN-FLY-FLY-BST-18X18","FLY-FLY-BST-18X18","seating","ASM-FLY-FLY-BST-18X18-CUSH","CUSH","1","export"
"FIN-FLY-LEG-BAR-COU-HEI","","seating","","","","no_live_target"
"FIN-FLY-LEG-BEN-COU-HEI-42","FLY-LEG-BEN-COU-HEI-42","seating","ASM-FLY-LEG-BEN-COU-HEI-42-FRAME","FRAME","1","export"
"FIN-FLY-LEG-BEN-COU-HEI-42","FLY-LEG-BEN-COU-HEI-42","seating","ASM-FLY-LEG-BEN-COU-HEI-42-CUSH","CUSH","1","export"
"FIN-FLY-LEG-BEN-DIN-HEI-42","FLY-LEG-BEN-DIN-HEI-42","table","ASM-FLY-LEG-BEN-DIN-HEI-42-FRAME","FRAME","1","export"
"FIN-FLY-LEG-BEN-DIN-HEI-42","FLY-LEG-BEN-DIN-HEI-42","table","RM-DKT-GENERIC-SLAB","DKT","1","export"
"FIN-FLY-TAB-38X8","","table","","","","no_live_target"
"FIN-FLY-TAB-60X12","FLY-TAB-60X12","table","ASM-FLY-TAB-60X12-FRAME","FRAME","1","export"
"FIN-FLY-TAB-72X12","FLY-TAB-72X12","table","ASM-FLY-TAB-72X12-FRAME","FRAME","1","export"
"FIN-FLY-TAB-84X12","FLY-TAB-84X12","table","ASM-FLY-TAB-84X12-FRAME","FRAME","1","export"
"FIN-FLY-TAB-96X12","FLY-TAB-96X12","table","ASM-FLY-TAB-96X12-FRAME","FRAME","1","export"
"FIN-HAL-BAC-BAR-BAR-HEI","","seating","","","","no_live_target"
"FIN-KIN-MIS","","seating","","","","no_live_target"
"FIN-KIN-MIS-KINDLELIVING","","seating","","","","no_live_target"
"FIN-LED-CHA","","seating","","","","no_live_target"
"FIN-LED-SID-TAB","","table","","","","no_live_target"
"FIN-MIS-DIN-BCH-72X22","MIS-DIN-BCH-72X22","table","ASM-MIS-DIN-BCH-72X22-FRAME","FRAME","1","export"
"FIN-MIS-DIN-BCH-72X22","MIS-DIN-BCH-72X22","table","RM-DKT-GENERIC-SLAB","DKT","1","export"
"FIN-MIS-DIN-BCH-96X22","MIS-DIN-BCH-96X22","table","ASM-MIS-DIN-BCH-96X22-FRAME","FRAME","1","export"
"FIN-MIS-DIN-BCH-96X22","MIS-DIN-BCH-96X22","table","RM-DKT-GENERIC-SLAB","DKT","1","export"
"FIN-MIS-DIN-CHA-17X21","MIS-DIN-CHA-17X21","table","ASM-MIS-DIN-CHA-17X21-FRAME","FRAME","1","export"
"FIN-MIS-DIN-CHA-17X21","MIS-DIN-CHA-17X21","table","RM-DKT-GENERIC-SLAB","DKT","1","export"
"FIN-MIS-FIR-TAB-42X42","MIS-FIR-TAB-42X42","table","ASM-MIS-FIR-TAB-42X42-FRAME","FRAME","1","export"
"FIN-MIS-FIR-TAB-42X42","MIS-FIR-TAB-42X42","table","RM-DKT-GENERIC-SLAB","DKT","1","export"
"FIN-MIS-FLY-BST-17X21","MIS-FLY-BST-17X21","seating","ASM-MIS-FLY-BST-17X21-FRAME","FRAME","1","export"
"FIN-MIS-FLY-BST-17X21","MIS-FLY-BST-17X21","seating","ASM-MIS-FLY-BST-17X21-CUSH","CUSH","1","export"
"FIN-MIS-OTT-22X22","MIS-OTT-22X22","seating","ASM-MIS-OTT-22X22-FRAME","FRAME","1","export"
"FIN-MIS-OTT-22X22","MIS-OTT-22X22","seating","ASM-MIS-OTT-22X22-CUSH","CUSH","1","export"
"FIN-MIS-SID-TAB-13X30","MIS-SID-TAB-13X30","table","ASM-MIS-SID-TAB-13X30-FRAME","FRAME","1","export"
"FIN-MIS-TAB-13X30","MIS-TAB-13X30","table","ASM-MIS-TAB-13X30-FRAME","FRAME","1","export"
"FIN-MLN-CLB-CHA-32X36","MLN-CLB-CHA-32X36","seating","ASM-MLN-CLB-CHA-32X36-FRAME","FRAME","1","export"
"FIN-MLN-CLB-CHA-32X36","MLN-CLB-CHA-32X36","seating","ASM-MLN-CLB-CHA-32X36-CUSH","CUSH","1","export"
"FIN-MLN-MIS","","seating","","","","no_live_target"
"FIN-MLN-OTT-22X60","MLN-OTT-22X60","seating","ASM-MLN-OTT-22X60-FRAME","FRAME","1","export"
"FIN-MLN-OTT-22X60","MLN-OTT-22X60","seating","ASM-MLN-OTT-22X60-CUSH","CUSH","1","export"
"FIN-MLN-OTT-22X72","MLN-OTT-22X72","seating","ASM-MLN-OTT-22X72-FRAME","FRAME","1","export"
"FIN-MLN-OTT-22X72","MLN-OTT-22X72","seating","ASM-MLN-OTT-22X72-CUSH","CUSH","1","export"
"FIN-MLN-OTT-34X34","MLN-OTT-34X34","seating","ASM-MLN-OTT-34X34-FRAME","FRAME","1","export"
"FIN-MLN-OTT-34X34","MLN-OTT-34X34","seating","ASM-MLN-OTT-34X34-CUSH","CUSH","1","export"
"FIN-MLN-OTT-34X42","MLN-OTT-34X42","seating","ASM-MLN-OTT-34X42-FRAME","FRAME","1","export"
"FIN-MLN-OTT-34X42","MLN-OTT-34X42","seating","ASM-MLN-OTT-34X42-CUSH","CUSH","1","export"
"FIN-MLN-OTT-34X60","MLN-OTT-34X60","seating","ASM-MLN-OTT-34X60-FRAME","FRAME","1","export"
"FIN-MLN-OTT-34X60","MLN-OTT-34X60","seating","ASM-MLN-OTT-34X60-CUSH","CUSH","1","export"
"FIN-MLN-OTT-34X72","MLN-OTT-34X72","seating","ASM-MLN-OTT-34X72-FRAME","FRAME","1","export"
"FIN-MLN-OTT-34X72","MLN-OTT-34X72","seating","ASM-MLN-OTT-34X72-CUSH","CUSH","1","export"
"FIN-MLN-OTT-56X42","MLN-OTT-56X42","seating","ASM-MLN-OTT-56X42-FRAME","FRAME","1","export"
"FIN-MLN-OTT-56X42","MLN-OTT-56X42","seating","ASM-MLN-OTT-56X42-CUSH","CUSH","1","export"
"FIN-MLN-SOF","","seating","","","","no_live_target"
"FIN-MLN-SOF-60X62","MLN-SOF-60X62","seating","ASM-MLN-SOF-60X62-FRAME","FRAME","1","export"
"FIN-MLN-SOF-60X62","MLN-SOF-60X62","seating","ASM-MLN-SOF-60X62-CUSH","CUSH","1","export"
"FIN-MLN-SOF-62X42","MLN-SOF-62X42","seating","ASM-MLN-SOF-62X42-FRAME","FRAME","1","export"
"FIN-MLN-SOF-62X42","MLN-SOF-62X42","seating","ASM-MLN-SOF-62X42-CUSH","CUSH","1","export"
"FIN-MLN-SOF-72X36","MLN-SOF-72X36","seating","ASM-MLN-SOF-72X36-FRAME","FRAME","1","export"
"FIN-MLN-SOF-72X36","MLN-SOF-72X36","seating","ASM-MLN-SOF-72X36-CUSH","CUSH","1","export"
"FIN-MLN-SOF-84X36","MLN-SOF-84X36","seating","ASM-MLN-SOF-84X36-FRAME","FRAME","1","export"
"FIN-MLN-SOF-84X36","MLN-SOF-84X36","seating","ASM-MLN-SOF-84X36-CUSH","CUSH","1","export"
"FIN-MLN-SOF-96X36","MLN-SOF-96X36","seating","ASM-MLN-SOF-96X36-FRAME","FRAME","1","export"
"FIN-MLN-SOF-96X36","MLN-SOF-96X36","seating","ASM-MLN-SOF-96X36-CUSH","CUSH","1","export"
"FIN-MLN-TAB-56X14","MLN-TAB-56X14","table","ASM-MLN-TAB-56X14-FRAME","FRAME","1","export"
"FIN-MLN-UMB","","skip","","","","not_a_bom_family"
"FIN-MLN-UMB-CANTILEVERUMBR","","skip","","","","not_a_bom_family"
"FIN-MLN-UMB-MARINAUMBRELLA","","skip","","","","not_a_bom_family"
"FIN-MLN-UMB-MARINAUMBRELLA2","","skip","","","","not_a_bom_family"
"FIN-OCC-TAB-56X14","OCC-TAB-56X14","table","ASM-OCC-TAB-56X14-FRAME","FRAME","1","export"
"FIN-OCN-CLB-CHA-34X38","OCN-CLB-CHA-34X38","seating","SA-OCN-CLB-CHA-34X38-FRAME","FRAME","1","export"
"FIN-OCN-CLB-CHA-34X38","OCN-CLB-CHA-34X38","seating","SA-OCN-CLB-CHA-34X38-CUSH","CUSH","1","export"
"FIN-OCN-CLB-CHA-34X38-BE-N","OCN-CLB-CHA-34X38","seating","SA-OCN-CLB-CHA-34X38-FRAME","FRAME","1","export"
"FIN-OCN-CLB-CHA-34X38-BE-N","OCN-CLB-CHA-34X38","seating","SA-OCN-CLB-CHA-34X38-CUSH","CUSH","1","export"
"FIN-OCN-CLB-CHA-34X38-BE-Y","OCN-CLB-CHA-34X38","seating","SA-OCN-CLB-CHA-34X38-FRAME","FRAME","1","export"
"FIN-OCN-CLB-CHA-34X38-BE-Y","OCN-CLB-CHA-34X38","seating","SA-OCN-CLB-CHA-34X38-CUSH","CUSH","1","export"
"FIN-OCN-CLB-CHA-34X38-BL-Y","OCN-CLB-CHA-34X38","seating","SA-OCN-CLB-CHA-34X38-FRAME","FRAME","1","export"
"FIN-OCN-CLB-CHA-34X38-BL-Y","OCN-CLB-CHA-34X38","seating","SA-OCN-CLB-CHA-34X38-CUSH","CUSH","1","export"
"FIN-OCN-CLB-CHA-34X38-BO-N","OCN-CLB-CHA-34X38","seating","SA-OCN-CLB-CHA-34X38-FRAME","FRAME","1","export"
"FIN-OCN-CLB-CHA-34X38-BO-N","OCN-CLB-CHA-34X38","seating","SA-OCN-CLB-CHA-34X38-CUSH","CUSH","1","export"
"FIN-OCN-CLB-CHA-34X38-BO-Y","OCN-CLB-CHA-34X38","seating","SA-OCN-CLB-CHA-34X38-FRAME","FRAME","1","export"
"FIN-OCN-CLB-CHA-34X38-BO-Y","OCN-CLB-CHA-34X38","seating","SA-OCN-CLB-CHA-34X38-CUSH","CUSH","1","export"
"FIN-OCN-CLB-CHA-34X38-BR-N","OCN-CLB-CHA-34X38","seating","SA-OCN-CLB-CHA-34X38-FRAME","FRAME","1","export"
"FIN-OCN-CLB-CHA-34X38-BR-N","OCN-CLB-CHA-34X38","seating","SA-OCN-CLB-CHA-34X38-CUSH","CUSH","1","export"
"FIN-OCN-CLB-CHA-34X38-BR-Y","OCN-CLB-CHA-34X38","seating","SA-OCN-CLB-CHA-34X38-FRAME","FRAME","1","export"
"FIN-OCN-CLB-CHA-34X38-BR-Y","OCN-CLB-CHA-34X38","seating","SA-OCN-CLB-CHA-34X38-CUSH","CUSH","1","export"
"FIN-OCN-CLB-CHA-34X38-GR-N","OCN-CLB-CHA-34X38","seating","SA-OCN-CLB-CHA-34X38-FRAME","FRAME","1","export"
"FIN-OCN-CLB-CHA-34X38-GR-N","OCN-CLB-CHA-34X38","seating","SA-OCN-CLB-CHA-34X38-CUSH","CUSH","1","export"
"FIN-OCN-CLB-CHA-34X38-GR-Y","OCN-CLB-CHA-34X38","seating","SA-OCN-CLB-CHA-34X38-FRAME","FRAME","1","export"
"FIN-OCN-CLB-CHA-34X38-GR-Y","OCN-CLB-CHA-34X38","seating","SA-OCN-CLB-CHA-34X38-CUSH","CUSH","1","export"
"FIN-OCN-CLB-CHA-34X38-WH-N","OCN-CLB-CHA-34X38","seating","SA-OCN-CLB-CHA-34X38-FRAME","FRAME","1","export"
"FIN-OCN-CLB-CHA-34X38-WH-N","OCN-CLB-CHA-34X38","seating","SA-OCN-CLB-CHA-34X38-CUSH","CUSH","1","export"
"FIN-OCN-CLB-CHA-34X38-WH-Y","OCN-CLB-CHA-34X38","seating","SA-OCN-CLB-CHA-34X38-FRAME","FRAME","1","export"
"FIN-OCN-CLB-CHA-34X38-WH-Y","OCN-CLB-CHA-34X38","seating","SA-OCN-CLB-CHA-34X38-CUSH","CUSH","1","export"
"FIN-OCN-COF-TAB-28X42","OCN-COF-TAB-28X42","table","ASM-OCN-COF-TAB-28X42-FRAME","FRAME","1","export"
"FIN-OCN-COF-TAB-28X42","OCN-COF-TAB-28X42","table","RM-DKT-GENERIC-SLAB","DKT","1","export"
"FIN-OCN-COF-TAB-28X56","OCN-COF-TAB-28X56","table","ASM-OCN-COF-TAB-28X56-FRAME","FRAME","1","export"
"FIN-OCN-COF-TAB-28X56","OCN-COF-TAB-28X56","table","RM-DKT-GENERIC-SLAB","DKT","1","export"
"FIN-OCN-COF-TAB-36X36","OCN-COF-TAB-36X36","table","SA-OCE-CT-36X36-FRAME","FRAME","1","export"
"FIN-OCN-COF-TAB-36X36","OCN-COF-TAB-36X36","table","RM-DKT-GENERIC-SLAB","DKT","1","export"
"FIN-OCN-COF-TAB-36X36-BE","OCN-COF-TAB-36X36","table","SA-OCE-CT-36X36-FRAME","FRAME","1","export"
"FIN-OCN-COF-TAB-36X36-BE","OCN-COF-TAB-36X36","table","RM-DKT-GENERIC-SLAB","DKT","1","export"
"FIN-OCN-COF-TAB-36X36-BO","OCN-COF-TAB-36X36","table","SA-OCE-CT-36X36-FRAME","FRAME","1","export"
"FIN-OCN-COF-TAB-36X36-BO","OCN-COF-TAB-36X36","table","RM-DKT-GENERIC-SLAB","DKT","1","export"
"FIN-OCN-COF-TAB-36X36-BR","OCN-COF-TAB-36X36","table","SA-OCE-CT-36X36-FRAME","FRAME","1","export"
"FIN-OCN-COF-TAB-36X36-BR","OCN-COF-TAB-36X36","table","RM-DKT-GENERIC-SLAB","DKT","1","export"
"FIN-OCN-COF-TAB-36X36-GR","OCN-COF-TAB-36X36","table","SA-OCE-CT-36X36-FRAME","FRAME","1","export"
"FIN-OCN-COF-TAB-36X36-GR","OCN-COF-TAB-36X36","table","RM-DKT-GENERIC-SLAB","DKT","1","export"
"FIN-OCN-COF-TAB-36X36-WH","OCN-COF-TAB-36X36","table","SA-OCE-CT-36X36-FRAME","FRAME","1","export"
"FIN-OCN-COF-TAB-36X36-WH","OCN-COF-TAB-36X36","table","RM-DKT-GENERIC-SLAB","DKT","1","export"
"FIN-OCN-COF-TAB-36X56","OCN-COF-TAB-36X56","table","ASM-OCN-COF-TAB-36X56-FRAME","FRAME","1","export"
"FIN-OCN-COF-TAB-36X56","OCN-COF-TAB-36X56","table","RM-DKT-GENERIC-SLAB","DKT","1","export"
"FIN-OCN-COF-TAB-36X72","OCN-COF-TAB-36X72","table","ASM-OCN-COF-TAB-36X72-FRAME","FRAME","1","export"
"FIN-OCN-COF-TAB-36X72","OCN-COF-TAB-36X72","table","RM-DKT-GENERIC-SLAB","DKT","1","export"
"FIN-OCN-COF-TAB-42X28","OCN-COF-TAB-42X28","table","SA-OCE-CT-42X28-FRAME","FRAME","1","export"
"FIN-OCN-COF-TAB-42X28","OCN-COF-TAB-42X28","table","RM-DKT-GENERIC-SLAB","DKT","1","export"
"FIN-OCN-COF-TAB-42X28-BE","OCN-COF-TAB-42X28","table","SA-OCE-CT-42X28-FRAME","FRAME","1","export"
"FIN-OCN-COF-TAB-42X28-BE","OCN-COF-TAB-42X28","table","RM-DKT-GENERIC-SLAB","DKT","1","export"
"FIN-OCN-COF-TAB-42X28-BO","OCN-COF-TAB-42X28","table","SA-OCE-CT-42X28-FRAME","FRAME","1","export"
"FIN-OCN-COF-TAB-42X28-BO","OCN-COF-TAB-42X28","table","RM-DKT-GENERIC-SLAB","DKT","1","export"
"FIN-OCN-COF-TAB-42X28-BR","OCN-COF-TAB-42X28","table","SA-OCE-CT-42X28-FRAME","FRAME","1","export"
"FIN-OCN-COF-TAB-42X28-BR","OCN-COF-TAB-42X28","table","RM-DKT-GENERIC-SLAB","DKT","1","export"
"FIN-OCN-COF-TAB-42X28-GR","OCN-COF-TAB-42X28","table","SA-OCE-CT-42X28-FRAME","FRAME","1","export"
"FIN-OCN-COF-TAB-42X28-GR","OCN-COF-TAB-42X28","table","RM-DKT-GENERIC-SLAB","DKT","1","export"
"FIN-OCN-COF-TAB-42X28-WH","OCN-COF-TAB-42X28","table","SA-OCE-CT-42X28-FRAME","FRAME","1","export"
"FIN-OCN-COF-TAB-42X28-WH","OCN-COF-TAB-42X28","table","RM-DKT-GENERIC-SLAB","DKT","1","export"
"FIN-OCN-COF-TAB-42X42","OCN-COF-TAB-42X42","table","SA-OCE-CT-42X42-FRAME","FRAME","1","export"
"FIN-OCN-COF-TAB-42X42","OCN-COF-TAB-42X42","table","RM-DKT-GENERIC-SLAB","DKT","1","export"
"FIN-OCN-COF-TAB-42X42-BE","OCN-COF-TAB-42X42","table","SA-OCE-CT-42X42-FRAME","FRAME","1","export"
"FIN-OCN-COF-TAB-42X42-BE","OCN-COF-TAB-42X42","table","RM-DKT-GENERIC-SLAB","DKT","1","export"
"FIN-OCN-COF-TAB-42X42-BO","OCN-COF-TAB-42X42","table","SA-OCE-CT-42X42-FRAME","FRAME","1","export"
"FIN-OCN-COF-TAB-42X42-BO","OCN-COF-TAB-42X42","table","RM-DKT-GENERIC-SLAB","DKT","1","export"
"FIN-OCN-COF-TAB-42X42-BR","OCN-COF-TAB-42X42","table","SA-OCE-CT-42X42-FRAME","FRAME","1","export"
"FIN-OCN-COF-TAB-42X42-BR","OCN-COF-TAB-42X42","table","RM-DKT-GENERIC-SLAB","DKT","1","export"
"FIN-OCN-COF-TAB-42X42-GR","OCN-COF-TAB-42X42","table","SA-OCE-CT-42X42-FRAME","FRAME","1","export"
"FIN-OCN-COF-TAB-42X42-GR","OCN-COF-TAB-42X42","table","RM-DKT-GENERIC-SLAB","DKT","1","export"
"FIN-OCN-COF-TAB-42X42-WH","OCN-COF-TAB-42X42","table","SA-OCE-CT-42X42-FRAME","FRAME","1","export"
"FIN-OCN-COF-TAB-42X42-WH","OCN-COF-TAB-42X42","table","RM-DKT-GENERIC-SLAB","DKT","1","export"
"FIN-OCN-COF-TAB-42X56","OCN-COF-TAB-42X56","table","ASM-OCN-COF-TAB-42X56-FRAME","FRAME","1","export"
"FIN-OCN-COF-TAB-42X56","OCN-COF-TAB-42X56","table","RM-DKT-GENERIC-SLAB","DKT","1","export"
"FIN-OCN-COF-TAB-42X72","OCN-COF-TAB-42X72","table","ASM-OCN-COF-TAB-42X72-FRAME","FRAME","1","export"
"FIN-OCN-COF-TAB-42X72","OCN-COF-TAB-42X72","table","RM-DKT-GENERIC-SLAB","DKT","1","export"
"FIN-OCN-COF-TAB-56X28","OCN-COF-TAB-56X28","table","SA-OCE-CT-56X28-FRAME","FRAME","1","export"
"FIN-OCN-COF-TAB-56X28","OCN-COF-TAB-56X28","table","RM-DKT-GENERIC-SLAB","DKT","1","export"
"FIN-OCN-COF-TAB-56X28-BE","OCN-COF-TAB-56X28","table","SA-OCE-CT-56X28-FRAME","FRAME","1","export"
"FIN-OCN-COF-TAB-56X28-BE","OCN-COF-TAB-56X28","table","RM-DKT-GENERIC-SLAB","DKT","1","export"
"FIN-OCN-COF-TAB-56X28-BO","OCN-COF-TAB-56X28","table","SA-OCE-CT-56X28-FRAME","FRAME","1","export"
"FIN-OCN-COF-TAB-56X28-BO","OCN-COF-TAB-56X28","table","RM-DKT-GENERIC-SLAB","DKT","1","export"
"FIN-OCN-COF-TAB-56X28-BR","OCN-COF-TAB-56X28","table","SA-OCE-CT-56X28-FRAME","FRAME","1","export"
"FIN-OCN-COF-TAB-56X28-BR","OCN-COF-TAB-56X28","table","RM-DKT-GENERIC-SLAB","DKT","1","export"
"FIN-OCN-COF-TAB-56X28-GR","OCN-COF-TAB-56X28","table","SA-OCE-CT-56X28-FRAME","FRAME","1","export"
"FIN-OCN-COF-TAB-56X28-GR","OCN-COF-TAB-56X28","table","RM-DKT-GENERIC-SLAB","DKT","1","export"
"FIN-OCN-COF-TAB-56X28-WH","OCN-COF-TAB-56X28","table","SA-OCE-CT-56X28-FRAME","FRAME","1","export"
"FIN-OCN-COF-TAB-56X28-WH","OCN-COF-TAB-56X28","table","RM-DKT-GENERIC-SLAB","DKT","1","export"
"FIN-OCN-COF-TAB-56X36","OCN-COF-TAB-56X36","table","SA-OCE-CT-56X36-FRAME","FRAME","1","export"
"FIN-OCN-COF-TAB-56X36","OCN-COF-TAB-56X36","table","RM-DKT-GENERIC-SLAB","DKT","1","export"
"FIN-OCN-COF-TAB-56X36-BE","OCN-COF-TAB-56X36","table","SA-OCE-CT-56X36-FRAME","FRAME","1","export"
"FIN-OCN-COF-TAB-56X36-BE","OCN-COF-TAB-56X36","table","RM-DKT-GENERIC-SLAB","DKT","1","export"
"FIN-OCN-COF-TAB-56X36-BO","OCN-COF-TAB-56X36","table","SA-OCE-CT-56X36-FRAME","FRAME","1","export"
"FIN-OCN-COF-TAB-56X36-BO","OCN-COF-TAB-56X36","table","RM-DKT-GENERIC-SLAB","DKT","1","export"
"FIN-OCN-COF-TAB-56X36-BR","OCN-COF-TAB-56X36","table","SA-OCE-CT-56X36-FRAME","FRAME","1","export"
"FIN-OCN-COF-TAB-56X36-BR","OCN-COF-TAB-56X36","table","RM-DKT-GENERIC-SLAB","DKT","1","export"
"FIN-OCN-COF-TAB-56X36-GR","OCN-COF-TAB-56X36","table","SA-OCE-CT-56X36-FRAME","FRAME","1","export"
"FIN-OCN-COF-TAB-56X36-GR","OCN-COF-TAB-56X36","table","RM-DKT-GENERIC-SLAB","DKT","1","export"
"FIN-OCN-COF-TAB-56X36-WH","OCN-COF-TAB-56X36","table","SA-OCE-CT-56X36-FRAME","FRAME","1","export"
"FIN-OCN-COF-TAB-56X36-WH","OCN-COF-TAB-56X36","table","RM-DKT-GENERIC-SLAB","DKT","1","export"
"FIN-OCN-COF-TAB-56X42","OCN-COF-TAB-56X42","table","SA-OCE-CT-56X42-FRAME","FRAME","1","export"
"FIN-OCN-COF-TAB-56X42","OCN-COF-TAB-56X42","table","RM-DKT-GENERIC-SLAB","DKT","1","export"
"FIN-OCN-COF-TAB-56X42-BE","OCN-COF-TAB-56X42","table","SA-OCE-CT-56X42-FRAME","FRAME","1","export"
"FIN-OCN-COF-TAB-56X42-BE","OCN-COF-TAB-56X42","table","RM-DKT-GENERIC-SLAB","DKT","1","export"
"FIN-OCN-COF-TAB-56X42-BO","OCN-COF-TAB-56X42","table","SA-OCE-CT-56X42-FRAME","FRAME","1","export"
"FIN-OCN-COF-TAB-56X42-BO","OCN-COF-TAB-56X42","table","RM-DKT-GENERIC-SLAB","DKT","1","export"
"FIN-OCN-COF-TAB-56X42-BR","OCN-COF-TAB-56X42","table","SA-OCE-CT-56X42-FRAME","FRAME","1","export"
"FIN-OCN-COF-TAB-56X42-BR","OCN-COF-TAB-56X42","table","RM-DKT-GENERIC-SLAB","DKT","1","export"
"FIN-OCN-COF-TAB-56X42-GR","OCN-COF-TAB-56X42","table","SA-OCE-CT-56X42-FRAME","FRAME","1","export"
"FIN-OCN-COF-TAB-56X42-GR","OCN-COF-TAB-56X42","table","RM-DKT-GENERIC-SLAB","DKT","1","export"
"FIN-OCN-COF-TAB-56X42-WH","OCN-COF-TAB-56X42","table","SA-OCE-CT-56X42-FRAME","FRAME","1","export"
"FIN-OCN-COF-TAB-56X42-WH","OCN-COF-TAB-56X42","table","RM-DKT-GENERIC-SLAB","DKT","1","export"
"FIN-OCN-COF-TAB-56X56","OCN-COF-TAB-56X56","table","SA-OCE-CT-56X56-FRAME","FRAME","1","export"
"FIN-OCN-COF-TAB-56X56","OCN-COF-TAB-56X56","table","RM-DKT-GENERIC-SLAB","DKT","1","export"
"FIN-OCN-COF-TAB-56X56-BE","OCN-COF-TAB-56X56","table","SA-OCE-CT-56X56-FRAME","FRAME","1","export"
"FIN-OCN-COF-TAB-56X56-BE","OCN-COF-TAB-56X56","table","RM-DKT-GENERIC-SLAB","DKT","1","export"
"FIN-OCN-COF-TAB-56X56-BO","OCN-COF-TAB-56X56","table","SA-OCE-CT-56X56-FRAME","FRAME","1","export"
"FIN-OCN-COF-TAB-56X56-BO","OCN-COF-TAB-56X56","table","RM-DKT-GENERIC-SLAB","DKT","1","export"
"FIN-OCN-COF-TAB-56X56-BR","OCN-COF-TAB-56X56","table","SA-OCE-CT-56X56-FRAME","FRAME","1","export"
"FIN-OCN-COF-TAB-56X56-BR","OCN-COF-TAB-56X56","table","RM-DKT-GENERIC-SLAB","DKT","1","export"
"FIN-OCN-COF-TAB-56X56-GR","OCN-COF-TAB-56X56","table","SA-OCE-CT-56X56-FRAME","FRAME","1","export"
"FIN-OCN-COF-TAB-56X56-GR","OCN-COF-TAB-56X56","table","RM-DKT-GENERIC-SLAB","DKT","1","export"
"FIN-OCN-COF-TAB-56X56-WH","OCN-COF-TAB-56X56","table","SA-OCE-CT-56X56-FRAME","FRAME","1","export"
"FIN-OCN-COF-TAB-56X56-WH","OCN-COF-TAB-56X56","table","RM-DKT-GENERIC-SLAB","DKT","1","export"
"FIN-OCN-COF-TAB-56X72","OCN-COF-TAB-56X72","table","ASM-OCN-COF-TAB-56X72-FRAME","FRAME","1","export"
"FIN-OCN-COF-TAB-56X72","OCN-COF-TAB-56X72","table","RM-DKT-GENERIC-SLAB","DKT","1","export"
"FIN-OCN-COF-TAB-72X36","OCN-COF-TAB-72X36","table","SA-OCE-CT-72X36-FRAME","FRAME","1","export"
"FIN-OCN-COF-TAB-72X36","OCN-COF-TAB-72X36","table","RM-DKT-GENERIC-SLAB","DKT","1","export"
"FIN-OCN-COF-TAB-72X36-BE","OCN-COF-TAB-72X36","table","SA-OCE-CT-72X36-FRAME","FRAME","1","export"
"FIN-OCN-COF-TAB-72X36-BE","OCN-COF-TAB-72X36","table","RM-DKT-GENERIC-SLAB","DKT","1","export"
"FIN-OCN-COF-TAB-72X36-BO","OCN-COF-TAB-72X36","table","SA-OCE-CT-72X36-FRAME","FRAME","1","export"
"FIN-OCN-COF-TAB-72X36-BO","OCN-COF-TAB-72X36","table","RM-DKT-GENERIC-SLAB","DKT","1","export"
"FIN-OCN-COF-TAB-72X36-BR","OCN-COF-TAB-72X36","table","SA-OCE-CT-72X36-FRAME","FRAME","1","export"
"FIN-OCN-COF-TAB-72X36-BR","OCN-COF-TAB-72X36","table","RM-DKT-GENERIC-SLAB","DKT","1","export"
"FIN-OCN-COF-TAB-72X36-GR","OCN-COF-TAB-72X36","table","SA-OCE-CT-72X36-FRAME","FRAME","1","export"
"FIN-OCN-COF-TAB-72X36-GR","OCN-COF-TAB-72X36","table","RM-DKT-GENERIC-SLAB","DKT","1","export"
"FIN-OCN-COF-TAB-72X36-WH","OCN-COF-TAB-72X36","table","SA-OCE-CT-72X36-FRAME","FRAME","1","export"
"FIN-OCN-COF-TAB-72X36-WH","OCN-COF-TAB-72X36","table","RM-DKT-GENERIC-SLAB","DKT","1","export"
"FIN-OCN-COF-TAB-72X42","OCN-COF-TAB-72X42","table","SA-OCE-CT-72X42-FRAME","FRAME","1","export"
"FIN-OCN-COF-TAB-72X42","OCN-COF-TAB-72X42","table","RM-DKT-GENERIC-SLAB","DKT","1","export"
"FIN-OCN-COF-TAB-72X42-BE","OCN-COF-TAB-72X42","table","SA-OCE-CT-72X42-FRAME","FRAME","1","export"
"FIN-OCN-COF-TAB-72X42-BE","OCN-COF-TAB-72X42","table","RM-DKT-GENERIC-SLAB","DKT","1","export"
"FIN-OCN-COF-TAB-72X42-BO","OCN-COF-TAB-72X42","table","SA-OCE-CT-72X42-FRAME","FRAME","1","export"
"FIN-OCN-COF-TAB-72X42-BO","OCN-COF-TAB-72X42","table","RM-DKT-GENERIC-SLAB","DKT","1","export"
"FIN-OCN-COF-TAB-72X42-BR","OCN-COF-TAB-72X42","table","SA-OCE-CT-72X42-FRAME","FRAME","1","export"
"FIN-OCN-COF-TAB-72X42-BR","OCN-COF-TAB-72X42","table","RM-DKT-GENERIC-SLAB","DKT","1","export"
"FIN-OCN-COF-TAB-72X42-V23143105","","table","RM-DKT-GENERIC-SLAB","DKT","1","export_partial"
"FIN-OCN-COF-TAB-72X42-WH","OCN-COF-TAB-72X42","table","SA-OCE-CT-72X42-FRAME","FRAME","1","export"
"FIN-OCN-COF-TAB-72X42-WH","OCN-COF-TAB-72X42","table","RM-DKT-GENERIC-SLAB","DKT","1","export"
"FIN-OCN-COF-TAB-72X56","OCN-COF-TAB-72X56","table","SA-OCE-CT-72X56-FRAME","FRAME","1","export"
"FIN-OCN-COF-TAB-72X56","OCN-COF-TAB-72X56","table","RM-DKT-GENERIC-SLAB","DKT","1","export"
"FIN-OCN-COF-TAB-72X56-BE","OCN-COF-TAB-72X56","table","SA-OCE-CT-72X56-FRAME","FRAME","1","export"
"FIN-OCN-COF-TAB-72X56-BE","OCN-COF-TAB-72X56","table","RM-DKT-GENERIC-SLAB","DKT","1","export"
"FIN-OCN-COF-TAB-72X56-BO","OCN-COF-TAB-72X56","table","SA-OCE-CT-72X56-FRAME","FRAME","1","export"
"FIN-OCN-COF-TAB-72X56-BO","OCN-COF-TAB-72X56","table","RM-DKT-GENERIC-SLAB","DKT","1","export"
"FIN-OCN-COF-TAB-72X56-BR","OCN-COF-TAB-72X56","table","SA-OCE-CT-72X56-FRAME","FRAME","1","export"
"FIN-OCN-COF-TAB-72X56-BR","OCN-COF-TAB-72X56","table","RM-DKT-GENERIC-SLAB","DKT","1","export"
"FIN-OCN-COF-TAB-72X56-GR","OCN-COF-TAB-72X56","table","SA-OCE-CT-72X56-FRAME","FRAME","1","export"
"FIN-OCN-COF-TAB-72X56-GR","OCN-COF-TAB-72X56","table","RM-DKT-GENERIC-SLAB","DKT","1","export"
"FIN-OCN-COF-TAB-72X56-WH","OCN-COF-TAB-72X56","table","SA-OCE-CT-72X56-FRAME","FRAME","1","export"
"FIN-OCN-COF-TAB-72X56-WH","OCN-COF-TAB-72X56","table","RM-DKT-GENERIC-SLAB","DKT","1","export"
"FIN-OCN-DOU-CHS-58X79","OCN-DOU-CHS-58X79","seating","SA-OCN-DOU-CHS-58X79-FRAME","FRAME","1","export"
"FIN-OCN-DOU-CHS-58X79","OCN-DOU-CHS-58X79","seating","SA-OCN-DOU-CHS-58X79-CUSH","CUSH","1","export"
"FIN-OCN-DOU-CHS-58X79-BE","OCN-DOU-CHS-58X79","seating","SA-OCN-DOU-CHS-58X79-FRAME","FRAME","1","export"
"FIN-OCN-DOU-CHS-58X79-BE","OCN-DOU-CHS-58X79","seating","SA-OCN-DOU-CHS-58X79-CUSH","CUSH","1","export"
"FIN-OCN-DOU-CHS-58X79-BO","OCN-DOU-CHS-58X79","seating","SA-OCN-DOU-CHS-58X79-FRAME","FRAME","1","export"
"FIN-OCN-DOU-CHS-58X79-BO","OCN-DOU-CHS-58X79","seating","SA-OCN-DOU-CHS-58X79-CUSH","CUSH","1","export"
"FIN-OCN-DOU-CHS-58X79-BR","OCN-DOU-CHS-58X79","seating","SA-OCN-DOU-CHS-58X79-FRAME","FRAME","1","export"
"FIN-OCN-DOU-CHS-58X79-BR","OCN-DOU-CHS-58X79","seating","SA-OCN-DOU-CHS-58X79-CUSH","CUSH","1","export"
"FIN-OCN-DOU-CHS-58X79-GR","OCN-DOU-CHS-58X79","seating","SA-OCN-DOU-CHS-58X79-FRAME","FRAME","1","export"
"FIN-OCN-DOU-CHS-58X79-GR","OCN-DOU-CHS-58X79","seating","SA-OCN-DOU-CHS-58X79-CUSH","CUSH","1","export"
"FIN-OCN-DOU-CHS-58X79-WH","OCN-DOU-CHS-58X79","seating","SA-OCN-DOU-CHS-58X79-FRAME","FRAME","1","export"
"FIN-OCN-DOU-CHS-58X79-WH","OCN-DOU-CHS-58X79","seating","SA-OCN-DOU-CHS-58X79-CUSH","CUSH","1","export"
"FIN-OCN-LOV-SOF-60X38","OCN-LOV-SOF-60X38","seating","SA-OCN-LOV-SOF-60X38-FRAME","FRAME","1","export"
"FIN-OCN-LOV-SOF-60X38","OCN-LOV-SOF-60X38","seating","SA-OCN-LOV-SOF-60X38-CUSH","CUSH","1","export"
"FIN-OCN-LOV-SOF-60X38-BE-N","OCN-LOV-SOF-60X38","seating","SA-OCN-LOV-SOF-60X38-FRAME","FRAME","1","export"
"FIN-OCN-LOV-SOF-60X38-BE-N","OCN-LOV-SOF-60X38","seating","SA-OCN-LOV-SOF-60X38-CUSH","CUSH","1","export"
"FIN-OCN-LOV-SOF-60X38-BE-Y","OCN-LOV-SOF-60X38","seating","SA-OCN-LOV-SOF-60X38-FRAME","FRAME","1","export"
"FIN-OCN-LOV-SOF-60X38-BE-Y","OCN-LOV-SOF-60X38","seating","SA-OCN-LOV-SOF-60X38-CUSH","CUSH","1","export"
"FIN-OCN-LOV-SOF-60X38-BL-Y","OCN-LOV-SOF-60X38","seating","SA-OCN-LOV-SOF-60X38-FRAME","FRAME","1","export"
"FIN-OCN-LOV-SOF-60X38-BL-Y","OCN-LOV-SOF-60X38","seating","SA-OCN-LOV-SOF-60X38-CUSH","CUSH","1","export"
"FIN-OCN-LOV-SOF-60X38-BO-N","OCN-LOV-SOF-60X38","seating","SA-OCN-LOV-SOF-60X38-FRAME","FRAME","1","export"
"FIN-OCN-LOV-SOF-60X38-BO-N","OCN-LOV-SOF-60X38","seating","SA-OCN-LOV-SOF-60X38-CUSH","CUSH","1","export"
"FIN-OCN-LOV-SOF-60X38-BO-Y","OCN-LOV-SOF-60X38","seating","SA-OCN-LOV-SOF-60X38-FRAME","FRAME","1","export"
"FIN-OCN-LOV-SOF-60X38-BO-Y","OCN-LOV-SOF-60X38","seating","SA-OCN-LOV-SOF-60X38-CUSH","CUSH","1","export"
"FIN-OCN-LOV-SOF-60X38-BR-N","OCN-LOV-SOF-60X38","seating","SA-OCN-LOV-SOF-60X38-FRAME","FRAME","1","export"
"FIN-OCN-LOV-SOF-60X38-BR-N","OCN-LOV-SOF-60X38","seating","SA-OCN-LOV-SOF-60X38-CUSH","CUSH","1","export"
"FIN-OCN-LOV-SOF-60X38-BR-Y","OCN-LOV-SOF-60X38","seating","SA-OCN-LOV-SOF-60X38-FRAME","FRAME","1","export"
"FIN-OCN-LOV-SOF-60X38-BR-Y","OCN-LOV-SOF-60X38","seating","SA-OCN-LOV-SOF-60X38-CUSH","CUSH","1","export"
"FIN-OCN-LOV-SOF-60X38-GR-N","OCN-LOV-SOF-60X38","seating","SA-OCN-LOV-SOF-60X38-FRAME","FRAME","1","export"
"FIN-OCN-LOV-SOF-60X38-GR-N","OCN-LOV-SOF-60X38","seating","SA-OCN-LOV-SOF-60X38-CUSH","CUSH","1","export"
"FIN-OCN-LOV-SOF-60X38-GR-Y","OCN-LOV-SOF-60X38","seating","SA-OCN-LOV-SOF-60X38-FRAME","FRAME","1","export"
"FIN-OCN-LOV-SOF-60X38-GR-Y","OCN-LOV-SOF-60X38","seating","SA-OCN-LOV-SOF-60X38-CUSH","CUSH","1","export"
"FIN-OCN-LOV-SOF-60X38-WH-N","OCN-LOV-SOF-60X38","seating","SA-OCN-LOV-SOF-60X38-FRAME","FRAME","1","export"
"FIN-OCN-LOV-SOF-60X38-WH-N","OCN-LOV-SOF-60X38","seating","SA-OCN-LOV-SOF-60X38-CUSH","CUSH","1","export"
"FIN-OCN-LOV-SOF-60X38-WH-Y","OCN-LOV-SOF-60X38","seating","SA-OCN-LOV-SOF-60X38-FRAME","FRAME","1","export"
"FIN-OCN-LOV-SOF-60X38-WH-Y","OCN-LOV-SOF-60X38","seating","SA-OCN-LOV-SOF-60X38-CUSH","CUSH","1","export"
"FIN-OCN-MIN-LOV","","seating","","","","no_live_target"
"FIN-OCN-MIN-LOV-48X38","OCN-MIN-LOV-48X38","seating","ASM-OCN-MIN-LOV-48X38-FRAME","FRAME","1","export"
"FIN-OCN-MIN-LOV-48X38","OCN-MIN-LOV-48X38","seating","ASM-OCN-MIN-LOV-48X38-CUSH","CUSH","1","export"
"FIN-OCN-MIN-LOV-60X48","OCN-MIN-LOV-60X48","seating","SA-OCN-MIN-LOV-60X48-FRAME","FRAME","1","export"
"FIN-OCN-MIN-LOV-60X48","OCN-MIN-LOV-60X48","seating","SA-OCN-MIN-LOV-60X48-CUSH","CUSH","1","export"
"FIN-OCN-MIN-LOV-BE-N","","seating","","","","no_live_target"
"FIN-OCN-MIN-LOV-BE-Y","","seating","","","","no_live_target"
"FIN-OCN-MIN-LOV-BL-Y","","seating","","","","no_live_target"
"FIN-OCN-MIN-LOV-BO-N","","seating","","","","no_live_target"
"FIN-OCN-MIN-LOV-BO-Y","","seating","","","","no_live_target"
"FIN-OCN-MIN-LOV-BR-N","","seating","","","","no_live_target"
"FIN-OCN-MIN-LOV-BR-Y","","seating","","","","no_live_target"
"FIN-OCN-MIN-LOV-GR-N","","seating","","","","no_live_target"
"FIN-OCN-MIN-LOV-GR-Y","","seating","","","","no_live_target"
"FIN-OCN-MIN-LOV-WH-N","","seating","","","","no_live_target"
"FIN-OCN-MIN-LOV-WH-Y","","seating","","","","no_live_target"
"FIN-OCN-OTT-30X22","OCN-OTT-30X22","seating","SA-OCE-O-30X22-FRAME","FRAME","1","export"
"FIN-OCN-OTT-30X22","OCN-OTT-30X22","seating","SA-OCE-O-30X22-CUSH","CUSH","1","export"
"FIN-OCN-OTT-30X22-BE","OCN-OTT-30X22","seating","SA-OCE-O-30X22-FRAME","FRAME","1","export"
"FIN-OCN-OTT-30X22-BE","OCN-OTT-30X22","seating","SA-OCE-O-30X22-CUSH","CUSH","1","export"
"FIN-OCN-OTT-30X22-BO","OCN-OTT-30X22","seating","SA-OCE-O-30X22-FRAME","FRAME","1","export"
"FIN-OCN-OTT-30X22-BO","OCN-OTT-30X22","seating","SA-OCE-O-30X22-CUSH","CUSH","1","export"
"FIN-OCN-OTT-30X22-BR","OCN-OTT-30X22","seating","SA-OCE-O-30X22-FRAME","FRAME","1","export"
"FIN-OCN-OTT-30X22-BR","OCN-OTT-30X22","seating","SA-OCE-O-30X22-CUSH","CUSH","1","export"
"FIN-OCN-OTT-30X22-GR","OCN-OTT-30X22","seating","SA-OCE-O-30X22-FRAME","FRAME","1","export"
"FIN-OCN-OTT-30X22-GR","OCN-OTT-30X22","seating","SA-OCE-O-30X22-CUSH","CUSH","1","export"
"FIN-OCN-OTT-30X22-WH","OCN-OTT-30X22","seating","SA-OCE-O-30X22-FRAME","FRAME","1","export"
"FIN-OCN-OTT-30X22-WH","OCN-OTT-30X22","seating","SA-OCE-O-30X22-CUSH","CUSH","1","export"
"FIN-OCN-OTT-42X22","OCN-OTT-42X22","seating","SA-OCE-O-42X22-FRAME","FRAME","1","export"
"FIN-OCN-OTT-42X22","OCN-OTT-42X22","seating","SA-OCE-O-42X22-CUSH","CUSH","1","export"
"FIN-OCN-OTT-42X22-BE","OCN-OTT-42X22","seating","SA-OCE-O-42X22-FRAME","FRAME","1","export"
"FIN-OCN-OTT-42X22-BE","OCN-OTT-42X22","seating","SA-OCE-O-42X22-CUSH","CUSH","1","export"
"FIN-OCN-OTT-42X22-BO","OCN-OTT-42X22","seating","SA-OCE-O-42X22-FRAME","FRAME","1","export"
"FIN-OCN-OTT-42X22-BO","OCN-OTT-42X22","seating","SA-OCE-O-42X22-CUSH","CUSH","1","export"
"FIN-OCN-OTT-42X22-BR","OCN-OTT-42X22","seating","SA-OCE-O-42X22-FRAME","FRAME","1","export"
"FIN-OCN-OTT-42X22-BR","OCN-OTT-42X22","seating","SA-OCE-O-42X22-CUSH","CUSH","1","export"
"FIN-OCN-OTT-42X22-GR","OCN-OTT-42X22","seating","SA-OCE-O-42X22-FRAME","FRAME","1","export"
"FIN-OCN-OTT-42X22-GR","OCN-OTT-42X22","seating","SA-OCE-O-42X22-CUSH","CUSH","1","export"
"FIN-OCN-OTT-42X22-WH","OCN-OTT-42X22","seating","SA-OCE-O-42X22-FRAME","FRAME","1","export"
"FIN-OCN-OTT-42X22-WH","OCN-OTT-42X22","seating","SA-OCE-O-42X22-CUSH","CUSH","1","export"
"FIN-OCN-OTT-60X22","OCN-OTT-60X22","seating","SA-OCE-O-60X22-FRAME","FRAME","1","export"
"FIN-OCN-OTT-60X22","OCN-OTT-60X22","seating","SA-OCE-O-60X22-CUSH","CUSH","1","export"
"FIN-OCN-OTT-60X22-BE","OCN-OTT-60X22","seating","SA-OCE-O-60X22-FRAME","FRAME","1","export"
"FIN-OCN-OTT-60X22-BE","OCN-OTT-60X22","seating","SA-OCE-O-60X22-CUSH","CUSH","1","export"
"FIN-OCN-OTT-60X22-BO","OCN-OTT-60X22","seating","SA-OCE-O-60X22-FRAME","FRAME","1","export"
"FIN-OCN-OTT-60X22-BO","OCN-OTT-60X22","seating","SA-OCE-O-60X22-CUSH","CUSH","1","export"
"FIN-OCN-OTT-60X22-BR","OCN-OTT-60X22","seating","SA-OCE-O-60X22-FRAME","FRAME","1","export"
"FIN-OCN-OTT-60X22-BR","OCN-OTT-60X22","seating","SA-OCE-O-60X22-CUSH","CUSH","1","export"
"FIN-OCN-OTT-60X22-GR","OCN-OTT-60X22","seating","SA-OCE-O-60X22-FRAME","FRAME","1","export"
"FIN-OCN-OTT-60X22-GR","OCN-OTT-60X22","seating","SA-OCE-O-60X22-CUSH","CUSH","1","export"
"FIN-OCN-OTT-60X22-WH","OCN-OTT-60X22","seating","SA-OCE-O-60X22-FRAME","FRAME","1","export"
"FIN-OCN-OTT-60X22-WH","OCN-OTT-60X22","seating","SA-OCE-O-60X22-CUSH","CUSH","1","export"
"FIN-OCN-OTT-72X22","OCN-OTT-72X22","seating","SA-OCE-O-72X22-FRAME","FRAME","1","export"
"FIN-OCN-OTT-72X22","OCN-OTT-72X22","seating","SA-OCE-O-72X22-CUSH","CUSH","1","export"
"FIN-OCN-OTT-72X22-BE","OCN-OTT-72X22","seating","SA-OCE-O-72X22-FRAME","FRAME","1","export"
"FIN-OCN-OTT-72X22-BE","OCN-OTT-72X22","seating","SA-OCE-O-72X22-CUSH","CUSH","1","export"
"FIN-OCN-OTT-72X22-BO","OCN-OTT-72X22","seating","SA-OCE-O-72X22-FRAME","FRAME","1","export"
"FIN-OCN-OTT-72X22-BO","OCN-OTT-72X22","seating","SA-OCE-O-72X22-CUSH","CUSH","1","export"
"FIN-OCN-OTT-72X22-BR","OCN-OTT-72X22","seating","SA-OCE-O-72X22-FRAME","FRAME","1","export"
"FIN-OCN-OTT-72X22-BR","OCN-OTT-72X22","seating","SA-OCE-O-72X22-CUSH","CUSH","1","export"
"FIN-OCN-OTT-72X22-GR","OCN-OTT-72X22","seating","SA-OCE-O-72X22-FRAME","FRAME","1","export"
"FIN-OCN-OTT-72X22-GR","OCN-OTT-72X22","seating","SA-OCE-O-72X22-CUSH","CUSH","1","export"
"FIN-OCN-OTT-72X22-WH","OCN-OTT-72X22","seating","SA-OCE-O-72X22-FRAME","FRAME","1","export"
"FIN-OCN-OTT-72X22-WH","OCN-OTT-72X22","seating","SA-OCE-O-72X22-CUSH","CUSH","1","export"
"FIN-OCN-SGL-CHS-36X79","OCN-SGL-CHS-36X79","seating","SA-OCN-SGL-CHS-36X79-FRAME","FRAME","1","export"
"FIN-OCN-SGL-CHS-36X79","OCN-SGL-CHS-36X79","seating","SA-OCN-SGL-CHS-36X79-CUSH","CUSH","1","export"
"FIN-OCN-SGL-CHS-36X79-BE","OCN-SGL-CHS-36X79","seating","SA-OCN-SGL-CHS-36X79-FRAME","FRAME","1","export"
"FIN-OCN-SGL-CHS-36X79-BE","OCN-SGL-CHS-36X79","seating","SA-OCN-SGL-CHS-36X79-CUSH","CUSH","1","export"
"FIN-OCN-SGL-CHS-36X79-BO","OCN-SGL-CHS-36X79","seating","SA-OCN-SGL-CHS-36X79-FRAME","FRAME","1","export"
"FIN-OCN-SGL-CHS-36X79-BO","OCN-SGL-CHS-36X79","seating","SA-OCN-SGL-CHS-36X79-CUSH","CUSH","1","export"
"FIN-OCN-SGL-CHS-36X79-BR","OCN-SGL-CHS-36X79","seating","SA-OCN-SGL-CHS-36X79-FRAME","FRAME","1","export"
"FIN-OCN-SGL-CHS-36X79-BR","OCN-SGL-CHS-36X79","seating","SA-OCN-SGL-CHS-36X79-CUSH","CUSH","1","export"
"FIN-OCN-SGL-CHS-36X79-GR","OCN-SGL-CHS-36X79","seating","SA-OCN-SGL-CHS-36X79-FRAME","FRAME","1","export"
"FIN-OCN-SGL-CHS-36X79-GR","OCN-SGL-CHS-36X79","seating","SA-OCN-SGL-CHS-36X79-CUSH","CUSH","1","export"
"FIN-OCN-SGL-CHS-36X79-WH","OCN-SGL-CHS-36X79","seating","SA-OCN-SGL-CHS-36X79-FRAME","FRAME","1","export"
"FIN-OCN-SGL-CHS-36X79-WH","OCN-SGL-CHS-36X79","seating","SA-OCN-SGL-CHS-36X79-CUSH","CUSH","1","export"
"FIN-OCN-SID-TAB-12","OCN-SID-TAB-12","table","","","","no_live_target"
"FIN-OCN-SID-TAB-13X30","OCN-SID-TAB-13X30","table","ASM-OCN-SID-TAB-13X30-FRAME","FRAME","1","export"
"FIN-OCN-SID-TAB-20X20","OCN-SID-TAB-20X20","table","SA-OCE-ST-20X20-FRAME","FRAME","1","export"
"FIN-OCN-SID-TAB-20X20-BE","OCN-SID-TAB-20X20","table","SA-OCE-ST-20X20-FRAME","FRAME","1","export"
"FIN-OCN-SID-TAB-20X20-BO","OCN-SID-TAB-20X20","table","SA-OCE-ST-20X20-FRAME","FRAME","1","export"
"FIN-OCN-SID-TAB-20X20-BR","OCN-SID-TAB-20X20","table","SA-OCE-ST-20X20-FRAME","FRAME","1","export"
"FIN-OCN-SID-TAB-20X20-GR","OCN-SID-TAB-20X20","table","SA-OCE-ST-20X20-FRAME","FRAME","1","export"
"FIN-OCN-SID-TAB-20X20-WH","OCN-SID-TAB-20X20","table","SA-OCE-ST-20X20-FRAME","FRAME","1","export"
"FIN-OCN-SID-TAB-32X32","OCN-SID-TAB-32X32","table","ASM-OCN-SID-TAB-32X32-FRAME","FRAME","1","export"
"FIN-OCN-SID-TAB-36X17","OCN-SID-TAB-36X17","table","ASM-OCN-SID-TAB-36X17-FRAME","FRAME","1","export"
"FIN-OCN-SID-TAB-36X36","OCN-SID-TAB-36X36","table","","","","no_live_target"
"FIN-OCN-SID-TAB-36X36-BE","OCN-SID-TAB-36X36","table","","","","no_live_target"
"FIN-OCN-SID-TAB-36X36-BO","OCN-SID-TAB-36X36","table","","","","no_live_target"
"FIN-OCN-SID-TAB-36X36-BR","OCN-SID-TAB-36X36","table","","","","no_live_target"
"FIN-OCN-SID-TAB-36X36-GR","OCN-SID-TAB-36X36","table","","","","no_live_target"
"FIN-OCN-SID-TAB-36X36-WH","OCN-SID-TAB-36X36","table","","","","no_live_target"
"FIN-OCN-SID-TAB-42","OCN-SID-TAB-42","table","SA-OCE-RST-42-FRAME","FRAME","1","export"
"FIN-OCN-SID-TAB-42-BE","OCN-SID-TAB-42","table","SA-OCE-RST-42-FRAME","FRAME","1","export"
"FIN-OCN-SID-TAB-42-BO","OCN-SID-TAB-42","table","SA-OCE-RST-42-FRAME","FRAME","1","export"
"FIN-OCN-SID-TAB-42-BR","OCN-SID-TAB-42","table","SA-OCE-RST-42-FRAME","FRAME","1","export"
"FIN-OCN-SID-TAB-42-GR","OCN-SID-TAB-42","table","SA-OCE-RST-42-FRAME","FRAME","1","export"
"FIN-OCN-SID-TAB-42-WH","OCN-SID-TAB-42","table","SA-OCE-RST-42-FRAME","FRAME","1","export"
"FIN-OCN-SOF-72X38","OCN-SOF-72X38","seating","SA-OCE-S-72-FRAME","FRAME","1","export"
"FIN-OCN-SOF-72X38","OCN-SOF-72X38","seating","SA-OCE-S-72-CUSH","CUSH","1","export"
"FIN-OCN-SOF-72X38-BE-N","OCN-SOF-72X38","seating","SA-OCE-S-72-FRAME","FRAME","1","export"
"FIN-OCN-SOF-72X38-BE-N","OCN-SOF-72X38","seating","SA-OCE-S-72-CUSH","CUSH","1","export"
"FIN-OCN-SOF-72X38-BE-Y","OCN-SOF-72X38","seating","SA-OCE-S-72-FRAME","FRAME","1","export"
"FIN-OCN-SOF-72X38-BE-Y","OCN-SOF-72X38","seating","SA-OCE-S-72-CUSH","CUSH","1","export"
"FIN-OCN-SOF-72X38-BL-Y","OCN-SOF-72X38","seating","SA-OCE-S-72-FRAME","FRAME","1","export"
"FIN-OCN-SOF-72X38-BL-Y","OCN-SOF-72X38","seating","SA-OCE-S-72-CUSH","CUSH","1","export"
"FIN-OCN-SOF-72X38-BO-N","OCN-SOF-72X38","seating","SA-OCE-S-72-FRAME","FRAME","1","export"
"FIN-OCN-SOF-72X38-BO-N","OCN-SOF-72X38","seating","SA-OCE-S-72-CUSH","CUSH","1","export"
"FIN-OCN-SOF-72X38-BO-Y","OCN-SOF-72X38","seating","SA-OCE-S-72-FRAME","FRAME","1","export"
"FIN-OCN-SOF-72X38-BO-Y","OCN-SOF-72X38","seating","SA-OCE-S-72-CUSH","CUSH","1","export"
"FIN-OCN-SOF-72X38-BR-N","OCN-SOF-72X38","seating","SA-OCE-S-72-FRAME","FRAME","1","export"
"FIN-OCN-SOF-72X38-BR-N","OCN-SOF-72X38","seating","SA-OCE-S-72-CUSH","CUSH","1","export"
"FIN-OCN-SOF-72X38-BR-Y","OCN-SOF-72X38","seating","SA-OCE-S-72-FRAME","FRAME","1","export"
"FIN-OCN-SOF-72X38-BR-Y","OCN-SOF-72X38","seating","SA-OCE-S-72-CUSH","CUSH","1","export"
"FIN-OCN-SOF-72X38-GR-N","OCN-SOF-72X38","seating","SA-OCE-S-72-FRAME","FRAME","1","export"
"FIN-OCN-SOF-72X38-GR-N","OCN-SOF-72X38","seating","SA-OCE-S-72-CUSH","CUSH","1","export"
"FIN-OCN-SOF-72X38-GR-Y","OCN-SOF-72X38","seating","SA-OCE-S-72-FRAME","FRAME","1","export"
"FIN-OCN-SOF-72X38-GR-Y","OCN-SOF-72X38","seating","SA-OCE-S-72-CUSH","CUSH","1","export"
"FIN-OCN-SOF-72X38-WH-N","OCN-SOF-72X38","seating","SA-OCE-S-72-FRAME","FRAME","1","export"
"FIN-OCN-SOF-72X38-WH-N","OCN-SOF-72X38","seating","SA-OCE-S-72-CUSH","CUSH","1","export"
"FIN-OCN-SOF-72X38-WH-Y","OCN-SOF-72X38","seating","SA-OCE-S-72-FRAME","FRAME","1","export"
"FIN-OCN-SOF-72X38-WH-Y","OCN-SOF-72X38","seating","SA-OCE-S-72-CUSH","CUSH","1","export"
"FIN-OCN-SOF-84X38","OCN-SOF-84X38","seating","SA-OCE-S-84-FRAME","FRAME","1","export"
"FIN-OCN-SOF-84X38","OCN-SOF-84X38","seating","SA-OCE-S-84-CUSH","CUSH","1","export"
"FIN-OCN-SOF-84X38-BE-N","OCN-SOF-84X38","seating","SA-OCE-S-84-FRAME","FRAME","1","export"
"FIN-OCN-SOF-84X38-BE-N","OCN-SOF-84X38","seating","SA-OCE-S-84-CUSH","CUSH","1","export"
"FIN-OCN-SOF-84X38-BE-Y","OCN-SOF-84X38","seating","SA-OCE-S-84-FRAME","FRAME","1","export"
"FIN-OCN-SOF-84X38-BE-Y","OCN-SOF-84X38","seating","SA-OCE-S-84-CUSH","CUSH","1","export"
"FIN-OCN-SOF-84X38-BL-Y","OCN-SOF-84X38","seating","SA-OCE-S-84-FRAME","FRAME","1","export"
"FIN-OCN-SOF-84X38-BL-Y","OCN-SOF-84X38","seating","SA-OCE-S-84-CUSH","CUSH","1","export"
"FIN-OCN-SOF-84X38-BO-N","OCN-SOF-84X38","seating","SA-OCE-S-84-FRAME","FRAME","1","export"
"FIN-OCN-SOF-84X38-BO-N","OCN-SOF-84X38","seating","SA-OCE-S-84-CUSH","CUSH","1","export"
"FIN-OCN-SOF-84X38-BO-Y","OCN-SOF-84X38","seating","SA-OCE-S-84-FRAME","FRAME","1","export"
"FIN-OCN-SOF-84X38-BO-Y","OCN-SOF-84X38","seating","SA-OCE-S-84-CUSH","CUSH","1","export"
"FIN-OCN-SOF-84X38-BR-N","OCN-SOF-84X38","seating","SA-OCE-S-84-FRAME","FRAME","1","export"
"FIN-OCN-SOF-84X38-BR-N","OCN-SOF-84X38","seating","SA-OCE-S-84-CUSH","CUSH","1","export"
"FIN-OCN-SOF-84X38-BR-Y","OCN-SOF-84X38","seating","SA-OCE-S-84-FRAME","FRAME","1","export"
"FIN-OCN-SOF-84X38-BR-Y","OCN-SOF-84X38","seating","SA-OCE-S-84-CUSH","CUSH","1","export"
"FIN-OCN-SOF-84X38-GR-N","OCN-SOF-84X38","seating","SA-OCE-S-84-FRAME","FRAME","1","export"
"FIN-OCN-SOF-84X38-GR-N","OCN-SOF-84X38","seating","SA-OCE-S-84-CUSH","CUSH","1","export"
"FIN-OCN-SOF-84X38-GR-Y","OCN-SOF-84X38","seating","SA-OCE-S-84-FRAME","FRAME","1","export"
"FIN-OCN-SOF-84X38-GR-Y","OCN-SOF-84X38","seating","SA-OCE-S-84-CUSH","CUSH","1","export"
"FIN-OCN-SOF-84X38-WH-N","OCN-SOF-84X38","seating","SA-OCE-S-84-FRAME","FRAME","1","export"
"FIN-OCN-SOF-84X38-WH-N","OCN-SOF-84X38","seating","SA-OCE-S-84-CUSH","CUSH","1","export"
"FIN-OCN-SOF-84X38-WH-Y","OCN-SOF-84X38","seating","SA-OCE-S-84-FRAME","FRAME","1","export"
"FIN-OCN-SOF-84X38-WH-Y","OCN-SOF-84X38","seating","SA-OCE-S-84-CUSH","CUSH","1","export"
"FIN-OCN-SOF-96X38","OCN-SOF-96X38","seating","SA-OCE-S-96-FRAME","FRAME","1","export"
"FIN-OCN-SOF-96X38","OCN-SOF-96X38","seating","SA-OCE-S-96-CUSH","CUSH","1","export"
"FIN-OCN-SOF-96X38-BE-N","OCN-SOF-96X38","seating","SA-OCE-S-96-FRAME","FRAME","1","export"
"FIN-OCN-SOF-96X38-BE-N","OCN-SOF-96X38","seating","SA-OCE-S-96-CUSH","CUSH","1","export"
"FIN-OCN-SOF-96X38-BE-Y","OCN-SOF-96X38","seating","SA-OCE-S-96-FRAME","FRAME","1","export"
"FIN-OCN-SOF-96X38-BE-Y","OCN-SOF-96X38","seating","SA-OCE-S-96-CUSH","CUSH","1","export"
"FIN-OCN-SOF-96X38-BL-Y","OCN-SOF-96X38","seating","SA-OCE-S-96-FRAME","FRAME","1","export"
"FIN-OCN-SOF-96X38-BL-Y","OCN-SOF-96X38","seating","SA-OCE-S-96-CUSH","CUSH","1","export"
"FIN-OCN-SOF-96X38-BO-N","OCN-SOF-96X38","seating","SA-OCE-S-96-FRAME","FRAME","1","export"
"FIN-OCN-SOF-96X38-BO-N","OCN-SOF-96X38","seating","SA-OCE-S-96-CUSH","CUSH","1","export"
"FIN-OCN-SOF-96X38-BO-Y","OCN-SOF-96X38","seating","SA-OCE-S-96-FRAME","FRAME","1","export"
"FIN-OCN-SOF-96X38-BO-Y","OCN-SOF-96X38","seating","SA-OCE-S-96-CUSH","CUSH","1","export"
"FIN-OCN-SOF-96X38-BR-N","OCN-SOF-96X38","seating","SA-OCE-S-96-FRAME","FRAME","1","export"
"FIN-OCN-SOF-96X38-BR-N","OCN-SOF-96X38","seating","SA-OCE-S-96-CUSH","CUSH","1","export"
"FIN-OCN-SOF-96X38-BR-Y","OCN-SOF-96X38","seating","SA-OCE-S-96-FRAME","FRAME","1","export"
"FIN-OCN-SOF-96X38-BR-Y","OCN-SOF-96X38","seating","SA-OCE-S-96-CUSH","CUSH","1","export"
"FIN-OCN-SOF-96X38-GR-N","OCN-SOF-96X38","seating","SA-OCE-S-96-FRAME","FRAME","1","export"
"FIN-OCN-SOF-96X38-GR-N","OCN-SOF-96X38","seating","SA-OCE-S-96-CUSH","CUSH","1","export"
"FIN-OCN-SOF-96X38-GR-Y","OCN-SOF-96X38","seating","SA-OCE-S-96-FRAME","FRAME","1","export"
"FIN-OCN-SOF-96X38-GR-Y","OCN-SOF-96X38","seating","SA-OCE-S-96-CUSH","CUSH","1","export"
"FIN-OCN-SOF-96X38-WH-N","OCN-SOF-96X38","seating","SA-OCE-S-96-FRAME","FRAME","1","export"
"FIN-OCN-SOF-96X38-WH-N","OCN-SOF-96X38","seating","SA-OCE-S-96-CUSH","CUSH","1","export"
"FIN-OCN-SOF-96X38-WH-Y","OCN-SOF-96X38","seating","SA-OCE-S-96-FRAME","FRAME","1","export"
"FIN-OCN-SOF-96X38-WH-Y","OCN-SOF-96X38","seating","SA-OCE-S-96-CUSH","CUSH","1","export"
"FIN-OCN-SWV-CHA","OCN-SWV-CHA-34X38","seating","ASM-OCN-SWV-CHA-34X38-FRAME","FRAME","1","export"
"FIN-OCN-SWV-CHA","OCN-SWV-CHA-34X38","seating","ASM-OCN-SWV-CHA-34X38-CUSH","CUSH","1","export"
"FIN-OCN-SWV-CHA-34X34","OCN-SWV-CHA-34X34","seating","SA-OCN-SWV-CHA-34X34-FRAME","FRAME","1","export"
"FIN-OCN-SWV-CHA-34X34","OCN-SWV-CHA-34X34","seating","SA-OCN-SWV-CHA-34X34-CUSH","CUSH","1","export"
"FIN-OCN-SWV-CHA-34X38","OCN-SWV-CHA-34X38","seating","ASM-OCN-SWV-CHA-34X38-FRAME","FRAME","1","export"
"FIN-OCN-SWV-CHA-34X38","OCN-SWV-CHA-34X38","seating","ASM-OCN-SWV-CHA-34X38-CUSH","CUSH","1","export"
"FIN-OCN-SWV-CHA-34X38-SWIVELCHAIR","","seating","ASM-OCN-SWV-CHA-34X38-FRAME","FRAME","1","export"
"FIN-OCN-SWV-CHA-34X38-SWIVELCHAIR","","seating","ASM-OCN-SWV-CHA-34X38-CUSH","CUSH","1","export"
"FIN-OCN-SWV-CHA-BE-N","OCN-SWV-CHA-34X38","seating","ASM-OCN-SWV-CHA-34X38-FRAME","FRAME","1","export"
"FIN-OCN-SWV-CHA-BE-N","OCN-SWV-CHA-34X38","seating","ASM-OCN-SWV-CHA-34X38-CUSH","CUSH","1","export"
"FIN-OCN-SWV-CHA-BE-Y","OCN-SWV-CHA-34X38","seating","ASM-OCN-SWV-CHA-34X38-FRAME","FRAME","1","export"
"FIN-OCN-SWV-CHA-BE-Y","OCN-SWV-CHA-34X38","seating","ASM-OCN-SWV-CHA-34X38-CUSH","CUSH","1","export"
"FIN-OCN-SWV-CHA-BL-N","OCN-SWV-CHA-34X38","seating","ASM-OCN-SWV-CHA-34X38-FRAME","FRAME","1","export"
"FIN-OCN-SWV-CHA-BL-N","OCN-SWV-CHA-34X38","seating","ASM-OCN-SWV-CHA-34X38-CUSH","CUSH","1","export"
"FIN-OCN-SWV-CHA-BO-N","OCN-SWV-CHA-34X38","seating","ASM-OCN-SWV-CHA-34X38-FRAME","FRAME","1","export"
"FIN-OCN-SWV-CHA-BO-N","OCN-SWV-CHA-34X38","seating","ASM-OCN-SWV-CHA-34X38-CUSH","CUSH","1","export"
"FIN-OCN-SWV-CHA-BO-Y","OCN-SWV-CHA-34X38","seating","ASM-OCN-SWV-CHA-34X38-FRAME","FRAME","1","export"
"FIN-OCN-SWV-CHA-BO-Y","OCN-SWV-CHA-34X38","seating","ASM-OCN-SWV-CHA-34X38-CUSH","CUSH","1","export"
"FIN-OCN-SWV-CHA-BR-N","OCN-SWV-CHA-34X38","seating","ASM-OCN-SWV-CHA-34X38-FRAME","FRAME","1","export"
"FIN-OCN-SWV-CHA-BR-N","OCN-SWV-CHA-34X38","seating","ASM-OCN-SWV-CHA-34X38-CUSH","CUSH","1","export"
"FIN-OCN-SWV-CHA-BR-Y","OCN-SWV-CHA-34X38","seating","ASM-OCN-SWV-CHA-34X38-FRAME","FRAME","1","export"
"FIN-OCN-SWV-CHA-BR-Y","OCN-SWV-CHA-34X38","seating","ASM-OCN-SWV-CHA-34X38-CUSH","CUSH","1","export"
"FIN-OCN-SWV-CHA-GR-N","OCN-SWV-CHA-34X38","seating","ASM-OCN-SWV-CHA-34X38-FRAME","FRAME","1","export"
"FIN-OCN-SWV-CHA-GR-N","OCN-SWV-CHA-34X38","seating","ASM-OCN-SWV-CHA-34X38-CUSH","CUSH","1","export"
"FIN-OCN-SWV-CHA-GR-Y","OCN-SWV-CHA-34X38","seating","ASM-OCN-SWV-CHA-34X38-FRAME","FRAME","1","export"
"FIN-OCN-SWV-CHA-GR-Y","OCN-SWV-CHA-34X38","seating","ASM-OCN-SWV-CHA-34X38-CUSH","CUSH","1","export"
"FIN-OCN-SWV-CHA-WH-N","OCN-SWV-CHA-34X38","seating","ASM-OCN-SWV-CHA-34X38-FRAME","FRAME","1","export"
"FIN-OCN-SWV-CHA-WH-N","OCN-SWV-CHA-34X38","seating","ASM-OCN-SWV-CHA-34X38-CUSH","CUSH","1","export"
"FIN-OCN-SWV-CHA-WH-Y","OCN-SWV-CHA-34X38","seating","ASM-OCN-SWV-CHA-34X38-FRAME","FRAME","1","export"
"FIN-OCN-SWV-CHA-WH-Y","OCN-SWV-CHA-34X38","seating","ASM-OCN-SWV-CHA-34X38-CUSH","CUSH","1","export"
"FIN-OCN-TAB-13X30","OCN-TAB-13X30","table","ASM-OCN-TAB-13X30-FRAME","FRAME","1","export"
"FIN-OCN-TAB-34X12","OCN-TAB-34X12","table","ASM-OCN-TAB-34X12-FRAME","FRAME","1","export"
"FIN-OCN-TAB-34X12-FLYTABLE","","table","ASM-OCN-TAB-34X12-FRAME","FRAME","1","export"
"FIN-OCN-TAB-72X12","OCN-TAB-72X12","table","ASM-OCN-TAB-72X12-FRAME","FRAME","1","export"
"FIN-OCN-TAB-84X12","OCN-TAB-84X12","table","ASM-OCN-TAB-84X12-FRAME","FRAME","1","export"
"FIN-OCN-TAB-96X12","OCN-TAB-96X12","table","ASM-OCN-TAB-96X12-FRAME","FRAME","1","export"
"FIN-STA-BAR-TAB-36X36","STA-BAR-TAB-36X36","table","ASM-STA-BAR-TAB-36X36-FRAME","FRAME","1","export"
"FIN-STA-BAR-TAB-42X42","STA-BAR-TAB-42X42","table","ASM-STA-BAR-TAB-42X42-FRAME","FRAME","1","export"
"FIN-STA-BAR-TAB-72X36","STA-BAR-TAB-72X36","table","ASM-STA-BAR-TAB-72X36-FRAME","FRAME","1","export"
"FIN-STA-CNT-TAB-36X36","STA-CNT-TAB-36X36","table","ASM-STA-CNT-TAB-36X36-FRAME","FRAME","1","export"
"FIN-STA-CNT-TAB-36X36","STA-CNT-TAB-36X36","table","RM-DKT-GENERIC-SLAB","DKT","1","export"
"FIN-STA-CNT-TAB-42X42","STA-CNT-TAB-42X42","table","ASM-STA-CNT-TAB-42X42-FRAME","FRAME","1","export"
"FIN-STA-CNT-TAB-42X42","STA-CNT-TAB-42X42","table","RM-DKT-GENERIC-SLAB","DKT","1","export"
"FIN-STA-CNT-TAB-72X36","STA-CNT-TAB-72X36","table","ASM-STA-CNT-TAB-72X36-FRAME","FRAME","1","export"
"FIN-STA-CNT-TAB-72X36","STA-CNT-TAB-72X36","table","RM-DKT-GENERIC-SLAB","DKT","1","export"
"FIN-STA-DIN-TAB-36X36","STA-DIN-TAB-36X36","table","ASM-STA-DIN-TAB-36X36-FRAME","FRAME","1","export"
"FIN-STA-DIN-TAB-36X36","STA-DIN-TAB-36X36","table","RM-DKT-GENERIC-SLAB","DKT","1","export"
"FIN-STA-DIN-TAB-42X42","STA-DIN-TAB-42X42","table","ASM-STA-DIN-TAB-42X42-FRAME","FRAME","1","export"
"FIN-STA-DIN-TAB-42X42","STA-DIN-TAB-42X42","table","RM-DKT-GENERIC-SLAB","DKT","1","export"
"FIN-STA-DIN-TAB-72X36","STA-DIN-TAB-72X36","table","ASM-STA-DIN-TAB-72X36-FRAME","FRAME","1","export"
"FIN-STA-DIN-TAB-72X36","STA-DIN-TAB-72X36","table","RM-DKT-GENERIC-SLAB","DKT","1","export"
"FIN-TAY-BAR-W-ARM-COU-HEI","","seating","","","","no_live_target"
"FIN-TAY-BCH-24X23","TAY-BCH-24X23","seating","ASM-TAY-BCH-24X23-FRAME","FRAME","1","export"
"FIN-TAY-BCH-24X23","TAY-BCH-24X23","seating","ASM-TAY-BCH-24X23-CUSH","CUSH","1","export"
"FIN-TAY-BCH-42X23","TAY-BCH-42X23","seating","ASM-TAY-BCH-42X23-FRAME","FRAME","1","export"
"FIN-TAY-BCH-42X23","TAY-BCH-42X23","seating","ASM-TAY-BCH-42X23-CUSH","CUSH","1","export"
"FIN-TAY-BCH-42X23-BENCHDINING","","seating","ASM-TAY-BCH-42X23-FRAME","FRAME","1","export"
"FIN-TAY-BCH-42X23-BENCHDINING","","seating","ASM-TAY-BCH-42X23-CUSH","CUSH","1","export"
"FIN-TAY-BCH-72X23","TAY-BCH-72X23","seating","ASM-TAY-BCH-72X23-FRAME","FRAME","1","export"
"FIN-TAY-BCH-72X23","TAY-BCH-72X23","seating","ASM-TAY-BCH-72X23-CUSH","CUSH","1","export"
"FIN-TAY-BCH-72X23-BENCHCOUNTER","","seating","ASM-TAY-BCH-72X23-FRAME","FRAME","1","export"
"FIN-TAY-BCH-72X23-BENCHCOUNTER","","seating","ASM-TAY-BCH-72X23-CUSH","CUSH","1","export"
"FIN-TAY-BCH-72X23-BENCHDINING","","seating","ASM-TAY-BCH-72X23-FRAME","FRAME","1","export"
"FIN-TAY-BCH-72X23-BENCHDINING","","seating","ASM-TAY-BCH-72X23-CUSH","CUSH","1","export"
"FIN-TAY-BEN-BAR-HEI-72","TAY-BEN-BAR-HEI-72","seating","ASM-TAY-BEN-BAR-HEI-72-FRAME","FRAME","1","export"
"FIN-TAY-BEN-BAR-HEI-72","TAY-BEN-BAR-HEI-72","seating","ASM-TAY-BEN-BAR-HEI-72-CUSH","CUSH","1","export"
"FIN-TAY-BEN-DIN-HEI-42","TAY-BEN-DIN-HEI-42","table","ASM-TAY-BEN-DIN-HEI-42-FRAME","FRAME","1","export"
"FIN-TAY-BEN-DIN-HEI-42","TAY-BEN-DIN-HEI-42","table","RM-DKT-GENERIC-SLAB","DKT","1","export"
"FIN-TAY-BEN-DIN-HEI-72","TAY-BEN-DIN-HEI-72","table","ASM-TAY-BEN-DIN-HEI-72-FRAME","FRAME","1","export"
"FIN-TAY-BEN-DIN-HEI-72","TAY-BEN-DIN-HEI-72","table","RM-DKT-GENERIC-SLAB","DKT","1","export"
"FIN-TAY-BST-18X23","TAY-BST-18X23","seating","ASM-TAY-BST-18X23-FRAME","FRAME","1","export"
"FIN-TAY-BST-18X23","TAY-BST-18X23","seating","ASM-TAY-BST-18X23-CUSH","CUSH","1","export"
"FIN-TAY-BST-19X23","TAY-BST-19X23","seating","ASM-TAY-BST-19X23-FRAME","FRAME","1","export"
"FIN-TAY-BST-19X23","TAY-BST-19X23","seating","ASM-TAY-BST-19X23-CUSH","CUSH","1","export"
"FIN-TAY-BST-19X23-BARSTOOLCOUNTE","","seating","ASM-TAY-BST-19X23-FRAME","FRAME","1","export"
"FIN-TAY-BST-19X23-BARSTOOLCOUNTE","","seating","ASM-TAY-BST-19X23-CUSH","CUSH","1","export"
"FIN-TAY-BST-24X23","TAY-BST-24X23","seating","ASM-TAY-BST-24X23-FRAME","FRAME","1","export"
"FIN-TAY-BST-24X23","TAY-BST-24X23","seating","ASM-TAY-BST-24X23-CUSH","CUSH","1","export"
"FIN-TAY-BST-24X23-BARSTOOLARMS","","seating","ASM-TAY-BST-24X23-FRAME","FRAME","1","export"
"FIN-TAY-BST-24X23-BARSTOOLARMS","","seating","ASM-TAY-BST-24X23-CUSH","CUSH","1","export"
"FIN-TAY-DIN-CHA-19X23","TAY-DIN-CHA-19X23","table","ASM-TAY-DIN-CHA-19X23-FRAME","FRAME","1","export"
"FIN-TAY-DIN-CHA-19X23","TAY-DIN-CHA-19X23","table","RM-DKT-GENERIC-SLAB","DKT","1","export"
"FIN-TAY-DIN-CHA-24X23","TAY-DIN-CHA-24X23","table","ASM-TAY-DIN-CHA-24X23-FRAME","FRAME","1","export"
"FIN-TAY-DIN-CHA-24X23","TAY-DIN-CHA-24X23","table","RM-DKT-GENERIC-SLAB","DKT","1","export"
"FIN-TJM-CHA","","seating","","","","no_live_target"
"FIN-TJM-CHA-MIBSTERCHAIR","","seating","","","","no_live_target"
"FIN-TJM-CHA-MOONCHAIR","","seating","","","","no_live_target"
"FIN-TJM-MIS","","seating","","","","no_live_target"
"FIN-TJM-MIS-12X17","TJM-MIS-12X17","seating","","","","no_live_target"
"FIN-TJM-MIS-13","TJM-MIS-13","seating","","","","no_live_target"
"FIN-TJM-MIS-LAYLOLOUNGER","","seating","","","","no_live_target"
"FIN-TJM-MIS-ONECOATED","","seating","","","","no_live_target"
"FIN-TJM-MIS-PILLOWLOUNGERS","","seating","","","","no_live_target"
"FIN-TJM-MIS-TWOCOATED","","seating","","","","no_live_target"
"FIN-TJM-MIS-TWOSHAYZ","","seating","","","","no_live_target"
"FIN-TJM-MIS-TWOSHAYZ2","","seating","","","","no_live_target"
"FIN-TJM-MIS-TWOWOOSAH","","seating","","","","no_live_target"
"FIN-TJM-TAB","","table","","","","no_live_target"
"FIN-TRI-SID-TAB-32X32","TRI-SID-TAB-32X32","table","ASM-TRI-SID-TAB-32X32-FRAME","FRAME","1","export"
"FIN-WFT-BAR-TAB-120X28","WFT-BAR-TAB-120X28","table","ASM-WFT-BAR-TAB-120X28-FRAME","FRAME","1","export"
"FIN-WFT-BAR-TAB-120X36","WFT-BAR-TAB-120X36","table","ASM-WFT-BAR-TAB-120X36-FRAME","FRAME","1","export"
"FIN-WFT-BAR-TAB-28X120","WFT-BAR-TAB-28X120","table","ASM-WFT-BAR-TAB-28X120-FRAME","FRAME","1","export"
"FIN-WFT-BAR-TAB-28X72","WFT-BAR-TAB-28X72","table","ASM-WFT-BAR-TAB-28X72-FRAME","FRAME","1","export"
"FIN-WFT-BAR-TAB-28X96","WFT-BAR-TAB-28X96","table","ASM-WFT-BAR-TAB-28X96-FRAME","FRAME","1","export"
"FIN-WFT-BAR-TAB-36X120","WFT-BAR-TAB-36X120","table","ASM-WFT-BAR-TAB-36X120-FRAME","FRAME","1","export"
"FIN-WFT-BAR-TAB-36X72","WFT-BAR-TAB-36X72","table","ASM-WFT-BAR-TAB-36X72-FRAME","FRAME","1","export"
"FIN-WFT-BAR-TAB-36X96","WFT-BAR-TAB-36X96","table","ASM-WFT-BAR-TAB-36X96-FRAME","FRAME","1","export"
"FIN-WFT-BAR-TAB-72X28","WFT-BAR-TAB-72X28","table","ASM-WFT-BAR-TAB-72X28-FRAME","FRAME","1","export"
"FIN-WFT-BAR-TAB-72X36","WFT-BAR-TAB-72X36","table","ASM-WFT-BAR-TAB-72X36-FRAME","FRAME","1","export"
"FIN-WFT-BAR-TAB-96X28","WFT-BAR-TAB-96X28","table","ASM-WFT-BAR-TAB-96X28-FRAME","FRAME","1","export"
"FIN-WFT-BAR-TAB-96X36","WFT-BAR-TAB-96X36","table","ASM-WFT-BAR-TAB-96X36-FRAME","FRAME","1","export"
"FIN-WFT-BCH-42X18","WFT-BCH-42X18","seating","ASM-WFT-BCH-42X18-FRAME","FRAME","1","export"
"FIN-WFT-BCH-42X18","WFT-BCH-42X18","seating","ASM-WFT-BCH-42X18-CUSH","CUSH","1","export"
"FIN-WFT-BCH-42X18-FLYLEG","","seating","ASM-WFT-BCH-42X18-FRAME","FRAME","1","export"
"FIN-WFT-BCH-42X18-FLYLEG","","seating","ASM-WFT-BCH-42X18-CUSH","CUSH","1","export"
"FIN-WFT-BCH-42X18-FLYLEG2","","seating","ASM-WFT-BCH-42X18-FRAME","FRAME","1","export"
"FIN-WFT-BCH-42X18-FLYLEG2","","seating","ASM-WFT-BCH-42X18-CUSH","CUSH","1","export"
"FIN-WFT-CNT-TAB-120X28","WFT-CNT-TAB-120X28","table","ASM-WFT-CNT-TAB-120X28-FRAME","FRAME","1","export"
"FIN-WFT-CNT-TAB-120X28","WFT-CNT-TAB-120X28","table","RM-DKT-GENERIC-SLAB","DKT","1","export"
"FIN-WFT-CNT-TAB-120X36","WFT-CNT-TAB-120X36","table","ASM-WFT-CNT-TAB-120X36-FRAME","FRAME","1","export"
"FIN-WFT-CNT-TAB-120X36","WFT-CNT-TAB-120X36","table","RM-DKT-GENERIC-SLAB","DKT","1","export"
"FIN-WFT-CNT-TAB-28X120","WFT-CNT-TAB-28X120","table","ASM-WFT-CNT-TAB-28X120-FRAME","FRAME","1","export"
"FIN-WFT-CNT-TAB-28X120","WFT-CNT-TAB-28X120","table","RM-DKT-GENERIC-SLAB","DKT","1","export"
"FIN-WFT-CNT-TAB-28X72","WFT-CNT-TAB-28X72","table","ASM-WFT-CNT-TAB-28X72-FRAME","FRAME","1","export"
"FIN-WFT-CNT-TAB-28X72","WFT-CNT-TAB-28X72","table","RM-DKT-GENERIC-SLAB","DKT","1","export"
"FIN-WFT-CNT-TAB-28X96","WFT-CNT-TAB-28X96","table","ASM-WFT-CNT-TAB-28X96-FRAME","FRAME","1","export"
"FIN-WFT-CNT-TAB-28X96","WFT-CNT-TAB-28X96","table","RM-DKT-GENERIC-SLAB","DKT","1","export"
"FIN-WFT-CNT-TAB-36X120","WFT-CNT-TAB-36X120","table","ASM-WFT-CNT-TAB-36X120-FRAME","FRAME","1","export"
"FIN-WFT-CNT-TAB-36X120","WFT-CNT-TAB-36X120","table","RM-DKT-GENERIC-SLAB","DKT","1","export"
"FIN-WFT-CNT-TAB-36X72","WFT-CNT-TAB-36X72","table","ASM-WFT-CNT-TAB-36X72-FRAME","FRAME","1","export"
"FIN-WFT-CNT-TAB-36X72","WFT-CNT-TAB-36X72","table","RM-DKT-GENERIC-SLAB","DKT","1","export"
"FIN-WFT-CNT-TAB-36X96","WFT-CNT-TAB-36X96","table","ASM-WFT-CNT-TAB-36X96-FRAME","FRAME","1","export"
"FIN-WFT-CNT-TAB-36X96","WFT-CNT-TAB-36X96","table","RM-DKT-GENERIC-SLAB","DKT","1","export"
"FIN-WFT-CNT-TAB-72X28","WFT-CNT-TAB-72X28","table","ASM-WFT-CNT-TAB-72X28-FRAME","FRAME","1","export"
"FIN-WFT-CNT-TAB-72X28","WFT-CNT-TAB-72X28","table","RM-DKT-GENERIC-SLAB","DKT","1","export"
"FIN-WFT-CNT-TAB-72X36","WFT-CNT-TAB-72X36","table","ASM-WFT-CNT-TAB-72X36-FRAME","FRAME","1","export"
"FIN-WFT-CNT-TAB-72X36","WFT-CNT-TAB-72X36","table","RM-DKT-GENERIC-SLAB","DKT","1","export"
"FIN-WFT-CNT-TAB-96X28","WFT-CNT-TAB-96X28","table","ASM-WFT-CNT-TAB-96X28-FRAME","FRAME","1","export"
"FIN-WFT-CNT-TAB-96X28","WFT-CNT-TAB-96X28","table","RM-DKT-GENERIC-SLAB","DKT","1","export"
"FIN-WFT-CNT-TAB-96X36","WFT-CNT-TAB-96X36","table","ASM-WFT-CNT-TAB-96X36-FRAME","FRAME","1","export"
"FIN-WFT-CNT-TAB-96X36","WFT-CNT-TAB-96X36","table","RM-DKT-GENERIC-SLAB","DKT","1","export"
"FIN-WFT-DIN-BCH-72X22","WFT-DIN-BCH-72X22","table","ASM-WFT-DIN-BCH-72X22-FRAME","FRAME","1","export"
"FIN-WFT-DIN-BCH-72X22","WFT-DIN-BCH-72X22","table","RM-DKT-GENERIC-SLAB","DKT","1","export"
"FIN-WFT-DIN-BCH-96X22","WFT-DIN-BCH-96X22","table","ASM-WFT-DIN-BCH-96X22-FRAME","FRAME","1","export"
"FIN-WFT-DIN-BCH-96X22","WFT-DIN-BCH-96X22","table","RM-DKT-GENERIC-SLAB","DKT","1","export"
"FIN-WFT-DIN-CHA-17X21","WFT-DIN-CHA-17X21","table","ASM-WFT-DIN-CHA-17X21-FRAME","FRAME","1","export"
"FIN-WFT-DIN-CHA-17X21","WFT-DIN-CHA-17X21","table","RM-DKT-GENERIC-SLAB","DKT","1","export"
"FIN-WFT-DIN-CHA-18X18","WFT-DIN-CHA-18X18","table","ASM-WFT-DIN-CHA-18X18-FRAME","FRAME","1","export"
"FIN-WFT-DIN-CHA-18X18","WFT-DIN-CHA-18X18","table","RM-DKT-GENERIC-SLAB","DKT","1","export"
"FIN-WFT-DIN-TAB-120X28","WFT-DIN-TAB-120X28","table","ASM-WFT-DIN-TAB-120X28-FRAME","FRAME","1","export"
"FIN-WFT-DIN-TAB-120X28","WFT-DIN-TAB-120X28","table","RM-DKT-GENERIC-SLAB","DKT","1","export"
"FIN-WFT-DIN-TAB-120X36","WFT-DIN-TAB-120X36","table","ASM-WFT-DIN-TAB-120X36-FRAME","FRAME","1","export"
"FIN-WFT-DIN-TAB-120X36","WFT-DIN-TAB-120X36","table","RM-DKT-GENERIC-SLAB","DKT","1","export"
"FIN-WFT-DIN-TAB-28X120","WFT-DIN-TAB-28X120","table","ASM-WFT-DIN-TAB-28X120-FRAME","FRAME","1","export"
"FIN-WFT-DIN-TAB-28X120","WFT-DIN-TAB-28X120","table","RM-DKT-GENERIC-SLAB","DKT","1","export"
"FIN-WFT-DIN-TAB-28X72","WFT-DIN-TAB-28X72","table","ASM-WFT-DIN-TAB-28X72-FRAME","FRAME","1","export"
"FIN-WFT-DIN-TAB-28X72","WFT-DIN-TAB-28X72","table","RM-DKT-GENERIC-SLAB","DKT","1","export"
"FIN-WFT-DIN-TAB-28X96","WFT-DIN-TAB-28X96","table","ASM-WFT-DIN-TAB-28X96-FRAME","FRAME","1","export"
"FIN-WFT-DIN-TAB-28X96","WFT-DIN-TAB-28X96","table","RM-DKT-GENERIC-SLAB","DKT","1","export"
"FIN-WFT-DIN-TAB-36X120","WFT-DIN-TAB-36X120","table","ASM-WFT-DIN-TAB-36X120-FRAME","FRAME","1","export"
"FIN-WFT-DIN-TAB-36X120","WFT-DIN-TAB-36X120","table","RM-DKT-GENERIC-SLAB","DKT","1","export"
"FIN-WFT-DIN-TAB-36X72","WFT-DIN-TAB-36X72","table","ASM-WFT-DIN-TAB-36X72-FRAME","FRAME","1","export"
"FIN-WFT-DIN-TAB-36X72","WFT-DIN-TAB-36X72","table","RM-DKT-GENERIC-SLAB","DKT","1","export"
"FIN-WFT-DIN-TAB-36X96","WFT-DIN-TAB-36X96","table","ASM-WFT-DIN-TAB-36X96-FRAME","FRAME","1","export"
"FIN-WFT-DIN-TAB-36X96","WFT-DIN-TAB-36X96","table","RM-DKT-GENERIC-SLAB","DKT","1","export"
"FIN-WFT-DIN-TAB-72X28","WFT-DIN-TAB-72X28","table","RM-DKT-GENERIC-SLAB","DKT","1","export_partial"
"FIN-WFT-DIN-TAB-72X36","WFT-DIN-TAB-72X36","table","ASM-WFT-DIN-TAB-72X36-FRAME","FRAME","1","export"
"FIN-WFT-DIN-TAB-72X36","WFT-DIN-TAB-72X36","table","RM-DKT-GENERIC-SLAB","DKT","1","export"
"FIN-WFT-DIN-TAB-96X28","WFT-DIN-TAB-96X28","table","ASM-WFT-DIN-TAB-96X28-FRAME","FRAME","1","export"
"FIN-WFT-DIN-TAB-96X28","WFT-DIN-TAB-96X28","table","RM-DKT-GENERIC-SLAB","DKT","1","export"
"FIN-WFT-DIN-TAB-96X36","WFT-DIN-TAB-96X36","table","ASM-WFT-DIN-TAB-96X36-FRAME","FRAME","1","export"
"FIN-WFT-DIN-TAB-96X36","WFT-DIN-TAB-96X36","table","RM-DKT-GENERIC-SLAB","DKT","1","export"
"FIN-WFT-FIR-TAB-56X36","WFT-FIR-TAB-56X36","table","ASM-WFT-FIR-TAB-56X36-FRAME","FRAME","1","export"
"FIN-WFT-FIR-TAB-56X36","WFT-FIR-TAB-56X36","table","RM-DKT-GENERIC-SLAB","DKT","1","export"
"FIN-WFT-FIR-TAB-56X36-CUBEFIRE","","table","ASM-WFT-FIR-TAB-56X36-FRAME","FRAME","1","export"
"FIN-WFT-FIR-TAB-56X36-CUBEFIRE","","table","RM-DKT-GENERIC-SLAB","DKT","1","export"
"FIN-WFT-FIR-TAB-72X36","WFT-FIR-TAB-72X36","table","ASM-WFT-FIR-TAB-72X36-FRAME","FRAME","1","export"
"FIN-WFT-FIR-TAB-72X36","WFT-FIR-TAB-72X36","table","RM-DKT-GENERIC-SLAB","DKT","1","export"
"FIN-WFT-FIR-TAB-72X36-CUBEFIRE","","table","ASM-WFT-FIR-TAB-72X36-FRAME","FRAME","1","export"
"FIN-WFT-FIR-TAB-72X36-CUBEFIRE","","table","RM-DKT-GENERIC-SLAB","DKT","1","export"
"FIN-WFT-FLY-BST-17X21","WFT-FLY-BST-17X21","seating","ASM-WFT-FLY-BST-17X21-FRAME","FRAME","1","export"
"FIN-WFT-FLY-BST-17X21","WFT-FLY-BST-17X21","seating","ASM-WFT-FLY-BST-17X21-CUSH","CUSH","1","export"
"FIN-WFT-FLY-BST-17X21-HALFBACK","","seating","ASM-WFT-FLY-BST-17X21-FRAME","FRAME","1","export"
"FIN-WFT-FLY-BST-17X21-HALFBACK","","seating","ASM-WFT-FLY-BST-17X21-CUSH","CUSH","1","export"
"FIN-WFT-FLY-BST-18X18","WFT-FLY-BST-18X18","seating","ASM-WFT-FLY-BST-18X18-FRAME","FRAME","1","export"
"FIN-WFT-FLY-BST-18X18","WFT-FLY-BST-18X18","seating","ASM-WFT-FLY-BST-18X18-CUSH","CUSH","1","export"
"FIN-WFT-FLY-BST-18X18-LEGBARSTOOL","","seating","ASM-WFT-FLY-BST-18X18-FRAME","FRAME","1","export"
"FIN-WFT-FLY-BST-18X18-LEGBARSTOOL","","seating","ASM-WFT-FLY-BST-18X18-CUSH","CUSH","1","export"
"FIN-WFT-SID-TAB-13X40","WFT-SID-TAB-13X40","table","ASM-WFT-SID-TAB-13X40-FRAME","FRAME","1","export"
"FIN-WFT-SID-TAB-40X13","WFT-SID-TAB-40X13","table","ASM-WFT-SID-TAB-40X13-FRAME","FRAME","1","export"
