"Customer","SO #","Shipping status","Created date","Item category","Item type","Variant code / SKU","Item variant","Batch no","Serial numbers","Quantity","Price per unit","Discount","Tax rate","Total price without tax","Total price with tax","Order currency","Converted total price tax included","Conversion rate","Conversion date","Del. deadline","SO picked date","Fulfillment picked date","COGS/COSS","Profit","Shipping location","Product availability","Product availability expected date","Order line attributes","Additional info","Ship to name","Ship to phone number","Ship to address line 1","Ship to address line 2","Ship to city","Ship to state","Ship to zip code","Ship to country","Customer ref","CAD Revision Number","Covers","Delivery Address","Delivery Confirmed","Delivery Date","Firepit System","GHL Opportunity ID","Piece Count Cshn","Piece Count Dktn","Piece Count Mtl","Production Deadline","Proj Hrs Cushion","Proj Hrs Dekton","Proj Hrs Metal","PU/Drop","PU/Drop Confirmed","QC Inspector","Tenjam/Others","Type","Umbrella"
"Test","TEST","Not shipped","2026-07-02","Dekton","product","D-ZENITH-1.2CM","Zenith","","","0.25000","0","0.00%","8.600","0.00","0.00","USD","0.00","1","2026-10-01","2026-07-23","","","","","CC Manufacturing","Not applicable","",,"","","","","","","","","","TEST","","","","","","","","","","","","","","","","","","","",""
"Sheet Migration Hold","MIG-HOLD-FABRIC-20260811","Not shipped","2026-09-30","Fabric","material","FAB-ACT-STO","ACTION STONE","","","20.00000","0","0.00%","8.600","0.00","0.00","USD","0.00","1","2026-10-01","2026-10-21","","","","","CC Manufacturing","In stock","",,"Fabric freeze 2026-08-11 FOR CUSTOMER hold. Commits reserved yards so they are not Available.","","","","","","","","","","","","","","","","","","","","","","","","","","","","",""
"Sheet Migration Hold","MIG-HOLD-FABRIC-20260811","Not shipped","2026-09-30","Fabric","material","FAB-AGR-IND","AGRA INDIGO","","","4.00000","0","0.00%","8.600","0.00","0.00","USD","0.00","1","2026-10-01","2026-10-21","","","","","CC Manufacturing","In stock","",,"Fabric freeze 2026-08-11 FOR CUSTOMER hold. Commits reserved yards so they are not Available.","","","","","","","","","","","","","","","","","","","","","","","","","","","","",""
"Sheet Migration Hold","MIG-HOLD-FABRIC-20260811","Not shipped","2026-09-30","Fabric","material","FAB-ARR-DUN","ARRAY DUNE","","","15.00000","0","0.00%","8.600","0.00","0.00","USD","0.00","1","2026-10-01","2026-10-21","","","","","CC Manufacturing","In stock","",,"Fabric freeze 2026-08-11 FOR CUSTOMER hold. Commits reserved yards so they are not Available.","","","","","","","","","","","","","","","","","","","","","","","","","","","","",""
"Sheet Migration Hold","MIG-HOLD-FABRIC-20260811","Not shipped","2026-09-30","Fabric","material","FAB-ASC-SPA","ASCEND SPA","","","16.00000","0","0.00%","8.600","0.00","0.00","USD","0.00","1","2026-10-01","2026-10-21","","","","","CC Manufacturing","In stock","",,"Fabric freeze 2026-08-11 FOR CUSTOMER hold. Commits reserved yards so they are not Available.","","","","","","","","","","","","","","","","","","","","","","","","","","","","",""
"Sheet Migration Hold","MIG-HOLD-FABRIC-20260811","Not shipped","2026-09-30","Fabric","material","FAB-BER-TUX","BERENSON TUXEDO","","","11.00000","0","0.00%","8.600","0.00","0.00","USD","0.00","1","2026-10-01","2026-10-21","","","","","CC Manufacturing","In stock","",,"Fabric freeze 2026-08-11 FOR CUSTOMER hold. Commits reserved yards so they are not Available.","","","","","","","","","","","","","","","","","","","","","","","","","","","","",""
"Sheet Migration Hold","MIG-HOLD-FABRIC-20260811","Not shipped","2026-09-30","Fabric","material","FAB-BOR-IND","BORO INDIGO","","","8.00000","0","0.00%","8.600","0.00","0.00","USD","0.00","1","2026-10-01","2026-10-21","","","","","CC Manufacturing","In stock","",,"Fabric freeze 2026-08-11 FOR CUSTOMER hold. Commits reserved yards so they are not Available.","","","","","","","","","","","","","","","","","","","","","","","","","","","","",""
"Sheet Migration Hold","MIG-HOLD-FABRIC-20260811","Not shipped","2026-09-30","Fabric","material","FAB-BRA-WHI","BRANNON WHISPER","","","2.00000","0","0.00%","8.600","0.00","0.00","USD","0.00","1","2026-10-01","2026-10-21","","","","","CC Manufacturing","In stock","",,"Fabric freeze 2026-08-11 FOR CUSTOMER hold. Commits reserved yards so they are not Available.","","","","","","","","","","","","","","","","","","","","","","","","","","","","",""
"Sheet Migration Hold","MIG-HOLD-FABRIC-20260811","Not shipped","2026-09-30","Fabric","material","FAB-CAB-CLA","CABANA CLASSIC","","","16.00000","0","0.00%","8.600","0.00","0.00","USD","0.00","1","2026-10-01","2026-10-21","","","","","CC Manufacturing","In stock","",,"Fabric freeze 2026-08-11 FOR CUSTOMER hold. Commits reserved yards so they are not Available.","","","","","","","","","","","","","","","","","","","","","","","","","","","","",""
"Sheet Migration Hold","MIG-HOLD-FABRIC-20260811","Not shipped","2026-09-30","Fabric","material","FAB-CAN-AIRBLU","CANVAS AIR BLUE","","","2.00000","0","0.00%","8.600","0.00","0.00","USD","0.00","1","2026-10-01","2026-10-21","","","","","CC Manufacturing","In stock","",,"Fabric freeze 2026-08-11 FOR CUSTOMER hold. Commits reserved yards so they are not Available.","","","","","","","","","","","","","","","","","","","","","","","","","","","","",""
"Sheet Migration Hold","MIG-HOLD-FABRIC-20260811","Not shipped","2026-09-30","Fabric","material","FAB-CAN-BLA","CANVAS BLACK","","","6.00000","0","0.00%","8.600","0.00","0.00","USD","0.00","1","2026-10-01","2026-10-21","","","","","CC Manufacturing","In stock","",,"Fabric freeze 2026-08-11 FOR CUSTOMER hold. Commits reserved yards so they are not Available.","","","","","","","","","","","","","","","","","","","","","","","","","","","","",""
"Sheet Migration Hold","MIG-HOLD-FABRIC-20260811","Not shipped","2026-09-30","Fabric","material","FAB-CAN-CAN","CANVAS CANVAS","","","22.00000","0","0.00%","8.600","0.00","0.00","USD","0.00","1","2026-10-01","2026-10-21","","","","","CC Manufacturing","In stock","",,"Fabric freeze 2026-08-11 FOR CUSTOMER hold. Commits reserved yards so they are not Available.","","","","","","","","","","","","","","","","","","","","","","","","","","","","",""
"Sheet Migration Hold","MIG-HOLD-FABRIC-20260811","Not shipped","2026-09-30","Fabric","material","FAB-CAN-COC","CANVAS COCOA","","","6.00000","0","0.00%","8.600","0.00","0.00","USD","0.00","1","2026-10-01","2026-10-21","","","","","CC Manufacturing","In stock","",,"Fabric freeze 2026-08-11 FOR CUSTOMER hold. Commits reserved yards so they are not Available.","","","","","","","","","","","","","","","","","","","","","","","","","","","","",""
"Sheet Migration Hold","MIG-HOLD-FABRIC-20260811","Not shipped","2026-09-30","Fabric","material","FAB-CAN-FORGRE","CANVAS FOREST GREEN","","","20.00000","0","0.00%","8.600","0.00","0.00","USD","0.00","1","2026-10-01","2026-10-21","","","","","CC Manufacturing","In stock","",,"Fabric freeze 2026-08-11 FOR CUSTOMER hold. Commits reserved yards so they are not Available.","","","","","","","","","","","","","","","","","","","","","","","","","","","","",""
"Sheet Migration Hold","MIG-HOLD-FABRIC-20260811","Not shipped","2026-09-30","Fabric","material","FAB-CAN-HAZ","CANVAS HAZE","","","6.00000","0","0.00%","8.600","0.00","0.00","USD","0.00","1","2026-10-01","2026-10-21","","","","","CC Manufacturing","In stock","",,"Fabric freeze 2026-08-11 FOR CUSTOMER hold. Commits reserved yards so they are not Available.","","","","","","","","","","","","","","","","","","","","","","","","","","","","",""
"Sheet Migration Hold","MIG-HOLD-FABRIC-20260811","Not shipped","2026-09-30","Fabric","material","FAB-CAN-HEABEI","CANVAS HEATHER BEIGE","","","8.00000","0","0.00%","8.600","0.00","0.00","USD","0.00","1","2026-10-01","2026-10-21","","","","","CC Manufacturing","In stock","",,"Fabric freeze 2026-08-11 FOR CUSTOMER hold. Commits reserved yards so they are not Available.","","","","","","","","","","","","","","","","","","","","","","","","","","","","",""
"Sheet Migration Hold","MIG-HOLD-FABRIC-20260811","Not shipped","2026-09-30","Fabric","material","FAB-CAN-HEN","CANVAS HENNA","","","4.00000","0","0.00%","8.600","0.00","0.00","USD","0.00","1","2026-10-01","2026-10-21","","","","","CC Manufacturing","In stock","",,"Fabric freeze 2026-08-11 FOR CUSTOMER hold. Commits reserved yards so they are not Available.","","","","","","","","","","","","","","","","","","","","","","","","","","","","",""
"Sheet Migration Hold","MIG-HOLD-FABRIC-20260811","Not shipped","2026-09-30","Fabric","material","FAB-CAN-JAV","CANVAS JAVA","","","2.00000","0","0.00%","8.600","0.00","0.00","USD","0.00","1","2026-10-01","2026-10-21","","","","","CC Manufacturing","In stock","",,"Fabric freeze 2026-08-11 FOR CUSTOMER hold. Commits reserved yards so they are not Available.","","","","","","","","","","","","","","","","","","","","","","","","","","","","",""
"Sheet Migration Hold","MIG-HOLD-FABRIC-20260811","Not shipped","2026-09-30","Fabric","material","FAB-CAN-NAT","CANVAS NATURAL","","","7.00000","0","0.00%","8.600","0.00","0.00","USD","0.00","1","2026-10-01","2026-10-21","","","","","CC Manufacturing","In stock","",,"Fabric freeze 2026-08-11 FOR CUSTOMER hold. Commits reserved yards so they are not Available.","","","","","","","","","","","","","","","","","","","","","","","","","","","","",""
"Sheet Migration Hold","MIG-HOLD-FABRIC-20260811","Not shipped","2026-09-30","Fabric","material","FAB-CAN-NAV","CANVAS NAVY","","","20.00000","0","0.00%","8.600","0.00","0.00","USD","0.00","1","2026-10-01","2026-10-21","","","","","CC Manufacturing","In stock","",,"Fabric freeze 2026-08-11 FOR CUSTOMER hold. Commits reserved yards so they are not Available.","","","","","","","","","","","","","","","","","","","","","","","","","","","","",""
"Sheet Migration Hold","MIG-HOLD-FABRIC-20260811","Not shipped","2026-09-30","Fabric","material","FAB-CAN-RAVBLA","CANVAS RAVEN BLACK","","","25.00000","0","0.00%","8.600","0.00","0.00","USD","0.00","1","2026-10-01","2026-10-21","","","","","CC Manufacturing","In stock","",,"Fabric freeze 2026-08-11 FOR CUSTOMER hold. Commits reserved yards so they are not Available.","","","","","","","","","","","","","","","","","","","","","","","","","","","","",""
"Sheet Migration Hold","MIG-HOLD-FABRIC-20260811","Not shipped","2026-09-30","Fabric","material","FAB-CAN-WHI","CANVAS WHITE","","","16.00000","0","0.00%","8.600","0.00","0.00","USD","0.00","1","2026-10-01","2026-10-21","","","","","CC Manufacturing","In stock","",,"Fabric freeze 2026-08-11 FOR CUSTOMER hold. Commits reserved yards so they are not Available.","","","","","","","","","","","","","","","","","","","","","","","","","","","","",""
"Sheet Migration Hold","MIG-HOLD-FABRIC-20260811","Not shipped","2026-09-30","Fabric","material","FAB-CAS-ASH","CAST ASH","","","20.00000","0","0.00%","8.600","0.00","0.00","USD","0.00","1","2026-10-01","2026-10-21","","","","","CC Manufacturing","In stock","",,"Fabric freeze 2026-08-11 FOR CUSTOMER hold. Commits reserved yards so they are not Available.","","","","","","","","","","","","","","","","","","","","","","","","","","","","",""
"Sheet Migration Hold","MIG-HOLD-FABRIC-20260811","Not shipped","2026-09-30","Fabric","material","FAB-CAS-IND","CASSAVA INDIGO","","","8.00000","0","0.00%","8.600","0.00","0.00","USD","0.00","1","2026-10-01","2026-10-21","","","","","CC Manufacturing","In stock","",,"Fabric freeze 2026-08-11 FOR CUSTOMER hold. Commits reserved yards so they are not Available.","","","","","","","","","","","","","","","","","","","","","","","","","","","","",""
"Sheet Migration Hold","MIG-HOLD-FABRIC-20260811","Not shipped","2026-09-30","Fabric","material","FAB-CAS-STO","CASSAVA STONE","","","9.00000","0","0.00%","8.600","0.00","0.00","USD","0.00","1","2026-10-01","2026-10-21","","","","","CC Manufacturing","In stock","",,"Fabric freeze 2026-08-11 FOR CUSTOMER hold. Commits reserved yards so they are not Available.","","","","","","","","","","","","","","","","","","","","","","","","","","","","",""
"Sheet Migration Hold","MIG-HOLD-FABRIC-20260811","Not shipped","2026-09-30","Fabric","material","FAB-CAS-WHI","CASSAVA WHITE","","","5.00000","0","0.00%","8.600","0.00","0.00","USD","0.00","1","2026-10-01","2026-10-21","","","","","CC Manufacturing","In stock","",,"Fabric freeze 2026-08-11 FOR CUSTOMER hold. Commits reserved yards so they are not Available.","","","","","","","","","","","","","","","","","","","","","","","","","","","","",""
"Sheet Migration Hold","MIG-HOLD-FABRIC-20260811","Not shipped","2026-09-30","Fabric","material","FAB-CAST-SLAT","CAST SLATE","","","5.00000","0","0.00%","8.600","0.00","0.00","USD","0.00","1","2026-10-01","2026-10-21","","","","","CC Manufacturing","In stock","",,"Fabric freeze 2026-08-11 FOR CUSTOMER hold. Commits reserved yards so they are not Available.","","","","","","","","","","","","","","","","","","","","","","","","","","","","",""
"Sheet Migration Hold","MIG-HOLD-FABRIC-20260811","Not shipped","2026-09-30","Fabric","material","FAB-CHA-CLO","CHARTRES CLOUD","","","9.00000","0","0.00%","8.600","0.00","0.00","USD","0.00","1","2026-10-01","2026-10-21","","","","","CC Manufacturing","In stock","",,"Fabric freeze 2026-08-11 FOR CUSTOMER hold. Commits reserved yards so they are not Available.","","","","","","","","","","","","","","","","","","","","","","","","","","","","",""
"Sheet Migration Hold","MIG-HOLD-FABRIC-20260811","Not shipped","2026-09-30","Fabric","material","FAB-CHA-DAY","CHARTRES DAYBREAK","","","10.00000","0","0.00%","8.600","0.00","0.00","USD","0.00","1","2026-10-01","2026-10-21","","","","","CC Manufacturing","In stock","",,"Fabric freeze 2026-08-11 FOR CUSTOMER hold. Commits reserved yards so they are not Available.","","","","","","","","","","","","","","","","","","","","","","","","","","","","",""
"Sheet Migration Hold","MIG-HOLD-FABRIC-20260811","Not shipped","2026-09-30","Fabric","material","FAB-CHA-OPA","CHARTRES OPAL","","","10.00000","0","0.00%","8.600","0.00","0.00","USD","0.00","1","2026-10-01","2026-10-21","","","","","CC Manufacturing","In stock","",,"Fabric freeze 2026-08-11 FOR CUSTOMER hold. Commits reserved yards so they are not Available.","","","","","","","","","","","","","","","","","","","","","","","","","","","","",""
"Sheet Migration Hold","MIG-HOLD-FABRIC-20260811","Not shipped","2026-09-30","Fabric","material","FAB-CHA-PEB","CHARMER PEBBLE","","","45.00000","0","0.00%","8.600","0.00","0.00","USD","0.00","1","2026-10-01","2026-10-21","","","","","CC Manufacturing","In stock","",,"Fabric freeze 2026-08-11 FOR CUSTOMER hold. Commits reserved yards so they are not Available.","","","","","","","","","","","","","","","","","","","","","","","","","","","","",""
"Sheet Migration Hold","MIG-HOLD-FABRIC-20260811","Not shipped","2026-09-30","Fabric","material","FAB-CHA-TRU","CHARTRES TRUFFLE","","","18.00000","0","0.00%","8.600","0.00","0.00","USD","0.00","1","2026-10-01","2026-10-21","","","","","CC Manufacturing","In stock","",,"Fabric freeze 2026-08-11 FOR CUSTOMER hold. Commits reserved yards so they are not Available.","","","","","","","","","","","","","","","","","","","","","","","","","","","","",""
"Sheet Migration Hold","MIG-HOLD-FABRIC-20260811","Not shipped","2026-09-30","Fabric","material","FAB-CON-ONY","CONNECTION ONYX","","","68.00000","0","0.00%","8.600","0.00","0.00","USD","0.00","1","2026-10-01","2026-10-21","","","","","CC Manufacturing","In stock","",,"Fabric freeze 2026-08-11 FOR CUSTOMER hold. Commits reserved yards so they are not Available.","","","","","","","","","","","","","","","","","","","","","","","","","","","","",""
"Sheet Migration Hold","MIG-HOLD-FABRIC-20260811","Not shipped","2026-09-30","Fabric","material","FAB-CON-ULT","CONCH ULTRALEATHER","","","10.00000","0","0.00%","8.600","0.00","0.00","USD","0.00","1","2026-10-01","2026-10-21","","","","","CC Manufacturing","In stock","",,"Fabric freeze 2026-08-11 FOR CUSTOMER hold. Commits reserved yards so they are not Available.","","","","","","","","","","","","","","","","","","","","","","","","","","","","",""
"Sheet Migration Hold","MIG-HOLD-FABRIC-20260811","Not shipped","2026-09-30","Fabric","material","FAB-CRU-ASH","CRUSH ASH","","","28.00000","0","0.00%","8.600","0.00","0.00","USD","0.00","1","2026-10-01","2026-10-21","","","","","CC Manufacturing","In stock","",,"Fabric freeze 2026-08-11 FOR CUSTOMER hold. Commits reserved yards so they are not Available.","","","","","","","","","","","","","","","","","","","","","","","","","","","","",""
"Sheet Migration Hold","MIG-HOLD-FABRIC-20260811","Not shipped","2026-09-30","Fabric","material","FAB-CRU-SNO","CRUSH SNOW","","","93.00000","0","0.00%","8.600","0.00","0.00","USD","0.00","1","2026-10-01","2026-10-21","","","","","CC Manufacturing","In stock","",,"Fabric freeze 2026-08-11 FOR CUSTOMER hold. Commits reserved yards so they are not Available.","","","","","","","","","","","","","","","","","","","","","","","","","","","","",""
"Sheet Migration Hold","MIG-HOLD-FABRIC-20260811","Not shipped","2026-09-30","Fabric","material","FAB-CYC-DEN","CYCLE DENIM","","","2.00000","0","0.00%","8.600","0.00","0.00","USD","0.00","1","2026-10-01","2026-10-21","","","","","CC Manufacturing","In stock","",,"Fabric freeze 2026-08-11 FOR CUSTOMER hold. Commits reserved yards so they are not Available.","","","","","","","","","","","","","","","","","","","","","","","","","","","","",""
"Sheet Migration Hold","MIG-HOLD-FABRIC-20260811","Not shipped","2026-09-30","Fabric","material","FAB-CYC-SPA","CYCLE SPARROW","","","14.00000","0","0.00%","8.600","0.00","0.00","USD","0.00","1","2026-10-01","2026-10-21","","","","","CC Manufacturing","In stock","",,"Fabric freeze 2026-08-11 FOR CUSTOMER hold. Commits reserved yards so they are not Available.","","","","","","","","","","","","","","","","","","","","","","","","","","","","",""
"Sheet Migration Hold","MIG-HOLD-FABRIC-20260811","Not shipped","2026-09-30","Fabric","material","FAB-DET-LIN","DETAIL LINEN","","","40.00000","0","0.00%","8.600","0.00","0.00","USD","0.00","1","2026-10-01","2026-10-21","","","","","CC Manufacturing","In stock","",,"Fabric freeze 2026-08-11 FOR CUSTOMER hold. Commits reserved yards so they are not Available.","","","","","","","","","","","","","","","","","","","","","","","","","","","","",""
"Sheet Migration Hold","MIG-HOLD-FABRIC-20260811","Not shipped","2026-09-30","Fabric","material","FAB-DUM-STU","DUMONT STUCCO","","","89.70000","0","0.00%","8.600","0.00","0.00","USD","0.00","1","2026-10-01","2026-10-21","","","","","CC Manufacturing","In stock","",,"Fabric freeze 2026-08-11 FOR CUSTOMER hold. Commits reserved yards so they are not Available.","","","","","","","","","","","","","","","","","","","","","","","","","","","","",""
"Sheet Migration Hold","MIG-HOLD-FABRIC-20260811","Not shipped","2026-09-30","Fabric","material","FAB-DUP-DEESEA","DUPIONE DEEP SEA","","","37.00000","0","0.00%","8.600","0.00","0.00","USD","0.00","1","2026-10-01","2026-10-21","","","","","CC Manufacturing","In stock","",,"Fabric freeze 2026-08-11 FOR CUSTOMER hold. Commits reserved yards so they are not Available.","","","","","","","","","","","","","","","","","","","","","","","","","","","","",""
"Sheet Migration Hold","MIG-HOLD-FABRIC-20260811","Not shipped","2026-09-30","Fabric","material","FAB-ECH-DUN","ECHO DUNE","","","10.00000","0","0.00%","8.600","0.00","0.00","USD","0.00","1","2026-10-01","2026-10-21","","","","","CC Manufacturing","In stock","",,"Fabric freeze 2026-08-11 FOR CUSTOMER hold. Commits reserved yards so they are not Available.","","","","","","","","","","","","","","","","","","","","","","","","","","","","",""
"Sheet Migration Hold","MIG-HOLD-FABRIC-20260811","Not shipped","2026-09-30","Fabric","material","FAB-ENR-CLO","ENRICH CLOUD","","","10.00000","0","0.00%","8.600","0.00","0.00","USD","0.00","1","2026-10-01","2026-10-21","","","","","CC Manufacturing","In stock","",,"Fabric freeze 2026-08-11 FOR CUSTOMER hold. Commits reserved yards so they are not Available.","","","","","","","","","","","","","","","","","","","","","","","","","","","","",""
"Sheet Migration Hold","MIG-HOLD-FABRIC-20260811","Not shipped","2026-09-30","Fabric","material","FAB-ESC-IND","ESCHER INDIGO","","","22.00000","0","0.00%","8.600","0.00","0.00","USD","0.00","1","2026-10-01","2026-10-21","","","","","CC Manufacturing","In stock","",,"Fabric freeze 2026-08-11 FOR CUSTOMER hold. Commits reserved yards so they are not Available.","","","","","","","","","","","","","","","","","","","","","","","","","","","","",""
"Sheet Migration Hold","MIG-HOLD-FABRIC-20260811","Not shipped","2026-09-30","Fabric","material","FAB-EXH-SKY","EXHALE SKY","","","6.00000","0","0.00%","8.600","0.00","0.00","USD","0.00","1","2026-10-01","2026-10-21","","","","","CC Manufacturing","In stock","",,"Fabric freeze 2026-08-11 FOR CUSTOMER hold. Commits reserved yards so they are not Available.","","","","","","","","","","","","","","","","","","","","","","","","","","","","",""
"Sheet Migration Hold","MIG-HOLD-FABRIC-20260811","Not shipped","2026-09-30","Fabric","material","FAB-GAT-MIS","GATEAWAY MIST","","","6.00000","0","0.00%","8.600","0.00","0.00","USD","0.00","1","2026-10-01","2026-10-21","","","","","CC Manufacturing","In stock","",,"Fabric freeze 2026-08-11 FOR CUSTOMER hold. Commits reserved yards so they are not Available.","","","","","","","","","","","","","","","","","","","","","","","","","","","","",""
"Sheet Migration Hold","MIG-HOLD-FABRIC-20260811","Not shipped","2026-09-30","Fabric","material","FAB-GLA-GLA","GLACIAL","","","7.00000","0","0.00%","8.600","0.00","0.00","USD","0.00","1","2026-10-01","2026-10-21","","","","","CC Manufacturing","In stock","",,"Fabric freeze 2026-08-11 FOR CUSTOMER hold. Commits reserved yards so they are not Available.","","","","","","","","","","","","","","","","","","","","","","","","","","","","",""
"Sheet Migration Hold","MIG-HOLD-FABRIC-20260811","Not shipped","2026-09-30","Fabric","material","FAB-HER-CHA","HERITAGE CHAR","","","47.00000","0","0.00%","8.600","0.00","0.00","USD","0.00","1","2026-10-01","2026-10-21","","","","","CC Manufacturing","In stock","",,"Fabric freeze 2026-08-11 FOR CUSTOMER hold. Commits reserved yards so they are not Available.","","","","","","","","","","","","","","","","","","","","","","","","","","","","",""
"Sheet Migration Hold","MIG-HOLD-FABRIC-20260811","Not shipped","2026-09-30","Fabric","material","FAB-HER-DIJ","HERITAGE DIJON","","","8.00000","0","0.00%","8.600","0.00","0.00","USD","0.00","1","2026-10-01","2026-10-21","","","","","CC Manufacturing","In stock","",,"Fabric freeze 2026-08-11 FOR CUSTOMER hold. Commits reserved yards so they are not Available.","","","","","","","","","","","","","","","","","","","","","","","","","","","","",""
"Sheet Migration Hold","MIG-HOLD-FABRIC-20260811","Not shipped","2026-09-30","Fabric","material","FAB-HER-PAP","HERITAGE PAPYRUS","","","60.00000","0","0.00%","8.600","0.00","0.00","USD","0.00","1","2026-10-01","2026-10-21","","","","","CC Manufacturing","In stock","",,"Fabric freeze 2026-08-11 FOR CUSTOMER hold. Commits reserved yards so they are not Available.","","","","","","","","","","","","","","","","","","","","","","","","","","","","",""
"Sheet Migration Hold","MIG-HOLD-FABRIC-20260811","Not shipped","2026-09-30","Fabric","material","FAB-HER-SAB","HERITAGE SABLE","","","3.00000","0","0.00%","8.600","0.00","0.00","USD","0.00","1","2026-10-01","2026-10-21","","","","","CC Manufacturing","In stock","",,"Fabric freeze 2026-08-11 FOR CUSTOMER hold. Commits reserved yards so they are not Available.","","","","","","","","","","","","","","","","","","","","","","","","","","","","",""
"Sheet Migration Hold","MIG-HOLD-FABRIC-20260811","Not shipped","2026-09-30","Fabric","material","FAB-HER-SMO","HERITAGE SMOKE","","","2.00000","0","0.00%","8.600","0.00","0.00","USD","0.00","1","2026-10-01","2026-10-21","","","","","CC Manufacturing","In stock","",,"Fabric freeze 2026-08-11 FOR CUSTOMER hold. Commits reserved yards so they are not Available.","","","","","","","","","","","","","","","","","","","","","","","","","","","","",""
"Sheet Migration Hold","MIG-HOLD-FABRIC-20260811","Not shipped","2026-09-30","Fabric","material","FAB-HYB-SMO","HYBRID SMOKE","","","15.00000","0","0.00%","8.600","0.00","0.00","USD","0.00","1","2026-10-01","2026-10-21","","","","","CC Manufacturing","In stock","",,"Fabric freeze 2026-08-11 FOR CUSTOMER hold. Commits reserved yards so they are not Available.","","","","","","","","","","","","","","","","","","","","","","","","","","","","",""
"Sheet Migration Hold","MIG-HOLD-FABRIC-20260811","Not shipped","2026-09-30","Fabric","material","FAB-KIN-IND","KINDLE INDIGO","","","43.00000","0","0.00%","8.600","0.00","0.00","USD","0.00","1","2026-10-01","2026-10-21","","","","","CC Manufacturing","In stock","",,"Fabric freeze 2026-08-11 FOR CUSTOMER hold. Commits reserved yards so they are not Available.","","","","","","","","","","","","","","","","","","","","","","","","","","","","",""
"Sheet Migration Hold","MIG-HOLD-FABRIC-20260811","Not shipped","2026-09-30","Fabric","material","FAB-KIN-SIL","KINDLE SILK","","","20.00000","0","0.00%","8.600","0.00","0.00","USD","0.00","1","2026-10-01","2026-10-21","","","","","CC Manufacturing","In stock","",,"Fabric freeze 2026-08-11 FOR CUSTOMER hold. Commits reserved yards so they are not Available.","","","","","","","","","","","","","","","","","","","","","","","","","","","","",""
"Sheet Migration Hold","MIG-HOLD-FABRIC-20260811","Not shipped","2026-09-30","Fabric","material","FAB-LEA-STR","LEAF STRUCTURE","","","5.00000","0","0.00%","8.600","0.00","0.00","USD","0.00","1","2026-10-01","2026-10-21","","","","","CC Manufacturing","In stock","",,"Fabric freeze 2026-08-11 FOR CUSTOMER hold. Commits reserved yards so they are not Available.","","","","","","","","","","","","","","","","","","","","","","","","","","","","",""
"Sheet Migration Hold","MIG-HOLD-FABRIC-20260811","Not shipped","2026-09-30","Fabric","material","FAB-LEA-STRCLO","LEAF STRUCTURE CLOUD","","","44.00000","0","0.00%","8.600","0.00","0.00","USD","0.00","1","2026-10-01","2026-10-21","","","","","CC Manufacturing","In stock","",,"Fabric freeze 2026-08-11 FOR CUSTOMER hold. Commits reserved yards so they are not Available.","","","","","","","","","","","","","","","","","","","","","","","","","","","","",""
"Sheet Migration Hold","MIG-HOLD-FABRIC-20260811","Not shipped","2026-09-30","Fabric","material","FAB-LIN-DEN","LINVILLE DENIM","","","3.00000","0","0.00%","8.600","0.00","0.00","USD","0.00","1","2026-10-01","2026-10-21","","","","","CC Manufacturing","In stock","",,"Fabric freeze 2026-08-11 FOR CUSTOMER hold. Commits reserved yards so they are not Available.","","","","","","","","","","","","","","","","","","","","","","","","","","","","",""
"Sheet Migration Hold","MIG-HOLD-FABRIC-20260811","Not shipped","2026-09-30","Fabric","material","FAB-LIN-PAR","LINVILLE PARCHMENT","","","59.00000","0","0.00%","8.600","0.00","0.00","USD","0.00","1","2026-10-01","2026-10-21","","","","","CC Manufacturing","In stock","",,"Fabric freeze 2026-08-11 FOR CUSTOMER hold. Commits reserved yards so they are not Available.","","","","","","","","","","","","","","","","","","","","","","","","","","","","",""
"Sheet Migration Hold","MIG-HOLD-FABRIC-20260811","Not shipped","2026-09-30","Fabric","material","FAB-LIN-SIL","LINEN SILVER","","","11.00000","0","0.00%","8.600","0.00","0.00","USD","0.00","1","2026-10-01","2026-10-21","","","","","CC Manufacturing","In stock","",,"Fabric freeze 2026-08-11 FOR CUSTOMER hold. Commits reserved yards so they are not Available.","","","","","","","","","","","","","","","","","","","","","","","","","","","","",""
"Sheet Migration Hold","MIG-HOLD-FABRIC-20260811","Not shipped","2026-09-30","Fabric","material","FAB-LIT-MID","LITCHFIELD MIDNIGHT","","","68.00000","0","0.00%","8.600","0.00","0.00","USD","0.00","1","2026-10-01","2026-10-21","","","","","CC Manufacturing","In stock","",,"Fabric freeze 2026-08-11 FOR CUSTOMER hold. Commits reserved yards so they are not Available.","","","","","","","","","","","","","","","","","","","","","","","","","","","","",""
"Sheet Migration Hold","MIG-HOLD-FABRIC-20260811","Not shipped","2026-09-30","Fabric","material","FAB-LIV-PAR","LIVELY PARCHMENT","","","8.00000","0","0.00%","8.600","0.00","0.00","USD","0.00","1","2026-10-01","2026-10-21","","","","","CC Manufacturing","In stock","",,"Fabric freeze 2026-08-11 FOR CUSTOMER hold. Commits reserved yards so they are not Available.","","","","","","","","","","","","","","","","","","","","","","","","","","","","",""
"Sheet Migration Hold","MIG-HOLD-FABRIC-20260811","Not shipped","2026-09-30","Fabric","material","FAB-LYN-OYS","LYNVILLE OYSTER","","","14.00000","0","0.00%","8.600","0.00","0.00","USD","0.00","1","2026-10-01","2026-10-21","","","","","CC Manufacturing","In stock","",,"Fabric freeze 2026-08-11 FOR CUSTOMER hold. Commits reserved yards so they are not Available.","","","","","","","","","","","","","","","","","","","","","","","","","","","","",""
"Sheet Migration Hold","MIG-HOLD-FABRIC-20260811","Not shipped","2026-09-30","Fabric","material","FAB-MAI-PUT","MAINSTREET PUTTY","","","77.00000","0","0.00%","8.600","0.00","0.00","USD","0.00","1","2026-10-01","2026-10-21","","","","","CC Manufacturing","In stock","",,"Fabric freeze 2026-08-11 FOR CUSTOMER hold. Commits reserved yards so they are not Available.","","","","","","","","","","","","","","","","","","","","","","","","","","","","",""
"Sheet Migration Hold","MIG-HOLD-FABRIC-20260811","Not shipped","2026-09-30","Fabric","material","FAB-MAR-MUS","MARVEL MUSHROOM","","","9.00000","0","0.00%","8.600","0.00","0.00","USD","0.00","1","2026-10-01","2026-10-21","","","","","CC Manufacturing","In stock","",,"Fabric freeze 2026-08-11 FOR CUSTOMER hold. Commits reserved yards so they are not Available.","","","","","","","","","","","","","","","","","","","","","","","","","","","","",""
"Sheet Migration Hold","MIG-HOLD-FABRIC-20260811","Not shipped","2026-09-30","Fabric","material","FAB-MET-FOG","METAMORPHIC FOG","","","26.00000","0","0.00%","8.600","0.00","0.00","USD","0.00","1","2026-10-01","2026-10-21","","","","","CC Manufacturing","In stock","",,"Fabric freeze 2026-08-11 FOR CUSTOMER hold. Commits reserved yards so they are not Available.","","","","","","","","","","","","","","","","","","","","","","","","","","","","",""
"Sheet Migration Hold","MIG-HOLD-FABRIC-20260811","Not shipped","2026-09-30","Fabric","material","FAB-MET-LAG","METAMORPHIC LAGOON","","","162.00000","0","0.00%","8.600","0.00","0.00","USD","0.00","1","2026-10-01","2026-10-21","","","","","CC Manufacturing","In stock","",,"Fabric freeze 2026-08-11 FOR CUSTOMER hold. Commits reserved yards so they are not Available.","","","","","","","","","","","","","","","","","","","","","","","","","","","","",""
"Sheet Migration Hold","MIG-HOLD-FABRIC-20260811","Not shipped","2026-09-30","Fabric","material","FAB-MET-SAN","METAMORPHIC SAND","","","94.00000","0","0.00%","8.600","0.00","0.00","USD","0.00","1","2026-10-01","2026-10-21","","","","","CC Manufacturing","In stock","",,"Fabric freeze 2026-08-11 FOR CUSTOMER hold. Commits reserved yards so they are not Available.","","","","","","","","","","","","","","","","","","","","","","","","","","","","",""
"Sheet Migration Hold","MIG-HOLD-FABRIC-20260811","Not shipped","2026-09-30","Fabric","material","FAB-MET-SNO","METAMORPHIC SNOW","","","39.00000","0","0.00%","8.600","0.00","0.00","USD","0.00","1","2026-10-01","2026-10-21","","","","","CC Manufacturing","In stock","",,"Fabric freeze 2026-08-11 FOR CUSTOMER hold. Commits reserved yards so they are not Available.","","","","","","","","","","","","","","","","","","","","","","","","","","","","",""
"Sheet Migration Hold","MIG-HOLD-FABRIC-20260811","Not shipped","2026-09-30","Fabric","material","FAB-MID-IND","MIDORI INDIGO","","","2.00000","0","0.00%","8.600","0.00","0.00","USD","0.00","1","2026-10-01","2026-10-21","","","","","CC Manufacturing","In stock","",,"Fabric freeze 2026-08-11 FOR CUSTOMER hold. Commits reserved yards so they are not Available.","","","","","","","","","","","","","","","","","","","","","","","","","","","","",""
"Sheet Migration Hold","MIG-HOLD-FABRIC-20260811","Not shipped","2026-09-30","Fabric","material","FAB-MOU-SNO","MOUNTAINS SNOW","","","27.00000","0","0.00%","8.600","0.00","0.00","USD","0.00","1","2026-10-01","2026-10-21","","","","","CC Manufacturing","In stock","",,"Fabric freeze 2026-08-11 FOR CUSTOMER hold. Commits reserved yards so they are not Available.","","","","","","","","","","","","","","","","","","","","","","","","","","","","",""
"Sheet Migration Hold","MIG-HOLD-FABRIC-20260811","Not shipped","2026-09-30","Fabric","material","FAB-NUA-CLO","NUANCE CLOUD","","","10.00000","0","0.00%","8.600","0.00","0.00","USD","0.00","1","2026-10-01","2026-10-21","","","","","CC Manufacturing","In stock","",,"Fabric freeze 2026-08-11 FOR CUSTOMER hold. Commits reserved yards so they are not Available.","","","","","","","","","","","","","","","","","","","","","","","","","","","","",""
"Sheet Migration Hold","MIG-HOLD-FABRIC-20260811","Not shipped","2026-09-30","Fabric","material","FAB-NUR-CHA","NURTURE CHARCOAL","","","3.00000","0","0.00%","8.600","0.00","0.00","USD","0.00","1","2026-10-01","2026-10-21","","","","","CC Manufacturing","In stock","",,"Fabric freeze 2026-08-11 FOR CUSTOMER hold. Commits reserved yards so they are not Available.","","","","","","","","","","","","","","","","","","","","","","","","","","","","",""
"Sheet Migration Hold","MIG-HOLD-FABRIC-20260811","Not shipped","2026-09-30","Fabric","material","FAB-NUR-PEB","NURTURE PEBBLE","","","11.00000","0","0.00%","8.600","0.00","0.00","USD","0.00","1","2026-10-01","2026-10-21","","","","","CC Manufacturing","In stock","",,"Fabric freeze 2026-08-11 FOR CUSTOMER hold. Commits reserved yards so they are not Available.","","","","","","","","","","","","","","","","","","","","","","","","","","","","",""
"Sheet Migration Hold","MIG-HOLD-FABRIC-20260811","Not shipped","2026-09-30","Fabric","material","FAB-NUR-WHI","NURTURE WHITE","","","7.00000","0","0.00%","8.600","0.00","0.00","USD","0.00","1","2026-10-01","2026-10-21","","","","","CC Manufacturing","In stock","",,"Fabric freeze 2026-08-11 FOR CUSTOMER hold. Commits reserved yards so they are not Available.","","","","","","","","","","","","","","","","","","","","","","","","","","","","",""
"Sheet Migration Hold","MIG-HOLD-FABRIC-20260811","Not shipped","2026-09-30","Fabric","material","FAB-OYS-AWNMAR","OYSTER AWNING/MARINE","","","363.00000","0","0.00%","8.600","0.00","0.00","USD","0.00","1","2026-10-01","2026-10-21","","","","","CC Manufacturing","In stock","",,"Fabric freeze 2026-08-11 FOR CUSTOMER hold. Commits reserved yards so they are not Available.","","","","","","","","","","","","","","","","","","","","","","","","","","","","",""
"Sheet Migration Hold","MIG-HOLD-FABRIC-20260811","Not shipped","2026-09-30","Fabric","material","FAB-PIA-LAG","PIAZZA LAGOON","","","5.00000","0","0.00%","8.600","0.00","0.00","USD","0.00","1","2026-10-01","2026-10-21","","","","","CC Manufacturing","In stock","",,"Fabric freeze 2026-08-11 FOR CUSTOMER hold. Commits reserved yards so they are not Available.","","","","","","","","","","","","","","","","","","","","","","","","","","","","",""
"Sheet Migration Hold","MIG-HOLD-FABRIC-20260811","Not shipped","2026-09-30","Fabric","material","FAB-PIA-VAP","PIAZZA VAPOR","","","12.00000","0","0.00%","8.600","0.00","0.00","USD","0.00","1","2026-10-01","2026-10-21","","","","","CC Manufacturing","In stock","",,"Fabric freeze 2026-08-11 FOR CUSTOMER hold. Commits reserved yards so they are not Available.","","","","","","","","","","","","","","","","","","","","","","","","","","","","",""
"Sheet Migration Hold","MIG-HOLD-FABRIC-20260811","Not shipped","2026-09-30","Fabric","material","FAB-PIQ-MID","PIQUE MIDNIGHT","","","2.00000","0","0.00%","8.600","0.00","0.00","USD","0.00","1","2026-10-01","2026-10-21","","","","","CC Manufacturing","In stock","",,"Fabric freeze 2026-08-11 FOR CUSTOMER hold. Commits reserved yards so they are not Available.","","","","","","","","","","","","","","","","","","","","","","","","","","","","",""
"Sheet Migration Hold","MIG-HOLD-FABRIC-20260811","Not shipped","2026-09-30","Fabric","material","FAB-PLA-SNO","PLAY SNOW","","","76.00000","0","0.00%","8.600","0.00","0.00","USD","0.00","1","2026-10-01","2026-10-21","","","","","CC Manufacturing","In stock","",,"Fabric freeze 2026-08-11 FOR CUSTOMER hold. Commits reserved yards so they are not Available.","","","","","","","","","","","","","","","","","","","","","","","","","","","","",""
"Sheet Migration Hold","MIG-HOLD-FABRIC-20260811","Not shipped","2026-09-30","Fabric","material","FAB-PLAY-ADOB","PLAY ADOBE","","","5.00000","0","0.00%","8.600","0.00","0.00","USD","0.00","1","2026-10-01","2026-10-21","","","","","CC Manufacturing","In stock","",,"Fabric freeze 2026-08-11 FOR CUSTOMER hold. Commits reserved yards so they are not Available.","","","","","","","","","","","","","","","","","","","","","","","","","","","","",""
"Sheet Migration Hold","MIG-HOLD-FABRIC-20260811","Not shipped","2026-09-30","Fabric","material","FAB-PRE-FAW","PRECISE FAWN","","","6.00000","0","0.00%","8.600","0.00","0.00","USD","0.00","1","2026-10-01","2026-10-21","","","","","CC Manufacturing","In stock","",,"Fabric freeze 2026-08-11 FOR CUSTOMER hold. Commits reserved yards so they are not Available.","","","","","","","","","","","","","","","","","","","","","","","","","","","","",""
"Sheet Migration Hold","MIG-HOLD-FABRIC-20260811","Not shipped","2026-09-30","Fabric","material","FAB-RAL-EMBWESMAY","RALLY EMBER (WESLEY MAYAN)","","","137.00000","0","0.00%","8.600","0.00","0.00","USD","0.00","1","2026-10-01","2026-10-21","","","","","CC Manufacturing","In stock","",,"Fabric freeze 2026-08-11 FOR CUSTOMER hold. Commits reserved yards so they are not Available.","","","","","","","","","","","","","","","","","","","","","","","","","","","","",""
"Sheet Migration Hold","MIG-HOLD-FABRIC-20260811","Not shipped","2026-09-30","Fabric","material","FAB-REM-SIL","REMIX SILK","","","38.00000","0","0.00%","8.600","0.00","0.00","USD","0.00","1","2026-10-01","2026-10-21","","","","","CC Manufacturing","In stock","",,"Fabric freeze 2026-08-11 FOR CUSTOMER hold. Commits reserved yards so they are not Available.","","","","","","","","","","","","","","","","","","","","","","","","","","","","",""
"Sheet Migration Hold","MIG-HOLD-FABRIC-20260811","Not shipped","2026-09-30","Fabric","material","FAB-REV-SAN","REVIVE SAND","","","44.00000","0","0.00%","8.600","0.00","0.00","USD","0.00","1","2026-10-01","2026-10-21","","","","","CC Manufacturing","In stock","",,"Fabric freeze 2026-08-11 FOR CUSTOMER hold. Commits reserved yards so they are not Available.","","","","","","","","","","","","","","","","","","","","","","","","","","","","",""
"Sheet Migration Hold","MIG-HOLD-FABRIC-20260811","Not shipped","2026-09-30","Fabric","material","FAB-RIT-ROS","RITSY ROSEMARY","","","7.00000","0","0.00%","8.600","0.00","0.00","USD","0.00","1","2026-10-01","2026-10-21","","","","","CC Manufacturing","In stock","",,"Fabric freeze 2026-08-11 FOR CUSTOMER hold. Commits reserved yards so they are not Available.","","","","","","","","","","","","","","","","","","","","","","","","","","","","",""
"Sheet Migration Hold","MIG-HOLD-FABRIC-20260811","Not shipped","2026-09-30","Fabric","material","FAB-SAVY-ONYX","SAVY ONYX","","","28.00000","0","0.00%","8.600","0.00","0.00","USD","0.00","1","2026-10-01","2026-10-21","","","","","CC Manufacturing","In stock","",,"Fabric freeze 2026-08-11 FOR CUSTOMER hold. Commits reserved yards so they are not Available.","","","","","","","","","","","","","","","","","","","","","","","","","","","","",""
"Sheet Migration Hold","MIG-HOLD-FABRIC-20260811","Not shipped","2026-09-30","Fabric","material","FAB-SHI-CLA","SHIBORI CLASSIC","","","2.00000","0","0.00%","8.600","0.00","0.00","USD","0.00","1","2026-10-01","2026-10-21","","","","","CC Manufacturing","In stock","",,"Fabric freeze 2026-08-11 FOR CUSTOMER hold. Commits reserved yards so they are not Available.","","","","","","","","","","","","","","","","","","","","","","","","","","","","",""
"Sheet Migration Hold","MIG-HOLD-FABRIC-20260811","Not shipped","2026-09-30","Fabric","material","FAB-SHO-CLA","SHORE CLASSIC","","","4.00000","0","0.00%","8.600","0.00","0.00","USD","0.00","1","2026-10-01","2026-10-21","","","","","CC Manufacturing","In stock","",,"Fabric freeze 2026-08-11 FOR CUSTOMER hold. Commits reserved yards so they are not Available.","","","","","","","","","","","","","","","","","","","","","","","","","","","","",""
"Sheet Migration Hold","MIG-HOLD-FABRIC-20260811","Not shipped","2026-09-30","Fabric","material","FAB-SKY-BLUAWNMAR","SKY BLUE AWNING/MARINE","","","298.00000","0","0.00%","8.600","0.00","0.00","USD","0.00","1","2026-10-01","2026-10-21","","","","","CC Manufacturing","In stock","",,"Fabric freeze 2026-08-11 FOR CUSTOMER hold. Commits reserved yards so they are not Available.","","","","","","","","","","","","","","","","","","","","","","","","","","","","",""
"Sheet Migration Hold","MIG-HOLD-FABRIC-20260811","Not shipped","2026-09-30","Fabric","material","FAB-SPE-CAY","SPECTRUM CAYENNE","","","3.00000","0","0.00%","8.600","0.00","0.00","USD","0.00","1","2026-10-01","2026-10-21","","","","","CC Manufacturing","In stock","",,"Fabric freeze 2026-08-11 FOR CUSTOMER hold. Commits reserved yards so they are not Available.","","","","","","","","","","","","","","","","","","","","","","","","","","","","",""
"Sheet Migration Hold","MIG-HOLD-FABRIC-20260811","Not shipped","2026-09-30","Fabric","material","FAB-SPE-CIL","SPECTRUM CILANTRO","","","6.00000","0","0.00%","8.600","0.00","0.00","USD","0.00","1","2026-10-01","2026-10-21","","","","","CC Manufacturing","In stock","",,"Fabric freeze 2026-08-11 FOR CUSTOMER hold. Commits reserved yards so they are not Available.","","","","","","","","","","","","","","","","","","","","","","","","","","","","",""
"Sheet Migration Hold","MIG-HOLD-FABRIC-20260811","Not shipped","2026-09-30","Fabric","material","FAB-SPE-IND","SPECTRUM INDIGO","","","28.00000","0","0.00%","8.600","0.00","0.00","USD","0.00","1","2026-10-01","2026-10-21","","","","","CC Manufacturing","In stock","",,"Fabric freeze 2026-08-11 FOR CUSTOMER hold. Commits reserved yards so they are not Available.","","","","","","","","","","","","","","","","","","","","","","","","","","","","",""
"Sheet Migration Hold","MIG-HOLD-FABRIC-20260811","Not shipped","2026-09-30","Fabric","material","FAB-SPE-MUS","SPECTRUM MUSHROOM","","","2.00000","0","0.00%","8.600","0.00","0.00","USD","0.00","1","2026-10-01","2026-10-21","","","","","CC Manufacturing","In stock","",,"Fabric freeze 2026-08-11 FOR CUSTOMER hold. Commits reserved yards so they are not Available.","","","","","","","","","","","","","","","","","","","","","","","","","","","","",""
"Sheet Migration Hold","MIG-HOLD-FABRIC-20260811","Not shipped","2026-09-30","Fabric","material","FAB-SPEC-CARB","SPECTRUM CARBON","","","5.00000","0","0.00%","8.600","0.00","0.00","USD","0.00","1","2026-10-01","2026-10-21","","","","","CC Manufacturing","In stock","",,"Fabric freeze 2026-08-11 FOR CUSTOMER hold. Commits reserved yards so they are not Available.","","","","","","","","","","","","","","","","","","","","","","","","","","","","",""
"Sheet Migration Hold","MIG-HOLD-FABRIC-20260811","Not shipped","2026-09-30","Fabric","material","FAB-STA-MES54ALM","STANDAR MESH 54"" ALMOND","","","60.00000","0","0.00%","8.600","0.00","0.00","USD","0.00","1","2026-10-01","2026-10-21","","","","","CC Manufacturing","In stock","",,"Fabric freeze 2026-08-11 FOR CUSTOMER hold. Commits reserved yards so they are not Available.","","","","","","","","","","","","","","","","","","","","","","","","","","","","",""
"Sheet Migration Hold","MIG-HOLD-FABRIC-20260811","Not shipped","2026-09-30","Fabric","material","FAB-STE-GREULT","STEM GREEN ULTRALEATHER","","","2.00000","0","0.00%","8.600","0.00","0.00","USD","0.00","1","2026-10-01","2026-10-21","","","","","CC Manufacturing","In stock","",,"Fabric freeze 2026-08-11 FOR CUSTOMER hold. Commits reserved yards so they are not Available.","","","","","","","","","","","","","","","","","","","","","","","","","","","","",""
"Sheet Migration Hold","MIG-HOLD-FABRIC-20260811","Not shipped","2026-09-30","Fabric","material","FAB-TROPICS-JUNGLE","TROPICS JUNGLE","","","3.00000","0","0.00%","8.600","0.00","0.00","USD","0.00","1","2026-10-01","2026-10-21","","","","","CC Manufacturing","In stock","",,"Fabric freeze 2026-08-11 FOR CUSTOMER hold. Commits reserved yards so they are not Available.","","","","","","","","","","","","","","","","","","","","","","","","","","","","",""
"Sheet Migration Hold","MIG-HOLD-FABRIC-20260811","Not shipped","2026-09-30","Fabric","material","FAB-UND-STO","UNDERCURRENT STORM","","","2.00000","0","0.00%","8.600","0.00","0.00","USD","0.00","1","2026-10-01","2026-10-21","","","","","CC Manufacturing","In stock","",,"Fabric freeze 2026-08-11 FOR CUSTOMER hold. Commits reserved yards so they are not Available.","","","","","","","","","","","","","","","","","","","","","","","","","","","","",""
"Sheet Migration Hold","MIG-HOLD-FABRIC-20260811","Not shipped","2026-09-30","Fabric","material","FAB-VIE-NAU","VIENTO NAUTICAL","","","14.00000","0","0.00%","8.600","0.00","0.00","USD","0.00","1","2026-10-01","2026-10-21","","","","","CC Manufacturing","In stock","",,"Fabric freeze 2026-08-11 FOR CUSTOMER hold. Commits reserved yards so they are not Available.","","","","","","","","","","","","","","","","","","","","","","","","","","","","",""
"CAROL BENNET","WIP-1769","Not shipped","2026-10-01","Finished goods","product","FIN-WIP-SHEET","Sheet migration custom build","","","1.00000","0","0.00%","8.600","0.00","0.00","USD","0.00","1","2026-10-01","2026-10-22","","","","","CC Manufacturing","Expected","2026-10-05",,"Legacy order 1769 Type: RESIDENTIAL Production deadline: Mon, Oct 12, 2026 Delivery: Mon, Oct 12, 2026 Piece counts: cushions 0, metal 0, dekton 0 Fabric sheet client: CAROL & TODD BENNETT Address: 13271 E. Juan Tabo Rd SCOTTSDALE AZ 85255-0465 Logistics PU / DROP: — Delivery Conf.: YES PU / DROP Confirmed: NA Purchasing FOAM: ORDERED Covers: NOT REQUIRED Umbrella: NOT REQUIRED Tenjam/Others: NOT REQUIRED Firepit System: NOT REQUIRED Labor projections Proj. Hrs Cushion: — Proj. Hrs Metal: — Proj. Hrs Dekton: — Sales SALE: KIAN","","","","","","","","","1769","","NOT REQUIRED","13271 E. Juan Tabo Rd SCOTTSDALE AZ 85255-0465","","2026-10-12","NOT REQUIRED","","","","","2026-10-12","","","","","","","NOT REQUIRED","RESIDENTIAL","NOT REQUIRED"
"KONA RE-DOING-GENCUSH","WIP-1491","Not shipped","2026-10-01","Finished goods","product","FIN-WIP-SHEET","Sheet migration custom build","","","1.00000","0","0.00%","8.600","0.00","0.00","USD","0.00","1","2026-10-01","2026-10-22","","","","","CC Manufacturing","Expected","2026-10-05",,"Legacy order 1491 Type: COMMERCIAL Piece counts: cushions 20, metal 0, dekton 0 Fabric sheet client: RE DOING GENCUSH KONA VILLAGE Address: 72-300 Maheawalu Drive, Kailua-Kona HI 96740 SHIP Logistics PU / DROP: — Delivery Conf.: NO PU / DROP Confirmed: NA Purchasing FOAM: NOT REQUIRED Covers: NOT REQUIRED Umbrella: NOT REQUIRED Tenjam/Others: NOT REQUIRED Firepit System: NOT REQUIRED Labor projections Proj. Hrs Cushion: 0 Proj. Hrs Metal: 0 Proj. Hrs Dekton: 0 Sales SALE: —","","","","","","","","","1491","","NOT REQUIRED","72-300 Maheawalu Drive, Kailua-Kona HI 96740 SHIP","","","NOT REQUIRED","","20","0","0","",0,0,0,"","","","NOT REQUIRED","COMMERCIAL","NOT REQUIRED"
"NAZ AHMAD","WIP-1505","Not shipped","2026-10-01","Finished goods","product","FIN-WIP-SHEET","Sheet migration custom build","","","1.00000","0","0.00%","8.600","0.00","0.00","USD","0.00","1","2026-10-01","2026-10-22","","","","","CC Manufacturing","Expected","2026-10-05",,"Legacy order 1505 Type: RESIDENTIAL Production deadline: Mon, Oct 05, 2026 Delivery: Mon, Oct 05, 2026 Piece counts: cushions 46, metal 13, dekton 8 Fabric sheet client: NAZ AHMAD Address: 8476 E Wethersfield Rd Scottsdale 85260 Logistics PU / DROP: — Delivery Conf.: YES PU / DROP Confirmed: NA Purchasing FOAM: RECEIVED Covers: NOT REQUIRED Umbrella: NOT REQUIRED Tenjam/Others: NOT REQUIRED Firepit System: NOT REQUIRED Labor projections Proj. Hrs Cushion: 36:12:00 Proj. Hrs Metal: 0.3 Proj. Hrs Dekton: 0.34 Sales SALE: JAMIN","","","","","","","","","1505","","NOT REQUIRED","8476 E Wethersfield Rd Scottsdale 85260","","2026-10-05","NOT REQUIRED","","46","8","13","2026-10-05",36.2,0.34,0.3,"","","","NOT REQUIRED","RESIDENTIAL","NOT REQUIRED"
"LINDA FRIESER","WIP-1632","Not shipped","2026-10-01","Finished goods","product","FIN-WIP-SHEET","Sheet migration custom build","","","1.00000","0","0.00%","8.600","0.00","0.00","USD","0.00","1","2026-10-01","2026-10-22","","","","","CC Manufacturing","Expected","2026-10-05",,"Legacy order 1632 Type: SERVICE-WARRANT Piece counts: cushions 0, metal 0, dekton 0 Fabric sheet client: LINDA FREISER-WARRANTY Address: FACTORY DROP OFF / PICK UP Logistics PU / DROP: — Delivery Conf.: NO PU / DROP Confirmed: NO Purchasing FOAM: SAME NEED Covers: NOT REQUIRED Umbrella: NOT REQUIRED Tenjam/Others: NOT REQUIRED Firepit System: NOT REQUIRED Labor projections Proj. Hrs Cushion: 0 Proj. Hrs Metal: 0 Proj. Hrs Dekton: 0 Sales SALE: KIAN","","","","","","","","","1632","","NOT REQUIRED","FACTORY DROP OFF / PICK UP","","","NOT REQUIRED","","0","0","0","",0,0,0,"","","","NOT REQUIRED","SERVICE WARRANTY","NOT REQUIRED"
"ABIGAIL GAGE","WIP-1658","Not shipped","2026-10-01","Finished goods","product","FIN-WIP-SHEET","Sheet migration custom build","","","1.00000","0","0.00%","8.600","0.00","0.00","USD","0.00","1","2026-10-01","2026-10-22","","","","","CC Manufacturing","Expected","2026-10-05",,"Legacy order 1658 Type: RESIDENTIAL Production deadline: Wed, Nov 11, 2026 Delivery: Wed, Nov 11, 2026 Piece counts: cushions 17, metal 0, dekton 0 Fabric sheet client: ABIGAIL-ROBERT GAGE Address: 18121 East Juniper Oaks Drive Rio Verde AZ Logistics PU / DROP: — Delivery Conf.: NO PU / DROP Confirmed: NA Purchasing FOAM: NEED Covers: NOT REQUIRED Umbrella: NOT REQUIRED Tenjam/Others: NOT REQUIRED Firepit System: NOT REQUIRED Labor projections Proj. Hrs Cushion: 7.09 Proj. Hrs Metal: 6.67 Proj. Hrs Dekton: 0 Sales SALE: MIA G","","","","","","","","","1658","","NOT REQUIRED","18121 East Juniper Oaks Drive Rio Verde AZ","","2026-11-11","NOT REQUIRED","","17","","","2026-11-11",7.09,0,6.67,"","","","NOT REQUIRED","RESIDENTIAL","NOT REQUIRED"
"STEVEN STUDENT - SHOWROOM FURNITURE","WIP-1666","Not shipped","2026-10-01","Finished goods","product","FIN-WIP-SHEET","Sheet migration custom build","","","1.00000","0","0.00%","8.600","0.00","0.00","USD","0.00","1","2026-10-01","2026-10-22","","","","","CC Manufacturing","In stock","",,"Legacy order 1666 Type: RESIDENTIAL Piece counts: cushions 0, metal 1, dekton 3 Address: 11922 E Cavedale Dr, Scottsdale, AZ 85262 Logistics PU / DROP: 8/20/2026 Delivery Conf.: NO PU / DROP Confirmed: YES Purchasing FOAM: NOT REQUIRED Covers: RECEIVED Umbrella: NOT REQUIRED Tenjam/Others: NOT REQUIRED Firepit System: RECEIVED Labor projections Proj. Hrs Cushion: 0 Proj. Hrs Metal: 2 Proj. Hrs Dekton: 8 Sales SALE: —","","","","","","","","","1666","","RECEIVED","11922 E Cavedale Dr, Scottsdale, AZ 85262","","","RECEIVED","","0","3","1","",0,8,2,"2026-08-20","","","NOT REQUIRED","RESIDENTIAL","NOT REQUIRED"
"MAI YAHN","WIP-1675","Not shipped","2026-10-01","Finished goods","product","FIN-WIP-SHEET","Sheet migration custom build","","","1.00000","0","0.00%","8.600","0.00","0.00","USD","0.00","1","2026-10-01","2026-10-22","","","","","CC Manufacturing","Expected","2026-10-05",,"Legacy order 1675 Type: RESIDENTIAL Production deadline: Wed, Nov 11, 2026 Delivery: Wed, Nov 11, 2026 Piece counts: cushions 75, metal 38, dekton 14 Fabric sheet client: MAI YAHN Address: 1688 E. DESERT GARDEN DRIVE TUCSON, AZ 85743 Logistics PU / DROP: — Delivery Conf.: NO PU / DROP Confirmed: NA Purchasing FOAM: NEED Covers: NOT REQUIRED Umbrella: NEED Tenjam/Others: NOT REQUIRED Firepit System: RECEIVED Labor projections Proj. Hrs Cushion: 1.32 Proj. Hrs Metal: 0.75 Proj. Hrs Dekton: 0.84 Sales SALE: JASMIN","","","","","","","","","1675","","NOT REQUIRED","1688 E. DESERT GARDEN DRIVE TUCSON, AZ  85743","","2026-11-11","RECEIVED","","75","14","38","2026-11-11",1.32,0.84,0.75,"","","","NOT REQUIRED","RESIDENTIAL","NEED"
"TAMMY BONE","WIP-1676","Not shipped","2026-10-01","Finished goods","product","FIN-WIP-SHEET","Sheet migration custom build","","","1.00000","0","0.00%","8.600","0.00","0.00","USD","0.00","1","2026-10-01","2026-10-22","","","","","CC Manufacturing","Expected","2026-10-05",,"Legacy order 1676 Type: RESIDENTIAL Piece counts: cushions 4, metal 20, dekton 7 Fabric sheet client: TAMMY BONE Address: 7167 E Rancho Vista Driuve #1012 Logistics PU / DROP: — Delivery Conf.: NO PU / DROP Confirmed: NA Purchasing FOAM: NEED Covers: NEED Umbrella: NOT REQUIRED Tenjam/Others: NOT REQUIRED Firepit System: RECEIVED Labor projections Proj. Hrs Cushion: 0.38 Proj. Hrs Metal: 0.38 Proj. Hrs Dekton: 0.21 Sales SALE: JASMIN","","","","","","","","","1676","","NEED","7167 E Rancho Vista Driuve #1012","","","RECEIVED","","4","7","20","",0.38,0.21,0.38,"","","","NOT REQUIRED","RESIDENTIAL","NOT REQUIRED"
"TONY KURTH","WIP-1677","Not shipped","2026-10-01","Finished goods","product","FIN-WIP-SHEET","Sheet migration custom build","","","1.00000","0","0.00%","8.600","0.00","0.00","USD","0.00","1","2026-10-01","2026-10-22","","","","","CC Manufacturing","In stock","",,"Legacy order 1677 Type: PICKUP Production deadline: Wed, Jul 01, 2026 Delivery: Wed, Jul 01, 2026 Piece counts: cushions 0, metal 0, dekton 0 Address: PICKUP Logistics PU / DROP: — Delivery Conf.: NO PU / DROP Confirmed: NA Purchasing FOAM: NOT REQUIRED Covers: NOT REQUIRED Umbrella: NOT REQUIRED Tenjam/Others: NOT REQUIRED Firepit System: NOT REQUIRED Labor projections Proj. Hrs Cushion: 0 Proj. Hrs Metal: 0 Proj. Hrs Dekton: 0 Sales SALE: —","","","","","","","","","1677","","NOT REQUIRED","PICKUP","","2026-07-01","NOT REQUIRED","","0","0","0","2026-07-01",0,0,0,"","","","NOT REQUIRED","","NOT REQUIRED"
"OPTIMA 7190 FRAMES PHASE III","WIP-1685","Not shipped","2026-10-01","Finished goods","product","FIN-WIP-SHEET","Sheet migration custom build","","","1.00000","0","0.00%","8.600","0.00","0.00","USD","0.00","1","2026-10-01","2026-10-22","","","","","CC Manufacturing","In stock","",,"Legacy order 1685 Type: SERVICE-WARRANT Production deadline: Tue, Oct 06, 2026 Delivery: Tue, Oct 06, 2026 Piece counts: cushions 0, metal 40, dekton 0 Address: OPTIMA 7190 Logistics PU / DROP: 9/23/2026 Delivery Conf.: YES PU / DROP Confirmed: YES Purchasing FOAM: NOT REQUIRED Covers: NOT REQUIRED Umbrella: NOT REQUIRED Tenjam/Others: NOT REQUIRED Firepit System: NOT REQUIRED Labor projections Proj. Hrs Cushion: 0 Proj. Hrs Metal: 0.56 Proj. Hrs Dekton: 0 Sales SALE: —","","","","","","","","","1685","","NOT REQUIRED","OPTIMA 7190","","2026-10-06","NOT REQUIRED","","0","0","40","2026-10-06",0,0,0.56,"2026-09-23","","","NOT REQUIRED","SERVICE WARRANTY","NOT REQUIRED"
"SO EXTRA DESIGN","WIP-1691","Not shipped","2026-10-01","Finished goods","product","FIN-WIP-SHEET","Sheet migration custom build","","","1.00000","0","0.00%","8.600","0.00","0.00","USD","0.00","1","2026-10-01","2026-10-22","","","","","CC Manufacturing","Expected","2026-10-05",,"Legacy order 1691 Type: COMMERCIAL Production deadline: Thu, Nov 05, 2026 Delivery: Thu, Nov 05, 2026 Piece counts: cushions 13, metal 14, dekton 1 Fabric sheet client: So Extra Design Address: RANCHO SANTA FE Logistics PU / DROP: — Delivery Conf.: YES PU / DROP Confirmed: NA Purchasing FOAM: NEED Covers: NOT REQUIRED Umbrella: NOT REQUIRED Tenjam/Others: NOT REQUIRED Firepit System: NOT REQUIRED Labor projections Proj. Hrs Cushion: 0.17 Proj. Hrs Metal: 0.3 Proj. Hrs Dekton: 0.3 Sales SALE: SARA","","","","","","","","","1691","","NOT REQUIRED","RANCHO SANTA FE","","2026-11-05","NOT REQUIRED","","13","1","14","2026-11-05",0.17,0.3,0.3,"","","","NOT REQUIRED","COMMERCIAL","NOT REQUIRED"
"DAVID KUPERBERG","WIP-1711","Not shipped","2026-10-01","Finished goods","product","FIN-WIP-SHEET","Sheet migration custom build","","","1.00000","0","0.00%","8.600","0.00","0.00","USD","0.00","1","2026-10-01","2026-10-22","","","","","CC Manufacturing","In stock","",,"Legacy order 1711 Type: RESIDENTIAL Production deadline: Thu, Oct 01, 2026 Delivery: Thu, Oct 01, 2026 Piece counts: cushions 31, metal 27, dekton 7 Fabric sheet client: David Kuperberg Address: 8386 E Leaning Rock Rd. Scottsdale, AZ 85266 Logistics PU / DROP: — Delivery Conf.: YES PU / DROP Confirmed: NA Purchasing FOAM: RECEIVED Covers: NOT REQUIRED Umbrella: RECEIVED Tenjam/Others: NOT REQUIRED Firepit System: NOT REQUIRED Labor projections Proj. Hrs Cushion: 0.42 Proj. Hrs Metal: 0.5 Proj. Hrs Dekton: 0.8 Sales SALE: MIA","","","","","","","","","1711","","NOT REQUIRED","8386 E Leaning Rock Rd. Scottsdale, AZ  85266","","2026-10-01","NOT REQUIRED","","31","7","27","2026-10-01",0.42,0.8,0.5,"","","","NOT REQUIRED","RESIDENTIAL","RECEIVED"
"SUZANNE HIPPEL","WIP-1712","Not shipped","2026-10-01","Finished goods","product","FIN-WIP-SHEET","Sheet migration custom build","","","1.00000","0","0.00%","8.600","0.00","0.00","USD","0.00","1","2026-10-01","2026-10-22","","","","","CC Manufacturing","In stock","",,"Legacy order 1712 Type: RESIDENTIAL Piece counts: cushions 0, metal 0, dekton 0 Address: 4323 E. Upper Ridge Way, Paradise Valley, Az Logistics PU / DROP: — Delivery Conf.: NO PU / DROP Confirmed: NO Purchasing FOAM: NOT REQUIRED Covers: NOT REQUIRED Umbrella: NOT REQUIRED Tenjam/Others: NOT REQUIRED Firepit System: NOT REQUIRED Labor projections Proj. Hrs Cushion: 0 Proj. Hrs Metal: 0 Proj. Hrs Dekton: 0 Sales SALE: —","","","","","","","","","1712","","NOT REQUIRED","4323 E. Upper Ridge Way, Paradise Valley, Az","","","NOT REQUIRED","","0","0","0","",0,0,0,"","","","NOT REQUIRED","RESIDENTIAL","NOT REQUIRED"
"ROBERT & DAWN MURILLO","WIP-1717","Not shipped","2026-10-01","Finished goods","product","FIN-WIP-SHEET","Sheet migration custom build","","","1.00000","0","0.00%","8.600","0.00","0.00","USD","0.00","1","2026-10-01","2026-10-22","","","","","CC Manufacturing","Expected","2026-10-05",,"Legacy order 1717 Type: RESIDENTIAL Production deadline: Fri, Oct 02, 2026 Delivery: Fri, Oct 02, 2026 Piece counts: cushions 6, metal 6, dekton 0 Fabric sheet client: ROBERT & DAWN MURILLO Address: 3469 Dorchester Dr, San Diego, CA 92123, Logistics PU / DROP: — Delivery Conf.: YES PU / DROP Confirmed: NA Purchasing FOAM: RECEIVED Covers: NOT REQUIRED Umbrella: NOT REQUIRED Tenjam/Others: NOT REQUIRED Firepit System: NOT REQUIRED Labor projections Proj. Hrs Cushion: 0.25 Proj. Hrs Metal: 0.17 Proj. Hrs Dekton: 0 Sales SALE: SARA","","","","","","","","","1717","","NOT REQUIRED","3469 Dorchester Dr, San Diego, CA 92123,","","2026-10-02","NOT REQUIRED","","6","0","6","2026-10-02",0.25,0,0.17,"","","","NOT REQUIRED","RESIDENTIAL","NOT REQUIRED"
"KATHERINE CLEMENTS","WIP-1719","Not shipped","2026-10-01","Finished goods","product","FIN-WIP-SHEET","Sheet migration custom build","","","1.00000","0","0.00%","8.600","0.00","0.00","USD","0.00","1","2026-10-01","2026-10-22","","","","","CC Manufacturing","Expected","2026-10-05",,"Legacy order 1719 Type: SERVICE-WARRANT Production deadline: Wed, Oct 07, 2026 Delivery: Wed, Oct 07, 2026 Piece counts: cushions 14, metal 0, dekton 0 Fabric sheet client: KATHERINE CLEMENTS (WARRANTY) Address: 12121 E Altadena Dr SCOTTSDALE AZ 85259 Logistics PU / DROP: 9/10/2026 Delivery Conf.: YES PU / DROP Confirmed: YES Purchasing FOAM: SAME RECEIVED Covers: NOT REQUIRED Umbrella: RECEIVED Tenjam/Others: NOT REQUIRED Firepit System: NOT REQUIRED Labor projections Proj. Hrs Cushion: 0.59 Proj. Hrs Metal: 0 Proj. Hrs Dekton: 0 Sales SALE: KIAN","","","","","","","","","1719","","NOT REQUIRED","12121 E Altadena Dr SCOTTSDALE AZ 85259","","2026-10-07","NOT REQUIRED","","14","0","0","2026-10-07",0.59,0,0,"2026-09-10","","","NOT REQUIRED","SERVICE WARRANTY","RECEIVED"
"DANIELLE BOECKER","WIP-1720","Not shipped","2026-10-01","Finished goods","product","FIN-WIP-SHEET","Sheet migration custom build","","","1.00000","0","0.00%","8.600","0.00","0.00","USD","0.00","1","2026-10-01","2026-10-22","","","","","CC Manufacturing","Expected","2026-10-05",,"Legacy order 1720 Type: RESIDENTIAL Production deadline: Sun, Oct 04, 2026 Delivery: Sun, Oct 04, 2026 Piece counts: cushions 73, metal 38, dekton 7 Fabric sheet client: DANIELLE BOECKER Address: JW Marriott, Lodging Conference, 5350 East Marriott Drive Logistics PU / DROP: 10/1/2026 Delivery Conf.: YES PU / DROP Confirmed: YES Purchasing FOAM: SAME REC&NEW REC Covers: NOT REQUIRED Umbrella: NOT REQUIRED Tenjam/Others: NOT REQUIRED Firepit System: NOT REQUIRED Labor projections Proj. Hrs Cushion: 2.52 Proj. Hrs Metal: 0.71 Proj. Hrs Dekton: 0.38 Sales SALE: MIA","","","","","","","","","1720","","NOT REQUIRED","JW Marriott, Lodging Conference, 5350 East Marriott Drive","","2026-10-04","NOT REQUIRED","","73","7","38","2026-10-04",2.52,0.38,0.71,"2026-10-01","","","NOT REQUIRED","RESIDENTIAL","NOT REQUIRED"
"TRACY LAPAGLIA","WIP-1721","Not shipped","2026-10-01","Finished goods","product","FIN-WIP-SHEET","Sheet migration custom build","","","1.00000","0","0.00%","8.600","0.00","0.00","USD","0.00","1","2026-10-01","2026-10-22","","","","","CC Manufacturing","Expected","2026-10-05",,"Legacy order 1721 Type: RESIDENTIAL Production deadline: Tue, Oct 20, 2026 Delivery: Tue, Oct 20, 2026 Piece counts: cushions 15, metal 20, dekton 5 Fabric sheet client: TRACY LAPAGLIA Address: 2474 Wren Cove Way LAKE HAVASU AZ Logistics PU / DROP: — Delivery Conf.: YES PU / DROP Confirmed: NA Purchasing FOAM: NEED Covers: NOT REQUIRED Umbrella: NOT REQUIRED Tenjam/Others: NOT REQUIRED Firepit System: NOT REQUIRED Labor projections Proj. Hrs Cushion: 0.46 Proj. Hrs Metal: 0.46 Proj. Hrs Dekton: 0.17 Sales SALE: JASMIN","","","","","","","","","1721","","NOT REQUIRED","2474 Wren Cove Way LAKE HAVASU AZ","","2026-10-20","NOT REQUIRED","","15","5","20","2026-10-20",0.46,0.17,0.46,"","","","NOT REQUIRED","RESIDENTIAL","NOT REQUIRED"
"GIL KONFINO","WIP-1723","Not shipped","2026-10-01","Finished goods","product","FIN-WIP-SHEET","Sheet migration custom build","","","1.00000","0","0.00%","8.600","0.00","0.00","USD","0.00","1","2026-10-01","2026-10-22","","","","","CC Manufacturing","Expected","2026-10-05",,"Legacy order 1723 Type: RESIDENTIAL Production deadline: Thu, Oct 22, 2026 Delivery: Thu, Oct 22, 2026 Piece counts: cushions 6, metal 6, dekton 4 Fabric sheet client: GIL KONFINO Address: 33962 N Cole Ranch Rd QUEEN CREEK AZ Logistics PU / DROP: — Delivery Conf.: NO PU / DROP Confirmed: NA Purchasing FOAM: RECEIVED Covers: NOT REQUIRED Umbrella: RECEIVED Tenjam/Others: RECEIVED Firepit System: NOT REQUIRED Labor projections Proj. Hrs Cushion: 0.42 Proj. Hrs Metal: 3 Proj. Hrs Dekton: 1 Sales SALE: KIAN","","","","","","","","","1723","","NOT REQUIRED","33962 N Cole Ranch Rd QUEEN CREEK AZ","","2026-10-22","NOT REQUIRED","","6","4","6","2026-10-22",0.42,1,3,"","","","RECEIVED","RESIDENTIAL","RECEIVED"
"TODD BONDY","WIP-1727","Not shipped","2026-10-01","Finished goods","product","FIN-WIP-SHEET","Sheet migration custom build","","","1.00000","0","0.00%","8.600","0.00","0.00","USD","0.00","1","2026-10-01","2026-10-22","","","","","CC Manufacturing","In stock","",,"Legacy order 1727 Type: SERVICE-WARRANT Production deadline: Fri, Oct 02, 2026 Delivery: Fri, Oct 02, 2026 Piece counts: cushions 6, metal 0, dekton 0 Fabric sheet client: TODD BONDY Address: 4343 E Stanford Dr PHOENIX AZ 85018 Logistics PU / DROP: 9/21/2026 Delivery Conf.: YES PU / DROP Confirmed: YES Purchasing FOAM: SAME RECEIVED Covers: RECEIVED Umbrella: NOT REQUIRED Tenjam/Others: NOT REQUIRED Firepit System: NOT REQUIRED Labor projections Proj. Hrs Cushion: 0.9 Proj. Hrs Metal: 0 Proj. Hrs Dekton: 0 Sales SALE: KIAN","","","","","","","","","1727","","RECEIVED","4343 E Stanford Dr PHOENIX AZ 85018","","2026-10-02","NOT REQUIRED","","6","0","0","2026-10-02",0.9,0,0,"2026-09-21","","","NOT REQUIRED","SERVICE WARRANTY","NOT REQUIRED"
"DONNA HAMMEL WARRANTY","WIP-1731","Not shipped","2026-10-01","Finished goods","product","FIN-WIP-SHEET","Sheet migration custom build","","","1.00000","0","0.00%","8.600","0.00","0.00","USD","0.00","1","2026-10-01","2026-10-22","","","","","CC Manufacturing","In stock","",,"Legacy order 1731 Type: SERVICE-WARRANT Production deadline: Fri, Oct 02, 2026 Delivery: Fri, Oct 02, 2026 Piece counts: cushions 2, metal 0, dekton 0 Fabric sheet client: DONA HAMEL WARRANTY Address: 8861 E Via Montoya SCOTTSDALE AZ 85255 Logistics PU / DROP: 9/18/2026 Delivery Conf.: YES PU / DROP Confirmed: YES Purchasing FOAM: RECEIVED Covers: NOT REQUIRED Umbrella: NOT REQUIRED Tenjam/Others: NOT REQUIRED Firepit System: NOT REQUIRED Labor projections Proj. Hrs Cushion: 2.25 Proj. Hrs Metal: 0 Proj. Hrs Dekton: 0 Sales SALE: ADAM","","","","","","","","","1731","","NOT REQUIRED","8861 E Via Montoya SCOTTSDALE AZ 85255","","2026-10-02","NOT REQUIRED","","2","0","0","2026-10-02",2.25,0,0,"2026-09-18","","","NOT REQUIRED","SERVICE WARRANTY","NOT REQUIRED"
"HOPE BRICK","WIP-1734","Not shipped","2026-10-01","Finished goods","product","FIN-WIP-SHEET","Sheet migration custom build","","","1.00000","0","0.00%","8.600","0.00","0.00","USD","0.00","1","2026-10-01","2026-10-22","","","","","CC Manufacturing","Expected","2026-10-05",,"Legacy order 1734 Type: SERVICE-WARRANT Piece counts: cushions 25, metal 0, dekton 0 Fabric sheet client: HOPE BRICK Address: 11064 E Bent Tree Dr, Scottsdale, AZ 85262, USA Logistics PU / DROP: — Delivery Conf.: NO PU / DROP Confirmed: NO Purchasing FOAM: SAME NEED Covers: NOT REQUIRED Umbrella: NOT REQUIRED Tenjam/Others: NOT REQUIRED Firepit System: NOT REQUIRED Labor projections Proj. Hrs Cushion: 0.97 Proj. Hrs Metal: 0 Proj. Hrs Dekton: 0 Sales SALE: KIAN","","","","","","","","","1734","","NOT REQUIRED","11064 E Bent Tree Dr, Scottsdale, AZ 85262, USA","","","NOT REQUIRED","","25","0","0","",0.97,0,0,"","","","NOT REQUIRED","SERVICE WARRANTY","NOT REQUIRED"
"KURT STYERS","WIP-1738","Not shipped","2026-10-01","Finished goods","product","FIN-WIP-SHEET","Sheet migration custom build","","","1.00000","0","0.00%","8.600","0.00","0.00","USD","0.00","1","2026-10-01","2026-10-22","","","","","CC Manufacturing","Expected","2026-10-05",,"Legacy order 1738 Type: SERVICE-WARRANT Production deadline: Thu, Oct 15, 2026 Delivery: Thu, Oct 15, 2026 Piece counts: cushions 12, metal 0, dekton 0 Fabric sheet client: KURT STYERS Address: 3045 E Los Altos Ct GILBERT AZ 85297 Logistics PU / DROP: 10/2/2026 Delivery Conf.: YES PU / DROP Confirmed: YES Purchasing FOAM: SAME NEED Covers: NOT REQUIRED Umbrella: NOT REQUIRED Tenjam/Others: NOT REQUIRED Firepit System: NOT REQUIRED Labor projections Proj. Hrs Cushion: 5.85 Proj. Hrs Metal: 0 Proj. Hrs Dekton: 0 Sales SALE: MIA","","","","","","","","","1738","","NOT REQUIRED","3045 E Los Altos Ct GILBERT AZ 85297","","2026-10-15","NOT REQUIRED","","12","0","0","2026-10-15",5.85,0,0,"2026-10-02","","","NOT REQUIRED","SERVICE WARRANTY","NOT REQUIRED"
"ROBERT BARRY WARRANTY","WIP-1740","Not shipped","2026-10-01","Finished goods","product","FIN-WIP-SHEET","Sheet migration custom build","","","1.00000","0","0.00%","8.600","0.00","0.00","USD","0.00","1","2026-10-01","2026-10-22","","","","","CC Manufacturing","Expected","2026-10-05",,"Legacy order 1740 Type: SERVICE-WARRANT Production deadline: Thu, Oct 15, 2026 Delivery: Thu, Oct 15, 2026 Piece counts: cushions 1, metal 0, dekton 0 Fabric sheet client: ROBERT BARRY Address: 5606 N Camelback Canyon Dr PHOENIX AZ 85018 Logistics PU / DROP: 10/7/2026 Delivery Conf.: YES PU / DROP Confirmed: YES Purchasing FOAM: SAME NEED Covers: NOT REQUIRED Umbrella: NOT REQUIRED Tenjam/Others: NOT REQUIRED Firepit System: NOT REQUIRED Labor projections Proj. Hrs Cushion: 2.25 Proj. Hrs Metal: 0 Proj. Hrs Dekton: 0 Sales SALE: KIAN","","","","","","","","","1740","","NOT REQUIRED","5606 N Camelback Canyon Dr PHOENIX AZ 85018","","2026-10-15","NOT REQUIRED","","1","0","0","2026-10-15",2.25,0,0,"2026-10-07","","","NOT REQUIRED","SERVICE WARRANTY","NOT REQUIRED"
"BETH FEINDSILVER","WIP-1744","Not shipped","2026-10-01","Finished goods","product","FIN-WIP-SHEET","Sheet migration custom build","","","1.00000","0","0.00%","8.600","0.00","0.00","USD","0.00","1","2026-10-01","2026-10-22","","","","","CC Manufacturing","In stock","",,"Legacy order 1744 Type: RESIDENTIAL Production deadline: Fri, Nov 06, 2026 Delivery: Fri, Nov 06, 2026 Piece counts: cushions 17, metal 19, dekton 4 Fabric sheet client: BETH FEINDSILVER Address: 24642 N 123rd Pl SCOTTSDALE AZ Logistics PU / DROP: — Delivery Conf.: NO PU / DROP Confirmed: NA Purchasing FOAM: RECEIVED Covers: NOT REQUIRED Umbrella: RECEIVED Tenjam/Others: RECEIVED Firepit System: NOT REQUIRED Labor projections Proj. Hrs Cushion: 10 Proj. Hrs Metal: 7 Proj. Hrs Dekton: 4 Sales SALE: JASMIN","","","","","","","","","1744","","NOT REQUIRED","24642 N 123rd Pl  SCOTTSDALE AZ","","2026-11-06","NOT REQUIRED","","17","4","19","2026-11-06",10,4,7,"","","","RECEIVED","RESIDENTIAL","RECEIVED"
"TYLER & MICHELLE HAAHR","WIP-1748","Not shipped","2026-10-01","Finished goods","product","FIN-WIP-SHEET","Sheet migration custom build","","","1.00000","0","0.00%","8.600","0.00","0.00","USD","0.00","1","2026-10-01","2026-10-22","","","","","CC Manufacturing","Expected","2026-10-05",,"Legacy order 1748 Type: RESIDENTIAL Production deadline: Mon, Oct 26, 2026 Delivery: Mon, Oct 26, 2026 Piece counts: cushions 7, metal 7, dekton 0 Fabric sheet client: CASEY JESSEN Address: 6732 E Fanfol Dr PV AZ 85253 Logistics PU / DROP: — Delivery Conf.: YES PU / DROP Confirmed: NA Purchasing FOAM: NEED Covers: NOT REQUIRED Umbrella: NOT REQUIRED Tenjam/Others: NOT REQUIRED Firepit System: NOT REQUIRED Labor projections Proj. Hrs Cushion: 3.6 Proj. Hrs Metal: 2.33 Proj. Hrs Dekton: 0 Sales SALE: MIA","","","","","","","","","1748","","NOT REQUIRED","6732 E Fanfol Dr PV AZ 85253","","2026-10-26","NOT REQUIRED","","7","0","7","2026-10-26",3.6,0,2.33,"","","","NOT REQUIRED","RESIDENTIAL","NOT REQUIRED"
"CARLYN TEAL EDDS","WIP-1749","Not shipped","2026-10-01","Finished goods","product","FIN-WIP-SHEET","Sheet migration custom build","","","1.00000","0","0.00%","8.600","0.00","0.00","USD","0.00","1","2026-10-01","2026-10-22","","","","","CC Manufacturing","Expected","2026-10-05",,"Legacy order 1749 Type: RESIDENTIAL Production deadline: Thu, Nov 05, 2026 Delivery: Thu, Nov 05, 2026 Piece counts: cushions 22, metal 20, dekton 0 Fabric sheet client: CARLYN-TEALL EDDS Address: 1585 Coast Walk, La Jolla, CA 92037 Logistics PU / DROP: — Delivery Conf.: NO PU / DROP Confirmed: NA Purchasing FOAM: NEED Covers: NOT REQUIRED Umbrella: NOT REQUIRED Tenjam/Others: NOT REQUIRED Firepit System: NOT REQUIRED Labor projections Proj. Hrs Cushion: 8 Proj. Hrs Metal: 13.33 Proj. Hrs Dekton: 0 Sales SALE: SARA","","","","","","","","","1749","","NOT REQUIRED","1585 Coast Walk, La Jolla, CA 92037","","2026-11-05","NOT REQUIRED","","22","0","20","2026-11-05",8,0,13.33,"","","","NOT REQUIRED","RESIDENTIAL","NOT REQUIRED"
"MICHELLE ANDERS","WIP-1750","Not shipped","2026-10-01","Finished goods","product","FIN-WIP-SHEET","Sheet migration custom build","","","1.00000","0","0.00%","8.600","0.00","0.00","USD","0.00","1","2026-10-01","2026-10-22","","","","","CC Manufacturing","Expected","2026-10-05",,"Legacy order 1750 Type: RESIDENTIAL Production deadline: Wed, Oct 21, 2026 Delivery: Wed, Oct 21, 2026 Piece counts: cushions 10, metal 11, dekton 1 Fabric sheet client: MICHELLE ANDERS Address: 12218 E Black Rock Rd, Scottsdale, AZ 85255, USA Logistics PU / DROP: — Delivery Conf.: YES PU / DROP Confirmed: NA Purchasing FOAM: NEED Covers: RECEIVED Umbrella: NOT REQUIRED Tenjam/Others: NOT REQUIRED Firepit System: NOT REQUIRED Labor projections Proj. Hrs Cushion: 6 Proj. Hrs Metal: 4 Proj. Hrs Dekton: 3 Sales SALE: JASMIN","","","","","","","","","1750","","RECEIVED","12218 E Black Rock Rd, Scottsdale, AZ 85255, USA","","2026-10-21","NOT REQUIRED","","10","1","11","2026-10-21",6,3,4,"","","","NOT REQUIRED","RESIDENTIAL","NOT REQUIRED"
"JENNIFER ALPERT RIEDEL","WIP-1751","Not shipped","2026-10-01","Finished goods","product","FIN-WIP-SHEET","Sheet migration custom build","","","1.00000","0","0.00%","8.600","0.00","0.00","USD","0.00","1","2026-10-01","2026-10-22","","","","","CC Manufacturing","Expected","2026-10-05",,"Legacy order 1751 Type: RESIDENTIAL Production deadline: Fri, Oct 09, 2026 Delivery: Fri, Oct 09, 2026 Piece counts: cushions 2, metal 2, dekton 2 Fabric sheet client: JENNIFER ALPERT RIEDEL Address: 3594 ANNABELLE AVE GRANITEBAY ( ROSEVILLE) CA 95661 Logistics PU / DROP: — Delivery Conf.: YES PU / DROP Confirmed: NA Purchasing FOAM: ORDERED Covers: NOT REQUIRED Umbrella: NOT REQUIRED Tenjam/Others: NOT REQUIRED Firepit System: NOT REQUIRED Labor projections Proj. Hrs Cushion: 1 Proj. Hrs Metal: 1 Proj. Hrs Dekton: 1 Sales SALE: SARA","","","","","","","","","1751","","NOT REQUIRED","3594 ANNABELLE AVE  GRANITEBAY ( ROSEVILLE) CA 95661","","2026-10-09","NOT REQUIRED","","2","2","2","2026-10-09",1,1,1,"","","","NOT REQUIRED","RESIDENTIAL","NOT REQUIRED"
"SOLANA BEACH SHOWROOM","WIP-1752","Not shipped","2026-10-01","Finished goods","product","FIN-WIP-SHEET","Sheet migration custom build","","","1.00000","0","0.00%","8.600","0.00","0.00","USD","0.00","1","2026-10-01","2026-10-22","","","","","CC Manufacturing","Expected","2026-10-05",,"Legacy order 1752 Type: COMMERCIAL Production deadline: Fri, Oct 16, 2026 Delivery: Fri, Oct 16, 2026 Piece counts: cushions 1, metal 3, dekton 2 Fabric sheet client: SOLANA BEACH SHOWROOM Address: SOLANA BEACH SHOWROOM Logistics PU / DROP: — Delivery Conf.: NO PU / DROP Confirmed: NA Purchasing FOAM: RECEIVED Covers: NOT REQUIRED Umbrella: NOT REQUIRED Tenjam/Others: NOT REQUIRED Firepit System: NOT REQUIRED Labor projections Proj. Hrs Cushion: 2 Proj. Hrs Metal: 2 Proj. Hrs Dekton: 1 Sales SALE: SARA","","","","","","","","","1752","","NOT REQUIRED","SOLANA BEACH SHOWROOM","","2026-10-16","NOT REQUIRED","","1","2","3","2026-10-16",2,1,2,"","","","NOT REQUIRED","COMMERCIAL","NOT REQUIRED"
"KELLY HALL","WIP-1754","Not shipped","2026-10-01","Finished goods","product","FIN-WIP-SHEET","Sheet migration custom build","","","1.00000","0","0.00%","8.600","0.00","0.00","USD","0.00","1","2026-10-01","2026-10-22","","","","","CC Manufacturing","Expected","2026-10-05",,"Legacy order 1754 Type: RESIDENTIAL Production deadline: Wed, Nov 04, 2026 Delivery: Wed, Nov 04, 2026 Piece counts: cushions 31, metal 36, dekton 10 Fabric sheet client: KELLY HALL Address: PICK UP FROM FACTORY Logistics PU / DROP: — Delivery Conf.: NO PU / DROP Confirmed: NA Purchasing FOAM: NEED Covers: NOT REQUIRED Umbrella: NOT REQUIRED Tenjam/Others: NOT REQUIRED Firepit System: NOT REQUIRED Labor projections Proj. Hrs Cushion: 17 Proj. Hrs Metal: 12 Proj. Hrs Dekton: 11 Sales SALE: MIA","","","","","","","","","1754","","NOT REQUIRED","PICK UP FROM FACTORY","","2026-11-04","NOT REQUIRED","","31","10","36","2026-11-04",17,11,12,"","","","NOT REQUIRED","RESIDENTIAL","NOT REQUIRED"
"JASON SCHNEIDER","WIP-1756","Not shipped","2026-10-01","Finished goods","product","FIN-WIP-SHEET","Sheet migration custom build","","","1.00000","0","0.00%","8.600","0.00","0.00","USD","0.00","1","2026-10-01","2026-10-22","","","","","CC Manufacturing","Expected","2026-10-05",,"Legacy order 1756 Type: RESIDENTIAL Production deadline: Fri, Oct 16, 2026 Delivery: Sat, Oct 17, 2026 Piece counts: cushions 11, metal 7, dekton 1 Fabric sheet client: JASON SCHNEIDER Address: 1462 Cottontail Ln , La Jolla, CA 92037 Logistics PU / DROP: — Delivery Conf.: YES PU / DROP Confirmed: NA Purchasing FOAM: ORDERED Covers: NOT REQUIRED Umbrella: NOT REQUIRED Tenjam/Others: NOT REQUIRED Firepit System: NOT REQUIRED Labor projections Proj. Hrs Cushion: 7:54 Proj. Hrs Metal: — Proj. Hrs Dekton: — Sales SALE: SARA","","","","","","","","","1756","","NOT REQUIRED","1462 Cottontail Ln , La Jolla, CA 92037","","2026-10-17","NOT REQUIRED","","11","1","7","2026-10-16",7.9,"","","","","","NOT REQUIRED","RESIDENTIAL","NOT REQUIRED"
"BEN ROBERTS","WIP-1759","Not shipped","2026-10-01","Finished goods","product","FIN-WIP-SHEET","Sheet migration custom build","","","1.00000","0","0.00%","8.600","0.00","0.00","USD","0.00","1","2026-10-01","2026-10-22","","","","","CC Manufacturing","Expected","2026-10-06",,"Legacy order 1759 Type: RESIDENTIAL Production deadline: Fri, Oct 16, 2026 Delivery: Fri, Oct 16, 2026 Piece counts: cushions 31, metal 0, dekton 0 Fabric sheet client: BEN ROBERTS Address: 8080 High Time Ridge SD CA 92127 Logistics PU / DROP: — Delivery Conf.: YES PU / DROP Confirmed: NA Purchasing FOAM: ORDERED Covers: NOT REQUIRED Umbrella: NOT REQUIRED Tenjam/Others: NOT REQUIRED Firepit System: NOT REQUIRED Labor projections Proj. Hrs Cushion: 33:44:00 Proj. Hrs Metal: — Proj. Hrs Dekton: — Sales SALE: SARA","","","","","","","","","1759","","NOT REQUIRED","8080 High Time Ridge SD CA 92127","","2026-10-16","NOT REQUIRED","","31","","","2026-10-16",33.7333,"","","","","","NOT REQUIRED","RESIDENTIAL","NOT REQUIRED"
"SUSAN MCGALLA WARRANTY","WIP-1760","Not shipped","2026-10-01","Finished goods","product","FIN-WIP-SHEET","Sheet migration custom build","","","1.00000","0","0.00%","8.600","0.00","0.00","USD","0.00","1","2026-10-01","2026-10-22","","","","","CC Manufacturing","Expected","2026-10-06",,"Legacy order 1760 Type: SERVICE-WARRANT Production deadline: Fri, Oct 23, 2026 Delivery: Fri, Oct 23, 2026 Piece counts: cushions 0, metal 0, dekton 0 Fabric sheet client: SUSAN MCGALLA WARRANTY Address: 9290 E Thompson Peak Pkwy, lot # 107 Logistics PU / DROP: — Delivery Conf.: NO PU / DROP Confirmed: NO Purchasing FOAM: SAME NEED Covers: NOT REQUIRED Umbrella: NOT REQUIRED Tenjam/Others: NOT REQUIRED Firepit System: NOT REQUIRED Labor projections Proj. Hrs Cushion: — Proj. Hrs Metal: — Proj. Hrs Dekton: — Sales SALE: KIAN","","","","","","","","","1760","","NOT REQUIRED","9290 E Thompson Peak Pkwy, lot # 107","","2026-10-23","NOT REQUIRED","","","","","2026-10-23","","","","","","","NOT REQUIRED","SERVICE WARRANTY","NOT REQUIRED"
"JOSH YOUNG","WIP-1761","Not shipped","2026-10-01","Finished goods","product","FIN-WIP-SHEET","Sheet migration custom build","","","1.00000","0","0.00%","8.600","0.00","0.00","USD","0.00","1","2026-10-01","2026-10-22","","","","","CC Manufacturing","Expected","2026-10-06",,"Legacy order 1761 Type: RESIDENTIAL Production deadline: Thu, Nov 05, 2026 Delivery: Thu, Nov 05, 2026 Piece counts: cushions 5, metal 7, dekton 0 Fabric sheet client: JOSH YOUNG Address: 507 Tomahawk Drive Palm Desert, CA 92211 Logistics PU / DROP: — Delivery Conf.: NO PU / DROP Confirmed: NA Purchasing FOAM: NEED Covers: NOT REQUIRED Umbrella: NOT REQUIRED Tenjam/Others: NOT REQUIRED Firepit System: NOT REQUIRED Labor projections Proj. Hrs Cushion: — Proj. Hrs Metal: — Proj. Hrs Dekton: — Sales SALE: SARA","","","","","","","","","1761","","NOT REQUIRED","507 Tomahawk Drive Palm Desert, CA 92211","","2026-11-05","NOT REQUIRED","","5","","7","2026-11-05","","","","","","","NOT REQUIRED","RESIDENTIAL","NOT REQUIRED"
"JODIE DOOLEY & CHAD ROBLEY","WIP-1762","Not shipped","2026-10-01","Finished goods","product","FIN-WIP-SHEET","Sheet migration custom build","","","1.00000","0","0.00%","8.600","0.00","0.00","USD","0.00","1","2026-10-01","2026-10-22","","","","","CC Manufacturing","Expected","2026-10-06",,"Legacy order 1762 Type: RESIDENTIAL Production deadline: Wed, Oct 28, 2026 Delivery: Wed, Oct 28, 2026 Piece counts: cushions 54, metal 27, dekton 0 Fabric sheet client: JODIE DOOLEY Address: 1526 W Wagon Wheel Dr PHOENIX AZ 85021 Logistics PU / DROP: — Delivery Conf.: YES PU / DROP Confirmed: NA Purchasing FOAM: NEED Covers: ORDERED Umbrella: NEED Tenjam/Others: NOT REQUIRED Firepit System: NOT REQUIRED Labor projections Proj. Hrs Cushion: 48:44:00 Proj. Hrs Metal: — Proj. Hrs Dekton: — Sales SALE: MIA","","","","","","","","","1762","","ORDERED","1526 W Wagon Wheel Dr PHOENIX AZ 85021","","2026-10-28","NOT REQUIRED","","54","","27","2026-10-28",48.7333,"","","","","","NOT REQUIRED","RESIDENTIAL","NEED"
"CHARLIE DYCUS ADD ON","WIP-1763","Not shipped","2026-10-01","Finished goods","product","FIN-WIP-SHEET","Sheet migration custom build","","","1.00000","0","0.00%","8.600","0.00","0.00","USD","0.00","1","2026-10-01","2026-10-22","","","","","CC Manufacturing","Expected","2026-10-06",,"Legacy order 1763 Type: RESIDENTIAL Production deadline: Fri, Oct 09, 2026 Delivery: Fri, Oct 09, 2026 Piece counts: cushions 0, metal 0, dekton 0 Fabric sheet client: CHARLIE DYCUS Address: LV Logistics PU / DROP: — Delivery Conf.: YES PU / DROP Confirmed: NA Purchasing FOAM: NOT REQUIRED Covers: NOT REQUIRED Umbrella: NOT REQUIRED Tenjam/Others: NOT REQUIRED Firepit System: NOT REQUIRED Labor projections Proj. Hrs Cushion: — Proj. Hrs Metal: — Proj. Hrs Dekton: — Sales SALE: MIA","","","","","","","","","1763","","NOT REQUIRED","LV","","2026-10-09","NOT REQUIRED","","","","","2026-10-09","","","","","","","NOT REQUIRED","RESIDENTIAL","NOT REQUIRED"
"RUTHANN BOCA WARRANTY","WIP-1764","Not shipped","2026-10-01","Finished goods","product","FIN-WIP-SHEET","Sheet migration custom build","","","1.00000","0","0.00%","8.600","0.00","0.00","USD","0.00","1","2026-10-01","2026-10-22","","","","","CC Manufacturing","Expected","2026-10-06",,"Legacy order 1764 Type: SERVICE-WARRANT Production deadline: Thu, Oct 15, 2026 Delivery: Thu, Oct 15, 2026 Piece counts: cushions 29, metal 0, dekton 0 Fabric sheet client: RUTHANN BOCA-REDO Address: 2737 E. Arizona Biltmore Circle Unit 9 PHOENIX AZ 85016 Logistics PU / DROP: 10/7/2026 Delivery Conf.: YES PU / DROP Confirmed: YES Purchasing FOAM: SAME NEED Covers: NOT REQUIRED Umbrella: NOT REQUIRED Tenjam/Others: NOT REQUIRED Firepit System: NOT REQUIRED Labor projections Proj. Hrs Cushion: 24:00:00 Proj. Hrs Metal: 0 Proj. Hrs Dekton: 0 Sales SALE: MIA","","","","","","","","","1764","","NOT REQUIRED","2737 E. Arizona Biltmore Circle Unit 9 PHOENIX AZ 85016","","2026-10-15","NOT REQUIRED","","29","0","0","2026-10-15",24,0,0,"2026-10-07","","","NOT REQUIRED","SERVICE WARRANTY","NOT REQUIRED"
"ZANE LATEEF","WIP-1765","Not shipped","2026-10-01","Finished goods","product","FIN-WIP-SHEET","Sheet migration custom build","","","1.00000","0","0.00%","8.600","0.00","0.00","USD","0.00","1","2026-10-01","2026-10-22","","","","","CC Manufacturing","Expected","2026-10-06",,"Legacy order 1765 Type: RESIDENTIAL Production deadline: Tue, Oct 13, 2026 Delivery: Tue, Oct 13, 2026 Piece counts: cushions 18, metal 13, dekton 0 Fabric sheet client: ZANE LATEEF Address: 7545 N Silvercrest Way PV AZ 85253 Logistics PU / DROP: 10/5/2026 Delivery Conf.: YES PU / DROP Confirmed: YES Purchasing FOAM: SAME PEND &NEW PEND Covers: NOT REQUIRED Umbrella: NOT REQUIRED Tenjam/Others: NOT REQUIRED Firepit System: NOT REQUIRED Labor projections Proj. Hrs Cushion: 22:26 Proj. Hrs Metal: — Proj. Hrs Dekton: — Sales SALE: KIAN","","","","","","","","","1765","","NOT REQUIRED","7545 N Silvercrest Way PV AZ 85253","","2026-10-13","NOT REQUIRED","","18","","13","2026-10-13",22.4333,"","","2026-10-05","","","NOT REQUIRED","RESIDENTIAL","NOT REQUIRED"
"JULIA NEIL","WIP-1766","Not shipped","2026-10-01","Finished goods","product","FIN-WIP-SHEET","Sheet migration custom build","","","1.00000","0","0.00%","8.600","0.00","0.00","USD","0.00","1","2026-10-01","2026-10-22","","","","","CC Manufacturing","Expected","2026-10-06",,"Legacy order 1766 Type: RESIDENTIAL Production deadline: Wed, Nov 11, 2026 Delivery: Wed, Nov 11, 2026 Piece counts: cushions 67, metal 4, dekton 4 Fabric sheet client: JULIA -KATE NEILL Address: 10040 E. Happy Valley Road SCOTTSDALE AZ 85255 Logistics PU / DROP: — Delivery Conf.: NO PU / DROP Confirmed: NO Purchasing FOAM: SAME PEND &NEW PEND Covers: NOT REQUIRED Umbrella: NOT REQUIRED Tenjam/Others: NOT REQUIRED Firepit System: NOT REQUIRED Labor projections Proj. Hrs Cushion: — Proj. Hrs Metal: — Proj. Hrs Dekton: — Sales SALE: MIA","","","","","","","","","1766","","NOT REQUIRED","10040 E. Happy Valley Road SCOTTSDALE AZ 85255","","2026-11-11","NOT REQUIRED","","67","4","4","2026-11-11","","","","","","","NOT REQUIRED","RESIDENTIAL","NOT REQUIRED"
"LARISSA KHARRL","WIP-1767","Not shipped","2026-10-01","Finished goods","product","FIN-WIP-SHEET","Sheet migration custom build","","","1.00000","0","0.00%","8.600","0.00","0.00","USD","0.00","1","2026-10-01","2026-10-22","","","","","CC Manufacturing","Expected","2026-10-06",,"Legacy order 1767 Type: RESIDENTIAL Production deadline: Mon, Oct 19, 2026 Delivery: Mon, Oct 19, 2026 Piece counts: cushions 0, metal 0, dekton 0 Address: 10050 E Jopeda lane SCOTTSDALE AZ 85255 Logistics PU / DROP: — Delivery Conf.: NO PU / DROP Confirmed: NA Purchasing FOAM: NOT REQUIRED Covers: NOT REQUIRED Umbrella: NOT REQUIRED Tenjam/Others: NOT REQUIRED Firepit System: NOT REQUIRED Labor projections Proj. Hrs Cushion: — Proj. Hrs Metal: — Proj. Hrs Dekton: — Sales SALE: —","","","","","","","","","1767","","NOT REQUIRED","10050 E Jopeda lane SCOTTSDALE AZ 85255","","2026-10-19","NOT REQUIRED","","","","","2026-10-19","","","","","","","NOT REQUIRED","RESIDENTIAL","NOT REQUIRED"
"ROBERT FRIEL","WIP-1768","Not shipped","2026-10-01","Finished goods","product","FIN-WIP-SHEET","Sheet migration custom build","","","1.00000","0","0.00%","8.600","0.00","0.00","USD","0.00","1","2026-10-01","2026-10-22","","","","","CC Manufacturing","Expected","2026-10-06",,"Legacy order 1768 Type: RESIDENTIAL Production deadline: Tue, Oct 20, 2026 Delivery: Tue, Oct 20, 2026 Piece counts: cushions 0, metal 0, dekton 0 Fabric sheet client: ROBERT & KATHI FRIEL Address: SCOTTSDALE AZ Logistics PU / DROP: — Delivery Conf.: YES PU / DROP Confirmed: NO Purchasing FOAM: SAME PEND &NEW PEND Covers: NOT REQUIRED Umbrella: NOT REQUIRED Tenjam/Others: NOT REQUIRED Firepit System: NOT REQUIRED Labor projections Proj. Hrs Cushion: — Proj. Hrs Metal: — Proj. Hrs Dekton: — Sales SALE: JASMIN","","","","","","","","","1768","","NOT REQUIRED","SCOTTSDALE AZ","","2026-10-20","NOT REQUIRED","","","","","2026-10-20","","","","","","","NOT REQUIRED","RESIDENTIAL","NOT REQUIRED"
"TYLER TEW LAVENDER LANDSCAPING","WIP-1770","Not shipped","2026-10-01","Finished goods","product","FIN-WIP-SHEET","Sheet migration custom build","","","1.00000","0","0.00%","8.600","0.00","0.00","USD","0.00","1","2026-10-01","2026-10-22","","","","","CC Manufacturing","Expected","2026-10-06",,"Legacy order 1770 Type: RESIDENTIAL Production deadline: Mon, Oct 19, 2026 Delivery: Mon, Oct 19, 2026 Piece counts: cushions 0, metal 0, dekton 0 Fabric sheet client: TYLER TEW Address: PICK UP FROM FACTORY Logistics PU / DROP: — Delivery Conf.: NO PU / DROP Confirmed: NA Purchasing FOAM: NEED Covers: NOT REQUIRED Umbrella: NOT REQUIRED Tenjam/Others: NOT REQUIRED Firepit System: NOT REQUIRED Labor projections Proj. Hrs Cushion: — Proj. Hrs Metal: — Proj. Hrs Dekton: — Sales SALE: MIA","","","","","","","","","1770","","NOT REQUIRED","PICK UP FROM FACTORY","","2026-10-19","NOT REQUIRED","","","","","2026-10-19","","","","","","","NOT REQUIRED","RESIDENTIAL","NOT REQUIRED"
"DAN AMBROSE","WIP-1771","Not shipped","2026-10-01","Finished goods","product","FIN-WIP-SHEET","Sheet migration custom build","","","1.00000","0","0.00%","8.600","0.00","0.00","USD","0.00","1","2026-10-01","2026-10-22","","","","","CC Manufacturing","In stock","",,"Legacy order 1771 Type: RESIDENTIAL Production deadline: Fri, Oct 02, 2026 Delivery: Sat, Oct 03, 2026 Piece counts: cushions 0, metal 0, dekton 0 Address: 26 9th St HERMOSA BEACH CA 90254 Logistics PU / DROP: — Delivery Conf.: YES PU / DROP Confirmed: NA Purchasing FOAM: NOT REQUIRED Covers: NOT REQUIRED Umbrella: RECEIVED Tenjam/Others: NOT REQUIRED Firepit System: NOT REQUIRED Labor projections Proj. Hrs Cushion: — Proj. Hrs Metal: — Proj. Hrs Dekton: — Sales SALE: —","","","","","","","","","1771","","NOT REQUIRED","26 9th St HERMOSA BEACH CA 90254","","2026-10-03","NOT REQUIRED","","","","","2026-10-02","","","","","","","NOT REQUIRED","RESIDENTIAL","RECEIVED"
"NAZ AHMAD ADD ON","WIP-1772","Not shipped","2026-10-01","Finished goods","product","FIN-WIP-SHEET","Sheet migration custom build","","","1.00000","0","0.00%","8.600","0.00","0.00","USD","0.00","1","2026-10-01","2026-10-22","","","","","CC Manufacturing","Expected","2026-10-06",,"Legacy order 1772 Type: RESIDENTIAL Production deadline: Wed, Oct 14, 2026 Delivery: Wed, Oct 14, 2026 Piece counts: cushions 0, metal 0, dekton 0 Fabric sheet client: NAZ AHMAD Address: 8476 E Wethersfield Rd Scottsdale 85260 Logistics PU / DROP: — Delivery Conf.: YES PU / DROP Confirmed: NA Purchasing FOAM: ORDERED Covers: NOT REQUIRED Umbrella: NOT REQUIRED Tenjam/Others: NOT REQUIRED Firepit System: NOT REQUIRED Labor projections Proj. Hrs Cushion: — Proj. Hrs Metal: — Proj. Hrs Dekton: — Sales SALE: JASMIN","","","","","","","","","1772","","NOT REQUIRED","8476 E Wethersfield Rd Scottsdale 85260","","2026-10-14","NOT REQUIRED","","","","","2026-10-14","","","","","","","NOT REQUIRED","RESIDENTIAL","NOT REQUIRED"
"VINNY DELGATTO","WIP-1773","Not shipped","2026-10-01","Finished goods","product","FIN-WIP-SHEET","Sheet migration custom build","","","1.00000","0","0.00%","8.600","0.00","0.00","USD","0.00","1","2026-10-01","2026-10-22","","","","","CC Manufacturing","In stock","",,"Legacy order 1773 Type: RESIDENTIAL Production deadline: Thu, Oct 15, 2026 Delivery: Thu, Oct 15, 2026 Piece counts: cushions 0, metal 0, dekton 0 Address: 14622 N 45th Place PHOENIX AZ 85032 Logistics PU / DROP: 9/23/2026 Delivery Conf.: NO PU / DROP Confirmed: YES Purchasing FOAM: NOT REQUIRED Covers: NOT REQUIRED Umbrella: NOT REQUIRED Tenjam/Others: NOT REQUIRED Firepit System: NOT REQUIRED Labor projections Proj. Hrs Cushion: — Proj. Hrs Metal: — Proj. Hrs Dekton: — Sales SALE: —","","","","","","","","","1773","","NOT REQUIRED","14622 N 45th Place PHOENIX AZ 85032","","2026-10-15","NOT REQUIRED","","","","","2026-10-15","","","","2026-09-23","","","NOT REQUIRED","RESIDENTIAL","NOT REQUIRED"
"DAN & KAREN TRIBELL","WIP-1774","Not shipped","2026-10-01","Finished goods","product","FIN-WIP-SHEET","Sheet migration custom build","","","1.00000","0","0.00%","8.600","0.00","0.00","USD","0.00","1","2026-10-01","2026-10-22","","","","","CC Manufacturing","Expected","2026-10-06",,"Legacy order 1774 Type: RESIDENTIAL Production deadline: Tue, Nov 10, 2026 Delivery: Tue, Nov 10, 2026 Piece counts: cushions 0, metal 0, dekton 0 Fabric sheet client: DAN & KAREN TWIBELL Address: 3310 SOUTH TOURMALINE DR. FLAGSTAFF AZ 86005 Logistics PU / DROP: — Delivery Conf.: NO PU / DROP Confirmed: NA Purchasing FOAM: NEED Covers: NOT REQUIRED Umbrella: NOT REQUIRED Tenjam/Others: NOT REQUIRED Firepit System: NOT REQUIRED Labor projections Proj. Hrs Cushion: — Proj. Hrs Metal: — Proj. Hrs Dekton: — Sales SALE: MIA","","","","","","","","","1774","","NOT REQUIRED","3310 SOUTH TOURMALINE DR. FLAGSTAFF AZ 86005","","2026-11-10","NOT REQUIRED","","","","","2026-11-10","","","","","","","NOT REQUIRED","RESIDENTIAL","NOT REQUIRED"
"DAVID CARROLL","WIP-1775","Not shipped","2026-10-01","Finished goods","product","FIN-WIP-SHEET","Sheet migration custom build","","","1.00000","0","0.00%","8.600","0.00","0.00","USD","0.00","1","2026-10-01","2026-10-22","","","","","CC Manufacturing","Expected","2026-10-06",,"Legacy order 1775 Type: SERVICE-WARRANT Production deadline: Fri, Oct 30, 2026 Delivery: Fri, Oct 30, 2026 Piece counts: cushions 0, metal 0, dekton 0 Fabric sheet client: DAVID CARROLL (WARRANTY) Address: 19702 W Mulberry Dr, Buckeye AZ 85396 Logistics PU / DROP: — Delivery Conf.: NO PU / DROP Confirmed: NO Purchasing FOAM: SAME NEED Covers: NOT REQUIRED Umbrella: NOT REQUIRED Tenjam/Others: NOT REQUIRED Firepit System: NOT REQUIRED Labor projections Proj. Hrs Cushion: — Proj. Hrs Metal: — Proj. Hrs Dekton: — Sales SALE: HEATHER","","","","","","","","","1775","","NOT REQUIRED","19702 W Mulberry Dr, Buckeye AZ 85396","","2026-10-30","NOT REQUIRED","","","","","2026-10-30","","","","","","","NOT REQUIRED","SERVICE WARRANTY","NOT REQUIRED"
"SARA FLORIDA","WIP-1776","Not shipped","2026-10-01","Finished goods","product","FIN-WIP-SHEET","Sheet migration custom build","","","1.00000","0","0.00%","8.600","0.00","0.00","USD","0.00","1","2026-10-01","2026-10-22","","","","","CC Manufacturing","Expected","2026-10-06",,"Legacy order 1776 Type: RESIDENTIAL Production deadline: Mon, Oct 05, 2026 Delivery: Mon, Oct 05, 2026 Piece counts: cushions 4, metal 6, dekton 2 Fabric sheet client: SARA FLORIDA Address: 13663 E Windrose Drive SCOTTSDALE AZ 85259 Logistics PU / DROP: — Delivery Conf.: YES PU / DROP Confirmed: NA Purchasing FOAM: RECEIVED Covers: NOT REQUIRED Umbrella: NOT REQUIRED Tenjam/Others: NOT REQUIRED Firepit System: NOT REQUIRED Labor projections Proj. Hrs Cushion: 17:36 Proj. Hrs Metal: — Proj. Hrs Dekton: — Sales SALE: HEATHER","","","","","","","","","1776","","NOT REQUIRED","13663 E Windrose Drive SCOTTSDALE AZ 85259","","2026-10-05","NOT REQUIRED","","4","2","6","2026-10-05",17.6,"","","","","","NOT REQUIRED","RESIDENTIAL","NOT REQUIRED"
"SHARIF & MALIHE","WIP-1777","Not shipped","2026-10-01","Finished goods","product","FIN-WIP-SHEET","Sheet migration custom build","","","1.00000","0","0.00%","8.600","0.00","0.00","USD","0.00","1","2026-10-01","2026-10-22","","","","","CC Manufacturing","Expected","2026-10-06",,"Legacy order 1777 Type: SERVICE-WARRANT Production deadline: Fri, Oct 16, 2026 Delivery: Fri, Oct 16, 2026 Piece counts: cushions 0, metal 0, dekton 0 Address: 4832 Fairport Way, San Diego, CA 92130, USA Logistics PU / DROP: 10/3/2026 Delivery Conf.: NO PU / DROP Confirmed: YES Purchasing FOAM: NOT REQUIRED Covers: NOT REQUIRED Umbrella: NOT REQUIRED Tenjam/Others: NOT REQUIRED Firepit System: NOT REQUIRED Labor projections Proj. Hrs Cushion: — Proj. Hrs Metal: — Proj. Hrs Dekton: — Sales SALE: —","","","","","","","","","1777","","NOT REQUIRED","4832 Fairport Way, San Diego, CA 92130, USA","","2026-10-16","NOT REQUIRED","","","","","2026-10-16","","","","2026-10-03","","","NOT REQUIRED","SERVICE WARRANTY","NOT REQUIRED"
"VANESSA VANHYFTE","WIP-1778","Not shipped","2026-10-01","Finished goods","product","FIN-WIP-SHEET","Sheet migration custom build","","","1.00000","0","0.00%","8.600","0.00","0.00","USD","0.00","1","2026-10-01","2026-10-22","","","","","CC Manufacturing","Expected","2026-10-06",,"Legacy order 1778 Type: SERVICE-WARRANT Production deadline: Fri, Oct 16, 2026 Delivery: Fri, Oct 16, 2026 Piece counts: cushions 0, metal 0, dekton 0 Address: 7433 Fairway Rd LA JOLLA CA 92037 Logistics PU / DROP: 10/2/2026 Delivery Conf.: NO PU / DROP Confirmed: YES Purchasing FOAM: NOT REQUIRED Covers: NOT REQUIRED Umbrella: NOT REQUIRED Tenjam/Others: NOT REQUIRED Firepit System: NOT REQUIRED Labor projections Proj. Hrs Cushion: — Proj. Hrs Metal: — Proj. Hrs Dekton: — Sales SALE: —","","","","","","","","","1778","","NOT REQUIRED","7433 Fairway Rd LA JOLLA CA 92037","","2026-10-16","NOT REQUIRED","","","","","2026-10-16","","","","2026-10-02","","","NOT REQUIRED","SERVICE WARRANTY","NOT REQUIRED"
"RICK SEIDENWURM","WIP-1779","Not shipped","2026-10-01","Finished goods","product","FIN-WIP-SHEET","Sheet migration custom build","","","1.00000","0","0.00%","8.600","0.00","0.00","USD","0.00","1","2026-10-01","2026-10-22","","","","","CC Manufacturing","Expected","2026-10-06",,"Legacy order 1779 Type: SERVICE-WARRANT Production deadline: Fri, Oct 16, 2026 Delivery: Fri, Oct 16, 2026 Piece counts: cushions 0, metal 0, dekton 0 Address: 100 Coast Boulevard, Unit 207 LA JOLLA CA 92037 Logistics PU / DROP: 10/2/2026 Delivery Conf.: NO PU / DROP Confirmed: YES Purchasing FOAM: NOT REQUIRED Covers: NOT REQUIRED Umbrella: NOT REQUIRED Tenjam/Others: NOT REQUIRED Firepit System: NOT REQUIRED Labor projections Proj. Hrs Cushion: — Proj. Hrs Metal: — Proj. Hrs Dekton: — Sales SALE: —","","","","","","","","","1779","","NOT REQUIRED","100 Coast Boulevard, Unit 207 LA JOLLA CA 92037","","2026-10-16","NOT REQUIRED","","","","","2026-10-16","","","","2026-10-02","","","NOT REQUIRED","SERVICE WARRANTY","NOT REQUIRED"
"ROB ROY CUSHIONS REDO","WIP-1780","Not shipped","2026-10-01","Finished goods","product","FIN-WIP-SHEET","Sheet migration custom build","","","1.00000","0","0.00%","8.600","0.00","0.00","USD","0.00","1","2026-10-01","2026-10-22","","","","","CC Manufacturing","Expected","2026-10-06",,"Legacy order 1780 Type: SERVICE-WARRANT Production deadline: Fri, Oct 16, 2026 Delivery: Fri, Oct 16, 2026 Piece counts: cushions 0, metal 0, dekton 0 Fabric sheet client: ROB ROY (CUSHION SERVICE) Address: 1377 CELADON ST PALM SPRINGS CA 92262 Logistics PU / DROP: — Delivery Conf.: NO PU / DROP Confirmed: NA Purchasing FOAM: NEED Covers: NOT REQUIRED Umbrella: NOT REQUIRED Tenjam/Others: NOT REQUIRED Firepit System: NOT REQUIRED Labor projections Proj. Hrs Cushion: — Proj. Hrs Metal: — Proj. Hrs Dekton: — Sales SALE: —","","","","","","","","","1780","","NOT REQUIRED","1377 CELADON ST PALM SPRINGS CA 92262","","2026-10-16","NOT REQUIRED","","","","","2026-10-16","","","","","","","NOT REQUIRED","SERVICE WARRANTY","NOT REQUIRED"
"TODD CHRISTIANSON","WIP-1781","Not shipped","2026-10-01","Finished goods","product","FIN-WIP-SHEET","Sheet migration custom build","","","1.00000","0","0.00%","8.600","0.00","0.00","USD","0.00","1","2026-10-01","2026-10-22","","","","","CC Manufacturing","Expected","2026-10-06",,"Legacy order 1781 Type: RESIDENTIAL Production deadline: Tue, Oct 27, 2026 Delivery: Tue, Oct 27, 2026 Piece counts: cushions 0, metal 0, dekton 0 Address: 2813 N. 29th Place, Phoenix, AZ 85008 Logistics PU / DROP: — Delivery Conf.: NO PU / DROP Confirmed: NA Purchasing FOAM: NOT REQUIRED Covers: NOT REQUIRED Umbrella: NOT REQUIRED Tenjam/Others: NOT REQUIRED Firepit System: RECEIVED Labor projections Proj. Hrs Cushion: — Proj. Hrs Metal: — Proj. Hrs Dekton: — Sales SALE: —","","","","","","","","","1781","","NOT REQUIRED","2813 N. 29th Place, Phoenix, AZ 85008","","2026-10-27","RECEIVED","","","","","2026-10-27","","","","","","","NOT REQUIRED","RESIDENTIAL","NOT REQUIRED"
"RAELYNE & DARRYL WALKER","WIP-1782","Not shipped","2026-10-01","Finished goods","product","FIN-WIP-SHEET","Sheet migration custom build","","","1.00000","0","0.00%","8.600","0.00","0.00","USD","0.00","1","2026-10-01","2026-10-22","","","","","CC Manufacturing","Expected","2026-10-07",,"Legacy order 1782 Type: RESIDENTIAL Production deadline: Wed, Nov 25, 2026 Delivery: Wed, Nov 25, 2026 Piece counts: cushions 0, metal 0, dekton 0 Fabric sheet client: RAELYNE & DARRYL WALKER Address: 8461 E Lockwood Ave, Mesa, AZ 85207 Logistics PU / DROP: — Delivery Conf.: NO PU / DROP Confirmed: NA Purchasing FOAM: NEED Covers: NOT REQUIRED Umbrella: NOT REQUIRED Tenjam/Others: NOT REQUIRED Firepit System: NOT REQUIRED Labor projections Proj. Hrs Cushion: — Proj. Hrs Metal: — Proj. Hrs Dekton: — Sales SALE: HEATHER","","","","","","","","","1782","","NOT REQUIRED","8461 E Lockwood Ave, Mesa, AZ 85207","","2026-11-25","NOT REQUIRED","","","","","2026-11-25","","","","","","","NOT REQUIRED","RESIDENTIAL","NOT REQUIRED"
"JESSIE NEEDHAM WARRANTY","WIP-1783","Not shipped","2026-10-01","Finished goods","product","FIN-WIP-SHEET","Sheet migration custom build","","","1.00000","0","0.00%","8.600","0.00","0.00","USD","0.00","1","2026-10-01","2026-10-22","","","","","CC Manufacturing","Expected","2026-10-07",,"Legacy order 1783 Type: SERVICE-WARRANT Production deadline: Sat, Oct 31, 2026 Delivery: Sat, Oct 31, 2026 Piece counts: cushions 0, metal 0, dekton 0 Fabric sheet client: JESSIE NEEDHAM (WARRANTY) Address: 15639 S 7th St, Phoenix, AZ 85048 Logistics PU / DROP: — Delivery Conf.: NO PU / DROP Confirmed: NO Purchasing FOAM: SAME NEED Covers: NOT REQUIRED Umbrella: NOT REQUIRED Tenjam/Others: NOT REQUIRED Firepit System: NOT REQUIRED Labor projections Proj. Hrs Cushion: — Proj. Hrs Metal: — Proj. Hrs Dekton: — Sales SALE: KIAN","","","","","","","","","1783","","NOT REQUIRED","15639 S 7th St, Phoenix, AZ 85048","","2026-10-31","NOT REQUIRED","","","","","2026-10-31","","","","","","","NOT REQUIRED","SERVICE WARRANTY","NOT REQUIRED"
"MELANIE SQUIRES WARRANTY","WIP-1784","Not shipped","2026-10-01","Finished goods","product","FIN-WIP-SHEET","Sheet migration custom build","","","1.00000","0","0.00%","8.600","0.00","0.00","USD","0.00","1","2026-10-01","2026-10-22","","","","","CC Manufacturing","Expected","2026-10-07",,"Legacy order 1784 Type: SERVICE-WARRANT Production deadline: Wed, Nov 04, 2026 Delivery: Wed, Nov 04, 2026 Piece counts: cushions 0, metal 0, dekton 0 Fabric sheet client: MELANIE SQUIRES (WARRANTY) Address: 9580 West Bellissimo Lane, Peoria, AZ 85383 Logistics PU / DROP: — Delivery Conf.: NO PU / DROP Confirmed: NO Purchasing FOAM: SAME NEED Covers: NOT REQUIRED Umbrella: NOT REQUIRED Tenjam/Others: NOT REQUIRED Firepit System: NOT REQUIRED Labor projections Proj. Hrs Cushion: — Proj. Hrs Metal: — Proj. Hrs Dekton: — Sales SALE: HEATHER","","","","","","","","","1784","","NOT REQUIRED","9580 West Bellissimo Lane, Peoria, AZ 85383","","2026-11-04","NOT REQUIRED","","","","","2026-11-04","","","","","","","NOT REQUIRED","SERVICE WARRANTY","NOT REQUIRED"
"KRISTI CUROE PILLOWS","WIP-1785","Not shipped","2026-10-01","Finished goods","product","FIN-WIP-SHEET","Sheet migration custom build","","","1.00000","0","0.00%","8.600","0.00","0.00","USD","0.00","1","2026-10-01","2026-10-22","","","","","CC Manufacturing","Expected","2026-10-07",,"Legacy order 1785 Type: RESIDENTIAL Production deadline: Thu, Oct 08, 2026 Delivery: Thu, Oct 08, 2026 Piece counts: cushions 0, metal 0, dekton 0 Fabric sheet client: KRISTI CUROE Address: SHOWROOM PICK-UP Logistics PU / DROP: — Delivery Conf.: YES PU / DROP Confirmed: NA Purchasing FOAM: NOT REQUIRED Covers: NOT REQUIRED Umbrella: NOT REQUIRED Tenjam/Others: NOT REQUIRED Firepit System: NOT REQUIRED Labor projections Proj. Hrs Cushion: — Proj. Hrs Metal: — Proj. Hrs Dekton: — Sales SALE: MIA","","","","","","","","","1785","","NOT REQUIRED","SHOWROOM PICK-UP","","2026-10-08","NOT REQUIRED","","","","","2026-10-08","","","","","","","NOT REQUIRED","RESIDENTIAL","NOT REQUIRED"