# Alias OBJ Model File
# Exported from SketchUp, (c) 2000-2012 Trimble Navigation Limited
# File units = inches

mtllib 1 BRAVADA club chair.mtl

g Mesh1 Group2 Group1 Model

usemtl _Color_M06_4
v 32.0481 8 -7.44393e-10
vt 30 2.18321e-09
vn -7.27738e-11 -1.0592e-20 1
v 32.0481 10 -7.44393e-10
vt 30 2
v 2.04806 10 -2.92746e-09
vt -1.48278e-19 2
v 2.04806 8 -2.92746e-09
vt 2.91095e-10 -2.15816e-29
f 1/1/1 2/2/1 3/3/1 4/4/1 

vt 2.03767e-09 2
vn 1 7.27738e-11 7.27738e-11
vt 2.03767e-09 -1.25107e-17
v 32.0481 8 -2
vt 2 -1.25001e-17
v 32.0481 10 -2
vt 2 2
f 2/5/2 1/6/2 5/7/2 6/8/2 

vt -30 2
vn 7.27738e-11 -1 -0
vt -30 -1.45548e-10
vt -2.91095e-10 2.03752e-09
v 2.04806 8 -2
vt -2.91095e-10 2
f 5/9/3 1/10/3 4/11/3 7/12/3 

vt -2.03752e-09 -2.11841e-20
vn -1 -7.27738e-11 -7.27738e-11
vt -2.03752e-09 2
v 2.04806 10 -2
vt -2 2
vt -2 -1.0592e-20
f 4/13/4 3/14/4 8/15/4 7/16/4 

vt 30 -1.45548e-10
vn -7.27738e-11 1 -1.0592e-20
vt 4.36643e-10 2
vt 1.45548e-10 2.03752e-09
f 2/17/5 6/2/5 8/18/5 3/19/5 

vn 7.27738e-11 0 -1
vt -30 2.18321e-09
vt -1.45548e-10 0
vt -1.45548e-10 2
f 6/9/6 5/20/6 7/21/6 8/22/6 

g Mesh2 Group4 Group3 Group1 Model

v 17.4231 10 -32
vt 0.75 30
vn 3.71259e-13 1 -2.27374e-13
v 16.6731 10 -32
vt 1.28013e-11 30
v 16.6731 10 -2
vt 1.84288e-11 -1.42109e-13
v 17.4231 10 -2
vt 0.75 1.42109e-13
f 9/23/7 10/24/7 11/25/7 12/26/7 

vt -1.90425e-11 1.5
vn -1.89478e-13 -2.27374e-13 -1
vt -0.75 1.5
v 17.4231 8.5 -32
vt -0.75 6.82121e-12
v 16.6731 8.5 -32
vt -5.68434e-12 6.82121e-12
f 10/27/8 9/28/8 13/29/8 14/30/8 

vt 30 4.5775e-26
vn 1 -6.10333e-26 -1.89478e-13
vt 30 1.5
vt 3.41061e-13 1.5
v 17.4231 8.5 -2
vt -1.42109e-13 6.82154e-12
f 13/31/9 9/32/9 12/33/9 15/34/9 

vt 0.75 1.5
vn 1.89478e-13 2.27374e-13 1
vt 1.89857e-11 1.5
v 16.6731 8.5 -2
vt 5.6275e-12 6.82154e-12
vt 0.75 6.82154e-12
f 12/35/10 11/36/10 16/37/10 15/38/10 

vt -30 1.5
vn -1 8.90547e-12 1.89478e-13
vt -30 5.06217e-23
vt 1.06629e-24 6.82154e-12
vt -1.98952e-13 1.5
f 10/39/11 14/40/11 16/41/11 11/42/11 

vt 0 30
vn 0 -1 2.27374e-13
vt -0.75 30
vt -0.75 -1.55104e-24
vt -5.6275e-12 -1.55104e-24
f 14/43/12 13/44/12 15/45/12 16/46/12 

g Mesh3 Group5 Group3 Group1 Model

v 32.0481 10 -18.5
vt -30 9.23484e-13
vn -7.32874e-13 1.39466e-12 -1
v 2.04806 10 -18.5
vt -7.32874e-13 6.59184e-12
v 2.04806 10.125 -18.5
vt -7.89717e-13 0.125
v 32.0481 10.125 -18.5
vt -30 0.125
f 17/47/13 18/48/13 19/49/13 20/50/13 

v 2.04806 10 -17.5
vt -5.11591e-13 1.7053e-13
vn -2.35455e-13 -1 -1.39466e-12
vt 1.88046e-24 1
vt -30 1
v 32.0481 10 -17.5
vt -30 2.07194e-11
f 21/51/14 18/52/14 17/53/14 22/54/14 

vt -1 7.9865e-12
vn -1 2.35455e-13 4.83169e-13
vt -1.7053e-13 7.9865e-12
v 2.04806 10.125 -17.5
vt 2.47185e-25 0.125
vt -1 0.125
f 18/55/15 21/56/15 23/57/15 19/58/15 

vt 5.11591e-13 7.9865e-12
vn 7.33889e-13 -1.39466e-12 1
vt 30 -4.70735e-13
v 32.0481 10.125 -17.5
vt 30 0.125
vt 5.11591e-13 0.125
f 21/59/16 22/60/16 24/61/16 23/62/16 

vt 2.07194e-11 6.5929e-12
vn 1 -2.35455e-13 -6.56759e-25
vt 1 9.38178e-12
vt 1 0.125
vt 2.05489e-11 0.125
f 22/63/17 17/64/17 20/65/17 24/66/17 

vt 2.74116e-14 1
vn 2.35455e-13 1 1.39466e-12
vt 4.82159e-13 1.74333e-13
vt 30 2.07232e-11
vt 30 1
f 19/67/18 23/68/18 24/69/18 20/70/18 

g Mesh4 Group6 Group3 Group1 Model

v 32.0481 10 -7.5
v 2.04806 10 -7.5
vt -7.32874e-13 6.59361e-12
v 2.04806 10.125 -7.5
vt -7.32874e-13 0.125
v 32.0481 10.125 -7.5
f 25/47/13 26/71/13 27/72/13 28/50/13 

v 2.04806 10 -6.5
vt -4.54747e-13 1.7053e-13
vt 1.88088e-24 1
v 32.0481 10 -6.5
f 29/73/14 26/74/14 25/53/14 30/54/14 

vt -1 7.98828e-12
vt -1.7053e-13 7.98828e-12
v 2.04806 10.125 -6.5
f 26/75/15 29/76/15 31/57/15 27/58/15 

vt 4.54747e-13 7.98828e-12
v 32.0481 10.125 -6.5
f 29/77/16 30/60/16 32/61/16 31/62/16 

f 30/63/17 25/64/17 28/65/17 32/66/17 

vt -2.94318e-14 1
f 27/78/18 31/68/18 32/69/18 28/70/18 

g Mesh5 Group7 Group3 Group1 Model

v 32.0481 10 -29.5
v 2.04806 10 -29.5
v 2.04806 10.125 -29.5
v 32.0481 10.125 -29.5
f 33/47/13 34/71/13 35/72/13 36/50/13 

v 2.04806 10 -28.5
v 32.0481 10 -28.5
f 37/73/14 34/74/14 33/53/14 38/54/14 

v 2.04806 10.125 -28.5
f 34/75/15 37/76/15 39/57/15 35/58/15 

v 32.0481 10.125 -28.5
f 37/77/16 38/60/16 40/61/16 39/62/16 

f 38/63/17 33/64/17 36/65/17 40/66/17 

f 35/78/18 39/68/18 40/69/18 36/70/18 

g Mesh6 Group8 Group3 Group1 Model

v 32.0481 10 -13
v 2.04806 10 -13
v 2.04806 10.125 -13
v 32.0481 10.125 -13
f 41/47/13 42/71/13 43/72/13 44/50/13 

v 2.04806 10 -12
v 32.0481 10 -12
f 45/73/14 42/74/14 41/53/14 46/54/14 

v 2.04806 10.125 -12
f 42/75/15 45/76/15 47/57/15 43/58/15 

v 32.0481 10.125 -12
f 45/77/16 46/60/16 48/61/16 47/62/16 

f 46/63/17 41/64/17 44/65/17 48/66/17 

f 43/78/18 47/68/18 48/69/18 44/70/18 

g Mesh7 Group9 Group3 Group1 Model

v 32.0481 10 -24
v 2.04806 10 -24
v 2.04806 10.125 -24
v 32.0481 10.125 -24
f 49/47/13 50/48/13 51/72/13 52/50/13 

v 2.04806 10 -23
v 32.0481 10 -23
f 53/73/14 50/52/14 49/53/14 54/54/14 

v 2.04806 10.125 -23
f 50/55/15 53/56/15 55/57/15 51/58/15 

vt 4.54747e-13 7.9865e-12
v 32.0481 10.125 -23
f 53/79/16 54/60/16 56/61/16 55/62/16 

f 54/63/17 49/64/17 52/65/17 56/66/17 

f 51/78/18 55/68/18 56/69/18 52/70/18 

g Mesh8 Group10 Group1 Model

v 32.0481 19 -32
vt 4.86637e-10 2
vn 1 -1.73799e-11 1.73799e-11
v 32.0481 17 -32
vt 4.86637e-10 4.86637e-10
v 32.0481 17 -34
vt 2 4.86637e-10
v 32.0481 19 -34
f 57/80/19 58/81/19 59/82/19 60/8/19 

vt 30 -3.47598e-11
vn -1.73799e-11 6.0412e-22 1
v 2.04806 19 -32
vt 6.95195e-11 2
v 2.04806 17 -32
vt -8.45867e-21 4.86644e-10
f 58/83/20 57/2/20 61/84/20 62/85/20 

vn 1.73799e-11 1 -0
v 2.04806 19 -34
vt 3.47598e-11 2
vt 3.47598e-11 4.86693e-10
f 57/83/21 60/2/21 63/86/21 61/87/21 

vn 1.73799e-11 0 -1
vt -30 -3.47598e-11
v 2.04806 17 -34
vt -3.47598e-11 4.86644e-10
vt -3.47598e-11 2
f 60/9/22 59/88/22 64/89/22 63/90/22 

vn -1.73799e-11 -1 -6.0412e-22
vt 8.45781e-21 4.86693e-10
vt -6.95195e-11 2
f 59/9/23 58/88/23 62/91/23 64/92/23 

vt -4.86693e-10 4.86644e-10
vn -1 1.73799e-11 -1.73799e-11
vt -4.86693e-10 2
vt -2 4.86644e-10
f 62/93/24 61/94/24 63/15/24 64/95/24 

g Mesh9 Group11 Group1 Model

v 0.048065 9.65056e-08 -34
vt 2.49143e-17 2
vn -2.49571e-09 -1 -2.49571e-09
v 2.04806 8.65228e-08 -34
v 2.04806 8.65228e-08 -32
vt -2 1.99654e-08
v 0.048065 8.65228e-08 -32
vt 0 1.99654e-08
f 65/96/25 66/15/25 67/97/25 68/98/25 

v 0.048065 8 -34
vt -1.99654e-08 8
vn 1.24571e-17 2.49571e-09 -1
v 2.04806 8 -34
vt -2 8
vt -2 -4.99142e-09
vt 2.49143e-17 4.99142e-09
f 69/99/26 70/100/26 66/101/26 65/102/26 

vn 2.49571e-09 1 2.49571e-09
vt -2.80479e-13 2
v 0.048065 8 -32
vt -2.80454e-13 1.99657e-08
v 2.04806 8 -32
vt 2 1.99657e-08
f 70/8/27 69/103/27 71/104/27 72/105/27 

vt 2.48712e-25 8
vn -1 2.49571e-09 1.24571e-17
vt -2 9.98284e-09
vt -1.99654e-08 6.20712e-34
f 71/106/28 69/100/28 65/107/28 68/108/28 

vt 2 8
vn 0 -2.49571e-09 1
vt 1.99654e-08 8
vt 0 -4.98278e-17
vt 2 -4.98278e-17
f 72/109/29 71/110/29 68/111/29 67/112/29 

vn 1 -2.49571e-09 -0
vt 0 8
vt 1.99654e-08 4.99142e-09
vt 2 4.99142e-09
f 70/109/30 72/113/30 67/114/30 66/115/30 

g Mesh10 Group13 Group12 Group1 Model

v 34.0481 8 -2
vn 7.98737e-11 3.5552e-11 -1
v 34.0481 0 -2
vt -2 -7.1104e-11
v 32.0481 2.83995e-11 -2
vt 1.59747e-10 -4.27045e-11
v 32.0481 8 -2
vt -1.31348e-10 8
f 73/100/31 74/116/31 75/117/31 76/118/31 

vn 1 -1.41998e-11 7.98737e-11
v 34.0481 10 -7.88532e-10
vt 1.59747e-10 10
v 34.0481 0 -7.88532e-10
vt 1.59747e-10 2.83995e-11
vt 2 2.83995e-11
f 73/109/32 77/119/32 78/120/32 74/121/32 

vt -2 7.07107
vn 6.652e-11 0.707107 -0.707107
vt -2 4.24264
vt -1.02948e-10 4.24264
v 32.0481 10 -9.4829e-10
vt 1.50291e-20 7.07107
f 77/122/33 73/123/33 76/124/33 79/125/33 

vt -1.59758e-10 10
vn -1 1.41998e-11 -7.98737e-11
vt -2 2.83995e-11
v 32.0481 2.83995e-11 -9.4829e-10
vt -1.59758e-10 2.83995e-11
f 79/126/34 76/100/34 75/127/34 80/128/34 

vn -1.41998e-11 -1 -0
vt -2 0
vt 4.03267e-22 1.59758e-10
vt 4.03267e-22 2
f 74/15/35 78/129/35 80/130/35 75/131/35 

vt 2 0
vn -7.98737e-11 0 1
vt 2 10
vt -1.27605e-20 10
vt -1.27605e-20 2.83995e-11
f 78/132/36 77/133/36 79/134/36 80/135/36 

g Mesh11 Group14 Group12 Group1 Model

v 2.04806 8 -2
v 2.04806 0 -2
v 0.048065 2.83995e-11 -2
v 0.048065 8 -2
f 81/100/31 82/116/31 83/117/31 84/118/31 

v 2.04806 10 -0
v 2.04806 0 -0
f 81/109/32 85/119/32 86/120/32 82/121/32 

v 0.048065 10 -1.59758e-10
f 85/122/33 81/123/33 84/124/33 87/125/33 

v 0.048065 2.83995e-11 -1.59758e-10
f 87/126/34 84/100/34 83/127/34 88/128/34 

f 82/15/35 86/129/35 88/130/35 83/131/35 

f 86/132/36 85/133/36 87/134/36 88/135/36 

g Mesh12 Group15 Group12 Group1 Model

v 2.04806 27 -34
vn -2.34718e-11 -1 -9.80549e-12
v 32.0481 27 -34
vt -32 2
v 32.0481 27 -32
vt -32 1.20346e-09
v 2.04806 27 -32
vt -2 1.90653e-10
f 89/15/37 90/136/37 91/137/37 92/138/37 

v 0.048065 29 -34
vt -6.78923e-11 2
vn -3.39461e-11 -7.7307e-12 -1
v 34.0481 29 -34
vt -34 2
vt -32 3.50688e-11
vt -2 6.92282e-10
f 93/139/38 94/140/38 90/141/38 89/142/38 

v 0.048065 29 -32
vt 1.28629e-12 -9.09495e-12
vn 3.4344e-11 1 -4.54747e-12
v 34.0481 29 -32
vt 34 1.31249e-09
vt 34 2
vt -6.8688e-11 2
f 95/143/39 96/144/39 94/145/39 93/146/39 

vt 6.99742e-11 2
vn 3.72592e-11 -2.75952e-11 1
vt 2 6.57209e-10
vt 32 5.74083e-11
f 95/147/40 92/148/40 91/149/40 96/145/40 

vt -2 1.41421
vn -0.707107 -0.707107 1.77988e-11
vt -2 -1.41421
vt -1.4031e-10 -1.41421
vt 1.76134e-21 1.41421
f 93/150/41 89/151/41 92/152/41 95/153/41 

vt 2 22.6274
vn 0.707107 -0.707107 -3.92498e-11
vt 2 25.4558
vt -5.65677e-10 25.4558
vt -5.72783e-10 22.6274
f 90/154/42 94/155/42 96/156/42 91/157/42 

g Mesh13 Group16 Group12 Group1 Model

v 34.0481 8 -2
vt 2 -1.41421
vn 1.83939e-11 -0.707107 0.707107
v 34.0481 10 -7.88532e-10
vt 2 1.41421
v 32.0481 10 -8.89884e-10
vt 2.63646e-21 1.41421
v 32.0481 8 -2
vt 3.43121e-10 -1.41421
f 97/158/43 98/159/43 99/160/43 100/161/43 

v 34.0481 8 -34
vt 34 -8.99409e-19
vn 1 7.66853e-11 5.06724e-11
v 34.0481 10 -32
vt 32 2
vt 1.01345e-10 2
vt 2 9.68857e-09
f 101/162/44 102/163/44 98/164/44 97/165/44 

vt -2 -21.2132
vn -1.83939e-11 0.707107 -0.707107
vt -2 -24.0416
v 32.0481 8 -34
vt -2.76067e-09 -24.0416
v 32.0481 10 -32
vt -2.49031e-09 -21.2132
f 102/166/45 101/167/45 103/168/45 104/169/45 

vt -2 34
vn 7.66853e-11 -1 3.02768e-10
vt -1.87623e-09 34
f 101/170/46 97/15/46 100/12/46 103/171/46 

vn -1 -7.66853e-11 -5.06724e-11
vt -34 -1.17613e-20
vt -2 9.68857e-09
vt -1.01352e-10 2
f 104/136/47 103/172/47 100/173/47 99/174/47 

vt 2 -5.84154e-10
vn -7.66853e-11 1 -2.92077e-10
vt 2 32
vt 1.81127e-09 32
vt 1.53371e-10 -4.82802e-10
f 98/175/48 102/176/48 104/177/48 99/178/48 

g Mesh14 Group17 Group12 Group1 Model

v 0.048065 29 -34
vt -2 21
vn -1 3.60764e-10 -1.57005e-10
v 0.048065 8 -34
vt -2 6.73694e-10
v 0.048065 10 -32
vt -1.0192e-10 2
v 0.048065 29 -32
vt -4.54122e-10 21
f 105/179/49 106/180/49 107/181/49 108/182/49 

vt -1.26215e-10 7.35471e-10
vn -6.31075e-11 -3.08887e-11 -1
vt -7.32117e-09 21
v 2.04806 27 -34
vt -2 19
v 2.04806 8 -34
vt -2 6.17773e-11
f 106/183/50 105/184/50 109/185/50 110/186/50 

vt 4.54122e-10 14.8492
vn 0.707107 0.707107 -6.07783e-11
v 2.04806 27 -32
vt -7.97069e-11 12.0208
vt 2 12.0208
vt 2 14.8492
f 108/187/51 111/188/51 109/189/51 105/190/51 

v 2.04806 10 -32
vn -8.54601e-11 1.00409e-11 1
vt 2 19
vt 7.2821e-09 21
vt 6.36646e-12 2
f 112/8/52 111/191/52 108/192/52 107/193/52 

vt 2.01144e-10 19
vn 1 -3.94193e-10 5.44721e-11
vt 1.08944e-10 2
vt 2 7.88386e-10
f 111/194/53 112/195/53 110/196/53 109/191/53 

vt 6.36646e-12 1.41421
vn -1.46941e-10 -0.707107 0.707107
vt -4.15613e-10 -1.41421
f 107/197/54 106/198/54 110/158/54 112/159/54 

g Mesh15 Group18 Group12 Group1 Model

vn -1 -3.49403e-12 7.20055e-11
v 32.0481 8 -34
vt -2 -5.4747e-22
v 32.0481 10 -32
vt 1.48741e-20 2
v 32.0481 27 -32
vt -1.43814e-09 19
f 90/185/55 113/199/55 114/200/55 115/201/55 

vt -2.97263e-11 1.1733e-10
vn -8.5251e-12 -5.86652e-11 -1
vt -1.70502e-11 19
v 34.0481 29 -34
v 34.0481 8 -34
vt -2 1.1733e-10
f 113/202/56 90/203/56 116/179/56 117/204/56 

vt -1.43814e-09 13.435
vn -0.707107 0.707107 -5.99654e-11
v 34.0481 29 -32
vt -1.75918e-09 16.2635
vt -2 16.2635
vt -2 13.435
f 115/205/57 118/206/57 116/207/57 90/208/57 

v 34.0481 10 -32
vn -4.18088e-12 8.40772e-11 1
vt 2 21
vt 8.7141e-11 19
vt 2.06569e-10 2
f 119/8/58 118/209/58 115/210/58 114/211/58 

vt 2 -1.9788e-12
vn 1 9.894e-13 -1.17475e-12
vt 1.58722e-09 21
vt -2.3495e-12 2
f 117/212/59 116/209/59 118/213/59 119/214/59 

vt 2.06569e-10 1.41421
vn -6.91469e-13 -0.707107 0.707107
vt 1.07203e-11 -1.41421
f 114/215/60 113/216/60 117/158/60 119/159/60 

g Mesh16 Group19 Group12 Group1 Model

v 2.04806 8 -2
v 2.04806 10 -0
v 0.048065 10 -1.01352e-10
v 0.048065 8 -2
f 120/158/43 121/159/43 122/160/43 123/161/43 

v 2.04806 8 -34
v 2.04806 10 -32
f 124/162/44 125/163/44 121/164/44 120/165/44 

v 0.048065 8 -34
v 0.048065 10 -32
f 125/166/45 124/167/45 126/168/45 127/169/45 

f 124/170/46 120/15/46 123/12/46 126/171/46 

f 127/136/47 126/172/47 123/173/47 122/174/47 

f 121/175/48 125/176/48 127/177/48 122/178/48 

g Mesh17 Group20 Group1 Model

v 32.0481 8.85604e-08 -34
v 34.0481 7.85776e-08 -34
v 34.0481 7.85776e-08 -32
v 32.0481 7.85776e-08 -32
f 128/96/25 129/15/25 130/97/25 131/98/25 

v 32.0481 8 -34
v 34.0481 8 -34
f 132/99/26 133/100/26 129/101/26 128/102/26 

v 32.0481 8 -32
v 34.0481 8 -32
f 133/8/27 132/103/27 134/104/27 135/105/27 

f 134/106/28 132/100/28 128/107/28 131/108/28 

f 135/109/29 134/110/29 131/111/29 130/112/29 

f 133/109/30 135/113/30 130/114/30 129/115/30 

g Mesh18 Group21 Group1 Model

v 32.0481 8 -32
v 32.0481 10 -32
v 2.04806 10 -32
v 2.04806 8 -32
f 136/1/1 137/2/1 138/3/1 139/4/1 

v 32.0481 8 -34
v 32.0481 10 -34
f 137/5/2 136/6/2 140/7/2 141/8/2 

v 2.04806 8 -34
f 140/9/3 136/10/3 139/11/3 142/12/3 

v 2.04806 10 -34
f 139/13/4 138/14/4 143/15/4 142/16/4 

f 137/17/5 141/2/5 143/18/5 138/19/5 

f 141/9/6 140/20/6 142/21/6 143/22/6 

g Mesh19 Group23 Group22 Group1 Model

v 2.04806 24 -1.24098e-09
vt 8.86757e-11 2
vn 1 -4.84676e-27 4.43379e-11
v 2.04806 22 -2
vt 2 9.69352e-27
v 2.04806 22 -32
vt 32 9.69352e-27
v 2.04806 24 -32
f 144/217/61 145/218/61 146/219/61 147/163/61 

vn -3.13516e-11 -0.707107 0.707107
v 0.048065 24 -1.32965e-09
vt -3.93169e-21 1.41421
v 0.048065 22 -2
vt -3.93173e-21 -1.41421
f 145/158/62 144/159/62 148/220/62 149/221/62 

vt 2 -2.65885e-10
vn 5.89439e-21 1 -1.32943e-10
v 0.048065 24 -32
vt 1.41881e-09 32
vt -1.17888e-20 -1.77209e-10
f 144/222/63 147/176/63 150/223/63 148/224/63 

vn 4.43379e-11 0 -1
v 0.048065 22 -32
vt 7.74241e-21 0
vt 7.74241e-21 2
f 147/15/64 146/129/64 151/225/64 150/226/64 

vn 0 -1 -0
vt -8.86757e-11 2
vt -1.41881e-09 32
vt -2 32
f 145/15/65 149/227/65 151/228/65 146/229/65 

vt -2 -1.90561e-47
vn -1 4.84676e-27 -4.43379e-11
vt -32 -3.7527e-47
f 149/230/66 148/227/66 150/136/66 151/231/66 

g Mesh20 Group24 Group22 Group1 Model

v 0.048065 22 -2
vt -3.10294e-10 7.07107
vn -7.83539e-11 0.707107 -0.707107
v 0.048065 24 -1.24098e-09
vt -1.37512e-19 9.89949
v 2.04806 24 -1.24098e-09
vt -2 9.89949
v 2.04806 22 -2
f 152/232/67 153/233/67 154/234/67 155/122/67 

v 0.048065 10 -0
vt 2.94362e-20 -1.13899e-19
vn -1 -9.1775e-11 2.37186e-11
vt -1.24098e-09 14
vt -2 12
v 0.048065 10 -2
vt -2 -1.18252e-19
f 156/235/68 153/236/68 152/237/68 157/238/68 

vt 1.24106e-09 1.72873e-39
vn -1.57144e-20 8.86412e-11 1
v 2.04806 10 -0
vt 2 3.54561e-10
vt 2 14
vt -1.95012e-29 14
f 156/239/69 158/240/69 154/241/69 153/242/69 

vt -1.24106e-09 2
vn 8.86402e-11 -1 8.86402e-11
v 2.04806 10 -2
vt -2 -1.57142e-20
vt -1.24106e-09 9.75113e-30
f 157/243/70 159/15/70 158/244/70 156/245/70 

vt -8.86757e-11 12
vn 1.96507e-21 -8.86402e-11 -1
vt -2 1.7728e-10
vt -1.24106e-09 1.7728e-10
f 152/246/71 155/237/71 159/247/71 157/248/71 

vt -2.72246e-11 1.74488e-10
vn 1 9.00363e-11 -1.36123e-11
vt 2 -1.80073e-10
vt 2 12
vt 1.21375e-09 14
f 158/249/72 159/250/72 155/251/72 154/252/72 

g Mesh21 Group26 Group25 Group1 Model

v 34.0481 24 -2.02951e-09
v 34.0481 22 -2
v 34.0481 22 -32
v 34.0481 24 -32
f 160/217/61 161/218/61 162/219/61 163/163/61 

v 32.0481 24 -2.11818e-09
v 32.0481 22 -2
f 161/158/62 160/159/62 164/220/62 165/221/62 

v 32.0481 24 -32
f 160/222/63 163/176/63 166/223/63 164/224/63 

v 32.0481 22 -32
f 163/15/64 162/129/64 167/225/64 166/226/64 

f 161/15/65 165/227/65 167/228/65 162/229/65 

f 165/230/66 164/227/66 166/136/66 167/231/66 

g Mesh22 Group27 Group25 Group1 Model

v 32.0481 22 -2
v 32.0481 24 -2.02951e-09
v 34.0481 24 -2.02951e-09
v 34.0481 22 -2
f 168/232/67 169/233/67 170/234/67 171/122/67 

v 32.0481 10 -7.88532e-10
v 32.0481 10 -2
f 172/235/68 169/236/68 168/237/68 173/238/68 

v 34.0481 10 -7.88532e-10
f 172/239/69 174/240/69 170/241/69 169/242/69 

v 34.0481 10 -2
f 173/243/70 175/15/70 174/244/70 172/245/70 

f 168/246/71 171/237/71 175/247/71 173/248/71 

f 174/249/72 175/250/72 171/251/72 170/252/72 

g Mesh23 Component_2221_1 Group28 Group1 Model

usemtl Color_M00
v 32.0481 18 -32
vt 3.74419e-12 -4.53956e-12
vn 1 5.19573e-14 -9.57911e-14
v 32.0481 31 -32
vt 3.74419e-12 13
v 32.0481 31 -29.5
vt -2.5 13
v 32.0481 30.9989 -29.4124
vt -2.58762 12.9989
v 32.0481 30.9958 -29.3248
vt -2.67518 12.9958
v 32.0481 30.9905 -29.2374
vt -2.76265 12.9905
v 32.0481 30.9831 -29.15
vt -2.84996 12.9831
v 32.0481 30.9737 -29.0629
vt -2.93707 12.9737
v 32.0481 30.9621 -28.9761
vt -3.02393 12.9621
v 32.0481 30.9484 -28.8895
vt -3.11048 12.9484
v 32.0481 30.9327 -28.8033
vt -3.19668 12.9327
v 32.0481 30.9149 -28.7175
vt -3.28247 12.9149
v 32.0481 30.895 -28.6322
vt -3.36782 12.895
v 32.0481 30.8731 -28.5473
vt -3.45266 12.8731
v 32.0481 30.8492 -28.4631
vt -3.53694 12.8492
v 32.0481 30.8232 -28.3794
vt -3.62063 12.8232
v 32.0481 30.7952 -28.2963
vt -3.70367 12.7952
v 32.0481 30.7653 -28.214
vt -3.78601 12.7653
v 32.0481 30.7333 -28.1324
vt -3.8676 12.7333
v 32.0481 30.6994 -28.0516
vt -3.9484 12.6994
v 32.0481 30.6636 -27.9716
vt -4.02836 12.6636
v 32.0481 30.6259 -27.8926
vt -4.10744 12.6259
v 32.0481 30.5862 -27.8144
vt -4.18559 12.5862
v 32.0481 30.5447 -27.7372
vt -4.26276 12.5447
v 32.0481 30.5014 -27.6611
vt -4.3389 12.5014
v 32.0481 30.4562 -27.586
vt -4.41399 12.4562
v 32.0481 30.4092 -27.512
vt -4.48796 12.4092
v 32.0481 30.3605 -27.4392
vt -4.56078 12.3605
v 32.0481 30.31 -27.3676
vt -4.63241 12.31
v 32.0481 30.2578 -27.2972
vt -4.7028 12.2578
v 32.0481 30.204 -27.2281
vt -4.77191 12.204
v 32.0481 30.1485 -27.1603
vt -4.83971 12.1485
v 32.0481 30.0913 -27.0938
vt -4.90615 12.0913
v 32.0481 30.0326 -27.0288
vt -4.9712 12.0326
v 32.0481 29.9724 -26.9652
vt -5.03482 11.9724
v 32.0481 29.9106 -26.903
vt -5.09696 11.9106
v 32.0481 29.8473 -26.8424
vt -5.15761 11.8473
v 32.0481 29.7827 -26.7833
vt -5.21671 11.7827
v 32.0481 29.7166 -26.7258
vt -5.27424 11.7166
v 32.0481 29.6491 -26.6698
vt -5.33016 11.6491
v 32.0481 29.5803 -26.6156
vt -5.38444 11.5803
v 32.0481 29.5102 -26.563
vt -5.43705 11.5102
v 32.0481 29.4389 -26.512
vt -5.48796 11.4389
v 32.0481 29.3664 -26.4629
vt -5.53713 11.3664
v 32.0481 29.2927 -26.4155
vt -5.58455 11.2927
v 32.0481 29.2179 -26.3698
vt -5.63018 11.2179
v 32.0481 29.142 -26.326
vt -5.67399 11.142
v 32.0481 29.0651 -26.284
vt -5.71597 11.0651
v 32.0481 28.9872 -26.2439
vt -5.75608 10.9872
v 32.0481 28.9084 -26.2057
vt -5.79431 10.9084
v 32.0481 28.8286 -26.1694
vt -5.83062 10.8286
v 32.0481 28.748 -26.135
vt -5.86501 10.748
v 32.0481 28.6666 -26.1026
vt -5.89745 10.6666
v 32.0481 18 -22
vt -10 -4.53956e-12
f 176/253/73 177/254/73 178/255/73 179/256/73 180/257/73 181/258/73 182/259/73 183/260/73 184/261/73 185/262/73 186/263/73 187/264/73 188/265/73 189/266/73 190/267/73 191/268/73 192/269/73 193/270/73 194/271/73 195/272/73 196/273/73 197/274/73 198/275/73 199/276/73 200/277/73 201/278/73 202/279/73 203/280/73 204/281/73 205/282/73 206/283/73 207/284/73 208/285/73 209/286/73 210/287/73 211/288/73 212/289/73 213/290/73 214/291/73 215/292/73 216/293/73 217/294/73 218/295/73 219/296/73 220/297/73 221/298/73 222/299/73 223/300/73 224/301/73 225/302/73 226/303/73 227/304/73 228/305/73 229/306/73 

v 2.04806 31 -32
vt -57.9863 13
vn -1.42871e-13 -3.14908e-30 -1
vt -87.9863 13
vt -87.9863 3.19744e-14
v 2.04806 18 -32
vt -57.9863 3.55271e-15
f 230/307/74 177/308/74 176/309/74 231/310/74 

vt -3.26992e-12 57.9863
vn 1.6068e-14 1 2.51532e-13
v 2.04806 31 -29.5
vt 2.5 57.9863
vn 2.40729e-14 0.999982 0.00601808
vt 2.5 87.9863
vt -3.04254e-12 87.9863
f 230/311/75 232/312/76 178/313/76 177/314/75 

v 2.04806 30.9958 -29.3248
vt 2.67518 12.9958
vn -1 1.09646e-16 1.41374e-13
v 2.04806 30.9989 -29.4124
vt 2.58762 12.9989
vt 2.5 13
vt 2.57891e-14 13
vt 2.57891e-14 9.91066e-15
v 2.04806 18 -22
vt 10 9.91066e-15
v 2.04806 28.6666 -26.1026
vt 5.89745 10.6666
v 2.04806 28.748 -26.135
vt 5.86501 10.748
v 2.04806 28.8286 -26.1694
vt 5.83062 10.8286
v 2.04806 28.9084 -26.2057
vt 5.79431 10.9084
v 2.04806 28.9872 -26.2439
vt 5.75608 10.9872
v 2.04806 29.0651 -26.284
vt 5.71597 11.0651
v 2.04806 29.142 -26.326
vt 5.67399 11.142
v 2.04806 29.2179 -26.3698
vt 5.63018 11.2179
v 2.04806 29.2927 -26.4155
vt 5.58455 11.2927
v 2.04806 29.3664 -26.4629
vt 5.53713 11.3664
v 2.04806 29.4389 -26.512
vt 5.48796 11.4389
v 2.04806 29.5102 -26.563
vt 5.43705 11.5102
v 2.04806 29.5803 -26.6156
vt 5.38444 11.5803
v 2.04806 29.6491 -26.6698
vt 5.33016 11.6491
v 2.04806 29.7166 -26.7258
vt 5.27424 11.7166
v 2.04806 29.7827 -26.7833
vt 5.21671 11.7827
v 2.04806 29.8473 -26.8424
vt 5.15761 11.8473
v 2.04806 29.9106 -26.903
vt 5.09696 11.9106
v 2.04806 29.9724 -26.9652
vt 5.03482 11.9724
v 2.04806 30.0326 -27.0288
vt 4.9712 12.0326
v 2.04806 30.0913 -27.0938
vt 4.90615 12.0913
v 2.04806 30.1485 -27.1603
vt 4.83971 12.1485
v 2.04806 30.204 -27.2281
vt 4.77191 12.204
v 2.04806 30.2578 -27.2972
vt 4.7028 12.2578
v 2.04806 30.31 -27.3676
vt 4.63241 12.31
v 2.04806 30.3605 -27.4392
vt 4.56078 12.3605
v 2.04806 30.4092 -27.512
vt 4.48796 12.4092
v 2.04806 30.4562 -27.586
vt 4.41399 12.4562
v 2.04806 30.5014 -27.6611
vt 4.3389 12.5014
v 2.04806 30.5447 -27.7372
vt 4.26276 12.5447
v 2.04806 30.5862 -27.8144
vt 4.18559 12.5862
v 2.04806 30.6259 -27.8926
vt 4.10744 12.6259
v 2.04806 30.6636 -27.9716
vt 4.02836 12.6636
v 2.04806 30.6994 -28.0516
vt 3.9484 12.6994
v 2.04806 30.7333 -28.1324
vt 3.8676 12.7333
v 2.04806 30.7653 -28.214
vt 3.78601 12.7653
v 2.04806 30.7952 -28.2963
vt 3.70367 12.7952
v 2.04806 30.8232 -28.3794
vt 3.62063 12.8232
v 2.04806 30.8492 -28.4631
vt 3.53694 12.8492
v 2.04806 30.8731 -28.5473
vt 3.45266 12.8731
v 2.04806 30.895 -28.6322
vt 3.36782 12.895
v 2.04806 30.9149 -28.7175
vt 3.28247 12.9149
v 2.04806 30.9327 -28.8033
vt 3.19668 12.9327
v 2.04806 30.9484 -28.8895
vt 3.11048 12.9484
v 2.04806 30.9621 -28.9761
vt 3.02393 12.9621
v 2.04806 30.9737 -29.0629
vt 2.93707 12.9737
v 2.04806 30.9831 -29.15
vt 2.84996 12.9831
v 2.04806 30.9905 -29.2374
vt 2.76265 12.9905
f 233/315/77 234/316/77 232/317/77 230/318/77 231/319/77 235/320/77 236/321/77 237/322/77 238/323/77 239/324/77 240/325/77 241/326/77 242/327/77 243/328/77 244/329/77 245/330/77 246/331/77 247/332/77 248/333/77 249/334/77 250/335/77 251/336/77 252/337/77 253/338/77 254/339/77 255/340/77 256/341/77 257/342/77 258/343/77 259/344/77 260/345/77 261/346/77 262/347/77 263/348/77 264/349/77 265/350/77 266/351/77 267/352/77 268/353/77 269/354/77 270/355/77 271/356/77 272/357/77 273/358/77 274/359/77 275/360/77 276/361/77 277/362/77 278/363/77 279/364/77 280/365/77 281/366/77 282/367/77 283/368/77 

vt 57.9863 -2.11666
vn 3.37896e-14 0.99971 0.0240701
vt 57.9863 -2.20428
vn 3.72001e-14 0.998841 0.0481263
vt 87.9863 -2.20428
vt 87.9863 -2.11666
f 234/369/78 233/370/79 180/371/79 179/372/78 

vt 57.9863 -1.88871
vt 57.9863 -1.97633
vn 4.0589e-14 0.997393 0.0721546
vt 87.9863 -1.97633
vt 87.9863 -1.88871
f 233/373/79 283/374/80 181/375/80 180/376/79 

vt 57.9863 -1.65965
vt 57.9863 -1.74727
vn 4.39543e-14 0.995368 0.0961411
vt 87.9863 -1.74727
vt 87.9863 -1.65965
f 283/377/80 282/378/81 182/379/81 181/380/80 

vt 57.9863 -1.42959
vt 57.9863 -1.51722
vn 4.72943e-14 0.992765 0.120072
vt 87.9863 -1.51722
vt 87.9863 -1.42959
f 282/381/81 281/382/82 183/383/82 182/384/81 

vt 57.9863 -1.19869
vt 57.9863 -1.28631
vn 5.06068e-14 0.989587 0.143933
vt 87.9863 -1.28631
vt 87.9863 -1.19869
f 281/385/82 280/386/83 184/387/83 183/388/82 

vt 57.9863 -0.967059
vt 57.9863 -1.05468
vn 5.389e-14 0.985836 0.167711
vt 87.9863 -1.05468
vt 87.9863 -0.967059
f 280/389/83 279/390/84 185/391/84 184/392/83 

vt 57.9863 -0.734847
vt 57.9863 -0.82247
vn 5.71419e-14 0.981514 0.191391
vt 87.9863 -0.82247
vt 87.9863 -0.734847
f 279/393/84 278/394/85 186/395/85 185/396/84 

vt 57.9863 -0.502183
vt 57.9863 -0.589807
vn 6.03607e-14 0.976623 0.214961
vt 87.9863 -0.589807
vt 87.9863 -0.502183
f 278/397/85 277/398/86 187/399/86 186/400/85 

vt 57.9863 -0.269203
vt 57.9863 -0.356827
vn 6.35446e-14 0.971166 0.238406
vt 87.9863 -0.356827
vt 87.9863 -0.269203
f 277/401/86 276/402/87 188/403/87 187/404/86 

vt 57.9863 -0.036042
vt 57.9863 -0.123665
vn 6.73979e-14 0.965146 0.261713
vt 87.9863 -0.123665
vt 87.9863 -0.036042
f 276/405/87 275/406/88 189/407/88 188/408/87 

vt 57.9863 0.197166
vt 57.9863 0.109542
vn 7.12722e-14 0.958567 0.284869
vt 87.9863 0.109542
vt 87.9863 0.197166
f 275/409/88 274/410/89 190/411/89 189/412/88 

vt 87.9863 0.430284
vt 57.9863 0.430284
vt 57.9863 0.342661
vn 7.36339e-14 0.951432 0.307859
vt 87.9863 0.342661
f 190/413/89 274/414/89 273/415/90 191/416/90 

vt 57.9863 0.663179
vt 57.9863 0.575556
vn 7.58938e-14 0.943746 0.330671
vt 87.9863 0.575556
vt 87.9863 0.663179
f 273/417/90 272/418/91 192/419/91 191/420/90 

vt 57.9863 0.895715
vt 57.9863 0.808092
vn 7.98175e-14 0.935513 0.353291
vt 87.9863 0.808092
vt 87.9863 0.895715
f 272/421/91 271/422/92 193/423/92 192/424/91 

vt 57.9863 1.12776
vt 57.9863 1.04013
vn 8.37531e-14 0.926739 0.375707
vt 87.9863 1.04013
vt 87.9863 1.12776
f 271/425/92 270/426/93 194/427/93 193/428/92 

vt 87.9863 1.35917
vt 57.9863 1.35917
vt 57.9863 1.27155
vn 8.56998e-14 0.917427 0.397905
vt 87.9863 1.27155
f 194/429/93 270/430/93 269/431/94 195/432/94 

vt 57.9863 1.58982
vt 57.9863 1.5022
vn 8.75398e-14 0.907583 0.419872
vt 87.9863 1.5022
vt 87.9863 1.58982
f 269/433/94 268/434/95 196/435/95 195/436/94 

vt 57.9863 1.81958
vt 57.9863 1.73196
vn 9.03286e-14 0.897214 0.441596
vt 87.9863 1.73196
vt 87.9863 1.81958
f 268/437/95 267/438/96 197/439/96 196/440/95 

vt 57.9863 2.04831
vt 57.9863 1.96068
vn 9.30651e-14 0.886325 0.463064
vt 87.9863 1.96068
vt 87.9863 2.04831
f 267/441/96 266/442/97 198/443/97 197/444/96 

vt 57.9863 2.27587
vt 57.9863 2.18825
vn 9.57477e-14 0.874922 0.484264
vt 87.9863 2.18825
vt 87.9863 2.27587
f 266/445/97 265/446/98 199/447/98 198/448/97 

vt 57.9863 2.50215
vt 57.9863 2.41452
vn 9.83748e-14 0.863012 0.505183
vt 87.9863 2.41452
vt 87.9863 2.50215
f 265/449/98 264/450/99 200/451/99 199/452/98 

vt 57.9863 2.72699
vt 57.9863 2.63937
vn 1.00945e-13 0.850602 0.525809
vt 87.9863 2.63937
vt 87.9863 2.72699
f 264/453/99 263/454/100 201/455/100 200/456/99 

vt 57.9863 2.95029
vt 57.9863 2.86266
vn 1.03457e-13 0.8377 0.546131
vt 87.9863 2.86266
vt 87.9863 2.95029
f 263/457/100 262/458/101 202/459/101 201/460/100 

vt 57.9863 3.17189
vt 57.9863 3.08427
vn 1.05908e-13 0.824312 0.566136
vt 87.9863 3.08427
vt 87.9863 3.17189
f 262/461/101 261/462/102 203/463/102 202/464/101 

vt 57.9863 3.39169
vt 57.9863 3.30407
vn 1.08298e-13 0.810446 0.585814
vt 87.9863 3.30407
vt 87.9863 3.39169
f 261/465/102 260/466/103 204/467/103 203/468/102 

vt 57.9863 3.60955
vt 57.9863 3.52192
vn 1.10626e-13 0.79611 0.605151
vt 87.9863 3.52192
vt 87.9863 3.60955
f 260/469/103 259/470/104 205/471/104 204/472/103 

vt 57.9863 3.82534
vt 57.9863 3.73771
vn 1.12889e-13 0.781314 0.624139
vt 87.9863 3.73771
vt 87.9863 3.82534
f 259/473/104 258/474/105 206/475/105 205/476/104 

vt 57.9863 4.03894
vt 57.9863 3.95131
vn 1.15087e-13 0.766064 0.642764
vt 87.9863 3.95131
vt 87.9863 4.03894
f 258/477/105 257/478/106 207/479/106 206/480/105 

vt 57.9863 4.25022
vt 57.9863 4.1626
vn 1.17219e-13 0.750371 0.661017
vt 87.9863 4.1626
vt 87.9863 4.25022
f 257/481/106 256/482/107 208/483/107 207/484/106 

vt 57.9863 4.45907
vt 57.9863 4.37144
vn 1.19282e-13 0.734243 0.678887
vt 87.9863 4.37144
vt 87.9863 4.45907
f 256/485/107 255/486/108 209/487/108 208/488/107 

vt 57.9863 4.66536
vt 57.9863 4.57773
vn 1.21276e-13 0.717689 0.696364
vt 87.9863 4.57773
vt 87.9863 4.66536
f 255/489/108 254/490/109 210/491/109 209/492/108 

vt 57.9863 4.86897
vt 57.9863 4.78134
vn 1.232e-13 0.700719 0.713437
vt 87.9863 4.78134
vt 87.9863 4.86897
f 254/493/109 253/494/110 211/495/110 210/496/109 

vt 57.9863 4.98216
vn 1.25053e-13 0.683344 0.730097
vt 87.9863 4.98216
vt 87.9863 5.06978
vt 57.9863 5.06978
f 252/497/111 212/498/111 211/499/110 253/500/110 

vt 57.9863 5.26768
vt 57.9863 5.18006
vn 1.26833e-13 0.665572 0.746333
vt 87.9863 5.18006
vt 87.9863 5.26768
f 252/501/111 251/502/112 213/503/112 212/504/111 

vt 57.9863 5.37493
vn 1.2854e-13 0.647415 0.762137
vt 87.9863 5.37493
vt 87.9863 5.46256
vt 57.9863 5.46256
f 250/505/113 214/506/113 213/507/112 251/508/112 

vt 57.9863 5.56667
vn 1.30172e-13 0.628883 0.7775
vt 87.9863 5.56667
vt 87.9863 5.65429
vt 57.9863 5.65429
f 249/509/114 215/510/114 214/511/113 250/512/113 

vt 57.9863 5.75515
vn 1.31729e-13 0.609986 0.792412
vt 87.9863 5.75515
vt 87.9863 5.84277
vt 57.9863 5.84277
f 248/513/115 216/514/115 215/515/114 249/516/114 

vt 57.9863 5.94027
vn 1.33209e-13 0.590736 0.806865
vt 87.9863 5.94027
vt 87.9863 6.0279
vt 57.9863 6.0279
f 247/517/116 217/518/116 216/519/115 248/520/115 

vt 57.9863 6.12193
vn 1.34612e-13 0.571144 0.82085
vt 87.9863 6.12193
vt 87.9863 6.20955
vt 57.9863 6.20955
f 246/521/117 218/522/117 217/523/116 247/524/116 

vt 57.9863 6.30001
vn 1.38111e-13 0.55122 0.83436
vt 87.9863 6.30001
vt 87.9863 6.38764
vt 57.9863 6.38764
f 245/525/118 219/526/118 218/527/117 246/528/117 

vt 57.9863 6.47442
vn 1.41563e-13 0.530977 0.847386
vt 87.9863 6.47442
vt 87.9863 6.56205
vt 57.9863 6.56205
f 244/529/119 220/530/119 219/531/118 245/532/118 

vt 57.9863 6.64505
vn 1.40557e-13 0.510427 0.859921
vt 87.9863 6.64505
vt 87.9863 6.73268
vt 57.9863 6.73268
f 243/533/120 221/534/120 220/535/119 244/536/119 

vt 57.9863 6.89943
vt 57.9863 6.81181
vn 1.39438e-13 0.48958 0.871958
vt 87.9863 6.81181
vt 87.9863 6.89943
f 243/537/120 242/538/121 222/539/121 221/540/120 

vt 57.9863 6.97459
vn 1.40444e-13 0.46845 0.88349
vt 87.9863 6.97459
vt 87.9863 7.06221
vt 57.9863 7.06221
f 241/541/122 223/542/122 222/543/121 242/544/121 

vt 57.9863 7.1333
vn 1.41368e-13 0.447049 0.894509
vt 87.9863 7.1333
vt 87.9863 7.22093
vt 57.9863 7.22093
f 240/545/123 224/546/123 223/547/122 241/548/122 

vt 57.9863 7.28786
vn 1.42211e-13 0.425389 0.905011
vt 87.9863 7.28786
vt 87.9863 7.37548
vt 57.9863 7.37548
f 239/549/124 225/550/124 224/551/123 240/552/123 

vt 57.9863 7.43817
vn 1.42971e-13 0.403482 0.914988
vt 87.9863 7.43817
vt 87.9863 7.52579
vt 57.9863 7.52579
f 238/553/125 226/554/125 225/555/124 239/556/124 

vt 57.9863 7.58414
vn 1.43649e-13 0.381341 0.924435
vt 87.9863 7.58414
vt 87.9863 7.67176
vt 57.9863 7.67176
f 237/557/126 227/558/126 226/559/125 238/560/125 

vt 57.9863 7.72569
vn 1.41531e-13 0.36459 0.931168
vt 87.9863 7.72569
vt 87.9863 7.81332
vt 57.9863 7.81332
f 236/561/127 228/562/127 227/563/126 237/564/126 

vt 57.9863 -3.58979
vn 1.391e-13 0.358979 0.933346
vt 87.9863 -3.58979
vt 87.9863 7.8386
vt 57.9863 7.8386
f 235/565/128 229/566/128 228/567/127 236/568/127 

vt 8.56066e-45 57.9863
vn -1.69561e-15 -1 2.39708e-28
vt -2.27374e-13 87.9863
vt -10 87.9863
vt -10 57.9863
f 231/569/129 176/570/129 229/571/129 235/572/129 

vt 57.9863 -2.34335
vt 57.9863 -2.43098
vt 87.9863 -2.43098
vt 87.9863 -2.34335
f 232/573/76 234/574/78 179/575/78 178/576/76 

g Mesh24 Component_278_1 Group28 Group1 Model

usemtl FrontColor
v 26.0481 27 -34
vt 2.93312e-11 1.46656e-11
vn 1.46656e-11 7.3328e-12 1
v 27.0481 27 -34
vt 1 1.46656e-11
v 27.0481 29 -34
vt 1 2
v 26.0481 29 -34
vt 9.12451e-09 2
f 284/577/130 285/578/130 286/579/130 287/580/130 

v 27.0481 27 -32
vt 7.88674e-10 -6.61209e-14
vn 1 6.61209e-14 -3.12407e-13
v 27.0481 26.9 -32
vt 7.88674e-10 -0.1
v 27.0481 26.9 -34.1
vt 2.1 -0.1
v 27.0481 29.1 -34.1
vt 2.1 2.1
v 27.0481 29.1 -32
vt -3.12407e-13 2.1
v 27.0481 29 -32
vt -3.12407e-13 2
vt 2 -6.61209e-14
f 288/581/131 289/582/131 290/583/131 291/584/131 292/585/131 293/586/131 286/8/131 285/587/131 

vt 1 0
vn 1.41014e-32 0 1
v 26.0481 27 -32
vt 1.11258e-41 0
v 26.0481 26.9 -32
vt 1.11258e-41 -0.1
vt 1 -0.1
f 288/588/132 294/589/132 295/590/132 289/591/132 

vt -7.88987e-10 0
vn -1 0 -1.41014e-32
v 26.0481 26.9 -34
vt -2 -0.1
vt -7.88987e-10 -0.1
f 294/592/133 284/129/133 296/593/133 295/594/133 

vn -1 4.31386e-09 1.55065e-11
vt -2 1.33785e-19
v 26.0481 29 -32
vt 1.41034e-19 2
v 26.0481 29.1 -32
vt 1.41034e-19 2.1
v 26.0481 29.1 -34.1
vt -2.1 2.1
v 26.0481 26.9 -34.1
vt -2.1 -0.1
f 296/593/134 284/595/134 287/15/134 297/596/134 298/597/134 299/598/134 300/599/134 

vt -9.09518e-09 0
vt -9.09518e-09 2
vt -1 2
vt -1 0
f 297/600/65 287/601/65 286/602/65 293/603/65 

vt 9.09518e-09 2
vt 1 2.1
vt 9.09518e-09 2.1
f 297/604/132 293/579/132 292/605/132 298/606/132 

vn -6.72084e-25 1 -1.91222e-13
vt 9.0937e-09 2.1
vt 9.09518e-09 -4.01566e-13
vt 1 -4.01566e-13
f 291/605/135 299/607/135 298/608/135 292/609/135 

vt -1 2.1
vn -1.46656e-11 -7.3328e-12 -1
vt -1 -0.1
vt -2.93198e-11 -0.1
vt -9.1245e-09 2.1
f 291/610/136 290/611/136 300/612/136 299/613/136 

vt -1 7.88987e-10
vt 0 7.88987e-10
vt 0 2
vt 1.47793e-12 2.1
f 290/610/65 289/614/65 295/615/65 296/616/65 300/617/65 

g Mesh25 Component_278_2 Group28 Group1 Model

v 7.04806 27 -34
v 8.04806 27 -34
v 8.04806 29 -34
v 7.04806 29 -34
f 301/577/130 302/578/130 303/579/130 304/580/130 

v 8.04806 27 -32
v 8.04806 26.9 -32
v 8.04806 26.9 -34.1
v 8.04806 29.1 -34.1
v 8.04806 29.1 -32
v 8.04806 29 -32
f 305/581/131 306/582/131 307/583/131 308/584/131 309/585/131 310/586/131 303/8/131 302/587/131 

v 7.04806 27 -32
v 7.04806 26.9 -32
f 305/588/132 311/589/132 312/590/132 306/591/132 

v 7.04806 26.9 -34
f 311/592/133 301/129/133 313/593/133 312/594/133 

v 7.04806 29 -32
v 7.04806 29.1 -32
v 7.04806 29.1 -34.1
v 7.04806 26.9 -34.1
f 313/593/134 301/595/134 304/15/134 314/596/134 315/597/134 316/598/134 317/599/134 

f 314/600/65 304/601/65 303/602/65 310/603/65 

f 314/604/132 310/579/132 309/605/132 315/606/132 

f 308/605/135 316/607/135 315/608/135 309/609/135 

f 308/610/136 307/611/136 317/612/136 316/613/136 

f 307/610/65 306/614/65 312/615/65 313/616/65 317/617/65 

g Mesh26 Component_2220_1 Group29 Group1 Model

usemtl Color_M00
v 32.0481 10 -32
vt 4.54747e-13 0
vn 1 -1.26218e-29 -1.40929e-13
v 32.0481 18 -32
vt 4.54747e-13 8
v 32.0481 18 -5.21894e-12
vt -32 8
v 32.0481 10 -5.21894e-12
vt -32 0
f 318/618/137 319/619/137 320/620/137 321/621/137 

v 2.04806 18 -32
vt -28 8
vn -1.52883e-13 -3.15544e-30 -1
vt -58 8
vt -58 3.34314e-58
v 2.04806 10 -32
vt -28 4.69024e-58
f 322/622/138 319/623/138 318/624/138 323/625/138 

vt -4.54747e-13 58
vn 1.26218e-29 1 -3.15544e-30
vt 0 28
v 2.04806 18 -8.17124e-14
vt 32 28
vt 32 58
f 319/626/139 322/627/139 324/628/139 320/629/139 

v 2.04806 10 -8.17124e-14
vt 32 0
vn -1 1.26218e-29 1.40929e-13
vt 32 8
vt 1.11516e-57 8
vt 1.11516e-57 0
f 325/630/140 324/631/140 322/632/140 323/633/140 

vt 28 4.48416e-44
vn 1.63215e-13 3.15544e-30 1
vt 58 4.48416e-44
vt 58 8
vt 28 8
f 325/634/141 321/635/141 320/636/141 324/637/141 

vt 4.54747e-13 58
vn -8.03204e-30 -1 3.15544e-30
vt -32 58
vt -32 28
f 318/638/142 321/639/142 325/640/142 323/627/142 

g Mesh27 Component_277_1 Group29 Group1 Model

usemtl FrontColor
v -0.051935 15 -31.9
vt 2.9 1
vn 0 0 1
v -0.051935 14 -31.9
vt 2.9 0
v 2.04806 14 -31.9
vt 5 0
v 2.04806 15 -31.9
vt 5 1
f 326/641/143 327/642/143 328/643/143 329/644/143 

vt 0.1 1
vn -1 0 -0
v -0.051935 15 -34.1
vt -2.1 1
v -0.051935 14 -34.1
vt -2.1 0
vt 0.1 0
f 326/645/144 330/646/144 331/647/144 327/648/144 

v 2.04806 15 -32
vn 0 1 -0
v 0.048065 15 -32
vt 3 6.8485e-10
v 0.048065 15 -34
vt 3 2
v 2.04806 15 -34
vt 5 2
v 2.04806 15 -32
v 2.14806 15 -32
vt 5.1 3.38264e-09
v 2.14806 15 -34.1
vt 5.1 2.1
vt 2.9 2.1
vt 2.9 -0.1
vt 5 -0.1
f 332/643/145 333/649/145 334/650/145 335/651/145 336/643/145 337/652/145 338/653/145 330/654/145 326/655/145 329/656/145 

v 2.04806 14 -32
vt -5 0
vn 3.42425e-10 0 -1
v 0.048065 14 -32
vt -3 0
vt -3 1
vt -5 1
f 339/657/146 340/658/146 333/659/146 332/660/146 

vt -3 6.8485e-10
vt -5 -0.1
vt -2.9 -0.1
vt -2.9 2.1
v 2.14806 14 -34.1
vt -5.1 2.1
v 2.14806 14 -32
vt -5.1 3.38264e-09
v 2.04806 14 -32
v 2.04806 14 -34
vt -5 2
v 0.048065 14 -34
vt -3 2
f 340/661/65 339/657/65 328/662/65 327/663/65 331/664/65 341/665/65 342/666/65 343/657/65 344/667/65 345/668/65 

vt 0 0
vn 1 0 -0
vt 0 1
vt -0.1 1
vt -0.1 0
f 339/669/147 332/670/147 329/671/147 328/672/147 

vt 5.1 1
vn 3.38264e-08 0 1
vt 5.1 0
f 337/673/148 332/644/148 339/643/148 342/674/148 

vt -2 1
vn -1 0 3.37851e-08
vt 1.68925e-07 0
vt 1.68925e-07 1
f 335/675/149 344/129/149 339/676/149 332/677/149 

vt 3 0
vn 2.63562e-08 0 1
vt 3 1
f 345/678/150 344/643/150 335/644/150 334/679/150 

vt -2.55266e-09 0
vn 1 0 -1.07917e-09
vt 2 1
vt -2.55266e-09 1
f 340/680/151 345/132/151 334/681/151 333/682/151 

vt 2.1 1
vn 1 0 -2.63563e-08
vt -1.31035e-07 1
vt -1.31035e-07 0
vt 2.1 0
f 338/683/152 337/684/152 342/685/152 341/686/152 

vt -2.9 1
vn -2.28283e-09 0 -1
vt -5.1 1
vt -5.1 0
vt -2.9 0
f 330/687/153 338/688/153 341/689/153 331/690/153 

g Mesh28 Component_277_2 Group29 Group1 Model

v 32.0481 15 -31.9
v 32.0481 14 -31.9
v 34.1481 14 -31.9
v 34.1481 15 -31.9
f 346/644/143 347/643/143 348/642/143 349/641/143 

v 32.0481 15 -32
v 32.0481 14 -32
f 347/672/144 346/671/144 350/670/144 351/669/144 

v 34.1481 15 -34.1
v 31.9481 15 -34.1
v 31.9481 15 -32
v 32.0481 15 -34
v 34.0481 15 -34
v 34.0481 15 -32
v 32.0481 15 -32
f 346/656/145 349/655/145 352/654/145 353/653/145 354/652/145 350/643/145 355/651/145 356/650/145 357/649/145 358/643/145 

v 34.1481 14 -34.1
f 348/648/147 359/647/147 352/646/147 349/645/147 

v 34.0481 14 -34
v 32.0481 14 -34
v 31.9481 14 -32
v 31.9481 14 -34.1
v 32.0481 14 -32
v 34.0481 14 -32
f 360/668/65 361/667/65 351/657/65 362/666/65 363/665/65 359/664/65 348/663/65 347/662/65 364/657/65 365/661/65 

vn -2.63562e-08 0 1
f 356/679/154 355/644/154 361/643/154 360/678/154 

vn 1 0 3.37851e-08
f 350/677/155 351/676/155 361/129/155 355/675/155 

vn -3.42425e-10 0 -1
f 350/660/156 357/659/156 365/658/156 351/657/156 

vn -1 0 -1.07917e-09
f 357/682/157 356/681/157 360/132/157 365/680/157 

vn -3.38264e-08 0 1
f 362/674/158 351/643/158 350/644/158 354/673/158 

vn -1 0 -2.63563e-08
f 363/686/159 362/685/159 354/684/159 353/683/159 

vn 2.28283e-09 0 -1
f 359/690/160 363/689/160 353/688/160 352/687/160 

g Mesh29 Pillow_Abernathy_13_1 Pillow_Abernathy_SKU_EAN5489__27_1 Group1 Model

usemtl _Color_M03_1
v 12.6723 17.9506 -21.9741
vt 23.8917 -3.20779
vn 0.0132225 -0.959122 -0.282685
v 14.6732 17.962 -22.1614
vt 20.9649 -2.86698
vn 0.0503701 -0.806805 -0.588667
v 15.0609 17.9921 -21.7887
vt 20.374 -3.15141
vn 0.0461212 -0.995956 -0.0770967
f 366/691/161 367/692/162 368/693/163

v 12.6018 18.0004 -22.5348
vt 24.1847 -0.496362
vn 0.0193793 -0.643558 -0.765152
vt 21.1385 -0.872514
vt 24.0815 -1.01823
f 369/694/164 367/695/162 366/696/161

vt 24.1191 -0.789395
v 14.9967 18.0578 -22.5967
vt 20.5993 -0.613204
vn 0.08101 -0.593278 -0.800911
vt 21.0631 -1.07446
f 369/697/164 370/698/165 367/699/162

vt 24.151 0.102958
v 12.4824 18.2294 -23.0794
vt 24.3342 0.790114
vn 0.0339623 -0.428689 -0.902813
vt 20.6296 0.24114
f 369/700/164 371/701/166 370/702/165

v 11.8687 18.0624 -22.8273
vt 25.0403 -0.675862
vn 0.0209674 -0.532455 -0.846198
vt 24.158 -0.235091
vt 23.9444 -0.913409
f 372/703/167 371/704/166 369/705/164

v 11.8788 18.6938 -23.8454
vt 25.2316 2.29461
vn 0.0534679 -0.343052 -0.937793
vt 24.3336 1.14058
vt 25.2328 0.735362
f 373/706/168 371/707/166 372/708/167

vt 24.4 0.854644
v 12.3184 18.9662 -23.91
vt 23.7743 1.36145
vn 0.0471507 -0.31044 -0.949423
vt 23.4002 -0.212443
f 373/709/168 374/710/169 371/711/166

v 12.0174 19.7971 -24.5202
vt 24.7944 4.38986
vn 0.0263433 -0.253931 -0.966864
vt 24.3033 2.77226
vt 24.9427 2.28299
f 375/712/170 374/713/169 373/714/168

v 15.1491 19.1427 -24.0151
vt 20.4285 3.68204
vn 0.0107903 -0.295399 -0.955313
vt 24.5914 3.34981
vt 25.037 4.98054
f 376/715/171 374/716/169 375/717/170

vt 20.4247 3.53765
v 15.0164 18.5702 -23.4944
vt 20.6149 2.36368
vn 0.0528256 -0.379538 -0.923667
vt 24.5871 3.19922
f 376/718/171 377/719/172 374/720/169

vt 20.4236 3.52895
v 17.6588 18.9388 -23.7721
vt 16.7298 3.08731
vn 0.00508325 -0.317576 -0.948219
vt 20.6134 2.35491
f 376/721/171 378/722/173 377/723/172

v 17.5686 19.8747 -24.4637
vt 16.8645 5.0118
vn 0.00728095 -0.253531 -0.9673
vt 16.722 3.17364
vt 20.4168 3.60733
f 379/724/174 378/725/173 376/726/171

v 19.4828 19.2908 -24.0983
vt 14.0639 4.02783
vn 0.000601453 -0.286926 -0.957953
vt 16.7493 3.3208
vt 16.8753 5.16017
f 380/727/175 378/728/173 379/729/174

vt 16.7374 3.11331
vt 14.056 3.8355
v 18.7008 18.3677 -23.226
vt 15.2025 1.92664
vn -0.0324886 -0.402118 -0.915011
f 378/730/173 380/731/175 381/732/176

vt 15.2275 2.07839
vt 14.0652 3.97765
v 20.4387 18.7168 -23.6279
vt 12.6666 2.81497
vn -7.37736e-05 -0.34125 -0.939972
f 381/733/176 380/734/175 382/735/177

v 22.0883 19.7658 -24.4406
vt 10.2233 4.83807
vn -0.01691 -0.256868 -0.966298
vt 12.6441 2.75851
vt 14.0532 3.90851
f 383/736/178 382/737/177 380/738/175

v 22.0039 18.792 -23.7341
vt 10.3595 3.03448
vn -0.0401818 -0.318685 -0.947009
vt 12.6622 2.87558
vt 10.2289 4.94055
f 384/739/179 382/740/177 383/741/178

vt 12.6551 2.60719
vt 10.3529 2.77361
v 21.9042 18.3418 -23.2167
vt 10.5001 1.79149
vn -0.0397648 -0.394804 -0.917905
f 382/742/177 384/743/179 385/744/180

vt 10.3505 3.29584
v 22.4123 18.2403 -23.2507
vt 9.79924 2.14744
vn -0.0315087 -0.402211 -0.915005
vt 10.5447 2.32191
f 384/745/179 386/746/181 385/747/180

vt 9.80242 2.00288
vt 10.3723 3.14215
v 22.9252 19.0483 -24.163
vt 8.99551 3.73105
vn -0.0299348 -0.292254 -0.955872
f 386/748/181 384/749/179 387/750/182

vt 8.96531 3.90345
vt 10.3499 3.33322
vt 10.1657 5.23485
f 387/751/182 384/752/179 383/753/178

vt 9.00465 3.77535
vt 10.2273 5.08635
v 24.122 19.8108 -24.6485
vt 7.23274 5.21925
vn 0.0429965 -0.244758 -0.96863
f 387/754/182 383/755/178 388/756/183

vt 7.23251 5.23019
vt 10.227 5.09767
v 22.0202 20.9293 -24.9499
vt 10.3138 7.23162
vn 0.00138398 -0.197244 -0.980353
f 388/757/183 383/758/178 389/759/184

vt 10.3252 7.16743
vt 10.2249 5.03407
v 19.9092 20.4436 -24.7453
vt 13.4301 6.2842
vn 0.00261335 -0.224775 -0.974407
f 389/760/184 383/761/178 390/762/185

vt 10.2288 5.0169
vt 14.0634 4.10674
vt 13.4307 6.27569
f 383/763/178 380/764/175 390/765/185

vt 14.0516 4.03538
vt 16.8696 5.15132
vt 13.4286 6.20713
f 380/766/175 379/767/174 390/768/185

vt 13.431 6.29773
vt 16.8745 5.25033
v 16.8305 20.9214 -24.9158
vt 17.958 7.16971
vn 0.00704053 -0.198784 -0.980018
f 390/769/185 379/770/174 391/771/186

vt 16.8688 5.22399
v 11.6757 20.7824 -24.9617
vt 25.539 6.92929
vn 0.0116658 -0.208009 -0.978057
vt 17.9564 7.14107
f 379/772/174 392/773/187 391/774/186

vt 16.8698 5.21674
vt 25.0352 5.11353
vt 25.5395 6.9242
f 379/775/174 375/776/170 392/777/187

vt 20.4243 3.68683
vt 25.0346 4.97912
vt 16.8692 5.08407
f 376/778/171 375/779/170 379/780/174

vt 25.5284 6.86466
vt 25.0193 5.05533
v 9.78899 20.2526 -24.8423
vt 28.3022 5.93087
vn -0.042918 -0.230482 -0.97213
f 392/781/187 375/782/170 393/783/188

vt 28.3076 5.91612
vt 25.0254 5.03772
v 10.3542 19.0231 -24.2182
vt 27.468 3.62913
vn -0.0212452 -0.308855 -0.950872
f 393/784/188 375/785/170 394/786/189

vt 24.9842 4.77759
vt 25.1636 2.67314
vt 27.4187 3.35523
f 375/787/170 373/788/168 394/789/189

vt 25.244 2.71876
v 10.8282 18.247 -23.3089
vt 26.7893 1.73556
vn -0.00193813 -0.451069 -0.892487
vt 27.4863 3.44197
f 373/790/168 395/791/190 394/792/189

vt 26.6194 0.434579
vt 25.1114 1.47404
vt 25.0616 -0.0844088
f 395/793/190 373/794/168 372/795/167

vt 26.8031 1.54099
vt 25.2833 0.919472
v 10.3146 17.9208 -22.2647
vt 27.5794 0.374097
vn 0.0310911 -0.763667 -0.644861
f 395/796/190 372/797/167 396/798/191

vt 27.477 -1.15099
vt 25.2067 -0.506351
v 11.7028 17.9599 -22.335
vt 25.4376 -1.01631
vn 0.0122661 -0.82741 -0.561464
f 396/799/191 372/800/167 397/801/192

vt 25.2565 0.104372
vt 24.1776 -0.201246
vt 25.4992 -0.400052
f 372/802/167 369/803/164 397/804/192

vt 25.3656 -2.02792
vt 24.0547 -1.7677
vt 23.9238 -2.28332
f 397/805/192 369/806/164 366/807/161

vt 25.552 0.777359
vt 24.1543 0.34108
v 12.1372 17.9665 -21.7761
vt 24.9514 0.237259
vn -0.00238521 -0.980929 0.194351
f 397/808/192 366/809/161 398/810/193

vt -15.8229 -19.1984
vt -15.2433 -18.6414
v 12.6682 18.0331 -21.5278
vt -15.5618 -18.4285
vn 0.00773865 -0.74234 0.669978
f 398/811/193 366/812/161 399/813/194

vt -24.1776 0.912243
vt -24.1493 0.530252
vt -20.6531 0.922014
f 399/814/194 366/815/161 368/816/163

vt -24.1753 1.31199
vt -20.6508 1.3129
v 14.9492 18.1338 -21.3668
vt -20.8352 1.69188
vn 0.0122907 -0.544246 0.838836
f 399/817/194 368/818/163 400/819/195

vt -20.6435 1.45356
v 17.2627 18.0389 -21.7669
vt -17.4114 1.67132
vn -0.0100021 -0.947333 0.320095
vt -20.8253 1.8338
f 368/820/163 401/821/196 400/822/195

vt 20.3479 -3.00446
v 17.3573 18.0404 -22.1839
vt 17.0028 -2.42035
vn -0.0181974 -0.796643 -0.604177
vt 17.1152 -2.79603
f 368/823/163 402/824/197 401/825/196

vt 20.6269 -0.855041
vt 17.1483 -1.1884
vt 20.5189 -1.6007
f 370/826/165 402/827/197 368/828/163

vt 20.5622 -0.855595
v 17.5825 18.1523 -22.6844
vt 16.7654 -0.569534
vn -0.00522187 -0.516097 -0.856514
vt 17.0763 -1.10113
f 370/829/165 403/830/198 402/831/197

vt 20.6277 0.514165
vt 20.6114 1.82711
vt 16.8259 0.723163
f 370/832/165 377/833/172 403/834/198

v 14.9292 18.2272 -23.0224
vt 15.688 -4.08297
vn 0.132461 -0.445991 -0.885181
vt 15.7977 -3.28535
vt 15.4064 -4.53876
f 404/835/199 377/836/172 370/837/165

vt 24.337 1.3007
vt 20.6148 2.06776
vt 20.7376 1.27206
f 371/838/166 377/839/172 404/840/199

vt 24.5975 3.20132
vt 20.6298 2.34466
vt 24.357 1.60155
f 374/841/169 377/842/172 371/843/166

vt 24.3403 0.799293
vt 20.7409 0.766184
vt 20.6371 0.240608
f 371/844/166 404/845/199 370/846/165

vt 20.6179 1.84902
v 17.4871 18.452 -23.2352
vt 16.9814 1.51856
vn -0.00296665 -0.398233 -0.917279
vt 16.8358 0.733421
f 377/847/172 405/848/200 403/849/198

vt 20.5961 2.11797
vt 16.7158 2.86798
vt 16.9571 1.81662
f 377/850/172 378/851/173 405/852/200

vt 17.0168 2.19557
vt 16.7537 3.24166
vt 15.2328 2.03704
f 405/853/200 378/854/173 381/855/176

vt 17.0243 2.06079
vt 15.2419 1.8851
vt 16.9046 1.27128
f 405/856/200 381/857/176 403/858/198

vt 16.8609 0.654526
vt 15.2147 1.31126
v 18.4722 17.9708 -22.2674
vt 15.5536 0.110057
vn -0.0521225 -0.699334 -0.712892
f 403/859/198 381/860/176 406/861/201

vt 14.6568 3.8606
vt 14.0229 4.93578
v 18.6905 18.0412 -22.6406
vt 14.2357 4.1174
vn -0.0374735 -0.573136 -0.818603
f 406/862/201 381/863/176 407/864/202

vt 15.1882 0.491384
vt 15.1832 1.33696
v 20.1484 18.2076 -22.88
vt 13.0482 0.898533
vn -0.0057543 -0.493448 -0.869756
f 407/865/202 381/866/176 408/867/203

vt 15.1604 1.38621
vt 12.6165 2.17977
vt 13.0221 0.964013
f 381/868/176 382/869/177 408/870/203

vt 13.1175 1.43974
vt 12.6722 2.64156
vt 10.5284 1.797
f 408/871/203 382/872/177 385/873/180

vt 13.1058 1.22249
vt 10.519 1.59524
v 21.9564 18.0113 -22.6439
vt 10.4513 0.751532
vn -0.0105608 -0.56753 -0.823285
f 408/874/203 385/875/180 409/876/204

vt 10.5137 2.46523
vt 9.77221 2.27457
vt 10.5164 1.61882
f 385/877/180 386/878/181 409/879/204

vt 10.4156 0.263784
vt 9.7476 0.996963
v 23.4514 18.045 -22.7338
vt 8.2172 0.367726
vn 0.00483777 -0.588121 -0.808759
f 409/880/204 386/881/181 410/882/205

vt 9.70585 0.947213
v 23.4735 18.3728 -23.4591
vt 8.15188 1.29635
vn 0.0348434 -0.420482 -0.906631
vt 8.16247 0.350533
f 386/883/181 411/884/206 410/885/205

vt 8.21097 2.08425
vt 9.77501 1.78339
v 23.7543 18.9793 -24.1223
vt 7.7857 3.38341
vn 0.0477385 -0.329273 -0.943027
f 411/886/206 386/887/181 412/888/207

vt 7.78325 3.33628
vt 9.76664 1.72892
vt 9.00187 3.47614
f 412/889/207 386/890/181 387/891/182

vt 7.77647 3.52147
vt 8.99583 3.65468
vt 7.23572 5.11294
f 412/892/207 387/893/182 388/894/183

v 25.3308 18.8052 -23.3516
vt 5.13176 2.49709
vn 0.0899908 -0.282962 -0.9549
vt 7.53108 3.03642
vt 7.06567 4.65153
f 413/895/208 412/896/207 388/897/183

v 24.3747 18.2755 -23.0738
vt 6.55009 1.13893
vn 0.0558211 -0.409049 -0.910804
vt 7.58563 2.75208
vt 5.19142 2.1905
f 414/898/209 412/899/207 413/900/208

vt 6.62152 1.16447
vt 7.97901 1.46637
vt 7.63749 2.79001
f 414/901/209 411/902/206 412/903/207

vt 8.0764 0.135798
vt 8.09085 1.08157
vt 6.74337 0.737725
f 410/904/205 411/905/206 414/906/209

vt 8.1215 0.348557
vt 6.78083 0.933292
v 24.6877 17.8797 -22.2433
vt 6.28199 -0.161612
vn -0.0529451 -0.587336 -0.80761
f 410/907/205 414/908/209 415/909/210

vt 6.39935 -0.00335756
vt 6.86197 1.10733
v 25.297 18.1367 -22.7858
vt 5.50465 0.716575
vn 0.00422302 -0.377951 -0.925816
f 415/910/210 414/911/209 416/912/211

vt 6.71719 1.58076
vt 5.33157 2.59655
vt 5.34473 1.24701
f 414/913/209 413/914/208 416/915/211

v 26.504 17.8735 -22.5002
vt 3.68102 0.797743
vn 0.00504859 -0.37012 -0.92897
vt 5.46175 1.35056
vt 5.4234 2.69963
f 417/916/212 416/917/211 413/918/208

vt 5.54161 1.13511
vt 3.77236 0.546579
v 25.8355 17.7543 -22.2944
vt 4.75883 0.258731
vn -0.0457602 -0.499047 -0.865366
f 416/919/211 417/920/212 418/921/213

vt 4.71573 0.0522759
vt 3.73271 0.351717
v 26.8917 17.5248 -21.9199
vt 3.16202 -0.523534
vn -0.0791783 -0.678222 -0.730579
f 418/922/213 417/923/212 419/924/214

vt 3.29228 -0.483282
vt 3.8325 0.411098
v 27.8429 17.5082 -22.0422
vt 1.89026 -0.477463
vn 0.00983946 -0.385407 -0.922694
f 419/925/214 417/926/212 420/927/215

vt 1.60652 0.0650819
vt 3.59625 0.841481
vt 5.36155 2.72212
f 420/928/215 417/929/212 413/930/208

vt 1.50559 0.195743
vt 5.28657 2.81572
v 27.7841 18.5711 -22.6594
vt 1.6356 2.2048
vn 0.140166 -0.202728 -0.969152
f 420/931/215 413/932/208 421/933/216

vt 1.62016 2.31249
vt 5.27191 2.91879
v 27.0136 19.7815 -23.385
vt 2.80028 4.5913
vn 0.157916 -0.220703 -0.962472
f 421/934/216 413/935/208 422/936/217

vt 5.13852 2.61318
v 25.4942 20.9639 -24.8
vt 5.08194 6.79114
vn 0.110102 -0.207399 -0.972041
vt 2.68716 4.31526
f 413/937/208 423/938/218 422/939/217

v 24.4735 20.5515 -24.852
vt 6.61024 6.12421
vn 0.0671803 -0.210247 -0.975337
vt 5.11197 6.82287
vt 5.1936 2.64533
f 424/940/219 423/941/218 413/942/208

vt 6.69991 6.55621
v 23.9423 22.1121 -25.1553
vt 7.47869 9.28829
vn 0.0314197 -0.163234 -0.986087
vt 5.19365 7.23749
f 424/943/219 425/944/220 423/945/218

vt 6.71712 6.55173
vt 10.325 7.22549
vt 7.49567 9.28388
f 424/946/219 389/947/184 425/948/220

vt 7.23563 5.22897
vt 10.3254 7.21742
vt 6.71766 6.54289
f 388/949/183 389/950/184 424/951/219

vt 4.86951 2.67687
vt 6.85316 4.78561
vt 6.37964 6.1162
f 413/952/208 388/953/183 424/954/219

vt 7.49391 9.27585
vt 10.3226 7.21668
v 21.9184 22.2563 -25.2616
vt 10.4716 9.55548
vn 0.00573811 -0.154817 -0.987927
f 425/955/220 389/956/184 426/957/221

vt 10.4728 9.56197
vt 10.3254 7.22308
v 19.1573 21.811 -25.1467
vt 14.5346 8.78061
vn 0.00318296 -0.179504 -0.983752
f 426/958/221 389/959/184 427/960/222

vt 10.3247 7.21955
vt 13.4309 6.34103
vt 14.533 8.77956
f 389/961/184 390/962/185 427/963/222

vt 14.5344 8.76606
vt 13.4293 6.32887
vt 17.9574 7.19556
f 427/964/222 390/965/185 391/966/186

vt 14.5346 8.77843
vt 17.9581 7.20916
v 15.0018 22.4114 -25.2848
vt 20.6453 9.84545
vn 0.00756089 -0.155242 -0.987848
f 427/967/222 391/968/186 428/969/223

vt 20.645 9.84214
vt 17.9569 7.20677
v 10.7633 21.7849 -25.2083
vt 26.8803 8.76821
vn -0.0102658 -0.170953 -0.985226
f 428/970/223 391/971/186 429/972/224

vt 17.9569 7.20619
vt 25.5395 6.99567
vt 26.8804 8.7677
f 391/973/186 392/974/187 429/975/224

vt 26.8809 8.77112
vt 25.5404 6.99883
vt 28.3161 6.07096
f 429/976/224 392/977/187 393/978/188

vt 28.2798 6.08475
v 8.51801 21.0708 -24.8739
vt 30.1489 7.48257
vn -0.0853115 -0.18846 -0.978368
vt 26.8417 8.7834
f 393/979/188 430/980/225 429/981/224

v 7.70375 20.1214 -23.9149
vt 30.8603 6.66574
vn -0.142368 -0.240759 -0.960087
vt 29.5545 8.59074
vt 27.7094 7.16142
f 431/982/226 430/983/225 393/984/188

vt 30.3611 6.79702
v 7.79793 21.3864 -24.6569
vt 30.1072 9.18422
vn -0.164796 -0.161377 -0.973036
vt 29.0295 8.70426
f 431/985/226 432/986/227 430/987/225

v 6.89992 21.1412 -23.9165
vt 30.9176 8.80405
vn -0.261988 -0.20069 -0.943973
vt 29.4815 9.43801
vt 29.7604 7.05362
f 433/988/228 432/989/227 431/990/226

vt 30.2961 7.63549
v 6.76251 21.9252 -23.9936
vt 30.4986 8.98633
vn -0.309033 -0.112401 -0.944386
vt 28.8568 8.26221
f 433/991/228 434/992/229 432/993/227

vt 27.5171 9.64737
vt 27.3257 8.29491
v 6.4867 21.0565 -23.3768
vt 28.0715 7.99643
vn -0.427327 -0.15268 -0.891112
f 434/994/229 433/995/228 435/996/230

v 6.64275 19.946 -23.2984
vt 27.6447 5.64125
vn -0.244636 -0.192343 -0.950346
vt 27.8829 7.54608
vt 27.137 7.84423
f 436/997/231 435/998/230 433/999/228

v 6.32779 18.781 -22.734
vt 29.8298 3.24063
vn -0.185129 -0.190896 -0.963995
v 6.07576 19.8775 -22.7142
vt 30.2339 5.09297
vn -0.536833 -0.0923517 -0.838619
vt 29.5191 7.28037
vt 29.2767 5.37608
f 437/1000/232 438/1001/233 435/1002/230 436/1003/231 

v 5.80953 18.8675 -22.2662
vt 31.1148 3.15152
vn -0.652453 -0.0322366 -0.757144
vt 30.6611 4.99083
vt 30.2563 3.13865
f 439/1004/234 438/1005/233 437/1006/232

v 5.79176 19.5462 -22.1756
vt 23.6732 2.07683
vn -0.996542 0.0814206 -0.0165535
vt 23.0989 2.79497
vt 23.5271 0.949543
f 440/1007/235 438/1008/233 439/1009/234

vt 19.1312 -0.774053
vt 19.6901 -1.50421
v 5.89233 19.9998 -22.1872
vt 19.6586 -0.71707
vn -0.98809 0.135659 -0.0726219
f 438/1010/233 440/1011/235 441/1012/236

vt -13.9873 0.600445
vt -14.1053 -0.178427
v 6.0181 19.9891 -21.7025
vt -13.5443 0.440762
vn -0.545263 0.1847 0.817664
f 441/1013/236 440/1014/235 442/1015/237

vt -14.7004 1.56038
vt -15.2642 0.94371
v 5.8433 19.1153 -21.7283
vt -14.9562 0.0802884
vn -0.678021 0.214617 0.703013
f 442/1016/237 440/1017/235 443/1018/238

vt -7.21751 3.73038
v 5.79418 19.004 -22.0213
vt -7.16702 2.76752
vn -0.991689 0.128639 0.0022593
vt -6.89705 2.87149
f 440/1019/235 444/1020/239 443/1021/238

vt 5.0924 4.37986
vt 4.91966 3.25635
vt 5.1436 3.41704
f 440/1022/235 439/1023/234 444/1024/239

vt 12.3299 -5.96212
vt 12.111 -6.12958
v 5.54969 18.3279 -21.9097
vt 12.4354 -7.18859
vn -0.967121 0.245228 -0.0673836
f 444/1025/239 439/1026/234 445/1027/240

vt 9.20396 -7.20729
v 5.29327 17.5808 -21.9545
vt 9.44164 -9.58921
vn -0.515833 -0.0625899 -0.8544
vt 9.50044 -8.27446
f 439/1028/234 446/1029/241 445/1030/240

vt 31.144 1.20133
vt 30.2854 1.18836
vt 31.8536 -1.08481
f 439/1031/234 437/1032/232 446/1033/241

vt 34.8188 1.07849
vt 33.243 3.34645
v 6.42279 17.9095 -22.4089
vt 33.1281 1.76754
vn -0.0466751 -0.276173 -0.959974
f 446/1034/241 437/1035/232 447/1036/242

vt 33.157 3.42918
v 8.61782 18.7624 -23.4731
vt 29.7375 3.60639
vn -0.0777656 -0.284495 -0.955518
vt 33.0458 1.85
f 437/1037/232 448/1038/243 447/1039/242

vt 33.1698 3.63356
vt 31.0432 6.27665
vt 29.7503 3.81217
f 437/1040/232 431/1041/226 448/1042/243

vt 32.5198 3.57145
vt 31.9902 5.71288
vt 30.3588 6.18651
f 437/1043/232 436/1044/231 431/1045/226

vt 32.0529 5.89086
vt 31.5958 8.1049
vt 30.4218 6.36568
f 436/1046/231 433/1047/228 431/1048/226

vt 29.5606 4.09984
vt 30.8365 6.57312
vt 27.6852 7.06626
f 448/1049/243 431/1050/226 393/1051/188

vt 27.9044 6.94653
vt 27.144 4.63201
vt 29.756 3.96523
f 393/1052/188 394/1053/189 448/1054/243

vt 27.317 4.67571
v 9.87245 18.3134 -23.2773
vt 28.1012 3.09006
vn -0.035155 -0.388607 -0.920733
vt 29.9196 3.97325
f 394/1055/189 449/1056/244 448/1057/243

vt 27.4598 3.98637
vt 26.798 2.26602
vt 28.203 2.38109
f 394/1058/189 395/1059/190 449/1060/244

v 9.31184 18.0538 -22.745
vt 29.0426 1.79345
vn 0.00887655 -0.492069 -0.870511
vt 28.1944 2.47989
vt 26.7901 2.35748
f 450/1061/245 449/1062/244 395/1063/190

vt 28.1974 1.48856
vt 29.0228 0.774886
v 8.33944 18.088 -22.797
vt 30.4529 0.865494
vn -0.0182025 -0.377221 -0.925944
f 449/1064/244 450/1065/245 451/1066/246

v 7.04291 17.701 -22.2044
vt 32.348 0.0301939
vn 0.0669681 -0.51261 -0.856006
vt 30.4432 0.961894
vt 29.0128 0.876864
f 452/1067/247 451/1068/246 450/1069/245

vt 30.4746 1.62512
vt 32.3959 0.727885
vt 33.3018 1.17857
f 451/1070/246 452/1071/247 447/1072/242

vt 32.2826 0.226249
v 6.04409 17.4094 -22.0209
vt 33.7477 -0.339101
vn 0.0305212 -0.372785 -0.927415
vt 33.1988 0.655537
f 452/1073/247 453/1074/248 447/1075/242

v 5.91625 17.2924 -21.8255
vt 33.0217 -4.64104
vn 0.195723 -0.828529 -0.524626
vt 32.8648 -4.33075
vt 31.4421 -3.66581
f 454/1076/249 453/1077/248 452/1078/247

v 5.26835 17.2072 -21.7739
vt 34.7135 -2.41511
vn -0.238187 -0.491244 -0.837823
vt 33.589 -1.92932
vt 33.7653 -2.229
f 455/1079/250 453/1080/248 454/1081/249

vt 33.2934 1.55535
vt 33.8669 0.574732
vt 35.017 0.153117
f 447/1082/242 453/1083/248 455/1084/250

vt 34.9033 0.423159
vt 34.8531 1.11398
vt 33.1634 1.80522
f 455/1085/250 446/1086/241 447/1087/242

vt 29.7591 2.29646
vt 29.845 1.60918
v 5.17527 17.4015 -21.7321
vt 29.9921 1.92769
vn -0.985254 0.0100678 0.170804
f 446/1088/241 455/1089/250 456/1090/251

vt -9.97795 14.6687
vt -9.9897 14.318
v 5.28986 17.2706 -21.5877
vt -9.82451 14.3774
vn -0.149754 -0.180762 0.972059
f 456/1091/251 455/1092/250 457/1093/252

vt -31.0972 -15.2296
vt -30.2636 -14.7407
vt -31.153 -15.0632
f 455/1094/250 454/1095/249 457/1096/252

vt 20.6069 -28.0566
vt 20.1669 -27.2192
v 5.92103 17.3147 -21.6579
vt 20.0522 -27.305
vn 0.203005 -0.610726 0.765377
f 457/1097/252 454/1098/249 458/1099/253

vt 7.09998 -31.4497
vt 7.2394 -31.4169
v 6.80898 17.5546 -21.7732
vt 6.8034 -30.1032
vn 0.317849 -0.947691 -0.0292176
f 458/1100/253 454/1101/249 459/1102/254

vt 29.3507 -13.2784
vt 27.9913 -12.0142
vt 28.1428 -12.6027
f 454/1103/249 452/1104/247 459/1105/254

vt 31.3728 -6.53216
vt 31.1152 -5.98187
v 7.76493 17.7138 -21.7728
vt 29.9968 -6.13642
vn 0.128088 -0.986106 -0.105777
f 459/1106/254 452/1107/247 460/1108/255

vt 30.6097 -5.62389
vt 31.7161 -5.39883
v 9.00654 17.8284 -22.1828
vt 28.8539 -4.95688
vn 0.0911302 -0.806944 -0.583555
f 460/1109/255 452/1110/247 461/1111/256

vt 32.1222 -1.99974
vt 28.8258 -1.01277
vt 29.2387 -1.72923
f 452/1112/247 450/1113/245 461/1114/256

vt 28.9054 -0.512098
vt 27.411 -0.990295
vt 29.3297 -1.22186
f 450/1115/245 396/1116/191 461/1117/256

vt 27.5025 -0.590816
vt 28.9857 -0.078956
vt 26.7655 0.601299
f 396/1118/191 450/1119/245 395/1120/190

vt 21.2754 -20.1048
vt 19.8418 -18.8088
v 9.68326 17.9263 -21.7999
vt 20.2987 -19.7106
vn 0.0917584 -0.962385 0.255724
f 461/1121/256 396/1122/191 462/1123/257

vt 27.5286 -7.10152
vt 26.6927 -6.53297
v 10.6361 17.9615 -21.802
vt 26.1516 -6.83386
vn 0.0306017 -0.98331 0.179344
f 462/1124/257 396/1125/191 463/1126/258

vt 26.8486 -5.94712
vt 24.8442 -5.54778
vt 26.3145 -6.26026
f 396/1127/191 397/1128/192 463/1129/258

vt 27.0423 -1.88128
vt 25.4799 -1.40357
vt 24.8343 -1.88909
f 463/1130/258 397/1131/192 398/1132/193

vt -27.0261 2.87665
vt -24.8181 2.86933
v 11.6956 18.1363 -21.2979
vt -25.4584 3.32526
vn 6.88976e-05 -0.575212 0.818005
f 463/1133/258 398/1134/193 464/1135/259

vt -25.0569 5.60845
vt -24.4604 5.09652
vt -23.6589 5.23253
f 464/1136/259 398/1137/193 399/1138/194

vt -25.551 2.54434
vt -24.1179 2.33919
v 12.5952 18.2479 -21.1065
vt -24.2307 2.78864
vn 0.00844593 -0.33202 0.943235
f 464/1139/259 399/1140/194 465/1141/260

vt -24.2018 3.03069
vt -24.0936 2.58014
vt -20.7392 2.80085
f 465/1142/260 399/1143/194 400/1144/195

vt -24.2322 2.76937
vt -20.7674 2.57474
v 14.9962 18.384 -20.9631
vt -20.7038 3.05796
vn 0.0046614 -0.254881 0.966961
f 465/1145/260 400/1146/195 466/1147/261

vt -20.7741 2.52339
v 17.3758 18.1879 -21.3664
vt -17.2065 2.65878
vn -0.0283777 -0.523136 0.851777
vt -20.7117 3.00676
f 400/1148/195 467/1149/262 466/1150/261

vt -20.8332 1.76091
vt -17.4185 1.61684
vt -17.2714 2.00566
f 400/1151/195 401/1152/196 467/1153/262

vt -16.8836 4.6528
v 18.3474 17.9856 -21.7759
vt -15.3031 4.41752
vn -0.0769945 -0.992594 0.0939595
vt -16.6707 5.00987
f 401/1154/196 468/1155/263 467/1156/262

vt 17.4525 0.960947
vt 17.2631 1.30435
vt 15.8748 0.708125
f 401/1157/196 402/1158/197 468/1159/263

vt 17.1588 2.43607
vt 15.5451 2.12295
vt 15.8146 1.74592
f 402/1160/197 406/1161/201 468/1162/263

vt 17.2819 1.05752
vt 16.9108 1.54895
vt 15.6443 0.915298
f 402/1163/197 403/1164/198 406/1165/201

vt 15.8738 0.684865
vt 15.6298 1.07886
v 19.0097 17.9593 -21.7414
vt 14.9164 0.494999
vn 0.0388334 -0.991169 0.126791
f 468/1166/263 406/1167/201 469/1168/264

vt 14.2967 -3.16014
vt 15.1423 -2.79312
v 19.7632 18.0181 -21.8921
vt 13.2153 -2.85888
vn 0.00610769 -0.890137 -0.455652
f 469/1169/264 406/1170/201 470/1171/265

vt 15.1187 -2.55545
vt 14.8455 -2.14487
vt 13.1914 -2.61137
f 406/1172/201 407/1173/202 470/1174/265

vt 14.8034 -2.20294
vt 12.712 -1.59363
vt 13.145 -2.6541
f 407/1175/202 408/1176/203 470/1177/265

vt 13.7835 1.52251
vt 13.0676 2.41668
v 21.1081 17.9351 -22.3898
vt 11.7635 1.52202
vn -0.0395452 -0.716697 -0.696262
f 470/1178/265 408/1179/203 471/1180/266

vt 13.1222 1.19824
vt 10.4725 0.700563
vt 11.7268 0.454125
f 408/1181/203 409/1182/204 471/1183/266

vt 11.5043 -1.3079
vt 10.2756 -0.955581
v 21.6022 17.9186 -22.155
vt 10.7641 -1.4781
vn 0.00964483 -0.892252 -0.451435
f 471/1184/266 409/1185/204 472/1186/267

vt 10.85 -1.13006
vt 10.3472 -0.621318
v 23.2552 17.9406 -22.0553
vt 8.41656 -1.12174
vn -0.0188062 -0.908699 -0.417029
f 472/1187/267 409/1188/204 473/1189/268

vt 10.3766 -0.56731
vt 8.1804 -0.424151
vt 8.45261 -1.09287
f 409/1190/204 410/1191/205 473/1192/268

vt 8.64073 -0.274537
vt 8.31026 0.367394
v 24.9237 17.799 -21.6944
vt 6.21783 -0.874649
vn -0.172221 -0.985045 -0.0051378
f 473/1193/268 410/1194/205 474/1195/269

vt 8.34382 0.963957
vt 6.62889 0.125472
vt 6.36943 -0.45826
f 410/1196/205 415/1197/210 474/1198/269

vt 6.44094 0.950756
vt 6.56344 1.5777
v 25.9979 17.5891 -21.6382
vt 5.02516 0.1564
vn -0.190663 -0.974535 0.118022
f 474/1199/269 415/1200/210 475/1201/270

vt 6.61976 0.289748
vt 4.94805 -0.0209495
vt 4.80129 -0.749293
f 415/1202/210 418/1203/213 475/1204/270

vt 6.54754 0.543572
vt 5.61687 1.21636
vt 4.86259 0.315329
f 415/1205/210 416/1206/211 418/1207/213

vt 4.84818 -0.631932
vt 4.97634 0.0999127
vt 3.51358 -0.678482
f 475/1208/270 418/1209/213 419/1210/214

vt 4.99873 -0.45924
vt 3.68714 -0.710348
v 26.8114 17.587 -21.3995
vt 3.95422 -1.08298
vn -0.126064 -0.510259 0.850731
f 475/1211/270 419/1212/214 476/1213/271

vt 3.81627 1.63912
vt 3.37717 1.77095
v 27.4622 17.4002 -21.6063
vt 3.16239 0.870215
vn -0.179259 -0.827072 -0.532746
f 476/1214/271 419/1215/214 477/1216/272

vt 3.28986 -0.892309
vt 1.88784 -0.885334
vt 2.46852 -1.31993
f 419/1217/214 420/1218/215 477/1219/272

vt 2.72823 -0.852892
vt 2.1123 -0.469885
v 28.1329 17.3019 -21.706
vt 1.7434 -1.0262
vn -0.0946896 -0.775819 -0.62381
f 477/1220/272 420/1221/215 478/1222/273

v 28.8299 17.2447 -21.583
vt 0.250245 -1.1001
vn 0.245971 -0.933789 -0.259879
vt 1.27789 -0.94781
vt 1.71109 -0.439963
f 479/1223/274 478/1224/273 420/1225/215

vt 1.65333 1.98113
vt 2.08088 1.03432
v 28.546 17.2893 -21.523
vt 1.99627 1.4508
vn -0.0245016 -0.414822 0.909573
f 478/1226/273 479/1227/274 480/1228/275

vt -0.864495 1.09616
vt -0.444666 1.03013
v 28.877 17.5546 -21.3609
vt -0.387608 1.54627
vn 0.217923 0.0776171 0.972875
f 480/1229/275 479/1230/274 481/1231/276

vt -1.07128 0.952812
v 29.021 17.3903 -21.5699
vt -0.817438 1.22599
vn 0.93368 -0.31582 0.168816
vt -1.08215 1.47198
f 479/1232/274 482/1233/277 481/1234/276

vt -1.01033 -0.976113
v 28.9009 17.4332 -21.828
vt -1.00011 -0.535902
vn 0.257198 -0.251744 -0.932992
vt -1.26341 -0.702227
f 479/1235/274 483/1236/278 482/1237/277

vt 0.0891063 -0.552714
vt 0.18341 -0.982827
vt 1.6527 -0.341681
f 483/1238/278 479/1239/274 420/1240/215

vt 0.0137126 0.00624877
vt 1.57948 0.200472
vt 1.69729 2.21028
f 483/1241/278 420/1242/215 421/1243/216

vt 1.22452 2.58724
v 28.6955 18.0549 -22.0385
vt -0.189546 1.53182
vn 0.37621 -0.0951005 -0.921641
vt -0.503038 0.417512
f 421/1244/216 484/1245/279 483/1246/278

vt 1.21015 2.60622
v 28.4146 18.8714 -22.3085
vt 0.221472 3.01246
vn 0.425839 -0.111853 -0.897859
vt -0.20379 1.55063
f 421/1247/216 485/1248/280 484/1249/279

vt 1.15982 2.48268
v 27.548 20.212 -23.2268
vt 1.56777 5.42799
vn 0.245021 -0.15961 -0.95629
vt 0.171206 2.88907
f 421/1250/216 486/1251/281 485/1252/280

vt 2.53905 4.7259
vt 1.72813 5.40902
vt 1.32986 2.46239
f 422/1253/217 486/1254/281 421/1255/216

vt 2.54392 4.7326
v 27.3296 20.7237 -23.4736
vt 2.07833 6.3549
vn 0.272099 -0.185068 -0.944305
vt 1.73293 5.41562
f 422/1256/217 487/1257/282 486/1258/281

v 26.563 20.7985 -24.1428
vt 3.0283 6.55485
vn 0.223957 -0.219855 -0.949477
vt 1.77226 6.23245
vt 2.22193 4.60566
f 488/1259/283 487/1260/282 422/1261/217

vt 3.02441 6.57339
v 27.3434 21.7808 -23.8395
vt 1.81341 8.15287
vn 0.332751 -0.147507 -0.931407
vt 1.76832 6.25117
f 488/1262/283 489/1263/284 487/1264/282

v 26.4109 21.3577 -24.5126
vt 3.26535 7.56589
vn 0.176014 -0.15143 -0.97267
vt 1.75618 8.08903
vt 2.96321 6.50652
f 490/1265/285 489/1266/284 488/1267/283

vt 3.39822 7.95673
v 26.8061 22.3168 -24.2018
vt 2.70598 9.49725
vn 0.23166 -0.154435 -0.96046
vt 1.8889 8.47944
f 490/1268/285 491/1269/286 489/1270/284

v 25.9326 22.2044 -24.6458
vt 4.25181 9.43928
vn 0.143806 -0.174096 -0.974172
vt 2.90754 9.50028
vt 3.5808 7.95137
f 492/1271/287 491/1272/286 490/1273/285

v 26.9567 22.8388 -24.3718
vt 2.69319 9.96025
vn 0.264966 -0.199497 -0.943395
vt 2.88564 9.01843
vt 4.2299 8.95744
f 493/1274/288 491/1275/286 492/1276/287

vt 2.51161 8.8219
vt 2.34619 9.76884
v 27.4704 22.4219 -23.6044
vt 1.40496 8.82633
vn 0.363177 -0.137241 -0.921557
f 491/1277/286 493/1278/288 494/1279/289

vt 0.876406 9.47096
vt 1.83027 10.4007
v 27.78 22.5063 -23.1522
vt 0.27579 9.48293
vn 0.546414 -0.14183 -0.825419
f 494/1280/289 493/1281/288 495/1282/290

vt 0.555196 8.93879
vt 2.10519 9.86409
v 27.4161 23.221 -23.9983
vt 1.33775 10.4079
vn 0.360617 -0.157243 -0.919364
f 495/1283/290 493/1284/288 496/1285/291

vt 1.58391 10.8657
vt 2.35488 10.3268
v 26.7636 23.2903 -24.6006
vt 2.66525 11.158
vn 0.227726 -0.116589 -0.96672
f 496/1286/291 493/1287/288 497/1288/292

vt 3.0341 11.017
vt 2.72634 10.1848
v 25.8336 23.2079 -25.0534
vt 4.45901 11.0101
vn 0.12853 -0.153999 -0.979676
f 497/1289/292 493/1290/288 498/1291/293

vt 2.7494 10.1178
vt 4.29002 9.12096
vt 4.48124 10.9448
f 493/1292/288 492/1293/287 498/1294/293

vt 4.58683 10.9588
vt 4.40875 9.1336
v 24.9555 22.1557 -24.9528
vt 5.87168 9.14176
vn 0.0867828 -0.158369 -0.983559
f 498/1295/293 492/1296/287 499/1297/294

vt 5.87038 9.37587
vt 4.40745 9.36771
vt 3.71879 7.8879
f 499/1298/294 492/1299/287 490/1300/285

vt 5.1042 7.30088
vt 5.87394 9.37264
vt 3.72199 7.88521
f 423/1301/218 499/1302/294 490/1303/285

vt 7.44252 9.32323
vt 5.94068 9.33639
vt 5.16124 7.26826
f 425/1304/220 499/1305/294 423/1306/218

v 24.5627 23.7001 -25.3609
vt 6.52583 12.014
vn 0.0912168 -0.117732 -0.988847
vt 5.94002 9.27894
vt 7.44186 9.2658
f 500/1307/295 499/1308/294 425/1309/220

vt 4.66967 11.0863
vt 5.9645 9.27642
vt 6.54843 12.0119
f 498/1310/293 499/1311/294 500/1312/295

v 26.4652 24.4651 -24.4903
vt 3.50218 13.125
vn 0.154489 -0.0784506 -0.984875
vt 4.55238 11.111
vt 6.41996 12.059
f 501/1313/296 498/1314/293 500/1315/295

vt 3.03589 11.2075
vt 4.4608 11.2005
vt 3.38401 13.2004
f 497/1316/292 498/1317/293 501/1318/296

v 27.453 24.2411 -23.9067
vt 1.65506 12.6948
vn 0.252119 -0.116419 -0.960668
vt 2.86629 11.2567
vt 3.1759 13.2559
f 502/1319/297 497/1320/292 501/1321/296

vt 1.38422 12.6883
vt 1.54044 10.9788
vt 2.62142 11.2725
f 502/1322/297 496/1323/291 497/1324/292

vt 1.3072 10.9804
vt 1.13442 12.6883
v 27.8251 24.0041 -23.4789
vt 0.499267 12.1607
vn 0.466877 -0.170247 -0.86778
f 496/1325/291 502/1326/297 503/1327/298

vt 1.31409 12.5154
v 27.5593 24.9937 -23.9297
vt 1.13324 13.7965
vn 0.231948 -0.149114 -0.961231
vt 0.677278 11.9897
f 502/1328/297 504/1329/299 503/1330/298

vt 1.8682 13.8723
vt 2.03958 12.5899
v 26.7324 26.0434 -24.2672
vt 3.08745 15.7514
vn 0.125919 -0.104846 -0.986484
f 504/1331/299 502/1332/297 505/1333/300

vt 2.74742 15.8368
vt 1.73546 12.6637
vt 3.25948 13.2161
f 505/1334/300 502/1335/297 501/1336/296

vt 3.14464 15.7824
vt 3.5995 13.1511
v 24.7018 25.7988 -24.7993
vt 6.17305 15.5238
vn 0.0874052 -0.0252278 -0.995853
f 505/1337/300 501/1338/296 506/1339/301

vt 6.03894 15.5478
vt 3.49248 13.1461
vt 6.41154 12.0836
f 506/1340/301 501/1341/296 500/1342/295

vt 6.25458 12.2014
v 24.1131 24.4164 -25.4268
vt 6.86985 13.4581
vn 0.0460734 -0.111846 -0.992657
vt 5.82118 15.6585
f 500/1343/295 507/1344/302 506/1345/301

vt 7.49486 9.2783
vt 7.2404 13.2607
vt 6.58017 12.027
f 425/1346/220 507/1347/302 500/1348/295

vt 7.49294 9.28749
vt 10.4706 9.56707
vt 7.23389 13.2696
f 425/1349/220 426/1350/221 507/1351/302

vt 10.4719 9.54225
v 21.5121 23.6534 -25.3355
vt 11.067 11.9345
vn -0.00951606 -0.11545 -0.993268
vt 7.24026 13.2492
f 426/1352/221 508/1353/303 507/1354/302

v 19.0695 23.8987 -25.2719
vt 14.6589 12.3344
vn 0.00246599 -0.104077 -0.994566
vt 11.0665 11.9311
vt 10.4703 9.53911
f 509/1355/304 508/1356/303 426/1357/221

vt 14.659 12.2292
v 21.4651 24.7349 -25.1948
vt 11.1341 13.6335
vn -0.0181115 -0.0742329 -0.997076
vt 11.0671 11.8219
f 509/1358/304 510/1359/305 508/1360/303

v 17.6599 25.2581 -24.9722
vt 16.7342 14.3961
vn 0.000824867 -0.0182498 -0.999833
vt 11.1367 13.5517
vt 14.6588 12.1406
f 511/1361/306 510/1362/305 509/1363/304

vt 16.7311 14.2826
v 21.5493 25.6159 -24.9411
vt 11.0106 14.8871
vn -0.0286356 -0.00904544 -0.999549
vt 11.135 13.4286
f 511/1364/306 512/1365/307 510/1366/305

vt 16.7362 13.5585
v 21.3502 26.2073 -24.5912
vt 11.3182 15.1664
vn -0.0226515 0.0693871 -0.997333
vt 11.0189 14.1934
f 511/1367/306 513/1368/308 512/1369/307

vt 11.3288 14.811
vt 16.7364 13.1687
v 19.8569 26.3861 -24.3689
vt 13.5304 15.0782
vn -0.0130978 0.144249 -0.989455
f 513/1370/308 511/1371/306 514/1372/309

vt 13.4819 15.7371
vt 16.7228 13.8875
v 16.0116 26.2246 -24.4722
vt 19.139 15.4862
vn 0.0118378 0.125692 -0.991999
f 514/1373/309 511/1374/306 515/1375/310

v 14.641 26.3471 -24.4545
vt 21.1194 15.7234
vn 0.0208566 0.131625 -0.99108
vt 19.1056 15.5009
vt 16.7029 13.8821
v 14.694 25.4432 -24.9825
vt 21.0627 14.2316
vn 0.0110029 -0.0105717 -0.999884
f 516/1376/311 515/1377/310 511/1378/306 517/1379/312 

vt 19.03 14.1505
vt 21.0392 14.411
v 15.9205 26.7448 -23.8988
vt 19.1234 15.058
vn 0.031455 0.372001 -0.927699
f 515/1380/310 516/1381/311 518/1382/313

vt 19.1431 14.8482
vt 21.0561 14.1931
v 14.6183 26.8406 -23.8886
vt 21.0538 15.0566
vn 0.0327054 0.406642 -0.913002
f 518/1383/313 516/1384/311 519/1385/314

vt 21.1109 14.7804
vt 21.1019 13.9169
v 12.8801 26.7697 -24.0531
vt 23.6723 14.6922
vn 0.0393669 0.305208 -0.951472
f 519/1386/314 516/1387/311 520/1388/315

vt 21.1587 14.2989
v 12.8807 26.2795 -24.5158
vt 23.7484 14.1881
vn 0.0600161 0.0625699 -0.996234
vt 23.7448 15.02
f 516/1389/311 521/1390/316 520/1391/315

vt 21.1475 15.5821
vt 21.0807 14.0907
vt 23.7376 15.4817
f 516/1392/311 517/1393/312 521/1394/316

vt 21.0854 14.0956
v 12.5943 25.3564 -25.0369
vt 24.1743 13.9594
vn 0.0580533 -0.0360631 -0.997662
vt 23.7457 15.4802
f 517/1395/312 522/1396/317 521/1397/316

vt 24.1685 14.6359
vt 21.0793 14.765
v 15.2354 24.1294 -25.2798
vt 20.2934 12.5791
vn 0.00984963 -0.093263 -0.995593
f 522/1398/317 517/1399/312 523/1400/318

vt 20.2929 12.5826
vt 21.0784 14.7687
vt 16.7171 14.4386
f 523/1401/318 517/1402/312 511/1403/306

vt 20.2934 12.5743
vt 16.7179 14.431
vt 14.6554 12.1638
f 523/1404/318 511/1405/306 509/1406/304

vt 20.296 12.7213
vt 14.6576 12.3175
v 18.8723 23.018 -25.2991
vt 14.9508 10.8268
vn 0.00556382 -0.136411 -0.990637
f 523/1407/318 509/1408/304 524/1409/319

vt 14.9496 10.8413
vt 14.6551 12.3317
vt 10.4727 9.5272
f 524/1410/319 509/1411/304 426/1412/221

vt 14.5335 8.77868
vt 14.9504 10.868
vt 10.4717 9.5598
f 427/1413/222 524/1414/319 426/1415/221

vt 20.645 9.85051
vt 14.9501 10.8735
vt 14.5341 8.784
f 428/1416/223 524/1417/319 427/1418/222

vt 20.297 12.7253
vt 14.951 10.8331
vt 20.6453 9.80674
f 523/1419/318 524/1420/319 428/1421/223

vt 20.6427 9.84435
v 12.2261 23.2668 -25.3732
vt 24.7215 11.3302
vn 0.0167772 -0.133457 -0.990913
vt 20.2893 12.7623
f 428/1422/223 525/1423/320 523/1424/318

vt 26.8807 8.76984
vt 24.7259 11.3253
vt 20.6454 9.84382
f 429/1425/224 525/1426/320 428/1427/223

v 9.47495 23.1363 -25.3911
vt 28.7722 11.1222
vn -0.0341751 -0.1596 -0.98659
vt 24.7252 11.3319
vt 26.8806 8.77689
f 526/1428/321 525/1429/320 429/1430/224

v 11.3146 24.5302 -25.4463
vt 26.062 13.4864
vn 0.0192901 -0.11061 -0.993677
vt 24.7255 11.3197
vt 28.7725 11.1097
f 527/1431/322 525/1432/320 526/1433/321

vt 25.9416 13.689
v 12.3513 24.4134 -25.2904
vt 24.4122 13.4424
vn 0.0453173 -0.0889313 -0.995006
vt 24.6208 11.5126
f 527/1434/322 528/1435/323 525/1436/320

vt 25.9191 13.7591
v 11.6508 25.3012 -25.2682
vt 25.398 15.0297
vn 0.0445003 -0.0508876 -0.997712
vt 24.3901 13.5107
f 527/1437/322 529/1438/324 528/1439/323

v 10.1349 24.6382 -25.4191
vt 27.7977 13.4206
vn -0.0998209 -0.0387978 -0.994249
vt 25.5654 14.5191
vt 26.0631 13.2391
f 530/1440/325 529/1441/324 527/1442/322

v 10.7196 25.6505 -25.1645
vt 26.9363 15.0161
vn -0.101527 0.0422532 -0.993935
vt 25.5674 14.4385
vt 27.798 13.3366
f 531/1443/326 529/1444/324 530/1445/325

vt 26.8683 15.0385
v 12.4228 26.2037 -24.7405
vt 24.3398 15.9026
vn 0.0746269 0.0592604 -0.995449
vt 25.5096 14.4376
f 531/1446/326 532/1447/327 529/1448/324

vt 26.9148 14.3659
v 10.9353 26.294 -24.7292
vt 26.5828 15.428
vn -0.06242 0.119629 -0.990855
vt 24.3965 15.2594
f 531/1449/326 533/1450/328 532/1451/327

vt 16.9008 4.33233
vt 16.7355 3.23193
vt 16.9772 1.3598
f 533/1452/328 531/1453/326 530/1454/325

v 9.21492 25.8332 -24.7988
vt 29.1486 14.5218
vn -0.0471311 -0.0265599 -0.998536
vt 26.6259 15.3192
vt 27.7699 12.5745
f 534/1455/329 533/1456/328 530/1457/325

vt 29.141 14.2582
v 10.0467 26.4862 -24.5454
vt 27.9346 15.3562
vn -0.00882709 0.0986124 -0.995087
vt 26.6209 15.0637
f 534/1458/329 535/1459/330 533/1460/328

v 9.24698 26.7679 -24.2837
vt 29.1059 15.4061
vn 0.0121632 0.102827 -0.994625
vt 27.9147 14.9724
vt 29.1121 13.8647
f 536/1461/331 535/1462/330 534/1463/329

v 9.76123 27.0589 -23.929
vt 28.219 15.5966
vn 0.0570134 0.336159 -0.940078
vt 27.8327 14.5946
vt 28.9933 15.1046
f 537/1464/332 535/1465/330 536/1466/331

vt 26.5831 13.901
vt 27.884 14.246
vt 28.2851 15.2421
f 533/1467/328 535/1468/330 537/1469/332

v 11.4028 26.8431 -24.0591
vt 25.7928 15.1076
vn 0.0636738 0.400673 -0.914006
vt 26.5196 14.1601
vt 28.1947 15.5346
f 538/1470/333 533/1471/328 537/1472/332

vt 23.6445 14.7876
vt 24.3528 13.8074
vt 26.5368 14.0043
vt 25.8145 14.9552
f 520/1473/315 532/1474/327 533/1475/328 538/1476/333 

vt 22.8714 17.1491
vt 23.5739 17.0751
vt 22.7651 17.9743
f 521/1477/316 532/1478/327 520/1479/315

vt 22.6745 17.5758
vt 23.2313 16.0971
vt 23.3778 17.5103
f 521/1480/316 522/1481/317 532/1482/327

vt 24.0611 16.6802
vt 23.866 15.2729
vt 25.2697 15.2471
f 532/1483/327 522/1484/317 529/1485/324

vt 25.2626 15.2245
vt 23.8588 15.2497
vt 24.2651 13.6986
f 529/1486/324 522/1487/317 528/1488/323

vt 24.5292 13.0836
vt 24.1611 14.6443
vt 20.2894 12.5809
f 528/1489/323 522/1490/317 523/1491/318

vt 24.7253 11.2701
vt 24.5356 13.2019
vt 20.2948 12.7075
f 525/1492/320 528/1493/323 523/1494/318

vt 23.3507 11.2454
vt 25.5052 11.5543
v 11.4561 27.0848 -23.4632
vt 25.3559 12.1216
vn 0.116097 0.961455 -0.249251
f 520/1495/315 538/1496/333 539/1497/334

vt 23.5833 17.3828
vt 23.8408 16.8557
v 10.6775 27.1766 -23.5289
vt 24.675 17.7735
vn 0.121364 0.815163 -0.566375
f 539/1498/334 538/1499/333 540/1500/335

vt 25.3278 13.9536
vt 27.6875 14.5724
vt 26.2985 14.7255
f 538/1501/333 537/1502/332 540/1503/335

vt 26.5525 11.705
vt 27.9345 11.4982
v 9.66778 27.2762 -23.3887
vt 28.011 12.0345
vn 0.162502 0.984087 -0.071873
f 540/1504/335 537/1505/332 541/1506/336

vt 24.3472 20.3081
v 8.54698 27.3242 -23.7989
vt 25.8641 21.3453
vn 0.0761996 0.391653 -0.916952
vt 24.2446 20.8401
f 537/1507/332 542/1508/337 541/1509/336

vt 28.0934 16.5263
vt 28.8778 16.0507
vt 29.8598 17.0329
f 537/1510/332 536/1511/331 542/1512/337

vt 29.0537 15.4386
v 8.26665 26.7636 -24.3171
vt 30.4961 15.4436
vn -0.00465334 0.0461989 -0.998921
v 6.95449 27.282 -23.8832
vt 32.4121 16.3362
vn -0.00579744 0.184405 -0.982833
vt 30.0681 16.3874
f 536/1513/331 543/1514/338 544/1515/339 542/1516/337 

vt 30.4963 16.534
vt 29.0539 16.529
vt 29.119 14.989
f 543/1517/338 536/1518/331 534/1519/329

v 6.55706 26.9766 -24.063
vt 33.082 16.3638
vn -0.0264112 0.0144635 -0.999547
vt 30.5599 16.0585
vt 29.1418 14.5509
f 545/1520/340 543/1521/338 534/1522/329

vt 32.505 16.2415
vt 30.563 15.407
vt 33.0831 15.7287
f 544/1523/339 543/1524/338 545/1525/340

vt 32.4313 14.2925
vt 32.9894 13.758
v 6.28387 27.5654 -23.5228
vt 33.4491 14.7271
vn 0.114291 0.77214 -0.625089
f 544/1526/339 545/1527/340 546/1528/341

vt 32.5032 19.4799
vt 32.2092 18.4484
v 5.41714 27.6995 -23.6077
vt 33.7665 19.7903
vn 0.0618414 0.380116 -0.922869
f 546/1529/341 545/1530/340 547/1531/342

v 5.27483 27.3573 -23.7641
vt 34.98 16.7913
vn -0.180294 -0.0995425 -0.978563
vt 34.7786 17.3581
vt 33.0835 16.1952
f 548/1532/343 547/1533/342 545/1534/340

vt 34.9317 16.0352
v 5.0312 27.755 -23.5129
vt 35.3137 16.6779
vn -0.623238 0.773405 -0.115836
vt 34.7408 16.6056
f 548/1535/343 549/1536/344 547/1537/342

vt 30.6268 17.6701
vt 30.1839 17.0677
v 5.01968 27.6144 -23.4898
vt 30.6407 17.4251
vn -0.986303 0.160741 -0.0370016
f 549/1538/344 548/1539/343 550/1540/345

vt 32.2768 15.471
vt 31.8238 15.1087
v 4.92325 27.3781 -23.455
vt 32.4007 15.0549
vn -0.990547 -0.122969 -0.0607912
f 550/1541/345 548/1542/343 551/1543/346

v 5.52724 26.0005 -23.6247
vt 31.7381 16.0283
vn -0.480282 -0.241904 -0.843096
vt 32.6782 18.3162
vt 32.1012 18.3693
f 552/1544/347 551/1545/346 548/1546/343

vt 12.0801 27.3102
vt 11.509 24.9035
v 5.24174 26.6156 -23.3958
vt 11.8925 25.9318
vn -0.970516 -0.240568 0.0150604
f 551/1547/346 552/1548/347 553/1549/348

vt 23.3823 20.3203
vt 22.9062 19.3316
v 5.35907 26.0217 -23.2333
vt 23.3157 19.2543
vn -0.979322 -0.202137 -0.00834601
f 553/1550/348 552/1551/347 554/1552/349

vt 23.7339 21.0353
vt 23.3247 21.114
v 5.57431 25.434 -23.1179
vt 23.544 19.9756
vn -0.97294 -0.230289 0.0188302
f 554/1553/349 552/1554/347 555/1555/350

vt 20.6997 21.1702
v 6.10816 24.5114 -23.6848
vt 20.0119 18.6016
vn -0.444711 -0.210655 -0.87055
vt 20.9446 20.0371
f 552/1556/347 556/1557/351 555/1558/350

vt 31.7376 16.2529
v 6.03553 25.5907 -23.9552
vt 30.9231 15.6519
vn -0.211691 -0.169271 -0.962566
vt 30.8613 13.7423
f 552/1559/347 557/1560/352 556/1561/351

vt 31.1179 15.3807
vt 31.9328 15.9812
vt 32.2973 18.3219
f 557/1562/352 552/1563/347 548/1564/343

v 6.9735 25.3849 -24.3553
vt 31.7133 14.3411
vn -0.112516 -0.111574 -0.987366
vt 33.1364 14.5767
vt 34.3152 17.5182
f 558/1565/353 557/1566/352 548/1567/343

vt 31.7392 14.1736
v 6.71826 24.5995 -24.2162
vt 32.1059 12.8009
vn -0.218121 -0.147711 -0.964679
vt 33.1623 14.4095
f 558/1568/353 559/1569/354 557/1570/352

vt 31.0272 13.7559
v 7.31717 23.5985 -24.5868
vt 30.4104 10.7847
vn -0.193732 -0.114223 -0.974382
vt 31.3849 12.3808
f 558/1571/353 560/1572/355 559/1573/354

v 8.28891 24.2047 -24.8844
vt 30.0077 12.0782
vn -0.113339 -0.0779722 -0.990492
vt 31.4404 10.9606
vt 32.0177 13.9397
f 561/1574/356 560/1575/355 558/1576/353

vt 29.5877 11.1047
v 7.95095 23.0665 -24.992
vt 30.0058 9.17211
vn -0.12756 -0.152299 -0.980068
vt 31.0093 9.97301
f 561/1577/356 562/1578/357 560/1579/355

v 9.30662 23.5538 -25.374
vt 28.3926 10.5408
vn -0.0644423 -0.109072 -0.991943
vt 30.3937 9.59277
vt 29.9557 11.5209
f 563/1580/358 562/1581/357 561/1582/356

vt 28.4542 10.8865
vt 30.7164 10.6564
vt 28.7085 11.5899
f 526/1583/321 562/1584/357 563/1585/358

vt 28.5003 11.3338
v 9.11655 22.143 -25.0068
vt 29.0475 9.53834
vn -0.0817389 -0.162361 -0.98334
vt 30.7625 11.1036
f 526/1586/321 564/1587/359 562/1588/357

vt 26.7246 8.95327
vt 29.1539 9.5069
vt 28.6102 11.3035
f 429/1589/224 564/1590/359 526/1591/321

vt 30.1034 7.33405
vt 29.2264 9.19038
vt 26.797 8.6371
f 430/1592/225 564/1593/359 429/1594/224

vt 30.8675 7.42713
vt 28.9243 8.81348
vt 29.7882 6.951
f 432/1595/227 564/1596/359 430/1597/225

vt 30.6233 6.85124
v 7.60273 22.2138 -24.4559
vt 30.9597 8.21304
vn -0.186827 -0.173936 -0.966872
vt 28.6881 8.24883
f 432/1598/227 565/1599/360 564/1600/359

vt 29.6156 6.59512
vt 31.2547 7.32513
vt 29.9765 7.95059
f 432/1601/227 434/1602/229 565/1603/360

v 6.43546 22.3394 -23.4719
vt 30.3008 3.3926
vn -0.450621 -0.16708 -0.876941
vt 28.3974 3.46604
vt 29.6532 2.79681
f 566/1604/361 565/1605/360 434/1606/229

v 6.73103 22.5726 -24.0363
vt 30.0962 13.7725
vn -0.327634 -0.226661 -0.917213
vt 28.7697 13.25
vt 30.6731 13.1773
f 567/1607/362 565/1608/360 566/1609/361

vt 29.5683 11.2169
vt 30.9042 11.7149
v 7.0641 22.7759 -24.4155
vt 30.3451 12.1763
vn -0.232013 -0.174761 -0.956885
f 565/1610/360 567/1611/362 568/1612/363

v 6.62536 23.4323 -24.0274
vt 28.7315 10.8933
vn -0.34941 -0.149891 -0.924903
vt 27.968 9.89199
vt 28.534 9.43903
f 569/1613/364 568/1614/363 567/1615/362

vt 29.4295 8.9089
vt 30.1872 9.91461
vt 29.0816 10.3576
f 568/1616/363 569/1617/364 560/1618/355

vt 29.4115 11.2753
vt 30.5179 10.834
vt 30.3945 12.8662
f 560/1619/355 569/1620/364 559/1621/354

vt 30.9366 12.5028
vt 29.9446 12.8039
vt 30.0657 10.7716
f 556/1622/351 559/1623/354 569/1624/364

vt 30.3063 13.9702
vt 31.2982 13.6688
vt 31.3637 15.5782
f 559/1625/354 556/1626/351 557/1627/352

vt 25.374 15.5403
vt 24.5265 13.7976
v 6.08581 23.6526 -23.1785
vt 25.6051 13.9282
vn -0.773201 -0.169121 -0.611195
f 556/1628/351 569/1629/364 570/1630/365

vt 26.0083 10.6493
vt 24.9296 10.5196
v 6.30446 22.7499 -23.4573
vt 25.5313 9.19937
vn -0.521426 -0.179225 -0.834262
f 570/1631/365 569/1632/364 571/1633/366

vt 26.305 11.1835
vt 26.1052 9.72952
vt 26.9083 9.86398
f 569/1634/364 567/1635/362 571/1636/366

vt 25.758 11.7658
vt 26.3694 11.2061
vt 26.561 11.9009
f 567/1637/362 566/1638/361 571/1639/366

vt 21.2768 13.8831
vt 21.1058 13.1829
v 6.17886 22.5011 -22.9394
vt 21.7025 13.3054
vn -0.818572 -0.128882 -0.559759
f 571/1640/366 566/1641/361 572/1642/367

vt 22.0474 8.64997
v 6.2024 21.1987 -22.862
vt 22.5316 6.54198
vn -0.765741 -0.0680943 -0.639534
vt 22.6444 8.771
f 566/1643/361 573/1644/368 572/1645/367

vt 24.1459 6.93912
vt 23.6595 9.04661
vt 23.5354 6.84601
f 573/1646/368 566/1647/361 435/1648/230

vt 24.3248 9.01491
vt 23.6396 8.46274
vt 24.2013 6.81428
f 566/1649/361 434/1650/229 435/1651/230

vt 24.4012 5.26028
vt 23.7908 5.16688
vt 24.485 2.97287
f 573/1652/368 435/1653/230 438/1654/233

vt 15.147 4.47957
vt 15.1646 2.19069
v 6.02098 20.7154 -22.3098
vt 15.6114 3.49847
vn -0.989107 0.137467 0.0526364
f 573/1655/368 438/1656/233 574/1657/369

vt 19.3489 2.48084
vt 18.9204 1.16695
vt 19.4479 1.22328
f 574/1658/369 438/1659/233 441/1660/236

vt -13.8719 1.93211
vt -13.9603 0.673754
vt -13.5174 0.514123
f 574/1661/369 441/1662/236 442/1663/237

v 6.30386 21.4443 -21.7049
vt -11.4705 3.33894
vn -0.602679 0.150057 0.783748
vt -12.1979 2.27136
vt -11.8338 0.855827
f 575/1664/370 574/1665/369 442/1666/237

v 6.14652 21.2662 -22.2683
vt -11.3053 2.67683
vn -0.967986 0.114314 0.223464
vt -11.4828 1.74748
vt -10.7585 2.81716
f 576/1667/371 574/1668/369 575/1669/370

vt 6.14209 -0.0474742
vt 6.56404 -1.04755
vt 6.65131 -0.105444
f 573/1670/368 574/1671/369 576/1672/371

v 6.13551 21.9337 -22.5204
vt 7.43752 9.17959
vn -0.996509 0.0107627 0.082793
vt 7.03948 8.03234
vt 7.54885 7.97567
f 577/1673/372 573/1674/368 576/1675/371

vt 9.67545 9.38129
vt 9.55163 7.15286
vt 9.95095 8.29966
f 572/1676/367 573/1677/368 577/1678/372

v 6.1405 22.737 -22.4468
vt 6.79023 8.78024
vn -0.917867 0.0246372 0.396122
vt 6.34408 8.52245
vt 6.61827 7.44048
f 578/1679/373 572/1680/367 577/1681/372

vt 4.5384 13.6102
vt 4.56359 11.5861
vt 5.00944 11.8444
f 570/1682/365 572/1683/367 578/1684/373

vt 18.3842 13.2302
vt 17.9147 11.7778
vt 18.3485 11.2062
f 570/1685/365 571/1686/366 572/1687/367

v 6.0778 23.5504 -22.6434
vt 4.6757 13.2087
vn -0.960061 -0.0639683 0.272382
vt 4.24556 13.5367
vt 4.71763 11.7711
f 579/1688/374 570/1689/365 578/1690/373

v 5.85337 24.495 -22.9576
vt 8.14139 19.1275
vn -0.98838 -0.142132 0.0538779
vt 7.78384 17.7353
vt 8.20927 17.4012
f 580/1691/375 570/1692/365 579/1693/374

vt 20.4982 15.0136
vt 19.7914 15.2511
vt 20.0597 13.6448
f 580/1694/375 556/1695/351 570/1696/365

vt 21.7965 19.4241
vt 20.8544 17.9947
vt 21.5599 17.7532
f 555/1697/350 556/1698/351 580/1699/375

vt -17.8626 20.0107
vt -17.6292 18.3394
v 6.09824 24.7527 -22.2662
vt -16.9185 18.5809
vn -0.45841 0.090183 0.884153
f 555/1700/350 580/1701/375 581/1702/376

vt -16.1916 14.481
v 6.03493 23.9852 -22.488
vt -15.7793 13.48
vn -0.678725 0.0551297 0.732321
vt -15.4794 14.7181
f 580/1703/375 582/1704/377 581/1705/376

vt -7.82404 17.9491
vt -7.60608 16.2353
vt -7.44124 16.9364
f 580/1706/375 579/1707/374 582/1708/377

vt -6.06169 16.6776
vt -6.2311 15.9776
v 6.29354 23.0155 -21.8958
vt -5.62203 14.8424
vn -0.608688 0.0811407 0.789249
f 582/1709/377 579/1710/374 583/1711/378

vt -12.7805 12.3454
vt -12.697 10.9096
vt -12.1491 11.2225
f 579/1712/374 578/1713/373 583/1714/378

vt -14.6442 15.2155
vt -15.1893 14.8977
v 6.42339 22.6332 -21.7446
vt -14.485 14.5126
vn -0.464192 0.126396 0.87667
f 583/1715/378 578/1716/373 584/1717/379

vt -17.8274 8.37946
vt -18.535 8.75833
vt -18.0436 6.3535
f 584/1718/379 578/1719/373 575/1720/370

vt -8.79439 10.7547
vt -8.96294 9.41453
vt -8.30518 8.34943
f 578/1721/373 577/1722/372 575/1723/370

vt -12.2878 7.35851
vt -12.1767 6.15455
vt -11.6296 6.29364
f 577/1724/372 576/1725/371 575/1726/370

vt -21.1406 8.79589
vt -21.3626 6.77056
v 6.74235 22.4155 -21.1109
vt -20.4555 8.24367
vn -0.328705 0.205199 0.921871
f 584/1727/379 575/1728/370 585/1729/380

vt -23.6277 10.1064
vt -24.5303 8.63058
v 6.87898 21.6505 -20.9225
vt -23.4407 8.75336
vn -0.288555 0.121395 0.949736
f 585/1730/380 575/1731/370 586/1732/381

v 6.62748 20.3175 -21.1142
vt -23.8332 5.52483
vn -0.279699 0.140038 0.94982
vt -23.3229 7.72721
vt -24.4126 7.60466
f 587/1733/382 586/1734/381 575/1735/370

vt -30.7772 6.35668
v 7.68041 20.6893 -20.576
vt -29.1461 6.83149
vn -0.155959 0.0898508 0.983668
vt -30.3201 8.57072
f 587/1736/382 588/1737/383 586/1738/381

v 6.31753 19.0307 -21.2659
vt -31.2081 3.91365
vn -0.200529 0.13132 0.970847
vt -29.0471 6.5287
vt -30.6785 6.05507
f 589/1739/384 588/1740/383 587/1741/382

vt -32.3499 4.38483
v 8.59725 19.2628 -20.5312
vt -28.9304 4.56344
vn -0.0907641 0.0456425 0.994826
vt -30.2233 7.02792
f 589/1742/384 590/1743/385 588/1744/383

vt -32.3324 4.08225
v 6.64883 18.0893 -21.2479
vt -31.8775 2.4687
vn -0.0585956 0.047735 0.99714
vt -28.9129 4.25988
f 589/1745/384 591/1746/386 590/1747/385

v 5.40426 17.9077 -21.7138
vt -33.5169 2.47119
vn -0.519913 0.247587 0.817552
vt -31.637 2.64326
vt -32.0864 4.25837
f 592/1748/387 591/1749/386 589/1750/384

vt -33.5178 -0.372871
vt -31.476 0.914322
vt -33.356 0.743617
f 457/1751/252 591/1752/386 592/1753/387

vt -32.9018 2.16228
vt -34.9075 0.819661
v 6.04037 17.4998 -21.4893
vt -33.8017 1.19369
vn 0.0418747 -0.0785023 0.996034
f 591/1754/386 457/1755/252 593/1756/388

vt -34.9324 -1.15906
vt -34.0053 -1.04457
vt -33.8507 -0.720111
f 457/1757/252 458/1758/253 593/1759/388

vt -33.8943 -1.87714
v 7.25616 17.8116 -21.4483
vt -31.996 -0.912943
vn 0.0663254 -0.272117 0.959976
vt -33.7473 -1.54914
f 458/1760/253 594/1761/389 593/1762/388

vt -25.6875 -19.9408
vt -24.7181 -18.9605
vt -24.4661 -18.1969
f 458/1763/253 459/1764/254 594/1765/389

vt -32.2708 -4.14398
vt -30.9102 -3.69799
vt -31.7022 -3.57554
f 459/1766/254 460/1767/255 594/1768/389

vt -32.1148 -0.430696
vt -31.3437 -0.648956
v 8.49604 17.7686 -21.689
vt -30.2814 -0.449671
vn 0.122048 -0.789698 0.601233
f 594/1769/389 460/1770/255 595/1771/390

vt 30.0991 -7.69807
vt 28.3857 -6.92881
vt 29.0312 -7.53146
f 460/1772/255 461/1773/256 595/1774/390

vt 23.8948 -16.0926
v 9.05767 17.849 -21.8002
vt 23.6577 -16.3347
vn 0.196181 -0.961033 0.194754
vt 24.3123 -16.8708
f 461/1775/256 596/1776/391 595/1777/390

vt 24.8831 -14.7576
vt 25.1028 -14.4995
vt 24.0658 -14.3151
f 596/1778/391 461/1779/256 462/1780/257

vt -28.4132 -6.80388
vt -27.5502 -6.45872
v 9.44876 18.0478 -21.3924
vt -27.992 -6.221
vn 0.0733287 -0.537272 0.840215
f 596/1781/391 462/1782/257 597/1783/392

vt -28.9161 0.556383
vt -28.5461 0.217593
v 10.3084 18.073 -21.3703
vt -27.6577 0.68663
vn 0.00840694 -0.494083 0.869374
f 597/1784/392 462/1785/257 598/1786/393

vt -28.4016 -2.51597
vt -27.0229 -2.25698
vt -27.561 -1.96583
f 462/1787/257 463/1788/258 598/1789/393

vt -27.612 -1.29024
vt -27.0814 -1.59482
vt -25.6054 -0.901815
f 598/1790/393 463/1791/258 464/1792/259

vt -27.5794 2.5115
vt -25.54 2.64618
v 11.855 18.3961 -20.865
vt -25.3091 3.15613
vn 0.00864093 -0.223024 0.974775
f 598/1793/393 464/1794/259 599/1795/394

vt -25.2351 3.65333
vt -25.476 3.14805
vt -24.1501 3.35964
f 599/1796/394 464/1797/259 465/1798/260

vt -25.4207 2.07598
vt -24.32 1.84788
v 12.4656 18.6385 -20.674
vt -24.5386 2.51716
vn 0.020396 -0.0967105 0.995104
f 599/1799/394 465/1800/260 600/1801/395

vt -24.3609 3.6713
vt -24.1738 2.99253
vt -20.6412 3.22447
f 600/1802/395 465/1803/260 466/1804/261

vt -24.3928 3.43434
vt -20.6705 3.00973
v 15.0887 18.79 -20.5743
vt -20.535 3.70072
vn 0.00133672 -0.0891566 0.996017
f 600/1805/395 466/1806/261 601/1807/396

vt -20.6738 2.99647
v 17.5704 18.447 -20.952
vt -16.888 3.11361
vn -0.014393 -0.210131 0.977567
vt -20.5387 3.68754
f 466/1808/261 602/1809/397 601/1810/396

vt -20.7107 3.01344
vt -17.2057 2.66439
vt -16.9262 3.16732
f 466/1811/261 467/1812/262 602/1813/397

vt -16.7503 4.36232
v 18.5581 18.0778 -21.3662
vt -15.0239 4.08234
vn -0.114122 -0.472131 0.87411
vt -16.4206 4.83375
f 467/1814/262 603/1815/398 602/1816/397

vt -13.89 10.4698
vt -12.8057 9.44739
vt -12.3633 9.6166
f 467/1817/262 468/1818/263 603/1819/398

vt -13.8672 7.8454
vt -12.9488 7.51519
vt -13.4486 8.067
f 468/1820/263 469/1821/264 603/1822/398

vt -14.9168 0.523581
v 19.8523 18.1535 -21.3626
vt -13.74 1.09231
vn -0.00478762 -0.568926 0.822375
vt -15.6201 0.767879
f 469/1823/264 604/1824/399 603/1825/398

vt -11.4942 -9.10698
vt -10.6712 -8.34353
vt -10.9251 -7.9303
f 469/1826/264 470/1827/265 604/1828/399

vt -10.1451 9.42786
v 20.6348 17.9578 -21.73
vt -9.00774 8.80277
vn -0.078935 -0.980928 0.177625
vt -9.77791 9.7447
f 470/1829/265 605/1830/400 604/1831/399

vt 13.7833 1.22349
vt 11.7633 1.22255
vt 12.5561 0.801314
f 470/1832/265 471/1833/266 605/1834/400

vt 12.5484 -0.14633
vt 11.7876 0.330227
vt 11.0926 0.0237674
f 605/1835/400 471/1836/266 472/1837/267

vt 12.4656 -1.27674
vt 11.0268 -0.997513
v 21.5848 17.9589 -21.6034
vt 11.0762 -1.4687
vn -0.00291787 -0.872507 0.488592
f 605/1838/400 472/1839/267 606/1840/401

vt 10.6813 -3.10891
vt 10.703 -2.63564
v 22.5399 17.9775 -21.5705
vt 9.27973 -3.00534
vn 0.0161692 -0.860025 0.509995
f 606/1841/401 472/1842/267 607/1843/402

vt 10.8277 -2.19655
vt 8.39444 -2.16673
vt 9.42279 -2.6307
f 472/1844/267 473/1845/268 607/1846/402

vt 7.93487 -5.68835
vt 7.11675 -4.91152
v 23.7011 18.0312 -21.4478
vt 6.3103 -5.14427
vn -0.0681566 -0.700729 0.710165
f 607/1847/402 473/1848/268 608/1849/403

vt -4.58596 7.54422
vt -2.65121 5.9671
vt -3.75292 7.44137
f 473/1850/268 474/1851/269 608/1852/403

vt -7.21399 4.10632
vt -5.4963 3.44544
v 24.6831 18.061 -21.179
vt -5.751 4.04701
vn -0.0684872 -0.318845 0.945329
f 608/1853/403 474/1854/269 609/1855/404

vt -4.2538 4.77758
vt -2.85186 3.95904
vt -4.34338 5.42469
f 474/1856/269 475/1857/270 609/1858/404

vt -5.77992 3.79194
vt -3.96533 2.75271
v 25.827 17.9615 -21.0762
vt -4.11253 3.48065
vn -0.0592813 -0.188336 0.980314
f 609/1859/404 475/1860/270 610/1861/405

vt -3.79535 2.92082
vt -2.58431 2.80495
vt -3.91274 3.65415
f 475/1862/270 476/1863/271 610/1864/405

vt -4.69656 2.39846
vt -3.25357 1.76312
v 26.4929 18.1436 -20.9124
vt -3.71478 2.70193
vn -0.00860856 -0.0470291 0.998856
f 610/1865/405 476/1866/271 611/1867/406

vt -3.02405 1.97378
v 27.8371 17.6505 -21.2055
vt -1.50483 2.03257
vn 0.00744059 -0.0360498 0.999322
vt -3.4417 2.93275
f 476/1868/271 612/1869/407 611/1870/406

vt -3.0253 1.99269
v 27.961 17.3237 -21.5062
vt -1.35436 1.49041
vn -0.135908 -0.727386 0.672636
vt -1.50609 2.05186
f 476/1871/271 613/1872/408 612/1873/407

vt 0.0792691 4.10272
vt 0.487057 3.17941
vt 0.981334 2.60919
f 476/1874/271 477/1875/272 613/1876/408

vt 3.06861 -0.928482
vt 2.13377 -1.28347
vt 2.43312 -1.33544
f 477/1877/272 478/1878/273 613/1879/408

vt 2.20886 -1.74142
vt 1.91869 -1.6514
vt 1.3812 -1.983
f 613/1880/408 478/1881/273 480/1882/275

vt -1.70511 1.95369
vt -1.53144 1.39864
vt -0.671692 1.33368
f 612/1883/407 613/1884/408 480/1885/275

vt -0.365585 1.53071
vt -1.8994 1.66468
vt -0.844227 1.08246
f 481/1886/276 612/1887/407 480/1888/275

vt -0.427744 0.895952
v 27.7723 18.8575 -20.9753
vt -2.08098 3.02772
vn 0.112509 0.120842 0.986275
vt -1.96256 1.01795
f 481/1889/276 614/1890/409 612/1891/407

vt -2.68884 2.54298
vt -0.993565 0.44449
v 28.4188 18.9022 -21.3511
vt -1.69209 2.72545
vn 0.372231 0.200425 0.906241
f 614/1892/409 481/1893/276 615/1894/410

vt -1.85057 0.232754
v 28.9154 18.0457 -21.6959
vt -1.67024 1.16885
vn 0.90135 0.246202 0.356306
vt -2.48421 2.53258
f 481/1895/276 616/1896/411 615/1897/410

v 29.0266 17.6786 -21.636
vt -1.37453 0.468915
vn 0.944507 0.045553 -0.325319
vt -1.50744 1.11511
vt -1.67556 0.176738
f 617/1898/412 616/1899/411 481/1900/276

vt -1.60272 1.03442
vt -1.05522 1.80038
vt -1.48663 1.68384
f 617/1901/412 484/1902/279 616/1903/411

vt -1.15963 0.575836
vt -0.868504 1.69619
vt -1.42669 0.937986
f 483/1904/278 484/1905/279 617/1906/412

vt -1.74179 0.193415
vt -1.46739 0.340711
vt -1.73689 0.701049
f 482/1907/277 483/1908/278 617/1909/412

vt -1.62583 0.228078
vt -1.60979 0.735483
vt -1.9138 0.4464
f 482/1910/277 617/1911/412 481/1912/276

vt -1.48095 1.66693
vt -1.04949 1.78323
v 28.711 18.7729 -21.812
vt -1.26867 2.94992
vn 0.936745 0.1267 -0.326276
f 616/1913/411 484/1914/279 618/1915/413

vt -1.15425 1.75597
vt -0.793038 3.23494
vt -1.38427 2.92058
f 484/1916/279 485/1917/280 618/1918/413

vt -0.808445 3.25528
v 28.4874 19.6496 -21.9297
vt -1.19718 4.48147
vn 0.979492 0.152396 0.1318
vt -1.39928 2.94019
f 485/1919/280 619/1920/414 618/1921/413

vt -1.519 3.00998
v 28.4186 19.5813 -22.2702
vt -1.64651 4.20197
vn 0.66896 -0.0621237 -0.740698
vt -1.95715 4.21939
f 485/1922/280 620/1923/415 619/1924/414

vt -0.68824 4.31267
vt -0.594561 3.11754
v 28.107 20.4516 -22.701
vt -0.188612 5.91655
vn 0.456304 -0.0814696 -0.886086
f 620/1925/415 485/1926/280 621/1927/416

vt -0.14241 3.06011
vt 1.2521 5.60015
vt 0.301096 5.85342
f 485/1928/280 486/1929/281 621/1930/416

vt 0.309012 5.87904
vt 1.25997 5.62559
v 27.8284 21.0978 -22.9862
vt 0.738095 7.05853
vn 0.481252 -0.10911 -0.869765
f 621/1931/416 486/1932/281 622/1933/417

vt 1.20368 5.6095
vt 1.54826 6.54908
vt 0.679862 7.04172
f 486/1934/281 487/1935/282 622/1936/417

vt 0.513649 6.7384
vt 1.38163 6.24503
vt 1.45113 8.14599
f 622/1937/417 487/1938/282 489/1939/284

vt 0.112043 7.01967
vt 1.05376 8.42443
vt 0.118825 9.45501
f 622/1940/417 489/1941/284 495/1942/290

vt 1.20863 8.52793
vt 0.87859 9.55037
vt 0.277975 9.56238
f 489/1943/284 494/1944/289 495/1945/290

vt 1.70903 8.56636
vt 2.51463 9.59329
vt 1.40798 9.59772
f 489/1946/284 491/1947/286 494/1948/289

vt -0.745891 7.01256
vt -0.771283 9.44778
v 27.9817 21.9682 -22.4292
vt -1.37461 8.32695
vn 0.992283 0.0707742 -0.101814
f 622/1949/417 495/1950/290 623/1951/418

vt -1.36046 8.32052
vt -0.756896 9.44123
v 27.9083 22.635 -22.6977
vt -1.19721 9.52814
vn 0.928902 -0.0890732 -0.359454
f 623/1952/418 495/1953/290 624/1954/419

vt -1.23128 9.35364
vt -0.79097 9.26672
v 27.7558 23.1605 -23.4843
vt -0.609809 10.4714
vn 0.63568 -0.152539 -0.756732
f 624/1955/419 495/1956/290 625/1957/420

vt 0.391461 9.06121
vt 1.18556 10.5242
vt 0.531646 10.2714
f 495/1958/290 496/1959/291 625/1960/420

vt 0.419591 10.6143
vt 1.074 10.8658
vt 0.259856 12.0417
f 625/1961/420 496/1962/291 503/1963/298

v 27.9707 23.6202 -22.734
vt -1.44052 11.0521
vn 0.963608 -0.113838 -0.241867
vt -0.680067 10.4898
vt -0.835436 11.9177
f 626/1964/421 625/1965/420 503/1966/298

vt -1.28995 9.39135
vt -0.667612 10.5087
vt -1.42815 11.0709
f 624/1967/419 625/1968/420 626/1969/421

vt -1.43983 9.38021
vt -1.57505 11.06
v 27.9786 22.9861 -22.4685
vt -1.70192 9.90883
vn 0.954929 -0.00631768 0.296767
f 624/1970/419 626/1971/421 627/1972/422

vt -2.79883 9.99302
vt -2.68292 11.1453
v 27.7484 23.5432 -21.7545
vt -3.54809 10.7326
vn 0.626956 0.100751 0.772512
f 627/1973/422 626/1974/421 628/1975/423

vt -2.6062 10.8066
v 27.985 24.2062 -22.2869
vt -3.03399 11.6844
vn 0.650956 0.0715813 0.755733
vt -3.46843 10.3878
f 626/1976/421 629/1977/424 628/1978/423

vt -2.46364 10.9366
v 28.0535 24.0705 -23.0254
vt -2.2685 11.7882
vn 0.877088 -0.2056 -0.434103
vt -2.90913 11.8056
f 626/1979/421 630/1980/425 629/1981/424

vt -0.647455 10.1672
vt -0.0808954 11.0585
vt -0.595068 11.0393
f 626/1982/421 503/1983/298 630/1984/425

vt -0.609213 11.7178
vt -0.0950227 11.7365
v 28.2621 25.7872 -23.3782
vt -0.776328 14.7385
vn 0.560247 -0.210432 -0.80115
f 630/1985/425 503/1986/298 631/1987/426

vt 0.719013 11.979
vt 1.17479 13.7858
vt -0.0112619 14.9695
f 503/1988/298 504/1989/299 631/1990/426

vt 0.0484978 15.0274
vt 1.2344 13.8435
v 27.8535 26.1906 -23.8081
vt 0.721525 15.8356
vn 0.169158 -0.132406 -0.976655
f 631/1991/426 504/1992/299 632/1993/427

vt 1.27643 15.9125
vt 1.76438 13.9142
vt 2.97701 15.7976
f 632/1994/427 504/1995/299 505/1996/300

vt 2.99408 15.7726
v 26.5218 26.7865 -24.1676
vt 3.25127 17.0287
vn 0.0551403 -0.00154605 -0.998477
vt 1.29363 15.8895
f 505/1997/300 633/1998/428 632/1999/427

vt 3.15285 15.7433
vt 6.18107 15.4825
vt 3.43001 16.9951
f 505/2000/300 506/2001/301 633/2002/428

vt 6.34539 14.654
v 25.217 26.6753 -24.2748
vt 5.56952 16.0929
vn 0.00559886 0.0710629 -0.997456
vt 3.6477 16.2599
f 506/2003/301 634/2004/429 633/2005/428

vt 6.33273 14.7136
v 23.9756 26.5419 -24.4152
vt 7.38089 15.9521
vn 0.0166041 0.141315 -0.989825
vt 5.55017 16.1489
f 506/2006/301 635/2007/430 634/2008/429

vt 6.18613 14.5911
v 23.3207 26.024 -24.9275
vt 8.20826 15.0613
vn 0.015125 0.0566721 -0.998278
vt 7.18007 15.8735
f 506/2009/301 636/2010/431 635/2011/430

v 23.686 25.0895 -25.3353
vt 7.78298 13.9277
vn 0.0165318 -0.054337 -0.998386
vt 8.259 15.4859
vt 6.23183 15.0379
f 637/2012/432 636/2013/431 506/2014/301

vt 7.86873 13.7655
v 22.6422 25.4303 -25.1627
vt 9.40467 14.3211
vn -0.0305576 -0.0234054 -0.999259
vt 8.40795 15.3029
f 637/2015/432 638/2016/433 636/2017/431

vt 7.86902 14.0891
vt 11.1341 13.4411
vt 9.41064 14.6287
f 637/2018/432 510/2019/305 638/2020/433

vt 11.0578 11.7567
vt 11.1361 13.5678
vt 7.8701 14.211
f 508/2021/303 510/2022/305 637/2023/432

vt 11.0625 11.8076
vt 7.87062 14.2565
vt 7.23904 13.1319
f 508/2024/303 637/2025/432 507/2026/302

vt 7.09564 13.2139
vt 7.67971 14.3638
vt 6.10572 15.4413
f 507/2027/302 637/2028/432 506/2029/301

vt 11.1179 13.1964
vt 11.0212 14.657
vt 9.4032 14.3966
f 510/2030/305 512/2031/307 638/2032/433

vt 9.40876 13.9277
vt 11.0253 14.1972
v 22.2207 26.0565 -24.7921
vt 10.0516 14.9451
vn -0.031912 0.0750991 -0.996665
f 638/2033/433 512/2034/307 639/2035/434

vt 10.0528 14.805
vt 11.0228 14.0525
vt 11.3429 15.0188
f 639/2036/434 512/2037/307 513/2038/308

vt 10.0461 13.7235
vt 11.3327 13.9573
v 21.2828 26.6307 -24.2096
vt 11.4475 14.6695
vn -0.0276937 0.18234 -0.982845
f 639/2039/434 513/2040/308 640/2041/435

vt 11.3177 14.0749
vt 13.517 14.3596
vt 11.4234 14.7885
f 513/2042/308 514/2043/309 640/2044/435

vt 11.4727 12.189
vt 13.5477 11.6776
v 21.0904 26.8814 -23.8431
vt 11.7825 12.6365
vn -0.0399951 0.412199 -0.910216
f 640/2045/435 514/2046/309 641/2047/436

vt 11.7046 14.2239
vt 13.512 13.347
v 18.9198 26.5572 -24.1428
vt 14.8926 13.6375
vn -0.00700342 0.256936 -0.966403
f 641/2048/436 514/2049/309 642/2050/437

vt 13.5052 13.1738
vt 19.1595 12.8669
vt 14.8845 13.4701
f 514/2051/309 515/2052/310 642/2053/437

vt 14.874 13.959
vt 19.1519 13.3771
vt 19.2849 14.2796
f 642/2054/437 515/2055/310 518/2056/313

v 18.9419 26.8565 -23.6762
vt 14.7969 12.6913
vn -0.0180739 0.569992 -0.821451
vt 14.8395 12.1226
vt 19.2449 12.511
f 643/2057/438 642/2058/437 518/2059/313

vt 11.7682 11.7965
vt 14.9329 11.0953
vt 14.9286 11.6657
f 641/2060/436 642/2061/437 643/2062/438

vt 11.7981 5.99778
vt 14.9506 5.74014
v 20.0552 27.0552 -23.2345
vt 13.3688 6.36408
vn -0.0538003 0.980449 -0.189277
f 641/2063/436 643/2064/438 644/2065/439

vt 13.3886 4.89817
vt 14.9324 4.18518
v 18.9772 26.9851 -23.2857
vt 14.9397 4.5481
vn -0.0319988 0.99364 -0.10796
f 644/2066/439 643/2067/438 645/2068/440

vt 14.8058 6.95796
v 15.8088 26.947 -23.4151
vt 19.4094 7.24836
vn 0.0420977 0.854636 -0.517518
vt 14.7474 7.31623
f 643/2069/438 646/2070/441 645/2071/440

vt 14.8465 8.83952
vt 19.2896 8.5638
vt 19.455 9.03874
f 643/2072/438 518/2073/313 646/2074/441

vt 18.6123 12.4114
vt 18.5407 11.9136
v 14.9118 27.037 -23.3675
vt 19.8941 12.7557
vn 0.0643119 0.951204 -0.301787
f 646/2075/441 518/2076/313 647/2077/442

vt 20.0917 12.4561
vt 18.7137 11.655
vt 20.5981 12.033
f 647/2078/442 518/2079/313 519/2080/314

vt 20.5347 10.1194
vt 21.0028 9.65425
v 12.9127 27.0103 -23.571
vt 23.481 10.1653
vn 0.0221037 0.777671 -0.628283
f 647/2081/442 519/2082/314 648/2083/443

vt 21.1606 10.6516
vt 23.7202 10.5209
vt 23.6623 11.0314
f 519/2084/314 520/2085/315 648/2086/443

vt 23.6279 11.3162
vt 23.6917 10.8064
vt 25.7659 11.5035
f 648/2087/443 520/2088/315 539/2089/334

vt -23.4944 7.55089
vt -25.598 7.97634
v 11.9171 27.0719 -23.3039
vt -24.9697 7.67929
vn 0.00087499 0.963618 0.267281
f 648/2090/443 539/2091/334 649/2092/444

vt -25.2101 5.75753
vt -25.8852 5.92259
v 11.7127 27.0298 -22.4735
vt -25.5251 5.01388
vn 0.0259256 0.694491 0.719034
f 649/2093/444 539/2094/334 650/2095/445

vt -22.7926 17.3723
vt -22.6578 18.3405
v 10.8201 27.2091 -23.0414
vt -23.6374 18.5713
vn 0.090714 0.817216 0.569148
f 650/2096/445 539/2097/334 651/2098/446

vt -18.7177 20.955
vt -19.4452 21.8578
vt -19.6112 21.4181
f 539/2099/334 540/2100/335 651/2101/446

vt -23.7477 15.9503
vt -25.0623 16.6631
vt -23.7932 15.4825
f 540/2102/335 541/2103/336 651/2104/446

vt -26.8734 7.78185
vt -28.524 8.31069
v 9.75354 27.2461 -22.8283
vt -28.4512 7.79102
vn 0.045878 0.615571 0.786745
f 651/2105/446 541/2106/336 652/2107/447

vt -27.0909 15.0473
vt -27.0275 15.5682
v 8.32739 27.4639 -23.0865
vt -28.946 16.1408
vn 0.0468517 0.632355 0.77326
f 652/2108/447 541/2109/336 653/2110/448

vt -27.7692 15.3994
v 8.58521 27.4696 -23.4367
vt -29.2801 16.0074
vn 0.154439 0.982498 -0.104145
vt -29.7282 15.8129
f 541/2111/336 654/2112/449 653/2113/448

vt 24.9642 20.4545
vt 26.6048 20.8865
vt 26.4174 21.1899
f 541/2114/336 542/2115/337 654/2116/449

vt 29.5057 13.1383
v 7.27613 27.5285 -23.4836
vt 31.3089 13.758
vn 0.0441417 0.977095 -0.208175
vt 29.3999 13.4788
f 542/2117/337 655/2118/450 654/2119/449

vt 30.0939 13.0514
vt 32.4374 12.9833
vt 31.9574 13.4548
f 542/2120/337 544/2121/339 655/2122/450

vt 31.724 15.5498
vt 32.2268 15.1026
vt 33.1814 15.6626
f 655/2123/450 544/2124/339 546/2125/341

vt -32.0483 10.6728
vt -33.505 10.7952
v 6.9482 27.435 -22.9834
vt -32.5461 10.1877
vn 0.0156588 0.554732 0.831882
f 655/2126/450 546/2127/341 656/2128/451

vt -30.5204 20.0358
v 5.2755 27.7412 -23.4381
vt -31.8729 20.7083
vn 0.0429383 0.646261 0.761908
vt -29.8581 19.114
f 546/2129/341 657/2130/452 656/2131/451

vt -19.642 30.5041
vt -20.2776 31.6392
vt -20.5123 31.7386
f 546/2132/341 547/2133/342 657/2134/452

vt -8.17364 35.8161
vt -8.35867 36.3631
vt -8.35471 35.9956
f 547/2135/342 549/2136/344 657/2137/452

v 5.27049 27.4629 -23.1435
vt -34.3846 14.427
vn -0.213603 0.213861 0.953225
vt -34.4029 15.0199
vt -34.7673 15.0684
f 658/2138/453 657/2139/452 549/2140/344

vt -34.7274 15.1528
v 6.54766 27.2054 -22.7181
vt -32.8318 14.554
vn -0.0489284 0.313775 0.948236
vt -34.733 15.7459
f 658/2141/453 659/2142/454 657/2143/452

vt -34.3668 16.6053
v 6.9564 25.8008 -21.9104
vt -31.8064 13.3946
vn -0.126182 0.22086 0.967109
vt -32.4617 16.0372
f 658/2144/453 660/2145/455 659/2146/454

vt -30.5413 14.1563
vt -33.1432 17.3334
v 6.02443 25.8605 -22.3688
vt -31.9644 14.3919
vn -0.225144 0.157978 0.961433
f 660/2147/455 658/2148/453 661/2149/456

vt -29.078 15.544
vt -30.2574 18.4853
v 5.52164 26.1368 -22.823
vt -29.8929 16.1445
vn -0.528091 0.0434472 0.848075
f 661/2150/456 658/2151/453 662/2152/457

vt -27.2249 16.727
vt -27.5735 19.0702
v 5.10703 26.9698 -23.325
vt -27.8985 18.2862
vn -0.639324 -0.0323308 0.768258
f 662/2153/457 658/2154/453 663/2155/458

vt -30.2326 18.8788
vt -29.9153 19.6659
vt -30.4955 19.6126
f 663/2156/458 658/2157/453 551/2158/346

vt -29.9185 15.0265
vt -30.0456 14.6114
vt -29.4655 14.6651
f 550/2159/345 551/2160/346 658/2161/453

vt -28.0019 17.6015
vt -28.0166 17.3565
vt -27.5602 16.9992
f 549/2162/344 550/2163/345 658/2164/453

vt -2.05553 28.6935
vt -2.05807 27.3024
vt -1.97332 27.9184
f 551/2165/346 553/2166/348 663/2167/458

vt -2.65023 27.9697
vt -2.73095 27.3531
vt -2.26901 26.3145
f 663/2168/458 553/2169/348 662/2170/457

vt -18.4055 19.4847
vt -18.2648 18.4259
vt -17.8331 18.5027
f 553/2171/348 554/2172/349 662/2173/457

vt -18.9613 21.7755
vt -18.7633 20.7173
vt -18.5299 21.854
f 554/2174/349 555/2175/350 662/2176/457

vt -16.6936 21.7735
vt -16.9428 20.6402
vt -16.008 19.2043
f 662/2177/457 555/2178/350 581/2179/376

vt -29.6376 16.4961
vt -28.7613 13.9855
vt -28.8232 15.895
f 662/2180/457 581/2181/376 661/2182/456

v 6.70126 25.0129 -21.7855
vt -28.3458 14.2127
vn -0.231552 0.17901 0.956211
vt -29.4031 15.8206
vt -29.3376 13.9112
f 664/2183/459 661/2184/456 581/2185/376

vt -30.5843 13.8857
vt -32.0074 14.1216
vt -30.951 12.513
f 660/2186/455 661/2187/456 664/2188/459

vt -29.4839 13.3751
vt -29.8416 12
v 7.29276 24.1921 -21.0967
vt -28.8671 10.4038
vn -0.207221 0.21388 0.954628
f 660/2189/455 664/2190/459 665/2191/460

vt -27.4808 11.1407
vt -28.4637 12.7316
v 6.60824 23.8488 -21.579
vt -28.5872 10.6995
vn -0.357017 0.162481 0.919858
f 665/2192/460 664/2193/459 666/2194/461

vt -28.8598 12.3617
vt -27.9889 10.6306
vt -27.8678 12.6629
f 581/2195/376 666/2196/461 664/2197/459

vt -22.35 15.8179
vt -22.623 14.5736
vt -21.5008 14.076
f 581/2198/376 582/2199/377 666/2200/461

vt -24.01 11.4507
vt -23.4894 9.63687
vt -22.8863 10.9564
f 582/2201/377 583/2202/378 666/2203/461

vt -23.3535 11.1739
vt -23.9567 9.85446
v 6.71179 23.0406 -21.285
vt -23.1536 9.72
vn -0.340593 0.0885545 0.936031
f 666/2204/461 583/2205/378 667/2206/462

vt -22.7446 12.1209
vt -23.5476 12.2561
vt -23.3561 11.5613
f 667/2207/462 583/2208/378 584/2209/379

vt -28.0899 15.2573
vt -28.6668 14.6621
v 7.57688 22.8427 -20.7586
vt -26.7633 14.7348
vn -0.200352 0.155057 0.967376
f 667/2210/462 584/2211/379 668/2212/463

vt -28.1776 1.83483
vt -27.53 1.23905
vt -26.2742 1.90827
f 584/2213/379 585/2214/380 668/2215/463

v 7.76742 22.1287 -20.2927
vt -28.0669 6.0266
vn -0.178378 0.168999 0.96934
vt -28.4279 7.38207
vt -29.706 6.75661
f 669/2216/464 668/2217/463 585/2218/380

vt -29.6335 6.11934
v 9.0829 22.9615 -20.1947
vt -27.6983 7.51692
vn -0.0956903 0.171728 0.980486
vt -29.9698 7.48114
f 669/2219/464 670/2220/465 668/2221/463

vt -30.0806 6.96791
v 8.48375 21.9042 -19.9738
vt -29.0012 6.49178
vn -0.0991289 0.145373 0.984398
vt -28.1373 8.35426
f 669/2222/464 671/2223/466 670/2224/465

vt -29.0507 7.51392
vt -27.7191 9.42116
vt -28.7968 9.90112
f 588/2225/383 671/2226/466 669/2227/464

vt -29.8791 7.61686
v 9.75314 21.1246 -19.7159
vt -26.7281 8.11253
vn -0.0566587 0.103747 0.992989
vt -28.5733 9.54185
f 588/2228/383 672/2229/467 671/2230/466

vt -28.5607 4.93569
vt -26.6853 7.90211
vt -29.8366 7.40897
f 590/2231/385 672/2232/467 588/2233/383

vt -27.0906 7.9018
vt -28.9423 4.9205
v 10.324 19.7591 -19.8906
vt -26.3302 5.58728
vn -0.0348801 0.0228176 0.999131
f 672/2234/467 590/2235/385 673/2236/468

vt -26.719 6.39252
vt -29.3216 5.69006
v 9.85339 18.7772 -20.5505
vt -27.5031 4.80687
vn -0.0485634 -0.0624455 0.996866
f 673/2237/468 590/2238/385 674/2239/469

vt -29.5676 4.95398
v 8.32652 18.4021 -20.95
vt -30.0147 3.55031
vn -0.0278217 -0.0631327 0.997617
vt -27.7386 4.09287
f 590/2240/385 675/2241/470 674/2242/469

vt -29.7897 4.65156
vt -32.7034 2.77865
vt -30.2201 3.24265
f 590/2243/385 591/2244/386 675/2245/470

vt -30.3771 3.3457
vt -32.8532 2.84474
vt -31.9667 2.37352
f 675/2246/470 591/2247/386 594/2248/389

vt -32.1204 1.09678
vt -33.0224 1.53754
vt -33.9017 0.550088
f 594/2249/389 591/2250/386 593/2251/388

vt -31.999 2.24038
v 9.29946 18.3549 -20.9746
vt -28.9842 3.13458
vn 3.50204e-05 -0.206268 0.978495
vt -30.4146 3.22081
f 594/2252/389 676/2253/471 675/2254/470

vt -32.1092 -0.0375414
vt -30.2757 -0.0466646
vt -29.1685 1.07626
f 594/2255/389 595/2256/390 676/2257/471

vt -30.2865 1.11371
vt -28.9008 1.64402
vt -29.1383 2.1946
f 595/2258/390 597/2259/392 676/2260/471

vt -22.8711 -17.2919
vt -22.7031 -16.5927
vt -23.5268 -17.8268
f 596/2261/391 597/2262/392 595/2263/390

vt -29.0429 3.14551
vt -28.8234 2.58749
vt -27.5591 2.63524
f 676/2264/471 597/2265/392 598/2266/393

vt -27.5555 2.66705
v 10.8084 18.7272 -20.4857
vt -26.8185 3.85916
vn -0.0151101 -0.130656 0.991313
vt -29.0387 3.17891
f 598/2267/393 677/2268/472 676/2269/471

vt -26.6316 4.72169
vt -27.4079 3.5548
vt -25.1118 4.10017
f 677/2270/472 598/2271/393 599/2272/394

vt -26.9704 2.68779
vt -25.4126 2.16881
v 11.8527 19.3287 -20.1129
vt -25.4624 3.72726
vn 0.0395802 -0.0142586 0.999115
f 677/2273/472 599/2274/394 678/2275/473

vt -25.2691 4.55791
vt -25.2703 2.99867
vt -24.3711 3.40388
f 678/2276/473 599/2277/394 600/2278/395

vt -25.4819 2.38295
vt -24.485 1.31317
v 12.3007 19.5631 -20.1519
vt -24.8385 2.81494
vn 0.0329564 0.0226055 0.999201
f 678/2279/473 600/2280/395 679/2281/474

vt -24.5462 4.8327
vt -24.3166 3.30706
v 14.9735 19.2753 -20.2676
vt -20.6185 4.33688
vn -0.00495747 -0.0104609 0.999933
f 679/2282/474 600/2283/395 680/2284/475

vt -24.3525 3.2884
vt -20.4931 3.53095
vt -20.6586 4.33321
f 600/2285/395 601/2286/396 680/2287/475

vt -20.707 4.21546
vt -20.5372 3.41411
v 18.3154 19.6275 -20.111
vt -15.7921 4.80916
vn -0.00838076 0.0136213 0.999872
f 680/2288/475 601/2289/396 681/2290/476

vt -20.525 3.42165
v 17.4682 18.9117 -20.5325
vt -17.0251 3.62651
vn -0.0149 -0.0749492 0.997076
vt -15.7778 4.80946
f 601/2291/396 682/2292/477 681/2293/476

vt -20.5573 3.57699
vt -16.9047 3.01509
vt -17.0585 3.79868
f 601/2294/396 602/2295/397 682/2296/477

vt -16.7491 4.55253
vt -16.6294 3.76302
v 18.6817 18.8319 -20.4968
vt -14.9667 4.37684
vn -0.0786392 -0.0932876 0.992529
f 682/2297/477 602/2298/397 683/2299/478

vt -16.8241 3.44599
vt -15.3788 2.79301
vt -15.1816 4.11185
f 602/2300/397 603/2301/398 683/2302/478

vt -8.16524 6.14179
v 18.6786 18.3302 -20.9415
vt -7.7534 6.46941
vn -0.115263 -0.241684 0.963485
vt -7.41538 7.2445
f 603/2303/398 684/2304/479 683/2305/478

vt -15.5608 1.93324
vt -13.664 2.13871
vt -15.4113 2.43781
f 603/2306/398 604/2307/399 684/2308/479

vt -15.4406 2.24333
vt -13.6893 1.96831
v 20.1335 18.5698 -20.7507
vt -13.3273 2.77184
vn -0.011377 -0.158894 0.98723
f 684/2309/479 604/2310/399 685/2311/480

vt -12.9424 4.27526
v 21.0991 18.1527 -21.1102
vt -11.0965 4.16979
vn -0.0391878 -0.441038 0.896632
vt -12.4421 5.00077
f 604/2312/399 686/2313/481 685/2314/480

vt -12.6067 5.65852
vt -11.5588 5.04033
vt -10.7697 5.44967
f 604/2315/399 605/2316/400 686/2317/481

vt -11.8659 4.31054
vt -10.4679 4.19797
vt -11.1045 4.76928
f 605/2318/400 606/2319/401 686/2320/481

vt -11.8257 2.46596
vt -11.0877 2.03354
v 21.8149 18.1848 -21.0854
vt -10.7766 2.57102
vn -0.019962 -0.310748 0.950283
f 686/2321/481 606/2322/401 687/2323/482

vt -10.9695 2.6246
vt -9.56483 2.66889
vt -10.6303 3.14476
f 606/2324/401 607/2325/402 687/2326/482

vt -10.7567 2.67719
vt -9.67118 2.24895
v 23.4378 18.3757 -20.7901
vt -8.38673 3.1482
vn -0.00157437 -0.301352 0.953512
f 687/2327/482 607/2328/402 688/2329/483

vt -9.50642 2.8469
vt -7.79589 2.9436
vt -8.16791 3.66349
f 607/2330/402 608/2331/403 688/2332/483

vt -7.48538 4.83644
vt -7.22233 4.06999
vt -5.75923 4.01333
f 688/2333/483 608/2334/403 609/2335/404

vt -8.35873 2.9341
vt -6.51541 2.42498
v 24.357 18.7077 -20.5329
vt -7.01784 3.51832
vn 0.0424684 -0.0845253 0.995516
f 688/2336/483 609/2337/404 689/2338/484

vt -6.36486 2.66188
v 25.2828 18.4836 -20.7462
vt -5.47454 3.38043
vn -0.00907367 -0.0503537 0.99869
vt -6.83198 3.77077
f 609/2339/404 690/2340/485 689/2341/484

vt -6.06022 2.76462
vt -4.37951 2.53591
vt -5.13423 3.43657
f 609/2342/404 610/2343/405 690/2344/485

vt -5.38156 3.14645
vt -4.59878 2.27007
vt -3.61231 2.55792
f 690/2345/485 610/2346/405 611/2347/406

vt -3.78257 2.09971
v 25.3104 19.3016 -20.4329
vt -5.52495 4.00159
vn 0.0763504 0.0488442 0.995884
vt -5.5633 2.65253
f 611/2348/406 691/2349/486 690/2350/485

vt -1.9253 1.1766
vt -5.68033 3.83364
vt -3.91504 1.953
f 612/2351/407 691/2352/486 611/2353/406

vt -2.04483 1.00168
vt -2.17484 3.01073
vt -5.82581 3.62166
f 612/2354/407 614/2355/409 691/2356/486

vt -2.19868 2.88734
v 26.9949 20.238 -20.7012
vt -3.3788 5.16615
vn 0.144311 0.110262 0.98337
vt -5.85043 3.49364
f 614/2357/409 692/2358/487 691/2359/486

vt -3.80084 4.93219
vt -2.59166 2.66868
v 27.5324 20.5932 -20.9856
vt -2.98993 5.61531
vn 0.228969 0.167165 0.958973
f 692/2360/487 614/2361/409 693/2362/488

vt -2.70849 2.64796
vt -1.71176 2.83057
vt -3.11295 5.59374
f 614/2363/409 615/2364/410 693/2365/488

vt -2.09347 2.63778
v 28.099 20.6468 -21.5533
vt -2.54085 5.65571
vn 0.491084 0.216969 0.843659
vt -3.49184 5.40238
f 615/2366/410 694/2367/489 693/2368/488

vt -2.35342 4.06439
vt -3.05931 5.65478
vt -2.71089 2.62383
f 619/2369/414 694/2370/489 615/2371/410

vt -2.3562 4.06335
v 28.2956 20.4688 -21.9273
vt -2.62045 5.45867
vn 0.87384 0.228156 0.429359
vt -3.06151 5.654
f 619/2372/414 695/2373/490 694/2374/489

vt -2.31312 4.27552
v 28.2958 20.3407 -22.368
vt -2.03107 5.60014
vn 0.867438 0.0664636 -0.493086
vt -2.41526 5.69196
f 619/2375/414 696/2376/491 695/2377/490

vt -1.63748 4.32674
vt -1.60107 5.65341
vt -1.94812 4.34431
f 620/2378/415 696/2379/491 619/2380/414

vt -0.931597 4.36324
vt -0.449843 5.97258
vt -0.831115 5.6866
f 620/2381/415 621/2382/416 696/2383/491

vt -0.585372 6.07241
v 28.0692 21.2791 -22.42
vt -0.827799 7.41832
vn 0.802191 0.0327611 -0.596167
vt -0.963955 5.78288
f 621/2384/416 697/2385/492 696/2386/491

vt -0.590086 6.07177
vt -0.221343 7.27149
vt -0.833066 7.41758
f 621/2387/416 622/2388/417 697/2389/492

vt -0.869277 7.33717
vt -0.257208 7.19255
vt -0.863187 8.51757
f 697/2390/492 622/2391/417 623/2392/418

v 28.0799 21.2544 -22.0548
vt -2.47504 7.04118
vn 0.861642 0.230004 0.452406
vt -2.17473 7.18906
vt -2.26374 8.36612
f 698/2393/493 697/2394/492 623/2395/418

vt -2.13596 5.56017
vt -2.23868 7.19805
vt -2.53792 7.04802
f 696/2396/491 697/2397/492 698/2398/493

vt -2.40826 5.69506
vt -2.02418 5.60278
vt -2.39402 7.09894
f 695/2399/490 696/2400/491 698/2401/493

vt -3.08166 5.5618
vt -2.64156 5.3643
vt -2.83002 6.75554
f 694/2402/489 695/2403/490 698/2404/493

vt -3.07589 5.5525
vt -2.82654 6.74671
v 27.8341 21.4277 -21.5566
vt -3.39213 6.89983
vn 0.492192 0.190162 0.849462
f 694/2405/489 698/2406/493 699/2407/494

vt -2.82614 6.75271
vt -2.74256 8.09179
vt -3.39177 6.90571
f 698/2408/493 623/2409/418 699/2410/494

vt -3.36018 7.09467
vt -2.67781 8.26197
v 27.8199 22.6718 -21.9477
vt -3.22826 9.31583
vn 0.717636 0.100722 0.689096
f 699/2411/494 623/2412/418 700/2413/495

vt -2.55732 8.3063
vt -2.45538 9.52063
vt -3.0964 9.36602
f 623/2414/418 624/2415/419 700/2416/495

vt -2.34548 8.81269
vt -2.56938 9.35857
vt -2.98548 8.65392
f 624/2417/419 627/2418/422 700/2419/495

vt -3.28038 9.2874
vt -2.82868 9.96977
vt -3.57865 10.7086
f 700/2420/495 627/2421/422 628/2422/423

vt -3.22622 9.32103
vt -3.50105 10.7469
v 27.5493 22.8139 -21.4637
vt -3.8043 9.42328
vn 0.389413 0.131544 0.911621
f 700/2423/495 628/2424/423 701/2425/496

vt -3.71036 9.44969
vt -3.39638 10.7709
v 27.397 23.6878 -21.2541
vt -4.07021 10.8726
vn 0.35886 0.163551 0.918951
f 701/2426/496 628/2427/423 702/2428/497

vt -3.41204 10.6818
vt -2.92163 11.9584
vt -4.08589 10.7835
f 628/2429/423 629/2430/424 702/2431/497

vt -4.02504 10.682
vt -2.86409 11.8602
v 27.4374 24.6203 -21.6772
vt -3.84313 12.389
vn 0.254593 0.206526 0.944738
f 702/2432/497 629/2433/424 703/2434/498

vt -3.77754 12.5432
vt -2.79762 12.0161
v 27.5451 25.3384 -21.9029
vt -3.59776 13.8245
vn 0.231612 0.172251 0.957437
f 703/2435/498 629/2436/424 704/2437/499

vt -2.69328 12.0564
v 28.2134 25.9087 -22.621
vt -2.38287 15.0392
vn 0.498032 0.0744392 0.863958
vt -3.48933 13.8665
f 629/2438/424 705/2439/500 704/2440/499

vt -3.09629 11.9117
v 28.2239 25.0626 -22.8964
vt -2.60062 13.5452
vn 0.989073 -0.0659392 0.131861
vt -2.923 14.9056
f 629/2441/424 706/2442/501 705/2443/500

vt -3.10204 11.9288
v 28.1526 24.4789 -22.7897
vt -2.65409 12.5376
vn 0.975539 -0.111552 0.189421
vt -2.60263 13.5612
f 629/2444/424 707/2445/502 706/2446/501

vt -2.91468 11.1837
vt -2.27407 11.1657
vt -2.50137 11.8165
f 629/2447/424 630/2448/425 707/2449/502

vt -1.53229 11.7183
vt -1.84648 13.3695
vt -1.81953 12.345
f 630/2450/425 706/2451/501 707/2452/502

vt -1.55872 11.7123
vt -1.60215 14.7374
vt -1.87068 13.364
f 630/2453/425 631/2454/426 706/2455/501

vt -1.94318 13.3967
vt -1.6691 14.769
v 28.3031 25.7361 -22.9984
vt -1.98352 14.5719
vn 0.975678 -0.161523 0.148196
f 706/2456/501 631/2457/426 708/2458/503

vt -1.73534 13.5139
vt -1.42668 13.7199
v 28.6179 26.4942 -23.1054
vt -1.93353 14.8939
vn 0.964244 -0.241315 0.10955
f 708/2459/503 631/2460/426 709/2461/504

vt -1.05035 14.16
v 28.687 27.0168 -23.5023
vt -1.46065 16.3313
vn 0.43715 -0.205962 -0.875488
vt -1.61648 15.3065
f 631/2462/426 710/2463/505 709/2464/504

vt -0.301105 16.8938
vt 0.309842 14.7702
vt 0.980193 15.5806
f 710/2465/505 631/2466/426 632/2467/427

v 28.5723 27.6395 -23.5623
vt 0.171807 18.2881
vn 0.033384 0.103249 -0.994095
vt 0.0171793 17.2133
vt 1.29918 15.9008
f 711/2468/506 710/2469/505 632/2470/427

vt -0.0290285 18.2994
v 28.9232 27.7907 -23.3663
vt -0.578423 18.499
vn 0.598759 0.0714195 -0.797738
vt -0.176367 17.2236
f 711/2471/506 712/2472/507 710/2473/505

vt -0.176172 17.1464
vt 0.361909 16.9181
v 28.7885 27.8227 -23.367
vt 0.0194454 17.2093
vn 0.0648444 0.866208 0.495458
f 712/2474/507 711/2475/506 713/2476/508

vt 0.884145 14.4441
vt 1.14965 14.0813
v 28.1923 27.7061 -23.3444
vt 1.73633 14.1541
vn -0.215961 0.962146 -0.166241
f 713/2477/508 711/2478/506 714/2479/509

vt 1.66508 12.0962
vt 1.08063 12.0072
v 27.6465 27.6346 -23.3426
vt 2.44949 11.8859
vn -0.168461 0.973526 -0.154492
f 714/2480/509 711/2481/506 715/2482/510

vt 1.0734 12.3475
v 27.3076 27.4323 -23.6213
vt 2.88104 11.789
vn -0.0273897 0.297065 -0.954464
vt 2.44262 12.2303
f 711/2483/506 716/2484/511 715/2485/510

vt 3.78911 14.6673
vt 2.67455 15.7977
vt 0.825399 16.1979
f 633/2486/428 716/2487/511 711/2488/506

vt 3.51669 16.143
v 26.2975 27.1737 -23.9433
vt 3.81888 16.7942
vn 0.00219062 0.136713 -0.990608
vt 2.30774 17.1717
f 633/2489/428 717/2490/512 716/2491/511

vt 5.57092 16.0422
vt 3.97134 16.8513
vt 3.64916 16.2098
f 634/2492/429 717/2493/512 633/2494/428

vt 4.13562 15.5537
vt 5.69562 14.6707
v 25.1031 27.2864 -23.6994
vt 5.90226 15.6997
vn -0.0666018 0.341503 -0.937518
f 717/2495/512 634/2496/429 718/2497/513

vt 5.74527 15.874
vt 5.58836 14.8362
vt 7.41666 14.6182
f 718/2498/513 634/2499/429 635/2500/430

vt 5.9831 13.9763
vt 7.53317 12.5735
v 23.9583 26.9806 -23.8614
vt 7.62704 13.3516
vn -0.0667995 0.466937 -0.881764
f 718/2501/513 635/2502/430 719/2503/514

vt 7.32465 14.2791
vt 7.33627 13.4955
v 22.8779 26.783 -24.1994
vt 8.93254 13.9638
vn -0.0119376 0.264835 -0.96422
f 719/2504/514 635/2505/430 720/2506/515

vt 7.41235 14.5314
vt 8.38661 13.6552
vt 9.02208 14.9511
f 635/2507/430 636/2508/431 720/2509/515

vt 8.42904 13.5755
vt 10.0501 13.5975
vt 9.11844 14.8436
f 636/2510/431 639/2511/434 720/2512/515

vt 9.40961 13.9282
vt 10.0507 14.9467
vt 8.42965 14.9268
f 638/2513/433 639/2514/434 636/2515/431

vt 9.10537 14.98
vt 10.046 13.7407
v 21.9376 26.6599 -24.2364
vt 10.4847 14.7508
vn -0.0341255 0.216702 -0.975641
f 720/2516/515 639/2517/434 721/2518/516

vt 10.4869 14.7444
vt 10.0469 13.7348
vt 11.4494 14.6792
f 721/2519/516 639/2520/434 640/2521/435

vt 10.5038 12.3054
vt 11.4653 12.2267
vt 11.7704 12.6775
f 721/2522/516 640/2523/435 641/2524/436

vt 10.5019 12.2494
vt 11.7678 12.6241
v 21.9822 26.9775 -23.7967
vt 10.4629 12.8333
vn -0.0820255 0.542277 -0.836186
f 721/2525/516 641/2526/436 722/2527/517

vt 10.4888 5.50822
vt 11.7469 5.10366
v 21.0885 27.0285 -23.4431
vt 11.8346 5.47138
vn -0.0746619 0.920089 -0.384527
f 722/2528/517 641/2529/436 723/2530/518

vt 11.8514 6.60847
vt 11.8031 6.23354
vt 13.3797 6.57356
f 723/2531/518 641/2532/436 644/2533/439

v 21.1773 27.0911 -22.8146
vt -11.668 0.374858
vn -0.0690057 0.798658 0.597816
vt -11.7719 0.918513
vt -13.2979 0.828509
f 724/2534/519 723/2535/518 644/2536/439

v 21.7223 27.1323 -23.1327
vt -6.85673 -4.56066
vn -0.191539 0.981475 -0.0044528
vt -7.75632 -4.9423
vt -7.31848 -5.28091
f 725/2537/520 723/2538/518 724/2539/519

vt 10.4532 1.57315
vt 11.7968 1.48881
vt 10.9781 2.02233
f 722/2540/517 723/2541/518 725/2542/520

v 22.0316 27.1814 -23.314
vt 8.73118 3.69433
vn -0.12979 0.983802 -0.123649
vt 8.47188 3.28657
vt 9.14815 3.42792
f 726/2543/521 722/2544/517 725/2545/520

v 23.0242 27.1286 -23.4749
vt 8.88298 9.11781
vn -0.00371486 0.797617 -0.603153
vt 10.4082 8.74423
vt 10.3455 9.22336
f 727/2546/522 722/2547/517 726/2548/521

vt 9.02993 9.81854
vt 10.3414 10.2485
vt 8.80417 10.5694
f 720/2549/515 722/2550/517 727/2551/522

vt 9.14851 12.2506
vt 10.5187 11.9722
vt 10.4943 12.5569
f 720/2552/515 721/2553/516 722/2554/517

vt 7.55251 9.5706
vt 9.12008 9.09371
vt 8.94327 9.85758
f 719/2555/514 720/2556/515 727/2557/522

v 23.7761 27.1708 -23.3034
vt 7.51865 7.96705
vn -0.142076 0.903257 -0.404896
vt 7.29259 7.4324
vt 8.6337 7.8993
f 728/2558/523 719/2559/514 727/2560/522

v 24.8416 27.3979 -23.3264
vt 6.5049 7.43569
vn -0.218524 0.974698 -0.0470222
vt 7.42099 6.24487
vt 7.8841 6.59484
f 729/2561/524 719/2562/514 728/2563/523

vt 6.07047 8.18251
vt 7.54479 7.22376
vt 6.55075 8.35033
f 718/2564/513 719/2565/514 729/2566/524

vt 6.08899 6.93439
vt 6.55118 7.14701
v 25.5781 27.4932 -23.2971
vt 5.52897 7.53927
vn -0.114801 0.955368 -0.2722
f 718/2567/513 729/2568/524 730/2569/525

vt -4.06835 4.51117
vt -5.10878 4.17014
v 25.6221 27.479 -22.9511
vt -3.91487 4.23207
vn -0.0707458 0.695184 0.715342
f 730/2570/525 729/2571/524 731/2572/526

vt -3.98113 7.62019
vt -5.17579 7.57502
v 24.9869 27.2948 -22.5901
vt -4.7887 6.93866
vn -0.0582253 0.540412 0.839384
f 731/2573/526 729/2574/524 732/2575/527

vt -5.71223 7.4658
v 23.5081 27.1934 -22.7945
vt -7.5824 6.59627
vn -0.052589 0.820625 0.569042
vt -5.40362 6.78789
f 729/2576/524 733/2577/528 732/2578/527

vt 1.66108 -1.87069
vt 1.48931 -3.47684
vt 1.87394 -3.92211
f 729/2579/524 728/2580/523 733/2581/528

vt -7.03328 -0.173798
vt -8.14612 -0.271322
vt -7.32218 -0.68639
f 728/2582/523 727/2583/522 733/2584/528

vt -8.52792 2.39458
vt -8.97542 3.20137
vt -10.3804 3.62117
f 733/2585/528 727/2586/522 726/2587/521

vt -7.94168 3.8208
vt -10.1373 4.16052
v 22.0299 27.1576 -22.6631
vt -10.106 3.57708
vn -0.0693845 0.730298 0.679596
f 733/2588/528 726/2589/521 734/2590/529

vt -8.78593 1.89052
vt -9.15838 1.56476
vt -8.59211 1.33933
f 726/2591/521 725/2592/520 734/2593/529

vt -9.21562 0.643776
vt -9.75674 0.924246
vt -10.4636 0.44221
f 734/2594/529 725/2595/520 724/2596/519

v 21.9236 26.9994 -22.2408
vt -9.82097 9.3165
vn -0.0535618 0.518783 0.853226
vt -9.71954 9.8392
vt -10.9805 9.74928
f 735/2597/530 734/2598/529 724/2599/519

v 22.8646 27.1055 -22.3036
vt -8.70137 10.0881
vn -0.0197548 0.530902 0.847203
vt -9.95384 10.346
vt -10.0751 9.82749
f 736/2600/531 734/2601/529 735/2602/530

vt -9.00292 7.12094
vt -8.06505 7.62178
vt -10.2368 7.45672
f 736/2603/531 733/2604/528 734/2605/529

vt -8.31718 10.3408
vt -9.29288 9.91835
v 23.9588 26.9518 -22.0053
vt -7.70947 9.40822
vn 0.00837763 0.460386 0.887679
f 733/2606/528 736/2607/531 737/2608/532

vt -7.45143 11.9403
vt -9.06117 12.3601
v 23.2957 26.6308 -21.3596
vt -8.42569 11.0641
vn 0.0016873 0.383548 0.92352
f 737/2609/532 736/2610/531 738/2611/533

vt -8.10714 11.1221
vt -8.79654 12.3902
v 22.1978 26.6143 -21.513
vt -9.7282 11.1441
vn -0.0452807 0.400296 0.915266
f 738/2612/533 736/2613/531 739/2614/534

vt -8.84724 12.5594
vt -10.2265 12.3301
vt -9.78783 11.32
f 736/2615/531 735/2616/530 739/2617/534

vt -10.2169 12.3279
v 21.2692 26.9614 -22.2653
vt -11.1794 12.2626
vn -0.0387783 0.517827 0.854606
vt -9.77686 11.3183
f 735/2618/530 740/2619/535 739/2620/534

vt -10.0999 8.08534
vt -11.2388 8.56976
vt -11.061 8.00156
f 735/2621/530 724/2622/519 740/2623/535

vt -11.3539 8.74711
v 19.4791 27.0068 -22.7708
vt -13.8458 8.51772
vn -0.0335353 0.708244 0.705171
vt -11.1899 8.17475
f 724/2624/519 741/2625/536 740/2626/535

vt -11.0992 3.15311
vt -12.784 3.30798
vt -13.5736 2.77959
f 724/2627/519 644/2628/439 741/2629/536

vt -12.4947 1.91433
vt -14.0613 1.64182
vt -13.2509 1.33906
f 644/2630/439 645/2631/440 741/2632/536

vt -14.0504 1.71331
vt -14.7886 2.16454
v 15.8296 26.9998 -22.9648
vt -19.4179 1.92319
vn 0.0203654 0.886357 0.462553
f 741/2633/536 645/2634/440 742/2635/537

vt -14.5949 -1.3955
vt -19.2536 -1.58368
vt -19.1954 -1.96491
f 645/2636/440 646/2637/441 742/2638/537

vt -14.3758 15.5743
vt -15.2804 16.5456
vt -14.6421 15.2954
f 646/2639/441 647/2640/442 742/2641/537

vt -20.8363 6.04829
v 15.0319 26.998 -22.6535
vt -20.685 5.39248
vn 0.0152095 0.663616 0.747918
vt -19.5023 5.61164
f 647/2642/442 743/2643/538 742/2644/537

vt -20.8684 6.92188
v 12.7837 27.1058 -23.1935
vt -23.9969 7.09534
vn 0.00412334 0.937662 0.347525
vt -20.7468 6.25992
f 647/2645/442 744/2646/539 743/2647/538

vt 20.4355 6.80461
vt 23.3799 6.92169
vt 23.5341 7.27003
f 647/2648/442 648/2649/443 744/2650/539

vt 23.949 4.31861
vt 23.7504 3.99356
vt 25.2201 4.1748
f 744/2651/539 648/2652/443 649/2653/444

vt -23.4347 2.10947
vt -24.7125 2.05016
vt -24.9253 1.27106
f 744/2654/539 649/2655/444 650/2656/445

vt -23.9532 7.97445
vt -25.5454 7.35035
v 12.8697 27.0215 -22.5731
vt -23.8423 7.37253
vn 0.0282279 0.564946 0.824645
f 744/2657/539 650/2658/445 745/2659/540

vt -23.8525 11.9616
vt -25.5557 11.9464
v 12.4018 26.7135 -21.7435
vt -24.5639 10.9837
vn 0.0555887 0.403105 0.913464
f 745/2660/540 650/2661/445 746/2662/541

vt -24.55 10.9521
vt -25.5451 11.9113
v 10.9149 26.7914 -21.8043
vt -26.734 11.1484
vn -0.0641134 0.458974 0.886134
f 746/2663/541 650/2664/445 747/2665/542

vt -25.4026 10.2326
vt -26.7251 10.8668
vt -26.5642 9.42867
f 650/2666/445 651/2667/446 747/2668/542

vt -26.8756 13.2036
vt -28.4534 13.2087
vt -26.8449 11.7568
f 651/2669/446 652/2670/447 747/2671/542

vt -26.6671 11.0829
vt -28.3691 12.424
v 10.0293 26.91 -22.0533
vt -27.968 11.4278
vn -0.0221222 0.422019 0.906317
f 747/2672/542 652/2673/447 748/2674/543

vt -28.4164 12.7524
v 9.23384 27.0876 -22.4043
vt -29.1907 12.2603
vn -0.00197785 0.427891 0.903828
vt -28.0302 11.7504
f 652/2675/447 749/2676/544 748/2677/543

vt -28.4492 13.6023
vt -30.5312 14.1521
vt -29.2313 13.1228
f 652/2678/447 653/2679/448 749/2680/544

vt -29.1351 12.8934
vt -30.4643 13.8847
v 8.25314 27.0923 -22.3847
vt -30.5775 12.8989
vn -0.0137748 0.390273 0.920596
f 749/2681/544 653/2682/448 750/2683/545

vt -30.47 13.9331
vt -32.499 13.8437
vt -30.5846 12.9475
f 653/2684/448 656/2685/451 750/2686/545

vt -30.4061 8.32907
vt -31.9578 8.7094
vt -32.4332 8.20231
f 653/2687/448 655/2688/450 656/2689/451

vt -30.1068 8.59095
vt -32.0152 8.87377
vt -30.5154 8.32338
f 654/2690/449 655/2691/450 653/2692/448

vt -32.2918 14.2709
vt -32.8699 13.7582
vt -30.3498 13.4364
f 656/2693/451 659/2694/454 750/2695/545

vt -32.3979 14.9625
vt -34.8667 15.6743
vt -32.9819 14.4565
f 656/2696/451 657/2697/452 659/2698/454

vt -32.7849 14.9815
v 9.19262 26.3756 -21.6096
vt -28.8447 13.1687
vn -0.0607588 0.304937 0.950432
vt -30.2628 14.6763
f 659/2699/454 751/2700/546 750/2701/545

vt -32.3413 15.9957
vt -31.6793 13.3548
vt -28.3725 14.2462
f 659/2702/454 660/2703/455 751/2704/546

vt -31.6121 12.9955
v 8.26177 24.8649 -21.0031
vt -29.6185 11.1163
vn -0.12697 0.253603 0.958939
vt -28.3065 13.8914
f 660/2705/455 752/2706/547 751/2707/546

vt -29.061 11.5622
vt -31.071 13.4238
vt -30.4938 10.4446
f 752/2708/547 660/2709/455 665/2710/460

vt -28.3489 10.2375
vt -29.7706 9.1058
v 7.91975 23.8254 -20.5298
vt -28.767 8.3049
vn -0.14122 0.179977 0.973481
f 752/2711/547 665/2712/460 753/2713/548

vt -27.4634 9.7469
vt -28.4771 10.5349
v 7.04015 23.3586 -20.9899
vt -28.836 9.08884
vn -0.245399 0.150872 0.95761
f 753/2714/548 665/2715/460 754/2716/549

vt -27.3906 8.50801
vt -27.0426 9.95673
vt -28.1483 9.51371
f 754/2717/549 665/2718/460 666/2719/461

vt -26.2894 10.8099
vt -26.0919 9.35561
vt -25.5259 9.80856
f 666/2720/461 667/2721/462 754/2722/549

vt -27.8478 12.0457
vt -28.6246 13.0051
vt -29.1837 12.5437
f 668/2723/463 754/2724/549 667/2725/462

vt -29.2586 10.5892
vt -28.6786 12.1968
vt -30.0501 11.5366
f 668/2726/463 753/2727/548 754/2728/549

vt -27.7465 10.6252
vt -29.4511 12.2017
vt -30.0181 10.5895
f 670/2729/465 753/2730/548 668/2731/463

v 9.43834 24.0268 -20.1555
vt -27.8464 11.6047
vn -0.0481173 0.17545 0.983312
vt -30.1085 11.3746
vt -28.3936 9.80927
f 755/2732/550 753/2733/548 670/2734/465

vt -27.7486 10.6494
v 9.27123 24.4147 -20.312
vt -28.0029 11.3529
vn -0.0781695 0.224845 0.971254
vt -30.0108 10.4193
f 755/2735/550 756/2736/551 753/2737/548

vt -28.8644 11.2613
vt -28.6163 10.5556
v 11.2803 25.3648 -20.5393
vt -25.9117 12.939
vn 0.00552574 0.224159 0.974537
f 756/2738/551 755/2739/550 757/2740/552

vt -26.068 13.2176
vt -28.7785 10.8409
v 12.1897 24.1492 -20.1778
vt -24.7316 11.0487
vn 0.00131732 0.199489 0.979899
f 757/2741/552 755/2742/550 758/2743/553

vt -28.7868 11.0209
v 10.6983 22.6853 -19.8638
vt -26.9359 8.66103
vn -0.0299873 0.167125 0.98548
vt -24.7399 11.2284
f 755/2744/550 759/2745/554 758/2746/553

vt -26.2433 9.25439
vt -28.0879 11.6191
vt -28.6318 9.8226
f 759/2747/554 755/2748/550 670/2749/465

vt -29.7247 7.05961
vt -26.4592 8.34809
vt -28.8478 8.91597
f 671/2750/466 759/2751/554 670/2752/465

vt -28.0195 6.11018
vt -26.6222 8.79427
vt -29.8886 7.508
f 672/2753/467 759/2754/554 671/2755/466

v 14.7067 22.3448 -19.7942
vt -21.0212 8.30687
vn -0.00549779 0.153154 0.988187
vt -26.9162 8.91312
vt -28.3106 6.22754
v 11.6393 21.6683 -19.7527
vt -25.5348 7.15544
vn -0.0003341 0.12328 0.992372
f 760/2756/555 759/2757/554 672/2758/467 761/2759/556 

vt -26.9418 8.66701
vt -21.0468 8.06097
vt -24.7457 11.2343
f 759/2760/554 760/2761/555 758/2762/553

vt -21.0243 8.08614
v 15.0369 24.07 -20.1391
vt -20.5358 11.1072
vn -0.00599582 0.200356 0.979705
vt -24.7235 11.2591
f 760/2763/555 762/2764/557 758/2765/553

vt -21.0138 8.08367
v 18.8593 23.5179 -19.9816
vt -14.9038 10.1154
vn -0.00894124 0.175554 0.984429
vt -20.5254 11.1047
f 760/2766/555 763/2767/558 762/2768/557

v 18.2682 21.7697 -19.7636
vt -15.8355 7.26584
vn -0.0113443 0.125451 0.992035
vt -14.9625 10.2893
vt -21.0723 8.2572
f 764/2769/559 763/2770/558 760/2771/555

v 21.9833 21.827 -19.6718
vt -10.2726 7.30764
vn -0.012971 0.138837 0.99023
vt -14.8638 10.2686
vt -15.7382 7.24559
f 765/2772/560 763/2773/558 764/2774/559

v 21.8804 23.1822 -19.8178
vt -10.3755 9.71371
vn -0.00930349 0.179587 0.983698
vt -14.8197 10.3368
vt -10.2291 7.37476
f 766/2775/561 763/2776/558 765/2777/560

vt -14.8935 9.79065
vt -10.4495 9.16597
v 19.0472 24.729 -20.3895
vt -14.6175 11.9657
vn -0.0105066 0.227091 0.973817
f 763/2778/558 766/2779/561 767/2780/562

vt -14.5364 12.0904
vt -10.3652 9.29542
v 21.4763 24.5243 -20.2154
vt -10.9615 11.6874
vn -0.0232973 0.219389 0.975359
f 767/2781/562 766/2782/561 768/2783/563

vt -10.4054 9.28899
v 24.0776 25.2806 -20.3461
vt -7.17373 12.9959
vn 0.0323196 0.222719 0.974347
vt -11.0005 11.6812
f 766/2784/561 769/2785/564 768/2786/563

v 23.9052 23.0157 -19.8429
vt -7.59115 9.17784
vn 0.0176378 0.172014 0.984937
vt -7.3321 13.1599
vt -10.5688 9.45742
f 770/2787/565 769/2788/564 766/2789/561

vt -7.37873 9.15484
v 24.5264 24.5838 -20.1654
vt -6.46403 11.9035
vn 0.0774969 0.216008 0.973311
vt -7.12427 13.1372
f 770/2790/565 771/2791/566 769/2792/564

vt -7.05004 12.1039
vt -7.96608 9.35571
v 24.9211 22.9922 -20.0346
vt -6.46424 9.36885
vn 0.0730413 0.175897 0.981695
f 771/2793/566 770/2794/565 772/2795/567

vt -7.96335 9.02637
v 25.4591 21.8182 -19.7775
vt -5.68207 6.97139
vn 0.0964017 0.12587 0.987352
vt -6.46151 9.03953
f 770/2796/565 773/2797/568 772/2798/567

v 24.4368 21.4438 -19.6059
vt -6.98146 6.5244
vn 0.0534324 0.124173 0.990821
vt -5.4752 7.20568
vt -7.76024 9.25647
f 774/2799/569 773/2800/568 770/2801/565

vt -7.3829 7.14316
vt -5.96626 3.66428
vt -5.88463 7.84182
f 774/2802/569 691/2803/486 773/2804/568

vt -6.27321 3.40946
vt -7.78335 6.84879
v 24.0864 20.6767 -19.5579
vt -8.25686 5.5182
vn 0.0292622 0.0893302 0.995572
f 691/2805/486 774/2806/569 775/2807/570

vt -7.211 5.45526
vt -6.69302 6.76919
vt -10.3007 7.44371
f 775/2808/570 774/2809/569 765/2810/560

vt -6.72624 6.59758
vt -7.50478 9.32972
vt -10.3341 7.27134
f 774/2811/569 770/2812/565 765/2813/560

vt -7.56901 9.41231
vt -10.5467 9.69194
vt -10.3977 7.35315
f 770/2814/565 766/2815/561 765/2816/560

vt -6.98051 5.80496
vt -10.0618 7.8064
v 22.0557 20.5608 -19.7668
vt -9.97504 5.67245
vn -0.0309298 0.0788133 0.996409
f 775/2817/570 765/2818/560 776/2819/571

vt -10.3153 7.73258
v 19.8741 21.2962 -19.733
vt -13.4202 6.84935
vn -0.0151553 0.10424 0.994437
vt -10.215 5.59922
f 765/2820/560 777/2821/572 776/2822/571

vt -10.2766 7.62946
vt -15.7422 7.56716
vt -13.3823 6.74899
f 765/2823/560 764/2824/559 777/2825/572

vt -13.2851 7.01207
vt -15.643 7.8361
v 19.6454 20.3764 -19.8684
vt -13.6334 5.47632
vn -0.0126001 0.072778 0.997269
f 777/2826/572 764/2827/559 778/2828/573

vt -13.7787 5.3114
vt -15.7988 7.66216
v 16.8565 20.6904 -19.8527
vt -17.8794 5.84908
vn -0.00488594 0.0936882 0.99559
f 778/2829/573 764/2830/559 779/2831/574

vt -15.759 7.64165
vt -20.9946 8.6391
vt -17.8414 5.83071
f 764/2832/559 760/2833/555 779/2834/574

vt -17.9277 5.71002
vt -21.0868 8.5119
vt -25.5994 7.35639
f 779/2835/574 760/2836/555 761/2837/556

vt -17.8983 5.84022
vt -25.5687 7.49242
v 11.9847 20.5933 -19.839
vt -25.064 5.68184
vn 0.0130024 0.0825272 0.996504
f 779/2838/574 761/2839/556 780/2840/575

vt -25.653 7.41116
vt -28.4268 6.47736
vt -25.1439 5.60182
f 761/2841/556 672/2842/467 780/2843/575

vt -28.4008 6.57812
vt -27.5612 4.29113
vt -25.1186 5.69972
f 672/2844/467 673/2845/468 780/2846/575

vt -25.232 5.69734
vt -27.6666 4.27498
vt -25.4115 3.59289
f 780/2847/575 673/2848/468 678/2849/473

vt -25.2005 4.4941
vt -27.4428 5.2173
vt -26.7458 3.5109
f 678/2850/473 673/2851/468 677/2852/472

vt -27.1712 5.8407
vt -27.9144 4.23541
vt -26.5094 4.12035
f 673/2853/468 674/2854/469 677/2855/472

vt -28.7005 4.14811
vt -26.448 4.71214
vt -27.8523 4.83455
f 676/2856/471 677/2857/472 674/2858/469

vt -28.1393 4.0926
vt -30.3947 3.46953
vt -28.9646 3.37893
f 674/2859/469 675/2860/470 676/2861/471

vt -25.389 5.30446
vt -25.5353 3.19745
vt -24.8815 3.61348
f 780/2862/575 678/2863/473 679/2864/474

v 14.9048 20.1326 -19.9485
vt -20.7316 5.33625
vn -0.00423569 0.0511223 0.998683
vt -25.0231 6.1146
vt -24.5665 4.40918
f 781/2865/576 780/2866/575 679/2867/474

vt -20.7763 5.10728
vt -17.9039 6.03563
vt -25.0696 5.87578
f 781/2868/576 779/2869/574 780/2870/575

vt -15.7799 4.29985
vt -17.9237 6.0635
vt -20.7952 5.13254
f 681/2871/476 779/2872/574 781/2873/576

vt -13.7186 5.69791
vt -17.8179 6.24558
vt -15.6832 4.47083
f 778/2874/573 779/2875/574 681/2876/476

v 20.4148 19.2982 -20.2094
vt -12.6528 3.93379
vn -0.012195 -0.00556549 0.99991
vt -13.7778 5.71836
vt -15.7385 4.48491
f 782/2877/577 778/2878/573 681/2879/476

vt -10.1939 6.04979
vt -13.7411 5.76319
vt -12.6198 3.97622
f 776/2880/571 778/2881/573 782/2882/577

vt -10.1579 5.73745
vt -13.3609 6.99327
vt -13.7055 5.45668
f 776/2883/571 777/2884/572 778/2885/573

v 21.9786 19.408 -20.1128
vt -10.2593 4.12825
vn -0.0537851 0.0122195 0.998478
vt -10.1287 6.03432
vt -12.5619 3.96935
f 783/2886/578 776/2887/571 782/2888/577

v 22.8946 19.7938 -19.7803
vt -8.29682 4.94187
vn -0.0435985 0.0401179 0.998243
vt -9.49718 6.27327
vt -9.68145 4.37164
f 784/2889/579 776/2890/571 783/2891/578

vt -8.75709 4.44872
vt -6.98518 5.89262
vt -9.9797 5.75972
f 784/2892/579 775/2893/570 776/2894/571

v 23.724 19.7171 -19.7846
vt -7.7481 4.45477
vn 0.0341565 0.00111453 0.999416
vt -7.20735 6.04624
vt -8.96746 4.58799
f 785/2895/580 775/2896/570 784/2897/579

vt -6.04282 3.68876
vt -7.97674 5.8432
vt -8.44214 4.22809
f 691/2898/486 775/2899/570 785/2900/580

vt -7.32782 2.8601
vt -5.96916 3.91167
vt -8.36336 4.47324
f 689/2901/484 691/2902/486 785/2903/580

vt -7.12853 2.88338
vt -5.75608 2.54964
vt -5.74291 3.89918
f 689/2904/484 690/2905/485 691/2906/486

vt -7.25404 2.97263
vt -8.27001 4.59817
v 23.4508 18.9248 -20.2137
vt -8.61154 3.27453
vn 0.0215464 -0.0970286 0.995048
f 689/2907/484 785/2908/580 786/2909/581

vt -8.04386 3.7055
vt -7.61859 5.00466
v 22.3922 18.7284 -20.381
vt -9.60789 3.40464
vn -0.0467405 -0.0830563 0.995448
f 786/2910/581 785/2911/580 787/2912/582

vt -7.66472 5.01069
vt -8.88333 5.15055
vt -9.6481 3.40333
f 785/2913/580 784/2914/579 787/2915/582

vt -9.35777 3.5406
vt -8.55086 5.26876
vt -9.92765 4.67987
f 787/2916/582 784/2917/579 783/2918/578

vt -9.68568 4.91981
v 21.8849 18.8118 -20.4535
vt -9.87985 3.94588
vn -0.0529111 -0.0820385 0.995224
vt -9.13442 3.77142
f 783/2919/578 788/2920/583 787/2921/582

vt -12.6047 4.34151
vt -10.4498 3.5258
vt -10.3026 4.50793
f 782/2922/577 788/2923/583 783/2924/578

vt -12.9141 3.50262
vt -10.325 3.85989
vt -12.4688 4.70444
f 685/2925/480 788/2926/583 782/2927/577

vt -13.0047 3.65211
vt -10.5433 2.97071
vt -10.4204 4.04216
f 685/2928/480 687/2929/482 788/2930/583

vt -13.0857 3.35111
vt -11.6685 2.64927
vt -10.6155 2.7021
f 685/2931/480 686/2932/481 687/2933/482

vt -9.55404 5.02074
vt -9.78798 3.96795
vt -8.81383 4.82533
f 788/2934/583 687/2935/482 787/2936/582

vt -10.5319 3.18137
vt -8.13609 3.49573
vt -9.65937 4.142
f 687/2937/482 688/2938/483 787/2939/582

vt -9.84053 3.69228
vt -8.29715 3.0956
vt -8.28656 4.04142
f 787/2940/582 688/2941/483 786/2942/581

vt -8.41996 2.87426
vt -7.08692 3.47619
vt -8.4344 3.82003
f 688/2943/483 689/2944/484 786/2945/581

vt -15.2935 3.54433
vt -13.1553 3.12214
vt -12.7496 4.3379
f 683/2946/478 685/2947/480 782/2948/577

vt -15.2495 2.92019
vt -13.1095 3.32734
vt -15.2445 3.76577
f 684/2949/479 685/2950/480 683/2951/478

vt -15.1397 3.52457
vt -12.5818 4.27174
vt -15.6645 4.83936
f 683/2952/478 782/2953/577 681/2954/476

vt -16.8445 3.80882
vt -15.0605 3.65077
vt -15.5762 4.96916
f 682/2955/477 683/2956/478 681/2957/476

vt -15.7272 4.57915
vt -20.7399 5.42801
vt -20.6455 4.01379
f 681/2958/476 781/2959/576 680/2960/475

vt -20.7676 5.38861
vt -24.6003 4.45299
vt -20.6705 3.97457
f 781/2961/576 679/2962/474 680/2963/475

vt -6.03499 3.62907
vt -3.58363 5.33115
vt -5.97841 7.80703
f 691/2964/486 692/2965/487 773/2966/568

vt -6.23414 7.57759
vt -3.80258 5.13782
v 26.5363 21.4473 -20.3285
vt -4.57531 7.10059
vn 0.210523 0.106919 0.971724
f 773/2967/568 692/2968/487 789/2969/584

vt -4.94334 6.91884
vt -4.13697 4.96964
v 27.3117 21.1573 -20.9248
vt -3.6873 6.59643
vn 0.263668 0.138343 0.954641
f 789/2970/584 692/2971/487 790/2972/585

vt -3.79444 4.92566
vt -2.98345 5.60869
vt -3.32885 6.54797
f 692/2973/487 693/2974/488 790/2975/585

vt -3.54961 5.40266
vt -2.98735 6.98221
vt -3.89372 6.34241
f 693/2976/488 699/2977/494 790/2978/585

vt -2.53317 5.62105
vt -2.92531 6.94827
vt -3.48409 5.36749
f 694/2979/489 699/2980/494 693/2981/488

vt -3.12115 7.16047
v 27.323 22.2758 -20.9288
vt -4.10044 8.4207
vn 0.337377 0.163471 0.927067
vt -4.02698 6.5199
f 699/2982/494 791/2983/586 790/2984/585

vt -3.30085 7.02412
vt -3.20968 9.24733
vt -4.28205 8.28287
f 699/2985/494 700/2986/495 791/2987/586

vt -4.31028 8.33159
vt -3.23668 9.29468
vt -3.81483 9.39655
f 791/2988/586 700/2989/495 701/2990/496

vt -3.85115 7.89371
vt -3.38806 8.97313
v 26.7822 22.9003 -20.7714
vt -4.6562 8.92106
vn 0.220552 0.172218 0.960051
f 791/2991/586 701/2992/496 792/2993/587

vt -4.68156 9.52007
vt -3.41343 9.57224
v 26.9316 23.4495 -20.7815
vt -4.51873 10.4675
vn 0.223131 0.11859 0.967548
f 792/2994/587 701/2995/496 793/2996/588

vt -3.52084 9.51094
vt -3.86454 10.9379
vt -4.63382 10.3966
f 701/2997/496 702/2998/497 793/2999/588

vt -3.70787 10.7748
v 26.7364 23.9507 -20.7175
vt -4.78921 11.0671
vn 0.214297 0.210087 0.953908
vt -4.47884 10.2359
f 702/3000/497 794/3001/589 793/3002/588

vt -3.59253 12.2899
vt -4.82974 10.8741
vt -3.74876 10.5804
f 703/3003/498 794/3004/589 702/3005/497

vt -3.34703 11.8278
v 26.4423 25.0224 -21.214
vt -4.86787 12.3889
vn 0.140907 0.251914 0.957436
vt -4.55826 10.3897
f 703/3006/498 795/3007/590 794/3008/589

v 26.7162 26.4388 -21.9427
vt -4.27112 15.4106
vn 0.112258 0.227469 0.967293
vt -4.78318 12.7899
vt -3.25915 12.2375
f 796/3009/591 795/3010/590 703/3011/498

vt -3.80859 15.1762
v 24.6779 26.3791 -21.3874
vt -6.837 14.9175
vn 0.0738043 0.305618 0.949289
vt -4.26345 12.5449
f 796/3012/591 797/3013/592 795/3014/590

vt -3.79569 14.8967
v 26.5086 27.1067 -22.2853
vt -4.07285 16.1485
vn 0.0415615 0.328761 0.943498
vt -6.82392 14.6359
f 796/3015/591 798/3016/593 797/3017/592

vt -4.01675 14.8613
v 27.8437 26.4285 -22.4094
vt -2.3163 14.9782
vn 0.15264 0.19986 0.967862
vt -4.27394 16.1174
f 796/3018/591 799/3019/594 798/3020/593

vt -2.33683 15.5449
vt -4.03741 15.43
vt -2.82478 13.5466
f 799/3021/594 796/3022/591 704/3023/499

vt -2.67439 13.6651
vt -3.89364 15.5442
vt -2.84576 12.3827
f 704/3024/499 796/3025/591 703/3026/498

vt -2.25317 14.9322
vt -2.84841 15.7527
vt -3.36072 13.7605
f 705/3027/500 799/3028/594 704/3029/499

v 28.6832 27.1091 -22.9598
vt -1.33641 17.2106
vn 0.341994 0.113874 0.932777
vt -2.61908 15.8988
vt -2.02571 15.0769
f 800/3030/595 799/3031/594 705/3032/500

v 28.5691 27.7163 -23.1106
vt -1.18226 17.9745
vn 0.0352635 0.413379 0.909876
vt -2.30963 15.5872
vt -1.02763 16.8997
f 801/3033/596 799/3034/594 800/3035/595

vt -2.15993 15.4708
vt -1.04415 17.8635
vt -4.12789 16.592
f 799/3036/594 801/3037/596 798/3038/593

vt -3.40299 12.0564
vt -0.439277 13.587
v 27.3033 27.5374 -23.0036
vt -2.28842 13.1868
vn -0.0367201 0.585874 0.80957
f 798/3039/593 801/3040/596 802/3041/597

vt -0.0909605 8.31987
vt -1.46153 8.19906
vt -1.89323 7.74425
f 801/3042/596 715/3043/510 802/3044/597

vt -0.681543 8.63767
vt -1.46728 8.43244
vt -0.0964984 8.55087
f 714/3045/509 715/3046/510 801/3047/596

vt 0.237813 10.9014
vt -0.61211 10.6048
vt -0.0253638 10.5304
f 713/3048/508 714/3049/509 801/3050/596

v 28.884 27.6111 -23.2346
vt -0.995544 16.5792
vn 0.570602 0.171178 0.803188
vt -1.10097 16.9947
vt -1.47024 16.7291
f 803/3051/598 713/3052/508 801/3053/596

vt -0.334322 17.3884
vt -0.531955 17.4446
vt -0.398517 17.0373
f 712/3054/507 713/3055/508 803/3056/598

vt -2.20992 17.7784
vt -2.2771 17.4278
vt -1.90711 16.4758
f 712/3057/507 803/3058/598 710/3059/505

v 28.8133 27.04 -23.2331
vt -1.58975 17.0051
vn 0.985437 -0.16912 0.0176788
vt -1.29519 17.0436
vt -1.71851 17.9731
f 804/3060/599 710/3061/505 803/3062/598

vt -1.3721 15.1674
vt -1.24655 16.1963
vt -1.54096 16.1566
f 709/3063/504 710/3064/505 804/3065/599

vt -2.17945 15.9813
vt -1.97136 16.963
vt -2.27474 17.0024
f 709/3066/504 804/3067/599 800/3068/595

vt -1.98307 17.0788
vt -1.97703 18.0554
vt -2.28651 17.1177
f 804/3069/599 803/3070/598 800/3071/595

vt -1.31661 17.9499
vt -1.1666 16.8745
vt -0.839973 17.8063
f 801/3072/596 800/3073/595 803/3074/598

vt -2.79529 14.8294
vt -2.16443 15.9847
vt -2.2568 17.0061
f 705/3075/500 709/3076/504 800/3077/595

vt -2.54902 14.1923
vt -2.33225 15.5695
vt -2.90653 14.385
f 708/3078/503 709/3079/504 705/3080/500

vt -2.59919 13.5462
vt -2.56134 14.7215
vt -2.92303 14.9063
f 706/3081/501 708/3082/503 705/3083/500

vt -2.12153 8.60348
vt -1.66279 9.03098
v 26.9696 27.5626 -23.2945
vt -2.64345 8.81144
vn -0.0829014 0.993491 -0.0781274
f 802/3084/597 715/3085/510 805/3086/600

vt 2.47245 12.0715
vt 2.90507 11.6245
vt 3.45082 11.842
f 715/3087/510 716/3088/511 805/3089/600

vt 2.59619 9.34861
v 26.0857 27.4005 -23.6465
vt 4.39138 9.24534
vn -0.0344809 0.467135 -0.883514
vt 3.1015 9.64825
f 716/3090/511 806/3091/601 805/3092/600

vt 2.53727 14.4908
vt 4.02323 14.0239
vt 4.33444 14.4311
f 716/3093/511 717/3094/512 806/3095/601

vt 4.43799 14.6121
vt 4.11198 14.2166
vt 5.87712 14.3797
f 806/3096/601 717/3097/512 718/3098/513

vt 5.45946 8.4063
vt 4.6659 8.26716
vt 6.06029 7.84193
f 730/3099/525 806/3100/601 718/3101/513

vt 3.36013 7.28452
vt 4.59306 6.73136
vt 5.37694 6.91743
f 805/3102/600 806/3103/601 730/3104/525

vt -2.68759 4.9117
vt -4.71886 4.63551
vt -4.61577 4.33413
f 805/3105/600 730/3106/525 731/3107/526

vt -2.3657 6.94948
vt -2.87147 7.19409
vt -4.83185 6.73763
f 802/3108/597 805/3109/600 731/3110/526

vt -2.44531 10.8852
vt -4.91573 10.7309
v 26.2883 27.3974 -22.628
vt -3.92698 10.4048
vn -0.00712996 0.448244 0.893883
f 802/3111/597 731/3112/526 807/3113/602

vt -3.80705 11.5934
vt -4.80395 11.8936
vt -5.71551 11.3591
f 807/3114/602 731/3115/526 732/3116/527

vt -3.88857 13.9845
vt -5.80027 13.7783
v 25.2023 27.0341 -22.1651
vt -5.4685 13.1377
vn -0.00226723 0.382661 0.923886
f 807/3117/602 732/3118/527 808/3119/603

vt -5.95515 13.6751
vt -7.46878 12.8165
vt -5.63952 13.0264
f 732/3120/527 737/3121/532 808/3122/603

vt -5.51527 10.9691
vt -7.6978 10.8264
vt -6.95746 9.99522
f 732/3123/527 733/3124/528 737/3125/532

vt -6.4735 12.9817
vt -5.69095 14.4171
vt -7.52166 14.2203
f 797/3126/592 808/3127/603 737/3128/532

vt -6.42844 12.8947
vt -3.73075 14.5006
vt -5.65256 14.3337
f 797/3129/592 798/3130/593 808/3131/603

vt -5.64968 14.2409
vt -3.72792 14.4085
vt -4.0501 15.05
f 808/3132/603 798/3133/593 807/3134/602

vt -3.9527 14.205
vt -2.74375 15.2338
vt -4.25489 14.8562
f 798/3135/593 802/3136/597 807/3137/602

vt -6.81549 12.5458
vt -7.80944 13.8283
vt -8.83762 13.0161
f 797/3138/592 737/3139/532 738/3140/533

v 23.6533 25.8846 -20.6608
vt -8.28301 12.3592
vn 0.0028359 0.278819 0.960339
vt -6.73187 13.4694
vt -8.75903 13.9174
f 809/3141/604 797/3142/592 738/3143/533

vt -7.92451 12.0888
vt -6.93458 14.3162
vt -8.50857 13.2387
f 769/3144/564 797/3145/592 809/3146/604

vt -7.63074 11.3455
vt -7.19734 14.8026
vt -8.24601 12.6022
f 771/3147/566 797/3148/592 769/3149/564

vt -7.01419 14.6263
vt -7.3868 11.1621
vt -4.46773 12.2246
f 797/3150/592 771/3151/566 795/3152/590

vt -4.45121 12.1336
vt -7.36899 11.0676
v 25.8002 24.0206 -20.2756
vt -5.50141 10.1196
vn 0.114847 0.178835 0.977153
f 795/3153/590 771/3154/566 810/3155/605

vt -5.05362 11.2065
vt -6.93237 12.1321
vt -6.34845 9.39662
f 810/3156/605 771/3157/566 772/3158/567

vt -5.40131 11.3808
vt -6.68615 9.56382
v 25.9024 22.939 -20.3271
vt -5.22322 9.55566
vn 0.13015 0.158084 0.978811
f 810/3159/605 772/3160/567 811/3161/606

vt -6.68953 8.95761
v 26.3805 22.0969 -20.1664
vt -4.53795 7.46964
vn 0.162428 0.179053 0.970339
vt -5.22661 8.94946
f 772/3162/567 812/3163/607 811/3164/606

vt -5.91046 6.90092
vt -4.52825 7.48525
vt -6.68021 8.97268
f 773/3165/568 812/3166/607 772/3167/567

vt -6.23127 7.58463
vt -4.57251 7.10739
vt -4.85088 8.17325
f 773/3168/568 789/3169/584 812/3170/607

vt -5.3066 7.98452
vt -5.00445 6.92515
vt -3.79743 8.50766
f 812/3171/607 789/3172/584 791/3173/586

vt -4.94719 6.90712
vt -3.6911 6.58491
vt -3.7362 8.4866
f 789/3174/584 790/3175/585 791/3176/586

vt -5.15758 7.56236
vt -3.64826 8.08507
vt -4.46535 9.10287
f 812/3177/607 791/3178/586 792/3179/587

vt -5.54091 8.82108
vt -4.86991 7.33318
vt -4.19665 8.88208
f 811/3180/606 812/3181/607 792/3182/587

vt -4.03816 10.5733
vt -5.57488 9.5705
vt -4.23062 9.63149
f 793/3183/588 811/3184/606 792/3185/587

vt -3.93614 10.4952
vt -5.66798 11.3223
vt -5.47676 9.49843
f 793/3186/588 810/3187/605 811/3188/606

vt -4.28709 11.2549
vt -5.71201 11.2481
vt -3.97934 10.4228
f 794/3189/589 810/3190/605 793/3191/588

vt -4.28367 10.3826
vt -4.6318 12.3755
vt -5.70859 10.3756
f 794/3192/589 795/3193/590 810/3194/605

vt -10.8709 11.1953
vt -7.04744 12.5196
vt -7.67902 13.6441
f 768/3195/563 769/3196/564 809/3197/604

vt -10.8095 11.0723
vt -7.62174 13.5265
v 21.4337 25.4983 -20.7064
vt -10.8877 12.8834
vn -0.0318395 0.259513 0.965214
f 768/3198/563 809/3199/604 813/3200/608

vt -7.58024 13.2064
v 22.6127 26.1467 -20.9505
vt -9.12186 13.746
vn -0.0441894 0.308191 0.950297
vt -10.8453 12.5584
f 809/3201/604 814/3202/609 813/3203/608

vt -7.77602 12.3631
vt -8.31525 13.9006
vt -9.31197 12.9188
f 809/3204/604 738/3205/533 814/3206/609

vt -9.07429 12.3128
vt -8.09433 13.3114
vt -9.71541 13.3313
f 814/3207/609 738/3208/533 739/3209/534

vt -9.05087 12.3254
vt -9.69371 13.3428
v 21.5234 26.2461 -21.2358
vt -10.6674 12.595
vn -0.0422383 0.321844 0.94585
f 814/3210/609 739/3211/534 815/3212/610

vt -9.63132 13.1325
v 21.3304 26.6881 -21.7643
vt -10.9215 13.3463
vn -0.0360434 0.395148 0.91791
vt -10.6014 12.38
f 739/3213/534 816/3214/611 815/3215/610

vt -9.78689 11.2949
vt -11.1883 12.2409
vt -11.0736 11.5288
f 739/3216/534 740/3217/535 816/3218/611

vt -11.1704 11.6312
vt -11.2762 12.3448
v 19.8407 26.7799 -22.0534
vt -13.3698 11.9159
vn -0.0230317 0.465948 0.884512
f 816/3219/611 740/3220/535 817/3221/612

vt -11.1038 9.87297
vt -13.7647 10.1745
vt -13.185 9.38721
f 740/3222/535 741/3223/536 817/3224/612

vt -14.0144 10.3427
v 18.9072 26.8645 -22.3361
vt -14.8511 9.83965
vn -0.00615198 0.583774 0.811893
vt -13.4754 9.52701
f 741/3225/536 818/3226/613 817/3227/612

vt -13.9715 9.95585
vt -19.3426 10.0294
vt -14.8031 9.44418
f 741/3228/536 742/3229/537 818/3230/613

vt -15.0432 5.74992
vt -19.528 6.66511
vt -20.7142 6.46578
f 818/3231/613 742/3232/537 743/3233/538

vt -14.8541 12.0306
vt -20.5566 12.4229
v 15.994 26.6528 -21.9549
vt -19.1356 11.4757
vn -0.000326756 0.438808 0.898581
f 818/3234/613 743/3235/538 819/3236/614

vt -19.3063 11.3254
vt -20.6932 12.3218
v 14.6241 26.7594 -22.0307
vt -21.3156 11.5852
vn 0.00504075 0.438618 0.898659
f 819/3237/614 743/3238/538 820/3239/615

vt -20.6395 11.753
vt -23.8197 11.7806
vt -21.2492 11.0059
f 743/3240/538 745/3241/540 820/3242/615

vt -20.6509 7.22862
vt -23.9447 7.87023
vt -23.831 7.26884
f 743/3243/538 744/3244/539 745/3245/540

vt -21.1404 11.756
vt -23.7265 12.4771
v 12.8629 26.7117 -21.9745
vt -23.7301 11.6451
vn 0.0466156 0.388542 0.920251
f 820/3246/615 745/3247/540 821/3248/616

vt -23.9085 14.7189
vt -23.8022 15.544
vt -24.6109 14.6448
f 821/3249/616 745/3250/540 746/3251/541

vt -23.8422 16.2437
vt -24.5454 16.1782
v 12.5674 26.0122 -21.1814
vt -24.399 14.765
vn 0.0437561 0.297035 0.953863
f 821/3252/616 746/3253/541 822/3254/617

vt -24.6832 15.3778
v 11.6206 26.0343 -20.9577
vt -25.8918 13.9447
vn 0.0308189 0.281917 0.958944
vt -24.4881 13.9705
f 746/3255/541 823/3256/618 822/3257/617

v 10.6918 26.3276 -21.1837
vt -27.095 13.4322
vn -0.114928 0.368234 0.922602
vt -25.7363 12.8313
vt -24.5665 14.2963
f 824/3258/619 823/3259/618 746/3260/541

vt -26.8798 14.0119
v 10.1014 25.4551 -20.6167
vt -27.7416 12.3325
vn -0.113414 0.291848 0.949717
vt -25.511 13.4344
f 824/3261/619 825/3262/620 823/3263/618

vt -13.184 2.97767
vt -13.2604 0.00514087
vt -13.0187 1.87727
f 747/3264/542 825/3265/620 824/3266/619

vt -28.8927 13.0514
vt -27.514 11.1042
vt -26.37 13.8488
f 751/3267/546 825/3268/620 747/3269/542

vt -27.7027 13.1595
vt -28.978 10.3674
vt -26.2444 11.2711
f 751/3270/546 752/3271/547 825/3272/620

vt -29.0342 10.6039
vt -27.4724 9.62182
vt -26.2996 11.5046
f 752/3273/547 756/3274/551 825/3275/620

vt -27.4043 9.71563
vt -28.9673 10.6958
vt -29.4054 8.7676
f 756/3276/551 752/3277/547 753/3278/548

vt -27.7115 13.2834
vt -28.931 11.4306
vt -25.9765 13.1052
f 825/3279/620 756/3280/551 757/3281/552

vt -27.7757 12.4831
vt -26.0411 12.3016
vt -25.5434 13.5816
f 825/3282/620 757/3283/552 823/3284/618

vt -26.3677 13.0073
v 12.3188 25.2055 -20.6338
vt -24.8386 12.7589
vn 0.0307641 0.245268 0.968967
vt -25.8466 14.2779
f 757/3285/552 826/3286/621 823/3287/618

vt -26.3505 13.1771
vt -25.03 10.9985
vt -24.8212 12.9305
f 757/3288/552 758/3289/553 826/3290/621

vt -24.7333 10.7106
v 15.1124 25.0739 -20.5641
vt -20.4346 12.3934
vn -0.00390046 0.251337 0.967892
vt -24.5436 12.6445
f 758/3291/553 827/3292/622 826/3293/621

vt -20.5525 10.5843
vt -20.4411 12.4193
vt -24.7401 10.7373
f 762/3294/557 827/3295/622 758/3296/553

vt -20.4284 12.4114
vt -20.5391 10.5763
vt -14.6408 11.7634
f 827/3297/622 762/3298/557 767/3299/562

vt -20.5742 10.8068
vt -14.9532 9.81466
vt -14.675 11.9895
f 762/3300/557 763/3301/558 767/3302/562

vt -20.4739 11.8562
vt -14.6874 11.1982
v 17.6331 25.9097 -21.1411
vt -16.7652 13.4678
vn -0.0123998 0.314346 0.949228
f 827/3303/622 767/3304/562 828/3305/623

vt -16.625 13.5689
vt -14.5322 11.3131
vt -11.0274 12.7245
f 828/3306/623 767/3307/562 813/3308/608

vt -14.588 11.5359
vt -11.0134 11.1289
vt -11.0805 12.9404
f 767/3309/562 768/3310/563 813/3311/608

vt -16.6612 13.2063
vt -11.0652 12.3523
vt -10.9407 13.8108
f 828/3312/623 813/3313/608 815/3314/610

vt -10.6702 12.098
vt -8.95549 13.2981
vt -10.5735 13.5586
f 813/3315/608 814/3316/609 815/3317/610

vt -16.5854 11.8052
vt -10.8681 12.4401
vt -11.1674 13.413
f 828/3318/623 815/3319/610 816/3320/611

vt -11.1037 12.8506
vt -13.3052 13.1178
vt -16.5112 11.2083
f 816/3321/611 817/3322/612 828/3323/623

vt -13.4804 14.1009
vt -19.1375 13.85
vt -16.7213 12.2513
f 817/3324/612 819/3325/614 828/3326/623

vt -13.4136 10.1768
vt -14.793 10.473
vt -19.0679 9.86984
f 817/3327/612 818/3328/613 819/3329/614

vt -21.2241 13.9489
v 14.6678 26.081 -21.2329
vt -21.1674 12.4571
vn -0.00256126 0.323027 0.946386
vt -16.8076 12.1075
vt -19.2103 13.7263
f 820/3330/615 829/3331/624 828/3332/623 819/3333/614 

vt -21.1692 13.8089
vt -23.7594 13.7085
vt -21.1024 12.3175
f 820/3334/615 821/3335/616 829/3336/624

vt -21.0778 12.3707
vt -23.7381 13.7553
vt -24.1667 12.2346
f 829/3337/624 821/3338/616 822/3339/617

vt -24.1957 13.6123
vt -20.4521 11.7974
vt -21.1065 13.7417
f 822/3340/617 827/3341/622 829/3342/624

vt -24.5699 12.0322
vt -20.4612 11.7768
vt -24.204 13.5934
f 826/3343/621 827/3344/622 822/3345/617

vt -25.8931 14.3602
vt -24.8957 12.8343
vt -24.4894 14.3855
f 823/3346/618 826/3347/621 822/3348/617

vt -20.4626 11.8028
vt -16.7548 13.4164
vt -21.116 13.7474
f 827/3349/622 828/3350/623 829/3351/624

vt -28.8397 12.6615
vt -26.3196 13.467
vt -27.6333 13.7594
f 751/3352/546 747/3353/542 748/3354/543

vt -28.6978 13.7105
vt -28.7041 12.1692
vt -27.5067 13.2769
f 749/3355/544 751/3356/546 748/3357/543

vt -30.5754 14.8419
vt -29.1981 13.2969
vt -29.1331 14.8369
f 750/3358/545 751/3359/546 749/3360/544

vt -26.9997 12.4105
vt -24.4815 13.304
vt -26.6678 13.4726
f 824/3361/619 746/3362/541 747/3363/542

vt 1.4178 15.9137
vt 3.38575 17.0349
vt 0.302014 18.3064
f 632/3364/427 633/3365/428 711/3366/506

vt -1.9714 2.44639
vt -2.2231 3.98035
vt -2.55712 2.53418
f 618/3367/413 619/3368/414 615/3369/410

vt -1.75893 1.12478
vt -1.97619 2.40694
vt -2.56186 2.49504
f 616/3370/411 618/3371/413 615/3372/410

vt -29.3111 9.47338
vt -28.1539 7.72295
vt -27.875 10.1073
f 586/3373/381 588/3374/383 669/3375/464

vt -28.4474 7.74828
vt -27.0081 8.37499
vt -28.6499 9.09912
f 586/3376/381 669/3377/464 585/3378/380

vt -30.833 -0.926863
vt -30.6368 -1.19126
vt -30.4897 -0.0727457
f 456/3379/251 457/3380/252 592/3381/387

vt 6.93164 -11.7558
vt 6.70965 -12.2786
vt 6.89099 -12.6754
f 592/3382/387 446/3383/241 456/3384/251

vt -1.22226 -7.7474
vt -1.40197 -9.05114
vt -1.1404 -8.54691
f 445/3385/240 446/3386/241 592/3387/387

vt -3.6442 -6.58689
vt -3.97965 -7.92346
vt -3.91587 -8.72461
f 443/3388/238 445/3389/240 592/3390/387

vt -3.37372 -6.8372
vt -3.43495 -8.06668
vt -3.10558 -6.7286
f 444/3391/239 445/3392/240 443/3393/238

vt -29.4057 1.99462
vt -30.0575 -0.059339
vt -28.6128 1.71638
f 443/3394/238 592/3395/387 589/3396/384

vt -28.9304 3.33134
vt -28.1372 3.05383
vt -28.6328 4.80358
f 443/3397/238 589/3398/384 442/3399/237

vt -27.8703 5.02969
vt -27.3754 3.27975
vt -26.822 5.41514
f 442/3400/237 589/3401/384 587/3402/382

vt -27.1607 6.84015
vt -27.6297 4.37483
vt -26.5815 4.7603
f 575/3403/370 442/3404/237 587/3405/382

vt 29.1238 10.07
vt 30.4964 9.41191
vt 30.1375 10.858
f 562/3406/357 568/3407/363 560/3408/355

vt 30.5293 10.0991
vt 31.3208 11.0464
vt 29.9493 11.7066
f 565/3409/360 568/3410/363 562/3411/357

vt 28.7153 10.02
vt 30.9869 9.98439
vt 30.4199 11.5966
f 564/3412/359 565/3413/360 562/3414/357

vt 29.0095 11.7008
vt 26.0569 13.3785
vt 28.7615 10.9951
f 563/3415/358 527/3416/322 526/3417/321

vt 27.7971 13.6189
vt 26.0622 13.4407
vt 29.0166 11.7661
f 530/3418/325 527/3419/322 563/3420/358

vt 29.9929 11.4758
vt 27.2583 12.3765
vt 28.4311 10.4937
f 561/3421/356 530/3422/325 563/3423/358

vt 28.6863 14.1029
vt 27.228 12.2145
vt 29.9617 11.3108
f 534/3424/329 530/3425/325 561/3426/356

vt 32.2814 13.8091
vt 28.9759 14.705
vt 30.2878 11.9299
f 558/3427/353 534/3428/329 561/3429/356

vt 32.9712 16.6682
vt 29.0024 14.9186
vt 32.3092 14.0272
f 545/3430/340 534/3431/329 558/3432/353

vt 34.918 17.2984
vt 33.0129 16.7304
vt 32.3576 14.0877
f 548/3433/343 545/3434/340 558/3435/353

vt 4.97085 6.9191
vt 3.59046 7.50772
vt 3.31209 6.44186
f 423/3436/218 490/3437/285 488/3438/283

vt 4.96928 6.92732
vt 3.31045 6.45032
vt 2.53772 4.48755
f 423/3439/218 488/3440/283 422/3441/217

vt 30.0399 3.2434
vt 30.4731 1.8354
vt 33.3026 1.40379
f 448/3442/243 451/3443/246 447/3444/242

vt 30.0003 3.53699
vt 28.1713 2.67588
vt 30.4474 2.13332
f 448/3445/243 449/3446/244 451/3447/246

vt 19.1684 -7.12194
vt 18.844 -6.55398
vt 18.5225 -7.23541
f 367/3448/162 370/3449/165 368/3450/163

