# Alias OBJ Model File
# Exported from SketchUp, (c) 2000-2012 Trimble Navigation Limited
# File units = inches

mtllib BRAVO chaise lounge double.mtl

g Mesh1 G_16_Seat_cushion_Strap___1 Group1 Model

usemtl Color_M00
v 58.5 3.25 -6
vt 1.5 -2
vn 0 0 1
v 58.25 3.5 -6
vt 1.25 -1.75
v 56 3.25 -6
vt -1 -2
f 1/1/1 2/2/1 3/3/1

v 58.5 7.75 -6
vt 1.5 2.5
f 2/2/1 1/1/1 4/4/1

vt 0 2.5
vn 1 0 -0
vt 0 -2
v 58.5 3.25 -7
vt 1 -2
v 58.5 7.75 -7
vt 1 2.5
f 4/5/2 1/6/2 5/7/2 6/8/2 

vt -1.5 0
vn 0 -1 -0
vt 1 0
v 56 3.25 -7
vt 1 1
vt -1.5 1
f 1/9/3 3/10/3 7/11/3 5/12/3 

vn -1 0 -0
v 56 7.75 -6
v 56 7.75 -7
vt -1 2.5
f 3/6/4 8/5/4 9/13/4 7/3/4 

v 56.25 3.5 -6
vt -0.75 -1.75
f 3/3/1 10/14/1 8/13/1

f 10/14/1 3/3/1 2/2/1

v 56.25 3.5 -7
vt 0.75 1
v 58.25 3.5 -7
vt -1.25 1
vt -1.25 0
vt 0.75 0
f 11/15/3 12/16/3 2/17/3 10/18/3 

vt -1.25 -1.75
vn 0 0 -1
vt -1.5 -2
vt 0.75 -1.75
f 12/19/5 5/20/5 11/21/5

vt -1.5 2.5
f 5/20/5 12/19/5 6/22/5

v 58.25 7.5 -7
vt -1.25 2.25
f 6/22/5 12/19/5 13/23/5

vt 1 -1.75
vt 1 2.25
v 58.25 7.5 -6
vt 0 2.25
vt 0 -1.75
f 12/24/2 13/25/2 14/26/2 2/27/2 

vt 1.25 1
vn 0 1 -0
v 56.25 7.5 -7
vt -0.75 1
v 56.25 7.5 -6
vt -0.75 0
vt 1.25 0
f 13/28/6 15/29/6 16/30/6 14/31/6 

vt 0.75 2.25
f 15/32/5 9/8/5 13/23/5

f 11/21/5 9/8/5 15/32/5

f 11/21/5 7/7/5 9/8/5

f 7/7/5 11/21/5 5/20/5

vt -1 2.25
vt -1 -1.75
f 15/33/4 11/34/4 10/27/4 16/26/4 

vt -0.75 2.25
f 8/13/1 10/14/1 16/35/1

f 8/13/1 16/35/1 4/4/1

vt 1.25 2.25
f 14/36/1 4/4/1 16/35/1

f 2/2/1 4/4/1 14/36/1

vt -1 0
vt 1.5 0
vt 1.5 1
vt -1 1
f 8/37/6 4/38/6 6/39/6 9/40/6 

f 6/22/5 13/23/5 9/8/5

g Mesh2 G_09_Back_adjuster1 Group1 Model

usemtl _Color_M06_4
v 54.25 13.9522 -61.1399
vt 4.30804e-16 0.570398
vn 1.14572e-15 0.8883 0.459264
v 54.25 13.8963 -61.0596
vt 2.59763e-16 0.472503
vn 1.26573e-15 0.739165 0.673524
v 55.25 13.8963 -61.0596
vt 1 0.472503
v 55.25 13.9522 -61.1399
vt 1 0.570398
f 17/41/7 18/42/8 19/43/8 20/44/7 

v 54.25 13.8501 -61.1017
vt -0.16412 0.605585
vn -1 7.35523e-16 1.07206e-15
vt -0.122024 0.651783
vt -0.202372 0.707708
f 21/45/9 18/46/9 17/47/9

v 54.25 13.7877 -61.0491
vt -0.111507 0.543239
f 22/48/9 18/46/9 21/45/9

v 54.25 13.7139 -61.0144
vt -0.0768235 0.4694
f 23/49/9 18/46/9 22/48/9

v 54.25 13.8215 -60.9964
vt -0.0588892 0.576968
f 23/49/9 24/50/9 18/46/9

v 54.25 13.6336 -61
vt -0.0624326 0.389101
f 24/50/9 23/49/9 25/51/9

vt -7.51611e-17 0.394012
vn -1.10504e-15 -0.0464154 -0.998922
vt -9.24859e-17 0.475591
vn -1.24467e-15 -0.303374 -0.952872
v 55.25 13.7139 -61.0144
vt -1 0.475591
v 55.25 13.6336 -61
vt -1 0.394012
f 25/52/10 23/53/11 26/54/11 27/55/10 

vt -1.08901e-16 0.457526
vt -1.58067e-16 0.539105
vn -1.29948e-15 -0.539658 -0.841884
v 55.25 13.7877 -61.0491
vt -1 0.539105
vt -1 0.457526
f 23/56/11 22/57/12 28/58/12 26/59/11 

vt -1.88754e-16 0.48708
vt -2.77814e-16 0.568659
vn -1.26573e-15 -0.739165 -0.673524
v 55.25 13.8501 -61.1017
vt -1 0.568659
vt -1 0.48708
f 22/60/12 21/61/13 29/62/13 28/63/12 

vt -3.49374e-16 0.480661
v 54.25 13.8967 -61.1686
vt -4.91909e-16 0.56224
vn -1.14572e-15 -0.8883 -0.459264
v 55.25 13.8967 -61.1686
vt -1 0.56224
vt -1 0.480661
f 21/64/13 30/65/14 31/66/14 29/67/13 

vt -0.231076 0.652189
f 21/45/9 17/47/9 30/68/9

v 54.25 13.9854 -61.232
vt -0.294456 0.740933
f 30/68/9 17/47/9 32/69/9

vt 9.15942e-16 0.528443
vn 9.47636e-16 0.976898 0.213706
vt 6.29503e-16 0.430548
vt 1 0.430548
v 55.25 13.9854 -61.232
vt 1 0.528443
f 32/70/15 17/71/7 20/72/7 33/73/15 

vt 0.202372 0.707708
vn 1 -7.35523e-16 -1.07206e-15
vt 0.231076 0.652189
vt 0.294456 0.740933
f 20/74/16 31/75/16 33/76/16

vt 0.16412 0.605585
f 20/74/16 29/77/16 31/75/16

vt 0.122024 0.651783
f 19/78/16 29/77/16 20/74/16

vt 0.111507 0.543239
f 19/78/16 28/79/16 29/77/16

vt 0.0768235 0.4694
f 19/78/16 26/80/16 28/79/16

v 55.25 13.8215 -60.9964
vt 0.0588892 0.576968
f 34/81/16 26/80/16 19/78/16

vt 0.0624326 0.389101
f 26/80/16 34/81/16 27/82/16

v 55.25 13.4469 -60.979
vt 0.0414834 0.202372
f 34/81/16 35/83/16 27/82/16

v 55.25 13.7329 -60.9548
vt 0.017269 0.488361
f 36/84/16 35/83/16 34/81/16

v 55.25 13.539 -60.9458
vt 0.0082591 0.294456
f 36/84/16 37/85/16 35/83/16

v 55.25 13.6365 -60.9376
vt 1.31388e-14 0.392002
f 37/85/16 36/84/16 38/86/16

v 54.25 13.7329 -60.9548
vt 2.07897e-17 0.483749
vn 1.24467e-15 0.303374 0.952872
v 54.25 13.6365 -60.9376
vt 0 0.385854
vn 1.10504e-15 0.0464154 0.998922
vt 1 0.385854
vt 1 0.483749
f 39/87/17 40/88/18 38/89/18 36/90/17 

vt -0.017269 0.488361
v 54.25 13.539 -60.9458
vt -0.0082591 0.294456
vt 0 0.392002
f 39/91/9 41/92/9 40/93/9

v 54.25 13.4469 -60.979
vt -0.0414834 0.202372
f 41/92/9 39/91/9 42/94/9

f 42/94/9 39/91/9 24/50/9

vt 8.34783e-17 0.547263
vn 1.29948e-15 0.539658 0.841884
vt 2.44796e-17 0.449368
vt 1 0.449368
vt 1 0.547263
f 24/95/19 39/96/17 36/97/17 34/98/19 

vt 2.06557e-16 0.576817
vt 9.96849e-17 0.478922
vt 1 0.478922
vt 1 0.576817
f 18/99/8 24/100/19 34/101/19 19/102/8 

f 42/94/9 24/50/9 25/51/9

v 54.25 13.5523 -61.0069
vt -0.0693152 0.307813
f 42/94/9 25/51/9 43/103/9

vt -6.99933e-17 0.300867
vn -8.90107e-16 0.213706 -0.976898
vt -6.30434e-17 0.382446
vt -1 0.382446
v 55.25 13.5523 -61.0069
vt -1 0.300867
f 43/104/20 25/105/10 27/106/10 44/107/20 

vt 0.0693152 0.307813
f 27/82/16 35/83/16 44/108/16

v 55.25 13.3665 -61.035
vt 0.0974088 0.122024
f 44/108/16 35/83/16 45/109/16

vt 2.3235e-17 0.142399
vn 6.14511e-16 -0.459264 0.8883
v 54.25 13.3665 -61.035
vt 5.45589e-17 0.0445041
vn 2.97037e-16 -0.673524 0.739165
vt 1 0.0445041
vt 1 0.142399
f 42/110/21 46/111/22 45/112/22 35/113/21 

vt -0.0974088 0.122024
f 42/94/9 43/103/9 46/114/9

v 54.25 13.4756 -61.0346
vt -0.0970022 0.231076
f 46/114/9 43/103/9 47/115/9

vt -7.82497e-17 0.184439
vn -6.14511e-16 0.459264 -0.8883
vt -5.59152e-17 0.266018
vt -1 0.266018
v 55.25 13.4756 -61.0346
vt -1 0.184439
f 47/116/23 43/117/20 44/118/20 48/119/23 

vt 0.0970022 0.231076
f 44/108/16 45/109/16 48/120/16

v 55.25 13.4086 -61.0812
vt 0.143607 0.16412
f 48/120/16 45/109/16 49/121/16

v 55.25 13.3034 -61.1098
vt 0.172224 0.0588892
f 49/121/16 45/109/16 50/122/16

vt 1.95269e-17 0.00425308
v 54.25 13.3034 -61.1098
vt 3.45246e-17 -0.0936416
vn -4.06798e-17 -0.841884 0.539658
vt 1 -0.0936416
vt 1 0.00425308
f 46/123/22 51/124/24 50/125/24 45/126/22 

v 54.25 13.4086 -61.0812
vt -0.143607 0.16412
vt -0.172224 0.0588892
f 46/114/9 52/127/9 51/128/9

f 46/114/9 47/115/9 52/127/9

vt -8.04345e-17 0.052662
vn -2.97037e-16 0.673524 -0.739165
vt -5.43312e-17 0.134241
vt -1 0.134241
vt -1 0.052662
f 52/129/25 47/130/23 48/131/23 49/132/25 

v 54.25 13.356 -61.1435
vt -4.12859e-17 -0.0854837
vn 4.06798e-17 0.841884 -0.539658
vt -2.87878e-17 -0.00390481
vt -1 -0.00390481
v 55.25 13.356 -61.1435
vt -1 -0.0854837
f 53/133/26 52/134/25 49/135/25 54/136/26 

vt -0.205953 0.111507
f 51/128/9 52/127/9 53/137/9

v 54.25 13.2618 -61.1984
vt -0.260831 0.017269
f 51/128/9 53/137/9 55/138/9

v 54.25 13.3213 -61.2173
vt -0.279791 0.0768235
f 55/138/9 53/137/9 56/139/9

vt 1.38166e-16 -0.220584
vn 3.75624e-16 0.952872 -0.303374
vt 1.01703e-16 -0.139005
vt -1 -0.139005
v 55.25 13.3213 -61.2173
vt -1 -0.220584
f 56/140/27 53/141/26 54/142/26 57/143/27 

vt 0.205953 0.111507
v 55.25 13.2618 -61.1984
vt 0.260831 0.017269
vt 0.279791 0.0768235
f 54/144/16 58/145/16 57/146/16

f 54/144/16 50/122/16 58/145/16

f 49/121/16 50/122/16 54/144/16

vt -8.50472e-17 -0.130847
vt -1.28803e-16 -0.228741
vn -3.75624e-16 -0.952872 0.303374
vt 1 -0.228741
vt 1 -0.130847
f 51/147/24 55/148/28 58/149/28 50/150/24 

vt -7.90863e-16 -0.253694
v 54.25 13.2445 -61.2947
vt -1.08303e-15 -0.351589
vn -6.8497e-16 -0.998922 0.0464154
v 55.25 13.2445 -61.2947
vt 1 -0.351589
vt 1 -0.253694
f 55/151/28 59/152/29 60/153/29 58/154/28 

vt -0.35719 2.81653e-31
f 55/138/9 56/139/9 59/155/9

v 54.25 13.3069 -61.2976
vt -0.360091 0.0624326
f 59/155/9 56/139/9 61/156/9

vt 1.09183e-15 -0.343431
vn 6.8497e-16 0.998922 -0.0464154
vt 8.48354e-16 -0.261852
vt -1 -0.261852
v 55.25 13.3069 -61.2976
vt -1 -0.343431
f 61/157/30 56/158/27 57/159/27 62/160/30 

vt 0.35719 7.35523e-16
vt 0.360091 0.0624326
f 57/146/16 60/161/16 62/162/16

f 57/146/16 58/145/16 60/161/16

v 55.25 13.2528 -61.3923
vt 0.454736 0.0082591
f 62/162/16 60/161/16 63/163/16

vt -3.48585e-15 0.355917
v 54.25 13.2528 -61.3923
vt -4.43781e-15 0.453811
vn -9.47636e-16 -0.976898 -0.213706
vt -1 0.453811
vt -1 0.355917
f 59/164/29 64/165/31 63/166/31 60/167/29 

vt -0.454736 0.0082591
f 59/155/9 61/156/9 64/168/9

v 54.25 13.3138 -61.3789
vt -0.441379 0.0693152
f 64/168/9 61/156/9 65/169/9

vt 4.30746e-15 0.445653
vt 3.51416e-15 0.364074
vt 1 0.364074
v 55.25 13.3138 -61.3789
vt 1 0.445653
f 65/170/15 61/171/30 62/172/30 66/173/15 

vt 0.441379 0.0693152
f 62/162/16 63/163/16 66/174/16

v 55.25 13.3415 -61.4557
vt 0.518116 0.0970022
f 66/174/16 63/163/16 67/175/16

v 55.25 13.286 -61.4844
vt 0.54682 0.0414834
f 67/175/16 63/163/16 68/176/16

vt -1.41451e-15 0.430548
v 54.25 13.286 -61.4844
vt -1.70095e-15 0.528443
vt -1 0.528443
vt -1 0.430548
f 64/177/31 69/178/14 68/179/14 63/180/31 

v 54.25 13.3415 -61.4557
vt -0.518116 0.0970022
vt -0.54682 0.0414834
f 64/168/9 70/181/9 69/182/9

f 64/168/9 65/169/9 70/181/9

vt 1.61166e-15 0.520285
vt 1.37297e-15 0.438706
vt 1 0.438706
vt 1 0.520285
f 70/183/7 65/184/15 66/185/15 67/186/7 

v 54.25 13.3881 -61.5226
vt 1.24549e-15 0.56224
vt 1.10295e-15 0.480661
vt 1 0.480661
v 55.25 13.3881 -61.5226
vt 1 0.56224
f 71/187/8 70/188/7 67/189/7 72/190/8 

vt -0.585072 0.143607
f 69/182/9 70/181/9 71/191/9

v 54.25 13.3419 -61.5647
vt -0.627167 0.0974088
f 69/182/9 71/191/9 73/192/9

v 54.25 13.4505 -61.5752
vt -0.637685 0.205953
f 73/192/9 71/191/9 74/193/9

vt 1.07944e-15 0.568659
vt 9.90382e-16 0.48708
vt 1 0.48708
v 55.25 13.4505 -61.5752
vt 1 0.568659
f 74/194/19 71/195/8 72/196/8 75/197/19 

vt 0.585072 0.143607
v 55.25 13.3419 -61.5647
vt 0.627167 0.0974088
vt 0.637685 0.205953
f 72/198/16 76/199/16 75/200/16

f 72/198/16 68/176/16 76/199/16

f 67/175/16 68/176/16 72/198/16

vt -1.16406e-15 0.472503
vt -1.3351e-15 0.570398
vt -1 0.570398
vt -1 0.472503
f 69/201/14 73/202/13 76/203/13 68/204/14 

vt -1.06164e-15 0.478922
v 54.25 13.4167 -61.6279
vt -1.16851e-15 0.576817
v 55.25 13.4167 -61.6279
vt -1 0.576817
vt -1 0.478922
f 73/205/13 77/206/12 78/207/12 76/208/13 

vt -0.690302 0.172224
f 73/192/9 74/193/9 77/209/9

v 54.25 13.5243 -61.6099
vt -0.672368 0.279791
f 77/209/9 74/193/9 79/210/9

vt 9.53115e-16 0.539105
vt 9.03949e-16 0.457526
vt 1 0.457526
v 55.25 13.5243 -61.6099
vt 1 0.539105
f 79/211/17 74/212/19 75/213/19 80/214/17 

vt 0.690302 0.172224
vt 0.672368 0.279791
f 75/200/16 78/215/16 80/216/16

f 75/200/16 76/199/16 78/215/16

v 55.25 13.6046 -61.6243
vt 0.686759 0.360091
f 80/216/16 78/215/16 81/217/16

v 55.25 13.7913 -61.6453
vt 0.707708 0.54682
f 82/218/16 81/217/16 78/215/16

v 55.25 13.6859 -61.6174
vt 0.679876 0.441379
f 82/218/16 83/219/16 81/217/16

v 55.25 13.7626 -61.5897
vt 0.652189 0.518116
f 82/218/16 84/220/16 83/219/16

v 55.25 13.8717 -61.5893
vt 0.651783 0.627167
f 85/221/16 84/220/16 82/218/16

v 55.25 13.8296 -61.5431
vt 0.605585 0.585072
f 85/221/16 86/222/16 84/220/16

v 55.25 13.9348 -61.5145
vt 0.576968 0.690302
f 87/223/16 86/222/16 85/221/16

v 55.25 13.8822 -61.4808
vt 0.543239 0.637685
f 87/223/16 88/224/16 86/222/16

v 55.25 13.9764 -61.4259
vt 0.488361 0.731923
f 89/225/16 88/224/16 87/223/16

v 55.25 13.9169 -61.407
vt 0.4694 0.672368
f 89/225/16 90/226/16 88/224/16

v 55.25 13.9937 -61.3296
vt 0.392002 0.749192
f 91/227/16 90/226/16 89/225/16

v 55.25 13.9313 -61.3267
vt 0.389101 0.686759
f 91/227/16 92/228/16 90/226/16

v 55.25 13.9244 -61.2454
vt 0.307813 0.679876
f 91/227/16 93/229/16 92/228/16

f 33/76/16 93/229/16 91/227/16

f 33/76/16 31/75/16 93/229/16

vt -7.1879e-16 0.438706
v 54.25 13.9244 -61.2454
vt -9.5749e-16 0.520285
vt -1 0.520285
vt -1 0.438706
f 30/230/14 94/231/31 93/232/31 31/233/14 

vt -0.307813 0.679876
f 30/68/9 32/69/9 94/234/9

v 54.25 13.9937 -61.3296
vt -0.392002 0.749192
f 94/234/9 32/69/9 95/235/9

vt 3.82558e-15 0.453811
vt 2.87362e-15 0.355917
vt 1 0.355917
vt 1 0.453811
f 95/236/30 32/237/15 33/238/15 91/239/30 

v 54.25 13.9764 -61.4259
vt 1.48076e-15 -0.351589
vt 1.18859e-15 -0.253694
vt -1 -0.253694
vt -1 -0.351589
f 96/240/27 95/241/30 91/242/30 89/243/27 

v 54.25 13.9169 -61.407
vt -0.4694 0.672368
vt -0.488361 0.731923
f 97/244/9 95/235/9 96/245/9

v 54.25 13.9313 -61.3267
vt -0.389101 0.686759
f 98/246/9 95/235/9 97/244/9

f 94/234/9 95/235/9 98/246/9

vt -3.00397e-15 0.364074
vt -3.79727e-15 0.445653
vt -1 0.445653
vt -1 0.364074
f 94/247/31 98/248/29 92/249/29 93/250/31 

vt -1.17979e-15 -0.261852
vt -1.42327e-15 -0.343431
vt 1 -0.343431
vt 1 -0.261852
f 98/251/29 97/252/28 90/253/28 92/254/29 

vt -2.31798e-16 -0.139005
v 54.25 13.8822 -61.4808
vt -2.68261e-16 -0.220584
vt 1 -0.220584
vt 1 -0.139005
f 97/255/28 99/256/24 88/257/24 90/258/28 

vt -0.543239 0.637685
f 97/244/9 96/245/9 99/259/9

v 54.25 13.9348 -61.5145
vt -0.576968 0.690302
f 99/259/9 96/245/9 100/260/9

vt 2.84917e-16 -0.228741
vt 2.41161e-16 -0.130847
vt -1 -0.130847
vt -1 -0.228741
f 100/261/26 96/262/27 89/263/27 87/264/26 

v 54.25 13.8717 -61.5893
vt -1.30658e-16 -0.0936416
vt -1.15661e-16 0.00425308
vt -1 0.00425308
vt -1 -0.0936416
f 101/265/25 100/266/26 87/267/26 85/268/25 

v 54.25 13.8296 -61.5431
vt -0.605585 0.585072
vt -0.651783 0.627167
f 102/269/9 100/260/9 101/270/9

f 99/259/9 100/260/9 102/269/9

vt 1.08899e-16 -0.00390481
vt 1.21397e-16 -0.0854837
vt 1 -0.0854837
vt 1 -0.00390481
f 99/271/24 102/272/22 86/273/22 88/274/24 

vt 3.3919e-16 0.134241
v 54.25 13.7626 -61.5897
vt 3.65293e-16 0.052662
vt 1 0.052662
vt 1 0.134241
f 102/275/22 103/276/21 84/277/21 86/278/22 

vt -0.652189 0.518116
f 102/269/9 101/270/9 103/279/9

v 54.25 13.7913 -61.6453
vt -0.707708 0.54682
f 103/279/9 101/270/9 104/280/9

vt -3.96389e-16 0.0445041
vt -3.65065e-16 0.142399
vt -1 0.142399
vt -1 0.0445041
f 104/281/23 101/282/25 85/283/25 82/284/23 

v 54.25 13.6992 -61.6785
vt -5.97695e-16 0.176281
vt -5.70894e-16 0.274176
vt -1 0.274176
v 55.25 13.6992 -61.6785
vt -1 0.176281
f 105/285/20 104/286/23 82/287/23 106/288/20 

v 54.25 13.5053 -61.6695
vt -0.731923 0.260831
vt -0.740933 0.454736
f 107/289/9 104/280/9 105/290/9

f 77/209/9 104/280/9 107/289/9

v 54.25 13.6046 -61.6243
vt -0.686759 0.360091
f 108/291/9 104/280/9 77/209/9

v 54.25 13.6859 -61.6174
vt -0.679876 0.441379
f 109/292/9 104/280/9 108/291/9

f 103/279/9 104/280/9 109/292/9

vt 5.26108e-16 0.266018
vt 5.48443e-16 0.184439
vn 8.90107e-16 -0.213706 0.976898
vt 1 0.184439
vt 1 0.266018
f 103/293/21 109/294/32 83/295/32 84/296/21 

vt 6.86528e-16 0.382446
vt 6.93478e-16 0.300867
vt 1 0.300867
vt 1 0.382446
f 109/297/32 108/298/18 81/299/18 83/300/32 

vt 8.26772e-16 0.475591
vt 8.09447e-16 0.394012
vt 1 0.394012
vt 1 0.475591
f 108/301/18 79/302/17 80/303/17 81/304/18 

f 77/209/9 79/210/9 108/291/9

vt -9.78537e-16 0.449368
vt -1.03754e-15 0.547263
v 55.25 13.5053 -61.6695
vt -1 0.547263
vt -1 0.449368
f 77/305/12 107/306/11 110/307/11 78/308/12 

vt -8.81144e-16 0.385854
v 54.25 13.6017 -61.6867
vt -9.01933e-16 0.483749
v 55.25 13.6017 -61.6867
vt -1 0.483749
vt -1 0.385854
f 107/309/11 111/310/10 112/311/10 110/312/11 

vt -0.749192 0.35719
f 107/289/9 105/290/9 111/313/9

vt -7.56521e-16 0.292709
vt -7.48181e-16 0.390604
vt -1 0.390604
vt -1 0.292709
f 111/314/10 105/315/20 106/316/20 112/317/10 

vt 0.740933 0.454736
vt 0.731923 0.260831
vt 0.749192 0.35719
f 106/318/16 110/319/16 112/320/16

f 82/218/16 110/319/16 106/318/16

f 82/218/16 78/215/16 110/319/16

vt 6.66245e-18 0.274176
vt 3.34638e-17 0.176281
vt 1 0.176281
vt 1 0.274176
f 41/321/32 42/322/21 35/323/21 37/324/32 

vt 4.7974e-33 0.390604
vt 8.3399e-18 0.292709
vt 1 0.292709
vt 1 0.390604
f 40/325/18 41/326/32 37/327/32 38/328/18 

g Mesh3 G_13_Seat_cushion_1_1 Group1 Model

usemtl Color_M00
v 0.25 14.5 -50
vt 20 50
v 0.25 14.5 -0
vt 20 0
v 58.25 14.5 -0
vt 78 0
v 58.25 14.5 -50
vt 78 50
f 113/329/6 114/330/6 115/331/6 116/332/6 

v 0.25 7.5 -50
vt -50 0
v 0.25 7.5 -0
vt 0 0
vt 0 7
vt -50 7
f 117/333/4 118/334/4 114/335/4 113/336/4 

vt -20 0
vt -20 50
v 58.25 7.5 -50
vt -78 50
v 58.25 7.5 -0
vt -78 0
f 118/337/3 117/338/3 119/339/3 120/340/3 

vt -20 7
vt -78 7
f 119/340/5 117/337/5 113/341/5 116/342/5 

vt 50 0
vt 50 7
f 120/334/2 119/343/2 116/344/2 115/335/2 

vt 78 7
vt 20 7
f 118/330/1 120/331/1 115/345/1 114/346/1 

g Mesh4 G_10_Back_adjuster_1_1 Group1 Model

usemtl _Color_M06_4
v 52.6279 13.905 -60.7723
vt 6.96497e-16 -0.0900976
vn -3.80414e-16 0.646363 0.76303
v 52.6288 13.8501 -60.737
vt -0.00092603 -0.155361
vn -2.29864e-16 0.426852 0.904321
v 55.3471 13.8501 -60.737
vt -2.71919 -0.155361
v 55.3471 13.905 -60.7723
vt -2.71919 -0.0900976
f 121/347/33 122/348/34 123/349/34 124/350/33 

v 52.6279 6.42368 -72.0407
vt 0.778914 -0.303682
vn -0.993197 0.0970111 -0.0644076
v 52.6288 6.36931 -72.0046
vt 0.77618 -0.368888
vn -0.989493 -0.120451 0.0799698
vt -12.7369 0.197533
vt -12.735 0.262777
f 125/351/35 126/352/36 122/353/36 121/354/35 

vt 4.42556e-17 -0.270822
vn 3.15924e-16 -0.553115 -0.833105
v 52.6439 6.47639 -72.0757
vt 0.0159952 -0.20755
v 52.6757 6.52386 -72.1072
vt 0.0478215 -0.150573
v 52.7212 6.56285 -72.1331
vt 0.09331 -0.103775
v 52.7773 6.5907 -72.1516
vt 0.149361 -0.0703446
v 52.8401 6.60551 -72.1614
vt 0.212154 -0.0525605
v 52.9053 6.60628 -72.1619
vt 0.277411 -0.0516345
v 52.9686 6.59296 -72.1531
vt 0.340683 -0.0676296
v 53.0256 6.56644 -72.1355
vt 0.39766 -0.0994559
v 53.0724 6.52855 -72.1103
vt 0.444458 -0.144944
v 53.1058 6.48185 -72.0793
vt 0.477888 -0.200995
v 53.1236 6.42954 -72.0446
vt 0.495673 -0.263789
v 53.1245 6.37517 -72.0085
vt 0.496599 -0.329045
v 53.1085 6.32246 -71.9735
vt 0.480603 -0.392318
v 53.0767 6.27499 -71.942
vt 0.448777 -0.449295
v 53.0312 6.236 -71.9161
vt 0.403289 -0.496093
v 52.9752 6.20815 -71.8976
vt 0.347238 -0.529523
v 52.9124 6.19334 -71.8878
vt 0.284444 -0.547307
v 52.8471 6.19257 -71.8873
vt 0.219188 -0.548233
v 52.7838 6.20589 -71.8961
vt 0.155915 -0.532238
v 52.7269 6.23241 -71.9137
vt 0.0989385 -0.500412
v 52.6801 6.2703 -71.9389
vt 0.0521404 -0.454923
v 52.6466 6.317 -71.9699
vt 0.0187101 -0.398872
vt 0.00092603 -0.336079
f 125/355/37 127/356/37 128/357/37 129/358/37 130/359/37 131/360/37 132/361/37 133/362/37 134/363/37 135/364/37 136/365/37 137/366/37 138/367/37 139/368/37 140/369/37 141/370/37 142/371/37 143/372/37 144/373/37 145/374/37 146/375/37 147/376/37 148/377/37 126/378/37 

vt 0.781689 -0.231277
vn -0.929216 0.307862 -0.204396
vt 0.77887 -0.296479
vt -12.7343 0.287709
v 52.6439 13.9489 -60.8206
vt -12.7155 0.35222
f 127/379/38 125/380/35 121/381/35 149/382/38 

vt -0.0159952 -3.31846
vn -5.0504e-16 0.821826 0.569739
vt 1.21129e-15 -3.38372
vt -2.71919 -3.38372
v 55.3471 13.9489 -60.8206
vt -2.71919 -3.31846
f 149/383/39 121/384/33 124/385/33 150/386/39 

v 55.3471 13.7228 -60.7139
vt 12.6907 0.0765739
vn 1 6.51511e-16 -5.3338e-17
v 55.3471 13.659 -60.7277
vt 12.6458 0.0291655
v 55.3471 13.601 -60.7576
vt 12.5902 -0.00501879
v 55.3471 13.5527 -60.8014
vt 12.5277 -0.0236495
v 55.3471 13.5173 -60.8563
vt 12.4624 -0.0254569
v 55.3471 13.4974 -60.9185
vt 12.3989 -0.0103179
v 55.3471 13.4943 -60.9837
vt 12.3415 0.0207358
v 55.3471 13.5081 -61.0474
vt 12.2941 0.065588
v 55.3471 13.538 -61.1055
vt 12.26 0.121182
v 55.3471 13.5818 -61.1538
vt 12.2413 0.183729
v 55.3471 13.6367 -61.1891
vt 12.2395 0.248968
v 55.3471 13.6989 -61.209
vt 12.2547 0.31245
v 55.3471 13.764 -61.2122
vt 12.2857 0.369852
v 55.3471 13.8278 -61.1984
vt 12.3306 0.41726
v 55.3471 13.8859 -61.1685
vt 12.3862 0.451445
v 55.3471 13.9342 -61.1246
vt 12.4487 0.470075
v 55.3471 13.9695 -61.0697
vt 12.5139 0.471883
v 55.3471 13.9894 -61.0076
vt 12.5774 0.456744
v 55.3471 13.9926 -60.9424
vt 12.6348 0.42569
v 55.3471 13.9787 -60.8786
vt 12.6822 0.380838
vt 12.7164 0.325244
vt 12.735 0.262696
vt 12.7369 0.197458
v 55.3471 13.788 -60.717
vt 12.7217 0.133975
f 151/387/40 152/388/40 153/389/40 154/390/40 155/391/40 156/392/40 157/393/40 158/394/40 159/395/40 160/396/40 161/397/40 162/398/40 163/399/40 164/400/40 165/401/40 166/402/40 167/403/40 168/404/40 169/405/40 170/406/40 150/407/40 124/408/40 123/409/40 171/410/40 

v 52.6801 13.7228 -60.7139
vt -0.0521404 8.77731
vn 1.06903e-16 -0.0824959 0.996591
v 52.7269 13.659 -60.7277
vt -0.0989385 8.71205
vn 2.7017e-16 -0.337622 0.941282
vt -2.71919 8.71205
vt -2.71919 8.77731
f 172/411/41 173/412/42 152/413/42 151/414/41 

vt 0.768246 -0.401307
vn -0.784636 -0.516489 0.342907
vt 0.764328 -0.466453
vn -0.597443 -0.668076 0.443549
vt -12.6383 0.339482
vt -12.6811 0.407437
f 147/415/43 146/416/44 173/417/44 172/418/43 

vt 0.75975 -0.396923
vt 0.754162 -0.461947
vn -0.369536 -0.774135 0.513963
v 52.7838 13.601 -60.7576
vt -12.5666 0.682919
vt -12.6178 0.752822
f 146/419/44 145/420/45 174/421/45 173/422/44 

vt 0.732162 -0.4109
vt 0.721161 -0.475229
vn -0.245087 -0.807696 0.536245
v 52.8471 13.5527 -60.8014
vt -12.3951 1.76778
vt -12.4464 1.84277
f 145/423/45 144/424/46 175/425/46 174/426/45 

vt -0.453854 -0.681396
vn 0.0141892 -0.833021 0.553059
vt -0.515671 -0.660468
vn 0.144581 -0.824352 0.547303
v 52.9124 13.5173 -60.8563
vt 3.73039 11.8817
vt 3.81313 11.9225
f 144/427/47 143/428/48 176/429/48 175/430/47 

vt -0.800688 0.00285202
vt -0.810609 0.0673566
vn 0.395754 -0.765087 0.507957
v 52.9752 13.4974 -60.9185
vt 12.2148 2.07077
vt 12.2868 2.01581
f 143/431/48 142/432/49 177/433/49 176/434/48 

vt -0.790514 -0.0376102
vt -0.795836 0.0274356
vn 0.619957 -0.653684 0.433994
v 53.0312 13.4943 -60.9837
vt 12.283 1.09757
vt 12.3442 1.0371
f 142/435/49 141/436/50 178/437/50 177/438/49 

vt -0.785246 -0.120664
vt -0.789054 -0.0555124
vn 0.801911 -0.497733 0.330455
v 53.0767 13.5081 -61.0474
vt 12.2657 0.707534
vt 12.3149 0.645036
f 141/439/50 140/440/51 179/441/51 178/442/50 

vt -0.781724 -0.211126
vt -0.784853 -0.145938
vn 0.929216 -0.307862 0.204396
v 53.1085 13.538 -61.1055
vt 12.2454 0.479614
vt 12.2803 0.415952
f 140/443/51 139/444/52 180/445/52 179/446/51 

vt -0.77887 -0.296479
vt -0.781689 -0.231277
vn 0.993197 -0.0970111 0.0644076
v 53.1245 13.5818 -61.1538
vt 12.2354 0.331463
vt 12.2542 0.266951
f 139/447/52 138/448/53 181/449/53 180/450/52 

vt -0.77618 -0.368888
vt -0.778914 -0.303682
vn 0.989493 0.120451 -0.0799698
v 53.1236 13.6367 -61.1891
vt 12.2398 0.242019
vt 12.2416 0.176774
f 138/451/53 137/452/54 182/453/54 181/454/53 

vt -0.773275 -0.422929
vt -0.776116 -0.357728
vn 0.918357 0.329705 -0.218897
v 53.1058 13.6989 -61.209
vt 12.2595 0.210114
vt 12.2445 0.144139
f 137/455/54 136/456/55 183/457/55 182/458/54 

vt -0.769662 -0.455473
vt -0.772843 -0.390288
vn 0.784636 0.516489 -0.342907
v 53.0724 13.764 -61.2122
vt 12.293 0.247337
vt 12.2628 0.180522
f 136/459/55 135/460/56 184/461/56 183/462/55 

vt -0.764328 -0.466453
vt -0.768246 -0.401307
vn 0.597443 0.668076 -0.443549
v 53.0256 13.8278 -61.1984
vt 12.3362 0.386697
vt 12.2935 0.318743
f 135/463/56 134/464/57 185/465/57 184/466/56 

vt -0.754162 -0.461947
vt -0.75975 -0.396923
vn 0.369536 0.774135 -0.513963
v 52.9686 13.8859 -61.1685
vt 12.377 0.732121
vt 12.3258 0.662219
f 134/467/57 133/468/58 186/469/58 185/470/57 

vt -0.721161 -0.475229
vt -0.732162 -0.4109
vn 0.116445 0.827438 -0.549352
v 52.9053 13.9342 -61.1246
vt 12.3267 1.82229
vt 12.2753 1.7473
f 133/471/58 132/472/59 187/473/59 186/474/58 

vt 0.515671 -0.660468
vt 0.453854 -0.681396
vn -0.144581 0.824352 -0.547303
v 52.8401 13.9695 -61.0697
vt -3.81539 11.9292
vt -3.73265 11.8883
f 132/475/59 131/476/60 188/477/60 187/478/59 

vt 0.810609 0.0673566
vt 0.800688 0.00285202
vn -0.395754 0.765087 -0.507957
v 52.7773 13.9894 -61.0076
vt -12.4203 2.03634
vt -12.3483 2.0913
f 131/479/60 130/480/61 189/481/61 188/482/60 

vt 0.795836 0.0274356
vt 0.790514 -0.0376102
vn -0.619957 0.653684 -0.433994
v 52.7212 13.9926 -60.9424
vt -12.5973 1.05781
vt -12.5361 1.11828
f 130/483/61 129/484/62 190/485/62 189/486/61 

vt 0.789054 -0.0555124
vt 0.785246 -0.120664
vn -0.801911 0.497733 -0.330455
v 52.6757 13.9787 -60.8786
vt -12.6698 0.665778
vt -12.6206 0.728276
f 129/487/62 128/488/63 191/489/63 190/490/62 

vt 0.784853 -0.145938
vt 0.781724 -0.211126
vt -12.7126 0.436705
vt -12.6776 0.500367
f 128/491/63 127/492/38 149/493/38 191/494/63 

vt -0.0478215 -6.31844
vn -5.95247e-16 0.941282 0.337622
vt -0.0159952 -6.38371
vt -2.71919 -6.38371
vt -2.71919 -6.31844
f 191/495/64 149/496/39 150/497/39 170/498/64 

vt -0.09331 -8.88562
vn -6.4489e-16 0.996591 0.0824959
vt -0.0478215 -8.95088
vt -2.71919 -8.95088
vt -2.71919 -8.88562
f 190/499/65 191/500/64 170/501/64 169/502/65 

vt -0.149361 -10.845
vn -6.50585e-16 0.983985 -0.178252
vt -0.09331 -10.9103
vt -2.71919 -10.9103
vt -2.71919 -10.845
f 189/503/66 190/504/65 169/505/65 168/506/66 

vt -0.212154 -12.0631
vn -6.11943e-16 0.904321 -0.426852
vt -0.149361 -12.1284
vt -2.71919 -12.1284
vt -2.71919 -12.0631
f 188/507/67 189/508/66 168/509/66 167/510/67 

vt 0.277411 12.4569
vn -5.31598e-16 0.76303 -0.646363
vt 0.212154 12.5222
vt 2.71919 12.5222
vt 2.71919 12.4569
f 187/511/68 188/512/67 167/513/67 166/514/68 

vt 0.340683 11.9996
vn -4.15026e-16 0.569739 -0.821826
vt 0.277411 12.0649
vt 2.71919 12.0649
vt 2.71919 11.9996
f 186/515/69 187/516/68 166/517/68 165/518/69 

vt 0.39766 10.7223
vn -2.7017e-16 0.337622 -0.941282
vt 0.340683 10.7876
vt 2.71919 10.7876
vt 2.71919 10.7223
f 185/519/70 186/520/69 165/521/69 164/522/70 

vt 0.444458 8.71205
vn -1.06903e-16 0.0824959 -0.996591
vt 0.39766 8.77731
vt 2.71919 8.77731
vt 2.71919 8.71205
f 184/523/71 185/524/70 164/525/70 163/526/71 

vt 0.477888 6.10587
vn 6.36493e-17 -0.178252 -0.983985
vt 0.444458 6.17113
vt 2.71919 6.17113
vt 2.71919 6.10587
f 183/527/72 184/528/71 163/529/71 162/530/72 

vt 0.495673 3.08136
vn 2.29864e-16 -0.426852 -0.904321
vt 0.477888 3.14662
vt 2.71919 3.14662
vt 2.71919 3.08136
f 182/531/73 183/532/72 162/533/72 161/534/73 

vt 0.496599 -0.155361
vn 3.80414e-16 -0.646363 -0.76303
vt 0.495673 -0.0900976
vt 2.71919 -0.0900976
vt 2.71919 -0.155361
f 181/535/74 182/536/73 161/537/73 160/538/74 

vt 0.480603 -3.38372
vn 5.0504e-16 -0.821826 -0.569739
vt 0.496599 -3.31846
vt 2.71919 -3.31846
vt 2.71919 -3.38372
f 180/539/75 181/540/74 160/541/74 159/542/75 

vt 0.448777 -6.38371
vn 5.95247e-16 -0.941282 -0.337622
vt 0.480603 -6.31844
vt 2.71919 -6.31844
vt 2.71919 -6.38371
f 179/543/76 180/544/75 159/545/75 158/546/76 

vt 0.403289 -8.95088
vn 6.4489e-16 -0.996591 -0.0824959
vt 0.448777 -8.88562
vt 2.71919 -8.88562
vt 2.71919 -8.95088
f 178/547/77 179/548/76 158/549/76 157/550/77 

vt 0.347238 -10.9103
vn 6.50585e-16 -0.983985 0.178252
vt 0.403289 -10.845
vt 2.71919 -10.845
vt 2.71919 -10.9103
f 177/551/78 178/552/77 157/553/77 156/554/78 

vt 0.284444 -12.1284
vn 6.11948e-16 -0.904321 0.426852
vt 0.347238 -12.0631
vt 2.71919 -12.0631
vt 2.71919 -12.1284
f 176/555/79 177/556/78 156/557/78 155/558/79 

vt -0.219188 12.5222
vn 5.76714e-16 -0.840869 0.541238
vt -0.284444 12.4569
vt -2.71919 12.4569
vt -2.71919 12.5222
f 175/559/80 176/560/79 155/561/79 154/562/80 

vt -0.155915 12.0649
vn 4.15101e-16 -0.569739 0.821826
vt -0.219188 11.9996
vn 4.77545e-16 -0.672135 0.740429
vt -2.71919 11.9996
vt -2.71919 12.0649
f 174/563/81 175/564/82 154/565/82 153/566/81 

vt -0.0989385 10.7876
vt -0.155915 10.7223
vt -2.71919 10.7223
vt -2.71919 10.7876
f 173/567/42 174/568/81 153/569/81 152/570/42 

vt 0.772843 -0.390288
vn -0.918357 -0.329705 0.218897
vt 0.769662 -0.455473
vt -12.688 0.201275
v 52.6466 13.788 -60.717
vt -12.7182 0.26809
f 148/571/83 147/572/43 172/573/43 192/574/83 

vt -0.0187101 6.17113
vn -6.36493e-17 0.178252 0.983985
vt -0.0521404 6.10587
vt -2.71919 6.10587
vt -2.71919 6.17113
f 192/575/84 172/576/41 151/577/41 171/578/84 

vt -0.00092603 3.14662
vt -0.0187101 3.08136
vt -2.71919 3.08136
vt -2.71919 3.14662
f 122/579/34 192/580/84 171/581/84 123/582/34 

vt 0.776116 -0.357728
vt 0.773275 -0.422929
vt -12.721 0.164896
vt -12.736 0.230871
f 126/583/36 148/584/83 192/585/83 122/586/36 

g Mesh5 G_04_Bottom1 Group1 Model

v 19.75 7.5 -2
vt 1 2
vn 7.03437e-13 -3.19744e-14 1
v 18.75 7.5 -2
vt 3.30687e-11 2
v 18.75 5.5 -2
vt 3.30687e-11 7.4378e-37
v 19.75 5.5 -2
vt 1 -2.04473e-27
f 193/587/85 194/588/85 195/589/85 196/590/85 

v 19.75 7.5 -49
vt 1 47
vn 2.04473e-26 1 3.19744e-14
v 18.75 7.5 -49
vt -4.08945e-26 47
vt 3.30687e-11 6.39488e-14
vt 1 7.03437e-13
f 197/591/86 198/592/86 194/593/86 193/594/86 

vt -3.30616e-11 2
vn -7.03437e-13 3.19744e-14 -1
vt -1 2
v 19.75 5.5 -49
vt -1 2.38299e-25
v 18.75 5.5 -49
vt -3.30616e-11 2.40319e-25
f 198/595/87 197/596/87 199/597/87 200/598/87 

vt 47 1.5028e-12
vn 1 4.4984e-26 -7.03437e-13
vt 47 2
vt -6.39488e-14 2
vt 6.39488e-14 -4.4984e-26
f 199/599/88 197/600/88 193/601/88 196/602/88 

vt 3.68737e-38 47
vn -2.45367e-26 -1 -3.19744e-14
vt -1 47
vt -1 7.67386e-13
vt -3.30687e-11 2.59439e-50
f 200/603/89 199/604/89 196/605/89 195/606/89 

vt -47 2
vn -1 0 7.03437e-13
vt -47 1.5028e-12
vt 2.32617e-23 0
vt 2.32617e-23 2
f 198/607/90 200/608/90 195/609/90 194/610/90 

g Mesh6 G_16_Seat_cushion_Strap___2 Group1 Model

usemtl Color_M00
v 2.5 3.25 -44
v 2.25 3.5 -44
v 0 3.25 -44
f 201/1/1 202/2/1 203/3/1

v 2.5 7.75 -44
f 202/2/1 201/1/1 204/4/1

v 2.5 3.25 -45
v 2.5 7.75 -45
f 204/5/2 201/6/2 205/7/2 206/8/2 

v 0 3.25 -45
f 201/9/3 203/10/3 207/11/3 205/12/3 

v 0 7.75 -44
v 0 7.75 -45
f 203/6/4 208/5/4 209/13/4 207/3/4 

v 0.25 3.5 -44
f 203/3/1 210/14/1 208/13/1

f 210/14/1 203/3/1 202/2/1

v 0.25 3.5 -45
v 2.25 3.5 -45
f 211/15/3 212/16/3 202/17/3 210/18/3 

f 212/19/5 205/20/5 211/21/5

f 205/20/5 212/19/5 206/22/5

v 2.25 7.5 -45
f 206/22/5 212/19/5 213/23/5

v 2.25 7.5 -44
f 212/24/2 213/25/2 214/26/2 202/27/2 

v 0.25 7.5 -45
v 0.25 7.5 -44
f 213/28/6 215/29/6 216/30/6 214/31/6 

f 215/32/5 209/8/5 213/23/5

f 211/21/5 209/8/5 215/32/5

f 211/21/5 207/7/5 209/8/5

f 207/7/5 211/21/5 205/20/5

f 215/33/4 211/34/4 210/27/4 216/26/4 

f 208/13/1 210/14/1 216/35/1

f 208/13/1 216/35/1 204/4/1

f 214/36/1 204/4/1 216/35/1

f 202/2/1 204/4/1 214/36/1

f 208/37/6 204/38/6 206/39/6 209/40/6 

f 206/22/5 213/23/5 209/8/5

g Mesh7 G_12_Back_adjuster1 Group1 Model

usemtl _Color_M06_4
v 2.375 6.625 -65.25
vt 0.875 0
vn 5.55112e-17 1 -0
v 2.375 6.625 -66.25
vt 0.875 1
v 2.25 6.625 -66.25
v 2.25 6.625 -65.25
f 217/611/91 218/612/91 219/11/91 220/10/91 

v 2.375 5.625 -66.25
vt -1 0.125
vt -1 1.125
vt 0 1.125
v 2.375 5.625 -65.25
vt 0 0.125
f 221/613/2 218/614/2 217/615/2 222/616/2 

vt -0.875 1.125
vt -0.875 0.125
v 2.25 5.625 -66.25
f 218/617/5 221/618/5 223/613/5 219/614/5 

v 2.25 5.625 -65.25
f 223/11/6 224/10/6 222/611/6 221/612/6 

vt 1 1.125
vt 1 0.125
f 224/616/4 220/615/4 219/619/4 223/620/4 

vt 0.875 0.125
vt 0.875 1.125
f 222/621/1 217/622/1 220/619/1 224/620/1 

v 3.25 5.625 -65.25
v 3.125 5.625 -65.25
vt 0.125 0.125
v 2.25 5.5 -65.25
v 3.25 5.5 -65.25
f 225/616/1 226/623/1 222/621/1 224/620/1 227/10/1 228/334/1 

v 3.25 6.5 -65.25
vt 0 1
v 3.125 6.5 -65.25
vt 0.125 1
f 229/624/1 230/625/1 226/623/1 225/616/1 

v 3.125 6.625 -65.3222
vt 0.125 1.01036
vn 2.77556e-17 0.5 0.866025
vt 0.125 0.866025
vt -2.31112e-33 0.866025
v 3.25 6.625 -65.3222
vt -2.31296e-18 1.01036
f 231/626/92 230/627/92 229/628/92 232/629/92 

vt 0.0721688 1.125
v 3.125 6.625 -65.8222
vt 0.572169 1.125
v 3.125 5.75 -66.6972
vt 1.44717 0.25
v 3.125 5.75 -67
vt 1.75 0.25
v 3.125 6.5 -67
vt 1.75 1
v 3.125 6.625 -67.0722
vt 1.82217 1.125
v 3.125 6.625 -68.5722
vt 3.32217 1.125
v 3.125 5.75 -69.4472
vt 4.19717 0.25
v 3.125 5.75 -69.75
vt 4.5 0.25
v 3.125 6.5 -69.75
vt 4.5 1
v 3.125 6.625 -69.8222
vt 4.57217 1.125
v 3.125 6.625 -71.3222
vt 6.07217 1.125
v 3.125 5.75 -72.1972
vt 6.94717 0.25
v 3.125 5.75 -72.5
vt 7.25 0.25
v 3.125 6.5 -72.5
vt 7.25 1
v 3.125 6.625 -72.5722
vt 7.32217 1.125
v 3.125 6.625 -74.0722
vt 8.82217 1.125
v 3.125 5.75 -74.9472
vt 9.69717 0.25
v 3.125 5.75 -75.25
vt 10 0.25
v 3.125 6.5 -75.25
vt 10 1
v 3.125 6.625 -75.3222
vt 10.0722 1.125
v 3.125 6.625 -75.8222
vt 10.5722 1.125
v 3.125 5.75 -76.6972
vt 11.4472 0.25
v 3.125 5.75 -77.75
vt 12.5 0.25
v 3.125 5.625 -77.75
vt 12.5 0.125
f 226/616/4 230/624/4 231/630/4 233/631/4 234/632/4 235/633/4 236/634/4 237/635/4 238/636/4 239/637/4 240/638/4 241/639/4 242/640/4 243/641/4 244/642/4 245/643/4 246/644/4 247/645/4 248/646/4 249/647/4 250/648/4 251/649/4 252/650/4 253/651/4 254/652/4 255/653/4 256/654/4 

vt 0.125 0.572169
vt 0.125 0.0721688
vt 6.245e-17 0.0721688
v 3.25 6.625 -65.8222
vt 6.245e-17 0.572169
f 233/655/91 231/656/91 232/657/91 257/658/91 

v 3.25 5.625 -77.75
vt -12.5 0.125
v 3.25 5.75 -77.75
vt -12.5 0.25
v 3.25 5.75 -76.6972
vt -11.4472 0.25
v 3.25 6.625 -75.8222
vt -10.5722 1.125
v 3.25 6.625 -75.3222
vt -10.0722 1.125
v 3.25 6.5 -75.25
vt -10 1
v 3.25 5.75 -75.25
vt -10 0.25
v 3.25 5.75 -74.9472
vt -9.69717 0.25
v 3.25 6.625 -74.0722
vt -8.82217 1.125
v 3.25 6.625 -72.5722
vt -7.32217 1.125
v 3.25 6.5 -72.5
vt -7.25 1
v 3.25 5.75 -72.5
vt -7.25 0.25
v 3.25 5.75 -72.1972
vt -6.94717 0.25
v 3.25 6.625 -71.3222
vt -6.07217 1.125
v 3.25 6.625 -69.8222
vt -4.57217 1.125
v 3.25 6.5 -69.75
vt -4.5 1
v 3.25 5.75 -69.75
vt -4.5 0.25
v 3.25 5.75 -69.4472
vt -4.19717 0.25
v 3.25 6.625 -68.5722
vt -3.32217 1.125
v 3.25 6.625 -67.0722
vt -1.82217 1.125
v 3.25 6.5 -67
vt -1.75 1
v 3.25 5.75 -67
vt -1.75 0.25
v 3.25 5.75 -66.6972
vt -1.44717 0.25
vt -0.572169 1.125
vt -0.0721688 1.125
f 229/624/2 225/616/2 258/659/2 259/660/2 260/661/2 261/662/2 262/663/2 263/664/2 264/665/2 265/666/2 266/667/2 267/668/2 268/669/2 269/670/2 270/671/2 271/672/2 272/673/2 273/674/2 274/675/2 275/676/2 276/677/2 277/678/2 278/679/2 279/680/2 280/681/2 257/682/2 232/683/2 

vt 0 12.5
vt 0.125 12.5
vt 0.125 0
f 225/334/6 258/684/6 256/685/6 226/686/6 

v 3.25 5.5 -77.75
vt -12.5 0
f 228/334/2 281/687/2 258/659/2 225/616/2 

v 2.25 5.5 -77.75
vt -1 12.5
f 228/334/3 227/37/3 282/688/3 281/684/3 

v 2.25 5.625 -77.75
vt 12.5 0
f 224/616/4 223/620/4 283/654/4 282/689/4 227/334/4 

vt 1 12.5
f 221/612/6 222/611/6 226/686/6 256/685/6 283/690/6 223/11/6 

vt -0.125 0.125
f 282/37/5 283/613/5 256/691/5 258/616/5 281/334/5 

vt -0.125 0.25
vt 0 0.25
f 256/691/5 255/692/5 259/693/5 258/616/5 

vt 0.125 11.4472
vt 1.38778e-17 11.4472
vt 1.38778e-17 12.5
f 255/685/91 254/694/91 260/695/91 259/696/91 

vt -0.125 -7.91759
vn 3.92523e-17 0.707107 -0.707107
vt -0.125 -6.68016
vt -5.86873e-16 -6.68016
vt -6.35446e-16 -7.91759
f 254/697/93 253/698/93 261/699/93 260/700/93 

vt 0.125 10.5722
vt 0.125 10.0722
vt 6.245e-17 10.0722
vt 6.245e-17 10.5722
f 253/701/91 252/702/91 262/703/91 261/704/91 

vt 0.125 6.01036
vt 0.125 5.86603
vt -3.20494e-16 5.86603
vt -3.22807e-16 6.01036
f 252/705/92 251/706/92 263/707/92 262/708/92 

vt 0.125 0.25
f 251/625/1 250/709/1 264/693/1 263/624/1 

vt 0.125 10
vt 0.125 9.69717
vt 1.38778e-17 9.69717
vt 1.38778e-17 10
f 250/710/91 249/711/91 265/712/91 264/713/91 

vt -0.125 -5.44272
vt -4.89729e-16 -5.44272
vt -5.38301e-16 -6.68016
f 249/698/93 248/714/93 266/715/93 265/716/93 

vt 0.125 8.82217
vt 0.125 7.32217
vt 6.245e-17 7.32217
vt 6.245e-17 8.82217
f 248/717/91 247/718/91 267/719/91 266/720/91 

vt 0.125 4.63536
vt 0.125 4.49103
vt -2.32358e-16 4.49103
vt -2.34671e-16 4.63536
f 247/721/92 246/722/92 268/723/92 267/724/92 

f 246/625/1 245/709/1 269/693/1 268/624/1 

vt 0.125 7.25
vt 0.125 6.94717
vt 1.38778e-17 6.94717
vt 1.38778e-17 7.25
f 245/725/91 244/726/91 270/727/91 269/728/91 

vt -0.125 -4.73561
vt -0.125 -3.49818
vt -3.37073e-16 -3.49818
vt -3.85645e-16 -4.73561
f 244/729/93 243/730/93 271/731/93 270/732/93 

vt 0.125 6.07217
vt 0.125 4.57217
vt 6.245e-17 4.57217
vt 6.245e-17 6.07217
f 243/733/91 242/734/91 272/735/91 271/736/91 

vt 0.125 3.26036
vt 0.125 3.11603
vt -1.44222e-16 3.11603
vt -1.46535e-16 3.26036
f 242/737/92 241/738/92 273/739/92 272/740/92 

f 241/625/1 240/709/1 274/693/1 273/624/1 

vt 0.125 4.5
vt 0.125 4.19717
vt 1.38778e-17 4.19717
vt 1.38778e-17 4.5
f 240/741/91 239/742/91 275/743/91 274/744/91 

vt -0.125 -2.79107
vt -0.125 -1.55363
vt -1.84417e-16 -1.55363
vt -2.3299e-16 -2.79107
f 239/745/93 238/746/93 276/747/93 275/748/93 

vt 0.125 3.32217
vt 0.125 1.82217
vt 6.245e-17 1.82217
vt 6.245e-17 3.32217
f 238/749/91 237/750/91 277/751/91 276/752/91 

vt 0.125 1.88536
vt 0.125 1.74103
vt -5.60864e-17 1.74103
vt -5.83994e-17 1.88536
f 237/753/92 236/754/92 278/755/92 277/756/92 

f 236/625/1 235/709/1 279/693/1 278/624/1 

vt 0.125 1.75
vt 0.125 1.44717
vt 1.38778e-17 1.44717
vt 1.38778e-17 1.75
f 235/757/91 234/758/91 280/759/91 279/760/91 

vt -0.125 -0.846526
vt -0.125 0.390911
vt -3.17617e-17 0.390911
vt -8.0334e-17 -0.846526
f 234/761/93 233/762/93 257/763/93 280/764/93 

g Mesh8 G_08_Back_1_1 Group1 Model

v 4.75 18 -68.1865
vt 0 0.433013
vn 0 -0.866025 -0.5
v 4.75 19 -69.9186
vt 0 2.43301
v 53.75 19 -69.9186
vt -49 2.43301
v 53.75 18 -68.1865
vt -49 0.433013
f 284/765/94 285/766/94 286/767/94 287/768/94 

vt -2.23205 1
vt -0.5 0
v 4.75 18.866 -67.6865
vt 0 0.866025
v 4.75 19.866 -69.4186
vt -1.73205 1.86603
f 285/769/4 284/770/4 288/771/4 289/772/4 

vt 0 -0.25
vn 0 -0.5 0.866025
vt 49 -0.25
v 53.75 18.866 -67.6865
vt 49 0.75
vt 0 0.75
f 284/773/95 287/774/95 290/775/95 288/776/95 

vt 0.5 0
vt 2.23205 1
v 53.75 19.866 -69.4186
vt 1.73205 1.86603
f 287/777/2 286/778/2 291/779/2 290/771/2 

vt -49 -0.25
vn 0 0.5 -0.866025
vt -49 0.75
f 286/780/96 285/773/96 289/776/96 291/781/96 

vn 0 0.866025 0.5
vt 49 0.433013
vt 49 2.43301
f 289/766/97 288/765/97 290/782/97 291/783/97 

g Mesh9 G_18_Headrest_strap1 Group1 Model

usemtl Color_M00
v 7.25 21.2633 -74.3387
vt 1 -3.97928
vn 1.19689e-14 -0.975079 0.22186
v 7.25 21.3267 -74.0601
vt 1 -3.69361
v 6.25 21.3267 -74.0601
vt 3.89875e-13 -3.69361
v 6.25 21.2633 -74.3387
vt 4.04903e-13 -3.97928
f 292/784/98 293/785/98 294/786/98 295/787/98 

vt 3.80243 0.0633785
vn 1 2.24879e-14 -6.94781e-15
vt 4.08098 -1.17161e-15
v 7.25 21.3286 -74.6698
vt 4.41214 0.0653623
v 7.25 21.4445 -75.0454
vt 4.78767 0.181192
v 7.25 21.5988 -75.4068
vt 5.1491 0.335493
v 7.25 21.7899 -75.7502
vt 5.49251 0.526588
v 7.25 21.7971 -75.7611
vt 5.50337 0.533798
v 7.25 22.0154 -76.072
vt 5.81435 0.752132
v 7.25 22.2735 -76.3684
vt 6.11076 1.01023
v 7.25 22.3506 -76.4402
vt 6.18255 1.08728
v 7.25 22.5611 -76.6364
vt 6.37868 1.29779
v 7.25 22.875 -76.8729
vt 6.6152 1.61168
v 7.25 23.2118 -77.0754
vt 6.81776 1.94849
v 7.25 23.5678 -77.2418
vt 6.98415 2.30456
v 7.25 23.9393 -77.3702
vt 7.11255 2.67602
v 7.25 23.9759 -77.3788
vt 7.12108 2.71267
v 7.25 24.3222 -77.4589
vt 7.20125 3.05889
v 7.25 24.8004 -77.5156
vt 7.25796 3.53717
v 7.25 25.2821 -77.5163
vt 7.25862 4.0188
v 7.25 25.7605 -77.4609
vt 7.20322 4.49723
v 7.25 26.2292 -77.3502
vt 7.0925 4.96597
v 7.25 26.6819 -77.1857
vt 6.92798 5.41863
v 7.25 27.1123 -76.9696
vt 6.71189 5.84907
v 7.25 27.5147 -76.7049
vt 6.44717 6.25142
v 7.25 27.8835 -76.3951
vt 6.13741 6.62023
v 7.25 28.2138 -76.0445
vt 5.78683 6.95048
v 7.25 28.501 -75.6579
vt 5.4002 7.23768
v 7.25 28.7412 -75.2405
vt 4.98276 7.47793
v 7.25 28.9312 -74.7979
vt 4.5402 7.66795
v 7.25 28.9127 -74.5878
vt 4.33013 7.64938
v 7.25 26.4127 -70.2577
vt 7.26305e-15 5.14938
v 7.25 26.1962 -70.3827
vt 0.125 4.93287
v 7.25 28.6962 -74.7128
vt 4.45513 7.43287
v 7.25 28.5176 -75.1286
vt 4.8709 7.25435
v 7.25 28.2919 -75.5208
vt 5.26308 7.02864
v 7.25 28.0221 -75.884
vt 5.62631 6.75883
v 7.25 27.7118 -76.2134
vt 5.95567 6.44856
v 7.25 27.3654 -76.5044
vt 6.24668 6.10207
v 7.25 26.9873 -76.7531
vt 6.49538 5.72407
v 7.25 26.583 -76.9561
vt 6.6984 5.31968
v 7.25 26.1577 -77.1106
vt 6.85296 4.89441
v 7.25 25.7173 -77.2147
vt 6.95698 4.45405
v 7.25 25.2678 -77.2667
vt 7.00903 4.00457
v 7.25 24.8154 -77.2661
vt 7.00841 3.55208
v 7.25 24.366 -77.2128
vt 6.95513 3.10275
v 7.25 24.0326 -77.1353
vt 6.87758 2.7693
v 7.25 24.0086 -77.1297
vt 6.87201 2.74536
v 7.25 23.6618 -77.0098
vt 6.75213 2.39857
v 7.25 23.3294 -76.8545
vt 6.59679 2.06615
v 7.25 23.015 -76.6654
vt 6.40769 1.7517
v 7.25 22.7219 -76.4446
vt 6.18687 1.45866
v 7.25 22.521 -76.2573
vt 5.99964 1.2577
v 7.25 22.4535 -76.1944
vt 5.93674 1.1902
v 7.25 22.2125 -75.9177
vt 5.66002 0.949242
v 7.25 22.0017 -75.6174
vt 5.35972 0.738408
v 7.25 21.8233 -75.2968
vt 5.03909 0.559987
v 7.25 21.6792 -74.9593
vt 4.70163 0.41592
v 7.25 21.5711 -74.6087
vt 4.35101 0.307773
v 7.25 21.5 -74.2487
vt 3.99103 0.236722
v 7.25 22.366 -73.7487
vt 3.49103 1.10275
v 7.25 23.3665 -75.4816
vt 5.22391 2.10323
v 7.25 22.5005 -75.9816
vt 5.72391 1.2372
v 7.25 22.625 -76.1973
vt 5.93958 1.36172
v 7.25 23.7075 -75.5723
vt 5.31458 2.44425
v 7.25 22.5825 -73.6237
vt 3.36603 1.31925
v 7.25 22.4575 -73.4072
vt 3.14952 1.19425
f 293/788/99 292/789/99 296/790/99 297/791/99 298/792/99 299/793/99 300/794/99 301/795/99 302/796/99 303/797/99 304/798/99 305/799/99 306/800/99 307/801/99 308/802/99 309/803/99 310/804/99 311/805/99 312/806/99 313/807/99 314/808/99 315/809/99 316/810/99 317/811/99 318/812/99 319/813/99 320/814/99 321/815/99 322/816/99 323/817/99 324/818/99 325/819/99 326/820/99 327/821/99 328/822/99 329/823/99 330/824/99 331/825/99 332/826/99 333/827/99 334/828/99 335/829/99 336/830/99 337/831/99 338/832/99 339/833/99 340/834/99 341/835/99 342/836/99 343/837/99 344/838/99 345/839/99 346/840/99 347/841/99 348/842/99 349/843/99 350/844/99 351/845/99 352/846/99 353/847/99 354/848/99 355/849/99 356/850/99 357/851/99 358/852/99 359/853/99 

vt -1 4.34128
vn 1.6386e-14 -0.969644 -0.244521
vt -1 4.00374
vn 1.81625e-14 -0.981073 -0.19364
vt 1.98035e-13 4.00374
v 6.25 21.3286 -74.6698
vt 2.43307e-13 4.34128
f 296/854/100 292/855/101 295/856/101 360/857/100 

v 6.25 21.7971 -75.7611
vt -5.50337 0.533798
vn -1 -2.03895e-14 1.66889e-14
v 6.25 21.7899 -75.7502
vt -5.49251 0.526588
v 6.25 21.5988 -75.4068
vt -5.1491 0.335493
v 6.25 21.4445 -75.0454
vt -4.78767 0.181192
vt -4.41214 0.0653623
vt -4.08098 -5.15545e-27
v 6.25 21.5 -74.2487
vt -3.99103 0.236722
v 6.25 21.5711 -74.6087
vt -4.35101 0.307773
v 6.25 21.6792 -74.9593
vt -4.70163 0.41592
v 6.25 21.8233 -75.2968
vt -5.03909 0.559987
v 6.25 22.0017 -75.6174
vt -5.35972 0.738408
v 6.25 22.2125 -75.9177
vt -5.66002 0.949242
v 6.25 22.4535 -76.1944
vt -5.93674 1.1902
v 6.25 22.521 -76.2573
vt -5.99964 1.2577
v 6.25 22.7219 -76.4446
vt -6.18687 1.45866
v 6.25 23.015 -76.6654
vt -6.40769 1.7517
v 6.25 23.3294 -76.8545
vt -6.59679 2.06615
v 6.25 23.6618 -77.0098
vt -6.75213 2.39857
v 6.25 24.0086 -77.1297
vt -6.87201 2.74536
v 6.25 24.0326 -77.1353
vt -6.87758 2.7693
v 6.25 24.366 -77.2128
vt -6.95513 3.10275
v 6.25 24.8154 -77.2661
vt -7.00841 3.55208
v 6.25 25.2678 -77.2667
vt -7.00903 4.00457
v 6.25 25.7173 -77.2147
vt -6.95698 4.45405
v 6.25 26.1577 -77.1106
vt -6.85296 4.89441
v 6.25 26.583 -76.9561
vt -6.6984 5.31968
v 6.25 26.9873 -76.7531
vt -6.49538 5.72407
v 6.25 27.3654 -76.5044
vt -6.24668 6.10207
v 6.25 27.7118 -76.2134
vt -5.95567 6.44856
v 6.25 28.0221 -75.884
vt -5.62631 6.75883
v 6.25 28.2919 -75.5208
vt -5.26308 7.02864
v 6.25 28.5176 -75.1286
vt -4.8709 7.25435
v 6.25 28.6962 -74.7128
vt -4.45513 7.43287
v 6.25 28.9312 -74.7979
vt -4.5402 7.66795
v 6.25 28.7412 -75.2405
vt -4.98276 7.47793
v 6.25 28.501 -75.6579
vt -5.4002 7.23768
v 6.25 28.2138 -76.0445
vt -5.78683 6.95048
v 6.25 27.8835 -76.3951
vt -6.13741 6.62023
v 6.25 27.5147 -76.7049
vt -6.44717 6.25142
v 6.25 27.1123 -76.9696
vt -6.71189 5.84907
v 6.25 26.6819 -77.1857
vt -6.92798 5.41863
v 6.25 26.2292 -77.3502
vt -7.0925 4.96597
v 6.25 25.7605 -77.4609
vt -7.20322 4.49723
v 6.25 25.2821 -77.5163
vt -7.25862 4.0188
v 6.25 24.8004 -77.5156
vt -7.25796 3.53717
v 6.25 24.3222 -77.4589
vt -7.20125 3.05889
v 6.25 23.9759 -77.3788
vt -7.12108 2.71267
v 6.25 23.9393 -77.3702
vt -7.11255 2.67602
v 6.25 23.5678 -77.2418
vt -6.98415 2.30456
v 6.25 23.2118 -77.0754
vt -6.81776 1.94849
v 6.25 22.875 -76.8729
vt -6.6152 1.61168
v 6.25 22.5611 -76.6364
vt -6.37868 1.29779
v 6.25 22.3506 -76.4402
vt -6.18255 1.08728
v 6.25 22.2735 -76.3684
vt -6.11076 1.01023
v 6.25 22.0154 -76.072
vt -5.81435 0.752132
f 361/858/102 362/859/102 363/860/102 364/861/102 360/862/102 295/863/102 365/864/102 366/865/102 367/866/102 368/867/102 369/868/102 370/869/102 371/870/102 372/871/102 373/872/102 374/873/102 375/874/102 376/875/102 377/876/102 378/877/102 379/878/102 380/879/102 381/880/102 382/881/102 383/882/102 384/883/102 385/884/102 386/885/102 387/886/102 388/887/102 389/888/102 390/889/102 391/890/102 392/891/102 393/892/102 394/893/102 395/894/102 396/895/102 397/896/102 398/897/102 399/898/102 400/899/102 401/900/102 402/901/102 403/902/102 404/903/102 405/904/102 406/905/102 407/906/102 408/907/102 409/908/102 410/909/102 411/910/102 412/911/102 413/912/102 

vt -1 4.8803
vn 7.75729e-15 -0.83314 -0.553062
vt -1 4.86726
vt -9.34919e-14 4.86726
vt -7.91287e-14 4.8803
f 300/913/103 299/914/103 362/915/103 361/916/103 

vt -1 5.05549
vn 9.70153e-15 -0.873816 -0.486258
vt -1 4.6625
vn 1.09654e-14 -0.897977 -0.440043
vt -6.77984e-14 4.6625
vt -6.0947e-14 5.05549
f 299/917/104 298/918/105 363/919/105 362/920/104 

vt -1 4.86733
vt -1 4.47434
vn 1.34004e-14 -0.938914 -0.344153
vt -3.59828e-14 4.47434
vt -1.05418e-14 4.86733
f 298/921/105 297/922/106 364/923/106 363/924/105 

vt -1 4.6284
vt -1 4.23541
vt 4.75017e-14 4.23541
vt 5.18484e-14 4.6284
f 297/925/106 296/926/100 360/927/100 364/928/106 

vt -1 5.19085
vn 5.76561e-15 -0.787369 -0.616482
vt -1 4.81088
vn 7.09807e-15 -0.818436 -0.574597
vt -8.83356e-14 4.81088
vt -8.44939e-14 5.19085
f 301/929/107 300/930/108 361/931/108 413/932/107 

vt -1 5.2719
vn 3.0573e-15 -0.7189 -0.695113
vt -1 4.87887
vt -1.17207e-13 4.87887
vt -1.15213e-13 5.2719
f 302/933/109 301/934/107 413/935/107 412/936/109 

vt -1 5.01006
vn 1.68882e-15 -0.681685 -0.731645
vt -1 4.90475
vt -1.42214e-13 4.90475
vt -1.13627e-13 5.01006
f 303/937/110 302/938/109 412/939/109 411/940/110 

vt -1 5.29777
vn 3.15756e-16 -0.642617 -0.766188
vt -9.89632e-14 5.29777
f 304/941/111 303/937/110 411/940/110 410/942/111 

vt -1 5.26819
vn -2.42922e-15 -0.559347 -0.828933
vt -1 4.87516
vt -1.22138e-13 4.87516
vt -1.08241e-13 5.26819
f 305/943/112 304/944/111 410/945/111 409/946/112 

vt -1 5.18348
vn -5.14779e-15 -0.469998 -0.882668
vt -1 4.79045
vt -1.28761e-13 4.79045
vt -1.15446e-13 5.18348
f 306/947/113 305/948/112 409/949/112 408/950/113 

vt -1 5.04455
vn -7.81039e-15 -0.375539 -0.926807
vt -1 4.65152
vt -1.34089e-13 4.65152
vt -1.49492e-13 5.04455
f 307/951/114 306/952/113 408/953/113 407/954/114 

vt -1 4.85292
vn -9.08756e-15 -0.276564 -0.960996
vt -1 4.4599
vt -1.66808e-13 4.4599
vt -1.68046e-13 4.85292
f 308/955/115 307/956/114 407/957/114 406/958/115 

vt -1.65464e-13 4.21195
vt -1.65543e-13 4.24958
vn -9.03834e-15 -0.225651 -0.974208
vt -1.37865e-13 4.60496
vt -1 4.60496
vt -1 4.24958
vt -1 4.21195
f 406/959/115 405/960/116 404/961/116 310/962/116 309/963/116 308/964/115 

vt -1 4.36721
vn -1.54427e-14 -0.0596624 -0.998219
vt -1 3.88558
vn -1.41719e-14 -0.117754 -0.993043
vt -1.73825e-13 3.88558
vt -1.60423e-13 4.36721
f 311/965/117 310/966/118 404/967/118 403/968/117 

vt -1 4.02873
vn -1.78227e-14 0.0569307 -0.998378
vt -1 3.54709
vt -1.77769e-13 3.54709
vt -1.63569e-13 4.02873
f 312/969/119 311/970/117 403/971/117 402/972/119 

vt -1 3.63875
vn -1.99603e-14 0.17275 -0.984966
vt -1 3.15712
vt -1.8091e-13 3.15712
vt -1.65644e-13 3.63875
f 313/973/120 312/974/119 402/975/119 401/976/120 

vt -1 3.20258
vn -2.18266e-14 0.286221 -0.958164
vt -1 2.72095
vt -1.83327e-13 2.72095
vt -1.66735e-13 3.20258
f 314/977/121 313/978/120 401/979/120 400/980/121 

vt -1 2.72615
vn -2.33962e-14 0.395801 -0.918336
vt -1 2.24452
vt -1.85137e-13 2.24452
vt -1.81172e-13 2.72615
f 315/981/122 314/982/121 400/983/121 399/984/122 

vt -1 2.21594
vn -2.46478e-14 0.5 -0.866025
vt -1 1.7343
vt -2.00747e-13 1.7343
vt -1.94929e-13 2.21594
f 316/985/123 315/986/122 399/987/122 398/988/123 

vt -1 1.67887
vn -2.55643e-14 0.597402 -0.801942
vt -1 1.19724
vt -2.16264e-13 1.19724
vt -1.94084e-13 1.67887
f 317/989/124 316/990/123 398/991/123 397/992/124 

vt -1 1.12226
vn -2.61333e-14 0.686684 -0.726956
vt -1 0.640624
vt -2.18002e-13 0.640624
vt -2.07528e-13 1.12226
f 318/993/125 317/994/124 397/995/124 396/996/125 

vt -1 0.553659
vn -2.6347e-14 0.76663 -0.642089
vt -1 0.0720269
vt -2.35268e-13 0.0720269
vt -2.50251e-13 0.553659
f 319/997/126 318/998/125 396/999/125 395/1000/126 

vt -1 -0.0191903
vn -2.62025e-14 0.836155 -0.548492
vt -1 -0.500823
vt -2.83839e-13 -0.500823
vt -2.66774e-13 -0.0191903
f 320/1001/127 319/1002/126 395/1003/126 394/1004/127 

vt -1 -0.588505
vn -2.56387e-14 0.894314 -0.44744
vt -1 -1.07014
vt -3.09861e-13 -1.07014
vt -3.02316e-13 -0.588505
f 321/1005/128 320/1006/127 394/1007/127 393/1008/128 

vt -1 -1.14655
vn -2.51938e-14 0.918877 -0.394544
vt -1 -1.62818
vt -3.6081e-13 -1.62818
vt -3.3255e-13 -1.14655
f 322/1009/129 321/1010/128 393/1011/128 392/1012/129 

vt 1 4.98694
vn -1.99821e-14 0.996115 0.0880644
vt 1 5.19784
vt -9.87555e-13 5.19784
v 6.25 28.9127 -74.5878
vt -9.25677e-13 4.98694
f 323/1013/130 322/1014/130 392/1015/130 414/1016/130 

vt -4.33013 7.64938
vn -1 -3.71588e-14 6.4361e-14
f 414/1017/131 392/891/131 391/890/131

v 6.25 26.1962 -70.3827
vt -0.125 4.93287
v 6.25 26.4127 -70.2577
vt 0 5.14938
f 391/890/4 415/1018/4 416/1019/4 414/1017/4 

vt -5.51584e-14 2.57469
vn 6.7399e-15 -0.866025 -0.5
vt 3.21084e-15 7.57469
vt -1 7.57469
vt -1 2.57469
f 415/1020/132 391/1021/132 326/1022/132 325/1023/132 

vt 1 -1.6136
vn 2.56393e-14 -0.894314 0.44744
vt 1 -1.16112
vn 2.51949e-14 -0.918877 0.394544
vt 3.41341e-13 -1.16112
vt 3.53681e-13 -1.6136
f 327/1024/133 326/1025/134 391/1026/134 390/1027/133 

vt 1 -1.05556
vn 2.62025e-14 -0.836155 0.548492
vt 1 -0.603079
vt 2.96487e-13 -0.603079
vt 3.16925e-13 -1.05556
f 328/1028/135 327/1029/133 390/1030/133 389/1031/135 

vt 1 -0.486248
vn 2.6347e-14 -0.76663 0.642089
vt 1 -0.0337644
vt 2.74933e-13 -0.0337644
vt 2.76754e-13 -0.486248
f 329/1032/136 328/1033/135 389/1034/135 388/1035/136 

vt 1 0.0866011
vn 2.61333e-14 -0.686684 0.726956
vt 1 0.539085
vt 2.44098e-13 0.539085
vt 2.56723e-13 0.0866011
f 330/1036/137 329/1037/136 388/1038/136 387/1039/137 

vt 1 0.655198
vn 2.55643e-14 -0.597402 0.801942
vt 1 1.10768
vt 2.29805e-13 1.10768
vt 2.39645e-13 0.655198
f 331/1040/138 330/1041/137 387/1042/137 386/1043/138 

vt 1 1.21181
vn 2.46478e-14 -0.5 0.866025
vt 1 1.6643
vt 2.1647e-13 1.6643
vt 2.23957e-13 1.21181
f 332/1044/139 331/1045/138 386/1046/138 385/1047/139 

vt 1 1.74888
vn 2.33962e-14 -0.395801 0.918336
vt 1 2.20136
vt 2.0331e-13 2.20136
vt 2.08776e-13 1.74888
f 333/1048/140 332/1049/139 385/1050/139 384/1051/140 

vt 1 2.25909
vn 2.18266e-14 -0.286221 0.958164
vt 1 2.71158
vt 1.8985e-13 2.71158
vt 2.07786e-13 2.25909
f 334/1052/141 333/1053/140 384/1054/140 383/1055/141 

vt 1 2.73552
vn 1.99603e-14 -0.17275 0.984966
vt 1 3.18801
vt 1.90005e-13 3.18801
vt 1.92242e-13 2.73552
f 335/1056/142 334/1057/141 383/1058/141 382/1059/142 

vt 1 3.17169
vn 1.78227e-14 -0.0569307 0.998378
vt 1 3.62418
vt 1.75164e-13 3.62418
vt 1.90366e-13 3.17169
f 336/1060/143 335/1061/142 382/1062/142 381/1063/143 

vt 1 3.56167
vn 1.54427e-14 0.0596624 0.998219
vt 1 4.01415
vt 1.73621e-13 4.01415
vt 1.87822e-13 3.56167
f 337/1064/144 336/1065/143 381/1066/143 380/1067/144 

vt 1 3.90015
vn 1.41719e-14 0.117754 0.993043
vt 1 4.35264
vt 1.71073e-13 4.35264
vt 1.84523e-13 3.90015
f 338/1068/145 337/1069/144 380/1070/144 379/1071/145 

vt 1 4.25528
vn 1.16363e-14 0.226529 0.974004
vt 1 4.59763
vt 1.68357e-13 4.59763
vt 2.38485e-13 4.25528
f 339/1072/146 338/1073/146 379/1074/146 378/1075/146 

vt 1 4.2307
vn 1.03881e-14 0.276997 0.960871
vt 1.95786e-13 4.2307
f 340/1076/147 339/1072/146 378/1075/146 377/1077/147 

vt 1 4.47295
vn 7.81039e-15 0.375539 0.926807
vt 1 4.83987
vt 1.79938e-13 4.83987
vt 1.78782e-13 4.47295
f 341/1078/148 340/1079/147 377/1080/147 376/1081/148 

vt 1 4.66458
vn 5.14779e-15 0.469998 0.882668
vt 1 5.0315
vt 1.62041e-13 5.0315
vt 1.75139e-13 4.66458
f 342/1082/149 341/1083/148 376/1084/148 375/1085/149 

vt 1 4.8035
vn 2.42922e-15 0.559347 0.828933
vt 1 5.17043
vt 1.57101e-13 5.17043
vt 1.70474e-13 4.8035
f 343/1086/150 342/1087/149 375/1088/149 374/1089/150 

vt 1 4.88822
vn -3.15756e-16 0.642617 0.766188
vt 1 5.25514
vt 1.50598e-13 5.25514
vt 1.50306e-13 4.88822
f 344/1090/151 343/1091/150 374/1092/150 373/1093/151 

vt 1 5.01006
vn -1.68882e-15 0.681685 0.731645
vt 1 5.28472
vt 1.27828e-13 5.28472
vt 1.42471e-13 5.01006
f 345/1094/152 344/1095/151 373/1096/151 372/1097/152 

vt 1 4.9178
vn -3.0573e-15 0.7189 0.695113
vt 1.42616e-13 4.9178
f 346/1098/153 345/1094/152 372/1097/152 371/1099/153 

vt 1 4.89192
vn -5.76561e-15 0.787369 0.616482
vt 1 5.25885
vt 1.16384e-13 5.25885
vt 1.18245e-13 4.89192
f 347/1100/154 346/1101/153 371/1102/153 370/1103/154 

vt 1 4.81088
vn -8.41124e-15 0.847278 0.53115
vt 1 5.1778
vt 8.64004e-14 5.1778
vt 9.01101e-14 4.81088
f 348/1104/155 347/1105/154 370/1106/154 369/1107/155 

vt 1 4.67554
vn -1.09654e-14 0.897977 0.440043
vt 1 5.04246
vt 4.93854e-14 5.04246
vt 5.57824e-14 4.67554
f 349/1108/156 348/1109/155 369/1110/155 368/1111/156 

vt 1 4.48738
vn -1.34004e-14 0.938914 0.344153
vt 1 4.8543
vt -2.50917e-16 4.8543
vt 1.02344e-14 4.48738
f 350/1112/157 349/1113/156 368/1114/156 367/1115/157 

vt 1 4.24844
vn -2.66722e-14 0.969644 0.244521
vt 1 4.61536
vt -7.60184e-14 4.61536
vt -5.86917e-14 4.24844
f 351/1116/158 350/1117/157 367/1118/157 366/1119/158 

vt 1 3.96132
vn -3.8707e-14 0.981073 0.19364
vt 1 4.32825
vt -7.13411e-13 4.32825
vt -6.41454e-13 3.96132
f 352/1120/159 351/1121/158 366/1122/158 365/1123/159 

v 6.25 22.366 -73.7487
vt -2.3841e-13 -0.790506
vn -2.03643e-14 0.5 -0.866025
vt -1 -0.790506
vt -1 -1.79051
vt -2.50167e-13 -1.79051
f 417/1124/160 353/1125/160 352/1126/160 365/1127/160 

vt 4.83447e-13 3.57469
vn 9.16301e-14 -0.866025 -0.5
v 6.25 23.3665 -75.4816
vt 8.01015e-13 5.57565
vt -1 5.57565
vt -1 3.57469
f 417/1128/161 418/1129/161 354/1130/161 353/1131/161 

vn -1 -2.69481e-14 8.11508e-15
vt -4.08098 -5.87087e-27
vt -3.80243 0.0633785
v 6.25 22.4575 -73.4072
vt -3.14952 1.19425
v 6.25 23.7075 -75.5723
vt -5.31458 2.44425
v 6.25 22.625 -76.1973
vt -5.93958 1.36172
v 6.25 22.5005 -75.9816
vt -5.72391 1.2372
vt -5.22391 2.10323
vt -3.49103 1.10275
f 365/864/162 295/1132/162 294/1133/162 419/1134/162 420/1135/162 421/1136/162 422/1137/162 418/1138/162 417/1139/162 

vt 3.82075e-13 -0.540506
vn 5.81686e-14 -0.5 0.866025
vt 4.4014e-13 -1.84633
vt 1 -1.84633
vt 1 -0.540506
f 419/1140/163 294/1141/163 293/1142/163 359/1143/163 

vt 1 3.32469
vn -2.56866e-15 0.866025 0.5
vt 1 3.57469
vt 1 5.82469
vt 1.11902e-15 5.82469
vt 1.5435e-13 3.32469
f 359/1144/164 358/1145/164 357/1146/164 420/1147/164 419/1148/164 

vt -2.74468e-13 -0.540506
vn -4.0094e-14 0.5 -0.866025
vt -1 -0.540506
vt -6.30253e-13 -1.79051
f 420/1149/165 357/1150/165 356/1126/165 421/1151/165 

vt -1 5.82469
vn 1.93282e-13 -0.866025 -0.5
vt 1.85739e-12 5.57565
vt 1.94076e-12 5.82469
f 356/1152/166 355/1130/166 422/1153/166 421/1154/166 

vt 1 -0.790506
vn 1.31997e-14 -0.5 0.866025
vt 2.35941e-13 -0.790506
vt 4.42514e-13 -1.79051
vt 1 -1.79051
f 354/1155/167 418/1156/167 422/1157/167 355/1158/167 

vt 5.9389e-14 4.20949
vn 1.7636e-14 -0.5 0.866025
vt 1 4.20949
vt 1 4.45949
vt 5.68434e-14 4.45949
f 415/1159/168 325/1160/168 324/1161/168 416/1162/168 

vt -1.52586e-15 7.57469
vn -6.7399e-15 0.866025 0.5
vt 5.68434e-14 2.57469
vt 1 2.57469
vt 1 7.57469
f 414/1163/169 416/1164/169 324/1165/169 323/1166/169 

g Mesh10 G_12_Back_adjuster2 Group1 Model

usemtl _Color_M06_4
v 56.25 6.625 -65.25
vn -5.55112e-17 1 -0
v 56.25 6.625 -66.25
v 56.125 6.625 -66.25
v 56.125 6.625 -65.25
f 423/10/170 424/11/170 425/612/170 426/611/170 

v 56.25 5.625 -66.25
v 56.25 5.625 -65.25
f 427/620/2 424/619/2 423/615/2 428/616/2 

v 56.125 5.625 -66.25
f 424/614/5 427/613/5 429/618/5 425/617/5 

v 56.125 5.625 -65.25
f 429/612/6 430/611/6 428/10/6 427/11/6 

f 430/616/4 426/615/4 425/614/4 429/613/4 

f 428/620/1 423/619/1 426/622/1 430/621/1 

v 55.25 5.5 -65.25
v 56.25 5.5 -65.25
v 55.375 5.625 -65.25
v 55.25 5.625 -65.25
f 431/334/1 432/10/1 428/620/1 430/621/1 433/623/1 434/616/1 

v 55.25 5.5 -77.75
v 56.25 5.5 -77.75
f 435/684/3 436/688/3 432/37/3 431/334/3 

v 55.25 5.625 -77.75
v 55.375 5.625 -77.75
v 56.25 5.625 -77.75
f 435/334/5 437/616/5 438/691/5 439/613/5 436/37/5 

f 434/616/4 437/659/4 435/687/4 431/334/4 

v 55.25 6.625 -65.3222
v 55.25 6.625 -65.8222
v 55.25 5.75 -66.6972
v 55.25 5.75 -67
v 55.25 6.5 -67
v 55.25 6.625 -67.0722
v 55.25 6.625 -68.5722
v 55.25 5.75 -69.4472
v 55.25 5.75 -69.75
v 55.25 6.5 -69.75
v 55.25 6.625 -69.8222
v 55.25 6.625 -71.3222
v 55.25 5.75 -72.1972
v 55.25 5.75 -72.5
v 55.25 6.5 -72.5
v 55.25 6.625 -72.5722
v 55.25 6.625 -74.0722
v 55.25 5.75 -74.9472
v 55.25 5.75 -75.25
v 55.25 6.5 -75.25
v 55.25 6.625 -75.3222
v 55.25 6.625 -75.8222
v 55.25 5.75 -76.6972
v 55.25 5.75 -77.75
v 55.25 6.5 -65.25
f 440/683/4 441/682/4 442/681/4 443/680/4 444/679/4 445/678/4 446/677/4 447/676/4 448/675/4 449/674/4 450/673/4 451/672/4 452/671/4 453/670/4 454/669/4 455/668/4 456/667/4 457/666/4 458/665/4 459/664/4 460/663/4 461/662/4 462/661/4 463/660/4 437/659/4 434/616/4 464/624/4 

v 55.375 6.625 -65.3222
v 55.375 6.625 -65.8222
f 441/658/170 440/657/170 465/656/170 466/655/170 

vn -2.77556e-17 0.5 0.866025
v 55.375 6.5 -65.25
f 440/629/171 464/628/171 467/627/171 465/626/171 

f 434/616/1 433/623/1 467/625/1 464/624/1 

f 433/686/6 438/685/6 437/684/6 434/334/6 

v 55.375 5.75 -77.75
v 55.375 5.75 -76.6972
v 55.375 6.625 -75.8222
v 55.375 6.625 -75.3222
v 55.375 6.5 -75.25
v 55.375 5.75 -75.25
v 55.375 5.75 -74.9472
v 55.375 6.625 -74.0722
v 55.375 6.625 -72.5722
v 55.375 6.5 -72.5
v 55.375 5.75 -72.5
v 55.375 5.75 -72.1972
v 55.375 6.625 -71.3222
v 55.375 6.625 -69.8222
v 55.375 6.5 -69.75
v 55.375 5.75 -69.75
v 55.375 5.75 -69.4472
v 55.375 6.625 -68.5722
v 55.375 6.625 -67.0722
v 55.375 6.5 -67
v 55.375 5.75 -67
v 55.375 5.75 -66.6972
f 438/654/2 468/653/2 469/652/2 470/651/2 471/650/2 472/649/2 473/648/2 474/647/2 475/646/2 476/645/2 477/644/2 478/643/2 479/642/2 480/641/2 481/640/2 482/639/2 483/638/2 484/637/2 485/636/2 486/635/2 487/634/2 488/633/2 489/632/2 466/631/2 465/630/2 467/624/2 433/616/2 

f 437/616/5 463/693/5 468/692/5 438/691/5 

f 463/696/170 462/695/170 469/694/170 468/685/170 

vn -3.92523e-17 0.707107 -0.707107
f 462/700/172 461/699/172 470/698/172 469/697/172 

f 461/704/170 460/703/170 471/702/170 470/701/170 

f 460/708/171 459/707/171 472/706/171 471/705/171 

f 459/624/1 458/693/1 473/709/1 472/625/1 

f 458/713/170 457/712/170 474/711/170 473/710/170 

f 457/716/172 456/715/172 475/714/172 474/698/172 

f 456/720/170 455/719/170 476/718/170 475/717/170 

f 455/724/171 454/723/171 477/722/171 476/721/171 

f 454/624/1 453/693/1 478/709/1 477/625/1 

f 453/728/170 452/727/170 479/726/170 478/725/170 

f 452/732/172 451/731/172 480/730/172 479/729/172 

f 451/736/170 450/735/170 481/734/170 480/733/170 

f 450/740/171 449/739/171 482/738/171 481/737/171 

f 449/624/1 448/693/1 483/709/1 482/625/1 

f 448/744/170 447/743/170 484/742/170 483/741/170 

f 447/748/172 446/747/172 485/746/172 484/745/172 

f 446/752/170 445/751/170 486/750/170 485/749/170 

f 445/756/171 444/755/171 487/754/171 486/753/171 

f 444/624/1 443/693/1 488/709/1 487/625/1 

f 443/760/170 442/759/170 489/758/170 488/757/170 

f 442/764/172 441/763/172 466/762/172 489/761/172 

f 427/11/6 439/690/6 438/685/6 433/686/6 430/611/6 429/612/6 

f 432/334/2 436/689/2 439/654/2 427/620/2 428/616/2 

g Mesh11 G_11_Back_adjuster_1_1 Group1 Model

v 55.7487 6.37176 -72.0195
vt -53 0.14724
vn 0 0.597443 0.801911
v 55.7487 6.41856 -72.065
vt -53 0.212503
vn 0 0.784636 0.619957
v 2.75 6.41856 -72.065
vt -0.00129264 0.212503
v 2.75 6.37176 -72.0195
vt -0.00129264 0.14724
f 490/1167/173 491/1168/174 492/1169/174 493/1170/173 

v 55.7487 6.18625 -71.9726
vt 0.444458 0.0933104
vn 1 -3.0389e-14 2.26405e-14
v 55.7487 6.12346 -71.9904
vt 0.39766 0.0478219
v 55.7487 6.06741 -72.0238
vt 0.340683 0.0159956
v 55.7487 6.02192 -72.0706
vt 0.277411 1.24874e-12
v 55.7487 5.99009 -72.1276
vt 0.212154 0.000926438
v 55.7487 5.9741 -72.1908
vt 0.149361 0.0187105
v 55.7487 5.97502 -72.2561
vt 0.09331 0.0521408
v 55.7487 5.99281 -72.3189
vt 0.0478215 0.0989389
v 55.7487 6.02624 -72.3749
vt 0.0159952 0.155916
v 55.7487 6.07304 -72.4204
vt -1.62822e-13 0.219188
v 55.7487 6.13001 -72.4522
vt 0.00092603 0.284445
v 55.7487 6.19329 -72.4682
vt 0.0187101 0.347238
v 55.7487 6.25854 -72.4673
vt 0.0521404 0.403289
v 55.7487 6.32134 -72.4495
vt 0.0989385 0.448778
v 55.7487 6.37739 -72.4161
vt 0.155915 0.480604
v 55.7487 6.42287 -72.3693
vt 0.219188 0.496599
v 55.7487 6.4547 -72.3123
vt 0.284444 0.495673
v 55.7487 6.4707 -72.2491
vt 0.347238 0.477889
v 55.7487 6.46977 -72.1838
vt 0.403289 0.444459
v 55.7487 6.45199 -72.121
vt 0.448777 0.39766
vt 0.480603 0.340684
vt 0.496599 0.277411
v 55.7487 6.31478 -71.9876
vt 0.495673 0.212154
v 55.7487 6.25151 -71.9716
vt 0.477888 0.149361
f 494/1171/175 495/1172/175 496/1173/175 497/1174/175 498/1175/175 499/1176/175 500/1177/175 501/1178/175 502/1179/175 503/1180/175 504/1181/175 505/1182/175 506/1183/175 507/1184/175 508/1185/175 509/1186/175 510/1187/175 511/1188/175 512/1189/175 513/1190/175 491/1191/175 490/1192/175 514/1193/175 515/1194/175 

vt -53 0.318482
vn 0 -0.395754 0.918357
vt -53 0.383745
vn 0 -0.144581 0.989493
v 2.75 6.18625 -71.9726
vt -0.00129264 0.383745
v 2.75 6.12346 -71.9904
vt -0.00129264 0.318482
f 495/1195/176 494/1196/177 516/1197/177 517/1198/176 

vt -53 0.307807
vt -53 0.37307
vn 0 0.116445 0.993197
v 2.75 6.25151 -71.9716
vt -0.00129264 0.37307
vt -0.00129264 0.307807
f 494/1199/177 515/1200/178 518/1201/178 516/1202/177 

vt -53 0.273933
vt -53 0.339196
vn 0 0.369536 0.929216
v 2.75 6.31478 -71.9876
vt -0.00129264 0.339196
vt -0.00129264 0.273933
f 515/1203/178 514/1204/179 519/1205/179 518/1206/178 

vt -53 0.219166
vt -53 0.284429
vt -0.00129264 0.284429
vt -0.00129264 0.219166
f 514/1207/179 490/1208/173 493/1209/173 519/1210/179 

vt -0.496599 0.277411
vt -0.480603 0.340684
v 2.75 6.45199 -72.121
vt -0.448777 0.39766
v 2.75 6.46977 -72.1838
vt -0.403289 0.444459
v 2.75 6.4707 -72.2491
vt -0.347238 0.477889
v 2.75 6.4547 -72.3123
vt -0.284444 0.495673
v 2.75 6.42287 -72.3693
vt -0.219188 0.496599
v 2.75 6.37739 -72.4161
vt -0.155915 0.480604
v 2.75 6.32134 -72.4495
vt -0.0989385 0.448778
v 2.75 6.25854 -72.4673
vt -0.0521404 0.403289
v 2.75 6.19329 -72.4682
vt -0.0187101 0.347238
v 2.75 6.13001 -72.4522
vt -0.00092603 0.284445
v 2.75 6.07304 -72.4204
vt 2.84217e-14 0.219188
v 2.75 6.02624 -72.3749
vt -0.0159952 0.155916
v 2.75 5.99281 -72.3189
vt -0.0478215 0.0989389
v 2.75 5.97502 -72.2561
vt -0.09331 0.0521408
v 2.75 5.9741 -72.1908
vt -0.149361 0.0187105
v 2.75 5.99009 -72.1276
vt -0.212154 0.000926438
v 2.75 6.02192 -72.0706
vt -0.277411 4.0788e-07
v 2.75 6.06741 -72.0238
vt -0.340683 0.0159956
vt -0.39766 0.0478219
vt -0.444458 0.0933104
vt -0.477888 0.149361
vt -0.495673 0.212154
f 493/1211/4 492/1212/4 520/1213/4 521/1214/4 522/1215/4 523/1216/4 524/1217/4 525/1218/4 526/1219/4 527/1220/4 528/1221/4 529/1222/4 530/1223/4 531/1224/4 532/1225/4 533/1226/4 534/1227/4 535/1228/4 536/1229/4 537/1230/4 517/1231/4 516/1232/4 518/1233/4 519/1234/4 

vt -53 0.0630562
vt -53 0.128319
vn 0 0.918357 0.395754
vt -0.00129264 0.128319
vt -0.00129264 0.0630562
f 491/1235/174 513/1236/180 520/1237/180 492/1238/174 

vt -53 -0.0276487
vt -53 0.0376143
vn 0 0.989493 0.144581
vt -0.00129264 0.0376143
vt -0.00129264 -0.0276487
f 513/1239/180 512/1240/181 521/1241/181 520/1242/180 

vt -53 -0.118693
vt -53 -0.0534302
vn 0 0.993197 -0.116445
vt -0.00129264 -0.0534302
vt -0.00129264 -0.118693
f 512/1243/181 511/1244/182 522/1245/182 521/1246/181 

vt -53 -0.203873
vt -53 -0.13861
vn 0 0.929216 -0.369536
vt -0.00129264 -0.13861
vt -0.00129264 -0.203873
f 511/1247/182 510/1248/183 523/1249/183 522/1250/182 

vt -53 -0.277383
vt -53 -0.21212
vn 0 0.801911 -0.597443
vt -0.00129264 -0.21212
vt -0.00129264 -0.277383
f 510/1251/183 509/1252/184 524/1253/184 523/1254/183 

vt 53 0.334213
vt 53 0.26895
vn 0 0.619957 -0.784636
vt 0.00129264 0.26895
vt 0.00129264 0.334213
f 509/1255/184 508/1256/185 525/1257/185 524/1258/184 

vt 53 0.370491
vt 53 0.305228
vn 0 0.395754 -0.918357
vt 0.00129264 0.305228
vt 0.00129264 0.370491
f 508/1259/185 507/1260/186 526/1261/186 525/1262/185 

vt 53 0.383745
vt 53 0.318482
vn 0 0.144581 -0.989493
vt 0.00129264 0.318482
vt 0.00129264 0.383745
f 507/1263/186 506/1264/187 527/1265/187 526/1266/186 

vt 53 0.37307
vt 53 0.307807
vn 0 -0.116445 -0.993197
vt 0.00129264 0.307807
vt 0.00129264 0.37307
f 506/1267/187 505/1268/188 528/1269/188 527/1270/187 

vt 53 0.339196
vt 53 0.273933
vn 0 -0.369536 -0.929216
vt 0.00129264 0.273933
vt 0.00129264 0.339196
f 505/1271/188 504/1272/189 529/1273/189 528/1274/188 

vt 53 0.284429
vt 53 0.219166
vn 0 -0.597443 -0.801911
vt 0.00129264 0.219166
vt 0.00129264 0.284429
f 504/1275/189 503/1276/190 530/1277/190 529/1278/189 

vt 53 0.212503
vt 53 0.14724
vn 0 -0.784636 -0.619957
vt 0.00129264 0.14724
vt 0.00129264 0.212503
f 503/1279/190 502/1280/191 531/1281/191 530/1282/190 

vt 53 0.128319
vt 53 0.0630562
vn 0 -0.918357 -0.395754
vt 0.00129264 0.0630562
vt 0.00129264 0.128319
f 502/1283/191 501/1284/192 532/1285/192 531/1286/191 

vt 53 0.0376143
vt 53 -0.0276487
vn 0 -0.989493 -0.144581
vt 0.00129264 -0.0276487
vt 0.00129264 0.0376143
f 501/1287/192 500/1288/193 533/1289/193 532/1290/192 

vt 53 -0.0534302
vt 53 -0.118693
vn 0 -0.993197 0.116445
vt 0.00129264 -0.118693
vt 0.00129264 -0.0534302
f 500/1291/193 499/1292/194 534/1293/194 533/1294/193 

vt 53 -0.13861
vt 53 -0.203873
vn -3.16847e-06 -0.928741 0.37073
vt 0.00129264 -0.203873
vt 0.00129264 -0.13861
f 499/1295/194 498/1296/195 535/1297/195 534/1298/194 

vt 52.9999 -0.240783
vt 52.9998 -0.306046
vn -6.23933e-06 -0.801888 0.597474
v 32.7487 6.02192 -72.0706
vt 29.9998 -0.293611
v 5.74871 6.02192 -72.0706
vt 2.99985 -0.279014
v 5.68345 6.02272 -72.071
vt 2.93459 -0.278968
vt 0.00114265 -0.277393
vt 0.00117793 -0.21213
f 498/1299/195 497/1300/196 538/1301/196 539/1302/196 540/1303/196 536/1304/196 535/1305/195 

vt -2.93475 0.269272
vt -3.00001 0.269046
vt -30 0.268388
vt -53 0.267827
vt -53 0.33309
vn -3.07396e-06 -0.620935 0.783862
vt -0.00130119 0.334382
vt -0.00129961 0.269119
f 540/1306/196 539/1307/196 538/1308/196 497/1309/196 496/1310/197 537/1311/197 536/1312/196 

vt -53 0.305228
vt -53 0.370491
vt -0.00129264 0.370491
vt -0.00129264 0.305228
f 496/1313/197 495/1314/176 517/1315/176 537/1316/197 

g Mesh12 G_05_Bottom_1_1 Group1 Model

v 36.25 7.5 -32
vt -34 -7.67874e-16
vn 3.95074e-32 7.56184e-16 -1
v 2.25 7.5 -32
vt 4.01182e-32 1.00848e-15
v 2.25 7.5625 -32
vt 4.01182e-32 0.0625
v 36.25 7.5625 -32
vt -34 0.0625
f 541/1317/198 542/1318/198 543/1319/198 544/1320/198 

v 56.25 7.5 -30.9845
vt -54 5.44097e-31
vn -2.97724e-17 -1 -7.56184e-16
v 2.25 7.5 -30.9845
vt 5.28864e-32 1.01546
vt -34 1.01546
v 36.25 7.5 -31.9845
vt -34 1
v 56.25 7.5 -31.9845
vt -54 1
f 545/1321/199 546/334/199 542/1322/199 541/1323/199 547/1324/199 548/1325/199 

vn 0 -7.56184e-16 1
vt 54 -8.88178e-16
v 56.25 7.5625 -30.9845
vt 54 0.0625
v 2.25 7.5625 -30.9845
vt 0 0.0625
f 546/334/200 545/1326/200 549/1327/200 550/1328/200 

vt 0 7.1953e-16
vn 1 -2.97724e-17 -0
vt 1 7.1953e-16
v 56.25 7.5625 -31.9845
vt 1 0.0625
f 545/1329/201 548/1330/201 551/1331/201 549/1328/201 

vt -34 0
v 36.25 7.5625 -31.9845
vt -54 0.0625
vt -54 -8.88178e-16
f 547/1332/5 552/1320/5 551/1333/5 548/1334/5 

vt 1 1.01226e-15
vt 1.01546 1.01226e-15
vt 1.01546 0.0625
f 547/1335/201 541/1336/201 544/1337/201 552/1331/201 

vt -1.86077e-18 4.72615e-17
vn 2.97724e-17 1 7.56184e-16
vt 54 4.72615e-17
vt 54 1
vt 34 1
vt 34 1.01546
vt -1.86077e-18 1.01546
f 550/1338/202 549/1339/202 551/1340/202 552/1341/202 544/1342/202 543/1343/202 

vt -1.01546 1.77636e-15
vn -1 2.97724e-17 5.20812e-32
vt -1.01546 0.0625
f 542/1344/203 546/334/203 550/1328/203 543/1345/203 

g Mesh13 G_09_Back_adjuster2 Group1 Model

v 3.25 13.9522 -61.1399
v 3.25 13.8963 -61.0596
v 4.25 13.8963 -61.0596
v 4.25 13.9522 -61.1399
f 553/41/7 554/42/8 555/43/8 556/44/7 

v 3.25 13.8501 -61.1017
f 557/45/9 554/46/9 553/47/9

v 3.25 13.7877 -61.0491
f 558/48/9 554/46/9 557/45/9

v 3.25 13.7139 -61.0144
f 559/49/9 554/46/9 558/48/9

v 3.25 13.8215 -60.9964
f 559/49/9 560/50/9 554/46/9

v 3.25 13.6336 -61
f 560/50/9 559/49/9 561/51/9

v 4.25 13.7139 -61.0144
v 4.25 13.6336 -61
f 561/52/10 559/53/11 562/54/11 563/55/10 

v 4.25 13.7877 -61.0491
f 559/56/11 558/57/12 564/58/12 562/59/11 

v 4.25 13.8501 -61.1017
f 558/60/12 557/61/13 565/62/13 564/63/12 

v 3.25 13.8967 -61.1686
v 4.25 13.8967 -61.1686
f 557/64/13 566/65/14 567/66/14 565/67/13 

f 557/45/9 553/47/9 566/68/9

v 3.25 13.9854 -61.232
f 566/68/9 553/47/9 568/69/9

v 4.25 13.9854 -61.232
f 568/70/15 553/71/7 556/72/7 569/73/15 

f 556/74/16 567/75/16 569/76/16

f 556/74/16 565/77/16 567/75/16

f 555/78/16 565/77/16 556/74/16

f 555/78/16 564/79/16 565/77/16

f 555/78/16 562/80/16 564/79/16

v 4.25 13.8215 -60.9964
f 570/81/16 562/80/16 555/78/16

f 562/80/16 570/81/16 563/82/16

v 4.25 13.4469 -60.979
f 570/81/16 571/83/16 563/82/16

v 4.25 13.7329 -60.9548
f 572/84/16 571/83/16 570/81/16

v 4.25 13.539 -60.9458
f 572/84/16 573/85/16 571/83/16

v 4.25 13.6365 -60.9376
f 573/85/16 572/84/16 574/86/16

v 3.25 13.7329 -60.9548
v 3.25 13.6365 -60.9376
f 575/87/17 576/88/18 574/89/18 572/90/17 

v 3.25 13.539 -60.9458
f 575/91/9 577/92/9 576/93/9

v 3.25 13.4469 -60.979
f 577/92/9 575/91/9 578/94/9

f 578/94/9 575/91/9 560/50/9

f 560/95/19 575/96/17 572/97/17 570/98/19 

f 554/99/8 560/100/19 570/101/19 555/102/8 

f 578/94/9 560/50/9 561/51/9

v 3.25 13.5523 -61.0069
f 578/94/9 561/51/9 579/103/9

v 4.25 13.5523 -61.0069
f 579/104/20 561/105/10 563/106/10 580/107/20 

f 563/82/16 571/83/16 580/108/16

v 4.25 13.3665 -61.035
f 580/108/16 571/83/16 581/109/16

v 3.25 13.3665 -61.035
f 578/110/21 582/111/22 581/112/22 571/113/21 

f 578/94/9 579/103/9 582/114/9

v 3.25 13.4756 -61.0346
f 582/114/9 579/103/9 583/115/9

v 4.25 13.4756 -61.0346
f 583/116/23 579/117/20 580/118/20 584/119/23 

f 580/108/16 581/109/16 584/120/16

v 4.25 13.4086 -61.0812
f 584/120/16 581/109/16 585/121/16

v 4.25 13.3034 -61.1098
f 585/121/16 581/109/16 586/122/16

v 3.25 13.3034 -61.1098
f 582/123/22 587/124/24 586/125/24 581/126/22 

v 3.25 13.4086 -61.0812
f 582/114/9 588/127/9 587/128/9

f 582/114/9 583/115/9 588/127/9

f 588/129/25 583/130/23 584/131/23 585/132/25 

v 3.25 13.356 -61.1435
v 4.25 13.356 -61.1435
f 589/133/26 588/134/25 585/135/25 590/136/26 

f 587/128/9 588/127/9 589/137/9

v 3.25 13.2618 -61.1984
f 587/128/9 589/137/9 591/138/9

v 3.25 13.3213 -61.2173
f 591/138/9 589/137/9 592/139/9

v 4.25 13.3213 -61.2173
f 592/140/27 589/141/26 590/142/26 593/143/27 

v 4.25 13.2618 -61.1984
f 590/144/16 594/145/16 593/146/16

f 590/144/16 586/122/16 594/145/16

f 585/121/16 586/122/16 590/144/16

f 587/147/24 591/148/28 594/149/28 586/150/24 

v 3.25 13.2445 -61.2947
v 4.25 13.2445 -61.2947
f 591/151/28 595/152/29 596/153/29 594/154/28 

f 591/138/9 592/139/9 595/155/9

v 3.25 13.3069 -61.2976
f 595/155/9 592/139/9 597/156/9

v 4.25 13.3069 -61.2976
f 597/157/30 592/158/27 593/159/27 598/160/30 

f 593/146/16 596/161/16 598/162/16

f 593/146/16 594/145/16 596/161/16

v 4.25 13.2528 -61.3923
f 598/162/16 596/161/16 599/163/16

v 3.25 13.2528 -61.3923
f 595/164/29 600/165/31 599/166/31 596/167/29 

f 595/155/9 597/156/9 600/168/9

v 3.25 13.3138 -61.3789
f 600/168/9 597/156/9 601/169/9

v 4.25 13.3138 -61.3789
f 601/170/15 597/171/30 598/172/30 602/173/15 

f 598/162/16 599/163/16 602/174/16

v 4.25 13.3415 -61.4557
f 602/174/16 599/163/16 603/175/16

v 4.25 13.286 -61.4844
f 603/175/16 599/163/16 604/176/16

v 3.25 13.286 -61.4844
f 600/177/31 605/178/14 604/179/14 599/180/31 

v 3.25 13.3415 -61.4557
f 600/168/9 606/181/9 605/182/9

f 600/168/9 601/169/9 606/181/9

f 606/183/7 601/184/15 602/185/15 603/186/7 

v 3.25 13.3881 -61.5226
v 4.25 13.3881 -61.5226
f 607/187/8 606/188/7 603/189/7 608/190/8 

f 605/182/9 606/181/9 607/191/9

v 3.25 13.3419 -61.5647
f 605/182/9 607/191/9 609/192/9

v 3.25 13.4505 -61.5752
f 609/192/9 607/191/9 610/193/9

v 4.25 13.4505 -61.5752
f 610/194/19 607/195/8 608/196/8 611/197/19 

v 4.25 13.3419 -61.5647
f 608/198/16 612/199/16 611/200/16

f 608/198/16 604/176/16 612/199/16

f 603/175/16 604/176/16 608/198/16

f 605/201/14 609/202/13 612/203/13 604/204/14 

v 3.25 13.4167 -61.6279
v 4.25 13.4167 -61.6279
f 609/205/13 613/206/12 614/207/12 612/208/13 

f 609/192/9 610/193/9 613/209/9

v 3.25 13.5243 -61.6099
f 613/209/9 610/193/9 615/210/9

v 4.25 13.5243 -61.6099
f 615/211/17 610/212/19 611/213/19 616/214/17 

f 611/200/16 614/215/16 616/216/16

f 611/200/16 612/199/16 614/215/16

v 4.25 13.6046 -61.6243
f 616/216/16 614/215/16 617/217/16

v 4.25 13.7913 -61.6453
f 618/218/16 617/217/16 614/215/16

v 4.25 13.6859 -61.6174
f 618/218/16 619/219/16 617/217/16

v 4.25 13.7626 -61.5897
f 618/218/16 620/220/16 619/219/16

v 4.25 13.8717 -61.5893
f 621/221/16 620/220/16 618/218/16

v 4.25 13.8296 -61.5431
f 621/221/16 622/222/16 620/220/16

v 4.25 13.9348 -61.5145
f 623/223/16 622/222/16 621/221/16

v 4.25 13.8822 -61.4808
f 623/223/16 624/224/16 622/222/16

v 4.25 13.9764 -61.4259
f 625/225/16 624/224/16 623/223/16

v 4.25 13.9169 -61.407
f 625/225/16 626/226/16 624/224/16

v 4.25 13.9937 -61.3296
f 627/227/16 626/226/16 625/225/16

v 4.25 13.9313 -61.3267
f 627/227/16 628/228/16 626/226/16

v 4.25 13.9244 -61.2454
f 627/227/16 629/229/16 628/228/16

f 569/76/16 629/229/16 627/227/16

f 569/76/16 567/75/16 629/229/16

v 3.25 13.9244 -61.2454
f 566/230/14 630/231/31 629/232/31 567/233/14 

f 566/68/9 568/69/9 630/234/9

v 3.25 13.9937 -61.3296
f 630/234/9 568/69/9 631/235/9

f 631/236/30 568/237/15 569/238/15 627/239/30 

v 3.25 13.9764 -61.4259
f 632/240/27 631/241/30 627/242/30 625/243/27 

v 3.25 13.9169 -61.407
f 633/244/9 631/235/9 632/245/9

v 3.25 13.9313 -61.3267
f 634/246/9 631/235/9 633/244/9

f 630/234/9 631/235/9 634/246/9

f 630/247/31 634/248/29 628/249/29 629/250/31 

f 634/251/29 633/252/28 626/253/28 628/254/29 

v 3.25 13.8822 -61.4808
f 633/255/28 635/256/24 624/257/24 626/258/28 

f 633/244/9 632/245/9 635/259/9

v 3.25 13.9348 -61.5145
f 635/259/9 632/245/9 636/260/9

f 636/261/26 632/262/27 625/263/27 623/264/26 

v 3.25 13.8717 -61.5893
f 637/265/25 636/266/26 623/267/26 621/268/25 

v 3.25 13.8296 -61.5431
f 638/269/9 636/260/9 637/270/9

f 635/259/9 636/260/9 638/269/9

f 635/271/24 638/272/22 622/273/22 624/274/24 

v 3.25 13.7626 -61.5897
f 638/275/22 639/276/21 620/277/21 622/278/22 

f 638/269/9 637/270/9 639/279/9

v 3.25 13.7913 -61.6453
f 639/279/9 637/270/9 640/280/9

f 640/281/23 637/282/25 621/283/25 618/284/23 

v 3.25 13.6992 -61.6785
v 4.25 13.6992 -61.6785
f 641/285/20 640/286/23 618/287/23 642/288/20 

v 3.25 13.5053 -61.6695
f 643/289/9 640/280/9 641/290/9

f 613/209/9 640/280/9 643/289/9

v 3.25 13.6046 -61.6243
f 644/291/9 640/280/9 613/209/9

v 3.25 13.6859 -61.6174
f 645/292/9 640/280/9 644/291/9

f 639/279/9 640/280/9 645/292/9

f 639/293/21 645/294/32 619/295/32 620/296/21 

f 645/297/32 644/298/18 617/299/18 619/300/32 

f 644/301/18 615/302/17 616/303/17 617/304/18 

f 613/209/9 615/210/9 644/291/9

v 4.25 13.5053 -61.6695
f 613/305/12 643/306/11 646/307/11 614/308/12 

v 3.25 13.6017 -61.6867
v 4.25 13.6017 -61.6867
f 643/309/11 647/310/10 648/311/10 646/312/11 

f 643/289/9 641/290/9 647/313/9

f 647/314/10 641/315/20 642/316/20 648/317/10 

f 642/318/16 646/319/16 648/320/16

f 618/218/16 646/319/16 642/318/16

f 618/218/16 614/215/16 646/319/16

f 577/321/32 578/322/21 571/323/21 573/324/32 

f 576/325/18 577/326/32 573/327/32 574/328/18 

g Mesh14 G_05_Bottom_1_2 Group1 Model

v 36.25 7.5 -20
v 2.25 7.5 -20
v 2.25 7.5625 -20
v 36.25 7.5625 -20
f 649/1317/198 650/1318/198 651/1319/198 652/1320/198 

v 56.25 7.5 -18.9845
v 2.25 7.5 -18.9845
v 36.25 7.5 -19.9845
v 56.25 7.5 -19.9845
f 653/1321/199 654/334/199 650/1322/199 649/1323/199 655/1324/199 656/1325/199 

v 56.25 7.5625 -18.9845
v 2.25 7.5625 -18.9845
f 654/334/200 653/1326/200 657/1327/200 658/1328/200 

v 56.25 7.5625 -19.9845
f 653/1329/201 656/1330/201 659/1331/201 657/1328/201 

v 36.25 7.5625 -19.9845
f 655/1332/5 660/1320/5 659/1333/5 656/1334/5 

f 655/1335/201 649/1336/201 652/1337/201 660/1331/201 

f 658/1338/202 657/1339/202 659/1340/202 660/1341/202 652/1342/202 651/1343/202 

f 650/1344/203 654/334/203 658/1328/203 651/1345/203 

g Mesh15 G_16_Seat_cushion_Strap___3 Group1 Model

usemtl Color_M00
v 2.5 3.25 -6
v 2.25 3.5 -6
v 0 3.25 -6
f 661/1/1 662/2/1 663/3/1

v 2.5 7.75 -6
f 662/2/1 661/1/1 664/4/1

v 2.5 3.25 -7
v 2.5 7.75 -7
f 664/5/2 661/6/2 665/7/2 666/8/2 

v 0 3.25 -7
f 661/9/3 663/10/3 667/11/3 665/12/3 

v 0 7.75 -6
v 0 7.75 -7
f 663/6/4 668/5/4 669/13/4 667/3/4 

v 0.25 3.5 -6
f 663/3/1 670/14/1 668/13/1

f 670/14/1 663/3/1 662/2/1

v 0.25 3.5 -7
v 2.25 3.5 -7
f 671/15/3 672/16/3 662/17/3 670/18/3 

f 672/19/5 665/20/5 671/21/5

f 665/20/5 672/19/5 666/22/5

v 2.25 7.5 -7
f 666/22/5 672/19/5 673/23/5

v 2.25 7.5 -6
f 672/24/2 673/25/2 674/26/2 662/27/2 

v 0.25 7.5 -7
v 0.25 7.5 -6
f 673/28/6 675/29/6 676/30/6 674/31/6 

f 675/32/5 669/8/5 673/23/5

f 671/21/5 669/8/5 675/32/5

f 671/21/5 667/7/5 669/8/5

f 667/7/5 671/21/5 665/20/5

f 675/33/4 671/34/4 670/27/4 676/26/4 

f 668/13/1 670/14/1 676/35/1

f 668/13/1 676/35/1 664/4/1

f 674/36/1 664/4/1 676/35/1

f 662/2/1 664/4/1 674/36/1

f 668/37/6 664/38/6 666/39/6 669/40/6 

f 666/22/5 673/23/5 669/8/5

g Mesh16 G_10_Back_adjuster_1_2 Group1 Model

usemtl _Color_M06_4
v 5.8471 13.7656 -60.9302
vn -3.30571e-16 0.454193 0.890903
v 5.84617 13.8194 -60.9672
vn -4.8072e-16 0.669299 0.742993
v 3.12791 13.8194 -60.9672
v 3.12791 13.7656 -60.9302
f 677/347/204 678/348/205 679/349/205 680/350/204 

v 5.8471 6.26085 -72.1831
vn 0.993197 -0.0968771 0.064609
v 5.84617 6.31514 -72.2193
vn 0.989493 0.120285 -0.0802199
f 681/351/206 682/352/207 678/353/207 677/354/206 

vn 4.00943e-16 -0.554844 -0.831954
v 5.83111 6.20821 -72.148
v 5.79928 6.16081 -72.1164
v 5.75379 6.12188 -72.0904
v 5.69774 6.09406 -72.0719
v 5.63495 6.07927 -72.062
v 5.56969 6.0785 -72.0615
v 5.50642 6.0918 -72.0704
v 5.44944 6.11828 -72.088
v 5.40264 6.15613 -72.1133
v 5.36921 6.20276 -72.1444
v 5.35143 6.255 -72.1792
v 5.3505 6.30929 -72.2154
v 5.3665 6.36193 -72.2505
v 5.39832 6.40933 -72.2821
v 5.44381 6.44827 -72.3081
v 5.49986 6.47608 -72.3267
v 5.56266 6.49087 -72.3365
v 5.62791 6.49164 -72.337
v 5.69118 6.47834 -72.3282
v 5.74816 6.45186 -72.3105
v 5.79496 6.41401 -72.2853
v 5.82839 6.36738 -72.2542
f 681/355/208 683/356/208 684/357/208 685/358/208 686/359/208 687/360/208 688/361/208 689/362/208 690/363/208 691/364/208 692/365/208 693/366/208 694/367/208 695/368/208 696/369/208 697/370/208 698/371/208 699/372/208 700/373/208 701/374/208 702/375/208 703/376/208 704/377/208 682/378/208 

vn 0.929216 -0.307437 0.205035
v 5.83111 13.7041 -60.9085
f 683/379/209 681/380/206 677/381/206 705/382/209 

vn -1.57894e-16 0.208134 0.9781
v 3.12791 13.7041 -60.9085
f 705/383/210 677/384/204 680/385/204 706/386/210 

v 3.12791 13.8898 -61.0758
vn -1 -7.05758e-16 -1.12479e-17
v 3.12791 13.9017 -61.1399
v 3.12791 13.8966 -61.205
v 3.12791 13.8748 -61.2665
v 3.12791 13.8378 -61.3203
v 3.12791 13.7881 -61.3627
v 3.12791 13.7292 -61.3908
v 3.12791 13.6651 -61.4026
v 3.12791 13.6 -61.3975
v 3.12791 13.5385 -61.3757
v 3.12791 13.4847 -61.3387
v 3.12791 13.4423 -61.2891
v 3.12791 13.4143 -61.2302
v 3.12791 13.4024 -61.166
v 3.12791 13.4075 -61.1009
v 3.12791 13.4293 -61.0394
v 3.12791 13.4663 -60.9857
v 3.12791 13.5159 -60.9433
v 3.12791 13.5748 -60.9152
v 3.12791 13.639 -60.9033
v 3.12791 13.8617 -61.0169
f 707/387/211 708/388/211 709/389/211 710/390/211 711/391/211 712/392/211 713/393/211 714/394/211 715/395/211 716/396/211 717/397/211 718/398/211 719/399/211 720/400/211 721/401/211 722/402/211 723/403/211 724/404/211 725/405/211 726/406/211 706/407/211 680/408/211 679/409/211 727/410/211 

v 5.79496 13.8898 -61.0758
vn -6.74738e-16 0.951127 0.308801
v 5.74816 13.9017 -61.1399
vn -7.05385e-16 0.998641 0.0521092
f 728/411/212 729/412/213 708/413/213 707/414/212 

vn 0.784636 0.515776 -0.34398
vn 0.597443 0.667153 -0.444936
f 703/415/214 702/416/215 729/417/215 728/418/214 

vn 0.369536 0.773065 -0.515571
v 5.69118 13.8966 -61.205
f 702/419/215 701/420/216 730/421/216 729/422/215 

vn 0.245087 0.80658 -0.537922
v 5.62791 13.8748 -61.2665
f 701/423/216 700/424/217 731/425/217 730/426/216 

vn -0.0141892 0.83187 -0.554789
vn -0.144581 0.823213 -0.549015
v 5.56266 13.8378 -61.3203
f 700/427/218 699/428/219 732/429/219 731/430/218 

vn -0.395754 0.764031 -0.509545
v 5.49986 13.7881 -61.3627
f 699/431/219 698/432/220 733/433/220 732/434/219 

vn -0.619957 0.652781 -0.435351
v 5.44381 13.7292 -61.3908
f 698/435/220 697/436/221 734/437/221 733/438/220 

vn -0.801911 0.497045 -0.331488
v 5.39832 13.6651 -61.4026
f 697/439/221 696/440/222 735/441/222 734/442/221 

vn -0.929216 0.307437 -0.205035
v 5.3665 13.6 -61.3975
f 696/443/222 695/444/223 736/445/223 735/446/222 

vn -0.993197 0.0968771 -0.064609
v 5.3505 13.5385 -61.3757
f 695/447/223 694/448/224 737/449/224 736/450/223 

vn -0.989493 -0.120285 0.0802199
v 5.35143 13.4847 -61.3387
f 694/451/224 693/452/225 738/453/225 737/454/224 

vn -0.918357 -0.329249 0.219582
v 5.36921 13.4423 -61.2891
f 693/455/225 692/456/226 739/457/226 738/458/225 

vn -0.784636 -0.515776 0.34398
v 5.40264 13.4143 -61.2302
f 692/459/226 691/460/227 740/461/227 739/462/226 

vn -0.597443 -0.667153 0.444936
v 5.44944 13.4024 -61.166
f 691/463/227 690/464/228 741/465/228 740/466/227 

vn -0.369536 -0.773065 0.515571
v 5.50642 13.4075 -61.1009
f 690/467/228 689/468/229 742/469/229 741/470/228 

vn -0.116445 -0.826294 0.55107
v 5.56969 13.4293 -61.0394
f 689/471/229 688/472/230 743/473/230 742/474/229 

vn 0.144581 -0.823213 0.549015
v 5.63495 13.4663 -60.9857
f 688/475/230 687/476/231 744/477/231 743/478/230 

vn 0.395754 -0.764031 0.509545
v 5.69774 13.5159 -60.9433
f 687/479/231 686/480/232 745/481/232 744/482/231 

vn 0.619957 -0.652781 0.435351
v 5.75379 13.5748 -60.9152
f 686/483/232 685/484/233 746/485/233 745/486/232 

vn 0.801911 -0.497045 0.331488
v 5.79928 13.639 -60.9033
f 685/487/233 684/488/234 747/489/234 746/490/233 

f 684/491/234 683/492/209 705/493/209 747/494/234 

vn 2.55438e-17 -0.0521092 0.998641
f 747/495/235 705/496/210 706/497/210 726/498/235 

vn 2.0724e-16 -0.308801 0.951127
f 746/499/236 747/500/235 726/501/235 725/502/236 

vn 3.74814e-16 -0.544449 0.838794
f 745/503/237 746/504/236 725/505/236 724/506/237 

vn 5.16845e-16 -0.742993 0.669299
f 744/507/238 745/508/237 724/509/237 723/510/238 

vn 6.23653e-16 -0.890903 0.454193
f 743/511/239 744/512/238 723/513/238 722/514/239 

vn 6.87961e-16 -0.9781 0.208134
f 742/515/240 743/516/239 722/517/239 721/518/240 

vn 7.05385e-16 -0.998641 -0.0521092
f 741/519/241 742/520/240 721/521/240 720/522/241 

vn 6.74738e-16 -0.951127 -0.308801
f 740/523/242 741/524/241 720/525/241 719/526/242 

vn 5.98109e-16 -0.838794 -0.544449
f 739/527/243 740/528/242 719/529/242 718/530/243 

vn 4.8072e-16 -0.669299 -0.742993
f 738/531/244 739/532/243 718/533/243 717/534/244 

vn 3.30571e-16 -0.454193 -0.890903
f 737/535/245 738/536/244 717/537/244 716/538/245 

vn 1.57894e-16 -0.208134 -0.9781
f 736/539/246 737/540/245 716/541/245 715/542/246 

vn -2.55438e-17 0.0521092 -0.998641
f 735/543/247 736/544/246 715/545/246 714/546/247 

vn -2.0724e-16 0.308801 -0.951127
f 734/547/248 735/548/247 714/549/247 713/550/248 

vn -3.74814e-16 0.544449 -0.838794
f 733/551/249 734/552/248 713/553/248 712/554/249 

vn -5.16849e-16 0.742993 -0.669299
f 732/555/250 733/556/249 712/557/249 711/558/250 

vn -5.75179e-16 0.823998 -0.566593
f 731/559/251 732/560/250 711/561/250 710/562/251 

vn -6.88036e-16 0.9781 -0.208134
vn -6.61615e-16 0.942566 -0.334021
f 730/563/252 731/564/253 710/565/253 709/566/252 

f 729/567/213 730/568/252 709/569/252 708/570/213 

vn 0.918357 0.329249 -0.219582
v 5.82839 13.8617 -61.0169
f 704/571/254 703/572/214 728/573/214 748/574/254 

vn -5.98109e-16 0.838794 0.544449
f 748/575/255 728/576/212 707/577/212 727/578/255 

f 678/579/205 748/580/255 727/581/255 679/582/205 

f 682/583/207 704/584/254 748/585/254 678/586/207 

g Mesh17 G_02_Bottom1 Group1 Model

vt -1.79942e-15 4.6124e-17
vn 4.49855e-16 1 1.1531e-17
v 2.25 7.5 -2
vt 2 2
v 2.25 7.5 -79
vt 2 79
v 0.25 7.5 -79
vt -1.79942e-15 79
f 118/1346/256 749/1347/256 750/1348/256 751/1349/256 

vt 2.82843 4
vn 0.707107 -3.26249e-16 0.707107
vt 0 4
v 0.25 3.5 -0
v 2.25 3.5 -2
vt 2.82843 0
f 749/1350/257 118/1351/257 752/334/257 753/1352/257 

vn -1 4.49855e-16 1.01152e-32
vt -79 4
v 0.25 3.5 -79
vt -79 1.77636e-15
f 118/1351/258 751/1353/258 754/1354/258 752/334/258 

vt 8.09085e-31 4
vn 1.02416e-32 1.1531e-17 -1
vt -2 4
v 2.25 3.5 -79
vt -2 -9.10948e-16
vt 8.09085e-31 8.65408e-16
f 751/1355/259 750/1356/259 755/1357/259 754/1358/259 

vt 79 4
vn 1 -4.49855e-16 -0
vt 2 4
vt 2 8.99709e-16
vt 79 8.99709e-16
f 750/1359/260 749/1360/260 753/1361/260 755/1362/260 

vt -2 2
vn -4.49855e-16 -1 -1.1531e-17
vt 7.99102e-31 79
vt -2 79
f 753/1363/261 752/334/261 754/1364/261 755/1365/261 

g Mesh18 G_17_Back_cushion_strap1 Group1 Model

usemtl Color_M00
v 53.5 20.2835 -72.6417
vt -1.16474e-14 2.14952
vn -2.84217e-15 -0.866025 -0.5
v 56 20.2835 -72.6417
vt -2.5 2.14952
v 56 19.7835 -71.7756
vt -2.5 1.14952
v 53.5 19.7835 -71.7756
vt -2.09355e-14 1.14952
f 756/1366/262 757/1367/262 758/1368/262 759/1369/262 

vt -1.91384e-14 -0.375
vn -8.08885e-15 0.5 -0.866025
v 53.75 20.5 -72.5167
vt -0.25 -0.125
vt -2.5 -0.375
f 756/1370/263 760/1371/263 757/1372/263

v 53.5 21.5825 -71.8917
vt -9.73984e-14 1.125
f 760/1371/263 756/1370/263 761/1373/263

vt -1.29904 2.04904
vn -1 4.51834e-14 3.54269e-14
vt -2.04904 0.75
vt -1.18301 0.25
v 53.5 21.0825 -71.0256
vt -0.433013 1.54904
f 761/1374/264 756/1375/264 759/1376/264 762/1377/264 

vt 2.52726e-14 -0.375
vn 8.09773e-15 -0.5 0.866025
v 53.75 20 -71.6506
vt 0.25 -0.125
vt 1.03525e-13 1.125
f 759/1378/265 763/1379/265 762/1380/265

v 55.75 20 -71.6506
vt 2.25 -0.125
f 763/1379/265 759/1378/265 764/1381/265

vt 2.5 -0.375
f 758/1382/265 764/1381/265 759/1378/265

v 56 21.0825 -71.0256
vt 2.5 1.125
f 764/1381/265 758/1382/265 765/1383/265

vt 2.04904 0.75
vn 1 -4.51834e-14 -3.54269e-14
v 56 21.5825 -71.8917
vt 1.29904 2.04904
vt 0.433013 1.54904
vt 1.18301 0.25
f 757/1384/266 766/1385/266 765/1386/266 758/1387/266 

v 55.75 20.5 -72.5167
vt -2.25 -0.125
vt -2.5 1.125
f 757/1372/263 767/1388/263 766/1389/263

f 767/1388/263 757/1372/263 760/1371/263

vt -0.25 1.14952
vn -5.52254e-14 -0.866025 -0.5
vt -0.25 2.14952
vt -2.25 2.14952
vt -2.25 1.14952
f 763/1390/267 760/1391/267 767/1392/267 764/1393/267 

v 53.75 20.866 -71.1506
vt -0.558013 1.33253
vn -1 4.56751e-14 3.45752e-14
v 53.75 21.366 -72.0167
vt -1.42404 1.83253
vt -1.92404 0.966506
vt -1.05801 0.466506
f 768/1394/268 769/1395/268 760/1396/268 763/1397/268 

vt 0.25 2.14952
vn 5.52254e-14 0.866025 0.5
vt 0.25 1.14952
v 55.75 20.866 -71.1506
vt 2.25 1.14952
v 55.75 21.366 -72.0167
vt 2.25 2.14952
f 769/1398/269 768/1399/269 770/1400/269 771/1401/269 

vt 2.25 0.875
vt 0.25 0.875
f 770/1402/265 765/1383/265 768/1403/265

f 764/1381/265 765/1383/265 770/1402/265

vt 1.42404 1.83253
vn 1 -4.56751e-14 -3.45752e-14
vt 0.558013 1.33253
vt 1.05801 0.466506
vt 1.92404 0.966506
f 771/1404/270 770/1405/270 764/1406/270 767/1407/270 

vt -2.25 0.875
f 766/1389/263 767/1388/263 771/1408/263

f 766/1389/263 771/1408/263 761/1373/263

vt -0.25 0.875
f 769/1409/263 761/1373/263 771/1408/263

f 760/1371/263 761/1373/263 769/1409/263

vt 2.5 2.14952
vn 3.22295e-15 0.866025 0.5
vt 9.36386e-14 2.14952
vt 1.02267e-13 1.14952
vt 2.5 1.14952
f 766/1410/271 761/1411/271 762/1412/271 765/1413/271 

f 768/1403/265 765/1383/265 762/1380/265

f 762/1380/265 763/1379/265 768/1403/265

g Mesh19 G_08_Back_1_2 Group1 Model

usemtl _Color_M06_4
v 4.75 14.5 -62.1244
v 4.75 15.5 -63.8564
v 53.75 15.5 -63.8564
v 53.75 14.5 -62.1244
f 772/765/94 773/766/94 774/767/94 775/768/94 

v 4.75 15.366 -61.6244
v 4.75 16.366 -63.3564
f 773/769/4 772/770/4 776/771/4 777/772/4 

v 53.75 15.366 -61.6244
f 772/773/95 775/774/95 778/775/95 776/776/95 

v 53.75 16.366 -63.3564
f 775/777/2 774/778/2 779/779/2 778/771/2 

f 774/780/96 773/773/96 777/776/96 779/781/96 

f 777/766/97 776/765/97 778/782/97 779/783/97 

g Mesh20 G_07_Back1 Group1 Model

v 55.75 7.5 -50
vt -2 0.433013
vn 1.15538e-15 -0.866025 -0.5
v 53.75 8.5 -51.7321
vt 5.15774e-15 2.43301
v 53.75 21.5 -74.2487
vt 5.71884e-14 28.433
v 55.75 22.5 -75.9808
vt -2 30.433
f 780/1414/272 781/1415/272 782/1416/272 783/1417/272 

vt -1.68727 0.418795
vn -0.707107 -0.353553 0.612372
vt 0.931343 -0.65025
v 55.75 8.36603 -49.5
vt 1.30931 0.27557
v 53.75 9.36603 -51.2321
vt -1.30931 1.34462
f 781/1418/273 780/1419/273 784/1420/273 785/1421/273 

vt 0.5 -2.00118e-15
vn 1 1.00059e-15 5.77691e-16
vt 26.4808 15
v 55.75 23.366 -75.4808
vt 25.9808 15.866
vt 1.15538e-15 0.866025
f 780/1422/274 783/1423/274 786/1424/274 784/1425/274 

vt -21.3269 8.43663
vn -0.707107 0.353553 -0.612372
vt -18.7083 7.36759
v 53.75 22.366 -73.7487
vt -18.3303 8.29341
vt -20.9489 9.36245
f 783/1426/275 782/1427/275 787/1428/275 786/1429/275 

vt -24.7487 14
vn -1 -1.00059e-15 -5.77691e-16
vt -24.2487 14.866
f 782/1430/276 781/769/276 785/772/276 787/1431/276 

vt -4.00236e-15 2.43301
vn -1.15538e-15 0.866025 0.5
vt 2 0.433013
vt 2 30.433
vt -5.60331e-14 28.433
f 785/1432/277 784/1433/277 786/1434/277 787/1435/277 

g Mesh21 G_03_Bottom_1_1 Group1 Model

v 56.25 4.5 -79
v 56.25 4.5 -78
vt -54 0
v 2.25 4.5 -78
v 2.25 4.5 -79
f 788/1325/3 789/1436/3 790/334/3 791/624/3 

v 56.25 6.5 -78
vt 0 2
v 56.25 6.5 -79
f 792/1437/2 789/334/2 788/10/2 793/587/2 

vt 54 0
vt 54 2
v 2.25 6.5 -78
f 789/1438/1 792/1439/1 794/1437/1 790/334/1 

v 2.25 6.5 -79
f 792/1438/6 793/1340/6 795/624/6 794/334/6 

vt -54 2
f 793/1440/5 788/1436/5 791/334/5 795/1437/5 

f 790/334/4 794/1437/4 795/596/4 791/37/4 

g Mesh22 G_18_Headrest_strap2 Group1 Model

usemtl Color_M00
v 52.25 21.2633 -74.3387
v 52.25 21.3267 -74.0601
v 51.25 21.3267 -74.0601
v 51.25 21.2633 -74.3387
f 796/784/98 797/785/98 798/786/98 799/787/98 

v 52.25 21.3286 -74.6698
v 52.25 21.4445 -75.0454
v 52.25 21.5988 -75.4068
v 52.25 21.7899 -75.7502
v 52.25 21.7971 -75.7611
v 52.25 22.0154 -76.072
v 52.25 22.2735 -76.3684
v 52.25 22.3506 -76.4402
v 52.25 22.5611 -76.6364
v 52.25 22.875 -76.8729
v 52.25 23.2118 -77.0754
v 52.25 23.5678 -77.2418
v 52.25 23.9393 -77.3702
v 52.25 23.9759 -77.3788
v 52.25 24.3222 -77.4589
v 52.25 24.8004 -77.5156
v 52.25 25.2821 -77.5163
v 52.25 25.7605 -77.4609
v 52.25 26.2292 -77.3502
v 52.25 26.6819 -77.1857
v 52.25 27.1123 -76.9696
v 52.25 27.5147 -76.7049
v 52.25 27.8835 -76.3951
v 52.25 28.2138 -76.0445
v 52.25 28.501 -75.6579
v 52.25 28.7412 -75.2405
v 52.25 28.9312 -74.7979
v 52.25 28.9127 -74.5878
v 52.25 26.4127 -70.2577
v 52.25 26.1962 -70.3827
v 52.25 28.6962 -74.7128
v 52.25 28.5176 -75.1286
v 52.25 28.2919 -75.5208
v 52.25 28.0221 -75.884
v 52.25 27.7118 -76.2134
v 52.25 27.3654 -76.5044
v 52.25 26.9873 -76.7531
v 52.25 26.583 -76.9561
v 52.25 26.1577 -77.1106
v 52.25 25.7173 -77.2147
v 52.25 25.2678 -77.2667
v 52.25 24.8154 -77.2661
v 52.25 24.366 -77.2128
v 52.25 24.0326 -77.1353
v 52.25 24.0086 -77.1297
v 52.25 23.6618 -77.0098
v 52.25 23.3294 -76.8545
v 52.25 23.015 -76.6654
v 52.25 22.7219 -76.4446
v 52.25 22.521 -76.2573
v 52.25 22.4535 -76.1944
v 52.25 22.2125 -75.9177
v 52.25 22.0017 -75.6174
v 52.25 21.8233 -75.2968
v 52.25 21.6792 -74.9593
v 52.25 21.5711 -74.6087
v 52.25 21.5 -74.2487
v 52.25 22.366 -73.7487
v 52.25 23.3665 -75.4816
v 52.25 22.5005 -75.9816
v 52.25 22.625 -76.1973
v 52.25 23.7075 -75.5723
v 52.25 22.5825 -73.6237
v 52.25 22.4575 -73.4072
f 797/788/99 796/789/99 800/790/99 801/791/99 802/792/99 803/793/99 804/794/99 805/795/99 806/796/99 807/797/99 808/798/99 809/799/99 810/800/99 811/801/99 812/802/99 813/803/99 814/804/99 815/805/99 816/806/99 817/807/99 818/808/99 819/809/99 820/810/99 821/811/99 822/812/99 823/813/99 824/814/99 825/815/99 826/816/99 827/817/99 828/818/99 829/819/99 830/820/99 831/821/99 832/822/99 833/823/99 834/824/99 835/825/99 836/826/99 837/827/99 838/828/99 839/829/99 840/830/99 841/831/99 842/832/99 843/833/99 844/834/99 845/835/99 846/836/99 847/837/99 848/838/99 849/839/99 850/840/99 851/841/99 852/842/99 853/843/99 854/844/99 855/845/99 856/846/99 857/847/99 858/848/99 859/849/99 860/850/99 861/851/99 862/852/99 863/853/99 

v 51.25 21.3286 -74.6698
f 800/854/100 796/855/101 799/856/101 864/857/100 

v 51.25 21.7971 -75.7611
v 51.25 21.7899 -75.7502
v 51.25 21.5988 -75.4068
v 51.25 21.4445 -75.0454
v 51.25 21.5 -74.2487
v 51.25 21.5711 -74.6087
v 51.25 21.6792 -74.9593
v 51.25 21.8233 -75.2968
v 51.25 22.0017 -75.6174
v 51.25 22.2125 -75.9177
v 51.25 22.4535 -76.1944
v 51.25 22.521 -76.2573
v 51.25 22.7219 -76.4446
v 51.25 23.015 -76.6654
v 51.25 23.3294 -76.8545
v 51.25 23.6618 -77.0098
v 51.25 24.0086 -77.1297
v 51.25 24.0326 -77.1353
v 51.25 24.366 -77.2128
v 51.25 24.8154 -77.2661
v 51.25 25.2678 -77.2667
v 51.25 25.7173 -77.2147
v 51.25 26.1577 -77.1106
v 51.25 26.583 -76.9561
v 51.25 26.9873 -76.7531
v 51.25 27.3654 -76.5044
v 51.25 27.7118 -76.2134
v 51.25 28.0221 -75.884
v 51.25 28.2919 -75.5208
v 51.25 28.5176 -75.1286
v 51.25 28.6962 -74.7128
v 51.25 28.9312 -74.7979
v 51.25 28.7412 -75.2405
v 51.25 28.501 -75.6579
v 51.25 28.2138 -76.0445
v 51.25 27.8835 -76.3951
v 51.25 27.5147 -76.7049
v 51.25 27.1123 -76.9696
v 51.25 26.6819 -77.1857
v 51.25 26.2292 -77.3502
v 51.25 25.7605 -77.4609
v 51.25 25.2821 -77.5163
v 51.25 24.8004 -77.5156
v 51.25 24.3222 -77.4589
v 51.25 23.9759 -77.3788
v 51.25 23.9393 -77.3702
v 51.25 23.5678 -77.2418
v 51.25 23.2118 -77.0754
v 51.25 22.875 -76.8729
v 51.25 22.5611 -76.6364
v 51.25 22.3506 -76.4402
v 51.25 22.2735 -76.3684
v 51.25 22.0154 -76.072
f 865/858/102 866/859/102 867/860/102 868/861/102 864/862/102 799/863/102 869/864/102 870/865/102 871/866/102 872/867/102 873/868/102 874/869/102 875/870/102 876/871/102 877/872/102 878/873/102 879/874/102 880/875/102 881/876/102 882/877/102 883/878/102 884/879/102 885/880/102 886/881/102 887/882/102 888/883/102 889/884/102 890/885/102 891/886/102 892/887/102 893/888/102 894/889/102 895/890/102 896/891/102 897/892/102 898/893/102 899/894/102 900/895/102 901/896/102 902/897/102 903/898/102 904/899/102 905/900/102 906/901/102 907/902/102 908/903/102 909/904/102 910/905/102 911/906/102 912/907/102 913/908/102 914/909/102 915/910/102 916/911/102 917/912/102 

f 804/913/103 803/914/103 866/915/103 865/916/103 

f 803/917/104 802/918/105 867/919/105 866/920/104 

f 802/921/105 801/922/106 868/923/106 867/924/105 

f 801/925/106 800/926/100 864/927/100 868/928/106 

f 805/929/107 804/930/108 865/931/108 917/932/107 

f 806/933/109 805/934/107 917/935/107 916/936/109 

f 807/937/110 806/938/109 916/939/109 915/940/110 

f 808/941/111 807/937/110 915/940/110 914/942/111 

f 809/943/112 808/944/111 914/945/111 913/946/112 

f 810/947/113 809/948/112 913/949/112 912/950/113 

f 811/951/114 810/952/113 912/953/113 911/954/114 

f 812/955/115 811/956/114 911/957/114 910/958/115 

f 910/959/115 909/960/116 908/961/116 814/962/116 813/963/116 812/964/115 

f 815/965/117 814/966/118 908/967/118 907/968/117 

f 816/969/119 815/970/117 907/971/117 906/972/119 

f 817/973/120 816/974/119 906/975/119 905/976/120 

f 818/977/121 817/978/120 905/979/120 904/980/121 

f 819/981/122 818/982/121 904/983/121 903/984/122 

f 820/985/123 819/986/122 903/987/122 902/988/123 

f 821/989/124 820/990/123 902/991/123 901/992/124 

f 822/993/125 821/994/124 901/995/124 900/996/125 

f 823/997/126 822/998/125 900/999/125 899/1000/126 

f 824/1001/127 823/1002/126 899/1003/126 898/1004/127 

f 825/1005/128 824/1006/127 898/1007/127 897/1008/128 

f 826/1009/129 825/1010/128 897/1011/128 896/1012/129 

v 51.25 28.9127 -74.5878
f 827/1013/130 826/1014/130 896/1015/130 918/1016/130 

f 918/1017/131 896/891/131 895/890/131

v 51.25 26.1962 -70.3827
v 51.25 26.4127 -70.2577
f 895/890/4 919/1018/4 920/1019/4 918/1017/4 

f 919/1020/132 895/1021/132 830/1022/132 829/1023/132 

f 831/1024/133 830/1025/134 895/1026/134 894/1027/133 

f 832/1028/135 831/1029/133 894/1030/133 893/1031/135 

f 833/1032/136 832/1033/135 893/1034/135 892/1035/136 

f 834/1036/137 833/1037/136 892/1038/136 891/1039/137 

f 835/1040/138 834/1041/137 891/1042/137 890/1043/138 

f 836/1044/139 835/1045/138 890/1046/138 889/1047/139 

f 837/1048/140 836/1049/139 889/1050/139 888/1051/140 

f 838/1052/141 837/1053/140 888/1054/140 887/1055/141 

f 839/1056/142 838/1057/141 887/1058/141 886/1059/142 

f 840/1060/143 839/1061/142 886/1062/142 885/1063/143 

f 841/1064/144 840/1065/143 885/1066/143 884/1067/144 

f 842/1068/145 841/1069/144 884/1070/144 883/1071/145 

f 843/1072/146 842/1073/146 883/1074/146 882/1075/146 

f 844/1076/147 843/1072/146 882/1075/146 881/1077/147 

f 845/1078/148 844/1079/147 881/1080/147 880/1081/148 

f 846/1082/149 845/1083/148 880/1084/148 879/1085/149 

f 847/1086/150 846/1087/149 879/1088/149 878/1089/150 

f 848/1090/151 847/1091/150 878/1092/150 877/1093/151 

f 849/1094/152 848/1095/151 877/1096/151 876/1097/152 

f 850/1098/153 849/1094/152 876/1097/152 875/1099/153 

f 851/1100/154 850/1101/153 875/1102/153 874/1103/154 

f 852/1104/155 851/1105/154 874/1106/154 873/1107/155 

f 853/1108/156 852/1109/155 873/1110/155 872/1111/156 

f 854/1112/157 853/1113/156 872/1114/156 871/1115/157 

f 855/1116/158 854/1117/157 871/1118/157 870/1119/158 

f 856/1120/159 855/1121/158 870/1122/158 869/1123/159 

v 51.25 22.366 -73.7487
f 921/1124/160 857/1125/160 856/1126/160 869/1127/160 

v 51.25 23.3665 -75.4816
f 921/1128/161 922/1129/161 858/1130/161 857/1131/161 

v 51.25 22.4575 -73.4072
v 51.25 23.7075 -75.5723
v 51.25 22.625 -76.1973
v 51.25 22.5005 -75.9816
f 869/864/162 799/1132/162 798/1133/162 923/1134/162 924/1135/162 925/1136/162 926/1137/162 922/1138/162 921/1139/162 

f 923/1140/163 798/1141/163 797/1142/163 863/1143/163 

f 863/1144/164 862/1145/164 861/1146/164 924/1147/164 923/1148/164 

f 924/1149/165 861/1150/165 860/1126/165 925/1151/165 

f 860/1152/166 859/1130/166 926/1153/166 925/1154/166 

f 858/1155/167 922/1156/167 926/1157/167 859/1158/167 

f 919/1159/168 829/1160/168 828/1161/168 920/1162/168 

f 918/1163/169 920/1164/169 828/1165/169 827/1166/169 

g Mesh23 G_03_Bottom_1_2 Group1 Model

usemtl _Color_M06_4
v 56.25 5.5 -50
v 56.25 5.5 -49
v 2.25 5.5 -49
v 2.25 5.5 -50
f 927/1325/3 928/1436/3 929/334/3 930/624/3 

v 56.25 7.5 -49
v 56.25 7.5 -50
f 931/1437/2 928/334/2 927/10/2 932/587/2 

v 2.25 7.5 -49
f 928/1438/1 931/1439/1 933/1437/1 929/334/1 

v 2.25 7.5 -50
f 931/1438/6 932/1340/6 934/624/6 933/334/6 

f 932/1440/5 927/1436/5 930/334/5 934/1437/5 

f 929/334/4 933/1437/4 934/596/4 930/37/4 

g Mesh24 G_14_Back_cushion_1_1 Group1 Model

usemtl Color_M00
v 0.25 14.4462 -50.0311
vt 19.5 3.66506
vn -2.72505e-15 0.866025 0.5
v 58.25 14.4462 -50.0311
vt 77.5 3.66506
v 58.25 28.6962 -74.7128
vt 77.5 32.1651
v 0.25 28.6962 -74.7128
vt 19.5 32.1651
f 935/1441/278 936/1442/278 937/1443/278 938/1444/278 

v 0.25 10.116 -52.5311
vt 19.5 -1.25
vn 3.16543e-14 -0.5 0.866025
v 58.25 10.116 -52.5311
vt 77.5 -1.25
vt 77.5 3.75
vt 19.5 3.75
f 939/1445/279 940/1446/279 936/1447/279 935/1448/279 

vt -77.5 3.66506
vn 2.72505e-15 -0.866025 -0.5
vt -19.5 3.66506
v 0.25 24.366 -77.2128
vt -19.5 32.1651
v 58.25 24.366 -77.2128
vt -77.5 32.1651
f 940/1449/280 939/1450/280 941/1451/280 942/1452/280 

vt -28.4808 15
vn -1 -9.46539e-15 1.09444e-14
vt -3.79904 0.75
vt -1.29904 5.08013
vt -25.9808 19.3301
f 941/1453/281 939/1454/281 935/1455/281 938/1456/281 

vt -77.5 -1.25
vn -1.82317e-14 0.5 -0.866025
vt -19.5 -1.25
vt -19.5 3.75
vt -77.5 3.75
f 942/1457/282 941/1458/282 938/1459/282 937/1460/282 

vt 3.79904 0.75
vn 1 2.83366e-15 5.42061e-16
vt 28.4808 15
vt 25.9808 19.3301
vt 1.29904 5.08013
f 940/1461/283 942/1462/283 937/1463/283 936/1464/283 

g Mesh25 G_17_Back_cushion_strap2 Group1 Model

v 2.5 20.2835 -72.6417
v 5 20.2835 -72.6417
v 5 19.7835 -71.7756
v 2.5 19.7835 -71.7756
f 943/1366/262 944/1367/262 945/1368/262 946/1369/262 

v 2.75 20.5 -72.5167
f 943/1370/263 947/1371/263 944/1372/263

v 2.5 21.5825 -71.8917
f 947/1371/263 943/1370/263 948/1373/263

v 2.5 21.0825 -71.0256
f 948/1374/264 943/1375/264 946/1376/264 949/1377/264 

v 2.75 20 -71.6506
f 946/1378/265 950/1379/265 949/1380/265

v 4.75 20 -71.6506
f 950/1379/265 946/1378/265 951/1381/265

f 945/1382/265 951/1381/265 946/1378/265

v 5 21.0825 -71.0256
f 951/1381/265 945/1382/265 952/1383/265

v 5 21.5825 -71.8917
f 944/1384/266 953/1385/266 952/1386/266 945/1387/266 

v 4.75 20.5 -72.5167
f 944/1372/263 954/1388/263 953/1389/263

f 954/1388/263 944/1372/263 947/1371/263

f 950/1390/267 947/1391/267 954/1392/267 951/1393/267 

v 2.75 20.866 -71.1506
v 2.75 21.366 -72.0167
f 955/1394/268 956/1395/268 947/1396/268 950/1397/268 

v 4.75 20.866 -71.1506
v 4.75 21.366 -72.0167
f 956/1398/269 955/1399/269 957/1400/269 958/1401/269 

f 957/1402/265 952/1383/265 955/1403/265

f 951/1381/265 952/1383/265 957/1402/265

f 958/1404/270 957/1405/270 951/1406/270 954/1407/270 

f 953/1389/263 954/1388/263 958/1408/263

f 953/1389/263 958/1408/263 948/1373/263

f 956/1409/263 948/1373/263 958/1408/263

f 947/1371/263 948/1373/263 956/1409/263

f 953/1410/271 948/1411/271 949/1412/271 952/1413/271 

f 955/1403/265 952/1383/265 949/1380/265

f 949/1380/265 950/1379/265 955/1403/265

g Mesh26 G_05_Bottom_1_3 Group1 Model

usemtl _Color_M06_4
v 36.25 7.5 -8
v 2.25 7.5 -8
v 2.25 7.5625 -8
v 36.25 7.5625 -8
f 959/1317/198 960/1318/198 961/1319/198 962/1320/198 

v 56.25 7.5 -6.98454
v 2.25 7.5 -6.98454
v 36.25 7.5 -7.98454
v 56.25 7.5 -7.98454
f 963/1321/199 964/334/199 960/1322/199 959/1323/199 965/1324/199 966/1325/199 

v 56.25 7.5625 -6.98454
v 2.25 7.5625 -6.98454
f 964/334/200 963/1326/200 967/1327/200 968/1328/200 

v 56.25 7.5625 -7.98454
f 963/1329/201 966/1330/201 969/1331/201 967/1328/201 

v 36.25 7.5625 -7.98454
f 965/1332/5 970/1320/5 969/1333/5 966/1334/5 

f 965/1335/201 959/1336/201 962/1337/201 970/1331/201 

f 968/1338/202 967/1339/202 969/1340/202 970/1341/202 962/1342/202 961/1343/202 

f 960/1344/203 964/334/203 968/1328/203 961/1345/203 

g Mesh27 G_16_Seat_cushion_Strap___4 Group1 Model

usemtl Color_M00
v 58.5 3.25 -44
v 58.25 3.5 -44
v 56 3.25 -44
f 971/1/1 972/2/1 973/3/1

v 58.5 7.75 -44
f 972/2/1 971/1/1 974/4/1

v 58.5 3.25 -45
v 58.5 7.75 -45
f 974/5/2 971/6/2 975/7/2 976/8/2 

v 56 3.25 -45
f 971/9/3 973/10/3 977/11/3 975/12/3 

v 56 7.75 -44
v 56 7.75 -45
f 973/6/4 978/5/4 979/13/4 977/3/4 

v 56.25 3.5 -44
f 973/3/1 980/14/1 978/13/1

f 980/14/1 973/3/1 972/2/1

v 56.25 3.5 -45
v 58.25 3.5 -45
f 981/15/3 982/16/3 972/17/3 980/18/3 

f 982/19/5 975/20/5 981/21/5

f 975/20/5 982/19/5 976/22/5

v 58.25 7.5 -45
f 976/22/5 982/19/5 983/23/5

v 58.25 7.5 -44
f 982/24/2 983/25/2 984/26/2 972/27/2 

v 56.25 7.5 -45
v 56.25 7.5 -44
f 983/28/6 985/29/6 986/30/6 984/31/6 

f 985/32/5 979/8/5 983/23/5

f 981/21/5 979/8/5 985/32/5

f 981/21/5 977/7/5 979/8/5

f 977/7/5 981/21/5 975/20/5

f 985/33/4 981/34/4 980/27/4 986/26/4 

f 978/13/1 980/14/1 986/35/1

f 978/13/1 986/35/1 974/4/1

f 984/36/1 974/4/1 986/35/1

f 972/2/1 974/4/1 984/36/1

f 978/37/6 974/38/6 976/39/6 979/40/6 

f 976/22/5 983/23/5 979/8/5

g Mesh28 G_15_Headrest_1_1 Group1 Model

v 2.25 27.0844 -70.013
vt -5.76849 3.88825
v 2.25 26.1962 -70.3827
vt -6.13814 3
v 2.25 23.1962 -65.1865
vt -0.941987 0
v 2.25 23.9604 -64.6021
vt -0.357567 0.764247
v 2.25 24.8662 -64.2779
vt -0.0333268 1.67006
v 2.25 25.8277 -64.2445
vt 0 2.63157
v 2.25 26.7538 -64.5053
vt -0.260745 3.55765
v 2.25 27.5567 -65.0354
vt -0.790848 4.36053
v 2.25 28.1603 -65.7846
vt -1.54006 4.9641
v 2.25 28.5073 -66.6819
vt -2.43738 5.31116
v 2.25 28.565 -67.6423
vt -3.39774 5.3688
v 2.25 28.3277 -68.5747
vt -4.33013 5.13157
v 2.25 27.8181 -69.3907
vt -5.14616 4.62195
f 987/1465/4 988/1466/4 989/1467/4 990/1468/4 991/1469/4 992/1470/4 993/1471/4 994/1472/4 995/1473/4 996/1474/4 997/1475/4 998/1476/4 999/1477/4 

vt -20 0.41139
vn -9.68457e-15 0.384212 -0.923245
vt -20 1.37348
vn -4.9007e-15 0.521752 -0.853097
v 56.75 27.0844 -70.013
vt -74.5 1.37348
v 56.75 26.1962 -70.3827
vt -74.5 0.41139
f 988/1478/284 987/1479/285 1000/1480/285 1001/1481/284 

vt -20 -0.766145
vt -20 0.195947
vn 0 0.756537 -0.653951
v 56.75 27.8181 -69.3907
vt -74.5 0.195947
vt -74.5 -0.766145
f 987/1482/285 999/1483/286 1002/1484/286 1000/1485/285 

vt -20 -1.91666
vt -20 -0.954564
vn 0 0.919615 -0.39282
v 56.75 28.3277 -68.5747
vt -74.5 -0.954564
vt -74.5 -1.91666
f 999/1486/286 998/1487/287 1003/1488/287 1002/1489/286 

vt -20 -2.9311
vt -20 -1.969
vn 0 0.995529 -0.094457
v 56.75 28.565 -67.6423
vt -74.5 -1.969
vt -74.5 -2.9311
f 998/1490/287 997/1491/288 1004/1492/288 1003/1493/287 

vt 20 3.71331
vt 20 2.75122
vn 0 0.977083 0.212859
v 56.75 28.5073 -66.6819
vt 74.5 2.75122
vt 74.5 3.71331
f 997/1494/288 996/1495/289 1005/1496/289 1004/1497/288 

vt 20 4.18916
vt 20 3.22707
v 56.75 28.1603 -65.7846
vt 74.5 3.22707
vt 74.5 4.18916
f 996/1498/289 995/1499/97 1006/1500/97 1005/1501/289 

vt 20 4.31354
vt 20 3.35145
vn 0 0.672883 0.739749
v 56.75 27.5567 -65.0354
vt 74.5 3.35145
vt 74.5 4.31354
f 995/1502/97 994/1503/290 1007/1504/290 1006/1505/97 

vt 20 4.07466
vt 20 3.11257
vn 0 0.415962 0.909382
v 56.75 26.7538 -64.5053
vt 74.5 3.11257
vt 74.5 4.07466
f 994/1506/290 993/1507/291 1008/1508/291 1007/1509/290 

vt 20 3.49517
vt 20 2.53308
vn 0 0.119615 0.99282
v 56.75 25.8277 -64.2445
vt 74.5 2.53308
vt 74.5 3.49517
f 993/1510/291 992/1511/292 1009/1512/292 1008/1513/291 

vt 20 2.62999
vt 20 1.6679
vn 0 -0.188069 0.982156
v 56.75 24.8662 -64.2779
vt 74.5 1.6679
vt 74.5 2.62999
f 992/1514/292 991/1515/293 1010/1516/293 1009/1517/292 

vt 20 1.56112
vt 20 0.599032
vn -5.36687e-19 -0.477928 0.878399
v 56.75 23.9604 -64.6021
vt 74.5 0.599032
vt 74.5 1.56112
f 991/1518/293 990/1519/294 1011/1520/294 1010/1521/293 

vt 20 0.389884
vt 20 -0.572208
vn -1.06058e-18 -0.607448 0.79436
v 56.75 23.1962 -65.1865
vt 74.5 -0.572208
vt 74.5 0.389884
f 990/1522/294 989/1523/295 1012/1524/295 1011/1525/294 

vt -20 0.815785
vn -1.68717e-15 -0.866025 -0.5
vt -20 6.81578
vt -74.5 6.81578
vt -74.5 0.815785
f 989/1526/296 988/1527/296 1001/1528/296 1012/1529/296 

vt 6.13814 3
vn 1 1.40132e-15 1.5973e-16
vt 5.76849 3.88825
vt 5.14616 4.62195
vt 4.33013 5.13157
vt 3.39774 5.3688
vt 2.43738 5.31116
vt 1.54006 4.9641
vt 0.790848 4.36053
vt 0.260745 3.55765
vt 1.18999e-14 2.63157
vt 0.0333268 1.67006
vt 0.357567 0.764247
vt 0.941987 -4.04497e-14
f 1001/1530/297 1000/1531/297 1002/1532/297 1003/1533/297 1004/1534/297 1005/1535/297 1006/1536/297 1007/1537/297 1008/1538/297 1009/1539/297 1010/1540/297 1011/1541/297 1012/1542/297 

g Mesh29 G_02_Bottom2 Group1 Model

usemtl _Color_M06_4
v 58.25 7.5 -79
vn -4.49855e-16 1 1.1531e-17
v 56.25 7.5 -79
v 56.25 7.5 -2
v 58.25 7.5 -0
f 1013/1349/298 1014/1348/298 1015/1347/298 1016/1346/298 

v 58.25 3.5 -79
vn -1.02416e-32 1.1531e-17 -1
v 56.25 3.5 -79
f 1017/1358/299 1018/1357/299 1014/1356/299 1013/1355/299 

vn 4.49855e-16 -1 -1.1531e-17
v 58.25 3.5 -0
v 56.25 3.5 -2
f 1018/1365/300 1017/1364/300 1019/334/300 1020/1363/300 

vn 1 4.49855e-16 1.01152e-32
f 1019/334/301 1017/1354/301 1013/1353/301 1016/1351/301 

vn -0.707107 -3.26249e-16 0.707107
f 1020/1352/302 1019/334/302 1016/1351/302 1015/1350/302 

vn -1 -4.49855e-16 -0
f 1018/1362/303 1020/1361/303 1015/1360/303 1014/1359/303 

g Mesh30 G_05_Bottom_1_4 Group1 Model

v 36.25 7.5 -44
v 2.25 7.5 -44
v 2.25 7.5625 -44
v 36.25 7.5625 -44
f 1021/1317/198 1022/1318/198 1023/1319/198 1024/1320/198 

v 56.25 7.5 -42.9845
v 2.25 7.5 -42.9845
v 36.25 7.5 -43.9845
v 56.25 7.5 -43.9845
f 1025/1321/199 1026/334/199 1022/1322/199 1021/1323/199 1027/1324/199 1028/1325/199 

v 56.25 7.5625 -42.9845
v 2.25 7.5625 -42.9845
f 1026/334/200 1025/1326/200 1029/1327/200 1030/1328/200 

v 56.25 7.5625 -43.9845
f 1025/1329/201 1028/1330/201 1031/1331/201 1029/1328/201 

v 36.25 7.5625 -43.9845
f 1027/1332/5 1032/1320/5 1031/1333/5 1028/1334/5 

f 1027/1335/201 1021/1336/201 1024/1337/201 1032/1331/201 

f 1030/1338/202 1029/1339/202 1031/1340/202 1032/1341/202 1024/1342/202 1023/1343/202 

f 1022/1344/203 1026/334/203 1030/1328/203 1023/1345/203 

g Mesh31 G_01_Bottom__1_1 Group1 Model

vt -7.77616e-17 -5.12331e-16
vn 1.94404e-17 1 -1.28083e-16
v 58.25 7.5 -2.22045e-16
vt 58 -2.90286e-16
v 56.25 7.5 -2
vt 56 2
f 118/1543/304 1033/1544/304 1034/1545/304 749/1347/304 

v 58.25 3.5 -2.22045e-16
vt 58 0
vn 3.82836e-18 6.37549e-34 1
vt 58 4
f 1035/1546/305 1033/1547/305 118/1351/305 752/334/305 

vt -41.0122 0
vn 0.707107 0 -0.707107
v 56.25 3.5 -2
vt -38.1838 -1.77636e-15
vt -38.1838 4
vt -41.0122 4
f 1035/1548/306 1036/1549/306 1034/1550/306 1033/1551/306 

vn -1.52744e-17 -1 4.44089e-16
vt -56 2
vt -58 2.22045e-16
f 753/1363/307 1036/1552/307 1035/1553/307 752/334/307 

vt -56 4
vt -56 -1.77636e-15
vt -2 0
f 749/1356/5 1034/1554/5 1036/1555/5 753/1556/5 

vn -0.707107 0 -0.707107
vt -2.82843 4
vt -2.82843 0
f 118/1351/308 749/1557/308 753/1558/308 752/334/308 

g Mesh32 G_05_Bottom_1_5 Group1 Model

v 36.25 7.5 -38
v 2.25 7.5 -38
v 2.25 7.5625 -38
v 36.25 7.5625 -38
f 1037/1317/198 1038/1318/198 1039/1319/198 1040/1320/198 

v 56.25 7.5 -36.9845
v 2.25 7.5 -36.9845
v 36.25 7.5 -37.9845
v 56.25 7.5 -37.9845
f 1041/1321/199 1042/334/199 1038/1322/199 1037/1323/199 1043/1324/199 1044/1325/199 

v 56.25 7.5625 -36.9845
v 2.25 7.5625 -36.9845
f 1042/334/200 1041/1326/200 1045/1327/200 1046/1328/200 

v 56.25 7.5625 -37.9845
f 1041/1329/201 1044/1330/201 1047/1331/201 1045/1328/201 

v 36.25 7.5625 -37.9845
f 1043/1332/5 1048/1320/5 1047/1333/5 1044/1334/5 

f 1043/1335/201 1037/1336/201 1040/1337/201 1048/1331/201 

f 1046/1338/202 1045/1339/202 1047/1340/202 1048/1341/202 1040/1342/202 1039/1343/202 

f 1038/1344/203 1042/334/203 1046/1328/203 1039/1345/203 

g Mesh33 G_06_Back_1_1 Group1 Model

v 4.75 8.5 -51.7321
vt -2 2.43301
vn -5.0453e-15 -0.866025 -0.5
v 53.75 8.5 -51.7321
vt -51 2.43301
v 55.75 7.5 -50
vt -53 0.433013
v 2.75 7.5 -50
vt -5.0453e-15 0.433013
f 1049/1559/309 1050/1560/309 1051/1561/309 1052/1562/309 

v 53.75 9.36603 -51.2321
vt -51 0.75
vn 1.498e-16 0.5 -0.866025
vt -51 -0.25
vt -2 -0.25
v 4.75 9.36603 -51.2321
vt -2 0.75
f 1053/1563/310 1050/1564/310 1049/1565/310 1054/1566/310 

vt -32.078 -12.2857
vn 0.707107 0.353553 -0.612372
v 55.75 8.36603 -49.5
vt -34.6966 -13.3548
vt -34.3187 -14.2806
vt -31.7001 -13.2115
f 1053/1567/311 1055/1568/311 1051/1569/311 1050/1570/311 

v 2.75 8.36603 -49.5
vn 4.46465e-15 0.866025 0.5
vt 53 0.433013
vt 51 2.43301
vt 2 2.43301
f 1056/765/312 1055/1571/312 1053/1572/312 1054/1573/312 

vt 53 -0.25
vn 2.84679e-14 -0.5 0.866025
vt 53 0.75
vt 1.57772e-30 0.75
vt 1.6436e-14 -0.25
f 1051/1574/313 1055/1575/313 1056/1576/313 1052/1577/313 

vt -2.99658 0.953317
vt -0.377964 -0.115728
vt -2.10324e-17 0.810093
vt -2.61861 1.87914
f 1049/1578/275 1052/1579/275 1056/1580/275 1054/1581/275 

g Mesh34 G_07_Back2 Group1 Model

v 2.75 22.5 -75.9808
vn -3.13012e-15 -0.866025 -0.5
v 4.75 21.5 -74.2487
v 4.75 8.5 -51.7321
v 2.75 7.5 -50
f 1057/1414/314 1058/1415/314 1059/1416/314 1060/1417/314 

v 2.75 23.366 -75.4808
v 4.75 22.366 -73.7487
f 1058/1418/311 1057/1419/311 1061/1420/311 1062/1421/311 

vn -1 2.32791e-15 2.22819e-15
v 2.75 8.36603 -49.5
f 1057/1422/315 1060/1423/315 1063/1424/315 1061/1425/315 

vn 0.707107 -0.353553 0.612372
v 4.75 9.36603 -51.2321
f 1060/1426/316 1059/1427/316 1064/1428/316 1063/1429/316 

vn 1 -2.32791e-15 -2.22819e-15
f 1059/1430/317 1058/769/317 1062/772/317 1064/1431/317 

vn 3.13012e-15 0.866025 0.5
f 1062/1432/318 1061/1433/318 1063/1434/318 1064/1435/318 

g Mesh35 G_08_Back_1_3 Group1 Model

v 4.75 11 -56.0622
v 4.75 12 -57.7942
v 53.75 12 -57.7942
v 53.75 11 -56.0622
f 1065/765/94 1066/766/94 1067/767/94 1068/768/94 

v 4.75 11.866 -55.5622
v 4.75 12.866 -57.2942
f 1066/769/4 1065/770/4 1069/771/4 1070/772/4 

v 53.75 11.866 -55.5622
f 1065/773/95 1068/774/95 1071/775/95 1069/776/95 

v 53.75 12.866 -57.2942
f 1068/777/2 1067/778/2 1072/779/2 1071/771/2 

f 1067/780/96 1066/773/96 1070/776/96 1072/781/96 

f 1070/766/97 1069/765/97 1071/782/97 1072/783/97 

g Mesh36 G_05_Bottom_1_6 Group1 Model

v 36.25 7.5 -14
v 2.25 7.5 -14
v 2.25 7.5625 -14
v 36.25 7.5625 -14
f 1073/1317/198 1074/1318/198 1075/1319/198 1076/1320/198 

v 56.25 7.5 -12.9845
v 2.25 7.5 -12.9845
v 36.25 7.5 -13.9845
v 56.25 7.5 -13.9845
f 1077/1321/199 1078/334/199 1074/1322/199 1073/1323/199 1079/1324/199 1080/1325/199 

v 56.25 7.5625 -12.9845
v 2.25 7.5625 -12.9845
f 1078/334/200 1077/1326/200 1081/1327/200 1082/1328/200 

v 56.25 7.5625 -13.9845
f 1077/1329/201 1080/1330/201 1083/1331/201 1081/1328/201 

v 36.25 7.5625 -13.9845
f 1079/1332/5 1084/1320/5 1083/1333/5 1080/1334/5 

f 1079/1335/201 1073/1336/201 1076/1337/201 1084/1331/201 

f 1082/1338/202 1081/1339/202 1083/1340/202 1084/1341/202 1076/1342/202 1075/1343/202 

f 1074/1344/203 1078/334/203 1082/1328/203 1075/1345/203 

g Mesh37 G_05_Bottom_1_7 Group1 Model

v 36.25 7.5 -26
v 2.25 7.5 -26
v 2.25 7.5625 -26
v 36.25 7.5625 -26
f 1085/1317/198 1086/1318/198 1087/1319/198 1088/1320/198 

v 56.25 7.5 -24.9845
v 2.25 7.5 -24.9845
v 36.25 7.5 -25.9845
v 56.25 7.5 -25.9845
f 1089/1321/199 1090/334/199 1086/1322/199 1085/1323/199 1091/1324/199 1092/1325/199 

v 56.25 7.5625 -24.9845
v 2.25 7.5625 -24.9845
f 1090/334/200 1089/1326/200 1093/1327/200 1094/1328/200 

v 56.25 7.5625 -25.9845
f 1089/1329/201 1092/1330/201 1095/1331/201 1093/1328/201 

v 36.25 7.5625 -25.9845
f 1091/1332/5 1096/1320/5 1095/1333/5 1092/1334/5 

f 1091/1335/201 1085/1336/201 1088/1337/201 1096/1331/201 

f 1094/1338/202 1093/1339/202 1095/1340/202 1096/1341/202 1088/1342/202 1087/1343/202 

f 1086/1344/203 1090/334/203 1094/1328/203 1087/1345/203 

g Mesh38 G_06_Back_1_2 Group1 Model

v 53.75 21.5 -74.2487
vn 4.99905e-16 -0.866025 -0.5
v 4.75 21.5 -74.2487
v 2.75 22.5 -75.9808
f 1097/1559/319 1098/1560/319 1099/1561/319 783/1562/319 

v 4.75 22.366 -73.7487
vn 5.19116e-16 -0.5 0.866025
v 53.75 22.366 -73.7487
f 1100/1563/320 1098/1564/320 1097/1565/320 1101/1566/320 

v 2.75 23.366 -75.4808
f 1100/1567/273 1102/1568/273 1099/1569/273 1098/1570/273 

v 55.75 23.366 -75.4808
vn 8.07536e-17 0.866025 0.5
f 1103/765/321 1102/1571/321 1100/1572/321 1101/1573/321 

vn -2.91369e-14 0.5 -0.866025
f 1099/1574/322 1102/1575/322 1103/1576/322 783/1577/322 

f 1097/1578/316 783/1579/316 1103/1580/316 1101/1581/316 

g Mesh39 G_04_Bottom2 Group1 Model

v 40.75 7.5 -2
v 39.75 7.5 -2
v 39.75 5.5 -2
v 40.75 5.5 -2
f 1104/587/85 1105/588/85 1106/589/85 1107/590/85 

v 40.75 7.5 -49
v 39.75 7.5 -49
f 1108/591/86 1109/592/86 1105/593/86 1104/594/86 

v 40.75 5.5 -49
v 39.75 5.5 -49
f 1109/595/87 1108/596/87 1110/597/87 1111/598/87 

f 1110/599/88 1108/600/88 1104/601/88 1107/602/88 

f 1111/603/89 1110/604/89 1107/605/89 1106/606/89 

f 1109/607/90 1111/608/90 1106/609/90 1105/610/90 

