# Alias OBJ Model File
# Exported from SketchUp, (c) 2000-2012 Trimble Navigation Limited
# File units = inches

mtllib BRAVO sofa 72.mtl

g Mesh1 Component_278_1 Group3 Group2 Group1 Model

usemtl FrontColor
v 66.2 24.75 -34
vt 2.93312e-11 1.46656e-11
vn 1.46656e-11 7.3328e-12 1
v 67.2 24.75 -34
vt 1 1.46656e-11
v 67.2 26.75 -34
vt 1 2
v 66.2 26.75 -34
vt 9.12451e-09 2
f 1/1/1 2/2/1 3/3/1 4/4/1 

v 67.2 24.75 -32
vt 7.88674e-10 -6.61209e-14
vn 1 6.61209e-14 -3.12407e-13
v 67.2 24.65 -32
vt 7.88674e-10 -0.1
v 67.2 24.65 -34.1
vt 2.1 -0.1
v 67.2 26.85 -34.1
vt 2.1 2.1
v 67.2 26.85 -32
vt -3.12407e-13 2.1
v 67.2 26.75 -32
vt -3.12407e-13 2
vt 2 2
vt 2 -6.61209e-14
f 5/5/2 6/6/2 7/7/2 8/8/2 9/9/2 10/10/2 3/11/2 2/12/2 

vt 1 0
vn 1.41014e-32 0 1
v 66.2 24.75 -32
vt 1.11258e-41 0
v 66.2 24.65 -32
vt 1.11258e-41 -0.1
vt 1 -0.1
f 5/13/3 11/14/3 12/15/3 6/16/3 

vt -7.88987e-10 0
vn -1 0 -1.41014e-32
vt -2 0
v 66.2 24.65 -34
vt -2 -0.1
vt -7.88987e-10 -0.1
f 11/17/4 1/18/4 13/19/4 12/20/4 

vn -1 4.31386e-09 1.55065e-11
vt -2 1.33785e-19
vt -2 2
v 66.2 26.75 -32
vt 1.41034e-19 2
v 66.2 26.85 -32
vt 1.41034e-19 2.1
v 66.2 26.85 -34.1
vt -2.1 2.1
v 66.2 24.65 -34.1
vt -2.1 -0.1
f 13/19/5 1/21/5 4/22/5 14/23/5 15/24/5 16/25/5 17/26/5 

vt -9.09518e-09 0
vn 0 -1 -0
vt -9.09518e-09 2
vt -1 2
vt -1 0
f 14/27/6 4/28/6 3/29/6 10/30/6 

vt 9.09518e-09 2
vt 1 2.1
vt 9.09518e-09 2.1
f 14/31/3 10/3/3 9/32/3 15/33/3 

vn -6.72084e-25 1 -1.91222e-13
vt 9.0937e-09 2.1
vt 9.09518e-09 -4.01566e-13
vt 1 -4.01566e-13
f 8/32/7 16/34/7 15/35/7 9/36/7 

vt -1 2.1
vn -1.46656e-11 -7.3328e-12 -1
vt -1 -0.1
vt -2.93198e-11 -0.1
vt -9.1245e-09 2.1
f 8/37/8 7/38/8 17/39/8 16/40/8 

vt -1 7.88987e-10
vt 0 7.88987e-10
vt 0 2
vt 1.47793e-12 2.1
f 7/37/6 6/41/6 12/42/6 13/43/6 17/44/6 

g Mesh2 Component_108_1 Group3 Group2 Group1 Model

usemtl Color_M00
v 72.2 16.75 -32
vt 3.13889e-12 -4.5404e-12
vn 1 5.19573e-14 4.51996e-14
v 72.2 29.75 -32
vt 3.13889e-12 13
v 72.2 29.75 -29.5
vt -2.5 13
v 72.2 29.7489 -29.4124
vt -2.58762 12.9989
v 72.2 29.7458 -29.3248
vt -2.67518 12.9958
v 72.2 29.7405 -29.2374
vt -2.76265 12.9905
v 72.2 29.7331 -29.15
vt -2.84996 12.9831
v 72.2 29.7237 -29.0629
vt -2.93707 12.9737
v 72.2 29.7121 -28.9761
vt -3.02393 12.9621
v 72.2 29.6984 -28.8895
vt -3.11048 12.9484
v 72.2 29.6827 -28.8033
vt -3.19668 12.9327
v 72.2 29.6649 -28.7175
vt -3.28247 12.9149
v 72.2 29.645 -28.6322
vt -3.36782 12.895
v 72.2 29.6231 -28.5473
vt -3.45266 12.8731
v 72.2 29.5992 -28.4631
vt -3.53694 12.8492
v 72.2 29.5732 -28.3794
vt -3.62063 12.8232
v 72.2 29.5452 -28.2963
vt -3.70367 12.7952
v 72.2 29.5153 -28.214
vt -3.78601 12.7653
v 72.2 29.4833 -28.1324
vt -3.8676 12.7333
v 72.2 29.4494 -28.0516
vt -3.9484 12.6994
v 72.2 29.4136 -27.9716
vt -4.02836 12.6636
v 72.2 29.3759 -27.8926
vt -4.10744 12.6259
v 72.2 29.3362 -27.8144
vt -4.18559 12.5862
v 72.2 29.2947 -27.7372
vt -4.26276 12.5447
v 72.2 29.2514 -27.6611
vt -4.3389 12.5014
v 72.2 29.2062 -27.586
vt -4.41399 12.4562
v 72.2 29.1592 -27.512
vt -4.48796 12.4092
v 72.2 29.1105 -27.4392
vt -4.56078 12.3605
v 72.2 29.06 -27.3676
vt -4.63241 12.31
v 72.2 29.0078 -27.2972
vt -4.7028 12.2578
v 72.2 28.954 -27.2281
vt -4.77191 12.204
v 72.2 28.8985 -27.1603
vt -4.83971 12.1485
v 72.2 28.8413 -27.0938
vt -4.90615 12.0913
v 72.2 28.7826 -27.0288
vt -4.9712 12.0326
v 72.2 28.7224 -26.9652
vt -5.03482 11.9724
v 72.2 28.6606 -26.903
vt -5.09696 11.9106
v 72.2 28.5973 -26.8424
vt -5.15761 11.8473
v 72.2 28.5327 -26.7833
vt -5.21671 11.7827
v 72.2 28.4666 -26.7258
vt -5.27424 11.7166
v 72.2 28.3991 -26.6698
vt -5.33016 11.6491
v 72.2 28.3303 -26.6156
vt -5.38444 11.5803
v 72.2 28.2602 -26.563
vt -5.43705 11.5102
v 72.2 28.1889 -26.512
vt -5.48796 11.4389
v 72.2 28.1164 -26.4629
vt -5.53713 11.3664
v 72.2 28.0427 -26.4155
vt -5.58455 11.2927
v 72.2 27.9679 -26.3698
vt -5.63018 11.2179
v 72.2 27.892 -26.326
vt -5.67399 11.142
v 72.2 27.8151 -26.284
vt -5.71597 11.0651
v 72.2 27.7372 -26.2439
vt -5.75608 10.9872
v 72.2 27.6584 -26.2057
vt -5.79431 10.9084
v 72.2 27.5786 -26.1694
vt -5.83062 10.8286
v 72.2 27.498 -26.135
vt -5.86501 10.748
v 72.2 27.4166 -26.1026
vt -5.89745 10.6666
v 72.2 16.75 -22
vt -10 -4.5404e-12
f 18/45/9 19/46/9 20/47/9 21/48/9 22/49/9 23/50/9 24/51/9 25/52/9 26/53/9 27/54/9 28/55/9 29/56/9 30/57/9 31/58/9 32/59/9 33/60/9 34/61/9 35/62/9 36/63/9 37/64/9 38/65/9 39/66/9 40/67/9 41/68/9 42/69/9 43/70/9 44/71/9 45/72/9 46/73/9 47/74/9 48/75/9 49/76/9 50/77/9 51/78/9 52/79/9 53/80/9 54/81/9 55/82/9 56/83/9 57/84/9 58/85/9 59/86/9 60/87/9 61/88/9 62/89/9 63/90/9 64/91/9 65/92/9 66/93/9 67/94/9 68/95/9 69/96/9 70/97/9 71/98/9 

v 0.2 29.75 -32
vt -57.9863 13
vn -1.8804e-15 6.3652e-33 -1
vt -129.986 13
vt -129.986 2.21334e-12
v 0.2 16.75 -32
vt -57.9863 3.55271e-15
f 72/99/10 19/100/10 18/101/10 73/102/10 

vt -3.26992e-12 57.9863
vn 1.6068e-14 1 2.51532e-13
v 0.2 29.75 -29.5
vt 2.5 57.9863
vn 2.32244e-14 0.999982 0.00601808
vt 2.5 129.986
vt -5.41434e-13 129.986
f 72/103/11 74/104/12 20/105/12 19/106/11 

v 0.2 29.7458 -29.3248
vt 2.67518 12.9958
vn -1 1.09646e-16 3.83512e-16
v 0.2 29.7489 -29.4124
vt 2.58762 12.9989
vt 2.5 13
vt 2.57891e-14 13
vt 2.57891e-14 9.91066e-15
v 0.2 16.75 -22
vt 10 9.91066e-15
v 0.2 27.4166 -26.1026
vt 5.89745 10.6666
v 0.2 27.498 -26.135
vt 5.86501 10.748
v 0.2 27.5786 -26.1694
vt 5.83062 10.8286
v 0.2 27.6584 -26.2057
vt 5.79431 10.9084
v 0.2 27.7372 -26.2439
vt 5.75608 10.9872
v 0.2 27.8151 -26.284
vt 5.71597 11.0651
v 0.2 27.892 -26.326
vt 5.67399 11.142
v 0.2 27.9679 -26.3698
vt 5.63018 11.2179
v 0.2 28.0427 -26.4155
vt 5.58455 11.2927
v 0.2 28.1164 -26.4629
vt 5.53713 11.3664
v 0.2 28.1889 -26.512
vt 5.48796 11.4389
v 0.2 28.2602 -26.563
vt 5.43705 11.5102
v 0.2 28.3303 -26.6156
vt 5.38444 11.5803
v 0.2 28.3991 -26.6698
vt 5.33016 11.6491
v 0.2 28.4666 -26.7258
vt 5.27424 11.7166
v 0.2 28.5327 -26.7833
vt 5.21671 11.7827
v 0.2 28.5973 -26.8424
vt 5.15761 11.8473
v 0.2 28.6606 -26.903
vt 5.09696 11.9106
v 0.2 28.7224 -26.9652
vt 5.03482 11.9724
v 0.2 28.7826 -27.0288
vt 4.9712 12.0326
v 0.2 28.8413 -27.0938
vt 4.90615 12.0913
v 0.2 28.8985 -27.1603
vt 4.83971 12.1485
v 0.2 28.954 -27.2281
vt 4.77191 12.204
v 0.2 29.0078 -27.2972
vt 4.7028 12.2578
v 0.2 29.06 -27.3676
vt 4.63241 12.31
v 0.2 29.1105 -27.4392
vt 4.56078 12.3605
v 0.2 29.1592 -27.512
vt 4.48796 12.4092
v 0.2 29.2062 -27.586
vt 4.41399 12.4562
v 0.2 29.2514 -27.6611
vt 4.3389 12.5014
v 0.2 29.2947 -27.7372
vt 4.26276 12.5447
v 0.2 29.3362 -27.8144
vt 4.18559 12.5862
v 0.2 29.3759 -27.8926
vt 4.10744 12.6259
v 0.2 29.4136 -27.9716
vt 4.02836 12.6636
v 0.2 29.4494 -28.0516
vt 3.9484 12.6994
v 0.2 29.4833 -28.1324
vt 3.8676 12.7333
v 0.2 29.5153 -28.214
vt 3.78601 12.7653
v 0.2 29.5452 -28.2963
vt 3.70367 12.7952
v 0.2 29.5732 -28.3794
vt 3.62063 12.8232
v 0.2 29.5992 -28.4631
vt 3.53694 12.8492
v 0.2 29.6231 -28.5473
vt 3.45266 12.8731
v 0.2 29.645 -28.6322
vt 3.36782 12.895
v 0.2 29.6649 -28.7175
vt 3.28247 12.9149
v 0.2 29.6827 -28.8033
vt 3.19668 12.9327
v 0.2 29.6984 -28.8895
vt 3.11048 12.9484
v 0.2 29.7121 -28.9761
vt 3.02393 12.9621
v 0.2 29.7237 -29.0629
vt 2.93707 12.9737
v 0.2 29.7331 -29.15
vt 2.84996 12.9831
v 0.2 29.7405 -29.2374
vt 2.76265 12.9905
f 75/107/13 76/108/13 74/109/13 72/110/13 73/111/13 77/112/13 78/113/13 79/114/13 80/115/13 81/116/13 82/117/13 83/118/13 84/119/13 85/120/13 86/121/13 87/122/13 88/123/13 89/124/13 90/125/13 91/126/13 92/127/13 93/128/13 94/129/13 95/130/13 96/131/13 97/132/13 98/133/13 99/134/13 100/135/13 101/136/13 102/137/13 103/138/13 104/139/13 105/140/13 106/141/13 107/142/13 108/143/13 109/144/13 110/145/13 111/146/13 112/147/13 113/148/13 114/149/13 115/150/13 116/151/13 117/152/13 118/153/13 119/154/13 120/155/13 121/156/13 122/157/13 123/158/13 124/159/13 125/160/13 

vt 57.9863 -2.11666
vn 3.03959e-14 0.99971 0.0240701
vt 57.9863 -2.20428
vn 3.04147e-14 0.998841 0.0481263
vt 129.986 -2.20428
vt 129.986 -2.11666
f 76/161/14 75/162/15 22/163/15 21/164/14 

vt 57.9863 -1.88871
vt 57.9863 -1.97633
vn 3.04158e-14 0.997393 0.0721546
vt 129.986 -1.97633
vt 129.986 -1.88871
f 75/165/15 125/166/16 23/167/16 22/168/15 

vt 57.9863 -1.65965
vt 57.9863 -1.74727
vn 3.03993e-14 0.995368 0.0961411
vt 129.986 -1.74727
vt 129.986 -1.65965
f 125/169/16 124/170/17 24/171/17 23/172/16 

vt 57.9863 -1.42959
vt 57.9863 -1.51722
vn 3.03652e-14 0.992765 0.120072
vt 129.986 -1.51722
vt 129.986 -1.42959
f 124/173/17 123/174/18 25/175/18 24/176/17 

vt 57.9863 -1.19869
vt 57.9863 -1.28631
vn 3.03135e-14 0.989587 0.143933
vt 129.986 -1.28631
vt 129.986 -1.19869
f 123/177/18 122/178/19 26/179/19 25/180/18 

vt 57.9863 -0.967059
vt 57.9863 -1.05468
vn 3.02443e-14 0.985836 0.167711
vt 129.986 -1.05468
vt 129.986 -0.967059
f 122/181/19 121/182/20 27/183/20 26/184/19 

vt 57.9863 -0.734847
vt 57.9863 -0.82247
vn 3.01575e-14 0.981514 0.191391
vt 129.986 -0.82247
vt 129.986 -0.734847
f 121/185/20 120/186/21 28/187/21 27/188/20 

vt 57.9863 -0.502183
vt 57.9863 -0.589807
vn 3.00532e-14 0.976623 0.214961
vt 129.986 -0.589807
vt 129.986 -0.502183
f 120/189/21 119/190/22 29/191/22 28/192/21 

vt 57.9863 -0.269203
vt 57.9863 -0.356827
vn 2.99315e-14 0.971166 0.238406
vt 129.986 -0.356827
vt 129.986 -0.269203
f 119/193/22 118/194/23 30/195/23 29/196/22 

vt 57.9863 -0.036042
vt 57.9863 -0.123665
vn 3.04988e-14 0.965146 0.261713
vt 129.986 -0.123665
vt 129.986 -0.036042
f 118/197/23 117/198/24 31/199/24 30/200/23 

vt 57.9863 0.197166
vt 57.9863 0.109542
vn 3.11083e-14 0.958567 0.284869
vt 129.986 0.109542
vt 129.986 0.197166
f 117/201/24 116/202/25 32/203/25 31/204/24 

vt 129.986 0.430284
vt 57.9863 0.430284
vt 57.9863 0.342661
vn 3.02286e-14 0.951432 0.307859
vt 129.986 0.342661
f 32/205/25 116/206/25 115/207/26 33/208/26 

vt 57.9863 0.663179
vt 57.9863 0.575556
vn 2.92723e-14 0.943746 0.330671
vt 129.986 0.575556
vt 129.986 0.663179
f 115/209/26 114/210/27 34/211/27 33/212/26 

vt 57.9863 0.895715
vt 57.9863 0.808092
vn 3.00067e-14 0.935513 0.353291
vt 129.986 0.808092
vt 129.986 0.895715
f 114/213/27 113/214/28 35/215/28 34/216/27 

vt 57.9863 1.12776
vt 57.9863 1.04013
vn 3.07819e-14 0.926739 0.375707
vt 129.986 1.04013
vt 129.986 1.12776
f 113/217/28 112/218/29 36/219/29 35/220/28 

vt 129.986 1.35917
vt 57.9863 1.35917
vt 57.9863 1.27155
vn 2.95989e-14 0.917427 0.397905
vt 129.986 1.27155
f 36/221/29 112/222/29 111/223/30 37/224/30 

vt 57.9863 1.58982
vt 57.9863 1.5022
vn 2.83418e-14 0.907583 0.419872
vt 129.986 1.5022
vt 129.986 1.58982
f 111/225/30 110/226/31 38/227/31 37/228/30 

vt 57.9863 1.81958
vt 57.9863 1.73196
vn 2.80677e-14 0.897214 0.441596
vt 129.986 1.73196
vt 129.986 1.81958
f 110/229/31 109/230/32 39/231/32 38/232/31 

vt 57.9863 2.04831
vt 57.9863 1.96068
vn 2.77774e-14 0.886325 0.463064
vt 129.986 1.96068
vt 129.986 2.04831
f 109/233/32 108/234/33 40/235/33 39/236/32 

vt 57.9863 2.27587
vt 57.9863 2.18825
vn 2.7471e-14 0.874922 0.484264
vt 129.986 2.18825
vt 129.986 2.27587
f 108/237/33 107/238/34 41/239/34 40/240/33 

vt 57.9863 2.50215
vt 57.9863 2.41452
vn 2.71487e-14 0.863012 0.505183
vt 129.986 2.41452
vt 129.986 2.50215
f 107/241/34 106/242/35 42/243/35 41/244/34 

vt 57.9863 2.72699
vt 57.9863 2.63937
vn 2.68106e-14 0.850602 0.525809
vt 129.986 2.63937
vt 129.986 2.72699
f 106/245/35 105/246/36 43/247/36 42/248/35 

vt 57.9863 2.95029
vt 57.9863 2.86266
vn 2.64571e-14 0.8377 0.546131
vt 129.986 2.86266
vt 129.986 2.95029
f 105/249/36 104/250/37 44/251/37 43/252/36 

vt 57.9863 3.17189
vt 57.9863 3.08427
vn 2.60882e-14 0.824312 0.566136
vt 129.986 3.08427
vt 129.986 3.17189
f 104/253/37 103/254/38 45/255/38 44/256/37 

vt 57.9863 3.39169
vt 57.9863 3.30407
vn 2.57041e-14 0.810446 0.585814
vt 129.986 3.30407
vt 129.986 3.39169
f 103/257/38 102/258/39 46/259/39 45/260/38 

vt 57.9863 3.60955
vt 57.9863 3.52192
vn 2.53052e-14 0.79611 0.605151
vt 129.986 3.52192
vt 129.986 3.60955
f 102/261/39 101/262/40 47/263/40 46/264/39 

vt 57.9863 3.82534
vt 57.9863 3.73771
vn 2.48916e-14 0.781314 0.624139
vt 129.986 3.73771
vt 129.986 3.82534
f 101/265/40 100/266/41 48/267/41 47/268/40 

vt 57.9863 4.03894
vt 57.9863 3.95131
vn 2.44636e-14 0.766064 0.642764
vt 129.986 3.95131
vt 129.986 4.03894
f 100/269/41 99/270/42 49/271/42 48/272/41 

vt 57.9863 4.25022
vt 57.9863 4.1626
vn 2.40214e-14 0.750371 0.661017
vt 129.986 4.1626
vt 129.986 4.25022
f 99/273/42 98/274/43 50/275/43 49/276/42 

vt 57.9863 4.45907
vt 57.9863 4.37144
vn 2.35653e-14 0.734243 0.678887
vt 129.986 4.37144
vt 129.986 4.45907
f 98/277/43 97/278/44 51/279/44 50/280/43 

vt 57.9863 4.66536
vt 57.9863 4.57773
vn 2.30955e-14 0.717689 0.696364
vt 129.986 4.57773
vt 129.986 4.66536
f 97/281/44 96/282/45 52/283/45 51/284/44 

vt 57.9863 4.86897
vt 57.9863 4.78134
vn 2.26124e-14 0.700719 0.713437
vt 129.986 4.78134
vt 129.986 4.86897
f 96/285/45 95/286/46 53/287/46 52/288/45 

vt 57.9863 4.98216
vn 2.21161e-14 0.683344 0.730097
vt 129.986 4.98216
vt 129.986 5.06978
vt 57.9863 5.06978
f 94/289/47 54/290/47 53/291/46 95/292/46 

vt 57.9863 5.26768
vt 57.9863 5.18006
vn 2.16071e-14 0.665572 0.746333
vt 129.986 5.18006
vt 129.986 5.26768
f 94/293/47 93/294/48 55/295/48 54/296/47 

vt 57.9863 5.37493
vn 2.10855e-14 0.647415 0.762137
vt 129.986 5.37493
vt 129.986 5.46256
vt 57.9863 5.46256
f 92/297/49 56/298/49 55/299/48 93/300/48 

vt 57.9863 5.56667
vn 2.05517e-14 0.628883 0.7775
vt 129.986 5.56667
vt 129.986 5.65429
vt 57.9863 5.65429
f 91/301/50 57/302/50 56/303/49 92/304/49 

vt 57.9863 5.75515
vn 2.0006e-14 0.609986 0.792412
vt 129.986 5.75515
vt 129.986 5.84277
vt 57.9863 5.84277
f 90/305/51 58/306/51 57/307/50 91/308/50 

vt 57.9863 5.94027
vn 1.94486e-14 0.590736 0.806865
vt 129.986 5.94027
vt 129.986 6.0279
vt 57.9863 6.0279
f 89/309/52 59/310/52 58/311/51 90/312/51 

vt 57.9863 6.12193
vn 1.88801e-14 0.571144 0.82085
vt 129.986 6.12193
vt 129.986 6.20955
vt 57.9863 6.20955
f 88/313/53 60/314/53 59/315/52 89/316/52 

vt 57.9863 6.30001
vn 2.04735e-14 0.55122 0.83436
vt 129.986 6.30001
vt 129.986 6.38764
vt 57.9863 6.38764
f 87/317/54 61/318/54 60/319/53 88/320/53 

vt 57.9863 6.47442
vn 2.20894e-14 0.530977 0.847386
vt 129.986 6.47442
vt 129.986 6.56205
vt 57.9863 6.56205
f 86/321/55 62/322/55 61/323/54 87/324/54 

vt 57.9863 6.64505
vn 1.9316e-14 0.510427 0.859921
vt 129.986 6.64505
vt 129.986 6.73268
vt 57.9863 6.73268
f 85/325/56 63/326/56 62/327/55 86/328/55 

vt 57.9863 6.89943
vt 57.9863 6.81181
vn 1.64998e-14 0.48958 0.871958
vt 129.986 6.81181
vt 129.986 6.89943
f 85/329/56 84/330/57 64/331/57 63/332/56 

vt 57.9863 6.97459
vn 1.58799e-14 0.46845 0.88349
vt 129.986 6.97459
vt 129.986 7.06221
vt 57.9863 7.06221
f 83/333/58 65/334/58 64/335/57 84/336/57 

vt 57.9863 7.1333
vn 1.52509e-14 0.447049 0.894509
vt 129.986 7.1333
vt 129.986 7.22093
vt 57.9863 7.22093
f 82/337/59 66/338/59 65/339/58 83/340/58 

vt 57.9863 7.28786
vn 1.4613e-14 0.425389 0.905011
vt 129.986 7.28786
vt 129.986 7.37548
vt 57.9863 7.37548
f 81/341/60 67/342/60 66/343/59 82/344/59 

vt 57.9863 7.43817
vn 1.39666e-14 0.403482 0.914988
vt 129.986 7.43817
vt 129.986 7.52579
vt 57.9863 7.52579
f 80/345/61 68/346/61 67/347/60 81/348/60 

vt 57.9863 7.58414
vn 1.33121e-14 0.381341 0.924435
vt 129.986 7.58414
vt 129.986 7.67176
vt 57.9863 7.67176
f 79/349/62 69/350/62 68/351/61 80/352/61 

vt 57.9863 7.72569
vn 1.02445e-14 0.36459 0.931168
vt 129.986 7.72569
vt 129.986 7.81332
vt 57.9863 7.81332
f 78/353/63 70/354/63 69/355/62 79/356/62 

vt 57.9863 -3.58979
vn 7.50668e-15 0.358979 0.933346
vt 129.986 -3.58979
vt 129.986 7.8386
vt 57.9863 7.8386
f 77/357/64 71/358/64 70/359/63 78/360/63 

vt 8.56066e-45 57.9863
vn -1.69561e-15 -1 -2.51344e-30
vt -2.72848e-12 129.986
vt -10 129.986
vt -10 57.9863
f 73/361/65 18/362/65 71/363/65 77/364/65 

vt 57.9863 -2.34335
vt 57.9863 -2.43098
vt 129.986 -2.43098
vt 129.986 -2.34335
f 74/365/12 76/366/14 21/367/14 20/368/12 

g Mesh3 Component_278_2 Group3 Group2 Group1 Model

usemtl FrontColor
v 5.2 24.75 -34
v 6.2 24.75 -34
v 6.2 26.75 -34
v 5.2 26.75 -34
f 126/1/1 127/2/1 128/3/1 129/4/1 

v 6.2 24.75 -32
v 6.2 24.65 -32
v 6.2 24.65 -34.1
v 6.2 26.85 -34.1
v 6.2 26.85 -32
v 6.2 26.75 -32
f 130/5/2 131/6/2 132/7/2 133/8/2 134/9/2 135/10/2 128/11/2 127/12/2 

v 5.2 24.75 -32
v 5.2 24.65 -32
f 130/13/3 136/14/3 137/15/3 131/16/3 

v 5.2 24.65 -34
f 136/17/4 126/18/4 138/19/4 137/20/4 

v 5.2 26.75 -32
v 5.2 26.85 -32
v 5.2 26.85 -34.1
v 5.2 24.65 -34.1
f 138/19/5 126/21/5 129/22/5 139/23/5 140/24/5 141/25/5 142/26/5 

f 139/27/6 129/28/6 128/29/6 135/30/6 

f 139/31/3 135/3/3 134/32/3 140/33/3 

f 133/32/7 141/34/7 140/35/7 134/36/7 

f 133/37/8 132/38/8 142/39/8 141/40/8 

f 132/37/6 131/41/6 137/42/6 138/43/6 142/44/6 

g Mesh4 Group5 Group4 Group2 Group1 Model

usemtl Color_M00
v 72.2 16.75 -2.60759e-10
vt 33 11
vn 1.01064e-15 -3.58974e-12 1
v 0.2 16.75 -2.61141e-10
vt 96 11
v 0.2 5.75 -3.01159e-10
vt 96 -3.82911e-11
v 72.2 5.75 -3.00777e-10
vt 33 1.66835e-10
f 143/369/66 144/370/66 145/371/66 146/372/66 

vt 33 3.94871e-11
vn -1.82336e-12 1 3.58974e-12
v 72.2 16.75 -32
vt 33 32
v 0.2 16.75 -32
vt 96 32
vt 96 3.99419e-11
f 143/373/67 147/374/67 148/375/67 144/376/67 

vt -32 11
vn 1 1.39601e-12 -1.01064e-15
vt 5.79258e-44 11
vt -4.00178e-11 2.19485e-10
v 72.2 5.75 -32
vt -32 2.19485e-10
f 147/377/68 143/378/68 146/379/68 149/380/68 

vt -33 32
vn 1.82336e-12 -1 -3.58974e-12
vt -33 4.00178e-11
vt -96 4.04725e-11
v 0.2 5.75 -32
vt -96 32
f 149/381/69 146/382/69 145/383/69 150/384/69 

vt 4.54747e-13 11
vn -1 -1.39601e-12 1.01064e-15
vt 32 11
vt 32 3.44614e-10
vt 4.04725e-11 1.14871e-10
f 144/385/70 148/386/70 150/387/70 145/388/70 

vt -96 11
vn -1.01064e-15 3.58974e-12 -1
vt -33 11
vt -33 5.19638e-11
vt -96 7.65805e-11
f 148/389/71 147/390/71 149/391/71 150/392/71 

g Mesh5 Component_278_3 Group4 Group2 Group1 Model

usemtl FrontColor
v 2.2 10.75 -34
vn -7.3328e-12 1.46656e-11 1
v 2.2 11.75 -34
v 0.2 11.75 -34
v 0.2 10.75 -34
f 151/1/72 152/2/72 153/3/72 154/4/72 

v 2.2 11.75 -32
vn -6.6454e-14 1 -3.12407e-13
v 2.3 11.75 -32
v 2.3 11.75 -34.1
v 0.1 11.75 -34.1
v 0.1 11.75 -32
v 0.2 11.75 -32
f 155/5/73 156/6/73 157/7/73 158/8/73 159/9/73 160/10/73 153/11/73 152/12/73 

vn -4.69672e-48 1.41014e-32 1
v 2.2 10.75 -32
v 2.3 10.75 -32
f 155/13/74 161/14/74 162/15/74 156/16/74 

vn 3.33067e-16 -1 -1.41014e-32
v 2.3 10.75 -34
f 161/17/75 151/18/75 163/19/75 162/20/75 

vn -4.31386e-09 -1 1.55065e-11
v 0.2 10.75 -32
v 0.1 10.75 -32
v 0.1 10.75 -34.1
v 2.3 10.75 -34.1
f 163/19/76 151/21/76 154/22/76 164/23/76 165/24/76 166/25/76 167/26/76 

vn 1 3.33067e-16 -0
f 164/27/77 154/28/77 153/29/77 160/30/77 

f 164/31/74 160/3/74 159/32/74 165/33/74 

vn -1 -3.33067e-16 -1.91222e-13
f 158/32/78 166/34/78 165/35/78 159/36/78 

vn 7.3328e-12 -1.46656e-11 -1
f 158/37/79 157/38/79 167/39/79 166/40/79 

f 157/37/77 156/41/77 162/42/77 163/43/77 167/44/77 

g Mesh6 Component_278_4 Group4 Group2 Group1 Model

v 72.2 10.75 -34
v 72.2 11.75 -34
v 70.2 11.75 -34
v 70.2 10.75 -34
f 168/1/72 169/2/72 170/3/72 171/4/72 

v 72.2 11.75 -32
v 72.3 11.75 -32
v 72.3 11.75 -34.1
v 70.1 11.75 -34.1
v 70.1 11.75 -32
v 70.2 11.75 -32
f 172/5/73 173/6/73 174/7/73 175/8/73 176/9/73 177/10/73 170/11/73 169/12/73 

v 72.2 10.75 -32
v 72.3 10.75 -32
f 172/13/74 178/14/74 179/15/74 173/16/74 

v 72.3 10.75 -34
f 178/17/75 168/18/75 180/19/75 179/20/75 

v 70.2 10.75 -32
v 70.1 10.75 -32
v 70.1 10.75 -34.1
v 72.3 10.75 -34.1
f 180/19/76 168/21/76 171/22/76 181/23/76 182/24/76 183/25/76 184/26/76 

f 181/27/77 171/28/77 170/29/77 177/30/77 

f 181/31/74 177/3/74 176/32/74 182/33/74 

f 175/32/78 183/34/78 182/35/78 176/36/78 

f 175/37/79 174/38/79 184/39/79 183/40/79 

f 174/37/77 173/41/77 179/42/77 180/43/77 184/44/77 

g Mesh7 Pillow_Abernathy_11_1 Pillow_Abernathy_SKU_EAN5489__18_1 Group2 Group1 Model

usemtl _Color_M03_1
v 54.046 17.0349 -20.776
vt 20.374 -3.15141
vn -0.0526928 -0.995632 -0.0770716
v 54.4891 17.0049 -21.1487
vt 20.9649 -2.86698
vn -0.0575435 -0.806492 -0.588438
v 56.7758 16.9935 -20.9614
vt 23.8917 -3.20779
vn -0.0151111 -0.959096 -0.282677
f 185/393/80 186/394/81 187/395/82

vt 18.5225 -7.23541
v 54.1194 17.1007 -21.5841
vt 18.844 -6.55398
vn -0.09249 -0.592683 -0.800108
vt 19.1684 -7.12194
f 185/396/80 188/397/83 186/398/81

vt 20.5189 -1.6007
v 51.4216 17.0832 -21.1712
vt 17.1483 -1.1884
vn 0.020796 -0.796602 -0.604146
vt 20.6269 -0.855041
f 185/399/80 189/400/84 188/401/83

v 51.5297 17.0817 -20.7542
vt 17.1152 -2.79603
vn 0.0114308 -0.947318 0.32009
vt 17.0028 -2.42035
vt 20.3479 -3.00446
f 190/402/85 189/403/84 185/404/80

v 50.29 17.0284 -20.7633
vt 15.8748 0.708125
vn 0.087914 -0.991695 0.0938743
vt 17.2631 1.30435
vt 17.4525 0.960947
f 191/405/86 189/406/84 190/407/85

vt 15.8146 1.74592
v 50.1474 17.0136 -21.2547
vt 15.5451 2.12295
vn 0.0595438 -0.699044 -0.712596
vt 17.1588 2.43607
f 191/408/86 192/409/87 189/410/84

v 49.5332 17.0022 -20.7287
vt 14.9164 0.494999
vn -0.0443708 -0.99094 0.126761
vt 15.6298 1.07886
vt 15.8738 0.684865
f 193/411/88 192/412/87 191/413/86

v 48.672 17.061 -20.8794
vt 13.2153 -2.85888
vn -0.00698018 -0.890132 -0.455649
vt 15.1423 -2.79312
vt 14.2967 -3.16014
f 194/414/89 192/415/87 193/416/88

vt 13.1914 -2.61137
v 49.898 17.0841 -21.6279
vt 14.8455 -2.14487
vn 0.0428177 -0.573013 -0.818427
vt 15.1187 -2.55545
f 194/417/89 195/418/90 192/419/87

vt 13.145 -2.6541
v 48.2318 17.2504 -21.8674
vt 12.712 -1.59363
vn 0.00657631 -0.493445 -0.869752
vt 14.8034 -2.20294
f 194/420/89 196/421/91 195/422/90

v 47.135 16.9779 -21.3772
vt 11.7635 1.52202
vn 0.0451837 -0.716526 -0.696096
vt 13.0676 2.41668
vt 13.7835 1.52251
f 197/423/92 196/424/91 194/425/89

vt 11.7268 0.454125
v 46.1654 17.0542 -21.6312
vt 10.4725 0.700563
vn 0.0120692 -0.56752 -0.823271
vt 13.1222 1.19824
f 197/426/92 198/427/93 196/428/91

v 46.5703 16.9614 -21.1423
vt 10.7641 -1.4781
vn -0.0110225 -0.892239 -0.451428
vt 10.2756 -0.955581
vt 11.5043 -1.3079
f 199/429/94 198/430/93 197/431/92

v 44.6811 16.9835 -21.0426
vt 8.41656 -1.12174
vn 0.0214917 -0.90865 -0.417006
vt 10.3472 -0.621318
vt 10.85 -1.13006
f 200/432/95 198/433/93 199/434/94

vt 8.45261 -1.09287
v 44.4569 17.0879 -21.7211
vt 8.1804 -0.424151
vn -0.00552886 -0.588119 -0.808756
vt 10.3766 -0.56731
f 200/435/95 201/436/96 198/437/93

v 42.7743 16.8418 -20.6817
vt 6.21783 -0.874649
vn 0.195936 -0.980603 -0.00511464
vt 8.31026 0.367394
vt 8.64073 -0.274537
f 202/438/97 201/439/96 200/440/95

vt 6.36943 -0.45826
v 43.0439 16.9225 -21.2306
vt 6.62889 0.125472
vn 0.0604828 -0.587084 -0.807263
vt 8.34382 0.963957
f 202/441/97 203/442/98 201/443/96

v 41.5466 16.6319 -20.6255
vt 5.02516 0.1564
vn 0.216698 -0.969157 0.117371
vt 6.56344 1.5777
vt 6.44094 0.950756
f 204/444/99 203/445/98 202/446/97

vt 4.80129 -0.749293
v 41.7322 16.7972 -21.2817
vt 4.94805 -0.0209495
vn 0.0522806 -0.498887 -0.865089
vt 6.61976 0.289748
f 204/447/99 205/448/100 203/449/98

v 40.5251 16.5676 -20.9073
vt 3.51358 -0.678482
vn 0.0904028 -0.677573 -0.729879
vt 4.97634 0.0999127
vt 4.84818 -0.631932
f 206/450/101 205/451/100 204/452/99

vt 3.16202 -0.523534
v 40.9682 16.9163 -21.4875
vt 3.73271 0.351717
vn -0.00576979 -0.370119 -0.928966
vt 4.71573 0.0522759
f 206/453/101 207/454/102 205/455/100

v 39.438 16.551 -21.0296
vt 1.89026 -0.477463
vn -0.0112449 -0.385401 -0.92268
vt 3.8325 0.411098
vt 3.29228 -0.483282
f 208/456/103 207/457/102 206/458/101

v 42.309 17.848 -22.3389
vt 5.36155 2.72212
vn -0.102719 -0.282611 -0.953719
vt 3.59625 0.841481
vt 1.60652 0.0650819
f 209/459/104 207/460/102 208/461/103

vt 5.4234 2.69963
v 42.3476 17.1795 -21.7731
vt 5.46175 1.35056
vn -0.00482629 -0.377949 -0.925814
vt 3.68102 0.797743
f 209/462/104 210/463/105 207/464/102

vt 5.34473 1.24701
vt 5.33157 2.59655
v 43.4017 17.3184 -22.0611
vt 6.71719 1.58076
vn -0.0637651 -0.408854 -0.91037
f 210/465/105 209/466/104 211/467/106

vt 5.19142 2.1905
v 44.1107 18.0222 -23.1096
vt 7.58563 2.75208
vn -0.0545393 -0.329158 -0.942699
vt 6.55009 1.13893
f 209/468/104 212/469/107 211/470/106

v 43.6905 18.8537 -23.6358
vt 7.06567 4.65153
vn -0.0491249 -0.244689 -0.968356
vt 7.53108 3.03642
vt 5.13176 2.49709
f 213/471/108 212/472/107 209/473/104

vt 7.23572 5.11294
v 45.0582 18.0912 -23.1503
vt 8.99583 3.65468
vn 0.0342065 -0.292214 -0.955741
vt 7.77647 3.52147
f 213/474/108 214/475/109 212/476/107

vt 7.23274 5.21925
v 46.0147 18.8086 -23.4279
vt 10.2273 5.08635
vn 0.0193249 -0.256857 -0.966256
vt 9.00465 3.77535
f 213/477/108 215/478/110 214/479/109

v 46.0926 19.9721 -23.9372
vt 10.3138 7.23162
vn -0.00158169 -0.197244 -0.980353
vt 10.227 5.09767
vt 7.23251 5.23019
f 216/480/111 215/481/110 213/482/108

v 48.5051 19.4865 -23.7326
vt 13.4301 6.2842
vn -0.00298668 -0.224775 -0.974406
vt 10.2249 5.03407
vt 10.3252 7.16743
f 217/483/112 215/484/110 216/485/111

vt 13.4307 6.27569
v 48.9924 18.3336 -23.0856
vt 14.0634 4.10674
vn -0.000687375 -0.286926 -0.957953
vt 10.2288 5.0169
f 217/486/112 218/487/113 215/488/110

vt 13.4286 6.20713
v 51.1801 18.9175 -23.451
vt 16.8696 5.15132
vn -0.00832101 -0.253529 -0.967292
vt 14.0516 4.03538
f 217/489/112 219/490/114 218/491/113

v 52.0236 19.9642 -23.9032
vt 17.958 7.16971
vn -0.00804626 -0.198783 -0.980011
vt 16.8745 5.25033
vt 13.431 6.29773
f 220/492/115 219/493/114 217/494/112

vt 17.9564 7.14107
v 57.9148 19.8252 -23.949
vt 25.539 6.92929
vn -0.0133321 -0.208005 -0.978037
vt 16.8688 5.22399
f 220/495/115 221/496/116 219/497/114

v 58.9575 20.8277 -24.1956
vt 26.8804 8.7677
vn 0.0117322 -0.17095 -0.98521
vt 25.5395 6.99567
vt 17.9569 7.20619
f 222/498/117 221/499/116 220/500/115

v 60.0711 19.2955 -23.8296
vt 28.3161 6.07096
vn 0.0490353 -0.230417 -0.971856
vt 25.5404 6.99883
vt 26.8809 8.77112
f 223/501/118 221/502/116 222/503/117

vt 28.3022 5.93087
v 57.5243 18.8399 -23.5075
vt 25.0193 5.05533
vn -0.0301034 -0.253904 -0.966761
vt 25.5284 6.86466
f 223/504/118 224/505/119 221/506/116

v 59.4251 18.0659 -23.2056
vt 27.468 3.62913
vn 0.0242786 -0.308834 -0.950806
vt 25.0254 5.03772
vt 28.3076 5.91612
f 225/507/120 224/508/119 223/509/118

vt 27.4187 3.35523
v 57.6827 17.7366 -22.8327
vt 25.1636 2.67314
vn -0.0610795 -0.342902 -0.937383
vt 24.9842 4.77759
f 225/510/120 226/511/121 224/512/119

vt 27.4863 3.44197
v 58.8834 17.2898 -22.2962
vt 26.7893 1.73556
vn 0.00221501 -0.451069 -0.892487
vt 25.244 2.71876
f 225/513/120 227/514/122 226/515/121

v 59.9757 17.3562 -22.2646
vt 28.203 2.38109
vn 0.0401696 -0.388533 -0.920559
vt 26.798 2.26602
vt 27.4598 3.98637
f 228/516/123 227/517/122 225/518/120

vt 26.7901 2.35748
vt 28.1944 2.47989
v 60.6164 17.0966 -21.7323
vt 29.0426 1.79345
vn -0.0101445 -0.492063 -0.8705
f 227/519/122 228/520/123 229/521/124

v 61.7277 17.1308 -21.7844
vt 30.4529 0.865494
vn 0.0208018 -0.377202 -0.925897
vt 29.0228 0.774886
vt 28.1974 1.48856
f 230/522/125 229/523/124 228/524/123

vt 29.0128 0.876864
vt 30.4432 0.961894
v 63.2095 16.7439 -21.1917
vt 32.348 0.0301939
vn -0.0764825 -0.512259 -0.855419
f 229/525/124 230/526/125 231/527/126

v 63.9182 16.9523 -21.3962
vt 33.3018 1.17857
vn 0.0533252 -0.276081 -0.959654
vt 32.3959 0.727885
vt 30.4746 1.62512
f 232/528/127 231/529/126 230/530/125

vt 33.1988 0.655537
v 64.351 16.4522 -21.0082
vt 33.7477 -0.339101
vn -0.0348763 -0.372732 -0.927283
vt 32.2826 0.226249
f 232/531/127 233/532/128 231/533/126

v 65.2375 16.25 -20.7612
vt 35.017 0.153117
vn 0.26988 -0.487033 -0.830641
vt 33.8669 0.574732
vt 33.2934 1.55535
f 234/534/129 233/535/128 232/536/127

v 64.4971 16.3353 -20.8129
vt 33.7653 -2.229
vn -0.222383 -0.823713 -0.521577
vt 33.589 -1.92932
vt 34.7135 -2.41511
f 235/537/130 233/538/128 234/539/129

vt 31.4421 -3.66581
vt 32.8648 -4.33075
vt 33.0217 -4.64104
f 231/540/126 233/541/128 235/542/130

v 63.4768 16.5974 -20.7605
vt 28.1428 -12.6027
vn -0.357766 -0.933368 -0.028776
vt 27.9913 -12.0142
vt 29.3507 -13.2784
f 236/543/131 231/544/126 235/545/130

v 62.3843 16.7566 -20.7601
vt 29.9968 -6.13642
vn -0.14602 -0.983639 -0.105513
vt 31.1152 -5.98187
vt 31.3728 -6.53216
f 237/546/132 231/547/126 236/548/131

v 60.9653 16.8712 -21.1701
vt 28.8539 -4.95688
vn -0.104017 -0.805921 -0.582814
vt 31.7161 -5.39883
vt 30.6097 -5.62389
f 238/549/133 231/550/126 237/551/132

vt 29.2387 -1.72923
vt 28.8258 -1.01277
vt 32.1222 -1.99974
f 238/552/133 229/553/124 231/554/126

vt 29.3297 -1.22186
v 59.4704 16.9637 -21.252
vt 27.411 -0.990295
vn -0.0355274 -0.763554 -0.644766
vt 28.9054 -0.512098
f 238/555/133 239/556/134 229/557/124

v 60.1919 16.9691 -20.7872
vt 20.2987 -19.7106
vn -0.104732 -0.961147 0.255395
vt 19.8418 -18.8088
vt 21.2754 -20.1048
f 240/558/135 239/559/134 238/560/133

v 59.1029 17.0043 -20.7894
vt 26.1516 -6.83386
vn -0.0349684 -0.98317 0.179318
vt 26.6927 -6.53297
vt 27.5286 -7.10152
f 241/561/136 239/562/134 240/563/135

vt 26.3145 -6.26026
v 57.8838 17.0027 -21.3224
vt 24.8442 -5.54778
vn -0.0140181 -0.827391 -0.561451
vt 26.8486 -5.94712
f 241/564/136 242/565/137 239/566/134

v 57.3874 17.0093 -20.7634
vt 24.8343 -1.88909
vn 0.00272595 -0.980928 0.194351
vt 25.4799 -1.40357
vt 27.0423 -1.88128
f 243/567/138 242/568/137 241/569/136

vt 24.9514 0.237259
vt 24.1543 0.34108
vt 25.552 0.777359
f 243/570/138 187/571/82 242/572/137

v 56.7806 17.0759 -20.5151
vt -15.5618 -18.4285
vn -0.00884409 -0.742334 0.669972
vt -15.2433 -18.6414
vt -15.8229 -19.1984
f 244/573/139 187/574/82 243/575/138

vt -20.6531 0.922014
vt -24.1493 0.530252
vt -24.1776 0.912243
f 185/576/80 187/577/82 244/578/139

v 54.1737 17.1766 -20.3541
vt -20.8352 1.69188
vn -0.0140462 -0.544233 0.838816
vt -20.6508 1.3129
vt -24.1753 1.31199
f 245/579/140 185/580/80 244/581/139

vt -20.8253 1.8338
vt -17.4114 1.67132
vt -20.6435 1.45356
f 245/582/140 190/583/85 185/584/80

v 51.4005 17.2308 -20.3537
vt -17.2714 2.00566
vn 0.0324276 -0.523072 0.851672
vt -17.4185 1.61684
vt -20.8332 1.76091
f 246/585/141 190/586/85 245/587/140

vt -16.6707 5.00987
vt -15.3031 4.41752
vt -16.8836 4.6528
f 246/588/141 191/589/86 190/590/85

v 50.0492 17.1206 -20.3535
vt -12.3633 9.6166
vn 0.130166 -0.471192 0.872373
vt -12.8057 9.44739
vt -13.89 10.4698
f 247/591/142 191/592/86 246/593/141

vt -13.4486 8.067
vt -12.9488 7.51519
vt -13.8672 7.8454
f 247/594/142 193/595/88 191/596/86

vt -15.6201 0.767879
v 48.5701 17.1963 -20.3499
vt -13.74 1.09231
vn 0.00547154 -0.568924 0.822372
vt -14.9168 0.523581
f 247/597/142 248/598/143 193/599/88

v 49.9115 17.3731 -19.9288
vt -15.4113 2.43781
vn 0.131462 -0.241194 0.961532
vt -13.664 2.13871
vt -15.5608 1.93324
f 249/600/144 248/601/143 247/602/142

v 48.2488 17.6126 -19.738
vt -13.3273 2.77184
vn 0.013002 -0.158891 0.987211
vt -13.6893 1.96831
vt -15.4406 2.24333
f 250/603/145 248/604/143 249/605/144

vt -12.4421 5.00077
v 47.1452 17.1956 -20.0975
vt -11.0965 4.16979
vn 0.0447756 -0.440934 0.896422
vt -12.9424 4.27526
f 250/606/145 251/607/146 248/608/143

v 46.3272 17.2276 -20.0728
vt -10.6155 2.7021
vn 0.0228123 -0.310729 0.950225
vt -11.6685 2.64927
vt -13.0857 3.35111
f 252/609/147 251/610/146 250/611/145

vt -10.7766 2.57102
v 46.5901 17.0017 -20.5907
vt -11.0877 2.03354
vn 0.0033347 -0.872506 0.488592
vt -11.8257 2.46596
f 252/612/147 253/613/148 251/614/146

vt -10.6303 3.14476
v 45.4986 17.0203 -20.5578
vt -9.56483 2.66889
vn -0.0184784 -0.859991 0.509975
vt -10.9695 2.6246
f 252/615/147 254/616/149 253/617/148

v 44.4724 17.4185 -19.7774
vt -8.38673 3.1482
vn 0.00179928 -0.301352 0.953511
vt -9.67118 2.24895
vt -10.7567 2.67719
f 255/618/150 254/619/149 252/620/147

vt -8.16791 3.66349
v 44.1715 17.074 -20.4351
vt -7.79589 2.9436
vn 0.0778379 -0.700231 0.70966
vt -9.50642 2.8469
f 255/621/150 256/622/151 254/623/149

v 43.0492 17.1038 -20.1663
vt -5.75923 4.01333
vn 0.078215 -0.318616 0.944651
vt -7.22233 4.06999
vt -7.48538 4.83644
f 257/624/152 256/625/151 255/626/150

vt -5.751 4.04701
vt -5.4963 3.44544
vt -7.21399 4.10632
f 257/627/152 202/628/97 256/629/151

vt -4.34338 5.42469
vt -2.85186 3.95904
vt -4.2538 4.77758
f 257/630/152 204/631/99 202/632/97

v 41.7419 17.0044 -20.0636
vt -4.11253 3.48065
vn 0.0677137 -0.188235 0.979787
vt -3.96533 2.75271
vt -5.77992 3.79194
f 258/633/153 204/634/99 257/635/152

vt -3.91274 3.65415
v 40.6169 16.6298 -20.3868
vt -2.58431 2.80495
vn 0.143724 -0.509022 0.848669
vt -3.79535 2.92082
f 258/636/153 259/637/154 204/638/99

v 40.9809 17.1864 -19.8997
vt -3.71478 2.70193
vn 0.00983825 -0.0470286 0.998845
vt -3.25357 1.76312
vt -4.69656 2.39846
f 260/639/155 259/640/154 258/641/153

vt -3.4417 2.93275
v 39.4447 16.6933 -20.1928
vt -1.50483 2.03257
vn -0.00850346 -0.0360495 0.999314
vt -3.02405 1.97378
f 260/642/155 261/643/156 259/644/154

vt -3.91504 1.953
v 42.3324 18.3444 -19.4202
vt -5.68033 3.83364
vn -0.0871798 0.0488007 0.994997
vt -1.9253 1.1766
f 260/645/155 262/646/157 261/647/156

v 42.3639 17.5264 -19.7335
vt -5.5633 2.65253
vn 0.0103698 -0.0503531 0.998678
vt -5.52495 4.00159
vt -3.78257 2.09971
f 263/648/158 262/649/157 260/650/155

vt -5.74291 3.89918
vt -5.75608 2.54964
v 43.422 17.7505 -19.5202
vt -7.12853 2.88338
vn -0.048522 -0.0845019 0.995241
f 262/651/157 263/652/158 264/653/159

vt -6.83198 3.77077
vt -5.47454 3.38043
vt -6.36486 2.66188
f 264/654/159 263/655/158 257/656/152

vt -5.13423 3.43657
vt -4.37951 2.53591
vt -6.06022 2.76462
f 263/657/158 258/658/153 257/659/152

vt -3.61231 2.55792
vt -4.59878 2.27007
vt -5.38156 3.14645
f 260/660/155 258/661/153 263/662/158

vt -7.01784 3.51832
vt -6.51541 2.42498
vt -8.35873 2.9341
f 264/663/159 257/664/152 255/665/150

v 44.4576 17.9676 -19.201
vt -8.4344 3.82003
vn -0.0246227 -0.0970217 0.994978
vt -7.08692 3.47619
vt -8.41996 2.87426
f 265/666/160 264/667/159 255/668/150

vt -8.61154 3.27453
v 44.1454 18.76 -18.7719
vt -8.27001 4.59817
vn -0.039029 0.00111433 0.999237
vt -7.25404 2.97263
f 265/669/160 266/670/161 264/671/159

v 45.6674 17.7712 -19.3683
vt -9.60789 3.40464
vn 0.0533998 -0.0830285 0.995115
vt -7.61859 5.00466
vt -8.04386 3.7055
f 267/672/162 266/673/161 265/674/160

vt -9.6481 3.40333
v 45.0933 18.8366 -18.7676
vt -8.88333 5.15055
vn 0.0498123 0.0401063 0.997953
vt -7.66472 5.01069
f 267/675/162 268/676/163 266/677/161

v 46.1401 18.4508 -19.1001
vt -9.92765 4.67987
vn 0.0614415 0.0122141 0.998036
vt -8.55086 5.26876
vt -9.35777 3.5406
f 269/678/164 268/679/163 267/680/162

vt -9.68145 4.37164
v 46.052 19.6036 -18.7542
vt -9.49718 6.27327
vn 0.0353432 0.0788018 0.996264
vt -8.29682 4.94187
f 269/681/164 270/682/165 268/683/163

v 47.9273 18.3411 -19.1968
vt -12.5619 3.96935
vn 0.0139368 -0.00556537 0.999887
vt -10.1287 6.03432
vt -10.2593 4.12825
f 271/684/166 270/685/165 269/686/164

vt -12.6198 3.97622
v 48.8066 19.4193 -18.8557
vt -13.7411 5.76319
vn 0.0143998 0.0727762 0.997244
vt -10.1939 6.04979
f 271/687/166 272/688/167 270/689/165

v 50.3266 18.6704 -19.0983
vt -15.7385 4.48491
vn 0.0095779 0.0136211 0.999861
vt -13.7778 5.71836
vt -12.6528 3.93379
f 273/690/168 272/691/167 271/692/166

vt -15.6832 4.47083
v 51.9939 19.7332 -18.84
vt -17.8179 6.24558
vn 0.00558391 0.0936878 0.995586
vt -13.7186 5.69791
f 273/693/168 274/694/169 272/695/167

v 54.2245 19.1754 -18.9358
vt -20.7952 5.13254
vn 0.00484077 0.0511222 0.998681
vt -17.9237 6.0635
vt -15.7799 4.29985
f 275/696/170 274/697/169 273/698/168

v 57.5617 19.6362 -18.8263
vt -25.0696 5.87578
vn -0.0148596 0.0825251 0.996478
vt -17.9039 6.03563
vt -20.7763 5.10728
f 276/699/171 274/700/169 275/701/170

vt -25.064 5.68184
v 57.9565 20.7112 -18.74
vt -25.5687 7.49242
vn 0.000381829 0.12328 0.992372
vt -17.8983 5.84022
f 276/702/171 277/703/172 274/704/169

vt -25.1439 5.60182
v 60.112 20.1674 -18.7032
vt -28.4268 6.47736
vn 0.064721 0.103696 0.992501
vt -25.653 7.41116
f 276/705/171 278/706/173 277/707/172

vt -25.1186 5.69972
v 59.4597 18.802 -18.8779
vt -27.5612 4.29113
vn 0.0398556 0.0228133 0.998945
vt -28.4008 6.57812
f 276/708/171 279/709/174 278/710/173

v 57.7125 18.3715 -19.1002
vt -25.4115 3.59289
vn -0.0452236 -0.0142552 0.998875
vt -27.6666 4.27498
vt -25.232 5.69734
f 280/711/175 279/712/174 276/713/171

v 58.906 17.77 -19.4731
vt -26.7458 3.5109
vn 0.0172681 -0.130652 0.991278
vt -27.4428 5.2173
vt -25.2005 4.4941
f 281/714/176 279/715/174 280/716/175

vt -26.5094 4.12035
v 59.9975 17.82 -19.5378
vt -27.9144 4.23541
vn 0.055481 -0.062423 0.996507
vt -27.1712 5.8407
f 281/717/176 282/718/177 279/719/174

vt -27.8523 4.83455
vt -26.448 4.71214
v 60.6305 17.3977 -19.9619
vt -28.7005 4.14811
vn -4.00233e-05 -0.206268 0.978495
f 282/720/177 281/721/176 283/722/178

vt -29.0387 3.17891
vt -26.8185 3.85916
v 59.4775 17.1158 -20.3576
vt -27.5555 2.66705
vn -0.00960783 -0.494078 0.869365
f 283/723/178 281/724/176 284/725/179

v 57.7099 17.4389 -19.8524
vt -25.1118 4.10017
vn -0.00987524 -0.223021 0.974764
vt -27.4079 3.5548
vt -26.6316 4.72169
f 285/726/180 284/727/179 281/728/176

vt -25.3091 3.15613
v 57.8921 17.1791 -20.2852
vt -25.54 2.64618
vn -7.87401e-05 -0.575212 0.818005
vt -27.5794 2.5115
f 285/729/180 286/730/181 284/731/179

v 56.864 17.2908 -20.0938
vt -24.1501 3.35964
vn -0.00965239 -0.332016 0.943224
vt -25.476 3.14805
vt -25.2351 3.65333
f 287/732/182 286/733/181 285/734/180

vt -24.2307 2.78864
vt -24.1179 2.33919
vt -25.551 2.54434
f 287/735/182 244/736/139 286/737/181

vt -20.7392 2.80085
vt -24.0936 2.58014
vt -24.2018 3.03069
f 245/738/140 244/739/139 287/740/182

v 54.12 17.4268 -19.9504
vt -20.7038 3.05796
vn -0.00532729 -0.25488 0.966958
vt -20.7674 2.57474
vt -24.2322 2.76937
f 288/741/183 245/742/140 287/743/182

vt -20.7117 3.00676
vt -17.2065 2.65878
vt -20.7741 2.52339
f 288/744/183 246/745/141 245/746/140

v 51.1781 17.4898 -19.9393
vt -16.9262 3.16732
vn 0.0164486 -0.210125 0.977536
vt -17.2057 2.66439
vt -20.7107 3.01344
f 289/747/184 246/748/141 288/749/183

vt -16.4206 4.83375
vt -15.0239 4.08234
vt -16.7503 4.36232
f 289/750/184 247/751/142 246/752/141

v 49.9079 17.8747 -19.4842
vt -15.1816 4.11185
vn 0.0897884 -0.0931994 0.991591
vt -15.3788 2.79301
vt -16.8241 3.44599
f 290/753/185 247/754/142 289/755/184

vt -7.41538 7.2445
vt -7.7534 6.46941
vt -8.16524 6.14179
f 290/756/185 249/757/144 247/758/142

vt -15.2445 3.76577
vt -13.1095 3.32734
vt -15.2495 2.92019
f 290/759/185 250/760/145 249/761/144

vt -12.7496 4.3379
vt -13.1553 3.12214
vt -15.2935 3.54433
f 271/762/166 250/763/145 290/764/185

vt -12.4688 4.70444
v 46.2472 17.8546 -19.4408
vt -10.325 3.85989
vn 0.0604439 -0.0820034 0.994797
vt -12.9141 3.50262
f 271/765/166 291/766/186 250/767/145

vt -10.3026 4.50793
vt -10.4498 3.5258
vt -12.6047 4.34151
f 269/768/164 291/769/186 271/770/166

vt -9.13442 3.77142
vt -9.87985 3.94588
vt -9.68568 4.91981
f 267/771/162 291/772/186 269/773/164

vt -8.81383 4.82533
vt -9.78798 3.96795
vt -9.55404 5.02074
f 267/774/162 252/775/147 291/776/186

vt -9.65937 4.142
vt -8.13609 3.49573
vt -10.5319 3.18137
f 267/777/162 255/778/150 252/779/147

vt -8.28656 4.04142
vt -8.29715 3.0956
vt -9.84053 3.69228
f 265/780/160 255/781/150 267/782/162

vt -10.4204 4.04216
vt -10.5433 2.97071
vt -13.0047 3.65211
f 291/783/186 252/784/147 250/785/145

vt -15.6645 4.83936
vt -12.5818 4.27174
vt -15.1397 3.52457
f 273/786/168 271/787/166 290/788/185

vt -15.5762 4.96916
vt -15.0605 3.65077
v 51.2948 17.9546 -19.5198
vt -16.8445 3.80882
vn 0.017028 -0.0749467 0.997042
f 273/789/168 290/790/185 292/791/187

vt -14.9667 4.37684
vt -16.6294 3.76302
vt -16.7491 4.55253
f 290/792/185 289/793/184 292/794/187

vt -17.0585 3.79868
vt -16.9047 3.01509
v 54.0142 17.8329 -19.5616
vt -20.5573 3.57699
vn -0.00152767 -0.0891566 0.996016
f 292/795/187 289/796/184 293/797/188

vt -20.5387 3.68754
vt -16.888 3.11361
vt -20.6738 2.99647
f 293/798/188 289/799/184 288/800/183

vt -20.535 3.70072
vt -20.6705 3.00973
v 57.0121 17.6814 -19.6613
vt -24.3928 3.43434
vn -0.0233082 -0.0967043 0.99504
f 293/801/188 288/802/183 294/803/189

vt -20.6412 3.22447
vt -24.1738 2.99253
vt -24.3609 3.6713
f 288/804/183 287/805/182 294/806/189

vt -24.5386 2.51716
vt -24.32 1.84788
vt -25.4207 2.07598
f 294/807/189 287/808/182 285/809/180

vt -24.3711 3.40388
vt -25.2703 2.99867
vt -25.2691 4.55791
f 294/810/189 285/811/180 280/812/175

vt -25.4624 3.72726
vt -25.4126 2.16881
vt -26.9704 2.68779
f 280/813/175 285/814/180 281/815/176

v 57.2006 18.6059 -19.1392
vt -24.8385 2.81494
vn -0.0376582 0.0226017 0.999035
vt -24.485 1.31317
vt -25.4819 2.38295
f 295/816/190 294/817/189 280/818/175

v 54.1459 18.3182 -19.255
vt -20.6185 4.33688
vn 0.00566566 -0.0104609 0.999929
vt -24.3166 3.30706
vt -24.5462 4.8327
f 296/819/191 294/820/189 295/821/190

vt -20.6586 4.33321
vt -20.4931 3.53095
vt -24.3525 3.2884
f 296/822/191 293/823/188 294/824/189

vt -15.7921 4.80916
vt -20.5372 3.41411
vt -20.707 4.21546
f 273/825/168 293/826/188 296/827/191

vt -15.7778 4.80946
vt -17.0251 3.62651
vt -20.525 3.42165
f 273/828/168 292/829/187 293/830/188

vt -20.6455 4.01379
vt -20.7399 5.42801
vt -15.7272 4.57915
f 296/831/191 275/832/170 273/833/168

vt -20.6705 3.97457
vt -24.6003 4.45299
vt -20.7676 5.38861
f 296/834/191 295/835/190 275/836/170

vt -24.5665 4.40918
vt -25.0231 6.1146
vt -20.7316 5.33625
f 295/837/190 276/838/171 275/839/170

vt -24.8815 3.61348
vt -25.5353 3.19745
vt -25.389 5.30446
f 295/840/190 280/841/175 276/842/171

vt -23.6589 5.23253
vt -24.4604 5.09652
vt -25.0569 5.60845
f 244/843/139 243/844/138 286/845/181

vt -25.4584 3.32526
vt -24.8181 2.86933
vt -27.0261 2.87665
f 286/846/181 243/847/138 241/848/136

vt -25.6054 -0.901815
vt -27.0814 -1.59482
vt -27.612 -1.29024
f 286/849/181 241/850/136 284/851/179

vt -27.561 -1.96583
vt -27.0229 -2.25698
vt -28.4016 -2.51597
f 284/852/179 241/853/136 240/854/135

vt -27.6577 0.68663
vt -28.5461 0.217593
v 60.4599 17.0907 -20.3797
vt -28.9161 0.556383
vn -0.0837353 -0.53683 0.839525
f 284/855/179 240/856/135 297/857/192

vt -27.992 -6.221
vt -27.5502 -6.45872
v 60.9069 16.8919 -20.7875
vt -28.4132 -6.80388
vn -0.222898 -0.955421 0.193616
f 297/858/192 240/859/135 298/860/193

vt 24.0658 -14.3151
vt 25.1028 -14.4995
vt 24.8831 -14.7576
f 240/861/135 238/862/133 298/863/193

v 61.5487 16.8114 -20.6763
vt 24.3123 -16.8708
vn -0.139167 -0.787904 0.599867
vt 23.6577 -16.3347
vt 23.8948 -16.0926
f 299/864/194 298/865/193 238/866/133

vt -23.5268 -17.8268
vt -22.7031 -16.5927
vt -22.8711 -17.2919
f 299/867/194 297/868/192 298/869/193

vt -29.1383 2.1946
vt -28.9008 1.64402
vt -30.2865 1.11371
f 283/870/178 297/871/192 299/872/194

vt -27.5591 2.63524
vt -28.8234 2.58749
vt -29.0429 3.14551
f 284/873/179 297/874/192 283/875/178

vt -29.1685 1.07626
vt -30.2757 -0.0466646
v 62.9657 16.8544 -20.4356
vt -32.1092 -0.0375414
vn -0.0757495 -0.271934 0.95933
f 283/876/178 299/877/194 300/878/195

vt -30.2814 -0.449671
vt -31.3437 -0.648956
vt -32.1148 -0.430696
f 299/879/194 237/880/132 300/881/195

vt 29.0312 -7.53146
vt 28.3857 -6.92881
vt 30.0991 -7.69807
f 299/882/194 238/883/133 237/884/132

vt -31.7022 -3.57554
vt -30.9102 -3.69799
vt -32.2708 -4.14398
f 300/885/195 237/886/132 236/887/131

vt -24.4661 -18.1969
vt -24.7181 -18.9605
v 64.4916 16.3575 -20.6452
vt -25.6875 -19.9408
vn -0.230556 -0.60691 0.760594
f 300/888/195 236/889/131 301/890/196

vt 6.8034 -30.1032
vt 7.2394 -31.4169
vt 7.09998 -31.4497
f 236/891/131 235/892/130 301/893/196

vt 20.0522 -27.305
vt 20.1669 -27.2192
v 65.2129 16.3134 -20.575
vt 20.6069 -28.0566
vn 0.170563 -0.180145 0.968739
f 301/894/196 235/895/130 302/896/197

vt -31.153 -15.0632
vt -30.2636 -14.7407
vt -31.0972 -15.2296
f 302/897/197 235/898/130 234/899/129

vt -9.82451 14.3774
vt -9.9897 14.318
v 65.3439 16.4443 -20.7194
vt -9.97795 14.6687
vn 0.988651 0.00883968 0.149969
f 302/900/197 234/901/129 303/902/198

vt 29.9921 1.92769
vt 29.845 1.60918
v 65.209 16.6236 -20.9418
vt 29.7591 2.29646
vn 0.566888 -0.0601866 -0.821593
f 303/903/198 234/904/129 304/905/199

vt 33.1634 1.80522
vt 34.8531 1.11398
vt 34.9033 0.423159
f 232/906/127 304/907/199 234/908/129

vt 33.1281 1.76754
v 64.0267 17.8239 -21.7213
vt 33.243 3.34645
vn 0.210474 -0.189903 -0.958977
vt 34.8188 1.07849
f 232/909/127 305/910/200 304/911/199

vt 33.0458 1.85
v 61.4096 17.8053 -22.4604
vt 29.7375 3.60639
vn 0.0887928 -0.284232 -0.954635
vt 33.157 3.42918
f 232/912/127 306/913/201 305/914/200

vt 33.3026 1.40379
vt 30.4731 1.8354
vt 30.0399 3.2434
f 232/915/127 230/916/125 306/917/201

vt 30.4474 2.13332
vt 28.1713 2.67588
vt 30.0003 3.53699
f 230/918/125 228/919/123 306/920/201

vt 29.9196 3.97325
vt 28.1012 3.09006
vt 27.317 4.67571
f 306/921/201 228/922/123 225/923/120

vt 29.756 3.96523
vt 27.144 4.63201
vt 27.9044 6.94653
f 306/924/201 225/925/120 223/926/118

vt 27.6852 7.06626
v 62.4542 19.1642 -22.9022
vt 30.8365 6.57312
vn 0.162203 -0.240016 -0.957122
vt 29.5606 4.09984
f 223/927/118 307/928/202 306/929/201

vt 27.7094 7.16142
v 61.5236 20.1136 -23.8612
vt 29.5545 8.59074
vn 0.0973904 -0.18825 -0.97728
vt 30.8603 6.66574
f 223/930/118 308/931/203 307/932/202

vt 26.8417 8.7834
vt 30.1489 7.48257
vt 28.2798 6.08475
f 222/933/117 308/934/203 223/935/118

vt 26.797 8.6371
v 60.8396 21.1859 -23.9941
vt 29.2264 9.19038
vn 0.0933205 -0.162195 -0.982336
vt 30.1034 7.33405
f 222/936/117 309/937/204 308/938/203

v 60.43 22.1791 -24.3785
vt 28.6102 11.3035
vn 0.0390502 -0.159572 -0.986414
vt 29.1539 9.5069
vt 26.7246 8.95327
f 310/939/205 309/940/204 222/941/117

v 62.1717 22.1093 -23.9794
vt 30.7625 11.1036
vn 0.145421 -0.151921 -0.977636
vt 29.0475 9.53834
vt 28.5003 11.3338
f 311/942/206 309/943/204 310/944/205

vt 30.4199 11.5966
v 62.5697 21.2567 -23.4432
vt 30.9869 9.98439
vn 0.212385 -0.173015 -0.961748
vt 28.7153 10.02
f 311/945/206 312/946/207 309/947/204

vt 29.9493 11.7066
v 63.1852 21.8187 -23.4028
vt 31.3208 11.0464
vn 0.262999 -0.173339 -0.949097
vt 30.5293 10.0991
f 311/948/206 313/949/208 312/950/207

v 62.896 22.6413 -23.5742
vt 30.1375 10.858
vn 0.220147 -0.113572 -0.968833
vt 30.4964 9.41191
vt 29.1238 10.07
f 314/951/209 313/952/208 311/953/206

vt 29.0816 10.3576
v 63.6867 22.4752 -23.0147
vt 30.1872 9.91461
vn 0.392066 -0.147166 -0.908089
vt 29.4295 8.9089
f 314/954/209 315/955/210 313/956/208

v 63.5805 23.6423 -23.2035
vt 30.3945 12.8662
vn 0.247485 -0.146647 -0.957729
vt 30.5179 10.834
vt 29.4115 11.2753
f 316/957/211 315/958/210 314/959/209

vt 30.0657 10.7716
vt 29.9446 12.8039
v 64.2777 23.5542 -22.6721
vt 30.9366 12.5028
vn 0.493521 -0.204554 -0.845337
f 315/960/210 316/961/211 317/962/212

v 64.3607 24.6335 -22.9425
vt 31.3637 15.5782
vn 0.24029 -0.168122 -0.956031
vt 31.2982 13.6688
vt 30.3063 13.9702
f 318/963/213 317/964/212 316/965/211

vt 30.8613 13.7423
vt 30.9231 15.6519
v 64.9416 25.0433 -22.612
vt 31.7376 16.2529
vn 0.530484 -0.233791 -0.814818
f 317/966/212 318/967/213 319/968/214

v 65.2301 26.4001 -22.7514
vt 32.2973 18.3219
vn 0.205033 -0.0990509 -0.97373
vt 31.9328 15.9812
vt 31.1179 15.3807
f 320/969/215 319/970/214 318/971/213

vt 32.1012 18.3693
v 65.6319 26.4209 -22.4424
vt 32.6782 18.3162
vn 0.992738 -0.107836 -0.05331
vt 31.7381 16.0283
f 320/972/215 321/973/216 319/974/214

vt 32.4007 15.0549
vt 31.8238 15.1087
v 65.5217 26.6572 -22.4771
vt 32.2768 15.471
vn 0.989463 0.141099 -0.0324801
f 321/975/216 320/976/215 322/977/217

vt 30.6407 17.4251
vt 30.1839 17.0677
v 65.5085 26.7979 -22.5002
vt 30.6268 17.6701
vn 0.673363 0.731157 -0.109508
f 322/978/217 320/979/215 323/980/218

v 65.0675 26.7423 -22.595
vt 34.7408 16.6056
vn -0.0706346 0.379894 -0.922329
vt 35.3137 16.6779
vt 34.9317 16.0352
f 324/981/219 323/982/218 320/983/215

v 65.2294 26.784 -22.4254
vt -8.35471 35.9956
vn -0.0490585 0.646079 0.761693
vt -8.35867 36.3631
vt -8.17364 35.8161
f 325/984/220 323/985/218 324/986/219

vt -34.7673 15.0684
vt -34.4029 15.0199
v 65.2351 26.5057 -22.1308
vt -34.3846 14.427
vn 0.242431 0.212383 0.946636
f 323/987/218 325/988/220 326/989/221

vt -34.733 15.7459
v 63.7755 26.2482 -21.7055
vt -32.8318 14.554
vn 0.0558976 0.31366 0.947889
vt -34.7274 15.1528
f 325/990/220 327/991/222 326/992/221

vt -32.9819 14.4565
vt -34.8667 15.6743
v 63.3177 26.4779 -21.9707
vt -32.3979 14.9625
vn -0.0178951 0.554711 0.831851
f 327/993/222 325/994/220 328/995/223

vt -29.8581 19.114
vt -31.8729 20.7083
v 64.0769 26.6083 -22.5101
vt -30.5204 20.0358
vn -0.130357 0.770601 -0.623843
f 328/996/223 325/997/220 329/998/224

vt -20.5123 31.7386
vt -20.2776 31.6392
vt -19.642 30.5041
f 325/999/220 324/1000/219 329/1001/224

vt 33.7665 19.7903
v 63.7647 26.0194 -23.0503
vt 32.2092 18.4484
vn 0.030181 0.0144619 -0.99944
vt 32.5032 19.4799
f 324/1002/219 330/1003/225 329/1004/224

vt 33.0835 16.1952
vt 34.7786 17.3581
vt 34.98 16.7913
f 330/1005/225 324/1006/219 320/1007/215

v 63.2888 24.4278 -23.3426
vt 32.3576 14.0877
vn 0.128341 -0.111358 -0.985458
vt 33.0129 16.7304
vt 34.918 17.2984
f 331/1008/226 330/1009/225 320/1010/215

vt 32.3092 14.0272
v 60.7272 24.876 -23.7861
vt 29.0024 14.9186
vn 0.0538458 -0.0265509 -0.998196
vt 32.9712 16.6682
f 331/1011/226 332/1012/227 330/1013/225

v 61.7855 23.2476 -23.8717
vt 30.2878 11.9299
vn 0.129276 -0.0778193 -0.98855
vt 28.9759 14.705
vt 32.2814 13.8091
f 333/1014/228 332/1015/227 331/1016/226

vt 29.9617 11.3108
v 59.6757 23.681 -24.4065
vt 27.228 12.2145
vn 0.113907 -0.0387387 -0.992736
vt 28.6863 14.1029
f 333/1017/228 334/1018/229 332/1019/227

v 60.6223 22.5966 -24.3613
vt 28.4311 10.4937
vn 0.0736015 -0.109003 -0.991313
vt 27.2583 12.3765
vt 29.9929 11.4758
f 335/1020/230 334/1021/229 333/1022/228

vt 29.0166 11.7661
v 58.3275 23.5731 -24.4336
vt 26.0622 13.4407
vn -0.0220446 -0.110604 -0.99362
vt 27.7971 13.6189
f 335/1023/230 336/1024/231 334/1025/229

vt 28.7615 10.9951
vt 26.0569 13.3785
vt 29.0095 11.7008
f 310/1026/205 336/1027/231 335/1028/230

vt 28.7725 11.1097
v 57.2858 22.3097 -24.3606
vt 24.7255 11.3197
vn -0.0191731 -0.133451 -0.99087
vt 26.062 13.4864
f 310/1029/205 337/1030/232 336/1031/231

vt 26.8806 8.77689
vt 24.7252 11.3319
vt 28.7722 11.1222
f 222/1032/117 337/1033/232 310/1034/205

v 54.1136 21.4542 -24.2721
vt 20.6454 9.84382
vn -0.00864094 -0.155241 -0.987839
vt 24.7259 11.3253
vt 26.8807 8.76984
f 338/1035/233 337/1036/232 222/1037/117

v 53.8466 23.1722 -24.2671
vt 20.2893 12.7623
vn -0.0112565 -0.0932617 -0.995578
vt 24.7215 11.3302
vt 20.6427 9.84435
f 339/1038/234 337/1039/232 338/1040/233

vt 20.2948 12.7075
v 57.1427 23.4563 -24.2777
vt 24.5356 13.2019
vn -0.051775 -0.0889034 -0.994694
vt 24.7253 11.2701
f 339/1041/234 340/1042/235 337/1043/232

vt 20.2894 12.5809
v 56.865 24.3993 -24.0243
vt 24.1611 14.6443
vn -0.0663124 -0.0360445 -0.997148
vt 24.5292 13.0836
f 339/1044/234 341/1045/236 340/1046/235

vt 20.2934 12.5791
v 54.4654 24.486 -23.9698
vt 21.0793 14.765
vn -0.0125745 -0.0105715 -0.999865
vt 24.1685 14.6359
f 339/1047/234 342/1048/237 341/1049/236

v 51.0757 24.3009 -23.9596
vt 16.7171 14.4386
vn -0.000942705 -0.0182498 -0.999833
vt 21.0784 14.7687
vt 20.2929 12.5826
f 343/1050/238 342/1051/237 339/1052/234

vt 21.0627 14.2316
vt 16.7029 13.8821
v 52.9595 25.2675 -23.4595
vt 19.1056 15.5009
vn -0.0135286 0.12569 -0.991977
v 54.5259 25.39 -23.4418
vt 21.1194 15.7234
vn -0.0238345 0.131617 -0.991014
f 342/1053/237 343/1054/238 344/1055/239 345/1056/240 

vt 19.139 15.4862
vt 16.7228 13.8875
v 48.5649 25.4289 -23.3563
vt 13.4819 15.7371
vn 0.0149685 0.144246 -0.989429
f 344/1057/239 343/1058/238 346/1059/241

vt 13.5304 15.0782
vt 16.7364 13.1687
v 46.8583 25.2501 -23.5785
vt 11.3288 14.811
vn 0.0258854 0.0693816 -0.997254
f 346/1060/241 343/1061/238 347/1062/242

v 46.6308 24.6587 -23.9285
vt 11.0189 14.1934
vn 0.0327223 -0.00904431 -0.999424
vt 11.3182 15.1664
vt 16.7362 13.5585
f 348/1063/243 347/1064/242 343/1065/238

vt 11.3429 15.0188
vt 11.0228 14.0525
v 45.8634 25.0994 -23.7794
vt 10.0528 14.805
vn 0.0364651 0.0750874 -0.99651
f 347/1066/242 348/1067/243 349/1068/244

vt 10.0516 14.9451
vt 11.0253 14.1972
v 45.3817 24.4731 -24.1501
vt 9.40876 13.9277
vn 0.034918 -0.0234021 -0.999116
f 349/1069/244 348/1070/243 350/1071/245

vt 9.4032 14.3966
vt 11.0212 14.657
v 46.727 23.7777 -24.1821
vt 11.1179 13.1964
vn 0.0206978 -0.0742292 -0.997026
f 350/1072/245 348/1073/243 351/1074/246

vt 11.135 13.4286
vt 11.0106 14.8871
vt 16.7311 14.2826
f 351/1075/246 348/1076/243 343/1077/238

v 49.4648 22.9415 -24.2592
vt 14.6588 12.1406
vn -0.00281827 -0.104077 -0.994565
vt 11.1367 13.5517
vt 16.7342 14.3961
f 352/1078/247 351/1079/246 343/1080/238

v 46.6732 22.6962 -24.3228
vt 11.0671 11.8219
vn 0.0108753 -0.115448 -0.993254
vt 11.1341 13.6335
vt 14.659 12.2292
f 353/1081/248 351/1082/246 352/1083/247

v 44.1888 24.1324 -24.3226
vt 7.8701 14.211
vn -0.0188927 -0.0543347 -0.998344
vt 11.1361 13.5678
vt 11.0578 11.7567
f 354/1084/249 351/1085/246 353/1086/248

vt 9.41064 14.6287
vt 11.1341 13.4411
vt 7.86902 14.0891
f 350/1087/245 351/1088/246 354/1089/249

v 44.6063 25.0668 -23.9148
vt 8.40795 15.3029
vn -0.0172851 0.0566701 -0.998243
vt 9.40467 14.3211
vt 7.86873 13.7655
f 355/1090/250 350/1091/245 354/1092/249

vt 8.42965 14.9268
vt 10.0507 14.9467
vt 9.40961 13.9282
f 355/1093/250 349/1094/244 350/1095/245

v 45.1124 25.8259 -23.1868
vt 9.11844 14.8436
vn 0.0136427 0.264829 -0.964199
vt 10.0501 13.5975
vt 8.42904 13.5755
f 356/1096/251 349/1097/244 355/1098/250

v 46.187 25.7028 -23.2237
vt 10.4847 14.7508
vn 0.0389936 0.216664 -0.975467
vt 10.046 13.7407
vt 9.10537 14.98
f 357/1099/252 349/1100/244 356/1101/251

v 46.9353 25.6735 -23.1969
vt 11.4494 14.6792
vn 0.0316462 0.182319 -0.98273
vt 10.0469 13.7348
vt 10.4869 14.7444
f 358/1102/253 349/1103/244 357/1104/252

vt 11.4475 14.6695
vt 11.3327 13.9573
vt 10.0461 13.7235
f 358/1105/253 347/1106/242 349/1107/244

vt 11.4234 14.7885
vt 13.517 14.3596
vt 11.3177 14.0749
f 358/1108/253 346/1109/241 347/1110/242

v 47.1552 25.9243 -22.8304
vt 11.7825 12.6365
vn 0.0456975 0.412098 -0.909993
vt 13.5477 11.6776
vt 11.4727 12.189
f 359/1111/254 346/1112/241 358/1113/253

v 49.6358 25.6 -23.1302
vt 14.8926 13.6375
vn 0.00800385 0.256934 -0.966396
vt 13.512 13.347
vt 11.7046 14.2239
f 360/1114/255 346/1115/241 359/1116/254

vt 14.8845 13.4701
vt 19.1595 12.8669
vt 13.5052 13.1738
f 360/1117/255 344/1118/239 346/1119/241

v 53.0636 25.7876 -22.8862
vt 19.2849 14.2796
vn -0.0359431 0.371945 -0.927559
vt 19.1519 13.3771
vt 14.874 13.959
f 361/1120/256 344/1121/239 360/1122/255

vt 19.1234 15.058
vt 21.0392 14.411
vt 19.03 14.1505
f 361/1123/256 345/1124/240 344/1125/239

v 54.5519 25.8835 -22.876
vt 21.0538 15.0566
vn -0.0373715 0.406575 -0.912853
vt 21.0561 14.1931
vt 19.1431 14.8482
f 362/1126/257 345/1127/240 361/1128/256

v 56.5384 25.8126 -23.0405
vt 23.6723 14.6922
vn -0.0449801 0.305135 -0.951246
vt 21.1019 13.9169
vt 21.1109 14.7804
f 363/1129/258 345/1130/240 362/1131/257

vt 23.7448 15.02
v 56.5377 25.3223 -23.5031
vt 23.7484 14.1881
vn -0.0685521 0.0625355 -0.995686
vt 21.1587 14.2989
f 363/1132/258 364/1133/259 345/1134/240

vt 22.7651 17.9743
v 57.0611 25.2465 -23.7278
vt 23.5739 17.0751
vn -0.0852153 0.05921 -0.994602
vt 22.8714 17.1491
f 363/1135/258 365/1136/260 364/1137/259

v 58.2267 25.8859 -23.0464
vt 25.8145 14.9552
vn -0.072725 0.400425 -0.913439
v 58.761 25.3368 -23.7165
vt 26.5368 14.0043
vn 0.0712946 0.119557 -0.990264
vt 24.3528 13.8074
vt 23.6445 14.7876
f 366/1138/261 367/1139/262 365/1140/260 363/1141/258 

v 60.1028 26.1017 -22.9163
vt 28.1947 15.5346
vn -0.0651258 0.335992 -0.939611
vt 26.5196 14.1601
vt 25.7928 15.1076
f 368/1142/263 367/1143/262 366/1144/261

vt 28.2851 15.2421
v 59.7765 25.529 -23.5327
vt 27.884 14.246
vn 0.010088 0.0986112 -0.995075
vt 26.5831 13.901
f 368/1145/263 369/1146/264 367/1147/262

v 60.6905 25.8107 -23.271
vt 28.9933 15.1046
vn -0.0139005 0.102825 -0.994602
vt 27.8327 14.5946
vt 28.219 15.5966
f 370/1148/265 369/1149/264 368/1150/263

vt 29.1121 13.8647
vt 27.9147 14.9724
vt 29.1059 15.4061
f 332/1151/227 369/1152/264 370/1153/265

vt 26.6209 15.0637
vt 27.9346 15.3562
vt 29.141 14.2582
f 367/1154/262 369/1155/264 332/1156/227

vt 27.7699 12.5745
vt 26.6259 15.3192
vt 29.1486 14.5218
f 334/1157/229 367/1158/262 332/1159/227

vt 16.9772 1.3598
v 59.0075 24.6933 -24.1518
vt 16.7355 3.23193
vn 0.115848 0.0421867 -0.992371
vt 16.9008 4.33233
f 334/1160/229 371/1161/266 367/1162/262

vt 27.798 13.3366
v 57.9433 24.344 -24.2555
vt 25.5674 14.4385
vn -0.0508421 -0.0508722 -0.99741
vt 26.9363 15.0161
f 334/1163/229 372/1164/267 371/1165/266

vt 26.0631 13.2391
vt 25.5654 14.5191
vt 27.7977 13.4206
f 336/1166/231 372/1167/267 334/1168/229

vt 24.3901 13.5107
vt 25.398 15.0297
vt 25.9191 13.7591
f 340/1169/235 372/1170/267 336/1171/231

vt 24.2651 13.6986
vt 23.8588 15.2497
vt 25.2626 15.2245
f 340/1172/235 341/1173/236 372/1174/267

vt 25.2697 15.2471
vt 23.866 15.2729
vt 24.0611 16.6802
f 372/1175/267 341/1176/236 365/1177/260

vt 23.3778 17.5103
vt 23.2313 16.0971
vt 22.6745 17.5758
f 365/1178/260 341/1179/236 364/1180/259

vt 23.7457 15.4802
vt 24.1743 13.9594
vt 21.0854 14.0956
f 364/1181/259 341/1182/236 342/1183/237

vt 23.7376 15.4817
vt 21.0807 14.0907
vt 21.1475 15.5821
f 364/1184/259 342/1185/237 345/1186/240

vt 25.5096 14.4376
vt 24.3398 15.9026
vt 26.8683 15.0385
f 372/1187/267 365/1188/260 371/1189/266

vt 24.3965 15.2594
vt 26.5828 15.428
vt 26.9148 14.3659
f 365/1190/260 367/1191/262 371/1192/266

vt 24.6208 11.5126
vt 24.4122 13.4424
vt 25.9416 13.689
f 337/1193/232 340/1194/235 336/1195/231

vt 29.119 14.989
vt 29.0539 16.529
v 61.8109 25.8065 -23.3044
vt 30.4963 16.534
vn 0.00531809 0.0461988 -0.998918
f 332/1196/227 370/1197/265 373/1198/268

v 61.4905 26.3671 -22.7862
vt 30.0681 16.3874
vn -0.087008 0.391306 -0.916138
v 63.3105 26.3248 -22.8705
vt 32.4121 16.3362
vn 0.00662562 0.184404 -0.982828
vt 30.4961 15.4436
vt 29.0537 15.4386
f 374/1199/269 375/1200/270 373/1201/268 370/1202/265 

v 62.9429 26.5714 -22.4709
vt 31.9574 13.4548
vn -0.0504326 0.976804 -0.208113
vt 32.4374 12.9833
vt 30.0939 13.0514
f 376/1203/271 375/1204/270 374/1205/269

vt 33.1814 15.6626
vt 32.2268 15.1026
vt 31.724 15.5498
f 329/1206/224 375/1207/270 376/1208/271

vt 33.4491 14.7271
vt 32.9894 13.758
vt 32.4313 14.2925
f 329/1209/224 330/1210/225 375/1211/270

vt 33.0831 15.7287
vt 30.563 15.407
vt 32.505 16.2415
f 330/1212/225 373/1213/268 375/1214/270

vt 29.1418 14.5509
vt 30.5599 16.0585
vt 33.082 16.3638
f 332/1215/227 373/1216/268 330/1217/225

vt -32.5461 10.1877
vt -33.505 10.7952
vt -32.0483 10.6728
f 328/1218/223 329/1219/224 376/1220/271

vt -32.4332 8.20231
vt -31.9578 8.7094
v 61.7415 26.5067 -22.0738
vt -30.4061 8.32907
vn -0.0535268 0.632143 0.773001
f 328/1221/223 376/1222/271 377/1223/272

vt -30.5154 8.32338
vt -32.0152 8.87377
v 61.4468 26.5124 -22.424
vt -30.1068 8.59095
vn -0.175861 0.978931 -0.103767
f 377/1224/272 376/1225/271 378/1226/273

vt 29.3999 13.4788
vt 31.3089 13.758
vt 29.5057 13.1383
f 378/1227/273 376/1228/271 374/1229/269

vt 26.4174 21.1899
vt 26.6048 20.8865
v 60.2096 26.3191 -22.376
vt 24.9642 20.4545
vn -0.184971 0.980133 -0.0715842
f 378/1230/273 374/1231/269 379/1232/274

vt 24.2446 20.8401
vt 25.8641 21.3453
vt 24.3472 20.3081
f 379/1233/274 374/1234/269 368/1235/263

vt 29.8598 17.0329
vt 28.8778 16.0507
vt 28.0934 16.5263
f 374/1236/269 370/1237/265 368/1238/263

vt 28.011 12.0345
vt 27.9345 11.4982
v 59.0556 26.2194 -22.5162
vt 26.5525 11.705
vn -0.13839 0.813331 -0.565102
f 379/1239/274 368/1240/263 380/1241/275

vt 26.2985 14.7255
vt 27.6875 14.5724
vt 25.3278 13.9536
f 380/1242/275 368/1243/263 366/1244/261

vt 24.675 17.7735
vt 23.8408 16.8557
v 58.1659 26.1277 -22.4505
vt 23.5833 17.3828
vn -0.132409 0.959477 -0.248739
f 380/1245/275 366/1246/261 381/1247/276

vt 25.3559 12.1216
vt 25.5052 11.5543
vt 23.3507 11.2454
f 381/1248/276 366/1249/261 363/1250/258

vt 25.7659 11.5035
vt 23.6917 10.8064
v 56.5011 26.0531 -22.5583
vt 23.6279 11.3162
vn -0.0252595 0.777613 -0.628236
f 381/1251/276 363/1252/258 382/1253/277

vt 23.6623 11.0314
vt 23.7202 10.5209
vt 21.1606 10.6516
f 382/1254/277 363/1255/258 362/1256/257

vt 23.481 10.1653
vt 21.0028 9.65425
v 54.2165 26.0798 -22.3548
vt 20.5347 10.1194
vn -0.0734528 0.950602 -0.301597
f 382/1257/277 362/1258/257 383/1259/278

vt 20.5981 12.033
vt 18.7137 11.655
vt 20.0917 12.4561
f 362/1260/257 361/1261/256 383/1262/278

vt 19.8941 12.7557
vt 18.5407 11.9136
v 53.1913 25.9899 -22.4025
vt 18.6123 12.4114
vn -0.0480987 0.854404 -0.517378
f 383/1263/278 361/1264/256 384/1265/279

vt 19.455 9.03874
vt 19.2896 8.5638
v 49.6106 25.8993 -22.6636
vt 14.8465 8.83952
vn 0.0206548 0.569964 -0.82141
f 384/1266/279 361/1267/256 385/1268/280

vt 19.2449 12.511
vt 14.8395 12.1226
vt 14.7969 12.6913
f 361/1269/256 360/1270/255 385/1271/280

vt 14.9286 11.6657
vt 14.9329 11.0953
vt 11.7682 11.7965
f 385/1272/280 360/1273/255 359/1274/254

v 48.3383 26.0981 -22.2218
vt 13.3688 6.36408
vn 0.0614588 0.980015 -0.189193
vt 14.9506 5.74014
vt 11.7981 5.99778
f 386/1275/281 385/1276/280 359/1277/254

v 49.5703 26.028 -22.273
vt 14.9397 4.5481
vn 0.0365643 0.993484 -0.107943
vt 14.9324 4.18518
vt 13.3886 4.89817
f 387/1278/282 385/1279/280 386/1280/281

vt 14.7474 7.31623
vt 19.4094 7.24836
vt 14.8058 6.95796
f 387/1281/282 384/1282/279 385/1283/280

v 53.1676 26.0426 -21.9521
vt -19.1954 -1.96491
vn -0.0232733 0.886301 0.462524
vt -19.2536 -1.58368
vt -14.5949 -1.3955
f 388/1284/283 384/1285/279 387/1286/282

vt -14.6421 15.2954
vt -15.2804 16.5456
vt -14.3758 15.5743
f 388/1287/283 383/1288/278 384/1289/279

vt -19.5023 5.61164
v 54.0791 26.0408 -21.6408
vt -20.685 5.39248
vn -0.0173817 0.663593 0.747892
vt -20.8363 6.04829
f 388/1290/283 389/1291/284 383/1292/278

vt -20.7142 6.46578
vt -19.528 6.66511
v 49.6503 25.9073 -21.3234
vt -15.0432 5.74992
vn 0.0070308 0.58377 0.811888
f 389/1293/284 388/1294/283 390/1295/285

vt -14.8031 9.44418
vt -19.3426 10.0294
v 48.9967 26.0496 -21.7582
vt -13.9715 9.95585
vn 0.0383195 0.708122 0.70505
f 390/1296/285 388/1297/283 391/1298/286

vt -19.4179 1.92319
vt -14.7886 2.16454
vt -14.0504 1.71331
f 388/1299/283 387/1300/282 391/1301/286

vt -13.2509 1.33906
vt -14.0613 1.64182
vt -12.4947 1.91433
f 391/1302/286 387/1303/282 386/1304/281

vt -13.5736 2.77959
vt -12.784 3.30798
v 47.0558 26.1339 -21.802
vt -11.0992 3.15311
vn 0.0788062 0.798076 0.597381
f 391/1305/286 386/1306/281 392/1307/287

vt -13.2979 0.828509
v 47.1574 26.0714 -22.4304
vt -11.7719 0.918513
vn 0.0852551 0.919305 -0.3842
vt -11.668 0.374858
f 386/1308/281 393/1309/288 392/1310/287

vt 13.3797 6.57356
vt 11.8031 6.23354
vt 11.8514 6.60847
f 386/1311/281 359/1312/254 393/1313/288

vt 11.8346 5.47138
vt 11.7469 5.10366
v 46.136 26.0203 -22.784
vt 10.4888 5.50822
vn 0.093647 0.54172 -0.835326
f 393/1314/288 359/1315/254 394/1316/289

vt 10.4629 12.8333
vt 11.7678 12.6241
vt 10.5019 12.2494
f 394/1317/289 359/1318/254 357/1319/252

vt 11.7704 12.6775
vt 11.4653 12.2267
vt 10.5038 12.3054
f 359/1320/254 358/1321/253 357/1322/252

vt 10.4943 12.5569
vt 10.5187 11.9722
vt 9.14851 12.2506
f 394/1323/289 357/1324/252 356/1325/251

v 44.9451 26.1714 -22.4622
vt 8.80417 10.5694
vn 0.00424554 0.797615 -0.603152
vt 10.3414 10.2485
vt 9.02993 9.81854
f 395/1326/290 394/1327/289 356/1328/251

v 46.0796 26.2242 -22.3013
vt 10.3455 9.22336
vn 0.14795 0.981275 -0.123331
vt 10.4082 8.74423
vt 8.88298 9.11781
f 396/1329/291 394/1330/289 395/1331/290

v 46.433 26.1751 -22.12
vt 9.14815 3.42792
vn 0.217682 0.97601 -0.00442801
vt 8.47188 3.28657
vt 8.73118 3.69433
f 397/1332/292 394/1333/289 396/1334/291

vt 10.9781 2.02233
vt 11.7968 1.48881
vt 10.4532 1.57315
f 397/1335/292 393/1336/288 394/1337/289

vt -7.31848 -5.28091
vt -7.75632 -4.9423
vt -6.85673 -4.56066
f 392/1338/287 393/1339/288 397/1340/292

vt -10.4636 0.44221
vt -9.75674 0.924246
v 46.0815 26.2004 -21.6504
vt -9.21562 0.643776
vn 0.0792382 0.729761 0.679096
f 392/1341/287 397/1342/292 398/1343/293

vt -8.59211 1.33933
vt -9.15838 1.56476
vt -8.78593 1.89052
f 398/1344/293 397/1345/292 396/1346/291

vt -10.106 3.57708
vt -10.1373 4.16052
v 44.3921 26.2362 -21.7819
vt -7.94168 3.8208
vn 0.0600763 0.820278 0.568801
f 398/1347/293 396/1348/291 399/1349/294

vt -10.3804 3.62117
vt -8.97542 3.20137
vt -8.52792 2.39458
f 396/1350/291 395/1351/290 399/1352/294

vt -7.32218 -0.68639
vt -8.14612 -0.271322
v 44.0859 26.2137 -22.2907
vt -7.03328 -0.173798
vn 0.161874 0.900479 -0.40365
f 399/1353/294 395/1354/290 400/1355/295

vt 8.6337 7.8993
v 43.8776 26.0235 -22.8488
vt 7.29259 7.4324
vn 0.0762902 0.466618 -0.881162
vt 7.51865 7.96705
f 395/1356/290 401/1357/296 400/1358/295

vt 8.94327 9.85758
vt 9.12008 9.09371
vt 7.55251 9.5706
f 395/1359/290 356/1360/251 401/1361/296

vt 8.93254 13.9638
v 43.8578 25.5847 -23.4025
vt 7.33627 13.4955
vn -0.0189753 0.141309 -0.989784
vt 7.32465 14.2791
f 356/1362/251 402/1363/297 401/1364/296

vt 9.02208 14.9511
vt 8.38661 13.6552
vt 7.41235 14.5314
f 356/1365/251 355/1366/250 402/1367/297

vt 7.18007 15.8735
vt 8.20826 15.0613
v 43.0279 24.8416 -23.7866
vt 6.18613 14.5911
vn -0.0997751 -0.0251983 -0.994691
f 402/1368/297 355/1369/250 403/1370/298

vt 6.23183 15.0379
vt 8.259 15.4859
vt 7.78298 13.9277
f 403/1371/298 355/1372/250 354/1373/249

vt 6.10572 15.4413
vt 7.67971 14.3638
v 43.7006 23.4592 -24.4141
vt 7.09564 13.2139
vn -0.0526383 -0.111809 -0.992335
f 403/1374/298 354/1375/249 404/1376/299

vt 7.23904 13.1319
vt 7.87062 14.2565
vt 11.0625 11.8076
f 404/1377/299 354/1378/249 353/1379/248

vt 7.24026 13.2492
vt 11.067 11.9345
v 46.2088 21.2991 -24.2489
vt 10.4719 9.54225
vn -0.0065578 -0.154816 -0.987922
f 404/1380/299 353/1381/248 405/1382/300

vt 10.4703 9.53911
vt 11.0665 11.9311
vt 14.6589 12.3344
f 405/1383/300 353/1384/248 352/1385/247

vt 10.4727 9.5272
vt 14.6551 12.3317
v 49.6901 22.0608 -24.2865
vt 14.9496 10.8413
vn -0.00635862 -0.13641 -0.990632
f 405/1386/300 352/1387/247 406/1388/301

vt 14.9508 10.8268
vt 14.6576 12.3175
vt 20.296 12.7213
f 406/1389/301 352/1390/247 339/1391/234

vt 14.6554 12.1638
vt 16.7179 14.431
vt 20.2934 12.5743
f 352/1392/247 343/1393/238 339/1394/234

vt 20.6453 9.80674
vt 14.951 10.8331
vt 20.297 12.7253
f 338/1395/233 406/1396/301 339/1397/234

v 49.3645 20.8539 -24.134
vt 14.5341 8.784
vn -0.00363766 -0.179504 -0.983751
vt 14.9501 10.8735
vt 20.645 9.85051
f 407/1398/302 406/1399/301 338/1400/233

vt 10.4717 9.5598
vt 14.9504 10.868
vt 14.5335 8.77868
f 405/1401/300 406/1402/301 407/1403/302

vt 14.5346 8.78061
vt 10.3254 7.22308
vt 10.4728 9.56197
f 407/1404/302 216/1405/111 405/1406/300

vt 14.533 8.77956
vt 13.4309 6.34103
vt 10.3247 7.21955
f 407/1407/302 217/1408/112 216/1409/111

vt 17.9574 7.19556
vt 13.4293 6.32887
vt 14.5344 8.76606
f 220/1410/115 217/1411/112 407/1412/302

vt 20.6453 9.84545
vt 17.9581 7.20916
vt 14.5346 8.77843
f 338/1413/233 220/1414/115 407/1415/302

vt 26.8803 8.76821
vt 17.9569 7.20677
vt 20.645 9.84214
f 222/1416/117 220/1417/115 338/1418/233

vt 10.4716 9.55548
vt 10.3226 7.21668
v 43.8959 21.1549 -24.1426
vt 7.49391 9.27585
vn -0.0359029 -0.16321 -0.985938
f 405/1419/300 216/1420/111 408/1421/303

vt 7.49567 9.28388
vt 10.325 7.22549
v 43.2888 19.5943 -23.8393
vt 6.71712 6.55173
vn -0.0767245 -0.210102 -0.974664
f 408/1422/303 216/1423/111 409/1424/304

vt 6.71766 6.54289
vt 10.3254 7.21742
vt 7.23563 5.22897
f 409/1425/304 216/1426/111 213/1427/108

vt 6.37964 6.1162
vt 6.85316 4.78561
vt 4.86951 2.67687
f 409/1428/304 213/1429/108 209/1430/104

vt 5.1936 2.64533
v 42.1223 20.0068 -23.7873
vt 5.11197 6.82287
vn -0.125598 -0.207016 -0.970242
vt 6.61024 6.12421
f 209/1431/104 410/1432/305 409/1433/304

v 40.3858 18.8243 -22.3723
vt 2.68716 4.31526
vn -0.179791 -0.219866 -0.958819
vt 5.08194 6.79114
vt 5.13852 2.61318
f 411/1434/306 410/1435/305 209/1436/104

vt 2.53772 4.48755
v 40.9008 19.8414 -23.1301
vt 3.31045 6.45032
vn -0.254008 -0.218186 -0.942271
vt 4.96928 6.92732
f 411/1437/306 412/1438/307 410/1439/305

vt 2.22193 4.60566
v 40.0247 19.7666 -22.4609
vt 1.77226 6.23245
vn -0.307505 -0.183006 -0.933782
vt 3.0283 6.55485
f 411/1440/306 413/1441/308 412/1442/307

v 39.775 19.2548 -22.2141
vt 1.73293 5.41562
vn -0.277486 -0.158163 -0.947621
vt 2.07833 6.3549
vt 2.54392 4.7326
f 414/1443/309 413/1444/308 411/1445/306

v 39.4546 20.1406 -21.9735
vt 0.679862 7.04172
vn -0.531484 -0.105436 -0.840481
vt 1.54826 6.54908
vt 1.20368 5.6095
f 415/1446/310 413/1447/308 414/1448/309

v 40.0089 20.8236 -22.8268
vt 1.45113 8.14599
vn -0.374001 -0.145069 -0.916012
vt 1.38163 6.24503
vt 0.513649 6.7384
f 416/1449/311 413/1450/308 415/1451/310

vt 1.76832 6.25117
vt 1.81341 8.15287
vt 3.02441 6.57339
f 413/1452/308 416/1453/311 412/1454/307

vt 2.96321 6.50652
vt 1.75618 8.08903
v 41.0746 20.4005 -23.4999
vt 3.26535 7.56589
vn -0.200212 -0.150717 -0.968091
f 412/1455/307 416/1456/311 417/1457/312

vt 1.8889 8.47944
v 40.6229 21.3596 -23.1892
vt 2.70598 9.49725
vn -0.262606 -0.153181 -0.952667
vt 3.39822 7.95673
f 416/1458/311 418/1459/313 417/1460/312

v 39.8637 21.4647 -22.5917
vt 1.40798 9.59772
vn -0.406925 -0.134552 -0.903497
vt 2.51463 9.59329
vt 1.70903 8.56636
f 419/1461/314 418/1462/313 416/1463/311

vt 1.40496 8.82633
v 40.4509 21.8817 -23.3591
vt 2.34619 9.76884
vn -0.299616 -0.197387 -0.933418
vt 2.51161 8.8219
f 419/1464/314 420/1465/315 418/1466/313

v 39.5099 21.5491 -22.1395
vt 0.27579 9.48293
vn -0.597753 -0.135762 -0.790101
vt 1.83027 10.4007
vt 0.876406 9.47096
f 421/1467/316 420/1468/315 419/1469/314

v 39.9258 22.2638 -22.9856
vt 1.33775 10.4079
vn -0.404167 -0.154203 -0.901593
vt 2.10519 9.86409
vt 0.555196 8.93879
f 422/1470/317 420/1471/315 421/1472/316

v 40.6715 22.3331 -23.5879
vt 2.66525 11.158
vn -0.258217 -0.115675 -0.959137
vt 2.35488 10.3268
vt 1.58391 10.8657
f 423/1473/318 420/1474/315 422/1475/317

v 41.7344 22.2507 -24.0408
vt 4.45901 11.0101
vn -0.146521 -0.153611 -0.977208
vt 2.72634 10.1848
vt 3.0341 11.017
f 424/1476/319 420/1477/315 423/1478/318

vt 4.48124 10.9448
v 41.6212 21.2472 -23.6331
vt 4.29002 9.12096
vn -0.163832 -0.173547 -0.971103
vt 2.7494 10.1178
f 424/1479/319 425/1480/320 420/1481/315

v 42.7379 21.1985 -23.9401
vt 5.87168 9.14176
vn -0.0990662 -0.158187 -0.982427
vt 4.40875 9.1336
vt 4.58683 10.9588
f 426/1482/321 425/1483/320 424/1484/319

vt 3.71879 7.8879
vt 4.40745 9.36771
vt 5.87038 9.37587
f 417/1485/312 425/1486/320 426/1487/321

vt 3.5808 7.95137
vt 2.90754 9.50028
vt 4.25181 9.43928
f 417/1488/312 418/1489/313 425/1490/320

vt 4.2299 8.95744
vt 2.88564 9.01843
vt 2.69319 9.96025
f 425/1491/320 418/1492/313 420/1493/315

vt 3.72199 7.88521
vt 5.87394 9.37264
vt 5.1042 7.30088
f 417/1494/312 426/1495/321 410/1496/305

vt 5.16124 7.26826
vt 5.94068 9.33639
vt 7.44252 9.32323
f 410/1497/305 426/1498/321 408/1499/303

vt 7.44186 9.2658
vt 5.94002 9.27894
v 43.1868 22.743 -24.3483
vt 6.52583 12.014
vn -0.104115 -0.117582 -0.98759
f 408/1500/303 426/1501/321 427/1502/322

vt 6.54843 12.0119
vt 5.9645 9.27642
vt 4.66967 11.0863
f 427/1503/322 426/1504/321 424/1505/319

vt 6.41996 12.059
vt 4.55238 11.111
v 41.0125 23.5079 -23.4776
vt 3.50218 13.125
vn -0.175917 -0.0781656 -0.981297
f 427/1506/322 424/1507/319 428/1508/323

vt 3.38401 13.2004
vt 4.4608 11.2005
vt 3.03589 11.2075
f 428/1509/323 424/1510/319 423/1511/318

vt 3.1759 13.2559
vt 2.86629 11.2567
v 39.8836 23.2839 -22.8941
vt 1.65506 12.6948
vn -0.285373 -0.115303 -0.951456
f 428/1512/323 423/1513/318 429/1514/324

vt 2.62142 11.2725
vt 1.54044 10.9788
vt 1.38422 12.6883
f 423/1515/318 422/1516/317 429/1517/324

v 39.4584 23.0469 -22.4662
vt 0.499267 12.1607
vn -0.516616 -0.164836 -0.840201
vt 1.13442 12.6883
vt 1.3072 10.9804
f 430/1518/325 429/1519/324 422/1520/317

vt 0.677278 11.9897
v 39.7622 24.0365 -22.9171
vt 1.13324 13.7965
vn -0.262927 -0.147901 -0.953412
vt 1.31409 12.5154
f 430/1521/325 431/1522/326 429/1523/324

v 38.959 24.8301 -22.3656
vt -0.0112619 14.9695
vn -0.611575 -0.200997 -0.76523
vt 1.17479 13.7858
vt 0.719013 11.979
f 432/1524/327 431/1525/326 430/1526/325

v 39.4259 25.2334 -22.7955
vt 0.721525 15.8356
vn -0.192483 -0.13183 -0.972405
vt 1.2344 13.8435
vt 0.0484978 15.0274
f 433/1527/328 431/1528/326 432/1529/327

v 40.7071 25.0862 -23.2546
vt 2.97701 15.7976
vn -0.14356 -0.104593 -0.984099
vt 1.76438 13.9142
vt 1.27643 15.9125
f 434/1530/329 431/1531/326 433/1532/328

vt 3.08745 15.7514
vt 2.03958 12.5899
vt 1.8682 13.8723
f 434/1533/329 429/1534/324 431/1535/326

vt 3.25948 13.2161
vt 1.73546 12.6637
vt 2.74742 15.8368
f 428/1536/323 429/1537/324 434/1538/329

vt 6.17305 15.5238
vt 3.5995 13.1511
vt 3.14464 15.7824
f 403/1539/298 428/1540/323 434/1541/329

vt 6.41154 12.0836
vt 3.49248 13.1461
vt 6.03894 15.5478
f 427/1542/322 428/1543/323 403/1544/298

vt 5.82118 15.6585
vt 6.86985 13.4581
vt 6.25458 12.2014
f 403/1545/298 404/1546/299 427/1547/322

vt 6.58017 12.027
vt 7.2404 13.2607
vt 7.49486 9.2783
f 427/1548/322 404/1549/299 408/1550/303

vt 7.23389 13.2696
vt 10.4706 9.56707
vt 7.49294 9.28749
f 404/1551/299 405/1552/300 408/1553/303

v 40.9479 25.8294 -23.1549
vt 3.43001 16.9951
vn -0.0629882 -0.00154533 -0.998013
vt 6.18107 15.4825
vt 3.15285 15.7433
f 435/1554/330 403/1555/298 434/1556/329

vt 3.6477 16.2599
v 42.439 25.7181 -23.2621
vt 5.56952 16.0929
vn -0.00639867 0.0710626 -0.997451
vt 6.34539 14.654
f 435/1557/330 436/1558/331 403/1559/298

vt 3.64916 16.2098
v 41.2043 26.2165 -22.9306
vt 3.97134 16.8513
vn -0.00250356 0.136713 -0.990608
vt 5.57092 16.0422
f 435/1560/330 437/1561/332 436/1562/331

v 40.0498 26.4752 -22.6086
vt 2.30774 17.1717
vn 0.031299 0.297031 -0.954355
vt 3.81888 16.7942
vt 3.51669 16.143
f 438/1563/333 437/1564/332 435/1565/330

v 41.4463 26.4434 -22.6338
vt 4.33444 14.4311
vn 0.0393996 0.46705 -0.883353
vt 4.02323 14.0239
vt 2.53727 14.4908
f 439/1566/334 437/1567/332 438/1568/333

v 42.5693 26.3292 -22.6868
vt 5.87712 14.3797
vn 0.0760647 0.341271 -0.936882
vt 4.11198 14.2166
vt 4.43799 14.6121
f 440/1569/335 437/1570/332 439/1571/334

vt 5.90226 15.6997
vt 5.69562 14.6707
vt 4.13562 15.5537
f 440/1572/335 436/1573/331 437/1574/332

vt 7.41666 14.6182
vt 5.58836 14.8362
vt 5.74527 15.874
f 402/1575/297 436/1576/331 440/1577/335

vt 5.55017 16.1489
vt 7.38089 15.9521
vt 6.33273 14.7136
f 436/1578/331 402/1579/297 403/1580/298

vt 7.62704 13.3516
vt 7.53317 12.5735
vt 5.9831 13.9763
f 401/1581/296 402/1582/297 440/1583/335

v 42.8681 26.4407 -22.3137
vt 6.55075 8.35033
vn 0.247936 0.967651 -0.0466823
vt 7.54479 7.22376
vt 6.07047 8.18251
f 441/1584/336 401/1585/296 440/1586/335

vt 7.8841 6.59484
vt 7.42099 6.24487
vt 6.5049 7.43569
f 400/1587/295 401/1588/296 441/1589/336

vt 1.87394 -3.92211
vt 1.48931 -3.47684
vt 1.66108 -1.87069
f 399/1590/294 400/1591/295 441/1592/336

v 42.702 26.3376 -21.5774
vt -5.40362 6.78789
vn 0.0665087 0.540132 0.838948
vt -7.5824 6.59627
vt -5.71223 7.4658
f 442/1593/337 399/1594/294 441/1595/336

v 43.877 25.9946 -20.9926
vt -6.95746 9.99522
vn -0.00957434 0.460382 0.88767
vt -7.6978 10.8264
vt -5.51527 10.9691
f 443/1596/338 399/1597/294 442/1598/337

vt -7.70947 9.40822
v 45.1275 26.1483 -21.2909
vt -9.29288 9.91835
vn 0.0225756 0.530871 0.847152
vt -8.31718 10.3408
f 443/1599/338 444/1600/339 399/1601/294

v 44.6348 25.6737 -20.3469
vt -8.42569 11.0641
vn -0.00192835 0.383547 0.923519
vt -9.06117 12.3601
vt -7.45143 11.9403
f 445/1602/340 444/1603/339 443/1604/338

v 45.8896 25.6571 -20.5004
vt -9.7282 11.1441
vn 0.0517331 0.400171 0.914979
vt -8.79654 12.3902
vt -8.10714 11.1221
f 446/1605/341 444/1606/339 445/1607/340

vt -9.78783 11.32
v 46.2029 26.0422 -21.2281
vt -10.2265 12.3301
vn 0.0611866 0.518556 0.852852
vt -8.84724 12.5594
f 446/1608/341 447/1609/342 444/1610/339

vt -9.77686 11.3183
v 46.9508 26.0042 -21.2526
vt -11.1794 12.2626
vn 0.0443079 0.517707 0.85441
vt -10.2169 12.3279
f 446/1611/341 448/1612/343 447/1613/342

v 46.8809 25.7309 -20.7516
vt -11.0736 11.5288
vn 0.0411842 0.395069 0.917728
vt -11.1883 12.2409
vt -9.78689 11.2949
f 449/1614/344 448/1615/343 446/1616/341

v 48.5834 25.8228 -21.0408
vt -13.3698 11.9159
vn 0.0263198 0.46591 0.884441
vt -11.2762 12.3448
vt -11.1704 11.6312
f 450/1617/345 448/1618/343 449/1619/344

vt -13.185 9.38721
vt -13.7647 10.1745
vt -11.1038 9.87297
f 450/1620/345 391/1621/286 448/1622/343

vt -13.4754 9.52701
vt -14.8511 9.83965
vt -14.0144 10.3427
f 450/1623/345 390/1624/285 391/1625/286

v 52.9796 25.6956 -20.9422
vt -19.0679 9.86984
vn 0.000373436 0.438808 0.898581
vt -14.793 10.473
vt -13.4136 10.1768
f 451/1626/346 390/1627/285 450/1628/345

vt -19.1356 11.4757
vt -20.5566 12.4229
vt -14.8541 12.0306
f 451/1629/346 389/1630/284 390/1631/285

v 54.5452 25.8022 -21.0181
vt -21.3156 11.5852
vn -0.00576083 0.438616 0.898656
vt -20.6932 12.3218
vt -19.3063 11.3254
f 452/1632/347 389/1633/284 451/1634/346

vt -21.2492 11.0059
v 56.5502 26.0643 -21.5604
vt -23.8197 11.7806
vn -0.0322566 0.564877 0.824544
vt -20.6395 11.753
f 452/1635/347 453/1636/348 389/1637/284

v 56.558 25.7546 -20.9618
vt -23.7301 11.6451
vn -0.0532572 0.388413 0.919945
vt -23.7265 12.4771
vt -21.1404 11.756
f 454/1638/349 453/1639/348 452/1640/347

v 57.085 25.7563 -20.7308
vt -24.6109 14.6448
vn -0.0634999 0.402914 0.913032
vt -23.8022 15.544
vt -23.9085 14.7189
f 455/1641/350 453/1642/348 454/1643/349

vt -24.5639 10.9837
v 57.8726 26.0727 -21.4609
vt -25.5557 11.9464
vn -0.0296262 0.69442 0.71896
vt -23.8525 11.9616
f 455/1644/350 456/1645/351 453/1646/348

v 58.7843 25.8343 -20.7916
vt -26.734 11.1484
vn 0.0732264 0.458685 0.885577
vt -25.5451 11.9113
vt -24.55 10.9521
f 457/1647/352 456/1648/351 455/1649/350

vt -26.5642 9.42867
v 58.8926 26.2519 -22.0287
vt -26.7251 10.8668
vn -0.103543 0.816189 0.568432
vt -25.4026 10.2326
f 457/1650/352 458/1651/353 456/1652/351

vt -26.8449 11.7568
v 60.1116 26.2889 -21.8156
vt -28.4534 13.2087
vn -0.0524151 0.615373 0.786491
vt -26.8756 13.2036
f 457/1653/352 459/1654/354 458/1655/353

v 59.7964 25.9529 -21.0407
vt -27.968 11.4278
vn 0.0252806 0.421987 0.906249
vt -28.3691 12.424
vt -26.6671 11.0829
f 460/1656/355 459/1657/354 457/1658/352

vt -28.0302 11.7504
v 60.7055 26.1304 -21.3916
vt -29.1907 12.2603
vn 0.0022604 0.42789 0.903828
vt -28.4164 12.7524
f 460/1659/355 461/1660/356 459/1661/354

vt -27.5067 13.2769
v 60.7526 25.4184 -20.597
vt -28.7041 12.1692
vn 0.0693994 0.304765 0.949896
vt -28.6978 13.7105
f 460/1662/355 462/1663/357 461/1664/356

vt -27.6333 13.7594
vt -26.3196 13.467
vt -28.8397 12.6615
f 460/1665/355 457/1666/352 462/1667/357

vt -26.37 13.8488
v 59.7141 24.4979 -19.604
vt -27.514 11.1042
vn 0.129361 0.291275 0.947853
vt -28.8927 13.0514
f 457/1668/352 463/1669/358 462/1670/357

v 59.0393 25.3704 -20.171
vt -13.0187 1.87727
vn 0.131081 0.367492 0.920743
vt -13.2604 0.00514087
vt -13.184 2.97767
f 464/1671/359 463/1672/358 457/1673/352

v 57.9778 25.0772 -19.945
vt -25.511 13.4344
vn -0.0352164 0.281876 0.958804
vt -27.7416 12.3325
vt -26.8798 14.0119
f 465/1674/360 463/1675/358 464/1676/359

vt -25.5434 13.5816
v 58.3667 24.4077 -19.5266
vt -26.0411 12.3016
vn -0.0063151 0.224158 0.974532
vt -27.7757 12.4831
f 465/1677/360 466/1678/361 463/1679/358

vt -25.8466 14.2779
v 57.1799 24.2483 -19.6211
vt -24.8386 12.7589
vn -0.0351539 0.245232 0.968827
vt -26.3677 13.0073
f 465/1680/360 467/1681/362 466/1682/361

v 56.8958 25.0551 -20.1687
vt -24.4894 14.3855
vn -0.0499923 0.296948 0.953584
vt -24.8957 12.8343
vt -25.8931 14.3602
f 468/1683/363 467/1684/362 465/1685/360

vt -24.204 13.5934
v 53.9872 24.1167 -19.5514
vt -20.4612 11.7768
vn 0.00445766 0.251336 0.96789
vt -24.5699 12.0322
f 468/1686/363 469/1687/364 467/1688/362

v 54.4953 25.1238 -20.2202
vt -21.1065 13.7417
vn 0.00292715 0.323027 0.946385
vt -20.4521 11.7974
vt -24.1957 13.6123
f 470/1689/365 469/1690/364 468/1691/363

vt -21.116 13.7474
v 51.1063 24.9526 -20.1284
vt -16.7548 13.4164
vn 0.0141709 0.314338 0.949205
vt -20.4626 11.8028
f 470/1692/365 471/1693/366 469/1694/364

vt -19.2103 13.7263
vt -16.8076 12.1075
vt -21.1674 12.4571
vt -21.2241 13.9489
f 451/1695/346 471/1696/366 470/1697/365 452/1698/347 

vt -16.7213 12.2513
vt -19.1375 13.85
vt -13.4804 14.1009
f 471/1699/366 451/1700/346 450/1701/345

vt -16.5112 11.2083
vt -13.3052 13.1178
vt -11.1037 12.8506
f 471/1702/366 450/1703/345 449/1704/344

vt -11.1674 13.413
v 46.6604 25.2889 -20.2232
vt -10.8681 12.4401
vn 0.0482592 0.321756 0.945592
vt -16.5854 11.8052
f 449/1705/344 472/1706/367 471/1707/366

vt -10.6014 12.38
vt -10.9215 13.3463
vt -9.63132 13.1325
f 472/1708/367 449/1709/344 446/1710/341

vt -10.6674 12.595
vt -9.69371 13.3428
v 45.4154 25.1896 -19.9378
vt -9.05087 12.3254
vn 0.0504871 0.308099 0.950014
f 472/1711/367 446/1712/341 473/1713/368

vt -9.71541 13.3313
vt -8.09433 13.3114
vt -9.07429 12.3128
f 446/1714/341 445/1715/340 473/1716/368

vt -9.31197 12.9188
vt -8.31525 13.9006
v 44.2262 24.9274 -19.6481
vt -7.77602 12.3631
vn -0.00324102 0.278819 0.960338
f 473/1717/368 445/1718/340 474/1719/369

vt -8.75903 13.9174
v 43.0551 25.4219 -20.3747
vt -6.73187 13.4694
vn -0.0842775 0.305364 0.948499
vt -8.28301 12.3592
f 445/1720/340 475/1721/370 474/1722/369

vt -8.83762 13.0161
vt -7.80944 13.8283
vt -6.81549 12.5458
f 445/1723/340 443/1724/338 475/1725/370

vt -7.52166 14.2203
v 42.4559 26.077 -21.1524
vt -5.69095 14.4171
vn 0.00259112 0.382661 0.923885
vt -6.4735 12.9817
f 443/1726/338 476/1727/371 475/1728/370

vt -5.63952 13.0264
vt -7.46878 12.8165
vt -5.95515 13.6751
f 476/1729/371 443/1730/338 442/1731/337

vt -5.4685 13.1377
vt -5.80027 13.7783
v 41.2148 26.4402 -21.6153
vt -3.88857 13.9845
vn 0.00814846 0.448241 0.893876
f 476/1732/371 442/1733/337 477/1734/372

vt -5.71551 11.3591
v 41.9761 26.5219 -21.9384
vt -4.80395 11.8936
vn 0.0807905 0.694652 0.714795
vt -3.80705 11.5934
f 442/1735/337 478/1736/373 477/1737/372

vt -4.7887 6.93866
vt -5.17579 7.57502
vt -3.98113 7.62019
f 442/1738/337 441/1739/336 478/1740/373

vt -3.91487 4.23207
vt -5.10878 4.17014
v 42.0264 26.5361 -22.2844
vt -4.06835 4.51117
vn 0.130938 0.953446 -0.271653
f 478/1741/373 441/1742/336 479/1743/374

vt 5.52897 7.53927
vt 6.55118 7.14701
vt 6.08899 6.93439
f 479/1744/374 441/1745/336 440/1746/335

vt 6.06029 7.84193
vt 4.6659 8.26716
vt 5.45946 8.4063
f 440/1747/335 439/1748/334 479/1749/374

vt 5.37694 6.91743
vt 4.59306 6.73136
v 40.4361 26.6054 -22.2818
vt 3.36013 7.28452
vn 0.094645 0.992447 -0.0780454
f 479/1750/374 439/1751/334 480/1752/375

vt 3.1015 9.64825
vt 4.39138 9.24534
vt 2.59619 9.34861
f 480/1753/375 439/1754/334 438/1755/333

vt 3.45082 11.842
vt 2.90507 11.6245
v 39.6625 26.6774 -22.33
vt 2.47245 12.0715
vn 0.191696 0.969325 -0.153825
f 480/1756/375 438/1757/333 481/1758/376

vt 2.44262 12.2303
vt 2.88104 11.789
v 38.6044 26.6823 -22.5496
vt 1.0734 12.3475
vn -0.0381467 0.103231 -0.993926
f 481/1759/376 438/1760/333 482/1761/377

vt 0.825399 16.1979
vt 2.67455 15.7977
vt 3.78911 14.6673
f 482/1762/377 438/1763/333 435/1764/330

vt 0.302014 18.3064
vt 3.38575 17.0349
vt 1.4178 15.9137
f 482/1765/377 435/1766/330 433/1767/328

vt 1.29363 15.8895
vt 3.25127 17.0287
vt 2.99408 15.7726
f 433/1768/328 435/1769/330 434/1770/329

vt 1.29918 15.9008
v 38.4733 26.0596 -22.4896
vt 0.0171793 17.2133
vn -0.485598 -0.20019 -0.850951
vt 0.171807 18.2881
f 433/1771/328 483/1772/378 482/1773/377

vt 0.980193 15.5806
vt 0.309842 14.7702
vt -0.301105 16.8938
f 433/1774/328 432/1775/327 483/1776/378

v 38.5523 25.537 -22.0927
vt -1.61648 15.3065
vn -0.972279 -0.21291 0.0966548
vt -1.46065 16.3313
vt -1.05035 14.16
f 484/1777/379 483/1778/378 432/1779/327

v 38.329 26.0828 -22.2205
vt -1.54096 16.1566
vn -0.988793 -0.148484 0.0155217
vt -1.24655 16.1963
vt -1.3721 15.1674
f 485/1780/380 483/1781/378 484/1782/379

v 38.2482 26.6539 -22.2219
vt -1.71851 17.9731
vn -0.621862 0.163237 0.765925
vt -1.29519 17.0436
vt -1.58975 17.0051
f 486/1783/381 483/1784/378 485/1785/380

vt -1.90711 16.4758
vt -2.2771 17.4278
v 38.2034 26.8335 -22.3536
vt -2.20992 17.7784
vn -0.649579 0.0677961 -0.757266
f 483/1786/378 486/1787/381 487/1788/382

vt -0.398517 17.0373
v 38.3574 26.8656 -22.3543
vt -0.531955 17.4446
vn -0.0740603 0.865651 0.49514
vt -0.334322 17.3884
f 486/1789/381 488/1790/383 487/1791/382

v 38.608 26.7591 -22.0979
vt -1.47024 16.7291
vn -0.0402934 0.413301 0.909703
vt -1.10097 16.9947
vt -0.995544 16.5792
f 489/1792/384 488/1793/383 486/1794/381

vt -0.0253638 10.5304
v 39.0387 26.7489 -22.3317
vt -0.61211 10.6048
vn 0.245069 0.95535 -0.165067
vt 0.237813 10.9014
f 489/1795/384 490/1796/385 488/1797/383

vt -0.0964984 8.55087
vt -1.46728 8.43244
vt -0.681543 8.63767
f 489/1798/384 481/1799/376 490/1800/385

v 40.0548 26.5802 -21.9909
vt -1.89323 7.74425
vn 0.0419571 0.585753 0.809403
vt -1.46153 8.19906
vt -0.0909605 8.31987
f 491/1801/386 481/1802/376 489/1803/384

vt -2.64345 8.81144
vt -1.66279 9.03098
vt -2.12153 8.60348
f 480/1804/375 481/1805/376 491/1806/386

vt -4.83185 6.73763
vt -2.87147 7.19409
vt -2.3657 6.94948
f 478/1807/373 480/1808/375 491/1809/386

vt -4.61577 4.33413
vt -4.71886 4.63551
vt -2.68759 4.9117
f 478/1810/373 479/1811/374 480/1812/375

vt -3.92698 10.4048
vt -4.91573 10.7309
vt -2.44531 10.8852
f 477/1813/372 478/1814/373 491/1815/386

vt -4.25489 14.8562
vt -2.74375 15.2338
v 40.963 26.1495 -21.2726
vt -3.9527 14.205
vn -0.0474863 0.328675 0.943249
f 477/1816/372 491/1817/386 492/1818/387

vt -2.28842 13.1868
vt -0.439277 13.587
vt -3.40299 12.0564
f 491/1819/386 489/1820/384 492/1821/387

vt -4.12789 16.592
vt -1.04415 17.8635
v 39.4371 25.4714 -21.3967
vt -2.15993 15.4708
vn -0.173826 0.199151 0.964429
f 492/1822/387 489/1823/384 493/1824/388

v 38.4777 26.1519 -21.9471
vt -1.02763 16.8997
vn -0.384036 0.111889 0.916514
vt -2.30963 15.5872
vt -1.18226 17.9745
f 494/1825/389 493/1826/388 489/1827/384

v 39.0147 24.9516 -21.6083
vt -2.02571 15.0769
vn -0.548729 0.0717646 0.832915
vt -2.61908 15.8988
vt -1.33641 17.2106
f 495/1828/390 493/1829/388 494/1830/389

v 39.7784 24.3812 -20.8902
vt -3.36072 13.7605
vn -0.262553 0.170854 0.949671
vt -2.84841 15.7527
vt -2.25317 14.9322
f 496/1831/391 493/1832/388 495/1833/390

vt -2.82478 13.5466
v 40.7257 25.4816 -20.93
vt -4.03741 15.43
vn -0.128048 0.227031 0.965433
vt -2.33683 15.5449
f 496/1834/391 497/1835/392 493/1836/388

v 39.9014 23.6632 -20.6646
vt -2.84576 12.3827
vn -0.288119 0.204507 0.935502
vt -3.89364 15.5442
vt -2.67439 13.6651
f 498/1837/393 497/1838/392 496/1839/391

vt -3.25915 12.2375
v 41.0387 24.0652 -20.2013
vt -4.78318 12.7899
vn -0.16055 0.251152 0.95454
vt -4.27112 15.4106
f 498/1840/393 499/1841/394 497/1842/392

v 40.7026 22.9935 -19.7048
vt -4.55826 10.3897
vn -0.243207 0.208626 0.947273
vt -4.86787 12.3889
vt -3.34703 11.8278
f 500/1843/395 499/1844/394 498/1845/393

v 41.7726 23.0634 -19.2629
vt -5.70859 10.3756
vn -0.13099 0.178475 0.975186
vt -4.6318 12.3755
vt -4.28367 10.3826
f 501/1846/396 499/1847/394 500/1848/395

vt -5.50141 10.1196
v 43.2284 23.6267 -19.1527
vt -7.36899 11.0676
vn -0.0884866 0.21581 0.972418
vt -4.45121 12.1336
f 501/1849/396 502/1850/397 499/1851/394

v 42.7772 22.035 -19.022
vt -6.34845 9.39662
vn -0.0834076 0.175754 0.980894
vt -6.93237 12.1321
vt -5.05362 11.2065
f 503/1852/398 502/1853/397 501/1854/396

vt -6.46424 9.36885
v 43.9383 22.0585 -18.8302
vt -7.96608 9.35571
vn -0.0201566 0.172006 0.98489
vt -7.05004 12.1039
f 503/1855/398 504/1856/399 502/1857/397

vt -6.46151 9.03953
v 42.1624 20.861 -18.7648
vt -5.68207 6.97139
vn -0.110017 0.125692 0.98595
vt -7.96335 9.02637
f 503/1858/398 505/1859/400 504/1860/399

vt -6.68021 8.97268
v 41.1093 21.1398 -19.1537
vt -4.52825 7.48525
vn -0.184887 0.178334 0.966444
vt -5.91046 6.90092
f 503/1861/398 506/1862/401 505/1863/400

v 41.6557 21.9818 -19.3145
vt -5.22661 8.94946
vn -0.148359 0.157675 0.976283
vt -4.53795 7.46964
vt -6.68953 8.95761
f 507/1864/402 506/1865/401 503/1866/398

v 40.6503 21.9431 -19.7587
vt -4.19665 8.88208
vn -0.250203 0.17095 0.952982
vt -4.86991 7.33318
vt -5.54091 8.82108
f 508/1867/403 506/1868/401 507/1869/402

vt -4.46535 9.10287
v 40.0322 21.3187 -19.9161
vt -3.64826 8.08507
vn -0.379027 0.160695 0.911326
vt -5.15758 7.56236
f 508/1870/403 509/1871/404 506/1872/401

vt -4.6562 8.92106
v 39.7736 21.8567 -20.451
vt -3.38806 8.97313
vn -0.43506 0.128593 0.891171
vt -3.85115 7.89371
f 508/1873/403 510/1874/405 509/1875/404

v 40.4796 22.4923 -19.7689
vt -4.51873 10.4675
vn -0.253086 0.117696 0.960258
vt -3.41343 9.57224
vt -4.68156 9.52007
f 511/1876/406 510/1877/405 508/1878/403

vt -4.63382 10.3966
v 39.9477 22.7306 -20.2414
vt -3.86454 10.9379
vn -0.402273 0.160419 0.901356
vt -3.52084 9.51094
f 511/1879/406 512/1880/407 510/1881/405

vt -4.47884 10.2359
vt -4.78921 11.0671
vt -3.70787 10.7748
f 511/1882/406 500/1883/395 512/1884/407

vt -3.97934 10.4228
vt -5.71201 11.2481
vt -4.28709 11.2549
f 511/1885/406 501/1886/396 500/1887/395

vt -5.47676 9.49843
vt -5.66798 11.3223
vt -3.93614 10.4952
f 507/1888/402 501/1889/396 511/1890/406

vt -5.22322 9.55566
vt -6.68615 9.56382
vt -5.40131 11.3808
f 507/1891/402 503/1892/398 501/1893/396

vt -4.23062 9.63149
vt -5.57488 9.5705
vt -4.03816 10.5733
f 508/1894/403 507/1895/402 511/1896/406

vt -3.74876 10.5804
vt -4.82974 10.8741
vt -3.59253 12.2899
f 512/1897/407 500/1898/395 498/1899/393

vt -3.84313 12.389
v 39.2756 23.249 -21.2742
vt -2.86409 11.8602
vn -0.699936 0.0673465 0.711023
vt -4.02504 10.682
f 498/1900/393 513/1901/408 512/1902/407

vt -3.59776 13.8245
vt -2.79762 12.0161
vt -3.77754 12.5432
f 496/1903/391 513/1904/408 498/1905/393

vt -3.48933 13.8665
vt -2.38287 15.0392
vt -2.69328 12.0564
f 496/1906/391 495/1907/390 513/1908/408

vt -2.923 14.9056
v 39.0026 24.1055 -21.8837
vt -2.60062 13.5452
vn -0.991602 -0.0578443 0.115674
vt -3.09629 11.9117
f 495/1909/390 514/1910/409 513/1911/408

vt -2.92303 14.9063
v 38.912 24.7789 -21.9857
vt -2.56134 14.7215
vn -0.981219 -0.142136 0.130408
vt -2.59919 13.5462
f 495/1912/390 515/1913/410 514/1914/409

vt -2.90653 14.385
vt -2.33225 15.5695
vt -2.54902 14.1923
f 495/1915/390 484/1916/379 515/1917/410

vt -2.2568 17.0061
vt -2.16443 15.9847
vt -2.79529 14.8294
f 494/1918/389 484/1919/379 495/1920/390

vt -2.27474 17.0024
vt -1.97136 16.963
vt -2.17945 15.9813
f 494/1921/389 485/1922/380 484/1923/379

vt -2.28651 17.1177
vt -1.97703 18.0554
vt -1.98307 17.0788
f 494/1924/389 486/1925/381 485/1926/380

vt -0.839973 17.8063
vt -1.1666 16.8745
vt -1.31661 17.9499
f 486/1927/381 494/1928/389 489/1929/384

vt -1.93353 14.8939
vt -1.42668 13.7199
vt -1.73534 13.5139
f 484/1930/379 432/1931/327 515/1932/410

vt -1.98352 14.5719
vt -1.6691 14.769
vt -1.94318 13.3967
f 515/1933/410 432/1934/327 514/1935/409

vt -1.87068 13.364
vt -1.60215 14.7374
v 39.1973 23.1133 -22.0128
vt -1.55872 11.7123
vn -0.901809 -0.18497 -0.390546
f 514/1936/409 432/1937/327 516/1938/411

vt -0.776328 14.7385
vt -0.0950227 11.7365
vt -0.609213 11.7178
f 432/1939/327 430/1940/325 516/1941/411

vt -0.595068 11.0393
vt -0.0808954 11.0585
v 39.292 22.663 -21.7213
vt -0.647455 10.1672
vn -0.971781 -0.100453 -0.213429
f 516/1942/411 430/1943/325 517/1944/412

vt -0.835436 11.9177
v 39.5375 22.2033 -22.4716
vt -0.680067 10.4898
vn -0.685339 -0.143898 -0.713866
vt -1.44052 11.0521
f 430/1945/325 518/1946/413 517/1947/412

vt 0.259856 12.0417
vt 1.074 10.8658
vt 0.419591 10.6143
f 430/1948/325 422/1949/317 518/1950/413

vt 0.531646 10.2714
vt 1.18556 10.5242
vt 0.391461 9.06121
f 518/1951/413 422/1952/317 421/1953/316

vt -0.609809 10.4714
vt -0.79097 9.26672
v 39.3633 21.6779 -21.685
vt -1.23128 9.35364
vn -0.9442 -0.0792226 -0.319702
f 518/1954/413 421/1955/316 519/1956/414

vt -1.19721 9.52814
vt -0.756896 9.44123
v 39.2794 21.0111 -21.4165
vt -1.36046 8.32052
vn -0.994075 0.0620393 -0.0892479
f 519/1957/414 421/1958/316 520/1959/415

vt -1.37461 8.32695
vt -0.771283 9.44778
vt -0.745891 7.01256
f 520/1960/415 421/1961/316 415/1962/310

vt 0.118825 9.45501
vt 1.05376 8.42443
vt 0.112043 7.01967
f 421/1963/316 416/1964/311 415/1965/310

vt 0.277975 9.56238
vt 0.87859 9.55037
vt 1.20863 8.52793
f 421/1966/316 419/1967/314 416/1968/311

vt -0.863187 8.51757
vt -0.257208 7.19255
v 39.1794 20.3219 -21.4073
vt -0.869277 7.33717
vn -0.837962 0.0299442 -0.544907
f 520/1969/415 415/1970/310 521/1971/416

vt -0.833066 7.41758
vt -0.221343 7.27149
v 39.1362 19.4944 -21.6884
vt -0.590086 6.07177
vn -0.505625 -0.0789911 -0.859129
f 521/1972/416 415/1973/310 522/1974/417

vt 0.738095 7.05853
vt 1.25997 5.62559
vt 0.309012 5.87904
f 415/1975/310 414/1976/309 522/1977/417

vt 0.301096 5.85342
vt 1.2521 5.60015
v 38.7847 17.9142 -21.2958
vt -0.14241 3.06011
vn -0.473703 -0.108872 -0.873929
f 522/1978/417 414/1979/309 523/1980/418

vt 0.171206 2.88907
vt 1.56777 5.42799
v 39.5053 17.6139 -21.6468
vt 1.15982 2.48268
vn -0.159711 -0.202121 -0.96625
f 523/1981/418 414/1982/309 524/1983/419

vt 1.32986 2.46239
vt 1.72813 5.40902
vt 2.53905 4.7259
f 524/1984/419 414/1985/309 411/1986/306

vt 2.80028 4.5913
vt 5.27191 2.91879
vt 1.62016 2.31249
f 411/1987/306 209/1988/104 524/1989/419

vt 1.6356 2.2048
vt 5.28657 2.81572
vt 1.50559 0.195743
f 524/1990/419 209/1991/104 208/1992/103

vt 1.69729 2.21028
vt 1.57948 0.200472
v 38.2289 16.476 -20.8154
vt 0.0137126 0.00624877
vn -0.291009 -0.249233 -0.923686
f 524/1993/419 208/1994/103 525/1995/420

vt 1.6527 -0.341681
v 38.31 16.2875 -20.5703
vt 0.18341 -0.982827
vn -0.278542 -0.92526 -0.257505
vt 0.0891063 -0.552714
f 208/1996/103 526/1997/421 525/1998/420

vt 1.71109 -0.439963
v 39.1066 16.3448 -20.6933
vt 1.27789 -0.94781
vn 0.108068 -0.774757 -0.622955
vt 0.250245 -1.1001
f 208/1999/103 527/2000/422 526/2001/421

vt 1.7434 -1.0262
vt 2.1123 -0.469885
v 39.8731 16.443 -20.5937
vt 2.72823 -0.852892
vn 0.203867 -0.823034 -0.530145
f 527/2002/422 208/2003/103 528/2004/423

vt 2.46852 -1.31993
vt 1.88784 -0.885334
vt 3.28986 -0.892309
f 528/2005/423 208/2006/103 206/2007/101

vt 3.16239 0.870215
vt 3.37717 1.77095
vt 3.81627 1.63912
f 528/2008/423 206/2009/101 259/2010/154

vt 3.95422 -1.08298
vt 3.68714 -0.710348
vt 4.99873 -0.45924
f 259/2011/154 206/2012/101 204/2013/99

v 39.3031 16.3665 -20.4935
vt 0.981334 2.60919
vn 0.154886 -0.725338 0.670742
vt 0.487057 3.17941
vt 0.0792691 4.10272
f 529/2014/424 528/2015/423 259/2016/154

vt 2.43312 -1.33544
vt 2.13377 -1.28347
vt 3.06861 -0.928482
f 529/2017/424 527/2018/422 528/2019/423

v 38.6345 16.3321 -20.5103
vt 1.3812 -1.983
vn 0.0279992 -0.414784 0.909489
vt 1.91869 -1.6514
vt 2.20886 -1.74142
f 530/2020/425 527/2021/422 529/2022/424

vt 1.99627 1.4508
vt 2.08088 1.03432
vt 1.65333 1.98113
f 530/2023/425 526/2024/421 527/2025/422

v 38.2562 16.5974 -20.3482
vt -0.387608 1.54627
vn -0.247264 0.0770589 0.965879
vt -0.444666 1.03013
vt -0.864495 1.09616
f 531/2026/426 526/2027/421 530/2028/425

vt -1.08215 1.47198
v 38.0916 16.4331 -20.5572
vt -0.817438 1.22599
vn -0.948036 -0.280591 0.149986
vt -1.07128 0.952812
f 531/2029/426 532/2030/427 526/2031/421

vt -1.9138 0.4464
v 38.0852 16.7214 -20.6233
vt -1.60979 0.735483
vn -0.956682 0.0403727 -0.288323
vt -1.62583 0.228078
f 531/2032/426 533/2033/428 532/2034/427

vt -1.67556 0.176738
v 38.2123 17.0885 -20.6833
vt -1.50744 1.11511
vn -0.92184 0.220324 0.318855
vt -1.37453 0.468915
f 531/2035/426 534/2036/429 533/2037/428

v 38.7799 17.945 -20.3385
vt -2.48421 2.53258
vn -0.416663 0.196305 0.887613
vt -1.67024 1.16885
vt -1.85057 0.232754
f 535/2038/430 534/2039/429 531/2040/426

vt -2.56186 2.49504
v 38.4459 17.8157 -20.7993
vt -1.97619 2.40694
vn -0.95049 0.112489 -0.289681
vt -1.75893 1.12478
f 535/2041/430 536/2042/431 534/2043/429

vt -2.55712 2.53418
v 38.7014 18.6924 -20.917
vt -2.2231 3.98035
vn -0.984185 0.133986 0.115878
vt -1.9714 2.44639
f 535/2044/430 537/2045/432 536/2046/431

vt -2.71089 2.62383
v 39.1454 19.6896 -20.5407
vt -3.05931 5.65478
vn -0.541603 0.209377 0.814142
vt -2.35342 4.06439
f 535/2047/430 538/2048/433 537/2049/432

v 39.7929 19.636 -19.9729
vt -3.49184 5.40238
vn -0.259604 0.16584 0.951369
vt -2.54085 5.65571
vt -2.09347 2.63778
f 539/2050/434 538/2051/433 535/2052/430

vt -3.48409 5.36749
v 39.4481 20.4705 -20.5439
vt -2.92531 6.94827
vn -0.54274 0.18348 0.819614
vt -2.53317 5.62105
f 539/2053/434 540/2054/435 538/2055/433

v 40.0451 20.2001 -19.9121
vt -3.89372 6.34241
vn -0.298179 0.136894 0.944642
vt -2.98735 6.98221
vt -3.54961 5.40266
f 541/2056/436 540/2057/435 539/2058/434

vt -4.02698 6.5199
vt -4.10044 8.4207
vt -3.12115 7.16047
f 541/2059/436 509/2060/404 540/2061/435

vt -3.7362 8.4866
vt -3.6911 6.58491
v 40.9313 20.4901 -19.3158
vt -4.94719 6.90712
vn -0.238982 0.106201 0.965199
f 509/2062/404 541/2063/436 542/2064/437

vt -3.6873 6.59643
v 40.4072 19.2808 -19.6886
vt -4.13697 4.96964
vn -0.164403 0.109912 0.98025
vt -4.94334 6.91884
f 541/2065/436 543/2066/438 542/2067/437

vt -3.32885 6.54797
vt -2.98345 5.60869
vt -3.79444 4.92566
f 541/2068/436 539/2069/434 543/2070/438

vt -2.98993 5.61531
v 39.5187 17.9003 -19.9626
vt -2.59166 2.66868
vn -0.128333 0.120608 0.98437
vt -3.80084 4.93219
f 539/2071/434 544/2072/439 543/2073/438

vt -3.11295 5.59374
vt -1.71176 2.83057
vt -2.70849 2.64796
f 539/2074/434 535/2075/430 544/2076/439

vt -1.69209 2.72545
vt -0.993565 0.44449
vt -2.68884 2.54298
f 535/2077/430 531/2078/426 544/2079/439

vt -1.96256 1.01795
vt -2.08098 3.02772
vt -0.427744 0.895952
f 261/2080/156 544/2081/439 531/2082/426

vt -5.82581 3.62166
vt -2.17484 3.01073
vt -2.04483 1.00168
f 262/2083/157 544/2084/439 261/2085/156

vt -5.85043 3.49364
vt -3.3788 5.16615
vt -2.19868 2.88734
f 262/2086/157 543/2087/438 544/2088/439

vt -5.97841 7.80703
vt -3.58363 5.33115
vt -6.03499 3.62907
f 505/2089/400 543/2090/438 262/2091/157

vt -4.57531 7.10059
vt -3.80258 5.13782
vt -6.23414 7.57759
f 542/2092/437 543/2093/438 505/2094/400

vt -4.85088 8.17325
vt -4.57251 7.10739
vt -6.23127 7.58463
f 506/2095/401 542/2096/437 505/2097/400

vt -3.79743 8.50766
vt -5.00445 6.92515
vt -5.3066 7.98452
f 509/2098/404 542/2099/437 506/2100/401

vt -5.88463 7.84182
vt -5.96626 3.66428
v 43.3307 20.4866 -18.5933
vt -7.3829 7.14316
vn -0.0610389 0.124119 0.990388
f 505/2101/400 262/2102/157 545/2103/440

v 43.7311 19.7195 -18.5453
vt -8.25686 5.5182
vn -0.0334382 0.0893185 0.995442
vt -7.78335 6.84879
vt -6.27321 3.40946
f 546/2104/441 545/2105/440 262/2106/157

v 46.1347 20.8698 -18.6591
vt -10.3007 7.44371
vn 0.0148237 0.138833 0.990205
vt -6.69302 6.76919
vt -7.211 5.45526
f 547/2107/442 545/2108/440 546/2109/441

vt -10.3341 7.27134
vt -7.50478 9.32972
vt -6.72624 6.59758
f 547/2110/442 504/2111/399 545/2112/440

vt -10.3977 7.35315
v 46.2523 22.2251 -18.8051
vt -10.5467 9.69194
vn 0.0106324 0.179585 0.983685
vt -7.56901 9.41231
f 547/2113/442 548/2114/443 504/2115/399

vt -10.2291 7.37476
v 49.705 22.5608 -18.9689
vt -14.8197 10.3368
vn 0.0102184 0.175552 0.984417
vt -10.3755 9.71371
f 547/2116/442 549/2117/444 548/2118/443

v 50.3806 20.8126 -18.7509
vt -15.7382 7.24559
vn 0.0129647 0.125448 0.992015
vt -14.8638 10.2686
vt -10.2726 7.30764
f 550/2119/445 549/2120/444 547/2121/442

v 54.4508 21.3877 -18.7815
vt -21.0723 8.2572
vn 0.00628316 0.153153 0.988182
vt -14.9625 10.2893
vt -15.8355 7.26584
f 551/2122/446 549/2123/444 550/2124/445

v 54.0735 23.1128 -19.1265
vt -20.5254 11.1047
vn 0.00685233 0.200355 0.979699
vt -14.9038 10.1154
vt -21.0138 8.08367
f 552/2125/447 549/2126/444 551/2127/446

v 49.4902 23.7718 -19.3769
vt -14.675 11.9895
vn 0.0120074 0.227087 0.9738
vt -14.9532 9.81466
vt -20.5742 10.8068
f 553/2128/448 549/2129/444 552/2130/447

vt -14.6175 11.9657
vt -10.4495 9.16597
vt -14.8935 9.79065
f 553/2131/448 548/2132/443 549/2133/444

v 46.7141 23.5671 -19.2028
vt -10.9615 11.6874
vn 0.0266233 0.21937 0.975278
vt -10.3652 9.29542
vt -14.5364 12.0904
f 554/2134/449 548/2135/443 553/2136/448

vt -11.0005 11.6812
v 43.7412 24.3234 -19.3335
vt -7.17373 12.9959
vn -0.0369308 0.222683 0.974191
vt -10.4054 9.28899
f 554/2137/449 555/2138/450 548/2139/443

vt -7.67902 13.6441
vt -7.04744 12.5196
vt -10.8709 11.1953
f 474/2140/369 555/2141/450 554/2142/449

vt -8.50857 13.2387
vt -6.93458 14.3162
vt -7.92451 12.0888
f 474/2143/369 475/2144/370 555/2145/450

vt -8.24601 12.6022
vt -7.19734 14.8026
vt -7.63074 11.3455
f 555/2146/450 475/2147/370 502/2148/397

vt -4.46773 12.2246
vt -7.3868 11.1621
vt -7.01419 14.6263
f 499/2149/394 502/2150/397 475/2151/370

vt -4.26345 12.5449
vt -6.837 14.9175
vt -3.80859 15.1762
f 499/2152/394 475/2153/370 497/2154/392

vt -6.82392 14.6359
vt -4.07285 16.1485
vt -3.79569 14.8967
f 475/2155/370 492/2156/387 497/2157/392

vt -5.65256 14.3337
vt -3.73075 14.5006
vt -6.42844 12.8947
f 476/2158/371 492/2159/387 475/2160/370

vt -4.0501 15.05
vt -3.72792 14.4085
vt -5.64968 14.2409
f 477/2161/372 492/2162/387 476/2163/371

vt -4.27394 16.1174
vt -2.3163 14.9782
vt -4.01675 14.8613
f 492/2164/387 493/2165/388 497/2166/392

vt -7.12427 13.1372
vt -6.46403 11.9035
vt -7.37873 9.15484
f 555/2167/450 502/2168/397 504/2169/399

vt -10.5688 9.45742
vt -7.3321 13.1599
vt -7.59115 9.17784
f 548/2170/443 555/2171/450 504/2172/399

v 46.7629 24.5411 -19.6937
vt -10.8877 12.8834
vn 0.0363824 0.259473 0.965065
vt -7.62174 13.5265
vt -10.8095 11.0723
f 556/2173/451 474/2174/369 554/2175/449

vt -10.8453 12.5584
vt -9.12186 13.746
vt -7.58024 13.2064
f 556/2176/451 473/2177/368 474/2178/369

vt -10.5735 13.5586
vt -8.95549 13.2981
vt -10.6702 12.098
f 472/2179/367 473/2180/368 556/2181/451

vt -10.9407 13.8108
vt -11.0652 12.3523
vt -16.6612 13.2063
f 472/2182/367 556/2183/451 471/2184/366

vt -11.0274 12.7245
vt -14.5322 11.3131
vt -16.625 13.5689
f 556/2185/451 553/2186/448 471/2187/366

vt -11.0805 12.9404
vt -11.0134 11.1289
vt -14.588 11.5359
f 556/2188/451 554/2189/449 553/2190/448

vt -16.7652 13.4678
vt -14.6874 11.1982
vt -20.4739 11.8562
f 471/2191/366 553/2192/448 469/2193/364

vt -14.6408 11.7634
vt -20.5391 10.5763
vt -20.4284 12.4114
f 553/2194/448 552/2195/447 469/2196/364

v 57.3274 23.1921 -19.1651
vt -24.7401 10.7373
vn -0.00150551 0.199489 0.979899
vt -20.4411 12.4193
vt -20.5525 10.5843
f 557/2197/452 469/2198/364 552/2199/447

vt -24.5436 12.6445
vt -20.4346 12.3934
vt -24.7333 10.7106
f 467/2200/362 469/2201/364 557/2202/452

vt -24.8212 12.9305
vt -25.03 10.9985
vt -26.3505 13.1771
f 467/2203/362 557/2204/452 466/2205/361

vt -24.7316 11.0487
v 60.4718 23.0696 -19.1429
vt -28.7785 10.8409
vn 0.0549718 0.175388 0.982964
vt -26.068 13.2176
f 557/2206/452 558/2207/453 466/2208/361

vt -24.7399 11.2284
v 59.0319 21.7281 -18.8511
vt -26.9359 8.66103
vn 0.0342665 0.167102 0.985344
vt -28.7868 11.0209
f 557/2209/452 559/2210/454 558/2211/453

vt -24.7457 11.2343
vt -21.0468 8.06097
vt -26.9418 8.66701
f 557/2212/452 551/2213/446 559/2214/454

vt -24.7235 11.2591
vt -20.5358 11.1072
vt -21.0243 8.08614
f 557/2215/452 552/2216/447 551/2217/446

vt -25.5348 7.15544
vt -28.3106 6.22754
vt -26.9162 8.91312
vt -21.0212 8.30687
f 277/2218/172 278/2219/173 559/2220/454 551/2221/446 

v 61.5628 20.947 -18.9611
vt -29.8886 7.508
vn 0.11312 0.145155 0.982921
vt -26.6222 8.79427
vt -28.0195 6.11018
f 560/2222/455 559/2223/454 278/2224/173

v 60.878 22.0043 -19.1821
vt -28.8478 8.91597
vn 0.109207 0.171488 0.979115
vt -26.4592 8.34809
vt -29.7247 7.05961
f 561/2225/456 559/2226/454 560/2227/455

vt -28.6318 9.8226
vt -28.0879 11.6191
vt -26.2433 9.25439
f 561/2228/456 558/2229/453 559/2230/454

vt -28.3936 9.80927
v 62.2074 22.8683 -19.5171
vt -30.1085 11.3746
vn 0.160904 0.17943 0.970523
vt -27.8464 11.6047
f 561/2231/456 562/2232/457 558/2233/453

v 62.5992 21.8855 -19.7459
vt -30.0181 10.5895
vn 0.22758 0.154113 0.961487
vt -29.4511 12.2017
vt -27.7465 10.6252
f 563/2234/458 562/2235/457 561/2236/456

v 63.2126 22.4014 -19.9772
vt -30.0501 11.5366
vn 0.277906 0.1495 0.948903
vt -28.6786 12.1968
vt -29.2586 10.5892
f 564/2237/459 562/2238/457 563/2239/458

vt -28.836 9.08884
v 62.9239 23.2349 -20.084
vt -28.4771 10.5349
vn 0.235282 0.212488 0.948415
vt -27.4634 9.7469
f 564/2240/459 565/2241/460 562/2242/457

v 63.7062 22.8916 -20.5664
vt -28.1483 9.51371
vn 0.400285 0.159401 0.902421
vt -27.0426 9.95673
vt -27.3906 8.50801
f 566/2243/461 565/2244/460 564/2245/459

vt -28.5872 10.6995
v 63.5999 24.0557 -20.7728
vt -28.4637 12.7316
vn 0.262486 0.177558 0.948459
vt -27.4808 11.1407
f 566/2246/461 567/2247/462 565/2248/460

vt -27.8678 12.6629
vt -27.9889 10.6306
v 64.2891 23.7955 -21.2535
vt -28.8598 12.3617
vn 0.507818 0.0874152 0.857018
f 567/2249/462 566/2250/461 568/2251/463

vt -21.5008 14.076
v 64.3614 23.028 -21.4753
vt -22.623 14.5736
vn 0.726171 0.0516106 0.685574
vt -22.35 15.8179
f 566/2252/461 569/2253/464 568/2254/463

vt -22.8863 10.9564
v 64.0659 22.0583 -20.8831
vt -23.4894 9.63687
vn 0.659261 0.0768971 0.747971
vt -24.01 11.4507
f 566/2255/461 570/2256/465 569/2257/464

v 63.5879 22.0834 -20.2723
vt -23.1536 9.72
vn 0.382516 0.0870228 0.919841
vt -23.9567 9.85446
vt -23.3535 11.1739
f 571/2258/466 570/2259/465 566/2260/461

v 63.9175 21.6761 -20.7319
vt -23.3561 11.5613
vn 0.513829 0.122423 0.849113
vt -23.5476 12.2561
vt -22.7446 12.1209
f 572/2261/467 570/2262/465 571/2263/466

vt -14.485 14.5126
v 64.2408 21.7798 -21.4341
vt -15.1893 14.8977
vn 0.935294 0.0219669 0.353188
vt -14.6442 15.2155
f 572/2264/467 573/2265/468 570/2266/465

v 64.0541 20.4871 -20.6922
vt -18.0436 6.3535
vn 0.653407 0.142352 0.743502
vt -18.535 8.75833
vt -17.8274 8.37946
f 574/2267/469 573/2268/468 572/2269/467

vt -8.30518 8.34943
v 64.2465 20.9766 -21.5077
vt -8.96294 9.41453
vn 0.997324 0.00942504 0.0725031
vt -8.79439 10.7547
f 574/2270/469 575/2271/470 573/2272/468

vt -11.6296 6.29364
v 64.2339 20.309 -21.2557
vt -12.1767 6.15455
vn 0.975213 0.100771 0.196991
vt -12.2878 7.35851
f 574/2273/469 576/2274/471 575/2275/470

vt -10.7585 2.81716
v 64.3774 19.7582 -21.2971
vt -11.4828 1.74748
vn 0.991628 0.12059 0.0461743
vt -11.3053 2.67683
f 574/2276/469 577/2277/472 576/2278/471

v 64.3807 19.0319 -20.6898
vt -11.8338 0.855827
vn 0.5966 0.176828 0.782816
vt -12.1979 2.27136
vt -11.4705 3.33894
f 578/2279/473 577/2280/472 574/2281/469

vt -13.5174 0.514123
v 64.5244 19.0427 -21.1746
vt -13.9603 0.673754
vn 0.990844 0.119032 -0.0637212
vt -13.8719 1.93211
f 578/2282/473 579/2283/474 577/2284/472

vt -13.5443 0.440762
v 64.6393 18.589 -21.163
vt -14.1053 -0.178427
vn 0.99735 0.0713008 -0.014496
vt -13.9873 0.600445
f 578/2285/473 580/2286/475 579/2287/474

v 64.5804 18.1581 -20.7156
vt -14.9562 0.0802884
vn 0.725511 0.200943 0.658222
vt -15.2642 0.94371
vt -14.7004 1.56038
f 581/2288/476 580/2289/475 578/2290/473

vt -6.89705 2.87149
v 64.6366 18.0468 -21.0087
vt -7.16702 2.76752
vn 0.993618 0.112778 0.00198073
vt -7.21751 3.73038
f 581/2291/476 582/2292/477 580/2293/475

vt -3.10558 -6.7286
v 64.916 17.3707 -20.897
vt -3.43495 -8.06668
vn 0.974535 0.216219 -0.0594127
vt -3.37372 -6.8372
f 581/2294/476 583/2295/478 582/2296/477

v 65.0822 16.9505 -20.7012
vt -3.91587 -8.72461
vn 0.57103 0.237938 0.785691
vt -3.97965 -7.92346
vt -3.6442 -6.58689
f 584/2297/479 583/2298/478 581/2299/476

vt -1.1404 -8.54691
vt -1.40197 -9.05114
vt -1.22226 -7.7474
f 584/2300/479 304/2301/199 583/2302/478

vt 6.89099 -12.6754
vt 6.70965 -12.2786
vt 6.93164 -11.7558
f 303/2303/198 304/2304/199 584/2305/479

vt -30.4897 -0.0727457
vt -30.6368 -1.19126
vt -30.833 -0.926863
f 584/2306/479 302/2307/197 303/2308/198

vt -33.356 0.743617
v 63.6598 17.1322 -20.2352
vt -31.476 0.914322
vn 0.0669312 0.0477099 0.996616
vt -33.5178 -0.372871
f 584/2309/479 585/2310/480 302/2311/197

v 64.0385 18.0736 -20.2533
vt -32.0864 4.25837
vn 0.227778 0.130519 0.964926
vt -31.637 2.64326
vt -33.5169 2.47119
f 586/2312/481 585/2313/480 584/2314/479

v 61.4331 18.3056 -19.5186
vt -28.9129 4.25988
vn 0.1036 0.0455851 0.993574
vt -31.8775 2.4687
vt -32.3324 4.08225
f 587/2315/482 585/2316/480 586/2317/481

v 61.7425 17.445 -19.9373
vt -30.2201 3.24265
vn 0.0317925 -0.0631252 0.997499
vt -32.7034 2.77865
vt -29.7897 4.65156
f 588/2318/483 585/2319/480 587/2320/482

vt -31.9667 2.37352
vt -32.8532 2.84474
vt -30.3771 3.3457
f 300/2321/195 585/2322/480 588/2323/483

v 64.3552 16.5426 -20.4766
vt -33.9017 0.550088
vn -0.0478439 -0.0784812 0.995767
vt -33.0224 1.53754
vt -32.1204 1.09678
f 589/2324/484 585/2325/480 300/2326/195

vt -33.8017 1.19369
vt -34.9075 0.819661
vt -32.9018 2.16228
f 589/2327/484 302/2328/197 585/2329/480

vt -33.8507 -0.720111
vt -34.0053 -1.04457
vt -34.9324 -1.15906
f 589/2330/484 301/2331/196 302/2332/197

vt -33.7473 -1.54914
vt -31.996 -0.912943
vt -33.8943 -1.87714
f 589/2333/484 300/2334/195 301/2335/196

vt -30.4146 3.22081
vt -28.9842 3.13458
vt -31.999 2.24038
f 588/2336/483 283/2337/178 300/2338/195

vt -28.9646 3.37893
vt -30.3947 3.46953
vt -28.1393 4.0926
f 283/2339/178 588/2340/483 282/2341/177

vt -27.7386 4.09287
vt -30.0147 3.55031
vt -29.5676 4.95398
f 282/2342/177 588/2343/483 587/2344/482

vt -27.5031 4.80687
vt -29.3216 5.69006
vt -26.719 6.39252
f 282/2345/177 587/2346/482 279/2347/174

vt -26.3302 5.58728
vt -28.9423 4.9205
vt -27.0906 7.9018
f 279/2348/174 587/2349/482 278/2350/173

v 62.4809 19.7321 -19.5633
vt -29.8366 7.40897
vn 0.177579 0.0895181 0.980027
vt -26.6853 7.90211
vt -28.5607 4.93569
f 590/2351/485 278/2352/173 587/2353/482

vt -28.5733 9.54185
vt -26.7281 8.11253
vt -29.8791 7.61686
f 560/2354/455 278/2355/173 590/2356/485

v 62.3814 21.1715 -19.28
vt -28.7968 9.90112
vn 0.202875 0.168182 0.964654
vt -27.7191 9.42116
vt -29.0507 7.51392
f 591/2357/486 560/2358/455 590/2359/485

vt -28.1373 8.35426
vt -29.0012 6.49178
vt -30.0806 6.96791
f 561/2360/456 560/2361/455 591/2362/486

vt -29.9698 7.48114
vt -27.6983 7.51692
vt -29.6335 6.11934
f 563/2363/458 561/2364/456 591/2365/486

v 63.5529 21.4583 -20.0982
vt -29.706 6.75661
vn 0.369601 0.201888 0.906993
vt -28.4279 7.38207
vt -28.0669 6.0266
f 592/2366/487 563/2367/458 591/2368/486

vt -26.2742 1.90827
vt -27.53 1.23905
vt -28.1776 1.83483
f 563/2369/458 592/2370/487 572/2371/467

vt -20.4555 8.24367
vt -21.3626 6.77056
vt -21.1406 8.79589
f 592/2372/487 574/2373/469 572/2374/467

v 63.3968 20.6933 -19.9098
vt -23.4407 8.75336
vn 0.325652 0.119877 0.937859
vt -24.5303 8.63058
vt -23.6277 10.1064
f 593/2375/488 574/2376/469 592/2377/487

vt -24.4126 7.60466
vt -23.3229 7.72721
v 63.6842 19.3603 -20.1015
vt -23.8332 5.52483
vn 0.315895 0.138391 0.938647
f 574/2378/469 593/2379/488 594/2380/489

vt -30.3201 8.57072
vt -29.1461 6.83149
vt -30.7772 6.35668
f 593/2381/488 590/2382/485 594/2383/489

vt -27.875 10.1073
vt -28.1539 7.72295
vt -29.3111 9.47338
f 591/2384/486 590/2385/485 593/2386/488

vt -28.6499 9.09912
vt -27.0081 8.37499
vt -28.4474 7.74828
f 592/2387/487 591/2388/486 593/2389/488

vt -30.6785 6.05507
vt -29.0471 6.5287
vt -31.2081 3.91365
f 594/2390/489 590/2391/485 586/2392/481

vt -30.2233 7.02792
vt -28.9304 4.56344
vt -32.3499 4.38483
f 590/2393/485 587/2394/482 586/2395/481

vt -26.822 5.41514
vt -27.3754 3.27975
vt -27.8703 5.02969
f 594/2396/489 586/2397/481 578/2398/473

vt -28.6328 4.80358
vt -28.1372 3.05383
vt -28.9304 3.33134
f 578/2399/473 586/2400/481 581/2401/476

vt -28.6128 1.71638
vt -30.0575 -0.059339
vt -29.4057 1.99462
f 586/2402/481 584/2403/479 581/2404/476

vt -26.5815 4.7603
vt -27.6297 4.37483
vt -27.1607 6.84015
f 594/2405/489 578/2406/473 574/2407/469

vt -26.7633 14.7348
vt -28.6668 14.6621
vt -28.0899 15.2573
f 563/2408/458 572/2409/467 571/2410/466

vt -29.1837 12.5437
vt -28.6246 13.0051
vt -27.8478 12.0457
f 571/2411/466 564/2412/459 563/2413/458

vt -25.5259 9.80856
vt -26.0919 9.35561
vt -26.2894 10.8099
f 564/2414/459 571/2415/466 566/2416/461

vt 9.50044 -8.27446
vt 9.44164 -9.58921
v 64.619 17.9103 -21.2536
vt 9.20396 -7.20729
vn 0.70136 -0.0303214 -0.712162
f 583/2417/478 304/2418/199 595/2419/490

vt 31.8536 -1.08481
vt 30.2854 1.18836
vt 31.144 1.20133
f 304/2420/199 305/2421/200 595/2422/490

vt 30.2563 3.13865
v 64.3148 18.9203 -21.7015
vt 30.6611 4.99083
vn 0.588129 -0.0885291 -0.803907
vt 31.1148 3.15152
f 305/2423/200 596/2424/491 595/2425/490

v 63.6668 18.9888 -22.2857
vt 29.2767 5.37608
vn 0.277058 -0.190604 -0.941758
v 63.8451 20.0994 -22.3641
vt 29.5191 7.28037
vn 0.475271 -0.148584 -0.867203
vt 30.2339 5.09297
vt 29.8298 3.24063
f 597/2426/492 598/2427/493 596/2428/491 305/2429/200 

v 63.3729 20.1841 -22.9039
vt 27.137 7.84423
vn 0.296318 -0.198614 -0.93421
vt 27.8829 7.54608
vt 27.6447 5.64125
f 599/2430/494 598/2431/493 597/2432/492

vt 28.0715 7.99643
vt 27.3257 8.29491
v 63.5299 20.968 -22.9809
vt 27.5171 9.64737
vn 0.348128 -0.110793 -0.930877
f 598/2433/493 599/2434/494 600/2435/495

v 62.3466 20.4292 -23.6443
vt 28.8568 8.26221
vn 0.18756 -0.16071 -0.969017
vt 30.4986 8.98633
vt 30.2961 7.63549
f 601/2436/496 600/2437/495 599/2438/494

vt 29.9765 7.95059
vt 31.2547 7.32513
vt 29.6156 6.59512
f 312/2439/207 600/2440/495 601/2441/496

vt 29.6532 2.79681
vt 28.3974 3.46604
v 63.9037 21.3823 -22.4592
vt 30.3008 3.3926
vn 0.499699 -0.162117 -0.850893
f 600/2442/495 312/2443/207 602/2444/497

vt 30.6731 13.1773
vt 28.7697 13.25
v 63.5659 21.6154 -23.0236
vt 30.0962 13.7725
vn 0.368435 -0.223026 -0.902505
f 602/2445/497 312/2446/207 603/2447/498

vt 30.3451 12.1763
vt 30.9042 11.7149
vt 29.5683 11.2169
f 313/2448/208 603/2449/498 312/2450/207

vt 28.534 9.43903
vt 27.968 9.89199
vt 28.7315 10.8933
f 603/2451/498 313/2452/208 315/2453/210

v 64.0534 21.7927 -22.4446
vt 26.9083 9.86398
vn 0.572564 -0.172202 -0.801572
vt 26.1052 9.72952
vt 26.305 11.1835
f 604/2454/499 603/2455/498 315/2456/210

vt 26.561 11.9009
vt 26.3694 11.2061
vt 25.758 11.7658
f 604/2457/499 602/2458/497 603/2459/498

v 64.1969 21.5439 -21.9268
vt 21.7025 13.3054
vn 0.852184 -0.117402 -0.509901
vt 21.1058 13.1829
vt 21.2768 13.8831
f 605/2460/500 602/2461/497 604/2462/499

vt 22.6444 8.771
v 64.17 20.2415 -21.8493
vt 22.5316 6.54198
vn 0.805796 -0.0626993 -0.588864
vt 22.0474 8.64997
f 605/2463/500 606/2464/501 602/2465/497

vt 9.95095 8.29966
vt 9.55163 7.15286
vt 9.67545 9.38129
f 575/2466/470 606/2467/501 605/2468/500

vt 7.54885 7.97567
vt 7.03948 8.03234
vt 7.43752 9.17959
f 576/2469/471 606/2470/501 575/2471/470

vt 6.65131 -0.105444
vt 6.56404 -1.04755
vt 6.14209 -0.0474742
f 576/2472/471 577/2473/472 606/2474/501

vt 15.6114 3.49847
vt 15.1646 2.19069
vt 15.147 4.47957
f 577/2475/472 596/2476/491 606/2477/501

vt 19.4479 1.22328
vt 18.9204 1.16695
vt 19.3489 2.48084
f 579/2478/474 596/2479/491 577/2480/472

vt 19.6586 -0.71707
vt 19.6901 -1.50421
vt 19.1312 -0.774053
f 579/2481/474 580/2482/475 596/2483/491

vt 23.5271 0.949543
vt 23.0989 2.79497
vt 23.6732 2.07683
f 595/2484/490 596/2485/491 580/2486/475

vt 5.1436 3.41704
vt 4.91966 3.25635
vt 5.0924 4.37986
f 582/2487/477 595/2488/490 580/2489/475

vt 12.4354 -7.18859
vt 12.111 -6.12958
vt 12.3299 -5.96212
f 583/2490/478 595/2491/490 582/2492/477

vt 24.485 2.97287
vt 23.7908 5.16688
vt 24.4012 5.26028
f 596/2493/491 598/2494/493 606/2495/501

vt 23.5354 6.84601
vt 23.6595 9.04661
vt 24.1459 6.93912
f 598/2496/493 602/2497/497 606/2498/501

vt 24.2013 6.81428
vt 23.6396 8.46274
vt 24.3248 9.01491
f 598/2499/493 600/2500/495 602/2501/497

vt 6.61827 7.44048
vt 6.34408 8.52245
vt 6.79023 8.78024
f 575/2502/470 605/2503/500 573/2504/468

vt 5.00944 11.8444
vt 4.56359 11.5861
v 64.3033 22.6954 -22.1658
vt 4.5384 13.6102
vn 0.812437 -0.15549 -0.561934
f 573/2505/468 605/2506/500 607/2507/502

vt 18.3485 11.2062
vt 17.9147 11.7778
vt 18.3842 13.2302
f 605/2508/500 604/2509/499 607/2510/502

vt 25.5313 9.19937
vt 24.9296 10.5196
vt 26.0083 10.6493
f 604/2511/499 315/2512/210 607/2513/502

vt 25.6051 13.9282
vt 24.5265 13.7976
vt 25.374 15.5403
f 607/2514/502 315/2515/210 317/2516/212

vt 20.0597 13.6448
vt 19.7914 15.2511
v 64.5689 23.5378 -21.9449
vt 20.4982 15.0136
vn 0.991067 -0.124703 0.0472713
f 607/2517/502 317/2518/212 608/2519/503

vt 21.5599 17.7532
vt 20.8544 17.9947
v 64.8879 24.4768 -22.1052
vt 21.7965 19.4241
vn 0.979085 -0.202775 0.0165805
f 608/2520/503 317/2521/212 609/2522/504

vt 20.9446 20.0371
vt 20.0119 18.6016
vt 20.6997 21.1702
f 609/2523/504 317/2524/212 319/2525/214

vt 23.544 19.9756
vt 23.3247 21.114
v 65.1338 25.0646 -22.2207
vt 23.7339 21.0353
vn 0.984053 -0.177724 -0.00733804
f 609/2526/504 319/2527/214 610/2528/505

vt 23.3157 19.2543
vt 22.9062 19.3316
v 65.2679 25.6584 -22.3831
vt 23.3823 20.3203
vn 0.977192 -0.211945 0.0132685
f 610/2529/505 319/2530/214 611/2531/506

vt 11.8925 25.9318
vt 11.509 24.9035
vt 12.0801 27.3102
f 611/2532/506 319/2533/214 321/2534/216

v 65.4219 26.0126 -22.3123
vt -1.97332 27.9184
vn 0.688831 -0.0304801 0.724281
vt -2.05807 27.3024
vt -2.05553 28.6935
f 612/2535/507 611/2536/506 321/2537/216

v 64.948 25.1797 -21.8103
vt -2.26901 26.3145
vn 0.579311 0.0417035 0.814039
vt -2.73095 27.3531
vt -2.65023 27.9697
f 613/2538/508 611/2539/506 612/2540/507

vt -17.8331 18.5027
vt -18.2648 18.4259
vt -18.4055 19.4847
f 613/2541/508 610/2542/505 611/2543/506

vt -18.5299 21.854
vt -18.7633 20.7173
vt -18.9613 21.7755
f 613/2544/508 609/2545/504 610/2546/505

vt -16.008 19.2043
vt -16.9428 20.6402
vt -16.6936 21.7735
f 568/2547/463 609/2548/504 613/2549/508

vt -16.9185 18.5809
vt -17.6292 18.3394
vt -17.8626 20.0107
f 568/2550/463 608/2551/503 609/2552/504

vt -15.4794 14.7181
vt -15.7793 13.48
vt -16.1916 14.481
f 568/2553/463 569/2554/464 608/2555/503

vt -7.44124 16.9364
v 64.3124 22.5932 -21.6307
vt -7.60608 16.2353
vn 0.968991 -0.0564929 0.240551
vt -7.82404 17.9491
f 569/2556/464 614/2557/509 608/2558/503

vt -5.62203 14.8424
vt -6.2311 15.9776
vt -6.06169 16.6776
f 570/2559/465 614/2560/509 569/2561/464

vt -12.1491 11.2225
vt -12.697 10.9096
vt -12.7805 12.3454
f 570/2562/465 573/2563/468 614/2564/509

vt 4.71763 11.7711
vt 4.24556 13.5367
vt 4.6757 13.2087
f 573/2565/468 607/2566/502 614/2567/509

vt 8.20927 17.4012
vt 7.78384 17.7353
vt 8.14139 19.1275
f 614/2568/509 607/2569/502 608/2570/503

v 64.3734 24.9034 -21.3561
vt -28.8232 15.895
vn 0.255334 0.156767 0.954059
vt -28.7613 13.9855
vt -29.6376 16.4961
f 615/2571/510 568/2572/463 613/2573/508

vt -29.3376 13.9112
vt -29.4031 15.8206
vt -28.3458 14.2127
f 568/2574/463 615/2575/510 567/2576/462

vt -30.951 12.513
vt -32.0074 14.1216
v 63.3083 24.8436 -20.8977
vt -30.5843 13.8857
vn 0.143858 0.220323 0.96476
f 567/2577/462 615/2578/510 616/2579/511

vt -31.9644 14.3919
vt -33.1432 17.3334
vt -30.5413 14.1563
f 615/2580/510 326/2581/221 616/2582/511

vt -29.8929 16.1445
vt -30.2574 18.4853
vt -29.078 15.544
f 613/2583/508 326/2584/221 615/2585/510

vt -27.8985 18.2862
vt -27.5735 19.0702
vt -27.2249 16.727
f 612/2586/507 326/2587/221 613/2588/508

vt -30.4955 19.6126
vt -29.9153 19.6659
vt -30.2326 18.8788
f 321/2589/216 326/2590/221 612/2591/507

vt -29.4655 14.6651
vt -30.0456 14.6114
vt -29.9185 15.0265
f 326/2592/221 321/2593/216 322/2594/217

vt -27.5602 16.9992
vt -28.0166 17.3565
vt -28.0019 17.6015
f 326/2595/221 322/2596/217 323/2597/218

vt -32.4617 16.0372
vt -31.8064 13.3946
vt -34.3668 16.6053
f 327/2598/222 616/2599/511 326/2600/221

vt -28.3725 14.2462
vt -31.6793 13.3548
vt -32.3413 15.9957
f 462/2601/357 616/2602/511 327/2603/222

vt -28.3065 13.8914
v 61.8165 23.9077 -19.9904
vt -29.6185 11.1163
vn 0.144752 0.25298 0.956581
vt -31.6121 12.9955
f 462/2604/357 617/2605/512 616/2606/511

vt -26.2444 11.2711
vt -28.978 10.3674
vt -27.7027 13.1595
f 463/2607/358 617/2608/512 462/2609/357

vt -26.2996 11.5046
v 60.6628 23.4576 -19.2994
vt -27.4724 9.62182
vn 0.0892531 0.224635 0.970347
vt -29.0342 10.6039
f 463/2610/358 618/2611/513 617/2612/512

vt -25.9765 13.1052
vt -28.931 11.4306
vt -27.7115 13.2834
f 466/2613/361 618/2614/513 463/2615/358

vt -25.9117 12.939
vt -28.6163 10.5556
vt -28.8644 11.2613
f 466/2616/361 558/2617/453 618/2618/513

vt -30.0108 10.4193
vt -28.0029 11.3529
vt -27.7486 10.6494
f 562/2619/457 618/2620/513 558/2621/453

vt -29.4054 8.7676
vt -28.9673 10.6958
vt -27.4043 9.71563
f 562/2622/457 617/2623/512 618/2624/513

vt -28.767 8.3049
vt -29.7706 9.1058
vt -28.3489 10.2375
f 562/2625/457 565/2626/460 617/2627/512

vt -30.4938 10.4446
vt -31.071 13.4238
vt -29.061 11.5622
f 565/2628/460 616/2629/511 617/2630/512

vt -28.8671 10.4038
vt -29.8416 12
vt -29.4839 13.3751
f 565/2631/460 567/2632/462 616/2633/511

v 61.8263 26.1351 -21.372
vt -30.2628 14.6763
vn 0.0157422 0.390261 0.92057
vt -28.8447 13.1687
vt -32.7849 14.9815
f 619/2634/514 462/2635/357 327/2636/222

vt -29.1331 14.8369
vt -29.1981 13.2969
vt -30.5754 14.8419
f 461/2637/356 462/2638/357 619/2639/514

vt -30.5775 12.8989
vt -30.4643 13.8847
vt -29.1351 12.8934
f 619/2640/514 377/2641/272 461/2642/356

vt -30.5846 12.9475
vt -32.499 13.8437
vt -30.47 13.9331
f 619/2643/514 328/2644/223 377/2645/272

vt -30.3498 13.4364
vt -32.8699 13.7582
vt -32.2918 14.2709
f 619/2646/514 327/2647/222 328/2648/223

vt -29.2313 13.1228
vt -30.5312 14.1521
vt -28.4492 13.6023
f 461/2649/356 377/2650/272 459/2651/354

vt -28.946 16.1408
vt -27.0275 15.5682
vt -27.0909 15.0473
f 377/2652/272 379/2653/274 459/2654/354

vt -29.7282 15.8129
vt -29.2801 16.0074
vt -27.7692 15.3994
f 377/2655/272 378/2656/273 379/2657/274

vt -28.4512 7.79102
vt -28.524 8.31069
vt -26.8734 7.78185
f 459/2658/354 379/2659/274 458/2660/353

vt -23.7932 15.4825
vt -25.0623 16.6631
vt -23.7477 15.9503
f 458/2661/353 379/2662/274 380/2663/275

vt -19.6112 21.4181
vt -19.4452 21.8578
vt -18.7177 20.955
f 458/2664/353 380/2665/275 381/2666/276

vt -23.6374 18.5713
vt -22.6578 18.3405
vt -22.7926 17.3723
f 458/2667/353 381/2668/276 456/2669/351

vt -25.5251 5.01388
vt -25.8852 5.92259
v 57.6389 26.1148 -22.2912
vt -25.2101 5.75753
vn -0.000999989 0.963618 0.267281
f 456/2670/351 381/2671/276 620/2672/515

vt -24.9697 7.67929
vt -25.598 7.97634
vt -23.4944 7.55089
f 620/2673/515 381/2674/276 382/2675/277

vt 25.2201 4.1748
vt 23.7504 3.99356
v 56.6486 26.1486 -22.1808
vt 23.949 4.31861
vn -0.00471238 0.937659 0.347524
f 620/2676/515 382/2677/277 621/2678/516

vt 23.5341 7.27003
vt 23.3799 6.92169
vt 20.4355 6.80461
f 621/2679/516 382/2680/277 383/2681/278

vt -20.7468 6.25992
vt -23.9969 7.09534
vt -20.8684 6.92188
f 389/2682/284 621/2683/516 383/2684/278

vt -23.831 7.26884
vt -23.9447 7.87023
vt -20.6509 7.22862
f 453/2685/348 621/2686/516 389/2687/284

vt -23.8423 7.37253
vt -25.5454 7.35035
vt -23.9532 7.97445
f 453/2688/348 456/2689/351 621/2690/516

vt -24.9253 1.27106
vt -24.7125 2.05016
vt -23.4347 2.10947
f 456/2691/351 620/2692/515 621/2693/516

vt 28.6881 8.24883
vt 30.9597 8.21304
vt 30.6233 6.85124
f 309/2694/204 312/2695/207 601/2696/496

vt 29.7882 6.951
vt 28.9243 8.81348
vt 30.8675 7.42713
f 308/2697/203 309/2698/204 601/2699/496

vt 29.0295 8.70426
vt 30.1072 9.18422
vt 30.3611 6.79702
f 308/2700/203 601/2701/496 307/2702/202

vt 29.7604 7.05362
vt 29.4815 9.43801
vt 30.9176 8.80405
f 307/2703/202 601/2704/496 599/2705/494

vt 30.4218 6.36568
vt 31.5958 8.1049
vt 32.0529 5.89086
f 307/2706/202 599/2707/494 597/2708/492

vt 30.3588 6.18651
vt 31.9902 5.71288
vt 32.5198 3.57145
f 307/2709/202 597/2710/492 305/2711/200

vt 29.7503 3.81217
vt 31.0432 6.27665
vt 33.1698 3.63356
f 306/2712/201 307/2713/202 305/2714/200

vt -25.5994 7.35639
vt -21.0868 8.5119
vt -17.9277 5.71002
f 277/2715/172 551/2716/446 274/2717/169

vt -17.8414 5.83071
vt -20.9946 8.6391
vt -15.759 7.64165
f 274/2718/169 551/2719/446 550/2720/445

vt -17.8794 5.84908
vt -15.7988 7.66216
vt -13.7787 5.3114
f 274/2721/169 550/2722/445 272/2723/167

vt -13.6334 5.47632
vt -15.643 7.8361
v 48.5452 20.339 -18.7204
vt -13.2851 7.01207
vn 0.0173197 0.104236 0.994402
f 272/2724/167 550/2725/445 622/2726/517

vt -13.3823 6.74899
vt -15.7422 7.56716
vt -10.2766 7.62946
f 622/2727/517 550/2728/445 547/2729/442

vt -10.215 5.59922
vt -13.4202 6.84935
vt -10.3153 7.73258
f 270/2730/165 622/2731/517 547/2732/442

vt -13.7055 5.45668
vt -13.3609 6.99327
vt -10.1579 5.73745
f 272/2733/167 622/2734/517 270/2735/165

vt -9.97504 5.67245
vt -10.0618 7.8064
vt -6.98051 5.80496
f 270/2736/165 547/2737/442 546/2738/441

vt -9.9797 5.75972
vt -6.98518 5.89262
vt -8.75709 4.44872
f 270/2739/165 546/2740/441 268/2741/163

vt -8.96746 4.58799
vt -7.20735 6.04624
vt -7.7481 4.45477
f 268/2742/163 546/2743/441 266/2744/161

vt -8.44214 4.22809
vt -7.97674 5.8432
vt -6.04282 3.68876
f 266/2745/161 546/2746/441 262/2747/157

vt -8.36336 4.47324
vt -5.96916 3.91167
vt -7.32782 2.8601
f 266/2748/161 262/2749/157 264/2750/159

vt -7.76024 9.25647
vt -5.4752 7.20568
vt -6.98146 6.5244
f 504/2751/399 505/2752/400 545/2753/440

vt -0.844227 1.08246
vt -1.8994 1.66468
vt -0.365585 1.53071
f 530/2754/425 261/2755/156 531/2756/426

vt -0.671692 1.33368
vt -1.53144 1.39864
vt -1.70511 1.95369
f 530/2757/425 529/2758/424 261/2759/156

vt -1.50609 2.05186
vt -1.35436 1.49041
vt -3.0253 1.99269
f 261/2760/156 529/2761/424 259/2762/154

vt -4.28205 8.28287
v 39.4644 21.7146 -20.9351
vt -3.20968 9.24733
vn -0.762267 0.0936131 0.640458
vt -3.30085 7.02412
f 509/2763/404 623/2764/518 540/2765/435

vt -3.81483 9.39655
vt -3.23668 9.29468
vt -4.31028 8.33159
f 510/2766/405 623/2767/518 509/2768/404

vt -3.8043 9.42328
v 39.546 22.586 -20.7418
vt -3.50105 10.7469
vn -0.67695 0.0951864 0.729848
vt -3.22622 9.32103
f 510/2769/405 624/2770/519 623/2771/518

vt -4.07021 10.8726
vt -3.39638 10.7709
vt -3.71036 9.44969
f 512/2772/407 624/2773/519 510/2774/405

vt -4.08589 10.7835
vt -2.92163 11.9584
vt -3.41204 10.6818
f 512/2775/407 513/2776/408 624/2777/519

vt -3.46843 10.3878
vt -3.03399 11.6844
vt -2.6062 10.8066
f 624/2778/519 513/2779/408 517/2780/412

vt -2.90913 11.8056
vt -2.2685 11.7882
vt -2.46364 10.9366
f 513/2781/408 516/2782/411 517/2783/412

v 39.0841 23.5217 -21.7771
vt -2.50137 11.8165
vn -0.981111 -0.0981651 0.16669
vt -2.27407 11.1657
vt -2.91468 11.1837
f 625/2784/520 516/2785/411 513/2786/408

vt -1.81953 12.345
vt -1.84648 13.3695
vt -1.53229 11.7183
f 625/2787/520 514/2788/409 516/2789/411

vt -2.60263 13.5612
vt -2.65409 12.5376
vt -3.10204 11.9288
f 514/2790/409 625/2791/520 513/2792/408

vt -3.54809 10.7326
vt -2.68292 11.1453
v 39.2829 22.0289 -21.4558
vt -2.79883 9.99302
vn -0.964945 -0.00558595 0.262394
f 624/2793/519 517/2794/412 626/2795/521

vt -1.70192 9.90883
vt -1.57505 11.06
vt -1.43983 9.38021
f 626/2796/521 517/2797/412 519/2798/414

vt -1.42815 11.0709
vt -0.667612 10.5087
vt -1.28995 9.39135
f 517/2799/412 518/2800/413 519/2801/414

vt -2.98548 8.65392
vt -2.56938 9.35857
vt -2.34548 8.81269
f 623/2802/518 626/2803/521 519/2804/414

vt -3.57865 10.7086
vt -2.82868 9.96977
vt -3.28038 9.2874
f 624/2805/519 626/2806/521 623/2807/518

vt -3.0964 9.36602
vt -2.45538 9.52063
vt -2.55732 8.3063
f 623/2808/518 519/2809/414 520/2810/415

vt -3.22826 9.31583
vt -2.67781 8.26197
vt -3.36018 7.09467
f 623/2811/518 520/2812/415 540/2813/435

vt -3.39177 6.90571
vt -2.74256 8.09179
v 39.1672 20.2973 -21.0422
vt -2.82614 6.75271
vn -0.88889 0.207618 0.408374
f 540/2814/435 520/2815/415 627/2816/522

vt -2.26374 8.36612
vt -2.17473 7.18906
vt -2.47504 7.04118
f 520/2817/415 521/2818/416 627/2819/522

vt -2.53792 7.04802
vt -2.23868 7.19805
v 38.9204 19.3836 -21.3553
vt -2.13596 5.56017
vn -0.893753 0.0599199 -0.444539
f 627/2820/522 521/2821/416 628/2822/523

vt -0.963955 5.78288
vt -0.827799 7.41832
vt -0.585372 6.07241
f 628/2823/523 521/2824/416 522/2825/417

vt -0.831115 5.6866
vt -0.449843 5.97258
v 38.7801 18.6241 -21.2575
vt -0.931597 4.36324
vn -0.71699 -0.0582611 -0.694644
f 628/2826/523 522/2827/417 629/2828/524

vt -0.188612 5.91655
vt -0.594561 3.11754
vt -0.68824 4.31267
f 522/2829/417 523/2830/418 629/2831/524

vt -1.95715 4.21939
vt -1.64651 4.20197
vt -1.519 3.00998
f 537/2832/432 629/2833/524 523/2834/418

vt -1.94812 4.34431
vt -1.60107 5.65341
vt -1.63748 4.32674
f 537/2835/432 628/2836/523 629/2837/524

v 38.9207 19.5116 -20.9146
vt -2.41526 5.69196
vn -0.899103 0.205408 0.38655
vt -2.03107 5.60014
vt -2.31312 4.27552
f 630/2838/525 628/2839/523 537/2840/432

vt -2.39402 7.09894
vt -2.02418 5.60278
vt -2.40826 5.69506
f 627/2841/522 628/2842/523 630/2843/525

vt -2.83002 6.75554
vt -2.64156 5.3643
vt -3.08166 5.5618
f 627/2844/522 630/2845/525 538/2846/433

vt -3.06151 5.654
vt -2.62045 5.45867
vt -2.3562 4.06335
f 538/2847/433 630/2848/525 537/2849/432

vt -3.39213 6.89983
vt -2.82654 6.74671
vt -3.07589 5.5525
f 540/2850/435 627/2851/522 538/2852/433

vt -1.39928 2.94019
vt -1.19718 4.48147
vt -0.808445 3.25528
f 536/2853/431 537/2854/432 523/2855/418

vt -1.38427 2.92058
vt -0.793038 3.23494
v 38.4637 17.0977 -21.0259
vt -1.15425 1.75597
vn -0.420933 -0.0931049 -0.902301
f 536/2856/431 523/2857/418 631/2858/526

vt -0.20379 1.55063
vt 0.221472 3.01246
vt 1.21015 2.60622
f 631/2859/526 523/2860/418 524/2861/419

vt -0.503038 0.417512
vt -0.189546 1.53182
vt 1.22452 2.58724
f 525/2862/420 631/2863/526 524/2864/419

vt -1.42669 0.937986
vt -0.868504 1.69619
vt -1.15963 0.575836
f 533/2865/428 631/2866/526 525/2867/420

vt -1.48663 1.68384
vt -1.05522 1.80038
vt -1.60272 1.03442
f 534/2868/429 631/2869/526 533/2870/428

vt -1.26867 2.94992
vt -1.04949 1.78323
vt -1.48095 1.66693
f 536/2871/431 631/2872/526 534/2873/429

vt -1.73689 0.701049
vt -1.46739 0.340711
vt -1.74179 0.193415
f 533/2874/428 525/2875/420 532/2876/427

vt -1.26341 -0.702227
vt -1.00011 -0.535902
vt -1.01033 -0.976113
f 532/2877/427 525/2878/420 526/2879/421

vt 2.44949 11.8859
vt 1.08063 12.0072
vt 1.66508 12.0962
f 481/2880/376 482/2881/377 490/2882/385

vt 1.73633 14.1541
vt 1.14965 14.0813
vt 0.884145 14.4441
f 490/2883/385 482/2884/377 488/2885/383

vt 0.0194454 17.2093
vt 0.361909 16.9181
vt -0.176172 17.1464
f 488/2886/383 482/2887/377 487/2888/382

vt -0.176367 17.2236
vt -0.578423 18.499
vt -0.0290285 18.2994
f 483/2889/378 487/2890/382 482/2891/377

vt -21.1024 12.3175
vt -23.7594 13.7085
vt -21.1692 13.8089
f 470/2892/365 454/2893/349 452/2894/347

vt -24.1667 12.2346
vt -23.7381 13.7553
vt -21.0778 12.3707
f 468/2895/363 454/2896/349 470/2897/365

vt -24.399 14.765
vt -24.5454 16.1782
vt -23.8422 16.2437
f 468/2898/363 455/2899/350 454/2900/349

vt -24.4881 13.9705
vt -25.8918 13.9447
vt -24.6832 15.3778
f 468/2901/363 465/2902/360 455/2903/350

vt -24.5665 14.2963
vt -25.7363 12.8313
vt -27.095 13.4322
f 455/2904/350 465/2905/360 464/2906/359

vt -26.6678 13.4726
vt -24.4815 13.304
vt -26.9997 12.4105
f 457/2907/352 455/2908/350 464/2909/359

vt -11.1899 8.17475
vt -13.8458 8.51772
vt -11.3539 8.74711
f 448/2910/343 391/2911/286 392/2912/287

vt -11.061 8.00156
vt -11.2388 8.56976
vt -10.0999 8.08534
f 448/2913/343 392/2914/287 447/2915/342

vt -10.9805 9.74928
vt -9.71954 9.8392
vt -9.82097 9.3165
f 392/2916/287 398/2917/293 447/2918/342

vt -10.0751 9.82749
vt -9.95384 10.346
vt -8.70137 10.0881
f 447/2919/342 398/2920/293 444/2921/339

vt -10.2368 7.45672
vt -8.06505 7.62178
vt -9.00292 7.12094
f 398/2922/293 399/2923/294 444/2924/339

vt 5.19365 7.23749
vt 7.47869 9.28829
vt 6.69991 6.55621
f 410/2925/305 408/2926/303 409/2927/304

vt 3.31209 6.44186
vt 3.59046 7.50772
vt 4.97085 6.9191
f 412/2928/307 417/2929/312 410/2930/305

vt 28.7085 11.5899
vt 30.7164 10.6564
vt 28.4542 10.8865
f 335/2931/230 311/2932/206 310/2933/205

vt 29.9557 11.5209
vt 30.3937 9.59277
vt 28.3926 10.5408
f 333/2934/228 311/2935/206 335/2936/230

vt 31.0093 9.97301
vt 30.0058 9.17211
vt 29.5877 11.1047
f 314/2937/209 311/2938/206 333/2939/228

vt 32.0177 13.9397
vt 31.4404 10.9606
vt 30.0077 12.0782
f 331/2940/226 314/2941/209 333/2942/228

vt 31.3849 12.3808
vt 30.4104 10.7847
vt 31.0272 13.7559
f 316/2943/211 314/2944/209 331/2945/226

vt 33.1623 14.4095
vt 32.1059 12.8009
vt 31.7392 14.1736
f 318/2946/213 316/2947/211 331/2948/226

vt 34.3152 17.5182
vt 33.1364 14.5767
vt 31.7133 14.3411
f 320/2949/215 318/2950/213 331/2951/226

vt -3.75292 7.44137
vt -2.65121 5.9671
vt -4.58596 7.54422
f 256/2952/151 202/2953/97 200/2954/95

vt 6.3103 -5.14427
vt 7.11675 -4.91152
vt 7.93487 -5.68835
f 256/2955/151 200/2956/95 254/2957/149

vt 9.42279 -2.6307
vt 8.39444 -2.16673
vt 10.8277 -2.19655
f 254/2958/149 200/2959/95 199/2960/94

vt 9.27973 -3.00534
vt 10.703 -2.63564
vt 10.6813 -3.10891
f 254/2961/149 199/2962/94 253/2963/148

vt 11.0762 -1.4687
vt 11.0268 -0.997513
v 47.6759 17.0007 -20.7174
vt 12.4656 -1.27674
vn 0.0901256 -0.979993 0.177455
f 253/2964/148 199/2965/94 632/2966/527

vt 11.0926 0.0237674
vt 11.7876 0.330227
vt 12.5484 -0.14633
f 199/2967/94 197/2968/92 632/2969/527

vt 12.5561 0.801314
vt 11.7633 1.22255
vt 13.7833 1.22349
f 632/2970/527 197/2971/92 194/2972/89

vt -9.77791 9.7447
vt -9.00774 8.80277
vt -10.1451 9.42786
f 248/2973/143 632/2974/527 194/2975/89

vt -10.7697 5.44967
vt -11.5588 5.04033
vt -12.6067 5.65852
f 251/2976/146 632/2977/527 248/2978/143

vt -11.1045 4.76928
vt -10.4679 4.19797
vt -11.8659 4.31054
f 251/2979/146 253/2980/148 632/2981/527

vt -10.9251 -7.9303
vt -10.6712 -8.34353
vt -11.4942 -9.10698
f 248/2982/143 194/2983/89 193/2984/88

vt 23.9238 -2.28332
v 56.8564 17.0432 -21.5221
vt 24.0547 -1.7677
vn -0.0221465 -0.643521 -0.765108
vt 25.3656 -2.02792
f 187/2985/82 633/2986/528 242/2987/137

vt 24.0815 -1.01823
vt 21.1385 -0.872514
vt 24.1847 -0.496362
f 187/2988/82 186/2989/81 633/2990/528

vt 21.0631 -1.07446
vt 20.5993 -0.613204
vt 24.1191 -0.789395
f 186/2991/81 188/2992/83 633/2993/528

vt 20.6296 0.24114
v 56.9929 17.2722 -22.0667
vt 24.3342 0.790114
vn -0.0388072 -0.428614 -0.902654
vt 24.151 0.102958
f 188/2994/83 634/2995/529 633/2996/528

vt 20.6371 0.240608
v 54.1965 17.27 -22.0097
vt 20.7409 0.766184
vn -0.150979 -0.444798 -0.882814
vt 24.3403 0.799293
f 188/2997/83 635/2998/530 634/2999/529

vt 15.4064 -4.53876
v 54.0969 17.6131 -22.4817
vt 15.7977 -3.28535
vn -0.0603463 -0.379376 -0.923273
vt 15.688 -4.08297
f 188/3000/83 636/3001/531 635/3002/530

v 51.1642 17.1951 -21.6717
vt 16.8259 0.723163
vn 0.00596783 -0.516095 -0.856511
vt 20.6114 1.82711
vt 20.6277 0.514165
f 637/3003/532 636/3004/531 188/3005/83

vt 16.8358 0.733421
v 51.2732 17.4948 -22.2226
vt 16.9814 1.51856
vn 0.00339045 -0.398233 -0.917278
vt 20.6179 1.84902
f 637/3006/532 638/3007/533 636/3008/531

vt 16.9046 1.27128
v 49.8861 17.4105 -22.2133
vt 15.2419 1.8851
vn 0.0371238 -0.402053 -0.914864
vt 17.0243 2.06079
f 637/3009/532 639/3010/534 638/3011/533

vt 15.5536 0.110057
vt 15.2147 1.31126
vt 16.8609 0.654526
f 192/3012/87 639/3013/534 637/3014/532

vt 14.2357 4.1174
vt 14.0229 4.93578
vt 14.6568 3.8606
f 195/3015/90 639/3016/534 192/3017/87

vt 13.0482 0.898533
vt 15.1832 1.33696
vt 15.1882 0.491384
f 196/3018/91 639/3019/534 195/3020/90

vt 13.0221 0.964013
v 47.9 17.7596 -22.6152
vt 12.6165 2.17977
vn 8.43126e-05 -0.34125 -0.939972
vt 15.1604 1.38621
f 196/3021/91 640/3022/535 639/3023/534

v 46.2251 17.3846 -22.204
vt 10.5284 1.797
vn 0.0454345 -0.394708 -0.917683
vt 12.6722 2.64156
vt 13.1175 1.43974
f 641/3024/536 640/3025/535 196/3026/91

vt 10.5001 1.79149
v 46.1112 17.8349 -22.7214
vt 10.3529 2.77361
vn 0.0459107 -0.318606 -0.946775
vt 12.6551 2.60719
f 641/3027/536 642/3028/537 640/3029/535

vt 10.5447 2.32191
v 45.6444 17.2831 -22.238
vt 9.79924 2.14744
vn 0.0360045 -0.40215 -0.914866
vt 10.3505 3.29584
f 641/3030/536 643/3031/538 642/3032/537

vt 10.5164 1.61882
vt 9.77221 2.27457
vt 10.5137 2.46523
f 198/3033/93 643/3034/538 641/3035/536

vt 8.2172 0.367726
vt 9.7476 0.996963
vt 10.4156 0.263784
f 201/3036/96 643/3037/538 198/3038/93

vt 8.16247 0.350533
v 44.4316 17.4156 -22.4465
vt 8.15188 1.29635
vn -0.0398136 -0.420404 -0.906463
vt 9.70585 0.947213
f 201/3039/96 644/3040/539 643/3041/538

vt 6.74337 0.737725
vt 8.09085 1.08157
vt 8.0764 0.135798
f 211/3042/106 644/3043/539 201/3044/96

vt 7.63749 2.79001
vt 7.97901 1.46637
vt 6.62152 1.16447
f 212/3045/107 644/3046/539 211/3047/106

vt 7.7857 3.38341
vt 9.77501 1.78339
vt 8.21097 2.08425
f 212/3048/107 643/3049/538 644/3050/539

vt 9.00187 3.47614
vt 9.76664 1.72892
vt 7.78325 3.33628
f 214/3051/109 643/3052/538 212/3053/107

vt 8.99551 3.73105
vt 10.3723 3.14215
vt 9.80242 2.00288
f 214/3054/109 642/3055/537 643/3056/538

vt 10.1657 5.23485
vt 10.3499 3.33322
vt 8.96531 3.90345
f 215/3057/110 642/3058/537 214/3059/109

vt 10.2289 4.94055
vt 12.6622 2.87558
vt 10.3595 3.03448
f 215/3060/110 640/3061/535 642/3062/537

vt 14.0532 3.90851
vt 12.6441 2.75851
vt 10.2233 4.83807
f 218/3063/113 640/3064/535 215/3065/110

vt 12.6666 2.81497
vt 14.0652 3.97765
vt 15.2275 2.07839
f 640/3066/535 218/3067/113 639/3068/534

vt 15.2025 1.92664
vt 14.056 3.8355
v 51.077 17.9817 -22.7594
vt 16.7374 3.11331
vn -0.00580941 -0.317575 -0.948216
f 639/3069/534 218/3070/113 645/3071/540

vt 16.8753 5.16017
vt 16.7493 3.3208
vt 14.0639 4.02783
f 219/3072/114 645/3073/540 218/3074/113

v 53.9453 18.1855 -23.0024
vt 20.4168 3.60733
vn -0.0123316 -0.295394 -0.955296
vt 16.722 3.17364
vt 16.8645 5.0118
f 646/3075/541 645/3076/540 219/3077/114

vt 20.6134 2.35491
vt 16.7298 3.08731
vt 20.4236 3.52895
f 636/3078/531 645/3079/540 646/3080/541

vt 16.9571 1.81662
vt 16.7158 2.86798
vt 20.5961 2.11797
f 638/3081/533 645/3082/540 636/3083/531

vt 15.2328 2.03704
vt 16.7537 3.24166
vt 17.0168 2.19557
f 639/3084/534 645/3085/540 638/3086/533

v 57.1803 18.0091 -22.8973
vt 24.5871 3.19922
vn -0.0538681 -0.310334 -0.9491
vt 20.6149 2.36368
vt 20.4247 3.53765
f 647/3087/542 636/3088/531 646/3089/541

vt 24.357 1.60155
vt 20.6298 2.34466
vt 24.5975 3.20132
f 634/3090/529 636/3091/531 647/3092/542

vt 20.7376 1.27206
vt 20.6148 2.06776
vt 24.337 1.3007
f 635/3093/530 636/3094/531 634/3095/529

vt 23.4002 -0.212443
vt 23.7743 1.36145
vt 24.4 0.854644
f 634/3096/529 647/3097/542 226/3098/121

vt 24.9427 2.28299
vt 24.3033 2.77226
vt 24.7944 4.38986
f 226/3099/121 647/3100/542 224/3101/119

vt 25.037 4.98054
vt 24.5914 3.34981
vt 20.4285 3.68204
f 224/3102/119 647/3103/542 646/3104/541

vt 16.8692 5.08407
vt 25.0346 4.97912
vt 20.4243 3.68683
f 219/3105/114 224/3106/119 646/3107/541

vt 25.5395 6.9242
vt 25.0352 5.11353
vt 16.8698 5.21674
f 221/3108/116 224/3109/119 219/3110/114

v 57.6942 17.1052 -21.8146
vt 25.2328 0.735362
vn -0.0239612 -0.532419 -0.846141
vt 24.3336 1.14058
vt 25.2316 2.29461
f 648/3111/543 634/3112/529 226/3113/121

vt 23.9444 -0.913409
vt 24.158 -0.235091
vt 25.0403 -0.675862
f 633/3114/528 634/3115/529 648/3116/543

vt 25.4992 -0.400052
vt 24.1776 -0.201246
vt 25.2565 0.104372
f 242/3117/137 633/3118/528 648/3119/543

vt 25.4376 -1.01631
vt 25.2067 -0.506351
vt 27.477 -1.15099
f 242/3120/137 648/3121/543 239/3122/134

vt 27.5794 0.374097
vt 25.2833 0.919472
vt 26.8031 1.54099
f 239/3123/134 648/3124/543 227/3125/122

vt 25.0616 -0.0844088
vt 25.1114 1.47404
vt 26.6194 0.434579
f 648/3126/543 226/3127/121 227/3128/122

vt 26.7655 0.601299
vt 28.9857 -0.078956
vt 27.5025 -0.590816
f 227/3129/122 229/3130/124 239/3131/134

vt 6.28199 -0.161612
vt 6.78083 0.933292
vt 8.1215 0.348557
f 203/3132/98 211/3133/106 201/3134/96

vt 5.50465 0.716575
vt 6.86197 1.10733
vt 6.39935 -0.00335756
f 210/3135/105 211/3136/106 203/3137/98

vt 4.86259 0.315329
vt 5.61687 1.21636
vt 6.54754 0.543572
f 205/3138/100 210/3139/105 203/3140/98

vt 4.75883 0.258731
vt 3.77236 0.546579
vt 5.54161 1.13511
f 205/3141/100 207/3142/102 210/3143/105

vt 10.4513 0.751532
vt 10.519 1.59524
vt 13.1058 1.22249
f 198/3144/93 641/3145/536 196/3146/91

vt 15.6443 0.915298
vt 16.9108 1.54895
vt 17.2819 1.05752
f 192/3147/87 637/3148/532 189/3149/84

vt 17.0763 -1.10113
vt 16.7654 -0.569534
vt 20.5622 -0.855595
f 189/3150/84 637/3151/532 188/3152/83

g Mesh8 Pillow_Abernathy_1_1 Pillow_Abernathy_SKU_EAN5489__19_1 Group2 Group1 Model

v 22.6123 17.0488 -20.8507
v 23.0554 17.0187 -21.2234
v 25.3421 17.0073 -21.0361
f 649/393/80 650/394/81 651/395/82

v 22.6857 17.1145 -21.6588
f 649/396/80 652/397/83 650/398/81

v 19.9879 17.097 -21.2459
f 649/399/80 653/400/84 652/401/83

v 20.096 17.0956 -20.8289
f 654/402/85 653/403/84 649/404/80

v 18.8563 17.0423 -20.838
f 655/405/86 653/406/84 654/407/85

v 18.7138 17.0274 -21.3295
f 655/408/86 656/409/87 653/410/84

v 18.0995 17.016 -20.8035
f 657/411/88 656/412/87 655/413/86

v 17.2384 17.0748 -20.9541
f 658/414/89 656/415/87 657/416/88

v 18.4643 17.0979 -21.7026
f 658/417/89 659/418/90 656/419/87

v 16.7981 17.2642 -21.9421
f 658/420/89 660/421/91 659/422/90

v 15.7013 16.9917 -21.4519
f 661/423/92 660/424/91 658/425/89

v 14.7318 17.068 -21.7059
f 661/426/92 662/427/93 660/428/91

v 15.1366 16.9752 -21.2171
f 663/429/94 662/430/93 661/431/92

v 13.2474 16.9973 -21.1174
f 664/432/95 662/433/93 663/434/94

v 13.0232 17.1017 -21.7959
f 664/435/95 665/436/96 662/437/93

v 11.3406 16.8557 -20.7564
f 666/438/97 665/439/96 664/440/95

v 11.6103 16.9363 -21.3053
f 666/441/97 667/442/98 665/443/96

v 10.113 16.6457 -20.7002
f 668/444/99 667/445/98 666/446/97

v 10.2985 16.811 -21.3565
f 668/447/99 669/448/100 667/449/98

v 9.09142 16.5814 -20.982
f 670/450/101 669/451/100 668/452/99

v 9.53456 16.9302 -21.5622
f 670/453/101 671/454/102 669/455/100

v 8.00436 16.5648 -21.1043
f 672/456/103 671/457/102 670/458/101

v 10.8754 17.8618 -22.4137
f 673/459/104 671/460/102 672/461/103

v 10.9139 17.1933 -21.8479
f 673/462/104 674/463/105 671/464/102

v 11.968 17.3322 -22.1359
f 674/465/105 673/466/104 675/467/106

v 12.6771 18.036 -23.1844
f 673/468/104 676/469/107 675/470/106

v 12.2568 18.8675 -23.7105
f 677/471/108 676/472/107 673/473/104

v 13.6246 18.105 -23.225
f 677/474/108 678/475/109 676/476/107

v 14.581 18.8225 -23.5027
f 677/477/108 679/478/110 678/479/109

v 14.6589 19.9859 -24.0119
f 680/480/111 679/481/110 677/482/108

v 17.0715 19.5003 -23.8073
f 681/483/112 679/484/110 680/485/111

v 17.5587 18.3475 -23.1603
f 681/486/112 682/487/113 679/488/110

v 19.7465 18.9313 -23.5258
f 681/489/112 683/490/114 682/491/113

v 20.59 19.978 -23.9779
f 684/492/115 683/493/114 681/494/112

v 26.4812 19.839 -24.0238
f 684/495/115 685/496/116 683/497/114

v 27.5239 20.8415 -24.2703
f 686/498/117 685/499/116 684/500/115

v 28.6374 19.3093 -23.9043
f 687/501/118 685/502/116 686/503/117

v 26.0906 18.8538 -23.5822
f 687/504/118 688/505/119 685/506/116

v 27.9914 18.0797 -23.2803
f 689/507/120 688/508/119 687/509/118

v 26.249 17.7504 -22.9075
f 689/510/120 690/511/121 688/512/119

v 27.4498 17.3036 -22.3709
f 689/513/120 691/514/122 690/515/121

v 28.542 17.37 -22.3393
f 692/516/123 691/517/122 689/518/120

v 29.1827 17.1104 -21.8071
f 691/519/122 692/520/123 693/521/124

v 30.294 17.1446 -21.8591
f 694/522/125 693/523/124 692/524/123

v 31.7758 16.7577 -21.2665
f 693/525/124 694/526/125 695/527/126

v 32.4845 16.9662 -21.471
f 696/528/127 695/529/126 694/530/125

v 32.9173 16.466 -21.0829
f 696/531/127 697/532/128 695/533/126

v 33.8039 16.2638 -20.836
f 698/534/129 697/535/128 696/536/127

v 33.0634 16.3491 -20.8876
f 699/537/130 697/538/128 698/539/129

f 695/540/126 697/541/128 699/542/130

v 32.0431 16.6112 -20.8352
f 700/543/131 695/544/126 699/545/130

v 30.9506 16.7704 -20.8349
f 701/546/132 695/547/126 700/548/131

v 29.5316 16.8851 -21.2448
f 702/549/133 695/550/126 701/551/132

f 702/552/133 693/553/124 695/554/126

v 28.0367 16.9775 -21.3268
f 702/555/133 703/556/134 693/557/124

v 28.7582 16.9829 -20.862
f 704/558/135 703/559/134 702/560/133

v 27.6692 17.0181 -20.8641
f 705/561/136 703/562/134 704/563/135

v 26.4502 17.0165 -21.3971
f 705/564/136 706/565/137 703/566/134

v 25.9538 17.0231 -20.8382
f 707/567/138 706/568/137 705/569/136

f 707/570/138 651/571/82 706/572/137

v 25.3469 17.0897 -20.5898
f 708/573/139 651/574/82 707/575/138

f 649/576/80 651/577/82 708/578/139

v 22.74 17.1904 -20.4289
f 709/579/140 649/580/80 708/581/139

f 709/582/140 654/583/85 649/584/80

v 19.9668 17.2446 -20.4285
f 710/585/141 654/586/85 709/587/140

f 710/588/141 655/589/86 654/590/85

v 18.6156 17.1344 -20.4283
f 711/591/142 655/592/86 710/593/141

f 711/594/142 657/595/88 655/596/86

v 17.1364 17.2101 -20.4246
f 711/597/142 712/598/143 657/599/88

v 18.4779 17.3869 -20.0036
f 713/600/144 712/601/143 711/602/142

v 16.8151 17.6264 -19.8128
f 714/603/145 712/604/143 713/605/144

v 15.7116 17.2094 -20.1723
f 714/606/145 715/607/146 712/608/143

v 14.8935 17.2415 -20.1475
f 716/609/147 715/610/146 714/611/145

v 15.1564 17.0155 -20.6654
f 716/612/147 717/613/148 715/614/146

v 14.065 17.0341 -20.6325
f 716/615/147 718/616/149 717/617/148

v 13.0388 17.4323 -19.8521
f 719/618/150 718/619/149 716/620/147

v 12.7378 17.0878 -20.5099
f 719/621/150 720/622/151 718/623/149

v 11.6156 17.1177 -20.241
f 721/624/152 720/625/151 719/626/150

f 721/627/152 666/628/97 720/629/151

f 721/630/152 668/631/99 666/632/97

v 10.3083 17.0182 -20.1383
f 722/633/153 668/634/99 721/635/152

v 9.18325 16.6437 -20.4615
f 722/636/153 723/637/154 668/638/99

v 9.54725 17.2002 -19.9744
f 724/639/155 723/640/154 722/641/153

v 8.01105 16.7071 -20.2676
f 724/642/155 725/643/156 723/644/154

v 10.8987 18.3583 -19.4949
f 724/645/155 726/646/157 725/647/156

v 10.9302 17.5402 -19.8083
f 727/648/158 726/649/157 724/650/155

v 11.9883 17.7644 -19.595
f 726/651/157 727/652/158 728/653/159

f 728/654/159 727/655/158 721/656/152

f 727/657/158 722/658/153 721/659/152

f 724/660/155 722/661/153 727/662/158

f 728/663/159 721/664/152 719/665/150

v 13.0239 17.9814 -19.2757
f 729/666/160 728/667/159 719/668/150

v 12.7117 18.7738 -18.8466
f 729/669/160 730/670/161 728/671/159

v 14.2337 17.785 -19.4431
f 731/672/162 730/673/161 729/674/160

v 13.6596 18.8504 -18.8423
f 731/675/162 732/676/163 730/677/161

v 14.7065 18.4646 -19.1748
f 733/678/164 732/679/163 731/680/162

v 14.6184 19.6174 -18.8289
f 733/681/164 734/682/165 732/683/163

v 16.4937 18.3549 -19.2715
f 735/684/166 734/685/165 733/686/164

v 17.3729 19.4331 -18.9305
f 735/687/166 736/688/167 734/689/165

v 18.8929 18.6842 -19.173
f 737/690/168 736/691/167 735/692/166

v 20.5602 19.747 -18.9148
f 737/693/168 738/694/169 736/695/167

v 22.7908 19.1892 -19.0105
f 739/696/170 738/697/169 737/698/168

v 26.1281 19.65 -18.901
f 740/699/171 738/700/169 739/701/170

v 26.5228 20.725 -18.8147
f 740/702/171 741/703/172 738/704/169

v 28.6784 20.1812 -18.778
f 740/705/171 742/706/173 741/707/172

v 28.026 18.8158 -18.9527
f 740/708/171 743/709/174 742/710/173

v 26.2789 18.3853 -19.1749
f 744/711/175 743/712/174 740/713/171

v 27.4723 17.7838 -19.5478
f 745/714/176 743/715/174 744/716/175

v 28.5638 17.8338 -19.6126
f 745/717/176 746/718/177 743/719/174

v 29.1969 17.4116 -20.0367
f 746/720/177 745/721/176 747/722/178

v 28.0439 17.1296 -20.4323
f 747/723/178 745/724/176 748/725/179

v 26.2762 17.4528 -19.9271
f 749/726/180 748/727/179 745/728/176

v 26.4585 17.1929 -20.36
f 749/729/180 750/730/181 748/731/179

v 25.4303 17.3046 -20.1686
f 751/732/182 750/733/181 749/734/180

f 751/735/182 708/736/139 750/737/181

f 709/738/140 708/739/139 751/740/182

v 22.6863 17.4406 -20.0251
f 752/741/183 709/742/140 751/743/182

f 752/744/183 710/745/141 709/746/140

v 19.7444 17.5036 -20.014
f 753/747/184 710/748/141 752/749/183

f 753/750/184 711/751/142 710/752/141

v 18.4743 17.8885 -19.5589
f 754/753/185 711/754/142 753/755/184

f 754/756/185 713/757/144 711/758/142

f 754/759/185 714/760/145 713/761/144

f 735/762/166 714/763/145 754/764/185

v 14.8135 17.8684 -19.5156
f 735/765/166 755/766/186 714/767/145

f 733/768/164 755/769/186 735/770/166

f 731/771/162 755/772/186 733/773/164

f 731/774/162 716/775/147 755/776/186

f 731/777/162 719/778/150 716/779/147

f 729/780/160 719/781/150 731/782/162

f 755/783/186 716/784/147 714/785/145

f 737/786/168 735/787/166 754/788/185

v 19.8611 17.9684 -19.5946
f 737/789/168 754/790/185 756/791/187

f 754/792/185 753/793/184 756/794/187

v 22.5806 17.8467 -19.6364
f 756/795/187 753/796/184 757/797/188

f 757/798/188 753/799/184 752/800/183

v 25.5784 17.6952 -19.7361
f 757/801/188 752/802/183 758/803/189

f 752/804/183 751/805/182 758/806/189

f 758/807/189 751/808/182 749/809/180

f 758/810/189 749/811/180 744/812/175

f 744/813/175 749/814/180 745/815/176

v 25.7669 18.6198 -19.2139
f 759/816/190 758/817/189 744/818/175

v 22.7122 18.332 -19.3297
f 760/819/191 758/820/189 759/821/190

f 760/822/191 757/823/188 758/824/189

f 737/825/168 757/826/188 760/827/191

f 737/828/168 756/829/187 757/830/188

f 760/831/191 739/832/170 737/833/168

f 760/834/191 759/835/190 739/836/170

f 759/837/190 740/838/171 739/839/170

f 759/840/190 744/841/175 740/842/171

f 708/843/139 707/844/138 750/845/181

f 750/846/181 707/847/138 705/848/136

f 750/849/181 705/850/136 748/851/179

f 748/852/179 705/853/136 704/854/135

v 29.0262 17.1045 -20.4545
f 748/855/179 704/856/135 761/857/192

v 29.4732 16.9057 -20.8623
f 761/858/192 704/859/135 762/860/193

f 704/861/135 702/862/133 762/863/193

v 30.1151 16.8252 -20.751
f 763/864/194 762/865/193 702/866/133

f 763/867/194 761/868/192 762/869/193

f 747/870/178 761/871/192 763/872/194

f 748/873/179 761/874/192 747/875/178

v 31.5321 16.8683 -20.5104
f 747/876/178 763/877/194 764/878/195

f 763/879/194 701/880/132 764/881/195

f 763/882/194 702/883/133 701/884/132

f 764/885/195 701/886/132 700/887/131

v 33.0579 16.3713 -20.7199
f 764/888/195 700/889/131 765/890/196

f 700/891/131 699/892/130 765/893/196

v 33.7793 16.3272 -20.6498
f 765/894/196 699/895/130 766/896/197

f 766/897/197 699/898/130 698/899/129

v 33.9102 16.4582 -20.7942
f 766/900/197 698/901/129 767/902/198

v 33.7754 16.6374 -21.0166
f 767/903/198 698/904/129 768/905/199

f 696/906/127 768/907/199 698/908/129

v 32.5931 17.8377 -21.7961
f 696/909/127 769/910/200 768/911/199

v 29.9759 17.8191 -22.5351
f 696/912/127 770/913/201 769/914/200

f 696/915/127 694/916/125 770/917/201

f 694/918/125 692/919/123 770/920/201

f 770/921/201 692/922/123 689/923/120

f 770/924/201 689/925/120 687/926/118

v 31.0205 19.178 -22.9769
f 687/927/118 771/928/202 770/929/201

v 30.09 20.1274 -23.9359
f 687/930/118 772/931/203 771/932/202

f 686/933/117 772/934/203 687/935/118

v 29.4059 21.1997 -24.0689
f 686/936/117 773/937/204 772/938/203

v 28.9963 22.1929 -24.4532
f 774/939/205 773/940/204 686/941/117

v 30.738 22.1231 -24.0541
f 775/942/206 773/943/204 774/944/205

v 31.136 21.2705 -23.5179
f 775/945/206 776/946/207 773/947/204

v 31.7516 21.8326 -23.4776
f 775/948/206 777/949/208 776/950/207

v 31.4623 22.6551 -23.6489
f 778/951/209 777/952/208 775/953/206

v 32.253 22.489 -23.0895
f 778/954/209 779/955/210 777/956/208

v 32.1468 23.6561 -23.2783
f 780/957/211 779/958/210 778/959/209

v 32.8441 23.568 -22.7468
f 779/960/210 780/961/211 781/962/212

v 32.9271 24.6473 -23.0172
f 782/963/213 781/964/212 780/965/211

v 33.508 25.0571 -22.6868
f 781/966/212 782/967/213 783/968/214

v 33.7964 26.414 -22.8261
f 784/969/215 783/970/214 782/971/213

v 34.1983 26.4347 -22.5171
f 784/972/215 785/973/216 783/974/214

v 34.0881 26.671 -22.5518
f 785/975/216 784/976/215 786/977/217

v 34.0749 26.8117 -22.5749
f 786/978/217 784/979/215 787/980/218

v 33.6338 26.7561 -22.6698
f 788/981/219 787/982/218 784/983/215

v 33.7957 26.7979 -22.5002
f 789/984/220 787/985/218 788/986/219

v 33.8014 26.5195 -22.2056
f 787/987/218 789/988/220 790/989/221

v 32.3418 26.262 -21.7802
f 789/990/220 791/991/222 790/992/221

v 31.884 26.4917 -22.0454
f 791/993/222 789/994/220 792/995/223

v 32.6433 26.6221 -22.5848
f 792/996/223 789/997/220 793/998/224

f 789/999/220 788/1000/219 793/1001/224

v 32.331 26.0333 -23.125
f 788/1002/219 794/1003/225 793/1004/224

f 794/1005/225 788/1006/219 784/1007/215

v 31.8551 24.4416 -23.4174
f 795/1008/226 794/1009/225 784/1010/215

v 29.2935 24.8898 -23.8609
f 795/1011/226 796/1012/227 794/1013/225

v 30.3518 23.2614 -23.9464
f 797/1014/228 796/1015/227 795/1016/226

v 28.242 23.6949 -24.4812
f 797/1017/228 798/1018/229 796/1019/227

v 29.1887 22.6104 -24.436
f 799/1020/230 798/1021/229 797/1022/228

v 26.8938 23.5869 -24.5084
f 799/1023/230 800/1024/231 798/1025/229

f 774/1026/205 800/1027/231 799/1028/230

v 25.8521 22.3235 -24.4353
f 774/1029/205 801/1030/232 800/1031/231

f 686/1032/117 801/1033/232 774/1034/205

v 22.6799 21.468 -24.3469
f 802/1035/233 801/1036/232 686/1037/117

v 22.4129 23.186 -24.3419
f 803/1038/234 801/1039/232 802/1040/233

v 25.709 23.4701 -24.3524
f 803/1041/234 804/1042/235 801/1043/232

v 25.4313 24.4131 -24.099
f 803/1044/234 805/1045/236 804/1046/235

v 23.0317 24.4998 -24.0446
f 803/1047/234 806/1048/237 805/1049/236

v 19.6421 24.3147 -24.0343
f 807/1050/238 806/1051/237 803/1052/234

v 21.5258 25.2813 -23.5342
v 23.0922 25.4038 -23.5165
f 806/1053/237 807/1054/238 808/1055/239 809/1056/240 

v 17.1313 25.4427 -23.431
f 808/1057/239 807/1058/238 810/1059/241

v 15.4246 25.2639 -23.6533
f 810/1060/241 807/1061/238 811/1062/242

v 15.1971 24.6725 -24.0032
f 812/1063/243 811/1064/242 807/1065/238

v 14.4297 25.1132 -23.8542
f 811/1066/242 812/1067/243 813/1068/244

v 13.9481 24.4869 -24.2248
f 813/1069/244 812/1070/243 814/1071/245

v 15.2933 23.7915 -24.2568
f 814/1072/245 812/1073/243 815/1074/246

f 815/1075/246 812/1076/243 807/1077/238

v 18.0311 22.9553 -24.3339
f 816/1078/247 815/1079/246 807/1080/238

v 15.2395 22.71 -24.3975
f 817/1081/248 815/1082/246 816/1083/247

v 12.7552 24.1462 -24.3974
f 818/1084/249 815/1085/246 817/1086/248

f 814/1087/245 815/1088/246 818/1089/249

v 13.1726 25.0806 -23.9895
f 819/1090/250 814/1091/245 818/1092/249

f 819/1093/250 813/1094/244 814/1095/245

v 13.6787 25.8397 -23.2615
f 820/1096/251 813/1097/244 819/1098/250

v 14.7533 25.7166 -23.2984
f 821/1099/252 813/1100/244 820/1101/251

v 15.5016 25.6873 -23.2717
f 822/1102/253 813/1103/244 821/1104/252

f 822/1105/253 811/1106/242 813/1107/244

f 822/1108/253 810/1109/241 811/1110/242

v 15.7215 25.9381 -22.9051
f 823/1111/254 810/1112/241 822/1113/253

v 18.2022 25.6138 -23.2049
f 824/1114/255 810/1115/241 823/1116/254

f 824/1117/255 808/1118/239 810/1119/241

v 21.6299 25.8014 -22.9609
f 825/1120/256 808/1121/239 824/1122/255

f 825/1123/256 809/1124/240 808/1125/239

v 23.1182 25.8973 -22.9507
f 826/1126/257 809/1127/240 825/1128/256

v 25.1047 25.8264 -23.1152
f 827/1129/258 809/1130/240 826/1131/257

v 25.104 25.3361 -23.5778
f 827/1132/258 828/1133/259 809/1134/240

v 25.6274 25.2604 -23.8026
f 827/1135/258 829/1136/260 828/1137/259

v 26.7931 25.8998 -23.1212
v 27.3273 25.3506 -23.7912
f 830/1138/261 831/1139/262 829/1140/260 827/1141/258 

v 28.6691 26.1155 -22.991
f 832/1142/263 831/1143/262 830/1144/261

v 28.3428 25.5428 -23.6075
f 832/1145/263 833/1146/264 831/1147/262

v 29.2568 25.8246 -23.3458
f 834/1148/265 833/1149/264 832/1150/263

f 796/1151/227 833/1152/264 834/1153/265

f 831/1154/262 833/1155/264 796/1156/227

f 798/1157/229 831/1158/262 796/1159/227

v 27.5738 24.7072 -24.2266
f 798/1160/229 835/1161/266 831/1162/262

v 26.5097 24.3578 -24.3303
f 798/1163/229 836/1164/267 835/1165/266

f 800/1166/231 836/1167/267 798/1168/229

f 804/1169/235 836/1170/267 800/1171/231

f 804/1172/235 805/1173/236 836/1174/267

f 836/1175/267 805/1176/236 829/1177/260

f 829/1178/260 805/1179/236 828/1180/259

f 828/1181/259 805/1182/236 806/1183/237

f 828/1184/259 806/1185/237 809/1186/240

f 836/1187/267 829/1188/260 835/1189/266

f 829/1190/260 831/1191/262 835/1192/266

f 801/1193/232 804/1194/235 800/1195/231

v 30.3772 25.8203 -23.3792
f 796/1196/227 834/1197/265 837/1198/268

v 30.0568 26.3809 -22.8609
v 31.8768 26.3386 -22.9452
f 838/1199/269 839/1200/270 837/1201/268 834/1202/265 

v 31.5092 26.5852 -22.5457
f 840/1203/271 839/1204/270 838/1205/269

f 793/1206/224 839/1207/270 840/1208/271

f 793/1209/224 794/1210/225 839/1211/270

f 794/1212/225 837/1213/268 839/1214/270

f 796/1215/227 837/1216/268 794/1217/225

f 792/1218/223 793/1219/224 840/1220/271

v 30.3078 26.5205 -22.1486
f 792/1221/223 840/1222/271 841/1223/272

v 30.0132 26.5263 -22.4988
f 841/1224/272 840/1225/271 842/1226/273

f 842/1227/273 840/1228/271 838/1229/269

v 28.7759 26.3329 -22.4507
f 842/1230/273 838/1231/269 843/1232/274

f 843/1233/274 838/1234/269 832/1235/263

f 838/1236/269 834/1237/265 832/1238/263

v 27.622 26.2332 -22.5909
f 843/1239/274 832/1240/263 844/1241/275

f 844/1242/275 832/1243/263 830/1244/261

v 26.7322 26.1415 -22.5252
f 844/1245/275 830/1246/261 845/1247/276

f 845/1248/276 830/1249/261 827/1250/258

v 25.0674 26.0669 -22.633
f 845/1251/276 827/1252/258 846/1253/277

f 846/1254/277 827/1255/258 826/1256/257

v 22.7828 26.0937 -22.4296
f 846/1257/277 826/1258/257 847/1259/278

f 826/1260/257 825/1261/256 847/1262/278

v 21.7576 26.0037 -22.4772
f 847/1263/278 825/1264/256 848/1265/279

v 18.1769 25.9131 -22.7383
f 848/1266/279 825/1267/256 849/1268/280

f 825/1269/256 824/1270/255 849/1271/280

f 849/1272/280 824/1273/255 823/1274/254

v 16.9046 26.1119 -22.2966
f 850/1275/281 849/1276/280 823/1277/254

v 18.1366 26.0418 -22.3477
f 851/1278/282 849/1279/280 850/1280/281

f 851/1281/282 848/1282/279 849/1283/280

v 21.7339 26.0565 -22.0268
f 852/1284/283 848/1285/279 851/1286/282

f 852/1287/283 847/1288/278 848/1289/279

v 22.6455 26.0547 -21.7156
f 852/1290/283 853/1291/284 847/1292/278

v 18.2166 25.9211 -21.3982
f 853/1293/284 852/1294/283 854/1295/285

v 17.563 26.0634 -21.8329
f 854/1296/285 852/1297/283 855/1298/286

f 852/1299/283 851/1300/282 855/1301/286

f 855/1302/286 851/1303/282 850/1304/281

v 15.6222 26.1477 -21.8767
f 855/1305/286 850/1306/281 856/1307/287

v 15.7237 26.0852 -22.5051
f 850/1308/281 857/1309/288 856/1310/287

f 850/1311/281 823/1312/254 857/1313/288

v 14.7023 26.0342 -22.8587
f 857/1314/288 823/1315/254 858/1316/289

f 858/1317/289 823/1318/254 821/1319/252

f 823/1320/254 822/1321/253 821/1322/252

f 858/1323/289 821/1324/252 820/1325/251

v 13.5114 26.1852 -22.537
f 859/1326/290 858/1327/289 820/1328/251

v 14.6459 26.238 -22.376
f 860/1329/291 858/1330/289 859/1331/290

v 14.9994 26.1889 -22.1947
f 861/1332/292 858/1333/289 860/1334/291

f 861/1335/292 857/1336/288 858/1337/289

f 856/1338/287 857/1339/288 861/1340/292

v 14.6478 26.2142 -21.7251
f 856/1341/287 861/1342/292 862/1343/293

f 862/1344/293 861/1345/292 860/1346/291

v 12.9585 26.2501 -21.8566
f 862/1347/293 860/1348/291 863/1349/294

f 860/1350/291 859/1351/290 863/1352/294

v 12.6522 26.2275 -22.3655
f 863/1353/294 859/1354/290 864/1355/295

v 12.4439 26.0373 -22.9235
f 859/1356/290 865/1357/296 864/1358/295

f 859/1359/290 820/1360/251 865/1361/296

v 12.4241 25.5985 -23.4773
f 820/1362/251 866/1363/297 865/1364/296

f 820/1365/251 819/1366/250 866/1367/297

v 11.5942 24.8554 -23.8613
f 866/1368/297 819/1369/250 867/1370/298

f 867/1371/298 819/1372/250 818/1373/249

v 12.2669 23.4731 -24.4889
f 867/1374/298 818/1375/249 868/1376/299

f 868/1377/299 818/1378/249 817/1379/248

v 14.7752 21.3129 -24.3236
f 868/1380/299 817/1381/248 869/1382/300

f 869/1383/300 817/1384/248 816/1385/247

v 18.2564 22.0746 -24.3612
f 869/1386/300 816/1387/247 870/1388/301

f 870/1389/301 816/1390/247 803/1391/234

f 816/1392/247 807/1393/238 803/1394/234

f 802/1395/233 870/1396/301 803/1397/234

v 17.9308 20.8677 -24.2087
f 871/1398/302 870/1399/301 802/1400/233

f 869/1401/300 870/1402/301 871/1403/302

f 871/1404/302 680/1405/111 869/1406/300

f 871/1407/302 681/1408/112 680/1409/111

f 684/1410/115 681/1411/112 871/1412/302

f 802/1413/233 684/1414/115 871/1415/302

f 686/1416/117 684/1417/115 802/1418/233

v 12.4622 21.1687 -24.2174
f 869/1419/300 680/1420/111 872/1421/303

v 11.8551 19.6081 -23.9141
f 872/1422/303 680/1423/111 873/1424/304

f 873/1425/304 680/1426/111 677/1427/108

f 873/1428/304 677/1429/108 673/1430/104

v 10.6886 20.0206 -23.862
f 673/1431/104 874/1432/305 873/1433/304

v 8.95212 18.8382 -22.4471
f 875/1434/306 874/1435/305 673/1436/104

v 9.46713 19.8552 -23.2049
f 875/1437/306 876/1438/307 874/1439/305

v 8.59105 19.7804 -22.5357
f 875/1440/306 877/1441/308 876/1442/307

v 8.34135 19.2687 -22.2888
f 878/1443/309 877/1444/308 875/1445/306

v 8.02091 20.1545 -22.0482
f 879/1446/310 877/1447/308 878/1448/309

v 8.57524 20.8374 -22.9016
f 880/1449/311 877/1450/308 879/1451/310

f 877/1452/308 880/1453/311 876/1454/307

v 9.64092 20.4144 -23.5747
f 876/1455/307 880/1456/311 881/1457/312

v 9.18923 21.3734 -23.2639
f 880/1458/311 882/1459/313 881/1460/312

v 8.43003 21.4785 -22.6664
f 883/1461/314 882/1462/313 880/1463/311

v 9.01721 21.8955 -23.4339
f 883/1464/314 884/1465/315 882/1466/313

v 8.07622 21.5629 -22.2143
f 885/1467/316 884/1468/315 883/1469/314

v 8.49209 22.2777 -23.0604
f 886/1470/317 884/1471/315 885/1472/316

v 9.23787 22.3469 -23.6626
f 887/1473/318 884/1474/315 886/1475/317

v 10.3007 22.2645 -24.1155
f 888/1476/319 884/1477/315 887/1478/318

v 10.1875 21.2611 -23.7079
f 888/1479/319 889/1480/320 884/1481/315

v 11.3042 21.2123 -24.0148
f 890/1482/321 889/1483/320 888/1484/319

f 881/1485/312 889/1486/320 890/1487/321

f 881/1488/312 882/1489/313 889/1490/320

f 889/1491/320 882/1492/313 884/1493/315

f 881/1494/312 890/1495/321 874/1496/305

f 874/1497/305 890/1498/321 872/1499/303

v 11.7532 22.7568 -24.423
f 872/1500/303 890/1501/321 891/1502/322

f 891/1503/322 890/1504/321 888/1505/319

v 9.57887 23.5217 -23.5524
f 891/1506/322 888/1507/319 892/1508/323

f 892/1509/323 888/1510/319 887/1511/318

v 8.44993 23.2978 -22.9688
f 892/1512/323 887/1513/318 893/1514/324

f 887/1515/318 886/1516/317 893/1517/324

v 8.02473 23.0607 -22.5409
f 894/1518/325 893/1519/324 886/1520/317

v 8.32851 24.0503 -22.9918
f 894/1521/325 895/1522/326 893/1523/324

v 7.52532 24.8439 -22.4403
f 896/1524/327 895/1525/326 894/1526/325

v 7.99224 25.2473 -22.8702
f 897/1527/328 895/1528/326 896/1529/327

v 9.27347 25.1 -23.3293
f 898/1530/329 895/1531/326 897/1532/328

f 898/1533/329 893/1534/324 895/1535/326

f 892/1536/323 893/1537/324 898/1538/329

f 867/1539/298 892/1540/323 898/1541/329

f 891/1542/322 892/1543/323 867/1544/298

f 867/1545/298 868/1546/299 891/1547/322

f 891/1548/322 868/1549/299 872/1550/303

f 868/1551/299 869/1552/300 872/1553/303

v 9.51425 25.8432 -23.2296
f 899/1554/330 867/1555/298 898/1556/329

v 11.0053 25.7319 -23.3368
f 899/1557/330 900/1558/331 867/1559/298

v 9.7706 26.2303 -23.0053
f 899/1560/330 901/1561/332 900/1562/331

v 8.61615 26.489 -22.6834
f 902/1563/333 901/1564/332 899/1565/330

v 10.0126 26.4572 -22.7086
f 903/1566/334 901/1567/332 902/1568/333

v 11.1356 26.343 -22.7615
f 904/1569/335 901/1570/332 903/1571/334

f 904/1572/335 900/1573/331 901/1574/332

f 866/1575/297 900/1576/331 904/1577/335

f 900/1578/331 866/1579/297 867/1580/298

f 865/1581/296 866/1582/297 904/1583/335

v 11.4344 26.4546 -22.3885
f 905/1584/336 865/1585/296 904/1586/335

f 864/1587/295 865/1588/296 905/1589/336

f 863/1590/294 864/1591/295 905/1592/336

v 11.2684 26.3514 -21.6522
f 906/1593/337 863/1594/294 905/1595/336

v 12.4433 26.0084 -21.0674
f 907/1596/338 863/1597/294 906/1598/337

v 13.6938 26.1622 -21.3656
f 907/1599/338 908/1600/339 863/1601/294

v 13.2011 25.6875 -20.4217
f 909/1602/340 908/1603/339 907/1604/338

v 14.4559 25.6709 -20.5751
f 910/1605/341 908/1606/339 909/1607/340

v 14.7693 26.056 -21.3028
f 910/1608/341 911/1609/342 908/1610/339

v 15.5172 26.018 -21.3273
f 910/1611/341 912/1612/343 911/1613/342

v 15.4472 25.7447 -20.8263
f 913/1614/344 912/1615/343 910/1616/341

v 17.1498 25.8366 -21.1155
f 914/1617/345 912/1618/343 913/1619/344

f 914/1620/345 855/1621/286 912/1622/343

f 914/1623/345 854/1624/285 855/1625/286

v 21.546 25.7094 -21.017
f 915/1626/346 854/1627/285 914/1628/345

f 915/1629/346 853/1630/284 854/1631/285

v 23.1116 25.816 -21.0928
f 916/1632/347 853/1633/284 915/1634/346

v 25.1165 26.0781 -21.6352
f 916/1635/347 917/1636/348 853/1637/284

v 25.1243 25.7684 -21.0365
f 918/1638/349 917/1639/348 916/1640/347

v 25.6513 25.7701 -20.8056
f 919/1641/350 917/1642/348 918/1643/349

v 26.4389 26.0865 -21.5356
f 919/1644/350 920/1645/351 917/1646/348

v 27.3507 25.8481 -20.8664
f 921/1647/352 920/1648/351 919/1649/350

v 27.459 26.2657 -22.1034
f 921/1650/352 922/1651/353 920/1652/351

v 28.6779 26.3027 -21.8903
f 921/1653/352 923/1654/354 922/1655/353

v 28.3628 25.9667 -21.1154
f 924/1656/355 923/1657/354 921/1658/352

v 29.2719 26.1442 -21.4664
f 924/1659/355 925/1660/356 923/1661/354

v 29.319 25.4323 -20.6717
f 924/1662/355 926/1663/357 925/1664/356

f 924/1665/355 921/1666/352 926/1667/357

v 28.2804 24.5117 -19.6787
f 921/1668/352 927/1669/358 926/1670/357

v 27.6056 25.3843 -20.2457
f 928/1671/359 927/1672/358 921/1673/352

v 26.5441 25.091 -20.0197
f 929/1674/360 927/1675/358 928/1676/359

v 26.933 24.4215 -19.6014
f 929/1677/360 930/1678/361 927/1679/358

v 25.7462 24.2621 -19.6958
f 929/1680/360 931/1681/362 930/1682/361

v 25.4621 25.0689 -20.2434
f 932/1683/363 931/1684/362 929/1685/360

v 22.5535 24.1306 -19.6261
f 932/1686/363 933/1687/364 931/1688/362

v 23.0617 25.1376 -20.295
f 934/1689/365 933/1690/364 932/1691/363

v 19.6727 24.9664 -20.2031
f 934/1692/365 935/1693/366 933/1694/364

f 915/1695/346 935/1696/366 934/1697/365 916/1698/347 

f 935/1699/366 915/1700/346 914/1701/345

f 935/1702/366 914/1703/345 913/1704/344

v 15.2267 25.3028 -20.2979
f 913/1705/344 936/1706/367 935/1707/366

f 936/1708/367 913/1709/344 910/1710/341

v 13.9817 25.2034 -20.0126
f 936/1711/367 910/1712/341 937/1713/368

f 910/1714/341 909/1715/340 937/1716/368

v 12.7925 24.9413 -19.7229
f 937/1717/368 909/1718/340 938/1719/369

v 11.6215 25.4357 -20.4494
f 909/1720/340 939/1721/370 938/1722/369

f 909/1723/340 907/1724/338 939/1725/370

v 11.0222 26.0908 -21.2271
f 907/1726/338 940/1727/371 939/1728/370

f 940/1729/371 907/1730/338 906/1731/337

v 9.78111 26.4541 -21.69
f 940/1732/371 906/1733/337 941/1734/372

v 10.5424 26.5357 -22.0132
f 906/1735/337 942/1736/373 941/1737/372

f 906/1738/337 905/1739/336 942/1740/373

v 10.5927 26.5499 -22.3592
f 942/1741/373 905/1742/336 943/1743/374

f 943/1744/374 905/1745/336 904/1746/335

f 904/1747/335 903/1748/334 943/1749/374

v 9.00246 26.6192 -22.3565
f 943/1750/374 903/1751/334 944/1752/375

f 944/1753/375 903/1754/334 902/1755/333

v 8.22888 26.6912 -22.4047
f 944/1756/375 902/1757/333 945/1758/376

v 7.17076 26.6961 -22.6244
f 945/1759/376 902/1760/333 946/1761/377

f 946/1762/377 902/1763/333 899/1764/330

f 946/1765/377 899/1766/330 897/1767/328

f 897/1768/328 899/1769/330 898/1770/329

v 7.03967 26.0735 -22.5643
f 897/1771/328 947/1772/378 946/1773/377

f 897/1774/328 896/1775/327 947/1776/378

v 7.11864 25.5509 -22.1675
f 948/1777/379 947/1778/378 896/1779/327

v 6.8953 26.0966 -22.2952
f 949/1780/380 947/1781/378 948/1782/379

v 6.81458 26.6677 -22.2967
f 950/1783/381 947/1784/378 949/1785/380

v 6.76978 26.8474 -22.4283
f 947/1786/378 950/1787/381 951/1788/382

v 6.9237 26.8794 -22.4291
f 950/1789/381 952/1790/383 951/1791/382

v 7.17437 26.7729 -22.1726
f 953/1792/384 952/1793/383 950/1794/381

v 7.60502 26.7627 -22.4064
f 953/1795/384 954/1796/385 952/1797/383

f 953/1798/384 945/1799/376 954/1800/385

v 8.62109 26.5941 -22.0657
f 955/1801/386 945/1802/376 953/1803/384

f 944/1804/375 945/1805/376 955/1806/386

f 942/1807/373 944/1808/375 955/1809/386

f 942/1810/373 943/1811/374 944/1812/375

f 941/1813/372 942/1814/373 955/1815/386

v 9.52929 26.1633 -21.3473
f 941/1816/372 955/1817/386 956/1818/387

f 955/1819/386 953/1820/384 956/1821/387

v 8.00342 25.4852 -21.4714
f 956/1822/387 953/1823/384 957/1824/388

v 7.04401 26.1657 -22.0219
f 958/1825/389 957/1826/388 953/1827/384

v 7.581 24.9654 -21.6831
f 959/1828/390 957/1829/388 958/1830/389

v 8.34471 24.3951 -20.9649
f 960/1831/391 957/1832/388 959/1833/390

v 9.29204 25.4954 -21.0047
f 960/1834/391 961/1835/392 957/1836/388

v 8.46774 23.677 -20.7393
f 962/1837/393 961/1838/392 960/1839/391

v 9.60505 24.079 -20.2761
f 962/1840/393 963/1841/394 961/1842/392

v 9.2689 23.0074 -19.7796
f 964/1843/395 963/1844/394 962/1845/393

v 10.3389 23.0772 -19.3376
f 965/1846/396 963/1847/394 964/1848/395

v 11.7947 23.6405 -19.2275
f 965/1849/396 966/1850/397 963/1851/394

v 11.3435 22.0488 -19.0967
f 967/1852/398 966/1853/397 965/1854/396

v 12.5046 22.0723 -18.9049
f 967/1855/398 968/1856/399 966/1857/397

v 10.7288 20.8748 -18.8396
f 967/1858/398 969/1859/400 968/1860/399

v 9.67565 21.1536 -19.2285
f 967/1861/398 970/1862/401 969/1863/400

v 10.222 21.9956 -19.3892
f 971/1864/402 970/1865/401 967/1866/398

v 9.21664 21.9569 -19.8334
f 972/1867/403 970/1868/401 971/1869/402

v 8.5985 21.3325 -19.9909
f 972/1870/403 973/1871/404 970/1872/401

v 8.33994 21.8705 -20.5258
f 972/1873/403 974/1874/405 973/1875/404

v 9.0459 22.5061 -19.8436
f 975/1876/406 974/1877/405 972/1878/403

v 8.51402 22.7444 -20.3161
f 975/1879/406 976/1880/407 974/1881/405

f 975/1882/406 964/1883/395 976/1884/407

f 975/1885/406 965/1886/396 964/1887/395

f 971/1888/402 965/1889/396 975/1890/406

f 971/1891/402 967/1892/398 965/1893/396

f 972/1894/403 971/1895/402 975/1896/406

f 976/1897/407 964/1898/395 962/1899/393

v 7.84194 23.2629 -21.349
f 962/1900/393 977/1901/408 976/1902/407

f 960/1903/391 977/1904/408 962/1905/393

f 960/1906/391 959/1907/390 977/1908/408

v 7.56892 24.1193 -21.9584
f 959/1909/390 978/1910/409 977/1911/408

v 7.47837 24.7927 -22.0605
f 959/1912/390 979/1913/410 978/1914/409

f 959/1915/390 948/1916/379 979/1917/410

f 958/1918/389 948/1919/379 959/1920/390

f 958/1921/389 949/1922/380 948/1923/379

f 958/1924/389 950/1925/381 949/1926/380

f 950/1927/381 958/1928/389 953/1929/384

f 948/1930/379 896/1931/327 979/1932/410

f 979/1933/410 896/1934/327 978/1935/409

v 7.76363 23.1271 -22.0875
f 978/1936/409 896/1937/327 980/1938/411

f 896/1939/327 894/1940/325 980/1941/411

v 7.85836 22.6768 -21.796
f 980/1942/411 894/1943/325 981/1944/412

v 8.10387 22.2171 -22.5463
f 894/1945/325 982/1946/413 981/1947/412

f 894/1948/325 886/1949/317 982/1950/413

f 982/1951/413 886/1952/317 885/1953/316

v 7.92964 21.6917 -21.7597
f 982/1954/413 885/1955/316 983/1956/414

v 7.84569 21.0249 -21.4913
f 983/1957/414 885/1958/316 984/1959/415

f 984/1960/415 885/1961/316 879/1962/310

f 885/1963/316 880/1964/311 879/1965/310

f 885/1966/316 883/1967/314 880/1968/311

v 7.74569 20.3357 -21.482
f 984/1969/415 879/1970/310 985/1971/416

v 7.70256 19.5082 -21.7631
f 985/1972/416 879/1973/310 986/1974/417

f 879/1975/310 878/1976/309 986/1977/417

v 7.35104 17.928 -21.3706
f 986/1978/417 878/1979/309 987/1980/418

v 8.07159 17.6277 -21.7215
f 987/1981/418 878/1982/309 988/1983/419

f 988/1984/419 878/1985/309 875/1986/306

f 875/1987/306 673/1988/104 988/1989/419

f 988/1990/419 673/1991/104 672/1992/103

v 6.79528 16.4898 -20.8901
f 988/1993/419 672/1994/103 989/1995/420

v 6.87632 16.3013 -20.645
f 672/1996/103 990/1997/421 989/1998/420

v 7.67298 16.3586 -20.7681
f 672/1999/103 991/2000/422 990/2001/421

v 8.43947 16.4568 -20.6684
f 991/2002/422 672/2003/103 992/2004/423

f 992/2005/423 672/2006/103 670/2007/101

f 992/2008/423 670/2009/101 723/2010/154

f 723/2011/154 670/2012/101 668/2013/99

v 7.86945 16.3803 -20.5683
f 993/2014/424 992/2015/423 723/2016/154

f 993/2017/424 991/2018/422 992/2019/423

v 7.20083 16.346 -20.585
f 994/2020/425 991/2021/422 993/2022/424

f 994/2023/425 990/2024/421 991/2025/422

v 6.8225 16.6112 -20.4229
f 995/2026/426 990/2027/421 994/2028/425

v 6.65792 16.4469 -20.632
f 995/2029/426 996/2030/427 990/2031/421

v 6.65156 16.7353 -20.6981
f 995/2032/426 997/2033/428 996/2034/427

v 6.77862 17.1024 -20.758
f 995/2035/426 998/2036/429 997/2037/428

v 7.34625 17.9588 -20.4132
f 999/2038/430 998/2039/429 995/2040/426

v 7.01222 17.8295 -20.874
f 999/2041/430 1000/2042/431 998/2043/429

v 7.26777 18.7062 -20.9917
f 999/2044/430 1001/2045/432 1000/2046/431

v 7.71173 19.7034 -20.6154
f 999/2047/430 1002/2048/433 1001/2049/432

v 8.35926 19.6499 -20.0477
f 1003/2050/434 1002/2051/433 999/2052/430

v 8.01446 20.4843 -20.6186
f 1003/2053/434 1004/2054/435 1002/2055/433

v 8.61142 20.2139 -19.9869
f 1005/2056/436 1004/2057/435 1003/2058/434

f 1005/2059/436 973/2060/404 1004/2061/435

v 9.49762 20.5039 -19.3905
f 973/2062/404 1005/2063/436 1006/2064/437

v 8.97357 19.2946 -19.7633
f 1005/2065/436 1007/2066/438 1006/2067/437

f 1005/2068/436 1003/2069/434 1007/2070/438

v 8.08505 17.9142 -20.0374
f 1003/2071/434 1008/2072/439 1007/2073/438

f 1003/2074/434 999/2075/430 1008/2076/439

f 999/2077/430 995/2078/426 1008/2079/439

f 725/2080/156 1008/2081/439 995/2082/426

f 726/2083/157 1008/2084/439 725/2085/156

f 726/2086/157 1007/2087/438 1008/2088/439

f 969/2089/400 1007/2090/438 726/2091/157

f 1006/2092/437 1007/2093/438 969/2094/400

f 970/2095/401 1006/2096/437 969/2097/400

f 973/2098/404 1006/2099/437 970/2100/401

v 11.8971 20.5004 -18.668
f 969/2101/400 726/2102/157 1009/2103/440

v 12.2975 19.7333 -18.62
f 1010/2104/441 1009/2105/440 726/2106/157

v 14.7011 20.8837 -18.7339
f 1011/2107/442 1009/2108/440 1010/2109/441

f 1011/2110/442 968/2111/399 1009/2112/440

v 14.8187 22.2389 -18.8798
f 1011/2113/442 1012/2114/443 968/2115/399

v 18.2713 22.5746 -19.0437
f 1011/2116/442 1013/2117/444 1012/2118/443

v 18.9469 20.8264 -18.8257
f 1014/2119/445 1013/2120/444 1011/2121/442

v 23.0171 21.4015 -18.8562
f 1015/2122/446 1013/2123/444 1014/2124/445

v 22.6398 23.1266 -19.2012
f 1016/2125/447 1013/2126/444 1015/2127/446

v 18.0566 23.7856 -19.4516
f 1017/2128/448 1013/2129/444 1016/2130/447

f 1017/2131/448 1012/2132/443 1013/2133/444

v 15.2805 23.5809 -19.2775
f 1018/2134/449 1012/2135/443 1017/2136/448

v 12.3075 24.3372 -19.4082
f 1018/2137/449 1019/2138/450 1012/2139/443

f 938/2140/369 1019/2141/450 1018/2142/449

f 938/2143/369 939/2144/370 1019/2145/450

f 1019/2146/450 939/2147/370 966/2148/397

f 963/2149/394 966/2150/397 939/2151/370

f 963/2152/394 939/2153/370 961/2154/392

f 939/2155/370 956/2156/387 961/2157/392

f 940/2158/371 956/2159/387 939/2160/370

f 941/2161/372 956/2162/387 940/2163/371

f 956/2164/387 957/2165/388 961/2166/392

f 1019/2167/450 966/2168/397 968/2169/399

f 1012/2170/443 1019/2171/450 968/2172/399

v 15.3292 24.5549 -19.7684
f 1020/2173/451 938/2174/369 1018/2175/449

f 1020/2176/451 937/2177/368 938/2178/369

f 936/2179/367 937/2180/368 1020/2181/451

f 936/2182/367 1020/2183/451 935/2184/366

f 1020/2185/451 1017/2186/448 935/2187/366

f 1020/2188/451 1018/2189/449 1017/2190/448

f 935/2191/366 1017/2192/448 933/2193/364

f 1017/2194/448 1016/2195/447 933/2196/364

v 25.8937 23.2059 -19.2398
f 1021/2197/452 933/2198/364 1016/2199/447

f 931/2200/362 933/2201/364 1021/2202/452

f 931/2203/362 1021/2204/452 930/2205/361

v 29.0382 23.0835 -19.2176
f 1021/2206/452 1022/2207/453 930/2208/361

v 27.5982 21.7419 -18.9258
f 1021/2209/452 1023/2210/454 1022/2211/453

f 1021/2212/452 1015/2213/446 1023/2214/454

f 1021/2215/452 1016/2216/447 1015/2217/446

f 741/2218/172 742/2219/173 1023/2220/454 1015/2221/446 

v 30.1291 20.9609 -19.0359
f 1024/2222/455 1023/2223/454 742/2224/173

v 29.4444 22.0181 -19.2568
f 1025/2225/456 1023/2226/454 1024/2227/455

f 1025/2228/456 1022/2229/453 1023/2230/454

v 30.7737 22.8821 -19.5919
f 1025/2231/456 1026/2232/457 1022/2233/453

v 31.1655 21.8993 -19.8207
f 1027/2234/458 1026/2235/457 1025/2236/456

v 31.7789 22.4152 -20.0519
f 1028/2237/459 1026/2238/457 1027/2239/458

v 31.4902 23.2488 -20.1587
f 1028/2240/459 1029/2241/460 1026/2242/457

v 32.2726 22.9054 -20.6411
f 1030/2243/461 1029/2244/460 1028/2245/459

v 32.1662 24.0696 -20.8475
f 1030/2246/461 1031/2247/462 1029/2248/460

v 32.8554 23.8093 -21.3282
f 1031/2249/462 1030/2250/461 1032/2251/463

v 32.9278 23.0418 -21.55
f 1030/2252/461 1033/2253/464 1032/2254/463

v 32.6322 22.0721 -20.9579
f 1030/2255/461 1034/2256/465 1033/2257/464

v 32.1542 22.0972 -20.3471
f 1035/2258/466 1034/2259/465 1030/2260/461

v 32.4838 21.6899 -20.8066
f 1036/2261/467 1034/2262/465 1035/2263/466

v 32.8071 21.7936 -21.5089
f 1036/2264/467 1037/2265/468 1034/2266/465

v 32.6204 20.5009 -20.7669
f 1038/2267/469 1037/2268/468 1036/2269/467

v 32.8128 20.9904 -21.5825
f 1038/2270/469 1039/2271/470 1037/2272/468

v 32.8002 20.3228 -21.3304
f 1038/2273/469 1040/2274/471 1039/2275/470

v 32.9437 19.772 -21.3718
f 1038/2276/469 1041/2277/472 1040/2278/471

v 32.947 19.0457 -20.7646
f 1042/2279/473 1041/2280/472 1038/2281/469

v 33.0907 19.0565 -21.2493
f 1042/2282/473 1043/2283/474 1041/2284/472

v 33.2057 18.6028 -21.2377
f 1042/2285/473 1044/2286/475 1043/2287/474

v 33.1468 18.1719 -20.7903
f 1045/2288/476 1044/2289/475 1042/2290/473

v 33.2029 18.0606 -21.0834
f 1045/2291/476 1046/2292/477 1044/2293/475

v 33.4823 17.3845 -20.9717
f 1045/2294/476 1047/2295/478 1046/2296/477

v 33.6485 16.9644 -20.7759
f 1048/2297/479 1047/2298/478 1045/2299/476

f 1048/2300/479 768/2301/199 1047/2302/478

f 767/2303/198 768/2304/199 1048/2305/479

f 1048/2306/479 766/2307/197 767/2308/198

v 32.2262 17.146 -20.3099
f 1048/2309/479 1049/2310/480 766/2311/197

v 32.6048 18.0874 -20.328
f 1050/2312/481 1049/2313/480 1048/2314/479

v 29.9994 18.3195 -19.5933
f 1051/2315/482 1049/2316/480 1050/2317/481

v 30.3088 17.4588 -20.0121
f 1052/2318/483 1049/2319/480 1051/2320/482

f 764/2321/195 1049/2322/480 1052/2323/483

v 32.9215 16.5565 -20.5514
f 1053/2324/484 1049/2325/480 764/2326/195

f 1053/2327/484 766/2328/197 1049/2329/480

f 1053/2330/484 765/2331/196 766/2332/197

f 1053/2333/484 764/2334/195 765/2335/196

f 1052/2336/483 747/2337/178 764/2338/195

f 747/2339/178 1052/2340/483 746/2341/177

f 746/2342/177 1052/2343/483 1051/2344/482

f 746/2345/177 1051/2346/482 743/2347/174

f 743/2348/174 1051/2349/482 742/2350/173

v 31.0472 19.7459 -19.6381
f 1054/2351/485 742/2352/173 1051/2353/482

f 1024/2354/455 742/2355/173 1054/2356/485

v 30.9478 21.1853 -19.3547
f 1055/2357/486 1024/2358/455 1054/2359/485

f 1025/2360/456 1024/2361/455 1055/2362/486

f 1027/2363/458 1025/2364/456 1055/2365/486

v 32.1193 21.4721 -20.1729
f 1056/2366/487 1027/2367/458 1055/2368/486

f 1027/2369/458 1056/2370/487 1036/2371/467

f 1056/2372/487 1038/2373/469 1036/2374/467

v 31.9631 20.7071 -19.9846
f 1057/2375/488 1038/2376/469 1056/2377/487

v 32.2506 19.3741 -20.1763
f 1038/2378/469 1057/2379/488 1058/2380/489

f 1057/2381/488 1054/2382/485 1058/2383/489

f 1055/2384/486 1054/2385/485 1057/2386/488

f 1056/2387/487 1055/2388/486 1057/2389/488

f 1058/2390/489 1054/2391/485 1050/2392/481

f 1054/2393/485 1051/2394/482 1050/2395/481

f 1058/2396/489 1050/2397/481 1042/2398/473

f 1042/2399/473 1050/2400/481 1045/2401/476

f 1050/2402/481 1048/2403/479 1045/2404/476

f 1058/2405/489 1042/2406/473 1038/2407/469

f 1027/2408/458 1036/2409/467 1035/2410/466

f 1035/2411/466 1028/2412/459 1027/2413/458

f 1028/2414/459 1035/2415/466 1030/2416/461

v 33.1854 17.9241 -21.3283
f 1047/2417/478 768/2418/199 1059/2419/490

f 768/2420/199 769/2421/200 1059/2422/490

v 32.8811 18.9341 -21.7762
f 769/2423/200 1060/2424/491 1059/2425/490

v 32.2331 19.0026 -22.3604
v 32.4115 20.1132 -22.4388
f 1061/2426/492 1062/2427/493 1060/2428/491 769/2429/200 

v 31.9392 20.1979 -22.9786
f 1063/2430/494 1062/2431/493 1061/2432/492

v 32.0962 20.9818 -23.0556
f 1062/2433/493 1063/2434/494 1064/2435/495

v 30.9129 20.443 -23.719
f 1065/2436/496 1064/2437/495 1063/2438/494

f 776/2439/207 1064/2440/495 1065/2441/496

v 32.47 21.3961 -22.5339
f 1064/2442/495 776/2443/207 1066/2444/497

v 32.1322 21.6293 -23.0983
f 1066/2445/497 776/2446/207 1067/2447/498

f 777/2448/208 1067/2449/498 776/2450/207

f 1067/2451/498 777/2452/208 779/2453/210

v 32.6197 21.8065 -22.5194
f 1068/2454/499 1067/2455/498 779/2456/210

f 1068/2457/499 1066/2458/497 1067/2459/498

v 32.7633 21.5577 -22.0015
f 1069/2460/500 1066/2461/497 1068/2462/499

v 32.7364 20.2553 -21.9241
f 1069/2463/500 1070/2464/501 1066/2465/497

f 1039/2466/470 1070/2467/501 1069/2468/500

f 1040/2469/471 1070/2470/501 1039/2471/470

f 1040/2472/471 1041/2473/472 1070/2474/501

f 1041/2475/472 1060/2476/491 1070/2477/501

f 1043/2478/474 1060/2479/491 1041/2480/472

f 1043/2481/474 1044/2482/475 1060/2483/491

f 1059/2484/490 1060/2485/491 1044/2486/475

f 1046/2487/477 1059/2488/490 1044/2489/475

f 1047/2490/478 1059/2491/490 1046/2492/477

f 1060/2493/491 1062/2494/493 1070/2495/501

f 1062/2496/493 1066/2497/497 1070/2498/501

f 1062/2499/493 1064/2500/495 1066/2501/497

f 1039/2502/470 1069/2503/500 1037/2504/468

v 32.8696 22.7092 -22.2405
f 1037/2505/468 1069/2506/500 1071/2507/502

f 1069/2508/500 1068/2509/499 1071/2510/502

f 1068/2511/499 779/2512/210 1071/2513/502

f 1071/2514/502 779/2515/210 781/2516/212

v 33.1353 23.5517 -22.0196
f 1071/2517/502 781/2518/212 1072/2519/503

v 33.4542 24.4907 -22.18
f 1072/2520/503 781/2521/212 1073/2522/504

f 1073/2523/504 781/2524/212 783/2525/214

v 33.7002 25.0784 -22.2954
f 1073/2526/504 783/2527/214 1074/2528/505

v 33.8343 25.6723 -22.4578
f 1074/2529/505 783/2530/214 1075/2531/506

f 1075/2532/506 783/2533/214 785/2534/216

v 33.9882 26.0264 -22.3871
f 1076/2535/507 1075/2536/506 785/2537/216

v 33.5144 25.1935 -21.8851
f 1077/2538/508 1075/2539/506 1076/2540/507

f 1077/2541/508 1074/2542/505 1075/2543/506

f 1077/2544/508 1073/2545/504 1074/2546/505

f 1032/2547/463 1073/2548/504 1077/2549/508

f 1032/2550/463 1072/2551/503 1073/2552/504

f 1032/2553/463 1033/2554/464 1072/2555/503

v 32.8788 22.607 -21.7054
f 1033/2556/464 1078/2557/509 1072/2558/503

f 1034/2559/465 1078/2560/509 1033/2561/464

f 1034/2562/465 1037/2563/468 1078/2564/509

f 1037/2565/468 1071/2566/502 1078/2567/509

f 1078/2568/509 1071/2569/502 1072/2570/503

v 32.9398 24.9172 -21.4309
f 1079/2571/510 1032/2572/463 1077/2573/508

f 1032/2574/463 1079/2575/510 1031/2576/462

v 31.8747 24.8574 -20.9725
f 1031/2577/462 1079/2578/510 1080/2579/511

f 1079/2580/510 790/2581/221 1080/2582/511

f 1077/2583/508 790/2584/221 1079/2585/510

f 1076/2586/507 790/2587/221 1077/2588/508

f 785/2589/216 790/2590/221 1076/2591/507

f 790/2592/221 785/2593/216 786/2594/217

f 790/2595/221 786/2596/217 787/2597/218

f 791/2598/222 1080/2599/511 790/2600/221

f 926/2601/357 1080/2602/511 791/2603/222

v 30.3828 23.9215 -20.0652
f 926/2604/357 1081/2605/512 1080/2606/511

f 927/2607/358 1081/2608/512 926/2609/357

v 29.2291 23.4714 -19.3741
f 927/2610/358 1082/2611/513 1081/2612/512

f 930/2613/361 1082/2614/513 927/2615/358

f 930/2616/361 1022/2617/453 1082/2618/513

f 1026/2619/457 1082/2620/513 1022/2621/453

f 1026/2622/457 1081/2623/512 1082/2624/513

f 1026/2625/457 1029/2626/460 1081/2627/512

f 1029/2628/460 1080/2629/511 1081/2630/512

f 1029/2631/460 1031/2632/462 1080/2633/511

v 30.3927 26.149 -21.4467
f 1083/2634/514 926/2635/357 791/2636/222

f 925/2637/356 926/2638/357 1083/2639/514

f 1083/2640/514 841/2641/272 925/2642/356

f 1083/2643/514 792/2644/223 841/2645/272

f 1083/2646/514 791/2647/222 792/2648/223

f 925/2649/356 841/2650/272 923/2651/354

f 841/2652/272 843/2653/274 923/2654/354

f 841/2655/272 842/2656/273 843/2657/274

f 923/2658/354 843/2659/274 922/2660/353

f 922/2661/353 843/2662/274 844/2663/275

f 922/2664/353 844/2665/275 845/2666/276

f 922/2667/353 845/2668/276 920/2669/351

v 26.2053 26.1286 -22.366
f 920/2670/351 845/2671/276 1084/2672/515

f 1084/2673/515 845/2674/276 846/2675/277

v 25.2149 26.1625 -22.2555
f 1084/2676/515 846/2677/277 1085/2678/516

f 1085/2679/516 846/2680/277 847/2681/278

f 853/2682/284 1085/2683/516 847/2684/278

f 917/2685/348 1085/2686/516 853/2687/284

f 917/2688/348 920/2689/351 1085/2690/516

f 920/2691/351 1084/2692/515 1085/2693/516

f 773/2694/204 776/2695/207 1065/2696/496

f 772/2697/203 773/2698/204 1065/2699/496

f 772/2700/203 1065/2701/496 771/2702/202

f 771/2703/202 1065/2704/496 1063/2705/494

f 771/2706/202 1063/2707/494 1061/2708/492

f 771/2709/202 1061/2710/492 769/2711/200

f 770/2712/201 771/2713/202 769/2714/200

f 741/2715/172 1015/2716/446 738/2717/169

f 738/2718/169 1015/2719/446 1014/2720/445

f 738/2721/169 1014/2722/445 736/2723/167

v 17.1115 20.3528 -18.7951
f 736/2724/167 1014/2725/445 1086/2726/517

f 1086/2727/517 1014/2728/445 1011/2729/442

f 734/2730/165 1086/2731/517 1011/2732/442

f 736/2733/167 1086/2734/517 734/2735/165

f 734/2736/165 1011/2737/442 1010/2738/441

f 734/2739/165 1010/2740/441 732/2741/163

f 732/2742/163 1010/2743/441 730/2744/161

f 730/2745/161 1010/2746/441 726/2747/157

f 730/2748/161 726/2749/157 728/2750/159

f 968/2751/399 969/2752/400 1009/2753/440

f 994/2754/425 725/2755/156 995/2756/426

f 994/2757/425 993/2758/424 725/2759/156

f 725/2760/156 993/2761/424 723/2762/154

v 8.03069 21.7284 -21.0098
f 973/2763/404 1087/2764/518 1004/2765/435

f 974/2766/405 1087/2767/518 973/2768/404

v 8.11236 22.5998 -20.8165
f 974/2769/405 1088/2770/519 1087/2771/518

f 976/2772/407 1088/2773/519 974/2774/405

f 976/2775/407 977/2776/408 1088/2777/519

f 1088/2778/519 977/2779/408 981/2780/412

f 977/2781/408 980/2782/411 981/2783/412

v 7.65043 23.5355 -21.8518
f 1089/2784/520 980/2785/411 977/2786/408

f 1089/2787/520 978/2788/409 980/2789/411

f 978/2790/409 1089/2791/520 977/2792/408

v 7.84927 22.0427 -21.5306
f 1088/2793/519 981/2794/412 1090/2795/521

f 1090/2796/521 981/2797/412 983/2798/414

f 981/2799/412 982/2800/413 983/2801/414

f 1087/2802/518 1090/2803/521 983/2804/414

f 1088/2805/519 1090/2806/521 1087/2807/518

f 1087/2808/518 983/2809/414 984/2810/415

f 1087/2811/518 984/2812/415 1004/2813/435

v 7.73354 20.3111 -21.1169
f 1004/2814/435 984/2815/415 1091/2816/522

f 984/2817/415 985/2818/416 1091/2819/522

v 7.48675 19.3974 -21.43
f 1091/2820/522 985/2821/416 1092/2822/523

f 1092/2823/523 985/2824/416 986/2825/417

v 7.3464 18.638 -21.3322
f 1092/2826/523 986/2827/417 1093/2828/524

f 986/2829/417 987/2830/418 1093/2831/524

f 1001/2832/432 1093/2833/524 987/2834/418

f 1001/2835/432 1092/2836/523 1093/2837/524

v 7.48705 19.5254 -20.9894
f 1094/2838/525 1092/2839/523 1001/2840/432

f 1091/2841/522 1092/2842/523 1094/2843/525

f 1091/2844/522 1094/2845/525 1002/2846/433

f 1002/2847/433 1094/2848/525 1001/2849/432

f 1004/2850/435 1091/2851/522 1002/2852/433

f 1000/2853/431 1001/2854/432 987/2855/418

v 7.03001 17.1115 -21.1006
f 1000/2856/431 987/2857/418 1095/2858/526

f 1095/2859/526 987/2860/418 988/2861/419

f 989/2862/420 1095/2863/526 988/2864/419

f 997/2865/428 1095/2866/526 989/2867/420

f 998/2868/429 1095/2869/526 997/2870/428

f 1000/2871/431 1095/2872/526 998/2873/429

f 997/2874/428 989/2875/420 996/2876/427

f 996/2877/427 989/2878/420 990/2879/421

f 945/2880/376 946/2881/377 954/2882/385

f 954/2883/385 946/2884/377 952/2885/383

f 952/2886/383 946/2887/377 951/2888/382

f 947/2889/378 951/2890/382 946/2891/377

f 934/2892/365 918/2893/349 916/2894/347

f 932/2895/363 918/2896/349 934/2897/365

f 932/2898/363 919/2899/350 918/2900/349

f 932/2901/363 929/2902/360 919/2903/350

f 919/2904/350 929/2905/360 928/2906/359

f 921/2907/352 919/2908/350 928/2909/359

f 912/2910/343 855/2911/286 856/2912/287

f 912/2913/343 856/2914/287 911/2915/342

f 856/2916/287 862/2917/293 911/2918/342

f 911/2919/342 862/2920/293 908/2921/339

f 862/2922/293 863/2923/294 908/2924/339

f 874/2925/305 872/2926/303 873/2927/304

f 876/2928/307 881/2929/312 874/2930/305

f 799/2931/230 775/2932/206 774/2933/205

f 797/2934/228 775/2935/206 799/2936/230

f 778/2937/209 775/2938/206 797/2939/228

f 795/2940/226 778/2941/209 797/2942/228

f 780/2943/211 778/2944/209 795/2945/226

f 782/2946/213 780/2947/211 795/2948/226

f 784/2949/215 782/2950/213 795/2951/226

f 720/2952/151 666/2953/97 664/2954/95

f 720/2955/151 664/2956/95 718/2957/149

f 718/2958/149 664/2959/95 663/2960/94

f 718/2961/149 663/2962/94 717/2963/148

v 16.2422 17.0145 -20.7921
f 717/2964/148 663/2965/94 1096/2966/527

f 663/2967/94 661/2968/92 1096/2969/527

f 1096/2970/527 661/2971/92 658/2972/89

f 712/2973/143 1096/2974/527 658/2975/89

f 715/2976/146 1096/2977/527 712/2978/143

f 715/2979/146 717/2980/148 1096/2981/527

f 712/2982/143 658/2983/89 657/2984/88

v 25.4228 17.0571 -21.5969
f 651/2985/82 1097/2986/528 706/2987/137

f 651/2988/82 650/2989/81 1097/2990/528

f 650/2991/81 652/2992/83 1097/2993/528

v 25.5592 17.2861 -22.1414
f 652/2994/83 1098/2995/529 1097/2996/528

v 22.7628 17.2838 -22.0844
f 652/2997/83 1099/2998/530 1098/2999/529

v 22.6633 17.6269 -22.5565
f 652/3000/83 1100/3001/531 1099/3002/530

v 19.7305 17.2089 -21.7464
f 1101/3003/532 1100/3004/531 652/3005/83

v 19.8395 17.5087 -22.2973
f 1101/3006/532 1102/3007/533 1100/3008/531

v 18.4525 17.4243 -22.2881
f 1101/3009/532 1103/3010/534 1102/3011/533

f 656/3012/87 1103/3013/534 1101/3014/532

f 659/3015/90 1103/3016/534 656/3017/87

f 660/3018/91 1103/3019/534 659/3020/90

v 16.4663 17.7735 -22.6899
f 660/3021/91 1104/3022/535 1103/3023/534

v 14.7914 17.3984 -22.2788
f 1105/3024/536 1104/3025/535 660/3026/91

v 14.6775 17.8487 -22.7962
f 1105/3027/536 1106/3028/537 1104/3029/535

v 14.2108 17.2969 -22.3127
f 1105/3030/536 1107/3031/538 1106/3032/537

f 662/3033/93 1107/3034/538 1105/3035/536

f 665/3036/96 1107/3037/538 662/3038/93

v 12.998 17.4294 -22.5212
f 665/3039/96 1108/3040/539 1107/3041/538

f 675/3042/106 1108/3043/539 665/3044/96

f 676/3045/107 1108/3046/539 675/3047/106

f 676/3048/107 1107/3049/538 1108/3050/539

f 678/3051/109 1107/3052/538 676/3053/107

f 678/3054/109 1106/3055/537 1107/3056/538

f 679/3057/110 1106/3058/537 678/3059/109

f 679/3060/110 1104/3061/535 1106/3062/537

f 682/3063/113 1104/3064/535 679/3065/110

f 1104/3066/535 682/3067/113 1103/3068/534

v 19.6433 17.9955 -22.8342
f 1103/3069/534 682/3070/113 1109/3071/540

f 683/3072/114 1109/3073/540 682/3074/113

v 22.5116 18.1993 -23.0772
f 1110/3075/541 1109/3076/540 683/3077/114

f 1100/3078/531 1109/3079/540 1110/3080/541

f 1102/3081/533 1109/3082/540 1100/3083/531

f 1103/3084/534 1109/3085/540 1102/3086/533

v 25.7467 18.0229 -22.972
f 1111/3087/542 1100/3088/531 1110/3089/541

f 1098/3090/529 1100/3091/531 1111/3092/542

f 1099/3093/530 1100/3094/531 1098/3095/529

f 1098/3096/529 1111/3097/542 690/3098/121

f 690/3099/121 1111/3100/542 688/3101/119

f 688/3102/119 1111/3103/542 1110/3104/541

f 683/3105/114 688/3106/119 1110/3107/541

f 685/3108/116 688/3109/119 683/3110/114

v 26.2606 17.119 -21.8893
f 1112/3111/543 1098/3112/529 690/3113/121

f 1097/3114/528 1098/3115/529 1112/3116/543

f 706/3117/137 1097/3118/528 1112/3119/543

f 706/3120/137 1112/3121/543 703/3122/134

f 703/3123/134 1112/3124/543 691/3125/122

f 1112/3126/543 690/3127/121 691/3128/122

f 691/3129/122 693/3130/124 703/3131/134

f 667/3132/98 675/3133/106 665/3134/96

f 674/3135/105 675/3136/106 667/3137/98

f 669/3138/100 674/3139/105 667/3140/98

f 669/3141/100 671/3142/102 674/3143/105

f 662/3144/93 1105/3145/536 660/3146/91

f 656/3147/87 1101/3148/532 653/3149/84

f 653/3150/84 1101/3151/532 652/3152/83

g Mesh9 Group6 Group1 Model

usemtl _Color_M06_5
v 3.22451 2.16627e-12 -33.3536
vt 0.157559 6.13669e-12
vn -0.752577 -4.84864e-12 -0.658505
v 3.1337 2.67963e-12 -33.25
vt 0.0270329 6.65006e-12
vn -0.89257 -3.76933e-12 -0.45091
v 3.1337 0.75 -33.25
vt 0.0270329 0.75
v 3.22451 0.75 -33.3536
vt 0.157559 0.75
f 1113/3153/544 1114/3154/545 1115/3155/545 1116/3156/544 

v 4.12344 6.8594e-12 -32.75
vt -0.0669873 0.25
vn 1.55535e-12 -1 6.00219e-12
v 4.03263 7.37277e-12 -32.6464
vt -0.146447 0.146447
v 3.91429 7.70894e-12 -32.567
vt -0.25 0.0669873
v 3.77647 7.84439e-12 -32.517
vt -0.37059 0.0170371
v 3.62857 7.77067e-12 -32.5
vt -0.5 -4.05537e-23
v 3.48067 7.49223e-12 -32.517
vt -0.62941 0.0170371
v 3.34286 7.02816e-12 -32.567
vt -0.75 0.0669873
v 3.22451 6.41043e-12 -32.6464
vt -0.853553 0.146447
v 3.1337 5.68079e-12 -32.75
vt -0.933013 0.25
v 3.07661 4.88898e-12 -32.8706
vt -0.982963 0.37059
v 3.05714 4.08917e-12 -33
vt -1 0.5
v 3.07661 3.33555e-12 -33.1294
vt -0.982963 0.62941
vt -0.933013 0.75
vt -0.853553 0.853553
v 3.34286 1.83009e-12 -33.433
vt -0.75 0.933013
v 3.48067 1.69464e-12 -33.483
vt -0.62941 0.982963
v 3.62857 1.76836e-12 -33.5
vt -0.5 1
v 3.77647 2.04681e-12 -33.483
vt -0.37059 0.982963
v 3.91429 2.51088e-12 -33.433
vt -0.25 0.933013
v 4.03263 3.12861e-12 -33.3536
vt -0.146447 0.853553
v 4.12344 3.85825e-12 -33.25
vt -0.0669873 0.75
v 4.18053 4.65006e-12 -33.1294
vt -0.0170371 0.62941
v 4.2 5.44986e-12 -33
vt 5.11058e-24 0.5
v 4.18053 6.20348e-12 -32.8706
vt -0.0170371 0.37059
f 1117/3157/546 1118/3158/546 1119/3159/546 1120/3160/546 1121/3161/546 1122/3162/546 1123/3163/546 1124/3164/546 1125/3165/546 1126/3166/546 1127/3167/546 1128/3168/546 1114/3169/546 1113/3170/546 1129/3171/546 1130/3172/546 1131/3173/546 1132/3174/546 1133/3175/546 1134/3176/546 1135/3177/546 1136/3178/546 1137/3179/546 1138/3180/546 

vt -0.0270329 6.6501e-12
vn 0.752577 4.84864e-12 0.658505
vt -0.157559 6.13673e-12
vn 0.89257 3.76933e-12 0.45091
v 4.12344 0.75 -32.75
vt -0.157559 0.75
v 4.03263 0.75 -32.6464
vt -0.0270329 0.75
f 1118/3181/547 1117/3182/548 1139/3183/548 1140/3184/547 

vt -0.205335 5.72477e-12
vt -0.335861 5.06885e-12
vn 0.973599 2.52947e-12 0.228266
v 4.18053 0.75 -32.8706
vt -0.335861 0.75
vt -0.205335 0.75
f 1117/3185/548 1138/3186/549 1141/3187/549 1139/3188/548 

vt -0.365196 4.64803e-12
vt -0.495722 3.89441e-12
vn 1 1.19081e-12 -1.01064e-15
v 4.2 0.75 -33
vt -0.495722 0.75
vt -0.365196 0.75
f 1138/3189/549 1137/3190/550 1142/3191/550 1141/3192/549 

vt -0.495722 3.71829e-12
vt -0.626249 2.91849e-12
vn 0.973599 -2.10719e-13 -0.228266
v 4.18053 0.75 -33.1294
vt -0.626249 0.75
f 1137/3193/550 1136/3194/551 1143/3195/551 1142/3191/550 

vt -0.588018 3.18945e-12
vt -0.718545 2.39764e-12
vn 0.89257 -1.64356e-12 -0.45091
v 4.12344 0.75 -33.25
vt -0.718545 0.75
vt -0.588018 0.75
f 1136/3196/551 1135/3197/552 1144/3198/552 1143/3199/551 

vt -0.635794 3.2021e-12
vt -0.76632 2.47247e-12
vn 0.752577 -3.05629e-12 -0.658505
v 4.03263 0.75 -33.3536
vt -0.76632 0.75
vt -0.635794 0.75
f 1135/3200/552 1134/3201/553 1145/3202/553 1144/3203/552 

vt -0.635794 3.74686e-12
vt -0.76632 3.12913e-12
vn 0.550743 -4.35404e-12 -0.834675
v 3.91429 0.75 -33.433
f 1134/3204/553 1133/3205/554 1146/3202/554 1145/3203/553 

vt -0.588018 4.66661e-12
vt -0.718545 4.20253e-12
vn 0.292806 -5.39044e-12 -0.956172
v 3.77647 0.75 -33.483
f 1133/3206/554 1132/3207/555 1147/3198/555 1146/3199/554 

vt -0.495722 5.69919e-12
vt -0.626249 5.42075e-12
vn -1.01064e-15 -6.00219e-12 -1
v 3.62857 0.75 -33.5
f 1132/3208/555 1131/3209/556 1148/3195/556 1147/3191/555 

vt -0.365196 6.54972e-12
vt -0.495722 6.47601e-12
vn -0.292806 -6.0878e-12 -0.956172
v 3.48067 0.75 -33.483
f 1131/3210/556 1130/3211/557 1149/3191/557 1148/3192/556 

vt -0.205335 6.96997e-12
vt -0.335861 7.10542e-12
vn -0.550743 -5.66571e-12 -0.834675
v 3.34286 0.75 -33.433
f 1130/3212/557 1129/3213/558 1150/3187/558 1149/3188/557 

vt -0.0270329 6.82585e-12
vt -0.157559 7.16202e-12
f 1129/3214/558 1113/3215/544 1116/3183/544 1150/3184/558 

vt 0.0170371 0.62941
vn -1.55535e-12 1 -6.00219e-12
vt 0.0669873 0.75
vt 0.146447 0.853553
vt 0.25 0.933013
vt 0.37059 0.982963
vt 0.5 1
vt 0.62941 0.982963
vt 0.75 0.933013
vt 0.853553 0.853553
vt 0.933013 0.75
v 3.07661 0.75 -33.1294
vt 0.982963 0.62941
v 3.05714 0.75 -33
vt 1 0.5
v 3.07661 0.75 -32.8706
vt 0.982963 0.37059
v 3.1337 0.75 -32.75
vt 0.933013 0.25
v 3.22451 0.75 -32.6464
vt 0.853553 0.146447
v 3.34286 0.75 -32.567
vt 0.75 0.0669873
v 3.48067 0.75 -32.517
vt 0.62941 0.0170371
v 3.62857 0.75 -32.5
vt 0.5 4.58347e-14
v 3.77647 0.75 -32.517
vt 0.37059 0.0170371
v 3.91429 0.75 -32.567
vt 0.25 0.0669873
vt 0.146447 0.146447
vt 0.0669873 0.25
vt 0.0170371 0.37059
vt 2.48515e-15 0.5
f 1143/3216/559 1144/3217/559 1145/3218/559 1146/3219/559 1147/3220/559 1148/3221/559 1149/3222/559 1150/3223/559 1116/3224/559 1115/3225/559 1151/3226/559 1152/3227/559 1153/3228/559 1154/3229/559 1155/3230/559 1156/3231/559 1157/3232/559 1158/3233/559 1159/3234/559 1160/3235/559 1140/3236/559 1139/3237/559 1141/3238/559 1142/3239/559 

vt 0.335861 5.06886e-12
vt 0.205335 5.72478e-12
vn -0.973599 -2.52947e-12 -0.228266
vt 0.205335 0.75
vt 0.335861 0.75
f 1114/3240/545 1128/3241/560 1151/3242/560 1115/3243/545 

vt 0.495722 3.89458e-12
vt 0.365196 4.6482e-12
vn -1 -1.19081e-12 1.01064e-15
vt 0.365196 0.75
vt 0.495722 0.75
f 1128/3244/560 1127/3245/561 1152/3246/561 1151/3247/560 

vt 0.626249 2.9186e-12
vt 0.495722 3.71841e-12
vn -0.973599 2.10719e-13 0.228266
vt 0.626249 0.75
f 1127/3248/561 1126/3249/562 1153/3247/562 1152/3250/561 

vt 0.718545 2.39766e-12
vt 0.588018 3.18948e-12
vn -0.89257 1.64356e-12 0.45091
vt 0.588018 0.75
vt 0.718545 0.75
f 1126/3251/562 1125/3252/563 1154/3253/563 1153/3254/562 

vt 0.76632 2.47247e-12
vt 0.635794 3.20211e-12
vn -0.752577 3.05629e-12 0.658505
vt 0.635794 0.75
vt 0.76632 0.75
f 1125/3255/563 1124/3256/564 1155/3257/564 1154/3258/563 

vt 0.76632 3.12896e-12
vt 0.635794 3.74668e-12
vn -0.550743 4.35404e-12 0.834675
f 1124/3259/564 1123/3260/565 1156/3257/565 1155/3258/564 

vt 0.718545 4.20238e-12
vt 0.588018 4.66645e-12
vn -0.292806 5.39044e-12 0.956172
f 1123/3261/565 1122/3262/566 1157/3253/566 1156/3254/565 

vt 0.626249 5.42081e-12
vt 0.495722 5.69925e-12
vn 1.01064e-15 6.00219e-12 1
f 1122/3263/566 1121/3264/567 1158/3247/567 1157/3250/566 

vt 0.495722 6.47599e-12
vt 0.365196 6.54971e-12
vn 0.292806 6.0878e-12 0.956172
f 1121/3265/567 1120/3266/568 1159/3246/568 1158/3247/567 

vt 0.335861 7.10552e-12
vt 0.205335 6.97007e-12
vn 0.550743 5.66571e-12 0.834675
f 1120/3267/568 1119/3268/569 1160/3242/569 1159/3243/568 

vt 0.157559 7.16219e-12
vt 0.0270329 6.82602e-12
f 1119/3269/569 1118/3270/547 1140/3155/547 1160/3156/569 

g Mesh10 Group7 Group1 Model

usemtl _Color_M06_4
v 4.77143 3.75 -34
vt 2.14164e-11 34
vn 8.20195e-12 1 8.46198e-13
v 2.48571 3.75 -34
vt 2 34
v 2.48571 3.75 -2.58067e-10
vt 2 2.53859e-12
v 4.77143 3.75 -2.58069e-10
vt 2.15301e-11 2.53859e-12
f 1161/3271/570 1162/3272/570 1163/3273/570 1164/3274/570 

v 4.77143 0.75 -34
vt -2.12594e-11 -1.43538e-11
vn -1.01064e-15 8.46198e-13 -1
v 2.48571 0.75 -34
vt -2 2.70779e-11
vt -2 3
vt 1.13687e-13 3
f 1165/3275/571 1166/3276/571 1162/3277/571 1161/3278/571 

vt -2 34
vn -8.20195e-12 -1 -8.46198e-13
vt -2.12594e-11 34
v 4.77143 0.75 -2.60798e-10
vt -2.13731e-11 2.72848e-12
v 2.48571 0.75 -2.60795e-10
vt -2 2.72848e-12
f 1166/3279/572 1165/3280/572 1167/3281/572 1168/3282/572 

vt -2.72848e-12 1.2724e-11
vn 1 -6.27962e-12 -1.01064e-15
vt -34 1.44169e-11
vt -34 3
vt 0 3
f 1167/3283/573 1165/3284/573 1161/3285/573 1164/3286/573 

vt 2 -2.30884e-24
vn 1.01064e-15 -8.46198e-13 1
vt 2.13731e-11 1.2724e-11
vt 2 3
f 1168/3287/574 1167/3288/574 1164/3286/574 1163/3289/574 

vt 34 4.14953e-11
vn -1 6.27962e-12 1.01064e-15
vt 2.72848e-12 -1.43534e-11
vt 2.42917e-23 3
vt 34 3
f 1166/3290/575 1168/3291/575 1163/3292/575 1162/3293/575 

g Mesh11 Group8 Group1 Model

usemtl _Color_M06_5
v 67.2245 1.11888e-09 -1.35355
v 67.1337 1.11939e-09 -1.25
v 67.1337 0.75 -1.25
v 67.2245 0.75 -1.35355
f 1169/3153/544 1170/3154/545 1171/3155/545 1172/3156/544 

v 68.1234 1.12357e-09 -0.75
v 68.0326 1.12409e-09 -0.646447
v 67.9143 1.12442e-09 -0.566987
v 67.7765 1.12456e-09 -0.517037
v 67.6286 1.12448e-09 -0.5
v 67.4807 1.12421e-09 -0.517037
v 67.3429 1.12374e-09 -0.566987
v 67.2245 1.12312e-09 -0.646447
v 67.1337 1.12239e-09 -0.75
v 67.0766 1.1216e-09 -0.87059
v 67.0571 1.1208e-09 -1
v 67.0766 1.12005e-09 -1.12941
v 67.3429 1.11854e-09 -1.43301
v 67.4807 1.11841e-09 -1.48296
v 67.6286 1.11848e-09 -1.5
v 67.7765 1.11876e-09 -1.48296
v 67.9143 1.11922e-09 -1.43301
v 68.0326 1.11984e-09 -1.35355
v 68.1234 1.12057e-09 -1.25
v 68.1805 1.12136e-09 -1.12941
v 68.2 1.12216e-09 -1
v 68.1805 1.12292e-09 -0.87059
f 1173/3157/546 1174/3158/546 1175/3159/546 1176/3160/546 1177/3161/546 1178/3162/546 1179/3163/546 1180/3164/546 1181/3165/546 1182/3166/546 1183/3167/546 1184/3168/546 1170/3169/546 1169/3170/546 1185/3171/546 1186/3172/546 1187/3173/546 1188/3174/546 1189/3175/546 1190/3176/546 1191/3177/546 1192/3178/546 1193/3179/546 1194/3180/546 

v 68.1234 0.75 -0.75
v 68.0326 0.75 -0.646447
f 1174/3181/547 1173/3182/548 1195/3183/548 1196/3184/547 

v 68.1805 0.75 -0.87059
f 1173/3185/548 1194/3186/549 1197/3187/549 1195/3188/548 

v 68.2 0.75 -1
f 1194/3189/549 1193/3190/550 1198/3191/550 1197/3192/549 

v 68.1805 0.75 -1.12941
f 1193/3193/550 1192/3194/551 1199/3195/551 1198/3191/550 

v 68.1234 0.75 -1.25
f 1192/3196/551 1191/3197/552 1200/3198/552 1199/3199/551 

v 68.0326 0.75 -1.35355
f 1191/3200/552 1190/3201/553 1201/3202/553 1200/3203/552 

v 67.9143 0.75 -1.43301
f 1190/3204/553 1189/3205/554 1202/3202/554 1201/3203/553 

v 67.7765 0.75 -1.48296
f 1189/3206/554 1188/3207/555 1203/3198/555 1202/3199/554 

v 67.6286 0.75 -1.5
f 1188/3208/555 1187/3209/556 1204/3195/556 1203/3191/555 

v 67.4807 0.75 -1.48296
f 1187/3210/556 1186/3211/557 1205/3191/557 1204/3192/556 

v 67.3429 0.75 -1.43301
f 1186/3212/557 1185/3213/558 1206/3187/558 1205/3188/557 

f 1185/3214/558 1169/3215/544 1172/3183/544 1206/3184/558 

v 67.0766 0.75 -1.12941
v 67.0571 0.75 -1
v 67.0766 0.75 -0.87059
v 67.1337 0.75 -0.75
v 67.2245 0.75 -0.646447
v 67.3429 0.75 -0.566987
v 67.4807 0.75 -0.517037
v 67.6286 0.75 -0.5
v 67.7765 0.75 -0.517037
v 67.9143 0.75 -0.566987
f 1199/3216/559 1200/3217/559 1201/3218/559 1202/3219/559 1203/3220/559 1204/3221/559 1205/3222/559 1206/3223/559 1172/3224/559 1171/3225/559 1207/3226/559 1208/3227/559 1209/3228/559 1210/3229/559 1211/3230/559 1212/3231/559 1213/3232/559 1214/3233/559 1215/3234/559 1216/3235/559 1196/3236/559 1195/3237/559 1197/3238/559 1198/3239/559 

f 1170/3240/545 1184/3241/560 1207/3242/560 1171/3243/545 

f 1184/3244/560 1183/3245/561 1208/3246/561 1207/3247/560 

f 1183/3248/561 1182/3249/562 1209/3247/562 1208/3250/561 

f 1182/3251/562 1181/3252/563 1210/3253/563 1209/3254/562 

f 1181/3255/563 1180/3256/564 1211/3257/564 1210/3258/563 

f 1180/3259/564 1179/3260/565 1212/3257/565 1211/3258/564 

f 1179/3261/565 1178/3262/566 1213/3253/566 1212/3254/565 

f 1178/3263/566 1177/3264/567 1214/3247/567 1213/3250/566 

f 1177/3265/567 1176/3266/568 1215/3246/568 1214/3247/567 

f 1176/3267/568 1175/3268/569 1216/3242/569 1215/3243/568 

f 1175/3269/569 1174/3270/547 1196/3155/547 1216/3156/569 

g Mesh12 Group9 Group1 Model

usemtl _Color_M06_4
v 68.7714 3.75 -34
v 66.4857 3.75 -34
v 66.4857 3.75 -2.73528e-10
v 68.7714 3.75 -2.73531e-10
f 1217/3271/570 1218/3272/570 1219/3273/570 1220/3274/570 

v 68.7714 0.75 -34
v 66.4857 0.75 -34
f 1221/3275/571 1222/3276/571 1218/3277/571 1217/3278/571 

v 68.7714 0.75 -2.76259e-10
v 66.4857 0.75 -2.76257e-10
f 1222/3279/572 1221/3280/572 1223/3281/572 1224/3282/572 

vt -2.72848e-12 1.27258e-11
f 1223/3294/573 1221/3284/573 1217/3285/573 1220/3286/573 

vt 2.13731e-11 1.27258e-11
f 1224/3287/574 1223/3295/574 1220/3286/574 1219/3289/574 

f 1222/3290/575 1224/3291/575 1219/3292/575 1218/3293/575 

g Mesh13 Group11 Group10 Group1 Model

v 0.2 3.75 -1.92159e-11
vt 96 1
vn 3.97177e-12 7.84439e-12 1
v 72.2 3.75 -2.24834e-10
vt 33 1
v 72.2 5.75 -2.53938e-10
vt 33 3
v 0.2 5.75 -2.14896e-11
vt 96 3
f 1225/3296/576 1226/3297/576 1227/3298/576 1228/3299/576 

v 2.48571 3.75 -2
vt -94 2
vn -9.06821e-14 -1 7.15561e-12
v 69.9143 3.75 -2
vt -35 2
vt -33 1.67922e-10
vt -96 -3.76237e-11
f 1229/3300/577 1230/3301/577 1226/3302/577 1225/3303/577 

vt -94 1
vn -2.91095e-12 -7.84439e-12 -1
v 2.48571 5.75 -2
vt -94 3
v 69.9143 5.75 -2
vt -35 3
vt -35 1
f 1229/3304/578 1231/3305/578 1232/3306/578 1230/3307/578 

vt -65.0538 1
vn -0.752577 -5.84558e-12 -0.658505
vt -67.8823 1
vt -67.8823 3
vt -65.0538 3
f 1229/3308/579 1225/3309/579 1228/3310/579 1231/3311/579 

vt 96 -4.96598e-11
vn -1.34927e-12 1 -7.15517e-12
vt 33 1.82716e-10
vt 35 2
vt 94 2
f 1228/3312/580 1227/3313/580 1232/3314/580 1231/3315/580 

vt -26.163 3
vn 0.752577 -1.12038e-11 -0.658505
vt -23.3345 3
vt -23.3345 1
vt -26.163 1
f 1232/3316/581 1227/3317/581 1226/3318/581 1230/3319/581 

g Mesh14 Group12 Group10 Group1 Model

v 0.2 5.75 -34
vt 42 3
vn -1 1.78475e-24 1.07156e-12
v 0.2 3.75 -34
vt 42 1
v 0.2 3.75 5.6577e-13
vt 8 1
v 0.2 5.75 -5.19584e-11
vt 8 3
f 1233/3320/582 1234/3321/582 1235/3322/582 1236/3323/582 

v 2.48571 3.75 -32
vt -28.2843 1
vn 0.752577 4.02702e-12 -0.658505
vt -31.1127 1
vt -31.1127 3
v 2.48571 5.75 -32
vt -28.2843 3
f 1237/3324/583 1234/3325/583 1233/3326/583 1238/3327/583 

vt -4.91555e-11 40
vn 1.4633e-11 -1 1.42414e-12
v 2.48571 3.75 -2
vt 4.95247e-11 10
vt -2 8
vt -2 42
f 1237/3328/584 1239/3329/584 1235/3330/584 1234/3331/584 

v 2.48571 5.75 -2
vt -10 3
vn 1 8.60275e-24 -1.07954e-12
vt -10 1
vt -40 1
vt -40 3
f 1240/3332/585 1239/3333/585 1237/3334/585 1238/3335/585 

vt -4.24264 1
vn 0.752577 2.50399e-11 0.658505
vt -7.07107 1
vt -7.07107 3
vt -4.24264 3
f 1235/3336/586 1239/3337/586 1240/3338/586 1236/3339/586 

vt 2 42
vn 6.7664e-12 1 2.92303e-12
vt 2 8
vt 2.95852e-11 10
vt 6.68745e-11 40
f 1233/3340/587 1236/3341/587 1240/3342/587 1238/3343/587 

g Mesh15 Group13 Group10 Group1 Model

v 2.48571 3.75 -32
vt 94 1
vn 2.66872e-12 -3.51292e-11 1
v 69.9143 3.75 -32
vt 35 1
v 69.9143 5.75 -32
vt 35 3
v 2.48571 5.75 -32
vt 94 3
f 1241/3344/588 1242/3345/588 1243/3346/588 1244/3347/588 

v 0.2 3.75 -34
vt -96 2
vn 6.28824e-12 -1 3.1002e-10
v 72.2 3.75 -34
vt -33 2
vt -35 -6.62754e-11
vt -94 -7.74167e-11
f 1245/3348/589 1246/3349/589 1242/3350/589 1241/3351/589 

vt -96 1
vn 6.77718e-12 6.18456e-11 -1
v 0.2 5.75 -34
vt -96 3
v 72.2 5.75 -34
vt -33 3
vt -33 1
f 1245/3352/590 1247/3353/590 1248/3354/590 1246/3355/590 

vt 69.2965 1
vn -0.752577 -2.41986e-10 0.658505
vt 66.468 1
vt 66.468 3
vt 69.2965 3
f 1245/3356/591 1241/3357/591 1244/3358/591 1247/3359/591 

vt 94 -8.94361e-10
vn -7.26572e-12 1 -3.1002e-10
vt 35 -6.29925e-10
vt 33 2
vt 96 2
f 1244/3360/592 1243/3361/592 1248/3362/592 1247/3363/592 

vt 21.9203 3
vn 0.752577 2.2431e-11 0.658505
vt 24.7487 3
vt 24.7487 1
vt 21.9203 1
f 1248/3364/593 1243/3365/593 1242/3366/593 1246/3367/593 

g Mesh16 Group14 Group10 Group1 Model

v 69.9143 5.75 -32
vt 40 3
vn -1 4.77485e-12 6.1113e-13
v 69.9143 3.75 -32
vt 40 1
v 69.9143 3.75 -2
vt 10 1
v 69.9143 5.75 -2
vt 10 3
f 1249/3368/594 1250/3369/594 1251/3370/594 1252/3371/594 

v 72.2 3.75 -34
vt 29.6985 1
vn -0.752577 3.94124e-12 -0.658505
vt 26.8701 1
vt 26.8701 3
v 72.2 5.75 -34
vt 29.6985 3
f 1253/3372/595 1250/3373/595 1249/3374/595 1254/3375/595 

vt -5.13906e-11 42
vn 7.27126e-12 -1 2.85724e-12
v 72.2 3.75 -2.24834e-10
vt -1.59203e-11 8
vt -2 10
vt -2 40
f 1253/3376/596 1255/3377/596 1251/3378/596 1250/3379/596 

vt -42 3
vn 1 -4.77485e-12 -1.33516e-12
v 72.2 5.75 -2.5985e-10
vt -8 3
vt -8 1
vt -42 1
f 1254/3380/597 1256/3381/597 1255/3382/597 1253/3383/597 

vt 2 40
vn -1.98584e-11 1 1.03114e-12
vt 2 10
vt -6.8954e-11 8
vt -7.41851e-13 42
f 1249/3384/598 1252/3385/598 1256/3386/598 1254/3387/598 

vt 8.48528 1
vn -0.752577 1.54905e-11 0.658505
vt 5.65685 1
vt 5.65685 3
vt 8.48528 3
f 1251/3388/599 1255/3389/599 1256/3390/599 1252/3391/599 

g Mesh17 Group15 Group1 Model

v 72.2 5.75 -32
vt -2 33
vn -2.53755e-15 -1 1.30727e-10
v 70.2 5.75 -32
vt -2 34.75
v 70.2 5.75 -34
vt -3.35967e-09 34.75
v 72.2 5.75 -34
vt -2.02772e-09 33
f 1257/3392/600 1258/3393/600 1259/3394/600 1260/3395/600 

v 72.2 26.75 -32
vt 33 21
vn 3.06415e-11 1.30729e-10 1
v 0.2 26.75 -32
vt 96 21
v 0.2 5.75 -32
vt 96 -3.37645e-15
v 2.2 5.75 -32
vt 94.25 1.76432e-16
v 2.2 24.75 -32
vt 94.25 19
v 70.2 24.75 -32
vt 34.75 19
vt 34.75 1.76433e-16
vt 33 -5.15247e-15
f 1261/3396/601 1262/3397/601 1263/3398/601 1264/3399/601 1265/3400/601 1266/3401/601 1258/3402/601 1257/3403/601 

v 72.2 26.75 -34
vt 4.60152e-09 33
vn 2.09754e-21 1 -1.30726e-10
v 0.2 26.75 -34
vt 3.7159e-09 96
vt 2 96
vt 2 33
f 1267/3404/602 1268/3405/602 1262/3406/602 1261/3407/602 

vt -96 21
vn -3.06415e-11 -1.30729e-10 -1
vt -33 21
vt -33 -1.4942e-19
vt -34.75 3.5524e-15
v 70.2 24.75 -34
vt -34.75 19
v 2.2 24.75 -34
vt -94.25 19
v 2.2 5.75 -34
vt -94.25 3.5524e-15
v 0.2 5.75 -34
vt -96 -4.85793e-19
f 1268/3408/603 1267/3409/603 1260/3410/603 1259/3411/603 1269/3412/603 1270/3413/603 1271/3414/603 1272/3415/603 

vt 1.14306e-09 -7.22243e-21
vn 1 -1.91504e-22 -2.34579e-11
vt 9.71615e-10 21
vt 2 21
vt 2 2.61453e-10
f 1260/3416/604 1267/3417/604 1261/3418/604 1257/3419/604 

vt 5.74622e-11 19
vn -1 3.07226e-21 2.35014e-11
vt -2.42637e-09 3.55259e-15
vt -2 2.61458e-10
vt -2 19
f 1269/3420/605 1259/3421/605 1258/3422/605 1266/3423/605 

vt -4.95807e-09 94.25
vn 4.00494e-21 -1 1.30726e-10
vt -3.35963e-09 34.75
vt -2 94.25
f 1270/3424/606 1269/3425/606 1266/3393/606 1265/3426/606 

vt 2.42937e-09 3.55238e-15
vn 1 -3.06887e-21 -2.34773e-11
vt -5.44638e-11 19
vt 2 19
vt 2 2.61458e-10
f 1271/3427/607 1270/3428/607 1265/3429/607 1264/3430/607 

vt -6.28984e-09 96
vn 2.03022e-15 -1 1.30727e-10
vt -4.95811e-09 94.25
vt -2 96
f 1272/3431/608 1271/3432/608 1264/3426/608 1263/3433/608 

vt 1.60305e-09 21
vn -1 5.94157e-21 2.34592e-11
vt -3.71613e-09 -6.51875e-19
vt -2 2.61455e-10
vt -2 21
f 1268/3434/609 1272/3435/609 1263/3436/609 1262/3437/609 

g Mesh18 Group16 Group1 Model

usemtl _Color_M06_5
v 3.22451 4.71623e-13 -1.35355
v 3.1337 9.8499e-13 -1.25
v 3.1337 0.75 -1.25
v 3.22451 0.75 -1.35355
f 1273/3153/544 1274/3154/545 1275/3155/545 1276/3156/544 

v 4.12344 5.16476e-12 -0.75
v 4.03263 5.67812e-12 -0.646447
v 3.91429 6.0143e-12 -0.566987
v 3.77647 6.14975e-12 -0.517037
v 3.62857 6.07603e-12 -0.5
v 3.48067 5.79758e-12 -0.517037
v 3.34286 5.33351e-12 -0.566987
v 3.22451 4.71578e-12 -0.646447
v 3.1337 3.98614e-12 -0.75
v 3.07661 3.19433e-12 -0.87059
v 3.05714 2.39453e-12 -1
v 3.07661 1.64091e-12 -1.12941
v 3.34286 1.35447e-13 -1.43301
v 3.48067 -1.34642e-33 -1.48296
v 3.62857 7.37188e-14 -1.5
v 3.77647 3.52163e-13 -1.48296
v 3.91429 8.16236e-13 -1.43301
v 4.03263 1.43396e-12 -1.35355
v 4.12344 2.1636e-12 -1.25
v 4.18053 2.95541e-12 -1.12941
v 4.2 3.75522e-12 -1
v 4.18053 4.50884e-12 -0.87059
f 1277/3157/546 1278/3158/546 1279/3159/546 1280/3160/546 1281/3161/546 1282/3162/546 1283/3163/546 1284/3164/546 1285/3165/546 1286/3166/546 1287/3167/546 1288/3168/546 1274/3169/546 1273/3170/546 1289/3171/546 1290/3172/546 1291/3173/546 1292/3174/546 1293/3175/546 1294/3176/546 1295/3177/546 1296/3178/546 1297/3179/546 1298/3180/546 

v 4.12344 0.75 -0.75
v 4.03263 0.75 -0.646447
f 1278/3181/547 1277/3182/548 1299/3183/548 1300/3184/547 

v 4.18053 0.75 -0.87059
f 1277/3185/548 1298/3186/549 1301/3187/549 1299/3188/548 

v 4.2 0.75 -1
f 1298/3189/549 1297/3190/550 1302/3191/550 1301/3192/549 

v 4.18053 0.75 -1.12941
f 1297/3193/550 1296/3194/551 1303/3195/551 1302/3191/550 

v 4.12344 0.75 -1.25
f 1296/3196/551 1295/3197/552 1304/3198/552 1303/3199/551 

v 4.03263 0.75 -1.35355
f 1295/3200/552 1294/3201/553 1305/3202/553 1304/3203/552 

v 3.91429 0.75 -1.43301
f 1294/3204/553 1293/3205/554 1306/3202/554 1305/3203/553 

v 3.77647 0.75 -1.48296
f 1293/3206/554 1292/3207/555 1307/3198/555 1306/3199/554 

v 3.62857 0.75 -1.5
f 1292/3208/555 1291/3209/556 1308/3195/556 1307/3191/555 

v 3.48067 0.75 -1.48296
f 1291/3210/556 1290/3211/557 1309/3191/557 1308/3192/556 

v 3.34286 0.75 -1.43301
f 1290/3212/557 1289/3213/558 1310/3187/558 1309/3188/557 

f 1289/3214/558 1273/3215/544 1276/3183/544 1310/3184/558 

v 3.07661 0.75 -1.12941
v 3.05714 0.75 -1
v 3.07661 0.75 -0.87059
v 3.1337 0.75 -0.75
v 3.22451 0.75 -0.646447
v 3.34286 0.75 -0.566987
v 3.48067 0.75 -0.517037
v 3.62857 0.75 -0.5
v 3.77647 0.75 -0.517037
v 3.91429 0.75 -0.566987
f 1303/3216/559 1304/3217/559 1305/3218/559 1306/3219/559 1307/3220/559 1308/3221/559 1309/3222/559 1310/3223/559 1276/3224/559 1275/3225/559 1311/3226/559 1312/3227/559 1313/3228/559 1314/3229/559 1315/3230/559 1316/3231/559 1317/3232/559 1318/3233/559 1319/3234/559 1320/3235/559 1300/3236/559 1299/3237/559 1301/3238/559 1302/3239/559 

f 1274/3240/545 1288/3241/560 1311/3242/560 1275/3243/545 

f 1288/3244/560 1287/3245/561 1312/3246/561 1311/3247/560 

f 1287/3248/561 1286/3249/562 1313/3247/562 1312/3250/561 

f 1286/3251/562 1285/3252/563 1314/3253/563 1313/3254/562 

f 1285/3255/563 1284/3256/564 1315/3257/564 1314/3258/563 

f 1284/3259/564 1283/3260/565 1316/3257/565 1315/3258/564 

f 1283/3261/565 1282/3262/566 1317/3253/566 1316/3254/565 

f 1282/3263/566 1281/3264/567 1318/3247/567 1317/3250/566 

f 1281/3265/567 1280/3266/568 1319/3246/568 1318/3247/567 

f 1280/3267/568 1279/3268/569 1320/3242/569 1319/3243/568 

f 1279/3269/569 1278/3270/547 1300/3155/547 1320/3156/569 

g Mesh19 Group17 Group1 Model

v 67.2245 1.12057e-09 -33.3536
v 67.1337 1.12108e-09 -33.25
v 67.1337 0.75 -33.25
v 67.2245 0.75 -33.3536
f 1321/3153/544 1322/3154/545 1323/3155/545 1324/3156/544 

v 68.1234 1.12526e-09 -32.75
v 68.0326 1.12578e-09 -32.6464
v 67.9143 1.12611e-09 -32.567
v 67.7765 1.12625e-09 -32.517
v 67.6286 1.12618e-09 -32.5
v 67.4807 1.1259e-09 -32.517
v 67.3429 1.12543e-09 -32.567
v 67.2245 1.12482e-09 -32.6464
v 67.1337 1.12409e-09 -32.75
v 67.0766 1.12329e-09 -32.8706
v 67.0571 1.12249e-09 -33
v 67.0766 1.12174e-09 -33.1294
v 67.3429 1.12024e-09 -33.433
v 67.4807 1.1201e-09 -33.483
v 67.6286 1.12017e-09 -33.5
v 67.7765 1.12045e-09 -33.483
v 67.9143 1.12092e-09 -33.433
v 68.0326 1.12153e-09 -33.3536
v 68.1234 1.12226e-09 -33.25
v 68.1805 1.12305e-09 -33.1294
v 68.2 1.12385e-09 -33
v 68.1805 1.12461e-09 -32.8706
f 1325/3157/546 1326/3158/546 1327/3159/546 1328/3160/546 1329/3161/546 1330/3162/546 1331/3163/546 1332/3164/546 1333/3165/546 1334/3166/546 1335/3167/546 1336/3168/546 1322/3169/546 1321/3170/546 1337/3171/546 1338/3172/546 1339/3173/546 1340/3174/546 1341/3175/546 1342/3176/546 1343/3177/546 1344/3178/546 1345/3179/546 1346/3180/546 

v 68.1234 0.75 -32.75
v 68.0326 0.75 -32.6464
f 1326/3181/547 1325/3182/548 1347/3183/548 1348/3184/547 

v 68.1805 0.75 -32.8706
f 1325/3185/548 1346/3186/549 1349/3187/549 1347/3188/548 

v 68.2 0.75 -33
f 1346/3189/549 1345/3190/550 1350/3191/550 1349/3192/549 

v 68.1805 0.75 -33.1294
f 1345/3193/550 1344/3194/551 1351/3195/551 1350/3191/550 

v 68.1234 0.75 -33.25
f 1344/3196/551 1343/3197/552 1352/3198/552 1351/3199/551 

v 68.0326 0.75 -33.3536
f 1343/3200/552 1342/3201/553 1353/3202/553 1352/3203/552 

v 67.9143 0.75 -33.433
f 1342/3204/553 1341/3205/554 1354/3202/554 1353/3203/553 

v 67.7765 0.75 -33.483
f 1341/3206/554 1340/3207/555 1355/3198/555 1354/3199/554 

v 67.6286 0.75 -33.5
f 1340/3208/555 1339/3209/556 1356/3195/556 1355/3191/555 

v 67.4807 0.75 -33.483
f 1339/3210/556 1338/3211/557 1357/3191/557 1356/3192/556 

v 67.3429 0.75 -33.433
f 1338/3212/557 1337/3213/558 1358/3187/558 1357/3188/557 

f 1337/3214/558 1321/3215/544 1324/3183/544 1358/3184/558 

v 67.0766 0.75 -33.1294
v 67.0571 0.75 -33
v 67.0766 0.75 -32.8706
v 67.1337 0.75 -32.75
v 67.2245 0.75 -32.6464
v 67.3429 0.75 -32.567
v 67.4807 0.75 -32.517
v 67.6286 0.75 -32.5
v 67.7765 0.75 -32.517
v 67.9143 0.75 -32.567
f 1351/3216/559 1352/3217/559 1353/3218/559 1354/3219/559 1355/3220/559 1356/3221/559 1357/3222/559 1358/3223/559 1324/3224/559 1323/3225/559 1359/3226/559 1360/3227/559 1361/3228/559 1362/3229/559 1363/3230/559 1364/3231/559 1365/3232/559 1366/3233/559 1367/3234/559 1368/3235/559 1348/3236/559 1347/3237/559 1349/3238/559 1350/3239/559 

f 1322/3240/545 1336/3241/560 1359/3242/560 1323/3243/545 

f 1336/3244/560 1335/3245/561 1360/3246/561 1359/3247/560 

f 1335/3248/561 1334/3249/562 1361/3247/562 1360/3250/561 

f 1334/3251/562 1333/3252/563 1362/3253/563 1361/3254/562 

f 1333/3255/563 1332/3256/564 1363/3257/564 1362/3258/563 

f 1332/3259/564 1331/3260/565 1364/3257/565 1363/3258/564 

f 1331/3261/565 1330/3262/566 1365/3253/566 1364/3254/565 

f 1330/3263/566 1329/3264/567 1366/3247/567 1365/3250/566 

f 1329/3265/567 1328/3266/568 1367/3246/568 1366/3247/567 

f 1328/3267/568 1327/3268/569 1368/3242/569 1367/3243/568 

f 1327/3269/569 1326/3270/547 1348/3155/547 1368/3156/569 

g Mesh20 Group19 Group18 Group1 Model

usemtl _Color_M06_4
v 2.48571 5.75 -12.5
vt -1 -48.1333
vn -2.36478e-12 -1 2.57394e-11
v 69.9143 5.75 -12.5
vt -1 7.10435
v 69.9143 5.75 -11.5
vt 5.82077e-11 7.10435
v 2.48571 5.75 -11.5
vt 7.48059e-11 -48.1333
f 1369/3438/610 1370/3439/610 1371/3440/610 1372/3441/610 

v 2.48571 5.875 -12.5
vt -48.1333 0.125
vn -9.67727e-16 -2.57394e-11 -1
v 69.9143 5.875 -12.5
vt 7.10435 0.125
vt 7.10435 1.07324e-10
vt -48.1333 1.32536e-10
f 1373/3442/611 1374/3443/611 1370/3444/611 1369/3445/611 

vt 1 7.10435
vn 2.36478e-12 1 -2.57394e-11
vt 1 -48.1333
v 2.48571 5.875 -11.5
vt -7.48401e-11 -48.1333
v 69.9143 5.875 -11.5
vt -5.82419e-11 7.10435
f 1374/3446/612 1373/3447/612 1375/3448/612 1376/3449/612 

vt 4.87641e-11 0.125
vn -1 1.58699e-12 2.04995e-12
vt 1 0.125
vt 1 1.35508e-11
vt 4.55808e-11 6.4225e-11
f 1375/3450/613 1373/3451/613 1369/3452/613 1372/3453/613 

vt -7.10435 0.125
vn 1.50561e-12 2.57394e-11 1
vt 48.1333 0.125
vt 48.1333 1.5747e-10
vt -7.10435 8.23892e-11
f 1376/3454/614 1375/3455/614 1372/3456/614 1371/3457/614 

vt -1 0.125
vn 1 -1.58699e-12 -2.04995e-12
vt 7.27932e-11 0.125
vt 7.59764e-11 9.6152e-11
vt -1 9.53473e-11
f 1374/3458/615 1376/3459/615 1371/3460/615 1370/3461/615 

g Mesh21 Group20 Group18 Group1 Model

v 2.48571 5.75 -7
v 69.9143 5.75 -7
v 69.9143 5.75 -6
v 2.48571 5.75 -6
f 1377/3438/610 1378/3439/610 1379/3440/610 1380/3441/610 

v 2.48571 5.875 -7
v 69.9143 5.875 -7
f 1381/3442/611 1382/3443/611 1378/3444/611 1377/3445/611 

v 2.48571 5.875 -6
v 69.9143 5.875 -6
f 1382/3446/612 1381/3447/612 1383/3448/612 1384/3449/612 

f 1383/3450/613 1381/3451/613 1377/3452/613 1380/3453/613 

f 1384/3454/614 1383/3455/614 1380/3456/614 1379/3457/614 

f 1382/3458/615 1384/3459/615 1379/3460/615 1378/3461/615 

g Mesh22 Group21 Group18 Group1 Model

v 2.48571 5.75 -29
v 69.9143 5.75 -29
v 69.9143 5.75 -28
v 2.48571 5.75 -28
f 1385/3438/610 1386/3439/610 1387/3440/610 1388/3441/610 

v 2.48571 5.875 -29
v 69.9143 5.875 -29
f 1389/3442/611 1390/3443/611 1386/3444/611 1385/3445/611 

v 2.48571 5.875 -28
v 69.9143 5.875 -28
f 1390/3446/612 1389/3447/612 1391/3448/612 1392/3449/612 

f 1391/3450/613 1389/3451/613 1385/3452/613 1388/3453/613 

f 1392/3454/614 1391/3455/614 1388/3456/614 1387/3457/614 

f 1390/3458/615 1392/3459/615 1387/3460/615 1386/3461/615 

g Mesh23 Group22 Group18 Group1 Model

v 2.48571 5.75 -23.5
v 69.9143 5.75 -23.5
v 69.9143 5.75 -22.5
v 2.48571 5.75 -22.5
f 1393/3438/610 1394/3439/610 1395/3440/610 1396/3441/610 

v 2.48571 5.875 -23.5
v 69.9143 5.875 -23.5
f 1397/3442/611 1398/3443/611 1394/3444/611 1393/3445/611 

v 2.48571 5.875 -22.5
v 69.9143 5.875 -22.5
f 1398/3446/612 1397/3447/612 1399/3448/612 1400/3449/612 

f 1399/3450/613 1397/3451/613 1393/3452/613 1396/3453/613 

f 1400/3454/614 1399/3455/614 1396/3456/614 1395/3457/614 

f 1398/3458/615 1400/3459/615 1395/3460/615 1394/3461/615 

g Mesh24 Group23 Group18 Group1 Model

v 49.4411 5.75 -2
vt 0.75 1.5
vn -3.11724e-12 7.57912e-13 1
v 49.4411 4.25 -2
vt 0.75 1.77636e-15
v 50.2982 4.25 -2
vt 3.09228e-11 1.77636e-15
v 50.2982 5.75 -2
vt 4.54747e-13 1.5
f 1401/3462/616 1402/3463/616 1403/3464/616 1404/3465/616 

vt -30 2.27391e-11
vn -1 -3.68332e-34 -2.3864e-12
vt -30 1.5
v 49.4411 5.75 -32
vt -2.04636e-12 1.5
v 49.4411 4.25 -32
vt -2.04636e-12 0
f 1402/3466/617 1401/3467/617 1405/3468/617 1406/3469/617 

vt 30 0.75
vn -2.98563e-12 1 -7.57912e-13
vt 30 7.83906e-11
v 50.2982 5.75 -32
vt 2.04636e-12 -3.91864e-12
vt 1.13687e-12 0.75
f 1401/3470/618 1404/3471/618 1407/3472/618 1405/3473/618 

vt 30 1.5
vn 1 -1.76321e-11 2.3864e-12
vt 30 2.27391e-11
v 50.2982 4.25 -32
vt 3.18323e-12 -6.04798e-22
vt 9.09495e-13 1.5
f 1404/3474/619 1403/3475/619 1408/3476/619 1407/3477/619 

vt -30 1.12777e-10
vn -3.67558e-24 -1 7.57912e-13
vt -30 0.75
vt 0 0.75
vt -3.18323e-12 3.00133e-11
f 1403/3478/620 1402/3479/620 1406/3480/620 1408/3481/620 

vt -0.75 -1.55096e-24
vn 3.11724e-12 -7.57912e-13 -1
vt -0.75 1.5
vt 2.48154e-24 1.5
vt -3.00133e-11 -2.41261e-24
f 1406/3482/621 1405/3483/621 1407/3484/621 1408/3485/621 

g Mesh25 Group24 Group18 Group1 Model

v 2.48571 5.75 -18
v 69.9143 5.75 -18
v 69.9143 5.75 -17
v 2.48571 5.75 -17
f 1409/3438/610 1410/3439/610 1411/3440/610 1412/3441/610 

v 2.48571 5.875 -18
vn -9.73325e-16 -2.57394e-11 -1
v 69.9143 5.875 -18
f 1413/3442/622 1414/3443/622 1410/3444/622 1409/3445/622 

v 2.48571 5.875 -17
v 69.9143 5.875 -17
f 1414/3446/612 1413/3447/612 1415/3448/612 1416/3449/612 

f 1415/3450/613 1413/3451/613 1409/3452/613 1412/3453/613 

f 1416/3454/614 1415/3455/614 1412/3456/614 1411/3457/614 

f 1414/3458/615 1416/3459/615 1411/3460/615 1410/3461/615 

g Mesh26 Group25 Group18 Group1 Model

v 23.1554 5.75 -2
v 23.1554 4.25 -2
v 24.0125 4.25 -2
v 24.0125 5.75 -2
f 1417/3462/616 1418/3463/616 1419/3464/616 1420/3465/616 

v 23.1554 5.75 -32
v 23.1554 4.25 -32
f 1418/3466/617 1417/3467/617 1421/3468/617 1422/3469/617 

v 24.0125 5.75 -32
f 1417/3470/618 1420/3471/618 1423/3472/618 1421/3473/618 

v 24.0125 4.25 -32
f 1420/3474/619 1419/3475/619 1424/3476/619 1423/3477/619 

f 1419/3478/620 1418/3479/620 1422/3480/620 1424/3481/620 

f 1422/3482/621 1421/3483/621 1423/3484/621 1424/3485/621 

g Mesh27 Group26 Group1 Model

v 2.2 19.25 -32
vn -1 -3.68332e-34 1.01064e-15
v 2.2 19.25 -33
vt 4.62429e-13 2
v 2.2 17.25 -33
vt 4.62429e-13 0
v 2.2 17.25 -32
f 1425/29/623 1426/3486/623 1427/3487/623 1428/30/623 

v 70.2 19.25 -32
vt 1 32.75
vn -3.68332e-34 1 -1.10022e-33
v 70.2 19.25 -33
vt -2.27374e-13 32.75
vt -4.54747e-13 92.25
vt 1 92.25
f 1429/3488/624 1430/3489/624 1426/3490/624 1425/3491/624 

vt -2.30101e-13 2
vn 1 3.68332e-34 -1.01064e-15
v 70.2 17.25 -32
v 70.2 17.25 -33
vt -2.30101e-13 0
f 1430/3492/625 1429/3/625 1431/13/625 1432/3493/625 

vt 32.75 -1.30626e-10
vn 1.01064e-15 1.30626e-10 1
vt 32.75 2
vt 92.25 2
vt 92.25 -1.30626e-10
f 1431/3494/626 1429/3495/626 1425/3496/626 1428/3497/626 

vt 2.27374e-13 32.75
vn 3.68332e-34 -1 1.10022e-33
vt -1 32.75
vt -1 92.25
vt 4.54747e-13 92.25
f 1432/3498/627 1431/3499/627 1428/3500/627 1427/3501/627 

vt -32.75 2
vn -1.01064e-15 -1.10022e-33 -1
vt -32.75 0
vt -92.25 0
vt -92.25 2
f 1430/3502/628 1432/3503/628 1427/3504/628 1426/3505/628 

