# Alias OBJ Model File
# Exported from SketchUp, (c) 2000-2012 Trimble Navigation Limited
# File units = inches

mtllib BRAVO corner sofa 72.mtl

g Mesh1 Group2 Group1 Model

usemtl _Color_M06_4
v 70.0625 17.25 -32.1625
vt -8.4583e-11 2.07847e-34
vn 2.2177e-12 -1.10845e-12 -1
v 70.0625 19.25 -32.1625
vt -8.4583e-11 2
v 71.0625 19.25 -32.1625
vt -1 2
v 71.0625 17.25 -32.1625
vt -1 -1.5752e-24
f 1/1/1 2/2/1 3/3/1 4/4/1 

v 70.0625 17.25 -2.1625
vt 30 3.32463e-11
vn -1 1.10022e-33 -2.2177e-12
v 70.0625 19.25 -2.1625
vt 30 2
vt -1.87512e-22 2
vt -1.87512e-22 2.8937e-59
f 5/5/2 6/6/2 2/7/2 1/8/2 

vt 8.43556e-11 2
vn -2.2177e-12 1.10845e-12 1
vt 8.43556e-11 -7.10543e-15
v 71.0625 17.25 -2.1625
vt 1 -7.10543e-15
v 71.0625 19.25 -2.1625
vt 1 2
f 6/9/3 5/10/3 7/11/3 8/12/3 

vt -30 1
vn -4.91551e-24 -1 1.10845e-12
vt -30 1.78488e-11
vt 0 8.4583e-11
vt -3.63798e-12 1
f 7/13/4 5/14/4 1/15/4 4/16/4 

vt -30 2
vn 1 4.91462e-24 2.2177e-12
vt -30 3.32463e-11
vt -1.42109e-12 -4.91462e-24
vt 2.21689e-12 2
f 8/17/5 7/18/5 4/19/5 3/20/5 

vt 30 1.78488e-11
vn 8.92203e-28 1 -1.10845e-12
vt 30 1
vt 2.21689e-12 1
vt 2.21689e-12 8.4583e-11
f 6/21/6 8/22/6 3/23/6 2/24/6 

g Mesh2 Group3 Group1 Model

usemtl _Color_M06_5
v 68.4161 0.75 -32.8089
vt 0.157559 0.75
vn 0.707107 -5.20651e-12 0.707107
v 68.3125 0.75 -32.7295
vt 0.0270329 0.75
vn 0.5 -4.17969e-12 0.866025
v 68.3125 9.83222e-11 -32.7295
vt 0.0270329 6.65006e-12
v 68.4161 9.78089e-11 -32.8089
vt 0.157559 6.13669e-12
f 9/25/7 10/26/8 11/27/8 12/28/7 

v 68.0625 0.75 -33.6625
vt 2.48515e-15 0.5
vn 6.00219e-12 1 1.36093e-12
v 67.9331 0.75 -33.6455
vt 0.0170371 0.37059
v 67.8125 0.75 -33.5955
vt 0.0669873 0.25
v 67.7089 0.75 -33.5161
vt 0.146447 0.146447
v 67.6295 0.75 -33.4125
vt 0.25 0.0669873
v 67.5795 0.75 -33.2919
vt 0.37059 0.0170371
v 67.5625 0.75 -33.1625
vt 0.5 4.58347e-14
v 67.5795 0.75 -33.0331
vt 0.62941 0.0170371
v 67.6295 0.75 -32.9125
vt 0.75 0.0669873
v 67.7089 0.75 -32.8089
vt 0.853553 0.146447
v 67.8125 0.75 -32.7295
vt 0.933013 0.25
v 67.9331 0.75 -32.6795
vt 0.982963 0.37059
v 68.0625 0.75 -32.6625
vt 1 0.5
v 68.1919 0.75 -32.6795
vt 0.982963 0.62941
vt 0.933013 0.75
vt 0.853553 0.853553
v 68.4955 0.75 -32.9125
vt 0.75 0.933013
v 68.5455 0.75 -33.0331
vt 0.62941 0.982963
v 68.5625 0.75 -33.1625
vt 0.5 1
v 68.5455 0.75 -33.2919
vt 0.37059 0.982963
v 68.4955 0.75 -33.4125
vt 0.25 0.933013
v 68.4161 0.75 -33.5161
vt 0.146447 0.853553
v 68.3125 0.75 -33.5955
vt 0.0669873 0.75
v 68.1919 0.75 -33.6455
vt 0.0170371 0.62941
f 13/29/9 14/30/9 15/31/9 16/32/9 17/33/9 18/34/9 19/35/9 20/36/9 21/37/9 22/38/9 23/39/9 24/40/9 25/41/9 26/42/9 10/43/9 9/44/9 27/45/9 28/46/9 29/47/9 30/48/9 31/49/9 32/50/9 33/51/9 34/52/9 

vt -0.365196 0.75
vn -0.258819 2.86804e-12 -0.965926
vt -0.495722 0.75
vn 8.04912e-16 1.36093e-12 -1
v 68.0625 1.01092e-10 -33.6625
vt -0.495722 3.89441e-12
v 67.9331 1.01846e-10 -33.6455
vt -0.365196 4.64803e-12
f 14/53/10 13/54/11 35/55/11 36/56/10 

vt -0.626249 0.75
vn 0.258819 -2.38924e-13 -0.965926
v 68.1919 1.00293e-10 -33.6455
vt -0.626249 2.91849e-12
vt -0.495722 3.71829e-12
f 13/54/11 34/57/12 37/58/12 35/59/11 

vt -0.588018 0.75
vt -0.718545 0.75
vn 0.5 -1.82249e-12 -0.866025
v 68.3125 9.95009e-11 -33.5955
vt -0.718545 2.39764e-12
vt -0.588018 3.18945e-12
f 34/60/12 33/61/13 38/62/13 37/63/12 

vt -0.635794 0.75
vt -0.76632 0.75
vn 0.707107 -3.28186e-12 -0.707107
v 68.4161 9.87712e-11 -33.5161
vt -0.76632 2.47247e-12
vt -0.635794 3.2021e-12
f 33/64/13 32/65/14 39/66/14 38/67/13 

vn 0.866025 -4.51758e-12 -0.5
v 68.4955 9.81535e-11 -33.4125
vt -0.76632 3.12913e-12
vt -0.635794 3.74686e-12
f 32/64/14 31/65/15 40/68/15 39/69/14 

vn 0.965926 -5.44543e-12 -0.258819
v 68.5455 9.76894e-11 -33.2919
vt -0.718545 4.20253e-12
vt -0.588018 4.66661e-12
f 31/60/15 30/61/16 41/70/16 40/71/15 

vn 1 -6.00219e-12 8.04912e-16
v 68.5625 9.7411e-11 -33.1625
vt -0.626249 5.42075e-12
vt -0.495722 5.69919e-12
f 30/54/16 29/57/17 42/72/17 41/73/16 

vn 0.965926 -6.1499e-12 0.258819
v 68.5455 9.73372e-11 -33.0331
vt -0.495722 6.47601e-12
vt -0.365196 6.54972e-12
f 29/53/17 28/54/18 43/74/18 42/75/17 

vt -0.205335 0.75
vt -0.335861 0.75
vn 0.866025 -5.87851e-12 0.5
v 68.4955 9.74727e-11 -32.9125
vt -0.335861 7.10542e-12
vt -0.205335 6.96997e-12
f 28/76/18 27/77/19 44/78/19 43/79/18 

vt -0.0270329 0.75
vt -0.157559 0.75
vt -0.157559 7.16202e-12
vt -0.0270329 6.82585e-12
f 27/80/19 9/81/7 12/82/7 44/83/19 

vt -0.0170371 0.37059
vn -6.00219e-12 -1 -1.36093e-12
vt 5.11058e-24 0.5
vt -0.0170371 0.62941
vt -0.0669873 0.75
vt -0.146447 0.853553
vt -0.25 0.933013
vt -0.37059 0.982963
vt -0.5 1
vt -0.62941 0.982963
vt -0.75 0.933013
vt -0.853553 0.853553
vt -0.933013 0.75
v 68.1919 9.89782e-11 -32.6795
vt -0.982963 0.62941
v 68.0625 9.97318e-11 -32.6625
vt -1 0.5
v 67.9331 1.00532e-10 -32.6795
vt -0.982963 0.37059
v 67.8125 1.01323e-10 -32.7295
vt -0.933013 0.25
v 67.7089 1.02053e-10 -32.8089
vt -0.853553 0.146447
v 67.6295 1.02671e-10 -32.9125
vt -0.75 0.0669873
v 67.5795 1.03135e-10 -33.0331
vt -0.62941 0.0170371
v 67.5625 1.03413e-10 -33.1625
vt -0.5 -4.05537e-23
v 67.5795 1.03487e-10 -33.2919
vt -0.37059 0.0170371
v 67.6295 1.03352e-10 -33.4125
vt -0.25 0.0669873
v 67.7089 1.03015e-10 -33.5161
vt -0.146447 0.146447
v 67.8125 1.02502e-10 -33.5955
vt -0.0669873 0.25
f 36/84/20 35/85/20 37/86/20 38/87/20 39/88/20 40/89/20 41/90/20 42/91/20 43/92/20 44/93/20 12/94/20 11/95/20 45/96/20 46/97/20 47/98/20 48/99/20 49/100/20 50/101/20 51/102/20 52/103/20 53/104/20 54/105/20 55/106/20 56/107/20 

vt 0.335861 0.75
vt 0.205335 0.75
vn 0.258819 -2.86804e-12 0.965926
vt 0.205335 5.72478e-12
vt 0.335861 5.06886e-12
f 10/108/8 26/109/21 45/110/21 11/111/8 

vt 0.495722 0.75
vt 0.365196 0.75
vn -8.04912e-16 -1.36093e-12 1
vt 0.365196 4.6482e-12
vt 0.495722 3.89458e-12
f 26/112/21 25/113/22 46/114/22 45/115/21 

vt 0.626249 0.75
vn -0.258819 2.38924e-13 0.965926
vt 0.495722 3.71841e-12
vt 0.626249 2.9186e-12
f 25/116/22 24/112/23 47/117/23 46/118/22 

vt 0.718545 0.75
vt 0.588018 0.75
vn -0.5 1.82249e-12 0.866025
vt 0.588018 3.18948e-12
vt 0.718545 2.39766e-12
f 24/119/23 23/120/24 48/121/24 47/122/23 

vt 0.76632 0.75
vt 0.635794 0.75
vn -0.707107 3.28186e-12 0.707107
vt 0.635794 3.20211e-12
vt 0.76632 2.47247e-12
f 23/123/24 22/124/25 49/125/25 48/126/24 

vn -0.866025 4.51758e-12 0.5
vt 0.635794 3.74668e-12
vt 0.76632 3.12896e-12
f 22/123/25 21/124/26 50/127/26 49/128/25 

vn -0.965926 5.44543e-12 0.258819
vt 0.588018 4.66645e-12
vt 0.718545 4.20238e-12
f 21/119/26 20/120/27 51/129/27 50/130/26 

vn -1 6.00219e-12 -8.04912e-16
vt 0.495722 5.69925e-12
vt 0.626249 5.42081e-12
f 20/116/27 19/112/28 52/131/28 51/132/27 

vn -0.965926 6.1499e-12 -0.258819
vt 0.365196 6.54971e-12
vt 0.495722 6.47599e-12
f 19/112/28 18/113/29 53/133/29 52/134/28 

vn -0.866025 5.87851e-12 -0.5
vt 0.205335 6.97007e-12
vt 0.335861 7.10552e-12
f 18/108/29 17/109/30 54/135/30 53/136/29 

vn -0.707107 5.20651e-12 -0.707107
vt 0.0270329 6.82602e-12
vt 0.157559 7.16219e-12
f 17/25/30 16/26/31 55/137/31 54/138/30 

vn -0.5 4.17969e-12 -0.866025
vt -0.157559 6.13673e-12
vt -0.0270329 6.6501e-12
f 16/80/31 15/81/32 56/139/32 55/140/31 

vt -0.335861 5.06885e-12
vt -0.205335 5.72477e-12
f 15/76/32 14/77/10 36/141/10 56/142/32 

g Mesh3 Group4 Group1 Model

usemtl _Color_M06_4
v 70.0625 17.25 -33.1625
vt -1 30
vn -1.34861e-11 -1 6.4048e-22
v 70.0625 17.25 -32.1625
vt -2 30
v 2.0625 17.25 -32.1625
vt -2 -38
v 2.0625 17.25 -33.1625
vt -1 -38
f 57/143/33 58/144/33 59/145/33 60/146/33 

vt -2 4.04583e-10
vn 1 -1.34861e-11 -3.40058e-11
vt -1 4.04583e-10
v 70.0625 19.25 -33.1625
v 70.0625 19.25 -32.1625
vt -2 2
f 58/147/34 57/148/34 61/3/34 62/149/34 

vn -3.40058e-11 9.17232e-22 -1
vt -30 9.17232e-22
vt 38 9.17055e-10
v 2.0625 19.25 -33.1625
vt 38 2
f 61/17/35 57/150/35 60/151/35 63/152/35 

vt 1 4.04583e-10
vn -1 1.34861e-11 3.40058e-11
vt 2 4.04583e-10
v 2.0625 19.25 -32.1625
vt 2 2
f 60/153/36 59/154/36 64/155/36 63/12/36 

vt 30 0
vn 3.40058e-11 -3.68332e-34 1
vt -38 2
vt -38 9.17055e-10
f 58/156/37 62/6/37 64/157/37 59/158/37 

vt 2 30
vn 1.34861e-11 1 -2.7673e-22
vt 1 30
vt 1 -38
vt 2 -38
f 62/159/38 61/160/38 63/161/38 64/162/38 

g Mesh4 Group6 Group5 Group1 Model

v 70.0625 24.75 -34.1625
vt -2 19
vn 1 8.22876e-13 -6.26249e-13
v 70.0625 26.75 -34.1625
vt -2 21
v 70.0625 26.75 -32.1625
vt -7.328e-11 21
v 70.0625 24.75 -32.1625
vt -6.88694e-12 19
f 65/163/39 66/164/39 67/165/39 68/166/39 

v 2.0625 24.75 -34.1625
vt -36 19
vn -7.96345e-13 5.20928e-12 -1
v 2.0625 5.75 -34.1625
vt -36 -1.28436e-09
v 0.0625 5.75 -34.1625
vt -38 -1.28601e-09
v 0.0625 26.75 -34.1625
vt -38 21
vt 32 21
vt 32 19
f 69/167/40 70/168/40 71/169/40 72/170/40 66/171/40 65/172/40 

vt -2 -1.24422e-09
vn 1 8.25725e-13 -6.82121e-13
v 2.0625 24.75 -32.1625
vt -5.10644e-11 19
v 2.0625 5.75 -32.1625
vt -1.17344e-10 -1.2512e-09
f 70/173/41 69/163/41 73/174/41 74/175/41 

vt -9.27756e-11 -36
vn 1.92239e-11 -1 -3.48876e-12
vt -2 -36
vt -2 32
vt -9.32303e-11 32
f 73/176/42 69/177/42 65/178/42 68/179/42 

vt 36 19
vn 7.96345e-13 -5.20928e-12 1
vt -32 19
vt -32 21
v 0.0625 26.75 -32.1625
vt 38 21
v 0.0625 5.75 -32.1625
vt 38 -1.28257e-09
vt 36 -1.28092e-09
f 73/180/43 68/181/43 67/182/43 75/183/43 76/184/43 74/185/43 

vt 2 32
vn -1.86982e-11 1 3.48876e-12
vt 5.48468e-11 -38
vt 1.66601e-10 32
f 66/186/44 72/162/44 75/187/44 67/188/44 

vt 2 21
vn -1 -8.22876e-13 6.82121e-13
vt 2 -1.24432e-09
vt 1.54066e-10 -1.2513e-09
vt 7.52337e-12 21
f 72/189/45 71/190/45 76/191/45 75/192/45 

vt -9.27685e-11 -36
vn 8.22453e-13 -1 -3.48876e-12
vt -1.28125e-10 -38
f 74/193/46 76/194/46 71/145/46 70/177/46 

g Mesh5 Group7 Group1 Model

v 5.0625 3.75 -34.1625
vt -5.00222e-12 3
vn 1 -1.949e-10 -2.50031e-12
v 5.0625 3.75 -0.1625
vt -34 3
v 5.0625 0.75 -0.1625
vt -34 1.2145e-09
v 5.0625 0.75 -34.1625
vt -4.3201e-11 3.89801e-10
f 77/195/47 78/196/47 79/197/47 80/198/47 

v 3.0625 3.75 -34.1625
vt 4.32334e-11 1.04139e-13
vn 1.949e-10 1 -1.27437e-11
v 3.0625 3.75 -0.1625
vt 34 8.49145e-11
vt 34 2
vt 3.82312e-11 2
f 81/199/48 82/200/48 78/201/48 77/202/48 

vt 34 3
vn -1 1.949e-10 2.50031e-12
vt 5.00222e-12 3
v 3.0625 0.75 -34.1625
vt 4.3201e-11 7.8121e-10
v 3.0625 0.75 -0.1625
vt 34 8.23087e-10
f 82/203/49 81/204/49 83/205/49 84/206/49 

vt -5.84805e-10 3
vn -2.50031e-12 -1.27437e-11 -1
vt -2 3
vt -2 -5.50542e-22
vt 1.0805e-22 7.8121e-10
f 81/207/50 77/208/50 80/209/50 83/210/50 

vt -34 8.50378e-11
vn -1.949e-10 -1 1.27437e-11
vt -4.3201e-11 -1.52258e-19
vt -3.81988e-11 2
vt -34 2
f 84/211/51 83/212/51 80/213/51 79/214/51 

vt 2 3
vn 2.50031e-12 1.27437e-11 1
vt 5.84578e-10 3
vt -2.67745e-21 3.89801e-10
vt 2 3.9141e-10
f 78/215/52 82/216/52 84/217/52 79/218/52 

g Mesh6 Group8 Group1 Model

v 72.0625 5.75 -34.1625
vt -8.86757e-12 2
vn -8.53184e-12 -1 4.44089e-16
v 72.0625 5.75 -32.1625
v 70.0625 5.75 -32.1625
vt -2 2.7137e-10
v 70.0625 5.75 -34.1625
vt -7.57779e-27 3.73802e-10
f 85/219/53 86/149/53 87/220/53 88/221/53 

v 72.0625 5.75 -0.1625
vt -34 -4.35295e-11
vn 1 -8.53104e-12 -9.05021e-12
v 72.0625 5.75 -2.1625
vt -32 -4.35277e-11
v 72.0625 24.75 -2.1625
v 72.0625 24.75 -32.1625
vt -2 1.70639e-11
vt -2.69696e-11 1.70621e-11
v 72.0625 26.75 -34.1625
vt -2.69696e-11 21
v 72.0625 26.75 -0.1625
vt -34 21
f 89/222/54 90/223/54 91/181/54 92/163/54 86/224/54 85/225/54 93/226/54 94/227/54 

v 70.0625 5.75 -0.1625
vt -34 4.69299e-10
vn -8.53184e-12 -1 -8.88179e-16
v 70.0625 5.75 -2.1625
vt -32 5.71617e-10
vt -32 2
f 95/228/55 96/229/55 90/230/55 89/214/55 

vt 3.38329e-21 1.70637e-11
vn -1 8.53104e-12 9.05021e-12
vt 2 1.70655e-11
v 70.0625 24.75 -32.1625
vt 2 19
v 70.0625 24.75 -2.1625
vt 32 -4.35261e-11
vt 34 -4.35278e-11
v 70.0625 26.75 -0.1625
vt 34 21
v 70.0625 26.75 -34.1625
vt 3.31332e-21 21
f 88/231/56 87/232/56 97/233/56 98/172/56 96/234/56 95/235/56 99/236/56 100/237/56 

vt 4.42355e-10 19
vn -4.43459e-12 3.7818e-23 1
vt 2.80238e-10 1.70655e-11
vt 2 1.77636e-15
f 97/238/57 87/239/57 86/240/57 92/233/57 

vt -32 5.71516e-10
vn -8.53184e-12 -1 -2.01995e-12
vt -2 2.71383e-10
f 98/241/58 97/242/58 92/149/58 91/230/58 

vt -7.13473e-10 -4.35261e-11
vn 4.43379e-12 -3.78047e-23 -1
vt -8.75477e-10 19
vt -2 -6.05898e-11
f 96/243/59 98/244/59 91/163/59 90/245/59 

vt 9.86092e-10 21
vn -4.43379e-12 7.72897e-23 1
vt 6.20021e-10 -4.35278e-11
vt 2 -6.05915e-11
f 99/246/60 95/247/60 89/248/60 94/189/60 

vt -3.74286e-11 1.86903e-10
vn 8.53184e-12 1 1.78231e-12
vt 34 6.56202e-10
vt -2.8561e-11 2
f 100/249/61 99/250/61 94/201/61 93/251/61 

vt -3.73802e-10 1.70637e-11
vn 4.45083e-12 1.63818e-24 -1
vt -3.66072e-10 21
vt -2 -5.32114e-38
f 88/252/62 100/253/62 93/164/62 85/254/62 

g Mesh7 Group9 Group1 Model

usemtl _Color_M06_5
v 4.41605 0.75 -32.8089
v 4.3125 0.75 -32.7295
v 4.3125 9.8499e-13 -32.7295
v 4.41605 4.71623e-13 -32.8089
f 101/25/7 102/26/8 103/27/8 104/28/7 

v 4.0625 0.75 -33.6625
v 3.93309 0.75 -33.6455
v 3.8125 0.75 -33.5955
v 3.70895 0.75 -33.5161
v 3.62949 0.75 -33.4125
v 3.57954 0.75 -33.2919
v 3.5625 0.75 -33.1625
v 3.57954 0.75 -33.0331
v 3.62949 0.75 -32.9125
v 3.70895 0.75 -32.8089
v 3.8125 0.75 -32.7295
v 3.93309 0.75 -32.6795
v 4.0625 0.75 -32.6625
v 4.19191 0.75 -32.6795
v 4.49551 0.75 -32.9125
v 4.54546 0.75 -33.0331
v 4.5625 0.75 -33.1625
v 4.54546 0.75 -33.2919
v 4.49551 0.75 -33.4125
v 4.41605 0.75 -33.5161
v 4.3125 0.75 -33.5955
v 4.19191 0.75 -33.6455
f 105/29/9 106/30/9 107/31/9 108/32/9 109/33/9 110/34/9 111/35/9 112/36/9 113/37/9 114/38/9 115/39/9 116/40/9 117/41/9 118/42/9 102/43/9 101/44/9 119/45/9 120/46/9 121/47/9 122/48/9 123/49/9 124/50/9 125/51/9 126/52/9 

v 4.0625 3.75522e-12 -33.6625
v 3.93309 4.50884e-12 -33.6455
f 106/53/10 105/54/11 127/55/11 128/56/10 

v 4.19191 2.95541e-12 -33.6455
f 105/54/11 126/57/12 129/58/12 127/59/11 

v 4.3125 2.1636e-12 -33.5955
f 126/60/12 125/61/13 130/62/13 129/63/12 

v 4.41605 1.43396e-12 -33.5161
f 125/64/13 124/65/14 131/66/14 130/67/13 

v 4.49551 8.16236e-13 -33.4125
f 124/64/14 123/65/15 132/68/15 131/69/14 

v 4.54546 3.52163e-13 -33.2919
f 123/60/15 122/61/16 133/70/16 132/71/15 

v 4.5625 7.37188e-14 -33.1625
f 122/54/16 121/57/17 134/72/17 133/73/16 

v 4.54546 -1.3133e-33 -33.0331
f 121/53/17 120/54/18 135/74/18 134/75/17 

v 4.49551 1.35447e-13 -32.9125
f 120/76/18 119/77/19 136/78/19 135/79/18 

f 119/80/19 101/81/7 104/82/7 136/83/19 

v 4.19191 1.64091e-12 -32.6795
v 4.0625 2.39453e-12 -32.6625
v 3.93309 3.19433e-12 -32.6795
v 3.8125 3.98614e-12 -32.7295
v 3.70895 4.71578e-12 -32.8089
v 3.62949 5.33351e-12 -32.9125
v 3.57954 5.79758e-12 -33.0331
v 3.5625 6.07603e-12 -33.1625
v 3.57954 6.14975e-12 -33.2919
v 3.62949 6.0143e-12 -33.4125
v 3.70895 5.67812e-12 -33.5161
v 3.8125 5.16476e-12 -33.5955
f 128/84/20 127/85/20 129/86/20 130/87/20 131/88/20 132/89/20 133/90/20 134/91/20 135/92/20 136/93/20 104/94/20 103/95/20 137/96/20 138/97/20 139/98/20 140/99/20 141/100/20 142/101/20 143/102/20 144/103/20 145/104/20 146/105/20 147/106/20 148/107/20 

f 102/108/8 118/109/21 137/110/21 103/111/8 

f 118/112/21 117/113/22 138/114/22 137/115/21 

f 117/116/22 116/112/23 139/117/23 138/118/22 

f 116/119/23 115/120/24 140/121/24 139/122/23 

f 115/123/24 114/124/25 141/125/25 140/126/24 

f 114/123/25 113/124/26 142/127/26 141/128/25 

f 113/119/26 112/120/27 143/129/27 142/130/26 

f 112/116/27 111/112/28 144/131/28 143/132/27 

f 111/112/28 110/113/29 145/133/29 144/134/28 

f 110/108/29 109/109/30 146/135/30 145/136/29 

f 109/25/30 108/26/31 147/137/31 146/138/30 

f 108/80/31 107/81/32 148/139/32 147/140/31 

f 107/76/32 106/77/10 128/141/10 148/142/32 

g Mesh8 Group10 Group1 Model

v 4.41605 0.75 -0.808947
v 4.3125 0.75 -0.729487
v 4.3125 1.29238e-10 -0.729487
v 4.41605 1.28725e-10 -0.808947
f 149/25/7 150/26/8 151/27/8 152/28/7 

v 4.0625 0.75 -1.6625
v 3.93309 0.75 -1.64546
v 3.8125 0.75 -1.59551
v 3.70895 0.75 -1.51605
v 3.62949 0.75 -1.4125
v 3.57954 0.75 -1.29191
v 3.5625 0.75 -1.1625
v 3.57954 0.75 -1.03309
v 3.62949 0.75 -0.9125
v 3.70895 0.75 -0.808947
v 3.8125 0.75 -0.729487
v 3.93309 0.75 -0.679537
v 4.0625 0.75 -0.6625
v 4.19191 0.75 -0.679537
v 4.49551 0.75 -0.9125
v 4.54546 0.75 -1.03309
v 4.5625 0.75 -1.1625
v 4.54546 0.75 -1.29191
v 4.49551 0.75 -1.4125
v 4.41605 0.75 -1.51605
v 4.3125 0.75 -1.59551
v 4.19191 0.75 -1.64546
f 153/29/9 154/30/9 155/31/9 156/32/9 157/33/9 158/34/9 159/35/9 160/36/9 161/37/9 162/38/9 163/39/9 164/40/9 165/41/9 166/42/9 150/43/9 149/44/9 167/45/9 168/46/9 169/47/9 170/48/9 171/49/9 172/50/9 173/51/9 174/52/9 

v 4.0625 1.32008e-10 -1.6625
v 3.93309 1.32762e-10 -1.64546
f 154/53/10 153/54/11 175/55/11 176/56/10 

v 4.19191 1.31208e-10 -1.64546
f 153/54/11 174/57/12 177/58/12 175/59/11 

v 4.3125 1.30417e-10 -1.59551
f 174/60/12 173/61/13 178/62/13 177/63/12 

v 4.41605 1.29687e-10 -1.51605
f 173/64/13 172/65/14 179/66/14 178/67/13 

v 4.49551 1.29069e-10 -1.4125
f 172/64/14 171/65/15 180/68/15 179/69/14 

v 4.54546 1.28605e-10 -1.29191
f 171/60/15 170/61/16 181/70/16 180/71/15 

v 4.5625 1.28327e-10 -1.1625
f 170/54/16 169/57/17 182/72/17 181/73/16 

v 4.54546 1.28253e-10 -1.03309
f 169/53/17 168/54/18 183/74/18 182/75/17 

v 4.49551 1.28388e-10 -0.9125
f 168/76/18 167/77/19 184/78/19 183/79/18 

f 167/80/19 149/81/7 152/82/7 184/83/19 

v 4.19191 1.29894e-10 -0.679537
v 4.0625 1.30647e-10 -0.6625
v 3.93309 1.31447e-10 -0.679537
v 3.8125 1.32239e-10 -0.729487
v 3.70895 1.32969e-10 -0.808947
v 3.62949 1.33586e-10 -0.9125
v 3.57954 1.34051e-10 -1.03309
v 3.5625 1.34329e-10 -1.1625
v 3.57954 1.34403e-10 -1.29191
v 3.62949 1.34267e-10 -1.4125
v 3.70895 1.33931e-10 -1.51605
v 3.8125 1.33418e-10 -1.59551
f 176/84/20 175/85/20 177/86/20 178/87/20 179/88/20 180/89/20 181/90/20 182/91/20 183/92/20 184/93/20 152/94/20 151/95/20 185/96/20 186/97/20 187/98/20 188/99/20 189/100/20 190/101/20 191/102/20 192/103/20 193/104/20 194/105/20 195/106/20 196/107/20 

f 150/108/8 166/109/21 185/110/21 151/111/8 

f 166/112/21 165/113/22 186/114/22 185/115/21 

f 165/116/22 164/112/23 187/117/23 186/118/22 

f 164/119/23 163/120/24 188/121/24 187/122/23 

f 163/123/24 162/124/25 189/125/25 188/126/24 

f 162/123/25 161/124/26 190/127/26 189/128/25 

f 161/119/26 160/120/27 191/129/27 190/130/26 

f 160/116/27 159/112/28 192/131/28 191/132/27 

f 159/112/28 158/113/29 193/133/29 192/134/28 

f 158/108/29 157/109/30 194/135/30 193/136/29 

f 157/25/30 156/26/31 195/137/31 194/138/30 

f 156/80/31 155/81/32 196/139/32 195/140/31 

f 155/76/32 154/77/10 176/141/10 196/142/32 

g Mesh9 Group11 Group1 Model

v 68.4161 0.75 -0.808947
v 68.3125 0.75 -0.729487
v 68.3125 2.94546e-10 -0.729487
v 68.4161 2.94032e-10 -0.808947
f 197/25/7 198/26/8 199/27/8 200/28/7 

v 68.0625 0.75 -1.6625
v 67.9331 0.75 -1.64546
v 67.8125 0.75 -1.59551
v 67.7089 0.75 -1.51605
v 67.6295 0.75 -1.4125
v 67.5795 0.75 -1.29191
v 67.5625 0.75 -1.1625
v 67.5795 0.75 -1.03309
v 67.6295 0.75 -0.9125
v 67.7089 0.75 -0.808947
v 67.8125 0.75 -0.729487
v 67.9331 0.75 -0.679537
v 68.0625 0.75 -0.6625
v 68.1919 0.75 -0.679537
v 68.4955 0.75 -0.9125
v 68.5455 0.75 -1.03309
v 68.5625 0.75 -1.1625
v 68.5455 0.75 -1.29191
v 68.4955 0.75 -1.4125
v 68.4161 0.75 -1.51605
v 68.3125 0.75 -1.59551
v 68.1919 0.75 -1.64546
f 201/29/9 202/30/9 203/31/9 204/32/9 205/33/9 206/34/9 207/35/9 208/36/9 209/37/9 210/38/9 211/39/9 212/40/9 213/41/9 214/42/9 198/43/9 197/44/9 215/45/9 216/46/9 217/47/9 218/48/9 219/49/9 220/50/9 221/51/9 222/52/9 

v 68.0625 2.97316e-10 -1.6625
v 67.9331 2.9807e-10 -1.64546
f 202/53/10 201/54/11 223/55/11 224/56/10 

v 68.1919 2.96516e-10 -1.64546
f 201/54/11 222/57/12 225/58/12 223/59/11 

v 68.3125 2.95724e-10 -1.59551
f 222/60/12 221/61/13 226/62/13 225/63/12 

v 68.4161 2.94995e-10 -1.51605
f 221/64/13 220/65/14 227/66/14 226/67/13 

v 68.4955 2.94377e-10 -1.4125
f 220/64/14 219/65/15 228/68/15 227/69/14 

v 68.5455 2.93913e-10 -1.29191
f 219/60/15 218/61/16 229/70/16 228/71/15 

v 68.5625 2.93634e-10 -1.1625
f 218/54/16 217/57/17 230/72/17 229/73/16 

v 68.5455 2.93561e-10 -1.03309
f 217/53/17 216/54/18 231/74/18 230/75/17 

v 68.4955 2.93696e-10 -0.9125
f 216/76/18 215/77/19 232/78/19 231/79/18 

f 215/80/19 197/81/7 200/82/7 232/83/19 

v 68.1919 2.95202e-10 -0.679537
v 68.0625 2.95955e-10 -0.6625
v 67.9331 2.96755e-10 -0.679537
v 67.8125 2.97547e-10 -0.729487
v 67.7089 2.98277e-10 -0.808947
v 67.6295 2.98894e-10 -0.9125
v 67.5795 2.99358e-10 -1.03309
v 67.5625 2.99637e-10 -1.1625
v 67.5795 2.9971e-10 -1.29191
v 67.6295 2.99575e-10 -1.4125
v 67.7089 2.99239e-10 -1.51605
v 67.8125 2.98725e-10 -1.59551
f 224/84/20 223/85/20 225/86/20 226/87/20 227/88/20 228/89/20 229/90/20 230/91/20 231/92/20 232/93/20 200/94/20 199/95/20 233/96/20 234/97/20 235/98/20 236/99/20 237/100/20 238/101/20 239/102/20 240/103/20 241/104/20 242/105/20 243/106/20 244/107/20 

f 198/108/8 214/109/21 233/110/21 199/111/8 

f 214/112/21 213/113/22 234/114/22 233/115/21 

f 213/116/22 212/112/23 235/117/23 234/118/22 

f 212/119/23 211/120/24 236/121/24 235/122/23 

f 211/123/24 210/124/25 237/125/25 236/126/24 

f 210/123/25 209/124/26 238/127/26 237/128/25 

f 209/119/26 208/120/27 239/129/27 238/130/26 

f 208/116/27 207/112/28 240/131/28 239/132/27 

f 207/112/28 206/113/29 241/133/29 240/134/28 

f 206/108/29 205/109/30 242/135/30 241/136/29 

f 205/25/30 204/26/31 243/137/31 242/138/30 

f 204/80/31 203/81/32 244/139/32 243/140/31 

f 203/76/32 202/77/10 224/141/10 244/142/32 

g Mesh10 Group12 Group1 Model

usemtl _Color_M06_4
v 69.0625 3.75 -34.1625
v 69.0625 3.75 -0.1625
v 69.0625 0.75 -0.1625
v 69.0625 0.75 -34.1625
f 245/195/47 246/196/47 247/197/47 248/198/47 

v 67.0625 3.75 -34.1625
vt 4.32334e-11 -9.54809e-15
v 67.0625 3.75 -0.1625
f 249/255/48 250/200/48 246/201/48 245/202/48 

v 67.0625 0.75 -34.1625
v 67.0625 0.75 -0.1625
vt 34 8.23089e-10
f 250/203/49 249/204/49 251/205/49 252/256/49 

vt -5.84691e-10 3
f 249/257/50 245/208/50 248/209/50 251/210/50 

vt -34 8.49241e-11
f 252/258/51 251/212/51 248/213/51 247/214/51 

vt -1.13687e-13 3.89802e-10
vt 2 3.91412e-10
f 246/215/52 250/216/52 252/259/52 247/260/52 

g Mesh11 Group14 Group13 Group1 Model

usemtl _Color_M06_5
v 2.0625 5.75 -17.1625
vt -1 -48.1333
vn -1.5294e-12 -1 2.57394e-11
v 70.0625 5.75 -17.1625
vt -1 38
v 70.0625 5.75 -16.1625
vt -4.6839e-11 38
v 2.0625 5.75 -16.1625
vt 7.5147e-11 -48.1333
f 253/261/63 254/262/63 255/263/63 256/264/63 

v 2.0625 5.875 -17.1625
vt -48.1333 0.125
vn -2.39208e-16 -2.57394e-11 -1
v 70.0625 5.875 -17.1625
vt 38 0.125
vt 38 2.57394e-11
vt -48.1333 1.32536e-10
f 257/265/64 258/266/64 254/267/64 253/268/64 

vt 1 38
vn 1.5294e-12 1 -2.57394e-11
vt 1 -48.1333
v 2.0625 5.875 -16.1625
vt -7.51812e-11 -48.1333
v 70.0625 5.875 -16.1625
vt 4.68048e-11 38
f 258/269/65 257/270/65 259/271/65 260/272/65 

vt 4.8423e-11 0.125
vn -1 2.45383e-12 3.16838e-12
vt 1 0.125
vt 1 1.35508e-11
vt 4.52398e-11 6.4225e-11
f 259/273/66 257/274/66 253/275/66 256/276/66 

vt -38 0.125
vn 9.73348e-13 2.57394e-11 1
vt 48.1333 0.125
vt 48.1333 1.5747e-10
vt -38 8.0469e-13
f 260/277/67 259/278/67 256/279/67 255/280/67 

vt -1 0.125
vn 1 -2.45383e-12 -3.16838e-12
vt 4.502e-11 0.125
vt 4.82032e-11 7.44196e-11
vt -1 7.36149e-11
f 258/281/68 260/282/68 255/283/68 254/284/68 

g Mesh12 Group15 Group13 Group1 Model

v 24.6875 5.75 -6.1625
vt 0.75 1.5
vn -2.7282e-12 7.57912e-13 1
v 24.6875 4.25 -6.1625
vt 0.75 1.77636e-15
v 25.4375 4.25 -6.1625
vt 3.09228e-11 1.77636e-15
v 25.4375 5.75 -6.1625
vt 4.54747e-13 1.5
f 261/285/69 262/286/69 263/287/69 264/288/69 

vt -18 1.36442e-11
vn -1 1.71057e-49 -2.7282e-12
vt -18 1.5
v 24.6875 5.75 -32.1625
vt 8 1.5
v 24.6875 4.25 -32.1625
vt 8 -6.06448e-12
f 262/289/70 261/290/70 265/291/70 266/292/70 

vt 18 0.75
vn -2.61243e-12 1 -7.57912e-13
vt 18 4.56488e-11
v 25.4375 5.75 -32.1625
vt -8 -2.52918e-11
vt -8 0.75
f 261/293/71 264/294/71 267/295/71 265/296/71 

vt 18 1.5
vn 1 -2.0151e-11 2.7282e-12
vt 18 1.36442e-11
v 25.4375 4.25 -32.1625
vt -8 -6.06448e-12
vt -8 1.5
f 264/297/72 263/298/72 268/299/72 267/300/72 

vt -18 8.00355e-11
vn -3.2166e-24 -1 7.57912e-13
vt -18 0.75
vt 8 0.75
vt 8 8.6402e-12
f 263/301/73 262/302/73 266/303/73 268/304/73 

vt -0.75 -1.18424e-15
vn 2.7282e-12 -7.57912e-13 -1
vt -0.75 1.5
vt -4.54747e-13 1.5
vt -3.04681e-11 -1.18424e-15
f 266/305/74 265/306/74 267/307/74 268/308/74 

g Mesh13 Group16 Group13 Group1 Model

v 46.6875 5.75 -6.1625
v 46.6875 4.25 -6.1625
v 47.4375 4.25 -6.1625
v 47.4375 5.75 -6.1625
f 269/285/69 270/286/69 271/287/69 272/288/69 

v 46.6875 5.75 -32.1625
v 46.6875 4.25 -32.1625
f 270/289/70 269/290/70 273/291/70 274/292/70 

v 47.4375 5.75 -32.1625
vt -8 -2.57465e-11
f 269/293/71 272/294/71 275/309/71 273/296/71 

v 47.4375 4.25 -32.1625
f 272/297/72 271/298/72 276/299/72 275/300/72 

vt 8 8.18545e-12
f 271/301/73 270/302/73 274/303/73 276/310/73 

vt -1.9778e-23 1.5
vt -3.00133e-11 -1.18424e-15
f 274/305/74 273/306/74 275/311/74 276/312/74 

g Mesh14 Group17 Group13 Group1 Model

v 2.0625 5.75 -11.1625
v 70.0625 5.75 -11.1625
v 70.0625 5.75 -10.1625
v 2.0625 5.75 -10.1625
f 277/261/63 278/262/63 279/263/63 280/264/63 

v 2.0625 5.875 -11.1625
v 70.0625 5.875 -11.1625
f 281/265/64 282/266/64 278/267/64 277/268/64 

v 2.0625 5.875 -10.1625
v 70.0625 5.875 -10.1625
f 282/269/65 281/270/65 283/271/65 284/272/65 

f 283/273/66 281/274/66 277/275/66 280/276/66 

f 284/277/67 283/278/67 280/279/67 279/280/67 

f 282/281/68 284/282/68 279/283/68 278/284/68 

g Mesh15 Group18 Group13 Group1 Model

v 2.0625 5.75 -5.1625
v 70.0625 5.75 -5.1625
v 70.0625 5.75 -4.1625
v 2.0625 5.75 -4.1625
f 285/261/63 286/262/63 287/263/63 288/264/63 

v 2.0625 5.875 -5.1625
v 70.0625 5.875 -5.1625
f 289/265/64 290/266/64 286/267/64 285/268/64 

v 2.0625 5.875 -4.1625
v 70.0625 5.875 -4.1625
f 290/269/65 289/270/65 291/271/65 292/272/65 

f 291/273/66 289/274/66 285/275/66 288/276/66 

f 292/277/67 291/278/67 288/279/67 287/280/67 

f 290/281/68 292/282/68 287/283/68 286/284/68 

g Mesh16 Group19 Group13 Group1 Model

v 2.0625 5.75 -23.1625
v 70.0625 5.75 -23.1625
v 70.0625 5.75 -22.1625
v 2.0625 5.75 -22.1625
f 293/261/63 294/262/63 295/263/63 296/264/63 

v 2.0625 5.875 -23.1625
v 70.0625 5.875 -23.1625
f 297/265/64 298/266/64 294/267/64 293/268/64 

v 2.0625 5.875 -22.1625
v 70.0625 5.875 -22.1625
f 298/269/65 297/270/65 299/271/65 300/272/65 

f 299/273/66 297/274/66 293/275/66 296/276/66 

f 300/277/67 299/278/67 296/279/67 295/280/67 

f 298/281/68 300/282/68 295/283/68 294/284/68 

g Mesh17 Group20 Group13 Group1 Model

v 2.0625 5.75 -29.1625
v 70.0625 5.75 -29.1625
v 70.0625 5.75 -28.1625
v 2.0625 5.75 -28.1625
f 301/261/63 302/262/63 303/263/63 304/264/63 

v 2.0625 5.875 -29.1625
v 70.0625 5.875 -29.1625
f 305/265/64 306/266/64 302/267/64 301/268/64 

v 2.0625 5.875 -28.1625
v 70.0625 5.875 -28.1625
f 306/269/65 305/270/65 307/271/65 308/272/65 

f 307/273/66 305/274/66 301/275/66 304/276/66 

f 308/277/67 307/278/67 304/279/67 303/280/67 

f 306/281/68 308/282/68 303/283/68 302/284/68 

g Mesh18 Group22 Group21 Group1 Model

usemtl _Color_M06_4
v 72.0625 5.75 -0.1625
vt 1.00044e-11 3
vn 2.86158e-12 -9.40285e-13 1
v 0.0625 5.75 -0.1625
vt 72 3
v 0.0625 3.75 -0.1625
vt 72 1
v 72.0625 3.75 -0.1625
vt 1.59162e-12 1
f 309/313/75 310/314/75 311/315/75 312/316/75 

v 70.0625 5.75 -2.1625
vn -1.60719e-12 1 -1.03624e-11
v 2.0625 5.75 -2.1625
vt 70 2
vt 72 -2.97229e-11
vt 5.18287e-12 1.79006e-10
f 313/155/76 314/317/76 310/318/76 309/319/76 

vn -2.41831e-12 1.87583e-12 -1
v 70.0625 3.75 -2.1625
vt -2 1
v 2.0625 3.75 -2.1625
vt -70 1
vt -70 3
f 313/208/77 315/320/77 316/321/77 314/322/77 

vt -1.45986e-10 1
vn 0.707107 9.21791e-12 -0.707107
vt -2.82843 1
vt -2.82843 3
vt -1.55633e-10 3
f 312/323/78 315/324/78 313/325/78 309/326/78 

vt -70 2
vn 1.5559e-12 -1 -5.1791e-12
vt -3.57153e-14 2.10043e-10
vt -72 6.8844e-12
f 316/327/79 315/149/79 312/328/79 311/329/79 

vt -48.0833 1
vn -0.707107 2.42004e-12 -0.707107
vt -50.9117 1
vt -50.9117 3
vt -48.0833 3
f 316/330/80 311/331/80 310/332/80 314/333/80 

g Mesh19 Group23 Group21 Group1 Model

v 0.0625 5.75 -34.1625
vt 42 3
vn -1 6.36646e-12 1.51137e-12
v 0.0625 3.75 -34.1625
vt 42 1
v 0.0625 3.75 -0.1625
vt 8 1
v 0.0625 5.75 -0.1625
vt 8 3
f 317/334/81 318/335/81 319/336/81 320/337/81 

v 2.0625 3.75 -32.1625
vt -28.2843 1
vn 0.707107 4.32424e-12 -0.707107
vt -31.1127 1
vt -31.1127 3
v 2.0625 5.75 -32.1625
vt -28.2843 3
f 321/338/82 318/339/82 317/340/82 322/341/82 

vt -4.57394e-11 40
vn 1.61062e-11 -1 1.20094e-12
v 2.0625 3.75 -2.1625
vt 1.09956e-12 10
vt -2 8
vt -2 42
f 321/342/83 323/343/83 319/344/83 318/345/83 

v 2.0625 5.75 -2.1625
vt -10 3
vn 1 -6.36646e-12 -1.5613e-12
vt -10 1
vt -40 1
vt -40 3
f 324/346/84 323/347/84 321/348/84 322/349/84 

vt -4.24264 1
vn 0.707107 -5.22527e-12 0.707107
vt -7.07107 1
vt -7.07107 3
vt -4.24264 3
f 319/350/85 323/351/85 324/352/85 320/353/85 

vt 2.00355e-11 10
vn 5.9206e-12 1 -1.20093e-12
vt 6.68745e-11 40
vt 2 42
vt 2 8
f 324/354/86 322/355/86 317/356/86 320/357/86 

g Mesh20 Group24 Group21 Group1 Model

v 2.0625 5.75 -32.1625
vt 70 3
vn 2.50138e-12 2.84649e-24 1
v 2.0625 3.75 -32.1625
vt 70 1
v 70.0625 3.75 -32.1625
vt 2 1
v 70.0625 5.75 -32.1625
f 325/358/87 326/359/87 327/360/87 328/215/87 

v 0.0625 3.75 -34.1625
vt 52.3259 1
vn -0.707107 -7.93169e-12 0.707107
vt 49.4975 1
vt 49.4975 3
v 0.0625 5.75 -34.1625
vt 52.3259 3
f 329/361/88 326/362/88 325/363/88 330/364/88 

vt -72 2
vn 4.25053e-13 -1 2.2529e-11
v 72.0625 3.75 -34.1625
vt -1.00341e-11 2
vt -2 2.05072e-10
vt -70 3.51102e-11
f 329/365/89 331/366/89 327/367/89 326/368/89 

v 72.0625 5.75 -34.1625
vt -4.16891e-12 3
vn -2.91803e-12 -9.73444e-24 -1
vt -4.62366e-12 1
vt -72 1
vt -72 3
f 332/369/90 331/370/90 329/371/90 330/372/90 

vt 1.41421 1
vn 0.707107 -4.76973e-12 0.707107
vt -1.41421 1
vt -1.41421 3
vt 1.41421 3
f 327/373/91 331/374/91 332/375/91 328/376/91 

vt 70 -8.60312e-12
vn -8.13829e-13 1 -1.45775e-11
vt 2 1.61359e-10
vt 7.56296e-12 2
vt 72 2
f 325/377/92 328/378/92 332/379/92 330/380/92 

g Mesh21 Group25 Group21 Group1 Model

v 70.0625 5.75 -2.1625
vt 10 3
vn -1 -1.05729e-11 1.5613e-12
v 70.0625 5.75 -32.1625
vt 40 3
v 70.0625 3.75 -32.1625
vt 40 1
v 70.0625 3.75 -2.1625
vt 10 1
f 333/381/93 334/382/93 335/383/93 336/384/93 

v 72.0625 5.75 -0.1625
vt 1.22742e-11 8
vn 4.09139e-12 1 -1.55541e-12
v 72.0625 5.75 -34.1625
vt 6.36606e-11 42
vt 2 40
vt 2 10
f 337/385/94 338/386/94 334/387/94 333/388/94 

vt -42 3
vn 1 1.05729e-11 -1.51137e-12
vt -8 3
v 72.0625 3.75 -0.1625
vt -8 1
v 72.0625 3.75 -34.1625
vt -42 1
f 338/389/95 337/390/95 339/391/95 340/392/95 

vt 8.48528 1
vn -0.707107 -1.88512e-11 0.707107
vt 5.65685 1
vt 5.65685 3
vt 8.48528 3
f 336/393/96 339/394/96 337/395/96 333/396/96 

vt -5.63585e-11 42
vn -2.61178e-11 -1 1.55544e-12
vt -4.97202e-12 8
vt -2 10
vt -2 40
f 340/397/97 339/398/97 336/399/97 335/400/97 

vt 29.6985 1
vn -0.707107 4.23213e-12 -0.707107
vt 26.8701 1
vt 26.8701 3
vt 29.6985 3
f 340/401/98 335/402/98 334/403/98 338/404/98 

g Mesh22 Group27 Group26 Group1 Model

usemtl Color_M00
v 70.0625 5.75 -32.1625
vt 1.54271e-10 -3.28658e-10
vn -3.85705e-12 8.21646e-12 -1
v 0 5.75 -32.1625
vt -70.0625 -3.28658e-10
v 0 16.75 -32.1625
vt -70.0625 11
v 70.0625 16.75 -32.1625
vt 1.54271e-10 11
f 341/405/99 342/406/99 343/407/99 344/408/99 

v 1.42109e-14 5.75 -0.1
vt -70.0625 7.9375
vn -1.71057e-49 -1 2.13821e-49
vt -70.0625 40
vt 0 40
v 70.0625 5.75 -0.1
vt 0 7.9375
f 345/409/100 342/410/100 341/411/100 346/412/100 

v 1.42109e-14 16.75 -0.1
vt 7.9375 11
vn -1 1.71057e-49 2.66964e-16
vt 40 11
vt 40 0
vt 7.9375 0
f 347/413/101 343/414/101 342/415/101 345/416/101 

vt 70.0625 7.9375
vn 0 1 -0
v 70.0625 16.75 -0.1
vt -1.88163e-48 7.9375
vt -1.88163e-48 40
vt 70.0625 40
f 347/417/102 348/418/102 344/419/102 343/420/102 

vt 2.90319e-97 11
vn 2.66964e-16 2.13821e-49 1
vt 70.0625 11
vt 70.0625 0
vt 2.90319e-97 0
f 348/421/103 347/422/103 345/423/103 346/424/103 

vt -7.9375 11
vn 1 -1.71057e-49 -2.66964e-16
vt -7.9375 0
vt -40 0
vt -40 11
f 348/425/104 346/426/104 341/427/104 344/428/104 

g Mesh23 Component_278_1 Group26 Group1 Model

usemtl FrontColor
v 2.1 10.75 -34.1625
vt 2.93312e-11 1.46656e-11
vn -7.3328e-12 1.46656e-11 1
v 2.1 11.75 -34.1625
vt 1 1.46656e-11
v 0.1 11.75 -34.1625
v 0.1 10.75 -34.1625
vt 9.12451e-09 2
f 349/429/105 350/430/105 351/12/105 352/431/105 

v 2.1 11.75 -32.1625
vt 7.88674e-10 -6.61209e-14
vn -6.6454e-14 1 -3.12407e-13
v 2.2 11.75 -32.1625
vt 7.88674e-10 -0.1
v 2.2 11.75 -34.2625
vt 2.1 -0.1
v 6.95888e-13 11.75 -34.2625
vt 2.1 2.1
v 1.37668e-14 11.75 -32.1625
vt -3.12407e-13 2.1
v 0.1 11.75 -32.1625
vt -3.12407e-13 2
vt 2 -6.61209e-14
f 353/432/106 354/433/106 355/434/106 356/435/106 357/436/106 358/437/106 351/155/106 350/438/106 

vt 1 0
vn -4.69672e-48 1.41014e-32 1
v 2.1 10.75 -32.1625
vt 1.11258e-41 0
v 2.2 10.75 -32.1625
vt 1.11258e-41 -0.1
vt 1 -0.1
f 353/439/107 359/440/107 360/441/107 354/442/107 

vt -7.88987e-10 0
vn 3.33067e-16 -1 -1.41014e-32
vt -2 0
v 2.2 10.75 -34.1625
vt -2 -0.1
vt -7.88987e-10 -0.1
f 359/443/108 349/444/108 361/445/108 360/446/108 

vn -4.31386e-09 -1 1.55065e-11
vt -2 1.33785e-19
v 0.1 10.75 -32.1625
vt 1.41034e-19 2
v 1.42109e-14 10.75 -32.1625
vt 1.41034e-19 2.1
v 6.96332e-13 10.75 -34.2625
vt -2.1 2.1
v 2.2 10.75 -34.2625
vt -2.1 -0.1
f 361/445/109 349/447/109 352/149/109 362/448/109 363/449/109 364/450/109 365/451/109 

vt -9.09518e-09 0
vn 1 3.33067e-16 -0
vt -9.09518e-09 2
vt -1 0
f 362/452/110 352/453/110 351/3/110 358/454/110 

vt 9.09518e-09 2
vt 1 2.1
vt 9.09518e-09 2.1
f 362/455/107 358/12/107 357/456/107 363/457/107 

vn -1 -3.33067e-16 -1.91222e-13
vt 9.0937e-09 2.1
vt 9.09518e-09 -4.01566e-13
vt 1 -4.01566e-13
f 356/456/111 364/458/111 363/459/111 357/460/111 

vt -1 2.1
vn 7.3328e-12 -1.46656e-11 -1
vt -1 -0.1
vt -2.93198e-11 -0.1
vt -9.1245e-09 2.1
f 356/461/112 355/462/112 365/463/112 364/464/112 

vt -1 7.88987e-10
vt 0 7.88987e-10
vt 0 2
vt 1.47793e-12 2.1
f 355/461/110 354/465/110 360/466/110 361/467/110 365/468/110 

g Mesh24 Component_278_2 Group26 Group1 Model

v 72.0625 10.75 -0.1
vn -1 1.46656e-11 -7.33325e-12
v 72.0625 11.75 -0.1
v 72.0625 11.75 -2.1
v 72.0625 10.75 -2.1
f 366/429/113 367/430/113 368/12/113 369/431/113 

v 70.0625 11.75 -0.1
vn 3.12407e-13 1 -6.6454e-14
v 70.0625 11.75 -6.85119e-13
v 72.1625 11.75 -2.06779e-15
v 72.1625 11.75 -2.2
v 70.0625 11.75 -2.2
v 70.0625 11.75 -2.1
f 370/432/114 371/433/114 372/434/114 373/435/114 374/436/114 375/437/114 368/155/114 367/438/114 

vn -1 -3.52024e-32 -4.44089e-16
v 70.0625 10.75 -0.1
v 70.0625 10.75 -6.84786e-13
f 370/439/115 376/440/115 377/441/115 371/442/115 

vn -8.45062e-32 -1 3.33067e-16
v 72.0625 10.75 -6.83897e-13
f 376/443/116 366/444/116 378/445/116 377/446/116 

vn -1.55065e-11 -1 -4.31386e-09
v 70.0625 10.75 -2.1
v 70.0625 10.75 -2.2
v 72.1625 10.75 -2.2
v 72.1625 10.75 -1.73472e-15
f 378/445/117 366/447/117 369/149/117 379/448/117 380/449/117 381/450/117 382/451/117 

vn -4.44089e-16 3.33067e-16 1
f 379/452/118 369/453/118 368/3/118 375/454/118 

f 379/455/115 375/12/115 374/456/115 380/457/115 

vn 1.91666e-13 -3.33067e-16 -1
f 373/456/119 381/458/119 380/459/119 374/460/119 

vn 1 -1.46656e-11 7.33325e-12
f 373/461/120 372/462/120 382/463/120 381/464/120 

f 372/461/118 371/465/118 377/466/118 378/467/118 382/468/118 

g Mesh25 Group29 Group28 Group1 Model

usemtl Color_M00
v 65.5745 29.1592 -0.1
vt -7.9975 29.8775
vn -0.546131 0.8377 -1.2992e-14
v 65.6485 29.2062 -0.1
vt -7.9975 29.9651
vn -0.525809 0.850602 -1.31722e-14
v 65.6485 29.2062 -27.686
vt -35.5835 29.9651
v 65.6485 29.2062 -32.1
vt -39.9975 29.9651
vn -0.37179 0.601445 -0.707132
v 65.5745 29.1592 -32.1
vt -39.9975 29.8775
vn -0.386159 0.592322 -0.707132
v 65.5745 29.1592 -27.612
vt -35.5095 29.8775
f 383/469/121 384/470/122 385/471/122 386/472/123 387/473/124 388/474/121 

v 67.4749 29.7489 -0.1
vt 29.4124 12.9989
vn -7.00439e-17 1.09646e-16 1
v 67.3873 29.7458 -0.1
vt 29.3248 12.9958
v 67.2999 29.7405 -0.1
vt 29.2374 12.9905
v 67.2125 29.7331 -0.1
vt 29.15 12.9831
v 67.1254 29.7237 -0.1
vt 29.0629 12.9737
v 67.0386 29.7121 -0.1
vt 28.9761 12.9621
v 66.952 29.6984 -0.1
vt 28.8895 12.9484
v 66.8658 29.6827 -0.1
vt 28.8033 12.9327
v 66.78 29.6649 -0.1
vt 28.7175 12.9149
v 66.6947 29.645 -0.1
vt 28.6322 12.895
v 66.6098 29.6231 -0.1
vt 28.5473 12.8731
v 66.5256 29.5992 -0.1
vt 28.4631 12.8492
v 66.4419 29.5732 -0.1
vt 28.3794 12.8232
v 66.3588 29.5452 -0.1
vt 28.2963 12.7952
v 66.2765 29.5153 -0.1
vt 28.214 12.7653
v 66.1949 29.4833 -0.1
vt 28.1324 12.7333
v 66.1141 29.4494 -0.1
vt 28.0516 12.6994
v 66.0341 29.4136 -0.1
vt 27.9716 12.6636
v 65.9551 29.3759 -0.1
vt 27.8926 12.6259
v 65.8769 29.3362 -0.1
vt 27.8144 12.5862
v 65.7997 29.2947 -0.1
vt 27.7372 12.5447
v 65.7236 29.2514 -0.1
vt 27.6611 12.5014
vt 27.586 12.4562
vt 27.512 12.4092
v 65.5017 29.1105 -0.1
vt 27.4392 12.3605
v 65.4301 29.06 -0.1
vt 27.3676 12.31
v 65.3597 29.0078 -0.1
vt 27.2972 12.2578
v 65.2906 28.954 -0.1
vt 27.2281 12.204
v 65.2228 28.8985 -0.1
vt 27.1603 12.1485
v 65.1563 28.8413 -0.1
vt 27.0938 12.0913
v 65.0913 28.7826 -0.1
vt 27.0288 12.0326
v 65.0277 28.7224 -0.1
vt 26.9652 11.9724
v 64.9655 28.6606 -0.1
vt 26.903 11.9106
v 64.9049 28.5973 -0.1
vt 26.8424 11.8473
v 64.8458 28.5327 -0.1
vt 26.7833 11.7827
v 64.7883 28.4666 -0.1
vt 26.7258 11.7166
v 64.7323 28.3991 -0.1
vt 26.6698 11.6491
v 64.6781 28.3303 -0.1
vt 26.6156 11.5803
v 64.6255 28.2602 -0.1
vt 26.563 11.5102
v 64.5745 28.1889 -0.1
vt 26.512 11.4389
v 64.5254 28.1164 -0.1
vt 26.4629 11.3664
v 64.478 28.0427 -0.1
vt 26.4155 11.2927
v 64.4323 27.9679 -0.1
vt 26.3698 11.2179
v 64.3885 27.892 -0.1
vt 26.326 11.142
v 64.3465 27.8151 -0.1
vt 26.284 11.0651
v 64.3064 27.7372 -0.1
vt 26.2439 10.9872
v 64.2682 27.6584 -0.1
vt 26.2057 10.9084
v 64.2319 27.5786 -0.1
vt 26.1694 10.8286
v 64.1975 27.498 -0.1
vt 26.135 10.748
v 64.1651 27.4166 -0.1
vt 26.1026 10.6666
v 60.0625 16.75 -0.1
vt 22 8.76891e-16
v 70.0625 16.75 -0.1
vt 32 8.76891e-16
v 70.0625 29.75 -0.1
vt 32 13
v 67.5625 29.75 -0.1
vt 29.5 13
f 389/475/125 390/476/125 391/477/125 392/478/125 393/479/125 394/480/125 395/481/125 396/482/125 397/483/125 398/484/125 399/485/125 400/486/125 401/487/125 402/488/125 403/489/125 404/490/125 405/491/125 406/492/125 407/493/125 408/494/125 409/495/125 410/496/125 384/497/125 383/498/125 411/499/125 412/500/125 413/501/125 414/502/125 415/503/125 416/504/125 417/505/125 418/506/125 419/507/125 420/508/125 421/509/125 422/510/125 423/511/125 424/512/125 425/513/125 426/514/125 427/515/125 428/516/125 429/517/125 430/518/125 431/519/125 432/520/125 433/521/125 434/522/125 435/523/125 436/524/125 437/525/125 438/526/125 439/527/125 440/528/125 

vt -7.9975 29.7749
vn -0.0481263 0.998841 -1.47427e-14
vt -7.9975 29.8625
vn -0.0240701 0.99971 -1.47262e-14
v 67.4749 29.7489 -29.5124
vt -37.4099 29.8625
v 67.4749 29.7489 -32.1
vt -39.9975 29.8625
vn -0.0170195 0.706876 -0.707132
v 67.3873 29.7458 -32.1
vt -39.9975 29.7749
vn -0.0340292 0.706262 -0.707132
v 67.3873 29.7458 -29.4248
vt -37.3223 29.7749
f 390/529/126 389/530/127 441/531/127 442/532/128 443/533/129 444/534/126 

vt -7.9975 29.5667
vt -7.9975 29.6543
vn -0.00601808 0.999982 -9.67884e-15
v 67.5625 29.75 -29.6
vt -37.4975 29.6543
vn -0.00240724 0.999994 0.00240724
v 67.5625 29.75 -32.1
vt -39.9975 29.6543
vn -0.0033382 0.832039 -0.554706
vt -39.9975 29.5667
vt -37.4099 29.5667
f 389/535/127 440/536/130 445/537/131 446/538/132 442/539/128 441/540/127 

vt 32 7.9975
vn -8.10019e-14 1 -4.64252e-15
v 70.0625 29.75 -29.6
vt 32 37.4975
vn 0.554706 0.832039 0.0033382
vt 29.5 37.4975
vt 29.5 7.9975
f 439/541/133 447/542/134 445/543/131 440/544/130 

vt 37.4975 13
vt 7.9975 13
vn 1 4.2851e-16 2.22825e-15
vt 7.9975 -1.37123e-14
v 70.0625 16.75 -22.1
vt 29.9975 -3.05417e-15
vn 0.894427 0.16054 0.417405
v 70.0625 27.4166 -26.2026
vt 34.1001 10.6666
vn 0.707113 0.257801 0.658429
v 70.0625 27.498 -26.235
vt 34.1325 10.748
vn 0.707132 0.269639 0.65365
v 70.0625 27.5786 -26.2694
vt 34.1669 10.8286
vn 0.707132 0.285294 0.646971
v 70.0625 27.6584 -26.3057
vt 34.2032 10.9084
vn 0.707132 0.300784 0.639916
v 70.0625 27.7372 -26.3439
vt 34.2414 10.9872
vn 0.707132 0.3161 0.632491
v 70.0625 27.8151 -26.384
vt 34.2815 11.0651
vn 0.707132 0.331233 0.624699
v 70.0625 27.892 -26.426
vt 34.3235 11.142
vn 0.707132 0.346173 0.616545
v 70.0625 27.9679 -26.4698
vt 34.3673 11.2179
vn 0.707132 0.360913 0.608034
v 70.0625 28.0427 -26.5155
vt 34.413 11.2927
vn 0.707132 0.375444 0.599171
v 70.0625 28.1164 -26.5629
vt 34.4604 11.3664
vn 0.707132 0.389757 0.58996
v 70.0625 28.1889 -26.612
vt 34.5095 11.4389
vn 0.707132 0.403845 0.580408
v 70.0625 28.2602 -26.663
vt 34.5605 11.5102
vn 0.707132 0.417698 0.570519
v 70.0625 28.3303 -26.7156
vt 34.6131 11.5803
vn 0.707132 0.43131 0.5603
v 70.0625 28.3991 -26.7698
vt 34.6673 11.6491
vn 0.707132 0.444671 0.549756
v 70.0625 28.4666 -26.8258
vt 34.7233 11.7166
vn 0.707132 0.457775 0.538893
v 70.0625 28.5327 -26.8833
vt 34.7808 11.7827
vn 0.707132 0.470614 0.527718
v 70.0625 28.5973 -26.9424
vt 34.8399 11.8473
vn 0.707132 0.48318 0.516238
v 70.0625 28.6606 -27.003
vt 34.9005 11.9106
vn 0.707132 0.495466 0.504458
v 70.0625 28.7224 -27.0652
vt 34.9627 11.9724
vn 0.707132 0.507464 0.492386
v 70.0625 28.7826 -27.1288
vt 35.0263 12.0326
vn 0.707132 0.519169 0.480028
v 70.0625 28.8413 -27.1938
vt 35.0913 12.0913
vn 0.707132 0.530573 0.467393
v 70.0625 28.8985 -27.2603
vt 35.1578 12.1485
vn 0.707132 0.54167 0.454486
v 70.0625 28.954 -27.3281
vt 35.2256 12.204
vn 0.707132 0.552452 0.441317
v 70.0625 29.0078 -27.3972
vt 35.2947 12.2578
vn 0.707132 0.562915 0.427891
v 70.0625 29.06 -27.4676
vt 35.3651 12.31
vn 0.707132 0.573051 0.414218
v 70.0625 29.1105 -27.5392
vt 35.4367 12.3605
vn 0.707132 0.582855 0.400304
v 70.0625 29.1592 -27.612
vt 35.5095 12.4092
vn 0.707132 0.592322 0.386159
v 70.0625 29.2062 -27.686
vt 35.5835 12.4562
vn 0.707132 0.601445 0.37179
v 70.0625 29.2514 -27.7611
vt 35.6586 12.5014
vn 0.707132 0.61022 0.357205
v 70.0625 29.2947 -27.8372
vt 35.7347 12.5447
vn 0.707132 0.618641 0.342414
v 70.0625 29.3362 -27.9144
vt 35.8119 12.5862
vn 0.707132 0.626704 0.327424
v 70.0625 29.3759 -27.9926
vt 35.8901 12.6259
vn 0.707132 0.634403 0.312244
v 70.0625 29.4136 -28.0716
vt 35.9691 12.6636
vn 0.707132 0.641735 0.296883
v 70.0625 29.4494 -28.1516
vt 36.0491 12.6994
vn 0.707132 0.648695 0.281351
v 70.0625 29.4833 -28.2324
vt 36.1299 12.7333
vn 0.707132 0.655279 0.265655
v 70.0625 29.5153 -28.314
vt 36.2115 12.7653
vn 0.707132 0.661484 0.249805
v 70.0625 29.5452 -28.3963
vt 36.2938 12.7952
vn 0.707132 0.667305 0.233811
v 70.0625 29.5732 -28.4794
vt 36.3769 12.8232
vn 0.707132 0.67274 0.217681
v 70.0625 29.5992 -28.5631
vt 36.4606 12.8492
vn 0.707132 0.677784 0.201425
v 70.0625 29.6231 -28.6473
vt 36.5448 12.8731
vn 0.707132 0.682436 0.185053
v 70.0625 29.645 -28.7322
vt 36.6297 12.895
vn 0.707132 0.686693 0.168573
v 70.0625 29.6649 -28.8175
vt 36.715 12.9149
vn 0.707132 0.690551 0.151995
v 70.0625 29.6827 -28.9033
vt 36.8008 12.9327
vn 0.707132 0.69401 0.135329
v 70.0625 29.6984 -28.9895
vt 36.887 12.9484
vn 0.707132 0.697066 0.118585
v 70.0625 29.7121 -29.0761
vt 36.9736 12.9621
vn 0.707132 0.699719 0.101772
v 70.0625 29.7237 -29.1629
vt 37.0604 12.9737
vn 0.707132 0.701966 0.0849005
v 70.0625 29.7331 -29.25
vt 37.1475 12.9831
vn 0.707132 0.703806 0.0679795
v 70.0625 29.7405 -29.3374
vt 37.2349 12.9905
vn 0.707132 0.705238 0.0510192
v 70.0625 29.7458 -29.4248
vt 37.3223 12.9958
vn 0.707132 0.706262 0.0340292
v 70.0625 29.7489 -29.5124
vt 37.4099 12.9989
vn 0.707132 0.706876 0.0170195
f 447/545/134 439/546/135 438/547/135 448/548/136 449/549/137 450/550/138 451/551/139 452/552/140 453/553/141 454/554/142 455/555/143 456/556/144 457/557/145 458/558/146 459/559/147 460/560/148 461/561/149 462/562/150 463/563/151 464/564/152 465/565/153 466/566/154 467/567/155 468/568/156 469/569/157 470/570/158 471/571/159 472/572/160 473/573/161 474/574/162 475/575/163 476/576/164 477/577/165 478/578/166 479/579/167 480/580/168 481/581/169 482/582/170 483/583/171 484/584/172 485/585/173 486/586/174 487/587/175 488/588/176 489/589/177 490/590/178 491/591/179 492/592/180 493/593/181 494/594/182 495/595/183 496/596/184 497/597/185 498/598/186 

vt -22 7.9975
vn -1.06581e-14 -1 -3.90831e-15
v 60.0625 16.75 -22.1
vt -22 29.9975
vt -32 29.9975
vt -32 7.9975
f 437/599/187 499/600/187 448/601/187 438/602/187 

vt -29.9975 7.89754
vn -0.933346 0.358979 -9.0685e-16
vt -7.9975 7.89754
vt -7.9975 19.3259
vn -0.931168 0.36459 -3.42416e-15
v 64.1651 27.4166 -26.2026
vt -34.1001 19.3259
v 64.1651 27.4166 -32.1
vt -39.9975 19.3259
vn -0.658429 0.257801 -0.707113
v 60.0625 16.75 -32.1
vt -39.9975 7.89754
vn -0.417405 0.16054 -0.894427
f 499/603/188 437/604/188 436/605/189 500/606/189 501/607/190 502/608/191 

vt -34.1001 19.5717
vt -7.9975 19.5717
vt -7.9975 19.6593
vn -0.924435 0.381341 -6.1184e-15
v 64.1975 27.498 -26.235
vt -34.1325 19.6593
v 64.1975 27.498 -32.1
vt -39.9975 19.6593
vn -0.65365 0.269639 -0.707132
vt -39.9975 19.5717
f 500/609/189 436/610/189 435/611/192 503/612/192 504/613/193 501/614/190 

vt -34.1325 20.1422
vt -7.9975 20.1422
vt -7.9975 20.2298
vn -0.914988 0.403482 -6.46207e-15
v 64.2319 27.5786 -26.2694
vt -34.1669 20.2298
v 64.2319 27.5786 -32.1
vt -39.9975 20.2298
vn -0.646971 0.285294 -0.707132
vt -39.9975 20.1422
f 503/615/192 435/616/192 434/617/194 505/618/194 506/619/195 504/620/193 

vt -34.1669 20.7011
vt -7.9975 20.7011
vt -7.9975 20.7887
vn -0.905011 0.425389 -6.80873e-15
v 64.2682 27.6584 -26.3057
vt -34.2032 20.7887
v 64.2682 27.6584 -32.1
vt -39.9975 20.7887
vn -0.639916 0.300784 -0.707132
vt -39.9975 20.7011
f 505/621/194 434/622/194 433/623/196 507/624/196 508/625/197 506/626/195 

vt -34.2032 21.2479
vt -7.9975 21.2479
vt -7.9975 21.3355
vn -0.894509 0.447049 -7.1581e-15
v 64.3064 27.7372 -26.3439
vt -34.2414 21.3355
v 64.3064 27.7372 -32.1
vt -39.9975 21.3355
vn -0.632491 0.3161 -0.707132
vt -39.9975 21.2479
f 507/627/196 433/628/196 432/629/198 509/630/198 510/631/199 508/632/197 

vt -34.2414 21.7824
vt -7.9975 21.7824
vt -7.9975 21.87
vn -0.88349 0.46845 -7.48649e-15
v 64.3465 27.8151 -26.384
vt -34.2815 21.87
v 64.3465 27.8151 -32.1
vt -39.9975 21.87
vn -0.624699 0.331233 -0.707132
vt -39.9975 21.7824
f 509/633/198 432/634/198 431/635/200 511/636/200 512/637/201 510/638/199 

vt -34.2815 22.3042
vt -7.9975 22.3042
vt -7.9975 22.3918
vn -0.871958 0.48958 -7.81844e-15
v 64.3885 27.892 -26.426
vt -34.3235 22.3918
v 64.3885 27.892 -32.1
vt -39.9975 22.3918
vn -0.616545 0.346173 -0.707132
vt -39.9975 22.3042
f 511/639/200 431/640/200 430/641/202 513/642/202 514/643/203 512/644/201 

vt -7.9975 22.8131
vt -7.9975 22.9007
vn -0.859921 0.510427 -8.1631e-15
v 64.4323 27.9679 -26.4698
vt -34.3673 22.9007
v 64.4323 27.9679 -32.1
vt -39.9975 22.9007
vn -0.608034 0.360913 -0.707132
vt -39.9975 22.8131
vt -34.3235 22.8131
f 430/645/202 429/646/204 515/647/204 516/648/205 514/649/203 513/650/202 

vt -34.3673 23.3087
vt -7.9975 23.3087
vt -7.9975 23.3963
vn -0.847386 0.530977 -8.48403e-15
v 64.478 28.0427 -26.5155
vt -34.413 23.3963
v 64.478 28.0427 -32.1
vt -39.9975 23.3963
vn -0.599171 0.375444 -0.707132
vt -39.9975 23.3087
f 515/651/204 429/652/204 428/653/206 517/654/206 518/655/207 516/656/205 

vt -34.413 23.7908
vt -7.9975 23.7908
vt -7.9975 23.8785
vn -0.83436 0.55122 -8.7795e-15
v 64.5254 28.1164 -26.5629
vt -34.4604 23.8785
v 64.5254 28.1164 -32.1
vt -39.9975 23.8785
vn -0.58996 0.389757 -0.707132
vt -39.9975 23.7908
f 517/657/206 428/658/206 427/659/208 519/660/208 520/661/209 518/662/207 

vt -34.4604 24.2591
vt -7.9975 24.2591
vt -7.9975 24.3468
vn -0.82085 0.571144 -9.07811e-15
v 64.5745 28.1889 -26.612
vt -34.5095 24.3468
v 64.5745 28.1889 -32.1
vt -39.9975 24.3468
vn -0.580408 0.403845 -0.707132
vt -39.9975 24.2591
f 519/663/208 427/664/208 426/665/210 521/666/210 522/667/211 520/668/209 

vt -34.5095 24.7134
vt -7.9975 24.7134
vt -7.9975 24.801
vn -0.806865 0.590736 -9.38037e-15
v 64.6255 28.2602 -26.663
vt -34.5605 24.801
v 64.6255 28.2602 -32.1
vt -39.9975 24.801
vn -0.570519 0.417698 -0.707132
vt -39.9975 24.7134
f 521/669/210 426/670/210 425/671/212 523/672/212 524/673/213 522/674/211 

vt -34.5605 25.1532
vt -7.9975 25.1532
vt -7.9975 25.2408
vn -0.792412 0.609986 -9.67627e-15
v 64.6781 28.3303 -26.7156
vt -34.6131 25.2408
v 64.6781 28.3303 -32.1
vt -39.9975 25.2408
vn -0.5603 0.43131 -0.707132
vt -39.9975 25.1532
f 523/675/212 425/676/212 424/677/214 525/678/214 526/679/215 524/680/213 

vt -34.6131 25.5785
vt -7.9975 25.5785
vt -7.9975 25.6661
vn -0.7775 0.628883 -9.96557e-15
v 64.7323 28.3991 -26.7698
vt -34.6673 25.6661
v 64.7323 28.3991 -32.1
vt -39.9975 25.6661
vn -0.549756 0.444671 -0.707132
vt -39.9975 25.5785
f 525/681/214 424/682/214 423/683/216 527/684/216 528/685/217 526/686/215 

vt -34.6673 25.9889
vt -7.9975 25.9889
vt -7.9975 26.0765
vn -0.762137 0.647415 -1.02482e-14
v 64.7883 28.4666 -26.8258
vt -34.7233 26.0765
v 64.7883 28.4666 -32.1
vt -39.9975 26.0765
vn -0.538893 0.457775 -0.707132
vt -39.9975 25.9889
f 527/687/216 423/688/216 422/689/218 529/690/218 530/691/219 528/692/217 

vt -34.7233 26.3843
vt -7.9975 26.3843
vt -7.9975 26.4719
vn -0.746333 0.665572 -1.05238e-14
v 64.8458 28.5327 -26.8833
vt -34.7808 26.4719
v 64.8458 28.5327 -32.1
vt -39.9975 26.4719
vn -0.527718 0.470614 -0.707132
vt -39.9975 26.3843
f 529/693/218 422/694/218 421/695/220 531/696/220 532/697/221 530/698/219 

vt -7.9975 26.7643
vt -7.9975 26.8519
vn -0.730097 0.683344 -1.07795e-14
v 64.9049 28.5973 -26.9424
vt -34.8399 26.8519
v 64.9049 28.5973 -32.1
vt -39.9975 26.8519
vn -0.516238 0.48318 -0.707132
vt -39.9975 26.7643
vt -34.7808 26.7643
f 421/699/220 420/700/222 533/701/222 534/702/223 532/703/221 531/704/220 

vt -34.8399 27.1288
vt -7.9975 27.1288
vt -7.9975 27.2164
vn -0.713437 0.700719 -1.10277e-14
v 64.9655 28.6606 -27.003
vt -34.9005 27.2164
v 64.9655 28.6606 -32.1
vt -39.9975 27.2164
vn -0.504458 0.495466 -0.707132
vt -39.9975 27.1288
f 533/705/222 420/706/222 419/707/224 535/708/224 536/709/225 534/710/223 

vt -7.9975 27.4775
vt -7.9975 27.5651
vn -0.696364 0.717689 -1.12945e-14
v 65.0277 28.7224 -27.0652
vt -34.9627 27.5651
v 65.0277 28.7224 -32.1
vt -39.9975 27.5651
vn -0.492386 0.507464 -0.707132
vt -39.9975 27.4775
vt -34.9005 27.4775
f 419/711/224 418/712/226 537/713/226 538/714/227 536/715/225 535/716/224 

vt -7.9975 27.8103
vt -7.9975 27.8979
vn -0.678887 0.734243 -1.15402e-14
v 65.0913 28.7826 -27.1288
vt -35.0263 27.8979
v 65.0913 28.7826 -32.1
vt -39.9975 27.8979
vn -0.480028 0.519169 -0.707132
vt -39.9975 27.8103
vt -34.9627 27.8103
f 418/717/226 417/718/228 539/719/228 540/720/229 538/721/227 537/722/226 

vt -7.9975 28.127
vt -7.9975 28.2146
vn -0.661017 0.750371 -1.17503e-14
v 65.1563 28.8413 -27.1938
vt -35.0913 28.2146
v 65.1563 28.8413 -32.1
vt -39.9975 28.2146
vn -0.467393 0.530573 -0.707132
vt -39.9975 28.127
vt -35.0263 28.127
f 417/723/228 416/724/230 541/725/230 542/726/231 540/727/229 539/728/228 

vt -7.9975 28.4273
vt -7.9975 28.5149
vn -0.642764 0.766064 -1.19805e-14
v 65.2228 28.8985 -27.2603
vt -35.1578 28.5149
v 65.2228 28.8985 -32.1
vt -39.9975 28.5149
vn -0.454486 0.54167 -0.707132
vt -39.9975 28.4273
vt -35.0913 28.4273
f 416/729/230 415/730/232 543/731/232 544/732/233 542/733/231 541/734/230 

vt -7.9975 28.7112
vt -7.9975 28.7988
vn -0.624139 0.781314 -1.2217e-14
v 65.2906 28.954 -27.3281
vt -35.2256 28.7988
v 65.2906 28.954 -32.1
vt -39.9975 28.7988
vn -0.441317 0.552452 -0.707132
vt -39.9975 28.7112
vt -35.1578 28.7112
f 415/735/232 414/736/234 545/737/234 546/738/235 544/739/233 543/740/232 

vt -7.9975 28.9783
vt -7.9975 29.0659
vn -0.605151 0.79611 -1.24158e-14
v 65.3597 29.0078 -27.3972
vt -35.2947 29.0659
v 65.3597 29.0078 -32.1
vt -39.9975 29.0659
vn -0.427891 0.562915 -0.707132
vt -39.9975 28.9783
vt -35.2256 28.9783
f 414/741/234 413/742/236 547/743/236 548/744/237 546/745/235 545/746/234 

vt -7.9975 29.2287
vt -7.9975 29.3163
vn -0.585814 0.810446 -1.26062e-14
v 65.4301 29.06 -27.4676
vt -35.3651 29.3163
v 65.4301 29.06 -32.1
vt -39.9975 29.3163
vn -0.414218 0.573051 -0.707132
vt -39.9975 29.2287
vt -35.2947 29.2287
f 413/747/236 412/748/238 549/749/238 550/750/239 548/751/237 547/752/236 

vt -7.9975 29.4621
vt -7.9975 29.5497
vn -0.566136 0.824312 -1.28033e-14
v 65.5017 29.1105 -27.5392
vt -35.4367 29.5497
v 65.5017 29.1105 -32.1
vt -39.9975 29.5497
vn -0.400304 0.582855 -0.707132
vt -39.9975 29.4621
vt -35.3651 29.4621
f 412/753/238 411/754/240 551/755/240 552/756/241 550/757/239 549/758/238 

vt -7.9975 29.6784
vt -7.9975 29.766
vt -35.5095 29.766
vt -39.9975 29.766
vt -39.9975 29.6784
vt -35.4367 29.6784
f 411/759/240 383/760/121 388/761/121 387/762/124 552/763/241 551/764/240 

v 70.0625 29.75 -32.1
vt -32 13
vn 3.36347e-13 6.97672e-14 -1
v 70.0625 16.75 -32.1
vt -32 -2.25761e-12
vt -22 -2.25761e-12
vt -26.1026 10.6666
vt -26.135 10.748
vt -26.1694 10.8286
vt -26.2057 10.9084
vt -26.2439 10.9872
vt -26.284 11.0651
vt -26.326 11.142
vt -26.3698 11.2179
vt -26.4155 11.2927
vt -26.4629 11.3664
vt -26.512 11.4389
vt -26.563 11.5102
vt -26.6156 11.5803
vt -26.6698 11.6491
vt -26.7258 11.7166
vt -26.7833 11.7827
vt -26.8424 11.8473
vt -26.903 11.9106
vt -26.9652 11.9724
vt -27.0288 12.0326
vt -27.0938 12.0913
vt -27.1603 12.1485
vt -27.2281 12.204
vt -27.2972 12.2578
vt -27.3676 12.31
vt -27.4392 12.3605
vt -27.512 12.4092
vt -27.586 12.4562
v 65.7236 29.2514 -32.1
vt -27.6611 12.5014
vn -0.357205 0.61022 -0.707132
v 65.7997 29.2947 -32.1
vt -27.7372 12.5447
vn -0.342414 0.618641 -0.707132
v 65.8769 29.3362 -32.1
vt -27.8144 12.5862
vn -0.327424 0.626704 -0.707132
v 65.9551 29.3759 -32.1
vt -27.8926 12.6259
vn -0.312244 0.634403 -0.707132
v 66.0341 29.4136 -32.1
vt -27.9716 12.6636
vn -0.296883 0.641735 -0.707132
v 66.1141 29.4494 -32.1
vt -28.0516 12.6994
vn -0.281351 0.648695 -0.707132
v 66.1949 29.4833 -32.1
vt -28.1324 12.7333
vn -0.265655 0.655279 -0.707132
v 66.2765 29.5153 -32.1
vt -28.214 12.7653
vn -0.249805 0.661484 -0.707132
v 66.3588 29.5452 -32.1
vt -28.2963 12.7952
vn -0.233811 0.667305 -0.707132
v 66.4419 29.5732 -32.1
vt -28.3794 12.8232
vn -0.217681 0.67274 -0.707132
v 66.5256 29.5992 -32.1
vt -28.4631 12.8492
vn -0.201425 0.677784 -0.707132
v 66.6098 29.6231 -32.1
vt -28.5473 12.8731
vn -0.185053 0.682436 -0.707132
v 66.6947 29.645 -32.1
vt -28.6322 12.895
vn -0.168573 0.686693 -0.707132
v 66.78 29.6649 -32.1
vt -28.7175 12.9149
vn -0.151995 0.690551 -0.707132
v 66.8658 29.6827 -32.1
vt -28.8033 12.9327
vn -0.135329 0.69401 -0.707132
v 66.952 29.6984 -32.1
vt -28.8895 12.9484
vn -0.118585 0.697066 -0.707132
v 67.0386 29.7121 -32.1
vt -28.9761 12.9621
vn -0.101772 0.699719 -0.707132
v 67.1254 29.7237 -32.1
vt -29.0629 12.9737
vn -0.0849005 0.701966 -0.707132
v 67.2125 29.7331 -32.1
vt -29.15 12.9831
vn -0.0679795 0.703806 -0.707132
v 67.2999 29.7405 -32.1
vt -29.2374 12.9905
vn -0.0510192 0.705238 -0.707132
vt -29.3248 12.9958
vt -29.4124 12.9989
vt -29.5 13
f 553/765/242 554/766/242 502/767/191 501/768/190 504/769/193 506/770/195 508/771/197 510/772/199 512/773/201 514/774/203 516/775/205 518/776/207 520/777/209 522/778/211 524/779/213 526/780/215 528/781/217 530/782/219 532/783/221 534/784/223 536/785/225 538/786/227 540/787/229 542/788/231 544/789/233 546/790/235 548/791/237 550/792/239 552/793/241 387/794/124 386/795/123 555/796/243 556/797/244 557/798/245 558/799/246 559/800/247 560/801/248 561/802/249 562/803/250 563/804/251 564/805/252 565/806/253 566/807/254 567/808/255 568/809/256 569/810/257 570/811/258 571/812/259 572/813/260 573/814/261 574/815/262 443/816/129 442/817/128 446/818/132 

vt 29.9975 3.70823e-13
vt 39.9975 8.93072e-13
vn 1 -1.12551e-14 -2.09622e-14
vt 39.9975 13
f 498/598/186 497/597/185 496/596/184 495/595/183 494/594/182 493/593/181 492/592/180 491/591/179 490/590/178 489/589/177 488/588/176 487/587/175 486/586/174 485/585/173 484/584/172 483/583/171 482/582/170 481/581/169 480/580/168 479/579/167 478/578/166 477/577/165 476/576/164 475/575/163 474/574/162 473/573/161 472/572/160 471/571/159 470/570/158 469/569/157 468/568/156 467/567/155 466/566/154 465/565/153 464/564/152 463/563/151 462/562/150 461/561/149 460/560/148 459/559/147 458/558/146 457/557/145 456/556/144 455/555/143 454/554/142 453/553/141 452/552/140 451/551/139 450/550/138 449/549/137 448/819/136 554/820/263 553/821/263 447/545/134 

vt 32 37.7671
vt 32 37.8548
vt 29.4124 37.8548
vn -3.01873e-14 0.99971 0.0240701
v 0.0625 29.7489 -29.5124
vt -38 37.8548
v 0.0625 29.7458 -29.4248
vt -38 37.7671
vn -2.94927e-14 0.998841 0.0481263
vt 29.3248 37.7671
f 497/822/185 498/823/186 441/824/264 575/825/264 576/826/265 444/827/265 

vt 32 37.5636
vt 32 37.6513
vt 29.5 37.6513
v 0.0625 29.75 -29.6
vt -38 37.6513
vn -1.38045e-14 0.999982 0.00601808
vt -38 37.5636
vt 29.4124 37.5636
f 498/828/186 447/829/134 445/830/131 577/831/266 575/832/264 441/833/264 

vt 29.5 39.9975
vt 32 39.9975
vn -3.32534e-13 1 2.84217e-14
f 446/834/132 445/543/131 447/542/134 553/835/267 

vt -38 37.4975
v 0.0625 29.75 -32.1
vt -38 39.9975
vn 2.89034e-15 1 1.81899e-13
f 577/836/266 445/543/131 446/834/132 578/837/268 

vt 38 13
vn -2.81422e-14 9.86935e-14 -1
vt -22 -3.41459e-12
v 0.0625 16.75 -32.1
vt 38 -1.84784e-12
f 578/838/269 446/818/132 442/817/128 443/816/129 574/815/262 573/814/261 572/813/260 571/812/259 570/811/258 569/810/257 568/809/256 567/808/255 566/807/254 565/806/253 564/805/252 563/804/251 562/803/250 561/802/249 560/801/248 559/800/247 558/799/246 557/798/245 556/797/244 555/796/243 386/795/123 387/794/124 552/793/241 550/792/239 548/791/237 546/790/235 544/789/233 542/788/231 540/787/229 538/786/227 536/785/225 534/784/223 532/783/221 530/782/219 528/781/217 526/780/215 524/779/213 522/778/211 520/777/209 518/776/207 516/775/205 514/774/203 512/773/201 510/772/199 508/771/197 506/770/195 504/769/193 501/768/190 502/839/191 579/840/269 

vt -7.9975 29.9657
vn -0.0721546 0.997393 -1.47504e-14
vt -7.9975 30.0534
vt -37.3223 30.0534
vt -39.9975 30.0534
vt -39.9975 29.9657
v 67.2999 29.7405 -29.3374
vt -37.2349 29.9657
f 391/841/270 390/842/126 444/843/126 443/844/129 574/845/262 580/846/270 

vt -7.9975 30.1392
vn -0.0961411 0.995368 -1.47494e-14
vt -7.9975 30.2268
vt -37.2349 30.2268
vt -39.9975 30.2268
vt -39.9975 30.1392
v 67.2125 29.7331 -29.25
vt -37.1475 30.1392
f 392/847/271 391/848/270 580/849/270 574/850/262 573/851/261 581/852/271 

vt -7.9975 30.2952
vn -0.120072 0.992765 -1.47396e-14
vt -7.9975 30.3828
vt -37.1475 30.3828
vt -39.9975 30.3828
vt -39.9975 30.2952
v 67.1254 29.7237 -29.1629
vt -37.0604 30.2952
f 393/853/272 392/854/271 581/855/271 573/856/261 572/857/260 582/858/272 

vt -7.9975 30.4336
vn -0.143933 0.989587 -1.4721e-14
vt -7.9975 30.5213
vt -37.0604 30.5213
vt -39.9975 30.5213
vt -39.9975 30.4336
v 67.0386 29.7121 -29.0761
vt -36.9736 30.4336
f 394/859/273 393/860/272 582/861/272 572/862/260 571/863/259 583/864/273 

vt -7.9975 30.5544
vn -0.167711 0.985836 -1.47133e-14
vt -7.9975 30.642
vt -36.9736 30.642
vt -39.9975 30.642
vt -39.9975 30.5544
v 66.952 29.6984 -28.9895
vt -36.887 30.5544
f 395/865/274 394/866/273 583/867/273 571/868/259 570/869/258 584/870/274 

vt -7.9975 30.6574
vn -0.191391 0.981514 -1.47163e-14
vt -7.9975 30.745
vt -36.887 30.745
vt -39.9975 30.745
vt -39.9975 30.6574
v 66.8658 29.6827 -28.9033
vt -36.8008 30.6574
f 396/871/275 395/872/274 584/873/274 570/874/258 569/875/257 585/876/275 

vt -7.9975 30.7426
vn -0.214961 0.976623 -1.46708e-14
vt -7.9975 30.8303
vt -36.8008 30.8303
vt -39.9975 30.8303
vt -39.9975 30.7426
v 66.78 29.6649 -28.8175
vt -36.715 30.7426
f 397/877/276 396/878/275 585/879/275 569/880/257 568/881/256 586/882/276 

vt -7.9975 30.81
vn -0.238406 0.971166 -1.45772e-14
vt -7.9975 30.8977
vt -36.715 30.8977
vt -39.9975 30.8977
vt -39.9975 30.81
v 66.6947 29.645 -28.7322
vt -36.6297 30.81
f 398/883/277 397/884/276 586/885/276 568/886/256 567/887/255 587/888/277 

vt -7.9975 30.8596
vn -0.261713 0.965146 -1.45135e-14
vt -7.9975 30.9472
vt -36.6297 30.9472
vt -39.9975 30.9472
vt -39.9975 30.8596
v 66.6098 29.6231 -28.6473
vt -36.5448 30.8596
f 399/889/278 398/890/277 587/891/277 567/892/255 566/893/254 588/894/278 

vt -7.9975 30.8912
vn -0.284869 0.958567 -1.44792e-14
vt -7.9975 30.9788
vt -36.5448 30.9788
vt -39.9975 30.9788
vt -39.9975 30.8912
v 66.5256 29.5992 -28.5631
vt -36.4606 30.8912
f 400/895/279 399/896/278 588/897/278 566/898/254 565/899/253 589/900/279 

vt -7.9975 30.9925
vt -36.4606 30.9925
vt -39.9975 30.9925
vt -39.9975 30.9049
v 66.4419 29.5732 -28.4794
vt -36.3769 30.9049
vn -0.307859 0.951432 -1.44165e-14
vt -7.9975 30.9049
f 400/901/279 589/902/279 565/903/253 564/904/252 590/905/280 401/906/280 

vt -7.9975 30.9006
vn -0.330671 0.943746 -1.43255e-14
vt -7.9975 30.9882
vt -36.3769 30.9882
vt -39.9975 30.9882
vt -39.9975 30.9006
v 66.3588 29.5452 -28.3963
vt -36.2938 30.9006
f 402/907/281 401/908/280 590/909/280 564/910/252 563/911/251 591/912/281 

vt -7.9975 30.8784
vn -0.353291 0.935513 -1.42256e-14
vt -7.9975 30.966
vt -36.2938 30.966
vt -39.9975 30.966
vt -39.9975 30.8784
v 66.2765 29.5153 -28.314
vt -36.2115 30.8784
f 403/913/282 402/914/281 591/915/281 563/916/251 562/917/250 592/918/282 

vt -7.9975 30.8383
vn -0.375707 0.926739 -1.41167e-14
vt -7.9975 30.9259
vt -36.2115 30.9259
vt -39.9975 30.9259
vt -39.9975 30.8383
v 66.1949 29.4833 -28.2324
vt -36.1299 30.8383
f 404/919/283 403/920/282 592/921/282 562/922/250 561/923/249 593/924/283 

vt -7.9975 30.868
vt -36.1299 30.868
vt -39.9975 30.868
vt -39.9975 30.7803
v 66.1141 29.4494 -28.1516
vt -36.0491 30.7803
vn -0.397905 0.917427 -1.39989e-14
vt -7.9975 30.7803
f 404/925/283 593/926/283 561/927/249 560/928/248 594/929/284 405/930/284 

vt -7.9975 30.7045
vn -0.419872 0.907583 -1.38722e-14
vt -7.9975 30.7921
vt -36.0491 30.7921
vt -39.9975 30.7921
vt -39.9975 30.7045
v 66.0341 29.4136 -28.0716
vt -35.9691 30.7045
f 406/931/285 405/932/284 594/933/284 560/934/248 559/935/247 595/936/285 

vt -7.9975 30.6108
vn -0.441596 0.897214 -1.37367e-14
vt -7.9975 30.6984
vt -35.9691 30.6984
vt -39.9975 30.6984
vt -39.9975 30.6108
v 65.9551 29.3759 -27.9926
vt -35.8901 30.6108
f 407/937/286 406/938/285 595/939/285 559/940/247 558/941/246 596/942/286 

vt -7.9975 30.4994
vn -0.463064 0.886325 -1.36093e-14
vt -7.9975 30.587
vt -35.8901 30.587
vt -39.9975 30.587
vt -39.9975 30.4994
v 65.8769 29.3362 -27.9144
vt -35.8119 30.4994
f 408/943/287 407/944/286 596/945/286 558/946/246 557/947/245 597/948/287 

vt -7.9975 30.3702
vn -0.484264 0.874922 -1.34896e-14
vt -7.9975 30.4579
vt -35.8119 30.4579
vt -39.9975 30.4579
vt -39.9975 30.3702
v 65.7997 29.2947 -27.8372
vt -35.7347 30.3702
f 409/949/288 408/950/287 597/951/287 557/952/245 556/953/244 598/954/288 

vt -7.9975 30.2235
vn -0.505183 0.863012 -1.33437e-14
vt -7.9975 30.3111
vt -35.7347 30.3111
vt -39.9975 30.3111
vt -39.9975 30.2235
v 65.7236 29.2514 -27.7611
vt -35.6586 30.2235
f 410/955/289 409/956/288 598/957/288 556/958/244 555/959/243 599/960/289 

vt -7.9975 30.0592
vt -7.9975 30.1468
vt -35.6586 30.1468
vt -39.9975 30.1468
vt -39.9975 30.0592
vt -35.5835 30.0592
f 384/961/122 410/962/289 599/963/289 555/964/243 386/965/123 385/966/122 

vt 38 39.9975
vn 1.15463e-14 -1 -1.54543e-14
vt -22 39.9975
v 0.0625 16.75 -22.1
vt 38 29.9975
f 579/967/290 502/968/290 499/600/290 600/969/290 

vn -1.06581e-14 -1 -4.15668e-14
vt -32 39.9975
f 448/601/291 499/600/291 502/968/291 554/970/291 

vt 22 10.7685
vn 2.09555e-14 0.358979 0.933346
vt 32 10.7685
vt 32 22.1969
vt 26.1026 22.1969
vn 1.79335e-14 0.36459 0.931168
v 0.0625 27.4166 -26.2026
vt -38 22.1969
vt -38 10.7685
f 499/971/292 448/972/136 449/973/137 500/974/293 601/975/293 600/976/292 

vt 26.1026 22.5322
vt 32 22.5322
vt 32 22.6199
vt 26.135 22.6199
vn 1.44154e-14 0.381341 0.924435
v 0.0625 27.498 -26.235
vt -38 22.6199
vt -38 22.5322
f 500/977/293 449/978/137 450/979/138 503/980/294 602/981/294 601/982/293 

vt 26.135 23.2807
vt 32 23.2807
vt 32 23.3684
vt 26.1694 23.3684
vn 1.34349e-14 0.403482 0.914988
v 0.0625 27.5786 -26.2694
vt -38 23.3684
vt -38 23.2807
f 503/983/294 450/984/138 451/985/139 505/986/295 603/987/295 602/988/294 

vt 26.1694 24.0157
vt 32 24.0157
vt 32 24.1034
vt 26.2057 24.1034
vn 1.24318e-14 0.425389 0.905011
v 0.0625 27.6584 -26.3057
vt -38 24.1034
vt -38 24.0157
f 505/989/295 451/990/139 452/991/140 507/992/296 604/993/296 603/994/295 

vt 26.2057 24.7368
vt 32 24.7368
vt 32 24.8244
vt 26.2439 24.8244
vn 1.13794e-14 0.447049 0.894509
v 0.0625 27.7372 -26.3439
vt -38 24.8244
vt -38 24.7368
f 507/995/296 452/996/140 453/997/141 509/998/297 605/999/297 604/1000/296 

vt 26.2439 25.4435
vt 32 25.4435
vt 32 25.5311
vt 26.284 25.5311
vn 1.03548e-14 0.46845 0.88349
v 0.0625 27.8151 -26.384
vt -38 25.5311
vt -38 25.4435
f 509/1001/297 453/1002/141 454/1003/142 511/1004/298 606/1005/298 605/1006/297 

vt 26.284 26.1354
vt 32 26.1354
vt 32 26.223
vt 26.326 26.223
vn 9.36274e-15 0.48958 0.871958
v 0.0625 27.892 -26.426
vt -38 26.223
vt -38 26.1354
f 511/1007/298 454/1008/142 455/1009/143 513/1010/299 607/1011/299 606/1012/298 

vt 32 26.8121
vt 32 26.8998
vt 26.3698 26.8998
vn 2.14561e-15 0.510427 0.859921
v 0.0625 27.9679 -26.4698
vt -38 26.8998
vt -38 26.8121
vt 26.326 26.8121
f 455/1013/143 456/1014/144 515/1015/300 608/1016/300 607/1017/299 513/1018/299 

vt 26.3698 27.4733
vt 32 27.4733
vt 32 27.561
vt 26.4155 27.561
vn -4.96564e-15 0.530977 0.847386
v 0.0625 28.0427 -26.5155
vt -38 27.561
vt -38 27.4733
f 515/1019/300 456/1020/144 457/1021/145 517/1022/301 609/1023/301 608/1024/300 

vt 26.4155 28.1186
vt 32 28.1186
vt 32 28.2062
vt 26.4629 28.2062
vn 2.30382e-16 0.55122 0.83436
v 0.0625 28.1164 -26.5629
vt -38 28.2062
vt -38 28.1186
f 517/1025/301 457/1026/145 458/1027/146 519/1028/302 610/1029/302 609/1030/301 

vt 26.4629 28.7475
vt 32 28.7475
vt 32 28.8351
vt 26.512 28.8351
vn 5.30597e-15 0.571144 0.82085
v 0.0625 28.1889 -26.612
vt -38 28.8351
vt -38 28.7475
f 519/1031/302 458/1032/146 459/1033/147 521/1034/303 611/1035/303 610/1036/302 

vt 26.512 29.3598
vt 32 29.3598
vt 32 29.4474
vt 26.563 29.4474
vn 4.27496e-15 0.590736 0.806865
v 0.0625 28.2602 -26.663
vt -38 29.4474
vt -38 29.3598
f 521/1037/303 459/1038/147 460/1039/148 523/1040/304 612/1041/304 611/1042/303 

vt 26.563 29.955
vt 32 29.955
vt 32 30.0426
vt 26.6156 30.0426
vn 3.24332e-15 0.609986 0.792412
v 0.0625 28.3303 -26.7156
vt -38 30.0426
vt -38 29.955
f 523/1043/304 460/1044/148 461/1045/149 525/1046/305 613/1047/305 612/1048/304 

vt 26.6156 30.5328
vt 32 30.5328
vt 32 30.6204
vt 26.6698 30.6204
vn 2.21178e-15 0.628883 0.7775
v 0.0625 28.3991 -26.7698
vt -38 30.6204
vt -38 30.5328
f 525/1049/305 461/1050/149 462/1051/150 527/1052/306 614/1053/306 613/1054/305 

vt 26.6698 31.0929
vt 32 31.0929
vt 32 31.1805
vt 26.7258 31.1805
vn 1.14215e-15 0.647415 0.762137
v 0.0625 28.4666 -26.8258
vt -38 31.1805
vt -38 31.0929
f 527/1055/306 462/1056/150 463/1057/151 529/1058/307 615/1059/307 614/1060/306 

vt 26.7258 31.6349
vt 32 31.6349
vt 32 31.7226
vt 26.7833 31.7226
vn 3.30592e-17 0.665572 0.746333
v 0.0625 28.5327 -26.8833
vt -38 31.7226
vt -38 31.6349
f 529/1061/307 463/1062/151 464/1063/152 531/1064/308 616/1065/308 615/1066/307 

vt 32 32.1587
vt 32 32.2463
vt 26.8424 32.2463
vn -1.05223e-15 0.683344 0.730097
v 0.0625 28.5973 -26.9424
vt -38 32.2463
vt -38 32.1587
vt 26.7833 32.1587
f 464/1067/152 465/1068/153 533/1069/309 617/1070/309 616/1071/308 531/1072/308 

vt 26.8424 32.6637
vt 32 32.6637
vt 32 32.7513
vt 26.903 32.7513
vn -2.05444e-15 0.700719 0.713437
v 0.0625 28.6606 -27.003
vt -38 32.7513
vt -38 32.6637
f 533/1073/309 465/1074/153 466/1075/154 535/1076/310 618/1077/310 617/1078/309 

vt 32 33.1498
vt 32 33.2374
vt 26.9652 33.2374
vn -2.97875e-15 0.717689 0.696364
v 0.0625 28.7224 -27.0652
vt -38 33.2374
vt -38 33.1498
vt 26.903 33.1498
f 466/1079/154 467/1080/155 537/1081/311 619/1082/311 618/1083/310 535/1084/310 

vt 32 33.6167
vt 32 33.7043
vt 27.0288 33.7043
vn -3.95499e-15 0.734243 0.678887
v 0.0625 28.7826 -27.1288
vt -38 33.7043
vt -38 33.6167
vt 26.9652 33.6167
f 467/1085/155 468/1086/156 539/1087/312 620/1088/312 619/1089/311 537/1090/311 

vt 32 34.064
vt 32 34.1516
vt 27.0938 34.1516
vn -5.04569e-15 0.750371 0.661017
v 0.0625 28.8413 -27.1938
vt -38 34.1516
vt -38 34.064
vt 27.0288 34.064
f 468/1091/156 469/1092/157 541/1093/313 621/1094/313 620/1095/312 539/1096/312 

vt 32 34.4916
vt 32 34.5792
vt 27.1603 34.5792
vn -6.09892e-15 0.766064 0.642764
v 0.0625 28.8985 -27.2603
vt -38 34.5792
vt -38 34.4916
vt 27.0938 34.4916
f 469/1097/157 470/1098/158 543/1099/314 622/1100/314 621/1101/313 541/1102/313 

vt 32 34.8992
vt 32 34.9868
vt 27.2281 34.9868
vn -7.08576e-15 0.781314 0.624139
v 0.0625 28.954 -27.3281
vt -38 34.9868
vt -38 34.8992
vt 27.1603 34.8992
f 470/1103/158 471/1104/159 545/1105/315 623/1106/315 622/1107/314 543/1108/314 

vt 32 35.2865
vt 32 35.3741
vt 27.2972 35.3741
vn -8.10075e-15 0.79611 0.605151
v 0.0625 29.0078 -27.3972
vt -38 35.3741
vt -38 35.2865
vt 27.2281 35.2865
f 471/1109/159 472/1110/160 547/1111/316 624/1112/316 623/1113/315 545/1114/315 

vt 32 35.6534
vt 32 35.741
vt 27.3676 35.741
vn -9.10867e-15 0.810446 0.585814
v 0.0625 29.06 -27.4676
vt -38 35.741
vt -38 35.6534
vt 27.2972 35.6534
f 472/1115/160 473/1116/161 549/1117/317 625/1118/317 624/1119/316 547/1120/316 

vt 32 35.9995
vt 32 36.0872
vt 27.4392 36.0872
vn -1.01399e-14 0.824312 0.566136
v 0.0625 29.1105 -27.5392
vt -38 36.0872
vt -38 35.9995
vt 27.3676 35.9995
f 473/1121/161 474/1122/162 551/1123/318 626/1124/318 625/1125/317 549/1126/317 

vt 32 36.3248
vt 32 36.4125
vt 27.512 36.4125
vn -1.11633e-14 0.8377 0.546131
v 0.0625 29.1592 -27.612
vt -38 36.4125
vt -38 36.3248
vt 27.4392 36.3248
f 474/1127/162 475/1128/163 388/1129/319 627/1130/319 626/1131/318 551/1132/318 

vt 32 36.629
vt 32 36.7167
vt 27.586 36.7167
vn -1.21294e-14 0.850602 0.525809
v 0.0625 29.2062 -27.686
vt -38 36.7167
vt -38 36.629
vt 27.512 36.629
f 475/1133/163 476/1134/164 385/1135/320 628/1136/320 627/1137/319 388/1138/319 

vt 32 36.912
vt 32 36.9996
vt 27.6611 36.9996
vn -1.30857e-14 0.863012 0.505183
v 0.0625 29.2514 -27.7611
vt -38 36.9996
vt -38 36.912
vt 27.586 36.912
f 476/1139/164 477/1140/165 599/1141/321 629/1142/321 628/1143/320 385/1144/320 

vt 32 37.1736
vt 32 37.2612
vt 27.7372 37.2612
vn -1.40004e-14 0.874922 0.484264
v 0.0625 29.2947 -27.8372
vt -38 37.2612
vt -38 37.1736
vt 27.6611 37.1736
f 477/1145/165 478/1146/166 598/1147/322 630/1148/322 629/1149/321 599/1150/321 

vt 32 37.4135
vt 32 37.5012
vt 27.8144 37.5012
vn -1.49246e-14 0.886325 0.463064
v 0.0625 29.3362 -27.9144
vt -38 37.5012
vt -38 37.4135
vt 27.7372 37.4135
f 478/1151/166 479/1152/167 597/1153/323 631/1154/323 630/1155/322 598/1156/322 

vt 32 37.6318
vt 32 37.7194
vt 27.8926 37.7194
vn -1.58685e-14 0.897214 0.441596
v 0.0625 29.3759 -27.9926
vt -38 37.7194
vt -38 37.6318
vt 27.8144 37.6318
f 479/1157/167 480/1158/168 596/1159/324 632/1160/324 631/1161/323 597/1162/323 

vt 32 37.8283
vt 32 37.9159
vt 27.9716 37.9159
vn -1.67267e-14 0.907583 0.419872
v 0.0625 29.4136 -28.0716
vt -38 37.9159
vt -38 37.8283
vt 27.8926 37.8283
f 480/1163/168 481/1164/169 595/1165/325 633/1166/325 632/1167/324 596/1168/324 

vt 32 38.0028
vt 32 38.0904
vt 28.0516 38.0904
vn -2.03727e-14 0.917427 0.397905
v 0.0625 29.4494 -28.1516
vt -38 38.0904
vt -38 38.0028
vt 27.9716 38.0028
f 481/1169/169 482/1170/170 594/1171/326 634/1172/326 633/1173/325 595/1174/325 

vt 32 38.2428
vt 28.1324 38.2428
vn -2.39492e-14 0.926739 0.375707
v 0.0625 29.4833 -28.2324
vt -38 38.2428
vt -38 38.1552
vt 28.0516 38.1552
vt 32 38.1552
f 483/1175/171 593/1176/327 635/1177/327 634/1178/326 594/1179/326 482/1180/170 

vt 32 38.2855
vt 32 38.3732
vt 28.214 38.3732
vn -2.20746e-14 0.935513 0.353291
v 0.0625 29.5153 -28.314
vt -38 38.3732
vt -38 38.2855
vt 28.1324 38.2855
f 483/1181/171 484/1182/172 592/1183/328 636/1184/328 635/1185/327 593/1186/327 

vt 32 38.3937
vt 32 38.4813
vt 28.2963 38.4813
vn -2.02956e-14 0.943746 0.330671
v 0.0625 29.5452 -28.3963
vt -38 38.4813
vt -38 38.3937
vt 28.214 38.3937
f 484/1187/172 485/1188/173 591/1189/329 637/1190/329 636/1191/328 592/1192/328 

vt 32 38.4795
vt 32 38.5671
vt 28.3794 38.5671
vn -2.32902e-14 0.951432 0.307859
v 0.0625 29.5732 -28.4794
vt -38 38.5671
vt -38 38.4795
vt 28.2963 38.4795
f 485/1193/173 486/1194/174 590/1195/330 638/1196/330 637/1197/329 591/1198/329 

vt 32 38.6306
vt 28.4631 38.6306
vn -2.61257e-14 0.958567 0.284869
v 0.0625 29.5992 -28.5631
vt -38 38.6306
vt -38 38.543
vt 28.3794 38.543
vt 32 38.543
f 487/1199/175 589/1200/331 639/1201/331 638/1202/330 590/1203/330 486/1204/174 

vt 32 38.5842
vt 32 38.6718
vt 28.5473 38.6718
vn -2.4891e-14 0.965146 0.261713
v 0.0625 29.6231 -28.6473
vt -38 38.6718
vt -38 38.5842
vt 28.4631 38.5842
f 487/1205/175 488/1206/176 588/1207/332 640/1208/332 639/1209/331 589/1210/331 

vt 32 38.6029
vt 32 38.6906
vt 28.6322 38.6906
vn -2.37048e-14 0.971166 0.238406
v 0.0625 29.645 -28.7322
vt -38 38.6906
vt -38 38.6029
vt 28.5473 38.6029
f 488/1211/176 489/1212/177 587/1213/333 641/1214/333 640/1215/332 588/1216/332 

vt 32 38.5993
vt 32 38.6869
vt 28.7175 38.6869
vn -2.43259e-14 0.976623 0.214961
v 0.0625 29.6649 -28.8175
vt -38 38.6869
vt -38 38.5993
vt 28.6322 38.5993
f 489/1217/177 490/1218/178 586/1219/334 642/1220/334 641/1221/333 587/1222/333 

vt 32 38.5733
vt 32 38.6609
vt 28.8033 38.6609
vn -2.50907e-14 0.981514 0.191391
v 0.0625 29.6827 -28.9033
vt -38 38.6609
vt -38 38.5733
vt 28.7175 38.5733
f 490/1223/178 491/1224/179 585/1225/335 643/1226/335 642/1227/334 586/1228/334 

vt 32 38.5249
vt 32 38.6125
vt 28.8895 38.6125
vn -2.60001e-14 0.985836 0.167711
v 0.0625 29.6984 -28.9895
vt -38 38.6125
vt -38 38.5249
vt 28.8033 38.5249
f 491/1229/179 492/1230/180 584/1231/336 644/1232/336 643/1233/335 585/1234/335 

vt 32 38.4542
vt 32 38.5418
vt 28.9761 38.5418
vn -2.68116e-14 0.989587 0.143933
v 0.0625 29.7121 -29.0761
vt -38 38.5418
vt -38 38.4542
vt 28.8895 38.4542
f 492/1235/180 493/1236/181 583/1237/337 645/1238/337 644/1239/336 584/1240/336 

vt 32 38.3611
vt 32 38.4488
vt 29.0629 38.4488
vn -2.75241e-14 0.992765 0.120072
v 0.0625 29.7237 -29.1629
vt -38 38.4488
vt -38 38.3611
vt 28.9761 38.3611
f 493/1241/181 494/1242/182 582/1243/338 646/1244/338 645/1245/337 583/1246/337 

vt 32 38.2458
vt 32 38.3335
vt 29.15 38.3335
vn -2.81607e-14 0.995368 0.0961411
v 0.0625 29.7331 -29.25
vt -38 38.3335
vt -38 38.2458
vt 29.0629 38.2458
f 494/1247/182 495/1248/183 581/1249/339 647/1250/339 646/1251/338 582/1252/338 

vt 32 38.1084
vt 32 38.196
vt 29.2374 38.196
vn -2.87787e-14 0.997393 0.0721546
v 0.0625 29.7405 -29.3374
vt -38 38.196
vt -38 38.1084
vt 29.15 38.1084
f 495/1253/183 496/1254/184 580/1255/340 648/1256/340 647/1257/339 581/1258/339 

vt 32 37.9488
vt 32 38.0364
vt 29.3248 38.0364
vt -38 38.0364
vt -38 37.9488
vt 29.2374 37.9488
f 496/1259/184 497/1260/185 444/1261/265 576/1262/265 648/1263/340 580/1264/340 

vt -39.9975 13
vn -1 5.19573e-14 4.49441e-14
vt -39.9975 1.25276e-13
vt -29.9975 1.25276e-13
vt -34.1001 10.6666
vt -34.1325 10.748
vt -34.1669 10.8286
vt -34.2032 10.9084
vt -34.2414 10.9872
vt -34.2815 11.0651
vt -34.3235 11.142
vt -34.3673 11.2179
vt -34.413 11.2927
vt -34.4604 11.3664
vt -34.5095 11.4389
vt -34.5605 11.5102
vt -34.6131 11.5803
vt -34.6673 11.6491
vt -34.7233 11.7166
vt -34.7808 11.7827
vt -34.8399 11.8473
vt -34.9005 11.9106
vt -34.9627 11.9724
vt -35.0263 12.0326
vt -35.0913 12.0913
vt -35.1578 12.1485
vt -35.2256 12.204
vt -35.2947 12.2578
vt -35.3651 12.31
vt -35.4367 12.3605
vt -35.5095 12.4092
vt -35.5835 12.4562
vt -35.6586 12.5014
vt -35.7347 12.5447
vt -35.8119 12.5862
vt -35.8901 12.6259
vt -35.9691 12.6636
vt -36.0491 12.6994
vt -36.1299 12.7333
vt -36.2115 12.7653
vt -36.2938 12.7952
vt -36.3769 12.8232
vt -36.4606 12.8492
vt -36.5448 12.8731
vt -36.6297 12.895
vt -36.715 12.9149
vt -36.8008 12.9327
vt -36.887 12.9484
vt -36.9736 12.9621
vt -37.0604 12.9737
vt -37.1475 12.9831
vt -37.2349 12.9905
vt -37.3223 12.9958
vt -37.4099 12.9989
vt -37.4975 13
f 578/1265/341 579/1266/341 600/1267/341 601/1268/341 602/1269/341 603/1270/341 604/1271/341 605/1272/341 606/1273/341 607/1274/341 608/1275/341 609/1276/341 610/1277/341 611/1278/341 612/1279/341 613/1280/341 614/1281/341 615/1282/341 616/1283/341 617/1284/341 618/1285/341 619/1286/341 620/1287/341 621/1288/341 622/1289/341 623/1290/341 624/1291/341 625/1292/341 626/1293/341 627/1294/341 628/1295/341 629/1296/341 630/1297/341 631/1298/341 632/1299/341 633/1300/341 634/1301/341 635/1302/341 636/1303/341 637/1304/341 638/1305/341 639/1306/341 640/1307/341 641/1308/341 642/1309/341 643/1310/341 644/1311/341 645/1312/341 646/1313/341 647/1314/341 648/1315/341 576/1316/341 575/1317/341 577/1318/341 

g Mesh26 Component_278_3 Group28 Group1 Model

usemtl FrontColor
v 5.0625 24.75 -34.1625
vn 1.46656e-11 7.3328e-12 1
v 6.0625 24.75 -34.1625
v 6.0625 26.75 -34.1625
v 5.0625 26.75 -34.1625
f 649/429/342 650/430/342 651/12/342 652/431/342 

v 6.0625 24.75 -32.1625
vn 1 6.61209e-14 -3.12407e-13
v 6.0625 24.65 -32.1625
v 6.0625 24.65 -34.2625
v 6.0625 26.85 -34.2625
v 6.0625 26.85 -32.1625
v 6.0625 26.75 -32.1625
f 653/432/343 654/433/343 655/434/343 656/435/343 657/436/343 658/437/343 651/155/343 650/438/343 

vn 1.41014e-32 0 1
v 5.0625 24.75 -32.1625
v 5.0625 24.65 -32.1625
f 653/439/344 659/440/344 660/441/344 654/442/344 

vn -1 0 -1.41014e-32
v 5.0625 24.65 -34.1625
f 659/443/345 649/444/345 661/445/345 660/446/345 

vn -1 4.31386e-09 1.55065e-11
v 5.0625 26.75 -32.1625
v 5.0625 26.85 -32.1625
v 5.0625 26.85 -34.2625
v 5.0625 24.65 -34.2625
f 661/445/346 649/447/346 652/149/346 662/448/346 663/449/346 664/450/346 665/451/346 

vn 0 -1 -0
f 662/452/347 652/453/347 651/3/347 658/454/347 

f 662/455/344 658/12/344 657/456/344 663/457/344 

vn -6.72084e-25 1 -1.91222e-13
f 656/456/348 664/458/348 663/459/348 657/460/348 

vn -1.46656e-11 -7.3328e-12 -1
f 656/461/349 655/462/349 665/463/349 664/464/349 

f 655/461/347 654/465/347 660/466/347 661/467/347 665/468/347 

g Mesh27 Component_278_4 Group28 Group1 Model

v 72.0625 24.75 -6.1625
vn -1 1.7647e-11 1.46653e-11
v 72.0625 24.75 -5.1625
v 72.0625 26.75 -5.1625
v 72.0625 26.75 -6.1625
f 666/429/350 667/430/350 668/12/350 669/431/350 

v 70.0625 24.75 -5.1625
vn 3.12143e-13 6.81565e-12 1
v 70.0625 24.65 -5.1625
v 72.1625 24.65 -5.1625
v 72.1625 26.85 -5.1625
v 70.0625 26.85 -5.1625
v 70.0625 26.75 -5.1625
f 670/432/351 671/433/351 672/434/351 673/435/351 674/436/351 675/437/351 668/155/351 667/438/351 

vn -1 1.03142e-11 -2.63678e-16
v 70.0625 24.75 -6.1625
v 70.0625 24.65 -6.1625
f 670/439/352 676/440/352 677/441/352 671/442/352 

vn 2.63678e-16 -6.74953e-12 -1
v 72.0625 24.65 -6.1625
f 676/443/353 666/444/353 678/445/353 677/446/353 

vn -1.55062e-11 4.30711e-09 -1
v 70.0625 26.75 -6.1625
v 70.0625 26.85 -6.1625
v 72.1625 26.85 -6.1625
v 72.1625 24.65 -6.1625
f 678/445/354 666/447/354 669/149/354 679/448/354 680/449/354 681/450/354 682/451/354 

vn -1.03142e-11 -1 6.74953e-12
f 679/452/355 669/453/355 668/3/355 675/454/355 

f 679/455/352 675/12/352 674/456/352 680/457/352 

vn 1.05054e-11 1 -6.74953e-12
f 673/456/356 681/458/356 680/459/356 674/460/356 

vn 1 -1.7647e-11 -1.46653e-11
f 673/461/357 672/462/357 682/463/357 681/464/357 

f 672/461/355 671/465/355 677/466/355 678/467/355 682/468/355 

g Mesh28 Pillow_Abernathy_23_1 Pillow_Abernathy_SKU_EAN5489__17_1 Group1 Model

usemtl _Color_M03_1
v 45.5305 16.7221 -16.2846
vt 20.374 -3.15141
vn -0.137576 -0.989871 0.035033
v 46.0424 16.6072 -16.4137
vt 20.9649 -2.86698
vn 0.216176 -0.928709 -0.301275
v 46.7959 16.5595 -15.2539
vt 23.8917 -3.20779
vn 0.00159156 -0.997008 -0.0772765
f 683/1319/358 684/1320/359 685/1321/360

vt 18.5225 -7.23541
v 46.3146 16.6933 -16.9692
vt 18.844 -6.55398
vn 0.407076 -0.767604 -0.495049
vt 19.1684 -7.12194
f 683/1322/358 686/1323/361 684/1324/359

vt 20.5189 -1.6007
v 44.8393 16.8017 -17.7784
vt 17.1483 -1.1884
vn 0.251496 -0.923822 -0.288621
vt 20.6269 -0.855041
f 683/1325/358 687/1326/362 686/1327/361

v 44.5023 16.8616 -17.3663
vt 17.1152 -2.79603
vn -0.34738 -0.896623 0.27458
vt 17.0028 -2.42035
vt 20.3479 -3.00446
f 688/1328/363 687/1329/362 683/1330/358

v 43.994 16.8122 -17.9056
vt 15.8748 0.708125
vn -0.200415 -0.964565 0.171604
vt 17.2631 1.30435
vt 17.4525 0.960947
f 689/1331/364 687/1332/362 688/1333/363

vt 15.8146 1.74592
v 44.3807 16.717 -18.3954
vt 15.5451 2.12295
vn 0.362285 -0.857486 -0.365332
vt 17.1588 2.43607
f 689/1334/364 690/1335/365 687/1336/362

v 43.6488 16.7978 -18.2007
vt 14.9164 0.494999
vn -0.253922 -0.955154 0.152329
vt 15.6298 1.07886
vt 15.8738 0.684865
f 691/1337/366 690/1338/365 689/1339/364

v 43.4523 16.8853 -18.7154
vt 13.2153 -2.85888
vn 0.125166 -0.974073 -0.188457
vt 15.1423 -2.79312
vt 14.2967 -3.16014
f 692/1340/367 690/1341/365 691/1342/366

vt 13.1914 -2.61137
v 44.6383 16.7715 -18.8406
vt 14.8455 -2.14487
vn 0.466266 -0.751944 -0.466021
vt 15.1187 -2.55545
f 692/1343/367 693/1344/368 690/1345/365

vt 13.145 -2.6541
v 44.2243 17.0283 -19.7986
vt 12.712 -1.59363
vn 0.513651 -0.676081 -0.528278
vt 14.8034 -2.20294
f 692/1346/367 694/1347/369 693/1348/368

v 43.2615 16.7228 -19.8072
vt 11.7635 1.52202
vn 0.341726 -0.869962 -0.355514
vt 13.0676 2.41668
vt 13.7835 1.52251
f 695/1349/370 694/1350/369 692/1351/367

vt 11.7268 0.454125
v 43.1198 16.8233 -20.462
vt 10.4725 0.700563
vn 0.461456 -0.745974 -0.480189
vt 13.1222 1.19824
f 695/1352/370 696/1353/371 694/1354/369

v 42.8139 16.7492 -19.8449
vt 10.7641 -1.4781
vn 0.120901 -0.974938 -0.186758
vt 10.2756 -0.955581
vt 11.5043 -1.3079
f 697/1355/372 696/1356/371 695/1357/370

v 41.9626 16.8472 -20.5822
vt 8.41656 -1.12174
vn 0.104728 -0.982563 -0.153629
vt 10.3472 -0.621318
vt 10.85 -1.13006
f 698/1358/373 696/1359/371 697/1360/372

vt 8.45261 -1.09287
v 42.5178 16.9047 -21.2885
vt 8.1804 -0.424151
vn 0.439949 -0.763995 -0.471971
vt 10.3766 -0.56731
f 698/1361/373 699/1362/374 696/1363/371

v 40.8232 16.7398 -21.0751
vt 6.21783 -0.874649
vn -0.113189 -0.982593 0.147306
vt 8.31026 0.367394
vt 8.64073 -0.274537
f 700/1364/375 699/1365/374 698/1366/373

vt 6.36943 -0.45826
v 41.4543 16.7689 -21.4497
vt 6.62889 0.125472
vn 0.460124 -0.765251 -0.450197
vt 8.34382 0.963957
f 700/1367/375 701/1368/376 699/1369/374

v 40.2195 16.4644 -21.5293
vt 5.02516 0.1564
vn -0.179529 -0.95814 0.223016
vt 6.56344 1.5777
vt 6.44094 0.950756
f 702/1370/377 701/1371/376 700/1372/375

vt 4.80129 -0.749293
v 40.9364 16.6063 -22.0467
vt 4.94805 -0.0209495
vn 0.523657 -0.682888 -0.509359
vt 6.61976 0.289748
f 702/1373/377 703/1374/378 701/1375/376

v 40.0456 16.3502 -22.2107
vt 3.51358 -0.678482
vn 0.39007 -0.84247 -0.371605
vt 4.97634 0.0999127
vt 4.84818 -0.631932
f 704/1376/379 703/1377/378 702/1378/377

vt 3.16202 -0.523534
v 40.8453 16.7736 -22.5761
vt 3.73271 0.351717
vn 0.585829 -0.549237 -0.595939
vt 4.71573 0.0522759
f 704/1379/379 705/1380/380 703/1381/378

v 39.712 16.3345 -22.788
vt 1.89026 -0.477463
vn 0.575544 -0.565431 -0.590794
vt 3.8325 0.411098
vt 3.29228 -0.483282
f 706/1382/381 705/1383/380 704/1384/379

v 42.4081 18.0096 -22.8727
vt 5.36155 2.72212
vn 0.596936 -0.452 -0.662845
vt 3.59625 0.841481
vt 1.60652 0.0650819
f 707/1385/382 705/1386/380 706/1387/381

vt 5.4234 2.69963
v 41.7337 17.0896 -22.2643
vt 5.46175 1.35056
vn 0.581798 -0.557632 -0.59208
vt 3.68102 0.797743
f 707/1388/382 708/1389/383 705/1390/380

vt 5.34473 1.24701
vt 5.33157 2.59655
v 42.46 17.2265 -22.078
vt 6.71719 1.58076
vn 0.544518 -0.589523 -0.596627
f 708/1391/383 707/1392/382 709/1393/384

vt 5.19142 2.1905
v 43.8871 18.1049 -22.7888
vt 7.58563 2.75208
vn 0.591294 -0.504036 -0.629538
vt 6.55009 1.13893
f 707/1394/382 710/1395/385 709/1396/384

v 44.4129 19.2865 -23.552
vt 7.06567 4.65153
vn 0.631836 -0.40932 -0.65821
vt 7.53108 3.03642
vt 5.13176 2.49709
f 711/1397/386 710/1398/385 707/1399/382

vt 7.23572 5.11294
v 44.3264 18.1778 -22.4224
vt 8.99583 3.65468
vn 0.638034 -0.464842 -0.613868
vt 7.77647 3.52147
f 711/1400/386 712/1401/387 710/1402/385

vt 7.23274 5.21925
v 45.1541 19.1905 -22.353
vt 10.2273 5.08635
vn 0.649099 -0.424526 -0.631228
vt 9.00465 3.77535
f 711/1403/386 713/1404/388 712/1405/387

v 45.9528 20.8618 -22.9328
vt 10.3138 7.23162
vn 0.665831 -0.355518 -0.655955
vt 10.227 5.09767
vt 7.23251 5.23019
f 714/1406/389 713/1407/388 711/1408/386

v 46.6183 20.0992 -21.6347
vt 13.4301 6.2842
vn 0.655036 -0.387302 -0.648788
vt 10.2249 5.03407
vt 10.3252 7.16743
f 715/1409/390 713/1410/388 714/1411/389

vt 13.4307 6.27569
v 45.9258 18.4506 -20.6902
vt 14.0634 4.10674
vn 0.62939 -0.457997 -0.62778
vt 10.2288 5.0169
f 715/1412/390 716/1413/391 713/1414/388

vt 13.4286 6.20713
v 47.2982 19.2161 -20.1431
vt 16.8696 5.15132
vn 0.641623 -0.42009 -0.64175
vt 14.0516 4.03538
f 715/1415/390 717/1416/392 716/1417/391

v 48.3249 20.7005 -20.3231
vt 17.958 7.16971
vn 0.663177 -0.357166 -0.657745
vt 16.8745 5.25033
vt 13.431 6.29773
f 718/1418/393 717/1419/392 715/1420/390

vt 17.9564 7.14107
v 50.7197 20.3303 -17.7817
vt 25.539 6.92929
vn 0.658069 -0.36774 -0.657048
vt 16.8688 5.22399
f 718/1421/393 719/1422/394 717/1423/392

v 51.6282 21.775 -17.6889
vt 26.8804 8.7677
vn 0.679225 -0.32519 -0.657955
vt 25.5395 6.99567
vt 17.9569 7.20619
f 720/1424/395 719/1425/394 718/1426/393

v 51.3474 19.4947 -16.6632
vt 28.3161 6.07096
vn 0.669359 -0.39516 -0.629132
vt 25.5404 6.99883
vt 26.8809 8.77112
f 721/1427/396 719/1428/394 720/1429/395

vt 28.3022 5.93087
v 49.9023 18.925 -17.4229
vt 25.0193 5.05533
vn 0.634327 -0.420111 -0.64895
vt 25.5284 6.86466
f 721/1430/396 722/1431/397 719/1432/394

v 50.1964 17.7564 -16.2204
vt 27.468 3.62913
vn 0.627031 -0.48308 -0.611118
vt 25.0254 5.03772
vt 28.3076 5.91612
f 723/1433/398 722/1434/397 721/1435/396

vt 27.4187 3.35523
v 49.0641 17.3639 -16.6043
vt 25.1636 2.67314
vn 0.582039 -0.519035 -0.625966
vt 24.9842 4.77759
f 723/1436/398 724/1437/399 722/1438/397

vt 27.4863 3.44197
v 48.9454 16.7431 -15.5482
vt 26.7893 1.73556
vn 0.540323 -0.633846 -0.553435
vt 25.244 2.71876
f 723/1439/398 725/1440/400 724/1441/399

v 49.3767 16.8195 -15.0552
vt 28.203 2.38109
vn 0.589926 -0.570143 -0.571772
vt 26.798 2.26602
vt 27.4598 3.98637
f 726/1442/401 725/1443/400 723/1444/398

vt 26.7901 2.35748
vt 28.1944 2.47989
v 49.0835 16.4947 -14.2735
vt 29.0426 1.79345
vn 0.509331 -0.674358 -0.534625
f 725/1445/400 726/1446/401 727/1447/402

v 49.5905 16.5091 -13.8408
vt 30.4529 0.865494
vn 0.590337 -0.557477 -0.583714
vt 29.0228 0.774886
vt 28.1974 1.48856
f 728/1448/403 727/1449/402 726/1450/401

vt 29.0128 0.876864
vt 30.4432 0.961894
v 49.5501 15.9798 -12.6221
vt 32.348 0.0301939
vn 0.473166 -0.693383 -0.543446
f 727/1451/402 728/1452/403 729/1453/404

v 50.0783 16.2435 -12.523
vt 33.3018 1.17857
vn 0.651361 -0.447322 -0.612888
vt 32.3959 0.727885
vt 30.4746 1.62512
f 730/1454/405 729/1455/404 728/1456/403

vt 33.1988 0.655537
v 49.7698 15.5393 -11.9231
vt 33.7477 -0.339101
vn 0.574884 -0.551537 -0.604413
vt 32.2826 0.226249
f 730/1457/405 731/1458/406 729/1459/404

v 49.8514 15.25 -11.2923
vt 35.017 0.153117
vn 0.586186 -0.688715 -0.426681
vt 33.8669 0.574732
vt 33.2934 1.55535
f 732/1460/407 731/1461/406 730/1462/405

v 49.6204 15.3897 -11.6717
vt 33.7653 -2.229
vn 0.122774 -0.942514 -0.310795
vt 33.589 -1.92932
vt 34.7135 -2.41511
f 733/1463/408 731/1464/406 732/1465/407

vt 31.4421 -3.66581
vt 32.8648 -4.33075
vt 33.0217 -4.64104
f 729/1466/404 731/1467/406 733/1468/408

v 49.2271 15.8194 -12.1074
vt 28.1428 -12.6027
vn -0.249697 -0.967805 -0.0317164
vt 27.9913 -12.0142
vt 29.3507 -13.2784
f 734/1469/409 729/1470/404 733/1471/408

v 48.8251 16.0878 -12.6051
vt 29.9968 -6.13642
vn -0.144806 -0.989418 -0.00909353
vt 31.1152 -5.98187
vt 31.3728 -6.53216
f 735/1472/410 729/1473/404 734/1474/409

v 48.6535 16.2336 -13.5973
vt 28.8539 -4.95688
vn 0.199643 -0.928576 -0.312873
vt 31.7161 -5.39883
vt 30.6097 -5.62389
f 736/1475/411 729/1476/404 735/1477/410

vt 29.2387 -1.72923
vt 28.8258 -1.01277
vt 32.1222 -1.99974
f 736/1478/411 727/1479/402 729/1480/404

vt 29.3297 -1.22186
v 48.146 16.3991 -14.3323
vt 27.411 -0.990295
vn 0.270617 -0.901243 -0.338418
vt 28.9054 -0.512098
f 736/1481/411 737/1482/412 727/1483/402

v 48.016 16.4608 -13.6127
vt 20.2987 -19.7106
vn -0.342609 -0.916491 0.206551
vt 19.8418 -18.8088
vt 21.2754 -20.1048
f 738/1484/413 737/1485/412 736/1486/411

v 47.5855 16.5419 -14.0932
vt 26.1516 -6.83386
vn -0.281094 -0.941878 0.18399
vt 26.6927 -6.53297
vt 27.5286 -7.10152
f 739/1487/414 737/1488/412 738/1489/413

vt 26.3145 -6.26026
v 47.5769 16.4883 -15.0893
vt 24.8442 -5.54778
vn 0.205737 -0.941546 -0.266767
vt 26.8486 -5.94712
f 739/1490/414 740/1491/415 737/1492/412

v 46.8674 16.5983 -14.8171
vt 24.8343 -1.88909
vn -0.279589 -0.938444 0.202862
vt 25.4799 -1.40357
vt 27.0423 -1.88128
f 741/1493/416 740/1494/415 739/1495/414

vt 24.9514 0.237259
vt 24.1543 0.34108
vt 25.552 0.777359
f 741/1496/416 685/1497/360 740/1498/415

v 46.4121 16.7531 -14.8733
vt -15.5618 -18.4285
vn -0.550206 -0.69043 0.469658
vt -15.2433 -18.6414
vt -15.8229 -19.1984
f 742/1499/417 685/1500/360 741/1501/416

vt -20.6531 0.922014
vt -24.1493 0.530252
vt -24.1776 0.912243
f 683/1502/358 685/1503/360 742/1504/417

v 45.2342 16.9978 -15.8804
vt -20.8352 1.69188
vn -0.652193 -0.492352 0.576397
vt -20.6508 1.3129
vt -24.1753 1.31199
f 743/1505/418 683/1506/358 742/1507/417

vt -20.8253 1.8338
vt -17.4114 1.67132
vt -20.6435 1.45356
f 743/1508/418 688/1509/363 683/1510/358

v 44.1233 17.1519 -17.0937
vt -17.2714 2.00566
vn -0.646518 -0.47144 0.599799
vt -17.4185 1.61684
vt -20.8332 1.76091
f 744/1511/419 688/1512/363 743/1513/418

vt -16.6707 5.00987
vt -15.3031 4.41752
vt -16.8836 4.6528
f 744/1514/419 689/1515/364 688/1516/363

v 43.5465 17.0212 -17.6651
vt -12.3633 9.6166
vn -0.632821 -0.422075 0.649146
vt -12.8057 9.44739
vt -13.89 10.4698
f 745/1517/420 689/1518/364 744/1519/419

vt -13.4486 8.067
vt -12.9488 7.51519
vt -13.8672 7.8454
f 745/1520/420 691/1521/366 689/1522/364

vt -15.6201 0.767879
v 42.963 17.1743 -18.316
vt -13.74 1.09231
vn -0.636592 -0.518032 0.571309
vt -14.9168 0.523581
f 745/1523/420 746/1524/421 691/1525/366

v 43.1689 17.4712 -17.3898
vt -15.4113 2.43781
vn -0.679165 -0.16622 0.714917
vt -13.664 2.13871
vt -15.5608 1.93324
f 747/1526/422 746/1527/421 745/1528/420

v 42.3828 17.9052 -17.9805
vt -13.3273 2.77184
vn -0.722437 -0.0662626 0.688255
vt -13.6893 1.96831
vt -15.4406 2.24333
f 748/1529/423 746/1530/421 747/1531/422

vt -12.4421 5.00077
v 42.1548 17.2497 -18.7146
vt -11.0965 4.16979
vn -0.669517 -0.385011 0.635227
vt -12.9424 4.27526
f 748/1532/423 749/1533/424 746/1534/421

v 41.8088 17.3232 -19.0532
vt -10.6155 2.7021
vn -0.705605 -0.241111 0.666324
vt -11.6685 2.64927
vt -13.0857 3.35111
f 750/1535/425 749/1536/424 748/1537/423

vt -10.7766 2.57102
v 42.3292 16.8953 -19.3594
vt -11.0877 2.03354
vn -0.443372 -0.81796 0.366556
vt -11.8257 2.46596
f 750/1538/425 751/1539/426 749/1540/424

vt -10.6303 3.14476
v 41.8614 16.9569 -19.8079
vt -9.56483 2.66889
vn -0.461283 -0.805257 0.372531
vt -10.9695 2.6246
f 750/1541/425 752/1542/427 751/1543/426

v 40.8368 17.7051 -19.6288
vt -8.38673 3.1482
vn -0.713608 -0.230071 0.661687
vt -9.67118 2.24895
vt -10.7567 2.67719
f 753/1544/428 752/1545/427 750/1546/425

vt -8.16791 3.66349
v 41.2252 17.0916 -20.2854
vt -7.79589 2.9436
vn -0.550146 -0.652479 0.521163
vt -9.50642 2.8469
f 753/1547/428 754/1548/429 752/1549/427

v 40.5326 17.2077 -20.5424
vt -5.75923 4.01333
vn -0.686707 -0.251885 0.6819
vt -7.22233 4.06999
vt -7.48538 4.83644
f 755/1550/430 754/1551/429 753/1552/428

vt -5.751 4.04701
vt -5.4963 3.44544
vt -7.21399 4.10632
f 755/1553/430 700/1554/375 754/1555/429

vt -4.34338 5.42469
vt -2.85186 3.95904
vt -4.2538 4.77758
f 755/1556/430 702/1557/377 700/1558/375

v 39.8829 17.1079 -21.0066
vt -4.11253 3.48065
vn -0.703975 -0.102058 0.702854
vt -3.96533 2.75271
vt -5.77992 3.79194
f 756/1559/431 702/1560/377 755/1561/430

vt -3.91274 3.65415
v 39.6242 16.5227 -21.7244
vt -2.58431 2.80495
vn -0.615593 -0.463243 0.637535
vt -3.79535 2.92082
f 756/1562/431 757/1563/432 702/1564/377

v 39.4721 17.4275 -21.2204
vt -3.71478 2.70193
vn -0.718913 0.066067 0.691953
vt -3.25357 1.76312
vt -4.69656 2.39846
f 758/1565/433 757/1566/432 756/1567/431

vt -3.4417 2.93275
v 38.9884 16.6791 -22.0736
vt -1.50483 2.03257
vn -0.723648 0.0795197 0.685573
vt -3.02405 1.97378
f 758/1568/433 759/1569/434 757/1570/432

vt -3.91504 1.953
v 39.8838 19.2115 -20.3805
vt -5.68033 3.83364
vn -0.735421 0.182427 0.652592
vt -1.9253 1.1766
f 758/1571/433 760/1572/435 759/1573/434

v 39.9698 17.9295 -20.5228
vt -5.5633 2.65253
vn -0.719063 0.0620994 0.692165
vt -5.52495 4.00159
vt -3.78257 2.09971
f 761/1574/436 760/1575/435 758/1576/433

vt -5.74291 3.89918
vt -5.75608 2.54964
v 40.2625 18.2728 -19.9085
vt -7.12853 2.88338
vn -0.740291 0.0226135 0.671906
f 760/1577/435 761/1578/436 762/1579/437

vt -6.83198 3.77077
vt -5.47454 3.38043
vt -6.36486 2.66188
f 762/1580/437 761/1581/436 755/1582/430

vt -5.13423 3.43657
vt -4.37951 2.53591
vt -6.06022 2.76462
f 761/1583/436 756/1584/431 755/1585/430

vt -3.61231 2.55792
vt -4.59878 2.27007
vt -5.38156 3.14645
f 758/1586/433 756/1587/431 761/1588/436

vt -7.01784 3.51832
vt -6.51541 2.42498
vt -8.35873 2.9341
f 762/1589/437 755/1590/430 753/1591/428

v 40.4477 18.6225 -19.2102
vt -8.4344 3.82003
vn -0.733441 0.00737567 0.679713
vt -7.08692 3.47619
vt -8.41996 2.87426
f 763/1592/438 762/1593/437 753/1594/428

vt -8.61154 3.27453
v 40.1357 19.8912 -19.085
vt -8.27001 4.59817
vn -0.728574 0.124444 0.673568
vt -7.25404 2.97263
f 763/1595/438 764/1596/439 762/1597/437

v 41.0399 18.2691 -18.8023
vt -9.60789 3.40464
vn -0.707671 0.022256 0.706191
vt -7.61859 5.00466
vt -8.04386 3.7055
f 765/1598/440 764/1599/439 763/1600/438

vt -9.6481 3.40333
v 40.536 19.9826 -18.6802
vt -8.88333 5.15055
vn -0.693285 0.169092 0.700545
vt -7.66472 5.01069
f 765/1601/440 766/1602/441 764/1603/439

v 41.1636 19.3223 -18.4602
vt -9.92765 4.67987
vn -0.694352 0.135559 0.706752
vt -8.55086 5.26876
vt -9.35777 3.5406
f 767/1604/442 766/1605/441 765/1606/440

vt -9.68145 4.37164
v 41.1121 21.1151 -18.3623
vt -9.49718 6.27327
vn -0.689871 0.215462 0.691126
vt -8.29682 4.94187
f 767/1607/442 768/1608/443 766/1609/441

v 41.948 19.0953 -17.7519
vt -12.5619 3.96935
vn -0.712623 0.115384 0.691994
vt -10.1287 6.03432
vt -10.2593 4.12825
f 769/1610/444 768/1611/443 767/1612/442

vt -12.6198 3.97622
v 42.2738 20.7498 -17.2269
vt -13.7411 5.76319
vn -0.698104 0.208726 0.684898
vt -10.1939 6.04979
f 769/1613/444 770/1614/445 768/1615/443

v 42.9168 19.5442 -16.6701
vt -15.7385 4.48491
vn -0.711119 0.138358 0.689324
vt -13.7778 5.71836
vt -12.6528 3.93379
f 771/1616/446 770/1617/445 769/1618/444

vt -15.6832 4.47083
v 43.6337 21.1421 -15.8727
vt -17.8179 6.24558
vn -0.696019 0.233747 0.678911
vt -13.7186 5.69791
f 771/1619/446 772/1620/447 770/1621/445

v 44.4806 20.2286 -14.9061
vt -20.7952 5.13254
vn -0.705829 0.183158 0.684295
vt -17.9237 6.0635
vt -15.7799 4.29985
f 773/1622/448 772/1623/447 771/1624/446

v 45.8539 20.8528 -13.4258
vt -25.0696 5.87578
vn -0.705303 0.220941 0.673597
vt -17.9039 6.03563
vt -20.7763 5.10728
f 774/1625/449 772/1626/447 773/1627/448

vt -25.064 5.68184
v 46.2147 22.4754 -13.3339
vt -25.5687 7.49242
vn -0.689897 0.268887 0.672117
vt -17.8983 5.84022
f 774/1628/449 775/1629/450 772/1630/447

vt -25.1439 5.60182
v 46.914 21.6057 -12.286
vt -28.4268 6.47736
vn -0.673969 0.244473 0.697136
vt -25.653 7.41116
f 774/1631/449 776/1632/451 775/1633/450

vt -25.1186 5.69972
v 46.4538 19.5386 -12.5253
vt -27.5612 4.29113
vn -0.699716 0.148676 0.69878
vt -28.4008 6.57812
f 774/1634/449 777/1635/452 776/1636/451

v 45.8361 18.901 -13.4172
vt -25.4115 3.59289
vn -0.732666 0.106221 0.672248
vt -27.6666 4.27498
vt -25.232 5.69734
f 778/1637/453 777/1638/452 774/1639/449

v 46.5038 17.9056 -13.1377
vt -26.7458 3.5109
vn -0.721133 -0.033179 0.692002
vt -27.4428 5.2173
vt -25.2005 4.4941
f 779/1640/454 777/1641/452 778/1642/453

vt -26.5094 4.12035
v 47.0185 17.9424 -12.727
vt -27.9144 4.23541
vn -0.705483 0.0466912 0.707187
vt -27.1712 5.8407
f 779/1643/454 780/1644/455 777/1645/452

vt -27.8523 4.83455
vt -26.448 4.71214
v 47.5524 17.2237 -12.7618
vt -28.7005 4.14811
vn -0.724647 -0.121219 0.678375
f 780/1646/455 779/1647/454 781/1648/456

vt -29.0387 3.17891
vt -26.8185 3.85916
v 47.3724 16.7674 -13.5686
vt -27.5555 2.66705
vn -0.669263 -0.440129 0.598642
f 781/1649/456 779/1650/454 782/1651/457

v 46.2787 17.379 -13.9418
vt -25.1118 4.10017
vn -0.7265 -0.140421 0.672666
vt -27.4079 3.5548
vt -26.6316 4.72169
f 783/1652/458 782/1653/457 779/1654/454

vt -25.3091 3.15613
v 46.68 16.9154 -14.2038
vt -25.54 2.64618
vn -0.635563 -0.524352 0.566669
vt -27.5794 2.5115
f 783/1655/458 784/1656/459 782/1657/457

v 46.1174 17.1403 -14.4994
vt -24.1501 3.35964
vn -0.711872 -0.264295 0.650682
vt -25.476 3.14805
vt -25.2351 3.65333
f 785/1658/460 784/1659/459 783/1660/458

vt -24.2307 2.78864
vt -24.1179 2.33919
vt -25.551 2.54434
f 785/1661/460 742/1662/417 784/1663/459

vt -20.7392 2.80085
vt -24.0936 2.58014
vt -24.2018 3.03069
f 743/1664/418 742/1665/417 785/1666/460

v 44.9092 17.4391 -15.5867
vt -20.7038 3.05796
vn -0.722025 -0.177124 0.668811
vt -20.7674 2.57474
vt -24.2322 2.76937
f 786/1667/461 743/1668/418 785/1669/460

vt -20.7117 3.00676
vt -17.2065 2.65878
vt -20.7741 2.52339
f 786/1670/461 744/1671/419 743/1672/418

v 43.7224 17.6124 -16.8652
vt -16.9262 3.16732
vn -0.719215 -0.12604 0.683259
vt -17.2057 2.66439
vt -20.7107 3.01344
f 787/1673/462 744/1674/419 786/1675/461

vt -16.4206 4.83375
vt -15.0239 4.08234
vt -16.7503 4.36232
f 787/1676/462 745/1677/420 744/1678/419

v 42.8922 18.2963 -17.0748
vt -15.1816 4.11185
vn -0.696215 0.00915 0.717775
vt -15.3788 2.79301
vt -16.8241 3.44599
f 788/1679/463 745/1680/420 787/1681/462

vt -7.41538 7.2445
vt -7.7534 6.46941
vt -8.16524 6.14179
f 788/1682/463 747/1683/422 745/1684/420

vt -15.2445 3.76577
vt -13.1095 3.32734
vt -15.2495 2.92019
f 788/1685/463 748/1686/423 747/1687/422

vt -12.7496 4.3379
vt -13.1553 3.12214
vt -15.2935 3.54433
f 769/1688/444 748/1689/423 788/1690/463

vt -12.4688 4.70444
v 41.3629 18.3682 -18.6257
vt -10.325 3.85989
vn -0.705294 0.0232875 0.708532
vt -12.9141 3.50262
f 769/1691/444 789/1692/464 748/1693/423

vt -10.3026 4.50793
vt -10.4498 3.5258
vt -12.6047 4.34151
f 767/1694/442 789/1695/464 769/1696/444

vt -9.13442 3.77142
vt -9.87985 3.94588
vt -9.68568 4.91981
f 765/1697/440 789/1698/464 767/1699/442

vt -8.81383 4.82533
vt -9.78798 3.96795
vt -9.55404 5.02074
f 765/1700/440 750/1701/425 789/1702/464

vt -9.65937 4.142
vt -8.13609 3.49573
vt -10.5319 3.18137
f 765/1703/440 753/1704/428 750/1705/425

vt -8.28656 4.04142
vt -8.29715 3.0956
vt -9.84053 3.69228
f 763/1706/438 753/1707/428 765/1708/440

vt -10.4204 4.04216
vt -10.5433 2.97071
vt -13.0047 3.65211
f 789/1709/464 750/1710/425 748/1711/423

vt -15.6645 4.83936
vt -12.5818 4.27174
vt -15.1397 3.52457
f 771/1712/446 769/1713/444 788/1714/463

vt -15.5762 4.96916
vt -15.0605 3.65077
v 43.5079 18.3749 -16.5145
vt -16.8445 3.80882
vn -0.718939 0.0327224 0.694303
f 771/1715/446 788/1716/463 790/1717/465

vt -14.9667 4.37684
vt -16.6294 3.76302
vt -16.7491 4.55253
f 788/1718/463 787/1719/462 790/1720/465

vt -17.0585 3.79868
vt -16.9047 3.01509
v 44.6172 18.1141 -15.3512
vt -20.5573 3.57699
vn -0.725748 0.0162592 0.687769
f 790/1721/465 787/1722/462 791/1723/466

vt -20.5387 3.68754
vt -16.888 3.11361
vt -20.6738 2.99647
f 791/1724/466 787/1725/462 786/1726/461

vt -20.535 3.70072
vt -20.6705 3.00973
v 45.8845 17.7922 -14.1131
vt -24.3928 3.43434
vn -0.733013 0.00772862 0.68017
f 791/1727/466 786/1728/461 792/1729/467

vt -20.6412 3.22447
vt -24.1738 2.99253
vt -24.3609 3.6713
f 786/1730/461 785/1731/460 792/1732/467

vt -24.5386 2.51716
vt -24.32 1.84788
vt -25.4207 2.07598
f 792/1733/467 785/1734/460 783/1735/458

vt -24.3711 3.40388
vt -25.2703 2.99867
vt -25.2691 4.55791
f 792/1736/467 783/1737/458 778/1738/453

vt -25.4624 3.72726
vt -25.4126 2.16881
vt -26.9704 2.68779
f 778/1739/453 783/1740/458 779/1741/454

v 45.725 19.2614 -13.7078
vt -24.8385 2.81494
vn -0.724724 0.150061 0.672501
vt -24.485 1.31317
vt -25.4819 2.38295
f 793/1742/468 792/1743/467 778/1744/453

v 44.517 18.8896 -15.0957
vt -20.6185 4.33688
vn -0.715971 0.109723 0.689453
vt -24.3166 3.30706
vt -24.5462 4.8327
f 794/1745/469 792/1746/467 793/1747/468

vt -20.6586 4.33321
vt -20.4931 3.53095
vt -24.3525 3.2884
f 794/1748/469 791/1749/466 792/1750/467

vt -15.7921 4.80916
vt -20.5372 3.41411
vt -20.707 4.21546
f 771/1751/446 791/1752/466 794/1753/469

vt -15.7778 4.80946
vt -17.0251 3.62651
vt -20.525 3.42165
f 771/1754/446 790/1755/465 791/1756/466

vt -20.6455 4.01379
vt -20.7399 5.42801
vt -15.7272 4.57915
f 794/1757/469 773/1758/448 771/1759/446

vt -20.6705 3.97457
vt -24.6003 4.45299
vt -20.7676 5.38861
f 794/1760/469 793/1761/468 773/1762/448

vt -24.5665 4.40918
vt -25.0231 6.1146
vt -20.7316 5.33625
f 793/1763/468 774/1764/449 773/1765/448

vt -24.8815 3.61348
vt -25.5353 3.19745
vt -25.389 5.30446
f 793/1766/468 778/1767/453 774/1768/449

vt -23.6589 5.23253
vt -24.4604 5.09652
vt -25.0569 5.60845
f 742/1769/417 741/1770/416 784/1771/459

vt -25.4584 3.32526
vt -24.8181 2.86933
vt -27.0261 2.87665
f 784/1772/459 741/1773/416 739/1774/414

vt -25.6054 -0.901815
vt -27.0814 -1.59482
vt -27.612 -1.29024
f 784/1775/459 739/1776/414 782/1777/457

vt -27.561 -1.96583
vt -27.0229 -2.25698
vt -28.4016 -2.51597
f 782/1778/457 739/1779/414 738/1780/413

vt -27.6577 0.68663
vt -28.5461 0.217593
v 47.7845 16.7005 -13.1572
vt -28.9161 0.556383
vn -0.674333 -0.485055 0.556774
f 782/1781/457 738/1782/413 795/1783/470

vt -27.992 -6.221
vt -27.5502 -6.45872
v 48.2861 16.3258 -13.291
vt -28.4132 -6.80388
vn -0.341417 -0.929515 0.139417
f 795/1784/470 738/1785/413 796/1786/471

vt 24.0658 -14.3151
vt 25.1028 -14.4995
vt 24.8831 -14.7576
f 738/1787/413 736/1788/411 796/1789/471

v 48.424 16.2052 -12.9029
vt 24.3123 -16.8708
vn -0.548151 -0.738859 0.39194
vt 23.6577 -16.3347
vt 23.8948 -16.0926
f 797/1790/472 796/1791/471 736/1792/411

vt -23.5268 -17.8268
vt -22.7031 -16.5927
vt -22.8711 -17.2919
f 797/1793/472 795/1794/470 796/1795/471

vt -29.1383 2.1946
vt -28.9008 1.64402
vt -30.2865 1.11371
f 781/1796/456 795/1797/470 797/1798/472

vt -27.5591 2.63524
vt -28.8234 2.58749
vt -29.0429 3.14551
f 782/1799/457 795/1800/470 781/1801/456

vt -29.1685 1.07626
vt -30.2757 -0.0466646
v 48.7903 16.2705 -12.0825
vt -32.1092 -0.0375414
vn -0.741295 -0.196013 0.64192
f 781/1802/456 797/1803/472 798/1804/473

vt -30.2814 -0.449671
vt -31.3437 -0.648956
vt -32.1148 -0.430696
f 797/1805/472 735/1806/410 798/1807/473

vt 29.0312 -7.53146
vt 28.3857 -6.92881
vt 30.0991 -7.69807
f 797/1808/472 736/1809/411 735/1810/410

vt -31.7022 -3.57554
vt -30.9102 -3.69799
vt -32.2708 -4.14398
f 798/1811/473 735/1812/410 734/1813/409

vt -24.4661 -18.1969
vt -24.7181 -18.9605
v 49.471 15.4495 -11.5306
vt -25.6875 -19.9408
vn -0.678011 -0.566536 0.468335
f 798/1814/473 734/1815/409 799/1816/474

vt 6.8034 -30.1032
vt 7.2394 -31.4169
vt 7.09998 -31.4497
f 734/1817/409 733/1818/408 799/1819/474

vt 20.0522 -27.305
vt 20.1669 -27.2192
v 49.6881 15.3752 -11.1493
vt 20.6069 -28.0566
vn -0.66943 -0.0970731 0.736506
f 799/1820/474 733/1821/408 800/1822/475

vt -31.153 -15.0632
vt -30.2636 -14.7407
vt -31.0972 -15.2296
f 800/1823/475 733/1824/408 732/1825/407

vt -9.82451 14.3774
vt -9.9897 14.318
v 49.907 15.5465 -11.2376
vt -9.97795 14.6687
vn 0.429658 0.0175704 0.902821
f 800/1826/475 732/1827/407 801/1828/476

vt 29.9921 1.92769
vt 29.845 1.60918
v 50.1018 15.7854 -11.5167
vt 29.7591 2.29646
vn 0.880407 -0.21325 -0.423566
f 801/1829/476 732/1830/407 802/1831/477

vt 33.1634 1.80522
vt 34.8531 1.11398
vt 34.9033 0.423159
f 730/1832/405 802/1833/477 732/1834/407

vt 33.1281 1.76754
v 50.6456 17.503 -12.8861
vt 33.243 3.34645
vn 0.733352 -0.355033 -0.579781
vt 34.8188 1.07849
f 730/1835/405 803/1836/478 802/1837/477

vt 33.0458 1.85
v 50.2536 17.4281 -14.668
vt 29.7375 3.60639
vn 0.658489 -0.457865 -0.597287
vt 33.157 3.42918
f 730/1838/405 804/1839/479 803/1840/478

vt 33.3026 1.40379
vt 30.4731 1.8354
vt 30.0399 3.2434
f 730/1841/405 728/1842/403 804/1843/479

vt 30.4474 2.13332
vt 28.1713 2.67588
vt 30.0003 3.53699
f 728/1844/403 726/1845/401 804/1846/479

vt 29.9196 3.97325
vt 28.1012 3.09006
vt 27.317 4.67571
f 804/1847/479 726/1848/401 723/1849/398

vt 29.756 3.96523
vt 27.144 4.63201
vt 27.9044 6.94653
f 804/1850/479 723/1851/398 721/1852/396

vt 27.6852 7.06626
v 51.4337 19.3792 -14.7966
vt 30.8365 6.57312
vn 0.699644 -0.410989 -0.584454
vt 29.5606 4.09984
f 721/1853/396 805/1854/480 804/1855/479

vt 27.7094 7.16142
v 52.1781 20.6843 -16.1774
vt 29.5545 8.59074
vn 0.700146 -0.347944 -0.623483
vt 30.8603 6.66574
f 721/1856/396 806/1857/481 805/1858/480

vt 26.8417 8.7834
vt 30.1489 7.48257
vt 28.2798 6.08475
f 720/1859/395 806/1860/481 721/1861/396

vt 26.797 8.6371
v 52.3007 22.2968 -16.746
vt 29.2264 9.19038
vn 0.707722 -0.317262 -0.631249
vt 30.1034 7.33405
f 720/1862/395 807/1863/482 806/1864/481

v 52.7435 23.744 -17.4039
vt 28.6102 11.3035
vn 0.691636 -0.312552 -0.651115
vt 29.1539 9.5069
vt 26.7246 8.95327
f 808/1865/483 807/1866/482 720/1867/395

v 53.0676 23.6555 -16.2873
vt 30.7625 11.1036
vn 0.726888 -0.307033 -0.6143
vt 29.0475 9.53834
vt 28.5003 11.3338
f 809/1868/484 807/1869/482 808/1870/483

vt 30.4199 11.5966
v 52.5181 22.4442 -15.522
vt 30.9869 9.98439
vn 0.739904 -0.335099 -0.58331
vt 28.7153 10.02
f 809/1871/484 810/1872/485 807/1873/482

vt 29.9493 11.7066
v 52.8771 23.2812 -15.3002
vt 31.3208 11.0464
vn 0.754597 -0.338342 -0.562235
vt 30.5293 10.0991
f 809/1874/484 811/1875/486 810/1876/485

v 53.13 24.5012 -15.6947
vt 30.1375 10.858
vn 0.760664 -0.264215 -0.592943
vt 30.4964 9.41191
vt 29.1238 10.07
f 812/1877/487 811/1878/486 809/1879/484

vt 29.0816 10.3576
v 52.8971 24.3174 -14.8375
vt 30.1872 9.91461
vn 0.801135 -0.315153 -0.508784
vt 29.4295 8.9089
f 812/1880/487 813/1881/488 811/1882/486

v 53.3297 26.0491 -15.2174
vt 30.3945 12.8662
vn 0.758978 -0.305363 -0.57507
vt 30.5179 10.834
vt 29.4115 11.2753
f 814/1883/489 813/1884/488 812/1885/487

vt 30.0657 10.7716
vt 29.9446 12.8039
v 53.1047 25.9809 -14.4365
vt 30.9366 12.5028
vn 0.807302 -0.398058 -0.435676
f 813/1886/488 814/1887/489 815/1888/490

v 53.6657 27.5626 -14.7929
vt 31.3637 15.5782
vn 0.749778 -0.330767 -0.573084
vt 31.2982 13.6688
vt 30.3063 13.9702
f 816/1889/491 815/1890/490 814/1891/489

vt 30.8613 13.7423
vt 30.9231 15.6519
v 53.7064 28.2163 -14.3104
vt 31.7376 16.2529
vn 0.802914 -0.440919 -0.401148
f 815/1892/490 816/1893/491 817/1894/492

v 54.3033 30.2311 -14.5028
vt 32.2973 18.3219
vn 0.760005 -0.246113 -0.601515
vt 31.9328 15.9812
vt 31.1179 15.3807
f 818/1895/493 817/1896/492 816/1897/491

vt 32.1012 18.3693
v 54.1897 30.3 -14.0608
vt 32.6782 18.3162
vn 0.688117 -0.319761 0.651343
vt 31.7381 16.0283
f 818/1898/493 819/1899/494 817/1900/492

vt 32.4007 15.0549
vt 31.8238 15.1087
v 54.2382 30.6535 -14.1732
vt 32.2768 15.471
vn 0.741983 0.288327 0.605251
f 819/1901/494 818/1902/493 820/1903/495

vt 30.6407 17.4251
vt 30.1839 17.0677
v 54.2904 30.8621 -14.2194
vt 30.6268 17.6701
vn 0.465446 0.881849 0.0755135
f 820/1904/495 818/1905/493 821/1906/496

v 54.1836 30.7751 -14.4862
vt 34.7408 16.6056
vn 0.67702 0.319697 -0.662901
vt 35.3137 16.6779
vt 34.9317 16.0352
f 822/1907/497 821/1908/496 818/1909/493

v 54.1054 30.8602 -14.2734
vt -8.35471 35.9956
vn -0.407713 0.815162 0.411439
vt -8.35867 36.3631
vt -8.17364 35.8161
f 823/1910/498 821/1911/496 822/1912/497

vt -34.7673 15.0684
vt -34.4029 15.0199
v 53.7666 30.4866 -13.973
vt -34.3846 14.427
vn -0.573653 0.372505 0.729494
f 821/1913/496 823/1914/498 824/1915/499

vt -34.733 15.7459
v 52.7197 30.203 -14.1983
vt -32.8318 14.554
vn -0.598519 0.48692 0.636148
vt -34.7274 15.1528
f 823/1916/498 825/1917/500 824/1918/499

vt -32.9819 14.4565
vt -34.8667 15.6743
v 52.8357 30.5197 -14.6625
vt -32.3979 14.9625
vn -0.47299 0.734453 0.486682
f 825/1919/500 823/1920/498 826/1921/501

vt -29.8581 19.114
vt -31.8729 20.7083
v 53.6696 30.6123 -14.8232
vt -30.5204 20.0358
vn 0.487408 0.725769 -0.485482
f 826/1922/501 823/1923/498 827/1924/502

vt -20.5123 31.7386
vt -20.2776 31.6392
vt -19.642 30.5041
f 823/1925/498 822/1926/497 827/1927/502

vt 33.7665 19.7903
v 53.8827 29.6492 -15.3465
vt 32.2092 18.4484
vn 0.727946 -0.105683 -0.677441
vt 32.5032 19.4799
f 822/1928/497 828/1929/503 827/1930/502

vt 33.0835 16.1952
vt 34.7786 17.3581
vt 34.98 16.7913
f 828/1931/503 822/1932/497 818/1933/493

v 53.5426 27.2183 -15.5794
vt 32.3576 14.0877
vn 0.733528 -0.258229 -0.628692
vt 33.0129 16.7304
vt 34.918 17.2984
f 829/1934/504 828/1935/503 818/1936/493

vt 32.3092 14.0272
v 53.0249 27.8913 -17.1459
vt 29.0024 14.9186
vn 0.729148 -0.155115 -0.666545
vt 32.9712 16.6682
f 829/1937/504 830/1938/505 828/1939/503

v 53.1087 25.3971 -16.5254
vt 30.2878 11.9299
vn 0.742191 -0.218199 -0.633674
vt 28.9759 14.705
vt 32.2814 13.8091
f 831/1940/506 830/1941/505 829/1942/504

vt 29.9617 11.3108
v 52.8537 26.0219 -17.9732
vt 27.228 12.2145
vn 0.745637 -0.170996 -0.644038
vt 28.6863 14.1029
f 831/1943/506 832/1944/507 830/1945/505

v 52.9144 24.3705 -17.3655
vt 28.4311 10.4937
vn 0.717257 -0.253811 -0.64894
vt 27.2583 12.3765
vt 29.9929 11.4758
f 833/1946/508 832/1947/507 831/1948/506

vt 29.0166 11.7661
v 52.3037 25.8901 -18.5676
vt 26.0622 13.4407
vn 0.68631 -0.25345 -0.68172
vt 27.7971 13.6189
f 833/1949/508 834/1950/509 832/1951/507

vt 28.7615 10.9951
vt 26.0569 13.3785
vt 29.0095 11.7008
f 808/1952/483 834/1953/509 833/1954/508

vt 28.7725 11.1097
v 51.4861 24.0254 -18.7741
vt 24.7255 11.3197
vn 0.680882 -0.280495 -0.676552
vt 26.062 13.4864
f 808/1955/483 835/1956/510 834/1957/509

vt 26.8806 8.77689
vt 24.7252 11.3319
vt 28.7722 11.1222
f 720/1958/395 835/1959/510 808/1960/483

v 49.8965 22.8332 -19.9525
vt 20.6454 9.84382
vn 0.677719 -0.306339 -0.668471
vt 24.7259 11.3253
vt 26.8807 8.76984
f 836/1961/511 835/1962/510 720/1963/395

v 50.2304 25.4291 -20.3123
vt 20.2893 12.7623
vn 0.694284 -0.233122 -0.6809
vt 24.7215 11.3302
vt 20.6427 9.84435
f 837/1964/512 835/1965/510 836/1966/511

vt 20.2948 12.7075
v 51.6506 25.7694 -18.9294
vt 24.5356 13.2019
vn 0.682025 -0.227147 -0.695159
vt 24.7253 11.2701
f 837/1967/512 838/1968/513 835/1969/510

vt 20.2894 12.5809
v 51.5519 27.2367 -18.9646
vt 24.1611 14.6443
vn 0.688563 -0.163903 -0.706411
vt 24.5292 13.0836
f 837/1970/512 839/1971/514 838/1972/513

vt 20.2934 12.5791
v 50.5517 27.4385 -19.9729
vt 21.0793 14.765
vn 0.710639 -0.134657 -0.69055
vt 24.1685 14.6359
f 837/1973/512 840/1974/515 839/1975/514

v 49.1196 27.2496 -21.411
vt 16.7171 14.4386
vn 0.713143 -0.14406 -0.686057
vt 21.0784 14.7687
vt 20.2929 12.5826
f 841/1976/516 840/1977/515 837/1978/512

vt 21.0627 14.2316
vt 16.7029 13.8821
v 49.6787 28.7345 -20.294
vt 19.1056 15.5009
vn 0.722252 0.0272478 -0.691093
v 50.3296 28.8809 -19.6151
vt 21.1194 15.7234
vn 0.719045 0.0344671 -0.694109
f 840/1979/515 841/1980/516 842/1981/517 843/1982/518 

vt 19.139 15.4862
vt 16.7228 13.8875
v 47.8443 29.1084 -22.1377
vt 13.4819 15.7371
vn 0.7314 0.0485226 -0.68022
f 842/1983/517 841/1984/516 844/1985/519

vt 13.5304 15.0782
vt 16.7364 13.1687
v 47.3085 28.8489 -23.0484
vt 11.3288 14.811
vn 0.732202 -0.0401936 -0.6799
f 844/1986/519 841/1987/516 845/1988/520

v 47.3817 27.9094 -23.3681
vt 11.0189 14.1934
vn 0.725375 -0.13378 -0.675229
vt 11.3182 15.1664
vt 16.7362 13.5585
f 846/1989/521 845/1990/520 841/1991/516

vt 11.3429 15.0188
vt 11.0228 14.0525
v 47.0491 28.6165 -23.635
vt 10.0528 14.805
vn 0.735933 -0.0335999 -0.67622
f 845/1992/520 846/1993/521 847/1994/522

vt 10.0516 14.9451
vt 11.0253 14.1972
v 47.0291 27.6278 -24.0782
vt 9.40876 13.9277
vn 0.72372 -0.150959 -0.673381
f 847/1995/522 846/1996/521 848/1997/523

vt 9.4032 14.3966
vt 11.0212 14.657
v 47.4231 26.5401 -23.4209
vt 11.1179 13.1964
vn 0.709087 -0.211211 -0.672745
f 848/1998/523 846/1999/521 849/2000/524

vt 11.135 13.4286
vt 11.0106 14.8871
vt 16.7311 14.2826
f 849/2001/524 846/2002/521 841/2003/516

v 48.3862 25.197 -22.1772
vt 14.6588 12.1406
vn 0.694282 -0.246121 -0.676311
vt 11.1367 13.5517
vt 16.7342 14.3961
f 850/2004/525 849/2005/524 841/2006/516

v 47.2484 24.8904 -23.4112
vt 11.0671 11.8219
vn 0.695684 -0.25988 -0.669691
vt 11.1341 13.6335
vt 14.659 12.2292
f 851/2007/526 849/2008/524 850/2009/525

v 46.6142 27.1187 -24.6987
vt 7.8701 14.211
vn 0.700615 -0.186688 -0.688684
vt 11.1361 13.5678
vt 11.0578 11.7567
f 852/2010/527 849/2011/524 851/2012/526

vt 9.41064 14.6287
vt 11.1341 13.4411
vt 7.86902 14.0891
f 848/2013/523 849/2014/524 852/2015/527

v 46.6543 28.5791 -24.2953
vt 8.40795 15.3029
vn 0.717416 -0.0544349 -0.694515
vt 9.40467 14.3211
vt 7.86873 13.7655
f 853/2016/528 848/2017/523 852/2018/527

vt 8.42965 14.9268
vt 10.0507 14.9467
vt 9.40961 13.9282
f 853/2019/528 847/2020/522 848/2021/523

v 46.3928 29.8228 -23.5479
vt 9.11844 14.8436
vn 0.723428 0.188354 -0.66421
vt 10.0501 13.5975
vt 8.42904 13.5755
f 854/2022/529 847/2023/522 853/2024/528

v 46.8303 29.6036 -23.0952
vt 10.4847 14.7508
vn 0.735979 0.132665 -0.663878
vt 10.046 13.7407
vt 9.10537 14.98
f 855/2025/530 847/2026/522 854/2027/529

v 47.1017 29.5442 -22.7422
vt 11.4494 14.6792
vn 0.735747 0.0928461 -0.670862
vt 10.0469 13.7348
vt 10.4869 14.7444
f 856/2028/531 847/2029/522 855/2030/530

vt 11.4475 14.6695
vt 11.3327 13.9573
vt 10.0461 13.7235
f 856/2031/531 845/2032/520 847/2033/522

vt 11.4234 14.7885
vt 13.517 14.3596
vt 11.3177 14.0749
f 856/2034/531 844/2035/519 845/2036/520

v 46.9217 29.9733 -22.3621
vt 11.7825 12.6365
vn 0.704548 0.352218 -0.616079
vt 13.5477 11.6776
vt 11.4727 12.189
f 857/2037/532 844/2038/519 856/2039/531

v 48.1168 29.3734 -21.499
vt 14.8926 13.6375
vn 0.72262 0.179427 -0.667552
vt 13.512 13.347
vt 11.7046 14.2239
f 858/2040/533 844/2041/519 857/2042/532

vt 14.8845 13.4701
vt 19.1595 12.8669
vt 13.5052 13.1738
f 858/2043/533 842/2044/517 844/2045/519

v 49.3331 29.6047 -19.8222
vt 19.2849 14.2796
vn 0.689745 0.309647 -0.6545
vt 19.1519 13.3771
vt 14.874 13.959
f 859/2046/534 842/2047/517 858/2048/533

vt 19.1234 15.058
vt 21.0392 14.411
vt 19.03 14.1505
f 859/2049/534 843/2050/518 842/2051/517

v 49.9522 29.7118 -19.18
vt 21.0538 15.0566
vn 0.681084 0.34761 -0.644431
vt 21.0561 14.1931
vt 19.1431 14.8482
f 860/2052/535 843/2053/518 859/2054/534

v 50.8895 29.5276 -18.45
vt 23.6723 14.6922
vn 0.699542 0.235456 -0.674686
vt 21.1019 13.9169
vt 21.1109 14.7804
f 861/2055/536 843/2056/518 860/2057/535

vt 23.7448 15.02
v 51.1838 28.717 -18.7843
vt 23.7484 14.1881
vn 0.701179 -0.0462189 -0.711485
vt 21.1587 14.2989
f 861/2058/536 862/2059/537 843/2060/518

vt 22.7651 17.9743
v 51.5813 28.5542 -18.7424
vt 23.5739 17.0751
vn 0.695342 -0.049728 -0.716956
vt 22.8714 17.1491
f 861/2061/536 863/2062/538 862/2063/537

v 51.5987 29.5932 -17.7317
vt 25.8145 14.9552
vn 0.67149 0.342289 -0.657221
v 52.2838 28.6476 -18.0064
vt 26.5368 14.0043
vn 0.748696 0.0186385 -0.662651
vt 24.3528 13.8074
vt 23.6445 14.7876
f 864/2064/539 865/2065/540 863/2066/538 861/2067/536 

v 52.2968 29.8895 -16.8333
vt 28.1947 15.5346
vn 0.687842 0.270807 -0.673451
vt 26.5196 14.1601
vt 25.7928 15.1076
f 866/2068/541 865/2069/540 864/2070/539

vt 28.2851 15.2421
v 52.578 28.9392 -17.4318
vt 27.884 14.246
vn 0.728926 -0.00522779 -0.684572
vt 26.5831 13.901
f 866/2071/541 867/2072/542 865/2073/540

v 52.7831 29.3806 -16.8462
vt 28.9933 15.1046
vn 0.721473 0.000250786 -0.692443
vt 27.8327 14.5946
vt 28.219 15.5966
f 868/2074/543 867/2075/542 866/2076/541

vt 29.1121 13.8647
vt 27.9147 14.9724
vt 29.1059 15.4061
f 830/2077/505 867/2078/542 868/2079/543

vt 26.6209 15.0637
vt 27.9346 15.3562
vt 29.141 14.2582
f 865/2080/540 867/2081/542 830/2082/505

vt 27.7699 12.5745
vt 26.6259 15.3192
vt 29.1486 14.5218
f 832/2083/507 865/2084/540 830/2085/505

vt 16.9772 1.3598
v 52.6137 27.604 -18.1872
vt 16.7355 3.23193
vn 0.757829 -0.0740001 -0.648243
vt 16.9008 4.33233
f 832/2086/507 869/2087/544 865/2088/540

vt 27.798 13.3366
v 52.1859 27.0893 -18.6902
vt 25.5674 14.4385
vn 0.690823 -0.181906 -0.699767
vt 26.9363 15.0161
f 832/2089/507 870/2090/545 869/2091/544

vt 26.0631 13.2391
vt 25.5654 14.5191
vt 27.7977 13.4206
f 834/2092/509 870/2093/545 832/2094/507

vt 24.3901 13.5107
vt 25.398 15.0297
vt 25.9191 13.7591
f 838/2095/513 870/2096/545 834/2097/509

vt 24.2651 13.6986
vt 23.8588 15.2497
vt 25.2626 15.2245
f 838/2098/513 839/2099/514 870/2100/545

vt 25.2697 15.2471
vt 23.866 15.2729
vt 24.0611 16.6802
f 870/2101/545 839/2102/514 863/2103/538

vt 23.3778 17.5103
vt 23.2313 16.0971
vt 22.6745 17.5758
f 863/2104/538 839/2105/514 862/2106/537

vt 23.7457 15.4802
vt 24.1743 13.9594
vt 21.0854 14.0956
f 862/2107/537 839/2108/514 840/2109/515

vt 23.7376 15.4817
vt 21.0807 14.0907
vt 21.1475 15.5821
f 862/2110/537 840/2111/515 843/2112/518

vt 25.5096 14.4376
vt 24.3398 15.9026
vt 26.8683 15.0385
f 870/2113/545 863/2114/538 869/2115/544

vt 24.3965 15.2594
vt 26.5828 15.428
vt 26.9148 14.3659
f 863/2116/538 865/2117/540 869/2118/544

vt 24.6208 11.5126
vt 24.4122 13.4424
vt 25.9416 13.689
f 835/2119/510 838/2120/513 834/2121/509

vt 29.119 14.989
vt 29.0539 16.529
v 53.2669 29.3397 -16.3876
vt 30.4963 16.534
vn 0.723685 -0.06737 -0.686835
f 830/2122/505 868/2123/543 871/2124/546

v 52.8099 30.2734 -16.1545
vt 30.0681 16.3874
vn 0.669096 0.333 -0.664396
v 53.6139 30.1491 -15.4308
vt 32.4121 16.3362
vn 0.727872 0.0956786 -0.679005
vt 30.4961 15.4436
vt 29.0537 15.4386
f 872/2125/547 873/2126/548 871/2127/546 868/2128/543 

v 53.1644 30.5924 -15.2766
vt 31.9574 13.4548
vn 0.274842 0.935029 -0.224016
vt 32.4374 12.9833
vt 30.0939 13.0514
f 874/2129/549 873/2130/548 872/2131/547

vt 33.1814 15.6626
vt 32.2268 15.1026
vt 31.724 15.5498
f 827/2132/502 873/2133/548 874/2134/549

vt 33.4491 14.7271
vt 32.9894 13.758
vt 32.4313 14.2925
f 827/2135/502 828/2136/503 873/2137/548

vt 33.0831 15.7287
vt 30.563 15.407
vt 32.505 16.2415
f 828/2138/503 871/2139/546 873/2140/548

vt 29.1418 14.5509
vt 30.5599 16.0585
vt 33.082 16.3638
f 830/2141/505 871/2142/546 828/2143/503

vt -32.5461 10.1877
vt -33.505 10.7952
vt -32.0483 10.6728
f 826/2144/501 827/2145/502 874/2146/549

vt -32.4332 8.20231
vt -31.9578 8.7094
v 52.2981 30.5882 -15.4422
vt -30.4061 8.32907
vn -0.420966 0.803787 0.420374
f 826/2147/501 874/2148/549 875/2149/550

vt -30.5154 8.32338
vt -32.0152 8.87377
v 52.4996 30.55 -15.8776
vt -30.1068 8.59095
vn 0.182707 0.961997 -0.202928
f 875/2150/550 874/2151/549 876/2152/551

vt 29.3999 13.4788
vt 31.3089 13.758
vt 29.5057 13.1383
f 876/2153/551 874/2154/549 872/2155/547

vt 26.4174 21.1899
vt 26.6048 20.8865
v 51.9038 30.2984 -16.3456
vt 24.9642 20.4545
vn 0.161553 0.968875 -0.187566
f 876/2156/551 872/2157/547 877/2158/552

vt 24.2446 20.8401
vt 25.8641 21.3453
vt 24.3472 20.3081
f 877/2159/552 872/2160/547 866/2161/541

vt 29.8598 17.0329
vt 28.8778 16.0507
vt 28.0934 16.5263
f 872/2162/547 868/2163/543 866/2164/541

vt 28.011 12.0345
vt 27.9345 11.4982
v 51.5378 30.1565 -16.9556
vt 26.5525 11.705
vn 0.451984 0.768574 -0.452774
f 877/2165/552 866/2166/541 878/2167/553

vt 26.2985 14.7255
vt 27.6875 14.5724
vt 25.3278 13.9536
f 878/2168/553 866/2169/541 864/2170/539

vt 24.675 17.7735
vt 23.8408 16.8557
v 51.0931 30.0517 -17.2717
vt 23.5833 17.3828
vn 0.276431 0.922152 -0.270594
f 878/2171/553 864/2172/539 879/2173/554

vt 25.3559 12.1216
vt 25.5052 11.5543
vt 23.3507 11.2454
f 879/2174/554 864/2175/539 861/2176/536

vt 25.7659 11.5035
vt 23.6917 10.8064
v 50.497 29.966 -18.0791
vt 23.6279 11.3162
vn 0.516736 0.725533 -0.454517
f 879/2177/554 861/2178/536 880/2179/555

vt 23.6623 11.0314
vt 23.7202 10.5209
vt 21.1606 10.6516
f 880/2180/555 861/2181/536 860/2182/535

vt 23.481 10.1653
vt 21.0028 9.65425
v 49.3918 30.0976 -18.8983
vt 20.5347 10.1194
vn 0.321027 0.904018 -0.282299
f 880/2183/555 860/2184/535 881/2185/556

vt 20.5981 12.033
vt 18.7137 11.655
vt 20.0917 12.4561
f 860/2186/535 859/2187/534 881/2188/556

vt 19.8941 12.7557
vt 18.5407 11.9136
v 48.9962 29.9814 -19.3727
vt 18.6123 12.4114
vn 0.447755 0.801581 -0.396211
f 881/2189/556 859/2190/534 882/2191/557

vt 19.455 9.03874
vt 19.2896 8.5638
v 47.7587 29.8977 -21.1449
vt 14.8465 8.83952
vn 0.643644 0.518732 -0.562707
f 882/2192/557 859/2193/534 883/2194/558

vt 19.2449 12.511
vt 14.8395 12.1226
vt 14.7969 12.6913
f 859/2195/534 858/2196/533 883/2197/558

vt 14.9286 11.6657
vt 14.9329 11.0953
vt 11.7682 11.7965
f 883/2198/558 858/2199/533 857/2200/532

v 46.8915 30.2991 -21.3403
vt 13.3688 6.36408
vn 0.293702 0.938404 -0.182033
vt 14.9506 5.74014
vt 11.7981 5.99778
f 884/2201/559 883/2202/558 857/2203/532

v 47.4195 30.1533 -20.8393
vt 14.9397 4.5481
vn 0.241169 0.959726 -0.144093
vt 14.9324 4.18518
vt 13.3886 4.89817
f 885/2204/560 883/2205/558 884/2206/559

vt 14.7474 7.31623
vt 19.4094 7.24836
vt 14.8058 6.95796
f 885/2207/560 882/2208/557 883/2209/558

v 48.5894 30.1316 -18.9966
vt -19.1954 -1.96491
vn -0.138881 0.973023 0.184225
vt -19.2536 -1.58368
vt -14.5949 -1.3955
f 886/2210/561 882/2211/557 885/2212/560

vt -14.6421 15.2954
vt -15.2804 16.5456
vt -14.3758 15.5743
f 886/2213/561 881/2214/556 882/2215/557

vt -19.5023 5.61164
v 48.6746 30.1536 -18.3276
vt -20.685 5.39248
vn -0.38334 0.828272 0.408675
vt -20.8363 6.04829
f 886/2216/561 887/2217/562 881/2218/556

vt -20.7142 6.46578
vt -19.528 6.66511
v 46.5543 30.1174 -19.9563
vt -15.0432 5.74992
vn -0.44292 0.760107 0.475458
f 887/2219/562 886/2220/561 888/2221/563

vt -14.8031 9.44418
vt -19.3426 10.0294
v 46.7228 30.2811 -20.6414
vt -13.9715 9.95585
vn -0.32514 0.861757 0.389435
f 888/2222/563 886/2223/561 889/2224/564

vt -19.4179 1.92319
vt -14.7886 2.16454
vt -14.0504 1.71331
f 886/2225/561 885/2226/560 889/2227/564

vt -13.2509 1.33906
vt -14.0613 1.64182
vt -12.4947 1.91433
f 889/2228/564 885/2229/560 884/2230/559

vt -13.5736 2.77959
vt -12.784 3.30798
v 45.9977 30.4519 -21.5357
vt -11.0992 3.15311
vn -0.218172 0.92354 0.315398
f 889/2231/564 884/2232/559 890/2233/565

vt -13.2979 0.828509
v 46.5959 30.2572 -22.0324
vt -11.7719 0.918513
vn 0.409231 0.867377 -0.283172
vt -11.668 0.374858
f 884/2234/559 891/2235/566 890/2236/565

vt 13.3797 6.57356
vt 11.8031 6.23354
vt 11.8514 6.60847
f 884/2237/559 857/2238/532 891/2239/566

vt 11.8346 5.47138
vt 11.7469 5.10366
v 46.491 30.1518 -22.7785
vt 10.4888 5.50822
vn 0.675023 0.490366 -0.551258
f 891/2240/566 857/2241/532 892/2242/567

vt 10.4629 12.8333
vt 11.7678 12.6241
vt 10.5019 12.2494
f 892/2243/567 857/2244/532 855/2245/530

vt 11.7704 12.6775
vt 11.4653 12.2267
vt 10.5038 12.3054
f 857/2246/532 856/2247/531 855/2248/530

vt 10.4943 12.5569
vt 10.5187 11.9722
vt 9.14851 12.2506
f 892/2249/567 855/2250/530 854/2251/529

v 45.7538 30.4606 -23.0366
vt 8.80417 10.5694
vn 0.510323 0.744284 -0.430827
vt 10.3414 10.2485
vt 9.02993 9.81854
f 893/2252/568 892/2253/567 854/2254/529

v 46.0808 30.5357 -22.4101
vt 10.3455 9.22336
vn 0.279882 0.952343 -0.121275
vt 10.4082 8.74423
vt 8.88298 9.11781
f 894/2255/569 892/2256/567 893/2257/568

v 46.0459 30.4807 -22.0908
vt 9.14815 3.42792
vn 0.229941 0.972633 -0.0333501
vt 8.47188 3.28657
vt 8.73118 3.69433
f 895/2258/570 892/2259/567 894/2260/569

vt 10.9781 2.02233
vt 11.7968 1.48881
vt 10.4532 1.57315
f 895/2261/570 891/2262/566 892/2263/567

vt -7.31848 -5.28091
vt -7.75632 -4.9423
vt -6.85673 -4.56066
f 890/2264/565 891/2265/566 895/2266/570

vt -10.4636 0.44221
vt -9.75674 0.924246
v 45.4815 30.6011 -21.8363
vt -9.21562 0.643776
vn -0.290073 0.877603 0.381668
f 890/2267/565 895/2268/570 896/2269/571

vt -8.59211 1.33933
vt -9.15838 1.56476
vt -8.78593 1.89052
f 896/2270/571 895/2271/570 894/2272/569

vt -10.106 3.57708
vt -10.1373 4.16052
v 44.9257 30.6787 -22.6911
vt -7.94168 3.8208
vn -0.19923 0.936954 0.287095
f 896/2273/571 894/2274/569 897/2275/572

vt -10.3804 3.62117
vt -8.97542 3.20137
vt -8.52792 2.39458
f 894/2276/569 893/2277/568 897/2278/572

vt -7.32218 -0.68639
vt -8.14612 -0.271322
v 45.2599 30.5734 -23.2662
vt -7.03328 -0.173798
vn 0.442478 0.85407 -0.273454
f 897/2279/572 893/2280/568 898/2281/573

vt 8.6337 7.8993
v 45.635 30.2054 -23.8176
vt 7.29259 7.4324
vn 0.697289 0.411078 -0.587199
vt 7.51865 7.96705
f 893/2282/568 899/2283/574 898/2284/573

vt 8.94327 9.85758
vt 9.12008 9.09371
vt 7.55251 9.5706
f 893/2285/568 854/2286/529 899/2287/574

vt 8.93254 13.9638
v 46.0181 29.4586 -24.2473
vt 7.33627 13.4955
vn 0.720663 0.0457603 -0.691773
vt 7.32465 14.2791
f 854/2288/529 900/2289/575 899/2290/574

vt 9.02208 14.9511
vt 8.38661 13.6552
vt 7.41235 14.5314
f 854/2291/529 853/2292/528 900/2293/575

vt 7.18007 15.8735
vt 8.20826 15.0613
v 45.8387 28.301 -24.8369
vt 6.18613 14.5911
vn 0.679232 -0.150233 -0.718383
f 900/2294/575 853/2295/528 901/2296/576

vt 6.23183 15.0379
vt 8.259 15.4859
vt 7.78298 13.9277
f 901/2297/576 853/2298/528 852/2299/527

vt 6.10572 15.4413
vt 7.67971 14.3638
v 46.3246 26.1032 -24.8938
vt 7.09564 13.2139
vn 0.675875 -0.254299 -0.691755
f 901/2300/576 852/2301/527 902/2302/577

vt 7.23904 13.1319
vt 7.87062 14.2565
vt 11.0625 11.8076
f 902/2303/577 852/2304/527 851/2305/526

vt 7.24026 13.2492
vt 11.067 11.9345
v 46.6294 22.8093 -23.3466
vt 10.4719 9.54225
vn 0.678529 -0.305884 -0.667857
f 902/2306/577 851/2307/526 903/2308/578

vt 10.4703 9.53911
vt 11.0665 11.9311
vt 14.6589 12.3344
f 903/2309/578 851/2310/526 850/2311/525

vt 10.4727 9.5272
vt 14.6551 12.3317
v 48.2735 23.8601 -21.9759
vt 14.9496 10.8413
vn 0.684193 -0.284246 -0.671629
f 903/2312/578 850/2313/525 904/2314/579

vt 14.9508 10.8268
vt 14.6576 12.3175
vt 20.296 12.7213
f 904/2315/579 850/2316/525 837/2317/512

vt 14.6554 12.1638
vt 16.7179 14.431
vt 20.2934 12.5743
f 850/2318/525 841/2319/516 837/2320/512

vt 20.6453 9.80674
vt 14.951 10.8331
vt 20.297 12.7253
f 836/2321/511 904/2322/579 837/2323/512

v 47.6885 22.0742 -21.8097
vt 14.5341 8.784
vn 0.671388 -0.334832 -0.661155
vt 14.9501 10.8735
vt 20.645 9.85051
f 905/2324/580 904/2325/579 836/2326/511

vt 10.4717 9.5598
vt 14.9504 10.868
vt 14.5335 8.77868
f 903/2327/578 904/2328/579 905/2329/580

vt 14.5346 8.78061
vt 10.3254 7.22308
vt 10.4728 9.56197
f 905/2330/580 714/2331/389 903/2332/578

vt 14.533 8.77956
vt 13.4309 6.34103
vt 10.3247 7.21955
f 905/2333/580 715/2334/390 714/2335/389

vt 17.9574 7.19556
vt 13.4293 6.32887
vt 14.5344 8.76606
f 718/2336/393 715/2337/390 905/2338/580

vt 20.6453 9.84545
vt 17.9581 7.20916
vt 14.5346 8.77843
f 836/2339/511 718/2340/393 905/2341/580

vt 26.8803 8.76821
vt 17.9569 7.20677
vt 20.645 9.84214
f 720/2342/395 718/2343/393 836/2344/511

vt 10.4716 9.55548
vt 10.3226 7.21668
v 45.557 22.669 -24.2385
vt 7.49391 9.27585
vn 0.66623 -0.315155 -0.67588
f 903/2345/578 714/2346/389 906/2347/581

vt 7.49567 9.28388
vt 10.325 7.22549
v 44.6283 20.3811 -24.0117
vt 6.71712 6.55173
vn 0.636097 -0.369214 -0.677541
f 906/2348/581 714/2349/389 907/2350/582

vt 6.71766 6.54289
vt 10.3254 7.21742
vt 7.23563 5.22897
f 907/2351/582 714/2352/389 711/2353/386

vt 6.37964 6.1162
vt 6.85316 4.78561
vt 4.86951 2.67687
f 907/2354/582 711/2355/386 707/2356/382

vt 5.1936 2.64533
v 44.215 21.0409 -24.5329
vt 5.11197 6.82287
vn 0.620145 -0.365332 -0.694228
vt 6.61024 6.12421
f 707/2357/382 908/2358/583 907/2359/582

v 41.9124 19.5253 -23.8791
vt 2.68716 4.31526
vn 0.595285 -0.380441 -0.707744
vt 5.08194 6.79114
vt 5.13852 2.61318
f 909/2360/584 908/2361/583 707/2362/382

vt 2.53772 4.48755
v 43.0771 20.926 -24.4651
vt 3.31045 6.45032
vn 0.566621 -0.379576 -0.731343
vt 4.96928 6.92732
f 909/2363/584 910/2364/585 908/2365/583

vt 2.22193 4.60566
v 42.0919 20.9404 -24.2497
vt 1.77226 6.23245
vn 0.557346 -0.338818 -0.758003
vt 3.0283 6.55485
f 909/2366/584 911/2367/586 910/2368/585

v 41.6324 20.2145 -24.0684
vt 1.73293 5.41562
vn 0.578897 -0.30836 -0.754846
vt 2.07833 6.3549
vt 2.54392 4.7326
f 912/2369/587 911/2370/586 909/2371/584

v 41.5132 21.5948 -24.1252
vt 0.679862 7.04172
vn 0.467522 -0.246253 -0.848989
vt 1.54826 6.54908
vt 1.20368 5.6095
f 913/2372/588 911/2373/586 912/2374/587

v 42.6941 22.4762 -24.7294
vt 1.45113 8.14599
vn 0.540321 -0.293856 -0.788481
vt 1.38163 6.24503
vt 0.513649 6.7384
f 914/2375/589 911/2376/586 913/2377/588

vt 1.76832 6.25117
vt 1.81341 8.15287
vt 3.02441 6.57339
f 911/2378/586 914/2379/589 910/2380/585

vt 2.96321 6.50652
vt 1.75618 8.08903
v 43.6303 21.7062 -24.7939
vt 3.26535 7.56589
vn 0.612102 -0.299019 -0.732064
f 910/2381/585 914/2382/589 915/2383/590

vt 1.8889 8.47944
v 43.413 23.2112 -24.8569
vt 2.70598 9.49725
vn 0.586695 -0.302217 -0.751301
vt 3.39822 7.95673
f 914/2384/589 916/2385/591 915/2386/590

v 42.5874 23.4825 -24.6794
vt 1.40798 9.59772
vn 0.527746 -0.281379 -0.801443
vt 2.51463 9.59329
vt 1.70903 8.56636
f 917/2387/592 916/2388/591 914/2389/589

vt 1.40496 8.82633
v 43.6341 23.9757 -25.1558
vt 2.34619 9.76884
vn 0.555403 -0.355921 -0.751564
vt 2.51161 8.8219
f 917/2390/592 918/2391/593 916/2392/591

v 42.0534 23.6892 -24.4498
vt 0.27579 9.48293
vn 0.411137 -0.289507 -0.86438
vt 1.83027 10.4007
vt 0.876406 9.47096
f 919/2393/594 918/2394/593 917/2395/592

v 43.1798 24.6233 -25.1125
vt 1.33775 10.4079
vn 0.522433 -0.305941 -0.795905
vt 2.10519 9.86409
vt 0.555196 8.93879
f 920/2396/595 918/2397/593 919/2398/594

v 44.0496 24.6144 -25.3252
vt 2.66525 11.158
vn 0.599979 -0.256893 -0.757648
vt 2.35488 10.3268
vt 1.58391 10.8657
f 921/2399/596 918/2400/593 920/2401/595

v 44.8724 24.392 -25.2474
vt 4.45901 11.0101
vn 0.631096 -0.302599 -0.714249
vt 2.72634 10.1848
vt 3.0341 11.017
f 922/2402/597 918/2403/593 921/2404/596

vt 4.48124 10.9448
v 44.1937 22.9468 -24.7951
vt 4.29002 9.12096
vn 0.618216 -0.326085 -0.715177
vt 2.7494 10.1178
f 922/2405/597 923/2406/598 918/2407/593

v 44.9139 22.7964 -24.5711
vt 5.87168 9.14176
vn 0.646442 -0.308375 -0.697867
vt 4.40875 9.1336
vt 4.58683 10.9588
f 924/2408/599 923/2409/598 922/2410/597

vt 3.71879 7.8879
vt 4.40745 9.36771
vt 5.87038 9.37587
f 915/2411/590 923/2412/598 924/2413/599

vt 3.5808 7.95137
vt 2.90754 9.50028
vt 4.25181 9.43928
f 915/2414/590 916/2415/591 923/2416/598

vt 4.2299 8.95744
vt 2.88564 9.01843
vt 2.69319 9.96025
f 923/2417/598 916/2418/591 918/2419/593

vt 3.72199 7.88521
vt 5.87394 9.37264
vt 5.1042 7.30088
f 915/2420/590 924/2421/599 908/2422/583

vt 5.16124 7.26826
vt 5.94068 9.33639
vt 7.44252 9.32323
f 908/2423/583 924/2424/599 906/2425/581

vt 7.44186 9.2658
vt 5.94002 9.27894
v 45.8699 25.0478 -24.9561
vt 6.52583 12.014
vn 0.656798 -0.260336 -0.707702
f 906/2426/581 924/2427/599 925/2428/600

vt 6.54843 12.0119
vt 5.9645 9.27642
vt 4.66967 11.0863
f 925/2429/600 924/2430/599 922/2431/597

vt 6.41996 12.059
vt 4.55238 11.111
v 44.3928 26.3925 -25.2502
vt 3.50218 13.125
vn 0.641348 -0.212328 -0.737285
f 925/2432/600 922/2433/597 926/2434/601

vt 3.38401 13.2004
vt 4.4608 11.2005
vt 3.03589 11.2075
f 926/2435/601 922/2436/597 921/2437/596

vt 3.1759 13.2559
vt 2.86629 11.2567
v 43.3444 26.1754 -25.1981
vt 1.65506 12.6948
vn 0.588971 -0.256426 -0.766393
f 926/2438/601 921/2439/596 927/2440/602

vt 2.62142 11.2725
vt 1.54044 10.9788
vt 1.38422 12.6883
f 921/2441/596 920/2442/595 927/2443/602

v 42.7199 25.8961 -24.9744
vt 0.499267 12.1607
vn 0.455502 -0.324016 -0.829176
vt 1.13442 12.6883
vt 1.3072 10.9804
f 928/2444/603 927/2445/602 920/2446/595

vt 0.677278 11.9897
v 43.5118 27.3087 -25.3797
vt 1.13324 13.7965
vn 0.588279 -0.295859 -0.752592
vt 1.31409 12.5154
f 928/2447/603 929/2448/604 927/2449/602

v 42.8893 28.6111 -25.361
vt -0.0112619 14.9695
vn 0.371844 -0.379518 -0.847171
vt 1.17479 13.7858
vt 0.719013 11.979
f 930/2450/605 929/2451/604 928/2452/603

v 43.5757 29.1396 -25.5924
vt 0.721525 15.8356
vn 0.620844 -0.276499 -0.733554
vt 1.2344 13.8435
vt 0.0484978 15.0274
f 931/2453/606 929/2454/604 930/2455/605

v 44.4758 28.8129 -25.4157
vt 2.97701 15.7976
vn 0.646423 -0.244386 -0.722782
vt 1.76438 13.9142
vt 1.27643 15.9125
f 932/2456/607 929/2457/604 931/2458/606

vt 3.08745 15.7514
vt 2.03958 12.5899
vt 1.8682 13.8723
f 932/2459/607 927/2460/602 929/2461/604

vt 3.25948 13.2161
vt 1.73546 12.6637
vt 2.74742 15.8368
f 926/2462/601 927/2463/602 932/2464/607

vt 6.17305 15.5238
vt 3.5995 13.1511
vt 3.14464 15.7824
f 901/2465/576 926/2466/601 932/2467/607

vt 6.41154 12.0836
vt 3.49248 13.1461
vt 6.03894 15.5478
f 925/2468/600 926/2469/601 901/2470/576

vt 5.82118 15.6585
vt 6.86985 13.4581
vt 6.25458 12.2014
f 901/2471/576 902/2472/577 925/2473/600

vt 6.58017 12.027
vt 7.2404 13.2607
vt 7.49486 9.2783
f 925/2474/600 902/2475/577 906/2476/581

vt 7.23389 13.2696
vt 10.4706 9.56707
vt 7.49294 9.28749
f 902/2477/577 903/2478/578 906/2479/581

v 44.6758 29.9417 -25.3312
vt 3.43001 16.9951
vn 0.695507 -0.122786 -0.707951
vt 6.18107 15.4825
vt 3.15285 15.7433
f 933/2480/608 901/2481/576 932/2482/607

vt 3.6477 16.2599
v 45.3493 29.7185 -24.7606
vt 5.56952 16.0929
vn 0.722071 -0.0375639 -0.690798
vt 6.34539 14.654
f 933/2483/608 934/2484/609 901/2485/576

vt 3.64916 16.2098
v 44.6758 30.5532 -25.0794
vt 3.97134 16.8513
vn 0.725882 0.0399965 -0.686655
vt 5.57092 16.0422
f 933/2486/608 935/2487/610 934/2488/609

v 43.9811 31.0231 -25.337
vt 2.30774 17.1717
vn 0.724371 0.224705 -0.651763
vt 3.81888 16.7942
vt 3.51669 16.143
f 936/2489/611 935/2490/610 933/2491/608

v 44.5622 30.9348 -24.7473
vt 4.33444 14.4311
vn 0.686756 0.411308 -0.599326
vt 4.02323 14.0239
vt 2.53727 14.4908
f 937/2492/612 935/2493/610 936/2494/611

v 45.0362 30.7253 -24.2888
vt 5.87712 14.3797
vn 0.72983 0.274299 -0.626185
vt 4.11198 14.2166
vt 4.43799 14.6121
f 938/2495/613 935/2496/610 937/2497/612

vt 5.90226 15.6997
vt 5.69562 14.6707
vt 4.13562 15.5537
f 938/2498/613 934/2499/609 935/2500/610

vt 7.41666 14.6182
vt 5.58836 14.8362
vt 5.74527 15.874
f 900/2501/575 934/2502/609 938/2503/613

vt 5.55017 16.1489
vt 7.38089 15.9521
vt 6.33273 14.7136
f 934/2504/609 900/2505/575 901/2506/576

vt 7.62704 13.3516
vt 7.53317 12.5735
vt 5.9831 13.9763
f 899/2507/574 900/2508/575 938/2509/613

v 44.846 30.9437 -23.8486
vt 6.55075 8.35033
vn 0.26338 0.963468 -0.0485778
vt 7.54479 7.22376
vt 6.07047 8.18251
f 939/2510/614 899/2511/574 938/2512/613

vt 7.8841 6.59484
vt 7.42099 6.24487
vt 6.5049 7.43569
f 898/2513/573 899/2514/574 939/2515/614

vt 1.87394 -3.92211
vt 1.48931 -3.47684
vt 1.66108 -1.87069
f 897/2516/572 898/2517/573 939/2518/614

v 44.0802 30.9073 -23.2617
vt -5.40362 6.78789
vn -0.456565 0.719753 0.522977
vt -7.5824 6.59627
vt -5.71223 7.4658
f 940/2519/615 897/2520/572 939/2521/614

v 43.934 30.4511 -22.1896
vt -6.95746 9.99522
vn -0.536639 0.643417 0.545924
vt -7.6978 10.8264
vt -5.51527 10.9691
f 941/2522/616 897/2523/572 940/2524/615

vt -7.70947 9.40822
v 44.7531 30.6036 -21.9291
vt -9.29288 9.91835
vn -0.478012 0.711383 0.515207
vt -8.31718 10.3408
f 941/2525/616 942/2526/617 897/2527/572

v 43.5687 30.0484 -21.2488
vt -8.42569 11.0641
vn -0.580818 0.563744 0.587233
vt -9.06117 12.3601
vt -7.45143 11.9403
f 943/2528/618 942/2529/617 941/2530/616

v 44.2133 29.9668 -20.8351
vt -9.7282 11.1441
vn -0.553701 0.580484 0.597037
vt -8.79654 12.3902
vt -8.10714 11.1221
f 944/2531/619 942/2532/617 943/2533/618

vt -9.78783 11.32
v 45.1044 30.4254 -21.3912
vt -10.2265 12.3301
vn -0.474011 0.699393 0.534942
vt -8.84724 12.5594
f 944/2534/619 945/2535/620 942/2536/617

vt -9.77686 11.3183
v 45.4202 30.3449 -21.082
vt -11.1794 12.2626
vn -0.480325 0.698661 0.530246
vt -10.2169 12.3279
f 944/2537/619 946/2538/621 945/2539/620

v 44.8637 30.013 -20.6346
vt -11.0736 11.5288
vn -0.560196 0.575207 0.596086
vt -11.1883 12.2409
vt -9.78689 11.2949
f 947/2540/622 946/2541/621 944/2542/619

v 45.8418 30.0619 -20.1606
vt -13.3698 11.9159
vn -0.521582 0.648231 0.554751
vt -11.2762 12.3448
vt -11.1704 11.6312
f 948/2543/623 946/2544/621 947/2545/622

vt -13.185 9.38721
vt -13.7647 10.1745
vt -11.1038 9.87297
f 948/2546/623 889/2547/564 946/2548/621

vt -13.4754 9.52701
vt -14.8511 9.83965
vt -14.0144 10.3427
f 948/2549/623 888/2550/563 889/2551/564

v 47.5016 29.7711 -18.1446
vt -19.0679 9.86984
vn -0.547245 0.621318 0.560791
vt -14.793 10.473
vt -13.4136 10.1768
f 949/2552/624 888/2553/563 948/2554/623

vt -19.1356 11.4757
vt -20.5566 12.4229
vt -14.8541 12.0306
f 949/2555/624 887/2556/562 888/2557/563

v 48.2334 29.879 -17.5456
vt -21.3156 11.5852
vn -0.549302 0.621269 0.558832
vt -20.6932 12.3218
vt -19.3063 11.3254
f 950/2558/625 887/2559/562 949/2560/624

vt -21.2492 11.0059
v 49.6095 30.1371 -17.1863
vt -23.8197 11.7806
vn -0.469506 0.7442 0.475111
vt -20.6395 11.753
f 950/2561/625 951/2562/626 887/2563/562

v 48.9859 29.7635 -16.6144
vt -23.7301 11.6451
vn -0.593971 0.570492 0.567218
vt -23.7265 12.4771
vt -21.1404 11.756
f 952/2564/627 951/2565/626 950/2566/625

v 48.9894 29.7884 -16.1834
vt -24.6109 14.6448
vn -0.588612 0.586209 0.556682
vt -23.8022 15.544
vt -23.9085 14.7189
f 953/2567/628 951/2568/626 952/2569/627

vt -24.5639 10.9837
v 50.0571 30.1307 -16.5254
vt -25.5557 11.9464
vn -0.358636 0.852803 0.379616
vt -23.8525 11.9616
f 953/2570/628 954/2571/629 951/2572/626

v 49.7543 29.852 -15.509
vt -26.734 11.1484
vn -0.510456 0.640669 0.573565
vt -25.5451 11.9113
vt -24.55 10.9521
f 955/2573/630 954/2574/629 953/2575/628

vt -26.5642 9.42867
v 51.0354 30.2856 -16.6046
vt -26.7251 10.8668
vn -0.2477 0.939196 0.237812
vt -25.4026 10.2326
f 955/2576/630 956/2577/631 954/2578/629

vt -26.8449 11.7568
v 51.3449 30.3428 -15.8935
vt -28.4534 13.2087
vn -0.434813 0.789541 0.433086
vt -26.8756 13.2036
f 955/2579/630 957/2580/632 956/2581/631

v 50.4227 29.9655 -15.304
vt -27.968 11.4278
vn -0.54956 0.603548 0.577679
vt -28.3691 12.424
vt -26.6671 11.0829
f 958/2582/633 957/2583/632 955/2584/630

vt -28.0302 11.7504
v 51.1578 30.1546 -15.2414
vt -29.1907 12.2603
vn -0.553398 0.610074 0.567064
vt -28.4164 12.7524
f 958/2585/633 959/2586/634 957/2587/632

vt -27.5067 13.2769
v 50.2668 29.2046 -14.4228
vt -28.7041 12.1692
vn -0.59821 0.476932 0.643957
vt -28.6978 13.7105
f 958/2588/633 960/2589/635 959/2590/634

vt -27.6333 13.7594
vt -26.3196 13.467
vt -28.8397 12.6615
f 958/2591/633 955/2592/630 960/2593/635

vt -26.37 13.8488
v 48.7004 27.9996 -13.8726
vt -27.514 11.1042
vn -0.583384 0.461843 0.668106
vt -28.8927 13.0514
f 955/2594/630 961/2595/636 960/2596/635

v 49.1709 29.2433 -14.7881
vt -13.0187 1.87727
vn -0.544079 0.545929 0.637134
vt -13.2604 0.00514087
vt -13.184 2.97767
f 962/2597/637 961/2598/636 955/2599/630

v 48.458 28.8644 -15.0096
vt -25.511 13.4344
vn -0.643105 0.45327 0.617221
vt -27.7416 12.3325
vt -26.8798 14.0119
f 963/2600/638 961/2601/636 962/2602/637

vt -25.5434 13.5816
v 48.0599 27.9109 -14.3777
vt -26.0411 12.3016
vn -0.65828 0.386801 0.645796
vt -27.7757 12.4831
f 963/2603/638 964/2604/639 961/2605/636

vt -25.8466 14.2779
v 47.6234 27.687 -14.9534
vt -24.8386 12.7589
vn -0.65899 0.411718 0.62946
vt -26.3677 13.0073
f 963/2606/638 965/2607/640 964/2608/639

v 48.2175 28.8245 -15.6726
vt -24.4894 14.3855
vn -0.640729 0.470646 0.606597
vt -24.8957 12.8343
vt -25.8931 14.3602
f 966/2609/641 965/2610/640 963/2611/638

vt -24.204 13.5934
v 46.2308 27.5829 -16.2616
vt -20.4612 11.7768
vn -0.643799 0.417676 0.641147
vt -24.5699 12.0322
f 966/2612/641 967/2613/642 965/2614/640

v 47.3089 28.9826 -16.7713
vt -21.1065 13.7417
vn -0.611402 0.498092 0.614892
vt -20.4521 11.7974
vt -24.1957 13.6123
f 968/2615/643 967/2616/642 966/2617/641

vt -21.116 13.7474
v 45.8063 28.8274 -18.1397
vt -16.7548 13.4164
vn -0.612044 0.488265 0.622093
vt -20.4626 11.8028
f 968/2618/643 969/2619/644 967/2620/642

vt -19.2103 13.7263
vt -16.8076 12.1075
vt -21.1674 12.4571
vt -21.2241 13.9489
f 949/2621/624 969/2622/644 968/2623/643 950/2624/625 

vt -16.7213 12.2513
vt -19.1375 13.85
vt -13.4804 14.1009
f 969/2625/644 949/2626/624 948/2627/623

vt -16.5112 11.2083
vt -13.3052 13.1178
vt -11.1037 12.8506
f 969/2628/644 948/2629/623 947/2630/622

vt -11.1674 13.413
v 44.1772 29.4353 -20.2043
vt -10.8681 12.4401
vn -0.597115 0.495949 0.630467
vt -16.5854 11.8052
f 947/2631/622 970/2632/645 969/2633/644

vt -10.6014 12.38
vt -10.9215 13.3463
vt -9.63132 13.1325
f 970/2634/645 947/2635/622 944/2636/619

vt -10.6674 12.595
vt -9.69371 13.3428
v 43.3862 29.3625 -20.4816
vt -9.05087 12.3254
vn -0.60304 0.480804 0.63653
f 970/2637/645 944/2638/619 971/2639/646

vt -9.71541 13.3313
vt -8.09433 13.3114
vt -9.07429 12.3128
f 944/2640/619 943/2641/618 971/2642/646

vt -9.31197 12.9188
vt -8.31525 13.9006
v 42.5715 29.0438 -20.7073
vt -7.77602 12.3631
vn -0.634337 0.448975 0.629315
f 971/2643/646 943/2644/618 972/2645/647

vt -8.75903 13.9174
v 42.888 29.706 -21.9236
vt -6.73187 13.4694
vn -0.647162 0.481355 0.591167
vt -8.28301 12.3592
f 943/2646/618 973/2647/648 972/2648/647

vt -8.83762 13.0161
vt -7.80944 13.8283
vt -6.81549 12.5458
f 943/2649/618 941/2650/616 973/2651/648

vt -7.52166 14.2203
v 43.5248 30.5873 -22.9592
vt -5.69095 14.4171
vn -0.579874 0.562699 0.589165
vt -6.4735 12.9817
f 941/2652/616 974/2653/649 973/2654/648

vt -5.63952 13.0264
vt -7.46878 12.8165
vt -5.95515 13.6751
f 974/2655/649 941/2656/616 940/2657/615

vt -5.4685 13.1377
vt -5.80027 13.7783
v 43.5383 31.0948 -23.9563
vt -3.88857 13.9845
vn -0.538831 0.630753 0.558401
f 974/2658/649 940/2659/615 975/2660/650

vt -5.71551 11.3591
v 44.1631 31.1476 -23.9198
vt -4.80395 11.8936
vn -0.323256 0.851547 0.412763
vt -3.80705 11.5934
f 940/2661/615 976/2662/651 975/2663/650

vt -4.7887 6.93866
vt -5.17579 7.57502
vt -3.98113 7.62019
f 940/2664/615 939/2665/614 976/2666/651

vt -3.91487 4.23207
vt -5.10878 4.17014
v 44.5028 31.1138 -24.2027
vt -4.06835 4.51117
vn 0.359064 0.909762 -0.208343
f 976/2667/651 939/2668/614 977/2669/652

vt 5.52897 7.53927
vt 6.55118 7.14701
vt 6.08899 6.93439
f 977/2670/652 939/2671/614 938/2672/613

vt 6.06029 7.84193
vt 4.6659 8.26716
vt 5.45946 8.4063
f 938/2673/613 937/2674/612 977/2675/652

vt 5.37694 6.91743
vt 4.59306 6.73136
v 43.8735 31.2601 -24.9019
vt 3.36013 7.28452
vn 0.239514 0.964519 -0.111066
f 977/2676/652 937/2677/612 978/2678/653

vt 3.1015 9.64825
vt 4.39138 9.24534
vt 2.59619 9.34861
f 978/2679/653 937/2680/612 936/2681/611

vt 3.45082 11.842
vt 2.90507 11.6245
v 43.6224 31.3812 -25.2908
vt 2.47245 12.0715
vn 0.309569 0.942501 -0.125933
f 978/2682/653 936/2683/611 979/2684/654

vt 2.44262 12.2303
vt 2.88104 11.789
v 43.395 31.382 -25.9437
vt 1.0734 12.3475
vn 0.713685 0.00130011 -0.700466
f 979/2685/654 936/2686/611 980/2687/655

vt 0.825399 16.1979
vt 2.67455 15.7977
vt 3.78911 14.6673
f 980/2688/655 936/2689/611 933/2690/608

vt 0.302014 18.3064
vt 3.38575 17.0349
vt 1.4178 15.9137
f 980/2691/655 933/2692/608 931/2693/606

vt 1.29363 15.8895
vt 3.25127 17.0287
vt 2.99408 15.7726
f 931/2694/606 933/2695/608 932/2696/607

vt 1.29918 15.9008
v 43.1252 30.4568 -25.8582
vt 0.0171793 17.2133
vn 0.459935 -0.367602 -0.808287
vt 0.171807 18.2881
f 931/2697/606 981/2698/656 980/2699/655

vt 0.980193 15.5806
vt 0.309842 14.7702
vt -0.301105 16.8938
f 931/2700/606 930/2701/605 981/2702/656

v 42.6593 29.7293 -25.4012
vt -1.61648 15.3065
vn -0.790967 -0.412269 -0.452113
vt -1.46065 16.3313
vt -1.05035 14.16
f 982/2703/657 981/2704/656 930/2705/605

v 42.8271 30.5374 -25.6889
vt -1.54096 16.1566
vn -0.717408 -0.309064 -0.624343
vt -1.24655 16.1963
vt -1.3721 15.1674
f 983/2706/658 981/2707/656 982/2708/657

v 42.9442 31.3996 -25.8078
vt -1.71851 17.9731
vn -0.861382 0.361667 0.356676
vt -1.29519 17.0436
vt -1.58975 17.0051
f 984/2709/659 981/2710/656 983/2711/658

vt -1.90711 16.4758
vt -2.2771 17.4278
v 43.0929 31.6509 -25.9684
vt -2.20992 17.7784
vn 0.422488 0.00104915 -0.906368
f 981/2712/656 984/2713/659 985/2714/660

vt -0.398517 17.0373
v 43.1643 31.695 -25.9068
vt -0.531955 17.4446
vn -0.179039 0.964822 0.192518
vt -0.334322 17.3884
f 984/2715/659 986/2716/661 985/2717/660

v 43.0043 31.568 -25.558
vt -1.47024 16.7291
vn -0.575465 0.59618 0.55983
vt -1.10097 16.9947
vt -0.995544 16.5792
f 987/2718/662 986/2719/661 984/2720/659

vt -0.0253638 10.5304
v 43.3896 31.505 -25.5738
vt -0.61211 10.6048
vn 0.331575 0.936146 -0.116997
vt 0.237813 10.9014
f 987/2721/662 988/2722/663 986/2723/661

vt -0.0964984 8.55087
vt -1.46728 8.43244
vt -0.681543 8.63767
f 987/2724/662 979/2725/654 988/2726/663

v 43.4469 31.2775 -24.8096
vt -1.89323 7.74425
vn -0.430112 0.761384 0.485075
vt -1.46153 8.19906
vt -0.0909605 8.31987
f 989/2727/664 979/2728/654 987/2729/662

vt -2.64345 8.81144
vt -1.66279 9.03098
vt -2.12153 8.60348
f 978/2730/653 979/2731/654 989/2732/664

vt -4.83185 6.73763
vt -2.87147 7.19409
vt -2.3657 6.94948
f 976/2733/651 978/2734/653 989/2735/664

vt -4.61577 4.33413
vt -4.71886 4.63551
vt -2.68759 4.9117
f 976/2736/651 977/2737/652 978/2738/653

vt -3.92698 10.4048
vt -4.91573 10.7309
vt -2.44531 10.8852
f 975/2739/650 976/2740/651 989/2741/664

vt -4.25489 14.8562
vt -2.74375 15.2338
v 43.0479 30.7168 -23.724
vt -3.9527 14.205
vn -0.624442 0.505733 0.595236
f 975/2742/650 989/2743/664 990/2744/665

vt -2.28842 13.1868
vt -0.439277 13.587
vt -3.40299 12.0564
f 989/2745/664 987/2746/662 990/2747/665

vt -4.12789 16.592
vt -1.04415 17.8635
v 42.366 29.7157 -24.398
vt -2.15993 15.4708
vn -0.719176 0.363998 0.591854
f 990/2748/665 987/2749/662 991/2750/666

v 42.6561 30.6801 -25.3951
vt -1.02763 16.8997
vn -0.809924 0.270331 0.520523
vt -2.30963 15.5872
vt -1.18226 17.9745
f 992/2751/667 991/2752/666 987/2753/662

v 42.2526 28.9106 -24.6918
vt -2.02571 15.0769
vn -0.871599 0.228068 0.433935
vt -2.61908 15.8988
vt -1.33641 17.2106
f 993/2754/668 991/2755/666 992/2756/667

v 41.7589 28.1434 -23.649
vt -3.36072 13.7605
vn -0.755336 0.335331 0.563045
vt -2.84841 15.7527
vt -2.25317 14.9322
f 994/2757/669 991/2758/666 993/2759/668

vt -2.82478 13.5466
v 42.4655 29.7702 -23.4309
vt -4.03741 15.43
vn -0.694839 0.394282 0.601448
vt -2.33683 15.5449
f 994/2760/669 995/2761/670 991/2762/666

v 41.4162 27.0936 -23.2944
vt -2.84576 12.3827
vn -0.750219 0.377376 0.542916
vt -3.89364 15.5442
vt -2.67439 13.6651
f 996/2763/671 995/2764/670 994/2765/669

vt -3.25915 12.2375
v 41.5594 27.7417 -22.4527
vt -4.78318 12.7899
vn -0.694445 0.423736 0.581545
vt -4.27112 15.4106
f 996/2766/671 997/2767/672 995/2768/670

v 40.6914 26.2134 -22.0096
vt -4.55826 10.3897
vn -0.735774 0.379152 0.561142
vt -4.86787 12.3889
vt -3.34703 11.8278
f 998/2769/673 997/2770/672 996/2771/671

v 40.7403 26.3596 -21.1678
vt -5.70859 10.3756
vn -0.713772 0.337785 0.61354
vt -4.6318 12.3755
vt -4.28367 10.3826
f 999/2772/674 997/2773/672 998/2774/673

vt -5.50141 10.1196
v 41.3766 27.1874 -20.5198
vt -7.36899 11.0676
vn -0.687264 0.379665 0.619292
vt -4.45121 12.1336
f 999/2775/674 1000/2776/675 997/2777/672

v 40.6605 24.8217 -20.3717
vt -6.34845 9.39662
vn -0.700172 0.332841 0.631646
vt -6.93237 12.1321
vt -5.05362 11.2065
f 1001/2778/676 1000/2779/675 999/2780/674

vt -6.46424 9.36885
v 40.9625 24.8567 -19.7024
vt -7.96608 9.35571
vn -0.681573 0.326627 0.654808
vt -7.05004 12.1039
f 1001/2781/676 1002/2782/677 1000/2783/675

vt -6.46151 9.03953
v 39.8714 23.1092 -20.2444
vt -5.68207 6.97139
vn -0.723953 0.274686 0.632802
vt -7.96335 9.02637
f 1001/2784/676 1003/2785/678 1002/2786/677

vt -6.68021 8.97268
v 39.8716 23.496 -21.0829
vt -4.52825 7.48525
vn -0.729941 0.34002 0.592936
vt -5.91046 6.90092
f 1001/2787/676 1004/2788/679 1003/2789/678

v 40.4587 24.7252 -21.1075
vt -5.22661 8.94946
vn -0.725942 0.313962 0.611912
vt -4.53795 7.46964
vt -6.68953 8.95761
f 1005/2790/680 1004/2791/679 1001/2792/676

v 40.4462 24.6239 -21.9278
vt -4.19665 8.88208
vn -0.751703 0.334717 0.56825
vt -4.86991 7.33318
vt -5.54091 8.82108
f 1006/2793/681 1004/2794/679 1005/2795/680

vt -4.46535 9.10287
v 40.1768 23.6749 -22.2441
vt -3.64826 8.08507
vn -0.792638 0.331009 0.512013
vt -5.15758 7.56236
f 1006/2796/681 1007/2797/682 1004/2798/679

vt -4.6562 8.92106
v 40.6999 24.4088 -22.9022
vt -3.38806 8.97313
vn -0.819954 0.294956 0.490588
vt -3.85115 7.89371
f 1006/2799/681 1008/2800/683 1007/2801/682

v 40.5291 25.4542 -22.0902
vt -4.51873 10.4675
vn -0.769338 0.270625 0.578689
vt -3.41343 9.57224
vt -4.68156 9.52007
f 1009/2802/684 1008/2803/683 1006/2804/681

vt -4.63382 10.3966
v 40.8064 25.7534 -22.7694
vt -3.86454 10.9379
vn -0.799454 0.332559 0.500277
vt -3.52084 9.51094
f 1009/2805/684 1010/2806/685 1008/2807/683

vt -4.47884 10.2359
vt -4.78921 11.0671
vt -3.70787 10.7748
f 1009/2808/684 998/2809/673 1010/2810/685

vt -3.97934 10.4228
vt -5.71201 11.2481
vt -4.28709 11.2549
f 1009/2811/684 999/2812/674 998/2813/673

vt -5.47676 9.49843
vt -5.66798 11.3223
vt -3.93614 10.4952
f 1005/2814/680 999/2815/674 1009/2816/684

vt -5.22322 9.55566
vt -6.68615 9.56382
vt -5.40131 11.3808
f 1005/2817/680 1001/2818/676 999/2819/674

vt -4.23062 9.63149
vt -5.57488 9.5705
vt -4.03816 10.5733
f 1006/2820/681 1005/2821/680 1009/2822/684

vt -3.74876 10.5804
vt -4.82974 10.8741
vt -3.59253 12.2899
f 1010/2823/685 998/2824/673 996/2825/671

vt -3.84313 12.389
v 41.611 26.3911 -24.0401
vt -2.86409 11.8602
vn -0.921829 0.232195 0.310351
vt -4.02504 10.682
f 996/2826/671 1011/2827/686 1010/2828/685

vt -3.59776 13.8245
vt -2.79762 12.0161
vt -3.77754 12.5432
f 994/2829/669 1011/2830/686 996/2831/671

vt -3.48933 13.8665
vt -2.38287 15.0392
vt -2.69328 12.0564
f 994/2832/669 993/2833/668 1011/2834/686

vt -2.923 14.9056
v 42.2789 27.5934 -24.8158
vt -2.60062 13.5452
vn -0.849609 -0.070315 -0.522704
vt -3.09629 11.9117
f 993/2835/668 1012/2836/687 1011/2837/686

vt -2.92303 14.9063
v 42.5104 28.5944 -25.0417
vt -2.56134 14.7215
vn -0.854293 -0.259471 -0.450399
vt -2.59919 13.5462
f 993/2838/668 1013/2839/688 1012/2840/687

vt -2.90653 14.385
vt -2.33225 15.5695
vt -2.54902 14.1923
f 993/2841/668 982/2842/657 1013/2843/688

vt -2.2568 17.0061
vt -2.16443 15.9847
vt -2.79529 14.8294
f 992/2844/667 982/2845/657 993/2846/668

vt -2.27474 17.0024
vt -1.97136 16.963
vt -2.17945 15.9813
f 992/2847/667 983/2848/658 982/2849/657

vt -2.28651 17.1177
vt -1.97703 18.0554
vt -1.98307 17.0788
f 992/2850/667 984/2851/659 983/2852/658

vt -0.839973 17.8063
vt -1.1666 16.8745
vt -1.31661 17.9499
f 984/2853/659 992/2854/667 987/2855/662

vt -1.93353 14.8939
vt -1.42668 13.7199
vt -1.73534 13.5139
f 982/2856/657 930/2857/605 1013/2858/688

vt -1.98352 14.5719
vt -1.6691 14.769
vt -1.94318 13.3967
f 1013/2859/688 930/2860/605 1012/2861/687

vt -1.87068 13.364
vt -1.60215 14.7374
v 42.2177 26.0736 -24.7007
vt -1.55872 11.7123
vn -0.0740544 -0.406862 -0.910483
f 1012/2862/687 930/2863/605 1014/2864/689

vt -0.776328 14.7385
vt -0.0950227 11.7365
vt -0.609213 11.7178
f 930/2865/605 928/2866/603 1014/2867/689

vt -0.595068 11.0393
vt -0.0808954 11.0585
v 41.8731 25.4382 -24.3395
vt -0.647455 10.1672
vn -0.343904 -0.242847 -0.907059
f 1014/2868/689 928/2869/603 1015/2870/690

vt -0.835436 11.9177
v 42.5376 24.6223 -24.8228
vt -0.680067 10.4898
vn 0.332245 -0.306722 -0.891928
vt -1.44052 11.0521
f 928/2871/603 1016/2872/691 1015/2873/690

vt 0.259856 12.0417
vt 1.074 10.8658
vt 0.419591 10.6143
f 928/2874/603 920/2875/595 1016/2876/691

vt 0.531646 10.2714
vt 1.18556 10.5242
vt 0.391461 9.06121
f 1016/2877/691 920/2878/595 919/2879/594

vt -0.609809 10.4714
vt -0.79097 9.26672
v 41.6127 23.9579 -24.1344
vt -1.23128 9.35364
vn -0.15909 -0.20559 -0.965621
f 1016/2880/691 919/2881/594 1017/2882/692

vt -1.19721 9.52814
vt -0.756896 9.44123
v 41.1604 22.9974 -23.8398
vt -1.36046 8.32052
vn -0.499578 0.172452 -0.84893
f 1017/2883/692 919/2884/594 1018/2885/693

vt -1.37461 8.32695
vt -0.771283 9.44778
vt -0.745891 7.01256
f 1018/2886/693 919/2887/594 913/2888/588

vt 0.118825 9.45501
vt 1.05376 8.42443
vt 0.112043 7.01967
f 919/2889/594 914/2890/589 913/2891/588

vt 0.277975 9.56238
vt 0.87859 9.55037
vt 1.20863 8.52793
f 919/2892/594 917/2893/592 914/2894/589

vt -0.863187 8.51757
vt -0.257208 7.19255
v 40.9322 21.9632 -23.7756
vt -0.869277 7.33717
vn 0.191609 -0.0208019 -0.981251
f 1018/2895/693 913/2896/588 1019/2897/694

vt -0.833066 7.41758
vt -0.221343 7.27149
v 40.956 20.6739 -23.9208
vt -0.590086 6.07177
vn 0.491304 -0.210929 -0.845062
f 1019/2898/694 913/2899/588 1020/2900/695

vt 0.738095 7.05853
vt 1.25997 5.62559
vt 0.309012 5.87904
f 913/2901/588 912/2902/587 1020/2903/695

vt 0.301096 5.85342
vt 1.2521 5.60015
v 40.0444 18.3637 -23.5019
vt -0.14241 3.06011
vn 0.500704 -0.2498 -0.828791
f 1020/2904/695 912/2905/587 1021/2906/696

vt 0.171206 2.88907
vt 1.56777 5.42799
v 40.5787 17.8378 -23.4523
vt 1.15982 2.48268
vn 0.609569 -0.359628 -0.706465
f 1021/2907/696 912/2908/587 1022/2909/697

vt 1.32986 2.46239
vt 1.72813 5.40902
vt 2.53905 4.7259
f 1022/2910/697 912/2911/587 909/2912/584

vt 2.80028 4.5913
vt 5.27191 2.91879
vt 1.62016 2.31249
f 909/2913/584 707/2914/382 1022/2915/697

vt 1.6356 2.2048
vt 5.28657 2.81572
vt 1.50559 0.195743
f 1022/2916/697 707/2917/382 706/2918/381

vt 1.69729 2.21028
vt 1.57948 0.200472
v 39.0067 16.2864 -23.1154
vt 0.0137126 0.00624877
vn 0.53788 -0.417163 -0.732571
f 1022/2919/697 706/2920/381 1023/2921/698

vt 1.6527 -0.341681
v 38.767 16.0386 -22.8386
vt 0.18341 -0.982827
vn -0.081955 -0.985735 -0.147005
vt 0.0891063 -0.552714
f 706/2922/381 1024/2923/699 1023/2924/698

vt 1.71109 -0.439963
v 39.2172 16.0849 -22.6081
vt 1.27789 -0.94781
vn 0.296155 -0.913647 -0.278463
vt 0.250245 -1.1001
f 706/2925/381 1025/2926/700 1024/2927/699

vt 1.7434 -1.0262
vt 2.1123 -0.469885
v 39.4627 16.2284 -22.2018
vt 2.72823 -0.852892
vn 0.25212 -0.950152 -0.18343
f 1025/2928/700 706/2929/381 1026/2930/701

vt 2.46852 -1.31993
vt 1.88784 -0.885334
vt 3.28986 -0.892309
f 1026/2931/701 706/2932/381 704/2933/379

vt 3.16239 0.870215
vt 3.37717 1.77095
vt 3.81627 1.63912
f 1026/2934/701 704/2935/379 757/2936/432

vt 3.95422 -1.08298
vt 3.68714 -0.710348
vt 4.99873 -0.45924
f 757/2937/432 704/2938/379 702/2939/377

v 39.1203 16.1436 -22.351
vt 0.981334 2.60919
vn -0.508486 -0.683935 0.52314
vt 0.487057 3.17941
vt 0.0792691 4.10272
f 1027/2940/702 1026/2941/701 757/2942/432

vt 2.43312 -1.33544
vt 2.13377 -1.28347
vt 3.06861 -0.928482
f 1027/2943/702 1025/2944/700 1026/2945/701

v 38.8555 16.1067 -22.6514
vt 1.3812 -1.983
vn -0.68186 -0.356238 0.638875
vt 1.91869 -1.6514
vt 2.20886 -1.74142
f 1028/2946/703 1025/2947/700 1027/2948/702

vt 1.99627 1.4508
vt 2.08088 1.03432
vt 1.65333 1.98113
f 1028/2949/703 1024/2950/699 1025/2951/700

v 38.6231 16.5414 -22.7124
vt -0.387608 1.54627
vn -0.778126 0.220958 0.587961
vt -0.444666 1.03013
vt -0.864495 1.09616
f 1029/2952/704 1024/2953/699 1028/2954/703

vt -1.08215 1.47198
v 38.7044 16.2657 -22.9431
vt -0.817438 1.22599
vn -0.800355 -0.504541 -0.323836
vt -1.07128 0.952812
f 1029/2955/704 1030/2956/705 1024/2957/699

vt -1.9138 0.4464
v 38.8371 16.6899 -23.0454
vt -1.60979 0.735483
vn -0.167069 0.0596501 -0.984139
vt -1.62583 0.228078
f 1029/2958/704 1031/2959/706 1030/2960/705

vt -1.67556 0.176738
v 39.0388 17.2302 -23.0956
vt -1.50744 1.11511
vn -0.813817 0.543439 -0.205853
vt -1.37453 0.468915
f 1029/2961/704 1032/2962/707 1031/2963/706

v 39.1771 18.5594 -22.6708
vt -2.48421 2.53258
vn -0.789671 0.378681 0.482723
vt -1.67024 1.16885
vt -1.85057 0.232754
f 1033/2964/708 1032/2965/707 1029/2966/704

vt -2.56186 2.49504
v 39.4284 18.3015 -23.2006
vt -1.97619 2.40694
vn -0.130379 0.211501 -0.968643
vt -1.75893 1.12478
f 1033/2967/708 1034/2968/709 1032/2969/707

vt -2.55712 2.53418
v 39.8674 19.5973 -23.3191
vt -2.2231 3.98035
vn -0.742356 0.387871 -0.546319
vt -1.9714 2.44639
f 1033/2970/708 1035/2971/710 1034/2972/709

vt -2.71089 2.62383
v 39.9634 21.1465 -22.9408
vt -3.05931 5.65478
vn -0.817967 0.411152 0.402348
vt -2.35342 4.06439
f 1033/2973/708 1036/2974/711 1035/2975/710

v 39.6941 21.1374 -22.1548
vt -3.49184 5.40238
vn -0.756208 0.32913 0.56553
vt -2.54085 5.65571
vt -2.09347 2.63778
f 1037/2976/712 1036/2977/711 1033/2978/708

vt -3.48409 5.36749
v 40.2922 22.3146 -22.9248
vt -2.92531 6.94827
vn -0.830238 0.377386 0.410224
vt -2.53317 5.62105
f 1037/2979/712 1038/2980/713 1036/2981/711

v 39.8876 21.99 -22.0734
vt -3.89372 6.34241
vn -0.776975 0.29628 0.555453
vt -2.98735 6.98221
vt -3.54961 5.40266
f 1039/2982/714 1038/2983/713 1037/2984/712

vt -4.02698 6.5199
vt -4.10044 8.4207
vt -3.12115 7.16047
f 1039/2985/714 1007/2986/682 1038/2987/713

vt -3.7362 8.4866
vt -3.6911 6.58491
v 39.7783 22.4967 -21.2082
vt -4.94719 6.90712
vn -0.768304 0.256074 0.58663
f 1007/2988/682 1039/2989/714 1040/2990/715

vt -3.6873 6.59643
v 39.5914 20.6305 -21.5876
vt -4.13697 4.96964
vn -0.744887 0.257708 0.61541
vt -4.94334 6.91884
f 1039/2991/714 1041/2992/716 1040/2993/715

vt -3.32885 6.54797
vt -2.98345 5.60869
vt -3.79444 4.92566
f 1039/2994/714 1037/2995/712 1041/2996/716

vt -2.98993 5.61531
v 39.1222 18.5314 -22.0143
vt -2.59166 2.66868
vn -0.730994 0.269243 0.627022
vt -3.80084 4.93219
f 1037/2997/712 1042/2998/717 1041/2999/716

vt -3.11295 5.59374
vt -1.71176 2.83057
vt -2.70849 2.64796
f 1037/3000/712 1033/3001/708 1042/3002/717

vt -1.69209 2.72545
vt -0.993565 0.44449
vt -2.68884 2.54298
f 1033/3003/708 1029/3004/704 1042/3005/717

vt -1.96256 1.01795
vt -2.08098 3.02772
vt -0.427744 0.895952
f 759/3006/434 1042/3007/717 1029/3008/704

vt -5.82581 3.62166
vt -2.17484 3.01073
vt -2.04483 1.00168
f 760/3009/435 1042/3010/717 759/3011/434

vt -5.85043 3.49364
vt -3.3788 5.16615
vt -2.19868 2.88734
f 760/3012/435 1041/3013/716 1042/3014/717

vt -5.97841 7.80703
vt -3.58363 5.33115
vt -6.03499 3.62907
f 1003/3015/678 1041/3016/716 760/3017/435

vt -4.57531 7.10059
vt -3.80258 5.13782
vt -6.23414 7.57759
f 1040/3018/715 1041/3019/716 1003/3020/678

vt -4.85088 8.17325
vt -4.57251 7.10739
vt -6.23127 7.58463
f 1004/3021/679 1040/3022/715 1003/3023/678

vt -3.79743 8.50766
vt -5.00445 6.92515
vt -5.3066 7.98452
f 1007/3024/682 1040/3025/715 1004/3026/679

vt -5.88463 7.84182
vt -5.96626 3.66428
v 40.0913 22.5414 -19.5323
vt -7.3829 7.14316
vn -0.709206 0.271378 0.650678
f 1003/3027/678 760/3028/435 1043/3029/718

v 40.0104 21.3828 -19.2054
vt -8.25686 5.5182
vn -0.709606 0.229433 0.666198
vt -7.78335 6.84879
vt -6.27321 3.40946
f 1044/3030/719 1043/3031/718 760/3032/435

v 41.3881 23.0354 -18.4261
vt -10.3007 7.44371
vn -0.680721 0.286924 0.674013
vt -6.69302 6.76919
vt -7.211 5.45526
f 1045/3033/720 1043/3034/718 1044/3035/719

vt -10.3341 7.27134
vt -7.50478 9.32972
vt -6.72624 6.59758
f 1045/3036/720 1002/3037/677 1043/3038/718

vt -10.3977 7.35315
v 41.9214 25.0511 -18.6984
vt -10.5467 9.69194
vn -0.669087 0.33478 0.66351
vt -7.56901 9.41231
f 1045/3039/720 1046/3040/721 1002/3041/677

vt -10.2291 7.37476
v 43.5583 25.4413 -17.3891
vt -14.8197 10.3368
vn -0.670589 0.330082 0.664346
vt -10.3755 9.71371
f 1045/3042/720 1047/3043/722 1046/3044/721

v 43.1788 22.8241 -16.6521
vt -15.7382 7.24559
vn -0.685203 0.27118 0.675986
vt -14.8638 10.2686
vt -10.2726 7.30764
f 1048/3045/723 1047/3046/722 1045/3047/720

v 45.0069 23.5795 -14.9922
vt -21.0723 8.2572
vn -0.679139 0.303938 0.668125
vt -14.9625 10.2893
vt -15.8355 7.26584
f 1049/3048/724 1047/3049/722 1048/3050/723

v 45.6171 26.1345 -15.7072
vt -20.5254 11.1047
vn -0.662994 0.359014 0.656923
vt -14.9038 10.1154
vt -21.0138 8.08367
f 1050/3051/725 1047/3052/722 1049/3053/724

v 44.1582 27.2078 -18.0143
vt -14.675 11.9895
vn -0.651199 0.38977 0.651167
vt -14.9532 9.81466
vt -20.5742 10.8068
f 1051/3054/726 1047/3055/722 1050/3056/725

vt -14.6175 11.9657
vt -10.4495 9.16597
vt -14.8935 9.79065
f 1051/3057/726 1046/3058/721 1047/3059/722

v 42.8204 26.9989 -19.0394
vt -10.9615 11.6874
vn -0.649409 0.380611 0.658333
vt -10.3652 9.29542
vt -14.5364 12.0904
f 1052/3060/727 1046/3061/721 1051/3062/726

vt -11.0005 11.6812
v 41.9307 28.1955 -20.5556
vt -7.17373 12.9959
vn -0.668603 0.3859 0.63565
vt -10.4054 9.28899
f 1052/3063/727 1053/3064/728 1046/3065/721

vt -7.67902 13.6441
vt -7.04744 12.5196
vt -10.8709 11.1953
f 972/3066/647 1053/3067/728 1052/3068/727

vt -8.50857 13.2387
vt -6.93458 14.3162
vt -7.92451 12.0888
f 972/3069/647 973/3070/648 1053/3071/728

vt -8.24601 12.6022
vt -7.19734 14.8026
vt -7.63074 11.3455
f 1053/3072/728 973/3073/648 1000/3074/675

vt -4.46773 12.2246
vt -7.3868 11.1621
vt -7.01419 14.6263
f 997/3075/672 1000/3076/675 973/3077/648

vt -4.26345 12.5449
vt -6.837 14.9175
vt -3.80859 15.1762
f 997/3078/672 973/3079/648 995/3080/670

vt -6.82392 14.6359
vt -4.07285 16.1485
vt -3.79569 14.8967
f 973/3081/648 990/3082/665 995/3083/670

vt -5.65256 14.3337
vt -3.73075 14.5006
vt -6.42844 12.8947
f 974/3084/649 990/3085/665 973/3086/648

vt -4.0501 15.05
vt -3.72792 14.4085
vt -5.64968 14.2409
f 975/3087/650 990/3088/665 974/3089/649

vt -4.27394 16.1174
vt -2.3163 14.9782
vt -4.01675 14.8613
f 990/3090/665 991/3091/666 995/3092/670

vt -7.12427 13.1372
vt -6.46403 11.9035
vt -7.37873 9.15484
f 1053/3093/728 1000/3094/675 1002/3095/677

vt -10.5688 9.45742
vt -7.3321 13.1599
vt -7.59115 9.17784
f 1046/3096/721 1053/3097/728 1002/3098/677

v 43.5413 28.3885 -19.5884
vt -10.8877 12.8834
vn -0.629877 0.426343 0.64922
vt -7.62174 13.5265
vt -10.8095 11.0723
f 1054/3099/729 972/3100/647 1052/3101/727

vt -10.8453 12.5584
vt -9.12186 13.746
vt -7.58024 13.2064
f 1054/3102/729 971/3103/646 972/3104/647

vt -10.5735 13.5586
vt -8.95549 13.2981
vt -10.6702 12.098
f 970/3105/645 971/3106/646 1054/3107/729

vt -10.9407 13.8108
vt -11.0652 12.3523
vt -16.6612 13.2063
f 970/3108/645 1054/3109/729 969/3110/644

vt -11.0274 12.7245
vt -14.5322 11.3131
vt -16.625 13.5689
f 1054/3111/729 1051/3112/726 969/3113/644

vt -11.0805 12.9404
vt -11.0134 11.1289
vt -14.588 11.5359
f 1054/3114/729 1052/3115/727 1051/3116/726

vt -16.7652 13.4678
vt -14.6874 11.1982
vt -20.4739 11.8562
f 969/3117/644 1051/3118/726 967/3119/642

vt -14.6408 11.7634
vt -20.5391 10.5763
vt -20.4284 12.4114
f 1051/3120/726 1050/3121/725 967/3122/642

v 46.9925 26.163 -14.3377
vt -24.7401 10.7373
vn -0.666017 0.358191 0.654309
vt -20.4411 12.4193
vt -20.5525 10.5843
f 1055/3123/730 967/3124/642 1050/3125/725

vt -24.5436 12.6445
vt -20.4346 12.3934
vt -24.7333 10.7106
f 965/3126/640 967/3127/642 1055/3128/730

vt -24.8212 12.9305
vt -25.03 10.9985
vt -26.3505 13.1771
f 965/3129/640 1055/3130/730 964/3131/639

vt -24.7316 11.0487
v 48.2156 25.9 -12.9334
vt -28.7785 10.8409
vn -0.655847 0.329095 0.679383
vt -26.068 13.2176
f 1055/3132/730 1056/3133/731 964/3134/639

vt -24.7399 11.2284
v 47.0166 23.9621 -13.1104
vt -26.9359 8.66103
vn -0.665504 0.319743 0.67444
vt -28.7868 11.0209
f 1055/3135/730 1057/3136/732 1056/3137/731

vt -24.7457 11.2343
vt -21.0468 8.06097
vt -26.9418 8.66701
f 1055/3138/730 1049/3139/724 1057/3140/732

vt -24.7235 11.2591
vt -20.5358 11.1072
vt -21.0243 8.08614
f 1055/3141/730 1050/3142/725 1049/3143/724

vt -25.5348 7.15544
vt -28.3106 6.22754
vt -26.9162 8.91312
vt -21.0212 8.30687
f 775/3144/450 776/3145/451 1057/3146/732 1049/3147/724 

v 47.9403 22.7022 -11.9935
vt -29.8886 7.508
vn -0.645622 0.29287 0.705266
vt -26.6222 8.79427
vt -28.0195 6.11018
f 1058/3148/733 1057/3149/732 776/3150/451

v 48.1391 24.2785 -12.6372
vt -28.8478 8.91597
vn -0.638548 0.323908 0.698098
vt -26.4592 8.34809
vt -29.7247 7.05961
f 1059/3151/734 1057/3152/732 1058/3153/733

vt -28.6318 9.8226
vt -28.0879 11.6191
vt -26.2433 9.25439
f 1059/3154/734 1056/3155/731 1057/3156/732

vt -28.3936 9.80927
v 49.2085 25.4931 -12.4772
vt -30.1085 11.3746
vn -0.617274 0.333016 0.712793
vt -27.8464 11.6047
f 1059/3157/734 1060/3158/735 1056/3159/731

v 49.3206 23.9667 -12.3651
vt -30.0181 10.5895
vn -0.600427 0.303126 0.740001
vt -29.4511 12.2017
vt -27.7465 10.6252
f 1061/3160/736 1060/3161/735 1059/3162/734

v 49.9145 24.6919 -12.3752
vt -30.0501 11.5366
vn -0.581583 0.297906 0.756977
vt -28.6786 12.1968
vt -29.2586 10.5892
f 1062/3163/737 1060/3164/735 1061/3165/736

vt -28.836 9.08884
v 50.1115 25.9385 -12.7146
vt -28.4771 10.5349
vn -0.576504 0.372503 0.727245
vt -27.4634 9.7469
f 1062/3166/737 1063/3167/738 1060/3168/735

v 50.7796 25.3257 -12.7469
vt -28.1483 9.51371
vn -0.522535 0.312317 0.793357
vt -27.0426 9.95673
vt -27.3906 8.50801
f 1064/3169/739 1063/3170/738 1062/3171/737

vt -28.5872 10.6995
v 51.2275 27.0501 -13.1419
vt -28.4637 12.7316
vn -0.578428 0.331469 0.745352
vt -27.4808 11.1407
f 1064/3172/739 1065/3173/740 1063/3174/738

vt -27.8678 12.6629
vt -27.9889 10.6306
v 51.8779 26.5651 -13.2252
vt -28.8598 12.3617
vn -0.487572 0.222066 0.84437
f 1065/3175/740 1064/3176/739 1066/3177/741

vt -21.5008 14.076
v 51.91 25.3725 -13.277
vt -22.623 14.5736
vn -0.325292 0.169651 0.930271
vt -22.35 15.8179
f 1064/3178/739 1067/3179/742 1066/3180/741

vt -22.8863 10.9564
v 50.9978 24.0116 -12.7473
vt -23.4894 9.63687
vn -0.382393 0.208287 0.900218
vt -24.01 11.4507
f 1064/3181/739 1068/3182/743 1067/3183/742

v 50.2532 24.157 -12.4244
vt -23.1536 9.72
vn -0.553841 0.221409 0.802645
vt -23.9567 9.85446
vt -23.3535 11.1739
f 1069/3184/744 1068/3185/743 1064/3186/739

v 50.7002 23.4632 -12.6243
vt -23.3561 11.5613
vn -0.472834 0.26834 0.839298
vt -23.5476 12.2561
vt -22.7446 12.1209
f 1070/3187/745 1068/3188/743 1069/3189/744

vt -14.485 14.5126
v 51.499 23.5017 -13.1132
vt -15.1893 14.8977
vn 0.087437 0.0887341 0.99221
vt -14.6442 15.2155
f 1070/3190/745 1071/3191/746 1068/3192/743

v 50.4103 21.6747 -12.3585
vt -18.0436 6.3535
vn -0.362905 0.302076 0.881504
vt -18.535 8.75833
vt -17.8274 8.37946
f 1072/3193/747 1071/3194/746 1070/3195/745

vt -8.30518 8.34943
v 51.3596 22.28 -13.059
vt -8.96294 9.41453
vn 0.566479 -0.000860612 0.824076
vt -8.79439 10.7547
f 1072/3196/747 1073/3197/748 1071/3198/746

vt -11.6296 6.29364
v 50.9509 21.3139 -12.7475
vt -12.1767 6.15455
vn 0.372598 0.241857 0.895922
vt -12.2878 7.35851
f 1072/3199/747 1074/3200/749 1073/3201/748

vt -10.7585 2.81716
v 50.9037 20.4739 -12.6419
vt -11.4828 1.74748
vn 0.629948 0.262361 0.73098
vt -11.3053 2.67683
f 1072/3202/747 1075/3203/750 1074/3204/749

v 50.1622 19.4743 -12.0042
vt -11.8338 0.855827
vn -0.394944 0.3454 0.851304
vt -12.1979 2.27136
vt -11.4705 3.33894
f 1076/3205/751 1075/3206/750 1072/3207/747

vt -13.5174 0.514123
v 50.6655 19.4113 -12.3674
vt -13.9603 0.673754
vn 0.786416 0.229964 0.573295
vt -13.8719 1.93211
f 1076/3208/751 1077/3209/752 1075/3210/750

vt -13.5443 0.440762
v 50.5835 18.7266 -12.2417
vt -14.1053 -0.178427
vn 0.721848 0.130963 0.679547
vt -13.9873 0.600445
f 1076/3211/751 1078/3212/753 1077/3213/752

v 50.0395 18.1488 -11.8137
vt -14.9562 0.0802884
vn -0.259621 0.394835 0.881307
vt -15.2642 0.94371
vt -14.7004 1.56038
f 1079/3214/754 1078/3215/753 1076/3216/751

vt -6.89705 2.87149
v 50.3007 17.934 -12.0296
vt -7.16702 2.76752
vn 0.697941 0.233952 0.676864
vt -7.21751 3.73038
f 1079/3217/754 1080/3218/755 1078/3219/753

vt -3.10558 -6.7286
v 50.1363 16.9255 -11.7128
vt -3.43495 -8.06668
vn 0.748509 0.430867 0.504072
vt -3.37372 -6.8372
f 1079/3220/754 1081/3221/756 1080/3222/755

v 49.9158 16.3188 -11.4085
vt -3.91587 -8.72461
vn -0.385059 0.423808 0.819827
vt -3.97965 -7.92346
vt -3.6442 -6.58689
f 1082/3223/757 1081/3224/756 1079/3225/754

vt -1.1404 -8.54691
vt -1.40197 -9.05114
vt -1.22226 -7.7474
f 1082/3226/757 802/3227/477 1081/3228/756

vt 6.89099 -12.6754
vt 6.70965 -12.2786
vt 6.93164 -11.7558
f 801/3229/476 802/3230/477 1082/3231/757

vt -30.4897 -0.0727457
vt -30.6368 -1.19126
vt -30.833 -0.926863
f 1082/3232/757 800/3233/475 801/3234/476

vt -33.356 0.743617
v 48.9611 16.702 -11.6454
vt -31.476 0.914322
vn -0.686097 0.17781 0.705447
vt -33.5178 -0.372871
f 1082/3235/757 1083/3236/758 800/3237/475

v 49.3759 18.1076 -11.6326
vt -32.0864 4.25837
vn -0.607709 0.274842 0.745085
vt -31.637 2.64326
vt -33.5169 2.47119
f 1084/3238/759 1083/3239/758 1082/3240/757

v 47.7094 18.6396 -12.1561
vt -28.9129 4.25988
vn -0.674085 0.174538 0.717736
vt -31.8775 2.4687
vt -32.3324 4.08225
f 1085/3241/760 1083/3242/758 1084/3243/759

v 47.9931 17.2697 -12.2637
vt -30.2201 3.24265
vn -0.713276 0.0464315 0.699344
vt -32.7034 2.77865
vt -29.7897 4.65156
f 1086/3244/761 1083/3245/758 1085/3246/760

vt -31.9667 2.37352
vt -32.8532 2.84474
vt -30.3771 3.3457
f 798/3247/473 1083/3248/758 1086/3249/761

v 49.3101 15.7582 -11.4692
vt -33.9017 0.550088
vn -0.739717 0.0297539 0.67226
vt -33.0224 1.53754
vt -32.1204 1.09678
f 1087/3250/762 1083/3251/758 798/3252/473

vt -33.8017 1.19369
vt -34.9075 0.819661
vt -32.9018 2.16228
f 1087/3253/762 800/3254/475 1083/3255/758

vt -33.8507 -0.720111
vt -34.0053 -1.04457
vt -34.9324 -1.15906
f 1087/3256/762 799/3257/474 800/3258/475

vt -33.7473 -1.54914
vt -31.996 -0.912943
vt -33.8943 -1.87714
f 1087/3259/762 798/3260/473 799/3261/474

vt -30.4146 3.22081
vt -28.9842 3.13458
vt -31.999 2.24038
f 1086/3262/761 781/3263/456 798/3264/473

vt -28.9646 3.37893
vt -30.3947 3.46953
vt -28.1393 4.0926
f 781/3265/456 1086/3266/761 780/3267/455

vt -27.7386 4.09287
vt -30.0147 3.55031
vt -29.5676 4.95398
f 780/3268/455 1086/3269/761 1085/3270/760

vt -27.5031 4.80687
vt -29.3216 5.69006
vt -26.719 6.39252
f 780/3271/455 1085/3272/760 777/3273/452

vt -26.3302 5.58728
vt -28.9423 4.9205
vt -27.0906 7.9018
f 777/3274/452 1085/3275/760 776/3276/451

v 48.5461 20.7542 -11.9457
vt -29.8366 7.40897
vn -0.637968 0.22594 0.736171
vt -26.6853 7.90211
vt -28.5607 4.93569
f 1088/3277/763 776/3278/451 1085/3279/760

vt -28.5733 9.54185
vt -26.7281 8.11253
vt -29.8791 7.61686
f 1058/3280/733 776/3281/451 1088/3282/763

v 48.6216 22.9694 -11.9489
vt -28.7968 9.90112
vn -0.605353 0.319793 0.72889
vt -27.7191 9.42116
vt -29.0507 7.51392
f 1089/3283/764 1058/3284/733 1088/3285/763

vt -28.1373 8.35426
vt -29.0012 6.49178
vt -30.0806 6.96791
f 1059/3286/734 1058/3287/733 1089/3288/764

vt -29.9698 7.48114
vt -27.6983 7.51692
vt -29.6335 6.11934
f 1061/3289/736 1059/3290/734 1089/3291/764

v 49.9177 23.2434 -12.1969
vt -29.706 6.75661
vn -0.521536 0.363608 0.771874
vt -28.4279 7.38207
vt -28.0669 6.0266
f 1090/3292/765 1061/3293/736 1089/3294/764

vt -26.2742 1.90827
vt -27.53 1.23905
vt -28.1776 1.83483
f 1061/3295/736 1090/3296/765 1070/3297/745

vt -20.4555 8.24367
vt -21.3626 6.77056
vt -21.1406 8.79589
f 1090/3298/765 1072/3299/747 1070/3300/745

v 49.4836 22.1244 -11.9895
vt -23.4407 8.75336
vn -0.570408 0.262146 0.778405
vt -24.5303 8.63058
vt -23.6277 10.1064
f 1091/3301/766 1072/3302/747 1090/3303/765

vt -24.4126 7.60466
vt -23.3229 7.72721
v 49.4284 20.0789 -11.8397
vt -23.8332 5.52483
vn -0.568969 0.284771 0.771479
f 1072/3304/747 1091/3305/766 1092/3306/767

vt -30.3201 8.57072
vt -29.1461 6.83149
vt -30.7772 6.35668
f 1091/3307/766 1088/3308/763 1092/3309/767

vt -27.875 10.1073
vt -28.1539 7.72295
vt -29.3111 9.47338
f 1089/3310/764 1088/3311/763 1091/3312/766

vt -28.6499 9.09912
vt -27.0081 8.37499
vt -28.4474 7.74828
f 1090/3313/765 1089/3314/764 1091/3315/766

vt -30.6785 6.05507
vt -29.0471 6.5287
vt -31.2081 3.91365
f 1092/3316/767 1088/3317/763 1084/3318/759

vt -30.2233 7.02792
vt -28.9304 4.56344
vt -32.3499 4.38483
f 1088/3319/763 1085/3320/760 1084/3321/759

vt -26.822 5.41514
vt -27.3754 3.27975
vt -27.8703 5.02969
f 1092/3322/767 1084/3323/759 1076/3324/751

vt -28.6328 4.80358
vt -28.1372 3.05383
vt -28.9304 3.33134
f 1076/3325/751 1084/3326/759 1079/3327/754

vt -28.6128 1.71638
vt -30.0575 -0.059339
vt -29.4057 1.99462
f 1084/3328/759 1082/3329/757 1079/3330/754

vt -26.5815 4.7603
vt -27.6297 4.37483
vt -27.1607 6.84015
f 1092/3331/767 1076/3332/751 1072/3333/747

vt -26.7633 14.7348
vt -28.6668 14.6621
vt -28.0899 15.2573
f 1061/3334/736 1070/3335/745 1069/3336/744

vt -29.1837 12.5437
vt -28.6246 13.0051
vt -27.8478 12.0457
f 1069/3337/744 1062/3338/737 1061/3339/736

vt -25.5259 9.80856
vt -26.0919 9.35561
vt -26.2894 10.8099
f 1062/3340/737 1069/3341/744 1064/3342/739

vt 9.50044 -8.27446
vt 9.44164 -9.58921
v 50.4815 17.6907 -12.2318
vt 9.20396 -7.20729
vn 0.932334 -0.176063 -0.31584
f 1081/3343/756 802/3344/477 1093/3345/768

vt 31.8536 -1.08481
vt 30.2854 1.18836
vt 31.144 1.20133
f 802/3346/477 803/3347/478 1093/3348/768

vt 30.2563 3.13865
v 51.0294 19.1504 -12.9019
vt 30.6611 4.99083
vn 0.879299 -0.25385 -0.40298
vt 31.1148 3.15152
f 803/3349/478 1094/3350/769 1093/3351/768

v 51.3174 19.1795 -13.7047
vt 29.2767 5.37608
vn 0.752395 -0.359953 -0.551665
v 51.75 20.8356 -13.8561
vt 29.5191 7.28037
vn 0.824934 -0.324063 -0.463105
vt 30.2339 5.09297
vt 29.8298 3.24063
f 1095/3352/770 1096/3353/771 1094/3354/769 803/3355/478 

v 52.0729 20.8914 -14.546
vt 27.137 7.84423
vn 0.754853 -0.370923 -0.540937
vt 27.8829 7.54608
vt 27.6447 5.64125
f 1097/3356/772 1096/3357/771 1095/3358/770

vt 28.0715 7.99643
vt 27.3257 8.29491
v 52.4107 22.0563 -14.6583
vt 27.5171 9.64737
vn 0.799546 -0.266902 -0.538042
f 1096/3359/771 1097/3360/772 1098/3361/773

v 52.3959 21.1721 -15.6754
vt 28.8568 8.26221
vn 0.736697 -0.31925 -0.596118
vt 30.4986 8.98633
vt 30.2961 7.63549
f 1099/3362/774 1098/3363/773 1097/3364/772

vt 29.9765 7.95059
vt 31.2547 7.32513
vt 29.6156 6.59512
f 810/3365/485 1098/3366/773 1099/3367/774

vt 29.6532 2.79681
vt 28.3974 3.46604
v 52.1941 22.7519 -14.0992
vt 30.3008 3.3926
vn 0.826924 -0.344107 -0.444732
f 1098/3368/773 810/3369/485 1100/3370/775

vt 30.6731 13.1773
vt 28.7697 13.25
v 52.6326 23.0241 -14.7735
vt 30.0962 13.7725
vn 0.765006 -0.406586 -0.499454
f 1100/3371/775 810/3372/485 1101/3373/776

vt 30.3451 12.1763
vt 30.9042 11.7149
vt 29.5683 11.2169
f 811/3374/486 1101/3375/776 810/3376/485

vt 28.534 9.43903
vt 27.968 9.89199
vt 28.7315 10.8933
f 1101/3377/776 811/3378/486 813/3379/488

v 52.3482 23.3686 -14.0806
vt 26.9083 9.86398
vn 0.843533 -0.366561 -0.392538
vt 26.1052 9.72952
vt 26.305 11.1835
f 1102/3380/777 1101/3381/776 813/3382/488

vt 26.561 11.9009
vt 26.3694 11.2061
vt 25.758 11.7658
f 1102/3383/777 1100/3384/775 1101/3385/776

v 51.8693 23.0707 -13.5292
vt 21.7025 13.3054
vn 0.939442 -0.335352 -0.0706234
vt 21.1058 13.1829
vt 21.2768 13.8831
f 1103/3386/778 1100/3387/775 1102/3388/777

vt 22.6444 8.771
v 51.4491 21.1214 -13.285
vt 22.5316 6.54198
vn 0.956277 -0.233747 -0.175773
vt 22.0474 8.64997
f 1103/3389/778 1104/3390/779 1100/3391/775

vt 9.95095 8.29966
vt 9.55163 7.15286
vt 9.67545 9.38129
f 1073/3392/748 1104/3393/779 1103/3394/778

vt 7.54885 7.97567
vt 7.03948 8.03234
vt 7.43752 9.17959
f 1074/3395/749 1104/3396/779 1073/3397/748

vt 6.65131 -0.105444
vt 6.56404 -1.04755
vt 6.14209 -0.0474742
f 1074/3398/749 1075/3399/750 1104/3400/779

vt 15.6114 3.49847
vt 15.1646 2.19069
vt 15.147 4.47957
f 1075/3401/750 1094/3402/769 1104/3403/779

vt 19.4479 1.22328
vt 18.9204 1.16695
vt 19.3489 2.48084
f 1077/3404/752 1094/3405/769 1075/3406/750

vt 19.6586 -0.71707
vt 19.6901 -1.50421
vt 19.1312 -0.774053
f 1077/3407/752 1078/3408/753 1094/3409/769

vt 23.5271 0.949543
vt 23.0989 2.79497
vt 23.6732 2.07683
f 1093/3410/768 1094/3411/769 1078/3412/753

vt 5.1436 3.41704
vt 4.91966 3.25635
vt 5.0924 4.37986
f 1080/3413/755 1093/3414/768 1078/3415/753

vt 12.4354 -7.18859
vt 12.111 -6.12958
vt 12.3299 -5.96212
f 1081/3416/756 1093/3417/768 1080/3418/755

vt 24.485 2.97287
vt 23.7908 5.16688
vt 24.4012 5.26028
f 1094/3419/769 1096/3420/771 1104/3421/779

vt 23.5354 6.84601
vt 23.6595 9.04661
vt 24.1459 6.93912
f 1096/3422/771 1100/3423/775 1104/3424/779

vt 24.2013 6.81428
vt 23.6396 8.46274
vt 24.3248 9.01491
f 1096/3425/771 1098/3426/773 1100/3427/775

vt 6.61827 7.44048
vt 6.34408 8.52245
vt 6.79023 8.78024
f 1073/3428/748 1103/3429/778 1071/3430/746

vt 5.00944 11.8444
vt 4.56359 11.5861
v 52.4299 24.7654 -13.8584
vt 4.5384 13.6102
vn 0.911375 -0.389894 -0.131827
f 1071/3431/746 1103/3432/778 1105/3433/780

vt 18.3485 11.2062
vt 17.9147 11.7778
vt 18.3842 13.2302
f 1103/3434/778 1102/3435/777 1105/3436/780

vt 25.5313 9.19937
vt 24.9296 10.5196
vt 26.0083 10.6493
f 1102/3437/777 813/3438/488 1105/3439/780

vt 25.6051 13.9282
vt 24.5265 13.7976
vt 25.374 15.5403
f 1105/3440/780 813/3441/488 815/3442/490

vt 20.0597 13.6448
vt 19.7914 15.2511
v 52.5551 26.062 -13.6713
vt 20.4982 15.0136
vn 0.522951 -0.330646 0.785617
f 1105/3443/780 815/3444/490 1106/3445/781

vt 21.5599 17.7532
vt 20.8544 17.9947
v 53.0749 27.4433 -13.8085
vt 21.7965 19.4241
vn 0.498179 -0.497014 0.71049
f 1106/3446/781 815/3447/490 1107/3448/782

vt 20.9446 20.0371
vt 20.0119 18.6016
vt 20.6997 21.1702
f 1107/3449/782 815/3450/490 817/3451/492

vt 23.544 19.9756
vt 23.3247 21.114
v 53.4328 28.3042 -13.8875
vt 23.7339 21.0353
vn 0.557497 -0.456707 0.693264
f 1107/3452/782 817/3453/492 1108/3454/783

vt 23.3157 19.2543
vt 22.9062 19.3316
v 53.7898 29.1701 -14.057
vt 23.3823 20.3203
vn 0.493896 -0.514369 0.701064
f 1108/3455/783 817/3456/492 1109/3457/784

vt 11.8925 25.9318
vt 11.509 24.9035
vt 12.0801 27.3102
f 1109/3458/784 817/3459/492 819/3460/494

v 53.8797 29.7106 -13.9793
vt -1.97332 27.9184
vn -0.383059 0.0481578 0.922468
vt -2.05807 27.3024
vt -2.05553 28.6935
f 1110/3461/785 1109/3462/784 819/3463/494

v 53.013 28.5464 -13.6258
vt -2.26901 26.3145
vn -0.454477 0.159637 0.876337
vt -2.73095 27.3531
vt -2.65023 27.9697
f 1111/3464/786 1109/3465/784 1110/3466/785

vt -17.8331 18.5027
vt -18.2648 18.4259
vt -18.4055 19.4847
f 1111/3467/786 1108/3468/783 1109/3469/784

vt -18.5299 21.854
vt -18.7633 20.7173
vt -18.9613 21.7755
f 1111/3470/786 1107/3471/782 1108/3472/783

vt -16.008 19.2043
vt -16.9428 20.6402
vt -16.6936 21.7735
f 1066/3473/741 1107/3474/782 1111/3475/786

vt -16.9185 18.5809
vt -17.6292 18.3394
vt -17.8626 20.0107
f 1066/3476/741 1106/3477/781 1107/3478/782

vt -15.4794 14.7181
vt -15.7793 13.48
vt -16.1916 14.481
f 1066/3479/741 1067/3480/742 1106/3481/781

vt -7.44124 16.9364
v 51.9189 24.6945 -13.3715
vt -7.60608 16.2353
vn 0.239402 -0.109899 0.964681
vt -7.82404 17.9491
f 1067/3482/742 1112/3483/787 1106/3484/781

vt -5.62203 14.8424
vt -6.2311 15.9776
vt -6.06169 16.6776
f 1068/3485/743 1112/3486/787 1067/3487/742

vt -12.1491 11.2225
vt -12.697 10.9096
vt -12.7805 12.3454
f 1068/3488/743 1071/3489/746 1112/3490/787

vt 4.71763 11.7711
vt 4.24556 13.5367
vt 4.6757 13.2087
f 1071/3491/746 1105/3492/780 1112/3493/787

vt 8.20927 17.4012
vt 7.78384 17.7353
vt 8.14139 19.1275
f 1112/3494/787 1105/3495/780 1106/3496/781

v 52.2938 28.2159 -13.4384
vt -28.8232 15.895
vn -0.588478 0.30647 0.748178
vt -28.7613 13.9855
vt -29.6376 16.4961
f 1113/3497/788 1066/3498/741 1111/3499/786

vt -29.3376 13.9112
vt -29.4031 15.8206
vt -28.3458 14.2127
f 1066/3500/741 1113/3501/788 1065/3502/740

vt -30.951 12.513
vt -32.0074 14.1216
v 51.4281 28.2251 -13.4918
vt -30.5843 13.8857
vn -0.608463 0.380786 0.696257
f 1065/3503/740 1113/3504/788 1114/3505/789

vt -31.9644 14.3919
vt -33.1432 17.3334
vt -30.5413 14.1563
f 1113/3506/788 824/3507/499 1114/3508/789

vt -29.8929 16.1445
vt -30.2574 18.4853
vt -29.078 15.544
f 1111/3509/786 824/3510/499 1113/3511/788

vt -27.8985 18.2862
vt -27.5735 19.0702
vt -27.2249 16.727
f 1110/3512/785 824/3513/499 1111/3514/786

vt -30.4955 19.6126
vt -29.9153 19.6659
vt -30.2326 18.8788
f 819/3515/494 824/3516/499 1110/3517/785

vt -29.4655 14.6651
vt -30.0456 14.6114
vt -29.9185 15.0265
f 824/3518/499 819/3519/494 820/3520/495

vt -27.5602 16.9992
vt -28.0166 17.3565
vt -28.0019 17.6015
f 824/3521/499 820/3522/495 821/3523/496

vt -32.4617 16.0372
vt -31.8064 13.3946
vt -34.3668 16.6053
f 825/3524/500 1114/3525/789 824/3526/499

vt -28.3725 14.2462
vt -31.6793 13.3548
vt -32.3413 15.9957
f 960/3527/635 1114/3528/789 825/3529/500

vt -28.3065 13.8914
v 49.752 26.9955 -13.2114
vt -29.6185 11.1163
vn -0.594822 0.418445 0.68636
vt -31.6121 12.9955
f 960/3530/635 1115/3531/790 1114/3532/789

vt -26.2444 11.2711
vt -28.978 10.3674
vt -27.7027 13.1595
f 961/3533/636 1115/3534/790 960/3535/635

vt -26.2996 11.5046
v 48.5367 26.4551 -13.0433
vt -27.4724 9.62182
vn -0.626202 0.385903 0.677458
vt -29.0342 10.6039
f 961/3536/636 1116/3537/791 1115/3538/790

vt -25.9765 13.1052
vt -28.931 11.4306
vt -27.7115 13.2834
f 964/3539/639 1116/3540/791 961/3541/636

vt -25.9117 12.939
vt -28.6163 10.5556
vt -28.8644 11.2613
f 964/3542/639 1056/3543/731 1116/3544/791

vt -30.0108 10.4193
vt -28.0029 11.3529
vt -27.7486 10.6494
f 1060/3545/735 1116/3546/791 1056/3547/731

vt -29.4054 8.7676
vt -28.9673 10.6958
vt -27.4043 9.71563
f 1060/3548/735 1115/3549/790 1116/3550/791

vt -28.767 8.3049
vt -29.7706 9.1058
vt -28.3489 10.2375
f 1060/3551/735 1063/3552/738 1115/3553/790

vt -30.4938 10.4446
vt -31.071 13.4238
vt -29.061 11.5622
f 1063/3554/738 1114/3555/789 1115/3556/790

vt -28.8671 10.4038
vt -29.8416 12
vt -29.4839 13.3751
f 1063/3557/738 1065/3558/740 1114/3559/789

v 51.5956 30.1355 -14.7376
vt -30.2628 14.6763
vn -0.571326 0.570497 0.590017
vt -28.8447 13.1687
vt -32.7849 14.9815
f 1117/3560/792 960/3561/635 825/3562/500

vt -29.1331 14.8369
vt -29.1981 13.2969
vt -30.5754 14.8419
f 959/3563/634 960/3564/635 1117/3565/792

vt -30.5775 12.8989
vt -30.4643 13.8847
vt -29.1351 12.8934
f 1117/3566/792 875/3567/550 959/3568/634

vt -30.5846 12.9475
vt -32.499 13.8437
vt -30.47 13.9331
f 1117/3569/792 826/3570/501 875/3571/550

vt -30.3498 13.4364
vt -32.8699 13.7582
vt -32.2918 14.2709
f 1117/3572/792 825/3573/500 826/3574/501

vt -29.2313 13.1228
vt -30.5312 14.1521
vt -28.4492 13.6023
f 959/3575/634 875/3576/550 957/3577/632

vt -28.946 16.1408
vt -27.0275 15.5682
vt -27.0909 15.0473
f 875/3578/550 877/3579/552 957/3580/632

vt -29.7282 15.8129
vt -29.2801 16.0074
vt -27.7692 15.3994
f 875/3581/550 876/3582/551 877/3583/552

vt -28.4512 7.79102
vt -28.524 8.31069
vt -26.8734 7.78185
f 957/3584/632 877/3585/552 956/3586/631

vt -23.7932 15.4825
vt -25.0623 16.6631
vt -23.7477 15.9503
f 956/3587/631 877/3588/552 878/3589/553

vt -19.6112 21.4181
vt -19.4452 21.8578
vt -18.7177 20.955
f 956/3590/631 878/3591/553 879/3592/554

vt -23.6374 18.5713
vt -22.6578 18.3405
vt -22.7926 17.3723
f 956/3593/631 879/3594/554 954/3595/629

vt -25.5251 5.01388
vt -25.8852 5.92259
v 50.7308 30.0708 -17.3596
vt -25.2101 5.75753
vn 0.0042187 0.998006 0.0629825
f 954/3596/629 879/3597/554 1118/3598/793

vt -24.9697 7.67929
vt -25.598 7.97634
vt -23.4944 7.55089
f 1118/3599/793 879/3600/554 880/3601/555

vt 25.2201 4.1748
vt 23.7504 3.99356
v 50.2372 30.1649 -17.6985
vt 23.949 4.31861
vn -0.0508399 0.992328 0.112698
f 1118/3602/793 880/3603/555 1119/3604/794

vt 23.5341 7.27003
vt 23.3799 6.92169
vt 20.4355 6.80461
f 1119/3605/794 880/3606/555 881/3607/556

vt -20.7468 6.25992
vt -23.9969 7.09534
vt -20.8684 6.92188
f 887/3608/562 1119/3609/794 881/3610/556

vt -23.831 7.26884
vt -23.9447 7.87023
vt -20.6509 7.22862
f 951/3611/626 1119/3612/794 887/3613/562

vt -23.8423 7.37253
vt -25.5454 7.35035
vt -23.9532 7.97445
f 951/3614/626 954/3615/629 1119/3616/794

vt -24.9253 1.27106
vt -24.7125 2.05016
vt -23.4347 2.10947
f 954/3617/629 1118/3618/793 1119/3619/794

vt 28.6881 8.24883
vt 30.9597 8.21304
vt 30.6233 6.85124
f 807/3620/482 810/3621/485 1099/3622/774

vt 29.7882 6.951
vt 28.9243 8.81348
vt 30.8675 7.42713
f 806/3623/481 807/3624/482 1099/3625/774

vt 29.0295 8.70426
vt 30.1072 9.18422
vt 30.3611 6.79702
f 806/3626/481 1099/3627/774 805/3628/480

vt 29.7604 7.05362
vt 29.4815 9.43801
vt 30.9176 8.80405
f 805/3629/480 1099/3630/774 1097/3631/772

vt 30.4218 6.36568
vt 31.5958 8.1049
vt 32.0529 5.89086
f 805/3632/480 1097/3633/772 1095/3634/770

vt 30.3588 6.18651
vt 31.9902 5.71288
vt 32.5198 3.57145
f 805/3635/480 1095/3636/770 803/3637/478

vt 29.7503 3.81217
vt 31.0432 6.27665
vt 33.1698 3.63356
f 804/3638/479 805/3639/480 803/3640/478

vt -25.5994 7.35639
vt -21.0868 8.5119
vt -17.9277 5.71002
f 775/3641/450 1049/3642/724 772/3643/447

vt -17.8414 5.83071
vt -20.9946 8.6391
vt -15.759 7.64165
f 772/3644/447 1049/3645/724 1048/3646/723

vt -17.8794 5.84908
vt -15.7988 7.66216
vt -13.7787 5.3114
f 772/3647/447 1048/3648/723 770/3649/445

vt -13.6334 5.47632
vt -15.643 7.8361
v 42.2835 22.1632 -17.355
vt -13.2851 7.01207
vn -0.689528 0.246006 0.681199
f 770/3650/445 1048/3651/723 1120/3652/795

vt -13.3823 6.74899
vt -15.7422 7.56716
vt -10.2766 7.62946
f 1120/3653/795 1048/3654/723 1045/3655/720

vt -10.215 5.59922
vt -13.4202 6.84935
vt -10.3153 7.73258
f 768/3656/443 1120/3657/795 1045/3658/720

vt -13.7055 5.45668
vt -13.3609 6.99327
vt -10.1579 5.73745
f 770/3659/445 1120/3660/795 768/3661/443

vt -9.97504 5.67245
vt -10.0618 7.8064
vt -6.98051 5.80496
f 768/3662/443 1045/3663/720 1044/3664/719

vt -9.9797 5.75972
vt -6.98518 5.89262
vt -8.75709 4.44872
f 768/3665/443 1044/3666/719 766/3667/441

vt -8.96746 4.58799
vt -7.20735 6.04624
vt -7.7481 4.45477
f 766/3668/441 1044/3669/719 764/3670/439

vt -8.44214 4.22809
vt -7.97674 5.8432
vt -6.04282 3.68876
f 764/3671/439 1044/3672/719 760/3673/435

vt -8.36336 4.47324
vt -5.96916 3.91167
vt -7.32782 2.8601
f 764/3674/439 760/3675/435 762/3676/437

vt -7.76024 9.25647
vt -5.4752 7.20568
vt -6.98146 6.5244
f 1002/3677/677 1003/3678/678 1043/3679/718

vt -0.844227 1.08246
vt -1.8994 1.66468
vt -0.365585 1.53071
f 1028/3680/703 759/3681/434 1029/3682/704

vt -0.671692 1.33368
vt -1.53144 1.39864
vt -1.70511 1.95369
f 1028/3683/703 1027/3684/702 759/3685/434

vt -1.50609 2.05186
vt -1.35436 1.49041
vt -3.0253 1.99269
f 759/3686/434 1027/3687/702 757/3688/432

vt -4.28205 8.28287
v 40.9791 24.1274 -23.4397
vt -3.20968 9.24733
vn -0.931934 0.279534 0.230998
vt -3.30085 7.02412
f 1007/3689/682 1121/3690/796 1038/3691/713

vt -3.81483 9.39655
vt -3.23668 9.29468
vt -4.31028 8.33159
f 1008/3692/683 1121/3693/796 1007/3694/682

vt -3.8043 9.42328
v 41.0624 25.4681 -23.3609
vt -3.50105 10.7469
vn -0.905235 0.271634 0.32675
vt -3.22622 9.32103
f 1008/3695/683 1122/3696/797 1121/3697/796

vt -4.07021 10.8726
vt -3.39638 10.7709
vt -3.71036 9.44969
f 1010/3698/685 1122/3699/797 1008/3700/683

vt -4.08589 10.7835
vt -2.92163 11.9584
vt -3.41204 10.6818
f 1010/3701/685 1011/3702/686 1122/3703/797

vt -3.46843 10.3878
vt -3.03399 11.6844
vt -2.6062 10.8066
f 1122/3704/797 1011/3705/686 1015/3706/690

vt -2.90913 11.8056
vt -2.2685 11.7882
vt -2.46364 10.9366
f 1011/3707/686 1014/3708/689 1015/3709/690

v 42.0629 26.7285 -24.6027
vt -2.50137 11.8165
vn -0.897096 -0.150165 -0.415534
vt -2.27407 11.1657
vt -2.91468 11.1837
f 1123/3710/798 1014/3711/689 1011/3712/686

vt -1.81953 12.345
vt -1.84648 13.3695
vt -1.53229 11.7183
f 1123/3713/798 1012/3714/687 1014/3715/689

vt -2.60263 13.5612
vt -2.65409 12.5376
vt -3.10204 11.9288
f 1012/3716/687 1123/3717/798 1011/3718/686

vt -3.54809 10.7326
vt -2.68292 11.1453
v 41.4623 24.5245 -24.0196
vt -2.79883 9.99302
vn -0.954394 0.0870045 -0.28559
f 1122/3719/797 1015/3720/690 1124/3721/799

vt -1.70192 9.90883
vt -1.57505 11.06
vt -1.43983 9.38021
f 1124/3722/799 1015/3723/690 1017/3724/692

vt -1.42815 11.0709
vt -0.667612 10.5087
vt -1.28995 9.39135
f 1015/3725/690 1016/3726/691 1017/3727/692

vt -2.98548 8.65392
vt -2.56938 9.35857
vt -2.34548 8.81269
f 1121/3728/796 1124/3729/799 1017/3730/692

vt -3.57865 10.7086
vt -2.82868 9.96977
vt -3.28038 9.2874
f 1122/3731/797 1124/3732/799 1121/3733/796

vt -3.0964 9.36602
vt -2.45538 9.52063
vt -2.55732 8.3063
f 1121/3734/796 1017/3735/692 1018/3736/693

vt -3.22826 9.31583
vt -2.67781 8.26197
vt -3.36018 7.09467
f 1121/3737/796 1018/3738/693 1038/3739/713

vt -3.39177 6.90571
vt -2.74256 8.09179
v 40.5878 21.9833 -23.4579
vt -2.82614 6.75271
vn -0.859442 0.50572 -0.0748822
f 1038/3740/713 1018/3741/693 1125/3742/800

vt -2.26374 8.36612
vt -2.17473 7.18906
vt -2.47504 7.04118
f 1018/3743/693 1019/3744/694 1125/3745/800

vt -2.53792 7.04802
vt -2.23868 7.19805
v 40.5358 20.5644 -23.7072
vt -2.13596 5.56017
vn 0.0743252 0.0561349 -0.995653
f 1125/3746/800 1019/3747/694 1126/3748/801

vt -0.963955 5.78288
vt -0.827799 7.41832
vt -0.585372 6.07241
f 1126/3749/801 1019/3750/694 1020/3751/695

vt -0.831115 5.6866
vt -0.449843 5.97258
v 40.1922 19.4393 -23.5729
vt -0.931597 4.36324
vn 0.333017 -0.180096 -0.925562
f 1126/3752/801 1020/3753/695 1127/3754/802

vt -0.188612 5.91655
vt -0.594561 3.11754
vt -0.68824 4.31267
f 1020/3755/695 1021/3756/696 1127/3757/802

vt -1.95715 4.21939
vt -1.64651 4.20197
vt -1.519 3.00998
f 1035/3758/710 1127/3759/802 1021/3760/696

vt -1.94812 4.34431
vt -1.60107 5.65341
vt -1.63748 4.32674
f 1035/3761/710 1126/3762/801 1127/3763/802

v 40.1672 20.826 -23.34
vt -2.41526 5.69196
vn -0.855591 0.506647 -0.106173
vt -2.03107 5.60014
vt -2.31312 4.27552
f 1128/3764/803 1126/3765/801 1035/3766/710

vt -2.39402 7.09894
vt -2.02418 5.60278
vt -2.40826 5.69506
f 1125/3767/800 1126/3768/801 1128/3769/803

vt -2.83002 6.75554
vt -2.64156 5.3643
vt -3.08166 5.5618
f 1125/3770/800 1128/3771/803 1036/3772/711

vt -3.06151 5.654
vt -2.62045 5.45867
vt -2.3562 4.06335
f 1036/3773/711 1128/3774/803 1035/3775/710

vt -3.39213 6.89983
vt -2.82654 6.74671
vt -3.07589 5.5525
f 1038/3776/713 1125/3777/800 1036/3778/711

vt -1.39928 2.94019
vt -1.19718 4.48147
vt -0.808445 3.25528
f 1034/3779/709 1035/3780/710 1021/3781/696

vt -1.38427 2.92058
vt -0.793038 3.23494
v 39.4556 17.1841 -23.2874
vt -1.15425 1.75597
vn 0.533407 -0.229104 -0.814241
f 1034/3782/709 1021/3783/696 1129/3784/804

vt -0.20379 1.55063
vt 0.221472 3.01246
vt 1.21015 2.60622
f 1129/3785/804 1021/3786/696 1022/3787/697

vt -0.503038 0.417512
vt -0.189546 1.53182
vt 1.22452 2.58724
f 1023/3788/698 1129/3789/804 1022/3790/697

vt -1.42669 0.937986
vt -0.868504 1.69619
vt -1.15963 0.575836
f 1031/3791/706 1129/3792/804 1023/3793/698

vt -1.48663 1.68384
vt -1.05522 1.80038
vt -1.60272 1.03442
f 1032/3794/707 1129/3795/804 1031/3796/706

vt -1.26867 2.94992
vt -1.04949 1.78323
vt -1.48095 1.66693
f 1034/3797/709 1129/3798/804 1032/3799/707

vt -1.73689 0.701049
vt -1.46739 0.340711
vt -1.74179 0.193415
f 1031/3800/706 1023/3801/698 1030/3802/705

vt -1.26341 -0.702227
vt -1.00011 -0.535902
vt -1.01033 -0.976113
f 1030/3803/705 1023/3804/698 1024/3805/699

vt 2.44949 11.8859
vt 1.08063 12.0072
vt 1.66508 12.0962
f 979/3806/654 980/3807/655 988/3808/663

vt 1.73633 14.1541
vt 1.14965 14.0813
vt 0.884145 14.4441
f 988/3809/663 980/3810/655 986/3811/661

vt 0.0194454 17.2093
vt 0.361909 16.9181
vt -0.176172 17.1464
f 986/3812/661 980/3813/655 985/3814/660

vt -0.176367 17.2236
vt -0.578423 18.499
vt -0.0290285 18.2994
f 981/3815/656 985/3816/660 980/3817/655

vt -21.1024 12.3175
vt -23.7594 13.7085
vt -21.1692 13.8089
f 968/3818/643 952/3819/627 950/3820/625

vt -24.1667 12.2346
vt -23.7381 13.7553
vt -21.0778 12.3707
f 966/3821/641 952/3822/627 968/3823/643

vt -24.399 14.765
vt -24.5454 16.1782
vt -23.8422 16.2437
f 966/3824/641 953/3825/628 952/3826/627

vt -24.4881 13.9705
vt -25.8918 13.9447
vt -24.6832 15.3778
f 966/3827/641 963/3828/638 953/3829/628

vt -24.5665 14.2963
vt -25.7363 12.8313
vt -27.095 13.4322
f 953/3830/628 963/3831/638 962/3832/637

vt -26.6678 13.4726
vt -24.4815 13.304
vt -26.9997 12.4105
f 955/3833/630 953/3834/628 962/3835/637

vt -11.1899 8.17475
vt -13.8458 8.51772
vt -11.3539 8.74711
f 946/3836/621 889/3837/564 890/3838/565

vt -11.061 8.00156
vt -11.2388 8.56976
vt -10.0999 8.08534
f 946/3839/621 890/3840/565 945/3841/620

vt -10.9805 9.74928
vt -9.71954 9.8392
vt -9.82097 9.3165
f 890/3842/565 896/3843/571 945/3844/620

vt -10.0751 9.82749
vt -9.95384 10.346
vt -8.70137 10.0881
f 945/3845/620 896/3846/571 942/3847/617

vt -10.2368 7.45672
vt -8.06505 7.62178
vt -9.00292 7.12094
f 896/3848/571 897/3849/572 942/3850/617

vt 5.19365 7.23749
vt 7.47869 9.28829
vt 6.69991 6.55621
f 908/3851/583 906/3852/581 907/3853/582

vt 3.31209 6.44186
vt 3.59046 7.50772
vt 4.97085 6.9191
f 910/3854/585 915/3855/590 908/3856/583

vt 28.7085 11.5899
vt 30.7164 10.6564
vt 28.4542 10.8865
f 833/3857/508 809/3858/484 808/3859/483

vt 29.9557 11.5209
vt 30.3937 9.59277
vt 28.3926 10.5408
f 831/3860/506 809/3861/484 833/3862/508

vt 31.0093 9.97301
vt 30.0058 9.17211
vt 29.5877 11.1047
f 812/3863/487 809/3864/484 831/3865/506

vt 32.0177 13.9397
vt 31.4404 10.9606
vt 30.0077 12.0782
f 829/3866/504 812/3867/487 831/3868/506

vt 31.3849 12.3808
vt 30.4104 10.7847
vt 31.0272 13.7559
f 814/3869/489 812/3870/487 829/3871/504

vt 33.1623 14.4095
vt 32.1059 12.8009
vt 31.7392 14.1736
f 816/3872/491 814/3873/489 829/3874/504

vt 34.3152 17.5182
vt 33.1364 14.5767
vt 31.7133 14.3411
f 818/3875/493 816/3876/491 829/3877/504

vt -3.75292 7.44137
vt -2.65121 5.9671
vt -4.58596 7.54422
f 754/3878/429 700/3879/375 698/3880/373

vt 6.3103 -5.14427
vt 7.11675 -4.91152
vt 7.93487 -5.68835
f 754/3881/429 698/3882/373 752/3883/427

vt 9.42279 -2.6307
vt 8.39444 -2.16673
vt 10.8277 -2.19655
f 752/3884/427 698/3885/373 697/3886/372

vt 9.27973 -3.00534
vt 10.703 -2.63564
vt 10.6813 -3.10891
f 752/3887/427 697/3888/372 751/3889/426

vt 11.0762 -1.4687
vt 11.0268 -0.997513
v 42.8848 16.8457 -18.998
vt 12.4656 -1.27674
vn -0.24731 -0.94396 0.218578
f 751/3890/426 697/3891/372 1130/3892/805

vt 11.0926 0.0237674
vt 11.7876 0.330227
vt 12.5484 -0.14633
f 697/3893/372 695/3894/370 1130/3895/805

vt 12.5561 0.801314
vt 11.7633 1.22255
vt 13.7833 1.22349
f 1130/3896/805 695/3897/370 692/3898/367

vt -9.77791 9.7447
vt -9.00774 8.80277
vt -10.1451 9.42786
f 746/3899/421 1130/3900/805 692/3901/367

vt -10.7697 5.44967
vt -11.5588 5.04033
vt -12.6067 5.65852
f 749/3902/424 1130/3903/805 746/3904/421

vt -11.1045 4.76928
vt -10.4679 4.19797
vt -11.8659 4.31054
f 749/3905/424 751/3906/426 1130/3907/805

vt -10.9251 -7.9303
vt -10.6712 -8.34353
vt -11.4942 -9.10698
f 746/3908/421 692/3909/367 691/3910/366

vt 23.9238 -2.28332
v 47.3531 16.5451 -15.7167
vt 24.0547 -1.7677
vn 0.388899 -0.811089 -0.436913
vt 25.3656 -2.02792
f 685/3911/360 1131/3912/806 740/3913/415

vt 24.0815 -1.01823
vt 21.1385 -0.872514
vt 24.1847 -0.496362
f 685/3914/360 684/3915/359 1131/3916/806

vt 21.0631 -1.07446
vt 20.5993 -0.613204
vt 24.1191 -0.789395
f 684/3917/359 686/3918/361 1131/3919/806

vt 20.6296 0.24114
v 47.9648 16.8016 -16.1669
vt 24.3342 0.790114
vn 0.541063 -0.610214 -0.578696
vt 24.151 0.102958
f 686/3920/361 1132/3921/807 1131/3922/806

vt 20.6371 0.240608
v 46.7781 16.8801 -17.3325
vt 20.7409 0.766184
vn 0.49083 -0.627617 -0.604304
vt 24.3403 0.799293
f 686/3923/361 1133/3924/808 1132/3925/807

vt 15.4064 -4.53876
v 47.2576 17.326 -17.8384
vt 15.7977 -3.28535
vn 0.56263 -0.558397 -0.609623
vt 15.688 -4.08297
f 686/3926/361 1134/3927/809 1133/3928/808

v 45.2206 16.899 -18.3444
vt 16.8259 0.723163
vn 0.497654 -0.697938 -0.514998
vt 20.6114 1.82711
vt 20.6277 0.514165
f 1135/3929/810 1134/3930/809 686/3931/361

vt 16.8358 0.733421
v 45.8453 17.2619 -18.8223
vt 16.9814 1.51856
vn 0.572881 -0.579313 -0.579831
vt 20.6179 1.84902
f 1135/3932/810 1136/3933/811 1134/3934/809

vt 16.9046 1.27128
v 45.2525 17.1724 -19.4051
vt 15.2419 1.8851
vn 0.581165 -0.584304 -0.566423
vt 17.0243 2.06079
f 1135/3935/810 1137/3936/812 1136/3937/811

vt 15.5536 0.110057
vt 15.2147 1.31126
vt 16.8609 0.654526
f 690/3938/365 1137/3939/812 1135/3940/810

vt 14.2357 4.1174
vt 14.0229 4.93578
vt 14.6568 3.8606
f 693/3941/368 1137/3942/812 690/3943/365

vt 13.0482 0.898533
vt 15.1832 1.33696
vt 15.1882 0.491384
f 694/3944/369 1137/3945/812 693/3946/368

vt 13.0221 0.964013
v 44.9044 17.6876 -20.6707
vt 12.6165 2.17977
vn 0.603113 -0.51814 -0.606453
vt 15.1604 1.38621
f 694/3947/369 1138/3948/813 1137/3949/812

v 43.7526 17.2303 -20.985
vt 10.5284 1.797
vn 0.587978 -0.576862 -0.56702
vt 12.6722 2.64156
vt 13.1175 1.43974
f 1139/3950/814 1138/3951/813 694/3952/369

vt 10.5001 1.79149
v 44.2955 17.831 -21.5523
vt 10.3529 2.77361
vn 0.628998 -0.49458 -0.599793
vt 12.6551 2.60719
f 1139/3953/814 1140/3954/815 1138/3955/813

vt 10.5447 2.32191
v 43.5217 17.0873 -21.2526
vt 9.79924 2.14744
vn 0.580766 -0.584368 -0.566767
vt 10.3505 3.29584
f 1139/3956/814 1141/3957/816 1140/3958/815

vt 10.5164 1.61882
vt 9.77221 2.27457
vt 10.5137 2.46523
f 696/3959/371 1141/3960/816 1139/3961/814

vt 8.2172 0.367726
vt 9.7476 0.996963
vt 10.4156 0.263784
f 699/3962/374 1141/3963/816 696/3964/371

vt 8.16247 0.350533
v 43.2545 17.286 -21.9814
vt 8.15188 1.29635
vn 0.545718 -0.601721 -0.583202
vt 9.70585 0.947213
f 699/3965/374 1142/3966/817 1141/3967/816

vt 6.74337 0.737725
vt 8.09085 1.08157
vt 8.0764 0.135798
f 709/3968/384 1142/3969/817 699/3970/374

vt 7.63749 2.79001
vt 7.97901 1.46637
vt 6.62152 1.16447
f 710/3971/385 1142/3972/817 709/3973/384

vt 7.7857 3.38341
vt 9.77501 1.78339
vt 8.21097 2.08425
f 710/3974/385 1141/3975/816 1142/3976/817

vt 9.00187 3.47614
vt 9.76664 1.72892
vt 7.78325 3.33628
f 712/3977/387 1141/3978/816 710/3979/385

vt 8.99551 3.73105
vt 10.3723 3.14215
vt 9.80242 2.00288
f 712/3980/387 1140/3981/815 1141/3982/816

vt 10.1657 5.23485
vt 10.3499 3.33322
vt 8.96531 3.90345
f 713/3983/388 1140/3984/815 712/3985/387

vt 10.2289 4.94055
vt 12.6622 2.87558
vt 10.3595 3.03448
f 713/3986/388 1138/3987/813 1140/3988/815

vt 14.0532 3.90851
vt 12.6441 2.75851
vt 10.2233 4.83807
f 716/3989/391 1138/3990/813 713/3991/388

vt 12.6666 2.81497
vt 14.0652 3.97765
vt 15.2275 2.07839
f 1138/3992/813 716/3993/391 1137/3994/812

vt 15.2025 1.92664
vt 14.056 3.8355
v 46.3821 17.9167 -19.4476
vt 16.7374 3.11331
vn 0.61317 -0.492014 -0.618017
f 1137/3995/812 716/3996/391 1143/3997/818

vt 16.8753 5.16017
vt 16.7493 3.3208
vt 14.0639 4.02783
f 717/3998/392 1143/3999/818 716/4000/391

v 47.82 18.1112 -18.4426
vt 20.4168 3.60733
vn 0.621697 -0.467231 -0.628639
vt 16.722 3.17364
vt 16.8645 5.0118
f 1144/4001/819 1143/4002/818 717/4003/392

vt 20.6134 2.35491
vt 16.7298 3.08731
vt 20.4236 3.52895
f 1134/4004/809 1143/4005/818 1144/4006/819

vt 16.9571 1.81662
vt 16.7158 2.86798
vt 20.5961 2.11797
f 1136/4007/811 1143/4008/818 1134/4009/809

vt 15.2328 2.03704
vt 16.7537 3.24166
vt 17.0168 2.19557
f 1137/4010/812 1143/4011/818 1136/4012/811

v 48.9901 17.7774 -16.9185
vt 24.5871 3.19922
vn 0.60082 -0.48325 -0.636776
vt 20.6149 2.36368
vt 20.4247 3.53765
f 1145/4013/820 1134/4014/809 1144/4015/819

vt 24.357 1.60155
vt 20.6298 2.34466
vt 24.5975 3.20132
f 1132/4016/807 1134/4017/809 1145/4018/820

vt 20.7376 1.27206
vt 20.6148 2.06776
vt 24.337 1.3007
f 1133/4019/808 1134/4020/809 1132/4021/807

vt 23.4002 -0.212443
vt 23.7743 1.36145
vt 24.4 0.854644
f 1132/4022/807 1145/4023/820 724/4024/399

vt 24.9427 2.28299
vt 24.3033 2.77226
vt 24.7944 4.38986
f 724/4025/399 1145/4026/820 722/4027/397

vt 25.037 4.98054
vt 24.5914 3.34981
vt 20.4285 3.68204
f 722/4028/397 1145/4029/820 1144/4030/819

vt 16.8692 5.08407
vt 25.0346 4.97912
vt 20.4243 3.68683
f 717/4031/392 722/4032/397 1144/4033/819

vt 25.5395 6.9242
vt 25.0352 5.11353
vt 16.8698 5.21674
f 719/4034/394 722/4035/397 717/4036/392

v 47.9757 16.571 -15.6172
vt 25.2328 0.735362
vn 0.476439 -0.71282 -0.514678
vt 24.3336 1.14058
vt 25.2316 2.29461
f 1146/4037/821 1132/4038/807 724/4039/399

vt 23.9444 -0.913409
vt 24.158 -0.235091
vt 25.0403 -0.675862
f 1131/4040/806 1132/4041/807 1146/4042/821

vt 25.4992 -0.400052
vt 24.1776 -0.201246
vt 25.2565 0.104372
f 740/4043/415 1131/4044/806 1146/4045/821

vt 25.4376 -1.01631
vt 25.2067 -0.506351
vt 27.477 -1.15099
f 740/4046/415 1146/4047/821 737/4048/412

vt 27.5794 0.374097
vt 25.2833 0.919472
vt 26.8031 1.54099
f 737/4049/412 1146/4050/821 725/4051/400

vt 25.0616 -0.0844088
vt 25.1114 1.47404
vt 26.6194 0.434579
f 1146/4052/821 724/4053/399 725/4054/400

vt 26.7655 0.601299
vt 28.9857 -0.078956
vt 27.5025 -0.590816
f 725/4055/400 727/4056/402 737/4057/412

vt 6.28199 -0.161612
vt 6.78083 0.933292
vt 8.1215 0.348557
f 701/4058/376 709/4059/384 699/4060/374

vt 5.50465 0.716575
vt 6.86197 1.10733
vt 6.39935 -0.00335756
f 708/4061/383 709/4062/384 701/4063/376

vt 4.86259 0.315329
vt 5.61687 1.21636
vt 6.54754 0.543572
f 703/4064/378 708/4065/383 701/4066/376

vt 4.75883 0.258731
vt 3.77236 0.546579
vt 5.54161 1.13511
f 703/4067/378 705/4068/380 708/4069/383

vt 10.4513 0.751532
vt 10.519 1.59524
vt 13.1058 1.22249
f 696/4070/371 1139/4071/814 694/4072/369

vt 15.6443 0.915298
vt 16.9108 1.54895
vt 17.2819 1.05752
f 690/4073/365 1135/4074/810 687/4075/362

vt 17.0763 -1.10113
vt 16.7654 -0.569534
vt 20.5622 -0.855595
f 687/4076/362 1135/4077/810 686/4078/361

g Mesh29 Pillow_Gardenia_26_1 Pillow_Gardenia_ID_Jaipur_PEY05__2_1 Pillow_Abernathy_SKU_EAN5489__16_1 Group1 Model

v 50.1228 27.7438 -24.9979
vt -2.40026 14.9648
vn -0.3227 -0.0975213 -0.941464
v 50.0786 26.5311 -24.959
vt -2.11429 13.5159
vn -0.143975 -0.194517 -0.970275
v 49.6397 27.2889 -24.6665
vt -2.74311 14.1936
vn -0.630216 0.0457758 -0.775069
f 1147/4079/822 1148/4080/823 1149/4081/824

v 50.7315 28.0313 -25.2728
vt -1.50074 15.6446
vn 0.109892 -0.209904 -0.971527
vt -1.70974 13.5906
vt -1.98779 15.0411
f 1150/4082/825 1148/4083/823 1147/4084/822

vt -1.11307 15.6234
v 50.5967 26.304 -25.0925
vt -0.793797 13.506
vn 0.120757 -0.258484 -0.958438
vt -1.33569 13.5709
f 1150/4085/825 1151/4086/826 1148/4087/823

vt -0.59465 15.6855
v 51.2369 26.1943 -25.1314
vt 0.365681 13.6568
vn 0.339817 -0.249714 -0.906735
vt -0.295538 13.5651
f 1150/4088/825 1152/4089/827 1151/4090/826

vt -0.508278 15.7099
v 51.7289 27.5076 -25.264
vt 0.622738 15.4209
vn 0.433744 -0.22252 -0.873127
vt 0.447231 13.679
f 1150/4091/825 1153/4092/828 1152/4093/827

v 51.7415 28.7325 -25.3848
vt 0.325696 16.8831
vn 0.423966 -0.23431 -0.874844
vt 0.616695 15.4079
vt -0.514372 15.6968
f 1154/4094/829 1153/4095/828 1150/4096/825

v 53.2146 27.9657 -24.8397
vt 2.97941 16.366
vn 0.558737 -0.207416 -0.802989
vt 1.29058 15.4288
vt 1.03973 16.9113
f 1155/4097/830 1153/4098/828 1154/4099/829

v 53.7299 26.8006 -24.5398
vt 3.87455 15.0843
vn 0.552962 -0.199849 -0.808884
vt 1.30086 15.4248
vt 2.9902 16.3611
f 1156/4100/831 1153/4101/828 1155/4102/830

vt 3.88171 15.0891
v 52.1517 25.7639 -24.9837
vt 2.17303 13.4372
vn 0.467243 -0.262268 -0.844334
vt 1.30816 15.4306
f 1156/4103/831 1157/4104/832 1153/4105/828

v 53.2988 25.8599 -24.6343
vt 3.48414 13.8585
vn 0.543916 -0.312038 -0.778966
vt 2.12799 13.4427
vt 3.83089 15.1006
f 1158/4106/833 1157/4107/832 1156/4108/831

vt 3.63571 13.4511
v 51.6086 25.1541 -24.8761
vt 1.9056 12.1117
vn 0.446717 -0.36323 -0.817624
vt 2.27867 13.0382
f 1158/4109/833 1159/4110/834 1157/4111/832

v 53.5124 24.2022 -23.6979
vt 4.75512 11.2942
vn 0.570911 -0.299395 -0.764476
vt 1.92784 12.0639
vt 3.65608 13.4057
f 1160/4112/835 1159/4113/834 1158/4114/833

vt 4.75182 11.2721
v 51.7086 24.5717 -24.5329
vt 2.34528 11.3051
vn 0.473045 -0.281062 -0.835005
vt 1.92471 12.0424
f 1160/4115/835 1161/4116/836 1159/4117/834

v 51.4278 23.8496 -24.6393
vt 2.09832 10.8755
vn 0.502833 -0.253456 -0.826389
vt 2.35347 11.8075
vt 4.76001 11.7743
f 1162/4118/837 1161/4119/836 1160/4120/835

vt 2.01685 11.8665
vt 1.7918 10.9268
v 50.819 24.1487 -24.7714
vt 1.04822 11.1124
vn 0.372415 -0.201641 -0.905896
f 1161/4121/836 1162/4122/837 1163/4123/838

vt 1.6601 10.6645
v 50.827 22.8492 -24.4244
vt 1.34342 9.23962
vn 0.386852 -0.323307 -0.863608
vt 0.915432 10.8457
f 1162/4124/837 1164/4125/839 1163/4126/838

vt 1.61799 9.17631
vt 1.92638 10.603
v 51.7285 21.987 -23.8944
vt 2.99229 8.33615
vn 0.484966 -0.370569 -0.79214
f 1164/4127/839 1162/4128/837 1165/4129/840

vt 2.97285 8.32308
vt 1.90823 10.5906
v 52.5947 22.5646 -23.9063
vt 3.74257 9.29263
vn 0.534583 -0.321992 -0.781372
f 1165/4130/840 1162/4131/837 1166/4132/841

vt 3.91874 9.53548
vt 2.08486 10.8341
v 52.9188 23.373 -23.931
vt 4.10985 10.6011
vn 0.588143 -0.252028 -0.768485
f 1166/4133/841 1162/4134/837 1167/4135/842

vt 4.12971 10.64
vt 2.10505 10.8758
vt 4.76733 11.7728
f 1167/4136/842 1162/4137/837 1160/4138/835

vt 4.28955 10.5765
vt 4.94413 11.6996
v 54.392 23.0235 -22.9275
vt 6.5046 10.4182
vn 0.624333 -0.27775 -0.730112
f 1167/4139/842 1160/4140/835 1168/4141/843

vt 6.51544 10.4117
vt 4.95628 11.6947
v 55.8483 23.9928 -22.1209
vt 8.42179 11.8547
vn 0.637246 -0.317344 -0.702289
f 1168/4142/843 1160/4143/835 1169/4144/844

vt 8.43503 11.5878
vt 4.96951 11.4281
v 54.2749 25.2883 -23.8564
vt 5.43841 13.0017
vn 0.595884 -0.346112 -0.724658
f 1169/4145/844 1160/4146/835 1170/4147/845

vt 5.36212 13.0163
vt 4.88435 11.4454
vt 3.76905 13.5484
f 1170/4148/845 1160/4149/835 1158/4150/833

v 54.6947 26.369 -24.0313
vt 5.53441 14.616
vn 0.609083 -0.251694 -0.752109
vt 5.39471 13.1665
vt 3.80102 13.6967
f 1171/4151/846 1170/4152/845 1158/4153/833

v 55.7167 25.5517 -22.9321
vt 7.53317 13.735
vn 0.648474 -0.311568 -0.694555
vt 5.47228 13.1639
vt 5.61028 14.6136
f 1172/4154/847 1170/4155/845 1171/4156/846

vt 7.53507 13.7259
vt 8.4741 11.7479
vt 5.47422 13.1548
f 1172/4157/847 1169/4158/844 1170/4159/845

v 57.4523 23.6099 -20.4687
vt 11.4044 11.4767
vn 0.677125 -0.320846 -0.662238
vt 8.52094 11.781
vt 7.5804 13.7583
f 1173/4160/848 1169/4161/844 1172/4162/847

v 56.214 21.8298 -20.8069
vt 10.1517 9.05298
vn 0.66412 -0.350175 -0.660547
vt 8.52078 11.7797
vt 11.4042 11.4755
f 1174/4163/849 1169/4164/844 1173/4165/848

v 54.2842 21.4617 -22.3794
vt 7.10474 8.34689
vn 0.612981 -0.36455 -0.700969
vt 8.51825 11.7783
vt 10.1491 9.0515
f 1175/4166/850 1169/4167/844 1174/4168/849

vt 7.09012 8.35335
vt 6.58924 10.3521
vt 8.50322 11.7849
f 1175/4169/850 1168/4170/843 1169/4171/844

v 53.3667 22.0175 -23.2938
vt 5.4205 8.91287
vn 0.564419 -0.372671 -0.736578
vt 6.56886 10.3487
vt 7.07011 8.35003
f 1176/4172/851 1168/4173/843 1175/4174/850

vt 5.35448 8.96212
vt 4.2849 10.5579
vt 6.5 10.4002
f 1176/4175/851 1167/4176/842 1168/4177/843

vt 4.07686 9.49164
vt 4.27501 10.5559
vt 5.34525 8.96065
f 1166/4178/841 1167/4179/842 1176/4180/851

vt 3.19724 8.10454
vt 3.95454 9.08383
vt 5.22052 8.54712
f 1165/4181/840 1166/4182/841 1176/4183/851

v 50.4836 20.7254 -23.618
vt 2.35466 6.11492
vn 0.484458 -0.380626 -0.787671
vt 3.19817 8.09752
vt 5.22141 8.54026
f 1177/4184/852 1165/4185/840 1176/4186/851

vt 2.06277 6.2503
vt 1.56728 9.0611
vt 2.93992 8.21824
f 1177/4187/852 1164/4188/839 1165/4189/840

v 49.6985 21.5187 -24.0921
vt 0.844139 7.03474
vn 0.383037 -0.323475 -0.865244
vt 1.55941 9.05852
vt 2.05383 6.24752
f 1178/4190/853 1164/4191/839 1177/4192/852

v 49.1915 22.1631 -24.2043
vt -0.378434 7.86747
vn 0.237111 -0.267417 -0.933952
vt 1.06076 9.26534
vt 0.318393 7.25134
f 1179/4193/854 1164/4194/839 1178/4195/853

vt -0.359238 7.84614
v 49.8929 23.8183 -24.6031
vt -0.147923 10.1167
vn 0.150412 -0.240885 -0.958828
vt 1.0797 9.24428
f 1179/4196/854 1180/4197/855 1164/4198/839

v 48.7079 22.2844 -24.0696
vt -1.50924 7.8669
vn -0.125564 -0.153934 -0.98007
vt -0.807029 10.185
vt -1.02721 7.91526
f 1181/4199/856 1180/4200/855 1179/4201/854

v 49.396 25.1591 -24.5249
vt -1.75156 11.618
vn -0.332455 -0.0834065 -0.939424
vt -0.944529 10.224
vt -1.64525 7.90551
f 1182/4202/857 1180/4203/855 1181/4204/856

v 49.8617 25.0446 -24.7232
vt -1.47348 11.5754
vn 0.111754 -0.229738 -0.966815
vt -1.12745 10.1158
vt -1.9338 11.5101
f 1183/4205/858 1180/4206/855 1182/4207/857

vt -0.793272 11.733
vt 0.360993 11.0067
vt -0.449967 10.2727
f 1183/4208/858 1163/4209/838 1180/4210/855

vt -0.530772 11.8924
v 50.7277 24.7711 -24.7265
vt 0.4089 11.8569
vn 0.36755 -0.279168 -0.887115
vt 0.613135 11.1499
f 1183/4211/858 1184/4212/859 1163/4213/838

v 50.5647 25.133 -24.9162
vt 0.0452903 10.7292
vn 0.303721 -0.353731 -0.884663
vt 0.36051 10.2922
vt -0.579125 10.3286
f 1185/4214/860 1184/4215/859 1183/4216/858

vt 0.512454 11.5089
vt 1.98808 11.1331
vt 0.848595 11.0878
f 1185/4217/860 1161/4218/836 1184/4219/859

vt 1.55041 11.5602
vt 1.94586 10.8091
vt 0.47158 11.1902
f 1159/4220/834 1161/4221/836 1185/4222/860

vt 0.684687 13.5096
vt 1.38745 12.3503
vt 0.305314 11.9901
f 1152/4223/827 1159/4224/834 1185/4225/860

vt 0.705399 13.5231
vt 1.79446 13.285
vt 1.40829 12.3639
f 1152/4226/827 1157/4227/832 1159/4228/834

vt 0.931126 15.3959
vt 1.82908 13.4171
vt 0.740125 13.6557
f 1153/4229/828 1157/4230/832 1152/4231/827

vt -0.282666 13.4935
vt 0.378573 13.585
vt -0.000309001 12.0655
f 1151/4232/826 1152/4233/827 1185/4234/860

vt -0.664553 13.4188
vt -0.381588 11.9909
vt -1.01811 11.6099
f 1151/4235/826 1185/4236/860 1183/4237/858

v 49.6263 26.4781 -24.6967
vt -2.03406 13.2906
vn -0.291134 -0.15182 -0.944559
vt -1.09211 13.4985
vt -1.44376 11.6892
f 1186/4238/861 1151/4239/826 1183/4240/858

vt -1.44242 11.8488
vt -0.901102 11.7793
vt -1.83966 11.5566
f 1148/4241/823 1151/4242/826 1186/4243/861

vt -2.63559 14.2703
vt -2.00825 13.5912
vt -2.41875 13.318
f 1149/4244/824 1148/4245/823 1186/4246/861

v 49.3313 26.534 -24.4307
vt -3.08587 13.1498
vn -0.76933 0.0891291 -0.632603
vt -2.98427 14.1936
vt -2.75916 13.2432
f 1187/4247/862 1149/4248/824 1186/4249/861

v 49.0789 26.7605 -24.0274
vt -3.64258 13.225
vn -0.946821 0.230601 -0.224395
vt -3.10339 14.1802
vt -3.19913 13.1359
f 1188/4250/863 1149/4251/824 1187/4252/862

vt -3.64944 13.2385
v 49.7754 28.1184 -24.7194
vt -3.22582 15.2254
vn -0.833494 0.102456 -0.542946
vt -3.10942 14.1933
f 1188/4253/863 1189/4254/864 1149/4255/824

vt -3.54795 13.1898
v 49.5314 28.6028 -24.088
vt -3.82779 15.5208
vn -0.953275 0.292888 0.0740431
vt -3.13284 15.1785
f 1188/4256/863 1190/4257/865 1189/4258/864

v 48.9336 27.0959 -23.4505
vt -3.95928 13.4165
vn -0.943042 0.305669 0.131295
vt -3.63827 15.5336
vt -3.34508 13.2043
f 1191/4259/866 1190/4260/865 1188/4261/863

v 48.9098 27.3023 -22.8339
vt -4.12916 13.3777
vn -0.890201 0.335983 0.307664
vt -3.16883 15.4064
vt -3.46794 13.286
f 1192/4262/867 1190/4263/865 1191/4264/866

v 49.4041 28.6146 -22.9687
vt -4.21773 15.0539
vn -0.839697 0.383854 0.384143
vt -3.08671 15.3429
vt -4.04222 13.312
f 1193/4265/868 1190/4266/865 1192/4267/867

vt -4.22368 15.0882
v 49.8268 29.6443 -23.4944
vt -3.93268 16.5634
vn -0.847232 0.370995 0.380211
vt -3.09261 15.3771
f 1193/4268/868 1194/4269/869 1190/4270/865

vt -3.35918 14.7527
v 50.1188 29.4398 -21.7832
vt -5.04802 15.6899
vn -0.758814 0.419961 0.49783
vt -3.10833 16.2353
f 1193/4271/868 1195/4272/870 1194/4273/869

vt -3.34245 14.7957
v 49.9309 28.6096 -20.7891
vt -5.91614 14.4552
vn -0.761356 0.425989 0.488744
vt -5.03179 15.7319
f 1193/4274/868 1196/4275/871 1195/4276/870

v 48.9399 27.2933 -21.8126
vt -4.19535 12.664
vn -0.827999 0.354487 0.434461
vt -5.90403 14.3159
vt -3.33048 14.6574
f 1197/4277/872 1196/4278/871 1193/4279/868

vt -4.28411 12.5419
v 49.3997 27.7165 -20.7848
vt -5.64027 12.9577
vn -0.78388 0.320218 0.53197
vt -5.98701 14.1998
f 1197/4280/872 1198/4281/873 1196/4282/871

v 48.7228 26.5282 -22.027
vt -3.59392 12.7374
vn -0.849596 0.254034 0.462227
vt -5.32404 14.0768
vt -3.96699 13.6639
f 1199/4283/874 1198/4284/873 1197/4285/872

vt -3.54598 12.7812
v 49.5421 26.0927 -19.7781
vt -6.37326 12.0115
vn -0.762944 0.335746 0.55244
vt -5.27422 14.123
f 1199/4286/874 1200/4287/875 1198/4288/873

v 48.7879 25.9625 -21.6493
vt -3.97336 12.0579
vn -0.827231 0.33809 0.448759
vt -6.3799 12.0249
vt -3.55279 12.7953
f 1201/4289/876 1200/4290/875 1199/4291/874

vt -3.95678 10.7606
v 48.3544 25.3131 -21.6049
vt -3.70164 9.82859
vn -0.804835 0.369216 0.464673
vt -6.36332 10.7273
f 1201/4292/876 1202/4293/877 1200/4294/875

vt -4.30456 9.72198
vt -4.52962 10.6617
v 48.3095 25.3436 -22.2938
vt -3.56099 9.90765
vn -0.867054 0.387841 0.312725
f 1202/4295/877 1201/4296/876 1203/4297/878

vt -4.62204 10.4818
v 48.6107 25.7791 -22.6365
vt -3.48259 10.4356
vn -0.886844 0.312319 0.340536
vt -3.65868 9.72108
f 1201/4298/876 1204/4299/879 1203/4300/878

vt -4.56986 12.0094
v 48.5822 26.077 -22.9589
vt -3.09423 12.3853
vn -0.920249 0.226198 0.319336
vt -3.43037 11.9642
f 1201/4301/876 1205/4302/880 1204/4303/879

vt -4.62685 12.048
vt -4.2314 12.7991
vt -3.15257 12.4292
f 1201/4304/876 1199/4305/874 1205/4306/880

vt -4.45909 12.4246
vt -3.75633 13.5839
vt -3.37695 12.0644
f 1199/4307/874 1192/4308/867 1205/4309/880

vt -4.81805 13.3305
vt -3.72899 13.5686
vt -4.43188 12.4094
f 1197/4310/872 1192/4311/867 1199/4312/874

vt -4.77123 13.0895
vt -3.87327 15.0682
vt -3.68227 13.328
f 1197/4313/872 1193/4314/868 1192/4315/867

vt -4.11579 13.4944
vt -3.45455 13.4028
vt -3.73691 11.9748
f 1192/4316/867 1191/4317/866 1205/4318/880

vt -4.1059 12.0498
vt -3.8231 13.4777
v 48.6753 25.5934 -23.6059
vt -3.39153 11.6624
vn -0.962998 0.26876 0.020061
f 1205/4319/880 1191/4320/866 1206/4321/881

vt -3.94962 13.4473
vt -3.3354 13.2351
vt -3.51715 11.6322
f 1191/4322/866 1188/4323/863 1206/4324/881

vt -3.77431 11.6473
vt -3.59698 13.2508
v 48.9576 25.3809 -24.1269
vt -3.22976 11.6118
vn -0.852575 0.144173 -0.502324
f 1206/4325/881 1188/4326/863 1207/4327/882

vt -3.6409 13.24
vt -3.19743 13.1509
vt -3.27141 11.6016
f 1188/4328/863 1187/4329/862 1207/4330/882

vt -3.0795 13.1308
vt -2.62318 11.5578
vt -3.14738 11.5812
f 1187/4331/862 1182/4332/857 1207/4333/882

vt -3.08107 13.1303
vt -2.75437 13.2238
vt -2.62481 11.5573
f 1187/4334/862 1186/4335/861 1182/4336/857

vt -2.07797 13.2756
vt -1.48696 11.6745
vt -1.94728 11.6093
f 1186/4337/861 1183/4338/858 1182/4339/857

vt -3.14406 11.6365
vt -2.61987 11.6131
v 48.7406 24.2228 -24.0871
vt -2.98449 10.1917
vn -0.789669 0.130309 -0.599535
f 1207/4340/882 1182/4341/857 1208/4342/883

vt -2.85515 10.189
vt -2.48264 11.6083
v 48.5284 22.8339 -23.9946
vt -2.66098 8.46438
vn -0.530532 -0.00754578 -0.847631
f 1208/4343/883 1182/4344/857 1209/4345/884

vt -2.31551 8.45881
vt -2.12151 11.6018
vt -2.00349 7.88968
f 1209/4346/884 1182/4347/857 1181/4348/856

v 48.0307 21.9946 -23.6196
vt -2.73586 7.12896
vn -0.862317 0.161388 -0.479962
vt -2.47647 8.36791
vt -2.16517 7.79838
f 1210/4349/885 1209/4350/884 1181/4351/856

v 48.0723 22.9587 -23.4797
vt -3.46614 8.31459
vn -0.932965 0.204788 -0.296038
vt -2.89088 8.43833
vt -3.1459 7.19847
f 1211/4352/886 1209/4353/884 1210/4354/885

vt -3.46205 8.30912
vt -3.08656 10.1567
vt -2.88674 8.43267
f 1211/4355/886 1208/4356/883 1209/4357/884

vt -3.8058 11.616
vt -3.08163 10.1373
vt -3.4505 8.28842
f 1206/4358/881 1208/4359/883 1211/4360/886

vt -3.77542 11.6337
vt -3.23087 11.5983
vt -3.04905 10.1561
f 1206/4361/881 1207/4362/882 1208/4363/883

vt -3.12468 8.30847
v 47.8103 22.8207 -22.8407
vt -3.70914 7.9113
vn -0.945877 0.278008 0.167416
v 48.2329 24.6087 -22.9642
vt -3.92929 10.181
vn -0.932963 0.294237 0.207377
vt -3.50231 11.6336
f 1211/4364/886 1212/4365/887 1213/4366/888 1206/4367/881 

vt -3.20769 8.39452
vt -2.89521 7.27621
vt -3.79121 7.99597
f 1211/4368/886 1210/4369/885 1212/4370/887

vt -3.89871 7.87569
vt -3.00106 7.15798
v 47.44 21.1056 -22.8684
vt -3.55392 5.74265
vn -0.944358 0.284987 0.164226
f 1212/4371/887 1210/4372/885 1214/4373/889

vt -3.48249 5.69756
vt -2.9339 7.11455
v 47.4699 20.6998 -23.1616
vt -3.12699 5.29781
vn -0.952416 0.268454 -0.144347
f 1214/4374/889 1210/4375/885 1215/4376/890

vt -3.14821 7.19027
v 47.684 20.7178 -23.4379
vt -3.09057 5.53242
vn -0.502749 0.0366964 -0.863653
vt -3.36558 5.37627
f 1210/4377/885 1216/4378/891 1215/4379/890

vt -2.86674 7.24138
vt -2.29599 7.91075
vt -2.83475 5.58284
f 1210/4380/885 1181/4381/856 1216/4382/891

vt -1.99907 7.85328
v 48.3908 20.6529 -23.8071
vt -1.86928 5.7699
vn 0.139805 -0.239235 -0.960844
vt -2.54466 5.52696
f 1181/4383/856 1217/4384/892 1216/4385/891

vt -1.51097 7.88385
vt -1.02894 7.93221
vt -1.38151 5.80045
f 1181/4386/856 1179/4387/854 1217/4388/892

vt -0.720571 5.68413
vt -0.377063 7.81738
v 49.1794 20.4155 -23.7926
vt 0.1399 5.66212
vn 0.39286 -0.341989 -0.853642
f 1217/4389/892 1179/4390/854 1218/4391/893

vt -0.430109 7.80335
vt 0.266301 7.18675
vt 0.0848967 5.64762
f 1179/4392/854 1178/4393/853 1218/4394/893

vt 0.727053 5.57369
vt 0.884726 7.11543
vt 2.09563 6.33008
f 1218/4395/893 1178/4396/853 1177/4397/852

vt 0.813983 5.3816
vt 2.1796 6.14334
v 50.1235 19.4955 -23.0904
vt 2.35459 4.43993
vn 0.514506 -0.400267 -0.758334
f 1218/4398/893 1177/4399/852 1219/4400/894

vt 2.55042 4.49373
vt 2.35654 6.19509
v 51.8179 20.3721 -22.908
vt 4.21416 6.05439
vn 0.542369 -0.426717 -0.723705
f 1219/4401/894 1177/4402/852 1220/4403/895

vt 2.35249 6.11828
vt 5.21964 8.54316
vt 4.21008 5.97706
f 1177/4404/852 1176/4405/851 1220/4406/895

vt 4.42436 5.93807
vt 5.38007 8.52471
v 53.0013 20.2133 -22.0799
vt 6.20897 5.94999
vn 0.550173 -0.424617 -0.719034
f 1220/4407/895 1176/4408/851 1221/4409/896

vt 5.34614 8.46448
vt 6.9914 7.88906
vt 6.15925 5.88473
f 1176/4410/851 1175/4411/850 1221/4412/896

vt 6.93142 7.88449
v 54.6542 19.4583 -20.8091
vt 8.7191 5.23821
vn 0.616728 -0.41484 -0.668995
vt 6.08296 5.88701
f 1175/4413/850 1222/4414/897 1221/4415/896

vt 7.10987 8.31088
vt 10.1539 9.01696
vt 8.96043 5.70819
f 1175/4416/850 1174/4417/849 1222/4418/897

vt 10.1533 9.04411
v 56.2729 20.4045 -19.7078
vt 11.2863 7.12631
vn 0.650734 -0.394722 -0.648645
vt 8.97272 5.73072
f 1174/4419/849 1223/4420/898 1222/4421/897

vt 10.1572 9.0063
v 56.7026 21.2688 -19.9077
vt 11.4189 8.29583
vn 0.662677 -0.359722 -0.656855
vt 11.2852 7.08557
f 1174/4422/849 1224/4423/899 1223/4424/898

vt 11.4003 11.4834
vt 11.4139 8.35225
vt 10.1504 9.05957
f 1173/4425/848 1224/4426/899 1174/4427/849

v 58.449 20.9105 -17.9364
vt 14.708 8.03509
vn 0.697295 -0.372577 -0.612345
vt 11.4189 8.33772
vt 11.4093 11.4689
f 1225/4428/900 1224/4429/899 1173/4430/848

v 57.4752 19.6358 -18.1568
vt 13.7562 6.25778
vn 0.651552 -0.399431 -0.64493
vt 11.4188 8.33123
vt 14.7079 8.02843
f 1226/4431/901 1224/4432/899 1225/4433/900

vt 13.7356 6.17202
vt 11.2654 7.04283
vt 11.4043 8.25251
f 1226/4434/901 1223/4435/898 1224/4436/899

vt 13.7134 6.01631
v 55.6552 19.0007 -19.0808
vt 11.3474 4.86876
vn 0.636163 -0.440848 -0.633206
vt 11.2458 6.89455
f 1226/4437/901 1227/4438/902 1223/4439/898

v 56.4114 18.2983 -17.9959
vt 12.9956 4.06069
vn 0.625456 -0.474031 -0.619758
vt 11.3329 4.89671
vt 13.7007 6.04045
f 1228/4440/903 1227/4441/902 1226/4442/901

v 54.7244 17.6475 -18.3654
vt 11.0823 2.31112
vn 0.588852 -0.517997 -0.620429
vt 11.2266 4.44463
vt 12.8791 3.58884
f 1229/4443/904 1227/4444/902 1228/4445/903

vt 11.3329 5.33116
vt 11.359 3.19294
v 54.2989 17.829 -19.482
vt 9.94408 3.53709
vn 0.619435 -0.515421 -0.59215
f 1227/4446/902 1229/4447/904 1230/4448/905

vt 11.3813 3.0221
v 54.2697 17.1363 -17.9223
vt 11.4713 2.09801
vn 0.538402 -0.618545 -0.572298
v 53.6646 16.7766 -18.0756
vt 10.8655 1.46271
vn 0.544516 -0.690919 -0.475535
vt 9.97022 3.38169
f 1229/4449/904 1231/4450/906 1232/4451/907 1230/4452/905 

vt 10.9427 0.69588
vt 10.9666 1.62404
v 55.2408 17.2414 -17.6375
vt 12.0698 1.10676
vn 0.538966 -0.602297 -0.588858
f 1231/4453/906 1229/4454/904 1233/4455/908

vt 12.2426 1.78891
vt 11.1293 2.2842
vt 12.9198 3.57076
f 1233/4456/908 1229/4457/904 1228/4458/903

v 56.7185 17.5408 -16.2989
vt 14.949 2.95228
vn 0.644889 -0.532803 -0.547941
vt 12.5071 2.39036
vt 13.0772 4.20931
f 1234/4459/909 1233/4460/908 1228/4461/903

v 56.1228 16.824 -15.5714
vt 15.1835 1.65825
vn 0.575406 -0.628608 -0.52322
vt 12.5082 2.39878
vt 14.9467 2.97524
f 1235/4462/910 1233/4463/908 1234/4464/909

v 56.4875 16.5136 -14.2075
vt 16.5638 -0.863789
vn 0.50683 -0.699616 -0.503648
vt 12.4096 0.833017
vt 15.0254 -0.0961368
f 1236/4465/911 1233/4466/908 1235/4467/910

v 54.0875 16.617 -17.1764
vt 12.0073 0.546058
vn 0.422462 -0.748877 -0.510597
vt 12.5011 1.98513
vt 16.7438 0.523878
f 1237/4468/912 1233/4469/908 1236/4470/911

vt 11.0578 0.530503
vt 12.1785 0.958556
vt 11.546 -0.425158
f 1231/4471/906 1233/4472/908 1237/4473/912

v 53.4462 16.6173 -17.3012
vt 10.3335 -1.51239
vn 0.44026 -0.783051 -0.439321
vt 10.6159 -0.317434
vt 11.0473 -1.30005
f 1238/4474/913 1231/4475/906 1237/4476/912

vt 10.5956 2.68041
vt 11.1279 3.3784
vt 11.263 2.15798
f 1232/4477/907 1231/4478/906 1238/4479/913

v 52.5114 16.5348 -17.7653
vt 10.1811 -0.652348
vn 0.304336 -0.897573 -0.31897
vt 10.8261 0.430511
vt 11.3756 -0.21479
f 1239/4480/914 1232/4481/907 1238/4482/913

vt 10.1553 -0.747733
v 52.9159 16.7357 -18.5534
vt 9.75207 0.0591949
vn 0.441397 -0.746004 -0.498645
vt 10.8116 0.328311
f 1239/4483/914 1240/4484/915 1232/4485/907

v 51.2245 16.6108 -18.8672
vt 7.90156 -1.43038
vn 0.23828 -0.929173 -0.282595
vt 9.63923 -0.485001
vt 10.0007 -1.31151
f 1241/4486/916 1240/4487/915 1239/4488/914

vt 7.91554 -1.41448
v 50.8994 16.746 -19.7612
vt 6.82993 -1.02411
vn 0.424846 -0.772279 -0.472325
vt 9.64946 -0.462253
f 1241/4489/916 1242/4490/917 1240/4491/915

v 49.7386 16.6723 -19.7566
vt 5.74733 -2.04632
vn 0.00591583 -0.999944 0.00880672
vt 6.75988 -1.2936
vt 7.83661 -1.70782
f 1243/4492/918 1242/4493/917 1241/4494/916

v 48.6549 16.6069 -21.0243
vt 4.21981 -1.53557
vn 0.260573 -0.935133 -0.240059
vt 7.13906 -0.346137
vt 6.27223 -1.26291
f 1244/4495/919 1242/4496/917 1243/4497/918

vt 3.73393 -1.26086
v 49.4767 16.8224 -20.9958
vt 4.46097 -0.627369
vn 0.503127 -0.673107 -0.542025
vt 6.7963 -0.513409
f 1244/4498/919 1245/4499/920 1242/4500/917

v 47.8388 16.5574 -21.3781
vt 2.50408 -1.49938
vn 0.144599 -0.988007 -0.0541678
vt 4.28642 -0.605161
vt 3.53684 -1.21182
f 1246/4501/921 1245/4502/920 1244/4503/919

v 46.9911 16.4489 -22.1754
vt 1.9087 -2.0912
vn -0.263614 -0.927985 0.263348
vt 4.89617 -0.518731
vt 3.31729 -1.73671
f 1247/4504/922 1245/4505/920 1246/4506/921

vt 1.44756 -1.7509
v 46.7154 16.5568 -22.7803
vt 0.657561 -1.53211
vn 0.496964 -0.572216 -0.652377
vt 4.59431 -0.527933
f 1247/4507/922 1248/4508/923 1245/4509/920

v 46.3975 16.5376 -22.7843
vt 0.083132 -2.2804
vn -0.315197 -0.826318 -0.466743
vt 0.369741 -2.08449
vt 1.14272 -2.3574
f 1249/4510/924 1248/4511/923 1247/4512/922

vt -1.00468 -0.760121
v 46.5824 16.7857 -22.9453
vt -0.95272 -0.353557
vn 0.304215 -0.334554 -0.891923
vt -0.683579 -0.62815
f 1249/4513/924 1250/4514/925 1248/4515/923

v 46.3695 16.6877 -22.8428
vt -1.94628 -0.314692
vn -0.929404 0.0644815 -0.363388
vt -1.78209 -0.0997012
vt -1.86811 -0.500444
f 1251/4516/926 1250/4517/925 1249/4518/924

v 46.5484 17.0983 -22.9283
vt -2.58463 0.871132
vn -0.599273 0.105769 -0.793527
vt -2.46967 0.5183
vt -2.64079 0.308789
f 1252/4519/927 1250/4520/925 1251/4521/926

v 46.8309 17.6909 -23.065
vt -2.48855 1.69071
vn -0.362921 -0.017304 -0.931659
vt -2.47688 0.515395
vt -2.59193 0.868199
f 1253/4522/928 1250/4523/925 1252/4524/927

v 47.9324 18.995 -23.4257
vt -1.27846 3.70558
vn 0.233177 -0.248147 -0.94024
vt -1.98759 0.547251
vt -1.98328 1.72262
f 1254/4525/929 1250/4526/925 1253/4527/928

vt -0.950449 0.315681
vt -0.2373 3.47311
v 48.7189 19.1911 -23.3707
vt 0.557718 3.95097
vn 0.430158 -0.340443 -0.8361
f 1250/4528/925 1254/4529/929 1255/4530/930

vt -0.312308 5.72676
vt 0.52086 4.01521
vt -0.274383 3.53772
f 1217/4531/892 1255/4532/930 1254/4533/929

vt -0.724502 5.5069
vt 0.135967 5.48479
vt 0.0915618 3.78712
f 1217/4534/892 1218/4535/893 1255/4536/930

vt 0.872834 3.79242
vt 0.864757 5.49064
vt 2.40784 4.55304
f 1255/4537/930 1218/4538/893 1219/4539/894

vt -0.616856 0.171575
vt 0.861108 3.81925
vt 2.39646 4.57916
f 1250/4540/925 1255/4541/930 1219/4542/894

vt -0.141177 -0.154578
vt 2.76306 4.32564
v 49.8822 18.104 -22.1384
vt 3.44639 2.34856
vn 0.551777 -0.43547 -0.711272
f 1250/4543/925 1219/4544/894 1256/4545/931

vt 2.71818 4.29108
vt 4.36125 5.8735
vt 3.39253 2.31093
f 1219/4546/894 1220/4547/895 1256/4548/931

vt 3.48524 2.30937
vt 4.42458 5.8798
vt 6.20919 5.89177
f 1256/4549/931 1220/4550/895 1221/4551/896

vt 6.12402 5.94101
v 51.5263 18.2496 -21.4293
vt 5.45572 2.94465
vn 0.534178 -0.477586 -0.697543
vt 3.36446 2.38598
f 1221/4552/896 1257/4553/932 1256/4554/931

vt 6.02496 5.9225
v 53.89 19.3319 -21.1611
vt 7.67394 4.95228
vn 0.550045 -0.427202 -0.717599
vt 5.33064 2.93206
f 1221/4555/896 1258/4556/933 1257/4557/932

vt 6.13794 6.2318
vt 8.77657 5.59318
vt 7.79369 5.27317
f 1221/4558/896 1222/4559/897 1258/4560/933

vt 7.88385 4.93643
vt 8.86402 5.26465
v 53.5426 18.0277 -20.208
vt 8.47284 3.01391
vn 0.545731 -0.500245 -0.672259
f 1258/4561/933 1222/4562/897 1259/4563/934

vt 8.91245 5.33205
vt 9.85663 2.92057
vt 8.54258 3.0777
f 1222/4564/897 1230/4565/905 1259/4566/934

vt 11.4184 5.09347
vt 9.98789 3.33247
vt 8.96714 5.71255
f 1227/4567/902 1230/4568/905 1222/4569/897

vt 11.2711 7.14893
vt 11.4165 5.12581
vt 8.96451 5.74182
f 1223/4570/898 1227/4571/902 1222/4572/897

vt 8.51635 2.70834
vt 9.82964 2.54491
v 53.2319 17.1038 -19.208
vt 9.15444 1.18588
vn 0.526024 -0.596879 -0.605833
f 1259/4573/934 1230/4574/905 1260/4575/935

vt 9.3872 1.5725
vt 9.98358 2.96792
vt 10.8076 1.01726
f 1260/4576/935 1230/4577/905 1232/4578/907

vt 9.63502 0.140542
vt 9.30454 0.961963
vt 10.7059 0.360333
f 1240/4579/915 1260/4580/935 1232/4581/907

v 51.0835 17.0297 -20.264
vt 6.37732 -0.0480012
vn 0.51324 -0.597415 -0.616182
vt 9.20049 0.61709
vt 9.5046 -0.214456
f 1261/4582/936 1260/4583/935 1240/4584/915

vt 9.08176 1.01625
vt 6.24316 0.420445
v 52.2433 17.6524 -20.4493
vt 7.10095 1.67224
vn 0.516792 -0.537253 -0.666548
f 1260/4585/935 1261/4586/936 1262/4587/937

vt 5.46758 2.39066
vt 6.97782 1.65115
vt 6.09737 0.415197
f 1257/4588/932 1262/4589/937 1261/4590/936

vt 5.50872 2.53741
vt 8.39236 2.6653
vt 7.02329 1.8068
f 1257/4591/932 1259/4592/934 1262/4593/937

vt 7.81511 4.82169
vt 8.38467 2.89332
vt 5.50091 2.7682
f 1258/4594/933 1259/4595/934 1257/4596/932

vt 8.46915 2.59863
vt 9.0929 1.07024
vt 7.11101 1.72295
f 1259/4597/934 1260/4598/935 1262/4599/937

vt 5.68555 2.68834
vt 6.38369 0.735992
v 49.707 17.2587 -21.5051
vt 4.07107 0.844587
vn 0.554173 -0.516585 -0.652711
f 1257/4600/932 1261/4601/936 1263/4602/938

vt 6.37162 0.449792
vt 4.32171 -0.212085
vt 4.05919 0.562558
f 1261/4603/936 1245/4604/920 1263/4605/938

vt 6.78771 -0.364803
vt 4.45216 -0.47423
vt 6.48606 0.235336
f 1242/4606/917 1245/4607/920 1261/4608/936

vt 6.66774 -0.58263
vt 6.3809 0.0247259
vt 9.50831 -0.1392
f 1242/4609/917 1261/4610/936 1240/4611/915

vt 4.16858 0.68304
vt 4.44575 -0.0864778
vt 0.479568 -0.967237
f 1263/4612/938 1245/4613/920 1248/4614/923

vt 3.5321 2.30916
vt 3.975 1.07935
vt 0.24534 -0.476868
f 1256/4615/931 1263/4616/938 1248/4617/923

vt 3.40635 2.21179
vt 5.49561 2.77795
vt 3.83396 0.976583
f 1256/4618/931 1257/4619/932 1263/4620/938

vt 3.23484 2.65915
vt -0.103065 -0.065395
vt -0.382298 0.19893
f 1256/4621/931 1248/4622/923 1250/4623/925

v 47.8369 20.1148 -23.5631
vt -1.7034 4.84966
vn -0.125021 -0.113639 -0.985625
vt -1.33069 5.72205
vt -1.31521 3.53273
f 1264/4624/939 1217/4625/892 1254/4626/929

vt -2.61398 5.68333
vt -1.93908 5.9276
vt -2.30108 5.05071
f 1216/4627/891 1217/4628/892 1264/4629/939

vt -2.59294 5.69344
vt -2.28089 5.06041
v 47.5178 20.2009 -23.396
vt -2.60109 5.0171
vn -0.687492 0.112925 -0.717358
f 1216/4630/891 1264/4631/939 1265/4632/940

vt -2.58128 4.90165
vt -2.26104 4.9447
v 47.25 19.2518 -23.2332
vt -2.57853 3.65965
vn -0.68144 0.0995682 -0.725069
f 1265/4633/940 1264/4634/939 1266/4635/941

vt -2.59328 4.97964
v 46.9505 18.3274 -23.1194
vt -2.89523 2.47496
vn -0.586194 0.0562411 -0.808216
vt -2.89479 3.69075
f 1264/4636/939 1267/4637/942 1266/4638/941

vt -1.52229 4.90296
vt -1.13256 3.58649
vt -1.88466 2.4063
f 1264/4639/939 1254/4640/929 1267/4641/942

vt -2.13954 2.5547
vt -1.39184 3.73768
vt -2.09067 1.75259
f 1267/4642/942 1254/4643/929 1253/4644/928

vt -3.01268 2.414
vt -2.93899 1.6138
v 46.595 17.6009 -22.7895
vt -3.20364 1.36606
vn -0.956171 0.292526 -0.0128851
f 1267/4645/942 1253/4646/928 1268/4647/943

vt -3.15717 1.28443
vt -2.89427 1.53402
vt -2.94135 0.706376
f 1268/4648/943 1253/4649/928 1252/4650/927

vt -2.93139 0.14008
vt -3.13148 1.28199
vt -2.91304 0.704923
f 1251/4651/926 1268/4652/943 1252/4653/927

vt -1.61815 1.51692
vt -1.39219 0.379851
v 46.4358 16.6899 -22.5042
vt -1.783 0.325589
vn -0.817726 0.120628 0.562826
f 1268/4654/943 1251/4655/926 1269/4656/944

vt -1.49031 1.02711
vt -1.55822 0.837363
vt -1.88076 0.97024
f 1251/4657/926 1249/4658/924 1269/4659/944

vt -0.713407 2.60012
vt -0.431567 2.39456
vt -1.49087 2.31377
f 1269/4660/944 1249/4661/924 1247/4662/922

vt -0.412209 2.22786
vt -1.20747 1.99547
v 48.404 17.3332 -19.9366
vt -4.33251 3.29443
vn -0.71987 -0.138091 0.680234
f 1269/4663/944 1247/4664/922 1270/4665/945

vt -4.38266 3.20179
vt -1.24696 1.92879
v 47.4108 16.5494 -21.656
vt -2.06292 2.10447
vn -0.533561 -0.577334 0.61806
f 1270/4666/945 1247/4667/922 1271/4668/946

vt 1.63018 2.81082
vt 0.786276 3.99303
vt 1.21435 3.53452
f 1247/4669/922 1246/4670/921 1271/4671/946

vt 1.07889 3.57306
vt 0.634153 4.01543
v 48.2746 16.6707 -20.8198
vt 0.174907 4.77205
vn -0.423655 -0.763434 0.48753
f 1271/4672/946 1246/4673/921 1272/4674/947

vt 4.09068 -0.192559
vt 4.66023 0.71568
vt 4.78786 0.352719
f 1246/4675/921 1244/4676/919 1272/4677/947

vt 3.95806 -2.51032
vt 4.06957 -2.14209
v 48.6809 16.6461 -20.5218
vt 4.56547 -2.37543
vn -0.185544 -0.949548 0.252847
f 1272/4678/947 1244/4679/919 1273/4680/948

vt 4.9918 -1.23572
vt 4.46069 -1.10047
v 49.2404 16.7222 -19.9474
vt 5.94437 -0.929469
vn -0.195405 -0.928095 0.31695
f 1273/4681/948 1244/4682/919 1274/4683/949

vt 6.03553 0.88086
vt 4.6974 0.217574
vt 6.39727 1.39963
f 1274/4684/949 1244/4685/919 1243/4686/918

vt -3.01674 5.07786
vt -3.62968 5.23367
v 48.9146 16.9029 -19.8166
vt -2.71479 5.2664
vn -0.583767 -0.559908 0.587979
f 1274/4687/949 1243/4688/918 1275/4689/950

vt -6.10027 0.160186
vt -6.50078 -0.663038
v 50.2415 16.6684 -19.0295
vt -7.48478 -1.13348
vn -0.229359 -0.954981 0.188164
f 1275/4690/950 1243/4691/918 1276/4692/951

vt 6.11603 -1.92673
vt 8.15024 -1.34221
vt 7.20651 -1.9471
f 1243/4693/918 1241/4694/916 1276/4695/951

vt 7.12099 -2.14851
vt 8.08383 -1.57454
v 51.023 16.6324 -18.4201
vt 8.33184 -1.95457
vn -0.0336245 -0.999414 0.00643277
f 1276/4696/951 1241/4697/916 1277/4698/952

vt 8.41193 -1.66512
vt 8.15155 -1.29346
v 52.1269 16.617 -17.0622
vt 10.5807 -1.58603
vn -0.214894 -0.957613 0.19183
f 1277/4699/952 1241/4700/916 1278/4701/953

vt 10.4999 -2.07764
vt 8.08225 -1.70214
vt 10.1684 -1.44085
f 1278/4702/953 1241/4703/916 1239/4704/914

vt 10.5274 -1.9579
vt 10.1888 -1.32484
v 53.0752 16.5312 -16.8305
vt 11.5221 -1.43976
vn 0.141308 -0.970955 -0.193074
f 1278/4705/953 1239/4706/914 1279/4707/954

vt 10.2578 -0.386257
vt 11.4338 0.0988011
vt 11.5948 -0.443531
f 1239/4708/914 1238/4709/913 1279/4710/954

vt 11.1043 -1.57176
vt 11.783 -1.26526
vt 11.186 -2.13155
f 1238/4711/913 1237/4712/912 1279/4713/954

vt 11.3581 -1.65566
vt 11.9137 -0.762248
v 55.1973 16.3876 -14.8167
vt 14.9943 -1.54468
vn 0.255584 -0.917331 -0.305254
f 1279/4714/954 1237/4715/912 1280/4716/955

vt 15.1183 -0.526889
vt 12.0054 0.115088
vt 16.7419 0.0883047
f 1280/4717/955 1237/4718/912 1236/4719/911

vt 15.019 -0.811352
vt 16.662 -0.250238
v 56.3685 16.2907 -13.5293
vt 17.1848 -0.845402
vn 0.264079 -0.886558 -0.37984
f 1280/4720/955 1236/4721/911 1281/4722/956

vt 17.0533 -1.44575
vt 16.5488 -0.835045
v 58.2248 15.7986 -10.76
vt 21.1426 -2.25616
vn 0.355604 -0.826771 -0.435884
f 1281/4723/956 1236/4724/911 1282/4725/957

vt 16.7493 0.801214
v 57.3305 17.0906 -14.36
vt 17.2735 1.8837
vn 0.653977 -0.529419 -0.540398
v 57.836 16.7118 -13.0176
vt 18.9543 1.2395
vn 0.643538 -0.513984 -0.567168
vt 21.4147 -0.363542
f 1236/4726/911 1283/4727/958 1284/4728/959 1282/4729/957 

vt 16.7864 1.2412
vt 15.1831 1.86179
vt 17.2799 2.33799
f 1236/4730/911 1235/4731/910 1283/4732/958

vt 17.2836 2.29596
vt 15.185 1.82744
vt 14.9339 3.14177
f 1283/4733/958 1235/4734/910 1234/4735/909

vt 17.2477 2.58087
vt 14.8848 3.38899
v 57.4199 18.2913 -16.4025
vt 15.2976 4.57137
vn 0.690409 -0.478985 -0.542133
f 1283/4736/958 1234/4737/909 1285/4738/960

vt 14.9246 3.24455
vt 13.0321 4.47003
vt 15.3487 4.42295
f 1234/4739/909 1228/4740/903 1285/4741/960

vt 15.3484 4.42351
vt 13.0317 4.47042
v 57.6004 19.1508 -17.4471
vt 14.4593 5.77809
vn 0.712211 -0.431902 -0.553368
f 1285/4742/960 1228/4743/903 1286/4744/961

vt 14.5202 5.61157
vt 13.0769 4.32127
vt 13.7326 6.31794
f 1286/4745/961 1228/4746/903 1226/4747/901

vt 14.4477 5.73302
vt 13.6533 6.4317
vt 14.5845 8.21322
f 1286/4748/961 1226/4749/901 1225/4750/900

v 58.5842 19.2183 -15.2137
vt 17.1498 5.7974
vn 0.7227 -0.444114 -0.529591
vt 14.2205 5.91302
vt 14.3275 8.39469
f 1287/4751/962 1286/4752/961 1225/4753/900

v 58.2612 17.9933 -14.1489
vt 17.9908 4.01813
vn 0.714061 -0.441812 -0.543065
vt 14.2223 5.94547
vt 17.1516 5.82962
f 1288/4754/963 1286/4755/961 1287/4756/962

vt 18.0713 4.02895
vt 15.2247 4.63747
vt 14.3138 5.97748
f 1288/4757/963 1285/4758/960 1286/4759/961

vt 17.2113 2.68007
vt 15.2477 4.65723
vt 18.0928 4.04196
f 1283/4760/958 1285/4761/960 1288/4762/963

vt 18.9707 1.83137
vt 17.275 2.43547
vt 18.1743 3.78576
f 1284/4763/959 1283/4764/958 1288/4765/963

v 58.4257 16.9081 -12.3661
vt 20.0519 2.09591
vn 0.709006 -0.430338 -0.558676
vt 18.9726 1.81526
vt 18.1778 3.77033
f 1289/4766/964 1284/4767/959 1288/4768/963

v 58.9748 15.689 -9.88707
vt 22.8987 0.214551
vn 0.71063 -0.52011 -0.473804
vt 18.974 1.80056
vt 20.0536 2.0804
f 1290/4769/965 1284/4770/959 1289/4771/964

vt 21.2575 -1.20288
vt 18.8463 0.473364
vt 22.6906 -1.29872
f 1282/4772/957 1284/4773/959 1290/4774/965

vt 21.0789 -3.16433
vt 22.5078 -3.30905
v 58.9221 15.6562 -9.66972
vt 22.6514 -3.49237
vn 0.11415 -0.939547 0.322832
f 1282/4775/957 1290/4776/965 1291/4777/966

vt 19.5482 1.39958
vt 19.3414 1.50662
v 59.076 16.0285 -9.70984
vt 19.5981 1.9002
vn 0.851223 -0.182392 0.49209
f 1291/4778/966 1290/4779/965 1292/4780/967

vt 21.3951 -0.00512707
v 59.3218 17.4491 -11.2832
vt 20.2199 2.50354
vn 0.805569 -0.366861 -0.465265
vt 21.6551 0.386377
f 1290/4781/965 1293/4782/968 1292/4783/967

vt 19.996 2.2042
vt 21.7171 2.88884
vt 22.858 0.364345
f 1289/4784/964 1293/4785/968 1290/4786/965

vt 18.0832 3.92615
vt 21.6968 2.96094
vt 19.9767 2.27376
f 1288/4787/963 1293/4788/968 1289/4789/964

vt 18.096 3.94119
v 59.7299 19.4185 -13.2756
vt 20.0207 5.92599
vn 0.765657 -0.396175 -0.506769
vt 21.7086 2.97238
f 1288/4790/963 1294/4791/969 1293/4792/968

vt 17.2796 5.73866
vt 20.0315 5.90415
vt 18.1051 3.9209
f 1287/4793/962 1294/4794/969 1288/4795/963

vt 17.2838 5.69144
v 59.8915 20.131 -13.8423
vt 19.5881 6.88731
vn 0.760417 -0.424239 -0.491719
vt 20.0357 5.85615
f 1287/4796/962 1295/4797/970 1294/4798/969

vt 16.9167 6.53474
v 59.413 19.9039 -14.7658
vt 17.9274 7.57102
vn 0.728772 -0.459838 -0.507386
vt 19.1868 7.79446
f 1287/4799/962 1296/4800/971 1295/4801/970

vt 17.3183 5.7198
v 59.4251 21.4367 -17.0764
vt 16.0909 9.11362
vn 0.725142 -0.367546 -0.582305
vt 18.367 6.71756
f 1287/4802/962 1297/4803/972 1296/4804/971

vt 14.5647 8.29597
vt 16.133 9.05489
vt 17.3475 5.65641
f 1225/4805/900 1297/4806/972 1287/4807/962

vt 14.6988 8.04341
v 58.8287 23.708 -18.9711
vt 13.9172 11.6972
vn 0.704463 -0.321044 -0.632979
vt 16.2757 8.78435
f 1225/4808/900 1298/4809/973 1297/4810/972

vt 11.403 11.4759
vt 13.9222 11.6979
vt 14.7037 8.04406
f 1173/4811/848 1298/4812/973 1225/4813/900

v 60.0983 25.3406 -18.3277
vt 15.487 13.8794
vn 0.715255 -0.310987 -0.625857
vt 13.9228 11.6906
vt 11.4035 11.4686
f 1299/4814/974 1298/4815/973 1173/4816/848

vt 15.4056 13.9449
v 59.8917 23.8292 -17.498
vt 16.0844 11.9053
vn 0.74078 -0.318379 -0.591506
vt 13.8443 11.754
f 1299/4817/974 1300/4818/975 1298/4819/973

v 60.8498 25.0257 -16.9604
vt 17.3032 13.5069
vn 0.748185 -0.354472 -0.560864
vt 16.0745 11.9077
vt 15.3952 13.947
f 1301/4820/976 1300/4821/975 1299/4822/974

v 60.9098 24.0365 -15.5982
vt 18.4846 12.2547
vn 0.792124 -0.316573 -0.521844
vt 15.8644 12.1155
vt 17.0819 13.7233
f 1302/4823/977 1300/4824/975 1301/4825/976

vt 15.9062 11.2669
vt 18.5265 11.4069
v 60.5487 23.0282 -16.0646
vt 17.8114 10.1964
vn 0.775626 -0.283528 -0.563929
f 1300/4826/975 1302/4827/977 1303/4828/978

vt 17.505 10.2556
vt 18.233 11.4584
v 60.9669 22.7677 -14.8403
vt 19.0248 9.80042
vn 0.812626 -0.321606 -0.486013
f 1303/4829/978 1302/4830/977 1304/4831/979

v 61.3346 23.6758 -14.164
vt 19.8255 10.6868
vn 0.868254 -0.24373 -0.432123
vt 18.877 9.64756
vt 18.091 11.3083
f 1305/4832/980 1304/4833/979 1302/4834/977

v 60.8286 21.907 -13.5601
vt 19.151 9.08949
vn 0.861071 -0.343629 -0.374801
vt 17.9322 10.4444
vt 18.8889 11.4761
f 1306/4835/981 1304/4836/979 1305/4837/980

v 60.3549 20.6447 -12.9973
vt 19.9867 7.71361
vn 0.834726 -0.374139 -0.404045
vt 18.5196 10.8515
vt 19.7326 9.49135
f 1307/4838/982 1304/4839/979 1306/4840/981

v 60.2131 21.783 -15.8049
vt 17.2485 9.67948
vn 0.771115 -0.377776 -0.51251
vt 18.7403 10.8684
vt 20.196 7.72517
f 1308/4841/983 1304/4842/979 1307/4843/982

vt 17.6333 10.7748
vt 19.1538 10.3222
vt 17.6568 9.13995
f 1303/4844/978 1304/4845/979 1308/4846/983

vt 16.0159 8.77446
vt 17.8215 10.781
vt 17.8453 9.14616
f 1297/4847/972 1303/4848/978 1308/4849/983

vt 16.1524 8.66417
vt 16.0435 11.7324
vt 17.9551 10.6734
f 1297/4850/972 1300/4851/975 1303/4852/978

vt 13.8539 11.6086
vt 16.094 11.76
vt 16.2077 8.69197
f 1298/4853/973 1300/4854/975 1297/4855/972

vt 15.912 9.21339
vt 17.7405 9.58961
vt 18.2142 6.84239
f 1297/4856/972 1308/4857/983 1296/4858/971

vt 17.5819 9.68125
vt 19.3338 7.14966
vt 18.0725 6.93701
f 1308/4859/983 1295/4860/970 1296/4861/971

vt 18.9855 7.12872
vt 17.2103 9.64406
vt 20.1592 7.69181
f 1295/4862/970 1308/4863/983 1307/4864/982

vt 19.0587 6.97095
vt 20.233 7.5327
vt 19.5209 5.94625
f 1295/4865/970 1307/4866/982 1294/4867/969

vt 19.3233 6.08057
vt 20.0311 7.66898
v 59.9074 19.335 -12.2866
vt 20.4513 5.81034
vn 0.833213 -0.360665 -0.419138
f 1294/4868/969 1307/4869/982 1309/4870/984

vt 19.6069 5.79474
vt 19.1711 7.64979
v 60.0387 19.5808 -11.6461
vt 20.3625 5.97844
vn 0.894663 -0.329957 -0.301175
f 1309/4871/984 1307/4872/982 1310/4873/985

vt 19.3398 5.28771
vt 18.1456 6.95708
v 60.4365 21.2026 -11.9055
vt 19.3815 7.3862
vn 0.954579 -0.282858 -0.0936481
f 1310/4874/985 1307/4875/982 1311/4876/986

vt 17.3647 9.15719
v 60.6016 21.2484 -12.677
vt 17.8497 9.8854
vn 0.892602 -0.35613 -0.276466
vt 18.5981 9.59316
f 1307/4877/982 1312/4878/987 1311/4879/986

vt 19.0096 7.78635
vt 18.7368 9.56131
vt 19.5093 8.50461
f 1307/4880/982 1306/4881/981 1312/4882/987

vt 18.7358 8.01732
vt 17.9599 9.07155
v 61.4151 23.9941 -13.4096
vt 18.5529 11.6834
vn 0.938355 -0.249905 -0.238826
f 1312/4883/987 1306/4884/981 1313/4885/988

vt 18.8328 11.6174
vt 18.2394 9.0056
vt 17.9753 11.392
f 1313/4886/988 1306/4887/981 1305/4888/980

vt 19.3404 9.59088
vt 18.4842 9.36071
v 61.4014 24.3371 -13.6183
vt 19.1394 10.0475
vn 0.903582 -0.26183 -0.339093
f 1313/4889/988 1305/4890/980 1314/4891/989

vt 18.6519 9.24201
v 61.2951 24.2506 -14.472
vt 18.3476 9.9948
vn 0.829731 -0.350119 -0.434698
vt 19.3042 9.93157
f 1305/4892/980 1315/4893/990 1314/4894/989

vt 19.7634 10.4311
vt 18.0299 11.0555
vt 19.4361 11.1741
f 1305/4895/980 1302/4896/977 1315/4897/990

v 61.6608 24.8796 -14.6377
vt 19.3583 13.8286
vn 0.825228 -0.360793 -0.434542
vt 19.2852 12.9153
vt 17.8791 12.7962
f 1316/4898/991 1315/4899/990 1302/4900/977

v 61.6671 24.7816 -14.0883
vt 19.498 13.8362
vn 0.882224 -0.35126 -0.313522
vt 18.8635 13.1671
vt 18.9255 14.0812
f 1317/4901/992 1315/4902/990 1316/4903/991

vt 19.5344 13.4215
vt 18.5779 13.4847
vt 19.2071 14.1587
f 1314/4904/989 1315/4905/990 1317/4906/992

vt 17.1891 13.2948
vt 16.833 14.0186
v 61.3211 24.5069 -12.8313
vt 18.0064 13.2849
vn 0.964663 -0.258262 -0.0522144
f 1314/4907/989 1317/4908/992 1318/4909/993

vt 17.5269 12.6344
vt 16.3512 13.3644
v 61.712 25.4628 -13.3059
vt 17.2631 13.9989
vn 0.961421 -0.265496 -0.0719866
f 1318/4910/993 1317/4911/992 1319/4912/994

vt 18.0812 12.8233
vt 17.1693 12.1888
v 62.0987 27.1434 -13.8371
vt 17.8448 15.0522
vn 0.94473 -0.259772 -0.200011
f 1319/4913/994 1317/4914/992 1320/4915/995

vt 18.3374 12.0169
v 62.0265 26.8001 -14.6894
vt 18.0346 14.6549
vn 0.867862 -0.252979 -0.427571
vt 18.9938 14.8848
f 1317/4916/992 1321/4917/996 1320/4918/995

vt 18.3192 14.732
vt 18.6278 12.0947
vt 18.0538 12.3361
f 1321/4919/996 1317/4920/992 1316/4921/991

vt 18.9859 14.7639
vt 18.7351 12.3664
v 61.6575 25.6393 -15.6739
vt 17.691 13.5025
vn 0.81124 -0.30315 -0.49999
f 1321/4922/996 1316/4923/991 1322/4924/997

vt 19.73 13.2915
vt 18.2412 12.2729
vt 18.6854 14.4272
f 1316/4925/991 1302/4926/977 1322/4927/997

vt 18.7799 14.3822
vt 18.3322 12.2287
vt 16.9236 13.6916
f 1322/4928/997 1302/4929/977 1301/4930/976

vt 18.8484 14.2141
vt 16.9915 13.525
v 61.3029 25.9962 -16.8261
vt 17.445 14.7844
vn 0.779099 -0.260075 -0.570408
f 1322/4931/997 1301/4932/976 1323/4933/998

vt 17.7329 14.6756
vt 17.2789 13.4164
vt 15.3708 13.856
f 1323/4934/998 1301/4935/976 1299/4936/974

vt 17.7697 14.5463
vt 15.4083 13.7245
v 60.382 26.8731 -18.5151
vt 15.4028 15.6686
vn 0.770905 -0.22022 -0.597669
f 1323/4937/998 1299/4938/974 1324/4939/999

vt 15.4142 13.729
v 59.914 27.7689 -19.539
vt 14.0323 16.8125
vn 0.730396 -0.241487 -0.63891
vt 15.4082 15.673
f 1299/4940/974 1325/4941/1000 1324/4942/999

vt 15.4885 13.8653
v 58.0352 26.1243 -20.9386
vt 11.326 14.7123
vn 0.687536 -0.272489 -0.673085
vt 14.0919 16.9422
f 1299/4943/974 1326/4944/1001 1325/4945/1000

vt 11.4059 11.4634
vt 11.3265 14.7215
vt 15.489 13.8747
f 1173/4946/848 1326/4947/1001 1299/4948/974

vt 7.58382 13.7586
vt 11.3244 14.7343
vt 11.4074 11.4763
f 1172/4949/847 1326/4950/1001 1173/4951/848

v 56.7067 27.9449 -22.8752
vt 8.32788 16.886
vn 0.655414 -0.238259 -0.716704
vt 11.323 14.7329
vt 7.58258 13.7567
v 56.0316 26.97 -23.1563
vt 7.55972 15.5814
vn 0.625336 -0.235397 -0.744005
f 1327/4952/1002 1326/4953/1001 1172/4954/847 1328/4955/1003 

v 57.6054 28.4565 -22.0204
vt 9.84601 17.502
vn 0.722057 -0.219498 -0.65609
vt 11.3269 14.636
vt 8.33879 16.7987
f 1329/4956/1004 1326/4957/1001 1327/4958/1002

vt 9.83228 17.3412
v 58.2475 28.5771 -21.1759
vt 11.1404 17.5002
vn 0.698624 -0.193818 -0.688737
vt 11.2896 14.4632
f 1329/4959/1004 1330/4960/1005 1326/4961/1001

v 57.3976 30.0305 -22.3395
vt 9.30358 18.9867
vn 0.711931 -0.1122 -0.693228
vt 11.1448 17.2492
vt 9.8369 17.088
f 1331/4962/1006 1330/4963/1005 1329/4964/1004

vt 9.29934 18.8107
v 58.3322 30.4004 -20.9935
vt 11.3081 19.254
vn 0.705013 -0.100105 -0.702094
vt 11.1303 17.0623
f 1331/4965/1006 1332/4966/1007 1330/4967/1005

v 57.8754 31.4705 -21.3781
vt 10.537 20.1278
vn 0.75973 0.00995677 -0.650163
vt 11.3094 18.8674
vt 9.30301 18.4137
f 1333/4968/1008 1332/4969/1007 1331/4970/1006

v 58.024 31.9416 -20.6846
vt 11.2203 18.9588
vn 0.710404 0.0718765 -0.700115
vt 11.0855 17.1596
vt 10.4085 18.4737
f 1334/4971/1009 1332/4972/1007 1333/4973/1008

vt 10.4348 19.9989
vt 10.1288 21.7769
v 58.7569 31.2071 -20.5599
vt 11.0397 21.0711
vn 0.670978 -0.00988864 -0.741412
f 1332/4974/1007 1334/4975/1009 1335/4976/1010

v 58.2851 32.1876 -20.4071
vt 10.9663 21.2207
vn 0.667712 0.166976 -0.725451
vt 11.4184 20.1263
vt 10.5353 20.8667
f 1336/4977/1011 1335/4978/1010 1334/4979/1009

v 59.3865 31.6267 -19.5737
vt 13.3687 18.8164
vn 0.750137 0.0759519 -0.656906
vt 11.9692 18.2575
vt 11.6423 19.3956
f 1337/4980/1012 1335/4981/1010 1336/4982/1011

vt 13.3812 18.9409
v 59.4521 31.023 -19.8967
vt 13.1809 18.2235
vn 0.748912 -0.0459949 -0.661072
vt 11.9792 18.3885
f 1337/4983/1012 1338/4984/1013 1335/4985/1010

v 60.0488 30.5632 -19.1927
vt 14.3059 17.0322
vn 0.778619 -0.0754115 -0.622949
vt 13.1645 17.6096
vt 13.4244 18.3076
f 1339/4986/1014 1338/4987/1013 1337/4988/1012

v 59.7508 29.1434 -19.9205
vt 13.5117 17.4138
vn 0.743217 -0.161691 -0.649219
vt 13.2199 19.6347
vt 14.3819 19.0998
f 1340/4989/1015 1338/4990/1013 1339/4991/1014

vt 13.5273 17.5769
v 59.1486 29.95 -20.4981
vt 12.4567 18.5076
vn 0.679384 -0.137583 -0.720769
vt 13.213 19.7947
f 1340/4992/1015 1341/4993/1016 1338/4994/1013

v 59.2869 28.6507 -20.3326
vt 12.7544 17.7944
vn 0.6766 -0.218119 -0.703304
vt 12.3908 19.3466
vt 13.4857 18.4445
f 1342/4995/1017 1341/4996/1016 1340/4997/1015

vt 12.7034 17.9223
vt 11.0581 17.6839
vt 12.327 19.4715
f 1342/4998/1017 1330/4999/1005 1341/5000/1016

vt 11.2881 14.7324
vt 11.0717 17.7654
vt 12.7174 18.0012
f 1326/5001/1001 1330/5002/1005 1342/5003/1017

vt 11.3206 14.6912
vt 12.7681 17.9519
vt 14.0774 16.9323
f 1326/5004/1001 1342/5005/1017 1325/5006/1000

vt 14.0914 16.7975
vt 12.7864 17.8227
vt 13.5232 18.4664
f 1325/5007/1000 1342/5008/1017 1340/5009/1015

vt 13.9154 16.1544
vt 13.3981 17.8398
v 60.3657 28.9324 -18.817
vt 14.9422 17.532
vn 0.788976 -0.17687 -0.588416
f 1325/5010/1000 1340/5011/1015 1343/5012/1018

vt 14.9133 17.0529
vt 13.3702 17.3657
vt 14.2905 19.0249
f 1343/5013/1018 1340/5014/1015 1339/5015/1014

vt 14.9565 17.1839
vt 14.3223 19.1524
v 60.7969 30.9906 -17.8626
vt 16.1773 19.6087
vn 0.776352 -0.0945113 -0.623174
f 1343/5016/1018 1339/5017/1014 1344/5018/1019

vt 16.2135 18.616
vt 14.3653 18.1331
v 60.0464 31.5081 -18.744
vt 14.7667 19.2359
vn 0.763137 -0.0041782 -0.646224
f 1344/5019/1019 1339/5020/1014 1345/5021/1020

vt 14.3825 18.2664
vt 13.4463 19.5023
vt 14.7644 19.3761
f 1339/5022/1014 1337/5023/1012 1345/5024/1020

v 59.6504 32.2268 -18.7553
vt 14.4144 18.9852
vn 0.733969 0.153105 -0.661701
vt 14.7679 18.1431
vt 13.4507 18.2774
f 1346/5025/1021 1345/5026/1020 1337/5027/1012

v 61.2515 32.4035 -16.6626
vt 17.6191 19.8236
vn 0.746866 0.0293714 -0.664326
vt 14.7425 18.6997
vt 14.368 19.5327
f 1347/5028/1022 1345/5029/1020 1346/5030/1021

vt 16.2196 19.0134
vt 14.769 19.6242
vt 17.6752 20.6689
f 1344/5031/1019 1345/5032/1020 1347/5033/1022

v 61.4745 31.0623 -16.7755
vt 17.7754 19.0936
vn 0.776729 -0.15005 -0.6117
vt 16.2048 19.0343
vt 17.6786 20.6736
f 1348/5034/1023 1344/5035/1019 1347/5036/1022

vt 17.7729 19.6971
vt 14.9979 17.2064
vt 16.2023 19.6394
f 1348/5037/1023 1343/5038/1018 1344/5039/1019

v 60.9299 28.4773 -17.5294
vt 16.4961 16.86
vn 0.787463 -0.188195 -0.586928
vt 14.8094 17.5183
vt 17.634 19.9525
f 1349/5040/1024 1343/5041/1018 1348/5042/1023

vt 15.1105 14.9156
vt 14.7982 17.446
vt 16.4844 16.7865
f 1324/5043/999 1343/5044/1018 1349/5045/1024

vt 15.2144 15.0367
vt 13.8524 16.1927
vt 14.8861 17.5651
f 1324/5046/999 1325/5047/1000 1343/5048/1018

vt 16.6519 16.7319
v 61.3907 27.2654 -16.7788
vt 17.7542 15.2429
vn 0.792852 -0.189812 -0.5791
vt 15.3061 14.8407
f 1349/5049/1024 1350/5050/1025 1324/5051/999

v 62.1865 29.72 -15.414
vt 19.6526 18.2184
vn 0.799926 -0.209075 -0.5625
vt 17.7707 15.3088
vt 16.6656 16.7958
f 1351/5052/1026 1350/5053/1025 1349/5054/1024

vt 19.4055 18.227
v 61.7695 26.7439 -15.7455
vt 18.7621 14.619
vn 0.831474 -0.220314 -0.510012
vt 17.4638 15.357
f 1351/5055/1026 1352/5056/1027 1350/5057/1025

vt 18.8624 18.0389
vt 19.4029 14.348
vt 18.1526 14.4435
f 1351/5058/1026 1321/5059/996 1352/5060/1027

v 62.47 29.6066 -14.6614
vt 20.3384 18.2391
vn 0.83844 -0.248865 -0.484855
vt 19.9824 14.7732
vt 19.3856 18.4554
f 1353/5061/1028 1321/5062/996 1351/5063/1026

v 62.6224 29.9159 -13.9926
vt 20.2344 18.244
vn 0.907336 -0.269846 -0.322374
vt 19.0094 14.526
vt 19.4346 17.9841
f 1354/5064/1029 1321/5065/996 1353/5066/1028

vt 18.0205 14.7184
vt 19.2834 18.4237
vt 18.9797 14.9482
f 1321/5067/996 1354/5068/1029 1320/5069/995

vt 15.3339 15.045
vt 15.6931 18.5152
v 62.2867 29.1755 -13.302
vt 16.2221 17.3729
vn 0.962462 -0.242031 0.122836
f 1320/5070/995 1354/5071/1029 1355/5072/1030

vt 17.8325 18.1529
vt 17.3019 19.2945
v 62.8741 31.1896 -13.5875
vt 17.9546 20.7808
vn 0.954381 -0.297385 -0.0268
f 1355/5073/1030 1354/5074/1029 1356/5075/1031

vt 20.4953 19.7766
vt 19.8565 18.2842
v 62.8376 31.4064 -14.3961
vt 19.6419 20.2091
vn 0.823058 -0.258825 -0.505554
f 1356/5076/1031 1354/5077/1029 1357/5078/1032

vt 19.9661 20.3327
vt 20.1883 18.4087
vt 19.3884 18.1493
f 1357/5079/1032 1354/5080/1029 1353/5081/1028

vt 20.3339 18.2035
vt 19.3812 18.42
vt 20.8693 20.3976
f 1353/5082/1028 1351/5083/1026 1357/5084/1032

v 61.9331 31.8498 -15.999
vt 18.8357 20.9401
vn 0.754748 -0.132759 -0.642441
vt 21.0899 20.3327
vt 19.6347 18.3306
f 1358/5085/1033 1357/5086/1032 1351/5087/1026

vt 21.105 20.6425
vt 18.8492 21.2441
v 63.2714 33.2677 -14.0763
vt 21.7062 22.9245
vn 0.757011 0.0904576 -0.64711
f 1357/5088/1032 1358/5089/1033 1359/5090/1034

vt 21.3919 22.5639
vt 18.6385 20.7186
v 62.3817 32.6491 -15.2135
vt 19.6609 21.7237
vn 0.705059 0.0886394 -0.703587
f 1359/5091/1034 1358/5092/1033 1360/5093/1035

vt 18.8241 20.6311
vt 17.6186 21.2515
vt 19.8813 21.5994
f 1358/5094/1033 1347/5095/1022 1360/5096/1035

vt 17.763 19.7399
vt 17.6132 21.3158
vt 18.8195 20.6968
f 1348/5097/1023 1347/5098/1022 1358/5099/1033

vt 19.6172 18.2717
vt 17.7316 19.9667
vt 18.8237 20.8828
f 1351/5100/1026 1348/5101/1023 1358/5102/1033

vt 16.6363 16.9235
vt 17.7404 20.0282
vt 19.6282 18.3357
f 1349/5103/1024 1348/5104/1023 1351/5105/1026

vt 19.7618 19.4885
vt 17.5095 19.0785
v 61.8714 32.9303 -15.5284
vt 19.0227 19.785
vn 0.657983 0.35132 -0.666058
f 1360/5106/1035 1347/5107/1022 1361/5108/1036

vt 19.0347 19.8198
vt 17.5197 19.1172
v 60.136 32.6745 -17.6623
vt 15.6487 19.3459
vn 0.660402 0.410651 -0.628677
f 1361/5109/1036 1347/5110/1022 1362/5111/1037

vt 17.5675 17.2183
vt 14.3224 16.8676
vt 15.6999 17.4738
f 1347/5112/1022 1346/5113/1021 1362/5114/1037

vt 15.6851 17.3958
vt 14.3104 16.7831
v 58.6083 32.5657 -19.5682
vt 12.669 17.1274
vn 0.679849 0.378963 -0.627847
f 1362/5115/1037 1346/5116/1021 1363/5117/1038

vt 14.248 18.5631
vt 13.3334 17.7929
vt 12.5999 18.874
f 1346/5118/1021 1337/5119/1012 1363/5120/1038

vt 12.7691 17.5939
vt 13.4397 16.4728
vt 11.7381 17.1215
f 1363/5121/1038 1337/5122/1012 1336/5123/1011

vt 12.5023 16.275
vt 11.5182 15.7113
v 57.6799 32.7472 -20.2876
vt 11.0423 16.392
vn 0.639535 0.477253 -0.602681
f 1363/5124/1038 1336/5125/1011 1364/5126/1039

vt 10.018 20.9962
vt 9.62424 20.6012
vt 9.39271 21.5428
f 1336/5127/1011 1334/5128/1009 1364/5129/1039

vt 11.4175 16.8182
vt 11.2338 15.8661
v 57.66 32.3676 -20.8789
vt 10.7987 16.4131
vn 0.732781 0.234124 -0.63892
f 1364/5130/1039 1334/5131/1009 1365/5132/1040

vt 11.3192 17.7249
vt 10.5391 17.1904
vt 10.8471 18.2402
f 1334/5133/1009 1333/5134/1008 1365/5135/1040

vt 10.5737 19.0722
vt 10.3932 17.9931
v 56.2827 31.9973 -22.5635
vt 7.91739 18.4517
vn 0.697928 0.0697704 -0.712761
f 1365/5136/1040 1333/5137/1008 1366/5138/1041

vt 7.82353 20.4905
vt 10.3086 20.0853
vt 9.18505 18.2969
f 1366/5139/1041 1333/5140/1008 1331/5141/1006

v 56.1396 31.3748 -22.9722
vt 7.4759 19.4434
vn 0.675086 -0.047368 -0.736217
vt 7.91214 20.203
vt 9.2365 17.9868
f 1367/5142/1042 1366/5143/1041 1331/5144/1006

v 53.4991 32.2919 -24.8142
vt 3.35669 20.1336
vn 0.662534 -0.0900946 -0.743594
vt 7.7986 20.1898
vt 7.37938 19.4207
f 1368/5145/1043 1366/5146/1041 1367/5147/1042

v 53.7497 32.9045 -24.3832
vt 3.89503 21.3041
vn 0.697476 0.0322204 -0.715883
vt 7.80056 20.5901
vt 3.35863 20.5354
f 1369/5148/1044 1366/5149/1041 1368/5150/1043

v 54.7117 32.8052 -23.4746
vt 5.7015 18.7796
vn 0.709361 0.185424 -0.680018
vt 7.93489 17.9555
vt 4.05389 18.7927
f 1370/5151/1045 1366/5152/1041 1369/5153/1044

v 56.1077 32.6752 -22.1281
vt 8.12819 18.6327
vn 0.689555 0.31708 -0.651133
vt 7.94458 17.8077
vt 5.71376 18.6387
f 1371/5154/1046 1366/5155/1041 1370/5156/1045

vt 8.04975 18.7285
vt 10.5319 18.5478
vt 7.88203 17.9001
f 1371/5157/1046 1365/5158/1040 1366/5159/1041

v 54.9975 33.2228 -22.4839
vt 6.83143 14.8495
vn 0.577451 0.652944 -0.490117
vt 10.6237 13.9462
vt 8.14778 14.1982
f 1372/5160/1047 1365/5161/1040 1371/5162/1046

vt 11.0929 15.3368
vt 10.5846 14.7994
vt 6.78001 15.6494
f 1364/5163/1039 1365/5164/1040 1372/5165/1047

v 55.6861 33.23 -21.4886
vt 8.62404 6.93423
vn 0.33735 0.911644 -0.234736
vt 11.3711 6.06183
vt 7.13159 6.91329
f 1373/5166/1048 1364/5167/1039 1372/5168/1047

v 57.1522 33.0458 -20.1838
vt 10.7523 10.4632
vn 0.368956 0.878062 -0.30476
vt 11.1387 10.0132
vt 8.31031 10.568
f 1374/5169/1049 1364/5170/1039 1373/5171/1048

v 58.3649 32.9649 -19.0498
vt 12.5806 11.6896
vn 0.453102 0.787568 -0.417655
vt 10.934 11.1483
vt 10.5197 11.5727
f 1375/5172/1050 1364/5173/1039 1374/5174/1049

vt 12.828 12.7655
vt 12.6047 12.17
vt 11.1493 12.334
f 1375/5175/1050 1363/5176/1038 1364/5177/1039

v 59.8598 33.0587 -17.1684
vt 15.7227 13.299
vn 0.284475 0.922559 -0.260688
vt 12.5554 12.3276
vt 12.7684 12.9269
f 1376/5178/1051 1363/5179/1038 1375/5180/1050

vt 15.6196 12.9936
vt 15.4706 12.4012
vt 12.4772 11.9441
f 1376/5181/1051 1362/5182/1037 1363/5183/1038

v 60.6652 33.0884 -16.3257
vt 16.6522 14.3069
vn 0.228686 0.935875 -0.268032
vt 15.1235 13.447
vt 15.2263 14.0491
f 1377/5184/1052 1362/5185/1037 1376/5186/1051

vt 16.3873 14.4323
vt 18.1668 14.5038
vt 14.8954 13.51
f 1377/5187/1052 1361/5188/1036 1362/5189/1037

v 61.7056 33.1464 -15.3119
vt 18.2137 16.6367
vn 0.197288 0.927267 -0.318204
vt 18.2246 16.3266
vt 16.4445 16.27
f 1378/5190/1053 1361/5191/1036 1377/5192/1052

vt 17.1102 18.9633
v 62.3912 33.2757 -14.6404
vt 18.2229 19.4208
vn 0.150598 0.932439 -0.328449
vt 17.1598 18.657
f 1378/5193/1053 1379/5194/1054 1361/5195/1036

vt -19.7808 14.9745
vt -18.6888 14.4695
v 61.4684 33.1547 -15.1125
vt -18.7641 14.2089
vn -0.368027 0.866937 0.336118
f 1379/5196/1054 1378/5197/1053 1380/5198/1055

vt -19.3189 10.3378
vt -19.2928 10.6078
vt -17.5342 10.1936
f 1380/5199/1055 1378/5200/1053 1377/5201/1052

vt -19.3047 9.14803
vt -17.5224 8.97748
v 59.2269 33.1074 -16.7648
vt -16.0597 8.00111
vn -0.299885 0.901843 0.311044
f 1380/5202/1055 1377/5203/1052 1381/5204/1056

vt -16.0542 7.92392
vt -17.5383 8.86744
vt -16.1172 8.58458
f 1381/5205/1056 1377/5206/1052 1376/5207/1051

vt -15.6111 5.15977
vt -15.801 5.79567
v 58.8947 33.1352 -17.5175
vt -14.6516 5.41336
vn -0.191893 0.955621 0.223527
f 1381/5208/1056 1376/5209/1051 1382/5210/1057

vt -14.9965 4.84604
vt -16.0872 5.37301
v 58.9844 33.0885 -17.9575
vt -14.6457 5.12067
vn 0.135145 0.983775 -0.117995
f 1382/5211/1057 1376/5212/1051 1383/5213/1058

vt 9.46805 13.0745
vt 10.658 13.9264
vt 8.45943 11.9181
f 1383/5214/1058 1376/5215/1051 1375/5216/1050

vt 12.2837 10.6477
vt 10.9881 9.82558
v 58.1526 33.1055 -18.7894
vt 10.9193 10.1223
vn 0.101583 0.991882 -0.0764939
f 1383/5217/1058 1375/5218/1050 1384/5219/1059

vt 11.0816 9.87166
vt 11.1439 9.57352
v 57.1331 33.1588 -19.7104
vt 9.45523 9.35407
vn 0.152412 0.983024 -0.102152
f 1384/5220/1059 1375/5221/1050 1385/5222/1060

vt 6.73888 10.2479
vt 8.26546 11.0024
vt 6.61681 9.76031
f 1385/5223/1060 1375/5224/1050 1374/5225/1049

vt 8.0323 9.21895
vt 7.84154 8.75395
v 55.3182 33.3198 -21.2694
vt 5.3838 7.87051
vn -0.0971776 0.981506 0.164931
f 1385/5226/1060 1374/5227/1049 1386/5228/1061

vt -7.73545 0.123115
vt -10.3424 0.281166
vt -7.90471 0.460439
f 1386/5229/1061 1374/5230/1049 1373/5231/1048

vt -7.68814 0.0670389
vt -7.86091 0.402575
v 54.5193 33.3771 -22.5657
vt -5.89119 0.592873
vn 0.11709 0.993073 -0.00979051
f 1386/5232/1061 1373/5233/1048 1387/5234/1062

vt 8.60629 5.27784
vt 7.11406 5.24496
vt 6.64676 5.55393
f 1373/5235/1048 1372/5236/1047 1387/5237/1062

vt 7.03135 0.956026
vt 7.29617 0.46236
v 53.7345 33.4699 -23.5072
vt 5.73131 1.75585
vn 0.324563 0.929459 -0.175401
f 1387/5238/1062 1372/5239/1047 1388/5240/1063

vt 6.91566 12.3754
v 54.8032 33.0564 -23.0685
vt 6.23234 12.0949
vn 0.667278 0.464361 -0.58233
vt 4.90106 12.6269
f 1372/5241/1047 1389/5242/1064 1388/5243/1063

vt 7.03323 13.1127
vt 8.30529 12.3786
vt 6.33921 12.8599
f 1372/5244/1047 1371/5245/1046 1389/5246/1064

vt 6.13552 17.1097
vt 8.12945 16.7614
vt 5.71502 16.7683
f 1389/5247/1064 1371/5248/1046 1370/5249/1045

vt 6.27153 17.5462
vt 5.83831 17.2211
v 52.4287 33.5543 -25.3201
vt 2.19056 18.0022
vn 0.721162 0.321254 -0.613776
f 1389/5250/1064 1370/5251/1045 1390/5252/1065

vt 2.02424 20.9026
vt 5.69828 20.2563
vt 4.05066 20.2682
f 1390/5253/1065 1370/5254/1045 1369/5255/1044

vt 3.93664 21.3427
vt 3.39555 20.5773
vt 1.89798 21.9366
f 1369/5256/1044 1368/5257/1043 1390/5258/1065

vt 2.24843 20.928
vt 3.66714 19.4866
v 51.5522 33.8342 -26.2165
vt 0.679769 21.2143
vn 0.702532 0.0317228 -0.710944
f 1390/5259/1065 1368/5260/1043 1391/5261/1066

vt 0.0758607 23.0563
vt 3.17808 21.5445
v 52.0301 31.0649 -25.6142
vt 1.29541 19.7841
vn 0.527536 -0.235021 -0.816377
f 1391/5262/1066 1368/5263/1043 1392/5264/1067

vt 1.17253 19.7439
vt 3.03992 21.5205
v 53.4766 31.1274 -24.8131
vt 3.15685 20.1163
vn 0.602783 -0.185451 -0.776054
f 1392/5265/1067 1368/5266/1043 1393/5267/1068

vt 3.09589 21.5059
v 55.9128 30.3277 -23.3635
vt 6.73134 19.6194
vn 0.633529 -0.131982 -0.762379
vt 3.20725 20.1013
f 1368/5268/1043 1394/5269/1069 1393/5270/1068

vt 3.29134 21.029
vt 7.3212 20.3578
vt 6.88922 19.0718
f 1368/5271/1043 1367/5272/1042 1394/5273/1069

vt 7.27716 20.3757
vt 9.08976 18.9843
vt 6.85307 19.0871
f 1367/5274/1042 1331/5275/1006 1394/5276/1069

vt 6.85017 19.219
vt 9.08691 19.1172
v 57.0717 29.1694 -22.7171
vt 8.56421 18.0332
vn 0.66208 -0.177503 -0.728109
f 1394/5277/1069 1331/5278/1006 1395/5279/1070

vt 8.72399 17.9841
vt 9.30293 19.0391
vt 9.84304 17.1422
f 1395/5280/1070 1331/5281/1006 1329/5282/1004

vt 8.7159 18.2914
vt 9.843 17.4604
vt 8.33701 16.7546
f 1395/5283/1070 1329/5284/1004 1327/5285/1002

v 55.4659 29.4686 -23.6625
vt 6.16717 18.5331
vn 0.598954 -0.190468 -0.777802
vt 8.45648 18.4914
vt 8.12721 16.9432
f 1396/5286/1071 1395/5287/1070 1327/5288/1002

vt 6.72699 19.5641
vt 8.45853 18.404
vt 6.16923 18.4461
f 1394/5289/1069 1395/5290/1070 1396/5291/1071

vt 3.21717 20.046
vt 6.74085 19.5612
vt 6.1816 18.444
f 1393/5292/1068 1394/5293/1069 1396/5294/1071

vt 3.11367 20.1694
vt 6.09047 18.5905
v 54.5325 28.7298 -24.083
vt 4.96858 17.4987
vn 0.600811 -0.187042 -0.777201
f 1393/5295/1068 1396/5296/1071 1397/5297/1072

vt 4.97645 17.4977
vt 6.09894 18.5889
vt 7.32572 15.6885
f 1397/5298/1072 1396/5299/1071 1328/5300/1003

vt 6.11899 18.579
vt 8.08478 16.9961
vt 7.34194 15.6769
f 1396/5301/1071 1327/5302/1002 1328/5303/1003

vt 7.42403 15.517
vt 5.54021 14.5481
vt 5.09456 17.3516
f 1328/5304/1003 1171/5305/846 1397/5306/1072

vt 7.52906 15.5982
vt 7.55598 13.7735
vt 5.63336 14.6528
f 1328/5307/1003 1172/5308/847 1171/5309/846

vt 4.97414 17.4338
vt 5.45594 14.6363
vt 4.09507 14.9504
f 1397/5310/1072 1171/5311/846 1156/5312/831

vt 5.42255 14.7316
vt 3.69309 13.805
vt 4.0606 15.041
f 1171/5313/846 1158/5314/833 1156/5315/831

vt 5.02739 17.4212
vt 4.1353 14.9425
vt 3.27986 16.2387
f 1397/5316/1072 1156/5317/831 1155/5318/830

vt 5.05821 17.4371
vt 3.30719 16.2598
vt 3.22267 20.1211
f 1397/5319/1072 1155/5320/830 1393/5321/1068

vt 3.16463 20.1353
vt 3.26547 16.2743
vt 1.18009 19.764
f 1393/5322/1068 1155/5323/830 1392/5324/1067

vt 2.96341 16.3549
vt 1.02332 16.8987
vt 0.807756 19.8016
f 1155/5325/830 1154/5326/829 1392/5327/1067

vt 0.715161 16.8996
v 51.1759 29.8097 -25.5833
vt -0.161035 18.029
vn 0.383942 -0.247219 -0.889647
vt 0.466283 19.7998
f 1154/5328/829 1398/5329/1073 1392/5330/1067

vt -0.381064 17.9179
vt 0.50009 16.7924
vt -0.343383 15.6085
f 1398/5331/1073 1154/5332/829 1150/5333/825

v 50.9618 31.4044 -25.8376
vt -1.15538 19.7787
vn 0.0650813 -0.249547 -0.966173
vt -0.50388 17.9158
vt -0.464322 15.6064
f 1399/5334/1074 1398/5335/1073 1150/5336/825

vt -0.720509 19.8848
vt 0.54864 19.7863
vt -0.0829512 18.017
f 1399/5337/1074 1392/5338/1067 1398/5339/1073

vt 0.527186 19.5546
vt -0.74198 19.6529
v 51.1646 32.5191 -26.1198
vt -0.888658 21.0961
vn 0.217008 -0.301217 -0.928534
f 1392/5340/1067 1399/5341/1074 1400/5342/1075

v 50.8103 32.3338 -25.9237
vt -2.46749 20.5955
vn -0.672724 -0.108619 -0.731877
vt -2.18762 20.977
vt -2.0877 19.5298
f 1401/5343/1076 1400/5344/1075 1399/5345/1074

v 50.9472 33.3034 -26.2559
vt -2.4148 21.5241
vn -0.660402 -0.0742646 -0.747231
vt -1.99722 20.6317
vt -2.27247 20.2469
f 1402/5346/1077 1400/5347/1075 1401/5348/1076

vt -1.97924 21.9152
v 51.3458 33.586 -26.3846
vt -1.67868 22.4094
vn 0.445911 -0.23184 -0.864531
vt -1.54216 21.0322
f 1402/5349/1077 1403/5350/1078 1400/5351/1075

v 51.1397 34.0294 -26.4186
vt -2.10349 22.9637
vn -0.172694 0.699565 -0.693387
vt -1.78564 22.5026
vt -2.0871 22.0089
f 1404/5352/1079 1403/5353/1078 1402/5354/1077

vt -0.0825173 22.5804
vt -0.377762 22.2412
vt -0.653677 22.7286
f 1391/5355/1066 1403/5356/1078 1404/5357/1079

vt 0.391584 23.0151
vt 1.55157 19.7212
vt 0.0823235 22.6886
f 1391/5358/1066 1392/5359/1067 1403/5360/1078

vt 0.54182 19.5708
vt -0.874249 21.1121
vt -1.0249 22.4878
f 1392/5361/1067 1400/5362/1075 1403/5363/1078

v 51.6194 33.9589 -25.9042
vt 1.09024 15.2239
vn 0.354 0.928323 -0.113577
vt 0.748887 15.051
vt 0.215327 15.3029
f 1405/5364/1080 1391/5365/1066 1404/5366/1079

vt 1.31305 16.7873
vt 2.50771 16.2454
vt 0.961659 16.6357
f 1405/5367/1080 1390/5368/1065 1391/5369/1066

v 52.3427 33.7189 -25.0535
vt 3.08089 13.1704
vn 0.355414 0.92905 -0.102701
vt 2.86067 12.9625
vt 1.74729 13.6562
f 1406/5370/1081 1390/5371/1065 1405/5372/1080

vt 2.72076 12.3213
v 52.9167 33.6106 -24.4273
vt 3.76795 12.1316
vn 0.333558 0.930799 -0.149509
vt 2.52994 12.0861
f 1406/5373/1081 1407/5374/1082 1390/5375/1065

vt -2.78052 6.52519
vt -1.7341 6.71919
v 52.0335 33.7425 -24.9299
vt -1.53931 6.47869
vn -0.338062 0.835444 0.433298
f 1407/5376/1082 1406/5377/1081 1408/5378/1083

vt -1.00293 7.65932
vt -1.22728 7.87253
vt 0.101818 8.37044
f 1408/5379/1083 1406/5380/1081 1405/5381/1080

vt -1.57535 11.0735
vt -0.387229 11.6344
v 51.2704 33.9684 -25.9383
vt -0.0328049 11.4776
vn -0.578654 0.625657 0.523176
f 1408/5382/1083 1405/5383/1080 1409/5384/1084

vt -0.283554 9.57645
vt -0.627314 9.75545
vt 0.247347 9.83724
f 1409/5385/1084 1405/5386/1080 1404/5387/1079

v 51.0115 33.7964 -26.2341
vt -0.839022 21.2353
vn -0.869062 0.356874 0.342598
vt -1.31671 21.461
vt -0.743155 21.6056
f 1410/5388/1085 1409/5389/1084 1404/5390/1079

v 50.6563 31.719 -24.2579
vt -2.39178 18.9976
vn -0.778454 0.396238 0.486831
vt -1.15756 22.2643
vt -0.677606 22.0435
f 1411/5391/1086 1409/5392/1084 1410/5393/1085

v 52.0391 32.9871 -23.3728
vt -4.16251 20.6735
vn -0.645288 0.53265 0.54762
vt -1.06029 22.1854
vt -2.27983 18.9131
f 1412/5394/1087 1409/5395/1084 1411/5396/1086

vt -3.38448 16.4681
vt -1.96577 17.9096
vt -0.397111 18.1959
f 1412/5397/1087 1408/5398/1083 1409/5399/1084

vt -3.86617 18.19
v 52.7136 33.3978 -23.3603
vt -4.40726 18.9554
vn -0.564323 0.633051 0.529893
vt -2.3686 19.5493
f 1412/5400/1087 1413/5401/1088 1408/5402/1083

v 54.1852 32.996 -20.4926
vt -8.36297 18.1519
vn -0.545238 0.661728 0.514618
vt -4.45744 18.8659
vt -3.92105 18.0972
f 1414/5403/1089 1413/5404/1088 1412/5405/1087

vt -8.13446 14.1774
v 53.5737 33.347 -22.351
vt -5.90107 15.0015
vn -0.464793 0.74452 0.479225
vt -4.25346 15.0146
f 1414/5406/1089 1415/5407/1090 1413/5408/1088

vt -8.11451 13.9808
v 54.8529 33.2727 -20.8893
vt -8.29812 14.8059
vn -0.391916 0.821938 0.413304
vt -5.88369 14.8119
f 1414/5409/1089 1416/5410/1091 1415/5411/1090

v 55.9824 33.1664 -19.2226
vt -10.8838 14.7029
vn -0.403834 0.777034 0.482842
vt -8.40168 14.8837
vt -8.23395 14.0552
f 1417/5412/1092 1416/5413/1091 1414/5414/1089

vt -10.7389 8.71957
vt -8.30901 9.52084
vt -8.26331 8.97495
f 1417/5415/1092 1386/5416/1061 1416/5417/1091

vt -10.8366 9.89966
v 56.6789 33.2239 -19.2993
vt -11.3416 10.4401
vn -0.288131 0.906872 0.307511
vt -8.38989 10.6479
f 1417/5418/1092 1418/5419/1093 1386/5420/1061

v 56.0057 32.9026 -18.6919
vt -9.56189 12.2251
vn -0.531842 0.663396 0.526356
vt -9.74562 13.1772
vt -9.12678 12.772
f 1419/5421/1094 1418/5422/1093 1417/5423/1092

vt -11.9562 17.1668
v 56.385 33.0924 -18.5311
vt -12.3499 17.5618
vn -0.516551 0.731698 0.444739
vt -11.7246 18.1084
f 1419/5424/1094 1420/5425/1095 1418/5426/1093

v 55.867 32.5832 -17.7066
vt -12.7163 17.3073
vn -0.607862 0.599055 0.521188
vt -12.2643 18.4017
vt -11.8332 18.0477
f 1421/5427/1096 1420/5428/1095 1419/5429/1094

vt -11.9499 15.0255
v 56.9907 32.7675 -17.2083
vt -13.3494 15.5844
vn -0.487583 0.664652 0.566128
vt -11.623 16.1636
f 1421/5430/1096 1422/5431/1097 1420/5432/1095

v 56.4457 32.4545 -16.9286
vt -13.1095 15.0866
vn -0.544288 0.569787 0.615706
vt -13.3098 15.804
vt -11.9077 15.2516
f 1423/5433/1098 1422/5434/1097 1421/5435/1096

vt -12.083 14.7678
v 56.9329 32.0468 -16.1164
vt -13.2245 14.1904
vn -0.5201 0.542999 0.659278
vt -12.3429 15.4658
f 1423/5436/1098 1424/5437/1099 1422/5438/1097

vt -12.6872 17.7178
v 55.6387 31.1014 -15.8607
vt -12.9791 15.4969
vn -0.584227 0.470397 0.661367
vt -13.8492 17.1829
f 1423/5439/1098 1425/5440/1100 1424/5441/1099

v 55.4144 31.7281 -16.8113
vt -12.1161 16.6099
vn -0.643816 0.492484 0.585628
vt -13.1868 15.6792
vt -12.8725 17.897
f 1426/5442/1101 1425/5443/1100 1423/5444/1098

vt -12.6614 18.1214
v 55.0134 30.6856 -16.1134
vt -13.025 16.5691
vn -0.663244 0.419874 0.619526
vt -13.7562 17.2192
f 1426/5445/1101 1427/5446/1102 1425/5447/1100

v 54.1301 30.5376 -17.1108
vt -11.5788 16.5192
vn -0.637651 0.442475 0.630569
vt -13.2241 16.7576
vt -12.8477 18.3068
f 1428/5448/1103 1427/5449/1102 1426/5450/1101

vt -11.5337 16.9968
v 53.2624 28.3969 -16.2265
vt -11.7501 13.9638
vn -0.658659 0.368528 0.656015
vt -13.1794 17.2326
f 1428/5451/1103 1429/5452/1104 1427/5453/1102

vt -10.599 16.6731
v 53.2617 30.5248 -17.7319
vt -9.29087 16.5141
vn -0.617333 0.418279 0.666291
vt -10.7482 13.6361
f 1428/5454/1103 1430/5455/1105 1429/5456/1104

vt -10.6599 15.9731
v 53.6374 31.8211 -18.627
vt -8.81875 17.7107
vn -0.605155 0.514956 0.607132
vt -9.35206 15.8119
f 1428/5457/1103 1431/5458/1106 1430/5459/1105

v 55.0902 31.9442 -17.7927
vt -10.6665 17.8245
vn -0.608507 0.525353 0.594747
vt -8.65776 17.3812
vt -10.4887 15.6328
f 1432/5460/1107 1431/5461/1106 1428/5462/1103

vt -10.7793 16.9741
v 55.1663 32.7605 -18.7034
vt -10.0069 18.2345
vn -0.509309 0.614234 0.602761
vt -8.77292 16.5204
f 1432/5463/1107 1433/5464/1108 1431/5465/1106

vt -9.35928 14.7659
vt -9.49404 16.5651
vt -8.68228 16.08
f 1432/5466/1107 1419/5467/1094 1433/5468/1108

vt -11.9419 19.5361
vt -12.2479 17.758
vt -12.8528 18.8302
f 1419/5469/1094 1432/5470/1107 1421/5471/1096

vt -11.8915 17.8983
vt -13.0966 17.5041
vt -12.553 18.9365
f 1432/5472/1107 1426/5473/1101 1421/5474/1096

vt -11.9551 18.4818
vt -11.9278 16.283
vt -13.1624 18.0945
f 1432/5475/1107 1428/5476/1103 1426/5477/1101

vt -12.038 17.9053
vt -12.5164 16.4499
vt -13.2417 17.7547
f 1421/5478/1096 1426/5479/1101 1423/5480/1098

vt -9.55368 13.8348
vt -10.3338 14.3693
vt -9.86162 14.8846
f 1433/5481/1108 1419/5482/1094 1417/5483/1092

vt -10.6448 14.4051
vt -10.8254 15.4841
vt -8.16905 14.8636
f 1433/5484/1108 1417/5485/1092 1414/5486/1089

vt -10.8142 17.5873
vt -8.3291 17.9925
vt -9.69062 15.7989
f 1433/5487/1108 1414/5488/1089 1431/5489/1106

vt -8.1791 17.5795
v 53.5362 32.6144 -20.4019
vt -7.74286 16.8199
vn -0.61904 0.568855 0.541474
vt -9.50346 15.3632
f 1414/5490/1089 1434/5491/1109 1431/5492/1106

vt -8.36578 17.441
vt -3.92387 17.3848
vt -7.94656 16.6719
f 1414/5493/1089 1412/5494/1087 1434/5495/1109

vt -8.04585 18.3897
vt -4.01599 19.0608
v 52.7116 31.8521 -20.2029
vt -7.61387 17.1037
vn -0.682912 0.494866 0.537344
f 1434/5496/1109 1412/5497/1087 1435/5498/1110

vt -7.89508 18.4382
vt -4.25964 20.3246
v 51.5343 32.0522 -22.8955
vt -4.37099 18.92
vn -0.721122 0.444952 0.531038
f 1435/5499/1110 1412/5500/1087 1436/5501/1111

vt -4.32181 20.3533
vt -2.45442 18.5767
vt -4.43874 18.9491
f 1412/5502/1087 1411/5503/1086 1436/5504/1111

vt -4.52934 15.199
vt -4.42851 19.06
vt -2.44397 18.6888
f 1195/5505/870 1436/5506/1111 1411/5507/1086

vt -4.43406 15.1763
v 51.2487 30.2935 -20.8409
vt -6.18508 16.3536
vn -0.723019 0.443325 0.529817
vt -4.34954 19.0376
f 1195/5508/870 1437/5509/1112 1436/5510/1111

vt -5.35263 13.7333
vt -6.24472 16.2121
vt -4.49719 15.0296
f 1196/5511/871 1437/5512/1112 1195/5513/870

v 50.2886 28.467 -19.6812
vt -6.82145 13.3834
vn -0.727724 0.384852 0.567721
vt -6.33965 16.1809
vt -5.46059 13.6975
f 1438/5514/1113 1437/5515/1112 1196/5516/871

vt -6.55526 13.2245
v 51.4558 29.1489 -18.6386
vt -8.43908 14.1934
vn -0.711917 0.401362 0.576266
vt -6.10961 16.028
f 1438/5517/1113 1439/5518/1114 1437/5519/1112

v 51.0145 27.7907 -18.2897
vt -8.01287 13.5236
vn -0.698397 0.32977 0.635212
vt -7.98595 15.3482
vt -6.09024 14.4028
f 1440/5520/1115 1439/5521/1114 1438/5522/1113

vt -7.7191 13.5027
vt -11.4595 14.4789
v 52.1914 30.0949 -18.4172
vt -8.46441 16.632
vn -0.685915 0.400441 0.607592
vt -7.69625 15.3274
f 1440/5523/1115 1429/5524/1104 1441/5525/1116 1439/5526/1114 

vt -11.4343 14.5815
vt -7.69371 13.6058
v 52.5429 25.9476 -15.6216
vt -11.5173 11.3235
vn -0.670801 0.320996 0.668571
f 1429/5527/1104 1440/5528/1115 1442/5529/1117

v 51.0798 26.2634 -17.413
vt -8.69804 11.7408
vn -0.70886 0.32363 0.626722
vt -11.5815 11.4365
vt -7.7575 13.7181
f 1443/5530/1118 1442/5531/1117 1440/5532/1115

vt -8.70065 11.7657
v 51.3562 24.143 -16.0107
vt -10.3315 9.03892
vn -0.683162 0.291359 0.669626
vt -11.5841 11.4614
f 1443/5533/1118 1444/5534/1119 1442/5535/1117

vt -8.7394 11.7889
v 49.6098 23.6874 -17.7645
vt -7.32589 8.35753
vn -0.730317 0.275087 0.625271
vt -10.3703 9.06214
f 1443/5536/1118 1445/5537/1120 1444/5538/1119

v 49.8037 25.2083 -18.3975
vt -6.98406 10.2912
vn -0.717869 0.361366 0.595046
vt -7.48493 8.2925
vt -8.89803 11.724
f 1446/5539/1121 1445/5540/1120 1443/5541/1118

vt -7.13334 10.3305
v 48.9462 24.1225 -18.9294
vt -5.98498 8.89464
vn -0.770214 0.262841 0.581107
vt -7.63459 8.3318
f 1446/5542/1121 1447/5543/1122 1445/5544/1120

v 48.92 25.2771 -19.9829
vt -5.24817 10.2231
vn -0.744473 0.382523 0.547208
vt -6.31774 8.62737
vt -7.46327 10.0655
f 1448/5545/1123 1447/5546/1122 1446/5547/1121

vt -5.28441 10.2524
v 48.5628 24.4845 -19.9255
vt -5.08626 9.18815
vn -0.791199 0.309305 0.527574
vt -6.35465 8.65715
f 1448/5548/1123 1449/5549/1124 1447/5550/1122

vt -3.73271 10.4231
vt -5.56659 9.12453
vt -5.7577 10.1901
f 1202/5551/877 1449/5552/1124 1448/5553/1123

vt -4.09888 10.9471
v 48.2443 23.6461 -20.4545
vt -5.1635 8.67961
vn -0.826413 0.253869 0.502586
vt -5.93321 9.64917
f 1202/5554/877 1450/5555/1125 1449/5556/1124

vt -4.06448 10.9362
v 48.0594 24.167 -21.692
vt -3.75609 9.50948
vn -0.879049 0.279477 0.386219
vt -5.13039 8.66933
f 1202/5557/877 1451/5558/1126 1450/5559/1125

vt -4.19259 9.40274
vt -4.50927 10.8276
vt -3.7646 11.0089
f 1451/5560/1126 1202/5561/877 1203/5562/878

vt -4.59751 9.45948
vt -4.18113 11.0687
vt -3.37113 10.3336
f 1451/5563/1126 1203/5564/878 1213/5565/888

vt -4.43471 10.7966
vt -3.20335 11.5168
vt -3.62398 10.0624
f 1203/5566/878 1206/5567/881 1213/5568/888

vt -4.01055 10.8728
vt -2.99562 10.9017
vt -4.21822 10.1667
f 1204/5569/879 1206/5570/881 1203/5571/878

vt -4.04639 11.7364
vt -3.73374 12.1752
vt -3.03149 11.7662
f 1204/5572/879 1205/5573/880 1206/5574/881

vt -3.29488 10.2518
vt -3.08356 7.98121
vt -4.5225 9.37934
f 1213/5575/888 1212/5576/887 1451/5577/1126

vt -4.54327 9.35891
vt -3.10408 7.96104
v 47.6786 22.4805 -22.0979
vt -3.8009 7.34491
vn -0.880939 0.278391 0.382681
f 1451/5578/1126 1212/5579/887 1452/5580/1127

vt -3.85484 7.39764
vt -3.15843 8.01424
v 47.4225 21.252 -22.0581
vt -3.67344 5.85851
vn -0.877643 0.262985 0.400727
f 1452/5581/1127 1212/5582/887 1453/5583/1128

vt -3.10262 8.00547
vt -2.75911 5.87222
vt -3.61958 5.85021
f 1212/5584/887 1214/5585/889 1453/5586/1128

vt -3.62349 5.97704
vt -2.76302 5.99915
v 47.2291 19.9005 -21.8998
vt -3.57909 4.27938
vn -0.857592 0.269361 0.438157
f 1453/5587/1128 1214/5588/889 1454/5589/1129

vt -3.15855 4.13098
vt -2.32538 5.84254
v 47.023 19.4281 -22.5278
vt -2.36331 3.6535
vn -0.913068 0.29414 0.282468
f 1454/5590/1129 1214/5591/889 1455/5592/1130

vt -3.34526 5.82259
vt -2.98911 5.42341
vt -3.35906 3.63326
f 1214/5593/889 1215/5594/890 1455/5595/1130

vt -3.11346 3.5891
vt -2.74045 5.37861
v 46.9479 18.7116 -22.9617
vt -2.55006 2.82306
vn -0.952192 0.272101 -0.13889
f 1455/5596/1130 1215/5597/890 1456/5598/1131

vt -3.30098 5.35821
vt -2.98154 4.84186
vt -3.12928 2.80134
f 1215/5599/890 1265/5600/940 1456/5601/1131

vt -3.35375 5.32608
vt -3.0791 5.48286
vt -3.03752 4.80775
f 1215/5602/890 1216/5603/891 1265/5604/940

vt -3.22302 2.82578
vt -3.06479 4.86551
vt -3.04765 3.62362
f 1456/5605/1131 1265/5606/940 1266/5607/941

vt -3.10925 2.76431
vt -2.94174 3.56384
vt -2.8883 2.34922
f 1456/5608/1131 1266/5609/941 1267/5610/942

vt -3.03691 1.31585
vt -3.07415 2.77952
vt -2.8523 2.36492
f 1268/5611/943 1456/5612/1131 1267/5613/942

vt -3.20213 3.52444
vt -2.63944 2.75789
vt -2.58344 1.29481
f 1455/5614/1130 1456/5615/1131 1268/5616/943

vt -1.91827 0.338444
vt -2.36545 3.7627
vt -1.75697 1.53026
f 1269/5617/944 1455/5618/1130 1268/5619/943

vt -2.28689 3.77612
vt -1.84572 0.351082
vt -3.08157 4.25453
f 1455/5620/1130 1269/5621/944 1454/5622/1129

vt -2.74284 4.37434
vt -1.54253 0.459815
v 47.7408 20.6301 -20.738
vt -4.27798 5.13469
vn -0.805231 0.228482 0.547173
f 1454/5623/1129 1269/5624/944 1457/5625/1132

vt -3.63355 5.52488
vt -1.02139 0.780011
v 47.9706 19.0142 -20.2511
vt -4.32203 3.54959
vn -0.772116 0.184615 0.608074
f 1457/5626/1132 1269/5627/944 1458/5628/1133

v 48.1569 17.9968 -19.9748
vt -4.67788 2.42304
vn -0.758184 0.108319 0.64298
vt -4.23498 3.65285
vt -0.948214 0.866823
f 1459/5629/1134 1458/5630/1133 1269/5631/944

v 48.8201 19.5382 -18.7575
vt -6.5164 4.21711
vn -0.783355 0.149783 0.603258
vt -4.42715 3.65096
vt -4.85475 2.41575
f 1460/5632/1135 1458/5633/1133 1459/5634/1134

vt -6.57674 4.02424
v 49.2211 22.0133 -18.3477
vt -7.24504 7.02061
vn -0.778253 0.207939 0.592523
vt -4.48548 3.46557
f 1460/5635/1135 1461/5636/1136 1458/5637/1133

v 49.7452 21.3056 -17.069
vt -9.0852 5.95687
vn -0.778096 0.205218 0.593677
vt -7.43622 6.92709
vt -6.7419 3.93665
f 1462/5638/1137 1461/5639/1136 1460/5640/1135

v 50.1856 21.5861 -16.3973
vt -9.85274 6.04112
vn -0.72305 0.223121 0.65377
vt -7.21411 6.67973
vt -8.86986 5.7211
f 1463/5641/1138 1461/5642/1136 1462/5643/1137

vt -9.9661 6.36906
vt -8.17842 9.01535
vt -7.32995 7.01787
f 1463/5644/1138 1445/5645/1120 1461/5646/1136

vt -10.2875 9.40522
vt -7.24345 8.69915
vt -9.09401 6.09645
f 1444/5647/1119 1445/5648/1120 1463/5649/1138

v 51.7309 22.5673 -15.2235
vt -11.1013 7.62805
vn -0.692982 0.245115 0.678008
vt -9.96838 9.54585
vt -8.78777 6.23245
f 1464/5650/1139 1444/5651/1119 1463/5652/1138

v 51.9648 23.5249 -15.23
vt -11.4049 8.89765
vn -0.684113 0.281578 0.672832
vt -10.1431 9.60812
vt -11.2711 7.68739
f 1465/5653/1140 1444/5654/1119 1464/5655/1139

vt -11.1747 8.5545
vt -11.1611 11.6857
vt -9.91119 9.26183
f 1465/5656/1140 1442/5657/1117 1444/5658/1119

vt -11.4077 8.54098
v 53.7377 23.1539 -13.2849
vt -14.6969 8.23835
vn -0.646582 0.267336 0.714467
vt -11.3981 11.6722
f 1465/5659/1140 1466/5660/1141 1442/5661/1117

vt -11.4152 8.61734
v 52.8995 21.8146 -13.6392
vt -13.7527 6.54389
vn -0.691613 0.240143 0.681178
vt -14.7044 8.31454
f 1465/5662/1140 1467/5663/1142 1466/5664/1141

vt -11.5175 7.61443
vt -13.9877 6.74362
vt -11.6564 8.8241
f 1464/5665/1139 1467/5666/1142 1465/5667/1140

v 51.6294 20.9177 -15.1062
vt -11.7416 5.83386
vn -0.700422 0.195593 0.686406
vt -14.1075 6.9814
vt -11.64 7.85965
f 1468/5668/1143 1467/5669/1142 1464/5670/1139

vt -11.7919 5.7303
v 52.3679 20.2237 -14.0036
vt -13.4545 4.89429
vn -0.703694 0.15887 0.692514
vt -14.1596 6.87405
f 1468/5671/1143 1469/5672/1144 1467/5673/1142

vt -12.0497 5.95689
v 51.6005 19.135 -15.2811
vt -11.9054 3.82338
vn -0.726666 0.108413 0.678383
vt -13.7023 5.1011
f 1468/5674/1143 1470/5675/1145 1469/5676/1144

vt -10.3301 4.74484
vt -10.3039 6.88306
v 50.6385 19.5719 -15.8681
vt -8.91515 5.08899
vn -0.697388 0.11161 0.70795
f 1470/5677/1145 1468/5678/1143 1471/5679/1146

vt -9.59309 4.42276
vt -11.0236 6.18377
vt -8.57235 6.80285
f 1471/5680/1146 1468/5681/1143 1463/5682/1138

vt -10.9764 6.04076
vt -10.831 8.06388
vt -8.52442 6.65677
f 1468/5683/1143 1464/5684/1139 1463/5685/1138

vt -10.3736 4.36619
vt -9.42941 6.77767
v 50.0041 19.7126 -16.7145
vt -9.05954 4.52332
vn -0.769422 0.12599 0.626192
f 1471/5686/1146 1463/5687/1138 1472/5688/1147

vt -9.62011 6.66613
vt -8.63994 6.33791
vt -9.22894 4.41539
f 1463/5689/1138 1462/5690/1137 1472/5691/1147

vt -9.3918 4.35708
vt -8.82224 6.28545
vt -6.50804 4.23196
f 1472/5692/1147 1462/5693/1137 1460/5694/1135

vt -9.37924 4.55503
vt -6.4956 4.42714
v 49.5064 18.9556 -17.7472
vt -8.01017 3.69653
vn -0.782957 0.0816473 0.616695
f 1472/5695/1147 1460/5696/1135 1473/5697/1148

vt -8.06949 3.7264
vt -6.55925 4.46591
v 49.2971 17.8803 -18.5003
vt -7.18904 2.49044
vn -0.764132 0.0108303 0.644969
f 1473/5698/1148 1460/5699/1135 1474/5700/1149

vt -6.85269 2.65136
vt -6.15454 4.60371
vt -4.54006 2.75996
f 1474/5701/1149 1460/5702/1135 1459/5703/1134

vt -4.82049 2.24259
vt -6.87041 2.90447
vt -4.55798 3.01724
f 1270/5704/945 1474/5705/1149 1459/5706/1134

vt -4.6505 2.68794
v 49.6085 17.3607 -18.4867
vt -6.98605 2.79737
vn -0.729295 -0.18767 0.657957
vt -6.6844 3.39751
f 1270/5707/945 1475/5708/1150 1474/5709/1149

vt -4.60387 3.17909
vt -5.16961 2.67713
vt -6.93846 3.30724
f 1270/5710/945 1275/5711/950 1475/5712/1150

vt -5.15522 2.6857
vt -4.58796 3.18594
vt -3.71679 2.34147
f 1275/5713/950 1270/5714/945 1272/5715/947

vt -3.79079 4.03699
vt -1.59319 2.71189
vt -3.04991 3.07618
f 1270/5716/945 1271/5717/946 1272/5718/947

vt -4.11096 4.40405
vt -2.78563 3.74748
vt -3.4007 3.84145
f 1275/5719/950 1272/5720/947 1273/5721/948

vt -3.43186 4.96752
vt -2.80225 4.31593
vt -3.70748 4.74223
f 1275/5722/950 1273/5723/948 1274/5724/949

vt -6.8446 3.52085
vt -5.08709 2.85975
v 50.3816 17.0122 -18.035
vt -7.93593 3.14679
vn -0.646829 -0.482274 0.590783
f 1475/5725/1150 1275/5726/950 1476/5727/1151

vt -7.28323 4.79791
vt -4.50122 4.12067
vt -6.39481 4.05156
f 1476/5728/1151 1275/5729/950 1276/5730/951

vt -7.95827 3.58327
vt -6.96618 2.98152
v 50.9143 16.75 -18.0093
vt -8.45389 3.20363
vn -0.440099 -0.80531 0.397225
f 1476/5731/1151 1276/5732/951 1477/5733/1152

vt 6.49538 6.30374
vt 5.6699 5.04628
vt 6.09265 6.1974
f 1477/5734/1152 1276/5735/951 1277/5736/952

vt -2.40776 8.71326
vt -2.50693 8.3087
vt -3.67976 10.1347
f 1477/5737/1152 1277/5738/952 1278/5739/953

v 51.4548 17.0379 -16.7221
vt -9.43767 5.08099
vn -0.63024 -0.491638 0.600907
vt -7.92057 4.34401
vt -9.82628 4.42536
f 1478/5740/1153 1477/5741/1152 1278/5742/953

vt -7.8446 3.80245
vt -8.35098 3.4373
vt -9.93656 4.01236
f 1476/5743/1151 1477/5744/1152 1478/5745/1153

v 50.8719 17.709 -16.5354
vt -9.76284 4.00031
vn -0.729563 -0.188429 0.657444
vt -8.02517 3.05493
vt -10.1243 3.1738
f 1479/5746/1154 1476/5747/1151 1478/5748/1153

vt -6.9216 3.48758
vt -8.00721 3.09721
vt -9.74113 4.04943
f 1475/5749/1150 1476/5750/1151 1479/5751/1154

vt -6.85682 3.27558
vt -7.14366 2.66822
vt -9.98422 3.11165
f 1474/5752/1149 1475/5753/1150 1479/5754/1154

v 50.4729 18.4175 -16.4841
vt -9.68525 3.98429
vn -0.753448 0.0123662 0.657392
vt -6.86208 3.3192
vt -9.98935 3.15274
f 1480/5755/1155 1474/5756/1149 1479/5757/1154

vt -7.0372 2.69315
vt -9.8758 3.28896
vt -7.89499 3.94495
f 1474/5758/1149 1480/5759/1155 1473/5760/1148

vt -9.86047 3.27532
vt -9.23672 4.80372
vt -7.87858 3.92803
f 1480/5761/1155 1472/5762/1147 1473/5763/1148

vt -10.4422 4.70086
vt -9.12893 4.86429
vt -9.76702 3.34182
f 1471/5764/1146 1472/5765/1147 1480/5766/1155

vt -9.70964 5.48115
vt -9.11326 4.08573
v 51.3867 17.8613 -15.8266
vt -10.5336 3.53049
vn -0.673768 -0.130398 0.727346
f 1471/5767/1146 1480/5768/1155 1481/5769/1156

vt -9.44106 4.24612
vt -9.77154 3.4247
vt -10.8424 3.6445
f 1480/5770/1155 1479/5771/1154 1481/5772/1156

vt -9.45607 4.45005
vt -9.85933 3.64312
vt -10.5156 4.71916
f 1479/5773/1154 1478/5774/1153 1481/5775/1156

vt -10.4862 4.76995
vt -9.83454 3.69108
v 52.1096 17.0543 -16.0364
vt -11.0077 3.80253
vn -0.638255 -0.472854 0.607486
f 1481/5776/1156 1478/5777/1153 1482/5778/1157

vt -9.17864 5.51084
vt -9.59755 4.87414
vt -10.3302 5.76108
f 1478/5779/1153 1278/5780/953 1482/5781/1157

vt -11.0632 4.23021
vt -10.214 3.45417
v 52.5276 16.6949 -16.4099
vt -11.1309 3.66224
vn -0.396293 -0.8652 0.307214
f 1482/5782/1157 1278/5783/953 1483/5784/1158

vt 10.0294 3.99323
vt 10.5842 4.96793
vt 10.8577 4.43801
f 1278/5785/953 1279/5786/954 1483/5787/1158

vt 8.13261 -8.12014
vt 8.51422 -7.66193
v 53.1257 16.5489 -16.136
vt 8.90697 -8.3205
vn -0.276726 -0.948568 0.15376
f 1483/5788/1158 1279/5789/954 1484/5790/1159

vt 12.0533 -2.46947
vt 11.3857 -2.09218
v 53.5513 16.5234 -15.5421
vt 12.9532 -2.55297
vn -0.214794 -0.968752 0.124027
f 1484/5791/1159 1279/5792/954 1485/5793/1160

vt 12.9896 -2.37376
vt 11.4167 -1.93174
vt 15.0498 -1.74476
f 1485/5794/1160 1279/5795/954 1280/5796/955

vt 12.9148 -2.62702
vt 14.9894 -2.04694
v 54.6352 16.4384 -14.4312
vt 14.8466 -2.62719
vn -0.197445 -0.975056 0.1014
f 1485/5797/1160 1280/5798/955 1486/5799/1161

vt 14.7241 -3.11719
vt 14.8863 -2.54206
v 55.445 16.358 -13.5028
vt 16.2535 -3.23159
vn -0.274453 -0.9531 0.127578
f 1486/5800/1161 1280/5801/955 1487/5802/1162

vt 16.359 -2.73238
vt 14.9733 -2.08103
vt 17.1383 -2.14722
f 1487/5803/1162 1280/5804/955 1281/5805/956

vt 15.3539 -5.15772
vt 16.2261 -4.72301
v 55.8372 16.2525 -13.0697
vt 16.0698 -5.33597
vn -0.321196 -0.936753 0.139023
f 1487/5806/1162 1281/5807/956 1488/5808/1163

vt 16.9354 -3.11232
vt 17.006 -2.48372
v 56.35 16.1942 -12.5673
vt 17.8296 -3.14286
vn -0.447242 -0.858992 0.249213
f 1488/5809/1163 1281/5810/956 1489/5811/1164

vt 16.2935 -7.29482
vt 15.6336 -6.47187
v 56.9996 16.0149 -11.8337
vt 17.4652 -7.69437
vn -0.202682 -0.978767 -0.0305709
f 1489/5812/1164 1281/5813/956 1490/5814/1165

vt 18.5802 -4.78208
vt 16.6004 -3.81782
vt 20.607 -4.96973
f 1490/5815/1165 1281/5816/956 1282/5817/957

vt 18.6685 -4.18013
vt 20.6975 -4.34212
v 57.83 15.8265 -10.9047
vt 20.2117 -4.44662
vn -0.241223 -0.969242 0.0488047
f 1490/5818/1165 1282/5819/957 1491/5820/1166

vt 20.6883 -3.27845
vt 21.1634 -3.13311
v 58.1633 15.7881 -10.4259
vt 21.4033 -3.38348
vn -0.508886 -0.787769 0.347066
f 1491/5821/1166 1282/5822/957 1492/5823/1167

vt 20.7018 -6.04396
vt 20.4939 -5.76648
vt 22.027 -6.24594
f 1492/5824/1167 1282/5825/957 1291/5826/966

v 58.7199 15.8047 -9.68671
vt -22.8027 1.7461
vn -0.619288 0.00733976 0.78513
vt -21.6594 1.69267
vt -22.9931 1.55671
f 1493/5827/1168 1492/5828/1167 1291/5829/966

vt -22.8332 1.15247
v 57.3858 15.9768 -11.2603
vt -20.2669 1.3123
vn -0.7062 -0.463282 0.535398
vt -21.6893 1.11288
f 1493/5830/1168 1494/5831/1169 1492/5832/1167

v 55.5017 16.7034 -12.6735
vt -17.4362 2.0536
vn -0.698408 -0.385424 0.603055
vt -20.3073 1.12211
vt -22.8699 0.910503
f 1495/5833/1170 1494/5834/1169 1493/5835/1168

vt -17.494 -0.767381
vt -18.1667 -1.60297
vt -20.1865 -2.13189
f 1495/5836/1170 1489/5837/1164 1494/5838/1169

vt -17.1779 3.48009
vt -17.1376 2.86091
vt -18.0318 2.83083
f 1495/5839/1170 1488/5840/1163 1489/5841/1164

vt -17.5373 0.661179
vt -16.6811 0.232408
vt -17.3976 0.0565954
f 1495/5842/1170 1487/5843/1162 1488/5844/1163

v 54.4086 16.6473 -14.0737
vt -14.8883 3.78555
vn -0.5969 -0.610624 0.520432
vt -16.3159 3.4562
vt -17.0732 4.04215
f 1496/5845/1171 1487/5846/1162 1495/5847/1170

vt -15.3091 1.40378
vt -15.1436 1.0337
vt -16.6665 0.852598
f 1496/5848/1171 1486/5849/1161 1487/5850/1162

vt -14.958 3.58167
vt -12.9155 3.19196
vt -14.8473 3.19167
f 1496/5851/1171 1485/5852/1160 1486/5853/1161

v 52.4759 16.9374 -15.7737
vt -11.8997 3.31301
vn -0.638819 -0.539351 0.548644
vt -13.0346 2.66412
vt -15.0912 2.97072
f 1497/5854/1172 1485/5855/1160 1496/5856/1171

vt -12.2916 1.0074
vt -12.3901 0.283501
vt -13.285 0.157655
f 1497/5857/1172 1484/5858/1159 1485/5859/1160

vt -11.4203 4.70144
vt -10.9499 4.19932
vt -11.7341 4.04166
f 1497/5860/1172 1483/5861/1158 1484/5862/1159

vt -11.7571 1.44486
vt -11.6861 0.877302
vt -12.2815 1.22228
f 1482/5863/1157 1483/5864/1158 1497/5865/1172

v 52.0189 17.3169 -15.8471
vt -11.1868 3.80955
vn -0.704857 -0.204403 0.679262
vt -11.1176 3.48307
vt -11.677 3.3753
f 1498/5866/1173 1482/5867/1157 1497/5868/1172

vt -10.0011 5.32895
vt -10.5832 4.39675
vt -10.6259 4.72776
f 1481/5869/1156 1482/5870/1157 1498/5871/1173

v 51.7352 18.3432 -15.42
vt -8.95539 6.39176
vn -0.733908 -0.0152079 0.679078
vt -8.42187 5.6947
vt -9.12575 5.1884
f 1499/5872/1174 1481/5873/1156 1498/5874/1173

vt -10.0381 3.74888
vt -10.6439 4.38418
vt -10.5539 5.30828
vt -9.14285 5.66786
f 1481/5875/1156 1499/5876/1174 1470/5877/1145 1471/5878/1146 

vt -12.031 3.95229
vt -12.0072 3.02413
v 52.1249 18.7251 -14.5613
vt -13.1343 3.43501
vn -0.735579 0.0180795 0.677197
f 1470/5879/1145 1499/5880/1174 1500/5881/1175

vt -13.0319 3.76188
vt -11.9112 3.33383
v 52.1629 17.5334 -15.2762
vt -12.3993 2.37817
vn -0.758714 -0.164734 0.630251
f 1500/5882/1175 1499/5883/1174 1501/5884/1176

vt -12.2092 2.50155
vt -11.9473 1.31474
vt -12.627 1.51311
f 1499/5885/1174 1498/5886/1173 1501/5887/1176

vt -12.3838 2.84347
vt -11.7277 2.57755
vt -12.1619 2.08737
f 1501/5888/1176 1498/5889/1173 1497/5890/1172

vt -11.8105 4.39849
vt -11.6855 3.62046
v 54.425 17.0825 -13.4292
vt -15.444 4.05574
vn -0.701 -0.214492 0.680141
f 1501/5891/1176 1497/5892/1172 1502/5893/1177

vt -11.6762 3.66334
vt -14.8819 3.50296
vt -15.4339 4.10563
f 1497/5894/1172 1496/5895/1171 1502/5896/1177

vt -15.6377 3.41871
vt -15.0613 2.83929
vt -17.2553 2.99968
f 1502/5897/1177 1496/5898/1171 1495/5899/1170

v 55.4164 17.2585 -12.3283
vt -17.1279 4.05881
vn -0.699664 -0.0275115 0.713942
vt -15.3097 3.71431
vt -16.9481 3.38582
f 1503/5900/1178 1502/5901/1177 1495/5902/1170

v 53.8783 17.8928 -13.3553
vt -14.8398 4.57899
vn -0.688311 -0.0192948 0.725159
vt -15.3225 3.65317
vt -17.1413 3.99477
f 1504/5903/1179 1502/5904/1177 1503/5905/1178

vt -12.3919 5.11807
vt -15.4972 3.33765
vt -15.0365 4.27456
f 1500/5906/1175 1502/5907/1177 1504/5908/1179

vt -12.1196 5.23844
vt -11.633 3.79691
vt -15.2741 3.54663
f 1500/5909/1175 1501/5910/1176 1502/5911/1177

vt -11.9618 4.78942
vt -14.6371 4.04889
v 53.5904 19.0304 -13.2105
vt -14.4004 5.36589
vn -0.662924 0.0899375 0.743265
f 1500/5912/1175 1504/5913/1179 1505/5914/1180

vt -14.4734 4.18539
v 55.1907 18.1095 -12.2474
vt -16.572 4.65391
vn -0.653642 0.100362 0.75012
vt -14.2223 5.49973
f 1504/5915/1179 1506/5916/1181 1505/5917/1180

vt -14.4926 4.10404
vt -16.8105 3.58887
vt -16.5918 4.57001
f 1504/5918/1179 1503/5919/1178 1506/5920/1181

vt -17.0917 3.2976
v 56.2772 17.4541 -11.4785
vt -18.5745 3.64168
vn -0.663563 0.131349 0.736499
vt -16.8925 4.28289
f 1503/5921/1178 1507/5922/1182 1506/5923/1181

vt -17.1303 3.1209
vt -22.4596 1.79987
vt -18.614 3.46065
f 1503/5924/1178 1493/5925/1168 1507/5926/1182

vt -17.4417 3.27486
vt -17.2333 2.61016
vt -22.722 1.76996
f 1503/5927/1178 1495/5928/1170 1493/5929/1168

vt -18.2005 3.01454
vt -22.0795 1.43351
v 57.0004 17.5868 -10.9589
vt -19.28 3.29445
vn -0.622325 0.203039 0.755968
f 1507/5930/1182 1493/5931/1168 1508/5932/1183

v 58.2877 17.9415 -10.2622
vt -20.5971 3.58598
vn -0.520735 0.25205 0.815663
vt -18.8761 2.90118
vt -21.6927 1.06627
f 1509/5933/1184 1508/5934/1183 1493/5935/1168

vt -20.5151 3.80716
v 55.8558 19.1387 -11.774
vt -16.9015 4.77238
vn -0.612859 0.190027 0.767003
vt -18.7951 3.11999
f 1509/5936/1184 1510/5937/1185 1508/5938/1183

v 57.3899 20.5327 -10.9653
vt -18.8772 6.91255
vn -0.555839 0.233081 0.797945
vt -16.9525 4.92776
vt -20.5651 3.95894
f 1511/5939/1186 1510/5940/1185 1509/5941/1184

vt -18.9168 6.86437
v 55.4602 20.7058 -12.1293
vt -16.165 6.69888
vn -0.600979 0.186181 0.777278
vt -16.9905 4.88112
f 1511/5942/1186 1512/5943/1187 1510/5944/1185

v 57.2046 21.4103 -11.1896
vt -18.4852 7.65635
vn -0.554959 0.202103 0.806954
vt -16.1809 6.46049
vt -18.9328 6.62519
f 1513/5945/1188 1512/5946/1187 1511/5947/1186

v 56.2343 21.4175 -11.6275
vt -16.1335 9.51622
vn -0.587308 0.166839 0.791981
vt -15.1228 8.47994
vt -17.3929 9.73966
f 1514/5948/1189 1512/5949/1187 1513/5950/1188

v 54.8261 23.6266 -12.5358
vt -15.0935 10.3651
vn -0.614914 0.270547 0.740733
vt -16.321 6.97127
vt -17.3697 7.96903
f 1515/5951/1190 1512/5952/1187 1514/5953/1189

vt -15.2422 10.3465
vt -13.6739 9.5876
vt -16.4568 6.94804
f 1515/5954/1190 1466/5955/1141 1512/5956/1187

v 54.0545 25.9813 -14.2576
vt -13.6498 11.7038
vn -0.642141 0.320168 0.696525
vt -14.4314 8.04998
vt -16.0083 8.79092
f 1516/5957/1191 1466/5958/1141 1515/5959/1190

vt -13.7212 11.7187
vt -11.202 11.4967
vt -14.5027 8.06483
f 1516/5960/1191 1442/5961/1117 1466/5962/1141

vt -13.7309 11.6074
v 55.4541 27.552 -13.7424
vt -15.2952 13.7962
vn -0.630415 0.32978 0.702724
vt -11.2117 11.3855
f 1516/5963/1191 1517/5964/1192 1442/5965/1117

v 55.5255 25.9083 -13.1873
vt -15.3902 12.18
vn -0.600466 0.320281 0.732708
vt -14.7114 14.2195
vt -13.1501 12.0286
f 1518/5966/1193 1517/5967/1192 1516/5968/1191

vt -15.3429 12.1697
v 56.613 27.0431 -12.7774
vt -16.5716 13.7689
vn -0.587918 0.281739 0.758272
vt -14.6635 14.209
f 1518/5969/1193 1519/5970/1194 1517/5971/1192

vt -14.5994 12.7748
v 57.4124 25.7019 -12.1452
vt -17.2197 12.9141
vn -0.532502 0.314174 0.785962
vt -15.8169 14.3826
f 1518/5972/1193 1520/5973/1195 1519/5974/1194

vt -17.3455 10.4913
vt -14.7253 10.3512
v 56.5249 24.9443 -12.0919
vt -16.6305 9.28077
vn -0.557466 0.351249 0.752234
f 1520/5975/1195 1518/5976/1193 1521/5977/1196

vt -15.2068 11.4212
vt -15.3157 8.35298
vt -17.1184 10.3622
f 1518/5978/1193 1515/5979/1190 1521/5980/1196

vt -15.4391 11.4543
vt -13.199 11.3029
vt -15.5528 8.38619
f 1518/5981/1193 1516/5982/1191 1515/5983/1190

vt -16.6607 10.7623
vt -14.855 8.75581
v 56.1884 23.6994 -11.8313
vt -16.6845 9.12751
vn -0.55253 0.252503 0.794326
f 1521/5984/1196 1515/5985/1190 1522/5986/1197

vt -16.3883 10.4987
vt -14.5597 10.1225
vt -16.862 7.75148
f 1522/5987/1197 1515/5988/1190 1514/5989/1189

vt -17.7423 8.00861
vt -15.9904 10.5402
vt -16.4811 7.79596
f 1513/5990/1188 1522/5991/1197 1514/5992/1189

vt -15.1829 10.1861
vt -16.9581 7.6708
v 58.2272 21.6578 -10.8967
vt -18.1317 8.23389
vn -0.447848 0.236583 0.862242
f 1522/5993/1197 1513/5994/1188 1523/5995/1198

vt -18.286 7.9102
vt -17.1117 7.34845
vt -17.5739 6.32375
f 1523/5996/1198 1513/5997/1188 1511/5998/1186

vt -17.8743 8.13415
vt -17.1665 6.54574
v 58.2571 20.1208 -10.6573
vt -18.2945 6.27551
vn -0.455695 0.253073 0.853403
f 1523/5999/1198 1511/6000/1186 1524/6001/1199

vt -18.2396 6.0615
vt -17.1115 6.33134
vt -18.8601 3.41326
f 1524/6002/1199 1511/6003/1186 1509/6004/1184

vt -17.4759 3.18985
v 58.95 20.0992 -10.5712
vt -17.5964 6.01816
vn -0.291311 0.269595 0.917854
vt -16.8407 5.83462
f 1509/6005/1184 1525/6006/1200 1524/6007/1199

vt -18.2159 3.12222
v 59.0233 17.4714 -10.0286
vt -19.176 2.75807
vn 0.00150334 0.283865 0.958863
vt -18.3421 5.95029
f 1509/6008/1184 1526/6009/1201 1525/6010/1200

vt -18.8944 2.01753
vt -17.9343 2.3816
v 58.9131 16.092 -9.6625
vt -19.2289 0.274285
vn -0.265453 0.23618 0.934748
f 1526/6011/1201 1509/6012/1184 1527/6013/1202

vt -19.7737 3.42353
vt -20.8924 0.914007
vt -21.0599 1.31101
f 1509/6014/1184 1493/6015/1168 1527/6016/1202

vt -11.4909 6.03268
vt -11.7773 6.43662
vt -11.6095 6.44693
f 1493/6017/1168 1292/6018/967 1527/6019/1202

vt -16.9954 1.23025
vt -17.2394 1.11824
vt -17.3043 1.61715
f 1493/6020/1168 1291/6021/966 1292/6022/967

vt -11.127 -1.44172
vt -11.2948 -1.45162
v 59.1825 16.8665 -9.93633
vt -11.1653 -0.373357
vn 0.469614 0.241546 0.849187
f 1527/6023/1202 1292/6024/967 1528/6025/1203

vt 12.7494 -1.25646
vt 12.7874 -2.34181
v 59.3481 17.1564 -10.2743
vt 12.4891 -0.776911
vn 0.98071 -0.140441 0.13596
f 1528/6026/1203 1292/6027/967 1529/6028/1204

vt 20.4761 2.68833
vt 21.5307 2.11856
vt 21.9124 0.571885
f 1293/6029/968 1529/6030/1204 1292/6031/967

vt 21.677 2.38144
vt 20.6226 2.95153
vt 20.7477 5.77965
f 1529/6032/1204 1293/6033/968 1310/6034/985

vt 20.3995 5.8272
vt 20.279 2.9989
vt 19.6438 5.64366
f 1310/6035/985 1293/6036/968 1309/6037/984

vt 19.2955 5.98006
vt 20.4236 5.71022
vt 21.0441 3.06197
f 1294/6038/969 1309/6039/984 1293/6040/968

v 59.5337 18.6653 -10.5489
vt 14.2838 1.88582
vn 0.915331 -0.102071 0.389551
vt 14.255 -0.0269308
vt 13.4159 3.39469
f 1530/6041/1205 1529/6042/1204 1310/6043/985

v 59.3473 17.8351 -10.2679
vt 9.68346 0.568888
vn 0.34858 0.167186 0.922248
vt 9.51893 -0.232278
vt 9.60322 1.67883
f 1531/6044/1206 1529/6045/1204 1530/6046/1205

vt -1.05672 2.28618
vt -1.46472 2.08036
vt -1.27644 2.87628
f 1526/6047/1201 1529/6048/1204 1531/6049/1206

vt 3.07808 -6.50938
vt 2.87612 -6.00249
vt 3.27659 -5.78237
f 1528/6050/1203 1529/6051/1204 1526/6052/1201

vt -12.2044 -1.4124
vt -12.2368 -0.343839
vt -11.9192 0.339597
f 1527/6053/1202 1528/6054/1203 1526/6055/1201

vt -8.46609 -0.287242
vt -8.67304 0.307455
vt -7.72629 2.92809
f 1526/6056/1201 1531/6057/1206 1525/6058/1200

vt -13.6802 5.40323
vt -14.6811 2.80279
v 59.2999 19.4324 -10.5197
vt -14.1989 4.72305
vn 0.138114 0.229125 0.963549
f 1525/6059/1200 1531/6060/1206 1532/6061/1207

vt -3.23884 1.82492
vt -3.64441 -0.112963
vt -3.63896 0.999859
f 1532/6062/1207 1531/6063/1206 1530/6064/1205

vt -4.1747 2.30669
vt -4.57916 1.48374
v 59.6366 19.3229 -10.7242
vt -4.523 2.33689
vn 0.720424 0.0573071 0.691162
f 1532/6065/1207 1530/6066/1205 1533/6067/1208

vt 10.4511 1.40291
v 59.8285 19.1807 -11.0416
vt 10.0941 2.22744
vn 0.969632 -0.242751 0.0297537
vt 10.4329 2.25771
f 1530/6068/1205 1534/6069/1209 1533/6070/1208

vt 21.5575 5.39224
vt 20.7312 6.92428
vt 21.2288 6.22852
f 1530/6071/1205 1310/6072/985 1534/6073/1209

vt 18.0264 4.58186
vt 17.5079 5.26217
vt 17.557 7.3605
f 1534/6074/1209 1310/6075/985 1311/6076/986

v 59.857 20.2955 -11.0143
vt 10.5569 4.30402
vn 0.752951 0.00211744 0.658073
vt 10.2876 2.9849
vt 9.89311 5.77517
f 1535/6077/1210 1534/6078/1209 1311/6079/986

vt 10.3623 3.05746
vt 10.0235 3.02734
vt 10.2944 4.34612
f 1533/6080/1208 1534/6081/1209 1535/6082/1210

vt -4.15376 2.55069
vt -4.50207 2.58086
vt -4.48126 3.87113
f 1532/6083/1207 1533/6084/1208 1535/6085/1210

vt -3.74664 2.6459
vt -4.0766 3.96572
v 59.4553 21.6698 -10.9367
vt -3.36298 5.43767
vn -0.046655 0.218158 0.974798
f 1532/6086/1207 1535/6087/1210 1536/6088/1211

vt -6.42794 7.01398
vt -7.15504 5.54865
v 60.0394 21.2941 -11.1989
vt -7.06729 6.82607
vn 0.555638 0.0826084 0.82731
f 1536/6089/1211 1535/6090/1210 1537/6091/1212

vt 8.01554 6.05565
vt 7.97184 4.77596
v 60.3353 21.7082 -11.5711
vt 7.73766 6.72799
vn 0.883646 -0.0962434 0.458156
f 1537/6092/1212 1535/6093/1210 1538/6094/1213

vt 12.3759 7.02278
v 61.0017 23.7133 -12.3403
vt 12.4445 10.2632
vn 0.962967 -0.189257 0.192034
vt 12.7925 7.50608
vt 13.052 5.55725
f 1311/6095/986 1539/6096/1214 1538/6097/1213 1535/6098/1210 

vt 15.4262 7.0556
vt 14.5021 11.0119
vt 15.474 10.2964
f 1311/6099/986 1313/6100/988 1539/6101/1214

vt 17.751 7.6561
vt 17.0008 7.94367
vt 16.8152 11.6096
f 1311/6102/986 1312/6103/987 1313/6104/988

vt 15.721 10.6447
vt 14.7487 11.3597
vt 15.399 11.7971
f 1539/6105/1214 1313/6106/988 1318/6107/993

vt 17.3106 7.72668
vt 17.1311 8.19227
vt 17.9484 8.18207
f 1313/6108/988 1314/6109/989 1318/6110/993

vt 11.9025 9.42493
vt 11.5927 10.5807
v 61.0547 24.7253 -12.2867
vt 12.1568 10.6231
vn 0.843262 -0.0984263 0.528415
f 1539/6111/1214 1318/6112/993 1540/6113/1215

vt 11.9966 12.782
vt 11.4326 12.7397
v 61.3263 25.3704 -12.5136
vt 11.8968 13.6833
vn 0.920439 -0.178576 0.34771
f 1540/6114/1215 1318/6115/993 1541/6116/1216

vt 13.6245 12.8226
vt 13.1589 11.8797
vt 12.8871 13.2427
f 1541/6117/1216 1318/6118/993 1319/6119/994

vt 13.4449 12.5009
vt 12.7077 12.9211
v 61.7428 26.856 -12.9148
vt 13.3447 14.4784
vn 0.946754 -0.181308 0.266052
f 1541/6120/1216 1319/6121/994 1542/6122/1217

vt 15.2131 13.7689
vt 14.585 12.2081
vt 14.3831 14.4404
f 1542/6123/1217 1319/6124/994 1320/6125/995

vt 15.7691 14.518
vt 14.9379 15.1879
vt 15.8281 17.5151
f 1542/6126/1217 1320/6127/995 1355/6128/1030

v 61.5345 27.2912 -12.5981
vt 7.40075 14.9883
vn 0.748736 -0.0709396 0.659061
vt 6.9867 14.619
vt 7.0784 17.6153
f 1543/6129/1218 1542/6130/1217 1355/6131/1030

v 60.964 25.7354 -12.1308
vt 7.25309 13.2146
vn 0.533734 0.0333792 0.844993
vt 6.67389 14.9709
vt 7.08798 15.3401
f 1544/6132/1219 1542/6133/1217 1543/6134/1218

vt 4.09262 12.144
vt 3.58229 11.9234
vt 3.51958 13.9024
f 1544/6135/1219 1541/6136/1216 1542/6137/1217

vt 3.33469 11.8516
vt 3.22925 12.7523
vt 3.73969 12.9727
f 1540/6138/1215 1541/6139/1216 1544/6140/1219

v 60.5022 24.9462 -11.8069
vt 1.52284 12.6968
vn 0.2192 0.166196 0.961421
vt 0.888553 12.7312
vt 1.2923 13.8527
f 1545/6141/1220 1540/6142/1215 1544/6143/1219

vt 1.32199 8.91309
v 60.7539 24.2031 -11.9372
vt 0.899913 8.14585
vn 0.680901 0.0247224 0.731958
vt 0.687719 8.94782
f 1545/6144/1220 1546/6145/1221 1540/6146/1215

v 60.1161 24.0993 -11.4967
vt -2.44311 10.0126
vn 0.188674 0.183634 0.964718
vt -3.0322 10.448
vt -2.59812 11.2085
f 1547/6147/1222 1546/6148/1221 1545/6149/1220

vt -2.83647 9.47138
v 60.5234 23.289 -11.7001
vt -3.43065 8.69932
vn 0.689123 0.00368465 0.724635
vt -3.42517 9.90721
f 1547/6150/1222 1548/6151/1223 1546/6152/1221

vt -3.38233 9.90591
v 60.179 22.2389 -11.4027
vt -3.91637 7.71624
vn 0.473454 0.0986831 0.875273
vt -3.97752 9.13462
f 1547/6153/1222 1549/6154/1224 1548/6155/1223

vt -4.52495 6.99205
vt -5.06 8.00857
vt -4.52178 10.1972
f 1536/6156/1211 1549/6157/1224 1547/6158/1222

vt -6.17442 6.13523
vt -6.81366 5.94695
vt -6.70556 7.1538
f 1536/6159/1211 1537/6160/1212 1549/6161/1224

vt 5.87982 5.10307
vt 5.60784 5.77782
vt 5.92428 6.31393
f 1537/6162/1212 1538/6163/1213 1549/6164/1224

vt 3.00655 8.05233
vt 2.68527 7.51911
vt 2.9297 9.46995
f 1549/6165/1224 1538/6166/1213 1548/6167/1223

vt 8.59041 6.87425
vt 8.27087 9.63483
vt 8.81099 8.82793
f 1538/6168/1213 1539/6169/1214 1548/6170/1223

vt 8.99037 8.95563
vt 8.44983 9.76225
vt 8.95436 10.163
f 1548/6171/1223 1539/6172/1214 1546/6173/1221

vt 8.64187 10.5596
vt 8.13707 10.1592
vt 8.40445 11.3545
f 1546/6174/1221 1539/6175/1214 1540/6176/1215

v 59.4034 24.952 -11.4234
vt -10.5301 11.0674
vn -0.216531 0.305845 0.927132
vt -11.4594 7.11231
vt -11.4246 10.3173
f 1550/6177/1225 1536/6178/1211 1547/6179/1222

v 58.7982 22.1071 -10.8966
vt -12.9376 7.94886
vn -0.32033 0.221431 0.921063
vt -13.6878 7.66129
vt -12.752 11.6148
f 1551/6180/1226 1536/6181/1211 1550/6182/1225

vt -14.1039 10.7285
vt -13.6189 10.0003
vt -14.8523 10.4362
f 1551/6183/1226 1523/6184/1198 1536/6185/1211

v 58.3119 23.1054 -11.0753
vt -15.8076 9.92422
vn -0.406008 0.259715 0.876188
vt -16.0804 8.14926
vt -16.5801 8.86752
f 1552/6186/1227 1523/6187/1198 1551/6188/1226

v 57.5486 24.3954 -11.4654
vt -16.3205 11.3491
vn -0.500665 0.303743 0.810601
vt -17.7875 8.21118
vt -17.5334 9.98891
f 1553/6189/1228 1523/6190/1198 1552/6191/1227

vt -16.7523 11.4708
vt -15.2606 10.282
vt -18.208 8.32765
f 1553/6192/1228 1522/6193/1197 1523/6194/1198

vt -17.6695 10.2991
vt -16.149 10.7517
vt -16.1725 9.11688
f 1553/6195/1228 1521/6196/1196 1522/6197/1197

vt -16.57 10.8413
vt -15.842 9.63855
vt -17.3618 9.18335
f 1520/6198/1195 1521/6199/1196 1553/6200/1228

vt -17.0359 8.95307
v 58.5816 24.9867 -11.446
vt -17.9844 9.99227
vn -0.41355 0.366626 0.833404
vt -16.25 10.6138
f 1553/6201/1228 1554/6202/1229 1520/6203/1195

vt -15.2717 10.5194
vt -16.4905 9.16444
vt -16.2284 11.5511
f 1553/6204/1228 1552/6205/1227 1554/6206/1229

vt -15.0299 9.01756
vt -15.6233 11.6293
vt -14.7658 11.404
f 1552/6207/1227 1550/6208/1225 1554/6209/1229

vt -14.6085 9.11525
vt -15.3843 8.06101
vt -15.2015 11.7271
f 1552/6210/1227 1551/6211/1226 1550/6212/1225

vt -15.5615 8.28767
vt -16.4177 8.51784
v 59.3633 25.3076 -11.6061
vt -16.2167 8.97451
vn -0.343579 0.32581 0.880796
f 1554/6213/1229 1550/6214/1225 1555/6215/1230

vt -13.6933 7.19871
vt -13.8762 6.73446
v 59.9202 25.1389 -11.6291
vt -14.2883 7.18936
vn -0.172285 0.252445 0.95215
f 1555/6216/1230 1550/6217/1225 1556/6218/1231

vt -9.15322 11.0616
vt -10.1729 11.5069
vt -9.58287 11.4999
f 1550/6219/1225 1545/6220/1220 1556/6221/1231

vt -9.63412 9.94248
vt -10.5267 9.19005
vt -10.6532 10.3892
f 1550/6222/1225 1547/6223/1222 1545/6224/1220

vt -9.56823 12.7226
vt -10.1582 12.7297
v 60.1589 26.2024 -11.7725
vt -9.51666 14.0856
vn -0.0609119 0.222724 0.972977
f 1556/6225/1231 1545/6226/1220 1557/6227/1232

vt -6.67999 11.0739
vt -6.90714 12.2305
vt -6.03955 12.4304
f 1545/6228/1220 1544/6229/1219 1557/6230/1232

vt -6.24959 13.3574
vt -7.11723 13.1577
v 61.1152 27.1548 -12.2952
vt -6.88798 14.914
vn 0.160036 0.170699 0.97224
f 1557/6231/1232 1544/6232/1219 1558/6233/1233

vt -1.91648 14.2505
vt -2.13886 12.4932
vt -2.28955 14.6199
f 1558/6234/1233 1544/6235/1219 1543/6236/1218

vt -1.17248 15.0088
vt -1.54573 15.378
v 62.2303 29.7584 -13.0792
vt -1.5452 18.6194
vn 0.613768 -0.0431541 0.788306
f 1558/6237/1233 1543/6238/1218 1559/6239/1234

vt 10.3447 15.362
vt 10.0196 17.9886
vt 10.3496 18.6033
f 1543/6240/1218 1355/6241/1030 1559/6242/1234

vt 8.68985 18.7007
vt 8.77148 21.3302
vt 9.01899 19.3158
f 1355/6243/1030 1356/6244/1031 1559/6245/1234

vt 11.8586 19.5661
vt 11.6251 21.5821
v 62.6605 31.0185 -13.2999
vt 11.8722 21.243
vn 0.676736 -0.118725 0.72659
f 1559/6246/1234 1356/6247/1031 1560/6248/1235

v 62.9454 31.8854 -13.4059
vt 12.2681 22.6011
vn 0.608734 -0.120672 0.784143
vt 12.2154 21.4607
vt 11.9687 21.8001
f 1561/6249/1236 1560/6250/1235 1356/6251/1031

vt -6.79695 21.8339
vt -6.82624 22.9751
v 62.49 31.3725 -13.2083
vt -6.54353 22.1735
vn 0.003629 0.158434 0.987363
f 1560/6252/1235 1561/6253/1236 1562/6254/1237

v 62.7733 32.3804 -13.3603
vt -8.93274 22.6366
vn -0.299816 0.262244 0.917245
vt -8.93187 21.3221
vt -9.22003 22.1218
f 1563/6255/1238 1562/6256/1237 1561/6257/1236

v 61.5527 30.4252 -12.9364
vt -12.4345 19.7255
vn -0.307881 0.296029 0.904199
vt -13.0854 21.2127
vt -13.097 22.5271
f 1564/6258/1239 1562/6259/1237 1563/6260/1238

vt -14.2055 18.9419
v 61.7307 29.7024 -12.8265
vt -14.5816 18.1256
vn -0.0573059 0.218126 0.974237
vt -14.8585 20.4281
f 1564/6261/1239 1565/6262/1240 1562/6263/1237

vt -12.7829 18.2355
v 60.4448 27.9309 -12.2043
vt -12.4376 14.7639
vn -0.219485 0.290508 0.93136
vt -13.1571 17.4183
f 1564/6264/1239 1566/6265/1241 1565/6266/1240

vt -16.0887 18.0794
v 59.5253 27.9912 -12.2199
vt -14.8258 14.3741
vn -0.408603 0.352297 0.84198
vt -15.785 14.6039
f 1564/6267/1239 1567/6268/1242 1566/6269/1241

vt -16.4366 13.9454
vt -17.6616 17.6633
v 60.805 30.3994 -13.0175
vt -16.8618 17.4035
vn -0.476779 0.374932 0.795052
f 1567/6270/1242 1564/6271/1239 1568/6272/1243

vt -17.3905 18.5606
vt -18.0515 21.3625
vt -16.5903 18.302
f 1564/6273/1239 1563/6274/1238 1568/6275/1243

vt -19.0767 17.3566
vt -20.4708 20.4482
v 61.2319 31.7439 -13.6338
vt -18.8617 19.2415
vn -0.541425 0.412698 0.732488
f 1568/6276/1243 1563/6277/1238 1569/6278/1244

vt -19.6899 21.5612
v 63.2025 33.1713 -13.4925
vt -19.9108 22.6638
vn -0.307606 0.474187 0.82494
vt -18.0715 20.367
f 1563/6279/1238 1570/6280/1245 1569/6281/1244

vt -13.3142 24.0472
vt -13.1011 22.9431
v 63.3193 32.8086 -13.4892
vt -13.5162 23.658
vn 0.646706 -0.0875067 0.757703
f 1570/6282/1245 1563/6283/1238 1571/6284/1246

vt -11.8115 23.3218
vt -11.9391 24.5574
vt -11.5293 23.8395
f 1561/6285/1236 1571/6286/1246 1563/6287/1238

vt 14.2514 23.4218
v 63.202 32.2447 -13.6572
vt 14.0786 23.9922
vn 0.926931 -0.342236 -0.15386
vt 14.3433 24.6605
f 1561/6288/1236 1572/6289/1247 1571/6290/1246

vt 11.5011 22.8972
vt 11.2043 22.0952
vt 11.3188 23.4646
f 1561/6291/1236 1356/6292/1031 1572/6293/1247

vt 20.8627 20.6306
vt 20.0084 21.0613
vt 21.0252 21.9951
f 1356/6294/1031 1357/6295/1032 1572/6296/1247

v 63.4625 33.0475 -13.7493
vt 21.0221 23.1452
vn 0.925015 -0.116699 -0.361564
vt 20.9339 22.0939
vt 19.9173 21.1599
f 1573/6297/1248 1572/6298/1247 1357/6299/1032

vt 17.2008 22.6084
vt 17.2753 23.6608
vt 17.4778 23.2718
f 1572/6300/1247 1573/6301/1248 1571/6302/1246

vt 14.3998 21.6619
vt 14.1974 22.051
v 63.443 33.3366 -13.6188
vt 14.3762 22.3545
vn 0.7322 0.417063 0.538463
f 1571/6303/1246 1573/6304/1248 1574/6305/1249

vt 22.2483 21.3724
vt 22.1538 21.033
v 63.0882 33.4319 -14.0381
vt 21.5633 21.4756
vn 0.400988 0.913644 -0.0668038
f 1574/6306/1249 1573/6307/1248 1575/6308/1250

vt 11.7927 -2.51127
vt 11.9112 -3.23965
vt 11.6979 -2.739
f 1575/6309/1250 1573/6310/1248 1359/6311/1034

vt 22.1815 22.7243
vt 21.1218 20.7145
vt 21.7119 22.9994
f 1573/6312/1248 1357/6313/1032 1359/6314/1034

vt 18.7677 22.0352
vt 19.8607 22.4268
vt 20.0328 22.2501
f 1379/6315/1054 1575/6316/1250 1359/6317/1034

vt -21.4287 17.4669
vt -20.3446 17.0513
v 62.9869 33.4032 -13.7954
vt -21.6053 17.2793
vn -0.463808 0.684508 0.562433
f 1575/6318/1250 1379/6319/1054 1576/6320/1251

v 61.6179 33.0128 -14.4594
vt -20.0407 17.3998
vn -0.528777 0.679059 0.509189
vt -21.664 18.4331
vt -20.3994 18.228
f 1577/6321/1252 1576/6322/1251 1379/6323/1054

v 60.5265 32.5196 -14.6103
vt -18.8844 18.0962
vn -0.567833 0.510329 0.645857
vt -21.6378 19.9415
vt -19.9068 19.1012
f 1578/6324/1253 1576/6325/1251 1577/6326/1252

vt -17.9996 20.1784
vt -19.5231 19.2594
vt -20.8532 21.8647
f 1578/6327/1253 1569/6328/1244 1576/6329/1251

v 59.4474 32.0275 -14.7742
vt -16.7141 18.6564
vn -0.543008 0.479377 0.689449
vt -19.3228 18.6472
vt -17.8044 19.5747
f 1579/6330/1254 1569/6331/1244 1578/6332/1253

vt -16.7145 18.8458
v 57.6031 30.0614 -14.2449
vt -15.6122 15.7404
vn -0.53798 0.440821 0.718509
vt -19.3232 18.8366
f 1579/6333/1254 1580/6334/1255 1569/6335/1244

v 56.5935 30.7286 -15.0927
vt -13.4208 16.4702
vn -0.532068 0.45217 0.715853
vt -15.1075 15.8119
vt -16.2455 18.9044
f 1581/6336/1256 1580/6337/1255 1579/6338/1254

vt -13.3862 16.341
v 55.9749 28.9716 -14.164
vt -13.6985 13.8106
vn -0.560774 0.413885 0.7171
vt -15.0724 15.6815
f 1581/6339/1256 1582/6340/1257 1580/6341/1255

v 55.4012 29.9177 -15.0836
vt -12.6404 15.1038
vn -0.610672 0.397088 0.685128
vt -14.0025 13.9479
vt -13.6742 16.4763
f 1583/6342/1258 1582/6343/1257 1581/6344/1256

vt -13.3709 16.3579
vt -14.7528 13.2744
vt -14.7468 15.2185
f 1583/6345/1258 1517/6346/1192 1582/6347/1257

vt -11.1642 14.4805
vt -15.3267 13.6334
vt -13.9302 16.7103
f 1429/6348/1104 1517/6349/1192 1583/6350/1258

vt -11.1795 14.5623
vt -11.259 11.3042
vt -15.3421 13.7155
f 1429/6351/1104 1442/6352/1117 1517/6353/1192

vt -12.9432 17.3061
vt -11.4957 14.0454
vt -14.2526 16.2865
f 1427/6354/1102 1429/6355/1104 1583/6356/1258

vt -12.7599 16.923
vt -14.0648 15.8978
vt -13.4967 17.5667
f 1427/6357/1102 1583/6358/1258 1425/6359/1100

vt -12.3412 16.6334
vt -12.8584 14.948
vt -13.8852 16.3257
f 1425/6360/1100 1583/6361/1258 1581/6362/1256

vt -12.2299 15.771
vt -13.7729 15.4581
vt -13.1501 17.4302
f 1425/6363/1100 1581/6364/1256 1424/6365/1099

vt -13.3104 17.5895
vt -13.9445 15.6211
v 58.3793 32.1417 -15.4757
vt -15.1653 18.0459
vn -0.528772 0.526949 0.665376
f 1424/6366/1099 1581/6367/1256 1584/6368/1259

vt -14.1358 15.5678
vt -16.9108 18.0585
vt -15.3402 18.0008
f 1581/6369/1256 1579/6370/1254 1584/6371/1259

vt -15.3629 16.9072
vt -16.9334 16.9666
v 60.1085 32.9478 -15.534
vt -16.8367 18.5466
vn -0.511915 0.635075 0.578466
f 1584/6372/1259 1579/6373/1254 1585/6374/1260

vt -17.3425 19.2091
vt -17.4923 17.6333
vt -18.5488 18.5902
f 1585/6375/1260 1579/6376/1254 1578/6377/1253

vt -17.3262 19.1084
vt -18.5318 18.4879
vt -19.589 19.4562
f 1585/6378/1260 1578/6379/1253 1577/6380/1252

vt -17.59 14.7956
vt -19.8397 15.2201
vt -19.1121 15.5717
f 1585/6381/1260 1577/6382/1252 1380/6383/1055

vt -19.8941 15.9462
vt -20.3604 16.7189
vt -19.1624 16.2892
f 1577/6384/1252 1379/6385/1054 1380/6386/1055

vt -17.5255 15.063
vt -19.0563 15.8215
vt -15.655 15.2957
f 1585/6387/1260 1380/6388/1055 1381/6389/1056

v 58.0084 33.0087 -17.1341
vt -14.2088 12.6404
vn -0.436272 0.756987 0.486455
vt -17.4539 12.9911
vt -15.5863 13.2466
f 1586/6390/1261 1585/6391/1260 1381/6392/1056

v 57.7439 32.6045 -16.4707
vt -14.4481 15.6261
vn -0.511579 0.602802 0.612304
vt -17.3247 16.7499
vt -14.0737 16.4591
f 1587/6393/1262 1585/6394/1260 1586/6395/1261

vt -14.1061 17.3511
vt -15.5568 16.7404
vt -17.0124 18.3958
f 1587/6396/1262 1584/6397/1259 1585/6398/1260

vt -13.6064 15.6737
vt -15.4546 16.1566
vt -14.0079 16.7766
f 1424/6399/1099 1584/6400/1259 1587/6401/1262

vt -12.9404 16.9578
vt -13.8765 15.7219
vt -14.2585 16.8316
f 1422/6402/1097 1424/6403/1099 1587/6404/1262

vt -14.1837 14.9882
vt -13.8301 15.8303
vt -12.8664 15.1225
f 1587/6405/1262 1586/6406/1261 1422/6407/1097

vt -13.4034 14.0994
vt -14.3225 14.8643
v 57.1616 33.1531 -18.329
vt -12.5135 15.0773
vn -0.383715 0.817179 0.430094
f 1422/6408/1097 1586/6409/1261 1588/6410/1263

vt -14.1435 10.2497
vt -14.5729 11.0953
vt -12.3417 10.5171
f 1586/6411/1261 1382/6412/1057 1588/6413/1263

vt -14.6022 11.0181
vt -15.9232 11.7394
vt -14.9442 11.9027
f 1586/6414/1261 1381/6415/1056 1382/6416/1057

vt -12.5319 8.97555
vt -14.7391 9.6392
vt -11.2392 9.24861
f 1588/6417/1263 1382/6418/1057 1418/6419/1093

vt -15.0107 4.88344
vt -13.2111 4.94009
vt -11.5754 4.10868
f 1382/6420/1057 1384/6421/1059 1418/6422/1093

vt -15.012 5.08982
vt -14.6584 5.36077
vt -13.2123 5.14478
f 1382/6423/1057 1383/6424/1058 1384/6425/1059

vt -11.3869 4.34549
vt -13.0775 5.05867
vt -11.3811 4.87148
f 1418/6426/1093 1384/6427/1059 1385/6428/1060

vt -11.1192 3.52154
vt -11.1525 4.04649
vt -8.18425 3.89806
f 1418/6429/1093 1385/6430/1060 1386/6431/1061

vt -11.8247 10.9297
vt -12.6519 11.3757
vt -11.3522 11.6127
f 1420/6432/1095 1588/6433/1263 1418/6434/1093

vt -13.0097 12.4942
vt -12.171 13.5164
vt -11.3084 13.1436
f 1422/6435/1097 1588/6436/1263 1420/6437/1095

vt -14.7243 13.2701
v 57.1948 27.9523 -12.7701
vt -17.0857 14.0919
vn -0.552813 0.374141 0.744591
vt -14.7189 15.2142
f 1517/6438/1192 1589/6439/1264 1582/6440/1257

vt -16.467 13.3301
vt -16.921 14.5893
vt -14.5589 13.7698
f 1519/6441/1194 1589/6442/1264 1517/6443/1192

vt -15.573 13.6568
v 58.1063 27.3302 -12.1678
vt -17.4299 14.3459
vn -0.50535 0.323823 0.79985
vt -16.0265 14.9162
f 1519/6444/1194 1590/6445/1265 1589/6446/1264

vt -16.81 12.6378
vt -17.2577 14.7913
vt -15.4014 14.1007
f 1520/6447/1195 1590/6448/1265 1519/6449/1194

vt -16.5892 12.7062
v 58.7074 26.2859 -11.7218
vt -18.078 13.7248
vn -0.470298 0.256097 0.844532
vt -17.0335 14.8604
f 1520/6450/1195 1591/6451/1266 1590/6452/1265

v 58.5504 25.5576 -11.7622
vt -17.2136 13.9289
vn -0.465408 0.266586 0.843995
vt -17.2867 14.8421
vt -15.8074 13.8097
f 1592/6453/1267 1591/6454/1266 1520/6455/1195

vt -16.4159 14.18
v 59.1583 25.9762 -11.6114
vt -17.0504 14.8491
vn -0.355943 0.236554 0.904072
vt -16.4779 15.0941
f 1592/6456/1267 1593/6457/1268 1591/6458/1266

vt -15.9159 14.6709
vt -16.8724 14.6077
vt -16.5451 15.345
f 1592/6459/1267 1555/6460/1230 1593/6461/1268

vt -15.5292 8.81519
vt -15.8335 8.06239
vt -16.4857 8.75195
f 1592/6462/1267 1554/6463/1229 1555/6464/1230

vt -16.1187 10.1726
vt -17.8521 9.54814
vt -17.5249 10.2912
f 1520/6465/1195 1554/6466/1229 1592/6467/1267

vt -13.4394 14.6925
vt -13.7931 13.9675
vt -14.3881 13.9584
f 1593/6468/1268 1555/6469/1230 1556/6470/1231

vt -12.3822 13.4831
vt -13.3347 12.754
vt -13.2941 14.1174
f 1593/6471/1268 1556/6472/1231 1557/6473/1232

vt -13.4405 11.961
vt -14.3523 12.5955
vt -14.116 14.8244
f 1593/6474/1268 1557/6475/1232 1566/6476/1241

vt -9.78213 11.9411
vt -10.4103 13.502
vt -9.58031 14.1735
f 1557/6477/1232 1558/6478/1233 1566/6479/1241

vt -10.4314 15.285
vt -11.2627 14.6153
vt -11.1605 17.9368
f 1566/6480/1241 1558/6481/1233 1565/6482/1240

vt -6.70614 17.7657
vt -6.79265 14.4437
vt -7.15516 18.0553
f 1565/6483/1240 1558/6484/1233 1559/6485/1234

vt -6.01942 21.5216
vt -5.76261 19.2167
vt -6.21149 19.5066
f 1562/6486/1237 1565/6487/1240 1559/6488/1234

vt -5.53325 21.483
vt -5.72737 19.4682
vt -5.78766 21.1441
f 1562/6489/1237 1559/6490/1234 1560/6491/1235

vt -14.8476 14.2786
vt -15.1503 11.6406
vt -15.8067 14.5085
f 1567/6492/1242 1593/6493/1268 1566/6494/1241

vt -15.6009 11.7299
vt -15.2923 14.3673
vt -15.0269 11.9714
f 1593/6495/1268 1567/6496/1242 1591/6497/1266

vt -16.145 11.9378
vt -16.3958 14.3353
vt -15.1008 13.0739
f 1591/6498/1266 1567/6499/1242 1590/6500/1265

v 58.5302 28.2864 -12.5473
vt -15.906 13.6687
vn -0.484761 0.405622 0.774905
vt -15.8699 12.3031
vt -17.1563 13.5733
v 60.1566 30.6678 -13.3884
vt -16.6337 17.2359
vn -0.511523 0.41444 0.752718
f 1594/6501/1269 1590/6502/1265 1567/6503/1242 1595/6504/1270 

vt -16.7446 12.4663
vt -16.7659 13.8322
vt -15.3436 13.0423
f 1590/6505/1265 1594/6506/1269 1589/6507/1264

vt -15.6299 12.4959
vt -17.0485 13.2922
v 57.7943 28.9779 -13.2281
vt -15.7521 14.0336
vn -0.529019 0.439511 0.725926
f 1589/6508/1264 1594/6509/1269 1596/6510/1271

vt -17.2006 13.6695
vt -17.8628 17.2495
vt -15.9022 14.4074
f 1594/6511/1269 1595/6512/1270 1596/6513/1271

vt -16.8194 13.9283
vt -18.7212 16.8101
vt -15.7144 15.4154
f 1596/6514/1271 1595/6515/1270 1580/6516/1255

vt -18.5861 17.1726
vt -19.288 18.8821
vt -15.574 15.7894
f 1595/6517/1270 1569/6518/1244 1580/6519/1255

vt -17.708 17.3493
vt -18.6415 17.1596
vt -18.4401 19.0461
f 1595/6520/1270 1568/6521/1243 1569/6522/1244

vt -18.3368 14.0374
vt -18.6947 17.5031
vt -17.7611 17.692
f 1567/6523/1242 1568/6524/1243 1595/6525/1270

vt -16.7574 13.8334
vt -15.655 15.3224
vt -14.3092 13.4312
f 1596/6526/1271 1580/6527/1255 1582/6528/1257

vt -16.6106 12.7368
vt -16.7017 14.2767
vt -14.2529 13.8782
f 1589/6529/1264 1596/6530/1271 1582/6531/1257

vt -19.5791 19.2452
vt -21.3745 21.5764
vt -20.9054 21.8524
f 1569/6532/1244 1570/6533/1245 1576/6534/1251

vt -5.75491 -5.77469
vt -5.67067 -5.03814
vt -5.55521 -5.26842
f 1570/6535/1245 1575/6536/1250 1576/6537/1251

vt -21.7779 18.4496
vt -21.8692 18.79
vt -21.1842 18.8936
f 1570/6538/1245 1574/6539/1249 1575/6540/1250

vt -9.09078 21.8742
vt -9.29319 21.4851
vt -9.26989 22.1777
f 1570/6541/1245 1571/6542/1246 1574/6543/1249

vt 20.0907 22.4623
vt 18.4789 21.4113
vt 18.8246 22.2537
f 1359/6544/1034 1360/6545/1035 1379/6546/1054

vt 20.2609 20.0415
vt 19.7782 19.2694
vt 19.0402 19.5688
f 1379/6547/1054 1360/6548/1035 1361/6549/1036

vt -14.747 6.83461
vt -15.9412 5.16523
vt -15.9829 7.26373
f 1523/6550/1198 1525/6551/1200 1536/6552/1211

vt -16.3437 7.94024
vt -16.7794 6.08519
vt -17.5351 6.26889
f 1523/6553/1198 1524/6554/1199 1525/6555/1200

vt -13.3787 5.16889
vt -13.8972 4.48858
vt -13.4278 7.26723
f 1525/6556/1200 1532/6557/1207 1536/6558/1211

v 53.3377 21.1805 -13.2385
vt -12.8075 6.64456
vn -0.617981 0.201495 0.759933
vt -15.7367 6.52894
vt -12.9144 9.12622
f 1597/6559/1272 1512/6560/1187 1466/6561/1141

vt -12.8127 6.76397
vt -16.5812 4.83663
vt -15.742 6.64812
f 1597/6562/1272 1510/6563/1185 1512/6564/1187

v 53.8863 19.9739 -12.9138
vt -14.0093 5.82957
vn -0.630268 0.149881 0.761773
vt -16.8559 5.22105
vt -13.0984 7.16958
f 1598/6565/1273 1510/6566/1185 1597/6567/1272

vt -14.0947 6.12726
vt -16.0583 4.15011
vt -16.9398 5.512
f 1598/6568/1273 1506/6569/1181 1510/6570/1185

vt -13.8872 5.00936
vt -16.2502 4.20124
vt -14.3001 6.19174
f 1505/6571/1180 1506/6572/1181 1598/6573/1273

vt -12.2472 6.02881
vt -14.1398 4.80334
vt -14.5638 5.98174
f 1469/6574/1144 1505/6575/1180 1598/6576/1273

vt -12.058 4.42307
vt -14.5 4.98499
vt -12.6282 6.24202
f 1500/6577/1175 1505/6578/1180 1469/6579/1144

vt -11.8412 3.94498
vt -12.9544 3.44969
vt -13.6317 5.23154
f 1470/6580/1145 1500/6581/1175 1469/6582/1144

vt -12.2452 5.9507
vt -14.5618 5.90379
vt -13.6727 7.25837
f 1469/6583/1144 1598/6584/1273 1597/6585/1272

vt -12.623 5.45894
vt -14.0663 6.74923
vt -13.2787 7.45561
f 1469/6586/1144 1597/6587/1272 1467/6588/1142

vt -12.8222 7.14857
vt -13.6166 6.44989
vt -13.7534 8.93009
f 1467/6589/1142 1597/6590/1272 1466/6591/1141

vt -16.4581 3.70937
vt -18.1538 3.10528
vt -17.3574 5.05967
f 1506/6592/1181 1507/6593/1182 1510/6594/1185

vt -18.1796 3.09916
vt -19.259 3.37981
vt -17.3849 5.05423
f 1507/6595/1182 1508/6596/1183 1510/6597/1185

vt -20.3241 -0.458289
vt -18.2711 -0.0782943
vt -19.4742 -0.369751
f 1494/6598/1169 1489/6599/1164 1490/6600/1165

vt -20.2544 -1.57285
vt -19.4095 -1.44527
vt -20.9206 -1.85665
f 1494/6601/1169 1490/6602/1165 1491/6603/1166

vt -20.2572 -1.54324
vt -20.9238 -1.82612
vt -21.637 -1.94231
f 1494/6604/1169 1491/6605/1166 1492/6606/1167

vt -4.65948 2.29137
vt -4.38231 3.06089
vt -0.693298 1.41061
f 1270/6607/945 1459/6608/1134 1269/6609/944

vt -7.99644 9.12665
vt -6.35118 9.70207
vt -7.16429 7.12232
f 1445/6610/1120 1447/6611/1122 1461/6612/1136

vt -6.20548 9.71305
v 48.4387 21.9812 -19.5717
vt -5.24976 7.12641
vn -0.784065 0.20489 0.585885
vt -7.03437 7.13833
f 1447/6613/1122 1599/6614/1274 1461/6615/1136

vt -6.74265 9.44923
v 47.8325 21.9878 -21.0006
vt -3.8755 7.02436
vn -0.826801 0.243755 0.506936
vt -5.73308 6.88314
f 1447/6616/1122 1600/6617/1275 1599/6618/1274

vt -4.71498 9.01098
vt -3.87148 7.02838
vt -6.73823 9.45373
f 1450/6619/1125 1600/6620/1275 1447/6621/1122

vt -3.84495 9.61631
vt -4.34044 6.8055
vt -5.21759 8.77345
f 1451/6622/1126 1600/6623/1275 1450/6624/1125

vt -3.85838 9.61656
vt -3.14311 7.59279
vt -4.3528 6.80557
f 1451/6625/1126 1452/6626/1127 1600/6627/1275

vt -3.08317 7.52336
vt -2.92549 5.98163
vt -4.29407 6.73802
f 1452/6628/1127 1453/6629/1128 1600/6630/1275

vt -4.16877 6.93214
vt -2.80316 6.1704
vt -4.34376 5.22873
f 1600/6631/1275 1453/6632/1128 1457/6633/1132

vt -2.72917 6.08279
vt -2.73725 4.38457
vt -4.27225 5.14518
f 1453/6634/1128 1454/6635/1129 1457/6636/1132

vt -3.86799 6.95249
vt -4.06187 5.25113
vt -5.72562 6.81179
f 1600/6637/1275 1457/6638/1132 1599/6639/1274

vt -5.4154 7.11507
vt -3.77233 5.53265
vt -4.44668 3.55249
f 1599/6640/1274 1457/6641/1132 1458/6642/1133

vt -5.24914 7.1877
vt -4.30981 3.61727
vt -7.03375 7.19967
f 1599/6643/1274 1458/6644/1133 1461/6645/1136

vt -5.47447 9.98328
vt -4.71717 9.004
vt -6.74045 9.44658
f 1449/6646/1124 1450/6647/1125 1447/6648/1122

vt -3.68592 9.89235
vt -5.71058 9.65656
vt -6.34821 10.7893
f 1202/6649/877 1448/6650/1123 1200/6651/875

vt -5.88528 11.0566
vt -5.2307 9.93356
vt -7.44575 9.77524
f 1200/6652/875 1448/6653/1123 1446/6654/1121

vt -5.84343 10.9859
vt -7.40258 9.70295
vt -9.30893 11.1459
f 1200/6655/875 1446/6656/1121 1443/6657/1118

vt -5.79562 12.0426
vt -9.26114 12.2023
v 49.9396 27.3527 -19.5761
vt -6.26452 13.6162
vn -0.745153 0.292449 0.59935
f 1200/6658/875 1443/6659/1118 1601/6660/1276

vt -9.08807 11.915
vt -8.14905 13.893
vt -6.08819 13.3219
f 1443/6661/1118 1440/6662/1115 1601/6663/1276

vt -6.09889 13.2854
vt -8.15978 13.8564
vt -6.23689 14.7351
f 1601/6664/1276 1440/6665/1115 1438/6666/1113

vt -6.43688 13.2471
vt -6.57658 14.6966
vt -4.84319 13.7774
f 1601/6667/1276 1438/6668/1113 1198/6669/873

vt -5.17799 13.0632
vt -6.90744 13.9898
vt -5.54549 14.2993
f 1198/6670/873 1438/6671/1113 1196/6672/871

vt -6.06781 11.9476
vt -6.54557 13.5185
vt -4.9525 14.0506
f 1200/6673/875 1601/6674/1276 1198/6675/873

vt -11.1954 14.0128
vt -9.71445 16.8787
vt -8.20723 16.1755
f 1429/6676/1104 1430/6677/1105 1441/6678/1116

vt -9.79992 16.6505
v 52.8964 31.1575 -18.5947
vt -8.67282 17.4815
vn -0.669252 0.456437 0.586317
vt -8.29393 15.9446
f 1430/6679/1105 1602/6680/1277 1441/6681/1116

vt -8.9208 17.7893
vt -8.34186 16.7342
vt -9.46091 15.8924
f 1431/6682/1106 1602/6683/1277 1430/6684/1105

vt -9.93083 17.2897
vt -7.69409 17.3915
vt -9.40814 16.2057
f 1431/6685/1106 1435/6686/1110 1602/6687/1277

vt -9.92512 16.9881
vt -8.11251 18.3795
vt -7.68842 17.0909
f 1431/6688/1106 1434/6689/1109 1435/6690/1110

vt -9.633 17.0421
vt -7.90147 18.2022
v 52.0308 31.1042 -20.2711
vt -7.3437 17.0843
vn -0.72521 0.440059 0.529546
f 1602/6691/1277 1435/6692/1110 1603/6693/1278

vt -7.88091 18.2141
vt -4.35723 18.6989
vt -7.32166 17.0969
f 1435/6694/1110 1436/6695/1111 1603/6696/1278

vt -7.47093 17.6859
vt -4.49413 19.2648
vt -6.34904 16.594
f 1603/6697/1278 1436/6698/1111 1437/6699/1112

vt -7.45822 17.7048
vt -6.33573 16.6136
vt -8.68499 14.8044
f 1603/6700/1278 1437/6701/1112 1439/6702/1114

vt -9.39306 16.0892
vt -7.42726 17.6721
vt -8.65021 14.7701
f 1441/6703/1116 1603/6704/1278 1439/6705/1114

vt -9.63662 17.4259
vt -7.34731 17.4676
vt -9.30735 15.8777
f 1602/6706/1277 1603/6707/1278 1441/6708/1116

vt -3.13159 16.3639
vt -5.07168 15.8201
vt -2.91603 19.2668
f 1194/6709/869 1195/6710/870 1411/6711/1086

v 50.063 30.3397 -24.4844
vt -2.65255 17.5784
vn -0.901561 0.323782 0.286971
vt -3.52875 16.449
vt -3.27987 19.3492
f 1604/6712/1279 1194/6713/869 1411/6714/1086

vt -3.7646 16.7057
vt -2.88345 17.8312
vt -2.92113 15.5218
f 1194/6715/869 1604/6716/1279 1190/6717/865

vt -3.25926 17.8465
v 50.6177 31.5901 -25.6315
vt -2.38008 19.7661
vn -0.926818 0.104849 -0.360575
vt -3.30285 15.5372
f 1604/6718/1279 1605/6719/1280 1190/6720/865

v 50.7269 32.5926 -25.6217
vt -2.92717 21.0693
vn -0.941767 0.260334 0.212838
vt -2.73415 19.8536
vt -3.60113 17.9285
f 1606/6721/1281 1605/6722/1280 1604/6723/1279

vt -2.9462 21.0667
vt -2.61029 20.8597
vt -2.75206 19.8511
f 1606/6724/1281 1401/6725/1076 1605/6726/1280

vt -2.87174 21.0279
vt -2.38517 22.0953
vt -2.5369 20.8192
f 1606/6727/1281 1402/6728/1077 1401/6729/1076

vt -2.1943 22.7659
vt -2.08905 22.1683
vt -2.5935 21.1093
f 1410/6730/1085 1402/6731/1077 1606/6732/1281

vt -2.7728 22.6869
vt -2.64119 23.046
vt -2.65785 22.0912
f 1410/6733/1085 1404/6734/1079 1402/6735/1077

vt -1.78507 21.0062
vt -3.12662 19.6391
vt -1.36416 22.6574
f 1606/6736/1281 1411/6737/1086 1410/6738/1085

vt -2.98957 19.4793
vt -1.6496 20.8479
vt -2.35017 17.7128
f 1411/6739/1086 1606/6740/1281 1604/6741/1279

vt -2.8 20.3652
vt -2.44891 19.2897
vt -2.82412 19.3471
f 1401/6742/1076 1399/6743/1074 1605/6744/1280

vt -2.80325 19.6906
vt -2.42794 19.6338
v 50.514 30.7975 -25.4948
vt -2.70325 18.6916
vn -0.632268 -0.0515314 -0.773034
f 1605/6745/1280 1399/6746/1074 1607/6747/1282

vt -2.60321 18.6279
vt -2.33195 19.5714
vt -1.71139 15.3879
f 1607/6748/1282 1399/6749/1074 1150/6750/825

vt -2.554 18.647
vt -1.65534 15.4089
v 50.2362 29.7765 -25.2115
vt -2.55758 17.2864
vn -0.723699 0.0152405 -0.689947
f 1607/6751/1282 1150/6752/825 1608/6753/1283

vt -2.33478 17.4204
vt -1.4242 15.547
v 50.0958 28.7112 -25.0567
vt -2.18819 16.086
vn -0.367156 -0.122979 -0.921994
f 1608/6754/1283 1150/6755/825 1609/6756/1284

vt -2.16417 16.1204
vt -1.40016 15.5814
vt -1.88799 14.9786
f 1609/6757/1284 1150/6758/825 1147/6759/822

vt -3.05236 15.0515
vt -2.85284 15.9367
vt -2.60031 14.7894
f 1189/6760/864 1609/6761/1284 1147/6762/822

vt -3.07121 17.3701
vt -2.95455 16.0326
vt -3.16378 15.1497
f 1608/6763/1283 1609/6764/1284 1189/6765/864

vt -3.79337 15.5924
vt -2.94761 17.4673
vt -3.0984 15.2501
f 1190/6766/865 1608/6767/1283 1189/6768/864

vt -3.7869 15.5924
vt -2.86602 18.8256
vt -2.94063 17.4671
f 1190/6769/865 1607/6770/1282 1608/6771/1283

vt -3.0846 19.7409
vt -3.03371 18.7382
vt -3.90129 15.4902
f 1605/6772/1280 1607/6773/1282 1190/6774/865

vt -2.96306 15.2619
vt -2.51037 15.0008
vt -2.85214 14.2291
f 1189/6775/864 1147/6776/822 1149/6777/824

vt -8.09721 8.72644
vt -8.16278 9.27029
v 54.0551 33.4127 -22.3298
vt -6.11955 9.15766
vn -0.242787 0.917208 0.315886
f 1416/6778/1091 1386/6779/1061 1610/6780/1285

vt -8.2526 5.53933
vt -6.40018 5.81145
vt -6.21254 5.37924
f 1386/6781/1061 1387/6782/1062 1610/6783/1285

vt -5.9593 5.27265
vt -6.17391 5.69212
vt -4.65741 5.86541
f 1610/6784/1285 1387/6785/1062 1388/6786/1063

vt -5.48166 2.91781
vt -4.2496 3.64466
vt -1.4996 3.92052
f 1610/6787/1285 1388/6788/1063 1408/6789/1083

vt -1.55764 5.32873
vt -4.31151 5.09469
vt -2.79862 5.38107
f 1408/6790/1083 1388/6791/1063 1407/6792/1082

vt 5.28569 11.7641
vt 2.5287 11.97
vt 3.76669 12.0161
f 1388/6793/1063 1390/6794/1065 1407/6795/1082

vt 5.34938 9.08967
vt 6.57555 8.34679
vt 2.59912 9.37161
f 1388/6796/1063 1389/6797/1064 1390/6798/1065

vt -5.68509 12.9782
vt -6.11832 13.3034
vt -2.03735 13.7594
f 1415/6799/1090 1610/6800/1285 1408/6801/1083

vt -8.2963 12.3213
vt -6.30237 12.6697
vt -5.88187 12.3282
f 1416/6802/1091 1610/6803/1285 1415/6804/1090

vt -5.9056 17.1714
vt -2.23156 17.8177
vt -4.25798 17.1833
f 1415/6805/1090 1408/6806/1083 1413/6807/1088

vt 19.4039 14.367
vt 18.1175 13.0969
vt 18.1537 14.4624
f 1321/6808/996 1322/6809/997 1352/6810/1027

vt 18.5771 14.6509
vt 18.5558 13.2851
vt 17.1548 13.8611
f 1352/6811/1027 1322/6812/997 1323/6813/998

vt 18.701 14.3953
vt 17.2823 13.599
vt 17.4046 15.1367
f 1352/6814/1027 1323/6815/998 1350/6816/1025

vt 17.7391 15.4481
vt 17.648 13.9082
vt 15.2903 15.0496
f 1350/6817/1025 1323/6818/998 1324/6819/999

vt 10.8933 17.7727
vt 10.9205 19.9715
vt 12.1278 19.5842
f 1330/6820/1005 1332/6821/1007 1341/6822/1016

vt 12.1831 19.344
vt 10.9781 19.7381
vt 11.6396 20.7763
f 1341/6823/1016 1332/6824/1007 1335/6825/1010

vt 12.4231 18.571
vt 11.9447 20.0264
vt 13.1483 19.8759
f 1341/6826/1016 1335/6827/1010 1338/6828/1013

vt 0.810043 11.8147
vt 1.94949 11.8609
vt 0.986136 11.1001
f 1184/6829/859 1161/6830/836 1163/6831/838

vt 0.593281 10.7353
vt 1.00966 9.12608
vt -0.216717 10.0002
f 1163/6832/838 1164/6833/839 1180/6834/855

g Mesh30 Pillow_Abernathy_22_1 Pillow_Abernathy_SKU_EAN5489__21_1 Group1 Model

v 22.3655 17.5349 -20.5629
vn -0.0526928 -0.995632 -0.0770716
v 22.8086 17.5049 -20.9356
vn -0.0575435 -0.806492 -0.588438
v 25.0953 17.4935 -20.7483
vn -0.0151111 -0.959096 -0.282677
f 1611/1319/1286 1612/1320/1287 1613/1321/1288

v 22.4389 17.6007 -21.371
vn -0.09249 -0.592683 -0.800108
f 1611/1322/1286 1614/1323/1289 1612/1324/1287

v 19.7411 17.5832 -20.9581
vn 0.020796 -0.796602 -0.604146
f 1611/1325/1286 1615/1326/1290 1614/1327/1289

v 19.8492 17.5817 -20.5411
vn 0.0114308 -0.947318 0.32009
f 1616/1328/1291 1615/1329/1290 1611/1330/1286

v 18.6095 17.5284 -20.5502
vn 0.087914 -0.991695 0.0938743
f 1617/1331/1292 1615/1332/1290 1616/1333/1291

v 18.467 17.5136 -21.0417
vn 0.0595438 -0.699044 -0.712596
f 1617/1334/1292 1618/1335/1293 1615/1336/1290

v 17.8527 17.5022 -20.5157
vn -0.0443708 -0.99094 0.126761
f 1619/1337/1294 1618/1338/1293 1617/1339/1292

v 16.9915 17.561 -20.6663
vn -0.00698018 -0.890132 -0.455649
f 1620/1340/1295 1618/1341/1293 1619/1342/1294

v 18.2175 17.5841 -21.4148
vn 0.0428177 -0.573013 -0.818427
f 1620/1343/1295 1621/1344/1296 1618/1345/1293

v 16.5513 17.7504 -21.6543
vn 0.00657631 -0.493445 -0.869752
f 1620/1346/1295 1622/1347/1297 1621/1348/1296

v 15.4545 17.4779 -21.1641
vn 0.0451837 -0.716526 -0.696096
f 1623/1349/1298 1622/1350/1297 1620/1351/1295

v 14.4849 17.5542 -21.4181
vn 0.0120692 -0.56752 -0.823271
f 1623/1352/1298 1624/1353/1299 1622/1354/1297

v 14.8898 17.4614 -20.9293
vn -0.0110225 -0.892239 -0.451428
f 1625/1355/1300 1624/1356/1299 1623/1357/1298

v 13.0006 17.4835 -20.8296
vn 0.0214917 -0.90865 -0.417006
f 1626/1358/1301 1624/1359/1299 1625/1360/1300

v 12.7764 17.5879 -21.5081
vn -0.00552886 -0.588119 -0.808756
f 1626/1361/1301 1627/1362/1302 1624/1363/1299

v 11.0938 17.3418 -20.4686
vn 0.195936 -0.980603 -0.00511464
f 1628/1364/1303 1627/1365/1302 1626/1366/1301

v 11.3634 17.4225 -21.0175
vn 0.0604828 -0.587084 -0.807263
f 1628/1367/1303 1629/1368/1304 1627/1369/1302

v 9.86615 17.1319 -20.4124
vn 0.216698 -0.969157 0.117371
f 1630/1370/1305 1629/1371/1304 1628/1372/1303

v 10.0517 17.2972 -21.0687
vn 0.0522806 -0.498887 -0.865089
f 1630/1373/1305 1631/1374/1306 1629/1375/1304

v 8.84459 17.0676 -20.6942
vn 0.0904028 -0.677573 -0.729879
f 1632/1376/1307 1631/1377/1306 1630/1378/1305

v 9.28773 17.4163 -21.2744
vn -0.00576979 -0.370119 -0.928966
f 1632/1379/1307 1633/1380/1308 1631/1381/1306

v 7.75753 17.051 -20.8165
vn -0.0112449 -0.385401 -0.92268
f 1634/1382/1309 1633/1383/1308 1632/1384/1307

v 10.6285 18.348 -22.1259
vn -0.102719 -0.282611 -0.953719
f 1635/1385/1310 1633/1386/1308 1634/1387/1309

v 10.6671 17.6795 -21.5601
vn -0.00482629 -0.377949 -0.925814
f 1635/1388/1310 1636/1389/1311 1633/1390/1308

v 11.7212 17.8184 -21.848
vn -0.0637651 -0.408854 -0.91037
f 1636/1391/1311 1635/1392/1310 1637/1393/1312

v 12.4302 18.5222 -22.8965
vn -0.0545393 -0.329158 -0.942699
f 1635/1394/1310 1638/1395/1313 1637/1396/1312

v 12.01 19.3537 -23.4227
vn -0.0491249 -0.244689 -0.968356
f 1639/1397/1314 1638/1398/1313 1635/1399/1310

v 13.3777 18.5912 -22.9372
vn 0.0342065 -0.292214 -0.955741
f 1639/1400/1314 1640/1401/1315 1638/1402/1313

v 14.3342 19.3086 -23.2149
vn 0.0193249 -0.256857 -0.966256
f 1639/1403/1314 1641/1404/1316 1640/1405/1315

v 14.4121 20.4721 -23.7241
vn -0.00158169 -0.197244 -0.980353
f 1642/1406/1317 1641/1407/1316 1639/1408/1314

v 16.8246 19.9865 -23.5195
vn -0.00298668 -0.224775 -0.974406
f 1643/1409/1318 1641/1410/1316 1642/1411/1317

v 17.3119 18.8336 -22.8725
vn -0.000687375 -0.286926 -0.957953
f 1643/1412/1318 1644/1413/1319 1641/1414/1316

v 19.4996 19.4175 -23.238
vn -0.00832101 -0.253529 -0.967292
f 1643/1415/1318 1645/1416/1320 1644/1417/1319

v 20.3431 20.4642 -23.6901
vn -0.00804626 -0.198783 -0.980011
f 1646/1418/1321 1645/1419/1320 1643/1420/1318

v 26.2343 20.3252 -23.7359
vn -0.0133321 -0.208005 -0.978037
f 1646/1421/1321 1647/1422/1322 1645/1423/1320

v 27.277 21.3277 -23.9825
vn 0.0117322 -0.17095 -0.98521
f 1648/1424/1323 1647/1425/1322 1646/1426/1321

v 28.3906 19.7955 -23.6165
vn 0.0490353 -0.230417 -0.971856
f 1649/1427/1324 1647/1428/1322 1648/1429/1323

v 25.8438 19.3399 -23.2944
vn -0.0301034 -0.253904 -0.966761
f 1649/1430/1324 1650/1431/1325 1647/1432/1322

v 27.7446 18.5659 -22.9925
vn 0.0242786 -0.308834 -0.950806
f 1651/1433/1326 1650/1434/1325 1649/1435/1324

v 26.0022 18.2366 -22.6197
vn -0.0610795 -0.342902 -0.937383
f 1651/1436/1326 1652/1437/1327 1650/1438/1325

v 27.2029 17.7898 -22.0831
vn 0.00221501 -0.451069 -0.892487
f 1651/1439/1326 1653/1440/1328 1652/1441/1327

v 28.2952 17.8562 -22.0515
vn 0.0401696 -0.388533 -0.920559
f 1654/1442/1329 1653/1443/1328 1651/1444/1326

v 28.9359 17.5966 -21.5192
vn -0.0101445 -0.492063 -0.8705
f 1653/1445/1328 1654/1446/1329 1655/1447/1330

v 30.0472 17.6308 -21.5713
vn 0.0208018 -0.377202 -0.925897
f 1656/1448/1331 1655/1449/1330 1654/1450/1329

v 31.529 17.2439 -20.9786
vn -0.0764825 -0.512259 -0.855419
f 1655/1451/1330 1656/1452/1331 1657/1453/1332

v 32.2377 17.4523 -21.1832
vn 0.0533252 -0.276081 -0.959654
f 1658/1454/1333 1657/1455/1332 1656/1456/1331

v 32.6705 16.9522 -20.7951
vn -0.0348763 -0.372732 -0.927283
f 1658/1457/1333 1659/1458/1334 1657/1459/1332

v 33.557 16.75 -20.5481
vn 0.26988 -0.487033 -0.830641
f 1660/1460/1335 1659/1461/1334 1658/1462/1333

v 32.8166 16.8353 -20.5998
vn -0.222383 -0.823713 -0.521577
f 1661/1463/1336 1659/1464/1334 1660/1465/1335

f 1657/1466/1332 1659/1467/1334 1661/1468/1336

v 31.7963 17.0974 -20.5474
vn -0.357766 -0.933368 -0.028776
f 1662/1469/1337 1657/1470/1332 1661/1471/1336

v 30.7038 17.2566 -20.547
vn -0.14602 -0.983639 -0.105513
f 1663/1472/1338 1657/1473/1332 1662/1474/1337

v 29.2848 17.3712 -20.957
vn -0.104017 -0.805921 -0.582814
f 1664/1475/1339 1657/1476/1332 1663/1477/1338

f 1664/1478/1339 1655/1479/1330 1657/1480/1332

v 27.7899 17.4637 -21.039
vn -0.0355274 -0.763554 -0.644766
f 1664/1481/1339 1665/1482/1340 1655/1483/1330

v 28.5114 17.4691 -20.5742
vn -0.104732 -0.961147 0.255395
f 1666/1484/1341 1665/1485/1340 1664/1486/1339

v 27.4224 17.5043 -20.5763
vn -0.0349684 -0.98317 0.179318
f 1667/1487/1342 1665/1488/1340 1666/1489/1341

v 26.2033 17.5027 -21.1093
vn -0.0140181 -0.827391 -0.561451
f 1667/1490/1342 1668/1491/1343 1665/1492/1340

v 25.7069 17.5093 -20.5504
vn 0.00272595 -0.980928 0.194351
f 1669/1493/1344 1668/1494/1343 1667/1495/1342

f 1669/1496/1344 1613/1497/1288 1668/1498/1343

v 25.1001 17.5759 -20.302
vn -0.00884409 -0.742334 0.669972
f 1670/1499/1345 1613/1500/1288 1669/1501/1344

f 1611/1502/1286 1613/1503/1288 1670/1504/1345

v 22.4932 17.6766 -20.1411
vn -0.0140462 -0.544233 0.838816
f 1671/1505/1346 1611/1506/1286 1670/1507/1345

f 1671/1508/1346 1616/1509/1291 1611/1510/1286

v 19.72 17.7308 -20.1406
vn 0.0324276 -0.523072 0.851672
f 1672/1511/1347 1616/1512/1291 1671/1513/1346

f 1672/1514/1347 1617/1515/1292 1616/1516/1291

v 18.3687 17.6206 -20.1405
vn 0.130166 -0.471192 0.872373
f 1673/1517/1348 1617/1518/1292 1672/1519/1347

f 1673/1520/1348 1619/1521/1294 1617/1522/1292

v 16.8896 17.6963 -20.1368
vn 0.00547154 -0.568924 0.822372
f 1673/1523/1348 1674/1524/1349 1619/1525/1294

v 18.231 17.8731 -19.7158
vn 0.131462 -0.241194 0.961532
f 1675/1526/1350 1674/1527/1349 1673/1528/1348

v 16.5683 18.1126 -19.525
vn 0.013002 -0.158891 0.987211
f 1676/1529/1351 1674/1530/1349 1675/1531/1350

v 15.4647 17.6956 -19.8844
vn 0.0447756 -0.440934 0.896422
f 1676/1532/1351 1677/1533/1352 1674/1534/1349

v 14.6467 17.7276 -19.8597
vn 0.0228123 -0.310729 0.950225
f 1678/1535/1353 1677/1536/1352 1676/1537/1351

v 14.9096 17.5017 -20.3776
vn 0.0033347 -0.872506 0.488592
f 1678/1538/1353 1679/1539/1354 1677/1540/1352

v 13.8181 17.5203 -20.3447
vn -0.0184784 -0.859991 0.509975
f 1678/1541/1353 1680/1542/1355 1679/1543/1354

v 12.7919 17.9185 -19.5643
vn 0.00179928 -0.301352 0.953511
f 1681/1544/1356 1680/1545/1355 1678/1546/1353

v 12.491 17.574 -20.2221
vn 0.0778379 -0.700231 0.70966
f 1681/1547/1356 1682/1548/1357 1680/1549/1355

v 11.3687 17.6038 -19.9532
vn 0.078215 -0.318616 0.944651
f 1683/1550/1358 1682/1551/1357 1681/1552/1356

f 1683/1553/1358 1628/1554/1303 1682/1555/1357

f 1683/1556/1358 1630/1557/1305 1628/1558/1303

v 10.0614 17.5044 -19.8505
vn 0.0677137 -0.188235 0.979787
f 1684/1559/1359 1630/1560/1305 1683/1561/1358

v 8.93642 17.1298 -20.1737
vn 0.143724 -0.509022 0.848669
f 1684/1562/1359 1685/1563/1360 1630/1564/1305

v 9.30042 17.6864 -19.6866
vn 0.00983825 -0.0470286 0.998845
f 1686/1565/1361 1685/1566/1360 1684/1567/1359

v 7.76422 17.1933 -19.9798
vn -0.00850346 -0.0360495 0.999314
f 1686/1568/1361 1687/1569/1362 1685/1570/1360

v 10.6519 18.8444 -19.2071
vn -0.0871798 0.0488007 0.994997
f 1686/1571/1361 1688/1572/1363 1687/1573/1362

v 10.6834 18.0264 -19.5205
vn 0.0103698 -0.0503531 0.998678
f 1689/1574/1364 1688/1575/1363 1686/1576/1361

v 11.7415 18.2505 -19.3072
vn -0.048522 -0.0845019 0.995241
f 1688/1577/1363 1689/1578/1364 1690/1579/1365

f 1690/1580/1365 1689/1581/1364 1683/1582/1358

f 1689/1583/1364 1684/1584/1359 1683/1585/1358

f 1686/1586/1361 1684/1587/1359 1689/1588/1364

f 1690/1589/1365 1683/1590/1358 1681/1591/1356

v 12.7771 18.4676 -18.9879
vn -0.0246227 -0.0970217 0.994978
f 1691/1592/1366 1690/1593/1365 1681/1594/1356

v 12.4649 19.26 -18.5588
vn -0.039029 0.00111433 0.999237
f 1691/1595/1366 1692/1596/1367 1690/1597/1365

v 13.9869 18.2712 -19.1553
vn 0.0533998 -0.0830285 0.995115
f 1693/1598/1368 1692/1599/1367 1691/1600/1366

v 13.4128 19.3366 -18.5545
vn 0.0498123 0.0401063 0.997953
f 1693/1601/1368 1694/1602/1369 1692/1603/1367

v 14.4596 18.9508 -18.887
vn 0.0614415 0.0122141 0.998036
f 1695/1604/1370 1694/1605/1369 1693/1606/1368

v 14.3715 20.1036 -18.5411
vn 0.0353432 0.0788018 0.996264
f 1695/1607/1370 1696/1608/1371 1694/1609/1369

v 16.2468 18.8411 -18.9837
vn 0.0139368 -0.00556537 0.999887
f 1697/1610/1372 1696/1611/1371 1695/1612/1370

v 17.1261 19.9193 -18.6426
vn 0.0143998 0.0727762 0.997244
f 1697/1613/1372 1698/1614/1373 1696/1615/1371

v 18.6461 19.1704 -18.8852
vn 0.0095779 0.0136211 0.999861
f 1699/1616/1374 1698/1617/1373 1697/1618/1372

v 20.3134 20.2332 -18.627
vn 0.00558391 0.0936878 0.995586
f 1699/1619/1374 1700/1620/1375 1698/1621/1373

v 22.544 19.6754 -18.7227
vn 0.00484077 0.0511222 0.998681
f 1701/1622/1376 1700/1623/1375 1699/1624/1374

v 25.8812 20.1362 -18.6132
vn -0.0148596 0.0825251 0.996478
f 1702/1625/1377 1700/1626/1375 1701/1627/1376

v 26.276 21.2112 -18.5269
vn 0.000381829 0.12328 0.992372
f 1702/1628/1377 1703/1629/1378 1700/1630/1375

v 28.4315 20.6674 -18.4902
vn 0.064721 0.103696 0.992501
f 1702/1631/1377 1704/1632/1379 1703/1633/1378

v 27.7792 19.302 -18.6649
vn 0.0398556 0.0228133 0.998945
f 1702/1634/1377 1705/1635/1380 1704/1636/1379

v 26.032 18.8715 -18.8871
vn -0.0452236 -0.0142552 0.998875
f 1706/1637/1381 1705/1638/1380 1702/1639/1377

v 27.2255 18.27 -19.26
vn 0.0172681 -0.130652 0.991278
f 1707/1640/1382 1705/1641/1380 1706/1642/1381

v 28.317 18.32 -19.3248
vn 0.055481 -0.062423 0.996507
f 1707/1643/1382 1708/1644/1383 1705/1645/1380

v 28.95 17.8977 -19.7489
vn -4.00233e-05 -0.206268 0.978495
f 1708/1646/1383 1707/1647/1382 1709/1648/1384

v 27.797 17.6158 -20.1445
vn -0.00960783 -0.494078 0.869365
f 1709/1649/1384 1707/1650/1382 1710/1651/1385

v 26.0294 17.9389 -19.6393
vn -0.00987524 -0.223021 0.974764
f 1711/1652/1386 1710/1653/1385 1707/1654/1382

v 26.2116 17.6791 -20.0722
vn -7.87401e-05 -0.575212 0.818005
f 1711/1655/1386 1712/1656/1387 1710/1657/1385

v 25.1835 17.7908 -19.8807
vn -0.00965239 -0.332016 0.943224
f 1713/1658/1388 1712/1659/1387 1711/1660/1386

f 1713/1661/1388 1670/1662/1345 1712/1663/1387

f 1671/1664/1346 1670/1665/1345 1713/1666/1388

v 22.4395 17.9268 -19.7373
vn -0.00532729 -0.25488 0.966958
f 1714/1667/1389 1671/1668/1346 1713/1669/1388

f 1714/1670/1389 1672/1671/1347 1671/1672/1346

v 19.4976 17.9898 -19.7262
vn 0.0164486 -0.210125 0.977536
f 1715/1673/1390 1672/1674/1347 1714/1675/1389

f 1715/1676/1390 1673/1677/1348 1672/1678/1347

v 18.2274 18.3747 -19.2711
vn 0.0897884 -0.0931994 0.991591
f 1716/1679/1391 1673/1680/1348 1715/1681/1390

f 1716/1682/1391 1675/1683/1350 1673/1684/1348

f 1716/1685/1391 1676/1686/1351 1675/1687/1350

f 1697/1688/1372 1676/1689/1351 1716/1690/1391

v 14.5667 18.3546 -19.2278
vn 0.0604439 -0.0820034 0.994797
f 1697/1691/1372 1717/1692/1392 1676/1693/1351

f 1695/1694/1370 1717/1695/1392 1697/1696/1372

f 1693/1697/1368 1717/1698/1392 1695/1699/1370

f 1693/1700/1368 1678/1701/1353 1717/1702/1392

f 1693/1703/1368 1681/1704/1356 1678/1705/1353

f 1691/1706/1366 1681/1707/1356 1693/1708/1368

f 1717/1709/1392 1678/1710/1353 1676/1711/1351

f 1699/1712/1374 1697/1713/1372 1716/1714/1391

v 19.6143 18.4546 -19.3068
vn 0.017028 -0.0749467 0.997042
f 1699/1715/1374 1716/1716/1391 1718/1717/1393

f 1716/1718/1391 1715/1719/1390 1718/1720/1393

v 22.3337 18.3329 -19.3486
vn -0.00152767 -0.0891566 0.996016
f 1718/1721/1393 1715/1722/1390 1719/1723/1394

f 1719/1724/1394 1715/1725/1390 1714/1726/1389

v 25.3316 18.1814 -19.4483
vn -0.0233082 -0.0967043 0.99504
f 1719/1727/1394 1714/1728/1389 1720/1729/1395

f 1714/1730/1389 1713/1731/1388 1720/1732/1395

f 1720/1733/1395 1713/1734/1388 1711/1735/1386

f 1720/1736/1395 1711/1737/1386 1706/1738/1381

f 1706/1739/1381 1711/1740/1386 1707/1741/1382

v 25.5201 19.1059 -18.9261
vn -0.0376582 0.0226017 0.999035
f 1721/1742/1396 1720/1743/1395 1706/1744/1381

v 22.4654 18.8182 -19.0419
vn 0.00566566 -0.0104609 0.999929
f 1722/1745/1397 1720/1746/1395 1721/1747/1396

f 1722/1748/1397 1719/1749/1394 1720/1750/1395

f 1699/1751/1374 1719/1752/1394 1722/1753/1397

f 1699/1754/1374 1718/1755/1393 1719/1756/1394

f 1722/1757/1397 1701/1758/1376 1699/1759/1374

f 1722/1760/1397 1721/1761/1396 1701/1762/1376

f 1721/1763/1396 1702/1764/1377 1701/1765/1376

f 1721/1766/1396 1706/1767/1381 1702/1768/1377

f 1670/1769/1345 1669/1770/1344 1712/1771/1387

f 1712/1772/1387 1669/1773/1344 1667/1774/1342

f 1712/1775/1387 1667/1776/1342 1710/1777/1385

f 1710/1778/1385 1667/1779/1342 1666/1780/1341

v 28.7794 17.5907 -20.1666
vn -0.0837353 -0.53683 0.839525
f 1710/1781/1385 1666/1782/1341 1723/1783/1398

v 29.2264 17.3919 -20.5745
vn -0.222898 -0.955421 0.193616
f 1723/1784/1398 1666/1785/1341 1724/1786/1399

f 1666/1787/1341 1664/1788/1339 1724/1789/1399

v 29.8682 17.3114 -20.4632
vn -0.139167 -0.787904 0.599867
f 1725/1790/1400 1724/1791/1399 1664/1792/1339

f 1725/1793/1400 1723/1794/1398 1724/1795/1399

f 1709/1796/1384 1723/1797/1398 1725/1798/1400

f 1710/1799/1385 1723/1800/1398 1709/1801/1384

v 31.2852 17.3544 -20.2226
vn -0.0757495 -0.271934 0.95933
f 1709/1802/1384 1725/1803/1400 1726/1804/1401

f 1725/1805/1400 1663/1806/1338 1726/1807/1401

f 1725/1808/1400 1664/1809/1339 1663/1810/1338

f 1726/1811/1401 1663/1812/1338 1662/1813/1337

v 32.8111 16.8575 -20.4321
vn -0.230556 -0.60691 0.760594
f 1726/1814/1401 1662/1815/1337 1727/1816/1402

f 1662/1817/1337 1661/1818/1336 1727/1819/1402

v 33.5324 16.8134 -20.362
vn 0.170563 -0.180145 0.968739
f 1727/1820/1402 1661/1821/1336 1728/1822/1403

f 1728/1823/1403 1661/1824/1336 1660/1825/1335

v 33.6634 16.9443 -20.5064
vn 0.988651 0.00883968 0.149969
f 1728/1826/1403 1660/1827/1335 1729/1828/1404

v 33.5285 17.1236 -20.7288
vn 0.566888 -0.0601866 -0.821593
f 1729/1829/1404 1660/1830/1335 1730/1831/1405

f 1658/1832/1333 1730/1833/1405 1660/1834/1335

v 32.3462 18.3239 -21.5083
vn 0.210474 -0.189903 -0.958977
f 1658/1835/1333 1731/1836/1406 1730/1837/1405

v 29.7291 18.3053 -22.2473
vn 0.0887928 -0.284232 -0.954635
f 1658/1838/1333 1732/1839/1407 1731/1840/1406

f 1658/1841/1333 1656/1842/1331 1732/1843/1407

f 1656/1844/1331 1654/1845/1329 1732/1846/1407

f 1732/1847/1407 1654/1848/1329 1651/1849/1326

f 1732/1850/1407 1651/1851/1326 1649/1852/1324

v 30.7737 19.6642 -22.6891
vn 0.162203 -0.240016 -0.957122
f 1649/1853/1324 1733/1854/1408 1732/1855/1407

v 29.8431 20.6136 -23.6481
vn 0.0973904 -0.18825 -0.97728
f 1649/1856/1324 1734/1857/1409 1733/1858/1408

f 1648/1859/1323 1734/1860/1409 1649/1861/1324

v 29.1591 21.6859 -23.781
vn 0.0933205 -0.162195 -0.982336
f 1648/1862/1323 1735/1863/1410 1734/1864/1409

v 28.7495 22.6791 -24.1654
vn 0.0390502 -0.159572 -0.986414
f 1736/1865/1411 1735/1866/1410 1648/1867/1323

v 30.4912 22.6093 -23.7663
vn 0.145421 -0.151921 -0.977636
f 1737/1868/1412 1735/1869/1410 1736/1870/1411

v 30.8892 21.7567 -23.2301
vn 0.212385 -0.173015 -0.961748
f 1737/1871/1412 1738/1872/1413 1735/1873/1410

v 31.5047 22.3187 -23.1897
vn 0.262999 -0.173339 -0.949097
f 1737/1874/1412 1739/1875/1414 1738/1876/1413

v 31.2155 23.1413 -23.3611
vn 0.220147 -0.113572 -0.968833
f 1740/1877/1415 1739/1878/1414 1737/1879/1412

v 32.0062 22.9752 -22.8017
vn 0.392066 -0.147166 -0.908089
f 1740/1880/1415 1741/1881/1416 1739/1882/1414

v 31.9 24.1423 -22.9905
vn 0.247485 -0.146647 -0.957729
f 1742/1883/1417 1741/1884/1416 1740/1885/1415

v 32.5972 24.0542 -22.459
vn 0.493521 -0.204554 -0.845337
f 1741/1886/1416 1742/1887/1417 1743/1888/1418

v 32.6802 25.1335 -22.7294
vn 0.24029 -0.168122 -0.956031
f 1744/1889/1419 1743/1890/1418 1742/1891/1417

v 33.2611 25.5433 -22.399
vn 0.530484 -0.233791 -0.814818
f 1743/1892/1418 1744/1893/1419 1745/1894/1420

v 33.5496 26.9001 -22.5383
vn 0.205033 -0.0990509 -0.97373
f 1746/1895/1421 1745/1896/1420 1744/1897/1419

v 33.9514 26.9209 -22.2293
vn 0.992738 -0.107836 -0.05331
f 1746/1898/1421 1747/1899/1422 1745/1900/1420

v 33.8412 27.1572 -22.264
vn 0.989463 0.141099 -0.0324801
f 1747/1901/1422 1746/1902/1421 1748/1903/1423

v 33.828 27.2979 -22.2871
vn 0.673363 0.731157 -0.109508
f 1748/1904/1423 1746/1905/1421 1749/1906/1424

v 33.387 27.2423 -22.382
vn -0.0706346 0.379894 -0.922329
f 1750/1907/1425 1749/1908/1424 1746/1909/1421

v 33.5489 27.284 -22.2124
vn -0.0490585 0.646079 0.761693
f 1751/1910/1426 1749/1911/1424 1750/1912/1425

v 33.5546 27.0057 -21.9178
vn 0.242431 0.212383 0.946636
f 1749/1913/1424 1751/1914/1426 1752/1915/1427

v 32.095 26.7482 -21.4924
vn 0.0558976 0.31366 0.947889
f 1751/1916/1426 1753/1917/1428 1752/1918/1427

v 31.6372 26.9779 -21.7576
vn -0.0178951 0.554711 0.831851
f 1753/1919/1428 1751/1920/1426 1754/1921/1429

v 32.3964 27.1083 -22.297
vn -0.130357 0.770601 -0.623843
f 1754/1922/1429 1751/1923/1426 1755/1924/1430

f 1751/1925/1426 1750/1926/1425 1755/1927/1430

v 32.0842 26.5194 -22.8372
vn 0.030181 0.0144619 -0.99944
f 1750/1928/1425 1756/1929/1431 1755/1930/1430

f 1756/1931/1431 1750/1932/1425 1746/1933/1421

v 31.6083 24.9278 -23.1296
vn 0.128341 -0.111358 -0.985458
f 1757/1934/1432 1756/1935/1431 1746/1936/1421

v 29.0467 25.376 -23.573
vn 0.0538458 -0.0265509 -0.998196
f 1757/1937/1432 1758/1938/1433 1756/1939/1431

v 30.105 23.7476 -23.6586
vn 0.129276 -0.0778193 -0.98855
f 1759/1940/1434 1758/1941/1433 1757/1942/1432

v 27.9952 24.181 -24.1934
vn 0.113907 -0.0387387 -0.992736
f 1759/1943/1434 1760/1944/1435 1758/1945/1433

v 28.9419 23.0966 -24.1482
vn 0.0736015 -0.109003 -0.991313
f 1761/1946/1436 1760/1947/1435 1759/1948/1434

v 26.647 24.0731 -24.2206
vn -0.0220446 -0.110604 -0.99362
f 1761/1949/1436 1762/1950/1437 1760/1951/1435

f 1736/1952/1411 1762/1953/1437 1761/1954/1436

v 25.6053 22.8097 -24.1475
vn -0.0191731 -0.133451 -0.99087
f 1736/1955/1411 1763/1956/1438 1762/1957/1437

f 1648/1958/1323 1763/1959/1438 1736/1960/1411

v 22.4331 21.9542 -24.0591
vn -0.00864094 -0.155241 -0.987839
f 1764/1961/1439 1763/1962/1438 1648/1963/1323

v 22.1661 23.6722 -24.0541
vn -0.0112565 -0.0932617 -0.995578
f 1765/1964/1440 1763/1965/1438 1764/1966/1439

v 25.4622 23.9563 -24.0646
vn -0.051775 -0.0889034 -0.994694
f 1765/1967/1440 1766/1968/1441 1763/1969/1438

v 25.1845 24.8993 -23.8112
vn -0.0663124 -0.0360445 -0.997148
f 1765/1970/1440 1767/1971/1442 1766/1972/1441

v 22.7849 24.986 -23.7567
vn -0.0125745 -0.0105715 -0.999865
f 1765/1973/1440 1768/1974/1443 1767/1975/1442

v 19.3952 24.8009 -23.7465
vn -0.000942705 -0.0182498 -0.999833
f 1769/1976/1444 1768/1977/1443 1765/1978/1440

v 21.279 25.7675 -23.2464
vn -0.0135286 0.12569 -0.991977
v 22.8454 25.89 -23.2287
vn -0.0238345 0.131617 -0.991014
f 1768/1979/1443 1769/1980/1444 1770/1981/1445 1771/1982/1446 

v 16.8844 25.9289 -23.1432
vn 0.0149685 0.144246 -0.989429
f 1770/1983/1445 1769/1984/1444 1772/1985/1447

v 15.1778 25.7501 -23.3654
vn 0.0258854 0.0693816 -0.997254
f 1772/1986/1447 1769/1987/1444 1773/1988/1448

v 14.9503 25.1587 -23.7154
vn 0.0327223 -0.00904431 -0.999424
f 1774/1989/1449 1773/1990/1448 1769/1991/1444

v 14.1829 25.5994 -23.5663
vn 0.0364651 0.0750874 -0.99651
f 1773/1992/1448 1774/1993/1449 1775/1994/1450

v 13.7013 24.9731 -23.937
vn 0.034918 -0.0234021 -0.999116
f 1775/1995/1450 1774/1996/1449 1776/1997/1451

v 15.0465 24.2777 -23.969
vn 0.0206978 -0.0742292 -0.997026
f 1776/1998/1451 1774/1999/1449 1777/2000/1452

f 1777/2001/1452 1774/2002/1449 1769/2003/1444

v 17.7843 23.4415 -24.0461
vn -0.00281827 -0.104077 -0.994565
f 1778/2004/1453 1777/2005/1452 1769/2006/1444

v 14.9927 23.1962 -24.1097
vn 0.0108753 -0.115448 -0.993254
f 1779/2007/1454 1777/2008/1452 1778/2009/1453

v 12.5083 24.6324 -24.1096
vn -0.0188927 -0.0543347 -0.998344
f 1780/2010/1455 1777/2011/1452 1779/2012/1454

f 1776/2013/1451 1777/2014/1452 1780/2015/1455

v 12.9258 25.5668 -23.7017
vn -0.0172851 0.0566701 -0.998243
f 1781/2016/1456 1776/2017/1451 1780/2018/1455

f 1781/2019/1456 1775/2020/1450 1776/2021/1451

v 13.4319 26.3259 -22.9737
vn 0.0136427 0.264829 -0.964199
f 1782/2022/1457 1775/2023/1450 1781/2024/1456

v 14.5065 26.2028 -23.0106
vn 0.0389936 0.216664 -0.975467
f 1783/2025/1458 1775/2026/1450 1782/2027/1457

v 15.2548 26.1735 -22.9839
vn 0.0316462 0.182319 -0.98273
f 1784/2028/1459 1775/2029/1450 1783/2030/1458

f 1784/2031/1459 1773/2032/1448 1775/2033/1450

f 1784/2034/1459 1772/2035/1447 1773/2036/1448

v 15.4747 26.4243 -22.6173
vn 0.0456975 0.412098 -0.909993
f 1785/2037/1460 1772/2038/1447 1784/2039/1459

v 17.9553 26.1 -22.9171
vn 0.00800385 0.256934 -0.966396
f 1786/2040/1461 1772/2041/1447 1785/2042/1460

f 1786/2043/1461 1770/2044/1445 1772/2045/1447

v 21.3831 26.2876 -22.6731
vn -0.0359431 0.371945 -0.927559
f 1787/2046/1462 1770/2047/1445 1786/2048/1461

f 1787/2049/1462 1771/2050/1446 1770/2051/1445

v 22.8714 26.3835 -22.6629
vn -0.0373715 0.406575 -0.912853
f 1788/2052/1463 1771/2053/1446 1787/2054/1462

v 24.8579 26.3126 -22.8274
vn -0.0449801 0.305135 -0.951246
f 1789/2055/1464 1771/2056/1446 1788/2057/1463

v 24.8572 25.8223 -23.29
vn -0.0685521 0.0625355 -0.995686
f 1789/2058/1464 1790/2059/1465 1771/2060/1446

v 25.3806 25.7465 -23.5148
vn -0.0852153 0.05921 -0.994602
f 1789/2061/1464 1791/2062/1466 1790/2063/1465

v 26.5462 26.3859 -22.8334
vn -0.072725 0.400425 -0.913439
v 27.0805 25.8368 -23.5034
vn 0.0712946 0.119557 -0.990264
f 1792/2064/1467 1793/2065/1468 1791/2066/1466 1789/2067/1464 

v 28.4223 26.6017 -22.7032
vn -0.0651258 0.335992 -0.939611
f 1794/2068/1469 1793/2069/1468 1792/2070/1467

v 28.096 26.029 -23.3196
vn 0.010088 0.0986112 -0.995075
f 1794/2071/1469 1795/2072/1470 1793/2073/1468

v 29.01 26.3107 -23.0579
vn -0.0139005 0.102825 -0.994602
f 1796/2074/1471 1795/2075/1470 1794/2076/1469

f 1758/2077/1433 1795/2078/1470 1796/2079/1471

f 1793/2080/1468 1795/2081/1470 1758/2082/1433

f 1760/2083/1435 1793/2084/1468 1758/2085/1433

v 27.327 25.1933 -23.9388
vn 0.115848 0.0421867 -0.992371
f 1760/2086/1435 1797/2087/1472 1793/2088/1468

v 26.2628 24.844 -24.0425
vn -0.0508421 -0.0508722 -0.99741
f 1760/2089/1435 1798/2090/1473 1797/2091/1472

f 1762/2092/1437 1798/2093/1473 1760/2094/1435

f 1766/2095/1441 1798/2096/1473 1762/2097/1437

f 1766/2098/1441 1767/2099/1442 1798/2100/1473

f 1798/2101/1473 1767/2102/1442 1791/2103/1466

f 1791/2104/1466 1767/2105/1442 1790/2106/1465

f 1790/2107/1465 1767/2108/1442 1768/2109/1443

f 1790/2110/1465 1768/2111/1443 1771/2112/1446

f 1798/2113/1473 1791/2114/1466 1797/2115/1472

f 1791/2116/1466 1793/2117/1468 1797/2118/1472

f 1763/2119/1438 1766/2120/1441 1762/2121/1437

v 30.1304 26.3065 -23.0914
vn 0.00531809 0.0461988 -0.998918
f 1758/2122/1433 1796/2123/1471 1799/2124/1474

v 29.81 26.8671 -22.5731
vn -0.087008 0.391306 -0.916138
v 31.63 26.8248 -22.6574
vn 0.00662562 0.184404 -0.982828
f 1800/2125/1475 1801/2126/1476 1799/2127/1474 1796/2128/1471 

v 31.2624 27.0714 -22.2578
vn -0.0504326 0.976804 -0.208113
f 1802/2129/1477 1801/2130/1476 1800/2131/1475

f 1755/2132/1430 1801/2133/1476 1802/2134/1477

f 1755/2135/1430 1756/2136/1431 1801/2137/1476

f 1756/2138/1431 1799/2139/1474 1801/2140/1476

f 1758/2141/1433 1799/2142/1474 1756/2143/1431

f 1754/2144/1429 1755/2145/1430 1802/2146/1477

v 30.061 27.0067 -21.8608
vn -0.0535268 0.632143 0.773001
f 1754/2147/1429 1802/2148/1477 1803/2149/1478

v 29.7663 27.0124 -22.2109
vn -0.175861 0.978931 -0.103767
f 1803/2150/1478 1802/2151/1477 1804/2152/1479

f 1804/2153/1479 1802/2154/1477 1800/2155/1475

v 28.5291 26.8191 -22.1629
vn -0.184971 0.980133 -0.0715842
f 1804/2156/1479 1800/2157/1475 1805/2158/1480

f 1805/2159/1480 1800/2160/1475 1794/2161/1469

f 1800/2162/1475 1796/2163/1471 1794/2164/1469

v 27.3751 26.7194 -22.3031
vn -0.13839 0.813331 -0.565102
f 1805/2165/1480 1794/2166/1469 1806/2167/1481

f 1806/2168/1481 1794/2169/1469 1792/2170/1467

v 26.4854 26.6277 -22.2374
vn -0.132409 0.959477 -0.248739
f 1806/2171/1481 1792/2172/1467 1807/2173/1482

f 1807/2174/1482 1792/2175/1467 1789/2176/1464

v 24.8206 26.5531 -22.3452
vn -0.0252595 0.777613 -0.628236
f 1807/2177/1482 1789/2178/1464 1808/2179/1483

f 1808/2180/1483 1789/2181/1464 1788/2182/1463

v 22.536 26.5798 -22.1418
vn -0.0734528 0.950602 -0.301597
f 1808/2183/1483 1788/2184/1463 1809/2185/1484

f 1788/2186/1463 1787/2187/1462 1809/2188/1484

v 21.5108 26.4899 -22.1894
vn -0.0480987 0.854404 -0.517378
f 1809/2189/1484 1787/2190/1462 1810/2191/1485

v 17.9301 26.3993 -22.4505
vn 0.0206548 0.569964 -0.82141
f 1810/2192/1485 1787/2193/1462 1811/2194/1486

f 1787/2195/1462 1786/2196/1461 1811/2197/1486

f 1811/2198/1486 1786/2199/1461 1785/2200/1460

v 16.6578 26.5981 -22.0088
vn 0.0614588 0.980015 -0.189193
f 1812/2201/1487 1811/2202/1486 1785/2203/1460

v 17.8898 26.528 -22.0599
vn 0.0365643 0.993484 -0.107943
f 1813/2204/1488 1811/2205/1486 1812/2206/1487

f 1813/2207/1488 1810/2208/1485 1811/2209/1486

v 21.4871 26.5426 -21.739
vn -0.0232733 0.886301 0.462524
f 1814/2210/1489 1810/2211/1485 1813/2212/1488

f 1814/2213/1489 1809/2214/1484 1810/2215/1485

v 22.3986 26.5408 -21.4277
vn -0.0173817 0.663593 0.747892
f 1814/2216/1489 1815/2217/1490 1809/2218/1484

v 17.9698 26.4073 -21.1104
vn 0.0070308 0.58377 0.811888
f 1815/2219/1490 1814/2220/1489 1816/2221/1491

v 17.3162 26.5496 -21.5451
vn 0.0383195 0.708122 0.70505
f 1816/2222/1491 1814/2223/1489 1817/2224/1492

f 1814/2225/1489 1813/2226/1488 1817/2227/1492

f 1817/2228/1492 1813/2229/1488 1812/2230/1487

v 15.3753 26.6339 -21.5889
vn 0.0788062 0.798076 0.597381
f 1817/2231/1492 1812/2232/1487 1818/2233/1493

v 15.4769 26.5714 -22.2173
vn 0.0852551 0.919305 -0.3842
f 1812/2234/1487 1819/2235/1494 1818/2236/1493

f 1812/2237/1487 1785/2238/1460 1819/2239/1494

v 14.4555 26.5203 -22.5709
vn 0.093647 0.54172 -0.835326
f 1819/2240/1494 1785/2241/1460 1820/2242/1495

f 1820/2243/1495 1785/2244/1460 1783/2245/1458

f 1785/2246/1460 1784/2247/1459 1783/2248/1458

f 1820/2249/1495 1783/2250/1458 1782/2251/1457

v 13.2646 26.6714 -22.2492
vn 0.00424554 0.797615 -0.603152
f 1821/2252/1496 1820/2253/1495 1782/2254/1457

v 14.3991 26.7242 -22.0882
vn 0.14795 0.981275 -0.123331
f 1822/2255/1497 1820/2256/1495 1821/2257/1496

v 14.7525 26.6751 -21.9069
vn 0.217682 0.97601 -0.00442801
f 1823/2258/1498 1820/2259/1495 1822/2260/1497

f 1823/2261/1498 1819/2262/1494 1820/2263/1495

f 1818/2264/1493 1819/2265/1494 1823/2266/1498

v 14.401 26.7004 -21.4373
vn 0.0792382 0.729761 0.679096
f 1818/2267/1493 1823/2268/1498 1824/2269/1499

f 1824/2270/1499 1823/2271/1498 1822/2272/1497

v 12.7116 26.7362 -21.5688
vn 0.0600763 0.820278 0.568801
f 1824/2273/1499 1822/2274/1497 1825/2275/1500

f 1822/2276/1497 1821/2277/1496 1825/2278/1500

v 12.4054 26.7137 -22.0777
vn 0.161874 0.900479 -0.40365
f 1825/2279/1500 1821/2280/1496 1826/2281/1501

v 12.1971 26.5235 -22.6357
vn 0.0762902 0.466618 -0.881162
f 1821/2282/1496 1827/2283/1502 1826/2284/1501

f 1821/2285/1496 1782/2286/1457 1827/2287/1502

v 12.1773 26.0847 -23.1895
vn -0.0189753 0.141309 -0.989784
f 1782/2288/1457 1828/2289/1503 1827/2290/1502

f 1782/2291/1457 1781/2292/1456 1828/2293/1503

v 11.3474 25.3416 -23.5735
vn -0.0997751 -0.0251983 -0.994691
f 1828/2294/1503 1781/2295/1456 1829/2296/1504

f 1829/2297/1504 1781/2298/1456 1780/2299/1455

v 12.0201 23.9592 -24.2011
vn -0.0526383 -0.111809 -0.992335
f 1829/2300/1504 1780/2301/1455 1830/2302/1505

f 1830/2303/1505 1780/2304/1455 1779/2305/1454

v 14.5283 21.7991 -24.0358
vn -0.0065578 -0.154816 -0.987922
f 1830/2306/1505 1779/2307/1454 1831/2308/1506

f 1831/2309/1506 1779/2310/1454 1778/2311/1453

v 18.0096 22.5608 -24.0734
vn -0.00635862 -0.13641 -0.990632
f 1831/2312/1506 1778/2313/1453 1832/2314/1507

f 1832/2315/1507 1778/2316/1453 1765/2317/1440

f 1778/2318/1453 1769/2319/1444 1765/2320/1440

f 1764/2321/1439 1832/2322/1507 1765/2323/1440

v 17.684 21.3539 -23.9209
vn -0.00363766 -0.179504 -0.983751
f 1833/2324/1508 1832/2325/1507 1764/2326/1439

f 1831/2327/1506 1832/2328/1507 1833/2329/1508

f 1833/2330/1508 1642/2331/1317 1831/2332/1506

f 1833/2333/1508 1643/2334/1318 1642/2335/1317

f 1646/2336/1321 1643/2337/1318 1833/2338/1508

f 1764/2339/1439 1646/2340/1321 1833/2341/1508

f 1648/2342/1323 1646/2343/1321 1764/2344/1439

v 12.2154 21.6549 -23.9296
vn -0.0359029 -0.16321 -0.985938
f 1831/2345/1506 1642/2346/1317 1834/2347/1509

v 11.6083 20.0943 -23.6263
vn -0.0767245 -0.210102 -0.974664
f 1834/2348/1509 1642/2349/1317 1835/2350/1510

f 1835/2351/1510 1642/2352/1317 1639/2353/1314

f 1835/2354/1510 1639/2355/1314 1635/2356/1310

v 10.4418 20.5068 -23.5742
vn -0.125598 -0.207016 -0.970242
f 1635/2357/1310 1836/2358/1511 1835/2359/1510

v 8.70529 19.3243 -22.1593
vn -0.179791 -0.219866 -0.958819
f 1837/2360/1512 1836/2361/1511 1635/2362/1310

v 9.2203 20.3414 -22.917
vn -0.254008 -0.218186 -0.942271
f 1837/2363/1512 1838/2364/1513 1836/2365/1511

v 8.34422 20.2666 -22.2479
vn -0.307505 -0.183006 -0.933782
f 1837/2366/1512 1839/2367/1514 1838/2368/1513

v 8.09452 19.7548 -22.001
vn -0.277486 -0.158163 -0.947621
f 1840/2369/1515 1839/2370/1514 1837/2371/1512

v 7.77408 20.6406 -21.7604
vn -0.531484 -0.105436 -0.840481
f 1841/2372/1516 1839/2373/1514 1840/2374/1515

v 8.32841 21.3236 -22.6137
vn -0.374001 -0.145069 -0.916012
f 1842/2375/1517 1839/2376/1514 1841/2377/1516

f 1839/2378/1514 1842/2379/1517 1838/2380/1513

v 9.39409 20.9005 -23.2869
vn -0.200212 -0.150717 -0.968091
f 1838/2381/1513 1842/2382/1517 1843/2383/1518

v 8.9424 21.8596 -22.9761
vn -0.262606 -0.153181 -0.952667
f 1842/2384/1517 1844/2385/1519 1843/2386/1518

v 8.1832 21.9647 -22.3786
vn -0.406925 -0.134552 -0.903497
f 1845/2387/1520 1844/2388/1519 1842/2389/1517

v 8.77038 22.3817 -23.146
vn -0.299616 -0.197387 -0.933418
f 1845/2390/1520 1846/2391/1521 1844/2392/1519

v 7.82938 22.0491 -21.9265
vn -0.597753 -0.135762 -0.790101
f 1847/2393/1522 1846/2394/1521 1845/2395/1520

v 8.24526 22.7638 -22.7726
vn -0.404167 -0.154203 -0.901593
f 1848/2396/1523 1846/2397/1521 1847/2398/1522

v 8.99104 22.8331 -23.3748
vn -0.258217 -0.115675 -0.959137
f 1849/2399/1524 1846/2400/1521 1848/2401/1523

v 10.0539 22.7507 -23.8277
vn -0.146521 -0.153611 -0.977208
f 1850/2402/1525 1846/2403/1521 1849/2404/1524

v 9.9407 21.7472 -23.4201
vn -0.163832 -0.173547 -0.971103
f 1850/2405/1525 1851/2406/1526 1846/2407/1521

v 11.0574 21.6985 -23.727
vn -0.0990662 -0.158187 -0.982427
f 1852/2408/1527 1851/2409/1526 1850/2410/1525

f 1843/2411/1518 1851/2412/1526 1852/2413/1527

f 1843/2414/1518 1844/2415/1519 1851/2416/1526

f 1851/2417/1526 1844/2418/1519 1846/2419/1521

f 1843/2420/1518 1852/2421/1527 1836/2422/1511

f 1836/2423/1511 1852/2424/1527 1834/2425/1509

v 11.5064 23.243 -24.1352
vn -0.104115 -0.117582 -0.98759
f 1834/2426/1509 1852/2427/1527 1853/2428/1528

f 1853/2429/1528 1852/2430/1527 1850/2431/1525

v 9.33203 24.0079 -23.2646
vn -0.175917 -0.0781656 -0.981297
f 1853/2432/1528 1850/2433/1525 1854/2434/1529

f 1854/2435/1529 1850/2436/1525 1849/2437/1524

v 8.20309 23.7839 -22.681
vn -0.285373 -0.115303 -0.951456
f 1854/2438/1529 1849/2439/1524 1855/2440/1530

f 1849/2441/1524 1848/2442/1523 1855/2443/1530

v 7.77789 23.5469 -22.2531
vn -0.516616 -0.164836 -0.840201
f 1856/2444/1531 1855/2445/1530 1848/2446/1523

v 8.08168 24.5365 -22.704
vn -0.262927 -0.147901 -0.953412
f 1856/2447/1531 1857/2448/1532 1855/2449/1530

v 7.27849 25.3301 -22.1525
vn -0.611575 -0.200997 -0.76523
f 1858/2450/1533 1857/2451/1532 1856/2452/1531

v 7.74541 25.7334 -22.5824
vn -0.192483 -0.13183 -0.972405
f 1859/2453/1534 1857/2454/1532 1858/2455/1533

v 9.02664 25.5862 -23.0415
vn -0.14356 -0.104593 -0.984099
f 1860/2456/1535 1857/2457/1532 1859/2458/1534

f 1860/2459/1535 1855/2460/1530 1857/2461/1532

f 1854/2462/1529 1855/2463/1530 1860/2464/1535

f 1829/2465/1504 1854/2466/1529 1860/2467/1535

f 1853/2468/1528 1854/2469/1529 1829/2470/1504

f 1829/2471/1504 1830/2472/1505 1853/2473/1528

f 1853/2474/1528 1830/2475/1505 1834/2476/1509

f 1830/2477/1505 1831/2478/1506 1834/2479/1509

v 9.26742 26.3294 -22.9418
vn -0.0629882 -0.00154533 -0.998013
f 1861/2480/1536 1829/2481/1504 1860/2482/1535

v 10.7585 26.2181 -23.049
vn -0.00639867 0.0710626 -0.997451
f 1861/2483/1536 1862/2484/1537 1829/2485/1504

v 9.52376 26.7165 -22.7175
vn -0.00250356 0.136713 -0.990608
f 1861/2486/1536 1863/2487/1538 1862/2488/1537

v 8.36932 26.9752 -22.3955
vn 0.031299 0.297031 -0.954355
f 1864/2489/1539 1863/2490/1538 1861/2491/1536

v 9.7658 26.9434 -22.4207
vn 0.0393996 0.46705 -0.883353
f 1865/2492/1540 1863/2493/1538 1864/2494/1539

v 10.8888 26.8292 -22.4737
vn 0.0760647 0.341271 -0.936882
f 1866/2495/1541 1863/2496/1538 1865/2497/1540

f 1866/2498/1541 1862/2499/1537 1863/2500/1538

f 1828/2501/1503 1862/2502/1537 1866/2503/1541

f 1862/2504/1537 1828/2505/1503 1829/2506/1504

f 1827/2507/1502 1828/2508/1503 1866/2509/1541

v 11.1876 26.9407 -22.1006
vn 0.247936 0.967651 -0.0466823
f 1867/2510/1542 1827/2511/1502 1866/2512/1541

f 1826/2513/1501 1827/2514/1502 1867/2515/1542

f 1825/2516/1500 1826/2517/1501 1867/2518/1542

v 11.0216 26.8376 -21.3644
vn 0.0665087 0.540132 0.838948
f 1868/2519/1543 1825/2520/1500 1867/2521/1542

v 12.1965 26.4946 -20.7796
vn -0.00957434 0.460382 0.88767
f 1869/2522/1544 1825/2523/1500 1868/2524/1543

v 13.447 26.6483 -21.0778
vn 0.0225756 0.530871 0.847152
f 1869/2525/1544 1870/2526/1545 1825/2527/1500

v 12.9543 26.1737 -20.1338
vn -0.00192835 0.383547 0.923519
f 1871/2528/1546 1870/2529/1545 1869/2530/1544

v 14.2091 26.1571 -20.2873
vn 0.0517331 0.400171 0.914979
f 1872/2531/1547 1870/2532/1545 1871/2533/1546

v 14.5224 26.5422 -21.015
vn 0.0611866 0.518556 0.852852
f 1872/2534/1547 1873/2535/1548 1870/2536/1545

v 15.2703 26.5042 -21.0395
vn 0.0443079 0.517707 0.85441
f 1872/2537/1547 1874/2538/1549 1873/2539/1548

v 15.2004 26.2309 -20.5385
vn 0.0411842 0.395069 0.917728
f 1875/2540/1550 1874/2541/1549 1872/2542/1547

v 16.9029 26.3228 -20.8277
vn 0.0263198 0.46591 0.884441
f 1876/2543/1551 1874/2544/1549 1875/2545/1550

f 1876/2546/1551 1817/2547/1492 1874/2548/1549

f 1876/2549/1551 1816/2550/1491 1817/2551/1492

v 21.2991 26.1956 -20.7292
vn 0.000373436 0.438808 0.898581
f 1877/2552/1552 1816/2553/1491 1876/2554/1551

f 1877/2555/1552 1815/2556/1490 1816/2557/1491

v 22.8647 26.3022 -20.805
vn -0.00576083 0.438616 0.898656
f 1878/2558/1553 1815/2559/1490 1877/2560/1552

v 24.8697 26.5643 -21.3473
vn -0.0322566 0.564877 0.824544
f 1878/2561/1553 1879/2562/1554 1815/2563/1490

v 24.8775 26.2546 -20.7487
vn -0.0532572 0.388413 0.919945
f 1880/2564/1555 1879/2565/1554 1878/2566/1553

v 25.4045 26.2563 -20.5178
vn -0.0634999 0.402914 0.913032
f 1881/2567/1556 1879/2568/1554 1880/2569/1555

v 26.1921 26.5727 -21.2478
vn -0.0296262 0.69442 0.71896
f 1881/2570/1556 1882/2571/1557 1879/2572/1554

v 27.1038 26.3343 -20.5785
vn 0.0732264 0.458685 0.885577
f 1883/2573/1558 1882/2574/1557 1881/2575/1556

v 27.2121 26.7519 -21.8156
vn -0.103543 0.816189 0.568432
f 1883/2576/1558 1884/2577/1559 1882/2578/1557

v 28.4311 26.7889 -21.6025
vn -0.0524151 0.615373 0.786491
f 1883/2579/1558 1885/2580/1560 1884/2581/1559

v 28.1159 26.4529 -20.8276
vn 0.0252806 0.421987 0.906249
f 1886/2582/1561 1885/2583/1560 1883/2584/1558

v 29.025 26.6304 -21.1786
vn 0.0022604 0.42789 0.903828
f 1886/2585/1561 1887/2586/1562 1885/2587/1560

v 29.0721 25.9184 -20.3839
vn 0.0693994 0.304765 0.949896
f 1886/2588/1561 1888/2589/1563 1887/2590/1562

f 1886/2591/1561 1883/2592/1558 1888/2593/1563

v 28.0336 24.9979 -19.3909
vn 0.129361 0.291275 0.947853
f 1883/2594/1558 1889/2595/1564 1888/2596/1563

v 27.3588 25.8704 -19.9579
vn 0.131081 0.367492 0.920743
f 1890/2597/1565 1889/2598/1564 1883/2599/1558

v 26.2973 25.5772 -19.7319
vn -0.0352164 0.281876 0.958804
f 1891/2600/1566 1889/2601/1564 1890/2602/1565

v 26.6862 24.9077 -19.3136
vn -0.0063151 0.224158 0.974532
f 1891/2603/1566 1892/2604/1567 1889/2605/1564

v 25.4994 24.7483 -19.408
vn -0.0351539 0.245232 0.968827
f 1891/2606/1566 1893/2607/1568 1892/2608/1567

v 25.2153 25.5551 -19.9556
vn -0.0499923 0.296948 0.953584
f 1894/2609/1569 1893/2610/1568 1891/2611/1566

v 22.3067 24.6167 -19.3383
vn 0.00445766 0.251336 0.96789
f 1894/2612/1569 1895/2613/1570 1893/2614/1568

v 22.8148 25.6238 -20.0071
vn 0.00292715 0.323027 0.946385
f 1896/2615/1571 1895/2616/1570 1894/2617/1569

v 19.4258 25.4526 -19.9153
vn 0.0141709 0.314338 0.949205
f 1896/2618/1571 1897/2619/1572 1895/2620/1570

f 1877/2621/1552 1897/2622/1572 1896/2623/1571 1878/2624/1553 

f 1897/2625/1572 1877/2626/1552 1876/2627/1551

f 1897/2628/1572 1876/2629/1551 1875/2630/1550

v 14.9799 25.7889 -20.0101
vn 0.0482592 0.321756 0.945592
f 1875/2631/1550 1898/2632/1573 1897/2633/1572

f 1898/2634/1573 1875/2635/1550 1872/2636/1547

v 13.7349 25.6896 -19.7248
vn 0.0504871 0.308099 0.950014
f 1898/2637/1573 1872/2638/1547 1899/2639/1574

f 1872/2640/1547 1871/2641/1546 1899/2642/1574

v 12.5457 25.4274 -19.4351
vn -0.00324102 0.278819 0.960338
f 1899/2643/1574 1871/2644/1546 1900/2645/1575

v 11.3746 25.9219 -20.1616
vn -0.0842775 0.305364 0.948499
f 1871/2646/1546 1901/2647/1576 1900/2648/1575

f 1871/2649/1546 1869/2650/1544 1901/2651/1576

v 10.7754 26.577 -20.9393
vn 0.00259112 0.382661 0.923885
f 1869/2652/1544 1902/2653/1577 1901/2654/1576

f 1902/2655/1577 1869/2656/1544 1868/2657/1543

v 9.53427 26.9402 -21.4022
vn 0.00814846 0.448241 0.893876
f 1902/2658/1577 1868/2659/1543 1903/2660/1578

v 10.2956 27.0219 -21.7254
vn 0.0807905 0.694652 0.714795
f 1868/2661/1543 1904/2662/1579 1903/2663/1578

f 1868/2664/1543 1867/2665/1542 1904/2666/1579

v 10.3459 27.0361 -22.0714
vn 0.130938 0.953446 -0.271653
f 1904/2667/1579 1867/2668/1542 1905/2669/1580

f 1905/2670/1580 1867/2671/1542 1866/2672/1541

f 1866/2673/1541 1865/2674/1540 1905/2675/1580

v 8.75563 27.1054 -22.0687
vn 0.094645 0.992447 -0.0780454
f 1905/2676/1580 1865/2677/1540 1906/2678/1581

f 1906/2679/1581 1865/2680/1540 1864/2681/1539

v 7.98205 27.1774 -22.1169
vn 0.191696 0.969325 -0.153825
f 1906/2682/1581 1864/2683/1539 1907/2684/1582

v 6.92393 27.1823 -22.3365
vn -0.0381467 0.103231 -0.993926
f 1907/2685/1582 1864/2686/1539 1908/2687/1583

f 1908/2688/1583 1864/2689/1539 1861/2690/1536

f 1908/2691/1583 1861/2692/1536 1859/2693/1534

f 1859/2694/1534 1861/2695/1536 1860/2696/1535

v 6.79284 26.5596 -22.2765
vn -0.485598 -0.20019 -0.850951
f 1859/2697/1534 1909/2698/1584 1908/2699/1583

f 1859/2700/1534 1858/2701/1533 1909/2702/1584

v 6.87181 26.037 -21.8796
vn -0.972279 -0.21291 0.0966548
f 1910/2703/1585 1909/2704/1584 1858/2705/1533

v 6.64846 26.5828 -22.0074
vn -0.988793 -0.148484 0.0155217
f 1911/2706/1586 1909/2707/1584 1910/2708/1585

v 6.56775 27.1539 -22.0088
vn -0.621862 0.163237 0.765925
f 1912/2709/1587 1909/2710/1584 1911/2711/1586

v 6.52294 27.3335 -22.1405
vn -0.649579 0.0677961 -0.757266
f 1909/2712/1584 1912/2713/1587 1913/2714/1588

v 6.67687 27.3656 -22.1413
vn -0.0740603 0.865651 0.49514
f 1912/2715/1587 1914/2716/1589 1913/2717/1588

v 6.92754 27.2591 -21.8848
vn -0.0402934 0.413301 0.909703
f 1915/2718/1590 1914/2719/1589 1912/2720/1587

v 7.35819 27.2489 -22.1186
vn 0.245069 0.95535 -0.165067
f 1915/2721/1590 1916/2722/1591 1914/2723/1589

f 1915/2724/1590 1907/2725/1582 1916/2726/1591

v 8.37425 27.0802 -21.7778
vn 0.0419571 0.585753 0.809403
f 1917/2727/1592 1907/2728/1582 1915/2729/1590

f 1906/2730/1581 1907/2731/1582 1917/2732/1592

f 1904/2733/1579 1906/2734/1581 1917/2735/1592

f 1904/2736/1579 1905/2737/1580 1906/2738/1581

f 1903/2739/1578 1904/2740/1579 1917/2741/1592

v 9.28246 26.6495 -21.0595
vn -0.0474863 0.328675 0.943249
f 1903/2742/1578 1917/2743/1592 1918/2744/1593

f 1917/2745/1592 1915/2746/1590 1918/2747/1593

v 7.75659 25.9714 -21.1836
vn -0.173826 0.199151 0.964429
f 1918/2748/1593 1915/2749/1590 1919/2750/1594

v 6.79718 26.6519 -21.7341
vn -0.384036 0.111889 0.916514
f 1920/2751/1595 1919/2752/1594 1915/2753/1590

v 7.33416 25.4516 -21.3953
vn -0.548729 0.0717646 0.832915
f 1921/2754/1596 1919/2755/1594 1920/2756/1595

v 8.09787 24.8812 -20.6771
vn -0.262553 0.170854 0.949671
f 1922/2757/1597 1919/2758/1594 1921/2759/1596

v 9.04521 25.9816 -20.7169
vn -0.128048 0.227031 0.965433
f 1922/2760/1597 1923/2761/1598 1919/2762/1594

v 8.22091 24.1632 -20.4515
vn -0.288119 0.204507 0.935502
f 1924/2763/1599 1923/2764/1598 1922/2765/1597

v 9.35822 24.5652 -19.9883
vn -0.16055 0.251152 0.95454
f 1924/2766/1599 1925/2767/1600 1923/2768/1598

v 9.02207 23.4935 -19.4918
vn -0.243207 0.208626 0.947273
f 1926/2769/1601 1925/2770/1600 1924/2771/1599

v 10.0921 23.5634 -19.0498
vn -0.13099 0.178475 0.975186
f 1927/2772/1602 1925/2773/1600 1926/2774/1601

v 11.5479 24.1267 -18.9396
vn -0.0884866 0.21581 0.972418
f 1927/2775/1602 1928/2776/1603 1925/2777/1600

v 11.0967 22.535 -18.8089
vn -0.0834076 0.175754 0.980894
f 1929/2778/1604 1928/2779/1603 1927/2780/1602

v 12.2578 22.5585 -18.6171
vn -0.0201566 0.172006 0.98489
f 1929/2781/1604 1930/2782/1605 1928/2783/1603

v 10.4819 21.361 -18.5518
vn -0.110017 0.125692 0.98595
f 1929/2784/1604 1931/2785/1606 1930/2786/1605

v 9.42882 21.6398 -18.9407
vn -0.184887 0.178334 0.966444
f 1929/2787/1604 1932/2788/1607 1931/2789/1606

v 9.97521 22.4818 -19.1014
vn -0.148359 0.157675 0.976283
f 1933/2790/1608 1932/2791/1607 1929/2792/1604

v 8.96981 22.4431 -19.5456
vn -0.250203 0.17095 0.952982
f 1934/2793/1609 1932/2794/1607 1933/2795/1608

v 8.35167 21.8187 -19.7031
vn -0.379027 0.160695 0.911326
f 1934/2796/1609 1935/2797/1610 1932/2798/1607

v 8.09311 22.3567 -20.238
vn -0.43506 0.128593 0.891171
f 1934/2799/1609 1936/2800/1611 1935/2801/1610

v 8.79907 22.9923 -19.5558
vn -0.253086 0.117696 0.960258
f 1937/2802/1612 1936/2803/1611 1934/2804/1609

v 8.26719 23.2306 -20.0283
vn -0.402273 0.160419 0.901356
f 1937/2805/1612 1938/2806/1613 1936/2807/1611

f 1937/2808/1612 1926/2809/1601 1938/2810/1613

f 1937/2811/1612 1927/2812/1602 1926/2813/1601

f 1933/2814/1608 1927/2815/1602 1937/2816/1612

f 1933/2817/1608 1929/2818/1604 1927/2819/1602

f 1934/2820/1609 1933/2821/1608 1937/2822/1612

f 1938/2823/1613 1926/2824/1601 1924/2825/1599

v 7.59511 23.749 -21.0612
vn -0.699936 0.0673465 0.711023
f 1924/2826/1599 1939/2827/1614 1938/2828/1613

f 1922/2829/1597 1939/2830/1614 1924/2831/1599

f 1922/2832/1597 1921/2833/1596 1939/2834/1614

v 7.32209 24.6055 -21.6706
vn -0.991602 -0.0578443 0.115674
f 1921/2835/1596 1940/2836/1615 1939/2837/1614

v 7.23154 25.2789 -21.7726
vn -0.981219 -0.142136 0.130408
f 1921/2838/1596 1941/2839/1616 1940/2840/1615

f 1921/2841/1596 1910/2842/1585 1941/2843/1616

f 1920/2844/1595 1910/2845/1585 1921/2846/1596

f 1920/2847/1595 1911/2848/1586 1910/2849/1585

f 1920/2850/1595 1912/2851/1587 1911/2852/1586

f 1912/2853/1587 1920/2854/1595 1915/2855/1590

f 1910/2856/1585 1858/2857/1533 1941/2858/1616

f 1941/2859/1616 1858/2860/1533 1940/2861/1615

v 7.5168 23.6133 -21.7997
vn -0.901809 -0.18497 -0.390546
f 1940/2862/1615 1858/2863/1533 1942/2864/1617

f 1858/2865/1533 1856/2866/1531 1942/2867/1617

v 7.61153 23.163 -21.5082
vn -0.971781 -0.100453 -0.213429
f 1942/2868/1617 1856/2869/1531 1943/2870/1618

v 7.85704 22.7033 -22.2585
vn -0.685339 -0.143898 -0.713866
f 1856/2871/1531 1944/2872/1619 1943/2873/1618

f 1856/2874/1531 1848/2875/1523 1944/2876/1619

f 1944/2877/1619 1848/2878/1523 1847/2879/1522

v 7.68281 22.1779 -21.4719
vn -0.9442 -0.0792226 -0.319702
f 1944/2880/1619 1847/2881/1522 1945/2882/1620

v 7.59886 21.5111 -21.2035
vn -0.994075 0.0620393 -0.0892479
f 1945/2883/1620 1847/2884/1522 1946/2885/1621

f 1946/2886/1621 1847/2887/1522 1841/2888/1516

f 1847/2889/1522 1842/2890/1517 1841/2891/1516

f 1847/2892/1522 1845/2893/1520 1842/2894/1517

v 7.49886 20.8219 -21.1942
vn -0.837962 0.0299442 -0.544907
f 1946/2895/1621 1841/2896/1516 1947/2897/1622

v 7.45573 19.9944 -21.4753
vn -0.505625 -0.0789911 -0.859129
f 1947/2898/1622 1841/2899/1516 1948/2900/1623

f 1841/2901/1516 1840/2902/1515 1948/2903/1623

v 7.10421 18.4142 -21.0828
vn -0.473703 -0.108872 -0.873929
f 1948/2904/1623 1840/2905/1515 1949/2906/1624

v 7.82476 18.1139 -21.4337
vn -0.159711 -0.202121 -0.96625
f 1949/2907/1624 1840/2908/1515 1950/2909/1625

f 1950/2910/1625 1840/2911/1515 1837/2912/1512

f 1837/2913/1512 1635/2914/1310 1950/2915/1625

f 1950/2916/1625 1635/2917/1310 1634/2918/1309

v 6.54845 16.976 -20.6023
vn -0.291009 -0.249233 -0.923686
f 1950/2919/1625 1634/2920/1309 1951/2921/1626

v 6.62949 16.7875 -20.3572
vn -0.278542 -0.92526 -0.257505
f 1634/2922/1309 1952/2923/1627 1951/2924/1626

v 7.42615 16.8448 -20.4802
vn 0.108068 -0.774757 -0.622955
f 1634/2925/1309 1953/2926/1628 1952/2927/1627

v 8.19264 16.943 -20.3806
vn 0.203867 -0.823034 -0.530145
f 1953/2928/1628 1634/2929/1309 1954/2930/1629

f 1954/2931/1629 1634/2932/1309 1632/2933/1307

f 1954/2934/1629 1632/2935/1307 1685/2936/1360

f 1685/2937/1360 1632/2938/1307 1630/2939/1305

v 7.62262 16.8665 -20.2805
vn 0.154886 -0.725338 0.670742
f 1955/2940/1630 1954/2941/1629 1685/2942/1360

f 1955/2943/1630 1953/2944/1628 1954/2945/1629

v 6.954 16.8321 -20.2972
vn 0.0279992 -0.414784 0.909489
f 1956/2946/1631 1953/2947/1628 1955/2948/1630

f 1956/2949/1631 1952/2950/1627 1953/2951/1628

v 6.57566 17.0974 -20.1351
vn -0.247264 0.0770589 0.965879
f 1957/2952/1632 1952/2953/1627 1956/2954/1631

v 6.41109 16.9331 -20.3442
vn -0.948036 -0.280591 0.149986
f 1957/2955/1632 1958/2956/1633 1952/2957/1627

v 6.40473 17.2214 -20.4103
vn -0.956682 0.0403727 -0.288323
f 1957/2958/1632 1959/2959/1634 1958/2960/1633

v 6.53179 17.5885 -20.4702
vn -0.92184 0.220324 0.318855
f 1957/2961/1632 1960/2962/1635 1959/2963/1634

v 7.09942 18.445 -20.1254
vn -0.416663 0.196305 0.887613
f 1961/2964/1636 1960/2965/1635 1957/2966/1632

v 6.76539 18.3157 -20.5862
vn -0.95049 0.112489 -0.289681
f 1961/2967/1636 1962/2968/1637 1960/2969/1635

v 7.02093 19.1924 -20.7039
vn -0.984185 0.133986 0.115878
f 1961/2970/1636 1963/2971/1638 1962/2972/1637

v 7.4649 20.1896 -20.3276
vn -0.541603 0.209377 0.814142
f 1961/2973/1636 1964/2974/1639 1963/2975/1638

v 8.11243 20.136 -19.7599
vn -0.259604 0.16584 0.951369
f 1965/2976/1640 1964/2977/1639 1961/2978/1636

v 7.76762 20.9705 -20.3308
vn -0.54274 0.18348 0.819614
f 1965/2979/1640 1966/2980/1641 1964/2981/1639

v 8.36459 20.7001 -19.6991
vn -0.298179 0.136894 0.944642
f 1967/2982/1642 1966/2983/1641 1965/2984/1640

f 1967/2985/1642 1935/2986/1610 1966/2987/1641

v 9.25078 20.9901 -19.1027
vn -0.238982 0.106201 0.965199
f 1935/2988/1610 1967/2989/1642 1968/2990/1643

v 8.72673 19.7808 -19.4755
vn -0.164403 0.109912 0.98025
f 1967/2991/1642 1969/2992/1644 1968/2993/1643

f 1967/2994/1642 1965/2995/1640 1969/2996/1644

v 7.83822 18.4003 -19.7495
vn -0.128333 0.120608 0.98437
f 1965/2997/1640 1970/2998/1645 1969/2999/1644

f 1965/3000/1640 1961/3001/1636 1970/3002/1645

f 1961/3003/1636 1957/3004/1632 1970/3005/1645

f 1687/3006/1362 1970/3007/1645 1957/3008/1632

f 1688/3009/1363 1970/3010/1645 1687/3011/1362

f 1688/3012/1363 1969/3013/1644 1970/3014/1645

f 1931/3015/1606 1969/3016/1644 1688/3017/1363

f 1968/3018/1643 1969/3019/1644 1931/3020/1606

f 1932/3021/1607 1968/3022/1643 1931/3023/1606

f 1935/3024/1610 1968/3025/1643 1932/3026/1607

v 11.6502 20.9866 -18.3802
vn -0.0610389 0.124119 0.990388
f 1931/3027/1606 1688/3028/1363 1971/3029/1646

v 12.0506 20.2195 -18.3322
vn -0.0334382 0.0893185 0.995442
f 1972/3030/1647 1971/3031/1646 1688/3032/1363

v 14.4542 21.3698 -18.4461
vn 0.0148237 0.138833 0.990205
f 1973/3033/1648 1971/3034/1646 1972/3035/1647

f 1973/3036/1648 1930/3037/1605 1971/3038/1646

v 14.5718 22.7251 -18.592
vn 0.0106324 0.179585 0.983685
f 1973/3039/1648 1974/3040/1649 1930/3041/1605

v 18.0245 23.0608 -18.7559
vn 0.0102184 0.175552 0.984417
f 1973/3042/1648 1975/3043/1650 1974/3044/1649

v 18.7001 21.3126 -18.5379
vn 0.0129647 0.125448 0.992015
f 1976/3045/1651 1975/3046/1650 1973/3047/1648

v 22.7703 21.8877 -18.5684
vn 0.00628316 0.153153 0.988182
f 1977/3048/1652 1975/3049/1650 1976/3050/1651

v 22.393 23.6128 -18.9134
vn 0.00685233 0.200355 0.979699
f 1978/3051/1653 1975/3052/1650 1977/3053/1652

v 17.8097 24.2718 -19.1638
vn 0.0120074 0.227087 0.9738
f 1979/3054/1654 1975/3055/1650 1978/3056/1653

f 1979/3057/1654 1974/3058/1649 1975/3059/1650

v 15.0336 24.0671 -18.9897
vn 0.0266233 0.21937 0.975278
f 1980/3060/1655 1974/3061/1649 1979/3062/1654

v 12.0607 24.8234 -19.1204
vn -0.0369308 0.222683 0.974191
f 1980/3063/1655 1981/3064/1656 1974/3065/1649

f 1900/3066/1575 1981/3067/1656 1980/3068/1655

f 1900/3069/1575 1901/3070/1576 1981/3071/1656

f 1981/3072/1656 1901/3073/1576 1928/3074/1603

f 1925/3075/1600 1928/3076/1603 1901/3077/1576

f 1925/3078/1600 1901/3079/1576 1923/3080/1598

f 1901/3081/1576 1918/3082/1593 1923/3083/1598

f 1902/3084/1577 1918/3085/1593 1901/3086/1576

f 1903/3087/1578 1918/3088/1593 1902/3089/1577

f 1918/3090/1593 1919/3091/1594 1923/3092/1598

f 1981/3093/1656 1928/3094/1603 1930/3095/1605

f 1974/3096/1649 1981/3097/1656 1930/3098/1605

v 15.0824 25.0411 -19.4806
vn 0.0363824 0.259473 0.965065
f 1982/3099/1657 1900/3100/1575 1980/3101/1655

f 1982/3102/1657 1899/3103/1574 1900/3104/1575

f 1898/3105/1573 1899/3106/1574 1982/3107/1657

f 1898/3108/1573 1982/3109/1657 1897/3110/1572

f 1982/3111/1657 1979/3112/1654 1897/3113/1572

f 1982/3114/1657 1980/3115/1655 1979/3116/1654

f 1897/3117/1572 1979/3118/1654 1895/3119/1570

f 1979/3120/1654 1978/3121/1653 1895/3122/1570

v 25.6469 23.6921 -18.952
vn -0.00150551 0.199489 0.979899
f 1983/3123/1658 1895/3124/1570 1978/3125/1653

f 1893/3126/1568 1895/3127/1570 1983/3128/1658

f 1893/3129/1568 1983/3130/1658 1892/3131/1567

v 28.7913 23.5696 -18.9298
vn 0.0549718 0.175388 0.982964
f 1983/3132/1658 1984/3133/1659 1892/3134/1567

v 27.3514 22.2281 -18.638
vn 0.0342665 0.167102 0.985344
f 1983/3135/1658 1985/3136/1660 1984/3137/1659

f 1983/3138/1658 1977/3139/1652 1985/3140/1660

f 1983/3141/1658 1978/3142/1653 1977/3143/1652

f 1703/3144/1378 1704/3145/1379 1985/3146/1660 1977/3147/1652 

v 29.8823 21.447 -18.7481
vn 0.11312 0.145155 0.982921
f 1986/3148/1661 1985/3149/1660 1704/3150/1379

v 29.1975 22.5043 -18.969
vn 0.109207 0.171488 0.979115
f 1987/3151/1662 1985/3152/1660 1986/3153/1661

f 1987/3154/1662 1984/3155/1659 1985/3156/1660

v 30.5269 23.3683 -19.3041
vn 0.160904 0.17943 0.970523
f 1987/3157/1662 1988/3158/1663 1984/3159/1659

v 30.9187 22.3855 -19.5329
vn 0.22758 0.154113 0.961487
f 1989/3160/1664 1988/3161/1663 1987/3162/1662

v 31.5321 22.9014 -19.7641
vn 0.277906 0.1495 0.948903
f 1990/3163/1665 1988/3164/1663 1989/3165/1664

v 31.2434 23.7349 -19.8709
vn 0.235282 0.212488 0.948415
f 1990/3166/1665 1991/3167/1666 1988/3168/1663

v 32.0257 23.3916 -20.3533
vn 0.400285 0.159401 0.902421
f 1992/3169/1667 1991/3170/1666 1990/3171/1665

v 31.9194 24.5557 -20.5597
vn 0.262486 0.177558 0.948459
f 1992/3172/1667 1993/3173/1668 1991/3174/1666

v 32.6086 24.2955 -21.0404
vn 0.507818 0.0874152 0.857018
f 1993/3175/1668 1992/3176/1667 1994/3177/1669

v 32.6809 23.528 -21.2622
vn 0.726171 0.0516106 0.685574
f 1992/3178/1667 1995/3179/1670 1994/3180/1669

v 32.3854 22.5583 -20.6701
vn 0.659261 0.0768971 0.747971
f 1992/3181/1667 1996/3182/1671 1995/3183/1670

v 31.9074 22.5834 -20.0593
vn 0.382516 0.0870228 0.919841
f 1997/3184/1672 1996/3185/1671 1992/3186/1667

v 32.237 22.1761 -20.5188
vn 0.513829 0.122423 0.849113
f 1998/3187/1673 1996/3188/1671 1997/3189/1672

v 32.5603 22.2798 -21.2211
vn 0.935294 0.0219669 0.353188
f 1998/3190/1673 1999/3191/1674 1996/3192/1671

v 32.3736 20.9871 -20.4791
vn 0.653407 0.142352 0.743502
f 2000/3193/1675 1999/3194/1674 1998/3195/1673

v 32.566 21.4766 -21.2947
vn 0.997324 0.00942504 0.0725031
f 2000/3196/1675 2001/3197/1676 1999/3198/1674

v 32.5534 20.809 -21.0426
vn 0.975213 0.100771 0.196991
f 2000/3199/1675 2002/3200/1677 2001/3201/1676

v 32.6969 20.2582 -21.084
vn 0.991628 0.12059 0.0461743
f 2000/3202/1675 2003/3203/1678 2002/3204/1677

v 32.7002 19.5319 -20.4768
vn 0.5966 0.176828 0.782816
f 2004/3205/1679 2003/3206/1678 2000/3207/1675

v 32.8439 19.5427 -20.9615
vn 0.990844 0.119032 -0.0637212
f 2004/3208/1679 2005/3209/1680 2003/3210/1678

v 32.9588 19.089 -20.9499
vn 0.99735 0.0713008 -0.014496
f 2004/3211/1679 2006/3212/1681 2005/3213/1680

v 32.8999 18.6581 -20.5025
vn 0.725511 0.200943 0.658222
f 2007/3214/1682 2006/3215/1681 2004/3216/1679

v 32.9561 18.5468 -20.7956
vn 0.993618 0.112778 0.00198073
f 2007/3217/1682 2008/3218/1683 2006/3219/1681

v 33.2355 17.8707 -20.6839
vn 0.974535 0.216219 -0.0594127
f 2007/3220/1682 2009/3221/1684 2008/3222/1683

v 33.4017 17.4505 -20.4881
vn 0.57103 0.237938 0.785691
f 2010/3223/1685 2009/3224/1684 2007/3225/1682

f 2010/3226/1685 1730/3227/1405 2009/3228/1684

f 1729/3229/1404 1730/3230/1405 2010/3231/1685

f 2010/3232/1685 1728/3233/1403 1729/3234/1404

v 31.9793 17.6322 -20.0221
vn 0.0669312 0.0477099 0.996616
f 2010/3235/1685 2011/3236/1686 1728/3237/1403

v 32.358 18.5736 -20.0402
vn 0.227778 0.130519 0.964926
f 2012/3238/1687 2011/3239/1686 2010/3240/1685

v 29.7526 18.8056 -19.3055
vn 0.1036 0.0455851 0.993574
f 2013/3241/1688 2011/3242/1686 2012/3243/1687

v 30.062 17.945 -19.7243
vn 0.0317925 -0.0631252 0.997499
f 2014/3244/1689 2011/3245/1686 2013/3246/1688

f 1726/3247/1401 2011/3248/1686 2014/3249/1689

v 32.6747 17.0426 -20.2636
vn -0.0478439 -0.0784812 0.995767
f 2015/3250/1690 2011/3251/1686 1726/3252/1401

f 2015/3253/1690 1728/3254/1403 2011/3255/1686

f 2015/3256/1690 1727/3257/1402 1728/3258/1403

f 2015/3259/1690 1726/3260/1401 1727/3261/1402

f 2014/3262/1689 1709/3263/1384 1726/3264/1401

f 1709/3265/1384 2014/3266/1689 1708/3267/1383

f 1708/3268/1383 2014/3269/1689 2013/3270/1688

f 1708/3271/1383 2013/3272/1688 1705/3273/1380

f 1705/3274/1380 2013/3275/1688 1704/3276/1379

v 30.8004 20.2321 -19.3502
vn 0.177579 0.0895181 0.980027
f 2016/3277/1691 1704/3278/1379 2013/3279/1688

f 1986/3280/1661 1704/3281/1379 2016/3282/1691

v 30.7009 21.6715 -19.0669
vn 0.202875 0.168182 0.964654
f 2017/3283/1692 1986/3284/1661 2016/3285/1691

f 1987/3286/1662 1986/3287/1661 2017/3288/1692

f 1989/3289/1664 1987/3290/1662 2017/3291/1692

v 31.8725 21.9583 -19.8851
vn 0.369601 0.201888 0.906993
f 2018/3292/1693 1989/3293/1664 2017/3294/1692

f 1989/3295/1664 2018/3296/1693 1998/3297/1673

f 2018/3298/1693 2000/3299/1675 1998/3300/1673

v 31.7163 21.1933 -19.6968
vn 0.325652 0.119877 0.937859
f 2019/3301/1694 2000/3302/1675 2018/3303/1693

v 32.0037 19.8603 -19.8885
vn 0.315895 0.138391 0.938647
f 2000/3304/1675 2019/3305/1694 2020/3306/1695

f 2019/3307/1694 2016/3308/1691 2020/3309/1695

f 2017/3310/1692 2016/3311/1691 2019/3312/1694

f 2018/3313/1693 2017/3314/1692 2019/3315/1694

f 2020/3316/1695 2016/3317/1691 2012/3318/1687

f 2016/3319/1691 2013/3320/1688 2012/3321/1687

f 2020/3322/1695 2012/3323/1687 2004/3324/1679

f 2004/3325/1679 2012/3326/1687 2007/3327/1682

f 2012/3328/1687 2010/3329/1685 2007/3330/1682

f 2020/3331/1695 2004/3332/1679 2000/3333/1675

f 1989/3334/1664 1998/3335/1673 1997/3336/1672

f 1997/3337/1672 1990/3338/1665 1989/3339/1664

f 1990/3340/1665 1997/3341/1672 1992/3342/1667

v 32.9385 18.4103 -21.0405
vn 0.70136 -0.0303214 -0.712162
f 2009/3343/1684 1730/3344/1405 2021/3345/1696

f 1730/3346/1405 1731/3347/1406 2021/3348/1696

v 32.6343 19.4203 -21.4884
vn 0.588129 -0.0885291 -0.803907
f 1731/3349/1406 2022/3350/1697 2021/3351/1696

v 31.9863 19.4888 -22.0726
vn 0.277058 -0.190604 -0.941758
v 32.1646 20.5994 -22.151
vn 0.475271 -0.148584 -0.867203
f 2023/3352/1698 2024/3353/1699 2022/3354/1697 1731/3355/1406 

v 31.6924 20.6841 -22.6908
vn 0.296318 -0.198614 -0.93421
f 2025/3356/1700 2024/3357/1699 2023/3358/1698

v 31.8494 21.468 -22.7678
vn 0.348128 -0.110793 -0.930877
f 2024/3359/1699 2025/3360/1700 2026/3361/1701

v 30.6661 20.9292 -23.4312
vn 0.18756 -0.16071 -0.969017
f 2027/3362/1702 2026/3363/1701 2025/3364/1700

f 1738/3365/1413 2026/3366/1701 2027/3367/1702

v 32.2232 21.8823 -22.2461
vn 0.499699 -0.162117 -0.850893
f 2026/3368/1701 1738/3369/1413 2028/3370/1703

v 31.8854 22.1154 -22.8105
vn 0.368435 -0.223026 -0.902505
f 2028/3371/1703 1738/3372/1413 2029/3373/1704

f 1739/3374/1414 2029/3375/1704 1738/3376/1413

f 2029/3377/1704 1739/3378/1414 1741/3379/1416

v 32.3729 22.2927 -22.2315
vn 0.572564 -0.172202 -0.801572
f 2030/3380/1705 2029/3381/1704 1741/3382/1416

f 2030/3383/1705 2028/3384/1703 2029/3385/1704

v 32.5164 22.0439 -21.7137
vn 0.852184 -0.117402 -0.509901
f 2031/3386/1706 2028/3387/1703 2030/3388/1705

v 32.4895 20.7415 -21.6363
vn 0.805796 -0.0626993 -0.588864
f 2031/3389/1706 2032/3390/1707 2028/3391/1703

f 2001/3392/1676 2032/3393/1707 2031/3394/1706

f 2002/3395/1677 2032/3396/1707 2001/3397/1676

f 2002/3398/1677 2003/3399/1678 2032/3400/1707

f 2003/3401/1678 2022/3402/1697 2032/3403/1707

f 2005/3404/1680 2022/3405/1697 2003/3406/1678

f 2005/3407/1680 2006/3408/1681 2022/3409/1697

f 2021/3410/1696 2022/3411/1697 2006/3412/1681

f 2008/3413/1683 2021/3414/1696 2006/3415/1681

f 2009/3416/1684 2021/3417/1696 2008/3418/1683

f 2022/3419/1697 2024/3420/1699 2032/3421/1707

f 2024/3422/1699 2028/3423/1703 2032/3424/1707

f 2024/3425/1699 2026/3426/1701 2028/3427/1703

f 2001/3428/1676 2031/3429/1706 1999/3430/1674

v 32.6228 23.1954 -21.9527
vn 0.812437 -0.15549 -0.561934
f 1999/3431/1674 2031/3432/1706 2033/3433/1708

f 2031/3434/1706 2030/3435/1705 2033/3436/1708

f 2030/3437/1705 1741/3438/1416 2033/3439/1708

f 2033/3440/1708 1741/3441/1416 1743/3442/1418

v 32.8884 24.0378 -21.7318
vn 0.991067 -0.124703 0.0472713
f 2033/3443/1708 1743/3444/1418 2034/3445/1709

v 33.2074 24.9768 -21.8922
vn 0.979085 -0.202775 0.0165805
f 2034/3446/1709 1743/3447/1418 2035/3448/1710

f 2035/3449/1710 1743/3450/1418 1745/3451/1420

v 33.4533 25.5646 -22.0076
vn 0.984053 -0.177724 -0.00733804
f 2035/3452/1710 1745/3453/1420 2036/3454/1711

v 33.5874 26.1584 -22.17
vn 0.977192 -0.211945 0.0132685
f 2036/3455/1711 1745/3456/1420 2037/3457/1712

f 2037/3458/1712 1745/3459/1420 1747/3460/1422

v 33.7414 26.5126 -22.0992
vn 0.688831 -0.0304801 0.724281
f 2038/3461/1713 2037/3462/1712 1747/3463/1422

v 33.2676 25.6797 -21.5973
vn 0.579311 0.0417035 0.814039
f 2039/3464/1714 2037/3465/1712 2038/3466/1713

f 2039/3467/1714 2036/3468/1711 2037/3469/1712

f 2039/3470/1714 2035/3471/1710 2036/3472/1711

f 1994/3473/1669 2035/3474/1710 2039/3475/1714

f 1994/3476/1669 2034/3477/1709 2035/3478/1710

f 1994/3479/1669 1995/3480/1670 2034/3481/1709

v 32.6319 23.0932 -21.4176
vn 0.968991 -0.0564929 0.240551
f 1995/3482/1670 2040/3483/1715 2034/3484/1709

f 1996/3485/1671 2040/3486/1715 1995/3487/1670

f 1996/3488/1671 1999/3489/1674 2040/3490/1715

f 1999/3491/1674 2033/3492/1708 2040/3493/1715

f 2040/3494/1715 2033/3495/1708 2034/3496/1709

v 32.6929 25.4034 -21.143
vn 0.255334 0.156767 0.954059
f 2041/3497/1716 1994/3498/1669 2039/3499/1714

f 1994/3500/1669 2041/3501/1716 1993/3502/1668

v 31.6278 25.3436 -20.6847
vn 0.143858 0.220323 0.96476
f 1993/3503/1668 2041/3504/1716 2042/3505/1717

f 2041/3506/1716 1752/3507/1427 2042/3508/1717

f 2039/3509/1714 1752/3510/1427 2041/3511/1716

f 2038/3512/1713 1752/3513/1427 2039/3514/1714

f 1747/3515/1422 1752/3516/1427 2038/3517/1713

f 1752/3518/1427 1747/3519/1422 1748/3520/1423

f 1752/3521/1427 1748/3522/1423 1749/3523/1424

f 1753/3524/1428 2042/3525/1717 1752/3526/1427

f 1888/3527/1563 2042/3528/1717 1753/3529/1428

v 30.136 24.4077 -19.7773
vn 0.144752 0.25298 0.956581
f 1888/3530/1563 2043/3531/1718 2042/3532/1717

f 1889/3533/1564 2043/3534/1718 1888/3535/1563

v 28.9823 23.9576 -19.0863
vn 0.0892531 0.224635 0.970347
f 1889/3536/1564 2044/3537/1719 2043/3538/1718

f 1892/3539/1567 2044/3540/1719 1889/3541/1564

f 1892/3542/1567 1984/3543/1659 2044/3544/1719

f 1988/3545/1663 2044/3546/1719 1984/3547/1659

f 1988/3548/1663 2043/3549/1718 2044/3550/1719

f 1988/3551/1663 1991/3552/1666 2043/3553/1718

f 1991/3554/1666 2042/3555/1717 2043/3556/1718

f 1991/3557/1666 1993/3558/1668 2042/3559/1717

v 30.1458 26.6351 -21.1589
vn 0.0157422 0.390261 0.92057
f 2045/3560/1720 1888/3561/1563 1753/3562/1428

f 1887/3563/1562 1888/3564/1563 2045/3565/1720

f 2045/3566/1720 1803/3567/1478 1887/3568/1562

f 2045/3569/1720 1754/3570/1429 1803/3571/1478

f 2045/3572/1720 1753/3573/1428 1754/3574/1429

f 1887/3575/1562 1803/3576/1478 1885/3577/1560

f 1803/3578/1478 1805/3579/1480 1885/3580/1560

f 1803/3581/1478 1804/3582/1479 1805/3583/1480

f 1885/3584/1560 1805/3585/1480 1884/3586/1559

f 1884/3587/1559 1805/3588/1480 1806/3589/1481

f 1884/3590/1559 1806/3591/1481 1807/3592/1482

f 1884/3593/1559 1807/3594/1482 1882/3595/1557

v 25.9584 26.6148 -22.0781
vn -0.000999989 0.963618 0.267281
f 1882/3596/1557 1807/3597/1482 2046/3598/1721

f 2046/3599/1721 1807/3600/1482 1808/3601/1483

v 24.9681 26.6486 -21.9677
vn -0.00471238 0.937659 0.347524
f 2046/3602/1721 1808/3603/1483 2047/3604/1722

f 2047/3605/1722 1808/3606/1483 1809/3607/1484

f 1815/3608/1490 2047/3609/1722 1809/3610/1484

f 1879/3611/1554 2047/3612/1722 1815/3613/1490

f 1879/3614/1554 1882/3615/1557 2047/3616/1722

f 1882/3617/1557 2046/3618/1721 2047/3619/1722

f 1735/3620/1410 1738/3621/1413 2027/3622/1702

f 1734/3623/1409 1735/3624/1410 2027/3625/1702

f 1734/3626/1409 2027/3627/1702 1733/3628/1408

f 1733/3629/1408 2027/3630/1702 2025/3631/1700

f 1733/3632/1408 2025/3633/1700 2023/3634/1698

f 1733/3635/1408 2023/3636/1698 1731/3637/1406

f 1732/3638/1407 1733/3639/1408 1731/3640/1406

f 1703/3641/1378 1977/3642/1652 1700/3643/1375

f 1700/3644/1375 1977/3645/1652 1976/3646/1651

f 1700/3647/1375 1976/3648/1651 1698/3649/1373

v 16.8647 20.839 -18.5073
vn 0.0173197 0.104236 0.994402
f 1698/3650/1373 1976/3651/1651 2048/3652/1723

f 2048/3653/1723 1976/3654/1651 1973/3655/1648

f 1696/3656/1371 2048/3657/1723 1973/3658/1648

f 1698/3659/1373 2048/3660/1723 1696/3661/1371

f 1696/3662/1371 1973/3663/1648 1972/3664/1647

f 1696/3665/1371 1972/3666/1647 1694/3667/1369

f 1694/3668/1369 1972/3669/1647 1692/3670/1367

f 1692/3671/1367 1972/3672/1647 1688/3673/1363

f 1692/3674/1367 1688/3675/1363 1690/3676/1365

f 1930/3677/1605 1931/3678/1606 1971/3679/1646

f 1956/3680/1631 1687/3681/1362 1957/3682/1632

f 1956/3683/1631 1955/3684/1630 1687/3685/1362

f 1687/3686/1362 1955/3687/1630 1685/3688/1360

v 7.78386 22.2146 -20.722
vn -0.762267 0.0936131 0.640458
f 1935/3689/1610 2049/3690/1724 1966/3691/1641

f 1936/3692/1611 2049/3693/1724 1935/3694/1610

v 7.86553 23.086 -20.5287
vn -0.67695 0.0951864 0.729848
f 1936/3695/1611 2050/3696/1725 2049/3697/1724

f 1938/3698/1613 2050/3699/1725 1936/3700/1611

f 1938/3701/1613 1939/3702/1614 2050/3703/1725

f 2050/3704/1725 1939/3705/1614 1943/3706/1618

f 1939/3707/1614 1942/3708/1617 1943/3709/1618

v 7.4036 24.0217 -21.564
vn -0.981111 -0.0981651 0.16669
f 2051/3710/1726 1942/3711/1617 1939/3712/1614

f 2051/3713/1726 1940/3714/1615 1942/3715/1617

f 1940/3716/1615 2051/3717/1726 1939/3718/1614

v 7.60244 22.5289 -21.2428
vn -0.964945 -0.00558595 0.262394
f 2050/3719/1725 1943/3720/1618 2052/3721/1727

f 2052/3722/1727 1943/3723/1618 1945/3724/1620

f 1943/3725/1618 1944/3726/1619 1945/3727/1620

f 2049/3728/1724 2052/3729/1727 1945/3730/1620

f 2050/3731/1725 2052/3732/1727 2049/3733/1724

f 2049/3734/1724 1945/3735/1620 1946/3736/1621

f 2049/3737/1724 1946/3738/1621 1966/3739/1641

v 7.48671 20.7973 -20.8291
vn -0.88889 0.207618 0.408374
f 1966/3740/1641 1946/3741/1621 2053/3742/1728

f 1946/3743/1621 1947/3744/1622 2053/3745/1728

v 7.23992 19.8836 -21.1422
vn -0.893753 0.0599199 -0.444539
f 2053/3746/1728 1947/3747/1622 2054/3748/1729

f 2054/3749/1729 1947/3750/1622 1948/3751/1623

v 7.09957 19.1241 -21.0444
vn -0.71699 -0.0582611 -0.694644
f 2054/3752/1729 1948/3753/1623 2055/3754/1730

f 1948/3755/1623 1949/3756/1624 2055/3757/1730

f 1963/3758/1638 2055/3759/1730 1949/3760/1624

f 1963/3761/1638 2054/3762/1729 2055/3763/1730

v 7.24022 20.0116 -20.7016
vn -0.899103 0.205408 0.38655
f 2056/3764/1731 2054/3765/1729 1963/3766/1638

f 2053/3767/1728 2054/3768/1729 2056/3769/1731

f 2053/3770/1728 2056/3771/1731 1964/3772/1639

f 1964/3773/1639 2056/3774/1731 1963/3775/1638

f 1966/3776/1641 2053/3777/1728 1964/3778/1639

f 1962/3779/1637 1963/3780/1638 1949/3781/1624

v 6.78318 17.5977 -20.8128
vn -0.420933 -0.0931049 -0.902301
f 1962/3782/1637 1949/3783/1624 2057/3784/1732

f 2057/3785/1732 1949/3786/1624 1950/3787/1625

f 1951/3788/1626 2057/3789/1732 1950/3790/1625

f 1959/3791/1634 2057/3792/1732 1951/3793/1626

f 1960/3794/1635 2057/3795/1732 1959/3796/1634

f 1962/3797/1637 2057/3798/1732 1960/3799/1635

f 1959/3800/1634 1951/3801/1626 1958/3802/1633

f 1958/3803/1633 1951/3804/1626 1952/3805/1627

f 1907/3806/1582 1908/3807/1583 1916/3808/1591

f 1916/3809/1591 1908/3810/1583 1914/3811/1589

f 1914/3812/1589 1908/3813/1583 1913/3814/1588

f 1909/3815/1584 1913/3816/1588 1908/3817/1583

f 1896/3818/1571 1880/3819/1555 1878/3820/1553

f 1894/3821/1569 1880/3822/1555 1896/3823/1571

f 1894/3824/1569 1881/3825/1556 1880/3826/1555

f 1894/3827/1569 1891/3828/1566 1881/3829/1556

f 1881/3830/1556 1891/3831/1566 1890/3832/1565

f 1883/3833/1558 1881/3834/1556 1890/3835/1565

f 1874/3836/1549 1817/3837/1492 1818/3838/1493

f 1874/3839/1549 1818/3840/1493 1873/3841/1548

f 1818/3842/1493 1824/3843/1499 1873/3844/1548

f 1873/3845/1548 1824/3846/1499 1870/3847/1545

f 1824/3848/1499 1825/3849/1500 1870/3850/1545

f 1836/3851/1511 1834/3852/1509 1835/3853/1510

f 1838/3854/1513 1843/3855/1518 1836/3856/1511

f 1761/3857/1436 1737/3858/1412 1736/3859/1411

f 1759/3860/1434 1737/3861/1412 1761/3862/1436

f 1740/3863/1415 1737/3864/1412 1759/3865/1434

f 1757/3866/1432 1740/3867/1415 1759/3868/1434

f 1742/3869/1417 1740/3870/1415 1757/3871/1432

f 1744/3872/1419 1742/3873/1417 1757/3874/1432

f 1746/3875/1421 1744/3876/1419 1757/3877/1432

f 1682/3878/1357 1628/3879/1303 1626/3880/1301

f 1682/3881/1357 1626/3882/1301 1680/3883/1355

f 1680/3884/1355 1626/3885/1301 1625/3886/1300

f 1680/3887/1355 1625/3888/1300 1679/3889/1354

v 15.9954 17.5007 -20.5043
vn 0.0901256 -0.979993 0.177455
f 1679/3890/1354 1625/3891/1300 2058/3892/1733

f 1625/3893/1300 1623/3894/1298 2058/3895/1733

f 2058/3896/1733 1623/3897/1298 1620/3898/1295

f 1674/3899/1349 2058/3900/1733 1620/3901/1295

f 1677/3902/1352 2058/3903/1733 1674/3904/1349

f 1677/3905/1352 1679/3906/1354 2058/3907/1733

f 1674/3908/1349 1620/3909/1295 1619/3910/1294

v 25.1759 17.5432 -21.309
vn -0.0221465 -0.643521 -0.765108
f 1613/3911/1288 2059/3912/1734 1668/3913/1343

f 1613/3914/1288 1612/3915/1287 2059/3916/1734

f 1612/3917/1287 1614/3918/1289 2059/3919/1734

v 25.3124 17.7722 -21.8536
vn -0.0388072 -0.428614 -0.902654
f 1614/3920/1289 2060/3921/1735 2059/3922/1734

v 22.516 17.77 -21.7966
vn -0.150979 -0.444798 -0.882814
f 1614/3923/1289 2061/3924/1736 2060/3925/1735

v 22.4164 18.1131 -22.2687
vn -0.0603463 -0.379376 -0.923273
f 1614/3926/1289 2062/3927/1737 2061/3928/1736

v 19.4837 17.6951 -21.4586
vn 0.00596783 -0.516095 -0.856511
f 2063/3929/1738 2062/3930/1737 1614/3931/1289

v 19.5927 17.9948 -22.0095
vn 0.00339045 -0.398233 -0.917278
f 2063/3932/1738 2064/3933/1739 2062/3934/1737

v 18.2056 17.9105 -22.0003
vn 0.0371238 -0.402053 -0.914864
f 2063/3935/1738 2065/3936/1740 2064/3937/1739

f 1618/3938/1293 2065/3939/1740 2063/3940/1738

f 1621/3941/1296 2065/3942/1740 1618/3943/1293

f 1622/3944/1297 2065/3945/1740 1621/3946/1296

v 16.2195 18.2596 -22.4021
vn 8.43126e-05 -0.34125 -0.939972
f 1622/3947/1297 2066/3948/1741 2065/3949/1740

v 14.5446 17.8846 -21.991
vn 0.0454345 -0.394708 -0.917683
f 2067/3950/1742 2066/3951/1741 1622/3952/1297

v 14.4307 18.3349 -22.5084
vn 0.0459107 -0.318606 -0.946775
f 2067/3953/1742 2068/3954/1743 2066/3955/1741

v 13.9639 17.7831 -22.0249
vn 0.0360045 -0.40215 -0.914866
f 2067/3956/1742 2069/3957/1744 2068/3958/1743

f 1624/3959/1299 2069/3960/1744 2067/3961/1742

f 1627/3962/1302 2069/3963/1744 1624/3964/1299

v 12.7511 17.9156 -22.2334
vn -0.0398136 -0.420404 -0.906463
f 1627/3965/1302 2070/3966/1745 2069/3967/1744

f 1637/3968/1312 2070/3969/1745 1627/3970/1302

f 1638/3971/1313 2070/3972/1745 1637/3973/1312

f 1638/3974/1313 2069/3975/1744 2070/3976/1745

f 1640/3977/1315 2069/3978/1744 1638/3979/1313

f 1640/3980/1315 2068/3981/1743 2069/3982/1744

f 1641/3983/1316 2068/3984/1743 1640/3985/1315

f 1641/3986/1316 2066/3987/1741 2068/3988/1743

f 1644/3989/1319 2066/3990/1741 1641/3991/1316

f 2066/3992/1741 1644/3993/1319 2065/3994/1740

v 19.3965 18.4817 -22.5463
vn -0.00580941 -0.317575 -0.948216
f 2065/3995/1740 1644/3996/1319 2071/3997/1746

f 1645/3998/1320 2071/3999/1746 1644/4000/1319

v 22.2648 18.6855 -22.7894
vn -0.0123316 -0.295394 -0.955296
f 2072/4001/1747 2071/4002/1746 1645/4003/1320

f 2062/4004/1737 2071/4005/1746 2072/4006/1747

f 2064/4007/1739 2071/4008/1746 2062/4009/1737

f 2065/4010/1740 2071/4011/1746 2064/4012/1739

v 25.4998 18.5091 -22.6842
vn -0.0538681 -0.310334 -0.9491
f 2073/4013/1748 2062/4014/1737 2072/4015/1747

f 2060/4016/1735 2062/4017/1737 2073/4018/1748

f 2061/4019/1736 2062/4020/1737 2060/4021/1735

f 2060/4022/1735 2073/4023/1748 1652/4024/1327

f 1652/4025/1327 2073/4026/1748 1650/4027/1325

f 1650/4028/1325 2073/4029/1748 2072/4030/1747

f 1645/4031/1320 1650/4032/1325 2072/4033/1747

f 1647/4034/1322 1650/4035/1325 1645/4036/1320

v 26.0137 17.6052 -21.6015
vn -0.0239612 -0.532419 -0.846141
f 2074/4037/1749 2060/4038/1735 1652/4039/1327

f 2059/4040/1734 2060/4041/1735 2074/4042/1749

f 1668/4043/1343 2059/4044/1734 2074/4045/1749

f 1668/4046/1343 2074/4047/1749 1665/4048/1340

f 1665/4049/1340 2074/4050/1749 1653/4051/1328

f 2074/4052/1749 1652/4053/1327 1653/4054/1328

f 1653/4055/1328 1655/4056/1330 1665/4057/1340

f 1629/4058/1304 1637/4059/1312 1627/4060/1302

f 1636/4061/1311 1637/4062/1312 1629/4063/1304

f 1631/4064/1306 1636/4065/1311 1629/4066/1304

f 1631/4067/1306 1633/4068/1308 1636/4069/1311

f 1624/4070/1299 2067/4071/1742 1622/4072/1297

f 1618/4073/1293 2063/4074/1738 1615/4075/1290

f 1615/4076/1290 2063/4077/1738 1614/4078/1289

