# Alias OBJ Model File
# Exported from SketchUp, (c) 2000-2012 Trimble Navigation Limited
# File units = inches

mtllib BRAVO chaise lounge 84.mtl

g Mesh1 Group2 Group1 Model

usemtl _Color_M06_4
v 82 17.25 -32.1625
vt -8.4583e-11 2.07847e-34
vn 2.2177e-12 -1.10845e-12 -1
v 82 19.25 -32.1625
vt -8.4583e-11 2
v 83 19.25 -32.1625
vt -1 2
v 83 17.25 -32.1625
vt -1 -1.5752e-24
f 1/1/1 2/2/1 3/3/1 4/4/1 

v 82 17.25 -2.1625
vt 30 3.32463e-11
vn -1 1.10022e-33 -2.2177e-12
v 82 19.25 -2.1625
vt 30 2
vt -1.87512e-22 2
vt -1.87512e-22 2.8937e-59
f 5/5/2 6/6/2 2/7/2 1/8/2 

vt 8.42419e-11 2
vn -2.2177e-12 1.10845e-12 1
vt 8.42419e-11 -7.10543e-15
v 83 17.25 -2.1625
vt 1 -7.10543e-15
v 83 19.25 -2.1625
vt 1 2
f 6/9/3 5/10/3 7/11/3 8/12/3 

vt -30 1
vn -4.91551e-24 -1 1.10845e-12
vt -30 1.77351e-11
vt 0 8.4583e-11
vt -3.63798e-12 1
f 7/13/4 5/14/4 1/15/4 4/16/4 

vt -30 2
vn 1 4.91462e-24 2.2177e-12
vt -30 3.32463e-11
vt -1.42109e-12 -4.91462e-24
vt 2.21689e-12 2
f 8/17/5 7/18/5 4/19/5 3/20/5 

vt 30 1.77351e-11
vn 8.92203e-28 1 -1.10845e-12
vt 30 1
vt 2.21689e-12 1
vt 2.21689e-12 8.4583e-11
f 6/21/6 8/22/6 3/23/6 2/24/6 

g Mesh2 Group3 Group1 Model

usemtl _Color_M06_5
v 80.3536 0.75 -32.8089
vt 0.157559 0.75
vn 0.707107 -5.20651e-12 0.707107
v 80.25 0.75 -32.7295
vt 0.0270329 0.75
vn 0.5 -4.17969e-12 0.866025
v 80.25 9.83222e-11 -32.7295
vt 0.0270329 6.65006e-12
v 80.3536 9.78089e-11 -32.8089
vt 0.157559 6.13669e-12
f 9/25/7 10/26/8 11/27/8 12/28/7 

v 80 0.75 -33.6625
vt 2.48515e-15 0.5
vn 6.00219e-12 1 1.36093e-12
v 79.8706 0.75 -33.6455
vt 0.0170371 0.37059
v 79.75 0.75 -33.5955
vt 0.0669873 0.25
v 79.6464 0.75 -33.5161
vt 0.146447 0.146447
v 79.567 0.75 -33.4125
vt 0.25 0.0669873
v 79.517 0.75 -33.2919
vt 0.37059 0.0170371
v 79.5 0.75 -33.1625
vt 0.5 4.58347e-14
v 79.517 0.75 -33.0331
vt 0.62941 0.0170371
v 79.567 0.75 -32.9125
vt 0.75 0.0669873
v 79.6464 0.75 -32.8089
vt 0.853553 0.146447
v 79.75 0.75 -32.7295
vt 0.933013 0.25
v 79.8706 0.75 -32.6795
vt 0.982963 0.37059
v 80 0.75 -32.6625
vt 1 0.5
v 80.1294 0.75 -32.6795
vt 0.982963 0.62941
vt 0.933013 0.75
vt 0.853553 0.853553
v 80.433 0.75 -32.9125
vt 0.75 0.933013
v 80.483 0.75 -33.0331
vt 0.62941 0.982963
v 80.5 0.75 -33.1625
vt 0.5 1
v 80.483 0.75 -33.2919
vt 0.37059 0.982963
v 80.433 0.75 -33.4125
vt 0.25 0.933013
v 80.3536 0.75 -33.5161
vt 0.146447 0.853553
v 80.25 0.75 -33.5955
vt 0.0669873 0.75
v 80.1294 0.75 -33.6455
vt 0.0170371 0.62941
f 13/29/9 14/30/9 15/31/9 16/32/9 17/33/9 18/34/9 19/35/9 20/36/9 21/37/9 22/38/9 23/39/9 24/40/9 25/41/9 26/42/9 10/43/9 9/44/9 27/45/9 28/46/9 29/47/9 30/48/9 31/49/9 32/50/9 33/51/9 34/52/9 

vt -0.365196 0.75
vn -0.258819 2.86804e-12 -0.965926
vt -0.495722 0.75
vn 8.04912e-16 1.36093e-12 -1
v 80 1.01092e-10 -33.6625
vt -0.495722 3.89441e-12
v 79.8706 1.01846e-10 -33.6455
vt -0.365196 4.64803e-12
f 14/53/10 13/54/11 35/55/11 36/56/10 

vt -0.626249 0.75
vn 0.258819 -2.38924e-13 -0.965926
v 80.1294 1.00293e-10 -33.6455
vt -0.626249 2.91849e-12
vt -0.495722 3.71829e-12
f 13/54/11 34/57/12 37/58/12 35/59/11 

vt -0.588018 0.75
vt -0.718545 0.75
vn 0.5 -1.82249e-12 -0.866025
v 80.25 9.95009e-11 -33.5955
vt -0.718545 2.39764e-12
vt -0.588018 3.18945e-12
f 34/60/12 33/61/13 38/62/13 37/63/12 

vt -0.635794 0.75
vt -0.76632 0.75
vn 0.707107 -3.28186e-12 -0.707107
v 80.3536 9.87712e-11 -33.5161
vt -0.76632 2.47247e-12
vt -0.635794 3.2021e-12
f 33/64/13 32/65/14 39/66/14 38/67/13 

vn 0.866025 -4.51758e-12 -0.5
v 80.433 9.81535e-11 -33.4125
vt -0.76632 3.12913e-12
vt -0.635794 3.74686e-12
f 32/64/14 31/65/15 40/68/15 39/69/14 

vn 0.965926 -5.44543e-12 -0.258819
v 80.483 9.76894e-11 -33.2919
vt -0.718545 4.20253e-12
vt -0.588018 4.66661e-12
f 31/60/15 30/61/16 41/70/16 40/71/15 

vn 1 -6.00219e-12 8.04912e-16
v 80.5 9.7411e-11 -33.1625
vt -0.626249 5.42075e-12
vt -0.495722 5.69919e-12
f 30/54/16 29/57/17 42/72/17 41/73/16 

vn 0.965926 -6.1499e-12 0.258819
v 80.483 9.73372e-11 -33.0331
vt -0.495722 6.47601e-12
vt -0.365196 6.54972e-12
f 29/53/17 28/54/18 43/74/18 42/75/17 

vt -0.205335 0.75
vt -0.335861 0.75
vn 0.866025 -5.87851e-12 0.5
v 80.433 9.74727e-11 -32.9125
vt -0.335861 7.10542e-12
vt -0.205335 6.96997e-12
f 28/76/18 27/77/19 44/78/19 43/79/18 

vt -0.0270329 0.75
vt -0.157559 0.75
vt -0.157559 7.16202e-12
vt -0.0270329 6.82585e-12
f 27/80/19 9/81/7 12/82/7 44/83/19 

vt -0.0170371 0.37059
vn -6.00219e-12 -1 -1.36093e-12
vt 5.11058e-24 0.5
vt -0.0170371 0.62941
vt -0.0669873 0.75
vt -0.146447 0.853553
vt -0.25 0.933013
vt -0.37059 0.982963
vt -0.5 1
vt -0.62941 0.982963
vt -0.75 0.933013
vt -0.853553 0.853553
vt -0.933013 0.75
v 80.1294 9.89782e-11 -32.6795
vt -0.982963 0.62941
v 80 9.97318e-11 -32.6625
vt -1 0.5
v 79.8706 1.00532e-10 -32.6795
vt -0.982963 0.37059
v 79.75 1.01323e-10 -32.7295
vt -0.933013 0.25
v 79.6464 1.02053e-10 -32.8089
vt -0.853553 0.146447
v 79.567 1.02671e-10 -32.9125
vt -0.75 0.0669873
v 79.517 1.03135e-10 -33.0331
vt -0.62941 0.0170371
v 79.5 1.03413e-10 -33.1625
vt -0.5 -4.05537e-23
v 79.517 1.03487e-10 -33.2919
vt -0.37059 0.0170371
v 79.567 1.03352e-10 -33.4125
vt -0.25 0.0669873
v 79.6464 1.03015e-10 -33.5161
vt -0.146447 0.146447
v 79.75 1.02502e-10 -33.5955
vt -0.0669873 0.25
f 36/84/20 35/85/20 37/86/20 38/87/20 39/88/20 40/89/20 41/90/20 42/91/20 43/92/20 44/93/20 12/94/20 11/95/20 45/96/20 46/97/20 47/98/20 48/99/20 49/100/20 50/101/20 51/102/20 52/103/20 53/104/20 54/105/20 55/106/20 56/107/20 

vt 0.335861 0.75
vt 0.205335 0.75
vn 0.258819 -2.86804e-12 0.965926
vt 0.205335 5.72478e-12
vt 0.335861 5.06886e-12
f 10/108/8 26/109/21 45/110/21 11/111/8 

vt 0.495722 0.75
vt 0.365196 0.75
vn -8.04912e-16 -1.36093e-12 1
vt 0.365196 4.6482e-12
vt 0.495722 3.89458e-12
f 26/112/21 25/113/22 46/114/22 45/115/21 

vt 0.626249 0.75
vn -0.258819 2.38924e-13 0.965926
vt 0.495722 3.71841e-12
vt 0.626249 2.9186e-12
f 25/116/22 24/112/23 47/117/23 46/118/22 

vt 0.718545 0.75
vt 0.588018 0.75
vn -0.5 1.82249e-12 0.866025
vt 0.588018 3.18948e-12
vt 0.718545 2.39766e-12
f 24/119/23 23/120/24 48/121/24 47/122/23 

vt 0.76632 0.75
vt 0.635794 0.75
vn -0.707107 3.28186e-12 0.707107
vt 0.635794 3.20211e-12
vt 0.76632 2.47247e-12
f 23/123/24 22/124/25 49/125/25 48/126/24 

vn -0.866025 4.51758e-12 0.5
vt 0.635794 3.74668e-12
vt 0.76632 3.12896e-12
f 22/123/25 21/124/26 50/127/26 49/128/25 

vn -0.965926 5.44543e-12 0.258819
vt 0.588018 4.66645e-12
vt 0.718545 4.20238e-12
f 21/119/26 20/120/27 51/129/27 50/130/26 

vn -1 6.00219e-12 -8.04912e-16
vt 0.495722 5.69925e-12
vt 0.626249 5.42081e-12
f 20/116/27 19/112/28 52/131/28 51/132/27 

vn -0.965926 6.1499e-12 -0.258819
vt 0.365196 6.54971e-12
vt 0.495722 6.47599e-12
f 19/112/28 18/113/29 53/133/29 52/134/28 

vn -0.866025 5.87851e-12 -0.5
vt 0.205335 6.97007e-12
vt 0.335861 7.10552e-12
f 18/108/29 17/109/30 54/135/30 53/136/29 

vn -0.707107 5.20651e-12 -0.707107
vt 0.0270329 6.82602e-12
vt 0.157559 7.16219e-12
f 17/25/30 16/26/31 55/137/31 54/138/30 

vn -0.5 4.17969e-12 -0.866025
vt -0.157559 6.13673e-12
vt -0.0270329 6.6501e-12
f 16/80/31 15/81/32 56/139/32 55/140/31 

vt -0.335861 5.06885e-12
vt -0.205335 5.72477e-12
f 15/76/32 14/77/10 36/141/10 56/142/32 

g Mesh3 Group4 Group1 Model

usemtl _Color_M06_4
v 82 17.25 -33.1625
vt -1 30
vn -1.34861e-11 -1 6.4048e-22
v 82 17.25 -32.1625
vt -2 30
v 52 17.25 -32.1625
vt -2 9.50422e-11
v 52 17.25 -33.1625
vt -1 3.38787e-11
f 57/143/33 58/144/33 59/145/33 60/146/33 

vt -2 4.04583e-10
vn 1 -1.34861e-11 -3.40058e-11
vt -1 4.04583e-10
v 82 19.25 -33.1625
v 82 19.25 -32.1625
vt -2 2
f 58/147/34 57/148/34 61/3/34 62/149/34 

vn -3.40058e-11 9.17232e-22 -1
vt -30 9.17232e-22
vt 1.27898e-13 4.04587e-10
v 52 19.25 -33.1625
vt -5.3987e-11 2
f 61/17/35 57/150/35 60/151/35 63/152/35 

vt 1 4.04587e-10
vn -1 1.34861e-11 3.40058e-11
vt 2 4.04587e-10
v 52 19.25 -32.1625
vt 2 2
f 60/153/36 59/154/36 64/155/36 63/12/36 

vt 30 0
vn 3.40058e-11 -3.68332e-34 1
vt 2.7029e-11 2
vt 2.7029e-11 4.04587e-10
f 58/156/37 62/6/37 64/157/37 59/158/37 

vt 2 30
vn 1.34861e-11 1 -2.7673e-22
vt 1 30
vt 1 6.10214e-11
vt 2 6.807e-11
f 62/159/38 61/160/38 63/161/38 64/162/38 

g Mesh4 Group6 Group5 Group1 Model

v 82 24.75 -34.1625
vt -2 19
vn 1 8.22876e-13 -6.26249e-13
v 82 26.75 -34.1625
vt -2 21
v 82 26.75 -32.1625
vt -7.328e-11 21
v 82 24.75 -32.1625
vt -6.88694e-12 19
f 65/163/39 66/164/39 67/165/39 68/166/39 

v 52 24.75 -34.1625
vt 2 19
vn -1.16806e-12 5.20417e-12 -1
v 52 5.75 -34.1625
vt 2 -1.78591e-12
v 50 5.75 -34.1625
vt 1.96176e-11 -3.43082e-12
v 50 26.75 -34.1625
vt 2.33717e-12 21
vt 32 21
vt 32 19
f 69/167/40 70/168/40 71/169/40 72/170/40 66/171/40 65/172/40 

vt -2 6.97697e-12
vn 1 8.22734e-13 -6.24473e-13
v 52 24.75 -32.1625
vt -4.36563e-11 19
v 52 5.75 -32.1625
vt -1.09936e-10 -5.60955e-16
f 70/173/41 69/163/41 73/174/41 74/175/41 

vt -1.11193e-10 2
vn 8.22087e-13 -1 -3.48876e-12
vt -2 32
vt -9.32303e-11 32
f 73/176/42 69/149/42 65/177/42 68/178/42 

vn 1.16806e-12 -5.20417e-12 1
vt -32 19
vt -32 21
v 50 26.75 -32.1625
vt -1.36424e-12 21
v 50 5.75 -32.1625
vt -1.86446e-11 -7.62632e-22
vt -2 1.64491e-12
f 73/163/43 68/179/43 67/180/43 75/181/43 76/182/43 74/183/43 

vt 2 32
vn -8.2212e-13 1 3.4891e-12
vt 2 1.72645e-11
vt 7.32712e-11 1.86288e-11
vt 1.66608e-10 32
f 66/184/44 72/185/44 75/186/44 67/187/44 

vt 2 21
vn -1 -8.22876e-13 6.26249e-13
vt 2 6.97753e-12
vt 1.46542e-10 -1.53422e-23
vt -8.55075e-25 21
f 72/188/45 71/189/45 76/190/45 75/191/45 

vt -1.11186e-10 2
vn 8.22231e-13 -1 -3.48899e-12
vt -1.46542e-10 1.86446e-11
vt -2 1.72804e-11
f 74/192/46 76/193/46 71/194/46 70/149/46 

g Mesh5 Group7 Group1 Model

v 5 3.75 -34.1625
vt -5.00222e-12 3
vn 1 -1.949e-10 -2.50031e-12
v 5 3.75 -0.1625
vt -34 3
v 5 0.75 -0.1625
vt -34 1.2145e-09
v 5 0.75 -34.1625
vt -4.3201e-11 3.89801e-10
f 77/195/47 78/196/47 79/197/47 80/198/47 

v 3 3.75 -34.1625
vt 4.32334e-11 1.04139e-13
vn 1.949e-10 1 -1.27437e-11
v 3 3.75 -0.1625
vt 34 8.49145e-11
vt 34 2
vt 3.82312e-11 2
f 81/199/48 82/200/48 78/201/48 77/202/48 

vt 34 3
vn -1 1.949e-10 2.50031e-12
vt 5.00222e-12 3
v 3 0.75 -34.1625
vt 4.3201e-11 7.8121e-10
v 3 0.75 -0.1625
vt 34 8.23087e-10
f 82/203/49 81/204/49 83/205/49 84/206/49 

vt -5.84805e-10 3
vn -2.50031e-12 -1.27437e-11 -1
vt -2 3
vt -2 -5.50542e-22
vt 1.0805e-22 7.8121e-10
f 81/207/50 77/208/50 80/209/50 83/210/50 

vt -34 8.50378e-11
vn -1.949e-10 -1 1.27437e-11
vt -4.3201e-11 -1.52258e-19
vt -3.81988e-11 2
vt -34 2
f 84/211/51 83/212/51 80/213/51 79/214/51 

vt 2 3
vn 2.50031e-12 1.27437e-11 1
vt 5.84578e-10 3
vt -2.66295e-21 3.89801e-10
vt 2 3.9141e-10
f 78/215/52 82/216/52 84/217/52 79/218/52 

g Mesh6 Group8 Group1 Model

v 84 5.75 -34.1625
vt -8.86757e-12 2
vn -8.53184e-12 -1 4.44089e-16
v 84 5.75 -32.1625
v 82 5.75 -32.1625
vt -2 2.7137e-10
v 82 5.75 -34.1625
vt -7.57779e-27 3.73802e-10
f 85/219/53 86/149/53 87/220/53 88/221/53 

v 84 5.75 -0.1625
vt -34 1.70621e-11
vn 1 -8.53104e-12 4.45065e-12
v 84 5.75 -2.1625
vt -32 1.70639e-11
v 84 24.75 -2.1625
v 84 24.75 -32.1625
vt -2 1.70639e-11
vt 3.21202e-14 1.70621e-11
v 84 26.75 -34.1625
vt 3.21202e-14 21
v 84 26.75 -0.1625
vt -34 21
f 89/222/54 90/223/54 91/179/54 92/163/54 86/224/54 85/225/54 93/226/54 94/227/54 

v 82 5.75 -0.1625
vt -34 3.5584e-11
vn -8.53184e-12 -1 -8.88179e-16
v 82 5.75 -2.1625
vt -32 1.37902e-10
vt -32 2
f 95/228/55 96/229/55 90/230/55 89/214/55 

vt -1.66336e-21 1.70637e-11
vn -1 8.53104e-12 -4.45065e-12
vt 2 1.70655e-11
v 82 24.75 -32.1625
v 82 24.75 -2.1625
vt 32 1.70655e-11
vt 34 1.70637e-11
v 82 26.75 -0.1625
vt 34 21
v 82 26.75 -34.1625
vt -1.62896e-21 21
f 88/231/56 87/232/56 97/167/56 98/172/56 96/233/56 95/234/56 99/235/56 100/236/56 

vt 4.42355e-10 19
vn -4.43459e-12 3.7818e-23 1
vt 2.80238e-10 1.70655e-11
vt 2 1.77636e-15
f 97/237/57 87/238/57 86/239/57 92/167/57 

vt -32 1.37835e-10
vn -8.53007e-12 -1 -3.79821e-23
vt -2 2.71417e-10
f 98/240/58 97/241/58 92/149/58 91/230/58 

vt -2.79758e-10 1.70655e-11
vn 4.43379e-12 -3.78047e-23 -1
vt -4.41761e-10 19
vt -2 1.77636e-15
f 96/242/59 98/243/59 91/163/59 90/244/59 

vt 5.52377e-10 21
vn -4.43379e-12 7.72897e-23 1
vt 1.86305e-10 1.70637e-11
vt 2 -2.62785e-21
f 99/245/60 95/246/60 89/247/60 94/188/60 

vt 1.87622e-22 1.8694e-10
vn 8.53007e-12 1 -8.92749e-24
vt 34 2.22524e-10
vt 8.86757e-12 2
f 100/248/61 99/249/61 94/201/61 93/250/61 

vt -3.73802e-10 1.70637e-11
vn 4.45083e-12 1.63818e-24 -1
vt -3.66072e-10 21
vt -2 -5.32114e-38
f 88/251/62 100/252/62 93/164/62 85/253/62 

g Mesh7 Group9 Group1 Model

usemtl _Color_M06_5
v 4.35355 0.75 -32.8089
v 4.25 0.75 -32.7295
v 4.25 9.8499e-13 -32.7295
v 4.35355 4.71623e-13 -32.8089
f 101/25/7 102/26/8 103/27/8 104/28/7 

v 4 0.75 -33.6625
v 3.87059 0.75 -33.6455
v 3.75 0.75 -33.5955
v 3.64645 0.75 -33.5161
v 3.56699 0.75 -33.4125
v 3.51704 0.75 -33.2919
v 3.5 0.75 -33.1625
v 3.51704 0.75 -33.0331
v 3.56699 0.75 -32.9125
v 3.64645 0.75 -32.8089
v 3.75 0.75 -32.7295
v 3.87059 0.75 -32.6795
v 4 0.75 -32.6625
v 4.12941 0.75 -32.6795
v 4.43301 0.75 -32.9125
v 4.48296 0.75 -33.0331
v 4.5 0.75 -33.1625
v 4.48296 0.75 -33.2919
v 4.43301 0.75 -33.4125
v 4.35355 0.75 -33.5161
v 4.25 0.75 -33.5955
v 4.12941 0.75 -33.6455
f 105/29/9 106/30/9 107/31/9 108/32/9 109/33/9 110/34/9 111/35/9 112/36/9 113/37/9 114/38/9 115/39/9 116/40/9 117/41/9 118/42/9 102/43/9 101/44/9 119/45/9 120/46/9 121/47/9 122/48/9 123/49/9 124/50/9 125/51/9 126/52/9 

v 4 3.75522e-12 -33.6625
v 3.87059 4.50884e-12 -33.6455
f 106/53/10 105/54/11 127/55/11 128/56/10 

v 4.12941 2.95541e-12 -33.6455
f 105/54/11 126/57/12 129/58/12 127/59/11 

v 4.25 2.1636e-12 -33.5955
f 126/60/12 125/61/13 130/62/13 129/63/12 

v 4.35355 1.43396e-12 -33.5161
f 125/64/13 124/65/14 131/66/14 130/67/13 

v 4.43301 8.16236e-13 -33.4125
f 124/64/14 123/65/15 132/68/15 131/69/14 

v 4.48296 3.52163e-13 -33.2919
f 123/60/15 122/61/16 133/70/16 132/71/15 

v 4.5 7.37188e-14 -33.1625
f 122/54/16 121/57/17 134/72/17 133/73/16 

v 4.48296 -1.3133e-33 -33.0331
f 121/53/17 120/54/18 135/74/18 134/75/17 

v 4.43301 1.35447e-13 -32.9125
f 120/76/18 119/77/19 136/78/19 135/79/18 

f 119/80/19 101/81/7 104/82/7 136/83/19 

v 4.12941 1.64091e-12 -32.6795
v 4 2.39453e-12 -32.6625
v 3.87059 3.19433e-12 -32.6795
v 3.75 3.98614e-12 -32.7295
v 3.64645 4.71578e-12 -32.8089
v 3.56699 5.33351e-12 -32.9125
v 3.51704 5.79758e-12 -33.0331
v 3.5 6.07603e-12 -33.1625
v 3.51704 6.14975e-12 -33.2919
v 3.56699 6.0143e-12 -33.4125
v 3.64645 5.67812e-12 -33.5161
v 3.75 5.16476e-12 -33.5955
f 128/84/20 127/85/20 129/86/20 130/87/20 131/88/20 132/89/20 133/90/20 134/91/20 135/92/20 136/93/20 104/94/20 103/95/20 137/96/20 138/97/20 139/98/20 140/99/20 141/100/20 142/101/20 143/102/20 144/103/20 145/104/20 146/105/20 147/106/20 148/107/20 

f 102/108/8 118/109/21 137/110/21 103/111/8 

f 118/112/21 117/113/22 138/114/22 137/115/21 

f 117/116/22 116/112/23 139/117/23 138/118/22 

f 116/119/23 115/120/24 140/121/24 139/122/23 

f 115/123/24 114/124/25 141/125/25 140/126/24 

f 114/123/25 113/124/26 142/127/26 141/128/25 

f 113/119/26 112/120/27 143/129/27 142/130/26 

f 112/116/27 111/112/28 144/131/28 143/132/27 

f 111/112/28 110/113/29 145/133/29 144/134/28 

f 110/108/29 109/109/30 146/135/30 145/136/29 

f 109/25/30 108/26/31 147/137/31 146/138/30 

f 108/80/31 107/81/32 148/139/32 147/140/31 

f 107/76/32 106/77/10 128/141/10 148/142/32 

g Mesh8 Group10 Group1 Model

v 4.35355 0.75 -0.808947
v 4.25 0.75 -0.729487
v 4.25 1.29238e-10 -0.729487
v 4.35355 1.28725e-10 -0.808947
f 149/25/7 150/26/8 151/27/8 152/28/7 

v 4 0.75 -1.6625
v 3.87059 0.75 -1.64546
v 3.75 0.75 -1.59551
v 3.64645 0.75 -1.51605
v 3.56699 0.75 -1.4125
v 3.51704 0.75 -1.29191
v 3.5 0.75 -1.1625
v 3.51704 0.75 -1.03309
v 3.56699 0.75 -0.9125
v 3.64645 0.75 -0.808947
v 3.75 0.75 -0.729487
v 3.87059 0.75 -0.679537
v 4 0.75 -0.6625
v 4.12941 0.75 -0.679537
v 4.43301 0.75 -0.9125
v 4.48296 0.75 -1.03309
v 4.5 0.75 -1.1625
v 4.48296 0.75 -1.29191
v 4.43301 0.75 -1.4125
v 4.35355 0.75 -1.51605
v 4.25 0.75 -1.59551
v 4.12941 0.75 -1.64546
f 153/29/9 154/30/9 155/31/9 156/32/9 157/33/9 158/34/9 159/35/9 160/36/9 161/37/9 162/38/9 163/39/9 164/40/9 165/41/9 166/42/9 150/43/9 149/44/9 167/45/9 168/46/9 169/47/9 170/48/9 171/49/9 172/50/9 173/51/9 174/52/9 

v 4 1.32008e-10 -1.6625
v 3.87059 1.32762e-10 -1.64546
f 154/53/10 153/54/11 175/55/11 176/56/10 

v 4.12941 1.31208e-10 -1.64546
f 153/54/11 174/57/12 177/58/12 175/59/11 

v 4.25 1.30417e-10 -1.59551
f 174/60/12 173/61/13 178/62/13 177/63/12 

v 4.35355 1.29687e-10 -1.51605
f 173/64/13 172/65/14 179/66/14 178/67/13 

v 4.43301 1.29069e-10 -1.4125
f 172/64/14 171/65/15 180/68/15 179/69/14 

v 4.48296 1.28605e-10 -1.29191
f 171/60/15 170/61/16 181/70/16 180/71/15 

v 4.5 1.28327e-10 -1.1625
f 170/54/16 169/57/17 182/72/17 181/73/16 

v 4.48296 1.28253e-10 -1.03309
f 169/53/17 168/54/18 183/74/18 182/75/17 

v 4.43301 1.28388e-10 -0.9125
f 168/76/18 167/77/19 184/78/19 183/79/18 

f 167/80/19 149/81/7 152/82/7 184/83/19 

v 4.12941 1.29894e-10 -0.679537
v 4 1.30647e-10 -0.6625
v 3.87059 1.31447e-10 -0.679537
v 3.75 1.32239e-10 -0.729487
v 3.64645 1.32969e-10 -0.808947
v 3.56699 1.33586e-10 -0.9125
v 3.51704 1.34051e-10 -1.03309
v 3.5 1.34329e-10 -1.1625
v 3.51704 1.34403e-10 -1.29191
v 3.56699 1.34267e-10 -1.4125
v 3.64645 1.33931e-10 -1.51605
v 3.75 1.33418e-10 -1.59551
f 176/84/20 175/85/20 177/86/20 178/87/20 179/88/20 180/89/20 181/90/20 182/91/20 183/92/20 184/93/20 152/94/20 151/95/20 185/96/20 186/97/20 187/98/20 188/99/20 189/100/20 190/101/20 191/102/20 192/103/20 193/104/20 194/105/20 195/106/20 196/107/20 

f 150/108/8 166/109/21 185/110/21 151/111/8 

f 166/112/21 165/113/22 186/114/22 185/115/21 

f 165/116/22 164/112/23 187/117/23 186/118/22 

f 164/119/23 163/120/24 188/121/24 187/122/23 

f 163/123/24 162/124/25 189/125/25 188/126/24 

f 162/123/25 161/124/26 190/127/26 189/128/25 

f 161/119/26 160/120/27 191/129/27 190/130/26 

f 160/116/27 159/112/28 192/131/28 191/132/27 

f 159/112/28 158/113/29 193/133/29 192/134/28 

f 158/108/29 157/109/30 194/135/30 193/136/29 

f 157/25/30 156/26/31 195/137/31 194/138/30 

f 156/80/31 155/81/32 196/139/32 195/140/31 

f 155/76/32 154/77/10 176/141/10 196/142/32 

g Mesh9 Group11 Group1 Model

v 80.3536 0.75 -0.808947
v 80.25 0.75 -0.729487
v 80.25 2.94546e-10 -0.729487
v 80.3536 2.94032e-10 -0.808947
f 197/25/7 198/26/8 199/27/8 200/28/7 

v 80 0.75 -1.6625
v 79.8706 0.75 -1.64546
v 79.75 0.75 -1.59551
v 79.6464 0.75 -1.51605
v 79.567 0.75 -1.4125
v 79.517 0.75 -1.29191
v 79.5 0.75 -1.1625
v 79.517 0.75 -1.03309
v 79.567 0.75 -0.9125
v 79.6464 0.75 -0.808947
v 79.75 0.75 -0.729487
v 79.8706 0.75 -0.679537
v 80 0.75 -0.6625
v 80.1294 0.75 -0.679537
v 80.433 0.75 -0.9125
v 80.483 0.75 -1.03309
v 80.5 0.75 -1.1625
v 80.483 0.75 -1.29191
v 80.433 0.75 -1.4125
v 80.3536 0.75 -1.51605
v 80.25 0.75 -1.59551
v 80.1294 0.75 -1.64546
f 201/29/9 202/30/9 203/31/9 204/32/9 205/33/9 206/34/9 207/35/9 208/36/9 209/37/9 210/38/9 211/39/9 212/40/9 213/41/9 214/42/9 198/43/9 197/44/9 215/45/9 216/46/9 217/47/9 218/48/9 219/49/9 220/50/9 221/51/9 222/52/9 

v 80 2.97316e-10 -1.6625
v 79.8706 2.9807e-10 -1.64546
f 202/53/10 201/54/11 223/55/11 224/56/10 

v 80.1294 2.96516e-10 -1.64546
f 201/54/11 222/57/12 225/58/12 223/59/11 

v 80.25 2.95724e-10 -1.59551
f 222/60/12 221/61/13 226/62/13 225/63/12 

v 80.3536 2.94995e-10 -1.51605
f 221/64/13 220/65/14 227/66/14 226/67/13 

v 80.433 2.94377e-10 -1.4125
f 220/64/14 219/65/15 228/68/15 227/69/14 

v 80.483 2.93913e-10 -1.29191
f 219/60/15 218/61/16 229/70/16 228/71/15 

v 80.5 2.93634e-10 -1.1625
f 218/54/16 217/57/17 230/72/17 229/73/16 

v 80.483 2.93561e-10 -1.03309
f 217/53/17 216/54/18 231/74/18 230/75/17 

v 80.433 2.93696e-10 -0.9125
f 216/76/18 215/77/19 232/78/19 231/79/18 

f 215/80/19 197/81/7 200/82/7 232/83/19 

v 80.1294 2.95202e-10 -0.679537
v 80 2.95955e-10 -0.6625
v 79.8706 2.96755e-10 -0.679537
v 79.75 2.97547e-10 -0.729487
v 79.6464 2.98277e-10 -0.808947
v 79.567 2.98894e-10 -0.9125
v 79.517 2.99358e-10 -1.03309
v 79.5 2.99637e-10 -1.1625
v 79.517 2.9971e-10 -1.29191
v 79.567 2.99575e-10 -1.4125
v 79.6464 2.99239e-10 -1.51605
v 79.75 2.98725e-10 -1.59551
f 224/84/20 223/85/20 225/86/20 226/87/20 227/88/20 228/89/20 229/90/20 230/91/20 231/92/20 232/93/20 200/94/20 199/95/20 233/96/20 234/97/20 235/98/20 236/99/20 237/100/20 238/101/20 239/102/20 240/103/20 241/104/20 242/105/20 243/106/20 244/107/20 

f 198/108/8 214/109/21 233/110/21 199/111/8 

f 214/112/21 213/113/22 234/114/22 233/115/21 

f 213/116/22 212/112/23 235/117/23 234/118/22 

f 212/119/23 211/120/24 236/121/24 235/122/23 

f 211/123/24 210/124/25 237/125/25 236/126/24 

f 210/123/25 209/124/26 238/127/26 237/128/25 

f 209/119/26 208/120/27 239/129/27 238/130/26 

f 208/116/27 207/112/28 240/131/28 239/132/27 

f 207/112/28 206/113/29 241/133/29 240/134/28 

f 206/108/29 205/109/30 242/135/30 241/136/29 

f 205/25/30 204/26/31 243/137/31 242/138/30 

f 204/80/31 203/81/32 244/139/32 243/140/31 

f 203/76/32 202/77/10 224/141/10 244/142/32 

g Mesh10 Group12 Group1 Model

usemtl _Color_M06_4
v 81 3.75 -34.1625
v 81 3.75 -0.1625
v 81 0.75 -0.1625
v 81 0.75 -34.1625
f 245/195/47 246/196/47 247/197/47 248/198/47 

v 79 3.75 -34.1625
vt 4.32334e-11 -9.54809e-15
v 79 3.75 -0.1625
vt 34 8.50282e-11
f 249/254/48 250/255/48 246/201/48 245/202/48 

v 79 0.75 -34.1625
v 79 0.75 -0.1625
f 250/203/49 249/204/49 251/205/49 252/206/49 

vt -5.84691e-10 3
f 249/256/50 245/208/50 248/209/50 251/210/50 

f 252/211/51 251/212/51 248/213/51 247/214/51 

vt 5.84691e-10 3
f 246/215/52 250/257/52 252/217/52 247/218/52 

g Mesh11 Group14 Group13 Group1 Model

v 2 5.75 -17.1625
vt -1 -63.3333
vn -1.5294e-12 -1 2.57394e-11
v 82 5.75 -17.1625
vt -1 38
v 82 5.75 -16.1625
vt -4.6839e-11 38
v 2 5.75 -16.1625
vt 9.87939e-11 -63.3333
f 253/258/63 254/259/63 255/260/63 256/261/63 

v 2 5.875 -17.1625
vt -63.3333 0.125
vn -2.39208e-16 -2.57394e-11 -1
v 82 5.875 -17.1625
vt 38 0.125
vt 38 2.57394e-11
vt -63.3333 1.50889e-10
f 257/262/64 258/263/64 254/264/64 253/265/64 

vt 1 38
vn 1.5294e-12 1 -2.57394e-11
vt 1 -63.3333
v 2 5.875 -16.1625
vt -9.88281e-11 -63.3333
v 82 5.875 -16.1625
vt 4.68048e-11 38
f 258/266/65 257/267/65 259/268/65 260/269/65 

vt 6.2793e-11 0.125
vn -1 2.45383e-12 3.16838e-12
vt 1 0.125
vt 1 2.45818e-12
vt 5.96098e-11 5.31323e-11
f 259/270/66 257/271/66 253/272/66 256/273/66 

vt -38 0.125
vn 9.73348e-13 2.57394e-11 1
vt 63.3333 0.125
vt 63.3333 1.75824e-10
vt -38 8.0469e-13
f 260/274/67 259/275/67 256/276/67 255/277/67 

vt -1 0.125
vn 1 -2.45383e-12 -3.16838e-12
vt 4.502e-11 0.125
vt 4.82032e-11 7.44196e-11
vt -1 7.36149e-11
f 258/278/68 260/279/68 255/280/68 254/281/68 

g Mesh12 Group15 Group13 Group1 Model

v 41.625 5.75 -2.1625
vt 0.75 1.5
vn -2.7282e-12 7.57912e-13 1
v 41.625 4.25 -2.1625
vt 0.75 2.36848e-15
v 42.375 4.25 -2.1625
vt 3.09228e-11 2.36848e-15
v 42.375 5.75 -2.1625
vt 4.54747e-13 1.5
f 261/282/69 262/283/69 263/284/69 264/285/69 

vt -22 1.66764e-11
vn -1 1.71057e-49 -2.7282e-12
vt -22 1.5
v 41.625 5.75 -32.1625
vt 8 1.5
v 41.625 4.25 -32.1625
vt 8 -6.06448e-12
f 262/286/70 261/287/70 265/288/70 266/289/70 

vt 22 0.75
vn -2.61243e-12 1 -7.57912e-13
vt 22 5.65628e-11
v 42.375 5.75 -32.1625
vt -8 -2.52918e-11
vt -8 0.75
f 261/290/71 264/291/71 267/292/71 265/293/71 

vt 22 1.5
vn 1 -2.0151e-11 2.7282e-12
vt 22 1.66764e-11
v 42.375 4.25 -32.1625
vt -8 -6.06448e-12
vt -8 1.5
f 264/294/72 263/295/72 268/296/72 267/297/72 

vt -22 9.09495e-11
vn -3.2166e-24 -1 7.57912e-13
vt -22 0.75
vt 8 0.75
vt 8 8.6402e-12
f 263/298/73 262/299/73 266/300/73 268/301/73 

vt -0.75 -1.18424e-15
vn 2.7282e-12 -7.57912e-13 -1
vt -0.75 1.5
vt -4.54747e-13 1.5
vt -3.04681e-11 -1.18424e-15
f 266/302/74 265/303/74 267/304/74 268/305/74 

g Mesh13 Group16 Group13 Group1 Model

v 63.625 5.75 -2.1625
v 63.625 4.25 -2.1625
v 64.375 4.25 -2.1625
v 64.375 5.75 -2.1625
f 269/282/69 270/283/69 271/284/69 272/285/69 

v 63.625 5.75 -32.1625
v 63.625 4.25 -32.1625
f 270/286/70 269/287/70 273/288/70 274/289/70 

v 64.375 5.75 -32.1625
vt -8 -2.57465e-11
f 269/290/71 272/291/71 275/306/71 273/293/71 

v 64.375 4.25 -32.1625
f 272/294/72 271/295/72 276/296/72 275/297/72 

vt 8 8.18545e-12
f 271/298/73 270/299/73 274/300/73 276/307/73 

vt -1.9778e-23 1.5
vt -3.00133e-11 -1.18424e-15
f 274/302/74 273/303/74 275/308/74 276/309/74 

g Mesh14 Group17 Group13 Group1 Model

v 2 5.75 -11.1625
v 82 5.75 -11.1625
v 82 5.75 -10.1625
v 2 5.75 -10.1625
f 277/258/63 278/259/63 279/260/63 280/261/63 

v 2 5.875 -11.1625
v 82 5.875 -11.1625
f 281/262/64 282/263/64 278/264/64 277/265/64 

v 2 5.875 -10.1625
v 82 5.875 -10.1625
f 282/266/65 281/267/65 283/268/65 284/269/65 

f 283/270/66 281/271/66 277/272/66 280/273/66 

f 284/274/67 283/275/67 280/276/67 279/277/67 

f 282/278/68 284/279/68 279/280/68 278/281/68 

g Mesh15 Group18 Group13 Group1 Model

v 2 5.75 -5.1625
v 82 5.75 -5.1625
v 82 5.75 -4.1625
v 2 5.75 -4.1625
vt 9.86802e-11 -63.3333
f 285/258/63 286/259/63 287/260/63 288/310/63 

v 2 5.875 -5.1625
v 82 5.875 -5.1625
vt -63.3333 1.50887e-10
f 289/262/64 290/263/64 286/264/64 285/311/64 

v 2 5.875 -4.1625
vt -9.87144e-11 -63.3333
v 82 5.875 -4.1625
f 290/266/65 289/267/65 291/312/65 292/269/65 

vt 6.29067e-11 0.125
vt 1 2.45641e-12
vt 5.97235e-11 5.31305e-11
f 291/313/66 289/271/66 285/314/66 288/315/66 

vt 63.3333 1.75822e-10
f 292/274/67 291/275/67 288/316/67 287/277/67 

f 290/278/68 292/279/68 287/280/68 286/281/68 

g Mesh16 Group19 Group13 Group1 Model

v 2 5.75 -23.1625
v 82 5.75 -23.1625
v 82 5.75 -22.1625
v 2 5.75 -22.1625
f 293/258/63 294/259/63 295/260/63 296/261/63 

v 2 5.875 -23.1625
v 82 5.875 -23.1625
f 297/262/64 298/263/64 294/264/64 293/265/64 

v 2 5.875 -22.1625
v 82 5.875 -22.1625
f 298/266/65 297/267/65 299/268/65 300/269/65 

f 299/270/66 297/271/66 293/272/66 296/273/66 

f 300/274/67 299/275/67 296/276/67 295/277/67 

f 298/278/68 300/279/68 295/280/68 294/281/68 

g Mesh17 Group20 Group13 Group1 Model

v 2 5.75 -29.1625
v 82 5.75 -29.1625
v 82 5.75 -28.1625
v 2 5.75 -28.1625
f 301/258/63 302/259/63 303/260/63 304/261/63 

v 2 5.875 -29.1625
v 82 5.875 -29.1625
f 305/262/64 306/263/64 302/264/64 301/265/64 

v 2 5.875 -28.1625
v 82 5.875 -28.1625
f 306/266/65 305/267/65 307/268/65 308/269/65 

f 307/270/66 305/271/66 301/272/66 304/273/66 

f 308/274/67 307/275/67 304/276/67 303/277/67 

f 306/278/68 308/279/68 303/280/68 302/281/68 

g Mesh18 Group21 Group13 Group1 Model

v 19.625 5.75 -2.1625
v 19.625 4.25 -2.1625
v 20.375 4.25 -2.1625
v 20.375 5.75 -2.1625
f 309/282/69 310/283/69 311/284/69 312/285/69 

v 19.625 5.75 -32.1625
v 19.625 4.25 -32.1625
f 310/286/70 309/287/70 313/288/70 314/289/70 

v 20.375 5.75 -32.1625
f 309/290/71 312/291/71 315/292/71 313/293/71 

v 20.375 4.25 -32.1625
f 312/294/72 311/295/72 316/296/72 315/297/72 

f 311/298/73 310/299/73 314/300/73 316/301/73 

f 314/302/74 313/303/74 315/304/74 316/305/74 

g Mesh19 Group23 Group22 Group1 Model

v 84 5.75 -0.1625
vt 1.00044e-11 3
vn 2.45171e-12 1.22213e-12 1
v 5.16138e-11 5.75 -0.1625
vt 84 3
v 5.13865e-11 3.75 -0.1625
vt 84 1
v 84 3.75 -0.1625
vt 1.59162e-12 1
f 317/317/75 318/318/75 319/319/75 320/320/75 

v 82 5.75 -2.1625
vn -6.44554e-13 1 -1.03628e-11
v 2 5.75 -2.1625
vt 82 2
vt 84 -2.97242e-11
vt 8.07078e-12 1.79005e-10
f 321/155/76 322/321/76 318/322/76 317/323/76 

vn -2.05418e-12 1.98952e-13 -1
v 82 3.75 -2.1625
vt -2 1
v 2 3.75 -2.1625
vt -82 1
vt -82 3
f 321/208/77 323/324/77 324/325/77 322/326/77 

vt -1.45986e-10 1
vn 0.707107 9.21791e-12 -0.707107
vt -2.82843 1
vt -2.82843 3
vt -1.55633e-10 3
f 320/327/78 323/328/78 321/329/78 317/330/78 

vt -82 2
vn 5.52194e-13 -1 -7.1303e-12
vt -1.03942e-12 2.11994e-10
vt -84 8.8356e-12
f 324/331/79 323/149/79 320/332/79 319/333/79 

vt -56.5685 1
vn -0.707107 2.33127e-12 -0.707107
vt -59.397 1
vt -59.397 3
vt -56.5685 3
f 324/334/80 319/335/80 318/336/80 322/337/80 

g Mesh20 Group24 Group22 Group1 Model

v 1.27218e-11 5.75 -34.1625
vt 42 3
vn -1 6.36646e-12 1.51137e-12
v -1.11022e-14 3.75 -34.1625
vt 42 1
v 5.13842e-11 3.75 -0.1625
vt 8 1
v 6.41172e-11 5.75 -0.1625
vt 8 3
f 325/338/81 326/339/81 327/340/81 328/341/81 

v 2 3.75 -32.1625
vt -28.2843 1
vn 0.707107 4.32424e-12 -0.707107
vt -31.1127 1
vt -31.1127 3
v 2 5.75 -32.1625
vt -28.2843 3
f 329/342/82 326/343/82 325/344/82 330/345/82 

vt -4.57394e-11 40
vn 1.61062e-11 -1 1.20094e-12
v 2 3.75 -2.1625
vt 1.09956e-12 10
vt -2 8
vt -2 42
f 329/346/83 331/347/83 327/348/83 326/349/83 

v 2 5.75 -2.1625
vt -10 3
vn 1 -6.36646e-12 -1.5613e-12
vt -10 1
vt -40 1
vt -40 3
f 332/350/84 331/351/84 329/352/84 330/353/84 

vt -4.24264 1
vn 0.707107 -5.22527e-12 0.707107
vt -7.07107 1
vt -7.07107 3
vt -4.24264 3
f 327/354/85 331/355/85 332/356/85 328/357/85 

vt 2.00355e-11 10
vn 5.9206e-12 1 -1.20093e-12
vt 6.68745e-11 40
vt 2 42
vt 2 8
f 332/358/86 330/359/86 325/360/86 328/361/86 

g Mesh21 Group25 Group22 Group1 Model

v 2 5.75 -32.1625
vt 82 3
vn 2.12452e-12 -1.1255e-11 1
v 2 3.75 -32.1625
vt 82 1
v 82 3.75 -32.1625
vt 2 1
v 82 5.75 -32.1625
f 333/362/87 334/363/87 335/364/87 336/215/87 

v 3.45466e-11 3.75 -34.1625
vt 60.8112 1
vn -0.707107 -1.96952e-11 0.707107
vt 57.9828 1
vt 57.9828 3
v 1.49925e-11 5.75 -34.1625
vt 60.8112 3
f 337/365/88 334/366/88 333/367/88 338/368/88 

vt -84 2
vn 6.64573e-13 -1 3.20695e-11
v 84 3.75 -34.1625
vt -9.79462e-12 2
vt -2 1.95532e-10
vt -82 2.55698e-11
f 337/369/89 339/370/89 335/371/89 334/372/89 

v 84 5.75 -34.1625
vt -5.00546e-12 3
vn -2.49976e-12 1.1255e-11 -1
vt -5.46021e-12 1
vt -84 1
vt -84 3
f 340/373/90 339/374/90 337/375/90 338/376/90 

vt 1.41421 1
vn 0.707107 -4.76973e-12 0.707107
vt -1.41421 1
vt -1.41421 3
vt 1.41421 3
f 335/377/91 339/378/91 340/379/91 336/380/91 

vt 82 -8.60378e-12
vn -7.56945e-13 1 -1.45777e-11
vt 2 1.61358e-10
vt 7.73361e-12 2
vt 84 2
f 333/381/92 336/382/92 340/383/92 338/384/92 

g Mesh22 Group26 Group22 Group1 Model

v 82 5.75 -2.1625
vt 10 3
vn -1 -1.05729e-11 1.5613e-12
v 82 5.75 -32.1625
vt 40 3
v 82 3.75 -32.1625
vt 40 1
v 82 3.75 -2.1625
vt 10 1
f 341/385/93 342/386/93 343/387/93 344/388/93 

v 84 5.75 -0.1625
vt 1.22742e-11 8
vn 4.09139e-12 1 -1.55541e-12
v 84 5.75 -34.1625
vt 6.36606e-11 42
vt 2 40
vt 2 10
f 345/389/94 346/390/94 342/391/94 341/392/94 

vt -42 3
vn 1 1.05729e-11 -1.51137e-12
vt -8 3
v 84 3.75 -0.1625
vt -8 1
v 84 3.75 -34.1625
vt -42 1
f 346/393/95 345/394/95 347/395/95 348/396/95 

vt 8.48528 1
vn -0.707107 -1.88512e-11 0.707107
vt 5.65685 1
vt 5.65685 3
vt 8.48528 3
f 344/397/96 347/398/96 345/399/96 341/400/96 

vt -5.63585e-11 42
vn -2.61178e-11 -1 1.55544e-12
vt -4.97202e-12 8
vt -2 10
vt -2 40
f 348/401/97 347/402/97 344/403/97 343/404/97 

vt 29.6985 1
vn -0.707107 4.23213e-12 -0.707107
vt 26.8701 1
vt 26.8701 3
vt 29.6985 3
f 348/405/98 343/406/98 342/407/98 346/408/98 

g Mesh23 Group28 Group27 Group1 Model

usemtl Color_M00
v 77.512 29.1592 -0.1025
vt -8 29.8775
vn -0.546131 0.8377 -1.2992e-14
v 77.586 29.2062 -0.1025
vt -8 29.9651
vn -0.525809 0.850602 -1.31722e-14
v 77.586 29.2062 -27.686
vt -35.5835 29.9651
v 77.586 29.2062 -32.1
vt -39.9975 29.9651
vn -0.37179 0.601445 -0.707132
v 77.512 29.1592 -32.1
vt -39.9975 29.8775
vn -0.386159 0.592322 -0.707132
v 77.512 29.1592 -27.612
vt -35.5095 29.8775
f 349/409/99 350/410/100 351/411/100 352/412/101 353/413/102 354/414/99 

v 79.4124 29.7489 -0.1025
vt 29.4124 12.9989
vn -7.00439e-17 1.09646e-16 1
v 79.3248 29.7458 -0.1025
vt 29.3248 12.9958
v 79.2374 29.7405 -0.1025
vt 29.2374 12.9905
v 79.15 29.7331 -0.1025
vt 29.15 12.9831
v 79.0629 29.7237 -0.1025
vt 29.0629 12.9737
v 78.9761 29.7121 -0.1025
vt 28.9761 12.9621
v 78.8895 29.6984 -0.1025
vt 28.8895 12.9484
v 78.8033 29.6827 -0.1025
vt 28.8033 12.9327
v 78.7175 29.6649 -0.1025
vt 28.7175 12.9149
v 78.6322 29.645 -0.1025
vt 28.6322 12.895
v 78.5473 29.6231 -0.1025
vt 28.5473 12.8731
v 78.4631 29.5992 -0.1025
vt 28.4631 12.8492
v 78.3794 29.5732 -0.1025
vt 28.3794 12.8232
v 78.2963 29.5452 -0.1025
vt 28.2963 12.7952
v 78.214 29.5153 -0.1025
vt 28.214 12.7653
v 78.1324 29.4833 -0.1025
vt 28.1324 12.7333
v 78.0516 29.4494 -0.1025
vt 28.0516 12.6994
v 77.9716 29.4136 -0.1025
vt 27.9716 12.6636
v 77.8926 29.3759 -0.1025
vt 27.8926 12.6259
v 77.8144 29.3362 -0.1025
vt 27.8144 12.5862
v 77.7372 29.2947 -0.1025
vt 27.7372 12.5447
v 77.6611 29.2514 -0.1025
vt 27.6611 12.5014
vt 27.586 12.4562
vt 27.512 12.4092
v 77.4392 29.1105 -0.1025
vt 27.4392 12.3605
v 77.3676 29.06 -0.1025
vt 27.3676 12.31
v 77.2972 29.0078 -0.1025
vt 27.2972 12.2578
v 77.2281 28.954 -0.1025
vt 27.2281 12.204
v 77.1603 28.8985 -0.1025
vt 27.1603 12.1485
v 77.0938 28.8413 -0.1025
vt 27.0938 12.0913
v 77.0288 28.7826 -0.1025
vt 27.0288 12.0326
v 76.9652 28.7224 -0.1025
vt 26.9652 11.9724
v 76.903 28.6606 -0.1025
vt 26.903 11.9106
v 76.8424 28.5973 -0.1025
vt 26.8424 11.8473
v 76.7833 28.5327 -0.1025
vt 26.7833 11.7827
v 76.7258 28.4666 -0.1025
vt 26.7258 11.7166
v 76.6698 28.3991 -0.1025
vt 26.6698 11.6491
v 76.6156 28.3303 -0.1025
vt 26.6156 11.5803
v 76.563 28.2602 -0.1025
vt 26.563 11.5102
v 76.512 28.1889 -0.1025
vt 26.512 11.4389
v 76.4629 28.1164 -0.1025
vt 26.4629 11.3664
v 76.4155 28.0427 -0.1025
vt 26.4155 11.2927
v 76.3698 27.9679 -0.1025
vt 26.3698 11.2179
v 76.326 27.892 -0.1025
vt 26.326 11.142
v 76.284 27.8151 -0.1025
vt 26.284 11.0651
v 76.2439 27.7372 -0.1025
vt 26.2439 10.9872
v 76.2057 27.6584 -0.1025
vt 26.2057 10.9084
v 76.1694 27.5786 -0.1025
vt 26.1694 10.8286
v 76.135 27.498 -0.1025
vt 26.135 10.748
v 76.1026 27.4166 -0.1025
vt 26.1026 10.6666
v 72 16.75 -0.1025
vt 22 8.77165e-16
v 82 16.75 -0.1025
vt 32 8.77165e-16
v 82 29.75 -0.1025
vt 32 13
v 79.5 29.75 -0.1025
vt 29.5 13
f 355/415/103 356/416/103 357/417/103 358/418/103 359/419/103 360/420/103 361/421/103 362/422/103 363/423/103 364/424/103 365/425/103 366/426/103 367/427/103 368/428/103 369/429/103 370/430/103 371/431/103 372/432/103 373/433/103 374/434/103 375/435/103 376/436/103 350/437/103 349/438/103 377/439/103 378/440/103 379/441/103 380/442/103 381/443/103 382/444/103 383/445/103 384/446/103 385/447/103 386/448/103 387/449/103 388/450/103 389/451/103 390/452/103 391/453/103 392/454/103 393/455/103 394/456/103 395/457/103 396/458/103 397/459/103 398/460/103 399/461/103 400/462/103 401/463/103 402/464/103 403/465/103 404/466/103 405/467/103 406/468/103 

vt -8 29.7749
vn -0.0481263 0.998841 -1.47427e-14
vt -8 29.8625
vn -0.0240701 0.99971 -1.47262e-14
v 79.4124 29.7489 -29.5124
vt -37.4099 29.8625
v 79.4124 29.7489 -32.1
vt -39.9975 29.8625
vn -0.0170195 0.706876 -0.707132
v 79.3248 29.7458 -32.1
vt -39.9975 29.7749
vn -0.0340292 0.706262 -0.707132
v 79.3248 29.7458 -29.4248
vt -37.3223 29.7749
f 356/469/104 355/470/105 407/471/105 408/472/106 409/473/107 410/474/104 

vt -8 29.5667
vt -8 29.6543
vn -0.00601808 0.999982 -9.67884e-15
v 79.5 29.75 -29.6
vt -37.4975 29.6543
vn -0.00240724 0.999994 0.00240724
v 79.5 29.75 -32.1
vt -39.9975 29.6543
vn -0.0033382 0.832039 -0.554706
vt -39.9975 29.5667
vt -37.4099 29.5667
f 355/475/105 406/476/108 411/477/109 412/478/110 408/479/106 407/480/105 

vt 32 8
vn -8.10019e-14 1 -4.64252e-15
v 82 29.75 -29.6
vt 32 37.4975
vn 0.554706 0.832039 0.0033382
vt 29.5 37.4975
vt 29.5 8
f 405/481/111 413/482/112 411/483/109 406/484/108 

vt 37.4975 13
vt 8 13
vn 1 4.2851e-16 2.22825e-15
vt 8 -1.37123e-14
v 82 16.75 -22.1
vt 29.9975 -3.05417e-15
vn 0.894427 0.16054 0.417405
v 82 27.4166 -26.2026
vt 34.1001 10.6666
vn 0.707113 0.257801 0.658429
v 82 27.498 -26.235
vt 34.1325 10.748
vn 0.707132 0.269639 0.65365
v 82 27.5786 -26.2694
vt 34.1669 10.8286
vn 0.707132 0.285294 0.646971
v 82 27.6584 -26.3057
vt 34.2032 10.9084
vn 0.707132 0.300784 0.639916
v 82 27.7372 -26.3439
vt 34.2414 10.9872
vn 0.707132 0.3161 0.632491
v 82 27.8151 -26.384
vt 34.2815 11.0651
vn 0.707132 0.331233 0.624699
v 82 27.892 -26.426
vt 34.3235 11.142
vn 0.707132 0.346173 0.616545
v 82 27.9679 -26.4698
vt 34.3673 11.2179
vn 0.707132 0.360913 0.608034
v 82 28.0427 -26.5155
vt 34.413 11.2927
vn 0.707132 0.375444 0.599171
v 82 28.1164 -26.5629
vt 34.4604 11.3664
vn 0.707132 0.389757 0.58996
v 82 28.1889 -26.612
vt 34.5095 11.4389
vn 0.707132 0.403845 0.580408
v 82 28.2602 -26.663
vt 34.5605 11.5102
vn 0.707132 0.417698 0.570519
v 82 28.3303 -26.7156
vt 34.6131 11.5803
vn 0.707132 0.43131 0.5603
v 82 28.3991 -26.7698
vt 34.6673 11.6491
vn 0.707132 0.444671 0.549756
v 82 28.4666 -26.8258
vt 34.7233 11.7166
vn 0.707132 0.457775 0.538893
v 82 28.5327 -26.8833
vt 34.7808 11.7827
vn 0.707132 0.470614 0.527718
v 82 28.5973 -26.9424
vt 34.8399 11.8473
vn 0.707132 0.48318 0.516238
v 82 28.6606 -27.003
vt 34.9005 11.9106
vn 0.707132 0.495466 0.504458
v 82 28.7224 -27.0652
vt 34.9627 11.9724
vn 0.707132 0.507464 0.492386
v 82 28.7826 -27.1288
vt 35.0263 12.0326
vn 0.707132 0.519169 0.480028
v 82 28.8413 -27.1938
vt 35.0913 12.0913
vn 0.707132 0.530573 0.467393
v 82 28.8985 -27.2603
vt 35.1578 12.1485
vn 0.707132 0.54167 0.454486
v 82 28.954 -27.3281
vt 35.2256 12.204
vn 0.707132 0.552452 0.441317
v 82 29.0078 -27.3972
vt 35.2947 12.2578
vn 0.707132 0.562915 0.427891
v 82 29.06 -27.4676
vt 35.3651 12.31
vn 0.707132 0.573051 0.414218
v 82 29.1105 -27.5392
vt 35.4367 12.3605
vn 0.707132 0.582855 0.400304
v 82 29.1592 -27.612
vt 35.5095 12.4092
vn 0.707132 0.592322 0.386159
v 82 29.2062 -27.686
vt 35.5835 12.4562
vn 0.707132 0.601445 0.37179
v 82 29.2514 -27.7611
vt 35.6586 12.5014
vn 0.707132 0.61022 0.357205
v 82 29.2947 -27.8372
vt 35.7347 12.5447
vn 0.707132 0.618641 0.342414
v 82 29.3362 -27.9144
vt 35.8119 12.5862
vn 0.707132 0.626704 0.327424
v 82 29.3759 -27.9926
vt 35.8901 12.6259
vn 0.707132 0.634403 0.312244
v 82 29.4136 -28.0716
vt 35.9691 12.6636
vn 0.707132 0.641735 0.296883
v 82 29.4494 -28.1516
vt 36.0491 12.6994
vn 0.707132 0.648695 0.281351
v 82 29.4833 -28.2324
vt 36.1299 12.7333
vn 0.707132 0.655279 0.265655
v 82 29.5153 -28.314
vt 36.2115 12.7653
vn 0.707132 0.661484 0.249805
v 82 29.5452 -28.3963
vt 36.2938 12.7952
vn 0.707132 0.667305 0.233811
v 82 29.5732 -28.4794
vt 36.3769 12.8232
vn 0.707132 0.67274 0.217681
v 82 29.5992 -28.5631
vt 36.4606 12.8492
vn 0.707132 0.677784 0.201425
v 82 29.6231 -28.6473
vt 36.5448 12.8731
vn 0.707132 0.682436 0.185053
v 82 29.645 -28.7322
vt 36.6297 12.895
vn 0.707132 0.686693 0.168573
v 82 29.6649 -28.8175
vt 36.715 12.9149
vn 0.707132 0.690551 0.151995
v 82 29.6827 -28.9033
vt 36.8008 12.9327
vn 0.707132 0.69401 0.135329
v 82 29.6984 -28.9895
vt 36.887 12.9484
vn 0.707132 0.697066 0.118585
v 82 29.7121 -29.0761
vt 36.9736 12.9621
vn 0.707132 0.699719 0.101772
v 82 29.7237 -29.1629
vt 37.0604 12.9737
vn 0.707132 0.701966 0.0849005
v 82 29.7331 -29.25
vt 37.1475 12.9831
vn 0.707132 0.703806 0.0679795
v 82 29.7405 -29.3374
vt 37.2349 12.9905
vn 0.707132 0.705238 0.0510192
v 82 29.7458 -29.4248
vt 37.3223 12.9958
vn 0.707132 0.706262 0.0340292
v 82 29.7489 -29.5124
vt 37.4099 12.9989
vn 0.707132 0.706876 0.0170195
f 413/485/112 405/486/113 404/487/113 414/488/114 415/489/115 416/490/116 417/491/117 418/492/118 419/493/119 420/494/120 421/495/121 422/496/122 423/497/123 424/498/124 425/499/125 426/500/126 427/501/127 428/502/128 429/503/129 430/504/130 431/505/131 432/506/132 433/507/133 434/508/134 435/509/135 436/510/136 437/511/137 438/512/138 439/513/139 440/514/140 441/515/141 442/516/142 443/517/143 444/518/144 445/519/145 446/520/146 447/521/147 448/522/148 449/523/149 450/524/150 451/525/151 452/526/152 453/527/153 454/528/154 455/529/155 456/530/156 457/531/157 458/532/158 459/533/159 460/534/160 461/535/161 462/536/162 463/537/163 464/538/164 

vt -22 8
vn -1.06581e-14 -1 -3.90831e-15
v 72 16.75 -22.1
vt -22 29.9975
vt -32 29.9975
vt -32 8
f 403/539/165 465/540/165 414/541/165 404/542/165 

vt -29.9975 7.89754
vn -0.933346 0.358979 -9.0685e-16
vt -8 7.89754
vt -8 19.3259
vn -0.931168 0.36459 -3.42416e-15
v 76.1026 27.4166 -26.2026
vt -34.1001 19.3259
v 76.1026 27.4166 -32.1
vt -39.9975 19.3259
vn -0.658429 0.257801 -0.707113
v 72 16.75 -32.1
vt -39.9975 7.89754
vn -0.417405 0.16054 -0.894427
f 465/543/166 403/544/166 402/545/167 466/546/167 467/547/168 468/548/169 

vt -34.1001 19.5717
vt -8 19.5717
vt -8 19.6593
vn -0.924435 0.381341 -6.1184e-15
v 76.135 27.498 -26.235
vt -34.1325 19.6593
v 76.135 27.498 -32.1
vt -39.9975 19.6593
vn -0.65365 0.269639 -0.707132
vt -39.9975 19.5717
f 466/549/167 402/550/167 401/551/170 469/552/170 470/553/171 467/554/168 

vt -34.1325 20.1422
vt -8 20.1422
vt -8 20.2298
vn -0.914988 0.403482 -6.46207e-15
v 76.1694 27.5786 -26.2694
vt -34.1669 20.2298
v 76.1694 27.5786 -32.1
vt -39.9975 20.2298
vn -0.646971 0.285294 -0.707132
vt -39.9975 20.1422
f 469/555/170 401/556/170 400/557/172 471/558/172 472/559/173 470/560/171 

vt -34.1669 20.7011
vt -8 20.7011
vt -8 20.7887
vn -0.905011 0.425389 -6.80873e-15
v 76.2057 27.6584 -26.3057
vt -34.2032 20.7887
v 76.2057 27.6584 -32.1
vt -39.9975 20.7887
vn -0.639916 0.300784 -0.707132
vt -39.9975 20.7011
f 471/561/172 400/562/172 399/563/174 473/564/174 474/565/175 472/566/173 

vt -34.2032 21.2479
vt -8 21.2479
vt -8 21.3355
vn -0.894509 0.447049 -7.1581e-15
v 76.2439 27.7372 -26.3439
vt -34.2414 21.3355
v 76.2439 27.7372 -32.1
vt -39.9975 21.3355
vn -0.632491 0.3161 -0.707132
vt -39.9975 21.2479
f 473/567/174 399/568/174 398/569/176 475/570/176 476/571/177 474/572/175 

vt -34.2414 21.7824
vt -8 21.7824
vt -8 21.87
vn -0.88349 0.46845 -7.48649e-15
v 76.284 27.8151 -26.384
vt -34.2815 21.87
v 76.284 27.8151 -32.1
vt -39.9975 21.87
vn -0.624699 0.331233 -0.707132
vt -39.9975 21.7824
f 475/573/176 398/574/176 397/575/178 477/576/178 478/577/179 476/578/177 

vt -34.2815 22.3042
vt -8 22.3042
vt -8 22.3918
vn -0.871958 0.48958 -7.81844e-15
v 76.326 27.892 -26.426
vt -34.3235 22.3918
v 76.326 27.892 -32.1
vt -39.9975 22.3918
vn -0.616545 0.346173 -0.707132
vt -39.9975 22.3042
f 477/579/178 397/580/178 396/581/180 479/582/180 480/583/181 478/584/179 

vt -8 22.8131
vt -8 22.9007
vn -0.859921 0.510427 -8.1631e-15
v 76.3698 27.9679 -26.4698
vt -34.3673 22.9007
v 76.3698 27.9679 -32.1
vt -39.9975 22.9007
vn -0.608034 0.360913 -0.707132
vt -39.9975 22.8131
vt -34.3235 22.8131
f 396/585/180 395/586/182 481/587/182 482/588/183 480/589/181 479/590/180 

vt -34.3673 23.3087
vt -8 23.3087
vt -8 23.3963
vn -0.847386 0.530977 -8.48403e-15
v 76.4155 28.0427 -26.5155
vt -34.413 23.3963
v 76.4155 28.0427 -32.1
vt -39.9975 23.3963
vn -0.599171 0.375444 -0.707132
vt -39.9975 23.3087
f 481/591/182 395/592/182 394/593/184 483/594/184 484/595/185 482/596/183 

vt -34.413 23.7908
vt -8 23.7908
vt -8 23.8785
vn -0.83436 0.55122 -8.7795e-15
v 76.4629 28.1164 -26.5629
vt -34.4604 23.8785
v 76.4629 28.1164 -32.1
vt -39.9975 23.8785
vn -0.58996 0.389757 -0.707132
vt -39.9975 23.7908
f 483/597/184 394/598/184 393/599/186 485/600/186 486/601/187 484/602/185 

vt -34.4604 24.2591
vt -8 24.2591
vt -8 24.3468
vn -0.82085 0.571144 -9.07811e-15
v 76.512 28.1889 -26.612
vt -34.5095 24.3468
v 76.512 28.1889 -32.1
vt -39.9975 24.3468
vn -0.580408 0.403845 -0.707132
vt -39.9975 24.2591
f 485/603/186 393/604/186 392/605/188 487/606/188 488/607/189 486/608/187 

vt -34.5095 24.7134
vt -8 24.7134
vt -8 24.801
vn -0.806865 0.590736 -9.38037e-15
v 76.563 28.2602 -26.663
vt -34.5605 24.801
v 76.563 28.2602 -32.1
vt -39.9975 24.801
vn -0.570519 0.417698 -0.707132
vt -39.9975 24.7134
f 487/609/188 392/610/188 391/611/190 489/612/190 490/613/191 488/614/189 

vt -34.5605 25.1532
vt -8 25.1532
vt -8 25.2408
vn -0.792412 0.609986 -9.67627e-15
v 76.6156 28.3303 -26.7156
vt -34.6131 25.2408
v 76.6156 28.3303 -32.1
vt -39.9975 25.2408
vn -0.5603 0.43131 -0.707132
vt -39.9975 25.1532
f 489/615/190 391/616/190 390/617/192 491/618/192 492/619/193 490/620/191 

vt -34.6131 25.5785
vt -8 25.5785
vt -8 25.6661
vn -0.7775 0.628883 -9.96557e-15
v 76.6698 28.3991 -26.7698
vt -34.6673 25.6661
v 76.6698 28.3991 -32.1
vt -39.9975 25.6661
vn -0.549756 0.444671 -0.707132
vt -39.9975 25.5785
f 491/621/192 390/622/192 389/623/194 493/624/194 494/625/195 492/626/193 

vt -34.6673 25.9889
vt -8 25.9889
vt -8 26.0765
vn -0.762137 0.647415 -1.02482e-14
v 76.7258 28.4666 -26.8258
vt -34.7233 26.0765
v 76.7258 28.4666 -32.1
vt -39.9975 26.0765
vn -0.538893 0.457775 -0.707132
vt -39.9975 25.9889
f 493/627/194 389/628/194 388/629/196 495/630/196 496/631/197 494/632/195 

vt -34.7233 26.3843
vt -8 26.3843
vt -8 26.4719
vn -0.746333 0.665572 -1.05238e-14
v 76.7833 28.5327 -26.8833
vt -34.7808 26.4719
v 76.7833 28.5327 -32.1
vt -39.9975 26.4719
vn -0.527718 0.470614 -0.707132
vt -39.9975 26.3843
f 495/633/196 388/634/196 387/635/198 497/636/198 498/637/199 496/638/197 

vt -8 26.7643
vt -8 26.8519
vn -0.730097 0.683344 -1.07795e-14
v 76.8424 28.5973 -26.9424
vt -34.8399 26.8519
v 76.8424 28.5973 -32.1
vt -39.9975 26.8519
vn -0.516238 0.48318 -0.707132
vt -39.9975 26.7643
vt -34.7808 26.7643
f 387/639/198 386/640/200 499/641/200 500/642/201 498/643/199 497/644/198 

vt -34.8399 27.1288
vt -8 27.1288
vt -8 27.2164
vn -0.713437 0.700719 -1.10277e-14
v 76.903 28.6606 -27.003
vt -34.9005 27.2164
v 76.903 28.6606 -32.1
vt -39.9975 27.2164
vn -0.504458 0.495466 -0.707132
vt -39.9975 27.1288
f 499/645/200 386/646/200 385/647/202 501/648/202 502/649/203 500/650/201 

vt -8 27.4775
vt -8 27.5651
vn -0.696364 0.717689 -1.12945e-14
v 76.9652 28.7224 -27.0652
vt -34.9627 27.5651
v 76.9652 28.7224 -32.1
vt -39.9975 27.5651
vn -0.492386 0.507464 -0.707132
vt -39.9975 27.4775
vt -34.9005 27.4775
f 385/651/202 384/652/204 503/653/204 504/654/205 502/655/203 501/656/202 

vt -8 27.8103
vt -8 27.8979
vn -0.678887 0.734243 -1.15402e-14
v 77.0288 28.7826 -27.1288
vt -35.0263 27.8979
v 77.0288 28.7826 -32.1
vt -39.9975 27.8979
vn -0.480028 0.519169 -0.707132
vt -39.9975 27.8103
vt -34.9627 27.8103
f 384/657/204 383/658/206 505/659/206 506/660/207 504/661/205 503/662/204 

vt -8 28.127
vt -8 28.2146
vn -0.661017 0.750371 -1.17503e-14
v 77.0938 28.8413 -27.1938
vt -35.0913 28.2146
v 77.0938 28.8413 -32.1
vt -39.9975 28.2146
vn -0.467393 0.530573 -0.707132
vt -39.9975 28.127
vt -35.0263 28.127
f 383/663/206 382/664/208 507/665/208 508/666/209 506/667/207 505/668/206 

vt -8 28.4273
vt -8 28.5149
vn -0.642764 0.766064 -1.19805e-14
v 77.1603 28.8985 -27.2603
vt -35.1578 28.5149
v 77.1603 28.8985 -32.1
vt -39.9975 28.5149
vn -0.454486 0.54167 -0.707132
vt -39.9975 28.4273
vt -35.0913 28.4273
f 382/669/208 381/670/210 509/671/210 510/672/211 508/673/209 507/674/208 

vt -8 28.7112
vt -8 28.7988
vn -0.624139 0.781314 -1.2217e-14
v 77.2281 28.954 -27.3281
vt -35.2256 28.7988
v 77.2281 28.954 -32.1
vt -39.9975 28.7988
vn -0.441317 0.552452 -0.707132
vt -39.9975 28.7112
vt -35.1578 28.7112
f 381/675/210 380/676/212 511/677/212 512/678/213 510/679/211 509/680/210 

vt -8 28.9783
vt -8 29.0659
vn -0.605151 0.79611 -1.24158e-14
v 77.2972 29.0078 -27.3972
vt -35.2947 29.0659
v 77.2972 29.0078 -32.1
vt -39.9975 29.0659
vn -0.427891 0.562915 -0.707132
vt -39.9975 28.9783
vt -35.2256 28.9783
f 380/681/212 379/682/214 513/683/214 514/684/215 512/685/213 511/686/212 

vt -8 29.2287
vt -8 29.3163
vn -0.585814 0.810446 -1.26062e-14
v 77.3676 29.06 -27.4676
vt -35.3651 29.3163
v 77.3676 29.06 -32.1
vt -39.9975 29.3163
vn -0.414218 0.573051 -0.707132
vt -39.9975 29.2287
vt -35.2947 29.2287
f 379/687/214 378/688/216 515/689/216 516/690/217 514/691/215 513/692/214 

vt -8 29.4621
vt -8 29.5497
vn -0.566136 0.824312 -1.28033e-14
v 77.4392 29.1105 -27.5392
vt -35.4367 29.5497
v 77.4392 29.1105 -32.1
vt -39.9975 29.5497
vn -0.400304 0.582855 -0.707132
vt -39.9975 29.4621
vt -35.3651 29.4621
f 378/693/216 377/694/218 517/695/218 518/696/219 516/697/217 515/698/216 

vt -8 29.6784
vt -8 29.766
vt -35.5095 29.766
vt -39.9975 29.766
vt -39.9975 29.6784
vt -35.4367 29.6784
f 377/699/218 349/700/99 354/701/99 353/702/102 518/703/219 517/704/218 

v 82 29.75 -32.1
vt -32 13
vn 3.36347e-13 6.97672e-14 -1
v 82 16.75 -32.1
vt -32 -2.25761e-12
vt -22 -2.25761e-12
vt -26.1026 10.6666
vt -26.135 10.748
vt -26.1694 10.8286
vt -26.2057 10.9084
vt -26.2439 10.9872
vt -26.284 11.0651
vt -26.326 11.142
vt -26.3698 11.2179
vt -26.4155 11.2927
vt -26.4629 11.3664
vt -26.512 11.4389
vt -26.563 11.5102
vt -26.6156 11.5803
vt -26.6698 11.6491
vt -26.7258 11.7166
vt -26.7833 11.7827
vt -26.8424 11.8473
vt -26.903 11.9106
vt -26.9652 11.9724
vt -27.0288 12.0326
vt -27.0938 12.0913
vt -27.1603 12.1485
vt -27.2281 12.204
vt -27.2972 12.2578
vt -27.3676 12.31
vt -27.4392 12.3605
vt -27.512 12.4092
vt -27.586 12.4562
v 77.6611 29.2514 -32.1
vt -27.6611 12.5014
vn -0.357205 0.61022 -0.707132
v 77.7372 29.2947 -32.1
vt -27.7372 12.5447
vn -0.342414 0.618641 -0.707132
v 77.8144 29.3362 -32.1
vt -27.8144 12.5862
vn -0.327424 0.626704 -0.707132
v 77.8926 29.3759 -32.1
vt -27.8926 12.6259
vn -0.312244 0.634403 -0.707132
v 77.9716 29.4136 -32.1
vt -27.9716 12.6636
vn -0.296883 0.641735 -0.707132
v 78.0516 29.4494 -32.1
vt -28.0516 12.6994
vn -0.281351 0.648695 -0.707132
v 78.1324 29.4833 -32.1
vt -28.1324 12.7333
vn -0.265655 0.655279 -0.707132
v 78.214 29.5153 -32.1
vt -28.214 12.7653
vn -0.249805 0.661484 -0.707132
v 78.2963 29.5452 -32.1
vt -28.2963 12.7952
vn -0.233811 0.667305 -0.707132
v 78.3794 29.5732 -32.1
vt -28.3794 12.8232
vn -0.217681 0.67274 -0.707132
v 78.4631 29.5992 -32.1
vt -28.4631 12.8492
vn -0.201425 0.677784 -0.707132
v 78.5473 29.6231 -32.1
vt -28.5473 12.8731
vn -0.185053 0.682436 -0.707132
v 78.6322 29.645 -32.1
vt -28.6322 12.895
vn -0.168573 0.686693 -0.707132
v 78.7175 29.6649 -32.1
vt -28.7175 12.9149
vn -0.151995 0.690551 -0.707132
v 78.8033 29.6827 -32.1
vt -28.8033 12.9327
vn -0.135329 0.69401 -0.707132
v 78.8895 29.6984 -32.1
vt -28.8895 12.9484
vn -0.118585 0.697066 -0.707132
v 78.9761 29.7121 -32.1
vt -28.9761 12.9621
vn -0.101772 0.699719 -0.707132
v 79.0629 29.7237 -32.1
vt -29.0629 12.9737
vn -0.0849005 0.701966 -0.707132
v 79.15 29.7331 -32.1
vt -29.15 12.9831
vn -0.0679795 0.703806 -0.707132
v 79.2374 29.7405 -32.1
vt -29.2374 12.9905
vn -0.0510192 0.705238 -0.707132
vt -29.3248 12.9958
vt -29.4124 12.9989
vt -29.5 13
f 519/705/220 520/706/220 468/707/169 467/708/168 470/709/171 472/710/173 474/711/175 476/712/177 478/713/179 480/714/181 482/715/183 484/716/185 486/717/187 488/718/189 490/719/191 492/720/193 494/721/195 496/722/197 498/723/199 500/724/201 502/725/203 504/726/205 506/727/207 508/728/209 510/729/211 512/730/213 514/731/215 516/732/217 518/733/219 353/734/102 352/735/101 521/736/221 522/737/222 523/738/223 524/739/224 525/740/225 526/741/226 527/742/227 528/743/228 529/744/229 530/745/230 531/746/231 532/747/232 533/748/233 534/749/234 535/750/235 536/751/236 537/752/237 538/753/238 539/754/239 540/755/240 409/756/107 408/757/106 412/758/110 

vt 29.9975 3.70823e-13
vt 39.9975 8.93072e-13
vn 1 -1.12551e-14 -2.09622e-14
vt 39.9975 13
f 464/538/164 463/537/163 462/536/162 461/535/161 460/534/160 459/533/159 458/532/158 457/531/157 456/530/156 455/529/155 454/528/154 453/527/153 452/526/152 451/525/151 450/524/150 449/523/149 448/522/148 447/521/147 446/520/146 445/519/145 444/518/144 443/517/143 442/516/142 441/515/141 440/514/140 439/513/139 438/512/138 437/511/137 436/510/136 435/509/135 434/508/134 433/507/133 432/506/132 431/505/131 430/504/130 429/503/129 428/502/128 427/501/127 426/500/126 425/499/125 424/498/124 423/497/123 422/496/122 421/495/121 420/494/120 419/493/119 418/492/118 417/491/117 416/490/116 415/489/115 414/759/114 520/760/241 519/761/241 413/485/112 

vt 32 37.7671
vt 32 37.8548
vt 29.4124 37.8548
vn -3.01873e-14 0.99971 0.0240701
v 50 29.7489 -29.5124
vt -2.73166e-11 37.8548
v 50 29.7458 -29.4248
vt -2.72441e-11 37.7671
vn -2.94927e-14 0.998841 0.0481263
vt 29.3248 37.7671
f 463/762/163 464/763/164 407/764/242 541/765/242 542/766/243 410/767/243 

vt 32 37.5636
vt 32 37.6513
vt 29.5 37.6513
v 50 29.75 -29.6
vt -9.13798e-11 37.6513
vn -1.38045e-14 0.999982 0.00601808
vt -9.11578e-11 37.5636
vt 29.4124 37.5636
f 464/768/164 413/769/112 411/770/109 543/771/244 541/772/242 407/773/242 

vt 29.5 39.9975
vt 32 39.9975
vn -3.32534e-13 1 2.84217e-14
f 412/774/110 411/483/109 413/482/112 519/775/245 

vt 3.6004e-12 37.4975
v 50 29.75 -32.1
vt -3.75745e-14 39.9975
vn 2.89034e-15 1 1.81899e-13
f 543/776/244 411/483/109 412/774/110 544/777/246 

vt -1.12562e-12 13
vn -2.81422e-14 9.86935e-14 -1
vt -22 -3.41459e-12
v 50 16.75 -32.1
vt -1.12562e-12 -3.82315e-12
f 544/778/247 412/758/110 408/757/106 409/756/107 540/755/240 539/754/239 538/753/238 537/752/237 536/751/236 535/750/235 534/749/234 533/748/233 532/747/232 531/746/231 530/745/230 529/744/229 528/743/228 527/742/227 526/741/226 525/740/225 524/739/224 523/738/223 522/737/222 521/736/221 352/735/101 353/734/102 518/733/219 516/732/217 514/731/215 512/730/213 510/729/211 508/728/209 506/727/207 504/726/205 502/725/203 500/724/201 498/723/199 496/722/197 494/721/195 492/720/193 490/719/191 488/718/189 486/717/187 484/716/185 482/715/183 480/714/181 478/713/179 476/712/177 474/711/175 472/710/173 470/709/171 467/708/168 468/779/169 545/780/247 

vt -8 29.9657
vn -0.0721546 0.997393 -1.47504e-14
vt -8 30.0534
vt -37.3223 30.0534
vt -39.9975 30.0534
vt -39.9975 29.9657
v 79.2374 29.7405 -29.3374
vt -37.2349 29.9657
f 357/781/248 356/782/104 410/783/104 409/784/107 540/785/240 546/786/248 

vt -8 30.1392
vn -0.0961411 0.995368 -1.47494e-14
vt -8 30.2268
vt -37.2349 30.2268
vt -39.9975 30.2268
vt -39.9975 30.1392
v 79.15 29.7331 -29.25
vt -37.1475 30.1392
f 358/787/249 357/788/248 546/789/248 540/790/240 539/791/239 547/792/249 

vt -8 30.2952
vn -0.120072 0.992765 -1.47396e-14
vt -8 30.3828
vt -37.1475 30.3828
vt -39.9975 30.3828
vt -39.9975 30.2952
v 79.0629 29.7237 -29.1629
vt -37.0604 30.2952
f 359/793/250 358/794/249 547/795/249 539/796/239 538/797/238 548/798/250 

vt -8 30.4336
vn -0.143933 0.989587 -1.4721e-14
vt -8 30.5213
vt -37.0604 30.5213
vt -39.9975 30.5213
vt -39.9975 30.4336
v 78.9761 29.7121 -29.0761
vt -36.9736 30.4336
f 360/799/251 359/800/250 548/801/250 538/802/238 537/803/237 549/804/251 

vt -8 30.5544
vn -0.167711 0.985836 -1.47133e-14
vt -8 30.642
vt -36.9736 30.642
vt -39.9975 30.642
vt -39.9975 30.5544
v 78.8895 29.6984 -28.9895
vt -36.887 30.5544
f 361/805/252 360/806/251 549/807/251 537/808/237 536/809/236 550/810/252 

vt -8 30.6574
vn -0.191391 0.981514 -1.47163e-14
vt -8 30.745
vt -36.887 30.745
vt -39.9975 30.745
vt -39.9975 30.6574
v 78.8033 29.6827 -28.9033
vt -36.8008 30.6574
f 362/811/253 361/812/252 550/813/252 536/814/236 535/815/235 551/816/253 

vt -8 30.7426
vn -0.214961 0.976623 -1.46708e-14
vt -8 30.8303
vt -36.8008 30.8303
vt -39.9975 30.8303
vt -39.9975 30.7426
v 78.7175 29.6649 -28.8175
vt -36.715 30.7426
f 363/817/254 362/818/253 551/819/253 535/820/235 534/821/234 552/822/254 

vt -8 30.81
vn -0.238406 0.971166 -1.45772e-14
vt -8 30.8977
vt -36.715 30.8977
vt -39.9975 30.8977
vt -39.9975 30.81
v 78.6322 29.645 -28.7322
vt -36.6297 30.81
f 364/823/255 363/824/254 552/825/254 534/826/234 533/827/233 553/828/255 

vt -8 30.8596
vn -0.261713 0.965146 -1.45135e-14
vt -8 30.9472
vt -36.6297 30.9472
vt -39.9975 30.9472
vt -39.9975 30.8596
v 78.5473 29.6231 -28.6473
vt -36.5448 30.8596
f 365/829/256 364/830/255 553/831/255 533/832/233 532/833/232 554/834/256 

vt -8 30.8912
vn -0.284869 0.958567 -1.44792e-14
vt -8 30.9788
vt -36.5448 30.9788
vt -39.9975 30.9788
vt -39.9975 30.8912
v 78.4631 29.5992 -28.5631
vt -36.4606 30.8912
f 366/835/257 365/836/256 554/837/256 532/838/232 531/839/231 555/840/257 

vt -8 30.9925
vt -36.4606 30.9925
vt -39.9975 30.9925
vt -39.9975 30.9049
v 78.3794 29.5732 -28.4794
vt -36.3769 30.9049
vn -0.307859 0.951432 -1.44165e-14
vt -8 30.9049
f 366/841/257 555/842/257 531/843/231 530/844/230 556/845/258 367/846/258 

vt -8 30.9006
vn -0.330671 0.943746 -1.43255e-14
vt -8 30.9882
vt -36.3769 30.9882
vt -39.9975 30.9882
vt -39.9975 30.9006
v 78.2963 29.5452 -28.3963
vt -36.2938 30.9006
f 368/847/259 367/848/258 556/849/258 530/850/230 529/851/229 557/852/259 

vt -8 30.8784
vn -0.353291 0.935513 -1.42256e-14
vt -8 30.966
vt -36.2938 30.966
vt -39.9975 30.966
vt -39.9975 30.8784
v 78.214 29.5153 -28.314
vt -36.2115 30.8784
f 369/853/260 368/854/259 557/855/259 529/856/229 528/857/228 558/858/260 

vt -8 30.8383
vn -0.375707 0.926739 -1.41167e-14
vt -8 30.9259
vt -36.2115 30.9259
vt -39.9975 30.9259
vt -39.9975 30.8383
v 78.1324 29.4833 -28.2324
vt -36.1299 30.8383
f 370/859/261 369/860/260 558/861/260 528/862/228 527/863/227 559/864/261 

vt -8 30.868
vt -36.1299 30.868
vt -39.9975 30.868
vt -39.9975 30.7803
v 78.0516 29.4494 -28.1516
vt -36.0491 30.7803
vn -0.397905 0.917427 -1.39989e-14
vt -8 30.7803
f 370/865/261 559/866/261 527/867/227 526/868/226 560/869/262 371/870/262 

vt -8 30.7045
vn -0.419872 0.907583 -1.38722e-14
vt -8 30.7921
vt -36.0491 30.7921
vt -39.9975 30.7921
vt -39.9975 30.7045
v 77.9716 29.4136 -28.0716
vt -35.9691 30.7045
f 372/871/263 371/872/262 560/873/262 526/874/226 525/875/225 561/876/263 

vt -8 30.6108
vn -0.441596 0.897214 -1.37367e-14
vt -8 30.6984
vt -35.9691 30.6984
vt -39.9975 30.6984
vt -39.9975 30.6108
v 77.8926 29.3759 -27.9926
vt -35.8901 30.6108
f 373/877/264 372/878/263 561/879/263 525/880/225 524/881/224 562/882/264 

vt -8 30.4994
vn -0.463064 0.886325 -1.36093e-14
vt -8 30.587
vt -35.8901 30.587
vt -39.9975 30.587
vt -39.9975 30.4994
v 77.8144 29.3362 -27.9144
vt -35.8119 30.4994
f 374/883/265 373/884/264 562/885/264 524/886/224 523/887/223 563/888/265 

vt -8 30.3702
vn -0.484264 0.874922 -1.34896e-14
vt -8 30.4579
vt -35.8119 30.4579
vt -39.9975 30.4579
vt -39.9975 30.3702
v 77.7372 29.2947 -27.8372
vt -35.7347 30.3702
f 375/889/266 374/890/265 563/891/265 523/892/223 522/893/222 564/894/266 

vt -8 30.2235
vn -0.505183 0.863012 -1.33437e-14
vt -8 30.3111
vt -35.7347 30.3111
vt -39.9975 30.3111
vt -39.9975 30.2235
v 77.6611 29.2514 -27.7611
vt -35.6586 30.2235
f 376/895/267 375/896/266 564/897/266 522/898/222 521/899/221 565/900/267 

vt -8 30.0592
vt -8 30.1468
vt -35.6586 30.1468
vt -39.9975 30.1468
vt -39.9975 30.0592
vt -35.5835 30.0592
f 350/901/100 376/902/267 565/903/267 521/904/221 352/905/101 351/906/100 

vt -1.43573e-27 39.9975
vn 1.15463e-14 -1 -1.54543e-14
vt -22 39.9975
v 50 16.75 -22.1
vt -1.43573e-27 29.9975
f 545/907/268 468/908/268 465/540/268 566/909/268 

vn -1.06581e-14 -1 -4.15668e-14
vt -32 39.9975
f 414/541/269 465/540/269 468/908/269 520/910/269 

vt 22 10.7685
vn 2.09555e-14 0.358979 0.933346
vt 32 10.7685
vt 32 22.1969
vt 26.1026 22.1969
vn 1.79335e-14 0.36459 0.931168
v 50 27.4166 -26.2026
vt 4.4036e-12 22.1969
vt 6.73506e-13 10.7685
f 465/911/270 414/912/114 415/913/115 466/914/271 567/915/271 566/916/270 

vt 26.1026 22.5322
vt 32 22.5322
vt 32 22.6199
vt 26.135 22.6199
vn 1.44154e-14 0.381341 0.924435
v 50 27.498 -26.235
vt 5.47867e-13 22.6199
vt 4.18533e-12 22.5322
f 466/917/271 415/918/115 416/919/116 469/920/272 568/921/272 567/922/271 

vt 26.135 23.2807
vt 32 23.2807
vt 32 23.3684
vt 26.1694 23.3684
vn 1.34349e-14 0.403482 0.914988
v 50 27.5786 -26.2694
vt 5.17008e-13 23.3684
vt 5.16487e-13 23.2807
f 469/923/272 416/924/116 417/925/117 471/926/273 569/927/273 568/928/272 

vt 26.1694 24.0157
vt 32 24.0157
vt 32 24.1034
vt 26.2057 24.1034
vn 1.24318e-14 0.425389 0.905011
v 50 27.6584 -26.3057
vt 4.86701e-13 24.1034
vt 4.86185e-13 24.0157
f 471/929/273 417/930/117 418/931/118 473/932/274 570/933/274 569/934/273 

vt 26.2057 24.7368
vt 32 24.7368
vt 32 24.8244
vt 26.2439 24.8244
vn 1.13794e-14 0.447049 0.894509
v 50 27.7372 -26.3439
vt 4.53283e-13 24.8244
vt 4.52777e-13 24.7368
f 473/935/274 418/936/118 419/937/119 475/938/275 571/939/275 570/940/274 

vt 26.2439 25.4435
vt 32 25.4435
vt 32 25.5311
vt 26.284 25.5311
vn 1.03548e-14 0.46845 0.88349
v 50 27.8151 -26.384
vt 4.18191e-13 25.5311
vt 4.17701e-13 25.4435
f 475/941/275 419/942/119 420/943/120 477/944/276 572/945/276 571/946/275 

vt 26.284 26.1354
vt 32 26.1354
vt 32 26.223
vt 26.326 26.223
vn 9.36274e-15 0.48958 0.871958
v 50 27.892 -26.426
vt 3.85655e-13 26.223
vt 3.85183e-13 26.1354
f 477/947/276 420/948/120 421/949/121 479/950/277 573/951/277 572/952/276 

vt 32 26.8121
vt 32 26.8998
vt 26.3698 26.8998
vn 2.14561e-15 0.510427 0.859921
v 50 27.9679 -26.4698
vt 3.51665e-13 26.8998
vt 3.51216e-13 26.8121
vt 26.326 26.8121
f 421/953/121 422/954/122 481/955/278 574/956/278 573/957/277 479/958/277 

vt 26.3698 27.4733
vt 32 27.4733
vt 32 27.561
vt 26.4155 27.561
vn -4.96564e-15 0.530977 0.847386
v 50 28.0427 -26.5155
vt -1.84235e-13 27.561
vt -1.8399e-13 27.4733
f 481/959/278 422/960/122 423/961/123 483/962/279 575/963/279 574/964/278 

vt 26.4155 28.1186
vt 32 28.1186
vt 32 28.2062
vt 26.4629 28.2062
vn 2.30382e-16 0.55122 0.83436
v 50 28.1164 -26.5629
vt -2.19649e-13 28.2062
vt -2.19347e-13 28.1186
f 483/965/279 423/966/123 424/967/124 485/968/280 576/969/280 575/970/279 

vt 26.4629 28.7475
vt 32 28.7475
vt 32 28.8351
vt 26.512 28.8351
vn 5.30597e-15 0.571144 0.82085
v 50 28.1889 -26.612
vt 2.42699e-13 28.8351
vt 2.42353e-13 28.7475
f 485/971/280 424/972/124 425/973/125 487/974/281 577/975/281 576/976/280 

vt 26.512 29.3598
vt 32 29.3598
vt 32 29.4474
vt 26.563 29.4474
vn 4.27496e-15 0.590736 0.806865
v 50 28.2602 -26.663
vt 2.03408e-13 29.4474
vt 2.03108e-13 29.3598
f 487/977/281 425/978/125 426/979/126 489/980/282 578/981/282 577/982/281 

vt 26.563 29.955
vt 32 29.955
vt 32 30.0426
vt 26.6156 30.0426
vn 3.24332e-15 0.609986 0.792412
v 50 28.3303 -26.7156
vt 1.62697e-13 30.0426
vt 1.6245e-13 29.955
f 489/983/282 426/984/126 427/985/127 491/986/283 579/987/283 578/988/282 

vt 26.6156 30.5328
vt 32 30.5328
vt 32 30.6204
vt 26.6698 30.6204
vn 2.21178e-15 0.628883 0.7775
v 50 28.3991 -26.7698
vt 1.20439e-13 30.6204
vt 1.2025e-13 30.5328
f 491/989/283 427/990/127 428/991/128 493/992/284 580/993/284 579/994/283 

vt 26.6698 31.0929
vt 32 31.0929
vt 32 31.1805
vt 26.7258 31.1805
vn 1.14215e-15 0.647415 0.762137
v 50 28.4666 -26.8258
vt 7.64945e-14 31.1805
vt 7.63713e-14 31.0929
f 493/995/284 428/996/128 429/997/129 495/998/285 581/999/285 580/1000/284 

vt 26.7258 31.6349
vt 32 31.6349
vt 32 31.7226
vt 26.7833 31.7226
vn 3.30592e-17 0.665572 0.746333
v 50 28.5327 -26.8833
vt 2.71185e-14 31.7226
vt 2.70737e-14 31.6349
f 495/1001/285 429/1002/129 430/1003/130 497/1004/286 582/1005/286 581/1006/285 

vt 32 32.1587
vt 32 32.2463
vt 26.8424 32.2463
vn -1.05223e-15 0.683344 0.730097
v 50 28.5973 -26.9424
vt -2.46341e-14 32.2463
vt -2.45923e-14 32.1587
vt 26.7833 32.1587
f 430/1007/130 431/1008/131 499/1009/287 583/1010/287 582/1011/286 497/1012/286 

vt 26.8424 32.6637
vt 32 32.6637
vt 32 32.7513
vt 26.903 32.7513
vn -2.05444e-15 0.700719 0.713437
v 50 28.6606 -27.003
vt -7.65053e-14 32.7513
vt -7.63724e-14 32.6637
f 499/1013/287 431/1014/131 432/1015/132 501/1016/288 584/1017/288 583/1018/287 

vt 32 33.1498
vt 32 33.2374
vt 26.9652 33.2374
vn -2.97875e-15 0.717689 0.696364
v 50 28.7224 -27.0652
vt -1.25293e-13 33.2374
vt -1.25071e-13 33.1498
vt 26.903 33.1498
f 432/1019/132 433/1020/133 503/1021/289 585/1022/289 584/1023/288 501/1024/288 

vt 32 33.6167
vt 32 33.7043
vt 27.0288 33.7043
vn -3.95499e-15 0.734243 0.678887
v 50 28.7826 -27.1288
vt -1.74745e-13 33.7043
vt -1.74428e-13 33.6167
vt 26.9652 33.6167
f 433/1025/133 434/1026/134 505/1027/290 586/1028/290 585/1029/289 503/1030/289 

vt 32 34.064
vt 32 34.1516
vt 27.0938 34.1516
vn -5.04569e-15 0.750371 0.661017
v 50 28.8413 -27.1938
vt -2.34568e-13 34.1516
vt -2.34133e-13 34.064
vt 27.0288 34.064
f 434/1031/134 435/1032/135 507/1033/291 587/1034/291 586/1035/290 505/1036/290 

vt 32 34.4916
vt 32 34.5792
vt 27.1603 34.5792
vn -6.09892e-15 0.766064 0.642764
v 50 28.8985 -27.2603
vt -3.02646e-13 34.5792
vt -3.02074e-13 34.4916
vt 27.0938 34.4916
f 435/1037/135 436/1038/136 509/1039/292 588/1040/292 587/1041/291 507/1042/291 

vt 32 34.8992
vt 32 34.9868
vt 27.2281 34.9868
vn -7.08576e-15 0.781314 0.624139
v 50 28.954 -27.3281
vt -3.66155e-13 34.9868
vt -3.6545e-13 34.8992
vt 27.1603 34.8992
f 436/1043/136 437/1044/137 511/1045/293 589/1046/293 588/1047/292 509/1048/292 

vt 32 35.2865
vt 32 35.3741
vt 27.2972 35.3741
vn -8.10075e-15 0.79611 0.605151
v 50 29.0078 -27.3972
vt -4.35554e-13 35.3741
vt -4.34701e-13 35.2865
vt 27.2281 35.2865
f 437/1049/137 438/1050/138 513/1051/294 590/1052/294 589/1053/293 511/1054/293 

vt 32 35.6534
vt 32 35.741
vt 27.3676 35.741
vn -9.10867e-15 0.810446 0.585814
v 50 29.06 -27.4676
vt -5.11584e-13 35.741
vt -5.10566e-13 35.6534
vt 27.2972 35.6534
f 438/1055/138 439/1056/139 515/1057/295 591/1058/295 590/1059/294 513/1060/294 

vt 32 35.9995
vt 32 36.0872
vt 27.4392 36.0872
vn -1.01399e-14 0.824312 0.566136
v 50 29.1105 -27.5392
vt -5.90672e-13 36.0872
vt -5.89479e-13 35.9995
vt 27.3676 35.9995
f 439/1061/139 440/1062/140 517/1063/296 592/1064/296 591/1065/295 515/1066/295 

vt 32 36.3248
vt 32 36.4125
vt 27.512 36.4125
vn -1.11633e-14 0.8377 0.546131
v 50 29.1592 -27.612
vt -6.8169e-13 36.4125
vt -6.80292e-13 36.3248
vt 27.4392 36.3248
f 440/1067/140 441/1068/141 354/1069/297 593/1070/297 592/1071/296 517/1072/296 

vt 32 36.629
vt 32 36.7167
vt 27.586 36.7167
vn -1.21294e-14 0.850602 0.525809
v 50 29.2062 -27.686
vt -7.73259e-13 36.7167
vt -7.71651e-13 36.629
vt 27.512 36.629
f 441/1073/141 442/1074/142 351/1075/298 594/1076/298 593/1077/297 354/1078/297 

vt 32 36.912
vt 32 36.9996
vt 27.6611 36.9996
vn -1.30857e-14 0.863012 0.505183
v 50 29.2514 -27.7611
vt 2.76583e-12 36.9996
vt -8.70317e-13 36.912
vt 27.586 36.912
f 442/1079/142 443/1080/143 565/1081/299 595/1082/299 594/1083/298 351/1084/298 

vt 32 37.1736
vt 32 37.2612
vt 27.7372 37.2612
vn -1.40004e-14 0.874922 0.484264
v 50 29.2947 -27.8372
vt -9.79413e-13 37.2612
vt 2.66065e-12 37.1736
vt 27.6611 37.1736
f 443/1085/143 444/1086/144 564/1087/300 596/1088/300 595/1089/299 565/1090/299 

vt 32 37.4135
vt 32 37.5012
vt 27.8144 37.5012
vn -1.49246e-14 0.886325 0.463064
v 50 29.3362 -27.9144
vt -1.09156e-12 37.5012
vt -1.0892e-12 37.4135
vt 27.7372 37.4135
f 444/1091/144 445/1092/145 563/1093/301 597/1094/301 596/1095/300 564/1096/300 

vt 32 37.6318
vt 32 37.7194
vt 27.8926 37.7194
vn -1.58685e-14 0.897214 0.441596
v 50 29.3759 -27.9926
vt -1.2225e-12 37.7194
vt -1.21984e-12 37.6318
vt 27.8144 37.6318
f 445/1097/145 446/1098/146 562/1099/302 598/1100/302 597/1101/301 563/1102/301 

vt 32 37.8283
vt 32 37.9159
vt 27.9716 37.9159
vn -1.67267e-14 0.907583 0.419872
v 50 29.4136 -28.0716
vt 2.27474e-12 37.9159
vt -1.36024e-12 37.8283
vt 27.8926 37.8283
f 446/1103/146 447/1104/147 561/1105/303 599/1106/303 598/1107/302 562/1108/302 

vt 32 38.0028
vt 32 38.0904
vt 28.0516 38.0904
vn -2.03727e-14 0.917427 0.397905
v 50 29.4494 -28.1516
vt 2.12829e-12 38.0904
vt 2.13164e-12 38.0028
vt 27.9716 38.0028
f 447/1109/147 448/1110/148 560/1111/304 600/1112/304 599/1113/303 561/1114/303 

vt 32 38.2428
vt 28.1324 38.2428
vn -2.39492e-14 0.926739 0.375707
v 50 29.4833 -28.2324
vt 1.43212e-12 38.2428
vt 1.43705e-12 38.1552
vt 28.0516 38.1552
vt 32 38.1552
f 449/1115/149 559/1116/305 601/1117/305 600/1118/304 560/1119/304 448/1120/148 

vt 32 38.2855
vt 32 38.3732
vt 28.214 38.3732
vn -2.20746e-14 0.935513 0.353291
v 50 29.5153 -28.314
vt -2.41169e-12 38.3732
vt 1.23173e-12 38.2855
vt 28.1324 38.2855
f 449/1121/149 450/1122/150 558/1123/306 602/1124/306 601/1125/305 559/1126/305 

vt 32 38.3937
vt 32 38.4813
vt 28.2963 38.4813
vn -2.02956e-14 0.943746 0.330671
v 50 29.5452 -28.3963
vt -2.10846e-12 38.4813
vt -2.10368e-12 38.3937
vt 28.214 38.3937
f 450/1127/150 451/1128/151 557/1129/307 603/1130/307 602/1131/306 558/1132/306 

vt 32 38.4795
vt 32 38.5671
vt 28.3794 38.5671
vn -2.32902e-14 0.951432 0.307859
v 50 29.5732 -28.4794
vt 1.27736e-12 38.5671
vt -2.35523e-12 38.4795
vt 28.2963 38.4795
f 451/1133/151 452/1134/152 556/1135/308 604/1136/308 603/1137/307 557/1138/307 

vt 32 38.6306
vt 28.4631 38.6306
vn -2.61257e-14 0.958567 0.284869
v 50 29.5992 -28.5631
vt 4.57077e-13 38.6306
vt 4.64378e-13 38.543
vt 28.3794 38.543
vt 32 38.543
f 453/1139/153 555/1140/309 605/1141/309 604/1142/308 556/1143/308 452/1144/152 

vt 32 38.5842
vt 32 38.6718
vt 28.5473 38.6718
vn -2.4891e-14 0.965146 0.261713
v 50 29.6231 -28.6473
vt 1.09276e-13 38.6718
vt 1.17415e-13 38.5842
vt 28.4631 38.5842
f 453/1145/153 454/1146/154 554/1147/310 606/1148/310 605/1149/309 555/1150/309 

vt 32 38.6029
vt 32 38.6906
vt 28.6322 38.6906
vn -2.37048e-14 0.971166 0.238406
v 50 29.645 -28.7322
vt -3.42572e-12 38.6906
vt 2.20196e-13 38.6029
vt 28.5473 38.6029
f 454/1151/154 455/1152/155 553/1153/311 607/1154/311 606/1155/310 554/1156/310 

vt 32 38.5993
vt 32 38.6869
vt 28.7175 38.6869
vn -2.43259e-14 0.976623 0.214961
v 50 29.6649 -28.8175
vt -2.51857e-13 38.6869
vt -3.88079e-12 38.5993
vt 28.6322 38.5993
f 455/1157/155 456/1158/156 552/1159/312 608/1160/312 607/1161/311 553/1162/311 

vt 32 38.5733
vt 32 38.6609
vt 28.8033 38.6609
vn -2.50907e-14 0.981514 0.191391
v 50 29.6827 -28.9033
vt -8.22899e-13 38.6609
vt -8.12499e-13 38.5733
vt 28.7175 38.5733
f 456/1163/156 457/1164/157 551/1165/313 609/1166/313 608/1167/312 552/1168/312 

vt 32 38.5249
vt 32 38.6125
vt 28.8895 38.6125
vn -2.60001e-14 0.985836 0.167711
v 50 29.6984 -28.9895
vt -1.61015e-12 38.6125
vt -1.59788e-12 38.5249
vt 28.8033 38.5249
f 457/1169/157 458/1170/158 550/1171/314 610/1172/314 609/1173/313 551/1174/313 

vt 32 38.4542
vt 32 38.5418
vt 28.9761 38.5418
vn -2.68116e-14 0.989587 0.143933
v 50 29.7121 -29.0761
vt -2.63738e-12 38.5418
vt -2.62269e-12 38.4542
vt 28.8895 38.4542
f 458/1175/158 459/1176/159 549/1177/315 611/1178/315 610/1179/314 550/1180/314 

vt 32 38.3611
vt 32 38.4488
vt 29.0629 38.4488
vn -2.75241e-14 0.992765 0.120072
v 50 29.7237 -29.1629
vt -3.98971e-12 38.4488
vt -3.97183e-12 38.3611
vt 28.9761 38.3611
f 459/1181/159 460/1182/160 548/1183/316 612/1184/316 611/1185/315 549/1186/315 

vt 32 38.2458
vt 32 38.3335
vt 29.15 38.3335
vn -2.81607e-14 0.995368 0.0961411
v 50 29.7331 -29.25
vt -5.93932e-12 38.3335
vt -5.91686e-12 38.2458
vt 29.0629 38.2458
f 460/1187/160 461/1188/161 547/1189/317 613/1190/317 612/1191/316 548/1192/316 

vt 32 38.1084
vt 32 38.196
vt 29.2374 38.196
vn -2.87787e-14 0.997393 0.0721546
v 50 29.7405 -29.3374
vt -8.94719e-12 38.196
vt -8.91768e-12 38.1084
vt 29.15 38.1084
f 461/1193/161 462/1194/162 546/1195/318 614/1196/318 613/1197/317 547/1198/317 

vt 32 37.9488
vt 32 38.0364
vt 29.3248 38.0364
vt -1.44257e-11 38.0364
vt -1.43834e-11 37.9488
vt 29.2374 37.9488
f 462/1199/162 463/1200/163 410/1201/243 542/1202/243 614/1203/318 546/1204/318 

vt -39.9975 13
vn -1 5.19573e-14 4.49441e-14
vt -39.9975 1.24345e-13
vt -29.9975 1.24345e-13
vt -34.1001 10.6666
vt -34.1325 10.748
vt -34.1669 10.8286
vt -34.2032 10.9084
vt -34.2414 10.9872
vt -34.2815 11.0651
vt -34.3235 11.142
vt -34.3673 11.2179
vt -34.413 11.2927
vt -34.4604 11.3664
vt -34.5095 11.4389
vt -34.5605 11.5102
vt -34.6131 11.5803
vt -34.6673 11.6491
vt -34.7233 11.7166
vt -34.7808 11.7827
vt -34.8399 11.8473
vt -34.9005 11.9106
vt -34.9627 11.9724
vt -35.0263 12.0326
vt -35.0913 12.0913
vt -35.1578 12.1485
vt -35.2256 12.204
vt -35.2947 12.2578
vt -35.3651 12.31
vt -35.4367 12.3605
vt -35.5095 12.4092
vt -35.5835 12.4562
vt -35.6586 12.5014
vt -35.7347 12.5447
vt -35.8119 12.5862
vt -35.8901 12.6259
vt -35.9691 12.6636
vt -36.0491 12.6994
vt -36.1299 12.7333
vt -36.2115 12.7653
vt -36.2938 12.7952
vt -36.3769 12.8232
vt -36.4606 12.8492
vt -36.5448 12.8731
vt -36.6297 12.895
vt -36.715 12.9149
vt -36.8008 12.9327
vt -36.887 12.9484
vt -36.9736 12.9621
vt -37.0604 12.9737
vt -37.1475 12.9831
vt -37.2349 12.9905
vt -37.3223 12.9958
vt -37.4099 12.9989
vt -37.4975 13
f 544/1205/319 545/1206/319 566/1207/319 567/1208/319 568/1209/319 569/1210/319 570/1211/319 571/1212/319 572/1213/319 573/1214/319 574/1215/319 575/1216/319 576/1217/319 577/1218/319 578/1219/319 579/1220/319 580/1221/319 581/1222/319 582/1223/319 583/1224/319 584/1225/319 585/1226/319 586/1227/319 587/1228/319 588/1229/319 589/1230/319 590/1231/319 591/1232/319 592/1233/319 593/1234/319 594/1235/319 595/1236/319 596/1237/319 597/1238/319 598/1239/319 599/1240/319 600/1241/319 601/1242/319 602/1243/319 603/1244/319 604/1245/319 605/1246/319 606/1247/319 607/1248/319 608/1249/319 609/1250/319 610/1251/319 611/1252/319 612/1253/319 613/1254/319 614/1255/319 542/1256/319 541/1257/319 543/1258/319 

g Mesh24 Component_278_1 Group27 Group1 Model

usemtl FrontColor
v 84 24.75 -6.1625
vt 2.93312e-11 1.46656e-11
vn -1 1.7647e-11 1.46653e-11
v 84 24.75 -5.1625
vt 1 1.46656e-11
v 84 26.75 -5.1625
v 84 26.75 -6.1625
vt 9.12451e-09 2
f 615/1259/320 616/1260/320 617/12/320 618/1261/320 

v 82 24.75 -5.1625
vt 7.88674e-10 -6.61209e-14
vn 3.12143e-13 6.81565e-12 1
v 82 24.65 -5.1625
vt 7.88674e-10 -0.1
v 84.1 24.65 -5.1625
vt 2.1 -0.1
v 84.1 26.85 -5.1625
vt 2.1 2.1
v 82 26.85 -5.1625
vt -3.12407e-13 2.1
v 82 26.75 -5.1625
vt -3.12407e-13 2
vt 2 -6.61209e-14
f 619/1262/321 620/1263/321 621/1264/321 622/1265/321 623/1266/321 624/1267/321 617/155/321 616/1268/321 

vt 1 0
vn -1 1.03142e-11 -2.63678e-16
v 82 24.75 -6.1625
vt 1.11258e-41 0
v 82 24.65 -6.1625
vt 1.11258e-41 -0.1
vt 1 -0.1
f 619/1269/322 625/1270/322 626/1271/322 620/1272/322 

vt -7.88987e-10 0
vn 2.63678e-16 -6.74953e-12 -1
vt -2 0
v 84 24.65 -6.1625
vt -2 -0.1
vt -7.88987e-10 -0.1
f 625/1273/323 615/1274/323 627/1275/323 626/1276/323 

vn -1.55062e-11 4.30711e-09 -1
vt -2 1.33785e-19
v 82 26.75 -6.1625
vt 1.41034e-19 2
v 82 26.85 -6.1625
vt 1.41034e-19 2.1
v 84.1 26.85 -6.1625
vt -2.1 2.1
v 84.1 24.65 -6.1625
vt -2.1 -0.1
f 627/1275/324 615/1277/324 618/149/324 628/1278/324 629/1279/324 630/1280/324 631/1281/324 

vt -9.09518e-09 0
vn -1.03142e-11 -1 6.74953e-12
vt -9.09518e-09 2
vt -1 0
f 628/1282/325 618/1283/325 617/3/325 624/1284/325 

vt 9.09518e-09 2
vt 1 2.1
vt 9.09518e-09 2.1
f 628/1285/322 624/12/322 623/1286/322 629/1287/322 

vn 1.05054e-11 1 -6.74953e-12
vt 9.0937e-09 2.1
vt 9.09518e-09 -4.01566e-13
vt 1 -4.01566e-13
f 622/1286/326 630/1288/326 629/1289/326 623/1290/326 

vt -1 2.1
vn 1 -1.7647e-11 -1.46653e-11
vt -1 -0.1
vt -2.93198e-11 -0.1
vt -9.1245e-09 2.1
f 622/1291/327 621/1292/327 631/1293/327 630/1294/327 

vt -1 7.88987e-10
vt 0 7.88987e-10
vt 0 2
vt 1.47793e-12 2.1
f 621/1291/325 620/1295/325 626/1296/325 627/1297/325 631/1298/325 

g Mesh25 Component_278_2 Group27 Group1 Model

v 55 24.75 -34.1625
vn 1.46656e-11 7.3328e-12 1
v 56 24.75 -34.1625
v 56 26.75 -34.1625
v 55 26.75 -34.1625
f 632/1259/328 633/1260/328 634/12/328 635/1261/328 

v 56 24.75 -32.1625
vn 1 6.61209e-14 -3.12407e-13
v 56 24.65 -32.1625
v 56 24.65 -34.2625
v 56 26.85 -34.2625
v 56 26.85 -32.1625
v 56 26.75 -32.1625
f 636/1262/329 637/1263/329 638/1264/329 639/1265/329 640/1266/329 641/1267/329 634/155/329 633/1268/329 

vn 1.41014e-32 0 1
v 55 24.75 -32.1625
v 55 24.65 -32.1625
f 636/1269/330 642/1270/330 643/1271/330 637/1272/330 

vn -1 0 -1.41014e-32
v 55 24.65 -34.1625
f 642/1273/331 632/1274/331 644/1275/331 643/1276/331 

vn -1 4.31386e-09 1.55065e-11
v 55 26.75 -32.1625
v 55 26.85 -32.1625
v 55 26.85 -34.2625
v 55 24.65 -34.2625
f 644/1275/332 632/1277/332 635/149/332 645/1278/332 646/1279/332 647/1280/332 648/1281/332 

vn 0 -1 -0
f 645/1282/333 635/1283/333 634/3/333 641/1284/333 

f 645/1285/330 641/12/330 640/1286/330 646/1287/330 

vn -6.72084e-25 1 -1.91222e-13
f 639/1286/334 647/1288/334 646/1289/334 640/1290/334 

vn -1.46656e-11 -7.3328e-12 -1
f 639/1291/335 638/1292/335 648/1293/335 647/1294/335 

f 638/1291/333 637/1295/333 643/1296/333 644/1297/333 648/1298/333 

g Mesh26 Group30 Group29 Group1 Model

usemtl Color_M00
v 6.38778e-11 16.75 -34.1
vt -82 11
vn -2.66964e-16 -2.13821e-49 -1
v 50 16.75 -34.1
vt -32 11
v 50 5.75 -34.1
vt -32 0
v 6.38778e-11 5.75 -34.1
vt -82 0
f 649/1299/336 650/1300/336 651/1301/336 652/1302/336 

v 6.3892e-11 16.75 -0.1
vt 82 7.9375
vn 1.71057e-49 1 -2.13821e-49
v 82 16.75 -0.1
vt 0 7.9375
v 82 16.75 -32.1625
vt 0 40
v 50 16.75 -32.1625
vt 32 40
vt 32 41.9375
vt 82 41.9375
f 653/1303/337 654/1304/337 655/1305/337 656/1306/337 650/1307/337 649/1308/337 

vt 2.90319e-97 11
vn 2.66964e-16 2.13821e-49 1
vt 82 11
v 6.3892e-11 5.75 -0.1
vt 82 0
v 82 5.75 -0.1
vt 2.90319e-97 0
f 654/1309/338 653/1310/338 657/1311/338 658/1312/338 

vt 7.9375 11
vn -1 1.71057e-49 2.66964e-16
vt 41.9375 11
vt 41.9375 0
vt 7.9375 0
f 653/1313/339 649/1314/339 652/1315/339 657/1316/339 

vt -82 7.9375
vn -1.71057e-49 -1 2.13821e-49
vt -82 41.9375
vt -32 41.9375
v 50 5.75 -32.1625
vt -32 40
v 82 5.75 -32.1625
f 657/1317/340 652/1318/340 651/1319/340 659/1320/340 660/1305/340 658/1304/340 

vt -40 0
vn 1 -1.71057e-49 -2.66964e-16
vt -41.9375 0
vt -41.9375 11
vt -40 11
f 659/1321/341 651/1322/341 650/1323/341 656/1324/341 

vt -1.46302e-96 0
vt -1.46302e-96 11
f 660/1325/336 659/1301/336 656/1300/336 655/1326/336 

vt -7.9375 11
vt -7.9375 0
f 654/1327/341 658/1328/341 660/1321/341 655/1324/341 

g Mesh27 Component_278_3 Group29 Group1 Model

usemtl FrontColor
v 50 11.75 -34.1625
vn 1.76474e-11 6.69278e-13 1
v 50 10.75 -34.1625
v 52 10.75 -34.1625
v 52 11.75 -34.1625
f 661/1259/342 662/1260/342 663/12/342 664/1261/342 

v 50 10.75 -32.1625
vn -7.00501e-12 -1 1.50225e-11
v 49.9 10.75 -32.1625
v 49.9 10.75 -34.2625
v 52.1 10.75 -34.2625
v 52.1 10.75 -32.1625
v 52 10.75 -32.1625
f 665/1262/343 666/1263/343 667/1264/343 668/1265/343 669/1266/343 670/1267/343 663/155/343 662/1268/343 

vn 1.03146e-11 1.53349e-11 1
v 50 11.75 -32.1625
v 49.9 11.75 -32.1625
f 665/1269/344 671/1270/344 672/1271/344 666/1272/344 

vn 7.07113e-12 1 -1.53349e-11
v 49.9 11.75 -34.1625
f 671/1273/345 661/1274/345 673/1275/345 672/1276/345 

vn 4.32093e-09 1 1.71576e-13
v 52 11.75 -32.1625
v 52.1 11.75 -32.1625
v 52.1 11.75 -34.2625
v 49.9 11.75 -34.2625
f 673/1275/346 661/1277/346 664/149/346 674/1278/346 675/1279/346 676/1280/346 677/1281/346 

vn -1 7.07113e-12 1.03146e-11
f 674/1282/347 664/1283/347 663/3/347 670/1284/347 

f 674/1285/344 670/12/344 669/1286/344 675/1287/344 

vn 1 -7.07113e-12 -1.05058e-11
f 668/1286/348 676/1288/348 675/1289/348 669/1290/348 

vn -1.76474e-11 -6.69278e-13 -1
f 668/1291/349 667/1292/349 677/1293/349 676/1294/349 

f 667/1291/347 666/1295/347 672/1296/347 673/1297/347 677/1298/347 

g Mesh28 Component_278_4 Group29 Group1 Model

v 84 11.75 -2.1
vn -1 -1.46653e-11 1.7647e-11
v 84 10.75 -2.1
v 84 10.75 -0.1
v 84 11.75 -0.1
f 678/1259/350 679/1260/350 680/12/350 681/1261/350 

v 82 10.75 -2.1
vn 3.12143e-13 -1 6.81572e-12
v 82 10.75 -2.2
v 84.1 10.75 -2.2
v 84.1 10.75 -2.24136e-11
v 82 10.75 -7.14984e-14
v 82 10.75 -0.1
f 682/1262/351 683/1263/351 684/1264/351 685/1265/351 686/1266/351 687/1267/351 680/155/351 679/1268/351 

vn -1 2.63678e-16 1.03142e-11
v 82 11.75 -2.1
v 82 11.75 -2.2
f 682/1269/352 688/1270/352 689/1271/352 683/1272/352 

vn 2.63678e-16 1 -6.7496e-12
v 84 11.75 -2.2
f 688/1273/353 678/1274/353 690/1275/353 689/1276/353 

vn -1.55062e-11 1 4.30711e-09
v 82 11.75 -0.1
v 82 11.75 -6.82121e-12
v 84.1 11.75 -2.91629e-11
v 84.1 11.75 -2.2
f 690/1275/354 678/1277/354 681/149/354 691/1278/354 692/1279/354 693/1280/354 694/1281/354 

vn -1.03142e-11 -6.7496e-12 -1
f 691/1282/355 681/1283/355 680/3/355 687/1284/355 

f 691/1285/352 687/12/352 686/1286/352 692/1287/352 

vn 1.05054e-11 6.7496e-12 1
f 685/1286/356 693/1288/356 692/1289/356 686/1290/356 

vn 1 1.46653e-11 -1.7647e-11
f 685/1291/357 684/1292/357 694/1293/357 693/1294/357 

f 684/1291/355 683/1295/355 689/1296/355 690/1297/355 694/1298/355 

g Mesh29 Pillow_Abernathy_23_1 Pillow_Abernathy_SKU_EAN5489__17_1 Group1 Model

usemtl _Color_M03_1
v 57.468 16.7221 -16.2846
vt 20.374 -3.15141
vn -0.137576 -0.989871 0.035033
v 57.9799 16.6072 -16.4137
vt 20.9649 -2.86698
vn 0.216176 -0.928709 -0.301275
v 58.7334 16.5595 -15.2539
vt 23.8917 -3.20779
vn 0.00159156 -0.997008 -0.0772765
f 695/1329/358 696/1330/359 697/1331/360

vt 18.5225 -7.23541
v 58.2521 16.6933 -16.9692
vt 18.844 -6.55398
vn 0.407076 -0.767604 -0.495049
vt 19.1684 -7.12194
f 695/1332/358 698/1333/361 696/1334/359

vt 20.5189 -1.6007
v 56.7768 16.8017 -17.7784
vt 17.1483 -1.1884
vn 0.251496 -0.923822 -0.288621
vt 20.6269 -0.855041
f 695/1335/358 699/1336/362 698/1337/361

v 56.4398 16.8616 -17.3663
vt 17.1152 -2.79603
vn -0.34738 -0.896623 0.27458
vt 17.0028 -2.42035
vt 20.3479 -3.00446
f 700/1338/363 699/1339/362 695/1340/358

v 55.9315 16.8122 -17.9056
vt 15.8748 0.708125
vn -0.200415 -0.964565 0.171604
vt 17.2631 1.30435
vt 17.4525 0.960947
f 701/1341/364 699/1342/362 700/1343/363

vt 15.8146 1.74592
v 56.3182 16.717 -18.3954
vt 15.5451 2.12295
vn 0.362285 -0.857486 -0.365332
vt 17.1588 2.43607
f 701/1344/364 702/1345/365 699/1346/362

v 55.5863 16.7978 -18.2007
vt 14.9164 0.494999
vn -0.253922 -0.955154 0.152329
vt 15.6298 1.07886
vt 15.8738 0.684865
f 703/1347/366 702/1348/365 701/1349/364

v 55.3898 16.8853 -18.7154
vt 13.2153 -2.85888
vn 0.125166 -0.974073 -0.188457
vt 15.1423 -2.79312
vt 14.2967 -3.16014
f 704/1350/367 702/1351/365 703/1352/366

vt 13.1914 -2.61137
v 56.5758 16.7715 -18.8406
vt 14.8455 -2.14487
vn 0.466266 -0.751944 -0.466021
vt 15.1187 -2.55545
f 704/1353/367 705/1354/368 702/1355/365

vt 13.145 -2.6541
v 56.1618 17.0283 -19.7986
vt 12.712 -1.59363
vn 0.513651 -0.676081 -0.528278
vt 14.8034 -2.20294
f 704/1356/367 706/1357/369 705/1358/368

v 55.199 16.7228 -19.8072
vt 11.7635 1.52202
vn 0.341726 -0.869962 -0.355514
vt 13.0676 2.41668
vt 13.7835 1.52251
f 707/1359/370 706/1360/369 704/1361/367

vt 11.7268 0.454125
v 55.0573 16.8233 -20.462
vt 10.4725 0.700563
vn 0.461456 -0.745974 -0.480189
vt 13.1222 1.19824
f 707/1362/370 708/1363/371 706/1364/369

v 54.7514 16.7492 -19.8449
vt 10.7641 -1.4781
vn 0.120901 -0.974938 -0.186758
vt 10.2756 -0.955581
vt 11.5043 -1.3079
f 709/1365/372 708/1366/371 707/1367/370

v 53.9001 16.8472 -20.5822
vt 8.41656 -1.12174
vn 0.104728 -0.982563 -0.153629
vt 10.3472 -0.621318
vt 10.85 -1.13006
f 710/1368/373 708/1369/371 709/1370/372

vt 8.45261 -1.09287
v 54.4553 16.9047 -21.2885
vt 8.1804 -0.424151
vn 0.439949 -0.763995 -0.471971
vt 10.3766 -0.56731
f 710/1371/373 711/1372/374 708/1373/371

v 52.7607 16.7398 -21.0751
vt 6.21783 -0.874649
vn -0.113189 -0.982593 0.147306
vt 8.31026 0.367394
vt 8.64073 -0.274537
f 712/1374/375 711/1375/374 710/1376/373

vt 6.36943 -0.45826
v 53.3918 16.7689 -21.4497
vt 6.62889 0.125472
vn 0.460124 -0.765251 -0.450197
vt 8.34382 0.963957
f 712/1377/375 713/1378/376 711/1379/374

v 52.157 16.4644 -21.5293
vt 5.02516 0.1564
vn -0.179529 -0.95814 0.223016
vt 6.56344 1.5777
vt 6.44094 0.950756
f 714/1380/377 713/1381/376 712/1382/375

vt 4.80129 -0.749293
v 52.8739 16.6063 -22.0467
vt 4.94805 -0.0209495
vn 0.523657 -0.682888 -0.509359
vt 6.61976 0.289748
f 714/1383/377 715/1384/378 713/1385/376

v 51.9831 16.3502 -22.2107
vt 3.51358 -0.678482
vn 0.39007 -0.84247 -0.371605
vt 4.97634 0.0999127
vt 4.84818 -0.631932
f 716/1386/379 715/1387/378 714/1388/377

vt 3.16202 -0.523534
v 52.7828 16.7736 -22.5761
vt 3.73271 0.351717
vn 0.585829 -0.549237 -0.595939
vt 4.71573 0.0522759
f 716/1389/379 717/1390/380 715/1391/378

v 51.6495 16.3345 -22.788
vt 1.89026 -0.477463
vn 0.575544 -0.565431 -0.590794
vt 3.8325 0.411098
vt 3.29228 -0.483282
f 718/1392/381 717/1393/380 716/1394/379

v 54.3456 18.0096 -22.8727
vt 5.36155 2.72212
vn 0.596936 -0.452 -0.662845
vt 3.59625 0.841481
vt 1.60652 0.0650819
f 719/1395/382 717/1396/380 718/1397/381

vt 5.4234 2.69963
v 53.6712 17.0896 -22.2643
vt 5.46175 1.35056
vn 0.581798 -0.557632 -0.59208
vt 3.68102 0.797743
f 719/1398/382 720/1399/383 717/1400/380

vt 5.34473 1.24701
vt 5.33157 2.59655
v 54.3975 17.2265 -22.078
vt 6.71719 1.58076
vn 0.544518 -0.589523 -0.596627
f 720/1401/383 719/1402/382 721/1403/384

vt 5.19142 2.1905
v 55.8246 18.1049 -22.7888
vt 7.58563 2.75208
vn 0.591294 -0.504036 -0.629538
vt 6.55009 1.13893
f 719/1404/382 722/1405/385 721/1406/384

v 56.3504 19.2865 -23.552
vt 7.06567 4.65153
vn 0.631836 -0.40932 -0.65821
vt 7.53108 3.03642
vt 5.13176 2.49709
f 723/1407/386 722/1408/385 719/1409/382

vt 7.23572 5.11294
v 56.2639 18.1778 -22.4224
vt 8.99583 3.65468
vn 0.638034 -0.464842 -0.613868
vt 7.77647 3.52147
f 723/1410/386 724/1411/387 722/1412/385

vt 7.23274 5.21925
v 57.0916 19.1905 -22.353
vt 10.2273 5.08635
vn 0.649099 -0.424526 -0.631228
vt 9.00465 3.77535
f 723/1413/386 725/1414/388 724/1415/387

v 57.8903 20.8618 -22.9328
vt 10.3138 7.23162
vn 0.665831 -0.355518 -0.655955
vt 10.227 5.09767
vt 7.23251 5.23019
f 726/1416/389 725/1417/388 723/1418/386

v 58.5558 20.0992 -21.6347
vt 13.4301 6.2842
vn 0.655036 -0.387302 -0.648788
vt 10.2249 5.03407
vt 10.3252 7.16743
f 727/1419/390 725/1420/388 726/1421/389

vt 13.4307 6.27569
v 57.8633 18.4506 -20.6902
vt 14.0634 4.10674
vn 0.62939 -0.457997 -0.62778
vt 10.2288 5.0169
f 727/1422/390 728/1423/391 725/1424/388

vt 13.4286 6.20713
v 59.2357 19.2161 -20.1431
vt 16.8696 5.15132
vn 0.641623 -0.42009 -0.64175
vt 14.0516 4.03538
f 727/1425/390 729/1426/392 728/1427/391

v 60.2624 20.7005 -20.3231
vt 17.958 7.16971
vn 0.663177 -0.357166 -0.657745
vt 16.8745 5.25033
vt 13.431 6.29773
f 730/1428/393 729/1429/392 727/1430/390

vt 17.9564 7.14107
v 62.6572 20.3303 -17.7817
vt 25.539 6.92929
vn 0.658069 -0.36774 -0.657048
vt 16.8688 5.22399
f 730/1431/393 731/1432/394 729/1433/392

v 63.5657 21.775 -17.6889
vt 26.8804 8.7677
vn 0.679225 -0.32519 -0.657955
vt 25.5395 6.99567
vt 17.9569 7.20619
f 732/1434/395 731/1435/394 730/1436/393

v 63.2849 19.4947 -16.6632
vt 28.3161 6.07096
vn 0.669359 -0.39516 -0.629132
vt 25.5404 6.99883
vt 26.8809 8.77112
f 733/1437/396 731/1438/394 732/1439/395

vt 28.3022 5.93087
v 61.8398 18.925 -17.4229
vt 25.0193 5.05533
vn 0.634327 -0.420111 -0.64895
vt 25.5284 6.86466
f 733/1440/396 734/1441/397 731/1442/394

v 62.1339 17.7564 -16.2204
vt 27.468 3.62913
vn 0.627031 -0.48308 -0.611118
vt 25.0254 5.03772
vt 28.3076 5.91612
f 735/1443/398 734/1444/397 733/1445/396

vt 27.4187 3.35523
v 61.0016 17.3639 -16.6043
vt 25.1636 2.67314
vn 0.582039 -0.519035 -0.625966
vt 24.9842 4.77759
f 735/1446/398 736/1447/399 734/1448/397

vt 27.4863 3.44197
v 60.8829 16.7431 -15.5482
vt 26.7893 1.73556
vn 0.540323 -0.633846 -0.553435
vt 25.244 2.71876
f 735/1449/398 737/1450/400 736/1451/399

v 61.3142 16.8195 -15.0552
vt 28.203 2.38109
vn 0.589926 -0.570143 -0.571772
vt 26.798 2.26602
vt 27.4598 3.98637
f 738/1452/401 737/1453/400 735/1454/398

vt 26.7901 2.35748
vt 28.1944 2.47989
v 61.021 16.4947 -14.2735
vt 29.0426 1.79345
vn 0.509331 -0.674358 -0.534625
f 737/1455/400 738/1456/401 739/1457/402

v 61.528 16.5091 -13.8408
vt 30.4529 0.865494
vn 0.590337 -0.557477 -0.583714
vt 29.0228 0.774886
vt 28.1974 1.48856
f 740/1458/403 739/1459/402 738/1460/401

vt 29.0128 0.876864
vt 30.4432 0.961894
v 61.4876 15.9798 -12.6221
vt 32.348 0.0301939
vn 0.473166 -0.693383 -0.543446
f 739/1461/402 740/1462/403 741/1463/404

v 62.0158 16.2435 -12.523
vt 33.3018 1.17857
vn 0.651361 -0.447322 -0.612888
vt 32.3959 0.727885
vt 30.4746 1.62512
f 742/1464/405 741/1465/404 740/1466/403

vt 33.1988 0.655537
v 61.7073 15.5393 -11.9231
vt 33.7477 -0.339101
vn 0.574884 -0.551537 -0.604413
vt 32.2826 0.226249
f 742/1467/405 743/1468/406 741/1469/404

v 61.7889 15.25 -11.2923
vt 35.017 0.153117
vn 0.586186 -0.688715 -0.426681
vt 33.8669 0.574732
vt 33.2934 1.55535
f 744/1470/407 743/1471/406 742/1472/405

v 61.5579 15.3897 -11.6717
vt 33.7653 -2.229
vn 0.122774 -0.942514 -0.310795
vt 33.589 -1.92932
vt 34.7135 -2.41511
f 745/1473/408 743/1474/406 744/1475/407

vt 31.4421 -3.66581
vt 32.8648 -4.33075
vt 33.0217 -4.64104
f 741/1476/404 743/1477/406 745/1478/408

v 61.1646 15.8194 -12.1074
vt 28.1428 -12.6027
vn -0.249697 -0.967805 -0.0317164
vt 27.9913 -12.0142
vt 29.3507 -13.2784
f 746/1479/409 741/1480/404 745/1481/408

v 60.7626 16.0878 -12.6051
vt 29.9968 -6.13642
vn -0.144806 -0.989418 -0.00909353
vt 31.1152 -5.98187
vt 31.3728 -6.53216
f 747/1482/410 741/1483/404 746/1484/409

v 60.591 16.2336 -13.5973
vt 28.8539 -4.95688
vn 0.199643 -0.928576 -0.312873
vt 31.7161 -5.39883
vt 30.6097 -5.62389
f 748/1485/411 741/1486/404 747/1487/410

vt 29.2387 -1.72923
vt 28.8258 -1.01277
vt 32.1222 -1.99974
f 748/1488/411 739/1489/402 741/1490/404

vt 29.3297 -1.22186
v 60.0835 16.3991 -14.3323
vt 27.411 -0.990295
vn 0.270617 -0.901243 -0.338418
vt 28.9054 -0.512098
f 748/1491/411 749/1492/412 739/1493/402

v 59.9535 16.4608 -13.6127
vt 20.2987 -19.7106
vn -0.342609 -0.916491 0.206551
vt 19.8418 -18.8088
vt 21.2754 -20.1048
f 750/1494/413 749/1495/412 748/1496/411

v 59.523 16.5419 -14.0932
vt 26.1516 -6.83386
vn -0.281094 -0.941878 0.18399
vt 26.6927 -6.53297
vt 27.5286 -7.10152
f 751/1497/414 749/1498/412 750/1499/413

vt 26.3145 -6.26026
v 59.5144 16.4883 -15.0893
vt 24.8442 -5.54778
vn 0.205737 -0.941546 -0.266767
vt 26.8486 -5.94712
f 751/1500/414 752/1501/415 749/1502/412

v 58.8049 16.5983 -14.8171
vt 24.8343 -1.88909
vn -0.279589 -0.938444 0.202862
vt 25.4799 -1.40357
vt 27.0423 -1.88128
f 753/1503/416 752/1504/415 751/1505/414

vt 24.9514 0.237259
vt 24.1543 0.34108
vt 25.552 0.777359
f 753/1506/416 697/1507/360 752/1508/415

v 58.3496 16.7531 -14.8733
vt -15.5618 -18.4285
vn -0.550206 -0.69043 0.469658
vt -15.2433 -18.6414
vt -15.8229 -19.1984
f 754/1509/417 697/1510/360 753/1511/416

vt -20.6531 0.922014
vt -24.1493 0.530252
vt -24.1776 0.912243
f 695/1512/358 697/1513/360 754/1514/417

v 57.1717 16.9978 -15.8804
vt -20.8352 1.69188
vn -0.652193 -0.492352 0.576397
vt -20.6508 1.3129
vt -24.1753 1.31199
f 755/1515/418 695/1516/358 754/1517/417

vt -20.8253 1.8338
vt -17.4114 1.67132
vt -20.6435 1.45356
f 755/1518/418 700/1519/363 695/1520/358

v 56.0608 17.1519 -17.0937
vt -17.2714 2.00566
vn -0.646518 -0.47144 0.599799
vt -17.4185 1.61684
vt -20.8332 1.76091
f 756/1521/419 700/1522/363 755/1523/418

vt -16.6707 5.00987
vt -15.3031 4.41752
vt -16.8836 4.6528
f 756/1524/419 701/1525/364 700/1526/363

v 55.484 17.0212 -17.6651
vt -12.3633 9.6166
vn -0.632821 -0.422075 0.649146
vt -12.8057 9.44739
vt -13.89 10.4698
f 757/1527/420 701/1528/364 756/1529/419

vt -13.4486 8.067
vt -12.9488 7.51519
vt -13.8672 7.8454
f 757/1530/420 703/1531/366 701/1532/364

vt -15.6201 0.767879
v 54.9005 17.1743 -18.316
vt -13.74 1.09231
vn -0.636592 -0.518032 0.571309
vt -14.9168 0.523581
f 757/1533/420 758/1534/421 703/1535/366

v 55.1064 17.4712 -17.3898
vt -15.4113 2.43781
vn -0.679165 -0.16622 0.714917
vt -13.664 2.13871
vt -15.5608 1.93324
f 759/1536/422 758/1537/421 757/1538/420

v 54.3203 17.9052 -17.9805
vt -13.3273 2.77184
vn -0.722437 -0.0662626 0.688255
vt -13.6893 1.96831
vt -15.4406 2.24333
f 760/1539/423 758/1540/421 759/1541/422

vt -12.4421 5.00077
v 54.0923 17.2497 -18.7146
vt -11.0965 4.16979
vn -0.669517 -0.385011 0.635227
vt -12.9424 4.27526
f 760/1542/423 761/1543/424 758/1544/421

v 53.7463 17.3232 -19.0532
vt -10.6155 2.7021
vn -0.705605 -0.241111 0.666324
vt -11.6685 2.64927
vt -13.0857 3.35111
f 762/1545/425 761/1546/424 760/1547/423

vt -10.7766 2.57102
v 54.2667 16.8953 -19.3594
vt -11.0877 2.03354
vn -0.443372 -0.81796 0.366556
vt -11.8257 2.46596
f 762/1548/425 763/1549/426 761/1550/424

vt -10.6303 3.14476
v 53.7989 16.9569 -19.8079
vt -9.56483 2.66889
vn -0.461283 -0.805257 0.372531
vt -10.9695 2.6246
f 762/1551/425 764/1552/427 763/1553/426

v 52.7743 17.7051 -19.6288
vt -8.38673 3.1482
vn -0.713608 -0.230071 0.661687
vt -9.67118 2.24895
vt -10.7567 2.67719
f 765/1554/428 764/1555/427 762/1556/425

vt -8.16791 3.66349
v 53.1627 17.0916 -20.2854
vt -7.79589 2.9436
vn -0.550146 -0.652479 0.521163
vt -9.50642 2.8469
f 765/1557/428 766/1558/429 764/1559/427

v 52.4701 17.2077 -20.5424
vt -5.75923 4.01333
vn -0.686707 -0.251885 0.6819
vt -7.22233 4.06999
vt -7.48538 4.83644
f 767/1560/430 766/1561/429 765/1562/428

vt -5.751 4.04701
vt -5.4963 3.44544
vt -7.21399 4.10632
f 767/1563/430 712/1564/375 766/1565/429

vt -4.34338 5.42469
vt -2.85186 3.95904
vt -4.2538 4.77758
f 767/1566/430 714/1567/377 712/1568/375

v 51.8204 17.1079 -21.0066
vt -4.11253 3.48065
vn -0.703975 -0.102058 0.702854
vt -3.96533 2.75271
vt -5.77992 3.79194
f 768/1569/431 714/1570/377 767/1571/430

vt -3.91274 3.65415
v 51.5617 16.5227 -21.7244
vt -2.58431 2.80495
vn -0.615593 -0.463243 0.637535
vt -3.79535 2.92082
f 768/1572/431 769/1573/432 714/1574/377

v 51.4096 17.4275 -21.2204
vt -3.71478 2.70193
vn -0.718913 0.066067 0.691953
vt -3.25357 1.76312
vt -4.69656 2.39846
f 770/1575/433 769/1576/432 768/1577/431

vt -3.4417 2.93275
v 50.9259 16.6791 -22.0736
vt -1.50483 2.03257
vn -0.723648 0.0795197 0.685573
vt -3.02405 1.97378
f 770/1578/433 771/1579/434 769/1580/432

vt -3.91504 1.953
v 51.8213 19.2115 -20.3805
vt -5.68033 3.83364
vn -0.735421 0.182427 0.652592
vt -1.9253 1.1766
f 770/1581/433 772/1582/435 771/1583/434

v 51.9073 17.9295 -20.5228
vt -5.5633 2.65253
vn -0.719063 0.0620994 0.692165
vt -5.52495 4.00159
vt -3.78257 2.09971
f 773/1584/436 772/1585/435 770/1586/433

vt -5.74291 3.89918
vt -5.75608 2.54964
v 52.2 18.2728 -19.9085
vt -7.12853 2.88338
vn -0.740291 0.0226135 0.671906
f 772/1587/435 773/1588/436 774/1589/437

vt -6.83198 3.77077
vt -5.47454 3.38043
vt -6.36486 2.66188
f 774/1590/437 773/1591/436 767/1592/430

vt -5.13423 3.43657
vt -4.37951 2.53591
vt -6.06022 2.76462
f 773/1593/436 768/1594/431 767/1595/430

vt -3.61231 2.55792
vt -4.59878 2.27007
vt -5.38156 3.14645
f 770/1596/433 768/1597/431 773/1598/436

vt -7.01784 3.51832
vt -6.51541 2.42498
vt -8.35873 2.9341
f 774/1599/437 767/1600/430 765/1601/428

v 52.3852 18.6225 -19.2102
vt -8.4344 3.82003
vn -0.733441 0.00737567 0.679713
vt -7.08692 3.47619
vt -8.41996 2.87426
f 775/1602/438 774/1603/437 765/1604/428

vt -8.61154 3.27453
v 52.0732 19.8912 -19.085
vt -8.27001 4.59817
vn -0.728574 0.124444 0.673568
vt -7.25404 2.97263
f 775/1605/438 776/1606/439 774/1607/437

v 52.9774 18.2691 -18.8023
vt -9.60789 3.40464
vn -0.707671 0.022256 0.706191
vt -7.61859 5.00466
vt -8.04386 3.7055
f 777/1608/440 776/1609/439 775/1610/438

vt -9.6481 3.40333
v 52.4735 19.9826 -18.6802
vt -8.88333 5.15055
vn -0.693285 0.169092 0.700545
vt -7.66472 5.01069
f 777/1611/440 778/1612/441 776/1613/439

v 53.1011 19.3223 -18.4602
vt -9.92765 4.67987
vn -0.694352 0.135559 0.706752
vt -8.55086 5.26876
vt -9.35777 3.5406
f 779/1614/442 778/1615/441 777/1616/440

vt -9.68145 4.37164
v 53.0496 21.1151 -18.3623
vt -9.49718 6.27327
vn -0.689871 0.215462 0.691126
vt -8.29682 4.94187
f 779/1617/442 780/1618/443 778/1619/441

v 53.8855 19.0953 -17.7519
vt -12.5619 3.96935
vn -0.712623 0.115384 0.691994
vt -10.1287 6.03432
vt -10.2593 4.12825
f 781/1620/444 780/1621/443 779/1622/442

vt -12.6198 3.97622
v 54.2113 20.7498 -17.2269
vt -13.7411 5.76319
vn -0.698104 0.208726 0.684898
vt -10.1939 6.04979
f 781/1623/444 782/1624/445 780/1625/443

v 54.8543 19.5442 -16.6701
vt -15.7385 4.48491
vn -0.711119 0.138358 0.689324
vt -13.7778 5.71836
vt -12.6528 3.93379
f 783/1626/446 782/1627/445 781/1628/444

vt -15.6832 4.47083
v 55.5712 21.1421 -15.8727
vt -17.8179 6.24558
vn -0.696019 0.233747 0.678911
vt -13.7186 5.69791
f 783/1629/446 784/1630/447 782/1631/445

v 56.4181 20.2286 -14.9061
vt -20.7952 5.13254
vn -0.705829 0.183158 0.684295
vt -17.9237 6.0635
vt -15.7799 4.29985
f 785/1632/448 784/1633/447 783/1634/446

v 57.7914 20.8528 -13.4258
vt -25.0696 5.87578
vn -0.705303 0.220941 0.673597
vt -17.9039 6.03563
vt -20.7763 5.10728
f 786/1635/449 784/1636/447 785/1637/448

vt -25.064 5.68184
v 58.1522 22.4754 -13.3339
vt -25.5687 7.49242
vn -0.689897 0.268887 0.672117
vt -17.8983 5.84022
f 786/1638/449 787/1639/450 784/1640/447

vt -25.1439 5.60182
v 58.8515 21.6057 -12.286
vt -28.4268 6.47736
vn -0.673969 0.244473 0.697136
vt -25.653 7.41116
f 786/1641/449 788/1642/451 787/1643/450

vt -25.1186 5.69972
v 58.3913 19.5386 -12.5253
vt -27.5612 4.29113
vn -0.699716 0.148676 0.69878
vt -28.4008 6.57812
f 786/1644/449 789/1645/452 788/1646/451

v 57.7736 18.901 -13.4172
vt -25.4115 3.59289
vn -0.732666 0.106221 0.672248
vt -27.6666 4.27498
vt -25.232 5.69734
f 790/1647/453 789/1648/452 786/1649/449

v 58.4413 17.9056 -13.1377
vt -26.7458 3.5109
vn -0.721133 -0.033179 0.692002
vt -27.4428 5.2173
vt -25.2005 4.4941
f 791/1650/454 789/1651/452 790/1652/453

vt -26.5094 4.12035
v 58.956 17.9424 -12.727
vt -27.9144 4.23541
vn -0.705483 0.0466912 0.707187
vt -27.1712 5.8407
f 791/1653/454 792/1654/455 789/1655/452

vt -27.8523 4.83455
vt -26.448 4.71214
v 59.4899 17.2237 -12.7618
vt -28.7005 4.14811
vn -0.724647 -0.121219 0.678375
f 792/1656/455 791/1657/454 793/1658/456

vt -29.0387 3.17891
vt -26.8185 3.85916
v 59.3099 16.7674 -13.5686
vt -27.5555 2.66705
vn -0.669263 -0.440129 0.598642
f 793/1659/456 791/1660/454 794/1661/457

v 58.2162 17.379 -13.9418
vt -25.1118 4.10017
vn -0.7265 -0.140421 0.672666
vt -27.4079 3.5548
vt -26.6316 4.72169
f 795/1662/458 794/1663/457 791/1664/454

vt -25.3091 3.15613
v 58.6175 16.9154 -14.2038
vt -25.54 2.64618
vn -0.635563 -0.524352 0.566669
vt -27.5794 2.5115
f 795/1665/458 796/1666/459 794/1667/457

v 58.0549 17.1403 -14.4994
vt -24.1501 3.35964
vn -0.711872 -0.264295 0.650682
vt -25.476 3.14805
vt -25.2351 3.65333
f 797/1668/460 796/1669/459 795/1670/458

vt -24.2307 2.78864
vt -24.1179 2.33919
vt -25.551 2.54434
f 797/1671/460 754/1672/417 796/1673/459

vt -20.7392 2.80085
vt -24.0936 2.58014
vt -24.2018 3.03069
f 755/1674/418 754/1675/417 797/1676/460

v 56.8467 17.4391 -15.5867
vt -20.7038 3.05796
vn -0.722025 -0.177124 0.668811
vt -20.7674 2.57474
vt -24.2322 2.76937
f 798/1677/461 755/1678/418 797/1679/460

vt -20.7117 3.00676
vt -17.2065 2.65878
vt -20.7741 2.52339
f 798/1680/461 756/1681/419 755/1682/418

v 55.6599 17.6124 -16.8652
vt -16.9262 3.16732
vn -0.719215 -0.12604 0.683259
vt -17.2057 2.66439
vt -20.7107 3.01344
f 799/1683/462 756/1684/419 798/1685/461

vt -16.4206 4.83375
vt -15.0239 4.08234
vt -16.7503 4.36232
f 799/1686/462 757/1687/420 756/1688/419

v 54.8297 18.2963 -17.0748
vt -15.1816 4.11185
vn -0.696215 0.00915 0.717775
vt -15.3788 2.79301
vt -16.8241 3.44599
f 800/1689/463 757/1690/420 799/1691/462

vt -7.41538 7.2445
vt -7.7534 6.46941
vt -8.16524 6.14179
f 800/1692/463 759/1693/422 757/1694/420

vt -15.2445 3.76577
vt -13.1095 3.32734
vt -15.2495 2.92019
f 800/1695/463 760/1696/423 759/1697/422

vt -12.7496 4.3379
vt -13.1553 3.12214
vt -15.2935 3.54433
f 781/1698/444 760/1699/423 800/1700/463

vt -12.4688 4.70444
v 53.3004 18.3682 -18.6257
vt -10.325 3.85989
vn -0.705294 0.0232875 0.708532
vt -12.9141 3.50262
f 781/1701/444 801/1702/464 760/1703/423

vt -10.3026 4.50793
vt -10.4498 3.5258
vt -12.6047 4.34151
f 779/1704/442 801/1705/464 781/1706/444

vt -9.13442 3.77142
vt -9.87985 3.94588
vt -9.68568 4.91981
f 777/1707/440 801/1708/464 779/1709/442

vt -8.81383 4.82533
vt -9.78798 3.96795
vt -9.55404 5.02074
f 777/1710/440 762/1711/425 801/1712/464

vt -9.65937 4.142
vt -8.13609 3.49573
vt -10.5319 3.18137
f 777/1713/440 765/1714/428 762/1715/425

vt -8.28656 4.04142
vt -8.29715 3.0956
vt -9.84053 3.69228
f 775/1716/438 765/1717/428 777/1718/440

vt -10.4204 4.04216
vt -10.5433 2.97071
vt -13.0047 3.65211
f 801/1719/464 762/1720/425 760/1721/423

vt -15.6645 4.83936
vt -12.5818 4.27174
vt -15.1397 3.52457
f 783/1722/446 781/1723/444 800/1724/463

vt -15.5762 4.96916
vt -15.0605 3.65077
v 55.4454 18.3749 -16.5145
vt -16.8445 3.80882
vn -0.718939 0.0327224 0.694303
f 783/1725/446 800/1726/463 802/1727/465

vt -14.9667 4.37684
vt -16.6294 3.76302
vt -16.7491 4.55253
f 800/1728/463 799/1729/462 802/1730/465

vt -17.0585 3.79868
vt -16.9047 3.01509
v 56.5547 18.1141 -15.3512
vt -20.5573 3.57699
vn -0.725748 0.0162592 0.687769
f 802/1731/465 799/1732/462 803/1733/466

vt -20.5387 3.68754
vt -16.888 3.11361
vt -20.6738 2.99647
f 803/1734/466 799/1735/462 798/1736/461

vt -20.535 3.70072
vt -20.6705 3.00973
v 57.822 17.7922 -14.1131
vt -24.3928 3.43434
vn -0.733013 0.00772862 0.68017
f 803/1737/466 798/1738/461 804/1739/467

vt -20.6412 3.22447
vt -24.1738 2.99253
vt -24.3609 3.6713
f 798/1740/461 797/1741/460 804/1742/467

vt -24.5386 2.51716
vt -24.32 1.84788
vt -25.4207 2.07598
f 804/1743/467 797/1744/460 795/1745/458

vt -24.3711 3.40388
vt -25.2703 2.99867
vt -25.2691 4.55791
f 804/1746/467 795/1747/458 790/1748/453

vt -25.4624 3.72726
vt -25.4126 2.16881
vt -26.9704 2.68779
f 790/1749/453 795/1750/458 791/1751/454

v 57.6625 19.2614 -13.7078
vt -24.8385 2.81494
vn -0.724724 0.150061 0.672501
vt -24.485 1.31317
vt -25.4819 2.38295
f 805/1752/468 804/1753/467 790/1754/453

v 56.4545 18.8896 -15.0957
vt -20.6185 4.33688
vn -0.715971 0.109723 0.689453
vt -24.3166 3.30706
vt -24.5462 4.8327
f 806/1755/469 804/1756/467 805/1757/468

vt -20.6586 4.33321
vt -20.4931 3.53095
vt -24.3525 3.2884
f 806/1758/469 803/1759/466 804/1760/467

vt -15.7921 4.80916
vt -20.5372 3.41411
vt -20.707 4.21546
f 783/1761/446 803/1762/466 806/1763/469

vt -15.7778 4.80946
vt -17.0251 3.62651
vt -20.525 3.42165
f 783/1764/446 802/1765/465 803/1766/466

vt -20.6455 4.01379
vt -20.7399 5.42801
vt -15.7272 4.57915
f 806/1767/469 785/1768/448 783/1769/446

vt -20.6705 3.97457
vt -24.6003 4.45299
vt -20.7676 5.38861
f 806/1770/469 805/1771/468 785/1772/448

vt -24.5665 4.40918
vt -25.0231 6.1146
vt -20.7316 5.33625
f 805/1773/468 786/1774/449 785/1775/448

vt -24.8815 3.61348
vt -25.5353 3.19745
vt -25.389 5.30446
f 805/1776/468 790/1777/453 786/1778/449

vt -23.6589 5.23253
vt -24.4604 5.09652
vt -25.0569 5.60845
f 754/1779/417 753/1780/416 796/1781/459

vt -25.4584 3.32526
vt -24.8181 2.86933
vt -27.0261 2.87665
f 796/1782/459 753/1783/416 751/1784/414

vt -25.6054 -0.901815
vt -27.0814 -1.59482
vt -27.612 -1.29024
f 796/1785/459 751/1786/414 794/1787/457

vt -27.561 -1.96583
vt -27.0229 -2.25698
vt -28.4016 -2.51597
f 794/1788/457 751/1789/414 750/1790/413

vt -27.6577 0.68663
vt -28.5461 0.217593
v 59.722 16.7005 -13.1572
vt -28.9161 0.556383
vn -0.674333 -0.485055 0.556774
f 794/1791/457 750/1792/413 807/1793/470

vt -27.992 -6.221
vt -27.5502 -6.45872
v 60.2236 16.3258 -13.291
vt -28.4132 -6.80388
vn -0.341417 -0.929515 0.139417
f 807/1794/470 750/1795/413 808/1796/471

vt 24.0658 -14.3151
vt 25.1028 -14.4995
vt 24.8831 -14.7576
f 750/1797/413 748/1798/411 808/1799/471

v 60.3615 16.2052 -12.9029
vt 24.3123 -16.8708
vn -0.548151 -0.738859 0.39194
vt 23.6577 -16.3347
vt 23.8948 -16.0926
f 809/1800/472 808/1801/471 748/1802/411

vt -23.5268 -17.8268
vt -22.7031 -16.5927
vt -22.8711 -17.2919
f 809/1803/472 807/1804/470 808/1805/471

vt -29.1383 2.1946
vt -28.9008 1.64402
vt -30.2865 1.11371
f 793/1806/456 807/1807/470 809/1808/472

vt -27.5591 2.63524
vt -28.8234 2.58749
vt -29.0429 3.14551
f 794/1809/457 807/1810/470 793/1811/456

vt -29.1685 1.07626
vt -30.2757 -0.0466646
v 60.7278 16.2705 -12.0825
vt -32.1092 -0.0375414
vn -0.741295 -0.196013 0.64192
f 793/1812/456 809/1813/472 810/1814/473

vt -30.2814 -0.449671
vt -31.3437 -0.648956
vt -32.1148 -0.430696
f 809/1815/472 747/1816/410 810/1817/473

vt 29.0312 -7.53146
vt 28.3857 -6.92881
vt 30.0991 -7.69807
f 809/1818/472 748/1819/411 747/1820/410

vt -31.7022 -3.57554
vt -30.9102 -3.69799
vt -32.2708 -4.14398
f 810/1821/473 747/1822/410 746/1823/409

vt -24.4661 -18.1969
vt -24.7181 -18.9605
v 61.4085 15.4495 -11.5306
vt -25.6875 -19.9408
vn -0.678011 -0.566536 0.468335
f 810/1824/473 746/1825/409 811/1826/474

vt 6.8034 -30.1032
vt 7.2394 -31.4169
vt 7.09998 -31.4497
f 746/1827/409 745/1828/408 811/1829/474

vt 20.0522 -27.305
vt 20.1669 -27.2192
v 61.6256 15.3752 -11.1493
vt 20.6069 -28.0566
vn -0.66943 -0.0970731 0.736506
f 811/1830/474 745/1831/408 812/1832/475

vt -31.153 -15.0632
vt -30.2636 -14.7407
vt -31.0972 -15.2296
f 812/1833/475 745/1834/408 744/1835/407

vt -9.82451 14.3774
vt -9.9897 14.318
v 61.8445 15.5465 -11.2376
vt -9.97795 14.6687
vn 0.429658 0.0175704 0.902821
f 812/1836/475 744/1837/407 813/1838/476

vt 29.9921 1.92769
vt 29.845 1.60918
v 62.0393 15.7854 -11.5167
vt 29.7591 2.29646
vn 0.880407 -0.21325 -0.423566
f 813/1839/476 744/1840/407 814/1841/477

vt 33.1634 1.80522
vt 34.8531 1.11398
vt 34.9033 0.423159
f 742/1842/405 814/1843/477 744/1844/407

vt 33.1281 1.76754
v 62.5831 17.503 -12.8861
vt 33.243 3.34645
vn 0.733352 -0.355033 -0.579781
vt 34.8188 1.07849
f 742/1845/405 815/1846/478 814/1847/477

vt 33.0458 1.85
v 62.1911 17.4281 -14.668
vt 29.7375 3.60639
vn 0.658489 -0.457865 -0.597287
vt 33.157 3.42918
f 742/1848/405 816/1849/479 815/1850/478

vt 33.3026 1.40379
vt 30.4731 1.8354
vt 30.0399 3.2434
f 742/1851/405 740/1852/403 816/1853/479

vt 30.4474 2.13332
vt 28.1713 2.67588
vt 30.0003 3.53699
f 740/1854/403 738/1855/401 816/1856/479

vt 29.9196 3.97325
vt 28.1012 3.09006
vt 27.317 4.67571
f 816/1857/479 738/1858/401 735/1859/398

vt 29.756 3.96523
vt 27.144 4.63201
vt 27.9044 6.94653
f 816/1860/479 735/1861/398 733/1862/396

vt 27.6852 7.06626
v 63.3712 19.3792 -14.7966
vt 30.8365 6.57312
vn 0.699644 -0.410989 -0.584454
vt 29.5606 4.09984
f 733/1863/396 817/1864/480 816/1865/479

vt 27.7094 7.16142
v 64.1156 20.6843 -16.1774
vt 29.5545 8.59074
vn 0.700146 -0.347944 -0.623483
vt 30.8603 6.66574
f 733/1866/396 818/1867/481 817/1868/480

vt 26.8417 8.7834
vt 30.1489 7.48257
vt 28.2798 6.08475
f 732/1869/395 818/1870/481 733/1871/396

vt 26.797 8.6371
v 64.2382 22.2968 -16.746
vt 29.2264 9.19038
vn 0.707722 -0.317262 -0.631249
vt 30.1034 7.33405
f 732/1872/395 819/1873/482 818/1874/481

v 64.681 23.744 -17.4039
vt 28.6102 11.3035
vn 0.691636 -0.312552 -0.651115
vt 29.1539 9.5069
vt 26.7246 8.95327
f 820/1875/483 819/1876/482 732/1877/395

v 65.0051 23.6555 -16.2873
vt 30.7625 11.1036
vn 0.726888 -0.307033 -0.6143
vt 29.0475 9.53834
vt 28.5003 11.3338
f 821/1878/484 819/1879/482 820/1880/483

vt 30.4199 11.5966
v 64.4556 22.4442 -15.522
vt 30.9869 9.98439
vn 0.739904 -0.335099 -0.58331
vt 28.7153 10.02
f 821/1881/484 822/1882/485 819/1883/482

vt 29.9493 11.7066
v 64.8146 23.2812 -15.3002
vt 31.3208 11.0464
vn 0.754597 -0.338342 -0.562235
vt 30.5293 10.0991
f 821/1884/484 823/1885/486 822/1886/485

v 65.0675 24.5012 -15.6947
vt 30.1375 10.858
vn 0.760664 -0.264215 -0.592943
vt 30.4964 9.41191
vt 29.1238 10.07
f 824/1887/487 823/1888/486 821/1889/484

vt 29.0816 10.3576
v 64.8346 24.3174 -14.8375
vt 30.1872 9.91461
vn 0.801135 -0.315153 -0.508784
vt 29.4295 8.9089
f 824/1890/487 825/1891/488 823/1892/486

v 65.2672 26.0491 -15.2174
vt 30.3945 12.8662
vn 0.758978 -0.305363 -0.57507
vt 30.5179 10.834
vt 29.4115 11.2753
f 826/1893/489 825/1894/488 824/1895/487

vt 30.0657 10.7716
vt 29.9446 12.8039
v 65.0422 25.9809 -14.4365
vt 30.9366 12.5028
vn 0.807302 -0.398058 -0.435676
f 825/1896/488 826/1897/489 827/1898/490

v 65.6032 27.5626 -14.7929
vt 31.3637 15.5782
vn 0.749778 -0.330767 -0.573084
vt 31.2982 13.6688
vt 30.3063 13.9702
f 828/1899/491 827/1900/490 826/1901/489

vt 30.8613 13.7423
vt 30.9231 15.6519
v 65.6439 28.2163 -14.3104
vt 31.7376 16.2529
vn 0.802914 -0.440919 -0.401148
f 827/1902/490 828/1903/491 829/1904/492

v 66.2408 30.2311 -14.5028
vt 32.2973 18.3219
vn 0.760005 -0.246113 -0.601515
vt 31.9328 15.9812
vt 31.1179 15.3807
f 830/1905/493 829/1906/492 828/1907/491

vt 32.1012 18.3693
v 66.1272 30.3 -14.0608
vt 32.6782 18.3162
vn 0.688117 -0.319761 0.651343
vt 31.7381 16.0283
f 830/1908/493 831/1909/494 829/1910/492

vt 32.4007 15.0549
vt 31.8238 15.1087
v 66.1757 30.6535 -14.1732
vt 32.2768 15.471
vn 0.741983 0.288327 0.605251
f 831/1911/494 830/1912/493 832/1913/495

vt 30.6407 17.4251
vt 30.1839 17.0677
v 66.2279 30.8621 -14.2194
vt 30.6268 17.6701
vn 0.465446 0.881849 0.0755135
f 832/1914/495 830/1915/493 833/1916/496

v 66.1211 30.7751 -14.4862
vt 34.7408 16.6056
vn 0.67702 0.319697 -0.662901
vt 35.3137 16.6779
vt 34.9317 16.0352
f 834/1917/497 833/1918/496 830/1919/493

v 66.0429 30.8602 -14.2734
vt -8.35471 35.9956
vn -0.407713 0.815162 0.411439
vt -8.35867 36.3631
vt -8.17364 35.8161
f 835/1920/498 833/1921/496 834/1922/497

vt -34.7673 15.0684
vt -34.4029 15.0199
v 65.7041 30.4866 -13.973
vt -34.3846 14.427
vn -0.573653 0.372505 0.729494
f 833/1923/496 835/1924/498 836/1925/499

vt -34.733 15.7459
v 64.6572 30.203 -14.1983
vt -32.8318 14.554
vn -0.598519 0.48692 0.636148
vt -34.7274 15.1528
f 835/1926/498 837/1927/500 836/1928/499

vt -32.9819 14.4565
vt -34.8667 15.6743
v 64.7732 30.5197 -14.6625
vt -32.3979 14.9625
vn -0.47299 0.734453 0.486682
f 837/1929/500 835/1930/498 838/1931/501

vt -29.8581 19.114
vt -31.8729 20.7083
v 65.6071 30.6123 -14.8232
vt -30.5204 20.0358
vn 0.487408 0.725769 -0.485482
f 838/1932/501 835/1933/498 839/1934/502

vt -20.5123 31.7386
vt -20.2776 31.6392
vt -19.642 30.5041
f 835/1935/498 834/1936/497 839/1937/502

vt 33.7665 19.7903
v 65.8202 29.6492 -15.3465
vt 32.2092 18.4484
vn 0.727946 -0.105683 -0.677441
vt 32.5032 19.4799
f 834/1938/497 840/1939/503 839/1940/502

vt 33.0835 16.1952
vt 34.7786 17.3581
vt 34.98 16.7913
f 840/1941/503 834/1942/497 830/1943/493

v 65.4801 27.2183 -15.5794
vt 32.3576 14.0877
vn 0.733528 -0.258229 -0.628692
vt 33.0129 16.7304
vt 34.918 17.2984
f 841/1944/504 840/1945/503 830/1946/493

vt 32.3092 14.0272
v 64.9624 27.8913 -17.1459
vt 29.0024 14.9186
vn 0.729148 -0.155115 -0.666545
vt 32.9712 16.6682
f 841/1947/504 842/1948/505 840/1949/503

v 65.0462 25.3971 -16.5254
vt 30.2878 11.9299
vn 0.742191 -0.218199 -0.633674
vt 28.9759 14.705
vt 32.2814 13.8091
f 843/1950/506 842/1951/505 841/1952/504

vt 29.9617 11.3108
v 64.7912 26.0219 -17.9732
vt 27.228 12.2145
vn 0.745637 -0.170996 -0.644038
vt 28.6863 14.1029
f 843/1953/506 844/1954/507 842/1955/505

v 64.8519 24.3705 -17.3655
vt 28.4311 10.4937
vn 0.717257 -0.253811 -0.64894
vt 27.2583 12.3765
vt 29.9929 11.4758
f 845/1956/508 844/1957/507 843/1958/506

vt 29.0166 11.7661
v 64.2412 25.8901 -18.5676
vt 26.0622 13.4407
vn 0.68631 -0.25345 -0.68172
vt 27.7971 13.6189
f 845/1959/508 846/1960/509 844/1961/507

vt 28.7615 10.9951
vt 26.0569 13.3785
vt 29.0095 11.7008
f 820/1962/483 846/1963/509 845/1964/508

vt 28.7725 11.1097
v 63.4236 24.0254 -18.7741
vt 24.7255 11.3197
vn 0.680882 -0.280495 -0.676552
vt 26.062 13.4864
f 820/1965/483 847/1966/510 846/1967/509

vt 26.8806 8.77689
vt 24.7252 11.3319
vt 28.7722 11.1222
f 732/1968/395 847/1969/510 820/1970/483

v 61.834 22.8332 -19.9525
vt 20.6454 9.84382
vn 0.677719 -0.306339 -0.668471
vt 24.7259 11.3253
vt 26.8807 8.76984
f 848/1971/511 847/1972/510 732/1973/395

v 62.1679 25.4291 -20.3123
vt 20.2893 12.7623
vn 0.694284 -0.233122 -0.6809
vt 24.7215 11.3302
vt 20.6427 9.84435
f 849/1974/512 847/1975/510 848/1976/511

vt 20.2948 12.7075
v 63.5881 25.7694 -18.9294
vt 24.5356 13.2019
vn 0.682025 -0.227147 -0.695159
vt 24.7253 11.2701
f 849/1977/512 850/1978/513 847/1979/510

vt 20.2894 12.5809
v 63.4894 27.2367 -18.9646
vt 24.1611 14.6443
vn 0.688563 -0.163903 -0.706411
vt 24.5292 13.0836
f 849/1980/512 851/1981/514 850/1982/513

vt 20.2934 12.5791
v 62.4892 27.4385 -19.9729
vt 21.0793 14.765
vn 0.710639 -0.134657 -0.69055
vt 24.1685 14.6359
f 849/1983/512 852/1984/515 851/1985/514

v 61.0571 27.2496 -21.411
vt 16.7171 14.4386
vn 0.713143 -0.14406 -0.686057
vt 21.0784 14.7687
vt 20.2929 12.5826
f 853/1986/516 852/1987/515 849/1988/512

vt 21.0627 14.2316
vt 16.7029 13.8821
v 61.6162 28.7345 -20.294
vt 19.1056 15.5009
vn 0.722252 0.0272478 -0.691093
v 62.2671 28.8809 -19.6151
vt 21.1194 15.7234
vn 0.719045 0.0344671 -0.694109
f 852/1989/515 853/1990/516 854/1991/517 855/1992/518 

vt 19.139 15.4862
vt 16.7228 13.8875
v 59.7818 29.1084 -22.1377
vt 13.4819 15.7371
vn 0.7314 0.0485226 -0.68022
f 854/1993/517 853/1994/516 856/1995/519

vt 13.5304 15.0782
vt 16.7364 13.1687
v 59.246 28.8489 -23.0484
vt 11.3288 14.811
vn 0.732202 -0.0401936 -0.6799
f 856/1996/519 853/1997/516 857/1998/520

v 59.3192 27.9094 -23.3681
vt 11.0189 14.1934
vn 0.725375 -0.13378 -0.675229
vt 11.3182 15.1664
vt 16.7362 13.5585
f 858/1999/521 857/2000/520 853/2001/516

vt 11.3429 15.0188
vt 11.0228 14.0525
v 58.9866 28.6165 -23.635
vt 10.0528 14.805
vn 0.735933 -0.0335999 -0.67622
f 857/2002/520 858/2003/521 859/2004/522

vt 10.0516 14.9451
vt 11.0253 14.1972
v 58.9666 27.6278 -24.0782
vt 9.40876 13.9277
vn 0.72372 -0.150959 -0.673381
f 859/2005/522 858/2006/521 860/2007/523

vt 9.4032 14.3966
vt 11.0212 14.657
v 59.3606 26.5401 -23.4209
vt 11.1179 13.1964
vn 0.709087 -0.211211 -0.672745
f 860/2008/523 858/2009/521 861/2010/524

vt 11.135 13.4286
vt 11.0106 14.8871
vt 16.7311 14.2826
f 861/2011/524 858/2012/521 853/2013/516

v 60.3237 25.197 -22.1772
vt 14.6588 12.1406
vn 0.694282 -0.246121 -0.676311
vt 11.1367 13.5517
vt 16.7342 14.3961
f 862/2014/525 861/2015/524 853/2016/516

v 59.1859 24.8904 -23.4112
vt 11.0671 11.8219
vn 0.695684 -0.25988 -0.669691
vt 11.1341 13.6335
vt 14.659 12.2292
f 863/2017/526 861/2018/524 862/2019/525

v 58.5517 27.1187 -24.6987
vt 7.8701 14.211
vn 0.700615 -0.186688 -0.688684
vt 11.1361 13.5678
vt 11.0578 11.7567
f 864/2020/527 861/2021/524 863/2022/526

vt 9.41064 14.6287
vt 11.1341 13.4411
vt 7.86902 14.0891
f 860/2023/523 861/2024/524 864/2025/527

v 58.5918 28.5791 -24.2953
vt 8.40795 15.3029
vn 0.717416 -0.0544349 -0.694515
vt 9.40467 14.3211
vt 7.86873 13.7655
f 865/2026/528 860/2027/523 864/2028/527

vt 8.42965 14.9268
vt 10.0507 14.9467
vt 9.40961 13.9282
f 865/2029/528 859/2030/522 860/2031/523

v 58.3303 29.8228 -23.5479
vt 9.11844 14.8436
vn 0.723428 0.188354 -0.66421
vt 10.0501 13.5975
vt 8.42904 13.5755
f 866/2032/529 859/2033/522 865/2034/528

v 58.7678 29.6036 -23.0952
vt 10.4847 14.7508
vn 0.735979 0.132665 -0.663878
vt 10.046 13.7407
vt 9.10537 14.98
f 867/2035/530 859/2036/522 866/2037/529

v 59.0392 29.5442 -22.7422
vt 11.4494 14.6792
vn 0.735747 0.0928461 -0.670862
vt 10.0469 13.7348
vt 10.4869 14.7444
f 868/2038/531 859/2039/522 867/2040/530

vt 11.4475 14.6695
vt 11.3327 13.9573
vt 10.0461 13.7235
f 868/2041/531 857/2042/520 859/2043/522

vt 11.4234 14.7885
vt 13.517 14.3596
vt 11.3177 14.0749
f 868/2044/531 856/2045/519 857/2046/520

v 58.8592 29.9733 -22.3621
vt 11.7825 12.6365
vn 0.704548 0.352218 -0.616079
vt 13.5477 11.6776
vt 11.4727 12.189
f 869/2047/532 856/2048/519 868/2049/531

v 60.0543 29.3734 -21.499
vt 14.8926 13.6375
vn 0.72262 0.179427 -0.667552
vt 13.512 13.347
vt 11.7046 14.2239
f 870/2050/533 856/2051/519 869/2052/532

vt 14.8845 13.4701
vt 19.1595 12.8669
vt 13.5052 13.1738
f 870/2053/533 854/2054/517 856/2055/519

v 61.2706 29.6047 -19.8222
vt 19.2849 14.2796
vn 0.689745 0.309647 -0.6545
vt 19.1519 13.3771
vt 14.874 13.959
f 871/2056/534 854/2057/517 870/2058/533

vt 19.1234 15.058
vt 21.0392 14.411
vt 19.03 14.1505
f 871/2059/534 855/2060/518 854/2061/517

v 61.8897 29.7118 -19.18
vt 21.0538 15.0566
vn 0.681084 0.34761 -0.644431
vt 21.0561 14.1931
vt 19.1431 14.8482
f 872/2062/535 855/2063/518 871/2064/534

v 62.827 29.5276 -18.45
vt 23.6723 14.6922
vn 0.699542 0.235456 -0.674686
vt 21.1019 13.9169
vt 21.1109 14.7804
f 873/2065/536 855/2066/518 872/2067/535

vt 23.7448 15.02
v 63.1213 28.717 -18.7843
vt 23.7484 14.1881
vn 0.701179 -0.0462189 -0.711485
vt 21.1587 14.2989
f 873/2068/536 874/2069/537 855/2070/518

vt 22.7651 17.9743
v 63.5188 28.5542 -18.7424
vt 23.5739 17.0751
vn 0.695342 -0.049728 -0.716956
vt 22.8714 17.1491
f 873/2071/536 875/2072/538 874/2073/537

v 63.5362 29.5932 -17.7317
vt 25.8145 14.9552
vn 0.67149 0.342289 -0.657221
v 64.2213 28.6476 -18.0064
vt 26.5368 14.0043
vn 0.748696 0.0186385 -0.662651
vt 24.3528 13.8074
vt 23.6445 14.7876
f 876/2074/539 877/2075/540 875/2076/538 873/2077/536 

v 64.2343 29.8895 -16.8333
vt 28.1947 15.5346
vn 0.687842 0.270807 -0.673451
vt 26.5196 14.1601
vt 25.7928 15.1076
f 878/2078/541 877/2079/540 876/2080/539

vt 28.2851 15.2421
v 64.5155 28.9392 -17.4318
vt 27.884 14.246
vn 0.728926 -0.00522779 -0.684572
vt 26.5831 13.901
f 878/2081/541 879/2082/542 877/2083/540

v 64.7206 29.3806 -16.8462
vt 28.9933 15.1046
vn 0.721473 0.000250786 -0.692443
vt 27.8327 14.5946
vt 28.219 15.5966
f 880/2084/543 879/2085/542 878/2086/541

vt 29.1121 13.8647
vt 27.9147 14.9724
vt 29.1059 15.4061
f 842/2087/505 879/2088/542 880/2089/543

vt 26.6209 15.0637
vt 27.9346 15.3562
vt 29.141 14.2582
f 877/2090/540 879/2091/542 842/2092/505

vt 27.7699 12.5745
vt 26.6259 15.3192
vt 29.1486 14.5218
f 844/2093/507 877/2094/540 842/2095/505

vt 16.9772 1.3598
v 64.5512 27.604 -18.1872
vt 16.7355 3.23193
vn 0.757829 -0.0740001 -0.648243
vt 16.9008 4.33233
f 844/2096/507 881/2097/544 877/2098/540

vt 27.798 13.3366
v 64.1234 27.0893 -18.6902
vt 25.5674 14.4385
vn 0.690823 -0.181906 -0.699767
vt 26.9363 15.0161
f 844/2099/507 882/2100/545 881/2101/544

vt 26.0631 13.2391
vt 25.5654 14.5191
vt 27.7977 13.4206
f 846/2102/509 882/2103/545 844/2104/507

vt 24.3901 13.5107
vt 25.398 15.0297
vt 25.9191 13.7591
f 850/2105/513 882/2106/545 846/2107/509

vt 24.2651 13.6986
vt 23.8588 15.2497
vt 25.2626 15.2245
f 850/2108/513 851/2109/514 882/2110/545

vt 25.2697 15.2471
vt 23.866 15.2729
vt 24.0611 16.6802
f 882/2111/545 851/2112/514 875/2113/538

vt 23.3778 17.5103
vt 23.2313 16.0971
vt 22.6745 17.5758
f 875/2114/538 851/2115/514 874/2116/537

vt 23.7457 15.4802
vt 24.1743 13.9594
vt 21.0854 14.0956
f 874/2117/537 851/2118/514 852/2119/515

vt 23.7376 15.4817
vt 21.0807 14.0907
vt 21.1475 15.5821
f 874/2120/537 852/2121/515 855/2122/518

vt 25.5096 14.4376
vt 24.3398 15.9026
vt 26.8683 15.0385
f 882/2123/545 875/2124/538 881/2125/544

vt 24.3965 15.2594
vt 26.5828 15.428
vt 26.9148 14.3659
f 875/2126/538 877/2127/540 881/2128/544

vt 24.6208 11.5126
vt 24.4122 13.4424
vt 25.9416 13.689
f 847/2129/510 850/2130/513 846/2131/509

vt 29.119 14.989
vt 29.0539 16.529
v 65.2044 29.3397 -16.3876
vt 30.4963 16.534
vn 0.723685 -0.06737 -0.686835
f 842/2132/505 880/2133/543 883/2134/546

v 64.7474 30.2734 -16.1545
vt 30.0681 16.3874
vn 0.669096 0.333 -0.664396
v 65.5514 30.1491 -15.4308
vt 32.4121 16.3362
vn 0.727872 0.0956786 -0.679005
vt 30.4961 15.4436
vt 29.0537 15.4386
f 884/2135/547 885/2136/548 883/2137/546 880/2138/543 

v 65.1019 30.5924 -15.2766
vt 31.9574 13.4548
vn 0.274842 0.935029 -0.224016
vt 32.4374 12.9833
vt 30.0939 13.0514
f 886/2139/549 885/2140/548 884/2141/547

vt 33.1814 15.6626
vt 32.2268 15.1026
vt 31.724 15.5498
f 839/2142/502 885/2143/548 886/2144/549

vt 33.4491 14.7271
vt 32.9894 13.758
vt 32.4313 14.2925
f 839/2145/502 840/2146/503 885/2147/548

vt 33.0831 15.7287
vt 30.563 15.407
vt 32.505 16.2415
f 840/2148/503 883/2149/546 885/2150/548

vt 29.1418 14.5509
vt 30.5599 16.0585
vt 33.082 16.3638
f 842/2151/505 883/2152/546 840/2153/503

vt -32.5461 10.1877
vt -33.505 10.7952
vt -32.0483 10.6728
f 838/2154/501 839/2155/502 886/2156/549

vt -32.4332 8.20231
vt -31.9578 8.7094
v 64.2356 30.5882 -15.4422
vt -30.4061 8.32907
vn -0.420966 0.803787 0.420374
f 838/2157/501 886/2158/549 887/2159/550

vt -30.5154 8.32338
vt -32.0152 8.87377
v 64.4371 30.55 -15.8776
vt -30.1068 8.59095
vn 0.182707 0.961997 -0.202928
f 887/2160/550 886/2161/549 888/2162/551

vt 29.3999 13.4788
vt 31.3089 13.758
vt 29.5057 13.1383
f 888/2163/551 886/2164/549 884/2165/547

vt 26.4174 21.1899
vt 26.6048 20.8865
v 63.8413 30.2984 -16.3456
vt 24.9642 20.4545
vn 0.161553 0.968875 -0.187566
f 888/2166/551 884/2167/547 889/2168/552

vt 24.2446 20.8401
vt 25.8641 21.3453
vt 24.3472 20.3081
f 889/2169/552 884/2170/547 878/2171/541

vt 29.8598 17.0329
vt 28.8778 16.0507
vt 28.0934 16.5263
f 884/2172/547 880/2173/543 878/2174/541

vt 28.011 12.0345
vt 27.9345 11.4982
v 63.4753 30.1565 -16.9556
vt 26.5525 11.705
vn 0.451984 0.768574 -0.452774
f 889/2175/552 878/2176/541 890/2177/553

vt 26.2985 14.7255
vt 27.6875 14.5724
vt 25.3278 13.9536
f 890/2178/553 878/2179/541 876/2180/539

vt 24.675 17.7735
vt 23.8408 16.8557
v 63.0306 30.0517 -17.2717
vt 23.5833 17.3828
vn 0.276431 0.922152 -0.270594
f 890/2181/553 876/2182/539 891/2183/554

vt 25.3559 12.1216
vt 25.5052 11.5543
vt 23.3507 11.2454
f 891/2184/554 876/2185/539 873/2186/536

vt 25.7659 11.5035
vt 23.6917 10.8064
v 62.4345 29.966 -18.0791
vt 23.6279 11.3162
vn 0.516736 0.725533 -0.454517
f 891/2187/554 873/2188/536 892/2189/555

vt 23.6623 11.0314
vt 23.7202 10.5209
vt 21.1606 10.6516
f 892/2190/555 873/2191/536 872/2192/535

vt 23.481 10.1653
vt 21.0028 9.65425
v 61.3293 30.0976 -18.8983
vt 20.5347 10.1194
vn 0.321027 0.904018 -0.282299
f 892/2193/555 872/2194/535 893/2195/556

vt 20.5981 12.033
vt 18.7137 11.655
vt 20.0917 12.4561
f 872/2196/535 871/2197/534 893/2198/556

vt 19.8941 12.7557
vt 18.5407 11.9136
v 60.9337 29.9814 -19.3727
vt 18.6123 12.4114
vn 0.447755 0.801581 -0.396211
f 893/2199/556 871/2200/534 894/2201/557

vt 19.455 9.03874
vt 19.2896 8.5638
v 59.6962 29.8977 -21.1449
vt 14.8465 8.83952
vn 0.643644 0.518732 -0.562707
f 894/2202/557 871/2203/534 895/2204/558

vt 19.2449 12.511
vt 14.8395 12.1226
vt 14.7969 12.6913
f 871/2205/534 870/2206/533 895/2207/558

vt 14.9286 11.6657
vt 14.9329 11.0953
vt 11.7682 11.7965
f 895/2208/558 870/2209/533 869/2210/532

v 58.829 30.2991 -21.3403
vt 13.3688 6.36408
vn 0.293702 0.938404 -0.182033
vt 14.9506 5.74014
vt 11.7981 5.99778
f 896/2211/559 895/2212/558 869/2213/532

v 59.357 30.1533 -20.8393
vt 14.9397 4.5481
vn 0.241169 0.959726 -0.144093
vt 14.9324 4.18518
vt 13.3886 4.89817
f 897/2214/560 895/2215/558 896/2216/559

vt 14.7474 7.31623
vt 19.4094 7.24836
vt 14.8058 6.95796
f 897/2217/560 894/2218/557 895/2219/558

v 60.5269 30.1316 -18.9966
vt -19.1954 -1.96491
vn -0.138881 0.973023 0.184225
vt -19.2536 -1.58368
vt -14.5949 -1.3955
f 898/2220/561 894/2221/557 897/2222/560

vt -14.6421 15.2954
vt -15.2804 16.5456
vt -14.3758 15.5743
f 898/2223/561 893/2224/556 894/2225/557

vt -19.5023 5.61164
v 60.6121 30.1536 -18.3276
vt -20.685 5.39248
vn -0.38334 0.828272 0.408675
vt -20.8363 6.04829
f 898/2226/561 899/2227/562 893/2228/556

vt -20.7142 6.46578
vt -19.528 6.66511
v 58.4918 30.1174 -19.9563
vt -15.0432 5.74992
vn -0.44292 0.760107 0.475458
f 899/2229/562 898/2230/561 900/2231/563

vt -14.8031 9.44418
vt -19.3426 10.0294
v 58.6603 30.2811 -20.6414
vt -13.9715 9.95585
vn -0.32514 0.861757 0.389435
f 900/2232/563 898/2233/561 901/2234/564

vt -19.4179 1.92319
vt -14.7886 2.16454
vt -14.0504 1.71331
f 898/2235/561 897/2236/560 901/2237/564

vt -13.2509 1.33906
vt -14.0613 1.64182
vt -12.4947 1.91433
f 901/2238/564 897/2239/560 896/2240/559

vt -13.5736 2.77959
vt -12.784 3.30798
v 57.9352 30.4519 -21.5357
vt -11.0992 3.15311
vn -0.218172 0.92354 0.315398
f 901/2241/564 896/2242/559 902/2243/565

vt -13.2979 0.828509
v 58.5334 30.2572 -22.0324
vt -11.7719 0.918513
vn 0.409231 0.867377 -0.283172
vt -11.668 0.374858
f 896/2244/559 903/2245/566 902/2246/565

vt 13.3797 6.57356
vt 11.8031 6.23354
vt 11.8514 6.60847
f 896/2247/559 869/2248/532 903/2249/566

vt 11.8346 5.47138
vt 11.7469 5.10366
v 58.4285 30.1518 -22.7785
vt 10.4888 5.50822
vn 0.675023 0.490366 -0.551258
f 903/2250/566 869/2251/532 904/2252/567

vt 10.4629 12.8333
vt 11.7678 12.6241
vt 10.5019 12.2494
f 904/2253/567 869/2254/532 867/2255/530

vt 11.7704 12.6775
vt 11.4653 12.2267
vt 10.5038 12.3054
f 869/2256/532 868/2257/531 867/2258/530

vt 10.4943 12.5569
vt 10.5187 11.9722
vt 9.14851 12.2506
f 904/2259/567 867/2260/530 866/2261/529

v 57.6913 30.4606 -23.0366
vt 8.80417 10.5694
vn 0.510323 0.744284 -0.430827
vt 10.3414 10.2485
vt 9.02993 9.81854
f 905/2262/568 904/2263/567 866/2264/529

v 58.0183 30.5357 -22.4101
vt 10.3455 9.22336
vn 0.279882 0.952343 -0.121275
vt 10.4082 8.74423
vt 8.88298 9.11781
f 906/2265/569 904/2266/567 905/2267/568

v 57.9834 30.4807 -22.0908
vt 9.14815 3.42792
vn 0.229941 0.972633 -0.0333501
vt 8.47188 3.28657
vt 8.73118 3.69433
f 907/2268/570 904/2269/567 906/2270/569

vt 10.9781 2.02233
vt 11.7968 1.48881
vt 10.4532 1.57315
f 907/2271/570 903/2272/566 904/2273/567

vt -7.31848 -5.28091
vt -7.75632 -4.9423
vt -6.85673 -4.56066
f 902/2274/565 903/2275/566 907/2276/570

vt -10.4636 0.44221
vt -9.75674 0.924246
v 57.419 30.6011 -21.8363
vt -9.21562 0.643776
vn -0.290073 0.877603 0.381668
f 902/2277/565 907/2278/570 908/2279/571

vt -8.59211 1.33933
vt -9.15838 1.56476
vt -8.78593 1.89052
f 908/2280/571 907/2281/570 906/2282/569

vt -10.106 3.57708
vt -10.1373 4.16052
v 56.8632 30.6787 -22.6911
vt -7.94168 3.8208
vn -0.19923 0.936954 0.287095
f 908/2283/571 906/2284/569 909/2285/572

vt -10.3804 3.62117
vt -8.97542 3.20137
vt -8.52792 2.39458
f 906/2286/569 905/2287/568 909/2288/572

vt -7.32218 -0.68639
vt -8.14612 -0.271322
v 57.1974 30.5734 -23.2662
vt -7.03328 -0.173798
vn 0.442478 0.85407 -0.273454
f 909/2289/572 905/2290/568 910/2291/573

vt 8.6337 7.8993
v 57.5725 30.2054 -23.8176
vt 7.29259 7.4324
vn 0.697289 0.411078 -0.587199
vt 7.51865 7.96705
f 905/2292/568 911/2293/574 910/2294/573

vt 8.94327 9.85758
vt 9.12008 9.09371
vt 7.55251 9.5706
f 905/2295/568 866/2296/529 911/2297/574

vt 8.93254 13.9638
v 57.9556 29.4586 -24.2473
vt 7.33627 13.4955
vn 0.720663 0.0457603 -0.691773
vt 7.32465 14.2791
f 866/2298/529 912/2299/575 911/2300/574

vt 9.02208 14.9511
vt 8.38661 13.6552
vt 7.41235 14.5314
f 866/2301/529 865/2302/528 912/2303/575

vt 7.18007 15.8735
vt 8.20826 15.0613
v 57.7762 28.301 -24.8369
vt 6.18613 14.5911
vn 0.679232 -0.150233 -0.718383
f 912/2304/575 865/2305/528 913/2306/576

vt 6.23183 15.0379
vt 8.259 15.4859
vt 7.78298 13.9277
f 913/2307/576 865/2308/528 864/2309/527

vt 6.10572 15.4413
vt 7.67971 14.3638
v 58.2621 26.1032 -24.8938
vt 7.09564 13.2139
vn 0.675875 -0.254299 -0.691755
f 913/2310/576 864/2311/527 914/2312/577

vt 7.23904 13.1319
vt 7.87062 14.2565
vt 11.0625 11.8076
f 914/2313/577 864/2314/527 863/2315/526

vt 7.24026 13.2492
vt 11.067 11.9345
v 58.5669 22.8093 -23.3466
vt 10.4719 9.54225
vn 0.678529 -0.305884 -0.667857
f 914/2316/577 863/2317/526 915/2318/578

vt 10.4703 9.53911
vt 11.0665 11.9311
vt 14.6589 12.3344
f 915/2319/578 863/2320/526 862/2321/525

vt 10.4727 9.5272
vt 14.6551 12.3317
v 60.211 23.8601 -21.9759
vt 14.9496 10.8413
vn 0.684193 -0.284246 -0.671629
f 915/2322/578 862/2323/525 916/2324/579

vt 14.9508 10.8268
vt 14.6576 12.3175
vt 20.296 12.7213
f 916/2325/579 862/2326/525 849/2327/512

vt 14.6554 12.1638
vt 16.7179 14.431
vt 20.2934 12.5743
f 862/2328/525 853/2329/516 849/2330/512

vt 20.6453 9.80674
vt 14.951 10.8331
vt 20.297 12.7253
f 848/2331/511 916/2332/579 849/2333/512

v 59.626 22.0742 -21.8097
vt 14.5341 8.784
vn 0.671388 -0.334832 -0.661155
vt 14.9501 10.8735
vt 20.645 9.85051
f 917/2334/580 916/2335/579 848/2336/511

vt 10.4717 9.5598
vt 14.9504 10.868
vt 14.5335 8.77868
f 915/2337/578 916/2338/579 917/2339/580

vt 14.5346 8.78061
vt 10.3254 7.22308
vt 10.4728 9.56197
f 917/2340/580 726/2341/389 915/2342/578

vt 14.533 8.77956
vt 13.4309 6.34103
vt 10.3247 7.21955
f 917/2343/580 727/2344/390 726/2345/389

vt 17.9574 7.19556
vt 13.4293 6.32887
vt 14.5344 8.76606
f 730/2346/393 727/2347/390 917/2348/580

vt 20.6453 9.84545
vt 17.9581 7.20916
vt 14.5346 8.77843
f 848/2349/511 730/2350/393 917/2351/580

vt 26.8803 8.76821
vt 17.9569 7.20677
vt 20.645 9.84214
f 732/2352/395 730/2353/393 848/2354/511

vt 10.4716 9.55548
vt 10.3226 7.21668
v 57.4945 22.669 -24.2385
vt 7.49391 9.27585
vn 0.66623 -0.315155 -0.67588
f 915/2355/578 726/2356/389 918/2357/581

vt 7.49567 9.28388
vt 10.325 7.22549
v 56.5658 20.3811 -24.0117
vt 6.71712 6.55173
vn 0.636097 -0.369214 -0.677541
f 918/2358/581 726/2359/389 919/2360/582

vt 6.71766 6.54289
vt 10.3254 7.21742
vt 7.23563 5.22897
f 919/2361/582 726/2362/389 723/2363/386

vt 6.37964 6.1162
vt 6.85316 4.78561
vt 4.86951 2.67687
f 919/2364/582 723/2365/386 719/2366/382

vt 5.1936 2.64533
v 56.1525 21.0409 -24.5329
vt 5.11197 6.82287
vn 0.620145 -0.365332 -0.694228
vt 6.61024 6.12421
f 719/2367/382 920/2368/583 919/2369/582

v 53.8499 19.5253 -23.8791
vt 2.68716 4.31526
vn 0.595285 -0.380441 -0.707744
vt 5.08194 6.79114
vt 5.13852 2.61318
f 921/2370/584 920/2371/583 719/2372/382

vt 2.53772 4.48755
v 55.0146 20.926 -24.4651
vt 3.31045 6.45032
vn 0.566621 -0.379576 -0.731343
vt 4.96928 6.92732
f 921/2373/584 922/2374/585 920/2375/583

vt 2.22193 4.60566
v 54.0294 20.9404 -24.2497
vt 1.77226 6.23245
vn 0.557346 -0.338818 -0.758003
vt 3.0283 6.55485
f 921/2376/584 923/2377/586 922/2378/585

v 53.5699 20.2145 -24.0684
vt 1.73293 5.41562
vn 0.578897 -0.30836 -0.754846
vt 2.07833 6.3549
vt 2.54392 4.7326
f 924/2379/587 923/2380/586 921/2381/584

v 53.4507 21.5948 -24.1252
vt 0.679862 7.04172
vn 0.467522 -0.246253 -0.848989
vt 1.54826 6.54908
vt 1.20368 5.6095
f 925/2382/588 923/2383/586 924/2384/587

v 54.6316 22.4762 -24.7294
vt 1.45113 8.14599
vn 0.540321 -0.293856 -0.788481
vt 1.38163 6.24503
vt 0.513649 6.7384
f 926/2385/589 923/2386/586 925/2387/588

vt 1.76832 6.25117
vt 1.81341 8.15287
vt 3.02441 6.57339
f 923/2388/586 926/2389/589 922/2390/585

vt 2.96321 6.50652
vt 1.75618 8.08903
v 55.5678 21.7062 -24.7939
vt 3.26535 7.56589
vn 0.612102 -0.299019 -0.732064
f 922/2391/585 926/2392/589 927/2393/590

vt 1.8889 8.47944
v 55.3505 23.2112 -24.8569
vt 2.70598 9.49725
vn 0.586695 -0.302217 -0.751301
vt 3.39822 7.95673
f 926/2394/589 928/2395/591 927/2396/590

v 54.5249 23.4825 -24.6794
vt 1.40798 9.59772
vn 0.527746 -0.281379 -0.801443
vt 2.51463 9.59329
vt 1.70903 8.56636
f 929/2397/592 928/2398/591 926/2399/589

vt 1.40496 8.82633
v 55.5716 23.9757 -25.1558
vt 2.34619 9.76884
vn 0.555403 -0.355921 -0.751564
vt 2.51161 8.8219
f 929/2400/592 930/2401/593 928/2402/591

v 53.9909 23.6892 -24.4498
vt 0.27579 9.48293
vn 0.411137 -0.289507 -0.86438
vt 1.83027 10.4007
vt 0.876406 9.47096
f 931/2403/594 930/2404/593 929/2405/592

v 55.1173 24.6233 -25.1125
vt 1.33775 10.4079
vn 0.522433 -0.305941 -0.795905
vt 2.10519 9.86409
vt 0.555196 8.93879
f 932/2406/595 930/2407/593 931/2408/594

v 55.9871 24.6144 -25.3252
vt 2.66525 11.158
vn 0.599979 -0.256893 -0.757648
vt 2.35488 10.3268
vt 1.58391 10.8657
f 933/2409/596 930/2410/593 932/2411/595

v 56.8099 24.392 -25.2474
vt 4.45901 11.0101
vn 0.631096 -0.302599 -0.714249
vt 2.72634 10.1848
vt 3.0341 11.017
f 934/2412/597 930/2413/593 933/2414/596

vt 4.48124 10.9448
v 56.1312 22.9468 -24.7951
vt 4.29002 9.12096
vn 0.618216 -0.326085 -0.715177
vt 2.7494 10.1178
f 934/2415/597 935/2416/598 930/2417/593

v 56.8514 22.7964 -24.5711
vt 5.87168 9.14176
vn 0.646442 -0.308375 -0.697867
vt 4.40875 9.1336
vt 4.58683 10.9588
f 936/2418/599 935/2419/598 934/2420/597

vt 3.71879 7.8879
vt 4.40745 9.36771
vt 5.87038 9.37587
f 927/2421/590 935/2422/598 936/2423/599

vt 3.5808 7.95137
vt 2.90754 9.50028
vt 4.25181 9.43928
f 927/2424/590 928/2425/591 935/2426/598

vt 4.2299 8.95744
vt 2.88564 9.01843
vt 2.69319 9.96025
f 935/2427/598 928/2428/591 930/2429/593

vt 3.72199 7.88521
vt 5.87394 9.37264
vt 5.1042 7.30088
f 927/2430/590 936/2431/599 920/2432/583

vt 5.16124 7.26826
vt 5.94068 9.33639
vt 7.44252 9.32323
f 920/2433/583 936/2434/599 918/2435/581

vt 7.44186 9.2658
vt 5.94002 9.27894
v 57.8074 25.0478 -24.9561
vt 6.52583 12.014
vn 0.656798 -0.260336 -0.707702
f 918/2436/581 936/2437/599 937/2438/600

vt 6.54843 12.0119
vt 5.9645 9.27642
vt 4.66967 11.0863
f 937/2439/600 936/2440/599 934/2441/597

vt 6.41996 12.059
vt 4.55238 11.111
v 56.3303 26.3925 -25.2502
vt 3.50218 13.125
vn 0.641348 -0.212328 -0.737285
f 937/2442/600 934/2443/597 938/2444/601

vt 3.38401 13.2004
vt 4.4608 11.2005
vt 3.03589 11.2075
f 938/2445/601 934/2446/597 933/2447/596

vt 3.1759 13.2559
vt 2.86629 11.2567
v 55.2819 26.1754 -25.1981
vt 1.65506 12.6948
vn 0.588971 -0.256426 -0.766393
f 938/2448/601 933/2449/596 939/2450/602

vt 2.62142 11.2725
vt 1.54044 10.9788
vt 1.38422 12.6883
f 933/2451/596 932/2452/595 939/2453/602

v 54.6574 25.8961 -24.9744
vt 0.499267 12.1607
vn 0.455502 -0.324016 -0.829176
vt 1.13442 12.6883
vt 1.3072 10.9804
f 940/2454/603 939/2455/602 932/2456/595

vt 0.677278 11.9897
v 55.4493 27.3087 -25.3797
vt 1.13324 13.7965
vn 0.588279 -0.295859 -0.752592
vt 1.31409 12.5154
f 940/2457/603 941/2458/604 939/2459/602

v 54.8268 28.6111 -25.361
vt -0.0112619 14.9695
vn 0.371844 -0.379518 -0.847171
vt 1.17479 13.7858
vt 0.719013 11.979
f 942/2460/605 941/2461/604 940/2462/603

v 55.5132 29.1396 -25.5924
vt 0.721525 15.8356
vn 0.620844 -0.276499 -0.733554
vt 1.2344 13.8435
vt 0.0484978 15.0274
f 943/2463/606 941/2464/604 942/2465/605

v 56.4133 28.8129 -25.4157
vt 2.97701 15.7976
vn 0.646423 -0.244386 -0.722782
vt 1.76438 13.9142
vt 1.27643 15.9125
f 944/2466/607 941/2467/604 943/2468/606

vt 3.08745 15.7514
vt 2.03958 12.5899
vt 1.8682 13.8723
f 944/2469/607 939/2470/602 941/2471/604

vt 3.25948 13.2161
vt 1.73546 12.6637
vt 2.74742 15.8368
f 938/2472/601 939/2473/602 944/2474/607

vt 6.17305 15.5238
vt 3.5995 13.1511
vt 3.14464 15.7824
f 913/2475/576 938/2476/601 944/2477/607

vt 6.41154 12.0836
vt 3.49248 13.1461
vt 6.03894 15.5478
f 937/2478/600 938/2479/601 913/2480/576

vt 5.82118 15.6585
vt 6.86985 13.4581
vt 6.25458 12.2014
f 913/2481/576 914/2482/577 937/2483/600

vt 6.58017 12.027
vt 7.2404 13.2607
vt 7.49486 9.2783
f 937/2484/600 914/2485/577 918/2486/581

vt 7.23389 13.2696
vt 10.4706 9.56707
vt 7.49294 9.28749
f 914/2487/577 915/2488/578 918/2489/581

v 56.6133 29.9417 -25.3312
vt 3.43001 16.9951
vn 0.695507 -0.122786 -0.707951
vt 6.18107 15.4825
vt 3.15285 15.7433
f 945/2490/608 913/2491/576 944/2492/607

vt 3.6477 16.2599
v 57.2868 29.7185 -24.7606
vt 5.56952 16.0929
vn 0.722071 -0.0375639 -0.690798
vt 6.34539 14.654
f 945/2493/608 946/2494/609 913/2495/576

vt 3.64916 16.2098
v 56.6133 30.5532 -25.0794
vt 3.97134 16.8513
vn 0.725882 0.0399965 -0.686655
vt 5.57092 16.0422
f 945/2496/608 947/2497/610 946/2498/609

v 55.9186 31.0231 -25.337
vt 2.30774 17.1717
vn 0.724371 0.224705 -0.651763
vt 3.81888 16.7942
vt 3.51669 16.143
f 948/2499/611 947/2500/610 945/2501/608

v 56.4997 30.9348 -24.7473
vt 4.33444 14.4311
vn 0.686756 0.411308 -0.599326
vt 4.02323 14.0239
vt 2.53727 14.4908
f 949/2502/612 947/2503/610 948/2504/611

v 56.9737 30.7253 -24.2888
vt 5.87712 14.3797
vn 0.72983 0.274299 -0.626185
vt 4.11198 14.2166
vt 4.43799 14.6121
f 950/2505/613 947/2506/610 949/2507/612

vt 5.90226 15.6997
vt 5.69562 14.6707
vt 4.13562 15.5537
f 950/2508/613 946/2509/609 947/2510/610

vt 7.41666 14.6182
vt 5.58836 14.8362
vt 5.74527 15.874
f 912/2511/575 946/2512/609 950/2513/613

vt 5.55017 16.1489
vt 7.38089 15.9521
vt 6.33273 14.7136
f 946/2514/609 912/2515/575 913/2516/576

vt 7.62704 13.3516
vt 7.53317 12.5735
vt 5.9831 13.9763
f 911/2517/574 912/2518/575 950/2519/613

v 56.7835 30.9437 -23.8486
vt 6.55075 8.35033
vn 0.26338 0.963468 -0.0485778
vt 7.54479 7.22376
vt 6.07047 8.18251
f 951/2520/614 911/2521/574 950/2522/613

vt 7.8841 6.59484
vt 7.42099 6.24487
vt 6.5049 7.43569
f 910/2523/573 911/2524/574 951/2525/614

vt 1.87394 -3.92211
vt 1.48931 -3.47684
vt 1.66108 -1.87069
f 909/2526/572 910/2527/573 951/2528/614

v 56.0177 30.9073 -23.2617
vt -5.40362 6.78789
vn -0.456565 0.719753 0.522977
vt -7.5824 6.59627
vt -5.71223 7.4658
f 952/2529/615 909/2530/572 951/2531/614

v 55.8715 30.4511 -22.1896
vt -6.95746 9.99522
vn -0.536639 0.643417 0.545924
vt -7.6978 10.8264
vt -5.51527 10.9691
f 953/2532/616 909/2533/572 952/2534/615

vt -7.70947 9.40822
v 56.6906 30.6036 -21.9291
vt -9.29288 9.91835
vn -0.478012 0.711383 0.515207
vt -8.31718 10.3408
f 953/2535/616 954/2536/617 909/2537/572

v 55.5062 30.0484 -21.2488
vt -8.42569 11.0641
vn -0.580818 0.563744 0.587233
vt -9.06117 12.3601
vt -7.45143 11.9403
f 955/2538/618 954/2539/617 953/2540/616

v 56.1508 29.9668 -20.8351
vt -9.7282 11.1441
vn -0.553701 0.580484 0.597037
vt -8.79654 12.3902
vt -8.10714 11.1221
f 956/2541/619 954/2542/617 955/2543/618

vt -9.78783 11.32
v 57.0419 30.4254 -21.3912
vt -10.2265 12.3301
vn -0.474011 0.699393 0.534942
vt -8.84724 12.5594
f 956/2544/619 957/2545/620 954/2546/617

vt -9.77686 11.3183
v 57.3577 30.3449 -21.082
vt -11.1794 12.2626
vn -0.480325 0.698661 0.530246
vt -10.2169 12.3279
f 956/2547/619 958/2548/621 957/2549/620

v 56.8012 30.013 -20.6346
vt -11.0736 11.5288
vn -0.560196 0.575207 0.596086
vt -11.1883 12.2409
vt -9.78689 11.2949
f 959/2550/622 958/2551/621 956/2552/619

v 57.7793 30.0619 -20.1606
vt -13.3698 11.9159
vn -0.521582 0.648231 0.554751
vt -11.2762 12.3448
vt -11.1704 11.6312
f 960/2553/623 958/2554/621 959/2555/622

vt -13.185 9.38721
vt -13.7647 10.1745
vt -11.1038 9.87297
f 960/2556/623 901/2557/564 958/2558/621

vt -13.4754 9.52701
vt -14.8511 9.83965
vt -14.0144 10.3427
f 960/2559/623 900/2560/563 901/2561/564

v 59.4391 29.7711 -18.1446
vt -19.0679 9.86984
vn -0.547245 0.621318 0.560791
vt -14.793 10.473
vt -13.4136 10.1768
f 961/2562/624 900/2563/563 960/2564/623

vt -19.1356 11.4757
vt -20.5566 12.4229
vt -14.8541 12.0306
f 961/2565/624 899/2566/562 900/2567/563

v 60.1709 29.879 -17.5456
vt -21.3156 11.5852
vn -0.549302 0.621269 0.558832
vt -20.6932 12.3218
vt -19.3063 11.3254
f 962/2568/625 899/2569/562 961/2570/624

vt -21.2492 11.0059
v 61.547 30.1371 -17.1863
vt -23.8197 11.7806
vn -0.469506 0.7442 0.475111
vt -20.6395 11.753
f 962/2571/625 963/2572/626 899/2573/562

v 60.9234 29.7635 -16.6144
vt -23.7301 11.6451
vn -0.593971 0.570492 0.567218
vt -23.7265 12.4771
vt -21.1404 11.756
f 964/2574/627 963/2575/626 962/2576/625

v 60.9269 29.7884 -16.1834
vt -24.6109 14.6448
vn -0.588612 0.586209 0.556682
vt -23.8022 15.544
vt -23.9085 14.7189
f 965/2577/628 963/2578/626 964/2579/627

vt -24.5639 10.9837
v 61.9946 30.1307 -16.5254
vt -25.5557 11.9464
vn -0.358636 0.852803 0.379616
vt -23.8525 11.9616
f 965/2580/628 966/2581/629 963/2582/626

v 61.6918 29.852 -15.509
vt -26.734 11.1484
vn -0.510456 0.640669 0.573565
vt -25.5451 11.9113
vt -24.55 10.9521
f 967/2583/630 966/2584/629 965/2585/628

vt -26.5642 9.42867
v 62.9729 30.2856 -16.6046
vt -26.7251 10.8668
vn -0.2477 0.939196 0.237812
vt -25.4026 10.2326
f 967/2586/630 968/2587/631 966/2588/629

vt -26.8449 11.7568
v 63.2824 30.3428 -15.8935
vt -28.4534 13.2087
vn -0.434813 0.789541 0.433086
vt -26.8756 13.2036
f 967/2589/630 969/2590/632 968/2591/631

v 62.3602 29.9655 -15.304
vt -27.968 11.4278
vn -0.54956 0.603548 0.577679
vt -28.3691 12.424
vt -26.6671 11.0829
f 970/2592/633 969/2593/632 967/2594/630

vt -28.0302 11.7504
v 63.0953 30.1546 -15.2414
vt -29.1907 12.2603
vn -0.553398 0.610074 0.567064
vt -28.4164 12.7524
f 970/2595/633 971/2596/634 969/2597/632

vt -27.5067 13.2769
v 62.2043 29.2046 -14.4228
vt -28.7041 12.1692
vn -0.59821 0.476932 0.643957
vt -28.6978 13.7105
f 970/2598/633 972/2599/635 971/2600/634

vt -27.6333 13.7594
vt -26.3196 13.467
vt -28.8397 12.6615
f 970/2601/633 967/2602/630 972/2603/635

vt -26.37 13.8488
v 60.6379 27.9996 -13.8726
vt -27.514 11.1042
vn -0.583384 0.461843 0.668106
vt -28.8927 13.0514
f 967/2604/630 973/2605/636 972/2606/635

v 61.1084 29.2433 -14.7881
vt -13.0187 1.87727
vn -0.544079 0.545929 0.637134
vt -13.2604 0.00514087
vt -13.184 2.97767
f 974/2607/637 973/2608/636 967/2609/630

v 60.3955 28.8644 -15.0096
vt -25.511 13.4344
vn -0.643105 0.45327 0.617221
vt -27.7416 12.3325
vt -26.8798 14.0119
f 975/2610/638 973/2611/636 974/2612/637

vt -25.5434 13.5816
v 59.9974 27.9109 -14.3777
vt -26.0411 12.3016
vn -0.65828 0.386801 0.645796
vt -27.7757 12.4831
f 975/2613/638 976/2614/639 973/2615/636

vt -25.8466 14.2779
v 59.5609 27.687 -14.9534
vt -24.8386 12.7589
vn -0.65899 0.411718 0.62946
vt -26.3677 13.0073
f 975/2616/638 977/2617/640 976/2618/639

v 60.155 28.8245 -15.6726
vt -24.4894 14.3855
vn -0.640729 0.470646 0.606597
vt -24.8957 12.8343
vt -25.8931 14.3602
f 978/2619/641 977/2620/640 975/2621/638

vt -24.204 13.5934
v 58.1683 27.5829 -16.2616
vt -20.4612 11.7768
vn -0.643799 0.417676 0.641147
vt -24.5699 12.0322
f 978/2622/641 979/2623/642 977/2624/640

v 59.2464 28.9826 -16.7713
vt -21.1065 13.7417
vn -0.611402 0.498092 0.614892
vt -20.4521 11.7974
vt -24.1957 13.6123
f 980/2625/643 979/2626/642 978/2627/641

vt -21.116 13.7474
v 57.7438 28.8274 -18.1397
vt -16.7548 13.4164
vn -0.612044 0.488265 0.622093
vt -20.4626 11.8028
f 980/2628/643 981/2629/644 979/2630/642

vt -19.2103 13.7263
vt -16.8076 12.1075
vt -21.1674 12.4571
vt -21.2241 13.9489
f 961/2631/624 981/2632/644 980/2633/643 962/2634/625 

vt -16.7213 12.2513
vt -19.1375 13.85
vt -13.4804 14.1009
f 981/2635/644 961/2636/624 960/2637/623

vt -16.5112 11.2083
vt -13.3052 13.1178
vt -11.1037 12.8506
f 981/2638/644 960/2639/623 959/2640/622

vt -11.1674 13.413
v 56.1147 29.4353 -20.2043
vt -10.8681 12.4401
vn -0.597115 0.495949 0.630467
vt -16.5854 11.8052
f 959/2641/622 982/2642/645 981/2643/644

vt -10.6014 12.38
vt -10.9215 13.3463
vt -9.63132 13.1325
f 982/2644/645 959/2645/622 956/2646/619

vt -10.6674 12.595
vt -9.69371 13.3428
v 55.3237 29.3625 -20.4816
vt -9.05087 12.3254
vn -0.60304 0.480804 0.63653
f 982/2647/645 956/2648/619 983/2649/646

vt -9.71541 13.3313
vt -8.09433 13.3114
vt -9.07429 12.3128
f 956/2650/619 955/2651/618 983/2652/646

vt -9.31197 12.9188
vt -8.31525 13.9006
v 54.509 29.0438 -20.7073
vt -7.77602 12.3631
vn -0.634337 0.448975 0.629315
f 983/2653/646 955/2654/618 984/2655/647

vt -8.75903 13.9174
v 54.8255 29.706 -21.9236
vt -6.73187 13.4694
vn -0.647162 0.481355 0.591167
vt -8.28301 12.3592
f 955/2656/618 985/2657/648 984/2658/647

vt -8.83762 13.0161
vt -7.80944 13.8283
vt -6.81549 12.5458
f 955/2659/618 953/2660/616 985/2661/648

vt -7.52166 14.2203
v 55.4623 30.5873 -22.9592
vt -5.69095 14.4171
vn -0.579874 0.562699 0.589165
vt -6.4735 12.9817
f 953/2662/616 986/2663/649 985/2664/648

vt -5.63952 13.0264
vt -7.46878 12.8165
vt -5.95515 13.6751
f 986/2665/649 953/2666/616 952/2667/615

vt -5.4685 13.1377
vt -5.80027 13.7783
v 55.4758 31.0948 -23.9563
vt -3.88857 13.9845
vn -0.538831 0.630753 0.558401
f 986/2668/649 952/2669/615 987/2670/650

vt -5.71551 11.3591
v 56.1006 31.1476 -23.9198
vt -4.80395 11.8936
vn -0.323256 0.851547 0.412763
vt -3.80705 11.5934
f 952/2671/615 988/2672/651 987/2673/650

vt -4.7887 6.93866
vt -5.17579 7.57502
vt -3.98113 7.62019
f 952/2674/615 951/2675/614 988/2676/651

vt -3.91487 4.23207
vt -5.10878 4.17014
v 56.4403 31.1138 -24.2027
vt -4.06835 4.51117
vn 0.359064 0.909762 -0.208343
f 988/2677/651 951/2678/614 989/2679/652

vt 5.52897 7.53927
vt 6.55118 7.14701
vt 6.08899 6.93439
f 989/2680/652 951/2681/614 950/2682/613

vt 6.06029 7.84193
vt 4.6659 8.26716
vt 5.45946 8.4063
f 950/2683/613 949/2684/612 989/2685/652

vt 5.37694 6.91743
vt 4.59306 6.73136
v 55.811 31.2601 -24.9019
vt 3.36013 7.28452
vn 0.239514 0.964519 -0.111066
f 989/2686/652 949/2687/612 990/2688/653

vt 3.1015 9.64825
vt 4.39138 9.24534
vt 2.59619 9.34861
f 990/2689/653 949/2690/612 948/2691/611

vt 3.45082 11.842
vt 2.90507 11.6245
v 55.5599 31.3812 -25.2908
vt 2.47245 12.0715
vn 0.309569 0.942501 -0.125933
f 990/2692/653 948/2693/611 991/2694/654

vt 2.44262 12.2303
vt 2.88104 11.789
v 55.3325 31.382 -25.9437
vt 1.0734 12.3475
vn 0.713685 0.00130011 -0.700466
f 991/2695/654 948/2696/611 992/2697/655

vt 0.825399 16.1979
vt 2.67455 15.7977
vt 3.78911 14.6673
f 992/2698/655 948/2699/611 945/2700/608

vt 0.302014 18.3064
vt 3.38575 17.0349
vt 1.4178 15.9137
f 992/2701/655 945/2702/608 943/2703/606

vt 1.29363 15.8895
vt 3.25127 17.0287
vt 2.99408 15.7726
f 943/2704/606 945/2705/608 944/2706/607

vt 1.29918 15.9008
v 55.0627 30.4568 -25.8582
vt 0.0171793 17.2133
vn 0.459935 -0.367602 -0.808287
vt 0.171807 18.2881
f 943/2707/606 993/2708/656 992/2709/655

vt 0.980193 15.5806
vt 0.309842 14.7702
vt -0.301105 16.8938
f 943/2710/606 942/2711/605 993/2712/656

v 54.5968 29.7293 -25.4012
vt -1.61648 15.3065
vn -0.790967 -0.412269 -0.452113
vt -1.46065 16.3313
vt -1.05035 14.16
f 994/2713/657 993/2714/656 942/2715/605

v 54.7646 30.5374 -25.6889
vt -1.54096 16.1566
vn -0.717408 -0.309064 -0.624343
vt -1.24655 16.1963
vt -1.3721 15.1674
f 995/2716/658 993/2717/656 994/2718/657

v 54.8817 31.3996 -25.8078
vt -1.71851 17.9731
vn -0.861382 0.361667 0.356676
vt -1.29519 17.0436
vt -1.58975 17.0051
f 996/2719/659 993/2720/656 995/2721/658

vt -1.90711 16.4758
vt -2.2771 17.4278
v 55.0304 31.6509 -25.9684
vt -2.20992 17.7784
vn 0.422488 0.00104915 -0.906368
f 993/2722/656 996/2723/659 997/2724/660

vt -0.398517 17.0373
v 55.1018 31.695 -25.9068
vt -0.531955 17.4446
vn -0.179039 0.964822 0.192518
vt -0.334322 17.3884
f 996/2725/659 998/2726/661 997/2727/660

v 54.9418 31.568 -25.558
vt -1.47024 16.7291
vn -0.575465 0.59618 0.55983
vt -1.10097 16.9947
vt -0.995544 16.5792
f 999/2728/662 998/2729/661 996/2730/659

vt -0.0253638 10.5304
v 55.3271 31.505 -25.5738
vt -0.61211 10.6048
vn 0.331575 0.936146 -0.116997
vt 0.237813 10.9014
f 999/2731/662 1000/2732/663 998/2733/661

vt -0.0964984 8.55087
vt -1.46728 8.43244
vt -0.681543 8.63767
f 999/2734/662 991/2735/654 1000/2736/663

v 55.3844 31.2775 -24.8096
vt -1.89323 7.74425
vn -0.430112 0.761384 0.485075
vt -1.46153 8.19906
vt -0.0909605 8.31987
f 1001/2737/664 991/2738/654 999/2739/662

vt -2.64345 8.81144
vt -1.66279 9.03098
vt -2.12153 8.60348
f 990/2740/653 991/2741/654 1001/2742/664

vt -4.83185 6.73763
vt -2.87147 7.19409
vt -2.3657 6.94948
f 988/2743/651 990/2744/653 1001/2745/664

vt -4.61577 4.33413
vt -4.71886 4.63551
vt -2.68759 4.9117
f 988/2746/651 989/2747/652 990/2748/653

vt -3.92698 10.4048
vt -4.91573 10.7309
vt -2.44531 10.8852
f 987/2749/650 988/2750/651 1001/2751/664

vt -4.25489 14.8562
vt -2.74375 15.2338
v 54.9854 30.7168 -23.724
vt -3.9527 14.205
vn -0.624442 0.505733 0.595236
f 987/2752/650 1001/2753/664 1002/2754/665

vt -2.28842 13.1868
vt -0.439277 13.587
vt -3.40299 12.0564
f 1001/2755/664 999/2756/662 1002/2757/665

vt -4.12789 16.592
vt -1.04415 17.8635
v 54.3035 29.7157 -24.398
vt -2.15993 15.4708
vn -0.719176 0.363998 0.591854
f 1002/2758/665 999/2759/662 1003/2760/666

v 54.5936 30.6801 -25.3951
vt -1.02763 16.8997
vn -0.809924 0.270331 0.520523
vt -2.30963 15.5872
vt -1.18226 17.9745
f 1004/2761/667 1003/2762/666 999/2763/662

v 54.1901 28.9106 -24.6918
vt -2.02571 15.0769
vn -0.871599 0.228068 0.433935
vt -2.61908 15.8988
vt -1.33641 17.2106
f 1005/2764/668 1003/2765/666 1004/2766/667

v 53.6964 28.1434 -23.649
vt -3.36072 13.7605
vn -0.755336 0.335331 0.563045
vt -2.84841 15.7527
vt -2.25317 14.9322
f 1006/2767/669 1003/2768/666 1005/2769/668

vt -2.82478 13.5466
v 54.403 29.7702 -23.4309
vt -4.03741 15.43
vn -0.694839 0.394282 0.601448
vt -2.33683 15.5449
f 1006/2770/669 1007/2771/670 1003/2772/666

v 53.3537 27.0936 -23.2944
vt -2.84576 12.3827
vn -0.750219 0.377376 0.542916
vt -3.89364 15.5442
vt -2.67439 13.6651
f 1008/2773/671 1007/2774/670 1006/2775/669

vt -3.25915 12.2375
v 53.4969 27.7417 -22.4527
vt -4.78318 12.7899
vn -0.694445 0.423736 0.581545
vt -4.27112 15.4106
f 1008/2776/671 1009/2777/672 1007/2778/670

v 52.6289 26.2134 -22.0096
vt -4.55826 10.3897
vn -0.735774 0.379152 0.561142
vt -4.86787 12.3889
vt -3.34703 11.8278
f 1010/2779/673 1009/2780/672 1008/2781/671

v 52.6778 26.3596 -21.1678
vt -5.70859 10.3756
vn -0.713772 0.337785 0.61354
vt -4.6318 12.3755
vt -4.28367 10.3826
f 1011/2782/674 1009/2783/672 1010/2784/673

vt -5.50141 10.1196
v 53.3141 27.1874 -20.5198
vt -7.36899 11.0676
vn -0.687264 0.379665 0.619292
vt -4.45121 12.1336
f 1011/2785/674 1012/2786/675 1009/2787/672

v 52.598 24.8217 -20.3717
vt -6.34845 9.39662
vn -0.700172 0.332841 0.631646
vt -6.93237 12.1321
vt -5.05362 11.2065
f 1013/2788/676 1012/2789/675 1011/2790/674

vt -6.46424 9.36885
v 52.9 24.8567 -19.7024
vt -7.96608 9.35571
vn -0.681573 0.326627 0.654808
vt -7.05004 12.1039
f 1013/2791/676 1014/2792/677 1012/2793/675

vt -6.46151 9.03953
v 51.8089 23.1092 -20.2444
vt -5.68207 6.97139
vn -0.723953 0.274686 0.632802
vt -7.96335 9.02637
f 1013/2794/676 1015/2795/678 1014/2796/677

vt -6.68021 8.97268
v 51.8091 23.496 -21.0829
vt -4.52825 7.48525
vn -0.729941 0.34002 0.592936
vt -5.91046 6.90092
f 1013/2797/676 1016/2798/679 1015/2799/678

v 52.3962 24.7252 -21.1075
vt -5.22661 8.94946
vn -0.725942 0.313962 0.611912
vt -4.53795 7.46964
vt -6.68953 8.95761
f 1017/2800/680 1016/2801/679 1013/2802/676

v 52.3837 24.6239 -21.9278
vt -4.19665 8.88208
vn -0.751703 0.334717 0.56825
vt -4.86991 7.33318
vt -5.54091 8.82108
f 1018/2803/681 1016/2804/679 1017/2805/680

vt -4.46535 9.10287
v 52.1143 23.6749 -22.2441
vt -3.64826 8.08507
vn -0.792638 0.331009 0.512013
vt -5.15758 7.56236
f 1018/2806/681 1019/2807/682 1016/2808/679

vt -4.6562 8.92106
v 52.6374 24.4088 -22.9022
vt -3.38806 8.97313
vn -0.819954 0.294956 0.490588
vt -3.85115 7.89371
f 1018/2809/681 1020/2810/683 1019/2811/682

v 52.4666 25.4542 -22.0902
vt -4.51873 10.4675
vn -0.769338 0.270625 0.578689
vt -3.41343 9.57224
vt -4.68156 9.52007
f 1021/2812/684 1020/2813/683 1018/2814/681

vt -4.63382 10.3966
v 52.7439 25.7534 -22.7694
vt -3.86454 10.9379
vn -0.799454 0.332559 0.500277
vt -3.52084 9.51094
f 1021/2815/684 1022/2816/685 1020/2817/683

vt -4.47884 10.2359
vt -4.78921 11.0671
vt -3.70787 10.7748
f 1021/2818/684 1010/2819/673 1022/2820/685

vt -3.97934 10.4228
vt -5.71201 11.2481
vt -4.28709 11.2549
f 1021/2821/684 1011/2822/674 1010/2823/673

vt -5.47676 9.49843
vt -5.66798 11.3223
vt -3.93614 10.4952
f 1017/2824/680 1011/2825/674 1021/2826/684

vt -5.22322 9.55566
vt -6.68615 9.56382
vt -5.40131 11.3808
f 1017/2827/680 1013/2828/676 1011/2829/674

vt -4.23062 9.63149
vt -5.57488 9.5705
vt -4.03816 10.5733
f 1018/2830/681 1017/2831/680 1021/2832/684

vt -3.74876 10.5804
vt -4.82974 10.8741
vt -3.59253 12.2899
f 1022/2833/685 1010/2834/673 1008/2835/671

vt -3.84313 12.389
v 53.5485 26.3911 -24.0401
vt -2.86409 11.8602
vn -0.921829 0.232195 0.310351
vt -4.02504 10.682
f 1008/2836/671 1023/2837/686 1022/2838/685

vt -3.59776 13.8245
vt -2.79762 12.0161
vt -3.77754 12.5432
f 1006/2839/669 1023/2840/686 1008/2841/671

vt -3.48933 13.8665
vt -2.38287 15.0392
vt -2.69328 12.0564
f 1006/2842/669 1005/2843/668 1023/2844/686

vt -2.923 14.9056
v 54.2164 27.5934 -24.8158
vt -2.60062 13.5452
vn -0.849609 -0.070315 -0.522704
vt -3.09629 11.9117
f 1005/2845/668 1024/2846/687 1023/2847/686

vt -2.92303 14.9063
v 54.4479 28.5944 -25.0417
vt -2.56134 14.7215
vn -0.854293 -0.259471 -0.450399
vt -2.59919 13.5462
f 1005/2848/668 1025/2849/688 1024/2850/687

vt -2.90653 14.385
vt -2.33225 15.5695
vt -2.54902 14.1923
f 1005/2851/668 994/2852/657 1025/2853/688

vt -2.2568 17.0061
vt -2.16443 15.9847
vt -2.79529 14.8294
f 1004/2854/667 994/2855/657 1005/2856/668

vt -2.27474 17.0024
vt -1.97136 16.963
vt -2.17945 15.9813
f 1004/2857/667 995/2858/658 994/2859/657

vt -2.28651 17.1177
vt -1.97703 18.0554
vt -1.98307 17.0788
f 1004/2860/667 996/2861/659 995/2862/658

vt -0.839973 17.8063
vt -1.1666 16.8745
vt -1.31661 17.9499
f 996/2863/659 1004/2864/667 999/2865/662

vt -1.93353 14.8939
vt -1.42668 13.7199
vt -1.73534 13.5139
f 994/2866/657 942/2867/605 1025/2868/688

vt -1.98352 14.5719
vt -1.6691 14.769
vt -1.94318 13.3967
f 1025/2869/688 942/2870/605 1024/2871/687

vt -1.87068 13.364
vt -1.60215 14.7374
v 54.1552 26.0736 -24.7007
vt -1.55872 11.7123
vn -0.0740544 -0.406862 -0.910483
f 1024/2872/687 942/2873/605 1026/2874/689

vt -0.776328 14.7385
vt -0.0950227 11.7365
vt -0.609213 11.7178
f 942/2875/605 940/2876/603 1026/2877/689

vt -0.595068 11.0393
vt -0.0808954 11.0585
v 53.8106 25.4382 -24.3395
vt -0.647455 10.1672
vn -0.343904 -0.242847 -0.907059
f 1026/2878/689 940/2879/603 1027/2880/690

vt -0.835436 11.9177
v 54.4751 24.6223 -24.8228
vt -0.680067 10.4898
vn 0.332245 -0.306722 -0.891928
vt -1.44052 11.0521
f 940/2881/603 1028/2882/691 1027/2883/690

vt 0.259856 12.0417
vt 1.074 10.8658
vt 0.419591 10.6143
f 940/2884/603 932/2885/595 1028/2886/691

vt 0.531646 10.2714
vt 1.18556 10.5242
vt 0.391461 9.06121
f 1028/2887/691 932/2888/595 931/2889/594

vt -0.609809 10.4714
vt -0.79097 9.26672
v 53.5502 23.9579 -24.1344
vt -1.23128 9.35364
vn -0.15909 -0.20559 -0.965621
f 1028/2890/691 931/2891/594 1029/2892/692

vt -1.19721 9.52814
vt -0.756896 9.44123
v 53.0979 22.9974 -23.8398
vt -1.36046 8.32052
vn -0.499578 0.172452 -0.84893
f 1029/2893/692 931/2894/594 1030/2895/693

vt -1.37461 8.32695
vt -0.771283 9.44778
vt -0.745891 7.01256
f 1030/2896/693 931/2897/594 925/2898/588

vt 0.118825 9.45501
vt 1.05376 8.42443
vt 0.112043 7.01967
f 931/2899/594 926/2900/589 925/2901/588

vt 0.277975 9.56238
vt 0.87859 9.55037
vt 1.20863 8.52793
f 931/2902/594 929/2903/592 926/2904/589

vt -0.863187 8.51757
vt -0.257208 7.19255
v 52.8697 21.9632 -23.7756
vt -0.869277 7.33717
vn 0.191609 -0.0208019 -0.981251
f 1030/2905/693 925/2906/588 1031/2907/694

vt -0.833066 7.41758
vt -0.221343 7.27149
v 52.8935 20.6739 -23.9208
vt -0.590086 6.07177
vn 0.491304 -0.210929 -0.845062
f 1031/2908/694 925/2909/588 1032/2910/695

vt 0.738095 7.05853
vt 1.25997 5.62559
vt 0.309012 5.87904
f 925/2911/588 924/2912/587 1032/2913/695

vt 0.301096 5.85342
vt 1.2521 5.60015
v 51.9819 18.3637 -23.5019
vt -0.14241 3.06011
vn 0.500704 -0.2498 -0.828791
f 1032/2914/695 924/2915/587 1033/2916/696

vt 0.171206 2.88907
vt 1.56777 5.42799
v 52.5162 17.8378 -23.4523
vt 1.15982 2.48268
vn 0.609569 -0.359628 -0.706465
f 1033/2917/696 924/2918/587 1034/2919/697

vt 1.32986 2.46239
vt 1.72813 5.40902
vt 2.53905 4.7259
f 1034/2920/697 924/2921/587 921/2922/584

vt 2.80028 4.5913
vt 5.27191 2.91879
vt 1.62016 2.31249
f 921/2923/584 719/2924/382 1034/2925/697

vt 1.6356 2.2048
vt 5.28657 2.81572
vt 1.50559 0.195743
f 1034/2926/697 719/2927/382 718/2928/381

vt 1.69729 2.21028
vt 1.57948 0.200472
v 50.9442 16.2864 -23.1154
vt 0.0137126 0.00624877
vn 0.53788 -0.417163 -0.732571
f 1034/2929/697 718/2930/381 1035/2931/698

vt 1.6527 -0.341681
v 50.7045 16.0386 -22.8386
vt 0.18341 -0.982827
vn -0.081955 -0.985735 -0.147005
vt 0.0891063 -0.552714
f 718/2932/381 1036/2933/699 1035/2934/698

vt 1.71109 -0.439963
v 51.1547 16.0849 -22.6081
vt 1.27789 -0.94781
vn 0.296155 -0.913647 -0.278463
vt 0.250245 -1.1001
f 718/2935/381 1037/2936/700 1036/2937/699

vt 1.7434 -1.0262
vt 2.1123 -0.469885
v 51.4002 16.2284 -22.2018
vt 2.72823 -0.852892
vn 0.25212 -0.950152 -0.18343
f 1037/2938/700 718/2939/381 1038/2940/701

vt 2.46852 -1.31993
vt 1.88784 -0.885334
vt 3.28986 -0.892309
f 1038/2941/701 718/2942/381 716/2943/379

vt 3.16239 0.870215
vt 3.37717 1.77095
vt 3.81627 1.63912
f 1038/2944/701 716/2945/379 769/2946/432

vt 3.95422 -1.08298
vt 3.68714 -0.710348
vt 4.99873 -0.45924
f 769/2947/432 716/2948/379 714/2949/377

v 51.0578 16.1436 -22.351
vt 0.981334 2.60919
vn -0.508486 -0.683935 0.52314
vt 0.487057 3.17941
vt 0.0792691 4.10272
f 1039/2950/702 1038/2951/701 769/2952/432

vt 2.43312 -1.33544
vt 2.13377 -1.28347
vt 3.06861 -0.928482
f 1039/2953/702 1037/2954/700 1038/2955/701

v 50.793 16.1067 -22.6514
vt 1.3812 -1.983
vn -0.68186 -0.356238 0.638875
vt 1.91869 -1.6514
vt 2.20886 -1.74142
f 1040/2956/703 1037/2957/700 1039/2958/702

vt 1.99627 1.4508
vt 2.08088 1.03432
vt 1.65333 1.98113
f 1040/2959/703 1036/2960/699 1037/2961/700

v 50.5606 16.5414 -22.7124
vt -0.387608 1.54627
vn -0.778126 0.220958 0.587961
vt -0.444666 1.03013
vt -0.864495 1.09616
f 1041/2962/704 1036/2963/699 1040/2964/703

vt -1.08215 1.47198
v 50.6419 16.2657 -22.9431
vt -0.817438 1.22599
vn -0.800355 -0.504541 -0.323836
vt -1.07128 0.952812
f 1041/2965/704 1042/2966/705 1036/2967/699

vt -1.9138 0.4464
v 50.7746 16.6899 -23.0454
vt -1.60979 0.735483
vn -0.167069 0.0596501 -0.984139
vt -1.62583 0.228078
f 1041/2968/704 1043/2969/706 1042/2970/705

vt -1.67556 0.176738
v 50.9763 17.2302 -23.0956
vt -1.50744 1.11511
vn -0.813817 0.543439 -0.205853
vt -1.37453 0.468915
f 1041/2971/704 1044/2972/707 1043/2973/706

v 51.1146 18.5594 -22.6708
vt -2.48421 2.53258
vn -0.789671 0.378681 0.482723
vt -1.67024 1.16885
vt -1.85057 0.232754
f 1045/2974/708 1044/2975/707 1041/2976/704

vt -2.56186 2.49504
v 51.3659 18.3015 -23.2006
vt -1.97619 2.40694
vn -0.130379 0.211501 -0.968643
vt -1.75893 1.12478
f 1045/2977/708 1046/2978/709 1044/2979/707

vt -2.55712 2.53418
v 51.8049 19.5973 -23.3191
vt -2.2231 3.98035
vn -0.742356 0.387871 -0.546319
vt -1.9714 2.44639
f 1045/2980/708 1047/2981/710 1046/2982/709

vt -2.71089 2.62383
v 51.9009 21.1465 -22.9408
vt -3.05931 5.65478
vn -0.817967 0.411152 0.402348
vt -2.35342 4.06439
f 1045/2983/708 1048/2984/711 1047/2985/710

v 51.6316 21.1374 -22.1548
vt -3.49184 5.40238
vn -0.756208 0.32913 0.56553
vt -2.54085 5.65571
vt -2.09347 2.63778
f 1049/2986/712 1048/2987/711 1045/2988/708

vt -3.48409 5.36749
v 52.2297 22.3146 -22.9248
vt -2.92531 6.94827
vn -0.830238 0.377386 0.410224
vt -2.53317 5.62105
f 1049/2989/712 1050/2990/713 1048/2991/711

v 51.8251 21.99 -22.0734
vt -3.89372 6.34241
vn -0.776975 0.29628 0.555453
vt -2.98735 6.98221
vt -3.54961 5.40266
f 1051/2992/714 1050/2993/713 1049/2994/712

vt -4.02698 6.5199
vt -4.10044 8.4207
vt -3.12115 7.16047
f 1051/2995/714 1019/2996/682 1050/2997/713

vt -3.7362 8.4866
vt -3.6911 6.58491
v 51.7158 22.4967 -21.2082
vt -4.94719 6.90712
vn -0.768304 0.256074 0.58663
f 1019/2998/682 1051/2999/714 1052/3000/715

vt -3.6873 6.59643
v 51.5289 20.6305 -21.5876
vt -4.13697 4.96964
vn -0.744887 0.257708 0.61541
vt -4.94334 6.91884
f 1051/3001/714 1053/3002/716 1052/3003/715

vt -3.32885 6.54797
vt -2.98345 5.60869
vt -3.79444 4.92566
f 1051/3004/714 1049/3005/712 1053/3006/716

vt -2.98993 5.61531
v 51.0597 18.5314 -22.0143
vt -2.59166 2.66868
vn -0.730994 0.269243 0.627022
vt -3.80084 4.93219
f 1049/3007/712 1054/3008/717 1053/3009/716

vt -3.11295 5.59374
vt -1.71176 2.83057
vt -2.70849 2.64796
f 1049/3010/712 1045/3011/708 1054/3012/717

vt -1.69209 2.72545
vt -0.993565 0.44449
vt -2.68884 2.54298
f 1045/3013/708 1041/3014/704 1054/3015/717

vt -1.96256 1.01795
vt -2.08098 3.02772
vt -0.427744 0.895952
f 771/3016/434 1054/3017/717 1041/3018/704

vt -5.82581 3.62166
vt -2.17484 3.01073
vt -2.04483 1.00168
f 772/3019/435 1054/3020/717 771/3021/434

vt -5.85043 3.49364
vt -3.3788 5.16615
vt -2.19868 2.88734
f 772/3022/435 1053/3023/716 1054/3024/717

vt -5.97841 7.80703
vt -3.58363 5.33115
vt -6.03499 3.62907
f 1015/3025/678 1053/3026/716 772/3027/435

vt -4.57531 7.10059
vt -3.80258 5.13782
vt -6.23414 7.57759
f 1052/3028/715 1053/3029/716 1015/3030/678

vt -4.85088 8.17325
vt -4.57251 7.10739
vt -6.23127 7.58463
f 1016/3031/679 1052/3032/715 1015/3033/678

vt -3.79743 8.50766
vt -5.00445 6.92515
vt -5.3066 7.98452
f 1019/3034/682 1052/3035/715 1016/3036/679

vt -5.88463 7.84182
vt -5.96626 3.66428
v 52.0288 22.5414 -19.5323
vt -7.3829 7.14316
vn -0.709206 0.271378 0.650678
f 1015/3037/678 772/3038/435 1055/3039/718

v 51.9479 21.3828 -19.2054
vt -8.25686 5.5182
vn -0.709606 0.229433 0.666198
vt -7.78335 6.84879
vt -6.27321 3.40946
f 1056/3040/719 1055/3041/718 772/3042/435

v 53.3256 23.0354 -18.4261
vt -10.3007 7.44371
vn -0.680721 0.286924 0.674013
vt -6.69302 6.76919
vt -7.211 5.45526
f 1057/3043/720 1055/3044/718 1056/3045/719

vt -10.3341 7.27134
vt -7.50478 9.32972
vt -6.72624 6.59758
f 1057/3046/720 1014/3047/677 1055/3048/718

vt -10.3977 7.35315
v 53.8589 25.0511 -18.6984
vt -10.5467 9.69194
vn -0.669087 0.33478 0.66351
vt -7.56901 9.41231
f 1057/3049/720 1058/3050/721 1014/3051/677

vt -10.2291 7.37476
v 55.4958 25.4413 -17.3891
vt -14.8197 10.3368
vn -0.670589 0.330082 0.664346
vt -10.3755 9.71371
f 1057/3052/720 1059/3053/722 1058/3054/721

v 55.1163 22.8241 -16.6521
vt -15.7382 7.24559
vn -0.685203 0.27118 0.675986
vt -14.8638 10.2686
vt -10.2726 7.30764
f 1060/3055/723 1059/3056/722 1057/3057/720

v 56.9444 23.5795 -14.9922
vt -21.0723 8.2572
vn -0.679139 0.303938 0.668125
vt -14.9625 10.2893
vt -15.8355 7.26584
f 1061/3058/724 1059/3059/722 1060/3060/723

v 57.5546 26.1345 -15.7072
vt -20.5254 11.1047
vn -0.662994 0.359014 0.656923
vt -14.9038 10.1154
vt -21.0138 8.08367
f 1062/3061/725 1059/3062/722 1061/3063/724

v 56.0957 27.2078 -18.0143
vt -14.675 11.9895
vn -0.651199 0.38977 0.651167
vt -14.9532 9.81466
vt -20.5742 10.8068
f 1063/3064/726 1059/3065/722 1062/3066/725

vt -14.6175 11.9657
vt -10.4495 9.16597
vt -14.8935 9.79065
f 1063/3067/726 1058/3068/721 1059/3069/722

v 54.7579 26.9989 -19.0394
vt -10.9615 11.6874
vn -0.649409 0.380611 0.658333
vt -10.3652 9.29542
vt -14.5364 12.0904
f 1064/3070/727 1058/3071/721 1063/3072/726

vt -11.0005 11.6812
v 53.8682 28.1955 -20.5556
vt -7.17373 12.9959
vn -0.668603 0.3859 0.63565
vt -10.4054 9.28899
f 1064/3073/727 1065/3074/728 1058/3075/721

vt -7.67902 13.6441
vt -7.04744 12.5196
vt -10.8709 11.1953
f 984/3076/647 1065/3077/728 1064/3078/727

vt -8.50857 13.2387
vt -6.93458 14.3162
vt -7.92451 12.0888
f 984/3079/647 985/3080/648 1065/3081/728

vt -8.24601 12.6022
vt -7.19734 14.8026
vt -7.63074 11.3455
f 1065/3082/728 985/3083/648 1012/3084/675

vt -4.46773 12.2246
vt -7.3868 11.1621
vt -7.01419 14.6263
f 1009/3085/672 1012/3086/675 985/3087/648

vt -4.26345 12.5449
vt -6.837 14.9175
vt -3.80859 15.1762
f 1009/3088/672 985/3089/648 1007/3090/670

vt -6.82392 14.6359
vt -4.07285 16.1485
vt -3.79569 14.8967
f 985/3091/648 1002/3092/665 1007/3093/670

vt -5.65256 14.3337
vt -3.73075 14.5006
vt -6.42844 12.8947
f 986/3094/649 1002/3095/665 985/3096/648

vt -4.0501 15.05
vt -3.72792 14.4085
vt -5.64968 14.2409
f 987/3097/650 1002/3098/665 986/3099/649

vt -4.27394 16.1174
vt -2.3163 14.9782
vt -4.01675 14.8613
f 1002/3100/665 1003/3101/666 1007/3102/670

vt -7.12427 13.1372
vt -6.46403 11.9035
vt -7.37873 9.15484
f 1065/3103/728 1012/3104/675 1014/3105/677

vt -10.5688 9.45742
vt -7.3321 13.1599
vt -7.59115 9.17784
f 1058/3106/721 1065/3107/728 1014/3108/677

v 55.4788 28.3885 -19.5884
vt -10.8877 12.8834
vn -0.629877 0.426343 0.64922
vt -7.62174 13.5265
vt -10.8095 11.0723
f 1066/3109/729 984/3110/647 1064/3111/727

vt -10.8453 12.5584
vt -9.12186 13.746
vt -7.58024 13.2064
f 1066/3112/729 983/3113/646 984/3114/647

vt -10.5735 13.5586
vt -8.95549 13.2981
vt -10.6702 12.098
f 982/3115/645 983/3116/646 1066/3117/729

vt -10.9407 13.8108
vt -11.0652 12.3523
vt -16.6612 13.2063
f 982/3118/645 1066/3119/729 981/3120/644

vt -11.0274 12.7245
vt -14.5322 11.3131
vt -16.625 13.5689
f 1066/3121/729 1063/3122/726 981/3123/644

vt -11.0805 12.9404
vt -11.0134 11.1289
vt -14.588 11.5359
f 1066/3124/729 1064/3125/727 1063/3126/726

vt -16.7652 13.4678
vt -14.6874 11.1982
vt -20.4739 11.8562
f 981/3127/644 1063/3128/726 979/3129/642

vt -14.6408 11.7634
vt -20.5391 10.5763
vt -20.4284 12.4114
f 1063/3130/726 1062/3131/725 979/3132/642

v 58.93 26.163 -14.3377
vt -24.7401 10.7373
vn -0.666017 0.358191 0.654309
vt -20.4411 12.4193
vt -20.5525 10.5843
f 1067/3133/730 979/3134/642 1062/3135/725

vt -24.5436 12.6445
vt -20.4346 12.3934
vt -24.7333 10.7106
f 977/3136/640 979/3137/642 1067/3138/730

vt -24.8212 12.9305
vt -25.03 10.9985
vt -26.3505 13.1771
f 977/3139/640 1067/3140/730 976/3141/639

vt -24.7316 11.0487
v 60.1531 25.9 -12.9334
vt -28.7785 10.8409
vn -0.655847 0.329095 0.679383
vt -26.068 13.2176
f 1067/3142/730 1068/3143/731 976/3144/639

vt -24.7399 11.2284
v 58.9541 23.9621 -13.1104
vt -26.9359 8.66103
vn -0.665504 0.319743 0.67444
vt -28.7868 11.0209
f 1067/3145/730 1069/3146/732 1068/3147/731

vt -24.7457 11.2343
vt -21.0468 8.06097
vt -26.9418 8.66701
f 1067/3148/730 1061/3149/724 1069/3150/732

vt -24.7235 11.2591
vt -20.5358 11.1072
vt -21.0243 8.08614
f 1067/3151/730 1062/3152/725 1061/3153/724

vt -25.5348 7.15544
vt -28.3106 6.22754
vt -26.9162 8.91312
vt -21.0212 8.30687
f 787/3154/450 788/3155/451 1069/3156/732 1061/3157/724 

v 59.8778 22.7022 -11.9935
vt -29.8886 7.508
vn -0.645622 0.29287 0.705266
vt -26.6222 8.79427
vt -28.0195 6.11018
f 1070/3158/733 1069/3159/732 788/3160/451

v 60.0766 24.2785 -12.6372
vt -28.8478 8.91597
vn -0.638548 0.323908 0.698098
vt -26.4592 8.34809
vt -29.7247 7.05961
f 1071/3161/734 1069/3162/732 1070/3163/733

vt -28.6318 9.8226
vt -28.0879 11.6191
vt -26.2433 9.25439
f 1071/3164/734 1068/3165/731 1069/3166/732

vt -28.3936 9.80927
v 61.146 25.4931 -12.4772
vt -30.1085 11.3746
vn -0.617274 0.333016 0.712793
vt -27.8464 11.6047
f 1071/3167/734 1072/3168/735 1068/3169/731

v 61.2581 23.9667 -12.3651
vt -30.0181 10.5895
vn -0.600427 0.303126 0.740001
vt -29.4511 12.2017
vt -27.7465 10.6252
f 1073/3170/736 1072/3171/735 1071/3172/734

v 61.852 24.6919 -12.3752
vt -30.0501 11.5366
vn -0.581583 0.297906 0.756977
vt -28.6786 12.1968
vt -29.2586 10.5892
f 1074/3173/737 1072/3174/735 1073/3175/736

vt -28.836 9.08884
v 62.049 25.9385 -12.7146
vt -28.4771 10.5349
vn -0.576504 0.372503 0.727245
vt -27.4634 9.7469
f 1074/3176/737 1075/3177/738 1072/3178/735

v 62.7171 25.3257 -12.7469
vt -28.1483 9.51371
vn -0.522535 0.312317 0.793357
vt -27.0426 9.95673
vt -27.3906 8.50801
f 1076/3179/739 1075/3180/738 1074/3181/737

vt -28.5872 10.6995
v 63.165 27.0501 -13.1419
vt -28.4637 12.7316
vn -0.578428 0.331469 0.745352
vt -27.4808 11.1407
f 1076/3182/739 1077/3183/740 1075/3184/738

vt -27.8678 12.6629
vt -27.9889 10.6306
v 63.8154 26.5651 -13.2252
vt -28.8598 12.3617
vn -0.487572 0.222066 0.84437
f 1077/3185/740 1076/3186/739 1078/3187/741

vt -21.5008 14.076
v 63.8475 25.3725 -13.277
vt -22.623 14.5736
vn -0.325292 0.169651 0.930271
vt -22.35 15.8179
f 1076/3188/739 1079/3189/742 1078/3190/741

vt -22.8863 10.9564
v 62.9353 24.0116 -12.7473
vt -23.4894 9.63687
vn -0.382393 0.208287 0.900218
vt -24.01 11.4507
f 1076/3191/739 1080/3192/743 1079/3193/742

v 62.1907 24.157 -12.4244
vt -23.1536 9.72
vn -0.553841 0.221409 0.802645
vt -23.9567 9.85446
vt -23.3535 11.1739
f 1081/3194/744 1080/3195/743 1076/3196/739

v 62.6377 23.4632 -12.6243
vt -23.3561 11.5613
vn -0.472834 0.26834 0.839298
vt -23.5476 12.2561
vt -22.7446 12.1209
f 1082/3197/745 1080/3198/743 1081/3199/744

vt -14.485 14.5126
v 63.4365 23.5017 -13.1132
vt -15.1893 14.8977
vn 0.087437 0.0887341 0.99221
vt -14.6442 15.2155
f 1082/3200/745 1083/3201/746 1080/3202/743

v 62.3478 21.6747 -12.3585
vt -18.0436 6.3535
vn -0.362905 0.302076 0.881504
vt -18.535 8.75833
vt -17.8274 8.37946
f 1084/3203/747 1083/3204/746 1082/3205/745

vt -8.30518 8.34943
v 63.2971 22.28 -13.059
vt -8.96294 9.41453
vn 0.566479 -0.000860612 0.824076
vt -8.79439 10.7547
f 1084/3206/747 1085/3207/748 1083/3208/746

vt -11.6296 6.29364
v 62.8884 21.3139 -12.7475
vt -12.1767 6.15455
vn 0.372598 0.241857 0.895922
vt -12.2878 7.35851
f 1084/3209/747 1086/3210/749 1085/3211/748

vt -10.7585 2.81716
v 62.8412 20.4739 -12.6419
vt -11.4828 1.74748
vn 0.629948 0.262361 0.73098
vt -11.3053 2.67683
f 1084/3212/747 1087/3213/750 1086/3214/749

v 62.0997 19.4743 -12.0042
vt -11.8338 0.855827
vn -0.394944 0.3454 0.851304
vt -12.1979 2.27136
vt -11.4705 3.33894
f 1088/3215/751 1087/3216/750 1084/3217/747

vt -13.5174 0.514123
v 62.603 19.4113 -12.3674
vt -13.9603 0.673754
vn 0.786416 0.229964 0.573295
vt -13.8719 1.93211
f 1088/3218/751 1089/3219/752 1087/3220/750

vt -13.5443 0.440762
v 62.521 18.7266 -12.2417
vt -14.1053 -0.178427
vn 0.721848 0.130963 0.679547
vt -13.9873 0.600445
f 1088/3221/751 1090/3222/753 1089/3223/752

v 61.977 18.1488 -11.8137
vt -14.9562 0.0802884
vn -0.259621 0.394835 0.881307
vt -15.2642 0.94371
vt -14.7004 1.56038
f 1091/3224/754 1090/3225/753 1088/3226/751

vt -6.89705 2.87149
v 62.2382 17.934 -12.0296
vt -7.16702 2.76752
vn 0.697941 0.233952 0.676864
vt -7.21751 3.73038
f 1091/3227/754 1092/3228/755 1090/3229/753

vt -3.10558 -6.7286
v 62.0738 16.9255 -11.7128
vt -3.43495 -8.06668
vn 0.748509 0.430867 0.504072
vt -3.37372 -6.8372
f 1091/3230/754 1093/3231/756 1092/3232/755

v 61.8533 16.3188 -11.4085
vt -3.91587 -8.72461
vn -0.385059 0.423808 0.819827
vt -3.97965 -7.92346
vt -3.6442 -6.58689
f 1094/3233/757 1093/3234/756 1091/3235/754

vt -1.1404 -8.54691
vt -1.40197 -9.05114
vt -1.22226 -7.7474
f 1094/3236/757 814/3237/477 1093/3238/756

vt 6.89099 -12.6754
vt 6.70965 -12.2786
vt 6.93164 -11.7558
f 813/3239/476 814/3240/477 1094/3241/757

vt -30.4897 -0.0727457
vt -30.6368 -1.19126
vt -30.833 -0.926863
f 1094/3242/757 812/3243/475 813/3244/476

vt -33.356 0.743617
v 60.8986 16.702 -11.6454
vt -31.476 0.914322
vn -0.686097 0.17781 0.705447
vt -33.5178 -0.372871
f 1094/3245/757 1095/3246/758 812/3247/475

v 61.3134 18.1076 -11.6326
vt -32.0864 4.25837
vn -0.607709 0.274842 0.745085
vt -31.637 2.64326
vt -33.5169 2.47119
f 1096/3248/759 1095/3249/758 1094/3250/757

v 59.6469 18.6396 -12.1561
vt -28.9129 4.25988
vn -0.674085 0.174538 0.717736
vt -31.8775 2.4687
vt -32.3324 4.08225
f 1097/3251/760 1095/3252/758 1096/3253/759

v 59.9306 17.2697 -12.2637
vt -30.2201 3.24265
vn -0.713276 0.0464315 0.699344
vt -32.7034 2.77865
vt -29.7897 4.65156
f 1098/3254/761 1095/3255/758 1097/3256/760

vt -31.9667 2.37352
vt -32.8532 2.84474
vt -30.3771 3.3457
f 810/3257/473 1095/3258/758 1098/3259/761

v 61.2476 15.7582 -11.4692
vt -33.9017 0.550088
vn -0.739717 0.0297539 0.67226
vt -33.0224 1.53754
vt -32.1204 1.09678
f 1099/3260/762 1095/3261/758 810/3262/473

vt -33.8017 1.19369
vt -34.9075 0.819661
vt -32.9018 2.16228
f 1099/3263/762 812/3264/475 1095/3265/758

vt -33.8507 -0.720111
vt -34.0053 -1.04457
vt -34.9324 -1.15906
f 1099/3266/762 811/3267/474 812/3268/475

vt -33.7473 -1.54914
vt -31.996 -0.912943
vt -33.8943 -1.87714
f 1099/3269/762 810/3270/473 811/3271/474

vt -30.4146 3.22081
vt -28.9842 3.13458
vt -31.999 2.24038
f 1098/3272/761 793/3273/456 810/3274/473

vt -28.9646 3.37893
vt -30.3947 3.46953
vt -28.1393 4.0926
f 793/3275/456 1098/3276/761 792/3277/455

vt -27.7386 4.09287
vt -30.0147 3.55031
vt -29.5676 4.95398
f 792/3278/455 1098/3279/761 1097/3280/760

vt -27.5031 4.80687
vt -29.3216 5.69006
vt -26.719 6.39252
f 792/3281/455 1097/3282/760 789/3283/452

vt -26.3302 5.58728
vt -28.9423 4.9205
vt -27.0906 7.9018
f 789/3284/452 1097/3285/760 788/3286/451

v 60.4836 20.7542 -11.9457
vt -29.8366 7.40897
vn -0.637968 0.22594 0.736171
vt -26.6853 7.90211
vt -28.5607 4.93569
f 1100/3287/763 788/3288/451 1097/3289/760

vt -28.5733 9.54185
vt -26.7281 8.11253
vt -29.8791 7.61686
f 1070/3290/733 788/3291/451 1100/3292/763

v 60.5591 22.9694 -11.9489
vt -28.7968 9.90112
vn -0.605353 0.319793 0.72889
vt -27.7191 9.42116
vt -29.0507 7.51392
f 1101/3293/764 1070/3294/733 1100/3295/763

vt -28.1373 8.35426
vt -29.0012 6.49178
vt -30.0806 6.96791
f 1071/3296/734 1070/3297/733 1101/3298/764

vt -29.9698 7.48114
vt -27.6983 7.51692
vt -29.6335 6.11934
f 1073/3299/736 1071/3300/734 1101/3301/764

v 61.8552 23.2434 -12.1969
vt -29.706 6.75661
vn -0.521536 0.363608 0.771874
vt -28.4279 7.38207
vt -28.0669 6.0266
f 1102/3302/765 1073/3303/736 1101/3304/764

vt -26.2742 1.90827
vt -27.53 1.23905
vt -28.1776 1.83483
f 1073/3305/736 1102/3306/765 1082/3307/745

vt -20.4555 8.24367
vt -21.3626 6.77056
vt -21.1406 8.79589
f 1102/3308/765 1084/3309/747 1082/3310/745

v 61.4211 22.1244 -11.9895
vt -23.4407 8.75336
vn -0.570408 0.262146 0.778405
vt -24.5303 8.63058
vt -23.6277 10.1064
f 1103/3311/766 1084/3312/747 1102/3313/765

vt -24.4126 7.60466
vt -23.3229 7.72721
v 61.3659 20.0789 -11.8397
vt -23.8332 5.52483
vn -0.568969 0.284771 0.771479
f 1084/3314/747 1103/3315/766 1104/3316/767

vt -30.3201 8.57072
vt -29.1461 6.83149
vt -30.7772 6.35668
f 1103/3317/766 1100/3318/763 1104/3319/767

vt -27.875 10.1073
vt -28.1539 7.72295
vt -29.3111 9.47338
f 1101/3320/764 1100/3321/763 1103/3322/766

vt -28.6499 9.09912
vt -27.0081 8.37499
vt -28.4474 7.74828
f 1102/3323/765 1101/3324/764 1103/3325/766

vt -30.6785 6.05507
vt -29.0471 6.5287
vt -31.2081 3.91365
f 1104/3326/767 1100/3327/763 1096/3328/759

vt -30.2233 7.02792
vt -28.9304 4.56344
vt -32.3499 4.38483
f 1100/3329/763 1097/3330/760 1096/3331/759

vt -26.822 5.41514
vt -27.3754 3.27975
vt -27.8703 5.02969
f 1104/3332/767 1096/3333/759 1088/3334/751

vt -28.6328 4.80358
vt -28.1372 3.05383
vt -28.9304 3.33134
f 1088/3335/751 1096/3336/759 1091/3337/754

vt -28.6128 1.71638
vt -30.0575 -0.059339
vt -29.4057 1.99462
f 1096/3338/759 1094/3339/757 1091/3340/754

vt -26.5815 4.7603
vt -27.6297 4.37483
vt -27.1607 6.84015
f 1104/3341/767 1088/3342/751 1084/3343/747

vt -26.7633 14.7348
vt -28.6668 14.6621
vt -28.0899 15.2573
f 1073/3344/736 1082/3345/745 1081/3346/744

vt -29.1837 12.5437
vt -28.6246 13.0051
vt -27.8478 12.0457
f 1081/3347/744 1074/3348/737 1073/3349/736

vt -25.5259 9.80856
vt -26.0919 9.35561
vt -26.2894 10.8099
f 1074/3350/737 1081/3351/744 1076/3352/739

vt 9.50044 -8.27446
vt 9.44164 -9.58921
v 62.419 17.6907 -12.2318
vt 9.20396 -7.20729
vn 0.932334 -0.176063 -0.31584
f 1093/3353/756 814/3354/477 1105/3355/768

vt 31.8536 -1.08481
vt 30.2854 1.18836
vt 31.144 1.20133
f 814/3356/477 815/3357/478 1105/3358/768

vt 30.2563 3.13865
v 62.9669 19.1504 -12.9019
vt 30.6611 4.99083
vn 0.879299 -0.25385 -0.40298
vt 31.1148 3.15152
f 815/3359/478 1106/3360/769 1105/3361/768

v 63.2549 19.1795 -13.7047
vt 29.2767 5.37608
vn 0.752395 -0.359953 -0.551665
v 63.6875 20.8356 -13.8561
vt 29.5191 7.28037
vn 0.824934 -0.324063 -0.463105
vt 30.2339 5.09297
vt 29.8298 3.24063
f 1107/3362/770 1108/3363/771 1106/3364/769 815/3365/478 

v 64.0104 20.8914 -14.546
vt 27.137 7.84423
vn 0.754853 -0.370923 -0.540937
vt 27.8829 7.54608
vt 27.6447 5.64125
f 1109/3366/772 1108/3367/771 1107/3368/770

vt 28.0715 7.99643
vt 27.3257 8.29491
v 64.3482 22.0563 -14.6583
vt 27.5171 9.64737
vn 0.799546 -0.266902 -0.538042
f 1108/3369/771 1109/3370/772 1110/3371/773

v 64.3334 21.1721 -15.6754
vt 28.8568 8.26221
vn 0.736697 -0.31925 -0.596118
vt 30.4986 8.98633
vt 30.2961 7.63549
f 1111/3372/774 1110/3373/773 1109/3374/772

vt 29.9765 7.95059
vt 31.2547 7.32513
vt 29.6156 6.59512
f 822/3375/485 1110/3376/773 1111/3377/774

vt 29.6532 2.79681
vt 28.3974 3.46604
v 64.1316 22.7519 -14.0992
vt 30.3008 3.3926
vn 0.826924 -0.344107 -0.444732
f 1110/3378/773 822/3379/485 1112/3380/775

vt 30.6731 13.1773
vt 28.7697 13.25
v 64.5701 23.0241 -14.7735
vt 30.0962 13.7725
vn 0.765006 -0.406586 -0.499454
f 1112/3381/775 822/3382/485 1113/3383/776

vt 30.3451 12.1763
vt 30.9042 11.7149
vt 29.5683 11.2169
f 823/3384/486 1113/3385/776 822/3386/485

vt 28.534 9.43903
vt 27.968 9.89199
vt 28.7315 10.8933
f 1113/3387/776 823/3388/486 825/3389/488

v 64.2857 23.3686 -14.0806
vt 26.9083 9.86398
vn 0.843533 -0.366561 -0.392538
vt 26.1052 9.72952
vt 26.305 11.1835
f 1114/3390/777 1113/3391/776 825/3392/488

vt 26.561 11.9009
vt 26.3694 11.2061
vt 25.758 11.7658
f 1114/3393/777 1112/3394/775 1113/3395/776

v 63.8068 23.0707 -13.5292
vt 21.7025 13.3054
vn 0.939442 -0.335352 -0.0706234
vt 21.1058 13.1829
vt 21.2768 13.8831
f 1115/3396/778 1112/3397/775 1114/3398/777

vt 22.6444 8.771
v 63.3866 21.1214 -13.285
vt 22.5316 6.54198
vn 0.956277 -0.233747 -0.175773
vt 22.0474 8.64997
f 1115/3399/778 1116/3400/779 1112/3401/775

vt 9.95095 8.29966
vt 9.55163 7.15286
vt 9.67545 9.38129
f 1085/3402/748 1116/3403/779 1115/3404/778

vt 7.54885 7.97567
vt 7.03948 8.03234
vt 7.43752 9.17959
f 1086/3405/749 1116/3406/779 1085/3407/748

vt 6.65131 -0.105444
vt 6.56404 -1.04755
vt 6.14209 -0.0474742
f 1086/3408/749 1087/3409/750 1116/3410/779

vt 15.6114 3.49847
vt 15.1646 2.19069
vt 15.147 4.47957
f 1087/3411/750 1106/3412/769 1116/3413/779

vt 19.4479 1.22328
vt 18.9204 1.16695
vt 19.3489 2.48084
f 1089/3414/752 1106/3415/769 1087/3416/750

vt 19.6586 -0.71707
vt 19.6901 -1.50421
vt 19.1312 -0.774053
f 1089/3417/752 1090/3418/753 1106/3419/769

vt 23.5271 0.949543
vt 23.0989 2.79497
vt 23.6732 2.07683
f 1105/3420/768 1106/3421/769 1090/3422/753

vt 5.1436 3.41704
vt 4.91966 3.25635
vt 5.0924 4.37986
f 1092/3423/755 1105/3424/768 1090/3425/753

vt 12.4354 -7.18859
vt 12.111 -6.12958
vt 12.3299 -5.96212
f 1093/3426/756 1105/3427/768 1092/3428/755

vt 24.485 2.97287
vt 23.7908 5.16688
vt 24.4012 5.26028
f 1106/3429/769 1108/3430/771 1116/3431/779

vt 23.5354 6.84601
vt 23.6595 9.04661
vt 24.1459 6.93912
f 1108/3432/771 1112/3433/775 1116/3434/779

vt 24.2013 6.81428
vt 23.6396 8.46274
vt 24.3248 9.01491
f 1108/3435/771 1110/3436/773 1112/3437/775

vt 6.61827 7.44048
vt 6.34408 8.52245
vt 6.79023 8.78024
f 1085/3438/748 1115/3439/778 1083/3440/746

vt 5.00944 11.8444
vt 4.56359 11.5861
v 64.3674 24.7654 -13.8584
vt 4.5384 13.6102
vn 0.911375 -0.389894 -0.131827
f 1083/3441/746 1115/3442/778 1117/3443/780

vt 18.3485 11.2062
vt 17.9147 11.7778
vt 18.3842 13.2302
f 1115/3444/778 1114/3445/777 1117/3446/780

vt 25.5313 9.19937
vt 24.9296 10.5196
vt 26.0083 10.6493
f 1114/3447/777 825/3448/488 1117/3449/780

vt 25.6051 13.9282
vt 24.5265 13.7976
vt 25.374 15.5403
f 1117/3450/780 825/3451/488 827/3452/490

vt 20.0597 13.6448
vt 19.7914 15.2511
v 64.4926 26.062 -13.6713
vt 20.4982 15.0136
vn 0.522951 -0.330646 0.785617
f 1117/3453/780 827/3454/490 1118/3455/781

vt 21.5599 17.7532
vt 20.8544 17.9947
v 65.0124 27.4433 -13.8085
vt 21.7965 19.4241
vn 0.498179 -0.497014 0.71049
f 1118/3456/781 827/3457/490 1119/3458/782

vt 20.9446 20.0371
vt 20.0119 18.6016
vt 20.6997 21.1702
f 1119/3459/782 827/3460/490 829/3461/492

vt 23.544 19.9756
vt 23.3247 21.114
v 65.3703 28.3042 -13.8875
vt 23.7339 21.0353
vn 0.557497 -0.456707 0.693264
f 1119/3462/782 829/3463/492 1120/3464/783

vt 23.3157 19.2543
vt 22.9062 19.3316
v 65.7273 29.1701 -14.057
vt 23.3823 20.3203
vn 0.493896 -0.514369 0.701064
f 1120/3465/783 829/3466/492 1121/3467/784

vt 11.8925 25.9318
vt 11.509 24.9035
vt 12.0801 27.3102
f 1121/3468/784 829/3469/492 831/3470/494

v 65.8172 29.7106 -13.9793
vt -1.97332 27.9184
vn -0.383059 0.0481578 0.922468
vt -2.05807 27.3024
vt -2.05553 28.6935
f 1122/3471/785 1121/3472/784 831/3473/494

v 64.9505 28.5464 -13.6258
vt -2.26901 26.3145
vn -0.454477 0.159637 0.876337
vt -2.73095 27.3531
vt -2.65023 27.9697
f 1123/3474/786 1121/3475/784 1122/3476/785

vt -17.8331 18.5027
vt -18.2648 18.4259
vt -18.4055 19.4847
f 1123/3477/786 1120/3478/783 1121/3479/784

vt -18.5299 21.854
vt -18.7633 20.7173
vt -18.9613 21.7755
f 1123/3480/786 1119/3481/782 1120/3482/783

vt -16.008 19.2043
vt -16.9428 20.6402
vt -16.6936 21.7735
f 1078/3483/741 1119/3484/782 1123/3485/786

vt -16.9185 18.5809
vt -17.6292 18.3394
vt -17.8626 20.0107
f 1078/3486/741 1118/3487/781 1119/3488/782

vt -15.4794 14.7181
vt -15.7793 13.48
vt -16.1916 14.481
f 1078/3489/741 1079/3490/742 1118/3491/781

vt -7.44124 16.9364
v 63.8564 24.6945 -13.3715
vt -7.60608 16.2353
vn 0.239402 -0.109899 0.964681
vt -7.82404 17.9491
f 1079/3492/742 1124/3493/787 1118/3494/781

vt -5.62203 14.8424
vt -6.2311 15.9776
vt -6.06169 16.6776
f 1080/3495/743 1124/3496/787 1079/3497/742

vt -12.1491 11.2225
vt -12.697 10.9096
vt -12.7805 12.3454
f 1080/3498/743 1083/3499/746 1124/3500/787

vt 4.71763 11.7711
vt 4.24556 13.5367
vt 4.6757 13.2087
f 1083/3501/746 1117/3502/780 1124/3503/787

vt 8.20927 17.4012
vt 7.78384 17.7353
vt 8.14139 19.1275
f 1124/3504/787 1117/3505/780 1118/3506/781

v 64.2313 28.2159 -13.4384
vt -28.8232 15.895
vn -0.588478 0.30647 0.748178
vt -28.7613 13.9855
vt -29.6376 16.4961
f 1125/3507/788 1078/3508/741 1123/3509/786

vt -29.3376 13.9112
vt -29.4031 15.8206
vt -28.3458 14.2127
f 1078/3510/741 1125/3511/788 1077/3512/740

vt -30.951 12.513
vt -32.0074 14.1216
v 63.3656 28.2251 -13.4918
vt -30.5843 13.8857
vn -0.608463 0.380786 0.696257
f 1077/3513/740 1125/3514/788 1126/3515/789

vt -31.9644 14.3919
vt -33.1432 17.3334
vt -30.5413 14.1563
f 1125/3516/788 836/3517/499 1126/3518/789

vt -29.8929 16.1445
vt -30.2574 18.4853
vt -29.078 15.544
f 1123/3519/786 836/3520/499 1125/3521/788

vt -27.8985 18.2862
vt -27.5735 19.0702
vt -27.2249 16.727
f 1122/3522/785 836/3523/499 1123/3524/786

vt -30.4955 19.6126
vt -29.9153 19.6659
vt -30.2326 18.8788
f 831/3525/494 836/3526/499 1122/3527/785

vt -29.4655 14.6651
vt -30.0456 14.6114
vt -29.9185 15.0265
f 836/3528/499 831/3529/494 832/3530/495

vt -27.5602 16.9992
vt -28.0166 17.3565
vt -28.0019 17.6015
f 836/3531/499 832/3532/495 833/3533/496

vt -32.4617 16.0372
vt -31.8064 13.3946
vt -34.3668 16.6053
f 837/3534/500 1126/3535/789 836/3536/499

vt -28.3725 14.2462
vt -31.6793 13.3548
vt -32.3413 15.9957
f 972/3537/635 1126/3538/789 837/3539/500

vt -28.3065 13.8914
v 61.6895 26.9955 -13.2114
vt -29.6185 11.1163
vn -0.594822 0.418445 0.68636
vt -31.6121 12.9955
f 972/3540/635 1127/3541/790 1126/3542/789

vt -26.2444 11.2711
vt -28.978 10.3674
vt -27.7027 13.1595
f 973/3543/636 1127/3544/790 972/3545/635

vt -26.2996 11.5046
v 60.4742 26.4551 -13.0433
vt -27.4724 9.62182
vn -0.626202 0.385903 0.677458
vt -29.0342 10.6039
f 973/3546/636 1128/3547/791 1127/3548/790

vt -25.9765 13.1052
vt -28.931 11.4306
vt -27.7115 13.2834
f 976/3549/639 1128/3550/791 973/3551/636

vt -25.9117 12.939
vt -28.6163 10.5556
vt -28.8644 11.2613
f 976/3552/639 1068/3553/731 1128/3554/791

vt -30.0108 10.4193
vt -28.0029 11.3529
vt -27.7486 10.6494
f 1072/3555/735 1128/3556/791 1068/3557/731

vt -29.4054 8.7676
vt -28.9673 10.6958
vt -27.4043 9.71563
f 1072/3558/735 1127/3559/790 1128/3560/791

vt -28.767 8.3049
vt -29.7706 9.1058
vt -28.3489 10.2375
f 1072/3561/735 1075/3562/738 1127/3563/790

vt -30.4938 10.4446
vt -31.071 13.4238
vt -29.061 11.5622
f 1075/3564/738 1126/3565/789 1127/3566/790

vt -28.8671 10.4038
vt -29.8416 12
vt -29.4839 13.3751
f 1075/3567/738 1077/3568/740 1126/3569/789

v 63.5331 30.1355 -14.7376
vt -30.2628 14.6763
vn -0.571326 0.570497 0.590017
vt -28.8447 13.1687
vt -32.7849 14.9815
f 1129/3570/792 972/3571/635 837/3572/500

vt -29.1331 14.8369
vt -29.1981 13.2969
vt -30.5754 14.8419
f 971/3573/634 972/3574/635 1129/3575/792

vt -30.5775 12.8989
vt -30.4643 13.8847
vt -29.1351 12.8934
f 1129/3576/792 887/3577/550 971/3578/634

vt -30.5846 12.9475
vt -32.499 13.8437
vt -30.47 13.9331
f 1129/3579/792 838/3580/501 887/3581/550

vt -30.3498 13.4364
vt -32.8699 13.7582
vt -32.2918 14.2709
f 1129/3582/792 837/3583/500 838/3584/501

vt -29.2313 13.1228
vt -30.5312 14.1521
vt -28.4492 13.6023
f 971/3585/634 887/3586/550 969/3587/632

vt -28.946 16.1408
vt -27.0275 15.5682
vt -27.0909 15.0473
f 887/3588/550 889/3589/552 969/3590/632

vt -29.7282 15.8129
vt -29.2801 16.0074
vt -27.7692 15.3994
f 887/3591/550 888/3592/551 889/3593/552

vt -28.4512 7.79102
vt -28.524 8.31069
vt -26.8734 7.78185
f 969/3594/632 889/3595/552 968/3596/631

vt -23.7932 15.4825
vt -25.0623 16.6631
vt -23.7477 15.9503
f 968/3597/631 889/3598/552 890/3599/553

vt -19.6112 21.4181
vt -19.4452 21.8578
vt -18.7177 20.955
f 968/3600/631 890/3601/553 891/3602/554

vt -23.6374 18.5713
vt -22.6578 18.3405
vt -22.7926 17.3723
f 968/3603/631 891/3604/554 966/3605/629

vt -25.5251 5.01388
vt -25.8852 5.92259
v 62.6683 30.0708 -17.3596
vt -25.2101 5.75753
vn 0.0042187 0.998006 0.0629825
f 966/3606/629 891/3607/554 1130/3608/793

vt -24.9697 7.67929
vt -25.598 7.97634
vt -23.4944 7.55089
f 1130/3609/793 891/3610/554 892/3611/555

vt 25.2201 4.1748
vt 23.7504 3.99356
v 62.1747 30.1649 -17.6985
vt 23.949 4.31861
vn -0.0508399 0.992328 0.112698
f 1130/3612/793 892/3613/555 1131/3614/794

vt 23.5341 7.27003
vt 23.3799 6.92169
vt 20.4355 6.80461
f 1131/3615/794 892/3616/555 893/3617/556

vt -20.7468 6.25992
vt -23.9969 7.09534
vt -20.8684 6.92188
f 899/3618/562 1131/3619/794 893/3620/556

vt -23.831 7.26884
vt -23.9447 7.87023
vt -20.6509 7.22862
f 963/3621/626 1131/3622/794 899/3623/562

vt -23.8423 7.37253
vt -25.5454 7.35035
vt -23.9532 7.97445
f 963/3624/626 966/3625/629 1131/3626/794

vt -24.9253 1.27106
vt -24.7125 2.05016
vt -23.4347 2.10947
f 966/3627/629 1130/3628/793 1131/3629/794

vt 28.6881 8.24883
vt 30.9597 8.21304
vt 30.6233 6.85124
f 819/3630/482 822/3631/485 1111/3632/774

vt 29.7882 6.951
vt 28.9243 8.81348
vt 30.8675 7.42713
f 818/3633/481 819/3634/482 1111/3635/774

vt 29.0295 8.70426
vt 30.1072 9.18422
vt 30.3611 6.79702
f 818/3636/481 1111/3637/774 817/3638/480

vt 29.7604 7.05362
vt 29.4815 9.43801
vt 30.9176 8.80405
f 817/3639/480 1111/3640/774 1109/3641/772

vt 30.4218 6.36568
vt 31.5958 8.1049
vt 32.0529 5.89086
f 817/3642/480 1109/3643/772 1107/3644/770

vt 30.3588 6.18651
vt 31.9902 5.71288
vt 32.5198 3.57145
f 817/3645/480 1107/3646/770 815/3647/478

vt 29.7503 3.81217
vt 31.0432 6.27665
vt 33.1698 3.63356
f 816/3648/479 817/3649/480 815/3650/478

vt -25.5994 7.35639
vt -21.0868 8.5119
vt -17.9277 5.71002
f 787/3651/450 1061/3652/724 784/3653/447

vt -17.8414 5.83071
vt -20.9946 8.6391
vt -15.759 7.64165
f 784/3654/447 1061/3655/724 1060/3656/723

vt -17.8794 5.84908
vt -15.7988 7.66216
vt -13.7787 5.3114
f 784/3657/447 1060/3658/723 782/3659/445

vt -13.6334 5.47632
vt -15.643 7.8361
v 54.221 22.1632 -17.355
vt -13.2851 7.01207
vn -0.689528 0.246006 0.681199
f 782/3660/445 1060/3661/723 1132/3662/795

vt -13.3823 6.74899
vt -15.7422 7.56716
vt -10.2766 7.62946
f 1132/3663/795 1060/3664/723 1057/3665/720

vt -10.215 5.59922
vt -13.4202 6.84935
vt -10.3153 7.73258
f 780/3666/443 1132/3667/795 1057/3668/720

vt -13.7055 5.45668
vt -13.3609 6.99327
vt -10.1579 5.73745
f 782/3669/445 1132/3670/795 780/3671/443

vt -9.97504 5.67245
vt -10.0618 7.8064
vt -6.98051 5.80496
f 780/3672/443 1057/3673/720 1056/3674/719

vt -9.9797 5.75972
vt -6.98518 5.89262
vt -8.75709 4.44872
f 780/3675/443 1056/3676/719 778/3677/441

vt -8.96746 4.58799
vt -7.20735 6.04624
vt -7.7481 4.45477
f 778/3678/441 1056/3679/719 776/3680/439

vt -8.44214 4.22809
vt -7.97674 5.8432
vt -6.04282 3.68876
f 776/3681/439 1056/3682/719 772/3683/435

vt -8.36336 4.47324
vt -5.96916 3.91167
vt -7.32782 2.8601
f 776/3684/439 772/3685/435 774/3686/437

vt -7.76024 9.25647
vt -5.4752 7.20568
vt -6.98146 6.5244
f 1014/3687/677 1015/3688/678 1055/3689/718

vt -0.844227 1.08246
vt -1.8994 1.66468
vt -0.365585 1.53071
f 1040/3690/703 771/3691/434 1041/3692/704

vt -0.671692 1.33368
vt -1.53144 1.39864
vt -1.70511 1.95369
f 1040/3693/703 1039/3694/702 771/3695/434

vt -1.50609 2.05186
vt -1.35436 1.49041
vt -3.0253 1.99269
f 771/3696/434 1039/3697/702 769/3698/432

vt -4.28205 8.28287
v 52.9166 24.1274 -23.4397
vt -3.20968 9.24733
vn -0.931934 0.279534 0.230998
vt -3.30085 7.02412
f 1019/3699/682 1133/3700/796 1050/3701/713

vt -3.81483 9.39655
vt -3.23668 9.29468
vt -4.31028 8.33159
f 1020/3702/683 1133/3703/796 1019/3704/682

vt -3.8043 9.42328
v 52.9999 25.4681 -23.3609
vt -3.50105 10.7469
vn -0.905235 0.271634 0.32675
vt -3.22622 9.32103
f 1020/3705/683 1134/3706/797 1133/3707/796

vt -4.07021 10.8726
vt -3.39638 10.7709
vt -3.71036 9.44969
f 1022/3708/685 1134/3709/797 1020/3710/683

vt -4.08589 10.7835
vt -2.92163 11.9584
vt -3.41204 10.6818
f 1022/3711/685 1023/3712/686 1134/3713/797

vt -3.46843 10.3878
vt -3.03399 11.6844
vt -2.6062 10.8066
f 1134/3714/797 1023/3715/686 1027/3716/690

vt -2.90913 11.8056
vt -2.2685 11.7882
vt -2.46364 10.9366
f 1023/3717/686 1026/3718/689 1027/3719/690

v 54.0004 26.7285 -24.6027
vt -2.50137 11.8165
vn -0.897096 -0.150165 -0.415534
vt -2.27407 11.1657
vt -2.91468 11.1837
f 1135/3720/798 1026/3721/689 1023/3722/686

vt -1.81953 12.345
vt -1.84648 13.3695
vt -1.53229 11.7183
f 1135/3723/798 1024/3724/687 1026/3725/689

vt -2.60263 13.5612
vt -2.65409 12.5376
vt -3.10204 11.9288
f 1024/3726/687 1135/3727/798 1023/3728/686

vt -3.54809 10.7326
vt -2.68292 11.1453
v 53.3998 24.5245 -24.0196
vt -2.79883 9.99302
vn -0.954394 0.0870045 -0.28559
f 1134/3729/797 1027/3730/690 1136/3731/799

vt -1.70192 9.90883
vt -1.57505 11.06
vt -1.43983 9.38021
f 1136/3732/799 1027/3733/690 1029/3734/692

vt -1.42815 11.0709
vt -0.667612 10.5087
vt -1.28995 9.39135
f 1027/3735/690 1028/3736/691 1029/3737/692

vt -2.98548 8.65392
vt -2.56938 9.35857
vt -2.34548 8.81269
f 1133/3738/796 1136/3739/799 1029/3740/692

vt -3.57865 10.7086
vt -2.82868 9.96977
vt -3.28038 9.2874
f 1134/3741/797 1136/3742/799 1133/3743/796

vt -3.0964 9.36602
vt -2.45538 9.52063
vt -2.55732 8.3063
f 1133/3744/796 1029/3745/692 1030/3746/693

vt -3.22826 9.31583
vt -2.67781 8.26197
vt -3.36018 7.09467
f 1133/3747/796 1030/3748/693 1050/3749/713

vt -3.39177 6.90571
vt -2.74256 8.09179
v 52.5253 21.9833 -23.4579
vt -2.82614 6.75271
vn -0.859442 0.50572 -0.0748822
f 1050/3750/713 1030/3751/693 1137/3752/800

vt -2.26374 8.36612
vt -2.17473 7.18906
vt -2.47504 7.04118
f 1030/3753/693 1031/3754/694 1137/3755/800

vt -2.53792 7.04802
vt -2.23868 7.19805
v 52.4733 20.5644 -23.7072
vt -2.13596 5.56017
vn 0.0743252 0.0561349 -0.995653
f 1137/3756/800 1031/3757/694 1138/3758/801

vt -0.963955 5.78288
vt -0.827799 7.41832
vt -0.585372 6.07241
f 1138/3759/801 1031/3760/694 1032/3761/695

vt -0.831115 5.6866
vt -0.449843 5.97258
v 52.1297 19.4393 -23.5729
vt -0.931597 4.36324
vn 0.333017 -0.180096 -0.925562
f 1138/3762/801 1032/3763/695 1139/3764/802

vt -0.188612 5.91655
vt -0.594561 3.11754
vt -0.68824 4.31267
f 1032/3765/695 1033/3766/696 1139/3767/802

vt -1.95715 4.21939
vt -1.64651 4.20197
vt -1.519 3.00998
f 1047/3768/710 1139/3769/802 1033/3770/696

vt -1.94812 4.34431
vt -1.60107 5.65341
vt -1.63748 4.32674
f 1047/3771/710 1138/3772/801 1139/3773/802

v 52.1047 20.826 -23.34
vt -2.41526 5.69196
vn -0.855591 0.506647 -0.106173
vt -2.03107 5.60014
vt -2.31312 4.27552
f 1140/3774/803 1138/3775/801 1047/3776/710

vt -2.39402 7.09894
vt -2.02418 5.60278
vt -2.40826 5.69506
f 1137/3777/800 1138/3778/801 1140/3779/803

vt -2.83002 6.75554
vt -2.64156 5.3643
vt -3.08166 5.5618
f 1137/3780/800 1140/3781/803 1048/3782/711

vt -3.06151 5.654
vt -2.62045 5.45867
vt -2.3562 4.06335
f 1048/3783/711 1140/3784/803 1047/3785/710

vt -3.39213 6.89983
vt -2.82654 6.74671
vt -3.07589 5.5525
f 1050/3786/713 1137/3787/800 1048/3788/711

vt -1.39928 2.94019
vt -1.19718 4.48147
vt -0.808445 3.25528
f 1046/3789/709 1047/3790/710 1033/3791/696

vt -1.38427 2.92058
vt -0.793038 3.23494
v 51.3931 17.1841 -23.2874
vt -1.15425 1.75597
vn 0.533407 -0.229104 -0.814241
f 1046/3792/709 1033/3793/696 1141/3794/804

vt -0.20379 1.55063
vt 0.221472 3.01246
vt 1.21015 2.60622
f 1141/3795/804 1033/3796/696 1034/3797/697

vt -0.503038 0.417512
vt -0.189546 1.53182
vt 1.22452 2.58724
f 1035/3798/698 1141/3799/804 1034/3800/697

vt -1.42669 0.937986
vt -0.868504 1.69619
vt -1.15963 0.575836
f 1043/3801/706 1141/3802/804 1035/3803/698

vt -1.48663 1.68384
vt -1.05522 1.80038
vt -1.60272 1.03442
f 1044/3804/707 1141/3805/804 1043/3806/706

vt -1.26867 2.94992
vt -1.04949 1.78323
vt -1.48095 1.66693
f 1046/3807/709 1141/3808/804 1044/3809/707

vt -1.73689 0.701049
vt -1.46739 0.340711
vt -1.74179 0.193415
f 1043/3810/706 1035/3811/698 1042/3812/705

vt -1.26341 -0.702227
vt -1.00011 -0.535902
vt -1.01033 -0.976113
f 1042/3813/705 1035/3814/698 1036/3815/699

vt 2.44949 11.8859
vt 1.08063 12.0072
vt 1.66508 12.0962
f 991/3816/654 992/3817/655 1000/3818/663

vt 1.73633 14.1541
vt 1.14965 14.0813
vt 0.884145 14.4441
f 1000/3819/663 992/3820/655 998/3821/661

vt 0.0194454 17.2093
vt 0.361909 16.9181
vt -0.176172 17.1464
f 998/3822/661 992/3823/655 997/3824/660

vt -0.176367 17.2236
vt -0.578423 18.499
vt -0.0290285 18.2994
f 993/3825/656 997/3826/660 992/3827/655

vt -21.1024 12.3175
vt -23.7594 13.7085
vt -21.1692 13.8089
f 980/3828/643 964/3829/627 962/3830/625

vt -24.1667 12.2346
vt -23.7381 13.7553
vt -21.0778 12.3707
f 978/3831/641 964/3832/627 980/3833/643

vt -24.399 14.765
vt -24.5454 16.1782
vt -23.8422 16.2437
f 978/3834/641 965/3835/628 964/3836/627

vt -24.4881 13.9705
vt -25.8918 13.9447
vt -24.6832 15.3778
f 978/3837/641 975/3838/638 965/3839/628

vt -24.5665 14.2963
vt -25.7363 12.8313
vt -27.095 13.4322
f 965/3840/628 975/3841/638 974/3842/637

vt -26.6678 13.4726
vt -24.4815 13.304
vt -26.9997 12.4105
f 967/3843/630 965/3844/628 974/3845/637

vt -11.1899 8.17475
vt -13.8458 8.51772
vt -11.3539 8.74711
f 958/3846/621 901/3847/564 902/3848/565

vt -11.061 8.00156
vt -11.2388 8.56976
vt -10.0999 8.08534
f 958/3849/621 902/3850/565 957/3851/620

vt -10.9805 9.74928
vt -9.71954 9.8392
vt -9.82097 9.3165
f 902/3852/565 908/3853/571 957/3854/620

vt -10.0751 9.82749
vt -9.95384 10.346
vt -8.70137 10.0881
f 957/3855/620 908/3856/571 954/3857/617

vt -10.2368 7.45672
vt -8.06505 7.62178
vt -9.00292 7.12094
f 908/3858/571 909/3859/572 954/3860/617

vt 5.19365 7.23749
vt 7.47869 9.28829
vt 6.69991 6.55621
f 920/3861/583 918/3862/581 919/3863/582

vt 3.31209 6.44186
vt 3.59046 7.50772
vt 4.97085 6.9191
f 922/3864/585 927/3865/590 920/3866/583

vt 28.7085 11.5899
vt 30.7164 10.6564
vt 28.4542 10.8865
f 845/3867/508 821/3868/484 820/3869/483

vt 29.9557 11.5209
vt 30.3937 9.59277
vt 28.3926 10.5408
f 843/3870/506 821/3871/484 845/3872/508

vt 31.0093 9.97301
vt 30.0058 9.17211
vt 29.5877 11.1047
f 824/3873/487 821/3874/484 843/3875/506

vt 32.0177 13.9397
vt 31.4404 10.9606
vt 30.0077 12.0782
f 841/3876/504 824/3877/487 843/3878/506

vt 31.3849 12.3808
vt 30.4104 10.7847
vt 31.0272 13.7559
f 826/3879/489 824/3880/487 841/3881/504

vt 33.1623 14.4095
vt 32.1059 12.8009
vt 31.7392 14.1736
f 828/3882/491 826/3883/489 841/3884/504

vt 34.3152 17.5182
vt 33.1364 14.5767
vt 31.7133 14.3411
f 830/3885/493 828/3886/491 841/3887/504

vt -3.75292 7.44137
vt -2.65121 5.9671
vt -4.58596 7.54422
f 766/3888/429 712/3889/375 710/3890/373

vt 6.3103 -5.14427
vt 7.11675 -4.91152
vt 7.93487 -5.68835
f 766/3891/429 710/3892/373 764/3893/427

vt 9.42279 -2.6307
vt 8.39444 -2.16673
vt 10.8277 -2.19655
f 764/3894/427 710/3895/373 709/3896/372

vt 9.27973 -3.00534
vt 10.703 -2.63564
vt 10.6813 -3.10891
f 764/3897/427 709/3898/372 763/3899/426

vt 11.0762 -1.4687
vt 11.0268 -0.997513
v 54.8223 16.8457 -18.998
vt 12.4656 -1.27674
vn -0.24731 -0.94396 0.218578
f 763/3900/426 709/3901/372 1142/3902/805

vt 11.0926 0.0237674
vt 11.7876 0.330227
vt 12.5484 -0.14633
f 709/3903/372 707/3904/370 1142/3905/805

vt 12.5561 0.801314
vt 11.7633 1.22255
vt 13.7833 1.22349
f 1142/3906/805 707/3907/370 704/3908/367

vt -9.77791 9.7447
vt -9.00774 8.80277
vt -10.1451 9.42786
f 758/3909/421 1142/3910/805 704/3911/367

vt -10.7697 5.44967
vt -11.5588 5.04033
vt -12.6067 5.65852
f 761/3912/424 1142/3913/805 758/3914/421

vt -11.1045 4.76928
vt -10.4679 4.19797
vt -11.8659 4.31054
f 761/3915/424 763/3916/426 1142/3917/805

vt -10.9251 -7.9303
vt -10.6712 -8.34353
vt -11.4942 -9.10698
f 758/3918/421 704/3919/367 703/3920/366

vt 23.9238 -2.28332
v 59.2906 16.5451 -15.7167
vt 24.0547 -1.7677
vn 0.388899 -0.811089 -0.436913
vt 25.3656 -2.02792
f 697/3921/360 1143/3922/806 752/3923/415

vt 24.0815 -1.01823
vt 21.1385 -0.872514
vt 24.1847 -0.496362
f 697/3924/360 696/3925/359 1143/3926/806

vt 21.0631 -1.07446
vt 20.5993 -0.613204
vt 24.1191 -0.789395
f 696/3927/359 698/3928/361 1143/3929/806

vt 20.6296 0.24114
v 59.9023 16.8016 -16.1669
vt 24.3342 0.790114
vn 0.541063 -0.610214 -0.578696
vt 24.151 0.102958
f 698/3930/361 1144/3931/807 1143/3932/806

vt 20.6371 0.240608
v 58.7156 16.8801 -17.3325
vt 20.7409 0.766184
vn 0.49083 -0.627617 -0.604304
vt 24.3403 0.799293
f 698/3933/361 1145/3934/808 1144/3935/807

vt 15.4064 -4.53876
v 59.1951 17.326 -17.8384
vt 15.7977 -3.28535
vn 0.56263 -0.558397 -0.609623
vt 15.688 -4.08297
f 698/3936/361 1146/3937/809 1145/3938/808

v 57.1581 16.899 -18.3444
vt 16.8259 0.723163
vn 0.497654 -0.697938 -0.514998
vt 20.6114 1.82711
vt 20.6277 0.514165
f 1147/3939/810 1146/3940/809 698/3941/361

vt 16.8358 0.733421
v 57.7828 17.2619 -18.8223
vt 16.9814 1.51856
vn 0.572881 -0.579313 -0.579831
vt 20.6179 1.84902
f 1147/3942/810 1148/3943/811 1146/3944/809

vt 16.9046 1.27128
v 57.19 17.1724 -19.4051
vt 15.2419 1.8851
vn 0.581165 -0.584304 -0.566423
vt 17.0243 2.06079
f 1147/3945/810 1149/3946/812 1148/3947/811

vt 15.5536 0.110057
vt 15.2147 1.31126
vt 16.8609 0.654526
f 702/3948/365 1149/3949/812 1147/3950/810

vt 14.2357 4.1174
vt 14.0229 4.93578
vt 14.6568 3.8606
f 705/3951/368 1149/3952/812 702/3953/365

vt 13.0482 0.898533
vt 15.1832 1.33696
vt 15.1882 0.491384
f 706/3954/369 1149/3955/812 705/3956/368

vt 13.0221 0.964013
v 56.8419 17.6876 -20.6707
vt 12.6165 2.17977
vn 0.603113 -0.51814 -0.606453
vt 15.1604 1.38621
f 706/3957/369 1150/3958/813 1149/3959/812

v 55.6901 17.2303 -20.985
vt 10.5284 1.797
vn 0.587978 -0.576862 -0.56702
vt 12.6722 2.64156
vt 13.1175 1.43974
f 1151/3960/814 1150/3961/813 706/3962/369

vt 10.5001 1.79149
v 56.233 17.831 -21.5523
vt 10.3529 2.77361
vn 0.628998 -0.49458 -0.599793
vt 12.6551 2.60719
f 1151/3963/814 1152/3964/815 1150/3965/813

vt 10.5447 2.32191
v 55.4592 17.0873 -21.2526
vt 9.79924 2.14744
vn 0.580766 -0.584368 -0.566767
vt 10.3505 3.29584
f 1151/3966/814 1153/3967/816 1152/3968/815

vt 10.5164 1.61882
vt 9.77221 2.27457
vt 10.5137 2.46523
f 708/3969/371 1153/3970/816 1151/3971/814

vt 8.2172 0.367726
vt 9.7476 0.996963
vt 10.4156 0.263784
f 711/3972/374 1153/3973/816 708/3974/371

vt 8.16247 0.350533
v 55.192 17.286 -21.9814
vt 8.15188 1.29635
vn 0.545718 -0.601721 -0.583202
vt 9.70585 0.947213
f 711/3975/374 1154/3976/817 1153/3977/816

vt 6.74337 0.737725
vt 8.09085 1.08157
vt 8.0764 0.135798
f 721/3978/384 1154/3979/817 711/3980/374

vt 7.63749 2.79001
vt 7.97901 1.46637
vt 6.62152 1.16447
f 722/3981/385 1154/3982/817 721/3983/384

vt 7.7857 3.38341
vt 9.77501 1.78339
vt 8.21097 2.08425
f 722/3984/385 1153/3985/816 1154/3986/817

vt 9.00187 3.47614
vt 9.76664 1.72892
vt 7.78325 3.33628
f 724/3987/387 1153/3988/816 722/3989/385

vt 8.99551 3.73105
vt 10.3723 3.14215
vt 9.80242 2.00288
f 724/3990/387 1152/3991/815 1153/3992/816

vt 10.1657 5.23485
vt 10.3499 3.33322
vt 8.96531 3.90345
f 725/3993/388 1152/3994/815 724/3995/387

vt 10.2289 4.94055
vt 12.6622 2.87558
vt 10.3595 3.03448
f 725/3996/388 1150/3997/813 1152/3998/815

vt 14.0532 3.90851
vt 12.6441 2.75851
vt 10.2233 4.83807
f 728/3999/391 1150/4000/813 725/4001/388

vt 12.6666 2.81497
vt 14.0652 3.97765
vt 15.2275 2.07839
f 1150/4002/813 728/4003/391 1149/4004/812

vt 15.2025 1.92664
vt 14.056 3.8355
v 58.3196 17.9167 -19.4476
vt 16.7374 3.11331
vn 0.61317 -0.492014 -0.618017
f 1149/4005/812 728/4006/391 1155/4007/818

vt 16.8753 5.16017
vt 16.7493 3.3208
vt 14.0639 4.02783
f 729/4008/392 1155/4009/818 728/4010/391

v 59.7575 18.1112 -18.4426
vt 20.4168 3.60733
vn 0.621697 -0.467231 -0.628639
vt 16.722 3.17364
vt 16.8645 5.0118
f 1156/4011/819 1155/4012/818 729/4013/392

vt 20.6134 2.35491
vt 16.7298 3.08731
vt 20.4236 3.52895
f 1146/4014/809 1155/4015/818 1156/4016/819

vt 16.9571 1.81662
vt 16.7158 2.86798
vt 20.5961 2.11797
f 1148/4017/811 1155/4018/818 1146/4019/809

vt 15.2328 2.03704
vt 16.7537 3.24166
vt 17.0168 2.19557
f 1149/4020/812 1155/4021/818 1148/4022/811

v 60.9276 17.7774 -16.9185
vt 24.5871 3.19922
vn 0.60082 -0.48325 -0.636776
vt 20.6149 2.36368
vt 20.4247 3.53765
f 1157/4023/820 1146/4024/809 1156/4025/819

vt 24.357 1.60155
vt 20.6298 2.34466
vt 24.5975 3.20132
f 1144/4026/807 1146/4027/809 1157/4028/820

vt 20.7376 1.27206
vt 20.6148 2.06776
vt 24.337 1.3007
f 1145/4029/808 1146/4030/809 1144/4031/807

vt 23.4002 -0.212443
vt 23.7743 1.36145
vt 24.4 0.854644
f 1144/4032/807 1157/4033/820 736/4034/399

vt 24.9427 2.28299
vt 24.3033 2.77226
vt 24.7944 4.38986
f 736/4035/399 1157/4036/820 734/4037/397

vt 25.037 4.98054
vt 24.5914 3.34981
vt 20.4285 3.68204
f 734/4038/397 1157/4039/820 1156/4040/819

vt 16.8692 5.08407
vt 25.0346 4.97912
vt 20.4243 3.68683
f 729/4041/392 734/4042/397 1156/4043/819

vt 25.5395 6.9242
vt 25.0352 5.11353
vt 16.8698 5.21674
f 731/4044/394 734/4045/397 729/4046/392

v 59.9132 16.571 -15.6172
vt 25.2328 0.735362
vn 0.476439 -0.71282 -0.514678
vt 24.3336 1.14058
vt 25.2316 2.29461
f 1158/4047/821 1144/4048/807 736/4049/399

vt 23.9444 -0.913409
vt 24.158 -0.235091
vt 25.0403 -0.675862
f 1143/4050/806 1144/4051/807 1158/4052/821

vt 25.4992 -0.400052
vt 24.1776 -0.201246
vt 25.2565 0.104372
f 752/4053/415 1143/4054/806 1158/4055/821

vt 25.4376 -1.01631
vt 25.2067 -0.506351
vt 27.477 -1.15099
f 752/4056/415 1158/4057/821 749/4058/412

vt 27.5794 0.374097
vt 25.2833 0.919472
vt 26.8031 1.54099
f 749/4059/412 1158/4060/821 737/4061/400

vt 25.0616 -0.0844088
vt 25.1114 1.47404
vt 26.6194 0.434579
f 1158/4062/821 736/4063/399 737/4064/400

vt 26.7655 0.601299
vt 28.9857 -0.078956
vt 27.5025 -0.590816
f 737/4065/400 739/4066/402 749/4067/412

vt 6.28199 -0.161612
vt 6.78083 0.933292
vt 8.1215 0.348557
f 713/4068/376 721/4069/384 711/4070/374

vt 5.50465 0.716575
vt 6.86197 1.10733
vt 6.39935 -0.00335756
f 720/4071/383 721/4072/384 713/4073/376

vt 4.86259 0.315329
vt 5.61687 1.21636
vt 6.54754 0.543572
f 715/4074/378 720/4075/383 713/4076/376

vt 4.75883 0.258731
vt 3.77236 0.546579
vt 5.54161 1.13511
f 715/4077/378 717/4078/380 720/4079/383

vt 10.4513 0.751532
vt 10.519 1.59524
vt 13.1058 1.22249
f 708/4080/371 1151/4081/814 706/4082/369

vt 15.6443 0.915298
vt 16.9108 1.54895
vt 17.2819 1.05752
f 702/4083/365 1147/4084/810 699/4085/362

vt 17.0763 -1.10113
vt 16.7654 -0.569534
vt 20.5622 -0.855595
f 699/4086/362 1147/4087/810 698/4088/361

g Mesh30 Pillow_Gardenia_26_1 Pillow_Gardenia_ID_Jaipur_PEY05__2_1 Pillow_Abernathy_SKU_EAN5489__16_1 Group1 Model

v 62.0603 27.7438 -24.9979
vt -2.40026 14.9648
vn -0.3227 -0.0975213 -0.941464
v 62.0161 26.5311 -24.959
vt -2.11429 13.5159
vn -0.143975 -0.194517 -0.970275
v 61.5772 27.2889 -24.6665
vt -2.74311 14.1936
vn -0.630216 0.0457758 -0.775069
f 1159/4089/822 1160/4090/823 1161/4091/824

v 62.669 28.0313 -25.2728
vt -1.50074 15.6446
vn 0.109892 -0.209904 -0.971527
vt -1.70974 13.5906
vt -1.98779 15.0411
f 1162/4092/825 1160/4093/823 1159/4094/822

vt -1.11307 15.6234
v 62.5342 26.304 -25.0925
vt -0.793797 13.506
vn 0.120757 -0.258484 -0.958438
vt -1.33569 13.5709
f 1162/4095/825 1163/4096/826 1160/4097/823

vt -0.59465 15.6855
v 63.1744 26.1943 -25.1314
vt 0.365681 13.6568
vn 0.339817 -0.249714 -0.906735
vt -0.295538 13.5651
f 1162/4098/825 1164/4099/827 1163/4100/826

vt -0.508278 15.7099
v 63.6664 27.5076 -25.264
vt 0.622738 15.4209
vn 0.433744 -0.22252 -0.873127
vt 0.447231 13.679
f 1162/4101/825 1165/4102/828 1164/4103/827

v 63.679 28.7325 -25.3848
vt 0.325696 16.8831
vn 0.423966 -0.23431 -0.874844
vt 0.616695 15.4079
vt -0.514372 15.6968
f 1166/4104/829 1165/4105/828 1162/4106/825

v 65.1521 27.9657 -24.8397
vt 2.97941 16.366
vn 0.558737 -0.207416 -0.802989
vt 1.29058 15.4288
vt 1.03973 16.9113
f 1167/4107/830 1165/4108/828 1166/4109/829

v 65.6674 26.8006 -24.5398
vt 3.87455 15.0843
vn 0.552962 -0.199849 -0.808884
vt 1.30086 15.4248
vt 2.9902 16.3611
f 1168/4110/831 1165/4111/828 1167/4112/830

vt 3.88171 15.0891
v 64.0892 25.7639 -24.9837
vt 2.17303 13.4372
vn 0.467243 -0.262268 -0.844334
vt 1.30816 15.4306
f 1168/4113/831 1169/4114/832 1165/4115/828

v 65.2363 25.8599 -24.6343
vt 3.48414 13.8585
vn 0.543916 -0.312038 -0.778966
vt 2.12799 13.4427
vt 3.83089 15.1006
f 1170/4116/833 1169/4117/832 1168/4118/831

vt 3.63571 13.4511
v 63.5461 25.1541 -24.8761
vt 1.9056 12.1117
vn 0.446717 -0.36323 -0.817624
vt 2.27867 13.0382
f 1170/4119/833 1171/4120/834 1169/4121/832

v 65.4499 24.2022 -23.6979
vt 4.75512 11.2942
vn 0.570911 -0.299395 -0.764476
vt 1.92784 12.0639
vt 3.65608 13.4057
f 1172/4122/835 1171/4123/834 1170/4124/833

vt 4.75182 11.2721
v 63.6461 24.5717 -24.5329
vt 2.34528 11.3051
vn 0.473045 -0.281062 -0.835005
vt 1.92471 12.0424
f 1172/4125/835 1173/4126/836 1171/4127/834

v 63.3653 23.8496 -24.6393
vt 2.09832 10.8755
vn 0.502833 -0.253456 -0.826389
vt 2.35347 11.8075
vt 4.76001 11.7743
f 1174/4128/837 1173/4129/836 1172/4130/835

vt 2.01685 11.8665
vt 1.7918 10.9268
v 62.7565 24.1487 -24.7714
vt 1.04822 11.1124
vn 0.372415 -0.201641 -0.905896
f 1173/4131/836 1174/4132/837 1175/4133/838

vt 1.6601 10.6645
v 62.7645 22.8492 -24.4244
vt 1.34342 9.23962
vn 0.386852 -0.323307 -0.863608
vt 0.915432 10.8457
f 1174/4134/837 1176/4135/839 1175/4136/838

vt 1.61799 9.17631
vt 1.92638 10.603
v 63.666 21.987 -23.8944
vt 2.99229 8.33615
vn 0.484966 -0.370569 -0.79214
f 1176/4137/839 1174/4138/837 1177/4139/840

vt 2.97285 8.32308
vt 1.90823 10.5906
v 64.5322 22.5646 -23.9063
vt 3.74257 9.29263
vn 0.534583 -0.321992 -0.781372
f 1177/4140/840 1174/4141/837 1178/4142/841

vt 3.91874 9.53548
vt 2.08486 10.8341
v 64.8563 23.373 -23.931
vt 4.10985 10.6011
vn 0.588143 -0.252028 -0.768485
f 1178/4143/841 1174/4144/837 1179/4145/842

vt 4.12971 10.64
vt 2.10505 10.8758
vt 4.76733 11.7728
f 1179/4146/842 1174/4147/837 1172/4148/835

vt 4.28955 10.5765
vt 4.94413 11.6996
v 66.3295 23.0235 -22.9275
vt 6.5046 10.4182
vn 0.624333 -0.27775 -0.730112
f 1179/4149/842 1172/4150/835 1180/4151/843

vt 6.51544 10.4117
vt 4.95628 11.6947
v 67.7858 23.9928 -22.1209
vt 8.42179 11.8547
vn 0.637246 -0.317344 -0.702289
f 1180/4152/843 1172/4153/835 1181/4154/844

vt 8.43503 11.5878
vt 4.96951 11.4281
v 66.2124 25.2883 -23.8564
vt 5.43841 13.0017
vn 0.595884 -0.346112 -0.724658
f 1181/4155/844 1172/4156/835 1182/4157/845

vt 5.36212 13.0163
vt 4.88435 11.4454
vt 3.76905 13.5484
f 1182/4158/845 1172/4159/835 1170/4160/833

v 66.6322 26.369 -24.0313
vt 5.53441 14.616
vn 0.609083 -0.251694 -0.752109
vt 5.39471 13.1665
vt 3.80102 13.6967
f 1183/4161/846 1182/4162/845 1170/4163/833

v 67.6542 25.5517 -22.9321
vt 7.53317 13.735
vn 0.648474 -0.311568 -0.694555
vt 5.47228 13.1639
vt 5.61028 14.6136
f 1184/4164/847 1182/4165/845 1183/4166/846

vt 7.53507 13.7259
vt 8.4741 11.7479
vt 5.47422 13.1548
f 1184/4167/847 1181/4168/844 1182/4169/845

v 69.3898 23.6099 -20.4687
vt 11.4044 11.4767
vn 0.677125 -0.320846 -0.662238
vt 8.52094 11.781
vt 7.5804 13.7583
f 1185/4170/848 1181/4171/844 1184/4172/847

v 68.1515 21.8298 -20.8069
vt 10.1517 9.05298
vn 0.66412 -0.350175 -0.660547
vt 8.52078 11.7797
vt 11.4042 11.4755
f 1186/4173/849 1181/4174/844 1185/4175/848

v 66.2217 21.4617 -22.3794
vt 7.10474 8.34689
vn 0.612981 -0.36455 -0.700969
vt 8.51825 11.7783
vt 10.1491 9.0515
f 1187/4176/850 1181/4177/844 1186/4178/849

vt 7.09012 8.35335
vt 6.58924 10.3521
vt 8.50322 11.7849
f 1187/4179/850 1180/4180/843 1181/4181/844

v 65.3042 22.0175 -23.2938
vt 5.4205 8.91287
vn 0.564419 -0.372671 -0.736578
vt 6.56886 10.3487
vt 7.07011 8.35003
f 1188/4182/851 1180/4183/843 1187/4184/850

vt 5.35448 8.96212
vt 4.2849 10.5579
vt 6.5 10.4002
f 1188/4185/851 1179/4186/842 1180/4187/843

vt 4.07686 9.49164
vt 4.27501 10.5559
vt 5.34525 8.96065
f 1178/4188/841 1179/4189/842 1188/4190/851

vt 3.19724 8.10454
vt 3.95454 9.08383
vt 5.22052 8.54712
f 1177/4191/840 1178/4192/841 1188/4193/851

v 62.4211 20.7254 -23.618
vt 2.35466 6.11492
vn 0.484458 -0.380626 -0.787671
vt 3.19817 8.09752
vt 5.22141 8.54026
f 1189/4194/852 1177/4195/840 1188/4196/851

vt 2.06277 6.2503
vt 1.56728 9.0611
vt 2.93992 8.21824
f 1189/4197/852 1176/4198/839 1177/4199/840

v 61.636 21.5187 -24.0921
vt 0.844139 7.03474
vn 0.383037 -0.323475 -0.865244
vt 1.55941 9.05852
vt 2.05383 6.24752
f 1190/4200/853 1176/4201/839 1189/4202/852

v 61.129 22.1631 -24.2043
vt -0.378434 7.86747
vn 0.237111 -0.267417 -0.933952
vt 1.06076 9.26534
vt 0.318393 7.25134
f 1191/4203/854 1176/4204/839 1190/4205/853

vt -0.359238 7.84614
v 61.8304 23.8183 -24.6031
vt -0.147923 10.1167
vn 0.150412 -0.240885 -0.958828
vt 1.0797 9.24428
f 1191/4206/854 1192/4207/855 1176/4208/839

v 60.6454 22.2844 -24.0696
vt -1.50924 7.8669
vn -0.125564 -0.153934 -0.98007
vt -0.807029 10.185
vt -1.02721 7.91526
f 1193/4209/856 1192/4210/855 1191/4211/854

v 61.3335 25.1591 -24.5249
vt -1.75156 11.618
vn -0.332455 -0.0834065 -0.939424
vt -0.944529 10.224
vt -1.64525 7.90551
f 1194/4212/857 1192/4213/855 1193/4214/856

v 61.7992 25.0446 -24.7232
vt -1.47348 11.5754
vn 0.111754 -0.229738 -0.966815
vt -1.12745 10.1158
vt -1.9338 11.5101
f 1195/4215/858 1192/4216/855 1194/4217/857

vt -0.793272 11.733
vt 0.360993 11.0067
vt -0.449967 10.2727
f 1195/4218/858 1175/4219/838 1192/4220/855

vt -0.530772 11.8924
v 62.6652 24.7711 -24.7265
vt 0.4089 11.8569
vn 0.36755 -0.279168 -0.887115
vt 0.613135 11.1499
f 1195/4221/858 1196/4222/859 1175/4223/838

v 62.5022 25.133 -24.9162
vt 0.0452903 10.7292
vn 0.303721 -0.353731 -0.884663
vt 0.36051 10.2922
vt -0.579125 10.3286
f 1197/4224/860 1196/4225/859 1195/4226/858

vt 0.512454 11.5089
vt 1.98808 11.1331
vt 0.848595 11.0878
f 1197/4227/860 1173/4228/836 1196/4229/859

vt 1.55041 11.5602
vt 1.94586 10.8091
vt 0.47158 11.1902
f 1171/4230/834 1173/4231/836 1197/4232/860

vt 0.684687 13.5096
vt 1.38745 12.3503
vt 0.305314 11.9901
f 1164/4233/827 1171/4234/834 1197/4235/860

vt 0.705399 13.5231
vt 1.79446 13.285
vt 1.40829 12.3639
f 1164/4236/827 1169/4237/832 1171/4238/834

vt 0.931126 15.3959
vt 1.82908 13.4171
vt 0.740125 13.6557
f 1165/4239/828 1169/4240/832 1164/4241/827

vt -0.282666 13.4935
vt 0.378573 13.585
vt -0.000309001 12.0655
f 1163/4242/826 1164/4243/827 1197/4244/860

vt -0.664553 13.4188
vt -0.381588 11.9909
vt -1.01811 11.6099
f 1163/4245/826 1197/4246/860 1195/4247/858

v 61.5638 26.4781 -24.6967
vt -2.03406 13.2906
vn -0.291134 -0.15182 -0.944559
vt -1.09211 13.4985
vt -1.44376 11.6892
f 1198/4248/861 1163/4249/826 1195/4250/858

vt -1.44242 11.8488
vt -0.901102 11.7793
vt -1.83966 11.5566
f 1160/4251/823 1163/4252/826 1198/4253/861

vt -2.63559 14.2703
vt -2.00825 13.5912
vt -2.41875 13.318
f 1161/4254/824 1160/4255/823 1198/4256/861

v 61.2688 26.534 -24.4307
vt -3.08587 13.1498
vn -0.76933 0.0891291 -0.632603
vt -2.98427 14.1936
vt -2.75916 13.2432
f 1199/4257/862 1161/4258/824 1198/4259/861

v 61.0164 26.7605 -24.0274
vt -3.64258 13.225
vn -0.946821 0.230601 -0.224395
vt -3.10339 14.1802
vt -3.19913 13.1359
f 1200/4260/863 1161/4261/824 1199/4262/862

vt -3.64944 13.2385
v 61.7129 28.1184 -24.7194
vt -3.22582 15.2254
vn -0.833494 0.102456 -0.542946
vt -3.10942 14.1933
f 1200/4263/863 1201/4264/864 1161/4265/824

vt -3.54795 13.1898
v 61.4689 28.6028 -24.088
vt -3.82779 15.5208
vn -0.953275 0.292888 0.0740431
vt -3.13284 15.1785
f 1200/4266/863 1202/4267/865 1201/4268/864

v 60.8711 27.0959 -23.4505
vt -3.95928 13.4165
vn -0.943042 0.305669 0.131295
vt -3.63827 15.5336
vt -3.34508 13.2043
f 1203/4269/866 1202/4270/865 1200/4271/863

v 60.8473 27.3023 -22.8339
vt -4.12916 13.3777
vn -0.890201 0.335983 0.307664
vt -3.16883 15.4064
vt -3.46794 13.286
f 1204/4272/867 1202/4273/865 1203/4274/866

v 61.3416 28.6146 -22.9687
vt -4.21773 15.0539
vn -0.839697 0.383854 0.384143
vt -3.08671 15.3429
vt -4.04222 13.312
f 1205/4275/868 1202/4276/865 1204/4277/867

vt -4.22368 15.0882
v 61.7643 29.6443 -23.4944
vt -3.93268 16.5634
vn -0.847232 0.370995 0.380211
vt -3.09261 15.3771
f 1205/4278/868 1206/4279/869 1202/4280/865

vt -3.35918 14.7527
v 62.0563 29.4398 -21.7832
vt -5.04802 15.6899
vn -0.758814 0.419961 0.49783
vt -3.10833 16.2353
f 1205/4281/868 1207/4282/870 1206/4283/869

vt -3.34245 14.7957
v 61.8684 28.6096 -20.7891
vt -5.91614 14.4552
vn -0.761356 0.425989 0.488744
vt -5.03179 15.7319
f 1205/4284/868 1208/4285/871 1207/4286/870

v 60.8774 27.2933 -21.8126
vt -4.19535 12.664
vn -0.827999 0.354487 0.434461
vt -5.90403 14.3159
vt -3.33048 14.6574
f 1209/4287/872 1208/4288/871 1205/4289/868

vt -4.28411 12.5419
v 61.3372 27.7165 -20.7848
vt -5.64027 12.9577
vn -0.78388 0.320218 0.53197
vt -5.98701 14.1998
f 1209/4290/872 1210/4291/873 1208/4292/871

v 60.6603 26.5282 -22.027
vt -3.59392 12.7374
vn -0.849596 0.254034 0.462227
vt -5.32404 14.0768
vt -3.96699 13.6639
f 1211/4293/874 1210/4294/873 1209/4295/872

vt -3.54598 12.7812
v 61.4796 26.0927 -19.7781
vt -6.37326 12.0115
vn -0.762944 0.335746 0.55244
vt -5.27422 14.123
f 1211/4296/874 1212/4297/875 1210/4298/873

v 60.7254 25.9625 -21.6493
vt -3.97336 12.0579
vn -0.827231 0.33809 0.448759
vt -6.3799 12.0249
vt -3.55279 12.7953
f 1213/4299/876 1212/4300/875 1211/4301/874

vt -3.95678 10.7606
v 60.2919 25.3131 -21.6049
vt -3.70164 9.82859
vn -0.804835 0.369216 0.464673
vt -6.36332 10.7273
f 1213/4302/876 1214/4303/877 1212/4304/875

vt -4.30456 9.72198
vt -4.52962 10.6617
v 60.247 25.3436 -22.2938
vt -3.56099 9.90765
vn -0.867054 0.387841 0.312725
f 1214/4305/877 1213/4306/876 1215/4307/878

vt -4.62204 10.4818
v 60.5482 25.7791 -22.6365
vt -3.48259 10.4356
vn -0.886844 0.312319 0.340536
vt -3.65868 9.72108
f 1213/4308/876 1216/4309/879 1215/4310/878

vt -4.56986 12.0094
v 60.5197 26.077 -22.9589
vt -3.09423 12.3853
vn -0.920249 0.226198 0.319336
vt -3.43037 11.9642
f 1213/4311/876 1217/4312/880 1216/4313/879

vt -4.62685 12.048
vt -4.2314 12.7991
vt -3.15257 12.4292
f 1213/4314/876 1211/4315/874 1217/4316/880

vt -4.45909 12.4246
vt -3.75633 13.5839
vt -3.37695 12.0644
f 1211/4317/874 1204/4318/867 1217/4319/880

vt -4.81805 13.3305
vt -3.72899 13.5686
vt -4.43188 12.4094
f 1209/4320/872 1204/4321/867 1211/4322/874

vt -4.77123 13.0895
vt -3.87327 15.0682
vt -3.68227 13.328
f 1209/4323/872 1205/4324/868 1204/4325/867

vt -4.11579 13.4944
vt -3.45455 13.4028
vt -3.73691 11.9748
f 1204/4326/867 1203/4327/866 1217/4328/880

vt -4.1059 12.0498
vt -3.8231 13.4777
v 60.6128 25.5934 -23.6059
vt -3.39153 11.6624
vn -0.962998 0.26876 0.020061
f 1217/4329/880 1203/4330/866 1218/4331/881

vt -3.94962 13.4473
vt -3.3354 13.2351
vt -3.51715 11.6322
f 1203/4332/866 1200/4333/863 1218/4334/881

vt -3.77431 11.6473
vt -3.59698 13.2508
v 60.8951 25.3809 -24.1269
vt -3.22976 11.6118
vn -0.852575 0.144173 -0.502324
f 1218/4335/881 1200/4336/863 1219/4337/882

vt -3.6409 13.24
vt -3.19743 13.1509
vt -3.27141 11.6016
f 1200/4338/863 1199/4339/862 1219/4340/882

vt -3.0795 13.1308
vt -2.62318 11.5578
vt -3.14738 11.5812
f 1199/4341/862 1194/4342/857 1219/4343/882

vt -3.08107 13.1303
vt -2.75437 13.2238
vt -2.62481 11.5573
f 1199/4344/862 1198/4345/861 1194/4346/857

vt -2.07797 13.2756
vt -1.48696 11.6745
vt -1.94728 11.6093
f 1198/4347/861 1195/4348/858 1194/4349/857

vt -3.14406 11.6365
vt -2.61987 11.6131
v 60.6781 24.2228 -24.0871
vt -2.98449 10.1917
vn -0.789669 0.130309 -0.599535
f 1219/4350/882 1194/4351/857 1220/4352/883

vt -2.85515 10.189
vt -2.48264 11.6083
v 60.4659 22.8339 -23.9946
vt -2.66098 8.46438
vn -0.530532 -0.00754578 -0.847631
f 1220/4353/883 1194/4354/857 1221/4355/884

vt -2.31551 8.45881
vt -2.12151 11.6018
vt -2.00349 7.88968
f 1221/4356/884 1194/4357/857 1193/4358/856

v 59.9682 21.9946 -23.6196
vt -2.73586 7.12896
vn -0.862317 0.161388 -0.479962
vt -2.47647 8.36791
vt -2.16517 7.79838
f 1222/4359/885 1221/4360/884 1193/4361/856

v 60.0098 22.9587 -23.4797
vt -3.46614 8.31459
vn -0.932965 0.204788 -0.296038
vt -2.89088 8.43833
vt -3.1459 7.19847
f 1223/4362/886 1221/4363/884 1222/4364/885

vt -3.46205 8.30912
vt -3.08656 10.1567
vt -2.88674 8.43267
f 1223/4365/886 1220/4366/883 1221/4367/884

vt -3.8058 11.616
vt -3.08163 10.1373
vt -3.4505 8.28842
f 1218/4368/881 1220/4369/883 1223/4370/886

vt -3.77542 11.6337
vt -3.23087 11.5983
vt -3.04905 10.1561
f 1218/4371/881 1219/4372/882 1220/4373/883

vt -3.12468 8.30847
v 59.7478 22.8207 -22.8407
vt -3.70914 7.9113
vn -0.945877 0.278008 0.167416
v 60.1704 24.6087 -22.9642
vt -3.92929 10.181
vn -0.932963 0.294237 0.207377
vt -3.50231 11.6336
f 1223/4374/886 1224/4375/887 1225/4376/888 1218/4377/881 

vt -3.20769 8.39452
vt -2.89521 7.27621
vt -3.79121 7.99597
f 1223/4378/886 1222/4379/885 1224/4380/887

vt -3.89871 7.87569
vt -3.00106 7.15798
v 59.3775 21.1056 -22.8684
vt -3.55392 5.74265
vn -0.944358 0.284987 0.164226
f 1224/4381/887 1222/4382/885 1226/4383/889

vt -3.48249 5.69756
vt -2.9339 7.11455
v 59.4074 20.6998 -23.1616
vt -3.12699 5.29781
vn -0.952416 0.268454 -0.144347
f 1226/4384/889 1222/4385/885 1227/4386/890

vt -3.14821 7.19027
v 59.6215 20.7178 -23.4379
vt -3.09057 5.53242
vn -0.502749 0.0366964 -0.863653
vt -3.36558 5.37627
f 1222/4387/885 1228/4388/891 1227/4389/890

vt -2.86674 7.24138
vt -2.29599 7.91075
vt -2.83475 5.58284
f 1222/4390/885 1193/4391/856 1228/4392/891

vt -1.99907 7.85328
v 60.3283 20.6529 -23.8071
vt -1.86928 5.7699
vn 0.139805 -0.239235 -0.960844
vt -2.54466 5.52696
f 1193/4393/856 1229/4394/892 1228/4395/891

vt -1.51097 7.88385
vt -1.02894 7.93221
vt -1.38151 5.80045
f 1193/4396/856 1191/4397/854 1229/4398/892

vt -0.720571 5.68413
vt -0.377063 7.81738
v 61.1169 20.4155 -23.7926
vt 0.1399 5.66212
vn 0.39286 -0.341989 -0.853642
f 1229/4399/892 1191/4400/854 1230/4401/893

vt -0.430109 7.80335
vt 0.266301 7.18675
vt 0.0848967 5.64762
f 1191/4402/854 1190/4403/853 1230/4404/893

vt 0.727053 5.57369
vt 0.884726 7.11543
vt 2.09563 6.33008
f 1230/4405/893 1190/4406/853 1189/4407/852

vt 0.813983 5.3816
vt 2.1796 6.14334
v 62.061 19.4955 -23.0904
vt 2.35459 4.43993
vn 0.514506 -0.400267 -0.758334
f 1230/4408/893 1189/4409/852 1231/4410/894

vt 2.55042 4.49373
vt 2.35654 6.19509
v 63.7554 20.3721 -22.908
vt 4.21416 6.05439
vn 0.542369 -0.426717 -0.723705
f 1231/4411/894 1189/4412/852 1232/4413/895

vt 2.35249 6.11828
vt 5.21964 8.54316
vt 4.21008 5.97706
f 1189/4414/852 1188/4415/851 1232/4416/895

vt 4.42436 5.93807
vt 5.38007 8.52471
v 64.9388 20.2133 -22.0799
vt 6.20897 5.94999
vn 0.550173 -0.424617 -0.719034
f 1232/4417/895 1188/4418/851 1233/4419/896

vt 5.34614 8.46448
vt 6.9914 7.88906
vt 6.15925 5.88473
f 1188/4420/851 1187/4421/850 1233/4422/896

vt 6.93142 7.88449
v 66.5917 19.4583 -20.8091
vt 8.7191 5.23821
vn 0.616728 -0.41484 -0.668995
vt 6.08296 5.88701
f 1187/4423/850 1234/4424/897 1233/4425/896

vt 7.10987 8.31088
vt 10.1539 9.01696
vt 8.96043 5.70819
f 1187/4426/850 1186/4427/849 1234/4428/897

vt 10.1533 9.04411
v 68.2104 20.4045 -19.7078
vt 11.2863 7.12631
vn 0.650734 -0.394722 -0.648645
vt 8.97272 5.73072
f 1186/4429/849 1235/4430/898 1234/4431/897

vt 10.1572 9.0063
v 68.6401 21.2688 -19.9077
vt 11.4189 8.29583
vn 0.662677 -0.359722 -0.656855
vt 11.2852 7.08557
f 1186/4432/849 1236/4433/899 1235/4434/898

vt 11.4003 11.4834
vt 11.4139 8.35225
vt 10.1504 9.05957
f 1185/4435/848 1236/4436/899 1186/4437/849

v 70.3865 20.9105 -17.9364
vt 14.708 8.03509
vn 0.697295 -0.372577 -0.612345
vt 11.4189 8.33772
vt 11.4093 11.4689
f 1237/4438/900 1236/4439/899 1185/4440/848

v 69.4127 19.6358 -18.1568
vt 13.7562 6.25778
vn 0.651552 -0.399431 -0.64493
vt 11.4188 8.33123
vt 14.7079 8.02843
f 1238/4441/901 1236/4442/899 1237/4443/900

vt 13.7356 6.17202
vt 11.2654 7.04283
vt 11.4043 8.25251
f 1238/4444/901 1235/4445/898 1236/4446/899

vt 13.7134 6.01631
v 67.5927 19.0007 -19.0808
vt 11.3474 4.86876
vn 0.636163 -0.440848 -0.633206
vt 11.2458 6.89455
f 1238/4447/901 1239/4448/902 1235/4449/898

v 68.3489 18.2983 -17.9959
vt 12.9956 4.06069
vn 0.625456 -0.474031 -0.619758
vt 11.3329 4.89671
vt 13.7007 6.04045
f 1240/4450/903 1239/4451/902 1238/4452/901

v 66.6619 17.6475 -18.3654
vt 11.0823 2.31112
vn 0.588852 -0.517997 -0.620429
vt 11.2266 4.44463
vt 12.8791 3.58884
f 1241/4453/904 1239/4454/902 1240/4455/903

vt 11.3329 5.33116
vt 11.359 3.19294
v 66.2364 17.829 -19.482
vt 9.94408 3.53709
vn 0.619435 -0.515421 -0.59215
f 1239/4456/902 1241/4457/904 1242/4458/905

vt 11.3813 3.0221
v 66.2072 17.1363 -17.9223
vt 11.4713 2.09801
vn 0.538402 -0.618545 -0.572298
v 65.6021 16.7766 -18.0756
vt 10.8655 1.46271
vn 0.544516 -0.690919 -0.475535
vt 9.97022 3.38169
f 1241/4459/904 1243/4460/906 1244/4461/907 1242/4462/905 

vt 10.9427 0.69588
vt 10.9666 1.62404
v 67.1783 17.2414 -17.6375
vt 12.0698 1.10676
vn 0.538966 -0.602297 -0.588858
f 1243/4463/906 1241/4464/904 1245/4465/908

vt 12.2426 1.78891
vt 11.1293 2.2842
vt 12.9198 3.57076
f 1245/4466/908 1241/4467/904 1240/4468/903

v 68.656 17.5408 -16.2989
vt 14.949 2.95228
vn 0.644889 -0.532803 -0.547941
vt 12.5071 2.39036
vt 13.0772 4.20931
f 1246/4469/909 1245/4470/908 1240/4471/903

v 68.0603 16.824 -15.5714
vt 15.1835 1.65825
vn 0.575406 -0.628608 -0.52322
vt 12.5082 2.39878
vt 14.9467 2.97524
f 1247/4472/910 1245/4473/908 1246/4474/909

v 68.425 16.5136 -14.2075
vt 16.5638 -0.863789
vn 0.50683 -0.699616 -0.503648
vt 12.4096 0.833017
vt 15.0254 -0.0961368
f 1248/4475/911 1245/4476/908 1247/4477/910

v 66.025 16.617 -17.1764
vt 12.0073 0.546058
vn 0.422462 -0.748877 -0.510597
vt 12.5011 1.98513
vt 16.7438 0.523878
f 1249/4478/912 1245/4479/908 1248/4480/911

vt 11.0578 0.530503
vt 12.1785 0.958556
vt 11.546 -0.425158
f 1243/4481/906 1245/4482/908 1249/4483/912

v 65.3837 16.6173 -17.3012
vt 10.3335 -1.51239
vn 0.44026 -0.783051 -0.439321
vt 10.6159 -0.317434
vt 11.0473 -1.30005
f 1250/4484/913 1243/4485/906 1249/4486/912

vt 10.5956 2.68041
vt 11.1279 3.3784
vt 11.263 2.15798
f 1244/4487/907 1243/4488/906 1250/4489/913

v 64.4489 16.5348 -17.7653
vt 10.1811 -0.652348
vn 0.304336 -0.897573 -0.31897
vt 10.8261 0.430511
vt 11.3756 -0.21479
f 1251/4490/914 1244/4491/907 1250/4492/913

vt 10.1553 -0.747733
v 64.8534 16.7357 -18.5534
vt 9.75207 0.0591949
vn 0.441397 -0.746004 -0.498645
vt 10.8116 0.328311
f 1251/4493/914 1252/4494/915 1244/4495/907

v 63.162 16.6108 -18.8672
vt 7.90156 -1.43038
vn 0.23828 -0.929173 -0.282595
vt 9.63923 -0.485001
vt 10.0007 -1.31151
f 1253/4496/916 1252/4497/915 1251/4498/914

vt 7.91554 -1.41448
v 62.8369 16.746 -19.7612
vt 6.82993 -1.02411
vn 0.424846 -0.772279 -0.472325
vt 9.64946 -0.462253
f 1253/4499/916 1254/4500/917 1252/4501/915

v 61.6761 16.6723 -19.7566
vt 5.74733 -2.04632
vn 0.00591583 -0.999944 0.00880672
vt 6.75988 -1.2936
vt 7.83661 -1.70782
f 1255/4502/918 1254/4503/917 1253/4504/916

v 60.5924 16.6069 -21.0243
vt 4.21981 -1.53557
vn 0.260573 -0.935133 -0.240059
vt 7.13906 -0.346137
vt 6.27223 -1.26291
f 1256/4505/919 1254/4506/917 1255/4507/918

vt 3.73393 -1.26086
v 61.4142 16.8224 -20.9958
vt 4.46097 -0.627369
vn 0.503127 -0.673107 -0.542025
vt 6.7963 -0.513409
f 1256/4508/919 1257/4509/920 1254/4510/917

v 59.7763 16.5574 -21.3781
vt 2.50408 -1.49938
vn 0.144599 -0.988007 -0.0541678
vt 4.28642 -0.605161
vt 3.53684 -1.21182
f 1258/4511/921 1257/4512/920 1256/4513/919

v 58.9286 16.4489 -22.1754
vt 1.9087 -2.0912
vn -0.263614 -0.927985 0.263348
vt 4.89617 -0.518731
vt 3.31729 -1.73671
f 1259/4514/922 1257/4515/920 1258/4516/921

vt 1.44756 -1.7509
v 58.6529 16.5568 -22.7803
vt 0.657561 -1.53211
vn 0.496964 -0.572216 -0.652377
vt 4.59431 -0.527933
f 1259/4517/922 1260/4518/923 1257/4519/920

v 58.335 16.5376 -22.7843
vt 0.083132 -2.2804
vn -0.315197 -0.826318 -0.466743
vt 0.369741 -2.08449
vt 1.14272 -2.3574
f 1261/4520/924 1260/4521/923 1259/4522/922

vt -1.00468 -0.760121
v 58.5199 16.7857 -22.9453
vt -0.95272 -0.353557
vn 0.304215 -0.334554 -0.891923
vt -0.683579 -0.62815
f 1261/4523/924 1262/4524/925 1260/4525/923

v 58.307 16.6877 -22.8428
vt -1.94628 -0.314692
vn -0.929404 0.0644815 -0.363388
vt -1.78209 -0.0997012
vt -1.86811 -0.500444
f 1263/4526/926 1262/4527/925 1261/4528/924

v 58.4859 17.0983 -22.9283
vt -2.58463 0.871132
vn -0.599273 0.105769 -0.793527
vt -2.46967 0.5183
vt -2.64079 0.308789
f 1264/4529/927 1262/4530/925 1263/4531/926

v 58.7684 17.6909 -23.065
vt -2.48855 1.69071
vn -0.362921 -0.017304 -0.931659
vt -2.47688 0.515395
vt -2.59193 0.868199
f 1265/4532/928 1262/4533/925 1264/4534/927

v 59.8699 18.995 -23.4257
vt -1.27846 3.70558
vn 0.233177 -0.248147 -0.94024
vt -1.98759 0.547251
vt -1.98328 1.72262
f 1266/4535/929 1262/4536/925 1265/4537/928

vt -0.950449 0.315681
vt -0.2373 3.47311
v 60.6564 19.1911 -23.3707
vt 0.557718 3.95097
vn 0.430158 -0.340443 -0.8361
f 1262/4538/925 1266/4539/929 1267/4540/930

vt -0.312308 5.72676
vt 0.52086 4.01521
vt -0.274383 3.53772
f 1229/4541/892 1267/4542/930 1266/4543/929

vt -0.724502 5.5069
vt 0.135967 5.48479
vt 0.0915618 3.78712
f 1229/4544/892 1230/4545/893 1267/4546/930

vt 0.872834 3.79242
vt 0.864757 5.49064
vt 2.40784 4.55304
f 1267/4547/930 1230/4548/893 1231/4549/894

vt -0.616856 0.171575
vt 0.861108 3.81925
vt 2.39646 4.57916
f 1262/4550/925 1267/4551/930 1231/4552/894

vt -0.141177 -0.154578
vt 2.76306 4.32564
v 61.8197 18.104 -22.1384
vt 3.44639 2.34856
vn 0.551777 -0.43547 -0.711272
f 1262/4553/925 1231/4554/894 1268/4555/931

vt 2.71818 4.29108
vt 4.36125 5.8735
vt 3.39253 2.31093
f 1231/4556/894 1232/4557/895 1268/4558/931

vt 3.48524 2.30937
vt 4.42458 5.8798
vt 6.20919 5.89177
f 1268/4559/931 1232/4560/895 1233/4561/896

vt 6.12402 5.94101
v 63.4638 18.2496 -21.4293
vt 5.45572 2.94465
vn 0.534178 -0.477586 -0.697543
vt 3.36446 2.38598
f 1233/4562/896 1269/4563/932 1268/4564/931

vt 6.02496 5.9225
v 65.8275 19.3319 -21.1611
vt 7.67394 4.95228
vn 0.550045 -0.427202 -0.717599
vt 5.33064 2.93206
f 1233/4565/896 1270/4566/933 1269/4567/932

vt 6.13794 6.2318
vt 8.77657 5.59318
vt 7.79369 5.27317
f 1233/4568/896 1234/4569/897 1270/4570/933

vt 7.88385 4.93643
vt 8.86402 5.26465
v 65.4801 18.0277 -20.208
vt 8.47284 3.01391
vn 0.545731 -0.500245 -0.672259
f 1270/4571/933 1234/4572/897 1271/4573/934

vt 8.91245 5.33205
vt 9.85663 2.92057
vt 8.54258 3.0777
f 1234/4574/897 1242/4575/905 1271/4576/934

vt 11.4184 5.09347
vt 9.98789 3.33247
vt 8.96714 5.71255
f 1239/4577/902 1242/4578/905 1234/4579/897

vt 11.2711 7.14893
vt 11.4165 5.12581
vt 8.96451 5.74182
f 1235/4580/898 1239/4581/902 1234/4582/897

vt 8.51635 2.70834
vt 9.82964 2.54491
v 65.1694 17.1038 -19.208
vt 9.15444 1.18588
vn 0.526024 -0.596879 -0.605833
f 1271/4583/934 1242/4584/905 1272/4585/935

vt 9.3872 1.5725
vt 9.98358 2.96792
vt 10.8076 1.01726
f 1272/4586/935 1242/4587/905 1244/4588/907

vt 9.63502 0.140542
vt 9.30454 0.961963
vt 10.7059 0.360333
f 1252/4589/915 1272/4590/935 1244/4591/907

v 63.021 17.0297 -20.264
vt 6.37732 -0.0480012
vn 0.51324 -0.597415 -0.616182
vt 9.20049 0.61709
vt 9.5046 -0.214456
f 1273/4592/936 1272/4593/935 1252/4594/915

vt 9.08176 1.01625
vt 6.24316 0.420445
v 64.1808 17.6524 -20.4493
vt 7.10095 1.67224
vn 0.516792 -0.537253 -0.666548
f 1272/4595/935 1273/4596/936 1274/4597/937

vt 5.46758 2.39066
vt 6.97782 1.65115
vt 6.09737 0.415197
f 1269/4598/932 1274/4599/937 1273/4600/936

vt 5.50872 2.53741
vt 8.39236 2.6653
vt 7.02329 1.8068
f 1269/4601/932 1271/4602/934 1274/4603/937

vt 7.81511 4.82169
vt 8.38467 2.89332
vt 5.50091 2.7682
f 1270/4604/933 1271/4605/934 1269/4606/932

vt 8.46915 2.59863
vt 9.0929 1.07024
vt 7.11101 1.72295
f 1271/4607/934 1272/4608/935 1274/4609/937

vt 5.68555 2.68834
vt 6.38369 0.735992
v 61.6445 17.2587 -21.5051
vt 4.07107 0.844587
vn 0.554173 -0.516585 -0.652711
f 1269/4610/932 1273/4611/936 1275/4612/938

vt 6.37162 0.449792
vt 4.32171 -0.212085
vt 4.05919 0.562558
f 1273/4613/936 1257/4614/920 1275/4615/938

vt 6.78771 -0.364803
vt 4.45216 -0.47423
vt 6.48606 0.235336
f 1254/4616/917 1257/4617/920 1273/4618/936

vt 6.66774 -0.58263
vt 6.3809 0.0247259
vt 9.50831 -0.1392
f 1254/4619/917 1273/4620/936 1252/4621/915

vt 4.16858 0.68304
vt 4.44575 -0.0864778
vt 0.479568 -0.967237
f 1275/4622/938 1257/4623/920 1260/4624/923

vt 3.5321 2.30916
vt 3.975 1.07935
vt 0.24534 -0.476868
f 1268/4625/931 1275/4626/938 1260/4627/923

vt 3.40635 2.21179
vt 5.49561 2.77795
vt 3.83396 0.976583
f 1268/4628/931 1269/4629/932 1275/4630/938

vt 3.23484 2.65915
vt -0.103065 -0.065395
vt -0.382298 0.19893
f 1268/4631/931 1260/4632/923 1262/4633/925

v 59.7744 20.1148 -23.5631
vt -1.7034 4.84966
vn -0.125021 -0.113639 -0.985625
vt -1.33069 5.72205
vt -1.31521 3.53273
f 1276/4634/939 1229/4635/892 1266/4636/929

vt -2.61398 5.68333
vt -1.93908 5.9276
vt -2.30108 5.05071
f 1228/4637/891 1229/4638/892 1276/4639/939

vt -2.59294 5.69344
vt -2.28089 5.06041
v 59.4553 20.2009 -23.396
vt -2.60109 5.0171
vn -0.687492 0.112925 -0.717358
f 1228/4640/891 1276/4641/939 1277/4642/940

vt -2.58128 4.90165
vt -2.26104 4.9447
v 59.1875 19.2518 -23.2332
vt -2.57853 3.65965
vn -0.68144 0.0995682 -0.725069
f 1277/4643/940 1276/4644/939 1278/4645/941

vt -2.59328 4.97964
v 58.888 18.3274 -23.1194
vt -2.89523 2.47496
vn -0.586194 0.0562411 -0.808216
vt -2.89479 3.69075
f 1276/4646/939 1279/4647/942 1278/4648/941

vt -1.52229 4.90296
vt -1.13256 3.58649
vt -1.88466 2.4063
f 1276/4649/939 1266/4650/929 1279/4651/942

vt -2.13954 2.5547
vt -1.39184 3.73768
vt -2.09067 1.75259
f 1279/4652/942 1266/4653/929 1265/4654/928

vt -3.01268 2.414
vt -2.93899 1.6138
v 58.5325 17.6009 -22.7895
vt -3.20364 1.36606
vn -0.956171 0.292526 -0.0128851
f 1279/4655/942 1265/4656/928 1280/4657/943

vt -3.15717 1.28443
vt -2.89427 1.53402
vt -2.94135 0.706376
f 1280/4658/943 1265/4659/928 1264/4660/927

vt -2.93139 0.14008
vt -3.13148 1.28199
vt -2.91304 0.704923
f 1263/4661/926 1280/4662/943 1264/4663/927

vt -1.61815 1.51692
vt -1.39219 0.379851
v 58.3733 16.6899 -22.5042
vt -1.783 0.325589
vn -0.817726 0.120628 0.562826
f 1280/4664/943 1263/4665/926 1281/4666/944

vt -1.49031 1.02711
vt -1.55822 0.837363
vt -1.88076 0.97024
f 1263/4667/926 1261/4668/924 1281/4669/944

vt -0.713407 2.60012
vt -0.431567 2.39456
vt -1.49087 2.31377
f 1281/4670/944 1261/4671/924 1259/4672/922

vt -0.412209 2.22786
vt -1.20747 1.99547
v 60.3415 17.3332 -19.9366
vt -4.33251 3.29443
vn -0.71987 -0.138091 0.680234
f 1281/4673/944 1259/4674/922 1282/4675/945

vt -4.38266 3.20179
vt -1.24696 1.92879
v 59.3483 16.5494 -21.656
vt -2.06292 2.10447
vn -0.533561 -0.577334 0.61806
f 1282/4676/945 1259/4677/922 1283/4678/946

vt 1.63018 2.81082
vt 0.786276 3.99303
vt 1.21435 3.53452
f 1259/4679/922 1258/4680/921 1283/4681/946

vt 1.07889 3.57306
vt 0.634153 4.01543
v 60.2121 16.6707 -20.8198
vt 0.174907 4.77205
vn -0.423655 -0.763434 0.48753
f 1283/4682/946 1258/4683/921 1284/4684/947

vt 4.09068 -0.192559
vt 4.66023 0.71568
vt 4.78786 0.352719
f 1258/4685/921 1256/4686/919 1284/4687/947

vt 3.95806 -2.51032
vt 4.06957 -2.14209
v 60.6184 16.6461 -20.5218
vt 4.56547 -2.37543
vn -0.185544 -0.949548 0.252847
f 1284/4688/947 1256/4689/919 1285/4690/948

vt 4.9918 -1.23572
vt 4.46069 -1.10047
v 61.1779 16.7222 -19.9474
vt 5.94437 -0.929469
vn -0.195405 -0.928095 0.31695
f 1285/4691/948 1256/4692/919 1286/4693/949

vt 6.03553 0.88086
vt 4.6974 0.217574
vt 6.39727 1.39963
f 1286/4694/949 1256/4695/919 1255/4696/918

vt -3.01674 5.07786
vt -3.62968 5.23367
v 60.8521 16.9029 -19.8166
vt -2.71479 5.2664
vn -0.583767 -0.559908 0.587979
f 1286/4697/949 1255/4698/918 1287/4699/950

vt -6.10027 0.160186
vt -6.50078 -0.663038
v 62.179 16.6684 -19.0295
vt -7.48478 -1.13348
vn -0.229359 -0.954981 0.188164
f 1287/4700/950 1255/4701/918 1288/4702/951

vt 6.11603 -1.92673
vt 8.15024 -1.34221
vt 7.20651 -1.9471
f 1255/4703/918 1253/4704/916 1288/4705/951

vt 7.12099 -2.14851
vt 8.08383 -1.57454
v 62.9605 16.6324 -18.4201
vt 8.33184 -1.95457
vn -0.0336245 -0.999414 0.00643277
f 1288/4706/951 1253/4707/916 1289/4708/952

vt 8.41193 -1.66512
vt 8.15155 -1.29346
v 64.0644 16.617 -17.0622
vt 10.5807 -1.58603
vn -0.214894 -0.957613 0.19183
f 1289/4709/952 1253/4710/916 1290/4711/953

vt 10.4999 -2.07764
vt 8.08225 -1.70214
vt 10.1684 -1.44085
f 1290/4712/953 1253/4713/916 1251/4714/914

vt 10.5274 -1.9579
vt 10.1888 -1.32484
v 65.0127 16.5312 -16.8305
vt 11.5221 -1.43976
vn 0.141308 -0.970955 -0.193074
f 1290/4715/953 1251/4716/914 1291/4717/954

vt 10.2578 -0.386257
vt 11.4338 0.0988011
vt 11.5948 -0.443531
f 1251/4718/914 1250/4719/913 1291/4720/954

vt 11.1043 -1.57176
vt 11.783 -1.26526
vt 11.186 -2.13155
f 1250/4721/913 1249/4722/912 1291/4723/954

vt 11.3581 -1.65566
vt 11.9137 -0.762248
v 67.1348 16.3876 -14.8167
vt 14.9943 -1.54468
vn 0.255584 -0.917331 -0.305254
f 1291/4724/954 1249/4725/912 1292/4726/955

vt 15.1183 -0.526889
vt 12.0054 0.115088
vt 16.7419 0.0883047
f 1292/4727/955 1249/4728/912 1248/4729/911

vt 15.019 -0.811352
vt 16.662 -0.250238
v 68.306 16.2907 -13.5293
vt 17.1848 -0.845402
vn 0.264079 -0.886558 -0.37984
f 1292/4730/955 1248/4731/911 1293/4732/956

vt 17.0533 -1.44575
vt 16.5488 -0.835045
v 70.1623 15.7986 -10.76
vt 21.1426 -2.25616
vn 0.355604 -0.826771 -0.435884
f 1293/4733/956 1248/4734/911 1294/4735/957

vt 16.7493 0.801214
v 69.268 17.0906 -14.36
vt 17.2735 1.8837
vn 0.653977 -0.529419 -0.540398
v 69.7735 16.7118 -13.0176
vt 18.9543 1.2395
vn 0.643538 -0.513984 -0.567168
vt 21.4147 -0.363542
f 1248/4736/911 1295/4737/958 1296/4738/959 1294/4739/957 

vt 16.7864 1.2412
vt 15.1831 1.86179
vt 17.2799 2.33799
f 1248/4740/911 1247/4741/910 1295/4742/958

vt 17.2836 2.29596
vt 15.185 1.82744
vt 14.9339 3.14177
f 1295/4743/958 1247/4744/910 1246/4745/909

vt 17.2477 2.58087
vt 14.8848 3.38899
v 69.3574 18.2913 -16.4025
vt 15.2976 4.57137
vn 0.690409 -0.478985 -0.542133
f 1295/4746/958 1246/4747/909 1297/4748/960

vt 14.9246 3.24455
vt 13.0321 4.47003
vt 15.3487 4.42295
f 1246/4749/909 1240/4750/903 1297/4751/960

vt 15.3484 4.42351
vt 13.0317 4.47042
v 69.5379 19.1508 -17.4471
vt 14.4593 5.77809
vn 0.712211 -0.431902 -0.553368
f 1297/4752/960 1240/4753/903 1298/4754/961

vt 14.5202 5.61157
vt 13.0769 4.32127
vt 13.7326 6.31794
f 1298/4755/961 1240/4756/903 1238/4757/901

vt 14.4477 5.73302
vt 13.6533 6.4317
vt 14.5845 8.21322
f 1298/4758/961 1238/4759/901 1237/4760/900

v 70.5217 19.2183 -15.2137
vt 17.1498 5.7974
vn 0.7227 -0.444114 -0.529591
vt 14.2205 5.91302
vt 14.3275 8.39469
f 1299/4761/962 1298/4762/961 1237/4763/900

v 70.1987 17.9933 -14.1489
vt 17.9908 4.01813
vn 0.714061 -0.441812 -0.543065
vt 14.2223 5.94547
vt 17.1516 5.82962
f 1300/4764/963 1298/4765/961 1299/4766/962

vt 18.0713 4.02895
vt 15.2247 4.63747
vt 14.3138 5.97748
f 1300/4767/963 1297/4768/960 1298/4769/961

vt 17.2113 2.68007
vt 15.2477 4.65723
vt 18.0928 4.04196
f 1295/4770/958 1297/4771/960 1300/4772/963

vt 18.9707 1.83137
vt 17.275 2.43547
vt 18.1743 3.78576
f 1296/4773/959 1295/4774/958 1300/4775/963

v 70.3632 16.9081 -12.3661
vt 20.0519 2.09591
vn 0.709006 -0.430338 -0.558676
vt 18.9726 1.81526
vt 18.1778 3.77033
f 1301/4776/964 1296/4777/959 1300/4778/963

v 70.9123 15.689 -9.88707
vt 22.8987 0.214551
vn 0.71063 -0.52011 -0.473804
vt 18.974 1.80056
vt 20.0536 2.0804
f 1302/4779/965 1296/4780/959 1301/4781/964

vt 21.2575 -1.20288
vt 18.8463 0.473364
vt 22.6906 -1.29872
f 1294/4782/957 1296/4783/959 1302/4784/965

vt 21.0789 -3.16433
vt 22.5078 -3.30905
v 70.8596 15.6562 -9.66972
vt 22.6514 -3.49237
vn 0.11415 -0.939547 0.322832
f 1294/4785/957 1302/4786/965 1303/4787/966

vt 19.5482 1.39958
vt 19.3414 1.50662
v 71.0135 16.0285 -9.70984
vt 19.5981 1.9002
vn 0.851223 -0.182392 0.49209
f 1303/4788/966 1302/4789/965 1304/4790/967

vt 21.3951 -0.00512707
v 71.2593 17.4491 -11.2832
vt 20.2199 2.50354
vn 0.805569 -0.366861 -0.465265
vt 21.6551 0.386377
f 1302/4791/965 1305/4792/968 1304/4793/967

vt 19.996 2.2042
vt 21.7171 2.88884
vt 22.858 0.364345
f 1301/4794/964 1305/4795/968 1302/4796/965

vt 18.0832 3.92615
vt 21.6968 2.96094
vt 19.9767 2.27376
f 1300/4797/963 1305/4798/968 1301/4799/964

vt 18.096 3.94119
v 71.6674 19.4185 -13.2756
vt 20.0207 5.92599
vn 0.765657 -0.396175 -0.506769
vt 21.7086 2.97238
f 1300/4800/963 1306/4801/969 1305/4802/968

vt 17.2796 5.73866
vt 20.0315 5.90415
vt 18.1051 3.9209
f 1299/4803/962 1306/4804/969 1300/4805/963

vt 17.2838 5.69144
v 71.829 20.131 -13.8423
vt 19.5881 6.88731
vn 0.760417 -0.424239 -0.491719
vt 20.0357 5.85615
f 1299/4806/962 1307/4807/970 1306/4808/969

vt 16.9167 6.53474
v 71.3505 19.9039 -14.7658
vt 17.9274 7.57102
vn 0.728772 -0.459838 -0.507386
vt 19.1868 7.79446
f 1299/4809/962 1308/4810/971 1307/4811/970

vt 17.3183 5.7198
v 71.3626 21.4367 -17.0764
vt 16.0909 9.11362
vn 0.725142 -0.367546 -0.582305
vt 18.367 6.71756
f 1299/4812/962 1309/4813/972 1308/4814/971

vt 14.5647 8.29597
vt 16.133 9.05489
vt 17.3475 5.65641
f 1237/4815/900 1309/4816/972 1299/4817/962

vt 14.6988 8.04341
v 70.7662 23.708 -18.9711
vt 13.9172 11.6972
vn 0.704463 -0.321044 -0.632979
vt 16.2757 8.78435
f 1237/4818/900 1310/4819/973 1309/4820/972

vt 11.403 11.4759
vt 13.9222 11.6979
vt 14.7037 8.04406
f 1185/4821/848 1310/4822/973 1237/4823/900

v 72.0358 25.3406 -18.3277
vt 15.487 13.8794
vn 0.715255 -0.310987 -0.625857
vt 13.9228 11.6906
vt 11.4035 11.4686
f 1311/4824/974 1310/4825/973 1185/4826/848

vt 15.4056 13.9449
v 71.8292 23.8292 -17.498
vt 16.0844 11.9053
vn 0.74078 -0.318379 -0.591506
vt 13.8443 11.754
f 1311/4827/974 1312/4828/975 1310/4829/973

v 72.7873 25.0257 -16.9604
vt 17.3032 13.5069
vn 0.748185 -0.354472 -0.560864
vt 16.0745 11.9077
vt 15.3952 13.947
f 1313/4830/976 1312/4831/975 1311/4832/974

v 72.8473 24.0365 -15.5982
vt 18.4846 12.2547
vn 0.792124 -0.316573 -0.521844
vt 15.8644 12.1155
vt 17.0819 13.7233
f 1314/4833/977 1312/4834/975 1313/4835/976

vt 15.9062 11.2669
vt 18.5265 11.4069
v 72.4862 23.0282 -16.0646
vt 17.8114 10.1964
vn 0.775626 -0.283528 -0.563929
f 1312/4836/975 1314/4837/977 1315/4838/978

vt 17.505 10.2556
vt 18.233 11.4584
v 72.9044 22.7677 -14.8403
vt 19.0248 9.80042
vn 0.812626 -0.321606 -0.486013
f 1315/4839/978 1314/4840/977 1316/4841/979

v 73.2721 23.6758 -14.164
vt 19.8255 10.6868
vn 0.868254 -0.24373 -0.432123
vt 18.877 9.64756
vt 18.091 11.3083
f 1317/4842/980 1316/4843/979 1314/4844/977

v 72.7661 21.907 -13.5601
vt 19.151 9.08949
vn 0.861071 -0.343629 -0.374801
vt 17.9322 10.4444
vt 18.8889 11.4761
f 1318/4845/981 1316/4846/979 1317/4847/980

v 72.2924 20.6447 -12.9973
vt 19.9867 7.71361
vn 0.834726 -0.374139 -0.404045
vt 18.5196 10.8515
vt 19.7326 9.49135
f 1319/4848/982 1316/4849/979 1318/4850/981

v 72.1506 21.783 -15.8049
vt 17.2485 9.67948
vn 0.771115 -0.377776 -0.51251
vt 18.7403 10.8684
vt 20.196 7.72517
f 1320/4851/983 1316/4852/979 1319/4853/982

vt 17.6333 10.7748
vt 19.1538 10.3222
vt 17.6568 9.13995
f 1315/4854/978 1316/4855/979 1320/4856/983

vt 16.0159 8.77446
vt 17.8215 10.781
vt 17.8453 9.14616
f 1309/4857/972 1315/4858/978 1320/4859/983

vt 16.1524 8.66417
vt 16.0435 11.7324
vt 17.9551 10.6734
f 1309/4860/972 1312/4861/975 1315/4862/978

vt 13.8539 11.6086
vt 16.094 11.76
vt 16.2077 8.69197
f 1310/4863/973 1312/4864/975 1309/4865/972

vt 15.912 9.21339
vt 17.7405 9.58961
vt 18.2142 6.84239
f 1309/4866/972 1320/4867/983 1308/4868/971

vt 17.5819 9.68125
vt 19.3338 7.14966
vt 18.0725 6.93701
f 1320/4869/983 1307/4870/970 1308/4871/971

vt 18.9855 7.12872
vt 17.2103 9.64406
vt 20.1592 7.69181
f 1307/4872/970 1320/4873/983 1319/4874/982

vt 19.0587 6.97095
vt 20.233 7.5327
vt 19.5209 5.94625
f 1307/4875/970 1319/4876/982 1306/4877/969

vt 19.3233 6.08057
vt 20.0311 7.66898
v 71.8449 19.335 -12.2866
vt 20.4513 5.81034
vn 0.833213 -0.360665 -0.419138
f 1306/4878/969 1319/4879/982 1321/4880/984

vt 19.6069 5.79474
vt 19.1711 7.64979
v 71.9762 19.5808 -11.6461
vt 20.3625 5.97844
vn 0.894663 -0.329957 -0.301175
f 1321/4881/984 1319/4882/982 1322/4883/985

vt 19.3398 5.28771
vt 18.1456 6.95708
v 72.374 21.2026 -11.9055
vt 19.3815 7.3862
vn 0.954579 -0.282858 -0.0936481
f 1322/4884/985 1319/4885/982 1323/4886/986

vt 17.3647 9.15719
v 72.5391 21.2484 -12.677
vt 17.8497 9.8854
vn 0.892602 -0.35613 -0.276466
vt 18.5981 9.59316
f 1319/4887/982 1324/4888/987 1323/4889/986

vt 19.0096 7.78635
vt 18.7368 9.56131
vt 19.5093 8.50461
f 1319/4890/982 1318/4891/981 1324/4892/987

vt 18.7358 8.01732
vt 17.9599 9.07155
v 73.3526 23.9941 -13.4096
vt 18.5529 11.6834
vn 0.938355 -0.249905 -0.238826
f 1324/4893/987 1318/4894/981 1325/4895/988

vt 18.8328 11.6174
vt 18.2394 9.0056
vt 17.9753 11.392
f 1325/4896/988 1318/4897/981 1317/4898/980

vt 19.3404 9.59088
vt 18.4842 9.36071
v 73.3389 24.3371 -13.6183
vt 19.1394 10.0475
vn 0.903582 -0.26183 -0.339093
f 1325/4899/988 1317/4900/980 1326/4901/989

vt 18.6519 9.24201
v 73.2326 24.2506 -14.472
vt 18.3476 9.9948
vn 0.829731 -0.350119 -0.434698
vt 19.3042 9.93157
f 1317/4902/980 1327/4903/990 1326/4904/989

vt 19.7634 10.4311
vt 18.0299 11.0555
vt 19.4361 11.1741
f 1317/4905/980 1314/4906/977 1327/4907/990

v 73.5983 24.8796 -14.6377
vt 19.3583 13.8286
vn 0.825228 -0.360793 -0.434542
vt 19.2852 12.9153
vt 17.8791 12.7962
f 1328/4908/991 1327/4909/990 1314/4910/977

v 73.6046 24.7816 -14.0883
vt 19.498 13.8362
vn 0.882224 -0.35126 -0.313522
vt 18.8635 13.1671
vt 18.9255 14.0812
f 1329/4911/992 1327/4912/990 1328/4913/991

vt 19.5344 13.4215
vt 18.5779 13.4847
vt 19.2071 14.1587
f 1326/4914/989 1327/4915/990 1329/4916/992

vt 17.1891 13.2948
vt 16.833 14.0186
v 73.2586 24.5069 -12.8313
vt 18.0064 13.2849
vn 0.964663 -0.258262 -0.0522144
f 1326/4917/989 1329/4918/992 1330/4919/993

vt 17.5269 12.6344
vt 16.3512 13.3644
v 73.6495 25.4628 -13.3059
vt 17.2631 13.9989
vn 0.961421 -0.265496 -0.0719866
f 1330/4920/993 1329/4921/992 1331/4922/994

vt 18.0812 12.8233
vt 17.1693 12.1888
v 74.0362 27.1434 -13.8371
vt 17.8448 15.0522
vn 0.94473 -0.259772 -0.200011
f 1331/4923/994 1329/4924/992 1332/4925/995

vt 18.3374 12.0169
v 73.964 26.8001 -14.6894
vt 18.0346 14.6549
vn 0.867862 -0.252979 -0.427571
vt 18.9938 14.8848
f 1329/4926/992 1333/4927/996 1332/4928/995

vt 18.3192 14.732
vt 18.6278 12.0947
vt 18.0538 12.3361
f 1333/4929/996 1329/4930/992 1328/4931/991

vt 18.9859 14.7639
vt 18.7351 12.3664
v 73.595 25.6393 -15.6739
vt 17.691 13.5025
vn 0.81124 -0.30315 -0.49999
f 1333/4932/996 1328/4933/991 1334/4934/997

vt 19.73 13.2915
vt 18.2412 12.2729
vt 18.6854 14.4272
f 1328/4935/991 1314/4936/977 1334/4937/997

vt 18.7799 14.3822
vt 18.3322 12.2287
vt 16.9236 13.6916
f 1334/4938/997 1314/4939/977 1313/4940/976

vt 18.8484 14.2141
vt 16.9915 13.525
v 73.2404 25.9962 -16.8261
vt 17.445 14.7844
vn 0.779099 -0.260075 -0.570408
f 1334/4941/997 1313/4942/976 1335/4943/998

vt 17.7329 14.6756
vt 17.2789 13.4164
vt 15.3708 13.856
f 1335/4944/998 1313/4945/976 1311/4946/974

vt 17.7697 14.5463
vt 15.4083 13.7245
v 72.3195 26.8731 -18.5151
vt 15.4028 15.6686
vn 0.770905 -0.22022 -0.597669
f 1335/4947/998 1311/4948/974 1336/4949/999

vt 15.4142 13.729
v 71.8515 27.7689 -19.539
vt 14.0323 16.8125
vn 0.730396 -0.241487 -0.63891
vt 15.4082 15.673
f 1311/4950/974 1337/4951/1000 1336/4952/999

vt 15.4885 13.8653
v 69.9727 26.1243 -20.9386
vt 11.326 14.7123
vn 0.687536 -0.272489 -0.673085
vt 14.0919 16.9422
f 1311/4953/974 1338/4954/1001 1337/4955/1000

vt 11.4059 11.4634
vt 11.3265 14.7215
vt 15.489 13.8747
f 1185/4956/848 1338/4957/1001 1311/4958/974

vt 7.58382 13.7586
vt 11.3244 14.7343
vt 11.4074 11.4763
f 1184/4959/847 1338/4960/1001 1185/4961/848

v 68.6442 27.9449 -22.8752
vt 8.32788 16.886
vn 0.655414 -0.238259 -0.716704
vt 11.323 14.7329
vt 7.58258 13.7567
v 67.9691 26.97 -23.1563
vt 7.55972 15.5814
vn 0.625336 -0.235397 -0.744005
f 1339/4962/1002 1338/4963/1001 1184/4964/847 1340/4965/1003 

v 69.5429 28.4565 -22.0204
vt 9.84601 17.502
vn 0.722057 -0.219498 -0.65609
vt 11.3269 14.636
vt 8.33879 16.7987
f 1341/4966/1004 1338/4967/1001 1339/4968/1002

vt 9.83228 17.3412
v 70.185 28.5771 -21.1759
vt 11.1404 17.5002
vn 0.698624 -0.193818 -0.688737
vt 11.2896 14.4632
f 1341/4969/1004 1342/4970/1005 1338/4971/1001

v 69.3351 30.0305 -22.3395
vt 9.30358 18.9867
vn 0.711931 -0.1122 -0.693228
vt 11.1448 17.2492
vt 9.8369 17.088
f 1343/4972/1006 1342/4973/1005 1341/4974/1004

vt 9.29934 18.8107
v 70.2697 30.4004 -20.9935
vt 11.3081 19.254
vn 0.705013 -0.100105 -0.702094
vt 11.1303 17.0623
f 1343/4975/1006 1344/4976/1007 1342/4977/1005

v 69.8129 31.4705 -21.3781
vt 10.537 20.1278
vn 0.75973 0.00995677 -0.650163
vt 11.3094 18.8674
vt 9.30301 18.4137
f 1345/4978/1008 1344/4979/1007 1343/4980/1006

v 69.9615 31.9416 -20.6846
vt 11.2203 18.9588
vn 0.710404 0.0718765 -0.700115
vt 11.0855 17.1596
vt 10.4085 18.4737
f 1346/4981/1009 1344/4982/1007 1345/4983/1008

vt 10.4348 19.9989
vt 10.1288 21.7769
v 70.6944 31.2071 -20.5599
vt 11.0397 21.0711
vn 0.670978 -0.00988864 -0.741412
f 1344/4984/1007 1346/4985/1009 1347/4986/1010

v 70.2226 32.1876 -20.4071
vt 10.9663 21.2207
vn 0.667712 0.166976 -0.725451
vt 11.4184 20.1263
vt 10.5353 20.8667
f 1348/4987/1011 1347/4988/1010 1346/4989/1009

v 71.324 31.6267 -19.5737
vt 13.3687 18.8164
vn 0.750137 0.0759519 -0.656906
vt 11.9692 18.2575
vt 11.6423 19.3956
f 1349/4990/1012 1347/4991/1010 1348/4992/1011

vt 13.3812 18.9409
v 71.3896 31.023 -19.8967
vt 13.1809 18.2235
vn 0.748912 -0.0459949 -0.661072
vt 11.9792 18.3885
f 1349/4993/1012 1350/4994/1013 1347/4995/1010

v 71.9863 30.5632 -19.1927
vt 14.3059 17.0322
vn 0.778619 -0.0754115 -0.622949
vt 13.1645 17.6096
vt 13.4244 18.3076
f 1351/4996/1014 1350/4997/1013 1349/4998/1012

v 71.6883 29.1434 -19.9205
vt 13.5117 17.4138
vn 0.743217 -0.161691 -0.649219
vt 13.2199 19.6347
vt 14.3819 19.0998
f 1352/4999/1015 1350/5000/1013 1351/5001/1014

vt 13.5273 17.5769
v 71.0861 29.95 -20.4981
vt 12.4567 18.5076
vn 0.679384 -0.137583 -0.720769
vt 13.213 19.7947
f 1352/5002/1015 1353/5003/1016 1350/5004/1013

v 71.2244 28.6507 -20.3326
vt 12.7544 17.7944
vn 0.6766 -0.218119 -0.703304
vt 12.3908 19.3466
vt 13.4857 18.4445
f 1354/5005/1017 1353/5006/1016 1352/5007/1015

vt 12.7034 17.9223
vt 11.0581 17.6839
vt 12.327 19.4715
f 1354/5008/1017 1342/5009/1005 1353/5010/1016

vt 11.2881 14.7324
vt 11.0717 17.7654
vt 12.7174 18.0012
f 1338/5011/1001 1342/5012/1005 1354/5013/1017

vt 11.3206 14.6912
vt 12.7681 17.9519
vt 14.0774 16.9323
f 1338/5014/1001 1354/5015/1017 1337/5016/1000

vt 14.0914 16.7975
vt 12.7864 17.8227
vt 13.5232 18.4664
f 1337/5017/1000 1354/5018/1017 1352/5019/1015

vt 13.9154 16.1544
vt 13.3981 17.8398
v 72.3032 28.9324 -18.817
vt 14.9422 17.532
vn 0.788976 -0.17687 -0.588416
f 1337/5020/1000 1352/5021/1015 1355/5022/1018

vt 14.9133 17.0529
vt 13.3702 17.3657
vt 14.2905 19.0249
f 1355/5023/1018 1352/5024/1015 1351/5025/1014

vt 14.9565 17.1839
vt 14.3223 19.1524
v 72.7344 30.9906 -17.8626
vt 16.1773 19.6087
vn 0.776352 -0.0945113 -0.623174
f 1355/5026/1018 1351/5027/1014 1356/5028/1019

vt 16.2135 18.616
vt 14.3653 18.1331
v 71.9839 31.5081 -18.744
vt 14.7667 19.2359
vn 0.763137 -0.0041782 -0.646224
f 1356/5029/1019 1351/5030/1014 1357/5031/1020

vt 14.3825 18.2664
vt 13.4463 19.5023
vt 14.7644 19.3761
f 1351/5032/1014 1349/5033/1012 1357/5034/1020

v 71.5879 32.2268 -18.7553
vt 14.4144 18.9852
vn 0.733969 0.153105 -0.661701
vt 14.7679 18.1431
vt 13.4507 18.2774
f 1358/5035/1021 1357/5036/1020 1349/5037/1012

v 73.189 32.4035 -16.6626
vt 17.6191 19.8236
vn 0.746866 0.0293714 -0.664326
vt 14.7425 18.6997
vt 14.368 19.5327
f 1359/5038/1022 1357/5039/1020 1358/5040/1021

vt 16.2196 19.0134
vt 14.769 19.6242
vt 17.6752 20.6689
f 1356/5041/1019 1357/5042/1020 1359/5043/1022

v 73.412 31.0623 -16.7755
vt 17.7754 19.0936
vn 0.776729 -0.15005 -0.6117
vt 16.2048 19.0343
vt 17.6786 20.6736
f 1360/5044/1023 1356/5045/1019 1359/5046/1022

vt 17.7729 19.6971
vt 14.9979 17.2064
vt 16.2023 19.6394
f 1360/5047/1023 1355/5048/1018 1356/5049/1019

v 72.8674 28.4773 -17.5294
vt 16.4961 16.86
vn 0.787463 -0.188195 -0.586928
vt 14.8094 17.5183
vt 17.634 19.9525
f 1361/5050/1024 1355/5051/1018 1360/5052/1023

vt 15.1105 14.9156
vt 14.7982 17.446
vt 16.4844 16.7865
f 1336/5053/999 1355/5054/1018 1361/5055/1024

vt 15.2144 15.0367
vt 13.8524 16.1927
vt 14.8861 17.5651
f 1336/5056/999 1337/5057/1000 1355/5058/1018

vt 16.6519 16.7319
v 73.3282 27.2654 -16.7788
vt 17.7542 15.2429
vn 0.792852 -0.189812 -0.5791
vt 15.3061 14.8407
f 1361/5059/1024 1362/5060/1025 1336/5061/999

v 74.124 29.72 -15.414
vt 19.6526 18.2184
vn 0.799926 -0.209075 -0.5625
vt 17.7707 15.3088
vt 16.6656 16.7958
f 1363/5062/1026 1362/5063/1025 1361/5064/1024

vt 19.4055 18.227
v 73.707 26.7439 -15.7455
vt 18.7621 14.619
vn 0.831474 -0.220314 -0.510012
vt 17.4638 15.357
f 1363/5065/1026 1364/5066/1027 1362/5067/1025

vt 18.8624 18.0389
vt 19.4029 14.348
vt 18.1526 14.4435
f 1363/5068/1026 1333/5069/996 1364/5070/1027

v 74.4075 29.6066 -14.6614
vt 20.3384 18.2391
vn 0.83844 -0.248865 -0.484855
vt 19.9824 14.7732
vt 19.3856 18.4554
f 1365/5071/1028 1333/5072/996 1363/5073/1026

v 74.5599 29.9159 -13.9926
vt 20.2344 18.244
vn 0.907336 -0.269846 -0.322374
vt 19.0094 14.526
vt 19.4346 17.9841
f 1366/5074/1029 1333/5075/996 1365/5076/1028

vt 18.0205 14.7184
vt 19.2834 18.4237
vt 18.9797 14.9482
f 1333/5077/996 1366/5078/1029 1332/5079/995

vt 15.3339 15.045
vt 15.6931 18.5152
v 74.2242 29.1755 -13.302
vt 16.2221 17.3729
vn 0.962462 -0.242031 0.122836
f 1332/5080/995 1366/5081/1029 1367/5082/1030

vt 17.8325 18.1529
vt 17.3019 19.2945
v 74.8116 31.1896 -13.5875
vt 17.9546 20.7808
vn 0.954381 -0.297385 -0.0268
f 1367/5083/1030 1366/5084/1029 1368/5085/1031

vt 20.4953 19.7766
vt 19.8565 18.2842
v 74.7751 31.4064 -14.3961
vt 19.6419 20.2091
vn 0.823058 -0.258825 -0.505554
f 1368/5086/1031 1366/5087/1029 1369/5088/1032

vt 19.9661 20.3327
vt 20.1883 18.4087
vt 19.3884 18.1493
f 1369/5089/1032 1366/5090/1029 1365/5091/1028

vt 20.3339 18.2035
vt 19.3812 18.42
vt 20.8693 20.3976
f 1365/5092/1028 1363/5093/1026 1369/5094/1032

v 73.8706 31.8498 -15.999
vt 18.8357 20.9401
vn 0.754748 -0.132759 -0.642441
vt 21.0899 20.3327
vt 19.6347 18.3306
f 1370/5095/1033 1369/5096/1032 1363/5097/1026

vt 21.105 20.6425
vt 18.8492 21.2441
v 75.2089 33.2677 -14.0763
vt 21.7062 22.9245
vn 0.757011 0.0904576 -0.64711
f 1369/5098/1032 1370/5099/1033 1371/5100/1034

vt 21.3919 22.5639
vt 18.6385 20.7186
v 74.3192 32.6491 -15.2135
vt 19.6609 21.7237
vn 0.705059 0.0886394 -0.703587
f 1371/5101/1034 1370/5102/1033 1372/5103/1035

vt 18.8241 20.6311
vt 17.6186 21.2515
vt 19.8813 21.5994
f 1370/5104/1033 1359/5105/1022 1372/5106/1035

vt 17.763 19.7399
vt 17.6132 21.3158
vt 18.8195 20.6968
f 1360/5107/1023 1359/5108/1022 1370/5109/1033

vt 19.6172 18.2717
vt 17.7316 19.9667
vt 18.8237 20.8828
f 1363/5110/1026 1360/5111/1023 1370/5112/1033

vt 16.6363 16.9235
vt 17.7404 20.0282
vt 19.6282 18.3357
f 1361/5113/1024 1360/5114/1023 1363/5115/1026

vt 19.7618 19.4885
vt 17.5095 19.0785
v 73.8089 32.9303 -15.5284
vt 19.0227 19.785
vn 0.657983 0.35132 -0.666058
f 1372/5116/1035 1359/5117/1022 1373/5118/1036

vt 19.0347 19.8198
vt 17.5197 19.1172
v 72.0735 32.6745 -17.6623
vt 15.6487 19.3459
vn 0.660402 0.410651 -0.628677
f 1373/5119/1036 1359/5120/1022 1374/5121/1037

vt 17.5675 17.2183
vt 14.3224 16.8676
vt 15.6999 17.4738
f 1359/5122/1022 1358/5123/1021 1374/5124/1037

vt 15.6851 17.3958
vt 14.3104 16.7831
v 70.5458 32.5657 -19.5682
vt 12.669 17.1274
vn 0.679849 0.378963 -0.627847
f 1374/5125/1037 1358/5126/1021 1375/5127/1038

vt 14.248 18.5631
vt 13.3334 17.7929
vt 12.5999 18.874
f 1358/5128/1021 1349/5129/1012 1375/5130/1038

vt 12.7691 17.5939
vt 13.4397 16.4728
vt 11.7381 17.1215
f 1375/5131/1038 1349/5132/1012 1348/5133/1011

vt 12.5023 16.275
vt 11.5182 15.7113
v 69.6174 32.7472 -20.2876
vt 11.0423 16.392
vn 0.639535 0.477253 -0.602681
f 1375/5134/1038 1348/5135/1011 1376/5136/1039

vt 10.018 20.9962
vt 9.62424 20.6012
vt 9.39271 21.5428
f 1348/5137/1011 1346/5138/1009 1376/5139/1039

vt 11.4175 16.8182
vt 11.2338 15.8661
v 69.5975 32.3676 -20.8789
vt 10.7987 16.4131
vn 0.732781 0.234124 -0.63892
f 1376/5140/1039 1346/5141/1009 1377/5142/1040

vt 11.3192 17.7249
vt 10.5391 17.1904
vt 10.8471 18.2402
f 1346/5143/1009 1345/5144/1008 1377/5145/1040

vt 10.5737 19.0722
vt 10.3932 17.9931
v 68.2202 31.9973 -22.5635
vt 7.91739 18.4517
vn 0.697928 0.0697704 -0.712761
f 1377/5146/1040 1345/5147/1008 1378/5148/1041

vt 7.82353 20.4905
vt 10.3086 20.0853
vt 9.18505 18.2969
f 1378/5149/1041 1345/5150/1008 1343/5151/1006

v 68.0771 31.3748 -22.9722
vt 7.4759 19.4434
vn 0.675086 -0.047368 -0.736217
vt 7.91214 20.203
vt 9.2365 17.9868
f 1379/5152/1042 1378/5153/1041 1343/5154/1006

v 65.4366 32.2919 -24.8142
vt 3.35669 20.1336
vn 0.662534 -0.0900946 -0.743594
vt 7.7986 20.1898
vt 7.37938 19.4207
f 1380/5155/1043 1378/5156/1041 1379/5157/1042

v 65.6872 32.9045 -24.3832
vt 3.89503 21.3041
vn 0.697476 0.0322204 -0.715883
vt 7.80056 20.5901
vt 3.35863 20.5354
f 1381/5158/1044 1378/5159/1041 1380/5160/1043

v 66.6492 32.8052 -23.4746
vt 5.7015 18.7796
vn 0.709361 0.185424 -0.680018
vt 7.93489 17.9555
vt 4.05389 18.7927
f 1382/5161/1045 1378/5162/1041 1381/5163/1044

v 68.0452 32.6752 -22.1281
vt 8.12819 18.6327
vn 0.689555 0.31708 -0.651133
vt 7.94458 17.8077
vt 5.71376 18.6387
f 1383/5164/1046 1378/5165/1041 1382/5166/1045

vt 8.04975 18.7285
vt 10.5319 18.5478
vt 7.88203 17.9001
f 1383/5167/1046 1377/5168/1040 1378/5169/1041

v 66.935 33.2228 -22.4839
vt 6.83143 14.8495
vn 0.577451 0.652944 -0.490117
vt 10.6237 13.9462
vt 8.14778 14.1982
f 1384/5170/1047 1377/5171/1040 1383/5172/1046

vt 11.0929 15.3368
vt 10.5846 14.7994
vt 6.78001 15.6494
f 1376/5173/1039 1377/5174/1040 1384/5175/1047

v 67.6236 33.23 -21.4886
vt 8.62404 6.93423
vn 0.33735 0.911644 -0.234736
vt 11.3711 6.06183
vt 7.13159 6.91329
f 1385/5176/1048 1376/5177/1039 1384/5178/1047

v 69.0897 33.0458 -20.1838
vt 10.7523 10.4632
vn 0.368956 0.878062 -0.30476
vt 11.1387 10.0132
vt 8.31031 10.568
f 1386/5179/1049 1376/5180/1039 1385/5181/1048

v 70.3024 32.9649 -19.0498
vt 12.5806 11.6896
vn 0.453102 0.787568 -0.417655
vt 10.934 11.1483
vt 10.5197 11.5727
f 1387/5182/1050 1376/5183/1039 1386/5184/1049

vt 12.828 12.7655
vt 12.6047 12.17
vt 11.1493 12.334
f 1387/5185/1050 1375/5186/1038 1376/5187/1039

v 71.7973 33.0587 -17.1684
vt 15.7227 13.299
vn 0.284475 0.922559 -0.260688
vt 12.5554 12.3276
vt 12.7684 12.9269
f 1388/5188/1051 1375/5189/1038 1387/5190/1050

vt 15.6196 12.9936
vt 15.4706 12.4012
vt 12.4772 11.9441
f 1388/5191/1051 1374/5192/1037 1375/5193/1038

v 72.6027 33.0884 -16.3257
vt 16.6522 14.3069
vn 0.228686 0.935875 -0.268032
vt 15.1235 13.447
vt 15.2263 14.0491
f 1389/5194/1052 1374/5195/1037 1388/5196/1051

vt 16.3873 14.4323
vt 18.1668 14.5038
vt 14.8954 13.51
f 1389/5197/1052 1373/5198/1036 1374/5199/1037

v 73.6431 33.1464 -15.3119
vt 18.2137 16.6367
vn 0.197288 0.927267 -0.318204
vt 18.2246 16.3266
vt 16.4445 16.27
f 1390/5200/1053 1373/5201/1036 1389/5202/1052

vt 17.1102 18.9633
v 74.3287 33.2757 -14.6404
vt 18.2229 19.4208
vn 0.150598 0.932439 -0.328449
vt 17.1598 18.657
f 1390/5203/1053 1391/5204/1054 1373/5205/1036

vt -19.7808 14.9745
vt -18.6888 14.4695
v 73.4059 33.1547 -15.1125
vt -18.7641 14.2089
vn -0.368027 0.866937 0.336118
f 1391/5206/1054 1390/5207/1053 1392/5208/1055

vt -19.3189 10.3378
vt -19.2928 10.6078
vt -17.5342 10.1936
f 1392/5209/1055 1390/5210/1053 1389/5211/1052

vt -19.3047 9.14803
vt -17.5224 8.97748
v 71.1644 33.1074 -16.7648
vt -16.0597 8.00111
vn -0.299885 0.901843 0.311044
f 1392/5212/1055 1389/5213/1052 1393/5214/1056

vt -16.0542 7.92392
vt -17.5383 8.86744
vt -16.1172 8.58458
f 1393/5215/1056 1389/5216/1052 1388/5217/1051

vt -15.6111 5.15977
vt -15.801 5.79567
v 70.8322 33.1352 -17.5175
vt -14.6516 5.41336
vn -0.191893 0.955621 0.223527
f 1393/5218/1056 1388/5219/1051 1394/5220/1057

vt -14.9965 4.84604
vt -16.0872 5.37301
v 70.9219 33.0885 -17.9575
vt -14.6457 5.12067
vn 0.135145 0.983775 -0.117995
f 1394/5221/1057 1388/5222/1051 1395/5223/1058

vt 9.46805 13.0745
vt 10.658 13.9264
vt 8.45943 11.9181
f 1395/5224/1058 1388/5225/1051 1387/5226/1050

vt 12.2837 10.6477
vt 10.9881 9.82558
v 70.0901 33.1055 -18.7894
vt 10.9193 10.1223
vn 0.101583 0.991882 -0.0764939
f 1395/5227/1058 1387/5228/1050 1396/5229/1059

vt 11.0816 9.87166
vt 11.1439 9.57352
v 69.0706 33.1588 -19.7104
vt 9.45523 9.35407
vn 0.152412 0.983024 -0.102152
f 1396/5230/1059 1387/5231/1050 1397/5232/1060

vt 6.73888 10.2479
vt 8.26546 11.0024
vt 6.61681 9.76031
f 1397/5233/1060 1387/5234/1050 1386/5235/1049

vt 8.0323 9.21895
vt 7.84154 8.75395
v 67.2557 33.3198 -21.2694
vt 5.3838 7.87051
vn -0.0971776 0.981506 0.164931
f 1397/5236/1060 1386/5237/1049 1398/5238/1061

vt -7.73545 0.123115
vt -10.3424 0.281166
vt -7.90471 0.460439
f 1398/5239/1061 1386/5240/1049 1385/5241/1048

vt -7.68814 0.0670389
vt -7.86091 0.402575
v 66.4568 33.3771 -22.5657
vt -5.89119 0.592873
vn 0.11709 0.993073 -0.00979051
f 1398/5242/1061 1385/5243/1048 1399/5244/1062

vt 8.60629 5.27784
vt 7.11406 5.24496
vt 6.64676 5.55393
f 1385/5245/1048 1384/5246/1047 1399/5247/1062

vt 7.03135 0.956026
vt 7.29617 0.46236
v 65.672 33.4699 -23.5072
vt 5.73131 1.75585
vn 0.324563 0.929459 -0.175401
f 1399/5248/1062 1384/5249/1047 1400/5250/1063

vt 6.91566 12.3754
v 66.7407 33.0564 -23.0685
vt 6.23234 12.0949
vn 0.667278 0.464361 -0.58233
vt 4.90106 12.6269
f 1384/5251/1047 1401/5252/1064 1400/5253/1063

vt 7.03323 13.1127
vt 8.30529 12.3786
vt 6.33921 12.8599
f 1384/5254/1047 1383/5255/1046 1401/5256/1064

vt 6.13552 17.1097
vt 8.12945 16.7614
vt 5.71502 16.7683
f 1401/5257/1064 1383/5258/1046 1382/5259/1045

vt 6.27153 17.5462
vt 5.83831 17.2211
v 64.3662 33.5543 -25.3201
vt 2.19056 18.0022
vn 0.721162 0.321254 -0.613776
f 1401/5260/1064 1382/5261/1045 1402/5262/1065

vt 2.02424 20.9026
vt 5.69828 20.2563
vt 4.05066 20.2682
f 1402/5263/1065 1382/5264/1045 1381/5265/1044

vt 3.93664 21.3427
vt 3.39555 20.5773
vt 1.89798 21.9366
f 1381/5266/1044 1380/5267/1043 1402/5268/1065

vt 2.24843 20.928
vt 3.66714 19.4866
v 63.4897 33.8342 -26.2165
vt 0.679769 21.2143
vn 0.702532 0.0317228 -0.710944
f 1402/5269/1065 1380/5270/1043 1403/5271/1066

vt 0.0758607 23.0563
vt 3.17808 21.5445
v 63.9676 31.0649 -25.6142
vt 1.29541 19.7841
vn 0.527536 -0.235021 -0.816377
f 1403/5272/1066 1380/5273/1043 1404/5274/1067

vt 1.17253 19.7439
vt 3.03992 21.5205
v 65.4141 31.1274 -24.8131
vt 3.15685 20.1163
vn 0.602783 -0.185451 -0.776054
f 1404/5275/1067 1380/5276/1043 1405/5277/1068

vt 3.09589 21.5059
v 67.8503 30.3277 -23.3635
vt 6.73134 19.6194
vn 0.633529 -0.131982 -0.762379
vt 3.20725 20.1013
f 1380/5278/1043 1406/5279/1069 1405/5280/1068

vt 3.29134 21.029
vt 7.3212 20.3578
vt 6.88922 19.0718
f 1380/5281/1043 1379/5282/1042 1406/5283/1069

vt 7.27716 20.3757
vt 9.08976 18.9843
vt 6.85307 19.0871
f 1379/5284/1042 1343/5285/1006 1406/5286/1069

vt 6.85017 19.219
vt 9.08691 19.1172
v 69.0092 29.1694 -22.7171
vt 8.56421 18.0332
vn 0.66208 -0.177503 -0.728109
f 1406/5287/1069 1343/5288/1006 1407/5289/1070

vt 8.72399 17.9841
vt 9.30293 19.0391
vt 9.84304 17.1422
f 1407/5290/1070 1343/5291/1006 1341/5292/1004

vt 8.7159 18.2914
vt 9.843 17.4604
vt 8.33701 16.7546
f 1407/5293/1070 1341/5294/1004 1339/5295/1002

v 67.4034 29.4686 -23.6625
vt 6.16717 18.5331
vn 0.598954 -0.190468 -0.777802
vt 8.45648 18.4914
vt 8.12721 16.9432
f 1408/5296/1071 1407/5297/1070 1339/5298/1002

vt 6.72699 19.5641
vt 8.45853 18.404
vt 6.16923 18.4461
f 1406/5299/1069 1407/5300/1070 1408/5301/1071

vt 3.21717 20.046
vt 6.74085 19.5612
vt 6.1816 18.444
f 1405/5302/1068 1406/5303/1069 1408/5304/1071

vt 3.11367 20.1694
vt 6.09047 18.5905
v 66.47 28.7298 -24.083
vt 4.96858 17.4987
vn 0.600811 -0.187042 -0.777201
f 1405/5305/1068 1408/5306/1071 1409/5307/1072

vt 4.97645 17.4977
vt 6.09894 18.5889
vt 7.32572 15.6885
f 1409/5308/1072 1408/5309/1071 1340/5310/1003

vt 6.11899 18.579
vt 8.08478 16.9961
vt 7.34194 15.6769
f 1408/5311/1071 1339/5312/1002 1340/5313/1003

vt 7.42403 15.517
vt 5.54021 14.5481
vt 5.09456 17.3516
f 1340/5314/1003 1183/5315/846 1409/5316/1072

vt 7.52906 15.5982
vt 7.55598 13.7735
vt 5.63336 14.6528
f 1340/5317/1003 1184/5318/847 1183/5319/846

vt 4.97414 17.4338
vt 5.45594 14.6363
vt 4.09507 14.9504
f 1409/5320/1072 1183/5321/846 1168/5322/831

vt 5.42255 14.7316
vt 3.69309 13.805
vt 4.0606 15.041
f 1183/5323/846 1170/5324/833 1168/5325/831

vt 5.02739 17.4212
vt 4.1353 14.9425
vt 3.27986 16.2387
f 1409/5326/1072 1168/5327/831 1167/5328/830

vt 5.05821 17.4371
vt 3.30719 16.2598
vt 3.22267 20.1211
f 1409/5329/1072 1167/5330/830 1405/5331/1068

vt 3.16463 20.1353
vt 3.26547 16.2743
vt 1.18009 19.764
f 1405/5332/1068 1167/5333/830 1404/5334/1067

vt 2.96341 16.3549
vt 1.02332 16.8987
vt 0.807756 19.8016
f 1167/5335/830 1166/5336/829 1404/5337/1067

vt 0.715161 16.8996
v 63.1134 29.8097 -25.5833
vt -0.161035 18.029
vn 0.383942 -0.247219 -0.889647
vt 0.466283 19.7998
f 1166/5338/829 1410/5339/1073 1404/5340/1067

vt -0.381064 17.9179
vt 0.50009 16.7924
vt -0.343383 15.6085
f 1410/5341/1073 1166/5342/829 1162/5343/825

v 62.8993 31.4044 -25.8376
vt -1.15538 19.7787
vn 0.0650813 -0.249547 -0.966173
vt -0.50388 17.9158
vt -0.464322 15.6064
f 1411/5344/1074 1410/5345/1073 1162/5346/825

vt -0.720509 19.8848
vt 0.54864 19.7863
vt -0.0829512 18.017
f 1411/5347/1074 1404/5348/1067 1410/5349/1073

vt 0.527186 19.5546
vt -0.74198 19.6529
v 63.1021 32.5191 -26.1198
vt -0.888658 21.0961
vn 0.217008 -0.301217 -0.928534
f 1404/5350/1067 1411/5351/1074 1412/5352/1075

v 62.7478 32.3338 -25.9237
vt -2.46749 20.5955
vn -0.672724 -0.108619 -0.731877
vt -2.18762 20.977
vt -2.0877 19.5298
f 1413/5353/1076 1412/5354/1075 1411/5355/1074

v 62.8847 33.3034 -26.2559
vt -2.4148 21.5241
vn -0.660402 -0.0742646 -0.747231
vt -1.99722 20.6317
vt -2.27247 20.2469
f 1414/5356/1077 1412/5357/1075 1413/5358/1076

vt -1.97924 21.9152
v 63.2833 33.586 -26.3846
vt -1.67868 22.4094
vn 0.445911 -0.23184 -0.864531
vt -1.54216 21.0322
f 1414/5359/1077 1415/5360/1078 1412/5361/1075

v 63.0772 34.0294 -26.4186
vt -2.10349 22.9637
vn -0.172694 0.699565 -0.693387
vt -1.78564 22.5026
vt -2.0871 22.0089
f 1416/5362/1079 1415/5363/1078 1414/5364/1077

vt -0.0825173 22.5804
vt -0.377762 22.2412
vt -0.653677 22.7286
f 1403/5365/1066 1415/5366/1078 1416/5367/1079

vt 0.391584 23.0151
vt 1.55157 19.7212
vt 0.0823235 22.6886
f 1403/5368/1066 1404/5369/1067 1415/5370/1078

vt 0.54182 19.5708
vt -0.874249 21.1121
vt -1.0249 22.4878
f 1404/5371/1067 1412/5372/1075 1415/5373/1078

v 63.5569 33.9589 -25.9042
vt 1.09024 15.2239
vn 0.354 0.928323 -0.113577
vt 0.748887 15.051
vt 0.215327 15.3029
f 1417/5374/1080 1403/5375/1066 1416/5376/1079

vt 1.31305 16.7873
vt 2.50771 16.2454
vt 0.961659 16.6357
f 1417/5377/1080 1402/5378/1065 1403/5379/1066

v 64.2802 33.7189 -25.0535
vt 3.08089 13.1704
vn 0.355414 0.92905 -0.102701
vt 2.86067 12.9625
vt 1.74729 13.6562
f 1418/5380/1081 1402/5381/1065 1417/5382/1080

vt 2.72076 12.3213
v 64.8542 33.6106 -24.4273
vt 3.76795 12.1316
vn 0.333558 0.930799 -0.149509
vt 2.52994 12.0861
f 1418/5383/1081 1419/5384/1082 1402/5385/1065

vt -2.78052 6.52519
vt -1.7341 6.71919
v 63.971 33.7425 -24.9299
vt -1.53931 6.47869
vn -0.338062 0.835444 0.433298
f 1419/5386/1082 1418/5387/1081 1420/5388/1083

vt -1.00293 7.65932
vt -1.22728 7.87253
vt 0.101818 8.37044
f 1420/5389/1083 1418/5390/1081 1417/5391/1080

vt -1.57535 11.0735
vt -0.387229 11.6344
v 63.2079 33.9684 -25.9383
vt -0.0328049 11.4776
vn -0.578654 0.625657 0.523176
f 1420/5392/1083 1417/5393/1080 1421/5394/1084

vt -0.283554 9.57645
vt -0.627314 9.75545
vt 0.247347 9.83724
f 1421/5395/1084 1417/5396/1080 1416/5397/1079

v 62.949 33.7964 -26.2341
vt -0.839022 21.2353
vn -0.869062 0.356874 0.342598
vt -1.31671 21.461
vt -0.743155 21.6056
f 1422/5398/1085 1421/5399/1084 1416/5400/1079

v 62.5938 31.719 -24.2579
vt -2.39178 18.9976
vn -0.778454 0.396238 0.486831
vt -1.15756 22.2643
vt -0.677606 22.0435
f 1423/5401/1086 1421/5402/1084 1422/5403/1085

v 63.9766 32.9871 -23.3728
vt -4.16251 20.6735
vn -0.645288 0.53265 0.54762
vt -1.06029 22.1854
vt -2.27983 18.9131
f 1424/5404/1087 1421/5405/1084 1423/5406/1086

vt -3.38448 16.4681
vt -1.96577 17.9096
vt -0.397111 18.1959
f 1424/5407/1087 1420/5408/1083 1421/5409/1084

vt -3.86617 18.19
v 64.6511 33.3978 -23.3603
vt -4.40726 18.9554
vn -0.564323 0.633051 0.529893
vt -2.3686 19.5493
f 1424/5410/1087 1425/5411/1088 1420/5412/1083

v 66.1227 32.996 -20.4926
vt -8.36297 18.1519
vn -0.545238 0.661728 0.514618
vt -4.45744 18.8659
vt -3.92105 18.0972
f 1426/5413/1089 1425/5414/1088 1424/5415/1087

vt -8.13446 14.1774
v 65.5112 33.347 -22.351
vt -5.90107 15.0015
vn -0.464793 0.74452 0.479225
vt -4.25346 15.0146
f 1426/5416/1089 1427/5417/1090 1425/5418/1088

vt -8.11451 13.9808
v 66.7904 33.2727 -20.8893
vt -8.29812 14.8059
vn -0.391916 0.821938 0.413304
vt -5.88369 14.8119
f 1426/5419/1089 1428/5420/1091 1427/5421/1090

v 67.9199 33.1664 -19.2226
vt -10.8838 14.7029
vn -0.403834 0.777034 0.482842
vt -8.40168 14.8837
vt -8.23395 14.0552
f 1429/5422/1092 1428/5423/1091 1426/5424/1089

vt -10.7389 8.71957
vt -8.30901 9.52084
vt -8.26331 8.97495
f 1429/5425/1092 1398/5426/1061 1428/5427/1091

vt -10.8366 9.89966
v 68.6164 33.2239 -19.2993
vt -11.3416 10.4401
vn -0.288131 0.906872 0.307511
vt -8.38989 10.6479
f 1429/5428/1092 1430/5429/1093 1398/5430/1061

v 67.9432 32.9026 -18.6919
vt -9.56189 12.2251
vn -0.531842 0.663396 0.526356
vt -9.74562 13.1772
vt -9.12678 12.772
f 1431/5431/1094 1430/5432/1093 1429/5433/1092

vt -11.9562 17.1668
v 68.3225 33.0924 -18.5311
vt -12.3499 17.5618
vn -0.516551 0.731698 0.444739
vt -11.7246 18.1084
f 1431/5434/1094 1432/5435/1095 1430/5436/1093

v 67.8045 32.5832 -17.7066
vt -12.7163 17.3073
vn -0.607862 0.599055 0.521188
vt -12.2643 18.4017
vt -11.8332 18.0477
f 1433/5437/1096 1432/5438/1095 1431/5439/1094

vt -11.9499 15.0255
v 68.9282 32.7675 -17.2083
vt -13.3494 15.5844
vn -0.487583 0.664652 0.566128
vt -11.623 16.1636
f 1433/5440/1096 1434/5441/1097 1432/5442/1095

v 68.3832 32.4545 -16.9286
vt -13.1095 15.0866
vn -0.544288 0.569787 0.615706
vt -13.3098 15.804
vt -11.9077 15.2516
f 1435/5443/1098 1434/5444/1097 1433/5445/1096

vt -12.083 14.7678
v 68.8704 32.0468 -16.1164
vt -13.2245 14.1904
vn -0.5201 0.542999 0.659278
vt -12.3429 15.4658
f 1435/5446/1098 1436/5447/1099 1434/5448/1097

vt -12.6872 17.7178
v 67.5762 31.1014 -15.8607
vt -12.9791 15.4969
vn -0.584227 0.470397 0.661367
vt -13.8492 17.1829
f 1435/5449/1098 1437/5450/1100 1436/5451/1099

v 67.3519 31.7281 -16.8113
vt -12.1161 16.6099
vn -0.643816 0.492484 0.585628
vt -13.1868 15.6792
vt -12.8725 17.897
f 1438/5452/1101 1437/5453/1100 1435/5454/1098

vt -12.6614 18.1214
v 66.9509 30.6856 -16.1134
vt -13.025 16.5691
vn -0.663244 0.419874 0.619526
vt -13.7562 17.2192
f 1438/5455/1101 1439/5456/1102 1437/5457/1100

v 66.0676 30.5376 -17.1108
vt -11.5788 16.5192
vn -0.637651 0.442475 0.630569
vt -13.2241 16.7576
vt -12.8477 18.3068
f 1440/5458/1103 1439/5459/1102 1438/5460/1101

vt -11.5337 16.9968
v 65.1999 28.3969 -16.2265
vt -11.7501 13.9638
vn -0.658659 0.368528 0.656015
vt -13.1794 17.2326
f 1440/5461/1103 1441/5462/1104 1439/5463/1102

vt -10.599 16.6731
v 65.1992 30.5248 -17.7319
vt -9.29087 16.5141
vn -0.617333 0.418279 0.666291
vt -10.7482 13.6361
f 1440/5464/1103 1442/5465/1105 1441/5466/1104

vt -10.6599 15.9731
v 65.5749 31.8211 -18.627
vt -8.81875 17.7107
vn -0.605155 0.514956 0.607132
vt -9.35206 15.8119
f 1440/5467/1103 1443/5468/1106 1442/5469/1105

v 67.0277 31.9442 -17.7927
vt -10.6665 17.8245
vn -0.608507 0.525353 0.594747
vt -8.65776 17.3812
vt -10.4887 15.6328
f 1444/5470/1107 1443/5471/1106 1440/5472/1103

vt -10.7793 16.9741
v 67.1038 32.7605 -18.7034
vt -10.0069 18.2345
vn -0.509309 0.614234 0.602761
vt -8.77292 16.5204
f 1444/5473/1107 1445/5474/1108 1443/5475/1106

vt -9.35928 14.7659
vt -9.49404 16.5651
vt -8.68228 16.08
f 1444/5476/1107 1431/5477/1094 1445/5478/1108

vt -11.9419 19.5361
vt -12.2479 17.758
vt -12.8528 18.8302
f 1431/5479/1094 1444/5480/1107 1433/5481/1096

vt -11.8915 17.8983
vt -13.0966 17.5041
vt -12.553 18.9365
f 1444/5482/1107 1438/5483/1101 1433/5484/1096

vt -11.9551 18.4818
vt -11.9278 16.283
vt -13.1624 18.0945
f 1444/5485/1107 1440/5486/1103 1438/5487/1101

vt -12.038 17.9053
vt -12.5164 16.4499
vt -13.2417 17.7547
f 1433/5488/1096 1438/5489/1101 1435/5490/1098

vt -9.55368 13.8348
vt -10.3338 14.3693
vt -9.86162 14.8846
f 1445/5491/1108 1431/5492/1094 1429/5493/1092

vt -10.6448 14.4051
vt -10.8254 15.4841
vt -8.16905 14.8636
f 1445/5494/1108 1429/5495/1092 1426/5496/1089

vt -10.8142 17.5873
vt -8.3291 17.9925
vt -9.69062 15.7989
f 1445/5497/1108 1426/5498/1089 1443/5499/1106

vt -8.1791 17.5795
v 65.4737 32.6144 -20.4019
vt -7.74286 16.8199
vn -0.61904 0.568855 0.541474
vt -9.50346 15.3632
f 1426/5500/1089 1446/5501/1109 1443/5502/1106

vt -8.36578 17.441
vt -3.92387 17.3848
vt -7.94656 16.6719
f 1426/5503/1089 1424/5504/1087 1446/5505/1109

vt -8.04585 18.3897
vt -4.01599 19.0608
v 64.6491 31.8521 -20.2029
vt -7.61387 17.1037
vn -0.682912 0.494866 0.537344
f 1446/5506/1109 1424/5507/1087 1447/5508/1110

vt -7.89508 18.4382
vt -4.25964 20.3246
v 63.4718 32.0522 -22.8955
vt -4.37099 18.92
vn -0.721122 0.444952 0.531038
f 1447/5509/1110 1424/5510/1087 1448/5511/1111

vt -4.32181 20.3533
vt -2.45442 18.5767
vt -4.43874 18.9491
f 1424/5512/1087 1423/5513/1086 1448/5514/1111

vt -4.52934 15.199
vt -4.42851 19.06
vt -2.44397 18.6888
f 1207/5515/870 1448/5516/1111 1423/5517/1086

vt -4.43406 15.1763
v 63.1862 30.2935 -20.8409
vt -6.18508 16.3536
vn -0.723019 0.443325 0.529817
vt -4.34954 19.0376
f 1207/5518/870 1449/5519/1112 1448/5520/1111

vt -5.35263 13.7333
vt -6.24472 16.2121
vt -4.49719 15.0296
f 1208/5521/871 1449/5522/1112 1207/5523/870

v 62.2261 28.467 -19.6812
vt -6.82145 13.3834
vn -0.727724 0.384852 0.567721
vt -6.33965 16.1809
vt -5.46059 13.6975
f 1450/5524/1113 1449/5525/1112 1208/5526/871

vt -6.55526 13.2245
v 63.3933 29.1489 -18.6386
vt -8.43908 14.1934
vn -0.711917 0.401362 0.576266
vt -6.10961 16.028
f 1450/5527/1113 1451/5528/1114 1449/5529/1112

v 62.952 27.7907 -18.2897
vt -8.01287 13.5236
vn -0.698397 0.32977 0.635212
vt -7.98595 15.3482
vt -6.09024 14.4028
f 1452/5530/1115 1451/5531/1114 1450/5532/1113

vt -7.7191 13.5027
vt -11.4595 14.4789
v 64.1289 30.0949 -18.4172
vt -8.46441 16.632
vn -0.685915 0.400441 0.607592
vt -7.69625 15.3274
f 1452/5533/1115 1441/5534/1104 1453/5535/1116 1451/5536/1114 

vt -11.4343 14.5815
vt -7.69371 13.6058
v 64.4804 25.9476 -15.6216
vt -11.5173 11.3235
vn -0.670801 0.320996 0.668571
f 1441/5537/1104 1452/5538/1115 1454/5539/1117

v 63.0173 26.2634 -17.413
vt -8.69804 11.7408
vn -0.70886 0.32363 0.626722
vt -11.5815 11.4365
vt -7.7575 13.7181
f 1455/5540/1118 1454/5541/1117 1452/5542/1115

vt -8.70065 11.7657
v 63.2937 24.143 -16.0107
vt -10.3315 9.03892
vn -0.683162 0.291359 0.669626
vt -11.5841 11.4614
f 1455/5543/1118 1456/5544/1119 1454/5545/1117

vt -8.7394 11.7889
v 61.5473 23.6874 -17.7645
vt -7.32589 8.35753
vn -0.730317 0.275087 0.625271
vt -10.3703 9.06214
f 1455/5546/1118 1457/5547/1120 1456/5548/1119

v 61.7412 25.2083 -18.3975
vt -6.98406 10.2912
vn -0.717869 0.361366 0.595046
vt -7.48493 8.2925
vt -8.89803 11.724
f 1458/5549/1121 1457/5550/1120 1455/5551/1118

vt -7.13334 10.3305
v 60.8837 24.1225 -18.9294
vt -5.98498 8.89464
vn -0.770214 0.262841 0.581107
vt -7.63459 8.3318
f 1458/5552/1121 1459/5553/1122 1457/5554/1120

v 60.8575 25.2771 -19.9829
vt -5.24817 10.2231
vn -0.744473 0.382523 0.547208
vt -6.31774 8.62737
vt -7.46327 10.0655
f 1460/5555/1123 1459/5556/1122 1458/5557/1121

vt -5.28441 10.2524
v 60.5003 24.4845 -19.9255
vt -5.08626 9.18815
vn -0.791199 0.309305 0.527574
vt -6.35465 8.65715
f 1460/5558/1123 1461/5559/1124 1459/5560/1122

vt -3.73271 10.4231
vt -5.56659 9.12453
vt -5.7577 10.1901
f 1214/5561/877 1461/5562/1124 1460/5563/1123

vt -4.09888 10.9471
v 60.1818 23.6461 -20.4545
vt -5.1635 8.67961
vn -0.826413 0.253869 0.502586
vt -5.93321 9.64917
f 1214/5564/877 1462/5565/1125 1461/5566/1124

vt -4.06448 10.9362
v 59.9969 24.167 -21.692
vt -3.75609 9.50948
vn -0.879049 0.279477 0.386219
vt -5.13039 8.66933
f 1214/5567/877 1463/5568/1126 1462/5569/1125

vt -4.19259 9.40274
vt -4.50927 10.8276
vt -3.7646 11.0089
f 1463/5570/1126 1214/5571/877 1215/5572/878

vt -4.59751 9.45948
vt -4.18113 11.0687
vt -3.37113 10.3336
f 1463/5573/1126 1215/5574/878 1225/5575/888

vt -4.43471 10.7966
vt -3.20335 11.5168
vt -3.62398 10.0624
f 1215/5576/878 1218/5577/881 1225/5578/888

vt -4.01055 10.8728
vt -2.99562 10.9017
vt -4.21822 10.1667
f 1216/5579/879 1218/5580/881 1215/5581/878

vt -4.04639 11.7364
vt -3.73374 12.1752
vt -3.03149 11.7662
f 1216/5582/879 1217/5583/880 1218/5584/881

vt -3.29488 10.2518
vt -3.08356 7.98121
vt -4.5225 9.37934
f 1225/5585/888 1224/5586/887 1463/5587/1126

vt -4.54327 9.35891
vt -3.10408 7.96104
v 59.6161 22.4805 -22.0979
vt -3.8009 7.34491
vn -0.880939 0.278391 0.382681
f 1463/5588/1126 1224/5589/887 1464/5590/1127

vt -3.85484 7.39764
vt -3.15843 8.01424
v 59.36 21.252 -22.0581
vt -3.67344 5.85851
vn -0.877643 0.262985 0.400727
f 1464/5591/1127 1224/5592/887 1465/5593/1128

vt -3.10262 8.00547
vt -2.75911 5.87222
vt -3.61958 5.85021
f 1224/5594/887 1226/5595/889 1465/5596/1128

vt -3.62349 5.97704
vt -2.76302 5.99915
v 59.1666 19.9005 -21.8998
vt -3.57909 4.27938
vn -0.857592 0.269361 0.438157
f 1465/5597/1128 1226/5598/889 1466/5599/1129

vt -3.15855 4.13098
vt -2.32538 5.84254
v 58.9605 19.4281 -22.5278
vt -2.36331 3.6535
vn -0.913068 0.29414 0.282468
f 1466/5600/1129 1226/5601/889 1467/5602/1130

vt -3.34526 5.82259
vt -2.98911 5.42341
vt -3.35906 3.63326
f 1226/5603/889 1227/5604/890 1467/5605/1130

vt -3.11346 3.5891
vt -2.74045 5.37861
v 58.8854 18.7116 -22.9617
vt -2.55006 2.82306
vn -0.952192 0.272101 -0.13889
f 1467/5606/1130 1227/5607/890 1468/5608/1131

vt -3.30098 5.35821
vt -2.98154 4.84186
vt -3.12928 2.80134
f 1227/5609/890 1277/5610/940 1468/5611/1131

vt -3.35375 5.32608
vt -3.0791 5.48286
vt -3.03752 4.80775
f 1227/5612/890 1228/5613/891 1277/5614/940

vt -3.22302 2.82578
vt -3.06479 4.86551
vt -3.04765 3.62362
f 1468/5615/1131 1277/5616/940 1278/5617/941

vt -3.10925 2.76431
vt -2.94174 3.56384
vt -2.8883 2.34922
f 1468/5618/1131 1278/5619/941 1279/5620/942

vt -3.03691 1.31585
vt -3.07415 2.77952
vt -2.8523 2.36492
f 1280/5621/943 1468/5622/1131 1279/5623/942

vt -3.20213 3.52444
vt -2.63944 2.75789
vt -2.58344 1.29481
f 1467/5624/1130 1468/5625/1131 1280/5626/943

vt -1.91827 0.338444
vt -2.36545 3.7627
vt -1.75697 1.53026
f 1281/5627/944 1467/5628/1130 1280/5629/943

vt -2.28689 3.77612
vt -1.84572 0.351082
vt -3.08157 4.25453
f 1467/5630/1130 1281/5631/944 1466/5632/1129

vt -2.74284 4.37434
vt -1.54253 0.459815
v 59.6783 20.6301 -20.738
vt -4.27798 5.13469
vn -0.805231 0.228482 0.547173
f 1466/5633/1129 1281/5634/944 1469/5635/1132

vt -3.63355 5.52488
vt -1.02139 0.780011
v 59.9081 19.0142 -20.2511
vt -4.32203 3.54959
vn -0.772116 0.184615 0.608074
f 1469/5636/1132 1281/5637/944 1470/5638/1133

v 60.0944 17.9968 -19.9748
vt -4.67788 2.42304
vn -0.758184 0.108319 0.64298
vt -4.23498 3.65285
vt -0.948214 0.866823
f 1471/5639/1134 1470/5640/1133 1281/5641/944

v 60.7576 19.5382 -18.7575
vt -6.5164 4.21711
vn -0.783355 0.149783 0.603258
vt -4.42715 3.65096
vt -4.85475 2.41575
f 1472/5642/1135 1470/5643/1133 1471/5644/1134

vt -6.57674 4.02424
v 61.1586 22.0133 -18.3477
vt -7.24504 7.02061
vn -0.778253 0.207939 0.592523
vt -4.48548 3.46557
f 1472/5645/1135 1473/5646/1136 1470/5647/1133

v 61.6827 21.3056 -17.069
vt -9.0852 5.95687
vn -0.778096 0.205218 0.593677
vt -7.43622 6.92709
vt -6.7419 3.93665
f 1474/5648/1137 1473/5649/1136 1472/5650/1135

v 62.1231 21.5861 -16.3973
vt -9.85274 6.04112
vn -0.72305 0.223121 0.65377
vt -7.21411 6.67973
vt -8.86986 5.7211
f 1475/5651/1138 1473/5652/1136 1474/5653/1137

vt -9.9661 6.36906
vt -8.17842 9.01535
vt -7.32995 7.01787
f 1475/5654/1138 1457/5655/1120 1473/5656/1136

vt -10.2875 9.40522
vt -7.24345 8.69915
vt -9.09401 6.09645
f 1456/5657/1119 1457/5658/1120 1475/5659/1138

v 63.6684 22.5673 -15.2235
vt -11.1013 7.62805
vn -0.692982 0.245115 0.678008
vt -9.96838 9.54585
vt -8.78777 6.23245
f 1476/5660/1139 1456/5661/1119 1475/5662/1138

v 63.9023 23.5249 -15.23
vt -11.4049 8.89765
vn -0.684113 0.281578 0.672832
vt -10.1431 9.60812
vt -11.2711 7.68739
f 1477/5663/1140 1456/5664/1119 1476/5665/1139

vt -11.1747 8.5545
vt -11.1611 11.6857
vt -9.91119 9.26183
f 1477/5666/1140 1454/5667/1117 1456/5668/1119

vt -11.4077 8.54098
v 65.6752 23.1539 -13.2849
vt -14.6969 8.23835
vn -0.646582 0.267336 0.714467
vt -11.3981 11.6722
f 1477/5669/1140 1478/5670/1141 1454/5671/1117

vt -11.4152 8.61734
v 64.837 21.8146 -13.6392
vt -13.7527 6.54389
vn -0.691613 0.240143 0.681178
vt -14.7044 8.31454
f 1477/5672/1140 1479/5673/1142 1478/5674/1141

vt -11.5175 7.61443
vt -13.9877 6.74362
vt -11.6564 8.8241
f 1476/5675/1139 1479/5676/1142 1477/5677/1140

v 63.5669 20.9177 -15.1062
vt -11.7416 5.83386
vn -0.700422 0.195593 0.686406
vt -14.1075 6.9814
vt -11.64 7.85965
f 1480/5678/1143 1479/5679/1142 1476/5680/1139

vt -11.7919 5.7303
v 64.3054 20.2237 -14.0036
vt -13.4545 4.89429
vn -0.703694 0.15887 0.692514
vt -14.1596 6.87405
f 1480/5681/1143 1481/5682/1144 1479/5683/1142

vt -12.0497 5.95689
v 63.538 19.135 -15.2811
vt -11.9054 3.82338
vn -0.726666 0.108413 0.678383
vt -13.7023 5.1011
f 1480/5684/1143 1482/5685/1145 1481/5686/1144

vt -10.3301 4.74484
vt -10.3039 6.88306
v 62.576 19.5719 -15.8681
vt -8.91515 5.08899
vn -0.697388 0.11161 0.70795
f 1482/5687/1145 1480/5688/1143 1483/5689/1146

vt -9.59309 4.42276
vt -11.0236 6.18377
vt -8.57235 6.80285
f 1483/5690/1146 1480/5691/1143 1475/5692/1138

vt -10.9764 6.04076
vt -10.831 8.06388
vt -8.52442 6.65677
f 1480/5693/1143 1476/5694/1139 1475/5695/1138

vt -10.3736 4.36619
vt -9.42941 6.77767
v 61.9416 19.7126 -16.7145
vt -9.05954 4.52332
vn -0.769422 0.12599 0.626192
f 1483/5696/1146 1475/5697/1138 1484/5698/1147

vt -9.62011 6.66613
vt -8.63994 6.33791
vt -9.22894 4.41539
f 1475/5699/1138 1474/5700/1137 1484/5701/1147

vt -9.3918 4.35708
vt -8.82224 6.28545
vt -6.50804 4.23196
f 1484/5702/1147 1474/5703/1137 1472/5704/1135

vt -9.37924 4.55503
vt -6.4956 4.42714
v 61.4439 18.9556 -17.7472
vt -8.01017 3.69653
vn -0.782957 0.0816473 0.616695
f 1484/5705/1147 1472/5706/1135 1485/5707/1148

vt -8.06949 3.7264
vt -6.55925 4.46591
v 61.2346 17.8803 -18.5003
vt -7.18904 2.49044
vn -0.764132 0.0108303 0.644969
f 1485/5708/1148 1472/5709/1135 1486/5710/1149

vt -6.85269 2.65136
vt -6.15454 4.60371
vt -4.54006 2.75996
f 1486/5711/1149 1472/5712/1135 1471/5713/1134

vt -4.82049 2.24259
vt -6.87041 2.90447
vt -4.55798 3.01724
f 1282/5714/945 1486/5715/1149 1471/5716/1134

vt -4.6505 2.68794
v 61.546 17.3607 -18.4867
vt -6.98605 2.79737
vn -0.729295 -0.18767 0.657957
vt -6.6844 3.39751
f 1282/5717/945 1487/5718/1150 1486/5719/1149

vt -4.60387 3.17909
vt -5.16961 2.67713
vt -6.93846 3.30724
f 1282/5720/945 1287/5721/950 1487/5722/1150

vt -5.15522 2.6857
vt -4.58796 3.18594
vt -3.71679 2.34147
f 1287/5723/950 1282/5724/945 1284/5725/947

vt -3.79079 4.03699
vt -1.59319 2.71189
vt -3.04991 3.07618
f 1282/5726/945 1283/5727/946 1284/5728/947

vt -4.11096 4.40405
vt -2.78563 3.74748
vt -3.4007 3.84145
f 1287/5729/950 1284/5730/947 1285/5731/948

vt -3.43186 4.96752
vt -2.80225 4.31593
vt -3.70748 4.74223
f 1287/5732/950 1285/5733/948 1286/5734/949

vt -6.8446 3.52085
vt -5.08709 2.85975
v 62.3191 17.0122 -18.035
vt -7.93593 3.14679
vn -0.646829 -0.482274 0.590783
f 1487/5735/1150 1287/5736/950 1488/5737/1151

vt -7.28323 4.79791
vt -4.50122 4.12067
vt -6.39481 4.05156
f 1488/5738/1151 1287/5739/950 1288/5740/951

vt -7.95827 3.58327
vt -6.96618 2.98152
v 62.8518 16.75 -18.0093
vt -8.45389 3.20363
vn -0.440099 -0.80531 0.397225
f 1488/5741/1151 1288/5742/951 1489/5743/1152

vt 6.49538 6.30374
vt 5.6699 5.04628
vt 6.09265 6.1974
f 1489/5744/1152 1288/5745/951 1289/5746/952

vt -2.40776 8.71326
vt -2.50693 8.3087
vt -3.67976 10.1347
f 1489/5747/1152 1289/5748/952 1290/5749/953

v 63.3923 17.0379 -16.7221
vt -9.43767 5.08099
vn -0.63024 -0.491638 0.600907
vt -7.92057 4.34401
vt -9.82628 4.42536
f 1490/5750/1153 1489/5751/1152 1290/5752/953

vt -7.8446 3.80245
vt -8.35098 3.4373
vt -9.93656 4.01236
f 1488/5753/1151 1489/5754/1152 1490/5755/1153

v 62.8094 17.709 -16.5354
vt -9.76284 4.00031
vn -0.729563 -0.188429 0.657444
vt -8.02517 3.05493
vt -10.1243 3.1738
f 1491/5756/1154 1488/5757/1151 1490/5758/1153

vt -6.9216 3.48758
vt -8.00721 3.09721
vt -9.74113 4.04943
f 1487/5759/1150 1488/5760/1151 1491/5761/1154

vt -6.85682 3.27558
vt -7.14366 2.66822
vt -9.98422 3.11165
f 1486/5762/1149 1487/5763/1150 1491/5764/1154

v 62.4104 18.4175 -16.4841
vt -9.68525 3.98429
vn -0.753448 0.0123662 0.657392
vt -6.86208 3.3192
vt -9.98935 3.15274
f 1492/5765/1155 1486/5766/1149 1491/5767/1154

vt -7.0372 2.69315
vt -9.8758 3.28896
vt -7.89499 3.94495
f 1486/5768/1149 1492/5769/1155 1485/5770/1148

vt -9.86047 3.27532
vt -9.23672 4.80372
vt -7.87858 3.92803
f 1492/5771/1155 1484/5772/1147 1485/5773/1148

vt -10.4422 4.70086
vt -9.12893 4.86429
vt -9.76702 3.34182
f 1483/5774/1146 1484/5775/1147 1492/5776/1155

vt -9.70964 5.48115
vt -9.11326 4.08573
v 63.3242 17.8613 -15.8266
vt -10.5336 3.53049
vn -0.673768 -0.130398 0.727346
f 1483/5777/1146 1492/5778/1155 1493/5779/1156

vt -9.44106 4.24612
vt -9.77154 3.4247
vt -10.8424 3.6445
f 1492/5780/1155 1491/5781/1154 1493/5782/1156

vt -9.45607 4.45005
vt -9.85933 3.64312
vt -10.5156 4.71916
f 1491/5783/1154 1490/5784/1153 1493/5785/1156

vt -10.4862 4.76995
vt -9.83454 3.69108
v 64.0471 17.0543 -16.0364
vt -11.0077 3.80253
vn -0.638255 -0.472854 0.607486
f 1493/5786/1156 1490/5787/1153 1494/5788/1157

vt -9.17864 5.51084
vt -9.59755 4.87414
vt -10.3302 5.76108
f 1490/5789/1153 1290/5790/953 1494/5791/1157

vt -11.0632 4.23021
vt -10.214 3.45417
v 64.4651 16.6949 -16.4099
vt -11.1309 3.66224
vn -0.396293 -0.8652 0.307214
f 1494/5792/1157 1290/5793/953 1495/5794/1158

vt 10.0294 3.99323
vt 10.5842 4.96793
vt 10.8577 4.43801
f 1290/5795/953 1291/5796/954 1495/5797/1158

vt 8.13261 -8.12014
vt 8.51422 -7.66193
v 65.0632 16.5489 -16.136
vt 8.90697 -8.3205
vn -0.276726 -0.948568 0.15376
f 1495/5798/1158 1291/5799/954 1496/5800/1159

vt 12.0533 -2.46947
vt 11.3857 -2.09218
v 65.4888 16.5234 -15.5421
vt 12.9532 -2.55297
vn -0.214794 -0.968752 0.124027
f 1496/5801/1159 1291/5802/954 1497/5803/1160

vt 12.9896 -2.37376
vt 11.4167 -1.93174
vt 15.0498 -1.74476
f 1497/5804/1160 1291/5805/954 1292/5806/955

vt 12.9148 -2.62702
vt 14.9894 -2.04694
v 66.5727 16.4384 -14.4312
vt 14.8466 -2.62719
vn -0.197445 -0.975056 0.1014
f 1497/5807/1160 1292/5808/955 1498/5809/1161

vt 14.7241 -3.11719
vt 14.8863 -2.54206
v 67.3825 16.358 -13.5028
vt 16.2535 -3.23159
vn -0.274453 -0.9531 0.127578
f 1498/5810/1161 1292/5811/955 1499/5812/1162

vt 16.359 -2.73238
vt 14.9733 -2.08103
vt 17.1383 -2.14722
f 1499/5813/1162 1292/5814/955 1293/5815/956

vt 15.3539 -5.15772
vt 16.2261 -4.72301
v 67.7747 16.2525 -13.0697
vt 16.0698 -5.33597
vn -0.321196 -0.936753 0.139023
f 1499/5816/1162 1293/5817/956 1500/5818/1163

vt 16.9354 -3.11232
vt 17.006 -2.48372
v 68.2875 16.1942 -12.5673
vt 17.8296 -3.14286
vn -0.447242 -0.858992 0.249213
f 1500/5819/1163 1293/5820/956 1501/5821/1164

vt 16.2935 -7.29482
vt 15.6336 -6.47187
v 68.9371 16.0149 -11.8337
vt 17.4652 -7.69437
vn -0.202682 -0.978767 -0.0305709
f 1501/5822/1164 1293/5823/956 1502/5824/1165

vt 18.5802 -4.78208
vt 16.6004 -3.81782
vt 20.607 -4.96973
f 1502/5825/1165 1293/5826/956 1294/5827/957

vt 18.6685 -4.18013
vt 20.6975 -4.34212
v 69.7675 15.8265 -10.9047
vt 20.2117 -4.44662
vn -0.241223 -0.969242 0.0488047
f 1502/5828/1165 1294/5829/957 1503/5830/1166

vt 20.6883 -3.27845
vt 21.1634 -3.13311
v 70.1008 15.7881 -10.4259
vt 21.4033 -3.38348
vn -0.508886 -0.787769 0.347066
f 1503/5831/1166 1294/5832/957 1504/5833/1167

vt 20.7018 -6.04396
vt 20.4939 -5.76648
vt 22.027 -6.24594
f 1504/5834/1167 1294/5835/957 1303/5836/966

v 70.6574 15.8047 -9.68671
vt -22.8027 1.7461
vn -0.619288 0.00733976 0.78513
vt -21.6594 1.69267
vt -22.9931 1.55671
f 1505/5837/1168 1504/5838/1167 1303/5839/966

vt -22.8332 1.15247
v 69.3233 15.9768 -11.2603
vt -20.2669 1.3123
vn -0.7062 -0.463282 0.535398
vt -21.6893 1.11288
f 1505/5840/1168 1506/5841/1169 1504/5842/1167

v 67.4392 16.7034 -12.6735
vt -17.4362 2.0536
vn -0.698408 -0.385424 0.603055
vt -20.3073 1.12211
vt -22.8699 0.910503
f 1507/5843/1170 1506/5844/1169 1505/5845/1168

vt -17.494 -0.767381
vt -18.1667 -1.60297
vt -20.1865 -2.13189
f 1507/5846/1170 1501/5847/1164 1506/5848/1169

vt -17.1779 3.48009
vt -17.1376 2.86091
vt -18.0318 2.83083
f 1507/5849/1170 1500/5850/1163 1501/5851/1164

vt -17.5373 0.661179
vt -16.6811 0.232408
vt -17.3976 0.0565954
f 1507/5852/1170 1499/5853/1162 1500/5854/1163

v 66.3461 16.6473 -14.0737
vt -14.8883 3.78555
vn -0.5969 -0.610624 0.520432
vt -16.3159 3.4562
vt -17.0732 4.04215
f 1508/5855/1171 1499/5856/1162 1507/5857/1170

vt -15.3091 1.40378
vt -15.1436 1.0337
vt -16.6665 0.852598
f 1508/5858/1171 1498/5859/1161 1499/5860/1162

vt -14.958 3.58167
vt -12.9155 3.19196
vt -14.8473 3.19167
f 1508/5861/1171 1497/5862/1160 1498/5863/1161

v 64.4134 16.9374 -15.7737
vt -11.8997 3.31301
vn -0.638819 -0.539351 0.548644
vt -13.0346 2.66412
vt -15.0912 2.97072
f 1509/5864/1172 1497/5865/1160 1508/5866/1171

vt -12.2916 1.0074
vt -12.3901 0.283501
vt -13.285 0.157655
f 1509/5867/1172 1496/5868/1159 1497/5869/1160

vt -11.4203 4.70144
vt -10.9499 4.19932
vt -11.7341 4.04166
f 1509/5870/1172 1495/5871/1158 1496/5872/1159

vt -11.7571 1.44486
vt -11.6861 0.877302
vt -12.2815 1.22228
f 1494/5873/1157 1495/5874/1158 1509/5875/1172

v 63.9564 17.3169 -15.8471
vt -11.1868 3.80955
vn -0.704857 -0.204403 0.679262
vt -11.1176 3.48307
vt -11.677 3.3753
f 1510/5876/1173 1494/5877/1157 1509/5878/1172

vt -10.0011 5.32895
vt -10.5832 4.39675
vt -10.6259 4.72776
f 1493/5879/1156 1494/5880/1157 1510/5881/1173

v 63.6727 18.3432 -15.42
vt -8.95539 6.39176
vn -0.733908 -0.0152079 0.679078
vt -8.42187 5.6947
vt -9.12575 5.1884
f 1511/5882/1174 1493/5883/1156 1510/5884/1173

vt -10.0381 3.74888
vt -10.6439 4.38418
vt -10.5539 5.30828
vt -9.14285 5.66786
f 1493/5885/1156 1511/5886/1174 1482/5887/1145 1483/5888/1146 

vt -12.031 3.95229
vt -12.0072 3.02413
v 64.0624 18.7251 -14.5613
vt -13.1343 3.43501
vn -0.735579 0.0180795 0.677197
f 1482/5889/1145 1511/5890/1174 1512/5891/1175

vt -13.0319 3.76188
vt -11.9112 3.33383
v 64.1004 17.5334 -15.2762
vt -12.3993 2.37817
vn -0.758714 -0.164734 0.630251
f 1512/5892/1175 1511/5893/1174 1513/5894/1176

vt -12.2092 2.50155
vt -11.9473 1.31474
vt -12.627 1.51311
f 1511/5895/1174 1510/5896/1173 1513/5897/1176

vt -12.3838 2.84347
vt -11.7277 2.57755
vt -12.1619 2.08737
f 1513/5898/1176 1510/5899/1173 1509/5900/1172

vt -11.8105 4.39849
vt -11.6855 3.62046
v 66.3625 17.0825 -13.4292
vt -15.444 4.05574
vn -0.701 -0.214492 0.680141
f 1513/5901/1176 1509/5902/1172 1514/5903/1177

vt -11.6762 3.66334
vt -14.8819 3.50296
vt -15.4339 4.10563
f 1509/5904/1172 1508/5905/1171 1514/5906/1177

vt -15.6377 3.41871
vt -15.0613 2.83929
vt -17.2553 2.99968
f 1514/5907/1177 1508/5908/1171 1507/5909/1170

v 67.3539 17.2585 -12.3283
vt -17.1279 4.05881
vn -0.699664 -0.0275115 0.713942
vt -15.3097 3.71431
vt -16.9481 3.38582
f 1515/5910/1178 1514/5911/1177 1507/5912/1170

v 65.8158 17.8928 -13.3553
vt -14.8398 4.57899
vn -0.688311 -0.0192948 0.725159
vt -15.3225 3.65317
vt -17.1413 3.99477
f 1516/5913/1179 1514/5914/1177 1515/5915/1178

vt -12.3919 5.11807
vt -15.4972 3.33765
vt -15.0365 4.27456
f 1512/5916/1175 1514/5917/1177 1516/5918/1179

vt -12.1196 5.23844
vt -11.633 3.79691
vt -15.2741 3.54663
f 1512/5919/1175 1513/5920/1176 1514/5921/1177

vt -11.9618 4.78942
vt -14.6371 4.04889
v 65.5279 19.0304 -13.2105
vt -14.4004 5.36589
vn -0.662924 0.0899375 0.743265
f 1512/5922/1175 1516/5923/1179 1517/5924/1180

vt -14.4734 4.18539
v 67.1282 18.1095 -12.2474
vt -16.572 4.65391
vn -0.653642 0.100362 0.75012
vt -14.2223 5.49973
f 1516/5925/1179 1518/5926/1181 1517/5927/1180

vt -14.4926 4.10404
vt -16.8105 3.58887
vt -16.5918 4.57001
f 1516/5928/1179 1515/5929/1178 1518/5930/1181

vt -17.0917 3.2976
v 68.2147 17.4541 -11.4785
vt -18.5745 3.64168
vn -0.663563 0.131349 0.736499
vt -16.8925 4.28289
f 1515/5931/1178 1519/5932/1182 1518/5933/1181

vt -17.1303 3.1209
vt -22.4596 1.79987
vt -18.614 3.46065
f 1515/5934/1178 1505/5935/1168 1519/5936/1182

vt -17.4417 3.27486
vt -17.2333 2.61016
vt -22.722 1.76996
f 1515/5937/1178 1507/5938/1170 1505/5939/1168

vt -18.2005 3.01454
vt -22.0795 1.43351
v 68.9379 17.5868 -10.9589
vt -19.28 3.29445
vn -0.622325 0.203039 0.755968
f 1519/5940/1182 1505/5941/1168 1520/5942/1183

v 70.2252 17.9415 -10.2622
vt -20.5971 3.58598
vn -0.520735 0.25205 0.815663
vt -18.8761 2.90118
vt -21.6927 1.06627
f 1521/5943/1184 1520/5944/1183 1505/5945/1168

vt -20.5151 3.80716
v 67.7933 19.1387 -11.774
vt -16.9015 4.77238
vn -0.612859 0.190027 0.767003
vt -18.7951 3.11999
f 1521/5946/1184 1522/5947/1185 1520/5948/1183

v 69.3274 20.5327 -10.9653
vt -18.8772 6.91255
vn -0.555839 0.233081 0.797945
vt -16.9525 4.92776
vt -20.5651 3.95894
f 1523/5949/1186 1522/5950/1185 1521/5951/1184

vt -18.9168 6.86437
v 67.3977 20.7058 -12.1293
vt -16.165 6.69888
vn -0.600979 0.186181 0.777278
vt -16.9905 4.88112
f 1523/5952/1186 1524/5953/1187 1522/5954/1185

v 69.1421 21.4103 -11.1896
vt -18.4852 7.65635
vn -0.554959 0.202103 0.806954
vt -16.1809 6.46049
vt -18.9328 6.62519
f 1525/5955/1188 1524/5956/1187 1523/5957/1186

v 68.1718 21.4175 -11.6275
vt -16.1335 9.51622
vn -0.587308 0.166839 0.791981
vt -15.1228 8.47994
vt -17.3929 9.73966
f 1526/5958/1189 1524/5959/1187 1525/5960/1188

v 66.7636 23.6266 -12.5358
vt -15.0935 10.3651
vn -0.614914 0.270547 0.740733
vt -16.321 6.97127
vt -17.3697 7.96903
f 1527/5961/1190 1524/5962/1187 1526/5963/1189

vt -15.2422 10.3465
vt -13.6739 9.5876
vt -16.4568 6.94804
f 1527/5964/1190 1478/5965/1141 1524/5966/1187

v 65.992 25.9813 -14.2576
vt -13.6498 11.7038
vn -0.642141 0.320168 0.696525
vt -14.4314 8.04998
vt -16.0083 8.79092
f 1528/5967/1191 1478/5968/1141 1527/5969/1190

vt -13.7212 11.7187
vt -11.202 11.4967
vt -14.5027 8.06483
f 1528/5970/1191 1454/5971/1117 1478/5972/1141

vt -13.7309 11.6074
v 67.3916 27.552 -13.7424
vt -15.2952 13.7962
vn -0.630415 0.32978 0.702724
vt -11.2117 11.3855
f 1528/5973/1191 1529/5974/1192 1454/5975/1117

v 67.463 25.9083 -13.1873
vt -15.3902 12.18
vn -0.600466 0.320281 0.732708
vt -14.7114 14.2195
vt -13.1501 12.0286
f 1530/5976/1193 1529/5977/1192 1528/5978/1191

vt -15.3429 12.1697
v 68.5505 27.0431 -12.7774
vt -16.5716 13.7689
vn -0.587918 0.281739 0.758272
vt -14.6635 14.209
f 1530/5979/1193 1531/5980/1194 1529/5981/1192

vt -14.5994 12.7748
v 69.3499 25.7019 -12.1452
vt -17.2197 12.9141
vn -0.532502 0.314174 0.785962
vt -15.8169 14.3826
f 1530/5982/1193 1532/5983/1195 1531/5984/1194

vt -17.3455 10.4913
vt -14.7253 10.3512
v 68.4624 24.9443 -12.0919
vt -16.6305 9.28077
vn -0.557466 0.351249 0.752234
f 1532/5985/1195 1530/5986/1193 1533/5987/1196

vt -15.2068 11.4212
vt -15.3157 8.35298
vt -17.1184 10.3622
f 1530/5988/1193 1527/5989/1190 1533/5990/1196

vt -15.4391 11.4543
vt -13.199 11.3029
vt -15.5528 8.38619
f 1530/5991/1193 1528/5992/1191 1527/5993/1190

vt -16.6607 10.7623
vt -14.855 8.75581
v 68.1259 23.6994 -11.8313
vt -16.6845 9.12751
vn -0.55253 0.252503 0.794326
f 1533/5994/1196 1527/5995/1190 1534/5996/1197

vt -16.3883 10.4987
vt -14.5597 10.1225
vt -16.862 7.75148
f 1534/5997/1197 1527/5998/1190 1526/5999/1189

vt -17.7423 8.00861
vt -15.9904 10.5402
vt -16.4811 7.79596
f 1525/6000/1188 1534/6001/1197 1526/6002/1189

vt -15.1829 10.1861
vt -16.9581 7.6708
v 70.1647 21.6578 -10.8967
vt -18.1317 8.23389
vn -0.447848 0.236583 0.862242
f 1534/6003/1197 1525/6004/1188 1535/6005/1198

vt -18.286 7.9102
vt -17.1117 7.34845
vt -17.5739 6.32375
f 1535/6006/1198 1525/6007/1188 1523/6008/1186

vt -17.8743 8.13415
vt -17.1665 6.54574
v 70.1946 20.1208 -10.6573
vt -18.2945 6.27551
vn -0.455695 0.253073 0.853403
f 1535/6009/1198 1523/6010/1186 1536/6011/1199

vt -18.2396 6.0615
vt -17.1115 6.33134
vt -18.8601 3.41326
f 1536/6012/1199 1523/6013/1186 1521/6014/1184

vt -17.4759 3.18985
v 70.8875 20.0992 -10.5712
vt -17.5964 6.01816
vn -0.291311 0.269595 0.917854
vt -16.8407 5.83462
f 1521/6015/1184 1537/6016/1200 1536/6017/1199

vt -18.2159 3.12222
v 70.9608 17.4714 -10.0286
vt -19.176 2.75807
vn 0.00150334 0.283865 0.958863
vt -18.3421 5.95029
f 1521/6018/1184 1538/6019/1201 1537/6020/1200

vt -18.8944 2.01753
vt -17.9343 2.3816
v 70.8506 16.092 -9.6625
vt -19.2289 0.274285
vn -0.265453 0.23618 0.934748
f 1538/6021/1201 1521/6022/1184 1539/6023/1202

vt -19.7737 3.42353
vt -20.8924 0.914007
vt -21.0599 1.31101
f 1521/6024/1184 1505/6025/1168 1539/6026/1202

vt -11.4909 6.03268
vt -11.7773 6.43662
vt -11.6095 6.44693
f 1505/6027/1168 1304/6028/967 1539/6029/1202

vt -16.9954 1.23025
vt -17.2394 1.11824
vt -17.3043 1.61715
f 1505/6030/1168 1303/6031/966 1304/6032/967

vt -11.127 -1.44172
vt -11.2948 -1.45162
v 71.12 16.8665 -9.93633
vt -11.1653 -0.373357
vn 0.469614 0.241546 0.849187
f 1539/6033/1202 1304/6034/967 1540/6035/1203

vt 12.7494 -1.25646
vt 12.7874 -2.34181
v 71.2856 17.1564 -10.2743
vt 12.4891 -0.776911
vn 0.98071 -0.140441 0.13596
f 1540/6036/1203 1304/6037/967 1541/6038/1204

vt 20.4761 2.68833
vt 21.5307 2.11856
vt 21.9124 0.571885
f 1305/6039/968 1541/6040/1204 1304/6041/967

vt 21.677 2.38144
vt 20.6226 2.95153
vt 20.7477 5.77965
f 1541/6042/1204 1305/6043/968 1322/6044/985

vt 20.3995 5.8272
vt 20.279 2.9989
vt 19.6438 5.64366
f 1322/6045/985 1305/6046/968 1321/6047/984

vt 19.2955 5.98006
vt 20.4236 5.71022
vt 21.0441 3.06197
f 1306/6048/969 1321/6049/984 1305/6050/968

v 71.4712 18.6653 -10.5489
vt 14.2838 1.88582
vn 0.915331 -0.102071 0.389551
vt 14.255 -0.0269308
vt 13.4159 3.39469
f 1542/6051/1205 1541/6052/1204 1322/6053/985

v 71.2848 17.8351 -10.2679
vt 9.68346 0.568888
vn 0.34858 0.167186 0.922248
vt 9.51893 -0.232278
vt 9.60322 1.67883
f 1543/6054/1206 1541/6055/1204 1542/6056/1205

vt -1.05672 2.28618
vt -1.46472 2.08036
vt -1.27644 2.87628
f 1538/6057/1201 1541/6058/1204 1543/6059/1206

vt 3.07808 -6.50938
vt 2.87612 -6.00249
vt 3.27659 -5.78237
f 1540/6060/1203 1541/6061/1204 1538/6062/1201

vt -12.2044 -1.4124
vt -12.2368 -0.343839
vt -11.9192 0.339597
f 1539/6063/1202 1540/6064/1203 1538/6065/1201

vt -8.46609 -0.287242
vt -8.67304 0.307455
vt -7.72629 2.92809
f 1538/6066/1201 1543/6067/1206 1537/6068/1200

vt -13.6802 5.40323
vt -14.6811 2.80279
v 71.2374 19.4324 -10.5197
vt -14.1989 4.72305
vn 0.138114 0.229125 0.963549
f 1537/6069/1200 1543/6070/1206 1544/6071/1207

vt -3.23884 1.82492
vt -3.64441 -0.112963
vt -3.63896 0.999859
f 1544/6072/1207 1543/6073/1206 1542/6074/1205

vt -4.1747 2.30669
vt -4.57916 1.48374
v 71.5741 19.3229 -10.7242
vt -4.523 2.33689
vn 0.720424 0.0573071 0.691162
f 1544/6075/1207 1542/6076/1205 1545/6077/1208

vt 10.4511 1.40291
v 71.766 19.1807 -11.0416
vt 10.0941 2.22744
vn 0.969632 -0.242751 0.0297537
vt 10.4329 2.25771
f 1542/6078/1205 1546/6079/1209 1545/6080/1208

vt 21.5575 5.39224
vt 20.7312 6.92428
vt 21.2288 6.22852
f 1542/6081/1205 1322/6082/985 1546/6083/1209

vt 18.0264 4.58186
vt 17.5079 5.26217
vt 17.557 7.3605
f 1546/6084/1209 1322/6085/985 1323/6086/986

v 71.7945 20.2955 -11.0143
vt 10.5569 4.30402
vn 0.752951 0.00211744 0.658073
vt 10.2876 2.9849
vt 9.89311 5.77517
f 1547/6087/1210 1546/6088/1209 1323/6089/986

vt 10.3623 3.05746
vt 10.0235 3.02734
vt 10.2944 4.34612
f 1545/6090/1208 1546/6091/1209 1547/6092/1210

vt -4.15376 2.55069
vt -4.50207 2.58086
vt -4.48126 3.87113
f 1544/6093/1207 1545/6094/1208 1547/6095/1210

vt -3.74664 2.6459
vt -4.0766 3.96572
v 71.3928 21.6698 -10.9367
vt -3.36298 5.43767
vn -0.046655 0.218158 0.974798
f 1544/6096/1207 1547/6097/1210 1548/6098/1211

vt -6.42794 7.01398
vt -7.15504 5.54865
v 71.9769 21.2941 -11.1989
vt -7.06729 6.82607
vn 0.555638 0.0826084 0.82731
f 1548/6099/1211 1547/6100/1210 1549/6101/1212

vt 8.01554 6.05565
vt 7.97184 4.77596
v 72.2728 21.7082 -11.5711
vt 7.73766 6.72799
vn 0.883646 -0.0962434 0.458156
f 1549/6102/1212 1547/6103/1210 1550/6104/1213

vt 12.3759 7.02278
v 72.9392 23.7133 -12.3403
vt 12.4445 10.2632
vn 0.962967 -0.189257 0.192034
vt 12.7925 7.50608
vt 13.052 5.55725
f 1323/6105/986 1551/6106/1214 1550/6107/1213 1547/6108/1210 

vt 15.4262 7.0556
vt 14.5021 11.0119
vt 15.474 10.2964
f 1323/6109/986 1325/6110/988 1551/6111/1214

vt 17.751 7.6561
vt 17.0008 7.94367
vt 16.8152 11.6096
f 1323/6112/986 1324/6113/987 1325/6114/988

vt 15.721 10.6447
vt 14.7487 11.3597
vt 15.399 11.7971
f 1551/6115/1214 1325/6116/988 1330/6117/993

vt 17.3106 7.72668
vt 17.1311 8.19227
vt 17.9484 8.18207
f 1325/6118/988 1326/6119/989 1330/6120/993

vt 11.9025 9.42493
vt 11.5927 10.5807
v 72.9922 24.7253 -12.2867
vt 12.1568 10.6231
vn 0.843262 -0.0984263 0.528415
f 1551/6121/1214 1330/6122/993 1552/6123/1215

vt 11.9966 12.782
vt 11.4326 12.7397
v 73.2638 25.3704 -12.5136
vt 11.8968 13.6833
vn 0.920439 -0.178576 0.34771
f 1552/6124/1215 1330/6125/993 1553/6126/1216

vt 13.6245 12.8226
vt 13.1589 11.8797
vt 12.8871 13.2427
f 1553/6127/1216 1330/6128/993 1331/6129/994

vt 13.4449 12.5009
vt 12.7077 12.9211
v 73.6803 26.856 -12.9148
vt 13.3447 14.4784
vn 0.946754 -0.181308 0.266052
f 1553/6130/1216 1331/6131/994 1554/6132/1217

vt 15.2131 13.7689
vt 14.585 12.2081
vt 14.3831 14.4404
f 1554/6133/1217 1331/6134/994 1332/6135/995

vt 15.7691 14.518
vt 14.9379 15.1879
vt 15.8281 17.5151
f 1554/6136/1217 1332/6137/995 1367/6138/1030

v 73.472 27.2912 -12.5981
vt 7.40075 14.9883
vn 0.748736 -0.0709396 0.659061
vt 6.9867 14.619
vt 7.0784 17.6153
f 1555/6139/1218 1554/6140/1217 1367/6141/1030

v 72.9015 25.7354 -12.1308
vt 7.25309 13.2146
vn 0.533734 0.0333792 0.844993
vt 6.67389 14.9709
vt 7.08798 15.3401
f 1556/6142/1219 1554/6143/1217 1555/6144/1218

vt 4.09262 12.144
vt 3.58229 11.9234
vt 3.51958 13.9024
f 1556/6145/1219 1553/6146/1216 1554/6147/1217

vt 3.33469 11.8516
vt 3.22925 12.7523
vt 3.73969 12.9727
f 1552/6148/1215 1553/6149/1216 1556/6150/1219

v 72.4397 24.9462 -11.8069
vt 1.52284 12.6968
vn 0.2192 0.166196 0.961421
vt 0.888553 12.7312
vt 1.2923 13.8527
f 1557/6151/1220 1552/6152/1215 1556/6153/1219

vt 1.32199 8.91309
v 72.6914 24.2031 -11.9372
vt 0.899913 8.14585
vn 0.680901 0.0247224 0.731958
vt 0.687719 8.94782
f 1557/6154/1220 1558/6155/1221 1552/6156/1215

v 72.0536 24.0993 -11.4967
vt -2.44311 10.0126
vn 0.188674 0.183634 0.964718
vt -3.0322 10.448
vt -2.59812 11.2085
f 1559/6157/1222 1558/6158/1221 1557/6159/1220

vt -2.83647 9.47138
v 72.4609 23.289 -11.7001
vt -3.43065 8.69932
vn 0.689123 0.00368465 0.724635
vt -3.42517 9.90721
f 1559/6160/1222 1560/6161/1223 1558/6162/1221

vt -3.38233 9.90591
v 72.1165 22.2389 -11.4027
vt -3.91637 7.71624
vn 0.473454 0.0986831 0.875273
vt -3.97752 9.13462
f 1559/6163/1222 1561/6164/1224 1560/6165/1223

vt -4.52495 6.99205
vt -5.06 8.00857
vt -4.52178 10.1972
f 1548/6166/1211 1561/6167/1224 1559/6168/1222

vt -6.17442 6.13523
vt -6.81366 5.94695
vt -6.70556 7.1538
f 1548/6169/1211 1549/6170/1212 1561/6171/1224

vt 5.87982 5.10307
vt 5.60784 5.77782
vt 5.92428 6.31393
f 1549/6172/1212 1550/6173/1213 1561/6174/1224

vt 3.00655 8.05233
vt 2.68527 7.51911
vt 2.9297 9.46995
f 1561/6175/1224 1550/6176/1213 1560/6177/1223

vt 8.59041 6.87425
vt 8.27087 9.63483
vt 8.81099 8.82793
f 1550/6178/1213 1551/6179/1214 1560/6180/1223

vt 8.99037 8.95563
vt 8.44983 9.76225
vt 8.95436 10.163
f 1560/6181/1223 1551/6182/1214 1558/6183/1221

vt 8.64187 10.5596
vt 8.13707 10.1592
vt 8.40445 11.3545
f 1558/6184/1221 1551/6185/1214 1552/6186/1215

v 71.3409 24.952 -11.4234
vt -10.5301 11.0674
vn -0.216531 0.305845 0.927132
vt -11.4594 7.11231
vt -11.4246 10.3173
f 1562/6187/1225 1548/6188/1211 1559/6189/1222

v 70.7357 22.1071 -10.8966
vt -12.9376 7.94886
vn -0.32033 0.221431 0.921063
vt -13.6878 7.66129
vt -12.752 11.6148
f 1563/6190/1226 1548/6191/1211 1562/6192/1225

vt -14.1039 10.7285
vt -13.6189 10.0003
vt -14.8523 10.4362
f 1563/6193/1226 1535/6194/1198 1548/6195/1211

v 70.2494 23.1054 -11.0753
vt -15.8076 9.92422
vn -0.406008 0.259715 0.876188
vt -16.0804 8.14926
vt -16.5801 8.86752
f 1564/6196/1227 1535/6197/1198 1563/6198/1226

v 69.4861 24.3954 -11.4654
vt -16.3205 11.3491
vn -0.500665 0.303743 0.810601
vt -17.7875 8.21118
vt -17.5334 9.98891
f 1565/6199/1228 1535/6200/1198 1564/6201/1227

vt -16.7523 11.4708
vt -15.2606 10.282
vt -18.208 8.32765
f 1565/6202/1228 1534/6203/1197 1535/6204/1198

vt -17.6695 10.2991
vt -16.149 10.7517
vt -16.1725 9.11688
f 1565/6205/1228 1533/6206/1196 1534/6207/1197

vt -16.57 10.8413
vt -15.842 9.63855
vt -17.3618 9.18335
f 1532/6208/1195 1533/6209/1196 1565/6210/1228

vt -17.0359 8.95307
v 70.5191 24.9867 -11.446
vt -17.9844 9.99227
vn -0.41355 0.366626 0.833404
vt -16.25 10.6138
f 1565/6211/1228 1566/6212/1229 1532/6213/1195

vt -15.2717 10.5194
vt -16.4905 9.16444
vt -16.2284 11.5511
f 1565/6214/1228 1564/6215/1227 1566/6216/1229

vt -15.0299 9.01756
vt -15.6233 11.6293
vt -14.7658 11.404
f 1564/6217/1227 1562/6218/1225 1566/6219/1229

vt -14.6085 9.11525
vt -15.3843 8.06101
vt -15.2015 11.7271
f 1564/6220/1227 1563/6221/1226 1562/6222/1225

vt -15.5615 8.28767
vt -16.4177 8.51784
v 71.3008 25.3076 -11.6061
vt -16.2167 8.97451
vn -0.343579 0.32581 0.880796
f 1566/6223/1229 1562/6224/1225 1567/6225/1230

vt -13.6933 7.19871
vt -13.8762 6.73446
v 71.8577 25.1389 -11.6291
vt -14.2883 7.18936
vn -0.172285 0.252445 0.95215
f 1567/6226/1230 1562/6227/1225 1568/6228/1231

vt -9.15322 11.0616
vt -10.1729 11.5069
vt -9.58287 11.4999
f 1562/6229/1225 1557/6230/1220 1568/6231/1231

vt -9.63412 9.94248
vt -10.5267 9.19005
vt -10.6532 10.3892
f 1562/6232/1225 1559/6233/1222 1557/6234/1220

vt -9.56823 12.7226
vt -10.1582 12.7297
v 72.0964 26.2024 -11.7725
vt -9.51666 14.0856
vn -0.0609119 0.222724 0.972977
f 1568/6235/1231 1557/6236/1220 1569/6237/1232

vt -6.67999 11.0739
vt -6.90714 12.2305
vt -6.03955 12.4304
f 1557/6238/1220 1556/6239/1219 1569/6240/1232

vt -6.24959 13.3574
vt -7.11723 13.1577
v 73.0527 27.1548 -12.2952
vt -6.88798 14.914
vn 0.160036 0.170699 0.97224
f 1569/6241/1232 1556/6242/1219 1570/6243/1233

vt -1.91648 14.2505
vt -2.13886 12.4932
vt -2.28955 14.6199
f 1570/6244/1233 1556/6245/1219 1555/6246/1218

vt -1.17248 15.0088
vt -1.54573 15.378
v 74.1678 29.7584 -13.0792
vt -1.5452 18.6194
vn 0.613768 -0.0431541 0.788306
f 1570/6247/1233 1555/6248/1218 1571/6249/1234

vt 10.3447 15.362
vt 10.0196 17.9886
vt 10.3496 18.6033
f 1555/6250/1218 1367/6251/1030 1571/6252/1234

vt 8.68985 18.7007
vt 8.77148 21.3302
vt 9.01899 19.3158
f 1367/6253/1030 1368/6254/1031 1571/6255/1234

vt 11.8586 19.5661
vt 11.6251 21.5821
v 74.598 31.0185 -13.2999
vt 11.8722 21.243
vn 0.676736 -0.118725 0.72659
f 1571/6256/1234 1368/6257/1031 1572/6258/1235

v 74.8829 31.8854 -13.4059
vt 12.2681 22.6011
vn 0.608734 -0.120672 0.784143
vt 12.2154 21.4607
vt 11.9687 21.8001
f 1573/6259/1236 1572/6260/1235 1368/6261/1031

vt -6.79695 21.8339
vt -6.82624 22.9751
v 74.4275 31.3725 -13.2083
vt -6.54353 22.1735
vn 0.003629 0.158434 0.987363
f 1572/6262/1235 1573/6263/1236 1574/6264/1237

v 74.7108 32.3804 -13.3603
vt -8.93274 22.6366
vn -0.299816 0.262244 0.917245
vt -8.93187 21.3221
vt -9.22003 22.1218
f 1575/6265/1238 1574/6266/1237 1573/6267/1236

v 73.4902 30.4252 -12.9364
vt -12.4345 19.7255
vn -0.307881 0.296029 0.904199
vt -13.0854 21.2127
vt -13.097 22.5271
f 1576/6268/1239 1574/6269/1237 1575/6270/1238

vt -14.2055 18.9419
v 73.6682 29.7024 -12.8265
vt -14.5816 18.1256
vn -0.0573059 0.218126 0.974237
vt -14.8585 20.4281
f 1576/6271/1239 1577/6272/1240 1574/6273/1237

vt -12.7829 18.2355
v 72.3823 27.9309 -12.2043
vt -12.4376 14.7639
vn -0.219485 0.290508 0.93136
vt -13.1571 17.4183
f 1576/6274/1239 1578/6275/1241 1577/6276/1240

vt -16.0887 18.0794
v 71.4628 27.9912 -12.2199
vt -14.8258 14.3741
vn -0.408603 0.352297 0.84198
vt -15.785 14.6039
f 1576/6277/1239 1579/6278/1242 1578/6279/1241

vt -16.4366 13.9454
vt -17.6616 17.6633
v 72.7425 30.3994 -13.0175
vt -16.8618 17.4035
vn -0.476779 0.374932 0.795052
f 1579/6280/1242 1576/6281/1239 1580/6282/1243

vt -17.3905 18.5606
vt -18.0515 21.3625
vt -16.5903 18.302
f 1576/6283/1239 1575/6284/1238 1580/6285/1243

vt -19.0767 17.3566
vt -20.4708 20.4482
v 73.1694 31.7439 -13.6338
vt -18.8617 19.2415
vn -0.541425 0.412698 0.732488
f 1580/6286/1243 1575/6287/1238 1581/6288/1244

vt -19.6899 21.5612
v 75.14 33.1713 -13.4925
vt -19.9108 22.6638
vn -0.307606 0.474187 0.82494
vt -18.0715 20.367
f 1575/6289/1238 1582/6290/1245 1581/6291/1244

vt -13.3142 24.0472
vt -13.1011 22.9431
v 75.2568 32.8086 -13.4892
vt -13.5162 23.658
vn 0.646706 -0.0875067 0.757703
f 1582/6292/1245 1575/6293/1238 1583/6294/1246

vt -11.8115 23.3218
vt -11.9391 24.5574
vt -11.5293 23.8395
f 1573/6295/1236 1583/6296/1246 1575/6297/1238

vt 14.2514 23.4218
v 75.1395 32.2447 -13.6572
vt 14.0786 23.9922
vn 0.926931 -0.342236 -0.15386
vt 14.3433 24.6605
f 1573/6298/1236 1584/6299/1247 1583/6300/1246

vt 11.5011 22.8972
vt 11.2043 22.0952
vt 11.3188 23.4646
f 1573/6301/1236 1368/6302/1031 1584/6303/1247

vt 20.8627 20.6306
vt 20.0084 21.0613
vt 21.0252 21.9951
f 1368/6304/1031 1369/6305/1032 1584/6306/1247

v 75.4 33.0475 -13.7493
vt 21.0221 23.1452
vn 0.925015 -0.116699 -0.361564
vt 20.9339 22.0939
vt 19.9173 21.1599
f 1585/6307/1248 1584/6308/1247 1369/6309/1032

vt 17.2008 22.6084
vt 17.2753 23.6608
vt 17.4778 23.2718
f 1584/6310/1247 1585/6311/1248 1583/6312/1246

vt 14.3998 21.6619
vt 14.1974 22.051
v 75.3805 33.3366 -13.6188
vt 14.3762 22.3545
vn 0.7322 0.417063 0.538463
f 1583/6313/1246 1585/6314/1248 1586/6315/1249

vt 22.2483 21.3724
vt 22.1538 21.033
v 75.0257 33.4319 -14.0381
vt 21.5633 21.4756
vn 0.400988 0.913644 -0.0668038
f 1586/6316/1249 1585/6317/1248 1587/6318/1250

vt 11.7927 -2.51127
vt 11.9112 -3.23965
vt 11.6979 -2.739
f 1587/6319/1250 1585/6320/1248 1371/6321/1034

vt 22.1815 22.7243
vt 21.1218 20.7145
vt 21.7119 22.9994
f 1585/6322/1248 1369/6323/1032 1371/6324/1034

vt 18.7677 22.0352
vt 19.8607 22.4268
vt 20.0328 22.2501
f 1391/6325/1054 1587/6326/1250 1371/6327/1034

vt -21.4287 17.4669
vt -20.3446 17.0513
v 74.9244 33.4032 -13.7954
vt -21.6053 17.2793
vn -0.463808 0.684508 0.562433
f 1587/6328/1250 1391/6329/1054 1588/6330/1251

v 73.5554 33.0128 -14.4594
vt -20.0407 17.3998
vn -0.528777 0.679059 0.509189
vt -21.664 18.4331
vt -20.3994 18.228
f 1589/6331/1252 1588/6332/1251 1391/6333/1054

v 72.464 32.5196 -14.6103
vt -18.8844 18.0962
vn -0.567833 0.510329 0.645857
vt -21.6378 19.9415
vt -19.9068 19.1012
f 1590/6334/1253 1588/6335/1251 1589/6336/1252

vt -17.9996 20.1784
vt -19.5231 19.2594
vt -20.8532 21.8647
f 1590/6337/1253 1581/6338/1244 1588/6339/1251

v 71.3849 32.0275 -14.7742
vt -16.7141 18.6564
vn -0.543008 0.479377 0.689449
vt -19.3228 18.6472
vt -17.8044 19.5747
f 1591/6340/1254 1581/6341/1244 1590/6342/1253

vt -16.7145 18.8458
v 69.5406 30.0614 -14.2449
vt -15.6122 15.7404
vn -0.53798 0.440821 0.718509
vt -19.3232 18.8366
f 1591/6343/1254 1592/6344/1255 1581/6345/1244

v 68.531 30.7286 -15.0927
vt -13.4208 16.4702
vn -0.532068 0.45217 0.715853
vt -15.1075 15.8119
vt -16.2455 18.9044
f 1593/6346/1256 1592/6347/1255 1591/6348/1254

vt -13.3862 16.341
v 67.9124 28.9716 -14.164
vt -13.6985 13.8106
vn -0.560774 0.413885 0.7171
vt -15.0724 15.6815
f 1593/6349/1256 1594/6350/1257 1592/6351/1255

v 67.3387 29.9177 -15.0836
vt -12.6404 15.1038
vn -0.610672 0.397088 0.685128
vt -14.0025 13.9479
vt -13.6742 16.4763
f 1595/6352/1258 1594/6353/1257 1593/6354/1256

vt -13.3709 16.3579
vt -14.7528 13.2744
vt -14.7468 15.2185
f 1595/6355/1258 1529/6356/1192 1594/6357/1257

vt -11.1642 14.4805
vt -15.3267 13.6334
vt -13.9302 16.7103
f 1441/6358/1104 1529/6359/1192 1595/6360/1258

vt -11.1795 14.5623
vt -11.259 11.3042
vt -15.3421 13.7155
f 1441/6361/1104 1454/6362/1117 1529/6363/1192

vt -12.9432 17.3061
vt -11.4957 14.0454
vt -14.2526 16.2865
f 1439/6364/1102 1441/6365/1104 1595/6366/1258

vt -12.7599 16.923
vt -14.0648 15.8978
vt -13.4967 17.5667
f 1439/6367/1102 1595/6368/1258 1437/6369/1100

vt -12.3412 16.6334
vt -12.8584 14.948
vt -13.8852 16.3257
f 1437/6370/1100 1595/6371/1258 1593/6372/1256

vt -12.2299 15.771
vt -13.7729 15.4581
vt -13.1501 17.4302
f 1437/6373/1100 1593/6374/1256 1436/6375/1099

vt -13.3104 17.5895
vt -13.9445 15.6211
v 70.3168 32.1417 -15.4757
vt -15.1653 18.0459
vn -0.528772 0.526949 0.665376
f 1436/6376/1099 1593/6377/1256 1596/6378/1259

vt -14.1358 15.5678
vt -16.9108 18.0585
vt -15.3402 18.0008
f 1593/6379/1256 1591/6380/1254 1596/6381/1259

vt -15.3629 16.9072
vt -16.9334 16.9666
v 72.046 32.9478 -15.534
vt -16.8367 18.5466
vn -0.511915 0.635075 0.578466
f 1596/6382/1259 1591/6383/1254 1597/6384/1260

vt -17.3425 19.2091
vt -17.4923 17.6333
vt -18.5488 18.5902
f 1597/6385/1260 1591/6386/1254 1590/6387/1253

vt -17.3262 19.1084
vt -18.5318 18.4879
vt -19.589 19.4562
f 1597/6388/1260 1590/6389/1253 1589/6390/1252

vt -17.59 14.7956
vt -19.8397 15.2201
vt -19.1121 15.5717
f 1597/6391/1260 1589/6392/1252 1392/6393/1055

vt -19.8941 15.9462
vt -20.3604 16.7189
vt -19.1624 16.2892
f 1589/6394/1252 1391/6395/1054 1392/6396/1055

vt -17.5255 15.063
vt -19.0563 15.8215
vt -15.655 15.2957
f 1597/6397/1260 1392/6398/1055 1393/6399/1056

v 69.9459 33.0087 -17.1341
vt -14.2088 12.6404
vn -0.436272 0.756987 0.486455
vt -17.4539 12.9911
vt -15.5863 13.2466
f 1598/6400/1261 1597/6401/1260 1393/6402/1056

v 69.6814 32.6045 -16.4707
vt -14.4481 15.6261
vn -0.511579 0.602802 0.612304
vt -17.3247 16.7499
vt -14.0737 16.4591
f 1599/6403/1262 1597/6404/1260 1598/6405/1261

vt -14.1061 17.3511
vt -15.5568 16.7404
vt -17.0124 18.3958
f 1599/6406/1262 1596/6407/1259 1597/6408/1260

vt -13.6064 15.6737
vt -15.4546 16.1566
vt -14.0079 16.7766
f 1436/6409/1099 1596/6410/1259 1599/6411/1262

vt -12.9404 16.9578
vt -13.8765 15.7219
vt -14.2585 16.8316
f 1434/6412/1097 1436/6413/1099 1599/6414/1262

vt -14.1837 14.9882
vt -13.8301 15.8303
vt -12.8664 15.1225
f 1599/6415/1262 1598/6416/1261 1434/6417/1097

vt -13.4034 14.0994
vt -14.3225 14.8643
v 69.0991 33.1531 -18.329
vt -12.5135 15.0773
vn -0.383715 0.817179 0.430094
f 1434/6418/1097 1598/6419/1261 1600/6420/1263

vt -14.1435 10.2497
vt -14.5729 11.0953
vt -12.3417 10.5171
f 1598/6421/1261 1394/6422/1057 1600/6423/1263

vt -14.6022 11.0181
vt -15.9232 11.7394
vt -14.9442 11.9027
f 1598/6424/1261 1393/6425/1056 1394/6426/1057

vt -12.5319 8.97555
vt -14.7391 9.6392
vt -11.2392 9.24861
f 1600/6427/1263 1394/6428/1057 1430/6429/1093

vt -15.0107 4.88344
vt -13.2111 4.94009
vt -11.5754 4.10868
f 1394/6430/1057 1396/6431/1059 1430/6432/1093

vt -15.012 5.08982
vt -14.6584 5.36077
vt -13.2123 5.14478
f 1394/6433/1057 1395/6434/1058 1396/6435/1059

vt -11.3869 4.34549
vt -13.0775 5.05867
vt -11.3811 4.87148
f 1430/6436/1093 1396/6437/1059 1397/6438/1060

vt -11.1192 3.52154
vt -11.1525 4.04649
vt -8.18425 3.89806
f 1430/6439/1093 1397/6440/1060 1398/6441/1061

vt -11.8247 10.9297
vt -12.6519 11.3757
vt -11.3522 11.6127
f 1432/6442/1095 1600/6443/1263 1430/6444/1093

vt -13.0097 12.4942
vt -12.171 13.5164
vt -11.3084 13.1436
f 1434/6445/1097 1600/6446/1263 1432/6447/1095

vt -14.7243 13.2701
v 69.1323 27.9523 -12.7701
vt -17.0857 14.0919
vn -0.552813 0.374141 0.744591
vt -14.7189 15.2142
f 1529/6448/1192 1601/6449/1264 1594/6450/1257

vt -16.467 13.3301
vt -16.921 14.5893
vt -14.5589 13.7698
f 1531/6451/1194 1601/6452/1264 1529/6453/1192

vt -15.573 13.6568
v 70.0438 27.3302 -12.1678
vt -17.4299 14.3459
vn -0.50535 0.323823 0.79985
vt -16.0265 14.9162
f 1531/6454/1194 1602/6455/1265 1601/6456/1264

vt -16.81 12.6378
vt -17.2577 14.7913
vt -15.4014 14.1007
f 1532/6457/1195 1602/6458/1265 1531/6459/1194

vt -16.5892 12.7062
v 70.6449 26.2859 -11.7218
vt -18.078 13.7248
vn -0.470298 0.256097 0.844532
vt -17.0335 14.8604
f 1532/6460/1195 1603/6461/1266 1602/6462/1265

v 70.4879 25.5576 -11.7622
vt -17.2136 13.9289
vn -0.465408 0.266586 0.843995
vt -17.2867 14.8421
vt -15.8074 13.8097
f 1604/6463/1267 1603/6464/1266 1532/6465/1195

vt -16.4159 14.18
v 71.0958 25.9762 -11.6114
vt -17.0504 14.8491
vn -0.355943 0.236554 0.904072
vt -16.4779 15.0941
f 1604/6466/1267 1605/6467/1268 1603/6468/1266

vt -15.9159 14.6709
vt -16.8724 14.6077
vt -16.5451 15.345
f 1604/6469/1267 1567/6470/1230 1605/6471/1268

vt -15.5292 8.81519
vt -15.8335 8.06239
vt -16.4857 8.75195
f 1604/6472/1267 1566/6473/1229 1567/6474/1230

vt -16.1187 10.1726
vt -17.8521 9.54814
vt -17.5249 10.2912
f 1532/6475/1195 1566/6476/1229 1604/6477/1267

vt -13.4394 14.6925
vt -13.7931 13.9675
vt -14.3881 13.9584
f 1605/6478/1268 1567/6479/1230 1568/6480/1231

vt -12.3822 13.4831
vt -13.3347 12.754
vt -13.2941 14.1174
f 1605/6481/1268 1568/6482/1231 1569/6483/1232

vt -13.4405 11.961
vt -14.3523 12.5955
vt -14.116 14.8244
f 1605/6484/1268 1569/6485/1232 1578/6486/1241

vt -9.78213 11.9411
vt -10.4103 13.502
vt -9.58031 14.1735
f 1569/6487/1232 1570/6488/1233 1578/6489/1241

vt -10.4314 15.285
vt -11.2627 14.6153
vt -11.1605 17.9368
f 1578/6490/1241 1570/6491/1233 1577/6492/1240

vt -6.70614 17.7657
vt -6.79265 14.4437
vt -7.15516 18.0553
f 1577/6493/1240 1570/6494/1233 1571/6495/1234

vt -6.01942 21.5216
vt -5.76261 19.2167
vt -6.21149 19.5066
f 1574/6496/1237 1577/6497/1240 1571/6498/1234

vt -5.53325 21.483
vt -5.72737 19.4682
vt -5.78766 21.1441
f 1574/6499/1237 1571/6500/1234 1572/6501/1235

vt -14.8476 14.2786
vt -15.1503 11.6406
vt -15.8067 14.5085
f 1579/6502/1242 1605/6503/1268 1578/6504/1241

vt -15.6009 11.7299
vt -15.2923 14.3673
vt -15.0269 11.9714
f 1605/6505/1268 1579/6506/1242 1603/6507/1266

vt -16.145 11.9378
vt -16.3958 14.3353
vt -15.1008 13.0739
f 1603/6508/1266 1579/6509/1242 1602/6510/1265

v 70.4677 28.2864 -12.5473
vt -15.906 13.6687
vn -0.484761 0.405622 0.774905
vt -15.8699 12.3031
vt -17.1563 13.5733
v 72.0941 30.6678 -13.3884
vt -16.6337 17.2359
vn -0.511523 0.41444 0.752718
f 1606/6511/1269 1602/6512/1265 1579/6513/1242 1607/6514/1270 

vt -16.7446 12.4663
vt -16.7659 13.8322
vt -15.3436 13.0423
f 1602/6515/1265 1606/6516/1269 1601/6517/1264

vt -15.6299 12.4959
vt -17.0485 13.2922
v 69.7318 28.9779 -13.2281
vt -15.7521 14.0336
vn -0.529019 0.439511 0.725926
f 1601/6518/1264 1606/6519/1269 1608/6520/1271

vt -17.2006 13.6695
vt -17.8628 17.2495
vt -15.9022 14.4074
f 1606/6521/1269 1607/6522/1270 1608/6523/1271

vt -16.8194 13.9283
vt -18.7212 16.8101
vt -15.7144 15.4154
f 1608/6524/1271 1607/6525/1270 1592/6526/1255

vt -18.5861 17.1726
vt -19.288 18.8821
vt -15.574 15.7894
f 1607/6527/1270 1581/6528/1244 1592/6529/1255

vt -17.708 17.3493
vt -18.6415 17.1596
vt -18.4401 19.0461
f 1607/6530/1270 1580/6531/1243 1581/6532/1244

vt -18.3368 14.0374
vt -18.6947 17.5031
vt -17.7611 17.692
f 1579/6533/1242 1580/6534/1243 1607/6535/1270

vt -16.7574 13.8334
vt -15.655 15.3224
vt -14.3092 13.4312
f 1608/6536/1271 1592/6537/1255 1594/6538/1257

vt -16.6106 12.7368
vt -16.7017 14.2767
vt -14.2529 13.8782
f 1601/6539/1264 1608/6540/1271 1594/6541/1257

vt -19.5791 19.2452
vt -21.3745 21.5764
vt -20.9054 21.8524
f 1581/6542/1244 1582/6543/1245 1588/6544/1251

vt -5.75491 -5.77469
vt -5.67067 -5.03814
vt -5.55521 -5.26842
f 1582/6545/1245 1587/6546/1250 1588/6547/1251

vt -21.7779 18.4496
vt -21.8692 18.79
vt -21.1842 18.8936
f 1582/6548/1245 1586/6549/1249 1587/6550/1250

vt -9.09078 21.8742
vt -9.29319 21.4851
vt -9.26989 22.1777
f 1582/6551/1245 1583/6552/1246 1586/6553/1249

vt 20.0907 22.4623
vt 18.4789 21.4113
vt 18.8246 22.2537
f 1371/6554/1034 1372/6555/1035 1391/6556/1054

vt 20.2609 20.0415
vt 19.7782 19.2694
vt 19.0402 19.5688
f 1391/6557/1054 1372/6558/1035 1373/6559/1036

vt -14.747 6.83461
vt -15.9412 5.16523
vt -15.9829 7.26373
f 1535/6560/1198 1537/6561/1200 1548/6562/1211

vt -16.3437 7.94024
vt -16.7794 6.08519
vt -17.5351 6.26889
f 1535/6563/1198 1536/6564/1199 1537/6565/1200

vt -13.3787 5.16889
vt -13.8972 4.48858
vt -13.4278 7.26723
f 1537/6566/1200 1544/6567/1207 1548/6568/1211

v 65.2752 21.1805 -13.2385
vt -12.8075 6.64456
vn -0.617981 0.201495 0.759933
vt -15.7367 6.52894
vt -12.9144 9.12622
f 1609/6569/1272 1524/6570/1187 1478/6571/1141

vt -12.8127 6.76397
vt -16.5812 4.83663
vt -15.742 6.64812
f 1609/6572/1272 1522/6573/1185 1524/6574/1187

v 65.8238 19.9739 -12.9138
vt -14.0093 5.82957
vn -0.630268 0.149881 0.761773
vt -16.8559 5.22105
vt -13.0984 7.16958
f 1610/6575/1273 1522/6576/1185 1609/6577/1272

vt -14.0947 6.12726
vt -16.0583 4.15011
vt -16.9398 5.512
f 1610/6578/1273 1518/6579/1181 1522/6580/1185

vt -13.8872 5.00936
vt -16.2502 4.20124
vt -14.3001 6.19174
f 1517/6581/1180 1518/6582/1181 1610/6583/1273

vt -12.2472 6.02881
vt -14.1398 4.80334
vt -14.5638 5.98174
f 1481/6584/1144 1517/6585/1180 1610/6586/1273

vt -12.058 4.42307
vt -14.5 4.98499
vt -12.6282 6.24202
f 1512/6587/1175 1517/6588/1180 1481/6589/1144

vt -11.8412 3.94498
vt -12.9544 3.44969
vt -13.6317 5.23154
f 1482/6590/1145 1512/6591/1175 1481/6592/1144

vt -12.2452 5.9507
vt -14.5618 5.90379
vt -13.6727 7.25837
f 1481/6593/1144 1610/6594/1273 1609/6595/1272

vt -12.623 5.45894
vt -14.0663 6.74923
vt -13.2787 7.45561
f 1481/6596/1144 1609/6597/1272 1479/6598/1142

vt -12.8222 7.14857
vt -13.6166 6.44989
vt -13.7534 8.93009
f 1479/6599/1142 1609/6600/1272 1478/6601/1141

vt -16.4581 3.70937
vt -18.1538 3.10528
vt -17.3574 5.05967
f 1518/6602/1181 1519/6603/1182 1522/6604/1185

vt -18.1796 3.09916
vt -19.259 3.37981
vt -17.3849 5.05423
f 1519/6605/1182 1520/6606/1183 1522/6607/1185

vt -20.3241 -0.458289
vt -18.2711 -0.0782943
vt -19.4742 -0.369751
f 1506/6608/1169 1501/6609/1164 1502/6610/1165

vt -20.2544 -1.57285
vt -19.4095 -1.44527
vt -20.9206 -1.85665
f 1506/6611/1169 1502/6612/1165 1503/6613/1166

vt -20.2572 -1.54324
vt -20.9238 -1.82612
vt -21.637 -1.94231
f 1506/6614/1169 1503/6615/1166 1504/6616/1167

vt -4.65948 2.29137
vt -4.38231 3.06089
vt -0.693298 1.41061
f 1282/6617/945 1471/6618/1134 1281/6619/944

vt -7.99644 9.12665
vt -6.35118 9.70207
vt -7.16429 7.12232
f 1457/6620/1120 1459/6621/1122 1473/6622/1136

vt -6.20548 9.71305
v 60.3762 21.9812 -19.5717
vt -5.24976 7.12641
vn -0.784065 0.20489 0.585885
vt -7.03437 7.13833
f 1459/6623/1122 1611/6624/1274 1473/6625/1136

vt -6.74265 9.44923
v 59.77 21.9878 -21.0006
vt -3.8755 7.02436
vn -0.826801 0.243755 0.506936
vt -5.73308 6.88314
f 1459/6626/1122 1612/6627/1275 1611/6628/1274

vt -4.71498 9.01098
vt -3.87148 7.02838
vt -6.73823 9.45373
f 1462/6629/1125 1612/6630/1275 1459/6631/1122

vt -3.84495 9.61631
vt -4.34044 6.8055
vt -5.21759 8.77345
f 1463/6632/1126 1612/6633/1275 1462/6634/1125

vt -3.85838 9.61656
vt -3.14311 7.59279
vt -4.3528 6.80557
f 1463/6635/1126 1464/6636/1127 1612/6637/1275

vt -3.08317 7.52336
vt -2.92549 5.98163
vt -4.29407 6.73802
f 1464/6638/1127 1465/6639/1128 1612/6640/1275

vt -4.16877 6.93214
vt -2.80316 6.1704
vt -4.34376 5.22873
f 1612/6641/1275 1465/6642/1128 1469/6643/1132

vt -2.72917 6.08279
vt -2.73725 4.38457
vt -4.27225 5.14518
f 1465/6644/1128 1466/6645/1129 1469/6646/1132

vt -3.86799 6.95249
vt -4.06187 5.25113
vt -5.72562 6.81179
f 1612/6647/1275 1469/6648/1132 1611/6649/1274

vt -5.4154 7.11507
vt -3.77233 5.53265
vt -4.44668 3.55249
f 1611/6650/1274 1469/6651/1132 1470/6652/1133

vt -5.24914 7.1877
vt -4.30981 3.61727
vt -7.03375 7.19967
f 1611/6653/1274 1470/6654/1133 1473/6655/1136

vt -5.47447 9.98328
vt -4.71717 9.004
vt -6.74045 9.44658
f 1461/6656/1124 1462/6657/1125 1459/6658/1122

vt -3.68592 9.89235
vt -5.71058 9.65656
vt -6.34821 10.7893
f 1214/6659/877 1460/6660/1123 1212/6661/875

vt -5.88528 11.0566
vt -5.2307 9.93356
vt -7.44575 9.77524
f 1212/6662/875 1460/6663/1123 1458/6664/1121

vt -5.84343 10.9859
vt -7.40258 9.70295
vt -9.30893 11.1459
f 1212/6665/875 1458/6666/1121 1455/6667/1118

vt -5.79562 12.0426
vt -9.26114 12.2023
v 61.8771 27.3527 -19.5761
vt -6.26452 13.6162
vn -0.745153 0.292449 0.59935
f 1212/6668/875 1455/6669/1118 1613/6670/1276

vt -9.08807 11.915
vt -8.14905 13.893
vt -6.08819 13.3219
f 1455/6671/1118 1452/6672/1115 1613/6673/1276

vt -6.09889 13.2854
vt -8.15978 13.8564
vt -6.23689 14.7351
f 1613/6674/1276 1452/6675/1115 1450/6676/1113

vt -6.43688 13.2471
vt -6.57658 14.6966
vt -4.84319 13.7774
f 1613/6677/1276 1450/6678/1113 1210/6679/873

vt -5.17799 13.0632
vt -6.90744 13.9898
vt -5.54549 14.2993
f 1210/6680/873 1450/6681/1113 1208/6682/871

vt -6.06781 11.9476
vt -6.54557 13.5185
vt -4.9525 14.0506
f 1212/6683/875 1613/6684/1276 1210/6685/873

vt -11.1954 14.0128
vt -9.71445 16.8787
vt -8.20723 16.1755
f 1441/6686/1104 1442/6687/1105 1453/6688/1116

vt -9.79992 16.6505
v 64.8339 31.1575 -18.5947
vt -8.67282 17.4815
vn -0.669252 0.456437 0.586317
vt -8.29393 15.9446
f 1442/6689/1105 1614/6690/1277 1453/6691/1116

vt -8.9208 17.7893
vt -8.34186 16.7342
vt -9.46091 15.8924
f 1443/6692/1106 1614/6693/1277 1442/6694/1105

vt -9.93083 17.2897
vt -7.69409 17.3915
vt -9.40814 16.2057
f 1443/6695/1106 1447/6696/1110 1614/6697/1277

vt -9.92512 16.9881
vt -8.11251 18.3795
vt -7.68842 17.0909
f 1443/6698/1106 1446/6699/1109 1447/6700/1110

vt -9.633 17.0421
vt -7.90147 18.2022
v 63.9683 31.1042 -20.2711
vt -7.3437 17.0843
vn -0.72521 0.440059 0.529546
f 1614/6701/1277 1447/6702/1110 1615/6703/1278

vt -7.88091 18.2141
vt -4.35723 18.6989
vt -7.32166 17.0969
f 1447/6704/1110 1448/6705/1111 1615/6706/1278

vt -7.47093 17.6859
vt -4.49413 19.2648
vt -6.34904 16.594
f 1615/6707/1278 1448/6708/1111 1449/6709/1112

vt -7.45822 17.7048
vt -6.33573 16.6136
vt -8.68499 14.8044
f 1615/6710/1278 1449/6711/1112 1451/6712/1114

vt -9.39306 16.0892
vt -7.42726 17.6721
vt -8.65021 14.7701
f 1453/6713/1116 1615/6714/1278 1451/6715/1114

vt -9.63662 17.4259
vt -7.34731 17.4676
vt -9.30735 15.8777
f 1614/6716/1277 1615/6717/1278 1453/6718/1116

vt -3.13159 16.3639
vt -5.07168 15.8201
vt -2.91603 19.2668
f 1206/6719/869 1207/6720/870 1423/6721/1086

v 62.0005 30.3397 -24.4844
vt -2.65255 17.5784
vn -0.901561 0.323782 0.286971
vt -3.52875 16.449
vt -3.27987 19.3492
f 1616/6722/1279 1206/6723/869 1423/6724/1086

vt -3.7646 16.7057
vt -2.88345 17.8312
vt -2.92113 15.5218
f 1206/6725/869 1616/6726/1279 1202/6727/865

vt -3.25926 17.8465
v 62.5552 31.5901 -25.6315
vt -2.38008 19.7661
vn -0.926818 0.104849 -0.360575
vt -3.30285 15.5372
f 1616/6728/1279 1617/6729/1280 1202/6730/865

v 62.6644 32.5926 -25.6217
vt -2.92717 21.0693
vn -0.941767 0.260334 0.212838
vt -2.73415 19.8536
vt -3.60113 17.9285
f 1618/6731/1281 1617/6732/1280 1616/6733/1279

vt -2.9462 21.0667
vt -2.61029 20.8597
vt -2.75206 19.8511
f 1618/6734/1281 1413/6735/1076 1617/6736/1280

vt -2.87174 21.0279
vt -2.38517 22.0953
vt -2.5369 20.8192
f 1618/6737/1281 1414/6738/1077 1413/6739/1076

vt -2.1943 22.7659
vt -2.08905 22.1683
vt -2.5935 21.1093
f 1422/6740/1085 1414/6741/1077 1618/6742/1281

vt -2.7728 22.6869
vt -2.64119 23.046
vt -2.65785 22.0912
f 1422/6743/1085 1416/6744/1079 1414/6745/1077

vt -1.78507 21.0062
vt -3.12662 19.6391
vt -1.36416 22.6574
f 1618/6746/1281 1423/6747/1086 1422/6748/1085

vt -2.98957 19.4793
vt -1.6496 20.8479
vt -2.35017 17.7128
f 1423/6749/1086 1618/6750/1281 1616/6751/1279

vt -2.8 20.3652
vt -2.44891 19.2897
vt -2.82412 19.3471
f 1413/6752/1076 1411/6753/1074 1617/6754/1280

vt -2.80325 19.6906
vt -2.42794 19.6338
v 62.4515 30.7975 -25.4948
vt -2.70325 18.6916
vn -0.632268 -0.0515314 -0.773034
f 1617/6755/1280 1411/6756/1074 1619/6757/1282

vt -2.60321 18.6279
vt -2.33195 19.5714
vt -1.71139 15.3879
f 1619/6758/1282 1411/6759/1074 1162/6760/825

vt -2.554 18.647
vt -1.65534 15.4089
v 62.1737 29.7765 -25.2115
vt -2.55758 17.2864
vn -0.723699 0.0152405 -0.689947
f 1619/6761/1282 1162/6762/825 1620/6763/1283

vt -2.33478 17.4204
vt -1.4242 15.547
v 62.0333 28.7112 -25.0567
vt -2.18819 16.086
vn -0.367156 -0.122979 -0.921994
f 1620/6764/1283 1162/6765/825 1621/6766/1284

vt -2.16417 16.1204
vt -1.40016 15.5814
vt -1.88799 14.9786
f 1621/6767/1284 1162/6768/825 1159/6769/822

vt -3.05236 15.0515
vt -2.85284 15.9367
vt -2.60031 14.7894
f 1201/6770/864 1621/6771/1284 1159/6772/822

vt -3.07121 17.3701
vt -2.95455 16.0326
vt -3.16378 15.1497
f 1620/6773/1283 1621/6774/1284 1201/6775/864

vt -3.79337 15.5924
vt -2.94761 17.4673
vt -3.0984 15.2501
f 1202/6776/865 1620/6777/1283 1201/6778/864

vt -3.7869 15.5924
vt -2.86602 18.8256
vt -2.94063 17.4671
f 1202/6779/865 1619/6780/1282 1620/6781/1283

vt -3.0846 19.7409
vt -3.03371 18.7382
vt -3.90129 15.4902
f 1617/6782/1280 1619/6783/1282 1202/6784/865

vt -2.96306 15.2619
vt -2.51037 15.0008
vt -2.85214 14.2291
f 1201/6785/864 1159/6786/822 1161/6787/824

vt -8.09721 8.72644
vt -8.16278 9.27029
v 65.9926 33.4127 -22.3298
vt -6.11955 9.15766
vn -0.242787 0.917208 0.315886
f 1428/6788/1091 1398/6789/1061 1622/6790/1285

vt -8.2526 5.53933
vt -6.40018 5.81145
vt -6.21254 5.37924
f 1398/6791/1061 1399/6792/1062 1622/6793/1285

vt -5.9593 5.27265
vt -6.17391 5.69212
vt -4.65741 5.86541
f 1622/6794/1285 1399/6795/1062 1400/6796/1063

vt -5.48166 2.91781
vt -4.2496 3.64466
vt -1.4996 3.92052
f 1622/6797/1285 1400/6798/1063 1420/6799/1083

vt -1.55764 5.32873
vt -4.31151 5.09469
vt -2.79862 5.38107
f 1420/6800/1083 1400/6801/1063 1419/6802/1082

vt 5.28569 11.7641
vt 2.5287 11.97
vt 3.76669 12.0161
f 1400/6803/1063 1402/6804/1065 1419/6805/1082

vt 5.34938 9.08967
vt 6.57555 8.34679
vt 2.59912 9.37161
f 1400/6806/1063 1401/6807/1064 1402/6808/1065

vt -5.68509 12.9782
vt -6.11832 13.3034
vt -2.03735 13.7594
f 1427/6809/1090 1622/6810/1285 1420/6811/1083

vt -8.2963 12.3213
vt -6.30237 12.6697
vt -5.88187 12.3282
f 1428/6812/1091 1622/6813/1285 1427/6814/1090

vt -5.9056 17.1714
vt -2.23156 17.8177
vt -4.25798 17.1833
f 1427/6815/1090 1420/6816/1083 1425/6817/1088

vt 19.4039 14.367
vt 18.1175 13.0969
vt 18.1537 14.4624
f 1333/6818/996 1334/6819/997 1364/6820/1027

vt 18.5771 14.6509
vt 18.5558 13.2851
vt 17.1548 13.8611
f 1364/6821/1027 1334/6822/997 1335/6823/998

vt 18.701 14.3953
vt 17.2823 13.599
vt 17.4046 15.1367
f 1364/6824/1027 1335/6825/998 1362/6826/1025

vt 17.7391 15.4481
vt 17.648 13.9082
vt 15.2903 15.0496
f 1362/6827/1025 1335/6828/998 1336/6829/999

vt 10.8933 17.7727
vt 10.9205 19.9715
vt 12.1278 19.5842
f 1342/6830/1005 1344/6831/1007 1353/6832/1016

vt 12.1831 19.344
vt 10.9781 19.7381
vt 11.6396 20.7763
f 1353/6833/1016 1344/6834/1007 1347/6835/1010

vt 12.4231 18.571
vt 11.9447 20.0264
vt 13.1483 19.8759
f 1353/6836/1016 1347/6837/1010 1350/6838/1013

vt 0.810043 11.8147
vt 1.94949 11.8609
vt 0.986136 11.1001
f 1196/6839/859 1173/6840/836 1175/6841/838

vt 0.593281 10.7353
vt 1.00966 9.12608
vt -0.216717 10.0002
f 1175/6842/838 1176/6843/839 1192/6844/855

