# Alias OBJ Model File
# Exported from SketchUp, (c) 2000-2012 Trimble Navigation Limited
# File units = inches

mtllib 19 OCEAN sofa 72.mtl

g Mesh1 Group4 Group3 Group2 Group1 Model

usemtl FrontColor
v 4.00001 30.7539 -36.78
vt 0 6
vn 0 0.940906 -0.338668
v 4.00001 32.7859 -31.1345
vt 0 0
v 68 32.7859 -31.1345
vt 64 0
v 68 30.7539 -36.78
vt 64 6
f 1/1/1 2/2/1 3/3/1 4/4/1 

v 4.00001 10.054 -29.3293
vt -6 -7.10543e-15
vn -1 0 -0
v 4.00001 12.086 -23.6838
vt 0 22
vt -6 22
f 5/5/2 6/2/2 2/6/2 1/7/2 

vn 0 -0.940906 0.338668
v 68 10.054 -29.3293
vt -64 6
v 68 12.086 -23.6838
vt -64 0
f 6/2/3 5/1/3 7/8/3 8/9/3 

vt -64 -7.10543e-15
vn 0 -0.338668 -0.940906
vt 0 -7.10543e-15
vt -64 22
f 7/10/4 5/11/4 1/6/4 4/12/4 

vn 1 0 -0
vt 6 -7.10543e-15
vt 6 22
f 8/2/5 7/13/5 4/14/5 3/6/5 

vn 0 0.338668 0.940906
vt 64 22
f 6/2/6 8/3/6 3/15/6 2/6/6 

g Mesh2 Group5 Group3 Group2 Group1 Model

v 70.0002 4.18845 -27.7841
vt -68 0
vn 0 -0.136637 -0.990621
v 2.00015 4.18845 -27.7841
v 2.00015 11.1228 -28.7406
vt 0 7
v 70.0002 11.1228 -28.7406
vt -68 7
f 9/16/7 10/2/7 11/17/7 12/18/7 

vt 0 28
vn 0 -0.990621 0.136637
vt -68 28
v 70.0002 8.01429 -0.0467106
v 2.00015 8.01429 -0.0467106
f 10/19/8 9/20/8 13/16/8 14/2/8 

vt 28 0
vt 28 7
v 70.0002 14.9486 -1.00317
f 13/2/5 9/21/5 12/22/5 15/17/5 

vt 68 28
vn 0 0.990621 -0.136637
v 2.00015 14.9486 -1.00317
vt 68 0
f 12/23/9 11/19/9 16/2/9 15/24/9 

vt -28 0
vt -28 7
f 10/25/2 14/2/2 16/17/2 11/26/2 

vn 0 0.136637 0.990621
vt 68 7
f 14/2/10 13/24/10 15/27/10 16/17/10 

g Mesh3 Pillow_Abernathy_8_1 Pillow_Abernathy_SKU_EAN5489__115_1 Group3 Group2 Group1 Model

usemtl _Color_M03_1
v 46.1137 12.1477 -21.5706
vt 23.8917 -3.20779
vn 0.0196385 -0.993766 -0.109739
v 48.1183 12.1341 -21.7123
vt 20.9649 -2.86698
vn 0.0637173 -0.897307 -0.436784
v 48.4975 12.2306 -21.3421
vt 20.374 -3.15141
vn 0.0478647 -0.993855 0.0998052
f 17/28/11 18/29/12 19/30/13

v 46.0559 12.0981 -22.1328
vt 24.1847 -0.496362
vn 0.0367374 -0.767655 -0.639809
vt 21.1385 -0.872514
vt 24.0815 -1.01823
f 20/31/14 18/32/12 17/33/11

vt 24.1191 -0.789395
v 48.4516 12.1534 -22.1504
vt 20.5993 -0.613204
vn 0.0991632 -0.724178 -0.682446
vt 21.0631 -1.07446
f 20/34/14 21/35/15 18/36/12

vt 24.151 0.102958
v 45.9489 12.2276 -22.7116
vt 24.3342 0.790114
vn 0.0544384 -0.580193 -0.812658
vt 20.6296 0.24114
f 20/37/14 22/38/16 21/39/15

v 45.3297 12.1049 -22.4479
vt 25.0403 -0.675862
vn 0.0401631 -0.672477 -0.739027
vt 24.158 -0.235091
vt 23.9444 -0.913409
f 23/40/17 22/41/16 20/42/14

v 45.3628 12.5481 -23.5605
vt 25.2316 2.29461
vn 0.0747321 -0.501938 -0.861669
vt 24.3336 1.14058
vt 25.2328 0.735362
f 24/43/18 22/44/16 23/45/17

vt 24.4 0.854644
v 45.8038 12.8068 -23.662
vt 23.7743 1.36145
vn 0.0686801 -0.471895 -0.878976
vt 23.4002 -0.212443
f 24/46/18 25/47/19 22/48/16

v 45.5167 13.5166 -24.415
vt 24.7944 4.38986
vn 0.0482734 -0.419402 -0.906516
vt 24.3033 2.77226
vt 24.9427 2.28299
f 26/49/20 25/50/19 24/51/18

v 48.6361 12.9733 -23.7332
vt 20.4285 3.68204
vn 0.0324626 -0.458265 -0.888223
vt 24.5914 3.34981
vt 25.037 4.98054
f 27/52/21 25/53/19 26/54/20

vt 20.4247 3.53765
v 48.4916 12.5005 -23.1233
vt 20.6149 2.36368
vn 0.0737696 -0.535384 -0.841381
vt 24.5871 3.19922
f 27/55/21 28/56/22 25/57/19

vt 20.4236 3.52895
v 51.1397 12.8252 -23.4022
vt 16.7298 3.08731
vn 0.0265962 -0.478877 -0.877479
vt 20.6134 2.35491
f 27/58/21 29/59/23 28/60/22

v 51.0651 13.625 -24.2491
vt 16.8645 5.0118
vn 0.0292258 -0.419161 -0.907441
vt 16.722 3.17364
vt 20.4168 3.60733
f 30/61/24 29/62/23 27/63/21

v 52.9706 13.1219 -23.7443
vt 14.0639 4.02783
vn 0.0223362 -0.450427 -0.892534
vt 16.7493 3.3208
vt 16.8753 5.16017
f 31/64/25 29/65/23 30/66/24

vt 16.7374 3.11331
vt 14.056 3.8355
v 52.169 12.3628 -22.7413
vt 15.2025 1.92664
vn -0.0117188 -0.556437 -0.830807
f 29/67/23 31/68/25 32/69/26

vt 15.2275 2.07839
vt 14.0652 3.97765
v 53.9156 12.643 -23.1593
vt 12.6666 2.81497
vn 0.0212536 -0.50076 -0.865325
f 32/70/26 31/71/25 33/72/27

v 55.5832 13.5399 -24.1063
vt 10.2233 4.83807
vn 0.0050184 -0.422368 -0.906411
vt 12.6441 2.75851
vt 14.0532 3.90851
f 34/73/28 33/74/27 31/75/25

v 55.4828 12.7047 -23.2421
vt 10.3595 3.03448
vn -0.0186846 -0.479938 -0.877104
vt 12.6622 2.87558
vt 10.2289 4.94055
f 35/76/29 33/77/27 34/78/28

vt 12.6551 2.60719
vt 10.3529 2.77361
v 55.3714 12.3517 -22.6561
vt 10.5001 1.79149
vn -0.0189276 -0.549772 -0.8351
f 33/79/27 35/80/29 36/81/30

vt 10.3505 3.29584
v 55.8801 12.2479 -22.6604
vt 9.79924 2.14744
vn -0.0107394 -0.556524 -0.830762
vt 10.5447 2.32191
f 35/82/29 37/83/31 36/84/30

vt 9.80242 2.00288
vt 10.3723 3.14215
v 56.4136 12.8855 -23.6886
vt 8.99551 3.73105
vn -0.00823935 -0.45543 -0.890234
f 37/85/31 35/86/29 38/87/32

vt 8.96531 3.90345
vt 10.3499 3.33322
vt 10.1657 5.23485
f 38/88/32 35/89/29 34/90/28

vt 9.00465 3.77535
vt 10.2273 5.08635
v 57.6211 13.5558 -24.2734
vt 7.23274 5.21925
vn 0.0649623 -0.410615 -0.909492
f 38/91/32 34/92/28 39/93/33

vt 7.23251 5.23019
vt 10.227 5.09767
v 55.5266 14.5957 -24.8131
vt 10.3138 7.23162
vn 0.0236262 -0.366059 -0.930292
f 39/94/33 34/95/28 40/96/34

vt 10.3252 7.16743
vt 10.2249 5.03407
v 53.4115 14.1451 -24.5737
vt 13.4301 6.2842
vn 0.0247205 -0.392116 -0.919583
f 40/97/34 34/98/28 41/99/35

vt 10.2288 5.0169
vt 14.0634 4.10674
vt 13.4307 6.27569
f 34/100/28 31/101/25 41/102/35

vt 14.0516 4.03538
vt 16.8696 5.15132
vt 13.4286 6.20713
f 31/103/25 30/104/24 41/105/35

vt 13.431 6.29773
vt 16.8745 5.25033
v 50.3375 14.5732 -24.8941
vt 17.958 7.16971
vn 0.0292736 -0.367494 -0.929565
f 41/106/35 30/107/24 42/108/36

vt 16.8688 5.22399
v 45.1851 14.4078 -25.03
vt 25.539 6.92929
vn 0.0338533 -0.376214 -0.925914
vt 17.9564 7.14107
f 30/109/24 43/110/37 42/111/36

vt 16.8698 5.21674
vt 25.0352 5.11353
vt 25.5395 6.9242
f 30/112/24 26/113/20 43/114/37

vt 20.4243 3.68683
vt 25.0346 4.97912
vt 16.8692 5.08407
f 27/115/21 26/116/20 30/117/24

vt 25.5284 6.86466
vt 25.0193 5.05533
v 43.2962 13.8997 -24.8617
vt 28.3022 5.93087
vn -0.0208507 -0.397516 -0.917358
f 43/118/37 26/119/20 44/120/38

vt 28.3076 5.91612
vt 25.0254 5.03772
v 43.8471 12.8008 -24.0193
vt 27.468 3.62913
vn 0.000334652 -0.470862 -0.882207
f 44/121/38 26/122/20 45/123/39

vt 24.9842 4.77759
vt 25.1636 2.67314
vt 27.4187 3.35523
f 26/124/20 24/125/18 45/126/39

vt 25.244 2.71876
v 44.3003 12.1981 -22.9775
vt 26.7893 1.73556
vn 0.0183131 -0.600559 -0.799371
vt 27.4863 3.44197
f 24/127/18 46/128/40 45/129/39

vt 26.6194 0.434579
vt 25.1114 1.47404
vt 25.0616 -0.0844088
f 46/130/40 24/131/18 23/132/17

vt 26.8031 1.54099
vt 25.2833 0.919472
v 43.7632 12.058 -21.9041
vt 27.5794 0.374097
vn 0.0457179 -0.864767 -0.500088
f 46/133/40 23/134/17 47/135/41

vt 27.477 -1.15099
vt 25.2067 -0.506351
v 45.1526 12.0897 -21.9492
vt 25.4376 -1.01631
vn 0.0250061 -0.912976 -0.407247
f 47/136/41 23/137/17 48/138/42

vt 25.2565 0.104372
vt 24.1776 -0.201246
vt 25.4992 -0.400052
f 23/139/17 20/140/14 48/141/42

vt 25.3656 -2.02792
vt 24.0547 -1.7677
vt 23.9238 -2.28332
f 48/142/42 20/143/14 17/144/11

vt 25.552 0.777359
vt 24.1543 0.34108
v 45.5742 12.1959 -21.3905
vt 24.9514 0.237259
vn -0.00678764 -0.931663 0.363259
f 48/145/42 17/146/11 49/147/43

vt -15.8229 -19.1984
vt -15.2433 -18.6414
v 46.0994 12.3071 -21.1459
vt -15.5618 -18.4285
vn -0.00745844 -0.613344 0.789781
f 49/148/43 17/149/11 50/150/44

vt -24.1776 0.912243
vt -24.1493 0.530252
vt -20.6531 0.922014
f 50/151/44 17/152/11 19/153/13

vt -24.1753 1.31199
vt -20.6508 1.3129
v 48.3762 12.4435 -20.9542
vt -20.8352 1.69188
vn -0.00673968 -0.388697 0.921341
f 50/154/44 19/155/13 51/156/45

vt -20.6435 1.45356
v 50.6982 12.2892 -21.2796
vt -17.4114 1.67132
vn -0.0172555 -0.876573 0.48096
vt -20.8253 1.8338
f 19/157/13 52/158/46 51/159/45

vt 20.3479 -3.00446
v 50.8022 12.218 -21.6882
vt 17.0028 -2.42035
vn -0.00448072 -0.890295 -0.455363
vt 17.1152 -2.79603
f 19/160/13 53/161/47 52/162/46

vt 20.6269 -0.855041
vt 17.1483 -1.1884
vt 20.5189 -1.6007
f 21/163/15 53/164/47 19/165/13

vt 20.5622 -0.855595
v 51.0387 12.2413 -22.1954
vt 16.7654 -0.569534
vn 0.0142145 -0.658285 -0.752634
vt 17.0763 -1.10113
f 21/166/15 54/167/48 53/168/47

vt 20.6277 0.514165
vt 20.6114 1.82711
vt 16.8259 0.723163
f 21/169/15 28/170/22 54/171/48

v 48.3938 12.2452 -22.6005
vt 15.688 -4.08297
vn 0.152511 -0.593743 -0.790069
vt 15.7977 -3.28535
vt 15.4064 -4.53876
f 55/172/49 28/173/22 21/174/15

vt 24.337 1.3007
vt 20.6148 2.06776
vt 20.7376 1.27206
f 22/175/16 28/176/22 55/177/49

vt 24.5975 3.20132
vt 20.6298 2.34466
vt 24.357 1.60155
f 25/178/19 28/179/22 22/180/16

vt 24.3403 0.799293
vt 20.7409 0.766184
vt 20.6371 0.240608
f 22/181/16 55/182/49 21/183/15

vt 20.6179 1.84902
v 50.9559 12.4394 -22.7923
vt 16.9814 1.51856
vn 0.017847 -0.552892 -0.833062
vt 16.8358 0.733421
f 28/184/22 56/185/50 54/186/48

vt 20.5961 2.11797
vt 16.7158 2.86798
vt 16.9571 1.81662
f 28/187/22 29/188/23 56/189/50

vt 17.0168 2.19557
vt 16.7537 3.24166
vt 15.2328 2.03704
f 56/190/50 29/191/23 32/192/26

vt 17.0243 2.06079
vt 15.2419 1.8851
vt 16.9046 1.27128
f 56/193/50 32/194/26 54/195/48

vt 16.8609 0.654526
vt 15.2147 1.31126
v 51.9187 12.1392 -21.7333
vt 15.5536 0.110057
vn -0.0359313 -0.81369 -0.580188
f 54/196/48 32/197/26 57/198/51

vt 14.6568 3.8606
vt 14.0229 4.93578
v 52.1454 12.144 -22.1081
vt 14.2357 4.1174
vn -0.0188886 -0.707923 -0.706037
f 57/199/51 32/200/26 58/201/52

vt 15.1882 0.491384
vt 15.1832 1.33696
v 53.6084 12.2716 -22.3404
vt 13.0482 0.898533
vn 0.0139825 -0.638311 -0.769652
f 58/202/52 32/203/26 59/204/53

vt 15.1604 1.38621
vt 12.6165 2.17977
vt 13.0221 0.964013
f 32/205/26 33/206/27 59/207/53

vt 13.1175 1.43974
vt 12.6722 2.64156
vt 10.5284 1.797
f 59/208/53 33/209/27 36/210/30

vt 13.1058 1.22249
vt 10.519 1.59524
v 55.4106 12.127 -22.0331
vt 10.4513 0.751532
vn 0.00812342 -0.703117 -0.711028
f 59/211/53 36/212/30 60/213/54

vt 10.5137 2.46523
vt 9.77221 2.27457
vt 10.5164 1.61882
f 36/214/30 37/215/31 60/216/54

vt 10.4156 0.263784
vt 9.7476 0.996963
v 56.9072 12.1504 -22.0942
vt 8.2172 0.367726
vn 0.0231886 -0.72078 -0.692776
f 60/217/54 37/218/31 61/219/55

vt 9.70585 0.947213
v 56.9458 12.346 -22.8651
vt 8.15188 1.29635
vn 0.0554058 -0.572779 -0.817835
vt 8.16247 0.350533
f 37/220/31 62/221/56 61/222/55

vt 8.21097 2.08425
vt 9.77501 1.78339
v 57.2415 12.828 -23.6179
vt 7.7857 3.38341
vn 0.0691228 -0.489313 -0.869365
f 62/223/56 37/224/31 63/225/57

vt 7.78325 3.33628
vt 9.76664 1.72892
vt 9.00187 3.47614
f 63/226/57 37/227/31 38/228/32

vt 7.77647 3.52147
vt 8.99583 3.65468
vt 7.23572 5.11294
f 63/229/57 38/230/32 39/231/33

v 58.8001 12.7979 -22.7936
vt 5.13176 2.49709
vn 0.111633 -0.445632 -0.888228
vt 7.53108 3.03642
vt 7.06567 4.65153
f 64/232/58 63/233/57 39/234/33

v 57.838 12.3214 -22.4486
vt 6.55009 1.13893
vn 0.0764727 -0.562171 -0.823478
vt 7.58563 2.75208
vt 5.19142 2.1905
f 65/235/59 63/236/57 64/237/58

vt 6.62152 1.16447
vt 7.97901 1.46637
vt 7.63749 2.79001
f 65/238/59 62/239/56 63/240/57

vt 8.0764 0.135798
vt 8.09085 1.08157
vt 6.74337 0.737725
f 61/241/55 62/242/56 65/243/59

vt 8.1215 0.348557
vt 6.78083 0.933292
v 58.1321 12.0786 -21.5548
vt 6.28199 -0.161612
vn -0.0346056 -0.720036 -0.693073
f 61/244/55 65/245/59 66/246/60

vt 6.39935 -0.00335756
vt 6.86197 1.10733
v 58.7536 12.2388 -22.1202
vt 5.50465 0.716575
vn 0.0252283 -0.534392 -0.84486
f 66/247/60 65/248/59 67/249/61

vt 6.71719 1.58076
vt 5.33157 2.59655
vt 5.34473 1.24701
f 65/250/59 64/251/58 67/252/61

v 59.9537 12.0347 -21.766
vt 3.68102 0.797743
vn 0.0261252 -0.527233 -0.849319
vt 5.46175 1.35056
vt 5.4234 2.69963
f 68/253/62 67/254/61 64/255/58

vt 5.54161 1.13511
vt 3.77236 0.546579
v 59.2808 11.9508 -21.5575
vt 4.75883 0.258731
vn -0.0261127 -0.643213 -0.765242
f 67/256/61 68/257/62 69/258/63

vt 4.71573 0.0522759
vt 3.73271 0.351717
v 60.3282 11.7946 -21.1251
vt 3.16202 -0.523534
vn -0.062579 -0.796114 -0.601903
f 69/259/63 68/260/62 70/261/64

vt 3.29228 -0.483282
vt 3.8325 0.411098
v 61.2819 11.7606 -21.2213
vt 1.89026 -0.477463
vn 0.0307725 -0.541163 -0.840354
f 70/262/64 68/263/62 71/264/65

vt 1.60652 0.0650819
vt 3.59625 0.841481
vt 5.36155 2.72212
f 71/265/65 68/266/62 64/267/58

vt 1.50559 0.195743
vt 5.28657 2.81572
v 61.2371 12.6986 -22.0165
vt 1.6356 2.2048
vn 0.162119 -0.368941 -0.915205
f 71/268/65 64/269/58 72/270/66

vt 1.62016 2.31249
vt 5.27191 2.91879
v 60.4833 13.76 -22.9601
vt 2.80028 4.5913
vn 0.179713 -0.385396 -0.905082
f 72/271/66 64/272/58 73/273/67

vt 5.13852 2.61318
v 58.9963 14.67 -24.5941
vt 5.08194 6.79114
vn 0.132128 -0.374166 -0.917901
vt 2.68716 4.31526
f 64/274/58 74/275/68 73/276/67

v 57.9771 14.2507 -24.5958
vt 6.61024 6.12421
vn 0.0892918 -0.377719 -0.921605
vt 5.11197 6.82287
vt 5.1936 2.64533
f 75/277/69 74/278/68 64/279/58

vt 6.69991 6.55621
v 57.4529 15.7319 -25.1798
vt 7.47869 9.28829
vn 0.053784 -0.333462 -0.941228
vt 5.19365 7.23749
f 75/280/69 76/281/70 74/282/68

vt 6.71712 6.55173
vt 10.325 7.22549
vt 7.49567 9.28388
f 75/283/69 40/284/34 76/285/70

vt 7.23563 5.22897
vt 10.3254 7.21742
vt 6.71766 6.54289
f 39/286/33 40/287/34 75/288/69

vt 4.86951 2.67687
vt 6.85316 4.78561
vt 6.37964 6.1162
f 64/289/58 39/290/33 75/291/69

vt 7.49391 9.27585
vt 10.3226 7.21668
v 55.432 15.8471 -25.3549
vt 10.4716 9.55548
vn 0.0281507 -0.325599 -0.945089
f 76/292/70 40/293/34 77/294/71

vt 10.4728 9.56197
vt 10.3254 7.22308
v 52.6689 15.4179 -25.2254
vt 14.5346 8.78061
vn 0.0255017 -0.349182 -0.936708
f 77/295/71 40/296/34 78/297/72

vt 10.3247 7.21955
vt 13.4309 6.34103
vt 14.533 8.77956
f 40/298/34 41/299/35 78/300/72

vt 14.5344 8.76606
vt 13.4293 6.32887
vt 17.9574 7.19556
f 78/301/72 41/302/35 42/303/36

vt 14.5346 8.77843
vt 17.9581 7.20916
v 48.5177 15.9682 -25.5595
vt 20.6453 9.84545
vn 0.0299712 -0.325997 -0.944896
f 78/304/72 42/305/36 79/306/73

vt 20.645 9.84214
vt 17.9569 7.20677
v 44.2786 15.3479 -25.4689
vt 26.8803 8.76821
vn 0.0120897 -0.341075 -0.939958
f 79/307/73 42/308/36 80/309/74

vt 17.9569 7.20619
vt 25.5395 6.99567
vt 26.8804 8.7677
f 42/310/36 43/311/37 80/312/74

vt 26.8809 8.77112
vt 25.5404 6.99883
vt 28.3161 6.07096
f 80/313/74 43/314/37 44/315/38

vt 28.2798 6.08475
v 42.0262 14.6945 -25.0647
vt 30.1489 7.48257
vn -0.0630921 -0.357408 -0.931815
vt 26.8417 8.7834
f 44/316/38 81/317/75 80/318/74

v 41.1904 13.9248 -23.9725
vt 30.8603 6.66574
vn -0.120548 -0.405919 -0.905924
vt 29.5545 8.59074
vt 27.7094 7.16142
f 82/319/76 81/320/75 44/321/38

vt 30.3611 6.79702
v 41.3014 15.0404 -24.9226
vt 30.1072 9.18422
vn -0.142677 -0.330127 -0.933091
vt 29.0295 8.70426
f 82/322/76 83/323/77 81/324/75

v 40.3868 14.9253 -24.1709
vt 30.9176 8.80405
vn -0.240503 -0.364123 -0.899763
vt 29.4815 9.43801
vt 29.7604 7.05362
f 84/325/78 83/326/77 82/327/76

vt 30.2961 7.63549
v 40.2512 15.6831 -24.3873
vt 30.4986 8.98633
vn -0.287527 -0.277462 -0.916702
vt 28.8568 8.26221
f 84/328/78 85/329/79 83/330/77

vt 27.5171 9.64737
vt 27.3257 8.29491
v 39.9615 14.9349 -23.634
vt 28.0715 7.99643
vn -0.407 -0.308248 -0.859845
f 85/331/79 84/332/78 86/333/80

v 40.1157 13.856 -23.3586
vt 27.6447 5.64125
vn -0.223012 -0.356953 -0.907111
vt 27.8829 7.54608
vt 27.137 7.84423
f 87/334/81 86/335/80 84/336/78

v 39.788 12.8067 -22.6059
vt 29.8298 3.24063
vn -0.16321 -0.357685 -0.91947
v 39.5356 13.8887 -22.7843
vt 30.2339 5.09297
vn -0.517669 -0.240087 -0.821205
vt 29.5191 7.28037
vt 29.2767 5.37608
f 88/337/82 89/338/83 86/339/80 87/340/81 

v 39.2593 12.9718 -22.1722
vt 31.1148 3.15152
vn -0.635107 -0.16708 -0.754137
vt 30.6611 4.99083
vt 30.2563 3.13865
f 90/341/84 89/342/83 88/343/82

v 39.2395 13.6558 -22.2025
vt 23.6732 2.07683
vn -0.995911 0.0732857 -0.0528283
vt 23.0989 2.79497
vt 23.5271 0.949543
f 91/344/85 89/345/83 90/346/84

vt 19.1312 -0.774053
vt 19.6901 -1.50421
v 39.3403 14.1008 -22.2912
vt 19.6586 -0.71707
vn -0.986189 0.116887 -0.117336
f 89/347/83 91/348/85 92/349/86

vt -13.9873 0.600445
vt -14.1053 -0.178427
v 39.455 14.1757 -21.8094
vt -13.5443 0.440762
vn -0.563674 0.323019 0.760217
f 92/350/86 91/351/85 93/352/87

vt -14.7004 1.56038
vt -15.2642 0.94371
v 39.2808 13.3102 -21.6854
vt -14.9562 0.0802884
vn -0.693797 0.331843 0.639161
f 93/353/87 91/354/85 94/355/88

vt -7.21751 3.73038
v 39.2384 13.1491 -21.9555
vt -7.16702 2.76752
vn -0.991486 0.12309 -0.0424841
vt -6.89705 2.87149
f 91/356/85 95/357/89 94/358/88

vt 5.0924 4.37986
vt 4.91966 3.25635
vt 5.1436 3.41704
f 91/359/85 90/360/84 95/361/89

vt 12.3299 -5.96212
vt 12.111 -6.12958
v 38.9914 12.502 -21.7324
vt 12.4354 -7.18859
vn -0.965345 0.22576 -0.130927
f 95/362/89 90/363/84 96/364/90

vt 9.20396 -7.20729
v 38.7361 11.7576 -21.6513
vt 9.44164 -9.58921
vn -0.496316 -0.21347 -0.841487
vt 9.50044 -8.27446
f 90/365/84 97/366/91 96/367/90

vt 31.144 1.20133
vt 30.2854 1.18836
vt 31.8536 -1.08481
f 90/368/84 88/369/82 97/370/91

vt 34.8188 1.07849
vt 33.243 3.34645
v 39.8756 12.0061 -22.131
vt 33.1281 1.76754
vn -0.0248825 -0.440384 -0.897465
f 97/371/91 88/372/82 98/373/92

vt 33.157 3.42918
v 42.0942 12.668 -23.2789
vt 29.7375 3.60639
vn -0.0560659 -0.447919 -0.892315
vt 33.0458 1.85
f 88/374/82 99/375/93 98/376/92

vt 33.1698 3.63356
vt 31.0432 6.27665
vt 29.7503 3.81217
f 88/377/82 82/378/76 99/379/93

vt 32.5198 3.57145
vt 31.9902 5.71288
vt 30.3588 6.18651
f 88/380/82 87/381/81 82/382/76

vt 32.0529 5.89086
vt 31.5958 8.1049
vt 30.4218 6.36568
f 87/383/81 84/384/78 82/385/76

vt 29.5606 4.09984
vt 30.8365 6.57312
vt 27.6852 7.06626
f 99/386/93 82/387/76 44/388/38

vt 27.9044 6.94653
vt 27.144 4.63201
vt 29.756 3.96523
f 44/389/38 45/390/39 99/391/93

vt 27.317 4.67571
v 43.3441 12.2652 -22.9794
vt 28.1012 3.09006
vn -0.0142549 -0.544149 -0.838868
vt 29.9196 3.97325
f 45/392/39 100/393/94 99/394/93

vt 27.4598 3.98637
vt 26.798 2.26602
vt 28.203 2.38109
f 45/395/39 46/396/40 100/397/94

v 42.7716 12.1007 -22.4225
vt 29.0426 1.79345
vn 0.0286267 -0.637028 -0.770309
vt 28.1944 2.47989
vt 26.7901 2.35748
f 101/398/95 100/399/94 46/400/40

vt 28.1974 1.48856
vt 29.0228 0.774886
v 41.8006 12.1214 -22.5015
vt 30.4529 0.865494
vn 0.0028115 -0.533786 -0.845615
f 100/401/94 101/402/95 102/403/96

v 40.4909 11.8392 -21.8793
vt 32.348 0.0301939
vn 0.0863743 -0.654476 -0.751133
vt 30.4432 0.961894
vt 29.0128 0.876864
f 103/404/97 102/405/96 101/406/95

vt 30.4746 1.62512
vt 32.3959 0.727885
vt 33.3018 1.17857
f 102/407/96 103/408/97 98/409/92

vt 32.2826 0.226249
v 39.4882 11.5803 -21.6698
vt 33.7477 -0.339101
vn 0.0515559 -0.529483 -0.846753
vt 33.1988 0.655537
f 103/410/97 104/411/98 98/412/92

v 39.356 11.4988 -21.4599
vt 33.0217 -4.64104
vn 0.20758 -0.906888 -0.366695
vt 32.8648 -4.33075
vt 31.4421 -3.66581
f 105/413/99 104/414/98 103/415/97

v 38.7071 11.4214 -21.4086
vt 34.7135 -2.41511
vn -0.219114 -0.631468 -0.743799
vt 33.589 -1.92932
vt 33.7653 -2.229
f 106/416/100 104/417/98 105/418/99

vt 33.2934 1.55535
vt 33.8669 0.574732
vt 35.017 0.153117
f 98/419/92 104/420/98 106/421/100

vt 34.9033 0.423159
vt 34.8531 1.11398
vt 33.1634 1.80522
f 106/422/100 97/423/91 98/424/92

vt 29.7591 2.29646
vt 29.845 1.60918
v 38.6131 11.6197 -21.4036
vt 29.9921 1.92769
vn -0.988875 0.0359313 0.144343
f 97/425/91 106/426/100 107/427/101

vt -9.97795 14.6687
vt -9.9897 14.318
v 38.7244 11.5165 -21.236
vt -9.82451 14.3774
vn -0.171767 -0.008135 0.985104
f 107/428/101 106/429/100 108/430/102

vt -31.0972 -15.2296
vt -30.2636 -14.7407
vt -31.153 -15.0632
f 106/431/100 105/432/99 108/433/102

vt 20.6069 -28.0566
vt 20.1669 -27.2192
v 39.357 11.5501 -21.2986
vt 20.0522 -27.305
vn 0.185593 -0.466266 0.864957
f 108/434/102 105/435/99 109/436/103

vt 7.09998 -31.4497
vt 7.2394 -31.4169
v 40.2473 11.7697 -21.4344
vt 6.8034 -30.1032
vn 0.318436 -0.936861 0.144535
f 109/437/103 105/438/99 110/439/104

vt 29.3507 -13.2784
vt 27.9913 -12.0142
vt 28.1428 -12.6027
f 105/440/99 103/441/97 110/442/104

vt 31.3728 -6.53216
vt 31.1152 -5.98187
v 41.203 11.9303 -21.4406
vt 29.9968 -6.13642
vn 0.130461 -0.988859 0.0716795
f 110/443/104 103/444/97 111/445/105

vt 30.6097 -5.62389
vt 31.7161 -5.39883
v 42.4536 11.9762 -21.8365
vt 28.8539 -4.95688
vn 0.104351 -0.896386 -0.430817
f 111/446/105 103/447/97 112/448/106

vt 32.1222 -1.99974
vt 28.8258 -1.01277
vt 29.2387 -1.72923
f 103/449/97 101/450/95 112/451/106

vt 28.9054 -0.512098
vt 27.411 -0.990295
vt 29.3297 -1.22186
f 101/452/95 47/453/41 112/454/106

vt 27.5025 -0.590816
vt 28.9857 -0.078956
vt 26.7655 0.601299
f 47/455/41 101/456/95 46/457/40

vt 21.2754 -20.1048
vt 19.8418 -18.8088
v 43.1214 12.1424 -21.4617
vt 20.2987 -19.7106
vn 0.0859393 -0.902272 0.422516
f 112/458/106 47/459/41 113/460/107

vt 27.5286 -7.10152
vt 26.6927 -6.53297
v 44.0741 12.1804 -21.4487
vt 26.1516 -6.83386
vn 0.0265313 -0.936508 0.349642
f 113/461/107 47/462/41 114/463/108

vt 26.8486 -5.94712
vt 24.8442 -5.54778
vt 26.3145 -6.26026
f 47/464/41 48/465/42 114/466/108

vt 27.0423 -1.88128
vt 25.4799 -1.40357
vt 24.8343 -1.88909
f 114/467/108 48/468/42 49/469/43

vt -27.0261 2.87665
vt -24.8181 2.86933
v 45.1219 12.4451 -20.9595
vt -25.4584 3.32526
vn -0.0184856 -0.422884 0.905995
f 114/470/108 49/471/43 115/472/109

vt -25.0569 5.60845
vt -24.4604 5.09652
vt -23.6589 5.23253
f 115/473/109 49/474/43 50/475/44

vt -25.551 2.54434
vt -24.1179 2.33919
v 46.0169 12.5922 -20.7706
vt -24.2307 2.78864
vn -0.0129533 -0.161471 0.986792
f 115/476/109 50/477/44 116/478/110

vt -24.2018 3.03069
vt -24.0936 2.58014
vt -20.7392 2.80085
f 116/479/110 50/480/44 51/481/45

vt -24.2322 2.76937
vt -20.7674 2.57474
v 48.414 12.7609 -20.5996
vt -20.7038 3.05796
vn -0.0172756 -0.0813834 0.996533
f 116/482/110 51/483/45 117/484/111

vt -20.7741 2.52339
v 50.8021 12.5066 -20.9091
vt -17.2065 2.65878
vn -0.0476913 -0.365808 0.929468
vt -20.7117 3.00676
f 51/485/45 118/486/112 117/487/111

vt -20.8332 1.76091
vt -17.4185 1.61684
vt -17.2714 2.00566
f 51/488/45 52/489/46 118/490/112

vt -16.8836 4.6528
v 51.7829 12.2395 -21.255
vt -15.3031 4.41752
vn -0.0791001 -0.961046 0.264828
vt -16.6707 5.00987
f 52/491/46 119/492/113 118/493/112

vt 17.4525 0.960947
vt 17.2631 1.30435
vt 15.8748 0.708125
f 52/494/46 53/495/47 119/496/113

vt 17.1588 2.43607
vt 15.5451 2.12295
vt 15.8146 1.74592
f 53/497/47 57/498/51 119/499/113

vt 17.2819 1.05752
vt 16.9108 1.54895
vt 15.6443 0.915298
f 53/500/47 54/501/48 57/502/51

vt 15.8738 0.684865
vt 15.6298 1.07886
v 52.4441 12.2223 -21.2016
vt 14.9164 0.494999
vn 0.0359532 -0.953425 0.299479
f 119/503/113 57/504/51 120/505/114

vt 14.2967 -3.16014
vt 15.1423 -2.79312
v 53.2008 12.2568 -21.3434
vt 13.2153 -2.85888
vn 0.0164491 -0.956204 -0.292238
f 120/506/114 57/507/51 121/508/115

vt 15.1187 -2.55545
vt 14.8455 -2.14487
vt 13.1914 -2.61137
f 57/509/51 58/510/52 121/511/115

vt 14.8034 -2.20294
vt 12.712 -1.59363
vt 13.145 -2.6541
f 58/512/52 59/513/53 121/514/115

vt 13.7835 1.52251
vt 13.0676 2.41668
v 54.5567 12.0931 -21.7887
vt 11.7635 1.52202
vn -0.0237344 -0.827818 -0.560495
f 121/515/115 59/516/53 122/517/116

vt 13.1222 1.19824
vt 10.4725 0.700563
vt 11.7268 0.454125
f 59/518/53 60/519/54 122/520/116

vt 11.5043 -1.3079
vt 10.2756 -0.955581
v 55.0454 12.12 -21.5436
vt 10.7641 -1.4781
vn 0.0198897 -0.957533 -0.287638
f 122/521/116 60/522/54 123/523/117

vt 10.85 -1.13006
vt 10.3472 -0.621318
v 56.6957 12.1658 -21.4124
vt 8.41656 -1.12174
vn -0.00933452 -0.967806 -0.251525
f 123/524/117 60/525/54 124/526/118

vt 10.3766 -0.56731
vt 8.1804 -0.424151
vt 8.45261 -1.09287
f 60/527/54 61/528/55 124/529/118

vt 8.64073 -0.274537
vt 8.31026 0.367394
v 58.3556 12.0963 -20.9951
vt 6.21783 -0.874649
vn -0.172054 -0.971367 0.163841
f 124/530/118 61/531/55 125/532/119

vt 8.34382 0.963957
vt 6.62889 0.125472
vt 6.36943 -0.45826
f 61/533/55 66/534/60 125/535/119

vt 6.44094 0.950756
vt 6.56344 1.5777
v 59.4282 11.9038 -20.879
vt 5.02516 0.1564
vn -0.193285 -0.939501 0.282806
f 125/536/119 66/537/60 126/538/120

vt 6.61976 0.289748
vt 4.94805 -0.0209495
vt 4.80129 -0.749293
f 66/539/60 69/540/63 126/541/120

vt 6.54754 0.543572
vt 5.61687 1.21636
vt 4.86259 0.315329
f 66/542/60 67/543/61 69/544/63

vt 4.84818 -0.631932
vt 4.97634 0.0999127
vt 3.51358 -0.678482
f 126/545/120 69/546/63 70/547/64

vt 4.99873 -0.45924
vt 3.68714 -0.710348
v 60.2361 11.9468 -20.6255
vt 3.95422 -1.08298
vn -0.145329 -0.353702 0.923999
f 126/548/120 70/549/64 127/550/121

vt 3.81627 1.63912
vt 3.37717 1.77095
v 60.8914 11.7292 -20.7818
vt 3.16239 0.870215
vn -0.167121 -0.908371 -0.383318
f 127/551/121 70/552/64 128/553/122

vt 3.28986 -0.892309
vt 1.88784 -0.885334
vt 2.46852 -1.31993
f 70/554/64 71/555/65 128/556/122

vt 2.72823 -0.852892
vt 2.1123 -0.469885
v 61.5642 11.6177 -20.8477
vt 1.7434 -1.0262
vn -0.0805079 -0.873541 -0.480047
f 128/557/122 71/558/65 129/559/123

v 62.2583 11.5857 -20.701
vt 0.250245 -1.1001
vn 0.25181 -0.9639 -0.0865366
vt 1.27789 -0.94781
vt 1.71109 -0.439963
f 130/560/124 129/561/123 71/562/65

vt 1.65333 1.98113
vt 2.08088 1.03432
v 61.973 11.639 -20.6561
vt 1.99627 1.4508
vn -0.0451281 -0.249023 0.967446
f 129/563/123 130/564/124 131/565/125

vt -0.864495 1.09616
vt -0.444666 1.03013
v 62.3003 11.9299 -20.5357
vt -0.387608 1.54627
vn 0.195795 0.247848 0.948807
f 131/566/125 130/567/124 132/568/126

vt -1.07128 0.952812
v 62.449 11.7321 -20.7094
vt -0.817438 1.22599
vn 0.929612 -0.277608 0.242395
vt -1.08215 1.47198
f 130/569/124 133/570/127 132/571/126

vt -1.01033 -0.976113
v 62.3347 11.7285 -20.9737
vt -1.00011 -0.535902
vn 0.2783 -0.410392 -0.868405
vt -1.26341 -0.702227
f 130/572/124 134/573/128 133/574/127

vt 0.0891063 -0.552714
vt 0.18341 -0.982827
vt 1.6527 -0.341681
f 134/575/128 130/576/124 71/577/65

vt 0.0137126 0.00624877
vt 1.57948 0.200472
vt 1.69729 2.21028
f 134/578/128 71/579/65 72/580/66

vt 1.22452 2.58724
v 62.1342 12.3029 -21.2945
vt -0.189546 1.53182
vn 0.397023 -0.253711 -0.882045
vt -0.503038 0.417512
f 72/581/66 135/582/129 134/583/128

vt 1.21015 2.60622
v 61.8595 13.0583 -21.7097
vt 0.221472 3.01246
vn 0.4461 -0.265837 -0.854591
vt -0.20379 1.55063
f 72/584/66 136/585/130 135/586/129

vt 1.15982 2.48268
v 61.014 14.2137 -22.8679
vt 1.56777 5.42799
vn 0.266654 -0.323818 -0.907765
vt 0.171206 2.88907
f 72/587/66 137/588/131 136/589/130

vt 2.53905 4.7259
vt 1.72813 5.40902
vt 1.32986 2.46239
f 73/590/67 137/591/131 72/592/66

vt 2.54392 4.7326
v 60.8012 14.6734 -23.2055
vt 2.07833 6.3549
vn 0.293454 -0.346673 -0.8909
vt 1.73293 5.41562
f 73/593/67 138/594/132 137/595/131

v 60.05 14.6266 -23.8944
vt 3.0283 6.55485
vn 0.245441 -0.382019 -0.890966
vt 1.77226 6.23245
vt 2.22193 4.60566
f 139/596/133 138/597/132 73/598/67

vt 3.02441 6.57339
v 60.8233 15.6499 -23.7507
vt 1.81341 8.15287
vn 0.353797 -0.307191 -0.883437
vt 1.76832 6.25117
f 139/599/133 140/600/134 138/601/132

v 59.9063 15.1117 -24.3598
vt 3.26535 7.56589
vn 0.198037 -0.318912 -0.926864
vt 1.75618 8.08903
vt 2.96321 6.50652
f 141/602/135 140/603/134 139/604/133

vt 3.39822 7.95673
v 60.2944 16.1119 -24.2133
vt 2.70598 9.49725
vn 0.253391 -0.319508 -0.913076
vt 1.8889 8.47944
f 141/605/135 142/606/136 140/607/134

v 59.4312 15.92 -24.6501
vt 4.25181 9.43928
vn 0.165871 -0.341618 -0.925086
vt 2.90754 9.50028
vt 3.5808 7.95137
f 143/608/137 142/609/136 141/610/135

v 60.4487 16.5967 -24.4688
vt 2.69319 9.96025
vn 0.286302 -0.360747 -0.887633
vt 2.88564 9.01843
vt 4.2299 8.95744
f 144/611/138 142/612/136 143/613/137

vt 2.51161 8.8219
vt 2.34619 9.76884
v 60.945 16.3228 -23.6288
vt 1.40496 8.82633
vn 0.383992 -0.295236 -0.874863
f 142/614/136 144/615/138 145/616/139

vt 0.876406 9.47096
vt 1.83027 10.4007
v 61.2442 16.4864 -23.1917
vt 0.27579 9.48293
vn 0.565 -0.282169 -0.775342
f 145/617/139 144/618/138 146/619/140

vt 0.555196 8.93879
vt 2.10519 9.86409
v 60.8996 17.0403 -24.1579
vt 1.33775 10.4079
vn 0.381383 -0.314553 -0.869255
f 146/620/140 144/621/138 147/622/141

vt 1.58391 10.8657
vt 2.35488 10.3268
v 60.2609 17.0003 -24.7774
vt 2.66525 11.158
vn 0.2496 -0.283362 -0.925962
f 147/623/141 144/624/138 148/625/142

vt 3.0341 11.017
vt 2.72634 10.1848
v 59.3414 16.8361 -25.2295
vt 4.45901 11.0101
vn 0.150724 -0.322858 -0.934369
f 148/626/142 144/627/138 149/628/143

vt 2.7494 10.1178
vt 4.29002 9.12096
vt 4.48124 10.9448
f 144/629/138 143/630/137 149/631/143

vt 4.58683 10.9588
vt 4.40875 9.1336
v 58.4613 15.8143 -24.9655
vt 5.87168 9.14176
vn 0.109075 -0.328008 -0.938357
f 149/632/143 143/633/137 150/634/144

vt 5.87038 9.37587
vt 4.40745 9.36771
vt 3.71879 7.8879
f 150/635/144 143/636/137 141/637/135

vt 5.1042 7.30088
vt 5.87394 9.37264
vt 3.72199 7.88521
f 74/638/68 150/639/144 141/640/135

vt 7.44252 9.32323
vt 5.94068 9.33639
vt 5.16124 7.26826
f 76/641/70 150/642/144 74/643/68

v 58.0778 17.2617 -25.6468
vt 6.52583 12.014
vn 0.113628 -0.28891 -0.950589
vt 5.94002 9.27894
vt 7.44186 9.2658
f 151/644/145 150/645/144 76/646/70

vt 4.66967 11.0863
vt 5.9645 9.27642
vt 6.54843 12.0119
f 149/647/143 150/648/144 151/649/145

v 59.9601 18.175 -24.8816
vt 3.50218 13.125
vn 0.176793 -0.249289 -0.952155
vt 4.55238 11.111
vt 6.41996 12.059
f 152/650/146 149/651/143 151/652/145

vt 3.03589 11.2075
vt 4.4608 11.2005
vt 3.38401 13.2004
f 148/653/142 149/654/143 152/655/146

v 60.9344 18.0608 -24.2459
vt 1.65506 12.6948
vn 0.273849 -0.282036 -0.91949
vt 2.86629 11.2567
vt 3.1759 13.2559
f 153/656/147 148/657/142 152/658/146

vt 1.38422 12.6883
vt 1.54044 10.9788
vt 2.62142 11.2725
f 153/659/147 147/660/141 148/661/142

vt 1.3072 10.9804
vt 1.13442 12.6883
v 61.2967 17.9039 -23.7749
vt 0.499267 12.1607
vn 0.486445 -0.317889 -0.813829
f 147/662/141 153/663/147 154/664/148

vt 1.31409 12.5154
v 61.0411 18.7981 -24.3981
vt 1.13324 13.7965
vn 0.253696 -0.314404 -0.914761
vt 0.677278 11.9897
f 153/665/147 155/666/149 154/667/148

vt 1.8682 13.8723
vt 2.03958 12.5899
v 60.2222 19.769 -24.9328
vt 3.08745 15.7514
vn 0.148268 -0.275671 -0.949748
f 155/668/149 153/669/147 156/670/150

vt 2.74742 15.8368
vt 1.73546 12.6637
vt 3.25948 13.2161
f 156/671/150 153/672/147 152/673/146

vt 3.14464 15.7824
vt 3.5995 13.1511
v 58.2041 19.4269 -25.4589
vt 6.17305 15.5238
vn 0.109976 -0.199083 -0.973792
f 156/674/150 152/675/146 157/676/151

vt 6.03894 15.5478
vt 3.49248 13.1461
vt 6.41154 12.0836
f 157/677/151 152/678/146 151/679/145

vt 6.25458 12.2014
v 57.6299 17.9536 -25.8473
vt 6.86985 13.4581
vn 0.0685827 -0.283963 -0.956379
vt 5.82118 15.6585
f 151/680/145 158/681/152 157/682/151

vt 7.49486 9.2783
vt 7.2404 13.2607
vt 6.58017 12.027
f 76/683/70 158/684/152 151/685/145

vt 7.49294 9.28749
vt 10.4706 9.56707
vt 7.23389 13.2696
f 76/686/70 77/687/71 158/688/152

vt 10.4719 9.54225
v 55.0274 17.208 -25.6817
vt 11.067 11.9345
vn 0.0130214 -0.287839 -0.95759
vt 7.24026 13.2492
f 77/689/71 159/690/153 158/691/152

v 52.584 17.4509 -25.7167
vt 14.6589 12.3344
vn 0.0250297 -0.276823 -0.960595
vt 11.0665 11.9311
vt 10.4703 9.53911
f 160/692/154 159/693/153 77/694/71

vt 14.659 12.2292
v 54.9772 18.2972 -25.7339
vt 11.1341 13.6335
vn 0.00451429 -0.247964 -0.968759
vt 11.0671 11.8219
f 160/695/154 161/696/155 159/697/153

v 51.168 18.8362 -25.6917
vt 16.7342 14.3961
vn 0.023508 -0.193256 -0.980867
vt 11.1367 13.5517
vt 14.6588 12.1406
f 162/698/156 161/699/155 160/700/154

vt 16.7311 14.2826
v 55.0556 19.2094 -25.6369
vt 11.0106 14.8871
vn -0.00595142 -0.184262 -0.982859
vt 11.135 13.4286
f 162/701/156 163/702/157 161/703/155

vt 16.7362 13.5585
v 54.8486 19.8521 -25.4006
vt 11.3182 15.1664
vn -1.96077e-05 -0.106632 -0.994299
vt 11.0189 14.1934
f 162/704/156 164/705/158 163/706/157

vt 11.3288 14.811
vt 16.7364 13.1687
v 53.3507 20.0612 -25.2466
vt 13.5304 15.0782
vn 0.0093524 -0.0315109 -0.99946
f 164/707/158 162/708/156 165/709/159

vt 13.4819 15.7371
vt 16.7228 13.8875
v 49.5087 19.8688 -25.4058
vt 19.139 15.4862
vn 0.0343394 -0.0501269 -0.998152
f 165/710/159 162/711/156 166/712/160

v 48.1381 19.9871 -25.4404
vt 21.1194 15.7234
vn 0.043335 -0.044089 -0.998087
vt 19.1056 15.5009
vt 16.7029 13.8821
v 48.203 19.0048 -25.8004
vt 21.0627 14.2316
vn 0.0336845 -0.185665 -0.982036
f 167/713/161 166/714/160 162/715/156 168/716/162 

vt 19.03 14.1505
vt 21.0392 14.411
v 49.4047 20.4811 -24.9347
vt 19.1234 15.058
vn 0.0524912 0.203716 -0.977622
f 166/717/160 167/718/161 169/719/163

vt 19.1431 14.8482
vt 21.0561 14.1931
v 48.1025 20.5721 -24.9706
vt 21.0538 15.0566
vn 0.0534077 0.240402 -0.969203
f 169/720/163 167/721/161 170/722/164

vt 21.1109 14.7804
vt 21.1019 13.9169
v 46.3685 20.4665 -25.1589
vt 23.6723 14.6922
vn 0.0609409 0.133821 -0.98913
f 170/723/164 167/724/161 171/725/165

vt 21.1587 14.2989
v 46.3796 19.9027 -25.5282
vt 23.7484 14.1881
vn 0.0826019 -0.112822 -0.990176
vt 23.7448 15.02
f 167/726/161 172/727/166 171/728/165

vt 21.1475 15.5821
vt 21.0807 14.0907
vt 23.7376 15.4817
f 167/729/161 168/730/162 172/731/166

vt 21.0854 14.0956
v 46.1052 18.9015 -25.8857
vt 24.1743 13.9594
vn 0.0806725 -0.210184 -0.974328
vt 23.7457 15.4802
f 168/732/162 173/733/167 172/734/166

vt 24.1685 14.6359
vt 21.0793 14.765
v 48.7511 17.6614 -25.8506
vt 20.2934 12.5791
vn 0.0324347 -0.266327 -0.963337
f 173/735/167 168/736/162 174/737/168

vt 20.2929 12.5826
vt 21.0784 14.7687
vt 16.7171 14.4386
f 174/738/168 168/739/162 162/740/156

vt 20.2934 12.5743
vt 16.7179 14.431
vt 14.6554 12.1638
f 174/741/168 162/742/156 160/743/154

vt 20.296 12.7213
vt 14.6576 12.3175
v 52.3875 16.5783 -25.5935
vt 14.9508 10.8268
vn 0.0280378 -0.307954 -0.950988
f 174/744/168 160/745/154 175/746/169

vt 14.9496 10.8413
vt 14.6551 12.3317
vt 10.4727 9.5272
f 175/747/169 160/748/154 77/749/71

vt 14.5335 8.77868
vt 14.9504 10.868
vt 10.4717 9.5598
f 78/750/72 175/751/169 77/752/71

vt 20.645 9.85051
vt 14.9501 10.8735
vt 14.5341 8.784
f 79/753/73 175/754/169 78/755/72

vt 20.297 12.7253
vt 14.951 10.8331
vt 20.6453 9.80674
f 174/756/168 175/757/169 79/758/73

vt 20.6427 9.84435
v 45.7447 16.7838 -25.8585
vt 24.7215 11.3302
vn 0.0392546 -0.30505 -0.951527
vt 20.2893 12.7623
f 79/759/73 176/760/170 174/761/168

vt 26.8807 8.76984
vt 24.7259 11.3253
vt 20.6454 9.84382
f 80/762/74 176/763/170 79/764/73

v 42.9946 16.6412 -25.9147
vt 28.7722 11.1222
vn -0.0117825 -0.330234 -0.943826
vt 24.7252 11.3319
vt 26.8806 8.77689
f 177/765/171 176/766/170 80/767/74

v 44.8351 18.0112 -26.1723
vt 26.062 13.4864
vn 0.0418294 -0.283032 -0.958198
vt 24.7255 11.3197
vt 28.7725 11.1097
f 178/768/172 176/769/170 177/770/171

vt 25.9416 13.689
v 45.868 17.9277 -25.9752
vt 24.4122 13.4424
vn 0.06788 -0.261819 -0.962727
vt 24.6208 11.5126
f 178/771/172 179/772/173 176/773/170

vt 25.9191 13.7591
v 45.1671 18.8027 -26.1247
vt 25.398 15.0297
vn 0.0671243 -0.224842 -0.97208
vt 24.3901 13.5107
f 178/774/172 180/775/174 179/776/173

v 43.6551 18.1176 -26.1909
vt 27.7977 13.4206
vn -0.0772385 -0.212907 -0.974015
vt 25.5654 14.5191
vt 26.0631 13.2391
f 181/777/175 180/778/174 178/779/172

v 44.2338 19.1611 -26.1047
vt 26.9363 15.0161
vn -0.0789515 -0.133064 -0.987958
vt 25.5674 14.4385
vt 27.798 13.3366
f 182/780/176 180/781/174 181/782/175

vt 26.8683 15.0385
v 45.9269 19.7869 -25.7464
vt 24.3398 15.9026
vn 0.0971911 -0.115884 -0.988496
vt 25.5096 14.4376
f 182/783/176 183/784/177 180/785/174

vt 26.9148 14.3659
v 44.4396 19.8718 -25.7842
vt 26.5828 15.428
vn -0.0399252 -0.056192 -0.997621
vt 24.3965 15.2594
f 182/786/176 184/787/178 183/788/177

vt 16.9008 4.33233
vt 16.7355 3.23193
vt 16.9772 1.3598
f 184/789/178 182/790/176 181/791/175

v 42.7212 19.3991 -25.8104
vt 29.1486 14.5218
vn -0.024465 -0.201401 -0.979203
vt 26.6259 15.3192
vt 27.7699 12.5745
f 185/792/179 184/793/178 181/794/175

vt 29.141 14.2582
v 43.5471 20.0897 -25.6569
vt 27.9346 15.3562
vn 0.0137501 -0.077411 -0.996904
vt 26.6209 15.0637
f 185/795/179 186/796/180 184/797/178

v 42.7416 20.4098 -25.4666
vt 29.1059 15.4061
vn 0.0347245 -0.0730971 -0.99672
vt 27.9147 14.9724
vt 29.1121 13.8647
f 187/798/181 186/799/180 185/800/179

v 43.2476 20.7605 -25.157
vt 28.219 15.5966
vn 0.0783242 0.166361 -0.982949
vt 27.8327 14.5946
vt 28.9933 15.1046
f 188/801/182 186/802/180 187/803/181

vt 26.5831 13.901
vt 27.884 14.246
vt 28.2851 15.2421
f 184/804/178 186/805/180 188/806/182

v 44.8917 20.5318 -25.2106
vt 25.7928 15.1076
vn 0.084391 0.234473 -0.968453
vt 26.5196 14.1601
vt 28.1947 15.5346
f 189/807/183 184/808/178 188/809/182

vt 23.6445 14.7876
vt 24.3528 13.8074
vt 26.5368 14.0043
vt 25.8145 14.9552
f 171/810/165 183/811/177 184/812/178 189/813/183 

vt 22.8714 17.1491
vt 23.5739 17.0751
vt 22.7651 17.9743
f 172/814/166 183/815/177 171/816/165

vt 22.6745 17.5758
vt 23.2313 16.0971
vt 23.3778 17.5103
f 172/817/166 173/818/167 183/819/177

vt 24.0611 16.6802
vt 23.866 15.2729
vt 25.2697 15.2471
f 183/820/177 173/821/167 180/822/174

vt 25.2626 15.2245
vt 23.8588 15.2497
vt 24.2651 13.6986
f 180/823/174 173/824/167 179/825/173

vt 24.5292 13.0836
vt 24.1611 14.6443
vt 20.2894 12.5809
f 179/826/173 173/827/167 174/828/168

vt 24.7253 11.2701
vt 24.5356 13.2019
vt 20.2948 12.7075
f 176/829/170 179/830/173 174/831/168

vt 23.3507 11.2454
vt 25.5052 11.5543
v 44.9315 20.8745 -24.6652
vt 25.3559 12.1216
vn 0.121715 0.903319 -0.41134
f 171/832/165 189/833/183 190/834/184

vt 23.5833 17.3828
vt 23.8408 16.8557
v 44.1546 20.9502 -24.7634
vt 24.675 17.7735
vn 0.134177 0.703716 -0.697696
f 190/835/184 189/836/183 191/837/185

vt 25.3278 13.9536
vt 27.6875 14.5724
vt 26.2985 14.7255
f 189/838/183 188/839/182 191/840/185

vt 26.5525 11.705
vt 27.9345 11.4982
v 43.142 21.0688 -24.6654
vt 28.011 12.0345
vn 0.164085 0.956883 -0.239688
f 191/841/185 188/842/182 192/843/186

vt 24.3472 20.3081
v 42.0308 21.0397 -25.1026
vt 25.8641 21.3453
vn 0.0969804 0.225126 -0.969491
vt 24.2446 20.8401
f 188/844/182 193/845/187 192/846/186

vt 28.0934 16.5263
vt 28.8778 16.0507
vt 29.8598 17.0329
f 188/847/182 187/848/181 193/849/187

vt 29.0537 15.4386
v 41.7623 20.3958 -25.5206
vt 30.4961 15.4436
vn 0.0180101 -0.129668 -0.991394
v 40.4406 20.977 -25.2137
vt 32.4121 16.3362
vn 0.0165004 0.00921239 -0.999821
vt 30.0681 16.3874
f 187/850/181 194/851/188 195/852/189 193/853/187 

vt 30.4963 16.534
vt 29.0539 16.529
vt 29.119 14.989
f 194/854/188 187/855/181 185/856/179

v 40.0473 20.6432 -25.346
vt 33.082 16.3638
vn -0.00372779 -0.161108 -0.98693
vt 30.5599 16.0585
vt 29.1418 14.5509
f 196/857/190 194/858/188 185/859/179

vt 32.505 16.2415
vt 30.563 15.407
vt 33.0831 15.7287
f 195/860/189 194/861/188 196/862/190

vt 32.4313 14.2925
vt 32.9894 13.758
v 39.762 21.3166 -24.9237
vt 33.4491 14.7271
vn 0.128438 0.651039 -0.748099
f 195/863/189 196/864/190 197/865/191

vt 32.5032 19.4799
vt 32.2092 18.4484
v 38.8974 21.4301 -25.0502
vt 33.7665 19.7903
vn 0.0827602 0.212673 -0.973612
f 197/866/191 196/867/190 198/868/192

v 38.7587 21.0653 -25.1472
vt 34.98 16.7913
vn -0.158046 -0.270281 -0.949721
vt 34.7786 17.3581
vt 33.0835 16.1952
f 199/869/193 198/870/192 196/871/190

vt 34.9317 16.0352
v 38.5094 21.5 -24.9752
vt 35.3137 16.6779
vn -0.620455 0.738628 -0.263561
vt 34.7408 16.6056
f 199/872/193 200/873/194 198/874/192

vt 30.6268 17.6701
vt 30.1839 17.0677
v 38.4973 21.3655 -24.9281
vt 30.6407 17.4251
vn -0.985211 0.147833 -0.0866358
f 200/875/194 199/876/193 201/877/195

vt 32.2768 15.471
vt 31.8238 15.1087
v 38.4002 21.1385 -24.8546
vt 32.4007 15.0549
vn -0.988912 -0.135669 -0.0603922
f 201/878/195 199/879/193 202/880/196

v 39.0078 19.7549 -24.7665
vt 31.7381 16.0283
vn -0.46103 -0.387882 -0.798122
vt 32.6782 18.3162
vt 32.1012 18.3693
f 203/881/197 202/882/196 199/883/193

vt 12.0801 27.3102
vt 11.509 24.9035
v 38.7172 20.3996 -24.6554
vt 11.8925 25.9318
vn -0.970606 -0.238067 0.0353349
f 202/884/196 203/885/197 204/886/198

vt 23.3823 20.3203
vt 22.9062 19.3316
v 38.8308 19.8438 -24.3888
vt 23.3157 19.2543
vn -0.978879 -0.20437 0.00536101
f 204/887/198 203/888/197 205/889/199

vt 23.7339 21.0353
vt 23.3247 21.114
v 39.0434 19.2863 -24.1673
vt 23.544 19.9756
vn -0.973116 -0.227295 0.0371886
f 205/890/199 203/891/197 206/892/200

vt 20.6997 21.1702
v 39.59 18.2807 -24.5515
vt 20.0119 18.6016
vn -0.424845 -0.361789 -0.829829
vt 20.9446 20.0371
f 203/893/197 207/894/201 206/895/200

vt 31.7376 16.2529
v 39.5235 19.2956 -25.0085
vt 30.9231 15.6519
vn -0.189798 -0.33625 -0.922449
vt 30.8613 13.7423
f 203/896/197 208/897/202 207/898/201

vt 31.1179 15.3807
vt 31.9328 15.9812
vt 32.2973 18.3219
f 208/899/202 203/900/197 199/901/193

v 40.4703 19.0266 -25.3454
vt 31.7133 14.3411
vn -0.0900856 -0.2834 -0.954761
vt 33.1364 14.5767
vt 34.3152 17.5182
f 209/902/203 208/903/202 199/904/193

vt 31.7392 14.1736
v 40.212 18.2767 -25.0764
vt 32.1059 12.8009
vn -0.196178 -0.31542 -0.928453
vt 33.1623 14.4095
f 209/905/203 210/906/204 208/907/202

vt 31.0272 13.7559
v 40.8192 17.2286 -25.2523
vt 30.4104 10.7847
vn -0.171576 -0.284055 -0.943332
vt 31.3849 12.3808
f 209/908/203 211/909/205 210/910/204

v 41.7974 17.7772 -25.6297
vt 30.0077 12.0782
vn -0.0908379 -0.25087 -0.963749
vt 31.4404 10.9606
vt 32.0177 13.9397
f 212/911/206 211/912/205 209/913/203

vt 29.5877 11.1047
v 41.462 16.6363 -25.5436
vt 30.0058 9.17211
vn -0.105292 -0.322274 -0.940773
vt 31.0093 9.97301
f 212/914/206 213/915/207 211/916/205

v 42.826 17.0545 -25.9747
vt 28.3926 10.5408
vn -0.0419208 -0.281547 -0.958631
vt 30.3937 9.59277
vt 29.9557 11.5209
f 214/917/208 213/918/207 212/919/206

vt 28.4542 10.8865
vt 30.7164 10.6564
vt 28.7085 11.5899
f 177/920/171 213/921/207 214/922/208

vt 28.5003 11.3338
v 42.6276 15.7293 -25.3702
vt 29.0475 9.53834
vn -0.0594078 -0.332571 -0.941205
vt 30.7625 11.1036
f 177/923/171 215/924/209 213/925/207

vt 26.7246 8.95327
vt 29.1539 9.5069
vt 28.6102 11.3035
f 80/926/74 215/927/209 177/928/171

vt 30.1034 7.33405
vt 29.2264 9.19038
vt 26.797 8.6371
f 81/929/75 215/930/209 80/931/74

vt 30.8675 7.42713
vt 28.9243 8.81348
vt 29.7882 6.951
f 83/932/77 215/933/209 81/934/75

vt 30.6233 6.85124
v 41.1017 15.8895 -24.8742
vt 30.9597 8.21304
vn -0.164843 -0.341499 -0.925314
vt 28.6881 8.24883
f 83/935/77 216/936/210 215/937/209

vt 29.6156 6.59512
vt 31.2547 7.32513
vt 29.9765 7.95059
f 83/938/77 85/939/79 216/940/210

v 39.9124 16.1811 -23.9538
vt 30.3008 3.3926
vn -0.430609 -0.320033 -0.843893
vt 28.3974 3.46604
vt 29.6532 2.79681
f 217/941/211 216/942/210 85/943/79

v 40.2207 16.3128 -24.5436
vt 30.0962 13.7725
vn -0.30674 -0.385261 -0.870336
vt 28.7697 13.25
vt 30.6731 13.1773
f 218/944/212 216/945/210 217/946/211

vt 29.5683 11.2169
vt 30.9042 11.7149
v 40.5623 16.4478 -24.945
vt 30.3451 12.1763
vn -0.210243 -0.34074 -0.916348
f 216/947/210 218/948/212 219/949/213

v 40.1148 17.1604 -24.688
vt 28.7315 10.8933
vn -0.328336 -0.311116 -0.891854
vt 27.968 9.89199
vt 28.534 9.43903
f 220/950/214 219/951/213 218/952/212

vt 29.4295 8.9089
vt 30.1872 9.91461
vt 29.0816 10.3576
f 219/953/213 220/954/214 211/955/205

vt 29.4115 11.2753
vt 30.5179 10.834
vt 30.3945 12.8662
f 211/956/205 220/957/214 210/958/204

vt 30.9366 12.5028
vt 29.9446 12.8039
vt 30.0657 10.7716
f 207/959/201 210/960/204 220/961/214

vt 30.3063 13.9702
vt 31.2982 13.6688
vt 31.3637 15.5782
f 210/962/204 207/963/201 208/964/202

vt 25.374 15.5403
vt 24.5265 13.7976
v 39.5562 17.5239 -23.9031
vt 25.6051 13.9282
vn -0.759134 -0.276737 -0.589179
f 207/965/201 220/966/214 221/967/215

vt 26.0083 10.6493
vt 24.9296 10.5196
v 39.7811 16.5872 -24.0143
vt 25.5313 9.19937
vn -0.502363 -0.32479 -0.801338
f 221/968/215 220/969/214 222/970/216

vt 26.305 11.1835
vt 26.1052 9.72952
vt 26.9083 9.86398
f 220/971/214 218/972/212 222/973/216

vt 25.758 11.7658
vt 26.3694 11.2061
vt 26.561 11.9009
f 218/974/212 217/975/211 222/976/216

vt 21.2768 13.8831
vt 21.1058 13.1829
v 39.6438 16.4325 -23.4638
vt 21.7025 13.3054
vn -0.805661 -0.228284 -0.546623
f 222/977/216 217/978/211 223/979/217

vt 22.0474 8.64997
v 39.6656 15.164 -23.1587
vt 22.5316 6.54198
vn -0.751034 -0.182214 -0.634622
vt 22.6444 8.771
f 217/980/211 224/981/218 223/982/217

vt 24.1459 6.93912
vt 23.6595 9.04661
vt 23.5354 6.84601
f 224/983/218 217/984/211 86/985/80

vt 24.3248 9.01491
vt 23.6396 8.46274
vt 24.2013 6.81428
f 217/986/211 85/987/79 86/988/80

vt 24.4012 5.26028
vt 23.7908 5.16688
vt 24.485 2.97287
f 224/989/218 86/990/80 89/991/83

vt 15.147 4.47957
vt 15.1646 2.19069
v 39.4717 14.7842 -22.5344
vt 15.6114 3.49847
vn -0.990047 0.140624 0.0056092
f 224/992/218 89/993/83 225/994/219

vt 19.3489 2.48084
vt 18.9204 1.16695
vt 19.4479 1.22328
f 225/995/219 89/996/83 92/997/86

vt -13.8719 1.93211
vt -13.9603 0.673754
vt -13.5174 0.514123
f 225/998/219 92/999/86 93/1000/87

v 39.7407 15.609 -22.0606
vt -11.4705 3.33894
vn -0.620306 0.282738 0.731628
vt -12.1979 2.27136
vt -11.8338 0.855827
f 226/1001/220 225/1002/219 93/1003/87

v 39.5962 15.3343 -22.5874
vt -11.3053 2.67683
vn -0.972807 0.147863 0.178278
vt -11.4828 1.74748
vt -10.7585 2.81716
f 227/1004/221 225/1005/219 226/1006/220

vt 6.14209 -0.0474742
vt 6.56404 -1.04755
vt 6.65131 -0.105444
f 224/1007/218 225/1008/219 227/1009/221

v 39.5909 15.9473 -22.9528
vt 7.43752 9.17959
vn -0.998131 0.0211404 0.0573452
vt 7.03948 8.03234
vt 7.54885 7.97567
f 228/1010/222 224/1011/218 227/1012/221

vt 9.67545 9.38129
vt 9.55163 7.15286
vt 9.95095 8.29966
f 223/1013/217 224/1014/218 228/1015/222

v 39.5942 16.751 -23.0212
vt 6.79023 8.78024
vn -0.926618 0.0900466 0.365063
vt 6.34408 8.52245
vt 6.61827 7.44048
f 229/1016/223 223/1017/217 228/1018/222

vt 4.5384 13.6102
vt 4.56359 11.5861
vt 5.00944 11.8444
f 221/1019/215 223/1020/217 229/1021/223

vt 18.3842 13.2302
vt 17.9147 11.7778
vt 18.3485 11.2062
f 221/1022/215 222/1023/216 223/1024/217

v 39.536 17.517 -23.3587
vt 4.6757 13.2087
vn -0.965993 -0.0190483 0.257867
vt 4.24556 13.5367
vt 4.71763 11.7711
f 230/1025/224 221/1026/215 229/1027/223

v 39.3188 18.3911 -23.8386
vt 8.14139 19.1275
vn -0.989347 -0.134422 0.0558797
vt 7.78384 17.7353
vt 8.20927 17.4012
f 231/1028/225 221/1029/215 230/1030/224

vt 20.4982 15.0136
vt 19.7914 15.2511
vt 20.0597 13.6448
f 231/1031/225 207/1032/201 221/1033/215

vt 21.7965 19.4241
vt 20.8544 17.9947
vt 21.5599 17.7532
f 206/1034/200 207/1035/201 231/1036/225

vt -17.8626 20.0107
vt -17.6292 18.3394
v 39.5479 18.7669 -23.1978
vt -16.9185 18.5809
vn -0.478351 0.24197 0.844174
f 206/1037/200 231/1038/225 232/1039/226

vt -16.1916 14.481
v 39.4896 17.9722 -23.2829
vt -15.7793 13.48
vn -0.695164 0.179962 0.69596
vt -15.4794 14.7181
f 231/1040/225 233/1041/227 232/1042/226

vt -7.82404 17.9491
vt -7.60608 16.2353
vt -7.44124 16.9364
f 231/1043/225 230/1044/224 233/1045/227

vt -6.06169 16.6776
vt -6.2311 15.9776
v 39.7347 17.1224 -22.5242
vt -5.62203 14.8424
vn -0.626438 0.21583 0.748995
f 233/1046/227 230/1047/224 234/1048/228

vt -12.7805 12.3454
vt -12.697 10.9096
vt -12.1491 11.2225
f 230/1049/224 229/1050/223 234/1051/228

vt -14.6442 15.2155
vt -15.1893 14.8977
v 39.8611 16.7731 -22.3055
vt -14.485 14.5126
vn -0.483962 0.276286 0.830329
f 234/1052/228 229/1053/223 235/1054/229

vt -17.8274 8.37946
vt -18.535 8.75833
vt -18.0436 6.3535
f 235/1055/229 229/1056/223 226/1057/220

vt -8.79439 10.7547
vt -8.96294 9.41453
vt -8.30518 8.34943
f 229/1058/223 228/1059/222 226/1060/220

vt -12.2878 7.35851
vt -12.1767 6.15455
vt -11.6296 6.29364
f 228/1061/222 227/1062/221 226/1063/220

vt -21.1406 8.79589
vt -21.3626 6.77056
v 40.1656 16.6711 -21.6364
vt -20.4555 8.24367
vn -0.349536 0.362333 0.864025
f 235/1064/229 226/1065/220 236/1066/230

vt -23.6277 10.1064
vt -24.5303 8.63058
v 40.298 15.9515 -21.3138
vt -23.4407 8.75336
vn -0.310028 0.284874 0.907045
f 236/1067/230 226/1068/220 237/1069/231

v 40.0509 14.6046 -21.2744
vt -23.8332 5.52483
vn -0.301176 0.303278 0.904055
vt -23.3229 7.72721
vt -24.4126 7.60466
f 238/1070/232 237/1071/231 226/1072/220

vt -30.7772 6.35668
v 41.0913 15.0691 -20.7863
vt -29.1461 6.83149
vn -0.178236 0.260295 0.948935
vt -30.3201 8.57072
f 238/1073/232 239/1074/233 237/1075/231

v 39.7445 13.3099 -21.205
vt -31.2081 3.91365
vn -0.222503 0.298696 0.928048
vt -29.0471 6.5287
vt -30.6785 6.05507
f 240/1076/234 239/1077/233 238/1078/232

vt -32.3499 4.38483
v 42.0069 13.6763 -20.4716
vt -28.9304 4.56344
vn -0.113311 0.218988 0.969126
vt -30.2233 7.02792
f 240/1079/234 241/1080/235 239/1081/233

vt -32.3324 4.08225
v 40.0753 12.3876 -21.0147
vt -31.8775 2.4687
vn -0.0812029 0.221582 0.971755
vt -28.9129 4.25988
f 240/1082/234 242/1083/236 241/1084/235

v 38.8416 12.1221 -21.4693
vt -33.5169 2.47119
vn -0.538329 0.385012 0.749645
vt -31.637 2.64326
vt -32.0864 4.25837
f 243/1085/237 242/1086/236 240/1087/234

vt -33.5178 -0.372871
vt -31.476 0.914322
vt -33.356 0.743617
f 108/1088/102 242/1089/236 243/1090/237

vt -32.9018 2.16228
vt -34.9075 0.819661
v 39.4725 11.7624 -21.1625
vt -33.8017 1.19369
vn 0.0192674 0.0975073 0.995048
f 242/1091/236 108/1092/102 244/1093/238

vt -34.9324 -1.15906
vt -34.0053 -1.04457
vt -33.8507 -0.720111
f 108/1094/102 109/1095/103 244/1096/238

vt -33.8943 -1.87714
v 40.687 12.0814 -21.1497
vt -31.996 -0.912943
vn 0.0445311 -0.099332 0.994057
vt -33.7473 -1.54914
f 109/1097/103 245/1098/239 244/1099/238

vt -25.6875 -19.9408
vt -24.7181 -18.9605
vt -24.4661 -18.1969
f 109/1100/103 110/1101/104 245/1102/239

vt -32.2708 -4.14398
vt -30.9102 -3.69799
vt -31.7022 -3.57554
f 110/1103/104 111/1104/105 245/1105/239

vt -32.1148 -0.430696
vt -31.3437 -0.648956
v 41.932 12.0018 -21.3513
vt -30.2814 -0.449671
vn 0.108382 -0.671565 0.732976
f 245/1106/239 111/1107/105 246/1108/240

vt 30.0991 -7.69807
vt 28.3857 -6.92881
vt 29.0312 -7.53146
f 111/1109/105 112/1110/106 246/1111/240

vt 23.8948 -16.0926
v 42.496 12.0638 -21.4624
vt 23.6577 -16.3347
vn 0.191718 -0.911214 0.364601
vt 24.3123 -16.8708
f 112/1112/106 247/1113/241 246/1114/240

vt 24.8831 -14.7576
vt 25.1028 -14.4995
vt 24.0658 -14.3151
f 247/1115/241 112/1116/106 113/1117/107

vt -28.4132 -6.80388
vt -27.5502 -6.45872
v 42.8778 12.3326 -21.0871
vt -27.992 -6.221
vn 0.0542512 -0.381346 0.922839
f 247/1118/241 113/1119/107 248/1120/242

vt -28.9161 0.556383
vt -28.5461 0.217593
v 43.7366 12.3646 -21.0506
vt -27.6577 0.68663
vn -0.0113156 -0.333973 0.942515
f 248/1121/242 113/1122/107 249/1123/243

vt -28.4016 -2.51597
vt -27.0229 -2.25698
vt -27.561 -1.96583
f 113/1124/107 114/1125/108 249/1126/243

vt -27.612 -1.29024
vt -27.0814 -1.59482
vt -25.6054 -0.901815
f 249/1127/243 114/1128/108 115/1129/109

vt -27.5794 2.5115
vt -25.54 2.64618
v 45.2714 12.7775 -20.5754
vt -25.3091 3.15613
vn -0.0134746 -0.048634 0.998726
f 249/1130/243 115/1131/109 250/1132/244

vt -25.2351 3.65333
vt -25.476 3.14805
vt -24.1501 3.35964
f 250/1133/244 115/1134/109 116/1135/110

vt -25.4207 2.07598
vt -24.32 1.84788
v 45.8775 13.0521 -20.4163
vt -24.5386 2.51716
vn -0.00218454 0.0793325 0.996846
f 250/1136/244 116/1137/110 251/1138/245

vt -24.3609 3.6713
vt -24.1738 2.99253
vt -20.6412 3.22447
f 251/1139/245 116/1140/110 117/1141/111

vt -24.3928 3.43434
vt -20.6705 3.00973
v 48.4977 13.2292 -20.2861
vt -20.535 3.70072
vn -0.0212597 0.0868534 0.995994
f 251/1142/245 117/1143/111 252/1144/246

vt -20.6738 2.99647
v 50.9873 12.8351 -20.5422
vt -16.888 3.11361
vn -0.036566 -0.0355439 0.998699
vt -20.5387 3.68754
f 117/1145/111 253/1146/247 252/1147/246

vt -20.7107 3.01344
vt -17.2057 2.66439
vt -16.9262 3.16732
f 117/1148/111 118/1149/112 253/1150/247

vt -16.7503 4.36232
v 51.9842 12.4029 -20.8632
vt -15.0239 4.08234
vn -0.133921 -0.312019 0.94059
vt -16.4206 4.83375
f 118/1151/112 254/1152/248 253/1153/247

vt -13.89 10.4698
vt -12.8057 9.44739
vt -12.3633 9.6166
f 118/1154/112 119/1155/113 254/1156/248

vt -13.8672 7.8454
vt -12.9488 7.51519
vt -13.4486 8.067
f 119/1157/113 120/1158/114 254/1159/248

vt -14.9168 0.523581
v 53.278 12.4832 -20.8439
vt -13.74 1.09231
vn -0.02344 -0.415948 0.909086
vt -15.6201 0.767879
f 120/1160/114 255/1161/249 254/1162/248

vt -11.4942 -9.10698
vt -10.6712 -8.34353
vt -10.9251 -7.9303
f 120/1163/114 121/1164/115 255/1165/249

vt -10.1451 9.42786
v 54.0686 12.2293 -21.1538
vt -9.00774 8.80277
vn -0.0829383 -0.934899 0.345086
vt -9.77791 9.7447
f 121/1166/115 256/1167/250 255/1168/249

vt 13.7833 1.22349
vt 11.7633 1.22255
vt 12.5561 0.801314
f 121/1169/115 122/1170/116 256/1171/250

vt 12.5484 -0.14633
vt 11.7876 0.330227
vt 11.0926 0.0237674
f 256/1172/250 122/1173/116 123/1174/117

vt 12.4656 -1.27674
vt 11.0268 -0.997513
v 55.0155 12.2563 -21.0081
vt 11.0762 -1.4687
vn -0.0139963 -0.773337 0.63384
f 256/1175/250 123/1176/117 257/1177/251

vt 10.6813 -3.10891
vt 10.703 -2.63564
v 55.9696 12.2842 -20.9577
vt 9.27973 -3.00534
vn 0.00460026 -0.75722 0.653143
f 257/1178/251 123/1179/117 258/1180/252

vt 10.8277 -2.19655
vt 8.39444 -2.16673
vt 9.42279 -2.6307
f 123/1181/117 124/1182/118 258/1183/252

vt 7.93487 -5.68835
vt 7.11675 -4.91152
v 57.1277 12.3632 -20.8204
vt 6.3103 -5.14427
vn -0.0842461 -0.565634 0.820342
f 258/1184/252 124/1185/118 259/1186/253

vt -4.58596 7.54422
vt -2.65121 5.9671
vt -3.75292 7.44137
f 124/1187/118 125/1188/119 259/1189/253

vt -7.21399 4.10632
vt -5.4963 3.44544
v 58.1033 12.4436 -20.5391
vt -5.751 4.04701
vn -0.0899143 -0.14844 0.984825
f 259/1190/253 125/1191/119 260/1192/254

vt -4.2538 4.77758
vt -2.85186 3.95904
vt -4.34338 5.42469
f 125/1193/119 126/1194/120 260/1195/254

vt -5.77992 3.79194
vt -3.96533 2.75271
v 59.2446 12.3683 -20.395
vt -4.11253 3.48065
vn -0.0815053 -0.0137834 0.996578
f 260/1196/254 126/1197/120 261/1198/255

vt -3.79535 2.92082
vt -2.58431 2.80495
vt -3.91274 3.65415
f 126/1199/120 127/1200/121 261/1201/255

vt -4.69656 2.39846
vt -3.25357 1.76312
v 59.9066 12.5789 -20.2508
vt -3.71478 2.70193
vn -0.0312671 0.128786 0.991179
f 261/1202/255 127/1203/121 262/1204/256

vt -3.02405 1.97378
v 61.2571 12.0474 -20.4228
vt -1.50483 2.03257
vn -0.0152327 0.139741 0.990071
vt -3.4417 2.93275
f 127/1205/121 263/1206/257 262/1207/256

vt -3.0253 1.99269
v 61.3878 11.6734 -20.6587
vt -1.35436 1.49041
vn -0.151129 -0.598727 0.786566
vt -1.50609 2.05186
f 127/1208/121 264/1209/258 263/1210/257

vt 0.0792691 4.10272
vt 0.487057 3.17941
vt 0.981334 2.60919
f 127/1211/121 128/1212/122 264/1213/258

vt 3.06861 -0.928482
vt 2.13377 -1.28347
vt 2.43312 -1.33544
f 128/1214/122 129/1215/123 264/1216/258

vt 2.20886 -1.74142
vt 1.91869 -1.6514
vt 1.3812 -1.983
f 264/1217/258 129/1218/123 131/1219/125

vt -1.70511 1.95369
vt -1.53144 1.39864
vt -0.671692 1.33368
f 263/1220/257 264/1221/258 131/1222/125

vt -0.365585 1.53071
vt -1.8994 1.66468
vt -0.844227 1.08246
f 132/1223/126 263/1224/257 131/1225/125

vt -0.427744 0.895952
v 61.1871 13.2758 -20.4093
vt -2.08098 3.02772
vn 0.0901032 0.292333 0.952062
vt -1.96256 1.01795
f 132/1226/126 265/1227/259 263/1228/257

vt -2.68884 2.54298
vt -0.993565 0.44449
v 61.8419 13.2565 -20.7727
vt -1.69209 2.72545
vn 0.351574 0.357686 0.865134
f 265/1229/259 132/1230/126 266/1231/260

vt -1.85057 0.232754
v 62.3463 12.3548 -20.9508
vt -1.67024 1.16885
vn 0.893032 0.308446 0.327649
vt -2.48421 2.53258
f 132/1232/126 267/1233/261 266/1234/260

v 62.4561 12.0044 -20.8249
vt -1.37453 0.468915
vn 0.951644 -0.00842461 -0.307088
vt -1.50744 1.11511
vt -1.67556 0.176738
f 268/1235/262 267/1236/261 132/1237/126

vt -1.60272 1.03442
vt -1.05522 1.80038
vt -1.48663 1.68384
f 268/1238/262 135/1239/129 267/1240/261

vt -1.15963 0.575836
vt -0.868504 1.69619
vt -1.42669 0.937986
f 134/1241/128 135/1242/129 268/1243/262

vt -1.74179 0.193415
vt -1.46739 0.340711
vt -1.73689 0.701049
f 133/1244/127 134/1245/128 268/1246/262

vt -1.62583 0.228078
vt -1.60979 0.735483
vt -1.9138 0.4464
f 133/1247/127 268/1248/262 132/1249/126

vt -1.48095 1.66693
vt -1.04949 1.78323
v 62.1446 13.0495 -21.197
vt -1.26867 2.94992
vn 0.943905 0.0712661 -0.322435
f 267/1250/261 135/1251/129 269/1252/263

vt -1.15425 1.75597
vt -0.793038 3.23494
vt -1.38427 2.92058
f 135/1253/129 136/1254/130 269/1255/263

vt -0.808445 3.25528
v 61.9237 13.8912 -21.4716
vt -1.19718 4.48147
vn 0.976249 0.177045 0.124875
vt -1.39928 2.94019
f 136/1256/130 270/1257/264 269/1258/263

vt -1.519 3.00998
v 61.8626 13.764 -21.7963
vt -1.64651 4.20197
vn 0.685592 -0.188355 -0.703196
vt -1.95715 4.21939
f 136/1259/130 271/1260/265 270/1261/264

vt -0.68824 4.31267
vt -0.594561 3.11754
v 61.5609 14.5439 -22.38
vt -0.188612 5.91655
vn 0.47629 -0.233739 -0.847652
f 271/1262/265 136/1263/130 272/1264/266

vt -0.14241 3.06011
vt 1.2521 5.60015
vt 0.301096 5.85342
f 136/1265/130 137/1266/131 272/1267/266

vt 0.309012 5.87904
vt 1.25997 5.62559
v 61.2888 15.1291 -22.7802
vt 0.738095 7.05853
vn 0.500861 -0.25799 -0.826184
f 272/1268/266 137/1269/131 273/1270/267

vt 1.20368 5.6095
vt 1.54826 6.54908
vt 0.679862 7.04172
f 137/1271/131 138/1272/132 273/1273/267

vt 0.513649 6.7384
vt 1.38163 6.24503
vt 1.45113 8.14599
f 273/1274/267 138/1275/132 140/1276/134

vt 0.112043 7.01967
vt 1.05376 8.42443
vt 0.118825 9.45501
f 273/1277/267 140/1278/134 146/1279/140

vt 1.20863 8.52793
vt 0.87859 9.55037
vt 0.277975 9.56238
f 140/1280/134 145/1281/139 146/1282/140

vt 1.70903 8.56636
vt 2.51463 9.59329
vt 1.40798 9.59772
f 140/1283/134 142/1284/136 145/1285/139

vt -0.745891 7.01256
vt -0.771283 9.44778
v 61.4295 16.0843 -22.3812
vt -1.37461 8.32695
vn 0.994337 0.0557813 -0.0904596
f 273/1286/267 146/1287/140 274/1288/268

vt -1.36046 8.32052
vt -0.756896 9.44123
v 61.3621 16.6934 -22.764
vt -1.19721 9.52814
vn 0.936818 -0.147011 -0.317426
f 274/1289/268 146/1290/140 275/1291/269

vt -1.23128 9.35364
vt -0.79097 9.26672
v 61.2276 17.0722 -23.6338
vt -0.609809 10.4714
vn 0.652685 -0.280313 -0.703865
f 275/1292/269 146/1293/140 276/1294/270

vt 0.391461 9.06121
vt 1.18556 10.5242
vt 0.531646 10.2714
f 146/1295/140 147/1296/141 276/1297/270

vt 0.419591 10.6143
vt 1.074 10.8658
vt 0.259856 12.0417
f 276/1298/270 147/1299/141 154/1300/148

v 61.4253 17.6572 -22.9711
vt -1.44052 11.0521
vn 0.968848 -0.150639 -0.196573
vt -0.680067 10.4898
vt -0.835436 11.9177
f 277/1301/271 276/1302/270 154/1303/148

vt -1.28995 9.39135
vt -0.667612 10.5087
vt -1.42815 11.0709
f 275/1304/269 276/1305/270 277/1306/271

vt -1.43983 9.38021
vt -1.57505 11.06
v 61.4272 17.0794 -22.5985
vt -1.70192 9.90883
vn 0.947951 0.049615 0.314528
f 275/1307/269 277/1308/271 278/1309/272

vt -2.79883 9.99302
vt -2.68292 11.1453
v 61.1809 17.7522 -21.9985
vt -3.54809 10.7326
vn 0.609268 0.237126 0.756679
f 278/1310/272 277/1311/271 279/1312/273

vt -2.6062 10.8066
v 61.4295 18.3125 -22.6335
vt -3.03399 11.6844
vn 0.633642 0.205562 0.745816
vt -3.46843 10.3878
f 277/1313/271 280/1314/274 279/1315/273

vt -2.46364 10.9366
v 61.5148 18.0497 -23.3351
vt -2.2685 11.7882
vn 0.886712 -0.275026 -0.371621
vt -2.90913 11.8056
f 277/1316/271 281/1317/275 280/1318/274

vt -0.647455 10.1672
vt -0.0808954 11.0585
vt -0.595068 11.0393
f 277/1319/271 154/1320/148 281/1321/275

vt -0.609213 11.7178
vt -0.0950227 11.7365
v 61.7312 19.6788 -23.9787
vt -0.776328 14.7385
vn 0.57828 -0.345397 -0.739116
f 281/1322/275 154/1323/148 282/1324/276

vt 0.719013 11.979
vt 1.17479 13.7858
vt -0.0112619 14.9695
f 154/1325/148 155/1326/149 282/1327/276

vt 0.0484978 15.0274
vt 1.2344 13.8435
v 61.3325 19.999 -24.4817
vt 0.721525 15.8356
vn 0.191273 -0.300908 -0.934275
f 282/1328/276 155/1329/149 283/1330/277

vt 1.27643 15.9125
vt 1.76438 13.9142
vt 2.97701 15.7976
f 283/1331/277 155/1332/149 156/1333/150

vt 2.99408 15.7726
v 60.0093 20.5173 -24.9698
vt 3.25127 17.0287
vn 0.0777786 -0.176357 -0.981249
vt 1.29363 15.8895
f 156/1334/150 284/1335/278 283/1336/277

vt 3.15285 15.7433
vt 6.18107 15.4825
vt 3.43001 16.9951
f 156/1337/150 157/1338/151 284/1339/278

vt 6.34539 14.654
v 58.7073 20.3838 -25.0849
vt 5.56952 16.0929
vn 0.0282263 -0.104891 -0.994083
vt 3.6477 16.2599
f 157/1340/151 285/1341/279 284/1342/278

vt 6.33273 14.7136
v 57.4694 20.2229 -25.2275
vt 7.38089 15.9521
vn 0.0390551 -0.0343463 -0.998647
vt 5.55017 16.1489
f 157/1343/151 286/1344/280 285/1345/279

vt 6.18613 14.5911
v 56.8263 19.6206 -25.6554
vt 8.20826 15.0613
vn 0.0377687 -0.119165 -0.992156
vt 7.18007 15.8735
f 157/1346/151 287/1347/281 286/1348/280

v 57.2007 18.6306 -25.8849
vt 7.78298 13.9277
vn 0.0391783 -0.228467 -0.972763
vt 8.259 15.4859
vt 6.23183 15.0379
f 288/1349/282 287/1350/281 157/1351/151

vt 7.86873 13.7655
v 56.1532 18.9921 -25.7981
vt 9.40467 14.3211
vn -0.0078794 -0.198356 -0.980098
vt 8.40795 15.3029
f 288/1352/282 289/1353/283 287/1354/281

vt 7.86902 14.0891
vt 11.1341 13.4411
vt 9.41064 14.6287
f 288/1355/282 161/1356/155 289/1357/283

vt 11.0578 11.7567
vt 11.1361 13.5678
vt 7.8701 14.211
f 159/1358/153 161/1359/155 288/1360/282

vt 11.0625 11.8076
vt 7.87062 14.2565
vt 7.23904 13.1319
f 159/1361/153 288/1362/282 158/1363/152

vt 7.09564 13.2139
vt 7.67971 14.3638
vt 6.10572 15.4413
f 158/1364/152 288/1365/282 157/1366/151

vt 11.1179 13.1964
vt 11.0212 14.657
vt 9.4032 14.3966
f 161/1367/155 163/1368/157 289/1369/283

vt 9.40876 13.9277
vt 11.0253 14.1972
v 55.7235 19.672 -25.5525
vt 10.0516 14.9451
vn -0.00929289 -0.100929 -0.99485
f 289/1370/283 163/1371/157 290/1372/284

vt 10.0528 14.805
vt 11.0228 14.0525
vt 11.3429 15.0188
f 290/1373/284 163/1374/157 164/1375/158

vt 10.0461 13.7235
vt 11.3327 13.9573
v 54.7726 20.3356 -25.1008
vt 11.4475 14.6695
vn -0.00538993 0.0070901 -0.99996
f 290/1376/284 164/1377/158 291/1378/285

vt 11.3177 14.0749
vt 13.517 14.3596
vt 11.4234 14.7885
f 164/1379/158 165/1380/159 291/1381/285

vt 11.4727 12.189
vt 13.5477 11.6776
v 54.5719 20.646 -24.7883
vt 11.7825 12.6365
vn -0.0193373 0.246071 -0.969059
f 291/1382/285 165/1383/159 292/1384/286

vt 11.7046 14.2239
vt 13.512 13.347
v 52.4087 20.2656 -25.075
vt 14.8926 13.6375
vn 0.0149215 0.0834952 -0.996396
f 292/1385/286 165/1386/159 293/1387/287

vt 13.5052 13.1738
vt 19.1595 12.8669
vt 14.8845 13.4701
f 165/1388/159 166/1389/160 293/1390/287

vt 14.874 13.959
vt 19.1519 13.3771
vt 19.2849 14.2796
f 293/1391/287 166/1392/160 169/1393/163

v 52.4202 20.6421 -24.6677
vt 14.7969 12.6913
vn 0.000563444 0.417069 -0.908875
vt 14.8395 12.1226
vt 19.2449 12.511
f 294/1394/288 293/1395/287 169/1396/163

vt 11.7682 11.7965
vt 14.9329 11.0953
vt 14.9286 11.6657
f 292/1397/286 293/1398/287 294/1399/288

vt 11.7981 5.99778
vt 14.9506 5.74014
v 53.5232 20.9197 -24.243
vt 13.3688 6.36408
vn -0.0494985 0.931856 -0.359436
f 292/1400/286 294/1401/288 295/1402/289

vt 13.3886 4.89817
vt 14.9324 4.18518
v 52.4467 20.8374 -24.3051
vt 14.9397 4.5481
vn -0.0295476 0.959187 -0.281226
f 295/1403/289 294/1404/288 296/1405/290

vt 14.8058 6.95796
v 49.282 20.7646 -24.4966
vt 19.4094 7.24836
vn 0.0538224 0.750828 -0.658302
vt 14.7474 7.31623
f 294/1406/288 297/1407/291 296/1408/290

vt 14.8465 8.83952
vt 19.2896 8.5638
vt 19.455 9.03874
f 294/1409/288 169/1410/163 297/1411/291

vt 18.6123 12.4114
vt 18.5407 11.9136
v 48.3841 20.8579 -24.4855
vt 19.8941 12.7557
vn 0.071136 0.883809 -0.462407
f 297/1412/291 169/1413/163 298/1414/292

vt 20.0917 12.4561
vt 18.7137 11.655
vt 20.5981 12.033
f 298/1415/292 169/1416/163 170/1417/164

vt 20.5347 10.1194
vt 21.0028 9.65425
v 46.3902 20.788 -24.7258
vt 23.481 10.1653
vn 0.036347 0.655556 -0.754271
f 298/1418/292 170/1419/164 299/1420/293

vt 21.1606 10.6516
vt 23.7202 10.5209
vt 23.6623 11.0314
f 170/1421/164 171/1422/165 299/1423/293

vt 23.6279 11.3162
vt 23.6917 10.8064
vt 25.7659 11.5035
f 299/1424/293 171/1425/165 190/1426/184

vt -23.4944 7.55089
vt -25.598 7.97634
v 45.3888 20.8915 -24.4959
vt -24.9697 7.67929
vn -0.00519513 0.995549 0.0941038
f 299/1427/293 190/1428/184 300/1429/294

vt -25.2101 5.75753
vt -25.8852 5.92259
v 45.1656 20.9948 -23.6758
vt -25.5251 5.01388
vn 0.0096018 0.809894 0.586497
f 300/1430/294 190/1431/184 301/1432/295

vt -22.7926 17.3723
vt -22.6578 18.3405
v 44.2861 21.0682 -24.2861
vt -23.6374 18.5713
vn 0.0777732 0.904697 0.418897
f 301/1433/295 190/1434/184 302/1435/296

vt -18.7177 20.955
vt -19.4452 21.8578
vt -19.6112 21.4181
f 190/1436/184 191/1437/185 302/1438/296

vt -23.7477 15.9503
vt -25.0623 16.6631
vt -23.7932 15.4825
f 191/1439/185 192/1440/186 302/1441/296

vt -26.8734 7.78185
vt -28.524 8.31069
v 43.215 21.1377 -24.1067
vt -28.4512 7.79102
vn 0.0280134 0.744148 0.667427
f 302/1442/296 192/1443/186 303/1444/297

vt -27.0909 15.0473
vt -27.0275 15.5682
v 41.7951 21.3012 -24.4309
vt -28.946 16.1408
vn 0.0292926 0.758312 0.651234
f 303/1445/297 192/1446/186 304/1447/298

vt -27.7692 15.3994
v 42.0608 21.2465 -24.7708
vt -29.2801 16.0074
vn 0.156756 0.949629 -0.271353
vt -29.7282 15.8129
f 192/1448/186 305/1449/299 304/1450/298

vt 24.9642 20.4545
vt 26.6048 20.8865
vt 26.4174 21.1899
f 192/1451/186 193/1452/187 305/1453/299

vt 29.5057 13.1383
v 40.7531 21.291 -24.8565
vt 31.3089 13.758
vn 0.048847 0.925631 -0.37526
vt 29.3999 13.4788
f 193/1454/187 306/1455/300 305/1456/299

vt 30.0939 13.0514
vt 32.4374 12.9833
vt 31.9574 13.4548
f 193/1457/187 195/1458/189 306/1459/300

vt 31.724 15.5498
vt 32.2268 15.1026
vt 33.1814 15.6626
f 306/1460/300 195/1461/189 197/1462/191

vt -32.0483 10.6728
vt -33.505 10.7952
v 40.4139 21.2854 -24.3551
vt -32.5461 10.1877
vn -0.00322167 0.692044 0.721848
f 306/1463/300 197/1464/191 307/1465/301

vt -30.5204 20.0358
v 38.7519 21.5004 -24.8937
vt -31.8729 20.7083
vn 0.0256378 0.769996 0.637534
vt -29.8581 19.114
f 197/1466/191 308/1467/302 307/1468/301

vt -19.642 30.5041
vt -20.2776 31.6392
vt -20.5123 31.7386
f 197/1469/191 198/1470/192 308/1471/302

vt -8.17364 35.8161
vt -8.35867 36.3631
vt -8.35471 35.9956
f 198/1472/192 200/1473/194 308/1474/302

v 38.7402 21.278 -24.5551
vt -34.3846 14.427
vn -0.235175 0.376817 0.895936
vt -34.4029 15.0199
vt -34.7673 15.0684
f 309/1475/303 308/1476/302 200/1477/194

vt -34.7274 15.1528
v 40.0074 21.1042 -24.0627
vt -32.8318 14.554
vn -0.0704304 0.474963 0.877183
vt -34.733 15.7459
f 309/1478/303 310/1479/304 308/1480/302

vt -34.3668 16.6053
v 40.3977 19.8646 -23.0123
vt -31.8064 13.3946
vn -0.148092 0.386489 0.910327
vt -32.4617 16.0372
f 309/1481/303 311/1482/305 310/1483/304

vt -30.5413 14.1563
vt -33.1432 17.3334
v 39.4764 19.8393 -23.4947
vt -31.9644 14.3919
vn -0.246899 0.323193 0.913557
f 311/1484/305 309/1485/303 312/1486/306

vt -29.078 15.544
vt -30.2574 18.4853
v 38.9841 20.0297 -24.0015
vt -29.8929 16.1445
vn -0.547196 0.189355 0.815304
f 312/1487/306 309/1488/303 313/1489/307

vt -27.2249 16.727
vt -27.5735 19.0702
v 38.5809 20.7601 -24.6509
vt -27.8985 18.2862
vn -0.656588 0.100315 0.747548
f 313/1490/307 309/1491/303 314/1492/308

vt -30.2326 18.8788
vt -29.9153 19.6659
vt -30.4955 19.6126
f 314/1493/308 309/1494/303 202/1495/196

vt -29.9185 15.0265
vt -30.0456 14.6114
vt -29.4655 14.6651
f 201/1496/195 202/1497/196 309/1498/303

vt -28.0019 17.6015
vt -28.0166 17.3565
vt -27.5602 16.9992
f 200/1499/194 201/1500/195 309/1501/303

vt -2.05553 28.6935
vt -2.05807 27.3024
vt -1.97332 27.9184
f 202/1502/196 204/1503/198 314/1504/308

vt -2.65023 27.9697
vt -2.73095 27.3531
vt -2.26901 26.3145
f 314/1505/308 204/1506/198 313/1507/307

vt -18.4055 19.4847
vt -18.2648 18.4259
vt -17.8331 18.5027
f 204/1508/198 205/1509/199 313/1510/307

vt -18.9613 21.7755
vt -18.7633 20.7173
vt -18.5299 21.854
f 205/1511/199 206/1512/200 313/1513/307

vt -16.6936 21.7735
vt -16.9428 20.6402
vt -16.008 19.2043
f 313/1514/307 206/1515/200 232/1516/226

vt -29.6376 16.4961
vt -28.7613 13.9855
vt -28.8232 15.895
f 313/1517/307 232/1518/226 312/1519/306

v 40.1398 19.1098 -22.7568
vt -28.3458 14.2127
vn -0.253187 0.342957 0.904586
vt -29.4031 15.8206
vt -29.3376 13.9112
f 315/1520/309 312/1521/306 232/1522/226

vt -30.5843 13.8857
vt -32.0074 14.1216
vt -30.951 12.513
f 311/1523/305 312/1524/306 315/1525/309

vt -29.4839 13.3751
vt -29.8416 12
v 40.7156 18.4249 -21.9217
vt -28.8671 10.4038
vn -0.228826 0.377106 0.897457
f 311/1526/305 315/1527/309 316/1528/310

vt -27.4808 11.1407
vt -28.4637 12.7316
v 40.0422 17.9996 -22.3516
vt -28.5872 10.6995
vn -0.377795 0.319812 0.868902
f 316/1529/310 315/1530/309 317/1531/311

vt -28.8598 12.3617
vt -27.9889 10.6306
vt -27.8678 12.6629
f 232/1532/226 317/1533/311 315/1534/309

vt -22.35 15.8179
vt -22.623 14.5736
vt -21.5008 14.076
f 232/1535/226 233/1536/227 317/1537/311

vt -24.01 11.4507
vt -23.4894 9.63687
vt -22.8863 10.9564
f 233/1538/227 234/1539/228 317/1540/311

vt -23.3535 11.1739
vt -23.9567 9.85446
v 40.139 17.2558 -21.9181
vt -23.1536 9.72
vn -0.361741 0.249931 0.898152
f 317/1541/311 234/1542/228 318/1543/312

vt -22.7446 12.1209
vt -23.5476 12.2561
vt -23.3561 11.5613
f 318/1544/312 234/1545/228 235/1546/229

vt -28.0899 15.2573
vt -28.6668 14.6621
v 40.9919 17.1568 -21.346
vt -26.7633 14.7348
vn -0.222248 0.321457 0.920473
f 318/1547/312 235/1548/229 319/1549/313

vt -28.1776 1.83483
vt -27.53 1.23905
vt -26.2742 1.90827
f 235/1550/229 236/1551/230 319/1552/313

v 41.1719 16.5363 -20.7579
vt -28.0669 6.0266
vn -0.200324 0.335616 0.920452
vt -28.4279 7.38207
vt -29.706 6.75661
f 320/1553/314 319/1554/313 236/1555/230

vt -29.6335 6.11934
v 42.4848 17.3786 -20.7782
vt -27.6983 7.51692
vn -0.117911 0.340586 0.932791
vt -29.9698 7.48114
f 320/1556/314 321/1557/315 319/1558/313

vt -30.0806 6.96791
v 41.8808 16.374 -20.3887
vt -29.0012 6.49178
vn -0.121437 0.315312 0.941186
vt -28.1373 8.35426
f 320/1559/314 322/1560/316 321/1561/315

vt -29.0507 7.51392
vt -27.7191 9.42116
vt -28.7968 9.90112
f 239/1562/233 322/1563/316 320/1564/314

vt -29.8791 7.61686
v 43.144 15.6567 -19.9698
vt -26.7281 8.11253
vn -0.0791727 0.276005 0.95789
vt -28.5733 9.54185
f 239/1565/233 323/1566/317 322/1567/316

vt -28.5607 4.93569
vt -26.6853 7.90211
vt -29.8366 7.40897
f 241/1568/235 323/1569/317 239/1570/233

vt -27.0906 7.9018
vt -28.9423 4.9205
v 43.7187 14.2841 -19.8896
vt -26.3302 5.58728
vn -0.0575386 0.197494 0.978614
f 323/1571/317 241/1572/235 324/1573/318

vt -26.719 6.39252
vt -29.3216 5.69006
v 43.2632 13.1998 -20.3774
vt -27.5031 4.80687
vn -0.0711664 0.113101 0.991032
f 324/1574/318 241/1575/235 325/1576/319

vt -29.5676 4.95398
v 41.7458 12.7544 -20.7389
vt -30.0147 3.55031
vn -0.0504471 0.112639 0.992355
vt -27.7386 4.09287
f 241/1577/235 326/1578/320 325/1579/319

vt -29.7897 4.65156
vt -32.7034 2.77865
vt -30.2201 3.24265
f 241/1580/235 242/1581/236 326/1582/320

vt -30.3771 3.3457
vt -32.8532 2.84474
vt -31.9667 2.37352
f 326/1583/320 242/1584/236 245/1585/239

vt -32.1204 1.09678
vt -33.0224 1.53754
vt -33.9017 0.550088
f 245/1586/239 242/1587/236 244/1588/238

vt -31.999 2.24038
v 42.719 12.7075 -20.7331
vt -28.9842 3.13458
vn -0.0221628 -0.0315203 0.999257
vt -30.4146 3.22081
f 245/1589/239 327/1590/321 326/1591/320

vt -32.1092 -0.0375414
vt -30.2757 -0.0466646
vt -29.1685 1.07626
f 245/1592/239 246/1593/240 327/1594/321

vt -30.2865 1.11371
vt -28.9008 1.64402
vt -29.1383 2.1946
f 246/1595/240 248/1596/242 327/1597/321

vt -22.8711 -17.2919
vt -22.7031 -16.5927
vt -23.5268 -17.8268
f 247/1598/241 248/1599/242 246/1600/240

vt -29.0429 3.14551
vt -28.8234 2.58749
vt -27.5591 2.63524
f 327/1601/321 248/1602/242 249/1603/243

vt -27.5555 2.66705
v 44.2165 13.1657 -20.2835
vt -26.8185 3.85916
vn -0.0375953 0.0451065 0.998275
vt -29.0387 3.17891
f 249/1604/243 328/1605/322 327/1606/321

vt -26.6316 4.72169
vt -27.4079 3.5548
vt -25.1118 4.10017
f 328/1607/322 249/1608/243 250/1609/244

vt -26.9704 2.68779
vt -25.4126 2.16881
v 45.2521 13.8274 -19.9987
vt -25.4624 3.72726
vn 0.0169031 0.161286 0.986763
f 328/1610/322 250/1611/244 329/1612/323

vt -25.2691 4.55791
vt -25.2703 2.99867
vt -24.3711 3.40388
f 329/1613/323 250/1614/244 251/1615/245

vt -25.4819 2.38295
vt -24.485 1.31317
v 45.7008 14.0532 -20.0682
vt -24.8385 2.81494
vn 0.0102789 0.197568 0.980235
f 329/1616/323 251/1617/245 330/1618/324

vt -24.5462 4.8327
vt -24.3166 3.30706
v 48.3756 13.7602 -20.072
vt -20.6185 4.33688
vn -0.0276416 0.164991 0.985908
f 330/1619/324 251/1620/245 331/1621/325

vt -24.3525 3.2884
vt -20.4931 3.53095
vt -20.6586 4.33321
f 251/1622/245 252/1623/246 331/1624/325

vt -20.707 4.21546
vt -20.5372 3.41411
v 51.7131 14.1478 -19.9049
vt -15.7921 4.80916
vn -0.0310628 0.188676 0.981548
f 331/1625/325 252/1626/246 332/1627/326

vt -20.525 3.42165
v 50.8757 13.3658 -20.2132
vt -17.0251 3.62651
vn -0.0375163 0.100962 0.994183
vt -15.7778 4.80946
f 252/1628/246 333/1629/327 332/1630/326

vt -20.5573 3.57699
vt -16.9047 3.01509
vt -17.0585 3.79868
f 252/1631/246 253/1632/247 333/1633/327

vt -16.7491 4.55253
vt -16.6294 3.76302
v 52.088 13.2982 -20.137
vt -14.9667 4.37684
vn -0.101136 0.0818563 0.991499
f 333/1634/327 253/1635/247 334/1636/328

vt -16.8241 3.44599
vt -15.3788 2.79301
vt -15.1816 4.11185
f 253/1637/247 254/1638/248 334/1639/328

vt -8.16524 6.14179
v 52.095 12.7264 -20.4867
vt -7.7534 6.46941
vn -0.13709 -0.0694784 0.988119
vt -7.41538 7.2445
f 254/1640/248 335/1641/329 334/1642/328

vt -15.5608 1.93324
vt -13.664 2.13871
vt -15.4113 2.43781
f 254/1643/248 255/1644/249 335/1645/329

vt -15.4406 2.24333
vt -13.6893 1.96831
v 53.5452 13.0015 -20.3085
vt -13.3273 2.77184
vn -0.0337704 0.0166057 0.999292
f 335/1646/329 255/1647/249 336/1648/330

vt -12.9424 4.27526
v 54.5187 12.5317 -20.5676
vt -11.0965 4.16979
vn -0.0595169 -0.277161 0.958979
vt -12.4421 5.00077
f 255/1649/249 337/1650/331 336/1651/330

vt -12.6067 5.65852
vt -11.5588 5.04033
vt -10.7697 5.44967
f 255/1652/249 256/1653/250 337/1654/331

vt -11.8659 4.31054
vt -10.4679 4.19797
vt -11.1045 4.76928
f 256/1655/250 257/1656/251 337/1657/331

vt -11.8257 2.46596
vt -11.0877 2.03354
v 55.2338 12.5705 -20.5328
vt -10.7766 2.57102
vn -0.0415139 -0.139407 0.989365
f 337/1658/331 257/1659/251 338/1660/332

vt -10.9695 2.6246
vt -9.56483 2.66889
vt -10.6303 3.14476
f 257/1661/251 258/1662/252 338/1663/332

vt -10.7567 2.67719
vt -9.67118 2.24895
v 56.8495 12.8166 -20.2394
vt -8.38673 3.1482
vn -0.0232044 -0.129518 0.991306
f 338/1664/332 258/1665/252 339/1666/333

vt -9.50642 2.8469
vt -7.79589 2.9436
vt -8.16791 3.66349
f 258/1667/252 259/1668/253 339/1669/333

vt -7.48538 4.83644
vt -7.22233 4.06999
vt -5.75923 4.01333
f 339/1670/333 259/1671/253 260/1672/254

vt -8.35873 2.9341
vt -6.51541 2.42498
v 57.7626 13.1923 -20.0239
vt -7.01784 3.51832
vn 0.0198728 0.0914891 0.995608
f 339/1673/333 260/1674/254 340/1675/334

vt -6.36486 2.66188
v 58.693 12.9379 -20.1739
vt -5.47454 3.38043
vn -0.0317283 0.125482 0.991588
vt -6.83198 3.77077
f 260/1676/254 341/1677/335 340/1678/334

vt -6.06022 2.76462
vt -4.37951 2.53591
vt -5.13423 3.43657
f 260/1679/254 261/1680/255 341/1681/335

vt -5.38156 3.14645
vt -4.59878 2.27007
vt -3.61231 2.55792
f 341/1682/335 261/1683/255 262/1684/256

vt -3.78257 2.09971
v 58.7135 13.7983 -20.0083
vt -5.52495 4.00159
vn 0.0537368 0.222991 0.973338
vt -5.5633 2.65253
f 262/1685/256 342/1686/336 341/1687/335

vt -1.9253 1.1766
vt -5.68033 3.83364
vt -3.91504 1.953
f 263/1688/257 342/1689/336 262/1690/256

vt -2.04483 1.00168
vt -2.17484 3.01073
vt -5.82581 3.62166
f 263/1691/257 265/1692/259 342/1693/336

vt -2.19868 2.88734
v 60.4036 14.6799 -20.3991
vt -3.3788 5.16615
vn 0.121963 0.281534 0.951769
vt -5.85043 3.49364
f 265/1694/259 343/1695/337 342/1696/336

vt -3.80084 4.93219
vt -2.59166 2.66868
v 60.9475 14.9819 -20.7292
vt -2.98993 5.61531
vn 0.207153 0.333615 0.919668
f 343/1697/337 265/1698/259 344/1699/338

vt -2.70849 2.64796
vt -1.71176 2.83057
vt -3.11295 5.59374
f 265/1700/259 266/1701/260 344/1702/338

vt -2.09347 2.63778
v 61.5268 14.9373 -21.2848
vt -2.54085 5.65571
vn 0.471817 0.363475 0.80329
vt -3.49184 5.40238
f 266/1703/260 345/1704/339 344/1705/338

vt -2.35342 4.06439
vt -3.05931 5.65478
vt -2.71089 2.62383
f 270/1706/264 345/1707/339 266/1708/260

vt -2.3562 4.06335
v 61.7318 14.6973 -21.6173
vt -2.62045 5.45867
vn 0.863873 0.303378 0.402102
vt -3.06151 5.654
f 270/1709/264 346/1710/340 345/1711/339

vt -2.31312 4.27552
v 61.7421 14.494 -22.0285
vt -2.03107 5.60014
vn 0.878401 -0.0175583 -0.477602
vt -2.41526 5.69196
f 270/1712/264 347/1713/341 346/1714/340

vt -1.63748 4.32674
vt -1.60107 5.65341
vt -1.94812 4.34431
f 271/1715/265 347/1716/341 270/1717/264

vt -0.931597 4.36324
vt -0.449843 5.97258
vt -0.831115 5.6866
f 271/1718/265 272/1719/266 347/1720/341

vt -0.585372 6.07241
v 61.5167 15.4078 -22.2493
vt -0.827799 7.41832
vn 0.81551 -0.069071 -0.574606
vt -0.963955 5.78288
f 272/1721/266 348/1722/342 347/1723/341

vt -0.590086 6.07177
vt -0.221343 7.27149
vt -0.833066 7.41758
f 272/1724/266 273/1725/267 348/1726/342

vt -0.869277 7.33717
vt -0.257208 7.19255
vt -0.863187 8.51757
f 348/1727/342 273/1728/267 274/1729/268

v 61.5191 15.4475 -21.8854
vt -2.47504 7.04118
vn 0.851155 0.30919 0.42419
vt -2.17473 7.18906
vt -2.26374 8.36612
f 349/1730/343 348/1731/342 274/1732/268

vt -2.13596 5.56017
vt -2.23868 7.19805
vt -2.53792 7.04802
f 347/1733/341 348/1734/342 349/1735/343

vt -2.40826 5.69506
vt -2.02418 5.60278
vt -2.39402 7.09894
f 346/1736/340 347/1737/341 349/1738/343

vt -3.08166 5.5618
vt -2.64156 5.3643
vt -2.83002 6.75554
f 345/1739/339 346/1740/340 349/1741/343

vt -3.07589 5.5525
vt -2.82654 6.74671
v 61.262 15.7045 -21.4308
vt -3.39213 6.89983
vn 0.472792 0.338105 0.813727
f 345/1742/339 349/1743/343 350/1744/344

vt -2.82614 6.75271
vt -2.74256 8.09179
vt -3.39177 6.90571
f 349/1745/343 274/1746/268 350/1747/344

vt -3.36018 7.09467
vt -2.67781 8.26197
v 61.2567 16.8607 -22.0343
vt -3.22826 9.31583
vn 0.701817 0.222834 0.676607
f 350/1748/344 274/1749/268 351/1750/345

vt -2.55732 8.3063
vt -2.45538 9.52063
vt -3.0964 9.36602
f 274/1751/268 275/1752/269 351/1753/345

vt -2.34548 8.81269
vt -2.56938 9.35857
vt -2.98548 8.65392
f 275/1754/269 278/1755/272 351/1756/345

vt -3.28038 9.2874
vt -2.82868 9.96977
vt -3.57865 10.7086
f 351/1757/345 278/1758/272 279/1759/273

vt -3.22622 9.32103
vt -3.50105 10.7469
v 60.9752 17.0843 -21.5889
vt -3.8043 9.42328
vn 0.36863 0.290884 0.882892
f 351/1760/345 279/1761/273 352/1762/346

vt -3.71036 9.44969
vt -3.39638 10.7709
v 60.8182 17.9809 -21.5392
vt -4.07021 10.8726
vn 0.337918 0.323558 0.883811
f 352/1763/346 279/1764/273 353/1765/347

vt -3.41204 10.6818
vt -2.92163 11.9584
vt -4.08589 10.7835
f 279/1766/273 280/1767/274 353/1768/347

vt -4.02504 10.682
vt -2.86409 11.8602
v 60.8682 18.8249 -22.1183
vt -3.84313 12.389
vn 0.233093 0.369973 0.899326
f 353/1769/347 280/1770/274 354/1771/348

vt -3.77754 12.5432
vt -2.79762 12.0161
v 60.981 19.4928 -22.4639
vt -3.59776 13.8245
vn 0.20983 0.338364 0.917323
f 354/1772/348 280/1773/274 355/1774/349

vt -2.69328 12.0564
v 61.6653 19.931 -23.2558
vt -2.38287 15.0392
vn 0.478303 0.22674 0.848419
vt -3.48933 13.8665
f 280/1775/274 356/1776/350 355/1777/349

vt -3.09629 11.9117
v 61.6822 19.0498 -23.3782
vt -2.60062 13.5452
vn 0.985827 -0.037858 0.163438
vt -2.923 14.9056
f 280/1778/274 357/1779/351 356/1780/350

vt -3.10204 11.9288
v 61.6084 18.4934 -23.1725
vt -2.65409 12.5376
vn 0.970991 -0.072726 0.227788
vt -2.60263 13.5612
f 280/1781/274 358/1782/352 357/1783/351

vt -2.91468 11.1837
vt -2.27407 11.1657
vt -2.50137 11.8165
f 280/1784/274 281/1785/275 358/1786/352

vt -1.53229 11.7183
vt -1.84648 13.3695
vt -1.81953 12.345
f 281/1787/275 357/1788/351 358/1789/352

vt -1.55872 11.7123
vt -1.60215 14.7374
vt -1.87068 13.364
f 281/1790/275 282/1791/276 357/1792/351

vt -1.94318 13.3967
vt -1.6691 14.769
v 61.7637 19.6952 -23.595
vt -1.98352 14.5719
vn 0.972066 -0.12915 0.195979
f 357/1793/351 282/1794/276 359/1795/353

vt -1.73534 13.5139
vt -1.42668 13.7199
v 62.0808 20.4241 -23.8262
vt -1.93353 14.8939
vn 0.961512 -0.214526 0.171678
f 359/1796/353 282/1797/276 360/1798/354

vt -1.05035 14.16
v 62.1589 20.8693 -24.3069
vt -1.46065 16.3313
vn 0.456901 -0.35452 -0.815817
vt -1.61648 15.3065
f 282/1799/276 361/1800/355 360/1801/354

vt -0.301105 16.8938
vt 0.309842 14.7702
vt 0.980193 15.5806
f 361/1802/355 282/1803/276 283/1804/277

v 62.0455 21.4713 -24.4778
vt 0.171807 18.2881
vn 0.0559278 -0.0725047 -0.995799
vt 0.0171793 17.2133
vt 1.29918 15.9008
f 362/1805/356 361/1806/355 283/1807/277

vt -0.0290285 18.2994
v 62.3919 21.656 -24.3035
vt -0.578423 18.499
vn 0.616703 -0.067162 -0.784326
vt -0.176367 17.2236
f 362/1808/356 363/1809/357 361/1810/355

vt -0.176172 17.1464
vt 0.361909 16.9181
v 62.2572 21.6868 -24.3129
vt 0.0194454 17.2093
vn 0.0535818 0.939907 0.337199
f 363/1811/357 362/1812/356 364/1813/358

vt 0.884145 14.4441
vt 1.14965 14.0813
v 61.6607 21.5736 -24.2835
vt 1.73633 14.1541
vn -0.21214 0.91723 -0.337175
f 364/1814/358 362/1815/356 365/1816/359

vt 1.66508 12.0962
vt 1.08063 12.0072
v 61.115 21.5013 -24.2814
vt 2.44949 11.8859
vn -0.164919 0.930682 -0.326545
f 365/1817/359 362/1818/356 366/1819/360

vt 1.0734 12.3475
v 60.7825 21.252 -24.5278
vt 2.88104 11.789
vn -0.00573064 0.125014 -0.992138
vt 2.44262 12.2303
f 362/1820/356 367/1821/361 366/1822/360

vt 3.78911 14.6673
vt 2.67455 15.7977
vt 0.825399 16.1979
f 284/1823/278 367/1824/361 362/1825/356

vt 3.51669 16.143
v 59.7799 20.9369 -24.8219
vt 3.81888 16.7942
vn 0.0246631 -0.0390721 -0.998932
vt 2.30774 17.1717
f 284/1826/278 368/1827/362 367/1828/361

vt 5.57092 16.0422
vt 3.97134 16.8513
vt 3.64916 16.2098
f 285/1829/279 368/1830/362 284/1831/278

vt 4.13562 15.5537
vt 5.69562 14.6707
v 58.5803 21.0858 -24.6283
vt 5.90226 15.6997
vn -0.0453173 0.171578 -0.984128
f 368/1832/362 285/1833/279 369/1834/363

vt 5.74527 15.874
vt 5.58836 14.8362
vt 7.41666 14.6182
f 369/1835/363 285/1836/279 286/1837/280

vt 5.9831 13.9763
vt 7.53317 12.5735
v 57.4395 20.7519 -24.7597
vt 7.62704 13.3516
vn -0.0467807 0.304843 -0.951253
f 369/1838/363 286/1839/280 370/1840/364

vt 7.32465 14.2791
vt 7.33627 13.4955
v 56.367 20.4938 -25.0819
vt 8.93254 13.9638
vn 0.00993907 0.0916348 -0.995743
f 370/1841/364 286/1842/280 371/1843/365

vt 7.41235 14.5314
vt 8.38661 13.6552
vt 9.02208 14.9511
f 286/1844/280 287/1845/281 371/1846/365

vt 8.42904 13.5755
vt 10.0501 13.5975
vt 9.11844 14.8436
f 287/1847/281 290/1848/284 371/1849/365

vt 9.40961 13.9282
vt 10.0507 14.9467
vt 8.42965 14.9268
f 289/1850/283 290/1851/284 287/1852/281

vt 9.10537 14.98
vt 10.046 13.7407
v 55.4278 20.3623 -25.1177
vt 10.4847 14.7508
vn -0.0119837 0.0421573 -0.999039
f 371/1853/365 290/1854/284 372/1855/366

vt 10.4869 14.7444
vt 10.0469 13.7348
vt 11.4494 14.6792
f 372/1856/366 290/1857/284 291/1858/285

vt 10.5038 12.3054
vt 11.4653 12.2267
vt 11.7704 12.6775
f 372/1859/366 291/1860/285 292/1861/286

vt 10.5019 12.2494
vt 11.7678 12.6241
v 55.4625 20.7523 -24.7396
vt 10.4629 12.8333
vn -0.0630373 0.386945 -0.919945
f 372/1862/366 292/1863/286 373/1864/367

vt 10.4888 5.50822
vt 11.7469 5.10366
v 54.561 20.8609 -24.4204
vt 11.8346 5.47138
vn -0.0659247 0.838117 -0.541491
f 373/1865/367 292/1866/286 374/1867/368

vt 11.8514 6.60847
vt 11.8031 6.23354
vt 13.3797 6.57356
f 374/1868/368 292/1869/286 295/1870/289

v 54.6355 21.033 -23.8109
vt -11.668 0.374858
vn -0.0825556 0.890816 0.446801
vt -11.7719 0.918513
vt -13.2979 0.828509
f 375/1871/369 374/1872/368 295/1873/289

v 55.1876 21.02 -24.119
vt -6.85673 -4.56066
vn -0.191394 0.964721 -0.180779
vt -7.75632 -4.9423
vt -7.31848 -5.28091
f 376/1874/370 374/1875/368 375/1876/369

vt 10.4532 1.57315
vt 11.7968 1.48881
vt 10.9781 2.02233
f 373/1877/367 374/1878/368 376/1879/370

v 55.5009 21.0378 -24.2991
vt 8.73118 3.69433
vn -0.126957 0.94636 -0.297126
vt 8.47188 3.28657
vt 9.14815 3.42792
f 377/1880/371 373/1881/367 376/1882/370

v 56.4969 20.9615 -24.4261
vt 8.88298 9.11781
vn 0.00996478 0.679496 -0.733612
vt 10.4082 8.74423
vt 10.3455 9.22336
f 378/1883/372 373/1884/367 377/1885/371

vt 9.02993 9.81854
vt 10.3414 10.2485
vt 8.80417 10.5694
f 371/1886/365 373/1887/367 378/1888/372

vt 9.14851 12.2506
vt 10.5187 11.9722
vt 10.4943 12.5569
f 371/1889/365 372/1890/366 373/1891/367

vt 7.55251 9.5706
vt 9.12008 9.09371
vt 8.94327 9.85758
f 370/1892/364 371/1893/365 378/1894/372

v 57.2447 21.0362 -24.2479
vt 7.51865 7.96705
vn -0.13286 0.817707 -0.560093
vt 7.29259 7.4324
vt 8.6337 7.8993
f 379/1895/373 370/1896/364 378/1897/372

v 58.3105 21.26 -24.2866
vt 6.5049 7.43569
vn -0.217407 0.950479 -0.222092
vt 7.42099 6.24487
vt 7.8841 6.59484
f 380/1898/374 370/1899/364 379/1900/373

vt 6.07047 8.18251
vt 7.54479 7.22376
vt 6.55075 8.35033
f 369/1901/363 370/1902/364 380/1903/374

vt 6.08899 6.93439
vt 6.55118 7.14701
v 59.0461 21.3619 -24.258
vt 5.52897 7.53927
vn -0.108603 0.892383 -0.438017
f 369/1904/363 380/1905/374 381/1906/375

vt -4.06835 4.51117
vt -5.10878 4.17014
v 59.0822 21.4088 -23.914
vt -3.91487 4.23207
vn -0.086961 0.809544 0.580583
f 381/1907/375 380/1908/374 382/1909/376

vt -3.98113 7.62019
vt -5.17579 7.57502
v 58.439 21.2881 -23.5405
vt -4.7887 6.93866
vn -0.0772569 0.678967 0.730092
f 382/1910/376 380/1911/374 383/1912/377

vt -5.71223 7.4658
v 56.9652 21.1466 -23.757
vt -7.5824 6.59627
vn -0.0654905 0.907464 0.414995
vt -5.40362 6.78789
f 380/1913/374 384/1914/378 383/1915/377

vt 1.66108 -1.87069
vt 1.48931 -3.47684
vt 1.87394 -3.92211
f 380/1916/374 379/1917/373 384/1918/378

vt -7.03328 -0.173798
vt -8.14612 -0.271322
vt -7.32218 -0.68639
f 379/1919/373 378/1920/372 384/1921/378

vt -8.52792 2.39458
vt -8.97542 3.20137
vt -10.3804 3.62117
f 384/1922/378 378/1923/372 377/1924/371

vt -7.94168 3.8208
vt -10.1373 4.16052
v 55.4844 21.1285 -23.6543
vt -10.106 3.57708
vn -0.0847892 0.837852 0.539272
f 384/1925/378 377/1926/371 385/1927/379

vt -8.78593 1.89052
vt -9.15838 1.56476
vt -8.59211 1.33933
f 377/1928/371 376/1929/370 385/1930/379

vt -9.21562 0.643776
vt -9.75674 0.924246
vt -10.4636 0.44221
f 385/1931/379 376/1932/370 375/1933/369

v 55.3686 21.0463 -23.2133
vt -9.82097 9.3165
vn -0.0729084 0.660119 0.747614
vt -9.71954 9.8392
vt -10.9805 9.74928
f 386/1934/380 385/1935/379 375/1936/369

v 56.3108 21.1436 -23.2727
vt -8.70137 10.0881
vn -0.0389736 0.671129 0.740315
vt -9.95384 10.346
vt -10.0751 9.82749
f 387/1937/381 385/1938/379 386/1939/380

vt -9.00292 7.12094
vt -8.06505 7.62178
vt -10.2368 7.45672
f 387/1940/381 384/1941/378 385/1942/379

vt -8.31718 10.3408
vt -9.29288 9.91835
v 57.3979 21.0489 -22.9278
vt -7.70947 9.40822
vn -0.0117662 0.608915 0.793149
f 384/1943/378 387/1944/381 388/1945/382

vt -7.45143 11.9403
vt -9.06117 12.3601
v 56.7204 20.8435 -22.2508
vt -8.42569 11.0641
vn -0.0192674 0.539523 0.84175
f 388/1946/382 387/1947/381 389/1948/383

vt -8.10714 11.1221
vt -8.79654 12.3902
v 55.6262 20.7959 -22.4234
vt -9.7282 11.1441
vn -0.0660362 0.554379 0.829641
f 389/1949/383 387/1950/381 390/1951/384

vt -8.84724 12.5594
vt -10.2265 12.3301
vt -9.78783 11.32
f 387/1952/381 386/1953/380 390/1954/384

vt -10.2169 12.3279
v 54.7149 21.002 -23.2454
vt -11.1794 12.2626
vn -0.0581601 0.659478 0.74947
vt -9.77686 11.3183
f 386/1955/380 391/1956/385 390/1957/384

vt -10.0999 8.08534
vt -11.2388 8.56976
vt -11.061 8.00156
f 386/1958/380 375/1959/369 391/1960/385

vt -11.3539 8.74711
v 52.9367 20.9509 -23.7909
vt -13.8458 8.51772
vn -0.0495294 0.820766 0.569113
vt -11.1899 8.17475
f 375/1961/369 392/1962/386 391/1963/385

vt -11.0992 3.15311
vt -12.784 3.30798
vt -13.5736 2.77959
f 375/1964/369 295/1965/289 392/1966/386

vt -12.4947 1.91433
vt -14.0613 1.64182
vt -13.2509 1.33906
f 295/1967/289 296/1968/290 392/1969/386

vt -14.0504 1.71331
vt -14.7886 2.16454
v 49.2925 20.8956 -24.0621
vt -19.4179 1.92319
vn 0.00986059 0.953798 0.300285
f 392/1970/386 296/1971/290 393/1972/387

vt -14.5949 -1.3955
vt -19.2536 -1.58368
vt -19.1954 -1.96491
f 296/1973/290 297/1974/291 393/1975/387

vt -14.3758 15.5743
vt -15.2804 16.5456
vt -14.6421 15.2954
f 297/1976/291 298/1977/292 393/1978/387

vt -20.8363 6.04829
v 48.488 20.9452 -23.7732
vt -20.685 5.39248
vn -0.00176665 0.784519 0.620102
vt -19.5023 5.61164
f 298/1979/292 394/1980/388 393/1981/387

vt -20.8684 6.92188
v 46.2526 20.9477 -24.3738
vt -23.9969 7.09534
vn -0.00376796 0.984076 0.177709
vt -20.7468 6.25992
f 298/1982/292 395/1983/389 394/1984/388

vt 20.4355 6.80461
vt 23.3799 6.92169
vt 23.5341 7.27003
f 298/1985/292 299/1986/293 395/1987/389

vt 23.949 4.31861
vt 23.7504 3.99356
vt 25.2201 4.1748
f 395/1988/389 299/1989/293 300/1990/294

vt -23.4347 2.10947
vt -24.7125 2.05016
vt -24.9253 1.27106
f 395/1991/389 300/1992/294 301/1993/295

vt -23.9532 7.97445
vt -25.5454 7.35035
v 46.3246 20.9737 -23.7465
vt -23.8423 7.37253
vn 0.00950839 0.700882 0.713214
f 395/1994/389 301/1995/295 396/1996/390

vt -23.8525 11.9616
vt -25.5557 11.9464
v 45.838 20.8141 -22.8864
vt -24.5639 10.9837
vn 0.0348481 0.557229 0.829627
f 396/1997/390 301/1998/295 397/1999/391

vt -24.55 10.9521
vt -25.5451 11.9113
v 44.3528 20.8743 -22.9931
vt -26.734 11.1484
vn -0.0842035 0.606964 0.790256
f 397/2000/391 301/2001/295 398/2002/392

vt -25.4026 10.2326
vt -26.7251 10.8668
vt -26.5642 9.42867
f 301/2003/295 302/2004/296 398/2005/392

vt -26.8756 13.2036
vt -28.4534 13.2087
vt -26.8449 11.7568
f 302/2006/296 303/2007/297 398/2008/392

vt -26.6671 11.0829
vt -28.3691 12.424
v 43.4731 20.9438 -23.2788
vt -27.968 11.4278
vn -0.0426808 0.574288 0.81754
f 398/2009/392 303/2010/297 399/2011/393

vt -28.4164 12.7524
v 42.6858 21.0539 -23.6732
vt -29.1907 12.2603
vn -0.0224852 0.579712 0.814511
vt -28.0302 11.7504
f 303/2012/297 400/2013/394 399/2014/393

vt -28.4492 13.6023
vt -30.5312 14.1521
vt -29.2313 13.1228
f 303/2015/297 304/2016/298 400/2017/394

vt -29.1351 12.8934
vt -30.4643 13.8847
v 41.7049 21.0581 -23.6766
vt -30.5775 12.8989
vn -0.0346593 0.54557 0.837348
f 400/2018/394 304/2019/298 401/2020/395

vt -30.47 13.9331
vt -32.499 13.8437
vt -30.5846 12.9475
f 304/2021/298 307/2022/301 401/2023/395

vt -30.4061 8.32907
vt -31.9578 8.7094
vt -32.4332 8.20231
f 304/2024/298 306/2025/300 307/2026/301

vt -30.1068 8.59095
vt -32.0152 8.87377
vt -30.5154 8.32338
f 305/2027/299 306/2028/300 304/2029/298

vt -32.2918 14.2709
vt -32.8699 13.7582
vt -30.3498 13.4364
f 307/2030/301 310/2031/304 401/2032/395

vt -32.3979 14.9625
vt -34.8667 15.6743
vt -32.9819 14.4565
f 307/2033/301 308/2034/302 310/2035/304

vt -32.7849 14.9815
v 42.6266 20.4922 -22.7671
vt -28.8447 13.1687
vn -0.0823075 0.4666 0.88063
vt -30.2628 14.6763
f 310/2036/304 402/2037/396 401/2038/395

vt -32.3413 15.9957
vt -31.6793 13.3548
vt -28.3725 14.2462
f 310/2039/304 311/2040/305 402/2041/396

vt -31.6121 12.9955
v 41.6822 19.1075 -21.926
vt -29.6185 11.1163
vn -0.148694 0.41729 0.896526
vt -28.3065 13.8914
f 311/2042/305 403/2043/397 402/2044/396

vt -29.061 11.5622
vt -31.071 13.4238
vt -30.4938 10.4446
f 403/2045/397 311/2046/305 316/2047/310

vt -28.3489 10.2375
vt -29.7706 9.1058
v 41.3295 18.1658 -21.2855
vt -28.767 8.3049
vn -0.16327 0.347297 0.923432
f 403/2048/397 316/2049/310 404/2050/398

vt -27.4634 9.7469
vt -28.4771 10.5349
v 40.4606 17.622 -21.6761
vt -28.836 9.08884
vn -0.267062 0.315446 0.910589
f 404/2051/398 316/2052/310 405/2053/399

vt -27.3906 8.50801
vt -27.0426 9.95673
vt -28.1483 9.51371
f 405/2054/399 316/2055/310 317/2056/311

vt -26.2894 10.8099
vt -26.0919 9.35561
vt -25.5259 9.80856
f 317/2057/311 318/2058/312 405/2059/399

vt -27.8478 12.0457
vt -28.6246 13.0051
vt -29.1837 12.5437
f 319/2060/313 405/2061/399 318/2062/312

vt -29.2586 10.5892
vt -28.6786 12.1968
vt -30.0501 11.5366
f 319/2063/313 404/2064/398 405/2065/399

vt -27.7465 10.6252
vt -29.4511 12.2017
vt -30.0181 10.5895
f 321/2066/315 404/2067/398 319/2068/313

v 42.8392 18.4357 -20.9185
vt -27.8464 11.6047
vn -0.0704145 0.344935 0.935982
vt -30.1085 11.3746
vt -28.3936 9.80927
f 406/2069/400 404/2070/398 321/2071/315

vt -27.7486 10.6494
v 42.6757 18.7895 -21.1443
vt -28.0029 11.3529
vn -0.100186 0.391331 0.91478
vt -30.0108 10.4193
f 406/2072/400 407/2073/401 404/2074/398

vt -28.8644 11.2613
vt -28.6163 10.5556
v 44.6895 19.693 -21.4897
vt -25.9117 12.939
vn -0.0165864 0.391564 0.920001
f 407/2075/401 406/2076/400 408/2077/402

vt -26.068 13.2176
vt -28.7785 10.8409
v 45.5904 18.5633 -20.9004
vt -24.7316 11.0487
vn -0.0209153 0.3682 0.929511
f 408/2078/402 406/2079/400 409/2080/403

vt -28.7868 11.0209
v 44.0922 17.1711 -20.3679
vt -26.9359 8.66103
vn -0.0523382 0.337192 0.93998
vt -24.7399 11.2284
f 406/2081/400 410/2082/404 409/2083/403

vt -26.2433 9.25439
vt -28.0879 11.6191
vt -28.6318 9.8226
f 410/2084/404 406/2085/400 321/2086/315

vt -29.7247 7.05961
vt -26.4592 8.34809
vt -28.8478 8.91597
f 322/2087/316 410/2088/404 321/2089/315

vt -28.0195 6.11018
vt -26.6222 8.79427
vt -29.8886 7.508
f 323/2090/317 410/2091/404 322/2092/316

v 48.0981 16.8641 -20.1502
vt -21.0212 8.30687
vn -0.0279163 0.324009 0.945642
vt -26.9162 8.91312
vt -28.3106 6.22754
v 45.0305 16.1932 -20.0592
vt -25.5348 7.15544
vn -0.0228487 0.295353 0.955115
f 411/2093/405 410/2094/404 323/2095/317 412/2096/406 

vt -26.9418 8.66701
vt -21.0468 8.06097
vt -24.7457 11.2343
f 410/2097/404 411/2098/405 409/2099/403

vt -21.0243 8.08614
v 48.436 18.5033 -20.7849
vt -20.5358 11.1072
vn -0.0282221 0.368991 0.929004
vt -24.7235 11.2591
f 411/2100/405 413/2101/407 409/2102/403

vt -21.0138 8.08367
v 52.2539 18.0027 -20.4476
vt -14.9038 10.1154
vn -0.0312738 0.34539 0.937938
vt -20.5254 11.1047
f 411/2103/405 414/2104/408 413/2105/407

v 51.6579 16.3175 -19.9397
vt -15.8355 7.26584
vn -0.0338485 0.297386 0.954157
vt -14.9625 10.2893
vt -21.0723 8.2572
f 415/2106/409 414/2107/408 411/2108/405

v 55.37 16.4048 -19.7764
vt -10.2726 7.30764
vn -0.0354339 0.310242 0.949997
vt -14.8638 10.2686
vt -15.7382 7.24559
f 416/2109/410 414/2110/408 415/2111/409

v 55.2704 17.713 -20.1601
vt -10.3755 9.71371
vn -0.0316194 0.349231 0.936503
vt -14.8197 10.3368
vt -10.2291 7.37476
f 417/2112/411 414/2113/408 416/2114/410

vt -14.8935 9.79065
vt -10.4495 9.16597
v 52.451 19.1242 -21.0573
vt -14.6175 11.9657
vn -0.0325983 0.394261 0.91842
f 414/2115/408 417/2116/411 418/2117/412

vt -14.5364 12.0904
vt -10.3652 9.29542
v 54.8755 18.9629 -20.7958
vt -10.9615 11.6874
vn -0.0454207 0.386897 0.921003
f 418/2118/412 417/2119/411 419/2120/413

vt -10.4054 9.28899
v 57.4791 19.6949 -20.999
vt -7.17373 12.9959
vn 0.0102049 0.39022 0.920665
vt -11.0005 11.6812
f 417/2121/411 420/2122/414 419/2123/413

v 57.2953 17.5527 -20.1103
vt -7.59115 9.17784
vn -0.00471304 0.342099 0.939652
vt -7.3321 13.1599
vt -10.5688 9.45742
f 421/2124/415 420/2125/414 417/2126/411

vt -7.37873 9.15484
v 57.9236 19.0425 -20.6889
vt -6.46403 11.9035
vn 0.0553941 0.383612 0.921832
vt -7.12427 13.1372
f 421/2127/415 422/2128/416 420/2129/414

vt -7.05004 12.1039
vt -7.96608 9.35571
v 58.3153 17.5 -20.2723
vt -6.46424 9.36885
vn 0.0507496 0.345575 0.937018
f 422/2130/416 421/2131/415 423/2132/417

vt -7.96335 9.02637
v 58.8473 16.3914 -19.8013
vt -5.68207 6.97139
vn 0.073976 0.297408 0.95188
vt -6.46151 9.03953
f 421/2133/415 424/2134/418 423/2135/417

v 57.8214 16.0488 -19.5896
vt -6.98146 6.5244
vn 0.0309391 0.296174 0.954633
vt -5.4752 7.20568
vt -7.76024 9.25647
f 425/2136/419 424/2137/418 421/2138/415

vt -7.3829 7.14316
vt -5.96626 3.66428
vt -5.88463 7.84182
f 425/2139/419 342/2140/336 424/2141/418

vt -6.27321 3.40946
vt -7.78335 6.84879
v 57.47 15.3006 -19.4157
vt -8.25686 5.5182
vn 0.0066676 0.262608 0.96488
f 342/2142/336 425/2143/419 426/2144/420

vt -7.211 5.45526
vt -6.69302 6.76919
vt -10.3007 7.44371
f 426/2145/420 425/2146/419 416/2147/410

vt -6.72624 6.59758
vt -7.50478 9.32972
vt -10.3341 7.27134
f 425/2148/419 421/2149/415 416/2150/410

vt -7.56901 9.41231
vt -10.5467 9.69194
vt -10.3977 7.35315
f 421/2151/415 417/2152/411 416/2153/410

vt -6.98051 5.80496
vt -10.0618 7.8064
v 55.4445 15.1418 -19.6463
vt -9.97504 5.67245
vn -0.0535279 0.252161 0.966204
f 426/2154/420 416/2155/410 427/2156/421

vt -10.3153 7.73258
v 53.2628 15.863 -19.7907
vt -13.4202 6.84935
vn -0.0377128 0.27691 0.960156
vt -10.215 5.59922
f 416/2157/410 428/2158/422 427/2159/421

vt -10.2766 7.62946
vt -15.7422 7.56716
vt -13.3823 6.74899
f 416/2160/410 415/2161/409 428/2162/422

vt -13.2851 7.01207
vt -15.643 7.8361
v 53.0372 14.9329 -19.7678
vt -13.6334 5.47632
vn -0.0352224 0.246443 0.968517
f 428/2163/422 415/2164/409 429/2165/423

vt -13.7787 5.3114
vt -15.7988 7.66216
v 50.2487 15.2336 -19.8697
vt -17.8794 5.84908
vn -0.0274722 0.266765 0.96337
f 429/2166/423 415/2167/409 430/2168/424

vt -15.759 7.64165
vt -20.9946 8.6391
vt -17.8414 5.83071
f 415/2169/409 411/2170/405 430/2171/424

vt -17.9277 5.71002
vt -21.0868 8.5119
vt -25.5994 7.35639
f 430/2172/424 411/2173/405 412/2174/406

vt -17.8983 5.84022
vt -25.5687 7.49242
v 45.3778 15.121 -19.9479
vt -25.064 5.68184
vn -0.00960911 0.256009 0.966627
f 430/2175/424 412/2176/406 431/2177/425

vt -25.653 7.41116
vt -28.4268 6.47736
vt -25.1439 5.60182
f 412/2178/406 323/2179/317 431/2180/425

vt -28.4008 6.57812
vt -27.5612 4.29113
vt -25.1186 5.69972
f 323/2181/317 324/2182/318 431/2183/425

vt -25.232 5.69734
vt -27.6666 4.27498
vt -25.4115 3.59289
f 431/2184/425 324/2185/318 329/2186/323

vt -25.2005 4.4941
vt -27.4428 5.2173
vt -26.7458 3.5109
f 329/2187/323 324/2188/318 328/2189/322

vt -27.1712 5.8407
vt -27.9144 4.23541
vt -26.5094 4.12035
f 324/2190/318 325/2191/319 328/2192/322

vt -28.7005 4.14811
vt -26.448 4.71214
vt -27.8523 4.83455
f 327/2193/321 328/2194/322 325/2195/319

vt -28.1393 4.0926
vt -30.3947 3.46953
vt -28.9646 3.37893
f 325/2196/319 326/2197/320 327/2198/321

vt -25.389 5.30446
vt -25.5353 3.19745
vt -24.8815 3.61348
f 431/2199/425 329/2200/323 330/2201/324

v 48.2996 14.6599 -19.9097
vt -20.7316 5.33625
vn -0.0268921 0.225404 0.973894
vt -25.0231 6.1146
vt -24.5665 4.40918
f 432/2202/426 431/2203/425 330/2204/324

vt -20.7763 5.10728
vt -17.9039 6.03563
vt -25.0696 5.87578
f 432/2205/426 430/2206/424 431/2207/425

vt -15.7799 4.29985
vt -17.9237 6.0635
vt -20.7952 5.13254
f 332/2208/326 430/2209/424 432/2210/426

vt -13.7186 5.69791
vt -17.8179 6.24558
vt -15.6832 4.47083
f 429/2211/423 430/2212/424 332/2213/326

v 53.8141 13.8147 -19.8972
vt -12.6528 3.93379
vn -0.0348768 0.169778 0.984865
vt -13.7778 5.71836
vt -15.7385 4.48491
f 433/2214/427 429/2215/423 332/2216/326

vt -10.1939 6.04979
vt -13.7411 5.76319
vt -12.6198 3.97622
f 427/2217/421 429/2218/423 433/2219/427

vt -10.1579 5.73745
vt -13.3609 6.99327
vt -13.7055 5.45668
f 427/2220/421 428/2221/422 429/2222/423

v 55.3753 13.9459 -19.7863
vt -10.2593 4.12825
vn -0.0764238 0.18687 0.979407
vt -10.1287 6.03432
vt -12.5619 3.96935
f 434/2223/428 427/2224/421 433/2225/427

v 56.2835 14.3877 -19.5063
vt -8.29682 4.94187
vn -0.0662346 0.214336 0.974512
vt -9.49718 6.27327
vt -9.68145 4.37164
f 435/2226/429 427/2227/421 434/2228/428

vt -8.75709 4.44872
vt -6.98518 5.89262
vt -9.9797 5.75972
f 435/2229/429 426/2230/420 427/2231/421

v 57.1128 14.3147 -19.4785
vt -7.7481 4.45477
vn 0.0114739 0.176452 0.984242
vt -7.20735 6.04624
vt -8.96746 4.58799
f 436/2232/430 426/2233/420 435/2234/429

vt -6.04282 3.68876
vt -7.97674 5.8432
vt -8.44214 4.22809
f 342/2235/336 426/2236/420 436/2237/430

vt -7.32782 2.8601
vt -5.96916 3.91167
vt -8.36336 4.47324
f 340/2238/334 342/2239/336 436/2240/430

vt -7.12853 2.88338
vt -5.75608 2.54964
vt -5.74291 3.89918
f 340/2241/334 341/2242/335 342/2243/336

vt -7.25404 2.97263
vt -8.27001 4.59817
v 56.8495 13.4584 -19.768
vt -8.61154 3.27453
vn -0.00103324 0.0790142 0.996873
f 340/2244/334 436/2245/430 437/2246/431

vt -8.04386 3.7055
vt -7.61859 5.00466
v 55.7949 13.2314 -19.9219
vt -9.60789 3.40464
vn -0.0693117 0.092568 0.993291
f 437/2247/431 436/2248/430 438/2249/432

vt -7.66472 5.01069
vt -8.88333 5.15055
vt -9.6481 3.40333
f 436/2250/430 435/2251/429 438/2252/432

vt -9.35777 3.5406
vt -8.55086 5.26876
vt -9.92765 4.67987
f 438/2253/432 435/2254/429 434/2255/428

vt -9.68568 4.91981
v 55.2894 13.2988 -20.0193
vt -9.87985 3.94588
vn -0.0754756 0.0935061 0.992754
vt -9.13442 3.77142
f 434/2256/428 439/2257/433 438/2258/432

vt -12.6047 4.34151
vt -10.4498 3.5258
vt -10.3026 4.50793
f 433/2259/427 439/2260/433 434/2261/428

vt -12.9141 3.50262
vt -10.325 3.85989
vt -12.4688 4.70444
f 336/2262/330 439/2263/433 433/2264/427

vt -13.0047 3.65211
vt -10.5433 2.97071
vt -10.4204 4.04216
f 336/2265/330 338/2266/332 439/2267/433

vt -13.0857 3.35111
vt -11.6685 2.64927
vt -10.6155 2.7021
f 336/2268/330 337/2269/331 338/2270/332

vt -9.55404 5.02074
vt -9.78798 3.96795
vt -8.81383 4.82533
f 439/2271/433 338/2272/332 438/2273/432

vt -10.5319 3.18137
vt -8.13609 3.49573
vt -9.65937 4.142
f 338/2274/332 339/2275/333 438/2276/432

vt -9.84053 3.69228
vt -8.29715 3.0956
vt -8.28656 4.04142
f 438/2277/432 339/2278/333 437/2279/431

vt -8.41996 2.87426
vt -7.08692 3.47619
vt -8.4344 3.82003
f 339/2280/333 340/2281/334 437/2282/431

vt -15.2935 3.54433
vt -13.1553 3.12214
vt -12.7496 4.3379
f 334/2283/328 336/2284/330 433/2285/427

vt -15.2495 2.92019
vt -13.1095 3.32734
vt -15.2445 3.76577
f 335/2286/329 336/2287/330 334/2288/328

vt -15.1397 3.52457
vt -12.5818 4.27174
vt -15.6645 4.83936
f 334/2289/328 433/2290/427 332/2291/326

vt -16.8445 3.80882
vt -15.0605 3.65077
vt -15.5762 4.96916
f 333/2292/327 334/2293/328 332/2294/326

vt -15.7272 4.57915
vt -20.7399 5.42801
vt -20.6455 4.01379
f 332/2295/326 432/2296/426 331/2297/325

vt -20.7676 5.38861
vt -24.6003 4.45299
vt -20.6705 3.97457
f 432/2298/426 330/2299/324 331/2300/325

vt -6.03499 3.62907
vt -3.58363 5.33115
vt -5.97841 7.80703
f 342/2301/336 343/2302/337 424/2303/418

vt -6.23414 7.57759
vt -3.80258 5.13782
v 59.9368 15.9339 -20.2545
vt -4.57531 7.10059
vn 0.188423 0.276465 0.942371
f 424/2304/418 343/2305/337 440/2306/434

vt -4.94334 6.91884
vt -4.13697 4.96964
v 60.7255 15.547 -20.7733
vt -3.6873 6.59643
vn 0.241942 0.304619 0.921234
f 440/2307/434 343/2308/337 441/2309/435

vt -3.79444 4.92566
vt -2.98345 5.60869
vt -3.32885 6.54797
f 343/2310/337 344/2311/338 441/2312/435

vt -3.54961 5.40266
vt -2.98735 6.98221
vt -3.89372 6.34241
f 344/2313/338 350/2314/344 441/2315/435

vt -2.53317 5.62105
vt -2.92531 6.94827
vt -3.48409 5.36749
f 345/2316/339 350/2317/344 344/2318/338

vt -3.12115 7.16047
v 60.7369 16.6475 -20.9731
vt -4.10044 8.4207
vn 0.316257 0.324817 0.891334
vt -4.02698 6.5199
f 350/2319/344 442/2320/436 441/2321/435

vt -3.30085 7.02412
vt -3.20968 9.24733
vt -4.28205 8.28287
f 350/2322/344 351/2323/345 442/2324/436

vt -4.31028 8.33159
vt -3.23668 9.29468
vt -3.81483 9.39655
f 442/2325/436 351/2326/345 352/2327/346

vt -3.85115 7.89371
vt -3.38806 8.97313
v 60.1926 17.2877 -20.9397
vt -4.6562 8.92106
vn 0.198713 0.338746 0.919655
f 442/2328/436 352/2329/346 443/2330/437

vt -4.68156 9.52007
vt -3.41343 9.57224
v 60.3422 17.8273 -21.0427
vt -4.51873 10.4675
vn 0.201123 0.287273 0.936496
f 443/2331/437 352/2332/346 444/2333/438

vt -3.52084 9.51094
vt -3.86454 10.9379
vt -4.63382 10.3966
f 352/2334/346 353/2335/347 444/2336/438

vt -3.70787 10.7748
v 60.1456 18.3312 -21.0719
vt -4.78921 11.0671
vn 0.192599 0.374926 0.906828
vt -4.47884 10.2359
f 353/2337/347 445/2338/439 444/2339/438

vt -3.59253 12.2899
vt -4.82974 10.8741
vt -3.74876 10.5804
f 354/2340/348 445/2341/439 353/2342/347

vt -3.34703 11.8278
v 59.8628 19.298 -21.7551
vt -4.86787 12.3889
vn 0.119148 0.416431 0.901326
vt -4.55826 10.3897
f 354/2343/348 446/2344/440 445/2345/439

v 60.1532 20.5658 -22.7146
vt -4.27112 15.4106
vn 0.0902826 0.393978 0.914675
vt -4.78318 12.7899
vt -3.25915 12.2375
f 447/2346/441 446/2347/440 354/2348/348

vt -3.80859 15.1762
v 58.1029 20.5963 -22.2031
vt -6.837 14.9175
vn 0.0522468 0.467607 0.882391
vt -4.26345 12.5449
f 447/2349/441 448/2350/442 446/2351/440

vt -3.79569 14.8967
v 59.9534 21.1625 -23.1736
vt -4.07285 16.1485
vn 0.0201436 0.489248 0.871912
vt -6.82392 14.6359
f 447/2352/441 449/2353/443 448/2354/442

vt -4.01675 14.8613
v 61.291 20.4784 -23.1469
vt -2.3163 14.9782
vn 0.130641 0.367058 0.920979
vt -4.27394 16.1174
f 447/2355/441 450/2356/444 449/2357/443

vt -2.33683 15.5449
vt -4.03741 15.43
vt -2.82478 13.5466
f 450/2358/444 447/2359/441 355/2360/349

vt -2.67439 13.6651
vt -3.89364 15.5442
vt -2.84576 12.3827
f 355/2361/349 447/2362/441 354/2363/348

vt -2.25317 14.9322
vt -2.84841 15.7527
vt -3.36072 13.7605
f 356/2364/350 450/2365/444 355/2366/349

v 62.1428 21.0552 -23.7893
vt -1.33641 17.2106
vn 0.320744 0.277008 0.905754
vt -2.61908 15.8988
vt -2.02571 15.0769
f 451/2367/445 450/2368/444 356/2369/350

v 62.0321 21.6261 -24.0467
vt -1.18226 17.9745
vn 0.0146094 0.566634 0.82384
vt -2.30963 15.5872
vt -1.02763 16.8997
f 452/2370/446 450/2371/444 451/2372/445

vt -2.15993 15.4708
vt -1.04415 17.8635
vt -4.12789 16.592
f 450/2373/444 452/2374/446 449/2375/443

vt -3.40299 12.0564
vt -0.439277 13.587
v 60.7642 21.4637 -23.9383
vt -2.28842 13.1868
vn -0.055081 0.718583 0.693256
f 449/2376/443 452/2377/446 453/2378/447

vt -0.0909605 8.31987
vt -1.46153 8.19906
vt -1.89323 7.74425
f 452/2379/446 366/2380/360 453/2381/447

vt -0.681543 8.63767
vt -1.46728 8.43244
vt -0.0964984 8.55087
f 365/2382/359 366/2383/360 452/2384/446

vt 0.237813 10.9014
vt -0.61211 10.6048
vt -0.0253638 10.5304
f 364/2385/358 365/2386/359 452/2387/446

v 62.3497 21.5021 -24.1433
vt -0.995544 16.5792
vn 0.552232 0.311615 0.773263
vt -1.10097 16.9947
vt -1.47024 16.7291
f 454/2388/448 364/2389/358 452/2390/446

vt -0.334322 17.3884
vt -0.531955 17.4446
vt -0.398517 17.0373
f 363/2391/357 364/2392/358 454/2393/448

vt -2.20992 17.7784
vt -2.2771 17.4278
vt -1.90711 16.4758
f 363/2394/357 454/2395/448 361/2396/355

v 62.2791 20.9398 -24.0433
vt -1.58975 17.0051
vn 0.984783 -0.159473 0.0690675
vt -1.29519 17.0436
vt -1.71851 17.9731
f 455/2397/449 361/2398/355 454/2399/448

vt -1.3721 15.1674
vt -1.24655 16.1963
vt -1.54096 16.1566
f 360/2400/354 361/2401/355 455/2402/449

vt -2.17945 15.9813
vt -1.97136 16.963
vt -2.27474 17.0024
f 360/2403/354 455/2404/449 451/2405/445

vt -1.98307 17.0788
vt -1.97703 18.0554
vt -2.28651 17.1177
f 455/2406/449 454/2407/448 451/2408/445

vt -1.31661 17.9499
vt -1.1666 16.8745
vt -0.839973 17.8063
f 452/2409/446 451/2410/445 454/2411/448

vt -2.79529 14.8294
vt -2.16443 15.9847
vt -2.2568 17.0061
f 356/2412/350 360/2413/354 451/2414/445

vt -2.54902 14.1923
vt -2.33225 15.5695
vt -2.90653 14.385
f 359/2415/353 360/2416/354 356/2417/350

vt -2.59919 13.5462
vt -2.56134 14.7215
vt -2.92303 14.9063
f 357/2418/351 359/2419/353 356/2420/350

vt -2.12153 8.60348
vt -1.66279 9.03098
v 60.4372 21.4362 -24.2365
vt -2.64345 8.81144
vn -0.0811139 0.964067 -0.252974
f 453/2421/447 366/2422/360 456/2423/450

vt 2.47245 12.0715
vt 2.90507 11.6245
vt 3.45082 11.842
f 366/2424/360 367/2425/361 456/2426/450

vt 2.59619 9.34861
v 59.5615 21.2114 -24.5743
vt 4.39138 9.24534
vn -0.0144307 0.304859 -0.952288
vt 3.1015 9.64825
f 367/2427/361 457/2428/451 456/2429/450

vt 2.53727 14.4908
vt 4.02323 14.0239
vt 4.33444 14.4311
f 367/2430/361 368/2431/362 457/2432/451

vt 4.43799 14.6121
vt 4.11198 14.2166
vt 5.87712 14.3797
f 457/2433/451 368/2434/362 369/2435/363

vt 5.45946 8.4063
vt 4.6659 8.26716
vt 6.06029 7.84193
f 381/2436/375 457/2437/451 369/2438/363

vt 3.36013 7.28452
vt 4.59306 6.73136
vt 5.37694 6.91743
f 456/2439/450 457/2440/451 381/2441/375

vt -2.68759 4.9117
vt -4.71886 4.63551
vt -4.61577 4.33413
f 456/2442/450 381/2443/375 382/2444/376

vt -2.3657 6.94948
vt -2.87147 7.19409
vt -4.83185 6.73763
f 453/2445/447 456/2446/450 382/2447/376

vt -2.44531 10.8852
vt -4.91573 10.7309
v 59.7409 21.3877 -23.5668
vt -3.92698 10.4048
vn -0.0274105 0.597986 0.801038
f 453/2448/447 382/2449/376 458/2450/452

vt -3.80705 11.5934
vt -4.80395 11.8936
vt -5.71551 11.3591
f 458/2451/452 382/2452/376 383/2453/377

vt -3.88857 13.9845
vt -5.80027 13.7783
v 58.6447 21.1069 -23.0717
vt -5.4685 13.1377
vn -0.0232293 0.538699 0.842178
f 458/2454/452 383/2455/377 459/2456/453

vt -5.95515 13.6751
vt -7.46878 12.8165
vt -5.63952 13.0264
f 383/2457/377 388/2458/382 459/2459/453

vt -5.51527 10.9691
vt -7.6978 10.8264
vt -6.95746 9.99522
f 383/2460/377 384/2461/378 388/2462/382

vt -6.4735 12.9817
vt -5.69095 14.4171
vt -7.52166 14.2203
f 448/2463/442 459/2464/453 388/2465/382

vt -6.42844 12.8947
vt -3.73075 14.5006
vt -5.65256 14.3337
f 448/2466/442 449/2467/443 459/2468/453

vt -5.64968 14.2409
vt -3.72792 14.4085
vt -4.0501 15.05
f 459/2469/453 449/2470/443 458/2471/452

vt -3.9527 14.205
vt -2.74375 15.2338
vt -4.25489 14.8562
f 449/2472/443 453/2473/447 458/2474/452

vt -6.81549 12.5458
vt -7.80944 13.8283
vt -8.83762 13.0161
f 448/2475/442 388/2476/382 389/2477/383

v 57.062 20.2327 -21.4241
vt -8.28301 12.3592
vn -0.0189538 0.442878 0.896382
vt -6.73187 13.4694
vt -8.75903 13.9174
f 460/2478/454 448/2479/442 389/2480/383

vt -7.92451 12.0888
vt -6.93458 14.3162
vt -8.50857 13.2387
f 420/2481/414 448/2482/442 460/2483/454

vt -7.63074 11.3455
vt -7.19734 14.8026
vt -8.24601 12.6022
f 422/2484/416 448/2485/442 420/2486/414

vt -7.01419 14.6263
vt -7.3868 11.1621
vt -4.46773 12.2246
f 448/2487/442 422/2488/416 446/2489/440

vt -4.45121 12.1336
vt -7.36899 11.0676
v 59.1996 18.4737 -20.6701
vt -5.50141 10.1196
vn 0.0926478 0.347837 0.932966
f 446/2490/440 422/2491/416 461/2492/455

vt -5.05362 11.2065
vt -6.93237 12.1321
vt -6.34845 9.39662
f 461/2493/455 422/2494/416 423/2495/417

vt -5.40131 11.3808
vt -6.68615 9.56382
v 59.303 17.4002 -20.5289
vt -5.22322 9.55566
vn 0.107909 0.327759 0.938579
f 461/2496/455 423/2497/417 462/2498/456

vt -6.68953 8.95761
v 59.7773 16.6013 -20.2124
vt -4.53795 7.46964
vn 0.140371 0.347047 0.927283
vt -5.22661 8.94946
f 423/2499/417 463/2500/457 462/2501/456

vt -5.91046 6.90092
vt -4.52825 7.48525
vt -6.68021 8.97268
f 424/2502/418 463/2503/457 423/2504/417

vt -6.23127 7.58463
vt -4.57251 7.10739
vt -4.85088 8.17325
f 424/2505/418 440/2506/434 463/2507/457

vt -5.3066 7.98452
vt -5.00445 6.92515
vt -3.79743 8.50766
f 463/2508/457 440/2509/434 442/2510/436

vt -4.94719 6.90712
vt -3.6911 6.58491
vt -3.7362 8.4866
f 440/2511/434 441/2512/435 442/2513/436

vt -5.15758 7.56236
vt -3.64826 8.08507
vt -4.46535 9.10287
f 463/2514/457 442/2515/436 443/2516/437

vt -5.54091 8.82108
vt -4.86991 7.33318
vt -4.19665 8.88208
f 462/2517/456 463/2518/457 443/2519/437

vt -4.03816 10.5733
vt -5.57488 9.5705
vt -4.23062 9.63149
f 444/2520/438 462/2521/456 443/2522/437

vt -3.93614 10.4952
vt -5.66798 11.3223
vt -5.47676 9.49843
f 444/2523/438 461/2524/455 462/2525/456

vt -4.28709 11.2549
vt -5.71201 11.2481
vt -3.97934 10.4228
f 445/2526/439 461/2527/455 444/2528/438

vt -4.28367 10.3826
vt -4.6318 12.3755
vt -5.70859 10.3756
f 445/2529/439 446/2530/440 461/2531/455

vt -10.8709 11.1953
vt -7.04744 12.5196
vt -7.67902 13.6441
f 419/2532/413 420/2533/414 460/2534/454

vt -10.8095 11.0723
vt -7.62174 13.5265
v 54.844 19.8356 -21.4508
vt -10.8877 12.8834
vn -0.0537308 0.424588 0.903791
f 419/2535/413 460/2536/454 464/2537/458

vt -7.58024 13.2064
v 56.0282 20.4359 -21.7785
vt -9.12186 13.746
vn -0.0657394 0.469847 0.880297
vt -10.8453 12.5584
f 460/2538/454 465/2539/459 464/2540/458

vt -7.77602 12.3631
vt -8.31525 13.9006
vt -9.31197 12.9188
f 460/2541/454 389/2542/383 465/2543/459

vt -9.07429 12.3128
vt -8.09433 13.3114
vt -9.71541 13.3313
f 465/2544/459 389/2545/383 390/2546/384

vt -9.05087 12.3254
vt -9.69371 13.3428
v 54.9456 20.4793 -22.1011
vt -10.6674 12.595
vn -0.063688 0.482516 0.873568
f 465/2547/459 390/2548/384 466/2549/460

vt -9.63132 13.1325
v 54.7647 20.8211 -22.703
vt -10.9215 13.3463
vn -0.0568612 0.54981 0.833352
vt -10.6014 12.38
f 390/2550/384 467/2551/461 466/2552/460

vt -9.78689 11.2949
vt -11.1883 12.2409
vt -11.0736 11.5288
f 390/2553/384 391/2554/385 467/2555/461

vt -11.1704 11.6312
vt -11.2762 12.3448
v 53.2819 20.8548 -23.037
vt -13.3698 11.9159
vn -0.0430956 0.613709 0.788355
f 467/2556/461 391/2557/385 468/2558/462

vt -11.1038 9.87297
vt -13.7647 10.1745
vt -13.185 9.38721
f 391/2559/385 392/2560/386 468/2561/462

vt -14.0144 10.3427
v 52.3551 20.8848 -23.3509
vt -14.8511 9.83965
vn -0.0245735 0.717045 0.696594
vt -13.4754 9.52701
f 392/2562/386 469/2563/463 468/2564/462

vt -13.9715 9.95585
vt -19.3426 10.0294
vt -14.8031 9.44418
f 392/2565/386 393/2566/387 469/2567/463

vt -15.0432 5.74992
vt -19.528 6.66511
vt -20.7142 6.46578
f 469/2568/463 393/2569/387 394/2570/388

vt -14.8541 12.0306
vt -20.5566 12.4229
v 49.434 20.7316 -23.0036
vt -19.1356 11.4757
vn -0.0207156 0.589547 0.807468
f 469/2571/463 394/2572/388 470/2573/464

vt -19.3063 11.3254
vt -20.6932 12.3218
v 48.0662 20.8178 -23.1275
vt -21.3156 11.5852
vn -0.0153512 0.589395 0.807699
f 470/2574/464 394/2575/388 471/2576/465

vt -20.6395 11.753
vt -23.8197 11.7806
vt -21.2492 11.0059
f 394/2577/388 396/2578/390 471/2579/465

vt -20.6509 7.22862
vt -23.9447 7.87023
vt -23.831 7.26884
f 394/2580/388 395/2581/389 396/2582/390

vt -21.1404 11.756
vt -23.7265 12.4771
v 46.3042 20.7738 -23.1031
vt -23.7301 11.6451
vn 0.0257234 0.544046 0.838661
f 471/2583/465 396/2584/390 472/2585/466

vt -23.9085 14.7189
vt -23.8022 15.544
vt -24.6109 14.6448
f 472/2586/466 396/2587/390 397/2588/391

vt -23.8422 16.2437
vt -24.5454 16.1782
v 45.9907 20.2229 -22.2065
vt -24.399 14.765
vn 0.0221027 0.459839 0.887727
f 472/2589/466 397/2590/391 473/2591/467

vt -24.6832 15.3778
v 45.0392 20.2802 -22.0113
vt -25.8918 13.9447
vn 0.00905359 0.445794 0.89509
vt -24.4881 13.9705
f 397/2592/391 474/2593/468 473/2594/467

v 44.1157 20.5256 -22.3059
vt -27.095 13.4322
vn -0.135832 0.523822 0.840929
vt -25.7363 12.8313
vt -24.5665 14.2963
f 475/2595/469 474/2596/468 397/2597/391

vt -26.8798 14.0119
v 43.5126 19.7636 -21.608
vt -27.7416 12.3325
vn -0.134933 0.453379 0.881045
vt -25.511 13.4344
f 475/2598/469 476/2599/470 474/2600/468

vt -13.184 2.97767
vt -13.2604 0.00514087
vt -13.0187 1.87727
f 398/2601/392 476/2602/470 475/2603/469

vt -28.8927 13.0514
vt -27.514 11.1042
vt -26.37 13.8488
f 402/2604/396 476/2605/470 398/2606/392

vt -27.7027 13.1595
vt -28.978 10.3674
vt -26.2444 11.2711
f 402/2607/396 403/2608/397 476/2609/470

vt -29.0342 10.6039
vt -27.4724 9.62182
vt -26.2996 11.5046
f 403/2610/397 407/2611/401 476/2612/470

vt -27.4043 9.71563
vt -28.9673 10.6958
vt -29.4054 8.7676
f 407/2613/401 403/2614/397 404/2615/398

vt -27.7115 13.2834
vt -28.931 11.4306
vt -25.9765 13.1052
f 476/2616/470 407/2617/401 408/2618/402

vt -27.7757 12.4831
vt -26.0411 12.3016
vt -25.5434 13.5816
f 476/2619/470 408/2620/402 474/2621/468

vt -26.3677 13.0073
v 45.7298 19.5237 -21.5316
vt -24.8386 12.7589
vn 0.0087717 0.41147 0.911381
vt -25.8466 14.2779
f 408/2622/402 477/2623/471 474/2624/468

vt -26.3505 13.1771
vt -25.03 10.9985
vt -24.8212 12.9305
f 408/2625/402 409/2626/403 477/2627/471

vt -24.7333 10.7106
v 48.5211 19.4175 -21.3775
vt -20.4346 12.3934
vn -0.0258596 0.417119 0.908484
vt -24.5436 12.6445
f 409/2628/403 478/2629/472 477/2630/471

vt -20.5525 10.5843
vt -20.4411 12.4193
vt -24.7401 10.7373
f 413/2631/407 478/2632/472 409/2633/403

vt -20.4284 12.4114
vt -20.5391 10.5763
vt -14.6408 11.7634
f 478/2634/472 413/2635/407 418/2636/412

vt -20.5742 10.8068
vt -14.9532 9.81466
vt -14.675 11.9895
f 413/2637/407 414/2638/408 418/2639/412

vt -20.4739 11.8562
vt -14.6874 11.1982
v 51.0543 20.1493 -22.0357
vt -16.7652 13.4678
vn -0.0339338 0.475845 0.878874
f 478/2640/472 418/2641/412 479/2642/473

vt -16.625 13.5689
vt -14.5322 11.3131
vt -11.0274 12.7245
f 479/2643/473 418/2644/412 464/2645/458

vt -14.588 11.5359
vt -11.0134 11.1289
vt -11.0805 12.9404
f 418/2646/412 419/2647/413 464/2648/458

vt -16.6612 13.2063
vt -11.0652 12.3523
vt -10.9407 13.8108
f 479/2649/473 464/2650/458 466/2651/460

vt -10.6702 12.098
vt -8.95549 13.2981
vt -10.5735 13.5586
f 464/2652/458 465/2653/459 466/2654/460

vt -16.5854 11.8052
vt -10.8681 12.4401
vt -11.1674 13.413
f 479/2655/473 466/2656/460 467/2657/461

vt -11.1037 12.8506
vt -13.3052 13.1178
vt -16.5112 11.2083
f 467/2658/461 468/2659/462 479/2660/473

vt -13.4804 14.1009
vt -19.1375 13.85
vt -16.7213 12.2513
f 468/2661/462 470/2662/464 479/2663/473

vt -13.4136 10.1768
vt -14.793 10.473
vt -19.0679 9.86984
f 468/2664/462 469/2665/463 470/2666/464

vt -21.2241 13.9489
v 48.0917 20.2899 -22.2223
vt -21.1674 12.4571
vn -0.0240333 0.483933 0.874775
vt -16.8076 12.1075
vt -19.2103 13.7263
f 471/2667/465 480/2668/474 479/2669/473 470/2670/464 

vt -21.1692 13.8089
vt -23.7594 13.7085
vt -21.1024 12.3175
f 471/2671/465 472/2672/466 480/2673/474

vt -21.0778 12.3707
vt -23.7381 13.7553
vt -24.1667 12.2346
f 480/2674/474 472/2675/466 473/2676/467

vt -24.1957 13.6123
vt -20.4521 11.7974
vt -21.1065 13.7417
f 473/2677/467 478/2678/472 480/2679/474

vt -24.5699 12.0322
vt -20.4612 11.7768
vt -24.204 13.5934
f 477/2680/471 478/2681/472 473/2682/467

vt -25.8931 14.3602
vt -24.8957 12.8343
vt -24.4894 14.3855
f 474/2683/468 477/2684/471 473/2685/467

vt -20.4626 11.8028
vt -16.7548 13.4164
vt -21.116 13.7474
f 478/2686/472 479/2687/473 480/2688/474

vt -28.8397 12.6615
vt -26.3196 13.467
vt -27.6333 13.7594
f 402/2689/396 398/2690/392 399/2691/393

vt -28.6978 13.7105
vt -28.7041 12.1692
vt -27.5067 13.2769
f 400/2692/394 402/2693/396 399/2694/393

vt -30.5754 14.8419
vt -29.1981 13.2969
vt -29.1331 14.8369
f 401/2695/395 402/2696/396 400/2697/394

vt -26.9997 12.4105
vt -24.4815 13.304
vt -26.6678 13.4726
f 475/2698/469 397/2699/391 398/2700/392

vt 1.4178 15.9137
vt 3.38575 17.0349
vt 0.302014 18.3064
f 283/2701/277 284/2702/278 362/2703/356

vt -1.9714 2.44639
vt -2.2231 3.98035
vt -2.55712 2.53418
f 269/2704/263 270/2705/264 266/2706/260

vt -1.75893 1.12478
vt -1.97619 2.40694
vt -2.56186 2.49504
f 267/2707/261 269/2708/263 266/2709/260

vt -29.3111 9.47338
vt -28.1539 7.72295
vt -27.875 10.1073
f 237/2710/231 239/2711/233 320/2712/314

vt -28.4474 7.74828
vt -27.0081 8.37499
vt -28.6499 9.09912
f 237/2713/231 320/2714/314 236/2715/230

vt -30.833 -0.926863
vt -30.6368 -1.19126
vt -30.4897 -0.0727457
f 107/2716/101 108/2717/102 243/2718/237

vt 6.93164 -11.7558
vt 6.70965 -12.2786
vt 6.89099 -12.6754
f 243/2719/237 97/2720/91 107/2721/101

vt -1.22226 -7.7474
vt -1.40197 -9.05114
vt -1.1404 -8.54691
f 96/2722/90 97/2723/91 243/2724/237

vt -3.6442 -6.58689
vt -3.97965 -7.92346
vt -3.91587 -8.72461
f 94/2725/88 96/2726/90 243/2727/237

vt -3.37372 -6.8372
vt -3.43495 -8.06668
vt -3.10558 -6.7286
f 95/2728/89 96/2729/90 94/2730/88

vt -29.4057 1.99462
vt -30.0575 -0.059339
vt -28.6128 1.71638
f 94/2731/88 243/2732/237 240/2733/234

vt -28.9304 3.33134
vt -28.1372 3.05383
vt -28.6328 4.80358
f 94/2734/88 240/2735/234 93/2736/87

vt -27.8703 5.02969
vt -27.3754 3.27975
vt -26.822 5.41514
f 93/2737/87 240/2738/234 238/2739/232

vt -27.1607 6.84015
vt -27.6297 4.37483
vt -26.5815 4.7603
f 226/2740/220 93/2741/87 238/2742/232

vt 29.1238 10.07
vt 30.4964 9.41191
vt 30.1375 10.858
f 213/2743/207 219/2744/213 211/2745/205

vt 30.5293 10.0991
vt 31.3208 11.0464
vt 29.9493 11.7066
f 216/2746/210 219/2747/213 213/2748/207

vt 28.7153 10.02
vt 30.9869 9.98439
vt 30.4199 11.5966
f 215/2749/209 216/2750/210 213/2751/207

vt 29.0095 11.7008
vt 26.0569 13.3785
vt 28.7615 10.9951
f 214/2752/208 178/2753/172 177/2754/171

vt 27.7971 13.6189
vt 26.0622 13.4407
vt 29.0166 11.7661
f 181/2755/175 178/2756/172 214/2757/208

vt 29.9929 11.4758
vt 27.2583 12.3765
vt 28.4311 10.4937
f 212/2758/206 181/2759/175 214/2760/208

vt 28.6863 14.1029
vt 27.228 12.2145
vt 29.9617 11.3108
f 185/2761/179 181/2762/175 212/2763/206

vt 32.2814 13.8091
vt 28.9759 14.705
vt 30.2878 11.9299
f 209/2764/203 185/2765/179 212/2766/206

vt 32.9712 16.6682
vt 29.0024 14.9186
vt 32.3092 14.0272
f 196/2767/190 185/2768/179 209/2769/203

vt 34.918 17.2984
vt 33.0129 16.7304
vt 32.3576 14.0877
f 199/2770/193 196/2771/190 209/2772/203

vt 4.97085 6.9191
vt 3.59046 7.50772
vt 3.31209 6.44186
f 74/2773/68 141/2774/135 139/2775/133

vt 4.96928 6.92732
vt 3.31045 6.45032
vt 2.53772 4.48755
f 74/2776/68 139/2777/133 73/2778/67

vt 30.0399 3.2434
vt 30.4731 1.8354
vt 33.3026 1.40379
f 99/2779/93 102/2780/96 98/2781/92

vt 30.0003 3.53699
vt 28.1713 2.67588
vt 30.4474 2.13332
f 99/2782/93 100/2783/94 102/2784/96

vt 19.1684 -7.12194
vt 18.844 -6.55398
vt 18.5225 -7.23541
f 18/2785/12 21/2786/15 19/2787/13

g Mesh4 Pillow_Abernathy_7_1 Pillow_Abernathy_SKU_EAN5489__121_1 Group3 Group2 Group1 Model

v 17.2137 12.1477 -21.5706
v 19.2183 12.1341 -21.7123
v 19.5975 12.2306 -21.3421
f 481/28/11 482/29/12 483/30/13

v 17.1559 12.0981 -22.1328
f 484/31/14 482/32/12 481/33/11

v 19.5516 12.1534 -22.1504
f 484/34/14 485/35/15 482/36/12

v 17.0489 12.2276 -22.7116
f 484/37/14 486/38/16 485/39/15

v 16.4297 12.1049 -22.4479
f 487/40/17 486/41/16 484/42/14

v 16.4628 12.5481 -23.5605
f 488/43/18 486/44/16 487/45/17

v 16.9038 12.8068 -23.662
f 488/46/18 489/47/19 486/48/16

v 16.6167 13.5166 -24.415
f 490/49/20 489/50/19 488/51/18

v 19.7361 12.9733 -23.7332
f 491/52/21 489/53/19 490/54/20

v 19.5916 12.5005 -23.1233
f 491/55/21 492/56/22 489/57/19

v 22.2397 12.8252 -23.4022
f 491/58/21 493/59/23 492/60/22

v 22.1651 13.625 -24.2491
f 494/61/24 493/62/23 491/63/21

v 24.0706 13.1219 -23.7443
f 495/64/25 493/65/23 494/66/24

v 23.269 12.3628 -22.7413
f 493/67/23 495/68/25 496/69/26

v 25.0156 12.643 -23.1593
f 496/70/26 495/71/25 497/72/27

v 26.6832 13.5399 -24.1063
f 498/73/28 497/74/27 495/75/25

v 26.5828 12.7047 -23.2421
f 499/76/29 497/77/27 498/78/28

v 26.4714 12.3517 -22.6561
f 497/79/27 499/80/29 500/81/30

v 26.9801 12.2479 -22.6604
f 499/82/29 501/83/31 500/84/30

v 27.5136 12.8855 -23.6886
f 501/85/31 499/86/29 502/87/32

f 502/88/32 499/89/29 498/90/28

v 28.7211 13.5558 -24.2734
f 502/91/32 498/92/28 503/93/33

v 26.6266 14.5957 -24.8131
f 503/94/33 498/95/28 504/96/34

v 24.5115 14.1451 -24.5737
f 504/97/34 498/98/28 505/99/35

f 498/100/28 495/101/25 505/102/35

f 495/103/25 494/104/24 505/105/35

v 21.4375 14.5732 -24.8941
f 505/106/35 494/107/24 506/108/36

v 16.2851 14.4078 -25.03
f 494/109/24 507/110/37 506/111/36

f 494/112/24 490/113/20 507/114/37

f 491/115/21 490/116/20 494/117/24

v 14.3962 13.8997 -24.8617
f 507/118/37 490/119/20 508/120/38

v 14.9471 12.8008 -24.0193
f 508/121/38 490/122/20 509/123/39

f 490/124/20 488/125/18 509/126/39

v 15.4003 12.1981 -22.9775
f 488/127/18 510/128/40 509/129/39

f 510/130/40 488/131/18 487/132/17

v 14.8632 12.058 -21.9041
f 510/133/40 487/134/17 511/135/41

v 16.2526 12.0897 -21.9492
f 511/136/41 487/137/17 512/138/42

f 487/139/17 484/140/14 512/141/42

f 512/142/42 484/143/14 481/144/11

v 16.6742 12.1959 -21.3905
f 512/145/42 481/146/11 513/147/43

v 17.1994 12.3071 -21.1459
f 513/148/43 481/149/11 514/150/44

f 514/151/44 481/152/11 483/153/13

v 19.4762 12.4435 -20.9542
f 514/154/44 483/155/13 515/156/45

v 21.7982 12.2892 -21.2796
f 483/157/13 516/158/46 515/159/45

v 21.9022 12.218 -21.6882
f 483/160/13 517/161/47 516/162/46

f 485/163/15 517/164/47 483/165/13

v 22.1387 12.2413 -22.1954
f 485/166/15 518/167/48 517/168/47

f 485/169/15 492/170/22 518/171/48

v 19.4938 12.2452 -22.6005
f 519/172/49 492/173/22 485/174/15

f 486/175/16 492/176/22 519/177/49

f 489/178/19 492/179/22 486/180/16

f 486/181/16 519/182/49 485/183/15

v 22.0559 12.4394 -22.7923
f 492/184/22 520/185/50 518/186/48

f 492/187/22 493/188/23 520/189/50

f 520/190/50 493/191/23 496/192/26

f 520/193/50 496/194/26 518/195/48

v 23.0187 12.1392 -21.7333
f 518/196/48 496/197/26 521/198/51

v 23.2454 12.144 -22.1081
f 521/199/51 496/200/26 522/201/52

v 24.7084 12.2716 -22.3404
f 522/202/52 496/203/26 523/204/53

f 496/205/26 497/206/27 523/207/53

f 523/208/53 497/209/27 500/210/30

v 26.5106 12.127 -22.0331
f 523/211/53 500/212/30 524/213/54

f 500/214/30 501/215/31 524/216/54

v 28.0072 12.1504 -22.0942
f 524/217/54 501/218/31 525/219/55

v 28.0458 12.346 -22.8651
f 501/220/31 526/221/56 525/222/55

v 28.3415 12.828 -23.6179
f 526/223/56 501/224/31 527/225/57

f 527/226/57 501/227/31 502/228/32

f 527/229/57 502/230/32 503/231/33

v 29.9001 12.7979 -22.7936
f 528/232/58 527/233/57 503/234/33

v 28.938 12.3214 -22.4486
f 529/235/59 527/236/57 528/237/58

f 529/238/59 526/239/56 527/240/57

f 525/241/55 526/242/56 529/243/59

v 29.2321 12.0786 -21.5548
f 525/244/55 529/245/59 530/246/60

v 29.8536 12.2388 -22.1202
f 530/247/60 529/248/59 531/249/61

f 529/250/59 528/251/58 531/252/61

v 31.0537 12.0347 -21.766
f 532/253/62 531/254/61 528/255/58

v 30.3808 11.9508 -21.5575
f 531/256/61 532/257/62 533/258/63

v 31.4282 11.7946 -21.1251
f 533/259/63 532/260/62 534/261/64

v 32.3819 11.7606 -21.2213
f 534/262/64 532/263/62 535/264/65

f 535/265/65 532/266/62 528/267/58

v 32.3371 12.6986 -22.0165
f 535/268/65 528/269/58 536/270/66

v 31.5833 13.76 -22.9601
f 536/271/66 528/272/58 537/273/67

v 30.0963 14.67 -24.5941
f 528/274/58 538/275/68 537/276/67

v 29.0771 14.2507 -24.5958
f 539/277/69 538/278/68 528/279/58

v 28.5529 15.7319 -25.1798
f 539/280/69 540/281/70 538/282/68

f 539/283/69 504/284/34 540/285/70

f 503/286/33 504/287/34 539/288/69

f 528/289/58 503/290/33 539/291/69

v 26.532 15.8471 -25.3549
f 540/292/70 504/293/34 541/294/71

v 23.7689 15.4179 -25.2254
f 541/295/71 504/296/34 542/297/72

f 504/298/34 505/299/35 542/300/72

f 542/301/72 505/302/35 506/303/36

v 19.6177 15.9682 -25.5595
f 542/304/72 506/305/36 543/306/73

v 15.3786 15.3479 -25.4689
f 543/307/73 506/308/36 544/309/74

f 506/310/36 507/311/37 544/312/74

f 544/313/74 507/314/37 508/315/38

v 13.1262 14.6945 -25.0647
f 508/316/38 545/317/75 544/318/74

v 12.2904 13.9248 -23.9725
f 546/319/76 545/320/75 508/321/38

v 12.4014 15.0404 -24.9226
f 546/322/76 547/323/77 545/324/75

v 11.4868 14.9253 -24.1709
f 548/325/78 547/326/77 546/327/76

v 11.3512 15.6831 -24.3873
f 548/328/78 549/329/79 547/330/77

v 11.0615 14.9349 -23.634
f 549/331/79 548/332/78 550/333/80

v 11.2157 13.856 -23.3586
f 551/334/81 550/335/80 548/336/78

v 10.888 12.8067 -22.6059
v 10.6356 13.8887 -22.7843
f 552/337/82 553/338/83 550/339/80 551/340/81 

v 10.3593 12.9718 -22.1722
f 554/341/84 553/342/83 552/343/82

v 10.3395 13.6558 -22.2025
f 555/344/85 553/345/83 554/346/84

v 10.4403 14.1008 -22.2912
f 553/347/83 555/348/85 556/349/86

v 10.555 14.1757 -21.8094
f 556/350/86 555/351/85 557/352/87

v 10.3808 13.3102 -21.6854
f 557/353/87 555/354/85 558/355/88

v 10.3384 13.1491 -21.9555
f 555/356/85 559/357/89 558/358/88

f 555/359/85 554/360/84 559/361/89

v 10.0914 12.502 -21.7324
f 559/362/89 554/363/84 560/364/90

v 9.83609 11.7576 -21.6513
f 554/365/84 561/366/91 560/367/90

f 554/368/84 552/369/82 561/370/91

v 10.9756 12.0061 -22.131
f 561/371/91 552/372/82 562/373/92

v 13.1942 12.668 -23.2789
f 552/374/82 563/375/93 562/376/92

f 552/377/82 546/378/76 563/379/93

f 552/380/82 551/381/81 546/382/76

f 551/383/81 548/384/78 546/385/76

f 563/386/93 546/387/76 508/388/38

f 508/389/38 509/390/39 563/391/93

v 14.4441 12.2652 -22.9794
f 509/392/39 564/393/94 563/394/93

f 509/395/39 510/396/40 564/397/94

v 13.8716 12.1007 -22.4225
f 565/398/95 564/399/94 510/400/40

v 12.9006 12.1214 -22.5015
f 564/401/94 565/402/95 566/403/96

v 11.5909 11.8392 -21.8793
f 567/404/97 566/405/96 565/406/95

f 566/407/96 567/408/97 562/409/92

v 10.5882 11.5803 -21.6698
f 567/410/97 568/411/98 562/412/92

v 10.456 11.4988 -21.4599
f 569/413/99 568/414/98 567/415/97

v 9.80709 11.4214 -21.4086
f 570/416/100 568/417/98 569/418/99

f 562/419/92 568/420/98 570/421/100

f 570/422/100 561/423/91 562/424/92

v 9.71308 11.6197 -21.4036
f 561/425/91 570/426/100 571/427/101

v 9.82437 11.5165 -21.236
f 571/428/101 570/429/100 572/430/102

f 570/431/100 569/432/99 572/433/102

v 10.457 11.5501 -21.2986
f 572/434/102 569/435/99 573/436/103

v 11.3473 11.7697 -21.4344
f 573/437/103 569/438/99 574/439/104

f 569/440/99 567/441/97 574/442/104

v 12.303 11.9303 -21.4406
f 574/443/104 567/444/97 575/445/105

v 13.5536 11.9762 -21.8365
f 575/446/105 567/447/97 576/448/106

f 567/449/97 565/450/95 576/451/106

f 565/452/95 511/453/41 576/454/106

f 511/455/41 565/456/95 510/457/40

v 14.2214 12.1424 -21.4617
f 576/458/106 511/459/41 577/460/107

v 15.1741 12.1804 -21.4487
f 577/461/107 511/462/41 578/463/108

f 511/464/41 512/465/42 578/466/108

f 578/467/108 512/468/42 513/469/43

v 16.2219 12.4451 -20.9595
f 578/470/108 513/471/43 579/472/109

f 579/473/109 513/474/43 514/475/44

v 17.1169 12.5922 -20.7706
f 579/476/109 514/477/44 580/478/110

f 580/479/110 514/480/44 515/481/45

v 19.514 12.7609 -20.5996
f 580/482/110 515/483/45 581/484/111

v 21.9021 12.5066 -20.9091
f 515/485/45 582/486/112 581/487/111

f 515/488/45 516/489/46 582/490/112

v 22.8829 12.2395 -21.255
f 516/491/46 583/492/113 582/493/112

f 516/494/46 517/495/47 583/496/113

f 517/497/47 521/498/51 583/499/113

f 517/500/47 518/501/48 521/502/51

v 23.5441 12.2223 -21.2016
f 583/503/113 521/504/51 584/505/114

v 24.3008 12.2568 -21.3434
f 584/506/114 521/507/51 585/508/115

f 521/509/51 522/510/52 585/511/115

f 522/512/52 523/513/53 585/514/115

v 25.6567 12.0931 -21.7887
f 585/515/115 523/516/53 586/517/116

f 523/518/53 524/519/54 586/520/116

v 26.1454 12.12 -21.5436
f 586/521/116 524/522/54 587/523/117

v 27.7957 12.1658 -21.4124
f 587/524/117 524/525/54 588/526/118

f 524/527/54 525/528/55 588/529/118

v 29.4556 12.0963 -20.9951
f 588/530/118 525/531/55 589/532/119

f 525/533/55 530/534/60 589/535/119

v 30.5282 11.9038 -20.879
f 589/536/119 530/537/60 590/538/120

f 530/539/60 533/540/63 590/541/120

f 530/542/60 531/543/61 533/544/63

f 590/545/120 533/546/63 534/547/64

v 31.3361 11.9468 -20.6255
f 590/548/120 534/549/64 591/550/121

v 31.9914 11.7292 -20.7818
f 591/551/121 534/552/64 592/553/122

f 534/554/64 535/555/65 592/556/122

v 32.6642 11.6177 -20.8477
f 592/557/122 535/558/65 593/559/123

v 33.3583 11.5857 -20.701
f 594/560/124 593/561/123 535/562/65

v 33.073 11.639 -20.6561
f 593/563/123 594/564/124 595/565/125

v 33.4003 11.9299 -20.5357
f 595/566/125 594/567/124 596/568/126

v 33.549 11.7321 -20.7094
f 594/569/124 597/570/127 596/571/126

v 33.4347 11.7285 -20.9737
f 594/572/124 598/573/128 597/574/127

f 598/575/128 594/576/124 535/577/65

f 598/578/128 535/579/65 536/580/66

v 33.2342 12.3029 -21.2945
f 536/581/66 599/582/129 598/583/128

v 32.9595 13.0583 -21.7097
f 536/584/66 600/585/130 599/586/129

v 32.114 14.2137 -22.8679
f 536/587/66 601/588/131 600/589/130

f 537/590/67 601/591/131 536/592/66

v 31.9012 14.6734 -23.2055
f 537/593/67 602/594/132 601/595/131

v 31.15 14.6266 -23.8944
f 603/596/133 602/597/132 537/598/67

v 31.9233 15.6499 -23.7507
f 603/599/133 604/600/134 602/601/132

v 31.0063 15.1117 -24.3598
f 605/602/135 604/603/134 603/604/133

v 31.3944 16.1119 -24.2133
f 605/605/135 606/606/136 604/607/134

v 30.5312 15.92 -24.6501
f 607/608/137 606/609/136 605/610/135

v 31.5487 16.5967 -24.4688
f 608/611/138 606/612/136 607/613/137

v 32.045 16.3228 -23.6288
f 606/614/136 608/615/138 609/616/139

v 32.3442 16.4864 -23.1917
f 609/617/139 608/618/138 610/619/140

v 31.9996 17.0403 -24.1579
f 610/620/140 608/621/138 611/622/141

v 31.3609 17.0003 -24.7774
f 611/623/141 608/624/138 612/625/142

v 30.4414 16.8361 -25.2295
f 612/626/142 608/627/138 613/628/143

f 608/629/138 607/630/137 613/631/143

v 29.5613 15.8143 -24.9655
f 613/632/143 607/633/137 614/634/144

f 614/635/144 607/636/137 605/637/135

f 538/638/68 614/639/144 605/640/135

f 540/641/70 614/642/144 538/643/68

v 29.1778 17.2617 -25.6468
f 615/644/145 614/645/144 540/646/70

f 613/647/143 614/648/144 615/649/145

v 31.0601 18.175 -24.8816
f 616/650/146 613/651/143 615/652/145

f 612/653/142 613/654/143 616/655/146

v 32.0344 18.0608 -24.2459
f 617/656/147 612/657/142 616/658/146

f 617/659/147 611/660/141 612/661/142

v 32.3967 17.9039 -23.7749
f 611/662/141 617/663/147 618/664/148

v 32.1411 18.7981 -24.3981
f 617/665/147 619/666/149 618/667/148

v 31.3222 19.769 -24.9328
f 619/668/149 617/669/147 620/670/150

f 620/671/150 617/672/147 616/673/146

v 29.3041 19.4269 -25.4589
f 620/674/150 616/675/146 621/676/151

f 621/677/151 616/678/146 615/679/145

v 28.7299 17.9536 -25.8473
f 615/680/145 622/681/152 621/682/151

f 540/683/70 622/684/152 615/685/145

f 540/686/70 541/687/71 622/688/152

v 26.1274 17.208 -25.6817
f 541/689/71 623/690/153 622/691/152

v 23.684 17.4509 -25.7167
f 624/692/154 623/693/153 541/694/71

v 26.0772 18.2972 -25.7339
f 624/695/154 625/696/155 623/697/153

v 22.268 18.8362 -25.6917
f 626/698/156 625/699/155 624/700/154

v 26.1556 19.2094 -25.6369
f 626/701/156 627/702/157 625/703/155

v 25.9486 19.8521 -25.4006
f 626/704/156 628/705/158 627/706/157

v 24.4507 20.0612 -25.2466
f 628/707/158 626/708/156 629/709/159

v 20.6087 19.8688 -25.4058
f 629/710/159 626/711/156 630/712/160

v 19.2381 19.9871 -25.4404
v 19.303 19.0048 -25.8004
f 631/713/161 630/714/160 626/715/156 632/716/162 

v 20.5047 20.4811 -24.9347
f 630/717/160 631/718/161 633/719/163

v 19.2025 20.5721 -24.9706
f 633/720/163 631/721/161 634/722/164

v 17.4685 20.4665 -25.1589
f 634/723/164 631/724/161 635/725/165

v 17.4796 19.9027 -25.5282
f 631/726/161 636/727/166 635/728/165

f 631/729/161 632/730/162 636/731/166

v 17.2052 18.9015 -25.8857
f 632/732/162 637/733/167 636/734/166

v 19.8511 17.6614 -25.8506
f 637/735/167 632/736/162 638/737/168

f 638/738/168 632/739/162 626/740/156

f 638/741/168 626/742/156 624/743/154

v 23.4875 16.5783 -25.5935
f 638/744/168 624/745/154 639/746/169

f 639/747/169 624/748/154 541/749/71

f 542/750/72 639/751/169 541/752/71

f 543/753/73 639/754/169 542/755/72

f 638/756/168 639/757/169 543/758/73

v 16.8447 16.7838 -25.8585
f 543/759/73 640/760/170 638/761/168

f 544/762/74 640/763/170 543/764/73

v 14.0946 16.6412 -25.9147
f 641/765/171 640/766/170 544/767/74

v 15.9351 18.0112 -26.1723
f 642/768/172 640/769/170 641/770/171

v 16.968 17.9277 -25.9752
f 642/771/172 643/772/173 640/773/170

v 16.2671 18.8027 -26.1247
f 642/774/172 644/775/174 643/776/173

v 14.7551 18.1176 -26.1909
f 645/777/175 644/778/174 642/779/172

v 15.3338 19.1611 -26.1047
f 646/780/176 644/781/174 645/782/175

v 17.0269 19.7869 -25.7464
f 646/783/176 647/784/177 644/785/174

v 15.5396 19.8718 -25.7842
f 646/786/176 648/787/178 647/788/177

f 648/789/178 646/790/176 645/791/175

v 13.8212 19.3991 -25.8104
f 649/792/179 648/793/178 645/794/175

v 14.6471 20.0897 -25.6569
f 649/795/179 650/796/180 648/797/178

v 13.8416 20.4098 -25.4666
f 651/798/181 650/799/180 649/800/179

v 14.3476 20.7605 -25.157
f 652/801/182 650/802/180 651/803/181

f 648/804/178 650/805/180 652/806/182

v 15.9917 20.5318 -25.2106
f 653/807/183 648/808/178 652/809/182

f 635/810/165 647/811/177 648/812/178 653/813/183 

f 636/814/166 647/815/177 635/816/165

f 636/817/166 637/818/167 647/819/177

f 647/820/177 637/821/167 644/822/174

f 644/823/174 637/824/167 643/825/173

f 643/826/173 637/827/167 638/828/168

f 640/829/170 643/830/173 638/831/168

v 16.0315 20.8745 -24.6652
f 635/832/165 653/833/183 654/834/184

v 15.2546 20.9502 -24.7634
f 654/835/184 653/836/183 655/837/185

f 653/838/183 652/839/182 655/840/185

v 14.242 21.0688 -24.6654
f 655/841/185 652/842/182 656/843/186

v 13.1308 21.0397 -25.1026
f 652/844/182 657/845/187 656/846/186

f 652/847/182 651/848/181 657/849/187

v 12.8623 20.3958 -25.5206
v 11.5406 20.977 -25.2137
f 651/850/181 658/851/188 659/852/189 657/853/187 

f 658/854/188 651/855/181 649/856/179

v 11.1473 20.6432 -25.346
f 660/857/190 658/858/188 649/859/179

f 659/860/189 658/861/188 660/862/190

v 10.862 21.3166 -24.9237
f 659/863/189 660/864/190 661/865/191

v 9.99737 21.4301 -25.0502
f 661/866/191 660/867/190 662/868/192

v 9.85865 21.0653 -25.1472
f 663/869/193 662/870/192 660/871/190

v 9.60939 21.5 -24.9752
f 663/872/193 664/873/194 662/874/192

v 9.59734 21.3655 -24.9281
f 664/875/194 663/876/193 665/877/195

v 9.50015 21.1385 -24.8546
f 665/878/195 663/879/193 666/880/196

v 10.1078 19.7549 -24.7665
f 667/881/197 666/882/196 663/883/193

v 9.81722 20.3996 -24.6554
f 666/884/196 667/885/197 668/886/198

v 9.93084 19.8438 -24.3888
f 668/887/198 667/888/197 669/889/199

v 10.1434 19.2863 -24.1673
f 669/890/199 667/891/197 670/892/200

v 10.69 18.2807 -24.5515
f 667/893/197 671/894/201 670/895/200

v 10.6235 19.2956 -25.0085
f 667/896/197 672/897/202 671/898/201

f 672/899/202 667/900/197 663/901/193

v 11.5703 19.0266 -25.3454
f 673/902/203 672/903/202 663/904/193

v 11.312 18.2767 -25.0764
f 673/905/203 674/906/204 672/907/202

v 11.9192 17.2286 -25.2523
f 673/908/203 675/909/205 674/910/204

v 12.8974 17.7772 -25.6297
f 676/911/206 675/912/205 673/913/203

v 12.562 16.6363 -25.5436
f 676/914/206 677/915/207 675/916/205

v 13.926 17.0545 -25.9747
f 678/917/208 677/918/207 676/919/206

f 641/920/171 677/921/207 678/922/208

v 13.7276 15.7293 -25.3702
f 641/923/171 679/924/209 677/925/207

f 544/926/74 679/927/209 641/928/171

f 545/929/75 679/930/209 544/931/74

f 547/932/77 679/933/209 545/934/75

v 12.2017 15.8895 -24.8742
f 547/935/77 680/936/210 679/937/209

f 547/938/77 549/939/79 680/940/210

v 11.0124 16.1811 -23.9538
f 681/941/211 680/942/210 549/943/79

v 11.3207 16.3128 -24.5436
f 682/944/212 680/945/210 681/946/211

v 11.6623 16.4478 -24.945
f 680/947/210 682/948/212 683/949/213

v 11.2148 17.1604 -24.688
f 684/950/214 683/951/213 682/952/212

f 683/953/213 684/954/214 675/955/205

f 675/956/205 684/957/214 674/958/204

f 671/959/201 674/960/204 684/961/214

f 674/962/204 671/963/201 672/964/202

v 10.6562 17.5239 -23.9031
f 671/965/201 684/966/214 685/967/215

v 10.8811 16.5872 -24.0143
f 685/968/215 684/969/214 686/970/216

f 684/971/214 682/972/212 686/973/216

f 682/974/212 681/975/211 686/976/216

v 10.7438 16.4325 -23.4638
f 686/977/216 681/978/211 687/979/217

v 10.7656 15.164 -23.1587
f 681/980/211 688/981/218 687/982/217

f 688/983/218 681/984/211 550/985/80

f 681/986/211 549/987/79 550/988/80

f 688/989/218 550/990/80 553/991/83

v 10.5717 14.7842 -22.5344
f 688/992/218 553/993/83 689/994/219

f 689/995/219 553/996/83 556/997/86

f 689/998/219 556/999/86 557/1000/87

v 10.8407 15.609 -22.0606
f 690/1001/220 689/1002/219 557/1003/87

v 10.6962 15.3343 -22.5874
f 691/1004/221 689/1005/219 690/1006/220

f 688/1007/218 689/1008/219 691/1009/221

v 10.6909 15.9473 -22.9528
f 692/1010/222 688/1011/218 691/1012/221

f 687/1013/217 688/1014/218 692/1015/222

v 10.6942 16.751 -23.0212
f 693/1016/223 687/1017/217 692/1018/222

f 685/1019/215 687/1020/217 693/1021/223

f 685/1022/215 686/1023/216 687/1024/217

v 10.636 17.517 -23.3587
f 694/1025/224 685/1026/215 693/1027/223

v 10.4188 18.3911 -23.8386
f 695/1028/225 685/1029/215 694/1030/224

f 695/1031/225 671/1032/201 685/1033/215

f 670/1034/200 671/1035/201 695/1036/225

v 10.6479 18.7669 -23.1978
f 670/1037/200 695/1038/225 696/1039/226

v 10.5896 17.9722 -23.2829
f 695/1040/225 697/1041/227 696/1042/226

f 695/1043/225 694/1044/224 697/1045/227

v 10.8347 17.1224 -22.5242
f 697/1046/227 694/1047/224 698/1048/228

f 694/1049/224 693/1050/223 698/1051/228

v 10.9611 16.7731 -22.3055
f 698/1052/228 693/1053/223 699/1054/229

f 699/1055/229 693/1056/223 690/1057/220

f 693/1058/223 692/1059/222 690/1060/220

f 692/1061/222 691/1062/221 690/1063/220

v 11.2656 16.6711 -21.6364
f 699/1064/229 690/1065/220 700/1066/230

v 11.398 15.9515 -21.3138
f 700/1067/230 690/1068/220 701/1069/231

v 11.1509 14.6046 -21.2744
f 702/1070/232 701/1071/231 690/1072/220

v 12.1913 15.0691 -20.7863
f 702/1073/232 703/1074/233 701/1075/231

v 10.8445 13.3099 -21.205
f 704/1076/234 703/1077/233 702/1078/232

v 13.1069 13.6763 -20.4716
f 704/1079/234 705/1080/235 703/1081/233

v 11.1753 12.3876 -21.0147
f 704/1082/234 706/1083/236 705/1084/235

v 9.94159 12.1221 -21.4693
f 707/1085/237 706/1086/236 704/1087/234

f 572/1088/102 706/1089/236 707/1090/237

v 10.5725 11.7624 -21.1625
f 706/1091/236 572/1092/102 708/1093/238

f 572/1094/102 573/1095/103 708/1096/238

v 11.787 12.0814 -21.1497
f 573/1097/103 709/1098/239 708/1099/238

f 573/1100/103 574/1101/104 709/1102/239

f 574/1103/104 575/1104/105 709/1105/239

v 13.032 12.0018 -21.3513
f 709/1106/239 575/1107/105 710/1108/240

f 575/1109/105 576/1110/106 710/1111/240

v 13.596 12.0638 -21.4624
f 576/1112/106 711/1113/241 710/1114/240

f 711/1115/241 576/1116/106 577/1117/107

v 13.9778 12.3326 -21.0871
f 711/1118/241 577/1119/107 712/1120/242

v 14.8366 12.3646 -21.0506
f 712/1121/242 577/1122/107 713/1123/243

f 577/1124/107 578/1125/108 713/1126/243

f 713/1127/243 578/1128/108 579/1129/109

v 16.3714 12.7775 -20.5754
f 713/1130/243 579/1131/109 714/1132/244

f 714/1133/244 579/1134/109 580/1135/110

v 16.9775 13.0521 -20.4163
f 714/1136/244 580/1137/110 715/1138/245

f 715/1139/245 580/1140/110 581/1141/111

v 19.5977 13.2292 -20.2861
f 715/1142/245 581/1143/111 716/1144/246

v 22.0873 12.8351 -20.5422
f 581/1145/111 717/1146/247 716/1147/246

f 581/1148/111 582/1149/112 717/1150/247

v 23.0842 12.4029 -20.8632
f 582/1151/112 718/1152/248 717/1153/247

f 582/1154/112 583/1155/113 718/1156/248

f 583/1157/113 584/1158/114 718/1159/248

v 24.378 12.4832 -20.8439
f 584/1160/114 719/1161/249 718/1162/248

f 584/1163/114 585/1164/115 719/1165/249

v 25.1686 12.2293 -21.1538
f 585/1166/115 720/1167/250 719/1168/249

f 585/1169/115 586/1170/116 720/1171/250

f 720/1172/250 586/1173/116 587/1174/117

v 26.1155 12.2563 -21.0081
f 720/1175/250 587/1176/117 721/1177/251

v 27.0696 12.2842 -20.9577
f 721/1178/251 587/1179/117 722/1180/252

f 587/1181/117 588/1182/118 722/1183/252

v 28.2277 12.3632 -20.8204
f 722/1184/252 588/1185/118 723/1186/253

f 588/1187/118 589/1188/119 723/1189/253

v 29.2033 12.4436 -20.5391
f 723/1190/253 589/1191/119 724/1192/254

f 589/1193/119 590/1194/120 724/1195/254

v 30.3446 12.3683 -20.395
f 724/1196/254 590/1197/120 725/1198/255

f 590/1199/120 591/1200/121 725/1201/255

v 31.0066 12.5789 -20.2508
f 725/1202/255 591/1203/121 726/1204/256

v 32.3571 12.0474 -20.4228
f 591/1205/121 727/1206/257 726/1207/256

v 32.4878 11.6734 -20.6587
f 591/1208/121 728/1209/258 727/1210/257

f 591/1211/121 592/1212/122 728/1213/258

f 592/1214/122 593/1215/123 728/1216/258

f 728/1217/258 593/1218/123 595/1219/125

f 727/1220/257 728/1221/258 595/1222/125

f 596/1223/126 727/1224/257 595/1225/125

v 32.2871 13.2758 -20.4093
f 596/1226/126 729/1227/259 727/1228/257

v 32.9419 13.2565 -20.7727
f 729/1229/259 596/1230/126 730/1231/260

v 33.4463 12.3548 -20.9508
f 596/1232/126 731/1233/261 730/1234/260

v 33.5561 12.0044 -20.8249
f 732/1235/262 731/1236/261 596/1237/126

f 732/1238/262 599/1239/129 731/1240/261

f 598/1241/128 599/1242/129 732/1243/262

f 597/1244/127 598/1245/128 732/1246/262

f 597/1247/127 732/1248/262 596/1249/126

v 33.2446 13.0495 -21.197
f 731/1250/261 599/1251/129 733/1252/263

f 599/1253/129 600/1254/130 733/1255/263

v 33.0237 13.8912 -21.4716
f 600/1256/130 734/1257/264 733/1258/263

v 32.9626 13.764 -21.7963
f 600/1259/130 735/1260/265 734/1261/264

v 32.6609 14.5439 -22.38
f 735/1262/265 600/1263/130 736/1264/266

f 600/1265/130 601/1266/131 736/1267/266

v 32.3888 15.1291 -22.7802
f 736/1268/266 601/1269/131 737/1270/267

f 601/1271/131 602/1272/132 737/1273/267

f 737/1274/267 602/1275/132 604/1276/134

f 737/1277/267 604/1278/134 610/1279/140

f 604/1280/134 609/1281/139 610/1282/140

f 604/1283/134 606/1284/136 609/1285/139

v 32.5295 16.0843 -22.3812
f 737/1286/267 610/1287/140 738/1288/268

v 32.4621 16.6934 -22.764
f 738/1289/268 610/1290/140 739/1291/269

v 32.3276 17.0722 -23.6338
f 739/1292/269 610/1293/140 740/1294/270

f 610/1295/140 611/1296/141 740/1297/270

f 740/1298/270 611/1299/141 618/1300/148

v 32.5253 17.6572 -22.9711
f 741/1301/271 740/1302/270 618/1303/148

f 739/1304/269 740/1305/270 741/1306/271

v 32.5272 17.0794 -22.5985
f 739/1307/269 741/1308/271 742/1309/272

v 32.2809 17.7522 -21.9985
f 742/1310/272 741/1311/271 743/1312/273

v 32.5295 18.3125 -22.6335
f 741/1313/271 744/1314/274 743/1315/273

v 32.6148 18.0497 -23.3351
f 741/1316/271 745/1317/275 744/1318/274

f 741/1319/271 618/1320/148 745/1321/275

v 32.8312 19.6788 -23.9787
f 745/1322/275 618/1323/148 746/1324/276

f 618/1325/148 619/1326/149 746/1327/276

v 32.4325 19.999 -24.4817
f 746/1328/276 619/1329/149 747/1330/277

f 747/1331/277 619/1332/149 620/1333/150

v 31.1093 20.5173 -24.9698
f 620/1334/150 748/1335/278 747/1336/277

f 620/1337/150 621/1338/151 748/1339/278

v 29.8073 20.3838 -25.0849
f 621/1340/151 749/1341/279 748/1342/278

v 28.5694 20.2229 -25.2275
f 621/1343/151 750/1344/280 749/1345/279

v 27.9263 19.6206 -25.6554
f 621/1346/151 751/1347/281 750/1348/280

v 28.3007 18.6306 -25.8849
f 752/1349/282 751/1350/281 621/1351/151

v 27.2532 18.9921 -25.7981
f 752/1352/282 753/1353/283 751/1354/281

f 752/1355/282 625/1356/155 753/1357/283

f 623/1358/153 625/1359/155 752/1360/282

f 623/1361/153 752/1362/282 622/1363/152

f 622/1364/152 752/1365/282 621/1366/151

f 625/1367/155 627/1368/157 753/1369/283

v 26.8235 19.672 -25.5525
f 753/1370/283 627/1371/157 754/1372/284

f 754/1373/284 627/1374/157 628/1375/158

v 25.8726 20.3356 -25.1008
f 754/1376/284 628/1377/158 755/1378/285

f 628/1379/158 629/1380/159 755/1381/285

v 25.6719 20.646 -24.7883
f 755/1382/285 629/1383/159 756/1384/286

v 23.5087 20.2656 -25.075
f 756/1385/286 629/1386/159 757/1387/287

f 629/1388/159 630/1389/160 757/1390/287

f 757/1391/287 630/1392/160 633/1393/163

v 23.5202 20.6421 -24.6677
f 758/1394/288 757/1395/287 633/1396/163

f 756/1397/286 757/1398/287 758/1399/288

v 24.6232 20.9197 -24.243
f 756/1400/286 758/1401/288 759/1402/289

v 23.5467 20.8374 -24.3051
f 759/1403/289 758/1404/288 760/1405/290

v 20.382 20.7646 -24.4966
f 758/1406/288 761/1407/291 760/1408/290

f 758/1409/288 633/1410/163 761/1411/291

v 19.4841 20.8579 -24.4855
f 761/1412/291 633/1413/163 762/1414/292

f 762/1415/292 633/1416/163 634/1417/164

v 17.4902 20.788 -24.7258
f 762/1418/292 634/1419/164 763/1420/293

f 634/1421/164 635/1422/165 763/1423/293

f 763/1424/293 635/1425/165 654/1426/184

v 16.4888 20.8915 -24.4959
f 763/1427/293 654/1428/184 764/1429/294

v 16.2656 20.9948 -23.6758
f 764/1430/294 654/1431/184 765/1432/295

v 15.3861 21.0682 -24.2861
f 765/1433/295 654/1434/184 766/1435/296

f 654/1436/184 655/1437/185 766/1438/296

f 655/1439/185 656/1440/186 766/1441/296

v 14.315 21.1377 -24.1067
f 766/1442/296 656/1443/186 767/1444/297

v 12.8951 21.3012 -24.4309
f 767/1445/297 656/1446/186 768/1447/298

v 13.1608 21.2465 -24.7708
f 656/1448/186 769/1449/299 768/1450/298

f 656/1451/186 657/1452/187 769/1453/299

v 11.8531 21.291 -24.8565
f 657/1454/187 770/1455/300 769/1456/299

f 657/1457/187 659/1458/189 770/1459/300

f 770/1460/300 659/1461/189 661/1462/191

v 11.5139 21.2854 -24.3551
f 770/1463/300 661/1464/191 771/1465/301

v 9.85192 21.5004 -24.8937
f 661/1466/191 772/1467/302 771/1468/301

f 661/1469/191 662/1470/192 772/1471/302

f 662/1472/192 664/1473/194 772/1474/302

v 9.84024 21.278 -24.5551
f 773/1475/303 772/1476/302 664/1477/194

v 11.1074 21.1042 -24.0627
f 773/1478/303 774/1479/304 772/1480/302

v 11.4977 19.8646 -23.0123
f 773/1481/303 775/1482/305 774/1483/304

v 10.5764 19.8393 -23.4947
f 775/1484/305 773/1485/303 776/1486/306

v 10.0841 20.0297 -24.0015
f 776/1487/306 773/1488/303 777/1489/307

v 9.68093 20.7601 -24.6509
f 777/1490/307 773/1491/303 778/1492/308

f 778/1493/308 773/1494/303 666/1495/196

f 665/1496/195 666/1497/196 773/1498/303

f 664/1499/194 665/1500/195 773/1501/303

f 666/1502/196 668/1503/198 778/1504/308

f 778/1505/308 668/1506/198 777/1507/307

f 668/1508/198 669/1509/199 777/1510/307

f 669/1511/199 670/1512/200 777/1513/307

f 777/1514/307 670/1515/200 696/1516/226

f 777/1517/307 696/1518/226 776/1519/306

v 11.2398 19.1098 -22.7568
f 779/1520/309 776/1521/306 696/1522/226

f 775/1523/305 776/1524/306 779/1525/309

v 11.8156 18.4249 -21.9217
f 775/1526/305 779/1527/309 780/1528/310

v 11.1422 17.9996 -22.3516
f 780/1529/310 779/1530/309 781/1531/311

f 696/1532/226 781/1533/311 779/1534/309

f 696/1535/226 697/1536/227 781/1537/311

f 697/1538/227 698/1539/228 781/1540/311

v 11.239 17.2558 -21.9181
f 781/1541/311 698/1542/228 782/1543/312

f 782/1544/312 698/1545/228 699/1546/229

v 12.0919 17.1568 -21.346
f 782/1547/312 699/1548/229 783/1549/313

f 699/1550/229 700/1551/230 783/1552/313

v 12.2719 16.5363 -20.7579
f 784/1553/314 783/1554/313 700/1555/230

v 13.5848 17.3786 -20.7782
f 784/1556/314 785/1557/315 783/1558/313

v 12.9808 16.374 -20.3887
f 784/1559/314 786/1560/316 785/1561/315

f 703/1562/233 786/1563/316 784/1564/314

v 14.244 15.6567 -19.9698
f 703/1565/233 787/1566/317 786/1567/316

f 705/1568/235 787/1569/317 703/1570/233

v 14.8187 14.2841 -19.8896
f 787/1571/317 705/1572/235 788/1573/318

v 14.3632 13.1998 -20.3774
f 788/1574/318 705/1575/235 789/1576/319

v 12.8458 12.7544 -20.7389
f 705/1577/235 790/1578/320 789/1579/319

f 705/1580/235 706/1581/236 790/1582/320

f 790/1583/320 706/1584/236 709/1585/239

f 709/1586/239 706/1587/236 708/1588/238

v 13.819 12.7075 -20.7331
f 709/1589/239 791/1590/321 790/1591/320

f 709/1592/239 710/1593/240 791/1594/321

f 710/1595/240 712/1596/242 791/1597/321

f 711/1598/241 712/1599/242 710/1600/240

f 791/1601/321 712/1602/242 713/1603/243

v 15.3165 13.1657 -20.2835
f 713/1604/243 792/1605/322 791/1606/321

f 792/1607/322 713/1608/243 714/1609/244

v 16.3521 13.8274 -19.9987
f 792/1610/322 714/1611/244 793/1612/323

f 793/1613/323 714/1614/244 715/1615/245

v 16.8008 14.0532 -20.0682
f 793/1616/323 715/1617/245 794/1618/324

v 19.4756 13.7602 -20.072
f 794/1619/324 715/1620/245 795/1621/325

f 715/1622/245 716/1623/246 795/1624/325

v 22.8131 14.1478 -19.9049
f 795/1625/325 716/1626/246 796/1627/326

v 21.9757 13.3658 -20.2132
f 716/1628/246 797/1629/327 796/1630/326

f 716/1631/246 717/1632/247 797/1633/327

v 23.188 13.2982 -20.137
f 797/1634/327 717/1635/247 798/1636/328

f 717/1637/247 718/1638/248 798/1639/328

v 23.195 12.7264 -20.4867
f 718/1640/248 799/1641/329 798/1642/328

f 718/1643/248 719/1644/249 799/1645/329

v 24.6452 13.0015 -20.3085
f 799/1646/329 719/1647/249 800/1648/330

v 25.6187 12.5317 -20.5676
f 719/1649/249 801/1650/331 800/1651/330

f 719/1652/249 720/1653/250 801/1654/331

f 720/1655/250 721/1656/251 801/1657/331

v 26.3338 12.5705 -20.5328
f 801/1658/331 721/1659/251 802/1660/332

f 721/1661/251 722/1662/252 802/1663/332

v 27.9495 12.8166 -20.2394
f 802/1664/332 722/1665/252 803/1666/333

f 722/1667/252 723/1668/253 803/1669/333

f 803/1670/333 723/1671/253 724/1672/254

v 28.8626 13.1923 -20.0239
f 803/1673/333 724/1674/254 804/1675/334

v 29.793 12.9379 -20.1739
f 724/1676/254 805/1677/335 804/1678/334

f 724/1679/254 725/1680/255 805/1681/335

f 805/1682/335 725/1683/255 726/1684/256

v 29.8135 13.7983 -20.0083
f 726/1685/256 806/1686/336 805/1687/335

f 727/1688/257 806/1689/336 726/1690/256

f 727/1691/257 729/1692/259 806/1693/336

v 31.5036 14.6799 -20.3991
f 729/1694/259 807/1695/337 806/1696/336

v 32.0475 14.9819 -20.7292
f 807/1697/337 729/1698/259 808/1699/338

f 729/1700/259 730/1701/260 808/1702/338

v 32.6268 14.9373 -21.2848
f 730/1703/260 809/1704/339 808/1705/338

f 734/1706/264 809/1707/339 730/1708/260

v 32.8318 14.6973 -21.6173
f 734/1709/264 810/1710/340 809/1711/339

v 32.8421 14.494 -22.0285
f 734/1712/264 811/1713/341 810/1714/340

f 735/1715/265 811/1716/341 734/1717/264

f 735/1718/265 736/1719/266 811/1720/341

v 32.6167 15.4078 -22.2493
f 736/1721/266 812/1722/342 811/1723/341

f 736/1724/266 737/1725/267 812/1726/342

f 812/1727/342 737/1728/267 738/1729/268

v 32.6191 15.4475 -21.8854
f 813/1730/343 812/1731/342 738/1732/268

f 811/1733/341 812/1734/342 813/1735/343

f 810/1736/340 811/1737/341 813/1738/343

f 809/1739/339 810/1740/340 813/1741/343

v 32.362 15.7045 -21.4308
f 809/1742/339 813/1743/343 814/1744/344

f 813/1745/343 738/1746/268 814/1747/344

v 32.3567 16.8607 -22.0343
f 814/1748/344 738/1749/268 815/1750/345

f 738/1751/268 739/1752/269 815/1753/345

f 739/1754/269 742/1755/272 815/1756/345

f 815/1757/345 742/1758/272 743/1759/273

v 32.0752 17.0843 -21.5889
f 815/1760/345 743/1761/273 816/1762/346

v 31.9182 17.9809 -21.5392
f 816/1763/346 743/1764/273 817/1765/347

f 743/1766/273 744/1767/274 817/1768/347

v 31.9682 18.8249 -22.1183
f 817/1769/347 744/1770/274 818/1771/348

v 32.081 19.4928 -22.4639
f 818/1772/348 744/1773/274 819/1774/349

v 32.7653 19.931 -23.2558
f 744/1775/274 820/1776/350 819/1777/349

v 32.7822 19.0498 -23.3782
f 744/1778/274 821/1779/351 820/1780/350

v 32.7084 18.4934 -23.1725
f 744/1781/274 822/1782/352 821/1783/351

f 744/1784/274 745/1785/275 822/1786/352

f 745/1787/275 821/1788/351 822/1789/352

f 745/1790/275 746/1791/276 821/1792/351

v 32.8637 19.6952 -23.595
f 821/1793/351 746/1794/276 823/1795/353

v 33.1808 20.4241 -23.8262
f 823/1796/353 746/1797/276 824/1798/354

v 33.2589 20.8693 -24.3069
f 746/1799/276 825/1800/355 824/1801/354

f 825/1802/355 746/1803/276 747/1804/277

v 33.1455 21.4713 -24.4778
f 826/1805/356 825/1806/355 747/1807/277

v 33.4919 21.656 -24.3035
f 826/1808/356 827/1809/357 825/1810/355

v 33.3572 21.6868 -24.3129
f 827/1811/357 826/1812/356 828/1813/358

v 32.7607 21.5736 -24.2835
f 828/1814/358 826/1815/356 829/1816/359

v 32.215 21.5013 -24.2814
f 829/1817/359 826/1818/356 830/1819/360

v 31.8825 21.252 -24.5278
f 826/1820/356 831/1821/361 830/1822/360

f 748/1823/278 831/1824/361 826/1825/356

v 30.8799 20.9369 -24.8219
f 748/1826/278 832/1827/362 831/1828/361

f 749/1829/279 832/1830/362 748/1831/278

v 29.6803 21.0858 -24.6283
f 832/1832/362 749/1833/279 833/1834/363

f 833/1835/363 749/1836/279 750/1837/280

v 28.5395 20.7519 -24.7597
f 833/1838/363 750/1839/280 834/1840/364

v 27.467 20.4938 -25.0819
f 834/1841/364 750/1842/280 835/1843/365

f 750/1844/280 751/1845/281 835/1846/365

f 751/1847/281 754/1848/284 835/1849/365

f 753/1850/283 754/1851/284 751/1852/281

v 26.5278 20.3623 -25.1177
f 835/1853/365 754/1854/284 836/1855/366

f 836/1856/366 754/1857/284 755/1858/285

f 836/1859/366 755/1860/285 756/1861/286

v 26.5625 20.7523 -24.7396
f 836/1862/366 756/1863/286 837/1864/367

v 25.661 20.8609 -24.4204
f 837/1865/367 756/1866/286 838/1867/368

f 838/1868/368 756/1869/286 759/1870/289

v 25.7355 21.033 -23.8109
f 839/1871/369 838/1872/368 759/1873/289

v 26.2876 21.02 -24.119
f 840/1874/370 838/1875/368 839/1876/369

f 837/1877/367 838/1878/368 840/1879/370

v 26.6009 21.0378 -24.2991
f 841/1880/371 837/1881/367 840/1882/370

v 27.5969 20.9615 -24.4261
f 842/1883/372 837/1884/367 841/1885/371

f 835/1886/365 837/1887/367 842/1888/372

f 835/1889/365 836/1890/366 837/1891/367

f 834/1892/364 835/1893/365 842/1894/372

v 28.3447 21.0362 -24.2479
f 843/1895/373 834/1896/364 842/1897/372

v 29.4105 21.26 -24.2866
f 844/1898/374 834/1899/364 843/1900/373

f 833/1901/363 834/1902/364 844/1903/374

v 30.1461 21.3619 -24.258
f 833/1904/363 844/1905/374 845/1906/375

v 30.1822 21.4088 -23.914
f 845/1907/375 844/1908/374 846/1909/376

v 29.539 21.2881 -23.5405
f 846/1910/376 844/1911/374 847/1912/377

v 28.0652 21.1466 -23.757
f 844/1913/374 848/1914/378 847/1915/377

f 844/1916/374 843/1917/373 848/1918/378

f 843/1919/373 842/1920/372 848/1921/378

f 848/1922/378 842/1923/372 841/1924/371

v 26.5844 21.1285 -23.6543
f 848/1925/378 841/1926/371 849/1927/379

f 841/1928/371 840/1929/370 849/1930/379

f 849/1931/379 840/1932/370 839/1933/369

v 26.4686 21.0463 -23.2133
f 850/1934/380 849/1935/379 839/1936/369

v 27.4108 21.1436 -23.2727
f 851/1937/381 849/1938/379 850/1939/380

f 851/1940/381 848/1941/378 849/1942/379

v 28.4979 21.0489 -22.9278
f 848/1943/378 851/1944/381 852/1945/382

v 27.8204 20.8435 -22.2508
f 852/1946/382 851/1947/381 853/1948/383

v 26.7262 20.7959 -22.4234
f 853/1949/383 851/1950/381 854/1951/384

f 851/1952/381 850/1953/380 854/1954/384

v 25.8149 21.002 -23.2454
f 850/1955/380 855/1956/385 854/1957/384

f 850/1958/380 839/1959/369 855/1960/385

v 24.0367 20.9509 -23.7909
f 839/1961/369 856/1962/386 855/1963/385

f 839/1964/369 759/1965/289 856/1966/386

f 759/1967/289 760/1968/290 856/1969/386

v 20.3925 20.8956 -24.0621
f 856/1970/386 760/1971/290 857/1972/387

f 760/1973/290 761/1974/291 857/1975/387

f 761/1976/291 762/1977/292 857/1978/387

v 19.588 20.9452 -23.7732
f 762/1979/292 858/1980/388 857/1981/387

v 17.3526 20.9477 -24.3738
f 762/1982/292 859/1983/389 858/1984/388

f 762/1985/292 763/1986/293 859/1987/389

f 859/1988/389 763/1989/293 764/1990/294

f 859/1991/389 764/1992/294 765/1993/295

v 17.4246 20.9737 -23.7465
f 859/1994/389 765/1995/295 860/1996/390

v 16.938 20.8141 -22.8864
f 860/1997/390 765/1998/295 861/1999/391

v 15.4528 20.8743 -22.9931
f 861/2000/391 765/2001/295 862/2002/392

f 765/2003/295 766/2004/296 862/2005/392

f 766/2006/296 767/2007/297 862/2008/392

v 14.5731 20.9438 -23.2788
f 862/2009/392 767/2010/297 863/2011/393

v 13.7858 21.0539 -23.6732
f 767/2012/297 864/2013/394 863/2014/393

f 767/2015/297 768/2016/298 864/2017/394

v 12.8049 21.0581 -23.6766
f 864/2018/394 768/2019/298 865/2020/395

f 768/2021/298 771/2022/301 865/2023/395

f 768/2024/298 770/2025/300 771/2026/301

f 769/2027/299 770/2028/300 768/2029/298

f 771/2030/301 774/2031/304 865/2032/395

f 771/2033/301 772/2034/302 774/2035/304

v 13.7266 20.4922 -22.7671
f 774/2036/304 866/2037/396 865/2038/395

f 774/2039/304 775/2040/305 866/2041/396

v 12.7822 19.1075 -21.926
f 775/2042/305 867/2043/397 866/2044/396

f 867/2045/397 775/2046/305 780/2047/310

v 12.4295 18.1658 -21.2855
f 867/2048/397 780/2049/310 868/2050/398

v 11.5606 17.622 -21.6761
f 868/2051/398 780/2052/310 869/2053/399

f 869/2054/399 780/2055/310 781/2056/311

f 781/2057/311 782/2058/312 869/2059/399

f 783/2060/313 869/2061/399 782/2062/312

f 783/2063/313 868/2064/398 869/2065/399

f 785/2066/315 868/2067/398 783/2068/313

v 13.9392 18.4357 -20.9185
f 870/2069/400 868/2070/398 785/2071/315

v 13.7757 18.7895 -21.1443
f 870/2072/400 871/2073/401 868/2074/398

v 15.7895 19.693 -21.4897
f 871/2075/401 870/2076/400 872/2077/402

v 16.6904 18.5633 -20.9004
f 872/2078/402 870/2079/400 873/2080/403

v 15.1922 17.1711 -20.3679
f 870/2081/400 874/2082/404 873/2083/403

f 874/2084/404 870/2085/400 785/2086/315

f 786/2087/316 874/2088/404 785/2089/315

f 787/2090/317 874/2091/404 786/2092/316

v 19.1981 16.8641 -20.1502
v 16.1305 16.1932 -20.0592
f 875/2093/405 874/2094/404 787/2095/317 876/2096/406 

f 874/2097/404 875/2098/405 873/2099/403

v 19.536 18.5033 -20.7849
f 875/2100/405 877/2101/407 873/2102/403

v 23.3539 18.0027 -20.4476
f 875/2103/405 878/2104/408 877/2105/407

v 22.7579 16.3175 -19.9397
f 879/2106/409 878/2107/408 875/2108/405

v 26.47 16.4048 -19.7764
f 880/2109/410 878/2110/408 879/2111/409

v 26.3704 17.713 -20.1601
f 881/2112/411 878/2113/408 880/2114/410

v 23.551 19.1242 -21.0573
f 878/2115/408 881/2116/411 882/2117/412

v 25.9755 18.9629 -20.7958
f 882/2118/412 881/2119/411 883/2120/413

v 28.5791 19.6949 -20.999
f 881/2121/411 884/2122/414 883/2123/413

v 28.3953 17.5527 -20.1103
f 885/2124/415 884/2125/414 881/2126/411

v 29.0236 19.0425 -20.6889
f 885/2127/415 886/2128/416 884/2129/414

v 29.4153 17.5 -20.2723
f 886/2130/416 885/2131/415 887/2132/417

v 29.9473 16.3914 -19.8013
f 885/2133/415 888/2134/418 887/2135/417

v 28.9214 16.0488 -19.5896
f 889/2136/419 888/2137/418 885/2138/415

f 889/2139/419 806/2140/336 888/2141/418

v 28.57 15.3006 -19.4157
f 806/2142/336 889/2143/419 890/2144/420

f 890/2145/420 889/2146/419 880/2147/410

f 889/2148/419 885/2149/415 880/2150/410

f 885/2151/415 881/2152/411 880/2153/410

v 26.5445 15.1418 -19.6463
f 890/2154/420 880/2155/410 891/2156/421

v 24.3628 15.863 -19.7907
f 880/2157/410 892/2158/422 891/2159/421

f 880/2160/410 879/2161/409 892/2162/422

v 24.1372 14.9329 -19.7678
f 892/2163/422 879/2164/409 893/2165/423

v 21.3487 15.2336 -19.8697
f 893/2166/423 879/2167/409 894/2168/424

f 879/2169/409 875/2170/405 894/2171/424

f 894/2172/424 875/2173/405 876/2174/406

v 16.4778 15.121 -19.9479
f 894/2175/424 876/2176/406 895/2177/425

f 876/2178/406 787/2179/317 895/2180/425

f 787/2181/317 788/2182/318 895/2183/425

f 895/2184/425 788/2185/318 793/2186/323

f 793/2187/323 788/2188/318 792/2189/322

f 788/2190/318 789/2191/319 792/2192/322

f 791/2193/321 792/2194/322 789/2195/319

f 789/2196/319 790/2197/320 791/2198/321

f 895/2199/425 793/2200/323 794/2201/324

v 19.3996 14.6599 -19.9097
f 896/2202/426 895/2203/425 794/2204/324

f 896/2205/426 894/2206/424 895/2207/425

f 796/2208/326 894/2209/424 896/2210/426

f 893/2211/423 894/2212/424 796/2213/326

v 24.9141 13.8147 -19.8972
f 897/2214/427 893/2215/423 796/2216/326

f 891/2217/421 893/2218/423 897/2219/427

f 891/2220/421 892/2221/422 893/2222/423

v 26.4753 13.9459 -19.7863
f 898/2223/428 891/2224/421 897/2225/427

v 27.3835 14.3877 -19.5063
f 899/2226/429 891/2227/421 898/2228/428

f 899/2229/429 890/2230/420 891/2231/421

v 28.2128 14.3147 -19.4785
f 900/2232/430 890/2233/420 899/2234/429

f 806/2235/336 890/2236/420 900/2237/430

f 804/2238/334 806/2239/336 900/2240/430

f 804/2241/334 805/2242/335 806/2243/336

v 27.9495 13.4584 -19.768
f 804/2244/334 900/2245/430 901/2246/431

v 26.8949 13.2314 -19.9219
f 901/2247/431 900/2248/430 902/2249/432

f 900/2250/430 899/2251/429 902/2252/432

f 902/2253/432 899/2254/429 898/2255/428

v 26.3894 13.2988 -20.0193
f 898/2256/428 903/2257/433 902/2258/432

f 897/2259/427 903/2260/433 898/2261/428

f 800/2262/330 903/2263/433 897/2264/427

f 800/2265/330 802/2266/332 903/2267/433

f 800/2268/330 801/2269/331 802/2270/332

f 903/2271/433 802/2272/332 902/2273/432

f 802/2274/332 803/2275/333 902/2276/432

f 902/2277/432 803/2278/333 901/2279/431

f 803/2280/333 804/2281/334 901/2282/431

f 798/2283/328 800/2284/330 897/2285/427

f 799/2286/329 800/2287/330 798/2288/328

f 798/2289/328 897/2290/427 796/2291/326

f 797/2292/327 798/2293/328 796/2294/326

f 796/2295/326 896/2296/426 795/2297/325

f 896/2298/426 794/2299/324 795/2300/325

f 806/2301/336 807/2302/337 888/2303/418

v 31.0368 15.9339 -20.2545
f 888/2304/418 807/2305/337 904/2306/434

v 31.8255 15.547 -20.7733
f 904/2307/434 807/2308/337 905/2309/435

f 807/2310/337 808/2311/338 905/2312/435

f 808/2313/338 814/2314/344 905/2315/435

f 809/2316/339 814/2317/344 808/2318/338

v 31.8369 16.6475 -20.9731
f 814/2319/344 906/2320/436 905/2321/435

f 814/2322/344 815/2323/345 906/2324/436

f 906/2325/436 815/2326/345 816/2327/346

v 31.2926 17.2877 -20.9397
f 906/2328/436 816/2329/346 907/2330/437

v 31.4422 17.8273 -21.0427
f 907/2331/437 816/2332/346 908/2333/438

f 816/2334/346 817/2335/347 908/2336/438

v 31.2456 18.3312 -21.0719
f 817/2337/347 909/2338/439 908/2339/438

f 818/2340/348 909/2341/439 817/2342/347

v 30.9628 19.298 -21.7551
f 818/2343/348 910/2344/440 909/2345/439

v 31.2532 20.5658 -22.7146
f 911/2346/441 910/2347/440 818/2348/348

v 29.2029 20.5963 -22.2031
f 911/2349/441 912/2350/442 910/2351/440

v 31.0534 21.1625 -23.1736
f 911/2352/441 913/2353/443 912/2354/442

v 32.391 20.4784 -23.1469
f 911/2355/441 914/2356/444 913/2357/443

f 914/2358/444 911/2359/441 819/2360/349

f 819/2361/349 911/2362/441 818/2363/348

f 820/2364/350 914/2365/444 819/2366/349

v 33.2428 21.0552 -23.7893
f 915/2367/445 914/2368/444 820/2369/350

v 33.1321 21.6261 -24.0467
f 916/2370/446 914/2371/444 915/2372/445

f 914/2373/444 916/2374/446 913/2375/443

v 31.8642 21.4637 -23.9383
f 913/2376/443 916/2377/446 917/2378/447

f 916/2379/446 830/2380/360 917/2381/447

f 829/2382/359 830/2383/360 916/2384/446

f 828/2385/358 829/2386/359 916/2387/446

v 33.4497 21.5021 -24.1433
f 918/2388/448 828/2389/358 916/2390/446

f 827/2391/357 828/2392/358 918/2393/448

f 827/2394/357 918/2395/448 825/2396/355

v 33.3791 20.9398 -24.0433
f 919/2397/449 825/2398/355 918/2399/448

f 824/2400/354 825/2401/355 919/2402/449

f 824/2403/354 919/2404/449 915/2405/445

f 919/2406/449 918/2407/448 915/2408/445

f 916/2409/446 915/2410/445 918/2411/448

f 820/2412/350 824/2413/354 915/2414/445

f 823/2415/353 824/2416/354 820/2417/350

f 821/2418/351 823/2419/353 820/2420/350

v 31.5372 21.4362 -24.2365
f 917/2421/447 830/2422/360 920/2423/450

f 830/2424/360 831/2425/361 920/2426/450

v 30.6615 21.2114 -24.5743
f 831/2427/361 921/2428/451 920/2429/450

f 831/2430/361 832/2431/362 921/2432/451

f 921/2433/451 832/2434/362 833/2435/363

f 845/2436/375 921/2437/451 833/2438/363

f 920/2439/450 921/2440/451 845/2441/375

f 920/2442/450 845/2443/375 846/2444/376

f 917/2445/447 920/2446/450 846/2447/376

v 30.8409 21.3877 -23.5668
f 917/2448/447 846/2449/376 922/2450/452

f 922/2451/452 846/2452/376 847/2453/377

v 29.7447 21.1069 -23.0717
f 922/2454/452 847/2455/377 923/2456/453

f 847/2457/377 852/2458/382 923/2459/453

f 847/2460/377 848/2461/378 852/2462/382

f 912/2463/442 923/2464/453 852/2465/382

f 912/2466/442 913/2467/443 923/2468/453

f 923/2469/453 913/2470/443 922/2471/452

f 913/2472/443 917/2473/447 922/2474/452

f 912/2475/442 852/2476/382 853/2477/383

v 28.162 20.2327 -21.4241
f 924/2478/454 912/2479/442 853/2480/383

f 884/2481/414 912/2482/442 924/2483/454

f 886/2484/416 912/2485/442 884/2486/414

f 912/2487/442 886/2488/416 910/2489/440

v 30.2996 18.4737 -20.6701
f 910/2490/440 886/2491/416 925/2492/455

f 925/2493/455 886/2494/416 887/2495/417

v 30.403 17.4002 -20.5289
f 925/2496/455 887/2497/417 926/2498/456

v 30.8773 16.6013 -20.2124
f 887/2499/417 927/2500/457 926/2501/456

f 888/2502/418 927/2503/457 887/2504/417

f 888/2505/418 904/2506/434 927/2507/457

f 927/2508/457 904/2509/434 906/2510/436

f 904/2511/434 905/2512/435 906/2513/436

f 927/2514/457 906/2515/436 907/2516/437

f 926/2517/456 927/2518/457 907/2519/437

f 908/2520/438 926/2521/456 907/2522/437

f 908/2523/438 925/2524/455 926/2525/456

f 909/2526/439 925/2527/455 908/2528/438

f 909/2529/439 910/2530/440 925/2531/455

f 883/2532/413 884/2533/414 924/2534/454

v 25.944 19.8356 -21.4508
f 883/2535/413 924/2536/454 928/2537/458

v 27.1282 20.4359 -21.7785
f 924/2538/454 929/2539/459 928/2540/458

f 924/2541/454 853/2542/383 929/2543/459

f 929/2544/459 853/2545/383 854/2546/384

v 26.0456 20.4793 -22.1011
f 929/2547/459 854/2548/384 930/2549/460

v 25.8647 20.8211 -22.703
f 854/2550/384 931/2551/461 930/2552/460

f 854/2553/384 855/2554/385 931/2555/461

v 24.3819 20.8548 -23.037
f 931/2556/461 855/2557/385 932/2558/462

f 855/2559/385 856/2560/386 932/2561/462

v 23.4551 20.8848 -23.3509
f 856/2562/386 933/2563/463 932/2564/462

f 856/2565/386 857/2566/387 933/2567/463

f 933/2568/463 857/2569/387 858/2570/388

v 20.534 20.7316 -23.0036
f 933/2571/463 858/2572/388 934/2573/464

v 19.1662 20.8178 -23.1275
f 934/2574/464 858/2575/388 935/2576/465

f 858/2577/388 860/2578/390 935/2579/465

f 858/2580/388 859/2581/389 860/2582/390

v 17.4042 20.7738 -23.1031
f 935/2583/465 860/2584/390 936/2585/466

f 936/2586/466 860/2587/390 861/2588/391

v 17.0907 20.2229 -22.2065
f 936/2589/466 861/2590/391 937/2591/467

v 16.1392 20.2802 -22.0113
f 861/2592/391 938/2593/468 937/2594/467

v 15.2157 20.5256 -22.3059
f 939/2595/469 938/2596/468 861/2597/391

v 14.6126 19.7636 -21.608
f 939/2598/469 940/2599/470 938/2600/468

f 862/2601/392 940/2602/470 939/2603/469

f 866/2604/396 940/2605/470 862/2606/392

f 866/2607/396 867/2608/397 940/2609/470

f 867/2610/397 871/2611/401 940/2612/470

f 871/2613/401 867/2614/397 868/2615/398

f 940/2616/470 871/2617/401 872/2618/402

f 940/2619/470 872/2620/402 938/2621/468

v 16.8298 19.5237 -21.5316
f 872/2622/402 941/2623/471 938/2624/468

f 872/2625/402 873/2626/403 941/2627/471

v 19.6211 19.4175 -21.3775
f 873/2628/403 942/2629/472 941/2630/471

f 877/2631/407 942/2632/472 873/2633/403

f 942/2634/472 877/2635/407 882/2636/412

f 877/2637/407 878/2638/408 882/2639/412

v 22.1543 20.1493 -22.0357
f 942/2640/472 882/2641/412 943/2642/473

f 943/2643/473 882/2644/412 928/2645/458

f 882/2646/412 883/2647/413 928/2648/458

f 943/2649/473 928/2650/458 930/2651/460

f 928/2652/458 929/2653/459 930/2654/460

f 943/2655/473 930/2656/460 931/2657/461

f 931/2658/461 932/2659/462 943/2660/473

f 932/2661/462 934/2662/464 943/2663/473

f 932/2664/462 933/2665/463 934/2666/464

v 19.1917 20.2899 -22.2223
f 935/2667/465 944/2668/474 943/2669/473 934/2670/464 

f 935/2671/465 936/2672/466 944/2673/474

f 944/2674/474 936/2675/466 937/2676/467

f 937/2677/467 942/2678/472 944/2679/474

f 941/2680/471 942/2681/472 937/2682/467

f 938/2683/468 941/2684/471 937/2685/467

f 942/2686/472 943/2687/473 944/2688/474

f 866/2689/396 862/2690/392 863/2691/393

f 864/2692/394 866/2693/396 863/2694/393

f 865/2695/395 866/2696/396 864/2697/394

f 939/2698/469 861/2699/391 862/2700/392

f 747/2701/277 748/2702/278 826/2703/356

f 733/2704/263 734/2705/264 730/2706/260

f 731/2707/261 733/2708/263 730/2709/260

f 701/2710/231 703/2711/233 784/2712/314

f 701/2713/231 784/2714/314 700/2715/230

f 571/2716/101 572/2717/102 707/2718/237

f 707/2719/237 561/2720/91 571/2721/101

f 560/2722/90 561/2723/91 707/2724/237

f 558/2725/88 560/2726/90 707/2727/237

f 559/2728/89 560/2729/90 558/2730/88

f 558/2731/88 707/2732/237 704/2733/234

f 558/2734/88 704/2735/234 557/2736/87

f 557/2737/87 704/2738/234 702/2739/232

f 690/2740/220 557/2741/87 702/2742/232

f 677/2743/207 683/2744/213 675/2745/205

f 680/2746/210 683/2747/213 677/2748/207

f 679/2749/209 680/2750/210 677/2751/207

f 678/2752/208 642/2753/172 641/2754/171

f 645/2755/175 642/2756/172 678/2757/208

f 676/2758/206 645/2759/175 678/2760/208

f 649/2761/179 645/2762/175 676/2763/206

f 673/2764/203 649/2765/179 676/2766/206

f 660/2767/190 649/2768/179 673/2769/203

f 663/2770/193 660/2771/190 673/2772/203

f 538/2773/68 605/2774/135 603/2775/133

f 538/2776/68 603/2777/133 537/2778/67

f 563/2779/93 566/2780/96 562/2781/92

f 563/2782/93 564/2783/94 566/2784/96

f 482/2785/12 485/2786/15 483/2787/13

g Mesh5 Component_44_1 Group3 Group2 Group1 Model

usemtl M_0128_White
v 65.9901 6.80946 -30.2911
vt 2.02509 9.46383e-08
vn 1 9.47445e-06 1.02385e-06
v 65.9901 7.75036 -30.6298
vt 2.36377 0.940902
v 65.9901 8.02967 -28.6047
vt 0.338671 1.22021
v 65.9901 7.08876 -28.2661
vt 3.21548e-06 0.279305
f 945/2788/475 946/2789/475 947/2790/475 948/2791/475 

v 68.0001 6.80946 -30.2911
vt 2.00001 0.685849
vn -1.44265e-06 0.338676 0.940903
v 68.0001 7.75036 -30.6298
vt 2 1.68585
vt -0.00999887 1.68585
vt -0.00998982 0.685848
f 949/2792/476 950/2793/476 946/2794/476 945/2795/476 

v 68.0001 7.08878 -28.2661
vt 1.25738e-06 0.279307
vn 1 8.0648e-06 6.31844e-07
vt 2.02509 -1.60491e-05
vt 2.36376 0.940888
v 68.0001 8.02968 -28.6047
vt 0.338669 1.22021
f 951/2796/477 949/2797/477 950/2798/477 952/2799/477 

vt 2.00001 0.0382805
vn 7.90283e-06 -0.990621 0.136637
vt 2.00013 -2.00598
v 68.0101 6.80946 -30.2911
vt 2.01013 -2.00598
v 68.0101 7.08878 -28.2661
vt 2.01001 0.0382811
f 951/2800/478 949/2801/478 953/2802/478 954/2803/478 

vt 2.01007 -1.90536
vn 8.80755e-06 -0.940904 0.338674
vt 2.00007 -1.90536
v 68.0001 6.80607 -30.3005
vt 2.00007 -1.91536
v 68.0101 6.80607 -30.3005
vt 2.01007 -1.91537
f 953/2804/479 949/2805/479 955/2806/479 956/2807/479 

vt 2.00001 -1.90541
vn 3.66876e-08 -0.940903 0.338676
vt -0.00998649 -1.90541
v 65.9901 6.80607 -30.3005
vt -0.00998648 -1.91541
vt 2.00001 -1.91541
f 949/2808/480 945/2809/480 957/2810/480 955/2811/480 

vt -0.00993548 -1.90541
vn 8.56779e-06 -0.940903 0.338676
v 65.9801 6.80946 -30.2911
vt -0.0199355 -1.90541
v 65.9801 6.80607 -30.3005
vt -0.0199352 -1.91541
vt -0.00993523 -1.91541
f 945/2812/481 958/2813/481 959/2814/481 957/2815/481 

vt -0.00984967 -2.0061
vn 9.24572e-06 -0.990622 0.136629
vt -0.0099914 0.0381572
v 65.9801 7.08876 -28.2661
vt -0.0199914 0.0381565
vt -0.0198497 -2.0061
f 945/2816/482 948/2817/482 960/2818/482 958/2819/482 

vt -0.0099914 0.2628
vn -4.17203e-06 0.338668 0.940906
vt -0.0100015 1.2628
v 65.9801 8.02967 -28.6047
vt -0.0200015 1.2628
vt -0.0199914 0.2628
f 948/2820/483 947/2821/483 961/2822/483 960/2823/483 

vt 0.00997708 -0.168779
vn -9.24572e-06 0.990622 -0.13663
vt 0.00983529 -2.21305
v 65.9801 7.75036 -30.6298
vt 0.0198353 -2.21305
vt 0.0199771 -0.168779
f 947/2824/484 946/2825/484 962/2826/484 961/2827/484 

vt 0.0199354 -1.90542
vn -8.56779e-06 0.940903 -0.338676
vt 0.00993545 -1.90542
v 65.9901 7.74697 -30.6392
vt 0.00993519 -1.91542
v 65.9801 7.74697 -30.6392
vt 0.0199352 -1.91542
f 962/2828/485 946/2829/485 963/2830/485 964/2831/485 

v 68.0101 7.75036 -30.6298
vt -2.01001 -1.90542
vn -6.88434e-08 0.940904 -0.338672
v 68.0101 7.74697 -30.6392
vt -2.01001 -1.91542
vt 0.00999475 -1.91542
vt 0.00999476 -1.90542
vt -2.00001 -1.90542
f 965/2832/486 966/2833/486 963/2834/486 946/2835/486 950/2836/486 

vt 1.14926e-06 0.279306
vn 1 8.45331e-06 5.78056e-07
vt 2.02509 -1.683e-05
vt 2.0345 -0.00340405
vt 2.37317 0.9375
vt 2.36376 0.940887
v 68.0101 8.02968 -28.6047
f 954/2837/487 953/2838/487 956/2839/487 966/2840/487 965/2841/487 967/2799/487 

vt -2.01001 0.68585
vn 6.68761e-07 -0.338676 -0.940903
vt -2.00001 0.68585
vt 0.00998814 0.68585
vt 0.0199881 0.68585
vt 0.0199969 1.68585
vt 0.00999692 1.68585
vt -2.01 1.68585
f 956/2842/488 955/2843/488 957/2844/488 959/2845/488 964/2846/488 963/2847/488 966/2848/488 

vt -0.338671 1.22021
vn -1 -9.45989e-06 -1.01907e-06
vt -2.36377 0.940902
vt -2.37318 0.937516
vt -2.0345 -0.00338666
vt -2.02509 9.43472e-08
vt -3.21558e-06 0.279305
f 961/2849/489 962/2850/489 964/2851/489 959/2852/489 958/2853/489 960/2854/489 

vt -2.00014 -2.21291
vn -7.90283e-06 0.990621 -0.136637
vt -2.00002 -0.168648
vt -2.01002 -0.168647
vt -2.01014 -2.21291
f 950/2855/490 952/2856/490 967/2857/490 965/2858/490 

vt 2 1.26282
vn -3.3258e-06 0.338668 0.940906
vt 2.00001 0.262819
vt 2.01001 0.262819
vt 2.01 1.26282
f 952/2859/491 951/2860/491 954/2861/491 967/2862/491 

g Mesh6 Component_44_2 Group3 Group2 Group1 Model

v 65.99 24.8257 -36.7751
v 65.99 25.7666 -37.1138
v 65.99 26.0459 -35.0887
v 65.99 25.105 -34.75
f 968/2788/475 969/2789/475 970/2790/475 971/2791/475 

v 68 24.8257 -36.7751
v 68 25.7666 -37.1138
f 972/2792/476 973/2793/476 969/2794/476 968/2795/476 

v 68 25.1051 -34.75
v 68 26.046 -35.0887
f 974/2796/477 972/2797/477 973/2798/477 975/2799/477 

v 68.01 24.8257 -36.7751
v 68.01 25.1051 -34.75
f 974/2800/478 972/2801/478 976/2802/478 977/2803/478 

v 68 24.8223 -36.7845
v 68.01 24.8223 -36.7845
f 976/2804/479 972/2805/479 978/2806/479 979/2807/479 

v 65.99 24.8223 -36.7845
f 972/2808/480 968/2809/480 980/2810/480 978/2811/480 

v 65.98 24.8257 -36.7751
v 65.98 24.8223 -36.7845
f 968/2812/481 981/2813/481 982/2814/481 980/2815/481 

v 65.98 25.105 -34.75
f 968/2816/482 971/2817/482 983/2818/482 981/2819/482 

v 65.98 26.0459 -35.0887
f 971/2820/483 970/2821/483 984/2822/483 983/2823/483 

v 65.98 25.7666 -37.1138
f 970/2824/484 969/2825/484 985/2826/484 984/2827/484 

v 65.99 25.7632 -37.1232
v 65.98 25.7632 -37.1232
f 985/2828/485 969/2829/485 986/2830/485 987/2831/485 

v 68.01 25.7666 -37.1138
v 68.01 25.7632 -37.1232
f 988/2832/486 989/2833/486 986/2834/486 969/2835/486 973/2836/486 

v 68.01 26.046 -35.0887
f 977/2837/487 976/2838/487 979/2839/487 989/2840/487 988/2841/487 990/2799/487 

f 979/2842/488 978/2843/488 980/2844/488 982/2845/488 987/2846/488 986/2847/488 989/2848/488 

f 984/2849/489 985/2850/489 987/2851/489 982/2852/489 981/2853/489 983/2854/489 

f 973/2855/490 975/2856/490 990/2857/490 988/2858/490 

f 975/2859/491 974/2860/491 977/2861/491 990/2862/491 

g Mesh7 Component_44_3 Group3 Group2 Group1 Model

v 3.98997 24.8257 -36.7753
v 3.98996 25.7666 -37.1139
v 3.98996 26.0459 -35.0888
v 3.98997 25.105 -34.7502
f 991/2788/475 992/2789/475 993/2790/475 994/2791/475 

v 5.99997 24.8257 -36.7753
v 5.99996 25.7666 -37.1139
f 995/2792/476 996/2793/476 992/2794/476 991/2795/476 

v 5.99996 25.105 -34.7502
v 5.99996 26.0459 -35.0888
f 997/2796/477 995/2797/477 996/2798/477 998/2799/477 

v 6.00997 24.8257 -36.7753
v 6.00996 25.105 -34.7502
f 997/2800/478 995/2801/478 999/2802/478 1000/2803/478 

v 5.99997 24.8223 -36.7847
v 6.00997 24.8223 -36.7847
f 999/2804/479 995/2805/479 1001/2806/479 1002/2807/479 

v 3.98997 24.8223 -36.7847
f 995/2808/480 991/2809/480 1003/2810/480 1001/2811/480 

v 3.97997 24.8257 -36.7753
v 3.97997 24.8223 -36.7847
f 991/2812/481 1004/2813/481 1005/2814/481 1003/2815/481 

v 3.97997 25.105 -34.7502
f 991/2816/482 994/2817/482 1006/2818/482 1004/2819/482 

v 3.97996 26.0459 -35.0888
f 994/2820/483 993/2821/483 1007/2822/483 1006/2823/483 

v 3.97996 25.7666 -37.1139
f 993/2824/484 992/2825/484 1008/2826/484 1007/2827/484 

v 3.98996 25.7632 -37.1233
v 3.97996 25.7632 -37.1233
f 1008/2828/485 992/2829/485 1009/2830/485 1010/2831/485 

v 6.00996 25.7666 -37.1139
v 6.00996 25.7632 -37.1233
f 1011/2832/486 1012/2833/486 1009/2834/486 992/2835/486 996/2836/486 

v 6.00996 26.0459 -35.0888
f 1000/2837/487 999/2838/487 1002/2839/487 1012/2840/487 1011/2841/487 1013/2799/487 

f 1002/2842/488 1001/2843/488 1003/2844/488 1005/2845/488 1010/2846/488 1009/2847/488 1012/2848/488 

f 1007/2849/489 1008/2850/489 1010/2851/489 1005/2852/489 1004/2853/489 1006/2854/489 

f 996/2855/490 998/2856/490 1013/2857/490 1011/2858/490 

f 998/2859/491 997/2860/491 1000/2861/491 1013/2862/491 

g Mesh8 Component_44_4 Group3 Group2 Group1 Model

v 3.99015 6.8094 -30.2913
v 3.99014 7.7503 -30.63
v 3.99014 8.02961 -28.6049
v 3.99014 7.08871 -28.2662
f 1014/2788/475 1015/2789/475 1016/2790/475 1017/2791/475 

v 6.00015 6.8094 -30.2913
v 6.00014 7.75031 -30.63
f 1018/2792/476 1019/2793/476 1015/2794/476 1014/2795/476 

v 6.00014 7.08872 -28.2662
v 6.00014 8.02963 -28.6049
f 1020/2796/477 1018/2797/477 1019/2798/477 1021/2799/477 

v 6.01015 6.8094 -30.2913
v 6.01014 7.08872 -28.2662
f 1020/2800/478 1018/2801/478 1022/2802/478 1023/2803/478 

v 6.00015 6.80601 -30.3007
v 6.01015 6.80601 -30.3007
f 1022/2804/479 1018/2805/479 1024/2806/479 1025/2807/479 

v 3.99015 6.80601 -30.3007
f 1018/2808/480 1014/2809/480 1026/2810/480 1024/2811/480 

v 3.98015 6.8094 -30.2913
v 3.98015 6.80601 -30.3007
f 1014/2812/481 1027/2813/481 1028/2814/481 1026/2815/481 

v 3.98014 7.08871 -28.2662
f 1014/2816/482 1017/2817/482 1029/2818/482 1027/2819/482 

v 3.98014 8.02961 -28.6049
f 1017/2820/483 1016/2821/483 1030/2822/483 1029/2823/483 

v 3.98014 7.7503 -30.63
f 1016/2824/484 1015/2825/484 1031/2826/484 1030/2827/484 

v 3.99014 7.74692 -30.6394
v 3.98014 7.74692 -30.6394
f 1031/2828/485 1015/2829/485 1032/2830/485 1033/2831/485 

v 6.01014 7.75031 -30.63
v 6.01014 7.74692 -30.6394
f 1034/2832/486 1035/2833/486 1032/2834/486 1015/2835/486 1019/2836/486 

v 6.01014 8.02963 -28.6049
f 1023/2837/487 1022/2838/487 1025/2839/487 1035/2840/487 1034/2841/487 1036/2799/487 

f 1025/2842/488 1024/2843/488 1026/2844/488 1028/2845/488 1033/2846/488 1032/2847/488 1035/2848/488 

f 1030/2849/489 1031/2850/489 1033/2851/489 1028/2852/489 1027/2853/489 1029/2854/489 

f 1019/2855/490 1021/2856/490 1036/2857/490 1034/2858/490 

f 1021/2859/491 1020/2860/491 1023/2861/491 1036/2862/491 

g Mesh9 Group8 Group7 Group6 Group2 Group1 Model

usemtl _Color_M05_4
v 70.0002 20.0018 -38
vt 14.1421 2
vn 8.13194e-10 0.70708 0.707133
v 70.0002 18.0017 -36.0001
vt 11.3137 2
v 72.0002 18.0017 -36.0001
vt 11.3137 -1.5525e-11
v 72.0002 20.0018 -38
vt 14.1421 -1.93978e-11
f 1037/2863/492 1038/2864/492 1039/2865/492 1040/2866/492 

vt 4.24547e-11 20
vn -1 4.18889e-16 1.14999e-09
v 70.0002 0.00175367 -38.0008
vt 3.87224e-12 -3.19528e-16
v 70.0002 2.00168 -36.0007
vt 2 2
vt 2 18
f 1037/2867/493 1041/2868/493 1042/2869/493 1038/2870/493 

vt -20 -7.52551e-24
vn -1.14999e-09 3.76811e-05 -1
v 72.0002 0.00175367 -38.0008
vt -7.48416e-24 3.33067e-15
vt 0 2
vt -20 2
f 1040/2871/494 1043/2872/494 1041/2873/494 1037/2874/494 

vt -3.87956e-12 -5.54668e-31
vn 1 -4.25663e-16 -1.14999e-09
vt -4.2462e-11 20
vt -2 18
v 72.0002 2.00168 -36.0007
vt -2 2
f 1043/2875/495 1040/2876/495 1039/2877/495 1044/2878/495 

vt 2 -4.10783e-15
vn 1.14999e-09 -3.76811e-05 1
vt 18 -6.77236e-15
vt 18 2
f 1044/2879/496 1039/2880/496 1038/2881/496 1042/2869/496 

vt 2.82843 2
vn 8.13133e-10 -0.707133 0.70708
vt 2.01948e-28 2
vt 2.74327e-12 3.33067e-15
vt 2.82843 3.87546e-12
f 1042/2882/497 1041/2883/497 1043/2884/497 1044/2885/497 

g Mesh10 Group9 Group7 Group6 Group2 Group1 Model

v 72 18.0018 -36
vt -2 6.55831e-11
vn 1 9.76261e-06 2.63609e-11
v 72 20.0018 -38
vt -3.87956e-12 2
v 72 20.0018 -2.35661e-08
vt -38 2
v 72 18.0018 -2
vt -36 -5.54668e-32
f 1045/2886/498 1046/2887/498 1047/2888/498 1048/2889/498 

vt -1.41421 -1.93606e-12
vn 6.90322e-06 -0.707107 -0.707107
vt 1.41421 1.93673e-12
v 70 18.0018 -36
vt 1.41421 2
v 70 20.0018 -38
vt -1.41421 2
f 1046/2890/499 1045/2891/499 1049/2892/499 1050/2893/499 

vt 2 3.87279e-12
vn 9.76261e-06 -1 1.1783e-09
vt 36 6.97046e-11
v 70 18.0018 -2
vt 36 2
f 1045/2894/500 1048/2895/500 1051/2896/500 1049/2869/500 

vt 25.4558 3.48495e-11
vn 6.90319e-06 -0.707107 0.707107
vt 28.2843 3.87216e-11
v 70 20.0018 -2.36188e-08
vt 28.2843 2
vt 25.4558 2
f 1048/2897/501 1047/2898/501 1052/2899/501 1051/2900/501 

vt -38 7.3577e-11
vn -9.76261e-06 1 -1.1783e-09
vt -2.09423e-14 3.33067e-16
vt 3.85862e-12 2
f 1047/2901/502 1046/2902/502 1050/2903/502 1052/2888/502 

vt 3.87246e-12 2
vn -1 -9.76261e-06 -2.63609e-11
vt 2 6.55832e-11
vt 36 1.11022e-16
vt 38 2
f 1050/2904/503 1049/2905/503 1051/2906/503 1052/2907/503 

g Mesh11 Group10 Group7 Group6 Group2 Group1 Model

v 71.2435 0.000380482 -1.55838
vt 36.4424 0.756733
vn -4.37585e-14 -1 -3.76811e-05
v 71.2501 0.00169744 -36.5085
vt 1.49223 0.750121
v 71.2501 0.000378036 -1.49346
vt 36.5073 0.750107
f 1053/2908/504 1054/2909/504 1055/2910/504

v 71.2436 0.00169499 -36.4436
vt 1.55717 0.756625
f 1054/2909/504 1053/2908/504 1056/2911/504

v 71.2205 0.00169269 -36.3825
vt 1.61821 0.779716
f 1056/2911/504 1053/2908/504 1057/2912/504

v 71.2203 0.000382781 -1.61938
vt 36.3814 0.779938
f 1057/2912/504 1053/2908/504 1058/2913/504

vn -4.37576e-14 -1 -3.76811e-05
v 71.2397 0.000375608 -1.42903
vt 36.5717 0.76051
v 71.213 0.000373364 -1.36949
vt 36.6313 0.787234
v 71.1717 0.000371458 -1.31889
vt 36.6819 0.828458
v 71.1188 0.000370018 -1.28069
vt 36.7201 0.881372
v 71.0578 0.000369144 -1.25749
vt 36.7433 0.942371
v 70.9929 0.000368894 -1.25086
vt 36.7499 1.0073
v 70.9285 0.000369286 -1.26126
vt 36.7395 1.07173
v 70.8689 0.000370293 -1.28799
vt 36.7128 1.13127
v 70.8183 0.000371847 -1.32921
vt 36.6715 1.18186
v 70.7801 0.000373841 -1.38213
vt 36.6186 1.22006
v 70.7569 0.000376139 -1.44312
vt 36.5576 1.24327
v 70.7503 0.000378586 -1.50805
vt 36.4927 1.24989
v 70.7607 0.000381013 -1.57248
vt 36.4283 1.23949
v 70.7874 0.000383257 -1.63202
vt 36.3687 1.21277
v 70.8287 0.000385163 -1.68261
vt 36.3181 1.17154
v 70.8816 0.000386603 -1.72082
vt 36.2799 1.11863
v 70.9426 0.000387477 -1.74402
vt 36.2567 1.05763
v 71.0075 0.000387727 -1.75065
vt 36.2501 0.992703
v 71.0719 0.000387335 -1.74024
vt 36.2605 0.928275
v 71.1315 0.000386328 -1.71352
vt 36.2872 0.868734
v 71.1821 0.000384775 -1.6723
vt 36.3285 0.818139
f 1058/2913/505 1053/2908/505 1055/2910/505 1059/2914/505 1060/2915/505 1061/2916/505 1062/2917/505 1063/2918/505 1064/2919/505 1065/2920/505 1066/2921/505 1067/2922/505 1068/2923/505 1069/2924/505 1070/2925/505 1071/2926/505 1072/2927/505 1073/2928/505 1074/2929/505 1075/2930/505 1076/2931/505 1077/2932/505 1078/2933/505 1079/2934/505 

v 72.0002 0.000321789 -0.000753674
vt 38 7.36691e-11
f 1080/2935/504 1059/2914/504 1055/2910/504

f 1059/2914/504 1080/2935/504 1060/2915/504

f 1060/2915/504 1080/2935/504 1061/2916/504

v 70.0002 0.000321789 -0.000753672
f 1061/2916/504 1080/2935/504 1081/2907/504

vt -26.8701 3.68839e-11
vn 8.13197e-10 0.70708 0.707133
v 72.0002 2.0004 -2.00068
vt -24.0416 3.30185e-11
v 70.0002 2.0004 -2.00068
vt -24.0416 2
vt -26.8701 2
f 1080/2936/506 1082/2937/506 1083/2938/506 1081/2939/506 

v 72.0002 0.00175367 -38.0008
vt -3.87956e-12 7.33138e-11
v 72.0002 2.00168 -36.0007
vt -36 2
vt -38 -1.53828e-29
f 1084/2940/495 1085/2878/495 1082/2941/495 1080/2942/495 

vt -2.82843 3.86535e-12
vn -8.13135e-10 0.707133 -0.70708
vt -5.4584e-11 6.72261e-23
v 70.0002 0.00175367 -38.0008
vt -5.18407e-11 2
v 70.0002 2.00168 -36.0007
vt -2.82843 2
f 1085/2943/507 1084/2944/507 1086/2945/507 1087/2946/507 

vt 3.87956e-12 1.22092e-26
v 71.1714 0.00170401 -36.6829
vt 1.31782 0.828799
vt -1.41445e-22 2
f 1084/2947/504 1088/2948/504 1086/2949/504

v 71.2127 0.00170211 -36.6324
vt 1.36834 0.787481
f 1088/2948/504 1084/2947/504 1089/2950/504

v 71.2396 0.00169987 -36.5729
vt 1.42783 0.760645
f 1089/2950/504 1084/2947/504 1090/2951/504

f 1090/2951/504 1084/2947/504 1054/2909/504

f 1054/2909/504 1084/2947/504 1080/2935/504

f 1054/2909/504 1080/2935/504 1055/2910/504

v 70.7568 0.0016993 -36.5579
vt 1.44283 1.24337
vn -4.37574e-14 -1 -3.76811e-05
v 70.7799 0.0017016 -36.619
vt 1.38179 1.22028
v 70.818 0.0017036 -36.672
vt 1.3288 1.18218
v 70.8685 0.00170516 -36.7133
vt 1.28748 1.13166
v 70.928 0.00170617 -36.7401
vt 1.26064 1.07217
v 70.9924 0.00170656 -36.7506
vt 1.25012 1.00777
v 71.0574 0.00170632 -36.7441
vt 1.25663 0.942827
v 71.1184 0.00170545 -36.721
vt 1.27972 0.881785
v 71.1824 0.0016907 -36.3296
vt 1.6712 0.817818
v 71.1319 0.00168914 -36.2882
vt 1.71252 0.868336
v 71.0724 0.00168813 -36.2614
vt 1.73936 0.927826
v 71.008 0.00168773 -36.2509
vt 1.74988 0.992235
v 70.943 0.00168798 -36.2574
vt 1.74337 1.05717
v 70.882 0.00168885 -36.2805
vt 1.72028 1.11821
v 70.829 0.00169028 -36.3186
vt 1.68218 1.1712
v 70.7877 0.00169219 -36.3691
vt 1.63166 1.21252
v 70.7608 0.00169443 -36.4286
vt 1.57217 1.23936
v 70.7503 0.00169686 -36.493
vt 1.50777 1.24988
f 1091/2952/508 1092/2953/508 1093/2954/508 1094/2955/508 1095/2956/508 1096/2957/508 1097/2958/508 1098/2959/508 1088/2948/508 1089/2950/508 1090/2951/508 1054/2909/508 1056/2911/508 1057/2912/508 1099/2960/508 1100/2961/508 1101/2962/508 1102/2963/508 1103/2964/508 1104/2965/508 1105/2966/508 1106/2967/508 1107/2968/508 1108/2969/508 

f 1086/2949/504 1092/2953/504 1091/2952/504

f 1086/2949/504 1093/2954/504 1092/2953/504

f 1086/2949/504 1094/2955/504 1093/2954/504

f 1086/2949/504 1095/2956/504 1094/2955/504

f 1086/2949/504 1096/2957/504 1095/2956/504

f 1086/2949/504 1097/2958/504 1096/2957/504

f 1086/2949/504 1098/2959/504 1097/2958/504

f 1086/2949/504 1088/2948/504 1098/2959/504

f 1086/2949/504 1091/2952/504 1108/2969/504

f 1086/2949/504 1108/2969/504 1070/2925/504

f 1108/2969/504 1071/2926/504 1070/2925/504

f 1107/2968/504 1071/2926/504 1108/2969/504

f 1107/2968/504 1072/2927/504 1071/2926/504

f 1106/2967/504 1072/2927/504 1107/2968/504

f 1106/2967/504 1073/2928/504 1072/2927/504

f 1105/2966/504 1073/2928/504 1106/2967/504

f 1105/2966/504 1074/2929/504 1073/2928/504

f 1104/2965/504 1074/2929/504 1105/2966/504

f 1104/2965/504 1075/2930/504 1074/2929/504

f 1103/2964/504 1075/2930/504 1104/2965/504

f 1103/2964/504 1076/2931/504 1075/2930/504

f 1102/2963/504 1076/2931/504 1103/2964/504

f 1102/2963/504 1077/2932/504 1076/2931/504

f 1101/2962/504 1077/2932/504 1102/2963/504

f 1101/2962/504 1078/2933/504 1077/2932/504

f 1100/2961/504 1078/2933/504 1101/2962/504

f 1100/2961/504 1079/2934/504 1078/2933/504

f 1099/2960/504 1079/2934/504 1100/2961/504

f 1099/2960/504 1058/2913/504 1079/2934/504

f 1057/2912/504 1058/2913/504 1099/2960/504

f 1070/2925/504 1081/2907/504 1086/2949/504

f 1069/2924/504 1081/2907/504 1070/2925/504

f 1068/2923/504 1081/2907/504 1069/2924/504

f 1067/2922/504 1081/2907/504 1068/2923/504

f 1066/2921/504 1081/2907/504 1067/2922/504

f 1065/2920/504 1081/2907/504 1066/2921/504

f 1064/2919/504 1081/2907/504 1065/2920/504

f 1063/2918/504 1081/2907/504 1064/2919/504

f 1062/2917/504 1081/2907/504 1063/2918/504

f 1061/2916/504 1081/2907/504 1062/2917/504

vn -1 4.25663e-16 1.14999e-09
vt 3.87246e-12 7.33135e-11
vt 38 -3.33501e-16
f 1087/2869/509 1086/2970/509 1081/2971/509 1083/2896/509 

vt -36 6.98041e-11
vn 4.37585e-14 1 3.76811e-05
vt -2 3.86569e-12
f 1082/2972/510 1085/2973/510 1087/2878/510 1083/2941/510 

g Mesh12 Group11 Group7 Group6 Group2 Group1 Model

v 70 18.0018 -2
vt -12.7279 2
vn -6.90319e-06 0.707107 -0.707107
v 70 20.0018 -2.36188e-08
vt -15.5563 2
v 72 20.0018 -2.35661e-08
vt -15.5563 2.13302e-11
v 72 18.0018 -2
vt -12.7279 1.7458e-11
f 1109/2974/511 1110/2975/511 1111/2976/511 1112/2977/511 

v 70.0002 0.00175369 -5.27216e-11
vt 2 -3.46606e-16
vt 2 20
vt 3.47242e-11 18
v 70.0002 2.00175 -2
f 1113/2978/503 1110/2979/503 1109/2980/503 1114/2904/503 

v 72.0002 0.00177321 7.10543e-15
vt 3.85825e-12 -4.10783e-15
vn -2.63759e-11 1.1783e-09 1
vt 20 -7.43849e-15
vt 20 2
vt 3.85825e-12 2
f 1115/2981/512 1111/2982/512 1110/2983/512 1113/2984/512 

v 72.0002 2.00177 -2
vt -3.47313e-11 18
vt -2 20
vt -2 -4.99201e-31
f 1116/2887/498 1112/2985/498 1111/2986/498 1115/2987/498 

vt -18 -4.47947e-26
vn 2.63759e-11 -1.1783e-09 -1
vt -2 2.66454e-15
vt -18 2
f 1112/2988/513 1116/2989/513 1114/2878/513 1109/2990/513 

vt -1.41421 -1.93712e-12
vt 1.41421 1.93567e-12
f 1113/2892/499 1114/2893/499 1116/2991/499 1115/2992/499 

g Mesh13 Group13 Group12 Group6 Group2 Group1 Model

v 68.0001 7.67256 -2.5265
vt 26.7468 5.67045
vn -1 -9.76265e-06 -2.66563e-11
v 68.0002 4.25662 -27.292
vt 1.98124 2.25452
v 68.0002 2.27538 -27.0188
vt 2.25452 0.273275
v 68.0001 5.69131 -2.25323
vt 27.02 3.68921
f 1117/2993/514 1118/2994/514 1119/2995/514 1120/2996/514 

vt -2.27071 2
vn -9.67108e-06 0.990621 -0.136637
vt -27.2707 2
v 70.0001 7.94585 -0.545262
vt -29.2707 1.53947e-10
v 70.0002 3.98337 -29.2733
vt -0.270712 -8.53889e-11
f 1118/2997/515 1117/2998/515 1121/2999/515 1122/3000/515 

vt 1.96266 -20.6975
vn -0.707108 0.0966103 0.700475
vt 1.96266 -17.8691
vt -0.0373396 -17.8691
v 70.0001 5.96461 -0.271987
vt -0.0373396 -20.6975
f 1121/3001/516 1117/3002/516 1120/3003/516 1123/3004/516 

vt 27.2707 2
vn 9.67108e-06 -0.990621 0.136637
vt 2.27071 2
v 70.0002 2.00212 -29
vt 0.270712 2.15365e-12
vt 29.2707 6.64116e-11
f 1120/3005/517 1119/3006/517 1124/3007/517 1123/3008/517 

vt -1.96266 3.01985
vn -0.707106 -0.0966241 -0.700475
vt -1.96266 0.191422
vt 0.0373396 0.191422
vt 0.0373396 3.01985
f 1118/3009/518 1122/3010/518 1124/3011/518 1119/3012/518 

vt -29.0013 3.96248
vn 1 9.76265e-06 2.36659e-11
vt -0.273275 3.22805e-23
vt 0 1.98124
vt -28.728 5.94373
f 1123/3013/519 1124/3014/519 1122/3015/519 1121/3016/519 

g Mesh14 Group14 Group12 Group6 Group2 Group1 Model

v 2.00016 3.9827 -29.2733
vt -1.51819e-12 1.98124
vn -1 -9.76265e-06 -2.36659e-11
v 2.00017 2.00146 -29
vt 0.273275 8.76239e-11
v 2.00014 5.96395 -0.271987
vt 29.0013 3.96248
v 2.00012 7.94519 -0.545262
vt 28.728 5.94373
f 1125/3017/520 1126/3018/520 1127/3019/520 1128/3020/520 

vt -1.96266 1.22279
vn 0.707108 -0.0966103 -0.700475
v 4.00015 4.256 -27.292
vt -1.96266 -1.60564
v 4.00017 2.27476 -27.0188
vt 0.0373396 -1.60564
vt 0.0373396 1.22279
f 1125/3021/521 1129/3022/521 1130/3023/521 1126/3024/521 

v 4.00012 7.67193 -2.5265
vt -27.2707 2.07948e-10
vt -2.27071 1.62391e-12
vt -0.270712 2
vt -29.2707 2
f 1131/3025/515 1129/3026/515 1125/3027/515 1128/3028/515 

vt -1.98124 2.25452
vn 1 9.76265e-06 2.66562e-11
vt -26.7468 5.67045
v 4.00014 5.69069 -2.25323
vt -27.02 3.68921
vt -2.25452 0.273275
f 1129/3029/522 1131/3030/522 1132/3031/522 1130/3032/522 

vt 1.96266 19.2833
vn 0.707106 0.0966241 0.700475
vt 1.96266 22.1117
vt -0.0373396 22.1117
vt -0.0373396 19.2833
f 1131/3033/523 1128/3034/523 1127/3035/523 1132/3036/523 

vt 29.2707 2
vt 0.270712 2
vt 2.27071 1.62468e-12
vt 27.2707 2.07949e-10
f 1127/3037/517 1126/3038/517 1130/3039/517 1132/3040/517 

g Mesh15 Group15 Group12 Group6 Group2 Group1 Model

v 4.00014 5.69069 -2.25323
vt 28 0.0373396
vn 9.67118e-06 -0.990621 0.136637
v 68.0001 5.69131 -2.25323
vt -36 0.0373395
v 70.0001 5.96461 -0.271987
vt -38 -1.96266
v 2.00014 5.96395 -0.271987
vt 30 -1.96266
f 1133/3041/524 1134/3042/524 1135/3043/524 1136/3044/524 

v 68.0001 7.67256 -2.5265
vt 36 0.270712
vn 1.33397e-06 -0.136637 -0.990621
vt 36 2.27071
vt -28 2.27071
v 4.00012 7.67193 -2.5265
vt -28 0.270712
f 1137/3045/525 1134/3046/525 1133/3047/525 1138/3048/525 

vt 25.3356 -2.19904
v 70.0001 7.94585 -0.545262
vt 28.1507 -2.4736
vt 28.3448 -0.483042
vt 25.5298 -0.208482
f 1137/3049/521 1139/3050/521 1135/3051/521 1134/3052/521 

v 2.00012 7.94519 -0.545262
vt -30 -1.96266
vn -9.67112e-06 0.990621 -0.136637
vt 38 -1.96266
vt 36 0.0373395
vt -28 0.0373396
f 1140/3053/526 1139/3054/526 1137/3055/526 1138/3056/526 

vt 30 2.27071
vn -1.334e-06 0.136637 0.990621
vt -38 2.27071
vt -38 0.270712
vt 30 0.270712
f 1136/3057/527 1135/3058/527 1139/3059/527 1140/3060/527 

vt -19.8996 0.340636
vt -22.7147 0.0660768
vt -22.5206 -1.92448
vt -19.7055 -1.64992
f 1133/3061/518 1136/3062/518 1140/3063/518 1138/3064/518 

g Mesh16 Group16 Group12 Group6 Group2 Group1 Model

v 70.0002 3.98339 -29.2732
vt 38 0.270687
vn 2.10858e-06 -0.136638 -0.990621
v 70.0002 2.00216 -28.9999
vt 38 2.27068
v 2.00017 2.00146 -29
vt -30 2.27071
v 2.00016 3.9827 -29.2733
vt -30 0.270715
f 1141/3065/528 1142/3066/528 1143/3067/528 1144/3068/528 

vt -26.7434 2.88045
vn 0.707099 0.0966312 0.700481
v 68.0002 4.25662 -27.292
vt -23.9283 2.60592
v 68.0002 2.2754 -27.0188
vt -23.7342 4.59645
vt -26.5492 4.871
f 1141/3069/529 1145/3070/529 1146/3071/529 1142/3072/529 

v 4.00015 4.256 -27.292
vt -28 -1.96263
vn -9.82968e-06 0.990622 -0.136632
vt 36 -1.9627
vt 38 0.0372437
vt -30 0.0373727
f 1147/3073/530 1145/3074/530 1141/3075/530 1144/3076/530 

v 4.00017 2.27476 -27.0188
vt 28 2.27071
vn -1.33397e-06 0.136637 0.990621
vt -36 2.27069
vt -36 0.270712
vt 28 0.270712
f 1148/3077/531 1146/3078/531 1145/3079/531 1147/3080/531 

vt 28 -1.96259
vn 1.00304e-05 -0.990621 0.136637
vt 30 0.0374174
vt -38 0.0371857
vt -36 -1.96276
f 1148/3081/532 1143/3082/532 1142/3083/532 1146/3084/532 

vt 20.9189 4.32175
vt 18.1038 4.04719
vt 18.298 2.05663
vt 21.113 2.33119
f 1143/3085/516 1148/3086/516 1147/3087/516 1144/3088/516 

g Mesh17 Group19 Group18 Group17 Group6 Group2 Group1 Model

v 4.00014 5.82733 -15.8999
vt -7.97411e-08 0.0178785
vn 5.96797e-06 -0.990634 0.136542
v 68.0001 5.82781 -15.8999
vt 64 0.020735
v 68.0001 5.96439 -14.9083
vt 64 1.02167
v 4.00014 5.96396 -14.9093
vt -4.47118e-05 1.01788
f 1149/3089/533 1150/3090/533 1151/3091/533 1152/3092/533 

vt -64 -0.00197425
vn 1.33303e-06 -0.136542 -0.990634
vt -7.33363e-07 -0.00246424
v 4.00014 5.95116 -15.917
vt 3.56004e-08 0.122536
v 68.0001 5.95164 -15.9169
vt -64 0.123026
f 1150/3093/534 1149/3094/534 1153/3095/534 1154/3096/534 

vt 0.0180475 -4.37688e-12
vn -1 -6.09414e-06 -5.06028e-07
vt 1.00867 0.136637
v 4.00014 6.08779 -14.9263
vt 0.991601 0.260467
vt 0.000979738 0.123829
f 1149/3097/535 1152/3098/535 1155/3099/535 1153/3100/535 

vt 1.56233e-05 -0.00236791
vn -1.59577e-05 0.136542 0.990634
vt 64 -0.00194147
v 68.0001 6.08822 -14.9254
vt 64 0.123059
vt 1.46024e-05 0.122632
f 1152/3101/536 1151/3102/536 1156/3103/536 1155/3104/536 

vt -1.00961 0.13667
vn 1 6.09444e-06 5.08147e-07
vt -0.0180343 9.53736e-05
vt -0.000966527 0.123925
vt -0.992541 0.260499
f 1151/3105/537 1150/3106/537 1154/3107/537 1156/3108/537 

vt -64 0.020735
vn -5.96797e-06 0.990634 -0.136542
vt 7.97412e-08 0.0178785
vt 4.47118e-05 1.01788
vt -64 1.02167
f 1154/3109/538 1153/3110/538 1155/3111/538 1156/3112/538 

g Mesh18 Group20 Group18 Group17 Group6 Group2 Group1 Model

v 4.00013 6.44243 -11.4421
v 68.0001 6.44291 -11.4421
v 68.0001 6.57949 -10.4505
v 4.00013 6.57906 -10.4515
f 1157/3089/533 1158/3090/533 1159/3091/533 1160/3092/533 

v 4.00013 6.56625 -11.4592
v 68.0001 6.56674 -11.4592
f 1158/3093/534 1157/3094/534 1161/3095/534 1162/3096/534 

v 4.00013 6.70289 -10.4686
f 1157/3097/535 1160/3098/535 1163/3099/535 1161/3100/535 

v 68.0001 6.70331 -10.4676
f 1160/3101/536 1159/3102/536 1164/3103/536 1163/3104/536 

f 1159/3105/537 1158/3106/537 1162/3107/537 1164/3108/537 

vt 7.97411e-08 0.0178785
f 1162/3109/538 1161/3113/538 1163/3111/538 1164/3112/538 

g Mesh19 Group21 Group18 Group17 Group6 Group2 Group1 Model

v 4.00014 5.21246 -20.3577
v 68.0001 5.21294 -20.3577
v 68.0001 5.34952 -19.3661
v 4.00014 5.3491 -19.3671
f 1165/3089/533 1166/3090/533 1167/3091/533 1168/3092/533 

v 4.00014 5.33629 -20.3748
v 68.0001 5.33677 -20.3747
f 1166/3093/534 1165/3094/534 1169/3095/534 1170/3096/534 

v 4.00014 5.47293 -19.3841
f 1165/3097/535 1168/3098/535 1171/3099/535 1169/3100/535 

v 68.0001 5.47335 -19.3832
f 1168/3101/536 1167/3102/536 1172/3103/536 1171/3104/536 

f 1167/3105/537 1166/3106/537 1170/3107/537 1172/3108/537 

f 1170/3109/538 1169/3113/538 1171/3111/538 1172/3112/538 

g Mesh20 Group22 Group18 Group17 Group6 Group2 Group1 Model

v 4.00013 7.05677 -6.98426
v 68.0001 7.05726 -6.98424
v 68.0001 7.19383 -5.99267
v 4.00012 7.19341 -5.99364
f 1173/3089/533 1174/3090/533 1175/3091/533 1176/3092/533 

v 4.00012 7.1806 -7.00133
v 68.0001 7.18109 -7.00131
f 1174/3093/534 1173/3094/534 1177/3095/534 1178/3096/534 

v 4.00012 7.31724 -6.01071
f 1173/3097/535 1176/3098/535 1179/3099/535 1177/3100/535 

v 68.0001 7.31766 -6.00973
f 1176/3101/536 1175/3102/536 1180/3103/536 1179/3104/536 

f 1175/3105/537 1174/3106/537 1178/3107/537 1180/3108/537 

f 1178/3109/538 1177/3113/538 1179/3111/538 1180/3112/538 

g Mesh21 Group23 Group18 Group17 Group6 Group2 Group1 Model

v 4.00015 4.53532 -25.2669
v 68.0001 4.53581 -25.2669
v 68.0001 4.67238 -24.2753
v 4.00015 4.67196 -24.2763
f 1181/3089/533 1182/3090/533 1183/3091/533 1184/3092/533 

v 4.00015 4.65915 -25.284
v 68.0001 4.65963 -25.284
f 1182/3093/534 1181/3094/534 1185/3095/534 1186/3096/534 

v 4.00015 4.79579 -24.2934
f 1181/3097/535 1184/3098/535 1187/3099/535 1185/3100/535 

v 68.0001 4.79621 -24.2924
f 1184/3101/536 1183/3102/536 1188/3103/536 1187/3104/536 

f 1183/3105/537 1182/3106/537 1186/3107/537 1188/3108/537 

f 1186/3109/538 1185/3110/538 1187/3111/538 1188/3112/538 

g Mesh22 Group24 Group17 Group6 Group2 Group1 Model

v 16.4251 6.18613 -2.32155
vt 24.8064 3.86169
vn 5.35949e-06 -0.990621 0.136637
v 16.4252 2.7702 -27.0871
vt 0.0408685 0.445753
v 17.1752 2.7702 -27.0871
vt 0.143347 -0.297213
v 17.1751 6.18614 -2.32155
vt 24.9089 3.11872
f 1189/3114/539 1190/3115/539 1191/3116/539 1192/3117/539 

v 16.4252 4.25613 -27.292
vt -1.49866 0.101452
vn -1 -5.49654e-06 -6.25759e-07
vt 0.00133814 0.101392
vt 0.0023429 25.1014
v 16.4251 7.67206 -2.52651
vt -1.49766 25.1015
f 1193/3118/540 1190/3119/540 1189/3120/540 1194/3121/540 

vt 0.00133648 0.435988
vn 1.37092e-06 -0.136637 -0.990621
vt -1.49866 0.435996
v 17.1752 4.25613 -27.292
vt -1.49867 -0.314004
vt 0.00133233 -0.314012
f 1190/3122/541 1193/3123/541 1195/3124/541 1191/3125/541 

vt -0.0408686 0.445752
vn -5.35949e-06 0.990621 -0.136637
vt -24.8064 3.86169
v 17.1751 7.67207 -2.52651
vt -24.9089 3.11872
vt -0.143347 -0.297214
f 1193/3126/542 1194/3127/542 1196/3128/542 1195/3129/542 

vt 1.49866 0.435997
vn -1.37092e-06 0.136637 0.990621
vt -0.00133648 0.435987
vt -0.00133233 -0.314013
vt 1.49867 -0.314003
f 1194/3130/543 1189/3131/543 1192/3132/543 1196/3133/543 

vt -0.00133814 0.101392
vn 1 5.49654e-06 6.25759e-07
vt 1.49866 0.101452
vt 1.49766 25.1015
vt -0.0023429 25.1014
f 1191/3134/544 1195/3135/544 1196/3136/544 1192/3137/544 

g Mesh23 Group25 Group17 Group6 Group2 Group1 Model

v 29.2251 6.18626 -2.32155
v 29.2252 2.77032 -27.0871
v 29.9752 2.77033 -27.0871
v 29.9751 6.18626 -2.32155
f 1197/3114/539 1198/3115/539 1199/3116/539 1200/3117/539 

v 29.2252 4.25625 -27.292
v 29.2251 7.67219 -2.52651
f 1201/3118/540 1198/3119/540 1197/3120/540 1202/3121/540 

v 29.9752 4.25626 -27.292
f 1198/3122/541 1201/3123/541 1203/3124/541 1199/3125/541 

v 29.9751 7.67219 -2.52651
f 1201/3126/542 1202/3127/542 1204/3128/542 1203/3129/542 

f 1202/3130/543 1197/3131/543 1200/3132/543 1204/3133/543 

f 1199/3134/544 1203/3135/544 1204/3136/544 1200/3137/544 

g Mesh24 Group26 Group17 Group6 Group2 Group1 Model

v 42.0251 6.18638 -2.32155
v 42.0252 2.77045 -27.0871
v 42.7752 2.77045 -27.0871
v 42.7751 6.18639 -2.32155
f 1205/3114/539 1206/3115/539 1207/3116/539 1208/3117/539 

v 42.0252 4.25638 -27.292
v 42.0251 7.67231 -2.52651
f 1209/3118/540 1206/3119/540 1205/3120/540 1210/3121/540 

v 42.7752 4.25638 -27.292
f 1206/3122/541 1209/3123/541 1211/3124/541 1207/3125/541 

v 42.7751 7.67232 -2.52651
f 1209/3126/542 1210/3127/542 1212/3128/542 1211/3129/542 

f 1210/3130/543 1205/3131/543 1208/3132/543 1212/3133/543 

f 1207/3134/544 1211/3135/544 1212/3136/544 1208/3137/544 

g Mesh25 Group27 Group17 Group6 Group2 Group1 Model

v 54.8251 6.18651 -2.32155
v 54.8252 2.77057 -27.0871
v 55.5752 2.77058 -27.0871
v 55.5751 6.18651 -2.32155
f 1213/3114/539 1214/3115/539 1215/3116/539 1216/3117/539 

v 54.8252 4.2565 -27.292
v 54.8251 7.67244 -2.52651
f 1217/3118/540 1214/3119/540 1213/3120/540 1218/3121/540 

v 55.5752 4.25651 -27.292
f 1214/3122/541 1217/3123/541 1219/3124/541 1215/3125/541 

v 55.5751 7.67244 -2.52651
f 1217/3126/542 1218/3127/542 1220/3128/542 1219/3129/542 

f 1218/3130/543 1213/3131/543 1216/3132/543 1220/3133/543 

f 1215/3134/544 1219/3135/544 1220/3136/544 1216/3137/544 

g Mesh26 Group29 Group28 Group6 Group2 Group1 Model

v 0.000195253 20.0014 -38
v 0.000195255 18.0014 -36.0001
v 2.0002 18.0014 -36.0001
v 2.0002 20.0014 -38
f 1221/2863/492 1222/2864/492 1223/2865/492 1224/2866/492 

vn -1 4.18887e-16 1.14999e-09
v 0.000195253 0.00144126 -38.0008
v 0.000195255 2.00137 -36.0007
f 1221/2867/545 1225/2868/545 1226/2869/545 1222/2870/545 

v 2.0002 0.00144126 -38.0008
f 1224/2871/494 1227/2872/494 1225/2873/494 1221/2874/494 

vn 1 -4.25661e-16 -1.14999e-09
v 2.0002 2.00137 -36.0007
f 1227/2875/546 1224/2876/546 1223/2877/546 1228/2878/546 

f 1228/2879/496 1223/2880/496 1222/2881/496 1226/2869/496 

f 1226/2882/497 1225/2883/497 1227/2884/497 1228/2885/497 

g Mesh27 Group30 Group28 Group6 Group2 Group1 Model

v 2.00002 18.0015 -36
vn 1 9.76261e-06 2.6361e-11
v 2 20.0015 -38
v 2 20.0015 -2.43234e-08
v 2.00002 18.0015 -2
f 1229/2886/547 1230/2887/547 1231/2888/547 1232/2889/547 

v 1.95262e-05 18.0014 -36
v 1.00281e-09 20.0014 -38
f 1230/2890/499 1229/2891/499 1233/2892/499 1234/2893/499 

v 1.95253e-05 18.0014 -2
f 1229/2894/500 1232/2895/500 1235/2896/500 1233/2869/500 

v 6.58584e-13 20.0014 -2.43762e-08
f 1232/2897/501 1231/2898/501 1236/2899/501 1235/2900/501 

f 1231/2901/502 1230/2902/502 1234/2903/502 1236/2888/502 

vn -1 -9.76261e-06 -2.6361e-11
f 1234/2904/548 1233/2905/548 1235/2906/548 1236/2907/548 

g Mesh28 Group31 Group28 Group6 Group2 Group1 Model

v 2.0002 0.00144126 -38.0008
v 2.0002 2.00137 -36.0007
v 2.0002 2.00008 -2.00068
v 2.0002 9.38421e-06 -0.000753675
vt -38 3.54987e-30
f 1237/2940/546 1238/2878/546 1239/2941/546 1240/3138/546 

vt -2.82843 3.18323e-12
v 0.000195253 0.00144126 -38.0008
v 0.000195255 2.00137 -36.0007
f 1238/3139/507 1237/2944/507 1241/2945/507 1242/2946/507 

vt 3.87956e-12 -1.33444e-29
vn -4.35918e-14 -1 -3.76811e-05
v 1.20495 0.00133363 -36.6442
vt 1.35655 0.795249
f 1237/3140/549 1243/3141/549 1241/2949/549

v 1.2351 0.00133145 -36.5863
vt 1.41443 0.765099
f 1243/3141/549 1237/3140/549 1244/3142/549

v 1.24924 0.00132905 -36.5226
vt 1.47815 0.750957
f 1244/3142/549 1237/3140/549 1245/3143/549

vt 38 7.35554e-11
f 1245/3143/549 1237/3140/549 1240/3144/549

v 1.24924 1.02077e-05 -1.52261
vt 36.4781 0.750957
f 1245/3143/549 1240/3144/549 1246/3145/549

v 1.24641 7.7508e-06 -1.45741
vt 36.5433 0.753787
f 1240/3144/549 1247/3146/549 1246/3145/549

v 1.2268 5.40524e-06 -1.39516
vt 36.6056 0.773396
f 1247/3146/549 1240/3144/549 1248/3147/549

v 1.19175 3.33085e-06 -1.34011
vt 36.6606 0.808447
f 1248/3147/549 1240/3144/549 1249/3148/549

v 0.000195297 9.38421e-06 -0.000753673
f 1249/3148/549 1240/3144/549 1250/2907/549

vt -26.8701 3.67702e-11
vt -24.0416 3.29048e-11
v 0.000195294 2.00008 -2.00068
f 1240/3149/506 1239/3150/506 1251/2938/506 1250/2939/506 

vt -36 6.96904e-11
vt -2 3.18356e-12
f 1239/3151/510 1238/3152/510 1242/2878/510 1251/2941/510 

vn -1 4.25661e-16 1.14999e-09
vt 38 -3.33067e-16
f 1242/2869/550 1241/2970/550 1250/3153/550 1251/2896/550 

v 0.751152 0.0013274 -36.4789
vt 1.52185 1.24904
f 1252/3154/549 1250/2907/549 1241/2949/549

v 0.751152 8.56074e-06 -1.4789
vt 36.5219 1.24904
f 1253/3155/549 1250/2907/549 1252/3154/549

v 0.765294 6.15999e-06 -1.41519
vt 36.5856 1.2349
f 1254/3156/549 1250/2907/549 1253/3155/549

v 0.795444 3.97896e-06 -1.35731
vt 36.6434 1.20475
f 1255/3157/549 1250/2907/549 1254/3156/549

v 0.839548 2.16629e-06 -1.3092
vt 36.6916 1.16065
f 1256/3158/549 1250/2907/549 1255/3157/549

v 0.894599 8.45514e-07 -1.27415
vt 36.7266 1.1056
f 1257/3159/549 1250/2907/549 1256/3158/549

v 0.956847 1.06631e-07 -1.25454
vt 36.7462 1.04335
f 1258/3160/549 1250/2907/549 1257/3159/549

v 1.02205 -2.10986e-16 -1.25171
vt 36.749 0.978146
f 1259/3161/549 1250/2907/549 1258/3160/549

v 1.08576 5.32887e-07 -1.26585
vt 36.7349 0.914434
f 1260/3162/549 1250/2907/549 1259/3161/549

v 1.14364 1.66898e-06 -1.296
vt 36.7048 0.856553
f 1261/3163/549 1250/2907/549 1260/3162/549

f 1249/3148/549 1250/2907/549 1261/3163/549

v 0.914629 1.82355e-05 -1.73565
vt 36.2651 1.08557
vn -4.35908e-14 -1 -3.76811e-05
v 0.978342 1.87684e-05 -1.7498
vt 36.251 1.02185
v 1.04354 1.86618e-05 -1.74697
vt 36.2538 0.956652
v 1.10579 1.79229e-05 -1.72736
vt 36.2734 0.894404
v 1.16084 1.66021e-05 -1.69231
vt 36.3084 0.839353
v 1.20495 1.47895e-05 -1.6442
vt 36.3566 0.795249
v 1.2351 1.26084e-05 -1.58632
vt 36.4144 0.765099
v 0.753982 1.10176e-05 -1.5441
vt 36.4567 1.24621
v 0.773591 1.33632e-05 -1.60635
vt 36.3944 1.2266
v 0.808643 1.54376e-05 -1.6614
vt 36.3394 1.19155
v 0.856748 1.70994e-05 -1.7055
vt 36.2952 1.14345
f 1262/3164/551 1263/3165/551 1264/3166/551 1265/3167/551 1266/3168/551 1267/3169/551 1268/3170/551 1246/3145/551 1247/3146/551 1248/3147/551 1249/3148/551 1261/3163/551 1260/3162/551 1259/3161/551 1258/3160/551 1257/3159/551 1256/3158/551 1255/3157/551 1254/3156/551 1253/3155/551 1269/3171/551 1270/3172/551 1271/3173/551 1272/3174/551 

v 0.956847 0.00131894 -36.2545
vt 1.74621 1.04335
f 1273/3175/549 1263/3165/549 1262/3164/549

v 1.02205 0.00131884 -36.2517
vt 1.74904 0.978146
f 1274/3176/549 1263/3165/549 1273/3175/549

f 1274/3176/549 1264/3166/549 1263/3165/549

v 1.08576 0.00131937 -36.2659
vt 1.7349 0.914434
f 1275/3177/549 1264/3166/549 1274/3176/549

f 1275/3177/549 1265/3167/549 1264/3166/549

v 1.14364 0.00132051 -36.296
vt 1.70475 0.856553
f 1276/3178/549 1265/3167/549 1275/3177/549

f 1276/3178/549 1266/3168/549 1265/3167/549

v 1.19175 0.00132217 -36.3401
vt 1.66065 0.808447
f 1277/3179/549 1266/3168/549 1276/3178/549

f 1277/3179/549 1267/3169/549 1266/3168/549

v 1.2268 0.00132424 -36.3952
vt 1.6056 0.773396
f 1278/3180/549 1267/3169/549 1277/3179/549

f 1278/3180/549 1268/3170/549 1267/3169/549

v 1.24641 0.00132659 -36.4574
vt 1.54335 0.753787
f 1279/3181/549 1268/3170/549 1278/3180/549

f 1245/3143/549 1268/3170/549 1279/3181/549

f 1268/3170/549 1245/3143/549 1246/3145/549

v 0.914629 0.00133707 -36.7357
vt 1.2651 1.08557
vn -4.3591e-14 -1 -3.76811e-05
v 0.978342 0.00133761 -36.7498
vt 1.25096 1.02185
v 1.04354 0.0013375 -36.747
vt 1.25379 0.956652
v 1.10579 0.00133676 -36.7274
vt 1.2734 0.894404
v 1.16084 0.00133544 -36.6923
vt 1.30845 0.839353
v 0.894599 0.00131968 -36.2741
vt 1.7266 1.1056
v 0.839548 0.001321 -36.3092
vt 1.69155 1.16065
v 0.795444 0.00132282 -36.3573
vt 1.64345 1.20475
v 0.765294 0.001325 -36.4152
vt 1.58557 1.2349
v 0.753982 0.00132986 -36.5441
vt 1.45665 1.24621
v 0.773591 0.0013322 -36.6063
vt 1.3944 1.2266
v 0.808642 0.00133428 -36.6614
vt 1.33935 1.19155
v 0.856748 0.00133594 -36.7055
vt 1.29525 1.14345
f 1280/3182/552 1281/3183/552 1282/3184/552 1283/3185/552 1284/3186/552 1243/3141/552 1244/3142/552 1245/3143/552 1279/3181/552 1278/3180/552 1277/3179/552 1276/3178/552 1275/3177/552 1274/3176/552 1273/3175/552 1285/3187/552 1286/3188/552 1287/3189/552 1288/3190/552 1252/3154/552 1289/3191/552 1290/3192/552 1291/3193/552 1292/3194/552 

f 1241/2949/549 1281/3183/549 1280/3182/549

f 1241/2949/549 1282/3184/549 1281/3183/549

f 1241/2949/549 1283/3185/549 1282/3184/549

f 1241/2949/549 1284/3186/549 1283/3185/549

f 1241/2949/549 1243/3141/549 1284/3186/549

f 1241/2949/549 1280/3182/549 1292/3194/549

f 1241/2949/549 1292/3194/549 1291/3193/549

f 1241/2949/549 1291/3193/549 1290/3192/549

f 1241/2949/549 1290/3192/549 1289/3191/549

f 1241/2949/549 1289/3191/549 1252/3154/549

f 1273/3175/549 1262/3164/549 1285/3187/549

f 1285/3187/549 1262/3164/549 1272/3174/549

f 1285/3187/549 1272/3174/549 1286/3188/549

f 1286/3188/549 1272/3174/549 1271/3173/549

f 1286/3188/549 1271/3173/549 1287/3189/549

f 1287/3189/549 1271/3173/549 1270/3172/549

f 1287/3189/549 1270/3172/549 1288/3190/549

f 1288/3190/549 1270/3172/549 1269/3171/549

f 1288/3190/549 1269/3171/549 1252/3154/549

f 1252/3154/549 1269/3171/549 1253/3155/549

g Mesh29 Group32 Group28 Group6 Group2 Group1 Model

v 1.95253e-05 18.0014 -2
v 1.88738e-13 20.0014 -2.43761e-08
v 2 20.0015 -2.43234e-08
v 2.00002 18.0015 -2
f 1293/2974/511 1294/2975/511 1295/2976/511 1296/2977/511 

v 0.000195252 0.00144128 -8.10075e-10
v 0.000175727 2.00144 -2
f 1297/2978/548 1294/2979/548 1293/2980/548 1298/2904/548 

v 2.0002 0.00146081 -7.57346e-10
vn -2.6376e-11 1.1783e-09 1
f 1299/2981/553 1295/2982/553 1294/2983/553 1297/2984/553 

v 2.00018 2.00146 -2
f 1300/2887/547 1296/2985/547 1295/2986/547 1299/2987/547 

vn 2.6376e-11 -1.1783e-09 -1
f 1296/2988/554 1300/2989/554 1298/2878/554 1293/2990/554 

f 1297/2892/499 1298/2893/499 1300/2991/499 1299/2992/499 

g Mesh30 Group34 Group33 Group6 Group2 Group1 Model

v 67.9999 28.9897 -38.274
vt -66 -0.00016621
vn -7.27149e-06 0.940905 -0.338671
v 3.99993 28.9892 -38.274
vt -2 -3.6362e-06
v 3.99992 29.6665 -36.3922
v 67.9999 29.667 -36.3922
vt -66 1.99982
f 1301/3195/555 1302/3196/555 1303/2878/555 1304/3197/555 

vt 1.30885e-06 2
vn 2.29427e-06 -0.338654 -0.940911
vt -8.18103e-05 66
v 67.593 28.6069 -38.1363
vt -0.406884 65.5931
v 65.9998 27.1079 -37.5968
vt -2.00001 63.9998
v 5.99995 27.1074 -37.5967
vt -2 4
f 1302/3198/556 1301/3199/556 1305/3200/556 1306/3201/556 1307/3202/556 

vt 46.6707 2.0014
vn 0.707087 -0.66535 0.239453
v 65.9999 27.7853 -35.7148
vt 43.8423 2.00159
vt 43.8422 0.00136832
vt 46.0953 0.00143004
vt 46.6707 0.00141635
f 1304/3203/557 1308/3204/557 1306/3205/557 1305/3206/557 1301/3207/557 

v 5.99994 27.7847 -35.7149
vt 2.00009 4
vn -3.72355e-06 0.338711 0.94089
vt 2.00009 64
vt 0.000164474 66
vt 8.6348e-05 2
f 1309/3208/558 1308/3209/558 1304/3210/558 1303/3211/558 

f 1308/3209/558 1304/3210/558 1303/3211/558 1309/3208/558 

vt 1.41421 1.5115e-14
vn -0.707101 -0.665327 0.239476
vt 4.24264 4.35367e-14
vt 4.24264 2
f 1302/3212/559 1307/3213/559 1309/3214/559 1303/2892/559 

vt 4 -9.7639e-06
vn 8.3855e-06 -0.940905 0.338671
vt 63.9998 -0.000220365
vt 64 2
vt 4 1.99999
f 1307/3215/560 1306/3216/560 1308/3217/560 1309/3218/560 

g Mesh31 Group35 Group33 Group6 Group2 Group1 Model

v 5.99995 27.1074 -37.5967
vt -1.92302 2
vn 5.16331e-06 -0.338668 -0.940906
v 6.00016 3.98274 -29.2733
vt -26.5 2
v 4.00016 3.98272 -29.2733
vt -26.5 -4.12524e-13
v 3.99993 28.9892 -38.274
vt 0.0769826 3.63126e-06
f 1310/3219/561 1311/3220/561 1312/3221/561 1313/3222/561 

v 5.99994 27.7847 -35.7149
vn 1 9.48696e-06 1.49904e-06
v 6.00015 4.26206 -27.2482
vt -26.923 2
vt -26.5 -1.56869e-05
vt -1.92302 1.00208e-06
f 1314/3219/562 1315/3223/562 1311/3224/562 1310/3225/562 

v 4.00015 4.26205 -27.2482
vt 26.923 1.42553e-06
vn -4.85892e-06 0.338668 0.940906
vt 26.923 2
vt 1.92302 2
v 3.99992 29.6665 -36.3922
vt -0.0769826 3.10025e-06
f 1316/3226/563 1315/3227/563 1314/3228/563 1317/3229/563 

vt 2.0941e-05 7.52787
vn 8.71714e-06 -0.990621 0.136637
vt 1.86862e-05 5.4836
vt 2.00002 5.4836
vt 2.00002 7.52786
f 1316/3230/564 1312/3231/564 1311/3232/564 1315/3233/564 

vt -0.0769826 -1.16048e-11
vn -1 -9.50051e-06 -1.49572e-06
vt 26.5 -1.55862e-05
vt -0.0769826 2
f 1313/3234/565 1312/3235/565 1316/3227/565 1317/3236/565 

vt 0.0544323 2
vn 0.707101 0.665328 -0.239473
vt -2.77399 2
vt -2.77399 -1.3416e-11
vt 0.0544323 -1.3416e-11
f 1317/3237/566 1314/3238/566 1310/3239/566 1313/3240/566 

g Mesh32 Group36 Group33 Group6 Group2 Group1 Model

v 67.9999 29.6671 -36.3921
vt 0.076907 2
vn 1 9.63289e-06 1.46328e-06
v 68.0002 4.26268 -27.2481
v 68.0002 3.98335 -29.2732
vt -26.5 -6.91589e-05
v 67.9999 28.9897 -38.2739
vt 0.076907 9.70526e-07
f 1318/3241/567 1319/3223/567 1320/3242/567 1321/3243/567 

v 65.9999 27.7852 -35.7147
vt 1.92309 -5.31024e-07
v 66.0002 4.26266 -27.2481
vt 26.923 1.57264e-06
vt -0.076907 2
f 1322/3244/563 1323/3245/563 1319/3227/563 1318/3246/563 

v 65.9999 27.1079 -37.5966
vt 1.92309 -2.69968e-13
vn -1 -9.64161e-06 -1.46115e-06
v 66.0002 3.98333 -29.2732
vt 26.5 -6.90267e-05
vt 1.92309 2
f 1324/3247/568 1325/3248/568 1323/3227/568 1322/3249/568 

vn 3.49019e-06 -0.338666 -0.940907
vt -26.5 1.47039e-07
vt -1.92309 -8.53894e-12
f 1320/3220/569 1325/3250/569 1324/3251/569 1321/3241/569 

vt 2.00002 5.48355
vn 8.71716e-06 -0.990621 0.136637
vt 2.10876e-05 7.52786
vt 1.88327e-05 5.48355
f 1320/3252/570 1319/3233/570 1323/3253/570 1325/3254/570 

vt 1.35983 2
vn -0.707113 0.665314 -0.239476
vt -1.4686 2
vt -1.4686 -3.39686e-16
vt 1.35983 -2.27713e-13
f 1322/3255/571 1318/3256/571 1321/3257/571 1324/3258/571 

g Mesh33 Group38 Group37 Group1 Model

v 6.00011 23.6852 -35.2935
vt 0.000711279 1.88181
vn -1 -1.41134e-05 -5.35144e-06
v 6.00014 21.8034 -34.6162
vt 0.678048 -3.99122e-10
v 6.00013 22.1421 -33.6753
vt 1.61896 0.338658
v 6.0001 24.0239 -34.3526
vt 0.941621 2.22047
f 1326/3259/572 1327/3260/572 1328/3261/572 1329/3262/572 

vt -3.17236e-05 -0.229633
vn 9.81495e-06 -0.338668 -0.940906
vt 1.93834e-08 1.77037
v 66 23.6861 -35.2932
vt -59.9999 1.77127
v 66 21.8043 -34.6159
vt -59.9999 -0.228733
f 1327/3263/573 1326/3264/573 1330/3265/573 1331/3266/573 

vt 5.08872e-08 0.63796
vn -1.14671e-05 0.94091 -0.338658
vt 3.99818e-05 1.63796
v 66 24.0247 -34.3523
vt -59.9998 1.64046
vt -59.9999 0.640461
f 1326/3267/574 1329/3268/574 1332/3269/574 1330/3270/574 

vt 1.72427e-06 1.77036
vn -9.81495e-06 0.338668 0.940906
vt 2.99803e-05 -0.229644
v 66 22.1429 -33.675
vt 59.9999 -0.228744
vt 59.9999 1.77126
f 1329/3271/575 1328/3272/575 1333/3273/575 1332/3274/575 

vt -4.17262e-05 1.63798
vn 1.14671e-05 -0.94091 0.338658
vt 1.69172e-06 0.637981
vt 59.9999 0.640482
vt 59.9998 1.64048
f 1328/3275/576 1327/3276/576 1331/3277/576 1333/3278/576 

vt -0.678048 -3.99134e-10
vn 1 1.41134e-05 5.35144e-06
vt -0.000711279 1.88181
vt -0.941621 2.22047
vt -1.61896 0.338658
f 1331/3279/577 1330/3280/577 1332/3281/577 1333/3282/577 

g Mesh34 Group39 Group37 Group1 Model

v 6.00016 16.6256 -32.7613
v 6.00018 14.7438 -32.084
v 6.00017 15.0825 -31.1431
v 6.00015 16.9643 -31.8204
f 1334/3259/572 1335/3260/572 1336/3261/572 1337/3262/572 

v 66 16.6265 -32.761
v 66.0001 14.7447 -32.0836
f 1335/3263/573 1334/3264/573 1338/3265/573 1339/3266/573 

v 66 16.9651 -31.8201
f 1334/3267/574 1337/3268/574 1340/3269/574 1338/3270/574 

v 66 15.0833 -31.1427
f 1337/3271/575 1336/3272/575 1341/3273/575 1340/3274/575 

f 1336/3275/576 1335/3276/576 1339/3277/576 1341/3278/576 

f 1339/3279/577 1338/3280/577 1340/3281/577 1341/3282/577 

g Mesh35 Group40 Group37 Group1 Model

v 6.00022 10.9802 -30.7293
v 6.00025 9.09839 -30.052
v 6.00023 9.43705 -29.1111
v 6.00021 11.3189 -29.7884
f 1342/3259/572 1343/3260/572 1344/3261/572 1345/3262/572 

v 66.0001 10.981 -30.729
v 66.0001 9.09923 -30.0516
f 1343/3263/573 1342/3264/573 1346/3265/573 1347/3266/573 

v 66.0001 11.3197 -29.7881
f 1342/3267/574 1345/3268/574 1348/3269/574 1346/3270/574 

v 66.0001 9.43789 -29.1107
f 1345/3271/575 1344/3272/575 1349/3273/575 1348/3274/575 

f 1344/3275/576 1343/3276/576 1347/3277/576 1349/3278/576 

f 1347/3279/577 1346/3280/577 1348/3281/577 1349/3282/577 

