# Alias OBJ Model File
# Exported from SketchUp, (c) 2000-2012 Trimble Navigation Limited
# File units = inches

mtllib 3 BRAVADA loveseat 60.mtl

g Mesh1 Group2 Group1 Model

usemtl _Color_M06_4
v 58.1 8.53021e-08 -34
vt 2.49143e-17 2
vn -2.49571e-09 -1 -2.49571e-09
v 60.1 7.53193e-08 -34
vt -2 2
v 60.1 7.53193e-08 -32
vt -2 1.99654e-08
v 58.1 7.53193e-08 -32
vt 0 1.99654e-08
f 1/1/1 2/2/1 3/3/1 4/4/1 

v 58.1 8 -34
vt -1.99654e-08 8
vn 1.24571e-17 2.49571e-09 -1
v 60.1 8 -34
vt -2 8
vt -2 -4.99142e-09
vt 2.49143e-17 4.99142e-09
f 5/5/2 6/6/2 2/7/2 1/8/2 

vt 2 2
vn 2.49571e-09 1 2.49571e-09
vt -2.80479e-13 2
v 58.1 8 -32
vt -2.80454e-13 1.99657e-08
v 60.1 8 -32
vt 2 1.99657e-08
f 6/9/3 5/10/3 7/11/3 8/12/3 

vt 2.48712e-25 8
vn -1 2.49571e-09 1.24571e-17
vt -2 9.98284e-09
vt -1.99654e-08 6.20712e-34
f 7/13/4 5/6/4 1/14/4 4/15/4 

vt 2 8
vn 0 -2.49571e-09 1
vt 1.99654e-08 8
vt 0 -4.98278e-17
vt 2 -4.98278e-17
f 8/16/5 7/17/5 4/18/5 3/19/5 

vn 1 -2.49571e-09 -0
vt 0 8
vt 1.99654e-08 4.99142e-09
vt 2 4.99142e-09
f 6/16/6 8/20/6 3/21/6 2/22/6 

g Mesh2 Group3 Group1 Model

v 58.1 19 -32
vt 4.86637e-10 2
vn 1 -1.73799e-11 1.73799e-11
v 58.1 17 -32
vt 4.86637e-10 4.86637e-10
v 58.1 17 -34
vt 2 4.86637e-10
v 58.1 19 -34
f 9/23/7 10/24/7 11/25/7 12/9/7 

vt 56 -4.86637e-10
vn -1.73799e-11 6.0412e-22 1
vt 56 2
v 2.1 19 -32
vt 6.95195e-11 2
v 2.1 17 -32
vt -8.45867e-21 4.86644e-10
f 10/26/8 9/27/8 13/28/8 14/29/8 

vn 1.73799e-11 1 -0
v 2.1 19 -34
vt 3.47598e-11 2
vt 3.47598e-11 4.86693e-10
f 9/26/9 12/27/9 15/30/9 13/31/9 

vt -56 2
vn 1.73799e-11 0 -1
vt -56 -4.86637e-10
v 2.1 17 -34
vt -3.47598e-11 4.86644e-10
vt -3.47598e-11 2
f 12/32/10 11/33/10 16/34/10 15/35/10 

vn -1.73799e-11 -1 -6.0412e-22
vt 8.45781e-21 4.86693e-10
vt -6.95195e-11 2
f 11/32/11 10/33/11 14/36/11 16/37/11 

vt -4.86693e-10 4.86644e-10
vn -1 1.73799e-11 -1.73799e-11
vt -4.86693e-10 2
vt -2 4.86644e-10
f 14/38/12 13/39/12 15/2/12 16/40/12 

g Mesh3 Group5 Group4 Group1 Model

v 15.825 10 -32
vt 0.75 30
vn 3.71259e-13 1 -2.27374e-13
v 15.075 10 -32
vt 1.28013e-11 30
v 15.075 10 -2
vt 1.84288e-11 -1.42109e-13
v 15.825 10 -2
vt 0.75 1.42109e-13
f 17/41/13 18/42/13 19/43/13 20/44/13 

vt -1.90425e-11 1.5
vn -1.89478e-13 -2.27374e-13 -1
vt -0.75 1.5
v 15.825 8.5 -32
vt -0.75 6.82121e-12
v 15.075 8.5 -32
vt -5.68434e-12 6.82121e-12
f 18/45/14 17/46/14 21/47/14 22/48/14 

vt 30 4.5775e-26
vn 1 -6.10333e-26 -1.89478e-13
vt 30 1.5
vt 3.41061e-13 1.5
v 15.825 8.5 -2
vt -1.42109e-13 6.82154e-12
f 21/49/15 17/50/15 20/51/15 23/52/15 

vt 0.75 1.5
vn 1.89478e-13 2.27374e-13 1
vt 1.89857e-11 1.5
v 15.075 8.5 -2
vt 5.6275e-12 6.82154e-12
vt 0.75 6.82154e-12
f 20/53/16 19/54/16 24/55/16 23/56/16 

vt -30 1.5
vn -1 8.90547e-12 1.89478e-13
vt -30 5.06217e-23
vt 1.06629e-24 6.82154e-12
vt -1.98952e-13 1.5
f 18/57/17 22/58/17 24/59/17 19/60/17 

vt 0 30
vn 0 -1 2.27374e-13
vt -0.75 30
vt -0.75 -1.55104e-24
vt -5.6275e-12 -1.55104e-24
f 22/61/18 21/62/18 23/63/18 24/64/18 

g Mesh4 Group6 Group4 Group1 Model

v 58.1 10 -18.5
vt -56 -5.19962e-12
vn -7.32874e-13 1.39466e-12 -1
v 2.1 10 -18.5
vt -7.32874e-13 6.59184e-12
v 2.1 10.125 -18.5
vt -7.89717e-13 0.125
v 58.1 10.125 -18.5
vt -56 0.125
f 25/65/19 26/66/19 27/67/19 28/68/19 

v 2.1 10 -17.5
vt -5.11591e-13 1.7053e-13
vn -2.35455e-13 -1 -1.39466e-12
vt 1.88046e-24 1
vt -56 1
v 58.1 10 -17.5
vt -56 2.07194e-11
f 29/69/20 26/70/20 25/71/20 30/72/20 

vt -1 7.9865e-12
vn -1 2.35455e-13 4.83169e-13
vt -1.7053e-13 7.9865e-12
v 2.1 10.125 -17.5
vt 2.47185e-25 0.125
vt -1 0.125
f 26/73/21 29/74/21 31/75/21 27/76/21 

vt 5.11591e-13 7.9865e-12
vn 7.33889e-13 -1.39466e-12 1
vt 56 -6.59384e-12
v 58.1 10.125 -17.5
vt 56 0.125
vt 5.11591e-13 0.125
f 29/77/22 30/78/22 32/79/22 31/80/22 

vt 2.07194e-11 6.59162e-12
vn 1 -2.35455e-13 -6.56759e-25
vt 1 9.3805e-12
vt 1 0.125
vt 2.05489e-11 0.125
f 30/81/23 25/82/23 28/83/23 32/84/23 

vt 2.74116e-14 1
vn 2.35455e-13 1 1.39466e-12
vt 4.82159e-13 1.74333e-13
vt 56 2.07232e-11
vt 56 1
f 27/85/24 31/86/24 32/87/24 28/88/24 

g Mesh5 Group7 Group4 Group1 Model

v 58.1 10 -7.5
v 2.1 10 -7.5
vt -7.32874e-13 6.59361e-12
v 2.1 10.125 -7.5
vt -7.32874e-13 0.125
v 58.1 10.125 -7.5
f 33/65/19 34/89/19 35/90/19 36/68/19 

v 2.1 10 -6.5
vt -4.54747e-13 1.7053e-13
vt 1.88088e-24 1
v 58.1 10 -6.5
f 37/91/20 34/92/20 33/71/20 38/72/20 

vt -1 7.98828e-12
vt -1.7053e-13 7.98828e-12
v 2.1 10.125 -6.5
f 34/93/21 37/94/21 39/75/21 35/76/21 

vt 4.54747e-13 7.98828e-12
v 58.1 10.125 -6.5
f 37/95/22 38/78/22 40/79/22 39/80/22 

f 38/81/23 33/82/23 36/83/23 40/84/23 

vt -2.94318e-14 1
f 35/96/24 39/86/24 40/87/24 36/88/24 

g Mesh6 Group8 Group4 Group1 Model

v 58.1 10 -29.5
v 2.1 10 -29.5
v 2.1 10.125 -29.5
v 58.1 10.125 -29.5
f 41/65/19 42/89/19 43/90/19 44/68/19 

v 2.1 10 -28.5
v 58.1 10 -28.5
f 45/91/20 42/92/20 41/71/20 46/72/20 

v 2.1 10.125 -28.5
f 42/93/21 45/94/21 47/75/21 43/76/21 

v 58.1 10.125 -28.5
f 45/95/22 46/78/22 48/79/22 47/80/22 

f 46/81/23 41/82/23 44/83/23 48/84/23 

f 43/96/24 47/86/24 48/87/24 44/88/24 

g Mesh7 Group9 Group4 Group1 Model

v 58.1 10 -13
v 2.1 10 -13
v 2.1 10.125 -13
v 58.1 10.125 -13
f 49/65/19 50/89/19 51/90/19 52/68/19 

v 2.1 10 -12
v 58.1 10 -12
f 53/91/20 50/92/20 49/71/20 54/72/20 

v 2.1 10.125 -12
f 50/93/21 53/94/21 55/75/21 51/76/21 

v 58.1 10.125 -12
f 53/95/22 54/78/22 56/79/22 55/80/22 

f 54/81/23 49/82/23 52/83/23 56/84/23 

f 51/96/24 55/86/24 56/87/24 52/88/24 

g Mesh8 Group10 Group4 Group1 Model

v 58.1 10 -24
v 2.1 10 -24
v 2.1 10.125 -24
v 58.1 10.125 -24
f 57/65/19 58/66/19 59/90/19 60/68/19 

v 2.1 10 -23
v 58.1 10 -23
f 61/91/20 58/70/20 57/71/20 62/72/20 

v 2.1 10.125 -23
f 58/73/21 61/74/21 63/75/21 59/76/21 

vt 4.54747e-13 7.9865e-12
v 58.1 10.125 -23
f 61/97/22 62/78/22 64/79/22 63/80/22 

f 62/81/23 57/82/23 60/83/23 64/84/23 

f 59/96/24 63/86/24 64/87/24 60/88/24 

g Mesh9 Group11 Group4 Group1 Model

v 30.425 10 -32
v 29.675 10 -32
v 29.675 10 -2
v 30.425 10 -2
f 65/41/13 66/42/13 67/43/13 68/44/13 

v 30.425 8.5 -32
v 29.675 8.5 -32
f 66/45/14 65/46/14 69/47/14 70/48/14 

v 30.425 8.5 -2
f 69/49/15 65/50/15 68/51/15 71/52/15 

v 29.675 8.5 -2
f 68/53/16 67/54/16 72/55/16 71/56/16 

f 66/57/17 70/58/17 72/59/17 67/60/17 

f 70/61/18 69/62/18 71/63/18 72/64/18 

g Mesh10 Group12 Group4 Group1 Model

v 45.125 10 -32
v 44.375 10 -32
v 44.375 10 -2
v 45.125 10 -2
f 73/41/13 74/42/13 75/43/13 76/44/13 

v 45.125 8.5 -32
v 44.375 8.5 -32
f 74/45/14 73/46/14 77/47/14 78/48/14 

v 45.125 8.5 -2
f 77/49/15 73/50/15 76/51/15 79/52/15 

v 44.375 8.5 -2
f 76/53/16 75/54/16 80/55/16 79/56/16 

f 74/57/17 78/58/17 80/59/17 75/60/17 

f 78/61/18 77/62/18 79/63/18 80/64/18 

g Mesh11 Group13 Group1 Model

v 58.1 8 -5.68434e-14
vt 56 4.07533e-09
vn -7.27738e-11 -1.0592e-20 1
v 58.1 10 -5.68434e-14
v 2.1 10 -4.07525e-09
vt -1.48278e-19 2
v 2.1 8 -4.07525e-09
vt 2.91095e-10 -2.15816e-29
f 81/98/25 82/27/25 83/99/25 84/100/25 

vt 2.03767e-09 2
vn 1 7.27738e-11 7.27738e-11
vt 2.03767e-09 -2.28488e-17
v 58.1 8 -2
vt 2 -2.28382e-17
v 58.1 10 -2
f 82/101/26 81/102/26 85/103/26 86/9/26 

vn 7.27738e-11 -1 -0
vt -56 -2.03767e-09
vt -2.91095e-10 2.03752e-09
v 2.1 8 -2
vt -2.91095e-10 2
f 85/32/27 81/104/27 84/105/27 87/106/27 

vt -2.03752e-09 -2.11841e-20
vn -1 -7.27738e-11 -7.27738e-11
vt -2.03752e-09 2
v 2.1 10 -2
vt -2 -1.0592e-20
f 84/107/28 83/108/28 88/2/28 87/109/28 

vt 56 -2.03767e-09
vn -7.27738e-11 1 -1.0592e-20
vt 4.36643e-10 2
vt 1.45548e-10 2.03752e-09
f 82/110/29 86/27/29 88/111/29 83/112/29 

vn 7.27738e-11 0 -1
vt -56 4.07533e-09
vt -1.45548e-10 0
vt -1.45548e-10 2
f 86/32/30 85/113/30 87/114/30 88/115/30 

g Mesh12 Group14 Group1 Model

v 58.1 8 -32
v 58.1 10 -32
v 2.1 10 -32
v 2.1 8 -32
f 89/98/25 90/27/25 91/99/25 92/100/25 

v 58.1 8 -34
v 58.1 10 -34
f 90/101/26 89/102/26 93/103/26 94/9/26 

v 2.1 8 -34
f 93/32/27 89/104/27 92/105/27 95/106/27 

v 2.1 10 -34
f 92/107/28 91/108/28 96/2/28 95/109/28 

f 90/110/29 94/27/29 96/111/29 91/112/29 

f 94/32/30 93/113/30 95/114/30 96/115/30 

g Mesh13 Group16 Group15 Group1 Model

v 60.1 8 -2
vn 7.98737e-11 3.5552e-11 -1
v 60.1 0 -2
vt -2 -7.1104e-11
v 58.1 2.83995e-11 -2
vt 1.59747e-10 -4.27045e-11
v 58.1 8 -2
vt -1.31348e-10 8
f 97/6/31 98/116/31 99/117/31 100/118/31 

vn 1 -1.41998e-11 7.98737e-11
v 60.1 10 -7.88447e-10
vt 1.59747e-10 10
v 60.1 0 -7.88447e-10
vt 1.59747e-10 2.83995e-11
vt 2 2.83995e-11
f 97/16/32 101/119/32 102/120/32 98/121/32 

vt -2 7.07107
vn 6.652e-11 0.707107 -0.707107
vt -2 4.24264
vt -1.02948e-10 4.24264
v 58.1 10 -9.48205e-10
vt 1.50291e-20 7.07107
f 101/122/33 97/123/33 100/124/33 103/125/33 

vt -1.59758e-10 10
vn -1 1.41998e-11 -7.98737e-11
vt -2 2.83995e-11
v 58.1 2.83995e-11 -9.48205e-10
vt -1.59758e-10 2.83995e-11
f 103/126/34 100/6/34 99/127/34 104/128/34 

vn -1.41998e-11 -1 -0
vt -2 0
vt 4.03267e-22 1.59758e-10
vt 4.03267e-22 2
f 98/2/35 102/129/35 104/130/35 99/131/35 

vt 2 0
vn -7.98737e-11 0 1
vt 2 10
vt -1.27605e-20 10
vt -1.27605e-20 2.83995e-11
f 102/132/36 101/133/36 103/134/36 104/135/36 

g Mesh14 Group17 Group15 Group1 Model

v 2.1 8 -2
v 2.1 0 -2
v 0.1 2.83995e-11 -2
v 0.1 8 -2
f 105/6/31 106/116/31 107/117/31 108/118/31 

v 2.1 10 -0
v 2.1 0 -0
f 105/16/32 109/119/32 110/120/32 106/121/32 

v 0.1 10 -1.59758e-10
f 109/122/33 105/123/33 108/124/33 111/125/33 

v 0.1 2.83995e-11 -1.59758e-10
f 111/126/34 108/6/34 107/127/34 112/128/34 

f 106/2/35 110/129/35 112/130/35 107/131/35 

f 110/132/36 109/133/36 111/134/36 112/135/36 

g Mesh15 Group18 Group15 Group1 Model

v 2.1 27 -34
vn -9.10988e-12 -1 1.49214e-13
v 58.1 27 -34
vt -58 2
v 58.1 27 -32
vt -58 1.42381e-09
v 2.1 27 -32
vt -2 1.90653e-10
f 113/2/37 114/136/37 115/137/37 116/138/37 

v 0.1 29 -34
vt -7.02089e-11 2
vn -3.51044e-11 -1.54205e-10 -1
v 60.1 29 -34
vt -60 2
vt -58 1.69901e-10
vt -2 9.85231e-10
f 117/139/38 118/140/38 114/141/38 113/142/38 

v 0.1 29 -32
vt -2.85235e-11 -1.97593e-10
vn 4.92489e-11 1 -9.87965e-11
v 60.1 29 -32
vt 60 6.61091e-09
vt 60 2
vt -9.84977e-11 2
f 119/143/39 120/144/39 118/145/39 117/146/39 

vt 2 6.57209e-10
vn 7.08978e-11 1.29851e-09 1
vt 58 2.76284e-10
vt 6.99742e-11 2
f 116/147/40 115/148/40 120/145/40 119/149/40 

vt -6.29867e-08 43.8406
vn 0.707107 -0.707107 -8.22544e-10
vt -6.60449e-08 41.0122
vt 2 41.0122
vt 2 43.8406
f 120/150/41 115/151/41 114/152/41 118/153/41 

vt -2 1.41421
vn -0.707107 -0.707107 1.77988e-11
vt -2 -1.41421
vt -1.4031e-10 -1.41421
vt 1.76134e-21 1.41421
f 117/154/42 113/155/42 116/156/42 119/157/42 

g Mesh16 Group19 Group15 Group1 Model

v 60.1 8 -2
vt 2 -1.41421
vn 1.83939e-11 -0.707107 0.707107
v 60.1 10 -7.88447e-10
vt 2 1.41421
v 58.1 10 -8.89798e-10
vt 2.63646e-21 1.41421
v 58.1 8 -2
vt 3.43121e-10 -1.41421
f 121/158/43 122/159/43 123/160/43 124/161/43 

v 60.1 8 -34
vt 34 -8.99409e-19
vn 1 7.66853e-11 5.06724e-11
v 60.1 10 -32
vt 32 2
vt 1.01345e-10 2
vt 2 9.68857e-09
f 125/162/44 126/163/44 122/164/44 121/165/44 

vt -2 -21.2132
vn -1.83939e-11 0.707107 -0.707107
vt -2 -24.0416
v 58.1 8 -34
vt -2.76067e-09 -24.0416
v 58.1 10 -32
vt -2.49031e-09 -21.2132
f 126/166/45 125/167/45 127/168/45 128/169/45 

vt -2 34
vn 7.66853e-11 -1 3.02768e-10
vt -1.87623e-09 34
f 125/170/46 121/2/46 124/106/46 127/171/46 

vt -32 2
vn -1 -7.66853e-11 -5.06724e-11
vt -34 -1.17613e-20
vt -2 9.68857e-09
vt -1.01352e-10 2
f 128/172/47 127/173/47 124/174/47 123/175/47 

vt 2 -5.84154e-10
vn -7.66853e-11 1 -2.92077e-10
vt 2 32
vt 1.81127e-09 32
vt 1.53371e-10 -4.82802e-10
f 122/176/48 126/177/48 128/178/48 123/179/48 

g Mesh17 Group20 Group15 Group1 Model

vt -2 21
vn -1 3.60764e-10 -1.57005e-10
v 0.1 8 -34
vt -2 6.73694e-10
v 0.1 10 -32
vt -1.0192e-10 2
v 0.1 29 -32
vt -4.54122e-10 21
f 117/180/49 129/181/49 130/182/49 131/183/49 

vt -1.26215e-10 7.35471e-10
vn -6.31075e-11 -3.08887e-11 -1
vt -7.32117e-09 21
vt -2 19
v 2.1 8 -34
vt -2 6.17773e-11
f 129/184/50 117/185/50 113/186/50 132/187/50 

vt 4.54122e-10 14.8492
vn 0.707107 0.707107 -6.07783e-11
v 2.1 27 -32
vt -7.97069e-11 12.0208
vt 2 12.0208
vt 2 14.8492
f 131/188/51 133/189/51 113/190/51 117/191/51 

v 2.1 10 -32
vn -8.54601e-11 1.00409e-11 1
vt 2 19
vt 7.2821e-09 21
vt 6.36646e-12 2
f 134/9/52 133/192/52 131/193/52 130/194/52 

vt 2.01144e-10 19
vn 1 -3.94193e-10 5.44721e-11
vt 1.08944e-10 2
vt 2 7.88386e-10
f 133/195/53 134/196/53 132/197/53 113/192/53 

vt 6.36646e-12 1.41421
vn -1.46941e-10 -0.707107 0.707107
vt -4.15613e-10 -1.41421
f 130/198/54 129/199/54 132/158/54 134/159/54 

g Mesh18 Group21 Group15 Group1 Model

v 58.1 27 -34
vn -1 -3.49403e-12 7.20055e-11
v 58.1 8 -34
vt -2 -5.4747e-22
v 58.1 10 -32
vt 1.48741e-20 2
vt -1.43814e-09 19
f 135/186/55 136/200/55 137/201/55 115/202/55 

vt -2.97263e-11 1.1733e-10
vn -8.5251e-12 -5.86652e-11 -1
vt -1.70502e-11 19
v 60.1 29 -34
v 60.1 8 -34
vt -2 1.1733e-10
f 136/203/56 135/204/56 138/180/56 139/205/56 

vt -1.43814e-09 13.435
vn -0.707107 0.707107 -5.99654e-11
v 60.1 29 -32
vt -1.75918e-09 16.2635
vt -2 16.2635
vt -2 13.435
f 115/206/57 140/207/57 138/208/57 135/209/57 

v 60.1 10 -32
vn -4.18088e-12 8.40772e-11 1
vt 2 21
vt 8.7141e-11 19
vt 2.06569e-10 2
f 141/9/58 140/210/58 115/211/58 137/212/58 

vt 2 -1.9788e-12
vn 1 9.894e-13 -1.17475e-12
vt 1.58722e-09 21
vt -2.3495e-12 2
f 139/213/59 138/210/59 140/214/59 141/215/59 

vt 2.06569e-10 1.41421
vn -6.91469e-13 -0.707107 0.707107
vt 1.07203e-11 -1.41421
f 137/216/60 136/217/60 139/158/60 141/159/60 

g Mesh19 Group22 Group15 Group1 Model

v 2.1 8 -2
v 2.1 10 -0
v 0.1 10 -1.01352e-10
v 0.1 8 -2
f 142/158/43 143/159/43 144/160/43 145/161/43 

f 132/162/44 134/163/44 143/164/44 142/165/44 

v 0.1 8 -34
v 0.1 10 -32
f 134/166/45 132/167/45 146/168/45 147/169/45 

f 132/170/46 142/2/46 145/106/46 146/171/46 

f 147/172/47 146/173/47 145/174/47 144/175/47 

f 143/176/48 134/177/48 147/178/48 144/179/48 

g Mesh20 Group23 Group1 Model

v 0.1 9.65056e-08 -34
v 2.1 8.65228e-08 -34
v 2.1 8.65228e-08 -32
v 0.1 8.65228e-08 -32
f 148/1/1 149/2/1 150/3/1 151/4/1 

v 0.1 8 -34
v 2.1 8 -34
f 152/5/2 153/6/2 149/7/2 148/8/2 

v 0.1 8 -32
v 2.1 8 -32
f 153/9/3 152/10/3 154/11/3 155/12/3 

f 154/13/4 152/6/4 148/14/4 151/15/4 

f 155/16/5 154/17/5 151/18/5 150/19/5 

f 153/16/6 155/20/6 150/21/6 149/22/6 

g Mesh21 Group25 Group24 Group1 Model

v 2.1 24 -1.40059e-09
vt 8.86757e-11 2
vn 1 -4.84676e-27 4.43379e-11
v 2.1 22 -2
vt 2 9.69352e-27
v 2.1 22 -32
vt 32 9.69352e-27
v 2.1 24 -32
f 156/218/61 157/219/61 158/220/61 159/163/61 

vn -3.13516e-11 -0.707107 0.707107
v 0.1 24 -1.48927e-09
vt -3.93169e-21 1.41421
v 0.1 22 -2
vt -3.93173e-21 -1.41421
f 157/158/62 156/159/62 160/221/62 161/222/62 

vt 2 -2.65885e-10
vn 5.89439e-21 1 -1.32943e-10
v 0.1 24 -32
vt 1.41881e-09 32
vt -1.17888e-20 -1.77209e-10
f 156/223/63 159/177/63 162/224/63 160/225/63 

vn 4.43379e-11 0 -1
v 0.1 22 -32
vt 7.74241e-21 0
vt 7.74241e-21 2
f 159/2/64 158/129/64 163/226/64 162/227/64 

vn 0 -1 -0
vt -8.86757e-11 2
vt -1.41881e-09 32
vt -2 32
f 157/2/65 161/228/65 163/229/65 158/230/65 

vt -2 -1.90561e-47
vn -1 4.84676e-27 -4.43379e-11
vt -32 -3.7527e-47
f 161/231/66 160/228/66 162/172/66 163/232/66 

g Mesh22 Group26 Group24 Group1 Model

v 0.1 22 -2
vt -3.10294e-10 7.07107
vn -7.83539e-11 0.707107 -0.707107
v 0.1 24 -1.40059e-09
vt -1.37512e-19 9.89949
v 2.1 24 -1.40059e-09
vt -2 9.89949
v 2.1 22 -2
f 164/233/67 165/234/67 166/235/67 167/122/67 

v 0.1 10 -1.59616e-10
vt 2.94362e-20 -1.13899e-19
vn -1 -9.1775e-11 2.37186e-11
vt -1.24098e-09 14
vt -2 12
v 0.1 10 -2
vt -2 -1.18252e-19
f 168/236/68 165/237/68 164/238/68 169/239/68 

vt 1.24106e-09 1.72873e-39
vn -1.57144e-20 8.86412e-11 1
v 2.1 10 -1.59616e-10
vt 2 3.54561e-10
vt 2 14
vt -1.95012e-29 14
f 168/240/69 170/241/69 166/242/69 165/243/69 

vt -1.24106e-09 2
vn 8.86402e-11 -1 8.86402e-11
v 2.1 10 -2
vt -2 -1.57142e-20
vt -1.24106e-09 9.75113e-30
f 169/244/70 171/2/70 170/245/70 168/246/70 

vt -8.86757e-11 12
vn 1.96507e-21 -8.86402e-11 -1
vt -2 1.7728e-10
vt -1.24106e-09 1.7728e-10
f 164/247/71 167/238/71 171/248/71 169/249/71 

vt -2.72246e-11 1.74488e-10
vn 1 9.00363e-11 -1.36123e-11
vt 2 -1.80073e-10
vt 2 12
vt 1.21375e-09 14
f 170/250/72 171/251/72 167/252/72 166/253/72 

g Mesh23 Group28 Group27 Group1 Model

v 60.1 24 -2.13069e-09
v 60.1 22 -2
v 60.1 22 -32
v 60.1 24 -32
f 172/218/61 173/219/61 174/220/61 175/163/61 

v 58.1 24 -2.21937e-09
v 58.1 22 -2
f 173/158/62 172/159/62 176/221/62 177/222/62 

v 58.1 24 -32
f 172/223/63 175/177/63 178/224/63 176/225/63 

v 58.1 22 -32
f 175/2/64 174/129/64 179/226/64 178/227/64 

f 173/2/65 177/228/65 179/229/65 174/230/65 

f 177/231/66 176/228/66 178/172/66 179/232/66 

g Mesh24 Group29 Group27 Group1 Model

v 58.1 22 -2
v 58.1 24 -2.13069e-09
v 60.1 24 -2.13069e-09
v 60.1 22 -2
f 180/233/67 181/234/67 182/235/67 183/122/67 

v 58.1 10 -8.89713e-10
v 58.1 10 -2
f 184/236/68 181/237/68 180/238/68 185/239/68 

v 60.1 10 -8.89713e-10
f 184/240/69 186/241/69 182/242/69 181/243/69 

v 60.1 10 -2
f 185/244/70 187/2/70 186/245/70 184/246/70 

f 180/247/71 183/238/71 187/248/71 185/249/71 

f 186/250/72 187/251/72 183/252/72 182/253/72 

g Mesh25 Pillow_Abernathy_15_1 Pillow_Abernathy_SKU_EAN5489__28_1 Group1 Model

usemtl _Color_M03_1
v 12.5239 17.9102 -22.1466
vt 23.8917 -3.20779
vn 0.0132225 -0.959122 -0.282685
v 14.5248 17.9216 -22.3339
vt 20.9649 -2.86698
vn 0.0503701 -0.806805 -0.588667
v 14.9125 17.9517 -21.9613
vt 20.374 -3.15141
vn 0.0461212 -0.995956 -0.0770967
f 188/254/73 189/255/74 190/256/75

v 12.4534 17.96 -22.7074
vt 24.1847 -0.496362
vn 0.0193793 -0.643558 -0.765152
vt 21.1385 -0.872514
vt 24.0815 -1.01823
f 191/257/76 189/258/74 188/259/73

vt 24.1191 -0.789395
v 14.8483 18.0174 -22.7693
vt 20.5993 -0.613204
vn 0.08101 -0.593278 -0.800911
vt 21.0631 -1.07446
f 191/260/76 192/261/77 189/262/74

vt 24.151 0.102958
v 12.334 18.189 -23.2519
vt 24.3342 0.790114
vn 0.0339623 -0.428689 -0.902813
vt 20.6296 0.24114
f 191/263/76 193/264/78 192/265/77

v 11.7203 18.0219 -22.9998
vt 25.0403 -0.675862
vn 0.0209674 -0.532455 -0.846198
vt 24.158 -0.235091
vt 23.9444 -0.913409
f 194/266/79 193/267/78 191/268/76

v 11.7304 18.6534 -24.018
vt 25.2316 2.29461
vn 0.0534679 -0.343052 -0.937793
vt 24.3336 1.14058
vt 25.2328 0.735362
f 195/269/80 193/270/78 194/271/79

vt 24.4 0.854644
v 12.17 18.9258 -24.0825
vt 23.7743 1.36145
vn 0.0471507 -0.31044 -0.949423
vt 23.4002 -0.212443
f 195/272/80 196/273/81 193/274/78

v 11.869 19.7567 -24.6927
vt 24.7944 4.38986
vn 0.0263433 -0.253931 -0.966864
vt 24.3033 2.77226
vt 24.9427 2.28299
f 197/275/82 196/276/81 195/277/80

v 15.0007 19.1023 -24.1877
vt 20.4285 3.68204
vn 0.0107903 -0.295399 -0.955313
vt 24.5914 3.34981
vt 25.037 4.98054
f 198/278/83 196/279/81 197/280/82

vt 20.4247 3.53765
v 14.868 18.5298 -23.667
vt 20.6149 2.36368
vn 0.0528256 -0.379538 -0.923667
vt 24.5871 3.19922
f 198/281/83 199/282/84 196/283/81

vt 20.4236 3.52895
v 17.5104 18.8984 -23.9447
vt 16.7298 3.08731
vn 0.00508325 -0.317576 -0.948219
vt 20.6134 2.35491
f 198/284/83 200/285/85 199/286/84

v 17.4202 19.8343 -24.6363
vt 16.8645 5.0118
vn 0.00728095 -0.253531 -0.9673
vt 16.722 3.17364
vt 20.4168 3.60733
f 201/287/86 200/288/85 198/289/83

v 19.3344 19.2504 -24.2708
vt 14.0639 4.02783
vn 0.000601453 -0.286926 -0.957953
vt 16.7493 3.3208
vt 16.8753 5.16017
f 202/290/87 200/291/85 201/292/86

vt 16.7374 3.11331
vt 14.056 3.8355
v 18.5524 18.3272 -23.3986
vt 15.2025 1.92664
vn -0.0324886 -0.402118 -0.915011
f 200/293/85 202/294/87 203/295/88

vt 15.2275 2.07839
vt 14.0652 3.97765
v 20.2903 18.6764 -23.8004
vt 12.6666 2.81497
vn -7.37736e-05 -0.34125 -0.939972
f 203/296/88 202/297/87 204/298/89

v 21.9399 19.7254 -24.6132
vt 10.2233 4.83807
vn -0.01691 -0.256868 -0.966298
vt 12.6441 2.75851
vt 14.0532 3.90851
f 205/299/90 204/300/89 202/301/87

v 21.8555 18.7516 -23.9067
vt 10.3595 3.03448
vn -0.0401818 -0.318685 -0.947009
vt 12.6622 2.87558
vt 10.2289 4.94055
f 206/302/91 204/303/89 205/304/90

vt 12.6551 2.60719
vt 10.3529 2.77361
v 21.7558 18.3013 -23.3893
vt 10.5001 1.79149
vn -0.0397648 -0.394804 -0.917905
f 204/305/89 206/306/91 207/307/92

vt 10.3505 3.29584
v 22.2639 18.1998 -23.4232
vt 9.79924 2.14744
vn -0.0315087 -0.402211 -0.915005
vt 10.5447 2.32191
f 206/308/91 208/309/93 207/310/92

vt 9.80242 2.00288
vt 10.3723 3.14215
v 22.7768 19.0079 -24.3356
vt 8.99551 3.73105
vn -0.0299348 -0.292254 -0.955872
f 208/311/93 206/312/91 209/313/94

vt 8.96531 3.90345
vt 10.3499 3.33322
vt 10.1657 5.23485
f 209/314/94 206/315/91 205/316/90

vt 9.00465 3.77535
vt 10.2273 5.08635
v 23.9736 19.7704 -24.821
vt 7.23274 5.21925
vn 0.0429965 -0.244758 -0.96863
f 209/317/94 205/318/90 210/319/95

vt 7.23251 5.23019
vt 10.227 5.09767
v 21.8718 20.8888 -25.1224
vt 10.3138 7.23162
vn 0.00138398 -0.197244 -0.980353
f 210/320/95 205/321/90 211/322/96

vt 10.3252 7.16743
vt 10.2249 5.03407
v 19.7608 20.4032 -24.9178
vt 13.4301 6.2842
vn 0.00261335 -0.224775 -0.974407
f 211/323/96 205/324/90 212/325/97

vt 10.2288 5.0169
vt 14.0634 4.10674
vt 13.4307 6.27569
f 205/326/90 202/327/87 212/328/97

vt 14.0516 4.03538
vt 16.8696 5.15132
vt 13.4286 6.20713
f 202/329/87 201/330/86 212/331/97

vt 13.431 6.29773
vt 16.8745 5.25033
v 16.6821 20.8809 -25.0884
vt 17.958 7.16971
vn 0.00704053 -0.198784 -0.980018
f 212/332/97 201/333/86 213/334/98

vt 16.8688 5.22399
v 11.5273 20.7419 -25.1343
vt 25.539 6.92929
vn 0.0116658 -0.208009 -0.978057
vt 17.9564 7.14107
f 201/335/86 214/336/99 213/337/98

vt 16.8698 5.21674
vt 25.0352 5.11353
vt 25.5395 6.9242
f 201/338/86 197/339/82 214/340/99

vt 20.4243 3.68683
vt 25.0346 4.97912
vt 16.8692 5.08407
f 198/341/83 197/342/82 201/343/86

vt 25.5284 6.86466
vt 25.0193 5.05533
v 9.64059 20.2122 -25.0148
vt 28.3022 5.93087
vn -0.042918 -0.230482 -0.97213
f 214/344/99 197/345/82 215/346/100

vt 28.3076 5.91612
vt 25.0254 5.03772
v 10.2058 18.9826 -24.3908
vt 27.468 3.62913
vn -0.0212452 -0.308855 -0.950872
f 215/347/100 197/348/82 216/349/101

vt 24.9842 4.77759
vt 25.1636 2.67314
vt 27.4187 3.35523
f 197/350/82 195/351/80 216/352/101

vt 25.244 2.71876
v 10.6798 18.2065 -23.4814
vt 26.7893 1.73556
vn -0.00193813 -0.451069 -0.892487
vt 27.4863 3.44197
f 195/353/80 217/354/102 216/355/101

vt 26.6194 0.434579
vt 25.1114 1.47404
vt 25.0616 -0.0844088
f 217/356/102 195/357/80 194/358/79

vt 26.8031 1.54099
vt 25.2833 0.919472
v 10.1662 17.8804 -22.4373
vt 27.5794 0.374097
vn 0.0310911 -0.763667 -0.644861
f 217/359/102 194/360/79 218/361/103

vt 27.477 -1.15099
vt 25.2067 -0.506351
v 11.5544 17.9194 -22.5076
vt 25.4376 -1.01631
vn 0.0122661 -0.82741 -0.561464
f 218/362/103 194/363/79 219/364/104

vt 25.2565 0.104372
vt 24.1776 -0.201246
vt 25.4992 -0.400052
f 194/365/79 191/366/76 219/367/104

vt 25.3656 -2.02792
vt 24.0547 -1.7677
vt 23.9238 -2.28332
f 219/368/104 191/369/76 188/370/73

vt 25.552 0.777359
vt 24.1543 0.34108
v 11.9888 17.926 -21.9487
vt 24.9514 0.237259
vn -0.00238521 -0.980929 0.194351
f 219/371/104 188/372/73 220/373/105

vt -15.8229 -19.1984
vt -15.2433 -18.6414
v 12.5198 17.9927 -21.7003
vt -15.5618 -18.4285
vn 0.00773865 -0.74234 0.669978
f 220/374/105 188/375/73 221/376/106

vt -24.1776 0.912243
vt -24.1493 0.530252
vt -20.6531 0.922014
f 221/377/106 188/378/73 190/379/75

vt -24.1753 1.31199
vt -20.6508 1.3129
v 14.8008 18.0933 -21.5394
vt -20.8352 1.69188
vn 0.0122907 -0.544246 0.838836
f 221/380/106 190/381/75 222/382/107

vt -20.6435 1.45356
v 17.1143 17.9985 -21.9394
vt -17.4114 1.67132
vn -0.0100021 -0.947333 0.320095
vt -20.8253 1.8338
f 190/383/75 223/384/108 222/385/107

vt 20.3479 -3.00446
v 17.2089 17.9999 -22.3564
vt 17.0028 -2.42035
vn -0.0181974 -0.796643 -0.604177
vt 17.1152 -2.79603
f 190/386/75 224/387/109 223/388/108

vt 20.6269 -0.855041
vt 17.1483 -1.1884
vt 20.5189 -1.6007
f 192/389/77 224/390/109 190/391/75

vt 20.5622 -0.855595
v 17.4341 18.1119 -22.8569
vt 16.7654 -0.569534
vn -0.00522187 -0.516097 -0.856514
vt 17.0763 -1.10113
f 192/392/77 225/393/110 224/394/109

vt 20.6277 0.514165
vt 20.6114 1.82711
vt 16.8259 0.723163
f 192/395/77 199/396/84 225/397/110

v 14.7808 18.1868 -23.1949
vt 15.688 -4.08297
vn 0.132461 -0.445991 -0.885181
vt 15.7977 -3.28535
vt 15.4064 -4.53876
f 226/398/111 199/399/84 192/400/77

vt 24.337 1.3007
vt 20.6148 2.06776
vt 20.7376 1.27206
f 193/401/78 199/402/84 226/403/111

vt 24.5975 3.20132
vt 20.6298 2.34466
vt 24.357 1.60155
f 196/404/81 199/405/84 193/406/78

vt 24.3403 0.799293
vt 20.7409 0.766184
vt 20.6371 0.240608
f 193/407/78 226/408/111 192/409/77

vt 20.6179 1.84902
v 17.3387 18.4116 -23.4078
vt 16.9814 1.51856
vn -0.00296665 -0.398233 -0.917279
vt 16.8358 0.733421
f 199/410/84 227/411/112 225/412/110

vt 20.5961 2.11797
vt 16.7158 2.86798
vt 16.9571 1.81662
f 199/413/84 200/414/85 227/415/112

vt 17.0168 2.19557
vt 16.7537 3.24166
vt 15.2328 2.03704
f 227/416/112 200/417/85 203/418/88

vt 17.0243 2.06079
vt 15.2419 1.8851
vt 16.9046 1.27128
f 227/419/112 203/420/88 225/421/110

vt 16.8609 0.654526
vt 15.2147 1.31126
v 18.3238 17.9303 -22.44
vt 15.5536 0.110057
vn -0.0521225 -0.699334 -0.712892
f 225/422/110 203/423/88 228/424/113

vt 14.6568 3.8606
vt 14.0229 4.93578
v 18.5421 18.0008 -22.8132
vt 14.2357 4.1174
vn -0.0374735 -0.573136 -0.818603
f 228/425/113 203/426/88 229/427/114

vt 15.1882 0.491384
vt 15.1832 1.33696
v 20 18.1672 -23.0526
vt 13.0482 0.898533
vn -0.0057543 -0.493448 -0.869756
f 229/428/114 203/429/88 230/430/115

vt 15.1604 1.38621
vt 12.6165 2.17977
vt 13.0221 0.964013
f 203/431/88 204/432/89 230/433/115

vt 13.1175 1.43974
vt 12.6722 2.64156
vt 10.5284 1.797
f 230/434/115 204/435/89 207/436/92

vt 13.1058 1.22249
vt 10.519 1.59524
v 21.808 17.9709 -22.8164
vt 10.4513 0.751532
vn -0.0105608 -0.56753 -0.823285
f 230/437/115 207/438/92 231/439/116

vt 10.5137 2.46523
vt 9.77221 2.27457
vt 10.5164 1.61882
f 207/440/92 208/441/93 231/442/116

vt 10.4156 0.263784
vt 9.7476 0.996963
v 23.303 18.0046 -22.9064
vt 8.2172 0.367726
vn 0.00483777 -0.588121 -0.808759
f 231/443/116 208/444/93 232/445/117

vt 9.70585 0.947213
v 23.3251 18.3323 -23.6317
vt 8.15188 1.29635
vn 0.0348434 -0.420482 -0.906631
vt 8.16247 0.350533
f 208/446/93 233/447/118 232/448/117

vt 8.21097 2.08425
vt 9.77501 1.78339
v 23.6059 18.9389 -24.2949
vt 7.7857 3.38341
vn 0.0477385 -0.329273 -0.943027
f 233/449/118 208/450/93 234/451/119

vt 7.78325 3.33628
vt 9.76664 1.72892
vt 9.00187 3.47614
f 234/452/119 208/453/93 209/454/94

vt 7.77647 3.52147
vt 8.99583 3.65468
vt 7.23572 5.11294
f 234/455/119 209/456/94 210/457/95

v 25.1824 18.7647 -23.5242
vt 5.13176 2.49709
vn 0.0899908 -0.282962 -0.9549
vt 7.53108 3.03642
vt 7.06567 4.65153
f 235/458/120 234/459/119 210/460/95

v 24.2263 18.2351 -23.2464
vt 6.55009 1.13893
vn 0.0558211 -0.409049 -0.910804
vt 7.58563 2.75208
vt 5.19142 2.1905
f 236/461/121 234/462/119 235/463/120

vt 6.62152 1.16447
vt 7.97901 1.46637
vt 7.63749 2.79001
f 236/464/121 233/465/118 234/466/119

vt 8.0764 0.135798
vt 8.09085 1.08157
vt 6.74337 0.737725
f 232/467/117 233/468/118 236/469/121

vt 8.1215 0.348557
vt 6.78083 0.933292
v 24.5393 17.8393 -22.4158
vt 6.28199 -0.161612
vn -0.0529451 -0.587336 -0.80761
f 232/470/117 236/471/121 237/472/122

vt 6.39935 -0.00335756
vt 6.86197 1.10733
v 25.1486 18.0962 -22.9584
vt 5.50465 0.716575
vn 0.00422302 -0.377951 -0.925816
f 237/473/122 236/474/121 238/475/123

vt 6.71719 1.58076
vt 5.33157 2.59655
vt 5.34473 1.24701
f 236/476/121 235/477/120 238/478/123

v 26.3556 17.8331 -22.6728
vt 3.68102 0.797743
vn 0.00504859 -0.37012 -0.92897
vt 5.46175 1.35056
vt 5.4234 2.69963
f 239/479/124 238/480/123 235/481/120

vt 5.54161 1.13511
vt 3.77236 0.546579
v 25.6871 17.7139 -22.467
vt 4.75883 0.258731
vn -0.0457602 -0.499047 -0.865366
f 238/482/123 239/483/124 240/484/125

vt 4.71573 0.0522759
vt 3.73271 0.351717
v 26.7433 17.4843 -22.0925
vt 3.16202 -0.523534
vn -0.0791783 -0.678222 -0.730579
f 240/485/125 239/486/124 241/487/126

vt 3.29228 -0.483282
vt 3.8325 0.411098
v 27.6945 17.4677 -22.2148
vt 1.89026 -0.477463
vn 0.00983946 -0.385407 -0.922694
f 241/488/126 239/489/124 242/490/127

vt 1.60652 0.0650819
vt 3.59625 0.841481
vt 5.36155 2.72212
f 242/491/127 239/492/124 235/493/120

vt 1.50559 0.195743
vt 5.28657 2.81572
v 27.6357 18.5306 -22.832
vt 1.6356 2.2048
vn 0.140166 -0.202728 -0.969152
f 242/494/127 235/495/120 243/496/128

vt 1.62016 2.31249
vt 5.27191 2.91879
v 26.8652 19.7411 -23.5576
vt 2.80028 4.5913
vn 0.157916 -0.220703 -0.962472
f 243/497/128 235/498/120 244/499/129

vt 5.13852 2.61318
v 25.3458 20.9235 -24.9725
vt 5.08194 6.79114
vn 0.110102 -0.207399 -0.972041
vt 2.68716 4.31526
f 235/500/120 245/501/130 244/502/129

v 24.3251 20.5111 -25.0246
vt 6.61024 6.12421
vn 0.0671803 -0.210247 -0.975337
vt 5.11197 6.82287
vt 5.1936 2.64533
f 246/503/131 245/504/130 235/505/120

vt 6.69991 6.55621
v 23.7939 22.0717 -25.3279
vt 7.47869 9.28829
vn 0.0314197 -0.163234 -0.986087
vt 5.19365 7.23749
f 246/506/131 247/507/132 245/508/130

vt 6.71712 6.55173
vt 10.325 7.22549
vt 7.49567 9.28388
f 246/509/131 211/510/96 247/511/132

vt 7.23563 5.22897
vt 10.3254 7.21742
vt 6.71766 6.54289
f 210/512/95 211/513/96 246/514/131

vt 4.86951 2.67687
vt 6.85316 4.78561
vt 6.37964 6.1162
f 235/515/120 210/516/95 246/517/131

vt 7.49391 9.27585
vt 10.3226 7.21668
v 21.77 22.2159 -25.4341
vt 10.4716 9.55548
vn 0.00573811 -0.154817 -0.987927
f 247/518/132 211/519/96 248/520/133

vt 10.4728 9.56197
vt 10.3254 7.22308
v 19.0089 21.7706 -25.3192
vt 14.5346 8.78061
vn 0.00318296 -0.179504 -0.983752
f 248/521/133 211/522/96 249/523/134

vt 10.3247 7.21955
vt 13.4309 6.34103
vt 14.533 8.77956
f 211/524/96 212/525/97 249/526/134

vt 14.5344 8.76606
vt 13.4293 6.32887
vt 17.9574 7.19556
f 249/527/134 212/528/97 213/529/98

vt 14.5346 8.77843
vt 17.9581 7.20916
v 14.8534 22.371 -25.4574
vt 20.6453 9.84545
vn 0.00756089 -0.155242 -0.987848
f 249/530/134 213/531/98 250/532/135

vt 20.645 9.84214
vt 17.9569 7.20677
v 10.6149 21.7445 -25.3808
vt 26.8803 8.76821
vn -0.0102658 -0.170953 -0.985226
f 250/533/135 213/534/98 251/535/136

vt 17.9569 7.20619
vt 25.5395 6.99567
vt 26.8804 8.7677
f 213/536/98 214/537/99 251/538/136

vt 26.8809 8.77112
vt 25.5404 6.99883
vt 28.3161 6.07096
f 251/539/136 214/540/99 215/541/100

vt 28.2798 6.08475
v 8.36961 21.0303 -25.0464
vt 30.1489 7.48257
vn -0.0853115 -0.18846 -0.978368
vt 26.8417 8.7834
f 215/542/100 252/543/137 251/544/136

v 7.55535 20.0809 -24.0874
vt 30.8603 6.66574
vn -0.142368 -0.240759 -0.960087
vt 29.5545 8.59074
vt 27.7094 7.16142
f 253/545/138 252/546/137 215/547/100

vt 30.3611 6.79702
v 7.64953 21.3459 -24.8295
vt 30.1072 9.18422
vn -0.164796 -0.161377 -0.973036
vt 29.0295 8.70426
f 253/548/138 254/549/139 252/550/137

v 6.75152 21.1008 -24.0891
vt 30.9176 8.80405
vn -0.261988 -0.20069 -0.943973
vt 29.4815 9.43801
vt 29.7604 7.05362
f 255/551/140 254/552/139 253/553/138

vt 30.2961 7.63549
v 6.61411 21.8847 -24.1661
vt 30.4986 8.98633
vn -0.309033 -0.112401 -0.944386
vt 28.8568 8.26221
f 255/554/140 256/555/141 254/556/139

vt 27.5171 9.64737
vt 27.3257 8.29491
v 6.3383 21.0161 -23.5493
vt 28.0715 7.99643
vn -0.427327 -0.15268 -0.891112
f 256/557/141 255/558/140 257/559/142

v 6.49435 19.9056 -23.4709
vt 27.6447 5.64125
vn -0.244636 -0.192343 -0.950346
vt 27.8829 7.54608
vt 27.137 7.84423
f 258/560/143 257/561/142 255/562/140

v 6.17939 18.7406 -22.9066
vt 29.8298 3.24063
vn -0.185129 -0.190896 -0.963995
v 5.92736 19.8371 -22.8867
vt 30.2339 5.09297
vn -0.536833 -0.0923517 -0.838619
vt 29.5191 7.28037
vt 29.2767 5.37608
f 259/563/144 260/564/145 257/565/142 258/566/143 

v 5.66114 18.8271 -22.4388
vt 31.1148 3.15152
vn -0.652453 -0.0322366 -0.757144
vt 30.6611 4.99083
vt 30.2563 3.13865
f 261/567/146 260/568/145 259/569/144

v 5.64336 19.5057 -22.3482
vt 23.6732 2.07683
vn -0.996542 0.0814206 -0.0165535
vt 23.0989 2.79497
vt 23.5271 0.949543
f 262/570/147 260/571/145 261/572/146

vt 19.1312 -0.774053
vt 19.6901 -1.50421
v 5.74393 19.9594 -22.3598
vt 19.6586 -0.71707
vn -0.98809 0.135659 -0.0726219
f 260/573/145 262/574/147 263/575/148

vt -13.9873 0.600445
vt -14.1053 -0.178427
v 5.8697 19.9486 -21.8751
vt -13.5443 0.440762
vn -0.545263 0.1847 0.817664
f 263/576/148 262/577/147 264/578/149

vt -14.7004 1.56038
vt -15.2642 0.94371
v 5.6949 19.0749 -21.9008
vt -14.9562 0.0802884
vn -0.678021 0.214617 0.703013
f 264/579/149 262/580/147 265/581/150

vt -7.21751 3.73038
v 5.64578 18.9636 -22.1939
vt -7.16702 2.76752
vn -0.991689 0.128639 0.0022593
vt -6.89705 2.87149
f 262/582/147 266/583/151 265/584/150

vt 5.0924 4.37986
vt 4.91966 3.25635
vt 5.1436 3.41704
f 262/585/147 261/586/146 266/587/151

vt 12.3299 -5.96212
vt 12.111 -6.12958
v 5.40129 18.2874 -22.0822
vt 12.4354 -7.18859
vn -0.967121 0.245228 -0.0673836
f 266/588/151 261/589/146 267/590/152

vt 9.20396 -7.20729
v 5.14487 17.5403 -22.1271
vt 9.44164 -9.58921
vn -0.515833 -0.0625899 -0.8544
vt 9.50044 -8.27446
f 261/591/146 268/592/153 267/593/152

vt 31.144 1.20133
vt 30.2854 1.18836
vt 31.8536 -1.08481
f 261/594/146 259/595/144 268/596/153

vt 34.8188 1.07849
vt 33.243 3.34645
v 6.27439 17.8691 -22.5815
vt 33.1281 1.76754
vn -0.0466751 -0.276173 -0.959974
f 268/597/153 259/598/144 269/599/154

vt 33.157 3.42918
v 8.46942 18.722 -23.6456
vt 29.7375 3.60639
vn -0.0777656 -0.284495 -0.955518
vt 33.0458 1.85
f 259/600/144 270/601/155 269/602/154

vt 33.1698 3.63356
vt 31.0432 6.27665
vt 29.7503 3.81217
f 259/603/144 253/604/138 270/605/155

vt 32.5198 3.57145
vt 31.9902 5.71288
vt 30.3588 6.18651
f 259/606/144 258/607/143 253/608/138

vt 32.0529 5.89086
vt 31.5958 8.1049
vt 30.4218 6.36568
f 258/609/143 255/610/140 253/611/138

vt 29.5606 4.09984
vt 30.8365 6.57312
vt 27.6852 7.06626
f 270/612/155 253/613/138 215/614/100

vt 27.9044 6.94653
vt 27.144 4.63201
vt 29.756 3.96523
f 215/615/100 216/616/101 270/617/155

vt 27.317 4.67571
v 9.72405 18.2729 -23.4498
vt 28.1012 3.09006
vn -0.035155 -0.388607 -0.920733
vt 29.9196 3.97325
f 216/618/101 271/619/156 270/620/155

vt 27.4598 3.98637
vt 26.798 2.26602
vt 28.203 2.38109
f 216/621/101 217/622/102 271/623/156

v 9.16344 18.0134 -22.9176
vt 29.0426 1.79345
vn 0.00887655 -0.492069 -0.870511
vt 28.1944 2.47989
vt 26.7901 2.35748
f 272/624/157 271/625/156 217/626/102

vt 28.1974 1.48856
vt 29.0228 0.774886
v 8.19104 18.0475 -22.9696
vt 30.4529 0.865494
vn -0.0182025 -0.377221 -0.925944
f 271/627/156 272/628/157 273/629/158

v 6.89451 17.6606 -22.377
vt 32.348 0.0301939
vn 0.0669681 -0.51261 -0.856006
vt 30.4432 0.961894
vt 29.0128 0.876864
f 274/630/159 273/631/158 272/632/157

vt 30.4746 1.62512
vt 32.3959 0.727885
vt 33.3018 1.17857
f 273/633/158 274/634/159 269/635/154

vt 32.2826 0.226249
v 5.89569 17.369 -22.1934
vt 33.7477 -0.339101
vn 0.0305212 -0.372785 -0.927415
vt 33.1988 0.655537
f 274/636/159 275/637/160 269/638/154

v 5.76785 17.252 -21.9981
vt 33.0217 -4.64104
vn 0.195723 -0.828529 -0.524626
vt 32.8648 -4.33075
vt 31.4421 -3.66581
f 276/639/161 275/640/160 274/641/159

v 5.11995 17.1667 -21.9465
vt 34.7135 -2.41511
vn -0.238187 -0.491244 -0.837823
vt 33.589 -1.92932
vt 33.7653 -2.229
f 277/642/162 275/643/160 276/644/161

vt 33.2934 1.55535
vt 33.8669 0.574732
vt 35.017 0.153117
f 269/645/154 275/646/160 277/647/162

vt 34.9033 0.423159
vt 34.8531 1.11398
vt 33.1634 1.80522
f 277/648/162 268/649/153 269/650/154

vt 29.7591 2.29646
vt 29.845 1.60918
v 5.02687 17.3611 -21.9047
vt 29.9921 1.92769
vn -0.985254 0.0100678 0.170804
f 268/651/153 277/652/162 278/653/163

vt -9.97795 14.6687
vt -9.9897 14.318
v 5.14146 17.2301 -21.7603
vt -9.82451 14.3774
vn -0.149754 -0.180762 0.972059
f 278/654/163 277/655/162 279/656/164

vt -31.0972 -15.2296
vt -30.2636 -14.7407
vt -31.153 -15.0632
f 277/657/162 276/658/161 279/659/164

vt 20.6069 -28.0566
vt 20.1669 -27.2192
v 5.77264 17.2742 -21.8304
vt 20.0522 -27.305
vn 0.203005 -0.610726 0.765377
f 279/660/164 276/661/161 280/662/165

vt 7.09998 -31.4497
vt 7.2394 -31.4169
v 6.66058 17.5141 -21.9457
vt 6.8034 -30.1032
vn 0.317849 -0.947691 -0.0292176
f 280/663/165 276/664/161 281/665/166

vt 29.3507 -13.2784
vt 27.9913 -12.0142
vt 28.1428 -12.6027
f 276/666/161 274/667/159 281/668/166

vt 31.3728 -6.53216
vt 31.1152 -5.98187
v 7.61653 17.6733 -21.9454
vt 29.9968 -6.13642
vn 0.128088 -0.986106 -0.105777
f 281/669/166 274/670/159 282/671/167

vt 30.6097 -5.62389
vt 31.7161 -5.39883
v 8.85814 17.788 -22.3553
vt 28.8539 -4.95688
vn 0.0911302 -0.806944 -0.583555
f 282/672/167 274/673/159 283/674/168

vt 32.1222 -1.99974
vt 28.8258 -1.01277
vt 29.2387 -1.72923
f 274/675/159 272/676/157 283/677/168

vt 28.9054 -0.512098
vt 27.411 -0.990295
vt 29.3297 -1.22186
f 272/678/157 218/679/103 283/680/168

vt 27.5025 -0.590816
vt 28.9857 -0.078956
vt 26.7655 0.601299
f 218/681/103 272/682/157 217/683/102

vt 21.2754 -20.1048
vt 19.8418 -18.8088
v 9.53486 17.8858 -21.9725
vt 20.2987 -19.7106
vn 0.0917584 -0.962385 0.255724
f 283/684/168 218/685/103 284/686/169

vt 27.5286 -7.10152
vt 26.6927 -6.53297
v 10.4877 17.921 -21.9746
vt 26.1516 -6.83386
vn 0.0306017 -0.98331 0.179344
f 284/687/169 218/688/103 285/689/170

vt 26.8486 -5.94712
vt 24.8442 -5.54778
vt 26.3145 -6.26026
f 218/690/103 219/691/104 285/692/170

vt 27.0423 -1.88128
vt 25.4799 -1.40357
vt 24.8343 -1.88909
f 285/693/170 219/694/104 220/695/105

vt -27.0261 2.87665
vt -24.8181 2.86933
v 11.5472 18.0958 -21.4705
vt -25.4584 3.32526
vn 6.88976e-05 -0.575212 0.818005
f 285/696/170 220/697/105 286/698/171

vt -25.0569 5.60845
vt -24.4604 5.09652
vt -23.6589 5.23253
f 286/699/171 220/700/105 221/701/106

vt -25.551 2.54434
vt -24.1179 2.33919
v 12.4468 18.2075 -21.2791
vt -24.2307 2.78864
vn 0.00844593 -0.33202 0.943235
f 286/702/171 221/703/106 287/704/172

vt -24.2018 3.03069
vt -24.0936 2.58014
vt -20.7392 2.80085
f 287/705/172 221/706/106 222/707/107

vt -24.2322 2.76937
vt -20.7674 2.57474
v 14.8478 18.3435 -21.1356
vt -20.7038 3.05796
vn 0.0046614 -0.254881 0.966961
f 287/708/172 222/709/107 288/710/173

vt -20.7741 2.52339
v 17.2274 18.1475 -21.539
vt -17.2065 2.65878
vn -0.0283777 -0.523136 0.851777
vt -20.7117 3.00676
f 222/711/107 289/712/174 288/713/173

vt -20.8332 1.76091
vt -17.4185 1.61684
vt -17.2714 2.00566
f 222/714/107 223/715/108 289/716/174

vt -16.8836 4.6528
v 18.199 17.9452 -21.9485
vt -15.3031 4.41752
vn -0.0769945 -0.992594 0.0939595
vt -16.6707 5.00987
f 223/717/108 290/718/175 289/719/174

vt 17.4525 0.960947
vt 17.2631 1.30435
vt 15.8748 0.708125
f 223/720/108 224/721/109 290/722/175

vt 17.1588 2.43607
vt 15.5451 2.12295
vt 15.8146 1.74592
f 224/723/109 228/724/113 290/725/175

vt 17.2819 1.05752
vt 16.9108 1.54895
vt 15.6443 0.915298
f 224/726/109 225/727/110 228/728/113

vt 15.8738 0.684865
vt 15.6298 1.07886
v 18.8613 17.9189 -21.914
vt 14.9164 0.494999
vn 0.0388334 -0.991169 0.126791
f 290/729/175 228/730/113 291/731/176

vt 14.2967 -3.16014
vt 15.1423 -2.79312
v 19.6148 17.9777 -22.0646
vt 13.2153 -2.85888
vn 0.00610769 -0.890137 -0.455652
f 291/732/176 228/733/113 292/734/177

vt 15.1187 -2.55545
vt 14.8455 -2.14487
vt 13.1914 -2.61137
f 228/735/113 229/736/114 292/737/177

vt 14.8034 -2.20294
vt 12.712 -1.59363
vt 13.145 -2.6541
f 229/738/114 230/739/115 292/740/177

vt 13.7835 1.52251
vt 13.0676 2.41668
v 20.9597 17.8947 -22.5624
vt 11.7635 1.52202
vn -0.0395452 -0.716697 -0.696262
f 292/741/177 230/742/115 293/743/178

vt 13.1222 1.19824
vt 10.4725 0.700563
vt 11.7268 0.454125
f 230/744/115 231/745/116 293/746/178

vt 11.5043 -1.3079
vt 10.2756 -0.955581
v 21.4538 17.8781 -22.3276
vt 10.7641 -1.4781
vn 0.00964483 -0.892252 -0.451435
f 293/747/178 231/748/116 294/749/179

vt 10.85 -1.13006
vt 10.3472 -0.621318
v 23.1068 17.9002 -22.2279
vt 8.41656 -1.12174
vn -0.0188062 -0.908699 -0.417029
f 294/750/179 231/751/116 295/752/180

vt 10.3766 -0.56731
vt 8.1804 -0.424151
vt 8.45261 -1.09287
f 231/753/116 232/754/117 295/755/180

vt 8.64073 -0.274537
vt 8.31026 0.367394
v 24.7753 17.7586 -21.8669
vt 6.21783 -0.874649
vn -0.172221 -0.985045 -0.0051378
f 295/756/180 232/757/117 296/758/181

vt 8.34382 0.963957
vt 6.62889 0.125472
vt 6.36943 -0.45826
f 232/759/117 237/760/122 296/761/181

vt 6.44094 0.950756
vt 6.56344 1.5777
v 25.8495 17.5487 -21.8107
vt 5.02516 0.1564
vn -0.190663 -0.974535 0.118022
f 296/762/181 237/763/122 297/764/182

vt 6.61976 0.289748
vt 4.94805 -0.0209495
vt 4.80129 -0.749293
f 237/765/122 240/766/125 297/767/182

vt 6.54754 0.543572
vt 5.61687 1.21636
vt 4.86259 0.315329
f 237/768/122 238/769/123 240/770/125

vt 4.84818 -0.631932
vt 4.97634 0.0999127
vt 3.51358 -0.678482
f 297/771/182 240/772/125 241/773/126

vt 4.99873 -0.45924
vt 3.68714 -0.710348
v 26.663 17.5466 -21.572
vt 3.95422 -1.08298
vn -0.126064 -0.510259 0.850731
f 297/774/182 241/775/126 298/776/183

vt 3.81627 1.63912
vt 3.37717 1.77095
v 27.3138 17.3597 -21.7789
vt 3.16239 0.870215
vn -0.179259 -0.827072 -0.532746
f 298/777/183 241/778/126 299/779/184

vt 3.28986 -0.892309
vt 1.88784 -0.885334
vt 2.46852 -1.31993
f 241/780/126 242/781/127 299/782/184

vt 2.72823 -0.852892
vt 2.1123 -0.469885
v 27.9845 17.2615 -21.8786
vt 1.7434 -1.0262
vn -0.0946896 -0.775819 -0.62381
f 299/783/184 242/784/127 300/785/185

v 28.6815 17.2043 -21.7555
vt 0.250245 -1.1001
vn 0.245971 -0.933789 -0.259879
vt 1.27789 -0.94781
vt 1.71109 -0.439963
f 301/786/186 300/787/185 242/788/127

vt 1.65333 1.98113
vt 2.08088 1.03432
v 28.3976 17.2489 -21.6955
vt 1.99627 1.4508
vn -0.0245016 -0.414822 0.909573
f 300/789/185 301/790/186 302/791/187

vt -0.864495 1.09616
vt -0.444666 1.03013
v 28.7286 17.5141 -21.5334
vt -0.387608 1.54627
vn 0.217923 0.0776171 0.972875
f 302/792/187 301/793/186 303/794/188

vt -1.07128 0.952812
v 28.8726 17.3499 -21.7425
vt -0.817438 1.22599
vn 0.93368 -0.31582 0.168816
vt -1.08215 1.47198
f 301/795/186 304/796/189 303/797/188

vt -1.01033 -0.976113
v 28.7525 17.3927 -22.0006
vt -1.00011 -0.535902
vn 0.257198 -0.251744 -0.932992
vt -1.26341 -0.702227
f 301/798/186 305/799/190 304/800/189

vt 0.0891063 -0.552714
vt 0.18341 -0.982827
vt 1.6527 -0.341681
f 305/801/190 301/802/186 242/803/127

vt 0.0137126 0.00624877
vt 1.57948 0.200472
vt 1.69729 2.21028
f 305/804/190 242/805/127 243/806/128

vt 1.22452 2.58724
v 28.5471 18.0144 -22.2111
vt -0.189546 1.53182
vn 0.37621 -0.0951005 -0.921641
vt -0.503038 0.417512
f 243/807/128 306/808/191 305/809/190

vt 1.21015 2.60622
v 28.2662 18.8309 -22.4811
vt 0.221472 3.01246
vn 0.425839 -0.111853 -0.897859
vt -0.20379 1.55063
f 243/810/128 307/811/192 306/812/191

vt 1.15982 2.48268
v 27.3996 20.1716 -23.3993
vt 1.56777 5.42799
vn 0.245021 -0.15961 -0.95629
vt 0.171206 2.88907
f 243/813/128 308/814/193 307/815/192

vt 2.53905 4.7259
vt 1.72813 5.40902
vt 1.32986 2.46239
f 244/816/129 308/817/193 243/818/128

vt 2.54392 4.7326
v 27.1812 20.6833 -23.6462
vt 2.07833 6.3549
vn 0.272099 -0.185068 -0.944305
vt 1.73293 5.41562
f 244/819/129 309/820/194 308/821/193

v 26.4146 20.7581 -24.3154
vt 3.0283 6.55485
vn 0.223957 -0.219855 -0.949477
vt 1.77226 6.23245
vt 2.22193 4.60566
f 310/822/195 309/823/194 244/824/129

vt 3.02441 6.57339
v 27.195 21.7403 -24.0121
vt 1.81341 8.15287
vn 0.332751 -0.147507 -0.931407
vt 1.76832 6.25117
f 310/825/195 311/826/196 309/827/194

v 26.2625 21.3173 -24.6852
vt 3.26535 7.56589
vn 0.176014 -0.15143 -0.97267
vt 1.75618 8.08903
vt 2.96321 6.50652
f 312/828/197 311/829/196 310/830/195

vt 3.39822 7.95673
v 26.6577 22.2763 -24.3744
vt 2.70598 9.49725
vn 0.23166 -0.154435 -0.96046
vt 1.8889 8.47944
f 312/831/197 313/832/198 311/833/196

v 25.7842 22.164 -24.8184
vt 4.25181 9.43928
vn 0.143806 -0.174096 -0.974172
vt 2.90754 9.50028
vt 3.5808 7.95137
f 314/834/199 313/835/198 312/836/197

v 26.8083 22.7984 -24.5444
vt 2.69319 9.96025
vn 0.264966 -0.199497 -0.943395
vt 2.88564 9.01843
vt 4.2299 8.95744
f 315/837/200 313/838/198 314/839/199

vt 2.51161 8.8219
vt 2.34619 9.76884
v 27.322 22.3815 -23.7769
vt 1.40496 8.82633
vn 0.363177 -0.137241 -0.921557
f 313/840/198 315/841/200 316/842/201

vt 0.876406 9.47096
vt 1.83027 10.4007
v 27.6316 22.4658 -23.3248
vt 0.27579 9.48293
vn 0.546414 -0.14183 -0.825419
f 316/843/201 315/844/200 317/845/202

vt 0.555196 8.93879
vt 2.10519 9.86409
v 27.2677 23.1806 -24.1709
vt 1.33775 10.4079
vn 0.360617 -0.157243 -0.919364
f 317/846/202 315/847/200 318/848/203

vt 1.58391 10.8657
vt 2.35488 10.3268
v 26.6152 23.2498 -24.7731
vt 2.66525 11.158
vn 0.227726 -0.116589 -0.96672
f 318/849/203 315/850/200 319/851/204

vt 3.0341 11.017
vt 2.72634 10.1848
v 25.6852 23.1675 -25.226
vt 4.45901 11.0101
vn 0.12853 -0.153999 -0.979676
f 319/852/204 315/853/200 320/854/205

vt 2.7494 10.1178
vt 4.29002 9.12096
vt 4.48124 10.9448
f 315/855/200 314/856/199 320/857/205

vt 4.58683 10.9588
vt 4.40875 9.1336
v 24.8071 22.1152 -25.1253
vt 5.87168 9.14176
vn 0.0867828 -0.158369 -0.983559
f 320/858/205 314/859/199 321/860/206

vt 5.87038 9.37587
vt 4.40745 9.36771
vt 3.71879 7.8879
f 321/861/206 314/862/199 312/863/197

vt 5.1042 7.30088
vt 5.87394 9.37264
vt 3.72199 7.88521
f 245/864/130 321/865/206 312/866/197

vt 7.44252 9.32323
vt 5.94068 9.33639
vt 5.16124 7.26826
f 247/867/132 321/868/206 245/869/130

v 24.4143 23.6597 -25.5335
vt 6.52583 12.014
vn 0.0912168 -0.117732 -0.988847
vt 5.94002 9.27894
vt 7.44186 9.2658
f 322/870/207 321/871/206 247/872/132

vt 4.66967 11.0863
vt 5.9645 9.27642
vt 6.54843 12.0119
f 320/873/205 321/874/206 322/875/207

v 26.3168 24.4247 -24.6629
vt 3.50218 13.125
vn 0.154489 -0.0784506 -0.984875
vt 4.55238 11.111
vt 6.41996 12.059
f 323/876/208 320/877/205 322/878/207

vt 3.03589 11.2075
vt 4.4608 11.2005
vt 3.38401 13.2004
f 319/879/204 320/880/205 323/881/208

v 27.3046 24.2007 -24.0793
vt 1.65506 12.6948
vn 0.252119 -0.116419 -0.960668
vt 2.86629 11.2567
vt 3.1759 13.2559
f 324/882/209 319/883/204 323/884/208

vt 1.38422 12.6883
vt 1.54044 10.9788
vt 2.62142 11.2725
f 324/885/209 318/886/203 319/887/204

vt 1.3072 10.9804
vt 1.13442 12.6883
v 27.6767 23.9636 -23.6514
vt 0.499267 12.1607
vn 0.466877 -0.170247 -0.86778
f 318/888/203 324/889/209 325/890/210

vt 1.31409 12.5154
v 27.4109 24.9532 -24.1023
vt 1.13324 13.7965
vn 0.231948 -0.149114 -0.961231
vt 0.677278 11.9897
f 324/891/209 326/892/211 325/893/210

vt 1.8682 13.8723
vt 2.03958 12.5899
v 26.584 26.0029 -24.4398
vt 3.08745 15.7514
vn 0.125919 -0.104846 -0.986484
f 326/894/211 324/895/209 327/896/212

vt 2.74742 15.8368
vt 1.73546 12.6637
vt 3.25948 13.2161
f 327/897/212 324/898/209 323/899/208

vt 3.14464 15.7824
vt 3.5995 13.1511
v 24.5534 25.7583 -24.9718
vt 6.17305 15.5238
vn 0.0874052 -0.0252278 -0.995853
f 327/900/212 323/901/208 328/902/213

vt 6.03894 15.5478
vt 3.49248 13.1461
vt 6.41154 12.0836
f 328/903/213 323/904/208 322/905/207

vt 6.25458 12.2014
v 23.9647 24.376 -25.5994
vt 6.86985 13.4581
vn 0.0460734 -0.111846 -0.992657
vt 5.82118 15.6585
f 322/906/207 329/907/214 328/908/213

vt 7.49486 9.2783
vt 7.2404 13.2607
vt 6.58017 12.027
f 247/909/132 329/910/214 322/911/207

vt 7.49294 9.28749
vt 10.4706 9.56707
vt 7.23389 13.2696
f 247/912/132 248/913/133 329/914/214

vt 10.4719 9.54225
v 21.3637 23.613 -25.508
vt 11.067 11.9345
vn -0.00951606 -0.11545 -0.993268
vt 7.24026 13.2492
f 248/915/133 330/916/215 329/917/214

v 18.9211 23.8582 -25.4444
vt 14.6589 12.3344
vn 0.00246599 -0.104077 -0.994566
vt 11.0665 11.9311
vt 10.4703 9.53911
f 331/918/216 330/919/215 248/920/133

vt 14.659 12.2292
v 21.3167 24.6944 -25.3673
vt 11.1341 13.6335
vn -0.0181115 -0.0742329 -0.997076
vt 11.0671 11.8219
f 331/921/216 332/922/217 330/923/215

v 17.5115 25.2177 -25.1448
vt 16.7342 14.3961
vn 0.000824867 -0.0182498 -0.999833
vt 11.1367 13.5517
vt 14.6588 12.1406
f 333/924/218 332/925/217 331/926/216

vt 16.7311 14.2826
v 21.4009 25.5754 -25.1137
vt 11.0106 14.8871
vn -0.0286356 -0.00904544 -0.999549
vt 11.135 13.4286
f 333/927/218 334/928/219 332/929/217

vt 16.7362 13.5585
v 21.2018 26.1668 -24.7638
vt 11.3182 15.1664
vn -0.0226515 0.0693871 -0.997333
vt 11.0189 14.1934
f 333/930/218 335/931/220 334/932/219

vt 11.3288 14.811
vt 16.7364 13.1687
v 19.7085 26.3457 -24.5415
vt 13.5304 15.0782
vn -0.0130978 0.144249 -0.989455
f 335/933/220 333/934/218 336/935/221

vt 13.4819 15.7371
vt 16.7228 13.8875
v 15.8632 26.1842 -24.6447
vt 19.139 15.4862
vn 0.0118378 0.125692 -0.991999
f 336/936/221 333/937/218 337/938/222

v 14.4926 26.3067 -24.627
vt 21.1194 15.7234
vn 0.0208566 0.131625 -0.99108
vt 19.1056 15.5009
vt 16.7029 13.8821
v 14.5456 25.4028 -25.1551
vt 21.0627 14.2316
vn 0.0110029 -0.0105717 -0.999884
f 338/939/223 337/940/222 333/941/218 339/942/224 

vt 19.03 14.1505
vt 21.0392 14.411
v 15.7722 26.7044 -24.0714
vt 19.1234 15.058
vn 0.031455 0.372001 -0.927699
f 337/943/222 338/944/223 340/945/225

vt 19.1431 14.8482
vt 21.0561 14.1931
v 14.4699 26.8002 -24.0612
vt 21.0538 15.0566
vn 0.0327054 0.406642 -0.913002
f 340/946/225 338/947/223 341/948/226

vt 21.1109 14.7804
vt 21.1019 13.9169
v 12.7317 26.7293 -24.2257
vt 23.6723 14.6922
vn 0.0393669 0.305208 -0.951472
f 341/949/226 338/950/223 342/951/227

vt 21.1587 14.2989
v 12.7323 26.2391 -24.6883
vt 23.7484 14.1881
vn 0.0600161 0.0625699 -0.996234
vt 23.7448 15.02
f 338/952/223 343/953/228 342/954/227

vt 21.1475 15.5821
vt 21.0807 14.0907
vt 23.7376 15.4817
f 338/955/223 339/956/224 343/957/228

vt 21.0854 14.0956
v 12.4459 25.316 -25.2095
vt 24.1743 13.9594
vn 0.0580533 -0.0360631 -0.997662
vt 23.7457 15.4802
f 339/958/224 344/959/229 343/960/228

vt 24.1685 14.6359
vt 21.0793 14.765
v 15.087 24.0889 -25.4524
vt 20.2934 12.5791
vn 0.00984963 -0.093263 -0.995593
f 344/961/229 339/962/224 345/963/230

vt 20.2929 12.5826
vt 21.0784 14.7687
vt 16.7171 14.4386
f 345/964/230 339/965/224 333/966/218

vt 20.2934 12.5743
vt 16.7179 14.431
vt 14.6554 12.1638
f 345/967/230 333/968/218 331/969/216

vt 20.296 12.7213
vt 14.6576 12.3175
v 18.7239 22.9775 -25.4717
vt 14.9508 10.8268
vn 0.00556382 -0.136411 -0.990637
f 345/970/230 331/971/216 346/972/231

vt 14.9496 10.8413
vt 14.6551 12.3317
vt 10.4727 9.5272
f 346/973/231 331/974/216 248/975/133

vt 14.5335 8.77868
vt 14.9504 10.868
vt 10.4717 9.5598
f 249/976/134 346/977/231 248/978/133

vt 20.645 9.85051
vt 14.9501 10.8735
vt 14.5341 8.784
f 250/979/135 346/980/231 249/981/134

vt 20.297 12.7253
vt 14.951 10.8331
vt 20.6453 9.80674
f 345/982/230 346/983/231 250/984/135

vt 20.6427 9.84435
v 12.0777 23.2264 -25.5458
vt 24.7215 11.3302
vn 0.0167772 -0.133457 -0.990913
vt 20.2893 12.7623
f 250/985/135 347/986/232 345/987/230

vt 26.8807 8.76984
vt 24.7259 11.3253
vt 20.6454 9.84382
f 251/988/136 347/989/232 250/990/135

v 9.32655 23.0959 -25.5637
vt 28.7722 11.1222
vn -0.0341751 -0.1596 -0.98659
vt 24.7252 11.3319
vt 26.8806 8.77689
f 348/991/233 347/992/232 251/993/136

v 11.1662 24.4898 -25.6189
vt 26.062 13.4864
vn 0.0192901 -0.11061 -0.993677
vt 24.7255 11.3197
vt 28.7725 11.1097
f 349/994/234 347/995/232 348/996/233

vt 25.9416 13.689
v 12.2029 24.373 -25.4629
vt 24.4122 13.4424
vn 0.0453173 -0.0889313 -0.995006
vt 24.6208 11.5126
f 349/997/234 350/998/235 347/999/232

vt 25.9191 13.7591
v 11.5024 25.2607 -25.4408
vt 25.398 15.0297
vn 0.0445003 -0.0508876 -0.997712
vt 24.3901 13.5107
f 349/1000/234 351/1001/236 350/1002/235

v 9.98655 24.5978 -25.5917
vt 27.7977 13.4206
vn -0.0998209 -0.0387978 -0.994249
vt 25.5654 14.5191
vt 26.0631 13.2391
f 352/1003/237 351/1004/236 349/1005/234

v 10.5712 25.6101 -25.3371
vt 26.9363 15.0161
vn -0.101527 0.0422532 -0.993935
vt 25.5674 14.4385
vt 27.798 13.3366
f 353/1006/238 351/1007/236 352/1008/237

vt 26.8683 15.0385
v 12.2744 26.1633 -24.9131
vt 24.3398 15.9026
vn 0.0746269 0.0592604 -0.995449
vt 25.5096 14.4376
f 353/1009/238 354/1010/239 351/1011/236

vt 26.9148 14.3659
v 10.7869 26.2535 -24.9017
vt 26.5828 15.428
vn -0.06242 0.119629 -0.990855
vt 24.3965 15.2594
f 353/1012/238 355/1013/240 354/1014/239

vt 16.9008 4.33233
vt 16.7355 3.23193
vt 16.9772 1.3598
f 355/1015/240 353/1016/238 352/1017/237

v 9.06652 25.7927 -24.9714
vt 29.1486 14.5218
vn -0.0471311 -0.0265599 -0.998536
vt 26.6259 15.3192
vt 27.7699 12.5745
f 356/1018/241 355/1019/240 352/1020/237

vt 29.141 14.2582
v 9.89834 26.4457 -24.718
vt 27.9346 15.3562
vn -0.00882709 0.0986124 -0.995087
vt 26.6209 15.0637
f 356/1021/241 357/1022/242 355/1023/240

v 9.09858 26.7275 -24.4563
vt 29.1059 15.4061
vn 0.0121632 0.102827 -0.994625
vt 27.9147 14.9724
vt 29.1121 13.8647
f 358/1024/243 357/1025/242 356/1026/241

v 9.61283 27.0184 -24.1015
vt 28.219 15.5966
vn 0.0570134 0.336159 -0.940078
vt 27.8327 14.5946
vt 28.9933 15.1046
f 359/1027/244 357/1028/242 358/1029/243

vt 26.5831 13.901
vt 27.884 14.246
vt 28.2851 15.2421
f 355/1030/240 357/1031/242 359/1032/244

v 11.2544 26.8027 -24.2317
vt 25.7928 15.1076
vn 0.0636738 0.400673 -0.914006
vt 26.5196 14.1601
vt 28.1947 15.5346
f 360/1033/245 355/1034/240 359/1035/244

vt 23.6445 14.7876
vt 24.3528 13.8074
vt 26.5368 14.0043
vt 25.8145 14.9552
f 342/1036/227 354/1037/239 355/1038/240 360/1039/245 

vt 22.8714 17.1491
vt 23.5739 17.0751
vt 22.7651 17.9743
f 343/1040/228 354/1041/239 342/1042/227

vt 22.6745 17.5758
vt 23.2313 16.0971
vt 23.3778 17.5103
f 343/1043/228 344/1044/229 354/1045/239

vt 24.0611 16.6802
vt 23.866 15.2729
vt 25.2697 15.2471
f 354/1046/239 344/1047/229 351/1048/236

vt 25.2626 15.2245
vt 23.8588 15.2497
vt 24.2651 13.6986
f 351/1049/236 344/1050/229 350/1051/235

vt 24.5292 13.0836
vt 24.1611 14.6443
vt 20.2894 12.5809
f 350/1052/235 344/1053/229 345/1054/230

vt 24.7253 11.2701
vt 24.5356 13.2019
vt 20.2948 12.7075
f 347/1055/232 350/1056/235 345/1057/230

vt 23.3507 11.2454
vt 25.5052 11.5543
v 11.3077 27.0444 -23.6357
vt 25.3559 12.1216
vn 0.116097 0.961455 -0.249251
f 342/1058/227 360/1059/245 361/1060/246

vt 23.5833 17.3828
vt 23.8408 16.8557
v 10.5291 27.1362 -23.7014
vt 24.675 17.7735
vn 0.121364 0.815163 -0.566375
f 361/1061/246 360/1062/245 362/1063/247

vt 25.3278 13.9536
vt 27.6875 14.5724
vt 26.2985 14.7255
f 360/1064/245 359/1065/244 362/1066/247

vt 26.5525 11.705
vt 27.9345 11.4982
v 9.51938 27.2358 -23.5612
vt 28.011 12.0345
vn 0.162502 0.984087 -0.071873
f 362/1067/247 359/1068/244 363/1069/248

vt 24.3472 20.3081
v 8.39858 27.2838 -23.9714
vt 25.8641 21.3453
vn 0.0761996 0.391653 -0.916952
vt 24.2446 20.8401
f 359/1070/244 364/1071/249 363/1072/248

vt 28.0934 16.5263
vt 28.8778 16.0507
vt 29.8598 17.0329
f 359/1073/244 358/1074/243 364/1075/249

vt 29.0537 15.4386
v 8.11826 26.7232 -24.4897
vt 30.4961 15.4436
vn -0.00465334 0.0461989 -0.998921
v 6.80609 27.2416 -24.0557
vt 32.4121 16.3362
vn -0.00579744 0.184405 -0.982833
vt 30.0681 16.3874
f 358/1076/243 365/1077/250 366/1078/251 364/1079/249 

vt 30.4963 16.534
vt 29.0539 16.529
vt 29.119 14.989
f 365/1080/250 358/1081/243 356/1082/241

v 6.40866 26.9362 -24.2355
vt 33.082 16.3638
vn -0.0264112 0.0144635 -0.999547
vt 30.5599 16.0585
vt 29.1418 14.5509
f 367/1083/252 365/1084/250 356/1085/241

vt 32.505 16.2415
vt 30.563 15.407
vt 33.0831 15.7287
f 366/1086/251 365/1087/250 367/1088/252

vt 32.4313 14.2925
vt 32.9894 13.758
v 6.13547 27.525 -23.6953
vt 33.4491 14.7271
vn 0.114291 0.77214 -0.625089
f 366/1089/251 367/1090/252 368/1091/253

vt 32.5032 19.4799
vt 32.2092 18.4484
v 5.26874 27.659 -23.7803
vt 33.7665 19.7903
vn 0.0618414 0.380116 -0.922869
f 368/1092/253 367/1093/252 369/1094/254

v 5.12643 27.3169 -23.9366
vt 34.98 16.7913
vn -0.180294 -0.0995425 -0.978563
vt 34.7786 17.3581
vt 33.0835 16.1952
f 370/1095/255 369/1096/254 367/1097/252

vt 34.9317 16.0352
v 4.8828 27.7146 -23.6854
vt 35.3137 16.6779
vn -0.623238 0.773405 -0.115836
vt 34.7408 16.6056
f 370/1098/255 371/1099/256 369/1100/254

vt 30.6268 17.6701
vt 30.1839 17.0677
v 4.87128 27.574 -23.6623
vt 30.6407 17.4251
vn -0.986303 0.160741 -0.0370016
f 371/1101/256 370/1102/255 372/1103/257

vt 32.2768 15.471
vt 31.8238 15.1087
v 4.77485 27.3376 -23.6276
vt 32.4007 15.0549
vn -0.990547 -0.122969 -0.0607912
f 372/1104/257 370/1105/255 373/1106/258

v 5.37884 25.96 -23.7973
vt 31.7381 16.0283
vn -0.480282 -0.241904 -0.843096
vt 32.6782 18.3162
vt 32.1012 18.3693
f 374/1107/259 373/1108/258 370/1109/255

vt 12.0801 27.3102
vt 11.509 24.9035
v 5.09334 26.5752 -23.5683
vt 11.8925 25.9318
vn -0.970516 -0.240568 0.0150604
f 373/1110/258 374/1111/259 375/1112/260

vt 23.3823 20.3203
vt 22.9062 19.3316
v 5.21067 25.9813 -23.4059
vt 23.3157 19.2543
vn -0.979322 -0.202137 -0.00834601
f 375/1113/260 374/1114/259 376/1115/261

vt 23.7339 21.0353
vt 23.3247 21.114
v 5.42591 25.3936 -23.2905
vt 23.544 19.9756
vn -0.97294 -0.230289 0.0188302
f 376/1116/261 374/1117/259 377/1118/262

vt 20.6997 21.1702
v 5.95976 24.4709 -23.8573
vt 20.0119 18.6016
vn -0.444711 -0.210655 -0.87055
vt 20.9446 20.0371
f 374/1119/259 378/1120/263 377/1121/262

vt 31.7376 16.2529
v 5.88713 25.5503 -24.1277
vt 30.9231 15.6519
vn -0.211691 -0.169271 -0.962566
vt 30.8613 13.7423
f 374/1122/259 379/1123/264 378/1124/263

vt 31.1179 15.3807
vt 31.9328 15.9812
vt 32.2973 18.3219
f 379/1125/264 374/1126/259 370/1127/255

v 6.8251 25.3445 -24.5279
vt 31.7133 14.3411
vn -0.112516 -0.111574 -0.987366
vt 33.1364 14.5767
vt 34.3152 17.5182
f 380/1128/265 379/1129/264 370/1130/255

vt 31.7392 14.1736
v 6.56986 24.559 -24.3888
vt 32.1059 12.8009
vn -0.218121 -0.147711 -0.964679
vt 33.1623 14.4095
f 380/1131/265 381/1132/266 379/1133/264

vt 31.0272 13.7559
v 7.16877 23.558 -24.7594
vt 30.4104 10.7847
vn -0.193732 -0.114223 -0.974382
vt 31.3849 12.3808
f 380/1134/265 382/1135/267 381/1136/266

v 8.14051 24.1643 -25.0569
vt 30.0077 12.0782
vn -0.113339 -0.0779722 -0.990492
vt 31.4404 10.9606
vt 32.0177 13.9397
f 383/1137/268 382/1138/267 380/1139/265

vt 29.5877 11.1047
v 7.80255 23.026 -25.1646
vt 30.0058 9.17211
vn -0.12756 -0.152299 -0.980068
vt 31.0093 9.97301
f 383/1140/268 384/1141/269 382/1142/267

v 9.15823 23.5133 -25.5465
vt 28.3926 10.5408
vn -0.0644423 -0.109072 -0.991943
vt 30.3937 9.59277
vt 29.9557 11.5209
f 385/1143/270 384/1144/269 383/1145/268

vt 28.4542 10.8865
vt 30.7164 10.6564
vt 28.7085 11.5899
f 348/1146/233 384/1147/269 385/1148/270

vt 28.5003 11.3338
v 8.96815 22.1026 -25.1794
vt 29.0475 9.53834
vn -0.0817389 -0.162361 -0.98334
vt 30.7625 11.1036
f 348/1149/233 386/1150/271 384/1151/269

vt 26.7246 8.95327
vt 29.1539 9.5069
vt 28.6102 11.3035
f 251/1152/136 386/1153/271 348/1154/233

vt 30.1034 7.33405
vt 29.2264 9.19038
vt 26.797 8.6371
f 252/1155/137 386/1156/271 251/1157/136

vt 30.8675 7.42713
vt 28.9243 8.81348
vt 29.7882 6.951
f 254/1158/139 386/1159/271 252/1160/137

vt 30.6233 6.85124
v 7.45433 22.1734 -24.6284
vt 30.9597 8.21304
vn -0.186827 -0.173936 -0.966872
vt 28.6881 8.24883
f 254/1161/139 387/1162/272 386/1163/271

vt 29.6156 6.59512
vt 31.2547 7.32513
vt 29.9765 7.95059
f 254/1164/139 256/1165/141 387/1166/272

v 6.28706 22.299 -23.6444
vt 30.3008 3.3926
vn -0.450621 -0.16708 -0.876941
vt 28.3974 3.46604
vt 29.6532 2.79681
f 388/1167/273 387/1168/272 256/1169/141

v 6.58263 22.5322 -24.2088
vt 30.0962 13.7725
vn -0.327634 -0.226661 -0.917213
vt 28.7697 13.25
vt 30.6731 13.1773
f 389/1170/274 387/1171/272 388/1172/273

vt 29.5683 11.2169
vt 30.9042 11.7149
v 6.9157 22.7355 -24.5881
vt 30.3451 12.1763
vn -0.232013 -0.174761 -0.956885
f 387/1173/272 389/1174/274 390/1175/275

v 6.47696 23.3919 -24.2
vt 28.7315 10.8933
vn -0.34941 -0.149891 -0.924903
vt 27.968 9.89199
vt 28.534 9.43903
f 391/1176/276 390/1177/275 389/1178/274

vt 29.4295 8.9089
vt 30.1872 9.91461
vt 29.0816 10.3576
f 390/1179/275 391/1180/276 382/1181/267

vt 29.4115 11.2753
vt 30.5179 10.834
vt 30.3945 12.8662
f 382/1182/267 391/1183/276 381/1184/266

vt 30.9366 12.5028
vt 29.9446 12.8039
vt 30.0657 10.7716
f 378/1185/263 381/1186/266 391/1187/276

vt 30.3063 13.9702
vt 31.2982 13.6688
vt 31.3637 15.5782
f 381/1188/266 378/1189/263 379/1190/264

vt 25.374 15.5403
vt 24.5265 13.7976
v 5.93741 23.6121 -23.3511
vt 25.6051 13.9282
vn -0.773201 -0.169121 -0.611195
f 378/1191/263 391/1192/276 392/1193/277

vt 26.0083 10.6493
vt 24.9296 10.5196
v 6.15606 22.7095 -23.6299
vt 25.5313 9.19937
vn -0.521426 -0.179225 -0.834262
f 392/1194/277 391/1195/276 393/1196/278

vt 26.305 11.1835
vt 26.1052 9.72952
vt 26.9083 9.86398
f 391/1197/276 389/1198/274 393/1199/278

vt 25.758 11.7658
vt 26.3694 11.2061
vt 26.561 11.9009
f 389/1200/274 388/1201/273 393/1202/278

vt 21.2768 13.8831
vt 21.1058 13.1829
v 6.03046 22.4607 -23.112
vt 21.7025 13.3054
vn -0.818572 -0.128882 -0.559759
f 393/1203/278 388/1204/273 394/1205/279

vt 22.0474 8.64997
v 6.054 21.1583 -23.0346
vt 22.5316 6.54198
vn -0.765741 -0.0680943 -0.639534
vt 22.6444 8.771
f 388/1206/273 395/1207/280 394/1208/279

vt 24.1459 6.93912
vt 23.6595 9.04661
vt 23.5354 6.84601
f 395/1209/280 388/1210/273 257/1211/142

vt 24.3248 9.01491
vt 23.6396 8.46274
vt 24.2013 6.81428
f 388/1212/273 256/1213/141 257/1214/142

vt 24.4012 5.26028
vt 23.7908 5.16688
vt 24.485 2.97287
f 395/1215/280 257/1216/142 260/1217/145

vt 15.147 4.47957
vt 15.1646 2.19069
v 5.87258 20.6749 -22.4823
vt 15.6114 3.49847
vn -0.989107 0.137467 0.0526364
f 395/1218/280 260/1219/145 396/1220/281

vt 19.3489 2.48084
vt 18.9204 1.16695
vt 19.4479 1.22328
f 396/1221/281 260/1222/145 263/1223/148

vt -13.8719 1.93211
vt -13.9603 0.673754
vt -13.5174 0.514123
f 396/1224/281 263/1225/148 264/1226/149

v 6.15546 21.4038 -21.8775
vt -11.4705 3.33894
vn -0.602679 0.150057 0.783748
vt -12.1979 2.27136
vt -11.8338 0.855827
f 397/1227/282 396/1228/281 264/1229/149

v 5.99812 21.2257 -22.4409
vt -11.3053 2.67683
vn -0.967986 0.114314 0.223464
vt -11.4828 1.74748
vt -10.7585 2.81716
f 398/1230/283 396/1231/281 397/1232/282

vt 6.14209 -0.0474742
vt 6.56404 -1.04755
vt 6.65131 -0.105444
f 395/1233/280 396/1234/281 398/1235/283

v 5.98711 21.8933 -22.693
vt 7.43752 9.17959
vn -0.996509 0.0107627 0.082793
vt 7.03948 8.03234
vt 7.54885 7.97567
f 399/1236/284 395/1237/280 398/1238/283

vt 9.67545 9.38129
vt 9.55163 7.15286
vt 9.95095 8.29966
f 394/1239/279 395/1240/280 399/1241/284

v 5.9921 22.6966 -22.6194
vt 6.79023 8.78024
vn -0.917867 0.0246372 0.396122
vt 6.34408 8.52245
vt 6.61827 7.44048
f 400/1242/285 394/1243/279 399/1244/284

vt 4.5384 13.6102
vt 4.56359 11.5861
vt 5.00944 11.8444
f 392/1245/277 394/1246/279 400/1247/285

vt 18.3842 13.2302
vt 17.9147 11.7778
vt 18.3485 11.2062
f 392/1248/277 393/1249/278 394/1250/279

v 5.9294 23.5099 -22.8159
vt 4.6757 13.2087
vn -0.960061 -0.0639683 0.272382
vt 4.24556 13.5367
vt 4.71763 11.7711
f 401/1251/286 392/1252/277 400/1253/285

v 5.70497 24.4546 -23.1301
vt 8.14139 19.1275
vn -0.98838 -0.142132 0.0538779
vt 7.78384 17.7353
vt 8.20927 17.4012
f 402/1254/287 392/1255/277 401/1256/286

vt 20.4982 15.0136
vt 19.7914 15.2511
vt 20.0597 13.6448
f 402/1257/287 378/1258/263 392/1259/277

vt 21.7965 19.4241
vt 20.8544 17.9947
vt 21.5599 17.7532
f 377/1260/262 378/1261/263 402/1262/287

vt -17.8626 20.0107
vt -17.6292 18.3394
v 5.94984 24.7122 -22.4387
vt -16.9185 18.5809
vn -0.45841 0.090183 0.884153
f 377/1263/262 402/1264/287 403/1265/288

vt -16.1916 14.481
v 5.88653 23.9447 -22.6605
vt -15.7793 13.48
vn -0.678725 0.0551297 0.732321
vt -15.4794 14.7181
f 402/1266/287 404/1267/289 403/1268/288

vt -7.82404 17.9491
vt -7.60608 16.2353
vt -7.44124 16.9364
f 402/1269/287 401/1270/286 404/1271/289

vt -6.06169 16.6776
vt -6.2311 15.9776
v 6.14514 22.975 -22.0684
vt -5.62203 14.8424
vn -0.608688 0.0811407 0.789249
f 404/1272/289 401/1273/286 405/1274/290

vt -12.7805 12.3454
vt -12.697 10.9096
vt -12.1491 11.2225
f 401/1275/286 400/1276/285 405/1277/290

vt -14.6442 15.2155
vt -15.1893 14.8977
v 6.27499 22.5928 -21.9171
vt -14.485 14.5126
vn -0.464192 0.126396 0.87667
f 405/1278/290 400/1279/285 406/1280/291

vt -17.8274 8.37946
vt -18.535 8.75833
vt -18.0436 6.3535
f 406/1281/291 400/1282/285 397/1283/282

vt -8.79439 10.7547
vt -8.96294 9.41453
vt -8.30518 8.34943
f 400/1284/285 399/1285/284 397/1286/282

vt -12.2878 7.35851
vt -12.1767 6.15455
vt -11.6296 6.29364
f 399/1287/284 398/1288/283 397/1289/282

vt -21.1406 8.79589
vt -21.3626 6.77056
v 6.59395 22.3751 -21.2834
vt -20.4555 8.24367
vn -0.328705 0.205199 0.921871
f 406/1290/291 397/1291/282 407/1292/292

vt -23.6277 10.1064
vt -24.5303 8.63058
v 6.73058 21.61 -21.0951
vt -23.4407 8.75336
vn -0.288555 0.121395 0.949736
f 407/1293/292 397/1294/282 408/1295/293

v 6.47908 20.2771 -21.2868
vt -23.8332 5.52483
vn -0.279699 0.140038 0.94982
vt -23.3229 7.72721
vt -24.4126 7.60466
f 409/1296/294 408/1297/293 397/1298/282

vt -30.7772 6.35668
v 7.53201 20.6488 -20.7486
vt -29.1461 6.83149
vn -0.155959 0.0898508 0.983668
vt -30.3201 8.57072
f 409/1299/294 410/1300/295 408/1301/293

v 6.16913 18.9903 -21.4385
vt -31.2081 3.91365
vn -0.200529 0.13132 0.970847
vt -29.0471 6.5287
vt -30.6785 6.05507
f 411/1302/296 410/1303/295 409/1304/294

vt -32.3499 4.38483
v 8.44885 19.2224 -20.7038
vt -28.9304 4.56344
vn -0.0907641 0.0456425 0.994826
vt -30.2233 7.02792
f 411/1305/296 412/1306/297 410/1307/295

vt -32.3324 4.08225
v 6.50043 18.0489 -21.4204
vt -31.8775 2.4687
vn -0.0585956 0.047735 0.99714
vt -28.9129 4.25988
f 411/1308/296 413/1309/298 412/1310/297

v 5.25586 17.8673 -21.8864
vt -33.5169 2.47119
vn -0.519913 0.247587 0.817552
vt -31.637 2.64326
vt -32.0864 4.25837
f 414/1311/299 413/1312/298 411/1313/296

vt -33.5178 -0.372871
vt -31.476 0.914322
vt -33.356 0.743617
f 279/1314/164 413/1315/298 414/1316/299

vt -32.9018 2.16228
vt -34.9075 0.819661
v 5.89197 17.4594 -21.6619
vt -33.8017 1.19369
vn 0.0418747 -0.0785023 0.996034
f 413/1317/298 279/1318/164 415/1319/300

vt -34.9324 -1.15906
vt -34.0053 -1.04457
vt -33.8507 -0.720111
f 279/1320/164 280/1321/165 415/1322/300

vt -33.8943 -1.87714
v 7.10777 17.7712 -21.6209
vt -31.996 -0.912943
vn 0.0663254 -0.272117 0.959976
vt -33.7473 -1.54914
f 280/1323/165 416/1324/301 415/1325/300

vt -25.6875 -19.9408
vt -24.7181 -18.9605
vt -24.4661 -18.1969
f 280/1326/165 281/1327/166 416/1328/301

vt -32.2708 -4.14398
vt -30.9102 -3.69799
vt -31.7022 -3.57554
f 281/1329/166 282/1330/167 416/1331/301

vt -32.1148 -0.430696
vt -31.3437 -0.648956
v 8.34765 17.7282 -21.8615
vt -30.2814 -0.449671
vn 0.122048 -0.789698 0.601233
f 416/1332/301 282/1333/167 417/1334/302

vt 30.0991 -7.69807
vt 28.3857 -6.92881
vt 29.0312 -7.53146
f 282/1335/167 283/1336/168 417/1337/302

vt 23.8948 -16.0926
v 8.90928 17.8086 -21.9728
vt 23.6577 -16.3347
vn 0.196181 -0.961033 0.194754
vt 24.3123 -16.8708
f 283/1338/168 418/1339/303 417/1340/302

vt 24.8831 -14.7576
vt 25.1028 -14.4995
vt 24.0658 -14.3151
f 418/1341/303 283/1342/168 284/1343/169

vt -28.4132 -6.80388
vt -27.5502 -6.45872
v 9.30036 18.0074 -21.565
vt -27.992 -6.221
vn 0.0733287 -0.537272 0.840215
f 418/1344/303 284/1345/169 419/1346/304

vt -28.9161 0.556383
vt -28.5461 0.217593
v 10.16 18.0325 -21.5428
vt -27.6577 0.68663
vn 0.00840694 -0.494083 0.869374
f 419/1347/304 284/1348/169 420/1349/305

vt -28.4016 -2.51597
vt -27.0229 -2.25698
vt -27.561 -1.96583
f 284/1350/169 285/1351/170 420/1352/305

vt -27.612 -1.29024
vt -27.0814 -1.59482
vt -25.6054 -0.901815
f 420/1353/305 285/1354/170 286/1355/171

vt -27.5794 2.5115
vt -25.54 2.64618
v 11.7066 18.3557 -21.0376
vt -25.3091 3.15613
vn 0.00864093 -0.223024 0.974775
f 420/1356/305 286/1357/171 421/1358/306

vt -25.2351 3.65333
vt -25.476 3.14805
vt -24.1501 3.35964
f 421/1359/306 286/1360/171 287/1361/172

vt -25.4207 2.07598
vt -24.32 1.84788
v 12.3172 18.5981 -20.8466
vt -24.5386 2.51716
vn 0.020396 -0.0967105 0.995104
f 421/1362/306 287/1363/172 422/1364/307

vt -24.3609 3.6713
vt -24.1738 2.99253
vt -20.6412 3.22447
f 422/1365/307 287/1366/172 288/1367/173

vt -24.3928 3.43434
vt -20.6705 3.00973
v 14.9403 18.7496 -20.7469
vt -20.535 3.70072
vn 0.00133672 -0.0891566 0.996017
f 422/1368/307 288/1369/173 423/1370/308

vt -20.6738 2.99647
v 17.422 18.4065 -21.1245
vt -16.888 3.11361
vn -0.014393 -0.210131 0.977567
vt -20.5387 3.68754
f 288/1371/173 424/1372/309 423/1373/308

vt -20.7107 3.01344
vt -17.2057 2.66439
vt -16.9262 3.16732
f 288/1374/173 289/1375/174 424/1376/309

vt -16.7503 4.36232
v 18.4097 18.0373 -21.5388
vt -15.0239 4.08234
vn -0.114122 -0.472131 0.87411
vt -16.4206 4.83375
f 289/1377/174 425/1378/310 424/1379/309

vt -13.89 10.4698
vt -12.8057 9.44739
vt -12.3633 9.6166
f 289/1380/174 290/1381/175 425/1382/310

vt -13.8672 7.8454
vt -12.9488 7.51519
vt -13.4486 8.067
f 290/1383/175 291/1384/176 425/1385/310

vt -14.9168 0.523581
v 19.7039 18.113 -21.5351
vt -13.74 1.09231
vn -0.00478762 -0.568926 0.822375
vt -15.6201 0.767879
f 291/1386/176 426/1387/311 425/1388/310

vt -11.4942 -9.10698
vt -10.6712 -8.34353
vt -10.9251 -7.9303
f 291/1389/176 292/1390/177 426/1391/311

vt -10.1451 9.42786
v 20.4864 17.9174 -21.9026
vt -9.00774 8.80277
vn -0.078935 -0.980928 0.177625
vt -9.77791 9.7447
f 292/1392/177 427/1393/312 426/1394/311

vt 13.7833 1.22349
vt 11.7633 1.22255
vt 12.5561 0.801314
f 292/1395/177 293/1396/178 427/1397/312

vt 12.5484 -0.14633
vt 11.7876 0.330227
vt 11.0926 0.0237674
f 427/1398/312 293/1399/178 294/1400/179

vt 12.4656 -1.27674
vt 11.0268 -0.997513
v 21.4364 17.9184 -21.7759
vt 11.0762 -1.4687
vn -0.00291787 -0.872507 0.488592
f 427/1401/312 294/1402/179 428/1403/313

vt 10.6813 -3.10891
vt 10.703 -2.63564
v 22.3915 17.937 -21.743
vt 9.27973 -3.00534
vn 0.0161692 -0.860025 0.509995
f 428/1404/313 294/1405/179 429/1406/314

vt 10.8277 -2.19655
vt 8.39444 -2.16673
vt 9.42279 -2.6307
f 294/1407/179 295/1408/180 429/1409/314

vt 7.93487 -5.68835
vt 7.11675 -4.91152
v 23.5527 17.9907 -21.6204
vt 6.3103 -5.14427
vn -0.0681566 -0.700729 0.710165
f 429/1410/314 295/1411/180 430/1412/315

vt -4.58596 7.54422
vt -2.65121 5.9671
vt -3.75292 7.44137
f 295/1413/180 296/1414/181 430/1415/315

vt -7.21399 4.10632
vt -5.4963 3.44544
v 24.5347 18.0206 -21.3515
vt -5.751 4.04701
vn -0.0684872 -0.318845 0.945329
f 430/1416/315 296/1417/181 431/1418/316

vt -4.2538 4.77758
vt -2.85186 3.95904
vt -4.34338 5.42469
f 296/1419/181 297/1420/182 431/1421/316

vt -5.77992 3.79194
vt -3.96533 2.75271
v 25.6786 17.9211 -21.2488
vt -4.11253 3.48065
vn -0.0592813 -0.188336 0.980314
f 431/1422/316 297/1423/182 432/1424/317

vt -3.79535 2.92082
vt -2.58431 2.80495
vt -3.91274 3.65415
f 297/1425/182 298/1426/183 432/1427/317

vt -4.69656 2.39846
vt -3.25357 1.76312
v 26.3445 18.1031 -21.0849
vt -3.71478 2.70193
vn -0.00860856 -0.0470291 0.998856
f 432/1428/317 298/1429/183 433/1430/318

vt -3.02405 1.97378
v 27.6887 17.61 -21.3781
vt -1.50483 2.03257
vn 0.00744059 -0.0360498 0.999322
vt -3.4417 2.93275
f 298/1431/183 434/1432/319 433/1433/318

vt -3.0253 1.99269
v 27.8126 17.2832 -21.6788
vt -1.35436 1.49041
vn -0.135908 -0.727386 0.672636
vt -1.50609 2.05186
f 298/1434/183 435/1435/320 434/1436/319

vt 0.0792691 4.10272
vt 0.487057 3.17941
vt 0.981334 2.60919
f 298/1437/183 299/1438/184 435/1439/320

vt 3.06861 -0.928482
vt 2.13377 -1.28347
vt 2.43312 -1.33544
f 299/1440/184 300/1441/185 435/1442/320

vt 2.20886 -1.74142
vt 1.91869 -1.6514
vt 1.3812 -1.983
f 435/1443/320 300/1444/185 302/1445/187

vt -1.70511 1.95369
vt -1.53144 1.39864
vt -0.671692 1.33368
f 434/1446/319 435/1447/320 302/1448/187

vt -0.365585 1.53071
vt -1.8994 1.66468
vt -0.844227 1.08246
f 303/1449/188 434/1450/319 302/1451/187

vt -0.427744 0.895952
v 27.6239 18.8171 -21.1479
vt -2.08098 3.02772
vn 0.112509 0.120842 0.986275
vt -1.96256 1.01795
f 303/1452/188 436/1453/321 434/1454/319

vt -2.68884 2.54298
vt -0.993565 0.44449
v 28.2704 18.8617 -21.5237
vt -1.69209 2.72545
vn 0.372231 0.200425 0.906241
f 436/1455/321 303/1456/188 437/1457/322

vt -1.85057 0.232754
v 28.767 18.0053 -21.8685
vt -1.67024 1.16885
vn 0.90135 0.246202 0.356306
vt -2.48421 2.53258
f 303/1458/188 438/1459/323 437/1460/322

v 28.8782 17.6382 -21.8086
vt -1.37453 0.468915
vn 0.944507 0.045553 -0.325319
vt -1.50744 1.11511
vt -1.67556 0.176738
f 439/1461/324 438/1462/323 303/1463/188

vt -1.60272 1.03442
vt -1.05522 1.80038
vt -1.48663 1.68384
f 439/1464/324 306/1465/191 438/1466/323

vt -1.15963 0.575836
vt -0.868504 1.69619
vt -1.42669 0.937986
f 305/1467/190 306/1468/191 439/1469/324

vt -1.74179 0.193415
vt -1.46739 0.340711
vt -1.73689 0.701049
f 304/1470/189 305/1471/190 439/1472/324

vt -1.62583 0.228078
vt -1.60979 0.735483
vt -1.9138 0.4464
f 304/1473/189 439/1474/324 303/1475/188

vt -1.48095 1.66693
vt -1.04949 1.78323
v 28.5626 18.7324 -21.9845
vt -1.26867 2.94992
vn 0.936745 0.1267 -0.326276
f 438/1476/323 306/1477/191 440/1478/325

vt -1.15425 1.75597
vt -0.793038 3.23494
vt -1.38427 2.92058
f 306/1479/191 307/1480/192 440/1481/325

vt -0.808445 3.25528
v 28.339 19.6092 -22.1022
vt -1.19718 4.48147
vn 0.979492 0.152396 0.1318
vt -1.39928 2.94019
f 307/1482/192 441/1483/326 440/1484/325

vt -1.519 3.00998
v 28.2702 19.5409 -22.4427
vt -1.64651 4.20197
vn 0.66896 -0.0621237 -0.740698
vt -1.95715 4.21939
f 307/1485/192 442/1486/327 441/1487/326

vt -0.68824 4.31267
vt -0.594561 3.11754
v 27.9586 20.4111 -22.8736
vt -0.188612 5.91655
vn 0.456304 -0.0814696 -0.886086
f 442/1488/327 307/1489/192 443/1490/328

vt -0.14241 3.06011
vt 1.2521 5.60015
vt 0.301096 5.85342
f 307/1491/192 308/1492/193 443/1493/328

vt 0.309012 5.87904
vt 1.25997 5.62559
v 27.68 21.0574 -23.1587
vt 0.738095 7.05853
vn 0.481252 -0.10911 -0.869765
f 443/1494/328 308/1495/193 444/1496/329

vt 1.20368 5.6095
vt 1.54826 6.54908
vt 0.679862 7.04172
f 308/1497/193 309/1498/194 444/1499/329

vt 0.513649 6.7384
vt 1.38163 6.24503
vt 1.45113 8.14599
f 444/1500/329 309/1501/194 311/1502/196

vt 0.112043 7.01967
vt 1.05376 8.42443
vt 0.118825 9.45501
f 444/1503/329 311/1504/196 317/1505/202

vt 1.20863 8.52793
vt 0.87859 9.55037
vt 0.277975 9.56238
f 311/1506/196 316/1507/201 317/1508/202

vt 1.70903 8.56636
vt 2.51463 9.59329
vt 1.40798 9.59772
f 311/1509/196 313/1510/198 316/1511/201

vt -0.745891 7.01256
vt -0.771283 9.44778
v 27.8333 21.9278 -22.6018
vt -1.37461 8.32695
vn 0.992283 0.0707742 -0.101814
f 444/1512/329 317/1513/202 445/1514/330

vt -1.36046 8.32052
vt -0.756896 9.44123
v 27.7599 22.5946 -22.8702
vt -1.19721 9.52814
vn 0.928902 -0.0890732 -0.359454
f 445/1515/330 317/1516/202 446/1517/331

vt -1.23128 9.35364
vt -0.79097 9.26672
v 27.6074 23.12 -23.6568
vt -0.609809 10.4714
vn 0.63568 -0.152539 -0.756732
f 446/1518/331 317/1519/202 447/1520/332

vt 0.391461 9.06121
vt 1.18556 10.5242
vt 0.531646 10.2714
f 317/1521/202 318/1522/203 447/1523/332

vt 0.419591 10.6143
vt 1.074 10.8658
vt 0.259856 12.0417
f 447/1524/332 318/1525/203 325/1526/210

v 27.8223 23.5798 -22.9065
vt -1.44052 11.0521
vn 0.963608 -0.113838 -0.241867
vt -0.680067 10.4898
vt -0.835436 11.9177
f 448/1527/333 447/1528/332 325/1529/210

vt -1.28995 9.39135
vt -0.667612 10.5087
vt -1.42815 11.0709
f 446/1530/331 447/1531/332 448/1532/333

vt -1.43983 9.38021
vt -1.57505 11.06
v 27.8302 22.9456 -22.6411
vt -1.70192 9.90883
vn 0.954929 -0.00631768 0.296767
f 446/1533/331 448/1534/333 449/1535/334

vt -2.79883 9.99302
vt -2.68292 11.1453
v 27.6 23.5027 -21.927
vt -3.54809 10.7326
vn 0.626956 0.100751 0.772512
f 449/1536/334 448/1537/333 450/1538/335

vt -2.6062 10.8066
v 27.8366 24.1658 -22.4595
vt -3.03399 11.6844
vn 0.650956 0.0715813 0.755733
vt -3.46843 10.3878
f 448/1539/333 451/1540/336 450/1541/335

vt -2.46364 10.9366
v 27.9051 24.0301 -23.198
vt -2.2685 11.7882
vn 0.877088 -0.2056 -0.434103
vt -2.90913 11.8056
f 448/1542/333 452/1543/337 451/1544/336

vt -0.647455 10.1672
vt -0.0808954 11.0585
vt -0.595068 11.0393
f 448/1545/333 325/1546/210 452/1547/337

vt -0.609213 11.7178
vt -0.0950227 11.7365
v 28.1137 25.7468 -23.5508
vt -0.776328 14.7385
vn 0.560247 -0.210432 -0.80115
f 452/1548/337 325/1549/210 453/1550/338

vt 0.719013 11.979
vt 1.17479 13.7858
vt -0.0112619 14.9695
f 325/1551/210 326/1552/211 453/1553/338

vt 0.0484978 15.0274
vt 1.2344 13.8435
v 27.7051 26.1502 -23.9807
vt 0.721525 15.8356
vn 0.169158 -0.132406 -0.976655
f 453/1554/338 326/1555/211 454/1556/339

vt 1.27643 15.9125
vt 1.76438 13.9142
vt 2.97701 15.7976
f 454/1557/339 326/1558/211 327/1559/212

vt 2.99408 15.7726
v 26.3734 26.7461 -24.3401
vt 3.25127 17.0287
vn 0.0551403 -0.00154605 -0.998477
vt 1.29363 15.8895
f 327/1560/212 455/1561/340 454/1562/339

vt 3.15285 15.7433
vt 6.18107 15.4825
vt 3.43001 16.9951
f 327/1563/212 328/1564/213 455/1565/340

vt 6.34539 14.654
v 25.0686 26.6349 -24.4473
vt 5.56952 16.0929
vn 0.00559886 0.0710629 -0.997456
vt 3.6477 16.2599
f 328/1566/213 456/1567/341 455/1568/340

vt 6.33273 14.7136
v 23.8272 26.5014 -24.5878
vt 7.38089 15.9521
vn 0.0166041 0.141315 -0.989825
vt 5.55017 16.1489
f 328/1569/213 457/1570/342 456/1571/341

vt 6.18613 14.5911
v 23.1723 25.9836 -25.1
vt 8.20826 15.0613
vn 0.015125 0.0566721 -0.998278
vt 7.18007 15.8735
f 328/1572/213 458/1573/343 457/1574/342

v 23.5376 25.0491 -25.5079
vt 7.78298 13.9277
vn 0.0165318 -0.054337 -0.998386
vt 8.259 15.4859
vt 6.23183 15.0379
f 459/1575/344 458/1576/343 328/1577/213

vt 7.86873 13.7655
v 22.4938 25.3898 -25.3353
vt 9.40467 14.3211
vn -0.0305576 -0.0234054 -0.999259
vt 8.40795 15.3029
f 459/1578/344 460/1579/345 458/1580/343

vt 7.86902 14.0891
vt 11.1341 13.4411
vt 9.41064 14.6287
f 459/1581/344 332/1582/217 460/1583/345

vt 11.0578 11.7567
vt 11.1361 13.5678
vt 7.8701 14.211
f 330/1584/215 332/1585/217 459/1586/344

vt 11.0625 11.8076
vt 7.87062 14.2565
vt 7.23904 13.1319
f 330/1587/215 459/1588/344 329/1589/214

vt 7.09564 13.2139
vt 7.67971 14.3638
vt 6.10572 15.4413
f 329/1590/214 459/1591/344 328/1592/213

vt 11.1179 13.1964
vt 11.0212 14.657
vt 9.4032 14.3966
f 332/1593/217 334/1594/219 460/1595/345

vt 9.40876 13.9277
vt 11.0253 14.1972
v 22.0723 26.0161 -24.9647
vt 10.0516 14.9451
vn -0.031912 0.0750991 -0.996665
f 460/1596/345 334/1597/219 461/1598/346

vt 10.0528 14.805
vt 11.0228 14.0525
vt 11.3429 15.0188
f 461/1599/346 334/1600/219 335/1601/220

vt 10.0461 13.7235
vt 11.3327 13.9573
v 21.1344 26.5902 -24.3822
vt 11.4475 14.6695
vn -0.0276937 0.18234 -0.982845
f 461/1602/346 335/1603/220 462/1604/347

vt 11.3177 14.0749
vt 13.517 14.3596
vt 11.4234 14.7885
f 335/1605/220 336/1606/221 462/1607/347

vt 11.4727 12.189
vt 13.5477 11.6776
v 20.942 26.841 -24.0156
vt 11.7825 12.6365
vn -0.0399951 0.412199 -0.910216
f 462/1608/347 336/1609/221 463/1610/348

vt 11.7046 14.2239
vt 13.512 13.347
v 18.7714 26.5167 -24.3154
vt 14.8926 13.6375
vn -0.00700342 0.256936 -0.966403
f 463/1611/348 336/1612/221 464/1613/349

vt 13.5052 13.1738
vt 19.1595 12.8669
vt 14.8845 13.4701
f 336/1614/221 337/1615/222 464/1616/349

vt 14.874 13.959
vt 19.1519 13.3771
vt 19.2849 14.2796
f 464/1617/349 337/1618/222 340/1619/225

v 18.7935 26.816 -23.8488
vt 14.7969 12.6913
vn -0.0180739 0.569992 -0.821451
vt 14.8395 12.1226
vt 19.2449 12.511
f 465/1620/350 464/1621/349 340/1622/225

vt 11.7682 11.7965
vt 14.9329 11.0953
vt 14.9286 11.6657
f 463/1623/348 464/1624/349 465/1625/350

vt 11.7981 5.99778
vt 14.9506 5.74014
v 19.9068 27.0148 -23.4071
vt 13.3688 6.36408
vn -0.0538003 0.980449 -0.189277
f 463/1626/348 465/1627/350 466/1628/351

vt 13.3886 4.89817
vt 14.9324 4.18518
v 18.8288 26.9447 -23.4582
vt 14.9397 4.5481
vn -0.0319988 0.99364 -0.10796
f 466/1629/351 465/1630/350 467/1631/352

vt 14.8058 6.95796
v 15.6604 26.9066 -23.5877
vt 19.4094 7.24836
vn 0.0420977 0.854636 -0.517518
vt 14.7474 7.31623
f 465/1632/350 468/1633/353 467/1634/352

vt 14.8465 8.83952
vt 19.2896 8.5638
vt 19.455 9.03874
f 465/1635/350 340/1636/225 468/1637/353

vt 18.6123 12.4114
vt 18.5407 11.9136
v 14.7634 26.9966 -23.5401
vt 19.8941 12.7557
vn 0.0643119 0.951204 -0.301787
f 468/1638/353 340/1639/225 469/1640/354

vt 20.0917 12.4561
vt 18.7137 11.655
vt 20.5981 12.033
f 469/1641/354 340/1642/225 341/1643/226

vt 20.5347 10.1194
vt 21.0028 9.65425
v 12.7643 26.9698 -23.7435
vt 23.481 10.1653
vn 0.0221037 0.777671 -0.628283
f 469/1644/354 341/1645/226 470/1646/355

vt 21.1606 10.6516
vt 23.7202 10.5209
vt 23.6623 11.0314
f 341/1647/226 342/1648/227 470/1649/355

vt 23.6279 11.3162
vt 23.6917 10.8064
vt 25.7659 11.5035
f 470/1650/355 342/1651/227 361/1652/246

vt -23.4944 7.55089
vt -25.598 7.97634
v 11.7687 27.0315 -23.4765
vt -24.9697 7.67929
vn 0.00087499 0.963618 0.267281
f 470/1653/355 361/1654/246 471/1655/356

vt -25.2101 5.75753
vt -25.8852 5.92259
v 11.5643 26.9894 -22.6461
vt -25.5251 5.01388
vn 0.0259256 0.694491 0.719034
f 471/1656/356 361/1657/246 472/1658/357

vt -22.7926 17.3723
vt -22.6578 18.3405
v 10.6717 27.1686 -23.2139
vt -23.6374 18.5713
vn 0.090714 0.817216 0.569148
f 472/1659/357 361/1660/246 473/1661/358

vt -18.7177 20.955
vt -19.4452 21.8578
vt -19.6112 21.4181
f 361/1662/246 362/1663/247 473/1664/358

vt -23.7477 15.9503
vt -25.0623 16.6631
vt -23.7932 15.4825
f 362/1665/247 363/1666/248 473/1667/358

vt -26.8734 7.78185
vt -28.524 8.31069
v 9.60514 27.2057 -23.0008
vt -28.4512 7.79102
vn 0.045878 0.615571 0.786745
f 473/1668/358 363/1669/248 474/1670/359

vt -27.0909 15.0473
vt -27.0275 15.5682
v 8.17899 27.4234 -23.2591
vt -28.946 16.1408
vn 0.0468517 0.632355 0.77326
f 474/1671/359 363/1672/248 475/1673/360

vt -27.7692 15.3994
v 8.43681 27.4292 -23.6093
vt -29.2801 16.0074
vn 0.154439 0.982498 -0.104145
vt -29.7282 15.8129
f 363/1674/248 476/1675/361 475/1676/360

vt 24.9642 20.4545
vt 26.6048 20.8865
vt 26.4174 21.1899
f 363/1677/248 364/1678/249 476/1679/361

vt 29.5057 13.1383
v 7.12773 27.4881 -23.6562
vt 31.3089 13.758
vn 0.0441417 0.977095 -0.208175
vt 29.3999 13.4788
f 364/1680/249 477/1681/362 476/1682/361

vt 30.0939 13.0514
vt 32.4374 12.9833
vt 31.9574 13.4548
f 364/1683/249 366/1684/251 477/1685/362

vt 31.724 15.5498
vt 32.2268 15.1026
vt 33.1814 15.6626
f 477/1686/362 366/1687/251 368/1688/253

vt -32.0483 10.6728
vt -33.505 10.7952
v 6.7998 27.3946 -23.156
vt -32.5461 10.1877
vn 0.0156588 0.554732 0.831882
f 477/1689/362 368/1690/253 478/1691/363

vt -30.5204 20.0358
v 5.1271 27.7008 -23.6107
vt -31.8729 20.7083
vn 0.0429383 0.646261 0.761908
vt -29.8581 19.114
f 368/1692/253 479/1693/364 478/1694/363

vt -19.642 30.5041
vt -20.2776 31.6392
vt -20.5123 31.7386
f 368/1695/253 369/1696/254 479/1697/364

vt -8.17364 35.8161
vt -8.35867 36.3631
vt -8.35471 35.9956
f 369/1698/254 371/1699/256 479/1700/364

v 5.12209 27.4224 -23.3161
vt -34.3846 14.427
vn -0.213603 0.213861 0.953225
vt -34.4029 15.0199
vt -34.7673 15.0684
f 480/1701/365 479/1702/364 371/1703/256

vt -34.7274 15.1528
v 6.39926 27.1649 -22.8907
vt -32.8318 14.554
vn -0.0489284 0.313775 0.948236
vt -34.733 15.7459
f 480/1704/365 481/1705/366 479/1706/364

vt -34.3668 16.6053
v 6.808 25.7603 -22.083
vt -31.8064 13.3946
vn -0.126182 0.22086 0.967109
vt -32.4617 16.0372
f 480/1707/365 482/1708/367 481/1709/366

vt -30.5413 14.1563
vt -33.1432 17.3334
v 5.87604 25.8201 -22.5414
vt -31.9644 14.3919
vn -0.225144 0.157978 0.961433
f 482/1710/367 480/1711/365 483/1712/368

vt -29.078 15.544
vt -30.2574 18.4853
v 5.37324 26.0964 -22.9956
vt -29.8929 16.1445
vn -0.528091 0.0434472 0.848075
f 483/1713/368 480/1714/365 484/1715/369

vt -27.2249 16.727
vt -27.5735 19.0702
v 4.95863 26.9293 -23.4976
vt -27.8985 18.2862
vn -0.639324 -0.0323308 0.768258
f 484/1716/369 480/1717/365 485/1718/370

vt -30.2326 18.8788
vt -29.9153 19.6659
vt -30.4955 19.6126
f 485/1719/370 480/1720/365 373/1721/258

vt -29.9185 15.0265
vt -30.0456 14.6114
vt -29.4655 14.6651
f 372/1722/257 373/1723/258 480/1724/365

vt -28.0019 17.6015
vt -28.0166 17.3565
vt -27.5602 16.9992
f 371/1725/256 372/1726/257 480/1727/365

vt -2.05553 28.6935
vt -2.05807 27.3024
vt -1.97332 27.9184
f 373/1728/258 375/1729/260 485/1730/370

vt -2.65023 27.9697
vt -2.73095 27.3531
vt -2.26901 26.3145
f 485/1731/370 375/1732/260 484/1733/369

vt -18.4055 19.4847
vt -18.2648 18.4259
vt -17.8331 18.5027
f 375/1734/260 376/1735/261 484/1736/369

vt -18.9613 21.7755
vt -18.7633 20.7173
vt -18.5299 21.854
f 376/1737/261 377/1738/262 484/1739/369

vt -16.6936 21.7735
vt -16.9428 20.6402
vt -16.008 19.2043
f 484/1740/369 377/1741/262 403/1742/288

vt -29.6376 16.4961
vt -28.7613 13.9855
vt -28.8232 15.895
f 484/1743/369 403/1744/288 483/1745/368

v 6.55286 24.9725 -21.958
vt -28.3458 14.2127
vn -0.231552 0.17901 0.956211
vt -29.4031 15.8206
vt -29.3376 13.9112
f 486/1746/371 483/1747/368 403/1748/288

vt -30.5843 13.8857
vt -32.0074 14.1216
vt -30.951 12.513
f 482/1749/367 483/1750/368 486/1751/371

vt -29.4839 13.3751
vt -29.8416 12
v 7.14437 24.1517 -21.2692
vt -28.8671 10.4038
vn -0.207221 0.21388 0.954628
f 482/1752/367 486/1753/371 487/1754/372

vt -27.4808 11.1407
vt -28.4637 12.7316
v 6.45984 23.8083 -21.7516
vt -28.5872 10.6995
vn -0.357017 0.162481 0.919858
f 487/1755/372 486/1756/371 488/1757/373

vt -28.8598 12.3617
vt -27.9889 10.6306
vt -27.8678 12.6629
f 403/1758/288 488/1759/373 486/1760/371

vt -22.35 15.8179
vt -22.623 14.5736
vt -21.5008 14.076
f 403/1761/288 404/1762/289 488/1763/373

vt -24.01 11.4507
vt -23.4894 9.63687
vt -22.8863 10.9564
f 404/1764/289 405/1765/290 488/1766/373

vt -23.3535 11.1739
vt -23.9567 9.85446
v 6.56339 23.0001 -21.4576
vt -23.1536 9.72
vn -0.340593 0.0885545 0.936031
f 488/1767/373 405/1768/290 489/1769/374

vt -22.7446 12.1209
vt -23.5476 12.2561
vt -23.3561 11.5613
f 489/1770/374 405/1771/290 406/1772/291

vt -28.0899 15.2573
vt -28.6668 14.6621
v 7.42848 22.8023 -20.9312
vt -26.7633 14.7348
vn -0.200352 0.155057 0.967376
f 489/1773/374 406/1774/291 490/1775/375

vt -28.1776 1.83483
vt -27.53 1.23905
vt -26.2742 1.90827
f 406/1776/291 407/1777/292 490/1778/375

v 7.61902 22.0883 -20.4652
vt -28.0669 6.0266
vn -0.178378 0.168999 0.96934
vt -28.4279 7.38207
vt -29.706 6.75661
f 491/1779/376 490/1780/375 407/1781/292

vt -29.6335 6.11934
v 8.9345 22.9211 -20.3673
vt -27.6983 7.51692
vn -0.0956903 0.171728 0.980486
vt -29.9698 7.48114
f 491/1782/376 492/1783/377 490/1784/375

vt -30.0806 6.96791
v 8.33535 21.8638 -20.1464
vt -29.0012 6.49178
vn -0.0991289 0.145373 0.984398
vt -28.1373 8.35426
f 491/1785/376 493/1786/378 492/1787/377

vt -29.0507 7.51392
vt -27.7191 9.42116
vt -28.7968 9.90112
f 410/1788/295 493/1789/378 491/1790/376

vt -29.8791 7.61686
v 9.60475 21.0841 -19.8885
vt -26.7281 8.11253
vn -0.0566587 0.103747 0.992989
vt -28.5733 9.54185
f 410/1791/295 494/1792/379 493/1793/378

vt -28.5607 4.93569
vt -26.6853 7.90211
vt -29.8366 7.40897
f 412/1794/297 494/1795/379 410/1796/295

vt -27.0906 7.9018
vt -28.9423 4.9205
v 10.1756 19.7187 -20.0632
vt -26.3302 5.58728
vn -0.0348801 0.0228176 0.999131
f 494/1797/379 412/1798/297 495/1799/380

vt -26.719 6.39252
vt -29.3216 5.69006
v 9.70499 18.7367 -20.7231
vt -27.5031 4.80687
vn -0.0485634 -0.0624455 0.996866
f 495/1800/380 412/1801/297 496/1802/381

vt -29.5676 4.95398
v 8.17812 18.3617 -21.1226
vt -30.0147 3.55031
vn -0.0278217 -0.0631327 0.997617
vt -27.7386 4.09287
f 412/1803/297 497/1804/382 496/1805/381

vt -29.7897 4.65156
vt -32.7034 2.77865
vt -30.2201 3.24265
f 412/1806/297 413/1807/298 497/1808/382

vt -30.3771 3.3457
vt -32.8532 2.84474
vt -31.9667 2.37352
f 497/1809/382 413/1810/298 416/1811/301

vt -32.1204 1.09678
vt -33.0224 1.53754
vt -33.9017 0.550088
f 416/1812/301 413/1813/298 415/1814/300

vt -31.999 2.24038
v 9.15106 18.3145 -21.1472
vt -28.9842 3.13458
vn 3.50204e-05 -0.206268 0.978495
vt -30.4146 3.22081
f 416/1815/301 498/1816/383 497/1817/382

vt -32.1092 -0.0375414
vt -30.2757 -0.0466646
vt -29.1685 1.07626
f 416/1818/301 417/1819/302 498/1820/383

vt -30.2865 1.11371
vt -28.9008 1.64402
vt -29.1383 2.1946
f 417/1821/302 419/1822/304 498/1823/383

vt -22.8711 -17.2919
vt -22.7031 -16.5927
vt -23.5268 -17.8268
f 418/1824/303 419/1825/304 417/1826/302

vt -29.0429 3.14551
vt -28.8234 2.58749
vt -27.5591 2.63524
f 498/1827/383 419/1828/304 420/1829/305

vt -27.5555 2.66705
v 10.66 18.6867 -20.6583
vt -26.8185 3.85916
vn -0.0151101 -0.130656 0.991313
vt -29.0387 3.17891
f 420/1830/305 499/1831/384 498/1832/383

vt -26.6316 4.72169
vt -27.4079 3.5548
vt -25.1118 4.10017
f 499/1833/384 420/1834/305 421/1835/306

vt -26.9704 2.68779
vt -25.4126 2.16881
v 11.7043 19.2882 -20.2854
vt -25.4624 3.72726
vn 0.0395802 -0.0142586 0.999115
f 499/1836/384 421/1837/306 500/1838/385

vt -25.2691 4.55791
vt -25.2703 2.99867
vt -24.3711 3.40388
f 500/1839/385 421/1840/306 422/1841/307

vt -25.4819 2.38295
vt -24.485 1.31317
v 12.1523 19.5227 -20.3244
vt -24.8385 2.81494
vn 0.0329564 0.0226055 0.999201
f 500/1842/385 422/1843/307 501/1844/386

vt -24.5462 4.8327
vt -24.3166 3.30706
v 14.8251 19.2349 -20.4402
vt -20.6185 4.33688
vn -0.00495747 -0.0104609 0.999933
f 501/1845/386 422/1846/307 502/1847/387

vt -24.3525 3.2884
vt -20.4931 3.53095
vt -20.6586 4.33321
f 422/1848/307 423/1849/308 502/1850/387

vt -20.707 4.21546
vt -20.5372 3.41411
v 18.167 19.5871 -20.2835
vt -15.7921 4.80916
vn -0.00838076 0.0136213 0.999872
f 502/1851/387 423/1852/308 503/1853/388

vt -20.525 3.42165
v 17.3198 18.8713 -20.7051
vt -17.0251 3.62651
vn -0.0149 -0.0749492 0.997076
vt -15.7778 4.80946
f 423/1854/308 504/1855/389 503/1856/388

vt -20.5573 3.57699
vt -16.9047 3.01509
vt -17.0585 3.79868
f 423/1857/308 424/1858/309 504/1859/389

vt -16.7491 4.55253
vt -16.6294 3.76302
v 18.5333 18.7914 -20.6694
vt -14.9667 4.37684
vn -0.0786392 -0.0932876 0.992529
f 504/1860/389 424/1861/309 505/1862/390

vt -16.8241 3.44599
vt -15.3788 2.79301
vt -15.1816 4.11185
f 424/1863/309 425/1864/310 505/1865/390

vt -8.16524 6.14179
v 18.5302 18.2898 -21.1141
vt -7.7534 6.46941
vn -0.115263 -0.241684 0.963485
vt -7.41538 7.2445
f 425/1866/310 506/1867/391 505/1868/390

vt -15.5608 1.93324
vt -13.664 2.13871
vt -15.4113 2.43781
f 425/1869/310 426/1870/311 506/1871/391

vt -15.4406 2.24333
vt -13.6893 1.96831
v 19.9851 18.5293 -20.9233
vt -13.3273 2.77184
vn -0.011377 -0.158894 0.98723
f 506/1872/391 426/1873/311 507/1874/392

vt -12.9424 4.27526
v 20.9507 18.1123 -21.2828
vt -11.0965 4.16979
vn -0.0391878 -0.441038 0.896632
vt -12.4421 5.00077
f 426/1875/311 508/1876/393 507/1877/392

vt -12.6067 5.65852
vt -11.5588 5.04033
vt -10.7697 5.44967
f 426/1878/311 427/1879/312 508/1880/393

vt -11.8659 4.31054
vt -10.4679 4.19797
vt -11.1045 4.76928
f 427/1881/312 428/1882/313 508/1883/393

vt -11.8257 2.46596
vt -11.0877 2.03354
v 21.6665 18.1444 -21.258
vt -10.7766 2.57102
vn -0.019962 -0.310748 0.950283
f 508/1884/393 428/1885/313 509/1886/394

vt -10.9695 2.6246
vt -9.56483 2.66889
vt -10.6303 3.14476
f 428/1887/313 429/1888/314 509/1889/394

vt -10.7567 2.67719
vt -9.67118 2.24895
v 23.2894 18.3352 -20.9626
vt -8.38673 3.1482
vn -0.00157437 -0.301352 0.953512
f 509/1890/394 429/1891/314 510/1892/395

vt -9.50642 2.8469
vt -7.79589 2.9436
vt -8.16791 3.66349
f 429/1893/314 430/1894/315 510/1895/395

vt -7.48538 4.83644
vt -7.22233 4.06999
vt -5.75923 4.01333
f 510/1896/395 430/1897/315 431/1898/316

vt -8.35873 2.9341
vt -6.51541 2.42498
v 24.2086 18.6673 -20.7055
vt -7.01784 3.51832
vn 0.0424684 -0.0845253 0.995516
f 510/1899/395 431/1900/316 511/1901/396

vt -6.36486 2.66188
v 25.1344 18.4431 -20.9188
vt -5.47454 3.38043
vn -0.00907367 -0.0503537 0.99869
vt -6.83198 3.77077
f 431/1902/316 512/1903/397 511/1904/396

vt -6.06022 2.76462
vt -4.37951 2.53591
vt -5.13423 3.43657
f 431/1905/316 432/1906/317 512/1907/397

vt -5.38156 3.14645
vt -4.59878 2.27007
vt -3.61231 2.55792
f 512/1908/397 432/1909/317 433/1910/318

vt -3.78257 2.09971
v 25.162 19.2612 -20.6054
vt -5.52495 4.00159
vn 0.0763504 0.0488442 0.995884
vt -5.5633 2.65253
f 433/1911/318 513/1912/398 512/1913/397

vt -1.9253 1.1766
vt -5.68033 3.83364
vt -3.91504 1.953
f 434/1914/319 513/1915/398 433/1916/318

vt -2.04483 1.00168
vt -2.17484 3.01073
vt -5.82581 3.62166
f 434/1917/319 436/1918/321 513/1919/398

vt -2.19868 2.88734
v 26.8465 20.1975 -20.8738
vt -3.3788 5.16615
vn 0.144311 0.110262 0.98337
vt -5.85043 3.49364
f 436/1920/321 514/1921/399 513/1922/398

vt -3.80084 4.93219
vt -2.59166 2.66868
v 27.384 20.5528 -21.1582
vt -2.98993 5.61531
vn 0.228969 0.167165 0.958973
f 514/1923/399 436/1924/321 515/1925/400

vt -2.70849 2.64796
vt -1.71176 2.83057
vt -3.11295 5.59374
f 436/1926/321 437/1927/322 515/1928/400

vt -2.09347 2.63778
v 27.9506 20.6063 -21.7259
vt -2.54085 5.65571
vn 0.491084 0.216969 0.843659
vt -3.49184 5.40238
f 437/1929/322 516/1930/401 515/1931/400

vt -2.35342 4.06439
vt -3.05931 5.65478
vt -2.71089 2.62383
f 441/1932/326 516/1933/401 437/1934/322

vt -2.3562 4.06335
v 28.1472 20.4283 -22.0999
vt -2.62045 5.45867
vn 0.87384 0.228156 0.429359
vt -3.06151 5.654
f 441/1935/326 517/1936/402 516/1937/401

vt -2.31312 4.27552
v 28.1474 20.3003 -22.5406
vt -2.03107 5.60014
vn 0.867438 0.0664636 -0.493086
vt -2.41526 5.69196
f 441/1938/326 518/1939/403 517/1940/402

vt -1.63748 4.32674
vt -1.60107 5.65341
vt -1.94812 4.34431
f 442/1941/327 518/1942/403 441/1943/326

vt -0.931597 4.36324
vt -0.449843 5.97258
vt -0.831115 5.6866
f 442/1944/327 443/1945/328 518/1946/403

vt -0.585372 6.07241
v 27.9208 21.2387 -22.5925
vt -0.827799 7.41832
vn 0.802191 0.0327611 -0.596167
vt -0.963955 5.78288
f 443/1947/328 519/1948/404 518/1949/403

vt -0.590086 6.07177
vt -0.221343 7.27149
vt -0.833066 7.41758
f 443/1950/328 444/1951/329 519/1952/404

vt -0.869277 7.33717
vt -0.257208 7.19255
vt -0.863187 8.51757
f 519/1953/404 444/1954/329 445/1955/330

v 27.9315 21.214 -22.2274
vt -2.47504 7.04118
vn 0.861642 0.230004 0.452406
vt -2.17473 7.18906
vt -2.26374 8.36612
f 520/1956/405 519/1957/404 445/1958/330

vt -2.13596 5.56017
vt -2.23868 7.19805
vt -2.53792 7.04802
f 518/1959/403 519/1960/404 520/1961/405

vt -2.40826 5.69506
vt -2.02418 5.60278
vt -2.39402 7.09894
f 517/1962/402 518/1963/403 520/1964/405

vt -3.08166 5.5618
vt -2.64156 5.3643
vt -2.83002 6.75554
f 516/1965/401 517/1966/402 520/1967/405

vt -3.07589 5.5525
vt -2.82654 6.74671
v 27.6857 21.3873 -21.7291
vt -3.39213 6.89983
vn 0.492192 0.190162 0.849462
f 516/1968/401 520/1969/405 521/1970/406

vt -2.82614 6.75271
vt -2.74256 8.09179
vt -3.39177 6.90571
f 520/1971/405 445/1972/330 521/1973/406

vt -3.36018 7.09467
vt -2.67781 8.26197
v 27.6715 22.6313 -22.1203
vt -3.22826 9.31583
vn 0.717636 0.100722 0.689096
f 521/1974/406 445/1975/330 522/1976/407

vt -2.55732 8.3063
vt -2.45538 9.52063
vt -3.0964 9.36602
f 445/1977/330 446/1978/331 522/1979/407

vt -2.34548 8.81269
vt -2.56938 9.35857
vt -2.98548 8.65392
f 446/1980/331 449/1981/334 522/1982/407

vt -3.28038 9.2874
vt -2.82868 9.96977
vt -3.57865 10.7086
f 522/1983/407 449/1984/334 450/1985/335

vt -3.22622 9.32103
vt -3.50105 10.7469
v 27.4009 22.7734 -21.6363
vt -3.8043 9.42328
vn 0.389413 0.131544 0.911621
f 522/1986/407 450/1987/335 523/1988/408

vt -3.71036 9.44969
vt -3.39638 10.7709
v 27.2486 23.6473 -21.4266
vt -4.07021 10.8726
vn 0.35886 0.163551 0.918951
f 523/1989/408 450/1990/335 524/1991/409

vt -3.41204 10.6818
vt -2.92163 11.9584
vt -4.08589 10.7835
f 450/1992/335 451/1993/336 524/1994/409

vt -4.02504 10.682
vt -2.86409 11.8602
v 27.289 24.5799 -21.8498
vt -3.84313 12.389
vn 0.254593 0.206526 0.944738
f 524/1995/409 451/1996/336 525/1997/410

vt -3.77754 12.5432
vt -2.79762 12.0161
v 27.3967 25.298 -22.0754
vt -3.59776 13.8245
vn 0.231612 0.172251 0.957437
f 525/1998/410 451/1999/336 526/2000/411

vt -2.69328 12.0564
v 28.065 25.8683 -22.7936
vt -2.38287 15.0392
vn 0.498032 0.0744392 0.863958
vt -3.48933 13.8665
f 451/2001/336 527/2002/412 526/2003/411

vt -3.09629 11.9117
v 28.0755 25.0222 -23.0689
vt -2.60062 13.5452
vn 0.989073 -0.0659392 0.131861
vt -2.923 14.9056
f 451/2004/336 528/2005/413 527/2006/412

vt -3.10204 11.9288
v 28.0042 24.4384 -22.9623
vt -2.65409 12.5376
vn 0.975539 -0.111552 0.189421
vt -2.60263 13.5612
f 451/2007/336 529/2008/414 528/2009/413

vt -2.91468 11.1837
vt -2.27407 11.1657
vt -2.50137 11.8165
f 451/2010/336 452/2011/337 529/2012/414

vt -1.53229 11.7183
vt -1.84648 13.3695
vt -1.81953 12.345
f 452/2013/337 528/2014/413 529/2015/414

vt -1.55872 11.7123
vt -1.60215 14.7374
vt -1.87068 13.364
f 452/2016/337 453/2017/338 528/2018/413

vt -1.94318 13.3967
vt -1.6691 14.769
v 28.1547 25.6956 -23.171
vt -1.98352 14.5719
vn 0.975678 -0.161523 0.148196
f 528/2019/413 453/2020/338 530/2021/415

vt -1.73534 13.5139
vt -1.42668 13.7199
v 28.4695 26.4538 -23.278
vt -1.93353 14.8939
vn 0.964244 -0.241315 0.10955
f 530/2022/415 453/2023/338 531/2024/416

vt -1.05035 14.16
v 28.5386 26.9764 -23.6748
vt -1.46065 16.3313
vn 0.43715 -0.205962 -0.875488
vt -1.61648 15.3065
f 453/2025/338 532/2026/417 531/2027/416

vt -0.301105 16.8938
vt 0.309842 14.7702
vt 0.980193 15.5806
f 532/2028/417 453/2029/338 454/2030/339

v 28.4239 27.599 -23.7349
vt 0.171807 18.2881
vn 0.033384 0.103249 -0.994095
vt 0.0171793 17.2133
vt 1.29918 15.9008
f 533/2031/418 532/2032/417 454/2033/339

vt -0.0290285 18.2994
v 28.7748 27.7503 -23.5388
vt -0.578423 18.499
vn 0.598759 0.0714195 -0.797738
vt -0.176367 17.2236
f 533/2034/418 534/2035/419 532/2036/417

vt -0.176172 17.1464
vt 0.361909 16.9181
v 28.6401 27.7823 -23.5396
vt 0.0194454 17.2093
vn 0.0648444 0.866208 0.495458
f 534/2037/419 533/2038/418 535/2039/420

vt 0.884145 14.4441
vt 1.14965 14.0813
v 28.0439 27.6656 -23.5169
vt 1.73633 14.1541
vn -0.215961 0.962146 -0.166241
f 535/2040/420 533/2041/418 536/2042/421

vt 1.66508 12.0962
vt 1.08063 12.0072
v 27.4981 27.5941 -23.5152
vt 2.44949 11.8859
vn -0.168461 0.973526 -0.154492
f 536/2043/421 533/2044/418 537/2045/422

vt 1.0734 12.3475
v 27.1592 27.3919 -23.7939
vt 2.88104 11.789
vn -0.0273897 0.297065 -0.954464
vt 2.44262 12.2303
f 533/2046/418 538/2047/423 537/2048/422

vt 3.78911 14.6673
vt 2.67455 15.7977
vt 0.825399 16.1979
f 455/2049/340 538/2050/423 533/2051/418

vt 3.51669 16.143
v 26.1491 27.1333 -24.1158
vt 3.81888 16.7942
vn 0.00219062 0.136713 -0.990608
vt 2.30774 17.1717
f 455/2052/340 539/2053/424 538/2054/423

vt 5.57092 16.0422
vt 3.97134 16.8513
vt 3.64916 16.2098
f 456/2055/341 539/2056/424 455/2057/340

vt 4.13562 15.5537
vt 5.69562 14.6707
v 24.9547 27.246 -23.872
vt 5.90226 15.6997
vn -0.0666018 0.341503 -0.937518
f 539/2058/424 456/2059/341 540/2060/425

vt 5.74527 15.874
vt 5.58836 14.8362
vt 7.41666 14.6182
f 540/2061/425 456/2062/341 457/2063/342

vt 5.9831 13.9763
vt 7.53317 12.5735
v 23.8099 26.9402 -24.034
vt 7.62704 13.3516
vn -0.0667995 0.466937 -0.881764
f 540/2064/425 457/2065/342 541/2066/426

vt 7.32465 14.2791
vt 7.33627 13.4955
v 22.7295 26.7426 -24.372
vt 8.93254 13.9638
vn -0.0119376 0.264835 -0.96422
f 541/2067/426 457/2068/342 542/2069/427

vt 7.41235 14.5314
vt 8.38661 13.6552
vt 9.02208 14.9511
f 457/2070/342 458/2071/343 542/2072/427

vt 8.42904 13.5755
vt 10.0501 13.5975
vt 9.11844 14.8436
f 458/2073/343 461/2074/346 542/2075/427

vt 9.40961 13.9282
vt 10.0507 14.9467
vt 8.42965 14.9268
f 460/2076/345 461/2077/346 458/2078/343

vt 9.10537 14.98
vt 10.046 13.7407
v 21.7892 26.6195 -24.409
vt 10.4847 14.7508
vn -0.0341255 0.216702 -0.975641
f 542/2079/427 461/2080/346 543/2081/428

vt 10.4869 14.7444
vt 10.0469 13.7348
vt 11.4494 14.6792
f 543/2082/428 461/2083/346 462/2084/347

vt 10.5038 12.3054
vt 11.4653 12.2267
vt 11.7704 12.6775
f 543/2085/428 462/2086/347 463/2087/348

vt 10.5019 12.2494
vt 11.7678 12.6241
v 21.8338 26.9371 -23.9692
vt 10.4629 12.8333
vn -0.0820255 0.542277 -0.836186
f 543/2088/428 463/2089/348 544/2090/429

vt 10.4888 5.50822
vt 11.7469 5.10366
v 20.9401 26.9881 -23.6156
vt 11.8346 5.47138
vn -0.0746619 0.920089 -0.384527
f 544/2091/429 463/2092/348 545/2093/430

vt 11.8514 6.60847
vt 11.8031 6.23354
vt 13.3797 6.57356
f 545/2094/430 463/2095/348 466/2096/351

v 21.0289 27.0506 -22.9872
vt -11.668 0.374858
vn -0.0690057 0.798658 0.597816
vt -11.7719 0.918513
vt -13.2979 0.828509
f 546/2097/431 545/2098/430 466/2099/351

v 21.5739 27.0919 -23.3052
vt -6.85673 -4.56066
vn -0.191539 0.981475 -0.0044528
vt -7.75632 -4.9423
vt -7.31848 -5.28091
f 547/2100/432 545/2101/430 546/2102/431

vt 10.4532 1.57315
vt 11.7968 1.48881
vt 10.9781 2.02233
f 544/2103/429 545/2104/430 547/2105/432

v 21.8832 27.141 -23.4865
vt 8.73118 3.69433
vn -0.12979 0.983802 -0.123649
vt 8.47188 3.28657
vt 9.14815 3.42792
f 548/2106/433 544/2107/429 547/2108/432

v 22.8758 27.0881 -23.6475
vt 8.88298 9.11781
vn -0.00371486 0.797617 -0.603153
vt 10.4082 8.74423
vt 10.3455 9.22336
f 549/2109/434 544/2110/429 548/2111/433

vt 9.02993 9.81854
vt 10.3414 10.2485
vt 8.80417 10.5694
f 542/2112/427 544/2113/429 549/2114/434

vt 9.14851 12.2506
vt 10.5187 11.9722
vt 10.4943 12.5569
f 542/2115/427 543/2116/428 544/2117/429

vt 7.55251 9.5706
vt 9.12008 9.09371
vt 8.94327 9.85758
f 541/2118/426 542/2119/427 549/2120/434

v 23.6277 27.1304 -23.476
vt 7.51865 7.96705
vn -0.142076 0.903257 -0.404896
vt 7.29259 7.4324
vt 8.6337 7.8993
f 550/2121/435 541/2122/426 549/2123/434

v 24.6932 27.3575 -23.499
vt 6.5049 7.43569
vn -0.218524 0.974698 -0.0470222
vt 7.42099 6.24487
vt 7.8841 6.59484
f 551/2124/436 541/2125/426 550/2126/435

vt 6.07047 8.18251
vt 7.54479 7.22376
vt 6.55075 8.35033
f 540/2127/425 541/2128/426 551/2129/436

vt 6.08899 6.93439
vt 6.55118 7.14701
v 25.4297 27.4528 -23.4697
vt 5.52897 7.53927
vn -0.114801 0.955368 -0.2722
f 540/2130/425 551/2131/436 552/2132/437

vt -4.06835 4.51117
vt -5.10878 4.17014
v 25.4737 27.4386 -23.1237
vt -3.91487 4.23207
vn -0.0707458 0.695184 0.715342
f 552/2133/437 551/2134/436 553/2135/438

vt -3.98113 7.62019
vt -5.17579 7.57502
v 24.8385 27.2544 -22.7627
vt -4.7887 6.93866
vn -0.0582253 0.540412 0.839384
f 553/2136/438 551/2137/436 554/2138/439

vt -5.71223 7.4658
v 23.3597 27.153 -22.9671
vt -7.5824 6.59627
vn -0.052589 0.820625 0.569042
vt -5.40362 6.78789
f 551/2139/436 555/2140/440 554/2141/439

vt 1.66108 -1.87069
vt 1.48931 -3.47684
vt 1.87394 -3.92211
f 551/2142/436 550/2143/435 555/2144/440

vt -7.03328 -0.173798
vt -8.14612 -0.271322
vt -7.32218 -0.68639
f 550/2145/435 549/2146/434 555/2147/440

vt -8.52792 2.39458
vt -8.97542 3.20137
vt -10.3804 3.62117
f 555/2148/440 549/2149/434 548/2150/433

vt -7.94168 3.8208
vt -10.1373 4.16052
v 21.8815 27.1171 -22.8356
vt -10.106 3.57708
vn -0.0693845 0.730298 0.679596
f 555/2151/440 548/2152/433 556/2153/441

vt -8.78593 1.89052
vt -9.15838 1.56476
vt -8.59211 1.33933
f 548/2154/433 547/2155/432 556/2156/441

vt -9.21562 0.643776
vt -9.75674 0.924246
vt -10.4636 0.44221
f 556/2157/441 547/2158/432 546/2159/431

v 21.7752 26.9589 -22.4133
vt -9.82097 9.3165
vn -0.0535618 0.518783 0.853226
vt -9.71954 9.8392
vt -10.9805 9.74928
f 557/2160/442 556/2161/441 546/2162/431

v 22.7162 27.0651 -22.4761
vt -8.70137 10.0881
vn -0.0197548 0.530902 0.847203
vt -9.95384 10.346
vt -10.0751 9.82749
f 558/2163/443 556/2164/441 557/2165/442

vt -9.00292 7.12094
vt -8.06505 7.62178
vt -10.2368 7.45672
f 558/2166/443 555/2167/440 556/2168/441

vt -8.31718 10.3408
vt -9.29288 9.91835
v 23.8104 26.9113 -22.1779
vt -7.70947 9.40822
vn 0.00837763 0.460386 0.887679
f 555/2169/440 558/2170/443 559/2171/444

vt -7.45143 11.9403
vt -9.06117 12.3601
v 23.1473 26.5904 -21.5322
vt -8.42569 11.0641
vn 0.0016873 0.383548 0.92352
f 559/2172/444 558/2173/443 560/2174/445

vt -8.10714 11.1221
vt -8.79654 12.3902
v 22.0494 26.5738 -21.6856
vt -9.7282 11.1441
vn -0.0452807 0.400296 0.915266
f 560/2175/445 558/2176/443 561/2177/446

vt -8.84724 12.5594
vt -10.2265 12.3301
vt -9.78783 11.32
f 558/2178/443 557/2179/442 561/2180/446

vt -10.2169 12.3279
v 21.1208 26.921 -22.4378
vt -11.1794 12.2626
vn -0.0387783 0.517827 0.854606
vt -9.77686 11.3183
f 557/2181/442 562/2182/447 561/2183/446

vt -10.0999 8.08534
vt -11.2388 8.56976
vt -11.061 8.00156
f 557/2184/442 546/2185/431 562/2186/447

vt -11.3539 8.74711
v 19.3307 26.9663 -22.9434
vt -13.8458 8.51772
vn -0.0335353 0.708244 0.705171
vt -11.1899 8.17475
f 546/2187/431 563/2188/448 562/2189/447

vt -11.0992 3.15311
vt -12.784 3.30798
vt -13.5736 2.77959
f 546/2190/431 466/2191/351 563/2192/448

vt -12.4947 1.91433
vt -14.0613 1.64182
vt -13.2509 1.33906
f 466/2193/351 467/2194/352 563/2195/448

vt -14.0504 1.71331
vt -14.7886 2.16454
v 15.6812 26.9594 -23.1373
vt -19.4179 1.92319
vn 0.0203654 0.886357 0.462553
f 563/2196/448 467/2197/352 564/2198/449

vt -14.5949 -1.3955
vt -19.2536 -1.58368
vt -19.1954 -1.96491
f 467/2199/352 468/2200/353 564/2201/449

vt -14.3758 15.5743
vt -15.2804 16.5456
vt -14.6421 15.2954
f 468/2202/353 469/2203/354 564/2204/449

vt -20.8363 6.04829
v 14.8835 26.9576 -22.8261
vt -20.685 5.39248
vn 0.0152095 0.663616 0.747918
vt -19.5023 5.61164
f 469/2205/354 565/2206/450 564/2207/449

vt -20.8684 6.92188
v 12.6353 27.0654 -23.366
vt -23.9969 7.09534
vn 0.00412334 0.937662 0.347525
vt -20.7468 6.25992
f 469/2208/354 566/2209/451 565/2210/450

vt 20.4355 6.80461
vt 23.3799 6.92169
vt 23.5341 7.27003
f 469/2211/354 470/2212/355 566/2213/451

vt 23.949 4.31861
vt 23.7504 3.99356
vt 25.2201 4.1748
f 566/2214/451 470/2215/355 471/2216/356

vt -23.4347 2.10947
vt -24.7125 2.05016
vt -24.9253 1.27106
f 566/2217/451 471/2218/356 472/2219/357

vt -23.9532 7.97445
vt -25.5454 7.35035
v 12.7213 26.981 -22.7457
vt -23.8423 7.37253
vn 0.0282279 0.564946 0.824645
f 566/2220/451 472/2221/357 567/2222/452

vt -23.8525 11.9616
vt -25.5557 11.9464
v 12.2534 26.673 -21.9161
vt -24.5639 10.9837
vn 0.0555887 0.403105 0.913464
f 567/2223/452 472/2224/357 568/2225/453

vt -24.55 10.9521
vt -25.5451 11.9113
v 10.7665 26.751 -21.9769
vt -26.734 11.1484
vn -0.0641134 0.458974 0.886134
f 568/2226/453 472/2227/357 569/2228/454

vt -25.4026 10.2326
vt -26.7251 10.8668
vt -26.5642 9.42867
f 472/2229/357 473/2230/358 569/2231/454

vt -26.8756 13.2036
vt -28.4534 13.2087
vt -26.8449 11.7568
f 473/2232/358 474/2233/359 569/2234/454

vt -26.6671 11.0829
vt -28.3691 12.424
v 9.88091 26.8696 -22.2259
vt -27.968 11.4278
vn -0.0221222 0.422019 0.906317
f 569/2235/454 474/2236/359 570/2237/455

vt -28.4164 12.7524
v 9.08544 27.0471 -22.5769
vt -29.1907 12.2603
vn -0.00197785 0.427891 0.903828
vt -28.0302 11.7504
f 474/2238/359 571/2239/456 570/2240/455

vt -28.4492 13.6023
vt -30.5312 14.1521
vt -29.2313 13.1228
f 474/2241/359 475/2242/360 571/2243/456

vt -29.1351 12.8934
vt -30.4643 13.8847
v 8.10474 27.0519 -22.5572
vt -30.5775 12.8989
vn -0.0137748 0.390273 0.920596
f 571/2244/456 475/2245/360 572/2246/457

vt -30.47 13.9331
vt -32.499 13.8437
vt -30.5846 12.9475
f 475/2247/360 478/2248/363 572/2249/457

vt -30.4061 8.32907
vt -31.9578 8.7094
vt -32.4332 8.20231
f 475/2250/360 477/2251/362 478/2252/363

vt -30.1068 8.59095
vt -32.0152 8.87377
vt -30.5154 8.32338
f 476/2253/361 477/2254/362 475/2255/360

vt -32.2918 14.2709
vt -32.8699 13.7582
vt -30.3498 13.4364
f 478/2256/363 481/2257/366 572/2258/457

vt -32.3979 14.9625
vt -34.8667 15.6743
vt -32.9819 14.4565
f 478/2259/363 479/2260/364 481/2261/366

vt -32.7849 14.9815
v 9.04422 26.3352 -21.7822
vt -28.8447 13.1687
vn -0.0607588 0.304937 0.950432
vt -30.2628 14.6763
f 481/2262/366 573/2263/458 572/2264/457

vt -32.3413 15.9957
vt -31.6793 13.3548
vt -28.3725 14.2462
f 481/2265/366 482/2266/367 573/2267/458

vt -31.6121 12.9955
v 8.11337 24.8245 -21.1757
vt -29.6185 11.1163
vn -0.12697 0.253603 0.958939
vt -28.3065 13.8914
f 482/2268/367 574/2269/459 573/2270/458

vt -29.061 11.5622
vt -31.071 13.4238
vt -30.4938 10.4446
f 574/2271/459 482/2272/367 487/2273/372

vt -28.3489 10.2375
vt -29.7706 9.1058
v 7.77135 23.785 -20.7024
vt -28.767 8.3049
vn -0.14122 0.179977 0.973481
f 574/2274/459 487/2275/372 575/2276/460

vt -27.4634 9.7469
vt -28.4771 10.5349
v 6.89175 23.3181 -21.1624
vt -28.836 9.08884
vn -0.245399 0.150872 0.95761
f 575/2277/460 487/2278/372 576/2279/461

vt -27.3906 8.50801
vt -27.0426 9.95673
vt -28.1483 9.51371
f 576/2280/461 487/2281/372 488/2282/373

vt -26.2894 10.8099
vt -26.0919 9.35561
vt -25.5259 9.80856
f 488/2283/373 489/2284/374 576/2285/461

vt -27.8478 12.0457
vt -28.6246 13.0051
vt -29.1837 12.5437
f 490/2286/375 576/2287/461 489/2288/374

vt -29.2586 10.5892
vt -28.6786 12.1968
vt -30.0501 11.5366
f 490/2289/375 575/2290/460 576/2291/461

vt -27.7465 10.6252
vt -29.4511 12.2017
vt -30.0181 10.5895
f 492/2292/377 575/2293/460 490/2294/375

v 9.28994 23.9864 -20.3281
vt -27.8464 11.6047
vn -0.0481173 0.17545 0.983312
vt -30.1085 11.3746
vt -28.3936 9.80927
f 577/2295/462 575/2296/460 492/2297/377

vt -27.7486 10.6494
v 9.12283 24.3743 -20.4846
vt -28.0029 11.3529
vn -0.0781695 0.224845 0.971254
vt -30.0108 10.4193
f 577/2298/462 578/2299/463 575/2300/460

vt -28.8644 11.2613
vt -28.6163 10.5556
v 11.1319 25.3244 -20.7119
vt -25.9117 12.939
vn 0.00552574 0.224159 0.974537
f 578/2301/463 577/2302/462 579/2303/464

vt -26.068 13.2176
vt -28.7785 10.8409
v 12.0413 24.1088 -20.3503
vt -24.7316 11.0487
vn 0.00131732 0.199489 0.979899
f 579/2304/464 577/2305/462 580/2306/465

vt -28.7868 11.0209
v 10.5499 22.6449 -20.0363
vt -26.9359 8.66103
vn -0.0299873 0.167125 0.98548
vt -24.7399 11.2284
f 577/2307/462 581/2308/466 580/2309/465

vt -26.2433 9.25439
vt -28.0879 11.6191
vt -28.6318 9.8226
f 581/2310/466 577/2311/462 492/2312/377

vt -29.7247 7.05961
vt -26.4592 8.34809
vt -28.8478 8.91597
f 493/2313/378 581/2314/466 492/2315/377

vt -28.0195 6.11018
vt -26.6222 8.79427
vt -29.8886 7.508
f 494/2316/379 581/2317/466 493/2318/378

v 14.5583 22.3044 -19.9667
vt -21.0212 8.30687
vn -0.00549779 0.153154 0.988187
vt -26.9162 8.91312
vt -28.3106 6.22754
v 11.4909 21.6279 -19.9252
vt -25.5348 7.15544
vn -0.0003341 0.12328 0.992372
f 582/2319/467 581/2320/466 494/2321/379 583/2322/468 

vt -26.9418 8.66701
vt -21.0468 8.06097
vt -24.7457 11.2343
f 581/2323/466 582/2324/467 580/2325/465

vt -21.0243 8.08614
v 14.8885 24.0295 -20.3117
vt -20.5358 11.1072
vn -0.00599582 0.200356 0.979705
vt -24.7235 11.2591
f 582/2326/467 584/2327/469 580/2328/465

vt -21.0138 8.08367
v 18.7109 23.4775 -20.1542
vt -14.9038 10.1154
vn -0.00894124 0.175554 0.984429
vt -20.5254 11.1047
f 582/2329/467 585/2330/470 584/2331/469

v 18.1198 21.7293 -19.9362
vt -15.8355 7.26584
vn -0.0113443 0.125451 0.992035
vt -14.9625 10.2893
vt -21.0723 8.2572
f 586/2332/471 585/2333/470 582/2334/467

v 21.8349 21.7866 -19.8444
vt -10.2726 7.30764
vn -0.012971 0.138837 0.99023
vt -14.8638 10.2686
vt -15.7382 7.24559
f 587/2335/472 585/2336/470 586/2337/471

v 21.732 23.1418 -19.9903
vt -10.3755 9.71371
vn -0.00930349 0.179587 0.983698
vt -14.8197 10.3368
vt -10.2291 7.37476
f 588/2338/473 585/2339/470 587/2340/472

vt -14.8935 9.79065
vt -10.4495 9.16597
v 18.8988 24.6885 -20.5621
vt -14.6175 11.9657
vn -0.0105066 0.227091 0.973817
f 585/2341/470 588/2342/473 589/2343/474

vt -14.5364 12.0904
vt -10.3652 9.29542
v 21.3279 24.4838 -20.388
vt -10.9615 11.6874
vn -0.0232973 0.219389 0.975359
f 589/2344/474 588/2345/473 590/2346/475

vt -10.4054 9.28899
v 23.9292 25.2401 -20.5187
vt -7.17373 12.9959
vn 0.0323196 0.222719 0.974347
vt -11.0005 11.6812
f 588/2347/473 591/2348/476 590/2349/475

v 23.7568 22.9752 -20.0154
vt -7.59115 9.17784
vn 0.0176378 0.172014 0.984937
vt -7.3321 13.1599
vt -10.5688 9.45742
f 592/2350/477 591/2351/476 588/2352/473

vt -7.37873 9.15484
v 24.378 24.5434 -20.338
vt -6.46403 11.9035
vn 0.0774969 0.216008 0.973311
vt -7.12427 13.1372
f 592/2353/477 593/2354/478 591/2355/476

vt -7.05004 12.1039
vt -7.96608 9.35571
v 24.7727 22.9518 -20.2072
vt -6.46424 9.36885
vn 0.0730413 0.175897 0.981695
f 593/2356/478 592/2357/477 594/2358/479

vt -7.96335 9.02637
v 25.3107 21.7778 -19.9501
vt -5.68207 6.97139
vn 0.0964017 0.12587 0.987352
vt -6.46151 9.03953
f 592/2359/477 595/2360/480 594/2361/479

v 24.2884 21.4034 -19.7785
vt -6.98146 6.5244
vn 0.0534324 0.124173 0.990821
vt -5.4752 7.20568
vt -7.76024 9.25647
f 596/2362/481 595/2363/480 592/2364/477

vt -7.3829 7.14316
vt -5.96626 3.66428
vt -5.88463 7.84182
f 596/2365/481 513/2366/398 595/2367/480

vt -6.27321 3.40946
vt -7.78335 6.84879
v 23.938 20.6362 -19.7305
vt -8.25686 5.5182
vn 0.0292622 0.0893302 0.995572
f 513/2368/398 596/2369/481 597/2370/482

vt -7.211 5.45526
vt -6.69302 6.76919
vt -10.3007 7.44371
f 597/2371/482 596/2372/481 587/2373/472

vt -6.72624 6.59758
vt -7.50478 9.32972
vt -10.3341 7.27134
f 596/2374/481 592/2375/477 587/2376/472

vt -7.56901 9.41231
vt -10.5467 9.69194
vt -10.3977 7.35315
f 592/2377/477 588/2378/473 587/2379/472

vt -6.98051 5.80496
vt -10.0618 7.8064
v 21.9073 20.5203 -19.9394
vt -9.97504 5.67245
vn -0.0309298 0.0788133 0.996409
f 597/2380/482 587/2381/472 598/2382/483

vt -10.3153 7.73258
v 19.7257 21.2557 -19.9056
vt -13.4202 6.84935
vn -0.0151553 0.10424 0.994437
vt -10.215 5.59922
f 587/2383/472 599/2384/484 598/2385/483

vt -10.2766 7.62946
vt -15.7422 7.56716
vt -13.3823 6.74899
f 587/2386/472 586/2387/471 599/2388/484

vt -13.2851 7.01207
vt -15.643 7.8361
v 19.497 20.336 -20.041
vt -13.6334 5.47632
vn -0.0126001 0.072778 0.997269
f 599/2389/484 586/2390/471 600/2391/485

vt -13.7787 5.3114
vt -15.7988 7.66216
v 16.7081 20.6499 -20.0253
vt -17.8794 5.84908
vn -0.00488594 0.0936882 0.99559
f 600/2392/485 586/2393/471 601/2394/486

vt -15.759 7.64165
vt -20.9946 8.6391
vt -17.8414 5.83071
f 586/2395/471 582/2396/467 601/2397/486

vt -17.9277 5.71002
vt -21.0868 8.5119
vt -25.5994 7.35639
f 601/2398/486 582/2399/467 583/2400/468

vt -17.8983 5.84022
vt -25.5687 7.49242
v 11.8363 20.5529 -20.0115
vt -25.064 5.68184
vn 0.0130024 0.0825272 0.996504
f 601/2401/486 583/2402/468 602/2403/487

vt -25.653 7.41116
vt -28.4268 6.47736
vt -25.1439 5.60182
f 583/2404/468 494/2405/379 602/2406/487

vt -28.4008 6.57812
vt -27.5612 4.29113
vt -25.1186 5.69972
f 494/2407/379 495/2408/380 602/2409/487

vt -25.232 5.69734
vt -27.6666 4.27498
vt -25.4115 3.59289
f 602/2410/487 495/2411/380 500/2412/385

vt -25.2005 4.4941
vt -27.4428 5.2173
vt -26.7458 3.5109
f 500/2413/385 495/2414/380 499/2415/384

vt -27.1712 5.8407
vt -27.9144 4.23541
vt -26.5094 4.12035
f 495/2416/380 496/2417/381 499/2418/384

vt -28.7005 4.14811
vt -26.448 4.71214
vt -27.8523 4.83455
f 498/2419/383 499/2420/384 496/2421/381

vt -28.1393 4.0926
vt -30.3947 3.46953
vt -28.9646 3.37893
f 496/2422/381 497/2423/382 498/2424/383

vt -25.389 5.30446
vt -25.5353 3.19745
vt -24.8815 3.61348
f 602/2425/487 500/2426/385 501/2427/386

v 14.7564 20.0921 -20.121
vt -20.7316 5.33625
vn -0.00423569 0.0511223 0.998683
vt -25.0231 6.1146
vt -24.5665 4.40918
f 603/2428/488 602/2429/487 501/2430/386

vt -20.7763 5.10728
vt -17.9039 6.03563
vt -25.0696 5.87578
f 603/2431/488 601/2432/486 602/2433/487

vt -15.7799 4.29985
vt -17.9237 6.0635
vt -20.7952 5.13254
f 503/2434/388 601/2435/486 603/2436/488

vt -13.7186 5.69791
vt -17.8179 6.24558
vt -15.6832 4.47083
f 600/2437/485 601/2438/486 503/2439/388

v 20.2664 19.2578 -20.382
vt -12.6528 3.93379
vn -0.012195 -0.00556549 0.99991
vt -13.7778 5.71836
vt -15.7385 4.48491
f 604/2440/489 600/2441/485 503/2442/388

vt -10.1939 6.04979
vt -13.7411 5.76319
vt -12.6198 3.97622
f 598/2443/483 600/2444/485 604/2445/489

vt -10.1579 5.73745
vt -13.3609 6.99327
vt -13.7055 5.45668
f 598/2446/483 599/2447/484 600/2448/485

v 21.8302 19.3676 -20.2853
vt -10.2593 4.12825
vn -0.0537851 0.0122195 0.998478
vt -10.1287 6.03432
vt -12.5619 3.96935
f 605/2449/490 598/2450/483 604/2451/489

v 22.7462 19.7534 -19.9528
vt -8.29682 4.94187
vn -0.0435985 0.0401179 0.998243
vt -9.49718 6.27327
vt -9.68145 4.37164
f 606/2452/491 598/2453/483 605/2454/490

vt -8.75709 4.44872
vt -6.98518 5.89262
vt -9.9797 5.75972
f 606/2455/491 597/2456/482 598/2457/483

v 23.5756 19.6767 -19.9571
vt -7.7481 4.45477
vn 0.0341565 0.00111453 0.999416
vt -7.20735 6.04624
vt -8.96746 4.58799
f 607/2458/492 597/2459/482 606/2460/491

vt -6.04282 3.68876
vt -7.97674 5.8432
vt -8.44214 4.22809
f 513/2461/398 597/2462/482 607/2463/492

vt -7.32782 2.8601
vt -5.96916 3.91167
vt -8.36336 4.47324
f 511/2464/396 513/2465/398 607/2466/492

vt -7.12853 2.88338
vt -5.75608 2.54964
vt -5.74291 3.89918
f 511/2467/396 512/2468/397 513/2469/398

vt -7.25404 2.97263
vt -8.27001 4.59817
v 23.3024 18.8843 -20.3862
vt -8.61154 3.27453
vn 0.0215464 -0.0970286 0.995048
f 511/2470/396 607/2471/492 608/2472/493

vt -8.04386 3.7055
vt -7.61859 5.00466
v 22.2438 18.6879 -20.5536
vt -9.60789 3.40464
vn -0.0467405 -0.0830563 0.995448
f 608/2473/493 607/2474/492 609/2475/494

vt -7.66472 5.01069
vt -8.88333 5.15055
vt -9.6481 3.40333
f 607/2476/492 606/2477/491 609/2478/494

vt -9.35777 3.5406
vt -8.55086 5.26876
vt -9.92765 4.67987
f 609/2479/494 606/2480/491 605/2481/490

vt -9.68568 4.91981
v 21.7365 18.7713 -20.6261
vt -9.87985 3.94588
vn -0.0529111 -0.0820385 0.995224
vt -9.13442 3.77142
f 605/2482/490 610/2483/495 609/2484/494

vt -12.6047 4.34151
vt -10.4498 3.5258
vt -10.3026 4.50793
f 604/2485/489 610/2486/495 605/2487/490

vt -12.9141 3.50262
vt -10.325 3.85989
vt -12.4688 4.70444
f 507/2488/392 610/2489/495 604/2490/489

vt -13.0047 3.65211
vt -10.5433 2.97071
vt -10.4204 4.04216
f 507/2491/392 509/2492/394 610/2493/495

vt -13.0857 3.35111
vt -11.6685 2.64927
vt -10.6155 2.7021
f 507/2494/392 508/2495/393 509/2496/394

vt -9.55404 5.02074
vt -9.78798 3.96795
vt -8.81383 4.82533
f 610/2497/495 509/2498/394 609/2499/494

vt -10.5319 3.18137
vt -8.13609 3.49573
vt -9.65937 4.142
f 509/2500/394 510/2501/395 609/2502/494

vt -9.84053 3.69228
vt -8.29715 3.0956
vt -8.28656 4.04142
f 609/2503/494 510/2504/395 608/2505/493

vt -8.41996 2.87426
vt -7.08692 3.47619
vt -8.4344 3.82003
f 510/2506/395 511/2507/396 608/2508/493

vt -15.2935 3.54433
vt -13.1553 3.12214
vt -12.7496 4.3379
f 505/2509/390 507/2510/392 604/2511/489

vt -15.2495 2.92019
vt -13.1095 3.32734
vt -15.2445 3.76577
f 506/2512/391 507/2513/392 505/2514/390

vt -15.1397 3.52457
vt -12.5818 4.27174
vt -15.6645 4.83936
f 505/2515/390 604/2516/489 503/2517/388

vt -16.8445 3.80882
vt -15.0605 3.65077
vt -15.5762 4.96916
f 504/2518/389 505/2519/390 503/2520/388

vt -15.7272 4.57915
vt -20.7399 5.42801
vt -20.6455 4.01379
f 503/2521/388 603/2522/488 502/2523/387

vt -20.7676 5.38861
vt -24.6003 4.45299
vt -20.6705 3.97457
f 603/2524/488 501/2525/386 502/2526/387

vt -6.03499 3.62907
vt -3.58363 5.33115
vt -5.97841 7.80703
f 513/2527/398 514/2528/399 595/2529/480

vt -6.23414 7.57759
vt -3.80258 5.13782
v 26.3879 21.4069 -20.501
vt -4.57531 7.10059
vn 0.210523 0.106919 0.971724
f 595/2530/480 514/2531/399 611/2532/496

vt -4.94334 6.91884
vt -4.13697 4.96964
v 27.1633 21.1168 -21.0974
vt -3.6873 6.59643
vn 0.263668 0.138343 0.954641
f 611/2533/496 514/2534/399 612/2535/497

vt -3.79444 4.92566
vt -2.98345 5.60869
vt -3.32885 6.54797
f 514/2536/399 515/2537/400 612/2538/497

vt -3.54961 5.40266
vt -2.98735 6.98221
vt -3.89372 6.34241
f 515/2539/400 521/2540/406 612/2541/497

vt -2.53317 5.62105
vt -2.92531 6.94827
vt -3.48409 5.36749
f 516/2542/401 521/2543/406 515/2544/400

vt -3.12115 7.16047
v 27.1746 22.2354 -21.1014
vt -4.10044 8.4207
vn 0.337377 0.163471 0.927067
vt -4.02698 6.5199
f 521/2545/406 613/2546/498 612/2547/497

vt -3.30085 7.02412
vt -3.20968 9.24733
vt -4.28205 8.28287
f 521/2548/406 522/2549/407 613/2550/498

vt -4.31028 8.33159
vt -3.23668 9.29468
vt -3.81483 9.39655
f 613/2551/498 522/2552/407 523/2553/408

vt -3.85115 7.89371
vt -3.38806 8.97313
v 26.6338 22.8598 -20.9439
vt -4.6562 8.92106
vn 0.220552 0.172218 0.960051
f 613/2554/498 523/2555/408 614/2556/499

vt -4.68156 9.52007
vt -3.41343 9.57224
v 26.7832 23.409 -20.9541
vt -4.51873 10.4675
vn 0.223131 0.11859 0.967548
f 614/2557/499 523/2558/408 615/2559/500

vt -3.52084 9.51094
vt -3.86454 10.9379
vt -4.63382 10.3966
f 523/2560/408 524/2561/409 615/2562/500

vt -3.70787 10.7748
v 26.588 23.9103 -20.8901
vt -4.78921 11.0671
vn 0.214297 0.210087 0.953908
vt -4.47884 10.2359
f 524/2563/409 616/2564/501 615/2565/500

vt -3.59253 12.2899
vt -4.82974 10.8741
vt -3.74876 10.5804
f 525/2566/410 616/2567/501 524/2568/409

vt -3.34703 11.8278
v 26.2939 24.9819 -21.3866
vt -4.86787 12.3889
vn 0.140907 0.251914 0.957436
vt -4.55826 10.3897
f 525/2569/410 617/2570/502 616/2571/501

v 26.5678 26.3983 -22.1152
vt -4.27112 15.4106
vn 0.112258 0.227469 0.967293
vt -4.78318 12.7899
vt -3.25915 12.2375
f 618/2572/503 617/2573/502 525/2574/410

vt -3.80859 15.1762
v 24.5295 26.3387 -21.5599
vt -6.837 14.9175
vn 0.0738043 0.305618 0.949289
vt -4.26345 12.5449
f 618/2575/503 619/2576/504 617/2577/502

vt -3.79569 14.8967
v 26.3602 27.0663 -22.4578
vt -4.07285 16.1485
vn 0.0415615 0.328761 0.943498
vt -6.82392 14.6359
f 618/2578/503 620/2579/505 619/2580/504

vt -4.01675 14.8613
v 27.6953 26.3881 -22.5819
vt -2.3163 14.9782
vn 0.15264 0.19986 0.967862
vt -4.27394 16.1174
f 618/2581/503 621/2582/506 620/2583/505

vt -2.33683 15.5449
vt -4.03741 15.43
vt -2.82478 13.5466
f 621/2584/506 618/2585/503 526/2586/411

vt -2.67439 13.6651
vt -3.89364 15.5442
vt -2.84576 12.3827
f 526/2587/411 618/2588/503 525/2589/410

vt -2.25317 14.9322
vt -2.84841 15.7527
vt -3.36072 13.7605
f 527/2590/412 621/2591/506 526/2592/411

v 28.5348 27.0686 -23.1324
vt -1.33641 17.2106
vn 0.341994 0.113874 0.932777
vt -2.61908 15.8988
vt -2.02571 15.0769
f 622/2593/507 621/2594/506 527/2595/412

v 28.4207 27.6759 -23.2831
vt -1.18226 17.9745
vn 0.0352635 0.413379 0.909876
vt -2.30963 15.5872
vt -1.02763 16.8997
f 623/2596/508 621/2597/506 622/2598/507

vt -2.15993 15.4708
vt -1.04415 17.8635
vt -4.12789 16.592
f 621/2599/506 623/2600/508 620/2601/505

vt -3.40299 12.0564
vt -0.439277 13.587
v 27.1549 27.497 -23.1762
vt -2.28842 13.1868
vn -0.0367201 0.585874 0.80957
f 620/2602/505 623/2603/508 624/2604/509

vt -0.0909605 8.31987
vt -1.46153 8.19906
vt -1.89323 7.74425
f 623/2605/508 537/2606/422 624/2607/509

vt -0.681543 8.63767
vt -1.46728 8.43244
vt -0.0964984 8.55087
f 536/2608/421 537/2609/422 623/2610/508

vt 0.237813 10.9014
vt -0.61211 10.6048
vt -0.0253638 10.5304
f 535/2611/420 536/2612/421 623/2613/508

v 28.7356 27.5706 -23.4072
vt -0.995544 16.5792
vn 0.570602 0.171178 0.803188
vt -1.10097 16.9947
vt -1.47024 16.7291
f 625/2614/510 535/2615/420 623/2616/508

vt -0.334322 17.3884
vt -0.531955 17.4446
vt -0.398517 17.0373
f 534/2617/419 535/2618/420 625/2619/510

vt -2.20992 17.7784
vt -2.2771 17.4278
vt -1.90711 16.4758
f 534/2620/419 625/2621/510 532/2622/417

v 28.6649 26.9995 -23.4057
vt -1.58975 17.0051
vn 0.985437 -0.16912 0.0176788
vt -1.29519 17.0436
vt -1.71851 17.9731
f 626/2623/511 532/2624/417 625/2625/510

vt -1.3721 15.1674
vt -1.24655 16.1963
vt -1.54096 16.1566
f 531/2626/416 532/2627/417 626/2628/511

vt -2.17945 15.9813
vt -1.97136 16.963
vt -2.27474 17.0024
f 531/2629/416 626/2630/511 622/2631/507

vt -1.98307 17.0788
vt -1.97703 18.0554
vt -2.28651 17.1177
f 626/2632/511 625/2633/510 622/2634/507

vt -1.31661 17.9499
vt -1.1666 16.8745
vt -0.839973 17.8063
f 623/2635/508 622/2636/507 625/2637/510

vt -2.79529 14.8294
vt -2.16443 15.9847
vt -2.2568 17.0061
f 527/2638/412 531/2639/416 622/2640/507

vt -2.54902 14.1923
vt -2.33225 15.5695
vt -2.90653 14.385
f 530/2641/415 531/2642/416 527/2643/412

vt -2.59919 13.5462
vt -2.56134 14.7215
vt -2.92303 14.9063
f 528/2644/413 530/2645/415 527/2646/412

vt -2.12153 8.60348
vt -1.66279 9.03098
v 26.8212 27.5221 -23.467
vt -2.64345 8.81144
vn -0.0829014 0.993491 -0.0781274
f 624/2647/509 537/2648/422 627/2649/512

vt 2.47245 12.0715
vt 2.90507 11.6245
vt 3.45082 11.842
f 537/2650/422 538/2651/423 627/2652/512

vt 2.59619 9.34861
v 25.9373 27.3601 -23.8191
vt 4.39138 9.24534
vn -0.0344809 0.467135 -0.883514
vt 3.1015 9.64825
f 538/2653/423 628/2654/513 627/2655/512

vt 2.53727 14.4908
vt 4.02323 14.0239
vt 4.33444 14.4311
f 538/2656/423 539/2657/424 628/2658/513

vt 4.43799 14.6121
vt 4.11198 14.2166
vt 5.87712 14.3797
f 628/2659/513 539/2660/424 540/2661/425

vt 5.45946 8.4063
vt 4.6659 8.26716
vt 6.06029 7.84193
f 552/2662/437 628/2663/513 540/2664/425

vt 3.36013 7.28452
vt 4.59306 6.73136
vt 5.37694 6.91743
f 627/2665/512 628/2666/513 552/2667/437

vt -2.68759 4.9117
vt -4.71886 4.63551
vt -4.61577 4.33413
f 627/2668/512 552/2669/437 553/2670/438

vt -2.3657 6.94948
vt -2.87147 7.19409
vt -4.83185 6.73763
f 624/2671/509 627/2672/512 553/2673/438

vt -2.44531 10.8852
vt -4.91573 10.7309
v 26.1399 27.357 -22.8005
vt -3.92698 10.4048
vn -0.00712996 0.448244 0.893883
f 624/2674/509 553/2675/438 629/2676/514

vt -3.80705 11.5934
vt -4.80395 11.8936
vt -5.71551 11.3591
f 629/2677/514 553/2678/438 554/2679/439

vt -3.88857 13.9845
vt -5.80027 13.7783
v 25.0539 26.9937 -22.3376
vt -5.4685 13.1377
vn -0.00226723 0.382661 0.923886
f 629/2680/514 554/2681/439 630/2682/515

vt -5.95515 13.6751
vt -7.46878 12.8165
vt -5.63952 13.0264
f 554/2683/439 559/2684/444 630/2685/515

vt -5.51527 10.9691
vt -7.6978 10.8264
vt -6.95746 9.99522
f 554/2686/439 555/2687/440 559/2688/444

vt -6.4735 12.9817
vt -5.69095 14.4171
vt -7.52166 14.2203
f 619/2689/504 630/2690/515 559/2691/444

vt -6.42844 12.8947
vt -3.73075 14.5006
vt -5.65256 14.3337
f 619/2692/504 620/2693/505 630/2694/515

vt -5.64968 14.2409
vt -3.72792 14.4085
vt -4.0501 15.05
f 630/2695/515 620/2696/505 629/2697/514

vt -3.9527 14.205
vt -2.74375 15.2338
vt -4.25489 14.8562
f 620/2698/505 624/2699/509 629/2700/514

vt -6.81549 12.5458
vt -7.80944 13.8283
vt -8.83762 13.0161
f 619/2701/504 559/2702/444 560/2703/445

v 23.5049 25.8442 -20.8334
vt -8.28301 12.3592
vn 0.0028359 0.278819 0.960339
vt -6.73187 13.4694
vt -8.75903 13.9174
f 631/2704/516 619/2705/504 560/2706/445

vt -7.92451 12.0888
vt -6.93458 14.3162
vt -8.50857 13.2387
f 591/2707/476 619/2708/504 631/2709/516

vt -7.63074 11.3455
vt -7.19734 14.8026
vt -8.24601 12.6022
f 593/2710/478 619/2711/504 591/2712/476

vt -7.01419 14.6263
vt -7.3868 11.1621
vt -4.46773 12.2246
f 619/2713/504 593/2714/478 617/2715/502

vt -4.45121 12.1336
vt -7.36899 11.0676
v 25.6518 23.9801 -20.4481
vt -5.50141 10.1196
vn 0.114847 0.178835 0.977153
f 617/2716/502 593/2717/478 632/2718/517

vt -5.05362 11.2065
vt -6.93237 12.1321
vt -6.34845 9.39662
f 632/2719/517 593/2720/478 594/2721/479

vt -5.40131 11.3808
vt -6.68615 9.56382
v 25.754 22.8985 -20.4997
vt -5.22322 9.55566
vn 0.13015 0.158084 0.978811
f 632/2722/517 594/2723/479 633/2724/518

vt -6.68953 8.95761
v 26.2321 22.0565 -20.339
vt -4.53795 7.46964
vn 0.162428 0.179053 0.970339
vt -5.22661 8.94946
f 594/2725/479 634/2726/519 633/2727/518

vt -5.91046 6.90092
vt -4.52825 7.48525
vt -6.68021 8.97268
f 595/2728/480 634/2729/519 594/2730/479

vt -6.23127 7.58463
vt -4.57251 7.10739
vt -4.85088 8.17325
f 595/2731/480 611/2732/496 634/2733/519

vt -5.3066 7.98452
vt -5.00445 6.92515
vt -3.79743 8.50766
f 634/2734/519 611/2735/496 613/2736/498

vt -4.94719 6.90712
vt -3.6911 6.58491
vt -3.7362 8.4866
f 611/2737/496 612/2738/497 613/2739/498

vt -5.15758 7.56236
vt -3.64826 8.08507
vt -4.46535 9.10287
f 634/2740/519 613/2741/498 614/2742/499

vt -5.54091 8.82108
vt -4.86991 7.33318
vt -4.19665 8.88208
f 633/2743/518 634/2744/519 614/2745/499

vt -4.03816 10.5733
vt -5.57488 9.5705
vt -4.23062 9.63149
f 615/2746/500 633/2747/518 614/2748/499

vt -3.93614 10.4952
vt -5.66798 11.3223
vt -5.47676 9.49843
f 615/2749/500 632/2750/517 633/2751/518

vt -4.28709 11.2549
vt -5.71201 11.2481
vt -3.97934 10.4228
f 616/2752/501 632/2753/517 615/2754/500

vt -4.28367 10.3826
vt -4.6318 12.3755
vt -5.70859 10.3756
f 616/2755/501 617/2756/502 632/2757/517

vt -10.8709 11.1953
vt -7.04744 12.5196
vt -7.67902 13.6441
f 590/2758/475 591/2759/476 631/2760/516

vt -10.8095 11.0723
vt -7.62174 13.5265
v 21.2853 25.4578 -20.8789
vt -10.8877 12.8834
vn -0.0318395 0.259513 0.965214
f 590/2761/475 631/2762/516 635/2763/520

vt -7.58024 13.2064
v 22.4643 26.1063 -21.1231
vt -9.12186 13.746
vn -0.0441894 0.308191 0.950297
vt -10.8453 12.5584
f 631/2764/516 636/2765/521 635/2766/520

vt -7.77602 12.3631
vt -8.31525 13.9006
vt -9.31197 12.9188
f 631/2767/516 560/2768/445 636/2769/521

vt -9.07429 12.3128
vt -8.09433 13.3114
vt -9.71541 13.3313
f 636/2770/521 560/2771/445 561/2772/446

vt -9.05087 12.3254
vt -9.69371 13.3428
v 21.375 26.2057 -21.4084
vt -10.6674 12.595
vn -0.0422383 0.321844 0.94585
f 636/2773/521 561/2774/446 637/2775/522

vt -9.63132 13.1325
v 21.182 26.6477 -21.9368
vt -10.9215 13.3463
vn -0.0360434 0.395148 0.91791
vt -10.6014 12.38
f 561/2776/446 638/2777/523 637/2778/522

vt -9.78689 11.2949
vt -11.1883 12.2409
vt -11.0736 11.5288
f 561/2779/446 562/2780/447 638/2781/523

vt -11.1704 11.6312
vt -11.2762 12.3448
v 19.6923 26.7395 -22.226
vt -13.3698 11.9159
vn -0.0230317 0.465948 0.884512
f 638/2782/523 562/2783/447 639/2784/524

vt -11.1038 9.87297
vt -13.7647 10.1745
vt -13.185 9.38721
f 562/2785/447 563/2786/448 639/2787/524

vt -14.0144 10.3427
v 18.7588 26.824 -22.5087
vt -14.8511 9.83965
vn -0.00615198 0.583774 0.811893
vt -13.4754 9.52701
f 563/2788/448 640/2789/525 639/2790/524

vt -13.9715 9.95585
vt -19.3426 10.0294
vt -14.8031 9.44418
f 563/2791/448 564/2792/449 640/2793/525

vt -15.0432 5.74992
vt -19.528 6.66511
vt -20.7142 6.46578
f 640/2794/525 564/2795/449 565/2796/450

vt -14.8541 12.0306
vt -20.5566 12.4229
v 15.8456 26.6124 -22.1275
vt -19.1356 11.4757
vn -0.000326756 0.438808 0.898581
f 640/2797/525 565/2798/450 641/2799/526

vt -19.3063 11.3254
vt -20.6932 12.3218
v 14.4757 26.7189 -22.2033
vt -21.3156 11.5852
vn 0.00504075 0.438618 0.898659
f 641/2800/526 565/2801/450 642/2802/527

vt -20.6395 11.753
vt -23.8197 11.7806
vt -21.2492 11.0059
f 565/2803/450 567/2804/452 642/2805/527

vt -20.6509 7.22862
vt -23.9447 7.87023
vt -23.831 7.26884
f 565/2806/450 566/2807/451 567/2808/452

vt -21.1404 11.756
vt -23.7265 12.4771
v 12.7145 26.6713 -22.147
vt -23.7301 11.6451
vn 0.0466156 0.388542 0.920251
f 642/2809/527 567/2810/452 643/2811/528

vt -23.9085 14.7189
vt -23.8022 15.544
vt -24.6109 14.6448
f 643/2812/528 567/2813/452 568/2814/453

vt -23.8422 16.2437
vt -24.5454 16.1782
v 12.419 25.9718 -21.3539
vt -24.399 14.765
vn 0.0437561 0.297035 0.953863
f 643/2815/528 568/2816/453 644/2817/529

vt -24.6832 15.3778
v 11.4722 25.9939 -21.1302
vt -25.8918 13.9447
vn 0.0308189 0.281917 0.958944
vt -24.4881 13.9705
f 568/2818/453 645/2819/530 644/2820/529

v 10.5434 26.2872 -21.3562
vt -27.095 13.4322
vn -0.114928 0.368234 0.922602
vt -25.7363 12.8313
vt -24.5665 14.2963
f 646/2821/531 645/2822/530 568/2823/453

vt -26.8798 14.0119
v 9.95297 25.4146 -20.7892
vt -27.7416 12.3325
vn -0.113414 0.291848 0.949717
vt -25.511 13.4344
f 646/2824/531 647/2825/532 645/2826/530

vt -13.184 2.97767
vt -13.2604 0.00514087
vt -13.0187 1.87727
f 569/2827/454 647/2828/532 646/2829/531

vt -28.8927 13.0514
vt -27.514 11.1042
vt -26.37 13.8488
f 573/2830/458 647/2831/532 569/2832/454

vt -27.7027 13.1595
vt -28.978 10.3674
vt -26.2444 11.2711
f 573/2833/458 574/2834/459 647/2835/532

vt -29.0342 10.6039
vt -27.4724 9.62182
vt -26.2996 11.5046
f 574/2836/459 578/2837/463 647/2838/532

vt -27.4043 9.71563
vt -28.9673 10.6958
vt -29.4054 8.7676
f 578/2839/463 574/2840/459 575/2841/460

vt -27.7115 13.2834
vt -28.931 11.4306
vt -25.9765 13.1052
f 647/2842/532 578/2843/463 579/2844/464

vt -27.7757 12.4831
vt -26.0411 12.3016
vt -25.5434 13.5816
f 647/2845/532 579/2846/464 645/2847/530

vt -26.3677 13.0073
v 12.1704 25.165 -20.8063
vt -24.8386 12.7589
vn 0.0307641 0.245268 0.968967
vt -25.8466 14.2779
f 579/2848/464 648/2849/533 645/2850/530

vt -26.3505 13.1771
vt -25.03 10.9985
vt -24.8212 12.9305
f 579/2851/464 580/2852/465 648/2853/533

vt -24.7333 10.7106
v 14.964 25.0335 -20.7366
vt -20.4346 12.3934
vn -0.00390046 0.251337 0.967892
vt -24.5436 12.6445
f 580/2854/465 649/2855/534 648/2856/533

vt -20.5525 10.5843
vt -20.4411 12.4193
vt -24.7401 10.7373
f 584/2857/469 649/2858/534 580/2859/465

vt -20.4284 12.4114
vt -20.5391 10.5763
vt -14.6408 11.7634
f 649/2860/534 584/2861/469 589/2862/474

vt -20.5742 10.8068
vt -14.9532 9.81466
vt -14.675 11.9895
f 584/2863/469 585/2864/470 589/2865/474

vt -20.4739 11.8562
vt -14.6874 11.1982
v 17.4847 25.8693 -21.3136
vt -16.7652 13.4678
vn -0.0123998 0.314346 0.949228
f 649/2866/534 589/2867/474 650/2868/535

vt -16.625 13.5689
vt -14.5322 11.3131
vt -11.0274 12.7245
f 650/2869/535 589/2870/474 635/2871/520

vt -14.588 11.5359
vt -11.0134 11.1289
vt -11.0805 12.9404
f 589/2872/474 590/2873/475 635/2874/520

vt -16.6612 13.2063
vt -11.0652 12.3523
vt -10.9407 13.8108
f 650/2875/535 635/2876/520 637/2877/522

vt -10.6702 12.098
vt -8.95549 13.2981
vt -10.5735 13.5586
f 635/2878/520 636/2879/521 637/2880/522

vt -16.5854 11.8052
vt -10.8681 12.4401
vt -11.1674 13.413
f 650/2881/535 637/2882/522 638/2883/523

vt -11.1037 12.8506
vt -13.3052 13.1178
vt -16.5112 11.2083
f 638/2884/523 639/2885/524 650/2886/535

vt -13.4804 14.1009
vt -19.1375 13.85
vt -16.7213 12.2513
f 639/2887/524 641/2888/526 650/2889/535

vt -13.4136 10.1768
vt -14.793 10.473
vt -19.0679 9.86984
f 639/2890/524 640/2891/525 641/2892/526

vt -21.2241 13.9489
v 14.5194 26.0405 -21.4055
vt -21.1674 12.4571
vn -0.00256126 0.323027 0.946386
vt -16.8076 12.1075
vt -19.2103 13.7263
f 642/2893/527 651/2894/536 650/2895/535 641/2896/526 

vt -21.1692 13.8089
vt -23.7594 13.7085
vt -21.1024 12.3175
f 642/2897/527 643/2898/528 651/2899/536

vt -21.0778 12.3707
vt -23.7381 13.7553
vt -24.1667 12.2346
f 651/2900/536 643/2901/528 644/2902/529

vt -24.1957 13.6123
vt -20.4521 11.7974
vt -21.1065 13.7417
f 644/2903/529 649/2904/534 651/2905/536

vt -24.5699 12.0322
vt -20.4612 11.7768
vt -24.204 13.5934
f 648/2906/533 649/2907/534 644/2908/529

vt -25.8931 14.3602
vt -24.8957 12.8343
vt -24.4894 14.3855
f 645/2909/530 648/2910/533 644/2911/529

vt -20.4626 11.8028
vt -16.7548 13.4164
vt -21.116 13.7474
f 649/2912/534 650/2913/535 651/2914/536

vt -28.8397 12.6615
vt -26.3196 13.467
vt -27.6333 13.7594
f 573/2915/458 569/2916/454 570/2917/455

vt -28.6978 13.7105
vt -28.7041 12.1692
vt -27.5067 13.2769
f 571/2918/456 573/2919/458 570/2920/455

vt -30.5754 14.8419
vt -29.1981 13.2969
vt -29.1331 14.8369
f 572/2921/457 573/2922/458 571/2923/456

vt -26.9997 12.4105
vt -24.4815 13.304
vt -26.6678 13.4726
f 646/2924/531 568/2925/453 569/2926/454

vt 1.4178 15.9137
vt 3.38575 17.0349
vt 0.302014 18.3064
f 454/2927/339 455/2928/340 533/2929/418

vt -1.9714 2.44639
vt -2.2231 3.98035
vt -2.55712 2.53418
f 440/2930/325 441/2931/326 437/2932/322

vt -1.75893 1.12478
vt -1.97619 2.40694
vt -2.56186 2.49504
f 438/2933/323 440/2934/325 437/2935/322

vt -29.3111 9.47338
vt -28.1539 7.72295
vt -27.875 10.1073
f 408/2936/293 410/2937/295 491/2938/376

vt -28.4474 7.74828
vt -27.0081 8.37499
vt -28.6499 9.09912
f 408/2939/293 491/2940/376 407/2941/292

vt -30.833 -0.926863
vt -30.6368 -1.19126
vt -30.4897 -0.0727457
f 278/2942/163 279/2943/164 414/2944/299

vt 6.93164 -11.7558
vt 6.70965 -12.2786
vt 6.89099 -12.6754
f 414/2945/299 268/2946/153 278/2947/163

vt -1.22226 -7.7474
vt -1.40197 -9.05114
vt -1.1404 -8.54691
f 267/2948/152 268/2949/153 414/2950/299

vt -3.6442 -6.58689
vt -3.97965 -7.92346
vt -3.91587 -8.72461
f 265/2951/150 267/2952/152 414/2953/299

vt -3.37372 -6.8372
vt -3.43495 -8.06668
vt -3.10558 -6.7286
f 266/2954/151 267/2955/152 265/2956/150

vt -29.4057 1.99462
vt -30.0575 -0.059339
vt -28.6128 1.71638
f 265/2957/150 414/2958/299 411/2959/296

vt -28.9304 3.33134
vt -28.1372 3.05383
vt -28.6328 4.80358
f 265/2960/150 411/2961/296 264/2962/149

vt -27.8703 5.02969
vt -27.3754 3.27975
vt -26.822 5.41514
f 264/2963/149 411/2964/296 409/2965/294

vt -27.1607 6.84015
vt -27.6297 4.37483
vt -26.5815 4.7603
f 397/2966/282 264/2967/149 409/2968/294

vt 29.1238 10.07
vt 30.4964 9.41191
vt 30.1375 10.858
f 384/2969/269 390/2970/275 382/2971/267

vt 30.5293 10.0991
vt 31.3208 11.0464
vt 29.9493 11.7066
f 387/2972/272 390/2973/275 384/2974/269

vt 28.7153 10.02
vt 30.9869 9.98439
vt 30.4199 11.5966
f 386/2975/271 387/2976/272 384/2977/269

vt 29.0095 11.7008
vt 26.0569 13.3785
vt 28.7615 10.9951
f 385/2978/270 349/2979/234 348/2980/233

vt 27.7971 13.6189
vt 26.0622 13.4407
vt 29.0166 11.7661
f 352/2981/237 349/2982/234 385/2983/270

vt 29.9929 11.4758
vt 27.2583 12.3765
vt 28.4311 10.4937
f 383/2984/268 352/2985/237 385/2986/270

vt 28.6863 14.1029
vt 27.228 12.2145
vt 29.9617 11.3108
f 356/2987/241 352/2988/237 383/2989/268

vt 32.2814 13.8091
vt 28.9759 14.705
vt 30.2878 11.9299
f 380/2990/265 356/2991/241 383/2992/268

vt 32.9712 16.6682
vt 29.0024 14.9186
vt 32.3092 14.0272
f 367/2993/252 356/2994/241 380/2995/265

vt 34.918 17.2984
vt 33.0129 16.7304
vt 32.3576 14.0877
f 370/2996/255 367/2997/252 380/2998/265

vt 4.97085 6.9191
vt 3.59046 7.50772
vt 3.31209 6.44186
f 245/2999/130 312/3000/197 310/3001/195

vt 4.96928 6.92732
vt 3.31045 6.45032
vt 2.53772 4.48755
f 245/3002/130 310/3003/195 244/3004/129

vt 30.0399 3.2434
vt 30.4731 1.8354
vt 33.3026 1.40379
f 270/3005/155 273/3006/158 269/3007/154

vt 30.0003 3.53699
vt 28.1713 2.67588
vt 30.4474 2.13332
f 270/3008/155 271/3009/156 273/3010/158

vt 19.1684 -7.12194
vt 18.844 -6.55398
vt 18.5225 -7.23541
f 189/3011/74 192/3012/77 190/3013/75

g Mesh26 Pillow_Abernathy_16_1 Pillow_Abernathy_SKU_EAN5489__28_1 Group1 Model

v 39.0233 17.9757 -21.9725
v 41.0242 17.9871 -22.1598
v 41.4119 18.0172 -21.7871
f 652/254/73 653/255/74 654/256/75

v 38.9527 18.0255 -22.5332
f 655/257/76 653/258/74 652/259/73

v 41.3476 18.0829 -22.5952
f 655/260/76 656/261/77 653/262/74

v 38.8334 18.2545 -23.0778
f 655/263/76 657/264/78 656/265/77

v 38.2197 18.0874 -22.8257
f 658/266/79 657/267/78 655/268/76

v 38.2298 18.7188 -23.8438
f 659/269/80 657/270/78 658/271/79

v 38.6693 18.9913 -23.9084
f 659/272/80 660/273/81 657/274/78

v 38.3684 19.8221 -24.5186
f 661/275/82 660/276/81 659/277/80

v 41.5 19.1677 -24.0135
f 662/278/83 660/279/81 661/280/82

v 41.3673 18.5953 -23.4928
f 662/281/83 663/282/84 660/283/81

v 44.0097 18.9639 -23.7705
f 662/284/83 664/285/85 663/286/84

v 43.9195 19.8997 -24.4621
f 665/287/86 664/288/85 662/289/83

v 45.8338 19.3159 -24.0967
f 666/290/87 664/291/85 665/292/86

v 45.0518 18.3927 -23.2244
f 664/293/85 666/294/87 667/295/88

v 46.7896 18.7418 -23.6263
f 667/296/88 666/297/87 668/298/89

v 48.4393 19.7909 -24.439
f 669/299/90 668/300/89 666/301/87

v 48.3548 18.8171 -23.7325
f 670/302/91 668/303/89 669/304/90

v 48.2552 18.3668 -23.2151
f 668/305/89 670/306/91 671/307/92

v 48.7632 18.2653 -23.2491
f 670/308/91 672/309/93 671/310/92

v 49.2762 19.0734 -24.1614
f 672/311/93 670/312/91 673/313/94

f 673/314/94 670/315/91 669/316/90

v 50.473 19.8359 -24.6469
f 673/317/94 669/318/90 674/319/95

v 48.3711 20.9543 -24.9483
f 674/320/95 669/321/90 675/322/96

v 46.2601 20.4687 -24.7437
f 675/323/96 669/324/90 676/325/97

f 669/326/90 666/327/87 676/328/97

f 666/329/87 665/330/86 676/331/97

v 43.1815 20.9464 -24.9143
f 676/332/97 665/333/86 677/334/98

v 38.0266 20.8074 -24.9601
f 665/335/86 678/336/99 677/337/98

f 665/338/86 661/339/82 678/340/99

f 662/341/83 661/342/82 665/343/86

v 36.1399 20.2777 -24.8407
f 678/344/99 661/345/82 679/346/100

v 36.7052 19.0481 -24.2166
f 679/347/100 661/348/82 680/349/101

f 661/350/82 659/351/80 680/352/101

v 37.1791 18.272 -23.3073
f 659/353/80 681/354/102 680/355/101

f 681/356/102 659/357/80 658/358/79

v 36.6656 17.9459 -22.2631
f 681/359/102 658/360/79 682/361/103

v 38.0538 17.9849 -22.3335
f 682/362/103 658/363/79 683/364/104

f 658/365/79 655/366/76 683/367/104

f 683/368/104 655/369/76 652/370/73

v 38.4881 17.9915 -21.7745
f 683/371/104 652/372/73 684/373/105

v 39.0191 18.0581 -21.5262
f 684/374/105 652/375/73 685/376/106

f 685/377/106 652/378/73 654/379/75

v 41.3001 18.1588 -21.3652
f 685/380/106 654/381/75 686/382/107

v 43.6136 18.064 -21.7653
f 654/383/75 687/384/108 686/385/107

v 43.7082 18.0654 -22.1823
f 654/386/75 688/387/109 687/388/108

f 656/389/77 688/390/109 654/391/75

v 43.9334 18.1773 -22.6828
f 656/392/77 689/393/110 688/394/109

f 656/395/77 663/396/84 689/397/110

v 41.2802 18.2522 -23.0208
f 690/398/111 663/399/84 656/400/77

f 657/401/78 663/402/84 690/403/111

f 660/404/81 663/405/84 657/406/78

f 657/407/78 690/408/111 656/409/77

v 43.8381 18.4771 -23.2337
f 663/410/84 691/411/112 689/412/110

f 663/413/84 664/414/85 691/415/112

f 691/416/112 664/417/85 667/418/88

f 691/419/112 667/420/88 689/421/110

v 44.8231 17.9958 -22.2658
f 689/422/110 667/423/88 692/424/113

v 45.0414 18.0663 -22.639
f 692/425/113 667/426/88 693/427/114

v 46.4993 18.2326 -22.8785
f 693/428/114 667/429/88 694/430/115

f 667/431/88 668/432/89 694/433/115

f 694/434/115 668/435/89 671/436/92

v 48.3074 18.0364 -22.6423
f 694/437/115 671/438/92 695/439/116

f 671/440/92 672/441/93 695/442/116

v 49.8023 18.0701 -22.7322
f 695/443/116 672/444/93 696/445/117

v 49.8244 18.3978 -23.4575
f 672/446/93 697/447/118 696/448/117

v 50.1052 19.0044 -24.1207
f 697/449/118 672/450/93 698/451/119

f 698/452/119 672/453/93 673/454/94

f 698/455/119 673/456/94 674/457/95

v 51.6817 18.8302 -23.35
f 699/458/120 698/459/119 674/460/95

v 50.7257 18.3006 -23.0722
f 700/461/121 698/462/119 699/463/120

f 700/464/121 697/465/118 698/466/119

f 696/467/117 697/468/118 700/469/121

v 51.0387 17.9047 -22.2417
f 696/470/117 700/471/121 701/472/122

v 51.648 18.1617 -22.7842
f 701/473/122 700/474/121 702/475/123

f 700/476/121 699/477/120 702/478/123

v 52.8549 17.8986 -22.4986
f 703/479/124 702/480/123 699/481/120

v 52.1865 17.7794 -22.2928
f 702/482/123 703/483/124 704/484/125

v 53.2427 17.5498 -21.9183
f 704/485/125 703/486/124 705/487/126

v 54.1939 17.5332 -22.0407
f 705/488/126 703/489/124 706/490/127

f 706/491/127 703/492/124 699/493/120

v 54.135 18.5961 -22.6578
f 706/494/127 699/495/120 707/496/128

v 53.3646 19.8066 -23.3834
f 707/497/128 699/498/120 708/499/129

v 51.8451 20.989 -24.7984
f 699/500/120 709/501/130 708/502/129

v 50.8244 20.5765 -24.8504
f 710/503/131 709/504/130 699/505/120

v 50.2933 22.1371 -25.1537
f 710/506/131 711/507/132 709/508/130

f 710/509/131 675/510/96 711/511/132

f 674/512/95 675/513/96 710/514/131

f 699/515/120 674/516/95 710/517/131

v 48.2694 22.2813 -25.26
f 711/518/132 675/519/96 712/520/133

v 45.5082 21.8361 -25.1451
f 712/521/133 675/522/96 713/523/134

f 675/524/96 676/525/97 713/526/134

f 713/527/134 676/528/97 677/529/98

v 41.3528 22.4364 -25.2832
f 713/530/134 677/531/98 714/532/135

v 37.1143 21.8099 -25.2067
f 714/533/135 677/534/98 715/535/136

f 677/536/98 678/537/99 715/538/136

f 715/539/136 678/540/99 679/541/100

v 34.869 21.0958 -24.8723
f 679/542/100 716/543/137 715/544/136

v 34.0547 20.1464 -23.9133
f 717/545/138 716/546/137 679/547/100

v 34.1489 21.4114 -24.6553
f 717/548/138 718/549/139 716/550/137

v 33.2509 21.1663 -23.915
f 719/551/140 718/552/139 717/553/138

v 33.1135 21.9502 -23.992
f 719/554/140 720/555/141 718/556/139

v 32.8376 21.0816 -23.3752
f 720/557/141 719/558/140 721/559/142

v 32.9937 19.971 -23.2968
f 722/560/143 721/561/142 719/562/140

v 32.6787 18.8061 -22.7324
v 32.4267 19.9025 -22.7126
f 723/563/144 724/564/145 721/565/142 722/566/143 

v 32.1605 18.8925 -22.2646
f 725/567/146 724/568/145 723/569/144

v 32.1427 19.5712 -22.1741
f 726/570/147 724/571/145 725/572/146

v 32.2433 20.0249 -22.1856
f 724/573/145 726/574/147 727/575/148

v 32.369 20.0141 -21.7009
f 727/576/148 726/577/147 728/578/149

v 32.1942 19.1403 -21.7267
f 728/579/149 726/580/147 729/581/150

v 32.1451 19.029 -22.0197
f 726/582/147 730/583/151 729/584/150

f 726/585/147 725/586/146 730/587/151

v 31.9006 18.3529 -21.9081
f 730/588/151 725/589/146 731/590/152

v 31.6442 17.6058 -21.9529
f 725/591/146 732/592/153 731/593/152

f 725/594/146 723/595/144 732/596/153

v 32.7737 17.9346 -22.4073
f 732/597/153 723/598/144 733/599/154

v 34.9688 18.7875 -23.4715
f 723/600/144 734/601/155 733/602/154

f 723/603/144 717/604/138 734/605/155

f 723/606/144 722/607/143 717/608/138

f 722/609/143 719/610/140 717/611/138

f 734/612/155 717/613/138 679/614/100

f 679/615/100 680/616/101 734/617/155

v 36.2234 18.3384 -23.2757
f 680/618/101 735/619/156 734/620/155

f 680/621/101 681/622/102 735/623/156

v 35.6628 18.0788 -22.7434
f 736/624/157 735/625/156 681/626/102

v 34.6904 18.113 -22.7954
f 735/627/156 736/628/157 737/629/158

v 33.3939 17.7261 -22.2028
f 738/630/159 737/631/158 736/632/157

f 737/633/158 738/634/159 733/635/154

v 32.395 17.4344 -22.0193
f 738/636/159 739/637/160 733/638/154

v 32.2672 17.3175 -21.8239
f 740/639/161 739/640/160 738/641/159

v 31.6193 17.2322 -21.7723
f 741/642/162 739/643/160 740/644/161

f 733/645/154 739/646/160 741/647/162

f 741/648/162 732/649/153 733/650/154

v 31.5262 17.4266 -21.7305
f 732/651/153 741/652/162 742/653/163

v 31.6408 17.2956 -21.5861
f 742/654/163 741/655/162 743/656/164

f 741/657/162 740/658/161 743/659/164

v 32.272 17.3397 -21.6563
f 743/660/164 740/661/161 744/662/165

v 33.1599 17.5796 -21.7716
f 744/663/165 740/664/161 745/665/166

f 740/666/161 738/667/159 745/668/166

v 34.1159 17.7388 -21.7712
f 745/669/166 738/670/159 746/671/167

v 35.3575 17.8535 -22.1812
f 746/672/167 738/673/159 747/674/168

f 738/675/159 736/676/157 747/677/168

f 736/678/157 682/679/103 747/680/168

f 682/681/103 736/682/157 681/683/102

v 36.0342 17.9513 -21.7983
f 747/684/168 682/685/103 748/686/169

v 36.9871 17.9865 -21.8005
f 748/687/169 682/688/103 749/689/170

f 682/690/103 683/691/104 749/692/170

f 749/693/170 683/694/104 684/695/105

v 38.0465 18.1613 -21.2963
f 749/696/170 684/697/105 750/698/171

f 750/699/171 684/700/105 685/701/106

v 38.9461 18.273 -21.1049
f 750/702/171 685/703/106 751/704/172

f 751/705/172 685/706/106 686/707/107

v 41.3472 18.409 -20.9615
f 751/708/172 686/709/107 752/710/173

v 43.7267 18.213 -21.3648
f 686/711/107 753/712/174 752/713/173

f 686/714/107 687/715/108 753/716/174

v 44.6984 18.0107 -21.7744
f 687/717/108 754/718/175 753/719/174

f 687/720/108 688/721/109 754/722/175

f 688/723/109 692/724/113 754/725/175

f 688/726/109 689/727/110 692/728/113

v 45.3606 17.9844 -21.7398
f 754/729/175 692/730/113 755/731/176

v 46.1141 18.0432 -21.8905
f 755/732/176 692/733/113 756/734/177

f 692/735/113 693/736/114 756/737/177

f 693/738/114 694/739/115 756/740/177

v 47.459 17.9601 -22.3882
f 756/741/177 694/742/115 757/743/178

f 694/744/115 695/745/116 757/746/178

v 47.9531 17.9436 -22.1534
f 757/747/178 695/748/116 758/749/179

v 49.6062 17.9657 -22.0537
f 758/750/179 695/751/116 759/752/180

f 695/753/116 696/754/117 759/755/180

v 51.2746 17.8241 -21.6928
f 759/756/180 696/757/117 760/758/181

f 696/759/117 701/760/122 760/761/181

v 52.3488 17.6141 -21.6366
f 760/762/181 701/763/122 761/764/182

f 701/765/122 704/766/125 761/767/182

f 701/768/122 702/769/123 704/770/125

f 761/771/182 704/772/125 705/773/126

v 53.1623 17.6121 -21.3979
f 761/774/182 705/775/126 762/776/183

v 53.8131 17.4252 -21.6047
f 762/777/183 705/778/126 763/779/184

f 705/780/126 706/781/127 763/782/184

v 54.4838 17.327 -21.7044
f 763/783/184 706/784/127 764/785/185

v 55.1809 17.2697 -21.5814
f 765/786/186 764/787/185 706/788/127

v 54.8969 17.3144 -21.5214
f 764/789/185 765/790/186 766/791/187

v 55.228 17.5796 -21.3593
f 766/792/187 765/793/186 767/794/188

v 55.372 17.4153 -21.5683
f 765/795/186 768/796/189 767/797/188

v 55.2518 17.4582 -21.8264
f 765/798/186 769/799/190 768/800/189

f 769/801/190 765/802/186 706/803/127

f 769/804/190 706/805/127 707/806/128

v 55.0464 18.0799 -22.037
f 707/807/128 770/808/191 769/809/190

v 54.7655 18.8964 -22.3069
f 707/810/128 771/811/192 770/812/191

v 53.899 20.2371 -23.2252
f 707/813/128 772/814/193 771/815/192

f 708/816/129 772/817/193 707/818/128

v 53.6805 20.7488 -23.472
f 708/819/129 773/820/194 772/821/193

v 52.9139 20.8236 -24.1412
f 774/822/195 773/823/194 708/824/129

v 53.6943 21.8058 -23.8379
f 774/825/195 775/826/196 773/827/194

v 52.7619 21.3828 -24.511
f 776/828/197 775/829/196 774/830/195

v 53.1571 22.3418 -24.2003
f 776/831/197 777/832/198 775/833/196

v 52.2836 22.2295 -24.6442
f 778/834/199 777/835/198 776/836/197

v 53.3076 22.8639 -24.3702
f 779/837/200 777/838/198 778/839/199

v 53.8214 22.4469 -23.6028
f 777/840/198 779/841/200 780/842/201

v 54.131 22.5313 -23.1506
f 780/843/201 779/844/200 781/845/202

v 53.7671 23.2461 -23.9967
f 781/846/202 779/847/200 782/848/203

v 53.1145 23.3153 -24.599
f 782/849/203 779/850/200 783/851/204

v 52.1845 23.2329 -25.0518
f 783/852/204 779/853/200 784/854/205

f 779/855/200 778/856/199 784/857/205

v 51.3065 22.1807 -24.9512
f 784/858/205 778/859/199 785/860/206

f 785/861/206 778/862/199 776/863/197

f 709/864/130 785/865/206 776/866/197

f 711/867/132 785/868/206 709/869/130

v 50.9136 23.7252 -25.3593
f 786/870/207 785/871/206 711/872/132

f 784/873/205 785/874/206 786/875/207

v 52.8162 24.4901 -24.4887
f 787/876/208 784/877/205 786/878/207

f 783/879/204 784/880/205 787/881/208

v 53.804 24.2661 -23.9052
f 788/882/209 783/883/204 787/884/208

f 788/885/209 782/886/203 783/887/204

v 54.176 24.0291 -23.4773
f 782/888/203 788/889/209 789/890/210

v 53.9102 25.0187 -23.9282
f 788/891/209 790/892/211 789/893/210

v 53.0834 26.0684 -24.2657
f 790/894/211 788/895/209 791/896/212

f 791/897/212 788/898/209 787/899/208

v 51.0527 25.8238 -24.7977
f 791/900/212 787/901/208 792/902/213

f 792/903/213 787/904/208 786/905/207

v 50.4641 24.4415 -25.4252
f 786/906/207 793/907/214 792/908/213

f 711/909/132 793/910/214 786/911/207

f 711/912/132 712/913/133 793/914/214

v 47.8631 23.6784 -25.3339
f 712/915/133 794/916/215 793/917/214

v 45.4205 23.9237 -25.2703
f 795/918/216 794/919/215 712/920/133

v 47.816 24.7599 -25.1932
f 795/921/216 796/922/217 794/923/215

v 44.0109 25.2831 -24.9707
f 797/924/218 796/925/217 795/926/216

v 47.9002 25.6409 -24.9396
f 797/927/218 798/928/219 796/929/217

v 47.7011 26.2323 -24.5896
f 797/930/218 799/931/220 798/932/219

v 46.2078 26.4111 -24.3673
f 799/933/220 797/934/218 800/935/221

v 42.3626 26.2497 -24.4706
f 800/936/221 797/937/218 801/938/222

v 40.992 26.3722 -24.4529
v 41.0449 25.4682 -24.9809
f 802/939/223 801/940/222 797/941/218 803/942/224 

v 42.2715 26.7698 -23.8973
f 801/943/222 802/944/223 804/945/225

v 40.9692 26.8657 -23.887
f 804/946/225 802/947/223 805/948/226

v 39.231 26.7948 -24.0516
f 805/949/226 802/950/223 806/951/227

v 39.2316 26.3045 -24.5142
f 802/952/223 807/953/228 806/954/227

f 802/955/223 803/956/224 807/957/228

v 38.9453 25.3815 -25.0353
f 803/958/224 808/959/229 807/960/228

v 41.5864 24.1544 -25.2782
f 808/961/229 803/962/224 809/963/230

f 809/964/230 803/965/224 797/966/218

f 809/967/230 797/968/218 795/969/216

v 45.2233 23.043 -25.2976
f 809/970/230 795/971/216 810/972/231

f 810/973/231 795/974/216 712/975/133

f 713/976/134 810/977/231 712/978/133

f 714/979/135 810/980/231 713/981/134

f 809/982/230 810/983/231 714/984/135

v 38.5771 23.2919 -25.3717
f 714/985/135 811/986/232 809/987/230

f 715/988/136 811/989/232 714/990/135

v 35.8259 23.1613 -25.3896
f 812/991/233 811/992/232 715/993/136

v 37.6656 24.5553 -25.4447
f 813/994/234 811/995/232 812/996/233

v 38.7023 24.4385 -25.2888
f 813/997/234 814/998/235 811/999/232

v 38.0017 25.3262 -25.2666
f 813/1000/234 815/1001/236 814/1002/235

v 36.4859 24.6632 -25.4176
f 816/1003/237 815/1004/236 813/1005/234

v 37.0706 25.6756 -25.1629
f 817/1006/238 815/1007/236 816/1008/237

v 38.7737 26.2288 -24.7389
f 817/1009/238 818/1010/239 815/1011/236

v 37.2863 26.319 -24.7276
f 817/1012/238 819/1013/240 818/1014/239

f 819/1015/240 817/1016/238 816/1017/237

v 35.5659 25.8582 -24.7972
f 820/1018/241 819/1019/240 816/1020/237

v 36.3977 26.5112 -24.5438
f 820/1021/241 821/1022/242 819/1023/240

v 35.5979 26.793 -24.2821
f 822/1024/243 821/1025/242 820/1026/241

v 36.1122 27.0839 -23.9274
f 823/1027/244 821/1028/242 822/1029/243

f 819/1030/240 821/1031/242 823/1032/244

v 37.7537 26.8682 -24.0575
f 824/1033/245 819/1034/240 823/1035/244

f 806/1036/227 818/1037/239 819/1038/240 824/1039/245 

f 807/1040/228 818/1041/239 806/1042/227

f 807/1043/228 808/1044/229 818/1045/239

f 818/1046/239 808/1047/229 815/1048/236

f 815/1049/236 808/1050/229 814/1051/235

f 814/1052/235 808/1053/229 809/1054/230

f 811/1055/232 814/1056/235 809/1057/230

v 37.807 27.1099 -23.4616
f 806/1058/227 824/1059/245 825/1060/246

v 37.0284 27.2016 -23.5273
f 825/1061/246 824/1062/245 826/1063/247

f 824/1064/245 823/1065/244 826/1066/247

v 36.0187 27.3013 -23.3871
f 826/1067/247 823/1068/244 827/1069/248

v 34.8979 27.3493 -23.7973
f 823/1070/244 828/1071/249 827/1072/248

f 823/1073/244 822/1074/243 828/1075/249

v 34.6176 26.7887 -24.3155
v 33.3054 27.307 -23.8816
f 822/1076/243 829/1077/250 830/1078/251 828/1079/249 

f 829/1080/250 822/1081/243 820/1082/241

v 32.908 27.0017 -24.0614
f 831/1083/252 829/1084/250 820/1085/241

f 830/1086/251 829/1087/250 831/1088/252

v 32.6348 27.5905 -23.5212
f 830/1089/251 831/1090/252 832/1091/253

v 31.7681 27.7245 -23.6061
f 832/1092/253 831/1093/252 833/1094/254

v 31.6258 27.3823 -23.7625
f 834/1095/255 833/1096/254 831/1097/252

v 31.3822 27.7801 -23.5113
f 834/1098/255 835/1099/256 833/1100/254

v 31.3706 27.6394 -23.4882
f 835/1101/256 834/1102/255 836/1103/257

v 31.2742 27.4031 -23.4534
f 836/1104/257 834/1105/255 837/1106/258

v 31.8782 26.0255 -23.6231
f 838/1107/259 837/1108/258 834/1109/255

v 31.5927 26.6407 -23.3942
f 837/1110/258 838/1111/259 839/1112/260

v 31.71 26.0468 -23.2318
f 839/1113/260 838/1114/259 840/1115/261

v 31.9253 25.4591 -23.1163
f 840/1116/261 838/1117/259 841/1118/262

v 32.4591 24.5364 -23.6832
f 838/1119/259 842/1120/263 841/1121/262

v 32.3865 25.6157 -23.9536
f 838/1122/259 843/1123/264 842/1124/263

f 843/1125/264 838/1126/259 834/1127/255

v 33.3244 25.41 -24.3537
f 844/1128/265 843/1129/264 834/1130/255

v 33.0692 24.6245 -24.2146
f 844/1131/265 845/1132/266 843/1133/264

v 33.6681 23.6235 -24.5852
f 844/1134/265 846/1135/267 845/1136/266

v 34.6399 24.2298 -24.8828
f 847/1137/268 846/1138/267 844/1139/265

v 34.3019 23.0915 -24.9904
f 847/1140/268 848/1141/269 846/1142/267

v 35.6576 23.5788 -25.3724
f 849/1143/270 848/1144/269 847/1145/268

f 812/1146/233 848/1147/269 849/1148/270

v 35.4675 22.1681 -25.0052
f 812/1149/233 850/1150/271 848/1151/269

f 715/1152/136 850/1153/271 812/1154/233

f 716/1155/137 850/1156/271 715/1157/136

f 718/1158/139 850/1159/271 716/1160/137

v 33.9537 22.2389 -24.4543
f 718/1161/139 851/1162/272 850/1163/271

f 718/1164/139 720/1165/141 851/1166/272

v 32.7864 22.3645 -23.4703
f 852/1167/273 851/1168/272 720/1169/141

v 33.082 22.5976 -24.0347
f 853/1170/274 851/1171/272 852/1172/273

v 33.415 22.8009 -24.4139
f 851/1173/272 853/1174/274 854/1175/275

v 32.9763 23.4574 -24.0258
f 855/1176/276 854/1177/275 853/1178/274

f 854/1179/275 855/1180/276 846/1181/267

f 846/1182/267 855/1183/276 845/1184/266

f 842/1185/263 845/1186/266 855/1187/276

f 845/1188/266 842/1189/263 843/1190/264

v 32.4368 23.6776 -23.1769
f 842/1191/263 855/1192/276 856/1193/277

v 32.6554 22.7749 -23.4557
f 856/1194/277 855/1195/276 857/1196/278

f 855/1197/276 853/1198/274 857/1199/278

f 853/1200/274 852/1201/273 857/1202/278

v 32.5298 22.5261 -22.9379
f 857/1203/278 852/1204/273 858/1205/279

v 32.5533 21.2237 -22.8604
f 852/1206/273 859/1207/280 858/1208/279

f 859/1209/280 852/1210/273 721/1211/142

f 852/1212/273 720/1213/141 721/1214/142

f 859/1215/280 721/1216/142 724/1217/145

v 32.3719 20.7404 -22.3082
f 859/1218/280 724/1219/145 860/1220/281

f 860/1221/281 724/1222/145 727/1223/148

f 860/1224/281 727/1225/148 728/1226/149

v 32.6548 21.4693 -21.7033
f 861/1227/282 860/1228/281 728/1229/149

v 32.4975 21.2912 -22.2667
f 862/1230/283 860/1231/281 861/1232/282

f 859/1233/280 860/1234/281 862/1235/283

v 32.4865 21.9588 -22.5188
f 863/1236/284 859/1237/280 862/1238/283

f 858/1239/279 859/1240/280 863/1241/284

v 32.4914 22.762 -22.4452
f 864/1242/285 858/1243/279 863/1244/284

f 856/1245/277 858/1246/279 864/1247/285

f 856/1248/277 857/1249/278 858/1250/279

v 32.4287 23.5754 -22.6418
f 865/1251/286 856/1252/277 864/1253/285

v 32.2043 24.5201 -22.956
f 866/1254/287 856/1255/277 865/1256/286

f 866/1257/287 842/1258/263 856/1259/277

f 841/1260/262 842/1261/263 866/1262/287

v 32.4492 24.7777 -22.2646
f 841/1263/262 866/1264/287 867/1265/288

v 32.3859 24.0102 -22.4864
f 866/1266/287 868/1267/289 867/1268/288

f 866/1269/287 865/1270/286 868/1271/289

v 32.6445 23.0405 -21.8942
f 868/1272/289 865/1273/286 869/1274/290

f 865/1275/286 864/1276/285 869/1277/290

v 32.7743 22.6583 -21.743
f 869/1278/290 864/1279/285 870/1280/291

f 870/1281/291 864/1282/285 861/1283/282

f 864/1284/285 863/1285/284 861/1286/282

f 863/1287/284 862/1288/283 861/1289/282

v 33.0933 22.4405 -21.1093
f 870/1290/291 861/1291/282 871/1292/292

v 33.2299 21.6755 -20.9209
f 871/1293/292 861/1294/282 872/1295/293

v 32.9784 20.3425 -21.1126
f 873/1296/294 872/1297/293 861/1298/282

v 34.0314 20.7143 -20.5744
f 873/1299/294 874/1300/295 872/1301/293

v 32.6685 19.0558 -21.2643
f 875/1302/296 874/1303/295 873/1304/294

v 34.9482 19.2879 -20.5296
f 875/1305/296 876/1306/297 874/1307/295

v 32.9998 18.1144 -21.2463
f 875/1308/296 877/1309/298 876/1310/297

v 31.7552 17.9328 -21.7122
f 878/1311/299 877/1312/298 875/1313/296

f 743/1314/164 877/1315/298 878/1316/299

v 32.3913 17.5248 -21.4877
f 877/1317/298 743/1318/164 879/1319/300

f 743/1320/164 744/1321/165 879/1322/300

v 33.6071 17.8367 -21.4467
f 744/1323/165 880/1324/301 879/1325/300

f 744/1326/165 745/1327/166 880/1328/301

f 745/1329/166 746/1330/167 880/1331/301

v 34.847 17.7936 -21.6874
f 880/1332/301 746/1333/167 881/1334/302

f 746/1335/167 747/1336/168 881/1337/302

v 35.4086 17.8741 -21.7986
f 747/1338/168 882/1339/303 881/1340/302

f 882/1341/303 747/1342/168 748/1343/169

v 35.7997 18.0729 -21.3908
f 882/1344/303 748/1345/169 883/1346/304

v 36.6593 18.098 -21.3687
f 883/1347/304 748/1348/169 884/1349/305

f 748/1350/169 749/1351/170 884/1352/305

f 884/1353/305 749/1354/170 750/1355/171

v 38.206 18.4212 -20.8635
f 884/1356/305 750/1357/171 885/1358/306

f 885/1359/306 750/1360/171 751/1361/172

v 38.8165 18.6636 -20.6724
f 885/1362/306 751/1363/172 886/1364/307

f 886/1365/307 751/1366/172 752/1367/173

v 41.4397 18.8151 -20.5727
f 886/1368/307 752/1369/173 887/1370/308

v 43.9213 18.472 -20.9504
f 752/1371/173 888/1372/309 887/1373/308

f 752/1374/173 753/1375/174 888/1376/309

v 44.9091 18.1028 -21.3646
f 753/1377/174 889/1378/310 888/1379/309

f 753/1380/174 754/1381/175 889/1382/310

f 754/1383/175 755/1384/176 889/1385/310

v 46.2033 18.1785 -21.361
f 755/1386/176 890/1387/311 889/1388/310

f 755/1389/176 756/1390/177 890/1391/311

v 46.9857 17.9829 -21.7284
f 756/1392/177 891/1393/312 890/1394/311

f 756/1395/177 757/1396/178 891/1397/312

f 891/1398/312 757/1399/178 758/1400/179

v 47.9358 17.9839 -21.6018
f 891/1401/312 758/1402/179 892/1403/313

v 48.8908 18.0025 -21.5689
f 892/1404/313 758/1405/179 893/1406/314

f 758/1407/179 759/1408/180 893/1409/314

v 50.0521 18.0562 -21.4462
f 893/1410/314 759/1411/180 894/1412/315

f 759/1413/180 760/1414/181 894/1415/315

v 51.0341 18.0861 -21.1774
f 894/1416/315 760/1417/181 895/1418/316

f 760/1419/181 761/1420/182 895/1421/316

v 52.1779 17.9866 -21.0746
f 895/1422/316 761/1423/182 896/1424/317

f 761/1425/182 762/1426/183 896/1427/317

v 52.8438 18.1686 -20.9108
f 896/1428/317 762/1429/183 897/1430/318

v 54.188 17.6755 -21.2039
f 762/1431/183 898/1432/319 897/1433/318

v 54.3119 17.3487 -21.5046
f 762/1434/183 899/1435/320 898/1436/319

f 762/1437/183 763/1438/184 899/1439/320

f 763/1440/184 764/1441/185 899/1442/320

f 899/1443/320 764/1444/185 766/1445/187

f 898/1446/319 899/1447/320 766/1448/187

f 767/1449/188 898/1450/319 766/1451/187

v 54.1233 18.8826 -20.9737
f 767/1452/188 900/1453/321 898/1454/319

v 54.7697 18.9272 -21.3495
f 900/1455/321 767/1456/188 901/1457/322

v 55.2664 18.0708 -21.6944
f 767/1458/188 902/1459/323 901/1460/322

v 55.3776 17.7037 -21.6344
f 903/1461/324 902/1462/323 767/1463/188

f 903/1464/324 770/1465/191 902/1466/323

f 769/1467/190 770/1468/191 903/1469/324

f 768/1470/189 769/1471/190 903/1472/324

f 768/1473/189 903/1474/324 767/1475/188

v 55.062 18.7979 -21.8104
f 902/1476/323 770/1477/191 904/1478/325

f 770/1479/191 771/1480/192 904/1481/325

v 54.8384 19.6746 -21.9281
f 771/1482/192 905/1483/326 904/1484/325

v 54.7696 19.6063 -22.2686
f 771/1485/192 906/1486/327 905/1487/326

v 54.4579 20.4766 -22.6995
f 906/1488/327 771/1489/192 907/1490/328

f 771/1491/192 772/1492/193 907/1493/328

v 54.1794 21.1229 -22.9846
f 907/1494/328 772/1495/193 908/1496/329

f 772/1497/193 773/1498/194 908/1499/329

f 908/1500/329 773/1501/194 775/1502/196

f 908/1503/329 775/1504/196 781/1505/202

f 775/1506/196 780/1507/201 781/1508/202

f 775/1509/196 777/1510/198 780/1511/201

v 54.3327 21.9933 -22.4276
f 908/1512/329 781/1513/202 909/1514/330

v 54.2592 22.6601 -22.6961
f 909/1515/330 781/1516/202 910/1517/331

v 54.1068 23.1855 -23.4827
f 910/1518/331 781/1519/202 911/1520/332

f 781/1521/202 782/1522/203 911/1523/332

f 911/1524/332 782/1525/203 789/1526/210

v 54.3216 23.6452 -22.7324
f 912/1527/333 911/1528/332 789/1529/210

f 910/1530/331 911/1531/332 912/1532/333

v 54.3296 23.0111 -22.4669
f 910/1533/331 912/1534/333 913/1535/334

v 54.0994 23.5682 -21.7529
f 913/1536/334 912/1537/333 914/1538/335

v 54.336 24.2313 -22.2853
f 912/1539/333 915/1540/336 914/1541/335

v 54.4045 24.0955 -23.0239
f 912/1542/333 916/1543/337 915/1544/336

f 912/1545/333 789/1546/210 916/1547/337

v 54.613 25.8123 -23.3766
f 916/1548/337 789/1549/210 917/1550/338

f 789/1551/210 790/1552/211 917/1553/338

v 54.2045 26.2157 -23.8065
f 917/1554/338 790/1555/211 918/1556/339

f 918/1557/339 790/1558/211 791/1559/212

v 52.8727 26.8116 -24.166
f 791/1560/212 919/1561/340 918/1562/339

f 791/1563/212 792/1564/213 919/1565/340

v 51.568 26.7003 -24.2732
f 792/1566/213 920/1567/341 919/1568/340

v 50.3266 26.5669 -24.4136
f 792/1569/213 921/1570/342 920/1571/341

v 49.6716 26.049 -24.9259
f 792/1572/213 922/1573/343 921/1574/342

v 50.0369 25.1146 -25.3337
f 923/1575/344 922/1576/343 792/1577/213

v 48.9931 25.4553 -25.1611
f 923/1578/344 924/1579/345 922/1580/343

f 923/1581/344 796/1582/217 924/1583/345

f 794/1584/215 796/1585/217 923/1586/344

f 794/1587/215 923/1588/344 793/1589/214

f 793/1590/214 923/1591/344 792/1592/213

f 796/1593/217 798/1594/219 924/1595/345

v 48.5717 26.0816 -24.7905
f 924/1596/345 798/1597/219 925/1598/346

f 925/1599/346 798/1600/219 799/1601/220

v 47.6337 26.6557 -24.208
f 925/1602/346 799/1603/220 926/1604/347

f 799/1605/220 800/1606/221 926/1607/347

v 47.4413 26.9065 -23.8415
f 926/1608/347 800/1609/221 927/1610/348

v 45.2708 26.5822 -24.1412
f 927/1611/348 800/1612/221 928/1613/349

f 800/1614/221 801/1615/222 928/1616/349

f 928/1617/349 801/1618/222 804/1619/225

v 45.2928 26.8815 -23.6746
f 929/1620/350 928/1621/349 804/1622/225

f 927/1623/348 928/1624/349 929/1625/350

v 46.4061 27.0803 -23.2329
f 927/1626/348 929/1627/350 930/1628/351

v 45.3282 27.0102 -23.2841
f 930/1629/351 929/1630/350 931/1631/352

v 42.1597 26.9721 -23.4135
f 929/1632/350 932/1633/353 931/1634/352

f 929/1635/350 804/1636/225 932/1637/353

v 41.2627 27.062 -23.3659
f 932/1638/353 804/1639/225 933/1640/354

f 933/1641/354 804/1642/225 805/1643/226

v 39.2637 27.0353 -23.5694
f 933/1644/354 805/1645/226 934/1646/355

f 805/1647/226 806/1648/227 934/1649/355

f 934/1650/355 806/1651/227 825/1652/246

v 38.2681 27.097 -23.3023
f 934/1653/355 825/1654/246 935/1655/356

v 38.0636 27.0549 -22.4719
f 935/1656/356 825/1657/246 936/1658/357

v 37.1711 27.2341 -23.0398
f 936/1659/357 825/1660/246 937/1661/358

f 825/1662/246 826/1663/247 937/1664/358

f 826/1665/247 827/1666/248 937/1667/358

v 36.1045 27.2711 -22.8267
f 937/1668/358 827/1669/248 938/1670/359

v 34.6783 27.4889 -23.0849
f 938/1671/359 827/1672/248 939/1673/360

v 34.9362 27.4947 -23.4351
f 827/1674/248 940/1675/361 939/1676/360

f 827/1677/248 828/1678/249 940/1679/361

v 33.6271 27.5536 -23.482
f 828/1680/249 941/1681/362 940/1682/361

f 828/1683/249 830/1684/251 941/1685/362

f 941/1686/362 830/1687/251 832/1688/253

v 33.2991 27.4601 -22.9818
f 941/1689/362 832/1690/253 942/1691/363

v 31.6264 27.7663 -23.4365
f 832/1692/253 943/1693/364 942/1694/363

f 832/1695/253 833/1696/254 943/1697/364

f 833/1698/254 835/1699/256 943/1700/364

v 31.6214 27.4879 -23.1419
f 944/1701/365 943/1702/364 835/1703/256

v 32.8986 27.2304 -22.7166
f 944/1704/365 945/1705/366 943/1706/364

v 33.3074 25.8258 -21.9088
f 944/1707/365 946/1708/367 945/1709/366

v 32.3754 25.8856 -22.3672
f 946/1710/367 944/1711/365 947/1712/368

v 31.8726 26.1619 -22.8214
f 947/1713/368 944/1714/365 948/1715/369

v 31.458 26.9948 -23.3234
f 948/1716/369 944/1717/365 949/1718/370

f 949/1719/370 944/1720/365 837/1721/258

f 836/1722/257 837/1723/258 944/1724/365

f 835/1725/256 836/1726/257 944/1727/365

f 837/1728/258 839/1729/260 949/1730/370

f 949/1731/370 839/1732/260 948/1733/369

f 839/1734/260 840/1735/261 948/1736/369

f 840/1737/261 841/1738/262 948/1739/369

f 948/1740/369 841/1741/262 867/1742/288

f 948/1743/369 867/1744/288 947/1745/368

v 33.0522 25.038 -21.7839
f 950/1746/371 947/1747/368 867/1748/288

f 946/1749/367 947/1750/368 950/1751/371

v 33.6437 24.2172 -21.0951
f 946/1752/367 950/1753/371 951/1754/372

v 32.9592 23.8738 -21.5775
f 951/1755/372 950/1756/371 952/1757/373

f 867/1758/288 952/1759/373 950/1760/371

f 867/1761/288 868/1762/289 952/1763/373

f 868/1764/289 869/1765/290 952/1766/373

v 33.0627 23.0656 -21.2834
f 952/1767/373 869/1768/290 953/1769/374

f 953/1770/374 869/1771/290 870/1772/291

v 33.9278 22.8677 -20.757
f 953/1773/374 870/1774/291 954/1775/375

f 870/1776/291 871/1777/292 954/1778/375

v 34.1184 22.1537 -20.2911
f 955/1779/376 954/1780/375 871/1781/292

v 35.4338 22.9865 -20.1931
f 955/1782/376 956/1783/377 954/1784/375

v 34.8347 21.9292 -19.9722
f 955/1785/376 957/1786/378 956/1787/377

f 874/1788/295 957/1789/378 955/1790/376

v 36.1041 21.1496 -19.7143
f 874/1791/295 958/1792/379 957/1793/378

f 876/1794/297 958/1795/379 874/1796/295

v 36.6749 19.7842 -19.889
f 958/1797/379 876/1798/297 959/1799/380

v 36.2043 18.8022 -20.5489
f 959/1800/380 876/1801/297 960/1802/381

v 34.6775 18.4272 -20.9484
f 876/1803/297 961/1804/382 960/1805/381

f 876/1806/297 877/1807/298 961/1808/382

f 961/1809/382 877/1810/298 880/1811/301

f 880/1812/301 877/1813/298 879/1814/300

v 35.6504 18.38 -20.973
f 880/1815/301 962/1816/383 961/1817/382

f 880/1818/301 881/1819/302 962/1820/383

f 881/1821/302 883/1822/304 962/1823/383

f 882/1824/303 883/1825/304 881/1826/302

f 962/1827/383 883/1828/304 884/1829/305

v 37.1594 18.7522 -20.4842
f 884/1830/305 963/1831/384 962/1832/383

f 963/1833/384 884/1834/305 885/1835/306

v 38.2037 19.3537 -20.1113
f 963/1836/384 885/1837/306 964/1838/385

f 964/1839/385 885/1840/306 886/1841/307

v 38.6516 19.5881 -20.1503
f 964/1842/385 886/1843/307 965/1844/386

v 41.3245 19.3004 -20.266
f 965/1845/386 886/1846/307 966/1847/387

f 886/1848/307 887/1849/308 966/1850/387

v 44.6664 19.6526 -20.1094
f 966/1851/387 887/1852/308 967/1853/388

v 43.8192 18.9368 -20.5309
f 887/1854/308 968/1855/389 967/1856/388

f 887/1857/308 888/1858/309 968/1859/389

v 45.0327 18.8569 -20.4952
f 968/1860/389 888/1861/309 969/1862/390

f 888/1863/309 889/1864/310 969/1865/390

v 45.0295 18.3553 -20.9399
f 889/1866/310 970/1867/391 969/1868/390

f 889/1869/310 890/1870/311 970/1871/391

v 46.4845 18.5948 -20.7491
f 970/1872/391 890/1873/311 971/1874/392

v 47.4501 18.1778 -21.1086
f 890/1875/311 972/1876/393 971/1877/392

f 890/1878/311 891/1879/312 972/1880/393

f 891/1881/312 892/1882/313 972/1883/393

v 48.1658 18.2099 -21.0838
f 972/1884/393 892/1885/313 973/1886/394

f 892/1887/313 893/1888/314 973/1889/394

v 49.7887 18.4007 -20.7885
f 973/1890/394 893/1891/314 974/1892/395

f 893/1893/314 894/1894/315 974/1895/395

f 974/1896/395 894/1897/315 895/1898/316

v 50.7079 18.7328 -20.5313
f 974/1899/395 895/1900/316 975/1901/396

v 51.6337 18.5086 -20.7446
f 895/1902/316 976/1903/397 975/1904/396

f 895/1905/316 896/1906/317 976/1907/397

f 976/1908/397 896/1909/317 897/1910/318

v 51.6613 19.3267 -20.4313
f 897/1911/318 977/1912/398 976/1913/397

f 898/1914/319 977/1915/398 897/1916/318

f 898/1917/319 900/1918/321 977/1919/398

v 53.3458 20.263 -20.6996
f 900/1920/321 978/1921/399 977/1922/398

v 53.8833 20.6183 -20.984
f 978/1923/399 900/1924/321 979/1925/400

f 900/1926/321 901/1927/322 979/1928/400

v 54.4499 20.6718 -21.5517
f 901/1929/322 980/1930/401 979/1931/400

f 905/1932/326 980/1933/401 901/1934/322

v 54.6465 20.4938 -21.9257
f 905/1935/326 981/1936/402 980/1937/401

v 54.6468 20.3658 -22.3664
f 905/1938/326 982/1939/403 981/1940/402

f 906/1941/327 982/1942/403 905/1943/326

f 906/1944/327 907/1945/328 982/1946/403

v 54.4202 21.3041 -22.4184
f 907/1947/328 983/1948/404 982/1949/403

f 907/1950/328 908/1951/329 983/1952/404

f 983/1953/404 908/1954/329 909/1955/330

v 54.4308 21.2795 -22.0533
f 984/1956/405 983/1957/404 909/1958/330

f 982/1959/403 983/1960/404 984/1961/405

f 981/1962/402 982/1963/403 984/1964/405

f 980/1965/401 981/1966/402 984/1967/405

v 54.185 21.4527 -21.555
f 980/1968/401 984/1969/405 985/1970/406

f 984/1971/405 909/1972/330 985/1973/406

v 54.1708 22.6968 -21.9462
f 985/1974/406 909/1975/330 986/1976/407

f 909/1977/330 910/1978/331 986/1979/407

f 910/1980/331 913/1981/334 986/1982/407

f 986/1983/407 913/1984/334 914/1985/335

v 53.9002 22.8389 -21.4621
f 986/1986/407 914/1987/335 987/1988/408

v 53.7479 23.7128 -21.2525
f 987/1989/408 914/1990/335 988/1991/409

f 914/1992/335 915/1993/336 988/1994/409

v 53.7884 24.6454 -21.6756
f 988/1995/409 915/1996/336 989/1997/410

v 53.8961 25.3635 -21.9013
f 989/1998/410 915/1999/336 990/2000/411

v 54.5643 25.9338 -22.6194
f 915/2001/336 991/2002/412 990/2003/411

v 54.5749 25.0877 -22.8948
f 915/2004/336 992/2005/413 991/2006/412

v 54.5035 24.5039 -22.7882
f 915/2007/336 993/2008/414 992/2009/413

f 915/2010/336 916/2011/337 993/2012/414

f 916/2013/337 992/2014/413 993/2015/414

f 916/2016/337 917/2017/338 992/2018/413

v 54.6541 25.7611 -22.9968
f 992/2019/413 917/2020/338 994/2021/415

v 54.9689 26.5193 -23.1038
f 994/2022/415 917/2023/338 995/2024/416

v 55.038 27.0418 -23.5007
f 917/2025/338 996/2026/417 995/2027/416

f 996/2028/417 917/2029/338 918/2030/339

v 54.9233 27.6645 -23.5607
f 997/2031/418 996/2032/417 918/2033/339

v 55.2741 27.8158 -23.3647
f 997/2034/418 998/2035/419 996/2036/417

v 55.1394 27.8478 -23.3654
f 998/2037/419 997/2038/418 999/2039/420

v 54.5433 27.7311 -23.3428
f 999/2040/420 997/2041/418 1000/2042/421

v 53.9974 27.6596 -23.341
f 1000/2043/421 997/2044/418 1001/2045/422

v 53.6585 27.4574 -23.6197
f 997/2046/418 1002/2047/423 1001/2048/422

f 919/2049/340 1002/2050/423 997/2051/418

v 52.6484 27.1987 -23.9417
f 919/2052/340 1003/2053/424 1002/2054/423

f 920/2055/341 1003/2056/424 919/2057/340

v 51.454 27.3114 -23.6978
f 1003/2058/424 920/2059/341 1004/2060/425

f 1004/2061/425 920/2062/341 921/2063/342

v 50.3092 27.0057 -23.8598
f 1004/2064/425 921/2065/342 1005/2066/426

v 49.2288 26.8081 -24.1979
f 1005/2067/426 921/2068/342 1006/2069/427

f 921/2070/342 922/2071/343 1006/2072/427

f 922/2073/343 925/2074/346 1006/2075/427

f 924/2076/345 925/2077/346 922/2078/343

v 48.2885 26.685 -24.2348
f 1006/2079/427 925/2080/346 1007/2081/428

f 1007/2082/428 925/2083/346 926/2084/347

f 1007/2085/428 926/2086/347 927/2087/348

v 48.3331 27.0026 -23.7951
f 1007/2088/428 927/2089/348 1008/2090/429

v 47.4394 27.0536 -23.4415
f 1008/2091/429 927/2092/348 1009/2093/430

f 1009/2094/430 927/2095/348 930/2096/351

v 47.5283 27.1161 -22.8131
f 1010/2097/431 1009/2098/430 930/2099/351

v 48.0732 27.1573 -23.1311
f 1011/2100/432 1009/2101/430 1010/2102/431

f 1008/2103/429 1009/2104/430 1011/2105/432

v 48.3825 27.2064 -23.3124
f 1012/2106/433 1008/2107/429 1011/2108/432

v 49.3752 27.1536 -23.4733
f 1013/2109/434 1008/2110/429 1012/2111/433

f 1006/2112/427 1008/2113/429 1013/2114/434

f 1006/2115/427 1007/2116/428 1008/2117/429

f 1005/2118/426 1006/2119/427 1013/2120/434

v 50.127 27.1959 -23.3018
f 1014/2121/435 1005/2122/426 1013/2123/434

v 51.1926 27.423 -23.3248
f 1015/2124/436 1005/2125/426 1014/2126/435

f 1004/2127/425 1005/2128/426 1015/2129/436

v 51.9291 27.5183 -23.2955
f 1004/2130/425 1015/2131/436 1016/2132/437

v 51.973 27.5041 -22.9495
f 1016/2133/437 1015/2134/436 1017/2135/438

v 51.3378 27.3198 -22.5885
f 1017/2136/438 1015/2137/436 1018/2138/439

v 49.859 27.2184 -22.7929
f 1015/2139/436 1019/2140/440 1018/2141/439

f 1015/2142/436 1014/2143/435 1019/2144/440

f 1014/2145/435 1013/2146/434 1019/2147/440

f 1019/2148/440 1013/2149/434 1012/2150/433

v 48.3808 27.1826 -22.6615
f 1019/2151/440 1012/2152/433 1020/2153/441

f 1012/2154/433 1011/2155/432 1020/2156/441

f 1020/2157/441 1011/2158/432 1010/2159/431

v 48.2746 27.0244 -22.2392
f 1021/2160/442 1020/2161/441 1010/2162/431

v 49.2156 27.1306 -22.302
f 1022/2163/443 1020/2164/441 1021/2165/442

f 1022/2166/443 1019/2167/440 1020/2168/441

v 50.3097 26.9768 -22.0037
f 1019/2169/440 1022/2170/443 1023/2171/444

v 49.6467 26.6559 -21.358
f 1023/2172/444 1022/2173/443 1024/2174/445

v 48.5487 26.6393 -21.5115
f 1024/2175/445 1022/2176/443 1025/2177/446

f 1022/2178/443 1021/2179/442 1025/2180/446

v 47.6201 26.9864 -22.2637
f 1021/2181/442 1026/2182/447 1025/2183/446

f 1021/2184/442 1010/2185/431 1026/2186/447

v 45.83 27.0318 -22.7693
f 1010/2187/431 1027/2188/448 1026/2189/447

f 1010/2190/431 930/2191/351 1027/2192/448

f 930/2193/351 931/2194/352 1027/2195/448

v 42.1805 27.0249 -22.9632
f 1027/2196/448 931/2197/352 1028/2198/449

f 931/2199/352 932/2200/353 1028/2201/449

f 932/2202/353 933/2203/354 1028/2204/449

v 41.3829 27.0231 -22.6519
f 933/2205/354 1029/2206/450 1028/2207/449

v 39.1346 27.1309 -23.1919
f 933/2208/354 1030/2209/451 1029/2210/450

f 933/2211/354 934/2212/355 1030/2213/451

f 1030/2214/451 934/2215/355 935/2216/356

f 1030/2217/451 935/2218/356 936/2219/357

v 39.2207 27.0465 -22.5715
f 1030/2220/451 936/2221/357 1031/2222/452

v 38.7527 26.7385 -21.7419
f 1031/2223/452 936/2224/357 1032/2225/453

v 37.2658 26.8165 -21.8027
f 1032/2226/453 936/2227/357 1033/2228/454

f 936/2229/357 937/2230/358 1033/2231/454

f 937/2232/358 938/2233/359 1033/2234/454

v 36.3803 26.9351 -22.0517
f 1033/2235/454 938/2236/359 1034/2237/455

v 35.5848 27.1126 -22.4027
f 938/2238/359 1035/2239/456 1034/2240/455

f 938/2241/359 939/2242/360 1035/2243/456

v 34.6041 27.1174 -22.3831
f 1035/2244/456 939/2245/360 1036/2246/457

f 939/2247/360 942/2248/363 1036/2249/457

f 939/2250/360 941/2251/362 942/2252/363

f 940/2253/361 941/2254/362 939/2255/360

f 942/2256/363 945/2257/366 1036/2258/457

f 942/2259/363 943/2260/364 945/2261/366

v 35.5436 26.4007 -21.608
f 945/2262/366 1037/2263/458 1036/2264/457

f 945/2265/366 946/2266/367 1037/2267/458

v 34.6127 24.8899 -21.0015
f 946/2268/367 1038/2269/459 1037/2270/458

f 1038/2271/459 946/2272/367 951/2273/372

v 34.2707 23.8505 -20.5282
f 1038/2274/459 951/2275/372 1039/2276/460

v 33.3911 23.3836 -20.9883
f 1039/2277/460 951/2278/372 1040/2279/461

f 1040/2280/461 951/2281/372 952/2282/373

f 952/2283/373 953/2284/374 1040/2285/461

f 954/2286/375 1040/2287/461 953/2288/374

f 954/2289/375 1039/2290/460 1040/2291/461

f 956/2292/377 1039/2293/460 954/2294/375

v 35.7893 24.0519 -20.154
f 1041/2295/462 1039/2296/460 956/2297/377

v 35.6222 24.4398 -20.3104
f 1041/2298/462 1042/2299/463 1039/2300/460

v 37.6313 25.3899 -20.5377
f 1042/2301/463 1041/2302/462 1043/2303/464

v 38.5406 24.1743 -20.1762
f 1043/2304/464 1041/2305/462 1044/2306/465

v 37.0492 22.7103 -19.8622
f 1041/2307/462 1045/2308/466 1044/2309/465

f 1045/2310/466 1041/2311/462 956/2312/377

f 957/2313/378 1045/2314/466 956/2315/377

f 958/2316/379 1045/2317/466 957/2318/378

v 41.0577 22.3699 -19.7926
v 37.9902 21.6934 -19.7511
f 1046/2319/467 1045/2320/466 958/2321/379 1047/2322/468 

f 1045/2323/466 1046/2324/467 1044/2325/465

v 41.3878 24.095 -20.1375
f 1046/2326/467 1048/2327/469 1044/2328/465

v 45.2103 23.543 -19.98
f 1046/2329/467 1049/2330/470 1048/2331/469

v 44.6191 21.7948 -19.762
f 1050/2332/471 1049/2333/470 1046/2334/467

v 48.3342 21.8521 -19.6702
f 1051/2335/472 1049/2336/470 1050/2337/471

v 48.2313 23.2073 -19.8162
f 1052/2338/473 1049/2339/470 1051/2340/472

v 45.3982 24.754 -20.3879
f 1049/2341/470 1052/2342/473 1053/2343/474

v 47.8273 24.5493 -20.2139
f 1053/2344/474 1052/2345/473 1054/2346/475

v 50.4286 25.3056 -20.3445
f 1052/2347/473 1055/2348/476 1054/2349/475

v 50.2561 23.0407 -19.8413
f 1056/2350/477 1055/2351/476 1052/2352/473

v 50.8773 24.6089 -20.1638
f 1056/2353/477 1057/2354/478 1055/2355/476

v 51.2721 23.0172 -20.033
f 1057/2356/478 1056/2357/477 1058/2358/479

v 51.81 21.8432 -19.7759
f 1056/2359/477 1059/2360/480 1058/2361/479

v 50.7877 21.4688 -19.6043
f 1060/2362/481 1059/2363/480 1056/2364/477

f 1060/2365/481 977/2366/398 1059/2367/480

v 50.4374 20.7017 -19.5563
f 977/2368/398 1060/2369/481 1061/2370/482

f 1061/2371/482 1060/2372/481 1051/2373/472

f 1060/2374/481 1056/2375/477 1051/2376/472

f 1056/2377/477 1052/2378/473 1051/2379/472

v 48.4066 20.5858 -19.7653
f 1061/2380/482 1051/2381/472 1062/2382/483

v 46.2251 21.3212 -19.7314
f 1051/2383/472 1063/2384/484 1062/2385/483

f 1051/2386/472 1050/2387/471 1063/2388/484

v 45.9964 20.4015 -19.8668
f 1063/2389/484 1050/2390/471 1064/2391/485

v 43.2075 20.7154 -19.8511
f 1064/2392/485 1050/2393/471 1065/2394/486

f 1050/2395/471 1046/2396/467 1065/2397/486

f 1065/2398/486 1046/2399/467 1047/2400/468

v 38.3356 20.6184 -19.8374
f 1065/2401/486 1047/2402/468 1066/2403/487

f 1047/2404/468 958/2405/379 1066/2406/487

f 958/2407/379 959/2408/380 1066/2409/487

f 1066/2410/487 959/2411/380 964/2412/385

f 964/2413/385 959/2414/380 963/2415/384

f 959/2416/380 960/2417/381 963/2418/384

f 962/2419/383 963/2420/384 960/2421/381

f 960/2422/381 961/2423/382 962/2424/383

f 1066/2425/487 964/2426/385 965/2427/386

v 41.2557 20.1576 -19.9469
f 1067/2428/488 1066/2429/487 965/2430/386

f 1067/2431/488 1065/2432/486 1066/2433/487

f 967/2434/388 1065/2435/486 1067/2436/488

f 1064/2437/485 1065/2438/486 967/2439/388

v 46.7657 19.3233 -20.2078
f 1068/2440/489 1064/2441/485 967/2442/388

f 1062/2443/483 1064/2444/485 1068/2445/489

f 1062/2446/483 1063/2447/484 1064/2448/485

v 48.3295 19.433 -20.1112
f 1069/2449/490 1062/2450/483 1068/2451/489

v 49.2455 19.8188 -19.7787
f 1070/2452/491 1062/2453/483 1069/2454/490

f 1070/2455/491 1061/2456/482 1062/2457/483

v 50.0749 19.7422 -19.783
f 1071/2458/492 1061/2459/482 1070/2460/491

f 977/2461/398 1061/2462/482 1071/2463/492

f 975/2464/396 977/2465/398 1071/2466/492

f 975/2467/396 976/2468/397 977/2469/398

v 49.8018 18.9498 -20.2121
f 975/2470/396 1071/2471/492 1072/2472/493

v 48.7432 18.7534 -20.3794
f 1072/2473/493 1071/2474/492 1073/2475/494

f 1071/2476/492 1070/2477/491 1073/2478/494

f 1073/2479/494 1070/2480/491 1069/2481/490

v 48.2358 18.8368 -20.4519
f 1069/2482/490 1074/2483/495 1073/2484/494

f 1068/2485/489 1074/2486/495 1069/2487/490

f 971/2488/392 1074/2489/495 1068/2490/489

f 971/2491/392 973/2492/394 1074/2493/495

f 971/2494/392 972/2495/393 973/2496/394

f 1074/2497/495 973/2498/394 1073/2499/494

f 973/2500/394 974/2501/395 1073/2502/494

f 1073/2503/494 974/2504/395 1072/2505/493

f 974/2506/395 975/2507/396 1072/2508/493

f 969/2509/390 971/2510/392 1068/2511/489

f 970/2512/391 971/2513/392 969/2514/390

f 969/2515/390 1068/2516/489 967/2517/388

f 968/2518/389 969/2519/390 967/2520/388

f 967/2521/388 1067/2522/488 966/2523/387

f 1067/2524/488 965/2525/386 966/2526/387

f 977/2527/398 978/2528/399 1059/2529/480

v 52.8873 21.4723 -20.3269
f 1059/2530/480 978/2531/399 1075/2532/496

v 53.6627 21.1823 -20.9232
f 1075/2533/496 978/2534/399 1076/2535/497

f 978/2536/399 979/2537/400 1076/2538/497

f 979/2539/400 985/2540/406 1076/2541/497

f 980/2542/401 985/2543/406 979/2544/400

v 53.674 22.3009 -20.9272
f 985/2545/406 1077/2546/498 1076/2547/497

f 985/2548/406 986/2549/407 1077/2550/498

f 1077/2551/498 986/2552/407 987/2553/408

v 53.1331 22.9253 -20.7698
f 1077/2554/498 987/2555/408 1078/2556/499

v 53.2825 23.4745 -20.7799
f 1078/2557/499 987/2558/408 1079/2559/500

f 987/2560/408 988/2561/409 1079/2562/500

v 53.0874 23.9758 -20.7159
f 988/2563/409 1080/2564/501 1079/2565/500

f 989/2566/410 1080/2567/501 988/2568/409

v 52.7933 25.0474 -21.2124
f 989/2569/410 1081/2570/502 1080/2571/501

v 53.0671 26.4638 -21.9411
f 1082/2572/503 1081/2573/502 989/2574/410

v 51.0289 26.4041 -21.3858
f 1082/2575/503 1083/2576/504 1081/2577/502

v 52.8595 27.1317 -22.2837
f 1082/2578/503 1084/2579/505 1083/2580/504

v 54.1947 26.4536 -22.4078
f 1082/2581/503 1085/2582/506 1084/2583/505

f 1085/2584/506 1082/2585/503 990/2586/411

f 990/2587/411 1082/2588/503 989/2589/410

f 991/2590/412 1085/2591/506 990/2592/411

v 55.0342 27.1341 -22.9582
f 1086/2593/507 1085/2594/506 991/2595/412

v 54.9201 27.7413 -23.109
f 1087/2596/508 1085/2597/506 1086/2598/507

f 1085/2599/506 1087/2600/508 1084/2601/505

v 53.6542 27.5624 -23.002
f 1084/2602/505 1087/2603/508 1088/2604/509

f 1087/2605/508 1001/2606/422 1088/2607/509

f 1000/2608/421 1001/2609/422 1087/2610/508

f 999/2611/420 1000/2612/421 1087/2613/508

v 55.2349 27.6361 -23.233
f 1089/2614/510 999/2615/420 1087/2616/508

f 998/2617/419 999/2618/420 1089/2619/510

f 998/2620/419 1089/2621/510 996/2622/417

v 55.1643 27.065 -23.2316
f 1090/2623/511 996/2624/417 1089/2625/510

f 995/2626/416 996/2627/417 1090/2628/511

f 995/2629/416 1090/2630/511 1086/2631/507

f 1090/2632/511 1089/2633/510 1086/2634/507

f 1087/2635/508 1086/2636/507 1089/2637/510

f 991/2638/412 995/2639/416 1086/2640/507

f 994/2641/415 995/2642/416 991/2643/412

f 992/2644/413 994/2645/415 991/2646/412

v 53.3205 27.5876 -23.2929
f 1088/2647/509 1001/2648/422 1091/2649/512

f 1001/2650/422 1002/2651/423 1091/2652/512

v 52.4366 27.4256 -23.6449
f 1002/2653/423 1092/2654/513 1091/2655/512

f 1002/2656/423 1003/2657/424 1092/2658/513

f 1092/2659/513 1003/2660/424 1004/2661/425

f 1016/2662/437 1092/2663/513 1004/2664/425

f 1091/2665/512 1092/2666/513 1016/2667/437

f 1091/2668/512 1016/2669/437 1017/2670/438

f 1088/2671/509 1091/2672/512 1017/2673/438

v 52.6392 27.4224 -22.6264
f 1088/2674/509 1017/2675/438 1093/2676/514

f 1093/2677/514 1017/2678/438 1018/2679/439

v 51.5532 27.0592 -22.1635
f 1093/2680/514 1018/2681/439 1094/2682/515

f 1018/2683/439 1023/2684/444 1094/2685/515

f 1018/2686/439 1019/2687/440 1023/2688/444

f 1083/2689/504 1094/2690/515 1023/2691/444

f 1083/2692/504 1084/2693/505 1094/2694/515

f 1094/2695/515 1084/2696/505 1093/2697/514

f 1084/2698/505 1088/2699/509 1093/2700/514

f 1083/2701/504 1023/2702/444 1024/2703/445

v 50.0042 25.9097 -20.6592
f 1095/2704/516 1083/2705/504 1024/2706/445

f 1055/2707/476 1083/2708/504 1095/2709/516

f 1057/2710/478 1083/2711/504 1055/2712/476

f 1083/2713/504 1057/2714/478 1081/2715/502

v 52.1511 24.0456 -20.274
f 1081/2716/502 1057/2717/478 1096/2718/517

f 1096/2719/517 1057/2720/478 1058/2721/479

v 52.2534 22.964 -20.3255
f 1096/2722/517 1058/2723/479 1097/2724/518

v 52.7315 22.122 -20.1648
f 1058/2725/479 1098/2726/519 1097/2727/518

f 1059/2728/480 1098/2729/519 1058/2730/479

f 1059/2731/480 1075/2732/496 1098/2733/519

f 1098/2734/519 1075/2735/496 1077/2736/498

f 1075/2737/496 1076/2738/497 1077/2739/498

f 1098/2740/519 1077/2741/498 1078/2742/499

f 1097/2743/518 1098/2744/519 1078/2745/499

f 1079/2746/500 1097/2747/518 1078/2748/499

f 1079/2749/500 1096/2750/517 1097/2751/518

f 1080/2752/501 1096/2753/517 1079/2754/500

f 1080/2755/501 1081/2756/502 1096/2757/517

f 1054/2758/475 1055/2759/476 1095/2760/516

v 47.7846 25.5233 -20.7048
f 1054/2761/475 1095/2762/516 1099/2763/520

v 48.9636 26.1718 -20.9489
f 1095/2764/516 1100/2765/521 1099/2766/520

f 1095/2767/516 1024/2768/445 1100/2769/521

f 1100/2770/521 1024/2771/445 1025/2772/446

v 47.8743 26.2712 -21.2342
f 1100/2773/521 1025/2774/446 1101/2775/522

v 47.6814 26.7131 -21.7627
f 1025/2776/446 1102/2777/523 1101/2778/522

f 1025/2779/446 1026/2780/447 1102/2781/523

v 46.1916 26.805 -22.0519
f 1102/2782/523 1026/2783/447 1103/2784/524

f 1026/2785/447 1027/2786/448 1103/2787/524

v 45.2582 26.8895 -22.3345
f 1027/2788/448 1104/2789/525 1103/2790/524

f 1027/2791/448 1028/2792/449 1104/2793/525

f 1104/2794/525 1028/2795/449 1029/2796/450

v 42.345 26.6778 -21.9533
f 1104/2797/525 1029/2798/450 1105/2799/526

v 40.975 26.7844 -22.0291
f 1105/2800/526 1029/2801/450 1106/2802/527

f 1029/2803/450 1031/2804/452 1106/2805/527

f 1029/2806/450 1030/2807/451 1031/2808/452

v 39.2139 26.7368 -21.9729
f 1106/2809/527 1031/2810/452 1107/2811/528

f 1107/2812/528 1031/2813/452 1032/2814/453

v 38.9183 26.0373 -21.1798
f 1107/2815/528 1032/2816/453 1108/2817/529

v 37.9716 26.0594 -20.9561
f 1032/2818/453 1109/2819/530 1108/2820/529

v 37.0428 26.3527 -21.1821
f 1110/2821/531 1109/2822/530 1032/2823/453

v 36.4523 25.4801 -20.6151
f 1110/2824/531 1111/2825/532 1109/2826/530

f 1033/2827/454 1111/2828/532 1110/2829/531

f 1037/2830/458 1111/2831/532 1033/2832/454

f 1037/2833/458 1038/2834/459 1111/2835/532

f 1038/2836/459 1042/2837/463 1111/2838/532

f 1042/2839/463 1038/2840/459 1039/2841/460

f 1111/2842/532 1042/2843/463 1043/2844/464

f 1111/2845/532 1043/2846/464 1109/2847/530

v 38.6697 25.2305 -20.6322
f 1043/2848/464 1112/2849/533 1109/2850/530

f 1043/2851/464 1044/2852/465 1112/2853/533

v 41.4634 25.099 -20.5625
f 1044/2854/465 1113/2855/534 1112/2856/533

f 1048/2857/469 1113/2858/534 1044/2859/465

f 1113/2860/534 1048/2861/469 1053/2862/474

f 1048/2863/469 1049/2864/470 1053/2865/474

v 43.9841 25.9348 -21.1395
f 1113/2866/534 1053/2867/474 1114/2868/535

f 1114/2869/535 1053/2870/474 1099/2871/520

f 1053/2872/474 1054/2873/475 1099/2874/520

f 1114/2875/535 1099/2876/520 1101/2877/522

f 1099/2878/520 1100/2879/521 1101/2880/522

f 1114/2881/535 1101/2882/522 1102/2883/523

f 1102/2884/523 1103/2885/524 1114/2886/535

f 1103/2887/524 1105/2888/526 1114/2889/535

f 1103/2890/524 1104/2891/525 1105/2892/526

v 41.0187 26.106 -21.2313
f 1106/2893/527 1115/2894/536 1114/2895/535 1105/2896/526 

f 1106/2897/527 1107/2898/528 1115/2899/536

f 1115/2900/536 1107/2901/528 1108/2902/529

f 1108/2903/529 1113/2904/534 1115/2905/536

f 1112/2906/533 1113/2907/534 1108/2908/529

f 1109/2909/530 1112/2910/533 1108/2911/529

f 1113/2912/534 1114/2913/535 1115/2914/536

f 1037/2915/458 1033/2916/454 1034/2917/455

f 1035/2918/456 1037/2919/458 1034/2920/455

f 1036/2921/457 1037/2922/458 1035/2923/456

f 1110/2924/531 1032/2925/453 1033/2926/454

f 918/2927/339 919/2928/340 997/2929/418

f 904/2930/325 905/2931/326 901/2932/322

f 902/2933/323 904/2934/325 901/2935/322

f 872/2936/293 874/2937/295 955/2938/376

f 872/2939/293 955/2940/376 871/2941/292

f 742/2942/163 743/2943/164 878/2944/299

f 878/2945/299 732/2946/153 742/2947/163

f 731/2948/152 732/2949/153 878/2950/299

f 729/2951/150 731/2952/152 878/2953/299

f 730/2954/151 731/2955/152 729/2956/150

f 729/2957/150 878/2958/299 875/2959/296

f 729/2960/150 875/2961/296 728/2962/149

f 728/2963/149 875/2964/296 873/2965/294

f 861/2966/282 728/2967/149 873/2968/294

f 848/2969/269 854/2970/275 846/2971/267

f 851/2972/272 854/2973/275 848/2974/269

f 850/2975/271 851/2976/272 848/2977/269

f 849/2978/270 813/2979/234 812/2980/233

f 816/2981/237 813/2982/234 849/2983/270

f 847/2984/268 816/2985/237 849/2986/270

f 820/2987/241 816/2988/237 847/2989/268

f 844/2990/265 820/2991/241 847/2992/268

f 831/2993/252 820/2994/241 844/2995/265

f 834/2996/255 831/2997/252 844/2998/265

f 709/2999/130 776/3000/197 774/3001/195

f 709/3002/130 774/3003/195 708/3004/129

f 734/3005/155 737/3006/158 733/3007/154

f 734/3008/155 735/3009/156 737/3010/158

f 653/3011/74 656/3012/77 654/3013/75

g Mesh27 Component_6_1 Group1 Model

usemtl Color_M00
v 58.1 18 -32
vt 3.78091e-12 -4.54397e-12
vn 1 5.19573e-14 -9.57911e-14
v 58.1 31 -32
vt 3.78091e-12 13
v 58.1 31 -29.5
vt -2.5 13
v 58.1 30.9989 -29.4124
vt -2.58762 12.9989
v 58.1 30.9958 -29.3248
vt -2.67518 12.9958
v 58.1 30.9905 -29.2374
vt -2.76265 12.9905
v 58.1 30.9831 -29.15
vt -2.84996 12.9831
v 58.1 30.9737 -29.0629
vt -2.93707 12.9737
v 58.1 30.9621 -28.9761
vt -3.02393 12.9621
v 58.1 30.9484 -28.8895
vt -3.11048 12.9484
v 58.1 30.9327 -28.8033
vt -3.19668 12.9327
v 58.1 30.9149 -28.7175
vt -3.28247 12.9149
v 58.1 30.895 -28.6322
vt -3.36782 12.895
v 58.1 30.8731 -28.5473
vt -3.45266 12.8731
v 58.1 30.8492 -28.4631
vt -3.53694 12.8492
v 58.1 30.8232 -28.3794
vt -3.62063 12.8232
v 58.1 30.7952 -28.2963
vt -3.70367 12.7952
v 58.1 30.7653 -28.214
vt -3.78601 12.7653
v 58.1 30.7333 -28.1324
vt -3.8676 12.7333
v 58.1 30.6994 -28.0516
vt -3.9484 12.6994
v 58.1 30.6636 -27.9716
vt -4.02836 12.6636
v 58.1 30.6259 -27.8926
vt -4.10744 12.6259
v 58.1 30.5862 -27.8144
vt -4.18559 12.5862
v 58.1 30.5447 -27.7372
vt -4.26276 12.5447
v 58.1 30.5014 -27.6611
vt -4.3389 12.5014
v 58.1 30.4562 -27.586
vt -4.41399 12.4562
v 58.1 30.4092 -27.512
vt -4.48796 12.4092
v 58.1 30.3605 -27.4392
vt -4.56078 12.3605
v 58.1 30.31 -27.3676
vt -4.63241 12.31
v 58.1 30.2578 -27.2972
vt -4.7028 12.2578
v 58.1 30.204 -27.2281
vt -4.77191 12.204
v 58.1 30.1485 -27.1603
vt -4.83971 12.1485
v 58.1 30.0913 -27.0938
vt -4.90615 12.0913
v 58.1 30.0326 -27.0288
vt -4.9712 12.0326
v 58.1 29.9724 -26.9652
vt -5.03482 11.9724
v 58.1 29.9106 -26.903
vt -5.09696 11.9106
v 58.1 29.8473 -26.8424
vt -5.15761 11.8473
v 58.1 29.7827 -26.7833
vt -5.21671 11.7827
v 58.1 29.7166 -26.7258
vt -5.27424 11.7166
v 58.1 29.6491 -26.6698
vt -5.33016 11.6491
v 58.1 29.5803 -26.6156
vt -5.38444 11.5803
v 58.1 29.5102 -26.563
vt -5.43705 11.5102
v 58.1 29.4389 -26.512
vt -5.48796 11.4389
v 58.1 29.3664 -26.4629
vt -5.53713 11.3664
v 58.1 29.2927 -26.4155
vt -5.58455 11.2927
v 58.1 29.2179 -26.3698
vt -5.63018 11.2179
v 58.1 29.142 -26.326
vt -5.67399 11.142
v 58.1 29.0651 -26.284
vt -5.71597 11.0651
v 58.1 28.9872 -26.2439
vt -5.75608 10.9872
v 58.1 28.9084 -26.2057
vt -5.79431 10.9084
v 58.1 28.8286 -26.1694
vt -5.83062 10.8286
v 58.1 28.748 -26.135
vt -5.86501 10.748
v 58.1 28.6666 -26.1026
vt -5.89745 10.6666
v 58.1 18 -22
vt -10 -4.54397e-12
f 1116/3014/537 1117/3015/537 1118/3016/537 1119/3017/537 1120/3018/537 1121/3019/537 1122/3020/537 1123/3021/537 1124/3022/537 1125/3023/537 1126/3024/537 1127/3025/537 1128/3026/537 1129/3027/537 1130/3028/537 1131/3029/537 1132/3030/537 1133/3031/537 1134/3032/537 1135/3033/537 1136/3034/537 1137/3035/537 1138/3036/537 1139/3037/537 1140/3038/537 1141/3039/537 1142/3040/537 1143/3041/537 1144/3042/537 1145/3043/537 1146/3044/537 1147/3045/537 1148/3046/537 1149/3047/537 1150/3048/537 1151/3049/537 1152/3050/537 1153/3051/537 1154/3052/537 1155/3053/537 1156/3054/537 1157/3055/537 1158/3056/537 1159/3057/537 1160/3058/537 1161/3059/537 1162/3060/537 1163/3061/537 1164/3062/537 1165/3063/537 1166/3064/537 1167/3065/537 1168/3066/537 1169/3067/537 

v 2.1 31 -32
vt -57.9863 13
vn -1.42871e-13 -3.14908e-30 -1
vt -113.986 13
vt -113.986 1.37845e-12
v 2.1 18 -32
vt -57.9863 3.55271e-15
f 1170/3068/538 1117/3069/538 1116/3070/538 1171/3071/538 

vt -3.26992e-12 57.9863
vn 1.6068e-14 1 2.51532e-13
v 2.1 31 -29.5
vt 2.5 57.9863
vn 2.40729e-14 0.999982 0.00601808
vt 2.5 113.986
vt -1.90568e-12 113.986
f 1170/3072/539 1172/3073/540 1118/3074/540 1117/3075/539 

v 2.1 30.9958 -29.3248
vt 2.67518 12.9958
vn -1 1.09646e-16 1.41374e-13
v 2.1 30.9989 -29.4124
vt 2.58762 12.9989
vt 2.5 13
vt 2.57891e-14 13
vt 2.57891e-14 9.91066e-15
v 2.1 18 -22
vt 10 9.91066e-15
v 2.1 28.6666 -26.1026
vt 5.89745 10.6666
v 2.1 28.748 -26.135
vt 5.86501 10.748
v 2.1 28.8286 -26.1694
vt 5.83062 10.8286
v 2.1 28.9084 -26.2057
vt 5.79431 10.9084
v 2.1 28.9872 -26.2439
vt 5.75608 10.9872
v 2.1 29.0651 -26.284
vt 5.71597 11.0651
v 2.1 29.142 -26.326
vt 5.67399 11.142
v 2.1 29.2179 -26.3698
vt 5.63018 11.2179
v 2.1 29.2927 -26.4155
vt 5.58455 11.2927
v 2.1 29.3664 -26.4629
vt 5.53713 11.3664
v 2.1 29.4389 -26.512
vt 5.48796 11.4389
v 2.1 29.5102 -26.563
vt 5.43705 11.5102
v 2.1 29.5803 -26.6156
vt 5.38444 11.5803
v 2.1 29.6491 -26.6698
vt 5.33016 11.6491
v 2.1 29.7166 -26.7258
vt 5.27424 11.7166
v 2.1 29.7827 -26.7833
vt 5.21671 11.7827
v 2.1 29.8473 -26.8424
vt 5.15761 11.8473
v 2.1 29.9106 -26.903
vt 5.09696 11.9106
v 2.1 29.9724 -26.9652
vt 5.03482 11.9724
v 2.1 30.0326 -27.0288
vt 4.9712 12.0326
v 2.1 30.0913 -27.0938
vt 4.90615 12.0913
v 2.1 30.1485 -27.1603
vt 4.83971 12.1485
v 2.1 30.204 -27.2281
vt 4.77191 12.204
v 2.1 30.2578 -27.2972
vt 4.7028 12.2578
v 2.1 30.31 -27.3676
vt 4.63241 12.31
v 2.1 30.3605 -27.4392
vt 4.56078 12.3605
v 2.1 30.4092 -27.512
vt 4.48796 12.4092
v 2.1 30.4562 -27.586
vt 4.41399 12.4562
v 2.1 30.5014 -27.6611
vt 4.3389 12.5014
v 2.1 30.5447 -27.7372
vt 4.26276 12.5447
v 2.1 30.5862 -27.8144
vt 4.18559 12.5862
v 2.1 30.6259 -27.8926
vt 4.10744 12.6259
v 2.1 30.6636 -27.9716
vt 4.02836 12.6636
v 2.1 30.6994 -28.0516
vt 3.9484 12.6994
v 2.1 30.7333 -28.1324
vt 3.8676 12.7333
v 2.1 30.7653 -28.214
vt 3.78601 12.7653
v 2.1 30.7952 -28.2963
vt 3.70367 12.7952
v 2.1 30.8232 -28.3794
vt 3.62063 12.8232
v 2.1 30.8492 -28.4631
vt 3.53694 12.8492
v 2.1 30.8731 -28.5473
vt 3.45266 12.8731
v 2.1 30.895 -28.6322
vt 3.36782 12.895
v 2.1 30.9149 -28.7175
vt 3.28247 12.9149
v 2.1 30.9327 -28.8033
vt 3.19668 12.9327
v 2.1 30.9484 -28.8895
vt 3.11048 12.9484
v 2.1 30.9621 -28.9761
vt 3.02393 12.9621
v 2.1 30.9737 -29.0629
vt 2.93707 12.9737
v 2.1 30.9831 -29.15
vt 2.84996 12.9831
v 2.1 30.9905 -29.2374
vt 2.76265 12.9905
f 1173/3076/541 1174/3077/541 1172/3078/541 1170/3079/541 1171/3080/541 1175/3081/541 1176/3082/541 1177/3083/541 1178/3084/541 1179/3085/541 1180/3086/541 1181/3087/541 1182/3088/541 1183/3089/541 1184/3090/541 1185/3091/541 1186/3092/541 1187/3093/541 1188/3094/541 1189/3095/541 1190/3096/541 1191/3097/541 1192/3098/541 1193/3099/541 1194/3100/541 1195/3101/541 1196/3102/541 1197/3103/541 1198/3104/541 1199/3105/541 1200/3106/541 1201/3107/541 1202/3108/541 1203/3109/541 1204/3110/541 1205/3111/541 1206/3112/541 1207/3113/541 1208/3114/541 1209/3115/541 1210/3116/541 1211/3117/541 1212/3118/541 1213/3119/541 1214/3120/541 1215/3121/541 1216/3122/541 1217/3123/541 1218/3124/541 1219/3125/541 1220/3126/541 1221/3127/541 1222/3128/541 1223/3129/541 

vt 57.9863 -2.11666
vn 3.37896e-14 0.99971 0.0240701
vt 57.9863 -2.20428
vn 3.72001e-14 0.998841 0.0481263
vt 113.986 -2.20428
vt 113.986 -2.11666
f 1174/3130/542 1173/3131/543 1120/3132/543 1119/3133/542 

vt 57.9863 -1.88871
vt 57.9863 -1.97633
vn 4.0589e-14 0.997393 0.0721546
vt 113.986 -1.97633
vt 113.986 -1.88871
f 1173/3134/543 1223/3135/544 1121/3136/544 1120/3137/543 

vt 57.9863 -1.65965
vt 57.9863 -1.74727
vn 4.39543e-14 0.995368 0.0961411
vt 113.986 -1.74727
vt 113.986 -1.65965
f 1223/3138/544 1222/3139/545 1122/3140/545 1121/3141/544 

vt 57.9863 -1.42959
vt 57.9863 -1.51722
vn 4.72943e-14 0.992765 0.120072
vt 113.986 -1.51722
vt 113.986 -1.42959
f 1222/3142/545 1221/3143/546 1123/3144/546 1122/3145/545 

vt 57.9863 -1.19869
vt 57.9863 -1.28631
vn 5.06068e-14 0.989587 0.143933
vt 113.986 -1.28631
vt 113.986 -1.19869
f 1221/3146/546 1220/3147/547 1124/3148/547 1123/3149/546 

vt 57.9863 -0.967059
vt 57.9863 -1.05468
vn 5.389e-14 0.985836 0.167711
vt 113.986 -1.05468
vt 113.986 -0.967059
f 1220/3150/547 1219/3151/548 1125/3152/548 1124/3153/547 

vt 57.9863 -0.734847
vt 57.9863 -0.82247
vn 5.71419e-14 0.981514 0.191391
vt 113.986 -0.82247
vt 113.986 -0.734847
f 1219/3154/548 1218/3155/549 1126/3156/549 1125/3157/548 

vt 57.9863 -0.502183
vt 57.9863 -0.589807
vn 6.03607e-14 0.976623 0.214961
vt 113.986 -0.589807
vt 113.986 -0.502183
f 1218/3158/549 1217/3159/550 1127/3160/550 1126/3161/549 

vt 57.9863 -0.269203
vt 57.9863 -0.356827
vn 6.35446e-14 0.971166 0.238406
vt 113.986 -0.356827
vt 113.986 -0.269203
f 1217/3162/550 1216/3163/551 1128/3164/551 1127/3165/550 

vt 57.9863 -0.036042
vt 57.9863 -0.123665
vn 6.73979e-14 0.965146 0.261713
vt 113.986 -0.123665
vt 113.986 -0.036042
f 1216/3166/551 1215/3167/552 1129/3168/552 1128/3169/551 

vt 57.9863 0.197166
vt 57.9863 0.109542
vn 7.12722e-14 0.958567 0.284869
vt 113.986 0.109542
vt 113.986 0.197166
f 1215/3170/552 1214/3171/553 1130/3172/553 1129/3173/552 

vt 113.986 0.430284
vt 57.9863 0.430284
vt 57.9863 0.342661
vn 7.36339e-14 0.951432 0.307859
vt 113.986 0.342661
f 1130/3174/553 1214/3175/553 1213/3176/554 1131/3177/554 

vt 57.9863 0.663179
vt 57.9863 0.575556
vn 7.58938e-14 0.943746 0.330671
vt 113.986 0.575556
vt 113.986 0.663179
f 1213/3178/554 1212/3179/555 1132/3180/555 1131/3181/554 

vt 57.9863 0.895715
vt 57.9863 0.808092
vn 7.98175e-14 0.935513 0.353291
vt 113.986 0.808092
vt 113.986 0.895715
f 1212/3182/555 1211/3183/556 1133/3184/556 1132/3185/555 

vt 57.9863 1.12776
vt 57.9863 1.04013
vn 8.37531e-14 0.926739 0.375707
vt 113.986 1.04013
vt 113.986 1.12776
f 1211/3186/556 1210/3187/557 1134/3188/557 1133/3189/556 

vt 113.986 1.35917
vt 57.9863 1.35917
vt 57.9863 1.27155
vn 8.56998e-14 0.917427 0.397905
vt 113.986 1.27155
f 1134/3190/557 1210/3191/557 1209/3192/558 1135/3193/558 

vt 57.9863 1.58982
vt 57.9863 1.5022
vn 8.75398e-14 0.907583 0.419872
vt 113.986 1.5022
vt 113.986 1.58982
f 1209/3194/558 1208/3195/559 1136/3196/559 1135/3197/558 

vt 57.9863 1.81958
vt 57.9863 1.73196
vn 9.03286e-14 0.897214 0.441596
vt 113.986 1.73196
vt 113.986 1.81958
f 1208/3198/559 1207/3199/560 1137/3200/560 1136/3201/559 

vt 57.9863 2.04831
vt 57.9863 1.96068
vn 9.30651e-14 0.886325 0.463064
vt 113.986 1.96068
vt 113.986 2.04831
f 1207/3202/560 1206/3203/561 1138/3204/561 1137/3205/560 

vt 57.9863 2.27587
vt 57.9863 2.18825
vn 9.57477e-14 0.874922 0.484264
vt 113.986 2.18825
vt 113.986 2.27587
f 1206/3206/561 1205/3207/562 1139/3208/562 1138/3209/561 

vt 57.9863 2.50215
vt 57.9863 2.41452
vn 9.83748e-14 0.863012 0.505183
vt 113.986 2.41452
vt 113.986 2.50215
f 1205/3210/562 1204/3211/563 1140/3212/563 1139/3213/562 

vt 57.9863 2.72699
vt 57.9863 2.63937
vn 1.00945e-13 0.850602 0.525809
vt 113.986 2.63937
vt 113.986 2.72699
f 1204/3214/563 1203/3215/564 1141/3216/564 1140/3217/563 

vt 57.9863 2.95029
vt 57.9863 2.86266
vn 1.03457e-13 0.8377 0.546131
vt 113.986 2.86266
vt 113.986 2.95029
f 1203/3218/564 1202/3219/565 1142/3220/565 1141/3221/564 

vt 57.9863 3.17189
vt 57.9863 3.08427
vn 1.05908e-13 0.824312 0.566136
vt 113.986 3.08427
vt 113.986 3.17189
f 1202/3222/565 1201/3223/566 1143/3224/566 1142/3225/565 

vt 57.9863 3.39169
vt 57.9863 3.30407
vn 1.08298e-13 0.810446 0.585814
vt 113.986 3.30407
vt 113.986 3.39169
f 1201/3226/566 1200/3227/567 1144/3228/567 1143/3229/566 

vt 57.9863 3.60955
vt 57.9863 3.52192
vn 1.10626e-13 0.79611 0.605151
vt 113.986 3.52192
vt 113.986 3.60955
f 1200/3230/567 1199/3231/568 1145/3232/568 1144/3233/567 

vt 57.9863 3.82534
vt 57.9863 3.73771
vn 1.12889e-13 0.781314 0.624139
vt 113.986 3.73771
vt 113.986 3.82534
f 1199/3234/568 1198/3235/569 1146/3236/569 1145/3237/568 

vt 57.9863 4.03894
vt 57.9863 3.95131
vn 1.15087e-13 0.766064 0.642764
vt 113.986 3.95131
vt 113.986 4.03894
f 1198/3238/569 1197/3239/570 1147/3240/570 1146/3241/569 

vt 57.9863 4.25022
vt 57.9863 4.1626
vn 1.17219e-13 0.750371 0.661017
vt 113.986 4.1626
vt 113.986 4.25022
f 1197/3242/570 1196/3243/571 1148/3244/571 1147/3245/570 

vt 57.9863 4.45907
vt 57.9863 4.37144
vn 1.19282e-13 0.734243 0.678887
vt 113.986 4.37144
vt 113.986 4.45907
f 1196/3246/571 1195/3247/572 1149/3248/572 1148/3249/571 

vt 57.9863 4.66536
vt 57.9863 4.57773
vn 1.21276e-13 0.717689 0.696364
vt 113.986 4.57773
vt 113.986 4.66536
f 1195/3250/572 1194/3251/573 1150/3252/573 1149/3253/572 

vt 57.9863 4.86897
vt 57.9863 4.78134
vn 1.232e-13 0.700719 0.713437
vt 113.986 4.78134
vt 113.986 4.86897
f 1194/3254/573 1193/3255/574 1151/3256/574 1150/3257/573 

vt 57.9863 4.98216
vn 1.25053e-13 0.683344 0.730097
vt 113.986 4.98216
vt 113.986 5.06978
vt 57.9863 5.06978
f 1192/3258/575 1152/3259/575 1151/3260/574 1193/3261/574 

vt 57.9863 5.26768
vt 57.9863 5.18006
vn 1.26833e-13 0.665572 0.746333
vt 113.986 5.18006
vt 113.986 5.26768
f 1192/3262/575 1191/3263/576 1153/3264/576 1152/3265/575 

vt 57.9863 5.37493
vn 1.2854e-13 0.647415 0.762137
vt 113.986 5.37493
vt 113.986 5.46256
vt 57.9863 5.46256
f 1190/3266/577 1154/3267/577 1153/3268/576 1191/3269/576 

vt 57.9863 5.56667
vn 1.30172e-13 0.628883 0.7775
vt 113.986 5.56667
vt 113.986 5.65429
vt 57.9863 5.65429
f 1189/3270/578 1155/3271/578 1154/3272/577 1190/3273/577 

vt 57.9863 5.75515
vn 1.31729e-13 0.609986 0.792412
vt 113.986 5.75515
vt 113.986 5.84277
vt 57.9863 5.84277
f 1188/3274/579 1156/3275/579 1155/3276/578 1189/3277/578 

vt 57.9863 5.94027
vn 1.33209e-13 0.590736 0.806865
vt 113.986 5.94027
vt 113.986 6.0279
vt 57.9863 6.0279
f 1187/3278/580 1157/3279/580 1156/3280/579 1188/3281/579 

vt 57.9863 6.12193
vn 1.34612e-13 0.571144 0.82085
vt 113.986 6.12193
vt 113.986 6.20955
vt 57.9863 6.20955
f 1186/3282/581 1158/3283/581 1157/3284/580 1187/3285/580 

vt 57.9863 6.30001
vn 1.38111e-13 0.55122 0.83436
vt 113.986 6.30001
vt 113.986 6.38764
vt 57.9863 6.38764
f 1185/3286/582 1159/3287/582 1158/3288/581 1186/3289/581 

vt 57.9863 6.47442
vn 1.41563e-13 0.530977 0.847386
vt 113.986 6.47442
vt 113.986 6.56205
vt 57.9863 6.56205
f 1184/3290/583 1160/3291/583 1159/3292/582 1185/3293/582 

vt 57.9863 6.64505
vn 1.40557e-13 0.510427 0.859921
vt 113.986 6.64505
vt 113.986 6.73268
vt 57.9863 6.73268
f 1183/3294/584 1161/3295/584 1160/3296/583 1184/3297/583 

vt 57.9863 6.89943
vt 57.9863 6.81181
vn 1.39438e-13 0.48958 0.871958
vt 113.986 6.81181
vt 113.986 6.89943
f 1183/3298/584 1182/3299/585 1162/3300/585 1161/3301/584 

vt 57.9863 6.97459
vn 1.40444e-13 0.46845 0.88349
vt 113.986 6.97459
vt 113.986 7.06221
vt 57.9863 7.06221
f 1181/3302/586 1163/3303/586 1162/3304/585 1182/3305/585 

vt 57.9863 7.1333
vn 1.41368e-13 0.447049 0.894509
vt 113.986 7.1333
vt 113.986 7.22093
vt 57.9863 7.22093
f 1180/3306/587 1164/3307/587 1163/3308/586 1181/3309/586 

vt 57.9863 7.28786
vn 1.42211e-13 0.425389 0.905011
vt 113.986 7.28786
vt 113.986 7.37548
vt 57.9863 7.37548
f 1179/3310/588 1165/3311/588 1164/3312/587 1180/3313/587 

vt 57.9863 7.43817
vn 1.42971e-13 0.403482 0.914988
vt 113.986 7.43817
vt 113.986 7.52579
vt 57.9863 7.52579
f 1178/3314/589 1166/3315/589 1165/3316/588 1179/3317/588 

vt 57.9863 7.58414
vn 1.43649e-13 0.381341 0.924435
vt 113.986 7.58414
vt 113.986 7.67176
vt 57.9863 7.67176
f 1177/3318/590 1167/3319/590 1166/3320/589 1178/3321/589 

vt 57.9863 7.72569
vn 1.41531e-13 0.36459 0.931168
vt 113.986 7.72569
vt 113.986 7.81332
vt 57.9863 7.81332
f 1176/3322/591 1168/3323/591 1167/3324/590 1177/3325/590 

vt 57.9863 -3.58979
vn 1.391e-13 0.358979 0.933346
vt 113.986 -3.58979
vt 113.986 7.8386
vt 57.9863 7.8386
f 1175/3326/592 1169/3327/592 1168/3328/591 1176/3329/591 

vt 8.56066e-45 57.9863
vn -1.69561e-15 -1 2.39708e-28
vt -1.36424e-12 113.986
vt -10 113.986
vt -10 57.9863
f 1171/3330/593 1116/3331/593 1169/3332/593 1175/3333/593 

vt 57.9863 -2.34335
vt 57.9863 -2.43098
vt 113.986 -2.43098
vt 113.986 -2.34335
f 1172/3334/540 1174/3335/542 1119/3336/542 1118/3337/540 

g Mesh28 Component_5_1 Group1 Model

v 58.1 10 -32
vt 4.54747e-13 0
vn 1 -1.26218e-29 -1.40929e-13
v 58.1 18 -32
vt 4.54747e-13 8
v 58.1 18 -1.31685e-09
vt -32 8
v 58.1 10 -1.31685e-09
vt -32 0
f 1224/3338/594 1225/3339/594 1226/3340/594 1227/3341/594 

v 2.1 18 -32
vt -28 8
vn -1.52883e-13 -3.15544e-30 -1
vt -84 8
vt -84 1.92459e-57
v 2.1 10 -32
vt -28 1.57083e-57
f 1228/3342/595 1225/3343/595 1224/3344/595 1229/3345/595 

vt -4.54747e-13 84
vn 1.26218e-29 1 -3.15544e-30
vt 1.13687e-13 28
v 2.1 18 -1.30782e-09
vt 32 28
vt 32 84
f 1225/3346/596 1228/3347/596 1230/3348/596 1226/3349/596 

v 2.1 10 -1.30782e-09
vt 32 0
vn -1 1.26218e-29 1.40929e-13
vt 32 8
vt 1.13687e-13 8
vt 1.13687e-13 0
f 1231/3350/597 1230/3351/597 1228/3352/597 1229/3353/597 

vt 28 1.12104e-43
vn 1.63215e-13 3.15544e-30 1
vt 84 1.12104e-43
vt 84 8
vt 28 8
f 1231/3354/598 1227/3355/598 1226/3356/598 1230/3357/598 

vt 4.54747e-13 84
vn -8.03204e-30 -1 3.15544e-30
vt -32 84
vt -32 28
vt -1.13687e-13 28
f 1224/3358/599 1227/3359/599 1231/3360/599 1229/3361/599 

g Mesh29 Component_277_1 Group1 Model

usemtl FrontColor
v 4.79395e-09 15 -31.9
vt 2.9 1
vn 0 0 1
v 4.79395e-09 14 -31.9
vt 2.9 0
v 2.1 14 -31.9
vt 5 0
v 2.1 15 -31.9
vt 5 1
f 1232/3362/600 1233/3363/600 1234/3364/600 1235/3365/600 

vt 0.1 1
vn -1 0 -0
v 0 15 -34.1
vt -2.1 1
v 0 14 -34.1
vt -2.1 0
vt 0.1 0
f 1232/3366/601 1236/3367/601 1237/3368/601 1233/3369/601 

v 2.1 15 -32
vn 0 1 -0
v 0.1 15 -32
vt 3 6.8485e-10
v 0.1 15 -34
vt 3 2
v 2.1 15 -34
vt 5 2
v 2.1 15 -32
v 2.2 15 -32
vt 5.1 3.38264e-09
v 2.2 15 -34.1
vt 5.1 2.1
vt 2.9 2.1
vt 2.9 -0.1
vt 5 -0.1
f 1238/3364/602 1239/3370/602 1240/3371/602 1241/3372/602 1242/3364/602 1243/3373/602 1244/3374/602 1236/3375/602 1232/3376/602 1235/3377/602 

v 2.1 14 -32
vt -5 0
vn 3.42425e-10 0 -1
v 0.1 14 -32
vt -3 0
vt -3 1
vt -5 1
f 1245/3378/603 1246/3379/603 1239/3380/603 1238/3381/603 

vt -3 6.8485e-10
vt -5 -0.1
vt -2.9 -0.1
vt -2.9 2.1
v 2.2 14 -34.1
vt -5.1 2.1
v 2.2 14 -32
vt -5.1 3.38264e-09
v 2.1 14 -32
v 2.1 14 -34
vt -5 2
v 0.1 14 -34
vt -3 2
f 1246/3382/65 1245/3378/65 1234/3383/65 1233/3384/65 1237/3385/65 1247/3386/65 1248/3387/65 1249/3378/65 1250/3388/65 1251/3389/65 

vt 0 0
vn 1 0 -0
vt 0 1
vt -0.1 1
vt -0.1 0
f 1245/3390/604 1238/3391/604 1235/3392/604 1234/3393/604 

vt 5.1 1
vn 3.38264e-08 0 1
vt 5.1 0
f 1243/3394/605 1238/3365/605 1245/3364/605 1248/3395/605 

vt -2 1
vn -1 0 3.37851e-08
vt 1.68925e-07 0
vt 1.68925e-07 1
f 1241/3396/606 1250/129/606 1245/3397/606 1238/3398/606 

vt 3 0
vn 2.63562e-08 0 1
vt 3 1
f 1251/3399/607 1250/3364/607 1241/3365/607 1240/3400/607 

vt -2.55266e-09 0
vn 1 0 -1.07917e-09
vt 2 1
vt -2.55266e-09 1
f 1246/3401/608 1251/132/608 1240/3402/608 1239/3403/608 

vt 2.1 1
vn 1 0 -2.63563e-08
vt -1.31035e-07 1
vt -1.31035e-07 0
vt 2.1 0
f 1244/3404/609 1243/3405/609 1248/3406/609 1247/3407/609 

vt -2.9 1
vn -2.28283e-09 0 -1
vt -5.1 1
vt -5.1 0
vt -2.9 0
f 1236/3408/610 1244/3409/610 1247/3410/610 1237/3411/610 

g Mesh30 Component_278_1 Group1 Model

v 7.1 27 -34
vt 2.93312e-11 1.46656e-11
vn 1.46656e-11 7.3328e-12 1
v 8.1 27 -34
vt 1 1.46656e-11
v 8.1 29 -34
vt 1 2
v 7.1 29 -34
vt 9.12451e-09 2
f 1252/3412/611 1253/3413/611 1254/3414/611 1255/3415/611 

v 8.1 27 -32
vt 7.88674e-10 -6.61209e-14
vn 1 6.61209e-14 -3.12407e-13
v 8.1 26.9 -32
vt 7.88674e-10 -0.1
v 8.1 26.9 -34.1
vt 2.1 -0.1
v 8.1 29.1 -34.1
vt 2.1 2.1
v 8.1 29.1 -32
vt -3.12407e-13 2.1
v 8.1 29 -32
vt -3.12407e-13 2
vt 2 -6.61209e-14
f 1256/3416/612 1257/3417/612 1258/3418/612 1259/3419/612 1260/3420/612 1261/3421/612 1254/9/612 1253/3422/612 

vt 1 0
vn 1.41014e-32 0 1
v 7.1 27 -32
vt 1.11258e-41 0
v 7.1 26.9 -32
vt 1.11258e-41 -0.1
vt 1 -0.1
f 1256/3423/613 1262/3424/613 1263/3425/613 1257/3426/613 

vt -7.88987e-10 0
vn -1 0 -1.41014e-32
v 7.1 26.9 -34
vt -2 -0.1
vt -7.88987e-10 -0.1
f 1262/3427/614 1252/129/614 1264/3428/614 1263/3429/614 

vn -1 4.31386e-09 1.55065e-11
vt -2 1.33785e-19
v 7.1 29 -32
vt 1.41034e-19 2
v 7.1 29.1 -32
vt 1.41034e-19 2.1
v 7.1 29.1 -34.1
vt -2.1 2.1
v 7.1 26.9 -34.1
vt -2.1 -0.1
f 1264/3428/615 1252/3430/615 1255/2/615 1265/3431/615 1266/3432/615 1267/3433/615 1268/3434/615 

vt -9.09518e-09 0
vt -9.09518e-09 2
vt -1 2
vt -1 0
f 1265/3435/65 1255/3436/65 1254/3437/65 1261/3438/65 

vt 9.09518e-09 2
vt 1 2.1
vt 9.09518e-09 2.1
f 1265/3439/613 1261/3414/613 1260/3440/613 1266/3441/613 

vn -6.72084e-25 1 -1.91222e-13
vt 9.0937e-09 2.1
vt 9.09518e-09 -4.01566e-13
vt 1 -4.01566e-13
f 1259/3440/616 1267/3442/616 1266/3443/616 1260/3444/616 

vt -1 2.1
vn -1.46656e-11 -7.3328e-12 -1
vt -1 -0.1
vt -2.93198e-11 -0.1
vt -9.1245e-09 2.1
f 1259/3445/617 1258/3446/617 1268/3447/617 1267/3448/617 

vt -1 7.88987e-10
vt 0 7.88987e-10
vt 0 2
vt 1.47793e-12 2.1
f 1258/3445/65 1257/3449/65 1263/3450/65 1264/3451/65 1268/3452/65 

g Mesh31 Component_277_2 Group1 Model

v 58.1 15 -31.9
v 58.1 14 -31.9
v 60.2 14 -31.9
v 60.2 15 -31.9
f 1269/3365/600 1270/3364/600 1271/3363/600 1272/3362/600 

v 58.1 15 -32
v 58.1 14 -32
f 1270/3393/601 1269/3392/601 1273/3391/601 1274/3390/601 

v 60.2 15 -34.1
v 58 15 -34.1
v 58 15 -32
v 58.1 15 -34
v 60.1 15 -34
v 60.1 15 -32
v 58.1 15 -32
f 1269/3377/602 1272/3376/602 1275/3375/602 1276/3374/602 1277/3373/602 1273/3364/602 1278/3372/602 1279/3371/602 1280/3370/602 1281/3364/602 

v 60.2 14 -34.1
f 1271/3369/604 1282/3368/604 1275/3367/604 1272/3366/604 

v 60.1 14 -34
v 58.1 14 -34
v 58 14 -32
v 58 14 -34.1
v 58.1 14 -32
v 60.1 14 -32
f 1283/3389/65 1284/3388/65 1274/3378/65 1285/3387/65 1286/3386/65 1282/3385/65 1271/3384/65 1270/3383/65 1287/3378/65 1288/3382/65 

vn -2.63562e-08 0 1
f 1279/3400/618 1278/3365/618 1284/3364/618 1283/3399/618 

vn 1 0 3.37851e-08
f 1273/3398/619 1274/3397/619 1284/129/619 1278/3396/619 

vn -3.42425e-10 0 -1
f 1273/3381/620 1280/3380/620 1288/3379/620 1274/3378/620 

vn -1 0 -1.07917e-09
f 1280/3403/621 1279/3402/621 1283/132/621 1288/3401/621 

vn -3.38264e-08 0 1
f 1285/3395/622 1274/3364/622 1273/3365/622 1277/3394/622 

vn -1 0 -2.63563e-08
f 1286/3407/623 1285/3406/623 1277/3405/623 1276/3404/623 

vn 2.28283e-09 0 -1
f 1282/3411/624 1286/3410/624 1276/3409/624 1275/3408/624 

g Mesh32 Component_278_2 Group1 Model

v 53.1 29 -34
vn -1.46656e-11 7.3328e-12 1
v 52.1 29 -34
v 52.1 27 -34
v 53.1 27 -34
f 1289/3415/625 1290/3414/625 1291/3413/625 1292/3412/625 

v 52.1 29 -32
v 53.1 29 -32
f 1293/3438/65 1290/3437/65 1289/3436/65 1294/3435/65 

vn -1 6.61209e-14 -3.12407e-13
v 52.1 29.1 -32
v 52.1 29.1 -34.1
v 52.1 26.9 -34.1
v 52.1 26.9 -32
v 52.1 27 -32
f 1291/3422/626 1290/9/626 1293/3421/626 1295/3420/626 1296/3419/626 1297/3418/626 1298/3417/626 1299/3416/626 

v 53.1 29.1 -32
vn -2.82028e-32 0 1
f 1300/3441/627 1295/3440/627 1293/3414/627 1294/3439/627 

vn 6.72084e-25 1 -1.91222e-13
v 53.1 29.1 -34.1
f 1295/3444/628 1300/3443/628 1301/3442/628 1296/3440/628 

v 53.1 26.9 -34.1
vn 1 4.31386e-09 1.55065e-11
v 53.1 26.9 -34
f 1302/3434/629 1301/3433/629 1300/3432/629 1294/3431/629 1289/2/629 1292/3430/629 1303/3428/629 

vn 1.46656e-11 -7.3328e-12 -1
f 1301/3448/630 1302/3447/630 1297/3446/630 1296/3445/630 

v 53.1 26.9 -32
f 1302/3452/65 1303/3451/65 1304/3450/65 1298/3449/65 1297/3445/65 

v 53.1 27 -32
f 1304/3429/604 1303/3428/604 1292/129/604 1305/3427/604 

f 1298/3426/627 1304/3425/627 1305/3424/627 1299/3423/627 

