# Alias OBJ Model File
# Exported from SketchUp, (c) 2000-2012 Trimble Navigation Limited
# File units = inches

mtllib 4 BRAVADA sofa 72.mtl

g Mesh1 Group2 Group1 Model

usemtl _Color_M06_4
v 70.1 8 -32
vt 68 4.94862e-09
vn -7.27738e-11 -1.0592e-20 1
v 70.1 10 -32
vt 68 2
v 2.1 10 -32
vt -1.48278e-19 2
v 2.1 8 -32
vt 2.91095e-10 -2.15816e-29
f 1/1/1 2/2/1 3/3/1 4/4/1 

vt 2.03767e-09 2
vn 1 7.27738e-11 7.27738e-11
vt 2.03767e-09 -2.76202e-17
v 70.1 8 -34
vt 2 -2.76096e-17
v 70.1 10 -34
vt 2 2
f 2/5/2 1/6/2 5/7/2 6/8/2 

vt -68 2
vn 7.27738e-11 -1 -0
vt -68 -2.91095e-09
vt -2.91095e-10 2.03752e-09
v 2.1 8 -34
vt -2.91095e-10 2
f 5/9/3 1/10/3 4/11/3 7/12/3 

vt -2.03752e-09 -2.11841e-20
vn -1 -7.27738e-11 -7.27738e-11
vt -2.03752e-09 2
v 2.1 10 -34
vt -2 2
vt -2 -1.0592e-20
f 4/13/4 3/14/4 8/15/4 7/16/4 

vt 68 -2.91095e-09
vn -7.27738e-11 1 -1.0592e-20
vt 4.36643e-10 2
vt 1.45548e-10 2.03752e-09
f 2/17/5 6/2/5 8/18/5 3/19/5 

vn 7.27738e-11 0 -1
vt -68 4.94862e-09
vt -1.45548e-10 0
vt -1.45548e-10 2
f 6/9/6 5/20/6 7/21/6 8/22/6 

g Mesh2 Group3 Group1 Model

v 70.1 8 1.13687e-13
v 70.1 10 1.13687e-13
v 2.1 10 -4.94836e-09
v 2.1 8 -4.94836e-09
f 9/1/1 10/2/1 11/3/1 12/4/1 

v 70.1 8 -2
v 70.1 10 -2
f 10/5/2 9/6/2 13/7/2 14/8/2 

v 2.1 8 -2
f 13/9/3 9/10/3 12/11/3 15/12/3 

v 2.1 10 -2
f 12/13/4 11/14/4 16/15/4 15/16/4 

f 10/17/5 14/2/5 16/18/5 11/19/5 

f 14/9/6 13/20/6 15/21/6 16/22/6 

g Mesh3 Group5 Group4 Group1 Model

v 16.225 10 -32
vt 0.75 30
vn 3.71259e-13 1 -2.27374e-13
v 15.475 10 -32
vt 1.28013e-11 30
v 15.475 10 -2
vt 1.84288e-11 -1.42109e-13
v 16.225 10 -2
vt 0.75 1.42109e-13
f 17/23/7 18/24/7 19/25/7 20/26/7 

vt -1.90425e-11 1.5
vn -1.89478e-13 -2.27374e-13 -1
vt -0.75 1.5
v 16.225 8.5 -32
vt -0.75 6.82121e-12
v 15.475 8.5 -32
vt -5.68434e-12 6.82121e-12
f 18/27/8 17/28/8 21/29/8 22/30/8 

vt 30 4.5775e-26
vn 1 -6.10333e-26 -1.89478e-13
vt 30 1.5
vt 3.41061e-13 1.5
v 16.225 8.5 -2
vt -1.42109e-13 6.82154e-12
f 21/31/9 17/32/9 20/33/9 23/34/9 

vt 0.75 1.5
vn 1.89478e-13 2.27374e-13 1
vt 1.89857e-11 1.5
v 15.475 8.5 -2
vt 5.6275e-12 6.82154e-12
vt 0.75 6.82154e-12
f 20/35/10 19/36/10 24/37/10 23/38/10 

vt -30 1.5
vn -1 8.90547e-12 1.89478e-13
vt -30 5.06217e-23
vt 1.06629e-24 6.82154e-12
vt -1.98952e-13 1.5
f 18/39/11 22/40/11 24/41/11 19/42/11 

vt 0 30
vn 0 -1 2.27374e-13
vt -0.75 30
vt -0.75 -1.55104e-24
vt -5.6275e-12 -1.55104e-24
f 22/43/12 21/44/12 23/45/12 24/46/12 

g Mesh4 Group6 Group4 Group1 Model

v 70.1 10 -18.5
vt -68 -8.0258e-12
vn -7.32874e-13 1.39466e-12 -1
v 2.1 10 -18.5
vt -7.32874e-13 6.59184e-12
v 2.1 10.125 -18.5
vt -7.89717e-13 0.125
v 70.1 10.125 -18.5
vt -68 0.125
f 25/47/13 26/48/13 27/49/13 28/50/13 

v 2.1 10 -17.5
vt -5.11591e-13 1.7053e-13
vn -2.35455e-13 -1 -1.39466e-12
vt 1.88046e-24 1
vt -68 1
v 70.1 10 -17.5
vt -68 2.07194e-11
f 29/51/14 26/52/14 25/53/14 30/54/14 

vt -1 7.9865e-12
vn -1 2.35455e-13 4.83169e-13
vt -1.7053e-13 7.9865e-12
v 2.1 10.125 -17.5
vt 2.47185e-25 0.125
vt -1 0.125
f 26/55/15 29/56/15 31/57/15 27/58/15 

vt 5.11591e-13 7.9865e-12
vn 7.33889e-13 -1.39466e-12 1
vt 68 -9.42002e-12
v 70.1 10.125 -17.5
vt 68 0.125
vt 5.11591e-13 0.125
f 29/59/16 30/60/16 32/61/16 31/62/16 

vt 2.07194e-11 6.59089e-12
vn 1 -2.35455e-13 -6.56759e-25
vt 1 9.37977e-12
vt 1 0.125
vt 2.05489e-11 0.125
f 30/63/17 25/64/17 28/65/17 32/66/17 

vt 2.74116e-14 1
vn 2.35455e-13 1 1.39466e-12
vt 4.82159e-13 1.74333e-13
vt 68 2.07232e-11
vt 68 1
f 27/67/18 31/68/18 32/69/18 28/70/18 

g Mesh5 Group7 Group4 Group1 Model

v 70.1 10 -7.5
v 2.1 10 -7.5
vt -7.32874e-13 6.59361e-12
v 2.1 10.125 -7.5
vt -7.32874e-13 0.125
v 70.1 10.125 -7.5
f 33/47/13 34/71/13 35/72/13 36/50/13 

v 2.1 10 -6.5
vt -4.54747e-13 1.7053e-13
vt 1.88088e-24 1
v 70.1 10 -6.5
f 37/73/14 34/74/14 33/53/14 38/54/14 

vt -1 7.98828e-12
vt -1.7053e-13 7.98828e-12
v 2.1 10.125 -6.5
f 34/75/15 37/76/15 39/57/15 35/58/15 

vt 4.54747e-13 7.98828e-12
v 70.1 10.125 -6.5
f 37/77/16 38/60/16 40/61/16 39/62/16 

f 38/63/17 33/64/17 36/65/17 40/66/17 

vt -2.94318e-14 1
f 35/78/18 39/68/18 40/69/18 36/70/18 

g Mesh6 Group8 Group4 Group1 Model

v 70.1 10 -29.5
v 2.1 10 -29.5
v 2.1 10.125 -29.5
v 70.1 10.125 -29.5
f 41/47/13 42/71/13 43/72/13 44/50/13 

v 2.1 10 -28.5
v 70.1 10 -28.5
f 45/73/14 42/74/14 41/53/14 46/54/14 

v 2.1 10.125 -28.5
f 42/75/15 45/76/15 47/57/15 43/58/15 

v 70.1 10.125 -28.5
f 45/77/16 46/60/16 48/61/16 47/62/16 

f 46/63/17 41/64/17 44/65/17 48/66/17 

f 43/78/18 47/68/18 48/69/18 44/70/18 

g Mesh7 Group9 Group4 Group1 Model

v 70.1 10 -13
v 2.1 10 -13
v 2.1 10.125 -13
v 70.1 10.125 -13
f 49/47/13 50/71/13 51/72/13 52/50/13 

v 2.1 10 -12
v 70.1 10 -12
f 53/73/14 50/74/14 49/53/14 54/54/14 

v 2.1 10.125 -12
f 50/75/15 53/76/15 55/57/15 51/58/15 

v 70.1 10.125 -12
f 53/77/16 54/60/16 56/61/16 55/62/16 

f 54/63/17 49/64/17 52/65/17 56/66/17 

f 51/78/18 55/68/18 56/69/18 52/70/18 

g Mesh8 Group10 Group4 Group1 Model

v 70.1 10 -24
v 2.1 10 -24
v 2.1 10.125 -24
v 70.1 10.125 -24
f 57/47/13 58/48/13 59/72/13 60/50/13 

v 2.1 10 -23
v 70.1 10 -23
f 61/73/14 58/52/14 57/53/14 62/54/14 

v 2.1 10.125 -23
f 58/55/15 61/56/15 63/57/15 59/58/15 

vt 4.54747e-13 7.9865e-12
v 70.1 10.125 -23
f 61/79/16 62/60/16 64/61/16 63/62/16 

f 62/63/17 57/64/17 60/65/17 64/66/17 

f 59/78/18 63/68/18 64/69/18 60/70/18 

g Mesh9 Group11 Group4 Group1 Model

v 29.725 10 -32
v 28.975 10 -32
v 28.975 10 -2
v 29.725 10 -2
f 65/23/7 66/24/7 67/25/7 68/26/7 

v 29.725 8.5 -32
v 28.975 8.5 -32
f 66/27/8 65/28/8 69/29/8 70/30/8 

v 29.725 8.5 -2
f 69/31/9 65/32/9 68/33/9 71/34/9 

v 28.975 8.5 -2
f 68/35/10 67/36/10 72/37/10 71/38/10 

f 66/39/11 70/40/11 72/41/11 67/42/11 

f 70/43/12 69/44/12 71/45/12 72/46/12 

g Mesh10 Group12 Group4 Group1 Model

v 43.225 10 -32
v 42.475 10 -32
v 42.475 10 -2
v 43.225 10 -2
f 73/23/7 74/24/7 75/25/7 76/26/7 

v 43.225 8.5 -32
v 42.475 8.5 -32
f 74/27/8 73/28/8 77/29/8 78/30/8 

v 43.225 8.5 -2
f 77/31/9 73/32/9 76/33/9 79/34/9 

v 42.475 8.5 -2
f 76/35/10 75/36/10 80/37/10 79/38/10 

f 74/39/11 78/40/11 80/41/11 75/42/11 

f 78/43/12 77/44/12 79/45/12 80/46/12 

g Mesh11 Group13 Group4 Group1 Model

v 56.725 10 -32
v 55.975 10 -32
v 55.975 10 -2
v 56.725 10 -2
f 81/23/7 82/24/7 83/25/7 84/26/7 

v 56.725 8.5 -32
v 55.975 8.5 -32
f 82/27/8 81/28/8 85/29/8 86/30/8 

v 56.725 8.5 -2
f 85/31/9 81/32/9 84/33/9 87/34/9 

v 55.975 8.5 -2
f 84/35/10 83/36/10 88/37/10 87/38/10 

f 82/39/11 86/40/11 88/41/11 83/42/11 

f 86/43/12 85/44/12 87/45/12 88/46/12 

g Mesh12 Group15 Group14 Group1 Model

v 72.1 8 -2
vt -2 8
vn 7.98737e-11 3.5552e-11 -1
v 72.1 0 -2
vt -2 -7.1104e-11
v 70.1 2.83995e-11 -2
vt 1.59747e-10 -4.27045e-11
v 70.1 8 -2
vt -1.31348e-10 8
f 89/80/19 90/81/19 91/82/19 92/83/19 

vt 2 8
vn 1 -1.41998e-11 7.98737e-11
v 72.1 10 -7.88447e-10
vt 1.59747e-10 10
v 72.1 0 -7.88447e-10
vt 1.59747e-10 2.83995e-11
vt 2 2.83995e-11
f 89/84/20 93/85/20 94/86/20 90/87/20 

vt -2 7.07107
vn 6.652e-11 0.707107 -0.707107
vt -2 4.24264
vt -1.02948e-10 4.24264
v 70.1 10 -9.48205e-10
vt 1.50291e-20 7.07107
f 93/88/21 89/89/21 92/90/21 95/91/21 

vt -1.59758e-10 10
vn -1 1.41998e-11 -7.98737e-11
vt -2 2.83995e-11
v 70.1 2.83995e-11 -9.48205e-10
vt -1.59758e-10 2.83995e-11
f 95/92/22 92/80/22 91/93/22 96/94/22 

vn -1.41998e-11 -1 -0
vt -2 0
vt 4.03267e-22 1.59758e-10
vt 4.03267e-22 2
f 90/15/23 94/95/23 96/96/23 91/97/23 

vt 2 0
vn -7.98737e-11 0 1
vt 2 10
vt -1.27605e-20 10
vt -1.27605e-20 2.83995e-11
f 94/98/24 93/99/24 95/100/24 96/101/24 

g Mesh13 Group16 Group14 Group1 Model

v 2.1 8 -2
v 2.1 0 -2
v 0.1 2.83995e-11 -2
v 0.1 8 -2
f 97/80/19 98/81/19 99/82/19 100/83/19 

v 2.1 10 -0
v 2.1 0 -0
f 97/84/20 101/85/20 102/86/20 98/87/20 

v 0.1 10 -1.59758e-10
f 101/88/21 97/89/21 100/90/21 103/91/21 

v 0.1 2.83995e-11 -1.59758e-10
f 103/92/22 100/80/22 99/93/22 104/94/22 

f 98/15/23 102/95/23 104/96/23 99/97/23 

f 102/98/24 101/99/24 103/100/24 104/101/24 

g Mesh14 Group17 Group14 Group1 Model

v 2.1 27 -32
vt -2 1.90653e-10
vn -9.10988e-12 -1 1.49214e-13
v 2.1 27 -34
v 70.1 27 -34
vt -70 2
v 70.1 27 -32
vt -70 1.42381e-09
f 105/102/25 106/15/25 107/103/25 108/104/25 

v 0.1 29 -34
vt -2 1.41421
vn -0.707107 -0.707107 1.77988e-11
vt -2 -1.41421
vt -1.4031e-10 -1.41421
v 0.1 29 -32
vt 1.76134e-21 1.41421
f 109/105/26 106/106/26 105/107/26 110/108/26 

vt -1.23598e-10 2
vn -6.1799e-11 -1.09808e-09 -1
v 72.1 29 -34
vt -72 2
vt -70 -1.06431e-10
vt -2 2.87297e-09
f 109/109/27 111/110/27 107/111/27 106/112/27 

vt -6.60846e-11 -1.27963e-09
vn 6.80294e-11 1 -6.39813e-10
v 72.1 29 -32
vt 72 2.23636e-08
vt 72 2
vt -1.36059e-10 2
f 110/113/28 112/114/28 111/115/28 109/116/28 

vt 2 6.57209e-10
vn 1.82113e-10 5.50719e-09 1
vt 70 2.76284e-10
vt 6.99742e-11 2
f 105/117/29 108/118/29 112/115/29 110/119/29 

vt -5.90577e-07 52.3259
vn 0.707107 -0.707107 -6.03221e-09
vt -5.95734e-07 49.4975
vt 2 49.4975
vt 2 52.3259
f 112/120/30 108/121/30 107/122/30 111/123/30 

v 72.1 27 -34
vt -72 2.76493e-10
vn -9.82027e-09 -1.28944e-09 -1
vt -70 2.76287e-10
f 113/124/31 107/125/31 111/110/31

g Mesh15 Group18 Group14 Group1 Model

v 72.1 8 -2
vt 2 -1.41421
vn 1.83939e-11 -0.707107 0.707107
v 72.1 10 -7.88447e-10
vt 2 1.41421
v 70.1 10 -8.89798e-10
vt 2.63646e-21 1.41421
v 70.1 8 -2
vt 3.43121e-10 -1.41421
f 114/126/32 115/127/32 116/128/32 117/129/32 

v 72.1 8 -34
vt 34 -8.99409e-19
vn 1 7.66853e-11 5.06724e-11
v 72.1 10 -32
vt 32 2
vt 1.01345e-10 2
vt 2 9.68857e-09
f 118/130/33 119/131/33 115/132/33 114/133/33 

vt -2 -21.2132
vn -1.83939e-11 0.707107 -0.707107
vt -2 -24.0416
v 70.1 8 -34
vt -2.76067e-09 -24.0416
v 70.1 10 -32
vt -2.49031e-09 -21.2132
f 119/134/34 118/135/34 120/136/34 121/137/34 

vt -2 34
vn 7.66853e-11 -1 3.02768e-10
vt -1.87623e-09 34
f 118/138/35 114/15/35 117/12/35 120/139/35 

vt -32 2
vn -1 -7.66853e-11 -5.06724e-11
vt -34 -1.17613e-20
vt -2 9.68857e-09
vt -1.01352e-10 2
f 121/140/36 120/141/36 117/142/36 116/143/36 

vt 2 -5.84154e-10
vn -7.66853e-11 1 -2.92077e-10
vt 2 32
vt 1.81127e-09 32
vt 1.53371e-10 -4.82802e-10
f 115/144/37 119/145/37 121/146/37 116/147/37 

g Mesh16 Group19 Group14 Group1 Model

vt -2 21
vn -1 3.60764e-10 -1.57005e-10
v 0.1 8 -34
vt -2 6.73694e-10
v 0.1 10 -32
vt -1.0192e-10 2
v 0.1 29 -32
vt -4.54122e-10 21
f 109/148/38 122/149/38 123/150/38 124/151/38 

vt -1.26215e-10 7.35471e-10
vn -6.31075e-11 -3.08887e-11 -1
vt -7.32117e-09 21
vt -2 19
v 2.1 8 -34
vt -2 6.17773e-11
f 122/152/39 109/153/39 106/154/39 125/155/39 

vt 4.54122e-10 14.8492
vn 0.707107 0.707107 -6.07783e-11
v 2.1 27 -32
vt -7.97069e-11 12.0208
vt 2 12.0208
vt 2 14.8492
f 124/156/40 126/157/40 106/158/40 109/159/40 

v 2.1 10 -32
vn -8.54601e-11 1.00409e-11 1
vt 2 19
vt 7.2821e-09 21
vt 6.36646e-12 2
f 127/8/41 126/160/41 124/161/41 123/162/41 

vt 2.01144e-10 19
vn 1 -3.94193e-10 5.44721e-11
vt 1.08944e-10 2
vt 2 7.88386e-10
f 126/163/42 127/164/42 125/165/42 106/160/42 

vt 6.36646e-12 1.41421
vn -1.46941e-10 -0.707107 0.707107
vt -4.15613e-10 -1.41421
f 123/166/43 122/167/43 125/126/43 127/127/43 

g Mesh17 Group20 Group14 Group1 Model

v 70.1 27 -34
vn -1 -3.49403e-12 7.20055e-11
v 70.1 8 -34
vt -2 -5.4747e-22
v 70.1 10 -32
vt 1.48741e-20 2
vt -1.43814e-09 19
f 128/154/44 129/168/44 130/169/44 108/170/44 

vt -2.97263e-11 1.1733e-10
vn -8.5251e-12 -5.86652e-11 -1
vt -1.70502e-11 19
v 72.1 29 -34
v 72.1 8 -34
vt -2 1.1733e-10
f 129/171/45 128/172/45 131/148/45 132/173/45 

vt -1.43814e-09 13.435
vn -0.707107 0.707107 -5.99654e-11
v 72.1 29 -32
vt -1.75918e-09 16.2635
vt -2 16.2635
vt -2 13.435
f 108/174/46 133/175/46 131/176/46 128/177/46 

v 72.1 10 -32
vn -4.18088e-12 8.40772e-11 1
vt 2 21
vt 8.7141e-11 19
vt 2.06569e-10 2
f 134/8/47 133/178/47 108/179/47 130/180/47 

vt 2 -1.9788e-12
vn 1 9.894e-13 -1.17475e-12
vt 1.58722e-09 21
vt -2.3495e-12 2
f 132/181/48 131/178/48 133/182/48 134/183/48 

vt 2.06569e-10 1.41421
vn -6.91469e-13 -0.707107 0.707107
vt 1.07203e-11 -1.41421
f 130/184/49 129/185/49 132/126/49 134/127/49 

g Mesh18 Group21 Group14 Group1 Model

v 2.1 8 -2
v 2.1 10 -0
v 0.1 10 -1.01352e-10
v 0.1 8 -2
f 135/126/32 136/127/32 137/128/32 138/129/32 

f 125/130/33 127/131/33 136/132/33 135/133/33 

v 0.1 8 -34
v 0.1 10 -32
f 127/134/34 125/135/34 139/136/34 140/137/34 

f 125/138/35 135/15/35 138/12/35 139/139/35 

f 140/140/36 139/141/36 138/142/36 137/143/36 

f 136/144/37 127/145/37 140/146/37 137/147/37 

g Mesh19 Group22 Group1 Model

v 70.1 19 -32
vt 4.86637e-10 2
vn 1 -1.73799e-11 1.73799e-11
v 70.1 17 -32
vt 4.86637e-10 4.86637e-10
v 70.1 17 -34
vt 2 4.86637e-10
v 70.1 19 -34
f 141/186/50 142/187/50 143/188/50 144/8/50 

vt 68 -6.95195e-10
vn -1.73799e-11 6.0412e-22 1
v 2.1 19 -32
vt 6.95195e-11 2
v 2.1 17 -32
vt -8.45867e-21 4.86644e-10
f 142/189/51 141/2/51 145/190/51 146/191/51 

vn 1.73799e-11 1 -0
v 2.1 19 -34
vt 3.47598e-11 2
vt 3.47598e-11 4.86693e-10
f 141/189/52 144/2/52 147/192/52 145/193/52 

vn 1.73799e-11 0 -1
vt -68 -6.95195e-10
v 2.1 17 -34
vt -3.47598e-11 4.86644e-10
vt -3.47598e-11 2
f 144/9/53 143/194/53 148/195/53 147/196/53 

vn -1.73799e-11 -1 -6.0412e-22
vt 8.45781e-21 4.86693e-10
vt -6.95195e-11 2
f 143/9/54 142/194/54 146/197/54 148/198/54 

vt -4.86693e-10 4.86644e-10
vn -1 1.73799e-11 -1.73799e-11
vt -4.86693e-10 2
vt -2 4.86644e-10
f 146/199/55 145/200/55 147/15/55 148/201/55 

g Mesh20 Group23 Group1 Model

v 70.1 8.85604e-08 -34
vt -14 2
vn -2.49571e-09 -1 -2.49571e-09
v 72.1 7.85776e-08 -34
vt -16 2
v 72.1 7.85776e-08 -32
vt -16 1.99654e-08
v 70.1 7.85776e-08 -32
vt -14 1.99654e-08
f 149/202/56 150/203/56 151/204/56 152/205/56 

v 70.1 8 -34
vt -14 8
vn 1.2457e-17 2.49567e-09 -1
v 72.1 8 -34
vt -16 8
vt -16 -4.99135e-09
vt -14 4.99149e-09
f 153/206/57 154/207/57 150/208/57 149/209/57 

vt 16 2
vn 2.49571e-09 1 2.49571e-09
vt 14 2
v 70.1 8 -32
vt 14 1.99657e-08
v 72.1 8 -32
vt 16 1.99657e-08
f 154/210/58 153/211/58 155/212/58 156/213/58 

vt 1.74397e-16 8
vn -1 2.49567e-09 1.2457e-17
vt -2 4.49223e-08
vt -1.99654e-08 3.49394e-08
f 155/214/59 153/80/59 149/215/59 152/216/59 

vt 16 8
vn -3.67595e-26 -2.49567e-09 1
vt 14 8
vt 14 -4.98271e-17
vt 16 -4.98271e-17
f 156/217/60 155/218/60 152/219/60 151/220/60 

vn 1 -2.49567e-09 -3.67595e-26
vt -5.88151e-25 8
vt 1.99654e-08 3.99308e-08
vt 2 3.99308e-08
f 154/84/61 156/221/61 151/222/61 150/223/61 

g Mesh21 Group24 Group1 Model

v 0.1 9.65056e-08 -34
vt 2.49143e-17 2
v 2.1 8.65228e-08 -34
v 2.1 8.65228e-08 -32
vt -2 1.99654e-08
v 0.1 8.65228e-08 -32
vt 0 1.99654e-08
f 157/224/56 158/15/56 159/225/56 160/226/56 

v 0.1 8 -34
vt -1.99654e-08 8
vn 1.24571e-17 2.49571e-09 -1
v 2.1 8 -34
vt -2 -4.99142e-09
vt 2.49143e-17 4.99142e-09
f 161/227/62 162/80/62 158/228/62 157/229/62 

vt -2.80479e-13 2
v 0.1 8 -32
vt -2.80454e-13 1.99657e-08
v 2.1 8 -32
vt 2 1.99657e-08
f 162/8/58 161/230/58 163/231/58 164/232/58 

vt 2.48712e-25 8
vn -1 2.49571e-09 1.24571e-17
vt -2 9.98284e-09
vt -1.99654e-08 6.20712e-34
f 163/233/63 161/80/63 157/234/63 160/235/63 

vn 0 -2.49571e-09 1
vt 1.99654e-08 8
vt 0 -4.98278e-17
vt 2 -4.98278e-17
f 164/84/64 163/236/64 160/237/64 159/238/64 

vn 1 -2.49571e-09 -0
vt 0 8
vt 1.99654e-08 4.99142e-09
vt 2 4.99142e-09
f 162/84/65 164/239/65 159/240/65 158/241/65 

g Mesh22 Group26 Group25 Group1 Model

v 2.1 24 -1.40059e-09
vt 8.86757e-11 2
vn 1 -4.84676e-27 4.43379e-11
v 2.1 22 -2
vt 2 9.69352e-27
v 2.1 22 -32
vt 32 9.69352e-27
v 2.1 24 -32
f 165/242/66 166/243/66 167/244/66 168/131/66 

vn -3.13516e-11 -0.707107 0.707107
v 0.1 24 -1.48927e-09
vt -3.93169e-21 1.41421
v 0.1 22 -2
vt -3.93173e-21 -1.41421
f 166/126/67 165/127/67 169/245/67 170/246/67 

vt 2 -2.65885e-10
vn 5.89439e-21 1 -1.32943e-10
v 0.1 24 -32
vt 1.41881e-09 32
vt -1.17888e-20 -1.77209e-10
f 165/247/68 168/145/68 171/248/68 169/249/68 

vn 4.43379e-11 0 -1
v 0.1 22 -32
vt 7.74241e-21 0
vt 7.74241e-21 2
f 168/15/69 167/95/69 172/250/69 171/251/69 

vn 0 -1 -0
vt -8.86757e-11 2
vt -1.41881e-09 32
vt -2 32
f 166/15/70 170/252/70 172/253/70 167/254/70 

vt -2 -1.90561e-47
vn -1 4.84676e-27 -4.43379e-11
vt -32 -3.7527e-47
f 170/255/71 169/252/71 171/140/71 172/256/71 

g Mesh23 Group27 Group25 Group1 Model

v 0.1 22 -2
vt -3.10294e-10 7.07107
vn -7.83539e-11 0.707107 -0.707107
v 0.1 24 -1.40059e-09
vt -1.37512e-19 9.89949
v 2.1 24 -1.40059e-09
vt -2 9.89949
v 2.1 22 -2
f 173/257/72 174/258/72 175/259/72 176/88/72 

v 0.1 10 -1.59616e-10
vt 2.94362e-20 -1.13899e-19
vn -1 -9.1775e-11 2.37186e-11
vt -1.24098e-09 14
vt -2 12
v 0.1 10 -2
vt -2 -1.18252e-19
f 177/260/73 174/261/73 173/262/73 178/263/73 

vt 1.24106e-09 1.72873e-39
vn -1.57144e-20 8.86412e-11 1
v 2.1 10 -1.59616e-10
vt 2 3.54561e-10
vt 2 14
vt -1.95012e-29 14
f 177/264/74 179/265/74 175/266/74 174/267/74 

vt -1.24106e-09 2
vn 8.86402e-11 -1 8.86402e-11
v 2.1 10 -2
vt -2 -1.57142e-20
vt -1.24106e-09 9.75113e-30
f 178/268/75 180/15/75 179/269/75 177/270/75 

vt -8.86757e-11 12
vn 1.96507e-21 -8.86402e-11 -1
vt -2 1.7728e-10
vt -1.24106e-09 1.7728e-10
f 173/271/76 176/262/76 180/272/76 178/273/76 

vt -2.72246e-11 1.74488e-10
vn 1 9.00363e-11 -1.36123e-11
vt 2 -1.80073e-10
vt 2 12
vt 1.21375e-09 14
f 179/274/77 180/275/77 176/276/77 175/277/77 

g Mesh24 Group29 Group28 Group1 Model

v 72.1 24 -3.43286e-09
v 72.1 22 -2
v 72.1 22 -32
v 72.1 24 -32
f 181/242/66 182/243/66 183/244/66 184/131/66 

v 70.1 24 -3.52154e-09
v 70.1 22 -2
f 182/126/67 181/127/67 185/245/67 186/246/67 

v 70.1 24 -32
f 181/247/68 184/145/68 187/248/68 185/249/68 

v 70.1 22 -32
f 184/15/69 183/95/69 188/250/69 187/251/69 

f 182/15/70 186/252/70 188/253/70 183/254/70 

f 186/255/71 185/252/71 187/140/71 188/256/71 

g Mesh25 Group30 Group28 Group1 Model

v 70.1 22 -2
v 70.1 24 -3.43286e-09
v 72.1 24 -3.43286e-09
v 72.1 22 -2
f 189/257/72 190/258/72 191/259/72 192/88/72 

v 70.1 10 -2.19188e-09
v 70.1 10 -2
f 193/260/73 190/261/73 189/262/73 194/263/73 

v 72.1 10 -2.19188e-09
f 193/264/74 195/265/74 191/266/74 190/267/74 

v 72.1 10 -2
f 194/268/75 196/15/75 195/269/75 193/270/75 

f 189/271/76 192/262/76 196/272/76 194/273/76 

f 195/274/77 196/275/77 192/276/77 191/277/77 

g Mesh26 Component_7_1 Group1 Model

usemtl Color_M00
v 70.1 18 -32
vt 3.86783e-12 -4.54573e-12
vn 1 5.19573e-14 -9.57911e-14
v 70.1 31 -32
vt 3.86783e-12 13
v 70.1 31 -29.5
vt -2.5 13
v 70.1 30.9989 -29.4124
vt -2.58762 12.9989
v 70.1 30.9958 -29.3248
vt -2.67518 12.9958
v 70.1 30.9905 -29.2374
vt -2.76265 12.9905
v 70.1 30.9831 -29.15
vt -2.84996 12.9831
v 70.1 30.9737 -29.0629
vt -2.93707 12.9737
v 70.1 30.9621 -28.9761
vt -3.02393 12.9621
v 70.1 30.9484 -28.8895
vt -3.11048 12.9484
v 70.1 30.9327 -28.8033
vt -3.19668 12.9327
v 70.1 30.9149 -28.7175
vt -3.28247 12.9149
v 70.1 30.895 -28.6322
vt -3.36782 12.895
v 70.1 30.8731 -28.5473
vt -3.45266 12.8731
v 70.1 30.8492 -28.4631
vt -3.53694 12.8492
v 70.1 30.8232 -28.3794
vt -3.62063 12.8232
v 70.1 30.7952 -28.2963
vt -3.70367 12.7952
v 70.1 30.7653 -28.214
vt -3.78601 12.7653
v 70.1 30.7333 -28.1324
vt -3.8676 12.7333
v 70.1 30.6994 -28.0516
vt -3.9484 12.6994
v 70.1 30.6636 -27.9716
vt -4.02836 12.6636
v 70.1 30.6259 -27.8926
vt -4.10744 12.6259
v 70.1 30.5862 -27.8144
vt -4.18559 12.5862
v 70.1 30.5447 -27.7372
vt -4.26276 12.5447
v 70.1 30.5014 -27.6611
vt -4.3389 12.5014
v 70.1 30.4562 -27.586
vt -4.41399 12.4562
v 70.1 30.4092 -27.512
vt -4.48796 12.4092
v 70.1 30.3605 -27.4392
vt -4.56078 12.3605
v 70.1 30.31 -27.3676
vt -4.63241 12.31
v 70.1 30.2578 -27.2972
vt -4.7028 12.2578
v 70.1 30.204 -27.2281
vt -4.77191 12.204
v 70.1 30.1485 -27.1603
vt -4.83971 12.1485
v 70.1 30.0913 -27.0938
vt -4.90615 12.0913
v 70.1 30.0326 -27.0288
vt -4.9712 12.0326
v 70.1 29.9724 -26.9652
vt -5.03482 11.9724
v 70.1 29.9106 -26.903
vt -5.09696 11.9106
v 70.1 29.8473 -26.8424
vt -5.15761 11.8473
v 70.1 29.7827 -26.7833
vt -5.21671 11.7827
v 70.1 29.7166 -26.7258
vt -5.27424 11.7166
v 70.1 29.6491 -26.6698
vt -5.33016 11.6491
v 70.1 29.5803 -26.6156
vt -5.38444 11.5803
v 70.1 29.5102 -26.563
vt -5.43705 11.5102
v 70.1 29.4389 -26.512
vt -5.48796 11.4389
v 70.1 29.3664 -26.4629
vt -5.53713 11.3664
v 70.1 29.2927 -26.4155
vt -5.58455 11.2927
v 70.1 29.2179 -26.3698
vt -5.63018 11.2179
v 70.1 29.142 -26.326
vt -5.67399 11.142
v 70.1 29.0651 -26.284
vt -5.71597 11.0651
v 70.1 28.9872 -26.2439
vt -5.75608 10.9872
v 70.1 28.9084 -26.2057
vt -5.79431 10.9084
v 70.1 28.8286 -26.1694
vt -5.83062 10.8286
v 70.1 28.748 -26.135
vt -5.86501 10.748
v 70.1 28.6666 -26.1026
vt -5.89745 10.6666
v 70.1 18 -22
vt -10 -4.54573e-12
f 197/278/78 198/279/78 199/280/78 200/281/78 201/282/78 202/283/78 203/284/78 204/285/78 205/286/78 206/287/78 207/288/78 208/289/78 209/290/78 210/291/78 211/292/78 212/293/78 213/294/78 214/295/78 215/296/78 216/297/78 217/298/78 218/299/78 219/300/78 220/301/78 221/302/78 222/303/78 223/304/78 224/305/78 225/306/78 226/307/78 227/308/78 228/309/78 229/310/78 230/311/78 231/312/78 232/313/78 233/314/78 234/315/78 235/316/78 236/317/78 237/318/78 238/319/78 239/320/78 240/321/78 241/322/78 242/323/78 243/324/78 244/325/78 245/326/78 246/327/78 247/328/78 248/329/78 249/330/78 250/331/78 

v 2.1 31 -32
vt -57.9863 13
vn -1.42871e-13 -3.14908e-30 -1
vt -125.986 13
vt -125.986 2.00018e-12
v 2.1 18 -32
vt -57.9863 3.55271e-15
f 251/332/79 198/333/79 197/334/79 252/335/79 

vt -3.26992e-12 57.9863
vn 1.6068e-14 1 2.51532e-13
v 2.1 31 -29.5
vt 2.5 57.9863
vn 2.40729e-14 0.999982 0.00601808
vt 2.5 125.986
vt -1.45093e-12 125.986
f 251/336/80 253/337/81 199/338/81 198/339/80 

v 2.1 30.9958 -29.3248
vt 2.67518 12.9958
vn -1 1.09646e-16 1.41374e-13
v 2.1 30.9989 -29.4124
vt 2.58762 12.9989
vt 2.5 13
vt 2.57891e-14 13
vt 2.57891e-14 9.91066e-15
v 2.1 18 -22
vt 10 9.91066e-15
v 2.1 28.6666 -26.1026
vt 5.89745 10.6666
v 2.1 28.748 -26.135
vt 5.86501 10.748
v 2.1 28.8286 -26.1694
vt 5.83062 10.8286
v 2.1 28.9084 -26.2057
vt 5.79431 10.9084
v 2.1 28.9872 -26.2439
vt 5.75608 10.9872
v 2.1 29.0651 -26.284
vt 5.71597 11.0651
v 2.1 29.142 -26.326
vt 5.67399 11.142
v 2.1 29.2179 -26.3698
vt 5.63018 11.2179
v 2.1 29.2927 -26.4155
vt 5.58455 11.2927
v 2.1 29.3664 -26.4629
vt 5.53713 11.3664
v 2.1 29.4389 -26.512
vt 5.48796 11.4389
v 2.1 29.5102 -26.563
vt 5.43705 11.5102
v 2.1 29.5803 -26.6156
vt 5.38444 11.5803
v 2.1 29.6491 -26.6698
vt 5.33016 11.6491
v 2.1 29.7166 -26.7258
vt 5.27424 11.7166
v 2.1 29.7827 -26.7833
vt 5.21671 11.7827
v 2.1 29.8473 -26.8424
vt 5.15761 11.8473
v 2.1 29.9106 -26.903
vt 5.09696 11.9106
v 2.1 29.9724 -26.9652
vt 5.03482 11.9724
v 2.1 30.0326 -27.0288
vt 4.9712 12.0326
v 2.1 30.0913 -27.0938
vt 4.90615 12.0913
v 2.1 30.1485 -27.1603
vt 4.83971 12.1485
v 2.1 30.204 -27.2281
vt 4.77191 12.204
v 2.1 30.2578 -27.2972
vt 4.7028 12.2578
v 2.1 30.31 -27.3676
vt 4.63241 12.31
v 2.1 30.3605 -27.4392
vt 4.56078 12.3605
v 2.1 30.4092 -27.512
vt 4.48796 12.4092
v 2.1 30.4562 -27.586
vt 4.41399 12.4562
v 2.1 30.5014 -27.6611
vt 4.3389 12.5014
v 2.1 30.5447 -27.7372
vt 4.26276 12.5447
v 2.1 30.5862 -27.8144
vt 4.18559 12.5862
v 2.1 30.6259 -27.8926
vt 4.10744 12.6259
v 2.1 30.6636 -27.9716
vt 4.02836 12.6636
v 2.1 30.6994 -28.0516
vt 3.9484 12.6994
v 2.1 30.7333 -28.1324
vt 3.8676 12.7333
v 2.1 30.7653 -28.214
vt 3.78601 12.7653
v 2.1 30.7952 -28.2963
vt 3.70367 12.7952
v 2.1 30.8232 -28.3794
vt 3.62063 12.8232
v 2.1 30.8492 -28.4631
vt 3.53694 12.8492
v 2.1 30.8731 -28.5473
vt 3.45266 12.8731
v 2.1 30.895 -28.6322
vt 3.36782 12.895
v 2.1 30.9149 -28.7175
vt 3.28247 12.9149
v 2.1 30.9327 -28.8033
vt 3.19668 12.9327
v 2.1 30.9484 -28.8895
vt 3.11048 12.9484
v 2.1 30.9621 -28.9761
vt 3.02393 12.9621
v 2.1 30.9737 -29.0629
vt 2.93707 12.9737
v 2.1 30.9831 -29.15
vt 2.84996 12.9831
v 2.1 30.9905 -29.2374
vt 2.76265 12.9905
f 254/340/82 255/341/82 253/342/82 251/343/82 252/344/82 256/345/82 257/346/82 258/347/82 259/348/82 260/349/82 261/350/82 262/351/82 263/352/82 264/353/82 265/354/82 266/355/82 267/356/82 268/357/82 269/358/82 270/359/82 271/360/82 272/361/82 273/362/82 274/363/82 275/364/82 276/365/82 277/366/82 278/367/82 279/368/82 280/369/82 281/370/82 282/371/82 283/372/82 284/373/82 285/374/82 286/375/82 287/376/82 288/377/82 289/378/82 290/379/82 291/380/82 292/381/82 293/382/82 294/383/82 295/384/82 296/385/82 297/386/82 298/387/82 299/388/82 300/389/82 301/390/82 302/391/82 303/392/82 304/393/82 

vt 57.9863 -2.11666
vn 3.37896e-14 0.99971 0.0240701
vt 57.9863 -2.20428
vn 3.72001e-14 0.998841 0.0481263
vt 125.986 -2.20428
vt 125.986 -2.11666
f 255/394/83 254/395/84 201/396/84 200/397/83 

vt 57.9863 -1.88871
vt 57.9863 -1.97633
vn 4.0589e-14 0.997393 0.0721546
vt 125.986 -1.97633
vt 125.986 -1.88871
f 254/398/84 304/399/85 202/400/85 201/401/84 

vt 57.9863 -1.65965
vt 57.9863 -1.74727
vn 4.39543e-14 0.995368 0.0961411
vt 125.986 -1.74727
vt 125.986 -1.65965
f 304/402/85 303/403/86 203/404/86 202/405/85 

vt 57.9863 -1.42959
vt 57.9863 -1.51722
vn 4.72943e-14 0.992765 0.120072
vt 125.986 -1.51722
vt 125.986 -1.42959
f 303/406/86 302/407/87 204/408/87 203/409/86 

vt 57.9863 -1.19869
vt 57.9863 -1.28631
vn 5.06068e-14 0.989587 0.143933
vt 125.986 -1.28631
vt 125.986 -1.19869
f 302/410/87 301/411/88 205/412/88 204/413/87 

vt 57.9863 -0.967059
vt 57.9863 -1.05468
vn 5.389e-14 0.985836 0.167711
vt 125.986 -1.05468
vt 125.986 -0.967059
f 301/414/88 300/415/89 206/416/89 205/417/88 

vt 57.9863 -0.734847
vt 57.9863 -0.82247
vn 5.71419e-14 0.981514 0.191391
vt 125.986 -0.82247
vt 125.986 -0.734847
f 300/418/89 299/419/90 207/420/90 206/421/89 

vt 57.9863 -0.502183
vt 57.9863 -0.589807
vn 6.03607e-14 0.976623 0.214961
vt 125.986 -0.589807
vt 125.986 -0.502183
f 299/422/90 298/423/91 208/424/91 207/425/90 

vt 57.9863 -0.269203
vt 57.9863 -0.356827
vn 6.35446e-14 0.971166 0.238406
vt 125.986 -0.356827
vt 125.986 -0.269203
f 298/426/91 297/427/92 209/428/92 208/429/91 

vt 57.9863 -0.036042
vt 57.9863 -0.123665
vn 6.73979e-14 0.965146 0.261713
vt 125.986 -0.123665
vt 125.986 -0.036042
f 297/430/92 296/431/93 210/432/93 209/433/92 

vt 57.9863 0.197166
vt 57.9863 0.109542
vn 7.12722e-14 0.958567 0.284869
vt 125.986 0.109542
vt 125.986 0.197166
f 296/434/93 295/435/94 211/436/94 210/437/93 

vt 125.986 0.430284
vt 57.9863 0.430284
vt 57.9863 0.342661
vn 7.36339e-14 0.951432 0.307859
vt 125.986 0.342661
f 211/438/94 295/439/94 294/440/95 212/441/95 

vt 57.9863 0.663179
vt 57.9863 0.575556
vn 7.58938e-14 0.943746 0.330671
vt 125.986 0.575556
vt 125.986 0.663179
f 294/442/95 293/443/96 213/444/96 212/445/95 

vt 57.9863 0.895715
vt 57.9863 0.808092
vn 7.98175e-14 0.935513 0.353291
vt 125.986 0.808092
vt 125.986 0.895715
f 293/446/96 292/447/97 214/448/97 213/449/96 

vt 57.9863 1.12776
vt 57.9863 1.04013
vn 8.37531e-14 0.926739 0.375707
vt 125.986 1.04013
vt 125.986 1.12776
f 292/450/97 291/451/98 215/452/98 214/453/97 

vt 125.986 1.35917
vt 57.9863 1.35917
vt 57.9863 1.27155
vn 8.56998e-14 0.917427 0.397905
vt 125.986 1.27155
f 215/454/98 291/455/98 290/456/99 216/457/99 

vt 57.9863 1.58982
vt 57.9863 1.5022
vn 8.75398e-14 0.907583 0.419872
vt 125.986 1.5022
vt 125.986 1.58982
f 290/458/99 289/459/100 217/460/100 216/461/99 

vt 57.9863 1.81958
vt 57.9863 1.73196
vn 9.03286e-14 0.897214 0.441596
vt 125.986 1.73196
vt 125.986 1.81958
f 289/462/100 288/463/101 218/464/101 217/465/100 

vt 57.9863 2.04831
vt 57.9863 1.96068
vn 9.30651e-14 0.886325 0.463064
vt 125.986 1.96068
vt 125.986 2.04831
f 288/466/101 287/467/102 219/468/102 218/469/101 

vt 57.9863 2.27587
vt 57.9863 2.18825
vn 9.57477e-14 0.874922 0.484264
vt 125.986 2.18825
vt 125.986 2.27587
f 287/470/102 286/471/103 220/472/103 219/473/102 

vt 57.9863 2.50215
vt 57.9863 2.41452
vn 9.83748e-14 0.863012 0.505183
vt 125.986 2.41452
vt 125.986 2.50215
f 286/474/103 285/475/104 221/476/104 220/477/103 

vt 57.9863 2.72699
vt 57.9863 2.63937
vn 1.00945e-13 0.850602 0.525809
vt 125.986 2.63937
vt 125.986 2.72699
f 285/478/104 284/479/105 222/480/105 221/481/104 

vt 57.9863 2.95029
vt 57.9863 2.86266
vn 1.03457e-13 0.8377 0.546131
vt 125.986 2.86266
vt 125.986 2.95029
f 284/482/105 283/483/106 223/484/106 222/485/105 

vt 57.9863 3.17189
vt 57.9863 3.08427
vn 1.05908e-13 0.824312 0.566136
vt 125.986 3.08427
vt 125.986 3.17189
f 283/486/106 282/487/107 224/488/107 223/489/106 

vt 57.9863 3.39169
vt 57.9863 3.30407
vn 1.08298e-13 0.810446 0.585814
vt 125.986 3.30407
vt 125.986 3.39169
f 282/490/107 281/491/108 225/492/108 224/493/107 

vt 57.9863 3.60955
vt 57.9863 3.52192
vn 1.10626e-13 0.79611 0.605151
vt 125.986 3.52192
vt 125.986 3.60955
f 281/494/108 280/495/109 226/496/109 225/497/108 

vt 57.9863 3.82534
vt 57.9863 3.73771
vn 1.12889e-13 0.781314 0.624139
vt 125.986 3.73771
vt 125.986 3.82534
f 280/498/109 279/499/110 227/500/110 226/501/109 

vt 57.9863 4.03894
vt 57.9863 3.95131
vn 1.15087e-13 0.766064 0.642764
vt 125.986 3.95131
vt 125.986 4.03894
f 279/502/110 278/503/111 228/504/111 227/505/110 

vt 57.9863 4.25022
vt 57.9863 4.1626
vn 1.17219e-13 0.750371 0.661017
vt 125.986 4.1626
vt 125.986 4.25022
f 278/506/111 277/507/112 229/508/112 228/509/111 

vt 57.9863 4.45907
vt 57.9863 4.37144
vn 1.19282e-13 0.734243 0.678887
vt 125.986 4.37144
vt 125.986 4.45907
f 277/510/112 276/511/113 230/512/113 229/513/112 

vt 57.9863 4.66536
vt 57.9863 4.57773
vn 1.21276e-13 0.717689 0.696364
vt 125.986 4.57773
vt 125.986 4.66536
f 276/514/113 275/515/114 231/516/114 230/517/113 

vt 57.9863 4.86897
vt 57.9863 4.78134
vn 1.232e-13 0.700719 0.713437
vt 125.986 4.78134
vt 125.986 4.86897
f 275/518/114 274/519/115 232/520/115 231/521/114 

vt 57.9863 4.98216
vn 1.25053e-13 0.683344 0.730097
vt 125.986 4.98216
vt 125.986 5.06978
vt 57.9863 5.06978
f 273/522/116 233/523/116 232/524/115 274/525/115 

vt 57.9863 5.26768
vt 57.9863 5.18006
vn 1.26833e-13 0.665572 0.746333
vt 125.986 5.18006
vt 125.986 5.26768
f 273/526/116 272/527/117 234/528/117 233/529/116 

vt 57.9863 5.37493
vn 1.2854e-13 0.647415 0.762137
vt 125.986 5.37493
vt 125.986 5.46256
vt 57.9863 5.46256
f 271/530/118 235/531/118 234/532/117 272/533/117 

vt 57.9863 5.56667
vn 1.30172e-13 0.628883 0.7775
vt 125.986 5.56667
vt 125.986 5.65429
vt 57.9863 5.65429
f 270/534/119 236/535/119 235/536/118 271/537/118 

vt 57.9863 5.75515
vn 1.31729e-13 0.609986 0.792412
vt 125.986 5.75515
vt 125.986 5.84277
vt 57.9863 5.84277
f 269/538/120 237/539/120 236/540/119 270/541/119 

vt 57.9863 5.94027
vn 1.33209e-13 0.590736 0.806865
vt 125.986 5.94027
vt 125.986 6.0279
vt 57.9863 6.0279
f 268/542/121 238/543/121 237/544/120 269/545/120 

vt 57.9863 6.12193
vn 1.34612e-13 0.571144 0.82085
vt 125.986 6.12193
vt 125.986 6.20955
vt 57.9863 6.20955
f 267/546/122 239/547/122 238/548/121 268/549/121 

vt 57.9863 6.30001
vn 1.38111e-13 0.55122 0.83436
vt 125.986 6.30001
vt 125.986 6.38764
vt 57.9863 6.38764
f 266/550/123 240/551/123 239/552/122 267/553/122 

vt 57.9863 6.47442
vn 1.41563e-13 0.530977 0.847386
vt 125.986 6.47442
vt 125.986 6.56205
vt 57.9863 6.56205
f 265/554/124 241/555/124 240/556/123 266/557/123 

vt 57.9863 6.64505
vn 1.40557e-13 0.510427 0.859921
vt 125.986 6.64505
vt 125.986 6.73268
vt 57.9863 6.73268
f 264/558/125 242/559/125 241/560/124 265/561/124 

vt 57.9863 6.89943
vt 57.9863 6.81181
vn 1.39438e-13 0.48958 0.871958
vt 125.986 6.81181
vt 125.986 6.89943
f 264/562/125 263/563/126 243/564/126 242/565/125 

vt 57.9863 6.97459
vn 1.40444e-13 0.46845 0.88349
vt 125.986 6.97459
vt 125.986 7.06221
vt 57.9863 7.06221
f 262/566/127 244/567/127 243/568/126 263/569/126 

vt 57.9863 7.1333
vn 1.41368e-13 0.447049 0.894509
vt 125.986 7.1333
vt 125.986 7.22093
vt 57.9863 7.22093
f 261/570/128 245/571/128 244/572/127 262/573/127 

vt 57.9863 7.28786
vn 1.42211e-13 0.425389 0.905011
vt 125.986 7.28786
vt 125.986 7.37548
vt 57.9863 7.37548
f 260/574/129 246/575/129 245/576/128 261/577/128 

vt 57.9863 7.43817
vn 1.42971e-13 0.403482 0.914988
vt 125.986 7.43817
vt 125.986 7.52579
vt 57.9863 7.52579
f 259/578/130 247/579/130 246/580/129 260/581/129 

vt 57.9863 7.58414
vn 1.43649e-13 0.381341 0.924435
vt 125.986 7.58414
vt 125.986 7.67176
vt 57.9863 7.67176
f 258/582/131 248/583/131 247/584/130 259/585/130 

vt 57.9863 7.72569
vn 1.41531e-13 0.36459 0.931168
vt 125.986 7.72569
vt 125.986 7.81332
vt 57.9863 7.81332
f 257/586/132 249/587/132 248/588/131 258/589/131 

vt 57.9863 -3.58979
vn 1.391e-13 0.358979 0.933346
vt 125.986 -3.58979
vt 125.986 7.8386
vt 57.9863 7.8386
f 256/590/133 250/591/133 249/592/132 257/593/132 

vt 8.56066e-45 57.9863
vn -1.69561e-15 -1 2.39708e-28
vt -1.81899e-12 125.986
vt -10 125.986
vt -10 57.9863
f 252/594/134 197/595/134 250/596/134 256/597/134 

vt 57.9863 -2.34335
vt 57.9863 -2.43098
vt 125.986 -2.43098
vt 125.986 -2.34335
f 253/598/81 255/599/83 200/600/83 199/601/81 

g Mesh27 Pillow_Abernathy_19_1 Pillow_Abernathy_SKU_EAN5489__31_1 Group1 Model

usemtl _Color_M03_1
v 46.4243 18.1506 -21.9741
vt 23.8917 -3.20779
vn 0.0132225 -0.959122 -0.282685
v 48.4252 18.162 -22.1614
vt 20.9649 -2.86698
vn 0.0503701 -0.806805 -0.588667
v 48.8129 18.1921 -21.7887
vt 20.374 -3.15141
vn 0.0461212 -0.995956 -0.0770967
f 305/602/135 306/603/136 307/604/137

v 46.3537 18.2004 -22.5348
vt 24.1847 -0.496362
vn 0.0193793 -0.643558 -0.765152
vt 21.1385 -0.872514
vt 24.0815 -1.01823
f 308/605/138 306/606/136 305/607/135

vt 24.1191 -0.789395
v 48.7486 18.2578 -22.5967
vt 20.5993 -0.613204
vn 0.08101 -0.593278 -0.800911
vt 21.0631 -1.07446
f 308/608/138 309/609/139 306/610/136

vt 24.151 0.102958
v 46.2343 18.4294 -23.0794
vt 24.3342 0.790114
vn 0.0339623 -0.428689 -0.902813
vt 20.6296 0.24114
f 308/611/138 310/612/140 309/613/139

v 45.6207 18.2624 -22.8273
vt 25.0403 -0.675862
vn 0.0209674 -0.532455 -0.846198
vt 24.158 -0.235091
vt 23.9444 -0.913409
f 311/614/141 310/615/140 308/616/138

v 45.6307 18.8938 -23.8454
vt 25.2316 2.29461
vn 0.0534679 -0.343052 -0.937793
vt 24.3336 1.14058
vt 25.2328 0.735362
f 312/617/142 310/618/140 311/619/141

vt 24.4 0.854644
v 46.0703 19.1662 -23.91
vt 23.7743 1.36145
vn 0.0471507 -0.31044 -0.949423
vt 23.4002 -0.212443
f 312/620/142 313/621/143 310/622/140

v 45.7693 19.9971 -24.5202
vt 24.7944 4.38986
vn 0.0263433 -0.253931 -0.966864
vt 24.3033 2.77226
vt 24.9427 2.28299
f 314/623/144 313/624/143 312/625/142

v 48.901 19.3427 -24.0151
vt 20.4285 3.68204
vn 0.0107903 -0.295399 -0.955313
vt 24.5914 3.34981
vt 25.037 4.98054
f 315/626/145 313/627/143 314/628/144

vt 20.4247 3.53765
v 48.7683 18.7702 -23.4944
vt 20.6149 2.36368
vn 0.0528256 -0.379538 -0.923667
vt 24.5871 3.19922
f 315/629/145 316/630/146 313/631/143

vt 20.4236 3.52895
v 51.4107 19.1388 -23.7721
vt 16.7298 3.08731
vn 0.00508325 -0.317576 -0.948219
vt 20.6134 2.35491
f 315/632/145 317/633/147 316/634/146

v 51.3205 20.0747 -24.4637
vt 16.8645 5.0118
vn 0.00728095 -0.253531 -0.9673
vt 16.722 3.17364
vt 20.4168 3.60733
f 318/635/148 317/636/147 315/637/145

v 53.2348 19.4908 -24.0983
vt 14.0639 4.02783
vn 0.000601453 -0.286926 -0.957953
vt 16.7493 3.3208
vt 16.8753 5.16017
f 319/638/149 317/639/147 318/640/148

vt 16.7374 3.11331
vt 14.056 3.8355
v 52.4528 18.5677 -23.226
vt 15.2025 1.92664
vn -0.0324886 -0.402118 -0.915011
f 317/641/147 319/642/149 320/643/150

vt 15.2275 2.07839
vt 14.0652 3.97765
v 54.1906 18.9168 -23.6279
vt 12.6666 2.81497
vn -7.37736e-05 -0.34125 -0.939972
f 320/644/150 319/645/149 321/646/151

v 55.8403 19.9658 -24.4406
vt 10.2233 4.83807
vn -0.01691 -0.256868 -0.966298
vt 12.6441 2.75851
vt 14.0532 3.90851
f 322/647/152 321/648/151 319/649/149

v 55.7558 18.992 -23.7341
vt 10.3595 3.03448
vn -0.0401818 -0.318685 -0.947009
vt 12.6622 2.87558
vt 10.2289 4.94055
f 323/650/153 321/651/151 322/652/152

vt 12.6551 2.60719
vt 10.3529 2.77361
v 55.6562 18.5418 -23.2167
vt 10.5001 1.79149
vn -0.0397648 -0.394804 -0.917905
f 321/653/151 323/654/153 324/655/154

vt 10.3505 3.29584
v 56.1642 18.4403 -23.2507
vt 9.79924 2.14744
vn -0.0315087 -0.402211 -0.915005
vt 10.5447 2.32191
f 323/656/153 325/657/155 324/658/154

vt 9.80242 2.00288
vt 10.3723 3.14215
v 56.6772 19.2483 -24.163
vt 8.99551 3.73105
vn -0.0299348 -0.292254 -0.955872
f 325/659/155 323/660/153 326/661/156

vt 8.96531 3.90345
vt 10.3499 3.33322
vt 10.1657 5.23485
f 326/662/156 323/663/153 322/664/152

vt 9.00465 3.77535
vt 10.2273 5.08635
v 57.874 20.0108 -24.6485
vt 7.23274 5.21925
vn 0.0429965 -0.244758 -0.96863
f 326/665/156 322/666/152 327/667/157

vt 7.23251 5.23019
vt 10.227 5.09767
v 55.7721 21.1293 -24.9499
vt 10.3138 7.23162
vn 0.00138398 -0.197244 -0.980353
f 327/668/157 322/669/152 328/670/158

vt 10.3252 7.16743
vt 10.2249 5.03407
v 53.6611 20.6436 -24.7453
vt 13.4301 6.2842
vn 0.00261335 -0.224775 -0.974407
f 328/671/158 322/672/152 329/673/159

vt 10.2288 5.0169
vt 14.0634 4.10674
vt 13.4307 6.27569
f 322/674/152 319/675/149 329/676/159

vt 14.0516 4.03538
vt 16.8696 5.15132
vt 13.4286 6.20713
f 319/677/149 318/678/148 329/679/159

vt 13.431 6.29773
vt 16.8745 5.25033
v 50.5824 21.1214 -24.9158
vt 17.958 7.16971
vn 0.00704053 -0.198784 -0.980018
f 329/680/159 318/681/148 330/682/160

vt 16.8688 5.22399
v 45.4276 20.9824 -24.9617
vt 25.539 6.92929
vn 0.0116658 -0.208009 -0.978057
vt 17.9564 7.14107
f 318/683/148 331/684/161 330/685/160

vt 16.8698 5.21674
vt 25.0352 5.11353
vt 25.5395 6.9242
f 318/686/148 314/687/144 331/688/161

vt 20.4243 3.68683
vt 25.0346 4.97912
vt 16.8692 5.08407
f 315/689/145 314/690/144 318/691/148

vt 25.5284 6.86466
vt 25.0193 5.05533
v 43.5409 20.4526 -24.8423
vt 28.3022 5.93087
vn -0.042918 -0.230482 -0.97213
f 331/692/161 314/693/144 332/694/162

vt 28.3076 5.91612
vt 25.0254 5.03772
v 44.1062 19.2231 -24.2182
vt 27.468 3.62913
vn -0.0212452 -0.308855 -0.950872
f 332/695/162 314/696/144 333/697/163

vt 24.9842 4.77759
vt 25.1636 2.67314
vt 27.4187 3.35523
f 314/698/144 312/699/142 333/700/163

vt 25.244 2.71876
v 44.5801 18.447 -23.3089
vt 26.7893 1.73556
vn -0.00193813 -0.451069 -0.892487
vt 27.4863 3.44197
f 312/701/142 334/702/164 333/703/163

vt 26.6194 0.434579
vt 25.1114 1.47404
vt 25.0616 -0.0844088
f 334/704/164 312/705/142 311/706/141

vt 26.8031 1.54099
vt 25.2833 0.919472
v 44.0665 18.1208 -22.2647
vt 27.5794 0.374097
vn 0.0310911 -0.763667 -0.644861
f 334/707/164 311/708/141 335/709/165

vt 27.477 -1.15099
vt 25.2067 -0.506351
v 45.4548 18.1599 -22.335
vt 25.4376 -1.01631
vn 0.0122661 -0.82741 -0.561464
f 335/710/165 311/711/141 336/712/166

vt 25.2565 0.104372
vt 24.1776 -0.201246
vt 25.4992 -0.400052
f 311/713/141 308/714/138 336/715/166

vt 25.3656 -2.02792
vt 24.0547 -1.7677
vt 23.9238 -2.28332
f 336/716/166 308/717/138 305/718/135

vt 25.552 0.777359
vt 24.1543 0.34108
v 45.8891 18.1665 -21.7761
vt 24.9514 0.237259
vn -0.00238521 -0.980929 0.194351
f 336/719/166 305/720/135 337/721/167

vt -15.8229 -19.1984
vt -15.2433 -18.6414
v 46.4201 18.2331 -21.5278
vt -15.5618 -18.4285
vn 0.00773865 -0.74234 0.669978
f 337/722/167 305/723/135 338/724/168

vt -24.1776 0.912243
vt -24.1493 0.530252
vt -20.6531 0.922014
f 338/725/168 305/726/135 307/727/137

vt -24.1753 1.31199
vt -20.6508 1.3129
v 48.7011 18.3338 -21.3668
vt -20.8352 1.69188
vn 0.0122907 -0.544246 0.838836
f 338/728/168 307/729/137 339/730/169

vt -20.6435 1.45356
v 51.0146 18.2389 -21.7669
vt -17.4114 1.67132
vn -0.0100021 -0.947333 0.320095
vt -20.8253 1.8338
f 307/731/137 340/732/170 339/733/169

vt 20.3479 -3.00446
v 51.1092 18.2404 -22.1839
vt 17.0028 -2.42035
vn -0.0181974 -0.796643 -0.604177
vt 17.1152 -2.79603
f 307/734/137 341/735/171 340/736/170

vt 20.6269 -0.855041
vt 17.1483 -1.1884
vt 20.5189 -1.6007
f 309/737/139 341/738/171 307/739/137

vt 20.5622 -0.855595
v 51.3344 18.3523 -22.6844
vt 16.7654 -0.569534
vn -0.00522187 -0.516097 -0.856514
vt 17.0763 -1.10113
f 309/740/139 342/741/172 341/742/171

vt 20.6277 0.514165
vt 20.6114 1.82711
vt 16.8259 0.723163
f 309/743/139 316/744/146 342/745/172

v 48.6812 18.4272 -23.0224
vt 15.688 -4.08297
vn 0.132461 -0.445991 -0.885181
vt 15.7977 -3.28535
vt 15.4064 -4.53876
f 343/746/173 316/747/146 309/748/139

vt 24.337 1.3007
vt 20.6148 2.06776
vt 20.7376 1.27206
f 310/749/140 316/750/146 343/751/173

vt 24.5975 3.20132
vt 20.6298 2.34466
vt 24.357 1.60155
f 313/752/143 316/753/146 310/754/140

vt 24.3403 0.799293
vt 20.7409 0.766184
vt 20.6371 0.240608
f 310/755/140 343/756/173 309/757/139

vt 20.6179 1.84902
v 51.2391 18.652 -23.2352
vt 16.9814 1.51856
vn -0.00296665 -0.398233 -0.917279
vt 16.8358 0.733421
f 316/758/146 344/759/174 342/760/172

vt 20.5961 2.11797
vt 16.7158 2.86798
vt 16.9571 1.81662
f 316/761/146 317/762/147 344/763/174

vt 17.0168 2.19557
vt 16.7537 3.24166
vt 15.2328 2.03704
f 344/764/174 317/765/147 320/766/150

vt 17.0243 2.06079
vt 15.2419 1.8851
vt 16.9046 1.27128
f 344/767/174 320/768/150 342/769/172

vt 16.8609 0.654526
vt 15.2147 1.31126
v 52.2241 18.1708 -22.2674
vt 15.5536 0.110057
vn -0.0521225 -0.699334 -0.712892
f 342/770/172 320/771/150 345/772/175

vt 14.6568 3.8606
vt 14.0229 4.93578
v 52.4424 18.2412 -22.6406
vt 14.2357 4.1174
vn -0.0374735 -0.573136 -0.818603
f 345/773/175 320/774/150 346/775/176

vt 15.1882 0.491384
vt 15.1832 1.33696
v 53.9003 18.4076 -22.88
vt 13.0482 0.898533
vn -0.0057543 -0.493448 -0.869756
f 346/776/176 320/777/150 347/778/177

vt 15.1604 1.38621
vt 12.6165 2.17977
vt 13.0221 0.964013
f 320/779/150 321/780/151 347/781/177

vt 13.1175 1.43974
vt 12.6722 2.64156
vt 10.5284 1.797
f 347/782/177 321/783/151 324/784/154

vt 13.1058 1.22249
vt 10.519 1.59524
v 55.7084 18.2113 -22.6439
vt 10.4513 0.751532
vn -0.0105608 -0.56753 -0.823285
f 347/785/177 324/786/154 348/787/178

vt 10.5137 2.46523
vt 9.77221 2.27457
vt 10.5164 1.61882
f 324/788/154 325/789/155 348/790/178

vt 10.4156 0.263784
vt 9.7476 0.996963
v 57.2033 18.245 -22.7338
vt 8.2172 0.367726
vn 0.00483777 -0.588121 -0.808759
f 348/791/178 325/792/155 349/793/179

vt 9.70585 0.947213
v 57.2254 18.5728 -23.4591
vt 8.15188 1.29635
vn 0.0348434 -0.420482 -0.906631
vt 8.16247 0.350533
f 325/794/155 350/795/180 349/796/179

vt 8.21097 2.08425
vt 9.77501 1.78339
v 57.5062 19.1793 -24.1223
vt 7.7857 3.38341
vn 0.0477385 -0.329273 -0.943027
f 350/797/180 325/798/155 351/799/181

vt 7.78325 3.33628
vt 9.76664 1.72892
vt 9.00187 3.47614
f 351/800/181 325/801/155 326/802/156

vt 7.77647 3.52147
vt 8.99583 3.65468
vt 7.23572 5.11294
f 351/803/181 326/804/156 327/805/157

v 59.0827 19.0052 -23.3516
vt 5.13176 2.49709
vn 0.0899908 -0.282962 -0.9549
vt 7.53108 3.03642
vt 7.06567 4.65153
f 352/806/182 351/807/181 327/808/157

v 58.1267 18.4755 -23.0738
vt 6.55009 1.13893
vn 0.0558211 -0.409049 -0.910804
vt 7.58563 2.75208
vt 5.19142 2.1905
f 353/809/183 351/810/181 352/811/182

vt 6.62152 1.16447
vt 7.97901 1.46637
vt 7.63749 2.79001
f 353/812/183 350/813/180 351/814/181

vt 8.0764 0.135798
vt 8.09085 1.08157
vt 6.74337 0.737725
f 349/815/179 350/816/180 353/817/183

vt 8.1215 0.348557
vt 6.78083 0.933292
v 58.4397 18.0797 -22.2433
vt 6.28199 -0.161612
vn -0.0529451 -0.587336 -0.80761
f 349/818/179 353/819/183 354/820/184

vt 6.39935 -0.00335756
vt 6.86197 1.10733
v 59.049 18.3367 -22.7858
vt 5.50465 0.716575
vn 0.00422302 -0.377951 -0.925816
f 354/821/184 353/822/183 355/823/185

vt 6.71719 1.58076
vt 5.33157 2.59655
vt 5.34473 1.24701
f 353/824/183 352/825/182 355/826/185

v 60.2559 18.0735 -22.5002
vt 3.68102 0.797743
vn 0.00504859 -0.37012 -0.92897
vt 5.46175 1.35056
vt 5.4234 2.69963
f 356/827/186 355/828/185 352/829/182

vt 5.54161 1.13511
vt 3.77236 0.546579
v 59.5874 17.9543 -22.2944
vt 4.75883 0.258731
vn -0.0457602 -0.499047 -0.865366
f 355/830/185 356/831/186 357/832/187

vt 4.71573 0.0522759
vt 3.73271 0.351717
v 60.6437 17.7248 -21.9199
vt 3.16202 -0.523534
vn -0.0791783 -0.678222 -0.730579
f 357/833/187 356/834/186 358/835/188

vt 3.29228 -0.483282
vt 3.8325 0.411098
v 61.5948 17.7082 -22.0422
vt 1.89026 -0.477463
vn 0.00983946 -0.385407 -0.922694
f 358/836/188 356/837/186 359/838/189

vt 1.60652 0.0650819
vt 3.59625 0.841481
vt 5.36155 2.72212
f 359/839/189 356/840/186 352/841/182

vt 1.50559 0.195743
vt 5.28657 2.81572
v 61.536 18.7711 -22.6594
vt 1.6356 2.2048
vn 0.140166 -0.202728 -0.969152
f 359/842/189 352/843/182 360/844/190

vt 1.62016 2.31249
vt 5.27191 2.91879
v 60.7656 19.9815 -23.385
vt 2.80028 4.5913
vn 0.157916 -0.220703 -0.962472
f 360/845/190 352/846/182 361/847/191

vt 5.13852 2.61318
v 59.2461 21.1639 -24.8
vt 5.08194 6.79114
vn 0.110102 -0.207399 -0.972041
vt 2.68716 4.31526
f 352/848/182 362/849/192 361/850/191

v 58.2254 20.7515 -24.852
vt 6.61024 6.12421
vn 0.0671803 -0.210247 -0.975337
vt 5.11197 6.82287
vt 5.1936 2.64533
f 363/851/193 362/852/192 352/853/182

vt 6.69991 6.55621
v 57.6942 22.3121 -25.1553
vt 7.47869 9.28829
vn 0.0314197 -0.163234 -0.986087
vt 5.19365 7.23749
f 363/854/193 364/855/194 362/856/192

vt 6.71712 6.55173
vt 10.325 7.22549
vt 7.49567 9.28388
f 363/857/193 328/858/158 364/859/194

vt 7.23563 5.22897
vt 10.3254 7.21742
vt 6.71766 6.54289
f 327/860/157 328/861/158 363/862/193

vt 4.86951 2.67687
vt 6.85316 4.78561
vt 6.37964 6.1162
f 352/863/182 327/864/157 363/865/193

vt 7.49391 9.27585
vt 10.3226 7.21668
v 55.6704 22.4563 -25.2616
vt 10.4716 9.55548
vn 0.00573811 -0.154817 -0.987927
f 364/866/194 328/867/158 365/868/195

vt 10.4728 9.56197
vt 10.3254 7.22308
v 52.9092 22.011 -25.1467
vt 14.5346 8.78061
vn 0.00318296 -0.179504 -0.983752
f 365/869/195 328/870/158 366/871/196

vt 10.3247 7.21955
vt 13.4309 6.34103
vt 14.533 8.77956
f 328/872/158 329/873/159 366/874/196

vt 14.5344 8.76606
vt 13.4293 6.32887
vt 17.9574 7.19556
f 366/875/196 329/876/159 330/877/160

vt 14.5346 8.77843
vt 17.9581 7.20916
v 48.7538 22.6114 -25.2848
vt 20.6453 9.84545
vn 0.00756089 -0.155242 -0.987848
f 366/878/196 330/879/160 367/880/197

vt 20.645 9.84214
vt 17.9569 7.20677
v 44.5153 21.9849 -25.2083
vt 26.8803 8.76821
vn -0.0102658 -0.170953 -0.985226
f 367/881/197 330/882/160 368/883/198

vt 17.9569 7.20619
vt 25.5395 6.99567
vt 26.8804 8.7677
f 330/884/160 331/885/161 368/886/198

vt 26.8809 8.77112
vt 25.5404 6.99883
vt 28.3161 6.07096
f 368/887/198 331/888/161 332/889/162

vt 28.2798 6.08475
v 42.2699 21.2708 -24.8739
vt 30.1489 7.48257
vn -0.0853115 -0.18846 -0.978368
vt 26.8417 8.7834
f 332/890/162 369/891/199 368/892/198

v 41.4557 20.3214 -23.9149
vt 30.8603 6.66574
vn -0.142368 -0.240759 -0.960087
vt 29.5545 8.59074
vt 27.7094 7.16142
f 370/893/200 369/894/199 332/895/162

vt 30.3611 6.79702
v 41.5499 21.5864 -24.6569
vt 30.1072 9.18422
vn -0.164796 -0.161377 -0.973036
vt 29.0295 8.70426
f 370/896/200 371/897/201 369/898/199

v 40.6519 21.3412 -23.9165
vt 30.9176 8.80405
vn -0.261988 -0.20069 -0.943973
vt 29.4815 9.43801
vt 29.7604 7.05362
f 372/899/202 371/900/201 370/901/200

vt 30.2961 7.63549
v 40.5144 22.1252 -23.9936
vt 30.4986 8.98633
vn -0.309033 -0.112401 -0.944386
vt 28.8568 8.26221
f 372/902/202 373/903/203 371/904/201

vt 27.5171 9.64737
vt 27.3257 8.29491
v 40.2386 21.2565 -23.3768
vt 28.0715 7.99643
vn -0.427327 -0.15268 -0.891112
f 373/905/203 372/906/202 374/907/204

v 40.3947 20.146 -23.2984
vt 27.6447 5.64125
vn -0.244636 -0.192343 -0.950346
vt 27.8829 7.54608
vt 27.137 7.84423
f 375/908/205 374/909/204 372/910/202

v 40.0797 18.981 -22.734
vt 29.8298 3.24063
vn -0.185129 -0.190896 -0.963995
v 39.8277 20.0775 -22.7142
vt 30.2339 5.09297
vn -0.536833 -0.0923517 -0.838619
vt 29.5191 7.28037
vt 29.2767 5.37608
f 376/911/206 377/912/207 374/913/204 375/914/205 

v 39.5615 19.0675 -22.2662
vt 31.1148 3.15152
vn -0.652453 -0.0322366 -0.757144
vt 30.6611 4.99083
vt 30.2563 3.13865
f 378/915/208 377/916/207 376/917/206

v 39.5437 19.7462 -22.1756
vt 23.6732 2.07683
vn -0.996542 0.0814206 -0.0165535
vt 23.0989 2.79497
vt 23.5271 0.949543
f 379/918/209 377/919/207 378/920/208

vt 19.1312 -0.774053
vt 19.6901 -1.50421
v 39.6443 20.1998 -22.1872
vt 19.6586 -0.71707
vn -0.98809 0.135659 -0.0726219
f 377/921/207 379/922/209 380/923/210

vt -13.9873 0.600445
vt -14.1053 -0.178427
v 39.77 20.1891 -21.7025
vt -13.5443 0.440762
vn -0.545263 0.1847 0.817664
f 380/924/210 379/925/209 381/926/211

vt -14.7004 1.56038
vt -15.2642 0.94371
v 39.5952 19.3153 -21.7283
vt -14.9562 0.0802884
vn -0.678021 0.214617 0.703013
f 381/927/211 379/928/209 382/929/212

vt -7.21751 3.73038
v 39.5461 19.204 -22.0213
vt -7.16702 2.76752
vn -0.991689 0.128639 0.0022593
vt -6.89705 2.87149
f 379/930/209 383/931/213 382/932/212

vt 5.0924 4.37986
vt 4.91966 3.25635
vt 5.1436 3.41704
f 379/933/209 378/934/208 383/935/213

vt 12.3299 -5.96212
vt 12.111 -6.12958
v 39.3016 18.5279 -21.9097
vt 12.4354 -7.18859
vn -0.967121 0.245228 -0.0673836
f 383/936/213 378/937/208 384/938/214

vt 9.20396 -7.20729
v 39.0452 17.7808 -21.9545
vt 9.44164 -9.58921
vn -0.515833 -0.0625899 -0.8544
vt 9.50044 -8.27446
f 378/939/208 385/940/215 384/941/214

vt 31.144 1.20133
vt 30.2854 1.18836
vt 31.8536 -1.08481
f 378/942/208 376/943/206 385/944/215

vt 34.8188 1.07849
vt 33.243 3.34645
v 40.1747 18.1095 -22.4089
vt 33.1281 1.76754
vn -0.0466751 -0.276173 -0.959974
f 385/945/215 376/946/206 386/947/216

vt 33.157 3.42918
v 42.3698 18.9624 -23.4731
vt 29.7375 3.60639
vn -0.0777656 -0.284495 -0.955518
vt 33.0458 1.85
f 376/948/206 387/949/217 386/950/216

vt 33.1698 3.63356
vt 31.0432 6.27665
vt 29.7503 3.81217
f 376/951/206 370/952/200 387/953/217

vt 32.5198 3.57145
vt 31.9902 5.71288
vt 30.3588 6.18651
f 376/954/206 375/955/205 370/956/200

vt 32.0529 5.89086
vt 31.5958 8.1049
vt 30.4218 6.36568
f 375/957/205 372/958/202 370/959/200

vt 29.5606 4.09984
vt 30.8365 6.57312
vt 27.6852 7.06626
f 387/960/217 370/961/200 332/962/162

vt 27.9044 6.94653
vt 27.144 4.63201
vt 29.756 3.96523
f 332/963/162 333/964/163 387/965/217

vt 27.317 4.67571
v 43.6244 18.5134 -23.2773
vt 28.1012 3.09006
vn -0.035155 -0.388607 -0.920733
vt 29.9196 3.97325
f 333/966/163 388/967/218 387/968/217

vt 27.4598 3.98637
vt 26.798 2.26602
vt 28.203 2.38109
f 333/969/163 334/970/164 388/971/218

v 43.0638 18.2538 -22.745
vt 29.0426 1.79345
vn 0.00887655 -0.492069 -0.870511
vt 28.1944 2.47989
vt 26.7901 2.35748
f 389/972/219 388/973/218 334/974/164

vt 28.1974 1.48856
vt 29.0228 0.774886
v 42.0914 18.288 -22.797
vt 30.4529 0.865494
vn -0.0182025 -0.377221 -0.925944
f 388/975/218 389/976/219 390/977/220

v 40.7948 17.901 -22.2044
vt 32.348 0.0301939
vn 0.0669681 -0.51261 -0.856006
vt 30.4432 0.961894
vt 29.0128 0.876864
f 391/978/221 390/979/220 389/980/219

vt 30.4746 1.62512
vt 32.3959 0.727885
vt 33.3018 1.17857
f 390/981/220 391/982/221 386/983/216

vt 32.2826 0.226249
v 39.796 17.6094 -22.0209
vt 33.7477 -0.339101
vn 0.0305212 -0.372785 -0.927415
vt 33.1988 0.655537
f 391/984/221 392/985/222 386/986/216

v 39.6682 17.4924 -21.8255
vt 33.0217 -4.64104
vn 0.195723 -0.828529 -0.524626
vt 32.8648 -4.33075
vt 31.4421 -3.66581
f 393/987/223 392/988/222 391/989/221

v 39.0203 17.4072 -21.7739
vt 34.7135 -2.41511
vn -0.238187 -0.491244 -0.837823
vt 33.589 -1.92932
vt 33.7653 -2.229
f 394/990/224 392/991/222 393/992/223

vt 33.2934 1.55535
vt 33.8669 0.574732
vt 35.017 0.153117
f 386/993/216 392/994/222 394/995/224

vt 34.9033 0.423159
vt 34.8531 1.11398
vt 33.1634 1.80522
f 394/996/224 385/997/215 386/998/216

vt 29.7591 2.29646
vt 29.845 1.60918
v 38.9272 17.6015 -21.7321
vt 29.9921 1.92769
vn -0.985254 0.0100678 0.170804
f 385/999/215 394/1000/224 395/1001/225

vt -9.97795 14.6687
vt -9.9897 14.318
v 39.0418 17.4706 -21.5877
vt -9.82451 14.3774
vn -0.149754 -0.180762 0.972059
f 395/1002/225 394/1003/224 396/1004/226

vt -31.0972 -15.2296
vt -30.2636 -14.7407
vt -31.153 -15.0632
f 394/1005/224 393/1006/223 396/1007/226

vt 20.6069 -28.0566
vt 20.1669 -27.2192
v 39.673 17.5147 -21.6579
vt 20.0522 -27.305
vn 0.203005 -0.610726 0.765377
f 396/1008/226 393/1009/223 397/1010/227

vt 7.09998 -31.4497
vt 7.2394 -31.4169
v 40.5609 17.7546 -21.7732
vt 6.8034 -30.1032
vn 0.317849 -0.947691 -0.0292176
f 397/1011/227 393/1012/223 398/1013/228

vt 29.3507 -13.2784
vt 27.9913 -12.0142
vt 28.1428 -12.6027
f 393/1014/223 391/1015/221 398/1016/228

vt 31.3728 -6.53216
vt 31.1152 -5.98187
v 41.5169 17.9138 -21.7728
vt 29.9968 -6.13642
vn 0.128088 -0.986106 -0.105777
f 398/1017/228 391/1018/221 399/1019/229

vt 30.6097 -5.62389
vt 31.7161 -5.39883
v 42.7585 18.0284 -22.1828
vt 28.8539 -4.95688
vn 0.0911302 -0.806944 -0.583555
f 399/1020/229 391/1021/221 400/1022/230

vt 32.1222 -1.99974
vt 28.8258 -1.01277
vt 29.2387 -1.72923
f 391/1023/221 389/1024/219 400/1025/230

vt 28.9054 -0.512098
vt 27.411 -0.990295
vt 29.3297 -1.22186
f 389/1026/219 335/1027/165 400/1028/230

vt 27.5025 -0.590816
vt 28.9857 -0.078956
vt 26.7655 0.601299
f 335/1029/165 389/1030/219 334/1031/164

vt 21.2754 -20.1048
vt 19.8418 -18.8088
v 43.4352 18.1263 -21.7999
vt 20.2987 -19.7106
vn 0.0917584 -0.962385 0.255724
f 400/1032/230 335/1033/165 401/1034/231

vt 27.5286 -7.10152
vt 26.6927 -6.53297
v 44.3881 18.1615 -21.802
vt 26.1516 -6.83386
vn 0.0306017 -0.98331 0.179344
f 401/1035/231 335/1036/165 402/1037/232

vt 26.8486 -5.94712
vt 24.8442 -5.54778
vt 26.3145 -6.26026
f 335/1038/165 336/1039/166 402/1040/232

vt 27.0423 -1.88128
vt 25.4799 -1.40357
vt 24.8343 -1.88909
f 402/1041/232 336/1042/166 337/1043/167

vt -27.0261 2.87665
vt -24.8181 2.86933
v 45.4475 18.3363 -21.2979
vt -25.4584 3.32526
vn 6.88976e-05 -0.575212 0.818005
f 402/1044/232 337/1045/167 403/1046/233

vt -25.0569 5.60845
vt -24.4604 5.09652
vt -23.6589 5.23253
f 403/1047/233 337/1048/167 338/1049/168

vt -25.551 2.54434
vt -24.1179 2.33919
v 46.3471 18.4479 -21.1065
vt -24.2307 2.78864
vn 0.00844593 -0.33202 0.943235
f 403/1050/233 338/1051/168 404/1052/234

vt -24.2018 3.03069
vt -24.0936 2.58014
vt -20.7392 2.80085
f 404/1053/234 338/1054/168 339/1055/169

vt -24.2322 2.76937
vt -20.7674 2.57474
v 48.7482 18.584 -20.9631
vt -20.7038 3.05796
vn 0.0046614 -0.254881 0.966961
f 404/1056/234 339/1057/169 405/1058/235

vt -20.7741 2.52339
v 51.1277 18.3879 -21.3664
vt -17.2065 2.65878
vn -0.0283777 -0.523136 0.851777
vt -20.7117 3.00676
f 339/1059/169 406/1060/236 405/1061/235

vt -20.8332 1.76091
vt -17.4185 1.61684
vt -17.2714 2.00566
f 339/1062/169 340/1063/170 406/1064/236

vt -16.8836 4.6528
v 52.0994 18.1856 -21.7759
vt -15.3031 4.41752
vn -0.0769945 -0.992594 0.0939595
vt -16.6707 5.00987
f 340/1065/170 407/1066/237 406/1067/236

vt 17.4525 0.960947
vt 17.2631 1.30435
vt 15.8748 0.708125
f 340/1068/170 341/1069/171 407/1070/237

vt 17.1588 2.43607
vt 15.5451 2.12295
vt 15.8146 1.74592
f 341/1071/171 345/1072/175 407/1073/237

vt 17.2819 1.05752
vt 16.9108 1.54895
vt 15.6443 0.915298
f 341/1074/171 342/1075/172 345/1076/175

vt 15.8738 0.684865
vt 15.6298 1.07886
v 52.7616 18.1593 -21.7414
vt 14.9164 0.494999
vn 0.0388334 -0.991169 0.126791
f 407/1077/237 345/1078/175 408/1079/238

vt 14.2967 -3.16014
vt 15.1423 -2.79312
v 53.5151 18.2181 -21.8921
vt 13.2153 -2.85888
vn 0.00610769 -0.890137 -0.455652
f 408/1080/238 345/1081/175 409/1082/239

vt 15.1187 -2.55545
vt 14.8455 -2.14487
vt 13.1914 -2.61137
f 345/1083/175 346/1084/176 409/1085/239

vt 14.8034 -2.20294
vt 12.712 -1.59363
vt 13.145 -2.6541
f 346/1086/176 347/1087/177 409/1088/239

vt 13.7835 1.52251
vt 13.0676 2.41668
v 54.86 18.1351 -22.3898
vt 11.7635 1.52202
vn -0.0395452 -0.716697 -0.696262
f 409/1089/239 347/1090/177 410/1091/240

vt 13.1222 1.19824
vt 10.4725 0.700563
vt 11.7268 0.454125
f 347/1092/177 348/1093/178 410/1094/240

vt 11.5043 -1.3079
vt 10.2756 -0.955581
v 55.3541 18.1186 -22.155
vt 10.7641 -1.4781
vn 0.00964483 -0.892252 -0.451435
f 410/1095/240 348/1096/178 411/1097/241

vt 10.85 -1.13006
vt 10.3472 -0.621318
v 57.0072 18.1406 -22.0553
vt 8.41656 -1.12174
vn -0.0188062 -0.908699 -0.417029
f 411/1098/241 348/1099/178 412/1100/242

vt 10.3766 -0.56731
vt 8.1804 -0.424151
vt 8.45261 -1.09287
f 348/1101/178 349/1102/179 412/1103/242

vt 8.64073 -0.274537
vt 8.31026 0.367394
v 58.6756 17.999 -21.6944
vt 6.21783 -0.874649
vn -0.172221 -0.985045 -0.0051378
f 412/1104/242 349/1105/179 413/1106/243

vt 8.34382 0.963957
vt 6.62889 0.125472
vt 6.36943 -0.45826
f 349/1107/179 354/1108/184 413/1109/243

vt 6.44094 0.950756
vt 6.56344 1.5777
v 59.7498 17.7891 -21.6382
vt 5.02516 0.1564
vn -0.190663 -0.974535 0.118022
f 413/1110/243 354/1111/184 414/1112/244

vt 6.61976 0.289748
vt 4.94805 -0.0209495
vt 4.80129 -0.749293
f 354/1113/184 357/1114/187 414/1115/244

vt 6.54754 0.543572
vt 5.61687 1.21636
vt 4.86259 0.315329
f 354/1116/184 355/1117/185 357/1118/187

vt 4.84818 -0.631932
vt 4.97634 0.0999127
vt 3.51358 -0.678482
f 414/1119/244 357/1120/187 358/1121/188

vt 4.99873 -0.45924
vt 3.68714 -0.710348
v 60.5633 17.787 -21.3995
vt 3.95422 -1.08298
vn -0.126064 -0.510259 0.850731
f 414/1122/244 358/1123/188 415/1124/245

vt 3.81627 1.63912
vt 3.37717 1.77095
v 61.2141 17.6002 -21.6063
vt 3.16239 0.870215
vn -0.179259 -0.827072 -0.532746
f 415/1125/245 358/1126/188 416/1127/246

vt 3.28986 -0.892309
vt 1.88784 -0.885334
vt 2.46852 -1.31993
f 358/1128/188 359/1129/189 416/1130/246

vt 2.72823 -0.852892
vt 2.1123 -0.469885
v 61.8848 17.5019 -21.706
vt 1.7434 -1.0262
vn -0.0946896 -0.775819 -0.62381
f 416/1131/246 359/1132/189 417/1133/247

v 62.5819 17.4447 -21.583
vt 0.250245 -1.1001
vn 0.245971 -0.933789 -0.259879
vt 1.27789 -0.94781
vt 1.71109 -0.439963
f 418/1134/248 417/1135/247 359/1136/189

vt 1.65333 1.98113
vt 2.08088 1.03432
v 62.2979 17.4893 -21.523
vt 1.99627 1.4508
vn -0.0245016 -0.414822 0.909573
f 417/1137/247 418/1138/248 419/1139/249

vt -0.864495 1.09616
vt -0.444666 1.03013
v 62.629 17.7546 -21.3609
vt -0.387608 1.54627
vn 0.217923 0.0776171 0.972875
f 419/1140/249 418/1141/248 420/1142/250

vt -1.07128 0.952812
v 62.773 17.5903 -21.5699
vt -0.817438 1.22599
vn 0.93368 -0.31582 0.168816
vt -1.08215 1.47198
f 418/1143/248 421/1144/251 420/1145/250

vt -1.01033 -0.976113
v 62.6528 17.6332 -21.828
vt -1.00011 -0.535902
vn 0.257198 -0.251744 -0.932992
vt -1.26341 -0.702227
f 418/1146/248 422/1147/252 421/1148/251

vt 0.0891063 -0.552714
vt 0.18341 -0.982827
vt 1.6527 -0.341681
f 422/1149/252 418/1150/248 359/1151/189

vt 0.0137126 0.00624877
vt 1.57948 0.200472
vt 1.69729 2.21028
f 422/1152/252 359/1153/189 360/1154/190

vt 1.22452 2.58724
v 62.4474 18.2549 -22.0385
vt -0.189546 1.53182
vn 0.37621 -0.0951005 -0.921641
vt -0.503038 0.417512
f 360/1155/190 423/1156/253 422/1157/252

vt 1.21015 2.60622
v 62.1665 19.0714 -22.3085
vt 0.221472 3.01246
vn 0.425839 -0.111853 -0.897859
vt -0.20379 1.55063
f 360/1158/190 424/1159/254 423/1160/253

vt 1.15982 2.48268
v 61.3 20.412 -23.2268
vt 1.56777 5.42799
vn 0.245021 -0.15961 -0.95629
vt 0.171206 2.88907
f 360/1161/190 425/1162/255 424/1163/254

vt 2.53905 4.7259
vt 1.72813 5.40902
vt 1.32986 2.46239
f 361/1164/191 425/1165/255 360/1166/190

vt 2.54392 4.7326
v 61.0815 20.9237 -23.4736
vt 2.07833 6.3549
vn 0.272099 -0.185068 -0.944305
vt 1.73293 5.41562
f 361/1167/191 426/1168/256 425/1169/255

v 60.3149 20.9985 -24.1428
vt 3.0283 6.55485
vn 0.223957 -0.219855 -0.949477
vt 1.77226 6.23245
vt 2.22193 4.60566
f 427/1170/257 426/1171/256 361/1172/191

vt 3.02441 6.57339
v 61.0953 21.9808 -23.8395
vt 1.81341 8.15287
vn 0.332751 -0.147507 -0.931407
vt 1.76832 6.25117
f 427/1173/257 428/1174/258 426/1175/256

v 60.1629 21.5577 -24.5126
vt 3.26535 7.56589
vn 0.176014 -0.15143 -0.97267
vt 1.75618 8.08903
vt 2.96321 6.50652
f 429/1176/259 428/1177/258 427/1178/257

vt 3.39822 7.95673
v 60.5581 22.5168 -24.2018
vt 2.70598 9.49725
vn 0.23166 -0.154435 -0.96046
vt 1.8889 8.47944
f 429/1179/259 430/1180/260 428/1181/258

v 59.6846 22.4044 -24.6458
vt 4.25181 9.43928
vn 0.143806 -0.174096 -0.974172
vt 2.90754 9.50028
vt 3.5808 7.95137
f 431/1182/261 430/1183/260 429/1184/259

v 60.7086 23.0388 -24.3718
vt 2.69319 9.96025
vn 0.264966 -0.199497 -0.943395
vt 2.88564 9.01843
vt 4.2299 8.95744
f 432/1185/262 430/1186/260 431/1187/261

vt 2.51161 8.8219
vt 2.34619 9.76884
v 61.2224 22.6219 -23.6044
vt 1.40496 8.82633
vn 0.363177 -0.137241 -0.921557
f 430/1188/260 432/1189/262 433/1190/263

vt 0.876406 9.47096
vt 1.83027 10.4007
v 61.532 22.7063 -23.1522
vt 0.27579 9.48293
vn 0.546414 -0.14183 -0.825419
f 433/1191/263 432/1192/262 434/1193/264

vt 0.555196 8.93879
vt 2.10519 9.86409
v 61.1681 23.421 -23.9983
vt 1.33775 10.4079
vn 0.360617 -0.157243 -0.919364
f 434/1194/264 432/1195/262 435/1196/265

vt 1.58391 10.8657
vt 2.35488 10.3268
v 60.5155 23.4903 -24.6006
vt 2.66525 11.158
vn 0.227726 -0.116589 -0.96672
f 435/1197/265 432/1198/262 436/1199/266

vt 3.0341 11.017
vt 2.72634 10.1848
v 59.5855 23.4079 -25.0534
vt 4.45901 11.0101
vn 0.12853 -0.153999 -0.979676
f 436/1200/266 432/1201/262 437/1202/267

vt 2.7494 10.1178
vt 4.29002 9.12096
vt 4.48124 10.9448
f 432/1203/262 431/1204/261 437/1205/267

vt 4.58683 10.9588
vt 4.40875 9.1336
v 58.7075 22.3557 -24.9528
vt 5.87168 9.14176
vn 0.0867828 -0.158369 -0.983559
f 437/1206/267 431/1207/261 438/1208/268

vt 5.87038 9.37587
vt 4.40745 9.36771
vt 3.71879 7.8879
f 438/1209/268 431/1210/261 429/1211/259

vt 5.1042 7.30088
vt 5.87394 9.37264
vt 3.72199 7.88521
f 362/1212/192 438/1213/268 429/1214/259

vt 7.44252 9.32323
vt 5.94068 9.33639
vt 5.16124 7.26826
f 364/1215/194 438/1216/268 362/1217/192

v 58.3146 23.9001 -25.3609
vt 6.52583 12.014
vn 0.0912168 -0.117732 -0.988847
vt 5.94002 9.27894
vt 7.44186 9.2658
f 439/1218/269 438/1219/268 364/1220/194

vt 4.66967 11.0863
vt 5.9645 9.27642
vt 6.54843 12.0119
f 437/1221/267 438/1222/268 439/1223/269

v 60.2172 24.6651 -24.4903
vt 3.50218 13.125
vn 0.154489 -0.0784506 -0.984875
vt 4.55238 11.111
vt 6.41996 12.059
f 440/1224/270 437/1225/267 439/1226/269

vt 3.03589 11.2075
vt 4.4608 11.2005
vt 3.38401 13.2004
f 436/1227/266 437/1228/267 440/1229/270

v 61.205 24.4411 -23.9067
vt 1.65506 12.6948
vn 0.252119 -0.116419 -0.960668
vt 2.86629 11.2567
vt 3.1759 13.2559
f 441/1230/271 436/1231/266 440/1232/270

vt 1.38422 12.6883
vt 1.54044 10.9788
vt 2.62142 11.2725
f 441/1233/271 435/1234/265 436/1235/266

vt 1.3072 10.9804
vt 1.13442 12.6883
v 61.577 24.2041 -23.4789
vt 0.499267 12.1607
vn 0.466877 -0.170247 -0.86778
f 435/1236/265 441/1237/271 442/1238/272

vt 1.31409 12.5154
v 61.3112 25.1937 -23.9297
vt 1.13324 13.7965
vn 0.231948 -0.149114 -0.961231
vt 0.677278 11.9897
f 441/1239/271 443/1240/273 442/1241/272

vt 1.8682 13.8723
vt 2.03958 12.5899
v 60.4844 26.2434 -24.2672
vt 3.08745 15.7514
vn 0.125919 -0.104846 -0.986484
f 443/1242/273 441/1243/271 444/1244/274

vt 2.74742 15.8368
vt 1.73546 12.6637
vt 3.25948 13.2161
f 444/1245/274 441/1246/271 440/1247/270

vt 3.14464 15.7824
vt 3.5995 13.1511
v 58.4537 25.9988 -24.7993
vt 6.17305 15.5238
vn 0.0874052 -0.0252278 -0.995853
f 444/1248/274 440/1249/270 445/1250/275

vt 6.03894 15.5478
vt 3.49248 13.1461
vt 6.41154 12.0836
f 445/1251/275 440/1252/270 439/1253/269

vt 6.25458 12.2014
v 57.8651 24.6164 -25.4268
vt 6.86985 13.4581
vn 0.0460734 -0.111846 -0.992657
vt 5.82118 15.6585
f 439/1254/269 446/1255/276 445/1256/275

vt 7.49486 9.2783
vt 7.2404 13.2607
vt 6.58017 12.027
f 364/1257/194 446/1258/276 439/1259/269

vt 7.49294 9.28749
vt 10.4706 9.56707
vt 7.23389 13.2696
f 364/1260/194 365/1261/195 446/1262/276

vt 10.4719 9.54225
v 55.2641 23.8534 -25.3355
vt 11.067 11.9345
vn -0.00951606 -0.11545 -0.993268
vt 7.24026 13.2492
f 365/1263/195 447/1264/277 446/1265/276

v 52.8214 24.0987 -25.2719
vt 14.6589 12.3344
vn 0.00246599 -0.104077 -0.994566
vt 11.0665 11.9311
vt 10.4703 9.53911
f 448/1266/278 447/1267/277 365/1268/195

vt 14.659 12.2292
v 55.217 24.9349 -25.1948
vt 11.1341 13.6335
vn -0.0181115 -0.0742329 -0.997076
vt 11.0671 11.8219
f 448/1269/278 449/1270/279 447/1271/277

v 51.4119 25.4581 -24.9722
vt 16.7342 14.3961
vn 0.000824867 -0.0182498 -0.999833
vt 11.1367 13.5517
vt 14.6588 12.1406
f 450/1272/280 449/1273/279 448/1274/278

vt 16.7311 14.2826
v 55.3012 25.8159 -24.9411
vt 11.0106 14.8871
vn -0.0286356 -0.00904544 -0.999549
vt 11.135 13.4286
f 450/1275/280 451/1276/281 449/1277/279

vt 16.7362 13.5585
v 55.1021 26.4073 -24.5912
vt 11.3182 15.1664
vn -0.0226515 0.0693871 -0.997333
vt 11.0189 14.1934
f 450/1278/280 452/1279/282 451/1280/281

vt 11.3288 14.811
vt 16.7364 13.1687
v 53.6088 26.5861 -24.3689
vt 13.5304 15.0782
vn -0.0130978 0.144249 -0.989455
f 452/1281/282 450/1282/280 453/1283/283

vt 13.4819 15.7371
vt 16.7228 13.8875
v 49.7635 26.4246 -24.4722
vt 19.139 15.4862
vn 0.0118378 0.125692 -0.991999
f 453/1284/283 450/1285/280 454/1286/284

v 48.393 26.5471 -24.4545
vt 21.1194 15.7234
vn 0.0208566 0.131625 -0.99108
vt 19.1056 15.5009
vt 16.7029 13.8821
v 48.4459 25.6432 -24.9825
vt 21.0627 14.2316
vn 0.0110029 -0.0105717 -0.999884
f 455/1287/285 454/1288/284 450/1289/280 456/1290/286 

vt 19.03 14.1505
vt 21.0392 14.411
v 49.6725 26.9448 -23.8988
vt 19.1234 15.058
vn 0.031455 0.372001 -0.927699
f 454/1291/284 455/1292/285 457/1293/287

vt 19.1431 14.8482
vt 21.0561 14.1931
v 48.3702 27.0406 -23.8886
vt 21.0538 15.0566
vn 0.0327054 0.406642 -0.913002
f 457/1294/287 455/1295/285 458/1296/288

vt 21.1109 14.7804
vt 21.1019 13.9169
v 46.632 26.9697 -24.0531
vt 23.6723 14.6922
vn 0.0393669 0.305208 -0.951472
f 458/1297/288 455/1298/285 459/1299/289

vt 21.1587 14.2989
v 46.6326 26.4795 -24.5158
vt 23.7484 14.1881
vn 0.0600161 0.0625699 -0.996234
vt 23.7448 15.02
f 455/1300/285 460/1301/290 459/1302/289

vt 21.1475 15.5821
vt 21.0807 14.0907
vt 23.7376 15.4817
f 455/1303/285 456/1304/286 460/1305/290

vt 21.0854 14.0956
v 46.3463 25.5564 -25.0369
vt 24.1743 13.9594
vn 0.0580533 -0.0360631 -0.997662
vt 23.7457 15.4802
f 456/1306/286 461/1307/291 460/1308/290

vt 24.1685 14.6359
vt 21.0793 14.765
v 48.9874 24.3294 -25.2798
vt 20.2934 12.5791
vn 0.00984963 -0.093263 -0.995593
f 461/1309/291 456/1310/286 462/1311/292

vt 20.2929 12.5826
vt 21.0784 14.7687
vt 16.7171 14.4386
f 462/1312/292 456/1313/286 450/1314/280

vt 20.2934 12.5743
vt 16.7179 14.431
vt 14.6554 12.1638
f 462/1315/292 450/1316/280 448/1317/278

vt 20.296 12.7213
vt 14.6576 12.3175
v 52.6243 23.218 -25.2991
vt 14.9508 10.8268
vn 0.00556382 -0.136411 -0.990637
f 462/1318/292 448/1319/278 463/1320/293

vt 14.9496 10.8413
vt 14.6551 12.3317
vt 10.4727 9.5272
f 463/1321/293 448/1322/278 365/1323/195

vt 14.5335 8.77868
vt 14.9504 10.868
vt 10.4717 9.5598
f 366/1324/196 463/1325/293 365/1326/195

vt 20.645 9.85051
vt 14.9501 10.8735
vt 14.5341 8.784
f 367/1327/197 463/1328/293 366/1329/196

vt 20.297 12.7253
vt 14.951 10.8331
vt 20.6453 9.80674
f 462/1330/292 463/1331/293 367/1332/197

vt 20.6427 9.84435
v 45.9781 23.4668 -25.3732
vt 24.7215 11.3302
vn 0.0167772 -0.133457 -0.990913
vt 20.2893 12.7623
f 367/1333/197 464/1334/294 462/1335/292

vt 26.8807 8.76984
vt 24.7259 11.3253
vt 20.6454 9.84382
f 368/1336/198 464/1337/294 367/1338/197

v 43.2269 23.3363 -25.3911
vt 28.7722 11.1222
vn -0.0341751 -0.1596 -0.98659
vt 24.7252 11.3319
vt 26.8806 8.77689
f 465/1339/295 464/1340/294 368/1341/198

v 45.0666 24.7302 -25.4463
vt 26.062 13.4864
vn 0.0192901 -0.11061 -0.993677
vt 24.7255 11.3197
vt 28.7725 11.1097
f 466/1342/296 464/1343/294 465/1344/295

vt 25.9416 13.689
v 46.1033 24.6134 -25.2904
vt 24.4122 13.4424
vn 0.0453173 -0.0889313 -0.995006
vt 24.6208 11.5126
f 466/1345/296 467/1346/297 464/1347/294

vt 25.9191 13.7591
v 45.4027 25.5012 -25.2682
vt 25.398 15.0297
vn 0.0445003 -0.0508876 -0.997712
vt 24.3901 13.5107
f 466/1348/296 468/1349/298 467/1350/297

v 43.8869 24.8382 -25.4191
vt 27.7977 13.4206
vn -0.0998209 -0.0387978 -0.994249
vt 25.5654 14.5191
vt 26.0631 13.2391
f 469/1351/299 468/1352/298 466/1353/296

v 44.4716 25.8505 -25.1645
vt 26.9363 15.0161
vn -0.101527 0.0422532 -0.993935
vt 25.5674 14.4385
vt 27.798 13.3366
f 470/1354/300 468/1355/298 469/1356/299

vt 26.8683 15.0385
v 46.1747 26.4037 -24.7405
vt 24.3398 15.9026
vn 0.0746269 0.0592604 -0.995449
vt 25.5096 14.4376
f 470/1357/300 471/1358/301 468/1359/298

vt 26.9148 14.3659
v 44.6873 26.494 -24.7292
vt 26.5828 15.428
vn -0.06242 0.119629 -0.990855
vt 24.3965 15.2594
f 470/1360/300 472/1361/302 471/1362/301

vt 16.9008 4.33233
vt 16.7355 3.23193
vt 16.9772 1.3598
f 472/1363/302 470/1364/300 469/1365/299

v 42.9669 26.0332 -24.7988
vt 29.1486 14.5218
vn -0.0471311 -0.0265599 -0.998536
vt 26.6259 15.3192
vt 27.7699 12.5745
f 473/1366/303 472/1367/302 469/1368/299

vt 29.141 14.2582
v 43.7987 26.6862 -24.5454
vt 27.9346 15.3562
vn -0.00882709 0.0986124 -0.995087
vt 26.6209 15.0637
f 473/1369/303 474/1370/304 472/1371/302

v 42.9989 26.9679 -24.2837
vt 29.1059 15.4061
vn 0.0121632 0.102827 -0.994625
vt 27.9147 14.9724
vt 29.1121 13.8647
f 475/1372/305 474/1373/304 473/1374/303

v 43.5132 27.2589 -23.929
vt 28.219 15.5966
vn 0.0570134 0.336159 -0.940078
vt 27.8327 14.5946
vt 28.9933 15.1046
f 476/1375/306 474/1376/304 475/1377/305

vt 26.5831 13.901
vt 27.884 14.246
vt 28.2851 15.2421
f 472/1378/302 474/1379/304 476/1380/306

v 45.1547 27.0431 -24.0591
vt 25.7928 15.1076
vn 0.0636738 0.400673 -0.914006
vt 26.5196 14.1601
vt 28.1947 15.5346
f 477/1381/307 472/1382/302 476/1383/306

vt 23.6445 14.7876
vt 24.3528 13.8074
vt 26.5368 14.0043
vt 25.8145 14.9552
f 459/1384/289 471/1385/301 472/1386/302 477/1387/307 

vt 22.8714 17.1491
vt 23.5739 17.0751
vt 22.7651 17.9743
f 460/1388/290 471/1389/301 459/1390/289

vt 22.6745 17.5758
vt 23.2313 16.0971
vt 23.3778 17.5103
f 460/1391/290 461/1392/291 471/1393/301

vt 24.0611 16.6802
vt 23.866 15.2729
vt 25.2697 15.2471
f 471/1394/301 461/1395/291 468/1396/298

vt 25.2626 15.2245
vt 23.8588 15.2497
vt 24.2651 13.6986
f 468/1397/298 461/1398/291 467/1399/297

vt 24.5292 13.0836
vt 24.1611 14.6443
vt 20.2894 12.5809
f 467/1400/297 461/1401/291 462/1402/292

vt 24.7253 11.2701
vt 24.5356 13.2019
vt 20.2948 12.7075
f 464/1403/294 467/1404/297 462/1405/292

vt 23.3507 11.2454
vt 25.5052 11.5543
v 45.208 27.2848 -23.4632
vt 25.3559 12.1216
vn 0.116097 0.961455 -0.249251
f 459/1406/289 477/1407/307 478/1408/308

vt 23.5833 17.3828
vt 23.8408 16.8557
v 44.4294 27.3766 -23.5289
vt 24.675 17.7735
vn 0.121364 0.815163 -0.566375
f 478/1409/308 477/1410/307 479/1411/309

vt 25.3278 13.9536
vt 27.6875 14.5724
vt 26.2985 14.7255
f 477/1412/307 476/1413/306 479/1414/309

vt 26.5525 11.705
vt 27.9345 11.4982
v 43.4197 27.4762 -23.3887
vt 28.011 12.0345
vn 0.162502 0.984087 -0.071873
f 479/1415/309 476/1416/306 480/1417/310

vt 24.3472 20.3081
v 42.2989 27.5242 -23.7989
vt 25.8641 21.3453
vn 0.0761996 0.391653 -0.916952
vt 24.2446 20.8401
f 476/1418/306 481/1419/311 480/1420/310

vt 28.0934 16.5263
vt 28.8778 16.0507
vt 29.8598 17.0329
f 476/1421/306 475/1422/305 481/1423/311

vt 29.0537 15.4386
v 42.0186 26.9636 -24.3171
vt 30.4961 15.4436
vn -0.00465334 0.0461989 -0.998921
v 40.7064 27.482 -23.8832
vt 32.4121 16.3362
vn -0.00579744 0.184405 -0.982833
vt 30.0681 16.3874
f 475/1424/305 482/1425/312 483/1426/313 481/1427/311 

vt 30.4963 16.534
vt 29.0539 16.529
vt 29.119 14.989
f 482/1428/312 475/1429/305 473/1430/303

v 40.309 27.1766 -24.063
vt 33.082 16.3638
vn -0.0264112 0.0144635 -0.999547
vt 30.5599 16.0585
vt 29.1418 14.5509
f 484/1431/314 482/1432/312 473/1433/303

vt 32.505 16.2415
vt 30.563 15.407
vt 33.0831 15.7287
f 483/1434/313 482/1435/312 484/1436/314

vt 32.4313 14.2925
vt 32.9894 13.758
v 40.0358 27.7654 -23.5228
vt 33.4491 14.7271
vn 0.114291 0.77214 -0.625089
f 483/1437/313 484/1438/314 485/1439/315

vt 32.5032 19.4799
vt 32.2092 18.4484
v 39.1691 27.8995 -23.6077
vt 33.7665 19.7903
vn 0.0618414 0.380116 -0.922869
f 485/1440/315 484/1441/314 486/1442/316

v 39.0268 27.5573 -23.7641
vt 34.98 16.7913
vn -0.180294 -0.0995425 -0.978563
vt 34.7786 17.3581
vt 33.0835 16.1952
f 487/1443/317 486/1444/316 484/1445/314

vt 34.9317 16.0352
v 38.7831 27.955 -23.5129
vt 35.3137 16.6779
vn -0.623238 0.773405 -0.115836
vt 34.7408 16.6056
f 487/1446/317 488/1447/318 486/1448/316

vt 30.6268 17.6701
vt 30.1839 17.0677
v 38.7716 27.8144 -23.4898
vt 30.6407 17.4251
vn -0.986303 0.160741 -0.0370016
f 488/1449/318 487/1450/317 489/1451/319

vt 32.2768 15.471
vt 31.8238 15.1087
v 38.6752 27.5781 -23.455
vt 32.4007 15.0549
vn -0.990547 -0.122969 -0.0607912
f 489/1452/319 487/1453/317 490/1454/320

v 39.2792 26.2005 -23.6247
vt 31.7381 16.0283
vn -0.480282 -0.241904 -0.843096
vt 32.6782 18.3162
vt 32.1012 18.3693
f 491/1455/321 490/1456/320 487/1457/317

vt 12.0801 27.3102
vt 11.509 24.9035
v 38.9937 26.8156 -23.3958
vt 11.8925 25.9318
vn -0.970516 -0.240568 0.0150604
f 490/1458/320 491/1459/321 492/1460/322

vt 23.3823 20.3203
vt 22.9062 19.3316
v 39.111 26.2217 -23.2333
vt 23.3157 19.2543
vn -0.979322 -0.202137 -0.00834601
f 492/1461/322 491/1462/321 493/1463/323

vt 23.7339 21.0353
vt 23.3247 21.114
v 39.3262 25.634 -23.1179
vt 23.544 19.9756
vn -0.97294 -0.230289 0.0188302
f 493/1464/323 491/1465/321 494/1466/324

vt 20.6997 21.1702
v 39.8601 24.7114 -23.6848
vt 20.0119 18.6016
vn -0.444711 -0.210655 -0.87055
vt 20.9446 20.0371
f 491/1467/321 495/1468/325 494/1469/324

vt 31.7376 16.2529
v 39.7875 25.7907 -23.9552
vt 30.9231 15.6519
vn -0.211691 -0.169271 -0.962566
vt 30.8613 13.7423
f 491/1470/321 496/1471/326 495/1472/325

vt 31.1179 15.3807
vt 31.9328 15.9812
vt 32.2973 18.3219
f 496/1473/326 491/1474/321 487/1475/317

v 40.7254 25.5849 -24.3553
vt 31.7133 14.3411
vn -0.112516 -0.111574 -0.987366
vt 33.1364 14.5767
vt 34.3152 17.5182
f 497/1476/327 496/1477/326 487/1478/317

vt 31.7392 14.1736
v 40.4702 24.7995 -24.2162
vt 32.1059 12.8009
vn -0.218121 -0.147711 -0.964679
vt 33.1623 14.4095
f 497/1479/327 498/1480/328 496/1481/326

vt 31.0272 13.7559
v 41.0691 23.7985 -24.5868
vt 30.4104 10.7847
vn -0.193732 -0.114223 -0.974382
vt 31.3849 12.3808
f 497/1482/327 499/1483/329 498/1484/328

v 42.0408 24.4047 -24.8844
vt 30.0077 12.0782
vn -0.113339 -0.0779722 -0.990492
vt 31.4404 10.9606
vt 32.0177 13.9397
f 500/1485/330 499/1486/329 497/1487/327

vt 29.5877 11.1047
v 41.7029 23.2665 -24.992
vt 30.0058 9.17211
vn -0.12756 -0.152299 -0.980068
vt 31.0093 9.97301
f 500/1488/330 501/1489/331 499/1490/329

v 43.0586 23.7538 -25.374
vt 28.3926 10.5408
vn -0.0644423 -0.109072 -0.991943
vt 30.3937 9.59277
vt 29.9557 11.5209
f 502/1491/332 501/1492/331 500/1493/330

vt 28.4542 10.8865
vt 30.7164 10.6564
vt 28.7085 11.5899
f 465/1494/295 501/1495/331 502/1496/332

vt 28.5003 11.3338
v 42.8685 22.343 -25.0068
vt 29.0475 9.53834
vn -0.0817389 -0.162361 -0.98334
vt 30.7625 11.1036
f 465/1497/295 503/1498/333 501/1499/331

vt 26.7246 8.95327
vt 29.1539 9.5069
vt 28.6102 11.3035
f 368/1500/198 503/1501/333 465/1502/295

vt 30.1034 7.33405
vt 29.2264 9.19038
vt 26.797 8.6371
f 369/1503/199 503/1504/333 368/1505/198

vt 30.8675 7.42713
vt 28.9243 8.81348
vt 29.7882 6.951
f 371/1506/201 503/1507/333 369/1508/199

vt 30.6233 6.85124
v 41.3547 22.4138 -24.4559
vt 30.9597 8.21304
vn -0.186827 -0.173936 -0.966872
vt 28.6881 8.24883
f 371/1509/201 504/1510/334 503/1511/333

vt 29.6156 6.59512
vt 31.2547 7.32513
vt 29.9765 7.95059
f 371/1512/201 373/1513/203 504/1514/334

v 40.1874 22.5394 -23.4719
vt 30.3008 3.3926
vn -0.450621 -0.16708 -0.876941
vt 28.3974 3.46604
vt 29.6532 2.79681
f 505/1515/335 504/1516/334 373/1517/203

v 40.483 22.7726 -24.0363
vt 30.0962 13.7725
vn -0.327634 -0.226661 -0.917213
vt 28.7697 13.25
vt 30.6731 13.1773
f 506/1518/336 504/1519/334 505/1520/335

vt 29.5683 11.2169
vt 30.9042 11.7149
v 40.816 22.9759 -24.4155
vt 30.3451 12.1763
vn -0.232013 -0.174761 -0.956885
f 504/1521/334 506/1522/336 507/1523/337

v 40.3773 23.6323 -24.0274
vt 28.7315 10.8933
vn -0.34941 -0.149891 -0.924903
vt 27.968 9.89199
vt 28.534 9.43903
f 508/1524/338 507/1525/337 506/1526/336

vt 29.4295 8.9089
vt 30.1872 9.91461
vt 29.0816 10.3576
f 507/1527/337 508/1528/338 499/1529/329

vt 29.4115 11.2753
vt 30.5179 10.834
vt 30.3945 12.8662
f 499/1530/329 508/1531/338 498/1532/328

vt 30.9366 12.5028
vt 29.9446 12.8039
vt 30.0657 10.7716
f 495/1533/325 498/1534/328 508/1535/338

vt 30.3063 13.9702
vt 31.2982 13.6688
vt 31.3637 15.5782
f 498/1536/328 495/1537/325 496/1538/326

vt 25.374 15.5403
vt 24.5265 13.7976
v 39.8377 23.8526 -23.1785
vt 25.6051 13.9282
vn -0.773201 -0.169121 -0.611195
f 495/1539/325 508/1540/338 509/1541/339

vt 26.0083 10.6493
vt 24.9296 10.5196
v 40.0564 22.9499 -23.4573
vt 25.5313 9.19937
vn -0.521426 -0.179225 -0.834262
f 509/1542/339 508/1543/338 510/1544/340

vt 26.305 11.1835
vt 26.1052 9.72952
vt 26.9083 9.86398
f 508/1545/338 506/1546/336 510/1547/340

vt 25.758 11.7658
vt 26.3694 11.2061
vt 26.561 11.9009
f 506/1548/336 505/1549/335 510/1550/340

vt 21.2768 13.8831
vt 21.1058 13.1829
v 39.9308 22.7011 -22.9394
vt 21.7025 13.3054
vn -0.818572 -0.128882 -0.559759
f 510/1551/340 505/1552/335 511/1553/341

vt 22.0474 8.64997
v 39.9543 21.3987 -22.862
vt 22.5316 6.54198
vn -0.765741 -0.0680943 -0.639534
vt 22.6444 8.771
f 505/1554/335 512/1555/342 511/1556/341

vt 24.1459 6.93912
vt 23.6595 9.04661
vt 23.5354 6.84601
f 512/1557/342 505/1558/335 374/1559/204

vt 24.3248 9.01491
vt 23.6396 8.46274
vt 24.2013 6.81428
f 505/1560/335 373/1561/203 374/1562/204

vt 24.4012 5.26028
vt 23.7908 5.16688
vt 24.485 2.97287
f 512/1563/342 374/1564/204 377/1565/207

vt 15.147 4.47957
vt 15.1646 2.19069
v 39.7729 20.9154 -22.3098
vt 15.6114 3.49847
vn -0.989107 0.137467 0.0526364
f 512/1566/342 377/1567/207 513/1568/343

vt 19.3489 2.48084
vt 18.9204 1.16695
vt 19.4479 1.22328
f 513/1569/343 377/1570/207 380/1571/210

vt -13.8719 1.93211
vt -13.9603 0.673754
vt -13.5174 0.514123
f 513/1572/343 380/1573/210 381/1574/211

v 40.0558 21.6443 -21.7049
vt -11.4705 3.33894
vn -0.602679 0.150057 0.783748
vt -12.1979 2.27136
vt -11.8338 0.855827
f 514/1575/344 513/1576/343 381/1577/211

v 39.8985 21.4662 -22.2683
vt -11.3053 2.67683
vn -0.967986 0.114314 0.223464
vt -11.4828 1.74748
vt -10.7585 2.81716
f 515/1578/345 513/1579/343 514/1580/344

vt 6.14209 -0.0474742
vt 6.56404 -1.04755
vt 6.65131 -0.105444
f 512/1581/342 513/1582/343 515/1583/345

v 39.8874 22.1337 -22.5204
vt 7.43752 9.17959
vn -0.996509 0.0107627 0.082793
vt 7.03948 8.03234
vt 7.54885 7.97567
f 516/1584/346 512/1585/342 515/1586/345

vt 9.67545 9.38129
vt 9.55163 7.15286
vt 9.95095 8.29966
f 511/1587/341 512/1588/342 516/1589/346

v 39.8924 22.937 -22.4468
vt 6.79023 8.78024
vn -0.917867 0.0246372 0.396122
vt 6.34408 8.52245
vt 6.61827 7.44048
f 517/1590/347 511/1591/341 516/1592/346

vt 4.5384 13.6102
vt 4.56359 11.5861
vt 5.00944 11.8444
f 509/1593/339 511/1594/341 517/1595/347

vt 18.3842 13.2302
vt 17.9147 11.7778
vt 18.3485 11.2062
f 509/1596/339 510/1597/340 511/1598/341

v 39.8297 23.7504 -22.6434
vt 4.6757 13.2087
vn -0.960061 -0.0639683 0.272382
vt 4.24556 13.5367
vt 4.71763 11.7711
f 518/1599/348 509/1600/339 517/1601/347

v 39.6053 24.695 -22.9576
vt 8.14139 19.1275
vn -0.98838 -0.142132 0.0538779
vt 7.78384 17.7353
vt 8.20927 17.4012
f 519/1602/349 509/1603/339 518/1604/348

vt 20.4982 15.0136
vt 19.7914 15.2511
vt 20.0597 13.6448
f 519/1605/349 495/1606/325 509/1607/339

vt 21.7965 19.4241
vt 20.8544 17.9947
vt 21.5599 17.7532
f 494/1608/324 495/1609/325 519/1610/349

vt -17.8626 20.0107
vt -17.6292 18.3394
v 39.8502 24.9527 -22.2662
vt -16.9185 18.5809
vn -0.45841 0.090183 0.884153
f 494/1611/324 519/1612/349 520/1613/350

vt -16.1916 14.481
v 39.7869 24.1852 -22.488
vt -15.7793 13.48
vn -0.678725 0.0551297 0.732321
vt -15.4794 14.7181
f 519/1614/349 521/1615/351 520/1616/350

vt -7.82404 17.9491
vt -7.60608 16.2353
vt -7.44124 16.9364
f 519/1617/349 518/1618/348 521/1619/351

vt -6.06169 16.6776
vt -6.2311 15.9776
v 40.0455 23.2155 -21.8958
vt -5.62203 14.8424
vn -0.608688 0.0811407 0.789249
f 521/1620/351 518/1621/348 522/1622/352

vt -12.7805 12.3454
vt -12.697 10.9096
vt -12.1491 11.2225
f 518/1623/348 517/1624/347 522/1625/352

vt -14.6442 15.2155
vt -15.1893 14.8977
v 40.1753 22.8332 -21.7446
vt -14.485 14.5126
vn -0.464192 0.126396 0.87667
f 522/1626/352 517/1627/347 523/1628/353

vt -17.8274 8.37946
vt -18.535 8.75833
vt -18.0436 6.3535
f 523/1629/353 517/1630/347 514/1631/344

vt -8.79439 10.7547
vt -8.96294 9.41453
vt -8.30518 8.34943
f 517/1632/347 516/1633/346 514/1634/344

vt -12.2878 7.35851
vt -12.1767 6.15455
vt -11.6296 6.29364
f 516/1635/346 515/1636/345 514/1637/344

vt -21.1406 8.79589
vt -21.3626 6.77056
v 40.4943 22.6155 -21.1109
vt -20.4555 8.24367
vn -0.328705 0.205199 0.921871
f 523/1638/353 514/1639/344 524/1640/354

vt -23.6277 10.1064
vt -24.5303 8.63058
v 40.6309 21.8505 -20.9225
vt -23.4407 8.75336
vn -0.288555 0.121395 0.949736
f 524/1641/354 514/1642/344 525/1643/355

v 40.3794 20.5175 -21.1142
vt -23.8332 5.52483
vn -0.279699 0.140038 0.94982
vt -23.3229 7.72721
vt -24.4126 7.60466
f 526/1644/356 525/1645/355 514/1646/344

vt -30.7772 6.35668
v 41.4323 20.8893 -20.576
vt -29.1461 6.83149
vn -0.155959 0.0898508 0.983668
vt -30.3201 8.57072
f 526/1647/356 527/1648/357 525/1649/355

v 40.0695 19.2307 -21.2659
vt -31.2081 3.91365
vn -0.200529 0.13132 0.970847
vt -29.0471 6.5287
vt -30.6785 6.05507
f 528/1650/358 527/1651/357 526/1652/356

vt -32.3499 4.38483
v 42.3492 19.4628 -20.5312
vt -28.9304 4.56344
vn -0.0907641 0.0456425 0.994826
vt -30.2233 7.02792
f 528/1653/358 529/1654/359 527/1655/357

vt -32.3324 4.08225
v 40.4008 18.2893 -21.2479
vt -31.8775 2.4687
vn -0.0585956 0.047735 0.99714
vt -28.9129 4.25988
f 528/1656/358 530/1657/360 529/1658/359

v 39.1562 18.1077 -21.7138
vt -33.5169 2.47119
vn -0.519913 0.247587 0.817552
vt -31.637 2.64326
vt -32.0864 4.25837
f 531/1659/361 530/1660/360 528/1661/358

vt -33.5178 -0.372871
vt -31.476 0.914322
vt -33.356 0.743617
f 396/1662/226 530/1663/360 531/1664/361

vt -32.9018 2.16228
vt -34.9075 0.819661
v 39.7923 17.6998 -21.4893
vt -33.8017 1.19369
vn 0.0418747 -0.0785023 0.996034
f 530/1665/360 396/1666/226 532/1667/362

vt -34.9324 -1.15906
vt -34.0053 -1.04457
vt -33.8507 -0.720111
f 396/1668/226 397/1669/227 532/1670/362

vt -33.8943 -1.87714
v 41.0081 18.0116 -21.4483
vt -31.996 -0.912943
vn 0.0663254 -0.272117 0.959976
vt -33.7473 -1.54914
f 397/1671/227 533/1672/363 532/1673/362

vt -25.6875 -19.9408
vt -24.7181 -18.9605
vt -24.4661 -18.1969
f 397/1674/227 398/1675/228 533/1676/363

vt -32.2708 -4.14398
vt -30.9102 -3.69799
vt -31.7022 -3.57554
f 398/1677/228 399/1678/229 533/1679/363

vt -32.1148 -0.430696
vt -31.3437 -0.648956
v 42.248 17.9686 -21.689
vt -30.2814 -0.449671
vn 0.122048 -0.789698 0.601233
f 533/1680/363 399/1681/229 534/1682/364

vt 30.0991 -7.69807
vt 28.3857 -6.92881
vt 29.0312 -7.53146
f 399/1683/229 400/1684/230 534/1685/364

vt 23.8948 -16.0926
v 42.8096 18.049 -21.8002
vt 23.6577 -16.3347
vn 0.196181 -0.961033 0.194754
vt 24.3123 -16.8708
f 400/1686/230 535/1687/365 534/1688/364

vt 24.8831 -14.7576
vt 25.1028 -14.4995
vt 24.0658 -14.3151
f 535/1689/365 400/1690/230 401/1691/231

vt -28.4132 -6.80388
vt -27.5502 -6.45872
v 43.2007 18.2478 -21.3924
vt -27.992 -6.221
vn 0.0733287 -0.537272 0.840215
f 535/1692/365 401/1693/231 536/1694/366

vt -28.9161 0.556383
vt -28.5461 0.217593
v 44.0603 18.273 -21.3703
vt -27.6577 0.68663
vn 0.00840694 -0.494083 0.869374
f 536/1695/366 401/1696/231 537/1697/367

vt -28.4016 -2.51597
vt -27.0229 -2.25698
vt -27.561 -1.96583
f 401/1698/231 402/1699/232 537/1700/367

vt -27.612 -1.29024
vt -27.0814 -1.59482
vt -25.6054 -0.901815
f 537/1701/367 402/1702/232 403/1703/233

vt -27.5794 2.5115
vt -25.54 2.64618
v 45.6069 18.5961 -20.865
vt -25.3091 3.15613
vn 0.00864093 -0.223024 0.974775
f 537/1704/367 403/1705/233 538/1706/368

vt -25.2351 3.65333
vt -25.476 3.14805
vt -24.1501 3.35964
f 538/1707/368 403/1708/233 404/1709/234

vt -25.4207 2.07598
vt -24.32 1.84788
v 46.2175 18.8385 -20.674
vt -24.5386 2.51716
vn 0.020396 -0.0967105 0.995104
f 538/1710/368 404/1711/234 539/1712/369

vt -24.3609 3.6713
vt -24.1738 2.99253
vt -20.6412 3.22447
f 539/1713/369 404/1714/234 405/1715/235

vt -24.3928 3.43434
vt -20.6705 3.00973
v 48.8406 18.99 -20.5743
vt -20.535 3.70072
vn 0.00133672 -0.0891566 0.996017
f 539/1716/369 405/1717/235 540/1718/370

vt -20.6738 2.99647
v 51.3223 18.647 -20.952
vt -16.888 3.11361
vn -0.014393 -0.210131 0.977567
vt -20.5387 3.68754
f 405/1719/235 541/1720/371 540/1721/370

vt -20.7107 3.01344
vt -17.2057 2.66439
vt -16.9262 3.16732
f 405/1722/235 406/1723/236 541/1724/371

vt -16.7503 4.36232
v 52.31 18.2778 -21.3662
vt -15.0239 4.08234
vn -0.114122 -0.472131 0.87411
vt -16.4206 4.83375
f 406/1725/236 542/1726/372 541/1727/371

vt -13.89 10.4698
vt -12.8057 9.44739
vt -12.3633 9.6166
f 406/1728/236 407/1729/237 542/1730/372

vt -13.8672 7.8454
vt -12.9488 7.51519
vt -13.4486 8.067
f 407/1731/237 408/1732/238 542/1733/372

vt -14.9168 0.523581
v 53.6043 18.3535 -21.3626
vt -13.74 1.09231
vn -0.00478762 -0.568926 0.822375
vt -15.6201 0.767879
f 408/1734/238 543/1735/373 542/1736/372

vt -11.4942 -9.10698
vt -10.6712 -8.34353
vt -10.9251 -7.9303
f 408/1737/238 409/1738/239 543/1739/373

vt -10.1451 9.42786
v 54.3867 18.1578 -21.73
vt -9.00774 8.80277
vn -0.078935 -0.980928 0.177625
vt -9.77791 9.7447
f 409/1740/239 544/1741/374 543/1742/373

vt 13.7833 1.22349
vt 11.7633 1.22255
vt 12.5561 0.801314
f 409/1743/239 410/1744/240 544/1745/374

vt 12.5484 -0.14633
vt 11.7876 0.330227
vt 11.0926 0.0237674
f 544/1746/374 410/1747/240 411/1748/241

vt 12.4656 -1.27674
vt 11.0268 -0.997513
v 55.3368 18.1589 -21.6034
vt 11.0762 -1.4687
vn -0.00291787 -0.872507 0.488592
f 544/1749/374 411/1750/241 545/1751/375

vt 10.6813 -3.10891
vt 10.703 -2.63564
v 56.2918 18.1775 -21.5705
vt 9.27973 -3.00534
vn 0.0161692 -0.860025 0.509995
f 545/1752/375 411/1753/241 546/1754/376

vt 10.8277 -2.19655
vt 8.39444 -2.16673
vt 9.42279 -2.6307
f 411/1755/241 412/1756/242 546/1757/376

vt 7.93487 -5.68835
vt 7.11675 -4.91152
v 57.4531 18.2312 -21.4478
vt 6.3103 -5.14427
vn -0.0681566 -0.700729 0.710165
f 546/1758/376 412/1759/242 547/1760/377

vt -4.58596 7.54422
vt -2.65121 5.9671
vt -3.75292 7.44137
f 412/1761/242 413/1762/243 547/1763/377

vt -7.21399 4.10632
vt -5.4963 3.44544
v 58.435 18.261 -21.179
vt -5.751 4.04701
vn -0.0684872 -0.318845 0.945329
f 547/1764/377 413/1765/243 548/1766/378

vt -4.2538 4.77758
vt -2.85186 3.95904
vt -4.34338 5.42469
f 413/1767/243 414/1768/244 548/1769/378

vt -5.77992 3.79194
vt -3.96533 2.75271
v 59.5789 18.1615 -21.0762
vt -4.11253 3.48065
vn -0.0592813 -0.188336 0.980314
f 548/1770/378 414/1771/244 549/1772/379

vt -3.79535 2.92082
vt -2.58431 2.80495
vt -3.91274 3.65415
f 414/1773/244 415/1774/245 549/1775/379

vt -4.69656 2.39846
vt -3.25357 1.76312
v 60.2448 18.3436 -20.9124
vt -3.71478 2.70193
vn -0.00860856 -0.0470291 0.998856
f 549/1776/379 415/1777/245 550/1778/380

vt -3.02405 1.97378
v 61.589 17.8505 -21.2055
vt -1.50483 2.03257
vn 0.00744059 -0.0360498 0.999322
vt -3.4417 2.93275
f 415/1779/245 551/1780/381 550/1781/380

vt -3.0253 1.99269
v 61.7129 17.5237 -21.5062
vt -1.35436 1.49041
vn -0.135908 -0.727386 0.672636
vt -1.50609 2.05186
f 415/1782/245 552/1783/382 551/1784/381

vt 0.0792691 4.10272
vt 0.487057 3.17941
vt 0.981334 2.60919
f 415/1785/245 416/1786/246 552/1787/382

vt 3.06861 -0.928482
vt 2.13377 -1.28347
vt 2.43312 -1.33544
f 416/1788/246 417/1789/247 552/1790/382

vt 2.20886 -1.74142
vt 1.91869 -1.6514
vt 1.3812 -1.983
f 552/1791/382 417/1792/247 419/1793/249

vt -1.70511 1.95369
vt -1.53144 1.39864
vt -0.671692 1.33368
f 551/1794/381 552/1795/382 419/1796/249

vt -0.365585 1.53071
vt -1.8994 1.66468
vt -0.844227 1.08246
f 420/1797/250 551/1798/381 419/1799/249

vt -0.427744 0.895952
v 61.5242 19.0575 -20.9753
vt -2.08098 3.02772
vn 0.112509 0.120842 0.986275
vt -1.96256 1.01795
f 420/1800/250 553/1801/383 551/1802/381

vt -2.68884 2.54298
vt -0.993565 0.44449
v 62.1707 19.1022 -21.3511
vt -1.69209 2.72545
vn 0.372231 0.200425 0.906241
f 553/1803/383 420/1804/250 554/1805/384

vt -1.85057 0.232754
v 62.6674 18.2457 -21.6959
vt -1.67024 1.16885
vn 0.90135 0.246202 0.356306
vt -2.48421 2.53258
f 420/1806/250 555/1807/385 554/1808/384

v 62.7785 17.8786 -21.636
vt -1.37453 0.468915
vn 0.944507 0.045553 -0.325319
vt -1.50744 1.11511
vt -1.67556 0.176738
f 556/1809/386 555/1810/385 420/1811/250

vt -1.60272 1.03442
vt -1.05522 1.80038
vt -1.48663 1.68384
f 556/1812/386 423/1813/253 555/1814/385

vt -1.15963 0.575836
vt -0.868504 1.69619
vt -1.42669 0.937986
f 422/1815/252 423/1816/253 556/1817/386

vt -1.74179 0.193415
vt -1.46739 0.340711
vt -1.73689 0.701049
f 421/1818/251 422/1819/252 556/1820/386

vt -1.62583 0.228078
vt -1.60979 0.735483
vt -1.9138 0.4464
f 421/1821/251 556/1822/386 420/1823/250

vt -1.48095 1.66693
vt -1.04949 1.78323
v 62.463 18.9729 -21.812
vt -1.26867 2.94992
vn 0.936745 0.1267 -0.326276
f 555/1824/385 423/1825/253 557/1826/387

vt -1.15425 1.75597
vt -0.793038 3.23494
vt -1.38427 2.92058
f 423/1827/253 424/1828/254 557/1829/387

vt -0.808445 3.25528
v 62.2394 19.8496 -21.9297
vt -1.19718 4.48147
vn 0.979492 0.152396 0.1318
vt -1.39928 2.94019
f 424/1830/254 558/1831/388 557/1832/387

vt -1.519 3.00998
v 62.1706 19.7813 -22.2702
vt -1.64651 4.20197
vn 0.66896 -0.0621237 -0.740698
vt -1.95715 4.21939
f 424/1833/254 559/1834/389 558/1835/388

vt -0.68824 4.31267
vt -0.594561 3.11754
v 61.8589 20.6516 -22.701
vt -0.188612 5.91655
vn 0.456304 -0.0814696 -0.886086
f 559/1836/389 424/1837/254 560/1838/390

vt -0.14241 3.06011
vt 1.2521 5.60015
vt 0.301096 5.85342
f 424/1839/254 425/1840/255 560/1841/390

vt 0.309012 5.87904
vt 1.25997 5.62559
v 61.5804 21.2978 -22.9862
vt 0.738095 7.05853
vn 0.481252 -0.10911 -0.869765
f 560/1842/390 425/1843/255 561/1844/391

vt 1.20368 5.6095
vt 1.54826 6.54908
vt 0.679862 7.04172
f 425/1845/255 426/1846/256 561/1847/391

vt 0.513649 6.7384
vt 1.38163 6.24503
vt 1.45113 8.14599
f 561/1848/391 426/1849/256 428/1850/258

vt 0.112043 7.01967
vt 1.05376 8.42443
vt 0.118825 9.45501
f 561/1851/391 428/1852/258 434/1853/264

vt 1.20863 8.52793
vt 0.87859 9.55037
vt 0.277975 9.56238
f 428/1854/258 433/1855/263 434/1856/264

vt 1.70903 8.56636
vt 2.51463 9.59329
vt 1.40798 9.59772
f 428/1857/258 430/1858/260 433/1859/263

vt -0.745891 7.01256
vt -0.771283 9.44778
v 61.7337 22.1682 -22.4292
vt -1.37461 8.32695
vn 0.992283 0.0707742 -0.101814
f 561/1860/391 434/1861/264 562/1862/392

vt -1.36046 8.32052
vt -0.756896 9.44123
v 61.6602 22.835 -22.6977
vt -1.19721 9.52814
vn 0.928902 -0.0890732 -0.359454
f 562/1863/392 434/1864/264 563/1865/393

vt -1.23128 9.35364
vt -0.79097 9.26672
v 61.5078 23.3605 -23.4843
vt -0.609809 10.4714
vn 0.63568 -0.152539 -0.756732
f 563/1866/393 434/1867/264 564/1868/394

vt 0.391461 9.06121
vt 1.18556 10.5242
vt 0.531646 10.2714
f 434/1869/264 435/1870/265 564/1871/394

vt 0.419591 10.6143
vt 1.074 10.8658
vt 0.259856 12.0417
f 564/1872/394 435/1873/265 442/1874/272

v 61.7226 23.8202 -22.734
vt -1.44052 11.0521
vn 0.963608 -0.113838 -0.241867
vt -0.680067 10.4898
vt -0.835436 11.9177
f 565/1875/395 564/1876/394 442/1877/272

vt -1.28995 9.39135
vt -0.667612 10.5087
vt -1.42815 11.0709
f 563/1878/393 564/1879/394 565/1880/395

vt -1.43983 9.38021
vt -1.57505 11.06
v 61.7305 23.1861 -22.4685
vt -1.70192 9.90883
vn 0.954929 -0.00631768 0.296767
f 563/1881/393 565/1882/395 566/1883/396

vt -2.79883 9.99302
vt -2.68292 11.1453
v 61.5003 23.7432 -21.7545
vt -3.54809 10.7326
vn 0.626956 0.100751 0.772512
f 566/1884/396 565/1885/395 567/1886/397

vt -2.6062 10.8066
v 61.737 24.4062 -22.2869
vt -3.03399 11.6844
vn 0.650956 0.0715813 0.755733
vt -3.46843 10.3878
f 565/1887/395 568/1888/398 567/1889/397

vt -2.46364 10.9366
v 61.8055 24.2705 -23.0254
vt -2.2685 11.7882
vn 0.877088 -0.2056 -0.434103
vt -2.90913 11.8056
f 565/1890/395 569/1891/399 568/1892/398

vt -0.647455 10.1672
vt -0.0808954 11.0585
vt -0.595068 11.0393
f 565/1893/395 442/1894/272 569/1895/399

vt -0.609213 11.7178
vt -0.0950227 11.7365
v 62.014 25.9872 -23.3782
vt -0.776328 14.7385
vn 0.560247 -0.210432 -0.80115
f 569/1896/399 442/1897/272 570/1898/400

vt 0.719013 11.979
vt 1.17479 13.7858
vt -0.0112619 14.9695
f 442/1899/272 443/1900/273 570/1901/400

vt 0.0484978 15.0274
vt 1.2344 13.8435
v 61.6054 26.3906 -23.8081
vt 0.721525 15.8356
vn 0.169158 -0.132406 -0.976655
f 570/1902/400 443/1903/273 571/1904/401

vt 1.27643 15.9125
vt 1.76438 13.9142
vt 2.97701 15.7976
f 571/1905/401 443/1906/273 444/1907/274

vt 2.99408 15.7726
v 60.2737 26.9865 -24.1676
vt 3.25127 17.0287
vn 0.0551403 -0.00154605 -0.998477
vt 1.29363 15.8895
f 444/1908/274 572/1909/402 571/1910/401

vt 3.15285 15.7433
vt 6.18107 15.4825
vt 3.43001 16.9951
f 444/1911/274 445/1912/275 572/1913/402

vt 6.34539 14.654
v 58.969 26.8753 -24.2748
vt 5.56952 16.0929
vn 0.00559886 0.0710629 -0.997456
vt 3.6477 16.2599
f 445/1914/275 573/1915/403 572/1916/402

vt 6.33273 14.7136
v 57.7276 26.7419 -24.4152
vt 7.38089 15.9521
vn 0.0166041 0.141315 -0.989825
vt 5.55017 16.1489
f 445/1917/275 574/1918/404 573/1919/403

vt 6.18613 14.5911
v 57.0726 26.224 -24.9275
vt 8.20826 15.0613
vn 0.015125 0.0566721 -0.998278
vt 7.18007 15.8735
f 445/1920/275 575/1921/405 574/1922/404

v 57.4379 25.2895 -25.3353
vt 7.78298 13.9277
vn 0.0165318 -0.054337 -0.998386
vt 8.259 15.4859
vt 6.23183 15.0379
f 576/1923/406 575/1924/405 445/1925/275

vt 7.86873 13.7655
v 56.3941 25.6303 -25.1627
vt 9.40467 14.3211
vn -0.0305576 -0.0234054 -0.999259
vt 8.40795 15.3029
f 576/1926/406 577/1927/407 575/1928/405

vt 7.86902 14.0891
vt 11.1341 13.4411
vt 9.41064 14.6287
f 576/1929/406 449/1930/279 577/1931/407

vt 11.0578 11.7567
vt 11.1361 13.5678
vt 7.8701 14.211
f 447/1932/277 449/1933/279 576/1934/406

vt 11.0625 11.8076
vt 7.87062 14.2565
vt 7.23904 13.1319
f 447/1935/277 576/1936/406 446/1937/276

vt 7.09564 13.2139
vt 7.67971 14.3638
vt 6.10572 15.4413
f 446/1938/276 576/1939/406 445/1940/275

vt 11.1179 13.1964
vt 11.0212 14.657
vt 9.4032 14.3966
f 449/1941/279 451/1942/281 577/1943/407

vt 9.40876 13.9277
vt 11.0253 14.1972
v 55.9727 26.2565 -24.7921
vt 10.0516 14.9451
vn -0.031912 0.0750991 -0.996665
f 577/1944/407 451/1945/281 578/1946/408

vt 10.0528 14.805
vt 11.0228 14.0525
vt 11.3429 15.0188
f 578/1947/408 451/1948/281 452/1949/282

vt 10.0461 13.7235
vt 11.3327 13.9573
v 55.0347 26.8307 -24.2096
vt 11.4475 14.6695
vn -0.0276937 0.18234 -0.982845
f 578/1950/408 452/1951/282 579/1952/409

vt 11.3177 14.0749
vt 13.517 14.3596
vt 11.4234 14.7885
f 452/1953/282 453/1954/283 579/1955/409

vt 11.4727 12.189
vt 13.5477 11.6776
v 54.8423 27.0814 -23.8431
vt 11.7825 12.6365
vn -0.0399951 0.412199 -0.910216
f 579/1956/409 453/1957/283 580/1958/410

vt 11.7046 14.2239
vt 13.512 13.347
v 52.6718 26.7572 -24.1428
vt 14.8926 13.6375
vn -0.00700342 0.256936 -0.966403
f 580/1959/410 453/1960/283 581/1961/411

vt 13.5052 13.1738
vt 19.1595 12.8669
vt 14.8845 13.4701
f 453/1962/283 454/1963/284 581/1964/411

vt 14.874 13.959
vt 19.1519 13.3771
vt 19.2849 14.2796
f 581/1965/411 454/1966/284 457/1967/287

v 52.6938 27.0565 -23.6762
vt 14.7969 12.6913
vn -0.0180739 0.569992 -0.821451
vt 14.8395 12.1226
vt 19.2449 12.511
f 582/1968/412 581/1969/411 457/1970/287

vt 11.7682 11.7965
vt 14.9329 11.0953
vt 14.9286 11.6657
f 580/1971/410 581/1972/411 582/1973/412

vt 11.7981 5.99778
vt 14.9506 5.74014
v 53.8071 27.2552 -23.2345
vt 13.3688 6.36408
vn -0.0538003 0.980449 -0.189277
f 580/1974/410 582/1975/412 583/1976/413

vt 13.3886 4.89817
vt 14.9324 4.18518
v 52.7291 27.1851 -23.2857
vt 14.9397 4.5481
vn -0.0319988 0.99364 -0.10796
f 583/1977/413 582/1978/412 584/1979/414

vt 14.8058 6.95796
v 49.5607 27.147 -23.4151
vt 19.4094 7.24836
vn 0.0420977 0.854636 -0.517518
vt 14.7474 7.31623
f 582/1980/412 585/1981/415 584/1982/414

vt 14.8465 8.83952
vt 19.2896 8.5638
vt 19.455 9.03874
f 582/1983/412 457/1984/287 585/1985/415

vt 18.6123 12.4114
vt 18.5407 11.9136
v 48.6637 27.237 -23.3675
vt 19.8941 12.7557
vn 0.0643119 0.951204 -0.301787
f 585/1986/415 457/1987/287 586/1988/416

vt 20.0917 12.4561
vt 18.7137 11.655
vt 20.5981 12.033
f 586/1989/416 457/1990/287 458/1991/288

vt 20.5347 10.1194
vt 21.0028 9.65425
v 46.6647 27.2103 -23.571
vt 23.481 10.1653
vn 0.0221037 0.777671 -0.628283
f 586/1992/416 458/1993/288 587/1994/417

vt 21.1606 10.6516
vt 23.7202 10.5209
vt 23.6623 11.0314
f 458/1995/288 459/1996/289 587/1997/417

vt 23.6279 11.3162
vt 23.6917 10.8064
vt 25.7659 11.5035
f 587/1998/417 459/1999/289 478/2000/308

vt -23.4944 7.55089
vt -25.598 7.97634
v 45.6691 27.2719 -23.3039
vt -24.9697 7.67929
vn 0.00087499 0.963618 0.267281
f 587/2001/417 478/2002/308 588/2003/418

vt -25.2101 5.75753
vt -25.8852 5.92259
v 45.4646 27.2298 -22.4735
vt -25.5251 5.01388
vn 0.0259256 0.694491 0.719034
f 588/2004/418 478/2005/308 589/2006/419

vt -22.7926 17.3723
vt -22.6578 18.3405
v 44.5721 27.4091 -23.0414
vt -23.6374 18.5713
vn 0.090714 0.817216 0.569148
f 589/2007/419 478/2008/308 590/2009/420

vt -18.7177 20.955
vt -19.4452 21.8578
vt -19.6112 21.4181
f 478/2010/308 479/2011/309 590/2012/420

vt -23.7477 15.9503
vt -25.0623 16.6631
vt -23.7932 15.4825
f 479/2013/309 480/2014/310 590/2015/420

vt -26.8734 7.78185
vt -28.524 8.31069
v 43.5055 27.4461 -22.8283
vt -28.4512 7.79102
vn 0.045878 0.615571 0.786745
f 590/2016/420 480/2017/310 591/2018/421

vt -27.0909 15.0473
vt -27.0275 15.5682
v 42.0793 27.6639 -23.0865
vt -28.946 16.1408
vn 0.0468517 0.632355 0.77326
f 591/2019/421 480/2020/310 592/2021/422

vt -27.7692 15.3994
v 42.3371 27.6696 -23.4367
vt -29.2801 16.0074
vn 0.154439 0.982498 -0.104145
vt -29.7282 15.8129
f 480/2022/310 593/2023/423 592/2024/422

vt 24.9642 20.4545
vt 26.6048 20.8865
vt 26.4174 21.1899
f 480/2025/310 481/2026/311 593/2027/423

vt 29.5057 13.1383
v 41.0281 27.7285 -23.4836
vt 31.3089 13.758
vn 0.0441417 0.977095 -0.208175
vt 29.3999 13.4788
f 481/2028/311 594/2029/424 593/2030/423

vt 30.0939 13.0514
vt 32.4374 12.9833
vt 31.9574 13.4548
f 481/2031/311 483/2032/313 594/2033/424

vt 31.724 15.5498
vt 32.2268 15.1026
vt 33.1814 15.6626
f 594/2034/424 483/2035/313 485/2036/315

vt -32.0483 10.6728
vt -33.505 10.7952
v 40.7001 27.635 -22.9834
vt -32.5461 10.1877
vn 0.0156588 0.554732 0.831882
f 594/2037/424 485/2038/315 595/2039/425

vt -30.5204 20.0358
v 39.0274 27.9412 -23.4381
vt -31.8729 20.7083
vn 0.0429383 0.646261 0.761908
vt -29.8581 19.114
f 485/2040/315 596/2041/426 595/2042/425

vt -19.642 30.5041
vt -20.2776 31.6392
vt -20.5123 31.7386
f 485/2043/315 486/2044/316 596/2045/426

vt -8.17364 35.8161
vt -8.35867 36.3631
vt -8.35471 35.9956
f 486/2046/316 488/2047/318 596/2048/426

v 39.0224 27.6629 -23.1435
vt -34.3846 14.427
vn -0.213603 0.213861 0.953225
vt -34.4029 15.0199
vt -34.7673 15.0684
f 597/2049/427 596/2050/426 488/2051/318

vt -34.7274 15.1528
v 40.2996 27.4054 -22.7181
vt -32.8318 14.554
vn -0.0489284 0.313775 0.948236
vt -34.733 15.7459
f 597/2052/427 598/2053/428 596/2054/426

vt -34.3668 16.6053
v 40.7083 26.0008 -21.9104
vt -31.8064 13.3946
vn -0.126182 0.22086 0.967109
vt -32.4617 16.0372
f 597/2055/427 599/2056/429 598/2057/428

vt -30.5413 14.1563
vt -33.1432 17.3334
v 39.7764 26.0605 -22.3688
vt -31.9644 14.3919
vn -0.225144 0.157978 0.961433
f 599/2058/429 597/2059/427 600/2060/430

vt -29.078 15.544
vt -30.2574 18.4853
v 39.2736 26.3368 -22.823
vt -29.8929 16.1445
vn -0.528091 0.0434472 0.848075
f 600/2061/430 597/2062/427 601/2063/431

vt -27.2249 16.727
vt -27.5735 19.0702
v 38.859 27.1698 -23.325
vt -27.8985 18.2862
vn -0.639324 -0.0323308 0.768258
f 601/2064/431 597/2065/427 602/2066/432

vt -30.2326 18.8788
vt -29.9153 19.6659
vt -30.4955 19.6126
f 602/2067/432 597/2068/427 490/2069/320

vt -29.9185 15.0265
vt -30.0456 14.6114
vt -29.4655 14.6651
f 489/2070/319 490/2071/320 597/2072/427

vt -28.0019 17.6015
vt -28.0166 17.3565
vt -27.5602 16.9992
f 488/2073/318 489/2074/319 597/2075/427

vt -2.05553 28.6935
vt -2.05807 27.3024
vt -1.97332 27.9184
f 490/2076/320 492/2077/322 602/2078/432

vt -2.65023 27.9697
vt -2.73095 27.3531
vt -2.26901 26.3145
f 602/2079/432 492/2080/322 601/2081/431

vt -18.4055 19.4847
vt -18.2648 18.4259
vt -17.8331 18.5027
f 492/2082/322 493/2083/323 601/2084/431

vt -18.9613 21.7755
vt -18.7633 20.7173
vt -18.5299 21.854
f 493/2085/323 494/2086/324 601/2087/431

vt -16.6936 21.7735
vt -16.9428 20.6402
vt -16.008 19.2043
f 601/2088/431 494/2089/324 520/2090/350

vt -29.6376 16.4961
vt -28.7613 13.9855
vt -28.8232 15.895
f 601/2091/431 520/2092/350 600/2093/430

v 40.4532 25.2129 -21.7855
vt -28.3458 14.2127
vn -0.231552 0.17901 0.956211
vt -29.4031 15.8206
vt -29.3376 13.9112
f 603/2094/433 600/2095/430 520/2096/350

vt -30.5843 13.8857
vt -32.0074 14.1216
vt -30.951 12.513
f 599/2097/429 600/2098/430 603/2099/433

vt -29.4839 13.3751
vt -29.8416 12
v 41.0447 24.3921 -21.0967
vt -28.8671 10.4038
vn -0.207221 0.21388 0.954628
f 599/2100/429 603/2101/433 604/2102/434

vt -27.4808 11.1407
vt -28.4637 12.7316
v 40.3602 24.0488 -21.579
vt -28.5872 10.6995
vn -0.357017 0.162481 0.919858
f 604/2103/434 603/2104/433 605/2105/435

vt -28.8598 12.3617
vt -27.9889 10.6306
vt -27.8678 12.6629
f 520/2106/350 605/2107/435 603/2108/433

vt -22.35 15.8179
vt -22.623 14.5736
vt -21.5008 14.076
f 520/2109/350 521/2110/351 605/2111/435

vt -24.01 11.4507
vt -23.4894 9.63687
vt -22.8863 10.9564
f 521/2112/351 522/2113/352 605/2114/435

vt -23.3535 11.1739
vt -23.9567 9.85446
v 40.4637 23.2406 -21.285
vt -23.1536 9.72
vn -0.340593 0.0885545 0.936031
f 605/2115/435 522/2116/352 606/2117/436

vt -22.7446 12.1209
vt -23.5476 12.2561
vt -23.3561 11.5613
f 606/2118/436 522/2119/352 523/2120/353

vt -28.0899 15.2573
vt -28.6668 14.6621
v 41.3288 23.0427 -20.7586
vt -26.7633 14.7348
vn -0.200352 0.155057 0.967376
f 606/2121/436 523/2122/353 607/2123/437

vt -28.1776 1.83483
vt -27.53 1.23905
vt -26.2742 1.90827
f 523/2124/353 524/2125/354 607/2126/437

v 41.5194 22.3287 -20.2927
vt -28.0669 6.0266
vn -0.178378 0.168999 0.96934
vt -28.4279 7.38207
vt -29.706 6.75661
f 608/2127/438 607/2128/437 524/2129/354

vt -29.6335 6.11934
v 42.8348 23.1615 -20.1947
vt -27.6983 7.51692
vn -0.0956903 0.171728 0.980486
vt -29.9698 7.48114
f 608/2130/438 609/2131/439 607/2132/437

vt -30.0806 6.96791
v 42.2357 22.1042 -19.9738
vt -29.0012 6.49178
vn -0.0991289 0.145373 0.984398
vt -28.1373 8.35426
f 608/2133/438 610/2134/440 609/2135/439

vt -29.0507 7.51392
vt -27.7191 9.42116
vt -28.7968 9.90112
f 527/2136/357 610/2137/440 608/2138/438

vt -29.8791 7.61686
v 43.5051 21.3246 -19.7159
vt -26.7281 8.11253
vn -0.0566587 0.103747 0.992989
vt -28.5733 9.54185
f 527/2139/357 611/2140/441 610/2141/440

vt -28.5607 4.93569
vt -26.6853 7.90211
vt -29.8366 7.40897
f 529/2142/359 611/2143/441 527/2144/357

vt -27.0906 7.9018
vt -28.9423 4.9205
v 44.0759 19.9591 -19.8906
vt -26.3302 5.58728
vn -0.0348801 0.0228176 0.999131
f 611/2145/441 529/2146/359 612/2147/442

vt -26.719 6.39252
vt -29.3216 5.69006
v 43.6053 18.9772 -20.5505
vt -27.5031 4.80687
vn -0.0485634 -0.0624455 0.996866
f 612/2148/442 529/2149/359 613/2150/443

vt -29.5676 4.95398
v 42.0785 18.6021 -20.95
vt -30.0147 3.55031
vn -0.0278217 -0.0631327 0.997617
vt -27.7386 4.09287
f 529/2151/359 614/2152/444 613/2153/443

vt -29.7897 4.65156
vt -32.7034 2.77865
vt -30.2201 3.24265
f 529/2154/359 530/2155/360 614/2156/444

vt -30.3771 3.3457
vt -32.8532 2.84474
vt -31.9667 2.37352
f 614/2157/444 530/2158/360 533/2159/363

vt -32.1204 1.09678
vt -33.0224 1.53754
vt -33.9017 0.550088
f 533/2160/363 530/2161/360 532/2162/362

vt -31.999 2.24038
v 43.0514 18.5549 -20.9746
vt -28.9842 3.13458
vn 3.50204e-05 -0.206268 0.978495
vt -30.4146 3.22081
f 533/2163/363 615/2164/445 614/2165/444

vt -32.1092 -0.0375414
vt -30.2757 -0.0466646
vt -29.1685 1.07626
f 533/2166/363 534/2167/364 615/2168/445

vt -30.2865 1.11371
vt -28.9008 1.64402
vt -29.1383 2.1946
f 534/2169/364 536/2170/366 615/2171/445

vt -22.8711 -17.2919
vt -22.7031 -16.5927
vt -23.5268 -17.8268
f 535/2172/365 536/2173/366 534/2174/364

vt -29.0429 3.14551
vt -28.8234 2.58749
vt -27.5591 2.63524
f 615/2175/445 536/2176/366 537/2177/367

vt -27.5555 2.66705
v 44.5604 18.9272 -20.4857
vt -26.8185 3.85916
vn -0.0151101 -0.130656 0.991313
vt -29.0387 3.17891
f 537/2178/367 616/2179/446 615/2180/445

vt -26.6316 4.72169
vt -27.4079 3.5548
vt -25.1118 4.10017
f 616/2181/446 537/2182/367 538/2183/368

vt -26.9704 2.68779
vt -25.4126 2.16881
v 45.6046 19.5287 -20.1129
vt -25.4624 3.72726
vn 0.0395802 -0.0142586 0.999115
f 616/2184/446 538/2185/368 617/2186/447

vt -25.2691 4.55791
vt -25.2703 2.99867
vt -24.3711 3.40388
f 617/2187/447 538/2188/368 539/2189/369

vt -25.4819 2.38295
vt -24.485 1.31317
v 46.0526 19.7631 -20.1519
vt -24.8385 2.81494
vn 0.0329564 0.0226055 0.999201
f 617/2190/447 539/2191/369 618/2192/448

vt -24.5462 4.8327
vt -24.3166 3.30706
v 48.7255 19.4753 -20.2676
vt -20.6185 4.33688
vn -0.00495747 -0.0104609 0.999933
f 618/2193/448 539/2194/369 619/2195/449

vt -24.3525 3.2884
vt -20.4931 3.53095
vt -20.6586 4.33321
f 539/2196/369 540/2197/370 619/2198/449

vt -20.707 4.21546
vt -20.5372 3.41411
v 52.0674 19.8275 -20.111
vt -15.7921 4.80916
vn -0.00838076 0.0136213 0.999872
f 619/2199/449 540/2200/370 620/2201/450

vt -20.525 3.42165
v 51.2202 19.1117 -20.5325
vt -17.0251 3.62651
vn -0.0149 -0.0749492 0.997076
vt -15.7778 4.80946
f 540/2202/370 621/2203/451 620/2204/450

vt -20.5573 3.57699
vt -16.9047 3.01509
vt -17.0585 3.79868
f 540/2205/370 541/2206/371 621/2207/451

vt -16.7491 4.55253
vt -16.6294 3.76302
v 52.4337 19.0319 -20.4968
vt -14.9667 4.37684
vn -0.0786392 -0.0932876 0.992529
f 621/2208/451 541/2209/371 622/2210/452

vt -16.8241 3.44599
vt -15.3788 2.79301
vt -15.1816 4.11185
f 541/2211/371 542/2212/372 622/2213/452

vt -8.16524 6.14179
v 52.4305 18.5302 -20.9415
vt -7.7534 6.46941
vn -0.115263 -0.241684 0.963485
vt -7.41538 7.2445
f 542/2214/372 623/2215/453 622/2216/452

vt -15.5608 1.93324
vt -13.664 2.13871
vt -15.4113 2.43781
f 542/2217/372 543/2218/373 623/2219/453

vt -15.4406 2.24333
vt -13.6893 1.96831
v 53.8854 18.7698 -20.7507
vt -13.3273 2.77184
vn -0.011377 -0.158894 0.98723
f 623/2220/453 543/2221/373 624/2222/454

vt -12.9424 4.27526
v 54.851 18.3527 -21.1102
vt -11.0965 4.16979
vn -0.0391878 -0.441038 0.896632
vt -12.4421 5.00077
f 543/2223/373 625/2224/455 624/2225/454

vt -12.6067 5.65852
vt -11.5588 5.04033
vt -10.7697 5.44967
f 543/2226/373 544/2227/374 625/2228/455

vt -11.8659 4.31054
vt -10.4679 4.19797
vt -11.1045 4.76928
f 544/2229/374 545/2230/375 625/2231/455

vt -11.8257 2.46596
vt -11.0877 2.03354
v 55.5668 18.3848 -21.0854
vt -10.7766 2.57102
vn -0.019962 -0.310748 0.950283
f 625/2232/455 545/2233/375 626/2234/456

vt -10.9695 2.6246
vt -9.56483 2.66889
vt -10.6303 3.14476
f 545/2235/375 546/2236/376 626/2237/456

vt -10.7567 2.67719
vt -9.67118 2.24895
v 57.1897 18.5757 -20.7901
vt -8.38673 3.1482
vn -0.00157437 -0.301352 0.953512
f 626/2238/456 546/2239/376 627/2240/457

vt -9.50642 2.8469
vt -7.79589 2.9436
vt -8.16791 3.66349
f 546/2241/376 547/2242/377 627/2243/457

vt -7.48538 4.83644
vt -7.22233 4.06999
vt -5.75923 4.01333
f 627/2244/457 547/2245/377 548/2246/378

vt -8.35873 2.9341
vt -6.51541 2.42498
v 58.1089 18.9077 -20.5329
vt -7.01784 3.51832
vn 0.0424684 -0.0845253 0.995516
f 627/2247/457 548/2248/378 628/2249/458

vt -6.36486 2.66188
v 59.0347 18.6836 -20.7462
vt -5.47454 3.38043
vn -0.00907367 -0.0503537 0.99869
vt -6.83198 3.77077
f 548/2250/378 629/2251/459 628/2252/458

vt -6.06022 2.76462
vt -4.37951 2.53591
vt -5.13423 3.43657
f 548/2253/378 549/2254/379 629/2255/459

vt -5.38156 3.14645
vt -4.59878 2.27007
vt -3.61231 2.55792
f 629/2256/459 549/2257/379 550/2258/380

vt -3.78257 2.09971
v 59.0623 19.5016 -20.4329
vt -5.52495 4.00159
vn 0.0763504 0.0488442 0.995884
vt -5.5633 2.65253
f 550/2259/380 630/2260/460 629/2261/459

vt -1.9253 1.1766
vt -5.68033 3.83364
vt -3.91504 1.953
f 551/2262/381 630/2263/460 550/2264/380

vt -2.04483 1.00168
vt -2.17484 3.01073
vt -5.82581 3.62166
f 551/2265/381 553/2266/383 630/2267/460

vt -2.19868 2.88734
v 60.7468 20.438 -20.7012
vt -3.3788 5.16615
vn 0.144311 0.110262 0.98337
vt -5.85043 3.49364
f 553/2268/383 631/2269/461 630/2270/460

vt -3.80084 4.93219
vt -2.59166 2.66868
v 61.2843 20.7932 -20.9856
vt -2.98993 5.61531
vn 0.228969 0.167165 0.958973
f 631/2271/461 553/2272/383 632/2273/462

vt -2.70849 2.64796
vt -1.71176 2.83057
vt -3.11295 5.59374
f 553/2274/383 554/2275/384 632/2276/462

vt -2.09347 2.63778
v 61.8509 20.8468 -21.5533
vt -2.54085 5.65571
vn 0.491084 0.216969 0.843659
vt -3.49184 5.40238
f 554/2277/384 633/2278/463 632/2279/462

vt -2.35342 4.06439
vt -3.05931 5.65478
vt -2.71089 2.62383
f 558/2280/388 633/2281/463 554/2282/384

vt -2.3562 4.06335
v 62.0475 20.6688 -21.9273
vt -2.62045 5.45867
vn 0.87384 0.228156 0.429359
vt -3.06151 5.654
f 558/2283/388 634/2284/464 633/2285/463

vt -2.31312 4.27552
v 62.0478 20.5407 -22.368
vt -2.03107 5.60014
vn 0.867438 0.0664636 -0.493086
vt -2.41526 5.69196
f 558/2286/388 635/2287/465 634/2288/464

vt -1.63748 4.32674
vt -1.60107 5.65341
vt -1.94812 4.34431
f 559/2289/389 635/2290/465 558/2291/388

vt -0.931597 4.36324
vt -0.449843 5.97258
vt -0.831115 5.6866
f 559/2292/389 560/2293/390 635/2294/465

vt -0.585372 6.07241
v 61.8212 21.4791 -22.42
vt -0.827799 7.41832
vn 0.802191 0.0327611 -0.596167
vt -0.963955 5.78288
f 560/2295/390 636/2296/466 635/2297/465

vt -0.590086 6.07177
vt -0.221343 7.27149
vt -0.833066 7.41758
f 560/2298/390 561/2299/391 636/2300/466

vt -0.869277 7.33717
vt -0.257208 7.19255
vt -0.863187 8.51757
f 636/2301/466 561/2302/391 562/2303/392

v 61.8318 21.4544 -22.0548
vt -2.47504 7.04118
vn 0.861642 0.230004 0.452406
vt -2.17473 7.18906
vt -2.26374 8.36612
f 637/2304/467 636/2305/466 562/2306/392

vt -2.13596 5.56017
vt -2.23868 7.19805
vt -2.53792 7.04802
f 635/2307/465 636/2308/466 637/2309/467

vt -2.40826 5.69506
vt -2.02418 5.60278
vt -2.39402 7.09894
f 634/2310/464 635/2311/465 637/2312/467

vt -3.08166 5.5618
vt -2.64156 5.3643
vt -2.83002 6.75554
f 633/2313/463 634/2314/464 637/2315/467

vt -3.07589 5.5525
vt -2.82654 6.74671
v 61.586 21.6277 -21.5566
vt -3.39213 6.89983
vn 0.492192 0.190162 0.849462
f 633/2316/463 637/2317/467 638/2318/468

vt -2.82614 6.75271
vt -2.74256 8.09179
vt -3.39177 6.90571
f 637/2319/467 562/2320/392 638/2321/468

vt -3.36018 7.09467
vt -2.67781 8.26197
v 61.5718 22.8718 -21.9477
vt -3.22826 9.31583
vn 0.717636 0.100722 0.689096
f 638/2322/468 562/2323/392 639/2324/469

vt -2.55732 8.3063
vt -2.45538 9.52063
vt -3.0964 9.36602
f 562/2325/392 563/2326/393 639/2327/469

vt -2.34548 8.81269
vt -2.56938 9.35857
vt -2.98548 8.65392
f 563/2328/393 566/2329/396 639/2330/469

vt -3.28038 9.2874
vt -2.82868 9.96977
vt -3.57865 10.7086
f 639/2331/469 566/2332/396 567/2333/397

vt -3.22622 9.32103
vt -3.50105 10.7469
v 61.3012 23.0139 -21.4637
vt -3.8043 9.42328
vn 0.389413 0.131544 0.911621
f 639/2334/469 567/2335/397 640/2336/470

vt -3.71036 9.44969
vt -3.39638 10.7709
v 61.1489 23.8878 -21.2541
vt -4.07021 10.8726
vn 0.35886 0.163551 0.918951
f 640/2337/470 567/2338/397 641/2339/471

vt -3.41204 10.6818
vt -2.92163 11.9584
vt -4.08589 10.7835
f 567/2340/397 568/2341/398 641/2342/471

vt -4.02504 10.682
vt -2.86409 11.8602
v 61.1894 24.8203 -21.6772
vt -3.84313 12.389
vn 0.254593 0.206526 0.944738
f 641/2343/471 568/2344/398 642/2345/472

vt -3.77754 12.5432
vt -2.79762 12.0161
v 61.297 25.5384 -21.9029
vt -3.59776 13.8245
vn 0.231612 0.172251 0.957437
f 642/2346/472 568/2347/398 643/2348/473

vt -2.69328 12.0564
v 61.9653 26.1087 -22.621
vt -2.38287 15.0392
vn 0.498032 0.0744392 0.863958
vt -3.48933 13.8665
f 568/2349/398 644/2350/474 643/2351/473

vt -3.09629 11.9117
v 61.9759 25.2626 -22.8964
vt -2.60062 13.5452
vn 0.989073 -0.0659392 0.131861
vt -2.923 14.9056
f 568/2352/398 645/2353/475 644/2354/474

vt -3.10204 11.9288
v 61.9045 24.6789 -22.7897
vt -2.65409 12.5376
vn 0.975539 -0.111552 0.189421
vt -2.60263 13.5612
f 568/2355/398 646/2356/476 645/2357/475

vt -2.91468 11.1837
vt -2.27407 11.1657
vt -2.50137 11.8165
f 568/2358/398 569/2359/399 646/2360/476

vt -1.53229 11.7183
vt -1.84648 13.3695
vt -1.81953 12.345
f 569/2361/399 645/2362/475 646/2363/476

vt -1.55872 11.7123
vt -1.60215 14.7374
vt -1.87068 13.364
f 569/2364/399 570/2365/400 645/2366/475

vt -1.94318 13.3967
vt -1.6691 14.769
v 62.0551 25.9361 -22.9984
vt -1.98352 14.5719
vn 0.975678 -0.161523 0.148196
f 645/2367/475 570/2368/400 647/2369/477

vt -1.73534 13.5139
vt -1.42668 13.7199
v 62.3698 26.6942 -23.1054
vt -1.93353 14.8939
vn 0.964244 -0.241315 0.10955
f 647/2370/477 570/2371/400 648/2372/478

vt -1.05035 14.16
v 62.4389 27.2168 -23.5023
vt -1.46065 16.3313
vn 0.43715 -0.205962 -0.875488
vt -1.61648 15.3065
f 570/2373/400 649/2374/479 648/2375/478

vt -0.301105 16.8938
vt 0.309842 14.7702
vt 0.980193 15.5806
f 649/2376/479 570/2377/400 571/2378/401

v 62.3242 27.8395 -23.5623
vt 0.171807 18.2881
vn 0.033384 0.103249 -0.994095
vt 0.0171793 17.2133
vt 1.29918 15.9008
f 650/2379/480 649/2380/479 571/2381/401

vt -0.0290285 18.2994
v 62.6751 27.9907 -23.3663
vt -0.578423 18.499
vn 0.598759 0.0714195 -0.797738
vt -0.176367 17.2236
f 650/2382/480 651/2383/481 649/2384/479

vt -0.176172 17.1464
vt 0.361909 16.9181
v 62.5404 28.0227 -23.367
vt 0.0194454 17.2093
vn 0.0648444 0.866208 0.495458
f 651/2385/481 650/2386/480 652/2387/482

vt 0.884145 14.4441
vt 1.14965 14.0813
v 61.9443 27.9061 -23.3444
vt 1.73633 14.1541
vn -0.215961 0.962146 -0.166241
f 652/2388/482 650/2389/480 653/2390/483

vt 1.66508 12.0962
vt 1.08063 12.0072
v 61.3984 27.8346 -23.3426
vt 2.44949 11.8859
vn -0.168461 0.973526 -0.154492
f 653/2391/483 650/2392/480 654/2393/484

vt 1.0734 12.3475
v 61.0595 27.6323 -23.6213
vt 2.88104 11.789
vn -0.0273897 0.297065 -0.954464
vt 2.44262 12.2303
f 650/2394/480 655/2395/485 654/2396/484

vt 3.78911 14.6673
vt 2.67455 15.7977
vt 0.825399 16.1979
f 572/2397/402 655/2398/485 650/2399/480

vt 3.51669 16.143
v 60.0494 27.3737 -23.9433
vt 3.81888 16.7942
vn 0.00219062 0.136713 -0.990608
vt 2.30774 17.1717
f 572/2400/402 656/2401/486 655/2402/485

vt 5.57092 16.0422
vt 3.97134 16.8513
vt 3.64916 16.2098
f 573/2403/403 656/2404/486 572/2405/402

vt 4.13562 15.5537
vt 5.69562 14.6707
v 58.855 27.4864 -23.6994
vt 5.90226 15.6997
vn -0.0666018 0.341503 -0.937518
f 656/2406/486 573/2407/403 657/2408/487

vt 5.74527 15.874
vt 5.58836 14.8362
vt 7.41666 14.6182
f 657/2409/487 573/2410/403 574/2411/404

vt 5.9831 13.9763
vt 7.53317 12.5735
v 57.7102 27.1806 -23.8614
vt 7.62704 13.3516
vn -0.0667995 0.466937 -0.881764
f 657/2412/487 574/2413/404 658/2414/488

vt 7.32465 14.2791
vt 7.33627 13.4955
v 56.6298 26.983 -24.1994
vt 8.93254 13.9638
vn -0.0119376 0.264835 -0.96422
f 658/2415/488 574/2416/404 659/2417/489

vt 7.41235 14.5314
vt 8.38661 13.6552
vt 9.02208 14.9511
f 574/2418/404 575/2419/405 659/2420/489

vt 8.42904 13.5755
vt 10.0501 13.5975
vt 9.11844 14.8436
f 575/2421/405 578/2422/408 659/2423/489

vt 9.40961 13.9282
vt 10.0507 14.9467
vt 8.42965 14.9268
f 577/2424/407 578/2425/408 575/2426/405

vt 9.10537 14.98
vt 10.046 13.7407
v 55.6895 26.8599 -24.2364
vt 10.4847 14.7508
vn -0.0341255 0.216702 -0.975641
f 659/2427/489 578/2428/408 660/2429/490

vt 10.4869 14.7444
vt 10.0469 13.7348
vt 11.4494 14.6792
f 660/2430/490 578/2431/408 579/2432/409

vt 10.5038 12.3054
vt 11.4653 12.2267
vt 11.7704 12.6775
f 660/2433/490 579/2434/409 580/2435/410

vt 10.5019 12.2494
vt 11.7678 12.6241
v 55.7341 27.1775 -23.7967
vt 10.4629 12.8333
vn -0.0820255 0.542277 -0.836186
f 660/2436/490 580/2437/410 661/2438/491

vt 10.4888 5.50822
vt 11.7469 5.10366
v 54.8404 27.2285 -23.4431
vt 11.8346 5.47138
vn -0.0746619 0.920089 -0.384527
f 661/2439/491 580/2440/410 662/2441/492

vt 11.8514 6.60847
vt 11.8031 6.23354
vt 13.3797 6.57356
f 662/2442/492 580/2443/410 583/2444/413

v 54.9293 27.2911 -22.8146
vt -11.668 0.374858
vn -0.0690057 0.798658 0.597816
vt -11.7719 0.918513
vt -13.2979 0.828509
f 663/2445/493 662/2446/492 583/2447/413

v 55.4742 27.3323 -23.1327
vt -6.85673 -4.56066
vn -0.191539 0.981475 -0.0044528
vt -7.75632 -4.9423
vt -7.31848 -5.28091
f 664/2448/494 662/2449/492 663/2450/493

vt 10.4532 1.57315
vt 11.7968 1.48881
vt 10.9781 2.02233
f 661/2451/491 662/2452/492 664/2453/494

v 55.7835 27.3814 -23.314
vt 8.73118 3.69433
vn -0.12979 0.983802 -0.123649
vt 8.47188 3.28657
vt 9.14815 3.42792
f 665/2454/495 661/2455/491 664/2456/494

v 56.7762 27.3286 -23.4749
vt 8.88298 9.11781
vn -0.00371486 0.797617 -0.603153
vt 10.4082 8.74423
vt 10.3455 9.22336
f 666/2457/496 661/2458/491 665/2459/495

vt 9.02993 9.81854
vt 10.3414 10.2485
vt 8.80417 10.5694
f 659/2460/489 661/2461/491 666/2462/496

vt 9.14851 12.2506
vt 10.5187 11.9722
vt 10.4943 12.5569
f 659/2463/489 660/2464/490 661/2465/491

vt 7.55251 9.5706
vt 9.12008 9.09371
vt 8.94327 9.85758
f 658/2466/488 659/2467/489 666/2468/496

v 57.528 27.3708 -23.3034
vt 7.51865 7.96705
vn -0.142076 0.903257 -0.404896
vt 7.29259 7.4324
vt 8.6337 7.8993
f 667/2469/497 658/2470/488 666/2471/496

v 58.5935 27.5979 -23.3264
vt 6.5049 7.43569
vn -0.218524 0.974698 -0.0470222
vt 7.42099 6.24487
vt 7.8841 6.59484
f 668/2472/498 658/2473/488 667/2474/497

vt 6.07047 8.18251
vt 7.54479 7.22376
vt 6.55075 8.35033
f 657/2475/487 658/2476/488 668/2477/498

vt 6.08899 6.93439
vt 6.55118 7.14701
v 59.33 27.6932 -23.2971
vt 5.52897 7.53927
vn -0.114801 0.955368 -0.2722
f 657/2478/487 668/2479/498 669/2480/499

vt -4.06835 4.51117
vt -5.10878 4.17014
v 59.374 27.679 -22.9511
vt -3.91487 4.23207
vn -0.0707458 0.695184 0.715342
f 669/2481/499 668/2482/498 670/2483/500

vt -3.98113 7.62019
vt -5.17579 7.57502
v 58.7388 27.4948 -22.5901
vt -4.7887 6.93866
vn -0.0582253 0.540412 0.839384
f 670/2484/500 668/2485/498 671/2486/501

vt -5.71223 7.4658
v 57.26 27.3934 -22.7945
vt -7.5824 6.59627
vn -0.052589 0.820625 0.569042
vt -5.40362 6.78789
f 668/2487/498 672/2488/502 671/2489/501

vt 1.66108 -1.87069
vt 1.48931 -3.47684
vt 1.87394 -3.92211
f 668/2490/498 667/2491/497 672/2492/502

vt -7.03328 -0.173798
vt -8.14612 -0.271322
vt -7.32218 -0.68639
f 667/2493/497 666/2494/496 672/2495/502

vt -8.52792 2.39458
vt -8.97542 3.20137
vt -10.3804 3.62117
f 672/2496/502 666/2497/496 665/2498/495

vt -7.94168 3.8208
vt -10.1373 4.16052
v 55.7818 27.3576 -22.6631
vt -10.106 3.57708
vn -0.0693845 0.730298 0.679596
f 672/2499/502 665/2500/495 673/2501/503

vt -8.78593 1.89052
vt -9.15838 1.56476
vt -8.59211 1.33933
f 665/2502/495 664/2503/494 673/2504/503

vt -9.21562 0.643776
vt -9.75674 0.924246
vt -10.4636 0.44221
f 673/2505/503 664/2506/494 663/2507/493

v 55.6755 27.1994 -22.2408
vt -9.82097 9.3165
vn -0.0535618 0.518783 0.853226
vt -9.71954 9.8392
vt -10.9805 9.74928
f 674/2508/504 673/2509/503 663/2510/493

v 56.6165 27.3055 -22.3036
vt -8.70137 10.0881
vn -0.0197548 0.530902 0.847203
vt -9.95384 10.346
vt -10.0751 9.82749
f 675/2511/505 673/2512/503 674/2513/504

vt -9.00292 7.12094
vt -8.06505 7.62178
vt -10.2368 7.45672
f 675/2514/505 672/2515/502 673/2516/503

vt -8.31718 10.3408
vt -9.29288 9.91835
v 57.7107 27.1518 -22.0053
vt -7.70947 9.40822
vn 0.00837763 0.460386 0.887679
f 672/2517/502 675/2518/505 676/2519/506

vt -7.45143 11.9403
vt -9.06117 12.3601
v 57.0477 26.8308 -21.3596
vt -8.42569 11.0641
vn 0.0016873 0.383548 0.92352
f 676/2520/506 675/2521/505 677/2522/507

vt -8.10714 11.1221
vt -8.79654 12.3902
v 55.9497 26.8143 -21.513
vt -9.7282 11.1441
vn -0.0452807 0.400296 0.915266
f 677/2523/507 675/2524/505 678/2525/508

vt -8.84724 12.5594
vt -10.2265 12.3301
vt -9.78783 11.32
f 675/2526/505 674/2527/504 678/2528/508

vt -10.2169 12.3279
v 55.0211 27.1614 -22.2653
vt -11.1794 12.2626
vn -0.0387783 0.517827 0.854606
vt -9.77686 11.3183
f 674/2529/504 679/2530/509 678/2531/508

vt -10.0999 8.08534
vt -11.2388 8.56976
vt -11.061 8.00156
f 674/2532/504 663/2533/493 679/2534/509

vt -11.3539 8.74711
v 53.231 27.2068 -22.7708
vt -13.8458 8.51772
vn -0.0335353 0.708244 0.705171
vt -11.1899 8.17475
f 663/2535/493 680/2536/510 679/2537/509

vt -11.0992 3.15311
vt -12.784 3.30798
vt -13.5736 2.77959
f 663/2538/493 583/2539/413 680/2540/510

vt -12.4947 1.91433
vt -14.0613 1.64182
vt -13.2509 1.33906
f 583/2541/413 584/2542/414 680/2543/510

vt -14.0504 1.71331
vt -14.7886 2.16454
v 49.5815 27.1998 -22.9648
vt -19.4179 1.92319
vn 0.0203654 0.886357 0.462553
f 680/2544/510 584/2545/414 681/2546/511

vt -14.5949 -1.3955
vt -19.2536 -1.58368
vt -19.1954 -1.96491
f 584/2547/414 585/2548/415 681/2549/511

vt -14.3758 15.5743
vt -15.2804 16.5456
vt -14.6421 15.2954
f 585/2550/415 586/2551/416 681/2552/511

vt -20.8363 6.04829
v 48.7839 27.198 -22.6535
vt -20.685 5.39248
vn 0.0152095 0.663616 0.747918
vt -19.5023 5.61164
f 586/2553/416 682/2554/512 681/2555/511

vt -20.8684 6.92188
v 46.5356 27.3058 -23.1935
vt -23.9969 7.09534
vn 0.00412334 0.937662 0.347525
vt -20.7468 6.25992
f 586/2556/416 683/2557/513 682/2558/512

vt 20.4355 6.80461
vt 23.3799 6.92169
vt 23.5341 7.27003
f 586/2559/416 587/2560/417 683/2561/513

vt 23.949 4.31861
vt 23.7504 3.99356
vt 25.2201 4.1748
f 683/2562/513 587/2563/417 588/2564/418

vt -23.4347 2.10947
vt -24.7125 2.05016
vt -24.9253 1.27106
f 683/2565/513 588/2566/418 589/2567/419

vt -23.9532 7.97445
vt -25.5454 7.35035
v 46.6217 27.2215 -22.5731
vt -23.8423 7.37253
vn 0.0282279 0.564946 0.824645
f 683/2568/513 589/2569/419 684/2570/514

vt -23.8525 11.9616
vt -25.5557 11.9464
v 46.1537 26.9135 -21.7435
vt -24.5639 10.9837
vn 0.0555887 0.403105 0.913464
f 684/2571/514 589/2572/419 685/2573/515

vt -24.55 10.9521
vt -25.5451 11.9113
v 44.6668 26.9914 -21.8043
vt -26.734 11.1484
vn -0.0641134 0.458974 0.886134
f 685/2574/515 589/2575/419 686/2576/516

vt -25.4026 10.2326
vt -26.7251 10.8668
vt -26.5642 9.42867
f 589/2577/419 590/2578/420 686/2579/516

vt -26.8756 13.2036
vt -28.4534 13.2087
vt -26.8449 11.7568
f 590/2580/420 591/2581/421 686/2582/516

vt -26.6671 11.0829
vt -28.3691 12.424
v 43.7812 27.11 -22.0533
vt -27.968 11.4278
vn -0.0221222 0.422019 0.906317
f 686/2583/516 591/2584/421 687/2585/517

vt -28.4164 12.7524
v 42.9858 27.2876 -22.4043
vt -29.1907 12.2603
vn -0.00197785 0.427891 0.903828
vt -28.0302 11.7504
f 591/2586/421 688/2587/518 687/2588/517

vt -28.4492 13.6023
vt -30.5312 14.1521
vt -29.2313 13.1228
f 591/2589/421 592/2590/422 688/2591/518

vt -29.1351 12.8934
vt -30.4643 13.8847
v 42.0051 27.2923 -22.3847
vt -30.5775 12.8989
vn -0.0137748 0.390273 0.920596
f 688/2592/518 592/2593/422 689/2594/519

vt -30.47 13.9331
vt -32.499 13.8437
vt -30.5846 12.9475
f 592/2595/422 595/2596/425 689/2597/519

vt -30.4061 8.32907
vt -31.9578 8.7094
vt -32.4332 8.20231
f 592/2598/422 594/2599/424 595/2600/425

vt -30.1068 8.59095
vt -32.0152 8.87377
vt -30.5154 8.32338
f 593/2601/423 594/2602/424 592/2603/422

vt -32.2918 14.2709
vt -32.8699 13.7582
vt -30.3498 13.4364
f 595/2604/425 598/2605/428 689/2606/519

vt -32.3979 14.9625
vt -34.8667 15.6743
vt -32.9819 14.4565
f 595/2607/425 596/2608/426 598/2609/428

vt -32.7849 14.9815
v 42.9446 26.5756 -21.6096
vt -28.8447 13.1687
vn -0.0607588 0.304937 0.950432
vt -30.2628 14.6763
f 598/2610/428 690/2611/520 689/2612/519

vt -32.3413 15.9957
vt -31.6793 13.3548
vt -28.3725 14.2462
f 598/2613/428 599/2614/429 690/2615/520

vt -31.6121 12.9955
v 42.0137 25.0649 -21.0031
vt -29.6185 11.1163
vn -0.12697 0.253603 0.958939
vt -28.3065 13.8914
f 599/2616/429 691/2617/521 690/2618/520

vt -29.061 11.5622
vt -31.071 13.4238
vt -30.4938 10.4446
f 691/2619/521 599/2620/429 604/2621/434

vt -28.3489 10.2375
vt -29.7706 9.1058
v 41.6717 24.0254 -20.5298
vt -28.767 8.3049
vn -0.14122 0.179977 0.973481
f 691/2622/521 604/2623/434 692/2624/522

vt -27.4634 9.7469
vt -28.4771 10.5349
v 40.7921 23.5586 -20.9899
vt -28.836 9.08884
vn -0.245399 0.150872 0.95761
f 692/2625/522 604/2626/434 693/2627/523

vt -27.3906 8.50801
vt -27.0426 9.95673
vt -28.1483 9.51371
f 693/2628/523 604/2629/434 605/2630/435

vt -26.2894 10.8099
vt -26.0919 9.35561
vt -25.5259 9.80856
f 605/2631/435 606/2632/436 693/2633/523

vt -27.8478 12.0457
vt -28.6246 13.0051
vt -29.1837 12.5437
f 607/2634/437 693/2635/523 606/2636/436

vt -29.2586 10.5892
vt -28.6786 12.1968
vt -30.0501 11.5366
f 607/2637/437 692/2638/522 693/2639/523

vt -27.7465 10.6252
vt -29.4511 12.2017
vt -30.0181 10.5895
f 609/2640/439 692/2641/522 607/2642/437

v 43.1903 24.2268 -20.1555
vt -27.8464 11.6047
vn -0.0481173 0.17545 0.983312
vt -30.1085 11.3746
vt -28.3936 9.80927
f 694/2643/524 692/2644/522 609/2645/439

vt -27.7486 10.6494
v 43.0232 24.6147 -20.312
vt -28.0029 11.3529
vn -0.0781695 0.224845 0.971254
vt -30.0108 10.4193
f 694/2646/524 695/2647/525 692/2648/522

vt -28.8644 11.2613
vt -28.6163 10.5556
v 45.0323 25.5648 -20.5393
vt -25.9117 12.939
vn 0.00552574 0.224159 0.974537
f 695/2649/525 694/2650/524 696/2651/526

vt -26.068 13.2176
vt -28.7785 10.8409
v 45.9416 24.3492 -20.1778
vt -24.7316 11.0487
vn 0.00131732 0.199489 0.979899
f 696/2652/526 694/2653/524 697/2654/527

vt -28.7868 11.0209
v 44.4502 22.8853 -19.8638
vt -26.9359 8.66103
vn -0.0299873 0.167125 0.98548
vt -24.7399 11.2284
f 694/2655/524 698/2656/528 697/2657/527

vt -26.2433 9.25439
vt -28.0879 11.6191
vt -28.6318 9.8226
f 698/2658/528 694/2659/524 609/2660/439

vt -29.7247 7.05961
vt -26.4592 8.34809
vt -28.8478 8.91597
f 610/2661/440 698/2662/528 609/2663/439

vt -28.0195 6.11018
vt -26.6222 8.79427
vt -29.8886 7.508
f 611/2664/441 698/2665/528 610/2666/440

v 48.4587 22.5448 -19.7942
vt -21.0212 8.30687
vn -0.00549779 0.153154 0.988187
vt -26.9162 8.91312
vt -28.3106 6.22754
v 45.3912 21.8683 -19.7527
vt -25.5348 7.15544
vn -0.0003341 0.12328 0.992372
f 699/2667/529 698/2668/528 611/2669/441 700/2670/530 

vt -26.9418 8.66701
vt -21.0468 8.06097
vt -24.7457 11.2343
f 698/2671/528 699/2672/529 697/2673/527

vt -21.0243 8.08614
v 48.7888 24.27 -20.1391
vt -20.5358 11.1072
vn -0.00599582 0.200356 0.979705
vt -24.7235 11.2591
f 699/2674/529 701/2675/531 697/2676/527

vt -21.0138 8.08367
v 52.6113 23.7179 -19.9816
vt -14.9038 10.1154
vn -0.00894124 0.175554 0.984429
vt -20.5254 11.1047
f 699/2677/529 702/2678/532 701/2679/531

v 52.0201 21.9697 -19.7636
vt -15.8355 7.26584
vn -0.0113443 0.125451 0.992035
vt -14.9625 10.2893
vt -21.0723 8.2572
f 703/2680/533 702/2681/532 699/2682/529

v 55.7352 22.027 -19.6718
vt -10.2726 7.30764
vn -0.012971 0.138837 0.99023
vt -14.8638 10.2686
vt -15.7382 7.24559
f 704/2683/534 702/2684/532 703/2685/533

v 55.6323 23.3822 -19.8178
vt -10.3755 9.71371
vn -0.00930349 0.179587 0.983698
vt -14.8197 10.3368
vt -10.2291 7.37476
f 705/2686/535 702/2687/532 704/2688/534

vt -14.8935 9.79065
vt -10.4495 9.16597
v 52.7992 24.929 -20.3895
vt -14.6175 11.9657
vn -0.0105066 0.227091 0.973817
f 702/2689/532 705/2690/535 706/2691/536

vt -14.5364 12.0904
vt -10.3652 9.29542
v 55.2283 24.7243 -20.2154
vt -10.9615 11.6874
vn -0.0232973 0.219389 0.975359
f 706/2692/536 705/2693/535 707/2694/537

vt -10.4054 9.28899
v 57.8296 25.4806 -20.3461
vt -7.17373 12.9959
vn 0.0323196 0.222719 0.974347
vt -11.0005 11.6812
f 705/2695/535 708/2696/538 707/2697/537

v 57.6571 23.2157 -19.8429
vt -7.59115 9.17784
vn 0.0176378 0.172014 0.984937
vt -7.3321 13.1599
vt -10.5688 9.45742
f 709/2698/539 708/2699/538 705/2700/535

vt -7.37873 9.15484
v 58.2783 24.7838 -20.1654
vt -6.46403 11.9035
vn 0.0774969 0.216008 0.973311
vt -7.12427 13.1372
f 709/2701/539 710/2702/540 708/2703/538

vt -7.05004 12.1039
vt -7.96608 9.35571
v 58.6731 23.1922 -20.0346
vt -6.46424 9.36885
vn 0.0730413 0.175897 0.981695
f 710/2704/540 709/2705/539 711/2706/541

vt -7.96335 9.02637
v 59.211 22.0182 -19.7775
vt -5.68207 6.97139
vn 0.0964017 0.12587 0.987352
vt -6.46151 9.03953
f 709/2707/539 712/2708/542 711/2709/541

v 58.1887 21.6438 -19.6059
vt -6.98146 6.5244
vn 0.0534324 0.124173 0.990821
vt -5.4752 7.20568
vt -7.76024 9.25647
f 713/2710/543 712/2711/542 709/2712/539

vt -7.3829 7.14316
vt -5.96626 3.66428
vt -5.88463 7.84182
f 713/2713/543 630/2714/460 712/2715/542

vt -6.27321 3.40946
vt -7.78335 6.84879
v 57.8384 20.8767 -19.5579
vt -8.25686 5.5182
vn 0.0292622 0.0893302 0.995572
f 630/2716/460 713/2717/543 714/2718/544

vt -7.211 5.45526
vt -6.69302 6.76919
vt -10.3007 7.44371
f 714/2719/544 713/2720/543 704/2721/534

vt -6.72624 6.59758
vt -7.50478 9.32972
vt -10.3341 7.27134
f 713/2722/543 709/2723/539 704/2724/534

vt -7.56901 9.41231
vt -10.5467 9.69194
vt -10.3977 7.35315
f 709/2725/539 705/2726/535 704/2727/534

vt -6.98051 5.80496
vt -10.0618 7.8064
v 55.8076 20.7608 -19.7668
vt -9.97504 5.67245
vn -0.0309298 0.0788133 0.996409
f 714/2728/544 704/2729/534 715/2730/545

vt -10.3153 7.73258
v 53.6261 21.4962 -19.733
vt -13.4202 6.84935
vn -0.0151553 0.10424 0.994437
vt -10.215 5.59922
f 704/2731/534 716/2732/546 715/2733/545

vt -10.2766 7.62946
vt -15.7422 7.56716
vt -13.3823 6.74899
f 704/2734/534 703/2735/533 716/2736/546

vt -13.2851 7.01207
vt -15.643 7.8361
v 53.3974 20.5764 -19.8684
vt -13.6334 5.47632
vn -0.0126001 0.072778 0.997269
f 716/2737/546 703/2738/533 717/2739/547

vt -13.7787 5.3114
vt -15.7988 7.66216
v 50.6085 20.8904 -19.8527
vt -17.8794 5.84908
vn -0.00488594 0.0936882 0.99559
f 717/2740/547 703/2741/533 718/2742/548

vt -15.759 7.64165
vt -20.9946 8.6391
vt -17.8414 5.83071
f 703/2743/533 699/2744/529 718/2745/548

vt -17.9277 5.71002
vt -21.0868 8.5119
vt -25.5994 7.35639
f 718/2746/548 699/2747/529 700/2748/530

vt -17.8983 5.84022
vt -25.5687 7.49242
v 45.7366 20.7933 -19.839
vt -25.064 5.68184
vn 0.0130024 0.0825272 0.996504
f 718/2749/548 700/2750/530 719/2751/549

vt -25.653 7.41116
vt -28.4268 6.47736
vt -25.1439 5.60182
f 700/2752/530 611/2753/441 719/2754/549

vt -28.4008 6.57812
vt -27.5612 4.29113
vt -25.1186 5.69972
f 611/2755/441 612/2756/442 719/2757/549

vt -25.232 5.69734
vt -27.6666 4.27498
vt -25.4115 3.59289
f 719/2758/549 612/2759/442 617/2760/447

vt -25.2005 4.4941
vt -27.4428 5.2173
vt -26.7458 3.5109
f 617/2761/447 612/2762/442 616/2763/446

vt -27.1712 5.8407
vt -27.9144 4.23541
vt -26.5094 4.12035
f 612/2764/442 613/2765/443 616/2766/446

vt -28.7005 4.14811
vt -26.448 4.71214
vt -27.8523 4.83455
f 615/2767/445 616/2768/446 613/2769/443

vt -28.1393 4.0926
vt -30.3947 3.46953
vt -28.9646 3.37893
f 613/2770/443 614/2771/444 615/2772/445

vt -25.389 5.30446
vt -25.5353 3.19745
vt -24.8815 3.61348
f 719/2773/549 617/2774/447 618/2775/448

v 48.6567 20.3326 -19.9485
vt -20.7316 5.33625
vn -0.00423569 0.0511223 0.998683
vt -25.0231 6.1146
vt -24.5665 4.40918
f 720/2776/550 719/2777/549 618/2778/448

vt -20.7763 5.10728
vt -17.9039 6.03563
vt -25.0696 5.87578
f 720/2779/550 718/2780/548 719/2781/549

vt -15.7799 4.29985
vt -17.9237 6.0635
vt -20.7952 5.13254
f 620/2782/450 718/2783/548 720/2784/550

vt -13.7186 5.69791
vt -17.8179 6.24558
vt -15.6832 4.47083
f 717/2785/547 718/2786/548 620/2787/450

v 54.1667 19.4982 -20.2094
vt -12.6528 3.93379
vn -0.012195 -0.00556549 0.99991
vt -13.7778 5.71836
vt -15.7385 4.48491
f 721/2788/551 717/2789/547 620/2790/450

vt -10.1939 6.04979
vt -13.7411 5.76319
vt -12.6198 3.97622
f 715/2791/545 717/2792/547 721/2793/551

vt -10.1579 5.73745
vt -13.3609 6.99327
vt -13.7055 5.45668
f 715/2794/545 716/2795/546 717/2796/547

v 55.7305 19.608 -20.1128
vt -10.2593 4.12825
vn -0.0537851 0.0122195 0.998478
vt -10.1287 6.03432
vt -12.5619 3.96935
f 722/2797/552 715/2798/545 721/2799/551

v 56.6465 19.9938 -19.7803
vt -8.29682 4.94187
vn -0.0435985 0.0401179 0.998243
vt -9.49718 6.27327
vt -9.68145 4.37164
f 723/2800/553 715/2801/545 722/2802/552

vt -8.75709 4.44872
vt -6.98518 5.89262
vt -9.9797 5.75972
f 723/2803/553 714/2804/544 715/2805/545

v 57.4759 19.9171 -19.7846
vt -7.7481 4.45477
vn 0.0341565 0.00111453 0.999416
vt -7.20735 6.04624
vt -8.96746 4.58799
f 724/2806/554 714/2807/544 723/2808/553

vt -6.04282 3.68876
vt -7.97674 5.8432
vt -8.44214 4.22809
f 630/2809/460 714/2810/544 724/2811/554

vt -7.32782 2.8601
vt -5.96916 3.91167
vt -8.36336 4.47324
f 628/2812/458 630/2813/460 724/2814/554

vt -7.12853 2.88338
vt -5.75608 2.54964
vt -5.74291 3.89918
f 628/2815/458 629/2816/459 630/2817/460

vt -7.25404 2.97263
vt -8.27001 4.59817
v 57.2027 19.1248 -20.2137
vt -8.61154 3.27453
vn 0.0215464 -0.0970286 0.995048
f 628/2818/458 724/2819/554 725/2820/555

vt -8.04386 3.7055
vt -7.61859 5.00466
v 56.1442 18.9284 -20.381
vt -9.60789 3.40464
vn -0.0467405 -0.0830563 0.995448
f 725/2821/555 724/2822/554 726/2823/556

vt -7.66472 5.01069
vt -8.88333 5.15055
vt -9.6481 3.40333
f 724/2824/554 723/2825/553 726/2826/556

vt -9.35777 3.5406
vt -8.55086 5.26876
vt -9.92765 4.67987
f 726/2827/556 723/2828/553 722/2829/552

vt -9.68568 4.91981
v 55.6368 19.0118 -20.4535
vt -9.87985 3.94588
vn -0.0529111 -0.0820385 0.995224
vt -9.13442 3.77142
f 722/2830/552 727/2831/557 726/2832/556

vt -12.6047 4.34151
vt -10.4498 3.5258
vt -10.3026 4.50793
f 721/2833/551 727/2834/557 722/2835/552

vt -12.9141 3.50262
vt -10.325 3.85989
vt -12.4688 4.70444
f 624/2836/454 727/2837/557 721/2838/551

vt -13.0047 3.65211
vt -10.5433 2.97071
vt -10.4204 4.04216
f 624/2839/454 626/2840/456 727/2841/557

vt -13.0857 3.35111
vt -11.6685 2.64927
vt -10.6155 2.7021
f 624/2842/454 625/2843/455 626/2844/456

vt -9.55404 5.02074
vt -9.78798 3.96795
vt -8.81383 4.82533
f 727/2845/557 626/2846/456 726/2847/556

vt -10.5319 3.18137
vt -8.13609 3.49573
vt -9.65937 4.142
f 626/2848/456 627/2849/457 726/2850/556

vt -9.84053 3.69228
vt -8.29715 3.0956
vt -8.28656 4.04142
f 726/2851/556 627/2852/457 725/2853/555

vt -8.41996 2.87426
vt -7.08692 3.47619
vt -8.4344 3.82003
f 627/2854/457 628/2855/458 725/2856/555

vt -15.2935 3.54433
vt -13.1553 3.12214
vt -12.7496 4.3379
f 622/2857/452 624/2858/454 721/2859/551

vt -15.2495 2.92019
vt -13.1095 3.32734
vt -15.2445 3.76577
f 623/2860/453 624/2861/454 622/2862/452

vt -15.1397 3.52457
vt -12.5818 4.27174
vt -15.6645 4.83936
f 622/2863/452 721/2864/551 620/2865/450

vt -16.8445 3.80882
vt -15.0605 3.65077
vt -15.5762 4.96916
f 621/2866/451 622/2867/452 620/2868/450

vt -15.7272 4.57915
vt -20.7399 5.42801
vt -20.6455 4.01379
f 620/2869/450 720/2870/550 619/2871/449

vt -20.7676 5.38861
vt -24.6003 4.45299
vt -20.6705 3.97457
f 720/2872/550 618/2873/448 619/2874/449

vt -6.03499 3.62907
vt -3.58363 5.33115
vt -5.97841 7.80703
f 630/2875/460 631/2876/461 712/2877/542

vt -6.23414 7.57759
vt -3.80258 5.13782
v 60.2882 21.6473 -20.3285
vt -4.57531 7.10059
vn 0.210523 0.106919 0.971724
f 712/2878/542 631/2879/461 728/2880/558

vt -4.94334 6.91884
vt -4.13697 4.96964
v 61.0637 21.3573 -20.9248
vt -3.6873 6.59643
vn 0.263668 0.138343 0.954641
f 728/2881/558 631/2882/461 729/2883/559

vt -3.79444 4.92566
vt -2.98345 5.60869
vt -3.32885 6.54797
f 631/2884/461 632/2885/462 729/2886/559

vt -3.54961 5.40266
vt -2.98735 6.98221
vt -3.89372 6.34241
f 632/2887/462 638/2888/468 729/2889/559

vt -2.53317 5.62105
vt -2.92531 6.94827
vt -3.48409 5.36749
f 633/2890/463 638/2891/468 632/2892/462

vt -3.12115 7.16047
v 61.075 22.4758 -20.9288
vt -4.10044 8.4207
vn 0.337377 0.163471 0.927067
vt -4.02698 6.5199
f 638/2893/468 730/2894/560 729/2895/559

vt -3.30085 7.02412
vt -3.20968 9.24733
vt -4.28205 8.28287
f 638/2896/468 639/2897/469 730/2898/560

vt -4.31028 8.33159
vt -3.23668 9.29468
vt -3.81483 9.39655
f 730/2899/560 639/2900/469 640/2901/470

vt -3.85115 7.89371
vt -3.38806 8.97313
v 60.5341 23.1003 -20.7714
vt -4.6562 8.92106
vn 0.220552 0.172218 0.960051
f 730/2902/560 640/2903/470 731/2904/561

vt -4.68156 9.52007
vt -3.41343 9.57224
v 60.6835 23.6495 -20.7815
vt -4.51873 10.4675
vn 0.223131 0.11859 0.967548
f 731/2905/561 640/2906/470 732/2907/562

vt -3.52084 9.51094
vt -3.86454 10.9379
vt -4.63382 10.3966
f 640/2908/470 641/2909/471 732/2910/562

vt -3.70787 10.7748
v 60.4884 24.1507 -20.7175
vt -4.78921 11.0671
vn 0.214297 0.210087 0.953908
vt -4.47884 10.2359
f 641/2911/471 733/2912/563 732/2913/562

vt -3.59253 12.2899
vt -4.82974 10.8741
vt -3.74876 10.5804
f 642/2914/472 733/2915/563 641/2916/471

vt -3.34703 11.8278
v 60.1942 25.2224 -21.214
vt -4.86787 12.3889
vn 0.140907 0.251914 0.957436
vt -4.55826 10.3897
f 642/2917/472 734/2918/564 733/2919/563

v 60.4681 26.6388 -21.9427
vt -4.27112 15.4106
vn 0.112258 0.227469 0.967293
vt -4.78318 12.7899
vt -3.25915 12.2375
f 735/2920/565 734/2921/564 642/2922/472

vt -3.80859 15.1762
v 58.4299 26.5791 -21.3874
vt -6.837 14.9175
vn 0.0738043 0.305618 0.949289
vt -4.26345 12.5449
f 735/2923/565 736/2924/566 734/2925/564

vt -3.79569 14.8967
v 60.2605 27.3067 -22.2853
vt -4.07285 16.1485
vn 0.0415615 0.328761 0.943498
vt -6.82392 14.6359
f 735/2926/565 737/2927/567 736/2928/566

vt -4.01675 14.8613
v 61.5957 26.6285 -22.4094
vt -2.3163 14.9782
vn 0.15264 0.19986 0.967862
vt -4.27394 16.1174
f 735/2929/565 738/2930/568 737/2931/567

vt -2.33683 15.5449
vt -4.03741 15.43
vt -2.82478 13.5466
f 738/2932/568 735/2933/565 643/2934/473

vt -2.67439 13.6651
vt -3.89364 15.5442
vt -2.84576 12.3827
f 643/2935/473 735/2936/565 642/2937/472

vt -2.25317 14.9322
vt -2.84841 15.7527
vt -3.36072 13.7605
f 644/2938/474 738/2939/568 643/2940/473

v 62.4352 27.3091 -22.9598
vt -1.33641 17.2106
vn 0.341994 0.113874 0.932777
vt -2.61908 15.8988
vt -2.02571 15.0769
f 739/2941/569 738/2942/568 644/2943/474

v 62.3211 27.9163 -23.1106
vt -1.18226 17.9745
vn 0.0352635 0.413379 0.909876
vt -2.30963 15.5872
vt -1.02763 16.8997
f 740/2944/570 738/2945/568 739/2946/569

vt -2.15993 15.4708
vt -1.04415 17.8635
vt -4.12789 16.592
f 738/2947/568 740/2948/570 737/2949/567

vt -3.40299 12.0564
vt -0.439277 13.587
v 61.0552 27.7374 -23.0036
vt -2.28842 13.1868
vn -0.0367201 0.585874 0.80957
f 737/2950/567 740/2951/570 741/2952/571

vt -0.0909605 8.31987
vt -1.46153 8.19906
vt -1.89323 7.74425
f 740/2953/570 654/2954/484 741/2955/571

vt -0.681543 8.63767
vt -1.46728 8.43244
vt -0.0964984 8.55087
f 653/2956/483 654/2957/484 740/2958/570

vt 0.237813 10.9014
vt -0.61211 10.6048
vt -0.0253638 10.5304
f 652/2959/482 653/2960/483 740/2961/570

v 62.6359 27.8111 -23.2346
vt -0.995544 16.5792
vn 0.570602 0.171178 0.803188
vt -1.10097 16.9947
vt -1.47024 16.7291
f 742/2962/572 652/2963/482 740/2964/570

vt -0.334322 17.3884
vt -0.531955 17.4446
vt -0.398517 17.0373
f 651/2965/481 652/2966/482 742/2967/572

vt -2.20992 17.7784
vt -2.2771 17.4278
vt -1.90711 16.4758
f 651/2968/481 742/2969/572 649/2970/479

v 62.5653 27.24 -23.2331
vt -1.58975 17.0051
vn 0.985437 -0.16912 0.0176788
vt -1.29519 17.0436
vt -1.71851 17.9731
f 743/2971/573 649/2972/479 742/2973/572

vt -1.3721 15.1674
vt -1.24655 16.1963
vt -1.54096 16.1566
f 648/2974/478 649/2975/479 743/2976/573

vt -2.17945 15.9813
vt -1.97136 16.963
vt -2.27474 17.0024
f 648/2977/478 743/2978/573 739/2979/569

vt -1.98307 17.0788
vt -1.97703 18.0554
vt -2.28651 17.1177
f 743/2980/573 742/2981/572 739/2982/569

vt -1.31661 17.9499
vt -1.1666 16.8745
vt -0.839973 17.8063
f 740/2983/570 739/2984/569 742/2985/572

vt -2.79529 14.8294
vt -2.16443 15.9847
vt -2.2568 17.0061
f 644/2986/474 648/2987/478 739/2988/569

vt -2.54902 14.1923
vt -2.33225 15.5695
vt -2.90653 14.385
f 647/2989/477 648/2990/478 644/2991/474

vt -2.59919 13.5462
vt -2.56134 14.7215
vt -2.92303 14.9063
f 645/2992/475 647/2993/477 644/2994/474

vt -2.12153 8.60348
vt -1.66279 9.03098
v 60.7215 27.7626 -23.2945
vt -2.64345 8.81144
vn -0.0829014 0.993491 -0.0781274
f 741/2995/571 654/2996/484 744/2997/574

vt 2.47245 12.0715
vt 2.90507 11.6245
vt 3.45082 11.842
f 654/2998/484 655/2999/485 744/3000/574

vt 2.59619 9.34861
v 59.8376 27.6005 -23.6465
vt 4.39138 9.24534
vn -0.0344809 0.467135 -0.883514
vt 3.1015 9.64825
f 655/3001/485 745/3002/575 744/3003/574

vt 2.53727 14.4908
vt 4.02323 14.0239
vt 4.33444 14.4311
f 655/3004/485 656/3005/486 745/3006/575

vt 4.43799 14.6121
vt 4.11198 14.2166
vt 5.87712 14.3797
f 745/3007/575 656/3008/486 657/3009/487

vt 5.45946 8.4063
vt 4.6659 8.26716
vt 6.06029 7.84193
f 669/3010/499 745/3011/575 657/3012/487

vt 3.36013 7.28452
vt 4.59306 6.73136
vt 5.37694 6.91743
f 744/3013/574 745/3014/575 669/3015/499

vt -2.68759 4.9117
vt -4.71886 4.63551
vt -4.61577 4.33413
f 744/3016/574 669/3017/499 670/3018/500

vt -2.3657 6.94948
vt -2.87147 7.19409
vt -4.83185 6.73763
f 741/3019/571 744/3020/574 670/3021/500

vt -2.44531 10.8852
vt -4.91573 10.7309
v 60.0402 27.5974 -22.628
vt -3.92698 10.4048
vn -0.00712996 0.448244 0.893883
f 741/3022/571 670/3023/500 746/3024/576

vt -3.80705 11.5934
vt -4.80395 11.8936
vt -5.71551 11.3591
f 746/3025/576 670/3026/500 671/3027/501

vt -3.88857 13.9845
vt -5.80027 13.7783
v 58.9542 27.2341 -22.1651
vt -5.4685 13.1377
vn -0.00226723 0.382661 0.923886
f 746/3028/576 671/3029/501 747/3030/577

vt -5.95515 13.6751
vt -7.46878 12.8165
vt -5.63952 13.0264
f 671/3031/501 676/3032/506 747/3033/577

vt -5.51527 10.9691
vt -7.6978 10.8264
vt -6.95746 9.99522
f 671/3034/501 672/3035/502 676/3036/506

vt -6.4735 12.9817
vt -5.69095 14.4171
vt -7.52166 14.2203
f 736/3037/566 747/3038/577 676/3039/506

vt -6.42844 12.8947
vt -3.73075 14.5006
vt -5.65256 14.3337
f 736/3040/566 737/3041/567 747/3042/577

vt -5.64968 14.2409
vt -3.72792 14.4085
vt -4.0501 15.05
f 747/3043/577 737/3044/567 746/3045/576

vt -3.9527 14.205
vt -2.74375 15.2338
vt -4.25489 14.8562
f 737/3046/567 741/3047/571 746/3048/576

vt -6.81549 12.5458
vt -7.80944 13.8283
vt -8.83762 13.0161
f 736/3049/566 676/3050/506 677/3051/507

v 57.4052 26.0846 -20.6608
vt -8.28301 12.3592
vn 0.0028359 0.278819 0.960339
vt -6.73187 13.4694
vt -8.75903 13.9174
f 748/3052/578 736/3053/566 677/3054/507

vt -7.92451 12.0888
vt -6.93458 14.3162
vt -8.50857 13.2387
f 708/3055/538 736/3056/566 748/3057/578

vt -7.63074 11.3455
vt -7.19734 14.8026
vt -8.24601 12.6022
f 710/3058/540 736/3059/566 708/3060/538

vt -7.01419 14.6263
vt -7.3868 11.1621
vt -4.46773 12.2246
f 736/3061/566 710/3062/540 734/3063/564

vt -4.45121 12.1336
vt -7.36899 11.0676
v 59.5521 24.2206 -20.2756
vt -5.50141 10.1196
vn 0.114847 0.178835 0.977153
f 734/3064/564 710/3065/540 749/3066/579

vt -5.05362 11.2065
vt -6.93237 12.1321
vt -6.34845 9.39662
f 749/3067/579 710/3068/540 711/3069/541

vt -5.40131 11.3808
vt -6.68615 9.56382
v 59.6544 23.139 -20.3271
vt -5.22322 9.55566
vn 0.13015 0.158084 0.978811
f 749/3070/579 711/3071/541 750/3072/580

vt -6.68953 8.95761
v 60.1325 22.2969 -20.1664
vt -4.53795 7.46964
vn 0.162428 0.179053 0.970339
vt -5.22661 8.94946
f 711/3073/541 751/3074/581 750/3075/580

vt -5.91046 6.90092
vt -4.52825 7.48525
vt -6.68021 8.97268
f 712/3076/542 751/3077/581 711/3078/541

vt -6.23127 7.58463
vt -4.57251 7.10739
vt -4.85088 8.17325
f 712/3079/542 728/3080/558 751/3081/581

vt -5.3066 7.98452
vt -5.00445 6.92515
vt -3.79743 8.50766
f 751/3082/581 728/3083/558 730/3084/560

vt -4.94719 6.90712
vt -3.6911 6.58491
vt -3.7362 8.4866
f 728/3085/558 729/3086/559 730/3087/560

vt -5.15758 7.56236
vt -3.64826 8.08507
vt -4.46535 9.10287
f 751/3088/581 730/3089/560 731/3090/561

vt -5.54091 8.82108
vt -4.86991 7.33318
vt -4.19665 8.88208
f 750/3091/580 751/3092/581 731/3093/561

vt -4.03816 10.5733
vt -5.57488 9.5705
vt -4.23062 9.63149
f 732/3094/562 750/3095/580 731/3096/561

vt -3.93614 10.4952
vt -5.66798 11.3223
vt -5.47676 9.49843
f 732/3097/562 749/3098/579 750/3099/580

vt -4.28709 11.2549
vt -5.71201 11.2481
vt -3.97934 10.4228
f 733/3100/563 749/3101/579 732/3102/562

vt -4.28367 10.3826
vt -4.6318 12.3755
vt -5.70859 10.3756
f 733/3103/563 734/3104/564 749/3105/579

vt -10.8709 11.1953
vt -7.04744 12.5196
vt -7.67902 13.6441
f 707/3106/537 708/3107/538 748/3108/578

vt -10.8095 11.0723
vt -7.62174 13.5265
v 55.1856 25.6983 -20.7064
vt -10.8877 12.8834
vn -0.0318395 0.259513 0.965214
f 707/3109/537 748/3110/578 752/3111/582

vt -7.58024 13.2064
v 56.3646 26.3467 -20.9505
vt -9.12186 13.746
vn -0.0441894 0.308191 0.950297
vt -10.8453 12.5584
f 748/3112/578 753/3113/583 752/3114/582

vt -7.77602 12.3631
vt -8.31525 13.9006
vt -9.31197 12.9188
f 748/3115/578 677/3116/507 753/3117/583

vt -9.07429 12.3128
vt -8.09433 13.3114
vt -9.71541 13.3313
f 753/3118/583 677/3119/507 678/3120/508

vt -9.05087 12.3254
vt -9.69371 13.3428
v 55.2753 26.4461 -21.2358
vt -10.6674 12.595
vn -0.0422383 0.321844 0.94585
f 753/3121/583 678/3122/508 754/3123/584

vt -9.63132 13.1325
v 55.0823 26.8881 -21.7643
vt -10.9215 13.3463
vn -0.0360434 0.395148 0.91791
vt -10.6014 12.38
f 678/3124/508 755/3125/585 754/3126/584

vt -9.78689 11.2949
vt -11.1883 12.2409
vt -11.0736 11.5288
f 678/3127/508 679/3128/509 755/3129/585

vt -11.1704 11.6312
vt -11.2762 12.3448
v 53.5926 26.9799 -22.0534
vt -13.3698 11.9159
vn -0.0230317 0.465948 0.884512
f 755/3130/585 679/3131/509 756/3132/586

vt -11.1038 9.87297
vt -13.7647 10.1745
vt -13.185 9.38721
f 679/3133/509 680/3134/510 756/3135/586

vt -14.0144 10.3427
v 52.6591 27.0645 -22.3361
vt -14.8511 9.83965
vn -0.00615198 0.583774 0.811893
vt -13.4754 9.52701
f 680/3136/510 757/3137/587 756/3138/586

vt -13.9715 9.95585
vt -19.3426 10.0294
vt -14.8031 9.44418
f 680/3139/510 681/3140/511 757/3141/587

vt -15.0432 5.74992
vt -19.528 6.66511
vt -20.7142 6.46578
f 757/3142/587 681/3143/511 682/3144/512

vt -14.8541 12.0306
vt -20.5566 12.4229
v 49.7459 26.8528 -21.9549
vt -19.1356 11.4757
vn -0.000326756 0.438808 0.898581
f 757/3145/587 682/3146/512 758/3147/588

vt -19.3063 11.3254
vt -20.6932 12.3218
v 48.376 26.9594 -22.0307
vt -21.3156 11.5852
vn 0.00504075 0.438618 0.898659
f 758/3148/588 682/3149/512 759/3150/589

vt -20.6395 11.753
vt -23.8197 11.7806
vt -21.2492 11.0059
f 682/3151/512 684/3152/514 759/3153/589

vt -20.6509 7.22862
vt -23.9447 7.87023
vt -23.831 7.26884
f 682/3154/512 683/3155/513 684/3156/514

vt -21.1404 11.756
vt -23.7265 12.4771
v 46.6149 26.9117 -21.9745
vt -23.7301 11.6451
vn 0.0466156 0.388542 0.920251
f 759/3157/589 684/3158/514 760/3159/590

vt -23.9085 14.7189
vt -23.8022 15.544
vt -24.6109 14.6448
f 760/3160/590 684/3161/514 685/3162/515

vt -23.8422 16.2437
vt -24.5454 16.1782
v 46.3193 26.2122 -21.1814
vt -24.399 14.765
vn 0.0437561 0.297035 0.953863
f 760/3163/590 685/3164/515 761/3165/591

vt -24.6832 15.3778
v 45.3726 26.2343 -20.9577
vt -25.8918 13.9447
vn 0.0308189 0.281917 0.958944
vt -24.4881 13.9705
f 685/3166/515 762/3167/592 761/3168/591

v 44.4437 26.5276 -21.1837
vt -27.095 13.4322
vn -0.114928 0.368234 0.922602
vt -25.7363 12.8313
vt -24.5665 14.2963
f 763/3169/593 762/3170/592 685/3171/515

vt -26.8798 14.0119
v 43.8533 25.6551 -20.6167
vt -27.7416 12.3325
vn -0.113414 0.291848 0.949717
vt -25.511 13.4344
f 763/3172/593 764/3173/594 762/3174/592

vt -13.184 2.97767
vt -13.2604 0.00514087
vt -13.0187 1.87727
f 686/3175/516 764/3176/594 763/3177/593

vt -28.8927 13.0514
vt -27.514 11.1042
vt -26.37 13.8488
f 690/3178/520 764/3179/594 686/3180/516

vt -27.7027 13.1595
vt -28.978 10.3674
vt -26.2444 11.2711
f 690/3181/520 691/3182/521 764/3183/594

vt -29.0342 10.6039
vt -27.4724 9.62182
vt -26.2996 11.5046
f 691/3184/521 695/3185/525 764/3186/594

vt -27.4043 9.71563
vt -28.9673 10.6958
vt -29.4054 8.7676
f 695/3187/525 691/3188/521 692/3189/522

vt -27.7115 13.2834
vt -28.931 11.4306
vt -25.9765 13.1052
f 764/3190/594 695/3191/525 696/3192/526

vt -27.7757 12.4831
vt -26.0411 12.3016
vt -25.5434 13.5816
f 764/3193/594 696/3194/526 762/3195/592

vt -26.3677 13.0073
v 46.0707 25.4055 -20.6338
vt -24.8386 12.7589
vn 0.0307641 0.245268 0.968967
vt -25.8466 14.2779
f 696/3196/526 765/3197/595 762/3198/592

vt -26.3505 13.1771
vt -25.03 10.9985
vt -24.8212 12.9305
f 696/3199/526 697/3200/527 765/3201/595

vt -24.7333 10.7106
v 48.8644 25.2739 -20.5641
vt -20.4346 12.3934
vn -0.00390046 0.251337 0.967892
vt -24.5436 12.6445
f 697/3202/527 766/3203/596 765/3204/595

vt -20.5525 10.5843
vt -20.4411 12.4193
vt -24.7401 10.7373
f 701/3205/531 766/3206/596 697/3207/527

vt -20.4284 12.4114
vt -20.5391 10.5763
vt -14.6408 11.7634
f 766/3208/596 701/3209/531 706/3210/536

vt -20.5742 10.8068
vt -14.9532 9.81466
vt -14.675 11.9895
f 701/3211/531 702/3212/532 706/3213/536

vt -20.4739 11.8562
vt -14.6874 11.1982
v 51.3851 26.1097 -21.1411
vt -16.7652 13.4678
vn -0.0123998 0.314346 0.949228
f 766/3214/596 706/3215/536 767/3216/597

vt -16.625 13.5689
vt -14.5322 11.3131
vt -11.0274 12.7245
f 767/3217/597 706/3218/536 752/3219/582

vt -14.588 11.5359
vt -11.0134 11.1289
vt -11.0805 12.9404
f 706/3220/536 707/3221/537 752/3222/582

vt -16.6612 13.2063
vt -11.0652 12.3523
vt -10.9407 13.8108
f 767/3223/597 752/3224/582 754/3225/584

vt -10.6702 12.098
vt -8.95549 13.2981
vt -10.5735 13.5586
f 752/3226/582 753/3227/583 754/3228/584

vt -16.5854 11.8052
vt -10.8681 12.4401
vt -11.1674 13.413
f 767/3229/597 754/3230/584 755/3231/585

vt -11.1037 12.8506
vt -13.3052 13.1178
vt -16.5112 11.2083
f 755/3232/585 756/3233/586 767/3234/597

vt -13.4804 14.1009
vt -19.1375 13.85
vt -16.7213 12.2513
f 756/3235/586 758/3236/588 767/3237/597

vt -13.4136 10.1768
vt -14.793 10.473
vt -19.0679 9.86984
f 756/3238/586 757/3239/587 758/3240/588

vt -21.2241 13.9489
v 48.4197 26.281 -21.2329
vt -21.1674 12.4571
vn -0.00256126 0.323027 0.946386
vt -16.8076 12.1075
vt -19.2103 13.7263
f 759/3241/589 768/3242/598 767/3243/597 758/3244/588 

vt -21.1692 13.8089
vt -23.7594 13.7085
vt -21.1024 12.3175
f 759/3245/589 760/3246/590 768/3247/598

vt -21.0778 12.3707
vt -23.7381 13.7553
vt -24.1667 12.2346
f 768/3248/598 760/3249/590 761/3250/591

vt -24.1957 13.6123
vt -20.4521 11.7974
vt -21.1065 13.7417
f 761/3251/591 766/3252/596 768/3253/598

vt -24.5699 12.0322
vt -20.4612 11.7768
vt -24.204 13.5934
f 765/3254/595 766/3255/596 761/3256/591

vt -25.8931 14.3602
vt -24.8957 12.8343
vt -24.4894 14.3855
f 762/3257/592 765/3258/595 761/3259/591

vt -20.4626 11.8028
vt -16.7548 13.4164
vt -21.116 13.7474
f 766/3260/596 767/3261/597 768/3262/598

vt -28.8397 12.6615
vt -26.3196 13.467
vt -27.6333 13.7594
f 690/3263/520 686/3264/516 687/3265/517

vt -28.6978 13.7105
vt -28.7041 12.1692
vt -27.5067 13.2769
f 688/3266/518 690/3267/520 687/3268/517

vt -30.5754 14.8419
vt -29.1981 13.2969
vt -29.1331 14.8369
f 689/3269/519 690/3270/520 688/3271/518

vt -26.9997 12.4105
vt -24.4815 13.304
vt -26.6678 13.4726
f 763/3272/593 685/3273/515 686/3274/516

vt 1.4178 15.9137
vt 3.38575 17.0349
vt 0.302014 18.3064
f 571/3275/401 572/3276/402 650/3277/480

vt -1.9714 2.44639
vt -2.2231 3.98035
vt -2.55712 2.53418
f 557/3278/387 558/3279/388 554/3280/384

vt -1.75893 1.12478
vt -1.97619 2.40694
vt -2.56186 2.49504
f 555/3281/385 557/3282/387 554/3283/384

vt -29.3111 9.47338
vt -28.1539 7.72295
vt -27.875 10.1073
f 525/3284/355 527/3285/357 608/3286/438

vt -28.4474 7.74828
vt -27.0081 8.37499
vt -28.6499 9.09912
f 525/3287/355 608/3288/438 524/3289/354

vt -30.833 -0.926863
vt -30.6368 -1.19126
vt -30.4897 -0.0727457
f 395/3290/225 396/3291/226 531/3292/361

vt 6.93164 -11.7558
vt 6.70965 -12.2786
vt 6.89099 -12.6754
f 531/3293/361 385/3294/215 395/3295/225

vt -1.22226 -7.7474
vt -1.40197 -9.05114
vt -1.1404 -8.54691
f 384/3296/214 385/3297/215 531/3298/361

vt -3.6442 -6.58689
vt -3.97965 -7.92346
vt -3.91587 -8.72461
f 382/3299/212 384/3300/214 531/3301/361

vt -3.37372 -6.8372
vt -3.43495 -8.06668
vt -3.10558 -6.7286
f 383/3302/213 384/3303/214 382/3304/212

vt -29.4057 1.99462
vt -30.0575 -0.059339
vt -28.6128 1.71638
f 382/3305/212 531/3306/361 528/3307/358

vt -28.9304 3.33134
vt -28.1372 3.05383
vt -28.6328 4.80358
f 382/3308/212 528/3309/358 381/3310/211

vt -27.8703 5.02969
vt -27.3754 3.27975
vt -26.822 5.41514
f 381/3311/211 528/3312/358 526/3313/356

vt -27.1607 6.84015
vt -27.6297 4.37483
vt -26.5815 4.7603
f 514/3314/344 381/3315/211 526/3316/356

vt 29.1238 10.07
vt 30.4964 9.41191
vt 30.1375 10.858
f 501/3317/331 507/3318/337 499/3319/329

vt 30.5293 10.0991
vt 31.3208 11.0464
vt 29.9493 11.7066
f 504/3320/334 507/3321/337 501/3322/331

vt 28.7153 10.02
vt 30.9869 9.98439
vt 30.4199 11.5966
f 503/3323/333 504/3324/334 501/3325/331

vt 29.0095 11.7008
vt 26.0569 13.3785
vt 28.7615 10.9951
f 502/3326/332 466/3327/296 465/3328/295

vt 27.7971 13.6189
vt 26.0622 13.4407
vt 29.0166 11.7661
f 469/3329/299 466/3330/296 502/3331/332

vt 29.9929 11.4758
vt 27.2583 12.3765
vt 28.4311 10.4937
f 500/3332/330 469/3333/299 502/3334/332

vt 28.6863 14.1029
vt 27.228 12.2145
vt 29.9617 11.3108
f 473/3335/303 469/3336/299 500/3337/330

vt 32.2814 13.8091
vt 28.9759 14.705
vt 30.2878 11.9299
f 497/3338/327 473/3339/303 500/3340/330

vt 32.9712 16.6682
vt 29.0024 14.9186
vt 32.3092 14.0272
f 484/3341/314 473/3342/303 497/3343/327

vt 34.918 17.2984
vt 33.0129 16.7304
vt 32.3576 14.0877
f 487/3344/317 484/3345/314 497/3346/327

vt 4.97085 6.9191
vt 3.59046 7.50772
vt 3.31209 6.44186
f 362/3347/192 429/3348/259 427/3349/257

vt 4.96928 6.92732
vt 3.31045 6.45032
vt 2.53772 4.48755
f 362/3350/192 427/3351/257 361/3352/191

vt 30.0399 3.2434
vt 30.4731 1.8354
vt 33.3026 1.40379
f 387/3353/217 390/3354/220 386/3355/216

vt 30.0003 3.53699
vt 28.1713 2.67588
vt 30.4474 2.13332
f 387/3356/217 388/3357/218 390/3358/220

vt 19.1684 -7.12194
vt 18.844 -6.55398
vt 18.5225 -7.23541
f 306/3359/136 309/3360/139 307/3361/137

g Mesh28 Pillow_Abernathy_17_1 Pillow_Abernathy_SKU_EAN5489__5_1 Group1 Model

v 16.5243 18.1506 -21.9741
v 18.5252 18.162 -22.1614
v 18.9129 18.1921 -21.7887
f 769/602/135 770/603/136 771/604/137

v 16.4537 18.2004 -22.5348
f 772/605/138 770/606/136 769/607/135

v 18.8486 18.2578 -22.5967
f 772/608/138 773/609/139 770/610/136

v 16.3343 18.4294 -23.0794
f 772/611/138 774/612/140 773/613/139

v 15.7207 18.2624 -22.8273
f 775/614/141 774/615/140 772/616/138

v 15.7307 18.8938 -23.8454
f 776/617/142 774/618/140 775/619/141

v 16.1703 19.1662 -23.91
f 776/620/142 777/621/143 774/622/140

v 15.8693 19.9971 -24.5202
f 778/623/144 777/624/143 776/625/142

v 19.001 19.3427 -24.0151
f 779/626/145 777/627/143 778/628/144

v 18.8683 18.7702 -23.4944
f 779/629/145 780/630/146 777/631/143

v 21.5107 19.1388 -23.7721
f 779/632/145 781/633/147 780/634/146

v 21.4205 20.0747 -24.4637
f 782/635/148 781/636/147 779/637/145

v 23.3348 19.4908 -24.0983
f 783/638/149 781/639/147 782/640/148

v 22.5528 18.5677 -23.226
f 781/641/147 783/642/149 784/643/150

v 24.2906 18.9168 -23.6279
f 784/644/150 783/645/149 785/646/151

v 25.9403 19.9658 -24.4406
f 786/647/152 785/648/151 783/649/149

v 25.8558 18.992 -23.7341
f 787/650/153 785/651/151 786/652/152

v 25.7562 18.5418 -23.2167
f 785/653/151 787/654/153 788/655/154

v 26.2642 18.4403 -23.2507
f 787/656/153 789/657/155 788/658/154

v 26.7772 19.2483 -24.163
f 789/659/155 787/660/153 790/661/156

f 790/662/156 787/663/153 786/664/152

v 27.974 20.0108 -24.6485
f 790/665/156 786/666/152 791/667/157

v 25.8721 21.1293 -24.9499
f 791/668/157 786/669/152 792/670/158

v 23.7611 20.6436 -24.7453
f 792/671/158 786/672/152 793/673/159

f 786/674/152 783/675/149 793/676/159

f 783/677/149 782/678/148 793/679/159

v 20.6824 21.1214 -24.9158
f 793/680/159 782/681/148 794/682/160

v 15.5276 20.9824 -24.9617
f 782/683/148 795/684/161 794/685/160

f 782/686/148 778/687/144 795/688/161

f 779/689/145 778/690/144 782/691/148

v 13.6409 20.4526 -24.8423
f 795/692/161 778/693/144 796/694/162

v 14.2062 19.2231 -24.2182
f 796/695/162 778/696/144 797/697/163

f 778/698/144 776/699/142 797/700/163

v 14.6801 18.447 -23.3089
f 776/701/142 798/702/164 797/703/163

f 798/704/164 776/705/142 775/706/141

v 14.1665 18.1208 -22.2647
f 798/707/164 775/708/141 799/709/165

v 15.5548 18.1599 -22.335
f 799/710/165 775/711/141 800/712/166

f 775/713/141 772/714/138 800/715/166

f 800/716/166 772/717/138 769/718/135

v 15.9891 18.1665 -21.7761
f 800/719/166 769/720/135 801/721/167

v 16.5201 18.2331 -21.5278
f 801/722/167 769/723/135 802/724/168

f 802/725/168 769/726/135 771/727/137

v 18.8011 18.3338 -21.3668
f 802/728/168 771/729/137 803/730/169

v 21.1146 18.2389 -21.7669
f 771/731/137 804/732/170 803/733/169

v 21.2092 18.2404 -22.1839
f 771/734/137 805/735/171 804/736/170

f 773/737/139 805/738/171 771/739/137

v 21.4344 18.3523 -22.6844
f 773/740/139 806/741/172 805/742/171

f 773/743/139 780/744/146 806/745/172

v 18.7812 18.4272 -23.0224
f 807/746/173 780/747/146 773/748/139

f 774/749/140 780/750/146 807/751/173

f 777/752/143 780/753/146 774/754/140

f 774/755/140 807/756/173 773/757/139

v 21.3391 18.652 -23.2352
f 780/758/146 808/759/174 806/760/172

f 780/761/146 781/762/147 808/763/174

f 808/764/174 781/765/147 784/766/150

f 808/767/174 784/768/150 806/769/172

v 22.3241 18.1708 -22.2674
f 806/770/172 784/771/150 809/772/175

v 22.5424 18.2412 -22.6406
f 809/773/175 784/774/150 810/775/176

v 24.0003 18.4076 -22.88
f 810/776/176 784/777/150 811/778/177

f 784/779/150 785/780/151 811/781/177

f 811/782/177 785/783/151 788/784/154

v 25.8084 18.2113 -22.6439
f 811/785/177 788/786/154 812/787/178

f 788/788/154 789/789/155 812/790/178

v 27.3033 18.245 -22.7338
f 812/791/178 789/792/155 813/793/179

v 27.3254 18.5728 -23.4591
f 789/794/155 814/795/180 813/796/179

v 27.6062 19.1793 -24.1223
f 814/797/180 789/798/155 815/799/181

f 815/800/181 789/801/155 790/802/156

f 815/803/181 790/804/156 791/805/157

v 29.1827 19.0052 -23.3516
f 816/806/182 815/807/181 791/808/157

v 28.2267 18.4755 -23.0738
f 817/809/183 815/810/181 816/811/182

f 817/812/183 814/813/180 815/814/181

f 813/815/179 814/816/180 817/817/183

v 28.5397 18.0797 -22.2433
f 813/818/179 817/819/183 818/820/184

v 29.149 18.3367 -22.7858
f 818/821/184 817/822/183 819/823/185

f 817/824/183 816/825/182 819/826/185

v 30.3559 18.0735 -22.5002
f 820/827/186 819/828/185 816/829/182

v 29.6874 17.9543 -22.2944
f 819/830/185 820/831/186 821/832/187

v 30.7437 17.7248 -21.9199
f 821/833/187 820/834/186 822/835/188

v 31.6948 17.7082 -22.0422
f 822/836/188 820/837/186 823/838/189

f 823/839/189 820/840/186 816/841/182

v 31.636 18.7711 -22.6594
f 823/842/189 816/843/182 824/844/190

v 30.8656 19.9815 -23.385
f 824/845/190 816/846/182 825/847/191

v 29.3461 21.1639 -24.8
f 816/848/182 826/849/192 825/850/191

v 28.3254 20.7515 -24.852
f 827/851/193 826/852/192 816/853/182

v 27.7942 22.3121 -25.1553
f 827/854/193 828/855/194 826/856/192

f 827/857/193 792/858/158 828/859/194

f 791/860/157 792/861/158 827/862/193

f 816/863/182 791/864/157 827/865/193

v 25.7704 22.4563 -25.2616
f 828/866/194 792/867/158 829/868/195

v 23.0092 22.011 -25.1467
f 829/869/195 792/870/158 830/871/196

f 792/872/158 793/873/159 830/874/196

f 830/875/196 793/876/159 794/877/160

v 18.8538 22.6114 -25.2848
f 830/878/196 794/879/160 831/880/197

v 14.6153 21.9849 -25.2083
f 831/881/197 794/882/160 832/883/198

f 794/884/160 795/885/161 832/886/198

f 832/887/198 795/888/161 796/889/162

v 12.3699 21.2708 -24.8739
f 796/890/162 833/891/199 832/892/198

v 11.5557 20.3214 -23.9149
f 834/893/200 833/894/199 796/895/162

v 11.6499 21.5864 -24.6569
f 834/896/200 835/897/201 833/898/199

v 10.7519 21.3412 -23.9165
f 836/899/202 835/900/201 834/901/200

v 10.6144 22.1252 -23.9936
f 836/902/202 837/903/203 835/904/201

v 10.3386 21.2565 -23.3768
f 837/905/203 836/906/202 838/907/204

v 10.4947 20.146 -23.2984
f 839/908/205 838/909/204 836/910/202

v 10.1797 18.981 -22.734
v 9.9277 20.0775 -22.7142
f 840/911/206 841/912/207 838/913/204 839/914/205 

v 9.66147 19.0675 -22.2662
f 842/915/208 841/916/207 840/917/206

v 9.64369 19.7462 -22.1756
f 843/918/209 841/919/207 842/920/208

v 9.74427 20.1998 -22.1872
f 841/921/207 843/922/209 844/923/210

v 9.87004 20.1891 -21.7025
f 844/924/210 843/925/209 845/926/211

v 9.69523 19.3153 -21.7283
f 845/927/211 843/928/209 846/929/212

v 9.64611 19.204 -22.0213
f 843/930/209 847/931/213 846/932/212

f 843/933/209 842/934/208 847/935/213

v 9.40162 18.5279 -21.9097
f 847/936/213 842/937/208 848/938/214

v 9.1452 17.7808 -21.9545
f 842/939/208 849/940/215 848/941/214

f 842/942/208 840/943/206 849/944/215

v 10.2747 18.1095 -22.4089
f 849/945/215 840/946/206 850/947/216

v 12.4698 18.9624 -23.4731
f 840/948/206 851/949/217 850/950/216

f 840/951/206 834/952/200 851/953/217

f 840/954/206 839/955/205 834/956/200

f 839/957/205 836/958/202 834/959/200

f 851/960/217 834/961/200 796/962/162

f 796/963/162 797/964/163 851/965/217

v 13.7244 18.5134 -23.2773
f 797/966/163 852/967/218 851/968/217

f 797/969/163 798/970/164 852/971/218

v 13.1638 18.2538 -22.745
f 853/972/219 852/973/218 798/974/164

v 12.1914 18.288 -22.797
f 852/975/218 853/976/219 854/977/220

v 10.8948 17.901 -22.2044
f 855/978/221 854/979/220 853/980/219

f 854/981/220 855/982/221 850/983/216

v 9.89603 17.6094 -22.0209
f 855/984/221 856/985/222 850/986/216

v 9.76818 17.4924 -21.8255
f 857/987/223 856/988/222 855/989/221

v 9.12029 17.4072 -21.7739
f 858/990/224 856/991/222 857/992/223

f 850/993/216 856/994/222 858/995/224

f 858/996/224 849/997/215 850/998/216

v 9.02721 17.6015 -21.7321
f 849/999/215 858/1000/224 859/1001/225

v 9.1418 17.4706 -21.5877
f 859/1002/225 858/1003/224 860/1004/226

f 858/1005/224 857/1006/223 860/1007/226

v 9.77297 17.5147 -21.6579
f 860/1008/226 857/1009/223 861/1010/227

v 10.6609 17.7546 -21.7732
f 861/1011/227 857/1012/223 862/1013/228

f 857/1014/223 855/1015/221 862/1016/228

v 11.6169 17.9138 -21.7728
f 862/1017/228 855/1018/221 863/1019/229

v 12.8585 18.0284 -22.1828
f 863/1020/229 855/1021/221 864/1022/230

f 855/1023/221 853/1024/219 864/1025/230

f 853/1026/219 799/1027/165 864/1028/230

f 799/1029/165 853/1030/219 798/1031/164

v 13.5352 18.1263 -21.7999
f 864/1032/230 799/1033/165 865/1034/231

v 14.4881 18.1615 -21.802
f 865/1035/231 799/1036/165 866/1037/232

f 799/1038/165 800/1039/166 866/1040/232

f 866/1041/232 800/1042/166 801/1043/167

v 15.5475 18.3363 -21.2979
f 866/1044/232 801/1045/167 867/1046/233

f 867/1047/233 801/1048/167 802/1049/168

v 16.4471 18.4479 -21.1065
f 867/1050/233 802/1051/168 868/1052/234

f 868/1053/234 802/1054/168 803/1055/169

v 18.8482 18.584 -20.9631
f 868/1056/234 803/1057/169 869/1058/235

v 21.2277 18.3879 -21.3664
f 803/1059/169 870/1060/236 869/1061/235

f 803/1062/169 804/1063/170 870/1064/236

v 22.1994 18.1856 -21.7759
f 804/1065/170 871/1066/237 870/1067/236

f 804/1068/170 805/1069/171 871/1070/237

f 805/1071/171 809/1072/175 871/1073/237

f 805/1074/171 806/1075/172 809/1076/175

v 22.8616 18.1593 -21.7414
f 871/1077/237 809/1078/175 872/1079/238

v 23.6151 18.2181 -21.8921
f 872/1080/238 809/1081/175 873/1082/239

f 809/1083/175 810/1084/176 873/1085/239

f 810/1086/176 811/1087/177 873/1088/239

v 24.96 18.1351 -22.3898
f 873/1089/239 811/1090/177 874/1091/240

f 811/1092/177 812/1093/178 874/1094/240

v 25.4541 18.1186 -22.155
f 874/1095/240 812/1096/178 875/1097/241

v 27.1072 18.1406 -22.0553
f 875/1098/241 812/1099/178 876/1100/242

f 812/1101/178 813/1102/179 876/1103/242

v 28.7756 17.999 -21.6944
f 876/1104/242 813/1105/179 877/1106/243

f 813/1107/179 818/1108/184 877/1109/243

v 29.8498 17.7891 -21.6382
f 877/1110/243 818/1111/184 878/1112/244

f 818/1113/184 821/1114/187 878/1115/244

f 818/1116/184 819/1117/185 821/1118/187

f 878/1119/244 821/1120/187 822/1121/188

v 30.6633 17.787 -21.3995
f 878/1122/244 822/1123/188 879/1124/245

v 31.3141 17.6002 -21.6063
f 879/1125/245 822/1126/188 880/1127/246

f 822/1128/188 823/1129/189 880/1130/246

v 31.9848 17.5019 -21.706
f 880/1131/246 823/1132/189 881/1133/247

v 32.6819 17.4447 -21.583
f 882/1134/248 881/1135/247 823/1136/189

v 32.3979 17.4893 -21.523
f 881/1137/247 882/1138/248 883/1139/249

v 32.729 17.7546 -21.3609
f 883/1140/249 882/1141/248 884/1142/250

v 32.873 17.5903 -21.5699
f 882/1143/248 885/1144/251 884/1145/250

v 32.7528 17.6332 -21.828
f 882/1146/248 886/1147/252 885/1148/251

f 886/1149/252 882/1150/248 823/1151/189

f 886/1152/252 823/1153/189 824/1154/190

v 32.5474 18.2549 -22.0385
f 824/1155/190 887/1156/253 886/1157/252

v 32.2665 19.0714 -22.3085
f 824/1158/190 888/1159/254 887/1160/253

v 31.4 20.412 -23.2268
f 824/1161/190 889/1162/255 888/1163/254

f 825/1164/191 889/1165/255 824/1166/190

v 31.1815 20.9237 -23.4736
f 825/1167/191 890/1168/256 889/1169/255

v 30.4149 20.9985 -24.1428
f 891/1170/257 890/1171/256 825/1172/191

v 31.1953 21.9808 -23.8395
f 891/1173/257 892/1174/258 890/1175/256

v 30.2629 21.5577 -24.5126
f 893/1176/259 892/1177/258 891/1178/257

v 30.6581 22.5168 -24.2018
f 893/1179/259 894/1180/260 892/1181/258

v 29.7846 22.4044 -24.6458
f 895/1182/261 894/1183/260 893/1184/259

v 30.8086 23.0388 -24.3718
f 896/1185/262 894/1186/260 895/1187/261

v 31.3224 22.6219 -23.6044
f 894/1188/260 896/1189/262 897/1190/263

v 31.632 22.7063 -23.1522
f 897/1191/263 896/1192/262 898/1193/264

v 31.2681 23.421 -23.9983
f 898/1194/264 896/1195/262 899/1196/265

v 30.6155 23.4903 -24.6006
f 899/1197/265 896/1198/262 900/1199/266

v 29.6855 23.4079 -25.0534
f 900/1200/266 896/1201/262 901/1202/267

f 896/1203/262 895/1204/261 901/1205/267

v 28.8075 22.3557 -24.9528
f 901/1206/267 895/1207/261 902/1208/268

f 902/1209/268 895/1210/261 893/1211/259

f 826/1212/192 902/1213/268 893/1214/259

f 828/1215/194 902/1216/268 826/1217/192

v 28.4146 23.9001 -25.3609
f 903/1218/269 902/1219/268 828/1220/194

f 901/1221/267 902/1222/268 903/1223/269

v 30.3172 24.6651 -24.4903
f 904/1224/270 901/1225/267 903/1226/269

f 900/1227/266 901/1228/267 904/1229/270

v 31.305 24.4411 -23.9067
f 905/1230/271 900/1231/266 904/1232/270

f 905/1233/271 899/1234/265 900/1235/266

v 31.677 24.2041 -23.4789
f 899/1236/265 905/1237/271 906/1238/272

v 31.4112 25.1937 -23.9297
f 905/1239/271 907/1240/273 906/1241/272

v 30.5844 26.2434 -24.2672
f 907/1242/273 905/1243/271 908/1244/274

f 908/1245/274 905/1246/271 904/1247/270

v 28.5537 25.9988 -24.7993
f 908/1248/274 904/1249/270 909/1250/275

f 909/1251/275 904/1252/270 903/1253/269

v 27.9651 24.6164 -25.4268
f 903/1254/269 910/1255/276 909/1256/275

f 828/1257/194 910/1258/276 903/1259/269

f 828/1260/194 829/1261/195 910/1262/276

v 25.3641 23.8534 -25.3355
f 829/1263/195 911/1264/277 910/1265/276

v 22.9214 24.0987 -25.2719
f 912/1266/278 911/1267/277 829/1268/195

v 25.317 24.9349 -25.1948
f 912/1269/278 913/1270/279 911/1271/277

v 21.5119 25.4581 -24.9722
f 914/1272/280 913/1273/279 912/1274/278

v 25.4012 25.8159 -24.9411
f 914/1275/280 915/1276/281 913/1277/279

v 25.2021 26.4073 -24.5912
f 914/1278/280 916/1279/282 915/1280/281

v 23.7088 26.5861 -24.3689
f 916/1281/282 914/1282/280 917/1283/283

v 19.8635 26.4246 -24.4722
f 917/1284/283 914/1285/280 918/1286/284

v 18.493 26.5471 -24.4545
v 18.5459 25.6432 -24.9825
f 919/1287/285 918/1288/284 914/1289/280 920/1290/286 

v 19.7725 26.9448 -23.8988
f 918/1291/284 919/1292/285 921/1293/287

v 18.4702 27.0406 -23.8886
f 921/1294/287 919/1295/285 922/1296/288

v 16.732 26.9697 -24.0531
f 922/1297/288 919/1298/285 923/1299/289

v 16.7326 26.4795 -24.5158
f 919/1300/285 924/1301/290 923/1302/289

f 919/1303/285 920/1304/286 924/1305/290

v 16.4463 25.5564 -25.0369
f 920/1306/286 925/1307/291 924/1308/290

v 19.0874 24.3294 -25.2798
f 925/1309/291 920/1310/286 926/1311/292

f 926/1312/292 920/1313/286 914/1314/280

f 926/1315/292 914/1316/280 912/1317/278

v 22.7243 23.218 -25.2991
f 926/1318/292 912/1319/278 927/1320/293

f 927/1321/293 912/1322/278 829/1323/195

f 830/1324/196 927/1325/293 829/1326/195

f 831/1327/197 927/1328/293 830/1329/196

f 926/1330/292 927/1331/293 831/1332/197

v 16.0781 23.4668 -25.3732
f 831/1333/197 928/1334/294 926/1335/292

f 832/1336/198 928/1337/294 831/1338/197

v 13.3269 23.3363 -25.3911
f 929/1339/295 928/1340/294 832/1341/198

v 15.1666 24.7302 -25.4463
f 930/1342/296 928/1343/294 929/1344/295

v 16.2033 24.6134 -25.2904
f 930/1345/296 931/1346/297 928/1347/294

v 15.5027 25.5012 -25.2682
f 930/1348/296 932/1349/298 931/1350/297

v 13.9869 24.8382 -25.4191
f 933/1351/299 932/1352/298 930/1353/296

v 14.5716 25.8505 -25.1645
f 934/1354/300 932/1355/298 933/1356/299

v 16.2747 26.4037 -24.7405
f 934/1357/300 935/1358/301 932/1359/298

v 14.7873 26.494 -24.7292
f 934/1360/300 936/1361/302 935/1362/301

f 936/1363/302 934/1364/300 933/1365/299

v 13.0669 26.0332 -24.7988
f 937/1366/303 936/1367/302 933/1368/299

v 13.8987 26.6862 -24.5454
f 937/1369/303 938/1370/304 936/1371/302

v 13.0989 26.9679 -24.2837
f 939/1372/305 938/1373/304 937/1374/303

v 13.6132 27.2589 -23.929
f 940/1375/306 938/1376/304 939/1377/305

f 936/1378/302 938/1379/304 940/1380/306

v 15.2547 27.0431 -24.0591
f 941/1381/307 936/1382/302 940/1383/306

f 923/1384/289 935/1385/301 936/1386/302 941/1387/307 

f 924/1388/290 935/1389/301 923/1390/289

f 924/1391/290 925/1392/291 935/1393/301

f 935/1394/301 925/1395/291 932/1396/298

f 932/1397/298 925/1398/291 931/1399/297

f 931/1400/297 925/1401/291 926/1402/292

f 928/1403/294 931/1404/297 926/1405/292

v 15.308 27.2848 -23.4632
f 923/1406/289 941/1407/307 942/1408/308

v 14.5294 27.3766 -23.5289
f 942/1409/308 941/1410/307 943/1411/309

f 941/1412/307 940/1413/306 943/1414/309

v 13.5197 27.4762 -23.3887
f 943/1415/309 940/1416/306 944/1417/310

v 12.3989 27.5242 -23.7989
f 940/1418/306 945/1419/311 944/1420/310

f 940/1421/306 939/1422/305 945/1423/311

v 12.1186 26.9636 -24.3171
v 10.8064 27.482 -23.8832
f 939/1424/305 946/1425/312 947/1426/313 945/1427/311 

f 946/1428/312 939/1429/305 937/1430/303

v 10.409 27.1766 -24.063
f 948/1431/314 946/1432/312 937/1433/303

f 947/1434/313 946/1435/312 948/1436/314

v 10.1358 27.7654 -23.5228
f 947/1437/313 948/1438/314 949/1439/315

v 9.26907 27.8995 -23.6077
f 949/1440/315 948/1441/314 950/1442/316

v 9.12677 27.5573 -23.7641
f 951/1443/317 950/1444/316 948/1445/314

v 8.88314 27.955 -23.5129
f 951/1446/317 952/1447/318 950/1448/316

v 8.87161 27.8144 -23.4898
f 952/1449/318 951/1450/317 953/1451/319

v 8.77519 27.5781 -23.455
f 953/1452/319 951/1453/317 954/1454/320

v 9.37918 26.2005 -23.6247
f 955/1455/321 954/1456/320 951/1457/317

v 9.09367 26.8156 -23.3958
f 954/1458/320 955/1459/321 956/1460/322

v 9.21101 26.2217 -23.2333
f 956/1461/322 955/1462/321 957/1463/323

v 9.42624 25.634 -23.1179
f 957/1464/323 955/1465/321 958/1466/324

v 9.9601 24.7114 -23.6848
f 955/1467/321 959/1468/325 958/1469/324

v 9.88746 25.7907 -23.9552
f 955/1470/321 960/1471/326 959/1472/325

f 960/1473/326 955/1474/321 951/1475/317

v 10.8254 25.5849 -24.3553
f 961/1476/327 960/1477/326 951/1478/317

v 10.5702 24.7995 -24.2162
f 961/1479/327 962/1480/328 960/1481/326

v 11.1691 23.7985 -24.5868
f 961/1482/327 963/1483/329 962/1484/328

v 12.1408 24.4047 -24.8844
f 964/1485/330 963/1486/329 961/1487/327

v 11.8029 23.2665 -24.992
f 964/1488/330 965/1489/331 963/1490/329

v 13.1586 23.7538 -25.374
f 966/1491/332 965/1492/331 964/1493/330

f 929/1494/295 965/1495/331 966/1496/332

v 12.9685 22.343 -25.0068
f 929/1497/295 967/1498/333 965/1499/331

f 832/1500/198 967/1501/333 929/1502/295

f 833/1503/199 967/1504/333 832/1505/198

f 835/1506/201 967/1507/333 833/1508/199

v 11.4547 22.4138 -24.4559
f 835/1509/201 968/1510/334 967/1511/333

f 835/1512/201 837/1513/203 968/1514/334

v 10.2874 22.5394 -23.4719
f 969/1515/335 968/1516/334 837/1517/203

v 10.583 22.7726 -24.0363
f 970/1518/336 968/1519/334 969/1520/335

v 10.916 22.9759 -24.4155
f 968/1521/334 970/1522/336 971/1523/337

v 10.4773 23.6323 -24.0274
f 972/1524/338 971/1525/337 970/1526/336

f 971/1527/337 972/1528/338 963/1529/329

f 963/1530/329 972/1531/338 962/1532/328

f 959/1533/325 962/1534/328 972/1535/338

f 962/1536/328 959/1537/325 960/1538/326

v 9.93774 23.8526 -23.1785
f 959/1539/325 972/1540/338 973/1541/339

v 10.1564 22.9499 -23.4573
f 973/1542/339 972/1543/338 974/1544/340

f 972/1545/338 970/1546/336 974/1547/340

f 970/1548/336 969/1549/335 974/1550/340

v 10.0308 22.7011 -22.9394
f 974/1551/340 969/1552/335 975/1553/341

v 10.0543 21.3987 -22.862
f 969/1554/335 976/1555/342 975/1556/341

f 976/1557/342 969/1558/335 838/1559/204

f 969/1560/335 837/1561/203 838/1562/204

f 976/1563/342 838/1564/204 841/1565/207

v 9.87292 20.9154 -22.3098
f 976/1566/342 841/1567/207 977/1568/343

f 977/1569/343 841/1570/207 844/1571/210

f 977/1572/343 844/1573/210 845/1574/211

v 10.1558 21.6443 -21.7049
f 978/1575/344 977/1576/343 845/1577/211

v 9.99845 21.4662 -22.2683
f 979/1578/345 977/1579/343 978/1580/344

f 976/1581/342 977/1582/343 979/1583/345

v 9.98745 22.1337 -22.5204
f 980/1584/346 976/1585/342 979/1586/345

f 975/1587/341 976/1588/342 980/1589/346

v 9.99243 22.937 -22.4468
f 981/1590/347 975/1591/341 980/1592/346

f 973/1593/339 975/1594/341 981/1595/347

f 973/1596/339 974/1597/340 975/1598/341

v 9.92974 23.7504 -22.6434
f 982/1599/348 973/1600/339 981/1601/347

v 9.7053 24.695 -22.9576
f 983/1602/349 973/1603/339 982/1604/348

f 983/1605/349 959/1606/325 973/1607/339

f 958/1608/324 959/1609/325 983/1610/349

v 9.95018 24.9527 -22.2662
f 958/1611/324 983/1612/349 984/1613/350

v 9.88686 24.1852 -22.488
f 983/1614/349 985/1615/351 984/1616/350

f 983/1617/349 982/1618/348 985/1619/351

v 10.1455 23.2155 -21.8958
f 985/1620/351 982/1621/348 986/1622/352

f 982/1623/348 981/1624/347 986/1625/352

v 10.2753 22.8332 -21.7446
f 986/1626/352 981/1627/347 987/1628/353

f 987/1629/353 981/1630/347 978/1631/344

f 981/1632/347 980/1633/346 978/1634/344

f 980/1635/346 979/1636/345 978/1637/344

v 10.5943 22.6155 -21.1109
f 987/1638/353 978/1639/344 988/1640/354

v 10.7309 21.8505 -20.9225
f 988/1641/354 978/1642/344 989/1643/355

v 10.4794 20.5175 -21.1142
f 990/1644/356 989/1645/355 978/1646/344

v 11.5323 20.8893 -20.576
f 990/1647/356 991/1648/357 989/1649/355

v 10.1695 19.2307 -21.2659
f 992/1650/358 991/1651/357 990/1652/356

v 12.4492 19.4628 -20.5312
f 992/1653/358 993/1654/359 991/1655/357

v 10.5008 18.2893 -21.2479
f 992/1656/358 994/1657/360 993/1658/359

v 9.25619 18.1077 -21.7138
f 995/1659/361 994/1660/360 992/1661/358

f 860/1662/226 994/1663/360 995/1664/361

v 9.89231 17.6998 -21.4893
f 994/1665/360 860/1666/226 996/1667/362

f 860/1668/226 861/1669/227 996/1670/362

v 11.1081 18.0116 -21.4483
f 861/1671/227 997/1672/363 996/1673/362

f 861/1674/227 862/1675/228 997/1676/363

f 862/1677/228 863/1678/229 997/1679/363

v 12.348 17.9686 -21.689
f 997/1680/363 863/1681/229 998/1682/364

f 863/1683/229 864/1684/230 998/1685/364

v 12.9096 18.049 -21.8002
f 864/1686/230 999/1687/365 998/1688/364

f 999/1689/365 864/1690/230 865/1691/231

v 13.3007 18.2478 -21.3924
f 999/1692/365 865/1693/231 1000/1694/366

v 14.1603 18.273 -21.3703
f 1000/1695/366 865/1696/231 1001/1697/367

f 865/1698/231 866/1699/232 1001/1700/367

f 1001/1701/367 866/1702/232 867/1703/233

v 15.7069 18.5961 -20.865
f 1001/1704/367 867/1705/233 1002/1706/368

f 1002/1707/368 867/1708/233 868/1709/234

v 16.3175 18.8385 -20.674
f 1002/1710/368 868/1711/234 1003/1712/369

f 1003/1713/369 868/1714/234 869/1715/235

v 18.9406 18.99 -20.5743
f 1003/1716/369 869/1717/235 1004/1718/370

v 21.4223 18.647 -20.952
f 869/1719/235 1005/1720/371 1004/1721/370

f 869/1722/235 870/1723/236 1005/1724/371

v 22.41 18.2778 -21.3662
f 870/1725/236 1006/1726/372 1005/1727/371

f 870/1728/236 871/1729/237 1006/1730/372

f 871/1731/237 872/1732/238 1006/1733/372

v 23.7043 18.3535 -21.3626
f 872/1734/238 1007/1735/373 1006/1736/372

f 872/1737/238 873/1738/239 1007/1739/373

v 24.4867 18.1578 -21.73
f 873/1740/239 1008/1741/374 1007/1742/373

f 873/1743/239 874/1744/240 1008/1745/374

f 1008/1746/374 874/1747/240 875/1748/241

v 25.4368 18.1589 -21.6034
f 1008/1749/374 875/1750/241 1009/1751/375

v 26.3918 18.1775 -21.5705
f 1009/1752/375 875/1753/241 1010/1754/376

f 875/1755/241 876/1756/242 1010/1757/376

v 27.5531 18.2312 -21.4478
f 1010/1758/376 876/1759/242 1011/1760/377

f 876/1761/242 877/1762/243 1011/1763/377

v 28.535 18.261 -21.179
f 1011/1764/377 877/1765/243 1012/1766/378

f 877/1767/243 878/1768/244 1012/1769/378

v 29.6789 18.1615 -21.0762
f 1012/1770/378 878/1771/244 1013/1772/379

f 878/1773/244 879/1774/245 1013/1775/379

v 30.3448 18.3436 -20.9124
f 1013/1776/379 879/1777/245 1014/1778/380

v 31.689 17.8505 -21.2055
f 879/1779/245 1015/1780/381 1014/1781/380

v 31.8129 17.5237 -21.5062
f 879/1782/245 1016/1783/382 1015/1784/381

f 879/1785/245 880/1786/246 1016/1787/382

f 880/1788/246 881/1789/247 1016/1790/382

f 1016/1791/382 881/1792/247 883/1793/249

f 1015/1794/381 1016/1795/382 883/1796/249

f 884/1797/250 1015/1798/381 883/1799/249

v 31.6242 19.0575 -20.9753
f 884/1800/250 1017/1801/383 1015/1802/381

v 32.2707 19.1022 -21.3511
f 1017/1803/383 884/1804/250 1018/1805/384

v 32.7674 18.2457 -21.6959
f 884/1806/250 1019/1807/385 1018/1808/384

v 32.8785 17.8786 -21.636
f 1020/1809/386 1019/1810/385 884/1811/250

f 1020/1812/386 887/1813/253 1019/1814/385

f 886/1815/252 887/1816/253 1020/1817/386

f 885/1818/251 886/1819/252 1020/1820/386

f 885/1821/251 1020/1822/386 884/1823/250

v 32.563 18.9729 -21.812
f 1019/1824/385 887/1825/253 1021/1826/387

f 887/1827/253 888/1828/254 1021/1829/387

v 32.3394 19.8496 -21.9297
f 888/1830/254 1022/1831/388 1021/1832/387

v 32.2706 19.7813 -22.2702
f 888/1833/254 1023/1834/389 1022/1835/388

v 31.9589 20.6516 -22.701
f 1023/1836/389 888/1837/254 1024/1838/390

f 888/1839/254 889/1840/255 1024/1841/390

v 31.6804 21.2978 -22.9862
f 1024/1842/390 889/1843/255 1025/1844/391

f 889/1845/255 890/1846/256 1025/1847/391

f 1025/1848/391 890/1849/256 892/1850/258

f 1025/1851/391 892/1852/258 898/1853/264

f 892/1854/258 897/1855/263 898/1856/264

f 892/1857/258 894/1858/260 897/1859/263

v 31.8337 22.1682 -22.4292
f 1025/1860/391 898/1861/264 1026/1862/392

v 31.7602 22.835 -22.6977
f 1026/1863/392 898/1864/264 1027/1865/393

v 31.6078 23.3605 -23.4843
f 1027/1866/393 898/1867/264 1028/1868/394

f 898/1869/264 899/1870/265 1028/1871/394

f 1028/1872/394 899/1873/265 906/1874/272

v 31.8226 23.8202 -22.734
f 1029/1875/395 1028/1876/394 906/1877/272

f 1027/1878/393 1028/1879/394 1029/1880/395

v 31.8305 23.1861 -22.4685
f 1027/1881/393 1029/1882/395 1030/1883/396

v 31.6003 23.7432 -21.7545
f 1030/1884/396 1029/1885/395 1031/1886/397

v 31.837 24.4062 -22.2869
f 1029/1887/395 1032/1888/398 1031/1889/397

v 31.9055 24.2705 -23.0254
f 1029/1890/395 1033/1891/399 1032/1892/398

f 1029/1893/395 906/1894/272 1033/1895/399

v 32.114 25.9872 -23.3782
f 1033/1896/399 906/1897/272 1034/1898/400

f 906/1899/272 907/1900/273 1034/1901/400

v 31.7054 26.3906 -23.8081
f 1034/1902/400 907/1903/273 1035/1904/401

f 1035/1905/401 907/1906/273 908/1907/274

v 30.3737 26.9865 -24.1676
f 908/1908/274 1036/1909/402 1035/1910/401

f 908/1911/274 909/1912/275 1036/1913/402

v 29.069 26.8753 -24.2748
f 909/1914/275 1037/1915/403 1036/1916/402

v 27.8276 26.7419 -24.4152
f 909/1917/275 1038/1918/404 1037/1919/403

v 27.1726 26.224 -24.9275
f 909/1920/275 1039/1921/405 1038/1922/404

v 27.5379 25.2895 -25.3353
f 1040/1923/406 1039/1924/405 909/1925/275

v 26.4941 25.6303 -25.1627
f 1040/1926/406 1041/1927/407 1039/1928/405

f 1040/1929/406 913/1930/279 1041/1931/407

f 911/1932/277 913/1933/279 1040/1934/406

f 911/1935/277 1040/1936/406 910/1937/276

f 910/1938/276 1040/1939/406 909/1940/275

f 913/1941/279 915/1942/281 1041/1943/407

v 26.0727 26.2565 -24.7921
f 1041/1944/407 915/1945/281 1042/1946/408

f 1042/1947/408 915/1948/281 916/1949/282

v 25.1347 26.8307 -24.2096
f 1042/1950/408 916/1951/282 1043/1952/409

f 916/1953/282 917/1954/283 1043/1955/409

v 24.9423 27.0814 -23.8431
f 1043/1956/409 917/1957/283 1044/1958/410

v 22.7718 26.7572 -24.1428
f 1044/1959/410 917/1960/283 1045/1961/411

f 917/1962/283 918/1963/284 1045/1964/411

f 1045/1965/411 918/1966/284 921/1967/287

v 22.7938 27.0565 -23.6762
f 1046/1968/412 1045/1969/411 921/1970/287

f 1044/1971/410 1045/1972/411 1046/1973/412

v 23.9071 27.2552 -23.2345
f 1044/1974/410 1046/1975/412 1047/1976/413

v 22.8291 27.1851 -23.2857
f 1047/1977/413 1046/1978/412 1048/1979/414

v 19.6607 27.147 -23.4151
f 1046/1980/412 1049/1981/415 1048/1982/414

f 1046/1983/412 921/1984/287 1049/1985/415

v 18.7637 27.237 -23.3675
f 1049/1986/415 921/1987/287 1050/1988/416

f 1050/1989/416 921/1990/287 922/1991/288

v 16.7647 27.2103 -23.571
f 1050/1992/416 922/1993/288 1051/1994/417

f 922/1995/288 923/1996/289 1051/1997/417

f 1051/1998/417 923/1999/289 942/2000/308

v 15.7691 27.2719 -23.3039
f 1051/2001/417 942/2002/308 1052/2003/418

v 15.5646 27.2298 -22.4735
f 1052/2004/418 942/2005/308 1053/2006/419

v 14.6721 27.4091 -23.0414
f 1053/2007/419 942/2008/308 1054/2009/420

f 942/2010/308 943/2011/309 1054/2012/420

f 943/2013/309 944/2014/310 1054/2015/420

v 13.6055 27.4461 -22.8283
f 1054/2016/420 944/2017/310 1055/2018/421

v 12.1793 27.6639 -23.0865
f 1055/2019/421 944/2020/310 1056/2021/422

v 12.4371 27.6696 -23.4367
f 944/2022/310 1057/2023/423 1056/2024/422

f 944/2025/310 945/2026/311 1057/2027/423

v 11.1281 27.7285 -23.4836
f 945/2028/311 1058/2029/424 1057/2030/423

f 945/2031/311 947/2032/313 1058/2033/424

f 1058/2034/424 947/2035/313 949/2036/315

v 10.8001 27.635 -22.9834
f 1058/2037/424 949/2038/315 1059/2039/425

v 9.12743 27.9412 -23.4381
f 949/2040/315 1060/2041/426 1059/2042/425

f 949/2043/315 950/2044/316 1060/2045/426

f 950/2046/316 952/2047/318 1060/2048/426

v 9.12243 27.6629 -23.1435
f 1061/2049/427 1060/2050/426 952/2051/318

v 10.3996 27.4054 -22.7181
f 1061/2052/427 1062/2053/428 1060/2054/426

v 10.8083 26.0008 -21.9104
f 1061/2055/427 1063/2056/429 1062/2057/428

v 9.87637 26.0605 -22.3688
f 1063/2058/429 1061/2059/427 1064/2060/430

v 9.37357 26.3368 -22.823
f 1064/2061/430 1061/2062/427 1065/2063/431

v 8.95896 27.1698 -23.325
f 1065/2064/431 1061/2065/427 1066/2066/432

f 1066/2067/432 1061/2068/427 954/2069/320

f 953/2070/319 954/2071/320 1061/2072/427

f 952/2073/318 953/2074/319 1061/2075/427

f 954/2076/320 956/2077/322 1066/2078/432

f 1066/2079/432 956/2080/322 1065/2081/431

f 956/2082/322 957/2083/323 1065/2084/431

f 957/2085/323 958/2086/324 1065/2087/431

f 1065/2088/431 958/2089/324 984/2090/350

f 1065/2091/431 984/2092/350 1064/2093/430

v 10.5532 25.2129 -21.7855
f 1067/2094/433 1064/2095/430 984/2096/350

f 1063/2097/429 1064/2098/430 1067/2099/433

v 11.1447 24.3921 -21.0967
f 1063/2100/429 1067/2101/433 1068/2102/434

v 10.4602 24.0488 -21.579
f 1068/2103/434 1067/2104/433 1069/2105/435

f 984/2106/350 1069/2107/435 1067/2108/433

f 984/2109/350 985/2110/351 1069/2111/435

f 985/2112/351 986/2113/352 1069/2114/435

v 10.5637 23.2406 -21.285
f 1069/2115/435 986/2116/352 1070/2117/436

f 1070/2118/436 986/2119/352 987/2120/353

v 11.4288 23.0427 -20.7586
f 1070/2121/436 987/2122/353 1071/2123/437

f 987/2124/353 988/2125/354 1071/2126/437

v 11.6194 22.3287 -20.2927
f 1072/2127/438 1071/2128/437 988/2129/354

v 12.9348 23.1615 -20.1947
f 1072/2130/438 1073/2131/439 1071/2132/437

v 12.3357 22.1042 -19.9738
f 1072/2133/438 1074/2134/440 1073/2135/439

f 991/2136/357 1074/2137/440 1072/2138/438

v 13.6051 21.3246 -19.7159
f 991/2139/357 1075/2140/441 1074/2141/440

f 993/2142/359 1075/2143/441 991/2144/357

v 14.1759 19.9591 -19.8906
f 1075/2145/441 993/2146/359 1076/2147/442

v 13.7053 18.9772 -20.5505
f 1076/2148/442 993/2149/359 1077/2150/443

v 12.1785 18.6021 -20.95
f 993/2151/359 1078/2152/444 1077/2153/443

f 993/2154/359 994/2155/360 1078/2156/444

f 1078/2157/444 994/2158/360 997/2159/363

f 997/2160/363 994/2161/360 996/2162/362

v 13.1514 18.5549 -20.9746
f 997/2163/363 1079/2164/445 1078/2165/444

f 997/2166/363 998/2167/364 1079/2168/445

f 998/2169/364 1000/2170/366 1079/2171/445

f 999/2172/365 1000/2173/366 998/2174/364

f 1079/2175/445 1000/2176/366 1001/2177/367

v 14.6604 18.9272 -20.4857
f 1001/2178/367 1080/2179/446 1079/2180/445

f 1080/2181/446 1001/2182/367 1002/2183/368

v 15.7046 19.5287 -20.1129
f 1080/2184/446 1002/2185/368 1081/2186/447

f 1081/2187/447 1002/2188/368 1003/2189/369

v 16.1526 19.7631 -20.1519
f 1081/2190/447 1003/2191/369 1082/2192/448

v 18.8255 19.4753 -20.2676
f 1082/2193/448 1003/2194/369 1083/2195/449

f 1003/2196/369 1004/2197/370 1083/2198/449

v 22.1674 19.8275 -20.111
f 1083/2199/449 1004/2200/370 1084/2201/450

v 21.3202 19.1117 -20.5325
f 1004/2202/370 1085/2203/451 1084/2204/450

f 1004/2205/370 1005/2206/371 1085/2207/451

v 22.5337 19.0319 -20.4968
f 1085/2208/451 1005/2209/371 1086/2210/452

f 1005/2211/371 1006/2212/372 1086/2213/452

v 22.5305 18.5302 -20.9415
f 1006/2214/372 1087/2215/453 1086/2216/452

f 1006/2217/372 1007/2218/373 1087/2219/453

v 23.9854 18.7698 -20.7507
f 1087/2220/453 1007/2221/373 1088/2222/454

v 24.951 18.3527 -21.1102
f 1007/2223/373 1089/2224/455 1088/2225/454

f 1007/2226/373 1008/2227/374 1089/2228/455

f 1008/2229/374 1009/2230/375 1089/2231/455

v 25.6668 18.3848 -21.0854
f 1089/2232/455 1009/2233/375 1090/2234/456

f 1009/2235/375 1010/2236/376 1090/2237/456

v 27.2897 18.5757 -20.7901
f 1090/2238/456 1010/2239/376 1091/2240/457

f 1010/2241/376 1011/2242/377 1091/2243/457

f 1091/2244/457 1011/2245/377 1012/2246/378

v 28.2089 18.9077 -20.5329
f 1091/2247/457 1012/2248/378 1092/2249/458

v 29.1347 18.6836 -20.7462
f 1012/2250/378 1093/2251/459 1092/2252/458

f 1012/2253/378 1013/2254/379 1093/2255/459

f 1093/2256/459 1013/2257/379 1014/2258/380

v 29.1623 19.5016 -20.4329
f 1014/2259/380 1094/2260/460 1093/2261/459

f 1015/2262/381 1094/2263/460 1014/2264/380

f 1015/2265/381 1017/2266/383 1094/2267/460

v 30.8468 20.438 -20.7012
f 1017/2268/383 1095/2269/461 1094/2270/460

v 31.3843 20.7932 -20.9856
f 1095/2271/461 1017/2272/383 1096/2273/462

f 1017/2274/383 1018/2275/384 1096/2276/462

v 31.9509 20.8468 -21.5533
f 1018/2277/384 1097/2278/463 1096/2279/462

f 1022/2280/388 1097/2281/463 1018/2282/384

v 32.1475 20.6688 -21.9273
f 1022/2283/388 1098/2284/464 1097/2285/463

v 32.1478 20.5407 -22.368
f 1022/2286/388 1099/2287/465 1098/2288/464

f 1023/2289/389 1099/2290/465 1022/2291/388

f 1023/2292/389 1024/2293/390 1099/2294/465

v 31.9212 21.4791 -22.42
f 1024/2295/390 1100/2296/466 1099/2297/465

f 1024/2298/390 1025/2299/391 1100/2300/466

f 1100/2301/466 1025/2302/391 1026/2303/392

v 31.9318 21.4544 -22.0548
f 1101/2304/467 1100/2305/466 1026/2306/392

f 1099/2307/465 1100/2308/466 1101/2309/467

f 1098/2310/464 1099/2311/465 1101/2312/467

f 1097/2313/463 1098/2314/464 1101/2315/467

v 31.686 21.6277 -21.5566
f 1097/2316/463 1101/2317/467 1102/2318/468

f 1101/2319/467 1026/2320/392 1102/2321/468

v 31.6718 22.8718 -21.9477
f 1102/2322/468 1026/2323/392 1103/2324/469

f 1026/2325/392 1027/2326/393 1103/2327/469

f 1027/2328/393 1030/2329/396 1103/2330/469

f 1103/2331/469 1030/2332/396 1031/2333/397

v 31.4012 23.0139 -21.4637
f 1103/2334/469 1031/2335/397 1104/2336/470

v 31.2489 23.8878 -21.2541
f 1104/2337/470 1031/2338/397 1105/2339/471

f 1031/2340/397 1032/2341/398 1105/2342/471

v 31.2894 24.8203 -21.6772
f 1105/2343/471 1032/2344/398 1106/2345/472

v 31.397 25.5384 -21.9029
f 1106/2346/472 1032/2347/398 1107/2348/473

v 32.0653 26.1087 -22.621
f 1032/2349/398 1108/2350/474 1107/2351/473

v 32.0759 25.2626 -22.8964
f 1032/2352/398 1109/2353/475 1108/2354/474

v 32.0045 24.6789 -22.7897
f 1032/2355/398 1110/2356/476 1109/2357/475

f 1032/2358/398 1033/2359/399 1110/2360/476

f 1033/2361/399 1109/2362/475 1110/2363/476

f 1033/2364/399 1034/2365/400 1109/2366/475

v 32.1551 25.9361 -22.9984
f 1109/2367/475 1034/2368/400 1111/2369/477

v 32.4698 26.6942 -23.1054
f 1111/2370/477 1034/2371/400 1112/2372/478

v 32.5389 27.2168 -23.5023
f 1034/2373/400 1113/2374/479 1112/2375/478

f 1113/2376/479 1034/2377/400 1035/2378/401

v 32.4242 27.8395 -23.5623
f 1114/2379/480 1113/2380/479 1035/2381/401

v 32.7751 27.9907 -23.3663
f 1114/2382/480 1115/2383/481 1113/2384/479

v 32.6404 28.0227 -23.367
f 1115/2385/481 1114/2386/480 1116/2387/482

v 32.0443 27.9061 -23.3444
f 1116/2388/482 1114/2389/480 1117/2390/483

v 31.4984 27.8346 -23.3426
f 1117/2391/483 1114/2392/480 1118/2393/484

v 31.1595 27.6323 -23.6213
f 1114/2394/480 1119/2395/485 1118/2396/484

f 1036/2397/402 1119/2398/485 1114/2399/480

v 30.1494 27.3737 -23.9433
f 1036/2400/402 1120/2401/486 1119/2402/485

f 1037/2403/403 1120/2404/486 1036/2405/402

v 28.955 27.4864 -23.6994
f 1120/2406/486 1037/2407/403 1121/2408/487

f 1121/2409/487 1037/2410/403 1038/2411/404

v 27.8102 27.1806 -23.8614
f 1121/2412/487 1038/2413/404 1122/2414/488

v 26.7298 26.983 -24.1994
f 1122/2415/488 1038/2416/404 1123/2417/489

f 1038/2418/404 1039/2419/405 1123/2420/489

f 1039/2421/405 1042/2422/408 1123/2423/489

f 1041/2424/407 1042/2425/408 1039/2426/405

v 25.7895 26.8599 -24.2364
f 1123/2427/489 1042/2428/408 1124/2429/490

f 1124/2430/490 1042/2431/408 1043/2432/409

f 1124/2433/490 1043/2434/409 1044/2435/410

v 25.8341 27.1775 -23.7967
f 1124/2436/490 1044/2437/410 1125/2438/491

v 24.9404 27.2285 -23.4431
f 1125/2439/491 1044/2440/410 1126/2441/492

f 1126/2442/492 1044/2443/410 1047/2444/413

v 25.0293 27.2911 -22.8146
f 1127/2445/493 1126/2446/492 1047/2447/413

v 25.5742 27.3323 -23.1327
f 1128/2448/494 1126/2449/492 1127/2450/493

f 1125/2451/491 1126/2452/492 1128/2453/494

v 25.8835 27.3814 -23.314
f 1129/2454/495 1125/2455/491 1128/2456/494

v 26.8762 27.3286 -23.4749
f 1130/2457/496 1125/2458/491 1129/2459/495

f 1123/2460/489 1125/2461/491 1130/2462/496

f 1123/2463/489 1124/2464/490 1125/2465/491

f 1122/2466/488 1123/2467/489 1130/2468/496

v 27.628 27.3708 -23.3034
f 1131/2469/497 1122/2470/488 1130/2471/496

v 28.6935 27.5979 -23.3264
f 1132/2472/498 1122/2473/488 1131/2474/497

f 1121/2475/487 1122/2476/488 1132/2477/498

v 29.43 27.6932 -23.2971
f 1121/2478/487 1132/2479/498 1133/2480/499

v 29.474 27.679 -22.9511
f 1133/2481/499 1132/2482/498 1134/2483/500

v 28.8388 27.4948 -22.5901
f 1134/2484/500 1132/2485/498 1135/2486/501

v 27.36 27.3934 -22.7945
f 1132/2487/498 1136/2488/502 1135/2489/501

f 1132/2490/498 1131/2491/497 1136/2492/502

f 1131/2493/497 1130/2494/496 1136/2495/502

f 1136/2496/502 1130/2497/496 1129/2498/495

v 25.8818 27.3576 -22.6631
f 1136/2499/502 1129/2500/495 1137/2501/503

f 1129/2502/495 1128/2503/494 1137/2504/503

f 1137/2505/503 1128/2506/494 1127/2507/493

v 25.7755 27.1994 -22.2408
f 1138/2508/504 1137/2509/503 1127/2510/493

v 26.7165 27.3055 -22.3036
f 1139/2511/505 1137/2512/503 1138/2513/504

f 1139/2514/505 1136/2515/502 1137/2516/503

v 27.8107 27.1518 -22.0053
f 1136/2517/502 1139/2518/505 1140/2519/506

v 27.1477 26.8308 -21.3596
f 1140/2520/506 1139/2521/505 1141/2522/507

v 26.0497 26.8143 -21.513
f 1141/2523/507 1139/2524/505 1142/2525/508

f 1139/2526/505 1138/2527/504 1142/2528/508

v 25.1211 27.1614 -22.2653
f 1138/2529/504 1143/2530/509 1142/2531/508

f 1138/2532/504 1127/2533/493 1143/2534/509

v 23.331 27.2068 -22.7708
f 1127/2535/493 1144/2536/510 1143/2537/509

f 1127/2538/493 1047/2539/413 1144/2540/510

f 1047/2541/413 1048/2542/414 1144/2543/510

v 19.6815 27.1998 -22.9648
f 1144/2544/510 1048/2545/414 1145/2546/511

f 1048/2547/414 1049/2548/415 1145/2549/511

f 1049/2550/415 1050/2551/416 1145/2552/511

v 18.8839 27.198 -22.6535
f 1050/2553/416 1146/2554/512 1145/2555/511

v 16.6356 27.3058 -23.1935
f 1050/2556/416 1147/2557/513 1146/2558/512

f 1050/2559/416 1051/2560/417 1147/2561/513

f 1147/2562/513 1051/2563/417 1052/2564/418

f 1147/2565/513 1052/2566/418 1053/2567/419

v 16.7217 27.2215 -22.5731
f 1147/2568/513 1053/2569/419 1148/2570/514

v 16.2537 26.9135 -21.7435
f 1148/2571/514 1053/2572/419 1149/2573/515

v 14.7668 26.9914 -21.8043
f 1149/2574/515 1053/2575/419 1150/2576/516

f 1053/2577/419 1054/2578/420 1150/2579/516

f 1054/2580/420 1055/2581/421 1150/2582/516

v 13.8812 27.11 -22.0533
f 1150/2583/516 1055/2584/421 1151/2585/517

v 13.0858 27.2876 -22.4043
f 1055/2586/421 1152/2587/518 1151/2588/517

f 1055/2589/421 1056/2590/422 1152/2591/518

v 12.1051 27.2923 -22.3847
f 1152/2592/518 1056/2593/422 1153/2594/519

f 1056/2595/422 1059/2596/425 1153/2597/519

f 1056/2598/422 1058/2599/424 1059/2600/425

f 1057/2601/423 1058/2602/424 1056/2603/422

f 1059/2604/425 1062/2605/428 1153/2606/519

f 1059/2607/425 1060/2608/426 1062/2609/428

v 13.0446 26.5756 -21.6096
f 1062/2610/428 1154/2611/520 1153/2612/519

f 1062/2613/428 1063/2614/429 1154/2615/520

v 12.1137 25.0649 -21.0031
f 1063/2616/429 1155/2617/521 1154/2618/520

f 1155/2619/521 1063/2620/429 1068/2621/434

v 11.7717 24.0254 -20.5298
f 1155/2622/521 1068/2623/434 1156/2624/522

v 10.8921 23.5586 -20.9899
f 1156/2625/522 1068/2626/434 1157/2627/523

f 1157/2628/523 1068/2629/434 1069/2630/435

f 1069/2631/435 1070/2632/436 1157/2633/523

f 1071/2634/437 1157/2635/523 1070/2636/436

f 1071/2637/437 1156/2638/522 1157/2639/523

f 1073/2640/439 1156/2641/522 1071/2642/437

v 13.2903 24.2268 -20.1555
f 1158/2643/524 1156/2644/522 1073/2645/439

v 13.1232 24.6147 -20.312
f 1158/2646/524 1159/2647/525 1156/2648/522

v 15.1323 25.5648 -20.5393
f 1159/2649/525 1158/2650/524 1160/2651/526

v 16.0416 24.3492 -20.1778
f 1160/2652/526 1158/2653/524 1161/2654/527

v 14.5502 22.8853 -19.8638
f 1158/2655/524 1162/2656/528 1161/2657/527

f 1162/2658/528 1158/2659/524 1073/2660/439

f 1074/2661/440 1162/2662/528 1073/2663/439

f 1075/2664/441 1162/2665/528 1074/2666/440

v 18.5587 22.5448 -19.7942
v 15.4912 21.8683 -19.7527
f 1163/2667/529 1162/2668/528 1075/2669/441 1164/2670/530 

f 1162/2671/528 1163/2672/529 1161/2673/527

v 18.8888 24.27 -20.1391
f 1163/2674/529 1165/2675/531 1161/2676/527

v 22.7113 23.7179 -19.9816
f 1163/2677/529 1166/2678/532 1165/2679/531

v 22.1201 21.9697 -19.7636
f 1167/2680/533 1166/2681/532 1163/2682/529

v 25.8352 22.027 -19.6718
f 1168/2683/534 1166/2684/532 1167/2685/533

v 25.7323 23.3822 -19.8178
f 1169/2686/535 1166/2687/532 1168/2688/534

v 22.8992 24.929 -20.3895
f 1166/2689/532 1169/2690/535 1170/2691/536

v 25.3283 24.7243 -20.2154
f 1170/2692/536 1169/2693/535 1171/2694/537

v 27.9296 25.4806 -20.3461
f 1169/2695/535 1172/2696/538 1171/2697/537

v 27.7571 23.2157 -19.8429
f 1173/2698/539 1172/2699/538 1169/2700/535

v 28.3783 24.7838 -20.1654
f 1173/2701/539 1174/2702/540 1172/2703/538

v 28.7731 23.1922 -20.0346
f 1174/2704/540 1173/2705/539 1175/2706/541

v 29.311 22.0182 -19.7775
f 1173/2707/539 1176/2708/542 1175/2709/541

v 28.2887 21.6438 -19.6059
f 1177/2710/543 1176/2711/542 1173/2712/539

f 1177/2713/543 1094/2714/460 1176/2715/542

v 27.9384 20.8767 -19.5579
f 1094/2716/460 1177/2717/543 1178/2718/544

f 1178/2719/544 1177/2720/543 1168/2721/534

f 1177/2722/543 1173/2723/539 1168/2724/534

f 1173/2725/539 1169/2726/535 1168/2727/534

v 25.9076 20.7608 -19.7668
f 1178/2728/544 1168/2729/534 1179/2730/545

v 23.7261 21.4962 -19.733
f 1168/2731/534 1180/2732/546 1179/2733/545

f 1168/2734/534 1167/2735/533 1180/2736/546

v 23.4974 20.5764 -19.8684
f 1180/2737/546 1167/2738/533 1181/2739/547

v 20.7085 20.8904 -19.8527
f 1181/2740/547 1167/2741/533 1182/2742/548

f 1167/2743/533 1163/2744/529 1182/2745/548

f 1182/2746/548 1163/2747/529 1164/2748/530

v 15.8366 20.7933 -19.839
f 1182/2749/548 1164/2750/530 1183/2751/549

f 1164/2752/530 1075/2753/441 1183/2754/549

f 1075/2755/441 1076/2756/442 1183/2757/549

f 1183/2758/549 1076/2759/442 1081/2760/447

f 1081/2761/447 1076/2762/442 1080/2763/446

f 1076/2764/442 1077/2765/443 1080/2766/446

f 1079/2767/445 1080/2768/446 1077/2769/443

f 1077/2770/443 1078/2771/444 1079/2772/445

f 1183/2773/549 1081/2774/447 1082/2775/448

v 18.7567 20.3326 -19.9485
f 1184/2776/550 1183/2777/549 1082/2778/448

f 1184/2779/550 1182/2780/548 1183/2781/549

f 1084/2782/450 1182/2783/548 1184/2784/550

f 1181/2785/547 1182/2786/548 1084/2787/450

v 24.2667 19.4982 -20.2094
f 1185/2788/551 1181/2789/547 1084/2790/450

f 1179/2791/545 1181/2792/547 1185/2793/551

f 1179/2794/545 1180/2795/546 1181/2796/547

v 25.8305 19.608 -20.1128
f 1186/2797/552 1179/2798/545 1185/2799/551

v 26.7465 19.9938 -19.7803
f 1187/2800/553 1179/2801/545 1186/2802/552

f 1187/2803/553 1178/2804/544 1179/2805/545

v 27.5759 19.9171 -19.7846
f 1188/2806/554 1178/2807/544 1187/2808/553

f 1094/2809/460 1178/2810/544 1188/2811/554

f 1092/2812/458 1094/2813/460 1188/2814/554

f 1092/2815/458 1093/2816/459 1094/2817/460

v 27.3027 19.1248 -20.2137
f 1092/2818/458 1188/2819/554 1189/2820/555

v 26.2442 18.9284 -20.381
f 1189/2821/555 1188/2822/554 1190/2823/556

f 1188/2824/554 1187/2825/553 1190/2826/556

f 1190/2827/556 1187/2828/553 1186/2829/552

v 25.7368 19.0118 -20.4535
f 1186/2830/552 1191/2831/557 1190/2832/556

f 1185/2833/551 1191/2834/557 1186/2835/552

f 1088/2836/454 1191/2837/557 1185/2838/551

f 1088/2839/454 1090/2840/456 1191/2841/557

f 1088/2842/454 1089/2843/455 1090/2844/456

f 1191/2845/557 1090/2846/456 1190/2847/556

f 1090/2848/456 1091/2849/457 1190/2850/556

f 1190/2851/556 1091/2852/457 1189/2853/555

f 1091/2854/457 1092/2855/458 1189/2856/555

f 1086/2857/452 1088/2858/454 1185/2859/551

f 1087/2860/453 1088/2861/454 1086/2862/452

f 1086/2863/452 1185/2864/551 1084/2865/450

f 1085/2866/451 1086/2867/452 1084/2868/450

f 1084/2869/450 1184/2870/550 1083/2871/449

f 1184/2872/550 1082/2873/448 1083/2874/449

f 1094/2875/460 1095/2876/461 1176/2877/542

v 30.3882 21.6473 -20.3285
f 1176/2878/542 1095/2879/461 1192/2880/558

v 31.1637 21.3573 -20.9248
f 1192/2881/558 1095/2882/461 1193/2883/559

f 1095/2884/461 1096/2885/462 1193/2886/559

f 1096/2887/462 1102/2888/468 1193/2889/559

f 1097/2890/463 1102/2891/468 1096/2892/462

v 31.175 22.4758 -20.9288
f 1102/2893/468 1194/2894/560 1193/2895/559

f 1102/2896/468 1103/2897/469 1194/2898/560

f 1194/2899/560 1103/2900/469 1104/2901/470

v 30.6341 23.1003 -20.7714
f 1194/2902/560 1104/2903/470 1195/2904/561

v 30.7835 23.6495 -20.7815
f 1195/2905/561 1104/2906/470 1196/2907/562

f 1104/2908/470 1105/2909/471 1196/2910/562

v 30.5884 24.1507 -20.7175
f 1105/2911/471 1197/2912/563 1196/2913/562

f 1106/2914/472 1197/2915/563 1105/2916/471

v 30.2942 25.2224 -21.214
f 1106/2917/472 1198/2918/564 1197/2919/563

v 30.5681 26.6388 -21.9427
f 1199/2920/565 1198/2921/564 1106/2922/472

v 28.5299 26.5791 -21.3874
f 1199/2923/565 1200/2924/566 1198/2925/564

v 30.3605 27.3067 -22.2853
f 1199/2926/565 1201/2927/567 1200/2928/566

v 31.6957 26.6285 -22.4094
f 1199/2929/565 1202/2930/568 1201/2931/567

f 1202/2932/568 1199/2933/565 1107/2934/473

f 1107/2935/473 1199/2936/565 1106/2937/472

f 1108/2938/474 1202/2939/568 1107/2940/473

v 32.5352 27.3091 -22.9598
f 1203/2941/569 1202/2942/568 1108/2943/474

v 32.4211 27.9163 -23.1106
f 1204/2944/570 1202/2945/568 1203/2946/569

f 1202/2947/568 1204/2948/570 1201/2949/567

v 31.1552 27.7374 -23.0036
f 1201/2950/567 1204/2951/570 1205/2952/571

f 1204/2953/570 1118/2954/484 1205/2955/571

f 1117/2956/483 1118/2957/484 1204/2958/570

f 1116/2959/482 1117/2960/483 1204/2961/570

v 32.7359 27.8111 -23.2346
f 1206/2962/572 1116/2963/482 1204/2964/570

f 1115/2965/481 1116/2966/482 1206/2967/572

f 1115/2968/481 1206/2969/572 1113/2970/479

v 32.6653 27.24 -23.2331
f 1207/2971/573 1113/2972/479 1206/2973/572

f 1112/2974/478 1113/2975/479 1207/2976/573

f 1112/2977/478 1207/2978/573 1203/2979/569

f 1207/2980/573 1206/2981/572 1203/2982/569

f 1204/2983/570 1203/2984/569 1206/2985/572

f 1108/2986/474 1112/2987/478 1203/2988/569

f 1111/2989/477 1112/2990/478 1108/2991/474

f 1109/2992/475 1111/2993/477 1108/2994/474

v 30.8215 27.7626 -23.2945
f 1205/2995/571 1118/2996/484 1208/2997/574

f 1118/2998/484 1119/2999/485 1208/3000/574

v 29.9376 27.6005 -23.6465
f 1119/3001/485 1209/3002/575 1208/3003/574

f 1119/3004/485 1120/3005/486 1209/3006/575

f 1209/3007/575 1120/3008/486 1121/3009/487

f 1133/3010/499 1209/3011/575 1121/3012/487

f 1208/3013/574 1209/3014/575 1133/3015/499

f 1208/3016/574 1133/3017/499 1134/3018/500

f 1205/3019/571 1208/3020/574 1134/3021/500

v 30.1402 27.5974 -22.628
f 1205/3022/571 1134/3023/500 1210/3024/576

f 1210/3025/576 1134/3026/500 1135/3027/501

v 29.0542 27.2341 -22.1651
f 1210/3028/576 1135/3029/501 1211/3030/577

f 1135/3031/501 1140/3032/506 1211/3033/577

f 1135/3034/501 1136/3035/502 1140/3036/506

f 1200/3037/566 1211/3038/577 1140/3039/506

f 1200/3040/566 1201/3041/567 1211/3042/577

f 1211/3043/577 1201/3044/567 1210/3045/576

f 1201/3046/567 1205/3047/571 1210/3048/576

f 1200/3049/566 1140/3050/506 1141/3051/507

v 27.5052 26.0846 -20.6608
f 1212/3052/578 1200/3053/566 1141/3054/507

f 1172/3055/538 1200/3056/566 1212/3057/578

f 1174/3058/540 1200/3059/566 1172/3060/538

f 1200/3061/566 1174/3062/540 1198/3063/564

v 29.6521 24.2206 -20.2756
f 1198/3064/564 1174/3065/540 1213/3066/579

f 1213/3067/579 1174/3068/540 1175/3069/541

v 29.7544 23.139 -20.3271
f 1213/3070/579 1175/3071/541 1214/3072/580

v 30.2325 22.2969 -20.1664
f 1175/3073/541 1215/3074/581 1214/3075/580

f 1176/3076/542 1215/3077/581 1175/3078/541

f 1176/3079/542 1192/3080/558 1215/3081/581

f 1215/3082/581 1192/3083/558 1194/3084/560

f 1192/3085/558 1193/3086/559 1194/3087/560

f 1215/3088/581 1194/3089/560 1195/3090/561

f 1214/3091/580 1215/3092/581 1195/3093/561

f 1196/3094/562 1214/3095/580 1195/3096/561

f 1196/3097/562 1213/3098/579 1214/3099/580

f 1197/3100/563 1213/3101/579 1196/3102/562

f 1197/3103/563 1198/3104/564 1213/3105/579

f 1171/3106/537 1172/3107/538 1212/3108/578

v 25.2856 25.6983 -20.7064
f 1171/3109/537 1212/3110/578 1216/3111/582

v 26.4646 26.3467 -20.9505
f 1212/3112/578 1217/3113/583 1216/3114/582

f 1212/3115/578 1141/3116/507 1217/3117/583

f 1217/3118/583 1141/3119/507 1142/3120/508

v 25.3753 26.4461 -21.2358
f 1217/3121/583 1142/3122/508 1218/3123/584

v 25.1823 26.8881 -21.7643
f 1142/3124/508 1219/3125/585 1218/3126/584

f 1142/3127/508 1143/3128/509 1219/3129/585

v 23.6926 26.9799 -22.0534
f 1219/3130/585 1143/3131/509 1220/3132/586

f 1143/3133/509 1144/3134/510 1220/3135/586

v 22.7591 27.0645 -22.3361
f 1144/3136/510 1221/3137/587 1220/3138/586

f 1144/3139/510 1145/3140/511 1221/3141/587

f 1221/3142/587 1145/3143/511 1146/3144/512

v 19.8459 26.8528 -21.9549
f 1221/3145/587 1146/3146/512 1222/3147/588

v 18.476 26.9594 -22.0307
f 1222/3148/588 1146/3149/512 1223/3150/589

f 1146/3151/512 1148/3152/514 1223/3153/589

f 1146/3154/512 1147/3155/513 1148/3156/514

v 16.7149 26.9117 -21.9745
f 1223/3157/589 1148/3158/514 1224/3159/590

f 1224/3160/590 1148/3161/514 1149/3162/515

v 16.4193 26.2122 -21.1814
f 1224/3163/590 1149/3164/515 1225/3165/591

v 15.4726 26.2343 -20.9577
f 1149/3166/515 1226/3167/592 1225/3168/591

v 14.5437 26.5276 -21.1837
f 1227/3169/593 1226/3170/592 1149/3171/515

v 13.9533 25.6551 -20.6167
f 1227/3172/593 1228/3173/594 1226/3174/592

f 1150/3175/516 1228/3176/594 1227/3177/593

f 1154/3178/520 1228/3179/594 1150/3180/516

f 1154/3181/520 1155/3182/521 1228/3183/594

f 1155/3184/521 1159/3185/525 1228/3186/594

f 1159/3187/525 1155/3188/521 1156/3189/522

f 1228/3190/594 1159/3191/525 1160/3192/526

f 1228/3193/594 1160/3194/526 1226/3195/592

v 16.1707 25.4055 -20.6338
f 1160/3196/526 1229/3197/595 1226/3198/592

f 1160/3199/526 1161/3200/527 1229/3201/595

v 18.9644 25.2739 -20.5641
f 1161/3202/527 1230/3203/596 1229/3204/595

f 1165/3205/531 1230/3206/596 1161/3207/527

f 1230/3208/596 1165/3209/531 1170/3210/536

f 1165/3211/531 1166/3212/532 1170/3213/536

v 21.4851 26.1097 -21.1411
f 1230/3214/596 1170/3215/536 1231/3216/597

f 1231/3217/597 1170/3218/536 1216/3219/582

f 1170/3220/536 1171/3221/537 1216/3222/582

f 1231/3223/597 1216/3224/582 1218/3225/584

f 1216/3226/582 1217/3227/583 1218/3228/584

f 1231/3229/597 1218/3230/584 1219/3231/585

f 1219/3232/585 1220/3233/586 1231/3234/597

f 1220/3235/586 1222/3236/588 1231/3237/597

f 1220/3238/586 1221/3239/587 1222/3240/588

v 18.5197 26.281 -21.2329
f 1223/3241/589 1232/3242/598 1231/3243/597 1222/3244/588 

f 1223/3245/589 1224/3246/590 1232/3247/598

f 1232/3248/598 1224/3249/590 1225/3250/591

f 1225/3251/591 1230/3252/596 1232/3253/598

f 1229/3254/595 1230/3255/596 1225/3256/591

f 1226/3257/592 1229/3258/595 1225/3259/591

f 1230/3260/596 1231/3261/597 1232/3262/598

f 1154/3263/520 1150/3264/516 1151/3265/517

f 1152/3266/518 1154/3267/520 1151/3268/517

f 1153/3269/519 1154/3270/520 1152/3271/518

f 1227/3272/593 1149/3273/515 1150/3274/516

f 1035/3275/401 1036/3276/402 1114/3277/480

f 1021/3278/387 1022/3279/388 1018/3280/384

f 1019/3281/385 1021/3282/387 1018/3283/384

f 989/3284/355 991/3285/357 1072/3286/438

f 989/3287/355 1072/3288/438 988/3289/354

f 859/3290/225 860/3291/226 995/3292/361

f 995/3293/361 849/3294/215 859/3295/225

f 848/3296/214 849/3297/215 995/3298/361

f 846/3299/212 848/3300/214 995/3301/361

f 847/3302/213 848/3303/214 846/3304/212

f 846/3305/212 995/3306/361 992/3307/358

f 846/3308/212 992/3309/358 845/3310/211

f 845/3311/211 992/3312/358 990/3313/356

f 978/3314/344 845/3315/211 990/3316/356

f 965/3317/331 971/3318/337 963/3319/329

f 968/3320/334 971/3321/337 965/3322/331

f 967/3323/333 968/3324/334 965/3325/331

f 966/3326/332 930/3327/296 929/3328/295

f 933/3329/299 930/3330/296 966/3331/332

f 964/3332/330 933/3333/299 966/3334/332

f 937/3335/303 933/3336/299 964/3337/330

f 961/3338/327 937/3339/303 964/3340/330

f 948/3341/314 937/3342/303 961/3343/327

f 951/3344/317 948/3345/314 961/3346/327

f 826/3347/192 893/3348/259 891/3349/257

f 826/3350/192 891/3351/257 825/3352/191

f 851/3353/217 854/3354/220 850/3355/216

f 851/3356/217 852/3357/218 854/3358/220

f 770/3359/136 773/3360/139 771/3361/137

g Mesh29 Component_277_1 Group1 Model

usemtl FrontColor
v 4.79395e-09 15 -31.9
vt 2.9 1
vn 0 0 1
v 4.79395e-09 14 -31.9
vt 2.9 0
v 2.1 14 -31.9
vt 5 0
v 2.1 15 -31.9
vt 5 1
f 1233/3362/599 1234/3363/599 1235/3364/599 1236/3365/599 

vt 0.1 1
vn -1 0 -0
v 0 15 -34.1
vt -2.1 1
v 0 14 -34.1
vt -2.1 0
vt 0.1 0
f 1233/3366/600 1237/3367/600 1238/3368/600 1234/3369/600 

v 2.1 15 -32
vn 0 1 -0
v 0.1 15 -32
vt 3 6.8485e-10
v 0.1 15 -34
vt 3 2
v 2.1 15 -34
vt 5 2
v 2.1 15 -32
v 2.2 15 -32
vt 5.1 3.38264e-09
v 2.2 15 -34.1
vt 5.1 2.1
vt 2.9 2.1
vt 2.9 -0.1
vt 5 -0.1
f 1239/3364/601 1240/3370/601 1241/3371/601 1242/3372/601 1243/3364/601 1244/3373/601 1245/3374/601 1237/3375/601 1233/3376/601 1236/3377/601 

v 2.1 14 -32
vt -5 0
vn 3.42425e-10 0 -1
v 0.1 14 -32
vt -3 0
vt -3 1
vt -5 1
f 1246/3378/602 1247/3379/602 1240/3380/602 1239/3381/602 

vt -3 6.8485e-10
vt -5 -0.1
vt -2.9 -0.1
vt -2.9 2.1
v 2.2 14 -34.1
vt -5.1 2.1
v 2.2 14 -32
vt -5.1 3.38264e-09
v 2.1 14 -32
v 2.1 14 -34
vt -5 2
v 0.1 14 -34
vt -3 2
f 1247/3382/70 1246/3378/70 1235/3383/70 1234/3384/70 1238/3385/70 1248/3386/70 1249/3387/70 1250/3378/70 1251/3388/70 1252/3389/70 

vt 0 0
vn 1 0 -0
vt 0 1
vt -0.1 1
vt -0.1 0
f 1246/3390/603 1239/3391/603 1236/3392/603 1235/3393/603 

vt 5.1 1
vn 3.38264e-08 0 1
vt 5.1 0
f 1244/3394/604 1239/3365/604 1246/3364/604 1249/3395/604 

vt -2 1
vn -1 0 3.37851e-08
vt 1.68925e-07 0
vt 1.68925e-07 1
f 1242/3396/605 1251/95/605 1246/3397/605 1239/3398/605 

vt 3 0
vn 2.63562e-08 0 1
vt 3 1
f 1252/3399/606 1251/3364/606 1242/3365/606 1241/3400/606 

vt -2.55266e-09 0
vn 1 0 -1.07917e-09
vt 2 1
vt -2.55266e-09 1
f 1247/3401/607 1252/98/607 1241/3402/607 1240/3403/607 

vt 2.1 1
vn 1 0 -2.63563e-08
vt -1.31035e-07 1
vt -1.31035e-07 0
vt 2.1 0
f 1245/3404/608 1244/3405/608 1249/3406/608 1248/3407/608 

vt -2.9 1
vn -2.28283e-09 0 -1
vt -5.1 1
vt -5.1 0
vt -2.9 0
f 1237/3408/609 1245/3409/609 1248/3410/609 1238/3411/609 

g Mesh30 Component_278_1 Group1 Model

v 7.1 27 -34
vt 2.93312e-11 1.46656e-11
vn 1.46656e-11 7.3328e-12 1
v 8.1 27 -34
vt 1 1.46656e-11
v 8.1 29 -34
vt 1 2
v 7.1 29 -34
vt 9.12451e-09 2
f 1253/3412/610 1254/3413/610 1255/3414/610 1256/3415/610 

v 8.1 27 -32
vt 7.88674e-10 -6.61209e-14
vn 1 6.61209e-14 -3.12407e-13
v 8.1 26.9 -32
vt 7.88674e-10 -0.1
v 8.1 26.9 -34.1
vt 2.1 -0.1
v 8.1 29.1 -34.1
vt 2.1 2.1
v 8.1 29.1 -32
vt -3.12407e-13 2.1
v 8.1 29 -32
vt -3.12407e-13 2
vt 2 -6.61209e-14
f 1257/3416/611 1258/3417/611 1259/3418/611 1260/3419/611 1261/3420/611 1262/3421/611 1255/8/611 1254/3422/611 

vt 1 0
vn 1.41014e-32 0 1
v 7.1 27 -32
vt 1.11258e-41 0
v 7.1 26.9 -32
vt 1.11258e-41 -0.1
vt 1 -0.1
f 1257/3423/612 1263/3424/612 1264/3425/612 1258/3426/612 

vt -7.88987e-10 0
vn -1 0 -1.41014e-32
v 7.1 26.9 -34
vt -2 -0.1
vt -7.88987e-10 -0.1
f 1263/3427/613 1253/95/613 1265/3428/613 1264/3429/613 

vn -1 4.31386e-09 1.55065e-11
vt -2 1.33785e-19
v 7.1 29 -32
vt 1.41034e-19 2
v 7.1 29.1 -32
vt 1.41034e-19 2.1
v 7.1 29.1 -34.1
vt -2.1 2.1
v 7.1 26.9 -34.1
vt -2.1 -0.1
f 1265/3428/614 1253/3430/614 1256/15/614 1266/3431/614 1267/3432/614 1268/3433/614 1269/3434/614 

vt -9.09518e-09 0
vt -9.09518e-09 2
vt -1 2
vt -1 0
f 1266/3435/70 1256/3436/70 1255/3437/70 1262/3438/70 

vt 9.09518e-09 2
vt 1 2.1
vt 9.09518e-09 2.1
f 1266/3439/612 1262/3414/612 1261/3440/612 1267/3441/612 

vn -6.72084e-25 1 -1.91222e-13
vt 9.0937e-09 2.1
vt 9.09518e-09 -4.01566e-13
vt 1 -4.01566e-13
f 1260/3440/615 1268/3442/615 1267/3443/615 1261/3444/615 

vt -1 2.1
vn -1.46656e-11 -7.3328e-12 -1
vt -1 -0.1
vt -2.93198e-11 -0.1
vt -9.1245e-09 2.1
f 1260/3445/616 1259/3446/616 1269/3447/616 1268/3448/616 

vt -1 7.88987e-10
vt 0 7.88987e-10
vt 0 2
vt 1.47793e-12 2.1
f 1259/3445/70 1258/3449/70 1264/3450/70 1265/3451/70 1269/3452/70 

g Mesh31 Component_277_2 Group1 Model

v 70.1 15 -31.9
v 70.1 14 -31.9
v 72.2 14 -31.9
v 72.2 15 -31.9
f 1270/3365/599 1271/3364/599 1272/3363/599 1273/3362/599 

v 70.1 15 -32
v 70.1 14 -32
f 1271/3393/600 1270/3392/600 1274/3391/600 1275/3390/600 

v 72.2 15 -34.1
v 70 15 -34.1
v 70 15 -32
v 70.1 15 -34
v 72.1 15 -34
v 72.1 15 -32
v 70.1 15 -32
f 1270/3377/601 1273/3376/601 1276/3375/601 1277/3374/601 1278/3373/601 1274/3364/601 1279/3372/601 1280/3371/601 1281/3370/601 1282/3364/601 

v 72.2 14 -34.1
f 1272/3369/603 1283/3368/603 1276/3367/603 1273/3366/603 

v 72.1 14 -34
v 70.1 14 -34
v 70 14 -32
v 70 14 -34.1
v 70.1 14 -32
v 72.1 14 -32
f 1284/3389/70 1285/3388/70 1275/3378/70 1286/3387/70 1287/3386/70 1283/3385/70 1272/3384/70 1271/3383/70 1288/3378/70 1289/3382/70 

vn -2.63562e-08 0 1
f 1280/3400/617 1279/3365/617 1285/3364/617 1284/3399/617 

vn 1 0 3.37851e-08
f 1274/3398/618 1275/3397/618 1285/95/618 1279/3396/618 

vn -3.42425e-10 0 -1
f 1274/3381/619 1281/3380/619 1289/3379/619 1275/3378/619 

vn -1 0 -1.07917e-09
f 1281/3403/620 1280/3402/620 1284/98/620 1289/3401/620 

vn -3.38264e-08 0 1
f 1286/3395/621 1275/3364/621 1274/3365/621 1278/3394/621 

vn -1 0 -2.63563e-08
f 1287/3407/622 1286/3406/622 1278/3405/622 1277/3404/622 

vn 2.28283e-09 0 -1
f 1283/3411/623 1287/3410/623 1277/3409/623 1276/3408/623 

g Mesh32 Component_278_2 Group1 Model

v 65.1 29 -34
vn -1.46656e-11 7.3328e-12 1
v 64.1 29 -34
v 64.1 27 -34
v 65.1 27 -34
f 1290/3415/624 1291/3414/624 1292/3413/624 1293/3412/624 

v 64.1 29 -32
v 65.1 29 -32
f 1294/3438/70 1291/3437/70 1290/3436/70 1295/3435/70 

vn -1 6.61209e-14 -3.12407e-13
v 64.1 29.1 -32
v 64.1 29.1 -34.1
v 64.1 26.9 -34.1
v 64.1 26.9 -32
v 64.1 27 -32
f 1292/3422/625 1291/8/625 1294/3421/625 1296/3420/625 1297/3419/625 1298/3418/625 1299/3417/625 1300/3416/625 

v 65.1 29.1 -32
vn -2.82028e-32 0 1
f 1301/3441/626 1296/3440/626 1294/3414/626 1295/3439/626 

vn 6.72084e-25 1 -1.91222e-13
v 65.1 29.1 -34.1
f 1296/3444/627 1301/3443/627 1302/3442/627 1297/3440/627 

v 65.1 26.9 -34.1
vn 1 4.31386e-09 1.55065e-11
v 65.1 26.9 -34
f 1303/3434/628 1302/3433/628 1301/3432/628 1295/3431/628 1290/15/628 1293/3430/628 1304/3428/628 

vn 1.46656e-11 -7.3328e-12 -1
f 1302/3448/629 1303/3447/629 1298/3446/629 1297/3445/629 

v 65.1 26.9 -32
f 1303/3452/70 1304/3451/70 1305/3450/70 1299/3449/70 1298/3445/70 

v 65.1 27 -32
f 1305/3429/603 1304/3428/603 1293/95/603 1306/3427/603 

f 1299/3426/626 1305/3425/626 1306/3424/626 1300/3423/626 

g Mesh33 Component_8_1 Group1 Model

usemtl Color_M00
v 70.1 10 -32
vt 4.54747e-13 0
vn 1 -1.26218e-29 -1.40929e-13
v 70.1 18 -32
vt 4.54747e-13 8
v 70.1 18 -2.19188e-09
vt -32 8
v 70.1 10 -2.19188e-09
vt -32 0
f 1307/3453/630 1308/3454/630 1309/3455/630 1310/3456/630 

v 2.1 18 -32
vt -28 8
vn -1.52883e-13 -3.15544e-30 -1
vt -96 8
vt -96 2.42712e-57
v 2.1 10 -32
vt -28 1.57083e-57
f 1311/3457/631 1308/3458/631 1307/3459/631 1312/3460/631 

vt -4.54747e-13 96
vn 1.26218e-29 1 -3.15544e-30
vt 1.13687e-13 28
v 2.1 18 -2.18116e-09
vt 32 28
vt 32 96
f 1308/3461/632 1311/3462/632 1313/3463/632 1309/3464/632 

v 2.1 10 -2.18116e-09
vt 32 0
vn -1 1.26218e-29 1.40929e-13
vt 32 8
vt 1.13687e-13 8
vt 1.13687e-13 0
f 1314/3465/633 1313/3466/633 1311/3467/633 1312/3468/633 

vt 28 1.12104e-43
vn 1.63215e-13 3.15544e-30 1
vt 96 1.12104e-43
vt 96 8
vt 28 8
f 1314/3469/634 1310/3470/634 1309/3471/634 1313/3472/634 

vt 4.54747e-13 96
vn -8.03204e-30 -1 3.15544e-30
vt -32 96
vt -32 28
vt -1.13687e-13 28
f 1307/3473/635 1310/3474/635 1314/3475/635 1312/3476/635 

