# Alias OBJ Model File
# Exported from SketchUp, (c) 2000-2012 Trimble Navigation Limited
# File units = inches

mtllib 5 BRAVADA armless sofa 72.mtl

g Mesh1 Group2 Group1 Model

usemtl _Color_M06_4
v 70.2 8 -32
vt 68 4.94862e-09
vn -7.27738e-11 -1.0592e-20 1
v 70.2 10 -32
vt 68 2
v 2.2 10 -32
vt -1.48278e-19 2
v 2.2 8 -32
vt 2.91095e-10 -2.15816e-29
f 1/1/1 2/2/1 3/3/1 4/4/1 

vt 2.03767e-09 2
vn 1 7.27738e-11 7.27738e-11
vt 2.03767e-09 -2.76202e-17
v 70.2 8 -34
vt 2 -2.76096e-17
v 70.2 10 -34
vt 2 2
f 2/5/2 1/6/2 5/7/2 6/8/2 

vt -68 2
vn 7.27738e-11 -1 -0
vt -68 -2.91095e-09
vt -2.91095e-10 2.03752e-09
v 2.2 8 -34
vt -2.91095e-10 2
f 5/9/3 1/10/3 4/11/3 7/12/3 

vt -2.03752e-09 -2.11841e-20
vn -1 -7.27738e-11 -7.27738e-11
vt -2.03752e-09 2
v 2.2 10 -34
vt -2 2
vt -2 -1.0592e-20
f 4/13/4 3/14/4 8/15/4 7/16/4 

vt 68 -2.91095e-09
vn -7.27738e-11 1 -1.0592e-20
vt 4.36643e-10 2
vt 1.45548e-10 2.03752e-09
f 2/17/5 6/2/5 8/18/5 3/19/5 

vn 7.27738e-11 0 -1
vt -68 4.94862e-09
vt -1.45548e-10 0
vt -1.45548e-10 2
f 6/9/6 5/20/6 7/21/6 8/22/6 

g Mesh2 Group3 Group1 Model

v 70.2 8 -1.59872e-10
v 70.2 10 -1.59872e-10
v 2.2 10 -5.10835e-09
v 2.2 8 -5.10835e-09
f 9/1/1 10/2/1 11/3/1 12/4/1 

v 70.2 8 -2
v 70.2 10 -2
f 10/5/2 9/6/2 13/7/2 14/8/2 

v 2.2 8 -2
f 13/9/3 9/10/3 12/11/3 15/12/3 

v 2.2 10 -2
f 12/13/4 11/14/4 16/15/4 15/16/4 

f 10/17/5 14/2/5 16/18/5 11/19/5 

f 14/9/6 13/20/6 15/21/6 16/22/6 

g Mesh3 Group5 Group4 Group1 Model

v 16.325 10 -32
vt 0.75 30
vn 3.71259e-13 1 -2.27374e-13
v 15.575 10 -32
vt 1.28013e-11 30
v 15.575 10 -2
vt 1.84288e-11 -1.42109e-13
v 16.325 10 -2
vt 0.75 1.42109e-13
f 17/23/7 18/24/7 19/25/7 20/26/7 

vt -1.90425e-11 1.5
vn -1.89478e-13 -2.27374e-13 -1
vt -0.75 1.5
v 16.325 8.5 -32
vt -0.75 6.82121e-12
v 15.575 8.5 -32
vt -5.68434e-12 6.82121e-12
f 18/27/8 17/28/8 21/29/8 22/30/8 

vt 30 4.5775e-26
vn 1 -6.10333e-26 -1.89478e-13
vt 30 1.5
vt 3.41061e-13 1.5
v 16.325 8.5 -2
vt -1.42109e-13 6.82154e-12
f 21/31/9 17/32/9 20/33/9 23/34/9 

vt 0.75 1.5
vn 1.89478e-13 2.27374e-13 1
vt 1.89857e-11 1.5
v 15.575 8.5 -2
vt 5.6275e-12 6.82154e-12
vt 0.75 6.82154e-12
f 20/35/10 19/36/10 24/37/10 23/38/10 

vt -30 1.5
vn -1 8.90547e-12 1.89478e-13
vt -30 5.06217e-23
vt 1.06629e-24 6.82154e-12
vt -1.98952e-13 1.5
f 18/39/11 22/40/11 24/41/11 19/42/11 

vt 0 30
vn 0 -1 2.27374e-13
vt -0.75 30
vt -0.75 -1.55104e-24
vt -5.6275e-12 -1.55104e-24
f 22/43/12 21/44/12 23/45/12 24/46/12 

g Mesh4 Group6 Group4 Group1 Model

v 70.2 10 -18.5
vt -68 -8.0258e-12
vn -7.32874e-13 1.39466e-12 -1
v 2.2 10 -18.5
vt -7.32874e-13 6.59184e-12
v 2.2 10.125 -18.5
vt -7.89717e-13 0.125
v 70.2 10.125 -18.5
vt -68 0.125
f 25/47/13 26/48/13 27/49/13 28/50/13 

v 2.2 10 -17.5
vt -5.11591e-13 1.7053e-13
vn -2.35455e-13 -1 -1.39466e-12
vt 1.88046e-24 1
vt -68 1
v 70.2 10 -17.5
vt -68 2.07194e-11
f 29/51/14 26/52/14 25/53/14 30/54/14 

vt -1 7.9865e-12
vn -1 2.35455e-13 4.83169e-13
vt -1.7053e-13 7.9865e-12
v 2.2 10.125 -17.5
vt 2.47185e-25 0.125
vt -1 0.125
f 26/55/15 29/56/15 31/57/15 27/58/15 

vt 5.11591e-13 7.9865e-12
vn 7.33889e-13 -1.39466e-12 1
vt 68 -9.42002e-12
v 70.2 10.125 -17.5
vt 68 0.125
vt 5.11591e-13 0.125
f 29/59/16 30/60/16 32/61/16 31/62/16 

vt 2.07194e-11 6.59089e-12
vn 1 -2.35455e-13 -6.56759e-25
vt 1 9.37977e-12
vt 1 0.125
vt 2.05489e-11 0.125
f 30/63/17 25/64/17 28/65/17 32/66/17 

vt 2.74116e-14 1
vn 2.35455e-13 1 1.39466e-12
vt 4.82159e-13 1.74333e-13
vt 68 2.07232e-11
vt 68 1
f 27/67/18 31/68/18 32/69/18 28/70/18 

g Mesh5 Group7 Group4 Group1 Model

v 70.2 10 -7.5
v 2.2 10 -7.5
vt -7.32874e-13 6.59361e-12
v 2.2 10.125 -7.5
vt -7.32874e-13 0.125
v 70.2 10.125 -7.5
f 33/47/13 34/71/13 35/72/13 36/50/13 

v 2.2 10 -6.5
vt -4.54747e-13 1.7053e-13
vt 1.88088e-24 1
v 70.2 10 -6.5
f 37/73/14 34/74/14 33/53/14 38/54/14 

vt -1 7.98828e-12
vt -1.7053e-13 7.98828e-12
v 2.2 10.125 -6.5
f 34/75/15 37/76/15 39/57/15 35/58/15 

vt 4.54747e-13 7.98828e-12
v 70.2 10.125 -6.5
f 37/77/16 38/60/16 40/61/16 39/62/16 

f 38/63/17 33/64/17 36/65/17 40/66/17 

vt -2.94318e-14 1
f 35/78/18 39/68/18 40/69/18 36/70/18 

g Mesh6 Group8 Group4 Group1 Model

v 70.2 10 -29.5
v 2.2 10 -29.5
v 2.2 10.125 -29.5
v 70.2 10.125 -29.5
f 41/47/13 42/71/13 43/72/13 44/50/13 

v 2.2 10 -28.5
v 70.2 10 -28.5
f 45/73/14 42/74/14 41/53/14 46/54/14 

v 2.2 10.125 -28.5
f 42/75/15 45/76/15 47/57/15 43/58/15 

v 70.2 10.125 -28.5
f 45/77/16 46/60/16 48/61/16 47/62/16 

f 46/63/17 41/64/17 44/65/17 48/66/17 

f 43/78/18 47/68/18 48/69/18 44/70/18 

g Mesh7 Group9 Group4 Group1 Model

v 70.2 10 -13
v 2.2 10 -13
v 2.2 10.125 -13
v 70.2 10.125 -13
f 49/47/13 50/71/13 51/72/13 52/50/13 

v 2.2 10 -12
v 70.2 10 -12
f 53/73/14 50/74/14 49/53/14 54/54/14 

v 2.2 10.125 -12
f 50/75/15 53/76/15 55/57/15 51/58/15 

v 70.2 10.125 -12
f 53/77/16 54/60/16 56/61/16 55/62/16 

f 54/63/17 49/64/17 52/65/17 56/66/17 

f 51/78/18 55/68/18 56/69/18 52/70/18 

g Mesh8 Group10 Group4 Group1 Model

v 70.2 10 -24
v 2.2 10 -24
v 2.2 10.125 -24
v 70.2 10.125 -24
f 57/47/13 58/48/13 59/72/13 60/50/13 

v 2.2 10 -23
v 70.2 10 -23
f 61/73/14 58/52/14 57/53/14 62/54/14 

v 2.2 10.125 -23
f 58/55/15 61/56/15 63/57/15 59/58/15 

vt 4.54747e-13 7.9865e-12
v 70.2 10.125 -23
f 61/79/16 62/60/16 64/61/16 63/62/16 

f 62/63/17 57/64/17 60/65/17 64/66/17 

f 59/78/18 63/68/18 64/69/18 60/70/18 

g Mesh9 Group11 Group4 Group1 Model

v 29.825 10 -32
v 29.075 10 -32
v 29.075 10 -2
v 29.825 10 -2
f 65/23/7 66/24/7 67/25/7 68/26/7 

v 29.825 8.5 -32
v 29.075 8.5 -32
f 66/27/8 65/28/8 69/29/8 70/30/8 

v 29.825 8.5 -2
f 69/31/9 65/32/9 68/33/9 71/34/9 

v 29.075 8.5 -2
f 68/35/10 67/36/10 72/37/10 71/38/10 

f 66/39/11 70/40/11 72/41/11 67/42/11 

f 70/43/12 69/44/12 71/45/12 72/46/12 

g Mesh10 Group12 Group4 Group1 Model

v 43.325 10 -32
v 42.575 10 -32
v 42.575 10 -2
v 43.325 10 -2
f 73/23/7 74/24/7 75/25/7 76/26/7 

v 43.325 8.5 -32
v 42.575 8.5 -32
f 74/27/8 73/28/8 77/29/8 78/30/8 

v 43.325 8.5 -2
f 77/31/9 73/32/9 76/33/9 79/34/9 

v 42.575 8.5 -2
f 76/35/10 75/36/10 80/37/10 79/38/10 

f 74/39/11 78/40/11 80/41/11 75/42/11 

f 78/43/12 77/44/12 79/45/12 80/46/12 

g Mesh11 Group13 Group4 Group1 Model

v 56.825 10 -32
v 56.075 10 -32
v 56.075 10 -2
v 56.825 10 -2
f 81/23/7 82/24/7 83/25/7 84/26/7 

v 56.825 8.5 -32
v 56.075 8.5 -32
f 82/27/8 81/28/8 85/29/8 86/30/8 

v 56.825 8.5 -2
f 85/31/9 81/32/9 84/33/9 87/34/9 

v 56.075 8.5 -2
f 84/35/10 83/36/10 88/37/10 87/38/10 

f 82/39/11 86/40/11 88/41/11 83/42/11 

f 86/43/12 85/44/12 87/45/12 88/46/12 

g Mesh12 Group15 Group14 Group1 Model

v 72.2 8 -2
vt -2 8
vn 7.98737e-11 3.5552e-11 -1
v 72.2 2.83995e-11 -2
vt -2 -7.1104e-11
v 70.2 5.67991e-11 -2
vt 1.59747e-10 -4.27045e-11
v 70.2 8 -2
vt -1.31348e-10 8
f 89/80/19 90/81/19 91/82/19 92/83/19 

vt 2 8
vn 1 -1.41998e-11 7.98737e-11
v 72.2 10 -9.48205e-10
vt 1.59747e-10 10
v 72.2 2.83995e-11 -9.48205e-10
vt 1.59747e-10 2.83995e-11
vt 2 2.83995e-11
f 89/84/20 93/85/20 94/86/20 90/87/20 

vt -2 7.07107
vn 6.652e-11 0.707107 -0.707107
vt -2 4.24264
vt -1.02948e-10 4.24264
v 70.2 10 -1.10796e-09
vt 1.50291e-20 7.07107
f 93/88/21 89/89/21 92/90/21 95/91/21 

vt -1.59758e-10 10
vn -1 1.41998e-11 -7.98737e-11
vt -2 2.83995e-11
v 70.2 5.67991e-11 -1.10796e-09
vt -1.59758e-10 2.83995e-11
f 95/92/22 92/80/22 91/93/22 96/94/22 

vn -1.41998e-11 -1 -0
vt -2 0
vt 4.03267e-22 1.59758e-10
vt 4.03267e-22 2
f 90/15/23 94/95/23 96/96/23 91/97/23 

vt 2 0
vn -7.98737e-11 0 1
vt 2 10
vt -1.27605e-20 10
vt -1.27605e-20 2.83995e-11
f 94/98/24 93/99/24 95/100/24 96/101/24 

g Mesh13 Group16 Group14 Group1 Model

v 2.2 8 -2
v 2.2 2.83995e-11 -2
v 0.2 5.67991e-11 -2
v 0.2 8 -2
f 97/80/19 98/81/19 99/82/19 100/83/19 

v 2.2 10 -1.59758e-10
v 2.2 2.83995e-11 -1.59758e-10
f 97/84/20 101/85/20 102/86/20 98/87/20 

v 0.2 10 -3.19517e-10
f 101/88/21 97/89/21 100/90/21 103/91/21 

v 0.2 5.67991e-11 -3.19517e-10
f 103/92/22 100/80/22 99/93/22 104/94/22 

f 98/15/23 102/95/23 104/96/23 99/97/23 

f 102/98/24 101/99/24 103/100/24 104/101/24 

g Mesh14 Group17 Group14 Group1 Model

v 2.2 27 -32
vt -2 1.90653e-10
vn -9.10988e-12 -1 1.49214e-13
v 2.2 27 -34
v 70.2 27 -34
vt -70 2
v 70.2 27 -32
vt -70 1.42381e-09
f 105/102/25 106/15/25 107/103/25 108/104/25 

v 0.2 29 -34
vt -2 1.41421
vn -0.707107 -0.707107 1.77988e-11
vt -2 -1.41421
vt -1.4031e-10 -1.41421
v 0.2 29 -32
vt 1.76134e-21 1.41421
f 109/105/26 106/106/26 105/107/26 110/108/26 

vt -1.23598e-10 2
vn -6.1799e-11 -1.09808e-09 -1
v 72.2 29 -34
vt -72 2
vt -70 -1.06431e-10
vt -2 2.87297e-09
f 109/109/27 111/110/27 107/111/27 106/112/27 

vt -6.60846e-11 -1.27963e-09
vn 6.80294e-11 1 -6.39813e-10
v 72.2 29 -32
vt 72 2.23636e-08
vt 72 2
vt -1.36059e-10 2
f 110/113/28 112/114/28 111/115/28 109/116/28 

vt 2 6.57209e-10
vn 1.82113e-10 5.50719e-09 1
vt 70 2.76284e-10
vt 6.99742e-11 2
f 105/117/29 108/118/29 112/115/29 110/119/29 

vt -5.90577e-07 52.3259
vn 0.707107 -0.707107 -6.03221e-09
vt -5.95734e-07 49.4975
vt 2 49.4975
vt 2 52.3259
f 112/120/30 108/121/30 107/122/30 111/123/30 

v 72.2 27 -34
vt -72 2.76493e-10
vn -9.82027e-09 -1.28944e-09 -1
vt -70 2.76287e-10
f 113/124/31 107/125/31 111/110/31

g Mesh15 Group18 Group14 Group1 Model

v 72.2 8 -2
vt 2 -1.41421
vn 1.83939e-11 -0.707107 0.707107
v 72.2 10 -9.48205e-10
vt 2 1.41421
v 70.2 10 -1.04956e-09
vt 2.63646e-21 1.41421
v 70.2 8 -2
vt 3.43121e-10 -1.41421
f 114/126/32 115/127/32 116/128/32 117/129/32 

v 72.2 8 -34
vt 34 -8.99409e-19
vn 1 7.66853e-11 5.06724e-11
v 72.2 10 -32
vt 32 2
vt 1.01345e-10 2
vt 2 9.68857e-09
f 118/130/33 119/131/33 115/132/33 114/133/33 

vt -2 -21.2132
vn -1.83939e-11 0.707107 -0.707107
vt -2 -24.0416
v 70.2 8 -34
vt -2.76067e-09 -24.0416
v 70.2 10 -32
vt -2.49031e-09 -21.2132
f 119/134/34 118/135/34 120/136/34 121/137/34 

vt -2 34
vn 7.66853e-11 -1 3.02768e-10
vt -1.87623e-09 34
f 118/138/35 114/15/35 117/12/35 120/139/35 

vt -32 2
vn -1 -7.66853e-11 -5.06724e-11
vt -34 -1.17613e-20
vt -2 9.68857e-09
vt -1.01352e-10 2
f 121/140/36 120/141/36 117/142/36 116/143/36 

vt 2 -5.84154e-10
vn -7.66853e-11 1 -2.92077e-10
vt 2 32
vt 1.81127e-09 32
vt 1.53371e-10 -4.82802e-10
f 115/144/37 119/145/37 121/146/37 116/147/37 

g Mesh16 Group19 Group14 Group1 Model

vt -2 21
vn -1 3.60764e-10 -1.57005e-10
v 0.2 8 -34
vt -2 6.73694e-10
v 0.2 10 -32
vt -1.0192e-10 2
v 0.2 29 -32
vt -4.54122e-10 21
f 109/148/38 122/149/38 123/150/38 124/151/38 

vt -1.26215e-10 7.35471e-10
vn -6.31075e-11 -3.08887e-11 -1
vt -7.32117e-09 21
vt -2 19
v 2.2 8 -34
vt -2 6.17773e-11
f 122/152/39 109/153/39 106/154/39 125/155/39 

vt 4.54122e-10 14.8492
vn 0.707107 0.707107 -6.07783e-11
v 2.2 27 -32
vt -7.97069e-11 12.0208
vt 2 12.0208
vt 2 14.8492
f 124/156/40 126/157/40 106/158/40 109/159/40 

v 2.2 10 -32
vn -8.54601e-11 1.00409e-11 1
vt 2 19
vt 7.2821e-09 21
vt 6.36646e-12 2
f 127/8/41 126/160/41 124/161/41 123/162/41 

vt 2.01144e-10 19
vn 1 -3.94193e-10 5.44721e-11
vt 1.08944e-10 2
vt 2 7.88386e-10
f 126/163/42 127/164/42 125/165/42 106/160/42 

vt 6.36646e-12 1.41421
vn -1.46941e-10 -0.707107 0.707107
vt -4.15613e-10 -1.41421
f 123/166/43 122/167/43 125/126/43 127/127/43 

g Mesh17 Group20 Group14 Group1 Model

v 70.2 27 -34
vn -1 -3.49403e-12 7.20055e-11
v 70.2 8 -34
vt -2 -5.4747e-22
v 70.2 10 -32
vt 1.48741e-20 2
vt -1.43814e-09 19
f 128/154/44 129/168/44 130/169/44 108/170/44 

vt -2.97263e-11 1.1733e-10
vn -8.5251e-12 -5.86652e-11 -1
vt -1.70502e-11 19
v 72.2 29 -34
v 72.2 8 -34
vt -2 1.1733e-10
f 129/171/45 128/172/45 131/148/45 132/173/45 

vt -1.43814e-09 13.435
vn -0.707107 0.707107 -5.99654e-11
v 72.2 29 -32
vt -1.75918e-09 16.2635
vt -2 16.2635
vt -2 13.435
f 108/174/46 133/175/46 131/176/46 128/177/46 

v 72.2 10 -32
vn -4.18088e-12 8.40772e-11 1
vt 2 21
vt 8.7141e-11 19
vt 2.06569e-10 2
f 134/8/47 133/178/47 108/179/47 130/180/47 

vt 2 -1.9788e-12
vn 1 9.894e-13 -1.17475e-12
vt 1.58722e-09 21
vt -2.3495e-12 2
f 132/181/48 131/178/48 133/182/48 134/183/48 

vt 2.06569e-10 1.41421
vn -6.91469e-13 -0.707107 0.707107
vt 1.07203e-11 -1.41421
f 130/184/49 129/185/49 132/126/49 134/127/49 

g Mesh18 Group21 Group14 Group1 Model

v 2.2 8 -2
v 2.2 10 -1.59758e-10
v 0.2 10 -2.6111e-10
v 0.2 8 -2
f 135/126/32 136/127/32 137/128/32 138/129/32 

f 125/130/33 127/131/33 136/132/33 135/133/33 

v 0.2 8 -34
v 0.2 10 -32
f 127/134/34 125/135/34 139/136/34 140/137/34 

f 125/138/35 135/15/35 138/12/35 139/139/35 

f 140/140/36 139/141/36 138/142/36 137/143/36 

f 136/144/37 127/145/37 140/146/37 137/147/37 

g Mesh19 Group22 Group1 Model

v 70.2 19 -32
vt 4.86637e-10 2
vn 1 -1.73799e-11 1.73799e-11
v 70.2 17 -32
vt 4.86637e-10 4.86637e-10
v 70.2 17 -34
vt 2 4.86637e-10
v 70.2 19 -34
f 141/186/50 142/187/50 143/188/50 144/8/50 

vt 68 -6.95195e-10
vn -1.73799e-11 6.0412e-22 1
v 2.2 19 -32
vt 6.95195e-11 2
v 2.2 17 -32
vt -8.45867e-21 4.86644e-10
f 142/189/51 141/2/51 145/190/51 146/191/51 

vn 1.73799e-11 1 -0
v 2.2 19 -34
vt 3.47598e-11 2
vt 3.47598e-11 4.86693e-10
f 141/189/52 144/2/52 147/192/52 145/193/52 

vn 1.73799e-11 0 -1
vt -68 -6.95195e-10
v 2.2 17 -34
vt -3.47598e-11 4.86644e-10
vt -3.47598e-11 2
f 144/9/53 143/194/53 148/195/53 147/196/53 

vn -1.73799e-11 -1 -6.0412e-22
vt 8.45781e-21 4.86693e-10
vt -6.95195e-11 2
f 143/9/54 142/194/54 146/197/54 148/198/54 

vt -4.86693e-10 4.86644e-10
vn -1 1.73799e-11 -1.73799e-11
vt -4.86693e-10 2
vt -2 4.86644e-10
f 146/199/55 145/200/55 147/15/55 148/201/55 

g Mesh20 Group23 Group1 Model

v 70.2 8.85888e-08 -34
vt -14 2
vn -2.49571e-09 -1 -2.49571e-09
v 72.2 7.8606e-08 -34
vt -16 2
v 72.2 7.8606e-08 -32
vt -16 1.99654e-08
v 70.2 7.8606e-08 -32
vt -14 1.99654e-08
f 149/202/56 150/203/56 151/204/56 152/205/56 

v 70.2 8 -34
vt -14 8
vn 1.2457e-17 2.49567e-09 -1
v 72.2 8 -34
vt -16 8
vt -16 -4.99135e-09
vt -14 4.99149e-09
f 153/206/57 154/207/57 150/208/57 149/209/57 

vt 16 2
vn 2.49571e-09 1 2.49571e-09
vt 14 2
v 70.2 8 -32
vt 14 1.99657e-08
v 72.2 8 -32
vt 16 1.99657e-08
f 154/210/58 153/211/58 155/212/58 156/213/58 

vt 1.74397e-16 8
vn -1 2.49567e-09 1.2457e-17
vt -2 4.49223e-08
vt -1.99654e-08 3.49394e-08
f 155/214/59 153/80/59 149/215/59 152/216/59 

vt 16 8
vn -3.67595e-26 -2.49567e-09 1
vt 14 8
vt 14 -4.98271e-17
vt 16 -4.98271e-17
f 156/217/60 155/218/60 152/219/60 151/220/60 

vn 1 -2.49567e-09 -3.67595e-26
vt -5.88151e-25 8
vt 1.99654e-08 3.99308e-08
vt 2 3.99308e-08
f 154/84/61 156/221/61 151/222/61 150/223/61 

g Mesh21 Group24 Group1 Model

v 0.2 9.6534e-08 -34
vt 2.49143e-17 2
v 2.2 8.65512e-08 -34
v 2.2 8.65512e-08 -32
vt -2 1.99654e-08
v 0.2 8.65512e-08 -32
vt 0 1.99654e-08
f 157/224/56 158/15/56 159/225/56 160/226/56 

v 0.2 8 -34
vt -1.99654e-08 8
vn 1.24571e-17 2.49571e-09 -1
v 2.2 8 -34
vt -2 -4.99142e-09
vt 2.49143e-17 4.99142e-09
f 161/227/62 162/80/62 158/228/62 157/229/62 

vt -2.80479e-13 2
v 0.2 8 -32
vt -2.80454e-13 1.99657e-08
v 2.2 8 -32
vt 2 1.99657e-08
f 162/8/58 161/230/58 163/231/58 164/232/58 

vt 2.48712e-25 8
vn -1 2.49571e-09 1.24571e-17
vt -2 9.98284e-09
vt -1.99654e-08 6.20712e-34
f 163/233/63 161/80/63 157/234/63 160/235/63 

vn 0 -2.49571e-09 1
vt 1.99654e-08 8
vt 0 -4.98278e-17
vt 2 -4.98278e-17
f 164/84/64 163/236/64 160/237/64 159/238/64 

vn 1 -2.49571e-09 -0
vt 0 8
vt 1.99654e-08 4.99142e-09
vt 2 4.99142e-09
f 162/84/65 164/239/65 159/240/65 158/241/65 

g Mesh22 Component_38_1 Group1 Model

usemtl Color_M00
v 72.2 18 -32
vt 3.27598e-12 -4.54662e-12
vn 1 5.19573e-14 -9.57911e-14
v 72.2 31 -32
vt 3.27598e-12 13
v 72.2 31 -29.5
vt -2.5 13
v 72.2 30.9989 -29.4124
vt -2.58762 12.9989
v 72.2 30.9958 -29.3248
vt -2.67518 12.9958
v 72.2 30.9905 -29.2374
vt -2.76265 12.9905
v 72.2 30.9831 -29.15
vt -2.84996 12.9831
v 72.2 30.9737 -29.0629
vt -2.93707 12.9737
v 72.2 30.9621 -28.9761
vt -3.02393 12.9621
v 72.2 30.9484 -28.8895
vt -3.11048 12.9484
v 72.2 30.9327 -28.8033
vt -3.19668 12.9327
v 72.2 30.9149 -28.7175
vt -3.28247 12.9149
v 72.2 30.895 -28.6322
vt -3.36782 12.895
v 72.2 30.8731 -28.5473
vt -3.45266 12.8731
v 72.2 30.8492 -28.4631
vt -3.53694 12.8492
v 72.2 30.8232 -28.3794
vt -3.62063 12.8232
v 72.2 30.7952 -28.2963
vt -3.70367 12.7952
v 72.2 30.7653 -28.214
vt -3.78601 12.7653
v 72.2 30.7333 -28.1324
vt -3.8676 12.7333
v 72.2 30.6994 -28.0516
vt -3.9484 12.6994
v 72.2 30.6636 -27.9716
vt -4.02836 12.6636
v 72.2 30.6259 -27.8926
vt -4.10744 12.6259
v 72.2 30.5862 -27.8144
vt -4.18559 12.5862
v 72.2 30.5447 -27.7372
vt -4.26276 12.5447
v 72.2 30.5014 -27.6611
vt -4.3389 12.5014
v 72.2 30.4562 -27.586
vt -4.41399 12.4562
v 72.2 30.4092 -27.512
vt -4.48796 12.4092
v 72.2 30.3605 -27.4392
vt -4.56078 12.3605
v 72.2 30.31 -27.3676
vt -4.63241 12.31
v 72.2 30.2578 -27.2972
vt -4.7028 12.2578
v 72.2 30.204 -27.2281
vt -4.77191 12.204
v 72.2 30.1485 -27.1603
vt -4.83971 12.1485
v 72.2 30.0913 -27.0938
vt -4.90615 12.0913
v 72.2 30.0326 -27.0288
vt -4.9712 12.0326
v 72.2 29.9724 -26.9652
vt -5.03482 11.9724
v 72.2 29.9106 -26.903
vt -5.09696 11.9106
v 72.2 29.8473 -26.8424
vt -5.15761 11.8473
v 72.2 29.7827 -26.7833
vt -5.21671 11.7827
v 72.2 29.7166 -26.7258
vt -5.27424 11.7166
v 72.2 29.6491 -26.6698
vt -5.33016 11.6491
v 72.2 29.5803 -26.6156
vt -5.38444 11.5803
v 72.2 29.5102 -26.563
vt -5.43705 11.5102
v 72.2 29.4389 -26.512
vt -5.48796 11.4389
v 72.2 29.3664 -26.4629
vt -5.53713 11.3664
v 72.2 29.2927 -26.4155
vt -5.58455 11.2927
v 72.2 29.2179 -26.3698
vt -5.63018 11.2179
v 72.2 29.142 -26.326
vt -5.67399 11.142
v 72.2 29.0651 -26.284
vt -5.71597 11.0651
v 72.2 28.9872 -26.2439
vt -5.75608 10.9872
v 72.2 28.9084 -26.2057
vt -5.79431 10.9084
v 72.2 28.8286 -26.1694
vt -5.83062 10.8286
v 72.2 28.748 -26.135
vt -5.86501 10.748
v 72.2 28.6666 -26.1026
vt -5.89745 10.6666
v 72.2 18 -22
vt -10 -4.54662e-12
f 165/242/66 166/243/66 167/244/66 168/245/66 169/246/66 170/247/66 171/248/66 172/249/66 173/250/66 174/251/66 175/252/66 176/253/66 177/254/66 178/255/66 179/256/66 180/257/66 181/258/66 182/259/66 183/260/66 184/261/66 185/262/66 186/263/66 187/264/66 188/265/66 189/266/66 190/267/66 191/268/66 192/269/66 193/270/66 194/271/66 195/272/66 196/273/66 197/274/66 198/275/66 199/276/66 200/277/66 201/278/66 202/279/66 203/280/66 204/281/66 205/282/66 206/283/66 207/284/66 208/285/66 209/286/66 210/287/66 211/288/66 212/289/66 213/290/66 214/291/66 215/292/66 216/293/66 217/294/66 218/295/66 

v 0.2 31 -32
vt -55.9863 13
vn -1.42871e-13 -3.14908e-30 -1
vt -127.986 13
vt -127.986 2.10321e-12
v 0.2 18 -32
vt -55.9863 3.55271e-15
f 219/296/67 166/297/67 165/298/67 220/299/67 

vt -3.49729e-12 55.9863
vn 1.6068e-14 1 2.51532e-13
v 0.2 31 -29.5
vt 2.5 55.9863
vn 2.40729e-14 0.999982 0.00601808
vt 2.5 127.986
vt -7.68807e-13 127.986
f 219/300/68 221/301/69 167/302/69 166/303/68 

v 0.2 30.9958 -29.3248
vt 2.67518 12.9958
vn -1 1.09646e-16 1.41374e-13
v 0.2 30.9989 -29.4124
vt 2.58762 12.9989
vt 2.5 13
vt -2.02474e-13 13
vt -2.02474e-13 9.69137e-15
v 0.2 18 -22
vt 10 9.69137e-15
v 0.2 28.6666 -26.1026
vt 5.89745 10.6666
v 0.2 28.748 -26.135
vt 5.86501 10.748
v 0.2 28.8286 -26.1694
vt 5.83062 10.8286
v 0.2 28.9084 -26.2057
vt 5.79431 10.9084
v 0.2 28.9872 -26.2439
vt 5.75608 10.9872
v 0.2 29.0651 -26.284
vt 5.71597 11.0651
v 0.2 29.142 -26.326
vt 5.67399 11.142
v 0.2 29.2179 -26.3698
vt 5.63018 11.2179
v 0.2 29.2927 -26.4155
vt 5.58455 11.2927
v 0.2 29.3664 -26.4629
vt 5.53713 11.3664
v 0.2 29.4389 -26.512
vt 5.48796 11.4389
v 0.2 29.5102 -26.563
vt 5.43705 11.5102
v 0.2 29.5803 -26.6156
vt 5.38444 11.5803
v 0.2 29.6491 -26.6698
vt 5.33016 11.6491
v 0.2 29.7166 -26.7258
vt 5.27424 11.7166
v 0.2 29.7827 -26.7833
vt 5.21671 11.7827
v 0.2 29.8473 -26.8424
vt 5.15761 11.8473
v 0.2 29.9106 -26.903
vt 5.09696 11.9106
v 0.2 29.9724 -26.9652
vt 5.03482 11.9724
v 0.2 30.0326 -27.0288
vt 4.9712 12.0326
v 0.2 30.0913 -27.0938
vt 4.90615 12.0913
v 0.2 30.1485 -27.1603
vt 4.83971 12.1485
v 0.2 30.204 -27.2281
vt 4.77191 12.204
v 0.2 30.2578 -27.2972
vt 4.7028 12.2578
v 0.2 30.31 -27.3676
vt 4.63241 12.31
v 0.2 30.3605 -27.4392
vt 4.56078 12.3605
v 0.2 30.4092 -27.512
vt 4.48796 12.4092
v 0.2 30.4562 -27.586
vt 4.41399 12.4562
v 0.2 30.5014 -27.6611
vt 4.3389 12.5014
v 0.2 30.5447 -27.7372
vt 4.26276 12.5447
v 0.2 30.5862 -27.8144
vt 4.18559 12.5862
v 0.2 30.6259 -27.8926
vt 4.10744 12.6259
v 0.2 30.6636 -27.9716
vt 4.02836 12.6636
v 0.2 30.6994 -28.0516
vt 3.9484 12.6994
v 0.2 30.7333 -28.1324
vt 3.8676 12.7333
v 0.2 30.7653 -28.214
vt 3.78601 12.7653
v 0.2 30.7952 -28.2963
vt 3.70367 12.7952
v 0.2 30.8232 -28.3794
vt 3.62063 12.8232
v 0.2 30.8492 -28.4631
vt 3.53694 12.8492
v 0.2 30.8731 -28.5473
vt 3.45266 12.8731
v 0.2 30.895 -28.6322
vt 3.36782 12.895
v 0.2 30.9149 -28.7175
vt 3.28247 12.9149
v 0.2 30.9327 -28.8033
vt 3.19668 12.9327
v 0.2 30.9484 -28.8895
vt 3.11048 12.9484
v 0.2 30.9621 -28.9761
vt 3.02393 12.9621
v 0.2 30.9737 -29.0629
vt 2.93707 12.9737
v 0.2 30.9831 -29.15
vt 2.84996 12.9831
v 0.2 30.9905 -29.2374
vt 2.76265 12.9905
f 222/304/70 223/305/70 221/306/70 219/307/70 220/308/70 224/309/70 225/310/70 226/311/70 227/312/70 228/313/70 229/314/70 230/315/70 231/316/70 232/317/70 233/318/70 234/319/70 235/320/70 236/321/70 237/322/70 238/323/70 239/324/70 240/325/70 241/326/70 242/327/70 243/328/70 244/329/70 245/330/70 246/331/70 247/332/70 248/333/70 249/334/70 250/335/70 251/336/70 252/337/70 253/338/70 254/339/70 255/340/70 256/341/70 257/342/70 258/343/70 259/344/70 260/345/70 261/346/70 262/347/70 263/348/70 264/349/70 265/350/70 266/351/70 267/352/70 268/353/70 269/354/70 270/355/70 271/356/70 272/357/70 

vt 55.9863 -2.11666
vn 3.37896e-14 0.99971 0.0240701
vt 55.9863 -2.20428
vn 3.72001e-14 0.998841 0.0481263
vt 127.986 -2.20428
vt 127.986 -2.11666
f 223/358/71 222/359/72 169/360/72 168/361/71 

vt 55.9863 -1.88871
vt 55.9863 -1.97633
vn 4.0589e-14 0.997393 0.0721546
vt 127.986 -1.97633
vt 127.986 -1.88871
f 222/362/72 272/363/73 170/364/73 169/365/72 

vt 55.9863 -1.65965
vt 55.9863 -1.74727
vn 4.39543e-14 0.995368 0.0961411
vt 127.986 -1.74727
vt 127.986 -1.65965
f 272/366/73 271/367/74 171/368/74 170/369/73 

vt 55.9863 -1.42959
vt 55.9863 -1.51722
vn 4.72943e-14 0.992765 0.120072
vt 127.986 -1.51722
vt 127.986 -1.42959
f 271/370/74 270/371/75 172/372/75 171/373/74 

vt 55.9863 -1.19869
vt 55.9863 -1.28631
vn 5.06068e-14 0.989587 0.143933
vt 127.986 -1.28631
vt 127.986 -1.19869
f 270/374/75 269/375/76 173/376/76 172/377/75 

vt 55.9863 -0.967059
vt 55.9863 -1.05468
vn 5.389e-14 0.985836 0.167711
vt 127.986 -1.05468
vt 127.986 -0.967059
f 269/378/76 268/379/77 174/380/77 173/381/76 

vt 55.9863 -0.734847
vt 55.9863 -0.82247
vn 5.71419e-14 0.981514 0.191391
vt 127.986 -0.82247
vt 127.986 -0.734847
f 268/382/77 267/383/78 175/384/78 174/385/77 

vt 55.9863 -0.502183
vt 55.9863 -0.589807
vn 6.03607e-14 0.976623 0.214961
vt 127.986 -0.589807
vt 127.986 -0.502183
f 267/386/78 266/387/79 176/388/79 175/389/78 

vt 55.9863 -0.269203
vt 55.9863 -0.356827
vn 6.35446e-14 0.971166 0.238406
vt 127.986 -0.356827
vt 127.986 -0.269203
f 266/390/79 265/391/80 177/392/80 176/393/79 

vt 55.9863 -0.036042
vt 55.9863 -0.123665
vn 6.73979e-14 0.965146 0.261713
vt 127.986 -0.123665
vt 127.986 -0.036042
f 265/394/80 264/395/81 178/396/81 177/397/80 

vt 55.9863 0.197166
vt 55.9863 0.109542
vn 7.12722e-14 0.958567 0.284869
vt 127.986 0.109542
vt 127.986 0.197166
f 264/398/81 263/399/82 179/400/82 178/401/81 

vt 127.986 0.430284
vt 55.9863 0.430284
vt 55.9863 0.342661
vn 7.36339e-14 0.951432 0.307859
vt 127.986 0.342661
f 179/402/82 263/403/82 262/404/83 180/405/83 

vt 55.9863 0.663179
vt 55.9863 0.575556
vn 7.58938e-14 0.943746 0.330671
vt 127.986 0.575556
vt 127.986 0.663179
f 262/406/83 261/407/84 181/408/84 180/409/83 

vt 55.9863 0.895715
vt 55.9863 0.808092
vn 7.98175e-14 0.935513 0.353291
vt 127.986 0.808092
vt 127.986 0.895715
f 261/410/84 260/411/85 182/412/85 181/413/84 

vt 55.9863 1.12776
vt 55.9863 1.04013
vn 8.37531e-14 0.926739 0.375707
vt 127.986 1.04013
vt 127.986 1.12776
f 260/414/85 259/415/86 183/416/86 182/417/85 

vt 127.986 1.35917
vt 55.9863 1.35917
vt 55.9863 1.27155
vn 8.56998e-14 0.917427 0.397905
vt 127.986 1.27155
f 183/418/86 259/419/86 258/420/87 184/421/87 

vt 55.9863 1.58982
vt 55.9863 1.5022
vn 8.75398e-14 0.907583 0.419872
vt 127.986 1.5022
vt 127.986 1.58982
f 258/422/87 257/423/88 185/424/88 184/425/87 

vt 55.9863 1.81958
vt 55.9863 1.73196
vn 9.03286e-14 0.897214 0.441596
vt 127.986 1.73196
vt 127.986 1.81958
f 257/426/88 256/427/89 186/428/89 185/429/88 

vt 55.9863 2.04831
vt 55.9863 1.96068
vn 9.30651e-14 0.886325 0.463064
vt 127.986 1.96068
vt 127.986 2.04831
f 256/430/89 255/431/90 187/432/90 186/433/89 

vt 55.9863 2.27587
vt 55.9863 2.18825
vn 9.57477e-14 0.874922 0.484264
vt 127.986 2.18825
vt 127.986 2.27587
f 255/434/90 254/435/91 188/436/91 187/437/90 

vt 55.9863 2.50215
vt 55.9863 2.41452
vn 9.83748e-14 0.863012 0.505183
vt 127.986 2.41452
vt 127.986 2.50215
f 254/438/91 253/439/92 189/440/92 188/441/91 

vt 55.9863 2.72699
vt 55.9863 2.63937
vn 1.00945e-13 0.850602 0.525809
vt 127.986 2.63937
vt 127.986 2.72699
f 253/442/92 252/443/93 190/444/93 189/445/92 

vt 55.9863 2.95029
vt 55.9863 2.86266
vn 1.03457e-13 0.8377 0.546131
vt 127.986 2.86266
vt 127.986 2.95029
f 252/446/93 251/447/94 191/448/94 190/449/93 

vt 55.9863 3.17189
vt 55.9863 3.08427
vn 1.05908e-13 0.824312 0.566136
vt 127.986 3.08427
vt 127.986 3.17189
f 251/450/94 250/451/95 192/452/95 191/453/94 

vt 55.9863 3.39169
vt 55.9863 3.30407
vn 1.08298e-13 0.810446 0.585814
vt 127.986 3.30407
vt 127.986 3.39169
f 250/454/95 249/455/96 193/456/96 192/457/95 

vt 55.9863 3.60955
vt 55.9863 3.52192
vn 1.10626e-13 0.79611 0.605151
vt 127.986 3.52192
vt 127.986 3.60955
f 249/458/96 248/459/97 194/460/97 193/461/96 

vt 55.9863 3.82534
vt 55.9863 3.73771
vn 1.12889e-13 0.781314 0.624139
vt 127.986 3.73771
vt 127.986 3.82534
f 248/462/97 247/463/98 195/464/98 194/465/97 

vt 55.9863 4.03894
vt 55.9863 3.95131
vn 1.15087e-13 0.766064 0.642764
vt 127.986 3.95131
vt 127.986 4.03894
f 247/466/98 246/467/99 196/468/99 195/469/98 

vt 55.9863 4.25022
vt 55.9863 4.1626
vn 1.17219e-13 0.750371 0.661017
vt 127.986 4.1626
vt 127.986 4.25022
f 246/470/99 245/471/100 197/472/100 196/473/99 

vt 55.9863 4.45907
vt 55.9863 4.37144
vn 1.19282e-13 0.734243 0.678887
vt 127.986 4.37144
vt 127.986 4.45907
f 245/474/100 244/475/101 198/476/101 197/477/100 

vt 55.9863 4.66536
vt 55.9863 4.57773
vn 1.21276e-13 0.717689 0.696364
vt 127.986 4.57773
vt 127.986 4.66536
f 244/478/101 243/479/102 199/480/102 198/481/101 

vt 55.9863 4.86897
vt 55.9863 4.78134
vn 1.232e-13 0.700719 0.713437
vt 127.986 4.78134
vt 127.986 4.86897
f 243/482/102 242/483/103 200/484/103 199/485/102 

vt 55.9863 4.98216
vn 1.25053e-13 0.683344 0.730097
vt 127.986 4.98216
vt 127.986 5.06978
vt 55.9863 5.06978
f 241/486/104 201/487/104 200/488/103 242/489/103 

vt 55.9863 5.26768
vt 55.9863 5.18006
vn 1.26833e-13 0.665572 0.746333
vt 127.986 5.18006
vt 127.986 5.26768
f 241/490/104 240/491/105 202/492/105 201/493/104 

vt 55.9863 5.37493
vn 1.2854e-13 0.647415 0.762137
vt 127.986 5.37493
vt 127.986 5.46256
vt 55.9863 5.46256
f 239/494/106 203/495/106 202/496/105 240/497/105 

vt 55.9863 5.56667
vn 1.30172e-13 0.628883 0.7775
vt 127.986 5.56667
vt 127.986 5.65429
vt 55.9863 5.65429
f 238/498/107 204/499/107 203/500/106 239/501/106 

vt 55.9863 5.75515
vn 1.31729e-13 0.609986 0.792412
vt 127.986 5.75515
vt 127.986 5.84277
vt 55.9863 5.84277
f 237/502/108 205/503/108 204/504/107 238/505/107 

vt 55.9863 5.94027
vn 1.33209e-13 0.590736 0.806865
vt 127.986 5.94027
vt 127.986 6.0279
vt 55.9863 6.0279
f 236/506/109 206/507/109 205/508/108 237/509/108 

vt 55.9863 6.12193
vn 1.34612e-13 0.571144 0.82085
vt 127.986 6.12193
vt 127.986 6.20955
vt 55.9863 6.20955
f 235/510/110 207/511/110 206/512/109 236/513/109 

vt 55.9863 6.30001
vn 1.38111e-13 0.55122 0.83436
vt 127.986 6.30001
vt 127.986 6.38764
vt 55.9863 6.38764
f 234/514/111 208/515/111 207/516/110 235/517/110 

vt 55.9863 6.47442
vn 1.41563e-13 0.530977 0.847386
vt 127.986 6.47442
vt 127.986 6.56205
vt 55.9863 6.56205
f 233/518/112 209/519/112 208/520/111 234/521/111 

vt 55.9863 6.64505
vn 1.40557e-13 0.510427 0.859921
vt 127.986 6.64505
vt 127.986 6.73268
vt 55.9863 6.73268
f 232/522/113 210/523/113 209/524/112 233/525/112 

vt 55.9863 6.89943
vt 55.9863 6.81181
vn 1.39438e-13 0.48958 0.871958
vt 127.986 6.81181
vt 127.986 6.89943
f 232/526/113 231/527/114 211/528/114 210/529/113 

vt 55.9863 6.97459
vn 1.40444e-13 0.46845 0.88349
vt 127.986 6.97459
vt 127.986 7.06221
vt 55.9863 7.06221
f 230/530/115 212/531/115 211/532/114 231/533/114 

vt 55.9863 7.1333
vn 1.41368e-13 0.447049 0.894509
vt 127.986 7.1333
vt 127.986 7.22093
vt 55.9863 7.22093
f 229/534/116 213/535/116 212/536/115 230/537/115 

vt 55.9863 7.28786
vn 1.42211e-13 0.425389 0.905011
vt 127.986 7.28786
vt 127.986 7.37548
vt 55.9863 7.37548
f 228/538/117 214/539/117 213/540/116 229/541/116 

vt 55.9863 7.43817
vn 1.42971e-13 0.403482 0.914988
vt 127.986 7.43817
vt 127.986 7.52579
vt 55.9863 7.52579
f 227/542/118 215/543/118 214/544/117 228/545/117 

vt 55.9863 7.58414
vn 1.43649e-13 0.381341 0.924435
vt 127.986 7.58414
vt 127.986 7.67176
vt 55.9863 7.67176
f 226/546/119 216/547/119 215/548/118 227/549/118 

vt 55.9863 7.72569
vn 1.41531e-13 0.36459 0.931168
vt 127.986 7.72569
vt 127.986 7.81332
vt 55.9863 7.81332
f 225/550/120 217/551/120 216/552/119 226/553/119 

vt 55.9863 -3.58979
vn 1.391e-13 0.358979 0.933346
vt 127.986 -3.58979
vt 127.986 7.8386
vt 55.9863 7.8386
f 224/554/121 218/555/121 217/556/120 225/557/120 

vt 2.27374e-13 55.9863
vn -1.69561e-15 -1 2.39708e-28
vt -2.50111e-12 127.986
vt -10 127.986
vt -10 55.9863
f 220/558/122 165/559/122 218/560/122 224/561/122 

vt 55.9863 -2.34335
vt 55.9863 -2.43098
vt 127.986 -2.43098
vt 127.986 -2.34335
f 221/562/69 223/563/71 168/564/71 167/565/69 

g Mesh23 Component_37_1 Group1 Model

v 72.2 10 -32
vt 2.27374e-13 0
vn 1 -1.26218e-29 -1.40929e-13
v 72.2 18 -32
vt 2.27374e-13 8
v 72.2 18 -2.35135e-09
vt -32 8
v 72.2 10 -2.35135e-09
vt -32 0
f 273/566/123 274/567/123 275/568/123 276/569/123 

v 0.2 18 -32
vt -26 8
vn -1.52883e-13 -3.15544e-30 -1
vt -98 8
vt -98 4.96113e-57
v 0.2 10 -32
vt -26 2.82803e-57
f 277/570/124 274/571/124 273/572/124 278/573/124 

vt -2.27374e-13 98
vn 1.26218e-29 1 -3.15544e-30
vt 2.27374e-13 26
v 0.2 18 -2.34052e-09
vt 32 26
vt 32 98
f 274/574/125 277/575/125 279/576/125 275/577/125 

v 0.2 10 -2.34052e-09
vt 32 0
vn -1 1.26218e-29 1.40929e-13
vt 32 8
f 280/578/126 279/579/126 277/567/126 278/566/126 

vt 26 1.68156e-43
vn 1.63215e-13 3.15544e-30 1
vt 98 1.68156e-43
vt 98 8
vt 26 8
f 280/580/127 276/581/127 275/582/127 279/583/127 

vt 2.27374e-13 98
vn -8.03204e-30 -1 3.15544e-30
vt -32 98
vt -32 26
vt -2.27374e-13 26
f 273/584/128 276/585/128 280/586/128 278/587/128 

g Mesh24 Pillow_Abernathy_19_1 Pillow_Abernathy_SKU_EAN5489__31_1 Group1 Model

usemtl _Color_M03_1
v 46.5243 18.1506 -21.9741
vt 23.8917 -3.20779
vn 0.0132225 -0.959122 -0.282685
v 48.5252 18.162 -22.1614
vt 20.9649 -2.86698
vn 0.0503701 -0.806805 -0.588667
v 48.9129 18.1921 -21.7887
vt 20.374 -3.15141
vn 0.0461212 -0.995956 -0.0770967
f 281/588/129 282/589/130 283/590/131

v 46.4537 18.2004 -22.5348
vt 24.1847 -0.496362
vn 0.0193793 -0.643558 -0.765152
vt 21.1385 -0.872514
vt 24.0815 -1.01823
f 284/591/132 282/592/130 281/593/129

vt 24.1191 -0.789395
v 48.8486 18.2578 -22.5967
vt 20.5993 -0.613204
vn 0.08101 -0.593278 -0.800911
vt 21.0631 -1.07446
f 284/594/132 285/595/133 282/596/130

vt 24.151 0.102958
v 46.3343 18.4294 -23.0794
vt 24.3342 0.790114
vn 0.0339623 -0.428689 -0.902813
vt 20.6296 0.24114
f 284/597/132 286/598/134 285/599/133

v 45.7207 18.2624 -22.8273
vt 25.0403 -0.675862
vn 0.0209674 -0.532455 -0.846198
vt 24.158 -0.235091
vt 23.9444 -0.913409
f 287/600/135 286/601/134 284/602/132

v 45.7307 18.8938 -23.8454
vt 25.2316 2.29461
vn 0.0534679 -0.343052 -0.937793
vt 24.3336 1.14058
vt 25.2328 0.735362
f 288/603/136 286/604/134 287/605/135

vt 24.4 0.854644
v 46.1703 19.1662 -23.91
vt 23.7743 1.36145
vn 0.0471507 -0.31044 -0.949423
vt 23.4002 -0.212443
f 288/606/136 289/607/137 286/608/134

v 45.8693 19.9971 -24.5202
vt 24.7944 4.38986
vn 0.0263433 -0.253931 -0.966864
vt 24.3033 2.77226
vt 24.9427 2.28299
f 290/609/138 289/610/137 288/611/136

v 49.001 19.3427 -24.0151
vt 20.4285 3.68204
vn 0.0107903 -0.295399 -0.955313
vt 24.5914 3.34981
vt 25.037 4.98054
f 291/612/139 289/613/137 290/614/138

vt 20.4247 3.53765
v 48.8683 18.7702 -23.4944
vt 20.6149 2.36368
vn 0.0528256 -0.379538 -0.923667
vt 24.5871 3.19922
f 291/615/139 292/616/140 289/617/137

vt 20.4236 3.52895
v 51.5107 19.1388 -23.7721
vt 16.7298 3.08731
vn 0.00508325 -0.317576 -0.948219
vt 20.6134 2.35491
f 291/618/139 293/619/141 292/620/140

v 51.4205 20.0747 -24.4637
vt 16.8645 5.0118
vn 0.00728095 -0.253531 -0.9673
vt 16.722 3.17364
vt 20.4168 3.60733
f 294/621/142 293/622/141 291/623/139

v 53.3348 19.4908 -24.0983
vt 14.0639 4.02783
vn 0.000601453 -0.286926 -0.957953
vt 16.7493 3.3208
vt 16.8753 5.16017
f 295/624/143 293/625/141 294/626/142

vt 16.7374 3.11331
vt 14.056 3.8355
v 52.5528 18.5677 -23.226
vt 15.2025 1.92664
vn -0.0324886 -0.402118 -0.915011
f 293/627/141 295/628/143 296/629/144

vt 15.2275 2.07839
vt 14.0652 3.97765
v 54.2906 18.9168 -23.6279
vt 12.6666 2.81497
vn -7.37736e-05 -0.34125 -0.939972
f 296/630/144 295/631/143 297/632/145

v 55.9403 19.9658 -24.4406
vt 10.2233 4.83807
vn -0.01691 -0.256868 -0.966298
vt 12.6441 2.75851
vt 14.0532 3.90851
f 298/633/146 297/634/145 295/635/143

v 55.8558 18.992 -23.7341
vt 10.3595 3.03448
vn -0.0401818 -0.318685 -0.947009
vt 12.6622 2.87558
vt 10.2289 4.94055
f 299/636/147 297/637/145 298/638/146

vt 12.6551 2.60719
vt 10.3529 2.77361
v 55.7562 18.5418 -23.2167
vt 10.5001 1.79149
vn -0.0397648 -0.394804 -0.917905
f 297/639/145 299/640/147 300/641/148

vt 10.3505 3.29584
v 56.2642 18.4403 -23.2507
vt 9.79924 2.14744
vn -0.0315087 -0.402211 -0.915005
vt 10.5447 2.32191
f 299/642/147 301/643/149 300/644/148

vt 9.80242 2.00288
vt 10.3723 3.14215
v 56.7772 19.2483 -24.163
vt 8.99551 3.73105
vn -0.0299348 -0.292254 -0.955872
f 301/645/149 299/646/147 302/647/150

vt 8.96531 3.90345
vt 10.3499 3.33322
vt 10.1657 5.23485
f 302/648/150 299/649/147 298/650/146

vt 9.00465 3.77535
vt 10.2273 5.08635
v 57.974 20.0108 -24.6485
vt 7.23274 5.21925
vn 0.0429965 -0.244758 -0.96863
f 302/651/150 298/652/146 303/653/151

vt 7.23251 5.23019
vt 10.227 5.09767
v 55.8721 21.1293 -24.9499
vt 10.3138 7.23162
vn 0.00138398 -0.197244 -0.980353
f 303/654/151 298/655/146 304/656/152

vt 10.3252 7.16743
vt 10.2249 5.03407
v 53.7611 20.6436 -24.7453
vt 13.4301 6.2842
vn 0.00261335 -0.224775 -0.974407
f 304/657/152 298/658/146 305/659/153

vt 10.2288 5.0169
vt 14.0634 4.10674
vt 13.4307 6.27569
f 298/660/146 295/661/143 305/662/153

vt 14.0516 4.03538
vt 16.8696 5.15132
vt 13.4286 6.20713
f 295/663/143 294/664/142 305/665/153

vt 13.431 6.29773
vt 16.8745 5.25033
v 50.6824 21.1214 -24.9158
vt 17.958 7.16971
vn 0.00704053 -0.198784 -0.980018
f 305/666/153 294/667/142 306/668/154

vt 16.8688 5.22399
v 45.5276 20.9824 -24.9617
vt 25.539 6.92929
vn 0.0116658 -0.208009 -0.978057
vt 17.9564 7.14107
f 294/669/142 307/670/155 306/671/154

vt 16.8698 5.21674
vt 25.0352 5.11353
vt 25.5395 6.9242
f 294/672/142 290/673/138 307/674/155

vt 20.4243 3.68683
vt 25.0346 4.97912
vt 16.8692 5.08407
f 291/675/139 290/676/138 294/677/142

vt 25.5284 6.86466
vt 25.0193 5.05533
v 43.6409 20.4526 -24.8423
vt 28.3022 5.93087
vn -0.042918 -0.230482 -0.97213
f 307/678/155 290/679/138 308/680/156

vt 28.3076 5.91612
vt 25.0254 5.03772
v 44.2062 19.2231 -24.2182
vt 27.468 3.62913
vn -0.0212452 -0.308855 -0.950872
f 308/681/156 290/682/138 309/683/157

vt 24.9842 4.77759
vt 25.1636 2.67314
vt 27.4187 3.35523
f 290/684/138 288/685/136 309/686/157

vt 25.244 2.71876
v 44.6801 18.447 -23.3089
vt 26.7893 1.73556
vn -0.00193813 -0.451069 -0.892487
vt 27.4863 3.44197
f 288/687/136 310/688/158 309/689/157

vt 26.6194 0.434579
vt 25.1114 1.47404
vt 25.0616 -0.0844088
f 310/690/158 288/691/136 287/692/135

vt 26.8031 1.54099
vt 25.2833 0.919472
v 44.1665 18.1208 -22.2647
vt 27.5794 0.374097
vn 0.0310911 -0.763667 -0.644861
f 310/693/158 287/694/135 311/695/159

vt 27.477 -1.15099
vt 25.2067 -0.506351
v 45.5548 18.1599 -22.335
vt 25.4376 -1.01631
vn 0.0122661 -0.82741 -0.561464
f 311/696/159 287/697/135 312/698/160

vt 25.2565 0.104372
vt 24.1776 -0.201246
vt 25.4992 -0.400052
f 287/699/135 284/700/132 312/701/160

vt 25.3656 -2.02792
vt 24.0547 -1.7677
vt 23.9238 -2.28332
f 312/702/160 284/703/132 281/704/129

vt 25.552 0.777359
vt 24.1543 0.34108
v 45.9891 18.1665 -21.7761
vt 24.9514 0.237259
vn -0.00238521 -0.980929 0.194351
f 312/705/160 281/706/129 313/707/161

vt -15.8229 -19.1984
vt -15.2433 -18.6414
v 46.5201 18.2331 -21.5278
vt -15.5618 -18.4285
vn 0.00773865 -0.74234 0.669978
f 313/708/161 281/709/129 314/710/162

vt -24.1776 0.912243
vt -24.1493 0.530252
vt -20.6531 0.922014
f 314/711/162 281/712/129 283/713/131

vt -24.1753 1.31199
vt -20.6508 1.3129
v 48.8011 18.3338 -21.3668
vt -20.8352 1.69188
vn 0.0122907 -0.544246 0.838836
f 314/714/162 283/715/131 315/716/163

vt -20.6435 1.45356
v 51.1146 18.2389 -21.7669
vt -17.4114 1.67132
vn -0.0100021 -0.947333 0.320095
vt -20.8253 1.8338
f 283/717/131 316/718/164 315/719/163

vt 20.3479 -3.00446
v 51.2092 18.2404 -22.1839
vt 17.0028 -2.42035
vn -0.0181974 -0.796643 -0.604177
vt 17.1152 -2.79603
f 283/720/131 317/721/165 316/722/164

vt 20.6269 -0.855041
vt 17.1483 -1.1884
vt 20.5189 -1.6007
f 285/723/133 317/724/165 283/725/131

vt 20.5622 -0.855595
v 51.4344 18.3523 -22.6844
vt 16.7654 -0.569534
vn -0.00522187 -0.516097 -0.856514
vt 17.0763 -1.10113
f 285/726/133 318/727/166 317/728/165

vt 20.6277 0.514165
vt 20.6114 1.82711
vt 16.8259 0.723163
f 285/729/133 292/730/140 318/731/166

v 48.7812 18.4272 -23.0224
vt 15.688 -4.08297
vn 0.132461 -0.445991 -0.885181
vt 15.7977 -3.28535
vt 15.4064 -4.53876
f 319/732/167 292/733/140 285/734/133

vt 24.337 1.3007
vt 20.6148 2.06776
vt 20.7376 1.27206
f 286/735/134 292/736/140 319/737/167

vt 24.5975 3.20132
vt 20.6298 2.34466
vt 24.357 1.60155
f 289/738/137 292/739/140 286/740/134

vt 24.3403 0.799293
vt 20.7409 0.766184
vt 20.6371 0.240608
f 286/741/134 319/742/167 285/743/133

vt 20.6179 1.84902
v 51.3391 18.652 -23.2352
vt 16.9814 1.51856
vn -0.00296665 -0.398233 -0.917279
vt 16.8358 0.733421
f 292/744/140 320/745/168 318/746/166

vt 20.5961 2.11797
vt 16.7158 2.86798
vt 16.9571 1.81662
f 292/747/140 293/748/141 320/749/168

vt 17.0168 2.19557
vt 16.7537 3.24166
vt 15.2328 2.03704
f 320/750/168 293/751/141 296/752/144

vt 17.0243 2.06079
vt 15.2419 1.8851
vt 16.9046 1.27128
f 320/753/168 296/754/144 318/755/166

vt 16.8609 0.654526
vt 15.2147 1.31126
v 52.3241 18.1708 -22.2674
vt 15.5536 0.110057
vn -0.0521225 -0.699334 -0.712892
f 318/756/166 296/757/144 321/758/169

vt 14.6568 3.8606
vt 14.0229 4.93578
v 52.5424 18.2412 -22.6406
vt 14.2357 4.1174
vn -0.0374735 -0.573136 -0.818603
f 321/759/169 296/760/144 322/761/170

vt 15.1882 0.491384
vt 15.1832 1.33696
v 54.0003 18.4076 -22.88
vt 13.0482 0.898533
vn -0.0057543 -0.493448 -0.869756
f 322/762/170 296/763/144 323/764/171

vt 15.1604 1.38621
vt 12.6165 2.17977
vt 13.0221 0.964013
f 296/765/144 297/766/145 323/767/171

vt 13.1175 1.43974
vt 12.6722 2.64156
vt 10.5284 1.797
f 323/768/171 297/769/145 300/770/148

vt 13.1058 1.22249
vt 10.519 1.59524
v 55.8084 18.2113 -22.6439
vt 10.4513 0.751532
vn -0.0105608 -0.56753 -0.823285
f 323/771/171 300/772/148 324/773/172

vt 10.5137 2.46523
vt 9.77221 2.27457
vt 10.5164 1.61882
f 300/774/148 301/775/149 324/776/172

vt 10.4156 0.263784
vt 9.7476 0.996963
v 57.3033 18.245 -22.7338
vt 8.2172 0.367726
vn 0.00483777 -0.588121 -0.808759
f 324/777/172 301/778/149 325/779/173

vt 9.70585 0.947213
v 57.3254 18.5728 -23.4591
vt 8.15188 1.29635
vn 0.0348434 -0.420482 -0.906631
vt 8.16247 0.350533
f 301/780/149 326/781/174 325/782/173

vt 8.21097 2.08425
vt 9.77501 1.78339
v 57.6062 19.1793 -24.1223
vt 7.7857 3.38341
vn 0.0477385 -0.329273 -0.943027
f 326/783/174 301/784/149 327/785/175

vt 7.78325 3.33628
vt 9.76664 1.72892
vt 9.00187 3.47614
f 327/786/175 301/787/149 302/788/150

vt 7.77647 3.52147
vt 8.99583 3.65468
vt 7.23572 5.11294
f 327/789/175 302/790/150 303/791/151

v 59.1827 19.0052 -23.3516
vt 5.13176 2.49709
vn 0.0899908 -0.282962 -0.9549
vt 7.53108 3.03642
vt 7.06567 4.65153
f 328/792/176 327/793/175 303/794/151

v 58.2267 18.4755 -23.0738
vt 6.55009 1.13893
vn 0.0558211 -0.409049 -0.910804
vt 7.58563 2.75208
vt 5.19142 2.1905
f 329/795/177 327/796/175 328/797/176

vt 6.62152 1.16447
vt 7.97901 1.46637
vt 7.63749 2.79001
f 329/798/177 326/799/174 327/800/175

vt 8.0764 0.135798
vt 8.09085 1.08157
vt 6.74337 0.737725
f 325/801/173 326/802/174 329/803/177

vt 8.1215 0.348557
vt 6.78083 0.933292
v 58.5397 18.0797 -22.2433
vt 6.28199 -0.161612
vn -0.0529451 -0.587336 -0.80761
f 325/804/173 329/805/177 330/806/178

vt 6.39935 -0.00335756
vt 6.86197 1.10733
v 59.149 18.3367 -22.7858
vt 5.50465 0.716575
vn 0.00422302 -0.377951 -0.925816
f 330/807/178 329/808/177 331/809/179

vt 6.71719 1.58076
vt 5.33157 2.59655
vt 5.34473 1.24701
f 329/810/177 328/811/176 331/812/179

v 60.3559 18.0735 -22.5002
vt 3.68102 0.797743
vn 0.00504859 -0.37012 -0.92897
vt 5.46175 1.35056
vt 5.4234 2.69963
f 332/813/180 331/814/179 328/815/176

vt 5.54161 1.13511
vt 3.77236 0.546579
v 59.6874 17.9543 -22.2944
vt 4.75883 0.258731
vn -0.0457602 -0.499047 -0.865366
f 331/816/179 332/817/180 333/818/181

vt 4.71573 0.0522759
vt 3.73271 0.351717
v 60.7437 17.7248 -21.9199
vt 3.16202 -0.523534
vn -0.0791783 -0.678222 -0.730579
f 333/819/181 332/820/180 334/821/182

vt 3.29228 -0.483282
vt 3.8325 0.411098
v 61.6948 17.7082 -22.0422
vt 1.89026 -0.477463
vn 0.00983946 -0.385407 -0.922694
f 334/822/182 332/823/180 335/824/183

vt 1.60652 0.0650819
vt 3.59625 0.841481
vt 5.36155 2.72212
f 335/825/183 332/826/180 328/827/176

vt 1.50559 0.195743
vt 5.28657 2.81572
v 61.636 18.7711 -22.6594
vt 1.6356 2.2048
vn 0.140166 -0.202728 -0.969152
f 335/828/183 328/829/176 336/830/184

vt 1.62016 2.31249
vt 5.27191 2.91879
v 60.8656 19.9815 -23.385
vt 2.80028 4.5913
vn 0.157916 -0.220703 -0.962472
f 336/831/184 328/832/176 337/833/185

vt 5.13852 2.61318
v 59.3461 21.1639 -24.8
vt 5.08194 6.79114
vn 0.110102 -0.207399 -0.972041
vt 2.68716 4.31526
f 328/834/176 338/835/186 337/836/185

v 58.3254 20.7515 -24.852
vt 6.61024 6.12421
vn 0.0671803 -0.210247 -0.975337
vt 5.11197 6.82287
vt 5.1936 2.64533
f 339/837/187 338/838/186 328/839/176

vt 6.69991 6.55621
v 57.7942 22.3121 -25.1553
vt 7.47869 9.28829
vn 0.0314197 -0.163234 -0.986087
vt 5.19365 7.23749
f 339/840/187 340/841/188 338/842/186

vt 6.71712 6.55173
vt 10.325 7.22549
vt 7.49567 9.28388
f 339/843/187 304/844/152 340/845/188

vt 7.23563 5.22897
vt 10.3254 7.21742
vt 6.71766 6.54289
f 303/846/151 304/847/152 339/848/187

vt 4.86951 2.67687
vt 6.85316 4.78561
vt 6.37964 6.1162
f 328/849/176 303/850/151 339/851/187

vt 7.49391 9.27585
vt 10.3226 7.21668
v 55.7704 22.4563 -25.2616
vt 10.4716 9.55548
vn 0.00573811 -0.154817 -0.987927
f 340/852/188 304/853/152 341/854/189

vt 10.4728 9.56197
vt 10.3254 7.22308
v 53.0092 22.011 -25.1467
vt 14.5346 8.78061
vn 0.00318296 -0.179504 -0.983752
f 341/855/189 304/856/152 342/857/190

vt 10.3247 7.21955
vt 13.4309 6.34103
vt 14.533 8.77956
f 304/858/152 305/859/153 342/860/190

vt 14.5344 8.76606
vt 13.4293 6.32887
vt 17.9574 7.19556
f 342/861/190 305/862/153 306/863/154

vt 14.5346 8.77843
vt 17.9581 7.20916
v 48.8538 22.6114 -25.2848
vt 20.6453 9.84545
vn 0.00756089 -0.155242 -0.987848
f 342/864/190 306/865/154 343/866/191

vt 20.645 9.84214
vt 17.9569 7.20677
v 44.6153 21.9849 -25.2083
vt 26.8803 8.76821
vn -0.0102658 -0.170953 -0.985226
f 343/867/191 306/868/154 344/869/192

vt 17.9569 7.20619
vt 25.5395 6.99567
vt 26.8804 8.7677
f 306/870/154 307/871/155 344/872/192

vt 26.8809 8.77112
vt 25.5404 6.99883
vt 28.3161 6.07096
f 344/873/192 307/874/155 308/875/156

vt 28.2798 6.08475
v 42.3699 21.2708 -24.8739
vt 30.1489 7.48257
vn -0.0853115 -0.18846 -0.978368
vt 26.8417 8.7834
f 308/876/156 345/877/193 344/878/192

v 41.5557 20.3214 -23.9149
vt 30.8603 6.66574
vn -0.142368 -0.240759 -0.960087
vt 29.5545 8.59074
vt 27.7094 7.16142
f 346/879/194 345/880/193 308/881/156

vt 30.3611 6.79702
v 41.6499 21.5864 -24.6569
vt 30.1072 9.18422
vn -0.164796 -0.161377 -0.973036
vt 29.0295 8.70426
f 346/882/194 347/883/195 345/884/193

v 40.7519 21.3412 -23.9165
vt 30.9176 8.80405
vn -0.261988 -0.20069 -0.943973
vt 29.4815 9.43801
vt 29.7604 7.05362
f 348/885/196 347/886/195 346/887/194

vt 30.2961 7.63549
v 40.6144 22.1252 -23.9936
vt 30.4986 8.98633
vn -0.309033 -0.112401 -0.944386
vt 28.8568 8.26221
f 348/888/196 349/889/197 347/890/195

vt 27.5171 9.64737
vt 27.3257 8.29491
v 40.3386 21.2565 -23.3768
vt 28.0715 7.99643
vn -0.427327 -0.15268 -0.891112
f 349/891/197 348/892/196 350/893/198

v 40.4947 20.146 -23.2984
vt 27.6447 5.64125
vn -0.244636 -0.192343 -0.950346
vt 27.8829 7.54608
vt 27.137 7.84423
f 351/894/199 350/895/198 348/896/196

v 40.1797 18.981 -22.734
vt 29.8298 3.24063
vn -0.185129 -0.190896 -0.963995
v 39.9277 20.0775 -22.7142
vt 30.2339 5.09297
vn -0.536833 -0.0923517 -0.838619
vt 29.5191 7.28037
vt 29.2767 5.37608
f 352/897/200 353/898/201 350/899/198 351/900/199 

v 39.6615 19.0675 -22.2662
vt 31.1148 3.15152
vn -0.652453 -0.0322366 -0.757144
vt 30.6611 4.99083
vt 30.2563 3.13865
f 354/901/202 353/902/201 352/903/200

v 39.6437 19.7462 -22.1756
vt 23.6732 2.07683
vn -0.996542 0.0814206 -0.0165535
vt 23.0989 2.79497
vt 23.5271 0.949543
f 355/904/203 353/905/201 354/906/202

vt 19.1312 -0.774053
vt 19.6901 -1.50421
v 39.7443 20.1998 -22.1872
vt 19.6586 -0.71707
vn -0.98809 0.135659 -0.0726219
f 353/907/201 355/908/203 356/909/204

vt -13.9873 0.600445
vt -14.1053 -0.178427
v 39.87 20.1891 -21.7025
vt -13.5443 0.440762
vn -0.545263 0.1847 0.817664
f 356/910/204 355/911/203 357/912/205

vt -14.7004 1.56038
vt -15.2642 0.94371
v 39.6952 19.3153 -21.7283
vt -14.9562 0.0802884
vn -0.678021 0.214617 0.703013
f 357/913/205 355/914/203 358/915/206

vt -7.21751 3.73038
v 39.6461 19.204 -22.0213
vt -7.16702 2.76752
vn -0.991689 0.128639 0.0022593
vt -6.89705 2.87149
f 355/916/203 359/917/207 358/918/206

vt 5.0924 4.37986
vt 4.91966 3.25635
vt 5.1436 3.41704
f 355/919/203 354/920/202 359/921/207

vt 12.3299 -5.96212
vt 12.111 -6.12958
v 39.4016 18.5279 -21.9097
vt 12.4354 -7.18859
vn -0.967121 0.245228 -0.0673836
f 359/922/207 354/923/202 360/924/208

vt 9.20396 -7.20729
v 39.1452 17.7808 -21.9545
vt 9.44164 -9.58921
vn -0.515833 -0.0625899 -0.8544
vt 9.50044 -8.27446
f 354/925/202 361/926/209 360/927/208

vt 31.144 1.20133
vt 30.2854 1.18836
vt 31.8536 -1.08481
f 354/928/202 352/929/200 361/930/209

vt 34.8188 1.07849
vt 33.243 3.34645
v 40.2747 18.1095 -22.4089
vt 33.1281 1.76754
vn -0.0466751 -0.276173 -0.959974
f 361/931/209 352/932/200 362/933/210

vt 33.157 3.42918
v 42.4698 18.9624 -23.4731
vt 29.7375 3.60639
vn -0.0777656 -0.284495 -0.955518
vt 33.0458 1.85
f 352/934/200 363/935/211 362/936/210

vt 33.1698 3.63356
vt 31.0432 6.27665
vt 29.7503 3.81217
f 352/937/200 346/938/194 363/939/211

vt 32.5198 3.57145
vt 31.9902 5.71288
vt 30.3588 6.18651
f 352/940/200 351/941/199 346/942/194

vt 32.0529 5.89086
vt 31.5958 8.1049
vt 30.4218 6.36568
f 351/943/199 348/944/196 346/945/194

vt 29.5606 4.09984
vt 30.8365 6.57312
vt 27.6852 7.06626
f 363/946/211 346/947/194 308/948/156

vt 27.9044 6.94653
vt 27.144 4.63201
vt 29.756 3.96523
f 308/949/156 309/950/157 363/951/211

vt 27.317 4.67571
v 43.7244 18.5134 -23.2773
vt 28.1012 3.09006
vn -0.035155 -0.388607 -0.920733
vt 29.9196 3.97325
f 309/952/157 364/953/212 363/954/211

vt 27.4598 3.98637
vt 26.798 2.26602
vt 28.203 2.38109
f 309/955/157 310/956/158 364/957/212

v 43.1638 18.2538 -22.745
vt 29.0426 1.79345
vn 0.00887655 -0.492069 -0.870511
vt 28.1944 2.47989
vt 26.7901 2.35748
f 365/958/213 364/959/212 310/960/158

vt 28.1974 1.48856
vt 29.0228 0.774886
v 42.1914 18.288 -22.797
vt 30.4529 0.865494
vn -0.0182025 -0.377221 -0.925944
f 364/961/212 365/962/213 366/963/214

v 40.8948 17.901 -22.2044
vt 32.348 0.0301939
vn 0.0669681 -0.51261 -0.856006
vt 30.4432 0.961894
vt 29.0128 0.876864
f 367/964/215 366/965/214 365/966/213

vt 30.4746 1.62512
vt 32.3959 0.727885
vt 33.3018 1.17857
f 366/967/214 367/968/215 362/969/210

vt 32.2826 0.226249
v 39.896 17.6094 -22.0209
vt 33.7477 -0.339101
vn 0.0305212 -0.372785 -0.927415
vt 33.1988 0.655537
f 367/970/215 368/971/216 362/972/210

v 39.7682 17.4924 -21.8255
vt 33.0217 -4.64104
vn 0.195723 -0.828529 -0.524626
vt 32.8648 -4.33075
vt 31.4421 -3.66581
f 369/973/217 368/974/216 367/975/215

v 39.1203 17.4072 -21.7739
vt 34.7135 -2.41511
vn -0.238187 -0.491244 -0.837823
vt 33.589 -1.92932
vt 33.7653 -2.229
f 370/976/218 368/977/216 369/978/217

vt 33.2934 1.55535
vt 33.8669 0.574732
vt 35.017 0.153117
f 362/979/210 368/980/216 370/981/218

vt 34.9033 0.423159
vt 34.8531 1.11398
vt 33.1634 1.80522
f 370/982/218 361/983/209 362/984/210

vt 29.7591 2.29646
vt 29.845 1.60918
v 39.0272 17.6015 -21.7321
vt 29.9921 1.92769
vn -0.985254 0.0100678 0.170804
f 361/985/209 370/986/218 371/987/219

vt -9.97795 14.6687
vt -9.9897 14.318
v 39.1418 17.4706 -21.5877
vt -9.82451 14.3774
vn -0.149754 -0.180762 0.972059
f 371/988/219 370/989/218 372/990/220

vt -31.0972 -15.2296
vt -30.2636 -14.7407
vt -31.153 -15.0632
f 370/991/218 369/992/217 372/993/220

vt 20.6069 -28.0566
vt 20.1669 -27.2192
v 39.773 17.5147 -21.6579
vt 20.0522 -27.305
vn 0.203005 -0.610726 0.765377
f 372/994/220 369/995/217 373/996/221

vt 7.09998 -31.4497
vt 7.2394 -31.4169
v 40.6609 17.7546 -21.7732
vt 6.8034 -30.1032
vn 0.317849 -0.947691 -0.0292176
f 373/997/221 369/998/217 374/999/222

vt 29.3507 -13.2784
vt 27.9913 -12.0142
vt 28.1428 -12.6027
f 369/1000/217 367/1001/215 374/1002/222

vt 31.3728 -6.53216
vt 31.1152 -5.98187
v 41.6169 17.9138 -21.7728
vt 29.9968 -6.13642
vn 0.128088 -0.986106 -0.105777
f 374/1003/222 367/1004/215 375/1005/223

vt 30.6097 -5.62389
vt 31.7161 -5.39883
v 42.8585 18.0284 -22.1828
vt 28.8539 -4.95688
vn 0.0911302 -0.806944 -0.583555
f 375/1006/223 367/1007/215 376/1008/224

vt 32.1222 -1.99974
vt 28.8258 -1.01277
vt 29.2387 -1.72923
f 367/1009/215 365/1010/213 376/1011/224

vt 28.9054 -0.512098
vt 27.411 -0.990295
vt 29.3297 -1.22186
f 365/1012/213 311/1013/159 376/1014/224

vt 27.5025 -0.590816
vt 28.9857 -0.078956
vt 26.7655 0.601299
f 311/1015/159 365/1016/213 310/1017/158

vt 21.2754 -20.1048
vt 19.8418 -18.8088
v 43.5352 18.1263 -21.7999
vt 20.2987 -19.7106
vn 0.0917584 -0.962385 0.255724
f 376/1018/224 311/1019/159 377/1020/225

vt 27.5286 -7.10152
vt 26.6927 -6.53297
v 44.4881 18.1615 -21.802
vt 26.1516 -6.83386
vn 0.0306017 -0.98331 0.179344
f 377/1021/225 311/1022/159 378/1023/226

vt 26.8486 -5.94712
vt 24.8442 -5.54778
vt 26.3145 -6.26026
f 311/1024/159 312/1025/160 378/1026/226

vt 27.0423 -1.88128
vt 25.4799 -1.40357
vt 24.8343 -1.88909
f 378/1027/226 312/1028/160 313/1029/161

vt -27.0261 2.87665
vt -24.8181 2.86933
v 45.5475 18.3363 -21.2979
vt -25.4584 3.32526
vn 6.88976e-05 -0.575212 0.818005
f 378/1030/226 313/1031/161 379/1032/227

vt -25.0569 5.60845
vt -24.4604 5.09652
vt -23.6589 5.23253
f 379/1033/227 313/1034/161 314/1035/162

vt -25.551 2.54434
vt -24.1179 2.33919
v 46.4471 18.4479 -21.1065
vt -24.2307 2.78864
vn 0.00844593 -0.33202 0.943235
f 379/1036/227 314/1037/162 380/1038/228

vt -24.2018 3.03069
vt -24.0936 2.58014
vt -20.7392 2.80085
f 380/1039/228 314/1040/162 315/1041/163

vt -24.2322 2.76937
vt -20.7674 2.57474
v 48.8482 18.584 -20.9631
vt -20.7038 3.05796
vn 0.0046614 -0.254881 0.966961
f 380/1042/228 315/1043/163 381/1044/229

vt -20.7741 2.52339
v 51.2277 18.3879 -21.3664
vt -17.2065 2.65878
vn -0.0283777 -0.523136 0.851777
vt -20.7117 3.00676
f 315/1045/163 382/1046/230 381/1047/229

vt -20.8332 1.76091
vt -17.4185 1.61684
vt -17.2714 2.00566
f 315/1048/163 316/1049/164 382/1050/230

vt -16.8836 4.6528
v 52.1994 18.1856 -21.7759
vt -15.3031 4.41752
vn -0.0769945 -0.992594 0.0939595
vt -16.6707 5.00987
f 316/1051/164 383/1052/231 382/1053/230

vt 17.4525 0.960947
vt 17.2631 1.30435
vt 15.8748 0.708125
f 316/1054/164 317/1055/165 383/1056/231

vt 17.1588 2.43607
vt 15.5451 2.12295
vt 15.8146 1.74592
f 317/1057/165 321/1058/169 383/1059/231

vt 17.2819 1.05752
vt 16.9108 1.54895
vt 15.6443 0.915298
f 317/1060/165 318/1061/166 321/1062/169

vt 15.8738 0.684865
vt 15.6298 1.07886
v 52.8616 18.1593 -21.7414
vt 14.9164 0.494999
vn 0.0388334 -0.991169 0.126791
f 383/1063/231 321/1064/169 384/1065/232

vt 14.2967 -3.16014
vt 15.1423 -2.79312
v 53.6151 18.2181 -21.8921
vt 13.2153 -2.85888
vn 0.00610769 -0.890137 -0.455652
f 384/1066/232 321/1067/169 385/1068/233

vt 15.1187 -2.55545
vt 14.8455 -2.14487
vt 13.1914 -2.61137
f 321/1069/169 322/1070/170 385/1071/233

vt 14.8034 -2.20294
vt 12.712 -1.59363
vt 13.145 -2.6541
f 322/1072/170 323/1073/171 385/1074/233

vt 13.7835 1.52251
vt 13.0676 2.41668
v 54.96 18.1351 -22.3898
vt 11.7635 1.52202
vn -0.0395452 -0.716697 -0.696262
f 385/1075/233 323/1076/171 386/1077/234

vt 13.1222 1.19824
vt 10.4725 0.700563
vt 11.7268 0.454125
f 323/1078/171 324/1079/172 386/1080/234

vt 11.5043 -1.3079
vt 10.2756 -0.955581
v 55.4541 18.1186 -22.155
vt 10.7641 -1.4781
vn 0.00964483 -0.892252 -0.451435
f 386/1081/234 324/1082/172 387/1083/235

vt 10.85 -1.13006
vt 10.3472 -0.621318
v 57.1072 18.1406 -22.0553
vt 8.41656 -1.12174
vn -0.0188062 -0.908699 -0.417029
f 387/1084/235 324/1085/172 388/1086/236

vt 10.3766 -0.56731
vt 8.1804 -0.424151
vt 8.45261 -1.09287
f 324/1087/172 325/1088/173 388/1089/236

vt 8.64073 -0.274537
vt 8.31026 0.367394
v 58.7756 17.999 -21.6944
vt 6.21783 -0.874649
vn -0.172221 -0.985045 -0.0051378
f 388/1090/236 325/1091/173 389/1092/237

vt 8.34382 0.963957
vt 6.62889 0.125472
vt 6.36943 -0.45826
f 325/1093/173 330/1094/178 389/1095/237

vt 6.44094 0.950756
vt 6.56344 1.5777
v 59.8498 17.7891 -21.6382
vt 5.02516 0.1564
vn -0.190663 -0.974535 0.118022
f 389/1096/237 330/1097/178 390/1098/238

vt 6.61976 0.289748
vt 4.94805 -0.0209495
vt 4.80129 -0.749293
f 330/1099/178 333/1100/181 390/1101/238

vt 6.54754 0.543572
vt 5.61687 1.21636
vt 4.86259 0.315329
f 330/1102/178 331/1103/179 333/1104/181

vt 4.84818 -0.631932
vt 4.97634 0.0999127
vt 3.51358 -0.678482
f 390/1105/238 333/1106/181 334/1107/182

vt 4.99873 -0.45924
vt 3.68714 -0.710348
v 60.6633 17.787 -21.3995
vt 3.95422 -1.08298
vn -0.126064 -0.510259 0.850731
f 390/1108/238 334/1109/182 391/1110/239

vt 3.81627 1.63912
vt 3.37717 1.77095
v 61.3141 17.6002 -21.6063
vt 3.16239 0.870215
vn -0.179259 -0.827072 -0.532746
f 391/1111/239 334/1112/182 392/1113/240

vt 3.28986 -0.892309
vt 1.88784 -0.885334
vt 2.46852 -1.31993
f 334/1114/182 335/1115/183 392/1116/240

vt 2.72823 -0.852892
vt 2.1123 -0.469885
v 61.9848 17.5019 -21.706
vt 1.7434 -1.0262
vn -0.0946896 -0.775819 -0.62381
f 392/1117/240 335/1118/183 393/1119/241

v 62.6819 17.4447 -21.583
vt 0.250245 -1.1001
vn 0.245971 -0.933789 -0.259879
vt 1.27789 -0.94781
vt 1.71109 -0.439963
f 394/1120/242 393/1121/241 335/1122/183

vt 1.65333 1.98113
vt 2.08088 1.03432
v 62.3979 17.4893 -21.523
vt 1.99627 1.4508
vn -0.0245016 -0.414822 0.909573
f 393/1123/241 394/1124/242 395/1125/243

vt -0.864495 1.09616
vt -0.444666 1.03013
v 62.729 17.7546 -21.3609
vt -0.387608 1.54627
vn 0.217923 0.0776171 0.972875
f 395/1126/243 394/1127/242 396/1128/244

vt -1.07128 0.952812
v 62.873 17.5903 -21.5699
vt -0.817438 1.22599
vn 0.93368 -0.31582 0.168816
vt -1.08215 1.47198
f 394/1129/242 397/1130/245 396/1131/244

vt -1.01033 -0.976113
v 62.7528 17.6332 -21.828
vt -1.00011 -0.535902
vn 0.257198 -0.251744 -0.932992
vt -1.26341 -0.702227
f 394/1132/242 398/1133/246 397/1134/245

vt 0.0891063 -0.552714
vt 0.18341 -0.982827
vt 1.6527 -0.341681
f 398/1135/246 394/1136/242 335/1137/183

vt 0.0137126 0.00624877
vt 1.57948 0.200472
vt 1.69729 2.21028
f 398/1138/246 335/1139/183 336/1140/184

vt 1.22452 2.58724
v 62.5474 18.2549 -22.0385
vt -0.189546 1.53182
vn 0.37621 -0.0951005 -0.921641
vt -0.503038 0.417512
f 336/1141/184 399/1142/247 398/1143/246

vt 1.21015 2.60622
v 62.2665 19.0714 -22.3085
vt 0.221472 3.01246
vn 0.425839 -0.111853 -0.897859
vt -0.20379 1.55063
f 336/1144/184 400/1145/248 399/1146/247

vt 1.15982 2.48268
v 61.4 20.412 -23.2268
vt 1.56777 5.42799
vn 0.245021 -0.15961 -0.95629
vt 0.171206 2.88907
f 336/1147/184 401/1148/249 400/1149/248

vt 2.53905 4.7259
vt 1.72813 5.40902
vt 1.32986 2.46239
f 337/1150/185 401/1151/249 336/1152/184

vt 2.54392 4.7326
v 61.1815 20.9237 -23.4736
vt 2.07833 6.3549
vn 0.272099 -0.185068 -0.944305
vt 1.73293 5.41562
f 337/1153/185 402/1154/250 401/1155/249

v 60.4149 20.9985 -24.1428
vt 3.0283 6.55485
vn 0.223957 -0.219855 -0.949477
vt 1.77226 6.23245
vt 2.22193 4.60566
f 403/1156/251 402/1157/250 337/1158/185

vt 3.02441 6.57339
v 61.1953 21.9808 -23.8395
vt 1.81341 8.15287
vn 0.332751 -0.147507 -0.931407
vt 1.76832 6.25117
f 403/1159/251 404/1160/252 402/1161/250

v 60.2629 21.5577 -24.5126
vt 3.26535 7.56589
vn 0.176014 -0.15143 -0.97267
vt 1.75618 8.08903
vt 2.96321 6.50652
f 405/1162/253 404/1163/252 403/1164/251

vt 3.39822 7.95673
v 60.6581 22.5168 -24.2018
vt 2.70598 9.49725
vn 0.23166 -0.154435 -0.96046
vt 1.8889 8.47944
f 405/1165/253 406/1166/254 404/1167/252

v 59.7846 22.4044 -24.6458
vt 4.25181 9.43928
vn 0.143806 -0.174096 -0.974172
vt 2.90754 9.50028
vt 3.5808 7.95137
f 407/1168/255 406/1169/254 405/1170/253

v 60.8086 23.0388 -24.3718
vt 2.69319 9.96025
vn 0.264966 -0.199497 -0.943395
vt 2.88564 9.01843
vt 4.2299 8.95744
f 408/1171/256 406/1172/254 407/1173/255

vt 2.51161 8.8219
vt 2.34619 9.76884
v 61.3224 22.6219 -23.6044
vt 1.40496 8.82633
vn 0.363177 -0.137241 -0.921557
f 406/1174/254 408/1175/256 409/1176/257

vt 0.876406 9.47096
vt 1.83027 10.4007
v 61.632 22.7063 -23.1522
vt 0.27579 9.48293
vn 0.546414 -0.14183 -0.825419
f 409/1177/257 408/1178/256 410/1179/258

vt 0.555196 8.93879
vt 2.10519 9.86409
v 61.2681 23.421 -23.9983
vt 1.33775 10.4079
vn 0.360617 -0.157243 -0.919364
f 410/1180/258 408/1181/256 411/1182/259

vt 1.58391 10.8657
vt 2.35488 10.3268
v 60.6155 23.4903 -24.6006
vt 2.66525 11.158
vn 0.227726 -0.116589 -0.96672
f 411/1183/259 408/1184/256 412/1185/260

vt 3.0341 11.017
vt 2.72634 10.1848
v 59.6855 23.4079 -25.0534
vt 4.45901 11.0101
vn 0.12853 -0.153999 -0.979676
f 412/1186/260 408/1187/256 413/1188/261

vt 2.7494 10.1178
vt 4.29002 9.12096
vt 4.48124 10.9448
f 408/1189/256 407/1190/255 413/1191/261

vt 4.58683 10.9588
vt 4.40875 9.1336
v 58.8075 22.3557 -24.9528
vt 5.87168 9.14176
vn 0.0867828 -0.158369 -0.983559
f 413/1192/261 407/1193/255 414/1194/262

vt 5.87038 9.37587
vt 4.40745 9.36771
vt 3.71879 7.8879
f 414/1195/262 407/1196/255 405/1197/253

vt 5.1042 7.30088
vt 5.87394 9.37264
vt 3.72199 7.88521
f 338/1198/186 414/1199/262 405/1200/253

vt 7.44252 9.32323
vt 5.94068 9.33639
vt 5.16124 7.26826
f 340/1201/188 414/1202/262 338/1203/186

v 58.4146 23.9001 -25.3609
vt 6.52583 12.014
vn 0.0912168 -0.117732 -0.988847
vt 5.94002 9.27894
vt 7.44186 9.2658
f 415/1204/263 414/1205/262 340/1206/188

vt 4.66967 11.0863
vt 5.9645 9.27642
vt 6.54843 12.0119
f 413/1207/261 414/1208/262 415/1209/263

v 60.3172 24.6651 -24.4903
vt 3.50218 13.125
vn 0.154489 -0.0784506 -0.984875
vt 4.55238 11.111
vt 6.41996 12.059
f 416/1210/264 413/1211/261 415/1212/263

vt 3.03589 11.2075
vt 4.4608 11.2005
vt 3.38401 13.2004
f 412/1213/260 413/1214/261 416/1215/264

v 61.305 24.4411 -23.9067
vt 1.65506 12.6948
vn 0.252119 -0.116419 -0.960668
vt 2.86629 11.2567
vt 3.1759 13.2559
f 417/1216/265 412/1217/260 416/1218/264

vt 1.38422 12.6883
vt 1.54044 10.9788
vt 2.62142 11.2725
f 417/1219/265 411/1220/259 412/1221/260

vt 1.3072 10.9804
vt 1.13442 12.6883
v 61.677 24.2041 -23.4789
vt 0.499267 12.1607
vn 0.466877 -0.170247 -0.86778
f 411/1222/259 417/1223/265 418/1224/266

vt 1.31409 12.5154
v 61.4112 25.1937 -23.9297
vt 1.13324 13.7965
vn 0.231948 -0.149114 -0.961231
vt 0.677278 11.9897
f 417/1225/265 419/1226/267 418/1227/266

vt 1.8682 13.8723
vt 2.03958 12.5899
v 60.5844 26.2434 -24.2672
vt 3.08745 15.7514
vn 0.125919 -0.104846 -0.986484
f 419/1228/267 417/1229/265 420/1230/268

vt 2.74742 15.8368
vt 1.73546 12.6637
vt 3.25948 13.2161
f 420/1231/268 417/1232/265 416/1233/264

vt 3.14464 15.7824
vt 3.5995 13.1511
v 58.5537 25.9988 -24.7993
vt 6.17305 15.5238
vn 0.0874052 -0.0252278 -0.995853
f 420/1234/268 416/1235/264 421/1236/269

vt 6.03894 15.5478
vt 3.49248 13.1461
vt 6.41154 12.0836
f 421/1237/269 416/1238/264 415/1239/263

vt 6.25458 12.2014
v 57.9651 24.6164 -25.4268
vt 6.86985 13.4581
vn 0.0460734 -0.111846 -0.992657
vt 5.82118 15.6585
f 415/1240/263 422/1241/270 421/1242/269

vt 7.49486 9.2783
vt 7.2404 13.2607
vt 6.58017 12.027
f 340/1243/188 422/1244/270 415/1245/263

vt 7.49294 9.28749
vt 10.4706 9.56707
vt 7.23389 13.2696
f 340/1246/188 341/1247/189 422/1248/270

vt 10.4719 9.54225
v 55.3641 23.8534 -25.3355
vt 11.067 11.9345
vn -0.00951606 -0.11545 -0.993268
vt 7.24026 13.2492
f 341/1249/189 423/1250/271 422/1251/270

v 52.9214 24.0987 -25.2719
vt 14.6589 12.3344
vn 0.00246599 -0.104077 -0.994566
vt 11.0665 11.9311
vt 10.4703 9.53911
f 424/1252/272 423/1253/271 341/1254/189

vt 14.659 12.2292
v 55.317 24.9349 -25.1948
vt 11.1341 13.6335
vn -0.0181115 -0.0742329 -0.997076
vt 11.0671 11.8219
f 424/1255/272 425/1256/273 423/1257/271

v 51.5119 25.4581 -24.9722
vt 16.7342 14.3961
vn 0.000824867 -0.0182498 -0.999833
vt 11.1367 13.5517
vt 14.6588 12.1406
f 426/1258/274 425/1259/273 424/1260/272

vt 16.7311 14.2826
v 55.4012 25.8159 -24.9411
vt 11.0106 14.8871
vn -0.0286356 -0.00904544 -0.999549
vt 11.135 13.4286
f 426/1261/274 427/1262/275 425/1263/273

vt 16.7362 13.5585
v 55.2021 26.4073 -24.5912
vt 11.3182 15.1664
vn -0.0226515 0.0693871 -0.997333
vt 11.0189 14.1934
f 426/1264/274 428/1265/276 427/1266/275

vt 11.3288 14.811
vt 16.7364 13.1687
v 53.7088 26.5861 -24.3689
vt 13.5304 15.0782
vn -0.0130978 0.144249 -0.989455
f 428/1267/276 426/1268/274 429/1269/277

vt 13.4819 15.7371
vt 16.7228 13.8875
v 49.8635 26.4246 -24.4722
vt 19.139 15.4862
vn 0.0118378 0.125692 -0.991999
f 429/1270/277 426/1271/274 430/1272/278

v 48.493 26.5471 -24.4545
vt 21.1194 15.7234
vn 0.0208566 0.131625 -0.99108
vt 19.1056 15.5009
vt 16.7029 13.8821
v 48.5459 25.6432 -24.9825
vt 21.0627 14.2316
vn 0.0110029 -0.0105717 -0.999884
f 431/1273/279 430/1274/278 426/1275/274 432/1276/280 

vt 19.03 14.1505
vt 21.0392 14.411
v 49.7725 26.9448 -23.8988
vt 19.1234 15.058
vn 0.031455 0.372001 -0.927699
f 430/1277/278 431/1278/279 433/1279/281

vt 19.1431 14.8482
vt 21.0561 14.1931
v 48.4702 27.0406 -23.8886
vt 21.0538 15.0566
vn 0.0327054 0.406642 -0.913002
f 433/1280/281 431/1281/279 434/1282/282

vt 21.1109 14.7804
vt 21.1019 13.9169
v 46.732 26.9697 -24.0531
vt 23.6723 14.6922
vn 0.0393669 0.305208 -0.951472
f 434/1283/282 431/1284/279 435/1285/283

vt 21.1587 14.2989
v 46.7326 26.4795 -24.5158
vt 23.7484 14.1881
vn 0.0600161 0.0625699 -0.996234
vt 23.7448 15.02
f 431/1286/279 436/1287/284 435/1288/283

vt 21.1475 15.5821
vt 21.0807 14.0907
vt 23.7376 15.4817
f 431/1289/279 432/1290/280 436/1291/284

vt 21.0854 14.0956
v 46.4463 25.5564 -25.0369
vt 24.1743 13.9594
vn 0.0580533 -0.0360631 -0.997662
vt 23.7457 15.4802
f 432/1292/280 437/1293/285 436/1294/284

vt 24.1685 14.6359
vt 21.0793 14.765
v 49.0874 24.3294 -25.2798
vt 20.2934 12.5791
vn 0.00984963 -0.093263 -0.995593
f 437/1295/285 432/1296/280 438/1297/286

vt 20.2929 12.5826
vt 21.0784 14.7687
vt 16.7171 14.4386
f 438/1298/286 432/1299/280 426/1300/274

vt 20.2934 12.5743
vt 16.7179 14.431
vt 14.6554 12.1638
f 438/1301/286 426/1302/274 424/1303/272

vt 20.296 12.7213
vt 14.6576 12.3175
v 52.7243 23.218 -25.2991
vt 14.9508 10.8268
vn 0.00556382 -0.136411 -0.990637
f 438/1304/286 424/1305/272 439/1306/287

vt 14.9496 10.8413
vt 14.6551 12.3317
vt 10.4727 9.5272
f 439/1307/287 424/1308/272 341/1309/189

vt 14.5335 8.77868
vt 14.9504 10.868
vt 10.4717 9.5598
f 342/1310/190 439/1311/287 341/1312/189

vt 20.645 9.85051
vt 14.9501 10.8735
vt 14.5341 8.784
f 343/1313/191 439/1314/287 342/1315/190

vt 20.297 12.7253
vt 14.951 10.8331
vt 20.6453 9.80674
f 438/1316/286 439/1317/287 343/1318/191

vt 20.6427 9.84435
v 46.0781 23.4668 -25.3732
vt 24.7215 11.3302
vn 0.0167772 -0.133457 -0.990913
vt 20.2893 12.7623
f 343/1319/191 440/1320/288 438/1321/286

vt 26.8807 8.76984
vt 24.7259 11.3253
vt 20.6454 9.84382
f 344/1322/192 440/1323/288 343/1324/191

v 43.3269 23.3363 -25.3911
vt 28.7722 11.1222
vn -0.0341751 -0.1596 -0.98659
vt 24.7252 11.3319
vt 26.8806 8.77689
f 441/1325/289 440/1326/288 344/1327/192

v 45.1666 24.7302 -25.4463
vt 26.062 13.4864
vn 0.0192901 -0.11061 -0.993677
vt 24.7255 11.3197
vt 28.7725 11.1097
f 442/1328/290 440/1329/288 441/1330/289

vt 25.9416 13.689
v 46.2033 24.6134 -25.2904
vt 24.4122 13.4424
vn 0.0453173 -0.0889313 -0.995006
vt 24.6208 11.5126
f 442/1331/290 443/1332/291 440/1333/288

vt 25.9191 13.7591
v 45.5027 25.5012 -25.2682
vt 25.398 15.0297
vn 0.0445003 -0.0508876 -0.997712
vt 24.3901 13.5107
f 442/1334/290 444/1335/292 443/1336/291

v 43.9869 24.8382 -25.4191
vt 27.7977 13.4206
vn -0.0998209 -0.0387978 -0.994249
vt 25.5654 14.5191
vt 26.0631 13.2391
f 445/1337/293 444/1338/292 442/1339/290

v 44.5716 25.8505 -25.1645
vt 26.9363 15.0161
vn -0.101527 0.0422532 -0.993935
vt 25.5674 14.4385
vt 27.798 13.3366
f 446/1340/294 444/1341/292 445/1342/293

vt 26.8683 15.0385
v 46.2747 26.4037 -24.7405
vt 24.3398 15.9026
vn 0.0746269 0.0592604 -0.995449
vt 25.5096 14.4376
f 446/1343/294 447/1344/295 444/1345/292

vt 26.9148 14.3659
v 44.7873 26.494 -24.7292
vt 26.5828 15.428
vn -0.06242 0.119629 -0.990855
vt 24.3965 15.2594
f 446/1346/294 448/1347/296 447/1348/295

vt 16.9008 4.33233
vt 16.7355 3.23193
vt 16.9772 1.3598
f 448/1349/296 446/1350/294 445/1351/293

v 43.0669 26.0332 -24.7988
vt 29.1486 14.5218
vn -0.0471311 -0.0265599 -0.998536
vt 26.6259 15.3192
vt 27.7699 12.5745
f 449/1352/297 448/1353/296 445/1354/293

vt 29.141 14.2582
v 43.8987 26.6862 -24.5454
vt 27.9346 15.3562
vn -0.00882709 0.0986124 -0.995087
vt 26.6209 15.0637
f 449/1355/297 450/1356/298 448/1357/296

v 43.0989 26.9679 -24.2837
vt 29.1059 15.4061
vn 0.0121632 0.102827 -0.994625
vt 27.9147 14.9724
vt 29.1121 13.8647
f 451/1358/299 450/1359/298 449/1360/297

v 43.6132 27.2589 -23.929
vt 28.219 15.5966
vn 0.0570134 0.336159 -0.940078
vt 27.8327 14.5946
vt 28.9933 15.1046
f 452/1361/300 450/1362/298 451/1363/299

vt 26.5831 13.901
vt 27.884 14.246
vt 28.2851 15.2421
f 448/1364/296 450/1365/298 452/1366/300

v 45.2547 27.0431 -24.0591
vt 25.7928 15.1076
vn 0.0636738 0.400673 -0.914006
vt 26.5196 14.1601
vt 28.1947 15.5346
f 453/1367/301 448/1368/296 452/1369/300

vt 23.6445 14.7876
vt 24.3528 13.8074
vt 26.5368 14.0043
vt 25.8145 14.9552
f 435/1370/283 447/1371/295 448/1372/296 453/1373/301 

vt 22.8714 17.1491
vt 23.5739 17.0751
vt 22.7651 17.9743
f 436/1374/284 447/1375/295 435/1376/283

vt 22.6745 17.5758
vt 23.2313 16.0971
vt 23.3778 17.5103
f 436/1377/284 437/1378/285 447/1379/295

vt 24.0611 16.6802
vt 23.866 15.2729
vt 25.2697 15.2471
f 447/1380/295 437/1381/285 444/1382/292

vt 25.2626 15.2245
vt 23.8588 15.2497
vt 24.2651 13.6986
f 444/1383/292 437/1384/285 443/1385/291

vt 24.5292 13.0836
vt 24.1611 14.6443
vt 20.2894 12.5809
f 443/1386/291 437/1387/285 438/1388/286

vt 24.7253 11.2701
vt 24.5356 13.2019
vt 20.2948 12.7075
f 440/1389/288 443/1390/291 438/1391/286

vt 23.3507 11.2454
vt 25.5052 11.5543
v 45.308 27.2848 -23.4632
vt 25.3559 12.1216
vn 0.116097 0.961455 -0.249251
f 435/1392/283 453/1393/301 454/1394/302

vt 23.5833 17.3828
vt 23.8408 16.8557
v 44.5294 27.3766 -23.5289
vt 24.675 17.7735
vn 0.121364 0.815163 -0.566375
f 454/1395/302 453/1396/301 455/1397/303

vt 25.3278 13.9536
vt 27.6875 14.5724
vt 26.2985 14.7255
f 453/1398/301 452/1399/300 455/1400/303

vt 26.5525 11.705
vt 27.9345 11.4982
v 43.5197 27.4762 -23.3887
vt 28.011 12.0345
vn 0.162502 0.984087 -0.071873
f 455/1401/303 452/1402/300 456/1403/304

vt 24.3472 20.3081
v 42.3989 27.5242 -23.7989
vt 25.8641 21.3453
vn 0.0761996 0.391653 -0.916952
vt 24.2446 20.8401
f 452/1404/300 457/1405/305 456/1406/304

vt 28.0934 16.5263
vt 28.8778 16.0507
vt 29.8598 17.0329
f 452/1407/300 451/1408/299 457/1409/305

vt 29.0537 15.4386
v 42.1186 26.9636 -24.3171
vt 30.4961 15.4436
vn -0.00465334 0.0461989 -0.998921
v 40.8064 27.482 -23.8832
vt 32.4121 16.3362
vn -0.00579744 0.184405 -0.982833
vt 30.0681 16.3874
f 451/1410/299 458/1411/306 459/1412/307 457/1413/305 

vt 30.4963 16.534
vt 29.0539 16.529
vt 29.119 14.989
f 458/1414/306 451/1415/299 449/1416/297

v 40.409 27.1766 -24.063
vt 33.082 16.3638
vn -0.0264112 0.0144635 -0.999547
vt 30.5599 16.0585
vt 29.1418 14.5509
f 460/1417/308 458/1418/306 449/1419/297

vt 32.505 16.2415
vt 30.563 15.407
vt 33.0831 15.7287
f 459/1420/307 458/1421/306 460/1422/308

vt 32.4313 14.2925
vt 32.9894 13.758
v 40.1358 27.7654 -23.5228
vt 33.4491 14.7271
vn 0.114291 0.77214 -0.625089
f 459/1423/307 460/1424/308 461/1425/309

vt 32.5032 19.4799
vt 32.2092 18.4484
v 39.2691 27.8995 -23.6077
vt 33.7665 19.7903
vn 0.0618414 0.380116 -0.922869
f 461/1426/309 460/1427/308 462/1428/310

v 39.1268 27.5573 -23.7641
vt 34.98 16.7913
vn -0.180294 -0.0995425 -0.978563
vt 34.7786 17.3581
vt 33.0835 16.1952
f 463/1429/311 462/1430/310 460/1431/308

vt 34.9317 16.0352
v 38.8831 27.955 -23.5129
vt 35.3137 16.6779
vn -0.623238 0.773405 -0.115836
vt 34.7408 16.6056
f 463/1432/311 464/1433/312 462/1434/310

vt 30.6268 17.6701
vt 30.1839 17.0677
v 38.8716 27.8144 -23.4898
vt 30.6407 17.4251
vn -0.986303 0.160741 -0.0370016
f 464/1435/312 463/1436/311 465/1437/313

vt 32.2768 15.471
vt 31.8238 15.1087
v 38.7752 27.5781 -23.455
vt 32.4007 15.0549
vn -0.990547 -0.122969 -0.0607912
f 465/1438/313 463/1439/311 466/1440/314

v 39.3792 26.2005 -23.6247
vt 31.7381 16.0283
vn -0.480282 -0.241904 -0.843096
vt 32.6782 18.3162
vt 32.1012 18.3693
f 467/1441/315 466/1442/314 463/1443/311

vt 12.0801 27.3102
vt 11.509 24.9035
v 39.0937 26.8156 -23.3958
vt 11.8925 25.9318
vn -0.970516 -0.240568 0.0150604
f 466/1444/314 467/1445/315 468/1446/316

vt 23.3823 20.3203
vt 22.9062 19.3316
v 39.211 26.2217 -23.2333
vt 23.3157 19.2543
vn -0.979322 -0.202137 -0.00834601
f 468/1447/316 467/1448/315 469/1449/317

vt 23.7339 21.0353
vt 23.3247 21.114
v 39.4262 25.634 -23.1179
vt 23.544 19.9756
vn -0.97294 -0.230289 0.0188302
f 469/1450/317 467/1451/315 470/1452/318

vt 20.6997 21.1702
v 39.9601 24.7114 -23.6848
vt 20.0119 18.6016
vn -0.444711 -0.210655 -0.87055
vt 20.9446 20.0371
f 467/1453/315 471/1454/319 470/1455/318

vt 31.7376 16.2529
v 39.8875 25.7907 -23.9552
vt 30.9231 15.6519
vn -0.211691 -0.169271 -0.962566
vt 30.8613 13.7423
f 467/1456/315 472/1457/320 471/1458/319

vt 31.1179 15.3807
vt 31.9328 15.9812
vt 32.2973 18.3219
f 472/1459/320 467/1460/315 463/1461/311

v 40.8254 25.5849 -24.3553
vt 31.7133 14.3411
vn -0.112516 -0.111574 -0.987366
vt 33.1364 14.5767
vt 34.3152 17.5182
f 473/1462/321 472/1463/320 463/1464/311

vt 31.7392 14.1736
v 40.5702 24.7995 -24.2162
vt 32.1059 12.8009
vn -0.218121 -0.147711 -0.964679
vt 33.1623 14.4095
f 473/1465/321 474/1466/322 472/1467/320

vt 31.0272 13.7559
v 41.1691 23.7985 -24.5868
vt 30.4104 10.7847
vn -0.193732 -0.114223 -0.974382
vt 31.3849 12.3808
f 473/1468/321 475/1469/323 474/1470/322

v 42.1408 24.4047 -24.8844
vt 30.0077 12.0782
vn -0.113339 -0.0779722 -0.990492
vt 31.4404 10.9606
vt 32.0177 13.9397
f 476/1471/324 475/1472/323 473/1473/321

vt 29.5877 11.1047
v 41.8029 23.2665 -24.992
vt 30.0058 9.17211
vn -0.12756 -0.152299 -0.980068
vt 31.0093 9.97301
f 476/1474/324 477/1475/325 475/1476/323

v 43.1586 23.7538 -25.374
vt 28.3926 10.5408
vn -0.0644423 -0.109072 -0.991943
vt 30.3937 9.59277
vt 29.9557 11.5209
f 478/1477/326 477/1478/325 476/1479/324

vt 28.4542 10.8865
vt 30.7164 10.6564
vt 28.7085 11.5899
f 441/1480/289 477/1481/325 478/1482/326

vt 28.5003 11.3338
v 42.9685 22.343 -25.0068
vt 29.0475 9.53834
vn -0.0817389 -0.162361 -0.98334
vt 30.7625 11.1036
f 441/1483/289 479/1484/327 477/1485/325

vt 26.7246 8.95327
vt 29.1539 9.5069
vt 28.6102 11.3035
f 344/1486/192 479/1487/327 441/1488/289

vt 30.1034 7.33405
vt 29.2264 9.19038
vt 26.797 8.6371
f 345/1489/193 479/1490/327 344/1491/192

vt 30.8675 7.42713
vt 28.9243 8.81348
vt 29.7882 6.951
f 347/1492/195 479/1493/327 345/1494/193

vt 30.6233 6.85124
v 41.4547 22.4138 -24.4559
vt 30.9597 8.21304
vn -0.186827 -0.173936 -0.966872
vt 28.6881 8.24883
f 347/1495/195 480/1496/328 479/1497/327

vt 29.6156 6.59512
vt 31.2547 7.32513
vt 29.9765 7.95059
f 347/1498/195 349/1499/197 480/1500/328

v 40.2874 22.5394 -23.4719
vt 30.3008 3.3926
vn -0.450621 -0.16708 -0.876941
vt 28.3974 3.46604
vt 29.6532 2.79681
f 481/1501/329 480/1502/328 349/1503/197

v 40.583 22.7726 -24.0363
vt 30.0962 13.7725
vn -0.327634 -0.226661 -0.917213
vt 28.7697 13.25
vt 30.6731 13.1773
f 482/1504/330 480/1505/328 481/1506/329

vt 29.5683 11.2169
vt 30.9042 11.7149
v 40.916 22.9759 -24.4155
vt 30.3451 12.1763
vn -0.232013 -0.174761 -0.956885
f 480/1507/328 482/1508/330 483/1509/331

v 40.4773 23.6323 -24.0274
vt 28.7315 10.8933
vn -0.34941 -0.149891 -0.924903
vt 27.968 9.89199
vt 28.534 9.43903
f 484/1510/332 483/1511/331 482/1512/330

vt 29.4295 8.9089
vt 30.1872 9.91461
vt 29.0816 10.3576
f 483/1513/331 484/1514/332 475/1515/323

vt 29.4115 11.2753
vt 30.5179 10.834
vt 30.3945 12.8662
f 475/1516/323 484/1517/332 474/1518/322

vt 30.9366 12.5028
vt 29.9446 12.8039
vt 30.0657 10.7716
f 471/1519/319 474/1520/322 484/1521/332

vt 30.3063 13.9702
vt 31.2982 13.6688
vt 31.3637 15.5782
f 474/1522/322 471/1523/319 472/1524/320

vt 25.374 15.5403
vt 24.5265 13.7976
v 39.9377 23.8526 -23.1785
vt 25.6051 13.9282
vn -0.773201 -0.169121 -0.611195
f 471/1525/319 484/1526/332 485/1527/333

vt 26.0083 10.6493
vt 24.9296 10.5196
v 40.1564 22.9499 -23.4573
vt 25.5313 9.19937
vn -0.521426 -0.179225 -0.834262
f 485/1528/333 484/1529/332 486/1530/334

vt 26.305 11.1835
vt 26.1052 9.72952
vt 26.9083 9.86398
f 484/1531/332 482/1532/330 486/1533/334

vt 25.758 11.7658
vt 26.3694 11.2061
vt 26.561 11.9009
f 482/1534/330 481/1535/329 486/1536/334

vt 21.2768 13.8831
vt 21.1058 13.1829
v 40.0308 22.7011 -22.9394
vt 21.7025 13.3054
vn -0.818572 -0.128882 -0.559759
f 486/1537/334 481/1538/329 487/1539/335

vt 22.0474 8.64997
v 40.0543 21.3987 -22.862
vt 22.5316 6.54198
vn -0.765741 -0.0680943 -0.639534
vt 22.6444 8.771
f 481/1540/329 488/1541/336 487/1542/335

vt 24.1459 6.93912
vt 23.6595 9.04661
vt 23.5354 6.84601
f 488/1543/336 481/1544/329 350/1545/198

vt 24.3248 9.01491
vt 23.6396 8.46274
vt 24.2013 6.81428
f 481/1546/329 349/1547/197 350/1548/198

vt 24.4012 5.26028
vt 23.7908 5.16688
vt 24.485 2.97287
f 488/1549/336 350/1550/198 353/1551/201

vt 15.147 4.47957
vt 15.1646 2.19069
v 39.8729 20.9154 -22.3098
vt 15.6114 3.49847
vn -0.989107 0.137467 0.0526364
f 488/1552/336 353/1553/201 489/1554/337

vt 19.3489 2.48084
vt 18.9204 1.16695
vt 19.4479 1.22328
f 489/1555/337 353/1556/201 356/1557/204

vt -13.8719 1.93211
vt -13.9603 0.673754
vt -13.5174 0.514123
f 489/1558/337 356/1559/204 357/1560/205

v 40.1558 21.6443 -21.7049
vt -11.4705 3.33894
vn -0.602679 0.150057 0.783748
vt -12.1979 2.27136
vt -11.8338 0.855827
f 490/1561/338 489/1562/337 357/1563/205

v 39.9985 21.4662 -22.2683
vt -11.3053 2.67683
vn -0.967986 0.114314 0.223464
vt -11.4828 1.74748
vt -10.7585 2.81716
f 491/1564/339 489/1565/337 490/1566/338

vt 6.14209 -0.0474742
vt 6.56404 -1.04755
vt 6.65131 -0.105444
f 488/1567/336 489/1568/337 491/1569/339

v 39.9874 22.1337 -22.5204
vt 7.43752 9.17959
vn -0.996509 0.0107627 0.082793
vt 7.03948 8.03234
vt 7.54885 7.97567
f 492/1570/340 488/1571/336 491/1572/339

vt 9.67545 9.38129
vt 9.55163 7.15286
vt 9.95095 8.29966
f 487/1573/335 488/1574/336 492/1575/340

v 39.9924 22.937 -22.4468
vt 6.79023 8.78024
vn -0.917867 0.0246372 0.396122
vt 6.34408 8.52245
vt 6.61827 7.44048
f 493/1576/341 487/1577/335 492/1578/340

vt 4.5384 13.6102
vt 4.56359 11.5861
vt 5.00944 11.8444
f 485/1579/333 487/1580/335 493/1581/341

vt 18.3842 13.2302
vt 17.9147 11.7778
vt 18.3485 11.2062
f 485/1582/333 486/1583/334 487/1584/335

v 39.9297 23.7504 -22.6434
vt 4.6757 13.2087
vn -0.960061 -0.0639683 0.272382
vt 4.24556 13.5367
vt 4.71763 11.7711
f 494/1585/342 485/1586/333 493/1587/341

v 39.7053 24.695 -22.9576
vt 8.14139 19.1275
vn -0.98838 -0.142132 0.0538779
vt 7.78384 17.7353
vt 8.20927 17.4012
f 495/1588/343 485/1589/333 494/1590/342

vt 20.4982 15.0136
vt 19.7914 15.2511
vt 20.0597 13.6448
f 495/1591/343 471/1592/319 485/1593/333

vt 21.7965 19.4241
vt 20.8544 17.9947
vt 21.5599 17.7532
f 470/1594/318 471/1595/319 495/1596/343

vt -17.8626 20.0107
vt -17.6292 18.3394
v 39.9502 24.9527 -22.2662
vt -16.9185 18.5809
vn -0.45841 0.090183 0.884153
f 470/1597/318 495/1598/343 496/1599/344

vt -16.1916 14.481
v 39.8869 24.1852 -22.488
vt -15.7793 13.48
vn -0.678725 0.0551297 0.732321
vt -15.4794 14.7181
f 495/1600/343 497/1601/345 496/1602/344

vt -7.82404 17.9491
vt -7.60608 16.2353
vt -7.44124 16.9364
f 495/1603/343 494/1604/342 497/1605/345

vt -6.06169 16.6776
vt -6.2311 15.9776
v 40.1455 23.2155 -21.8958
vt -5.62203 14.8424
vn -0.608688 0.0811407 0.789249
f 497/1606/345 494/1607/342 498/1608/346

vt -12.7805 12.3454
vt -12.697 10.9096
vt -12.1491 11.2225
f 494/1609/342 493/1610/341 498/1611/346

vt -14.6442 15.2155
vt -15.1893 14.8977
v 40.2753 22.8332 -21.7446
vt -14.485 14.5126
vn -0.464192 0.126396 0.87667
f 498/1612/346 493/1613/341 499/1614/347

vt -17.8274 8.37946
vt -18.535 8.75833
vt -18.0436 6.3535
f 499/1615/347 493/1616/341 490/1617/338

vt -8.79439 10.7547
vt -8.96294 9.41453
vt -8.30518 8.34943
f 493/1618/341 492/1619/340 490/1620/338

vt -12.2878 7.35851
vt -12.1767 6.15455
vt -11.6296 6.29364
f 492/1621/340 491/1622/339 490/1623/338

vt -21.1406 8.79589
vt -21.3626 6.77056
v 40.5943 22.6155 -21.1109
vt -20.4555 8.24367
vn -0.328705 0.205199 0.921871
f 499/1624/347 490/1625/338 500/1626/348

vt -23.6277 10.1064
vt -24.5303 8.63058
v 40.7309 21.8505 -20.9225
vt -23.4407 8.75336
vn -0.288555 0.121395 0.949736
f 500/1627/348 490/1628/338 501/1629/349

v 40.4794 20.5175 -21.1142
vt -23.8332 5.52483
vn -0.279699 0.140038 0.94982
vt -23.3229 7.72721
vt -24.4126 7.60466
f 502/1630/350 501/1631/349 490/1632/338

vt -30.7772 6.35668
v 41.5323 20.8893 -20.576
vt -29.1461 6.83149
vn -0.155959 0.0898508 0.983668
vt -30.3201 8.57072
f 502/1633/350 503/1634/351 501/1635/349

v 40.1695 19.2307 -21.2659
vt -31.2081 3.91365
vn -0.200529 0.13132 0.970847
vt -29.0471 6.5287
vt -30.6785 6.05507
f 504/1636/352 503/1637/351 502/1638/350

vt -32.3499 4.38483
v 42.4492 19.4628 -20.5312
vt -28.9304 4.56344
vn -0.0907641 0.0456425 0.994826
vt -30.2233 7.02792
f 504/1639/352 505/1640/353 503/1641/351

vt -32.3324 4.08225
v 40.5008 18.2893 -21.2479
vt -31.8775 2.4687
vn -0.0585956 0.047735 0.99714
vt -28.9129 4.25988
f 504/1642/352 506/1643/354 505/1644/353

v 39.2562 18.1077 -21.7138
vt -33.5169 2.47119
vn -0.519913 0.247587 0.817552
vt -31.637 2.64326
vt -32.0864 4.25837
f 507/1645/355 506/1646/354 504/1647/352

vt -33.5178 -0.372871
vt -31.476 0.914322
vt -33.356 0.743617
f 372/1648/220 506/1649/354 507/1650/355

vt -32.9018 2.16228
vt -34.9075 0.819661
v 39.8923 17.6998 -21.4893
vt -33.8017 1.19369
vn 0.0418747 -0.0785023 0.996034
f 506/1651/354 372/1652/220 508/1653/356

vt -34.9324 -1.15906
vt -34.0053 -1.04457
vt -33.8507 -0.720111
f 372/1654/220 373/1655/221 508/1656/356

vt -33.8943 -1.87714
v 41.1081 18.0116 -21.4483
vt -31.996 -0.912943
vn 0.0663254 -0.272117 0.959976
vt -33.7473 -1.54914
f 373/1657/221 509/1658/357 508/1659/356

vt -25.6875 -19.9408
vt -24.7181 -18.9605
vt -24.4661 -18.1969
f 373/1660/221 374/1661/222 509/1662/357

vt -32.2708 -4.14398
vt -30.9102 -3.69799
vt -31.7022 -3.57554
f 374/1663/222 375/1664/223 509/1665/357

vt -32.1148 -0.430696
vt -31.3437 -0.648956
v 42.348 17.9686 -21.689
vt -30.2814 -0.449671
vn 0.122048 -0.789698 0.601233
f 509/1666/357 375/1667/223 510/1668/358

vt 30.0991 -7.69807
vt 28.3857 -6.92881
vt 29.0312 -7.53146
f 375/1669/223 376/1670/224 510/1671/358

vt 23.8948 -16.0926
v 42.9096 18.049 -21.8002
vt 23.6577 -16.3347
vn 0.196181 -0.961033 0.194754
vt 24.3123 -16.8708
f 376/1672/224 511/1673/359 510/1674/358

vt 24.8831 -14.7576
vt 25.1028 -14.4995
vt 24.0658 -14.3151
f 511/1675/359 376/1676/224 377/1677/225

vt -28.4132 -6.80388
vt -27.5502 -6.45872
v 43.3007 18.2478 -21.3924
vt -27.992 -6.221
vn 0.0733287 -0.537272 0.840215
f 511/1678/359 377/1679/225 512/1680/360

vt -28.9161 0.556383
vt -28.5461 0.217593
v 44.1603 18.273 -21.3703
vt -27.6577 0.68663
vn 0.00840694 -0.494083 0.869374
f 512/1681/360 377/1682/225 513/1683/361

vt -28.4016 -2.51597
vt -27.0229 -2.25698
vt -27.561 -1.96583
f 377/1684/225 378/1685/226 513/1686/361

vt -27.612 -1.29024
vt -27.0814 -1.59482
vt -25.6054 -0.901815
f 513/1687/361 378/1688/226 379/1689/227

vt -27.5794 2.5115
vt -25.54 2.64618
v 45.7069 18.5961 -20.865
vt -25.3091 3.15613
vn 0.00864093 -0.223024 0.974775
f 513/1690/361 379/1691/227 514/1692/362

vt -25.2351 3.65333
vt -25.476 3.14805
vt -24.1501 3.35964
f 514/1693/362 379/1694/227 380/1695/228

vt -25.4207 2.07598
vt -24.32 1.84788
v 46.3175 18.8385 -20.674
vt -24.5386 2.51716
vn 0.020396 -0.0967105 0.995104
f 514/1696/362 380/1697/228 515/1698/363

vt -24.3609 3.6713
vt -24.1738 2.99253
vt -20.6412 3.22447
f 515/1699/363 380/1700/228 381/1701/229

vt -24.3928 3.43434
vt -20.6705 3.00973
v 48.9406 18.99 -20.5743
vt -20.535 3.70072
vn 0.00133672 -0.0891566 0.996017
f 515/1702/363 381/1703/229 516/1704/364

vt -20.6738 2.99647
v 51.4223 18.647 -20.952
vt -16.888 3.11361
vn -0.014393 -0.210131 0.977567
vt -20.5387 3.68754
f 381/1705/229 517/1706/365 516/1707/364

vt -20.7107 3.01344
vt -17.2057 2.66439
vt -16.9262 3.16732
f 381/1708/229 382/1709/230 517/1710/365

vt -16.7503 4.36232
v 52.41 18.2778 -21.3662
vt -15.0239 4.08234
vn -0.114122 -0.472131 0.87411
vt -16.4206 4.83375
f 382/1711/230 518/1712/366 517/1713/365

vt -13.89 10.4698
vt -12.8057 9.44739
vt -12.3633 9.6166
f 382/1714/230 383/1715/231 518/1716/366

vt -13.8672 7.8454
vt -12.9488 7.51519
vt -13.4486 8.067
f 383/1717/231 384/1718/232 518/1719/366

vt -14.9168 0.523581
v 53.7043 18.3535 -21.3626
vt -13.74 1.09231
vn -0.00478762 -0.568926 0.822375
vt -15.6201 0.767879
f 384/1720/232 519/1721/367 518/1722/366

vt -11.4942 -9.10698
vt -10.6712 -8.34353
vt -10.9251 -7.9303
f 384/1723/232 385/1724/233 519/1725/367

vt -10.1451 9.42786
v 54.4867 18.1578 -21.73
vt -9.00774 8.80277
vn -0.078935 -0.980928 0.177625
vt -9.77791 9.7447
f 385/1726/233 520/1727/368 519/1728/367

vt 13.7833 1.22349
vt 11.7633 1.22255
vt 12.5561 0.801314
f 385/1729/233 386/1730/234 520/1731/368

vt 12.5484 -0.14633
vt 11.7876 0.330227
vt 11.0926 0.0237674
f 520/1732/368 386/1733/234 387/1734/235

vt 12.4656 -1.27674
vt 11.0268 -0.997513
v 55.4368 18.1589 -21.6034
vt 11.0762 -1.4687
vn -0.00291787 -0.872507 0.488592
f 520/1735/368 387/1736/235 521/1737/369

vt 10.6813 -3.10891
vt 10.703 -2.63564
v 56.3918 18.1775 -21.5705
vt 9.27973 -3.00534
vn 0.0161692 -0.860025 0.509995
f 521/1738/369 387/1739/235 522/1740/370

vt 10.8277 -2.19655
vt 8.39444 -2.16673
vt 9.42279 -2.6307
f 387/1741/235 388/1742/236 522/1743/370

vt 7.93487 -5.68835
vt 7.11675 -4.91152
v 57.5531 18.2312 -21.4478
vt 6.3103 -5.14427
vn -0.0681566 -0.700729 0.710165
f 522/1744/370 388/1745/236 523/1746/371

vt -4.58596 7.54422
vt -2.65121 5.9671
vt -3.75292 7.44137
f 388/1747/236 389/1748/237 523/1749/371

vt -7.21399 4.10632
vt -5.4963 3.44544
v 58.535 18.261 -21.179
vt -5.751 4.04701
vn -0.0684872 -0.318845 0.945329
f 523/1750/371 389/1751/237 524/1752/372

vt -4.2538 4.77758
vt -2.85186 3.95904
vt -4.34338 5.42469
f 389/1753/237 390/1754/238 524/1755/372

vt -5.77992 3.79194
vt -3.96533 2.75271
v 59.6789 18.1615 -21.0762
vt -4.11253 3.48065
vn -0.0592813 -0.188336 0.980314
f 524/1756/372 390/1757/238 525/1758/373

vt -3.79535 2.92082
vt -2.58431 2.80495
vt -3.91274 3.65415
f 390/1759/238 391/1760/239 525/1761/373

vt -4.69656 2.39846
vt -3.25357 1.76312
v 60.3448 18.3436 -20.9124
vt -3.71478 2.70193
vn -0.00860856 -0.0470291 0.998856
f 525/1762/373 391/1763/239 526/1764/374

vt -3.02405 1.97378
v 61.689 17.8505 -21.2055
vt -1.50483 2.03257
vn 0.00744059 -0.0360498 0.999322
vt -3.4417 2.93275
f 391/1765/239 527/1766/375 526/1767/374

vt -3.0253 1.99269
v 61.8129 17.5237 -21.5062
vt -1.35436 1.49041
vn -0.135908 -0.727386 0.672636
vt -1.50609 2.05186
f 391/1768/239 528/1769/376 527/1770/375

vt 0.0792691 4.10272
vt 0.487057 3.17941
vt 0.981334 2.60919
f 391/1771/239 392/1772/240 528/1773/376

vt 3.06861 -0.928482
vt 2.13377 -1.28347
vt 2.43312 -1.33544
f 392/1774/240 393/1775/241 528/1776/376

vt 2.20886 -1.74142
vt 1.91869 -1.6514
vt 1.3812 -1.983
f 528/1777/376 393/1778/241 395/1779/243

vt -1.70511 1.95369
vt -1.53144 1.39864
vt -0.671692 1.33368
f 527/1780/375 528/1781/376 395/1782/243

vt -0.365585 1.53071
vt -1.8994 1.66468
vt -0.844227 1.08246
f 396/1783/244 527/1784/375 395/1785/243

vt -0.427744 0.895952
v 61.6242 19.0575 -20.9753
vt -2.08098 3.02772
vn 0.112509 0.120842 0.986275
vt -1.96256 1.01795
f 396/1786/244 529/1787/377 527/1788/375

vt -2.68884 2.54298
vt -0.993565 0.44449
v 62.2707 19.1022 -21.3511
vt -1.69209 2.72545
vn 0.372231 0.200425 0.906241
f 529/1789/377 396/1790/244 530/1791/378

vt -1.85057 0.232754
v 62.7674 18.2457 -21.6959
vt -1.67024 1.16885
vn 0.90135 0.246202 0.356306
vt -2.48421 2.53258
f 396/1792/244 531/1793/379 530/1794/378

v 62.8785 17.8786 -21.636
vt -1.37453 0.468915
vn 0.944507 0.045553 -0.325319
vt -1.50744 1.11511
vt -1.67556 0.176738
f 532/1795/380 531/1796/379 396/1797/244

vt -1.60272 1.03442
vt -1.05522 1.80038
vt -1.48663 1.68384
f 532/1798/380 399/1799/247 531/1800/379

vt -1.15963 0.575836
vt -0.868504 1.69619
vt -1.42669 0.937986
f 398/1801/246 399/1802/247 532/1803/380

vt -1.74179 0.193415
vt -1.46739 0.340711
vt -1.73689 0.701049
f 397/1804/245 398/1805/246 532/1806/380

vt -1.62583 0.228078
vt -1.60979 0.735483
vt -1.9138 0.4464
f 397/1807/245 532/1808/380 396/1809/244

vt -1.48095 1.66693
vt -1.04949 1.78323
v 62.563 18.9729 -21.812
vt -1.26867 2.94992
vn 0.936745 0.1267 -0.326276
f 531/1810/379 399/1811/247 533/1812/381

vt -1.15425 1.75597
vt -0.793038 3.23494
vt -1.38427 2.92058
f 399/1813/247 400/1814/248 533/1815/381

vt -0.808445 3.25528
v 62.3394 19.8496 -21.9297
vt -1.19718 4.48147
vn 0.979492 0.152396 0.1318
vt -1.39928 2.94019
f 400/1816/248 534/1817/382 533/1818/381

vt -1.519 3.00998
v 62.2706 19.7813 -22.2702
vt -1.64651 4.20197
vn 0.66896 -0.0621237 -0.740698
vt -1.95715 4.21939
f 400/1819/248 535/1820/383 534/1821/382

vt -0.68824 4.31267
vt -0.594561 3.11754
v 61.9589 20.6516 -22.701
vt -0.188612 5.91655
vn 0.456304 -0.0814696 -0.886086
f 535/1822/383 400/1823/248 536/1824/384

vt -0.14241 3.06011
vt 1.2521 5.60015
vt 0.301096 5.85342
f 400/1825/248 401/1826/249 536/1827/384

vt 0.309012 5.87904
vt 1.25997 5.62559
v 61.6804 21.2978 -22.9862
vt 0.738095 7.05853
vn 0.481252 -0.10911 -0.869765
f 536/1828/384 401/1829/249 537/1830/385

vt 1.20368 5.6095
vt 1.54826 6.54908
vt 0.679862 7.04172
f 401/1831/249 402/1832/250 537/1833/385

vt 0.513649 6.7384
vt 1.38163 6.24503
vt 1.45113 8.14599
f 537/1834/385 402/1835/250 404/1836/252

vt 0.112043 7.01967
vt 1.05376 8.42443
vt 0.118825 9.45501
f 537/1837/385 404/1838/252 410/1839/258

vt 1.20863 8.52793
vt 0.87859 9.55037
vt 0.277975 9.56238
f 404/1840/252 409/1841/257 410/1842/258

vt 1.70903 8.56636
vt 2.51463 9.59329
vt 1.40798 9.59772
f 404/1843/252 406/1844/254 409/1845/257

vt -0.745891 7.01256
vt -0.771283 9.44778
v 61.8337 22.1682 -22.4292
vt -1.37461 8.32695
vn 0.992283 0.0707742 -0.101814
f 537/1846/385 410/1847/258 538/1848/386

vt -1.36046 8.32052
vt -0.756896 9.44123
v 61.7602 22.835 -22.6977
vt -1.19721 9.52814
vn 0.928902 -0.0890732 -0.359454
f 538/1849/386 410/1850/258 539/1851/387

vt -1.23128 9.35364
vt -0.79097 9.26672
v 61.6078 23.3605 -23.4843
vt -0.609809 10.4714
vn 0.63568 -0.152539 -0.756732
f 539/1852/387 410/1853/258 540/1854/388

vt 0.391461 9.06121
vt 1.18556 10.5242
vt 0.531646 10.2714
f 410/1855/258 411/1856/259 540/1857/388

vt 0.419591 10.6143
vt 1.074 10.8658
vt 0.259856 12.0417
f 540/1858/388 411/1859/259 418/1860/266

v 61.8226 23.8202 -22.734
vt -1.44052 11.0521
vn 0.963608 -0.113838 -0.241867
vt -0.680067 10.4898
vt -0.835436 11.9177
f 541/1861/389 540/1862/388 418/1863/266

vt -1.28995 9.39135
vt -0.667612 10.5087
vt -1.42815 11.0709
f 539/1864/387 540/1865/388 541/1866/389

vt -1.43983 9.38021
vt -1.57505 11.06
v 61.8305 23.1861 -22.4685
vt -1.70192 9.90883
vn 0.954929 -0.00631768 0.296767
f 539/1867/387 541/1868/389 542/1869/390

vt -2.79883 9.99302
vt -2.68292 11.1453
v 61.6003 23.7432 -21.7545
vt -3.54809 10.7326
vn 0.626956 0.100751 0.772512
f 542/1870/390 541/1871/389 543/1872/391

vt -2.6062 10.8066
v 61.837 24.4062 -22.2869
vt -3.03399 11.6844
vn 0.650956 0.0715813 0.755733
vt -3.46843 10.3878
f 541/1873/389 544/1874/392 543/1875/391

vt -2.46364 10.9366
v 61.9055 24.2705 -23.0254
vt -2.2685 11.7882
vn 0.877088 -0.2056 -0.434103
vt -2.90913 11.8056
f 541/1876/389 545/1877/393 544/1878/392

vt -0.647455 10.1672
vt -0.0808954 11.0585
vt -0.595068 11.0393
f 541/1879/389 418/1880/266 545/1881/393

vt -0.609213 11.7178
vt -0.0950227 11.7365
v 62.114 25.9872 -23.3782
vt -0.776328 14.7385
vn 0.560247 -0.210432 -0.80115
f 545/1882/393 418/1883/266 546/1884/394

vt 0.719013 11.979
vt 1.17479 13.7858
vt -0.0112619 14.9695
f 418/1885/266 419/1886/267 546/1887/394

vt 0.0484978 15.0274
vt 1.2344 13.8435
v 61.7054 26.3906 -23.8081
vt 0.721525 15.8356
vn 0.169158 -0.132406 -0.976655
f 546/1888/394 419/1889/267 547/1890/395

vt 1.27643 15.9125
vt 1.76438 13.9142
vt 2.97701 15.7976
f 547/1891/395 419/1892/267 420/1893/268

vt 2.99408 15.7726
v 60.3737 26.9865 -24.1676
vt 3.25127 17.0287
vn 0.0551403 -0.00154605 -0.998477
vt 1.29363 15.8895
f 420/1894/268 548/1895/396 547/1896/395

vt 3.15285 15.7433
vt 6.18107 15.4825
vt 3.43001 16.9951
f 420/1897/268 421/1898/269 548/1899/396

vt 6.34539 14.654
v 59.069 26.8753 -24.2748
vt 5.56952 16.0929
vn 0.00559886 0.0710629 -0.997456
vt 3.6477 16.2599
f 421/1900/269 549/1901/397 548/1902/396

vt 6.33273 14.7136
v 57.8276 26.7419 -24.4152
vt 7.38089 15.9521
vn 0.0166041 0.141315 -0.989825
vt 5.55017 16.1489
f 421/1903/269 550/1904/398 549/1905/397

vt 6.18613 14.5911
v 57.1726 26.224 -24.9275
vt 8.20826 15.0613
vn 0.015125 0.0566721 -0.998278
vt 7.18007 15.8735
f 421/1906/269 551/1907/399 550/1908/398

v 57.5379 25.2895 -25.3353
vt 7.78298 13.9277
vn 0.0165318 -0.054337 -0.998386
vt 8.259 15.4859
vt 6.23183 15.0379
f 552/1909/400 551/1910/399 421/1911/269

vt 7.86873 13.7655
v 56.4941 25.6303 -25.1627
vt 9.40467 14.3211
vn -0.0305576 -0.0234054 -0.999259
vt 8.40795 15.3029
f 552/1912/400 553/1913/401 551/1914/399

vt 7.86902 14.0891
vt 11.1341 13.4411
vt 9.41064 14.6287
f 552/1915/400 425/1916/273 553/1917/401

vt 11.0578 11.7567
vt 11.1361 13.5678
vt 7.8701 14.211
f 423/1918/271 425/1919/273 552/1920/400

vt 11.0625 11.8076
vt 7.87062 14.2565
vt 7.23904 13.1319
f 423/1921/271 552/1922/400 422/1923/270

vt 7.09564 13.2139
vt 7.67971 14.3638
vt 6.10572 15.4413
f 422/1924/270 552/1925/400 421/1926/269

vt 11.1179 13.1964
vt 11.0212 14.657
vt 9.4032 14.3966
f 425/1927/273 427/1928/275 553/1929/401

vt 9.40876 13.9277
vt 11.0253 14.1972
v 56.0727 26.2565 -24.7921
vt 10.0516 14.9451
vn -0.031912 0.0750991 -0.996665
f 553/1930/401 427/1931/275 554/1932/402

vt 10.0528 14.805
vt 11.0228 14.0525
vt 11.3429 15.0188
f 554/1933/402 427/1934/275 428/1935/276

vt 10.0461 13.7235
vt 11.3327 13.9573
v 55.1347 26.8307 -24.2096
vt 11.4475 14.6695
vn -0.0276937 0.18234 -0.982845
f 554/1936/402 428/1937/276 555/1938/403

vt 11.3177 14.0749
vt 13.517 14.3596
vt 11.4234 14.7885
f 428/1939/276 429/1940/277 555/1941/403

vt 11.4727 12.189
vt 13.5477 11.6776
v 54.9423 27.0814 -23.8431
vt 11.7825 12.6365
vn -0.0399951 0.412199 -0.910216
f 555/1942/403 429/1943/277 556/1944/404

vt 11.7046 14.2239
vt 13.512 13.347
v 52.7718 26.7572 -24.1428
vt 14.8926 13.6375
vn -0.00700342 0.256936 -0.966403
f 556/1945/404 429/1946/277 557/1947/405

vt 13.5052 13.1738
vt 19.1595 12.8669
vt 14.8845 13.4701
f 429/1948/277 430/1949/278 557/1950/405

vt 14.874 13.959
vt 19.1519 13.3771
vt 19.2849 14.2796
f 557/1951/405 430/1952/278 433/1953/281

v 52.7938 27.0565 -23.6762
vt 14.7969 12.6913
vn -0.0180739 0.569992 -0.821451
vt 14.8395 12.1226
vt 19.2449 12.511
f 558/1954/406 557/1955/405 433/1956/281

vt 11.7682 11.7965
vt 14.9329 11.0953
vt 14.9286 11.6657
f 556/1957/404 557/1958/405 558/1959/406

vt 11.7981 5.99778
vt 14.9506 5.74014
v 53.9071 27.2552 -23.2345
vt 13.3688 6.36408
vn -0.0538003 0.980449 -0.189277
f 556/1960/404 558/1961/406 559/1962/407

vt 13.3886 4.89817
vt 14.9324 4.18518
v 52.8291 27.1851 -23.2857
vt 14.9397 4.5481
vn -0.0319988 0.99364 -0.10796
f 559/1963/407 558/1964/406 560/1965/408

vt 14.8058 6.95796
v 49.6607 27.147 -23.4151
vt 19.4094 7.24836
vn 0.0420977 0.854636 -0.517518
vt 14.7474 7.31623
f 558/1966/406 561/1967/409 560/1968/408

vt 14.8465 8.83952
vt 19.2896 8.5638
vt 19.455 9.03874
f 558/1969/406 433/1970/281 561/1971/409

vt 18.6123 12.4114
vt 18.5407 11.9136
v 48.7637 27.237 -23.3675
vt 19.8941 12.7557
vn 0.0643119 0.951204 -0.301787
f 561/1972/409 433/1973/281 562/1974/410

vt 20.0917 12.4561
vt 18.7137 11.655
vt 20.5981 12.033
f 562/1975/410 433/1976/281 434/1977/282

vt 20.5347 10.1194
vt 21.0028 9.65425
v 46.7647 27.2103 -23.571
vt 23.481 10.1653
vn 0.0221037 0.777671 -0.628283
f 562/1978/410 434/1979/282 563/1980/411

vt 21.1606 10.6516
vt 23.7202 10.5209
vt 23.6623 11.0314
f 434/1981/282 435/1982/283 563/1983/411

vt 23.6279 11.3162
vt 23.6917 10.8064
vt 25.7659 11.5035
f 563/1984/411 435/1985/283 454/1986/302

vt -23.4944 7.55089
vt -25.598 7.97634
v 45.7691 27.2719 -23.3039
vt -24.9697 7.67929
vn 0.00087499 0.963618 0.267281
f 563/1987/411 454/1988/302 564/1989/412

vt -25.2101 5.75753
vt -25.8852 5.92259
v 45.5646 27.2298 -22.4735
vt -25.5251 5.01388
vn 0.0259256 0.694491 0.719034
f 564/1990/412 454/1991/302 565/1992/413

vt -22.7926 17.3723
vt -22.6578 18.3405
v 44.6721 27.4091 -23.0414
vt -23.6374 18.5713
vn 0.090714 0.817216 0.569148
f 565/1993/413 454/1994/302 566/1995/414

vt -18.7177 20.955
vt -19.4452 21.8578
vt -19.6112 21.4181
f 454/1996/302 455/1997/303 566/1998/414

vt -23.7477 15.9503
vt -25.0623 16.6631
vt -23.7932 15.4825
f 455/1999/303 456/2000/304 566/2001/414

vt -26.8734 7.78185
vt -28.524 8.31069
v 43.6055 27.4461 -22.8283
vt -28.4512 7.79102
vn 0.045878 0.615571 0.786745
f 566/2002/414 456/2003/304 567/2004/415

vt -27.0909 15.0473
vt -27.0275 15.5682
v 42.1793 27.6639 -23.0865
vt -28.946 16.1408
vn 0.0468517 0.632355 0.77326
f 567/2005/415 456/2006/304 568/2007/416

vt -27.7692 15.3994
v 42.4371 27.6696 -23.4367
vt -29.2801 16.0074
vn 0.154439 0.982498 -0.104145
vt -29.7282 15.8129
f 456/2008/304 569/2009/417 568/2010/416

vt 24.9642 20.4545
vt 26.6048 20.8865
vt 26.4174 21.1899
f 456/2011/304 457/2012/305 569/2013/417

vt 29.5057 13.1383
v 41.1281 27.7285 -23.4836
vt 31.3089 13.758
vn 0.0441417 0.977095 -0.208175
vt 29.3999 13.4788
f 457/2014/305 570/2015/418 569/2016/417

vt 30.0939 13.0514
vt 32.4374 12.9833
vt 31.9574 13.4548
f 457/2017/305 459/2018/307 570/2019/418

vt 31.724 15.5498
vt 32.2268 15.1026
vt 33.1814 15.6626
f 570/2020/418 459/2021/307 461/2022/309

vt -32.0483 10.6728
vt -33.505 10.7952
v 40.8001 27.635 -22.9834
vt -32.5461 10.1877
vn 0.0156588 0.554732 0.831882
f 570/2023/418 461/2024/309 571/2025/419

vt -30.5204 20.0358
v 39.1274 27.9412 -23.4381
vt -31.8729 20.7083
vn 0.0429383 0.646261 0.761908
vt -29.8581 19.114
f 461/2026/309 572/2027/420 571/2028/419

vt -19.642 30.5041
vt -20.2776 31.6392
vt -20.5123 31.7386
f 461/2029/309 462/2030/310 572/2031/420

vt -8.17364 35.8161
vt -8.35867 36.3631
vt -8.35471 35.9956
f 462/2032/310 464/2033/312 572/2034/420

v 39.1224 27.6629 -23.1435
vt -34.3846 14.427
vn -0.213603 0.213861 0.953225
vt -34.4029 15.0199
vt -34.7673 15.0684
f 573/2035/421 572/2036/420 464/2037/312

vt -34.7274 15.1528
v 40.3996 27.4054 -22.7181
vt -32.8318 14.554
vn -0.0489284 0.313775 0.948236
vt -34.733 15.7459
f 573/2038/421 574/2039/422 572/2040/420

vt -34.3668 16.6053
v 40.8083 26.0008 -21.9104
vt -31.8064 13.3946
vn -0.126182 0.22086 0.967109
vt -32.4617 16.0372
f 573/2041/421 575/2042/423 574/2043/422

vt -30.5413 14.1563
vt -33.1432 17.3334
v 39.8764 26.0605 -22.3688
vt -31.9644 14.3919
vn -0.225144 0.157978 0.961433
f 575/2044/423 573/2045/421 576/2046/424

vt -29.078 15.544
vt -30.2574 18.4853
v 39.3736 26.3368 -22.823
vt -29.8929 16.1445
vn -0.528091 0.0434472 0.848075
f 576/2047/424 573/2048/421 577/2049/425

vt -27.2249 16.727
vt -27.5735 19.0702
v 38.959 27.1698 -23.325
vt -27.8985 18.2862
vn -0.639324 -0.0323308 0.768258
f 577/2050/425 573/2051/421 578/2052/426

vt -30.2326 18.8788
vt -29.9153 19.6659
vt -30.4955 19.6126
f 578/2053/426 573/2054/421 466/2055/314

vt -29.9185 15.0265
vt -30.0456 14.6114
vt -29.4655 14.6651
f 465/2056/313 466/2057/314 573/2058/421

vt -28.0019 17.6015
vt -28.0166 17.3565
vt -27.5602 16.9992
f 464/2059/312 465/2060/313 573/2061/421

vt -2.05553 28.6935
vt -2.05807 27.3024
vt -1.97332 27.9184
f 466/2062/314 468/2063/316 578/2064/426

vt -2.65023 27.9697
vt -2.73095 27.3531
vt -2.26901 26.3145
f 578/2065/426 468/2066/316 577/2067/425

vt -18.4055 19.4847
vt -18.2648 18.4259
vt -17.8331 18.5027
f 468/2068/316 469/2069/317 577/2070/425

vt -18.9613 21.7755
vt -18.7633 20.7173
vt -18.5299 21.854
f 469/2071/317 470/2072/318 577/2073/425

vt -16.6936 21.7735
vt -16.9428 20.6402
vt -16.008 19.2043
f 577/2074/425 470/2075/318 496/2076/344

vt -29.6376 16.4961
vt -28.7613 13.9855
vt -28.8232 15.895
f 577/2077/425 496/2078/344 576/2079/424

v 40.5532 25.2129 -21.7855
vt -28.3458 14.2127
vn -0.231552 0.17901 0.956211
vt -29.4031 15.8206
vt -29.3376 13.9112
f 579/2080/427 576/2081/424 496/2082/344

vt -30.5843 13.8857
vt -32.0074 14.1216
vt -30.951 12.513
f 575/2083/423 576/2084/424 579/2085/427

vt -29.4839 13.3751
vt -29.8416 12
v 41.1447 24.3921 -21.0967
vt -28.8671 10.4038
vn -0.207221 0.21388 0.954628
f 575/2086/423 579/2087/427 580/2088/428

vt -27.4808 11.1407
vt -28.4637 12.7316
v 40.4602 24.0488 -21.579
vt -28.5872 10.6995
vn -0.357017 0.162481 0.919858
f 580/2089/428 579/2090/427 581/2091/429

vt -28.8598 12.3617
vt -27.9889 10.6306
vt -27.8678 12.6629
f 496/2092/344 581/2093/429 579/2094/427

vt -22.35 15.8179
vt -22.623 14.5736
vt -21.5008 14.076
f 496/2095/344 497/2096/345 581/2097/429

vt -24.01 11.4507
vt -23.4894 9.63687
vt -22.8863 10.9564
f 497/2098/345 498/2099/346 581/2100/429

vt -23.3535 11.1739
vt -23.9567 9.85446
v 40.5637 23.2406 -21.285
vt -23.1536 9.72
vn -0.340593 0.0885545 0.936031
f 581/2101/429 498/2102/346 582/2103/430

vt -22.7446 12.1209
vt -23.5476 12.2561
vt -23.3561 11.5613
f 582/2104/430 498/2105/346 499/2106/347

vt -28.0899 15.2573
vt -28.6668 14.6621
v 41.4288 23.0427 -20.7586
vt -26.7633 14.7348
vn -0.200352 0.155057 0.967376
f 582/2107/430 499/2108/347 583/2109/431

vt -28.1776 1.83483
vt -27.53 1.23905
vt -26.2742 1.90827
f 499/2110/347 500/2111/348 583/2112/431

v 41.6194 22.3287 -20.2927
vt -28.0669 6.0266
vn -0.178378 0.168999 0.96934
vt -28.4279 7.38207
vt -29.706 6.75661
f 584/2113/432 583/2114/431 500/2115/348

vt -29.6335 6.11934
v 42.9348 23.1615 -20.1947
vt -27.6983 7.51692
vn -0.0956903 0.171728 0.980486
vt -29.9698 7.48114
f 584/2116/432 585/2117/433 583/2118/431

vt -30.0806 6.96791
v 42.3357 22.1042 -19.9738
vt -29.0012 6.49178
vn -0.0991289 0.145373 0.984398
vt -28.1373 8.35426
f 584/2119/432 586/2120/434 585/2121/433

vt -29.0507 7.51392
vt -27.7191 9.42116
vt -28.7968 9.90112
f 503/2122/351 586/2123/434 584/2124/432

vt -29.8791 7.61686
v 43.6051 21.3246 -19.7159
vt -26.7281 8.11253
vn -0.0566587 0.103747 0.992989
vt -28.5733 9.54185
f 503/2125/351 587/2126/435 586/2127/434

vt -28.5607 4.93569
vt -26.6853 7.90211
vt -29.8366 7.40897
f 505/2128/353 587/2129/435 503/2130/351

vt -27.0906 7.9018
vt -28.9423 4.9205
v 44.1759 19.9591 -19.8906
vt -26.3302 5.58728
vn -0.0348801 0.0228176 0.999131
f 587/2131/435 505/2132/353 588/2133/436

vt -26.719 6.39252
vt -29.3216 5.69006
v 43.7053 18.9772 -20.5505
vt -27.5031 4.80687
vn -0.0485634 -0.0624455 0.996866
f 588/2134/436 505/2135/353 589/2136/437

vt -29.5676 4.95398
v 42.1785 18.6021 -20.95
vt -30.0147 3.55031
vn -0.0278217 -0.0631327 0.997617
vt -27.7386 4.09287
f 505/2137/353 590/2138/438 589/2139/437

vt -29.7897 4.65156
vt -32.7034 2.77865
vt -30.2201 3.24265
f 505/2140/353 506/2141/354 590/2142/438

vt -30.3771 3.3457
vt -32.8532 2.84474
vt -31.9667 2.37352
f 590/2143/438 506/2144/354 509/2145/357

vt -32.1204 1.09678
vt -33.0224 1.53754
vt -33.9017 0.550088
f 509/2146/357 506/2147/354 508/2148/356

vt -31.999 2.24038
v 43.1514 18.5549 -20.9746
vt -28.9842 3.13458
vn 3.50204e-05 -0.206268 0.978495
vt -30.4146 3.22081
f 509/2149/357 591/2150/439 590/2151/438

vt -32.1092 -0.0375414
vt -30.2757 -0.0466646
vt -29.1685 1.07626
f 509/2152/357 510/2153/358 591/2154/439

vt -30.2865 1.11371
vt -28.9008 1.64402
vt -29.1383 2.1946
f 510/2155/358 512/2156/360 591/2157/439

vt -22.8711 -17.2919
vt -22.7031 -16.5927
vt -23.5268 -17.8268
f 511/2158/359 512/2159/360 510/2160/358

vt -29.0429 3.14551
vt -28.8234 2.58749
vt -27.5591 2.63524
f 591/2161/439 512/2162/360 513/2163/361

vt -27.5555 2.66705
v 44.6604 18.9272 -20.4857
vt -26.8185 3.85916
vn -0.0151101 -0.130656 0.991313
vt -29.0387 3.17891
f 513/2164/361 592/2165/440 591/2166/439

vt -26.6316 4.72169
vt -27.4079 3.5548
vt -25.1118 4.10017
f 592/2167/440 513/2168/361 514/2169/362

vt -26.9704 2.68779
vt -25.4126 2.16881
v 45.7046 19.5287 -20.1129
vt -25.4624 3.72726
vn 0.0395802 -0.0142586 0.999115
f 592/2170/440 514/2171/362 593/2172/441

vt -25.2691 4.55791
vt -25.2703 2.99867
vt -24.3711 3.40388
f 593/2173/441 514/2174/362 515/2175/363

vt -25.4819 2.38295
vt -24.485 1.31317
v 46.1526 19.7631 -20.1519
vt -24.8385 2.81494
vn 0.0329564 0.0226055 0.999201
f 593/2176/441 515/2177/363 594/2178/442

vt -24.5462 4.8327
vt -24.3166 3.30706
v 48.8255 19.4753 -20.2676
vt -20.6185 4.33688
vn -0.00495747 -0.0104609 0.999933
f 594/2179/442 515/2180/363 595/2181/443

vt -24.3525 3.2884
vt -20.4931 3.53095
vt -20.6586 4.33321
f 515/2182/363 516/2183/364 595/2184/443

vt -20.707 4.21546
vt -20.5372 3.41411
v 52.1674 19.8275 -20.111
vt -15.7921 4.80916
vn -0.00838076 0.0136213 0.999872
f 595/2185/443 516/2186/364 596/2187/444

vt -20.525 3.42165
v 51.3202 19.1117 -20.5325
vt -17.0251 3.62651
vn -0.0149 -0.0749492 0.997076
vt -15.7778 4.80946
f 516/2188/364 597/2189/445 596/2190/444

vt -20.5573 3.57699
vt -16.9047 3.01509
vt -17.0585 3.79868
f 516/2191/364 517/2192/365 597/2193/445

vt -16.7491 4.55253
vt -16.6294 3.76302
v 52.5337 19.0319 -20.4968
vt -14.9667 4.37684
vn -0.0786392 -0.0932876 0.992529
f 597/2194/445 517/2195/365 598/2196/446

vt -16.8241 3.44599
vt -15.3788 2.79301
vt -15.1816 4.11185
f 517/2197/365 518/2198/366 598/2199/446

vt -8.16524 6.14179
v 52.5305 18.5302 -20.9415
vt -7.7534 6.46941
vn -0.115263 -0.241684 0.963485
vt -7.41538 7.2445
f 518/2200/366 599/2201/447 598/2202/446

vt -15.5608 1.93324
vt -13.664 2.13871
vt -15.4113 2.43781
f 518/2203/366 519/2204/367 599/2205/447

vt -15.4406 2.24333
vt -13.6893 1.96831
v 53.9854 18.7698 -20.7507
vt -13.3273 2.77184
vn -0.011377 -0.158894 0.98723
f 599/2206/447 519/2207/367 600/2208/448

vt -12.9424 4.27526
v 54.951 18.3527 -21.1102
vt -11.0965 4.16979
vn -0.0391878 -0.441038 0.896632
vt -12.4421 5.00077
f 519/2209/367 601/2210/449 600/2211/448

vt -12.6067 5.65852
vt -11.5588 5.04033
vt -10.7697 5.44967
f 519/2212/367 520/2213/368 601/2214/449

vt -11.8659 4.31054
vt -10.4679 4.19797
vt -11.1045 4.76928
f 520/2215/368 521/2216/369 601/2217/449

vt -11.8257 2.46596
vt -11.0877 2.03354
v 55.6668 18.3848 -21.0854
vt -10.7766 2.57102
vn -0.019962 -0.310748 0.950283
f 601/2218/449 521/2219/369 602/2220/450

vt -10.9695 2.6246
vt -9.56483 2.66889
vt -10.6303 3.14476
f 521/2221/369 522/2222/370 602/2223/450

vt -10.7567 2.67719
vt -9.67118 2.24895
v 57.2897 18.5757 -20.7901
vt -8.38673 3.1482
vn -0.00157437 -0.301352 0.953512
f 602/2224/450 522/2225/370 603/2226/451

vt -9.50642 2.8469
vt -7.79589 2.9436
vt -8.16791 3.66349
f 522/2227/370 523/2228/371 603/2229/451

vt -7.48538 4.83644
vt -7.22233 4.06999
vt -5.75923 4.01333
f 603/2230/451 523/2231/371 524/2232/372

vt -8.35873 2.9341
vt -6.51541 2.42498
v 58.2089 18.9077 -20.5329
vt -7.01784 3.51832
vn 0.0424684 -0.0845253 0.995516
f 603/2233/451 524/2234/372 604/2235/452

vt -6.36486 2.66188
v 59.1347 18.6836 -20.7462
vt -5.47454 3.38043
vn -0.00907367 -0.0503537 0.99869
vt -6.83198 3.77077
f 524/2236/372 605/2237/453 604/2238/452

vt -6.06022 2.76462
vt -4.37951 2.53591
vt -5.13423 3.43657
f 524/2239/372 525/2240/373 605/2241/453

vt -5.38156 3.14645
vt -4.59878 2.27007
vt -3.61231 2.55792
f 605/2242/453 525/2243/373 526/2244/374

vt -3.78257 2.09971
v 59.1623 19.5016 -20.4329
vt -5.52495 4.00159
vn 0.0763504 0.0488442 0.995884
vt -5.5633 2.65253
f 526/2245/374 606/2246/454 605/2247/453

vt -1.9253 1.1766
vt -5.68033 3.83364
vt -3.91504 1.953
f 527/2248/375 606/2249/454 526/2250/374

vt -2.04483 1.00168
vt -2.17484 3.01073
vt -5.82581 3.62166
f 527/2251/375 529/2252/377 606/2253/454

vt -2.19868 2.88734
v 60.8468 20.438 -20.7012
vt -3.3788 5.16615
vn 0.144311 0.110262 0.98337
vt -5.85043 3.49364
f 529/2254/377 607/2255/455 606/2256/454

vt -3.80084 4.93219
vt -2.59166 2.66868
v 61.3843 20.7932 -20.9856
vt -2.98993 5.61531
vn 0.228969 0.167165 0.958973
f 607/2257/455 529/2258/377 608/2259/456

vt -2.70849 2.64796
vt -1.71176 2.83057
vt -3.11295 5.59374
f 529/2260/377 530/2261/378 608/2262/456

vt -2.09347 2.63778
v 61.9509 20.8468 -21.5533
vt -2.54085 5.65571
vn 0.491084 0.216969 0.843659
vt -3.49184 5.40238
f 530/2263/378 609/2264/457 608/2265/456

vt -2.35342 4.06439
vt -3.05931 5.65478
vt -2.71089 2.62383
f 534/2266/382 609/2267/457 530/2268/378

vt -2.3562 4.06335
v 62.1475 20.6688 -21.9273
vt -2.62045 5.45867
vn 0.87384 0.228156 0.429359
vt -3.06151 5.654
f 534/2269/382 610/2270/458 609/2271/457

vt -2.31312 4.27552
v 62.1478 20.5407 -22.368
vt -2.03107 5.60014
vn 0.867438 0.0664636 -0.493086
vt -2.41526 5.69196
f 534/2272/382 611/2273/459 610/2274/458

vt -1.63748 4.32674
vt -1.60107 5.65341
vt -1.94812 4.34431
f 535/2275/383 611/2276/459 534/2277/382

vt -0.931597 4.36324
vt -0.449843 5.97258
vt -0.831115 5.6866
f 535/2278/383 536/2279/384 611/2280/459

vt -0.585372 6.07241
v 61.9212 21.4791 -22.42
vt -0.827799 7.41832
vn 0.802191 0.0327611 -0.596167
vt -0.963955 5.78288
f 536/2281/384 612/2282/460 611/2283/459

vt -0.590086 6.07177
vt -0.221343 7.27149
vt -0.833066 7.41758
f 536/2284/384 537/2285/385 612/2286/460

vt -0.869277 7.33717
vt -0.257208 7.19255
vt -0.863187 8.51757
f 612/2287/460 537/2288/385 538/2289/386

v 61.9318 21.4544 -22.0548
vt -2.47504 7.04118
vn 0.861642 0.230004 0.452406
vt -2.17473 7.18906
vt -2.26374 8.36612
f 613/2290/461 612/2291/460 538/2292/386

vt -2.13596 5.56017
vt -2.23868 7.19805
vt -2.53792 7.04802
f 611/2293/459 612/2294/460 613/2295/461

vt -2.40826 5.69506
vt -2.02418 5.60278
vt -2.39402 7.09894
f 610/2296/458 611/2297/459 613/2298/461

vt -3.08166 5.5618
vt -2.64156 5.3643
vt -2.83002 6.75554
f 609/2299/457 610/2300/458 613/2301/461

vt -3.07589 5.5525
vt -2.82654 6.74671
v 61.686 21.6277 -21.5566
vt -3.39213 6.89983
vn 0.492192 0.190162 0.849462
f 609/2302/457 613/2303/461 614/2304/462

vt -2.82614 6.75271
vt -2.74256 8.09179
vt -3.39177 6.90571
f 613/2305/461 538/2306/386 614/2307/462

vt -3.36018 7.09467
vt -2.67781 8.26197
v 61.6718 22.8718 -21.9477
vt -3.22826 9.31583
vn 0.717636 0.100722 0.689096
f 614/2308/462 538/2309/386 615/2310/463

vt -2.55732 8.3063
vt -2.45538 9.52063
vt -3.0964 9.36602
f 538/2311/386 539/2312/387 615/2313/463

vt -2.34548 8.81269
vt -2.56938 9.35857
vt -2.98548 8.65392
f 539/2314/387 542/2315/390 615/2316/463

vt -3.28038 9.2874
vt -2.82868 9.96977
vt -3.57865 10.7086
f 615/2317/463 542/2318/390 543/2319/391

vt -3.22622 9.32103
vt -3.50105 10.7469
v 61.4012 23.0139 -21.4637
vt -3.8043 9.42328
vn 0.389413 0.131544 0.911621
f 615/2320/463 543/2321/391 616/2322/464

vt -3.71036 9.44969
vt -3.39638 10.7709
v 61.2489 23.8878 -21.2541
vt -4.07021 10.8726
vn 0.35886 0.163551 0.918951
f 616/2323/464 543/2324/391 617/2325/465

vt -3.41204 10.6818
vt -2.92163 11.9584
vt -4.08589 10.7835
f 543/2326/391 544/2327/392 617/2328/465

vt -4.02504 10.682
vt -2.86409 11.8602
v 61.2894 24.8203 -21.6772
vt -3.84313 12.389
vn 0.254593 0.206526 0.944738
f 617/2329/465 544/2330/392 618/2331/466

vt -3.77754 12.5432
vt -2.79762 12.0161
v 61.397 25.5384 -21.9029
vt -3.59776 13.8245
vn 0.231612 0.172251 0.957437
f 618/2332/466 544/2333/392 619/2334/467

vt -2.69328 12.0564
v 62.0653 26.1087 -22.621
vt -2.38287 15.0392
vn 0.498032 0.0744392 0.863958
vt -3.48933 13.8665
f 544/2335/392 620/2336/468 619/2337/467

vt -3.09629 11.9117
v 62.0759 25.2626 -22.8964
vt -2.60062 13.5452
vn 0.989073 -0.0659392 0.131861
vt -2.923 14.9056
f 544/2338/392 621/2339/469 620/2340/468

vt -3.10204 11.9288
v 62.0045 24.6789 -22.7897
vt -2.65409 12.5376
vn 0.975539 -0.111552 0.189421
vt -2.60263 13.5612
f 544/2341/392 622/2342/470 621/2343/469

vt -2.91468 11.1837
vt -2.27407 11.1657
vt -2.50137 11.8165
f 544/2344/392 545/2345/393 622/2346/470

vt -1.53229 11.7183
vt -1.84648 13.3695
vt -1.81953 12.345
f 545/2347/393 621/2348/469 622/2349/470

vt -1.55872 11.7123
vt -1.60215 14.7374
vt -1.87068 13.364
f 545/2350/393 546/2351/394 621/2352/469

vt -1.94318 13.3967
vt -1.6691 14.769
v 62.1551 25.9361 -22.9984
vt -1.98352 14.5719
vn 0.975678 -0.161523 0.148196
f 621/2353/469 546/2354/394 623/2355/471

vt -1.73534 13.5139
vt -1.42668 13.7199
v 62.4698 26.6942 -23.1054
vt -1.93353 14.8939
vn 0.964244 -0.241315 0.10955
f 623/2356/471 546/2357/394 624/2358/472

vt -1.05035 14.16
v 62.5389 27.2168 -23.5023
vt -1.46065 16.3313
vn 0.43715 -0.205962 -0.875488
vt -1.61648 15.3065
f 546/2359/394 625/2360/473 624/2361/472

vt -0.301105 16.8938
vt 0.309842 14.7702
vt 0.980193 15.5806
f 625/2362/473 546/2363/394 547/2364/395

v 62.4242 27.8395 -23.5623
vt 0.171807 18.2881
vn 0.033384 0.103249 -0.994095
vt 0.0171793 17.2133
vt 1.29918 15.9008
f 626/2365/474 625/2366/473 547/2367/395

vt -0.0290285 18.2994
v 62.7751 27.9907 -23.3663
vt -0.578423 18.499
vn 0.598759 0.0714195 -0.797738
vt -0.176367 17.2236
f 626/2368/474 627/2369/475 625/2370/473

vt -0.176172 17.1464
vt 0.361909 16.9181
v 62.6404 28.0227 -23.367
vt 0.0194454 17.2093
vn 0.0648444 0.866208 0.495458
f 627/2371/475 626/2372/474 628/2373/476

vt 0.884145 14.4441
vt 1.14965 14.0813
v 62.0443 27.9061 -23.3444
vt 1.73633 14.1541
vn -0.215961 0.962146 -0.166241
f 628/2374/476 626/2375/474 629/2376/477

vt 1.66508 12.0962
vt 1.08063 12.0072
v 61.4984 27.8346 -23.3426
vt 2.44949 11.8859
vn -0.168461 0.973526 -0.154492
f 629/2377/477 626/2378/474 630/2379/478

vt 1.0734 12.3475
v 61.1595 27.6323 -23.6213
vt 2.88104 11.789
vn -0.0273897 0.297065 -0.954464
vt 2.44262 12.2303
f 626/2380/474 631/2381/479 630/2382/478

vt 3.78911 14.6673
vt 2.67455 15.7977
vt 0.825399 16.1979
f 548/2383/396 631/2384/479 626/2385/474

vt 3.51669 16.143
v 60.1494 27.3737 -23.9433
vt 3.81888 16.7942
vn 0.00219062 0.136713 -0.990608
vt 2.30774 17.1717
f 548/2386/396 632/2387/480 631/2388/479

vt 5.57092 16.0422
vt 3.97134 16.8513
vt 3.64916 16.2098
f 549/2389/397 632/2390/480 548/2391/396

vt 4.13562 15.5537
vt 5.69562 14.6707
v 58.955 27.4864 -23.6994
vt 5.90226 15.6997
vn -0.0666018 0.341503 -0.937518
f 632/2392/480 549/2393/397 633/2394/481

vt 5.74527 15.874
vt 5.58836 14.8362
vt 7.41666 14.6182
f 633/2395/481 549/2396/397 550/2397/398

vt 5.9831 13.9763
vt 7.53317 12.5735
v 57.8102 27.1806 -23.8614
vt 7.62704 13.3516
vn -0.0667995 0.466937 -0.881764
f 633/2398/481 550/2399/398 634/2400/482

vt 7.32465 14.2791
vt 7.33627 13.4955
v 56.7298 26.983 -24.1994
vt 8.93254 13.9638
vn -0.0119376 0.264835 -0.96422
f 634/2401/482 550/2402/398 635/2403/483

vt 7.41235 14.5314
vt 8.38661 13.6552
vt 9.02208 14.9511
f 550/2404/398 551/2405/399 635/2406/483

vt 8.42904 13.5755
vt 10.0501 13.5975
vt 9.11844 14.8436
f 551/2407/399 554/2408/402 635/2409/483

vt 9.40961 13.9282
vt 10.0507 14.9467
vt 8.42965 14.9268
f 553/2410/401 554/2411/402 551/2412/399

vt 9.10537 14.98
vt 10.046 13.7407
v 55.7895 26.8599 -24.2364
vt 10.4847 14.7508
vn -0.0341255 0.216702 -0.975641
f 635/2413/483 554/2414/402 636/2415/484

vt 10.4869 14.7444
vt 10.0469 13.7348
vt 11.4494 14.6792
f 636/2416/484 554/2417/402 555/2418/403

vt 10.5038 12.3054
vt 11.4653 12.2267
vt 11.7704 12.6775
f 636/2419/484 555/2420/403 556/2421/404

vt 10.5019 12.2494
vt 11.7678 12.6241
v 55.8341 27.1775 -23.7967
vt 10.4629 12.8333
vn -0.0820255 0.542277 -0.836186
f 636/2422/484 556/2423/404 637/2424/485

vt 10.4888 5.50822
vt 11.7469 5.10366
v 54.9404 27.2285 -23.4431
vt 11.8346 5.47138
vn -0.0746619 0.920089 -0.384527
f 637/2425/485 556/2426/404 638/2427/486

vt 11.8514 6.60847
vt 11.8031 6.23354
vt 13.3797 6.57356
f 638/2428/486 556/2429/404 559/2430/407

v 55.0293 27.2911 -22.8146
vt -11.668 0.374858
vn -0.0690057 0.798658 0.597816
vt -11.7719 0.918513
vt -13.2979 0.828509
f 639/2431/487 638/2432/486 559/2433/407

v 55.5742 27.3323 -23.1327
vt -6.85673 -4.56066
vn -0.191539 0.981475 -0.0044528
vt -7.75632 -4.9423
vt -7.31848 -5.28091
f 640/2434/488 638/2435/486 639/2436/487

vt 10.4532 1.57315
vt 11.7968 1.48881
vt 10.9781 2.02233
f 637/2437/485 638/2438/486 640/2439/488

v 55.8835 27.3814 -23.314
vt 8.73118 3.69433
vn -0.12979 0.983802 -0.123649
vt 8.47188 3.28657
vt 9.14815 3.42792
f 641/2440/489 637/2441/485 640/2442/488

v 56.8762 27.3286 -23.4749
vt 8.88298 9.11781
vn -0.00371486 0.797617 -0.603153
vt 10.4082 8.74423
vt 10.3455 9.22336
f 642/2443/490 637/2444/485 641/2445/489

vt 9.02993 9.81854
vt 10.3414 10.2485
vt 8.80417 10.5694
f 635/2446/483 637/2447/485 642/2448/490

vt 9.14851 12.2506
vt 10.5187 11.9722
vt 10.4943 12.5569
f 635/2449/483 636/2450/484 637/2451/485

vt 7.55251 9.5706
vt 9.12008 9.09371
vt 8.94327 9.85758
f 634/2452/482 635/2453/483 642/2454/490

v 57.628 27.3708 -23.3034
vt 7.51865 7.96705
vn -0.142076 0.903257 -0.404896
vt 7.29259 7.4324
vt 8.6337 7.8993
f 643/2455/491 634/2456/482 642/2457/490

v 58.6935 27.5979 -23.3264
vt 6.5049 7.43569
vn -0.218524 0.974698 -0.0470222
vt 7.42099 6.24487
vt 7.8841 6.59484
f 644/2458/492 634/2459/482 643/2460/491

vt 6.07047 8.18251
vt 7.54479 7.22376
vt 6.55075 8.35033
f 633/2461/481 634/2462/482 644/2463/492

vt 6.08899 6.93439
vt 6.55118 7.14701
v 59.43 27.6932 -23.2971
vt 5.52897 7.53927
vn -0.114801 0.955368 -0.2722
f 633/2464/481 644/2465/492 645/2466/493

vt -4.06835 4.51117
vt -5.10878 4.17014
v 59.474 27.679 -22.9511
vt -3.91487 4.23207
vn -0.0707458 0.695184 0.715342
f 645/2467/493 644/2468/492 646/2469/494

vt -3.98113 7.62019
vt -5.17579 7.57502
v 58.8388 27.4948 -22.5901
vt -4.7887 6.93866
vn -0.0582253 0.540412 0.839384
f 646/2470/494 644/2471/492 647/2472/495

vt -5.71223 7.4658
v 57.36 27.3934 -22.7945
vt -7.5824 6.59627
vn -0.052589 0.820625 0.569042
vt -5.40362 6.78789
f 644/2473/492 648/2474/496 647/2475/495

vt 1.66108 -1.87069
vt 1.48931 -3.47684
vt 1.87394 -3.92211
f 644/2476/492 643/2477/491 648/2478/496

vt -7.03328 -0.173798
vt -8.14612 -0.271322
vt -7.32218 -0.68639
f 643/2479/491 642/2480/490 648/2481/496

vt -8.52792 2.39458
vt -8.97542 3.20137
vt -10.3804 3.62117
f 648/2482/496 642/2483/490 641/2484/489

vt -7.94168 3.8208
vt -10.1373 4.16052
v 55.8818 27.3576 -22.6631
vt -10.106 3.57708
vn -0.0693845 0.730298 0.679596
f 648/2485/496 641/2486/489 649/2487/497

vt -8.78593 1.89052
vt -9.15838 1.56476
vt -8.59211 1.33933
f 641/2488/489 640/2489/488 649/2490/497

vt -9.21562 0.643776
vt -9.75674 0.924246
vt -10.4636 0.44221
f 649/2491/497 640/2492/488 639/2493/487

v 55.7755 27.1994 -22.2408
vt -9.82097 9.3165
vn -0.0535618 0.518783 0.853226
vt -9.71954 9.8392
vt -10.9805 9.74928
f 650/2494/498 649/2495/497 639/2496/487

v 56.7165 27.3055 -22.3036
vt -8.70137 10.0881
vn -0.0197548 0.530902 0.847203
vt -9.95384 10.346
vt -10.0751 9.82749
f 651/2497/499 649/2498/497 650/2499/498

vt -9.00292 7.12094
vt -8.06505 7.62178
vt -10.2368 7.45672
f 651/2500/499 648/2501/496 649/2502/497

vt -8.31718 10.3408
vt -9.29288 9.91835
v 57.8107 27.1518 -22.0053
vt -7.70947 9.40822
vn 0.00837763 0.460386 0.887679
f 648/2503/496 651/2504/499 652/2505/500

vt -7.45143 11.9403
vt -9.06117 12.3601
v 57.1477 26.8308 -21.3596
vt -8.42569 11.0641
vn 0.0016873 0.383548 0.92352
f 652/2506/500 651/2507/499 653/2508/501

vt -8.10714 11.1221
vt -8.79654 12.3902
v 56.0497 26.8143 -21.513
vt -9.7282 11.1441
vn -0.0452807 0.400296 0.915266
f 653/2509/501 651/2510/499 654/2511/502

vt -8.84724 12.5594
vt -10.2265 12.3301
vt -9.78783 11.32
f 651/2512/499 650/2513/498 654/2514/502

vt -10.2169 12.3279
v 55.1211 27.1614 -22.2653
vt -11.1794 12.2626
vn -0.0387783 0.517827 0.854606
vt -9.77686 11.3183
f 650/2515/498 655/2516/503 654/2517/502

vt -10.0999 8.08534
vt -11.2388 8.56976
vt -11.061 8.00156
f 650/2518/498 639/2519/487 655/2520/503

vt -11.3539 8.74711
v 53.331 27.2068 -22.7708
vt -13.8458 8.51772
vn -0.0335353 0.708244 0.705171
vt -11.1899 8.17475
f 639/2521/487 656/2522/504 655/2523/503

vt -11.0992 3.15311
vt -12.784 3.30798
vt -13.5736 2.77959
f 639/2524/487 559/2525/407 656/2526/504

vt -12.4947 1.91433
vt -14.0613 1.64182
vt -13.2509 1.33906
f 559/2527/407 560/2528/408 656/2529/504

vt -14.0504 1.71331
vt -14.7886 2.16454
v 49.6815 27.1998 -22.9648
vt -19.4179 1.92319
vn 0.0203654 0.886357 0.462553
f 656/2530/504 560/2531/408 657/2532/505

vt -14.5949 -1.3955
vt -19.2536 -1.58368
vt -19.1954 -1.96491
f 560/2533/408 561/2534/409 657/2535/505

vt -14.3758 15.5743
vt -15.2804 16.5456
vt -14.6421 15.2954
f 561/2536/409 562/2537/410 657/2538/505

vt -20.8363 6.04829
v 48.8839 27.198 -22.6535
vt -20.685 5.39248
vn 0.0152095 0.663616 0.747918
vt -19.5023 5.61164
f 562/2539/410 658/2540/506 657/2541/505

vt -20.8684 6.92188
v 46.6356 27.3058 -23.1935
vt -23.9969 7.09534
vn 0.00412334 0.937662 0.347525
vt -20.7468 6.25992
f 562/2542/410 659/2543/507 658/2544/506

vt 20.4355 6.80461
vt 23.3799 6.92169
vt 23.5341 7.27003
f 562/2545/410 563/2546/411 659/2547/507

vt 23.949 4.31861
vt 23.7504 3.99356
vt 25.2201 4.1748
f 659/2548/507 563/2549/411 564/2550/412

vt -23.4347 2.10947
vt -24.7125 2.05016
vt -24.9253 1.27106
f 659/2551/507 564/2552/412 565/2553/413

vt -23.9532 7.97445
vt -25.5454 7.35035
v 46.7217 27.2215 -22.5731
vt -23.8423 7.37253
vn 0.0282279 0.564946 0.824645
f 659/2554/507 565/2555/413 660/2556/508

vt -23.8525 11.9616
vt -25.5557 11.9464
v 46.2537 26.9135 -21.7435
vt -24.5639 10.9837
vn 0.0555887 0.403105 0.913464
f 660/2557/508 565/2558/413 661/2559/509

vt -24.55 10.9521
vt -25.5451 11.9113
v 44.7668 26.9914 -21.8043
vt -26.734 11.1484
vn -0.0641134 0.458974 0.886134
f 661/2560/509 565/2561/413 662/2562/510

vt -25.4026 10.2326
vt -26.7251 10.8668
vt -26.5642 9.42867
f 565/2563/413 566/2564/414 662/2565/510

vt -26.8756 13.2036
vt -28.4534 13.2087
vt -26.8449 11.7568
f 566/2566/414 567/2567/415 662/2568/510

vt -26.6671 11.0829
vt -28.3691 12.424
v 43.8812 27.11 -22.0533
vt -27.968 11.4278
vn -0.0221222 0.422019 0.906317
f 662/2569/510 567/2570/415 663/2571/511

vt -28.4164 12.7524
v 43.0858 27.2876 -22.4043
vt -29.1907 12.2603
vn -0.00197785 0.427891 0.903828
vt -28.0302 11.7504
f 567/2572/415 664/2573/512 663/2574/511

vt -28.4492 13.6023
vt -30.5312 14.1521
vt -29.2313 13.1228
f 567/2575/415 568/2576/416 664/2577/512

vt -29.1351 12.8934
vt -30.4643 13.8847
v 42.1051 27.2923 -22.3847
vt -30.5775 12.8989
vn -0.0137748 0.390273 0.920596
f 664/2578/512 568/2579/416 665/2580/513

vt -30.47 13.9331
vt -32.499 13.8437
vt -30.5846 12.9475
f 568/2581/416 571/2582/419 665/2583/513

vt -30.4061 8.32907
vt -31.9578 8.7094
vt -32.4332 8.20231
f 568/2584/416 570/2585/418 571/2586/419

vt -30.1068 8.59095
vt -32.0152 8.87377
vt -30.5154 8.32338
f 569/2587/417 570/2588/418 568/2589/416

vt -32.2918 14.2709
vt -32.8699 13.7582
vt -30.3498 13.4364
f 571/2590/419 574/2591/422 665/2592/513

vt -32.3979 14.9625
vt -34.8667 15.6743
vt -32.9819 14.4565
f 571/2593/419 572/2594/420 574/2595/422

vt -32.7849 14.9815
v 43.0446 26.5756 -21.6096
vt -28.8447 13.1687
vn -0.0607588 0.304937 0.950432
vt -30.2628 14.6763
f 574/2596/422 666/2597/514 665/2598/513

vt -32.3413 15.9957
vt -31.6793 13.3548
vt -28.3725 14.2462
f 574/2599/422 575/2600/423 666/2601/514

vt -31.6121 12.9955
v 42.1137 25.0649 -21.0031
vt -29.6185 11.1163
vn -0.12697 0.253603 0.958939
vt -28.3065 13.8914
f 575/2602/423 667/2603/515 666/2604/514

vt -29.061 11.5622
vt -31.071 13.4238
vt -30.4938 10.4446
f 667/2605/515 575/2606/423 580/2607/428

vt -28.3489 10.2375
vt -29.7706 9.1058
v 41.7717 24.0254 -20.5298
vt -28.767 8.3049
vn -0.14122 0.179977 0.973481
f 667/2608/515 580/2609/428 668/2610/516

vt -27.4634 9.7469
vt -28.4771 10.5349
v 40.8921 23.5586 -20.9899
vt -28.836 9.08884
vn -0.245399 0.150872 0.95761
f 668/2611/516 580/2612/428 669/2613/517

vt -27.3906 8.50801
vt -27.0426 9.95673
vt -28.1483 9.51371
f 669/2614/517 580/2615/428 581/2616/429

vt -26.2894 10.8099
vt -26.0919 9.35561
vt -25.5259 9.80856
f 581/2617/429 582/2618/430 669/2619/517

vt -27.8478 12.0457
vt -28.6246 13.0051
vt -29.1837 12.5437
f 583/2620/431 669/2621/517 582/2622/430

vt -29.2586 10.5892
vt -28.6786 12.1968
vt -30.0501 11.5366
f 583/2623/431 668/2624/516 669/2625/517

vt -27.7465 10.6252
vt -29.4511 12.2017
vt -30.0181 10.5895
f 585/2626/433 668/2627/516 583/2628/431

v 43.2903 24.2268 -20.1555
vt -27.8464 11.6047
vn -0.0481173 0.17545 0.983312
vt -30.1085 11.3746
vt -28.3936 9.80927
f 670/2629/518 668/2630/516 585/2631/433

vt -27.7486 10.6494
v 43.1232 24.6147 -20.312
vt -28.0029 11.3529
vn -0.0781695 0.224845 0.971254
vt -30.0108 10.4193
f 670/2632/518 671/2633/519 668/2634/516

vt -28.8644 11.2613
vt -28.6163 10.5556
v 45.1323 25.5648 -20.5393
vt -25.9117 12.939
vn 0.00552574 0.224159 0.974537
f 671/2635/519 670/2636/518 672/2637/520

vt -26.068 13.2176
vt -28.7785 10.8409
v 46.0416 24.3492 -20.1778
vt -24.7316 11.0487
vn 0.00131732 0.199489 0.979899
f 672/2638/520 670/2639/518 673/2640/521

vt -28.7868 11.0209
v 44.5502 22.8853 -19.8638
vt -26.9359 8.66103
vn -0.0299873 0.167125 0.98548
vt -24.7399 11.2284
f 670/2641/518 674/2642/522 673/2643/521

vt -26.2433 9.25439
vt -28.0879 11.6191
vt -28.6318 9.8226
f 674/2644/522 670/2645/518 585/2646/433

vt -29.7247 7.05961
vt -26.4592 8.34809
vt -28.8478 8.91597
f 586/2647/434 674/2648/522 585/2649/433

vt -28.0195 6.11018
vt -26.6222 8.79427
vt -29.8886 7.508
f 587/2650/435 674/2651/522 586/2652/434

v 48.5587 22.5448 -19.7942
vt -21.0212 8.30687
vn -0.00549779 0.153154 0.988187
vt -26.9162 8.91312
vt -28.3106 6.22754
v 45.4912 21.8683 -19.7527
vt -25.5348 7.15544
vn -0.0003341 0.12328 0.992372
f 675/2653/523 674/2654/522 587/2655/435 676/2656/524 

vt -26.9418 8.66701
vt -21.0468 8.06097
vt -24.7457 11.2343
f 674/2657/522 675/2658/523 673/2659/521

vt -21.0243 8.08614
v 48.8888 24.27 -20.1391
vt -20.5358 11.1072
vn -0.00599582 0.200356 0.979705
vt -24.7235 11.2591
f 675/2660/523 677/2661/525 673/2662/521

vt -21.0138 8.08367
v 52.7113 23.7179 -19.9816
vt -14.9038 10.1154
vn -0.00894124 0.175554 0.984429
vt -20.5254 11.1047
f 675/2663/523 678/2664/526 677/2665/525

v 52.1201 21.9697 -19.7636
vt -15.8355 7.26584
vn -0.0113443 0.125451 0.992035
vt -14.9625 10.2893
vt -21.0723 8.2572
f 679/2666/527 678/2667/526 675/2668/523

v 55.8352 22.027 -19.6718
vt -10.2726 7.30764
vn -0.012971 0.138837 0.99023
vt -14.8638 10.2686
vt -15.7382 7.24559
f 680/2669/528 678/2670/526 679/2671/527

v 55.7323 23.3822 -19.8178
vt -10.3755 9.71371
vn -0.00930349 0.179587 0.983698
vt -14.8197 10.3368
vt -10.2291 7.37476
f 681/2672/529 678/2673/526 680/2674/528

vt -14.8935 9.79065
vt -10.4495 9.16597
v 52.8992 24.929 -20.3895
vt -14.6175 11.9657
vn -0.0105066 0.227091 0.973817
f 678/2675/526 681/2676/529 682/2677/530

vt -14.5364 12.0904
vt -10.3652 9.29542
v 55.3283 24.7243 -20.2154
vt -10.9615 11.6874
vn -0.0232973 0.219389 0.975359
f 682/2678/530 681/2679/529 683/2680/531

vt -10.4054 9.28899
v 57.9296 25.4806 -20.3461
vt -7.17373 12.9959
vn 0.0323196 0.222719 0.974347
vt -11.0005 11.6812
f 681/2681/529 684/2682/532 683/2683/531

v 57.7571 23.2157 -19.8429
vt -7.59115 9.17784
vn 0.0176378 0.172014 0.984937
vt -7.3321 13.1599
vt -10.5688 9.45742
f 685/2684/533 684/2685/532 681/2686/529

vt -7.37873 9.15484
v 58.3783 24.7838 -20.1654
vt -6.46403 11.9035
vn 0.0774969 0.216008 0.973311
vt -7.12427 13.1372
f 685/2687/533 686/2688/534 684/2689/532

vt -7.05004 12.1039
vt -7.96608 9.35571
v 58.7731 23.1922 -20.0346
vt -6.46424 9.36885
vn 0.0730413 0.175897 0.981695
f 686/2690/534 685/2691/533 687/2692/535

vt -7.96335 9.02637
v 59.311 22.0182 -19.7775
vt -5.68207 6.97139
vn 0.0964017 0.12587 0.987352
vt -6.46151 9.03953
f 685/2693/533 688/2694/536 687/2695/535

v 58.2887 21.6438 -19.6059
vt -6.98146 6.5244
vn 0.0534324 0.124173 0.990821
vt -5.4752 7.20568
vt -7.76024 9.25647
f 689/2696/537 688/2697/536 685/2698/533

vt -7.3829 7.14316
vt -5.96626 3.66428
vt -5.88463 7.84182
f 689/2699/537 606/2700/454 688/2701/536

vt -6.27321 3.40946
vt -7.78335 6.84879
v 57.9384 20.8767 -19.5579
vt -8.25686 5.5182
vn 0.0292622 0.0893302 0.995572
f 606/2702/454 689/2703/537 690/2704/538

vt -7.211 5.45526
vt -6.69302 6.76919
vt -10.3007 7.44371
f 690/2705/538 689/2706/537 680/2707/528

vt -6.72624 6.59758
vt -7.50478 9.32972
vt -10.3341 7.27134
f 689/2708/537 685/2709/533 680/2710/528

vt -7.56901 9.41231
vt -10.5467 9.69194
vt -10.3977 7.35315
f 685/2711/533 681/2712/529 680/2713/528

vt -6.98051 5.80496
vt -10.0618 7.8064
v 55.9076 20.7608 -19.7668
vt -9.97504 5.67245
vn -0.0309298 0.0788133 0.996409
f 690/2714/538 680/2715/528 691/2716/539

vt -10.3153 7.73258
v 53.7261 21.4962 -19.733
vt -13.4202 6.84935
vn -0.0151553 0.10424 0.994437
vt -10.215 5.59922
f 680/2717/528 692/2718/540 691/2719/539

vt -10.2766 7.62946
vt -15.7422 7.56716
vt -13.3823 6.74899
f 680/2720/528 679/2721/527 692/2722/540

vt -13.2851 7.01207
vt -15.643 7.8361
v 53.4974 20.5764 -19.8684
vt -13.6334 5.47632
vn -0.0126001 0.072778 0.997269
f 692/2723/540 679/2724/527 693/2725/541

vt -13.7787 5.3114
vt -15.7988 7.66216
v 50.7085 20.8904 -19.8527
vt -17.8794 5.84908
vn -0.00488594 0.0936882 0.99559
f 693/2726/541 679/2727/527 694/2728/542

vt -15.759 7.64165
vt -20.9946 8.6391
vt -17.8414 5.83071
f 679/2729/527 675/2730/523 694/2731/542

vt -17.9277 5.71002
vt -21.0868 8.5119
vt -25.5994 7.35639
f 694/2732/542 675/2733/523 676/2734/524

vt -17.8983 5.84022
vt -25.5687 7.49242
v 45.8366 20.7933 -19.839
vt -25.064 5.68184
vn 0.0130024 0.0825272 0.996504
f 694/2735/542 676/2736/524 695/2737/543

vt -25.653 7.41116
vt -28.4268 6.47736
vt -25.1439 5.60182
f 676/2738/524 587/2739/435 695/2740/543

vt -28.4008 6.57812
vt -27.5612 4.29113
vt -25.1186 5.69972
f 587/2741/435 588/2742/436 695/2743/543

vt -25.232 5.69734
vt -27.6666 4.27498
vt -25.4115 3.59289
f 695/2744/543 588/2745/436 593/2746/441

vt -25.2005 4.4941
vt -27.4428 5.2173
vt -26.7458 3.5109
f 593/2747/441 588/2748/436 592/2749/440

vt -27.1712 5.8407
vt -27.9144 4.23541
vt -26.5094 4.12035
f 588/2750/436 589/2751/437 592/2752/440

vt -28.7005 4.14811
vt -26.448 4.71214
vt -27.8523 4.83455
f 591/2753/439 592/2754/440 589/2755/437

vt -28.1393 4.0926
vt -30.3947 3.46953
vt -28.9646 3.37893
f 589/2756/437 590/2757/438 591/2758/439

vt -25.389 5.30446
vt -25.5353 3.19745
vt -24.8815 3.61348
f 695/2759/543 593/2760/441 594/2761/442

v 48.7567 20.3326 -19.9485
vt -20.7316 5.33625
vn -0.00423569 0.0511223 0.998683
vt -25.0231 6.1146
vt -24.5665 4.40918
f 696/2762/544 695/2763/543 594/2764/442

vt -20.7763 5.10728
vt -17.9039 6.03563
vt -25.0696 5.87578
f 696/2765/544 694/2766/542 695/2767/543

vt -15.7799 4.29985
vt -17.9237 6.0635
vt -20.7952 5.13254
f 596/2768/444 694/2769/542 696/2770/544

vt -13.7186 5.69791
vt -17.8179 6.24558
vt -15.6832 4.47083
f 693/2771/541 694/2772/542 596/2773/444

v 54.2667 19.4982 -20.2094
vt -12.6528 3.93379
vn -0.012195 -0.00556549 0.99991
vt -13.7778 5.71836
vt -15.7385 4.48491
f 697/2774/545 693/2775/541 596/2776/444

vt -10.1939 6.04979
vt -13.7411 5.76319
vt -12.6198 3.97622
f 691/2777/539 693/2778/541 697/2779/545

vt -10.1579 5.73745
vt -13.3609 6.99327
vt -13.7055 5.45668
f 691/2780/539 692/2781/540 693/2782/541

v 55.8305 19.608 -20.1128
vt -10.2593 4.12825
vn -0.0537851 0.0122195 0.998478
vt -10.1287 6.03432
vt -12.5619 3.96935
f 698/2783/546 691/2784/539 697/2785/545

v 56.7465 19.9938 -19.7803
vt -8.29682 4.94187
vn -0.0435985 0.0401179 0.998243
vt -9.49718 6.27327
vt -9.68145 4.37164
f 699/2786/547 691/2787/539 698/2788/546

vt -8.75709 4.44872
vt -6.98518 5.89262
vt -9.9797 5.75972
f 699/2789/547 690/2790/538 691/2791/539

v 57.5759 19.9171 -19.7846
vt -7.7481 4.45477
vn 0.0341565 0.00111453 0.999416
vt -7.20735 6.04624
vt -8.96746 4.58799
f 700/2792/548 690/2793/538 699/2794/547

vt -6.04282 3.68876
vt -7.97674 5.8432
vt -8.44214 4.22809
f 606/2795/454 690/2796/538 700/2797/548

vt -7.32782 2.8601
vt -5.96916 3.91167
vt -8.36336 4.47324
f 604/2798/452 606/2799/454 700/2800/548

vt -7.12853 2.88338
vt -5.75608 2.54964
vt -5.74291 3.89918
f 604/2801/452 605/2802/453 606/2803/454

vt -7.25404 2.97263
vt -8.27001 4.59817
v 57.3027 19.1248 -20.2137
vt -8.61154 3.27453
vn 0.0215464 -0.0970286 0.995048
f 604/2804/452 700/2805/548 701/2806/549

vt -8.04386 3.7055
vt -7.61859 5.00466
v 56.2442 18.9284 -20.381
vt -9.60789 3.40464
vn -0.0467405 -0.0830563 0.995448
f 701/2807/549 700/2808/548 702/2809/550

vt -7.66472 5.01069
vt -8.88333 5.15055
vt -9.6481 3.40333
f 700/2810/548 699/2811/547 702/2812/550

vt -9.35777 3.5406
vt -8.55086 5.26876
vt -9.92765 4.67987
f 702/2813/550 699/2814/547 698/2815/546

vt -9.68568 4.91981
v 55.7368 19.0118 -20.4535
vt -9.87985 3.94588
vn -0.0529111 -0.0820385 0.995224
vt -9.13442 3.77142
f 698/2816/546 703/2817/551 702/2818/550

vt -12.6047 4.34151
vt -10.4498 3.5258
vt -10.3026 4.50793
f 697/2819/545 703/2820/551 698/2821/546

vt -12.9141 3.50262
vt -10.325 3.85989
vt -12.4688 4.70444
f 600/2822/448 703/2823/551 697/2824/545

vt -13.0047 3.65211
vt -10.5433 2.97071
vt -10.4204 4.04216
f 600/2825/448 602/2826/450 703/2827/551

vt -13.0857 3.35111
vt -11.6685 2.64927
vt -10.6155 2.7021
f 600/2828/448 601/2829/449 602/2830/450

vt -9.55404 5.02074
vt -9.78798 3.96795
vt -8.81383 4.82533
f 703/2831/551 602/2832/450 702/2833/550

vt -10.5319 3.18137
vt -8.13609 3.49573
vt -9.65937 4.142
f 602/2834/450 603/2835/451 702/2836/550

vt -9.84053 3.69228
vt -8.29715 3.0956
vt -8.28656 4.04142
f 702/2837/550 603/2838/451 701/2839/549

vt -8.41996 2.87426
vt -7.08692 3.47619
vt -8.4344 3.82003
f 603/2840/451 604/2841/452 701/2842/549

vt -15.2935 3.54433
vt -13.1553 3.12214
vt -12.7496 4.3379
f 598/2843/446 600/2844/448 697/2845/545

vt -15.2495 2.92019
vt -13.1095 3.32734
vt -15.2445 3.76577
f 599/2846/447 600/2847/448 598/2848/446

vt -15.1397 3.52457
vt -12.5818 4.27174
vt -15.6645 4.83936
f 598/2849/446 697/2850/545 596/2851/444

vt -16.8445 3.80882
vt -15.0605 3.65077
vt -15.5762 4.96916
f 597/2852/445 598/2853/446 596/2854/444

vt -15.7272 4.57915
vt -20.7399 5.42801
vt -20.6455 4.01379
f 596/2855/444 696/2856/544 595/2857/443

vt -20.7676 5.38861
vt -24.6003 4.45299
vt -20.6705 3.97457
f 696/2858/544 594/2859/442 595/2860/443

vt -6.03499 3.62907
vt -3.58363 5.33115
vt -5.97841 7.80703
f 606/2861/454 607/2862/455 688/2863/536

vt -6.23414 7.57759
vt -3.80258 5.13782
v 60.3882 21.6473 -20.3285
vt -4.57531 7.10059
vn 0.210523 0.106919 0.971724
f 688/2864/536 607/2865/455 704/2866/552

vt -4.94334 6.91884
vt -4.13697 4.96964
v 61.1637 21.3573 -20.9248
vt -3.6873 6.59643
vn 0.263668 0.138343 0.954641
f 704/2867/552 607/2868/455 705/2869/553

vt -3.79444 4.92566
vt -2.98345 5.60869
vt -3.32885 6.54797
f 607/2870/455 608/2871/456 705/2872/553

vt -3.54961 5.40266
vt -2.98735 6.98221
vt -3.89372 6.34241
f 608/2873/456 614/2874/462 705/2875/553

vt -2.53317 5.62105
vt -2.92531 6.94827
vt -3.48409 5.36749
f 609/2876/457 614/2877/462 608/2878/456

vt -3.12115 7.16047
v 61.175 22.4758 -20.9288
vt -4.10044 8.4207
vn 0.337377 0.163471 0.927067
vt -4.02698 6.5199
f 614/2879/462 706/2880/554 705/2881/553

vt -3.30085 7.02412
vt -3.20968 9.24733
vt -4.28205 8.28287
f 614/2882/462 615/2883/463 706/2884/554

vt -4.31028 8.33159
vt -3.23668 9.29468
vt -3.81483 9.39655
f 706/2885/554 615/2886/463 616/2887/464

vt -3.85115 7.89371
vt -3.38806 8.97313
v 60.6341 23.1003 -20.7714
vt -4.6562 8.92106
vn 0.220552 0.172218 0.960051
f 706/2888/554 616/2889/464 707/2890/555

vt -4.68156 9.52007
vt -3.41343 9.57224
v 60.7835 23.6495 -20.7815
vt -4.51873 10.4675
vn 0.223131 0.11859 0.967548
f 707/2891/555 616/2892/464 708/2893/556

vt -3.52084 9.51094
vt -3.86454 10.9379
vt -4.63382 10.3966
f 616/2894/464 617/2895/465 708/2896/556

vt -3.70787 10.7748
v 60.5884 24.1507 -20.7175
vt -4.78921 11.0671
vn 0.214297 0.210087 0.953908
vt -4.47884 10.2359
f 617/2897/465 709/2898/557 708/2899/556

vt -3.59253 12.2899
vt -4.82974 10.8741
vt -3.74876 10.5804
f 618/2900/466 709/2901/557 617/2902/465

vt -3.34703 11.8278
v 60.2942 25.2224 -21.214
vt -4.86787 12.3889
vn 0.140907 0.251914 0.957436
vt -4.55826 10.3897
f 618/2903/466 710/2904/558 709/2905/557

v 60.5681 26.6388 -21.9427
vt -4.27112 15.4106
vn 0.112258 0.227469 0.967293
vt -4.78318 12.7899
vt -3.25915 12.2375
f 711/2906/559 710/2907/558 618/2908/466

vt -3.80859 15.1762
v 58.5299 26.5791 -21.3874
vt -6.837 14.9175
vn 0.0738043 0.305618 0.949289
vt -4.26345 12.5449
f 711/2909/559 712/2910/560 710/2911/558

vt -3.79569 14.8967
v 60.3605 27.3067 -22.2853
vt -4.07285 16.1485
vn 0.0415615 0.328761 0.943498
vt -6.82392 14.6359
f 711/2912/559 713/2913/561 712/2914/560

vt -4.01675 14.8613
v 61.6957 26.6285 -22.4094
vt -2.3163 14.9782
vn 0.15264 0.19986 0.967862
vt -4.27394 16.1174
f 711/2915/559 714/2916/562 713/2917/561

vt -2.33683 15.5449
vt -4.03741 15.43
vt -2.82478 13.5466
f 714/2918/562 711/2919/559 619/2920/467

vt -2.67439 13.6651
vt -3.89364 15.5442
vt -2.84576 12.3827
f 619/2921/467 711/2922/559 618/2923/466

vt -2.25317 14.9322
vt -2.84841 15.7527
vt -3.36072 13.7605
f 620/2924/468 714/2925/562 619/2926/467

v 62.5352 27.3091 -22.9598
vt -1.33641 17.2106
vn 0.341994 0.113874 0.932777
vt -2.61908 15.8988
vt -2.02571 15.0769
f 715/2927/563 714/2928/562 620/2929/468

v 62.4211 27.9163 -23.1106
vt -1.18226 17.9745
vn 0.0352635 0.413379 0.909876
vt -2.30963 15.5872
vt -1.02763 16.8997
f 716/2930/564 714/2931/562 715/2932/563

vt -2.15993 15.4708
vt -1.04415 17.8635
vt -4.12789 16.592
f 714/2933/562 716/2934/564 713/2935/561

vt -3.40299 12.0564
vt -0.439277 13.587
v 61.1552 27.7374 -23.0036
vt -2.28842 13.1868
vn -0.0367201 0.585874 0.80957
f 713/2936/561 716/2937/564 717/2938/565

vt -0.0909605 8.31987
vt -1.46153 8.19906
vt -1.89323 7.74425
f 716/2939/564 630/2940/478 717/2941/565

vt -0.681543 8.63767
vt -1.46728 8.43244
vt -0.0964984 8.55087
f 629/2942/477 630/2943/478 716/2944/564

vt 0.237813 10.9014
vt -0.61211 10.6048
vt -0.0253638 10.5304
f 628/2945/476 629/2946/477 716/2947/564

v 62.7359 27.8111 -23.2346
vt -0.995544 16.5792
vn 0.570602 0.171178 0.803188
vt -1.10097 16.9947
vt -1.47024 16.7291
f 718/2948/566 628/2949/476 716/2950/564

vt -0.334322 17.3884
vt -0.531955 17.4446
vt -0.398517 17.0373
f 627/2951/475 628/2952/476 718/2953/566

vt -2.20992 17.7784
vt -2.2771 17.4278
vt -1.90711 16.4758
f 627/2954/475 718/2955/566 625/2956/473

v 62.6653 27.24 -23.2331
vt -1.58975 17.0051
vn 0.985437 -0.16912 0.0176788
vt -1.29519 17.0436
vt -1.71851 17.9731
f 719/2957/567 625/2958/473 718/2959/566

vt -1.3721 15.1674
vt -1.24655 16.1963
vt -1.54096 16.1566
f 624/2960/472 625/2961/473 719/2962/567

vt -2.17945 15.9813
vt -1.97136 16.963
vt -2.27474 17.0024
f 624/2963/472 719/2964/567 715/2965/563

vt -1.98307 17.0788
vt -1.97703 18.0554
vt -2.28651 17.1177
f 719/2966/567 718/2967/566 715/2968/563

vt -1.31661 17.9499
vt -1.1666 16.8745
vt -0.839973 17.8063
f 716/2969/564 715/2970/563 718/2971/566

vt -2.79529 14.8294
vt -2.16443 15.9847
vt -2.2568 17.0061
f 620/2972/468 624/2973/472 715/2974/563

vt -2.54902 14.1923
vt -2.33225 15.5695
vt -2.90653 14.385
f 623/2975/471 624/2976/472 620/2977/468

vt -2.59919 13.5462
vt -2.56134 14.7215
vt -2.92303 14.9063
f 621/2978/469 623/2979/471 620/2980/468

vt -2.12153 8.60348
vt -1.66279 9.03098
v 60.8215 27.7626 -23.2945
vt -2.64345 8.81144
vn -0.0829014 0.993491 -0.0781274
f 717/2981/565 630/2982/478 720/2983/568

vt 2.47245 12.0715
vt 2.90507 11.6245
vt 3.45082 11.842
f 630/2984/478 631/2985/479 720/2986/568

vt 2.59619 9.34861
v 59.9376 27.6005 -23.6465
vt 4.39138 9.24534
vn -0.0344809 0.467135 -0.883514
vt 3.1015 9.64825
f 631/2987/479 721/2988/569 720/2989/568

vt 2.53727 14.4908
vt 4.02323 14.0239
vt 4.33444 14.4311
f 631/2990/479 632/2991/480 721/2992/569

vt 4.43799 14.6121
vt 4.11198 14.2166
vt 5.87712 14.3797
f 721/2993/569 632/2994/480 633/2995/481

vt 5.45946 8.4063
vt 4.6659 8.26716
vt 6.06029 7.84193
f 645/2996/493 721/2997/569 633/2998/481

vt 3.36013 7.28452
vt 4.59306 6.73136
vt 5.37694 6.91743
f 720/2999/568 721/3000/569 645/3001/493

vt -2.68759 4.9117
vt -4.71886 4.63551
vt -4.61577 4.33413
f 720/3002/568 645/3003/493 646/3004/494

vt -2.3657 6.94948
vt -2.87147 7.19409
vt -4.83185 6.73763
f 717/3005/565 720/3006/568 646/3007/494

vt -2.44531 10.8852
vt -4.91573 10.7309
v 60.1402 27.5974 -22.628
vt -3.92698 10.4048
vn -0.00712996 0.448244 0.893883
f 717/3008/565 646/3009/494 722/3010/570

vt -3.80705 11.5934
vt -4.80395 11.8936
vt -5.71551 11.3591
f 722/3011/570 646/3012/494 647/3013/495

vt -3.88857 13.9845
vt -5.80027 13.7783
v 59.0542 27.2341 -22.1651
vt -5.4685 13.1377
vn -0.00226723 0.382661 0.923886
f 722/3014/570 647/3015/495 723/3016/571

vt -5.95515 13.6751
vt -7.46878 12.8165
vt -5.63952 13.0264
f 647/3017/495 652/3018/500 723/3019/571

vt -5.51527 10.9691
vt -7.6978 10.8264
vt -6.95746 9.99522
f 647/3020/495 648/3021/496 652/3022/500

vt -6.4735 12.9817
vt -5.69095 14.4171
vt -7.52166 14.2203
f 712/3023/560 723/3024/571 652/3025/500

vt -6.42844 12.8947
vt -3.73075 14.5006
vt -5.65256 14.3337
f 712/3026/560 713/3027/561 723/3028/571

vt -5.64968 14.2409
vt -3.72792 14.4085
vt -4.0501 15.05
f 723/3029/571 713/3030/561 722/3031/570

vt -3.9527 14.205
vt -2.74375 15.2338
vt -4.25489 14.8562
f 713/3032/561 717/3033/565 722/3034/570

vt -6.81549 12.5458
vt -7.80944 13.8283
vt -8.83762 13.0161
f 712/3035/560 652/3036/500 653/3037/501

v 57.5052 26.0846 -20.6608
vt -8.28301 12.3592
vn 0.0028359 0.278819 0.960339
vt -6.73187 13.4694
vt -8.75903 13.9174
f 724/3038/572 712/3039/560 653/3040/501

vt -7.92451 12.0888
vt -6.93458 14.3162
vt -8.50857 13.2387
f 684/3041/532 712/3042/560 724/3043/572

vt -7.63074 11.3455
vt -7.19734 14.8026
vt -8.24601 12.6022
f 686/3044/534 712/3045/560 684/3046/532

vt -7.01419 14.6263
vt -7.3868 11.1621
vt -4.46773 12.2246
f 712/3047/560 686/3048/534 710/3049/558

vt -4.45121 12.1336
vt -7.36899 11.0676
v 59.6521 24.2206 -20.2756
vt -5.50141 10.1196
vn 0.114847 0.178835 0.977153
f 710/3050/558 686/3051/534 725/3052/573

vt -5.05362 11.2065
vt -6.93237 12.1321
vt -6.34845 9.39662
f 725/3053/573 686/3054/534 687/3055/535

vt -5.40131 11.3808
vt -6.68615 9.56382
v 59.7544 23.139 -20.3271
vt -5.22322 9.55566
vn 0.13015 0.158084 0.978811
f 725/3056/573 687/3057/535 726/3058/574

vt -6.68953 8.95761
v 60.2325 22.2969 -20.1664
vt -4.53795 7.46964
vn 0.162428 0.179053 0.970339
vt -5.22661 8.94946
f 687/3059/535 727/3060/575 726/3061/574

vt -5.91046 6.90092
vt -4.52825 7.48525
vt -6.68021 8.97268
f 688/3062/536 727/3063/575 687/3064/535

vt -6.23127 7.58463
vt -4.57251 7.10739
vt -4.85088 8.17325
f 688/3065/536 704/3066/552 727/3067/575

vt -5.3066 7.98452
vt -5.00445 6.92515
vt -3.79743 8.50766
f 727/3068/575 704/3069/552 706/3070/554

vt -4.94719 6.90712
vt -3.6911 6.58491
vt -3.7362 8.4866
f 704/3071/552 705/3072/553 706/3073/554

vt -5.15758 7.56236
vt -3.64826 8.08507
vt -4.46535 9.10287
f 727/3074/575 706/3075/554 707/3076/555

vt -5.54091 8.82108
vt -4.86991 7.33318
vt -4.19665 8.88208
f 726/3077/574 727/3078/575 707/3079/555

vt -4.03816 10.5733
vt -5.57488 9.5705
vt -4.23062 9.63149
f 708/3080/556 726/3081/574 707/3082/555

vt -3.93614 10.4952
vt -5.66798 11.3223
vt -5.47676 9.49843
f 708/3083/556 725/3084/573 726/3085/574

vt -4.28709 11.2549
vt -5.71201 11.2481
vt -3.97934 10.4228
f 709/3086/557 725/3087/573 708/3088/556

vt -4.28367 10.3826
vt -4.6318 12.3755
vt -5.70859 10.3756
f 709/3089/557 710/3090/558 725/3091/573

vt -10.8709 11.1953
vt -7.04744 12.5196
vt -7.67902 13.6441
f 683/3092/531 684/3093/532 724/3094/572

vt -10.8095 11.0723
vt -7.62174 13.5265
v 55.2856 25.6983 -20.7064
vt -10.8877 12.8834
vn -0.0318395 0.259513 0.965214
f 683/3095/531 724/3096/572 728/3097/576

vt -7.58024 13.2064
v 56.4646 26.3467 -20.9505
vt -9.12186 13.746
vn -0.0441894 0.308191 0.950297
vt -10.8453 12.5584
f 724/3098/572 729/3099/577 728/3100/576

vt -7.77602 12.3631
vt -8.31525 13.9006
vt -9.31197 12.9188
f 724/3101/572 653/3102/501 729/3103/577

vt -9.07429 12.3128
vt -8.09433 13.3114
vt -9.71541 13.3313
f 729/3104/577 653/3105/501 654/3106/502

vt -9.05087 12.3254
vt -9.69371 13.3428
v 55.3753 26.4461 -21.2358
vt -10.6674 12.595
vn -0.0422383 0.321844 0.94585
f 729/3107/577 654/3108/502 730/3109/578

vt -9.63132 13.1325
v 55.1823 26.8881 -21.7643
vt -10.9215 13.3463
vn -0.0360434 0.395148 0.91791
vt -10.6014 12.38
f 654/3110/502 731/3111/579 730/3112/578

vt -9.78689 11.2949
vt -11.1883 12.2409
vt -11.0736 11.5288
f 654/3113/502 655/3114/503 731/3115/579

vt -11.1704 11.6312
vt -11.2762 12.3448
v 53.6926 26.9799 -22.0534
vt -13.3698 11.9159
vn -0.0230317 0.465948 0.884512
f 731/3116/579 655/3117/503 732/3118/580

vt -11.1038 9.87297
vt -13.7647 10.1745
vt -13.185 9.38721
f 655/3119/503 656/3120/504 732/3121/580

vt -14.0144 10.3427
v 52.7591 27.0645 -22.3361
vt -14.8511 9.83965
vn -0.00615198 0.583774 0.811893
vt -13.4754 9.52701
f 656/3122/504 733/3123/581 732/3124/580

vt -13.9715 9.95585
vt -19.3426 10.0294
vt -14.8031 9.44418
f 656/3125/504 657/3126/505 733/3127/581

vt -15.0432 5.74992
vt -19.528 6.66511
vt -20.7142 6.46578
f 733/3128/581 657/3129/505 658/3130/506

vt -14.8541 12.0306
vt -20.5566 12.4229
v 49.8459 26.8528 -21.9549
vt -19.1356 11.4757
vn -0.000326756 0.438808 0.898581
f 733/3131/581 658/3132/506 734/3133/582

vt -19.3063 11.3254
vt -20.6932 12.3218
v 48.476 26.9594 -22.0307
vt -21.3156 11.5852
vn 0.00504075 0.438618 0.898659
f 734/3134/582 658/3135/506 735/3136/583

vt -20.6395 11.753
vt -23.8197 11.7806
vt -21.2492 11.0059
f 658/3137/506 660/3138/508 735/3139/583

vt -20.6509 7.22862
vt -23.9447 7.87023
vt -23.831 7.26884
f 658/3140/506 659/3141/507 660/3142/508

vt -21.1404 11.756
vt -23.7265 12.4771
v 46.7149 26.9117 -21.9745
vt -23.7301 11.6451
vn 0.0466156 0.388542 0.920251
f 735/3143/583 660/3144/508 736/3145/584

vt -23.9085 14.7189
vt -23.8022 15.544
vt -24.6109 14.6448
f 736/3146/584 660/3147/508 661/3148/509

vt -23.8422 16.2437
vt -24.5454 16.1782
v 46.4193 26.2122 -21.1814
vt -24.399 14.765
vn 0.0437561 0.297035 0.953863
f 736/3149/584 661/3150/509 737/3151/585

vt -24.6832 15.3778
v 45.4726 26.2343 -20.9577
vt -25.8918 13.9447
vn 0.0308189 0.281917 0.958944
vt -24.4881 13.9705
f 661/3152/509 738/3153/586 737/3154/585

v 44.5437 26.5276 -21.1837
vt -27.095 13.4322
vn -0.114928 0.368234 0.922602
vt -25.7363 12.8313
vt -24.5665 14.2963
f 739/3155/587 738/3156/586 661/3157/509

vt -26.8798 14.0119
v 43.9533 25.6551 -20.6167
vt -27.7416 12.3325
vn -0.113414 0.291848 0.949717
vt -25.511 13.4344
f 739/3158/587 740/3159/588 738/3160/586

vt -13.184 2.97767
vt -13.2604 0.00514087
vt -13.0187 1.87727
f 662/3161/510 740/3162/588 739/3163/587

vt -28.8927 13.0514
vt -27.514 11.1042
vt -26.37 13.8488
f 666/3164/514 740/3165/588 662/3166/510

vt -27.7027 13.1595
vt -28.978 10.3674
vt -26.2444 11.2711
f 666/3167/514 667/3168/515 740/3169/588

vt -29.0342 10.6039
vt -27.4724 9.62182
vt -26.2996 11.5046
f 667/3170/515 671/3171/519 740/3172/588

vt -27.4043 9.71563
vt -28.9673 10.6958
vt -29.4054 8.7676
f 671/3173/519 667/3174/515 668/3175/516

vt -27.7115 13.2834
vt -28.931 11.4306
vt -25.9765 13.1052
f 740/3176/588 671/3177/519 672/3178/520

vt -27.7757 12.4831
vt -26.0411 12.3016
vt -25.5434 13.5816
f 740/3179/588 672/3180/520 738/3181/586

vt -26.3677 13.0073
v 46.1707 25.4055 -20.6338
vt -24.8386 12.7589
vn 0.0307641 0.245268 0.968967
vt -25.8466 14.2779
f 672/3182/520 741/3183/589 738/3184/586

vt -26.3505 13.1771
vt -25.03 10.9985
vt -24.8212 12.9305
f 672/3185/520 673/3186/521 741/3187/589

vt -24.7333 10.7106
v 48.9644 25.2739 -20.5641
vt -20.4346 12.3934
vn -0.00390046 0.251337 0.967892
vt -24.5436 12.6445
f 673/3188/521 742/3189/590 741/3190/589

vt -20.5525 10.5843
vt -20.4411 12.4193
vt -24.7401 10.7373
f 677/3191/525 742/3192/590 673/3193/521

vt -20.4284 12.4114
vt -20.5391 10.5763
vt -14.6408 11.7634
f 742/3194/590 677/3195/525 682/3196/530

vt -20.5742 10.8068
vt -14.9532 9.81466
vt -14.675 11.9895
f 677/3197/525 678/3198/526 682/3199/530

vt -20.4739 11.8562
vt -14.6874 11.1982
v 51.4851 26.1097 -21.1411
vt -16.7652 13.4678
vn -0.0123998 0.314346 0.949228
f 742/3200/590 682/3201/530 743/3202/591

vt -16.625 13.5689
vt -14.5322 11.3131
vt -11.0274 12.7245
f 743/3203/591 682/3204/530 728/3205/576

vt -14.588 11.5359
vt -11.0134 11.1289
vt -11.0805 12.9404
f 682/3206/530 683/3207/531 728/3208/576

vt -16.6612 13.2063
vt -11.0652 12.3523
vt -10.9407 13.8108
f 743/3209/591 728/3210/576 730/3211/578

vt -10.6702 12.098
vt -8.95549 13.2981
vt -10.5735 13.5586
f 728/3212/576 729/3213/577 730/3214/578

vt -16.5854 11.8052
vt -10.8681 12.4401
vt -11.1674 13.413
f 743/3215/591 730/3216/578 731/3217/579

vt -11.1037 12.8506
vt -13.3052 13.1178
vt -16.5112 11.2083
f 731/3218/579 732/3219/580 743/3220/591

vt -13.4804 14.1009
vt -19.1375 13.85
vt -16.7213 12.2513
f 732/3221/580 734/3222/582 743/3223/591

vt -13.4136 10.1768
vt -14.793 10.473
vt -19.0679 9.86984
f 732/3224/580 733/3225/581 734/3226/582

vt -21.2241 13.9489
v 48.5197 26.281 -21.2329
vt -21.1674 12.4571
vn -0.00256126 0.323027 0.946386
vt -16.8076 12.1075
vt -19.2103 13.7263
f 735/3227/583 744/3228/592 743/3229/591 734/3230/582 

vt -21.1692 13.8089
vt -23.7594 13.7085
vt -21.1024 12.3175
f 735/3231/583 736/3232/584 744/3233/592

vt -21.0778 12.3707
vt -23.7381 13.7553
vt -24.1667 12.2346
f 744/3234/592 736/3235/584 737/3236/585

vt -24.1957 13.6123
vt -20.4521 11.7974
vt -21.1065 13.7417
f 737/3237/585 742/3238/590 744/3239/592

vt -24.5699 12.0322
vt -20.4612 11.7768
vt -24.204 13.5934
f 741/3240/589 742/3241/590 737/3242/585

vt -25.8931 14.3602
vt -24.8957 12.8343
vt -24.4894 14.3855
f 738/3243/586 741/3244/589 737/3245/585

vt -20.4626 11.8028
vt -16.7548 13.4164
vt -21.116 13.7474
f 742/3246/590 743/3247/591 744/3248/592

vt -28.8397 12.6615
vt -26.3196 13.467
vt -27.6333 13.7594
f 666/3249/514 662/3250/510 663/3251/511

vt -28.6978 13.7105
vt -28.7041 12.1692
vt -27.5067 13.2769
f 664/3252/512 666/3253/514 663/3254/511

vt -30.5754 14.8419
vt -29.1981 13.2969
vt -29.1331 14.8369
f 665/3255/513 666/3256/514 664/3257/512

vt -26.9997 12.4105
vt -24.4815 13.304
vt -26.6678 13.4726
f 739/3258/587 661/3259/509 662/3260/510

vt 1.4178 15.9137
vt 3.38575 17.0349
vt 0.302014 18.3064
f 547/3261/395 548/3262/396 626/3263/474

vt -1.9714 2.44639
vt -2.2231 3.98035
vt -2.55712 2.53418
f 533/3264/381 534/3265/382 530/3266/378

vt -1.75893 1.12478
vt -1.97619 2.40694
vt -2.56186 2.49504
f 531/3267/379 533/3268/381 530/3269/378

vt -29.3111 9.47338
vt -28.1539 7.72295
vt -27.875 10.1073
f 501/3270/349 503/3271/351 584/3272/432

vt -28.4474 7.74828
vt -27.0081 8.37499
vt -28.6499 9.09912
f 501/3273/349 584/3274/432 500/3275/348

vt -30.833 -0.926863
vt -30.6368 -1.19126
vt -30.4897 -0.0727457
f 371/3276/219 372/3277/220 507/3278/355

vt 6.93164 -11.7558
vt 6.70965 -12.2786
vt 6.89099 -12.6754
f 507/3279/355 361/3280/209 371/3281/219

vt -1.22226 -7.7474
vt -1.40197 -9.05114
vt -1.1404 -8.54691
f 360/3282/208 361/3283/209 507/3284/355

vt -3.6442 -6.58689
vt -3.97965 -7.92346
vt -3.91587 -8.72461
f 358/3285/206 360/3286/208 507/3287/355

vt -3.37372 -6.8372
vt -3.43495 -8.06668
vt -3.10558 -6.7286
f 359/3288/207 360/3289/208 358/3290/206

vt -29.4057 1.99462
vt -30.0575 -0.059339
vt -28.6128 1.71638
f 358/3291/206 507/3292/355 504/3293/352

vt -28.9304 3.33134
vt -28.1372 3.05383
vt -28.6328 4.80358
f 358/3294/206 504/3295/352 357/3296/205

vt -27.8703 5.02969
vt -27.3754 3.27975
vt -26.822 5.41514
f 357/3297/205 504/3298/352 502/3299/350

vt -27.1607 6.84015
vt -27.6297 4.37483
vt -26.5815 4.7603
f 490/3300/338 357/3301/205 502/3302/350

vt 29.1238 10.07
vt 30.4964 9.41191
vt 30.1375 10.858
f 477/3303/325 483/3304/331 475/3305/323

vt 30.5293 10.0991
vt 31.3208 11.0464
vt 29.9493 11.7066
f 480/3306/328 483/3307/331 477/3308/325

vt 28.7153 10.02
vt 30.9869 9.98439
vt 30.4199 11.5966
f 479/3309/327 480/3310/328 477/3311/325

vt 29.0095 11.7008
vt 26.0569 13.3785
vt 28.7615 10.9951
f 478/3312/326 442/3313/290 441/3314/289

vt 27.7971 13.6189
vt 26.0622 13.4407
vt 29.0166 11.7661
f 445/3315/293 442/3316/290 478/3317/326

vt 29.9929 11.4758
vt 27.2583 12.3765
vt 28.4311 10.4937
f 476/3318/324 445/3319/293 478/3320/326

vt 28.6863 14.1029
vt 27.228 12.2145
vt 29.9617 11.3108
f 449/3321/297 445/3322/293 476/3323/324

vt 32.2814 13.8091
vt 28.9759 14.705
vt 30.2878 11.9299
f 473/3324/321 449/3325/297 476/3326/324

vt 32.9712 16.6682
vt 29.0024 14.9186
vt 32.3092 14.0272
f 460/3327/308 449/3328/297 473/3329/321

vt 34.918 17.2984
vt 33.0129 16.7304
vt 32.3576 14.0877
f 463/3330/311 460/3331/308 473/3332/321

vt 4.97085 6.9191
vt 3.59046 7.50772
vt 3.31209 6.44186
f 338/3333/186 405/3334/253 403/3335/251

vt 4.96928 6.92732
vt 3.31045 6.45032
vt 2.53772 4.48755
f 338/3336/186 403/3337/251 337/3338/185

vt 30.0399 3.2434
vt 30.4731 1.8354
vt 33.3026 1.40379
f 363/3339/211 366/3340/214 362/3341/210

vt 30.0003 3.53699
vt 28.1713 2.67588
vt 30.4474 2.13332
f 363/3342/211 364/3343/212 366/3344/214

vt 19.1684 -7.12194
vt 18.844 -6.55398
vt 18.5225 -7.23541
f 282/3345/130 285/3346/133 283/3347/131

g Mesh25 Pillow_Abernathy_17_1 Pillow_Abernathy_SKU_EAN5489__5_1 Group1 Model

v 16.6243 18.1506 -21.9741
v 18.6252 18.162 -22.1614
v 19.0129 18.1921 -21.7887
f 745/588/129 746/589/130 747/590/131

v 16.5537 18.2004 -22.5348
f 748/591/132 746/592/130 745/593/129

v 18.9486 18.2578 -22.5967
f 748/594/132 749/595/133 746/596/130

v 16.4343 18.4294 -23.0794
f 748/597/132 750/598/134 749/599/133

v 15.8207 18.2624 -22.8273
f 751/600/135 750/601/134 748/602/132

v 15.8307 18.8938 -23.8454
f 752/603/136 750/604/134 751/605/135

v 16.2703 19.1662 -23.91
f 752/606/136 753/607/137 750/608/134

v 15.9693 19.9971 -24.5202
f 754/609/138 753/610/137 752/611/136

v 19.101 19.3427 -24.0151
f 755/612/139 753/613/137 754/614/138

v 18.9683 18.7702 -23.4944
f 755/615/139 756/616/140 753/617/137

v 21.6107 19.1388 -23.7721
f 755/618/139 757/619/141 756/620/140

v 21.5205 20.0747 -24.4637
f 758/621/142 757/622/141 755/623/139

v 23.4348 19.4908 -24.0983
f 759/624/143 757/625/141 758/626/142

v 22.6528 18.5677 -23.226
f 757/627/141 759/628/143 760/629/144

v 24.3906 18.9168 -23.6279
f 760/630/144 759/631/143 761/632/145

v 26.0403 19.9658 -24.4406
f 762/633/146 761/634/145 759/635/143

v 25.9558 18.992 -23.7341
f 763/636/147 761/637/145 762/638/146

v 25.8562 18.5418 -23.2167
f 761/639/145 763/640/147 764/641/148

v 26.3642 18.4403 -23.2507
f 763/642/147 765/643/149 764/644/148

v 26.8772 19.2483 -24.163
f 765/645/149 763/646/147 766/647/150

f 766/648/150 763/649/147 762/650/146

v 28.074 20.0108 -24.6485
f 766/651/150 762/652/146 767/653/151

v 25.9721 21.1293 -24.9499
f 767/654/151 762/655/146 768/656/152

v 23.8611 20.6436 -24.7453
f 768/657/152 762/658/146 769/659/153

f 762/660/146 759/661/143 769/662/153

f 759/663/143 758/664/142 769/665/153

v 20.7824 21.1214 -24.9158
f 769/666/153 758/667/142 770/668/154

v 15.6276 20.9824 -24.9617
f 758/669/142 771/670/155 770/671/154

f 758/672/142 754/673/138 771/674/155

f 755/675/139 754/676/138 758/677/142

v 13.7409 20.4526 -24.8423
f 771/678/155 754/679/138 772/680/156

v 14.3062 19.2231 -24.2182
f 772/681/156 754/682/138 773/683/157

f 754/684/138 752/685/136 773/686/157

v 14.7801 18.447 -23.3089
f 752/687/136 774/688/158 773/689/157

f 774/690/158 752/691/136 751/692/135

v 14.2665 18.1208 -22.2647
f 774/693/158 751/694/135 775/695/159

v 15.6548 18.1599 -22.335
f 775/696/159 751/697/135 776/698/160

f 751/699/135 748/700/132 776/701/160

f 776/702/160 748/703/132 745/704/129

v 16.0891 18.1665 -21.7761
f 776/705/160 745/706/129 777/707/161

v 16.6201 18.2331 -21.5278
f 777/708/161 745/709/129 778/710/162

f 778/711/162 745/712/129 747/713/131

v 18.9011 18.3338 -21.3668
f 778/714/162 747/715/131 779/716/163

v 21.2146 18.2389 -21.7669
f 747/717/131 780/718/164 779/719/163

v 21.3092 18.2404 -22.1839
f 747/720/131 781/721/165 780/722/164

f 749/723/133 781/724/165 747/725/131

v 21.5344 18.3523 -22.6844
f 749/726/133 782/727/166 781/728/165

f 749/729/133 756/730/140 782/731/166

v 18.8812 18.4272 -23.0224
f 783/732/167 756/733/140 749/734/133

f 750/735/134 756/736/140 783/737/167

f 753/738/137 756/739/140 750/740/134

f 750/741/134 783/742/167 749/743/133

v 21.4391 18.652 -23.2352
f 756/744/140 784/745/168 782/746/166

f 756/747/140 757/748/141 784/749/168

f 784/750/168 757/751/141 760/752/144

f 784/753/168 760/754/144 782/755/166

v 22.4241 18.1708 -22.2674
f 782/756/166 760/757/144 785/758/169

v 22.6424 18.2412 -22.6406
f 785/759/169 760/760/144 786/761/170

v 24.1003 18.4076 -22.88
f 786/762/170 760/763/144 787/764/171

f 760/765/144 761/766/145 787/767/171

f 787/768/171 761/769/145 764/770/148

v 25.9084 18.2113 -22.6439
f 787/771/171 764/772/148 788/773/172

f 764/774/148 765/775/149 788/776/172

v 27.4033 18.245 -22.7338
f 788/777/172 765/778/149 789/779/173

v 27.4254 18.5728 -23.4591
f 765/780/149 790/781/174 789/782/173

v 27.7062 19.1793 -24.1223
f 790/783/174 765/784/149 791/785/175

f 791/786/175 765/787/149 766/788/150

f 791/789/175 766/790/150 767/791/151

v 29.2827 19.0052 -23.3516
f 792/792/176 791/793/175 767/794/151

v 28.3267 18.4755 -23.0738
f 793/795/177 791/796/175 792/797/176

f 793/798/177 790/799/174 791/800/175

f 789/801/173 790/802/174 793/803/177

v 28.6397 18.0797 -22.2433
f 789/804/173 793/805/177 794/806/178

v 29.249 18.3367 -22.7858
f 794/807/178 793/808/177 795/809/179

f 793/810/177 792/811/176 795/812/179

v 30.4559 18.0735 -22.5002
f 796/813/180 795/814/179 792/815/176

v 29.7874 17.9543 -22.2944
f 795/816/179 796/817/180 797/818/181

v 30.8437 17.7248 -21.9199
f 797/819/181 796/820/180 798/821/182

v 31.7948 17.7082 -22.0422
f 798/822/182 796/823/180 799/824/183

f 799/825/183 796/826/180 792/827/176

v 31.736 18.7711 -22.6594
f 799/828/183 792/829/176 800/830/184

v 30.9656 19.9815 -23.385
f 800/831/184 792/832/176 801/833/185

v 29.4461 21.1639 -24.8
f 792/834/176 802/835/186 801/836/185

v 28.4254 20.7515 -24.852
f 803/837/187 802/838/186 792/839/176

v 27.8942 22.3121 -25.1553
f 803/840/187 804/841/188 802/842/186

f 803/843/187 768/844/152 804/845/188

f 767/846/151 768/847/152 803/848/187

f 792/849/176 767/850/151 803/851/187

v 25.8704 22.4563 -25.2616
f 804/852/188 768/853/152 805/854/189

v 23.1092 22.011 -25.1467
f 805/855/189 768/856/152 806/857/190

f 768/858/152 769/859/153 806/860/190

f 806/861/190 769/862/153 770/863/154

v 18.9538 22.6114 -25.2848
f 806/864/190 770/865/154 807/866/191

v 14.7153 21.9849 -25.2083
f 807/867/191 770/868/154 808/869/192

f 770/870/154 771/871/155 808/872/192

f 808/873/192 771/874/155 772/875/156

v 12.4699 21.2708 -24.8739
f 772/876/156 809/877/193 808/878/192

v 11.6557 20.3214 -23.9149
f 810/879/194 809/880/193 772/881/156

v 11.7499 21.5864 -24.6569
f 810/882/194 811/883/195 809/884/193

v 10.8519 21.3412 -23.9165
f 812/885/196 811/886/195 810/887/194

v 10.7144 22.1252 -23.9936
f 812/888/196 813/889/197 811/890/195

v 10.4386 21.2565 -23.3768
f 813/891/197 812/892/196 814/893/198

v 10.5947 20.146 -23.2984
f 815/894/199 814/895/198 812/896/196

v 10.2797 18.981 -22.734
v 10.0277 20.0775 -22.7142
f 816/897/200 817/898/201 814/899/198 815/900/199 

v 9.76147 19.0675 -22.2662
f 818/901/202 817/902/201 816/903/200

v 9.74369 19.7462 -22.1756
f 819/904/203 817/905/201 818/906/202

v 9.84427 20.1998 -22.1872
f 817/907/201 819/908/203 820/909/204

v 9.97004 20.1891 -21.7025
f 820/910/204 819/911/203 821/912/205

v 9.79523 19.3153 -21.7283
f 821/913/205 819/914/203 822/915/206

v 9.74611 19.204 -22.0213
f 819/916/203 823/917/207 822/918/206

f 819/919/203 818/920/202 823/921/207

v 9.50162 18.5279 -21.9097
f 823/922/207 818/923/202 824/924/208

v 9.2452 17.7808 -21.9545
f 818/925/202 825/926/209 824/927/208

f 818/928/202 816/929/200 825/930/209

v 10.3747 18.1095 -22.4089
f 825/931/209 816/932/200 826/933/210

v 12.5698 18.9624 -23.4731
f 816/934/200 827/935/211 826/936/210

f 816/937/200 810/938/194 827/939/211

f 816/940/200 815/941/199 810/942/194

f 815/943/199 812/944/196 810/945/194

f 827/946/211 810/947/194 772/948/156

f 772/949/156 773/950/157 827/951/211

v 13.8244 18.5134 -23.2773
f 773/952/157 828/953/212 827/954/211

f 773/955/157 774/956/158 828/957/212

v 13.2638 18.2538 -22.745
f 829/958/213 828/959/212 774/960/158

v 12.2914 18.288 -22.797
f 828/961/212 829/962/213 830/963/214

v 10.9948 17.901 -22.2044
f 831/964/215 830/965/214 829/966/213

f 830/967/214 831/968/215 826/969/210

v 9.99603 17.6094 -22.0209
f 831/970/215 832/971/216 826/972/210

v 9.86818 17.4924 -21.8255
f 833/973/217 832/974/216 831/975/215

v 9.22029 17.4072 -21.7739
f 834/976/218 832/977/216 833/978/217

f 826/979/210 832/980/216 834/981/218

f 834/982/218 825/983/209 826/984/210

v 9.12721 17.6015 -21.7321
f 825/985/209 834/986/218 835/987/219

v 9.2418 17.4706 -21.5877
f 835/988/219 834/989/218 836/990/220

f 834/991/218 833/992/217 836/993/220

v 9.87297 17.5147 -21.6579
f 836/994/220 833/995/217 837/996/221

v 10.7609 17.7546 -21.7732
f 837/997/221 833/998/217 838/999/222

f 833/1000/217 831/1001/215 838/1002/222

v 11.7169 17.9138 -21.7728
f 838/1003/222 831/1004/215 839/1005/223

v 12.9585 18.0284 -22.1828
f 839/1006/223 831/1007/215 840/1008/224

f 831/1009/215 829/1010/213 840/1011/224

f 829/1012/213 775/1013/159 840/1014/224

f 775/1015/159 829/1016/213 774/1017/158

v 13.6352 18.1263 -21.7999
f 840/1018/224 775/1019/159 841/1020/225

v 14.5881 18.1615 -21.802
f 841/1021/225 775/1022/159 842/1023/226

f 775/1024/159 776/1025/160 842/1026/226

f 842/1027/226 776/1028/160 777/1029/161

v 15.6475 18.3363 -21.2979
f 842/1030/226 777/1031/161 843/1032/227

f 843/1033/227 777/1034/161 778/1035/162

v 16.5471 18.4479 -21.1065
f 843/1036/227 778/1037/162 844/1038/228

f 844/1039/228 778/1040/162 779/1041/163

v 18.9482 18.584 -20.9631
f 844/1042/228 779/1043/163 845/1044/229

v 21.3277 18.3879 -21.3664
f 779/1045/163 846/1046/230 845/1047/229

f 779/1048/163 780/1049/164 846/1050/230

v 22.2994 18.1856 -21.7759
f 780/1051/164 847/1052/231 846/1053/230

f 780/1054/164 781/1055/165 847/1056/231

f 781/1057/165 785/1058/169 847/1059/231

f 781/1060/165 782/1061/166 785/1062/169

v 22.9616 18.1593 -21.7414
f 847/1063/231 785/1064/169 848/1065/232

v 23.7151 18.2181 -21.8921
f 848/1066/232 785/1067/169 849/1068/233

f 785/1069/169 786/1070/170 849/1071/233

f 786/1072/170 787/1073/171 849/1074/233

v 25.06 18.1351 -22.3898
f 849/1075/233 787/1076/171 850/1077/234

f 787/1078/171 788/1079/172 850/1080/234

v 25.5541 18.1186 -22.155
f 850/1081/234 788/1082/172 851/1083/235

v 27.2072 18.1406 -22.0553
f 851/1084/235 788/1085/172 852/1086/236

f 788/1087/172 789/1088/173 852/1089/236

v 28.8756 17.999 -21.6944
f 852/1090/236 789/1091/173 853/1092/237

f 789/1093/173 794/1094/178 853/1095/237

v 29.9498 17.7891 -21.6382
f 853/1096/237 794/1097/178 854/1098/238

f 794/1099/178 797/1100/181 854/1101/238

f 794/1102/178 795/1103/179 797/1104/181

f 854/1105/238 797/1106/181 798/1107/182

v 30.7633 17.787 -21.3995
f 854/1108/238 798/1109/182 855/1110/239

v 31.4141 17.6002 -21.6063
f 855/1111/239 798/1112/182 856/1113/240

f 798/1114/182 799/1115/183 856/1116/240

v 32.0848 17.5019 -21.706
f 856/1117/240 799/1118/183 857/1119/241

v 32.7819 17.4447 -21.583
f 858/1120/242 857/1121/241 799/1122/183

v 32.4979 17.4893 -21.523
f 857/1123/241 858/1124/242 859/1125/243

v 32.829 17.7546 -21.3609
f 859/1126/243 858/1127/242 860/1128/244

v 32.973 17.5903 -21.5699
f 858/1129/242 861/1130/245 860/1131/244

v 32.8528 17.6332 -21.828
f 858/1132/242 862/1133/246 861/1134/245

f 862/1135/246 858/1136/242 799/1137/183

f 862/1138/246 799/1139/183 800/1140/184

v 32.6474 18.2549 -22.0385
f 800/1141/184 863/1142/247 862/1143/246

v 32.3665 19.0714 -22.3085
f 800/1144/184 864/1145/248 863/1146/247

v 31.5 20.412 -23.2268
f 800/1147/184 865/1148/249 864/1149/248

f 801/1150/185 865/1151/249 800/1152/184

v 31.2815 20.9237 -23.4736
f 801/1153/185 866/1154/250 865/1155/249

v 30.5149 20.9985 -24.1428
f 867/1156/251 866/1157/250 801/1158/185

v 31.2953 21.9808 -23.8395
f 867/1159/251 868/1160/252 866/1161/250

v 30.3629 21.5577 -24.5126
f 869/1162/253 868/1163/252 867/1164/251

v 30.7581 22.5168 -24.2018
f 869/1165/253 870/1166/254 868/1167/252

v 29.8846 22.4044 -24.6458
f 871/1168/255 870/1169/254 869/1170/253

v 30.9086 23.0388 -24.3718
f 872/1171/256 870/1172/254 871/1173/255

v 31.4224 22.6219 -23.6044
f 870/1174/254 872/1175/256 873/1176/257

v 31.732 22.7063 -23.1522
f 873/1177/257 872/1178/256 874/1179/258

v 31.3681 23.421 -23.9983
f 874/1180/258 872/1181/256 875/1182/259

v 30.7155 23.4903 -24.6006
f 875/1183/259 872/1184/256 876/1185/260

v 29.7855 23.4079 -25.0534
f 876/1186/260 872/1187/256 877/1188/261

f 872/1189/256 871/1190/255 877/1191/261

v 28.9075 22.3557 -24.9528
f 877/1192/261 871/1193/255 878/1194/262

f 878/1195/262 871/1196/255 869/1197/253

f 802/1198/186 878/1199/262 869/1200/253

f 804/1201/188 878/1202/262 802/1203/186

v 28.5146 23.9001 -25.3609
f 879/1204/263 878/1205/262 804/1206/188

f 877/1207/261 878/1208/262 879/1209/263

v 30.4172 24.6651 -24.4903
f 880/1210/264 877/1211/261 879/1212/263

f 876/1213/260 877/1214/261 880/1215/264

v 31.405 24.4411 -23.9067
f 881/1216/265 876/1217/260 880/1218/264

f 881/1219/265 875/1220/259 876/1221/260

v 31.777 24.2041 -23.4789
f 875/1222/259 881/1223/265 882/1224/266

v 31.5112 25.1937 -23.9297
f 881/1225/265 883/1226/267 882/1227/266

v 30.6844 26.2434 -24.2672
f 883/1228/267 881/1229/265 884/1230/268

f 884/1231/268 881/1232/265 880/1233/264

v 28.6537 25.9988 -24.7993
f 884/1234/268 880/1235/264 885/1236/269

f 885/1237/269 880/1238/264 879/1239/263

v 28.0651 24.6164 -25.4268
f 879/1240/263 886/1241/270 885/1242/269

f 804/1243/188 886/1244/270 879/1245/263

f 804/1246/188 805/1247/189 886/1248/270

v 25.4641 23.8534 -25.3355
f 805/1249/189 887/1250/271 886/1251/270

v 23.0214 24.0987 -25.2719
f 888/1252/272 887/1253/271 805/1254/189

v 25.417 24.9349 -25.1948
f 888/1255/272 889/1256/273 887/1257/271

v 21.6119 25.4581 -24.9722
f 890/1258/274 889/1259/273 888/1260/272

v 25.5012 25.8159 -24.9411
f 890/1261/274 891/1262/275 889/1263/273

v 25.3021 26.4073 -24.5912
f 890/1264/274 892/1265/276 891/1266/275

v 23.8088 26.5861 -24.3689
f 892/1267/276 890/1268/274 893/1269/277

v 19.9635 26.4246 -24.4722
f 893/1270/277 890/1271/274 894/1272/278

v 18.593 26.5471 -24.4545
v 18.6459 25.6432 -24.9825
f 895/1273/279 894/1274/278 890/1275/274 896/1276/280 

v 19.8725 26.9448 -23.8988
f 894/1277/278 895/1278/279 897/1279/281

v 18.5702 27.0406 -23.8886
f 897/1280/281 895/1281/279 898/1282/282

v 16.832 26.9697 -24.0531
f 898/1283/282 895/1284/279 899/1285/283

v 16.8326 26.4795 -24.5158
f 895/1286/279 900/1287/284 899/1288/283

f 895/1289/279 896/1290/280 900/1291/284

v 16.5463 25.5564 -25.0369
f 896/1292/280 901/1293/285 900/1294/284

v 19.1874 24.3294 -25.2798
f 901/1295/285 896/1296/280 902/1297/286

f 902/1298/286 896/1299/280 890/1300/274

f 902/1301/286 890/1302/274 888/1303/272

v 22.8243 23.218 -25.2991
f 902/1304/286 888/1305/272 903/1306/287

f 903/1307/287 888/1308/272 805/1309/189

f 806/1310/190 903/1311/287 805/1312/189

f 807/1313/191 903/1314/287 806/1315/190

f 902/1316/286 903/1317/287 807/1318/191

v 16.1781 23.4668 -25.3732
f 807/1319/191 904/1320/288 902/1321/286

f 808/1322/192 904/1323/288 807/1324/191

v 13.4269 23.3363 -25.3911
f 905/1325/289 904/1326/288 808/1327/192

v 15.2666 24.7302 -25.4463
f 906/1328/290 904/1329/288 905/1330/289

v 16.3033 24.6134 -25.2904
f 906/1331/290 907/1332/291 904/1333/288

v 15.6027 25.5012 -25.2682
f 906/1334/290 908/1335/292 907/1336/291

v 14.0869 24.8382 -25.4191
f 909/1337/293 908/1338/292 906/1339/290

v 14.6716 25.8505 -25.1645
f 910/1340/294 908/1341/292 909/1342/293

v 16.3747 26.4037 -24.7405
f 910/1343/294 911/1344/295 908/1345/292

v 14.8873 26.494 -24.7292
f 910/1346/294 912/1347/296 911/1348/295

f 912/1349/296 910/1350/294 909/1351/293

v 13.1669 26.0332 -24.7988
f 913/1352/297 912/1353/296 909/1354/293

v 13.9987 26.6862 -24.5454
f 913/1355/297 914/1356/298 912/1357/296

v 13.1989 26.9679 -24.2837
f 915/1358/299 914/1359/298 913/1360/297

v 13.7132 27.2589 -23.929
f 916/1361/300 914/1362/298 915/1363/299

f 912/1364/296 914/1365/298 916/1366/300

v 15.3547 27.0431 -24.0591
f 917/1367/301 912/1368/296 916/1369/300

f 899/1370/283 911/1371/295 912/1372/296 917/1373/301 

f 900/1374/284 911/1375/295 899/1376/283

f 900/1377/284 901/1378/285 911/1379/295

f 911/1380/295 901/1381/285 908/1382/292

f 908/1383/292 901/1384/285 907/1385/291

f 907/1386/291 901/1387/285 902/1388/286

f 904/1389/288 907/1390/291 902/1391/286

v 15.408 27.2848 -23.4632
f 899/1392/283 917/1393/301 918/1394/302

v 14.6294 27.3766 -23.5289
f 918/1395/302 917/1396/301 919/1397/303

f 917/1398/301 916/1399/300 919/1400/303

v 13.6197 27.4762 -23.3887
f 919/1401/303 916/1402/300 920/1403/304

v 12.4989 27.5242 -23.7989
f 916/1404/300 921/1405/305 920/1406/304

f 916/1407/300 915/1408/299 921/1409/305

v 12.2186 26.9636 -24.3171
v 10.9064 27.482 -23.8832
f 915/1410/299 922/1411/306 923/1412/307 921/1413/305 

f 922/1414/306 915/1415/299 913/1416/297

v 10.509 27.1766 -24.063
f 924/1417/308 922/1418/306 913/1419/297

f 923/1420/307 922/1421/306 924/1422/308

v 10.2358 27.7654 -23.5228
f 923/1423/307 924/1424/308 925/1425/309

v 9.36907 27.8995 -23.6077
f 925/1426/309 924/1427/308 926/1428/310

v 9.22677 27.5573 -23.7641
f 927/1429/311 926/1430/310 924/1431/308

v 8.98314 27.955 -23.5129
f 927/1432/311 928/1433/312 926/1434/310

v 8.97161 27.8144 -23.4898
f 928/1435/312 927/1436/311 929/1437/313

v 8.87519 27.5781 -23.455
f 929/1438/313 927/1439/311 930/1440/314

v 9.47918 26.2005 -23.6247
f 931/1441/315 930/1442/314 927/1443/311

v 9.19367 26.8156 -23.3958
f 930/1444/314 931/1445/315 932/1446/316

v 9.31101 26.2217 -23.2333
f 932/1447/316 931/1448/315 933/1449/317

v 9.52624 25.634 -23.1179
f 933/1450/317 931/1451/315 934/1452/318

v 10.0601 24.7114 -23.6848
f 931/1453/315 935/1454/319 934/1455/318

v 9.98746 25.7907 -23.9552
f 931/1456/315 936/1457/320 935/1458/319

f 936/1459/320 931/1460/315 927/1461/311

v 10.9254 25.5849 -24.3553
f 937/1462/321 936/1463/320 927/1464/311

v 10.6702 24.7995 -24.2162
f 937/1465/321 938/1466/322 936/1467/320

v 11.2691 23.7985 -24.5868
f 937/1468/321 939/1469/323 938/1470/322

v 12.2408 24.4047 -24.8844
f 940/1471/324 939/1472/323 937/1473/321

v 11.9029 23.2665 -24.992
f 940/1474/324 941/1475/325 939/1476/323

v 13.2586 23.7538 -25.374
f 942/1477/326 941/1478/325 940/1479/324

f 905/1480/289 941/1481/325 942/1482/326

v 13.0685 22.343 -25.0068
f 905/1483/289 943/1484/327 941/1485/325

f 808/1486/192 943/1487/327 905/1488/289

f 809/1489/193 943/1490/327 808/1491/192

f 811/1492/195 943/1493/327 809/1494/193

v 11.5547 22.4138 -24.4559
f 811/1495/195 944/1496/328 943/1497/327

f 811/1498/195 813/1499/197 944/1500/328

v 10.3874 22.5394 -23.4719
f 945/1501/329 944/1502/328 813/1503/197

v 10.683 22.7726 -24.0363
f 946/1504/330 944/1505/328 945/1506/329

v 11.016 22.9759 -24.4155
f 944/1507/328 946/1508/330 947/1509/331

v 10.5773 23.6323 -24.0274
f 948/1510/332 947/1511/331 946/1512/330

f 947/1513/331 948/1514/332 939/1515/323

f 939/1516/323 948/1517/332 938/1518/322

f 935/1519/319 938/1520/322 948/1521/332

f 938/1522/322 935/1523/319 936/1524/320

v 10.0377 23.8526 -23.1785
f 935/1525/319 948/1526/332 949/1527/333

v 10.2564 22.9499 -23.4573
f 949/1528/333 948/1529/332 950/1530/334

f 948/1531/332 946/1532/330 950/1533/334

f 946/1534/330 945/1535/329 950/1536/334

v 10.1308 22.7011 -22.9394
f 950/1537/334 945/1538/329 951/1539/335

v 10.1543 21.3987 -22.862
f 945/1540/329 952/1541/336 951/1542/335

f 952/1543/336 945/1544/329 814/1545/198

f 945/1546/329 813/1547/197 814/1548/198

f 952/1549/336 814/1550/198 817/1551/201

v 9.97292 20.9154 -22.3098
f 952/1552/336 817/1553/201 953/1554/337

f 953/1555/337 817/1556/201 820/1557/204

f 953/1558/337 820/1559/204 821/1560/205

v 10.2558 21.6443 -21.7049
f 954/1561/338 953/1562/337 821/1563/205

v 10.0985 21.4662 -22.2683
f 955/1564/339 953/1565/337 954/1566/338

f 952/1567/336 953/1568/337 955/1569/339

v 10.0874 22.1337 -22.5204
f 956/1570/340 952/1571/336 955/1572/339

f 951/1573/335 952/1574/336 956/1575/340

v 10.0924 22.937 -22.4468
f 957/1576/341 951/1577/335 956/1578/340

f 949/1579/333 951/1580/335 957/1581/341

f 949/1582/333 950/1583/334 951/1584/335

v 10.0297 23.7504 -22.6434
f 958/1585/342 949/1586/333 957/1587/341

v 9.8053 24.695 -22.9576
f 959/1588/343 949/1589/333 958/1590/342

f 959/1591/343 935/1592/319 949/1593/333

f 934/1594/318 935/1595/319 959/1596/343

v 10.0502 24.9527 -22.2662
f 934/1597/318 959/1598/343 960/1599/344

v 9.98686 24.1852 -22.488
f 959/1600/343 961/1601/345 960/1602/344

f 959/1603/343 958/1604/342 961/1605/345

v 10.2455 23.2155 -21.8958
f 961/1606/345 958/1607/342 962/1608/346

f 958/1609/342 957/1610/341 962/1611/346

v 10.3753 22.8332 -21.7446
f 962/1612/346 957/1613/341 963/1614/347

f 963/1615/347 957/1616/341 954/1617/338

f 957/1618/341 956/1619/340 954/1620/338

f 956/1621/340 955/1622/339 954/1623/338

v 10.6943 22.6155 -21.1109
f 963/1624/347 954/1625/338 964/1626/348

v 10.8309 21.8505 -20.9225
f 964/1627/348 954/1628/338 965/1629/349

v 10.5794 20.5175 -21.1142
f 966/1630/350 965/1631/349 954/1632/338

v 11.6323 20.8893 -20.576
f 966/1633/350 967/1634/351 965/1635/349

v 10.2695 19.2307 -21.2659
f 968/1636/352 967/1637/351 966/1638/350

v 12.5492 19.4628 -20.5312
f 968/1639/352 969/1640/353 967/1641/351

v 10.6008 18.2893 -21.2479
f 968/1642/352 970/1643/354 969/1644/353

v 9.35619 18.1077 -21.7138
f 971/1645/355 970/1646/354 968/1647/352

f 836/1648/220 970/1649/354 971/1650/355

v 9.99231 17.6998 -21.4893
f 970/1651/354 836/1652/220 972/1653/356

f 836/1654/220 837/1655/221 972/1656/356

v 11.2081 18.0116 -21.4483
f 837/1657/221 973/1658/357 972/1659/356

f 837/1660/221 838/1661/222 973/1662/357

f 838/1663/222 839/1664/223 973/1665/357

v 12.448 17.9686 -21.689
f 973/1666/357 839/1667/223 974/1668/358

f 839/1669/223 840/1670/224 974/1671/358

v 13.0096 18.049 -21.8002
f 840/1672/224 975/1673/359 974/1674/358

f 975/1675/359 840/1676/224 841/1677/225

v 13.4007 18.2478 -21.3924
f 975/1678/359 841/1679/225 976/1680/360

v 14.2603 18.273 -21.3703
f 976/1681/360 841/1682/225 977/1683/361

f 841/1684/225 842/1685/226 977/1686/361

f 977/1687/361 842/1688/226 843/1689/227

v 15.8069 18.5961 -20.865
f 977/1690/361 843/1691/227 978/1692/362

f 978/1693/362 843/1694/227 844/1695/228

v 16.4175 18.8385 -20.674
f 978/1696/362 844/1697/228 979/1698/363

f 979/1699/363 844/1700/228 845/1701/229

v 19.0406 18.99 -20.5743
f 979/1702/363 845/1703/229 980/1704/364

v 21.5223 18.647 -20.952
f 845/1705/229 981/1706/365 980/1707/364

f 845/1708/229 846/1709/230 981/1710/365

v 22.51 18.2778 -21.3662
f 846/1711/230 982/1712/366 981/1713/365

f 846/1714/230 847/1715/231 982/1716/366

f 847/1717/231 848/1718/232 982/1719/366

v 23.8043 18.3535 -21.3626
f 848/1720/232 983/1721/367 982/1722/366

f 848/1723/232 849/1724/233 983/1725/367

v 24.5867 18.1578 -21.73
f 849/1726/233 984/1727/368 983/1728/367

f 849/1729/233 850/1730/234 984/1731/368

f 984/1732/368 850/1733/234 851/1734/235

v 25.5368 18.1589 -21.6034
f 984/1735/368 851/1736/235 985/1737/369

v 26.4918 18.1775 -21.5705
f 985/1738/369 851/1739/235 986/1740/370

f 851/1741/235 852/1742/236 986/1743/370

v 27.6531 18.2312 -21.4478
f 986/1744/370 852/1745/236 987/1746/371

f 852/1747/236 853/1748/237 987/1749/371

v 28.635 18.261 -21.179
f 987/1750/371 853/1751/237 988/1752/372

f 853/1753/237 854/1754/238 988/1755/372

v 29.7789 18.1615 -21.0762
f 988/1756/372 854/1757/238 989/1758/373

f 854/1759/238 855/1760/239 989/1761/373

v 30.4448 18.3436 -20.9124
f 989/1762/373 855/1763/239 990/1764/374

v 31.789 17.8505 -21.2055
f 855/1765/239 991/1766/375 990/1767/374

v 31.9129 17.5237 -21.5062
f 855/1768/239 992/1769/376 991/1770/375

f 855/1771/239 856/1772/240 992/1773/376

f 856/1774/240 857/1775/241 992/1776/376

f 992/1777/376 857/1778/241 859/1779/243

f 991/1780/375 992/1781/376 859/1782/243

f 860/1783/244 991/1784/375 859/1785/243

v 31.7242 19.0575 -20.9753
f 860/1786/244 993/1787/377 991/1788/375

v 32.3707 19.1022 -21.3511
f 993/1789/377 860/1790/244 994/1791/378

v 32.8674 18.2457 -21.6959
f 860/1792/244 995/1793/379 994/1794/378

v 32.9785 17.8786 -21.636
f 996/1795/380 995/1796/379 860/1797/244

f 996/1798/380 863/1799/247 995/1800/379

f 862/1801/246 863/1802/247 996/1803/380

f 861/1804/245 862/1805/246 996/1806/380

f 861/1807/245 996/1808/380 860/1809/244

v 32.663 18.9729 -21.812
f 995/1810/379 863/1811/247 997/1812/381

f 863/1813/247 864/1814/248 997/1815/381

v 32.4394 19.8496 -21.9297
f 864/1816/248 998/1817/382 997/1818/381

v 32.3706 19.7813 -22.2702
f 864/1819/248 999/1820/383 998/1821/382

v 32.0589 20.6516 -22.701
f 999/1822/383 864/1823/248 1000/1824/384

f 864/1825/248 865/1826/249 1000/1827/384

v 31.7804 21.2978 -22.9862
f 1000/1828/384 865/1829/249 1001/1830/385

f 865/1831/249 866/1832/250 1001/1833/385

f 1001/1834/385 866/1835/250 868/1836/252

f 1001/1837/385 868/1838/252 874/1839/258

f 868/1840/252 873/1841/257 874/1842/258

f 868/1843/252 870/1844/254 873/1845/257

v 31.9337 22.1682 -22.4292
f 1001/1846/385 874/1847/258 1002/1848/386

v 31.8602 22.835 -22.6977
f 1002/1849/386 874/1850/258 1003/1851/387

v 31.7078 23.3605 -23.4843
f 1003/1852/387 874/1853/258 1004/1854/388

f 874/1855/258 875/1856/259 1004/1857/388

f 1004/1858/388 875/1859/259 882/1860/266

v 31.9226 23.8202 -22.734
f 1005/1861/389 1004/1862/388 882/1863/266

f 1003/1864/387 1004/1865/388 1005/1866/389

v 31.9305 23.1861 -22.4685
f 1003/1867/387 1005/1868/389 1006/1869/390

v 31.7003 23.7432 -21.7545
f 1006/1870/390 1005/1871/389 1007/1872/391

v 31.937 24.4062 -22.2869
f 1005/1873/389 1008/1874/392 1007/1875/391

v 32.0055 24.2705 -23.0254
f 1005/1876/389 1009/1877/393 1008/1878/392

f 1005/1879/389 882/1880/266 1009/1881/393

v 32.214 25.9872 -23.3782
f 1009/1882/393 882/1883/266 1010/1884/394

f 882/1885/266 883/1886/267 1010/1887/394

v 31.8054 26.3906 -23.8081
f 1010/1888/394 883/1889/267 1011/1890/395

f 1011/1891/395 883/1892/267 884/1893/268

v 30.4737 26.9865 -24.1676
f 884/1894/268 1012/1895/396 1011/1896/395

f 884/1897/268 885/1898/269 1012/1899/396

v 29.169 26.8753 -24.2748
f 885/1900/269 1013/1901/397 1012/1902/396

v 27.9276 26.7419 -24.4152
f 885/1903/269 1014/1904/398 1013/1905/397

v 27.2726 26.224 -24.9275
f 885/1906/269 1015/1907/399 1014/1908/398

v 27.6379 25.2895 -25.3353
f 1016/1909/400 1015/1910/399 885/1911/269

v 26.5941 25.6303 -25.1627
f 1016/1912/400 1017/1913/401 1015/1914/399

f 1016/1915/400 889/1916/273 1017/1917/401

f 887/1918/271 889/1919/273 1016/1920/400

f 887/1921/271 1016/1922/400 886/1923/270

f 886/1924/270 1016/1925/400 885/1926/269

f 889/1927/273 891/1928/275 1017/1929/401

v 26.1727 26.2565 -24.7921
f 1017/1930/401 891/1931/275 1018/1932/402

f 1018/1933/402 891/1934/275 892/1935/276

v 25.2347 26.8307 -24.2096
f 1018/1936/402 892/1937/276 1019/1938/403

f 892/1939/276 893/1940/277 1019/1941/403

v 25.0423 27.0814 -23.8431
f 1019/1942/403 893/1943/277 1020/1944/404

v 22.8718 26.7572 -24.1428
f 1020/1945/404 893/1946/277 1021/1947/405

f 893/1948/277 894/1949/278 1021/1950/405

f 1021/1951/405 894/1952/278 897/1953/281

v 22.8938 27.0565 -23.6762
f 1022/1954/406 1021/1955/405 897/1956/281

f 1020/1957/404 1021/1958/405 1022/1959/406

v 24.0071 27.2552 -23.2345
f 1020/1960/404 1022/1961/406 1023/1962/407

v 22.9291 27.1851 -23.2857
f 1023/1963/407 1022/1964/406 1024/1965/408

v 19.7607 27.147 -23.4151
f 1022/1966/406 1025/1967/409 1024/1968/408

f 1022/1969/406 897/1970/281 1025/1971/409

v 18.8637 27.237 -23.3675
f 1025/1972/409 897/1973/281 1026/1974/410

f 1026/1975/410 897/1976/281 898/1977/282

v 16.8647 27.2103 -23.571
f 1026/1978/410 898/1979/282 1027/1980/411

f 898/1981/282 899/1982/283 1027/1983/411

f 1027/1984/411 899/1985/283 918/1986/302

v 15.8691 27.2719 -23.3039
f 1027/1987/411 918/1988/302 1028/1989/412

v 15.6646 27.2298 -22.4735
f 1028/1990/412 918/1991/302 1029/1992/413

v 14.7721 27.4091 -23.0414
f 1029/1993/413 918/1994/302 1030/1995/414

f 918/1996/302 919/1997/303 1030/1998/414

f 919/1999/303 920/2000/304 1030/2001/414

v 13.7055 27.4461 -22.8283
f 1030/2002/414 920/2003/304 1031/2004/415

v 12.2793 27.6639 -23.0865
f 1031/2005/415 920/2006/304 1032/2007/416

v 12.5371 27.6696 -23.4367
f 920/2008/304 1033/2009/417 1032/2010/416

f 920/2011/304 921/2012/305 1033/2013/417

v 11.2281 27.7285 -23.4836
f 921/2014/305 1034/2015/418 1033/2016/417

f 921/2017/305 923/2018/307 1034/2019/418

f 1034/2020/418 923/2021/307 925/2022/309

v 10.9001 27.635 -22.9834
f 1034/2023/418 925/2024/309 1035/2025/419

v 9.22743 27.9412 -23.4381
f 925/2026/309 1036/2027/420 1035/2028/419

f 925/2029/309 926/2030/310 1036/2031/420

f 926/2032/310 928/2033/312 1036/2034/420

v 9.22243 27.6629 -23.1435
f 1037/2035/421 1036/2036/420 928/2037/312

v 10.4996 27.4054 -22.7181
f 1037/2038/421 1038/2039/422 1036/2040/420

v 10.9083 26.0008 -21.9104
f 1037/2041/421 1039/2042/423 1038/2043/422

v 9.97637 26.0605 -22.3688
f 1039/2044/423 1037/2045/421 1040/2046/424

v 9.47357 26.3368 -22.823
f 1040/2047/424 1037/2048/421 1041/2049/425

v 9.05896 27.1698 -23.325
f 1041/2050/425 1037/2051/421 1042/2052/426

f 1042/2053/426 1037/2054/421 930/2055/314

f 929/2056/313 930/2057/314 1037/2058/421

f 928/2059/312 929/2060/313 1037/2061/421

f 930/2062/314 932/2063/316 1042/2064/426

f 1042/2065/426 932/2066/316 1041/2067/425

f 932/2068/316 933/2069/317 1041/2070/425

f 933/2071/317 934/2072/318 1041/2073/425

f 1041/2074/425 934/2075/318 960/2076/344

f 1041/2077/425 960/2078/344 1040/2079/424

v 10.6532 25.2129 -21.7855
f 1043/2080/427 1040/2081/424 960/2082/344

f 1039/2083/423 1040/2084/424 1043/2085/427

v 11.2447 24.3921 -21.0967
f 1039/2086/423 1043/2087/427 1044/2088/428

v 10.5602 24.0488 -21.579
f 1044/2089/428 1043/2090/427 1045/2091/429

f 960/2092/344 1045/2093/429 1043/2094/427

f 960/2095/344 961/2096/345 1045/2097/429

f 961/2098/345 962/2099/346 1045/2100/429

v 10.6637 23.2406 -21.285
f 1045/2101/429 962/2102/346 1046/2103/430

f 1046/2104/430 962/2105/346 963/2106/347

v 11.5288 23.0427 -20.7586
f 1046/2107/430 963/2108/347 1047/2109/431

f 963/2110/347 964/2111/348 1047/2112/431

v 11.7194 22.3287 -20.2927
f 1048/2113/432 1047/2114/431 964/2115/348

v 13.0348 23.1615 -20.1947
f 1048/2116/432 1049/2117/433 1047/2118/431

v 12.4357 22.1042 -19.9738
f 1048/2119/432 1050/2120/434 1049/2121/433

f 967/2122/351 1050/2123/434 1048/2124/432

v 13.7051 21.3246 -19.7159
f 967/2125/351 1051/2126/435 1050/2127/434

f 969/2128/353 1051/2129/435 967/2130/351

v 14.2759 19.9591 -19.8906
f 1051/2131/435 969/2132/353 1052/2133/436

v 13.8053 18.9772 -20.5505
f 1052/2134/436 969/2135/353 1053/2136/437

v 12.2785 18.6021 -20.95
f 969/2137/353 1054/2138/438 1053/2139/437

f 969/2140/353 970/2141/354 1054/2142/438

f 1054/2143/438 970/2144/354 973/2145/357

f 973/2146/357 970/2147/354 972/2148/356

v 13.2514 18.5549 -20.9746
f 973/2149/357 1055/2150/439 1054/2151/438

f 973/2152/357 974/2153/358 1055/2154/439

f 974/2155/358 976/2156/360 1055/2157/439

f 975/2158/359 976/2159/360 974/2160/358

f 1055/2161/439 976/2162/360 977/2163/361

v 14.7604 18.9272 -20.4857
f 977/2164/361 1056/2165/440 1055/2166/439

f 1056/2167/440 977/2168/361 978/2169/362

v 15.8046 19.5287 -20.1129
f 1056/2170/440 978/2171/362 1057/2172/441

f 1057/2173/441 978/2174/362 979/2175/363

v 16.2526 19.7631 -20.1519
f 1057/2176/441 979/2177/363 1058/2178/442

v 18.9255 19.4753 -20.2676
f 1058/2179/442 979/2180/363 1059/2181/443

f 979/2182/363 980/2183/364 1059/2184/443

v 22.2674 19.8275 -20.111
f 1059/2185/443 980/2186/364 1060/2187/444

v 21.4202 19.1117 -20.5325
f 980/2188/364 1061/2189/445 1060/2190/444

f 980/2191/364 981/2192/365 1061/2193/445

v 22.6337 19.0319 -20.4968
f 1061/2194/445 981/2195/365 1062/2196/446

f 981/2197/365 982/2198/366 1062/2199/446

v 22.6305 18.5302 -20.9415
f 982/2200/366 1063/2201/447 1062/2202/446

f 982/2203/366 983/2204/367 1063/2205/447

v 24.0854 18.7698 -20.7507
f 1063/2206/447 983/2207/367 1064/2208/448

v 25.051 18.3527 -21.1102
f 983/2209/367 1065/2210/449 1064/2211/448

f 983/2212/367 984/2213/368 1065/2214/449

f 984/2215/368 985/2216/369 1065/2217/449

v 25.7668 18.3848 -21.0854
f 1065/2218/449 985/2219/369 1066/2220/450

f 985/2221/369 986/2222/370 1066/2223/450

v 27.3897 18.5757 -20.7901
f 1066/2224/450 986/2225/370 1067/2226/451

f 986/2227/370 987/2228/371 1067/2229/451

f 1067/2230/451 987/2231/371 988/2232/372

v 28.3089 18.9077 -20.5329
f 1067/2233/451 988/2234/372 1068/2235/452

v 29.2347 18.6836 -20.7462
f 988/2236/372 1069/2237/453 1068/2238/452

f 988/2239/372 989/2240/373 1069/2241/453

f 1069/2242/453 989/2243/373 990/2244/374

v 29.2623 19.5016 -20.4329
f 990/2245/374 1070/2246/454 1069/2247/453

f 991/2248/375 1070/2249/454 990/2250/374

f 991/2251/375 993/2252/377 1070/2253/454

v 30.9468 20.438 -20.7012
f 993/2254/377 1071/2255/455 1070/2256/454

v 31.4843 20.7932 -20.9856
f 1071/2257/455 993/2258/377 1072/2259/456

f 993/2260/377 994/2261/378 1072/2262/456

v 32.0509 20.8468 -21.5533
f 994/2263/378 1073/2264/457 1072/2265/456

f 998/2266/382 1073/2267/457 994/2268/378

v 32.2475 20.6688 -21.9273
f 998/2269/382 1074/2270/458 1073/2271/457

v 32.2478 20.5407 -22.368
f 998/2272/382 1075/2273/459 1074/2274/458

f 999/2275/383 1075/2276/459 998/2277/382

f 999/2278/383 1000/2279/384 1075/2280/459

v 32.0212 21.4791 -22.42
f 1000/2281/384 1076/2282/460 1075/2283/459

f 1000/2284/384 1001/2285/385 1076/2286/460

f 1076/2287/460 1001/2288/385 1002/2289/386

v 32.0318 21.4544 -22.0548
f 1077/2290/461 1076/2291/460 1002/2292/386

f 1075/2293/459 1076/2294/460 1077/2295/461

f 1074/2296/458 1075/2297/459 1077/2298/461

f 1073/2299/457 1074/2300/458 1077/2301/461

v 31.786 21.6277 -21.5566
f 1073/2302/457 1077/2303/461 1078/2304/462

f 1077/2305/461 1002/2306/386 1078/2307/462

v 31.7718 22.8718 -21.9477
f 1078/2308/462 1002/2309/386 1079/2310/463

f 1002/2311/386 1003/2312/387 1079/2313/463

f 1003/2314/387 1006/2315/390 1079/2316/463

f 1079/2317/463 1006/2318/390 1007/2319/391

v 31.5012 23.0139 -21.4637
f 1079/2320/463 1007/2321/391 1080/2322/464

v 31.3489 23.8878 -21.2541
f 1080/2323/464 1007/2324/391 1081/2325/465

f 1007/2326/391 1008/2327/392 1081/2328/465

v 31.3894 24.8203 -21.6772
f 1081/2329/465 1008/2330/392 1082/2331/466

v 31.497 25.5384 -21.9029
f 1082/2332/466 1008/2333/392 1083/2334/467

v 32.1653 26.1087 -22.621
f 1008/2335/392 1084/2336/468 1083/2337/467

v 32.1759 25.2626 -22.8964
f 1008/2338/392 1085/2339/469 1084/2340/468

v 32.1045 24.6789 -22.7897
f 1008/2341/392 1086/2342/470 1085/2343/469

f 1008/2344/392 1009/2345/393 1086/2346/470

f 1009/2347/393 1085/2348/469 1086/2349/470

f 1009/2350/393 1010/2351/394 1085/2352/469

v 32.2551 25.9361 -22.9984
f 1085/2353/469 1010/2354/394 1087/2355/471

v 32.5698 26.6942 -23.1054
f 1087/2356/471 1010/2357/394 1088/2358/472

v 32.6389 27.2168 -23.5023
f 1010/2359/394 1089/2360/473 1088/2361/472

f 1089/2362/473 1010/2363/394 1011/2364/395

v 32.5242 27.8395 -23.5623
f 1090/2365/474 1089/2366/473 1011/2367/395

v 32.8751 27.9907 -23.3663
f 1090/2368/474 1091/2369/475 1089/2370/473

v 32.7404 28.0227 -23.367
f 1091/2371/475 1090/2372/474 1092/2373/476

v 32.1443 27.9061 -23.3444
f 1092/2374/476 1090/2375/474 1093/2376/477

v 31.5984 27.8346 -23.3426
f 1093/2377/477 1090/2378/474 1094/2379/478

v 31.2595 27.6323 -23.6213
f 1090/2380/474 1095/2381/479 1094/2382/478

f 1012/2383/396 1095/2384/479 1090/2385/474

v 30.2494 27.3737 -23.9433
f 1012/2386/396 1096/2387/480 1095/2388/479

f 1013/2389/397 1096/2390/480 1012/2391/396

v 29.055 27.4864 -23.6994
f 1096/2392/480 1013/2393/397 1097/2394/481

f 1097/2395/481 1013/2396/397 1014/2397/398

v 27.9102 27.1806 -23.8614
f 1097/2398/481 1014/2399/398 1098/2400/482

v 26.8298 26.983 -24.1994
f 1098/2401/482 1014/2402/398 1099/2403/483

f 1014/2404/398 1015/2405/399 1099/2406/483

f 1015/2407/399 1018/2408/402 1099/2409/483

f 1017/2410/401 1018/2411/402 1015/2412/399

v 25.8895 26.8599 -24.2364
f 1099/2413/483 1018/2414/402 1100/2415/484

f 1100/2416/484 1018/2417/402 1019/2418/403

f 1100/2419/484 1019/2420/403 1020/2421/404

v 25.9341 27.1775 -23.7967
f 1100/2422/484 1020/2423/404 1101/2424/485

v 25.0404 27.2285 -23.4431
f 1101/2425/485 1020/2426/404 1102/2427/486

f 1102/2428/486 1020/2429/404 1023/2430/407

v 25.1293 27.2911 -22.8146
f 1103/2431/487 1102/2432/486 1023/2433/407

v 25.6742 27.3323 -23.1327
f 1104/2434/488 1102/2435/486 1103/2436/487

f 1101/2437/485 1102/2438/486 1104/2439/488

v 25.9835 27.3814 -23.314
f 1105/2440/489 1101/2441/485 1104/2442/488

v 26.9762 27.3286 -23.4749
f 1106/2443/490 1101/2444/485 1105/2445/489

f 1099/2446/483 1101/2447/485 1106/2448/490

f 1099/2449/483 1100/2450/484 1101/2451/485

f 1098/2452/482 1099/2453/483 1106/2454/490

v 27.728 27.3708 -23.3034
f 1107/2455/491 1098/2456/482 1106/2457/490

v 28.7935 27.5979 -23.3264
f 1108/2458/492 1098/2459/482 1107/2460/491

f 1097/2461/481 1098/2462/482 1108/2463/492

v 29.53 27.6932 -23.2971
f 1097/2464/481 1108/2465/492 1109/2466/493

v 29.574 27.679 -22.9511
f 1109/2467/493 1108/2468/492 1110/2469/494

v 28.9388 27.4948 -22.5901
f 1110/2470/494 1108/2471/492 1111/2472/495

v 27.46 27.3934 -22.7945
f 1108/2473/492 1112/2474/496 1111/2475/495

f 1108/2476/492 1107/2477/491 1112/2478/496

f 1107/2479/491 1106/2480/490 1112/2481/496

f 1112/2482/496 1106/2483/490 1105/2484/489

v 25.9818 27.3576 -22.6631
f 1112/2485/496 1105/2486/489 1113/2487/497

f 1105/2488/489 1104/2489/488 1113/2490/497

f 1113/2491/497 1104/2492/488 1103/2493/487

v 25.8755 27.1994 -22.2408
f 1114/2494/498 1113/2495/497 1103/2496/487

v 26.8165 27.3055 -22.3036
f 1115/2497/499 1113/2498/497 1114/2499/498

f 1115/2500/499 1112/2501/496 1113/2502/497

v 27.9107 27.1518 -22.0053
f 1112/2503/496 1115/2504/499 1116/2505/500

v 27.2477 26.8308 -21.3596
f 1116/2506/500 1115/2507/499 1117/2508/501

v 26.1497 26.8143 -21.513
f 1117/2509/501 1115/2510/499 1118/2511/502

f 1115/2512/499 1114/2513/498 1118/2514/502

v 25.2211 27.1614 -22.2653
f 1114/2515/498 1119/2516/503 1118/2517/502

f 1114/2518/498 1103/2519/487 1119/2520/503

v 23.431 27.2068 -22.7708
f 1103/2521/487 1120/2522/504 1119/2523/503

f 1103/2524/487 1023/2525/407 1120/2526/504

f 1023/2527/407 1024/2528/408 1120/2529/504

v 19.7815 27.1998 -22.9648
f 1120/2530/504 1024/2531/408 1121/2532/505

f 1024/2533/408 1025/2534/409 1121/2535/505

f 1025/2536/409 1026/2537/410 1121/2538/505

v 18.9839 27.198 -22.6535
f 1026/2539/410 1122/2540/506 1121/2541/505

v 16.7356 27.3058 -23.1935
f 1026/2542/410 1123/2543/507 1122/2544/506

f 1026/2545/410 1027/2546/411 1123/2547/507

f 1123/2548/507 1027/2549/411 1028/2550/412

f 1123/2551/507 1028/2552/412 1029/2553/413

v 16.8217 27.2215 -22.5731
f 1123/2554/507 1029/2555/413 1124/2556/508

v 16.3537 26.9135 -21.7435
f 1124/2557/508 1029/2558/413 1125/2559/509

v 14.8668 26.9914 -21.8043
f 1125/2560/509 1029/2561/413 1126/2562/510

f 1029/2563/413 1030/2564/414 1126/2565/510

f 1030/2566/414 1031/2567/415 1126/2568/510

v 13.9812 27.11 -22.0533
f 1126/2569/510 1031/2570/415 1127/2571/511

v 13.1858 27.2876 -22.4043
f 1031/2572/415 1128/2573/512 1127/2574/511

f 1031/2575/415 1032/2576/416 1128/2577/512

v 12.2051 27.2923 -22.3847
f 1128/2578/512 1032/2579/416 1129/2580/513

f 1032/2581/416 1035/2582/419 1129/2583/513

f 1032/2584/416 1034/2585/418 1035/2586/419

f 1033/2587/417 1034/2588/418 1032/2589/416

f 1035/2590/419 1038/2591/422 1129/2592/513

f 1035/2593/419 1036/2594/420 1038/2595/422

v 13.1446 26.5756 -21.6096
f 1038/2596/422 1130/2597/514 1129/2598/513

f 1038/2599/422 1039/2600/423 1130/2601/514

v 12.2137 25.0649 -21.0031
f 1039/2602/423 1131/2603/515 1130/2604/514

f 1131/2605/515 1039/2606/423 1044/2607/428

v 11.8717 24.0254 -20.5298
f 1131/2608/515 1044/2609/428 1132/2610/516

v 10.9921 23.5586 -20.9899
f 1132/2611/516 1044/2612/428 1133/2613/517

f 1133/2614/517 1044/2615/428 1045/2616/429

f 1045/2617/429 1046/2618/430 1133/2619/517

f 1047/2620/431 1133/2621/517 1046/2622/430

f 1047/2623/431 1132/2624/516 1133/2625/517

f 1049/2626/433 1132/2627/516 1047/2628/431

v 13.3903 24.2268 -20.1555
f 1134/2629/518 1132/2630/516 1049/2631/433

v 13.2232 24.6147 -20.312
f 1134/2632/518 1135/2633/519 1132/2634/516

v 15.2323 25.5648 -20.5393
f 1135/2635/519 1134/2636/518 1136/2637/520

v 16.1416 24.3492 -20.1778
f 1136/2638/520 1134/2639/518 1137/2640/521

v 14.6502 22.8853 -19.8638
f 1134/2641/518 1138/2642/522 1137/2643/521

f 1138/2644/522 1134/2645/518 1049/2646/433

f 1050/2647/434 1138/2648/522 1049/2649/433

f 1051/2650/435 1138/2651/522 1050/2652/434

v 18.6587 22.5448 -19.7942
v 15.5912 21.8683 -19.7527
f 1139/2653/523 1138/2654/522 1051/2655/435 1140/2656/524 

f 1138/2657/522 1139/2658/523 1137/2659/521

v 18.9888 24.27 -20.1391
f 1139/2660/523 1141/2661/525 1137/2662/521

v 22.8113 23.7179 -19.9816
f 1139/2663/523 1142/2664/526 1141/2665/525

v 22.2201 21.9697 -19.7636
f 1143/2666/527 1142/2667/526 1139/2668/523

v 25.9352 22.027 -19.6718
f 1144/2669/528 1142/2670/526 1143/2671/527

v 25.8323 23.3822 -19.8178
f 1145/2672/529 1142/2673/526 1144/2674/528

v 22.9992 24.929 -20.3895
f 1142/2675/526 1145/2676/529 1146/2677/530

v 25.4283 24.7243 -20.2154
f 1146/2678/530 1145/2679/529 1147/2680/531

v 28.0296 25.4806 -20.3461
f 1145/2681/529 1148/2682/532 1147/2683/531

v 27.8571 23.2157 -19.8429
f 1149/2684/533 1148/2685/532 1145/2686/529

v 28.4783 24.7838 -20.1654
f 1149/2687/533 1150/2688/534 1148/2689/532

v 28.8731 23.1922 -20.0346
f 1150/2690/534 1149/2691/533 1151/2692/535

v 29.411 22.0182 -19.7775
f 1149/2693/533 1152/2694/536 1151/2695/535

v 28.3887 21.6438 -19.6059
f 1153/2696/537 1152/2697/536 1149/2698/533

f 1153/2699/537 1070/2700/454 1152/2701/536

v 28.0384 20.8767 -19.5579
f 1070/2702/454 1153/2703/537 1154/2704/538

f 1154/2705/538 1153/2706/537 1144/2707/528

f 1153/2708/537 1149/2709/533 1144/2710/528

f 1149/2711/533 1145/2712/529 1144/2713/528

v 26.0076 20.7608 -19.7668
f 1154/2714/538 1144/2715/528 1155/2716/539

v 23.8261 21.4962 -19.733
f 1144/2717/528 1156/2718/540 1155/2719/539

f 1144/2720/528 1143/2721/527 1156/2722/540

v 23.5974 20.5764 -19.8684
f 1156/2723/540 1143/2724/527 1157/2725/541

v 20.8085 20.8904 -19.8527
f 1157/2726/541 1143/2727/527 1158/2728/542

f 1143/2729/527 1139/2730/523 1158/2731/542

f 1158/2732/542 1139/2733/523 1140/2734/524

v 15.9366 20.7933 -19.839
f 1158/2735/542 1140/2736/524 1159/2737/543

f 1140/2738/524 1051/2739/435 1159/2740/543

f 1051/2741/435 1052/2742/436 1159/2743/543

f 1159/2744/543 1052/2745/436 1057/2746/441

f 1057/2747/441 1052/2748/436 1056/2749/440

f 1052/2750/436 1053/2751/437 1056/2752/440

f 1055/2753/439 1056/2754/440 1053/2755/437

f 1053/2756/437 1054/2757/438 1055/2758/439

f 1159/2759/543 1057/2760/441 1058/2761/442

v 18.8567 20.3326 -19.9485
f 1160/2762/544 1159/2763/543 1058/2764/442

f 1160/2765/544 1158/2766/542 1159/2767/543

f 1060/2768/444 1158/2769/542 1160/2770/544

f 1157/2771/541 1158/2772/542 1060/2773/444

v 24.3667 19.4982 -20.2094
f 1161/2774/545 1157/2775/541 1060/2776/444

f 1155/2777/539 1157/2778/541 1161/2779/545

f 1155/2780/539 1156/2781/540 1157/2782/541

v 25.9305 19.608 -20.1128
f 1162/2783/546 1155/2784/539 1161/2785/545

v 26.8465 19.9938 -19.7803
f 1163/2786/547 1155/2787/539 1162/2788/546

f 1163/2789/547 1154/2790/538 1155/2791/539

v 27.6759 19.9171 -19.7846
f 1164/2792/548 1154/2793/538 1163/2794/547

f 1070/2795/454 1154/2796/538 1164/2797/548

f 1068/2798/452 1070/2799/454 1164/2800/548

f 1068/2801/452 1069/2802/453 1070/2803/454

v 27.4027 19.1248 -20.2137
f 1068/2804/452 1164/2805/548 1165/2806/549

v 26.3442 18.9284 -20.381
f 1165/2807/549 1164/2808/548 1166/2809/550

f 1164/2810/548 1163/2811/547 1166/2812/550

f 1166/2813/550 1163/2814/547 1162/2815/546

v 25.8368 19.0118 -20.4535
f 1162/2816/546 1167/2817/551 1166/2818/550

f 1161/2819/545 1167/2820/551 1162/2821/546

f 1064/2822/448 1167/2823/551 1161/2824/545

f 1064/2825/448 1066/2826/450 1167/2827/551

f 1064/2828/448 1065/2829/449 1066/2830/450

f 1167/2831/551 1066/2832/450 1166/2833/550

f 1066/2834/450 1067/2835/451 1166/2836/550

f 1166/2837/550 1067/2838/451 1165/2839/549

f 1067/2840/451 1068/2841/452 1165/2842/549

f 1062/2843/446 1064/2844/448 1161/2845/545

f 1063/2846/447 1064/2847/448 1062/2848/446

f 1062/2849/446 1161/2850/545 1060/2851/444

f 1061/2852/445 1062/2853/446 1060/2854/444

f 1060/2855/444 1160/2856/544 1059/2857/443

f 1160/2858/544 1058/2859/442 1059/2860/443

f 1070/2861/454 1071/2862/455 1152/2863/536

v 30.4882 21.6473 -20.3285
f 1152/2864/536 1071/2865/455 1168/2866/552

v 31.2637 21.3573 -20.9248
f 1168/2867/552 1071/2868/455 1169/2869/553

f 1071/2870/455 1072/2871/456 1169/2872/553

f 1072/2873/456 1078/2874/462 1169/2875/553

f 1073/2876/457 1078/2877/462 1072/2878/456

v 31.275 22.4758 -20.9288
f 1078/2879/462 1170/2880/554 1169/2881/553

f 1078/2882/462 1079/2883/463 1170/2884/554

f 1170/2885/554 1079/2886/463 1080/2887/464

v 30.7341 23.1003 -20.7714
f 1170/2888/554 1080/2889/464 1171/2890/555

v 30.8835 23.6495 -20.7815
f 1171/2891/555 1080/2892/464 1172/2893/556

f 1080/2894/464 1081/2895/465 1172/2896/556

v 30.6884 24.1507 -20.7175
f 1081/2897/465 1173/2898/557 1172/2899/556

f 1082/2900/466 1173/2901/557 1081/2902/465

v 30.3942 25.2224 -21.214
f 1082/2903/466 1174/2904/558 1173/2905/557

v 30.6681 26.6388 -21.9427
f 1175/2906/559 1174/2907/558 1082/2908/466

v 28.6299 26.5791 -21.3874
f 1175/2909/559 1176/2910/560 1174/2911/558

v 30.4605 27.3067 -22.2853
f 1175/2912/559 1177/2913/561 1176/2914/560

v 31.7957 26.6285 -22.4094
f 1175/2915/559 1178/2916/562 1177/2917/561

f 1178/2918/562 1175/2919/559 1083/2920/467

f 1083/2921/467 1175/2922/559 1082/2923/466

f 1084/2924/468 1178/2925/562 1083/2926/467

v 32.6352 27.3091 -22.9598
f 1179/2927/563 1178/2928/562 1084/2929/468

v 32.5211 27.9163 -23.1106
f 1180/2930/564 1178/2931/562 1179/2932/563

f 1178/2933/562 1180/2934/564 1177/2935/561

v 31.2552 27.7374 -23.0036
f 1177/2936/561 1180/2937/564 1181/2938/565

f 1180/2939/564 1094/2940/478 1181/2941/565

f 1093/2942/477 1094/2943/478 1180/2944/564

f 1092/2945/476 1093/2946/477 1180/2947/564

v 32.8359 27.8111 -23.2346
f 1182/2948/566 1092/2949/476 1180/2950/564

f 1091/2951/475 1092/2952/476 1182/2953/566

f 1091/2954/475 1182/2955/566 1089/2956/473

v 32.7653 27.24 -23.2331
f 1183/2957/567 1089/2958/473 1182/2959/566

f 1088/2960/472 1089/2961/473 1183/2962/567

f 1088/2963/472 1183/2964/567 1179/2965/563

f 1183/2966/567 1182/2967/566 1179/2968/563

f 1180/2969/564 1179/2970/563 1182/2971/566

f 1084/2972/468 1088/2973/472 1179/2974/563

f 1087/2975/471 1088/2976/472 1084/2977/468

f 1085/2978/469 1087/2979/471 1084/2980/468

v 30.9215 27.7626 -23.2945
f 1181/2981/565 1094/2982/478 1184/2983/568

f 1094/2984/478 1095/2985/479 1184/2986/568

v 30.0376 27.6005 -23.6465
f 1095/2987/479 1185/2988/569 1184/2989/568

f 1095/2990/479 1096/2991/480 1185/2992/569

f 1185/2993/569 1096/2994/480 1097/2995/481

f 1109/2996/493 1185/2997/569 1097/2998/481

f 1184/2999/568 1185/3000/569 1109/3001/493

f 1184/3002/568 1109/3003/493 1110/3004/494

f 1181/3005/565 1184/3006/568 1110/3007/494

v 30.2402 27.5974 -22.628
f 1181/3008/565 1110/3009/494 1186/3010/570

f 1186/3011/570 1110/3012/494 1111/3013/495

v 29.1542 27.2341 -22.1651
f 1186/3014/570 1111/3015/495 1187/3016/571

f 1111/3017/495 1116/3018/500 1187/3019/571

f 1111/3020/495 1112/3021/496 1116/3022/500

f 1176/3023/560 1187/3024/571 1116/3025/500

f 1176/3026/560 1177/3027/561 1187/3028/571

f 1187/3029/571 1177/3030/561 1186/3031/570

f 1177/3032/561 1181/3033/565 1186/3034/570

f 1176/3035/560 1116/3036/500 1117/3037/501

v 27.6052 26.0846 -20.6608
f 1188/3038/572 1176/3039/560 1117/3040/501

f 1148/3041/532 1176/3042/560 1188/3043/572

f 1150/3044/534 1176/3045/560 1148/3046/532

f 1176/3047/560 1150/3048/534 1174/3049/558

v 29.7521 24.2206 -20.2756
f 1174/3050/558 1150/3051/534 1189/3052/573

f 1189/3053/573 1150/3054/534 1151/3055/535

v 29.8544 23.139 -20.3271
f 1189/3056/573 1151/3057/535 1190/3058/574

v 30.3325 22.2969 -20.1664
f 1151/3059/535 1191/3060/575 1190/3061/574

f 1152/3062/536 1191/3063/575 1151/3064/535

f 1152/3065/536 1168/3066/552 1191/3067/575

f 1191/3068/575 1168/3069/552 1170/3070/554

f 1168/3071/552 1169/3072/553 1170/3073/554

f 1191/3074/575 1170/3075/554 1171/3076/555

f 1190/3077/574 1191/3078/575 1171/3079/555

f 1172/3080/556 1190/3081/574 1171/3082/555

f 1172/3083/556 1189/3084/573 1190/3085/574

f 1173/3086/557 1189/3087/573 1172/3088/556

f 1173/3089/557 1174/3090/558 1189/3091/573

f 1147/3092/531 1148/3093/532 1188/3094/572

v 25.3856 25.6983 -20.7064
f 1147/3095/531 1188/3096/572 1192/3097/576

v 26.5646 26.3467 -20.9505
f 1188/3098/572 1193/3099/577 1192/3100/576

f 1188/3101/572 1117/3102/501 1193/3103/577

f 1193/3104/577 1117/3105/501 1118/3106/502

v 25.4753 26.4461 -21.2358
f 1193/3107/577 1118/3108/502 1194/3109/578

v 25.2823 26.8881 -21.7643
f 1118/3110/502 1195/3111/579 1194/3112/578

f 1118/3113/502 1119/3114/503 1195/3115/579

v 23.7926 26.9799 -22.0534
f 1195/3116/579 1119/3117/503 1196/3118/580

f 1119/3119/503 1120/3120/504 1196/3121/580

v 22.8591 27.0645 -22.3361
f 1120/3122/504 1197/3123/581 1196/3124/580

f 1120/3125/504 1121/3126/505 1197/3127/581

f 1197/3128/581 1121/3129/505 1122/3130/506

v 19.9459 26.8528 -21.9549
f 1197/3131/581 1122/3132/506 1198/3133/582

v 18.576 26.9594 -22.0307
f 1198/3134/582 1122/3135/506 1199/3136/583

f 1122/3137/506 1124/3138/508 1199/3139/583

f 1122/3140/506 1123/3141/507 1124/3142/508

v 16.8149 26.9117 -21.9745
f 1199/3143/583 1124/3144/508 1200/3145/584

f 1200/3146/584 1124/3147/508 1125/3148/509

v 16.5193 26.2122 -21.1814
f 1200/3149/584 1125/3150/509 1201/3151/585

v 15.5726 26.2343 -20.9577
f 1125/3152/509 1202/3153/586 1201/3154/585

v 14.6437 26.5276 -21.1837
f 1203/3155/587 1202/3156/586 1125/3157/509

v 14.0533 25.6551 -20.6167
f 1203/3158/587 1204/3159/588 1202/3160/586

f 1126/3161/510 1204/3162/588 1203/3163/587

f 1130/3164/514 1204/3165/588 1126/3166/510

f 1130/3167/514 1131/3168/515 1204/3169/588

f 1131/3170/515 1135/3171/519 1204/3172/588

f 1135/3173/519 1131/3174/515 1132/3175/516

f 1204/3176/588 1135/3177/519 1136/3178/520

f 1204/3179/588 1136/3180/520 1202/3181/586

v 16.2707 25.4055 -20.6338
f 1136/3182/520 1205/3183/589 1202/3184/586

f 1136/3185/520 1137/3186/521 1205/3187/589

v 19.0644 25.2739 -20.5641
f 1137/3188/521 1206/3189/590 1205/3190/589

f 1141/3191/525 1206/3192/590 1137/3193/521

f 1206/3194/590 1141/3195/525 1146/3196/530

f 1141/3197/525 1142/3198/526 1146/3199/530

v 21.5851 26.1097 -21.1411
f 1206/3200/590 1146/3201/530 1207/3202/591

f 1207/3203/591 1146/3204/530 1192/3205/576

f 1146/3206/530 1147/3207/531 1192/3208/576

f 1207/3209/591 1192/3210/576 1194/3211/578

f 1192/3212/576 1193/3213/577 1194/3214/578

f 1207/3215/591 1194/3216/578 1195/3217/579

f 1195/3218/579 1196/3219/580 1207/3220/591

f 1196/3221/580 1198/3222/582 1207/3223/591

f 1196/3224/580 1197/3225/581 1198/3226/582

v 18.6197 26.281 -21.2329
f 1199/3227/583 1208/3228/592 1207/3229/591 1198/3230/582 

f 1199/3231/583 1200/3232/584 1208/3233/592

f 1208/3234/592 1200/3235/584 1201/3236/585

f 1201/3237/585 1206/3238/590 1208/3239/592

f 1205/3240/589 1206/3241/590 1201/3242/585

f 1202/3243/586 1205/3244/589 1201/3245/585

f 1206/3246/590 1207/3247/591 1208/3248/592

f 1130/3249/514 1126/3250/510 1127/3251/511

f 1128/3252/512 1130/3253/514 1127/3254/511

f 1129/3255/513 1130/3256/514 1128/3257/512

f 1203/3258/587 1125/3259/509 1126/3260/510

f 1011/3261/395 1012/3262/396 1090/3263/474

f 997/3264/381 998/3265/382 994/3266/378

f 995/3267/379 997/3268/381 994/3269/378

f 965/3270/349 967/3271/351 1048/3272/432

f 965/3273/349 1048/3274/432 964/3275/348

f 835/3276/219 836/3277/220 971/3278/355

f 971/3279/355 825/3280/209 835/3281/219

f 824/3282/208 825/3283/209 971/3284/355

f 822/3285/206 824/3286/208 971/3287/355

f 823/3288/207 824/3289/208 822/3290/206

f 822/3291/206 971/3292/355 968/3293/352

f 822/3294/206 968/3295/352 821/3296/205

f 821/3297/205 968/3298/352 966/3299/350

f 954/3300/338 821/3301/205 966/3302/350

f 941/3303/325 947/3304/331 939/3305/323

f 944/3306/328 947/3307/331 941/3308/325

f 943/3309/327 944/3310/328 941/3311/325

f 942/3312/326 906/3313/290 905/3314/289

f 909/3315/293 906/3316/290 942/3317/326

f 940/3318/324 909/3319/293 942/3320/326

f 913/3321/297 909/3322/293 940/3323/324

f 937/3324/321 913/3325/297 940/3326/324

f 924/3327/308 913/3328/297 937/3329/321

f 927/3330/311 924/3331/308 937/3332/321

f 802/3333/186 869/3334/253 867/3335/251

f 802/3336/186 867/3337/251 801/3338/185

f 827/3339/211 830/3340/214 826/3341/210

f 827/3342/211 828/3343/212 830/3344/214

f 746/3345/130 749/3346/133 747/3347/131

g Mesh26 Component_277_1 Group1 Model

usemtl FrontColor
v 0.1 15 -31.9
vt 2.9 1
vn 0 0 1
v 0.1 14 -31.9
vt 2.9 0
v 2.2 14 -31.9
vt 5 0
v 2.2 15 -31.9
vt 5 1
f 1209/3348/593 1210/3349/593 1211/3350/593 1212/3351/593 

vt 0.1 1
vn -1 0 -0
v 0.1 15 -34.1
vt -2.1 1
v 0.1 14 -34.1
vt -2.1 0
vt 0.1 0
f 1209/3352/594 1213/3353/594 1214/3354/594 1210/3355/594 

v 2.2 15 -32
vn 0 1 -0
v 0.2 15 -32
vt 3 6.8485e-10
v 0.2 15 -34
vt 3 2
v 2.2 15 -34
vt 5 2
v 2.2 15 -32
v 2.3 15 -32
vt 5.1 3.38264e-09
v 2.3 15 -34.1
vt 5.1 2.1
vt 2.9 2.1
vt 2.9 -0.1
vt 5 -0.1
f 1215/3350/595 1216/3356/595 1217/3357/595 1218/3358/595 1219/3350/595 1220/3359/595 1221/3360/595 1213/3361/595 1209/3362/595 1212/3363/595 

v 2.2 14 -32
vt -5 0
vn 3.42425e-10 0 -1
v 0.2 14 -32
vt -3 0
vt -3 1
vt -5 1
f 1222/3364/596 1223/3365/596 1216/3366/596 1215/3367/596 

vt -3 6.8485e-10
vn 0 -1 -0
vt -5 -0.1
vt -2.9 -0.1
vt -2.9 2.1
v 2.3 14 -34.1
vt -5.1 2.1
v 2.3 14 -32
vt -5.1 3.38264e-09
v 2.2 14 -32
v 2.2 14 -34
vt -5 2
v 0.2 14 -34
vt -3 2
f 1223/3368/597 1222/3364/597 1211/3369/597 1210/3370/597 1214/3371/597 1224/3372/597 1225/3373/597 1226/3364/597 1227/3374/597 1228/3375/597 

vt 0 0
vn 1 0 -0
vt 0 1
vt -0.1 1
vt -0.1 0
f 1222/3376/598 1215/3377/598 1212/3378/598 1211/3379/598 

vt 5.1 1
vn 3.38264e-08 0 1
vt 5.1 0
f 1220/3380/599 1215/3351/599 1222/3350/599 1225/3381/599 

vt -2 1
vn -1 0 3.37851e-08
vt 1.68925e-07 0
vt 1.68925e-07 1
f 1218/3382/600 1227/95/600 1222/3383/600 1215/3384/600 

vt 3 0
vn 2.63562e-08 0 1
vt 3 1
f 1228/3385/601 1227/3350/601 1218/3351/601 1217/3386/601 

vt -2.55266e-09 0
vn 1 0 -1.07917e-09
vt 2 1
vt -2.55266e-09 1
f 1223/3387/602 1228/98/602 1217/3388/602 1216/3389/602 

vt 2.1 1
vn 1 0 -2.63563e-08
vt -1.31035e-07 1
vt -1.31035e-07 0
vt 2.1 0
f 1221/3390/603 1220/3391/603 1225/3392/603 1224/3393/603 

vt -2.9 1
vn -2.28283e-09 0 -1
vt -5.1 1
vt -5.1 0
vt -2.9 0
f 1213/3394/604 1221/3395/604 1224/3396/604 1214/3397/604 

g Mesh27 Component_278_1 Group1 Model

v 5.2 27 -34
vt 2.93312e-11 1.46656e-11
vn 1.46656e-11 7.3328e-12 1
v 6.2 27 -34
vt 1 1.46656e-11
v 6.2 29 -34
vt 1 2
v 5.2 29 -34
vt 9.12451e-09 2
f 1229/3398/605 1230/3399/605 1231/3400/605 1232/3401/605 

v 6.2 27 -32
vt 7.88674e-10 -6.61209e-14
vn 1 6.61209e-14 -3.12407e-13
v 6.2 26.9 -32
vt 7.88674e-10 -0.1
v 6.2 26.9 -34.1
vt 2.1 -0.1
v 6.2 29.1 -34.1
vt 2.1 2.1
v 6.2 29.1 -32
vt -3.12407e-13 2.1
v 6.2 29 -32
vt -3.12407e-13 2
vt 2 -6.61209e-14
f 1233/3402/606 1234/3403/606 1235/3404/606 1236/3405/606 1237/3406/606 1238/3407/606 1231/8/606 1230/3408/606 

vt 1 0
vn 1.41014e-32 0 1
v 5.2 27 -32
vt 1.11258e-41 0
v 5.2 26.9 -32
vt 1.11258e-41 -0.1
vt 1 -0.1
f 1233/3409/607 1239/3410/607 1240/3411/607 1234/3412/607 

vt -7.88987e-10 0
vn -1 0 -1.41014e-32
v 5.2 26.9 -34
vt -2 -0.1
vt -7.88987e-10 -0.1
f 1239/3413/608 1229/95/608 1241/3414/608 1240/3415/608 

vn -1 4.31386e-09 1.55065e-11
vt -2 1.33785e-19
v 5.2 29 -32
vt 1.41034e-19 2
v 5.2 29.1 -32
vt 1.41034e-19 2.1
v 5.2 29.1 -34.1
vt -2.1 2.1
v 5.2 26.9 -34.1
vt -2.1 -0.1
f 1241/3414/609 1229/3416/609 1232/15/609 1242/3417/609 1243/3418/609 1244/3419/609 1245/3420/609 

vt -9.09518e-09 0
vt -9.09518e-09 2
vt -1 2
vt -1 0
f 1242/3421/597 1232/3422/597 1231/3423/597 1238/3424/597 

vt 9.09518e-09 2
vt 1 2.1
vt 9.09518e-09 2.1
f 1242/3425/607 1238/3400/607 1237/3426/607 1243/3427/607 

vn -6.72084e-25 1 -1.91222e-13
vt 9.0937e-09 2.1
vt 9.09518e-09 -4.01566e-13
vt 1 -4.01566e-13
f 1236/3426/610 1244/3428/610 1243/3429/610 1237/3430/610 

vt -1 2.1
vn -1.46656e-11 -7.3328e-12 -1
vt -1 -0.1
vt -2.93198e-11 -0.1
vt -9.1245e-09 2.1
f 1236/3431/611 1235/3432/611 1245/3433/611 1244/3434/611 

vt -1 7.88987e-10
vt 0 7.88987e-10
vt 0 2
vt 1.47793e-12 2.1
f 1235/3431/597 1234/3435/597 1240/3436/597 1241/3437/597 1245/3438/597 

g Mesh28 Component_277_2 Group1 Model

v 70.2 15 -31.9
v 70.2 14 -31.9
v 72.3 14 -31.9
v 72.3 15 -31.9
f 1246/3351/593 1247/3350/593 1248/3349/593 1249/3348/593 

v 70.2 15 -32
v 70.2 14 -32
f 1247/3379/594 1246/3378/594 1250/3377/594 1251/3376/594 

v 72.3 15 -34.1
v 70.1 15 -34.1
v 70.1 15 -32
v 70.2 15 -34
v 72.2 15 -34
v 72.2 15 -32
v 70.2 15 -32
f 1246/3363/595 1249/3362/595 1252/3361/595 1253/3360/595 1254/3359/595 1250/3350/595 1255/3358/595 1256/3357/595 1257/3356/595 1258/3350/595 

v 72.3 14 -34.1
f 1248/3355/598 1259/3354/598 1252/3353/598 1249/3352/598 

v 72.2 14 -34
v 70.2 14 -34
v 70.1 14 -32
v 70.1 14 -34.1
v 70.2 14 -32
v 72.2 14 -32
f 1260/3375/597 1261/3374/597 1251/3364/597 1262/3373/597 1263/3372/597 1259/3371/597 1248/3370/597 1247/3369/597 1264/3364/597 1265/3368/597 

vn -2.63562e-08 0 1
f 1256/3386/612 1255/3351/612 1261/3350/612 1260/3385/612 

vn 1 0 3.37851e-08
f 1250/3384/613 1251/3383/613 1261/95/613 1255/3382/613 

vn -3.42425e-10 0 -1
f 1250/3367/614 1257/3366/614 1265/3365/614 1251/3364/614 

vn -1 0 -1.07917e-09
f 1257/3389/615 1256/3388/615 1260/98/615 1265/3387/615 

vn -3.38264e-08 0 1
f 1262/3381/616 1251/3350/616 1250/3351/616 1254/3380/616 

vn -1 0 -2.63563e-08
f 1263/3393/617 1262/3392/617 1254/3391/617 1253/3390/617 

vn 2.28283e-09 0 -1
f 1259/3397/618 1263/3396/618 1253/3395/618 1252/3394/618 

g Mesh29 Component_278_2 Group1 Model

v 67.2 29 -34
vn -1.46656e-11 7.3328e-12 1
v 66.2 29 -34
v 66.2 27 -34
v 67.2 27 -34
f 1266/3401/619 1267/3400/619 1268/3399/619 1269/3398/619 

v 66.2 29 -32
v 67.2 29 -32
f 1270/3424/597 1267/3423/597 1266/3422/597 1271/3421/597 

vn -1 6.61209e-14 -3.12407e-13
v 66.2 29.1 -32
v 66.2 29.1 -34.1
v 66.2 26.9 -34.1
v 66.2 26.9 -32
v 66.2 27 -32
f 1268/3408/620 1267/8/620 1270/3407/620 1272/3406/620 1273/3405/620 1274/3404/620 1275/3403/620 1276/3402/620 

v 67.2 29.1 -32
vn -2.82028e-32 0 1
f 1277/3427/621 1272/3426/621 1270/3400/621 1271/3425/621 

vn 6.72084e-25 1 -1.91222e-13
v 67.2 29.1 -34.1
f 1272/3430/622 1277/3429/622 1278/3428/622 1273/3426/622 

v 67.2 26.9 -34.1
vn 1 4.31386e-09 1.55065e-11
v 67.2 26.9 -34
f 1279/3420/623 1278/3419/623 1277/3418/623 1271/3417/623 1266/15/623 1269/3416/623 1280/3414/623 

vn 1.46656e-11 -7.3328e-12 -1
f 1278/3434/624 1279/3433/624 1274/3432/624 1273/3431/624 

v 67.2 26.9 -32
f 1279/3438/597 1280/3437/597 1281/3436/597 1275/3435/597 1274/3431/597 

v 67.2 27 -32
f 1281/3415/598 1280/3414/598 1269/95/598 1282/3413/598 

f 1275/3412/621 1281/3411/621 1282/3410/621 1276/3409/621 

