# Alias OBJ Model File
# Exported from SketchUp, (c) 2000-2012 Trimble Navigation Limited
# File units = inches

mtllib 6 BRAVADA corner sofa 72.mtl

g Mesh1 Group2 Group1 Model

usemtl _Color_M06_4
v 70.3 8 -0.1
vt 2.91095e-10 -2.15816e-29
vn 7.27738e-11 -1.0592e-20 1
v 70.3 10 -0.1
vt -1.48278e-19 2
v 2.3 10 -0.1
vt 68 2
v 2.3 8 -0.1
vt 68 4.94862e-09
f 1/1/1 2/2/1 3/3/1 4/4/1 

v 70.3 8 -2.1
vt -2 -1.0592e-20
vn 1 -7.27738e-11 -7.27738e-11
v 70.3 10 -2.1
vt -2 2
vt -2.03752e-09 2
vt -2.03752e-09 -2.11841e-20
f 5/5/2 6/6/2 2/7/2 1/8/2 

vt -1.45548e-10 2
vn -7.27738e-11 0 -1
vt -1.45548e-10 0
v 2.3 8 -2.1
vt -68 4.94862e-09
v 2.3 10 -2.1
vt -68 2
f 6/9/3 5/10/3 7/11/3 8/12/3 

vt -2.91095e-10 2
vn -7.27738e-11 -1 -0
vt -2.91095e-10 2.03752e-09
vt -68 -2.91095e-09
f 5/13/4 1/14/4 4/15/4 7/12/4 

vt 2 2
vn -1 7.27738e-11 7.27738e-11
vt 2 -2.76096e-17
vt 2.03767e-09 -2.76202e-17
vt 2.03767e-09 2
f 8/16/5 7/17/5 4/18/5 3/19/5 

vt 1.45548e-10 2.03752e-09
vn 7.27738e-11 1 -1.0592e-20
vt 4.36643e-10 2
vt 68 -2.91095e-09
f 2/20/6 6/21/6 8/3/6 3/22/6 

g Mesh2 Group4 Group3 Group1 Model

v 56.425 10 -2.1
vt 0.75 1.42109e-13
vn -3.71259e-13 1 -2.27374e-13
v 57.175 10 -2.1
vt 1.84288e-11 -1.42109e-13
v 57.175 10 -32.1
vt 1.28013e-11 30
v 56.425 10 -32.1
vt 0.75 30
f 9/23/7 10/24/7 11/25/7 12/26/7 

v 56.425 8.5 -2.1
vt 0.75 6.82154e-12
vn -1.89478e-13 2.27374e-13 1
v 57.175 8.5 -2.1
vt 5.6275e-12 6.82154e-12
vt 1.89857e-11 1.5
vt 0.75 1.5
f 13/27/8 14/28/8 10/29/8 9/30/8 

vt -5.6275e-12 -1.55104e-24
vn -0 -1 2.27374e-13
vt -0.75 -1.55104e-24
v 56.425 8.5 -32.1
vt -0.75 30
v 57.175 8.5 -32.1
vt 0 30
f 14/31/9 13/32/9 15/33/9 16/34/9 

vt -1.42109e-13 6.82154e-12
vn -1 -6.10333e-26 -1.89478e-13
vt 3.41061e-13 1.5
vt 30 1.5
vt 30 4.5775e-26
f 13/35/10 9/36/10 12/37/10 15/38/10 

vt -5.68434e-12 6.82121e-12
vn 1.89478e-13 -2.27374e-13 -1
vt -0.75 6.82121e-12
vt -0.75 1.5
vt -1.90425e-11 1.5
f 16/39/11 15/40/11 12/41/11 11/42/11 

vt -1.98952e-13 1.5
vn 1 8.90547e-12 1.89478e-13
vt 1.06629e-24 6.82154e-12
vt -30 5.06217e-23
vt -30 1.5
f 10/43/12 14/44/12 16/45/12 11/46/12 

g Mesh3 Group5 Group3 Group1 Model

v 2.3 10.125 -18.6
vt -53.4286 0.125
vn 9.32749e-13 1.39466e-12 -1
v 70.3 10.125 -18.6
vt -7.89717e-13 0.125
v 70.3 10 -18.6
vt -7.32874e-13 6.59184e-12
v 2.3 10 -18.6
vt -53.4286 -5.96878e-12
f 17/47/13 18/48/13 19/49/13 20/50/13 

vt 53.4286 1
vn -2.99669e-13 1 1.39466e-12
v 2.3 10.125 -17.6
vt 53.4286 2.07232e-11
v 70.3 10.125 -17.6
vt 4.82159e-13 1.74333e-13
vt 2.74116e-14 1
f 17/51/14 21/52/14 22/53/14 18/54/14 

vt 2.05489e-11 0.125
vn -1 -1.85e-13 -5.16025e-25
vt 1 0.125
vt 1 8.00588e-12
v 2.3 10 -17.6
vt 2.07194e-11 5.217e-12
f 21/55/15 17/56/15 20/57/15 23/58/15 

vt -53.4286 2.07194e-11
vn 2.99669e-13 -1 -1.39466e-12
vt -53.4286 1
vt 1.88046e-24 1
v 70.3 10 -17.6
vt -5.11591e-13 1.7053e-13
f 23/59/16 20/60/16 19/61/16 24/62/16 

vt -1 0.125
vn 1 1.85e-13 3.79633e-13
vt 2.47185e-25 0.125
vt -1.7053e-13 7.9865e-12
vt -1 7.9865e-12
f 18/63/17 22/64/17 24/65/17 19/66/17 

vt 5.11591e-13 0.125
vn -9.34041e-13 -1.39466e-12 1
vt 53.4286 0.125
vt 53.4286 -7.363e-12
vt 5.11591e-13 7.9865e-12
f 22/67/18 21/68/18 23/69/18 24/70/18 

g Mesh4 Group6 Group3 Group1 Model

v 2.3 10.125 -7.6
v 70.3 10.125 -7.6
vt -7.32874e-13 0.125
v 70.3 10 -7.6
vt -7.32874e-13 6.59361e-12
v 2.3 10 -7.6
f 25/47/13 26/71/13 27/72/13 28/50/13 

v 2.3 10.125 -6.6
v 70.3 10.125 -6.6
vt -2.94318e-14 1
f 25/51/14 29/52/14 30/53/14 26/73/14 

v 2.3 10 -6.6
f 29/55/15 25/56/15 28/57/15 31/58/15 

vt 1.88088e-24 1
v 70.3 10 -6.6
vt -4.54747e-13 1.7053e-13
f 31/59/16 28/60/16 27/74/16 32/75/16 

vt -1.7053e-13 7.98828e-12
vt -1 7.98828e-12
f 26/63/17 30/64/17 32/76/17 27/77/17 

vt 4.54747e-13 7.98828e-12
f 30/67/18 29/68/18 31/69/18 32/78/18 

g Mesh5 Group7 Group3 Group1 Model

v 2.3 10.125 -29.6
v 70.3 10.125 -29.6
v 70.3 10 -29.6
v 2.3 10 -29.6
f 33/47/13 34/71/13 35/72/13 36/50/13 

v 2.3 10.125 -28.6
v 70.3 10.125 -28.6
vt 4.9637e-13 1.74333e-13
f 33/51/14 37/52/14 38/79/14 34/73/14 

v 2.3 10 -28.6
f 37/55/15 33/56/15 36/57/15 39/58/15 

v 70.3 10 -28.6
vt -4.68958e-13 1.7053e-13
f 39/59/16 36/60/16 35/74/16 40/80/16 

vt 2.54051e-25 0.125
f 34/63/17 38/81/17 40/76/17 35/77/17 

vt 5.25802e-13 0.125
vt 4.68958e-13 7.98828e-12
f 38/82/18 37/68/18 39/69/18 40/83/18 

g Mesh6 Group8 Group3 Group1 Model

v 2.3 10.125 -13.1
v 70.3 10.125 -13.1
v 70.3 10 -13.1
v 2.3 10 -13.1
f 41/47/13 42/71/13 43/72/13 44/50/13 

v 2.3 10.125 -12.1
v 70.3 10.125 -12.1
f 41/51/14 45/52/14 46/53/14 42/73/14 

v 2.3 10 -12.1
f 45/55/15 41/56/15 44/57/15 47/58/15 

v 70.3 10 -12.1
f 47/59/16 44/60/16 43/74/16 48/75/16 

f 42/63/17 46/64/17 48/76/17 43/77/17 

f 46/67/18 45/68/18 47/69/18 48/78/18 

g Mesh7 Group9 Group3 Group1 Model

v 2.3 10.125 -24.1
v 70.3 10.125 -24.1
v 70.3 10 -24.1
v 2.3 10 -24.1
f 49/47/13 50/71/13 51/49/13 52/50/13 

v 2.3 10.125 -23.1
v 70.3 10.125 -23.1
f 49/51/14 53/52/14 54/53/14 50/73/14 

v 2.3 10 -23.1
f 53/55/15 49/56/15 52/57/15 55/58/15 

v 70.3 10 -23.1
f 55/59/16 52/60/16 51/61/16 56/75/16 

f 50/63/17 54/64/17 56/65/17 51/66/17 

vt 4.54747e-13 7.9865e-12
f 54/67/18 53/68/18 55/69/18 56/84/18 

g Mesh8 Group10 Group3 Group1 Model

v 42.925 10 -2.1
v 43.675 10 -2.1
v 43.675 10 -32.1
v 42.925 10 -32.1
f 57/23/7 58/24/7 59/25/7 60/26/7 

v 42.925 8.5 -2.1
v 43.675 8.5 -2.1
f 61/27/8 62/28/8 58/29/8 57/30/8 

v 42.925 8.5 -32.1
v 43.675 8.5 -32.1
f 62/31/9 61/32/9 63/33/9 64/34/9 

f 61/35/10 57/36/10 60/37/10 63/38/10 

f 64/39/11 63/40/11 60/41/11 59/42/11 

f 58/43/12 62/44/12 64/45/12 59/46/12 

g Mesh9 Group11 Group3 Group1 Model

v 29.425 10 -2.1
v 30.175 10 -2.1
v 30.175 10 -32.1
v 29.425 10 -32.1
f 65/23/7 66/24/7 67/25/7 68/26/7 

v 29.425 8.5 -2.1
v 30.175 8.5 -2.1
f 69/27/8 70/28/8 66/29/8 65/30/8 

v 29.425 8.5 -32.1
v 30.175 8.5 -32.1
f 70/31/9 69/32/9 71/33/9 72/34/9 

f 69/35/10 65/36/10 68/37/10 71/38/10 

f 72/39/11 71/40/11 68/41/11 67/42/11 

f 66/43/12 70/44/12 72/45/12 67/46/12 

g Mesh10 Group12 Group3 Group1 Model

v 15.925 10 -2.1
v 16.675 10 -2.1
v 16.675 10 -32.1
v 15.925 10 -32.1
f 73/23/7 74/24/7 75/25/7 76/26/7 

v 15.925 8.5 -2.1
v 16.675 8.5 -2.1
f 77/27/8 78/28/8 74/29/8 73/30/8 

v 15.925 8.5 -32.1
v 16.675 8.5 -32.1
f 78/31/9 77/32/9 79/33/9 80/34/9 

f 77/35/10 73/36/10 76/37/10 79/38/10 

f 80/39/11 79/40/11 76/41/11 75/42/11 

f 74/43/12 78/44/12 80/45/12 75/46/12 

g Mesh11 Group13 Group1 Model

v 2.3 7.86344e-08 -32.1
vt -26 1.99654e-08
vn 2.49571e-09 -1 -2.49571e-09
v 0.3 7.86344e-08 -32.1
vt -28 1.99654e-08
v 0.3 7.86344e-08 -34.1
vt -28 2
v 2.3 8.86172e-08 -34.1
vt -26 2
f 81/85/19 82/86/19 83/87/19 84/88/19 

vt 28 -4.98271e-17
vn 3.67595e-26 -2.49567e-09 1
vt 26 -4.98271e-17
v 2.3 8 -32.1
vt 26 8
v 0.3 8 -32.1
vt 28 8
f 82/89/20 81/90/20 85/91/20 86/92/20 

vt -1.99654e-08 6.48875e-08
vn 1 2.49567e-09 1.2457e-17
vt -2 7.48704e-08
v 2.3 8 -34.1
vt -2 8
vt 3.23881e-16 8
f 81/93/21 84/94/21 87/95/21 85/96/21 

vt -26 4.99149e-09
vn -1.2457e-17 2.49567e-09 -1
vt -28 -4.99135e-09
v 0.3 8 -34.1
vt -28 8
vt -26 8
f 84/97/22 83/98/22 88/99/22 87/100/22 

vt 2 6.98789e-08
vn -1 -2.49567e-09 -3.67595e-26
vt 1.99654e-08 6.98789e-08
vt -1.02926e-24 8
vt 2 8
f 83/101/23 82/102/23 86/103/23 88/104/23 

vt 28 1.99657e-08
vn -2.49571e-09 1 2.49571e-09
vt 26 1.99657e-08
vt 26 2
vt 28 2
f 86/105/24 85/106/24 87/107/24 88/108/24 

g Mesh12 Group15 Group14 Group1 Model

v 2.3 8 -2.1
vt -1.31348e-10 8
vn -7.98737e-11 3.5552e-11 -1
v 2.3 8.51986e-11 -2.1
vt 1.59747e-10 -4.27045e-11
v 0.3 5.67991e-11 -2.1
vt -2 -7.1104e-11
v 0.3 8 -2.1
f 89/109/25 90/110/25 91/111/25 92/95/25 

v 2.3 8.51986e-11 -0.1
vt -1.59758e-10 2.83995e-11
vn 1 1.41998e-11 -7.98737e-11
vt -2 2.83995e-11
v 2.3 10 -0.1
vt -1.59758e-10 10
f 93/112/26 90/113/26 89/95/26 94/114/26 

vt 4.03267e-22 2
vn 1.41998e-11 -1 -0
vt 4.03267e-22 1.59758e-10
v 0.3 5.67991e-11 -0.1
vt -2 0
f 90/115/27 93/116/27 95/117/27 91/6/27 

vt -1.27605e-20 2.83995e-11
vn 7.98737e-11 0 1
vt -1.27605e-20 10
v 0.3 10 -0.1
vt 2 10
vt 2 0
f 93/118/28 94/119/28 96/120/28 95/121/28 

vt 1.50291e-20 7.07107
vn -6.652e-11 0.707107 -0.707107
vt -1.02948e-10 4.24264
vt -2 4.24264
vt -2 7.07107
f 94/122/29 89/123/29 92/124/29 96/125/29 

vt 2 2.83995e-11
vn -1 -1.41998e-11 7.98737e-11
vt 1.59747e-10 2.83995e-11
vt 1.59747e-10 10
f 91/126/30 95/127/30 96/128/30 92/104/30 

g Mesh13 Group16 Group14 Group1 Model

v 72.3 8 -2.1
v 72.3 8.51986e-11 -2.1
v 70.3 5.67991e-11 -2.1
v 70.3 8 -2.1
f 97/109/25 98/110/25 99/111/25 100/95/25 

v 72.3 8.51986e-11 -0.1
v 72.3 10 -0.1
f 101/112/26 98/113/26 97/95/26 102/114/26 

v 70.3 5.67991e-11 -0.1
f 98/115/27 101/116/27 103/117/27 99/6/27 

v 70.3 10 -0.1
f 101/118/28 102/119/28 104/120/28 103/121/28 

f 102/122/29 97/123/29 100/124/29 104/125/29 

f 99/126/30 103/127/30 104/128/30 100/104/30 

g Mesh14 Group17 Group14 Group1 Model

v 70.3 27 -32.1
vt -2 1.90653e-10
vn 2.09502e-11 -1 4.54747e-12
v 2.3 27 -32.1
vt -70 1.42381e-09
v 2.3 27 -34.1
vt -70 2
v 70.3 27 -34.1
f 105/129/31 106/130/31 107/131/31 108/6/31 

v 72.3 29 -32.1
vt 6.99742e-11 2
vn -6.87204e-11 1.64553e-09 1
v 0.3 29 -32.1
vt 72 2
vt 70 2.76284e-10
vt 2 6.57209e-10
f 109/132/32 110/133/32 106/134/32 105/135/32 

v 72.3 29 -34.1
vt -2.87908e-11 2
vn -1.43954e-11 1 -4.55254e-11
v 0.3 29 -34.1
vt 72 8.10554e-09
vt 4.11834e-11 -9.10507e-11
f 111/136/33 112/133/33 110/137/33 109/138/33 

vt -2 2.61565e-09
vn 2.91608e-11 -9.69413e-10 -1
vt -70 2.01339e-09
vt -72 2
vt -5.83217e-11 2
f 108/139/34 107/140/34 112/141/34 111/142/34 

vt 2 52.3259
vn -0.707107 -0.707107 -1.16026e-09
vt 2 49.4975
vt -1.13436e-07 49.4975
vt -1.09945e-07 52.3259
f 112/143/35 107/144/35 106/145/35 110/146/35 

vt 1.76134e-21 1.41421
vn 0.707107 -0.707107 1.77988e-11
vt -1.4031e-10 -1.41421
vt -2 -1.41421
vt -2 1.41421
f 109/147/36 105/148/36 108/149/36 111/150/36 

g Mesh15 Group18 Group14 Group1 Model

v 2.3 8 -2.1
vt 3.43121e-10 -1.41421
vn -1.83939e-11 -0.707107 0.707107
v 2.3 10 -0.1
vt 2.63646e-21 1.41421
v 0.3 10 -0.1
vt 2 1.41421
v 0.3 8 -2.1
vt 2 -1.41421
f 113/151/37 114/152/37 115/153/37 116/154/37 

vt -1.01352e-10 2
vn 1 -7.66853e-11 -5.06724e-11
vt -2 9.68857e-09
v 2.3 8 -34.1
vt -34 -1.17613e-20
v 2.3 10 -32.1
vt -32 2
f 114/155/38 113/156/38 117/157/38 118/158/38 

vt -1.87623e-09 34
vn -7.66853e-11 -1 3.02768e-10
v 0.3 8 -34.1
vt -2 34
f 117/159/39 113/13/39 116/6/39 119/160/39 

vt 2 9.68857e-09
vn -1 7.66853e-11 5.06724e-11
vt 1.01345e-10 2
v 0.3 10 -32.1
vt 32 2
vt 34 -8.99409e-19
f 116/161/40 115/162/40 120/163/40 119/164/40 

vt 1.53371e-10 -4.82802e-10
vn 7.66853e-11 1 -2.92077e-10
vt 1.81127e-09 32
vt 2 32
vt 2 -5.84154e-10
f 114/165/41 118/166/41 120/167/41 115/168/41 

vt -2.49031e-09 -21.2132
vn 1.83939e-11 0.707107 -0.707107
vt -2.76067e-09 -24.0416
vt -2 -24.0416
vt -2 -21.2132
f 118/169/42 117/170/42 119/171/42 120/172/42 

g Mesh16 Group19 Group14 Group1 Model

v 72.3 29 -32.1
vt -4.54122e-10 21
vn 1 3.60764e-10 -1.57005e-10
v 72.3 10 -32.1
vt -1.0192e-10 2
v 72.3 8 -34.1
vt -2 6.73694e-10
vt -2 21
f 121/173/43 122/174/43 123/175/43 111/176/43 

vt 6.36646e-12 2
vn 8.54601e-11 1.00409e-11 1
vt 7.2821e-09 21
v 70.3 27 -32.1
vt 2 19
v 70.3 10 -32.1
f 122/177/44 121/178/44 124/179/44 125/16/44 

vt 2 14.8492
vn -0.707107 0.707107 -6.07783e-11
vt 2 12.0208
vt -7.97069e-11 12.0208
vt 4.54122e-10 14.8492
f 111/180/45 108/181/45 124/182/45 121/183/45 

v 70.3 8 -34.1
vt -2 6.17773e-11
vn 6.31075e-11 -3.08887e-11 -1
vt -2 19
vt -7.32117e-09 21
vt -1.26215e-10 7.35471e-10
f 126/184/46 108/185/46 111/186/46 123/187/46 

vn -1 -3.94193e-10 5.44721e-11
vt 2 7.88386e-10
vt 1.08944e-10 2
vt 2.01144e-10 19
f 108/179/47 126/188/47 125/189/47 124/190/47 

vn 1.46941e-10 -0.707107 0.707107
vt -4.15613e-10 -1.41421
vt 6.36646e-12 1.41421
f 125/153/48 126/154/48 123/191/48 122/192/48 

g Mesh17 Group20 Group14 Group1 Model

vt -1.43814e-09 19
vn 1 -3.49403e-12 7.20055e-11
v 2.3 10 -32.1
vt 1.48741e-20 2
v 2.3 8 -34.1
vt -2 -5.4747e-22
v 2.3 27 -34.1
f 106/193/49 127/194/49 128/195/49 129/185/49 

vt 2.06569e-10 2
vn 4.18088e-12 8.40772e-11 1
vt 8.7141e-11 19
v 0.3 29 -32.1
vt 2 21
v 0.3 10 -32.1
f 127/196/50 106/197/50 130/198/50 131/16/50 

vt -2 13.435
vn 0.707107 0.707107 -5.99654e-11
v 0.3 29 -34.1
vt -2 16.2635
vt -1.75918e-09 16.2635
vt -1.43814e-09 13.435
f 129/199/51 132/200/51 130/201/51 106/202/51 

v 0.3 8 -34.1
vt -2 1.1733e-10
vn 8.5251e-12 -5.86652e-11 -1
vt -1.70502e-11 19
vt -2.97263e-11 1.1733e-10
f 133/203/52 132/176/52 129/204/52 128/205/52 

vt -2.3495e-12 2
vn -1 9.894e-13 -1.17475e-12
vt 1.58722e-09 21
vt 2 -1.9788e-12
f 131/206/53 130/207/53 132/198/53 133/208/53 

vn 6.91469e-13 -0.707107 0.707107
vt 1.07203e-11 -1.41421
vt 2.06569e-10 1.41421
f 131/153/54 133/154/54 128/209/54 127/210/54 

g Mesh18 Group21 Group14 Group1 Model

v 72.3 8 -2.1
v 72.3 10 -0.1
v 70.3 10 -0.1
v 70.3 8 -2.1
f 134/151/37 135/152/37 136/153/37 137/154/37 

v 72.3 8 -34.1
v 72.3 10 -32.1
f 135/155/38 134/156/38 138/157/38 139/158/38 

f 138/159/39 134/13/39 137/6/39 126/160/39 

f 137/161/40 136/162/40 125/163/40 126/164/40 

f 135/165/41 139/166/41 125/167/41 136/168/41 

f 139/169/42 138/170/42 126/171/42 125/172/42 

g Mesh19 Group22 Group1 Model

v 2.3 19 -34.1
vn -1 -1.73799e-11 1.73799e-11
v 2.3 17 -34.1
vt 2 4.86637e-10
v 2.3 17 -32.1
vt 4.86637e-10 4.86637e-10
v 2.3 19 -32.1
vt 4.86637e-10 2
f 140/16/55 141/211/55 142/212/55 143/213/55 

v 70.3 19 -34.1
vt -3.47598e-11 2
vn -1.73799e-11 0 -1
v 70.3 17 -34.1
vt -3.47598e-11 4.86644e-10
vt -68 -6.95195e-10
f 144/214/56 145/215/56 141/216/56 140/12/56 

vt -2 4.86644e-10
vn 1 1.73799e-11 -1.73799e-11
v 70.3 19 -32.1
vt -4.86693e-10 2
v 70.3 17 -32.1
vt -4.86693e-10 4.86644e-10
f 145/217/57 144/6/57 146/218/57 147/219/57 

vt 3.47598e-11 4.86693e-10
vn -1.73799e-11 1 -0
vt 3.47598e-11 2
vt 68 -6.95195e-10
f 146/220/58 144/221/58 140/3/58 143/222/58 

vt -8.45867e-21 4.86644e-10
vn 1.73799e-11 6.0412e-22 1
vt 6.95195e-11 2
f 147/223/59 146/224/59 143/3/59 142/222/59 

vt -6.95195e-11 2
vn 1.73799e-11 -1 -6.0412e-22
vt 8.45781e-21 4.86693e-10
f 145/225/60 147/226/60 142/216/60 141/12/60 

g Mesh20 Group23 Group1 Model

v 72.3 8.65796e-08 -32.1
vt 0 1.99654e-08
v 70.3 8.65796e-08 -32.1
vt -2 1.99654e-08
v 70.3 8.65796e-08 -34.1
v 72.3 9.65624e-08 -34.1
vt 2.49143e-17 2
f 148/227/19 149/228/19 150/6/19 151/229/19 

vt 2 -4.98278e-17
vn -0 -2.49571e-09 1
vt 0 -4.98278e-17
v 72.3 8 -32.1
vt 1.99654e-08 8
v 70.3 8 -32.1
f 149/230/61 148/231/61 152/232/61 153/104/61 

vt -1.99654e-08 6.20712e-34
vn 1 2.49571e-09 1.24571e-17
vt -2 9.98284e-09
v 72.3 8 -34.1
vt 2.48712e-25 8
f 148/233/62 151/234/62 154/95/62 152/235/62 

vt 2.49143e-17 4.99142e-09
vn -1.24571e-17 2.49571e-09 -1
vt -2 -4.99142e-09
v 70.3 8 -34.1
vt -1.99654e-08 8
f 151/236/63 150/237/63 155/95/63 154/238/63 

vt 2 4.99142e-09
vn -1 -2.49571e-09 -0
vt 1.99654e-08 4.99142e-09
vt 0 8
f 150/239/64 149/240/64 153/241/64 155/104/64 

vt 2 1.99657e-08
vt -2.80454e-13 1.99657e-08
vt -2.80479e-13 2
f 153/242/24 152/243/24 154/244/24 155/16/24 

g Mesh21 Group24 Group1 Model

v 70.3 8 -32.1
v 70.3 10 -32.1
v 2.3 10 -32.1
v 2.3 8 -32.1
f 156/1/1 157/2/1 158/3/1 159/4/1 

v 70.3 8 -34.1
v 70.3 10 -34.1
f 160/5/2 161/6/2 157/7/2 156/8/2 

v 2.3 8 -34.1
v 2.3 10 -34.1
f 161/9/3 160/10/3 162/11/3 163/12/3 

f 160/13/4 156/14/4 159/15/4 162/12/4 

f 163/16/5 162/17/5 159/18/5 158/19/5 

f 157/20/6 161/21/6 163/3/6 158/22/6 

g Mesh22 Group26 Group25 Group1 Model

v 70.3 29 -32.1
vn -1 -4.84676e-27 4.43379e-11
v 70.3 27 -32.1
vt 32 9.69352e-27
v 70.3 27 -2.1
vt 2 9.69352e-27
v 70.3 29 -0.1
vt 8.86757e-11 2
f 164/163/65 165/245/65 166/246/65 167/247/65 

v 72.3 29 -32.1
vt 7.74241e-21 2
vn -4.43379e-11 0 -1
v 72.3 27 -32.1
vt 7.74241e-21 0
f 168/248/66 169/249/66 165/117/66 164/6/66 

vt -32 -3.7527e-47
vn 1 4.84676e-27 -4.43379e-11
v 72.3 29 -0.1
vt -8.86757e-11 2
v 72.3 27 -2.1
vt -2 -1.90561e-47
f 169/250/67 168/158/67 170/251/67 171/252/67 

vt -1.17888e-20 -1.77209e-10
vn -5.89439e-21 1 -1.32943e-10
vt 1.41881e-09 32
vt 2 -2.65885e-10
f 170/253/68 168/254/68 164/167/68 167/255/68 

vt -3.93173e-21 -1.41421
vn 3.13516e-11 -0.707107 0.707107
vt -3.93169e-21 1.41421
f 171/256/69 170/257/69 167/153/69 166/154/69 

vt -2 32
vn 0 -1 -0
vt -1.41881e-09 32
f 165/258/70 169/259/70 171/251/70 166/6/70 

g Mesh23 Group27 Group25 Group1 Model

v 70.3 27 -2.1
vn 7.83539e-11 0.707107 -0.707107
v 70.3 29 -0.1
vt -2 9.89949
v 72.3 29 -0.1
vt -1.37512e-19 9.89949
v 72.3 27 -2.1
vt -3.10294e-10 7.07107
f 172/125/71 173/260/71 174/261/71 175/262/71 

vt 1.21375e-09 14
vn -1 9.00363e-11 -1.36123e-11
vt 2 12
v 70.3 10 -2.1
vt 2 -5
v 70.3 10 -0.1
vt -4.7039e-10 -5
f 173/263/72 172/264/72 176/265/72 177/266/72 

v 72.3 10 -2.1
vt -1.68427e-09 -5
vn -1.96507e-21 -8.86402e-11 -1
vt -2 -5
vt -2 12
vt -8.86757e-11 12
f 178/267/73 176/268/73 172/269/73 175/270/73 

v 72.3 10 -0.1
vt -1.24107e-09 3.55287e-14
vn -8.86402e-11 -1 8.86402e-11
vt -2 3.55287e-14
vt -1.24107e-09 2
f 179/271/74 177/272/74 176/6/74 178/273/74 

vt -1.95012e-29 14
vn 1.57144e-20 8.86412e-11 1
vt 2 14
vt 1.68427e-09 -5
f 174/274/75 173/275/75 177/265/75 179/276/75 

vn 1 -9.1775e-11 2.37186e-11
vt -1.24098e-09 14
vt 4.43166e-10 -5
f 178/268/76 175/269/76 174/277/76 179/278/76 

g Mesh24 Group28 Group1 Model

v 70.3 17 -32.1
vt -2 -1.42109e-14
vn 2.27942e-11 9.22e-11 -1
v 70.3 19 -32.1
v 72.3 19 -32.1
vt -1.26286e-09 2
v 72.3 17 -32.1
vt -6.83826e-10 -1.77636e-14
f 180/279/77 181/6/77 182/280/77 183/281/77 

v 70.3 17 -2.1
vt 1.844e-10 3.55271e-15
vn -1 1.58205e-21 -2.27942e-11
v 70.3 19 -2.1
vt 4.55884e-11 2
vt 30 2
vt 30 2.76599e-09
f 184/282/78 185/283/78 181/284/78 180/285/78 

vn -2.27942e-11 -9.22e-11 1
vt 2 3.5527e-15
v 72.3 17 -2.1
vt 6.83698e-10 -2.12049e-20
v 72.3 19 -2.1
vt 1.26273e-09 2
f 185/16/79 184/286/79 186/287/79 187/288/79 

vt -6.83698e-10 2.29988e-10
vn -1.77636e-15 -1 -9.22e-11
vt -2 2.29988e-10
vt -2 30
vt -4.91337e-24 30
f 186/289/80 184/290/80 180/291/80 183/292/80 

vt 2.8783e-20 2
vn 1 2.89518e-10 2.27942e-11
vt -2.29988e-10 1.97943e-19
vt -30 2.76598e-09
vt -30 2
f 187/293/81 186/294/81 183/295/81 182/296/81 

vt 2 2.75577e-10
vn -4.20325e-21 1 9.22e-11
vt 1.26273e-09 1.844e-10
vt 5.79035e-10 30
vt 2 30
f 185/297/82 187/298/82 182/299/82 181/300/82 

g Mesh25 Component_13_1 Group1 Model

usemtl Color_M00
v 0.3 10 -0.1
vt -32 0
vn -1 -1.26218e-29 -1.40929e-13
v 0.3 18 -0.1
vt -32 8
v 0.3 18 -32.1
vt 5.68434e-13 8
v 0.3 10 -32.1
vt 5.68434e-13 0
f 188/301/83 189/302/83 190/303/83 191/304/83 

v 70.3 18 -0.1
vn -1.63215e-13 3.15544e-30 1
vt 98 8
vt 98 1.00893e-43
v 70.3 10 -0.1
vt 28 1.00893e-43
f 192/92/84 189/305/84 188/306/84 193/307/84 

vt 32 98
vn -1.26218e-29 1 -3.15544e-30
vt 32 28
v 70.3 18 -32.1
vt 0 28
vt -5.68434e-13 98
f 189/308/85 192/309/85 194/310/85 190/311/85 

v 70.3 10 -32.1
vt 1.11516e-57 0
vn 1 1.26218e-29 1.40929e-13
vt 1.11516e-57 8
vt 32 8
vt 32 0
f 195/312/86 194/313/86 192/314/86 193/315/86 

vt -28 1.0553e-57
vn 1.52883e-13 -3.15544e-30 -1
vt -98 1.90134e-57
vt -98 8
f 195/316/87 191/317/87 190/318/87 194/99/87 

vn 8.03204e-30 -1 3.15544e-30
vt -32 28
vt -32 98
vt 5.68434e-13 98
f 195/310/88 193/319/88 188/320/88 191/321/88 

g Mesh26 Component_14_1 Group1 Model

v 0.3 28.6666 -26.2026
vt -5.89745 10.6666
vn -1 2.57425e-14 -1.20286e-13
v 0.3 28.748 -26.235
vt -5.86501 10.748
v 0.3 28.8286 -26.2694
vt -5.83062 10.8286
v 0.3 28.9084 -26.3057
vt -5.79431 10.9084
v 0.3 28.9872 -26.3439
vt -5.75608 10.9872
v 0.3 29.0651 -26.384
vt -5.71597 11.0651
v 0.3 29.142 -26.426
vt -5.67399 11.142
v 0.3 29.2179 -26.4698
vt -5.63018 11.2179
v 0.3 29.2927 -26.5155
vt -5.58455 11.2927
v 0.3 29.3664 -26.5629
vt -5.53713 11.3664
v 0.3 29.4389 -26.612
vt -5.48796 11.4389
v 0.3 29.5102 -26.663
vt -5.43705 11.5102
v 0.3 29.5803 -26.7156
vt -5.38444 11.5803
v 0.3 29.6491 -26.7698
vt -5.33016 11.6491
v 0.3 29.7166 -26.8258
vt -5.27424 11.7166
v 0.3 29.7827 -26.8833
vt -5.21671 11.7827
v 0.3 29.8473 -26.9424
vt -5.15761 11.8473
v 0.3 29.9106 -27.003
vt -5.09696 11.9106
v 0.3 29.9724 -27.0652
vt -5.03482 11.9724
v 0.3 30.0326 -27.1288
vt -4.9712 12.0326
v 0.3 30.0913 -27.1938
vt -4.90615 12.0913
v 0.3 30.1485 -27.2603
vt -4.83971 12.1485
v 0.3 30.204 -27.3281
vt -4.77191 12.204
v 0.3 30.2578 -27.3972
vt -4.7028 12.2578
v 0.3 30.31 -27.4676
vt -4.63241 12.31
v 0.3 30.3605 -27.5392
vt -4.56078 12.3605
v 0.3 30.4092 -27.612
vt -4.48796 12.4092
v 0.3 30.4562 -27.686
vt -4.41399 12.4562
v 0.3 30.5014 -27.7611
vt -4.3389 12.5014
v 0.3 30.5447 -27.8372
vt -4.26276 12.5447
v 0.3 30.5862 -27.9144
vt -4.18559 12.5862
v 0.3 30.6259 -27.9926
vt -4.10744 12.6259
v 0.3 30.6636 -28.0716
vt -4.02836 12.6636
v 0.3 30.6994 -28.1516
vt -3.9484 12.6994
v 0.3 30.7333 -28.2324
vt -3.8676 12.7333
v 0.3 30.7653 -28.314
vt -3.78601 12.7653
v 0.3 30.7952 -28.3963
vt -3.70367 12.7952
v 0.3 30.8232 -28.4794
vt -3.62063 12.8232
v 0.3 30.8492 -28.5631
vt -3.53694 12.8492
v 0.3 30.8731 -28.6473
vt -3.45266 12.8731
v 0.3 30.895 -28.7322
vt -3.36782 12.895
v 0.3 30.9149 -28.8175
vt -3.28247 12.9149
v 0.3 30.9327 -28.9033
vt -3.19668 12.9327
v 0.3 30.9484 -28.9895
vt -3.11048 12.9484
v 0.3 30.9621 -29.0761
vt -3.02393 12.9621
v 0.3 30.9737 -29.1629
vt -2.93707 12.9737
v 0.3 30.9831 -29.25
vt -2.84996 12.9831
v 0.3 30.9905 -29.3374
vt -2.76265 12.9905
v 0.3 30.9958 -29.4248
vt -2.67518 12.9958
v 0.3 30.9989 -29.5124
vt -2.58762 12.9989
v 0.3 31 -29.6
vt -2.5 13
v 0.3 31 -32.1
vt 1.05049e-12 13
v 0.3 18 -32.1
vt 1.05049e-12 -1.49701e-12
v 0.3 18 -22.1
vt -10 -1.49701e-12
f 196/322/89 197/323/89 198/324/89 199/325/89 200/326/89 201/327/89 202/328/89 203/329/89 204/330/89 205/331/89 206/332/89 207/333/89 208/334/89 209/335/89 210/336/89 211/337/89 212/338/89 213/339/89 214/340/89 215/341/89 216/342/89 217/343/89 218/344/89 219/345/89 220/346/89 221/347/89 222/348/89 223/349/89 224/350/89 225/351/89 226/352/89 227/353/89 228/354/89 229/355/89 230/356/89 231/357/89 232/358/89 233/359/89 234/360/89 235/361/89 236/362/89 237/363/89 238/364/89 239/365/89 240/366/89 241/367/89 242/368/89 243/369/89 244/370/89 245/371/89 246/372/89 247/373/89 248/374/89 249/375/89 

v 64.4026 28.6666 -26.2026
vt 63.8838 7.72569
vn -1.01386e-13 0.36459 0.931168
v 64.435 28.748 -26.235
vt 63.8513 7.81332
vn -1.00118e-13 0.381341 0.924435
vt 127.986 7.81332
vt 127.986 7.72569
f 250/376/90 251/377/91 197/378/91 196/379/90 

v 64.4026 28.6666 -0.1
vt -32 -13.7401
vn -0.931168 0.36459 -1.31379e-13
v 64.435 28.748 -0.1
vt -32 -13.6525
vn -0.924435 0.381341 -1.30456e-13
vt -5.86501 -13.6525
vt -5.89745 -13.7401
f 252/380/92 253/381/93 251/382/93 250/383/92 

v 70.3 31 -0.1
vt 57.9863 13
vn -1.40694e-13 9.25069e-17 1
v 67.8 31 -0.1
vt 60.4863 13
v 67.7124 30.9989 -0.1
vt 60.5739 12.9989
v 67.6248 30.9958 -0.1
vt 60.6615 12.9958
v 67.5374 30.9905 -0.1
vt 60.749 12.9905
v 67.45 30.9831 -0.1
vt 60.8363 12.9831
v 67.3629 30.9737 -0.1
vt 60.9234 12.9737
v 67.2761 30.9621 -0.1
vt 61.0102 12.9621
v 67.1895 30.9484 -0.1
vt 61.0968 12.9484
v 67.1033 30.9327 -0.1
vt 61.183 12.9327
v 67.0175 30.9149 -0.1
vt 61.2688 12.9149
v 66.9322 30.895 -0.1
vt 61.3541 12.895
v 66.8473 30.8731 -0.1
vt 61.439 12.8731
v 66.7631 30.8492 -0.1
vt 61.5233 12.8492
v 66.6794 30.8232 -0.1
vt 61.6069 12.8232
v 66.5963 30.7952 -0.1
vt 61.69 12.7952
v 66.514 30.7653 -0.1
vt 61.7723 12.7653
v 66.4324 30.7333 -0.1
vt 61.8539 12.7333
v 66.3516 30.6994 -0.1
vt 61.9347 12.6994
v 66.2716 30.6636 -0.1
vt 62.0147 12.6636
v 66.1926 30.6259 -0.1
vt 62.0938 12.6259
v 66.1144 30.5862 -0.1
vt 62.1719 12.5862
v 66.0372 30.5447 -0.1
vt 62.2491 12.5447
v 65.9611 30.5014 -0.1
vt 62.3252 12.5014
v 65.886 30.4562 -0.1
vt 62.4003 12.4562
v 65.812 30.4092 -0.1
vt 62.4743 12.4092
v 65.7392 30.3605 -0.1
vt 62.5471 12.3605
v 65.6676 30.31 -0.1
vt 62.6187 12.31
v 65.5972 30.2578 -0.1
vt 62.6891 12.2578
v 65.5281 30.204 -0.1
vt 62.7582 12.204
v 65.4603 30.1485 -0.1
vt 62.826 12.1485
v 65.3938 30.0913 -0.1
vt 62.8925 12.0913
v 65.3288 30.0326 -0.1
vt 62.9575 12.0326
v 65.2652 29.9724 -0.1
vt 63.0211 11.9724
v 65.203 29.9106 -0.1
vt 63.0833 11.9106
v 65.1424 29.8473 -0.1
vt 63.1439 11.8473
v 65.0833 29.7827 -0.1
vt 63.203 11.7827
v 65.0258 29.7166 -0.1
vt 63.2606 11.7166
v 64.9698 29.6491 -0.1
vt 63.3165 11.6491
v 64.9156 29.5803 -0.1
vt 63.3708 11.5803
v 64.863 29.5102 -0.1
vt 63.4234 11.5102
v 64.812 29.4389 -0.1
vt 63.4743 11.4389
v 64.7629 29.3664 -0.1
vt 63.5234 11.3664
v 64.7155 29.2927 -0.1
vt 63.5709 11.2927
v 64.6698 29.2179 -0.1
vt 63.6165 11.2179
v 64.626 29.142 -0.1
vt 63.6603 11.142
v 64.584 29.0651 -0.1
vt 63.7023 11.0651
v 64.5439 28.9872 -0.1
vt 63.7424 10.9872
v 64.5057 28.9084 -0.1
vt 63.7806 10.9084
v 64.4694 28.8286 -0.1
vt 63.8169 10.8286
vt 63.8513 10.748
vt 63.8838 10.6666
v 60.3 18 -0.1
vt 67.9863 2.56388e-13
v 70.3 18 -0.1
vt 57.9863 5.92493e-16
f 254/384/94 255/385/94 256/386/94 257/387/94 258/388/94 259/389/94 260/390/94 261/391/94 262/392/94 263/393/94 264/394/94 265/395/94 266/396/94 267/397/94 268/398/94 269/399/94 270/400/94 271/401/94 272/402/94 273/403/94 274/404/94 275/405/94 276/406/94 277/407/94 278/408/94 279/409/94 280/410/94 281/411/94 282/412/94 283/413/94 284/414/94 285/415/94 286/416/94 287/417/94 288/418/94 289/419/94 290/420/94 291/421/94 292/422/94 293/423/94 294/424/94 295/425/94 296/426/94 297/427/94 298/428/94 299/429/94 300/430/94 301/431/94 302/432/94 303/433/94 253/434/94 252/435/94 304/436/94 305/437/94 

v 67.8 31 -29.6
vt 2.5 60.4863
vn -0.00401211 0.999984 0.00401211
vt 32 60.4863
vn -0.00601808 0.999982 3.62068e-16
vt 32 57.9863
vn 2.39168e-14 1 2.42168e-15
v 70.3 31 -32.1
vt 8.2205e-14 57.9863
vt 1.56013e-12 127.986
vt 2.5 127.986
vn 2.40078e-14 0.999982 0.00601808
f 306/438/95 255/439/96 254/440/97 307/441/97 247/442/97 246/443/98 

vt -32 -60.4131
vn -0.0240701 0.99971 -3.39405e-15
vt -32 -60.3255
vt -2.5 -60.3255
v 67.7124 30.9989 -29.5124
vt -2.58762 -60.4131
f 256/444/99 255/445/96 306/446/95 308/447/99 

vt 60.5739 -2.43098
vn 2.26661e-14 0.99971 0.0240701
vt 60.4863 -2.34335
vt 127.986 -2.34335
vt 127.986 -2.43098
f 308/448/100 306/449/95 246/450/98 245/451/100 

v 67.6248 30.9958 -29.4248
vt 60.6615 -2.20428
vn 1.97913e-14 0.998841 0.0481263
vt 60.5739 -2.11666
vt 127.986 -2.11666
vt 127.986 -2.20428
f 309/452/101 308/453/100 245/454/100 244/455/101 

vt -32 -60.1528
vn -0.0481263 0.998841 -6.78945e-15
vt -32 -60.0652
vt -2.58762 -60.0652
vt -2.67518 -60.1528
f 257/456/102 256/457/99 308/458/99 309/459/102 

vt -32 -59.8577
vn -0.0721546 0.997393 -1.01882e-14
vt -32 -59.7701
vt -2.67518 -59.7701
v 67.5374 30.9905 -29.3374
vt -2.76265 -59.8577
f 258/460/103 257/461/102 309/462/102 310/463/103 

vt 60.749 -1.97633
vn 1.69077e-14 0.997393 0.0721546
vt 60.6615 -1.88871
vt 127.986 -1.88871
vt 127.986 -1.97633
f 310/464/104 309/465/101 244/466/101 243/467/104 

v 67.45 30.9831 -29.25
vt 60.8363 -1.74727
vn 1.40198e-14 0.995368 0.0961411
vt 60.749 -1.65965
vt 127.986 -1.65965
vt 127.986 -1.74727
f 311/468/105 310/469/104 243/470/104 242/471/105 

vt -32 -59.5279
vn -0.0961411 0.995368 -1.35777e-14
vt -32 -59.4403
vt -2.76265 -59.4403
vt -2.84996 -59.5279
f 259/472/106 258/473/103 310/474/103 311/475/106 

vt -32 -59.1636
vn -0.120072 0.992765 -1.69518e-14
vt -32 -59.076
vt -2.84996 -59.076
v 67.3629 30.9737 -29.1629
vt -2.93707 -59.1636
f 260/476/107 259/477/106 311/478/106 312/479/107 

vt 60.9234 -1.51722
vn 1.11026e-14 0.992765 0.120072
vt 60.8363 -1.42959
vt 127.986 -1.42959
vt 127.986 -1.51722
f 312/480/108 311/481/105 242/482/105 241/483/108 

v 67.2761 30.9621 -29.0761
vt 61.0102 -1.28631
vn 8.17066e-15 0.989587 0.143933
vt 60.9234 -1.19869
vt 127.986 -1.19869
vt 127.986 -1.28631
f 313/484/109 312/485/108 241/486/108 240/487/109 

vt -32 -58.7651
vn -0.143933 0.989587 -2.03136e-14
vt -32 -58.6775
vt -2.93707 -58.6775
vt -3.02393 -58.7651
f 261/488/110 260/489/107 312/490/107 313/491/110 

vt -32 -58.3326
vn -0.167711 0.985836 -2.36611e-14
vt -32 -58.245
vt -3.02393 -58.245
v 67.1895 30.9484 -28.9895
vt -3.11048 -58.3326
f 262/492/111 261/493/110 313/494/110 314/495/111 

vt 61.0968 -1.05468
vn 5.25877e-15 0.985836 0.167711
vt 61.0102 -0.967059
vt 127.986 -0.967059
vt 127.986 -1.05468
f 314/496/112 313/497/109 240/498/109 239/499/112 

v 67.1033 30.9327 -28.9033
vt 61.183 -0.82247
vn 2.32668e-15 0.981514 0.191391
vt 61.0968 -0.734847
vt 127.986 -0.734847
vt 127.986 -0.82247
f 315/500/113 314/501/112 239/502/112 238/503/113 

vt -32 -57.8663
vn -0.191391 0.981514 -2.69923e-14
vt -32 -57.7787
vt -3.11048 -57.7787
vt -3.19668 -57.8663
f 263/504/114 262/505/111 314/506/111 315/507/114 

vt -32 -57.3665
vn -0.214961 0.976623 -3.03252e-14
vt -32 -57.2789
vt -3.19668 -57.2789
v 67.0175 30.9149 -28.8175
vt -3.28247 -57.3665
f 264/508/115 263/509/114 315/510/114 316/511/115 

vt 61.2688 -0.589807
vn -6.19555e-16 0.976623 0.214961
vt 61.183 -0.502183
vt 127.986 -0.502183
vt 127.986 -0.589807
f 316/512/116 315/513/113 238/514/113 237/515/116 

v 66.9322 30.895 -28.7322
vt 61.3541 -0.356827
vn -3.53595e-15 0.971166 0.238406
vt 61.2688 -0.269203
vt 127.986 -0.269203
vt 127.986 -0.356827
f 317/516/117 316/517/116 237/518/116 236/519/117 

vt -32 -56.8334
vn -0.238406 0.971166 -3.3662e-14
vt -32 -56.7458
vt -3.28247 -56.7458
vt -3.36782 -56.8334
f 265/520/118 264/521/115 316/522/115 317/523/118 

vt -32 -56.2675
vn -0.261713 0.965146 -3.69604e-14
vt -32 -56.1799
vt -3.36782 -56.1799
v 66.8473 30.8731 -28.6473
vt -3.45266 -56.2675
f 266/524/119 265/525/118 317/526/118 318/527/119 

vt 61.439 -0.123665
vn -6.43358e-15 0.965146 0.261713
vt 61.3541 -0.036042
vt 127.986 -0.036042
vt 127.986 -0.123665
f 318/528/120 317/529/117 236/530/117 235/531/120 

v 66.7631 30.8492 -28.5631
vt 61.5233 0.109542
vn -9.34324e-15 0.958567 0.284869
vt 61.439 0.197166
vt 127.986 0.197166
vt 127.986 0.109542
f 319/532/121 318/533/120 235/534/120 234/535/121 

vt -32 -55.669
vn -0.284869 0.958567 -4.0214e-14
vt -32 -55.5814
vt -3.45266 -55.5814
vt -3.53694 -55.669
f 267/536/122 266/537/119 318/538/119 319/539/122 

vt -32 -55.0382
vn -0.307859 0.951432 -4.34408e-14
vt -32 -54.9506
vt -3.53694 -54.9506
v 66.6794 30.8232 -28.4794
vt -3.62063 -55.0382
f 268/540/123 267/541/122 319/542/122 320/543/123 

vt 61.6069 0.342661
vn -1.22817e-14 0.951432 0.307859
vt 61.5233 0.430284
vt 127.986 0.430284
vt 127.986 0.342661
f 320/544/124 319/545/121 234/546/121 233/547/124 

v 66.5963 30.7952 -28.3963
vt 61.69 0.575556
vn -1.51929e-14 0.943746 0.330671
vt 61.6069 0.663179
vt 127.986 0.663179
vt 127.986 0.575556
f 321/548/125 320/549/124 233/550/124 232/551/125 

vt -32 -54.3756
vn -0.330671 0.943746 -4.66389e-14
vt -32 -54.288
vt -3.62063 -54.288
vt -3.70367 -54.3756
f 269/552/126 268/553/123 320/554/123 321/555/126 

vt -32 -53.6815
vn -0.353291 0.935513 -4.98389e-14
vt -32 -53.5939
vt -3.70367 -53.5939
v 66.514 30.7653 -28.314
vt -3.78601 -53.6815
f 270/556/127 269/557/126 321/558/126 322/559/127 

vt 61.7723 0.808092
vn -1.80804e-14 0.935513 0.353291
vt 61.69 0.895715
vt 127.986 0.895715
vt 127.986 0.808092
f 322/560/128 321/561/125 232/562/125 231/563/128 

v 66.4324 30.7333 -28.2324
vt 61.8539 1.04013
vn -2.09803e-14 0.926739 0.375707
vt 61.7723 1.12776
vt 127.986 1.12776
vt 127.986 1.04013
f 323/564/129 322/565/128 231/566/128 230/567/129 

vt -32 -52.9563
vn -0.375707 0.926739 -5.3043e-14
vt -32 -52.8687
vt -3.78601 -52.8687
vt -3.8676 -52.9563
f 271/568/130 270/569/127 322/570/127 323/571/130 

vt -32 -52.2005
vn -0.397905 0.917427 -5.61834e-14
vt -32 -52.1129
vt -3.8676 -52.1129
v 66.3516 30.6994 -28.1516
vt -3.9484 -52.2005
f 272/572/131 271/573/130 323/574/130 324/575/131 

vt 61.9347 1.27155
vn -2.38431e-14 0.917427 0.397905
vt 61.8539 1.35917
vt 127.986 1.35917
vt 127.986 1.27155
f 324/576/132 323/577/129 230/578/129 229/579/132 

v 66.2716 30.6636 -28.0716
vt 62.0147 1.5022
vn -2.67072e-14 0.907583 0.419872
vt 61.9347 1.58982
vt 127.986 1.58982
vt 127.986 1.5022
f 325/580/133 324/581/132 229/582/132 228/583/133 

vt -32 -51.4144
vn -0.419872 0.907583 -5.92539e-14
vt -32 -51.3268
vt -3.9484 -51.3268
vt -4.02836 -51.4144
f 273/584/134 272/585/131 324/586/131 325/587/134 

vt -32 -50.5986
vn -0.441596 0.897214 -6.22853e-14
vt -32 -50.511
vt -4.02836 -50.511
v 66.1926 30.6259 -27.9926
vt -4.10744 -50.5986
f 274/588/135 273/589/134 325/590/134 326/591/135 

vt 62.0938 1.73196
vn -2.95827e-14 0.897214 0.441596
vt 62.0147 1.81958
vt 127.986 1.81958
vt 127.986 1.73196
f 326/592/136 325/593/133 228/594/133 227/595/136 

v 66.1144 30.5862 -27.9144
vt 62.1719 1.96068
vn -3.23962e-14 0.886325 0.463064
vt 62.0938 2.04831
vt 127.986 2.04831
vt 127.986 1.96068
f 327/596/137 326/597/136 227/598/136 226/599/137 

vt -32 -49.7535
vn -0.463064 0.886325 -6.53186e-14
vt -32 -49.6659
vt -4.10744 -49.6659
vt -4.18559 -49.7535
f 275/600/138 274/601/135 326/602/135 327/603/138 

vt -32 -48.8796
vn -0.484264 0.874922 -6.83558e-14
vt -32 -48.7919
vt -4.18559 -48.7919
v 66.0372 30.5447 -27.8372
vt -4.26276 -48.8796
f 276/604/139 275/605/138 327/606/138 328/607/139 

vt 62.2491 2.18825
vn -3.51907e-14 0.874922 0.484264
vt 62.1719 2.27587
vt 127.986 2.27587
vt 127.986 2.18825
f 328/608/140 327/609/137 226/610/137 225/611/140 

v 65.9611 30.5014 -27.7611
vt 62.3252 2.41452
vn -3.79957e-14 0.863012 0.505183
vt 62.2491 2.50215
vt 127.986 2.50215
vt 127.986 2.41452
f 329/612/141 328/613/140 225/614/140 224/615/141 

vt -32 -47.9773
vn -0.505183 0.863012 -7.13087e-14
vt -32 -47.8897
vt -4.26276 -47.8897
vt -4.3389 -47.9773
f 277/616/142 276/617/139 328/618/139 329/619/142 

vt -32 -47.0473
vn -0.525809 0.850602 -7.41714e-14
vt -32 -46.9597
vt -4.3389 -46.9597
v 65.886 30.4562 -27.686
vt -4.41399 -47.0473
f 278/620/143 277/621/142 329/622/142 330/623/143 

vt 62.4003 2.63937
vn -4.07439e-14 0.850602 0.525809
vt 62.3252 2.72699
vt 127.986 2.72699
vt 127.986 2.63937
f 330/624/144 329/625/141 224/626/141 223/627/144 

v 65.812 30.4092 -27.612
vt 62.4743 2.86266
vn -4.34677e-14 0.8377 0.546131
vt 62.4003 2.95029
vt 127.986 2.95029
vt 127.986 2.86266
f 331/628/145 330/629/144 223/630/144 222/631/145 

vt -32 -46.0901
vn -0.546131 0.8377 -7.70358e-14
vt -32 -46.0025
vt -4.41399 -46.0025
vt -4.48796 -46.0901
f 279/632/146 278/633/143 330/634/143 331/635/146 

vt -32 -45.1062
vn -0.566136 0.824312 -7.99039e-14
vt -32 -45.0186
vt -4.48796 -45.0186
v 65.7392 30.3605 -27.5392
vt -4.56078 -45.1062
f 280/636/147 279/637/146 331/638/146 332/639/147 

vt 62.5471 3.08427
vn -4.62007e-14 0.824312 0.566136
vt 62.4743 3.17189
vt 127.986 3.17189
vt 127.986 3.08427
f 332/640/148 331/641/145 222/642/145 221/643/148 

v 65.6676 30.31 -27.4676
vt 62.6187 3.30407
vn -4.89072e-14 0.810446 0.585814
vt 62.5471 3.39169
vt 127.986 3.39169
vt 127.986 3.30407
f 333/644/149 332/645/148 221/646/148 220/647/149 

vt -32 -44.0961
vn -0.585814 0.810446 -8.26718e-14
vt -32 -44.0085
vt -4.56078 -44.0085
vt -4.63241 -44.0961
f 281/648/150 280/649/147 332/650/147 333/651/150 

vt -32 -43.0606
vn -0.605151 0.79611 -8.53904e-14
vt -32 -42.973
vt -4.63241 -42.973
v 65.5972 30.2578 -27.3972
vt -4.7028 -43.0606
f 282/652/151 281/653/150 333/654/150 334/655/151 

vt 62.6891 3.52192
vn -5.15852e-14 0.79611 0.605151
vt 62.6187 3.60955
vt 127.986 3.60955
vt 127.986 3.52192
f 334/656/152 333/657/149 220/658/149 219/659/152 

v 65.5281 30.204 -27.3281
vt 62.7582 3.73771
vn -5.4233e-14 0.781314 0.624139
vt 62.6891 3.82534
vt 127.986 3.82534
vt 127.986 3.73771
f 335/660/153 334/661/152 219/662/152 218/663/153 

vt -32 -42.0001
vn -0.624139 0.781314 -8.81124e-14
vt -32 -41.9125
vt -4.7028 -41.9125
vt -4.77191 -42.0001
f 283/664/154 282/665/151 334/666/151 335/667/154 

vt -32 -40.9153
vn -0.642764 0.766064 -9.07227e-14
vt -32 -40.8277
vt -4.77191 -40.8277
v 65.4603 30.1485 -27.2603
vt -4.83971 -40.9153
f 284/668/155 283/669/154 335/670/154 336/671/155 

vt 62.826 3.95131
vn -5.68488e-14 0.766064 0.642764
vt 62.7582 4.03894
vt 127.986 4.03894
vt 127.986 3.95131
f 336/672/156 335/673/153 218/674/153 217/675/156 

v 65.3938 30.0913 -27.1938
vt 62.8925 4.1626
vn -5.93859e-14 0.750371 0.661017
vt 62.826 4.25022
vt 127.986 4.25022
vt 127.986 4.1626
f 337/676/157 336/677/156 217/678/156 216/679/157 

vt -32 -39.8068
vn -0.661017 0.750371 -9.32779e-14
vt -32 -39.7192
vt -4.83971 -39.7192
vt -4.90615 -39.8068
f 285/680/158 284/681/155 336/682/155 337/683/158 

vt -32 -38.6753
vn -0.678887 0.734243 -9.58362e-14
vt -32 -38.5877
vt -4.90615 -38.5877
v 65.3288 30.0326 -27.1288
vt -4.9712 -38.6753
f 286/684/159 285/685/158 337/686/158 338/687/159 

vt 62.9575 4.37144
vn -6.18862e-14 0.734243 0.678887
vt 62.8925 4.45907
vt 127.986 4.45907
vt 127.986 4.37144
f 338/688/160 337/689/157 216/690/157 215/691/160 

v 65.2652 29.9724 -27.0652
vt 63.0211 4.57773
vn -6.43929e-14 0.717689 0.696364
vt 62.9575 4.66536
vt 127.986 4.66536
vt 127.986 4.57773
f 339/692/161 338/693/160 215/694/160 214/695/161 

vt -32 -37.5214
vn -0.696364 0.717689 -9.82718e-14
vt -32 -37.4338
vt -4.9712 -37.4338
vt -5.03482 -37.5214
f 287/696/162 286/697/159 338/698/159 339/699/162 

vt -32 -36.3458
vn -0.713437 0.700719 -1.00647e-13
vt -32 -36.2582
vt -5.03482 -36.2582
v 65.203 29.9106 -27.003
vt -5.09696 -36.3458
f 288/700/163 287/701/162 339/702/162 340/703/163 

vt 63.0833 4.78134
vn -6.68607e-14 0.700719 0.713437
vt 63.0211 4.86897
vt 127.986 4.86897
vt 127.986 4.78134
f 340/704/164 339/705/161 214/706/161 213/707/164 

v 65.1424 29.8473 -26.9424
vt 63.1439 4.98216
vn -6.92878e-14 0.683344 0.730097
vt 63.0833 5.06978
vt 127.986 5.06978
vt 127.986 4.98216
f 341/708/165 340/709/164 213/710/164 212/711/165 

vt -32 -35.1491
vn -0.730097 0.683344 -1.03025e-13
vt -32 -35.0615
vt -5.09696 -35.0615
vt -5.15761 -35.1491
f 289/712/166 288/713/163 340/714/163 341/715/166 

vt -32 -33.9321
vn -0.746333 0.665572 -1.0534e-13
vt -32 -33.8445
vt -5.15761 -33.8445
v 65.0833 29.7827 -26.8833
vt -5.21671 -33.9321
f 290/716/167 289/717/166 341/718/166 342/719/167 

vt 63.203 5.18006
vn -7.16725e-14 0.665572 0.746333
vt 63.1439 5.26768
vt 127.986 5.26768
vt 127.986 5.18006
f 342/720/168 341/721/165 212/722/165 211/723/168 

v 65.0258 29.7166 -26.8258
vt 63.2606 5.37493
vn -7.40026e-14 0.647415 0.762137
vt 63.203 5.46256
vt 127.986 5.46256
vt 127.986 5.37493
f 343/724/169 342/725/168 211/726/168 210/727/169 

vt -32 -32.6955
vn -0.762137 0.647415 -1.07591e-13
vt -32 -32.6079
vt -5.21671 -32.6079
vt -5.27424 -32.6955
f 291/728/170 290/729/167 342/730/167 343/731/170 

vt -32 -31.4399
vn -0.7775 0.628883 -1.09776e-13
vt -32 -31.3523
vt -5.27424 -31.3523
v 64.9698 29.6491 -26.7698
vt -5.33016 -31.4399
f 292/732/171 291/733/170 343/734/170 344/735/171 

vt 63.3165 5.56667
vn -7.62873e-14 0.628883 0.7775
vt 63.2606 5.65429
vt 127.986 5.65429
vt 127.986 5.56667
f 344/736/172 343/737/169 210/738/169 209/739/172 

v 64.9156 29.5803 -26.7156
vt 63.3708 5.75515
vn -7.859e-14 0.609986 0.792412
vt 63.3165 5.84277
vt 127.986 5.84277
vt 127.986 5.75515
f 345/740/173 344/741/172 209/742/172 208/743/173 

vt -32 -30.1662
vn -0.792412 0.609986 -1.11893e-13
vt -32 -30.0786
vt -5.33016 -30.0786
vt -5.38444 -30.1662
f 293/744/174 292/745/171 344/746/171 345/747/174 

vt -32 -28.875
vn -0.806865 0.590736 -1.13941e-13
vt -32 -28.7874
vt -5.38444 -28.7874
v 64.863 29.5102 -26.663
vt -5.43705 -28.875
f 294/748/175 293/749/174 345/750/174 346/751/175 

vt 63.4234 5.94027
vn -8.08351e-14 0.590736 0.806865
vt 63.3708 6.0279
vt 127.986 6.0279
vt 127.986 5.94027
f 346/752/176 345/753/173 208/754/173 207/755/176 

v 64.812 29.4389 -26.612
vt 63.4743 6.12193
vn -8.29773e-14 0.571144 0.82085
vt 63.4234 6.20955
vt 127.986 6.20955
vt 127.986 6.12193
f 347/756/177 346/757/176 207/758/176 206/759/177 

vt -32 -27.5671
vn -0.82085 0.571144 -1.15917e-13
vt -32 -27.4794
vt -5.43705 -27.4794
vt -5.48796 -27.5671
f 295/760/178 294/761/175 346/762/175 347/763/178 

vt -32 -26.2432
vn -0.83436 0.55122 -1.17821e-13
vt -32 -26.1556
vt -5.48796 -26.1556
v 64.7629 29.3664 -26.5629
vt -5.53713 -26.2432
f 296/764/179 295/765/178 347/766/178 348/767/179 

vt 63.5234 6.30001
vn -8.50777e-14 0.55122 0.83436
vt 63.4743 6.38764
vt 127.986 6.38764
vt 127.986 6.30001
f 348/768/180 347/769/177 206/770/177 205/771/180 

v 64.7155 29.2927 -26.5155
vt 63.5709 6.47442
vn -8.7116e-14 0.530977 0.847386
vt 63.5234 6.56205
vt 127.986 6.56205
vt 127.986 6.47442
f 349/772/181 348/773/180 205/774/180 204/775/181 

vt -32 -24.9042
vn -0.847386 0.530977 -1.19652e-13
vt -32 -24.8165
vt -5.53713 -24.8165
vt -5.58455 -24.9042
f 297/776/182 296/777/179 348/778/179 349/779/182 

vt -32 -23.5507
vn -0.859921 0.510427 -1.21406e-13
vt -32 -23.4631
vt -5.58455 -23.4631
v 64.6698 29.2179 -26.4698
vt -5.63018 -23.5507
f 298/780/183 297/781/182 349/782/182 350/783/183 

vt 63.6165 6.64505
vn -8.91588e-14 0.510427 0.859921
vt 63.5709 6.73268
vt 127.986 6.73268
vt 127.986 6.64505
f 350/784/184 349/785/181 204/786/181 203/787/184 

v 64.626 29.142 -26.426
vt 63.6603 6.81181
vn -9.11554e-14 0.48958 0.871958
vt 63.6165 6.89943
vt 127.986 6.89943
vt 127.986 6.81181
f 351/788/185 350/789/184 203/790/184 202/791/185 

vt -32 -22.1837
vn -0.871958 0.48958 -1.23084e-13
vt -32 -22.096
vt -5.63018 -22.096
vt -5.67399 -22.1837
f 299/792/186 298/793/183 350/794/183 351/795/186 

vt -32 -20.8038
vn -0.88349 0.46845 -1.24684e-13
vt -32 -20.7161
vt -5.67399 -20.7161
v 64.584 29.0651 -26.384
vt -5.71597 -20.8038
f 300/796/187 299/797/186 351/798/186 352/799/187 

vt 63.7023 6.97459
vn -9.30289e-14 0.46845 0.88349
vt 63.6603 7.06221
vt 127.986 7.06221
vt 127.986 6.97459
f 352/800/188 351/801/185 202/802/185 201/803/188 

v 64.5439 28.9872 -26.3439
vt 63.7424 7.1333
vn -9.49051e-14 0.447049 0.894509
vt 63.7023 7.22093
vt 127.986 7.22093
vt 127.986 7.1333
f 353/804/189 352/805/188 201/806/188 200/807/189 

vt -32 -19.4118
vn -0.894509 0.447049 -1.26205e-13
vt -32 -19.3242
vt -5.71597 -19.3242
vt -5.75608 -19.4118
f 301/808/190 300/809/187 352/810/187 353/811/190 

vt -32 -18.0087
vn -0.905011 0.425389 -1.27646e-13
vt -32 -17.9211
vt -5.75608 -17.9211
v 64.5057 28.9084 -26.3057
vt -5.79431 -18.0087
f 302/812/191 301/813/190 353/814/190 354/815/191 

vt 63.7806 7.28786
vn -9.67301e-14 0.425389 0.905011
vt 63.7424 7.37548
vt 127.986 7.37548
vt 127.986 7.28786
f 354/816/192 353/817/189 200/818/189 199/819/192 

v 64.4694 28.8286 -26.2694
vt 63.8169 7.43817
vn -9.84267e-14 0.403482 0.914988
vt 63.7806 7.52579
vt 127.986 7.52579
vt 127.986 7.43817
f 355/820/193 354/821/192 199/822/192 198/823/193 

vt -32 -16.5951
vn -0.914988 0.403482 -1.29091e-13
vt -32 -16.5075
vt -5.79431 -16.5075
vt -5.83062 -16.5951
f 303/824/194 302/825/191 354/826/191 355/827/194 

vt -32 -15.172
vt -32 -15.0844
vt -5.83062 -15.0844
vt -5.86501 -15.172
f 253/828/93 303/829/194 355/830/194 251/831/93 

vt 63.8513 7.58414
vt 63.8169 7.67176
vt 127.986 7.67176
vt 127.986 7.58414
f 251/832/91 355/833/193 198/834/193 197/835/91 

vt 32 13
vn 1 -2.62354e-14 1.41124e-13
vt 32 -1.51774e-12
v 70.3 18 -32.1
vt 1.24964e-13 -1.51774e-12
vt 1.24964e-13 13
f 254/836/195 305/837/195 356/838/195 307/839/195 

vt -10 127.986
vn -2.55411e-14 -1 2.09032e-18
vt -1.59162e-12 127.986
vt -1.13687e-13 57.9863
vt -32 57.9863
vt -32 67.9863
v 60.3 18 -22.1
vt -10 67.9863
f 249/840/196 248/841/196 356/842/196 305/843/196 304/844/196 357/845/196 

vt -57.9863 13
vn 1.18832e-13 -3.10083e-27 -1
vt -57.9863 3.55271e-15
vt -127.986 1.79767e-12
vt -127.986 13
f 307/846/197 356/847/197 248/848/197 247/849/197 

vt -32 -24.4057
vn -0.933346 0.358979 -1.31688e-13
vt -32 -12.9773
vt -5.89745 -12.9773
vt -10 -24.4057
f 304/850/198 252/851/92 250/852/92 357/853/198 

vt 67.9863 -3.58979
vn -1.01796e-13 0.358979 0.933346
vt 63.8838 7.8386
vt 127.986 7.8386
vt 127.986 -3.58979
f 357/854/199 250/855/90 196/856/90 249/857/199 

g Mesh27 Pillow_Gardenia_5_1 Pillow_Gardenia_ID_Jaipur_PEY05__1_1 Pillow_Abernathy_SKU_EAN5489__84_1 Group1 Model

usemtl _Color_M03_1
v 51.2603 28.3938 -24.8354
vt -2.40026 14.9648
vn -0.3227 -0.0975213 -0.941464
v 51.2161 27.1811 -24.7965
vt -2.11429 13.5159
vn -0.143975 -0.194517 -0.970275
v 50.7772 27.9389 -24.504
vt -2.74311 14.1936
vn -0.630216 0.0457758 -0.775069
f 358/858/200 359/859/201 360/860/202

v 51.869 28.6813 -25.1103
vt -1.50074 15.6446
vn 0.109892 -0.209904 -0.971527
vt -1.70974 13.5906
vt -1.98779 15.0411
f 361/861/203 359/862/201 358/863/200

vt -1.11307 15.6234
v 51.7342 26.954 -24.93
vt -0.793797 13.506
vn 0.120757 -0.258484 -0.958438
vt -1.33569 13.5709
f 361/864/203 362/865/204 359/866/201

vt -0.59465 15.6855
v 52.3744 26.8443 -24.9689
vt 0.365681 13.6568
vn 0.339817 -0.249714 -0.906735
vt -0.295538 13.5651
f 361/867/203 363/868/205 362/869/204

vt -0.508278 15.7099
v 52.8664 28.1576 -25.1015
vt 0.622738 15.4209
vn 0.433744 -0.22252 -0.873127
vt 0.447231 13.679
f 361/870/203 364/871/206 363/872/205

v 52.879 29.3825 -25.2223
vt 0.325696 16.8831
vn 0.423966 -0.23431 -0.874844
vt 0.616695 15.4079
vt -0.514372 15.6968
f 365/873/207 364/874/206 361/875/203

v 54.3521 28.6157 -24.6772
vt 2.97941 16.366
vn 0.558737 -0.207416 -0.802989
vt 1.29058 15.4288
vt 1.03973 16.9113
f 366/876/208 364/877/206 365/878/207

v 54.8674 27.4506 -24.3773
vt 3.87455 15.0843
vn 0.552962 -0.199849 -0.808884
vt 1.30086 15.4248
vt 2.9902 16.3611
f 367/879/209 364/880/206 366/881/208

vt 3.88171 15.0891
v 53.2892 26.4139 -24.8212
vt 2.17303 13.4372
vn 0.467243 -0.262268 -0.844334
vt 1.30816 15.4306
f 367/882/209 368/883/210 364/884/206

v 54.4363 26.5099 -24.4718
vt 3.48414 13.8585
vn 0.543916 -0.312038 -0.778966
vt 2.12799 13.4427
vt 3.83089 15.1006
f 369/885/211 368/886/210 367/887/209

vt 3.63571 13.4511
v 52.7461 25.8041 -24.7136
vt 1.9056 12.1117
vn 0.446717 -0.36323 -0.817624
vt 2.27867 13.0382
f 369/888/211 370/889/212 368/890/210

v 54.6499 24.8522 -23.5354
vt 4.75512 11.2942
vn 0.570911 -0.299395 -0.764476
vt 1.92784 12.0639
vt 3.65608 13.4057
f 371/891/213 370/892/212 369/893/211

vt 4.75182 11.2721
v 52.8461 25.2217 -24.3704
vt 2.34528 11.3051
vn 0.473045 -0.281062 -0.835005
vt 1.92471 12.0424
f 371/894/213 372/895/214 370/896/212

v 52.5653 24.4996 -24.4768
vt 2.09832 10.8755
vn 0.502833 -0.253456 -0.826389
vt 2.35347 11.8075
vt 4.76001 11.7743
f 373/897/215 372/898/214 371/899/213

vt 2.01685 11.8665
vt 1.7918 10.9268
v 51.9565 24.7987 -24.6089
vt 1.04822 11.1124
vn 0.372415 -0.201641 -0.905896
f 372/900/214 373/901/215 374/902/216

vt 1.6601 10.6645
v 51.9645 23.4992 -24.2619
vt 1.34342 9.23962
vn 0.386852 -0.323307 -0.863608
vt 0.915432 10.8457
f 373/903/215 375/904/217 374/905/216

vt 1.61799 9.17631
vt 1.92638 10.603
v 52.866 22.637 -23.7319
vt 2.99229 8.33615
vn 0.484966 -0.370569 -0.79214
f 375/906/217 373/907/215 376/908/218

vt 2.97285 8.32308
vt 1.90823 10.5906
v 53.7322 23.2146 -23.7438
vt 3.74257 9.29263
vn 0.534583 -0.321992 -0.781372
f 376/909/218 373/910/215 377/911/219

vt 3.91874 9.53548
vt 2.08486 10.8341
v 54.0563 24.023 -23.7685
vt 4.10985 10.6011
vn 0.588143 -0.252028 -0.768485
f 377/912/219 373/913/215 378/914/220

vt 4.12971 10.64
vt 2.10505 10.8758
vt 4.76733 11.7728
f 378/915/220 373/916/215 371/917/213

vt 4.28955 10.5765
vt 4.94413 11.6996
v 55.5295 23.6735 -22.765
vt 6.5046 10.4182
vn 0.624333 -0.27775 -0.730112
f 378/918/220 371/919/213 379/920/221

vt 6.51544 10.4117
vt 4.95628 11.6947
v 56.9858 24.6428 -21.9584
vt 8.42179 11.8547
vn 0.637246 -0.317344 -0.702289
f 379/921/221 371/922/213 380/923/222

vt 8.43503 11.5878
vt 4.96951 11.4281
v 55.4124 25.9383 -23.6939
vt 5.43841 13.0017
vn 0.595884 -0.346112 -0.724658
f 380/924/222 371/925/213 381/926/223

vt 5.36212 13.0163
vt 4.88435 11.4454
vt 3.76905 13.5484
f 381/927/223 371/928/213 369/929/211

v 55.8322 27.019 -23.8688
vt 5.53441 14.616
vn 0.609083 -0.251694 -0.752109
vt 5.39471 13.1665
vt 3.80102 13.6967
f 382/930/224 381/931/223 369/932/211

v 56.8542 26.2017 -22.7696
vt 7.53317 13.735
vn 0.648474 -0.311568 -0.694555
vt 5.47228 13.1639
vt 5.61028 14.6136
f 383/933/225 381/934/223 382/935/224

vt 7.53507 13.7259
vt 8.4741 11.7479
vt 5.47422 13.1548
f 383/936/225 380/937/222 381/938/223

v 58.5898 24.2599 -20.3062
vt 11.4044 11.4767
vn 0.677125 -0.320846 -0.662238
vt 8.52094 11.781
vt 7.5804 13.7583
f 384/939/226 380/940/222 383/941/225

v 57.3515 22.4798 -20.6444
vt 10.1517 9.05298
vn 0.66412 -0.350175 -0.660547
vt 8.52078 11.7797
vt 11.4042 11.4755
f 385/942/227 380/943/222 384/944/226

v 55.4217 22.1117 -22.2169
vt 7.10474 8.34689
vn 0.612981 -0.36455 -0.700969
vt 8.51825 11.7783
vt 10.1491 9.0515
f 386/945/228 380/946/222 385/947/227

vt 7.09012 8.35335
vt 6.58924 10.3521
vt 8.50322 11.7849
f 386/948/228 379/949/221 380/950/222

v 54.5042 22.6675 -23.1313
vt 5.4205 8.91287
vn 0.564419 -0.372671 -0.736578
vt 6.56886 10.3487
vt 7.07011 8.35003
f 387/951/229 379/952/221 386/953/228

vt 5.35448 8.96212
vt 4.2849 10.5579
vt 6.5 10.4002
f 387/954/229 378/955/220 379/956/221

vt 4.07686 9.49164
vt 4.27501 10.5559
vt 5.34525 8.96065
f 377/957/219 378/958/220 387/959/229

vt 3.19724 8.10454
vt 3.95454 9.08383
vt 5.22052 8.54712
f 376/960/218 377/961/219 387/962/229

v 51.6211 21.3754 -23.4555
vt 2.35466 6.11492
vn 0.484458 -0.380626 -0.787671
vt 3.19817 8.09752
vt 5.22141 8.54026
f 388/963/230 376/964/218 387/965/229

vt 2.06277 6.2503
vt 1.56728 9.0611
vt 2.93992 8.21824
f 388/966/230 375/967/217 376/968/218

v 50.836 22.1687 -23.9296
vt 0.844139 7.03474
vn 0.383037 -0.323475 -0.865244
vt 1.55941 9.05852
vt 2.05383 6.24752
f 389/969/231 375/970/217 388/971/230

v 50.329 22.8131 -24.0418
vt -0.378434 7.86747
vn 0.237111 -0.267417 -0.933952
vt 1.06076 9.26534
vt 0.318393 7.25134
f 390/972/232 375/973/217 389/974/231

vt -0.359238 7.84614
v 51.0304 24.4683 -24.4406
vt -0.147923 10.1167
vn 0.150412 -0.240885 -0.958828
vt 1.0797 9.24428
f 390/975/232 391/976/233 375/977/217

v 49.8454 22.9344 -23.9071
vt -1.50924 7.8669
vn -0.125564 -0.153934 -0.98007
vt -0.807029 10.185
vt -1.02721 7.91526
f 392/978/234 391/979/233 390/980/232

v 50.5335 25.8091 -24.3624
vt -1.75156 11.618
vn -0.332455 -0.0834065 -0.939424
vt -0.944529 10.224
vt -1.64525 7.90551
f 393/981/235 391/982/233 392/983/234

v 50.9992 25.6946 -24.5607
vt -1.47348 11.5754
vn 0.111754 -0.229738 -0.966815
vt -1.12745 10.1158
vt -1.9338 11.5101
f 394/984/236 391/985/233 393/986/235

vt -0.793272 11.733
vt 0.360993 11.0067
vt -0.449967 10.2727
f 394/987/236 374/988/216 391/989/233

vt -0.530772 11.8924
v 51.8652 25.4211 -24.564
vt 0.4089 11.8569
vn 0.36755 -0.279168 -0.887115
vt 0.613135 11.1499
f 394/990/236 395/991/237 374/992/216

v 51.7022 25.783 -24.7537
vt 0.0452903 10.7292
vn 0.303721 -0.353731 -0.884663
vt 0.36051 10.2922
vt -0.579125 10.3286
f 396/993/238 395/994/237 394/995/236

vt 0.512454 11.5089
vt 1.98808 11.1331
vt 0.848595 11.0878
f 396/996/238 372/997/214 395/998/237

vt 1.55041 11.5602
vt 1.94586 10.8091
vt 0.47158 11.1902
f 370/999/212 372/1000/214 396/1001/238

vt 0.684687 13.5096
vt 1.38745 12.3503
vt 0.305314 11.9901
f 363/1002/205 370/1003/212 396/1004/238

vt 0.705399 13.5231
vt 1.79446 13.285
vt 1.40829 12.3639
f 363/1005/205 368/1006/210 370/1007/212

vt 0.931126 15.3959
vt 1.82908 13.4171
vt 0.740125 13.6557
f 364/1008/206 368/1009/210 363/1010/205

vt -0.282666 13.4935
vt 0.378573 13.585
vt -0.000309001 12.0655
f 362/1011/204 363/1012/205 396/1013/238

vt -0.664553 13.4188
vt -0.381588 11.9909
vt -1.01811 11.6099
f 362/1014/204 396/1015/238 394/1016/236

v 50.7638 27.1281 -24.5342
vt -2.03406 13.2906
vn -0.291134 -0.15182 -0.944559
vt -1.09211 13.4985
vt -1.44376 11.6892
f 397/1017/239 362/1018/204 394/1019/236

vt -1.44242 11.8488
vt -0.901102 11.7793
vt -1.83966 11.5566
f 359/1020/201 362/1021/204 397/1022/239

vt -2.63559 14.2703
vt -2.00825 13.5912
vt -2.41875 13.318
f 360/1023/202 359/1024/201 397/1025/239

v 50.4688 27.184 -24.2682
vt -3.08587 13.1498
vn -0.76933 0.0891291 -0.632603
vt -2.98427 14.1936
vt -2.75916 13.2432
f 398/1026/240 360/1027/202 397/1028/239

v 50.2164 27.4105 -23.8649
vt -3.64258 13.225
vn -0.946821 0.230601 -0.224395
vt -3.10339 14.1802
vt -3.19913 13.1359
f 399/1029/241 360/1030/202 398/1031/240

vt -3.64944 13.2385
v 50.9129 28.7684 -24.5569
vt -3.22582 15.2254
vn -0.833494 0.102456 -0.542946
vt -3.10942 14.1933
f 399/1032/241 400/1033/242 360/1034/202

vt -3.54795 13.1898
v 50.6689 29.2528 -23.9255
vt -3.82779 15.5208
vn -0.953275 0.292888 0.0740431
vt -3.13284 15.1785
f 399/1035/241 401/1036/243 400/1037/242

v 50.0711 27.7459 -23.288
vt -3.95928 13.4165
vn -0.943042 0.305669 0.131295
vt -3.63827 15.5336
vt -3.34508 13.2043
f 402/1038/244 401/1039/243 399/1040/241

v 50.0473 27.9523 -22.6714
vt -4.12916 13.3777
vn -0.890201 0.335983 0.307664
vt -3.16883 15.4064
vt -3.46794 13.286
f 403/1041/245 401/1042/243 402/1043/244

v 50.5416 29.2646 -22.8062
vt -4.21773 15.0539
vn -0.839697 0.383854 0.384143
vt -3.08671 15.3429
vt -4.04222 13.312
f 404/1044/246 401/1045/243 403/1046/245

vt -4.22368 15.0882
v 50.9643 30.2943 -23.3319
vt -3.93268 16.5634
vn -0.847232 0.370995 0.380211
vt -3.09261 15.3771
f 404/1047/246 405/1048/247 401/1049/243

vt -3.35918 14.7527
v 51.2563 30.0898 -21.6207
vt -5.04802 15.6899
vn -0.758814 0.419961 0.49783
vt -3.10833 16.2353
f 404/1050/246 406/1051/248 405/1052/247

vt -3.34245 14.7957
v 51.0684 29.2596 -20.6266
vt -5.91614 14.4552
vn -0.761356 0.425989 0.488744
vt -5.03179 15.7319
f 404/1053/246 407/1054/249 406/1055/248

v 50.0774 27.9433 -21.6501
vt -4.19535 12.664
vn -0.827999 0.354487 0.434461
vt -5.90403 14.3159
vt -3.33048 14.6574
f 408/1056/250 407/1057/249 404/1058/246

vt -4.28411 12.5419
v 50.5372 28.3665 -20.6223
vt -5.64027 12.9577
vn -0.78388 0.320218 0.53197
vt -5.98701 14.1998
f 408/1059/250 409/1060/251 407/1061/249

v 49.8603 27.1782 -21.8645
vt -3.59392 12.7374
vn -0.849596 0.254034 0.462227
vt -5.32404 14.0768
vt -3.96699 13.6639
f 410/1062/252 409/1063/251 408/1064/250

vt -3.54598 12.7812
v 50.6796 26.7427 -19.6156
vt -6.37326 12.0115
vn -0.762944 0.335746 0.55244
vt -5.27422 14.123
f 410/1065/252 411/1066/253 409/1067/251

v 49.9254 26.6125 -21.4868
vt -3.97336 12.0579
vn -0.827231 0.33809 0.448759
vt -6.3799 12.0249
vt -3.55279 12.7953
f 412/1068/254 411/1069/253 410/1070/252

vt -3.95678 10.7606
v 49.4919 25.9631 -21.4424
vt -3.70164 9.82859
vn -0.804835 0.369216 0.464673
vt -6.36332 10.7273
f 412/1071/254 413/1072/255 411/1073/253

vt -4.30456 9.72198
vt -4.52962 10.6617
v 49.447 25.9936 -22.1313
vt -3.56099 9.90765
vn -0.867054 0.387841 0.312725
f 413/1074/255 412/1075/254 414/1076/256

vt -4.62204 10.4818
v 49.7482 26.4291 -22.474
vt -3.48259 10.4356
vn -0.886844 0.312319 0.340536
vt -3.65868 9.72108
f 412/1077/254 415/1078/257 414/1079/256

vt -4.56986 12.0094
v 49.7197 26.727 -22.7964
vt -3.09423 12.3853
vn -0.920249 0.226198 0.319336
vt -3.43037 11.9642
f 412/1080/254 416/1081/258 415/1082/257

vt -4.62685 12.048
vt -4.2314 12.7991
vt -3.15257 12.4292
f 412/1083/254 410/1084/252 416/1085/258

vt -4.45909 12.4246
vt -3.75633 13.5839
vt -3.37695 12.0644
f 410/1086/252 403/1087/245 416/1088/258

vt -4.81805 13.3305
vt -3.72899 13.5686
vt -4.43188 12.4094
f 408/1089/250 403/1090/245 410/1091/252

vt -4.77123 13.0895
vt -3.87327 15.0682
vt -3.68227 13.328
f 408/1092/250 404/1093/246 403/1094/245

vt -4.11579 13.4944
vt -3.45455 13.4028
vt -3.73691 11.9748
f 403/1095/245 402/1096/244 416/1097/258

vt -4.1059 12.0498
vt -3.8231 13.4777
v 49.8128 26.2434 -23.4434
vt -3.39153 11.6624
vn -0.962998 0.26876 0.020061
f 416/1098/258 402/1099/244 417/1100/259

vt -3.94962 13.4473
vt -3.3354 13.2351
vt -3.51715 11.6322
f 402/1101/244 399/1102/241 417/1103/259

vt -3.77431 11.6473
vt -3.59698 13.2508
v 50.0951 26.0309 -23.9644
vt -3.22976 11.6118
vn -0.852575 0.144173 -0.502324
f 417/1104/259 399/1105/241 418/1106/260

vt -3.6409 13.24
vt -3.19743 13.1509
vt -3.27141 11.6016
f 399/1107/241 398/1108/240 418/1109/260

vt -3.0795 13.1308
vt -2.62318 11.5578
vt -3.14738 11.5812
f 398/1110/240 393/1111/235 418/1112/260

vt -3.08107 13.1303
vt -2.75437 13.2238
vt -2.62481 11.5573
f 398/1113/240 397/1114/239 393/1115/235

vt -2.07797 13.2756
vt -1.48696 11.6745
vt -1.94728 11.6093
f 397/1116/239 394/1117/236 393/1118/235

vt -3.14406 11.6365
vt -2.61987 11.6131
v 49.8781 24.8728 -23.9246
vt -2.98449 10.1917
vn -0.789669 0.130309 -0.599535
f 418/1119/260 393/1120/235 419/1121/261

vt -2.85515 10.189
vt -2.48264 11.6083
v 49.6659 23.4839 -23.8321
vt -2.66098 8.46438
vn -0.530532 -0.00754578 -0.847631
f 419/1122/261 393/1123/235 420/1124/262

vt -2.31551 8.45881
vt -2.12151 11.6018
vt -2.00349 7.88968
f 420/1125/262 393/1126/235 392/1127/234

v 49.1682 22.6446 -23.4571
vt -2.73586 7.12896
vn -0.862317 0.161388 -0.479962
vt -2.47647 8.36791
vt -2.16517 7.79838
f 421/1128/263 420/1129/262 392/1130/234

v 49.2098 23.6087 -23.3172
vt -3.46614 8.31459
vn -0.932965 0.204788 -0.296038
vt -2.89088 8.43833
vt -3.1459 7.19847
f 422/1131/264 420/1132/262 421/1133/263

vt -3.46205 8.30912
vt -3.08656 10.1567
vt -2.88674 8.43267
f 422/1134/264 419/1135/261 420/1136/262

vt -3.8058 11.616
vt -3.08163 10.1373
vt -3.4505 8.28842
f 417/1137/259 419/1138/261 422/1139/264

vt -3.77542 11.6337
vt -3.23087 11.5983
vt -3.04905 10.1561
f 417/1140/259 418/1141/260 419/1142/261

vt -3.12468 8.30847
v 48.9478 23.4707 -22.6782
vt -3.70914 7.9113
vn -0.945877 0.278008 0.167416
v 49.3704 25.2587 -22.8017
vt -3.92929 10.181
vn -0.932963 0.294237 0.207377
vt -3.50231 11.6336
f 422/1143/264 423/1144/265 424/1145/266 417/1146/259 

vt -3.20769 8.39452
vt -2.89521 7.27621
vt -3.79121 7.99597
f 422/1147/264 421/1148/263 423/1149/265

vt -3.89871 7.87569
vt -3.00106 7.15798
v 48.5775 21.7556 -22.7059
vt -3.55392 5.74265
vn -0.944358 0.284987 0.164226
f 423/1150/265 421/1151/263 425/1152/267

vt -3.48249 5.69756
vt -2.9339 7.11455
v 48.6074 21.3498 -22.9991
vt -3.12699 5.29781
vn -0.952416 0.268454 -0.144347
f 425/1153/267 421/1154/263 426/1155/268

vt -3.14821 7.19027
v 48.8215 21.3678 -23.2754
vt -3.09057 5.53242
vn -0.502749 0.0366964 -0.863653
vt -3.36558 5.37627
f 421/1156/263 427/1157/269 426/1158/268

vt -2.86674 7.24138
vt -2.29599 7.91075
vt -2.83475 5.58284
f 421/1159/263 392/1160/234 427/1161/269

vt -1.99907 7.85328
v 49.5283 21.3029 -23.6446
vt -1.86928 5.7699
vn 0.139805 -0.239235 -0.960844
vt -2.54466 5.52696
f 392/1162/234 428/1163/270 427/1164/269

vt -1.51097 7.88385
vt -1.02894 7.93221
vt -1.38151 5.80045
f 392/1165/234 390/1166/232 428/1167/270

vt -0.720571 5.68413
vt -0.377063 7.81738
v 50.3169 21.0655 -23.6301
vt 0.1399 5.66212
vn 0.39286 -0.341989 -0.853642
f 428/1168/270 390/1169/232 429/1170/271

vt -0.430109 7.80335
vt 0.266301 7.18675
vt 0.0848967 5.64762
f 390/1171/232 389/1172/231 429/1173/271

vt 0.727053 5.57369
vt 0.884726 7.11543
vt 2.09563 6.33008
f 429/1174/271 389/1175/231 388/1176/230

vt 0.813983 5.3816
vt 2.1796 6.14334
v 51.261 20.1455 -22.9279
vt 2.35459 4.43993
vn 0.514506 -0.400267 -0.758334
f 429/1177/271 388/1178/230 430/1179/272

vt 2.55042 4.49373
vt 2.35654 6.19509
v 52.9554 21.0221 -22.7455
vt 4.21416 6.05439
vn 0.542369 -0.426717 -0.723705
f 430/1180/272 388/1181/230 431/1182/273

vt 2.35249 6.11828
vt 5.21964 8.54316
vt 4.21008 5.97706
f 388/1183/230 387/1184/229 431/1185/273

vt 4.42436 5.93807
vt 5.38007 8.52471
v 54.1388 20.8633 -21.9174
vt 6.20897 5.94999
vn 0.550173 -0.424617 -0.719034
f 431/1186/273 387/1187/229 432/1188/274

vt 5.34614 8.46448
vt 6.9914 7.88906
vt 6.15925 5.88473
f 387/1189/229 386/1190/228 432/1191/274

vt 6.93142 7.88449
v 55.7917 20.1083 -20.6466
vt 8.7191 5.23821
vn 0.616728 -0.41484 -0.668995
vt 6.08296 5.88701
f 386/1192/228 433/1193/275 432/1194/274

vt 7.10987 8.31088
vt 10.1539 9.01696
vt 8.96043 5.70819
f 386/1195/228 385/1196/227 433/1197/275

vt 10.1533 9.04411
v 57.4104 21.0545 -19.5453
vt 11.2863 7.12631
vn 0.650734 -0.394722 -0.648645
vt 8.97272 5.73072
f 385/1198/227 434/1199/276 433/1200/275

vt 10.1572 9.0063
v 57.8401 21.9188 -19.7452
vt 11.4189 8.29583
vn 0.662677 -0.359722 -0.656855
vt 11.2852 7.08557
f 385/1201/227 435/1202/277 434/1203/276

vt 11.4003 11.4834
vt 11.4139 8.35225
vt 10.1504 9.05957
f 384/1204/226 435/1205/277 385/1206/227

v 59.5865 21.5605 -17.7739
vt 14.708 8.03509
vn 0.697295 -0.372577 -0.612345
vt 11.4189 8.33772
vt 11.4093 11.4689
f 436/1207/278 435/1208/277 384/1209/226

v 58.6127 20.2858 -17.9943
vt 13.7562 6.25778
vn 0.651552 -0.399431 -0.64493
vt 11.4188 8.33123
vt 14.7079 8.02843
f 437/1210/279 435/1211/277 436/1212/278

vt 13.7356 6.17202
vt 11.2654 7.04283
vt 11.4043 8.25251
f 437/1213/279 434/1214/276 435/1215/277

vt 13.7134 6.01631
v 56.7927 19.6507 -18.9183
vt 11.3474 4.86876
vn 0.636163 -0.440848 -0.633206
vt 11.2458 6.89455
f 437/1216/279 438/1217/280 434/1218/276

v 57.5489 18.9483 -17.8334
vt 12.9956 4.06069
vn 0.625456 -0.474031 -0.619758
vt 11.3329 4.89671
vt 13.7007 6.04045
f 439/1219/281 438/1220/280 437/1221/279

v 55.8619 18.2975 -18.2029
vt 11.0823 2.31112
vn 0.588852 -0.517997 -0.620429
vt 11.2266 4.44463
vt 12.8791 3.58884
f 440/1222/282 438/1223/280 439/1224/281

vt 11.3329 5.33116
vt 11.359 3.19294
v 55.4364 18.479 -19.3195
vt 9.94408 3.53709
vn 0.619435 -0.515421 -0.59215
f 438/1225/280 440/1226/282 441/1227/283

vt 11.3813 3.0221
v 55.4072 17.7863 -17.7598
vt 11.4713 2.09801
vn 0.538402 -0.618545 -0.572298
v 54.8021 17.4266 -17.9131
vt 10.8655 1.46271
vn 0.544516 -0.690919 -0.475535
vt 9.97022 3.38169
f 440/1228/282 442/1229/284 443/1230/285 441/1231/283 

vt 10.9427 0.69588
vt 10.9666 1.62404
v 56.3783 17.8914 -17.475
vt 12.0698 1.10676
vn 0.538966 -0.602297 -0.588858
f 442/1232/284 440/1233/282 444/1234/286

vt 12.2426 1.78891
vt 11.1293 2.2842
vt 12.9198 3.57076
f 444/1235/286 440/1236/282 439/1237/281

v 57.856 18.1908 -16.1364
vt 14.949 2.95228
vn 0.644889 -0.532803 -0.547941
vt 12.5071 2.39036
vt 13.0772 4.20931
f 445/1238/287 444/1239/286 439/1240/281

v 57.2603 17.474 -15.4089
vt 15.1835 1.65825
vn 0.575406 -0.628608 -0.52322
vt 12.5082 2.39878
vt 14.9467 2.97524
f 446/1241/288 444/1242/286 445/1243/287

v 57.625 17.1636 -14.045
vt 16.5638 -0.863789
vn 0.50683 -0.699616 -0.503648
vt 12.4096 0.833017
vt 15.0254 -0.0961368
f 447/1244/289 444/1245/286 446/1246/288

v 55.225 17.267 -17.0139
vt 12.0073 0.546058
vn 0.422462 -0.748877 -0.510597
vt 12.5011 1.98513
vt 16.7438 0.523878
f 448/1247/290 444/1248/286 447/1249/289

vt 11.0578 0.530503
vt 12.1785 0.958556
vt 11.546 -0.425158
f 442/1250/284 444/1251/286 448/1252/290

v 54.5837 17.2673 -17.1387
vt 10.3335 -1.51239
vn 0.44026 -0.783051 -0.439321
vt 10.6159 -0.317434
vt 11.0473 -1.30005
f 449/1253/291 442/1254/284 448/1255/290

vt 10.5956 2.68041
vt 11.1279 3.3784
vt 11.263 2.15798
f 443/1256/285 442/1257/284 449/1258/291

v 53.6489 17.1848 -17.6028
vt 10.1811 -0.652348
vn 0.304336 -0.897573 -0.31897
vt 10.8261 0.430511
vt 11.3756 -0.21479
f 450/1259/292 443/1260/285 449/1261/291

vt 10.1553 -0.747733
v 54.0534 17.3857 -18.3909
vt 9.75207 0.0591949
vn 0.441397 -0.746004 -0.498645
vt 10.8116 0.328311
f 450/1262/292 451/1263/293 443/1264/285

v 52.362 17.2608 -18.7047
vt 7.90156 -1.43038
vn 0.23828 -0.929173 -0.282595
vt 9.63923 -0.485001
vt 10.0007 -1.31151
f 452/1265/294 451/1266/293 450/1267/292

vt 7.91554 -1.41448
v 52.0369 17.396 -19.5987
vt 6.82993 -1.02411
vn 0.424846 -0.772279 -0.472325
vt 9.64946 -0.462253
f 452/1268/294 453/1269/295 451/1270/293

v 50.8761 17.3223 -19.5941
vt 5.74733 -2.04632
vn 0.00591583 -0.999944 0.00880672
vt 6.75988 -1.2936
vt 7.83661 -1.70782
f 454/1271/296 453/1272/295 452/1273/294

v 49.7924 17.2569 -20.8618
vt 4.21981 -1.53557
vn 0.260573 -0.935133 -0.240059
vt 7.13906 -0.346137
vt 6.27223 -1.26291
f 455/1274/297 453/1275/295 454/1276/296

vt 3.73393 -1.26086
v 50.6142 17.4724 -20.8333
vt 4.46097 -0.627369
vn 0.503127 -0.673107 -0.542025
vt 6.7963 -0.513409
f 455/1277/297 456/1278/298 453/1279/295

v 48.9763 17.2074 -21.2156
vt 2.50408 -1.49938
vn 0.144599 -0.988007 -0.0541678
vt 4.28642 -0.605161
vt 3.53684 -1.21182
f 457/1280/299 456/1281/298 455/1282/297

v 48.1286 17.0989 -22.0129
vt 1.9087 -2.0912
vn -0.263614 -0.927985 0.263348
vt 4.89617 -0.518731
vt 3.31729 -1.73671
f 458/1283/300 456/1284/298 457/1285/299

vt 1.44756 -1.7509
v 47.8529 17.2068 -22.6178
vt 0.657561 -1.53211
vn 0.496964 -0.572216 -0.652377
vt 4.59431 -0.527933
f 458/1286/300 459/1287/301 456/1288/298

v 47.535 17.1876 -22.6218
vt 0.083132 -2.2804
vn -0.315197 -0.826318 -0.466743
vt 0.369741 -2.08449
vt 1.14272 -2.3574
f 460/1289/302 459/1290/301 458/1291/300

vt -1.00468 -0.760121
v 47.7199 17.4357 -22.7828
vt -0.95272 -0.353557
vn 0.304215 -0.334554 -0.891923
vt -0.683579 -0.62815
f 460/1292/302 461/1293/303 459/1294/301

v 47.507 17.3377 -22.6803
vt -1.94628 -0.314692
vn -0.929404 0.0644815 -0.363388
vt -1.78209 -0.0997012
vt -1.86811 -0.500444
f 462/1295/304 461/1296/303 460/1297/302

v 47.6859 17.7483 -22.7658
vt -2.58463 0.871132
vn -0.599273 0.105769 -0.793527
vt -2.46967 0.5183
vt -2.64079 0.308789
f 463/1298/305 461/1299/303 462/1300/304

v 47.9684 18.3409 -22.9025
vt -2.48855 1.69071
vn -0.362921 -0.017304 -0.931659
vt -2.47688 0.515395
vt -2.59193 0.868199
f 464/1301/306 461/1302/303 463/1303/305

v 49.0699 19.645 -23.2632
vt -1.27846 3.70558
vn 0.233177 -0.248147 -0.94024
vt -1.98759 0.547251
vt -1.98328 1.72262
f 465/1304/307 461/1305/303 464/1306/306

vt -0.950449 0.315681
vt -0.2373 3.47311
v 49.8564 19.8411 -23.2082
vt 0.557718 3.95097
vn 0.430158 -0.340443 -0.8361
f 461/1307/303 465/1308/307 466/1309/308

vt -0.312308 5.72676
vt 0.52086 4.01521
vt -0.274383 3.53772
f 428/1310/270 466/1311/308 465/1312/307

vt -0.724502 5.5069
vt 0.135967 5.48479
vt 0.0915618 3.78712
f 428/1313/270 429/1314/271 466/1315/308

vt 0.872834 3.79242
vt 0.864757 5.49064
vt 2.40784 4.55304
f 466/1316/308 429/1317/271 430/1318/272

vt -0.616856 0.171575
vt 0.861108 3.81925
vt 2.39646 4.57916
f 461/1319/303 466/1320/308 430/1321/272

vt -0.141177 -0.154578
vt 2.76306 4.32564
v 51.0197 18.754 -21.9759
vt 3.44639 2.34856
vn 0.551777 -0.43547 -0.711272
f 461/1322/303 430/1323/272 467/1324/309

vt 2.71818 4.29108
vt 4.36125 5.8735
vt 3.39253 2.31093
f 430/1325/272 431/1326/273 467/1327/309

vt 3.48524 2.30937
vt 4.42458 5.8798
vt 6.20919 5.89177
f 467/1328/309 431/1329/273 432/1330/274

vt 6.12402 5.94101
v 52.6638 18.8996 -21.2668
vt 5.45572 2.94465
vn 0.534178 -0.477586 -0.697543
vt 3.36446 2.38598
f 432/1331/274 468/1332/310 467/1333/309

vt 6.02496 5.9225
v 55.0275 19.9819 -20.9986
vt 7.67394 4.95228
vn 0.550045 -0.427202 -0.717599
vt 5.33064 2.93206
f 432/1334/274 469/1335/311 468/1336/310

vt 6.13794 6.2318
vt 8.77657 5.59318
vt 7.79369 5.27317
f 432/1337/274 433/1338/275 469/1339/311

vt 7.88385 4.93643
vt 8.86402 5.26465
v 54.6801 18.6777 -20.0455
vt 8.47284 3.01391
vn 0.545731 -0.500245 -0.672259
f 469/1340/311 433/1341/275 470/1342/312

vt 8.91245 5.33205
vt 9.85663 2.92057
vt 8.54258 3.0777
f 433/1343/275 441/1344/283 470/1345/312

vt 11.4184 5.09347
vt 9.98789 3.33247
vt 8.96714 5.71255
f 438/1346/280 441/1347/283 433/1348/275

vt 11.2711 7.14893
vt 11.4165 5.12581
vt 8.96451 5.74182
f 434/1349/276 438/1350/280 433/1351/275

vt 8.51635 2.70834
vt 9.82964 2.54491
v 54.3694 17.7538 -19.0455
vt 9.15444 1.18588
vn 0.526024 -0.596879 -0.605833
f 470/1352/312 441/1353/283 471/1354/313

vt 9.3872 1.5725
vt 9.98358 2.96792
vt 10.8076 1.01726
f 471/1355/313 441/1356/283 443/1357/285

vt 9.63502 0.140542
vt 9.30454 0.961963
vt 10.7059 0.360333
f 451/1358/293 471/1359/313 443/1360/285

v 52.221 17.6797 -20.1015
vt 6.37732 -0.0480012
vn 0.51324 -0.597415 -0.616182
vt 9.20049 0.61709
vt 9.5046 -0.214456
f 472/1361/314 471/1362/313 451/1363/293

vt 9.08176 1.01625
vt 6.24316 0.420445
v 53.3808 18.3024 -20.2868
vt 7.10095 1.67224
vn 0.516792 -0.537253 -0.666548
f 471/1364/313 472/1365/314 473/1366/315

vt 5.46758 2.39066
vt 6.97782 1.65115
vt 6.09737 0.415197
f 468/1367/310 473/1368/315 472/1369/314

vt 5.50872 2.53741
vt 8.39236 2.6653
vt 7.02329 1.8068
f 468/1370/310 470/1371/312 473/1372/315

vt 7.81511 4.82169
vt 8.38467 2.89332
vt 5.50091 2.7682
f 469/1373/311 470/1374/312 468/1375/310

vt 8.46915 2.59863
vt 9.0929 1.07024
vt 7.11101 1.72295
f 470/1376/312 471/1377/313 473/1378/315

vt 5.68555 2.68834
vt 6.38369 0.735992
v 50.8445 17.9087 -21.3426
vt 4.07107 0.844587
vn 0.554173 -0.516585 -0.652711
f 468/1379/310 472/1380/314 474/1381/316

vt 6.37162 0.449792
vt 4.32171 -0.212085
vt 4.05919 0.562558
f 472/1382/314 456/1383/298 474/1384/316

vt 6.78771 -0.364803
vt 4.45216 -0.47423
vt 6.48606 0.235336
f 453/1385/295 456/1386/298 472/1387/314

vt 6.66774 -0.58263
vt 6.3809 0.0247259
vt 9.50831 -0.1392
f 453/1388/295 472/1389/314 451/1390/293

vt 4.16858 0.68304
vt 4.44575 -0.0864778
vt 0.479568 -0.967237
f 474/1391/316 456/1392/298 459/1393/301

vt 3.5321 2.30916
vt 3.975 1.07935
vt 0.24534 -0.476868
f 467/1394/309 474/1395/316 459/1396/301

vt 3.40635 2.21179
vt 5.49561 2.77795
vt 3.83396 0.976583
f 467/1397/309 468/1398/310 474/1399/316

vt 3.23484 2.65915
vt -0.103065 -0.065395
vt -0.382298 0.19893
f 467/1400/309 459/1401/301 461/1402/303

v 48.9744 20.7648 -23.4006
vt -1.7034 4.84966
vn -0.125021 -0.113639 -0.985625
vt -1.33069 5.72205
vt -1.31521 3.53273
f 475/1403/317 428/1404/270 465/1405/307

vt -2.61398 5.68333
vt -1.93908 5.9276
vt -2.30108 5.05071
f 427/1406/269 428/1407/270 475/1408/317

vt -2.59294 5.69344
vt -2.28089 5.06041
v 48.6553 20.8509 -23.2335
vt -2.60109 5.0171
vn -0.687492 0.112925 -0.717358
f 427/1409/269 475/1410/317 476/1411/318

vt -2.58128 4.90165
vt -2.26104 4.9447
v 48.3875 19.9018 -23.0707
vt -2.57853 3.65965
vn -0.68144 0.0995682 -0.725069
f 476/1412/318 475/1413/317 477/1414/319

vt -2.59328 4.97964
v 48.088 18.9774 -22.9569
vt -2.89523 2.47496
vn -0.586194 0.0562411 -0.808216
vt -2.89479 3.69075
f 475/1415/317 478/1416/320 477/1417/319

vt -1.52229 4.90296
vt -1.13256 3.58649
vt -1.88466 2.4063
f 475/1418/317 465/1419/307 478/1420/320

vt -2.13954 2.5547
vt -1.39184 3.73768
vt -2.09067 1.75259
f 478/1421/320 465/1422/307 464/1423/306

vt -3.01268 2.414
vt -2.93899 1.6138
v 47.7325 18.2509 -22.627
vt -3.20364 1.36606
vn -0.956171 0.292526 -0.0128851
f 478/1424/320 464/1425/306 479/1426/321

vt -3.15717 1.28443
vt -2.89427 1.53402
vt -2.94135 0.706376
f 479/1427/321 464/1428/306 463/1429/305

vt -2.93139 0.14008
vt -3.13148 1.28199
vt -2.91304 0.704923
f 462/1430/304 479/1431/321 463/1432/305

vt -1.61815 1.51692
vt -1.39219 0.379851
v 47.5733 17.3399 -22.3417
vt -1.783 0.325589
vn -0.817726 0.120628 0.562826
f 479/1433/321 462/1434/304 480/1435/322

vt -1.49031 1.02711
vt -1.55822 0.837363
vt -1.88076 0.97024
f 462/1436/304 460/1437/302 480/1438/322

vt -0.713407 2.60012
vt -0.431567 2.39456
vt -1.49087 2.31377
f 480/1439/322 460/1440/302 458/1441/300

vt -0.412209 2.22786
vt -1.20747 1.99547
v 49.5415 17.9832 -19.7741
vt -4.33251 3.29443
vn -0.71987 -0.138091 0.680234
f 480/1442/322 458/1443/300 481/1444/323

vt -4.38266 3.20179
vt -1.24696 1.92879
v 48.5483 17.1994 -21.4935
vt -2.06292 2.10447
vn -0.533561 -0.577334 0.61806
f 481/1445/323 458/1446/300 482/1447/324

vt 1.63018 2.81082
vt 0.786276 3.99303
vt 1.21435 3.53452
f 458/1448/300 457/1449/299 482/1450/324

vt 1.07889 3.57306
vt 0.634153 4.01543
v 49.4121 17.3207 -20.6573
vt 0.174907 4.77205
vn -0.423655 -0.763434 0.48753
f 482/1451/324 457/1452/299 483/1453/325

vt 4.09068 -0.192559
vt 4.66023 0.71568
vt 4.78786 0.352719
f 457/1454/299 455/1455/297 483/1456/325

vt 3.95806 -2.51032
vt 4.06957 -2.14209
v 49.8184 17.2961 -20.3593
vt 4.56547 -2.37543
vn -0.185544 -0.949548 0.252847
f 483/1457/325 455/1458/297 484/1459/326

vt 4.9918 -1.23572
vt 4.46069 -1.10047
v 50.3779 17.3722 -19.7849
vt 5.94437 -0.929469
vn -0.195405 -0.928095 0.31695
f 484/1460/326 455/1461/297 485/1462/327

vt 6.03553 0.88086
vt 4.6974 0.217574
vt 6.39727 1.39963
f 485/1463/327 455/1464/297 454/1465/296

vt -3.01674 5.07786
vt -3.62968 5.23367
v 50.0521 17.5529 -19.6541
vt -2.71479 5.2664
vn -0.583767 -0.559908 0.587979
f 485/1466/327 454/1467/296 486/1468/328

vt -6.10027 0.160186
vt -6.50078 -0.663038
v 51.379 17.3184 -18.867
vt -7.48478 -1.13348
vn -0.229359 -0.954981 0.188164
f 486/1469/328 454/1470/296 487/1471/329

vt 6.11603 -1.92673
vt 8.15024 -1.34221
vt 7.20651 -1.9471
f 454/1472/296 452/1473/294 487/1474/329

vt 7.12099 -2.14851
vt 8.08383 -1.57454
v 52.1605 17.2824 -18.2576
vt 8.33184 -1.95457
vn -0.0336245 -0.999414 0.00643277
f 487/1475/329 452/1476/294 488/1477/330

vt 8.41193 -1.66512
vt 8.15155 -1.29346
v 53.2644 17.267 -16.8997
vt 10.5807 -1.58603
vn -0.214894 -0.957613 0.19183
f 488/1478/330 452/1479/294 489/1480/331

vt 10.4999 -2.07764
vt 8.08225 -1.70214
vt 10.1684 -1.44085
f 489/1481/331 452/1482/294 450/1483/292

vt 10.5274 -1.9579
vt 10.1888 -1.32484
v 54.2127 17.1812 -16.668
vt 11.5221 -1.43976
vn 0.141308 -0.970955 -0.193074
f 489/1484/331 450/1485/292 490/1486/332

vt 10.2578 -0.386257
vt 11.4338 0.0988011
vt 11.5948 -0.443531
f 450/1487/292 449/1488/291 490/1489/332

vt 11.1043 -1.57176
vt 11.783 -1.26526
vt 11.186 -2.13155
f 449/1490/291 448/1491/290 490/1492/332

vt 11.3581 -1.65566
vt 11.9137 -0.762248
v 56.3348 17.0376 -14.6542
vt 14.9943 -1.54468
vn 0.255584 -0.917331 -0.305254
f 490/1493/332 448/1494/290 491/1495/333

vt 15.1183 -0.526889
vt 12.0054 0.115088
vt 16.7419 0.0883047
f 491/1496/333 448/1497/290 447/1498/289

vt 15.019 -0.811352
vt 16.662 -0.250238
v 57.506 16.9407 -13.3668
vt 17.1848 -0.845402
vn 0.264079 -0.886558 -0.37984
f 491/1499/333 447/1500/289 492/1501/334

vt 17.0533 -1.44575
vt 16.5488 -0.835045
v 59.3623 16.4486 -10.5975
vt 21.1426 -2.25616
vn 0.355604 -0.826771 -0.435884
f 492/1502/334 447/1503/289 493/1504/335

vt 16.7493 0.801214
v 58.468 17.7406 -14.1975
vt 17.2735 1.8837
vn 0.653977 -0.529419 -0.540398
v 58.9735 17.3618 -12.8551
vt 18.9543 1.2395
vn 0.643538 -0.513984 -0.567168
vt 21.4147 -0.363542
f 447/1505/289 494/1506/336 495/1507/337 493/1508/335 

vt 16.7864 1.2412
vt 15.1831 1.86179
vt 17.2799 2.33799
f 447/1509/289 446/1510/288 494/1511/336

vt 17.2836 2.29596
vt 15.185 1.82744
vt 14.9339 3.14177
f 494/1512/336 446/1513/288 445/1514/287

vt 17.2477 2.58087
vt 14.8848 3.38899
v 58.5574 18.9413 -16.24
vt 15.2976 4.57137
vn 0.690409 -0.478985 -0.542133
f 494/1515/336 445/1516/287 496/1517/338

vt 14.9246 3.24455
vt 13.0321 4.47003
vt 15.3487 4.42295
f 445/1518/287 439/1519/281 496/1520/338

vt 15.3484 4.42351
vt 13.0317 4.47042
v 58.7379 19.8008 -17.2846
vt 14.4593 5.77809
vn 0.712211 -0.431902 -0.553368
f 496/1521/338 439/1522/281 497/1523/339

vt 14.5202 5.61157
vt 13.0769 4.32127
vt 13.7326 6.31794
f 497/1524/339 439/1525/281 437/1526/279

vt 14.4477 5.73302
vt 13.6533 6.4317
vt 14.5845 8.21322
f 497/1527/339 437/1528/279 436/1529/278

v 59.7217 19.8683 -15.0512
vt 17.1498 5.7974
vn 0.7227 -0.444114 -0.529591
vt 14.2205 5.91302
vt 14.3275 8.39469
f 498/1530/340 497/1531/339 436/1532/278

v 59.3987 18.6433 -13.9864
vt 17.9908 4.01813
vn 0.714061 -0.441812 -0.543065
vt 14.2223 5.94547
vt 17.1516 5.82962
f 499/1533/341 497/1534/339 498/1535/340

vt 18.0713 4.02895
vt 15.2247 4.63747
vt 14.3138 5.97748
f 499/1536/341 496/1537/338 497/1538/339

vt 17.2113 2.68007
vt 15.2477 4.65723
vt 18.0928 4.04196
f 494/1539/336 496/1540/338 499/1541/341

vt 18.9707 1.83137
vt 17.275 2.43547
vt 18.1743 3.78576
f 495/1542/337 494/1543/336 499/1544/341

v 59.5632 17.5581 -12.2036
vt 20.0519 2.09591
vn 0.709006 -0.430338 -0.558676
vt 18.9726 1.81526
vt 18.1778 3.77033
f 500/1545/342 495/1546/337 499/1547/341

v 60.1123 16.339 -9.72457
vt 22.8987 0.214551
vn 0.71063 -0.52011 -0.473804
vt 18.974 1.80056
vt 20.0536 2.0804
f 501/1548/343 495/1549/337 500/1550/342

vt 21.2575 -1.20288
vt 18.8463 0.473364
vt 22.6906 -1.29872
f 493/1551/335 495/1552/337 501/1553/343

vt 21.0789 -3.16433
vt 22.5078 -3.30905
v 60.0596 16.3062 -9.50722
vt 22.6514 -3.49237
vn 0.11415 -0.939547 0.322832
f 493/1554/335 501/1555/343 502/1556/344

vt 19.5482 1.39958
vt 19.3414 1.50662
v 60.2135 16.6785 -9.54734
vt 19.5981 1.9002
vn 0.851223 -0.182392 0.49209
f 502/1557/344 501/1558/343 503/1559/345

vt 21.3951 -0.00512707
v 60.4593 18.0991 -11.1207
vt 20.2199 2.50354
vn 0.805569 -0.366861 -0.465265
vt 21.6551 0.386377
f 501/1560/343 504/1561/346 503/1562/345

vt 19.996 2.2042
vt 21.7171 2.88884
vt 22.858 0.364345
f 500/1563/342 504/1564/346 501/1565/343

vt 18.0832 3.92615
vt 21.6968 2.96094
vt 19.9767 2.27376
f 499/1566/341 504/1567/346 500/1568/342

vt 18.096 3.94119
v 60.8674 20.0685 -13.1131
vt 20.0207 5.92599
vn 0.765657 -0.396175 -0.506769
vt 21.7086 2.97238
f 499/1569/341 505/1570/347 504/1571/346

vt 17.2796 5.73866
vt 20.0315 5.90415
vt 18.1051 3.9209
f 498/1572/340 505/1573/347 499/1574/341

vt 17.2838 5.69144
v 61.029 20.781 -13.6798
vt 19.5881 6.88731
vn 0.760417 -0.424239 -0.491719
vt 20.0357 5.85615
f 498/1575/340 506/1576/348 505/1577/347

vt 16.9167 6.53474
v 60.5505 20.5539 -14.6033
vt 17.9274 7.57102
vn 0.728772 -0.459838 -0.507386
vt 19.1868 7.79446
f 498/1578/340 507/1579/349 506/1580/348

vt 17.3183 5.7198
v 60.5626 22.0867 -16.9139
vt 16.0909 9.11362
vn 0.725142 -0.367546 -0.582305
vt 18.367 6.71756
f 498/1581/340 508/1582/350 507/1583/349

vt 14.5647 8.29597
vt 16.133 9.05489
vt 17.3475 5.65641
f 436/1584/278 508/1585/350 498/1586/340

vt 14.6988 8.04341
v 59.9662 24.358 -18.8086
vt 13.9172 11.6972
vn 0.704463 -0.321044 -0.632979
vt 16.2757 8.78435
f 436/1587/278 509/1588/351 508/1589/350

vt 11.403 11.4759
vt 13.9222 11.6979
vt 14.7037 8.04406
f 384/1590/226 509/1591/351 436/1592/278

v 61.2358 25.9906 -18.1652
vt 15.487 13.8794
vn 0.715255 -0.310987 -0.625857
vt 13.9228 11.6906
vt 11.4035 11.4686
f 510/1593/352 509/1594/351 384/1595/226

vt 15.4056 13.9449
v 61.0292 24.4792 -17.3355
vt 16.0844 11.9053
vn 0.74078 -0.318379 -0.591506
vt 13.8443 11.754
f 510/1596/352 511/1597/353 509/1598/351

v 61.9873 25.6757 -16.7979
vt 17.3032 13.5069
vn 0.748185 -0.354472 -0.560864
vt 16.0745 11.9077
vt 15.3952 13.947
f 512/1599/354 511/1600/353 510/1601/352

v 62.0473 24.6865 -15.4357
vt 18.4846 12.2547
vn 0.792124 -0.316573 -0.521844
vt 15.8644 12.1155
vt 17.0819 13.7233
f 513/1602/355 511/1603/353 512/1604/354

vt 15.9062 11.2669
vt 18.5265 11.4069
v 61.6862 23.6782 -15.9021
vt 17.8114 10.1964
vn 0.775626 -0.283528 -0.563929
f 511/1605/353 513/1606/355 514/1607/356

vt 17.505 10.2556
vt 18.233 11.4584
v 62.1044 23.4177 -14.6778
vt 19.0248 9.80042
vn 0.812626 -0.321606 -0.486013
f 514/1608/356 513/1609/355 515/1610/357

v 62.4721 24.3258 -14.0015
vt 19.8255 10.6868
vn 0.868254 -0.24373 -0.432123
vt 18.877 9.64756
vt 18.091 11.3083
f 516/1611/358 515/1612/357 513/1613/355

v 61.9661 22.557 -13.3976
vt 19.151 9.08949
vn 0.861071 -0.343629 -0.374801
vt 17.9322 10.4444
vt 18.8889 11.4761
f 517/1614/359 515/1615/357 516/1616/358

v 61.4924 21.2947 -12.8348
vt 19.9867 7.71361
vn 0.834726 -0.374139 -0.404045
vt 18.5196 10.8515
vt 19.7326 9.49135
f 518/1617/360 515/1618/357 517/1619/359

v 61.3506 22.433 -15.6424
vt 17.2485 9.67948
vn 0.771115 -0.377776 -0.51251
vt 18.7403 10.8684
vt 20.196 7.72517
f 519/1620/361 515/1621/357 518/1622/360

vt 17.6333 10.7748
vt 19.1538 10.3222
vt 17.6568 9.13995
f 514/1623/356 515/1624/357 519/1625/361

vt 16.0159 8.77446
vt 17.8215 10.781
vt 17.8453 9.14616
f 508/1626/350 514/1627/356 519/1628/361

vt 16.1524 8.66417
vt 16.0435 11.7324
vt 17.9551 10.6734
f 508/1629/350 511/1630/353 514/1631/356

vt 13.8539 11.6086
vt 16.094 11.76
vt 16.2077 8.69197
f 509/1632/351 511/1633/353 508/1634/350

vt 15.912 9.21339
vt 17.7405 9.58961
vt 18.2142 6.84239
f 508/1635/350 519/1636/361 507/1637/349

vt 17.5819 9.68125
vt 19.3338 7.14966
vt 18.0725 6.93701
f 519/1638/361 506/1639/348 507/1640/349

vt 18.9855 7.12872
vt 17.2103 9.64406
vt 20.1592 7.69181
f 506/1641/348 519/1642/361 518/1643/360

vt 19.0587 6.97095
vt 20.233 7.5327
vt 19.5209 5.94625
f 506/1644/348 518/1645/360 505/1646/347

vt 19.3233 6.08057
vt 20.0311 7.66898
v 61.0449 19.985 -12.1241
vt 20.4513 5.81034
vn 0.833213 -0.360665 -0.419138
f 505/1647/347 518/1648/360 520/1649/362

vt 19.6069 5.79474
vt 19.1711 7.64979
v 61.1762 20.2308 -11.4836
vt 20.3625 5.97844
vn 0.894663 -0.329957 -0.301175
f 520/1650/362 518/1651/360 521/1652/363

vt 19.3398 5.28771
vt 18.1456 6.95708
v 61.574 21.8526 -11.743
vt 19.3815 7.3862
vn 0.954579 -0.282858 -0.0936481
f 521/1653/363 518/1654/360 522/1655/364

vt 17.3647 9.15719
v 61.7391 21.8984 -12.5145
vt 17.8497 9.8854
vn 0.892602 -0.35613 -0.276466
vt 18.5981 9.59316
f 518/1656/360 523/1657/365 522/1658/364

vt 19.0096 7.78635
vt 18.7368 9.56131
vt 19.5093 8.50461
f 518/1659/360 517/1660/359 523/1661/365

vt 18.7358 8.01732
vt 17.9599 9.07155
v 62.5526 24.6441 -13.2471
vt 18.5529 11.6834
vn 0.938355 -0.249905 -0.238826
f 523/1662/365 517/1663/359 524/1664/366

vt 18.8328 11.6174
vt 18.2394 9.0056
vt 17.9753 11.392
f 524/1665/366 517/1666/359 516/1667/358

vt 19.3404 9.59088
vt 18.4842 9.36071
v 62.5389 24.9871 -13.4558
vt 19.1394 10.0475
vn 0.903582 -0.26183 -0.339093
f 524/1668/366 516/1669/358 525/1670/367

vt 18.6519 9.24201
v 62.4326 24.9006 -14.3095
vt 18.3476 9.9948
vn 0.829731 -0.350119 -0.434698
vt 19.3042 9.93157
f 516/1671/358 526/1672/368 525/1673/367

vt 19.7634 10.4311
vt 18.0299 11.0555
vt 19.4361 11.1741
f 516/1674/358 513/1675/355 526/1676/368

v 62.7983 25.5296 -14.4752
vt 19.3583 13.8286
vn 0.825228 -0.360793 -0.434542
vt 19.2852 12.9153
vt 17.8791 12.7962
f 527/1677/369 526/1678/368 513/1679/355

v 62.8046 25.4316 -13.9258
vt 19.498 13.8362
vn 0.882224 -0.35126 -0.313522
vt 18.8635 13.1671
vt 18.9255 14.0812
f 528/1680/370 526/1681/368 527/1682/369

vt 19.5344 13.4215
vt 18.5779 13.4847
vt 19.2071 14.1587
f 525/1683/367 526/1684/368 528/1685/370

vt 17.1891 13.2948
vt 16.833 14.0186
v 62.4586 25.1569 -12.6688
vt 18.0064 13.2849
vn 0.964663 -0.258262 -0.0522144
f 525/1686/367 528/1687/370 529/1688/371

vt 17.5269 12.6344
vt 16.3512 13.3644
v 62.8495 26.1128 -13.1434
vt 17.2631 13.9989
vn 0.961421 -0.265496 -0.0719866
f 529/1689/371 528/1690/370 530/1691/372

vt 18.0812 12.8233
vt 17.1693 12.1888
v 63.2362 27.7934 -13.6746
vt 17.8448 15.0522
vn 0.94473 -0.259772 -0.200011
f 530/1692/372 528/1693/370 531/1694/373

vt 18.3374 12.0169
v 63.164 27.4501 -14.5269
vt 18.0346 14.6549
vn 0.867862 -0.252979 -0.427571
vt 18.9938 14.8848
f 528/1695/370 532/1696/374 531/1697/373

vt 18.3192 14.732
vt 18.6278 12.0947
vt 18.0538 12.3361
f 532/1698/374 528/1699/370 527/1700/369

vt 18.9859 14.7639
vt 18.7351 12.3664
v 62.795 26.2893 -15.5114
vt 17.691 13.5025
vn 0.81124 -0.30315 -0.49999
f 532/1701/374 527/1702/369 533/1703/375

vt 19.73 13.2915
vt 18.2412 12.2729
vt 18.6854 14.4272
f 527/1704/369 513/1705/355 533/1706/375

vt 18.7799 14.3822
vt 18.3322 12.2287
vt 16.9236 13.6916
f 533/1707/375 513/1708/355 512/1709/354

vt 18.8484 14.2141
vt 16.9915 13.525
v 62.4404 26.6462 -16.6636
vt 17.445 14.7844
vn 0.779099 -0.260075 -0.570408
f 533/1710/375 512/1711/354 534/1712/376

vt 17.7329 14.6756
vt 17.2789 13.4164
vt 15.3708 13.856
f 534/1713/376 512/1714/354 510/1715/352

vt 17.7697 14.5463
vt 15.4083 13.7245
v 61.5195 27.5231 -18.3526
vt 15.4028 15.6686
vn 0.770905 -0.22022 -0.597669
f 534/1716/376 510/1717/352 535/1718/377

vt 15.4142 13.729
v 61.0515 28.4189 -19.3765
vt 14.0323 16.8125
vn 0.730396 -0.241487 -0.63891
vt 15.4082 15.673
f 510/1719/352 536/1720/378 535/1721/377

vt 15.4885 13.8653
v 59.1727 26.7743 -20.7761
vt 11.326 14.7123
vn 0.687536 -0.272489 -0.673085
vt 14.0919 16.9422
f 510/1722/352 537/1723/379 536/1724/378

vt 11.4059 11.4634
vt 11.3265 14.7215
vt 15.489 13.8747
f 384/1725/226 537/1726/379 510/1727/352

vt 7.58382 13.7586
vt 11.3244 14.7343
vt 11.4074 11.4763
f 383/1728/225 537/1729/379 384/1730/226

v 57.8442 28.5949 -22.7127
vt 8.32788 16.886
vn 0.655414 -0.238259 -0.716704
vt 11.323 14.7329
vt 7.58258 13.7567
v 57.1691 27.62 -22.9938
vt 7.55972 15.5814
vn 0.625336 -0.235397 -0.744005
f 538/1731/380 537/1732/379 383/1733/225 539/1734/381 

v 58.7429 29.1065 -21.8579
vt 9.84601 17.502
vn 0.722057 -0.219498 -0.65609
vt 11.3269 14.636
vt 8.33879 16.7987
f 540/1735/382 537/1736/379 538/1737/380

vt 9.83228 17.3412
v 59.385 29.2271 -21.0134
vt 11.1404 17.5002
vn 0.698624 -0.193818 -0.688737
vt 11.2896 14.4632
f 540/1738/382 541/1739/383 537/1740/379

v 58.5351 30.6805 -22.177
vt 9.30358 18.9867
vn 0.711931 -0.1122 -0.693228
vt 11.1448 17.2492
vt 9.8369 17.088
f 542/1741/384 541/1742/383 540/1743/382

vt 9.29934 18.8107
v 59.4697 31.0504 -20.831
vt 11.3081 19.254
vn 0.705013 -0.100105 -0.702094
vt 11.1303 17.0623
f 542/1744/384 543/1745/385 541/1746/383

v 59.0129 32.1205 -21.2156
vt 10.537 20.1278
vn 0.75973 0.00995677 -0.650163
vt 11.3094 18.8674
vt 9.30301 18.4137
f 544/1747/386 543/1748/385 542/1749/384

v 59.1615 32.5916 -20.5221
vt 11.2203 18.9588
vn 0.710404 0.0718765 -0.700115
vt 11.0855 17.1596
vt 10.4085 18.4737
f 545/1750/387 543/1751/385 544/1752/386

vt 10.4348 19.9989
vt 10.1288 21.7769
v 59.8944 31.8571 -20.3974
vt 11.0397 21.0711
vn 0.670978 -0.00988864 -0.741412
f 543/1753/385 545/1754/387 546/1755/388

v 59.4226 32.8376 -20.2446
vt 10.9663 21.2207
vn 0.667712 0.166976 -0.725451
vt 11.4184 20.1263
vt 10.5353 20.8667
f 547/1756/389 546/1757/388 545/1758/387

v 60.524 32.2767 -19.4112
vt 13.3687 18.8164
vn 0.750137 0.0759519 -0.656906
vt 11.9692 18.2575
vt 11.6423 19.3956
f 548/1759/390 546/1760/388 547/1761/389

vt 13.3812 18.9409
v 60.5896 31.673 -19.7342
vt 13.1809 18.2235
vn 0.748912 -0.0459949 -0.661072
vt 11.9792 18.3885
f 548/1762/390 549/1763/391 546/1764/388

v 61.1863 31.2132 -19.0302
vt 14.3059 17.0322
vn 0.778619 -0.0754115 -0.622949
vt 13.1645 17.6096
vt 13.4244 18.3076
f 550/1765/392 549/1766/391 548/1767/390

v 60.8883 29.7934 -19.758
vt 13.5117 17.4138
vn 0.743217 -0.161691 -0.649219
vt 13.2199 19.6347
vt 14.3819 19.0998
f 551/1768/393 549/1769/391 550/1770/392

vt 13.5273 17.5769
v 60.2861 30.6 -20.3356
vt 12.4567 18.5076
vn 0.679384 -0.137583 -0.720769
vt 13.213 19.7947
f 551/1771/393 552/1772/394 549/1773/391

v 60.4244 29.3007 -20.1701
vt 12.7544 17.7944
vn 0.6766 -0.218119 -0.703304
vt 12.3908 19.3466
vt 13.4857 18.4445
f 553/1774/395 552/1775/394 551/1776/393

vt 12.7034 17.9223
vt 11.0581 17.6839
vt 12.327 19.4715
f 553/1777/395 541/1778/383 552/1779/394

vt 11.2881 14.7324
vt 11.0717 17.7654
vt 12.7174 18.0012
f 537/1780/379 541/1781/383 553/1782/395

vt 11.3206 14.6912
vt 12.7681 17.9519
vt 14.0774 16.9323
f 537/1783/379 553/1784/395 536/1785/378

vt 14.0914 16.7975
vt 12.7864 17.8227
vt 13.5232 18.4664
f 536/1786/378 553/1787/395 551/1788/393

vt 13.9154 16.1544
vt 13.3981 17.8398
v 61.5032 29.5824 -18.6545
vt 14.9422 17.532
vn 0.788976 -0.17687 -0.588416
f 536/1789/378 551/1790/393 554/1791/396

vt 14.9133 17.0529
vt 13.3702 17.3657
vt 14.2905 19.0249
f 554/1792/396 551/1793/393 550/1794/392

vt 14.9565 17.1839
vt 14.3223 19.1524
v 61.9344 31.6406 -17.7001
vt 16.1773 19.6087
vn 0.776352 -0.0945113 -0.623174
f 554/1795/396 550/1796/392 555/1797/397

vt 16.2135 18.616
vt 14.3653 18.1331
v 61.1839 32.1581 -18.5815
vt 14.7667 19.2359
vn 0.763137 -0.0041782 -0.646224
f 555/1798/397 550/1799/392 556/1800/398

vt 14.3825 18.2664
vt 13.4463 19.5023
vt 14.7644 19.3761
f 550/1801/392 548/1802/390 556/1803/398

v 60.7879 32.8768 -18.5928
vt 14.4144 18.9852
vn 0.733969 0.153105 -0.661701
vt 14.7679 18.1431
vt 13.4507 18.2774
f 557/1804/399 556/1805/398 548/1806/390

v 62.389 33.0535 -16.5001
vt 17.6191 19.8236
vn 0.746866 0.0293714 -0.664326
vt 14.7425 18.6997
vt 14.368 19.5327
f 558/1807/400 556/1808/398 557/1809/399

vt 16.2196 19.0134
vt 14.769 19.6242
vt 17.6752 20.6689
f 555/1810/397 556/1811/398 558/1812/400

v 62.612 31.7123 -16.613
vt 17.7754 19.0936
vn 0.776729 -0.15005 -0.6117
vt 16.2048 19.0343
vt 17.6786 20.6736
f 559/1813/401 555/1814/397 558/1815/400

vt 17.7729 19.6971
vt 14.9979 17.2064
vt 16.2023 19.6394
f 559/1816/401 554/1817/396 555/1818/397

v 62.0674 29.1273 -17.3669
vt 16.4961 16.86
vn 0.787463 -0.188195 -0.586928
vt 14.8094 17.5183
vt 17.634 19.9525
f 560/1819/402 554/1820/396 559/1821/401

vt 15.1105 14.9156
vt 14.7982 17.446
vt 16.4844 16.7865
f 535/1822/377 554/1823/396 560/1824/402

vt 15.2144 15.0367
vt 13.8524 16.1927
vt 14.8861 17.5651
f 535/1825/377 536/1826/378 554/1827/396

vt 16.6519 16.7319
v 62.5282 27.9154 -16.6163
vt 17.7542 15.2429
vn 0.792852 -0.189812 -0.5791
vt 15.3061 14.8407
f 560/1828/402 561/1829/403 535/1830/377

v 63.324 30.37 -15.2515
vt 19.6526 18.2184
vn 0.799926 -0.209075 -0.5625
vt 17.7707 15.3088
vt 16.6656 16.7958
f 562/1831/404 561/1832/403 560/1833/402

vt 19.4055 18.227
v 62.907 27.3939 -15.583
vt 18.7621 14.619
vn 0.831474 -0.220314 -0.510012
vt 17.4638 15.357
f 562/1834/404 563/1835/405 561/1836/403

vt 18.8624 18.0389
vt 19.4029 14.348
vt 18.1526 14.4435
f 562/1837/404 532/1838/374 563/1839/405

v 63.6075 30.2566 -14.4989
vt 20.3384 18.2391
vn 0.83844 -0.248865 -0.484855
vt 19.9824 14.7732
vt 19.3856 18.4554
f 564/1840/406 532/1841/374 562/1842/404

v 63.7599 30.5659 -13.8301
vt 20.2344 18.244
vn 0.907336 -0.269846 -0.322374
vt 19.0094 14.526
vt 19.4346 17.9841
f 565/1843/407 532/1844/374 564/1845/406

vt 18.0205 14.7184
vt 19.2834 18.4237
vt 18.9797 14.9482
f 532/1846/374 565/1847/407 531/1848/373

vt 15.3339 15.045
vt 15.6931 18.5152
v 63.4242 29.8255 -13.1395
vt 16.2221 17.3729
vn 0.962462 -0.242031 0.122836
f 531/1849/373 565/1850/407 566/1851/408

vt 17.8325 18.1529
vt 17.3019 19.2945
v 64.0116 31.8396 -13.425
vt 17.9546 20.7808
vn 0.954381 -0.297385 -0.0268
f 566/1852/408 565/1853/407 567/1854/409

vt 20.4953 19.7766
vt 19.8565 18.2842
v 63.9751 32.0564 -14.2336
vt 19.6419 20.2091
vn 0.823058 -0.258825 -0.505554
f 567/1855/409 565/1856/407 568/1857/410

vt 19.9661 20.3327
vt 20.1883 18.4087
vt 19.3884 18.1493
f 568/1858/410 565/1859/407 564/1860/406

vt 20.3339 18.2035
vt 19.3812 18.42
vt 20.8693 20.3976
f 564/1861/406 562/1862/404 568/1863/410

v 63.0706 32.4998 -15.8365
vt 18.8357 20.9401
vn 0.754748 -0.132759 -0.642441
vt 21.0899 20.3327
vt 19.6347 18.3306
f 569/1864/411 568/1865/410 562/1866/404

vt 21.105 20.6425
vt 18.8492 21.2441
v 64.4089 33.9177 -13.9138
vt 21.7062 22.9245
vn 0.757011 0.0904576 -0.64711
f 568/1867/410 569/1868/411 570/1869/412

vt 21.3919 22.5639
vt 18.6385 20.7186
v 63.5192 33.2991 -15.051
vt 19.6609 21.7237
vn 0.705059 0.0886394 -0.703587
f 570/1870/412 569/1871/411 571/1872/413

vt 18.8241 20.6311
vt 17.6186 21.2515
vt 19.8813 21.5994
f 569/1873/411 558/1874/400 571/1875/413

vt 17.763 19.7399
vt 17.6132 21.3158
vt 18.8195 20.6968
f 559/1876/401 558/1877/400 569/1878/411

vt 19.6172 18.2717
vt 17.7316 19.9667
vt 18.8237 20.8828
f 562/1879/404 559/1880/401 569/1881/411

vt 16.6363 16.9235
vt 17.7404 20.0282
vt 19.6282 18.3357
f 560/1882/402 559/1883/401 562/1884/404

vt 19.7618 19.4885
vt 17.5095 19.0785
v 63.0089 33.5803 -15.3659
vt 19.0227 19.785
vn 0.657983 0.35132 -0.666058
f 571/1885/413 558/1886/400 572/1887/414

vt 19.0347 19.8198
vt 17.5197 19.1172
v 61.2735 33.3245 -17.4998
vt 15.6487 19.3459
vn 0.660402 0.410651 -0.628677
f 572/1888/414 558/1889/400 573/1890/415

vt 17.5675 17.2183
vt 14.3224 16.8676
vt 15.6999 17.4738
f 558/1891/400 557/1892/399 573/1893/415

vt 15.6851 17.3958
vt 14.3104 16.7831
v 59.7458 33.2157 -19.4057
vt 12.669 17.1274
vn 0.679849 0.378963 -0.627847
f 573/1894/415 557/1895/399 574/1896/416

vt 14.248 18.5631
vt 13.3334 17.7929
vt 12.5999 18.874
f 557/1897/399 548/1898/390 574/1899/416

vt 12.7691 17.5939
vt 13.4397 16.4728
vt 11.7381 17.1215
f 574/1900/416 548/1901/390 547/1902/389

vt 12.5023 16.275
vt 11.5182 15.7113
v 58.8174 33.3972 -20.1251
vt 11.0423 16.392
vn 0.639535 0.477253 -0.602681
f 574/1903/416 547/1904/389 575/1905/417

vt 10.018 20.9962
vt 9.62424 20.6012
vt 9.39271 21.5428
f 547/1906/389 545/1907/387 575/1908/417

vt 11.4175 16.8182
vt 11.2338 15.8661
v 58.7975 33.0176 -20.7164
vt 10.7987 16.4131
vn 0.732781 0.234124 -0.63892
f 575/1909/417 545/1910/387 576/1911/418

vt 11.3192 17.7249
vt 10.5391 17.1904
vt 10.8471 18.2402
f 545/1912/387 544/1913/386 576/1914/418

vt 10.5737 19.0722
vt 10.3932 17.9931
v 57.4202 32.6473 -22.401
vt 7.91739 18.4517
vn 0.697928 0.0697704 -0.712761
f 576/1915/418 544/1916/386 577/1917/419

vt 7.82353 20.4905
vt 10.3086 20.0853
vt 9.18505 18.2969
f 577/1918/419 544/1919/386 542/1920/384

v 57.2771 32.0248 -22.8097
vt 7.4759 19.4434
vn 0.675086 -0.047368 -0.736217
vt 7.91214 20.203
vt 9.2365 17.9868
f 578/1921/420 577/1922/419 542/1923/384

v 54.6366 32.9419 -24.6517
vt 3.35669 20.1336
vn 0.662534 -0.0900946 -0.743594
vt 7.7986 20.1898
vt 7.37938 19.4207
f 579/1924/421 577/1925/419 578/1926/420

v 54.8872 33.5545 -24.2207
vt 3.89503 21.3041
vn 0.697476 0.0322204 -0.715883
vt 7.80056 20.5901
vt 3.35863 20.5354
f 580/1927/422 577/1928/419 579/1929/421

v 55.8492 33.4552 -23.3121
vt 5.7015 18.7796
vn 0.709361 0.185424 -0.680018
vt 7.93489 17.9555
vt 4.05389 18.7927
f 581/1930/423 577/1931/419 580/1932/422

v 57.2452 33.3252 -21.9656
vt 8.12819 18.6327
vn 0.689555 0.31708 -0.651133
vt 7.94458 17.8077
vt 5.71376 18.6387
f 582/1933/424 577/1934/419 581/1935/423

vt 8.04975 18.7285
vt 10.5319 18.5478
vt 7.88203 17.9001
f 582/1936/424 576/1937/418 577/1938/419

v 56.135 33.8728 -22.3214
vt 6.83143 14.8495
vn 0.577451 0.652944 -0.490117
vt 10.6237 13.9462
vt 8.14778 14.1982
f 583/1939/425 576/1940/418 582/1941/424

vt 11.0929 15.3368
vt 10.5846 14.7994
vt 6.78001 15.6494
f 575/1942/417 576/1943/418 583/1944/425

v 56.8236 33.88 -21.3261
vt 8.62404 6.93423
vn 0.33735 0.911644 -0.234736
vt 11.3711 6.06183
vt 7.13159 6.91329
f 584/1945/426 575/1946/417 583/1947/425

v 58.2897 33.6958 -20.0213
vt 10.7523 10.4632
vn 0.368956 0.878062 -0.30476
vt 11.1387 10.0132
vt 8.31031 10.568
f 585/1948/427 575/1949/417 584/1950/426

v 59.5024 33.6149 -18.8873
vt 12.5806 11.6896
vn 0.453102 0.787568 -0.417655
vt 10.934 11.1483
vt 10.5197 11.5727
f 586/1951/428 575/1952/417 585/1953/427

vt 12.828 12.7655
vt 12.6047 12.17
vt 11.1493 12.334
f 586/1954/428 574/1955/416 575/1956/417

v 60.9973 33.7087 -17.0059
vt 15.7227 13.299
vn 0.284475 0.922559 -0.260688
vt 12.5554 12.3276
vt 12.7684 12.9269
f 587/1957/429 574/1958/416 586/1959/428

vt 15.6196 12.9936
vt 15.4706 12.4012
vt 12.4772 11.9441
f 587/1960/429 573/1961/415 574/1962/416

v 61.8027 33.7384 -16.1632
vt 16.6522 14.3069
vn 0.228686 0.935875 -0.268032
vt 15.1235 13.447
vt 15.2263 14.0491
f 588/1963/430 573/1964/415 587/1965/429

vt 16.3873 14.4323
vt 18.1668 14.5038
vt 14.8954 13.51
f 588/1966/430 572/1967/414 573/1968/415

v 62.8431 33.7964 -15.1494
vt 18.2137 16.6367
vn 0.197288 0.927267 -0.318204
vt 18.2246 16.3266
vt 16.4445 16.27
f 589/1969/431 572/1970/414 588/1971/430

vt 17.1102 18.9633
v 63.5287 33.9257 -14.4779
vt 18.2229 19.4208
vn 0.150598 0.932439 -0.328449
vt 17.1598 18.657
f 589/1972/431 590/1973/432 572/1974/414

vt -19.7808 14.9745
vt -18.6888 14.4695
v 62.6059 33.8047 -14.95
vt -18.7641 14.2089
vn -0.368027 0.866937 0.336118
f 590/1975/432 589/1976/431 591/1977/433

vt -19.3189 10.3378
vt -19.2928 10.6078
vt -17.5342 10.1936
f 591/1978/433 589/1979/431 588/1980/430

vt -19.3047 9.14803
vt -17.5224 8.97748
v 60.3644 33.7574 -16.6023
vt -16.0597 8.00111
vn -0.299885 0.901843 0.311044
f 591/1981/433 588/1982/430 592/1983/434

vt -16.0542 7.92392
vt -17.5383 8.86744
vt -16.1172 8.58458
f 592/1984/434 588/1985/430 587/1986/429

vt -15.6111 5.15977
vt -15.801 5.79567
v 60.0322 33.7852 -17.355
vt -14.6516 5.41336
vn -0.191893 0.955621 0.223527
f 592/1987/434 587/1988/429 593/1989/435

vt -14.9965 4.84604
vt -16.0872 5.37301
v 60.1219 33.7385 -17.795
vt -14.6457 5.12067
vn 0.135145 0.983775 -0.117995
f 593/1990/435 587/1991/429 594/1992/436

vt 9.46805 13.0745
vt 10.658 13.9264
vt 8.45943 11.9181
f 594/1993/436 587/1994/429 586/1995/428

vt 12.2837 10.6477
vt 10.9881 9.82558
v 59.2901 33.7555 -18.6269
vt 10.9193 10.1223
vn 0.101583 0.991882 -0.0764939
f 594/1996/436 586/1997/428 595/1998/437

vt 11.0816 9.87166
vt 11.1439 9.57352
v 58.2706 33.8088 -19.5479
vt 9.45523 9.35407
vn 0.152412 0.983024 -0.102152
f 595/1999/437 586/2000/428 596/2001/438

vt 6.73888 10.2479
vt 8.26546 11.0024
vt 6.61681 9.76031
f 596/2002/438 586/2003/428 585/2004/427

vt 8.0323 9.21895
vt 7.84154 8.75395
v 56.4557 33.9698 -21.1069
vt 5.3838 7.87051
vn -0.0971776 0.981506 0.164931
f 596/2005/438 585/2006/427 597/2007/439

vt -7.73545 0.123115
vt -10.3424 0.281166
vt -7.90471 0.460439
f 597/2008/439 585/2009/427 584/2010/426

vt -7.68814 0.0670389
vt -7.86091 0.402575
v 55.6568 34.0271 -22.4032
vt -5.89119 0.592873
vn 0.11709 0.993073 -0.00979051
f 597/2011/439 584/2012/426 598/2013/440

vt 8.60629 5.27784
vt 7.11406 5.24496
vt 6.64676 5.55393
f 584/2014/426 583/2015/425 598/2016/440

vt 7.03135 0.956026
vt 7.29617 0.46236
v 54.872 34.1199 -23.3447
vt 5.73131 1.75585
vn 0.324563 0.929459 -0.175401
f 598/2017/440 583/2018/425 599/2019/441

vt 6.91566 12.3754
v 55.9407 33.7064 -22.906
vt 6.23234 12.0949
vn 0.667278 0.464361 -0.58233
vt 4.90106 12.6269
f 583/2020/425 600/2021/442 599/2022/441

vt 7.03323 13.1127
vt 8.30529 12.3786
vt 6.33921 12.8599
f 583/2023/425 582/2024/424 600/2025/442

vt 6.13552 17.1097
vt 8.12945 16.7614
vt 5.71502 16.7683
f 600/2026/442 582/2027/424 581/2028/423

vt 6.27153 17.5462
vt 5.83831 17.2211
v 53.5662 34.2043 -25.1576
vt 2.19056 18.0022
vn 0.721162 0.321254 -0.613776
f 600/2029/442 581/2030/423 601/2031/443

vt 2.02424 20.9026
vt 5.69828 20.2563
vt 4.05066 20.2682
f 601/2032/443 581/2033/423 580/2034/422

vt 3.93664 21.3427
vt 3.39555 20.5773
vt 1.89798 21.9366
f 580/2035/422 579/2036/421 601/2037/443

vt 2.24843 20.928
vt 3.66714 19.4866
v 52.6897 34.4842 -26.054
vt 0.679769 21.2143
vn 0.702532 0.0317228 -0.710944
f 601/2038/443 579/2039/421 602/2040/444

vt 0.0758607 23.0563
vt 3.17808 21.5445
v 53.1676 31.7149 -25.4517
vt 1.29541 19.7841
vn 0.527536 -0.235021 -0.816377
f 602/2041/444 579/2042/421 603/2043/445

vt 1.17253 19.7439
vt 3.03992 21.5205
v 54.6141 31.7774 -24.6506
vt 3.15685 20.1163
vn 0.602783 -0.185451 -0.776054
f 603/2044/445 579/2045/421 604/2046/446

vt 3.09589 21.5059
v 57.0503 30.9777 -23.201
vt 6.73134 19.6194
vn 0.633529 -0.131982 -0.762379
vt 3.20725 20.1013
f 579/2047/421 605/2048/447 604/2049/446

vt 3.29134 21.029
vt 7.3212 20.3578
vt 6.88922 19.0718
f 579/2050/421 578/2051/420 605/2052/447

vt 7.27716 20.3757
vt 9.08976 18.9843
vt 6.85307 19.0871
f 578/2053/420 542/2054/384 605/2055/447

vt 6.85017 19.219
vt 9.08691 19.1172
v 58.2092 29.8194 -22.5546
vt 8.56421 18.0332
vn 0.66208 -0.177503 -0.728109
f 605/2056/447 542/2057/384 606/2058/448

vt 8.72399 17.9841
vt 9.30293 19.0391
vt 9.84304 17.1422
f 606/2059/448 542/2060/384 540/2061/382

vt 8.7159 18.2914
vt 9.843 17.4604
vt 8.33701 16.7546
f 606/2062/448 540/2063/382 538/2064/380

v 56.6034 30.1186 -23.5
vt 6.16717 18.5331
vn 0.598954 -0.190468 -0.777802
vt 8.45648 18.4914
vt 8.12721 16.9432
f 607/2065/449 606/2066/448 538/2067/380

vt 6.72699 19.5641
vt 8.45853 18.404
vt 6.16923 18.4461
f 605/2068/447 606/2069/448 607/2070/449

vt 3.21717 20.046
vt 6.74085 19.5612
vt 6.1816 18.444
f 604/2071/446 605/2072/447 607/2073/449

vt 3.11367 20.1694
vt 6.09047 18.5905
v 55.67 29.3798 -23.9205
vt 4.96858 17.4987
vn 0.600811 -0.187042 -0.777201
f 604/2074/446 607/2075/449 608/2076/450

vt 4.97645 17.4977
vt 6.09894 18.5889
vt 7.32572 15.6885
f 608/2077/450 607/2078/449 539/2079/381

vt 6.11899 18.579
vt 8.08478 16.9961
vt 7.34194 15.6769
f 607/2080/449 538/2081/380 539/2082/381

vt 7.42403 15.517
vt 5.54021 14.5481
vt 5.09456 17.3516
f 539/2083/381 382/2084/224 608/2085/450

vt 7.52906 15.5982
vt 7.55598 13.7735
vt 5.63336 14.6528
f 539/2086/381 383/2087/225 382/2088/224

vt 4.97414 17.4338
vt 5.45594 14.6363
vt 4.09507 14.9504
f 608/2089/450 382/2090/224 367/2091/209

vt 5.42255 14.7316
vt 3.69309 13.805
vt 4.0606 15.041
f 382/2092/224 369/2093/211 367/2094/209

vt 5.02739 17.4212
vt 4.1353 14.9425
vt 3.27986 16.2387
f 608/2095/450 367/2096/209 366/2097/208

vt 5.05821 17.4371
vt 3.30719 16.2598
vt 3.22267 20.1211
f 608/2098/450 366/2099/208 604/2100/446

vt 3.16463 20.1353
vt 3.26547 16.2743
vt 1.18009 19.764
f 604/2101/446 366/2102/208 603/2103/445

vt 2.96341 16.3549
vt 1.02332 16.8987
vt 0.807756 19.8016
f 366/2104/208 365/2105/207 603/2106/445

vt 0.715161 16.8996
v 52.3134 30.4597 -25.4208
vt -0.161035 18.029
vn 0.383942 -0.247219 -0.889647
vt 0.466283 19.7998
f 365/2107/207 609/2108/451 603/2109/445

vt -0.381064 17.9179
vt 0.50009 16.7924
vt -0.343383 15.6085
f 609/2110/451 365/2111/207 361/2112/203

v 52.0993 32.0544 -25.6751
vt -1.15538 19.7787
vn 0.0650813 -0.249547 -0.966173
vt -0.50388 17.9158
vt -0.464322 15.6064
f 610/2113/452 609/2114/451 361/2115/203

vt -0.720509 19.8848
vt 0.54864 19.7863
vt -0.0829512 18.017
f 610/2116/452 603/2117/445 609/2118/451

vt 0.527186 19.5546
vt -0.74198 19.6529
v 52.3021 33.1691 -25.9573
vt -0.888658 21.0961
vn 0.217008 -0.301217 -0.928534
f 603/2119/445 610/2120/452 611/2121/453

v 51.9478 32.9838 -25.7612
vt -2.46749 20.5955
vn -0.672724 -0.108619 -0.731877
vt -2.18762 20.977
vt -2.0877 19.5298
f 612/2122/454 611/2123/453 610/2124/452

v 52.0847 33.9534 -26.0934
vt -2.4148 21.5241
vn -0.660402 -0.0742646 -0.747231
vt -1.99722 20.6317
vt -2.27247 20.2469
f 613/2125/455 611/2126/453 612/2127/454

vt -1.97924 21.9152
v 52.4833 34.236 -26.2221
vt -1.67868 22.4094
vn 0.445911 -0.23184 -0.864531
vt -1.54216 21.0322
f 613/2128/455 614/2129/456 611/2130/453

v 52.2772 34.6794 -26.2561
vt -2.10349 22.9637
vn -0.172694 0.699565 -0.693387
vt -1.78564 22.5026
vt -2.0871 22.0089
f 615/2131/457 614/2132/456 613/2133/455

vt -0.0825173 22.5804
vt -0.377762 22.2412
vt -0.653677 22.7286
f 602/2134/444 614/2135/456 615/2136/457

vt 0.391584 23.0151
vt 1.55157 19.7212
vt 0.0823235 22.6886
f 602/2137/444 603/2138/445 614/2139/456

vt 0.54182 19.5708
vt -0.874249 21.1121
vt -1.0249 22.4878
f 603/2140/445 611/2141/453 614/2142/456

v 52.7569 34.6089 -25.7417
vt 1.09024 15.2239
vn 0.354 0.928323 -0.113577
vt 0.748887 15.051
vt 0.215327 15.3029
f 616/2143/458 602/2144/444 615/2145/457

vt 1.31305 16.7873
vt 2.50771 16.2454
vt 0.961659 16.6357
f 616/2146/458 601/2147/443 602/2148/444

v 53.4802 34.3689 -24.891
vt 3.08089 13.1704
vn 0.355414 0.92905 -0.102701
vt 2.86067 12.9625
vt 1.74729 13.6562
f 617/2149/459 601/2150/443 616/2151/458

vt 2.72076 12.3213
v 54.0542 34.2606 -24.2648
vt 3.76795 12.1316
vn 0.333558 0.930799 -0.149509
vt 2.52994 12.0861
f 617/2152/459 618/2153/460 601/2154/443

vt -2.78052 6.52519
vt -1.7341 6.71919
v 53.171 34.3925 -24.7674
vt -1.53931 6.47869
vn -0.338062 0.835444 0.433298
f 618/2155/460 617/2156/459 619/2157/461

vt -1.00293 7.65932
vt -1.22728 7.87253
vt 0.101818 8.37044
f 619/2158/461 617/2159/459 616/2160/458

vt -1.57535 11.0735
vt -0.387229 11.6344
v 52.4079 34.6184 -25.7758
vt -0.0328049 11.4776
vn -0.578654 0.625657 0.523176
f 619/2161/461 616/2162/458 620/2163/462

vt -0.283554 9.57645
vt -0.627314 9.75545
vt 0.247347 9.83724
f 620/2164/462 616/2165/458 615/2166/457

v 52.149 34.4464 -26.0716
vt -0.839022 21.2353
vn -0.869062 0.356874 0.342598
vt -1.31671 21.461
vt -0.743155 21.6056
f 621/2167/463 620/2168/462 615/2169/457

v 51.7938 32.369 -24.0954
vt -2.39178 18.9976
vn -0.778454 0.396238 0.486831
vt -1.15756 22.2643
vt -0.677606 22.0435
f 622/2170/464 620/2171/462 621/2172/463

v 53.1766 33.6371 -23.2103
vt -4.16251 20.6735
vn -0.645288 0.53265 0.54762
vt -1.06029 22.1854
vt -2.27983 18.9131
f 623/2173/465 620/2174/462 622/2175/464

vt -3.38448 16.4681
vt -1.96577 17.9096
vt -0.397111 18.1959
f 623/2176/465 619/2177/461 620/2178/462

vt -3.86617 18.19
v 53.8511 34.0478 -23.1978
vt -4.40726 18.9554
vn -0.564323 0.633051 0.529893
vt -2.3686 19.5493
f 623/2179/465 624/2180/466 619/2181/461

v 55.3227 33.646 -20.3301
vt -8.36297 18.1519
vn -0.545238 0.661728 0.514618
vt -4.45744 18.8659
vt -3.92105 18.0972
f 625/2182/467 624/2183/466 623/2184/465

vt -8.13446 14.1774
v 54.7112 33.997 -22.1885
vt -5.90107 15.0015
vn -0.464793 0.74452 0.479225
vt -4.25346 15.0146
f 625/2185/467 626/2186/468 624/2187/466

vt -8.11451 13.9808
v 55.9904 33.9227 -20.7268
vt -8.29812 14.8059
vn -0.391916 0.821938 0.413304
vt -5.88369 14.8119
f 625/2188/467 627/2189/469 626/2190/468

v 57.1199 33.8164 -19.0601
vt -10.8838 14.7029
vn -0.403834 0.777034 0.482842
vt -8.40168 14.8837
vt -8.23395 14.0552
f 628/2191/470 627/2192/469 625/2193/467

vt -10.7389 8.71957
vt -8.30901 9.52084
vt -8.26331 8.97495
f 628/2194/470 597/2195/439 627/2196/469

vt -10.8366 9.89966
v 57.8164 33.8739 -19.1368
vt -11.3416 10.4401
vn -0.288131 0.906872 0.307511
vt -8.38989 10.6479
f 628/2197/470 629/2198/471 597/2199/439

v 57.1432 33.5526 -18.5294
vt -9.56189 12.2251
vn -0.531842 0.663396 0.526356
vt -9.74562 13.1772
vt -9.12678 12.772
f 630/2200/472 629/2201/471 628/2202/470

vt -11.9562 17.1668
v 57.5225 33.7424 -18.3686
vt -12.3499 17.5618
vn -0.516551 0.731698 0.444739
vt -11.7246 18.1084
f 630/2203/472 631/2204/473 629/2205/471

v 57.0045 33.2332 -17.5441
vt -12.7163 17.3073
vn -0.607862 0.599055 0.521188
vt -12.2643 18.4017
vt -11.8332 18.0477
f 632/2206/474 631/2207/473 630/2208/472

vt -11.9499 15.0255
v 58.1282 33.4175 -17.0458
vt -13.3494 15.5844
vn -0.487583 0.664652 0.566128
vt -11.623 16.1636
f 632/2209/474 633/2210/475 631/2211/473

v 57.5832 33.1045 -16.7661
vt -13.1095 15.0866
vn -0.544288 0.569787 0.615706
vt -13.3098 15.804
vt -11.9077 15.2516
f 634/2212/476 633/2213/475 632/2214/474

vt -12.083 14.7678
v 58.0704 32.6968 -15.9539
vt -13.2245 14.1904
vn -0.5201 0.542999 0.659278
vt -12.3429 15.4658
f 634/2215/476 635/2216/477 633/2217/475

vt -12.6872 17.7178
v 56.7762 31.7514 -15.6982
vt -12.9791 15.4969
vn -0.584227 0.470397 0.661367
vt -13.8492 17.1829
f 634/2218/476 636/2219/478 635/2220/477

v 56.5519 32.3781 -16.6488
vt -12.1161 16.6099
vn -0.643816 0.492484 0.585628
vt -13.1868 15.6792
vt -12.8725 17.897
f 637/2221/479 636/2222/478 634/2223/476

vt -12.6614 18.1214
v 56.1509 31.3356 -15.9509
vt -13.025 16.5691
vn -0.663244 0.419874 0.619526
vt -13.7562 17.2192
f 637/2224/479 638/2225/480 636/2226/478

v 55.2676 31.1876 -16.9483
vt -11.5788 16.5192
vn -0.637651 0.442475 0.630569
vt -13.2241 16.7576
vt -12.8477 18.3068
f 639/2227/481 638/2228/480 637/2229/479

vt -11.5337 16.9968
v 54.3999 29.0469 -16.064
vt -11.7501 13.9638
vn -0.658659 0.368528 0.656015
vt -13.1794 17.2326
f 639/2230/481 640/2231/482 638/2232/480

vt -10.599 16.6731
v 54.3992 31.1748 -17.5694
vt -9.29087 16.5141
vn -0.617333 0.418279 0.666291
vt -10.7482 13.6361
f 639/2233/481 641/2234/483 640/2235/482

vt -10.6599 15.9731
v 54.7749 32.4711 -18.4645
vt -8.81875 17.7107
vn -0.605155 0.514956 0.607132
vt -9.35206 15.8119
f 639/2236/481 642/2237/484 641/2238/483

v 56.2277 32.5942 -17.6302
vt -10.6665 17.8245
vn -0.608507 0.525353 0.594747
vt -8.65776 17.3812
vt -10.4887 15.6328
f 643/2239/485 642/2240/484 639/2241/481

vt -10.7793 16.9741
v 56.3038 33.4105 -18.5409
vt -10.0069 18.2345
vn -0.509309 0.614234 0.602761
vt -8.77292 16.5204
f 643/2242/485 644/2243/486 642/2244/484

vt -9.35928 14.7659
vt -9.49404 16.5651
vt -8.68228 16.08
f 643/2245/485 630/2246/472 644/2247/486

vt -11.9419 19.5361
vt -12.2479 17.758
vt -12.8528 18.8302
f 630/2248/472 643/2249/485 632/2250/474

vt -11.8915 17.8983
vt -13.0966 17.5041
vt -12.553 18.9365
f 643/2251/485 637/2252/479 632/2253/474

vt -11.9551 18.4818
vt -11.9278 16.283
vt -13.1624 18.0945
f 643/2254/485 639/2255/481 637/2256/479

vt -12.038 17.9053
vt -12.5164 16.4499
vt -13.2417 17.7547
f 632/2257/474 637/2258/479 634/2259/476

vt -9.55368 13.8348
vt -10.3338 14.3693
vt -9.86162 14.8846
f 644/2260/486 630/2261/472 628/2262/470

vt -10.6448 14.4051
vt -10.8254 15.4841
vt -8.16905 14.8636
f 644/2263/486 628/2264/470 625/2265/467

vt -10.8142 17.5873
vt -8.3291 17.9925
vt -9.69062 15.7989
f 644/2266/486 625/2267/467 642/2268/484

vt -8.1791 17.5795
v 54.6737 33.2644 -20.2394
vt -7.74286 16.8199
vn -0.61904 0.568855 0.541474
vt -9.50346 15.3632
f 625/2269/467 645/2270/487 642/2271/484

vt -8.36578 17.441
vt -3.92387 17.3848
vt -7.94656 16.6719
f 625/2272/467 623/2273/465 645/2274/487

vt -8.04585 18.3897
vt -4.01599 19.0608
v 53.8491 32.5021 -20.0404
vt -7.61387 17.1037
vn -0.682912 0.494866 0.537344
f 645/2275/487 623/2276/465 646/2277/488

vt -7.89508 18.4382
vt -4.25964 20.3246
v 52.6718 32.7022 -22.733
vt -4.37099 18.92
vn -0.721122 0.444952 0.531038
f 646/2278/488 623/2279/465 647/2280/489

vt -4.32181 20.3533
vt -2.45442 18.5767
vt -4.43874 18.9491
f 623/2281/465 622/2282/464 647/2283/489

vt -4.52934 15.199
vt -4.42851 19.06
vt -2.44397 18.6888
f 406/2284/248 647/2285/489 622/2286/464

vt -4.43406 15.1763
v 52.3862 30.9435 -20.6784
vt -6.18508 16.3536
vn -0.723019 0.443325 0.529817
vt -4.34954 19.0376
f 406/2287/248 648/2288/490 647/2289/489

vt -5.35263 13.7333
vt -6.24472 16.2121
vt -4.49719 15.0296
f 407/2290/249 648/2291/490 406/2292/248

v 51.4261 29.117 -19.5187
vt -6.82145 13.3834
vn -0.727724 0.384852 0.567721
vt -6.33965 16.1809
vt -5.46059 13.6975
f 649/2293/491 648/2294/490 407/2295/249

vt -6.55526 13.2245
v 52.5933 29.7989 -18.4761
vt -8.43908 14.1934
vn -0.711917 0.401362 0.576266
vt -6.10961 16.028
f 649/2296/491 650/2297/492 648/2298/490

v 52.152 28.4407 -18.1272
vt -8.01287 13.5236
vn -0.698397 0.32977 0.635212
vt -7.98595 15.3482
vt -6.09024 14.4028
f 651/2299/493 650/2300/492 649/2301/491

vt -7.7191 13.5027
vt -11.4595 14.4789
v 53.3289 30.7449 -18.2547
vt -8.46441 16.632
vn -0.685915 0.400441 0.607592
vt -7.69625 15.3274
f 651/2302/493 640/2303/482 652/2304/494 650/2305/492 

vt -11.4343 14.5815
vt -7.69371 13.6058
v 53.6804 26.5976 -15.4591
vt -11.5173 11.3235
vn -0.670801 0.320996 0.668571
f 640/2306/482 651/2307/493 653/2308/495

v 52.2173 26.9134 -17.2505
vt -8.69804 11.7408
vn -0.70886 0.32363 0.626722
vt -11.5815 11.4365
vt -7.7575 13.7181
f 654/2309/496 653/2310/495 651/2311/493

vt -8.70065 11.7657
v 52.4937 24.793 -15.8482
vt -10.3315 9.03892
vn -0.683162 0.291359 0.669626
vt -11.5841 11.4614
f 654/2312/496 655/2313/497 653/2314/495

vt -8.7394 11.7889
v 50.7473 24.3374 -17.602
vt -7.32589 8.35753
vn -0.730317 0.275087 0.625271
vt -10.3703 9.06214
f 654/2315/496 656/2316/498 655/2317/497

v 50.9412 25.8583 -18.235
vt -6.98406 10.2912
vn -0.717869 0.361366 0.595046
vt -7.48493 8.2925
vt -8.89803 11.724
f 657/2318/499 656/2319/498 654/2320/496

vt -7.13334 10.3305
v 50.0837 24.7725 -18.7669
vt -5.98498 8.89464
vn -0.770214 0.262841 0.581107
vt -7.63459 8.3318
f 657/2321/499 658/2322/500 656/2323/498

v 50.0575 25.9271 -19.8204
vt -5.24817 10.2231
vn -0.744473 0.382523 0.547208
vt -6.31774 8.62737
vt -7.46327 10.0655
f 659/2324/501 658/2325/500 657/2326/499

vt -5.28441 10.2524
v 49.7003 25.1345 -19.763
vt -5.08626 9.18815
vn -0.791199 0.309305 0.527574
vt -6.35465 8.65715
f 659/2327/501 660/2328/502 658/2329/500

vt -3.73271 10.4231
vt -5.56659 9.12453
vt -5.7577 10.1901
f 413/2330/255 660/2331/502 659/2332/501

vt -4.09888 10.9471
v 49.3818 24.2961 -20.292
vt -5.1635 8.67961
vn -0.826413 0.253869 0.502586
vt -5.93321 9.64917
f 413/2333/255 661/2334/503 660/2335/502

vt -4.06448 10.9362
v 49.1969 24.817 -21.5295
vt -3.75609 9.50948
vn -0.879049 0.279477 0.386219
vt -5.13039 8.66933
f 413/2336/255 662/2337/504 661/2338/503

vt -4.19259 9.40274
vt -4.50927 10.8276
vt -3.7646 11.0089
f 662/2339/504 413/2340/255 414/2341/256

vt -4.59751 9.45948
vt -4.18113 11.0687
vt -3.37113 10.3336
f 662/2342/504 414/2343/256 424/2344/266

vt -4.43471 10.7966
vt -3.20335 11.5168
vt -3.62398 10.0624
f 414/2345/256 417/2346/259 424/2347/266

vt -4.01055 10.8728
vt -2.99562 10.9017
vt -4.21822 10.1667
f 415/2348/257 417/2349/259 414/2350/256

vt -4.04639 11.7364
vt -3.73374 12.1752
vt -3.03149 11.7662
f 415/2351/257 416/2352/258 417/2353/259

vt -3.29488 10.2518
vt -3.08356 7.98121
vt -4.5225 9.37934
f 424/2354/266 423/2355/265 662/2356/504

vt -4.54327 9.35891
vt -3.10408 7.96104
v 48.8161 23.1305 -21.9354
vt -3.8009 7.34491
vn -0.880939 0.278391 0.382681
f 662/2357/504 423/2358/265 663/2359/505

vt -3.85484 7.39764
vt -3.15843 8.01424
v 48.56 21.902 -21.8956
vt -3.67344 5.85851
vn -0.877643 0.262985 0.400727
f 663/2360/505 423/2361/265 664/2362/506

vt -3.10262 8.00547
vt -2.75911 5.87222
vt -3.61958 5.85021
f 423/2363/265 425/2364/267 664/2365/506

vt -3.62349 5.97704
vt -2.76302 5.99915
v 48.3666 20.5505 -21.7373
vt -3.57909 4.27938
vn -0.857592 0.269361 0.438157
f 664/2366/506 425/2367/267 665/2368/507

vt -3.15855 4.13098
vt -2.32538 5.84254
v 48.1605 20.0781 -22.3653
vt -2.36331 3.6535
vn -0.913068 0.29414 0.282468
f 665/2369/507 425/2370/267 666/2371/508

vt -3.34526 5.82259
vt -2.98911 5.42341
vt -3.35906 3.63326
f 425/2372/267 426/2373/268 666/2374/508

vt -3.11346 3.5891
vt -2.74045 5.37861
v 48.0854 19.3616 -22.7992
vt -2.55006 2.82306
vn -0.952192 0.272101 -0.13889
f 666/2375/508 426/2376/268 667/2377/509

vt -3.30098 5.35821
vt -2.98154 4.84186
vt -3.12928 2.80134
f 426/2378/268 476/2379/318 667/2380/509

vt -3.35375 5.32608
vt -3.0791 5.48286
vt -3.03752 4.80775
f 426/2381/268 427/2382/269 476/2383/318

vt -3.22302 2.82578
vt -3.06479 4.86551
vt -3.04765 3.62362
f 667/2384/509 476/2385/318 477/2386/319

vt -3.10925 2.76431
vt -2.94174 3.56384
vt -2.8883 2.34922
f 667/2387/509 477/2388/319 478/2389/320

vt -3.03691 1.31585
vt -3.07415 2.77952
vt -2.8523 2.36492
f 479/2390/321 667/2391/509 478/2392/320

vt -3.20213 3.52444
vt -2.63944 2.75789
vt -2.58344 1.29481
f 666/2393/508 667/2394/509 479/2395/321

vt -1.91827 0.338444
vt -2.36545 3.7627
vt -1.75697 1.53026
f 480/2396/322 666/2397/508 479/2398/321

vt -2.28689 3.77612
vt -1.84572 0.351082
vt -3.08157 4.25453
f 666/2399/508 480/2400/322 665/2401/507

vt -2.74284 4.37434
vt -1.54253 0.459815
v 48.8783 21.2801 -20.5755
vt -4.27798 5.13469
vn -0.805231 0.228482 0.547173
f 665/2402/507 480/2403/322 668/2404/510

vt -3.63355 5.52488
vt -1.02139 0.780011
v 49.1081 19.6642 -20.0886
vt -4.32203 3.54959
vn -0.772116 0.184615 0.608074
f 668/2405/510 480/2406/322 669/2407/511

v 49.2944 18.6468 -19.8123
vt -4.67788 2.42304
vn -0.758184 0.108319 0.64298
vt -4.23498 3.65285
vt -0.948214 0.866823
f 670/2408/512 669/2409/511 480/2410/322

v 49.9576 20.1882 -18.595
vt -6.5164 4.21711
vn -0.783355 0.149783 0.603258
vt -4.42715 3.65096
vt -4.85475 2.41575
f 671/2411/513 669/2412/511 670/2413/512

vt -6.57674 4.02424
v 50.3586 22.6633 -18.1852
vt -7.24504 7.02061
vn -0.778253 0.207939 0.592523
vt -4.48548 3.46557
f 671/2414/513 672/2415/514 669/2416/511

v 50.8827 21.9556 -16.9065
vt -9.0852 5.95687
vn -0.778096 0.205218 0.593677
vt -7.43622 6.92709
vt -6.7419 3.93665
f 673/2417/515 672/2418/514 671/2419/513

v 51.3231 22.2361 -16.2348
vt -9.85274 6.04112
vn -0.72305 0.223121 0.65377
vt -7.21411 6.67973
vt -8.86986 5.7211
f 674/2420/516 672/2421/514 673/2422/515

vt -9.9661 6.36906
vt -8.17842 9.01535
vt -7.32995 7.01787
f 674/2423/516 656/2424/498 672/2425/514

vt -10.2875 9.40522
vt -7.24345 8.69915
vt -9.09401 6.09645
f 655/2426/497 656/2427/498 674/2428/516

v 52.8684 23.2173 -15.061
vt -11.1013 7.62805
vn -0.692982 0.245115 0.678008
vt -9.96838 9.54585
vt -8.78777 6.23245
f 675/2429/517 655/2430/497 674/2431/516

v 53.1023 24.1749 -15.0675
vt -11.4049 8.89765
vn -0.684113 0.281578 0.672832
vt -10.1431 9.60812
vt -11.2711 7.68739
f 676/2432/518 655/2433/497 675/2434/517

vt -11.1747 8.5545
vt -11.1611 11.6857
vt -9.91119 9.26183
f 676/2435/518 653/2436/495 655/2437/497

vt -11.4077 8.54098
v 54.8752 23.8039 -13.1224
vt -14.6969 8.23835
vn -0.646582 0.267336 0.714467
vt -11.3981 11.6722
f 676/2438/518 677/2439/519 653/2440/495

vt -11.4152 8.61734
v 54.037 22.4646 -13.4767
vt -13.7527 6.54389
vn -0.691613 0.240143 0.681178
vt -14.7044 8.31454
f 676/2441/518 678/2442/520 677/2443/519

vt -11.5175 7.61443
vt -13.9877 6.74362
vt -11.6564 8.8241
f 675/2444/517 678/2445/520 676/2446/518

v 52.7669 21.5677 -14.9437
vt -11.7416 5.83386
vn -0.700422 0.195593 0.686406
vt -14.1075 6.9814
vt -11.64 7.85965
f 679/2447/521 678/2448/520 675/2449/517

vt -11.7919 5.7303
v 53.5054 20.8737 -13.8411
vt -13.4545 4.89429
vn -0.703694 0.15887 0.692514
vt -14.1596 6.87405
f 679/2450/521 680/2451/522 678/2452/520

vt -12.0497 5.95689
v 52.738 19.785 -15.1186
vt -11.9054 3.82338
vn -0.726666 0.108413 0.678383
vt -13.7023 5.1011
f 679/2453/521 681/2454/523 680/2455/522

vt -10.3301 4.74484
vt -10.3039 6.88306
v 51.776 20.2219 -15.7056
vt -8.91515 5.08899
vn -0.697388 0.11161 0.70795
f 681/2456/523 679/2457/521 682/2458/524

vt -9.59309 4.42276
vt -11.0236 6.18377
vt -8.57235 6.80285
f 682/2459/524 679/2460/521 674/2461/516

vt -10.9764 6.04076
vt -10.831 8.06388
vt -8.52442 6.65677
f 679/2462/521 675/2463/517 674/2464/516

vt -10.3736 4.36619
vt -9.42941 6.77767
v 51.1416 20.3626 -16.552
vt -9.05954 4.52332
vn -0.769422 0.12599 0.626192
f 682/2465/524 674/2466/516 683/2467/525

vt -9.62011 6.66613
vt -8.63994 6.33791
vt -9.22894 4.41539
f 674/2468/516 673/2469/515 683/2470/525

vt -9.3918 4.35708
vt -8.82224 6.28545
vt -6.50804 4.23196
f 683/2471/525 673/2472/515 671/2473/513

vt -9.37924 4.55503
vt -6.4956 4.42714
v 50.6439 19.6056 -17.5847
vt -8.01017 3.69653
vn -0.782957 0.0816473 0.616695
f 683/2474/525 671/2475/513 684/2476/526

vt -8.06949 3.7264
vt -6.55925 4.46591
v 50.4346 18.5303 -18.3378
vt -7.18904 2.49044
vn -0.764132 0.0108303 0.644969
f 684/2477/526 671/2478/513 685/2479/527

vt -6.85269 2.65136
vt -6.15454 4.60371
vt -4.54006 2.75996
f 685/2480/527 671/2481/513 670/2482/512

vt -4.82049 2.24259
vt -6.87041 2.90447
vt -4.55798 3.01724
f 481/2483/323 685/2484/527 670/2485/512

vt -4.6505 2.68794
v 50.746 18.0107 -18.3242
vt -6.98605 2.79737
vn -0.729295 -0.18767 0.657957
vt -6.6844 3.39751
f 481/2486/323 686/2487/528 685/2488/527

vt -4.60387 3.17909
vt -5.16961 2.67713
vt -6.93846 3.30724
f 481/2489/323 486/2490/328 686/2491/528

vt -5.15522 2.6857
vt -4.58796 3.18594
vt -3.71679 2.34147
f 486/2492/328 481/2493/323 483/2494/325

vt -3.79079 4.03699
vt -1.59319 2.71189
vt -3.04991 3.07618
f 481/2495/323 482/2496/324 483/2497/325

vt -4.11096 4.40405
vt -2.78563 3.74748
vt -3.4007 3.84145
f 486/2498/328 483/2499/325 484/2500/326

vt -3.43186 4.96752
vt -2.80225 4.31593
vt -3.70748 4.74223
f 486/2501/328 484/2502/326 485/2503/327

vt -6.8446 3.52085
vt -5.08709 2.85975
v 51.5191 17.6622 -17.8725
vt -7.93593 3.14679
vn -0.646829 -0.482274 0.590783
f 686/2504/528 486/2505/328 687/2506/529

vt -7.28323 4.79791
vt -4.50122 4.12067
vt -6.39481 4.05156
f 687/2507/529 486/2508/328 487/2509/329

vt -7.95827 3.58327
vt -6.96618 2.98152
v 52.0518 17.4 -17.8468
vt -8.45389 3.20363
vn -0.440099 -0.80531 0.397225
f 687/2510/529 487/2511/329 688/2512/530

vt 6.49538 6.30374
vt 5.6699 5.04628
vt 6.09265 6.1974
f 688/2513/530 487/2514/329 488/2515/330

vt -2.40776 8.71326
vt -2.50693 8.3087
vt -3.67976 10.1347
f 688/2516/530 488/2517/330 489/2518/331

v 52.5923 17.6879 -16.5596
vt -9.43767 5.08099
vn -0.63024 -0.491638 0.600907
vt -7.92057 4.34401
vt -9.82628 4.42536
f 689/2519/531 688/2520/530 489/2521/331

vt -7.8446 3.80245
vt -8.35098 3.4373
vt -9.93656 4.01236
f 687/2522/529 688/2523/530 689/2524/531

v 52.0094 18.359 -16.3729
vt -9.76284 4.00031
vn -0.729563 -0.188429 0.657444
vt -8.02517 3.05493
vt -10.1243 3.1738
f 690/2525/532 687/2526/529 689/2527/531

vt -6.9216 3.48758
vt -8.00721 3.09721
vt -9.74113 4.04943
f 686/2528/528 687/2529/529 690/2530/532

vt -6.85682 3.27558
vt -7.14366 2.66822
vt -9.98422 3.11165
f 685/2531/527 686/2532/528 690/2533/532

v 51.6104 19.0675 -16.3216
vt -9.68525 3.98429
vn -0.753448 0.0123662 0.657392
vt -6.86208 3.3192
vt -9.98935 3.15274
f 691/2534/533 685/2535/527 690/2536/532

vt -7.0372 2.69315
vt -9.8758 3.28896
vt -7.89499 3.94495
f 685/2537/527 691/2538/533 684/2539/526

vt -9.86047 3.27532
vt -9.23672 4.80372
vt -7.87858 3.92803
f 691/2540/533 683/2541/525 684/2542/526

vt -10.4422 4.70086
vt -9.12893 4.86429
vt -9.76702 3.34182
f 682/2543/524 683/2544/525 691/2545/533

vt -9.70964 5.48115
vt -9.11326 4.08573
v 52.5242 18.5113 -15.6641
vt -10.5336 3.53049
vn -0.673768 -0.130398 0.727346
f 682/2546/524 691/2547/533 692/2548/534

vt -9.44106 4.24612
vt -9.77154 3.4247
vt -10.8424 3.6445
f 691/2549/533 690/2550/532 692/2551/534

vt -9.45607 4.45005
vt -9.85933 3.64312
vt -10.5156 4.71916
f 690/2552/532 689/2553/531 692/2554/534

vt -10.4862 4.76995
vt -9.83454 3.69108
v 53.2471 17.7043 -15.8739
vt -11.0077 3.80253
vn -0.638255 -0.472854 0.607486
f 692/2555/534 689/2556/531 693/2557/535

vt -9.17864 5.51084
vt -9.59755 4.87414
vt -10.3302 5.76108
f 689/2558/531 489/2559/331 693/2560/535

vt -11.0632 4.23021
vt -10.214 3.45417
v 53.6651 17.3449 -16.2474
vt -11.1309 3.66224
vn -0.396293 -0.8652 0.307214
f 693/2561/535 489/2562/331 694/2563/536

vt 10.0294 3.99323
vt 10.5842 4.96793
vt 10.8577 4.43801
f 489/2564/331 490/2565/332 694/2566/536

vt 8.13261 -8.12014
vt 8.51422 -7.66193
v 54.2632 17.1989 -15.9735
vt 8.90697 -8.3205
vn -0.276726 -0.948568 0.15376
f 694/2567/536 490/2568/332 695/2569/537

vt 12.0533 -2.46947
vt 11.3857 -2.09218
v 54.6888 17.1734 -15.3796
vt 12.9532 -2.55297
vn -0.214794 -0.968752 0.124027
f 695/2570/537 490/2571/332 696/2572/538

vt 12.9896 -2.37376
vt 11.4167 -1.93174
vt 15.0498 -1.74476
f 696/2573/538 490/2574/332 491/2575/333

vt 12.9148 -2.62702
vt 14.9894 -2.04694
v 55.7727 17.0884 -14.2687
vt 14.8466 -2.62719
vn -0.197445 -0.975056 0.1014
f 696/2576/538 491/2577/333 697/2578/539

vt 14.7241 -3.11719
vt 14.8863 -2.54206
v 56.5825 17.008 -13.3403
vt 16.2535 -3.23159
vn -0.274453 -0.9531 0.127578
f 697/2579/539 491/2580/333 698/2581/540

vt 16.359 -2.73238
vt 14.9733 -2.08103
vt 17.1383 -2.14722
f 698/2582/540 491/2583/333 492/2584/334

vt 15.3539 -5.15772
vt 16.2261 -4.72301
v 56.9747 16.9025 -12.9072
vt 16.0698 -5.33597
vn -0.321196 -0.936753 0.139023
f 698/2585/540 492/2586/334 699/2587/541

vt 16.9354 -3.11232
vt 17.006 -2.48372
v 57.4875 16.8442 -12.4048
vt 17.8296 -3.14286
vn -0.447242 -0.858992 0.249213
f 699/2588/541 492/2589/334 700/2590/542

vt 16.2935 -7.29482
vt 15.6336 -6.47187
v 58.1371 16.6649 -11.6712
vt 17.4652 -7.69437
vn -0.202682 -0.978767 -0.0305709
f 700/2591/542 492/2592/334 701/2593/543

vt 18.5802 -4.78208
vt 16.6004 -3.81782
vt 20.607 -4.96973
f 701/2594/543 492/2595/334 493/2596/335

vt 18.6685 -4.18013
vt 20.6975 -4.34212
v 58.9675 16.4765 -10.7422
vt 20.2117 -4.44662
vn -0.241223 -0.969242 0.0488047
f 701/2597/543 493/2598/335 702/2599/544

vt 20.6883 -3.27845
vt 21.1634 -3.13311
v 59.3008 16.4381 -10.2634
vt 21.4033 -3.38348
vn -0.508886 -0.787769 0.347066
f 702/2600/544 493/2601/335 703/2602/545

vt 20.7018 -6.04396
vt 20.4939 -5.76648
vt 22.027 -6.24594
f 703/2603/545 493/2604/335 502/2605/344

v 59.8574 16.4547 -9.52421
vt -22.8027 1.7461
vn -0.619288 0.00733976 0.78513
vt -21.6594 1.69267
vt -22.9931 1.55671
f 704/2606/546 703/2607/545 502/2608/344

vt -22.8332 1.15247
v 58.5233 16.6268 -11.0978
vt -20.2669 1.3123
vn -0.7062 -0.463282 0.535398
vt -21.6893 1.11288
f 704/2609/546 705/2610/547 703/2611/545

v 56.6392 17.3534 -12.511
vt -17.4362 2.0536
vn -0.698408 -0.385424 0.603055
vt -20.3073 1.12211
vt -22.8699 0.910503
f 706/2612/548 705/2613/547 704/2614/546

vt -17.494 -0.767381
vt -18.1667 -1.60297
vt -20.1865 -2.13189
f 706/2615/548 700/2616/542 705/2617/547

vt -17.1779 3.48009
vt -17.1376 2.86091
vt -18.0318 2.83083
f 706/2618/548 699/2619/541 700/2620/542

vt -17.5373 0.661179
vt -16.6811 0.232408
vt -17.3976 0.0565954
f 706/2621/548 698/2622/540 699/2623/541

v 55.5461 17.2973 -13.9112
vt -14.8883 3.78555
vn -0.5969 -0.610624 0.520432
vt -16.3159 3.4562
vt -17.0732 4.04215
f 707/2624/549 698/2625/540 706/2626/548

vt -15.3091 1.40378
vt -15.1436 1.0337
vt -16.6665 0.852598
f 707/2627/549 697/2628/539 698/2629/540

vt -14.958 3.58167
vt -12.9155 3.19196
vt -14.8473 3.19167
f 707/2630/549 696/2631/538 697/2632/539

v 53.6134 17.5874 -15.6112
vt -11.8997 3.31301
vn -0.638819 -0.539351 0.548644
vt -13.0346 2.66412
vt -15.0912 2.97072
f 708/2633/550 696/2634/538 707/2635/549

vt -12.2916 1.0074
vt -12.3901 0.283501
vt -13.285 0.157655
f 708/2636/550 695/2637/537 696/2638/538

vt -11.4203 4.70144
vt -10.9499 4.19932
vt -11.7341 4.04166
f 708/2639/550 694/2640/536 695/2641/537

vt -11.7571 1.44486
vt -11.6861 0.877302
vt -12.2815 1.22228
f 693/2642/535 694/2643/536 708/2644/550

v 53.1564 17.9669 -15.6846
vt -11.1868 3.80955
vn -0.704857 -0.204403 0.679262
vt -11.1176 3.48307
vt -11.677 3.3753
f 709/2645/551 693/2646/535 708/2647/550

vt -10.0011 5.32895
vt -10.5832 4.39675
vt -10.6259 4.72776
f 692/2648/534 693/2649/535 709/2650/551

v 52.8727 18.9932 -15.2575
vt -8.95539 6.39176
vn -0.733908 -0.0152079 0.679078
vt -8.42187 5.6947
vt -9.12575 5.1884
f 710/2651/552 692/2652/534 709/2653/551

vt -10.0381 3.74888
vt -10.6439 4.38418
vt -10.5539 5.30828
vt -9.14285 5.66786
f 692/2654/534 710/2655/552 681/2656/523 682/2657/524 

vt -12.031 3.95229
vt -12.0072 3.02413
v 53.2624 19.3751 -14.3988
vt -13.1343 3.43501
vn -0.735579 0.0180795 0.677197
f 681/2658/523 710/2659/552 711/2660/553

vt -13.0319 3.76188
vt -11.9112 3.33383
v 53.3004 18.1834 -15.1137
vt -12.3993 2.37817
vn -0.758714 -0.164734 0.630251
f 711/2661/553 710/2662/552 712/2663/554

vt -12.2092 2.50155
vt -11.9473 1.31474
vt -12.627 1.51311
f 710/2664/552 709/2665/551 712/2666/554

vt -12.3838 2.84347
vt -11.7277 2.57755
vt -12.1619 2.08737
f 712/2667/554 709/2668/551 708/2669/550

vt -11.8105 4.39849
vt -11.6855 3.62046
v 55.5625 17.7325 -13.2667
vt -15.444 4.05574
vn -0.701 -0.214492 0.680141
f 712/2670/554 708/2671/550 713/2672/555

vt -11.6762 3.66334
vt -14.8819 3.50296
vt -15.4339 4.10563
f 708/2673/550 707/2674/549 713/2675/555

vt -15.6377 3.41871
vt -15.0613 2.83929
vt -17.2553 2.99968
f 713/2676/555 707/2677/549 706/2678/548

v 56.5539 17.9085 -12.1658
vt -17.1279 4.05881
vn -0.699664 -0.0275115 0.713942
vt -15.3097 3.71431
vt -16.9481 3.38582
f 714/2679/556 713/2680/555 706/2681/548

v 55.0158 18.5428 -13.1928
vt -14.8398 4.57899
vn -0.688311 -0.0192948 0.725159
vt -15.3225 3.65317
vt -17.1413 3.99477
f 715/2682/557 713/2683/555 714/2684/556

vt -12.3919 5.11807
vt -15.4972 3.33765
vt -15.0365 4.27456
f 711/2685/553 713/2686/555 715/2687/557

vt -12.1196 5.23844
vt -11.633 3.79691
vt -15.2741 3.54663
f 711/2688/553 712/2689/554 713/2690/555

vt -11.9618 4.78942
vt -14.6371 4.04889
v 54.7279 19.6804 -13.048
vt -14.4004 5.36589
vn -0.662924 0.0899375 0.743265
f 711/2691/553 715/2692/557 716/2693/558

vt -14.4734 4.18539
v 56.3282 18.7595 -12.0849
vt -16.572 4.65391
vn -0.653642 0.100362 0.75012
vt -14.2223 5.49973
f 715/2694/557 717/2695/559 716/2696/558

vt -14.4926 4.10404
vt -16.8105 3.58887
vt -16.5918 4.57001
f 715/2697/557 714/2698/556 717/2699/559

vt -17.0917 3.2976
v 57.4147 18.1041 -11.316
vt -18.5745 3.64168
vn -0.663563 0.131349 0.736499
vt -16.8925 4.28289
f 714/2700/556 718/2701/560 717/2702/559

vt -17.1303 3.1209
vt -22.4596 1.79987
vt -18.614 3.46065
f 714/2703/556 704/2704/546 718/2705/560

vt -17.4417 3.27486
vt -17.2333 2.61016
vt -22.722 1.76996
f 714/2706/556 706/2707/548 704/2708/546

vt -18.2005 3.01454
vt -22.0795 1.43351
v 58.1379 18.2368 -10.7964
vt -19.28 3.29445
vn -0.622325 0.203039 0.755968
f 718/2709/560 704/2710/546 719/2711/561

v 59.4252 18.5915 -10.0997
vt -20.5971 3.58598
vn -0.520735 0.25205 0.815663
vt -18.8761 2.90118
vt -21.6927 1.06627
f 720/2712/562 719/2713/561 704/2714/546

vt -20.5151 3.80716
v 56.9933 19.7887 -11.6115
vt -16.9015 4.77238
vn -0.612859 0.190027 0.767003
vt -18.7951 3.11999
f 720/2715/562 721/2716/563 719/2717/561

v 58.5274 21.1827 -10.8028
vt -18.8772 6.91255
vn -0.555839 0.233081 0.797945
vt -16.9525 4.92776
vt -20.5651 3.95894
f 722/2718/564 721/2719/563 720/2720/562

vt -18.9168 6.86437
v 56.5977 21.3558 -11.9668
vt -16.165 6.69888
vn -0.600979 0.186181 0.777278
vt -16.9905 4.88112
f 722/2721/564 723/2722/565 721/2723/563

v 58.3421 22.0603 -11.0271
vt -18.4852 7.65635
vn -0.554959 0.202103 0.806954
vt -16.1809 6.46049
vt -18.9328 6.62519
f 724/2724/566 723/2725/565 722/2726/564

v 57.3718 22.0675 -11.465
vt -16.1335 9.51622
vn -0.587308 0.166839 0.791981
vt -15.1228 8.47994
vt -17.3929 9.73966
f 725/2727/567 723/2728/565 724/2729/566

v 55.9636 24.2766 -12.3733
vt -15.0935 10.3651
vn -0.614914 0.270547 0.740733
vt -16.321 6.97127
vt -17.3697 7.96903
f 726/2730/568 723/2731/565 725/2732/567

vt -15.2422 10.3465
vt -13.6739 9.5876
vt -16.4568 6.94804
f 726/2733/568 677/2734/519 723/2735/565

v 55.192 26.6313 -14.0951
vt -13.6498 11.7038
vn -0.642141 0.320168 0.696525
vt -14.4314 8.04998
vt -16.0083 8.79092
f 727/2736/569 677/2737/519 726/2738/568

vt -13.7212 11.7187
vt -11.202 11.4967
vt -14.5027 8.06483
f 727/2739/569 653/2740/495 677/2741/519

vt -13.7309 11.6074
v 56.5916 28.202 -13.5799
vt -15.2952 13.7962
vn -0.630415 0.32978 0.702724
vt -11.2117 11.3855
f 727/2742/569 728/2743/570 653/2744/495

v 56.663 26.5583 -13.0248
vt -15.3902 12.18
vn -0.600466 0.320281 0.732708
vt -14.7114 14.2195
vt -13.1501 12.0286
f 729/2745/571 728/2746/570 727/2747/569

vt -15.3429 12.1697
v 57.7505 27.6931 -12.6149
vt -16.5716 13.7689
vn -0.587918 0.281739 0.758272
vt -14.6635 14.209
f 729/2748/571 730/2749/572 728/2750/570

vt -14.5994 12.7748
v 58.5499 26.3519 -11.9827
vt -17.2197 12.9141
vn -0.532502 0.314174 0.785962
vt -15.8169 14.3826
f 729/2751/571 731/2752/573 730/2753/572

vt -17.3455 10.4913
vt -14.7253 10.3512
v 57.6624 25.5943 -11.9294
vt -16.6305 9.28077
vn -0.557466 0.351249 0.752234
f 731/2754/573 729/2755/571 732/2756/574

vt -15.2068 11.4212
vt -15.3157 8.35298
vt -17.1184 10.3622
f 729/2757/571 726/2758/568 732/2759/574

vt -15.4391 11.4543
vt -13.199 11.3029
vt -15.5528 8.38619
f 729/2760/571 727/2761/569 726/2762/568

vt -16.6607 10.7623
vt -14.855 8.75581
v 57.3259 24.3494 -11.6688
vt -16.6845 9.12751
vn -0.55253 0.252503 0.794326
f 732/2763/574 726/2764/568 733/2765/575

vt -16.3883 10.4987
vt -14.5597 10.1225
vt -16.862 7.75148
f 733/2766/575 726/2767/568 725/2768/567

vt -17.7423 8.00861
vt -15.9904 10.5402
vt -16.4811 7.79596
f 724/2769/566 733/2770/575 725/2771/567

vt -15.1829 10.1861
vt -16.9581 7.6708
v 59.3647 22.3078 -10.7342
vt -18.1317 8.23389
vn -0.447848 0.236583 0.862242
f 733/2772/575 724/2773/566 734/2774/576

vt -18.286 7.9102
vt -17.1117 7.34845
vt -17.5739 6.32375
f 734/2775/576 724/2776/566 722/2777/564

vt -17.8743 8.13415
vt -17.1665 6.54574
v 59.3946 20.7708 -10.4948
vt -18.2945 6.27551
vn -0.455695 0.253073 0.853403
f 734/2778/576 722/2779/564 735/2780/577

vt -18.2396 6.0615
vt -17.1115 6.33134
vt -18.8601 3.41326
f 735/2781/577 722/2782/564 720/2783/562

vt -17.4759 3.18985
v 60.0875 20.7492 -10.4087
vt -17.5964 6.01816
vn -0.291311 0.269595 0.917854
vt -16.8407 5.83462
f 720/2784/562 736/2785/578 735/2786/577

vt -18.2159 3.12222
v 60.1608 18.1214 -9.86612
vt -19.176 2.75807
vn 0.00150334 0.283865 0.958863
vt -18.3421 5.95029
f 720/2787/562 737/2788/579 736/2789/578

vt -18.8944 2.01753
vt -17.9343 2.3816
v 60.0506 16.742 -9.5
vt -19.2289 0.274285
vn -0.265453 0.23618 0.934748
f 737/2790/579 720/2791/562 738/2792/580

vt -19.7737 3.42353
vt -20.8924 0.914007
vt -21.0599 1.31101
f 720/2793/562 704/2794/546 738/2795/580

vt -11.4909 6.03268
vt -11.7773 6.43662
vt -11.6095 6.44693
f 704/2796/546 503/2797/345 738/2798/580

vt -16.9954 1.23025
vt -17.2394 1.11824
vt -17.3043 1.61715
f 704/2799/546 502/2800/344 503/2801/345

vt -11.127 -1.44172
vt -11.2948 -1.45162
v 60.32 17.5165 -9.77383
vt -11.1653 -0.373357
vn 0.469614 0.241546 0.849187
f 738/2802/580 503/2803/345 739/2804/581

vt 12.7494 -1.25646
vt 12.7874 -2.34181
v 60.4856 17.8064 -10.1118
vt 12.4891 -0.776911
vn 0.98071 -0.140441 0.13596
f 739/2805/581 503/2806/345 740/2807/582

vt 20.4761 2.68833
vt 21.5307 2.11856
vt 21.9124 0.571885
f 504/2808/346 740/2809/582 503/2810/345

vt 21.677 2.38144
vt 20.6226 2.95153
vt 20.7477 5.77965
f 740/2811/582 504/2812/346 521/2813/363

vt 20.3995 5.8272
vt 20.279 2.9989
vt 19.6438 5.64366
f 521/2814/363 504/2815/346 520/2816/362

vt 19.2955 5.98006
vt 20.4236 5.71022
vt 21.0441 3.06197
f 505/2817/347 520/2818/362 504/2819/346

v 60.6712 19.3153 -10.3864
vt 14.2838 1.88582
vn 0.915331 -0.102071 0.389551
vt 14.255 -0.0269308
vt 13.4159 3.39469
f 741/2820/583 740/2821/582 521/2822/363

v 60.4848 18.4851 -10.1054
vt 9.68346 0.568888
vn 0.34858 0.167186 0.922248
vt 9.51893 -0.232278
vt 9.60322 1.67883
f 742/2823/584 740/2824/582 741/2825/583

vt -1.05672 2.28618
vt -1.46472 2.08036
vt -1.27644 2.87628
f 737/2826/579 740/2827/582 742/2828/584

vt 3.07808 -6.50938
vt 2.87612 -6.00249
vt 3.27659 -5.78237
f 739/2829/581 740/2830/582 737/2831/579

vt -12.2044 -1.4124
vt -12.2368 -0.343839
vt -11.9192 0.339597
f 738/2832/580 739/2833/581 737/2834/579

vt -8.46609 -0.287242
vt -8.67304 0.307455
vt -7.72629 2.92809
f 737/2835/579 742/2836/584 736/2837/578

vt -13.6802 5.40323
vt -14.6811 2.80279
v 60.4374 20.0824 -10.3572
vt -14.1989 4.72305
vn 0.138114 0.229125 0.963549
f 736/2838/578 742/2839/584 743/2840/585

vt -3.23884 1.82492
vt -3.64441 -0.112963
vt -3.63896 0.999859
f 743/2841/585 742/2842/584 741/2843/583

vt -4.1747 2.30669
vt -4.57916 1.48374
v 60.7741 19.9729 -10.5617
vt -4.523 2.33689
vn 0.720424 0.0573071 0.691162
f 743/2844/585 741/2845/583 744/2846/586

vt 10.4511 1.40291
v 60.966 19.8307 -10.8791
vt 10.0941 2.22744
vn 0.969632 -0.242751 0.0297537
vt 10.4329 2.25771
f 741/2847/583 745/2848/587 744/2849/586

vt 21.5575 5.39224
vt 20.7312 6.92428
vt 21.2288 6.22852
f 741/2850/583 521/2851/363 745/2852/587

vt 18.0264 4.58186
vt 17.5079 5.26217
vt 17.557 7.3605
f 745/2853/587 521/2854/363 522/2855/364

v 60.9945 20.9455 -10.8518
vt 10.5569 4.30402
vn 0.752951 0.00211744 0.658073
vt 10.2876 2.9849
vt 9.89311 5.77517
f 746/2856/588 745/2857/587 522/2858/364

vt 10.3623 3.05746
vt 10.0235 3.02734
vt 10.2944 4.34612
f 744/2859/586 745/2860/587 746/2861/588

vt -4.15376 2.55069
vt -4.50207 2.58086
vt -4.48126 3.87113
f 743/2862/585 744/2863/586 746/2864/588

vt -3.74664 2.6459
vt -4.0766 3.96572
v 60.5928 22.3198 -10.7742
vt -3.36298 5.43767
vn -0.046655 0.218158 0.974798
f 743/2865/585 746/2866/588 747/2867/589

vt -6.42794 7.01398
vt -7.15504 5.54865
v 61.1769 21.9441 -11.0364
vt -7.06729 6.82607
vn 0.555638 0.0826084 0.82731
f 747/2868/589 746/2869/588 748/2870/590

vt 8.01554 6.05565
vt 7.97184 4.77596
v 61.4728 22.3582 -11.4086
vt 7.73766 6.72799
vn 0.883646 -0.0962434 0.458156
f 748/2871/590 746/2872/588 749/2873/591

vt 12.3759 7.02278
v 62.1392 24.3633 -12.1778
vt 12.4445 10.2632
vn 0.962967 -0.189257 0.192034
vt 12.7925 7.50608
vt 13.052 5.55725
f 522/2874/364 750/2875/592 749/2876/591 746/2877/588 

vt 15.4262 7.0556
vt 14.5021 11.0119
vt 15.474 10.2964
f 522/2878/364 524/2879/366 750/2880/592

vt 17.751 7.6561
vt 17.0008 7.94367
vt 16.8152 11.6096
f 522/2881/364 523/2882/365 524/2883/366

vt 15.721 10.6447
vt 14.7487 11.3597
vt 15.399 11.7971
f 750/2884/592 524/2885/366 529/2886/371

vt 17.3106 7.72668
vt 17.1311 8.19227
vt 17.9484 8.18207
f 524/2887/366 525/2888/367 529/2889/371

vt 11.9025 9.42493
vt 11.5927 10.5807
v 62.1922 25.3753 -12.1242
vt 12.1568 10.6231
vn 0.843262 -0.0984263 0.528415
f 750/2890/592 529/2891/371 751/2892/593

vt 11.9966 12.782
vt 11.4326 12.7397
v 62.4638 26.0204 -12.3511
vt 11.8968 13.6833
vn 0.920439 -0.178576 0.34771
f 751/2893/593 529/2894/371 752/2895/594

vt 13.6245 12.8226
vt 13.1589 11.8797
vt 12.8871 13.2427
f 752/2896/594 529/2897/371 530/2898/372

vt 13.4449 12.5009
vt 12.7077 12.9211
v 62.8803 27.506 -12.7523
vt 13.3447 14.4784
vn 0.946754 -0.181308 0.266052
f 752/2899/594 530/2900/372 753/2901/595

vt 15.2131 13.7689
vt 14.585 12.2081
vt 14.3831 14.4404
f 753/2902/595 530/2903/372 531/2904/373

vt 15.7691 14.518
vt 14.9379 15.1879
vt 15.8281 17.5151
f 753/2905/595 531/2906/373 566/2907/408

v 62.672 27.9412 -12.4356
vt 7.40075 14.9883
vn 0.748736 -0.0709396 0.659061
vt 6.9867 14.619
vt 7.0784 17.6153
f 754/2908/596 753/2909/595 566/2910/408

v 62.1015 26.3854 -11.9683
vt 7.25309 13.2146
vn 0.533734 0.0333792 0.844993
vt 6.67389 14.9709
vt 7.08798 15.3401
f 755/2911/597 753/2912/595 754/2913/596

vt 4.09262 12.144
vt 3.58229 11.9234
vt 3.51958 13.9024
f 755/2914/597 752/2915/594 753/2916/595

vt 3.33469 11.8516
vt 3.22925 12.7523
vt 3.73969 12.9727
f 751/2917/593 752/2918/594 755/2919/597

v 61.6397 25.5962 -11.6444
vt 1.52284 12.6968
vn 0.2192 0.166196 0.961421
vt 0.888553 12.7312
vt 1.2923 13.8527
f 756/2920/598 751/2921/593 755/2922/597

vt 1.32199 8.91309
v 61.8914 24.8531 -11.7747
vt 0.899913 8.14585
vn 0.680901 0.0247224 0.731958
vt 0.687719 8.94782
f 756/2923/598 757/2924/599 751/2925/593

v 61.2536 24.7493 -11.3342
vt -2.44311 10.0126
vn 0.188674 0.183634 0.964718
vt -3.0322 10.448
vt -2.59812 11.2085
f 758/2926/600 757/2927/599 756/2928/598

vt -2.83647 9.47138
v 61.6609 23.939 -11.5376
vt -3.43065 8.69932
vn 0.689123 0.00368465 0.724635
vt -3.42517 9.90721
f 758/2929/600 759/2930/601 757/2931/599

vt -3.38233 9.90591
v 61.3165 22.8889 -11.2402
vt -3.91637 7.71624
vn 0.473454 0.0986831 0.875273
vt -3.97752 9.13462
f 758/2932/600 760/2933/602 759/2934/601

vt -4.52495 6.99205
vt -5.06 8.00857
vt -4.52178 10.1972
f 747/2935/589 760/2936/602 758/2937/600

vt -6.17442 6.13523
vt -6.81366 5.94695
vt -6.70556 7.1538
f 747/2938/589 748/2939/590 760/2940/602

vt 5.87982 5.10307
vt 5.60784 5.77782
vt 5.92428 6.31393
f 748/2941/590 749/2942/591 760/2943/602

vt 3.00655 8.05233
vt 2.68527 7.51911
vt 2.9297 9.46995
f 760/2944/602 749/2945/591 759/2946/601

vt 8.59041 6.87425
vt 8.27087 9.63483
vt 8.81099 8.82793
f 749/2947/591 750/2948/592 759/2949/601

vt 8.99037 8.95563
vt 8.44983 9.76225
vt 8.95436 10.163
f 759/2950/601 750/2951/592 757/2952/599

vt 8.64187 10.5596
vt 8.13707 10.1592
vt 8.40445 11.3545
f 757/2953/599 750/2954/592 751/2955/593

v 60.5409 25.602 -11.2609
vt -10.5301 11.0674
vn -0.216531 0.305845 0.927132
vt -11.4594 7.11231
vt -11.4246 10.3173
f 761/2956/603 747/2957/589 758/2958/600

v 59.9357 22.7571 -10.7341
vt -12.9376 7.94886
vn -0.32033 0.221431 0.921063
vt -13.6878 7.66129
vt -12.752 11.6148
f 762/2959/604 747/2960/589 761/2961/603

vt -14.1039 10.7285
vt -13.6189 10.0003
vt -14.8523 10.4362
f 762/2962/604 734/2963/576 747/2964/589

v 59.4494 23.7554 -10.9128
vt -15.8076 9.92422
vn -0.406008 0.259715 0.876188
vt -16.0804 8.14926
vt -16.5801 8.86752
f 763/2965/605 734/2966/576 762/2967/604

v 58.6861 25.0454 -11.3029
vt -16.3205 11.3491
vn -0.500665 0.303743 0.810601
vt -17.7875 8.21118
vt -17.5334 9.98891
f 764/2968/606 734/2969/576 763/2970/605

vt -16.7523 11.4708
vt -15.2606 10.282
vt -18.208 8.32765
f 764/2971/606 733/2972/575 734/2973/576

vt -17.6695 10.2991
vt -16.149 10.7517
vt -16.1725 9.11688
f 764/2974/606 732/2975/574 733/2976/575

vt -16.57 10.8413
vt -15.842 9.63855
vt -17.3618 9.18335
f 731/2977/573 732/2978/574 764/2979/606

vt -17.0359 8.95307
v 59.7191 25.6367 -11.2835
vt -17.9844 9.99227
vn -0.41355 0.366626 0.833404
vt -16.25 10.6138
f 764/2980/606 765/2981/607 731/2982/573

vt -15.2717 10.5194
vt -16.4905 9.16444
vt -16.2284 11.5511
f 764/2983/606 763/2984/605 765/2985/607

vt -15.0299 9.01756
vt -15.6233 11.6293
vt -14.7658 11.404
f 763/2986/605 761/2987/603 765/2988/607

vt -14.6085 9.11525
vt -15.3843 8.06101
vt -15.2015 11.7271
f 763/2989/605 762/2990/604 761/2991/603

vt -15.5615 8.28767
vt -16.4177 8.51784
v 60.5008 25.9576 -11.4436
vt -16.2167 8.97451
vn -0.343579 0.32581 0.880796
f 765/2992/607 761/2993/603 766/2994/608

vt -13.6933 7.19871
vt -13.8762 6.73446
v 61.0577 25.7889 -11.4666
vt -14.2883 7.18936
vn -0.172285 0.252445 0.95215
f 766/2995/608 761/2996/603 767/2997/609

vt -9.15322 11.0616
vt -10.1729 11.5069
vt -9.58287 11.4999
f 761/2998/603 756/2999/598 767/3000/609

vt -9.63412 9.94248
vt -10.5267 9.19005
vt -10.6532 10.3892
f 761/3001/603 758/3002/600 756/3003/598

vt -9.56823 12.7226
vt -10.1582 12.7297
v 61.2964 26.8524 -11.61
vt -9.51666 14.0856
vn -0.0609119 0.222724 0.972977
f 767/3004/609 756/3005/598 768/3006/610

vt -6.67999 11.0739
vt -6.90714 12.2305
vt -6.03955 12.4304
f 756/3007/598 755/3008/597 768/3009/610

vt -6.24959 13.3574
vt -7.11723 13.1577
v 62.2527 27.8048 -12.1327
vt -6.88798 14.914
vn 0.160036 0.170699 0.97224
f 768/3010/610 755/3011/597 769/3012/611

vt -1.91648 14.2505
vt -2.13886 12.4932
vt -2.28955 14.6199
f 769/3013/611 755/3014/597 754/3015/596

vt -1.17248 15.0088
vt -1.54573 15.378
v 63.3678 30.4084 -12.9167
vt -1.5452 18.6194
vn 0.613768 -0.0431541 0.788306
f 769/3016/611 754/3017/596 770/3018/612

vt 10.3447 15.362
vt 10.0196 17.9886
vt 10.3496 18.6033
f 754/3019/596 566/3020/408 770/3021/612

vt 8.68985 18.7007
vt 8.77148 21.3302
vt 9.01899 19.3158
f 566/3022/408 567/3023/409 770/3024/612

vt 11.8586 19.5661
vt 11.6251 21.5821
v 63.798 31.6685 -13.1374
vt 11.8722 21.243
vn 0.676736 -0.118725 0.72659
f 770/3025/612 567/3026/409 771/3027/613

v 64.0829 32.5354 -13.2434
vt 12.2681 22.6011
vn 0.608734 -0.120672 0.784143
vt 12.2154 21.4607
vt 11.9687 21.8001
f 772/3028/614 771/3029/613 567/3030/409

vt -6.79695 21.8339
vt -6.82624 22.9751
v 63.6275 32.0225 -13.0458
vt -6.54353 22.1735
vn 0.003629 0.158434 0.987363
f 771/3031/613 772/3032/614 773/3033/615

v 63.9108 33.0304 -13.1978
vt -8.93274 22.6366
vn -0.299816 0.262244 0.917245
vt -8.93187 21.3221
vt -9.22003 22.1218
f 774/3034/616 773/3035/615 772/3036/614

v 62.6902 31.0752 -12.7739
vt -12.4345 19.7255
vn -0.307881 0.296029 0.904199
vt -13.0854 21.2127
vt -13.097 22.5271
f 775/3037/617 773/3038/615 774/3039/616

vt -14.2055 18.9419
v 62.8682 30.3524 -12.664
vt -14.5816 18.1256
vn -0.0573059 0.218126 0.974237
vt -14.8585 20.4281
f 775/3040/617 776/3041/618 773/3042/615

vt -12.7829 18.2355
v 61.5823 28.5809 -12.0418
vt -12.4376 14.7639
vn -0.219485 0.290508 0.93136
vt -13.1571 17.4183
f 775/3043/617 777/3044/619 776/3045/618

vt -16.0887 18.0794
v 60.6628 28.6412 -12.0574
vt -14.8258 14.3741
vn -0.408603 0.352297 0.84198
vt -15.785 14.6039
f 775/3046/617 778/3047/620 777/3048/619

vt -16.4366 13.9454
vt -17.6616 17.6633
v 61.9425 31.0494 -12.855
vt -16.8618 17.4035
vn -0.476779 0.374932 0.795052
f 778/3049/620 775/3050/617 779/3051/621

vt -17.3905 18.5606
vt -18.0515 21.3625
vt -16.5903 18.302
f 775/3052/617 774/3053/616 779/3054/621

vt -19.0767 17.3566
vt -20.4708 20.4482
v 62.3694 32.3939 -13.4713
vt -18.8617 19.2415
vn -0.541425 0.412698 0.732488
f 779/3055/621 774/3056/616 780/3057/622

vt -19.6899 21.5612
v 64.34 33.8213 -13.33
vt -19.9108 22.6638
vn -0.307606 0.474187 0.82494
vt -18.0715 20.367
f 774/3058/616 781/3059/623 780/3060/622

vt -13.3142 24.0472
vt -13.1011 22.9431
v 64.4568 33.4586 -13.3267
vt -13.5162 23.658
vn 0.646706 -0.0875067 0.757703
f 781/3061/623 774/3062/616 782/3063/624

vt -11.8115 23.3218
vt -11.9391 24.5574
vt -11.5293 23.8395
f 772/3064/614 782/3065/624 774/3066/616

vt 14.2514 23.4218
v 64.3395 32.8947 -13.4947
vt 14.0786 23.9922
vn 0.926931 -0.342236 -0.15386
vt 14.3433 24.6605
f 772/3067/614 783/3068/625 782/3069/624

vt 11.5011 22.8972
vt 11.2043 22.0952
vt 11.3188 23.4646
f 772/3070/614 567/3071/409 783/3072/625

vt 20.8627 20.6306
vt 20.0084 21.0613
vt 21.0252 21.9951
f 567/3073/409 568/3074/410 783/3075/625

v 64.6 33.6975 -13.5868
vt 21.0221 23.1452
vn 0.925015 -0.116699 -0.361564
vt 20.9339 22.0939
vt 19.9173 21.1599
f 784/3076/626 783/3077/625 568/3078/410

vt 17.2008 22.6084
vt 17.2753 23.6608
vt 17.4778 23.2718
f 783/3079/625 784/3080/626 782/3081/624

vt 14.3998 21.6619
vt 14.1974 22.051
v 64.5805 33.9866 -13.4563
vt 14.3762 22.3545
vn 0.7322 0.417063 0.538463
f 782/3082/624 784/3083/626 785/3084/627

vt 22.2483 21.3724
vt 22.1538 21.033
v 64.2257 34.0819 -13.8756
vt 21.5633 21.4756
vn 0.400988 0.913644 -0.0668038
f 785/3085/627 784/3086/626 786/3087/628

vt 11.7927 -2.51127
vt 11.9112 -3.23965
vt 11.6979 -2.739
f 786/3088/628 784/3089/626 570/3090/412

vt 22.1815 22.7243
vt 21.1218 20.7145
vt 21.7119 22.9994
f 784/3091/626 568/3092/410 570/3093/412

vt 18.7677 22.0352
vt 19.8607 22.4268
vt 20.0328 22.2501
f 590/3094/432 786/3095/628 570/3096/412

vt -21.4287 17.4669
vt -20.3446 17.0513
v 64.1244 34.0532 -13.6329
vt -21.6053 17.2793
vn -0.463808 0.684508 0.562433
f 786/3097/628 590/3098/432 787/3099/629

v 62.7554 33.6628 -14.2969
vt -20.0407 17.3998
vn -0.528777 0.679059 0.509189
vt -21.664 18.4331
vt -20.3994 18.228
f 788/3100/630 787/3101/629 590/3102/432

v 61.664 33.1696 -14.4478
vt -18.8844 18.0962
vn -0.567833 0.510329 0.645857
vt -21.6378 19.9415
vt -19.9068 19.1012
f 789/3103/631 787/3104/629 788/3105/630

vt -17.9996 20.1784
vt -19.5231 19.2594
vt -20.8532 21.8647
f 789/3106/631 780/3107/622 787/3108/629

v 60.5849 32.6775 -14.6117
vt -16.7141 18.6564
vn -0.543008 0.479377 0.689449
vt -19.3228 18.6472
vt -17.8044 19.5747
f 790/3109/632 780/3110/622 789/3111/631

vt -16.7145 18.8458
v 58.7406 30.7114 -14.0824
vt -15.6122 15.7404
vn -0.53798 0.440821 0.718509
vt -19.3232 18.8366
f 790/3112/632 791/3113/633 780/3114/622

v 57.731 31.3786 -14.9302
vt -13.4208 16.4702
vn -0.532068 0.45217 0.715853
vt -15.1075 15.8119
vt -16.2455 18.9044
f 792/3115/634 791/3116/633 790/3117/632

vt -13.3862 16.341
v 57.1124 29.6216 -14.0015
vt -13.6985 13.8106
vn -0.560774 0.413885 0.7171
vt -15.0724 15.6815
f 792/3118/634 793/3119/635 791/3120/633

v 56.5387 30.5677 -14.9211
vt -12.6404 15.1038
vn -0.610672 0.397088 0.685128
vt -14.0025 13.9479
vt -13.6742 16.4763
f 794/3121/636 793/3122/635 792/3123/634

vt -13.3709 16.3579
vt -14.7528 13.2744
vt -14.7468 15.2185
f 794/3124/636 728/3125/570 793/3126/635

vt -11.1642 14.4805
vt -15.3267 13.6334
vt -13.9302 16.7103
f 640/3127/482 728/3128/570 794/3129/636

vt -11.1795 14.5623
vt -11.259 11.3042
vt -15.3421 13.7155
f 640/3130/482 653/3131/495 728/3132/570

vt -12.9432 17.3061
vt -11.4957 14.0454
vt -14.2526 16.2865
f 638/3133/480 640/3134/482 794/3135/636

vt -12.7599 16.923
vt -14.0648 15.8978
vt -13.4967 17.5667
f 638/3136/480 794/3137/636 636/3138/478

vt -12.3412 16.6334
vt -12.8584 14.948
vt -13.8852 16.3257
f 636/3139/478 794/3140/636 792/3141/634

vt -12.2299 15.771
vt -13.7729 15.4581
vt -13.1501 17.4302
f 636/3142/478 792/3143/634 635/3144/477

vt -13.3104 17.5895
vt -13.9445 15.6211
v 59.5168 32.7917 -15.3132
vt -15.1653 18.0459
vn -0.528772 0.526949 0.665376
f 635/3145/477 792/3146/634 795/3147/637

vt -14.1358 15.5678
vt -16.9108 18.0585
vt -15.3402 18.0008
f 792/3148/634 790/3149/632 795/3150/637

vt -15.3629 16.9072
vt -16.9334 16.9666
v 61.246 33.5978 -15.3715
vt -16.8367 18.5466
vn -0.511915 0.635075 0.578466
f 795/3151/637 790/3152/632 796/3153/638

vt -17.3425 19.2091
vt -17.4923 17.6333
vt -18.5488 18.5902
f 796/3154/638 790/3155/632 789/3156/631

vt -17.3262 19.1084
vt -18.5318 18.4879
vt -19.589 19.4562
f 796/3157/638 789/3158/631 788/3159/630

vt -17.59 14.7956
vt -19.8397 15.2201
vt -19.1121 15.5717
f 796/3160/638 788/3161/630 591/3162/433

vt -19.8941 15.9462
vt -20.3604 16.7189
vt -19.1624 16.2892
f 788/3163/630 590/3164/432 591/3165/433

vt -17.5255 15.063
vt -19.0563 15.8215
vt -15.655 15.2957
f 796/3166/638 591/3167/433 592/3168/434

v 59.1459 33.6587 -16.9716
vt -14.2088 12.6404
vn -0.436272 0.756987 0.486455
vt -17.4539 12.9911
vt -15.5863 13.2466
f 797/3169/639 796/3170/638 592/3171/434

v 58.8814 33.2545 -16.3082
vt -14.4481 15.6261
vn -0.511579 0.602802 0.612304
vt -17.3247 16.7499
vt -14.0737 16.4591
f 798/3172/640 796/3173/638 797/3174/639

vt -14.1061 17.3511
vt -15.5568 16.7404
vt -17.0124 18.3958
f 798/3175/640 795/3176/637 796/3177/638

vt -13.6064 15.6737
vt -15.4546 16.1566
vt -14.0079 16.7766
f 635/3178/477 795/3179/637 798/3180/640

vt -12.9404 16.9578
vt -13.8765 15.7219
vt -14.2585 16.8316
f 633/3181/475 635/3182/477 798/3183/640

vt -14.1837 14.9882
vt -13.8301 15.8303
vt -12.8664 15.1225
f 798/3184/640 797/3185/639 633/3186/475

vt -13.4034 14.0994
vt -14.3225 14.8643
v 58.2991 33.8031 -18.1665
vt -12.5135 15.0773
vn -0.383715 0.817179 0.430094
f 633/3187/475 797/3188/639 799/3189/641

vt -14.1435 10.2497
vt -14.5729 11.0953
vt -12.3417 10.5171
f 797/3190/639 593/3191/435 799/3192/641

vt -14.6022 11.0181
vt -15.9232 11.7394
vt -14.9442 11.9027
f 797/3193/639 592/3194/434 593/3195/435

vt -12.5319 8.97555
vt -14.7391 9.6392
vt -11.2392 9.24861
f 799/3196/641 593/3197/435 629/3198/471

vt -15.0107 4.88344
vt -13.2111 4.94009
vt -11.5754 4.10868
f 593/3199/435 595/3200/437 629/3201/471

vt -15.012 5.08982
vt -14.6584 5.36077
vt -13.2123 5.14478
f 593/3202/435 594/3203/436 595/3204/437

vt -11.3869 4.34549
vt -13.0775 5.05867
vt -11.3811 4.87148
f 629/3205/471 595/3206/437 596/3207/438

vt -11.1192 3.52154
vt -11.1525 4.04649
vt -8.18425 3.89806
f 629/3208/471 596/3209/438 597/3210/439

vt -11.8247 10.9297
vt -12.6519 11.3757
vt -11.3522 11.6127
f 631/3211/473 799/3212/641 629/3213/471

vt -13.0097 12.4942
vt -12.171 13.5164
vt -11.3084 13.1436
f 633/3214/475 799/3215/641 631/3216/473

vt -14.7243 13.2701
v 58.3323 28.6023 -12.6076
vt -17.0857 14.0919
vn -0.552813 0.374141 0.744591
vt -14.7189 15.2142
f 728/3217/570 800/3218/642 793/3219/635

vt -16.467 13.3301
vt -16.921 14.5893
vt -14.5589 13.7698
f 730/3220/572 800/3221/642 728/3222/570

vt -15.573 13.6568
v 59.2438 27.9802 -12.0053
vt -17.4299 14.3459
vn -0.50535 0.323823 0.79985
vt -16.0265 14.9162
f 730/3223/572 801/3224/643 800/3225/642

vt -16.81 12.6378
vt -17.2577 14.7913
vt -15.4014 14.1007
f 731/3226/573 801/3227/643 730/3228/572

vt -16.5892 12.7062
v 59.8449 26.9359 -11.5593
vt -18.078 13.7248
vn -0.470298 0.256097 0.844532
vt -17.0335 14.8604
f 731/3229/573 802/3230/644 801/3231/643

v 59.6879 26.2076 -11.5997
vt -17.2136 13.9289
vn -0.465408 0.266586 0.843995
vt -17.2867 14.8421
vt -15.8074 13.8097
f 803/3232/645 802/3233/644 731/3234/573

vt -16.4159 14.18
v 60.2958 26.6262 -11.4489
vt -17.0504 14.8491
vn -0.355943 0.236554 0.904072
vt -16.4779 15.0941
f 803/3235/645 804/3236/646 802/3237/644

vt -15.9159 14.6709
vt -16.8724 14.6077
vt -16.5451 15.345
f 803/3238/645 766/3239/608 804/3240/646

vt -15.5292 8.81519
vt -15.8335 8.06239
vt -16.4857 8.75195
f 803/3241/645 765/3242/607 766/3243/608

vt -16.1187 10.1726
vt -17.8521 9.54814
vt -17.5249 10.2912
f 731/3244/573 765/3245/607 803/3246/645

vt -13.4394 14.6925
vt -13.7931 13.9675
vt -14.3881 13.9584
f 804/3247/646 766/3248/608 767/3249/609

vt -12.3822 13.4831
vt -13.3347 12.754
vt -13.2941 14.1174
f 804/3250/646 767/3251/609 768/3252/610

vt -13.4405 11.961
vt -14.3523 12.5955
vt -14.116 14.8244
f 804/3253/646 768/3254/610 777/3255/619

vt -9.78213 11.9411
vt -10.4103 13.502
vt -9.58031 14.1735
f 768/3256/610 769/3257/611 777/3258/619

vt -10.4314 15.285
vt -11.2627 14.6153
vt -11.1605 17.9368
f 777/3259/619 769/3260/611 776/3261/618

vt -6.70614 17.7657
vt -6.79265 14.4437
vt -7.15516 18.0553
f 776/3262/618 769/3263/611 770/3264/612

vt -6.01942 21.5216
vt -5.76261 19.2167
vt -6.21149 19.5066
f 773/3265/615 776/3266/618 770/3267/612

vt -5.53325 21.483
vt -5.72737 19.4682
vt -5.78766 21.1441
f 773/3268/615 770/3269/612 771/3270/613

vt -14.8476 14.2786
vt -15.1503 11.6406
vt -15.8067 14.5085
f 778/3271/620 804/3272/646 777/3273/619

vt -15.6009 11.7299
vt -15.2923 14.3673
vt -15.0269 11.9714
f 804/3274/646 778/3275/620 802/3276/644

vt -16.145 11.9378
vt -16.3958 14.3353
vt -15.1008 13.0739
f 802/3277/644 778/3278/620 801/3279/643

v 59.6677 28.9364 -12.3848
vt -15.906 13.6687
vn -0.484761 0.405622 0.774905
vt -15.8699 12.3031
vt -17.1563 13.5733
v 61.2941 31.3178 -13.2259
vt -16.6337 17.2359
vn -0.511523 0.41444 0.752718
f 805/3280/647 801/3281/643 778/3282/620 806/3283/648 

vt -16.7446 12.4663
vt -16.7659 13.8322
vt -15.3436 13.0423
f 801/3284/643 805/3285/647 800/3286/642

vt -15.6299 12.4959
vt -17.0485 13.2922
v 58.9318 29.6279 -13.0656
vt -15.7521 14.0336
vn -0.529019 0.439511 0.725926
f 800/3287/642 805/3288/647 807/3289/649

vt -17.2006 13.6695
vt -17.8628 17.2495
vt -15.9022 14.4074
f 805/3290/647 806/3291/648 807/3292/649

vt -16.8194 13.9283
vt -18.7212 16.8101
vt -15.7144 15.4154
f 807/3293/649 806/3294/648 791/3295/633

vt -18.5861 17.1726
vt -19.288 18.8821
vt -15.574 15.7894
f 806/3296/648 780/3297/622 791/3298/633

vt -17.708 17.3493
vt -18.6415 17.1596
vt -18.4401 19.0461
f 806/3299/648 779/3300/621 780/3301/622

vt -18.3368 14.0374
vt -18.6947 17.5031
vt -17.7611 17.692
f 778/3302/620 779/3303/621 806/3304/648

vt -16.7574 13.8334
vt -15.655 15.3224
vt -14.3092 13.4312
f 807/3305/649 791/3306/633 793/3307/635

vt -16.6106 12.7368
vt -16.7017 14.2767
vt -14.2529 13.8782
f 800/3308/642 807/3309/649 793/3310/635

vt -19.5791 19.2452
vt -21.3745 21.5764
vt -20.9054 21.8524
f 780/3311/622 781/3312/623 787/3313/629

vt -5.75491 -5.77469
vt -5.67067 -5.03814
vt -5.55521 -5.26842
f 781/3314/623 786/3315/628 787/3316/629

vt -21.7779 18.4496
vt -21.8692 18.79
vt -21.1842 18.8936
f 781/3317/623 785/3318/627 786/3319/628

vt -9.09078 21.8742
vt -9.29319 21.4851
vt -9.26989 22.1777
f 781/3320/623 782/3321/624 785/3322/627

vt 20.0907 22.4623
vt 18.4789 21.4113
vt 18.8246 22.2537
f 570/3323/412 571/3324/413 590/3325/432

vt 20.2609 20.0415
vt 19.7782 19.2694
vt 19.0402 19.5688
f 590/3326/432 571/3327/413 572/3328/414

vt -14.747 6.83461
vt -15.9412 5.16523
vt -15.9829 7.26373
f 734/3329/576 736/3330/578 747/3331/589

vt -16.3437 7.94024
vt -16.7794 6.08519
vt -17.5351 6.26889
f 734/3332/576 735/3333/577 736/3334/578

vt -13.3787 5.16889
vt -13.8972 4.48858
vt -13.4278 7.26723
f 736/3335/578 743/3336/585 747/3337/589

v 54.4752 21.8305 -13.076
vt -12.8075 6.64456
vn -0.617981 0.201495 0.759933
vt -15.7367 6.52894
vt -12.9144 9.12622
f 808/3338/650 723/3339/565 677/3340/519

vt -12.8127 6.76397
vt -16.5812 4.83663
vt -15.742 6.64812
f 808/3341/650 721/3342/563 723/3343/565

v 55.0238 20.6239 -12.7513
vt -14.0093 5.82957
vn -0.630268 0.149881 0.761773
vt -16.8559 5.22105
vt -13.0984 7.16958
f 809/3344/651 721/3345/563 808/3346/650

vt -14.0947 6.12726
vt -16.0583 4.15011
vt -16.9398 5.512
f 809/3347/651 717/3348/559 721/3349/563

vt -13.8872 5.00936
vt -16.2502 4.20124
vt -14.3001 6.19174
f 716/3350/558 717/3351/559 809/3352/651

vt -12.2472 6.02881
vt -14.1398 4.80334
vt -14.5638 5.98174
f 680/3353/522 716/3354/558 809/3355/651

vt -12.058 4.42307
vt -14.5 4.98499
vt -12.6282 6.24202
f 711/3356/553 716/3357/558 680/3358/522

vt -11.8412 3.94498
vt -12.9544 3.44969
vt -13.6317 5.23154
f 681/3359/523 711/3360/553 680/3361/522

vt -12.2452 5.9507
vt -14.5618 5.90379
vt -13.6727 7.25837
f 680/3362/522 809/3363/651 808/3364/650

vt -12.623 5.45894
vt -14.0663 6.74923
vt -13.2787 7.45561
f 680/3365/522 808/3366/650 678/3367/520

vt -12.8222 7.14857
vt -13.6166 6.44989
vt -13.7534 8.93009
f 678/3368/520 808/3369/650 677/3370/519

vt -16.4581 3.70937
vt -18.1538 3.10528
vt -17.3574 5.05967
f 717/3371/559 718/3372/560 721/3373/563

vt -18.1796 3.09916
vt -19.259 3.37981
vt -17.3849 5.05423
f 718/3374/560 719/3375/561 721/3376/563

vt -20.3241 -0.458289
vt -18.2711 -0.0782943
vt -19.4742 -0.369751
f 705/3377/547 700/3378/542 701/3379/543

vt -20.2544 -1.57285
vt -19.4095 -1.44527
vt -20.9206 -1.85665
f 705/3380/547 701/3381/543 702/3382/544

vt -20.2572 -1.54324
vt -20.9238 -1.82612
vt -21.637 -1.94231
f 705/3383/547 702/3384/544 703/3385/545

vt -4.65948 2.29137
vt -4.38231 3.06089
vt -0.693298 1.41061
f 481/3386/323 670/3387/512 480/3388/322

vt -7.99644 9.12665
vt -6.35118 9.70207
vt -7.16429 7.12232
f 656/3389/498 658/3390/500 672/3391/514

vt -6.20548 9.71305
v 49.5762 22.6312 -19.4092
vt -5.24976 7.12641
vn -0.784065 0.20489 0.585885
vt -7.03437 7.13833
f 658/3392/500 810/3393/652 672/3394/514

vt -6.74265 9.44923
v 48.97 22.6378 -20.8381
vt -3.8755 7.02436
vn -0.826801 0.243755 0.506936
vt -5.73308 6.88314
f 658/3395/500 811/3396/653 810/3397/652

vt -4.71498 9.01098
vt -3.87148 7.02838
vt -6.73823 9.45373
f 661/3398/503 811/3399/653 658/3400/500

vt -3.84495 9.61631
vt -4.34044 6.8055
vt -5.21759 8.77345
f 662/3401/504 811/3402/653 661/3403/503

vt -3.85838 9.61656
vt -3.14311 7.59279
vt -4.3528 6.80557
f 662/3404/504 663/3405/505 811/3406/653

vt -3.08317 7.52336
vt -2.92549 5.98163
vt -4.29407 6.73802
f 663/3407/505 664/3408/506 811/3409/653

vt -4.16877 6.93214
vt -2.80316 6.1704
vt -4.34376 5.22873
f 811/3410/653 664/3411/506 668/3412/510

vt -2.72917 6.08279
vt -2.73725 4.38457
vt -4.27225 5.14518
f 664/3413/506 665/3414/507 668/3415/510

vt -3.86799 6.95249
vt -4.06187 5.25113
vt -5.72562 6.81179
f 811/3416/653 668/3417/510 810/3418/652

vt -5.4154 7.11507
vt -3.77233 5.53265
vt -4.44668 3.55249
f 810/3419/652 668/3420/510 669/3421/511

vt -5.24914 7.1877
vt -4.30981 3.61727
vt -7.03375 7.19967
f 810/3422/652 669/3423/511 672/3424/514

vt -5.47447 9.98328
vt -4.71717 9.004
vt -6.74045 9.44658
f 660/3425/502 661/3426/503 658/3427/500

vt -3.68592 9.89235
vt -5.71058 9.65656
vt -6.34821 10.7893
f 413/3428/255 659/3429/501 411/3430/253

vt -5.88528 11.0566
vt -5.2307 9.93356
vt -7.44575 9.77524
f 411/3431/253 659/3432/501 657/3433/499

vt -5.84343 10.9859
vt -7.40258 9.70295
vt -9.30893 11.1459
f 411/3434/253 657/3435/499 654/3436/496

vt -5.79562 12.0426
vt -9.26114 12.2023
v 51.0771 28.0027 -19.4136
vt -6.26452 13.6162
vn -0.745153 0.292449 0.59935
f 411/3437/253 654/3438/496 812/3439/654

vt -9.08807 11.915
vt -8.14905 13.893
vt -6.08819 13.3219
f 654/3440/496 651/3441/493 812/3442/654

vt -6.09889 13.2854
vt -8.15978 13.8564
vt -6.23689 14.7351
f 812/3443/654 651/3444/493 649/3445/491

vt -6.43688 13.2471
vt -6.57658 14.6966
vt -4.84319 13.7774
f 812/3446/654 649/3447/491 409/3448/251

vt -5.17799 13.0632
vt -6.90744 13.9898
vt -5.54549 14.2993
f 409/3449/251 649/3450/491 407/3451/249

vt -6.06781 11.9476
vt -6.54557 13.5185
vt -4.9525 14.0506
f 411/3452/253 812/3453/654 409/3454/251

vt -11.1954 14.0128
vt -9.71445 16.8787
vt -8.20723 16.1755
f 640/3455/482 641/3456/483 652/3457/494

vt -9.79992 16.6505
v 54.0339 31.8075 -18.4322
vt -8.67282 17.4815
vn -0.669252 0.456437 0.586317
vt -8.29393 15.9446
f 641/3458/483 813/3459/655 652/3460/494

vt -8.9208 17.7893
vt -8.34186 16.7342
vt -9.46091 15.8924
f 642/3461/484 813/3462/655 641/3463/483

vt -9.93083 17.2897
vt -7.69409 17.3915
vt -9.40814 16.2057
f 642/3464/484 646/3465/488 813/3466/655

vt -9.92512 16.9881
vt -8.11251 18.3795
vt -7.68842 17.0909
f 642/3467/484 645/3468/487 646/3469/488

vt -9.633 17.0421
vt -7.90147 18.2022
v 53.1683 31.7542 -20.1086
vt -7.3437 17.0843
vn -0.72521 0.440059 0.529546
f 813/3470/655 646/3471/488 814/3472/656

vt -7.88091 18.2141
vt -4.35723 18.6989
vt -7.32166 17.0969
f 646/3473/488 647/3474/489 814/3475/656

vt -7.47093 17.6859
vt -4.49413 19.2648
vt -6.34904 16.594
f 814/3476/656 647/3477/489 648/3478/490

vt -7.45822 17.7048
vt -6.33573 16.6136
vt -8.68499 14.8044
f 814/3479/656 648/3480/490 650/3481/492

vt -9.39306 16.0892
vt -7.42726 17.6721
vt -8.65021 14.7701
f 652/3482/494 814/3483/656 650/3484/492

vt -9.63662 17.4259
vt -7.34731 17.4676
vt -9.30735 15.8777
f 813/3485/655 814/3486/656 652/3487/494

vt -3.13159 16.3639
vt -5.07168 15.8201
vt -2.91603 19.2668
f 405/3488/247 406/3489/248 622/3490/464

v 51.2005 30.9897 -24.3219
vt -2.65255 17.5784
vn -0.901561 0.323782 0.286971
vt -3.52875 16.449
vt -3.27987 19.3492
f 815/3491/657 405/3492/247 622/3493/464

vt -3.7646 16.7057
vt -2.88345 17.8312
vt -2.92113 15.5218
f 405/3494/247 815/3495/657 401/3496/243

vt -3.25926 17.8465
v 51.7552 32.2401 -25.469
vt -2.38008 19.7661
vn -0.926818 0.104849 -0.360575
vt -3.30285 15.5372
f 815/3497/657 816/3498/658 401/3499/243

v 51.8644 33.2426 -25.4592
vt -2.92717 21.0693
vn -0.941767 0.260334 0.212838
vt -2.73415 19.8536
vt -3.60113 17.9285
f 817/3500/659 816/3501/658 815/3502/657

vt -2.9462 21.0667
vt -2.61029 20.8597
vt -2.75206 19.8511
f 817/3503/659 612/3504/454 816/3505/658

vt -2.87174 21.0279
vt -2.38517 22.0953
vt -2.5369 20.8192
f 817/3506/659 613/3507/455 612/3508/454

vt -2.1943 22.7659
vt -2.08905 22.1683
vt -2.5935 21.1093
f 621/3509/463 613/3510/455 817/3511/659

vt -2.7728 22.6869
vt -2.64119 23.046
vt -2.65785 22.0912
f 621/3512/463 615/3513/457 613/3514/455

vt -1.78507 21.0062
vt -3.12662 19.6391
vt -1.36416 22.6574
f 817/3515/659 622/3516/464 621/3517/463

vt -2.98957 19.4793
vt -1.6496 20.8479
vt -2.35017 17.7128
f 622/3518/464 817/3519/659 815/3520/657

vt -2.8 20.3652
vt -2.44891 19.2897
vt -2.82412 19.3471
f 612/3521/454 610/3522/452 816/3523/658

vt -2.80325 19.6906
vt -2.42794 19.6338
v 51.6515 31.4475 -25.3323
vt -2.70325 18.6916
vn -0.632268 -0.0515314 -0.773034
f 816/3524/658 610/3525/452 818/3526/660

vt -2.60321 18.6279
vt -2.33195 19.5714
vt -1.71139 15.3879
f 818/3527/660 610/3528/452 361/3529/203

vt -2.554 18.647
vt -1.65534 15.4089
v 51.3737 30.4265 -25.049
vt -2.55758 17.2864
vn -0.723699 0.0152405 -0.689947
f 818/3530/660 361/3531/203 819/3532/661

vt -2.33478 17.4204
vt -1.4242 15.547
v 51.2333 29.3612 -24.8942
vt -2.18819 16.086
vn -0.367156 -0.122979 -0.921994
f 819/3533/661 361/3534/203 820/3535/662

vt -2.16417 16.1204
vt -1.40016 15.5814
vt -1.88799 14.9786
f 820/3536/662 361/3537/203 358/3538/200

vt -3.05236 15.0515
vt -2.85284 15.9367
vt -2.60031 14.7894
f 400/3539/242 820/3540/662 358/3541/200

vt -3.07121 17.3701
vt -2.95455 16.0326
vt -3.16378 15.1497
f 819/3542/661 820/3543/662 400/3544/242

vt -3.79337 15.5924
vt -2.94761 17.4673
vt -3.0984 15.2501
f 401/3545/243 819/3546/661 400/3547/242

vt -3.7869 15.5924
vt -2.86602 18.8256
vt -2.94063 17.4671
f 401/3548/243 818/3549/660 819/3550/661

vt -3.0846 19.7409
vt -3.03371 18.7382
vt -3.90129 15.4902
f 816/3551/658 818/3552/660 401/3553/243

vt -2.96306 15.2619
vt -2.51037 15.0008
vt -2.85214 14.2291
f 400/3554/242 358/3555/200 360/3556/202

vt -8.09721 8.72644
vt -8.16278 9.27029
v 55.1926 34.0627 -22.1673
vt -6.11955 9.15766
vn -0.242787 0.917208 0.315886
f 627/3557/469 597/3558/439 821/3559/663

vt -8.2526 5.53933
vt -6.40018 5.81145
vt -6.21254 5.37924
f 597/3560/439 598/3561/440 821/3562/663

vt -5.9593 5.27265
vt -6.17391 5.69212
vt -4.65741 5.86541
f 821/3563/663 598/3564/440 599/3565/441

vt -5.48166 2.91781
vt -4.2496 3.64466
vt -1.4996 3.92052
f 821/3566/663 599/3567/441 619/3568/461

vt -1.55764 5.32873
vt -4.31151 5.09469
vt -2.79862 5.38107
f 619/3569/461 599/3570/441 618/3571/460

vt 5.28569 11.7641
vt 2.5287 11.97
vt 3.76669 12.0161
f 599/3572/441 601/3573/443 618/3574/460

vt 5.34938 9.08967
vt 6.57555 8.34679
vt 2.59912 9.37161
f 599/3575/441 600/3576/442 601/3577/443

vt -5.68509 12.9782
vt -6.11832 13.3034
vt -2.03735 13.7594
f 626/3578/468 821/3579/663 619/3580/461

vt -8.2963 12.3213
vt -6.30237 12.6697
vt -5.88187 12.3282
f 627/3581/469 821/3582/663 626/3583/468

vt -5.9056 17.1714
vt -2.23156 17.8177
vt -4.25798 17.1833
f 626/3584/468 619/3585/461 624/3586/466

vt 19.4039 14.367
vt 18.1175 13.0969
vt 18.1537 14.4624
f 532/3587/374 533/3588/375 563/3589/405

vt 18.5771 14.6509
vt 18.5558 13.2851
vt 17.1548 13.8611
f 563/3590/405 533/3591/375 534/3592/376

vt 18.701 14.3953
vt 17.2823 13.599
vt 17.4046 15.1367
f 563/3593/405 534/3594/376 561/3595/403

vt 17.7391 15.4481
vt 17.648 13.9082
vt 15.2903 15.0496
f 561/3596/403 534/3597/376 535/3598/377

vt 10.8933 17.7727
vt 10.9205 19.9715
vt 12.1278 19.5842
f 541/3599/383 543/3600/385 552/3601/394

vt 12.1831 19.344
vt 10.9781 19.7381
vt 11.6396 20.7763
f 552/3602/394 543/3603/385 546/3604/388

vt 12.4231 18.571
vt 11.9447 20.0264
vt 13.1483 19.8759
f 552/3605/394 546/3606/388 549/3607/391

vt 0.810043 11.8147
vt 1.94949 11.8609
vt 0.986136 11.1001
f 395/3608/237 372/3609/214 374/3610/216

vt 0.593281 10.7353
vt 1.00966 9.12608
vt -0.216717 10.0002
f 374/3611/216 375/3612/217 391/3613/233

g Mesh28 Pillow_Abernathy_27_1 Pillow_Abernathy_SKU_EAN5489__34_1 Group1 Model

v 46.668 17.3721 -16.1221
vt 20.374 -3.15141
vn -0.137576 -0.989871 0.035033
v 47.1799 17.2572 -16.2512
vt 20.9649 -2.86698
vn 0.216176 -0.928709 -0.301275
v 47.9334 17.2095 -15.0914
vt 23.8917 -3.20779
vn 0.00159156 -0.997008 -0.0772765
f 822/3614/664 823/3615/665 824/3616/666

vt 18.5225 -7.23541
v 47.4521 17.3433 -16.8067
vt 18.844 -6.55398
vn 0.407076 -0.767604 -0.495049
vt 19.1684 -7.12194
f 822/3617/664 825/3618/667 823/3619/665

vt 20.5189 -1.6007
v 45.9768 17.4517 -17.6159
vt 17.1483 -1.1884
vn 0.251496 -0.923822 -0.288621
vt 20.6269 -0.855041
f 822/3620/664 826/3621/668 825/3622/667

v 45.6398 17.5116 -17.2038
vt 17.1152 -2.79603
vn -0.34738 -0.896623 0.27458
vt 17.0028 -2.42035
vt 20.3479 -3.00446
f 827/3623/669 826/3624/668 822/3625/664

v 45.1315 17.4622 -17.7431
vt 15.8748 0.708125
vn -0.200415 -0.964565 0.171604
vt 17.2631 1.30435
vt 17.4525 0.960947
f 828/3626/670 826/3627/668 827/3628/669

vt 15.8146 1.74592
v 45.5182 17.367 -18.2329
vt 15.5451 2.12295
vn 0.362285 -0.857486 -0.365332
vt 17.1588 2.43607
f 828/3629/670 829/3630/671 826/3631/668

v 44.7863 17.4478 -18.0382
vt 14.9164 0.494999
vn -0.253922 -0.955154 0.152329
vt 15.6298 1.07886
vt 15.8738 0.684865
f 830/3632/672 829/3633/671 828/3634/670

v 44.5898 17.5353 -18.5529
vt 13.2153 -2.85888
vn 0.125166 -0.974073 -0.188457
vt 15.1423 -2.79312
vt 14.2967 -3.16014
f 831/3635/673 829/3636/671 830/3637/672

vt 13.1914 -2.61137
v 45.7758 17.4215 -18.6781
vt 14.8455 -2.14487
vn 0.466266 -0.751944 -0.466021
vt 15.1187 -2.55545
f 831/3638/673 832/3639/674 829/3640/671

vt 13.145 -2.6541
v 45.3618 17.6783 -19.6361
vt 12.712 -1.59363
vn 0.513651 -0.676081 -0.528278
vt 14.8034 -2.20294
f 831/3641/673 833/3642/675 832/3643/674

v 44.399 17.3728 -19.6447
vt 11.7635 1.52202
vn 0.341726 -0.869962 -0.355514
vt 13.0676 2.41668
vt 13.7835 1.52251
f 834/3644/676 833/3645/675 831/3646/673

vt 11.7268 0.454125
v 44.2573 17.4733 -20.2995
vt 10.4725 0.700563
vn 0.461456 -0.745974 -0.480189
vt 13.1222 1.19824
f 834/3647/676 835/3648/677 833/3649/675

v 43.9514 17.3992 -19.6824
vt 10.7641 -1.4781
vn 0.120901 -0.974938 -0.186758
vt 10.2756 -0.955581
vt 11.5043 -1.3079
f 836/3650/678 835/3651/677 834/3652/676

v 43.1001 17.4972 -20.4197
vt 8.41656 -1.12174
vn 0.104728 -0.982563 -0.153629
vt 10.3472 -0.621318
vt 10.85 -1.13006
f 837/3653/679 835/3654/677 836/3655/678

vt 8.45261 -1.09287
v 43.6553 17.5547 -21.126
vt 8.1804 -0.424151
vn 0.439949 -0.763995 -0.471971
vt 10.3766 -0.56731
f 837/3656/679 838/3657/680 835/3658/677

v 41.9607 17.3898 -20.9126
vt 6.21783 -0.874649
vn -0.113189 -0.982593 0.147306
vt 8.31026 0.367394
vt 8.64073 -0.274537
f 839/3659/681 838/3660/680 837/3661/679

vt 6.36943 -0.45826
v 42.5918 17.4189 -21.2872
vt 6.62889 0.125472
vn 0.460124 -0.765251 -0.450197
vt 8.34382 0.963957
f 839/3662/681 840/3663/682 838/3664/680

v 41.357 17.1144 -21.3668
vt 5.02516 0.1564
vn -0.179529 -0.95814 0.223016
vt 6.56344 1.5777
vt 6.44094 0.950756
f 841/3665/683 840/3666/682 839/3667/681

vt 4.80129 -0.749293
v 42.0739 17.2563 -21.8842
vt 4.94805 -0.0209495
vn 0.523657 -0.682888 -0.509359
vt 6.61976 0.289748
f 841/3668/683 842/3669/684 840/3670/682

v 41.1831 17.0002 -22.0482
vt 3.51358 -0.678482
vn 0.39007 -0.84247 -0.371605
vt 4.97634 0.0999127
vt 4.84818 -0.631932
f 843/3671/685 842/3672/684 841/3673/683

vt 3.16202 -0.523534
v 41.9828 17.4236 -22.4136
vt 3.73271 0.351717
vn 0.585829 -0.549237 -0.595939
vt 4.71573 0.0522759
f 843/3674/685 844/3675/686 842/3676/684

v 40.8495 16.9845 -22.6255
vt 1.89026 -0.477463
vn 0.575544 -0.565431 -0.590794
vt 3.8325 0.411098
vt 3.29228 -0.483282
f 845/3677/687 844/3678/686 843/3679/685

v 43.5456 18.6596 -22.7102
vt 5.36155 2.72212
vn 0.596936 -0.452 -0.662845
vt 3.59625 0.841481
vt 1.60652 0.0650819
f 846/3680/688 844/3681/686 845/3682/687

vt 5.4234 2.69963
v 42.8712 17.7396 -22.1018
vt 5.46175 1.35056
vn 0.581798 -0.557632 -0.59208
vt 3.68102 0.797743
f 846/3683/688 847/3684/689 844/3685/686

vt 5.34473 1.24701
vt 5.33157 2.59655
v 43.5975 17.8765 -21.9155
vt 6.71719 1.58076
vn 0.544518 -0.589523 -0.596627
f 847/3686/689 846/3687/688 848/3688/690

vt 5.19142 2.1905
v 45.0246 18.7549 -22.6263
vt 7.58563 2.75208
vn 0.591294 -0.504036 -0.629538
vt 6.55009 1.13893
f 846/3689/688 849/3690/691 848/3691/690

v 45.5504 19.9365 -23.3895
vt 7.06567 4.65153
vn 0.631836 -0.40932 -0.65821
vt 7.53108 3.03642
vt 5.13176 2.49709
f 850/3692/692 849/3693/691 846/3694/688

vt 7.23572 5.11294
v 45.4639 18.8278 -22.2599
vt 8.99583 3.65468
vn 0.638034 -0.464842 -0.613868
vt 7.77647 3.52147
f 850/3695/692 851/3696/693 849/3697/691

vt 7.23274 5.21925
v 46.2916 19.8405 -22.1905
vt 10.2273 5.08635
vn 0.649099 -0.424526 -0.631228
vt 9.00465 3.77535
f 850/3698/692 852/3699/694 851/3700/693

v 47.0903 21.5118 -22.7703
vt 10.3138 7.23162
vn 0.665831 -0.355518 -0.655955
vt 10.227 5.09767
vt 7.23251 5.23019
f 853/3701/695 852/3702/694 850/3703/692

v 47.7558 20.7492 -21.4722
vt 13.4301 6.2842
vn 0.655036 -0.387302 -0.648788
vt 10.2249 5.03407
vt 10.3252 7.16743
f 854/3704/696 852/3705/694 853/3706/695

vt 13.4307 6.27569
v 47.0633 19.1006 -20.5277
vt 14.0634 4.10674
vn 0.62939 -0.457997 -0.62778
vt 10.2288 5.0169
f 854/3707/696 855/3708/697 852/3709/694

vt 13.4286 6.20713
v 48.4357 19.8661 -19.9806
vt 16.8696 5.15132
vn 0.641623 -0.42009 -0.64175
vt 14.0516 4.03538
f 854/3710/696 856/3711/698 855/3712/697

v 49.4624 21.3505 -20.1606
vt 17.958 7.16971
vn 0.663177 -0.357166 -0.657745
vt 16.8745 5.25033
vt 13.431 6.29773
f 857/3713/699 856/3714/698 854/3715/696

vt 17.9564 7.14107
v 51.8572 20.9803 -17.6192
vt 25.539 6.92929
vn 0.658069 -0.36774 -0.657048
vt 16.8688 5.22399
f 857/3716/699 858/3717/700 856/3718/698

v 52.7657 22.425 -17.5264
vt 26.8804 8.7677
vn 0.679225 -0.32519 -0.657955
vt 25.5395 6.99567
vt 17.9569 7.20619
f 859/3719/701 858/3720/700 857/3721/699

v 52.4849 20.1447 -16.5007
vt 28.3161 6.07096
vn 0.669359 -0.39516 -0.629132
vt 25.5404 6.99883
vt 26.8809 8.77112
f 860/3722/702 858/3723/700 859/3724/701

vt 28.3022 5.93087
v 51.0398 19.575 -17.2604
vt 25.0193 5.05533
vn 0.634327 -0.420111 -0.64895
vt 25.5284 6.86466
f 860/3725/702 861/3726/703 858/3727/700

v 51.3339 18.4064 -16.0579
vt 27.468 3.62913
vn 0.627031 -0.48308 -0.611118
vt 25.0254 5.03772
vt 28.3076 5.91612
f 862/3728/704 861/3729/703 860/3730/702

vt 27.4187 3.35523
v 50.2016 18.0139 -16.4418
vt 25.1636 2.67314
vn 0.582039 -0.519035 -0.625966
vt 24.9842 4.77759
f 862/3731/704 863/3732/705 861/3733/703

vt 27.4863 3.44197
v 50.0829 17.3931 -15.3857
vt 26.7893 1.73556
vn 0.540323 -0.633846 -0.553435
vt 25.244 2.71876
f 862/3734/704 864/3735/706 863/3736/705

v 50.5142 17.4695 -14.8927
vt 28.203 2.38109
vn 0.589926 -0.570143 -0.571772
vt 26.798 2.26602
vt 27.4598 3.98637
f 865/3737/707 864/3738/706 862/3739/704

vt 26.7901 2.35748
vt 28.1944 2.47989
v 50.221 17.1447 -14.111
vt 29.0426 1.79345
vn 0.509331 -0.674358 -0.534625
f 864/3740/706 865/3741/707 866/3742/708

v 50.728 17.1591 -13.6783
vt 30.4529 0.865494
vn 0.590337 -0.557477 -0.583714
vt 29.0228 0.774886
vt 28.1974 1.48856
f 867/3743/709 866/3744/708 865/3745/707

vt 29.0128 0.876864
vt 30.4432 0.961894
v 50.6876 16.6298 -12.4596
vt 32.348 0.0301939
vn 0.473166 -0.693383 -0.543446
f 866/3746/708 867/3747/709 868/3748/710

v 51.2158 16.8935 -12.3605
vt 33.3018 1.17857
vn 0.651361 -0.447322 -0.612888
vt 32.3959 0.727885
vt 30.4746 1.62512
f 869/3749/711 868/3750/710 867/3751/709

vt 33.1988 0.655537
v 50.9073 16.1893 -11.7606
vt 33.7477 -0.339101
vn 0.574884 -0.551537 -0.604413
vt 32.2826 0.226249
f 869/3752/711 870/3753/712 868/3754/710

v 50.9889 15.9 -11.1298
vt 35.017 0.153117
vn 0.586186 -0.688715 -0.426681
vt 33.8669 0.574732
vt 33.2934 1.55535
f 871/3755/713 870/3756/712 869/3757/711

v 50.7579 16.0397 -11.5092
vt 33.7653 -2.229
vn 0.122774 -0.942514 -0.310795
vt 33.589 -1.92932
vt 34.7135 -2.41511
f 872/3758/714 870/3759/712 871/3760/713

vt 31.4421 -3.66581
vt 32.8648 -4.33075
vt 33.0217 -4.64104
f 868/3761/710 870/3762/712 872/3763/714

v 50.3646 16.4694 -11.9449
vt 28.1428 -12.6027
vn -0.249697 -0.967805 -0.0317164
vt 27.9913 -12.0142
vt 29.3507 -13.2784
f 873/3764/715 868/3765/710 872/3766/714

v 49.9626 16.7378 -12.4426
vt 29.9968 -6.13642
vn -0.144806 -0.989418 -0.00909353
vt 31.1152 -5.98187
vt 31.3728 -6.53216
f 874/3767/716 868/3768/710 873/3769/715

v 49.791 16.8836 -13.4348
vt 28.8539 -4.95688
vn 0.199643 -0.928576 -0.312873
vt 31.7161 -5.39883
vt 30.6097 -5.62389
f 875/3770/717 868/3771/710 874/3772/716

vt 29.2387 -1.72923
vt 28.8258 -1.01277
vt 32.1222 -1.99974
f 875/3773/717 866/3774/708 868/3775/710

vt 29.3297 -1.22186
v 49.2835 17.0491 -14.1698
vt 27.411 -0.990295
vn 0.270617 -0.901243 -0.338418
vt 28.9054 -0.512098
f 875/3776/717 876/3777/718 866/3778/708

v 49.1535 17.1108 -13.4502
vt 20.2987 -19.7106
vn -0.342609 -0.916491 0.206551
vt 19.8418 -18.8088
vt 21.2754 -20.1048
f 877/3779/719 876/3780/718 875/3781/717

v 48.723 17.1919 -13.9307
vt 26.1516 -6.83386
vn -0.281094 -0.941878 0.18399
vt 26.6927 -6.53297
vt 27.5286 -7.10152
f 878/3782/720 876/3783/718 877/3784/719

vt 26.3145 -6.26026
v 48.7144 17.1383 -14.9268
vt 24.8442 -5.54778
vn 0.205737 -0.941546 -0.266767
vt 26.8486 -5.94712
f 878/3785/720 879/3786/721 876/3787/718

v 48.0049 17.2483 -14.6546
vt 24.8343 -1.88909
vn -0.279589 -0.938444 0.202862
vt 25.4799 -1.40357
vt 27.0423 -1.88128
f 880/3788/722 879/3789/721 878/3790/720

vt 24.9514 0.237259
vt 24.1543 0.34108
vt 25.552 0.777359
f 880/3791/722 824/3792/666 879/3793/721

v 47.5496 17.4031 -14.7108
vt -15.5618 -18.4285
vn -0.550206 -0.69043 0.469658
vt -15.2433 -18.6414
vt -15.8229 -19.1984
f 881/3794/723 824/3795/666 880/3796/722

vt -20.6531 0.922014
vt -24.1493 0.530252
vt -24.1776 0.912243
f 822/3797/664 824/3798/666 881/3799/723

v 46.3717 17.6478 -15.7179
vt -20.8352 1.69188
vn -0.652193 -0.492352 0.576397
vt -20.6508 1.3129
vt -24.1753 1.31199
f 882/3800/724 822/3801/664 881/3802/723

vt -20.8253 1.8338
vt -17.4114 1.67132
vt -20.6435 1.45356
f 882/3803/724 827/3804/669 822/3805/664

v 45.2608 17.8019 -16.9312
vt -17.2714 2.00566
vn -0.646518 -0.47144 0.599799
vt -17.4185 1.61684
vt -20.8332 1.76091
f 883/3806/725 827/3807/669 882/3808/724

vt -16.6707 5.00987
vt -15.3031 4.41752
vt -16.8836 4.6528
f 883/3809/725 828/3810/670 827/3811/669

v 44.684 17.6712 -17.5026
vt -12.3633 9.6166
vn -0.632821 -0.422075 0.649146
vt -12.8057 9.44739
vt -13.89 10.4698
f 884/3812/726 828/3813/670 883/3814/725

vt -13.4486 8.067
vt -12.9488 7.51519
vt -13.8672 7.8454
f 884/3815/726 830/3816/672 828/3817/670

vt -15.6201 0.767879
v 44.1005 17.8243 -18.1535
vt -13.74 1.09231
vn -0.636592 -0.518032 0.571309
vt -14.9168 0.523581
f 884/3818/726 885/3819/727 830/3820/672

v 44.3064 18.1212 -17.2273
vt -15.4113 2.43781
vn -0.679165 -0.16622 0.714917
vt -13.664 2.13871
vt -15.5608 1.93324
f 886/3821/728 885/3822/727 884/3823/726

v 43.5203 18.5552 -17.818
vt -13.3273 2.77184
vn -0.722437 -0.0662626 0.688255
vt -13.6893 1.96831
vt -15.4406 2.24333
f 887/3824/729 885/3825/727 886/3826/728

vt -12.4421 5.00077
v 43.2923 17.8997 -18.5521
vt -11.0965 4.16979
vn -0.669517 -0.385011 0.635227
vt -12.9424 4.27526
f 887/3827/729 888/3828/730 885/3829/727

v 42.9463 17.9732 -18.8907
vt -10.6155 2.7021
vn -0.705605 -0.241111 0.666324
vt -11.6685 2.64927
vt -13.0857 3.35111
f 889/3830/731 888/3831/730 887/3832/729

vt -10.7766 2.57102
v 43.4667 17.5453 -19.1969
vt -11.0877 2.03354
vn -0.443372 -0.81796 0.366556
vt -11.8257 2.46596
f 889/3833/731 890/3834/732 888/3835/730

vt -10.6303 3.14476
v 42.9989 17.6069 -19.6454
vt -9.56483 2.66889
vn -0.461283 -0.805257 0.372531
vt -10.9695 2.6246
f 889/3836/731 891/3837/733 890/3838/732

v 41.9743 18.3551 -19.4663
vt -8.38673 3.1482
vn -0.713608 -0.230071 0.661687
vt -9.67118 2.24895
vt -10.7567 2.67719
f 892/3839/734 891/3840/733 889/3841/731

vt -8.16791 3.66349
v 42.3627 17.7416 -20.1229
vt -7.79589 2.9436
vn -0.550146 -0.652479 0.521163
vt -9.50642 2.8469
f 892/3842/734 893/3843/735 891/3844/733

v 41.6701 17.8577 -20.3799
vt -5.75923 4.01333
vn -0.686707 -0.251885 0.6819
vt -7.22233 4.06999
vt -7.48538 4.83644
f 894/3845/736 893/3846/735 892/3847/734

vt -5.751 4.04701
vt -5.4963 3.44544
vt -7.21399 4.10632
f 894/3848/736 839/3849/681 893/3850/735

vt -4.34338 5.42469
vt -2.85186 3.95904
vt -4.2538 4.77758
f 894/3851/736 841/3852/683 839/3853/681

v 41.0204 17.7579 -20.8441
vt -4.11253 3.48065
vn -0.703975 -0.102058 0.702854
vt -3.96533 2.75271
vt -5.77992 3.79194
f 895/3854/737 841/3855/683 894/3856/736

vt -3.91274 3.65415
v 40.7617 17.1727 -21.5619
vt -2.58431 2.80495
vn -0.615593 -0.463243 0.637535
vt -3.79535 2.92082
f 895/3857/737 896/3858/738 841/3859/683

v 40.6096 18.0775 -21.0579
vt -3.71478 2.70193
vn -0.718913 0.066067 0.691953
vt -3.25357 1.76312
vt -4.69656 2.39846
f 897/3860/739 896/3861/738 895/3862/737

vt -3.4417 2.93275
v 40.1259 17.3291 -21.9111
vt -1.50483 2.03257
vn -0.723648 0.0795197 0.685573
vt -3.02405 1.97378
f 897/3863/739 898/3864/740 896/3865/738

vt -3.91504 1.953
v 41.0213 19.8615 -20.218
vt -5.68033 3.83364
vn -0.735421 0.182427 0.652592
vt -1.9253 1.1766
f 897/3866/739 899/3867/741 898/3868/740

v 41.1073 18.5795 -20.3603
vt -5.5633 2.65253
vn -0.719063 0.0620994 0.692165
vt -5.52495 4.00159
vt -3.78257 2.09971
f 900/3869/742 899/3870/741 897/3871/739

vt -5.74291 3.89918
vt -5.75608 2.54964
v 41.4 18.9228 -19.746
vt -7.12853 2.88338
vn -0.740291 0.0226135 0.671906
f 899/3872/741 900/3873/742 901/3874/743

vt -6.83198 3.77077
vt -5.47454 3.38043
vt -6.36486 2.66188
f 901/3875/743 900/3876/742 894/3877/736

vt -5.13423 3.43657
vt -4.37951 2.53591
vt -6.06022 2.76462
f 900/3878/742 895/3879/737 894/3880/736

vt -3.61231 2.55792
vt -4.59878 2.27007
vt -5.38156 3.14645
f 897/3881/739 895/3882/737 900/3883/742

vt -7.01784 3.51832
vt -6.51541 2.42498
vt -8.35873 2.9341
f 901/3884/743 894/3885/736 892/3886/734

v 41.5852 19.2725 -19.0477
vt -8.4344 3.82003
vn -0.733441 0.00737567 0.679713
vt -7.08692 3.47619
vt -8.41996 2.87426
f 902/3887/744 901/3888/743 892/3889/734

vt -8.61154 3.27453
v 41.2732 20.5412 -18.9225
vt -8.27001 4.59817
vn -0.728574 0.124444 0.673568
vt -7.25404 2.97263
f 902/3890/744 903/3891/745 901/3892/743

v 42.1774 18.9191 -18.6398
vt -9.60789 3.40464
vn -0.707671 0.022256 0.706191
vt -7.61859 5.00466
vt -8.04386 3.7055
f 904/3893/746 903/3894/745 902/3895/744

vt -9.6481 3.40333
v 41.6735 20.6326 -18.5177
vt -8.88333 5.15055
vn -0.693285 0.169092 0.700545
vt -7.66472 5.01069
f 904/3896/746 905/3897/747 903/3898/745

v 42.3011 19.9723 -18.2977
vt -9.92765 4.67987
vn -0.694352 0.135559 0.706752
vt -8.55086 5.26876
vt -9.35777 3.5406
f 906/3899/748 905/3900/747 904/3901/746

vt -9.68145 4.37164
v 42.2496 21.7651 -18.1998
vt -9.49718 6.27327
vn -0.689871 0.215462 0.691126
vt -8.29682 4.94187
f 906/3902/748 907/3903/749 905/3904/747

v 43.0855 19.7453 -17.5894
vt -12.5619 3.96935
vn -0.712623 0.115384 0.691994
vt -10.1287 6.03432
vt -10.2593 4.12825
f 908/3905/750 907/3906/749 906/3907/748

vt -12.6198 3.97622
v 43.4113 21.3998 -17.0644
vt -13.7411 5.76319
vn -0.698104 0.208726 0.684898
vt -10.1939 6.04979
f 908/3908/750 909/3909/751 907/3910/749

v 44.0543 20.1942 -16.5076
vt -15.7385 4.48491
vn -0.711119 0.138358 0.689324
vt -13.7778 5.71836
vt -12.6528 3.93379
f 910/3911/752 909/3912/751 908/3913/750

vt -15.6832 4.47083
v 44.7712 21.7921 -15.7102
vt -17.8179 6.24558
vn -0.696019 0.233747 0.678911
vt -13.7186 5.69791
f 910/3914/752 911/3915/753 909/3916/751

v 45.6181 20.8786 -14.7436
vt -20.7952 5.13254
vn -0.705829 0.183158 0.684295
vt -17.9237 6.0635
vt -15.7799 4.29985
f 912/3917/754 911/3918/753 910/3919/752

v 46.9914 21.5028 -13.2633
vt -25.0696 5.87578
vn -0.705303 0.220941 0.673597
vt -17.9039 6.03563
vt -20.7763 5.10728
f 913/3920/755 911/3921/753 912/3922/754

vt -25.064 5.68184
v 47.3522 23.1254 -13.1714
vt -25.5687 7.49242
vn -0.689897 0.268887 0.672117
vt -17.8983 5.84022
f 913/3923/755 914/3924/756 911/3925/753

vt -25.1439 5.60182
v 48.0515 22.2557 -12.1235
vt -28.4268 6.47736
vn -0.673969 0.244473 0.697136
vt -25.653 7.41116
f 913/3926/755 915/3927/757 914/3928/756

vt -25.1186 5.69972
v 47.5913 20.1886 -12.3628
vt -27.5612 4.29113
vn -0.699716 0.148676 0.69878
vt -28.4008 6.57812
f 913/3929/755 916/3930/758 915/3931/757

v 46.9736 19.551 -13.2547
vt -25.4115 3.59289
vn -0.732666 0.106221 0.672248
vt -27.6666 4.27498
vt -25.232 5.69734
f 917/3932/759 916/3933/758 913/3934/755

v 47.6413 18.5556 -12.9752
vt -26.7458 3.5109
vn -0.721133 -0.033179 0.692002
vt -27.4428 5.2173
vt -25.2005 4.4941
f 918/3935/760 916/3936/758 917/3937/759

vt -26.5094 4.12035
v 48.156 18.5924 -12.5645
vt -27.9144 4.23541
vn -0.705483 0.0466912 0.707187
vt -27.1712 5.8407
f 918/3938/760 919/3939/761 916/3940/758

vt -27.8523 4.83455
vt -26.448 4.71214
v 48.6899 17.8737 -12.5993
vt -28.7005 4.14811
vn -0.724647 -0.121219 0.678375
f 919/3941/761 918/3942/760 920/3943/762

vt -29.0387 3.17891
vt -26.8185 3.85916
v 48.5099 17.4174 -13.4061
vt -27.5555 2.66705
vn -0.669263 -0.440129 0.598642
f 920/3944/762 918/3945/760 921/3946/763

v 47.4162 18.029 -13.7793
vt -25.1118 4.10017
vn -0.7265 -0.140421 0.672666
vt -27.4079 3.5548
vt -26.6316 4.72169
f 922/3947/764 921/3948/763 918/3949/760

vt -25.3091 3.15613
v 47.8175 17.5654 -14.0413
vt -25.54 2.64618
vn -0.635563 -0.524352 0.566669
vt -27.5794 2.5115
f 922/3950/764 923/3951/765 921/3952/763

v 47.2549 17.7903 -14.3369
vt -24.1501 3.35964
vn -0.711872 -0.264295 0.650682
vt -25.476 3.14805
vt -25.2351 3.65333
f 924/3953/766 923/3954/765 922/3955/764

vt -24.2307 2.78864
vt -24.1179 2.33919
vt -25.551 2.54434
f 924/3956/766 881/3957/723 923/3958/765

vt -20.7392 2.80085
vt -24.0936 2.58014
vt -24.2018 3.03069
f 882/3959/724 881/3960/723 924/3961/766

v 46.0467 18.0891 -15.4242
vt -20.7038 3.05796
vn -0.722025 -0.177124 0.668811
vt -20.7674 2.57474
vt -24.2322 2.76937
f 925/3962/767 882/3963/724 924/3964/766

vt -20.7117 3.00676
vt -17.2065 2.65878
vt -20.7741 2.52339
f 925/3965/767 883/3966/725 882/3967/724

v 44.8599 18.2624 -16.7027
vt -16.9262 3.16732
vn -0.719215 -0.12604 0.683259
vt -17.2057 2.66439
vt -20.7107 3.01344
f 926/3968/768 883/3969/725 925/3970/767

vt -16.4206 4.83375
vt -15.0239 4.08234
vt -16.7503 4.36232
f 926/3971/768 884/3972/726 883/3973/725

v 44.0297 18.9463 -16.9123
vt -15.1816 4.11185
vn -0.696215 0.00915 0.717775
vt -15.3788 2.79301
vt -16.8241 3.44599
f 927/3974/769 884/3975/726 926/3976/768

vt -7.41538 7.2445
vt -7.7534 6.46941
vt -8.16524 6.14179
f 927/3977/769 886/3978/728 884/3979/726

vt -15.2445 3.76577
vt -13.1095 3.32734
vt -15.2495 2.92019
f 927/3980/769 887/3981/729 886/3982/728

vt -12.7496 4.3379
vt -13.1553 3.12214
vt -15.2935 3.54433
f 908/3983/750 887/3984/729 927/3985/769

vt -12.4688 4.70444
v 42.5004 19.0182 -18.4632
vt -10.325 3.85989
vn -0.705294 0.0232875 0.708532
vt -12.9141 3.50262
f 908/3986/750 928/3987/770 887/3988/729

vt -10.3026 4.50793
vt -10.4498 3.5258
vt -12.6047 4.34151
f 906/3989/748 928/3990/770 908/3991/750

vt -9.13442 3.77142
vt -9.87985 3.94588
vt -9.68568 4.91981
f 904/3992/746 928/3993/770 906/3994/748

vt -8.81383 4.82533
vt -9.78798 3.96795
vt -9.55404 5.02074
f 904/3995/746 889/3996/731 928/3997/770

vt -9.65937 4.142
vt -8.13609 3.49573
vt -10.5319 3.18137
f 904/3998/746 892/3999/734 889/4000/731

vt -8.28656 4.04142
vt -8.29715 3.0956
vt -9.84053 3.69228
f 902/4001/744 892/4002/734 904/4003/746

vt -10.4204 4.04216
vt -10.5433 2.97071
vt -13.0047 3.65211
f 928/4004/770 889/4005/731 887/4006/729

vt -15.6645 4.83936
vt -12.5818 4.27174
vt -15.1397 3.52457
f 910/4007/752 908/4008/750 927/4009/769

vt -15.5762 4.96916
vt -15.0605 3.65077
v 44.6454 19.0249 -16.352
vt -16.8445 3.80882
vn -0.718939 0.0327224 0.694303
f 910/4010/752 927/4011/769 929/4012/771

vt -14.9667 4.37684
vt -16.6294 3.76302
vt -16.7491 4.55253
f 927/4013/769 926/4014/768 929/4015/771

vt -17.0585 3.79868
vt -16.9047 3.01509
v 45.7547 18.7641 -15.1887
vt -20.5573 3.57699
vn -0.725748 0.0162592 0.687769
f 929/4016/771 926/4017/768 930/4018/772

vt -20.5387 3.68754
vt -16.888 3.11361
vt -20.6738 2.99647
f 930/4019/772 926/4020/768 925/4021/767

vt -20.535 3.70072
vt -20.6705 3.00973
v 47.022 18.4422 -13.9506
vt -24.3928 3.43434
vn -0.733013 0.00772862 0.68017
f 930/4022/772 925/4023/767 931/4024/773

vt -20.6412 3.22447
vt -24.1738 2.99253
vt -24.3609 3.6713
f 925/4025/767 924/4026/766 931/4027/773

vt -24.5386 2.51716
vt -24.32 1.84788
vt -25.4207 2.07598
f 931/4028/773 924/4029/766 922/4030/764

vt -24.3711 3.40388
vt -25.2703 2.99867
vt -25.2691 4.55791
f 931/4031/773 922/4032/764 917/4033/759

vt -25.4624 3.72726
vt -25.4126 2.16881
vt -26.9704 2.68779
f 917/4034/759 922/4035/764 918/4036/760

v 46.8625 19.9114 -13.5453
vt -24.8385 2.81494
vn -0.724724 0.150061 0.672501
vt -24.485 1.31317
vt -25.4819 2.38295
f 932/4037/774 931/4038/773 917/4039/759

v 45.6545 19.5396 -14.9332
vt -20.6185 4.33688
vn -0.715971 0.109723 0.689453
vt -24.3166 3.30706
vt -24.5462 4.8327
f 933/4040/775 931/4041/773 932/4042/774

vt -20.6586 4.33321
vt -20.4931 3.53095
vt -24.3525 3.2884
f 933/4043/775 930/4044/772 931/4045/773

vt -15.7921 4.80916
vt -20.5372 3.41411
vt -20.707 4.21546
f 910/4046/752 930/4047/772 933/4048/775

vt -15.7778 4.80946
vt -17.0251 3.62651
vt -20.525 3.42165
f 910/4049/752 929/4050/771 930/4051/772

vt -20.6455 4.01379
vt -20.7399 5.42801
vt -15.7272 4.57915
f 933/4052/775 912/4053/754 910/4054/752

vt -20.6705 3.97457
vt -24.6003 4.45299
vt -20.7676 5.38861
f 933/4055/775 932/4056/774 912/4057/754

vt -24.5665 4.40918
vt -25.0231 6.1146
vt -20.7316 5.33625
f 932/4058/774 913/4059/755 912/4060/754

vt -24.8815 3.61348
vt -25.5353 3.19745
vt -25.389 5.30446
f 932/4061/774 917/4062/759 913/4063/755

vt -23.6589 5.23253
vt -24.4604 5.09652
vt -25.0569 5.60845
f 881/4064/723 880/4065/722 923/4066/765

vt -25.4584 3.32526
vt -24.8181 2.86933
vt -27.0261 2.87665
f 923/4067/765 880/4068/722 878/4069/720

vt -25.6054 -0.901815
vt -27.0814 -1.59482
vt -27.612 -1.29024
f 923/4070/765 878/4071/720 921/4072/763

vt -27.561 -1.96583
vt -27.0229 -2.25698
vt -28.4016 -2.51597
f 921/4073/763 878/4074/720 877/4075/719

vt -27.6577 0.68663
vt -28.5461 0.217593
v 48.922 17.3505 -12.9947
vt -28.9161 0.556383
vn -0.674333 -0.485055 0.556774
f 921/4076/763 877/4077/719 934/4078/776

vt -27.992 -6.221
vt -27.5502 -6.45872
v 49.4236 16.9758 -13.1285
vt -28.4132 -6.80388
vn -0.341417 -0.929515 0.139417
f 934/4079/776 877/4080/719 935/4081/777

vt 24.0658 -14.3151
vt 25.1028 -14.4995
vt 24.8831 -14.7576
f 877/4082/719 875/4083/717 935/4084/777

v 49.5615 16.8552 -12.7404
vt 24.3123 -16.8708
vn -0.548151 -0.738859 0.39194
vt 23.6577 -16.3347
vt 23.8948 -16.0926
f 936/4085/778 935/4086/777 875/4087/717

vt -23.5268 -17.8268
vt -22.7031 -16.5927
vt -22.8711 -17.2919
f 936/4088/778 934/4089/776 935/4090/777

vt -29.1383 2.1946
vt -28.9008 1.64402
vt -30.2865 1.11371
f 920/4091/762 934/4092/776 936/4093/778

vt -27.5591 2.63524
vt -28.8234 2.58749
vt -29.0429 3.14551
f 921/4094/763 934/4095/776 920/4096/762

vt -29.1685 1.07626
vt -30.2757 -0.0466646
v 49.9278 16.9205 -11.92
vt -32.1092 -0.0375414
vn -0.741295 -0.196013 0.64192
f 920/4097/762 936/4098/778 937/4099/779

vt -30.2814 -0.449671
vt -31.3437 -0.648956
vt -32.1148 -0.430696
f 936/4100/778 874/4101/716 937/4102/779

vt 29.0312 -7.53146
vt 28.3857 -6.92881
vt 30.0991 -7.69807
f 936/4103/778 875/4104/717 874/4105/716

vt -31.7022 -3.57554
vt -30.9102 -3.69799
vt -32.2708 -4.14398
f 937/4106/779 874/4107/716 873/4108/715

vt -24.4661 -18.1969
vt -24.7181 -18.9605
v 50.6085 16.0995 -11.3681
vt -25.6875 -19.9408
vn -0.678011 -0.566536 0.468335
f 937/4109/779 873/4110/715 938/4111/780

vt 6.8034 -30.1032
vt 7.2394 -31.4169
vt 7.09998 -31.4497
f 873/4112/715 872/4113/714 938/4114/780

vt 20.0522 -27.305
vt 20.1669 -27.2192
v 50.8256 16.0252 -10.9868
vt 20.6069 -28.0566
vn -0.66943 -0.0970731 0.736506
f 938/4115/780 872/4116/714 939/4117/781

vt -31.153 -15.0632
vt -30.2636 -14.7407
vt -31.0972 -15.2296
f 939/4118/781 872/4119/714 871/4120/713

vt -9.82451 14.3774
vt -9.9897 14.318
v 51.0445 16.1965 -11.0751
vt -9.97795 14.6687
vn 0.429658 0.0175704 0.902821
f 939/4121/781 871/4122/713 940/4123/782

vt 29.9921 1.92769
vt 29.845 1.60918
v 51.2393 16.4354 -11.3542
vt 29.7591 2.29646
vn 0.880407 -0.21325 -0.423566
f 940/4124/782 871/4125/713 941/4126/783

vt 33.1634 1.80522
vt 34.8531 1.11398
vt 34.9033 0.423159
f 869/4127/711 941/4128/783 871/4129/713

vt 33.1281 1.76754
v 51.7831 18.153 -12.7236
vt 33.243 3.34645
vn 0.733352 -0.355033 -0.579781
vt 34.8188 1.07849
f 869/4130/711 942/4131/784 941/4132/783

vt 33.0458 1.85
v 51.3911 18.0781 -14.5055
vt 29.7375 3.60639
vn 0.658489 -0.457865 -0.597287
vt 33.157 3.42918
f 869/4133/711 943/4134/785 942/4135/784

vt 33.3026 1.40379
vt 30.4731 1.8354
vt 30.0399 3.2434
f 869/4136/711 867/4137/709 943/4138/785

vt 30.4474 2.13332
vt 28.1713 2.67588
vt 30.0003 3.53699
f 867/4139/709 865/4140/707 943/4141/785

vt 29.9196 3.97325
vt 28.1012 3.09006
vt 27.317 4.67571
f 943/4142/785 865/4143/707 862/4144/704

vt 29.756 3.96523
vt 27.144 4.63201
vt 27.9044 6.94653
f 943/4145/785 862/4146/704 860/4147/702

vt 27.6852 7.06626
v 52.5712 20.0292 -14.6341
vt 30.8365 6.57312
vn 0.699644 -0.410989 -0.584454
vt 29.5606 4.09984
f 860/4148/702 944/4149/786 943/4150/785

vt 27.7094 7.16142
v 53.3156 21.3343 -16.0149
vt 29.5545 8.59074
vn 0.700146 -0.347944 -0.623483
vt 30.8603 6.66574
f 860/4151/702 945/4152/787 944/4153/786

vt 26.8417 8.7834
vt 30.1489 7.48257
vt 28.2798 6.08475
f 859/4154/701 945/4155/787 860/4156/702

vt 26.797 8.6371
v 53.4382 22.9468 -16.5835
vt 29.2264 9.19038
vn 0.707722 -0.317262 -0.631249
vt 30.1034 7.33405
f 859/4157/701 946/4158/788 945/4159/787

v 53.881 24.394 -17.2414
vt 28.6102 11.3035
vn 0.691636 -0.312552 -0.651115
vt 29.1539 9.5069
vt 26.7246 8.95327
f 947/4160/789 946/4161/788 859/4162/701

v 54.2051 24.3055 -16.1248
vt 30.7625 11.1036
vn 0.726888 -0.307033 -0.6143
vt 29.0475 9.53834
vt 28.5003 11.3338
f 948/4163/790 946/4164/788 947/4165/789

vt 30.4199 11.5966
v 53.6556 23.0942 -15.3595
vt 30.9869 9.98439
vn 0.739904 -0.335099 -0.58331
vt 28.7153 10.02
f 948/4166/790 949/4167/791 946/4168/788

vt 29.9493 11.7066
v 54.0146 23.9312 -15.1377
vt 31.3208 11.0464
vn 0.754597 -0.338342 -0.562235
vt 30.5293 10.0991
f 948/4169/790 950/4170/792 949/4171/791

v 54.2675 25.1512 -15.5322
vt 30.1375 10.858
vn 0.760664 -0.264215 -0.592943
vt 30.4964 9.41191
vt 29.1238 10.07
f 951/4172/793 950/4173/792 948/4174/790

vt 29.0816 10.3576
v 54.0346 24.9674 -14.675
vt 30.1872 9.91461
vn 0.801135 -0.315153 -0.508784
vt 29.4295 8.9089
f 951/4175/793 952/4176/794 950/4177/792

v 54.4672 26.6991 -15.0549
vt 30.3945 12.8662
vn 0.758978 -0.305363 -0.57507
vt 30.5179 10.834
vt 29.4115 11.2753
f 953/4178/795 952/4179/794 951/4180/793

vt 30.0657 10.7716
vt 29.9446 12.8039
v 54.2422 26.6309 -14.274
vt 30.9366 12.5028
vn 0.807302 -0.398058 -0.435676
f 952/4181/794 953/4182/795 954/4183/796

v 54.8032 28.2126 -14.6304
vt 31.3637 15.5782
vn 0.749778 -0.330767 -0.573084
vt 31.2982 13.6688
vt 30.3063 13.9702
f 955/4184/797 954/4185/796 953/4186/795

vt 30.8613 13.7423
vt 30.9231 15.6519
v 54.8439 28.8663 -14.1479
vt 31.7376 16.2529
vn 0.802914 -0.440919 -0.401148
f 954/4187/796 955/4188/797 956/4189/798

v 55.4408 30.8811 -14.3403
vt 32.2973 18.3219
vn 0.760005 -0.246113 -0.601515
vt 31.9328 15.9812
vt 31.1179 15.3807
f 957/4190/799 956/4191/798 955/4192/797

vt 32.1012 18.3693
v 55.3272 30.95 -13.8983
vt 32.6782 18.3162
vn 0.688117 -0.319761 0.651343
vt 31.7381 16.0283
f 957/4193/799 958/4194/800 956/4195/798

vt 32.4007 15.0549
vt 31.8238 15.1087
v 55.3757 31.3035 -14.0107
vt 32.2768 15.471
vn 0.741983 0.288327 0.605251
f 958/4196/800 957/4197/799 959/4198/801

vt 30.6407 17.4251
vt 30.1839 17.0677
v 55.4279 31.5121 -14.0569
vt 30.6268 17.6701
vn 0.465446 0.881849 0.0755135
f 959/4199/801 957/4200/799 960/4201/802

v 55.3211 31.4251 -14.3237
vt 34.7408 16.6056
vn 0.67702 0.319697 -0.662901
vt 35.3137 16.6779
vt 34.9317 16.0352
f 961/4202/803 960/4203/802 957/4204/799

v 55.2429 31.5102 -14.1109
vt -8.35471 35.9956
vn -0.407713 0.815162 0.411439
vt -8.35867 36.3631
vt -8.17364 35.8161
f 962/4205/804 960/4206/802 961/4207/803

vt -34.7673 15.0684
vt -34.4029 15.0199
v 54.9041 31.1366 -13.8105
vt -34.3846 14.427
vn -0.573653 0.372505 0.729494
f 960/4208/802 962/4209/804 963/4210/805

vt -34.733 15.7459
v 53.8572 30.853 -14.0358
vt -32.8318 14.554
vn -0.598519 0.48692 0.636148
vt -34.7274 15.1528
f 962/4211/804 964/4212/806 963/4213/805

vt -32.9819 14.4565
vt -34.8667 15.6743
v 53.9732 31.1697 -14.5
vt -32.3979 14.9625
vn -0.47299 0.734453 0.486682
f 964/4214/806 962/4215/804 965/4216/807

vt -29.8581 19.114
vt -31.8729 20.7083
v 54.8071 31.2623 -14.6607
vt -30.5204 20.0358
vn 0.487408 0.725769 -0.485482
f 965/4217/807 962/4218/804 966/4219/808

vt -20.5123 31.7386
vt -20.2776 31.6392
vt -19.642 30.5041
f 962/4220/804 961/4221/803 966/4222/808

vt 33.7665 19.7903
v 55.0202 30.2992 -15.184
vt 32.2092 18.4484
vn 0.727946 -0.105683 -0.677441
vt 32.5032 19.4799
f 961/4223/803 967/4224/809 966/4225/808

vt 33.0835 16.1952
vt 34.7786 17.3581
vt 34.98 16.7913
f 967/4226/809 961/4227/803 957/4228/799

v 54.6801 27.8683 -15.4169
vt 32.3576 14.0877
vn 0.733528 -0.258229 -0.628692
vt 33.0129 16.7304
vt 34.918 17.2984
f 968/4229/810 967/4230/809 957/4231/799

vt 32.3092 14.0272
v 54.1624 28.5413 -16.9834
vt 29.0024 14.9186
vn 0.729148 -0.155115 -0.666545
vt 32.9712 16.6682
f 968/4232/810 969/4233/811 967/4234/809

v 54.2462 26.0471 -16.3629
vt 30.2878 11.9299
vn 0.742191 -0.218199 -0.633674
vt 28.9759 14.705
vt 32.2814 13.8091
f 970/4235/812 969/4236/811 968/4237/810

vt 29.9617 11.3108
v 53.9912 26.6719 -17.8107
vt 27.228 12.2145
vn 0.745637 -0.170996 -0.644038
vt 28.6863 14.1029
f 970/4238/812 971/4239/813 969/4240/811

v 54.0519 25.0205 -17.203
vt 28.4311 10.4937
vn 0.717257 -0.253811 -0.64894
vt 27.2583 12.3765
vt 29.9929 11.4758
f 972/4241/814 971/4242/813 970/4243/812

vt 29.0166 11.7661
v 53.4412 26.5401 -18.4051
vt 26.0622 13.4407
vn 0.68631 -0.25345 -0.68172
vt 27.7971 13.6189
f 972/4244/814 973/4245/815 971/4246/813

vt 28.7615 10.9951
vt 26.0569 13.3785
vt 29.0095 11.7008
f 947/4247/789 973/4248/815 972/4249/814

vt 28.7725 11.1097
v 52.6236 24.6754 -18.6116
vt 24.7255 11.3197
vn 0.680882 -0.280495 -0.676552
vt 26.062 13.4864
f 947/4250/789 974/4251/816 973/4252/815

vt 26.8806 8.77689
vt 24.7252 11.3319
vt 28.7722 11.1222
f 859/4253/701 974/4254/816 947/4255/789

v 51.034 23.4832 -19.79
vt 20.6454 9.84382
vn 0.677719 -0.306339 -0.668471
vt 24.7259 11.3253
vt 26.8807 8.76984
f 975/4256/817 974/4257/816 859/4258/701

v 51.3679 26.0791 -20.1498
vt 20.2893 12.7623
vn 0.694284 -0.233122 -0.6809
vt 24.7215 11.3302
vt 20.6427 9.84435
f 976/4259/818 974/4260/816 975/4261/817

vt 20.2948 12.7075
v 52.7881 26.4194 -18.7669
vt 24.5356 13.2019
vn 0.682025 -0.227147 -0.695159
vt 24.7253 11.2701
f 976/4262/818 977/4263/819 974/4264/816

vt 20.2894 12.5809
v 52.6894 27.8867 -18.8021
vt 24.1611 14.6443
vn 0.688563 -0.163903 -0.706411
vt 24.5292 13.0836
f 976/4265/818 978/4266/820 977/4267/819

vt 20.2934 12.5791
v 51.6892 28.0885 -19.8104
vt 21.0793 14.765
vn 0.710639 -0.134657 -0.69055
vt 24.1685 14.6359
f 976/4268/818 979/4269/821 978/4270/820

v 50.2571 27.8996 -21.2485
vt 16.7171 14.4386
vn 0.713143 -0.14406 -0.686057
vt 21.0784 14.7687
vt 20.2929 12.5826
f 980/4271/822 979/4272/821 976/4273/818

vt 21.0627 14.2316
vt 16.7029 13.8821
v 50.8162 29.3845 -20.1315
vt 19.1056 15.5009
vn 0.722252 0.0272478 -0.691093
v 51.4671 29.5309 -19.4526
vt 21.1194 15.7234
vn 0.719045 0.0344671 -0.694109
f 979/4274/821 980/4275/822 981/4276/823 982/4277/824 

vt 19.139 15.4862
vt 16.7228 13.8875
v 48.9818 29.7584 -21.9752
vt 13.4819 15.7371
vn 0.7314 0.0485226 -0.68022
f 981/4278/823 980/4279/822 983/4280/825

vt 13.5304 15.0782
vt 16.7364 13.1687
v 48.446 29.4989 -22.8859
vt 11.3288 14.811
vn 0.732202 -0.0401936 -0.6799
f 983/4281/825 980/4282/822 984/4283/826

v 48.5192 28.5594 -23.2056
vt 11.0189 14.1934
vn 0.725375 -0.13378 -0.675229
vt 11.3182 15.1664
vt 16.7362 13.5585
f 985/4284/827 984/4285/826 980/4286/822

vt 11.3429 15.0188
vt 11.0228 14.0525
v 48.1866 29.2665 -23.4725
vt 10.0528 14.805
vn 0.735933 -0.0335999 -0.67622
f 984/4287/826 985/4288/827 986/4289/828

vt 10.0516 14.9451
vt 11.0253 14.1972
v 48.1666 28.2778 -23.9157
vt 9.40876 13.9277
vn 0.72372 -0.150959 -0.673381
f 986/4290/828 985/4291/827 987/4292/829

vt 9.4032 14.3966
vt 11.0212 14.657
v 48.5606 27.1901 -23.2584
vt 11.1179 13.1964
vn 0.709087 -0.211211 -0.672745
f 987/4293/829 985/4294/827 988/4295/830

vt 11.135 13.4286
vt 11.0106 14.8871
vt 16.7311 14.2826
f 988/4296/830 985/4297/827 980/4298/822

v 49.5237 25.847 -22.0147
vt 14.6588 12.1406
vn 0.694282 -0.246121 -0.676311
vt 11.1367 13.5517
vt 16.7342 14.3961
f 989/4299/831 988/4300/830 980/4301/822

v 48.3859 25.5404 -23.2487
vt 11.0671 11.8219
vn 0.695684 -0.25988 -0.669691
vt 11.1341 13.6335
vt 14.659 12.2292
f 990/4302/832 988/4303/830 989/4304/831

v 47.7517 27.7687 -24.5362
vt 7.8701 14.211
vn 0.700615 -0.186688 -0.688684
vt 11.1361 13.5678
vt 11.0578 11.7567
f 991/4305/833 988/4306/830 990/4307/832

vt 9.41064 14.6287
vt 11.1341 13.4411
vt 7.86902 14.0891
f 987/4308/829 988/4309/830 991/4310/833

v 47.7918 29.2291 -24.1328
vt 8.40795 15.3029
vn 0.717416 -0.0544349 -0.694515
vt 9.40467 14.3211
vt 7.86873 13.7655
f 992/4311/834 987/4312/829 991/4313/833

vt 8.42965 14.9268
vt 10.0507 14.9467
vt 9.40961 13.9282
f 992/4314/834 986/4315/828 987/4316/829

v 47.5303 30.4728 -23.3854
vt 9.11844 14.8436
vn 0.723428 0.188354 -0.66421
vt 10.0501 13.5975
vt 8.42904 13.5755
f 993/4317/835 986/4318/828 992/4319/834

v 47.9678 30.2536 -22.9327
vt 10.4847 14.7508
vn 0.735979 0.132665 -0.663878
vt 10.046 13.7407
vt 9.10537 14.98
f 994/4320/836 986/4321/828 993/4322/835

v 48.2392 30.1942 -22.5797
vt 11.4494 14.6792
vn 0.735747 0.0928461 -0.670862
vt 10.0469 13.7348
vt 10.4869 14.7444
f 995/4323/837 986/4324/828 994/4325/836

vt 11.4475 14.6695
vt 11.3327 13.9573
vt 10.0461 13.7235
f 995/4326/837 984/4327/826 986/4328/828

vt 11.4234 14.7885
vt 13.517 14.3596
vt 11.3177 14.0749
f 995/4329/837 983/4330/825 984/4331/826

v 48.0592 30.6233 -22.1996
vt 11.7825 12.6365
vn 0.704548 0.352218 -0.616079
vt 13.5477 11.6776
vt 11.4727 12.189
f 996/4332/838 983/4333/825 995/4334/837

v 49.2543 30.0234 -21.3365
vt 14.8926 13.6375
vn 0.72262 0.179427 -0.667552
vt 13.512 13.347
vt 11.7046 14.2239
f 997/4335/839 983/4336/825 996/4337/838

vt 14.8845 13.4701
vt 19.1595 12.8669
vt 13.5052 13.1738
f 997/4338/839 981/4339/823 983/4340/825

v 50.4706 30.2547 -19.6597
vt 19.2849 14.2796
vn 0.689745 0.309647 -0.6545
vt 19.1519 13.3771
vt 14.874 13.959
f 998/4341/840 981/4342/823 997/4343/839

vt 19.1234 15.058
vt 21.0392 14.411
vt 19.03 14.1505
f 998/4344/840 982/4345/824 981/4346/823

v 51.0897 30.3618 -19.0175
vt 21.0538 15.0566
vn 0.681084 0.34761 -0.644431
vt 21.0561 14.1931
vt 19.1431 14.8482
f 999/4347/841 982/4348/824 998/4349/840

v 52.027 30.1776 -18.2875
vt 23.6723 14.6922
vn 0.699542 0.235456 -0.674686
vt 21.1019 13.9169
vt 21.1109 14.7804
f 1000/4350/842 982/4351/824 999/4352/841

vt 23.7448 15.02
v 52.3213 29.367 -18.6218
vt 23.7484 14.1881
vn 0.701179 -0.0462189 -0.711485
vt 21.1587 14.2989
f 1000/4353/842 1001/4354/843 982/4355/824

vt 22.7651 17.9743
v 52.7188 29.2042 -18.5799
vt 23.5739 17.0751
vn 0.695342 -0.049728 -0.716956
vt 22.8714 17.1491
f 1000/4356/842 1002/4357/844 1001/4358/843

v 52.7362 30.2432 -17.5692
vt 25.8145 14.9552
vn 0.67149 0.342289 -0.657221
v 53.4213 29.2976 -17.8439
vt 26.5368 14.0043
vn 0.748696 0.0186385 -0.662651
vt 24.3528 13.8074
vt 23.6445 14.7876
f 1003/4359/845 1004/4360/846 1002/4361/844 1000/4362/842 

v 53.4343 30.5395 -16.6708
vt 28.1947 15.5346
vn 0.687842 0.270807 -0.673451
vt 26.5196 14.1601
vt 25.7928 15.1076
f 1005/4363/847 1004/4364/846 1003/4365/845

vt 28.2851 15.2421
v 53.7155 29.5892 -17.2693
vt 27.884 14.246
vn 0.728926 -0.00522779 -0.684572
vt 26.5831 13.901
f 1005/4366/847 1006/4367/848 1004/4368/846

v 53.9206 30.0306 -16.6837
vt 28.9933 15.1046
vn 0.721473 0.000250786 -0.692443
vt 27.8327 14.5946
vt 28.219 15.5966
f 1007/4369/849 1006/4370/848 1005/4371/847

vt 29.1121 13.8647
vt 27.9147 14.9724
vt 29.1059 15.4061
f 969/4372/811 1006/4373/848 1007/4374/849

vt 26.6209 15.0637
vt 27.9346 15.3562
vt 29.141 14.2582
f 1004/4375/846 1006/4376/848 969/4377/811

vt 27.7699 12.5745
vt 26.6259 15.3192
vt 29.1486 14.5218
f 971/4378/813 1004/4379/846 969/4380/811

vt 16.9772 1.3598
v 53.7512 28.254 -18.0247
vt 16.7355 3.23193
vn 0.757829 -0.0740001 -0.648243
vt 16.9008 4.33233
f 971/4381/813 1008/4382/850 1004/4383/846

vt 27.798 13.3366
v 53.3234 27.7393 -18.5277
vt 25.5674 14.4385
vn 0.690823 -0.181906 -0.699767
vt 26.9363 15.0161
f 971/4384/813 1009/4385/851 1008/4386/850

vt 26.0631 13.2391
vt 25.5654 14.5191
vt 27.7977 13.4206
f 973/4387/815 1009/4388/851 971/4389/813

vt 24.3901 13.5107
vt 25.398 15.0297
vt 25.9191 13.7591
f 977/4390/819 1009/4391/851 973/4392/815

vt 24.2651 13.6986
vt 23.8588 15.2497
vt 25.2626 15.2245
f 977/4393/819 978/4394/820 1009/4395/851

vt 25.2697 15.2471
vt 23.866 15.2729
vt 24.0611 16.6802
f 1009/4396/851 978/4397/820 1002/4398/844

vt 23.3778 17.5103
vt 23.2313 16.0971
vt 22.6745 17.5758
f 1002/4399/844 978/4400/820 1001/4401/843

vt 23.7457 15.4802
vt 24.1743 13.9594
vt 21.0854 14.0956
f 1001/4402/843 978/4403/820 979/4404/821

vt 23.7376 15.4817
vt 21.0807 14.0907
vt 21.1475 15.5821
f 1001/4405/843 979/4406/821 982/4407/824

vt 25.5096 14.4376
vt 24.3398 15.9026
vt 26.8683 15.0385
f 1009/4408/851 1002/4409/844 1008/4410/850

vt 24.3965 15.2594
vt 26.5828 15.428
vt 26.9148 14.3659
f 1002/4411/844 1004/4412/846 1008/4413/850

vt 24.6208 11.5126
vt 24.4122 13.4424
vt 25.9416 13.689
f 974/4414/816 977/4415/819 973/4416/815

vt 29.119 14.989
vt 29.0539 16.529
v 54.4044 29.9897 -16.2251
vt 30.4963 16.534
vn 0.723685 -0.06737 -0.686835
f 969/4417/811 1007/4418/849 1010/4419/852

v 53.9474 30.9234 -15.992
vt 30.0681 16.3874
vn 0.669096 0.333 -0.664396
v 54.7514 30.7991 -15.2683
vt 32.4121 16.3362
vn 0.727872 0.0956786 -0.679005
vt 30.4961 15.4436
vt 29.0537 15.4386
f 1011/4420/853 1012/4421/854 1010/4422/852 1007/4423/849 

v 54.3019 31.2424 -15.1141
vt 31.9574 13.4548
vn 0.274842 0.935029 -0.224016
vt 32.4374 12.9833
vt 30.0939 13.0514
f 1013/4424/855 1012/4425/854 1011/4426/853

vt 33.1814 15.6626
vt 32.2268 15.1026
vt 31.724 15.5498
f 966/4427/808 1012/4428/854 1013/4429/855

vt 33.4491 14.7271
vt 32.9894 13.758
vt 32.4313 14.2925
f 966/4430/808 967/4431/809 1012/4432/854

vt 33.0831 15.7287
vt 30.563 15.407
vt 32.505 16.2415
f 967/4433/809 1010/4434/852 1012/4435/854

vt 29.1418 14.5509
vt 30.5599 16.0585
vt 33.082 16.3638
f 969/4436/811 1010/4437/852 967/4438/809

vt -32.5461 10.1877
vt -33.505 10.7952
vt -32.0483 10.6728
f 965/4439/807 966/4440/808 1013/4441/855

vt -32.4332 8.20231
vt -31.9578 8.7094
v 53.4356 31.2382 -15.2797
vt -30.4061 8.32907
vn -0.420966 0.803787 0.420374
f 965/4442/807 1013/4443/855 1014/4444/856

vt -30.5154 8.32338
vt -32.0152 8.87377
v 53.6371 31.2 -15.7151
vt -30.1068 8.59095
vn 0.182707 0.961997 -0.202928
f 1014/4445/856 1013/4446/855 1015/4447/857

vt 29.3999 13.4788
vt 31.3089 13.758
vt 29.5057 13.1383
f 1015/4448/857 1013/4449/855 1011/4450/853

vt 26.4174 21.1899
vt 26.6048 20.8865
v 53.0413 30.9484 -16.1831
vt 24.9642 20.4545
vn 0.161553 0.968875 -0.187566
f 1015/4451/857 1011/4452/853 1016/4453/858

vt 24.2446 20.8401
vt 25.8641 21.3453
vt 24.3472 20.3081
f 1016/4454/858 1011/4455/853 1005/4456/847

vt 29.8598 17.0329
vt 28.8778 16.0507
vt 28.0934 16.5263
f 1011/4457/853 1007/4458/849 1005/4459/847

vt 28.011 12.0345
vt 27.9345 11.4982
v 52.6753 30.8065 -16.7931
vt 26.5525 11.705
vn 0.451984 0.768574 -0.452774
f 1016/4460/858 1005/4461/847 1017/4462/859

vt 26.2985 14.7255
vt 27.6875 14.5724
vt 25.3278 13.9536
f 1017/4463/859 1005/4464/847 1003/4465/845

vt 24.675 17.7735
vt 23.8408 16.8557
v 52.2306 30.7017 -17.1092
vt 23.5833 17.3828
vn 0.276431 0.922152 -0.270594
f 1017/4466/859 1003/4467/845 1018/4468/860

vt 25.3559 12.1216
vt 25.5052 11.5543
vt 23.3507 11.2454
f 1018/4469/860 1003/4470/845 1000/4471/842

vt 25.7659 11.5035
vt 23.6917 10.8064
v 51.6345 30.616 -17.9166
vt 23.6279 11.3162
vn 0.516736 0.725533 -0.454517
f 1018/4472/860 1000/4473/842 1019/4474/861

vt 23.6623 11.0314
vt 23.7202 10.5209
vt 21.1606 10.6516
f 1019/4475/861 1000/4476/842 999/4477/841

vt 23.481 10.1653
vt 21.0028 9.65425
v 50.5293 30.7476 -18.7358
vt 20.5347 10.1194
vn 0.321027 0.904018 -0.282299
f 1019/4478/861 999/4479/841 1020/4480/862

vt 20.5981 12.033
vt 18.7137 11.655
vt 20.0917 12.4561
f 999/4481/841 998/4482/840 1020/4483/862

vt 19.8941 12.7557
vt 18.5407 11.9136
v 50.1337 30.6314 -19.2102
vt 18.6123 12.4114
vn 0.447755 0.801581 -0.396211
f 1020/4484/862 998/4485/840 1021/4486/863

vt 19.455 9.03874
vt 19.2896 8.5638
v 48.8962 30.5477 -20.9824
vt 14.8465 8.83952
vn 0.643644 0.518732 -0.562707
f 1021/4487/863 998/4488/840 1022/4489/864

vt 19.2449 12.511
vt 14.8395 12.1226
vt 14.7969 12.6913
f 998/4490/840 997/4491/839 1022/4492/864

vt 14.9286 11.6657
vt 14.9329 11.0953
vt 11.7682 11.7965
f 1022/4493/864 997/4494/839 996/4495/838

v 48.029 30.9491 -21.1778
vt 13.3688 6.36408
vn 0.293702 0.938404 -0.182033
vt 14.9506 5.74014
vt 11.7981 5.99778
f 1023/4496/865 1022/4497/864 996/4498/838

v 48.557 30.8033 -20.6768
vt 14.9397 4.5481
vn 0.241169 0.959726 -0.144093
vt 14.9324 4.18518
vt 13.3886 4.89817
f 1024/4499/866 1022/4500/864 1023/4501/865

vt 14.7474 7.31623
vt 19.4094 7.24836
vt 14.8058 6.95796
f 1024/4502/866 1021/4503/863 1022/4504/864

v 49.7269 30.7816 -18.8341
vt -19.1954 -1.96491
vn -0.138881 0.973023 0.184225
vt -19.2536 -1.58368
vt -14.5949 -1.3955
f 1025/4505/867 1021/4506/863 1024/4507/866

vt -14.6421 15.2954
vt -15.2804 16.5456
vt -14.3758 15.5743
f 1025/4508/867 1020/4509/862 1021/4510/863

vt -19.5023 5.61164
v 49.8121 30.8036 -18.1651
vt -20.685 5.39248
vn -0.38334 0.828272 0.408675
vt -20.8363 6.04829
f 1025/4511/867 1026/4512/868 1020/4513/862

vt -20.7142 6.46578
vt -19.528 6.66511
v 47.6918 30.7674 -19.7938
vt -15.0432 5.74992
vn -0.44292 0.760107 0.475458
f 1026/4514/868 1025/4515/867 1027/4516/869

vt -14.8031 9.44418
vt -19.3426 10.0294
v 47.8603 30.9311 -20.4789
vt -13.9715 9.95585
vn -0.32514 0.861757 0.389435
f 1027/4517/869 1025/4518/867 1028/4519/870

vt -19.4179 1.92319
vt -14.7886 2.16454
vt -14.0504 1.71331
f 1025/4520/867 1024/4521/866 1028/4522/870

vt -13.2509 1.33906
vt -14.0613 1.64182
vt -12.4947 1.91433
f 1028/4523/870 1024/4524/866 1023/4525/865

vt -13.5736 2.77959
vt -12.784 3.30798
v 47.1352 31.1019 -21.3732
vt -11.0992 3.15311
vn -0.218172 0.92354 0.315398
f 1028/4526/870 1023/4527/865 1029/4528/871

vt -13.2979 0.828509
v 47.7334 30.9072 -21.8699
vt -11.7719 0.918513
vn 0.409231 0.867377 -0.283172
vt -11.668 0.374858
f 1023/4529/865 1030/4530/872 1029/4531/871

vt 13.3797 6.57356
vt 11.8031 6.23354
vt 11.8514 6.60847
f 1023/4532/865 996/4533/838 1030/4534/872

vt 11.8346 5.47138
vt 11.7469 5.10366
v 47.6285 30.8018 -22.616
vt 10.4888 5.50822
vn 0.675023 0.490366 -0.551258
f 1030/4535/872 996/4536/838 1031/4537/873

vt 10.4629 12.8333
vt 11.7678 12.6241
vt 10.5019 12.2494
f 1031/4538/873 996/4539/838 994/4540/836

vt 11.7704 12.6775
vt 11.4653 12.2267
vt 10.5038 12.3054
f 996/4541/838 995/4542/837 994/4543/836

vt 10.4943 12.5569
vt 10.5187 11.9722
vt 9.14851 12.2506
f 1031/4544/873 994/4545/836 993/4546/835

v 46.8913 31.1106 -22.8741
vt 8.80417 10.5694
vn 0.510323 0.744284 -0.430827
vt 10.3414 10.2485
vt 9.02993 9.81854
f 1032/4547/874 1031/4548/873 993/4549/835

v 47.2183 31.1857 -22.2476
vt 10.3455 9.22336
vn 0.279882 0.952343 -0.121275
vt 10.4082 8.74423
vt 8.88298 9.11781
f 1033/4550/875 1031/4551/873 1032/4552/874

v 47.1834 31.1307 -21.9283
vt 9.14815 3.42792
vn 0.229941 0.972633 -0.0333501
vt 8.47188 3.28657
vt 8.73118 3.69433
f 1034/4553/876 1031/4554/873 1033/4555/875

vt 10.9781 2.02233
vt 11.7968 1.48881
vt 10.4532 1.57315
f 1034/4556/876 1030/4557/872 1031/4558/873

vt -7.31848 -5.28091
vt -7.75632 -4.9423
vt -6.85673 -4.56066
f 1029/4559/871 1030/4560/872 1034/4561/876

vt -10.4636 0.44221
vt -9.75674 0.924246
v 46.619 31.2511 -21.6738
vt -9.21562 0.643776
vn -0.290073 0.877603 0.381668
f 1029/4562/871 1034/4563/876 1035/4564/877

vt -8.59211 1.33933
vt -9.15838 1.56476
vt -8.78593 1.89052
f 1035/4565/877 1034/4566/876 1033/4567/875

vt -10.106 3.57708
vt -10.1373 4.16052
v 46.0632 31.3287 -22.5286
vt -7.94168 3.8208
vn -0.19923 0.936954 0.287095
f 1035/4568/877 1033/4569/875 1036/4570/878

vt -10.3804 3.62117
vt -8.97542 3.20137
vt -8.52792 2.39458
f 1033/4571/875 1032/4572/874 1036/4573/878

vt -7.32218 -0.68639
vt -8.14612 -0.271322
v 46.3974 31.2234 -23.1037
vt -7.03328 -0.173798
vn 0.442478 0.85407 -0.273454
f 1036/4574/878 1032/4575/874 1037/4576/879

vt 8.6337 7.8993
v 46.7725 30.8554 -23.6551
vt 7.29259 7.4324
vn 0.697289 0.411078 -0.587199
vt 7.51865 7.96705
f 1032/4577/874 1038/4578/880 1037/4579/879

vt 8.94327 9.85758
vt 9.12008 9.09371
vt 7.55251 9.5706
f 1032/4580/874 993/4581/835 1038/4582/880

vt 8.93254 13.9638
v 47.1556 30.1086 -24.0848
vt 7.33627 13.4955
vn 0.720663 0.0457603 -0.691773
vt 7.32465 14.2791
f 993/4583/835 1039/4584/881 1038/4585/880

vt 9.02208 14.9511
vt 8.38661 13.6552
vt 7.41235 14.5314
f 993/4586/835 992/4587/834 1039/4588/881

vt 7.18007 15.8735
vt 8.20826 15.0613
v 46.9762 28.951 -24.6744
vt 6.18613 14.5911
vn 0.679232 -0.150233 -0.718383
f 1039/4589/881 992/4590/834 1040/4591/882

vt 6.23183 15.0379
vt 8.259 15.4859
vt 7.78298 13.9277
f 1040/4592/882 992/4593/834 991/4594/833

vt 6.10572 15.4413
vt 7.67971 14.3638
v 47.4621 26.7532 -24.7313
vt 7.09564 13.2139
vn 0.675875 -0.254299 -0.691755
f 1040/4595/882 991/4596/833 1041/4597/883

vt 7.23904 13.1319
vt 7.87062 14.2565
vt 11.0625 11.8076
f 1041/4598/883 991/4599/833 990/4600/832

vt 7.24026 13.2492
vt 11.067 11.9345
v 47.7669 23.4593 -23.1841
vt 10.4719 9.54225
vn 0.678529 -0.305884 -0.667857
f 1041/4601/883 990/4602/832 1042/4603/884

vt 10.4703 9.53911
vt 11.0665 11.9311
vt 14.6589 12.3344
f 1042/4604/884 990/4605/832 989/4606/831

vt 10.4727 9.5272
vt 14.6551 12.3317
v 49.411 24.5101 -21.8134
vt 14.9496 10.8413
vn 0.684193 -0.284246 -0.671629
f 1042/4607/884 989/4608/831 1043/4609/885

vt 14.9508 10.8268
vt 14.6576 12.3175
vt 20.296 12.7213
f 1043/4610/885 989/4611/831 976/4612/818

vt 14.6554 12.1638
vt 16.7179 14.431
vt 20.2934 12.5743
f 989/4613/831 980/4614/822 976/4615/818

vt 20.6453 9.80674
vt 14.951 10.8331
vt 20.297 12.7253
f 975/4616/817 1043/4617/885 976/4618/818

v 48.826 22.7242 -21.6472
vt 14.5341 8.784
vn 0.671388 -0.334832 -0.661155
vt 14.9501 10.8735
vt 20.645 9.85051
f 1044/4619/886 1043/4620/885 975/4621/817

vt 10.4717 9.5598
vt 14.9504 10.868
vt 14.5335 8.77868
f 1042/4622/884 1043/4623/885 1044/4624/886

vt 14.5346 8.78061
vt 10.3254 7.22308
vt 10.4728 9.56197
f 1044/4625/886 853/4626/695 1042/4627/884

vt 14.533 8.77956
vt 13.4309 6.34103
vt 10.3247 7.21955
f 1044/4628/886 854/4629/696 853/4630/695

vt 17.9574 7.19556
vt 13.4293 6.32887
vt 14.5344 8.76606
f 857/4631/699 854/4632/696 1044/4633/886

vt 20.6453 9.84545
vt 17.9581 7.20916
vt 14.5346 8.77843
f 975/4634/817 857/4635/699 1044/4636/886

vt 26.8803 8.76821
vt 17.9569 7.20677
vt 20.645 9.84214
f 859/4637/701 857/4638/699 975/4639/817

vt 10.4716 9.55548
vt 10.3226 7.21668
v 46.6945 23.319 -24.076
vt 7.49391 9.27585
vn 0.66623 -0.315155 -0.67588
f 1042/4640/884 853/4641/695 1045/4642/887

vt 7.49567 9.28388
vt 10.325 7.22549
v 45.7658 21.0311 -23.8492
vt 6.71712 6.55173
vn 0.636097 -0.369214 -0.677541
f 1045/4643/887 853/4644/695 1046/4645/888

vt 6.71766 6.54289
vt 10.3254 7.21742
vt 7.23563 5.22897
f 1046/4646/888 853/4647/695 850/4648/692

vt 6.37964 6.1162
vt 6.85316 4.78561
vt 4.86951 2.67687
f 1046/4649/888 850/4650/692 846/4651/688

vt 5.1936 2.64533
v 45.3525 21.6909 -24.3704
vt 5.11197 6.82287
vn 0.620145 -0.365332 -0.694228
vt 6.61024 6.12421
f 846/4652/688 1047/4653/889 1046/4654/888

v 43.0499 20.1753 -23.7166
vt 2.68716 4.31526
vn 0.595285 -0.380441 -0.707744
vt 5.08194 6.79114
vt 5.13852 2.61318
f 1048/4655/890 1047/4656/889 846/4657/688

vt 2.53772 4.48755
v 44.2146 21.576 -24.3026
vt 3.31045 6.45032
vn 0.566621 -0.379576 -0.731343
vt 4.96928 6.92732
f 1048/4658/890 1049/4659/891 1047/4660/889

vt 2.22193 4.60566
v 43.2294 21.5904 -24.0872
vt 1.77226 6.23245
vn 0.557346 -0.338818 -0.758003
vt 3.0283 6.55485
f 1048/4661/890 1050/4662/892 1049/4663/891

v 42.7699 20.8645 -23.9059
vt 1.73293 5.41562
vn 0.578897 -0.30836 -0.754846
vt 2.07833 6.3549
vt 2.54392 4.7326
f 1051/4664/893 1050/4665/892 1048/4666/890

v 42.6507 22.2448 -23.9627
vt 0.679862 7.04172
vn 0.467522 -0.246253 -0.848989
vt 1.54826 6.54908
vt 1.20368 5.6095
f 1052/4667/894 1050/4668/892 1051/4669/893

v 43.8316 23.1262 -24.5669
vt 1.45113 8.14599
vn 0.540321 -0.293856 -0.788481
vt 1.38163 6.24503
vt 0.513649 6.7384
f 1053/4670/895 1050/4671/892 1052/4672/894

vt 1.76832 6.25117
vt 1.81341 8.15287
vt 3.02441 6.57339
f 1050/4673/892 1053/4674/895 1049/4675/891

vt 2.96321 6.50652
vt 1.75618 8.08903
v 44.7678 22.3562 -24.6314
vt 3.26535 7.56589
vn 0.612102 -0.299019 -0.732064
f 1049/4676/891 1053/4677/895 1054/4678/896

vt 1.8889 8.47944
v 44.5505 23.8612 -24.6944
vt 2.70598 9.49725
vn 0.586695 -0.302217 -0.751301
vt 3.39822 7.95673
f 1053/4679/895 1055/4680/897 1054/4681/896

v 43.7249 24.1325 -24.5169
vt 1.40798 9.59772
vn 0.527746 -0.281379 -0.801443
vt 2.51463 9.59329
vt 1.70903 8.56636
f 1056/4682/898 1055/4683/897 1053/4684/895

vt 1.40496 8.82633
v 44.7716 24.6257 -24.9933
vt 2.34619 9.76884
vn 0.555403 -0.355921 -0.751564
vt 2.51161 8.8219
f 1056/4685/898 1057/4686/899 1055/4687/897

v 43.1909 24.3392 -24.2873
vt 0.27579 9.48293
vn 0.411137 -0.289507 -0.86438
vt 1.83027 10.4007
vt 0.876406 9.47096
f 1058/4688/900 1057/4689/899 1056/4690/898

v 44.3173 25.2733 -24.95
vt 1.33775 10.4079
vn 0.522433 -0.305941 -0.795905
vt 2.10519 9.86409
vt 0.555196 8.93879
f 1059/4691/901 1057/4692/899 1058/4693/900

v 45.1871 25.2644 -25.1627
vt 2.66525 11.158
vn 0.599979 -0.256893 -0.757648
vt 2.35488 10.3268
vt 1.58391 10.8657
f 1060/4694/902 1057/4695/899 1059/4696/901

v 46.0099 25.042 -25.0849
vt 4.45901 11.0101
vn 0.631096 -0.302599 -0.714249
vt 2.72634 10.1848
vt 3.0341 11.017
f 1061/4697/903 1057/4698/899 1060/4699/902

vt 4.48124 10.9448
v 45.3312 23.5968 -24.6326
vt 4.29002 9.12096
vn 0.618216 -0.326085 -0.715177
vt 2.7494 10.1178
f 1061/4700/903 1062/4701/904 1057/4702/899

v 46.0514 23.4464 -24.4086
vt 5.87168 9.14176
vn 0.646442 -0.308375 -0.697867
vt 4.40875 9.1336
vt 4.58683 10.9588
f 1063/4703/905 1062/4704/904 1061/4705/903

vt 3.71879 7.8879
vt 4.40745 9.36771
vt 5.87038 9.37587
f 1054/4706/896 1062/4707/904 1063/4708/905

vt 3.5808 7.95137
vt 2.90754 9.50028
vt 4.25181 9.43928
f 1054/4709/896 1055/4710/897 1062/4711/904

vt 4.2299 8.95744
vt 2.88564 9.01843
vt 2.69319 9.96025
f 1062/4712/904 1055/4713/897 1057/4714/899

vt 3.72199 7.88521
vt 5.87394 9.37264
vt 5.1042 7.30088
f 1054/4715/896 1063/4716/905 1047/4717/889

vt 5.16124 7.26826
vt 5.94068 9.33639
vt 7.44252 9.32323
f 1047/4718/889 1063/4719/905 1045/4720/887

vt 7.44186 9.2658
vt 5.94002 9.27894
v 47.0074 25.6978 -24.7936
vt 6.52583 12.014
vn 0.656798 -0.260336 -0.707702
f 1045/4721/887 1063/4722/905 1064/4723/906

vt 6.54843 12.0119
vt 5.9645 9.27642
vt 4.66967 11.0863
f 1064/4724/906 1063/4725/905 1061/4726/903

vt 6.41996 12.059
vt 4.55238 11.111
v 45.5303 27.0425 -25.0877
vt 3.50218 13.125
vn 0.641348 -0.212328 -0.737285
f 1064/4727/906 1061/4728/903 1065/4729/907

vt 3.38401 13.2004
vt 4.4608 11.2005
vt 3.03589 11.2075
f 1065/4730/907 1061/4731/903 1060/4732/902

vt 3.1759 13.2559
vt 2.86629 11.2567
v 44.4819 26.8254 -25.0356
vt 1.65506 12.6948
vn 0.588971 -0.256426 -0.766393
f 1065/4733/907 1060/4734/902 1066/4735/908

vt 2.62142 11.2725
vt 1.54044 10.9788
vt 1.38422 12.6883
f 1060/4736/902 1059/4737/901 1066/4738/908

v 43.8574 26.5461 -24.8119
vt 0.499267 12.1607
vn 0.455502 -0.324016 -0.829176
vt 1.13442 12.6883
vt 1.3072 10.9804
f 1067/4739/909 1066/4740/908 1059/4741/901

vt 0.677278 11.9897
v 44.6493 27.9587 -25.2172
vt 1.13324 13.7965
vn 0.588279 -0.295859 -0.752592
vt 1.31409 12.5154
f 1067/4742/909 1068/4743/910 1066/4744/908

v 44.0268 29.2611 -25.1985
vt -0.0112619 14.9695
vn 0.371844 -0.379518 -0.847171
vt 1.17479 13.7858
vt 0.719013 11.979
f 1069/4745/911 1068/4746/910 1067/4747/909

v 44.7132 29.7896 -25.4299
vt 0.721525 15.8356
vn 0.620844 -0.276499 -0.733554
vt 1.2344 13.8435
vt 0.0484978 15.0274
f 1070/4748/912 1068/4749/910 1069/4750/911

v 45.6133 29.4629 -25.2532
vt 2.97701 15.7976
vn 0.646423 -0.244386 -0.722782
vt 1.76438 13.9142
vt 1.27643 15.9125
f 1071/4751/913 1068/4752/910 1070/4753/912

vt 3.08745 15.7514
vt 2.03958 12.5899
vt 1.8682 13.8723
f 1071/4754/913 1066/4755/908 1068/4756/910

vt 3.25948 13.2161
vt 1.73546 12.6637
vt 2.74742 15.8368
f 1065/4757/907 1066/4758/908 1071/4759/913

vt 6.17305 15.5238
vt 3.5995 13.1511
vt 3.14464 15.7824
f 1040/4760/882 1065/4761/907 1071/4762/913

vt 6.41154 12.0836
vt 3.49248 13.1461
vt 6.03894 15.5478
f 1064/4763/906 1065/4764/907 1040/4765/882

vt 5.82118 15.6585
vt 6.86985 13.4581
vt 6.25458 12.2014
f 1040/4766/882 1041/4767/883 1064/4768/906

vt 6.58017 12.027
vt 7.2404 13.2607
vt 7.49486 9.2783
f 1064/4769/906 1041/4770/883 1045/4771/887

vt 7.23389 13.2696
vt 10.4706 9.56707
vt 7.49294 9.28749
f 1041/4772/883 1042/4773/884 1045/4774/887

v 45.8133 30.5917 -25.1687
vt 3.43001 16.9951
vn 0.695507 -0.122786 -0.707951
vt 6.18107 15.4825
vt 3.15285 15.7433
f 1072/4775/914 1040/4776/882 1071/4777/913

vt 3.6477 16.2599
v 46.4868 30.3685 -24.5981
vt 5.56952 16.0929
vn 0.722071 -0.0375639 -0.690798
vt 6.34539 14.654
f 1072/4778/914 1073/4779/915 1040/4780/882

vt 3.64916 16.2098
v 45.8133 31.2032 -24.9169
vt 3.97134 16.8513
vn 0.725882 0.0399965 -0.686655
vt 5.57092 16.0422
f 1072/4781/914 1074/4782/916 1073/4783/915

v 45.1186 31.6731 -25.1745
vt 2.30774 17.1717
vn 0.724371 0.224705 -0.651763
vt 3.81888 16.7942
vt 3.51669 16.143
f 1075/4784/917 1074/4785/916 1072/4786/914

v 45.6997 31.5848 -24.5848
vt 4.33444 14.4311
vn 0.686756 0.411308 -0.599326
vt 4.02323 14.0239
vt 2.53727 14.4908
f 1076/4787/918 1074/4788/916 1075/4789/917

v 46.1737 31.3753 -24.1263
vt 5.87712 14.3797
vn 0.72983 0.274299 -0.626185
vt 4.11198 14.2166
vt 4.43799 14.6121
f 1077/4790/919 1074/4791/916 1076/4792/918

vt 5.90226 15.6997
vt 5.69562 14.6707
vt 4.13562 15.5537
f 1077/4793/919 1073/4794/915 1074/4795/916

vt 7.41666 14.6182
vt 5.58836 14.8362
vt 5.74527 15.874
f 1039/4796/881 1073/4797/915 1077/4798/919

vt 5.55017 16.1489
vt 7.38089 15.9521
vt 6.33273 14.7136
f 1073/4799/915 1039/4800/881 1040/4801/882

vt 7.62704 13.3516
vt 7.53317 12.5735
vt 5.9831 13.9763
f 1038/4802/880 1039/4803/881 1077/4804/919

v 45.9835 31.5937 -23.6861
vt 6.55075 8.35033
vn 0.26338 0.963468 -0.0485778
vt 7.54479 7.22376
vt 6.07047 8.18251
f 1078/4805/920 1038/4806/880 1077/4807/919

vt 7.8841 6.59484
vt 7.42099 6.24487
vt 6.5049 7.43569
f 1037/4808/879 1038/4809/880 1078/4810/920

vt 1.87394 -3.92211
vt 1.48931 -3.47684
vt 1.66108 -1.87069
f 1036/4811/878 1037/4812/879 1078/4813/920

v 45.2177 31.5573 -23.0992
vt -5.40362 6.78789
vn -0.456565 0.719753 0.522977
vt -7.5824 6.59627
vt -5.71223 7.4658
f 1079/4814/921 1036/4815/878 1078/4816/920

v 45.0715 31.1011 -22.0271
vt -6.95746 9.99522
vn -0.536639 0.643417 0.545924
vt -7.6978 10.8264
vt -5.51527 10.9691
f 1080/4817/922 1036/4818/878 1079/4819/921

vt -7.70947 9.40822
v 45.8906 31.2536 -21.7666
vt -9.29288 9.91835
vn -0.478012 0.711383 0.515207
vt -8.31718 10.3408
f 1080/4820/922 1081/4821/923 1036/4822/878

v 44.7062 30.6984 -21.0863
vt -8.42569 11.0641
vn -0.580818 0.563744 0.587233
vt -9.06117 12.3601
vt -7.45143 11.9403
f 1082/4823/924 1081/4824/923 1080/4825/922

v 45.3508 30.6168 -20.6726
vt -9.7282 11.1441
vn -0.553701 0.580484 0.597037
vt -8.79654 12.3902
vt -8.10714 11.1221
f 1083/4826/925 1081/4827/923 1082/4828/924

vt -9.78783 11.32
v 46.2419 31.0754 -21.2287
vt -10.2265 12.3301
vn -0.474011 0.699393 0.534942
vt -8.84724 12.5594
f 1083/4829/925 1084/4830/926 1081/4831/923

vt -9.77686 11.3183
v 46.5577 30.9949 -20.9195
vt -11.1794 12.2626
vn -0.480325 0.698661 0.530246
vt -10.2169 12.3279
f 1083/4832/925 1085/4833/927 1084/4834/926

v 46.0012 30.663 -20.4721
vt -11.0736 11.5288
vn -0.560196 0.575207 0.596086
vt -11.1883 12.2409
vt -9.78689 11.2949
f 1086/4835/928 1085/4836/927 1083/4837/925

v 46.9793 30.7119 -19.9981
vt -13.3698 11.9159
vn -0.521582 0.648231 0.554751
vt -11.2762 12.3448
vt -11.1704 11.6312
f 1087/4838/929 1085/4839/927 1086/4840/928

vt -13.185 9.38721
vt -13.7647 10.1745
vt -11.1038 9.87297
f 1087/4841/929 1028/4842/870 1085/4843/927

vt -13.4754 9.52701
vt -14.8511 9.83965
vt -14.0144 10.3427
f 1087/4844/929 1027/4845/869 1028/4846/870

v 48.6391 30.4211 -17.9821
vt -19.0679 9.86984
vn -0.547245 0.621318 0.560791
vt -14.793 10.473
vt -13.4136 10.1768
f 1088/4847/930 1027/4848/869 1087/4849/929

vt -19.1356 11.4757
vt -20.5566 12.4229
vt -14.8541 12.0306
f 1088/4850/930 1026/4851/868 1027/4852/869

v 49.3709 30.529 -17.3831
vt -21.3156 11.5852
vn -0.549302 0.621269 0.558832
vt -20.6932 12.3218
vt -19.3063 11.3254
f 1089/4853/931 1026/4854/868 1088/4855/930

vt -21.2492 11.0059
v 50.747 30.7871 -17.0238
vt -23.8197 11.7806
vn -0.469506 0.7442 0.475111
vt -20.6395 11.753
f 1089/4856/931 1090/4857/932 1026/4858/868

v 50.1234 30.4135 -16.4519
vt -23.7301 11.6451
vn -0.593971 0.570492 0.567218
vt -23.7265 12.4771
vt -21.1404 11.756
f 1091/4859/933 1090/4860/932 1089/4861/931

v 50.1269 30.4384 -16.0209
vt -24.6109 14.6448
vn -0.588612 0.586209 0.556682
vt -23.8022 15.544
vt -23.9085 14.7189
f 1092/4862/934 1090/4863/932 1091/4864/933

vt -24.5639 10.9837
v 51.1946 30.7807 -16.3629
vt -25.5557 11.9464
vn -0.358636 0.852803 0.379616
vt -23.8525 11.9616
f 1092/4865/934 1093/4866/935 1090/4867/932

v 50.8918 30.502 -15.3465
vt -26.734 11.1484
vn -0.510456 0.640669 0.573565
vt -25.5451 11.9113
vt -24.55 10.9521
f 1094/4868/936 1093/4869/935 1092/4870/934

vt -26.5642 9.42867
v 52.1729 30.9356 -16.4421
vt -26.7251 10.8668
vn -0.2477 0.939196 0.237812
vt -25.4026 10.2326
f 1094/4871/936 1095/4872/937 1093/4873/935

vt -26.8449 11.7568
v 52.4824 30.9928 -15.731
vt -28.4534 13.2087
vn -0.434813 0.789541 0.433086
vt -26.8756 13.2036
f 1094/4874/936 1096/4875/938 1095/4876/937

v 51.5602 30.6155 -15.1415
vt -27.968 11.4278
vn -0.54956 0.603548 0.577679
vt -28.3691 12.424
vt -26.6671 11.0829
f 1097/4877/939 1096/4878/938 1094/4879/936

vt -28.0302 11.7504
v 52.2953 30.8046 -15.0789
vt -29.1907 12.2603
vn -0.553398 0.610074 0.567064
vt -28.4164 12.7524
f 1097/4880/939 1098/4881/940 1096/4882/938

vt -27.5067 13.2769
v 51.4043 29.8546 -14.2603
vt -28.7041 12.1692
vn -0.59821 0.476932 0.643957
vt -28.6978 13.7105
f 1097/4883/939 1099/4884/941 1098/4885/940

vt -27.6333 13.7594
vt -26.3196 13.467
vt -28.8397 12.6615
f 1097/4886/939 1094/4887/936 1099/4888/941

vt -26.37 13.8488
v 49.8379 28.6496 -13.7101
vt -27.514 11.1042
vn -0.583384 0.461843 0.668106
vt -28.8927 13.0514
f 1094/4889/936 1100/4890/942 1099/4891/941

v 50.3084 29.8933 -14.6256
vt -13.0187 1.87727
vn -0.544079 0.545929 0.637134
vt -13.2604 0.00514087
vt -13.184 2.97767
f 1101/4892/943 1100/4893/942 1094/4894/936

v 49.5955 29.5144 -14.8471
vt -25.511 13.4344
vn -0.643105 0.45327 0.617221
vt -27.7416 12.3325
vt -26.8798 14.0119
f 1102/4895/944 1100/4896/942 1101/4897/943

vt -25.5434 13.5816
v 49.1974 28.5609 -14.2152
vt -26.0411 12.3016
vn -0.65828 0.386801 0.645796
vt -27.7757 12.4831
f 1102/4898/944 1103/4899/945 1100/4900/942

vt -25.8466 14.2779
v 48.7609 28.337 -14.7909
vt -24.8386 12.7589
vn -0.65899 0.411718 0.62946
vt -26.3677 13.0073
f 1102/4901/944 1104/4902/946 1103/4903/945

v 49.355 29.4745 -15.5101
vt -24.4894 14.3855
vn -0.640729 0.470646 0.606597
vt -24.8957 12.8343
vt -25.8931 14.3602
f 1105/4904/947 1104/4905/946 1102/4906/944

vt -24.204 13.5934
v 47.3683 28.2329 -16.0991
vt -20.4612 11.7768
vn -0.643799 0.417676 0.641147
vt -24.5699 12.0322
f 1105/4907/947 1106/4908/948 1104/4909/946

v 48.4464 29.6326 -16.6088
vt -21.1065 13.7417
vn -0.611402 0.498092 0.614892
vt -20.4521 11.7974
vt -24.1957 13.6123
f 1107/4910/949 1106/4911/948 1105/4912/947

vt -21.116 13.7474
v 46.9438 29.4774 -17.9772
vt -16.7548 13.4164
vn -0.612044 0.488265 0.622093
vt -20.4626 11.8028
f 1107/4913/949 1108/4914/950 1106/4915/948

vt -19.2103 13.7263
vt -16.8076 12.1075
vt -21.1674 12.4571
vt -21.2241 13.9489
f 1088/4916/930 1108/4917/950 1107/4918/949 1089/4919/931 

vt -16.7213 12.2513
vt -19.1375 13.85
vt -13.4804 14.1009
f 1108/4920/950 1088/4921/930 1087/4922/929

vt -16.5112 11.2083
vt -13.3052 13.1178
vt -11.1037 12.8506
f 1108/4923/950 1087/4924/929 1086/4925/928

vt -11.1674 13.413
v 45.3147 30.0853 -20.0418
vt -10.8681 12.4401
vn -0.597115 0.495949 0.630467
vt -16.5854 11.8052
f 1086/4926/928 1109/4927/951 1108/4928/950

vt -10.6014 12.38
vt -10.9215 13.3463
vt -9.63132 13.1325
f 1109/4929/951 1086/4930/928 1083/4931/925

vt -10.6674 12.595
vt -9.69371 13.3428
v 44.5237 30.0125 -20.3191
vt -9.05087 12.3254
vn -0.60304 0.480804 0.63653
f 1109/4932/951 1083/4933/925 1110/4934/952

vt -9.71541 13.3313
vt -8.09433 13.3114
vt -9.07429 12.3128
f 1083/4935/925 1082/4936/924 1110/4937/952

vt -9.31197 12.9188
vt -8.31525 13.9006
v 43.709 29.6938 -20.5448
vt -7.77602 12.3631
vn -0.634337 0.448975 0.629315
f 1110/4938/952 1082/4939/924 1111/4940/953

vt -8.75903 13.9174
v 44.0255 30.356 -21.7611
vt -6.73187 13.4694
vn -0.647162 0.481355 0.591167
vt -8.28301 12.3592
f 1082/4941/924 1112/4942/954 1111/4943/953

vt -8.83762 13.0161
vt -7.80944 13.8283
vt -6.81549 12.5458
f 1082/4944/924 1080/4945/922 1112/4946/954

vt -7.52166 14.2203
v 44.6623 31.2373 -22.7967
vt -5.69095 14.4171
vn -0.579874 0.562699 0.589165
vt -6.4735 12.9817
f 1080/4947/922 1113/4948/955 1112/4949/954

vt -5.63952 13.0264
vt -7.46878 12.8165
vt -5.95515 13.6751
f 1113/4950/955 1080/4951/922 1079/4952/921

vt -5.4685 13.1377
vt -5.80027 13.7783
v 44.6758 31.7448 -23.7938
vt -3.88857 13.9845
vn -0.538831 0.630753 0.558401
f 1113/4953/955 1079/4954/921 1114/4955/956

vt -5.71551 11.3591
v 45.3006 31.7976 -23.7573
vt -4.80395 11.8936
vn -0.323256 0.851547 0.412763
vt -3.80705 11.5934
f 1079/4956/921 1115/4957/957 1114/4958/956

vt -4.7887 6.93866
vt -5.17579 7.57502
vt -3.98113 7.62019
f 1079/4959/921 1078/4960/920 1115/4961/957

vt -3.91487 4.23207
vt -5.10878 4.17014
v 45.6403 31.7638 -24.0402
vt -4.06835 4.51117
vn 0.359064 0.909762 -0.208343
f 1115/4962/957 1078/4963/920 1116/4964/958

vt 5.52897 7.53927
vt 6.55118 7.14701
vt 6.08899 6.93439
f 1116/4965/958 1078/4966/920 1077/4967/919

vt 6.06029 7.84193
vt 4.6659 8.26716
vt 5.45946 8.4063
f 1077/4968/919 1076/4969/918 1116/4970/958

vt 5.37694 6.91743
vt 4.59306 6.73136
v 45.011 31.9101 -24.7394
vt 3.36013 7.28452
vn 0.239514 0.964519 -0.111066
f 1116/4971/958 1076/4972/918 1117/4973/959

vt 3.1015 9.64825
vt 4.39138 9.24534
vt 2.59619 9.34861
f 1117/4974/959 1076/4975/918 1075/4976/917

vt 3.45082 11.842
vt 2.90507 11.6245
v 44.7599 32.0312 -25.1283
vt 2.47245 12.0715
vn 0.309569 0.942501 -0.125933
f 1117/4977/959 1075/4978/917 1118/4979/960

vt 2.44262 12.2303
vt 2.88104 11.789
v 44.5325 32.032 -25.7812
vt 1.0734 12.3475
vn 0.713685 0.00130011 -0.700466
f 1118/4980/960 1075/4981/917 1119/4982/961

vt 0.825399 16.1979
vt 2.67455 15.7977
vt 3.78911 14.6673
f 1119/4983/961 1075/4984/917 1072/4985/914

vt 0.302014 18.3064
vt 3.38575 17.0349
vt 1.4178 15.9137
f 1119/4986/961 1072/4987/914 1070/4988/912

vt 1.29363 15.8895
vt 3.25127 17.0287
vt 2.99408 15.7726
f 1070/4989/912 1072/4990/914 1071/4991/913

vt 1.29918 15.9008
v 44.2627 31.1068 -25.6957
vt 0.0171793 17.2133
vn 0.459935 -0.367602 -0.808287
vt 0.171807 18.2881
f 1070/4992/912 1120/4993/962 1119/4994/961

vt 0.980193 15.5806
vt 0.309842 14.7702
vt -0.301105 16.8938
f 1070/4995/912 1069/4996/911 1120/4997/962

v 43.7968 30.3793 -25.2387
vt -1.61648 15.3065
vn -0.790967 -0.412269 -0.452113
vt -1.46065 16.3313
vt -1.05035 14.16
f 1121/4998/963 1120/4999/962 1069/5000/911

v 43.9646 31.1874 -25.5264
vt -1.54096 16.1566
vn -0.717408 -0.309064 -0.624343
vt -1.24655 16.1963
vt -1.3721 15.1674
f 1122/5001/964 1120/5002/962 1121/5003/963

v 44.0817 32.0496 -25.6453
vt -1.71851 17.9731
vn -0.861382 0.361667 0.356676
vt -1.29519 17.0436
vt -1.58975 17.0051
f 1123/5004/965 1120/5005/962 1122/5006/964

vt -1.90711 16.4758
vt -2.2771 17.4278
v 44.2304 32.3009 -25.8059
vt -2.20992 17.7784
vn 0.422488 0.00104915 -0.906368
f 1120/5007/962 1123/5008/965 1124/5009/966

vt -0.398517 17.0373
v 44.3018 32.345 -25.7443
vt -0.531955 17.4446
vn -0.179039 0.964822 0.192518
vt -0.334322 17.3884
f 1123/5010/965 1125/5011/967 1124/5012/966

v 44.1418 32.218 -25.3955
vt -1.47024 16.7291
vn -0.575465 0.59618 0.55983
vt -1.10097 16.9947
vt -0.995544 16.5792
f 1126/5013/968 1125/5014/967 1123/5015/965

vt -0.0253638 10.5304
v 44.5271 32.155 -25.4113
vt -0.61211 10.6048
vn 0.331575 0.936146 -0.116997
vt 0.237813 10.9014
f 1126/5016/968 1127/5017/969 1125/5018/967

vt -0.0964984 8.55087
vt -1.46728 8.43244
vt -0.681543 8.63767
f 1126/5019/968 1118/5020/960 1127/5021/969

v 44.5844 31.9275 -24.6471
vt -1.89323 7.74425
vn -0.430112 0.761384 0.485075
vt -1.46153 8.19906
vt -0.0909605 8.31987
f 1128/5022/970 1118/5023/960 1126/5024/968

vt -2.64345 8.81144
vt -1.66279 9.03098
vt -2.12153 8.60348
f 1117/5025/959 1118/5026/960 1128/5027/970

vt -4.83185 6.73763
vt -2.87147 7.19409
vt -2.3657 6.94948
f 1115/5028/957 1117/5029/959 1128/5030/970

vt -4.61577 4.33413
vt -4.71886 4.63551
vt -2.68759 4.9117
f 1115/5031/957 1116/5032/958 1117/5033/959

vt -3.92698 10.4048
vt -4.91573 10.7309
vt -2.44531 10.8852
f 1114/5034/956 1115/5035/957 1128/5036/970

vt -4.25489 14.8562
vt -2.74375 15.2338
v 44.1854 31.3668 -23.5615
vt -3.9527 14.205
vn -0.624442 0.505733 0.595236
f 1114/5037/956 1128/5038/970 1129/5039/971

vt -2.28842 13.1868
vt -0.439277 13.587
vt -3.40299 12.0564
f 1128/5040/970 1126/5041/968 1129/5042/971

vt -4.12789 16.592
vt -1.04415 17.8635
v 43.5035 30.3657 -24.2355
vt -2.15993 15.4708
vn -0.719176 0.363998 0.591854
f 1129/5043/971 1126/5044/968 1130/5045/972

v 43.7936 31.3301 -25.2326
vt -1.02763 16.8997
vn -0.809924 0.270331 0.520523
vt -2.30963 15.5872
vt -1.18226 17.9745
f 1131/5046/973 1130/5047/972 1126/5048/968

v 43.3901 29.5606 -24.5293
vt -2.02571 15.0769
vn -0.871599 0.228068 0.433935
vt -2.61908 15.8988
vt -1.33641 17.2106
f 1132/5049/974 1130/5050/972 1131/5051/973

v 42.8964 28.7934 -23.4865
vt -3.36072 13.7605
vn -0.755336 0.335331 0.563045
vt -2.84841 15.7527
vt -2.25317 14.9322
f 1133/5052/975 1130/5053/972 1132/5054/974

vt -2.82478 13.5466
v 43.603 30.4202 -23.2684
vt -4.03741 15.43
vn -0.694839 0.394282 0.601448
vt -2.33683 15.5449
f 1133/5055/975 1134/5056/976 1130/5057/972

v 42.5537 27.7436 -23.1319
vt -2.84576 12.3827
vn -0.750219 0.377376 0.542916
vt -3.89364 15.5442
vt -2.67439 13.6651
f 1135/5058/977 1134/5059/976 1133/5060/975

vt -3.25915 12.2375
v 42.6969 28.3917 -22.2902
vt -4.78318 12.7899
vn -0.694445 0.423736 0.581545
vt -4.27112 15.4106
f 1135/5061/977 1136/5062/978 1134/5063/976

v 41.8289 26.8634 -21.8471
vt -4.55826 10.3897
vn -0.735774 0.379152 0.561142
vt -4.86787 12.3889
vt -3.34703 11.8278
f 1137/5064/979 1136/5065/978 1135/5066/977

v 41.8778 27.0096 -21.0053
vt -5.70859 10.3756
vn -0.713772 0.337785 0.61354
vt -4.6318 12.3755
vt -4.28367 10.3826
f 1138/5067/980 1136/5068/978 1137/5069/979

vt -5.50141 10.1196
v 42.5141 27.8374 -20.3573
vt -7.36899 11.0676
vn -0.687264 0.379665 0.619292
vt -4.45121 12.1336
f 1138/5070/980 1139/5071/981 1136/5072/978

v 41.798 25.4717 -20.2092
vt -6.34845 9.39662
vn -0.700172 0.332841 0.631646
vt -6.93237 12.1321
vt -5.05362 11.2065
f 1140/5073/982 1139/5074/981 1138/5075/980

vt -6.46424 9.36885
v 42.1 25.5067 -19.5399
vt -7.96608 9.35571
vn -0.681573 0.326627 0.654808
vt -7.05004 12.1039
f 1140/5076/982 1141/5077/983 1139/5078/981

vt -6.46151 9.03953
v 41.0089 23.7592 -20.0819
vt -5.68207 6.97139
vn -0.723953 0.274686 0.632802
vt -7.96335 9.02637
f 1140/5079/982 1142/5080/984 1141/5081/983

vt -6.68021 8.97268
v 41.0091 24.146 -20.9204
vt -4.52825 7.48525
vn -0.729941 0.34002 0.592936
vt -5.91046 6.90092
f 1140/5082/982 1143/5083/985 1142/5084/984

v 41.5962 25.3752 -20.945
vt -5.22661 8.94946
vn -0.725942 0.313962 0.611912
vt -4.53795 7.46964
vt -6.68953 8.95761
f 1144/5085/986 1143/5086/985 1140/5087/982

v 41.5837 25.2739 -21.7653
vt -4.19665 8.88208
vn -0.751703 0.334717 0.56825
vt -4.86991 7.33318
vt -5.54091 8.82108
f 1145/5088/987 1143/5089/985 1144/5090/986

vt -4.46535 9.10287
v 41.3143 24.3249 -22.0816
vt -3.64826 8.08507
vn -0.792638 0.331009 0.512013
vt -5.15758 7.56236
f 1145/5091/987 1146/5092/988 1143/5093/985

vt -4.6562 8.92106
v 41.8374 25.0588 -22.7397
vt -3.38806 8.97313
vn -0.819954 0.294956 0.490588
vt -3.85115 7.89371
f 1145/5094/987 1147/5095/989 1146/5096/988

v 41.6666 26.1042 -21.9277
vt -4.51873 10.4675
vn -0.769338 0.270625 0.578689
vt -3.41343 9.57224
vt -4.68156 9.52007
f 1148/5097/990 1147/5098/989 1145/5099/987

vt -4.63382 10.3966
v 41.9439 26.4034 -22.6069
vt -3.86454 10.9379
vn -0.799454 0.332559 0.500277
vt -3.52084 9.51094
f 1148/5100/990 1149/5101/991 1147/5102/989

vt -4.47884 10.2359
vt -4.78921 11.0671
vt -3.70787 10.7748
f 1148/5103/990 1137/5104/979 1149/5105/991

vt -3.97934 10.4228
vt -5.71201 11.2481
vt -4.28709 11.2549
f 1148/5106/990 1138/5107/980 1137/5108/979

vt -5.47676 9.49843
vt -5.66798 11.3223
vt -3.93614 10.4952
f 1144/5109/986 1138/5110/980 1148/5111/990

vt -5.22322 9.55566
vt -6.68615 9.56382
vt -5.40131 11.3808
f 1144/5112/986 1140/5113/982 1138/5114/980

vt -4.23062 9.63149
vt -5.57488 9.5705
vt -4.03816 10.5733
f 1145/5115/987 1144/5116/986 1148/5117/990

vt -3.74876 10.5804
vt -4.82974 10.8741
vt -3.59253 12.2899
f 1149/5118/991 1137/5119/979 1135/5120/977

vt -3.84313 12.389
v 42.7485 27.0411 -23.8776
vt -2.86409 11.8602
vn -0.921829 0.232195 0.310351
vt -4.02504 10.682
f 1135/5121/977 1150/5122/992 1149/5123/991

vt -3.59776 13.8245
vt -2.79762 12.0161
vt -3.77754 12.5432
f 1133/5124/975 1150/5125/992 1135/5126/977

vt -3.48933 13.8665
vt -2.38287 15.0392
vt -2.69328 12.0564
f 1133/5127/975 1132/5128/974 1150/5129/992

vt -2.923 14.9056
v 43.4164 28.2434 -24.6533
vt -2.60062 13.5452
vn -0.849609 -0.070315 -0.522704
vt -3.09629 11.9117
f 1132/5130/974 1151/5131/993 1150/5132/992

vt -2.92303 14.9063
v 43.6479 29.2444 -24.8792
vt -2.56134 14.7215
vn -0.854293 -0.259471 -0.450399
vt -2.59919 13.5462
f 1132/5133/974 1152/5134/994 1151/5135/993

vt -2.90653 14.385
vt -2.33225 15.5695
vt -2.54902 14.1923
f 1132/5136/974 1121/5137/963 1152/5138/994

vt -2.2568 17.0061
vt -2.16443 15.9847
vt -2.79529 14.8294
f 1131/5139/973 1121/5140/963 1132/5141/974

vt -2.27474 17.0024
vt -1.97136 16.963
vt -2.17945 15.9813
f 1131/5142/973 1122/5143/964 1121/5144/963

vt -2.28651 17.1177
vt -1.97703 18.0554
vt -1.98307 17.0788
f 1131/5145/973 1123/5146/965 1122/5147/964

vt -0.839973 17.8063
vt -1.1666 16.8745
vt -1.31661 17.9499
f 1123/5148/965 1131/5149/973 1126/5150/968

vt -1.93353 14.8939
vt -1.42668 13.7199
vt -1.73534 13.5139
f 1121/5151/963 1069/5152/911 1152/5153/994

vt -1.98352 14.5719
vt -1.6691 14.769
vt -1.94318 13.3967
f 1152/5154/994 1069/5155/911 1151/5156/993

vt -1.87068 13.364
vt -1.60215 14.7374
v 43.3552 26.7236 -24.5382
vt -1.55872 11.7123
vn -0.0740544 -0.406862 -0.910483
f 1151/5157/993 1069/5158/911 1153/5159/995

vt -0.776328 14.7385
vt -0.0950227 11.7365
vt -0.609213 11.7178
f 1069/5160/911 1067/5161/909 1153/5162/995

vt -0.595068 11.0393
vt -0.0808954 11.0585
v 43.0106 26.0882 -24.177
vt -0.647455 10.1672
vn -0.343904 -0.242847 -0.907059
f 1153/5163/995 1067/5164/909 1154/5165/996

vt -0.835436 11.9177
v 43.6751 25.2723 -24.6603
vt -0.680067 10.4898
vn 0.332245 -0.306722 -0.891928
vt -1.44052 11.0521
f 1067/5166/909 1155/5167/997 1154/5168/996

vt 0.259856 12.0417
vt 1.074 10.8658
vt 0.419591 10.6143
f 1067/5169/909 1059/5170/901 1155/5171/997

vt 0.531646 10.2714
vt 1.18556 10.5242
vt 0.391461 9.06121
f 1155/5172/997 1059/5173/901 1058/5174/900

vt -0.609809 10.4714
vt -0.79097 9.26672
v 42.7502 24.6079 -23.9719
vt -1.23128 9.35364
vn -0.15909 -0.20559 -0.965621
f 1155/5175/997 1058/5176/900 1156/5177/998

vt -1.19721 9.52814
vt -0.756896 9.44123
v 42.2979 23.6474 -23.6773
vt -1.36046 8.32052
vn -0.499578 0.172452 -0.84893
f 1156/5178/998 1058/5179/900 1157/5180/999

vt -1.37461 8.32695
vt -0.771283 9.44778
vt -0.745891 7.01256
f 1157/5181/999 1058/5182/900 1052/5183/894

vt 0.118825 9.45501
vt 1.05376 8.42443
vt 0.112043 7.01967
f 1058/5184/900 1053/5185/895 1052/5186/894

vt 0.277975 9.56238
vt 0.87859 9.55037
vt 1.20863 8.52793
f 1058/5187/900 1056/5188/898 1053/5189/895

vt -0.863187 8.51757
vt -0.257208 7.19255
v 42.0697 22.6132 -23.6131
vt -0.869277 7.33717
vn 0.191609 -0.0208019 -0.981251
f 1157/5190/999 1052/5191/894 1158/5192/1000

vt -0.833066 7.41758
vt -0.221343 7.27149
v 42.0935 21.3239 -23.7583
vt -0.590086 6.07177
vn 0.491304 -0.210929 -0.845062
f 1158/5193/1000 1052/5194/894 1159/5195/1001

vt 0.738095 7.05853
vt 1.25997 5.62559
vt 0.309012 5.87904
f 1052/5196/894 1051/5197/893 1159/5198/1001

vt 0.301096 5.85342
vt 1.2521 5.60015
v 41.1819 19.0137 -23.3394
vt -0.14241 3.06011
vn 0.500704 -0.2498 -0.828791
f 1159/5199/1001 1051/5200/893 1160/5201/1002

vt 0.171206 2.88907
vt 1.56777 5.42799
v 41.7162 18.4878 -23.2898
vt 1.15982 2.48268
vn 0.609569 -0.359628 -0.706465
f 1160/5202/1002 1051/5203/893 1161/5204/1003

vt 1.32986 2.46239
vt 1.72813 5.40902
vt 2.53905 4.7259
f 1161/5205/1003 1051/5206/893 1048/5207/890

vt 2.80028 4.5913
vt 5.27191 2.91879
vt 1.62016 2.31249
f 1048/5208/890 846/5209/688 1161/5210/1003

vt 1.6356 2.2048
vt 5.28657 2.81572
vt 1.50559 0.195743
f 1161/5211/1003 846/5212/688 845/5213/687

vt 1.69729 2.21028
vt 1.57948 0.200472
v 40.1442 16.9364 -22.9529
vt 0.0137126 0.00624877
vn 0.53788 -0.417163 -0.732571
f 1161/5214/1003 845/5215/687 1162/5216/1004

vt 1.6527 -0.341681
v 39.9045 16.6886 -22.6761
vt 0.18341 -0.982827
vn -0.081955 -0.985735 -0.147005
vt 0.0891063 -0.552714
f 845/5217/687 1163/5218/1005 1162/5219/1004

vt 1.71109 -0.439963
v 40.3547 16.7349 -22.4456
vt 1.27789 -0.94781
vn 0.296155 -0.913647 -0.278463
vt 0.250245 -1.1001
f 845/5220/687 1164/5221/1006 1163/5222/1005

vt 1.7434 -1.0262
vt 2.1123 -0.469885
v 40.6002 16.8784 -22.0393
vt 2.72823 -0.852892
vn 0.25212 -0.950152 -0.18343
f 1164/5223/1006 845/5224/687 1165/5225/1007

vt 2.46852 -1.31993
vt 1.88784 -0.885334
vt 3.28986 -0.892309
f 1165/5226/1007 845/5227/687 843/5228/685

vt 3.16239 0.870215
vt 3.37717 1.77095
vt 3.81627 1.63912
f 1165/5229/1007 843/5230/685 896/5231/738

vt 3.95422 -1.08298
vt 3.68714 -0.710348
vt 4.99873 -0.45924
f 896/5232/738 843/5233/685 841/5234/683

v 40.2578 16.7936 -22.1885
vt 0.981334 2.60919
vn -0.508486 -0.683935 0.52314
vt 0.487057 3.17941
vt 0.0792691 4.10272
f 1166/5235/1008 1165/5236/1007 896/5237/738

vt 2.43312 -1.33544
vt 2.13377 -1.28347
vt 3.06861 -0.928482
f 1166/5238/1008 1164/5239/1006 1165/5240/1007

v 39.993 16.7567 -22.4889
vt 1.3812 -1.983
vn -0.68186 -0.356238 0.638875
vt 1.91869 -1.6514
vt 2.20886 -1.74142
f 1167/5241/1009 1164/5242/1006 1166/5243/1008

vt 1.99627 1.4508
vt 2.08088 1.03432
vt 1.65333 1.98113
f 1167/5244/1009 1163/5245/1005 1164/5246/1006

v 39.7606 17.1914 -22.5499
vt -0.387608 1.54627
vn -0.778126 0.220958 0.587961
vt -0.444666 1.03013
vt -0.864495 1.09616
f 1168/5247/1010 1163/5248/1005 1167/5249/1009

vt -1.08215 1.47198
v 39.8419 16.9157 -22.7806
vt -0.817438 1.22599
vn -0.800355 -0.504541 -0.323836
vt -1.07128 0.952812
f 1168/5250/1010 1169/5251/1011 1163/5252/1005

vt -1.9138 0.4464
v 39.9746 17.3399 -22.8829
vt -1.60979 0.735483
vn -0.167069 0.0596501 -0.984139
vt -1.62583 0.228078
f 1168/5253/1010 1170/5254/1012 1169/5255/1011

vt -1.67556 0.176738
v 40.1763 17.8802 -22.9331
vt -1.50744 1.11511
vn -0.813817 0.543439 -0.205853
vt -1.37453 0.468915
f 1168/5256/1010 1171/5257/1013 1170/5258/1012

v 40.3146 19.2094 -22.5083
vt -2.48421 2.53258
vn -0.789671 0.378681 0.482723
vt -1.67024 1.16885
vt -1.85057 0.232754
f 1172/5259/1014 1171/5260/1013 1168/5261/1010

vt -2.56186 2.49504
v 40.5659 18.9515 -23.0381
vt -1.97619 2.40694
vn -0.130379 0.211501 -0.968643
vt -1.75893 1.12478
f 1172/5262/1014 1173/5263/1015 1171/5264/1013

vt -2.55712 2.53418
v 41.0049 20.2473 -23.1566
vt -2.2231 3.98035
vn -0.742356 0.387871 -0.546319
vt -1.9714 2.44639
f 1172/5265/1014 1174/5266/1016 1173/5267/1015

vt -2.71089 2.62383
v 41.1009 21.7965 -22.7783
vt -3.05931 5.65478
vn -0.817967 0.411152 0.402348
vt -2.35342 4.06439
f 1172/5268/1014 1175/5269/1017 1174/5270/1016

v 40.8316 21.7874 -21.9923
vt -3.49184 5.40238
vn -0.756208 0.32913 0.56553
vt -2.54085 5.65571
vt -2.09347 2.63778
f 1176/5271/1018 1175/5272/1017 1172/5273/1014

vt -3.48409 5.36749
v 41.4297 22.9646 -22.7623
vt -2.92531 6.94827
vn -0.830238 0.377386 0.410224
vt -2.53317 5.62105
f 1176/5274/1018 1177/5275/1019 1175/5276/1017

v 41.0251 22.64 -21.9109
vt -3.89372 6.34241
vn -0.776975 0.29628 0.555453
vt -2.98735 6.98221
vt -3.54961 5.40266
f 1178/5277/1020 1177/5278/1019 1176/5279/1018

vt -4.02698 6.5199
vt -4.10044 8.4207
vt -3.12115 7.16047
f 1178/5280/1020 1146/5281/988 1177/5282/1019

vt -3.7362 8.4866
vt -3.6911 6.58491
v 40.9158 23.1467 -21.0457
vt -4.94719 6.90712
vn -0.768304 0.256074 0.58663
f 1146/5283/988 1178/5284/1020 1179/5285/1021

vt -3.6873 6.59643
v 40.7289 21.2805 -21.4251
vt -4.13697 4.96964
vn -0.744887 0.257708 0.61541
vt -4.94334 6.91884
f 1178/5286/1020 1180/5287/1022 1179/5288/1021

vt -3.32885 6.54797
vt -2.98345 5.60869
vt -3.79444 4.92566
f 1178/5289/1020 1176/5290/1018 1180/5291/1022

vt -2.98993 5.61531
v 40.2597 19.1814 -21.8518
vt -2.59166 2.66868
vn -0.730994 0.269243 0.627022
vt -3.80084 4.93219
f 1176/5292/1018 1181/5293/1023 1180/5294/1022

vt -3.11295 5.59374
vt -1.71176 2.83057
vt -2.70849 2.64796
f 1176/5295/1018 1172/5296/1014 1181/5297/1023

vt -1.69209 2.72545
vt -0.993565 0.44449
vt -2.68884 2.54298
f 1172/5298/1014 1168/5299/1010 1181/5300/1023

vt -1.96256 1.01795
vt -2.08098 3.02772
vt -0.427744 0.895952
f 898/5301/740 1181/5302/1023 1168/5303/1010

vt -5.82581 3.62166
vt -2.17484 3.01073
vt -2.04483 1.00168
f 899/5304/741 1181/5305/1023 898/5306/740

vt -5.85043 3.49364
vt -3.3788 5.16615
vt -2.19868 2.88734
f 899/5307/741 1180/5308/1022 1181/5309/1023

vt -5.97841 7.80703
vt -3.58363 5.33115
vt -6.03499 3.62907
f 1142/5310/984 1180/5311/1022 899/5312/741

vt -4.57531 7.10059
vt -3.80258 5.13782
vt -6.23414 7.57759
f 1179/5313/1021 1180/5314/1022 1142/5315/984

vt -4.85088 8.17325
vt -4.57251 7.10739
vt -6.23127 7.58463
f 1143/5316/985 1179/5317/1021 1142/5318/984

vt -3.79743 8.50766
vt -5.00445 6.92515
vt -5.3066 7.98452
f 1146/5319/988 1179/5320/1021 1143/5321/985

vt -5.88463 7.84182
vt -5.96626 3.66428
v 41.2288 23.1914 -19.3698
vt -7.3829 7.14316
vn -0.709206 0.271378 0.650678
f 1142/5322/984 899/5323/741 1182/5324/1024

v 41.1479 22.0328 -19.0429
vt -8.25686 5.5182
vn -0.709606 0.229433 0.666198
vt -7.78335 6.84879
vt -6.27321 3.40946
f 1183/5325/1025 1182/5326/1024 899/5327/741

v 42.5256 23.6854 -18.2636
vt -10.3007 7.44371
vn -0.680721 0.286924 0.674013
vt -6.69302 6.76919
vt -7.211 5.45526
f 1184/5328/1026 1182/5329/1024 1183/5330/1025

vt -10.3341 7.27134
vt -7.50478 9.32972
vt -6.72624 6.59758
f 1184/5331/1026 1141/5332/983 1182/5333/1024

vt -10.3977 7.35315
v 43.0589 25.7011 -18.5359
vt -10.5467 9.69194
vn -0.669087 0.33478 0.66351
vt -7.56901 9.41231
f 1184/5334/1026 1185/5335/1027 1141/5336/983

vt -10.2291 7.37476
v 44.6958 26.0913 -17.2266
vt -14.8197 10.3368
vn -0.670589 0.330082 0.664346
vt -10.3755 9.71371
f 1184/5337/1026 1186/5338/1028 1185/5339/1027

v 44.3163 23.4741 -16.4896
vt -15.7382 7.24559
vn -0.685203 0.27118 0.675986
vt -14.8638 10.2686
vt -10.2726 7.30764
f 1187/5340/1029 1186/5341/1028 1184/5342/1026

v 46.1444 24.2295 -14.8297
vt -21.0723 8.2572
vn -0.679139 0.303938 0.668125
vt -14.9625 10.2893
vt -15.8355 7.26584
f 1188/5343/1030 1186/5344/1028 1187/5345/1029

v 46.7546 26.7845 -15.5447
vt -20.5254 11.1047
vn -0.662994 0.359014 0.656923
vt -14.9038 10.1154
vt -21.0138 8.08367
f 1189/5346/1031 1186/5347/1028 1188/5348/1030

v 45.2957 27.8578 -17.8518
vt -14.675 11.9895
vn -0.651199 0.38977 0.651167
vt -14.9532 9.81466
vt -20.5742 10.8068
f 1190/5349/1032 1186/5350/1028 1189/5351/1031

vt -14.6175 11.9657
vt -10.4495 9.16597
vt -14.8935 9.79065
f 1190/5352/1032 1185/5353/1027 1186/5354/1028

v 43.9579 27.6489 -18.8769
vt -10.9615 11.6874
vn -0.649409 0.380611 0.658333
vt -10.3652 9.29542
vt -14.5364 12.0904
f 1191/5355/1033 1185/5356/1027 1190/5357/1032

vt -11.0005 11.6812
v 43.0682 28.8455 -20.3931
vt -7.17373 12.9959
vn -0.668603 0.3859 0.63565
vt -10.4054 9.28899
f 1191/5358/1033 1192/5359/1034 1185/5360/1027

vt -7.67902 13.6441
vt -7.04744 12.5196
vt -10.8709 11.1953
f 1111/5361/953 1192/5362/1034 1191/5363/1033

vt -8.50857 13.2387
vt -6.93458 14.3162
vt -7.92451 12.0888
f 1111/5364/953 1112/5365/954 1192/5366/1034

vt -8.24601 12.6022
vt -7.19734 14.8026
vt -7.63074 11.3455
f 1192/5367/1034 1112/5368/954 1139/5369/981

vt -4.46773 12.2246
vt -7.3868 11.1621
vt -7.01419 14.6263
f 1136/5370/978 1139/5371/981 1112/5372/954

vt -4.26345 12.5449
vt -6.837 14.9175
vt -3.80859 15.1762
f 1136/5373/978 1112/5374/954 1134/5375/976

vt -6.82392 14.6359
vt -4.07285 16.1485
vt -3.79569 14.8967
f 1112/5376/954 1129/5377/971 1134/5378/976

vt -5.65256 14.3337
vt -3.73075 14.5006
vt -6.42844 12.8947
f 1113/5379/955 1129/5380/971 1112/5381/954

vt -4.0501 15.05
vt -3.72792 14.4085
vt -5.64968 14.2409
f 1114/5382/956 1129/5383/971 1113/5384/955

vt -4.27394 16.1174
vt -2.3163 14.9782
vt -4.01675 14.8613
f 1129/5385/971 1130/5386/972 1134/5387/976

vt -7.12427 13.1372
vt -6.46403 11.9035
vt -7.37873 9.15484
f 1192/5388/1034 1139/5389/981 1141/5390/983

vt -10.5688 9.45742
vt -7.3321 13.1599
vt -7.59115 9.17784
f 1185/5391/1027 1192/5392/1034 1141/5393/983

v 44.6788 29.0385 -19.4259
vt -10.8877 12.8834
vn -0.629877 0.426343 0.64922
vt -7.62174 13.5265
vt -10.8095 11.0723
f 1193/5394/1035 1111/5395/953 1191/5396/1033

vt -10.8453 12.5584
vt -9.12186 13.746
vt -7.58024 13.2064
f 1193/5397/1035 1110/5398/952 1111/5399/953

vt -10.5735 13.5586
vt -8.95549 13.2981
vt -10.6702 12.098
f 1109/5400/951 1110/5401/952 1193/5402/1035

vt -10.9407 13.8108
vt -11.0652 12.3523
vt -16.6612 13.2063
f 1109/5403/951 1193/5404/1035 1108/5405/950

vt -11.0274 12.7245
vt -14.5322 11.3131
vt -16.625 13.5689
f 1193/5406/1035 1190/5407/1032 1108/5408/950

vt -11.0805 12.9404
vt -11.0134 11.1289
vt -14.588 11.5359
f 1193/5409/1035 1191/5410/1033 1190/5411/1032

vt -16.7652 13.4678
vt -14.6874 11.1982
vt -20.4739 11.8562
f 1108/5412/950 1190/5413/1032 1106/5414/948

vt -14.6408 11.7634
vt -20.5391 10.5763
vt -20.4284 12.4114
f 1190/5415/1032 1189/5416/1031 1106/5417/948

v 48.13 26.813 -14.1752
vt -24.7401 10.7373
vn -0.666017 0.358191 0.654309
vt -20.4411 12.4193
vt -20.5525 10.5843
f 1194/5418/1036 1106/5419/948 1189/5420/1031

vt -24.5436 12.6445
vt -20.4346 12.3934
vt -24.7333 10.7106
f 1104/5421/946 1106/5422/948 1194/5423/1036

vt -24.8212 12.9305
vt -25.03 10.9985
vt -26.3505 13.1771
f 1104/5424/946 1194/5425/1036 1103/5426/945

vt -24.7316 11.0487
v 49.3531 26.55 -12.7709
vt -28.7785 10.8409
vn -0.655847 0.329095 0.679383
vt -26.068 13.2176
f 1194/5427/1036 1195/5428/1037 1103/5429/945

vt -24.7399 11.2284
v 48.1541 24.6121 -12.9479
vt -26.9359 8.66103
vn -0.665504 0.319743 0.67444
vt -28.7868 11.0209
f 1194/5430/1036 1196/5431/1038 1195/5432/1037

vt -24.7457 11.2343
vt -21.0468 8.06097
vt -26.9418 8.66701
f 1194/5433/1036 1188/5434/1030 1196/5435/1038

vt -24.7235 11.2591
vt -20.5358 11.1072
vt -21.0243 8.08614
f 1194/5436/1036 1189/5437/1031 1188/5438/1030

vt -25.5348 7.15544
vt -28.3106 6.22754
vt -26.9162 8.91312
vt -21.0212 8.30687
f 914/5439/756 915/5440/757 1196/5441/1038 1188/5442/1030 

v 49.0778 23.3522 -11.831
vt -29.8886 7.508
vn -0.645622 0.29287 0.705266
vt -26.6222 8.79427
vt -28.0195 6.11018
f 1197/5443/1039 1196/5444/1038 915/5445/757

v 49.2766 24.9285 -12.4747
vt -28.8478 8.91597
vn -0.638548 0.323908 0.698098
vt -26.4592 8.34809
vt -29.7247 7.05961
f 1198/5446/1040 1196/5447/1038 1197/5448/1039

vt -28.6318 9.8226
vt -28.0879 11.6191
vt -26.2433 9.25439
f 1198/5449/1040 1195/5450/1037 1196/5451/1038

vt -28.3936 9.80927
v 50.346 26.1431 -12.3147
vt -30.1085 11.3746
vn -0.617274 0.333016 0.712793
vt -27.8464 11.6047
f 1198/5452/1040 1199/5453/1041 1195/5454/1037

v 50.4581 24.6167 -12.2026
vt -30.0181 10.5895
vn -0.600427 0.303126 0.740001
vt -29.4511 12.2017
vt -27.7465 10.6252
f 1200/5455/1042 1199/5456/1041 1198/5457/1040

v 51.052 25.3419 -12.2127
vt -30.0501 11.5366
vn -0.581583 0.297906 0.756977
vt -28.6786 12.1968
vt -29.2586 10.5892
f 1201/5458/1043 1199/5459/1041 1200/5460/1042

vt -28.836 9.08884
v 51.249 26.5885 -12.5521
vt -28.4771 10.5349
vn -0.576504 0.372503 0.727245
vt -27.4634 9.7469
f 1201/5461/1043 1202/5462/1044 1199/5463/1041

v 51.9171 25.9757 -12.5844
vt -28.1483 9.51371
vn -0.522535 0.312317 0.793357
vt -27.0426 9.95673
vt -27.3906 8.50801
f 1203/5464/1045 1202/5465/1044 1201/5466/1043

vt -28.5872 10.6995
v 52.365 27.7001 -12.9794
vt -28.4637 12.7316
vn -0.578428 0.331469 0.745352
vt -27.4808 11.1407
f 1203/5467/1045 1204/5468/1046 1202/5469/1044

vt -27.8678 12.6629
vt -27.9889 10.6306
v 53.0154 27.2151 -13.0627
vt -28.8598 12.3617
vn -0.487572 0.222066 0.84437
f 1204/5470/1046 1203/5471/1045 1205/5472/1047

vt -21.5008 14.076
v 53.0475 26.0225 -13.1145
vt -22.623 14.5736
vn -0.325292 0.169651 0.930271
vt -22.35 15.8179
f 1203/5473/1045 1206/5474/1048 1205/5475/1047

vt -22.8863 10.9564
v 52.1353 24.6616 -12.5848
vt -23.4894 9.63687
vn -0.382393 0.208287 0.900218
vt -24.01 11.4507
f 1203/5476/1045 1207/5477/1049 1206/5478/1048

v 51.3907 24.807 -12.2619
vt -23.1536 9.72
vn -0.553841 0.221409 0.802645
vt -23.9567 9.85446
vt -23.3535 11.1739
f 1208/5479/1050 1207/5480/1049 1203/5481/1045

v 51.8377 24.1132 -12.4618
vt -23.3561 11.5613
vn -0.472834 0.26834 0.839298
vt -23.5476 12.2561
vt -22.7446 12.1209
f 1209/5482/1051 1207/5483/1049 1208/5484/1050

vt -14.485 14.5126
v 52.6365 24.1517 -12.9507
vt -15.1893 14.8977
vn 0.087437 0.0887341 0.99221
vt -14.6442 15.2155
f 1209/5485/1051 1210/5486/1052 1207/5487/1049

v 51.5478 22.3247 -12.196
vt -18.0436 6.3535
vn -0.362905 0.302076 0.881504
vt -18.535 8.75833
vt -17.8274 8.37946
f 1211/5488/1053 1210/5489/1052 1209/5490/1051

vt -8.30518 8.34943
v 52.4971 22.93 -12.8965
vt -8.96294 9.41453
vn 0.566479 -0.000860612 0.824076
vt -8.79439 10.7547
f 1211/5491/1053 1212/5492/1054 1210/5493/1052

vt -11.6296 6.29364
v 52.0884 21.9639 -12.585
vt -12.1767 6.15455
vn 0.372598 0.241857 0.895922
vt -12.2878 7.35851
f 1211/5494/1053 1213/5495/1055 1212/5496/1054

vt -10.7585 2.81716
v 52.0412 21.1239 -12.4794
vt -11.4828 1.74748
vn 0.629948 0.262361 0.73098
vt -11.3053 2.67683
f 1211/5497/1053 1214/5498/1056 1213/5499/1055

v 51.2997 20.1243 -11.8417
vt -11.8338 0.855827
vn -0.394944 0.3454 0.851304
vt -12.1979 2.27136
vt -11.4705 3.33894
f 1215/5500/1057 1214/5501/1056 1211/5502/1053

vt -13.5174 0.514123
v 51.803 20.0613 -12.2049
vt -13.9603 0.673754
vn 0.786416 0.229964 0.573295
vt -13.8719 1.93211
f 1215/5503/1057 1216/5504/1058 1214/5505/1056

vt -13.5443 0.440762
v 51.721 19.3766 -12.0792
vt -14.1053 -0.178427
vn 0.721848 0.130963 0.679547
vt -13.9873 0.600445
f 1215/5506/1057 1217/5507/1059 1216/5508/1058

v 51.177 18.7988 -11.6512
vt -14.9562 0.0802884
vn -0.259621 0.394835 0.881307
vt -15.2642 0.94371
vt -14.7004 1.56038
f 1218/5509/1060 1217/5510/1059 1215/5511/1057

vt -6.89705 2.87149
v 51.4382 18.584 -11.8671
vt -7.16702 2.76752
vn 0.697941 0.233952 0.676864
vt -7.21751 3.73038
f 1218/5512/1060 1219/5513/1061 1217/5514/1059

vt -3.10558 -6.7286
v 51.2738 17.5755 -11.5503
vt -3.43495 -8.06668
vn 0.748509 0.430867 0.504072
vt -3.37372 -6.8372
f 1218/5515/1060 1220/5516/1062 1219/5517/1061

v 51.0533 16.9688 -11.246
vt -3.91587 -8.72461
vn -0.385059 0.423808 0.819827
vt -3.97965 -7.92346
vt -3.6442 -6.58689
f 1221/5518/1063 1220/5519/1062 1218/5520/1060

vt -1.1404 -8.54691
vt -1.40197 -9.05114
vt -1.22226 -7.7474
f 1221/5521/1063 941/5522/783 1220/5523/1062

vt 6.89099 -12.6754
vt 6.70965 -12.2786
vt 6.93164 -11.7558
f 940/5524/782 941/5525/783 1221/5526/1063

vt -30.4897 -0.0727457
vt -30.6368 -1.19126
vt -30.833 -0.926863
f 1221/5527/1063 939/5528/781 940/5529/782

vt -33.356 0.743617
v 50.0986 17.352 -11.4829
vt -31.476 0.914322
vn -0.686097 0.17781 0.705447
vt -33.5178 -0.372871
f 1221/5530/1063 1222/5531/1064 939/5532/781

v 50.5134 18.7576 -11.4701
vt -32.0864 4.25837
vn -0.607709 0.274842 0.745085
vt -31.637 2.64326
vt -33.5169 2.47119
f 1223/5533/1065 1222/5534/1064 1221/5535/1063

v 48.8469 19.2896 -11.9936
vt -28.9129 4.25988
vn -0.674085 0.174538 0.717736
vt -31.8775 2.4687
vt -32.3324 4.08225
f 1224/5536/1066 1222/5537/1064 1223/5538/1065

v 49.1306 17.9197 -12.1012
vt -30.2201 3.24265
vn -0.713276 0.0464315 0.699344
vt -32.7034 2.77865
vt -29.7897 4.65156
f 1225/5539/1067 1222/5540/1064 1224/5541/1066

vt -31.9667 2.37352
vt -32.8532 2.84474
vt -30.3771 3.3457
f 937/5542/779 1222/5543/1064 1225/5544/1067

v 50.4476 16.4082 -11.3067
vt -33.9017 0.550088
vn -0.739717 0.0297539 0.67226
vt -33.0224 1.53754
vt -32.1204 1.09678
f 1226/5545/1068 1222/5546/1064 937/5547/779

vt -33.8017 1.19369
vt -34.9075 0.819661
vt -32.9018 2.16228
f 1226/5548/1068 939/5549/781 1222/5550/1064

vt -33.8507 -0.720111
vt -34.0053 -1.04457
vt -34.9324 -1.15906
f 1226/5551/1068 938/5552/780 939/5553/781

vt -33.7473 -1.54914
vt -31.996 -0.912943
vt -33.8943 -1.87714
f 1226/5554/1068 937/5555/779 938/5556/780

vt -30.4146 3.22081
vt -28.9842 3.13458
vt -31.999 2.24038
f 1225/5557/1067 920/5558/762 937/5559/779

vt -28.9646 3.37893
vt -30.3947 3.46953
vt -28.1393 4.0926
f 920/5560/762 1225/5561/1067 919/5562/761

vt -27.7386 4.09287
vt -30.0147 3.55031
vt -29.5676 4.95398
f 919/5563/761 1225/5564/1067 1224/5565/1066

vt -27.5031 4.80687
vt -29.3216 5.69006
vt -26.719 6.39252
f 919/5566/761 1224/5567/1066 916/5568/758

vt -26.3302 5.58728
vt -28.9423 4.9205
vt -27.0906 7.9018
f 916/5569/758 1224/5570/1066 915/5571/757

v 49.6836 21.4042 -11.7832
vt -29.8366 7.40897
vn -0.637968 0.22594 0.736171
vt -26.6853 7.90211
vt -28.5607 4.93569
f 1227/5572/1069 915/5573/757 1224/5574/1066

vt -28.5733 9.54185
vt -26.7281 8.11253
vt -29.8791 7.61686
f 1197/5575/1039 915/5576/757 1227/5577/1069

v 49.7591 23.6194 -11.7864
vt -28.7968 9.90112
vn -0.605353 0.319793 0.72889
vt -27.7191 9.42116
vt -29.0507 7.51392
f 1228/5578/1070 1197/5579/1039 1227/5580/1069

vt -28.1373 8.35426
vt -29.0012 6.49178
vt -30.0806 6.96791
f 1198/5581/1040 1197/5582/1039 1228/5583/1070

vt -29.9698 7.48114
vt -27.6983 7.51692
vt -29.6335 6.11934
f 1200/5584/1042 1198/5585/1040 1228/5586/1070

v 51.0552 23.8934 -12.0344
vt -29.706 6.75661
vn -0.521536 0.363608 0.771874
vt -28.4279 7.38207
vt -28.0669 6.0266
f 1229/5587/1071 1200/5588/1042 1228/5589/1070

vt -26.2742 1.90827
vt -27.53 1.23905
vt -28.1776 1.83483
f 1200/5590/1042 1229/5591/1071 1209/5592/1051

vt -20.4555 8.24367
vt -21.3626 6.77056
vt -21.1406 8.79589
f 1229/5593/1071 1211/5594/1053 1209/5595/1051

v 50.6211 22.7744 -11.827
vt -23.4407 8.75336
vn -0.570408 0.262146 0.778405
vt -24.5303 8.63058
vt -23.6277 10.1064
f 1230/5596/1072 1211/5597/1053 1229/5598/1071

vt -24.4126 7.60466
vt -23.3229 7.72721
v 50.5659 20.7289 -11.6772
vt -23.8332 5.52483
vn -0.568969 0.284771 0.771479
f 1211/5599/1053 1230/5600/1072 1231/5601/1073

vt -30.3201 8.57072
vt -29.1461 6.83149
vt -30.7772 6.35668
f 1230/5602/1072 1227/5603/1069 1231/5604/1073

vt -27.875 10.1073
vt -28.1539 7.72295
vt -29.3111 9.47338
f 1228/5605/1070 1227/5606/1069 1230/5607/1072

vt -28.6499 9.09912
vt -27.0081 8.37499
vt -28.4474 7.74828
f 1229/5608/1071 1228/5609/1070 1230/5610/1072

vt -30.6785 6.05507
vt -29.0471 6.5287
vt -31.2081 3.91365
f 1231/5611/1073 1227/5612/1069 1223/5613/1065

vt -30.2233 7.02792
vt -28.9304 4.56344
vt -32.3499 4.38483
f 1227/5614/1069 1224/5615/1066 1223/5616/1065

vt -26.822 5.41514
vt -27.3754 3.27975
vt -27.8703 5.02969
f 1231/5617/1073 1223/5618/1065 1215/5619/1057

vt -28.6328 4.80358
vt -28.1372 3.05383
vt -28.9304 3.33134
f 1215/5620/1057 1223/5621/1065 1218/5622/1060

vt -28.6128 1.71638
vt -30.0575 -0.059339
vt -29.4057 1.99462
f 1223/5623/1065 1221/5624/1063 1218/5625/1060

vt -26.5815 4.7603
vt -27.6297 4.37483
vt -27.1607 6.84015
f 1231/5626/1073 1215/5627/1057 1211/5628/1053

vt -26.7633 14.7348
vt -28.6668 14.6621
vt -28.0899 15.2573
f 1200/5629/1042 1209/5630/1051 1208/5631/1050

vt -29.1837 12.5437
vt -28.6246 13.0051
vt -27.8478 12.0457
f 1208/5632/1050 1201/5633/1043 1200/5634/1042

vt -25.5259 9.80856
vt -26.0919 9.35561
vt -26.2894 10.8099
f 1201/5635/1043 1208/5636/1050 1203/5637/1045

vt 9.50044 -8.27446
vt 9.44164 -9.58921
v 51.619 18.3407 -12.0693
vt 9.20396 -7.20729
vn 0.932334 -0.176063 -0.31584
f 1220/5638/1062 941/5639/783 1232/5640/1074

vt 31.8536 -1.08481
vt 30.2854 1.18836
vt 31.144 1.20133
f 941/5641/783 942/5642/784 1232/5643/1074

vt 30.2563 3.13865
v 52.1669 19.8004 -12.7394
vt 30.6611 4.99083
vn 0.879299 -0.25385 -0.40298
vt 31.1148 3.15152
f 942/5644/784 1233/5645/1075 1232/5646/1074

v 52.4549 19.8295 -13.5422
vt 29.2767 5.37608
vn 0.752395 -0.359953 -0.551665
v 52.8875 21.4856 -13.6936
vt 29.5191 7.28037
vn 0.824934 -0.324063 -0.463105
vt 30.2339 5.09297
vt 29.8298 3.24063
f 1234/5647/1076 1235/5648/1077 1233/5649/1075 942/5650/784 

v 53.2104 21.5414 -14.3835
vt 27.137 7.84423
vn 0.754853 -0.370923 -0.540937
vt 27.8829 7.54608
vt 27.6447 5.64125
f 1236/5651/1078 1235/5652/1077 1234/5653/1076

vt 28.0715 7.99643
vt 27.3257 8.29491
v 53.5482 22.7063 -14.4958
vt 27.5171 9.64737
vn 0.799546 -0.266902 -0.538042
f 1235/5654/1077 1236/5655/1078 1237/5656/1079

v 53.5334 21.8221 -15.5129
vt 28.8568 8.26221
vn 0.736697 -0.31925 -0.596118
vt 30.4986 8.98633
vt 30.2961 7.63549
f 1238/5657/1080 1237/5658/1079 1236/5659/1078

vt 29.9765 7.95059
vt 31.2547 7.32513
vt 29.6156 6.59512
f 949/5660/791 1237/5661/1079 1238/5662/1080

vt 29.6532 2.79681
vt 28.3974 3.46604
v 53.3316 23.4019 -13.9367
vt 30.3008 3.3926
vn 0.826924 -0.344107 -0.444732
f 1237/5663/1079 949/5664/791 1239/5665/1081

vt 30.6731 13.1773
vt 28.7697 13.25
v 53.7701 23.6741 -14.611
vt 30.0962 13.7725
vn 0.765006 -0.406586 -0.499454
f 1239/5666/1081 949/5667/791 1240/5668/1082

vt 30.3451 12.1763
vt 30.9042 11.7149
vt 29.5683 11.2169
f 950/5669/792 1240/5670/1082 949/5671/791

vt 28.534 9.43903
vt 27.968 9.89199
vt 28.7315 10.8933
f 1240/5672/1082 950/5673/792 952/5674/794

v 53.4857 24.0186 -13.9181
vt 26.9083 9.86398
vn 0.843533 -0.366561 -0.392538
vt 26.1052 9.72952
vt 26.305 11.1835
f 1241/5675/1083 1240/5676/1082 952/5677/794

vt 26.561 11.9009
vt 26.3694 11.2061
vt 25.758 11.7658
f 1241/5678/1083 1239/5679/1081 1240/5680/1082

v 53.0068 23.7207 -13.3667
vt 21.7025 13.3054
vn 0.939442 -0.335352 -0.0706234
vt 21.1058 13.1829
vt 21.2768 13.8831
f 1242/5681/1084 1239/5682/1081 1241/5683/1083

vt 22.6444 8.771
v 52.5866 21.7714 -13.1225
vt 22.5316 6.54198
vn 0.956277 -0.233747 -0.175773
vt 22.0474 8.64997
f 1242/5684/1084 1243/5685/1085 1239/5686/1081

vt 9.95095 8.29966
vt 9.55163 7.15286
vt 9.67545 9.38129
f 1212/5687/1054 1243/5688/1085 1242/5689/1084

vt 7.54885 7.97567
vt 7.03948 8.03234
vt 7.43752 9.17959
f 1213/5690/1055 1243/5691/1085 1212/5692/1054

vt 6.65131 -0.105444
vt 6.56404 -1.04755
vt 6.14209 -0.0474742
f 1213/5693/1055 1214/5694/1056 1243/5695/1085

vt 15.6114 3.49847
vt 15.1646 2.19069
vt 15.147 4.47957
f 1214/5696/1056 1233/5697/1075 1243/5698/1085

vt 19.4479 1.22328
vt 18.9204 1.16695
vt 19.3489 2.48084
f 1216/5699/1058 1233/5700/1075 1214/5701/1056

vt 19.6586 -0.71707
vt 19.6901 -1.50421
vt 19.1312 -0.774053
f 1216/5702/1058 1217/5703/1059 1233/5704/1075

vt 23.5271 0.949543
vt 23.0989 2.79497
vt 23.6732 2.07683
f 1232/5705/1074 1233/5706/1075 1217/5707/1059

vt 5.1436 3.41704
vt 4.91966 3.25635
vt 5.0924 4.37986
f 1219/5708/1061 1232/5709/1074 1217/5710/1059

vt 12.4354 -7.18859
vt 12.111 -6.12958
vt 12.3299 -5.96212
f 1220/5711/1062 1232/5712/1074 1219/5713/1061

vt 24.485 2.97287
vt 23.7908 5.16688
vt 24.4012 5.26028
f 1233/5714/1075 1235/5715/1077 1243/5716/1085

vt 23.5354 6.84601
vt 23.6595 9.04661
vt 24.1459 6.93912
f 1235/5717/1077 1239/5718/1081 1243/5719/1085

vt 24.2013 6.81428
vt 23.6396 8.46274
vt 24.3248 9.01491
f 1235/5720/1077 1237/5721/1079 1239/5722/1081

vt 6.61827 7.44048
vt 6.34408 8.52245
vt 6.79023 8.78024
f 1212/5723/1054 1242/5724/1084 1210/5725/1052

vt 5.00944 11.8444
vt 4.56359 11.5861
v 53.5674 25.4154 -13.6959
vt 4.5384 13.6102
vn 0.911375 -0.389894 -0.131827
f 1210/5726/1052 1242/5727/1084 1244/5728/1086

vt 18.3485 11.2062
vt 17.9147 11.7778
vt 18.3842 13.2302
f 1242/5729/1084 1241/5730/1083 1244/5731/1086

vt 25.5313 9.19937
vt 24.9296 10.5196
vt 26.0083 10.6493
f 1241/5732/1083 952/5733/794 1244/5734/1086

vt 25.6051 13.9282
vt 24.5265 13.7976
vt 25.374 15.5403
f 1244/5735/1086 952/5736/794 954/5737/796

vt 20.0597 13.6448
vt 19.7914 15.2511
v 53.6926 26.712 -13.5088
vt 20.4982 15.0136
vn 0.522951 -0.330646 0.785617
f 1244/5738/1086 954/5739/796 1245/5740/1087

vt 21.5599 17.7532
vt 20.8544 17.9947
v 54.2124 28.0933 -13.646
vt 21.7965 19.4241
vn 0.498179 -0.497014 0.71049
f 1245/5741/1087 954/5742/796 1246/5743/1088

vt 20.9446 20.0371
vt 20.0119 18.6016
vt 20.6997 21.1702
f 1246/5744/1088 954/5745/796 956/5746/798

vt 23.544 19.9756
vt 23.3247 21.114
v 54.5703 28.9542 -13.725
vt 23.7339 21.0353
vn 0.557497 -0.456707 0.693264
f 1246/5747/1088 956/5748/798 1247/5749/1089

vt 23.3157 19.2543
vt 22.9062 19.3316
v 54.9273 29.8201 -13.8945
vt 23.3823 20.3203
vn 0.493896 -0.514369 0.701064
f 1247/5750/1089 956/5751/798 1248/5752/1090

vt 11.8925 25.9318
vt 11.509 24.9035
vt 12.0801 27.3102
f 1248/5753/1090 956/5754/798 958/5755/800

v 55.0172 30.3606 -13.8168
vt -1.97332 27.9184
vn -0.383059 0.0481578 0.922468
vt -2.05807 27.3024
vt -2.05553 28.6935
f 1249/5756/1091 1248/5757/1090 958/5758/800

v 54.1505 29.1964 -13.4633
vt -2.26901 26.3145
vn -0.454477 0.159637 0.876337
vt -2.73095 27.3531
vt -2.65023 27.9697
f 1250/5759/1092 1248/5760/1090 1249/5761/1091

vt -17.8331 18.5027
vt -18.2648 18.4259
vt -18.4055 19.4847
f 1250/5762/1092 1247/5763/1089 1248/5764/1090

vt -18.5299 21.854
vt -18.7633 20.7173
vt -18.9613 21.7755
f 1250/5765/1092 1246/5766/1088 1247/5767/1089

vt -16.008 19.2043
vt -16.9428 20.6402
vt -16.6936 21.7735
f 1205/5768/1047 1246/5769/1088 1250/5770/1092

vt -16.9185 18.5809
vt -17.6292 18.3394
vt -17.8626 20.0107
f 1205/5771/1047 1245/5772/1087 1246/5773/1088

vt -15.4794 14.7181
vt -15.7793 13.48
vt -16.1916 14.481
f 1205/5774/1047 1206/5775/1048 1245/5776/1087

vt -7.44124 16.9364
v 53.0564 25.3445 -13.209
vt -7.60608 16.2353
vn 0.239402 -0.109899 0.964681
vt -7.82404 17.9491
f 1206/5777/1048 1251/5778/1093 1245/5779/1087

vt -5.62203 14.8424
vt -6.2311 15.9776
vt -6.06169 16.6776
f 1207/5780/1049 1251/5781/1093 1206/5782/1048

vt -12.1491 11.2225
vt -12.697 10.9096
vt -12.7805 12.3454
f 1207/5783/1049 1210/5784/1052 1251/5785/1093

vt 4.71763 11.7711
vt 4.24556 13.5367
vt 4.6757 13.2087
f 1210/5786/1052 1244/5787/1086 1251/5788/1093

vt 8.20927 17.4012
vt 7.78384 17.7353
vt 8.14139 19.1275
f 1251/5789/1093 1244/5790/1086 1245/5791/1087

v 53.4313 28.8659 -13.2759
vt -28.8232 15.895
vn -0.588478 0.30647 0.748178
vt -28.7613 13.9855
vt -29.6376 16.4961
f 1252/5792/1094 1205/5793/1047 1250/5794/1092

vt -29.3376 13.9112
vt -29.4031 15.8206
vt -28.3458 14.2127
f 1205/5795/1047 1252/5796/1094 1204/5797/1046

vt -30.951 12.513
vt -32.0074 14.1216
v 52.5656 28.8751 -13.3293
vt -30.5843 13.8857
vn -0.608463 0.380786 0.696257
f 1204/5798/1046 1252/5799/1094 1253/5800/1095

vt -31.9644 14.3919
vt -33.1432 17.3334
vt -30.5413 14.1563
f 1252/5801/1094 963/5802/805 1253/5803/1095

vt -29.8929 16.1445
vt -30.2574 18.4853
vt -29.078 15.544
f 1250/5804/1092 963/5805/805 1252/5806/1094

vt -27.8985 18.2862
vt -27.5735 19.0702
vt -27.2249 16.727
f 1249/5807/1091 963/5808/805 1250/5809/1092

vt -30.4955 19.6126
vt -29.9153 19.6659
vt -30.2326 18.8788
f 958/5810/800 963/5811/805 1249/5812/1091

vt -29.4655 14.6651
vt -30.0456 14.6114
vt -29.9185 15.0265
f 963/5813/805 958/5814/800 959/5815/801

vt -27.5602 16.9992
vt -28.0166 17.3565
vt -28.0019 17.6015
f 963/5816/805 959/5817/801 960/5818/802

vt -32.4617 16.0372
vt -31.8064 13.3946
vt -34.3668 16.6053
f 964/5819/806 1253/5820/1095 963/5821/805

vt -28.3725 14.2462
vt -31.6793 13.3548
vt -32.3413 15.9957
f 1099/5822/941 1253/5823/1095 964/5824/806

vt -28.3065 13.8914
v 50.8895 27.6455 -13.0489
vt -29.6185 11.1163
vn -0.594822 0.418445 0.68636
vt -31.6121 12.9955
f 1099/5825/941 1254/5826/1096 1253/5827/1095

vt -26.2444 11.2711
vt -28.978 10.3674
vt -27.7027 13.1595
f 1100/5828/942 1254/5829/1096 1099/5830/941

vt -26.2996 11.5046
v 49.6742 27.1051 -12.8808
vt -27.4724 9.62182
vn -0.626202 0.385903 0.677458
vt -29.0342 10.6039
f 1100/5831/942 1255/5832/1097 1254/5833/1096

vt -25.9765 13.1052
vt -28.931 11.4306
vt -27.7115 13.2834
f 1103/5834/945 1255/5835/1097 1100/5836/942

vt -25.9117 12.939
vt -28.6163 10.5556
vt -28.8644 11.2613
f 1103/5837/945 1195/5838/1037 1255/5839/1097

vt -30.0108 10.4193
vt -28.0029 11.3529
vt -27.7486 10.6494
f 1199/5840/1041 1255/5841/1097 1195/5842/1037

vt -29.4054 8.7676
vt -28.9673 10.6958
vt -27.4043 9.71563
f 1199/5843/1041 1254/5844/1096 1255/5845/1097

vt -28.767 8.3049
vt -29.7706 9.1058
vt -28.3489 10.2375
f 1199/5846/1041 1202/5847/1044 1254/5848/1096

vt -30.4938 10.4446
vt -31.071 13.4238
vt -29.061 11.5622
f 1202/5849/1044 1253/5850/1095 1254/5851/1096

vt -28.8671 10.4038
vt -29.8416 12
vt -29.4839 13.3751
f 1202/5852/1044 1204/5853/1046 1253/5854/1095

v 52.7331 30.7855 -14.5751
vt -30.2628 14.6763
vn -0.571326 0.570497 0.590017
vt -28.8447 13.1687
vt -32.7849 14.9815
f 1256/5855/1098 1099/5856/941 964/5857/806

vt -29.1331 14.8369
vt -29.1981 13.2969
vt -30.5754 14.8419
f 1098/5858/940 1099/5859/941 1256/5860/1098

vt -30.5775 12.8989
vt -30.4643 13.8847
vt -29.1351 12.8934
f 1256/5861/1098 1014/5862/856 1098/5863/940

vt -30.5846 12.9475
vt -32.499 13.8437
vt -30.47 13.9331
f 1256/5864/1098 965/5865/807 1014/5866/856

vt -30.3498 13.4364
vt -32.8699 13.7582
vt -32.2918 14.2709
f 1256/5867/1098 964/5868/806 965/5869/807

vt -29.2313 13.1228
vt -30.5312 14.1521
vt -28.4492 13.6023
f 1098/5870/940 1014/5871/856 1096/5872/938

vt -28.946 16.1408
vt -27.0275 15.5682
vt -27.0909 15.0473
f 1014/5873/856 1016/5874/858 1096/5875/938

vt -29.7282 15.8129
vt -29.2801 16.0074
vt -27.7692 15.3994
f 1014/5876/856 1015/5877/857 1016/5878/858

vt -28.4512 7.79102
vt -28.524 8.31069
vt -26.8734 7.78185
f 1096/5879/938 1016/5880/858 1095/5881/937

vt -23.7932 15.4825
vt -25.0623 16.6631
vt -23.7477 15.9503
f 1095/5882/937 1016/5883/858 1017/5884/859

vt -19.6112 21.4181
vt -19.4452 21.8578
vt -18.7177 20.955
f 1095/5885/937 1017/5886/859 1018/5887/860

vt -23.6374 18.5713
vt -22.6578 18.3405
vt -22.7926 17.3723
f 1095/5888/937 1018/5889/860 1093/5890/935

vt -25.5251 5.01388
vt -25.8852 5.92259
v 51.8683 30.7208 -17.1971
vt -25.2101 5.75753
vn 0.0042187 0.998006 0.0629825
f 1093/5891/935 1018/5892/860 1257/5893/1099

vt -24.9697 7.67929
vt -25.598 7.97634
vt -23.4944 7.55089
f 1257/5894/1099 1018/5895/860 1019/5896/861

vt 25.2201 4.1748
vt 23.7504 3.99356
v 51.3747 30.8149 -17.536
vt 23.949 4.31861
vn -0.0508399 0.992328 0.112698
f 1257/5897/1099 1019/5898/861 1258/5899/1100

vt 23.5341 7.27003
vt 23.3799 6.92169
vt 20.4355 6.80461
f 1258/5900/1100 1019/5901/861 1020/5902/862

vt -20.7468 6.25992
vt -23.9969 7.09534
vt -20.8684 6.92188
f 1026/5903/868 1258/5904/1100 1020/5905/862

vt -23.831 7.26884
vt -23.9447 7.87023
vt -20.6509 7.22862
f 1090/5906/932 1258/5907/1100 1026/5908/868

vt -23.8423 7.37253
vt -25.5454 7.35035
vt -23.9532 7.97445
f 1090/5909/932 1093/5910/935 1258/5911/1100

vt -24.9253 1.27106
vt -24.7125 2.05016
vt -23.4347 2.10947
f 1093/5912/935 1257/5913/1099 1258/5914/1100

vt 28.6881 8.24883
vt 30.9597 8.21304
vt 30.6233 6.85124
f 946/5915/788 949/5916/791 1238/5917/1080

vt 29.7882 6.951
vt 28.9243 8.81348
vt 30.8675 7.42713
f 945/5918/787 946/5919/788 1238/5920/1080

vt 29.0295 8.70426
vt 30.1072 9.18422
vt 30.3611 6.79702
f 945/5921/787 1238/5922/1080 944/5923/786

vt 29.7604 7.05362
vt 29.4815 9.43801
vt 30.9176 8.80405
f 944/5924/786 1238/5925/1080 1236/5926/1078

vt 30.4218 6.36568
vt 31.5958 8.1049
vt 32.0529 5.89086
f 944/5927/786 1236/5928/1078 1234/5929/1076

vt 30.3588 6.18651
vt 31.9902 5.71288
vt 32.5198 3.57145
f 944/5930/786 1234/5931/1076 942/5932/784

vt 29.7503 3.81217
vt 31.0432 6.27665
vt 33.1698 3.63356
f 943/5933/785 944/5934/786 942/5935/784

vt -25.5994 7.35639
vt -21.0868 8.5119
vt -17.9277 5.71002
f 914/5936/756 1188/5937/1030 911/5938/753

vt -17.8414 5.83071
vt -20.9946 8.6391
vt -15.759 7.64165
f 911/5939/753 1188/5940/1030 1187/5941/1029

vt -17.8794 5.84908
vt -15.7988 7.66216
vt -13.7787 5.3114
f 911/5942/753 1187/5943/1029 909/5944/751

vt -13.6334 5.47632
vt -15.643 7.8361
v 43.421 22.8132 -17.1925
vt -13.2851 7.01207
vn -0.689528 0.246006 0.681199
f 909/5945/751 1187/5946/1029 1259/5947/1101

vt -13.3823 6.74899
vt -15.7422 7.56716
vt -10.2766 7.62946
f 1259/5948/1101 1187/5949/1029 1184/5950/1026

vt -10.215 5.59922
vt -13.4202 6.84935
vt -10.3153 7.73258
f 907/5951/749 1259/5952/1101 1184/5953/1026

vt -13.7055 5.45668
vt -13.3609 6.99327
vt -10.1579 5.73745
f 909/5954/751 1259/5955/1101 907/5956/749

vt -9.97504 5.67245
vt -10.0618 7.8064
vt -6.98051 5.80496
f 907/5957/749 1184/5958/1026 1183/5959/1025

vt -9.9797 5.75972
vt -6.98518 5.89262
vt -8.75709 4.44872
f 907/5960/749 1183/5961/1025 905/5962/747

vt -8.96746 4.58799
vt -7.20735 6.04624
vt -7.7481 4.45477
f 905/5963/747 1183/5964/1025 903/5965/745

vt -8.44214 4.22809
vt -7.97674 5.8432
vt -6.04282 3.68876
f 903/5966/745 1183/5967/1025 899/5968/741

vt -8.36336 4.47324
vt -5.96916 3.91167
vt -7.32782 2.8601
f 903/5969/745 899/5970/741 901/5971/743

vt -7.76024 9.25647
vt -5.4752 7.20568
vt -6.98146 6.5244
f 1141/5972/983 1142/5973/984 1182/5974/1024

vt -0.844227 1.08246
vt -1.8994 1.66468
vt -0.365585 1.53071
f 1167/5975/1009 898/5976/740 1168/5977/1010

vt -0.671692 1.33368
vt -1.53144 1.39864
vt -1.70511 1.95369
f 1167/5978/1009 1166/5979/1008 898/5980/740

vt -1.50609 2.05186
vt -1.35436 1.49041
vt -3.0253 1.99269
f 898/5981/740 1166/5982/1008 896/5983/738

vt -4.28205 8.28287
v 42.1166 24.7774 -23.2772
vt -3.20968 9.24733
vn -0.931934 0.279534 0.230998
vt -3.30085 7.02412
f 1146/5984/988 1260/5985/1102 1177/5986/1019

vt -3.81483 9.39655
vt -3.23668 9.29468
vt -4.31028 8.33159
f 1147/5987/989 1260/5988/1102 1146/5989/988

vt -3.8043 9.42328
v 42.1999 26.1181 -23.1984
vt -3.50105 10.7469
vn -0.905235 0.271634 0.32675
vt -3.22622 9.32103
f 1147/5990/989 1261/5991/1103 1260/5992/1102

vt -4.07021 10.8726
vt -3.39638 10.7709
vt -3.71036 9.44969
f 1149/5993/991 1261/5994/1103 1147/5995/989

vt -4.08589 10.7835
vt -2.92163 11.9584
vt -3.41204 10.6818
f 1149/5996/991 1150/5997/992 1261/5998/1103

vt -3.46843 10.3878
vt -3.03399 11.6844
vt -2.6062 10.8066
f 1261/5999/1103 1150/6000/992 1154/6001/996

vt -2.90913 11.8056
vt -2.2685 11.7882
vt -2.46364 10.9366
f 1150/6002/992 1153/6003/995 1154/6004/996

v 43.2004 27.3785 -24.4402
vt -2.50137 11.8165
vn -0.897096 -0.150165 -0.415534
vt -2.27407 11.1657
vt -2.91468 11.1837
f 1262/6005/1104 1153/6006/995 1150/6007/992

vt -1.81953 12.345
vt -1.84648 13.3695
vt -1.53229 11.7183
f 1262/6008/1104 1151/6009/993 1153/6010/995

vt -2.60263 13.5612
vt -2.65409 12.5376
vt -3.10204 11.9288
f 1151/6011/993 1262/6012/1104 1150/6013/992

vt -3.54809 10.7326
vt -2.68292 11.1453
v 42.5998 25.1745 -23.8571
vt -2.79883 9.99302
vn -0.954394 0.0870045 -0.28559
f 1261/6014/1103 1154/6015/996 1263/6016/1105

vt -1.70192 9.90883
vt -1.57505 11.06
vt -1.43983 9.38021
f 1263/6017/1105 1154/6018/996 1156/6019/998

vt -1.42815 11.0709
vt -0.667612 10.5087
vt -1.28995 9.39135
f 1154/6020/996 1155/6021/997 1156/6022/998

vt -2.98548 8.65392
vt -2.56938 9.35857
vt -2.34548 8.81269
f 1260/6023/1102 1263/6024/1105 1156/6025/998

vt -3.57865 10.7086
vt -2.82868 9.96977
vt -3.28038 9.2874
f 1261/6026/1103 1263/6027/1105 1260/6028/1102

vt -3.0964 9.36602
vt -2.45538 9.52063
vt -2.55732 8.3063
f 1260/6029/1102 1156/6030/998 1157/6031/999

vt -3.22826 9.31583
vt -2.67781 8.26197
vt -3.36018 7.09467
f 1260/6032/1102 1157/6033/999 1177/6034/1019

vt -3.39177 6.90571
vt -2.74256 8.09179
v 41.7253 22.6333 -23.2954
vt -2.82614 6.75271
vn -0.859442 0.50572 -0.0748822
f 1177/6035/1019 1157/6036/999 1264/6037/1106

vt -2.26374 8.36612
vt -2.17473 7.18906
vt -2.47504 7.04118
f 1157/6038/999 1158/6039/1000 1264/6040/1106

vt -2.53792 7.04802
vt -2.23868 7.19805
v 41.6733 21.2144 -23.5447
vt -2.13596 5.56017
vn 0.0743252 0.0561349 -0.995653
f 1264/6041/1106 1158/6042/1000 1265/6043/1107

vt -0.963955 5.78288
vt -0.827799 7.41832
vt -0.585372 6.07241
f 1265/6044/1107 1158/6045/1000 1159/6046/1001

vt -0.831115 5.6866
vt -0.449843 5.97258
v 41.3297 20.0893 -23.4104
vt -0.931597 4.36324
vn 0.333017 -0.180096 -0.925562
f 1265/6047/1107 1159/6048/1001 1266/6049/1108

vt -0.188612 5.91655
vt -0.594561 3.11754
vt -0.68824 4.31267
f 1159/6050/1001 1160/6051/1002 1266/6052/1108

vt -1.95715 4.21939
vt -1.64651 4.20197
vt -1.519 3.00998
f 1174/6053/1016 1266/6054/1108 1160/6055/1002

vt -1.94812 4.34431
vt -1.60107 5.65341
vt -1.63748 4.32674
f 1174/6056/1016 1265/6057/1107 1266/6058/1108

v 41.3047 21.476 -23.1775
vt -2.41526 5.69196
vn -0.855591 0.506647 -0.106173
vt -2.03107 5.60014
vt -2.31312 4.27552
f 1267/6059/1109 1265/6060/1107 1174/6061/1016

vt -2.39402 7.09894
vt -2.02418 5.60278
vt -2.40826 5.69506
f 1264/6062/1106 1265/6063/1107 1267/6064/1109

vt -2.83002 6.75554
vt -2.64156 5.3643
vt -3.08166 5.5618
f 1264/6065/1106 1267/6066/1109 1175/6067/1017

vt -3.06151 5.654
vt -2.62045 5.45867
vt -2.3562 4.06335
f 1175/6068/1017 1267/6069/1109 1174/6070/1016

vt -3.39213 6.89983
vt -2.82654 6.74671
vt -3.07589 5.5525
f 1177/6071/1019 1264/6072/1106 1175/6073/1017

vt -1.39928 2.94019
vt -1.19718 4.48147
vt -0.808445 3.25528
f 1173/6074/1015 1174/6075/1016 1160/6076/1002

vt -1.38427 2.92058
vt -0.793038 3.23494
v 40.5931 17.8341 -23.1249
vt -1.15425 1.75597
vn 0.533407 -0.229104 -0.814241
f 1173/6077/1015 1160/6078/1002 1268/6079/1110

vt -0.20379 1.55063
vt 0.221472 3.01246
vt 1.21015 2.60622
f 1268/6080/1110 1160/6081/1002 1161/6082/1003

vt -0.503038 0.417512
vt -0.189546 1.53182
vt 1.22452 2.58724
f 1162/6083/1004 1268/6084/1110 1161/6085/1003

vt -1.42669 0.937986
vt -0.868504 1.69619
vt -1.15963 0.575836
f 1170/6086/1012 1268/6087/1110 1162/6088/1004

vt -1.48663 1.68384
vt -1.05522 1.80038
vt -1.60272 1.03442
f 1171/6089/1013 1268/6090/1110 1170/6091/1012

vt -1.26867 2.94992
vt -1.04949 1.78323
vt -1.48095 1.66693
f 1173/6092/1015 1268/6093/1110 1171/6094/1013

vt -1.73689 0.701049
vt -1.46739 0.340711
vt -1.74179 0.193415
f 1170/6095/1012 1162/6096/1004 1169/6097/1011

vt -1.26341 -0.702227
vt -1.00011 -0.535902
vt -1.01033 -0.976113
f 1169/6098/1011 1162/6099/1004 1163/6100/1005

vt 2.44949 11.8859
vt 1.08063 12.0072
vt 1.66508 12.0962
f 1118/6101/960 1119/6102/961 1127/6103/969

vt 1.73633 14.1541
vt 1.14965 14.0813
vt 0.884145 14.4441
f 1127/6104/969 1119/6105/961 1125/6106/967

vt 0.0194454 17.2093
vt 0.361909 16.9181
vt -0.176172 17.1464
f 1125/6107/967 1119/6108/961 1124/6109/966

vt -0.176367 17.2236
vt -0.578423 18.499
vt -0.0290285 18.2994
f 1120/6110/962 1124/6111/966 1119/6112/961

vt -21.1024 12.3175
vt -23.7594 13.7085
vt -21.1692 13.8089
f 1107/6113/949 1091/6114/933 1089/6115/931

vt -24.1667 12.2346
vt -23.7381 13.7553
vt -21.0778 12.3707
f 1105/6116/947 1091/6117/933 1107/6118/949

vt -24.399 14.765
vt -24.5454 16.1782
vt -23.8422 16.2437
f 1105/6119/947 1092/6120/934 1091/6121/933

vt -24.4881 13.9705
vt -25.8918 13.9447
vt -24.6832 15.3778
f 1105/6122/947 1102/6123/944 1092/6124/934

vt -24.5665 14.2963
vt -25.7363 12.8313
vt -27.095 13.4322
f 1092/6125/934 1102/6126/944 1101/6127/943

vt -26.6678 13.4726
vt -24.4815 13.304
vt -26.9997 12.4105
f 1094/6128/936 1092/6129/934 1101/6130/943

vt -11.1899 8.17475
vt -13.8458 8.51772
vt -11.3539 8.74711
f 1085/6131/927 1028/6132/870 1029/6133/871

vt -11.061 8.00156
vt -11.2388 8.56976
vt -10.0999 8.08534
f 1085/6134/927 1029/6135/871 1084/6136/926

vt -10.9805 9.74928
vt -9.71954 9.8392
vt -9.82097 9.3165
f 1029/6137/871 1035/6138/877 1084/6139/926

vt -10.0751 9.82749
vt -9.95384 10.346
vt -8.70137 10.0881
f 1084/6140/926 1035/6141/877 1081/6142/923

vt -10.2368 7.45672
vt -8.06505 7.62178
vt -9.00292 7.12094
f 1035/6143/877 1036/6144/878 1081/6145/923

vt 5.19365 7.23749
vt 7.47869 9.28829
vt 6.69991 6.55621
f 1047/6146/889 1045/6147/887 1046/6148/888

vt 3.31209 6.44186
vt 3.59046 7.50772
vt 4.97085 6.9191
f 1049/6149/891 1054/6150/896 1047/6151/889

vt 28.7085 11.5899
vt 30.7164 10.6564
vt 28.4542 10.8865
f 972/6152/814 948/6153/790 947/6154/789

vt 29.9557 11.5209
vt 30.3937 9.59277
vt 28.3926 10.5408
f 970/6155/812 948/6156/790 972/6157/814

vt 31.0093 9.97301
vt 30.0058 9.17211
vt 29.5877 11.1047
f 951/6158/793 948/6159/790 970/6160/812

vt 32.0177 13.9397
vt 31.4404 10.9606
vt 30.0077 12.0782
f 968/6161/810 951/6162/793 970/6163/812

vt 31.3849 12.3808
vt 30.4104 10.7847
vt 31.0272 13.7559
f 953/6164/795 951/6165/793 968/6166/810

vt 33.1623 14.4095
vt 32.1059 12.8009
vt 31.7392 14.1736
f 955/6167/797 953/6168/795 968/6169/810

vt 34.3152 17.5182
vt 33.1364 14.5767
vt 31.7133 14.3411
f 957/6170/799 955/6171/797 968/6172/810

vt -3.75292 7.44137
vt -2.65121 5.9671
vt -4.58596 7.54422
f 893/6173/735 839/6174/681 837/6175/679

vt 6.3103 -5.14427
vt 7.11675 -4.91152
vt 7.93487 -5.68835
f 893/6176/735 837/6177/679 891/6178/733

vt 9.42279 -2.6307
vt 8.39444 -2.16673
vt 10.8277 -2.19655
f 891/6179/733 837/6180/679 836/6181/678

vt 9.27973 -3.00534
vt 10.703 -2.63564
vt 10.6813 -3.10891
f 891/6182/733 836/6183/678 890/6184/732

vt 11.0762 -1.4687
vt 11.0268 -0.997513
v 44.0223 17.4957 -18.8355
vt 12.4656 -1.27674
vn -0.24731 -0.94396 0.218578
f 890/6185/732 836/6186/678 1269/6187/1111

vt 11.0926 0.0237674
vt 11.7876 0.330227
vt 12.5484 -0.14633
f 836/6188/678 834/6189/676 1269/6190/1111

vt 12.5561 0.801314
vt 11.7633 1.22255
vt 13.7833 1.22349
f 1269/6191/1111 834/6192/676 831/6193/673

vt -9.77791 9.7447
vt -9.00774 8.80277
vt -10.1451 9.42786
f 885/6194/727 1269/6195/1111 831/6196/673

vt -10.7697 5.44967
vt -11.5588 5.04033
vt -12.6067 5.65852
f 888/6197/730 1269/6198/1111 885/6199/727

vt -11.1045 4.76928
vt -10.4679 4.19797
vt -11.8659 4.31054
f 888/6200/730 890/6201/732 1269/6202/1111

vt -10.9251 -7.9303
vt -10.6712 -8.34353
vt -11.4942 -9.10698
f 885/6203/727 831/6204/673 830/6205/672

vt 23.9238 -2.28332
v 48.4906 17.1951 -15.5542
vt 24.0547 -1.7677
vn 0.388899 -0.811089 -0.436913
vt 25.3656 -2.02792
f 824/6206/666 1270/6207/1112 879/6208/721

vt 24.0815 -1.01823
vt 21.1385 -0.872514
vt 24.1847 -0.496362
f 824/6209/666 823/6210/665 1270/6211/1112

vt 21.0631 -1.07446
vt 20.5993 -0.613204
vt 24.1191 -0.789395
f 823/6212/665 825/6213/667 1270/6214/1112

vt 20.6296 0.24114
v 49.1023 17.4516 -16.0044
vt 24.3342 0.790114
vn 0.541063 -0.610214 -0.578696
vt 24.151 0.102958
f 825/6215/667 1271/6216/1113 1270/6217/1112

vt 20.6371 0.240608
v 47.9156 17.5301 -17.17
vt 20.7409 0.766184
vn 0.49083 -0.627617 -0.604304
vt 24.3403 0.799293
f 825/6218/667 1272/6219/1114 1271/6220/1113

vt 15.4064 -4.53876
v 48.3951 17.976 -17.6759
vt 15.7977 -3.28535
vn 0.56263 -0.558397 -0.609623
vt 15.688 -4.08297
f 825/6221/667 1273/6222/1115 1272/6223/1114

v 46.3581 17.549 -18.1819
vt 16.8259 0.723163
vn 0.497654 -0.697938 -0.514998
vt 20.6114 1.82711
vt 20.6277 0.514165
f 1274/6224/1116 1273/6225/1115 825/6226/667

vt 16.8358 0.733421
v 46.9828 17.9119 -18.6598
vt 16.9814 1.51856
vn 0.572881 -0.579313 -0.579831
vt 20.6179 1.84902
f 1274/6227/1116 1275/6228/1117 1273/6229/1115

vt 16.9046 1.27128
v 46.39 17.8224 -19.2426
vt 15.2419 1.8851
vn 0.581165 -0.584304 -0.566423
vt 17.0243 2.06079
f 1274/6230/1116 1276/6231/1118 1275/6232/1117

vt 15.5536 0.110057
vt 15.2147 1.31126
vt 16.8609 0.654526
f 829/6233/671 1276/6234/1118 1274/6235/1116

vt 14.2357 4.1174
vt 14.0229 4.93578
vt 14.6568 3.8606
f 832/6236/674 1276/6237/1118 829/6238/671

vt 13.0482 0.898533
vt 15.1832 1.33696
vt 15.1882 0.491384
f 833/6239/675 1276/6240/1118 832/6241/674

vt 13.0221 0.964013
v 46.0419 18.3376 -20.5082
vt 12.6165 2.17977
vn 0.603113 -0.51814 -0.606453
vt 15.1604 1.38621
f 833/6242/675 1277/6243/1119 1276/6244/1118

v 44.8901 17.8803 -20.8225
vt 10.5284 1.797
vn 0.587978 -0.576862 -0.56702
vt 12.6722 2.64156
vt 13.1175 1.43974
f 1278/6245/1120 1277/6246/1119 833/6247/675

vt 10.5001 1.79149
v 45.433 18.481 -21.3898
vt 10.3529 2.77361
vn 0.628998 -0.49458 -0.599793
vt 12.6551 2.60719
f 1278/6248/1120 1279/6249/1121 1277/6250/1119

vt 10.5447 2.32191
v 44.6592 17.7373 -21.0901
vt 9.79924 2.14744
vn 0.580766 -0.584368 -0.566767
vt 10.3505 3.29584
f 1278/6251/1120 1280/6252/1122 1279/6253/1121

vt 10.5164 1.61882
vt 9.77221 2.27457
vt 10.5137 2.46523
f 835/6254/677 1280/6255/1122 1278/6256/1120

vt 8.2172 0.367726
vt 9.7476 0.996963
vt 10.4156 0.263784
f 838/6257/680 1280/6258/1122 835/6259/677

vt 8.16247 0.350533
v 44.392 17.936 -21.8189
vt 8.15188 1.29635
vn 0.545718 -0.601721 -0.583202
vt 9.70585 0.947213
f 838/6260/680 1281/6261/1123 1280/6262/1122

vt 6.74337 0.737725
vt 8.09085 1.08157
vt 8.0764 0.135798
f 848/6263/690 1281/6264/1123 838/6265/680

vt 7.63749 2.79001
vt 7.97901 1.46637
vt 6.62152 1.16447
f 849/6266/691 1281/6267/1123 848/6268/690

vt 7.7857 3.38341
vt 9.77501 1.78339
vt 8.21097 2.08425
f 849/6269/691 1280/6270/1122 1281/6271/1123

vt 9.00187 3.47614
vt 9.76664 1.72892
vt 7.78325 3.33628
f 851/6272/693 1280/6273/1122 849/6274/691

vt 8.99551 3.73105
vt 10.3723 3.14215
vt 9.80242 2.00288
f 851/6275/693 1279/6276/1121 1280/6277/1122

vt 10.1657 5.23485
vt 10.3499 3.33322
vt 8.96531 3.90345
f 852/6278/694 1279/6279/1121 851/6280/693

vt 10.2289 4.94055
vt 12.6622 2.87558
vt 10.3595 3.03448
f 852/6281/694 1277/6282/1119 1279/6283/1121

vt 14.0532 3.90851
vt 12.6441 2.75851
vt 10.2233 4.83807
f 855/6284/697 1277/6285/1119 852/6286/694

vt 12.6666 2.81497
vt 14.0652 3.97765
vt 15.2275 2.07839
f 1277/6287/1119 855/6288/697 1276/6289/1118

vt 15.2025 1.92664
vt 14.056 3.8355
v 47.5196 18.5667 -19.2851
vt 16.7374 3.11331
vn 0.61317 -0.492014 -0.618017
f 1276/6290/1118 855/6291/697 1282/6292/1124

vt 16.8753 5.16017
vt 16.7493 3.3208
vt 14.0639 4.02783
f 856/6293/698 1282/6294/1124 855/6295/697

v 48.9575 18.7612 -18.2801
vt 20.4168 3.60733
vn 0.621697 -0.467231 -0.628639
vt 16.722 3.17364
vt 16.8645 5.0118
f 1283/6296/1125 1282/6297/1124 856/6298/698

vt 20.6134 2.35491
vt 16.7298 3.08731
vt 20.4236 3.52895
f 1273/6299/1115 1282/6300/1124 1283/6301/1125

vt 16.9571 1.81662
vt 16.7158 2.86798
vt 20.5961 2.11797
f 1275/6302/1117 1282/6303/1124 1273/6304/1115

vt 15.2328 2.03704
vt 16.7537 3.24166
vt 17.0168 2.19557
f 1276/6305/1118 1282/6306/1124 1275/6307/1117

v 50.1276 18.4274 -16.756
vt 24.5871 3.19922
vn 0.60082 -0.48325 -0.636776
vt 20.6149 2.36368
vt 20.4247 3.53765
f 1284/6308/1126 1273/6309/1115 1283/6310/1125

vt 24.357 1.60155
vt 20.6298 2.34466
vt 24.5975 3.20132
f 1271/6311/1113 1273/6312/1115 1284/6313/1126

vt 20.7376 1.27206
vt 20.6148 2.06776
vt 24.337 1.3007
f 1272/6314/1114 1273/6315/1115 1271/6316/1113

vt 23.4002 -0.212443
vt 23.7743 1.36145
vt 24.4 0.854644
f 1271/6317/1113 1284/6318/1126 863/6319/705

vt 24.9427 2.28299
vt 24.3033 2.77226
vt 24.7944 4.38986
f 863/6320/705 1284/6321/1126 861/6322/703

vt 25.037 4.98054
vt 24.5914 3.34981
vt 20.4285 3.68204
f 861/6323/703 1284/6324/1126 1283/6325/1125

vt 16.8692 5.08407
vt 25.0346 4.97912
vt 20.4243 3.68683
f 856/6326/698 861/6327/703 1283/6328/1125

vt 25.5395 6.9242
vt 25.0352 5.11353
vt 16.8698 5.21674
f 858/6329/700 861/6330/703 856/6331/698

v 49.1132 17.221 -15.4547
vt 25.2328 0.735362
vn 0.476439 -0.71282 -0.514678
vt 24.3336 1.14058
vt 25.2316 2.29461
f 1285/6332/1127 1271/6333/1113 863/6334/705

vt 23.9444 -0.913409
vt 24.158 -0.235091
vt 25.0403 -0.675862
f 1270/6335/1112 1271/6336/1113 1285/6337/1127

vt 25.4992 -0.400052
vt 24.1776 -0.201246
vt 25.2565 0.104372
f 879/6338/721 1270/6339/1112 1285/6340/1127

vt 25.4376 -1.01631
vt 25.2067 -0.506351
vt 27.477 -1.15099
f 879/6341/721 1285/6342/1127 876/6343/718

vt 27.5794 0.374097
vt 25.2833 0.919472
vt 26.8031 1.54099
f 876/6344/718 1285/6345/1127 864/6346/706

vt 25.0616 -0.0844088
vt 25.1114 1.47404
vt 26.6194 0.434579
f 1285/6347/1127 863/6348/705 864/6349/706

vt 26.7655 0.601299
vt 28.9857 -0.078956
vt 27.5025 -0.590816
f 864/6350/706 866/6351/708 876/6352/718

vt 6.28199 -0.161612
vt 6.78083 0.933292
vt 8.1215 0.348557
f 840/6353/682 848/6354/690 838/6355/680

vt 5.50465 0.716575
vt 6.86197 1.10733
vt 6.39935 -0.00335756
f 847/6356/689 848/6357/690 840/6358/682

vt 4.86259 0.315329
vt 5.61687 1.21636
vt 6.54754 0.543572
f 842/6359/684 847/6360/689 840/6361/682

vt 4.75883 0.258731
vt 3.77236 0.546579
vt 5.54161 1.13511
f 842/6362/684 844/6363/686 847/6364/689

vt 10.4513 0.751532
vt 10.519 1.59524
vt 13.1058 1.22249
f 835/6365/677 1278/6366/1120 833/6367/675

vt 15.6443 0.915298
vt 16.9108 1.54895
vt 17.2819 1.05752
f 829/6368/671 1274/6369/1116 826/6370/668

vt 17.0763 -1.10113
vt 16.7654 -0.569534
vt 20.5622 -0.855595
f 826/6371/668 1274/6372/1116 825/6373/667

g Mesh29 Component_277_1 Group1 Model

usemtl FrontColor
v 0.3 15 -32
vt 5 1
vn 0 0 1
v 0.3 14 -32
vt 5 0
v 2.4 14 -32
vt 2.9 0
v 2.4 15 -32
vt 2.9 1
f 1286/6374/1128 1287/6375/1128 1288/6376/1128 1289/6377/1128 

vt -0.1 0
vn -1 0 -0
vt -0.1 1
v 0.3 15 -32.1
vt 0 1
v 0.3 14 -32.1
vt 0 0
f 1287/6378/1129 1286/6379/1129 1290/6380/1129 1291/6381/1129 

vt 5 -0.1
vn 0 1 -0
vt 2.9 -0.1
v 2.4 15 -34.2
vt 2.9 2.1
v 0.2 15 -34.2
vt 5.1 2.1
v 0.2 15 -32.1
vt 5.1 3.38264e-09
v 0.3 15 -34.1
vt 5 2
v 2.3 15 -34.1
vt 3 2
v 2.3 15 -32.1
vt 3 6.8485e-10
v 0.3 15 -32.1
f 1286/6382/1130 1289/6383/1130 1292/6384/1130 1293/6385/1130 1294/6386/1130 1290/6375/1130 1295/6387/1130 1296/6388/1130 1297/6389/1130 1298/6375/1130 

vt 0.1 0
vn 1 0 -0
v 2.4 14 -34.2
vt -2.1 0
vt -2.1 1
vt 0.1 1
f 1288/6390/1131 1299/6391/1131 1292/6392/1131 1289/6393/1131 

v 2.3 14 -34.1
vt -3 2
v 0.3 14 -34.1
vt -5 2
vt -5 0
v 0.2 14 -32.1
vt -5.1 3.38264e-09
v 0.2 14 -34.2
vt -5.1 2.1
vt -2.9 2.1
vt -2.9 -0.1
vt -5 -0.1
v 0.3 14 -32.1
v 2.3 14 -32.1
vt -3 6.8485e-10
f 1300/6394/70 1301/6395/70 1291/6396/70 1302/6397/70 1303/6398/70 1299/6399/70 1288/6400/70 1287/6401/70 1304/6396/70 1305/6402/70 

vt 3 1
vn -2.63562e-08 0 1
vt 3 0
f 1296/6403/1132 1295/6374/1132 1301/6375/1132 1300/6404/1132 

vt 1.68925e-07 1
vn 1 0 3.37851e-08
vt 1.68925e-07 0
vt -2 1
f 1290/6405/1133 1291/6406/1133 1301/117/1133 1295/6407/1133 

vt -5 1
vn -3.42425e-10 0 -1
vt -3 1
vt -3 0
f 1290/6408/1134 1297/6409/1134 1305/6410/1134 1291/6396/1134 

vt -2.55266e-09 1
vn -1 0 -1.07917e-09
vt 2 1
vt -2.55266e-09 0
f 1297/6411/1135 1296/6412/1135 1300/121/1135 1305/6413/1135 

vt 5.1 0
vn -3.38264e-08 0 1
vt 5.1 1
f 1302/6414/1136 1291/6375/1136 1290/6374/1136 1294/6415/1136 

vt 2.1 0
vn -1 0 -2.63563e-08
vt -1.31035e-07 0
vt -1.31035e-07 1
vt 2.1 1
f 1303/6416/1137 1302/6417/1137 1294/6418/1137 1293/6419/1137 

vt -2.9 0
vn 2.28283e-09 0 -1
vt -5.1 0
vt -5.1 1
vt -2.9 1
f 1299/6420/1138 1303/6421/1138 1293/6422/1138 1292/6423/1138 

g Mesh30 Component_278_1 Group1 Model

v 6.3 29 -34.1
vt 9.12451e-09 2
vn -1.46656e-11 7.3328e-12 1
v 5.3 29 -34.1
vt 1 2
v 5.3 27 -34.1
vt 1 1.46656e-11
v 6.3 27 -34.1
vt 2.93312e-11 1.46656e-11
f 1306/6424/1139 1307/6425/1139 1308/6426/1139 1309/6427/1139 

v 5.3 29 -32.1
vt -1 0
vt -1 2
vt -9.09518e-09 2
v 6.3 29 -32.1
vt -9.09518e-09 0
f 1310/6428/70 1307/6429/70 1306/6430/70 1311/6431/70 

vt 2 -6.61209e-14
vn -1 6.61209e-14 -3.12407e-13
vt -3.12407e-13 2
v 5.3 29.1 -32.1
vt -3.12407e-13 2.1
v 5.3 29.1 -34.2
vt 2.1 2.1
v 5.3 26.9 -34.2
vt 2.1 -0.1
v 5.3 26.9 -32.1
vt 7.88674e-10 -0.1
v 5.3 27 -32.1
vt 7.88674e-10 -6.61209e-14
f 1308/6432/1140 1307/16/1140 1310/6433/1140 1312/6434/1140 1313/6435/1140 1314/6436/1140 1315/6437/1140 1316/6438/1140 

v 6.3 29.1 -32.1
vt 9.09518e-09 2.1
vn -1.41014e-32 0 1
vt 1 2.1
vt 9.09518e-09 2
f 1317/6439/1141 1312/6440/1141 1310/6425/1141 1311/6441/1141 

vt 1 -4.01566e-13
vn 6.72084e-25 1 -1.91222e-13
vt 9.09518e-09 -4.01566e-13
v 6.3 29.1 -34.2
vt 9.0937e-09 2.1
f 1312/6442/1142 1317/6443/1142 1318/6444/1142 1313/6440/1142 

v 6.3 26.9 -34.2
vt -2.1 -0.1
vn 1 4.31386e-09 1.55065e-11
vt -2.1 2.1
vt 1.41034e-19 2.1
vt 1.41034e-19 2
vt -2 1.33785e-19
v 6.3 26.9 -34.1
vt -2 -0.1
f 1319/6445/1143 1318/6446/1143 1317/6447/1143 1311/6448/1143 1306/6/1143 1309/6449/1143 1320/6450/1143 

vt -9.1245e-09 2.1
vn 1.46656e-11 -7.3328e-12 -1
vt -2.93198e-11 -0.1
vt -1 -0.1
vt -1 2.1
f 1318/6451/1144 1319/6452/1144 1314/6453/1144 1313/6454/1144 

vt 1.47793e-12 2.1
vt 0 2
v 6.3 26.9 -32.1
vt 0 7.88987e-10
vt -1 7.88987e-10
f 1319/6455/70 1320/6456/70 1321/6457/70 1315/6458/70 1314/6454/70 

vt -7.88987e-10 -0.1
vn 1 0 -1.41014e-32
v 6.3 27 -32.1
vt -7.88987e-10 0
f 1321/6459/1145 1320/6450/1145 1309/117/1145 1322/6460/1145 

vt 1 -0.1
vt 1.11258e-41 -0.1
vt 1.11258e-41 0
vt 1 0
f 1315/6461/1141 1321/6462/1141 1322/6463/1141 1316/6464/1141 

g Mesh31 Component_277_2 Group1 Model

v 70.3 15 -3.19517e-10
v 70.3 14 -3.19517e-10
v 72.4 14 -3.19517e-10
v 72.4 15 -3.19517e-10
f 1323/6374/1128 1324/6375/1128 1325/6376/1128 1326/6377/1128 

v 70.3 15 -0.1
v 70.3 14 -0.1
f 1324/6378/1129 1323/6379/1129 1327/6380/1129 1328/6381/1129 

v 72.4 15 -2.2
v 70.2 15 -2.2
v 70.2 15 -0.1
v 70.3 15 -2.1
v 72.3 15 -2.1
v 72.3 15 -0.1
v 70.3 15 -0.1
f 1323/6382/1130 1326/6383/1130 1329/6384/1130 1330/6385/1130 1331/6386/1130 1327/6375/1130 1332/6387/1130 1333/6388/1130 1334/6389/1130 1335/6375/1130 

v 72.4 14 -2.2
f 1325/6390/1131 1336/6391/1131 1329/6392/1131 1326/6393/1131 

v 72.3 14 -2.1
v 70.3 14 -2.1
v 70.2 14 -0.1
v 70.2 14 -2.2
v 70.3 14 -0.1
v 72.3 14 -0.1
f 1337/6394/70 1338/6395/70 1328/6396/70 1339/6397/70 1340/6398/70 1336/6399/70 1325/6400/70 1324/6401/70 1341/6396/70 1342/6402/70 

f 1333/6403/1132 1332/6374/1132 1338/6375/1132 1337/6404/1132 

f 1327/6405/1133 1328/6406/1133 1338/117/1133 1332/6407/1133 

f 1327/6408/1134 1334/6409/1134 1342/6410/1134 1328/6396/1134 

f 1334/6411/1135 1333/6412/1135 1337/121/1135 1342/6413/1135 

f 1339/6414/1136 1328/6375/1136 1327/6374/1136 1331/6415/1136 

f 1340/6416/1137 1339/6417/1137 1331/6418/1137 1330/6419/1137 

f 1336/6420/1138 1340/6421/1138 1330/6422/1138 1329/6423/1138 

g Mesh32 Component_278_2 Group1 Model

v 72.3 29 -5.1
vn -1 -1.2561e-10 -1.46656e-11
v 72.3 29 -6.1
v 72.3 27 -6.1
v 72.3 27 -5.1
f 1343/6424/1146 1344/6425/1146 1345/6426/1146 1346/6427/1146 

v 70.3 29 -6.1
vn 1.32943e-10 -1 1.32943e-10
v 70.3 29 -5.1
f 1347/6428/1147 1344/6429/1147 1343/6430/1147 1348/6431/1147 

vn 3.12428e-13 -1.32876e-10 -1
v 70.3 29.1 -6.1
v 72.4 29.1 -6.1
v 72.4 26.9 -6.1
v 70.3 26.9 -6.1
v 70.3 27 -6.1
f 1345/6432/1148 1344/16/1148 1347/6433/1148 1349/6434/1148 1350/6435/1148 1351/6436/1148 1352/6437/1148 1353/6438/1148 

v 70.3 29.1 -5.1
vn -1 -1.32943e-10 -2.08167e-17
f 1354/6439/1149 1349/6440/1149 1347/6425/1149 1348/6441/1149 

vn -1.32751e-10 1 -1.32943e-10
v 72.4 29.1 -5.1
f 1349/6442/1150 1354/6443/1150 1355/6444/1150 1350/6440/1150 

v 72.4 26.9 -5.1
vn -1.55065e-11 4.4468e-09 1
v 72.3 26.9 -5.1
f 1356/6445/1151 1355/6446/1151 1354/6447/1151 1348/6448/1151 1343/6/1151 1346/6449/1151 1357/6450/1151 

vn 1 1.2561e-10 1.46656e-11
f 1355/6451/1152 1356/6452/1152 1351/6453/1152 1350/6454/1152 

v 70.3 26.9 -5.1
f 1356/6455/1147 1357/6456/1147 1358/6457/1147 1352/6458/1147 1351/6454/1147 

vn -2.08343e-17 1.32943e-10 1
v 70.3 27 -5.1
f 1358/6459/1153 1357/6450/1153 1346/117/1153 1359/6460/1153 

f 1352/6461/1149 1358/6462/1149 1359/6463/1149 1353/6464/1149 

