# Alias OBJ Model File
# Exported from SketchUp, (c) 2000-2012 Trimble Navigation Limited
# File units = inches

mtllib 66 Lido 3M umbrella no base.mtl

g Mesh1 Group2 Group1 Model

usemtl _Color_M04_1
v 56.8535 63.2033 -58.3534
vt 1.76742 0.629921
vn -0.946861 6.37915e-10 -0.321644
v 56.8535 64.0407 -58.3534
vt 1.76742 1.5748
v 56.9815 64.0407 -58.6129
vt 1.39187 1.5748
vn -0.831349 5.60093e-10 -0.55575
v 56.9815 63.2033 -58.6129
vt 1.39187 0.629921
f 1/1/1 2/2/1 3/3/2 4/4/2 

v 56.797 63.2033 -58.0696
vt 0.905935 0.629921
vn -0.997845 6.72263e-10 -0.0656191
v 56.797 64.0407 -58.0696
vt 0.905935 1.5748
vt 0.53039 1.5748
vt 0.53039 0.629921
f 5/5/3 6/6/3 2/7/1 1/8/1 

v 56.8158 63.2033 -57.7808
vt -0.00449192 0.629921
vn -0.980827 6.60799e-10 0.194878
v 56.8158 64.0407 -57.7808
vt -0.00449192 1.5748
vt -0.380037 1.5748
vt -0.380037 0.629921
f 7/9/4 8/10/4 6/11/3 5/12/3 

v 56.9088 63.2033 -57.5067
vt -0.901816 0.629921
vn -0.896968 6.04302e-10 0.442095
v 56.9088 64.0407 -57.5067
vt -0.901816 1.5748
vt -1.27736 1.5748
vt -1.27736 0.629921
f 9/13/5 10/14/5 8/15/4 7/16/4 

v 57.0695 63.2033 -57.266
vt -1.72489 0.629921
vn -0.751983 5.06622e-10 0.659183
v 57.0695 64.0407 -57.266
vt -1.72489 1.5748
vt -2.10043 1.5748
vt -2.10043 0.629921
f 11/17/6 12/18/6 10/19/5 9/20/5 

v 57.2871 63.2033 -57.0752
vt -2.41761 0.629921
vn -0.55575 3.74418e-10 0.831349
v 57.2871 64.0407 -57.0752
vt -2.41761 1.5748
vt -2.79316 1.5748
vt -2.79316 0.629921
f 13/21/7 14/22/7 12/23/6 11/24/6 

v 57.5466 63.2033 -56.9471
vt -2.93279 0.629921
vn -0.321644 2.16697e-10 0.946861
v 57.5466 64.0407 -56.9471
vt -2.93279 1.5748
vt -3.30833 1.5748
vt -3.30833 0.629921
f 15/25/8 16/26/8 14/27/7 13/28/7 

v 57.8304 63.2033 -56.8906
vt -3.2353 0.629921
vn -0.0656191 4.42086e-11 0.997845
v 57.8304 64.0407 -56.8906
vt -3.2353 1.5748
vt -3.61084 1.5748
vt -3.61084 0.629921
f 17/29/9 18/30/9 16/31/8 15/32/8 

v 58.1192 63.2033 -56.9094
vt -3.30453 0.629921
vn 0.194878 -1.31292e-10 0.980827
v 58.1192 64.0407 -56.9094
vt -3.30453 1.5748
vt -3.68008 1.5748
vt -3.68008 0.629921
f 19/33/10 20/34/10 18/35/9 17/36/9 

v 58.3933 63.2033 -57.0024
vt -3.13578 0.629921
vn 0.442095 -2.97846e-10 0.896968
v 58.3933 64.0407 -57.0024
vt -3.13578 1.5748
vt -3.51132 1.5748
vt -3.51132 0.629921
f 21/37/11 22/38/11 20/39/10 19/40/10 

v 58.634 63.2033 -57.1631
vt -2.74052 0.629921
vn 0.659183 -4.44102e-10 0.751983
v 58.634 64.0407 -57.1631
vt -2.74052 1.5748
vt -3.11607 1.5748
vt -3.11607 0.629921
f 23/41/12 24/42/12 22/43/11 21/44/11 

v 58.8248 63.2033 -57.3807
vt -2.14571 0.629921
vn 0.831349 -5.60093e-10 0.55575
v 58.8248 64.0407 -57.3807
vt -2.14571 1.5748
vt -2.52126 1.5748
vt -2.52126 0.629921
f 25/45/13 26/46/13 24/47/12 23/48/12 

v 58.9529 63.2033 -57.6402
vt -1.39187 0.629921
vn 0.946861 -6.37915e-10 0.321644
v 58.9529 64.0407 -57.6402
vt -1.39187 1.5748
vt -1.76742 1.5748
vt -1.76742 0.629921
f 27/49/14 28/50/14 26/51/13 25/52/13 

v 59.0094 63.2033 -57.9241
vt -0.53039 0.629921
vn 0.997845 -6.72263e-10 0.0656191
v 59.0094 64.0407 -57.9241
vt -0.53039 1.5748
vt -0.905935 1.5748
vt -0.905935 0.629921
f 29/53/15 30/54/15 28/55/14 27/56/14 

v 58.9905 63.2033 -58.2129
vt 0.380037 0.629921
vn 0.980827 -6.60799e-10 -0.194878
v 58.9905 64.0407 -58.2129
vt 0.380037 1.5748
vt 0.00449192 1.5748
vt 0.00449192 0.629921
f 31/57/16 32/58/16 30/59/15 29/60/15 

v 58.8976 63.2033 -58.4869
vt 1.27736 0.629921
vn 0.896968 -6.04302e-10 -0.442095
v 58.8976 64.0407 -58.4869
vt 1.27736 1.5748
vt 0.901816 1.5748
vt 0.901816 0.629921
f 33/61/17 34/62/17 32/63/16 31/64/16 

v 58.7368 63.2033 -58.7276
vt 2.10043 0.629921
vn 0.751983 -5.06622e-10 -0.659183
v 58.7368 64.0407 -58.7276
vt 2.10043 1.5748
vt 1.72489 1.5748
vt 1.72489 0.629921
f 35/65/18 36/66/18 34/67/17 33/68/17 

v 58.5193 63.2033 -58.9185
vt 2.79316 0.629921
vn 0.55575 -3.74418e-10 -0.831349
v 58.5193 64.0407 -58.9185
vt 2.79316 1.5748
vt 2.41761 1.5748
vt 2.41761 0.629921
f 37/69/19 38/70/19 36/71/18 35/72/18 

v 58.2598 63.2033 -59.0465
vt 3.30833 0.629921
vn 0.321644 -2.16697e-10 -0.946861
v 58.2598 64.0407 -59.0465
vt 3.30833 1.5748
vt 2.93279 1.5748
vt 2.93279 0.629921
f 39/73/20 40/74/20 38/75/19 37/76/19 

v 57.9759 63.2033 -59.103
vt 3.61084 0.629921
vn 0.0656191 -4.42086e-11 -0.997845
v 57.9759 64.0407 -59.103
vt 3.61084 1.5748
vt 3.2353 1.5748
vt 3.2353 0.629921
f 41/77/21 42/78/21 40/79/20 39/80/20 

v 57.6871 63.2033 -59.0842
vt 3.68008 0.629921
vn -0.194878 1.31292e-10 -0.980827
v 57.6871 64.0407 -59.0842
vt 3.68008 1.5748
vt 3.30453 1.5748
vt 3.30453 0.629921
f 43/81/22 44/82/22 42/83/21 41/84/21 

v 57.4131 63.2033 -58.9912
vt 3.51132 0.629921
vn -0.442095 2.97846e-10 -0.896968
v 57.4131 64.0407 -58.9912
vt 3.51132 1.5748
vt 3.13578 1.5748
vt 3.13578 0.629921
f 45/85/23 46/86/23 44/87/22 43/88/22 

v 57.1724 63.2033 -58.8305
vt 3.11607 0.629921
vn -0.659183 4.44102e-10 -0.751983
v 57.1724 64.0407 -58.8305
vt 3.11607 1.5748
vt 2.74052 1.5748
vt 2.74052 0.629921
f 47/89/24 48/90/24 46/91/23 45/92/23 

vt 2.52126 0.629921
vt 2.52126 1.5748
vt 2.14571 1.5748
vt 2.14571 0.629921
f 4/93/2 3/94/2 48/95/24 47/96/24 

v 56.3141 65.3317 -59.0591
vt 2.65723 5.40222
vn -0.642098 -0.63519 -0.429237
v 56.6432 65.3317 -59.4342
vt 2.00974 5.40222
vn -0.509124 -0.63519 -0.580798
vt 2.14571 3.61653
vt 2.52126 3.61653
f 49/97/25 50/98/26 48/99/26 3/100/25 

vt 2.65723 3.0315
v 56.3141 67.0762 -59.0591
vt 2.65723 5
v 56.6432 67.0762 -59.4342
vt 2.00974 5
vt 2.00974 3.0315
f 49/101/2 51/102/2 52/103/24 50/104/24 

v 56.0934 65.3317 -58.6116
vt 1.90339 3.0315
v 56.0934 67.0762 -58.6116
vt 1.90339 5
vt 1.2559 5
vt 1.2559 3.0315
f 53/105/1 54/106/1 51/107/2 49/108/2 

v 55.9959 65.3317 -58.1222
vt 1.04191 3.0315
v 55.9959 67.0762 -58.1222
vt 1.04191 5
vt 0.394416 5
vt 0.394416 3.0315
f 55/109/3 56/110/3 54/111/1 53/112/1 

v 56.0284 65.3317 -57.6243
vt 0.131481 3.0315
v 56.0284 67.0762 -57.6243
vt 0.131481 5
vt -0.516011 5
vt -0.516011 3.0315
f 57/113/4 58/114/4 56/115/3 55/116/3 

v 56.1887 65.3317 -57.1518
vt -0.765843 3.0315
v 56.1887 67.0762 -57.1518
vt -0.765843 5
vt -1.41334 5
vt -1.41334 3.0315
f 59/117/5 60/118/5 58/119/4 57/120/4 

v 56.4658 65.3317 -56.7368
vt -1.58891 3.0315
v 56.4658 67.0762 -56.7368
vt -1.58891 5
vt -2.23641 5
vt -2.23641 3.0315
f 61/121/6 62/122/6 60/123/5 59/124/5 

v 56.8409 65.3317 -56.4078
vt -2.28164 3.0315
v 56.8409 67.0762 -56.4078
vt -2.28164 5
vt -2.92913 5
vt -2.92913 3.0315
f 63/125/7 64/126/7 62/127/6 61/128/6 

v 57.2884 65.3317 -56.187
vt -2.79681 3.0315
v 57.2884 67.0762 -56.187
vt -2.79681 5
vt -3.44431 5
vt -3.44431 3.0315
f 65/129/8 66/130/8 64/131/7 63/132/7 

v 57.7778 65.3317 -56.0895
vt -3.09933 3.0315
v 57.7778 67.0762 -56.0895
vt -3.09933 5
vt -3.74682 5
vt -3.74682 3.0315
f 67/133/9 68/134/9 66/135/8 65/136/8 

v 58.2757 65.3317 -56.122
vt -3.16856 3.0315
v 58.2757 67.0762 -56.122
vt -3.16856 5
vt -3.81605 5
vt -3.81605 3.0315
f 69/137/10 70/138/10 68/139/9 67/140/9 

v 58.7482 65.3317 -56.2823
vt -2.9998 3.0315
v 58.7482 67.0762 -56.2823
vt -2.9998 5
vt -3.64729 5
vt -3.64729 3.0315
f 71/141/11 72/142/11 70/143/10 69/144/10 

v 59.1632 65.3317 -56.5595
vt -2.60455 3.0315
v 59.1632 67.0762 -56.5595
vt -2.60455 5
vt -3.25204 5
vt -3.25204 3.0315
f 73/145/12 74/146/12 72/147/11 71/148/11 

v 59.4922 65.3317 -56.9345
vt -2.00974 3.0315
v 59.4922 67.0762 -56.9345
vt -2.00974 5
vt -2.65723 5
vt -2.65723 3.0315
f 75/149/13 76/150/13 74/151/12 73/152/12 

v 59.713 65.3317 -57.382
vt -1.2559 3.0315
v 59.713 67.0762 -57.382
vt -1.2559 5
vt -1.90339 5
vt -1.90339 3.0315
f 77/153/14 78/154/14 76/155/13 75/156/13 

v 59.8105 65.3317 -57.8714
vt -0.394416 3.0315
v 59.8105 67.0762 -57.8714
vt -0.394416 5
vt -1.04191 5
vt -1.04191 3.0315
f 79/157/15 80/158/15 78/159/14 77/160/14 

v 59.7779 65.3317 -58.3693
vt 0.516011 3.0315
v 59.7779 67.0762 -58.3693
vt 0.516011 5
vt -0.131481 5
vt -0.131481 3.0315
f 81/161/16 82/162/16 80/163/15 79/164/15 

v 59.6177 65.3317 -58.8418
vt 1.41334 3.0315
v 59.6177 67.0762 -58.8418
vt 1.41334 5
vt 0.765843 5
vt 0.765843 3.0315
f 83/165/17 84/166/17 82/167/16 81/168/16 

v 59.3405 65.3317 -59.2568
vt 2.23641 3.0315
v 59.3405 67.0762 -59.2568
vt 2.23641 5
vt 1.58891 5
vt 1.58891 3.0315
f 85/169/18 86/170/18 84/171/17 83/172/17 

v 58.9654 65.3317 -59.5859
vt 2.92913 3.0315
v 58.9654 67.0762 -59.5859
vt 2.92913 5
vt 2.28164 5
vt 2.28164 3.0315
f 87/173/19 88/174/19 86/175/18 85/176/18 

v 58.518 65.3317 -59.8066
vt 3.44431 3.0315
v 58.518 67.0762 -59.8066
vt 3.44431 5
vt 2.79681 5
vt 2.79681 3.0315
f 89/177/20 90/178/20 88/179/19 87/180/19 

v 58.0286 65.3317 -59.9041
vt 3.74682 3.0315
v 58.0286 67.0762 -59.9041
vt 3.74682 5
vt 3.09933 5
vt 3.09933 3.0315
f 91/181/21 92/182/21 90/183/20 89/184/20 

v 57.5307 65.3317 -59.8716
vt 3.81605 3.0315
v 57.5307 67.0762 -59.8716
vt 3.81605 5
vt 3.16856 5
vt 3.16856 3.0315
f 93/185/22 94/186/22 92/187/21 91/188/21 

v 57.0582 65.3317 -59.7113
vt 3.64729 3.0315
v 57.0582 67.0762 -59.7113
vt 3.64729 5
vt 2.9998 5
vt 2.9998 3.0315
f 95/189/23 96/190/23 94/191/22 93/192/22 

vt 3.25204 3.0315
vt 3.25204 5
vt 2.60455 5
vt 2.60455 3.0315
f 50/193/24 52/194/24 96/195/23 95/196/23 

vt 0.13295 3.29495
vn 6.73715e-10 1 -0
vt 0 2.66125
vt 0.035593 2.01474
vt 0.237303 1.39947
vt 0.591384 0.857368
vt 1.07371 0.425382
vt 1.6514 0.13295
vt 2.28509 0
vt 2.93161 0.035593
vt 3.54688 0.237303
vt 4.08898 0.591384
vt 4.52097 1.07371
vt 4.8134 1.6514
vt 4.94635 2.28509
vt 4.91075 2.93161
vt 4.70904 3.54688
vt 4.35496 4.08898
vt 3.87264 4.52097
vt 3.29495 4.8134
vt 2.66125 4.94635
vt 2.01474 4.91075
vt 1.39947 4.70904
vt 0.857368 4.35496
vt 0.425382 3.87264
f 72/197/27 74/198/27 76/199/27 78/200/27 80/201/27 82/202/27 84/203/27 86/204/27 88/205/27 90/206/27 92/207/27 94/208/27 96/209/27 52/210/27 51/211/27 54/212/27 56/213/27 58/214/27 60/215/27 62/216/27 64/217/27 66/218/27 68/219/27 70/220/27 

vt 3.25204 5.00155
vt 2.60455 5.00155
vn -0.341454 -0.63519 -0.692779
vt 2.74052 3.21587
vt 3.11607 3.21587
f 50/221/26 95/222/28 46/223/28 48/224/26 

vt 3.64729 4.5255
vt 2.9998 4.5255
vn -0.150515 -0.63519 -0.757548
vt 3.13578 2.73981
vt 3.51132 2.73981
f 95/225/28 93/226/29 44/227/29 46/228/28 

vt 3.81605 4.00649
vt 3.16856 4.00649
vn 0.0506813 -0.63519 -0.770691
vt 3.30453 2.22081
vt 3.68008 2.22081
f 93/229/29 91/230/30 42/231/30 44/232/29 

vt 3.61084 1.69423
vt 3.74682 3.47991
vt 3.09933 3.47991
vn 0.248424 -0.63519 -0.731313
vt 3.2353 1.69423
f 42/233/30 91/234/30 89/235/31 40/236/31 

vt 3.30833 1.19595
vt 3.44431 2.98164
vt 2.79681 2.98164
vn 0.429237 -0.63519 -0.642098
vt 2.93279 1.19595
f 40/237/31 89/238/31 87/239/32 38/240/32 

vt 2.79316 0.759945
vt 2.92913 2.54563
vt 2.28164 2.54563
vn 0.580798 -0.63519 -0.509124
vt 2.41761 0.759945
f 38/241/32 87/242/32 85/243/33 36/244/33 

vt 2.10043 0.415913
vt 2.23641 2.2016
vt 1.58891 2.2016
vn 0.692779 -0.63519 -0.341454
vt 1.72489 0.415913
f 36/245/33 85/246/33 83/247/34 34/248/34 

vt 1.27736 0.187302
vt 1.41334 1.97299
vt 0.765843 1.97299
vn 0.757548 -0.63519 -0.150515
vt 0.901816 0.187302
f 34/249/34 83/250/34 81/251/35 32/252/35 

vt 0.380037 0.0896939
vt 0.516011 1.87538
vt -0.131481 1.87538
vn 0.770691 -0.63519 0.0506813
vt 0.00449192 0.0896939
f 32/253/35 81/254/35 79/255/36 30/256/36 

vt -0.905935 0.129739
vn 0.731313 -0.63519 0.248424
vt -0.53039 0.129739
vt -0.394416 1.91542
vt -1.04191 1.91542
f 28/257/37 30/258/36 79/259/36 77/260/37 

vt -1.76742 0.304709
vn 0.642098 -0.63519 0.429237
vt -1.39187 0.304709
vt -1.2559 2.09039
vt -1.90339 2.09039
f 26/261/38 28/262/37 77/263/37 75/264/38 

vt -2.52126 0.602679
vn 0.509124 -0.63519 0.580798
vt -2.14571 0.602679
vt -2.00974 2.38836
vt -2.65723 2.38836
f 24/265/39 26/266/38 75/267/38 73/268/39 

vt -3.11607 1.00334
vn 0.341454 -0.63519 0.692779
vt -2.74052 1.00334
vt -2.60455 2.78903
vt -3.25204 2.78903
f 22/269/40 24/270/39 73/271/39 71/272/40 

vt -3.51132 1.4794
vn 0.150515 -0.63519 0.757548
vt -3.13578 1.4794
vt -2.9998 3.26508
vt -3.64729 3.26508
f 20/273/41 22/274/40 71/275/40 69/276/41 

vt -3.68008 1.9984
vn -0.0506813 -0.63519 0.770691
vt -3.30453 1.9984
vt -3.16856 3.78409
vt -3.81605 3.78409
f 18/277/42 20/278/41 69/279/41 67/280/42 

vt -3.2353 2.52498
vt -3.09933 4.31067
vt -3.74682 4.31067
vn -0.248424 -0.63519 0.731313
vt -3.61084 2.52498
f 18/281/42 67/282/42 65/283/43 16/284/43 

vt -2.93279 3.02326
vt -2.79681 4.80894
vt -3.44431 4.80894
vn -0.429237 -0.63519 0.642098
vt -3.30833 3.02326
f 16/285/43 65/286/43 63/287/44 14/288/44 

vt -2.41761 3.45927
vt -2.28164 5.24495
vt -2.92913 5.24495
vn -0.580798 -0.63519 0.509124
vt -2.79316 3.45927
f 14/289/44 63/290/44 61/291/45 12/292/45 

vt -1.72489 3.8033
vt -1.58891 5.58898
vt -2.23641 5.58898
vn -0.692779 -0.63519 0.341454
vt -2.10043 3.8033
f 12/293/45 61/294/45 59/295/46 10/296/46 

vt -0.901816 4.03191
vt -0.765843 5.81759
vt -1.41334 5.81759
vn -0.757548 -0.63519 0.150515
vt -1.27736 4.03191
f 10/297/46 59/298/46 57/299/47 8/300/47 

vt -0.00449192 4.12952
vt 0.131481 5.9152
vt -0.516011 5.9152
vn -0.770691 -0.63519 -0.0506813
vt -0.380037 4.12952
f 8/301/47 57/302/47 55/303/48 6/304/48 

vt 1.04191 5.87516
vt 0.394416 5.87516
vn -0.731313 -0.63519 -0.248424
vt 0.53039 4.08947
vt 0.905935 4.08947
f 55/305/48 53/306/49 2/307/49 6/308/48 

vt 1.90339 5.70019
vt 1.2559 5.70019
vt 1.39187 3.9145
vt 1.76742 3.9145
f 53/309/49 49/310/25 3/311/25 2/312/49 

v 57.1724 62.6451 -58.8305
vt 2.14571 -1.20999e-28
v 56.9815 62.6451 -58.6129
vt 2.52126 -1.20999e-28
f 47/96/24 97/313/24 98/314/2 4/93/2 

v 57.4131 62.6451 -58.9912
vt 2.74052 -8.2137e-29
vt 3.11607 -8.2137e-29
f 45/92/23 99/315/23 97/316/24 47/89/24 

v 57.6871 62.6451 -59.0842
vt 3.13578 0
vt 3.51132 0
f 43/88/22 100/317/22 99/318/23 45/85/23 

v 57.9759 62.6451 -59.103
vt 3.30453 3.43484e-29
vt 3.68008 3.43484e-29
f 41/84/21 101/319/21 100/320/22 43/81/22 

v 58.2598 62.6451 -59.0465
vt 3.2353 -1.8858e-29
vt 3.61084 -1.8858e-29
f 39/80/20 102/321/20 101/322/21 41/77/21 

v 58.5193 62.6451 -58.9185
vt 2.93279 -4.63583e-30
vt 3.30833 -4.63583e-30
f 37/76/19 103/323/19 102/324/20 39/73/20 

v 58.7368 62.6451 -58.7276
vt 2.41761 2.88136e-29
vt 2.79316 2.88136e-29
f 35/72/18 104/325/18 103/326/19 37/69/19 

v 58.8976 62.6451 -58.4869
vt 1.72489 9.81017e-30
vt 2.10043 9.81017e-30
f 33/68/17 105/327/17 104/328/18 35/65/18 

v 58.9905 62.6451 -58.2129
vt 0.901816 -2.6588e-29
vt 1.27736 -2.6588e-29
f 31/64/16 106/329/16 105/330/17 33/61/17 

v 59.0094 62.6451 -57.9241
vt 0.00449192 4.89539e-29
vt 0.380037 4.89539e-29
f 29/60/15 107/331/15 106/332/16 31/57/16 

v 58.9529 62.6451 -57.6402
vt -0.905935 -3.47336e-29
vt -0.53039 -3.47336e-29
f 27/56/14 108/333/14 107/334/15 29/53/15 

v 58.8248 62.6451 -57.3807
vt -1.76742 1.67891e-29
vt -1.39187 1.67891e-29
f 25/52/13 109/335/13 108/336/14 27/49/14 

v 58.634 62.6451 -57.1631
vt -2.52126 3.3326e-29
vt -2.14571 3.3326e-29
f 23/48/12 110/337/12 109/338/13 25/45/13 

v 58.3933 62.6451 -57.0024
vt -3.11607 -1.51417e-29
vt -2.74052 -1.51417e-29
f 21/44/11 111/339/11 110/340/12 23/41/12 

v 58.1192 62.6451 -56.9094
vt -3.51132 1.4392e-29
vt -3.13578 1.4392e-29
f 19/40/10 112/341/10 111/342/11 21/37/11 

v 57.8304 62.6451 -56.8906
vt -3.68008 2.92395e-29
vt -3.30453 2.92395e-29
f 17/36/9 113/343/9 112/344/10 19/33/10 

v 57.5466 62.6451 -56.9471
vt -3.61084 -9.4411e-29
vt -3.2353 -9.4411e-29
f 15/32/8 114/345/8 113/346/9 17/29/9 

v 57.2871 62.6451 -57.0752
vt -3.30833 -9.08569e-29
vt -2.93279 -9.08569e-29
f 13/28/7 115/347/7 114/348/8 15/25/8 

v 57.0695 62.6451 -57.266
vt -2.79316 0
vt -2.41761 0
f 11/24/6 116/349/6 115/350/7 13/21/7 

v 56.9088 62.6451 -57.5067
vt -2.10043 -2.84411e-29
vt -1.72489 -2.84411e-29
f 9/20/5 117/351/5 116/352/6 11/17/6 

v 56.8158 62.6451 -57.7808
vt -1.27736 0
vt -0.901816 0
f 7/16/4 118/353/4 117/354/5 9/13/5 

v 56.797 62.6451 -58.0696
vt -0.380037 -1.21628e-29
vt -0.00449192 -1.21628e-29
f 5/12/3 119/355/3 118/356/4 7/9/4 

v 56.8535 62.6451 -58.3534
vt 0.53039 -8.43528e-29
vt 0.905935 -8.43528e-29
f 1/8/1 120/357/1 119/358/3 5/5/3 

vt 1.39187 1.82488e-28
vt 1.76742 1.82488e-28
f 4/4/2 98/359/2 120/360/1 1/1/1 

vt -2.73907 1.05938
vn -6.73715e-10 -1 -0
vt -2.36409 1.03873
vt -1.99654 1.11584
vt -1.66148 1.28545
vt -1.38174 1.53601
vt -1.17637 1.85042
vt -1.05938 2.20728
vt -1.03873 2.58226
vt -1.11584 2.9498
vt -1.28545 3.28487
vt -1.53601 3.56461
vt -1.85042 3.76998
vt -2.20728 3.88697
vt -2.58226 3.90761
vt -2.9498 3.8305
vt -3.28487 3.66089
vt -3.56461 3.41034
vt -3.76998 3.09592
vt -3.88697 2.73907
vt -3.90761 2.36409
vt -3.8305 1.99654
vt -3.66089 1.66148
vt -3.41034 1.38174
vt -3.09592 1.17637
f 103/361/50 104/362/50 105/363/50 106/364/50 107/365/50 108/366/50 109/367/50 110/368/50 111/369/50 112/370/50 113/371/50 114/372/50 115/373/50 116/374/50 117/375/50 118/376/50 119/377/50 120/378/50 98/379/50 97/380/50 99/381/50 100/382/50 101/383/50 102/384/50 

g Mesh2 Group3 Group1 Model

usemtl Color_M00
v 57.8013 79.8118 -58.2083
vt 14.8098 0.990594
vn -0.00566163 0.947103 -0.320881
v 58.0569 79.8121 -58.212
vt 14.5216 0.991524
v 58.0728 79.7941 -58.2525
vt 14.5029 0.942905
v 57.8013 75.8351 -67.0834
vt 14.6333 -9.74734
v 57.7665 79.7835 -58.2707
vt 14.8478 0.914309
v 57.784 79.7938 -58.2482
vt 14.8285 0.941975
f 121/385/51 122/386/51 123/387/51 124/388/51 125/389/51 126/390/51 

v 58.0317 79.812 -58.2365
vt 10.6304 10.6833
vn 0.222894 0.947103 -0.230901
vt 10.5908 10.6835
vt 10.6096 10.6349
v 58.0764 79.7839 -58.2808
vt 10.6288 10.6073
f 127/391/52 122/392/52 123/393/52 128/394/52 

v 64.3325 75.8355 -64.4877
vt 10.4143 -0.0543865
v 58.2402 79.8124 -58.034
vt 10.3027 10.6845
v 58.2801 79.7944 -58.0513
vt 10.2839 10.6359
f 129/395/52 128/394/52 123/393/52 122/392/52 130/396/52 131/397/52 

vt -1.07362 14.3763
vn 0.465083 0.884199 0.043465
vt 6.55065 6.92061
v 62.9685 76.8705 -65.813
vt 7.89527 8.87498
vt -1.12803 14.4295
f 128/398/53 129/399/53 132/400/53 127/401/53 

vt 4.77071 -9.87681
vn -0.161449 0.91352 -0.373385
v 61.6045 75.8353 -67.1382
vt 5.58929 -12.1034
v 58.0992 79.767 -58.349
vt 13.1499 -3.64652
v 58.0889 79.7484 -58.3789
vt 13.1472 -3.68639
vt 13.27 -3.54957
f 132/402/54 133/403/54 134/404/54 135/405/54 127/406/54 

vt 6.02457 13.4826
vn 0.373707 0.913644 -0.159995
v 58.0954 79.7737 -58.3286
vt 6.00504 13.4971
v 58.1267 79.753 -58.3449
vt 6.00806 13.4526
vt 13.579 5.02019
f 134/407/55 136/408/55 137/409/55 133/410/55 

vt 1.10651 -15.3389
vn -0.368021 0.883979 -0.288342
vt 8.75539 -7.86948
vt 8.72776 -7.88881
vt 8.67209 -7.90793
vt 8.65134 -7.92069
v 59.7029 76.8703 -67.1108
vt -0.240133 -13.3859
f 124/411/56 123/412/56 128/413/56 136/414/56 134/415/56 138/416/56 

v 58.074 79.8123 -58.2118
vt 8.79059 -7.8351
f 139/417/56 136/414/56 128/413/56 123/412/56 

vt 5.89349 13.5802
f 139/418/55 137/409/55 136/408/55

vt 14.3945 7.24788
f 138/419/55 134/407/55 133/410/55

f 133/403/54 135/405/54 134/404/54

vt 6.52058 -6.93691
vn -0.0563418 0.883979 -0.464119
vt 14.1695 0.532556
v 58.3026 79.7842 -58.0688
vt 14.1418 0.513225
v 58.3499 79.7741 -58.0892
vt 14.0862 0.494096
v 58.367 79.7673 -58.101
vt 14.0654 0.481346
v 65.6965 76.8706 -63.1625
vt 5.17394 -4.98384
f 129/420/57 131/421/57 140/422/57 141/423/57 142/424/57 143/425/57 

v 58.2522 79.8127 -58.0217
vt 14.2047 0.566933
f 144/426/57 141/423/57 140/422/57 131/421/57 

vt -5.33224 13.5962
vn 0.377384 0.913644 0.151117
v 58.3835 79.7534 -58.0786
vt -5.21767 13.4686
vt -5.22069 13.5131
f 144/427/58 145/428/58 141/429/58

vt -5.20117 13.4986
v 67.0605 75.8356 -61.8372
vt 2.35329 5.03618
f 142/430/58 141/429/58 145/428/58 146/431/58 

v 67.0879 76.8708 -59.9356
vt 4.82888 0.114993
vn 0.149861 0.91352 -0.378184
vt 5.64746 -2.11163
vt 13.2081 6.34528
v 58.3808 79.7488 -58.1293
vt 13.2054 6.30541
v 58.2397 79.8124 -58.0691
vt 13.3282 6.44224
f 147/432/59 146/433/59 142/434/59 148/435/59 149/436/59 

vt 3.16872 7.26388
f 143/437/58 142/430/58 146/431/58

f 146/433/59 148/435/59 142/434/59

vt -10.9459 9.80957
vn 0.298129 0.884199 0.359598
v 67.1153 75.8358 -58.034
vt -3.32168 2.35389
vt -1.97705 4.30826
vt -11.0004 9.86278
f 140/438/60 150/439/60 147/440/60 149/441/60 

vt 0.30124 14.7575
vn 0.320881 0.947101 -0.00588603
vt 0.261672 14.7577
v 58.2438 79.813 -57.7613
vt -0.0458296 14.7594
v 58.3047 79.7857 -57.7631
vt -0.0449768 14.6856
v 58.3075 79.7844 -57.7632
vt -0.0449383 14.6822
v 58.3091 79.7841 -57.7626
vt -0.0456858 14.6805
vt 0.0782166 4.01988
vt 0.299659 14.6814
f 149/442/61 130/443/61 151/444/61 152/445/61 153/446/61 154/447/61 150/448/61 140/449/61 

v 58.3683 79.7712 -57.7385
vt 10.9531 9.70082
vn 0.288333 0.883983 -0.368019
v 67.1427 76.871 -56.1324
vt 2.04872 4.22817
vt 3.39534 2.2751
vt 11.0224 9.72431
vt 11.0243 9.72495
vt 11.0267 9.72728
vt 11.0795 9.77886
f 155/450/62 156/451/62 150/452/62 154/453/62 153/454/62 152/455/62 151/456/62 

vt -4.78164 0.208648
vn 0.159981 0.913648 0.373701
vt -13.1638 6.4519
vt -13.2828 6.54079
v 58.3885 79.7485 -57.704
vt -13.1581 6.40196
v 66.0975 76.3139 -54.6551
vt -6.52062 -0.990425
v 67.1701 75.836 -54.2308
vt -5.59702 -2.01907
f 156/457/63 155/458/63 151/459/63 157/460/63 158/461/63 159/462/63 

vt 9.6857 11.6393
vn 0.359598 0.884199 -0.298129
vt 17.31 4.18365
v 55.8997 76.8701 -67.056
vt 18.6546 6.13802
v 57.7662 79.8117 -58.2078
vt 9.63128 11.6925
f 125/463/64 124/464/64 160/465/64 161/466/64 

vt -3.20812 -16.9055
vn -0.378184 0.91352 -0.149861
v 53.9981 75.8349 -67.0286
vt -2.38954 -19.1321
v 57.7343 79.7666 -58.3351
vt 5.17107 -10.6752
v 57.706 79.7481 -58.3489
vt 5.16835 -10.7151
vt 5.29122 -10.5783
f 160/467/65 162/468/65 163/469/65 164/470/65 161/471/65 

v 52.6728 76.8699 -65.6646
vt 22.3197 0.170076
vn 0.151117 0.913644 -0.377384
vt 13.9498 6.40479
vt 21.5042 -2.05762
f 165/472/66 163/473/66 162/474/66

v 51.3476 75.8348 -64.3006
vt -9.67542 -18.0093
vn -0.464119 0.883979 0.0563418
vt -2.02655 -10.5398
vt -2.05417 -10.5591
v 57.7462 79.7734 -58.318
vt -2.10984 -10.5783
vt -2.13059 -10.591
vt -11.0221 -16.0562
f 166/475/67 126/476/67 125/477/67 167/478/67 163/479/67 165/480/67 

vt 10.2607 -19.381
vn -0.230901 0.947103 -0.222894
v 57.5545 79.7832 -58.0445
vt 10.4752 -8.71934
v 57.5828 79.7934 -58.0409
vt 10.4559 -8.69168
v 57.6233 79.8114 -58.0249
vt 10.4372 -8.64306
vt 10.149 -8.64213
vt 10.1303 -8.69075
f 166/481/68 168/482/68 169/483/68 170/484/68 121/485/68 126/486/68 

vt 15.0293 3.20186
vn 0.043465 0.884199 -0.465083
vt 22.6536 -4.25382
v 50.0223 76.8698 -62.9366
vt 23.9982 -2.29945
v 57.5988 79.8113 -57.9998
vt 14.9749 3.25507
f 168/487/69 166/488/69 171/489/69 172/490/69 

vt -14.4337 -16.8539
vn -0.373385 0.91352 0.161449
v 48.6971 75.8346 -61.5725
vt -13.6151 -19.0805
v 57.4863 79.7663 -58.0672
vt -6.05453 -10.6236
v 57.4564 79.7477 -58.057
vt -6.05724 -10.6635
vt -5.93438 -10.5266
f 171/491/70 173/492/70 174/493/70 175/494/70 172/495/70 

v 57.4904 79.7523 -58.0948
vt 13.9155 -3.61881
vn -0.159995 0.913644 -0.373707
vt 21.4864 -12.0512
vt 13.932 -3.58884
v 57.5067 79.773 -58.0635
vt 13.9125 -3.57429
f 176/496/71 173/497/71 174/498/71 177/499/71 

f 173/492/70 175/494/70 174/493/70

v 48.7245 76.8696 -59.6709
vt 22.3019 -9.82355
f 178/500/71 174/498/71 173/497/71

v 48.7519 75.8344 -57.7694
vt -19.5093 -13.3838
vn -0.288342 0.883979 0.368021
vt -11.8604 -5.91432
vt -11.888 -5.93365
vt -11.9437 -5.95278
vt -11.9645 -5.96553
vt -20.8559 -11.4307
f 179/501/72 169/502/72 168/503/72 177/504/72 174/505/72 178/506/72 

vt -0.142077 -23.3122
vn -0.320881 0.947103 0.00566163
v 57.5646 79.7828 -57.7346
vt 0.0724205 -12.6505
v 57.5872 79.7931 -57.7521
vt 0.0531476 -12.6228
v 57.627 79.8111 -57.7694
vt 0.0343833 -12.5742
vt -0.253754 -12.5733
vt -0.272519 -12.6219
f 179/507/73 180/508/73 181/509/73 182/510/73 170/511/73 169/512/73 

vt 11.8271 -5.99367
vn -0.298129 0.884199 -0.359598
vt 19.4513 -13.4494
v 48.7793 76.8694 -55.8678
vt 20.796 -11.495
v 57.6275 79.811 -57.7343
vt 11.7727 -5.94046
f 180/513/74 179/514/74 183/515/74 184/516/74 

vt -22.3303 -9.75227
vn -0.149861 0.91352 0.378184
v 48.8067 75.8342 -53.9662
vt -21.5117 -11.9789
v 57.5002 79.7659 -57.7024
vt -13.9511 -3.52198
v 57.4864 79.7474 -57.674
vt -13.9538 -3.56185
vt -13.8309 -3.42502
f 183/517/75 185/518/75 186/519/75 187/520/75 184/521/75 

v 57.4837 79.752 -57.7248
vt 5.96511 -10.6742
vn -0.377384 0.913644 -0.151117
vt 13.5361 -19.1067
vt 5.98161 -10.6442
v 57.5173 79.7727 -57.7142
vt 5.96208 -10.6297
f 188/522/76 185/523/76 186/524/76 189/525/76 

f 185/518/75 187/520/75 186/519/75

v 50.1707 76.8692 -52.6409
vt 14.3515 -16.879
f 190/526/76 186/524/76 185/523/76

v 51.5347 75.8341 -51.3157
vt -22.6346 -4.17211
vn 0.0563418 0.883979 0.464119
vt -14.9857 3.29736
vt -15.0133 3.27803
vt -15.069 3.2589
vt -15.0897 3.24615
vt -23.9812 -2.21904
f 191/527/77 181/528/77 180/529/77 189/530/77 186/531/77 190/532/77 

vt -10.4812 -19.2381
vn -0.222894 0.947103 0.230901
v 57.7909 79.7825 -57.5226
vt -10.2667 -8.57644
v 57.7944 79.7927 -57.5509
vt -10.286 -8.54877
v 57.8104 79.8107 -57.5914
vt -10.3047 -8.50015
vt -10.5929 -8.49922
vt -10.6117 -8.54784
f 191/533/78 192/534/78 193/535/78 194/536/78 182/537/78 181/538/78 

vt 1.95475 -10.5607
vn -0.465083 0.884199 -0.043465
vt 9.57902 -18.0164
v 52.8988 76.8691 -49.9904
vt 10.9236 -16.0621
v 57.8355 79.8107 -57.5669
vt 1.90034 -10.5075
f 192/539/79 191/540/79 195/541/79 196/542/79 

vt -22.2721 0.239229
vn 0.161449 0.91352 0.373385
v 54.2628 75.8339 -48.6652
vt -21.4535 -1.98739
v 57.7681 79.7656 -57.4543
vt -13.8929 6.46952
v 57.7784 79.747 -57.4245
vt -13.8956 6.42965
vt -13.7728 6.56648
f 195/543/80 197/544/80 198/545/80 199/546/80 196/547/80 

f 197/544/80 199/546/80 198/545/80

v 56.1644 76.8689 -48.6926
vt 3.12577 -16.8633
vn -0.373707 0.913644 0.159995
vt -5.24412 -10.6286
vt 2.31033 -19.091
f 200/548/81 198/549/81 197/550/81

v 58.066 75.8337 -48.72
vt -17.2205 4.22957
vn 0.368021 0.883979 0.288342
vt -9.57162 11.699
vt -9.59924 11.6797
v 57.7718 79.7723 -57.4748
vt -9.65491 11.6606
vt -9.67566 11.6478
vt -18.5671 6.18264
f 201/551/82 193/552/82 192/553/82 202/554/82 198/555/82 200/556/82 

vt -14.7002 -9.54538
vn 0.00566163 0.947103 0.320881
v 58.1007 79.7821 -57.5327
vt -14.4857 1.11627
v 58.0832 79.7924 -57.5552
vt -14.505 1.14393
v 58.0659 79.8104 -57.5951
vt -14.5237 1.19255
vt -14.8119 1.19348
vt -14.8306 1.14486
f 201/557/83 203/558/83 204/559/83 205/560/83 194/561/83 193/562/83 

vt -8.80456 -7.82413
vn -0.359598 0.884199 0.298129
vt -1.1803 -15.2798
v 59.9676 76.8687 -48.7474
vt 0.164329 -13.3254
v 58.101 79.8103 -57.5956
vt -8.85898 -7.77092
f 203/563/84 201/564/84 206/565/84 207/566/84 

vt -14.2933 7.26763
vn 0.378184 0.91352 0.149861
v 61.8691 75.8336 -48.7748
vt -13.4747 5.04101
v 58.1329 79.7652 -57.4683
vt -5.91408 13.4979
v 58.1613 79.7467 -57.4545
vt -5.9168 13.458
vt -5.79393 13.5949
f 206/567/85 208/568/85 209/569/85 210/570/85 207/571/85 

f 208/568/85 210/570/85 209/569/85

v 63.1944 76.8686 -50.1388
vt -4.79944 -9.78577
vn -0.151117 0.913644 0.377384
vt -13.1693 -3.55106
vt -5.61488 -12.0135
f 211/572/86 209/573/86 208/574/86

v 64.5196 75.8334 -51.5028
vt -6.43857 6.89956
vn 0.464119 0.883979 -0.0563418
vt 1.21031 14.369
vt 1.18269 14.3497
v 58.1211 79.772 -57.4854
vt 1.12702 14.3306
vt 1.10627 14.3178
vt -7.78521 8.85263
f 212/575/87 204/576/87 203/577/87 213/578/87 209/579/87 211/580/87 

v 58.25 79.81 -57.7847
vt -10.1413 10.8259
vn 0.230901 0.947103 0.222894
vt -10.4392 10.8269
vt -10.458 10.7783
vt -10.3276 0.0880314
vt -10.1129 10.7559
v 58.3085 79.7845 -57.7632
vt -10.1129 10.7569
v 58.2684 79.81 -57.8036
vt -10.1115 10.8258
f 214/581/88 205/582/88 204/583/88 212/584/88 154/585/88 215/586/88 216/587/88 

vt -14.4842 1.19236
f 207/588/83 205/560/83 204/559/83 203/558/83 

v 58.0536 79.8106 -57.5831
vt 1.24552 14.4034
f 217/589/87 213/578/87 203/577/87 204/576/87 

vt -13.3004 -3.45342
v 58.1105 79.7513 -57.4518
vt -13.1858 -3.58103
vt -13.1889 -3.53652
f 217/590/86 218/591/86 213/592/86

f 209/573/86 213/592/86 218/591/86 208/574/86 

vt -14.0837 0.59297
vn -0.043465 0.884199 0.465083
v 58.3663 79.772 -57.7398
vt -14.086 0.594435
vt -14.1527 0.617348
vt -6.52394 -6.84269
v 65.8449 76.8684 -52.8668
vt -5.17931 -4.88833
v 58.3717 79.7699 -57.7363
vt -14.0796 0.590485
f 155/593/89 219/594/89 154/595/89 212/596/89 220/597/89 221/598/89 

v 67.1701 75.8332 -54.2308
vt -2.2491 4.98907
vn 0.373385 0.91352 -0.161449
v 58.3992 79.7516 -57.7511
vt 5.31886 13.4173
vt 5.32185 13.4612
vt 5.31961 13.4595
vt 5.3158 13.4567
vt -3.06768 7.21569
f 222/599/90 223/600/90 219/601/90 155/602/90 221/603/90 220/604/90 

vt 5.43166 13.5429
f 216/605/90 219/601/90 223/600/90

vt -14.1534 0.618066
vt -14.2026 0.6662
f 215/606/89 154/595/89 219/594/89 216/607/89 

vt -10.2652 -8.50035
f 196/608/78 194/536/78 193/535/78 192/534/78 

v 57.7932 79.8109 -57.5915
vt -9.53641 11.7334
f 224/609/82 202/554/82 192/553/82 193/552/82 

vt -5.3752 -10.5309
v 57.7406 79.7517 -57.4585
vt -5.26062 -10.6585
vt -5.26365 -10.614
f 224/610/81 225/611/81 202/612/81

f 198/549/81 202/612/81 225/611/81 197/550/81 

vt 0.0739514 -12.5744
f 184/613/73 182/510/73 181/509/73 180/508/73 

v 57.615 79.8113 -57.7817
vt -14.9505 3.33173
f 226/614/77 189/530/77 180/529/77 181/528/77 

vt 5.85053 -10.5466
f 226/615/76 188/522/76 189/525/76

vt 10.4767 -8.64325
f 172/616/68 170/484/68 169/483/68 168/482/68 

v 57.6235 79.8116 -58.0421
vt -11.8252 -5.87994
f 227/617/72 177/504/72 168/503/72 169/502/72 

vt 13.8009 -3.4912
f 227/618/71 176/496/71 177/499/71

vt 14.8493 0.990399
f 161/619/51 121/385/51 126/390/51 125/389/51 

v 57.8136 79.812 -58.2203
vt -1.99134 -10.5054
f 228/620/67 167/478/67 125/477/67 126/476/67 

vt 13.8187 6.50243
v 57.7567 79.7527 -58.3516
vt 13.9333 6.37482
vt 13.9302 6.41933
f 228/621/66 229/622/66 167/623/66

f 163/473/66 167/623/66 229/622/66 162/474/66 

f 162/468/65 164/470/65 163/469/65

g Mesh3 Group4 Group1 Model

usemtl _Color_M04_1
v 58.0199 79.7032 -57.3365
vt -4.96413 1.22412
vn 0.00887104 -0.498762 0.866693
v 58.0293 80.7681 -56.4174
vt -4.67614 5.04338
v 57.6323 80.7681 -56.4655
vt -5.63613 5.04338
vn -0.215748 -0.498762 0.839458
v 57.8611 79.7032 -57.3558
vt -5.34813 1.22412
f 230/624/91 231/625/91 232/626/92 233/627/92 

v 58.4253 80.7681 -56.4737
vt -4.67614 4.26577
vn 0.232886 -0.498762 0.834866
vt -5.63613 4.26577
vt -5.34813 0.446507
v 58.1783 79.7032 -57.359
vt -4.96413 0.446507
f 234/628/93 231/629/91 230/630/91 235/631/93 

v 58.1783 84.0415 -57.359
vt -4.96413 12.2643
vn 0.264104 0.184005 0.946779
v 58.0199 84.0415 -57.3365
vt -5.34813 12.2643
vn 0.0100602 0.184005 0.982874
vt -5.63613 2.39515
vt -4.67614 2.39515
f 236/632/94 237/633/95 231/634/95 234/635/94 

v 58.4514 84.0415 -57.5204
vt 2.20644 3.6774
v 58.5474 84.0415 -57.6483
vt 2.25656 3.29669
v 58.6071 84.0415 -57.7967
vt 2.40351 2.94192
v 58.6264 84.0415 -57.9556
vt 2.63727 2.63727
v 58.6039 84.0415 -58.1139
vt 2.94192 2.40351
v 58.5412 84.0415 -58.2611
vt 3.29669 2.25656
v 58.4425 84.0415 -58.387
vt 3.6774 2.20644
v 58.3146 84.0415 -58.4831
vt 4.05811 2.25656
v 58.1662 84.0415 -58.5428
vt 4.41288 2.40351
v 58.0074 84.0415 -58.562
vt 4.71752 2.63727
v 57.849 84.0415 -58.5395
vt 4.95129 2.94192
v 57.7018 84.0415 -58.4768
vt 5.09823 3.29669
v 57.5759 84.0415 -58.3781
vt 5.14836 3.6774
v 57.4799 84.0415 -58.2502
vt 5.09823 4.05811
v 57.4201 84.0415 -58.1018
vt 4.95129 4.41288
v 57.4009 84.0415 -57.943
vt 4.71752 4.71752
v 57.4234 84.0415 -57.7846
vt 4.41288 4.95129
v 57.4861 84.0415 -57.6375
vt 4.05811 5.09823
v 57.5848 84.0415 -57.5116
vt 3.6774 5.14836
v 57.7127 84.0415 -57.4155
vt 3.29669 5.09823
v 57.8611 84.0415 -57.3558
vt 2.94192 4.95129
vt 2.63727 4.71752
vt 2.40351 4.41288
v 58.3255 84.0415 -57.4218
vt 2.25656 4.05811
f 238/636/27 239/637/27 240/638/27 241/639/27 242/640/27 243/641/27 244/642/27 245/643/27 246/644/27 247/645/27 248/646/27 249/647/27 250/648/27 251/649/27 252/650/27 253/651/27 254/652/27 255/653/27 256/654/27 257/655/27 258/656/27 237/657/27 236/658/27 259/659/27 

vt -2.97394 13.0283
vn 0.856224 0.184005 0.482725
vt -3.35794 13.0283
vn 0.70211 0.184005 0.687883
v 59.1079 80.7681 -56.8772
vt -3.64594 3.15923
v 59.3481 80.7681 -57.1969
vt -2.68594 3.15923
f 239/660/96 238/661/97 260/662/97 261/663/96 

vt -3.93393 12.8156
vt -4.31793 12.8156
vn 0.500149 0.184005 0.846164
v 58.7932 80.7681 -56.6305
vt -4.60593 2.94644
vt -3.64594 2.94644
f 238/664/97 259/665/98 262/666/98 260/667/97 

vt -4.61275 12.5549
vt -4.99675 12.5549
vt -5.28475 2.68582
vt -4.32475 2.68582
f 259/668/98 236/669/94 234/670/94 262/671/98 

vt 0 3.6774
vt -0.125304 4.62918
vt -0.492678 5.5161
vt -1.07708 6.27771
vt -1.8387 6.86212
v 57.2613 80.7681 -56.6148
vt -2.72562 7.22949
v 56.9415 80.7681 -56.855
vt -3.6774 7.3548
v 56.6948 80.7681 -57.1698
vt -4.62918 7.22949
v 56.538 80.7681 -57.5377
vt -5.5161 6.86212
v 56.4818 80.7681 -57.9336
vt -6.27771 6.27771
v 56.5299 80.7681 -58.3306
vt -6.86212 5.5161
v 56.6792 80.7681 -58.7016
vt -7.22949 4.62918
v 56.9194 80.7681 -59.0214
vt -7.3548 3.6774
v 57.2341 80.7681 -59.2681
vt -7.22949 2.72562
v 57.602 80.7681 -59.4249
vt -6.86212 1.8387
v 57.998 80.7681 -59.4812
vt -6.27771 1.07708
v 58.395 80.7681 -59.433
vt -5.5161 0.492678
v 58.766 80.7681 -59.2838
vt -4.62918 0.125304
v 59.0858 80.7681 -59.0436
vt -3.6774 0
v 59.3324 80.7681 -58.7288
vt -2.72562 0.125304
v 59.4893 80.7681 -58.3609
vt -1.8387 0.492678
v 59.5455 80.7681 -57.965
vt -1.07708 1.07708
v 59.4974 80.7681 -57.5679
vt -0.492678 1.8387
vt -0.125304 2.72562
f 260/672/50 262/673/50 234/674/50 231/675/50 232/676/50 263/677/50 264/678/50 265/679/50 266/680/50 267/681/50 268/682/50 269/683/50 270/684/50 271/685/50 272/686/50 273/687/50 274/688/50 275/689/50 276/690/50 277/691/50 278/692/50 279/693/50 280/694/50 261/695/50 

v 58.4514 79.7032 -57.5204
vt -3.93393 -0.978044
vn 0.619118 -0.498762 0.606572
vt -3.64594 2.84122
vt -4.60593 2.84122
vn 0.441029 -0.498762 0.746143
v 58.3255 79.7032 -57.4218
vt -4.31793 -0.978044
f 281/696/99 260/697/99 262/698/100 282/699/100 

v 58.5474 79.7032 -57.6483
vt -2.97394 -1.5279
vn 0.755014 -0.498762 0.425664
vt -2.68594 2.29136
vt -3.64594 2.29136
vt -3.35794 -1.5279
f 283/700/101 261/701/101 260/702/99 281/703/99 

vt -1.5102 1.90256
vn 0.839458 -0.498762 0.215748
vt -2.47019 1.90256
vt -2.18219 -1.91671
v 58.6071 79.7032 -57.7967
vt -1.79819 -1.91671
f 280/704/102 261/705/101 283/706/101 284/707/102 

vt -1.5102 3.30969
vn 0.951987 0.184005 0.244669
vt -1.79819 13.1788
vt -2.18219 13.1788
vt -2.47019 3.30969
f 280/708/103 240/709/103 239/710/96 261/711/96 

vt -0.486819 13.2567
vn 0.982874 0.184005 -0.0100602
vt -0.870817 13.2567
vt -1.15881 3.38758
vt -0.198821 3.38758
f 241/712/104 240/713/103 280/714/103 279/715/104 

v 58.6264 79.7032 -57.9556
vt -0.486819 -2.11797
vn 0.866693 -0.498762 -0.00887104
vt -0.198821 1.70129
vt -1.15881 1.70129
vt -0.870817 -2.11797
f 285/716/105 279/717/105 280/718/102 284/719/102 

v 58.6039 79.7032 -58.1139
vt 0.870817 -2.11797
vn 0.834866 -0.498762 -0.232886
vt 1.15881 1.70129
vt 0.198821 1.70129
vt 0.486819 -2.11797
f 286/720/106 278/721/106 279/722/105 285/723/105 

v 58.5412 79.7032 -58.2611
vt 2.18219 -1.91671
vn 0.746143 -0.498762 -0.441029
vt 2.47019 1.90256
vt 1.5102 1.90256
vt 1.79819 -1.91671
f 287/724/107 277/725/107 278/726/106 286/727/106 

v 58.4425 79.7032 -58.387
vt 3.35794 -1.5279
vn 0.606572 -0.498762 -0.619118
vt 3.64594 2.29136
vt 2.68594 2.29136
vt 2.97394 -1.5279
f 288/728/108 276/729/108 277/730/107 287/731/107 

v 58.3146 79.7032 -58.4831
vt 4.31793 -0.978044
vn 0.425664 -0.498762 -0.755014
vt 4.60593 2.84122
vt 3.64594 2.84122
vt 3.93393 -0.978044
f 289/732/109 275/733/109 276/734/108 288/735/108 

v 58.1662 79.7032 -58.5428
vt 4.99675 -0.30461
vn 0.215748 -0.498762 -0.839458
vt 5.28475 3.51465
vt 4.32475 3.51465
vt 4.61275 -0.30461
f 290/736/110 274/737/110 275/738/109 289/739/109 

v 58.0074 79.7032 -58.562
vt 5.34813 0.446507
vn -0.00887104 -0.498762 -0.866693
vt 5.63613 4.26577
vt 4.67614 4.26577
vt 4.96413 0.446507
f 291/740/111 273/741/111 274/742/110 290/743/110 

vt 4.96413 1.22412
v 57.849 79.7032 -58.5395
vt 5.34813 1.22412
vn -0.232886 -0.498762 -0.834866
vt 5.63613 5.04338
vt 4.67614 5.04338
f 291/744/111 292/745/112 272/746/112 273/747/111 

vt -2.25656 3.29669
vt -2.20644 3.6774
vt -2.25656 4.05811
vt -2.40351 4.41288
vt -2.63727 4.71752
vt -2.94192 4.95129
v 57.7127 79.7032 -57.4155
vt -3.29669 5.09823
v 57.5848 79.7032 -57.5116
vt -3.6774 5.14836
v 57.4861 79.7032 -57.6375
vt -4.05811 5.09823
v 57.4234 79.7032 -57.7846
vt -4.41288 4.95129
v 57.4009 79.7032 -57.943
vt -4.71752 4.71752
v 57.4201 79.7032 -58.1018
vt -4.95129 4.41288
v 57.4799 79.7032 -58.2502
vt -5.09823 4.05811
v 57.5759 79.7032 -58.3781
vt -5.14836 3.6774
v 57.7018 79.7032 -58.4768
vt -5.09823 3.29669
vt -4.95129 2.94192
vt -4.71752 2.63727
vt -4.41288 2.40351
vt -4.05811 2.25656
vt -3.6774 2.20644
vt -3.29669 2.25656
vt -2.94192 2.40351
vt -2.63727 2.63727
vt -2.40351 2.94192
f 283/748/50 281/749/50 282/750/50 235/751/50 230/752/50 233/753/50 293/754/50 294/755/50 295/756/50 296/757/50 297/758/50 298/759/50 299/760/50 300/761/50 301/762/50 292/763/50 291/764/50 290/765/50 289/766/50 288/767/50 287/768/50 286/769/50 285/770/50 284/771/50 

vt -4.61275 -0.30461
vt -4.32475 3.51465
vt -5.28475 3.51465
vt -4.99675 -0.30461
f 282/772/100 262/773/100 234/774/93 235/775/93 

vt -4.61275 1.97524
vt -4.32475 5.7945
vt -5.28475 5.7945
vn -0.425664 -0.498762 0.755014
vt -4.99675 1.97524
f 233/776/92 232/777/92 263/778/113 293/779/113 

vt -4.32475 1.80354
vn -0.244669 0.184005 0.951987
vt -4.61275 11.6727
vt -4.99675 11.6727
vn -0.482725 0.184005 0.856224
vt -5.28475 1.80354
f 232/780/114 258/781/114 257/782/115 263/783/115 

vt -4.67614 2.09422
vt -4.96413 11.9633
vt -5.34813 11.9633
vt -5.63613 2.09422
f 231/784/95 237/785/95 258/786/114 232/787/114 

vt -3.64594 1.54293
vt -3.93393 11.412
vt -4.31793 11.412
vn -0.687883 0.184005 0.70211
vt -4.60593 1.54293
f 263/788/115 257/789/115 256/790/116 264/791/116 

vt -2.68594 1.33014
vt -2.97394 11.1993
vt -3.35794 11.1993
vn -0.846164 0.184005 0.500149
vt -3.64594 1.33014
f 264/792/116 256/793/116 255/794/117 265/795/117 

vt -1.5102 1.17967
vt -1.79819 11.0488
vt -2.18219 11.0488
vn -0.946779 0.184005 0.264104
vt -2.47019 1.17967
f 265/796/117 255/797/117 254/798/118 266/799/118 

vt -0.198821 1.10179
vt -0.486819 10.9709
vt -0.870817 10.9709
vn -0.982874 0.184005 0.0100602
vt -1.15881 1.10179
f 266/800/118 254/801/118 253/802/119 267/803/119 

vt 0.198821 1.10179
vn -0.951987 0.184005 -0.244669
vt 1.15881 1.10179
vt 0.870817 10.9709
vt 0.486819 10.9709
f 268/804/120 267/805/119 253/806/119 252/807/120 

vt 0.486819 3.7886
vn -0.839458 -0.498762 -0.215748
vt 0.870817 3.7886
vn -0.866693 -0.498762 0.00887104
vt 1.15881 7.60786
vt 0.198821 7.60786
f 298/808/121 297/809/122 267/810/122 268/811/121 

vt -0.486819 3.7886
vn -0.834866 -0.498762 0.232886
vt -0.198821 7.60786
vt -1.15881 7.60786
vt -0.870817 3.7886
f 296/812/123 266/813/123 267/814/122 297/815/122 

vt -1.79819 3.58734
vn -0.746143 -0.498762 0.441029
vt -1.5102 7.4066
vt -2.47019 7.4066
vt -2.18219 3.58734
f 295/816/124 265/817/124 266/818/123 296/819/123 

vt -2.97394 3.19853
vn -0.606572 -0.498762 0.619118
vt -2.68594 7.01779
vt -3.64594 7.01779
vt -3.35794 3.19853
f 294/820/125 264/821/125 265/822/124 295/823/124 

vt -3.93393 2.64867
vt -3.64594 6.46794
vt -4.60593 6.46794
vt -4.31793 2.64867
f 293/824/113 263/825/113 264/826/125 294/827/125 

vt 1.79819 3.58734
vn -0.755014 -0.498762 -0.425664
vt 2.18219 3.58734
vt 2.47019 7.4066
vt 1.5102 7.4066
f 299/828/126 298/829/121 268/830/121 269/831/126 

vt 1.79819 11.0488
vn -0.856224 0.184005 -0.482725
vt 1.5102 1.17967
vt 2.47019 1.17967
vt 2.18219 11.0488
f 251/832/127 269/833/127 268/834/120 252/835/120 

vt 2.97394 11.1993
vn -0.70211 0.184005 -0.687883
vt 2.68594 1.33014
vt 3.64594 1.33014
vt 3.35794 11.1993
f 250/836/128 270/837/128 269/838/127 251/839/127 

vt 3.93393 11.412
vn -0.500149 0.184005 -0.846164
vt 3.64594 1.54293
vt 4.60593 1.54293
vt 4.31793 11.412
f 249/840/129 271/841/129 270/842/128 250/843/128 

vt 4.32475 1.80354
vn -0.264104 0.184005 -0.946779
vt 5.28475 1.80354
vt 4.99675 11.6727
vt 4.61275 11.6727
f 272/844/130 271/845/129 249/846/129 248/847/130 

vt 4.32475 5.7945
vt 4.61275 1.97524
vt 4.99675 1.97524
vn -0.441029 -0.498762 -0.746143
vt 5.28475 5.7945
f 272/848/112 292/849/112 301/850/131 271/851/131 

vt 3.93393 2.64867
vt 4.31793 2.64867
vn -0.619118 -0.498762 -0.606572
vt 4.60593 6.46794
vt 3.64594 6.46794
f 301/852/131 300/853/132 270/854/132 271/855/131 

vt 2.97394 3.19853
vt 3.35794 3.19853
vt 3.64594 7.01779
vt 2.68594 7.01779
f 300/856/132 299/857/126 269/858/126 270/859/132 

vt 4.96413 11.9633
vn -0.0100602 0.184005 -0.982874
vt 4.67614 2.09422
vt 5.63613 2.09422
vt 5.34813 11.9633
f 247/860/133 273/861/133 272/862/130 248/863/130 

vt 5.63613 2.39515
vt 5.34813 12.2643
vt 4.96413 12.2643
vn 0.244669 0.184005 -0.951987
vt 4.67614 2.39515
f 273/864/133 247/865/133 246/866/134 274/867/134 

vt 5.28475 2.68582
vt 4.99675 12.5549
vt 4.61275 12.5549
vn 0.482725 0.184005 -0.856224
vt 4.32475 2.68582
f 274/868/134 246/869/134 245/870/135 275/871/135 

vt 4.60593 2.94644
vt 4.31793 12.8156
vt 3.93393 12.8156
vn 0.687883 0.184005 -0.70211
vt 3.64594 2.94644
f 275/872/135 245/873/135 244/874/136 276/875/136 

vt 3.64594 3.15923
vt 3.35794 13.0283
vt 2.97394 13.0283
vn 0.846164 0.184005 -0.500149
vt 2.68594 3.15923
f 276/876/136 244/877/136 243/878/137 277/879/137 

vt 2.47019 3.30969
vt 2.18219 13.1788
vt 1.79819 13.1788
vn 0.946779 0.184005 -0.264104
vt 1.5102 3.30969
f 277/880/137 243/881/137 242/882/138 278/883/138 

vt 1.15881 3.38758
vt 0.870817 13.2567
vt 0.486819 13.2567
vt 0.198821 3.38758
f 278/884/138 242/885/138 241/886/104 279/887/104 

g Mesh4 Group4 Group1 Model

usemtl _Brown_
v 58.5474 82.5679 -57.6483
v 58.4514 82.5679 -57.5204
v 58.3255 82.5679 -57.4218
v 58.1783 82.5679 -57.359
v 58.0199 82.5679 -57.3365
v 57.8611 82.5679 -57.3558
v 57.7127 82.5679 -57.4155
v 57.5848 82.5679 -57.5116
v 57.4861 82.5679 -57.6375
v 57.4234 82.5679 -57.7846
v 57.4009 82.5679 -57.943
v 57.4201 82.5679 -58.1018
v 57.4799 82.5679 -58.2502
v 57.5759 82.5679 -58.3781
v 57.7018 82.5679 -58.4768
v 57.849 82.5679 -58.5395
v 58.0074 82.5679 -58.562
v 58.1662 82.5679 -58.5428
v 58.3146 82.5679 -58.4831
v 58.4425 82.5679 -58.387
v 58.5412 82.5679 -58.2611
v 58.6039 82.5679 -58.1139
v 58.6264 82.5679 -57.9556
v 58.6071 82.5679 -57.7967
f 302/748/50 303/749/50 304/750/50 305/751/50 306/752/50 307/753/50 308/754/50 309/755/50 310/756/50 311/757/50 312/758/50 313/759/50 314/760/50 315/761/50 316/762/50 317/763/50 318/764/50 319/765/50 320/766/50 321/767/50 322/768/50 323/769/50 324/770/50 325/771/50 

g Mesh5 Group5 Group1 Model

usemtl _Color_M05_4
v 57.4247 -3.8688e-08 -58.2048
vt 0.35169 -50.9525
vn -0.871098 5.86871e-10 -0.49111
v 57.3791 -3.86572e-08 -58.0914
vt 0.575251 -50.9525
vn -0.968524 6.52507e-10 -0.248919
v 57.3791 78.1817 -58.0914
vt 0.575251 73.436
v 57.4247 78.1817 -58.2048
vt 0.35169 73.436
f 326/888/139 327/889/140 328/890/140 329/891/139 

vt 0.0463009 -50.9525
v 57.3644 -3.86473e-08 -57.9701
vt 0.269861 -50.9525
vn -0.999948 6.73677e-10 0.010235
v 57.3644 78.1817 -57.9701
vt 0.269861 73.436
vt 0.0463009 73.436
f 327/892/140 330/893/141 331/894/141 328/895/140 

v 57.3816 -3.86589e-08 -57.8491
vt -0.0463009 -50.9525
vn -0.963226 6.48936e-10 0.268692
v 57.3816 78.1817 -57.8491
vt -0.0463009 73.436
vt -0.269861 73.436
vt -0.269861 -50.9525
f 332/896/142 333/897/142 331/898/141 330/899/141 

v 57.4295 -3.86912e-08 -57.7367
vt -0.35169 -50.9525
vn -0.860863 5.7997e-10 0.508838
v 57.4295 78.1817 -57.7367
vt -0.35169 73.436
vt -0.575251 73.436
vt -0.575251 -50.9525
f 334/900/143 335/901/143 333/902/142 332/903/142 

v 57.5049 -3.8742e-08 -57.6406
vt -0.625495 -50.9525
vn -0.699833 4.71482e-10 0.714307
v 57.5049 78.1817 -57.6406
vt -0.625495 73.436
vt -0.849056 73.436
vt -0.849056 -50.9525
f 336/904/144 337/905/144 335/906/143 334/907/143 

v 57.6026 -3.88078e-08 -57.5672
vn -0.49111 3.30867e-10 0.871098
v 57.6026 78.1817 -57.5672
vt -1.07262 73.436
vt -1.07262 -50.9525
f 338/907/145 339/906/145 337/908/144 336/909/144 

v 57.7159 -3.88841e-08 -57.5216
vt -1.00714 -50.9525
vn -0.248919 1.67702e-10 0.968524
v 57.7159 78.1817 -57.5216
vt -1.00714 73.436
vt -1.2307 73.436
vt -1.2307 -50.9525
f 340/910/146 341/911/146 339/912/145 338/913/145 

v 57.8372 -3.89659e-08 -57.5069
vt -1.08897 -50.9525
vn 0.010235 -6.8974e-12 0.999948
v 57.8372 78.1817 -57.5069
vt -1.08897 73.436
vt -1.31253 73.436
vt -1.31253 -50.9525
f 342/914/147 343/915/147 341/916/146 340/917/146 

v 57.9582 -3.90474e-08 -57.524
vn 0.268692 -1.81021e-10 0.963226
v 57.9582 78.1817 -57.524
f 344/914/148 345/915/148 343/916/147 342/917/147 

v 58.0706 78.1817 -57.572
vn 0.508838 -3.428e-10 0.860863
v 58.0706 -3.91231e-08 -57.572
f 346/911/149 345/912/148 344/913/148 347/910/149 

vt 0.634734 1.68358
vt 0.428191 1.59803
vt 0.250829 1.46194
vt 0.114733 1.28457
vt 0.0291805 1.07803
v 58.1668 78.1817 -57.6473
vt -2.72848e-12 0.856382
v 58.2402 78.1817 -57.745
vt 0.0291805 0.634734
v 58.2858 78.1817 -57.8584
vt 0.114733 0.428191
v 58.3005 78.1817 -57.9797
vt 0.250829 0.250829
v 58.2833 78.1817 -58.1007
vt 0.428191 0.114733
v 58.2354 78.1817 -58.2131
vt 0.634734 0.0291805
v 58.16 78.1817 -58.3092
vt 0.856382 7.27596e-12
v 58.0623 78.1817 -58.3826
vt 1.07803 0.0291805
v 57.949 78.1817 -58.4282
vt 1.28457 0.114733
v 57.8277 78.1817 -58.4429
vt 1.46194 0.250829
v 57.7067 78.1817 -58.4257
vt 1.59803 0.428191
v 57.5943 78.1817 -58.3778
vt 1.68358 0.634734
v 57.4981 78.1817 -58.3024
vt 1.71276 0.856382
vt 1.68358 1.07803
vt 1.59803 1.28457
vt 1.46194 1.46194
vt 1.28457 1.59803
vt 1.07803 1.68358
vt 0.856382 1.71276
f 339/918/27 341/919/27 343/920/27 345/921/27 346/922/27 348/923/27 349/924/27 350/925/27 351/926/27 352/927/27 353/928/27 354/929/27 355/930/27 356/931/27 357/932/27 358/933/27 359/934/27 360/935/27 329/936/27 328/937/27 331/938/27 333/939/27 335/940/27 337/941/27 

v 58.1668 -3.91879e-08 -57.6473
vn 0.714307 -4.81227e-10 0.699833
f 361/907/150 348/906/150 346/908/149 347/909/149 

v 58.2402 -3.92373e-08 -57.745
vn 0.871098 -5.86865e-10 0.49111
f 362/904/151 349/905/151 348/906/150 361/907/150 

v 58.2858 -3.9268e-08 -57.8584
vn 0.968524 -6.52507e-10 0.248919
f 363/900/152 350/901/152 349/902/151 362/903/151 

vn 0.999948 -6.73678e-10 -0.010235
v 58.3005 -3.92779e-08 -57.9797
f 351/897/153 350/898/152 363/899/152 364/896/153 

v 58.2833 -3.92664e-08 -58.1007
vn 0.963226 -6.48936e-10 -0.268692
f 365/893/154 352/894/154 351/895/153 364/892/153 

v 58.2354 -3.92341e-08 -58.2131
vn 0.860863 -5.79969e-10 -0.508838
f 366/889/155 353/890/155 352/891/154 365/888/154 

v 58.16 -3.91833e-08 -58.3092
vt 0.849056 -50.9525
vn 0.699833 -4.71483e-10 -0.714307
vt 0.849056 73.436
vt 0.625495 73.436
vt 0.625495 -50.9525
f 367/942/156 354/943/156 353/944/155 366/945/155 

v 58.0623 -3.91175e-08 -58.3826
vt 1.07262 -50.9525
vn 0.49111 -3.30865e-10 -0.871098
vt 1.07262 73.436
f 368/946/157 355/947/157 354/943/156 367/942/156 

v 57.949 -3.90411e-08 -58.4282
vt 1.2307 -50.9525
vn 0.248919 -1.677e-10 -0.968524
vt 1.2307 73.436
vt 1.00714 73.436
vt 1.00714 -50.9525
f 369/948/158 356/949/158 355/950/157 368/951/157 

v 57.8277 -3.89594e-08 -58.4429
vt 1.31253 -50.9525
vn -0.010235 6.89689e-12 -0.999948
vt 1.31253 73.436
vt 1.08897 73.436
vt 1.08897 -50.9525
f 370/952/159 357/953/159 356/954/158 369/955/158 

v 57.7067 -3.88779e-08 -58.4257
vn -0.268692 1.81025e-10 -0.963226
f 370/955/159 371/952/160 358/953/160 357/954/159 

v 57.5943 -3.88022e-08 -58.3778
vn -0.508838 3.42814e-10 -0.860863
f 371/951/160 372/948/161 359/949/161 358/950/160 

v 57.4981 -3.87374e-08 -58.3024
vn -0.714307 4.8124e-10 -0.699833
f 372/942/161 373/946/162 360/947/162 359/943/161 

f 373/945/162 326/942/139 329/943/139 360/944/162 

g Mesh6 Group6 Group1 Model

usemtl _Color_M04_1
v 78.2316 70.1045 -66.5508
vt -24.6195 36.4243
vn -0.136861 -0.988907 0.0577172
v 77.0303 70.3643 -66.0338
vt -24.6087 37.9207
v 76.8509 70.3649 -66.4508
vt -25.1204 37.9244
v 78.0522 70.1051 -66.9678
vt -25.1313 36.428
f 374/956/163 375/957/163 376/958/163 377/959/163 

v 98.4606 61.5406 -75.262
vt -10.4209 0.451568
vn 0.395132 -0.00141501 0.918623
v 58.5464 79.5332 -58.0725
vt -59.4198 18.092
v 58.5449 78.98 -58.0725
vt -59.4214 17.5497
v 58.4783 79.002 -58.0438
vt -59.5032 17.5713
vt -36.7284 9.10258
vt -35.2538 8.84788
v 98.3191 61.0494 -75.2017
vt -10.5943 -0.0299864
f 378/960/164 379/961/164 380/962/164 381/963/164 375/964/164 374/965/164 382/966/164 

vt 24.8458 10.0481
vn 0.274852 0.954328 -0.117112
v 98.2812 61.5413 -75.679
vt 25.3576 10.05
v 58.3395 79.5462 -58.4777
vt 25.1683 62.1632
v 58.2735 79.6195 -58.1812
vt 24.89 62.3752
vt 24.6566 62.1254
f 378/967/165 383/968/165 384/969/165 385/970/165 379/971/165 

v 98.1397 61.0501 -75.6187
vt 25.3987 -3.58363
vn 0.848594 -0.38253 -0.365456
vt 25.398 -3.07182
vt 24.8862 -3.07249
vt 24.8868 -3.5843
f 386/972/166 383/973/166 378/974/166 382/975/166 

vt 10.4209 0.451568
vn -0.395132 0.001415 -0.918623
vt 10.5943 -0.0299862
vt 35.2538 8.84788
vt 36.7284 9.10258
v 58.2607 79.0204 -58.4444
vt 59.5501 17.5887
v 58.3391 78.9945 -58.4781
vt 59.4539 17.5633
vt 59.4536 18.1042
f 383/976/167 386/977/167 377/978/167 376/979/167 387/980/167 388/981/167 384/982/167 

vt -25.3576 10.05
vn -0.274852 -0.954328 0.117112
vt -24.8458 10.0481
vt -25.2624 36.2588
f 386/983/168 382/984/168 377/985/168

vt -24.7506 36.2569
f 374/986/168 377/985/168 382/984/168

vt 25.1117 -32.9561
vn 0.141585 -0.987979 -0.0620518
v 58.5076 65.6621 -58.072
vt 25.2826 -57.5506
v 58.2533 65.6223 -58.1731
vt 25.5022 -57.7709
v 58.2504 65.6218 -58.1743
vt 25.5048 -57.7735
v 58.2091 65.6153 -58.1907
vt 25.5404 -57.8092
v 58.328 65.6626 -58.4889
vt 25.7944 -57.5474
vt 25.6235 -32.9525
f 374/987/169 389/988/169 390/989/169 391/990/169 392/991/169 393/992/169 377/993/169 

vt -35.2538 8.84789
vn 0.395133 -0.00141465 0.918623
vt -36.7284 9.10259
v 58.4291 66.1747 -58.0376
vt -59.5568 4.99501
v 58.5091 66.1874 -58.072
vt -59.4587 5.00742
vt -59.4602 4.49236
f 374/994/170 375/995/170 394/996/170 395/997/170 389/998/170 

vt -25.1215 -34.3622
vn -0.141585 0.987979 0.0620516
vt -25.6333 -34.3587
v 58.2591 66.1775 -58.4586
vt -25.7944 -57.5415
vn -0.140494 0.988045 0.0634646
v 57.9531 66.084 -58.0311
vt -25.4913 -58.0591
vn -0.152515 0.986816 0.0541646
vt -25.2826 -57.5567
f 375/999/171 376/1000/171 396/1001/172 397/1002/173 394/1003/171 

vt -24.7492 37.6856
vn -0.283025 -0.951496 0.120631
v 58.2425 79.0306 -58.4258
vt -25.1639 62.0644
vt -25.1751 62.0356
vt -25.2611 37.6874
f 375/1004/174 398/1005/174 387/1006/174 376/1007/174 

vt -24.6888 61.9739
vn -0.282975 -0.951496 0.120752
v 57.9494 79.2113 -58.0365
vt -24.9152 62.5625
v 57.9393 79.2136 -58.0463
vt -24.9299 62.5691
v 57.9368 79.2142 -58.0488
vt -24.9336 62.5707
v 57.9261 79.2166 -58.0592
vt -24.949 62.5776
v 57.9241 79.2171 -58.0611
vt -24.9519 62.5789
v 57.9511 79.1952 -58.1281
vt -25.0095 62.5174
v 57.9673 79.1861 -58.1447
vt -25.0195 62.4916
vt -25.1893 62.0544
vt -24.7649 37.6757
f 381/1008/175 399/1009/175 400/1010/175 401/1011/175 402/1012/175 403/1013/175 404/1014/175 405/1015/175 398/1016/175 375/1017/175 

v 58.2107 79.1266 -57.9286
vt -24.6877 62.3243
v 57.9561 79.2097 -58.03
vt -24.9055 62.5582
f 381/1008/175 406/1018/175 407/1019/175 399/1009/175 

vn 0.395132 -0.00141503 0.918623
v 58.4794 79.5634 -58.0437
vt -59.5021 18.1216
v 58.2177 79.6471 -57.931
vt -59.8233 18.2037
v 58.217 79.1266 -57.9313
vt -59.8239 17.6934
vt -59.8316 17.6934
f 379/961/176 408/1020/176 409/1021/176 410/1022/176 406/1023/176 381/963/176 380/962/176 

v 58.2706 79.6204 -58.1824
vt 24.8925 62.3778
v 58.2286 79.6337 -58.1991
vt 24.9284 62.4163
v 58.1943 79.6607 -58.1128
vt 24.8541 62.4947
v 58.1851 79.6635 -58.1174
vt 24.8629 62.5026
vn 0.273243 0.954667 -0.118109
v 58.1516 79.689 -58.0392
vt 24.7965 62.5764
vn 0.272438 0.954835 -0.118607
v 58.2375 79.656 -58.0403
vt 24.7598 62.4811
v 58.2421 79.6543 -58.0404
vt 24.7578 62.4759
vt 24.6563 62.2128
f 379/971/165 385/970/165 411/1024/165 412/1025/165 413/1026/165 414/1027/177 415/1028/178 416/1029/165 417/1030/165 408/1031/165 

vt 59.6051 18.0926
vn 0.369769 -0.001415 -0.929123
vt 59.9363 18.1772
vt 59.9398 18.1781
vt 59.9908 18.1911
v 58.2287 79.6807 -58.1991
vt 59.9907 18.2372
v 58.1639 79.6808 -58.2249
vt 60.0693 18.2373
v 58.1546 79.6808 -58.2286
vt 60.0806 18.2373
v 58.1638 79.7124 -58.225
vt 60.0695 18.2684
v 98.9385 61.54 -41.9767
vt 10.5805 0.451489
v 98.7954 61.0488 -42.0331
vt 10.7539 -0.0300652
v 78.478 70.1039 -50.1293
vt 35.4135 8.8478
v 78.4048 70.1195 -50.1585
vt 35.5024 8.86316
v 77.263 70.3636 -50.6132
vt 36.8881 9.1025
vt 59.6067 17.5503
f 379/1032/179 385/1033/179 411/1034/179 412/1035/179 418/1036/179 419/1037/179 420/1038/179 421/1039/179 422/1040/179 423/1041/179 424/1042/179 425/1043/179 426/1044/179 380/1045/179 

v 58.2279 79.1259 -58.1988
vt 59.9914 17.6933
f 380/1045/179 427/1046/179 412/1035/179 411/1034/179 385/1033/179 379/1032/179 

vt 24.1257 62.1058
vn -0.286437 -0.951483 -0.112401
vt 24.1833 62.1677
vt 24.4088 62.7566
v 57.9455 79.2142 -58.0455
vt 24.4009 62.765
v 57.936 79.2172 -58.0403
vt 24.4103 62.7734
v 57.9306 79.2202 -58.0456
vt 24.407 62.7818
v 57.9315 79.2207 -58.0472
vt 24.4049 62.7817
v 57.9397 79.2187 -58.059
vt 24.3892 62.7775
v 57.9402 79.2192 -58.0601
vt 24.3879 62.7775
v 57.9408 79.2198 -58.0613
vt 24.3863 62.7776
v 57.9444 79.2181 -58.0672
vt 24.3786 62.7758
v 57.9472 79.2174 -58.0701
vt 24.3744 62.7739
v 57.9486 79.2178 -58.0723
vt 24.3715 62.7736
v 57.9486 79.2174 -58.0733
vt 24.3705 62.7738
v 57.9497 79.217 -58.0738
vt 24.3695 62.7727
vn -0.285977 -0.951676 -0.111939
v 57.9516 79.2158 -58.0761
vt 24.3663 62.7713
v 58.0758 79.196 -58.2594
vt 24.1227 62.7132
vn -0.280451 -0.953763 -0.108084
vt 24.1237 62.5162
v 58.1815 79.1404 -58.1736
vt 24.1692 62.5571
v 58.2254 79.1259 -58.1925
vt 24.1313 62.5162
v 58.2279 79.1259 -58.1988
f 380/1047/180 381/1048/180 399/1049/180 428/1050/180 429/1051/180 430/1052/180 431/1053/180 432/1054/180 433/1055/180 434/1056/180 435/1057/180 436/1058/180 437/1059/180 438/1060/180 439/1061/181 440/1062/181 441/1063/182 427/1064/180 442/1065/180 443/1066/180 444/1064/180 

vt 24.3011 37.8336
vn -0.286229 -0.951496 -0.112817
v 58.2932 79.021 -57.6952
vt 24.7153 62.1872
v 57.9563 79.2061 -58.0207
vt 24.5132 62.7078
vt 24.4995 62.7224
vt 24.2731 62.1338
vt 24.2155 62.0719
f 426/1067/183 445/1068/183 446/1069/183 399/1070/183 381/1071/183 380/1072/183 

v 77.0951 70.3643 -50.1914
vt 24.8129 37.8354
v 58.3127 79.0103 -57.6764
vt 24.727 62.157
v 77.1746 70.364 -50.3912
vt 24.5705 37.8346
v 77.1698 70.364 -50.3791
vt 24.5852 37.8346
v 77.1616 70.364 -50.3585
vt 24.6102 37.8347
f 447/1073/183 448/1074/183 445/1068/183 426/1067/183 449/1075/183 450/1076/183 451/1077/183 

v 98.7706 61.5406 -41.5549
vt -10.5805 0.451489
vn -0.369769 0.001415 0.929123
v 58.3299 79.5643 -57.6701
vt -59.6641 18.1224
v 58.3295 79.0048 -57.6697
vt -59.6644 17.5739
vt -59.6848 17.5793
vt -36.8881 9.1025
v 78.3102 70.1045 -49.7076
vt -35.4135 8.8478
v 98.6276 61.0494 -41.6113
vt -10.7539 -0.0300652
f 452/1078/184 453/1079/184 454/1080/184 448/1081/184 447/1082/184 455/1083/184 456/1084/184 

vt -24.9094 10.1987
vn 0.277964 0.954328 0.109522
vt -24.3976 10.1968
vt -24.2062 62.7949
v 58.1354 79.7125 -58.1537
vt -24.2927 62.7952
v 58.2226 79.6847 -58.1912
vt -24.2173 62.7145
v 58.2261 79.6836 -58.1927
vt -24.2143 62.7113
v 58.225 79.6836 -58.1898
vt -24.2177 62.7113
v 58.1354 79.7125 -58.1537
v 58.1354 79.7125 -58.1537
v 58.0895 79.7127 -58.0383
vt -24.4327 62.7957
vt -24.4062 62.7269
vt -24.3694 62.6316
vt -24.3674 62.6265
vt -24.2659 62.3634
vt -24.4923 62.6057
vt -24.7195 62.366
f 452/1085/185 422/1086/185 421/1087/185 457/1088/185 458/1089/185 459/1090/185 460/1091/185 461/1088/185 462/1088/185 463/1092/185 415/1093/185 416/1094/185 417/1095/185 408/1096/185 409/1097/185 453/1098/185 

vt -24.9504 -3.12656
vn 0.858306 -0.38253 0.342026
vt -24.9511 -3.63837
vt -24.4393 -3.63904
vt -24.4386 -3.12723
f 452/1099/186 456/1100/186 423/1101/186 422/1102/186 

vt 24.3976 10.1967
vn -0.277963 -0.954328 -0.109524
vt 24.9095 10.1985
vt 24.8142 36.4073
f 423/1103/187 456/1104/187 455/1105/187

vt 24.3024 36.4055
f 455/1105/187 424/1106/187 423/1103/187

vt 24.1599 38.0747
vn -0.138394 -0.988907 -0.0539388
vt 24.1701 36.6686
vt 24.1707 36.5783
vt 24.6825 36.582
vt 24.6717 38.0784
vt 24.469 38.077
vt 24.444 38.0768
vt 24.4293 38.0767
f 426/1107/188 425/1108/188 424/1109/188 455/1110/188 447/1111/188 451/1112/188 450/1113/188 449/1114/188 

v 58.0986 65.5656 -58.2347
vt 60.1418 4.39835
v 58.0948 65.5918 -58.2362
vt 60.1464 4.42405
v 58.2091 65.5917 -58.1907
vt 60.0077 4.42389
vt 60.0077 4.44711
vt 59.9577 4.45344
vt 59.9541 4.45389
vt 59.6455 4.49291
vt 59.644 5.00796
f 464/1115/179 465/1116/179 466/1117/179 392/1118/179 391/1119/179 390/1120/179 389/1121/179 395/1122/179 426/1044/179 425/1043/179 424/1042/179 

v 58.0779 65.5907 -58.1933
vt 24.4677 15.0348
vn -0.909929 -0.20263 -0.361897
v 58.045 65.5771 -58.1048
vt 24.5741 15.0213
v 58.0435 65.5844 -58.1042
vt 24.5754 15.0285
v 58.0419 65.5923 -58.1035
vt 24.5768 15.0364
v 58.0414 65.5951 -58.1032
vt 24.5773 15.0392
v 57.9535 66.0276 -58.0654
vt 24.6535 15.47
v 58.0779 65.5907 -58.1933
v 58.0828 65.5927 -58.2064
vt 24.452 15.0368
v 58.094 65.5973 -58.2365
vt 24.4157 15.0414
vt 24.4157 15.0359
vt 24.4158 15.0098
v 58.0851 65.5657 -58.2006
vt 24.457 15.0099
v 58.0802 65.5829 -58.1956
vt 24.4644 15.027
f 467/1123/189 468/1124/189 469/1125/189 470/1126/189 471/1127/189 472/1128/189 473/1123/189 474/1129/189 475/1130/189 465/1131/189 464/1132/189 476/1133/189 477/1134/189 

v 58.0513 65.5658 -58.1159
vt 24.5599 15.01
v 58.0473 65.5658 -58.1058
vt 24.5721 15.01
v 58.0453 65.5755 -58.105
vt 24.5739 15.0197
v 58.0682 65.5756 -58.1624
vt 24.5041 15.0198
v 58.0672 65.575 -58.1597
vt 24.5074 15.0192
v 58.0521 65.5658 -58.1178
vt 24.5576 15.01
f 478/1135/189 479/1136/189 480/1137/189 468/1124/189 467/1123/189 477/1134/189 481/1138/189 482/1139/189 483/1140/189 

vt -25.199 -33.0973
vn 0.143198 -0.987979 0.058231
v 57.9307 65.5663 -57.8129
vt -25.3889 -58.2221
v 57.9854 65.566 -57.9503
vt -25.2222 -58.2234
v 57.9859 65.566 -57.9515
vt -25.2207 -58.2234
v 57.9981 65.5665 -57.9823
vt -25.1834 -58.2236
v 58.0126 65.5659 -58.0187
vt -25.1392 -58.224
v 58.0179 65.5659 -58.032
vt -25.1231 -58.2241
vt -25.0335 -58.2248
vt -25.0212 -58.2249
vt -25.0189 -58.2249
vt -24.9184 -58.2256
vt -24.8771 -58.226
vt -24.6872 -33.1012
f 455/1141/190 484/1142/190 485/1143/190 486/1144/190 487/1145/190 488/1146/190 489/1147/190 479/1148/190 478/1149/190 483/1150/190 476/1151/190 464/1152/190 424/1153/190 

v 58.3187 65.654 -57.6586
vt -59.6711 4.48439
v 58.0412 65.6106 -57.769
vt -60.0078 4.44185
v 58.0412 65.5965 -57.769
vt -60.0078 4.42797
v 58.008 65.5965 -57.7822
vt -60.0481 4.42802
v 57.9516 65.5966 -57.8046
vt -60.1166 4.42811
v 57.9269 65.5927 -57.8145
vt -60.1465 4.42433
vt -60.1418 4.39835
v 58.3191 66.1831 -57.659
vt -59.6708 5.00313
f 490/1154/184 491/1155/184 492/1156/184 493/1157/184 494/1158/184 495/1159/184 484/1160/184 455/1083/184 447/1082/184 496/1161/184 

v 58.0419 66.1214 -57.7693
vt -60.0072 4.94261
f 496/1161/184 497/1162/184 491/1155/184 490/1154/184 

vt 25.3476 -57.667
vn -0.143236 0.987979 -0.0581421
v 58.3107 66.18 -57.6786
vt 25.3308 -57.6843
v 58.0228 66.1027 -57.9624
vt 25.1563 -58.1123
v 57.9577 66.0852 -58.0266
vt 25.1169 -58.209
vt 25.1141 -58.2158
v 57.9608 66.0872 -58.0086
vt 25.1344 -58.198
v 58.0199 66.1094 -57.8686
vt 25.2556 -58.0749
v 58.0516 66.1213 -57.7937
vt 25.3204 -58.009
vt 25.35 -58.0088
f 496/1163/191 498/1164/191 499/1165/191 500/1166/191 397/1167/191 501/1168/191 502/1169/191 503/1170/191 497/1171/191 

v 66.83 70.1045 -37.9063
vt 0.307819 8.80487
vn 0.918455 -0.001415 -0.395523
vt 24.558 4.44146
vt 24.5583 4.96021
vt 24.5822 4.95714
v 66.313 70.3643 -39.1076
vt 1.78242 9.05957
v 66.7988 70.1202 -37.9788
vt 0.396749 8.82023
f 504/1172/192 490/1173/192 496/1174/192 498/1175/192 505/1176/192 506/1177/192 

v 66.4615 70.1051 -37.7476
vt -60.2774 1.66967
vn 0.0601833 -0.987979 0.14239
v 66.4131 70.1051 -37.7268
vt -60.3368 1.67007
v 57.734 65.5669 -57.8685
vt -60.5091 -23.4548
v 57.8318 65.5815 -57.8334
vt -60.4229 -23.3741
v 57.8061 65.5914 -57.7702
vt -60.4773 -23.3189
v 57.8978 65.5913 -57.8097
vt -60.3647 -23.3197
v 57.9517 65.5993 -57.7904
vt -60.3173 -23.2752
v 57.9516 65.598 -57.7971
vt -60.3144 -23.2824
v 57.9044 65.5913 -57.8126
vt -60.3566 -23.3197
v 57.8328 65.581 -57.8361
vt -60.4206 -23.3765
v 57.8669 65.5678 -57.92
vt -60.3484 -23.4498
v 57.8706 65.5668 -57.9266
vt -60.3417 -23.4551
v 57.8698 65.5667 -57.927
vt -60.3424 -23.456
v 57.871 65.5667 -57.9275
vt -60.3409 -23.456
v 57.9504 65.5666 -57.9618
vt -60.2433 -23.4566
v 57.9552 65.5666 -57.9638
vt -60.2375 -23.4567
vt -60.1848 -23.457
v 58.0013 65.5665 -57.9837
vt -60.1809 -23.4571
v 58.0235 65.5664 -57.9932
vt -60.1536 -23.4573
v 58.0354 65.5664 -57.9983
vt -60.139 -23.4574
v 58.1509 65.5663 -58.0481
vt -59.9973 -23.4583
v 58.309 65.6491 -57.681
vt -59.9941 -23.0004
vn 0.0598935 -0.987859 0.143346
v 58.3078 65.6488 -57.6814
vt -59.9952 -23.0015
v 58.0612 65.6025 -57.8193
vt -60.1908 -23.257
v 58.0472 65.6082 -57.784
vt -60.2209 -23.226
v 58.3096 65.6493 -57.6796
vt -59.9941 -22.9987
vt -59.9939 -22.9725
vt -59.825 1.66656
f 507/1178/193 508/1179/193 509/1180/193 510/1181/193 511/1182/193 512/1183/193 513/1184/193 514/1185/193 515/1186/193 516/1187/193 517/1188/193 518/1189/193 519/1190/193 520/1191/193 521/1192/193 522/1193/193 487/1194/193 523/1195/193 524/1196/193 525/1197/193 526/1198/193 527/1199/194 528/1200/194 529/1201/194 530/1202/194 531/1203/194 490/1204/193 504/1205/193 

vt 60.2753 3.4911
vn -0.119105 -0.954328 -0.273995
vt 59.8229 3.48946
v 75.4716 61.0494 -17.8148
vt 59.9181 -22.7193
vt 60.3347 3.49132
f 507/1206/195 504/1207/195 532/1208/195 508/1209/195 

vt 59.8097 3.73086
vn -0.0597189 -0.988907 -0.136
vt 59.8199 2.32471
vt 59.8205 2.23446
vt 60.2729 2.23773
vt 60.3323 2.23816
v 65.896 70.3649 -38.9281
vt 60.3215 3.73456
f 505/1210/196 506/1211/196 504/1212/196 507/1213/196 508/1214/196 533/1215/196 

vt 24.565 18.0795
vt 24.8851 18.1607
v 58.2177 79.6813 -57.931
vt 24.8851 18.1943
v 58.214 79.6813 -57.9396
vt 24.8957 18.1943
v 58.1862 79.6814 -58.0042
vt 24.975 18.1944
v 58.1902 79.7131 -57.9951
vt 24.9638 18.2254
v 75.5329 61.5406 -17.6738
vt -24.5251 0.40856
vt -24.3517 -0.0729938
vt 24.5647 17.531
f 453/1216/192 409/1217/192 534/1218/192 535/1219/192 536/1220/192 537/1221/192 538/1222/192 532/1223/192 504/1172/192 506/1177/192 505/1176/192 454/1224/192 

vt 24.8858 17.6504
f 454/1224/192 410/1225/192 409/1217/192 453/1216/192 

vt 59.7307 29.6881
vn -0.122621 -0.951496 -0.282168
vt 59.7319 29.3455
vt 59.7463 29.361
vt 59.758 29.3911
vt 59.9601 29.9117
vt 59.9561 29.922
vt 59.7383 29.6881
f 410/1226/197 454/1227/197 448/1228/197 445/1229/197 446/1230/197 407/1231/197 406/1232/197 

v 58.06 79.1266 -57.7771
vt -59.9915 17.6934
v 58.3115 79.5724 -57.6775
vt -59.6864 18.1305
v 58.0607 79.6518 -57.7774
vt -59.9909 18.2083
f 539/1233/184 448/1081/184 454/1080/184 453/1079/184 540/1234/184 541/1235/184 

vt 24.7259 62.4843
v 58.061 79.1266 -57.7797
vt 24.7227 62.4842
v 58.0599 79.1275 -57.7823
vt 24.7204 62.4867
f 448/1074/183 539/1236/183 542/1237/183 543/1238/183 445/1068/183 

v 58.1035 79.5651 -57.8852
vt -24.7931 18.0801
vn 0.929123 -0.001415 0.369769
v 58.0908 79.6755 -57.8531
vt -24.8321 18.1884
vt -24.9239 18.1651
vt -24.9245 17.6502
vt -24.9214 17.6502
v 58.1036 79.1758 -57.8865
vt -24.7917 17.6984
v 58.1016 79.1774 -57.8816
vt -24.7977 17.7
v 58.1019 79.5556 -57.8813
vt -24.7978 18.0708
f 544/1239/198 545/1240/198 541/1241/198 539/1242/198 542/1243/198 546/1244/198 547/1245/198 548/1246/198 

vt 59.9798 25.6031
vn 0.342026 0.38253 -0.858306
vt 59.98 25.488
v 57.9538 79.3099 -58.0309
vt 60.1976 25.2221
v 57.9539 79.3252 -58.0257
vt 60.1953 25.238
v 58.0187 79.6958 -57.875
vt 60.0645 25.6241
f 545/1247/199 544/1248/199 549/1249/199 550/1250/199 551/1251/199 

v 58.006 79.2219 -57.8404
vt -24.9123 -3.5556
vn -0.848595 0.38212 0.365883
vt -24.9118 -3.20797
vt -24.9152 -3.19804
vt -25.1328 -3.4639
v 57.945 79.2884 -58.0344
vt -25.1404 -3.48638
v 57.9226 79.2222 -58.0341
vt -25.1501 -3.55529
f 552/1252/200 548/1253/200 544/1254/200 549/1255/200 553/1256/200 554/1257/200 

vt -60.083 17.7869
vt -59.9655 17.7432
vt -59.9653 18.114
f 552/1258/164 547/1259/164 548/1260/164

vt -24.6869 62.5925
vt -24.9246 62.5933
v 57.9241 79.2213 -58.0361
vt -24.926 62.5906
v 57.9283 79.2196 -58.0362
vt -24.9242 62.586
v 57.9401 79.215 -58.0363
vt -24.9192 62.5729
vt -24.6915 62.4627
vt -24.6872 62.4672
f 552/1261/175 554/1262/175 555/1263/175 556/1264/175 557/1265/175 407/1019/175 546/1266/175 547/1267/175 

v 57.9252 79.1889 -57.8326
vt 25.1126 -50.1111
vn 0.282168 -0.951496 -0.122621
v 57.9218 79.2217 -58.0326
vt 25.321 -50.019
vt 25.3222 -50.0175
vt 25.0844 -50.0183
v 57.9555 79.1984 -57.8187
vt 25.0846 -50.0844
v 57.9253 79.1886 -57.8308
vt 25.1107 -50.112
f 558/1268/201 559/1269/201 554/1270/201 552/1271/201 560/1272/201 561/1273/201 

v 57.8529 79.2219 -57.8596
vt 24.7249 62.7524
vt 24.515 62.7516
vt 24.7234 62.6595
f 562/1274/183 559/1275/183 558/1276/183

vt 24.9511 -3.63837
vn -0.858306 0.38253 -0.342026
v 57.9253 79.4705 -57.8311
vt 24.9508 -3.3794
vt 24.7392 -3.63806
vt 24.7411 -3.63865
f 562/1277/202 563/1278/202 554/1279/202 559/1280/202 

vt -60.2428 17.7868
vt -60.155 17.7542
vt -60.1183 17.7638
v 57.9561 79.3957 -57.8187
vt -60.1177 17.9572
vt -60.1551 18.0305
f 562/1281/184 561/1282/184 560/1283/184 564/1284/184 563/1285/184 

v 57.9851 79.6757 -57.8075
vt -60.0827 18.2317
f 561/1282/184 539/1233/184 541/1235/184 565/1286/184 563/1285/184 564/1284/184 560/1283/184 

v 57.9647 79.5762 -57.5365
vt -25.2162 18.091
v 57.9629 79.5742 -57.532
vt -25.2217 18.089
v 57.9304 79.5377 -57.4502
vt -25.321 18.0533
v 57.9297 78.9869 -57.4502
vt -25.3213 17.5132
v 57.9359 78.9919 -57.4658
vt -25.3024 17.5181
v 57.9646 79.0153 -57.5378
vt -25.215 17.541
f 539/1242/198 541/1241/198 566/1287/198 567/1288/198 568/1289/198 569/1290/198 570/1291/198 571/1292/198 542/1243/198 

v 58.0607 79.6835 -57.7774
vt -24.9239 18.1962
f 566/1287/198 541/1241/198 572/1293/198

v 57.9874 79.6836 -57.8066
vt -60.0799 18.2395
vt -59.9908 18.2394
f 573/1294/184 565/1286/184 541/1235/184 572/1295/184 

vt 24.9505 -3.16552
vt 24.9505 -3.15725
v 58.0217 79.7125 -57.8682
vt 24.8717 -3.12713
vt 24.8658 -3.14461
f 565/1296/202 573/1297/202 574/1298/202 551/1299/202 

v 58.028 79.7013 -57.8936
vt 24.8462 -3.06216
vn -0.858534 0.381908 -0.342148
vt 24.8696 -3.06792
vt 24.8755 -3.05044
vn -0.858762 0.381286 -0.342271
vt 24.9543 -3.08056
v 57.996 79.7131 -57.8032
vt 24.9542 -3.04987
v 58.0017 79.713 -57.8178
vt 24.9366 -3.05
v 58.0217 79.7125 -57.8682
v 58.043 79.7129 -57.9217
vt 24.8105 -3.05014
v 58.0474 79.7129 -57.9326
vt 24.7973 -3.05008
v 58.0354 79.7057 -57.9083
vt 24.8277 -3.05759
f 575/1300/203 551/1301/203 574/1302/204 573/1303/204 576/1304/204 577/1305/204 578/1302/204 579/1306/204 580/1307/204 581/1308/204 

vt 24.735 -3.53078
vt 24.8424 -3.13885
vt 24.8239 -3.13428
vt 24.7935 -3.12677
v 58.048 79.7129 -57.9341
vt 24.7917 -3.12677
f 550/1309/202 551/1299/203 575/1310/203 581/1311/202 580/1312/202 582/1313/202 

vt 24.7296 -3.56915
f 563/1278/202 565/1296/202 551/1299/202 550/1309/202 553/1314/202 554/1279/202 

v 57.9557 79.7126 -57.8944
vt 60.1387 25.6417
v 57.9586 79.7126 -57.8933
vt 60.1352 25.6417
v 57.983 79.7058 -57.8858
vt 60.1065 25.6346
v 57.9959 79.7022 -57.8819
vt 60.0913 25.6308
v 58.005 79.6993 -57.8793
vt 60.0807 25.6279
f 583/1315/199 584/1316/199 585/1317/199 586/1318/199 587/1319/199 551/1251/199 550/1250/199 

vt -59.9027 29.8782
vn 0.113459 0.956898 0.267344
vt -59.9904 29.8576
vt -59.9787 29.8471
vn 0.119105 0.954328 0.273995
vt -59.9261 29.8573
f 580/1320/205 585/1321/205 586/1322/206 581/1323/206 

vt -60.3423 28.6848
vn 0.107812 0.959386 0.260682
vt -60.4556 28.6833
v 57.9573 79.7023 -57.867
vt -60.4658 28.6524
vt -60.4309 28.6615
vt -60.3436 28.6835
f 582/1324/207 583/1325/207 588/1326/207 585/1327/205 580/1328/205 

vt 59.9981 8.76992
vn -0.365065 0.38253 -0.848763
vt 60.0548 8.36591
vt 60.1115 8.76967
f 582/1329/208 550/1330/208 583/1331/208

v 58.1116 79.6936 -57.968
vt 59.9172 8.74978
vt 60.0526 8.35003
f 582/1329/208 589/1332/208 549/1333/208 550/1330/208 

vt -24.4978 62.7401
vn 0.277963 0.954328 0.109524
vt -24.5596 62.796
v 58.0577 79.7075 -57.9233
vt -24.5669 62.7806
vn 0.277365 0.954431 0.110135
v 58.0643 79.7039 -57.9163
vt -24.5715 62.7701
vt -24.7199 62.3895
vt -24.72 62.3658
vt -24.4927 62.6055
v 58.1358 79.6733 -57.8957
vt -24.5635 62.6813
v 58.1272 79.6805 -57.9215
vt -24.5401 62.7023
v 58.1264 79.6812 -57.9238
vt -24.538 62.7042
v 58.1188 79.6876 -57.9466
vt -24.5173 62.7227
f 589/1334/209 582/1335/209 590/1336/210 591/1337/210 540/1338/210 453/1339/209 409/1340/209 592/1341/209 593/1342/209 594/1343/209 595/1344/209 

v 58.0887 79.7127 -58.0363
vt -24.4356 62.7956
f 582/1335/209 589/1334/209 596/1345/209

vt -24.3698 62.6315
vt -24.4066 62.7268
v 58.1129 79.6932 -57.9687
vt -24.4965 62.7389
v 58.1816 79.6723 -58.0053
vt -24.4297 62.6785
v 58.1849 79.6713 -58.0071
vt -24.4264 62.6755
vt -24.2664 62.3633
vt -24.3679 62.6264
f 416/1346/209 415/1347/209 596/1345/209 589/1334/209 597/1348/209 598/1349/209 599/1350/209 409/1340/209 408/1351/209 417/1352/209 

vt 24.6657 62.5543
vn 0.271342 0.955122 -0.118812
v 58.1197 79.7132 -57.9648
vt 24.7335 62.6465
vt 24.745 62.5546
f 535/1353/165 416/1029/165 415/1028/211 600/1354/211 536/1355/165 

vt 25.9293 62.1857
vt 25.991 62.1144
vt 26.0171 62.1844
vn 0.26783 0.9559 -0.120509
f 600/1356/211 415/1357/211 596/1358/212

vt 25.8 62.1391
v 58.2214 79.636 -58.202
vt 25.8706 62.0583
v 58.19 79.6455 -58.2145
vt 25.8978 62.0865
vn 0.270384 0.955324 -0.119364
v 58.1458 79.6748 -58.1368
vt 25.838 62.1725
vn 0.271661 0.955034 -0.118791
vt 25.7623 62.2821
vt 25.7606 62.2838
vn 0.270022 0.955335 -0.1201
vt 25.7348 62.2138
f 414/1359/177 601/1360/178 602/1361/213 603/1362/214 463/1363/214 596/1364/215 415/1365/178 

vt 24.9346 62.4229
f 601/1366/178 414/1027/177 413/1026/165 412/1025/165 

vt -24.4382 17.6496
vn 0.928965 -0.00141501 0.370164
vt -24.4376 18.1473
vt -24.5423 18.1739
v 58.1676 79.4326 -58.0467
vt -24.6227 17.9502
v 58.1674 79.1931 -58.0467
vt -24.6229 17.7154
vt -24.4459 17.6496
f 427/1367/216 412/1368/216 413/1369/216 604/1370/216 605/1371/216 443/1372/216 

vt -24.0993 17.5207
vt -24.0996 18.0616
f 443/1372/216 388/1373/216 384/1374/216 412/1368/216 427/1367/216 

vt -59.9103 29.2522
vn -0.114709 -0.951496 0.285478
vt -59.9482 29.293
v 57.9805 79.2068 -58.087
vt -60.1222 29.4798
vn -0.185996 -0.957051 0.222392
vt -59.9114 28.8825
f 443/1375/217 442/1376/217 606/1377/218 388/1378/218 

v 58.1604 79.1878 -58.0628
vt -59.9237 29.4262
v 57.9556 79.2216 -58.0599
vt -60.1368 29.5212
vt -59.9097 29.4411
f 607/1379/217 608/1380/217 606/1377/217 442/1376/217 443/1375/217 605/1381/217 

vt 59.7301 29.8603
vt 59.9432 29.9553
f 607/1382/197 410/1226/197 406/1232/197 407/1231/197 608/1383/197 

vt 25.0472 17.7104
vt 25.0274 17.7156
vt 25.0272 17.9504
v 58.1604 79.4745 -58.0636
vt 25.0481 17.9915
vt 24.9786 18.1844
f 410/1225/192 607/1384/192 605/1385/192 604/1386/192 609/1387/192 599/1388/192 409/1217/192 

v 58.1289 79.2219 -58.1361
vt 25.1372 17.7439
f 610/1389/192 609/1387/192 604/1386/192 605/1385/192 607/1384/192 

vt 59.8244 8.25832
v 57.9534 79.2222 -58.0606
vt 60.0397 8.2586
v 58.0486 79.3383 -58.062
vt 59.9405 8.37954
v 58.1293 79.4366 -58.0632
vt 59.8564 8.48202
vt 59.824 8.52147
f 610/1390/208 611/1391/208 612/1392/208 613/1393/208 609/1394/208 

vt 59.9451 29.9571
vt 59.7298 29.9563
f 607/1382/197 608/1383/197 611/1395/197 610/1396/197 

v 58.143 79.2213 -57.9854
vt -59.9094 29.5204
f 614/1397/217 608/1380/217 607/1379/217 605/1381/217 

vt -60.0023 8.42711
vn -0.341329 0.38212 0.858766
vt -60.002 8.64727
vn -0.321547 0.35516 0.877763
vt -60.2297 8.42741
vn -0.289364 0.309144 0.905924
f 614/1398/219 604/1399/220 608/1400/221

vt -24.6973 17.743
vt -24.6228 17.9502
f 614/1401/216 605/1371/216 604/1402/216

vt -63.011 14.1393
vn -0.308052 0.337607 0.889452
vt -63.0084 14.1387
vt -62.7728 14.35
f 611/1403/222 608/1404/221 604/1405/220

vt 60.2078 25.13
vt 60.2104 25.1307
vt 59.9805 25.1297
f 608/1406/199 611/1407/199 549/1249/199 544/1248/199 614/1408/199 

vt 59.9155 8.74937
vt 59.8281 8.7276
vt 59.8238 8.72653
f 612/1392/208 611/1391/208 549/1333/208 589/1332/208 597/1409/208 598/1410/208 599/1411/208 609/1394/208 613/1393/208 

v 57.9289 79.2222 -58.05
vt 60.0699 8.25864
vt 60.0602 8.32754
f 615/1412/208 553/1413/208 549/1333/208 611/1391/208 

vt 24.7199 -3.63805
v 57.9279 79.2216 -58.0481
vt 24.7224 -3.63867
v 57.9232 79.2217 -58.0361
vt 24.7369 -3.63865
f 554/1279/202 553/1314/202 615/1414/202 616/1415/202 617/1416/202 

vt 33.4888 -48.9481
vn 0.201929 -0.971526 -0.123947
vt 33.4875 -48.9503
v 57.923 79.22 -58.0463
vt 33.4887 -48.9562
v 57.8849 79.2071 -58.0321
vt 33.4975 -49.0029
vn 0.24556 -0.969368 -0.00502107
v 57.652 79.1285 -57.9456
vt 33.5518 -49.2884
v 57.8849 79.2073 -58.0334
vt 33.4988 -49.0022
v 57.9224 79.22 -58.0476
vt 33.4903 -48.9561
f 615/1417/223 616/1418/223 618/1419/223 619/1420/224 620/1421/224 621/1422/223 622/1423/223 

vt -25.1181 -50.4407
vt -24.9297 -50.2195
v 57.9128 79.2181 -58.0325
vt -24.9176 -50.1886
vn 0.285478 -0.951496 0.114709
v 57.7762 79.1863 -57.8921
vt -25.1219 -50.278
f 620/1424/224 619/1425/224 623/1426/225 624/1427/225 

v 57.6296 79.1288 -58.1599
vt 25.5787 -50.2824
vn 0.28218 -0.951496 -0.122597
v 57.8796 79.2099 -58.0605
vt 25.3635 -50.0543
v 57.8817 79.2105 -58.0596
vt 25.3617 -50.0523
v 57.9178 79.2222 -58.0452
vt 25.3306 -50.0194
vt 25.3197 -50.031
vt 25.3318 -50.0619
v 57.8778 79.2043 -58.032
vt 25.3349 -50.0699
v 57.8545 79.1951 -58.0317
vt 25.3451 -50.0958
v 57.8518 79.194 -58.0317
vt 25.3462 -50.0988
v 57.8501 79.1937 -58.0298
vt 25.3451 -50.1013
v 57.565 79.031 -57.7349
vt 25.1681 -50.5574
v 57.5471 79.0208 -57.7163
vt 25.157 -50.5861
v 57.5119 78.9919 -57.6279
vt 25.0814 -50.6673
v 38.9775 70.3643 -49.6563
vt 25.1651 -74.9372
v 57.3732 79.0096 -58.0505
vt 25.5808 -50.6177
v 57.6225 79.1267 -58.1643
vt 25.5864 -50.2881
v 57.6233 79.1267 -58.1625
vt 25.5841 -50.2881
f 625/1428/226 626/1429/226 627/1430/226 628/1431/226 623/1432/226 619/1433/226 629/1434/226 630/1435/226 631/1436/226 632/1437/226 633/1438/226 634/1439/226 635/1440/226 636/1441/226 637/1442/226 638/1443/226 639/1444/226 

v 57.9024 79.2223 -58.0809
vt 25.3796 -50.0173
v 57.9003 79.2217 -58.0819
vt 25.3816 -50.0191
v 57.8963 79.2194 -58.0778
vt 25.3791 -50.0255
vt 25.3687 -50.0523
vt 25.5839 -50.2804
vt 25.5894 -50.2861
vt 25.5916 -50.2861
v 57.8264 79.2226 -58.2573
vt 25.5962 -50.0165
f 640/1445/201 641/1446/201 642/1447/201 626/1448/201 625/1449/201 639/1450/201 638/1451/201 643/1452/201 

vt -60.2705 8.39429
vn -0.342182 0.382522 0.858248
vt -60.2678 8.39481
v 57.7538 79.4757 -58.2258
vt -60.484 8.65891
v 57.7497 79.4657 -58.224
vt -60.4876 8.64853
v 57.7212 79.2219 -58.1532
vt -60.4878 8.39449
f 641/1453/227 640/1454/227 644/1455/227 645/1456/227 646/1457/227 

vt 60.4923 25.1304
v 57.6832 79.5529 -58.0568
vt 60.4918 25.4752
v 57.8817 79.31 -58.0596
vt 60.2851 25.2221
vt 60.2723 25.1308
vt 60.2749 25.1301
f 646/1458/199 647/1459/199 648/1460/199 640/1461/199 641/1462/199 

vt 24.6717 17.743
vn -0.929123 0.001415 -0.369769
v 57.6831 79.178 -58.0577
vt 24.7877 17.6999
v 57.6771 79.1829 -58.0426
vt 24.806 17.7048
v 57.6761 79.1838 -58.0399
vt 24.8093 17.7056
v 57.6764 79.5118 -58.0399
vt 24.8091 18.0272
vt 24.7886 18.0675
f 646/1463/228 649/1464/228 650/1465/228 651/1466/228 652/1467/228 647/1468/228 

v 57.6382 79.1261 -57.945
vt 24.9244 17.6491
v 57.639 79.6547 -57.9453
vt 24.9238 18.1674
v 57.6561 79.6683 -57.9884
vt 24.8715 18.1807
v 57.6688 79.6784 -58.0203
vt 24.8329 18.1906
f 653/1469/228 654/1470/228 655/1471/228 656/1472/228 647/1468/228 652/1467/228 651/1466/228 650/1465/228 649/1464/228 

v 57.4351 79.0297 -58.0258
vt -60.7392 17.5983
vn -0.370164 0.001415 0.928965
v 57.6428 79.1261 -57.9432
vt -60.4872 17.6928
vt -60.4927 17.6928
vt -60.4921 18.2111
v 57.5964 79.6414 -57.9623
vt -60.5437 18.198
v 57.4643 79.5999 -58.0149
vt -60.7041 18.1573
v 57.4368 79.5913 -58.0258
vt -60.7374 18.1489
v 57.3604 79.5572 -58.0562
vt -60.8302 18.1155
v 57.3588 79.0049 -58.0562
vt -60.8318 17.574
vt -60.8144 17.5786
f 657/1473/229 658/1474/229 653/1475/229 654/1476/229 659/1477/229 660/1478/229 661/1479/229 662/1480/229 663/1481/229 637/1482/229 

vt -26.4434 -50.0778
vn 0.285353 -0.951084 0.118378
v 57.4596 79.0393 -58.0262
vt -26.4322 -50.0508
vn 0.277047 -0.95108 0.136715
vt -26.437 -49.8087
vn 0.272796 -0.950676 0.147638
f 657/1483/230 664/1484/231 658/1485/232

v 38.775 70.3636 -65.94
vt -24.7254 -75.0867
vn 0.285428 -0.951496 0.11483
vt -25.1405 -50.6816
vt -25.1511 -50.7088
v 38.6069 70.3643 -65.5183
vt -25.2372 -75.0849
f 665/1486/233 664/1487/231 657/1488/230 666/1489/233 

vt -83.587 9.10247
v 16.9281 61.5406 -74.1465
vt -109.895 0.451457
v 17.0708 61.0494 -74.0891
vt -109.721 -0.0300967
v 37.3919 70.1045 -66.0022
vt -85.0616 8.84777
f 666/1490/229 657/1473/229 637/1482/229 663/1481/229 662/1480/229 667/1491/229 668/1492/229 669/1493/229 

vt 25.5984 -50.6288
v 57.6205 79.1267 -58.1688
vt 25.5972 -50.2861
vt 25.586 -50.6157
f 663/1494/201 670/1495/201 638/1451/201 637/1496/201 

vt 60.3251 17.6929
vn -0.395523 0.001415 -0.918455
vt 60.6463 17.5734
vt 60.6447 18.1149
v 57.6213 79.64 -58.1685
vt 60.3245 18.1961
f 670/1497/234 663/1498/234 662/1499/234 671/1500/234 

v 57.6213 79.682 -58.1685
vt 60.3244 18.2373
v 38.7979 70.3649 -50.0732
vt 83.4272 9.10255
v 37.5966 70.1051 -49.5562
vt 84.9018 8.84785
v 17.5051 61.0501 -40.9146
vt 109.561 -0.0300176
v 17.3641 61.5413 -40.8533
vt 109.735 0.451536
v 57.6854 79.7137 -58.196
vt 60.2458 18.2684
v 57.6946 79.6819 -58.2
vt 60.2345 18.2372
f 672/1501/234 671/1500/234 662/1499/234 663/1498/234 673/1502/234 674/1503/234 675/1504/234 676/1505/234 677/1506/234 678/1507/234 

v 57.6994 79.6649 -58.2021
vt 60.2285 18.2205
f 678/1507/234 679/1508/234 671/1500/234 672/1501/234 

vt 25.3704 37.578
vn 0.848763 0.38253 -0.365065
vt 25.3703 37.5957
v 57.7157 79.7136 -58.1256
vt 25.2839 37.6288
v 57.7264 79.6877 -58.1214
vt 25.2747 37.6018
f 679/1509/235 678/1510/235 680/1511/235 681/1512/235 

v 57.6241 79.6848 -58.1621
vt 60.4215 -17.4808
vn -0.117112 0.954328 -0.274852
vt 60.3426 -17.3975
vt 60.3317 -17.4895
vt 60.4216 -17.4891
f 682/1513/236 680/1514/236 678/1515/236 672/1516/236 

v 57.6517 79.7137 -58.0981
vt 60.4212 -17.3972
f 683/1517/236 680/1514/236 682/1513/236

v 57.8023 79.6849 -57.7522
vt -25.0918 -50.4867
vn -0.273993 0.954328 0.119107
v 57.8378 79.7132 -57.8422
vt -25.1689 -50.4048
v 57.8373 79.7132 -57.8433
vt -25.1703 -50.4048
vn -0.274277 0.95433 0.118433
v 57.7732 79.6843 -57.8156
vt -25.1705 -50.4885
v 57.5498 79.5835 -57.7191
vt -25.1711 -50.7801
v 57.7825 79.7116 -57.96
vt -25.3156 -50.4093
v 57.7865 79.7129 -57.9618
vt -25.3156 -50.4042
v 57.7562 79.7129 -58.0322
vt -25.4021 -50.4039
v 57.7515 79.7114 -58.0301
vt -25.4021 -50.4099
vn -0.273748 0.954538 0.117983
v 57.6969 79.6868 -58.0063
vt -25.4019 -50.4812
vt -25.4018 -50.5345
vt -25.4016 -50.6127
vt -25.5154 -50.7328
vt -25.539 -50.7577
v 57.4907 79.6118 -58.0266
vt -25.5156 -50.6981
vn -0.273082 0.954328 0.121177
v 57.6519 79.6847 -58.0975
vt -25.5165 -50.4871
vt -25.5958 -50.4868
vt -25.5169 -50.4035
vt -25.6033 -50.4032
vt -25.7948 -103.001
v 17.5437 61.5406 -40.4364
vt -25.283 -103.003
v 57.8008 79.6842 -57.7515
vt -25.0918 -50.4887
f 684/1518/237 685/1519/237 686/1520/238 687/1521/238 688/1522/238 689/1523/238 690/1524/238 691/1525/237 692/1526/239 693/1527/239 655/1528/239 659/1529/239 660/1530/237 661/1531/237 694/1532/240 695/1533/240 682/1534/237 680/1535/237 677/1536/237 676/1537/237 696/1538/237 697/1539/237 

v 57.865 79.7131 -57.7791
vt -25.0909 -50.4052
vn -0.273995 0.954328 0.119105
vt -25.1684 -50.4049
vt -25.0912 -50.4869
f 698/1540/241 685/1541/241 684/1542/241

vt 24.8585 37.6282
v 57.8731 79.6848 -57.7827
vt 24.8585 37.5987
v 57.8671 79.6891 -57.793
vt 24.8719 37.6032
v 57.8659 79.6906 -57.7949
vt 24.8744 37.6048
v 57.8641 79.6915 -57.7983
vt 24.8787 37.6058
v 57.8596 79.6956 -57.8055
vt 24.8882 37.6101
vt 24.9359 37.6283
f 698/1543/235 699/1544/235 700/1545/235 701/1546/235 702/1547/235 703/1548/235 685/1549/235 

vt -60.2458 18.2684
vn 0.395523 -0.001415 0.918455
vt -60.3226 18.2407
vt -60.2358 18.2406
f 698/1550/242 684/1551/242 699/1552/242

v 57.8804 79.6594 -57.7858
vt -60.2268 18.2158
vt -60.3245 18.2401
v 57.8007 79.6341 -57.7516
vt -60.3246 18.191
f 704/1553/242 699/1552/242 684/1551/242 697/1554/242 705/1555/242 

vt 24.8586 37.5723
v 57.8426 79.6809 -57.8566
vt 24.9487 37.5947
vt 24.9373 37.6283
f 704/1556/235 706/1557/235 686/1558/235 685/1549/235 703/1548/235 702/1547/235 701/1546/235 700/1545/235 699/1544/235 

vt 24.8854 37.3754
vt 25.0969 37.1167
v 57.9135 79.2485 -58.0344
vt 25.1013 37.1441
v 57.9133 79.2495 -58.034
vt 25.1009 37.1452
vn 0.84914 0.382515 -0.364203
vt 24.8589 37.2975
f 563/1559/235 554/1560/235 707/1561/235 708/1562/243 706/1557/243 704/1556/235 564/1563/235 

vt 24.8592 37.1164
f 552/1564/235 554/1560/235 563/1559/235 564/1563/235 

vt -60.0724 17.7869
vt -60.1337 17.9572
vt -60.1343 17.7638
f 552/1565/242 564/1566/242 560/1567/242

v 57.8 79.1273 -57.7518
vt -60.3252 17.694
v 57.8026 79.1273 -57.753
vt -60.322 17.694
f 564/1566/242 704/1553/242 705/1555/242 709/1568/242 710/1569/242 560/1567/242 

vt -60.0772 -17.4907
vn -0.109524 0.954328 0.277963
vt -60.0768 -17.3852
v 57.958 79.6958 -57.8499
vt -60.2134 -17.033
v 57.9581 79.6985 -57.8567
vt -60.2162 -17.0254
vt -60.2213 -17.0142
vt -60.2343 -16.9844
vt -60.3372 -17.0762
vt -60.2684 -17.1385
vt -60.3378 -17.2117
f 568/1570/244 567/1571/244 711/1572/244 712/1573/244 588/1574/244 583/1575/244 706/1576/244 704/1577/244 705/1578/244 

vt -60.4256 29.0362
vn 0.110574 0.958646 0.262244
vt -60.3027 29.0612
vt -60.299 29.073
vn 0.115114 0.956709 0.267314
vt -60.426 29.0405
f 701/1579/245 712/1580/245 588/1581/246 702/1582/246 

vt -59.9278 30.0544
vt -59.917 30.0851
vn 0.119654 0.954722 0.272375
vt -60.0623 30.0861
vn 0.123056 0.953491 0.27516
vt -60.1417 30.0029
vt -60.1398 30.0032
vt -60.0565 30.0341
vt -60.0552 30.0238
f 588/1583/246 583/1584/247 686/1585/248 697/1586/248 684/1587/247 703/1588/247 702/1589/246 

vt 60.2454 8.73661
vt 60.2568 8.77023
f 583/1331/208 706/1590/208 686/1591/208

v 57.828 79.6768 -57.8517
vt 60.2639 8.73387
vn -0.365028 0.382511 -0.848787
vt 60.2466 8.73814
vt 60.1126 8.7712
vn -0.365662 0.382468 -0.848533
v 57.919 79.2387 -58.0402
vt 60.0856 8.27729
vn -0.365961 0.382437 -0.848419
vt 60.0847 8.26019
vt 60.094 8.28753
vt 60.0943 8.28862
v 57.9117 79.2516 -58.0326
vt 60.0966 8.29075
v 57.7742 79.4929 -57.8913
vt 60.302 8.5422
v 57.7333 79.3937 -57.9075
vt 60.3371 8.43887
v 57.7665 79.6596 -57.8311
vt 60.3368 8.71588
f 713/1592/249 706/1593/249 583/1594/250 714/1595/251 628/1596/251 707/1597/249 708/1598/249 715/1599/249 716/1600/249 717/1601/249 718/1602/249 

v 57.5123 79.5425 -57.6275
vt -60.5793 -17.4981
vn -0.109637 0.954322 0.277937
vt -60.3282 -17.233
vt -60.397 -17.1593
vt -60.341 -17.1093
vt -60.3277 -17.0975
vt -60.4301 -17.0049
v 57.7848 79.7129 -57.9624
vt -60.4321 -17.0049
vt -60.4336 -17.0086
vt -60.578 -17.3795
v 57.5487 79.583 -57.7186
vt -60.5789 -17.3806
f 719/1603/252 705/1604/252 718/1605/252 713/1606/252 706/1607/252 690/1608/252 720/1609/252 689/1610/252 688/1611/252 721/1612/252 

vt -60.6788 17.5614
vt -60.6785 18.1012
f 635/1613/242 710/1569/242 709/1568/242 705/1555/242 719/1614/242 

vt 25.2446 -50.5533
vn 0.281971 -0.951507 -0.122992
vt 25.2557 -50.5247
vt 25.432 -50.0628
vt 25.4218 -50.0369
vt 25.4187 -50.029
vt 25.4066 -49.9981
v 57.8036 79.1281 -57.7556
vt 25.1696 -50.2515
vt 25.1674 -50.254
vt 25.1692 -50.6347
f 634/1615/253 633/1616/253 630/1617/253 629/1618/253 619/1619/253 623/1620/253 722/1621/253 710/1622/253 635/1623/253 

v 50.0531 70.3643 -38.911
vt 60.6725 -41.644
vn 0.112817 -0.951496 -0.286229
vt 60.5865 -17.2928
vt 60.5754 -17.2642
v 50.4748 70.3636 -38.7431
vt 60.1607 -41.6458
f 723/1624/254 634/1625/254 633/1626/254 724/1627/254 

v 41.4166 61.5406 -17.2355
vt 74.334 0.407711
vt 25.3096 18.0574
vt 25.3093 17.5175
vt 25.202 17.5458
vt 48.0265 9.05872
v 49.5692 70.1045 -37.6959
vt 49.5011 8.80402
v 41.4729 61.0494 -17.3786
vt 74.1607 -0.0738427
f 725/1628/228 719/1629/228 635/1630/228 634/1631/228 723/1632/228 726/1633/228 727/1634/228 

v 41.8383 61.54 -17.0677
vt -60.2664 -69.583
vt -60.589 -17.4767
vt -60.7782 -69.5812
f 728/1635/244 568/1570/244 705/1578/244 719/1636/244 725/1637/244 

vt -48.0265 9.05872
vt -74.334 0.407711
v 41.8947 61.0488 -17.2107
vt -74.1607 -0.0738427
v 49.991 70.1039 -37.5281
vt -49.5011 8.80402
v 50.0201 70.1195 -37.6014
vt -49.4122 8.81938
f 724/1638/198 571/1292/198 570/1291/198 569/1290/198 568/1289/198 728/1639/198 729/1640/198 730/1641/198 731/1642/198 

vn 0.0298512 -0.926595 -0.374874
vt 60.3116 -16.7505
vt 60.2969 -16.7571
vt 60.2831 -16.7717
vt 60.0748 -17.3084
f 724/1627/254 633/1626/255 400/1643/255 399/1644/254 446/1645/254 571/1646/254 

vt 65.1689 14.8944
v 57.9373 79.2143 -58.0471
vt 64.7102 15.2436
vn -0.0551201 -0.886601 -0.459238
vt 64.7081 15.2423
f 633/1647/255 732/1648/256 400/1649/255

v 57.9518 79.2216 -58.0615
vt 12.5186 -53.6265
vn 0.301839 -0.95132 -0.0623223
vt 12.5173 -53.6248
v 57.9419 79.2165 -58.0509
vt 12.5092 -53.6407
vt 12.506 -53.6471
vt 12.2461 -54.1617
vn 0.130454 -0.956399 -0.261309
vt 12.508 -53.6473
vn 0.209259 -0.961784 -0.176585
v 57.9421 79.2168 -58.0533
vt 12.5118 -53.6399
f 733/1650/257 611/1651/257 734/1652/257 732/1653/257 633/1654/258 401/1655/259 735/1656/257 

vt -59.8961 -17.1654
vn 0.120752 -0.951496 0.282975
vt -60.1115 -17.1646
vt -60.1128 -17.1664
v 57.9516 79.2164 -58.0746
vt -60.1071 -17.181
v 58.0928 79.183 -58.2198
vt -59.8965 -17.275
f 610/1657/260 611/1658/260 733/1659/260 736/1660/260 737/1661/260 

vt -59.8026 25.2811
vn 0.365864 0.382152 0.848589
v 58.0935 79.5106 -58.2192
vt -59.8021 25.5818
v 57.9581 79.2734 -58.08
vt -60.0044 25.3347
vt -60.0179 25.2814
f 610/1662/261 738/1663/261 739/1664/261 611/1665/261 

vt 25.1118 17.7439
vn 0.918623 -0.00141507 -0.395132
vt 25.2145 17.7057
vt 25.2631 17.7184
v 58.076 79.4108 -58.2596
vt 25.2632 17.9291
vt 25.2135 18.0269
f 610/1666/262 737/1667/262 441/1668/262 740/1669/262 738/1670/262 

v 58.0729 79.6785 -58.2675
vt 25.2727 18.1915
vn 0.918623 -0.00141505 -0.395132
v 58.0385 79.1243 -58.3458
vt 25.3692 17.6481
v 58.0379 79.1243 -58.3472
vt 25.3709 17.6481
v 58.0375 79.1243 -58.3483
vt 25.3722 17.6481
v 58.0382 79.653 -58.348
vt 25.3715 18.1665
v 58.0585 79.6679 -58.3009
vt 25.3138 18.1811
v 58.0603 79.6692 -58.2968
vt 25.3087 18.1824
f 741/1671/263 738/1670/263 740/1669/263 441/1668/263 737/1667/263 742/1672/263 743/1673/263 744/1674/263 745/1675/263 746/1676/263 747/1677/263 

v 58.0407 79.6876 -58.2567
vt -59.8457 25.7632
vn 0.36566 0.382237 0.848638
v 58.0066 79.6973 -58.2453
vt -59.8861 25.7733
v 58.0031 79.6983 -58.2441
vt -59.8902 25.7743
v 57.9979 79.6997 -58.2424
vt -59.8964 25.7758
v 57.9992 79.7132 -58.2475
vt -59.8928 25.7899
v 57.9981 79.7132 -58.2471
vt -59.8941 25.7899
vn 0.364601 0.382532 0.848962
v 57.9969 79.7 -58.2421
vt -59.8976 25.7761
vt -60.01 25.3316
vt -59.8078 25.5788
vt -59.8075 25.7537
v 58.0446 79.6865 -58.258
vt -59.841 25.7621
f 748/1678/264 749/1679/264 750/1680/264 751/1681/264 752/1682/264 753/1683/265 754/1684/265 739/1685/265 738/1686/264 741/1687/264 755/1688/264 

v 58.018 79.7127 -58.2005
vt 60.1174 29.4662
vn 0.111539 0.954327 -0.277161
vt 60.1173 29.3936
vt 60.1482 29.4215
vt 60.1513 29.4243
vt 60.156 29.4286
vt 60.157 29.4294
v 57.996 79.7003 -58.2418
vt 60.1578 29.4302
f 756/1689/266 748/1690/266 749/1691/266 750/1692/266 751/1693/266 754/1694/266 757/1695/266 

v 58.0857 79.6378 -58.3684
vt 60.1173 29.2492
vn 0.111539 0.954328 -0.277161
v 74.4298 61.54 -98.91
vt 60.0872 -23.1327
vn 0.046579 0.951866 -0.302956
v 57.9584 79.5941 -58.5334
vt 60.3199 29.1227
vn 0.111764 0.954351 -0.276988
v 58.0179 79.638 -58.3952
vt 60.1994 29.2498
vn 0.110818 0.954361 -0.277336
v 57.9905 79.6682 -58.3274
vt 60.1996 29.3374
v 57.9731 79.6874 -58.2846
vt 60.1997 29.3927
v 57.95 79.7128 -58.2276
vt 60.1999 29.4665
v 57.9516 79.7128 -58.2269
vt 60.198 29.4665
vt 60.1578 29.4301
vt 60.1561 29.4285
vt 60.1514 29.4243
vt 60.1174 29.3935
vt 60.1173 29.3364
f 758/1696/267 759/1697/268 760/1698/269 761/1699/270 762/1700/270 763/1701/270 764/1702/270 765/1703/267 757/1704/267 754/1694/267 751/1705/267 750/1706/267 749/1691/267 748/1707/267 746/1708/267 

vt 59.6885 -24.0228
vn 0.107158 0.954316 -0.278922
vt 60.4973 28.3529
v 58.0898 79.6364 -58.3702
vt 60.4937 28.3491
f 759/1709/271 758/1710/271 766/1711/271

vt 60.1137 29.2454
f 759/1697/267 758/1696/267 766/1712/267

vt 59.8965 29.3734
v 58.2495 79.5854 -58.4389
vt 59.9757 29.0975
v 58.2604 79.5819 -58.4436
vt 59.9662 29.0875
v 58.2451 79.5902 -58.428
vt 59.9756 29.1115
v 58.0441 79.7001 -58.2229
vt 60.0995 29.4295
v 58.021 79.7127 -58.1993
vt 60.1138 29.4661
vt 59.9749 29.4656
vt 59.9864 29.3737
vt 59.9751 29.3737
f 418/1713/267 759/1697/267 766/1712/267 767/1714/267 768/1715/267 769/1716/267 770/1717/267 771/1718/267 457/1719/267 420/1720/267 419/1721/267 

vt 24.9648 0.407724
vn 0.928965 -0.001415 0.370164
vt -24.4376 18.1934
v 65.8016 70.3636 -77.2312
vt -1.34269 9.05874
v 66.2855 70.1039 -78.4462
vt 0.131913 8.80404
v 74.3724 61.0488 -98.7673
vt 24.7915 -0.0738298
f 759/1722/272 418/1723/272 412/1368/272 384/1374/272 388/1373/272 772/1724/272 773/1725/272 774/1726/272 

v 58.1483 79.6591 -58.2311
vt 60.0883 18.216
vt 59.9996 18.1934
vt 60.0377 18.2027
f 775/1727/179 420/1038/179 419/1037/179 418/1036/179 412/1035/179 601/1728/179 602/1729/179 

vt 24.4387 -3.16021
vt 24.4387 -3.18286
v 58.1231 79.6821 -58.1484
vt 24.5359 -3.15885
vt 24.5252 -3.12713
f 420/1730/202 775/1731/202 776/1732/202 457/1733/202 

vt 24.439 -3.44154
vt 24.4741 -3.33757
vt 24.6763 -3.58478
v 57.9537 79.2657 -58.0755
vt 24.6829 -3.59279
v 58.0979 79.6203 -58.1375
vt 24.5577 -3.2233
v 58.1146 79.6613 -58.1447
vt 24.5433 -3.18055
v 58.1182 79.6702 -58.1463
vt 24.5401 -3.1712
v 58.119 79.6721 -58.1466
vt 24.5395 -3.16928
f 775/1731/202 740/1734/202 738/1735/202 739/1736/202 777/1737/202 778/1738/202 779/1739/202 780/1740/202 781/1741/202 776/1732/202 

vt 60.176 17.762
vt 60.1759 17.9726
f 427/1046/179 441/1742/179 740/1743/179 775/1727/179 602/1729/179 601/1728/179 412/1035/179 

v 58.0208 79.2213 -58.2814
vt 60.2428 17.7868
f 782/1744/179 740/1743/179 441/1742/179

vt 24.4403 -3.44218
vn -0.858293 0.382544 -0.342042
vt 24.4406 -3.63968
v 57.9358 79.2216 -58.0678
vt 24.6997 -3.63936
v 57.9519 79.2614 -58.0748
vt 24.6857 -3.59792
vt 24.6842 -3.59343
vt 24.6776 -3.58542
vt 24.4754 -3.33821
f 740/1745/273 782/1746/273 783/1747/273 784/1748/273 777/1749/273 739/1750/273 738/1751/273 

vt -24.3959 37.1556
vn 0.85868 0.382196 0.341459
v 57.9495 79.4668 -58.31
vt -24.3956 37.4114
v 57.8925 79.6634 -58.333
vt -24.3953 37.6162
v 57.8763 79.6731 -58.3003
vt -24.4363 37.6264
v 57.8549 79.686 -58.2575
vt -24.49 37.6398
v 57.8545 79.6862 -58.2566
vt -24.4911 37.6401
v 57.8104 79.7127 -58.1684
vt -24.6019 37.6676
v 57.9217 79.2767 -58.0791
vt -24.6491 37.2134
vt -24.6551 37.1559
v 57.9316 79.2452 -58.0774
vt -24.6467 37.1806
v 57.9214 79.3037 -58.1012
vt -24.6261 37.2415
v 57.9206 79.3771 -58.1611
vt -24.5637 37.3179
v 57.9358 79.2216 -58.0678
f 782/1752/274 785/1753/274 786/1754/274 787/1755/274 788/1756/274 789/1757/274 790/1758/274 791/1759/274 783/1760/274 792/1761/274 793/1762/274 794/1763/274 795/1760/274 

vt 60.2324 17.7868
vn 0.370164 -0.00141502 -0.928965
v 57.9488 79.1881 -58.31
vt 60.3198 17.7543
vt 60.319 18.0275
f 782/1764/275 796/1765/275 785/1766/275

vt -24.871 -50.1788
v 57.9225 79.2114 -58.0989
vt -24.844 -50.2075
v 57.9206 79.1825 -58.2755
vt -24.66 -50.2888
vt -24.6121 -50.2729
vt -24.6118 -50.1796
f 783/1767/225 797/1768/225 798/1769/225 796/1770/225 782/1771/225 

v 57.9513 79.2041 -58.1057
vt -60.1605 29.4721
vt -60.1609 29.5213
vt -60.1878 29.4926
vt -60.1702 29.4472
f 799/1772/217 783/1773/217 797/1774/217 404/1775/217 

v 57.9204 79.1792 -58.2954
vt -25.1965 62.4724
vn -0.270613 -0.95023 0.154376
v 58.0373 79.1253 -58.3427
vt -25.1939 62.3207
vn -0.261425 -0.949907 0.17127
vt -24.9919 62.5628
vt -25.1758 62.4815
v 57.9204 79.1795 -58.2936
vt -25.1946 62.4732
f 800/1776/276 801/1777/277 404/1014/175 797/1778/175 798/1779/175 802/1780/175 

vt -43.9542 51.2104
v 58.0376 79.1233 -58.348
vt -43.9079 51.0626
vn -0.264285 -0.949135 0.171159
vt -43.907 51.0633
vn -0.239045 -0.94544 0.22136
vt -43.9054 51.0638
vt -43.9038 51.0673
f 800/1781/276 803/1782/278 743/1783/279 742/1784/279 801/1785/277 

v 57.9204 79.1788 -58.2978
vt -24.7228 62.6293
vn -0.288655 -0.949822 0.120482
vt -24.724 62.4756
vt -24.7202 62.6304
f 804/1786/280 803/1787/278 800/1788/276

vt 60.0228 17.7494
vn -0.394136 0.0012968 -0.919051
v 57.9434 79.4819 -58.3074
vt 59.9946 18.0465
vn -0.394468 0.0013362 -0.918909
v 57.9578 79.6787 -58.3133
vt 59.9771 18.2394
v 57.9586 79.6814 -58.3137
vt 59.9761 18.2421
vn -0.39417 0.000949011 -0.919037
v 57.959 79.6783 -58.3139
vt 59.9756 18.239
vt 59.879 17.6949
f 804/1789/281 805/1790/282 806/1791/281 807/1792/283 808/1793/283 803/1794/283 

vt 59.9397 18.0411
vt 59.9678 17.744
vt 60.0832 17.7869
v 57.9187 79.5428 -58.2966
vt 59.9701 18.1009
f 805/1795/282 804/1796/281 643/1797/167 809/1798/167 

vt -25.2011 -3.57909
vn -0.848492 0.382496 0.36573
vt -25.2136 -3.49423
vt -25.2761 -3.41782
vt -25.4172 -3.24511
vt -25.4177 -3.57881
f 640/1799/284 793/1800/284 794/1801/284 809/1802/284 643/1803/284 

vt -25.2201 -3.47036
vt -25.2075 -3.55521
v 57.922 79.2556 -58.0619
vt -25.1791 -3.52049
vt -25.1971 -3.4985
f 793/1804/200 640/1805/200 810/1806/200 791/1807/200 

v 57.9179 79.2657 -58.0601
vt 60.2474 25.176
v 57.9197 79.2612 -58.0609
vt 60.2458 25.1713
vt 60.2439 25.1655
f 648/1460/199 811/1808/199 812/1809/199 810/1810/199 640/1461/199 

v 57.8587 79.4114 -58.0346
vt 60.2988 25.3278
v 57.8623 79.4026 -58.0361
vt 60.2957 25.3187
v 57.8796 79.3599 -58.0436
vt 60.2806 25.2741
v 57.9164 79.2692 -58.0595
vt 60.2487 25.1797
f 648/1460/199 813/1811/199 814/1812/199 815/1813/199 816/1814/199 811/1808/199 

vt 25.3804 37.039
vn 0.848343 0.379783 -0.368889
vt 25.3649 37.1444
v 57.8621 79.4001 -58.0336
vt 25.3624 37.1329
vt 25.3398 36.976
vt 25.3401 36.975
vt 25.3493 36.9476
f 648/1815/285 813/1816/285 817/1817/285 708/1818/285 707/1819/285 628/1820/285 

vt 25.493 37.5396
vn 0.847672 0.381901 -0.368244
vt 25.3874 37.566
v 57.8564 79.4171 -58.0336
vt 25.3438 37.2579
v 57.8581 79.4129 -58.0343
vt 25.3438 37.2533
vt 25.3439 37.2516
vt 25.3594 37.1462
vt 25.3283 37.0548
vt 25.3721 37.0548
v 57.8817 79.31 -58.0596
f 681/1821/286 691/1822/286 818/1823/286 819/1824/286 813/1825/286 648/1826/286 628/1827/286 640/1828/286 820/1826/286 

v 57.8093 79.7127 -58.1656
vt 24.854 -50.5565
vn -0.277161 0.954328 -0.111539
vt 24.9352 -50.6289
vt 25.0159 -50.5559
f 821/1829/287 681/1830/287 691/1831/287

v 57.7862 79.6997 -58.1922
vt 24.836 -50.5941
v 57.7813 79.6971 -58.197
vt 24.833 -50.6017
v 57.748 79.6793 -58.2295
vt 24.8129 -50.6532
v 57.7442 79.6772 -58.2333
vt 24.8106 -50.6592
v 57.7278 79.6684 -58.2494
vt 24.8007 -50.6847
v 57.4833 79.5375 -58.489
vt 24.653 -51.0636
vt 24.9301 -50.7669
vt 24.862 -50.695
f 681/1830/287 821/1829/287 822/1832/287 823/1833/287 824/1834/287 825/1835/287 826/1836/287 827/1837/287 671/1838/287 679/1839/287 

vt -60.066 25.3204
vn 0.365465 0.382306 0.848692
vt -60.1314 25.7861
vt -60.237 25.7601
vt -60.1037 25.3665
f 811/1840/288 821/1841/288 681/1842/288 648/1843/288 

vt -59.9535 25.7884
vn 0.365574 0.382285 0.848654
vt -60.1282 25.7883
vt -60.0629 25.3226
v 57.9185 79.265 -58.0601
vt -60.0623 25.3218
v 57.9237 79.2586 -58.0602
vt -60.0568 25.3151
v 57.9528 79.4368 -58.1335
vt -59.994 25.5008
v 57.9518 79.6623 -58.2098
vt -59.9609 25.7358
v 57.9518 79.6661 -58.2111
vt -59.9604 25.7398
v 57.9518 79.6763 -58.2146
vt -59.9589 25.7504
v 57.9518 79.6815 -58.2163
vt -59.9581 25.7557
v 57.9517 79.6847 -58.2174
vt -59.9577 25.7592
f 765/1844/289 821/1845/289 811/1846/289 828/1847/289 829/1848/289 830/1849/289 831/1850/289 832/1851/289 833/1852/289 834/1853/289 835/1854/289 

vt -64.4872 8.8066
vn 0.000304474 0.999998 0.00212635
vt -64.4889 8.80756
vn -0.0591539 0.989019 -0.13543
vt -64.6559 8.7609
f 765/1855/290 764/1856/291 821/1857/291

vt 60.1919 29.2269
vn -0.00712391 0.963797 -0.266543
vt 60.1899 29.2269
vn -0.0102598 0.964243 -0.264821
vt 60.2192 29.1283
vn -0.0460641 0.962171 -0.268524
f 764/1858/292 765/1859/293 807/1860/294

v 58.0112 79.6838 -58.1935
vt -60.2168 8.8897
vn -0.341631 0.382499 0.858477
vt -60.2126 8.91982
vt -60.2931 8.91992
vt -60.295 8.91992
vt -60.4073 8.89222
vt -60.289 8.89066
f 836/1861/295 756/1862/295 765/1863/295 764/1864/295 789/1865/295 835/1866/295 

vt -60.2124 8.91986
vn -0.341639 0.382491 0.858477
vt -60.2166 8.88975
v 58.0107 79.6817 -58.1929
vt -60.2169 8.88751
v 58.009 79.6749 -58.1913
vt -60.2179 8.88041
v 58.0074 79.6681 -58.1896
vt -60.2189 8.87335
vn -0.341716 0.381897 0.858711
vt -60.0848 8.8756
v 58.1589 79.671 -58.1304
vt -60.0355 8.87642
vt -60.0841 8.87752
vt -60.0806 8.88795
vt -60.0698 8.91967
vt -60.2088 8.91986
v 58.019 79.7124 -58.2
vt -60.2111 8.91954
f 756/1867/296 836/1868/296 837/1869/296 838/1870/296 839/1871/297 780/1872/297 840/1873/296 781/1874/296 776/1875/296 457/1876/296 771/1877/296 841/1878/296 

vt -25.2501 -3.10299
vn -0.848594 0.38253 0.365456
vt -25.2543 -3.07287
vt -25.3069 -3.08585
vt -25.214 -3.36042
v 57.9849 79.5728 -58.1665
vt -25.2339 -3.21869
v 58.006 79.662 -58.1882
vt -25.2469 -3.12574
vt -25.2478 -3.11938
vt -25.2488 -3.11232
vt -25.2498 -3.10523
f 836/1879/298 756/1880/298 757/1881/298 830/1882/298 842/1883/298 843/1884/298 839/1885/298 838/1886/298 837/1887/298 

vt -25.2051 -3.12225
vn -0.84863 0.383224 0.364645
vt -25.2008 -3.15237
vt -25.2005 -3.15461
vt -25.1995 -3.1617
vt -25.1985 -3.16876
vt -25.1977 -3.17512
vt -25.1846 -3.26806
vt -25.1647 -3.40979
vn -0.848575 0.382741 0.36528
vt -25.0035 -3.12219
vt -25.2041 -3.12225
f 756/1888/299 836/1889/299 837/1890/299 838/1891/299 839/1892/299 843/1893/299 842/1894/299 830/1895/300 596/1896/300 841/1897/299 

vt -60.2171 8.88757
vn -0.34163 0.382496 0.858479
vt -60.2886 8.88734
vt -60.2878 8.88198
vt -60.2181 8.88048
f 837/1898/301 834/1899/301 833/1900/301 838/1901/301 

vt -59.9963 25.4961
vn 0.365523 0.382121 0.84875
vt -59.9033 25.7707
vt -59.9559 25.7837
vt -59.96 25.7545
vt -59.9605 25.751
vt -59.9612 25.7457
vt -59.9627 25.7351
vt -59.9633 25.7311
f 830/1902/302 757/1903/302 765/1904/302 835/1905/302 834/1906/302 833/1907/302 832/1908/302 831/1909/302 

vt -25.1955 -3.49322
vn -0.848624 0.382437 0.365485
vt -25.2149 -3.35461
vt -25.3078 -3.08003
vt -25.3624 -3.09349
vt -25.399 -3.10253
vt -25.3992 -3.24412
vt -25.258 -3.41681
f 793/1910/303 830/1911/303 757/1912/303 763/1913/303 806/1914/303 809/1915/303 794/1916/303 

vt -25.1887 -3.52744
vn -0.848485 0.382256 0.365997
vt -25.1862 -3.52436
vt -25.2491 -3.33868
vt -25.2297 -3.4773
vt -25.2067 -3.50544
f 810/1917/304 829/1918/304 830/1919/304 793/1920/304 791/1921/304 

vt 60.2319 25.13
vt 60.2413 25.1686
v 57.9501 79.3036 -58.0345
vt 60.2029 25.2155
vt 60.2125 25.13
v 57.9402 79.2217 -58.066
vt 60.2265 25.1302
f 783/1922/199 810/1810/199 829/1923/199 844/1924/199 549/1249/199 611/1407/199 733/1925/199 845/1926/199 

vt 60.2993 25.3294
vt 60.3008 25.3338
vt 60.344 25.642
vt 60.2468 25.1752
f 814/1812/199 813/1811/199 819/1927/199 818/1928/199 690/1929/199 583/1315/199 550/1250/199 844/1924/199 829/1923/199 828/1930/199 811/1808/199 816/1814/199 815/1813/199 

vt -24.447 37.4406
vn 0.859861 0.383152 0.337391
vt -24.4464 37.439
vt -24.4433 37.4299
vt -24.4283 37.3853
vn 0.8592 0.382751 0.339526
vt -24.4911 37.7533
vt -24.4484 37.445
f 819/1931/305 813/1932/305 814/1933/305 815/1934/306 691/1935/306 818/1936/305 

vt 25.0033 37.331
vn 0.849516 0.382499 -0.363341
vt 25.0033 37.3356
vt 24.9598 37.6437
vt 24.8259 37.6103
vt 24.9785 37.1609
vt 25.0008 37.3178
vt 25.0033 37.3293
f 819/1937/307 818/1938/307 690/1939/307 706/1940/243 708/1941/243 817/1942/307 813/1943/307 

vt -27.6803 36.4004
vn 0.850994 0.379201 0.36334
vt -27.6784 36.4009
vn 0.842936 0.375729 0.38508
vt -27.6823 36.4283
vt -27.6829 36.4292
vt -27.7072 36.5859
vt -27.7079 36.5976
vt -27.7084 36.5992
vt -27.71 36.6036
vt -27.7583 36.911
v 57.8537 79.4236 -58.0325
vt -27.7124 36.6103
vt -27.6851 36.4315
f 559/1944/308 554/1945/309 707/1946/309 708/1947/309 817/1948/309 813/1949/309 819/1950/309 818/1951/309 691/1952/308 846/1953/308 715/1954/308 

vt -29.6236 -45.3354
vn 0.30814 -0.941039 0.139627
vt -29.6259 -45.3348
vn 0.330562 -0.929332 0.164531
vt -29.6278 -45.3351
vt -29.8428 -45.4189
v 57.9196 79.2208 -58.0326
vt -29.6289 -45.3374
vn 0.301805 -0.951929 0.0523926
f 617/1955/310 554/1956/311 559/1957/310 624/1958/310 847/1959/312 

vt -24.9264 62.5917
vt -24.9383 62.5934
vt -24.982 62.5935
v 57.9043 79.2216 -58.0804
vt -24.9807 62.5917
f 403/1013/175 402/1012/175 401/1011/175 400/1010/175 399/1009/175 557/1265/175 556/1264/175 555/1263/175 617/1960/175 554/1262/175 628/1961/175 640/1962/175 848/1963/175 797/1778/175 404/1014/175 

vt 60.6499 -17.0799
vt 60.4038 -16.5584
vn 0.112474 -0.951419 -0.286619
vt 60.3883 -16.5654
f 633/1964/258 402/1965/313 401/1966/259

vt 60.3623 -16.7279
vn 0.0500982 -0.938243 -0.342332
vt 60.3242 -16.728
v 57.9283 79.2178 -58.0611
vt 60.3292 -16.7388
vt 60.3307 -16.742
v 57.8599 79.1967 -58.0352
vt 60.3902 -16.798
v 57.8848 79.2107 -58.0605
vt 60.3746 -16.7586
f 848/1967/314 783/1968/254 849/1969/254 402/1970/313 633/1626/258 850/1971/314 851/1972/314 

vt -60.2469 8.33776
vn -0.340353 0.385627 0.857585
vt -60.2448 8.33825
v 57.9537 79.2627 -58.0745
vt -60.2503 8.38065
vn -0.342183 0.385741 0.856805
vt -60.2522 8.37921
vn -0.340934 0.384138 0.858022
vt -60.2746 8.36241
vt -60.3067 8.33836
vt -60.3045 8.33784
vt -60.2663 8.33779
vt -60.2609 8.3379
f 733/1973/315 611/1974/222 852/1975/316 784/1976/317 792/1977/317 640/1978/317 848/1979/315 783/1980/315 845/1981/315 

vt -60.1106 -17.1659
vn 0.120771 -0.951488 0.282993
vt -60.1407 -17.1658
v 57.9294 79.2216 -58.0518
vt -60.1394 -17.1675
vn 0.121782 -0.951117 0.283805
v 57.9333 79.2207 -58.0558
vt -60.1336 -17.1701
v 57.9386 79.2194 -58.0613
vt -60.1256 -17.1736
vn 0.125806 -0.950262 0.284911
vt -60.1234 -17.1726
vt -60.112 -17.1676
f 611/1982/318 615/1983/318 853/1984/319 854/1985/319 855/1986/320 434/1987/318 733/1988/318 

vt -20.7013 37.1987
vn 0.871184 0.377859 0.313466
v 57.922 79.2521 -58.059
vt -20.6961 37.2303
v 57.9222 79.2496 -58.0565
vt -20.6987 37.2276
vn 0.882575 0.373192 0.285986
v 57.9221 79.2485 -58.056
vt -20.6993 37.2266
vt -20.7033 37.1992
f 853/1989/321 856/1990/321 857/1991/322 858/1992/322 615/1993/322 

vt -24.6168 37.1631
vt -24.5973 37.1631
vn 0.859013 0.38218 0.340639
vt -24.5913 37.2205
vt -24.544 37.6748
vn 0.858771 0.382269 0.341148
vt -24.6113 37.2043
vt -24.6123 37.1949
f 853/1994/321 783/1995/323 791/1996/323 790/1997/324 812/1998/324 856/1999/321 

vt -24.621 37.6735
vn 0.858529 0.382358 0.341657
vt -24.6846 37.203
vt -24.6176 37.6735
f 821/2000/325 812/2001/324 790/2002/324

vt 59.9618 -17.9488
vn -0.118084 0.955082 -0.271798
vt 60.0469 -17.8727
vt 60.0493 -17.8705
vt 59.876 -17.8712
f 789/2003/326 790/2004/326 821/2005/291 764/2006/291 

v 57.8499 79.7126 -58.2673
vt -24.4975 37.6818
vn 0.858463 0.38253 0.34163
vt -24.6176 37.682
vt -24.5068 37.6544
f 859/2007/327 790/2008/327 789/2009/327

vt 24.8506 -50.5565
vt 24.7305 -50.5569
v 57.7748 79.6808 -58.2865
vt 24.7421 -50.6489
v 57.807 79.6807 -58.3671
vt 24.6443 -50.6493
v 57.4796 79.5348 -58.4974
vt 24.6458 -51.0715
v 17.0962 61.54 -74.5682
vt 24.835 -103.155
vt 25.3468 -103.153
vt 25.1574 -51.0067
f 790/2010/287 859/2011/287 860/2012/287 861/2013/287 862/2014/287 863/2015/287 667/2016/287 662/2017/287 671/1838/287 827/1837/287 826/1836/287 825/1835/287 824/1834/287 823/1833/287 822/1832/287 

v 57.7786 79.7131 -58.2959
vt -60.503 8.91918
vn -0.34163 0.38253 0.858463
vt -60.503 8.88552
vt -60.4164 8.91863
f 864/2018/328 860/2019/328 859/2020/328

vt 24.5241 18.2246
vn -0.928965 0.001415 -0.370164
vt 24.4377 18.1928
vt 24.5355 18.1929
f 864/2021/329 861/2022/329 860/2023/329

vt 60.4105 -13.7164
vn -0.020741 0.944437 -0.328038
vt 60.4707 -13.6467
vn -0.018632 0.944751 -0.327258
v 57.8085 79.6814 -58.3665
vt 60.4092 -13.7149
vn 0.026002 0.950124 -0.310787
vt 25.6261 -53.0511
f 861/2024/330 864/2025/331 865/2026/332 759/2027/268 

vt 60.0273 30.323
vt 59.9408 30.3215
vn 0.115698 0.954341 -0.275404
vt 60.0271 30.2312
f 864/2028/331 859/2029/333 865/2030/332

vt 24.6443 -50.6473
f 860/2012/287 859/2011/287 865/2031/287 861/2013/287 

vt -60.4072 8.89121
f 859/2020/328 860/2019/328 789/2032/328

vt -60.2949 8.91891
f 764/2033/328 859/2020/328 789/2032/328

vt 60.4775 29.1118
vn 0.109998 0.954137 -0.278431
vt 60.356 29.1121
v 57.9458 79.6075 -58.5024
vt 60.4743 28.8076
vn 0.11125 0.954288 -0.277412
v 57.8789 79.6808 -58.3384
vt 60.4765 29.0198
vn 0.111827 0.954235 -0.277363
v 57.8503 79.7126 -58.2684
vt 60.4775 29.1106
f 859/2034/334 764/2035/334 866/2036/335 867/2037/336 868/2038/336 

vt 60.1408 -17.4768
vt 60.0545 -17.3998
vt 59.9375 -17.7048
v 57.9456 79.5843 -58.5632
vt 59.9108 -17.7719
v 57.9141 79.5513 -58.6363
vt 59.9111 -17.8673
v 57.8069 79.6365 -58.3671
vt 60.1413 -17.6208
vt 60.0675 -17.543
vt 60.0989 -17.5147
vt 60.1399 -17.4776
f 789/2039/236 764/2040/236 866/2041/236 869/2042/236 870/2043/236 871/2044/236 786/2045/236 787/2046/236 788/2047/236 

vt 60.3199 29.0563
vt 60.3194 28.9686
vt 60.4392 28.841
v 57.9472 79.6063 -58.506
vt 60.4395 28.8765
vn 0.111877 0.954363 -0.276902
vt 60.4396 28.881
vt 60.3208 29.1853
vt 60.3203 29.1116
f 762/2048/270 761/2049/270 760/2050/269 872/2051/337 866/2052/335 764/2053/270 763/2054/270 

v 57.9467 79.5854 -58.5607
vt 25.6326 18.1002
vn 0.918623 -0.00141559 -0.395132
v 58.0383 79.6813 -58.3479
vt 25.3715 18.1942
vt 25.3715 18.1664
vt 25.4295 18.1517
vt 25.5992 18.1087
f 873/2055/338 874/2056/338 745/2057/338 761/2058/338 760/2059/338 

vt 59.9097 -17.4911
vt 59.9108 -17.7686
vt 59.9343 -17.7081
vt 60.0076 -17.4907
f 874/2060/236 873/2061/236 872/2062/236 764/2040/292 807/2063/294 

vt 59.996 -17.3987
f 807/2063/236 753/2064/236 874/2060/236

v 57.9679 79.7137 -58.3176
vt -25.398 -3.07182
vt -25.398 -3.10549
vt -25.3115 -3.07238
f 875/2065/298 807/2066/298 753/2067/298

vt 59.9098 18.2684
vt 59.8234 18.2366
vt 59.9212 18.2368
f 875/2068/167 874/2069/167 807/2070/167

vt 24.2791 62.9668
vn 0.282107 0.952427 -0.115319
vt 24.1926 62.9653
vt 24.2807 62.8747
f 875/2071/339 753/2072/339 874/2073/339

vt 25.1279 62.2878
vn 0.273529 0.954803 -0.116332
vt 25.1267 62.5773
vt 25.0398 62.669
vt 24.9827 62.6687
vt 25.1185 62.3118
f 768/2074/340 874/2075/340 753/2076/340 756/2077/340 769/2078/340 

vt 59.4423 17.5692
vn -0.395553 0.00114659 -0.918442
vt 59.5385 17.5946
vt 59.8124 17.6954
vt 59.8118 18.2147
vt 59.8118 18.2425
vt 59.5391 18.1451
vt 59.442 18.1101
f 388/2079/341 387/2080/341 803/2081/341 745/2082/341 874/2083/341 768/2084/341 384/2085/341 

vt -60.1602 29.4213
vt -59.9904 28.9841
vt -59.9793 28.9553
vn -0.0638449 -0.942192 0.328934
v 57.9515 79.2127 -58.0839
vt -60.1511 29.4963
vn -0.115106 -0.951547 0.285146
f 799/1772/217 405/2086/217 398/2087/217 387/2088/217 388/1378/342 876/2089/343 

f 801/1777/175 398/1016/175 405/1015/175 404/1014/175 

vt -25.1684 62.3307
vn -0.259726 -0.950327 0.171523
f 398/1005/174 801/2090/344 387/1006/344

vt -44.3199 50.7109
vn -0.235575 -0.946171 0.221956
vt -44.2266 50.4343
vt -44.3159 50.7156
vt -44.3175 50.7121
vt -44.3191 50.7115
f 803/2091/345 387/2092/344 801/2093/344 742/2094/345 743/2095/345 

vt -59.8 -17.6445
vn 0.122044 -0.951349 0.282913
vt -59.9852 -17.4484
v 57.9504 79.17 -58.1921
vt -59.9573 -17.5194
vn 0.121398 -0.951423 0.282944
v 57.9503 79.1657 -58.203
vt -59.9526 -17.5315
v 57.9465 79.0248 -58.5596
vt -59.7972 -17.9273
vt -59.7973 -17.6501
vt -59.7973 -17.6489
vt -59.7973 -17.6473
f 801/2096/346 404/2097/346 877/2098/347 878/2099/347 879/2100/346 803/2101/346 743/2102/346 742/2103/346 

vt -59.897 -17.4401
vn 0.127303 -0.950022 0.285047
vt -60.1065 -17.1827
vt -60.1031 -17.1913
vt -60.0937 -17.2155
vt -60.084 -17.2405
vt -59.8996 -17.4372
f 742/2104/260 737/1661/260 736/1660/348 440/2105/348 876/2106/348 799/2107/260 404/2108/260 801/2109/260 

vt -59.2523 -18.7447
vt -59.253 -18.7431
vt -59.2553 -18.7429
vn 0.133853 -0.9485 0.287107
vt -59.2567 -18.7428
vt -59.2572 -18.7418
vt -59.2597 -18.7404
vt -59.2639 -18.7386
vt -59.2727 -18.735
v 57.9375 79.2193 -58.0613
vt -59.2738 -18.7356
vn 0.125772 -0.950349 0.284636
vt -59.2833 -18.7401
vn 0.12726 -0.950149 0.284644
vt -59.2876 -18.7421
vn 0.1342 -0.94903 0.285188
vt -59.2281 -18.8018
vt -59.2386 -18.7772
vt -59.2487 -18.7532
f 440/2110/348 736/2111/348 439/2112/349 438/2113/349 437/2114/349 436/2115/349 435/2116/349 855/2117/320 880/2118/350 849/2119/351 403/2120/352 404/2121/349 799/2122/349 876/2123/348 

vt 24.2662 62.8177
vt 24.2672 62.8188
vn -0.285516 -0.951868 -0.111477
v 57.9443 79.2188 -58.0715
vt 24.271 62.8228
vn -0.274571 -0.955977 -0.103531
vt 24.0196 62.7578
vt 24.2631 62.8164
f 439/2124/181 438/2125/353 881/2126/354 441/2127/182 440/2128/181 

vt 22.7917 63.4676
v 57.9428 79.2193 -58.0708
vt 22.7929 63.469
vn -0.263598 -0.959886 -0.0955826
vt 22.7989 63.4757
vn -0.274918 -0.955801 -0.104228
vt 22.542 63.3968
f 881/2129/354 882/2130/355 783/2131/356 441/2132/182 

vt 24.225 62.7461
vn -0.286207 -0.951496 -0.112873
vt 24.2252 62.6749
vt 24.4841 62.747
f 782/2133/357 441/2134/182 783/2135/356

vt -60.0347 -17.3238
vt -60.0406 -17.3212
v 57.928 79.2209 -58.0531
vt -60.0414 -17.3233
vn 0.121731 -0.951246 0.283394
vt -60.0279 -17.3278
vt -60.0267 -17.3273
f 854/2136/319 853/2137/319 883/2138/358 880/2139/350 855/2140/320 

vt -60.1083 -17.2397
vt -60.1218 -17.2352
v 57.9229 79.2181 -58.0581
vt -60.1248 -17.2431
vn 0.126458 -0.951994 0.278777
vt -60.1223 -17.2459
vt -60.1179 -17.244
f 880/2141/350 883/2142/358 884/2143/359 403/2144/352 849/2145/351 

vt -58.9754 -19.7243
vt -58.978 -19.7217
v 57.9199 79.2164 -58.061
vt -58.9796 -19.7264
vn 0.134344 -0.949121 0.284817
v 57.9229 79.2176 -58.0611
vt -58.9766 -19.7248
vn 0.141138 -0.947863 0.285718
f 403/2146/352 884/2147/359 885/2148/360 886/2149/361 

vt -58.3738 -20.0625
vt -58.3768 -20.0642
vt -58.3114 -20.1199
vn 0.13539 -0.947543 0.289536
vt -58.3726 -20.0621
f 886/2150/361 885/2151/360 404/2152/362 403/2153/352 

v 57.771 79.134 -58.2068
vt -60.236 -17.4126
v 57.5053 78.9871 -58.467
vt -60.3964 -17.8258
vn 0.102755 -0.951314 0.290591
v 49.9355 70.3643 -77.1605
vt -59.9741 -42.0822
vn 0.111522 -0.951499 0.286727
vt -59.8978 -17.7201
vt -60.0517 -17.3237
vt -60.0564 -17.3116
vt -60.146 -17.1809
f 887/2154/260 888/2155/363 889/2156/364 879/2157/260 878/2158/347 877/2159/347 404/2108/362 885/2160/360 

vt -60.4033 -17.4275
vn 0.0912296 -0.95119 0.294813
vt -60.1826 -17.197
v 57.8824 79.2103 -58.0605
vt -60.1851 -17.1981
vt -60.1881 -17.1994
f 625/2161/365 888/2155/363 887/2154/260 885/2160/260 851/2162/260 890/2163/260 626/2164/260 

vt -64.2641 -5.29552
vt -64.2705 -5.30014
vn 0.0616011 -0.949921 0.306358
vt -64.271 -5.3022
vn 0.0895225 -0.950865 0.29638
vt -64.3333 -5.68791
f 625/2165/365 639/2166/366 638/2167/367 888/2168/363 

vt -25.2136 18.0274
vn -0.918623 0.001415 0.395132
v 57.6574 79.6669 -58.0846
vt -25.2684 18.1795
vt -25.3714 18.1532
vt -25.3721 17.6499
vt -25.3665 17.6499
vt -25.3643 17.6499
vt -25.2138 17.7058
f 652/2169/368 891/2170/368 671/2171/368 670/2172/368 638/2173/368 639/2174/368 651/2175/368 

v 57.672 79.6927 -58.0997
vt -60.2936 25.7759
vn 0.365752 0.382481 0.848489
v 57.6881 79.6762 -58.101
vt -60.2763 25.7587
vt -60.3154 25.749
vt -60.3157 25.5874
vt -60.3011 25.6302
vt -60.0944 25.3771
vt -60.2276 25.7707
v 57.7155 79.6844 -58.1156
vt -60.2414 25.7673
vt -60.2367 25.7977
f 892/2176/369 893/2177/369 891/2178/369 652/2179/369 647/2180/369 648/2181/369 681/2182/369 894/2183/369 680/2184/369 

vt 25.0027 -50.6891
vt 24.9726 -50.6623
vt 24.9458 -50.6384
f 679/1839/287 671/1838/287 891/2185/287 893/2186/287 894/2187/287 681/1830/287 

vt 60.1617 18.035
vt 60.1667 18.0252
v 57.7495 79.1892 -58.2242
vt 60.1668 17.7542
v 57.7517 79.1885 -58.2252
vt 60.1641 17.7535
v 57.7526 79.1882 -58.2256
vt 60.163 17.7532
f 679/1508/234 644/2188/234 645/2189/234 895/2190/234 896/2191/234 897/2192/234 670/1497/234 671/1500/234 

vt 25.3706 37.3808
vt 25.1415 37.2082
vt 25.1543 37.1168
f 644/2193/235 679/1509/235 681/1512/235 648/2194/235 640/2195/235 

vt -60.5061 8.66042
vn -0.341515 0.382647 0.858457
vt -60.5026 8.67079
vt -60.2865 8.40663
vt -60.2544 8.43069
vt -60.232 8.44749
vt -60.2301 8.44893
vt -60.1254 8.52754
vn -0.34207 0.38473 0.857304
vt -60.0414 8.63008
vn -0.340764 0.382618 0.858768
vt -59.9944 8.62593
vt -59.994 8.86363
vt -60.0908 8.86418
vn -0.341654 0.381975 0.858701
vt -60.2227 8.86493
vt -60.2884 8.86531
v 57.8585 79.663 -58.2472
vt -60.4017 8.86596
v 57.7728 79.6635 -58.2815
vt -60.5058 8.86655
f 645/2196/370 644/2197/370 640/2198/317 792/2199/317 784/2200/317 852/2201/316 612/2202/371 613/2203/372 604/2204/220 413/2205/370 779/2206/373 843/2207/373 831/2208/370 898/2209/370 899/2210/370 

vt 60.0724 17.7869
f 643/2211/234 897/2192/234 896/2191/234 895/2190/234 645/2189/234 644/2188/234 

vt 24.6114 17.9821
vt 24.5416 18.176
vt 24.4377 18.1495
v 57.8062 79.1237 -58.3668
vt 24.4383 17.6467
vt 24.6113 17.711
f 645/2212/329 899/2213/329 871/2214/329 900/2215/329 895/2216/329 

f 899/2213/329 860/2023/329 861/2022/329 871/2214/329 

vt 24.1109 18.066
v 74.0081 61.5406 -99.078
vt -24.9648 0.407724
v 73.9507 61.0494 -98.9354
vt -24.7915 -0.0738298
v 65.8638 70.1045 -78.6143
vt -0.131913 8.80404
v 65.3799 70.3643 -77.3992
vt 1.34269 9.05874
v 57.9135 78.9996 -58.6363
vt 24.1112 17.525
f 870/2217/329 871/2214/329 861/2022/329 901/2218/329 902/2219/329 903/2220/329 904/2221/329 905/2222/329 

f 905/2222/329 900/2215/329 871/2214/329 870/2217/329 

v 57.9148 79.2054 -58.117
vt -60.2033 29.4763
vn -0.114711 -0.951496 0.285477
v 57.8099 79.1247 -58.3627
vt -60.4163 29.249
v 57.8086 79.1236 -58.3658
vt -60.419 29.2462
vt -60.4219 29.2462
vt -60.423 28.8972
vt -60.3562 28.968
vt -60.2023 29.3644
f 906/2223/374 907/2224/374 908/2225/374 900/2226/374 905/2227/374 879/2228/374 878/2229/374 

vt -60.2035 29.4759
vt -60.2039 29.5215
vt -60.4212 29.5222
v 57.7298 79.2127 -58.173
vt -60.4206 29.4964
vt -60.4188 29.4274
vt -60.4165 29.2486
f 906/2230/217 641/2231/217 646/2232/217 909/2233/217 897/2234/217 907/2235/217 

v 57.8599 79.2067 -58.0602
vt 60.4005 -16.77
vn 0.139574 -0.960395 -0.241163
v 57.6856 79.1784 -58.0577
vt 60.5824 -16.8496
vt 60.5845 -16.7271
vt 60.3672 -16.7278
vn 0.15281 -0.963828 -0.218366
f 910/2236/375 911/2237/254 646/2238/254 641/2239/376 

vt -60.406 -17.2752
v 57.8632 79.2072 -58.0602
vt -60.2052 -17.2068
v 57.862 79.2073 -58.0594
vt -60.2068 -17.2065
vt -60.2086 -17.2083
vt -60.3905 -17.288
vt -60.393 -17.2891
f 650/2240/260 625/2161/260 626/2164/260 912/2241/260 913/2242/260 910/2243/260 911/2244/260 649/2245/260 

vt -60.1561 -17.1633
vn 0.120731 -0.951505 0.282954
v 57.7119 79.2226 -57.9566
vt -60.4088 -17.1625
vt -60.4068 -17.274
vt -60.3939 -17.2879
vt -60.3914 -17.2868
vt -60.2095 -17.2072
vt -60.2077 -17.2054
vt -60.206 -17.2057
v 57.8782 79.21 -58.0596
vt -60.1908 -17.1979
vt -60.1872 -17.1963
f 628/2246/377 914/2247/377 650/2248/377 649/2249/377 911/2250/377 910/2251/377 913/2252/377 912/2253/377 915/2254/377 627/2255/377 

vt 60.2416 29.9581
vt 59.9889 29.9572
vt 59.9998 29.9456
vt 60.2041 29.8562
v 57.7748 79.186 -57.8907
vt 60.2061 29.8553
v 57.7347 79.1991 -57.9067
vt 60.2404 29.8921
f 914/2256/197 628/2257/197 623/2258/197 624/2259/197 916/2260/197 917/2261/197 

vt -60.0624 25.2875
vn 0.365777 0.38254 0.848452
vt -60.0933 25.379
vt -60.3 25.6321
vt -60.3146 25.5893
vt -60.3151 25.2879
f 628/2262/378 648/2263/378 647/2264/378 652/2265/378 914/2266/378 

vt -60.0794 25.3969
vn 0.366181 0.382929 0.848102
vt -60.0485 25.3054
vt -60.0417 25.3507
f 648/2267/379 628/2268/379 811/2269/379

vt 60.3031 25.3406
vt 60.4917 25.6061
vt 60.4564 25.6148
v 57.7414 79.7 -57.9841
vt 60.4006 25.6285
v 57.7738 79.6203 -57.998
vt 60.3725 25.5455
f 846/2270/199 818/1928/199 819/1927/199 813/1811/199 648/1460/199 647/1459/199 656/2271/199 693/2272/199 918/2273/199 919/2274/199 

vt 60.346 25.642
f 720/2275/199 690/1929/199 818/1928/199 846/2270/199 919/2274/199 918/2273/199 

vt 25.0826 37.628
vt 25.1258 37.3198
vt 25.1691 37.6281
f 690/2276/235 818/2277/235 691/2278/235

v 57.6685 79.6812 -58.0194
vt 60.4916 25.609
v 57.7361 79.713 -57.9818
vt 60.4052 25.6421
f 920/2279/199 921/2280/199 918/2273/199 693/2272/199 656/2271/199 

vt 25.157 -50.9081
v 57.639 79.6813 -57.9454
vt 25.1561 -50.6473
vt 25.0662 -50.6477
vt 25.0771 -50.5557
v 57.7554 79.7129 -58.0302
vt 25.0184 -50.5559
vt 25.0201 -50.5602
vt 25.1336 -50.8485
f 661/2281/287 922/2282/287 920/2283/287 921/2284/287 923/2285/287 692/2286/287 694/2287/287 

vt -60.4921 18.2372
f 661/1479/229 660/1478/229 659/1477/229 654/1476/229 922/2288/229 

vt -25.0235 -50.6891
vt -25.0241 -50.6177
vt -25.1359 -50.9066
vn -0.273503 0.954746 0.116859
vt -25.1355 -50.9413
vt -25.0224 -50.8205
vt -25.023 -50.7424
f 693/2289/239 692/2290/239 694/2291/380 660/2292/380 659/2293/239 655/2294/239 

v 57.7198 79.6801 -57.9131
vt -60.394 18.236
v 57.7187 79.6841 -57.9136
vt -60.3953 18.2399
v 57.6454 79.6842 -57.9428
vt -60.4843 18.24
v 57.6963 79.6727 -57.9225
vt -60.4225 18.2288
f 924/2295/229 925/2296/229 926/2297/229 922/2288/229 654/1476/229 927/2298/229 

vt -24.7261 37.3796
vt -24.7669 37.6811
vt -24.7694 37.6811
vn 0.858579 0.382463 0.341414
vt -24.8281 37.6812
vt -24.9068 37.651
vt -24.9068 37.6469
vt -24.9071 37.4518
vt -24.9075 37.1695
vt -24.6975 37.1692
vt -24.7017 37.2004
f 846/2299/308 691/2300/308 923/2301/381 921/2302/381 925/2303/381 924/2304/381 716/2305/381 562/2306/381 559/2307/308 715/2308/308 

v 57.7103 79.7131 -57.917
vt -24.8996 37.6856
vn 0.858594 0.38253 0.341302
vt -24.8996 37.6554
vt -24.8209 37.6855
f 928/2309/382 925/2310/382 921/2311/382

vt -60.4056 18.2683
f 928/2312/229 926/2297/229 925/2296/229

vt 25.1557 -50.5554
vt 25.156 -50.639
f 928/2313/287 921/2284/287 926/2314/287

f 922/2282/287 926/2314/287 921/2284/287 920/2283/287 

v 57.6648 79.7131 -58.0102
vt 60.4916 25.6422
f 929/2315/199 921/2280/199 920/2279/199

vt -60.5872 -16.9831
vt -60.5876 -17.3581
vt -60.443 -16.9873
vt -60.4416 -16.9836
vt -60.5007 -16.9834
f 929/2316/244 688/2317/244 689/2318/244 720/2319/244 921/2320/244 

vt 24.727 18.1281
vn -0.929838 0.00324567 -0.367954
vt 24.7157 18.0968
vt 24.8056 18.0969
vt 24.8057 18.0708
vn -0.929481 0.00233034 -0.368862
v 57.6159 79.6364 -57.8875
vt 24.8759 18.0529
vt 25.0808 18.0005
vt 25.0799 18.001
f 929/2321/383 920/2322/383 922/2323/383 654/2324/384 930/2325/384 721/2326/384 688/2327/383 

vt 24.8339 18.1933
vt 24.9238 18.1935
f 920/2328/228 656/1472/228 655/1471/228 654/1470/228 922/2329/228 

vt 24.994 18.1494
vt 25.199 18.097
f 930/2330/384 654/1470/384 653/1469/228 634/1631/228 635/1630/228 719/1629/228 721/2331/384 

vt -60.3279 18.0524
v 57.6447 79.1261 -57.9425
vt -60.4849 17.6928
vt -60.327 17.7515
vt -60.3757 17.7644
v 57.7331 79.1996 -57.9073
vt -60.3776 17.7649
vt -60.3775 17.9552
f 716/2332/229 924/2295/229 927/2298/229 654/1476/229 653/1475/229 658/1474/229 931/2333/229 916/2334/229 917/2335/229 932/2336/229 717/2337/229 

vt 60.5855 -16.9967
vt 60.5799 -16.9967
vn 0.133246 -0.958413 -0.252369
vn 0.11348 -0.951497 -0.285963
f 634/1625/254 653/2338/254 658/2339/385 633/1626/386 

vt 60.4644 -17.2605
vt 60.2835 -17.0327
vn 0.153467 -0.963787 -0.21809
vt 60.2825 -17.0315
vt 60.2552 -16.9971
vt 60.2501 -16.9907
vn 0.0988048 -0.955167 -0.279093
vt 60.2625 -17.0226
vn 0.0507703 -0.938297 -0.342083
vt 60.263 -17.0237
v 57.8562 79.1955 -58.0336
vt 60.2788 -17.0644
vt 60.2798 -17.067
vt 60.4587 -17.5279
f 658/2340/385 913/2341/387 912/2342/387 642/2343/387 640/2344/388 890/2345/389 627/2346/389 933/2347/389 630/2348/389 633/2349/386 

vt 39.5704 -44.7864
vt 39.568 -44.7852
vt 39.5695 -44.7932
vt 39.5768 -44.8365
vt 39.577 -44.8381
vt 39.6257 -45.1248
vt 39.579 -44.8395
f 641/2350/376 640/2351/388 642/2352/387 912/2353/387 913/2354/387 658/2355/385 910/2356/375 

f 658/2339/385 911/2237/254 910/2236/375

vt 65.1169 9.36365
vt 65.1148 9.36277
vt 65.1375 9.33866
vt 65.1665 9.30784
vt 65.5105 8.94269
vt 65.1728 9.30381
vt 65.1708 9.3058
vt 65.1411 9.33778
vt 65.1402 9.33854
f 640/2357/388 848/2358/314 851/2359/314 850/2360/314 633/2361/258 630/2362/389 933/2363/389 627/2364/389 890/2365/389 

vt -25.1987 62.5943
f 800/1776/175 802/1780/175 798/1779/175 797/1778/175 848/1963/175 640/1962/175 643/2366/175 

v 57.9166 79.2064 -58.1152
vt -24.8295 -50.2214
vt -24.8283 -50.2242
vt -24.6154 -50.4515
vt -24.6127 -50.4543
vt -24.6368 -50.2991
vt -24.6393 -50.298
vt -24.6412 -50.2971
v 57.9171 79.2072 -58.1115
vt -24.8331 -50.2191
f 934/2367/225 906/2368/225 907/2369/225 908/2370/225 796/1770/225 804/2371/225 800/2372/225 802/2373/225 798/1769/225 797/1768/225 935/2374/225 

vn 0.370164 -0.00141501 -0.928965
vt 60.4899 17.691
vt 60.4928 17.691
vt 60.4922 18.1938
vt 60.3883 18.2202
f 796/1765/390 908/2375/390 900/2376/390 871/2377/390 786/2378/390 785/1766/390 

vn 0.370164 -0.00141503 -0.928965
v 57.4793 78.9721 -58.4968
vt 60.8895 17.5424
v 57.4797 79.5338 -58.4973
vt 60.8893 18.0931
f 908/2375/391 936/2379/391 937/2380/391 871/2377/391 900/2376/391 

v 49.5185 70.3649 -76.9811
vt -48.4663 9.05956
vt -25.7748 17.4983
vt -25.775 18.049
v 40.2903 61.5413 -98.4114
vt -74.7738 0.408547
v 40.3506 61.0501 -98.2699
vt -74.6005 -0.0730069
v 49.0015 70.1051 -78.1824
vt -49.9409 8.80486
f 938/2381/368 936/2382/368 937/2383/368 939/2384/368 940/2385/368 941/2386/368 

vt -60.5065 -42.0556
vn 0.120644 -0.951486 0.283055
vt -59.9947 -42.0574
vt -60.421 -17.8458
vn 0.106903 -0.951465 0.288593
f 938/2387/392 889/2388/364 936/2389/393

v 49.4185 70.1045 -78.3618
vt -60.1892 -47.2797
vn 0.0577172 -0.988907 0.136861
vt -60.1784 -45.7833
vt -60.6902 -45.7796
vt -60.701 -47.276
f 942/2390/394 889/2391/394 938/2392/394 941/2393/394 

v 57.898 65.6617 -58.6361
vt 25.7325 4.44899
vn 0.918623 -0.00141464 -0.395133
vt 49.9409 8.80488
vt 48.4663 9.05958
v 57.9483 66.166 -58.5207
vt 25.5905 4.94347
v 57.8986 66.1845 -58.6361
vt 25.7322 4.96163
f 943/2394/395 942/2395/395 889/2396/395 944/2397/395 945/2398/395 

v 57.4743 65.6668 -58.4723
vt 60.1075 26.7032
vn -0.0628631 -0.987893 -0.141832
v 57.4685 65.6689 -58.4858
vt 60.1074 26.7198
vn -0.062411 -0.98798 -0.141421
vt 59.875 51.2797
vt 59.3632 51.2749
vt 59.5959 26.6788
vn -0.0628268 -0.987885 -0.141898
v 57.4885 65.6666 -58.4778
vt 60.0904 26.7024
vn -0.0629896 -0.987859 -0.142013
v 57.4805 65.6658 -58.4749
vt 60.0999 26.7028
f 946/2399/396 947/2400/397 941/2401/397 942/2402/397 943/2403/398 948/2404/399 949/2405/396 

v 57.6016 65.62 -58.1764
vt -25.3884 4.4075
vn -0.918623 0.00141442 0.395133
v 57.6023 66.128 -58.1761
vt -25.3877 4.90559
v 57.4691 66.1992 -58.4859
vt -25.7679 4.97541
v 57.4689 66.1697 -58.4862
vt -25.7684 4.9465
vt -25.7681 4.45548
vt -25.7516 4.4534
v 57.4846 65.663 -58.4485
vt -25.7224 4.44971
f 950/2406/400 951/2407/400 952/2408/400 953/2409/400 947/2410/400 946/2411/400 954/2412/400 

v 57.7382 65.599 -58.2352
vt 60.1736 4.42985
v 57.7327 65.599 -58.2328
vt 60.1804 4.42986
vt 60.3414 4.45046
vt 60.3407 4.94854
v 57.7442 66.096 -58.2372
vt 60.1665 4.91719
v 57.7386 66.0952 -58.2348
vt 60.1734 4.91632
v 57.7382 65.599 -58.2352
v 57.743 65.599 -58.2373
vt 60.1677 4.42984
v 57.7428 65.5974 -58.2372
vt 60.168 4.42827
v 57.7384 65.5669 -58.2353
vt 60.1734 4.3984
f 955/2413/234 956/2414/234 950/2415/234 951/2416/234 957/2417/234 958/2418/234 959/2413/234 960/2419/234 961/2420/234 962/2421/234 

v 57.323 66.1909 -58.0557
vt 60.6836 5.01024
v 57.3216 65.6649 -58.0557
vt 60.6851 4.49447
v 57.6015 65.5992 -58.1764
vt 60.3414 4.43004
v 57.6082 65.5992 -58.1792
vt 60.3332 4.43003
v 57.637 65.5991 -58.1917
vt 60.2978 4.42999
f 673/1502/234 963/2422/234 964/2423/234 950/2415/234 965/2424/234 966/2425/234 967/2426/234 956/2414/234 955/2413/234 962/2421/234 674/1503/234 

v 57.3864 66.1809 -58.0305
vt 24.9437 60.7313
vn 0.142395 0.987979 -0.0601701
vt 24.9977 60.7869
vt 24.8372 83.8951
vt 24.3254 83.8916
vn 0.132826 0.987772 -0.0816284
v 57.7343 66.1142 -58.0352
vt 24.7959 60.362
vn 0.145699 0.987922 -0.0527529
f 968/2427/401 963/2428/401 673/2429/401 636/2430/402 969/2431/403 

v 57.6267 66.1274 -57.9347
vt -60.5005 4.94847
vn -0.370164 0.00141445 0.928966
vt -60.7922 5.00095
vt -60.8691 5.0108
vt -60.8706 4.49504
v 57.3849 65.6508 -58.0304
vt -60.7937 4.48119
v 57.6195 65.6136 -57.937
vt -60.509 4.44475
v 57.6202 66.1274 -57.9373
vt -60.5084 4.94848
f 970/2432/404 968/2433/404 963/2434/404 964/2435/404 971/2436/404 972/2437/404 973/2438/404 

v 57.8646 66.0892 -58.037
vt -24.3464 60.3815
vn 0.143993 0.987979 0.0562389
v 57.8216 66.0975 -58.0364
vt -24.3647 60.4271
v 57.8006 66.1012 -58.032
vt -24.378 60.4476
vt -24.4017 60.5197
vt -24.5495 60.889
vt -24.5515 60.5926
v 57.8555 66.0907 -58.0331
vt -24.3542 60.3895
f 974/2439/405 975/2440/405 976/2441/405 969/2442/405 968/2443/405 970/2444/405 977/2445/405 

vt -24.3886 84.0493
v 57.9016 66.0833 -58.053
vt -24.3145 60.3486
v 57.9143 66.0812 -58.0584
vt -24.3036 60.3373
v 57.849 66.0986 -58.1211
vt -24.2645 60.4331
v 57.6987 66.1384 -58.2654
vt -24.1746 60.6536
vt -24.0373 60.9905
vt -23.8768 84.0458
f 666/2446/405 968/2443/405 969/2442/405 975/2440/405 974/2439/405 978/2447/405 979/2448/405 980/2449/405 981/2450/405 952/2451/405 665/2452/405 

vt -85.0616 8.84779
vn -0.370164 0.00141415 0.928965
vt -83.587 9.10249
f 669/2453/406 964/2435/406 963/2434/406 968/2433/406 666/2454/406 

vt 24.5661 60.7921
vn -0.143979 -0.987979 -0.0562767
vt 24.5655 60.8703
vt 24.4011 85.4492
v 37.5599 70.1039 -66.4239
vt 23.8893 85.4458
vt 24.0536 60.8928
vt 24.0654 60.881
vt 24.0861 60.8602
v 57.4874 65.6634 -58.4604
vt 24.0726 60.8621
v 57.6742 65.6145 -58.289
vt 24.1758 60.5913
v 57.5047 65.6594 -58.4517
vt 24.0746 60.84
v 57.4889 65.6636 -58.4669
vt 24.0651 60.8632
vt 24.0601 60.8754
v 57.4696 65.6687 -58.4854
vt 24.0536 60.8914
v 57.7874 65.5979 -58.3587
vt 24.0562 60.4996
v 57.7861 65.5979 -58.3554
vt 24.0601 60.4996
v 57.7685 65.598 -58.3112
vt 24.1139 60.5
v 57.8144 65.5916 -58.3448
vt 24.0597 60.465
v 57.8452 65.5804 -58.2747
vt 24.1207 60.4029
v 57.7484 65.5952 -58.2233
vt 24.2143 60.4848
v 57.7445 65.5958 -58.2215
vt 24.2179 60.4881
v 57.6124 65.6159 -58.1512
vt 24.3459 60.5997
f 971/2455/407 964/2456/407 669/2457/407 982/2458/407 947/2459/407 946/2460/407 954/2461/407 983/2462/407 984/2463/407 985/2464/407 986/2465/407 949/2466/407 987/2467/407 988/2468/407 989/2469/407 990/2470/407 991/2471/407 992/2472/407 993/2473/407 994/2474/407 995/2475/407 

vt -25.0545 -82.1355
vn 0.137588 -0.988907 0.0559635
vt -25.0437 -80.6391
vt -25.5555 -80.6354
vt -25.5663 -82.1318
f 982/2476/408 665/2477/408 666/2478/408 669/2479/408 

vt 60.8895 18.0941
vt 60.4922 18.2372
vt 83.587 9.10247
vt 85.0616 8.84777
v 17.2388 61.0488 -74.5108
vt 109.721 -0.0300968
vt 109.895 0.451457
f 862/2480/390 861/2481/390 871/2377/390 937/2380/390 936/2379/390 665/2482/390 982/2483/390 996/2484/390 863/2485/390 

vn 0.370164 -0.00141534 -0.928965
vt 60.4903 18.2378
vt 60.4049 18.2373
v 57.8874 79.6812 -58.335
vt 60.3946 18.2377
f 786/2378/409 871/2377/409 861/2481/409 865/2486/409 867/2487/409 997/2488/409 

vt 60.2145 -17.5425
v 57.8024 79.6718 -58.2725
vt 60.1877 -17.5186
v 57.8175 79.676 -58.2679
vt 60.1741 -17.5065
f 787/2046/236 786/2045/236 871/2044/236 899/2489/236 998/2490/236 999/2491/236 

vt 60.4231 -17.9181
vt 60.4231 -17.9073
vt 60.2754 -17.5283
vt 60.2655 -17.5029
f 899/2489/236 871/2044/236 937/2492/236 827/2493/236 826/2494/236 825/2495/236 998/2490/236 

vt 60.6123 -69.9953
v 40.7073 61.5406 -98.5907
vt 60.1005 -69.9971
f 939/2496/236 937/2492/236 871/2044/236 870/2043/236 1000/2497/236 

vt 74.7738 0.408546
vn 0.918623 -0.00141502 -0.395132
vt 25.7255 18.0668
vt 25.7258 17.5259
vt 25.6316 17.5505
vt 48.4663 9.05956
vt 49.9409 8.80486
v 40.7676 61.0494 -98.4493
vt 74.6005 -0.0730075
f 1000/2498/410 870/2499/410 905/2500/410 879/2501/410 889/2502/410 942/2503/410 1001/2504/410 

vt 25.4295 18.1518
vt 25.3718 17.6472
vt 25.6357 18.0991
f 761/2505/263 745/1675/263 803/2506/263 879/2501/263 905/2500/263 870/2499/263 869/2507/263 873/2055/263 760/2059/263 

vt 59.9193 18.2521
vt 59.8215 18.252
vn -0.395202 0.000719419 -0.918594
vt 59.8215 18.2242
vt 59.8221 17.7049
vt 59.9188 18.249
f 807/2508/283 874/2509/411 745/2510/411 803/2511/283 808/2512/283 

v 58.0725 79.6819 -58.2684
vt 25.2739 18.1948
vn 0.918623 -0.00141553 -0.395132
vt 25.3087 18.1823
v 58.039 79.682 -58.3464
vt 25.3696 18.1949
f 1002/2513/412 741/1671/412 747/2514/412 746/1676/412 745/2057/412 874/2056/412 1003/2515/412 

v 58.0257 79.7019 -58.2551
vt -59.8666 25.7723
v 58.0145 79.706 -58.2517
vt -59.8797 25.7766
vt -59.8122 25.748
vt -59.8122 25.7515
f 1004/2516/302 1005/2517/302 741/2518/302 1002/2519/302 

v 58.0687 79.7131 -58.2774
vt -59.8122 25.784
vt -59.8975 25.7841
f 1006/2520/302 752/2521/302 1005/2517/302 1004/2516/302 1002/2519/302 

vt 59.9094 -17.3991
vt 59.9097 -17.4891
v 58.0379 79.6828 -58.3437
vt 59.912 -17.4866
vt 59.9947 -17.3987
f 1006/2522/236 1003/2523/236 1007/2524/236 752/2525/236 

vt 25.2849 18.2254
vn 0.918623 -0.00141549 -0.395132
f 1006/2526/413 1002/2513/413 1003/2515/413

vt -60.3482 28.9866
vn -0.114805 -0.951496 0.285438
vt -60.415 28.9158
vt -60.4988 4.62431
vt -59.987 4.62255
vn -0.0358206 -0.947833 0.316748
vt -60.1942 29.383
f 879/2527/414 905/2528/414 904/2529/414 772/2530/415 878/2531/415 

vt -59.9913 1.80223
vn -0.0559635 -0.988907 0.137588
vt -59.9805 3.29862
vt -60.4923 3.30232
vt -60.5031 1.80593
f 773/2532/416 772/2533/416 904/2534/416 903/2535/416 

vt 0.131932 8.80406
vn 0.928966 -0.00141458 0.370164
vt -1.34267 9.05876
v 58.3284 66.1884 -58.4884
vt -24.0929 4.96525
vt -24.0926 4.44974
vt -24.4545 4.40337
vt -24.4545 4.38015
f 773/2536/417 772/2537/417 1008/2538/417 393/2539/417 392/2540/417 466/2541/417 

vt -60.5112 0.703181
vn -0.0562389 0.987979 0.143993
vt -60.6719 -22.4369
vt -60.5724 -22.5395
v 57.9539 66.113 -58.2433
vt -60.4528 -22.8331
v 57.9558 66.0952 -58.1501
vt -60.4125 -22.9317
v 57.956 66.0938 -58.1429
vt -60.4094 -22.9393
vt -60.2206 -22.4761
vt -60.16 -22.4154
vt -59.9994 0.699625
f 904/2542/418 945/2543/418 944/2544/418 1009/2545/418 1010/2546/418 1011/2547/418 396/2548/418 1008/2549/418 772/2550/418 

v 57.7362 65.5637 -58.2302
vt 24.6105 4.35209
vn -0.928966 0.00141432 -0.370164
vt 24.1179 4.44818
vt 24.1176 4.96082
vt 1.34267 9.05877
vt -0.13193 8.80407
f 1012/2551/419 943/2552/419 945/2553/419 904/2554/419 903/2555/419 

vt 24.6104 4.35106
vn -0.928967 0.0014339 -0.370161
vt 24.1177 4.44715
vt -0.132115 8.80304
f 1012/2556/420 943/2557/420 903/2558/420

v 57.7874 65.6183 -58.3587
vt 24.47 4.53862
vn -0.928872 -0.00111314 -0.3704
vt 24.1333 4.58116
vt 24.626 4.48508
vn -0.924222 0.00275155 -0.381846
vt 24.6197 4.48824
vn -0.925758 0.000443802 -0.378115
v 57.768 65.598 -58.3099
vt 24.5292 4.5187
vn -0.928822 -0.00264224 -0.370516
vt 24.5277 4.51871
f 1013/2559/421 943/2560/421 1012/2561/422 962/2562/423 1014/2563/424 990/2564/421 

v 57.7881 66.1228 -58.359
vt 24.454 4.90028
vn -0.928965 0.00141455 -0.370164
vt 24.1176 4.96081
vt 24.1179 4.44817
vt 24.4546 4.40562
v 57.7881 66.1158 -58.359
vt 24.454 4.89341
f 1015/2565/425 945/2566/425 943/2567/425 1013/2568/425 1016/2569/425 

v 57.8125 66.1228 -58.3493
vt -60.6448 -22.7789
v 57.9195 66.0837 -58.105
vt -60.4321 -22.995
vt -60.6743 -22.7787
f 1017/2570/418 1018/2571/418 1011/2547/418 1010/2546/418 1009/2545/418 944/2544/418 945/2543/418 1015/2572/418 

vt -24.0399 60.5672
vt -24.2525 60.3511
v 57.9154 66.0998 -58.3082
vt -24.0408 60.4403
f 1017/2573/405 1018/2574/405 1019/2575/405

v 57.8915 66.0772 -58.0818
vt -60.4521 -23.0314
v 57.8999 66.0772 -58.0785
vt -60.4419 -23.0315
v 57.898 66.0778 -58.0826
vt -60.4455 -23.0279
vt -60.6754 -22.9318
vt -60.6705 -22.9269
v 57.8834 66.0804 -58.1018
vt -60.4688 -23.0134
v 57.8848 66.0799 -58.0984
vt -60.4659 -23.0165
f 1020/2576/418 1021/2577/418 1022/2578/418 1018/2571/418 1017/2570/418 1015/2572/418 958/2579/418 957/2580/418 1023/2581/418 1024/2582/418 

vt -60.1306 8.74492
vn -0.36269 -0.202592 0.909622
vt -60.1311 8.7477
v 58.1533 65.5943 -58.0587
vt -59.9952 8.74686
v 58.1561 65.5942 -58.0576
vt -59.9919 8.74684
v 58.1517 65.6712 -58.0464
vt -59.9918 8.82346
v 58.1474 65.623 -58.0563
vt -60.0004 8.77547
v 58.1294 65.6672 -58.056
vt -60.0192 8.81953
v 58.1135 65.7061 -58.0558
vt -60.0357 8.85824
v 57.962 66.0771 -58.0537
vt -60.1935 9.22781
v 57.9536 66.0771 -58.057
vt -60.2037 9.22783
v 57.9434 66.0771 -58.0611
vt -60.216 9.22784
v 57.9377 66.0771 -58.0635
vt -60.223 9.22785
vt -60.2689 9.22791
vt -60.2791 9.22792
v 57.7514 65.5999 -58.218
vt -60.4826 8.75244
v 57.751 65.5983 -58.2185
vt -60.4833 8.75089
v 57.7506 65.5971 -58.2188
vt -60.4838 8.74968
v 57.8957 65.5962 -58.1611
vt -60.3078 8.7488
v 57.9525 65.5958 -58.1385
vt -60.2388 8.74837
v 57.9526 65.6309 -58.1326
vt -60.2363 8.78333
v 57.9568 65.5957 -58.1369
vt -60.2337 8.74834
v 57.9575 65.5895 -58.1376
vt -60.2333 8.74211
v 57.9577 65.5879 -58.1378
vt -60.2331 8.74055
v 57.9594 65.5732 -58.1396
vt -60.2321 8.72585
v 57.9604 65.5653 -58.1406
vt -60.2315 8.718
v 57.9605 65.5641 -58.1407
vt -60.2314 8.71678
vt -60.1279 8.72977
vt -60.1292 8.73699
f 470/2583/426 471/2584/426 1025/2585/426 1026/2586/426 1027/2587/426 1028/2588/426 1029/2589/426 1030/2590/426 1031/2591/426 1032/2592/426 1033/2593/426 1034/2594/426 1021/2595/426 1020/2596/426 1035/2597/426 1036/2598/426 1037/2599/426 1038/2600/426 1039/2601/426 1040/2602/426 1041/2603/426 1042/2604/426 1043/2605/426 1044/2606/426 1045/2607/426 1046/2608/426 468/2609/426 469/2610/426 

v 57.9543 65.9268 -58.0248
vt 24.6957 15.3696
v 57.9419 66.0682 -58.0535
vt 24.6708 15.5105
vt 24.6617 15.0101
vt 24.6779 15.0102
v 58.0123 65.568 -58.0187
vt 24.678 15.0122
v 58.0115 65.5727 -58.0187
vt 24.6784 15.0169
v 58.0098 65.5827 -58.0186
vt 24.6791 15.0269
v 58.009 65.5875 -58.0186
vt 24.6794 15.0316
v 58.0085 65.5902 -58.0186
vt 24.6796 15.0343
v 58.008 65.5936 -58.0186
vt 24.6799 15.0377
v 57.9614 65.8688 -58.018
vt 24.7 15.3119
f 1047/2611/189 1048/2612/189 472/1128/189 471/1127/189 470/1126/189 469/1125/189 468/1124/189 489/2613/189 488/2614/189 1049/2615/189 1050/2616/189 1051/2617/189 1052/2618/189 1053/2619/189 1054/2620/189 1055/2621/189 

v 57.9409 66.0797 -58.0559
vt 60.2379 0.485893
vn 0.361897 -0.20263 -0.909929
v 57.9539 66.0796 -58.0507
vt 60.2221 0.485873
vt 60.2109 0.333608
vt 60.2359 0.474443
v 57.9458 66.0777 -58.0536
vt 60.2318 0.483942
v 57.943 66.0782 -58.0548
vt 60.2353 0.484408
v 57.941 66.0785 -58.0556
vt 60.2377 0.484725
f 1056/2622/427 1057/2623/427 1047/2624/427 1048/2625/427 1058/2626/427 1059/2627/427 1060/2628/427 

v 57.9513 66.1195 -57.8439
vt 59.9615 25.7909
vn 0.0581421 0.987979 -0.143236
vt 59.9003 25.735
vt 60.0215 25.6119
v 57.9526 66.0841 -58.0279
vt 60.0382 25.595
v 58.0917 66.0989 -57.8945
vt 59.8363 25.6767
v 58.1265 66.0794 -57.982
vt 59.8371 25.5687
vt 60.0465 25.5702
vt 60.0623 25.5703
vn 0.0612945 0.988268 -0.139893
v 57.9329 66.0816 -58.0489
vt 60.0676 25.5811
v 57.5215 66.1827 -57.689
vt 60.3449 26.1404
vn 0.0607333 0.988177 -0.140777
f 1061/2629/428 502/2630/428 501/2631/428 1062/2632/428 1063/2633/428 1064/2634/428 1057/2635/428 1056/2636/429 1065/2637/429 1066/2638/430 

vt -47.8771 43.4093
vn 0.174181 0.967126 0.185277
vt -47.9561 43.445
vt -48.0315 43.4792
vt -48.5042 43.693
v 57.9472 66.1197 -57.8409
vt -48.0372 43.4799
v 58.0181 66.1093 -57.8662
vt -47.9594 43.4444
v 58.0908 66.0985 -57.8922
vt -47.8797 43.4081
f 1063/2639/431 502/2640/431 1061/2641/431 1066/2642/431 1067/2643/431 1068/2644/431 1069/2645/431 

f 502/2630/428 1063/2633/428 1062/2632/428 501/2631/428 

v 58.1923 66.1214 -57.9358
vt -25.5741 -57.732
vn -0.141204 0.987993 0.0627034
vt -25.7817 -57.9382
v 57.9513 66.0836 -58.0311
vt -25.7825 -57.9401
vn -0.150315 0.986979 0.0572449
v 57.9517 66.0838 -58.0301
vt -25.7813 -57.9401
vn -0.143961 0.987548 0.0634285
v 57.9521 66.0839 -58.0291
vt -25.7801 -57.9401
vt -25.7786 -57.9401
vt -25.5775 -57.8566
vt -25.5756 -57.8586
f 1070/2646/432 397/2647/173 1071/2648/433 1072/2649/434 1073/2650/434 1062/2651/432 1063/2652/432 1069/2653/432 

vt -25.2847 -57.852
f 1070/2654/171 394/1003/171 397/1002/171

vt -59.5568 4.995
vn 0.395133 -0.0014151 0.918623
vt -59.8474 4.94271
vt -59.9721 4.92029
v 58.0908 66.0934 -57.8922
vt -59.9721 4.9153
v 58.0903 65.5907 -57.8926
vt -59.9723 4.42235
v 58.0926 65.591 -57.8936
vt -59.9695 4.42271
v 58.198 65.6077 -57.9389
vt -59.8402 4.43905
v 58.4276 65.644 -58.0376
vt -59.5584 4.47469
vt -59.4602 4.49235
vt -59.4587 5.00741
f 394/2655/435 1070/2656/435 1069/2657/435 1074/2658/435 1075/2659/435 1076/2660/435 1077/2661/435 1078/2662/435 389/2663/435 395/2664/435 

vt -24.7884 4.87742
vt -24.7911 4.87706
vt -24.7911 4.87208
vt -24.7909 4.37913
v 58.0913 65.5906 -57.8949
vt -24.7881 4.37913
v 58.0977 65.5906 -57.9112
vt -24.7683 4.3791
vt -24.6821 4.8583
f 1063/2665/198 1069/2666/198 1074/2667/198 1075/2668/198 1079/2669/198 1080/2670/198 1064/2671/198 

vt -25.2856 -57.9786
vt -25.2875 -57.9766
vn -0.141143 0.98798 0.0630359
v 57.9972 66.0774 -57.852
vt -25.2864 -58.0953
vn -0.143001 0.987689 0.0634086
f 1069/2672/171 1063/2673/436 1081/2674/437

vt -26.12 -57.6234
vt -26.3219 -57.7051
vn -0.143709 0.987543 0.064087
vt -26.1205 -57.7421
f 1063/2675/436 1062/2676/438 1081/2677/437

v 57.926 66.0777 -58.0175
vt -25.4389 -58.0148
vn -0.151925 0.986799 0.0560895
vt -25.2357 -58.016
vt -25.4376 -57.982
vt -25.4391 -57.982
vt -25.4403 -57.982
vt -25.4415 -57.982
v 57.95 66.0834 -58.031
vt -25.4421 -57.9834
vn -0.142644 0.987686 0.0642642
f 1082/2678/439 1081/2679/437 1062/2680/438 1073/2681/434 1072/2682/434 1071/2683/433 1083/2684/440 

v 58.0669 65.5911 -57.8825
vt -24.8634 15.0095
vn -0.899653 -0.20263 0.386737
vt -24.8628 15.494
vt -25.0659 15.4943
v 57.9561 65.8998 -58.0179
vt -25.053 15.317
v 57.9573 65.8929 -58.0179
vt -25.0525 15.3101
v 58.0454 65.592 -57.9322
vt -24.9245 15.0104
f 1084/2685/441 1081/2686/441 1082/2687/441 1085/2688/441 1086/2689/441 1087/2690/441 

vt -60.0869 4.89963
vn 0.395133 -0.00141485 0.918623
vt -60.0011 4.42275
vt -59.9723 4.42236
vt -59.9721 4.91531
f 1081/2691/442 1084/2692/442 1075/2693/442 1074/2694/442 

vt -24.9402 4.89946
vt -24.9408 4.3987
vt -24.9226 4.39632
vt -24.8798 4.39073
vt -24.9107 4.89942
f 497/2695/198 491/2696/198 530/2697/198 529/2698/198 1075/2668/198 1074/2667/198 1069/2666/198 503/2699/198 

v 57.9143 65.6675 -57.45
vt -25.3279 4.45447
v 57.9534 65.6456 -57.5483
vt -25.2087 4.43302
v 57.9534 66.1763 -57.5468
vt -25.2103 4.95333
v 57.9149 66.1917 -57.45
vt -25.3276 4.96837
f 1088/2700/198 1089/2701/198 491/2696/198 497/2695/198 503/2699/198 1090/2702/198 1091/2703/198 

vt -59.834 26.0117
vn -0.0581421 -0.987979 0.143236
vt -59.8332 26.1328
v 57.781 65.6186 -57.7594
vt -60.1036 25.8618
v 57.7744 65.6161 -57.7748
vt -60.117 25.8484
v 57.7724 65.6154 -57.7794
vt -60.1211 25.8443
vn -0.0587659 -0.988086 0.142239
v 57.9086 65.5913 -57.8499
vt -60.0087 25.7108
v 57.9098 65.5917 -57.8473
vt -60.0064 25.713
v 57.9117 65.5923 -57.8431
vt -60.0025 25.7167
v 57.9462 65.5864 -57.8602
vt -59.9738 25.6837
v 57.931 65.5942 -57.8253
vt -59.9749 25.7272
v 57.9513 65.591 -57.8342
vt -59.9574 25.709
v 57.9511 65.5855 -57.8627
vt -59.9697 25.6789
v 58.0101 65.5753 -57.892
vt -59.9205 25.6224
v 58.0064 65.5739 -57.9006
vt -59.928 25.6148
vn -0.0591345 -0.988172 0.141489
v 58.0531 65.5657 -57.9247
vt -59.8895 25.5691
vn -0.059007 -0.988162 0.141613
v 58.0569 65.5672 -57.9153
vt -59.8815 25.5775
v 58.069 65.572 -57.8852
vt -59.8561 25.6042
v 58.0912 65.5684 -57.8949
vt -59.837 25.5843
vn 0.0398024 -0.998486 0.0379701
v 58.0903 65.5689 -57.8926
vt -59.8369 25.5871
v 58.0513 65.5908 -57.7944
vt -59.8361 25.7082
vt -59.8761 25.7398
vt -59.9446 25.7403
v 57.9514 65.5933 -57.8221
vt -59.9522 25.7218
v 57.9514 65.5912 -57.8327
vt -59.9567 25.7105
v 57.9302 65.5946 -57.8237
vt -59.9749 25.7293
v 57.9263 65.5966 -57.8147
vt -59.9752 25.7405
v 57.9516 65.5966 -57.8046
vt -59.9414 25.7483
vt -59.9385 25.7554
f 1089/2704/443 1088/2705/443 1092/2706/443 1093/2707/443 1094/2708/444 1095/2709/444 1096/2710/443 1097/2711/443 1098/2712/443 1099/2713/443 1100/2714/443 1101/2715/443 1102/2716/443 1103/2717/445 1104/2718/446 1105/2719/443 1106/2720/443 1107/2721/447 1108/2722/447 1109/2723/443 493/2724/443 494/2725/443 1110/2726/443 1111/2727/443 1112/2728/443 1113/2729/443 1114/2725/443 514/2730/443 513/2731/443 

vt -24.5221 4.96796
vn -0.918455 0.001415 0.395523
v 57.7817 66.122 -57.7591
vt -24.9016 4.89968
vt -24.9022 4.40607
vt -24.5224 4.45406
f 1091/2732/448 1115/2733/448 1092/2734/448 1088/2735/448 

vt 59.8351 0.282171
vn -0.0601314 0.987979 -0.142414
vt 60.0024 -22.8832
vt 60.177 -23.3111
vn -0.0614235 0.987949 -0.142073
v 57.9509 66.1082 -57.9018
vt 60.2782 -23.2791
vn -0.0606006 0.987963 -0.142329
v 57.8119 66.1196 -57.7846
vt 60.474 -23.2174
vn -0.059543 0.987984 -0.142628
v 57.8058 66.122 -57.7695
vt 60.487 -23.2042
vt 60.5165 -23.2039
vt 60.5137 -22.8184
vt 60.3469 0.285866
f 505/2736/449 498/2737/449 499/2738/450 1116/2739/451 1117/2740/452 1118/2741/449 1115/2742/449 1091/2743/449 533/2744/449 

vt 24.9055 -57.7134
vt 25.1868 -34.5189
vt 24.984 -34.5203
vt 24.959 -34.5205
vt 24.9444 -34.5206
vt 24.675 -34.5225
vt 24.8356 -57.6433
f 394/2745/191 397/1167/191 500/1166/191 499/1165/191 498/1164/191 496/1163/191 447/2746/191 451/2747/191 450/2748/191 449/2749/191 426/2750/191 395/2751/191 

v 58.2098 66.1207 -58.191
vt 24.8382 -58.0122
v 58.2073 66.1208 -58.1846
vt 24.846 -58.0122
v 57.9573 66.0812 -58.077
vt 25.0644 -58.2312
vn -0.137596 0.98926 -0.0493243
v 57.9499 66.0831 -58.0343
vt 25.1122 -58.2206
vn -0.144002 0.987848 -0.058479
v 57.9521 66.0837 -58.0321
vt 25.1135 -58.2173
f 395/2751/191 1119/2752/191 1120/2753/191 1121/2754/453 1122/2755/454 1123/2756/191 397/1167/191 394/2745/191 

vt 60.0071 4.94263
f 389/1121/179 390/1120/179 391/1119/179 392/1118/179 1119/2757/179 395/1122/179 

vt 25.2827 -57.5506
vt 25.2834 -57.6503
v 58.2206 65.6046 -58.0348
vt 25.3742 -57.8689
f 389/2758/169 1078/2759/169 1124/2760/169 390/989/169 

v 58.1979 65.5923 -57.9389
vt 25.2854 -57.9367
f 1125/2761/169 1124/2760/169 1078/2759/169

vt -59.8403 4.42397
vt -59.5584 4.4747
vt -59.8402 4.43906
f 1125/2762/442 1078/2763/442 1077/2764/442

vt 25.0487 4.42355
vn 0.918373 -0.000105734 -0.395716
v 58.1494 65.5896 -58.0514
vt 25.0529 4.44646
v 58.157 65.5924 -58.0339
vt 25.0313 4.44922
vn 0.918414 -0.000777013 -0.395621
v 58.1584 65.593 -58.0305
vt 25.0272 4.44973
v 58.1943 65.5923 -57.9472
vt 24.9249 4.4491
vt 24.9146 4.44908
vt 24.9146 4.46417
vn 0.918414 -0.000760369 -0.395619
vt 24.5981 4.50472
f 526/2765/455 1126/2766/455 1127/2767/456 1128/2768/456 1129/2769/455 1125/2770/455 1077/2771/457 527/2772/457 

vt 59.8242 8.79502
vn -0.387517 -0.20263 -0.899317
vt 59.966 8.7952
v 58.1096 65.5834 -58.0332
vt 59.8735 8.8121
vt 59.8242 8.8183
f 526/2773/458 525/2774/458 1130/2775/458 1126/2776/458 

vt 25.4202 -58.08
vn 0.141586 -0.987979 -0.0620515
vt 25.4226 -57.9861
v 58.1343 65.5881 -58.0336
vt 25.4118 -57.96
vn 0.161497 -0.985435 -0.0532677
v 58.1072 65.5777 -57.9697
vt 25.3582 -58.0178
vn 0.156564 -0.986035 -0.0567633
f 525/2777/459 1130/2778/459 1131/2779/460 1132/2780/461 

vt 25.4629 -58.0828
vn 0.141585 -0.987979 -0.0620516
vt 25.4227 -57.986
v 58.0832 65.5684 -57.9132
vt 25.3107 -58.069
vn 0.151629 -0.986599 -0.0602547
v 58.0658 65.5657 -57.9197
vt 25.3253 -58.0843
v 58.08 65.5672 -57.9058
vt 25.3045 -58.0757
v 58.0708 65.5637 -57.8842
vt 25.2864 -58.0953
v 57.9921 65.564 -58.0673
vt 25.5111 -58.0937
v 57.9768 65.564 -58.1028
vt 25.5546 -58.0934
vt 25.6012 -58.0931
vt 25.5258 -58.0209
vt 25.6023 -57.9457
v 58.0869 65.5927 -58.1968
vt 25.6019 -57.9347
vt 25.6136 -57.9346
vt 25.6397 -57.909
v 58.2023 65.6143 -58.1934
vt 25.5461 -57.8151
vn 0.144708 -0.987614 -0.0606517
v 58.1463 65.5927 -58.0618
vt 25.4355 -57.9344
v 58.1337 65.5908 -58.0671
vt 25.4468 -57.9452
v 58.1179 65.5883 -58.0739
vt 25.4609 -57.9587
v 58.045 65.5771 -58.1048
f 489/2781/462 1130/2782/462 525/2777/462 1132/2780/461 1133/2783/463 1134/2784/462 1135/2785/462 1136/2786/462 1137/2787/462 1138/2788/462 1046/2789/462 468/2790/462 467/2791/462 1139/2792/462 474/2793/462 475/2794/462 1140/2795/464 1141/2796/464 1142/2797/462 1143/2798/462 1144/2790/462 

vt 25.4356 -57.9344
v 58.1403 65.5904 -58.0477
vt 25.4237 -57.9472
vn 0.14627 -0.987426 -0.0599514
vt 25.5259 -58.0209
f 1141/2799/464 1145/2800/465 1130/2782/462 489/2781/462 468/2801/462 1143/2798/462 1142/2797/462 

v 58.1517 65.5925 -58.0463
vt 22.5805 -58.9225
vn 0.144568 -0.987674 -0.0599978
v 58.1467 65.5905 -58.0337
vt 22.5693 -58.9331
vt 22.5741 -58.9463
vn 0.150951 -0.986847 -0.0578488
vt 22.5865 -58.9341
vt 22.599 -58.9219
vt 22.715 -58.8078
vt 22.9753 -58.5519
vt 22.7094 -58.8017
vt 22.5907 -58.9131
f 1146/2802/466 1147/2803/466 1131/2804/467 1145/2805/465 1141/2806/464 1140/2807/464 393/2808/465 392/2809/467 1026/2810/466 

vt 25.9966 -57.7365
vt 26.1089 -57.6185
vn 0.138182 -0.988455 -0.062143
vt 26.073 -57.5832
v 58.2159 65.6037 -58.0347
vt 25.9454 -57.6847
vt 25.8654 -57.7483
v 58.1916 65.5909 -57.9361
vt 25.8553 -57.7564
vn 0.137547 -0.988353 -0.0651095
v 58.1182 65.5799 -57.9625
vt 25.9164 -57.8206
vn 0.154549 -0.986264 -0.0582964
v 58.1449 65.5905 -58.0295
vt 25.9729 -57.7612
vn 0.159798 -0.985709 -0.0533161
vt 25.9764 -57.7575
vt 25.987 -57.7464
f 1026/2811/466 392/2812/468 391/2813/468 1148/2814/468 1129/2815/468 1149/2816/469 1150/2817/470 1151/2818/471 1147/2819/466 1146/2820/466 

v 58.1522 66.09 -58.0464
vt -24.6294 4.8687
vn 0.928966 -0.00141496 0.370163
v 58.1522 66.0868 -58.0464
vt -24.6294 4.86558
vt -24.6296 4.45807
vt -24.616 4.38266
vt -24.4545 4.40335
vt -24.4539 4.89886
vt -24.4617 4.89887
f 1152/2821/472 1153/2822/472 1027/2823/472 1026/2824/472 392/2825/472 1119/2826/472 1120/2827/472 

v 58.1196 66.08 -58.1221
vt 25.1268 4.85915
v 58.1443 66.0929 -58.0649
vt 25.0565 4.8718
vt 25.0339 4.8689
vt 25.0339 4.86578
vt 25.0341 4.45827
vt 25.0462 4.41104
f 1154/2828/192 1155/2829/192 1152/2830/192 1153/2831/192 1027/2832/192 1028/2833/192 

vt 59.9995 -23.4529
vn -0.0601701 0.987979 -0.142395
v 57.9814 66.0802 -58.0626
vt 60.1691 -23.4517
vt 59.999 -23.3815
f 1154/2834/473 1156/2835/473 1155/2836/473

vt 59.8235 9.30683
vt 59.8241 8.85152
vt 59.8429 8.89559
vt 59.8595 8.9343
vt 60.0173 9.30387
vt 59.9932 9.30704
f 1154/2837/458 1028/2838/458 1029/2839/458 1030/2840/458 1031/2841/458 1156/2842/458 

v 58.1493 65.5925 -58.0519
vt 59.8242 8.82113
vt 59.8353 8.81909
v 58.0228 65.5698 -57.9935
vt 59.9812 8.7986
v 58.02 65.5835 -57.9946
vt 59.9836 8.81217
v 58.0192 65.5874 -57.9949
vt 59.9843 8.81611
v 58.0186 65.5904 -57.9952
vt 59.9848 8.81903
v 58.018 65.5931 -57.9954
vt 59.9853 8.8218
vt 60.0339 9.09644
vt 60.0381 9.15419
vt 60.0269 9.30645
f 1028/2838/458 1157/2843/458 1145/2844/458 1130/2775/458 1158/2845/458 1159/2846/458 1160/2847/458 1161/2848/458 1162/2849/458 1055/2850/458 1047/2851/458 1057/2852/458 1156/2842/458 1031/2841/458 1030/2840/458 1029/2839/458 

v 58.1987 66.1214 -57.9386
vt 24.9016 4.89797
vn 0.918454 -0.00144829 -0.395525
vt 24.9022 4.39431
vt 25.0148 4.37988
vt 25.0189 4.37937
vt 25.0341 4.37938
vt 25.041 4.37939
vt 25.0463 4.40931
vt 25.0343 4.45654
vt 25.034 4.86405
vt 25.034 4.86717
vt 25.0567 4.87007
f 1163/2853/474 1077/2854/474 1128/2855/456 1127/2856/456 1146/2857/474 1157/2858/474 1028/2859/474 1027/2860/474 1153/2861/474 1152/2862/474 1155/2863/474 

vt 24.5838 4.43682
vt 24.5855 4.4366
vt 24.9021 4.39605
vt 24.9015 4.8997
f 531/2864/192 527/2865/457 1077/2866/457 1163/2867/192 498/1175/192 496/1174/192 490/1173/192 

vt -60.19 -22.4992
vt -60.4186 -22.7246
vt -60.3888 -22.7558
vt -60.1912 -22.5019
vt -60.1901 -22.5009
f 531/2868/194 530/2869/194 529/2870/194 528/2871/194 527/2872/194 

vt -24.9409 4.38483
vt -24.91 4.37928
f 492/2873/198 1109/2874/198 1075/2668/198 529/2698/198 530/2697/198 491/2696/198 

vt -24.7909 4.35784
f 1109/2874/198 1108/2875/198 1075/2668/198

vt -59.9723 4.40107
vt -59.8481 4.42257
f 1076/2660/442 1075/2693/442 1108/2876/442 1149/2877/442 

v 58.0966 65.5705 -57.9083
vt 28.1609 -56.8129
vn 0.149295 -0.986766 -0.0632707
vt 28.2049 -56.763
vt 28.1414 -56.7012
vt 28.1483 -56.8271
vt 28.1501 -56.8252
f 1164/2878/475 1150/2879/470 1149/2880/469 1108/2881/447 1107/2882/447 

vt 21.3042 -59.2697
vt 21.3549 -59.2217
vt 21.343 -59.2125
vt 21.2938 -59.2572
f 1133/2883/463 1132/2884/461 1150/2885/470 1164/2886/475 

vt 14.7111 -60.8115
vt 14.7737 -60.7636
vt 14.7665 -60.7528
vt 14.7002 -60.8012
f 1132/2887/461 1131/2888/460 1151/2889/471 1150/2890/470 

f 1125/2762/442 1077/2764/442 1076/2660/442 1149/2877/442 

f 1089/2701/198 492/2873/198 491/2696/198

vt -59.8359 25.7395
f 492/2891/443 1089/2704/443 513/2731/443 514/2730/443 494/2725/443 493/2724/443 

vt 59.9996 -22.8893
vn -0.0601747 0.987968 -0.14247
vt 60.0019 -23.2136
vt 60.003 -23.3712
vt 60.1731 -23.4414
v 57.9499 66.0816 -58.0424
vt 60.2148 -23.4341
v 57.945 66.0818 -58.0392
vt 60.2212 -23.433
v 57.9403 66.082 -58.0362
vt 60.2274 -23.4319
vn -0.0721136 0.984305 -0.16107
v 57.9048 66.0834 -58.0135
vt 60.2742 -23.4237
v 57.8734 66.0848 -57.9933
vt 60.3158 -23.4164
v 57.8682 66.085 -57.9899
vt 60.3226 -23.4152
v 57.7226 66.0911 -57.8964
vt 60.5149 -23.3814
vt 60.5137 -23.2101
v 57.8336 66.1112 -57.838
vt 60.4252 -23.2702
vn -0.0595646 0.987978 -0.142656
v 57.9501 66.0865 -58.015
vt 60.2265 -23.4051
vn -0.060615 0.987959 -0.142348
vt 60.2136 -23.4139
vn -0.0614452 0.987943 -0.142101
vt 60.1741 -23.3172
f 498/2892/476 1163/2893/476 1155/2894/476 1156/2895/476 1165/2896/476 1166/2897/476 1167/2898/477 1168/2899/477 1169/2900/476 1170/2901/476 1171/2902/476 1115/2903/476 1172/2904/478 1173/2905/479 500/2906/480 499/2907/476 

vt -60.3767 -23.032
vt -60.3665 -23.032
vt -60.3497 -23.0144
vt -60.1796 -22.9441
vt -60.1638 -22.9605
vt -60.1626 -22.7901
vt -60.381 -23.0091
v 57.9574 66.0799 -58.0704
vt -60.3781 -23.0161
v 57.9575 66.0792 -58.0666
vt -60.3765 -23.0202
v 57.9577 66.0777 -58.0587
vt -60.3731 -23.0285
f 1032/2908/418 1031/2909/418 1156/2910/418 1155/2911/418 1152/2912/418 1120/2913/418 1121/2914/418 1174/2915/418 1175/2916/418 1176/2917/418 

v 58.1286 66.0768 -57.9873
vt -60.1643 -23.0334
f 1177/2918/418 1152/2912/418 1155/2911/418 1156/2910/418 1031/2909/418 

vt -60.0357 8.85903
vn -0.362687 -0.20263 0.909615
vt -59.9918 8.82425
vt -59.9913 9.22835
vt -60.1935 9.2286
f 1030/2919/481 1027/2920/481 1177/2921/481 1031/2922/481 

vt -24.7012 4.85579
vn 0.928966 -0.00141485 0.370163
vt -24.6296 4.45808
vt -24.6294 4.86559
f 1177/2923/482 1027/2924/482 1153/2925/482

v 57.9572 66.0821 -58.0816
vt -60.3829 -23.0043
f 1120/2913/418 1008/2549/418 396/2548/418 1011/2547/418 1178/2926/418 1121/2914/418 

vt -24.4539 4.89885
vn 0.928966 -0.0014152 0.370163
vt -24.4545 4.40334
vt -24.0926 4.4497
vt -24.0929 4.96522
vt -24.4617 4.89886
f 1119/2927/483 392/2928/483 393/2929/483 1008/2930/483 1120/2931/483 

vt 60.0308 4.93562
vn 0.368865 -0.00174874 -0.929481
vt 60.0314 4.44011
vt 60.0397 4.43907
vt 60.1711 4.42245
v 58.0655 65.7919 -58.2472
vt 60.2055 4.61325
v 58.065 65.7974 -58.2483
vt 60.2064 4.61865
v 58.0652 66.0631 -58.2485
vt 60.2063 4.87915
v 58.0652 66.0885 -58.2485
vt 60.2063 4.90405
f 1119/2932/484 392/2933/484 1140/2934/484 475/2935/484 1179/2936/484 1180/2937/484 1181/2938/484 1182/2939/484 

vt 60.1474 4.42945
vt 60.016 4.44607
f 465/1116/179 475/2940/179 1140/2941/179 392/1118/179 466/1117/179 

vn 0.141585 -0.987979 -0.0620517
v 58.0674 65.5928 -58.242
vt 25.6574 -57.9343
v 58.0637 65.5928 -58.2506
vt 25.668 -57.9342
vn 0.143172 -0.987848 -0.0604835
v 58.2601 65.6473 -58.4597
vt 25.795 -57.6321
vn 0.136923 -0.988374 -0.0661044
vt 25.5462 -57.8151
f 474/2793/485 1183/2942/485 1184/2943/486 1185/2944/487 393/992/465 1140/2945/464 475/2794/485 

vt 25.2051 4.38135
vn 0.918623 -0.00141485 -0.395133
v 58.0835 65.5849 -58.2048
vt 25.2031 4.37371
vt 25.2594 4.38141
vt 25.2488 4.3814
f 474/2946/488 1186/2947/488 1184/2948/488 1183/2949/488 

v 58.034 65.6041 -58.3199
vt 25.3444 4.39255
vn 0.918623 -0.00141488 -0.395133
v 58.0314 65.6043 -58.3259
vt 25.3518 4.39276
v 58.0292 65.6057 -58.331
vt 25.358 4.39409
v 58.0205 65.6084 -58.3511
vt 25.3827 4.39673
v 58.0185 65.6091 -58.3558
vt 25.3885 4.39746
v 58.0192 66.1235 -58.3555
vt 25.3879 4.90172
v 58.0777 66.0932 -58.2195
vt 25.221 4.87205
vt 25.2566 4.86749
vt 25.2566 4.84259
vt 25.2564 4.58208
vt 25.2551 4.57669
vt 25.2051 4.38134
v 58.0624 65.5928 -58.2538
vt 25.2633 4.38142
v 58.0619 65.5928 -58.2549
vt 25.2647 4.38142
v 58.0607 65.5934 -58.2577
vt 25.268 4.38203
f 1187/2950/489 1188/2951/489 1189/2952/489 1190/2953/489 1191/2954/489 1192/2955/489 1193/2956/489 1182/2957/489 1181/2958/489 1180/2959/489 1179/2960/489 474/2961/489 1183/2949/489 1184/2948/489 1194/2962/489 1195/2963/489 1196/2964/489 

vt 59.5439 4.47731
vn -0.395133 0.00141452 -0.918623
v 58.0551 65.6149 -58.3716
vt 59.7954 4.44554
v 58.0439 65.6137 -58.3667
vt 59.8092 4.44433
vt 59.8403 4.43986
vt 59.8397 4.94411
vt 59.5454 4.99707
vt 59.4603 5.00783
vt 59.4605 4.49231
f 1185/2965/490 1197/2966/490 1198/2967/490 1191/2968/490 1192/2969/490 396/2970/490 1008/2971/490 393/2972/490 

v 57.8915 65.5643 -58.3012
vt 59.9963 4.39586
vn -0.395133 0.00141684 -0.918623
v 57.8901 65.5737 -58.3006
vt 59.9979 4.4051
v 57.9097 65.5706 -58.3091
vt 59.9738 4.40201
v 57.9107 65.5704 -58.3095
vt 59.9726 4.40186
v 57.9108 65.5921 -58.3095
vt 59.9726 4.4231
v 57.9522 65.5986 -58.3273
vt 59.9217 4.42952
v 58.0185 65.5985 -58.3558
vt 59.8404 4.42942
vt 59.8403 4.43981
vt 59.8092 4.44427
vt 59.7954 4.44549
vt 59.5439 4.47726
f 1199/2973/491 1200/2974/491 1201/2975/491 1202/2976/491 1203/2977/491 1204/2978/491 1205/2979/491 1191/2980/491 1198/2981/491 1197/2982/491 1185/2983/491 

vt 24.0413 60.3537
vn -0.143993 -0.987979 -0.0562389
vt 24.0422 60.3546
vt 24.0591 60.372
v 57.8909 65.5735 -58.299
vt 24.0606 60.3705
vn -0.142197 -0.988427 -0.0528445
vt 24.1048 60.4092
vt 24.0438 60.4712
f 1202/2984/492 1201/2985/492 1200/2986/492 1206/2987/493 992/2988/493 991/2989/492 

v 57.8924 65.5729 -58.2956
vt 22.0097 61.1733
v 57.8465 65.58 -58.2716
vt 22.0524 61.2138
vt 22.0497 61.2164
vt 22.0067 61.1763
vt 21.9889 61.1597
vn -0.1404 -0.988859 -0.0494504
vt 21.9881 61.1588
v 57.9154 65.5694 -58.3076
vt 21.9883 61.1531
f 1207/2990/493 1208/2991/493 992/2992/493 1206/2993/493 1201/2994/494 1202/2995/494 1209/2996/494 

v 57.8711 65.571 -58.2156
vt 24.1563 60.3569
vn -0.13244 -0.990151 -0.0454004
v 57.8544 65.5771 -58.2537
vt 24.1231 60.3906
vn -0.144766 -0.98786 -0.0563472
vt 24.1075 60.4064
vt 24.0634 60.3674
v 57.9014 65.5697 -58.276
vt 24.0803 60.3497
vn -0.143993 -0.987979 -0.0562388
v 57.9095 65.5668 -58.2582
vt 24.0957 60.3336
vn -0.130822 -0.990418 -0.0442415
f 1210/2997/495 1211/2998/496 1208/2999/493 1207/3000/493 1212/3001/497 1213/3002/498 

v 57.7684 65.5909 -58.2128
vt 23.9461 60.5464
vn -0.144864 -0.987826 -0.0566903
vt 23.8682 60.4714
vt 23.9015 60.4378
v 57.8439 65.574 -58.1855
vt 23.9441 60.4544
vn -0.13747 -0.989237 -0.050129
f 1214/3003/499 1211/3004/496 1210/3005/495 1215/3006/500 

vt 24.5974 60.7811
vn -0.145053 -0.98772 -0.0580456
v 57.6169 65.6141 -58.1408
vt 24.3862 60.5797
v 57.6131 65.6156 -58.1497
vt 24.3785 60.5875
vn -0.143766 -0.98801 -0.0562786
v 57.7466 65.5953 -58.2194
vt 24.2503 60.4742
v 57.748 65.5953 -58.2202
vt 24.249 60.473
v 57.7494 65.5949 -58.2209
vt 24.2477 60.4719
vt 24.1545 60.3895
vt 24.1701 60.3736
vt 24.2483 60.4482
v 57.7585 65.5921 -58.2081
vt 24.2574 60.4568
vn -0.144026 -0.987944 -0.0567734
v 57.7552 65.5927 -58.2065
vt 24.2604 60.4597
v 57.7885 65.58 -58.1242
vt 24.3331 60.3897
vn -0.133498 -0.989898 -0.047752
v 57.7283 65.5866 -58.0574
vt 24.4279 60.4261
v 57.7086 65.5887 -58.0349
vt 24.4597 60.4377
v 57.7074 65.5889 -58.0343
vt 24.4607 60.4387
v 57.6194 65.5985 -57.9369
vt 24.5992 60.4919
f 971/3007/501 1216/3008/501 1217/3009/502 1218/3010/502 1219/3011/502 1220/3012/502 1208/3013/502 1211/3014/496 1214/3015/499 1221/3016/503 1222/3017/503 1223/3018/504 1224/3019/504 1225/3020/502 1226/3021/502 1227/3022/502 

vt 25.5014 60.3869
vt 25.2797 60.1965
vn -0.146341 -0.987424 -0.0598127
vt 25.2874 60.1886
f 971/3023/501 1217/3024/505 1216/3025/501

v 57.6609 66.0987 -58.0397
vt -25.2204 4.87689
vn -0.918623 0.00141433 0.395133
v 57.6051 66.128 -58.1696
vt -25.3798 4.90558
v 57.6036 66.128 -58.173
vt -25.3839 4.90559
vt -25.3884 4.40751
vt -25.3575 4.40345
vt -25.3556 4.40321
vt -25.3447 4.40177
v 57.6603 65.5975 -58.0397
vt -25.2206 4.38548
f 1228/3026/506 1229/3027/506 1230/3028/506 951/2407/506 950/3029/506 995/3030/506 1217/3031/506 1216/3032/506 1231/3033/506 

v 57.7938 66.0909 -58.0568
vt -60.0328 26.061
vn 0.0627952 0.987845 0.142191
v 57.8179 66.0943 -58.0849
vt -59.9952 26.0794
vt -60.1766 26.2661
vn 0.0620516 0.987979 0.141585
vt -60.1777 26.1041
v 57.667 66.1011 -58.055
vt -60.1644 26.1174
v 57.6701 66.1009 -58.0551
vt -60.1612 26.116
v 57.6805 66.1001 -58.0552
vt -60.1504 26.1114
f 1232/3034/507 1233/3035/507 1229/3036/508 1228/3037/508 1234/3038/508 1235/3039/508 1236/3040/508 

v 57.7003 66.0781 -57.948
vt -59.963 26.4848
vn 0.063167 0.987778 0.142493
v 57.9103 66.0778 -58.0383
vt -59.7053 26.4809
vn 0.0642823 0.987575 0.143401
v 57.918 66.0803 -58.0549
vt -59.6897 26.4947
v 57.9205 66.0801 -58.0586
vt -59.6855 26.4972
vn 0.0395661 0.990239 0.133646
v 57.9204 66.0802 -58.0601
vt -59.6848 26.4988
v 58.0296 66.1234 -58.3315
vt -59.4473 26.7315
vn 0.047063 0.989549 0.1363
vt -59.5659 26.6748
vt -59.7301 26.5962
vt -59.7789 26.5729
vt -59.8167 26.5548
f 1237/3041/509 1238/3042/510 1239/3043/510 1240/3044/511 1241/3045/511 1242/3046/512 1009/3047/507 980/3048/507 1233/3049/507 1232/3050/507 

vt -60.3572 0.408987
vn 0.386737 -0.20263 0.899653
v 57.6702 65.5975 -58.0169
vt -60.3578 -0.0697689
vt -60.3114 -0.0783285
vt -60.3099 -0.0785158
v 57.726 65.586 -58.0428
vt -60.2884 -0.0812576
v 57.7365 65.5847 -58.0476
vt -60.2753 -0.082508
v 57.7435 65.5832 -58.0508
vt -60.2667 -0.0840146
v 57.8744 65.9031 -58.0526
vt -60.1303 0.234694
v 57.899 66.0227 -58.0428
vt -60.1092 0.353767
vt -60.0994 0.408665
f 1237/3051/513 1243/3052/513 1226/3053/513 1225/3054/513 1244/3055/513 1245/3056/513 1246/3057/513 1247/3058/513 1248/3059/513 1238/3060/513 

vt -25.1079 4.85663
vn -0.918623 0.00141448 0.395133
vt -25.2204 4.87688
vt -25.2207 4.38547
v 57.6627 65.5975 -58.0343
vt -25.214 4.38547
v 57.6649 65.5975 -58.0291
vt -25.2077 4.38546
vt -25.1927 4.38544
f 1237/3061/514 1228/3062/514 1231/3063/514 1249/3064/514 1250/3065/514 1243/3066/514 

vt -60.1785 25.9898
f 1237/3067/509 1232/3034/507 1236/3040/508 1228/3037/508 

v 57.7047 66.08 -58.1499
vt 60.3489 25.5723
vt 60.3481 25.6892
vt 60.3449 25.6878
vt 60.334 25.6832
vt 60.2164 25.6327
v 57.8624 66.0854 -58.0577
vt 60.1451 25.6022
v 57.8952 66.0797 -58.0741
vt 60.1177 25.5707
f 1251/3068/428 1234/3069/428 1235/3070/428 1236/3071/428 1232/3072/428 1252/3073/428 1253/3074/428 

vt 24.6821 4.8583
v 57.6764 65.5983 -58.08
vt 24.7671 4.38602
vt 24.8161 4.38524
vt 24.8158 4.87665
vt 24.7972 4.879
f 1251/3075/228 1254/3076/228 1231/3077/228 1228/3078/228 1234/3079/228 

vt 60.2934 0.485962
vt 60.3063 0.310026
vt 60.4427 -0.0086831
v 57.7409 65.5842 -58.052
vt 60.4459 -0.00765829
v 57.737 65.5851 -58.0537
vt 60.4506 -0.00678926
vt 60.4614 -0.00526908
vt 60.5251 0.00638568
vt 60.5245 0.486251
f 1253/3080/427 1247/3081/427 1246/3082/427 1255/3083/427 1256/3084/427 1224/3085/427 1254/3086/427 1251/3087/427 

v 57.9032 66.0778 -58.0706
vt 60.2836 0.484014
v 57.921 66.0169 -58.0533
vt 60.2577 0.423396
v 57.9153 66.0797 -58.0661
vt 60.269 0.485932
f 1257/3088/427 1258/3089/427 1247/3081/427 1253/3080/427 1259/3090/427 

vt 60.2796 0.50371
vn 0.361552 -0.202044 -0.910197
v 57.9204 66.0805 -58.064
vt 60.2734 0.504462
v 57.924 66.0797 -58.0626
vt 60.269 0.503696
v 57.9258 66.0793 -58.0618
vt 60.2668 0.503288
v 57.9354 66.0771 -58.0576
vt 60.255 0.501133
v 57.9253 66.0276 -58.0533
vt 60.2638 0.451793
vt 60.2683 0.441174
vt 60.2942 0.501793
f 1259/3091/515 1260/3092/515 1261/3093/515 1262/3094/515 1263/3095/515 1264/3096/515 1258/3097/515 1257/3098/515 

vt 51.2331 40.4659
vn 0.0869665 0.989766 -0.113138
v 57.9072 66.0818 -58.0583
vt 51.235 40.4785
vt 51.2363 40.4873
vn 0.0725741 0.989088 -0.12821
vt 51.326 41.0819
v 57.9173 66.0804 -58.0555
vt 51.224 40.4739
vn 0.0614681 0.98818 -0.140431
vt 51.2232 40.469
v 57.9214 66.0804 -58.0602
vt 51.2236 40.4671
vt 51.2229 40.463
vt 51.2271 40.4644
f 1259/3099/516 1265/3100/516 978/3101/517 1066/3102/430 1266/3103/518 1240/3104/518 1267/3105/518 1261/3106/518 1260/3107/516 

vt 60.1021 25.5903
vt 60.1341 25.6232
f 1066/2638/430 978/3108/517 974/3109/428

v 57.8669 66.0888 -58.0371
vt -24.3455 60.379
v 57.8935 66.0837 -58.0374
vt -24.3342 60.3507
v 57.911 66.0803 -58.0377
vt -24.3267 60.3322
f 974/2439/405 1268/3110/405 1269/3111/405 1270/3112/405 979/2448/405 978/2447/405 

v 57.9041 66.0808 -58.0268
vt -24.341 60.3351
vn 0.0423432 0.998155 -0.043522
v 57.9083 66.0804 -58.0311
vt -24.3347 60.3324
vn 0.0278492 0.99915 -0.0303973
vn 0.0716979 0.99709 0.0259012
v 57.762 66.0972 -57.8807
vt -24.5527 60.4258
vt -24.3944 60.358
v 57.8802 66.0836 -58.0023
vt -24.3765 60.3503
v 57.8855 66.083 -58.0077
vt -24.3687 60.3469
v 57.8912 66.0823 -58.0136
vt -24.3601 60.3433
f 1271/3113/519 1272/3114/520 1270/3112/521 1269/3111/405 1268/3110/405 974/2439/405 977/2445/405 970/2444/405 1273/3115/519 1170/3116/519 1274/3117/519 1275/3118/519 1276/3119/519 

v 57.9128 66.0803 -58.0331
vt 64.3091 -10.2528
vn -0.0304971 0.996828 -0.0735148
vt 64.3103 -10.2582
vt 64.3145 -10.2515
f 1277/3120/522 1270/3121/521 1272/3122/520

v 57.9103 66.0813 -58.0268
vt 24.71 60.1801
vn 0.1514 0.986854 -0.0565516
vt 24.7154 60.1746
vt 24.7209 60.1745
vn 0.140653 0.988111 -0.0620762
v 57.5013 66.1906 -57.6383
vt 24.4859 60.785
vn 0.141234 0.988068 -0.0614409
vt 24.4886 60.4051
vt 24.5016 60.3919
vt 24.5475 60.3452
vt 24.6985 60.1918
v 57.9078 66.0823 -58.0208
vt 24.7048 60.1853
v 57.909 66.0818 -58.0238
vt 24.7074 60.1828
f 1278/3123/523 1277/3124/401 1270/3125/524 1279/3126/525 1118/3127/401 1117/3128/401 1172/3129/523 1168/3130/523 1280/3131/523 1281/3132/523 

v 57.8986 66.0819 -58.0187
vt 60.2744 -23.4423
vn -0.0403988 0.992522 -0.115186
vt 60.2587 -23.4457
vt 60.2534 -23.4511
f 1282/3133/526 1278/3134/526 1277/3135/473

v 57.9298 66.0803 -58.0404
vt 63.5357 -13.6254
vn -0.0206309 0.995914 -0.0879132
vt 63.5606 -13.6155
vt 63.5755 -13.6096
vt 63.5849 -13.6058
vt 63.8003 -13.5202
vt 63.5928 -13.6008
v 57.8922 66.0827 -58.0123
vt 63.5842 -13.6041
v 57.8995 66.0817 -58.018
vt 63.5747 -13.6085
vt 63.5628 -13.6124
v 57.9119 66.081 -58.0265
vt 63.5589 -13.6147
v 57.9146 66.0802 -58.029
vt 63.5553 -13.6168
v 57.9297 66.08 -58.0387
vt 63.5362 -13.6236
v 57.9357 66.0797 -58.0429
vt 63.5285 -13.6266
f 1283/3136/527 1278/3137/526 1282/3138/526 1276/3139/527 1171/3140/527 1275/3141/527 1284/3142/527 1285/3143/527 1281/3144/527 1286/3145/527 1287/3146/527 1288/3147/527 1289/3148/527 

vt 56.0943 -25.1674
vn -0.251089 0.873821 -0.416404
vt 56.1025 -25.1668
vt 56.1228 -25.1662
vt 56.1268 -25.1651
vt 56.1312 -25.1638
v 57.9331 66.0808 -58.0391
vt 56.099 -25.165
v 57.9343 66.0806 -58.0406
vt 56.097 -25.1657
v 57.9395 66.0803 -58.0446
vt 56.0897 -25.1666
f 1289/3149/528 1288/3150/528 1287/3151/528 1286/3152/528 1281/3153/528 1290/3154/528 1291/3155/528 1292/3156/528 

v 57.9226 66.0772 -58.0256
vt -14.0938 -61.2958
vn -0.12315 0.989375 0.0772775
vt -14.0841 -61.2941
v 57.936 66.0807 -58.0308
vt -14.0961 -61.2794
vn -0.154524 0.986617 0.052054
vt -14.101 -61.2732
v 57.9426 66.0827 -58.0395
vt -14.104 -61.2697
vt -14.4833 -60.8056
vt -14.1073 -61.2788
vt -14.106 -61.2805
f 1293/3157/529 1082/3158/439 1294/3159/530 1167/3160/530 1295/3161/530 396/3162/172 1291/3163/529 1290/3164/529 

vt -25.1314 15.4928
vn -0.899657 -0.2026 0.386743
vt -25.141 15.4921
vt -25.1461 15.4928
v 57.8178 66.0781 -58.2689
vt -25.3748 15.4931
v 57.8865 65.5987 -58.2991
vt -25.3754 15.0156
v 57.907 65.5888 -58.2554
vt -25.3211 15.0056
v 57.888 65.5885 -58.2997
vt -25.3755 15.0053
vt -25.3755 14.9906
vt -25.3734 14.9904
vt -25.3693 14.9898
v 57.9199 65.576 -58.2305
vt -25.2895 14.9929
v 57.9235 65.5762 -58.2219
vt -25.2791 14.9931
v 57.9315 65.5768 -58.2031
vt -25.2561 14.9937
v 57.9199 65.5825 -58.2278
vt -25.2868 14.9993
v 57.92 65.5882 -58.2254
vt -25.2843 15.0051
v 57.92 65.5973 -58.2217
vt -25.2804 15.0141
v 57.9555 65.5958 -58.1398
vt -25.1798 15.0126
vt -25.1762 15.0126
vt -25.0309 15.0104
vt -25.051 15.2846
v 57.9555 65.8972 -58.0203
vt -25.056 15.3129
v 57.9557 65.8981 -58.0194
vt -25.055 15.3138
vt -25.0532 15.3154
vt -25.0662 15.4927
vt -25.0761 15.4922
v 57.9215 66.0627 -58.0338
vt -25.0851 15.4777
v 57.9195 66.0353 -58.0495
vt -25.1022 15.4505
v 57.9161 66.0778 -58.0408
vt -25.0948 15.4927
f 1257/3165/531 1021/3166/531 1022/3167/531 1296/3168/531 1297/3169/531 1298/3170/531 1299/3171/531 1200/3172/531 1206/3173/531 1207/3174/531 1300/3175/531 1301/3176/531 1302/3177/531 1303/3178/531 1304/3179/531 1305/3180/531 1306/3181/531 1041/3182/531 1054/3183/531 1055/3184/531 1307/3185/531 1308/3186/531 1085/3187/531 1082/3188/531 1293/3189/531 1309/3190/531 1310/3191/531 1311/3192/531 

vt -8.0245 -61.5337
vn -0.133548 0.987255 0.0865625
vt -8.01521 -61.5311
vn -0.175801 0.98339 0.045154
vt -8.05119 -61.507
vn -0.136248 0.987571 0.0783635
f 1021/3193/532 1257/3194/533 1018/3195/534

vt -25.6055 -58.0048
vt -25.5828 -58.0604
vt -25.5547 -58.0934
vt -25.5181 -58.0936
v 57.9206 66.0796 -58.0524
vt -25.528 -58.0835
v 57.923 66.0805 -58.0586
vt -25.5333 -58.0781
f 1011/3196/171 1018/3197/534 1257/3198/533 1311/3199/171 1312/3200/171 1313/3201/171 

vt -25.7964 -57.8406
v 57.9122 66.0993 -58.3095
vt -25.7974 -57.9741
vt -25.7946 -57.9713
vt -25.7669 -57.8408
f 1192/3202/171 1314/3203/171 1019/3204/171 1018/3197/171 1011/3196/171 1242/3205/171 

vt 59.9711 4.92047
vn -0.395132 0.00141454 -0.918623
v 57.9602 65.5999 -58.3308
vt 59.9119 4.43082
v 57.9589 65.5997 -58.3302
vt 59.9136 4.43061
vt 59.9217 4.42957
v 57.9108 65.5987 -58.3095
vt 59.9726 4.42964
v 57.9122 66.0948 -58.3095
vt 59.9711 4.91605
f 1314/3206/535 1192/2969/535 1191/2968/535 1315/3207/535 1316/3208/535 1204/3209/535 1317/3210/535 1318/3211/535 

v 57.9935 65.6185 -58.4139
vt 25.4598 4.40658
vn 0.918623 -0.00141515 -0.395133
v 57.9483 65.6353 -58.5191
vt 25.5889 4.42313
vt 25.7325 4.44896
vt 25.7322 4.9616
vt 25.5905 4.94344
vt 25.3583 4.90167
vt 25.3879 4.9017
vt 25.3885 4.39745
v 57.9941 65.6182 -58.4126
vt 25.4582 4.40638
f 1319/3212/536 1320/3213/536 943/3214/536 945/3215/536 944/3216/536 1242/3217/536 1192/3218/536 1191/3219/536 1321/3220/536 

vt 25.4582 4.40639
vt 25.3885 4.38708
vt 25.589 4.42315
vt 25.4598 4.4066
f 1321/3221/488 1191/2954/488 1205/3222/488 1320/3223/488 1319/3224/488 

vt 59.6654 26.1793
vn -0.0620515 -0.987979 -0.141585
vt 59.7467 26.1799
vt 59.6639 26.3829
f 1205/3225/537 1204/3226/537 1320/3227/537

v 57.9542 65.5797 -58.2283
vt 59.7894 26.0751
v 57.9535 65.5869 -58.2658
vt 59.7733 26.1148
v 57.9529 65.5921 -58.2933
vt 59.7614 26.1438
v 57.9525 65.5957 -58.3121
vt 59.7533 26.1637
v 57.9525 65.5962 -58.3147
vt 59.7522 26.1665
v 58.0293 65.5929 -58.3307
vt 59.6656 26.148
f 1322/3228/537 1323/3229/537 1324/3230/537 1325/3231/537 1326/3232/537 1204/3226/537 1205/3225/537 1327/3233/537 

vt 59.8243 26.0591
vt 59.8251 26.0903
v 57.9261 65.5847 -58.2424
vt 59.8121 26.1028
v 57.9331 65.576 -58.1996
vt 59.8242 26.0546
f 1302/3234/537 1303/3235/537 1328/3236/537 1323/3229/537 1322/3228/537 1329/3237/537 

v 57.9052 65.5711 -58.1616
vt 59.8703 26.0275
v 57.8936 65.5729 -58.1659
vt 59.8803 26.0374
f 1329/3237/537 1330/3238/537 1331/3239/537 1303/3235/537 1302/3234/537 

v 57.9442 65.5913 -58.285
vt 59.7742 26.1391
v 57.9089 65.5878 -58.2513
vt 59.8258 26.12
v 57.8733 65.5655 -58.118
vt 59.9229 25.9965
v 57.8671 65.5645 -58.1096
vt 59.9331 25.9905
v 57.8453 65.5694 -58.1262
vt 59.9481 26.0181
v 57.8315 65.5741 -58.1448
vt 59.954 26.0439
v 57.8301 65.5745 -58.1462
vt 59.9548 26.0459
v 57.8197 65.5763 -58.1514
vt 59.9632 26.0562
v 57.8185 65.5762 -58.1504
vt 59.9648 26.0557
v 57.8265 65.5741 -58.1427
vt 59.9601 26.044
v 57.828 65.5737 -58.1413
vt 59.9592 26.0419
v 57.8646 65.564 -58.1062
vt 59.9373 25.9881
v 57.6681 65.5643 -58.0216
vt 60.1785 25.9898
v 57.7078 65.5675 -58.0556
vt 60.1221 26.0072
v 57.7237 65.5662 -58.0558
vt 60.1056 26.0001
v 57.7132 65.5679 -58.0603
vt 60.1144 26.0095
v 57.7661 65.5721 -58.1055
vt 60.0393 26.0327
v 57.8001 65.5667 -58.092
vt 60.0103 26.0028
v 57.7885 65.5732 -58.1214
vt 60.0089 26.0391
v 57.788 65.5735 -58.1227
vt 60.0089 26.0407
v 57.7876 65.5738 -58.1239
vt 60.0088 26.0421
v 57.7842 65.5757 -58.1324
vt 60.0084 26.0526
v 57.759 65.5732 -58.1083
vt 60.0454 26.0389
v 57.6142 65.5961 -58.166
vt 60.1688 26.166
v 57.6131 65.5963 -58.1664
vt 60.1698 26.167
vt 60.1336 26.1825
vt 60.0162 26.1817
vt 60.0094 26.1816
v 57.7814 65.6159 -58.3435
vt 59.9158 26.2754
v 57.7935 65.6173 -58.3563
vt 59.8975 26.2832
vt 59.7975 26.1802
f 1332/3240/537 1333/3241/537 1303/3235/537 1331/3239/537 1330/3238/537 1334/3242/537 1335/3243/537 1336/3244/537 1337/3245/537 1338/3246/537 1339/3247/537 1340/3248/537 1341/3249/537 1342/3250/537 1343/3251/537 1344/3252/537 1345/3253/537 1346/3254/537 1347/3255/537 1348/3256/537 1349/3257/537 1350/3258/537 1351/3259/537 1352/3260/537 1353/3261/537 1354/3262/537 1355/3263/537 1356/3264/537 967/3265/537 956/3266/537 955/3267/537 1357/3268/537 1358/3269/537 1317/3270/537 1204/3226/537 1326/3232/537 1325/3231/537 1324/3230/537 

vt -24.5561 -6.29079
vn 0.909615 -0.20263 0.362687
v 57.9216 65.8932 -58.1008
vt -24.6821 -5.99606
vt -24.6297 -6.29191
v 57.8955 65.5947 -58.1614
vt -24.6294 -6.29336
vt -24.6256 -6.3151
vt -24.5498 -6.30558
vt -24.5522 -6.29984
f 1305/3271/538 1359/3272/538 1038/3273/538 1360/3274/538 1331/3275/538 1303/3276/538 1304/3277/538 

vt -24.5318 -6.30333
vt -24.4798 -6.2968
v 57.9483 65.5928 -58.2946
vt -24.468 -6.29533
v 58.0188 66.0768 -58.267
vt -24.4674 -5.81314
vt -24.7144 -5.81283
v 57.933 66.0237 -58.0743
vt -24.705 -5.86601
f 1304/3277/538 1303/3276/538 1328/3278/538 1332/3279/538 1361/3280/538 1362/3281/538 1034/3282/538 1363/3283/538 1359/3272/538 1305/3271/538 

v 57.9561 65.5879 -58.1414
vt -25.1809 15.0064
vt -25.284 15.0067
vt -25.2865 15.0009
vt -25.2558 14.9953
vt -25.2514 14.9945
v 57.9339 65.5757 -58.1981
vt -25.2495 14.9942
v 57.9569 65.5787 -58.1433
vt -25.1825 14.9972
f 1364/3284/441 1304/3285/441 1303/3286/441 1302/3287/441 1329/3288/441 1365/3289/441 1366/3290/441 

v 57.9581 65.5641 -58.1463
vt -60.0019 -0.103062
v 57.9599 65.5645 -58.1471
vt -59.9996 -0.10265
v 57.9637 65.5651 -58.1486
vt -59.995 -0.102072
v 57.9703 65.5668 -58.1511
vt -59.9871 -0.100365
v 57.9723 65.5672 -58.1519
vt -59.9846 -0.0999084
vt -59.8568 -0.0765456
vt -60.0426 0.358677
v 57.9534 65.9908 -58.0716
vt -60.0399 0.322069
v 57.9526 65.636 -58.1317
vt -60.014 -0.0314218
vt -60.0136 -0.0365201
vt -60.0075 -0.071452
v 57.956 65.5895 -58.1411
vt -60.0063 -0.0777686
vt -60.0061 -0.0792895
vt -60.0044 -0.0884518
v 57.9573 65.5732 -58.1445
vt -60.0035 -0.0939884
v 57.958 65.5651 -58.1461
vt -60.002 -0.102006
f 1367/3291/513 1368/3292/513 1369/3293/513 1370/3294/513 1371/3295/513 467/3296/513 472/3297/513 1372/3298/513 1373/3299/513 1040/3300/513 1306/3301/513 1374/3302/513 1364/3303/513 1366/3304/513 1375/3305/513 1376/3306/513 

vt 25.6081 -58.093
vt 25.608 -58.0908
v 57.9584 65.5641 -58.1455
vt 25.6071 -58.0931
f 1367/3307/462 1368/3308/462 1377/3309/462

v 57.9577 65.5641 -58.1473
vt 25.6116 -58.0921
vn 0.141581 -0.98798 -0.0620562
vt 25.6756 -57.9332
vn 0.123841 -0.98915 -0.0790285
vt 25.7973 -57.6311
vt 25.6742 -57.9332
vn 0.14317 -0.987848 -0.0604858
v 57.9655 65.566 -58.1528
vt 25.6138 -58.0814
vt 25.6103 -58.0898
vt 25.6104 -58.0921
f 1378/3310/539 1195/3311/540 1185/3312/487 1194/3313/541 1379/3314/539 1368/3315/539 1367/3316/539 

vt 43.2778 -46.746
vt 43.2565 -47.0711
vt 43.2597 -47.0699
vn 0.125989 -0.989134 -0.0757665
f 1185/3317/487 1195/3318/540 1196/3319/542

vt 22.8345 -58.7875
vt 22.7015 -59.0834
v 58.0371 65.5929 -58.3126
vt 22.7689 -59.0863
vn 0.14372 -0.987871 -0.0587842
f 1185/3320/487 1196/3321/542 1380/3322/543

vt 23.0659 -58.9158
vn 0.147238 -0.987454 -0.0570552
v 57.9614 65.5656 -58.157
vt 23.0005 -59.0638
v 58.0171 65.588 -58.2994
vt 23.1276 -58.9452
vt 23.1333 -58.9184
f 1196/3323/544 1381/3324/544 1382/3325/544 1380/3326/544 

vt 23.1983 -58.9423
vn 0.149534 -0.987024 -0.0585047
vt 23.1885 -58.9504
vt 23.1885 -58.9481
vt 23.325 -58.8234
vt 23.3306 -58.7965
vt 23.2632 -58.7942
f 1381/3327/545 1367/3328/545 1368/3329/545 1382/3330/545 1380/3331/545 1196/3332/545 

v 57.9559 65.5639 -58.1454
vt 51.3458 39.8616
vn -0.131839 -0.977214 -0.166346
v 57.9572 65.5651 -58.148
vt 51.3428 39.8632
vt 51.1839 39.9577
vt 51.3328 39.8681
vt 51.3432 39.8609
f 1383/3333/546 1384/3334/546 1382/3335/546 1381/3336/546 1367/3337/546 

vt 23.1757 -58.9526
vn 0.149465 -0.98704 -0.0584138
vt 23.3024 -58.8336
vt 23.3081 -58.8068
vt 23.2407 -58.8045
f 1381/3338/547 1382/3339/547 1380/3340/547 1196/3341/547 

vt 58.9293 27.935
vn -0.0665827 -0.988034 -0.139121
vt 58.9339 27.9352
vt 58.8016 28.0644
vt 58.7739 28.0907
v 58.0851 65.5637 -58.201
vt 58.7803 27.9291
f 1369/3342/548 1368/3343/548 1382/3344/548 1327/3345/548 1385/3346/548 

vt 25.7441 -57.9337
vt 25.7663 -57.9335
vt 25.7395 -57.9607
vn 0.14372 -0.987871 -0.0587841
v 57.9198 65.5642 -58.2353
vt 25.7173 -58.0923
v 57.9456 65.5741 -58.2956
vt 25.7679 -58.0375
vt 25.794 -58.0636
v 57.9159 65.5674 -58.2829
vt 25.7682 -58.0745
v 57.9163 65.5661 -58.2656
vt 25.7502 -58.0821
v 57.9167 65.5642 -58.2424
vt 25.7261 -58.0922
vt 25.7982 -58.0917
f 1185/2944/487 1380/3347/543 1327/3348/485 1382/3349/549 1386/3350/549 1387/3351/485 1209/3352/485 1388/3353/485 1389/3354/485 1390/3355/485 1199/3356/485 

vt 59.6924 26.1207
v 57.9558 65.565 -58.1513
vt 59.8227 25.9935
v 57.9543 65.5794 -58.2264
vt 59.7903 26.0731
f 1382/3357/537 1391/3358/537 1392/3359/537 1327/3233/537 

vt 22.7345 -59.2434
vt 22.763 -59.1131
vt 22.6316 -59.2391
vn 0.145853 -0.987747 -0.0555154
f 1386/3360/549 1382/3361/549 1391/3362/550

v 57.9525 65.5666 -58.1584
vt 59.8229 26.0025
v 57.9387 65.5733 -58.1878
vt 59.8238 26.0397
vt 59.8242 26.0527
f 1392/3359/537 1391/3358/537 1393/3363/537 1394/3364/537 1365/3365/537 

v 57.9071 65.5709 -58.1609
vt 59.8687 26.026
v 57.9525 65.5639 -58.1439
vt 59.8295 25.9873
v 57.9501 65.5642 -58.1448
vt 59.8315 25.9894
f 1395/3366/537 1365/3365/537 1394/3364/537 1393/3363/537 1391/3358/537 1396/3367/537 1397/3368/537 

v 57.8928 65.5634 -58.1678
vt 59.7354 -24.8009
vn 0.063902 -0.987971 -0.140816
v 57.9192 65.5777 -58.2315
vt 59.7361 -24.7219
v 57.9457 65.5927 -58.2956
vt 59.7369 -24.6423
vt 59.7371 -24.622
vt 59.7373 -24.5988
vt 59.7383 -24.4974
vt 59.979 0.339827
vn 0.0503004 -0.987945 -0.146406
vt 59.6664 -24.5234
vn 0.0403671 -0.987768 -0.150615
vt 59.6659 -24.5677
vn 0.0543907 -0.98794 -0.14497
vt 59.6627 -24.7901
vt 59.6629 -24.7992
vn 0.0605088 -0.987984 -0.142222
vt 59.6658 -24.7993
f 1398/3369/551 1399/3370/551 1400/3371/551 1325/3372/551 1315/3373/551 1321/3374/551 773/3375/552 1198/3376/553 1189/3377/554 1391/3378/554 1396/3379/555 1397/3380/555 

v 57.8918 65.5634 -58.1682
vt 58.4357 -27.5594
vn 0.0618186 -0.98798 -0.14168
v 57.8923 65.5637 -58.1693
vt 58.4357 -27.558
v 57.9186 65.5779 -58.2328
vt 58.4402 -27.4794
v 57.9447 65.5927 -58.296
vt 58.4446 -27.4011
vt 58.4459 -27.378
vt 58.447 -27.3589
vt 58.4528 -27.2552
vt 59.852 -2.45742
vt 58.4516 -27.2563
vt 58.4459 -27.3576
vt 58.4446 -27.3807
vt 58.4434 -27.401
vt 58.4389 -27.4805
vt 58.4345 -27.5593
f 1401/3381/556 1402/3382/556 1403/3383/556 1404/3384/556 1326/3385/556 1316/3386/556 1319/3387/556 773/3388/552 1321/3389/551 1315/3390/551 1325/3391/551 1400/3392/551 1399/3393/551 1398/3394/551 

v 57.8901 65.5638 -58.1688
vt 60.4718 -23.0741
vn 0.0563407 -0.98798 -0.143948
vt 60.6586 -23.0729
vt 60.5018 2.06644
vt 59.99 2.06325
vt 60.4639 -22.7695
vt 60.4659 -22.8733
vt 60.4662 -22.8925
vt 60.4667 -22.9156
vt 60.4682 -22.994
vt 60.4697 -23.0727
vt 60.4697 -23.0741
f 1405/3395/557 1012/3396/557 903/3397/557 773/3398/552 1319/3399/556 1316/3400/556 1326/3401/556 1404/3402/556 1403/3403/556 1402/3404/556 1401/3405/556 

v 57.7421 65.5682 -58.2271
vt -60.4962 8.72165
v 57.7359 65.5678 -58.2296
vt -60.5037 8.72132
vt -60.5037 8.71718
vt -60.3169 8.71733
vt -60.3148 8.71694
vt -60.3136 8.71694
vt -60.244 8.71775
vt -60.2412 8.71738
v 57.9525 65.5938 -58.1389
vt -60.239 8.74719
vt -60.3081 8.74813
vt -60.4838 8.75047
v 57.75 65.595 -58.2194
vt -60.4847 8.74838
v 57.8774 65.5754 -58.1719
vt -60.3315 8.72889
v 57.8464 65.5735 -58.1846
vt -60.3693 8.72702
v 57.8455 65.5737 -58.185
vt -60.3704 8.72718
vt -60.3722 8.72744
vt -60.4626 8.7443
v 57.75 65.595 -58.2194
f 1406/3406/481 1407/3407/481 1012/3408/481 1405/3409/481 1401/3410/481 1398/3411/481 1397/3412/481 1396/3413/481 1408/3414/481 1360/3415/481 1037/3416/481 1409/3417/481 1410/3418/481 1411/3419/481 1412/3420/481 1215/3421/481 1214/3422/481 1413/3417/481 

vt 26.1139 4.08605
vn -0.919418 0.00661575 -0.393227
vt 26.1069 4.08514
vt 26.1132 4.08198
f 1407/3423/558 962/3424/423 1012/3425/422

vt -24.5134 60.3027
vn -0.14237 -0.987979 0.0602267
v 57.781 65.5971 -57.7594
vt -24.5132 60.334
v 37.7761 70.1045 -49.1393
vt -24.3496 85.2882
vt -24.8614 85.2915
vt -25.0261 60.1666
vt -25.0212 60.1717
v 57.7418 65.5669 -58.2274
vt -25.0164 60.1665
vt -24.8501 60.1654
vt -24.8791 60.1953
vt -24.8852 60.2015
vt -25.0086 60.3285
vt -25.0096 60.3295
v 57.6043 65.5977 -58.1699
vt -25.0171 60.3372
v 57.6074 65.5977 -58.1627
vt -25.0082 60.3372
vt -24.8572 60.3362
v 57.6582 65.5984 -58.0342
vt -24.8525 60.341
v 57.6541 65.6 -58.0241
vt -24.8438 60.3497
v 57.6473 65.6026 -58.007
vt -24.829 60.3645
vn -0.142604 -0.987971 0.0598109
vt -24.8292 60.3361
vt -24.831 60.2889
vt -24.831 60.2875
v 57.7425 65.581 -58.0508
vt -24.8327 60.2445
v 57.8052 65.5667 -58.0802
vt -24.8356 60.1653
v 57.8236 65.5668 -58.0376
vt -24.7833 60.165
v 57.824 65.5666 -58.0365
vt -24.782 60.165
v 57.8174 65.5681 -58.0334
vt -24.7818 60.1734
v 57.8011 65.5718 -58.026
vt -24.7812 60.1939
v 57.8288 65.5675 -58.0142
vt -24.7568 60.1698
v 57.8317 65.567 -58.013
vt -24.7543 60.1674
v 57.8305 65.5675 -58.0098
vt -24.7515 60.17
vn -0.148068 -0.987819 0.047853
v 57.6465 65.6093 -57.9262
vt -24.7454 60.4015
v 57.6406 65.6102 -57.9285
vt -24.7505 60.4067
v 57.6107 65.617 -57.9149
vt -24.7495 60.4443
v 57.6063 65.6188 -57.9038
vt -24.7399 60.4539
v 57.5609 65.6366 -57.7898
vt -24.6414 60.5527
v 57.6675 65.6125 -57.8371
vt -24.6437 60.4191
v 57.7347 65.5973 -57.867
vt -24.6452 60.3349
v 57.7632 65.5908 -57.8797
vt -24.6459 60.2991
v 57.7856 65.5857 -57.8896
vt -24.6464 60.271
vt -24.6482 60.1656
vt -24.6483 60.1641
vn -0.142368 -0.988038 0.0592647
vt -24.6474 60.165
vt -24.6422 60.1717
vt -24.57 60.2451
vt -24.5677 60.2474
f 511/3426/559 1414/3427/559 1415/3428/559 674/3429/559 962/3430/559 1407/3431/559 1416/3432/559 1349/3433/559 1348/3434/559 1354/3435/559 1355/3436/559 1356/3437/559 1417/3438/559 1418/3439/559 1231/3440/559 1419/3441/559 1420/3442/559 1421/3443/560 1243/3444/560 1226/3445/559 1225/3446/559 1422/3447/559 1423/3448/559 1424/3449/559 1425/3450/559 1426/3451/559 1427/3452/559 1428/3453/559 1429/3454/559 1430/3455/561 1431/3456/561 1432/3457/559 1433/3458/559 1434/3459/559 1435/3460/559 1436/3461/559 1437/3462/559 1438/3463/559 1439/3464/559 519/3465/559 520/3466/562 518/3467/562 517/3468/559 516/3469/562 510/3470/562 

v 57.9215 65.5913 -57.8199
vt -60.169 4.42293
v 57.9222 65.5959 -57.8202
vt -60.1682 4.42747
vt -60.3415 4.44968
vt -60.3415 4.42865
vt -60.3107 4.4231
vt -60.1981 4.42296
vt -60.1899 4.42295
f 1440/3471/242 1441/3472/242 1092/3473/242 1414/3474/242 511/3475/242 512/3476/242 515/3477/242 

v 57.9254 65.6184 -57.8216
vt -60.1642 4.4495
v 57.9177 65.6564 -57.8182
vt -60.1737 4.48682
v 57.9189 66.094 -57.8182
vt -60.1725 4.9158
v 57.9255 66.095 -57.821
vt -60.1644 4.91682
vt -60.3113 4.94325
vt -60.3409 4.94328
f 1441/3472/242 1442/3478/242 1443/3479/242 1444/3480/242 1445/3481/242 1118/3482/242 1115/3483/242 1092/3473/242 

v 57.8731 65.5929 -57.9329
vt 25.0541 -6.26945
vn 0.899317 -0.20263 -0.387517
v 57.8734 65.5963 -57.9336
vt 25.0547 -6.26609
v 57.9031 65.9596 -58.0083
vt 25.1188 -5.90414
vn 0.899615 -0.202247 -0.387025
vt 24.9155 -6.2441
vn 0.899764 -0.202056 -0.386779
vt 24.9155 -6.26648
vt 24.9438 -6.27003
vt 24.9491 -6.2707
vt 24.9523 -6.2711
f 1446/3484/563 1447/3485/563 1448/3486/564 1442/3487/565 1441/3488/563 1097/3489/563 1096/3490/563 1095/3491/563 

v 57.8724 65.5846 -57.9312
vt 60.1646 8.8133
v 57.872 65.5788 -57.93
vt 60.1657 8.80748
v 57.7894 65.5916 -57.8966
vt 60.266 8.82025
v 57.9066 66.002 -58.0171
vt 60.091 9.22913
vt 60.0985 9.18689
vt 60.1626 8.82495
vt 60.1632 8.82158
f 1449/3492/458 1450/3493/458 1451/3494/458 1452/3495/458 1448/3496/458 1447/3497/458 1446/3498/458 

v 57.9498 66.0803 -58.049
vt 60.0319 9.30685
vn -0.387522 -0.202617 -0.899318
vt 60.0268 9.30622
vt 60.038 9.15395
vt 60.0338 9.09621
vt 60.0388 9.12448
v 57.9544 65.9028 -58.0207
vt 60.0398 9.13005
vt 60.0643 8.79508
vt 60.0701 8.79509
vt 60.1656 8.80724
vt 60.1646 8.81307
vt 60.1631 8.82134
vt 60.1625 8.82471
vt 60.0984 9.18666
vt 60.0909 9.22889
v 57.9225 66.0579 -58.0334
vt 60.0671 9.28454
v 57.9544 65.9028 -58.0207
v 57.9543 65.9268 -58.0248
vt 60.0492 9.30629
vt 60.0446 9.30687
v 57.9447 66.0811 -58.0469
vt 60.0381 9.30765
f 1453/3499/566 1057/3500/566 1047/3501/566 1055/3502/566 1307/3503/566 1454/3504/566 522/3505/566 521/3506/566 1450/3507/566 1449/3508/566 1446/3509/566 1447/3510/566 1448/3511/566 1452/3512/566 1455/3513/566 1456/3504/566 1457/3501/566 1289/3514/566 1292/3515/566 1458/3516/566 

vt -37.2649 53.4166
vn 0.0563075 0.998388 0.00712551
v 57.9415 66.0809 -58.0425
vt -37.2762 53.4202
v 57.9498 66.0805 -58.0481
vt -37.2658 53.416
vn 0.123231 0.9888 0.084193
vt -37.2607 53.4137
f 1453/3517/567 1459/3518/567 1460/3519/568 1057/3520/568 

vt 64.3942 -9.05526
vn -0.0110202 0.9975 -0.0698031
vt 64.4004 -9.05364
vt 64.3984 -9.05098
vt 64.3881 -9.05678
f 1458/3521/569 1292/3522/569 1459/3523/567 1453/3524/567 

vt 60.0127 0.485611
vt 60.0133 -0.00128177
v 58.0615 65.5827 -57.9242
vt 60.0567 -0.00920831
v 58.0489 65.5799 -57.9288
vt 60.0718 -0.0119749
v 58.0473 65.5855 -57.9304
vt 60.0742 -0.00636995
v 58.0468 65.5872 -57.9309
vt 60.0749 -0.00469239
v 58.0457 65.5907 -57.9319
vt 60.0764 -0.00115858
vt 60.077 5.82278e-05
vt 60.205 0.299791
f 1064/3525/427 1080/3526/427 1461/3527/427 1462/3528/427 1463/3529/427 1464/3530/427 1465/3531/427 1087/3532/427 1086/3533/427 1047/2624/427 1057/2623/427 

vt 60.2072 0.305062
vt 60.2092 0.309711
v 57.9855 65.5711 -57.9525
vt 60.1482 -0.0206898
v 57.9573 65.8929 -58.0179
f 1308/3534/427 1454/3535/427 1047/2624/427 1086/3533/427 1087/3532/427 1465/3531/427 1464/3530/427 1463/3529/427 1462/3528/427 1466/3536/427 1467/3533/427 

vt 60.1846 -0.0252592
f 522/3537/427 1454/3535/427 1308/3534/427 1086/3533/427 1466/3536/427 

vt 60.0118 8.79525
vt 60.0644 8.79532
vt 60.0398 9.13029
vt 60.0389 9.12471
f 487/3538/458 522/3539/458 1454/3540/458 1307/3541/458 1055/2850/458 

vt 60.1859 -0.0239811
vn 0.361851 -0.202599 -0.909955
v 57.8347 65.5666 -58.0117
vt 60.3322 -0.0239833
v 57.8362 65.5797 -58.0133
vt 60.3312 -0.0108901
v 57.8379 65.5941 -58.0151
vt 60.3302 0.00347627
v 57.8379 65.5966 -58.0161
vt 60.3306 0.00604744
v 57.8389 65.6026 -58.0161
vt 60.3295 0.0119666
v 57.84 65.6093 -58.0161
vt 60.3284 0.0184673
v 57.9223 66.0125 -58.052
vt 60.2572 0.420267
vt 60.2105 0.310989
f 522/3542/570 1468/3543/570 1469/3544/570 1470/3545/570 1471/3546/570 1472/3547/570 1473/3548/570 1474/3549/570 1454/3550/570 

v 57.8315 65.566 -58.0129
vt -60.3486 25.1189
vn -0.0570603 -0.987974 0.143705
vt -60.3448 25.1189
vt -60.1986 25.1189
v 57.9505 65.5668 -57.9604
vt -60.2021 25.1245
vn -0.0614966 -0.988031 0.141467
v 57.8809 65.5824 -57.9107
vt -60.2543 25.2069
vn -0.0612258 -0.988276 0.139865
v 57.7548 65.6089 -57.8203
vt -60.3489 25.3563
vn -0.0572044 -0.988047 0.143148
v 57.5008 65.6635 -57.6387
vt -60.5394 25.6572
vn -0.0572353 -0.987921 0.144002
v 57.7288 65.5969 -57.8934
vt -60.4065 25.2896
vn -0.0576012 -0.987977 0.14347
v 57.7861 65.5802 -57.9575
vt -60.3731 25.197
v 57.8286 65.5678 -58.0049
vt -60.3483 25.1286
v 57.7223 65.5969 -57.896
vt -60.4144 25.2896
v 57.5204 65.6525 -57.688
vt -60.5394 25.5964
v 57.6603 65.5742 -58.0397
vt -60.5391 25.1628
v 57.6989 65.5724 -58.0335
vt -60.4962 25.1531
v 57.8131 65.5675 -58.0152
vt -60.3688 25.1243
v 57.8146 65.5668 -58.0155
vt -60.3674 25.1232
vn -0.0605598 -0.984413 0.165116
v 57.8173 65.5667 -58.0151
vt -60.3644 25.1225
f 1475/3551/571 1468/3552/571 522/3553/571 1476/3554/572 1477/3555/573 1478/3556/574 1479/3557/575 1480/3558/576 1481/3559/571 1482/3560/571 1483/3561/576 1484/3562/576 1485/3563/571 1486/3564/571 1487/3565/571 1488/3566/577 1489/3567/577 

v 57.8215 65.566 -58.0169
vt 60.3468 -0.0257825
v 57.8196 65.566 -58.0177
vt 60.3492 -0.0257796
v 57.7841 65.5745 -58.0332
vt 60.3928 -0.0173764
vt 60.372 -0.02003
vt 60.338 -0.0243517
vt 60.3345 -0.0247979
vt 60.3288 0.00219674
vt 60.3299 -0.0121696
vt 60.3309 -0.0252629
vt 60.3347 -0.0257977
f 1490/3568/427 1491/3569/427 1492/3570/427 1427/3571/427 1428/3572/427 1429/3573/427 1470/3574/427 1469/3575/427 1468/3576/427 1475/3577/427 

vt -61.4629 22.2846
vn -0.0640383 -0.980366 0.1865
vt -61.4606 22.2847
vt -61.4644 22.2881
vt -61.4674 22.2887
f 1491/3578/578 1490/3579/578 1489/3580/577 1488/3581/577 

vt 60.4399 -0.00939882
vn 0.362003 -0.202607 -0.909892
vt 60.3034 0.309313
v 57.8683 65.8519 -58.0464
vt 60.3072 0.258275
vt 60.3242 0.0164744
vt 60.3254 0.00997362
vt 60.3265 0.00405448
vt 60.326 0.00148332
vt 60.3317 -0.0255115
vt 60.3352 -0.0250653
vt 60.3691 -0.0207443
vt 60.39 -0.0180912
v 57.7778 65.5754 -58.0358
vt 60.3976 -0.0171201
v 57.7717 65.5768 -58.0385
vt 60.4052 -0.0157337
v 57.7539 65.5808 -58.0463
vt 60.4271 -0.0117386
f 1246/3582/579 1247/3583/579 1493/3584/579 1473/3585/579 1472/3586/579 1471/3587/579 1470/3588/579 1429/3589/579 1428/3590/579 1427/3591/579 1492/3592/579 1494/3593/579 1495/3594/579 1496/3595/579 

v 57.7761 65.578 -58.0657
vt -60.2263 -0.0891636
v 57.8065 65.5732 -58.0796
vt -60.1885 -0.0939655
v 57.811 65.595 -58.0778
vt -60.1847 -0.072222
v 57.8114 65.5968 -58.0777
vt -60.1844 -0.0704599
v 57.8132 65.6055 -58.077
vt -60.1828 -0.0618368
v 57.8134 65.6065 -58.0769
vt -60.1827 -0.0608481
v 57.8659 65.8619 -58.056
vt -60.1376 0.193592
f 1247/3058/513 1246/3057/513 1497/3596/513 1498/3597/513 1499/3598/513 1500/3599/513 1501/3600/513 1502/3601/513 1503/3602/513 

vt -60.1166 -0.103125
v 57.8691 65.564 -58.1081
vt -60.1111 -0.103132
v 57.9222 66.0018 -58.0564
vt -60.0791 0.333023
vt -60.0817 0.348065
f 1343/3603/513 1504/3604/513 1505/3605/513 1258/3606/513 1247/3058/513 1503/3602/513 1502/3601/513 1501/3600/513 1500/3599/513 1499/3598/513 1498/3597/513 

vt 59.9318 25.9881
f 1343/3251/537 1335/3243/537 1504/3607/537

v 57.7759 65.5637 -57.8746
vt -24.9799 -6.32431
vt -24.6964 -6.32398
vt -24.7284 -5.88782
vt -24.7329 -5.87719
vt -24.8048 -6.27887
vt -24.8053 -6.28549
vt -24.8057 -6.29152
v 57.8375 65.5941 -58.0161
vt -24.8059 -6.29397
v 57.8328 65.5666 -58.016
vt -24.8079 -6.32143
vt -24.8116 -6.32098
vt -24.8117 -6.32198
vt -24.8154 -6.3205
v 57.8289 65.5676 -58.0057
vt -24.8204 -6.3204
vt -24.8214 -6.32022
v 57.8261 65.5693 -57.998
vt -24.8296 -6.31871
v 57.7875 65.585 -57.8947
vt -24.9539 -6.3031
v 57.7824 65.5668 -57.8894
vt -24.9616 -6.32117
v 57.7767 65.5693 -57.8742
vt -24.9798 -6.31875
f 1506/3608/538 1504/3609/538 1505/3610/538 1474/3611/538 1473/3612/538 1472/3613/538 1471/3614/538 1507/3615/538 1508/3616/538 1429/3617/538 1475/3618/538 1430/3619/538 1509/3620/538 1482/3621/538 1510/3622/538 1511/3623/538 1512/3624/538 1513/3625/538 

vt 25.2043 60.0568
vn -0.142784 -0.988079 -0.0575489
v 57.7614 65.5669 -57.8804
vt 25.2044 60.0748
v 57.626 65.5971 -57.9343
vt 25.205 60.2418
vn -0.144098 -0.987893 -0.0574713
v 57.7641 65.5783 -58.0331
vt 25.0436 60.1373
vn -0.141203 -0.98848 -0.0544954
v 57.7677 65.5774 -58.0357
vt 25.0393 60.1345
vt 25.0347 60.1315
vn -0.139429 -0.988786 -0.0534927
v 57.8117 65.5718 -58.0671
vt 24.9879 60.1013
vt 24.9209 60.0579
f 1506/3626/580 1514/3627/580 1515/3628/581 1516/3629/582 1517/3630/580 1495/3631/583 1518/3632/583 1504/3633/583 

vt -60.5011 4.42856
vn -0.370164 0.0014143 0.928966
vt -60.3368 4.39898
v 57.7563 65.5919 -57.8824
vt -60.343 4.42349
vt -60.3764 4.42841
v 57.7257 65.5969 -57.8946
vt -60.3801 4.42842
v 57.7246 65.5969 -57.8951
vt -60.3814 4.42842
vt -60.3842 4.42842
f 1515/3634/584 1514/3635/584 1519/3636/584 1480/3637/584 1520/3638/584 1521/3639/584 1483/3640/584 

v 57.7553 65.5969 -57.8828
vt -60.3442 4.42837
vn -0.370164 0.00141433 0.928966
f 1522/3641/585 1480/3637/585 1519/3636/585

vn -0.370163 0.0014145 0.928966
vt -60.4834 4.44146
vt -60.4762 4.44054
v 57.6513 65.6085 -57.9243
vt -60.4704 4.4398
vt -60.3815 4.42841
vt -60.3801 4.42841
v 57.7223 65.7585 -57.8962
vt -60.3843 4.5868
vt -60.3841 4.91288
vt -60.3363 4.91893
f 973/2438/586 972/2437/586 1432/3642/586 1431/3643/586 1523/3644/586 1483/3640/586 1521/3645/586 1520/3646/586 1480/3637/586 1522/3641/586 1524/3647/586 1171/3648/586 1273/3649/586 970/2432/586 

vt 25.2413 4.95892
vt 24.9401 4.90472
vt 24.9407 4.40099
vt 24.9675 4.40437
vt 24.981 4.40608
vt 25.1193 4.42355
vt 25.2428 4.43916
vt 25.3026 4.44992
vt 25.3029 4.9667
f 1066/3650/228 973/3651/228 972/3652/228 1433/3653/228 1434/3654/228 1435/3655/228 1484/3656/228 1479/3657/228 1279/3658/228 

vt 60.1419 25.6312
vt 60.3391 25.8343
vt 60.347 25.8344
f 1066/2638/428 977/3659/428 970/3660/428 973/3661/428 

f 1066/2638/428 974/3109/428 977/3659/428

vt 24.7284 60.193
vt 24.7397 60.2213
vt 24.7407 60.2238
vt 24.5298 60.741
f 1269/3662/524 1268/3663/401 974/3664/401 1066/3665/401 1279/3126/525 

f 723/1632/228 1066/3650/228 1279/3658/228 1479/3657/228 726/1633/228 

vt 59.6723 49.2874
vt 59.8333 26.1053
v 57.9518 66.1329 -57.774
vt 59.9314 25.8649
vn 0.0574077 0.987507 -0.146747
vt 60.1841 49.291
f 724/3666/428 1090/3667/428 1525/3668/587 1066/2638/587 723/3669/428 

f 730/1641/198 1088/2700/198 1091/2703/198 1090/2702/198 724/1638/198 731/1642/198 

vt -59.6625 50.6936
vt -60.1743 50.6972
vt -60.3451 26.1107
f 730/3670/443 726/3671/443 1479/3672/443 1092/2706/443 1088/2705/443 

vt 60.3427 -45.3489
vn 0.0539388 -0.988907 -0.138394
vt 60.3528 -46.755
vt 60.3535 -46.8453
vt 60.8653 -46.8416
vt 60.8545 -45.3452
f 724/3673/588 731/3674/588 730/3675/588 726/3676/588 723/3677/588 

vt 60.683 -43.3724
vn 0.109524 -0.954328 -0.277963
vt 60.1712 -43.3742
vt 60.2664 -69.583
f 726/3678/589 730/3679/589 729/3680/589

vt 60.7782 -69.5812
f 729/3680/589 727/3681/589 726/3678/589

vt -60.4916 25.6422
vn -0.342026 -0.38253 0.858306
vt -60.4923 25.1304
vt -59.9805 25.1297
vt -59.9798 25.6415
f 725/3682/590 727/3683/590 729/3684/590 728/3685/590 

vt -84.9018 8.84785
vt -60.6855 4.49375
vt -60.6852 5.01052
vt -83.4272 9.10255
v 37.8486 70.1202 -49.1705
vt -84.8128 8.86321
f 1415/3686/242 1414/3474/242 1092/3473/242 1479/3687/242 1279/3688/242 636/3689/242 1526/3690/242 

vt -24.9022 4.38505
vt -25.0343 4.38521
v 57.7321 65.5973 -57.8729
vt -25.0415 4.38522
vt -25.0362 4.35543
vt -0.307819 8.80487
vt -1.78242 9.05957
f 1088/2735/448 1092/2734/448 1414/3691/448 1437/3692/448 1527/3693/448 509/3694/448 508/3695/448 533/3696/448 1091/2732/448 

vt -24.921 4.40369
vt -24.9267 4.40297
v 57.7608 65.6113 -57.8063
vt -24.9598 4.39893
vt -24.977 4.39662
v 57.7319 65.6005 -57.8734
vt -25.0421 4.38839
f 1414/3691/448 1092/2734/448 1093/3697/448 1094/3698/448 1528/3699/448 1478/3700/448 1529/3701/448 1527/3693/448 1437/3692/448 

vt -25.0702 4.86935
vt -25.07 4.54327
f 1115/2733/448 1171/3702/448 1524/3703/448 1529/3701/448 1478/3700/448 1528/3699/448 1094/3698/448 1093/3697/448 1092/2734/448 

v 57.8508 66.0774 -57.8453
vt -60.2285 4.89952
vn -0.370163 0.00141452 0.928966
vt -60.3842 4.91288
v 57.7807 65.5969 -57.8727
vt -60.3133 4.42833
f 1530/3704/591 1273/3649/591 1171/3705/591 1524/3647/591 1522/3641/591 1531/3706/591 

vt -24.5534 60.3163
v 57.9193 66.0772 -58.0172
vt -24.3448 60.3148
vn 0.16822 0.98338 0.0683119
vn 0.15335 0.985846 0.0677575
f 1530/3707/405 1532/3708/592 1273/3115/593

vt -24.9792 -5.8125
vt -24.9798 -6.29126
vt -24.9511 -6.29651
vt -24.7761 -5.88763
vt -24.7706 -5.81276
f 1530/3709/538 1531/3710/538 1451/3711/538 1452/3712/538 1532/3713/538 

vt -24.8623 -6.26827
vn 0.909342 -0.202275 0.363567
vt -24.8619 -6.26224
vt -24.8614 -6.25562
v 57.9021 65.9754 -58.017
vt -24.8345 -5.89086
vt -24.8326 -5.86438
vt -25.0077 -6.27323
vt -24.8862 -6.29546
vt -24.878 -6.29697
vt -24.8769 -6.29715
vt -24.872 -6.29725
vt -24.8682 -6.29773
vt -24.8634 -6.27058
f 1471/3714/594 1472/3715/594 1473/3716/594 1533/3717/594 1452/3718/594 1451/3719/594 1510/3720/594 1482/3721/594 1509/3722/594 1430/3723/594 1429/3724/594 1470/3725/594 

vt 25.1775 -5.96043
vt 25.1848 -6.00153
vt 25.1737 -6.01147
vt 25.155 -6.25315
vt 25.1283 -5.88838
vt 25.156 -6.2658
vt 25.1555 -6.25977
v 57.84 65.6093 -58.0161
vt 25.23 -6.25696
vt 25.4036 -6.26253
vt 25.2001 -5.78706
vt 25.2202 -5.78438
vt 25.1904 -5.78449
f 1247/3726/563 1503/3727/563 1493/3728/563 1473/3729/563 1533/3730/564 1448/3486/564 1447/3485/563 1471/3731/563 1472/3732/563 1534/3729/563 1501/3733/563 1035/3734/563 1020/3735/563 1024/3736/563 1253/3737/563 

vt 60.1034 0.145861
vn 0.369022 -0.205996 -0.906305
vt 60.055 0.259301
vt 60.0531 0.254896
vt 60.1237 -0.147008
vt 60.107 0.0948176
f 1247/3738/595 1258/3739/595 1474/3740/595 1473/3741/595 1493/3742/595 

vt -60.085 0.366411
vt -60.0924 0.408656
f 1247/3058/513 1258/3606/513 1310/3743/513 1311/3744/513 1238/3060/513 1248/3059/513 

vt 25.1564 -5.84136
f 1253/3737/565 1248/3745/564 1247/3726/563

vt 25.0514 -5.78723
vt 25.0854 -5.73037
v 57.8971 66.0804 -58.07
vt 25.0805 -5.72974
vn 0.90021 -0.201481 -0.38604
v 57.9058 66.0803 -58.0499
vt 25.0557 -5.72977
v 57.9068 66.0798 -58.0473
vt 25.0525 -5.73035
vt 25.0407 -5.72978
vt 25.0352 -5.72979
v 57.9135 66.08 -58.0314
vt 25.0331 -5.73012
v 57.914 66.0798 -58.0302
vt 25.0317 -5.73034
vt 25.0302 -5.72988
v 57.9228 66.0798 -58.0102
vt 25.0071 -5.73031
vt 24.8104 -6.18989
vt 25.0138 -5.85
vt 25.0233 -5.83425
f 1248/3746/564 1253/3747/565 1535/3748/596 1536/3749/596 1537/3750/596 1270/3751/596 1277/3752/596 1538/3753/596 1539/3754/596 1287/3755/596 1540/3756/596 1442/3757/565 1448/3758/564 1533/3759/564 

vt -29.1441 57.9999
vn 0.162686 0.983488 0.0792771
vt -29.1657 58.0073
vt -29.1753 58.0107
v 57.8865 66.0833 -58.0065
vt -29.1841 58.0137
vt -29.2039 58.0206
vt -29.373 58.0793
vt -29.157 57.9851
vt -29.1474 57.9961
vn 0.180316 0.980795 0.074344
vt -29.1464 57.9972
vt -29.1455 57.9983
f 1277/3760/597 1282/3761/597 1284/3762/597 1541/3763/597 1169/3764/597 1273/3765/593 1532/3766/592 1287/3767/598 1539/3768/597 1538/3769/597 

vt 60.5109 -23.3917
vt 60.2652 -23.4484
vt 60.2843 -23.4402
vt 60.2929 -23.4365
vt 60.3007 -23.4331
vt 60.3186 -23.4255
vt 60.4769 -23.3576
vt 60.3118 -23.4267
vt 60.2924 -23.4348
vt 60.2839 -23.4384
vt 60.2589 -23.4511
v 57.7027 66.0807 -57.9426
vt 60.5113 -23.4493
f 1171/3770/473 1271/3771/519 1276/3772/519 1275/3773/519 1274/3774/519 1170/3775/519 1273/3776/519 1169/3777/473 1541/3778/473 1284/3779/473 1282/3133/473 1277/3135/522 1272/3780/520 1542/3781/473 

vt 60.3354 9.30747
vt 60.0829 9.30715
v 57.9127 66.0792 -58.0328
vt 60.0776 9.30601
vt 60.3076 8.82554
vt 60.3358 8.98652
f 1542/3782/458 1272/3783/458 1543/3784/458 1452/3495/458 1451/3494/458 1522/3785/458 1524/3786/458 

vt 60.336 8.82915
vt 60.1678 8.79545
vt 60.1693 8.79545
vt 60.2766 8.79558
vt 60.3023 8.79567
vt 60.336 8.79566
vt 60.336 8.82593
f 1529/3787/458 1522/3785/458 1451/3494/458 1450/3493/458 520/3788/458 519/3789/458 1512/3790/458 1514/3791/458 509/3792/458 1527/3793/458 

f 1529/3787/458 1524/3786/458 1522/3785/458

vt 25.0527 -6.27773
v 57.8996 65.5883 -57.8696
vt 24.9768 -6.27406
v 57.8904 65.5852 -57.8899
vt 25.0019 -6.2771
vt 25.0276 -6.27993
vt 25.0516 -6.28356
vt 25.0495 -6.29558
v 57.8367 65.5667 -58.007
vt 25.1471 -6.29553
v 57.8362 65.5665 -58.0082
vt 25.1486 -6.29572
v 57.8352 65.5667 -58.0105
vt 25.1514 -6.29553
vt 25.1529 -6.29572
vt 25.1539 -6.28262
vt 25.1549 -6.26826
f 1446/3484/563 1449/3794/563 1544/3795/563 1545/3796/563 1477/3797/563 1450/3798/563 520/3799/563 1546/3800/563 1547/3801/563 1548/3802/563 1468/3803/563 1469/3804/563 1470/3805/563 

v 57.8717 65.5671 -57.9259
vt 25.0475 -6.29521
v 57.9001 65.5884 -57.8685
vt 24.9754 -6.27399
vt 24.9155 -6.2711
v 57.9134 65.5873 -57.8373
vt 24.9371 -6.27504
f 1549/3806/563 520/3799/563 1450/3798/563 1477/3797/563 1545/3796/563 1544/3795/563 1550/3807/563 1440/3808/563 1551/3809/563 

v 57.9179 65.5663 -57.8184
vt -23.8185 60.4423
vn -0.142366 -0.988096 0.0583028
vt -23.816 60.5818
vt -23.871 60.5272
vt -23.8733 60.5248
vt -23.9463 60.4523
vt -23.9516 60.4456
vt -23.9524 60.4447
vt -23.9504 60.4447
f 1552/3810/599 511/3811/599 510/3812/562 516/3813/562 517/3814/599 518/3815/562 520/3816/562 1549/3817/599 

vt -60.1734 4.3984
f 1552/3818/242 1440/3471/242 515/3477/242 512/3476/242 511/3475/242 

vt 24.9156 -6.29601
f 1552/3819/563 1549/3806/563 1551/3809/563 1440/3808/563 

vt -60.4252 -23.3687
vn 0.0601701 -0.987979 0.142395
vt -60.367 -23.3142
vt -60.4795 -23.3134
f 510/3820/600 512/3821/600 511/3822/600

vt -60.4947 -23.4097
vn 0.0600241 -0.987998 0.142324
vt -60.4689 -23.4099
vt -60.3616 -23.4107
vt -60.3677 -23.4045
vt -60.4398 -23.3311
vt -60.5283 -23.4094
f 1514/3823/601 1512/3824/601 519/3825/601 517/3826/601 516/3827/601 509/3828/601 

v 57.9507 65.5729 -57.9288
vt -58.4732 28.9142
vn -0.0626608 -0.988134 0.140235
vt -58.5159 28.984
vn -0.0620018 -0.988343 0.139043
vt -58.5356 28.9671
vt -58.4887 28.8816
f 1553/3829/602 1545/3830/603 1477/3831/573 1476/3832/572 

vt -59.6891 26.4437
vt -59.7998 26.5787
vt -59.8237 26.5554
vn -0.060037 -0.988478 0.138952
vt -59.7255 26.4096
vt -59.6798 26.3418
v 57.9523 65.5728 -57.9298
vt -59.6786 26.34
vn -0.0593896 -0.988192 0.141242
vt -59.6531 26.3036
vt -59.6532 26.3022
vn -0.0596306 -0.988267 0.140616
vt -59.6096 26.3468
v 57.9511 65.5838 -57.8715
vt -59.6544 26.4021
f 1095/3833/444 1094/3834/444 1528/3835/604 1545/3836/603 1553/3837/602 1554/3838/605 485/3839/605 486/3840/606 1103/3841/445 1555/3842/605 

vt -59.8579 27.2082
vt -59.6628 26.9147
vn -0.0568694 -0.987864 0.144533
vt -59.6388 26.9379
vn -0.0598715 -0.988341 0.13999
f 1479/3843/575 1528/3844/607 1094/3845/608

vt -61.2988 23.7849
vt -61.0991 23.4901
vt -61.0874 23.5029
f 1479/3846/575 1478/3847/574 1528/3848/607

vt -59.3048 27.7091
vt -59.2161 27.5561
vt -59.1969 27.5734
vt -59.2922 27.721
f 1478/3849/574 1477/3850/573 1545/3851/603 1528/3852/604 

vt -59.4123 26.6584
vt -59.4499 26.7049
vt -59.4938 26.6605
f 1104/3853/446 1103/3854/445 486/3855/606

vt 60.1473 -0.0257699
v 58.0511 65.5724 -57.9266
vt 60.0686 -0.0194236
v 58.0515 65.5709 -57.9262
vt 60.068 -0.0209259
vt 60.0658 -0.0261339
f 486/3856/427 1462/3528/427 1556/3857/427 1557/3858/427 1104/3859/427 

v 58.0283 65.5692 -57.981
vt -24.9827 14.9877
vt -24.998 14.9884
vt -25.0286 14.9845
vt -25.0287 14.9865
vt -25.1781 14.9838
vt -25.1849 14.9837
vt -25.1873 14.9836
vt -25.1863 14.9826
vt -25.1851 14.9826
vt -25.1841 14.9826
v 57.9601 65.5642 -58.1416
vt -25.1794 14.9827
vt -25.1782 14.9826
vt -25.1317 14.9825
vt -25.0882 14.9825
vt -24.8634 14.9822
v 58.0696 65.5723 -57.8837
vt -24.8634 14.9908
v 58.0675 65.587 -57.8828
vt -24.8634 15.0055
v 58.0605 65.5871 -57.8989
vt -24.8832 15.0055
vt -24.9239 15.0092
vt -24.9224 15.0056
vt -24.9217 15.004
vt -25.0004 15.0019
v 58.0228 65.5698 -57.9935
v 58.0299 65.5726 -57.9758
vt -24.9765 14.9911
v 58.0343 65.5726 -57.9658
vt -24.9642 14.991
vt -24.9161 14.9909
vt -24.8653 14.9905
vt -24.9018 14.9857
vt -24.9133 14.9842
vt -24.9155 14.9894
v 58.0292 65.5697 -57.9787
vt -24.9798 14.9882
v 58.0283 65.5692 -57.981
vt -24.9974 14.985
v 58.023 65.5688 -57.9934
vt -24.9978 14.9873
f 1558/3860/441 1158/3861/441 488/3862/441 1049/3863/441 1045/3864/441 1376/3865/441 1384/3866/441 1378/3867/441 1367/3868/441 1377/3869/441 1559/3870/441 1046/3871/441 1138/3872/441 1137/3873/441 1136/3874/441 1560/3875/441 1561/3876/441 1562/3877/441 1084/2685/441 1465/3878/441 1464/3879/441 1463/3880/441 1159/3881/441 1563/3861/441 1564/3882/441 1565/3883/441 1556/3884/441 1106/3885/441 1105/3886/441 1104/3887/441 1557/3888/441 1566/3889/441 1567/3860/441 524/3890/441 1568/3891/441 

vt 24.7221 15.0107
f 488/2614/189 487/3892/189 1055/2621/189 1054/2620/189 1053/2619/189 1052/2618/189 1051/2617/189 1050/2616/189 1049/2615/189 

vt 60.0079 8.79525
f 487/3538/458 1055/2850/458 1162/2849/458 1161/2848/458 1160/2847/458 1159/2846/458 1158/2845/458 523/3893/458 

vt 24.7585 15.0153
vt 24.7017 15.3358
f 1466/3894/189 1086/3895/189 1055/2621/189 487/3892/189 

vt 24.7152 15.52
vt 24.7022 15.3427
v 57.9544 65.5826 -57.8794
vt 24.848 15.0267
vt 24.8577 15.028
vt 24.8716 15.0305
vt 24.9144 15.0383
vt 24.9165 15.0387
vt 24.9275 15.0407
vt 24.9275 15.1003
vt 24.9207 15.0624
vt 24.7242 15.522
v 57.9309 66.0797 -58.0308
vt 24.6992 15.522
f 1082/3896/189 1085/3897/189 1086/3895/189 1466/3894/189 1569/3898/189 1555/3899/189 1098/3900/189 1099/3901/189 1112/3902/189 1113/3903/189 1443/3904/189 1442/3905/189 1540/3906/189 1570/3907/189 

v 57.9318 66.0797 -58.0329
vt 24.6966 15.522
vt 24.6846 15.522
f 1570/3907/189 1571/3908/189 1289/3909/189 1047/2611/189 1086/3895/189 1085/3897/189 1082/3896/189 

vt 25.3226 -58.1234
vn -0.143418 0.987914 -0.0587993
vt 25.3213 -58.1266
v 57.9459 66.0816 -58.044
vt 25.3129 -58.1351
vn -0.144385 0.987782 -0.0586474
vt 25.3103 -58.1377
vt 25.3026 -58.1455
vn -0.137657 0.98924 -0.0495434
vt 25.3184 -58.1454
vt 25.3304 -58.1452
vt 25.333 -58.1452
vt 25.358 -58.1449
vt 25.3249 -58.1229
vt 25.3232 -58.1218
f 1123/3910/609 1122/3911/454 1572/3912/610 1458/3913/610 1056/3914/611 1289/3915/609 1571/3916/609 1570/3917/609 1540/3918/609 1072/3919/609 397/3920/609 

vt 24.9241 -58.2649
vt 24.9326 -58.2565
vt 24.8848 -58.267
vt 24.9138 -58.2753
vt 24.9216 -58.2675
f 1572/3921/610 1122/3922/454 1121/3923/453 1056/3924/611 1458/3925/610 

v 57.9422 66.079 -58.0587
vt 16.5661 -61.5415
vn -0.124166 0.991766 -0.0313391
vt 16.5695 -61.542
vt 16.5419 -61.5299
v 57.9438 66.0797 -58.0632
vt 16.5608 -61.5409
v 57.9434 66.0795 -58.0621
vt 16.562 -61.541
f 1573/3926/612 1056/3927/611 1121/3928/453 1574/3929/612 1575/3930/612 

v 57.9275 66.0777 -58.0457
vt -53.4465 36.5472
vn 0.179667 0.950731 0.252646
v 57.9313 66.0771 -58.0475
vt -53.4419 36.5462
vn 0.0876728 0.98196 0.167535
v 57.9396 66.0781 -58.0561
vt -53.4286 36.5489
vt -53.4246 36.5498
v 58.0833 66.0953 -58.2065
vt -53.1983 36.5963
vn 0.099689 0.979262 0.176374
vt -53.3987 36.5571
vt -53.4201 36.5529
vt -53.4211 36.5522
vn 0.131159 0.969504 0.207026
v 57.9383 66.0789 -58.0568
vt -53.4294 36.5506
vn 0.110309 0.989527 0.0931005
v 57.9282 66.0778 -58.0464
vt -53.4454 36.5474
f 1576/3931/613 1577/3932/614 1578/3933/614 1573/3934/614 1579/3935/615 1121/3936/613 1574/3937/613 1575/3938/616 1580/3939/617 1581/3940/613 

vt -64.9655 -3.77259
v 57.9392 66.0777 -58.0507
vt -64.9568 -3.76836
vn -0.00445584 0.996713 0.0808885
vt -64.9528 -3.76353
vn 0.0287811 0.993369 0.111309
vt -64.9375 -3.74496
vt -64.8043 -3.58324
vt -64.954 -3.75918
vt -64.9567 -3.76226
f 1577/3941/614 1582/3942/618 1059/3943/619 1174/3944/619 1579/3945/615 1573/3946/614 1578/3947/614 

vt -59.8576 26
vt -59.8796 25.9903
vt -59.8772 25.9877
vn 0.111611 0.976357 0.18512
vt -59.8593 25.9959
vt -59.666 26.0849
f 1174/3948/619 1059/3949/619 1058/3950/620 1175/3951/620 1579/3952/615 

vt -53.5528 36.6468
vt -53.5434 36.6449
vn 0.16109 0.960198 0.228189
vt -53.3268 36.7011
vt -53.5336 36.6515
f 1058/3953/620 1032/3954/621 1579/3955/615 1175/3956/620 

vt 7.52808 -63.3359
vn -0.120077 0.992683 -0.0127523
vt 7.52576 -63.3315
vn -0.02929 0.997467 0.0648226
vt 7.34503 -63.2071
f 1032/3957/622 1176/3958/623 1579/3959/623

vt -60.0413 0.408592
vt -60.0462 0.407973
vt -59.8459 -0.0745641
v 58.1173 66.0774 -58.1274
vt -59.8453 0.408347
f 1176/3960/513 1032/3961/513 472/3297/513 467/3296/513 1139/3962/513 1583/3963/513 

vt 24.4155 15.2408
vt 24.4165 15.2353
vt 24.6623 15.5193
v 57.9477 66.0797 -58.0729
vt 24.6481 15.5219
v 58.0241 66.0794 -58.2649
vt 24.4151 15.5216
f 1180/3964/189 1179/3965/189 474/1129/189 467/1123/189 472/1128/189 1033/3966/189 1584/3967/189 1585/3968/189 

vt 25.1079 4.85661
vt 25.1934 4.38133
f 1180/2959/488 1181/2958/488 1193/2956/488 1583/3969/488 1139/3970/488 474/2946/488 1179/2960/488 

vt 60.2325 4.90208
vt 60.1826 4.91105
vt 60.1826 4.88616
vt 60.1827 4.62565
f 1585/3971/179 1182/3972/179 1181/3973/179 1180/3974/179 

vt 24.8398 -58.2412
vt 25.0728 -58.2396
vt 24.8757 -58.1532
vt 24.8645 -58.1647
vt 24.8394 -58.1905
f 1585/3975/191 1584/3976/191 1121/2754/191 1579/3977/191 1193/3978/191 1182/3979/191 

vt -60.396 -23.0317
vt -60.389 -23.0319
vt -60.3894 -23.0175
f 1034/3980/418 1033/3981/418 1584/3982/418 1121/2914/418 1178/2926/418 1011/2547/418 1018/2571/418 

vt -58.2116 29.5131
vn 0.0825154 0.983518 0.160885
vt -58.191 29.5202
vt -58.1887 29.5249
vn 0.0722836 0.98585 0.151244
v 57.9338 66.0797 -58.0587
vt -58.224 29.5137
vn 0.0619433 0.99808 -0.000442739
vt -58.2204 29.5095
vt -58.2125 29.5122
f 1574/3983/624 1121/3984/624 1178/3985/625 1586/3986/626 1580/3987/617 1575/3988/616 

vt -59.8873 25.9986
vt -59.8528 26.0118
vt -59.8263 26.0767
vt -59.8985 26.0034
f 1586/3989/626 1178/3990/625 1011/3991/508 1313/3992/508 

vt -59.6649 26.2407
f 1242/3993/508 1011/3991/508 1178/3990/508 1579/3952/508 

f 396/1001/171 1192/3202/171 1242/3205/171 1011/3196/171 

vt -64.7275 7.73972
vt -64.7276 7.73798
vt -64.7248 7.7377
vn 0.014858 0.992195 0.123809
vt -64.6766 7.82864
vt -64.5688 8.0319
f 1241/3994/511 1240/3995/511 1313/3996/627 1011/3997/627 1242/3998/512 

v 57.9351 66.0819 -58.0468
vt -25.5157 -58.0708
vn -0.108629 0.990147 0.0883666
v 57.9281 66.0811 -58.0536
vt -25.5259 -58.075
vt -25.5188 -58.0721
f 1587/3999/628 396/1001/172 1011/3196/171 1313/3201/171 1588/4000/171 1065/4001/171 

v 57.9211 66.0777 -58.0289
vt -53.9776 -35.193
vn -0.075505 0.990549 0.114503
vt -53.9741 -35.1952
vt -53.9727 -35.1757
vt -53.9725 -35.1736
vt -53.9262 -34.571
vt -53.9755 -35.1671
vt -53.9766 -35.1766
f 1589/4002/629 1293/4003/529 1290/4004/529 1291/4005/529 396/4006/172 1587/4007/628 1283/4008/629 

vt 58.5903 28.8046
vt 58.5936 28.8127
vn 0.0501647 0.987094 -0.152084
vt 58.8328 29.3888
vt 58.5864 28.8152
vt 58.5816 28.8041
vt 58.5848 28.8043
f 1586/4009/626 1588/4010/630 1066/4011/430 1065/4012/429 1056/4013/429 1580/4014/617 

vt 63.532 14.9493
vt 63.5343 14.9527
vt 63.5349 14.9546
vt 63.5377 14.9586
vt 63.8877 15.4661
vt 63.5253 14.9584
vt 63.5203 14.9513
vt 63.5298 14.9497
vn 0.0358468 0.985209 -0.167568
f 1261/4015/518 1267/4016/518 1240/4017/518 1266/4018/518 1066/4019/430 1588/4020/630 1586/4021/626 1262/4022/631 

vt -24.2887 60.3144
vt -24.0416 60.3127
f 1019/2575/405 1018/2574/405 1034/4023/405 1362/4024/405 

vt -25.5694 -58.0933
vt -25.7982 -58.0917
f 1022/4025/171 1018/3197/171 1019/3204/171 1314/3203/171 1296/4026/171 

f 1022/2578/418 1021/2577/532 1018/2571/534

vt 60.358 4.91697
vn 0.370162 -0.00142518 -0.928966
vt 60.5086 4.93753
vt 60.479 4.94437
vt 60.3541 4.92189
vt 60.358 4.9214
f 1318/4027/632 1016/4028/632 1017/4029/632 1019/4030/632 1314/4031/632 

vt 60.5018 4.44902
vn 0.370163 -0.00141485 -0.928966
vt 60.5091 4.44997
vt 60.5085 4.93775
vt 60.3579 4.91719
vt 60.3594 4.43078
f 1358/4032/633 1013/4033/633 1016/4034/633 1318/4035/633 1317/4036/633 

v 57.8128 65.5922 -58.3485
vt 60.4783 4.42444
vt 60.5092 4.42999
vt 60.3594 4.42429
f 1590/4037/633 988/4038/633 1013/4033/633 1358/4032/633 1317/4036/633 1203/4039/633 

vt 60.8948 4.49938
vt 60.8719 4.49737
v 57.4959 65.6645 -58.4749
vt 60.863 4.4953
v 57.7331 65.6269 -58.3803
vt 60.5751 4.45842
v 57.7352 65.6266 -58.3795
vt 60.5725 4.45808
f 988/4038/633 987/4040/633 948/4041/633 1591/4042/633 1592/4043/633 1593/4044/633 1013/4033/633 

vt 60.8962 4.49963
vt 60.896 4.99064
f 1016/4034/633 1013/4033/633 1593/4044/633 1592/4043/633 1591/4042/633 948/4041/633 987/4040/633 947/4045/633 953/4046/633 

vt 24.6047 4.87316
vn -0.928966 0.00141456 -0.370163
vt 24.473 4.4033
vt 24.6044 4.38669
f 958/4047/634 1015/2565/634 1016/2569/634 1013/2568/634 1357/4048/634 955/4049/634 

vt 60.896 4.99042
vn 0.370744 0.00515272 -0.928721
vt 60.5086 4.9444
f 953/4050/635 1017/4029/635 1015/4051/632 1016/4028/632 

vt 60.8647 5.2996
vn 0.37131 0.0117303 -0.928435
vt 60.4481 5.22464
vt 60.865 5.27069
f 952/4052/636 1017/4053/635 953/4054/635

v 57.9191 66.0805 -58.0605
vt -24.2994 60.333
v 57.9204 66.0803 -58.0611
vt -24.2983 60.3319
vt -24.2952 60.3332
f 952/2451/405 981/2450/405 980/2449/405 979/2448/405 1594/4055/405 1595/4056/405 1260/4057/405 1018/2574/405 1017/2573/405 

vt -59.783 26.183
vt -59.6633 26.4766
vt -59.5018 49.7193
vt -60.0136 49.7228
vt -60.1738 26.6605
vt -60.0365 26.3236
vt -59.9466 26.1031
f 1009/4058/507 944/4059/508 889/4060/508 938/4061/508 952/4062/508 981/4063/508 980/4064/507 

f 1009/4058/507 1242/3993/512 944/4059/508

vt -49.9409 8.80489
vn -0.918623 0.00141432 0.395133
vt -25.7681 4.45549
vt -48.4663 9.0596
f 941/4065/637 947/4066/637 953/2409/637 952/2408/637 938/4067/637 

vn 0.370164 -0.00141485 -0.928966
vn 0.370729 0.00294891 -0.928736
vt 60.8959 4.99064
vn 0.371006 0.00515402 -0.928616
f 947/4045/638 982/2483/639 953/4068/640

vt 60.8509 5.29979
vn 0.371009 0.0051308 -0.928615
vt 60.8512 5.27088
vt 85.0169 9.12821
f 952/4069/641 953/4070/640 982/4071/639

vt 83.5868 9.10148
vn 0.37017 -0.00146128 -0.928963
vt 60.8954 5.01856
vt 85.0614 8.84678
f 665/4072/642 952/4073/641 982/4074/639

vt -60.7833 24.8261
vn 0.0606201 0.987861 0.143026
vt -60.6446 24.8868
vt -60.7899 25.2203
vn 0.0591882 0.987738 0.144467
vt -60.7834 24.8338
vt -60.7834 24.8301
f 1229/4075/643 981/4076/643 952/4077/644 951/4078/644 1230/4079/644 

f 1233/3035/507 980/4064/507 981/4063/643 1229/3036/643 

vt 25.0014 60.2615
vt 24.9963 60.4385
vt 24.9923 60.4385
vt 24.8108 60.2517
v 57.8325 66.092 -58.0791
vt 24.7984 60.2389
vn 0.144528 0.987909 -0.0560957
vt 24.7997 60.175
vn 0.145594 0.987867 -0.0540579
f 957/4080/401 1230/4081/401 1229/4082/401 1233/4083/401 1596/4084/645 1023/4085/646 

vt 25.0002 60.4385
f 1230/4081/401 951/4086/401 963/2428/401 968/2427/401 969/2431/646 1596/4084/645 1233/4083/401 1229/4082/401 

f 963/2422/234 951/2416/234 950/2415/234 964/2423/234 

vt 19.3966 62.1432
vt 19.3835 62.2656
vt 19.3571 62.1945
vn 0.148785 0.987707 -0.0479425
vt 19.3695 62.0765
vt 19.3992 62.0793
vt 19.4034 62.0797
f 1596/4087/645 969/4088/646 976/4089/647 1253/4090/647 1024/4091/647 1023/4092/646 

vt 15.4776 85.9309
vt 18.3346 62.5022
vn 0.123213 0.987024 -0.10297
vt 18.3599 62.5738
f 636/4093/402 976/4094/648 969/4095/403

vt 68.7606 54.1201
vt 55.4658 34.5895
vn 0.119789 0.986632 -0.11049
vt 55.4834 34.6064
f 636/4096/402 975/4097/649 976/4098/648

vt 24.8549 60.1887
vn 0.14228 0.98798 -0.0604395
vt 24.855 60.1775
vt 24.8733 60.2231
vt 24.4839 83.846
vt 24.6013 60.7392
vt 24.6451 60.6951
f 977/4099/650 974/4100/650 975/4101/649 636/4102/402 1279/4103/650 1066/4104/650 

v 57.7069 66.0774 -58.1553
vt -60.6761 -23.0299
f 1597/4105/418 1020/2576/418 1024/2582/418 1023/2581/418 957/2580/418 958/2579/418 

vt -60.4826 8.75323
vt -60.2791 9.22871
vt -60.5031 9.22899
v 57.7342 65.5974 -58.2253
vt -60.5037 8.7508
v 57.736 65.5977 -58.2246
vt -60.5016 8.7511
v 57.7374 65.5974 -58.224
vt -60.4998 8.75078
f 1035/4106/481 1020/4107/481 1597/4108/481 1598/4109/481 1599/4110/481 1600/4111/481 

vt 25.4273 -6.26503
vt 25.4273 -6.26343
v 57.8124 66.0807 -58.2666
vt 25.4267 -5.78356
vt 25.2244 -5.78382
vt 25.4043 -6.26408
vt 25.4048 -6.26529
v 57.746 65.5972 -58.2296
vt 25.418 -6.26514
v 57.7453 65.5977 -58.2314
vt 25.4202 -6.26474
f 961/4112/563 960/4113/563 1601/4114/563 1023/4115/563 1024/3736/563 1020/3735/563 1035/3734/563 1036/4116/563 1037/4117/563 1602/4118/563 1603/4119/563 

vt 60.0828 4.90212
f 1601/4120/234 960/2419/234 955/2413/234 958/2418/234 957/2417/234 

vt 24.7012 4.8558
vn -0.928966 0.00141465 -0.370164
vt 24.6045 4.38669
v 57.736 65.5981 -58.2297
vt 24.6112 4.38583
vt 24.6165 4.38516
f 1597/4121/651 958/4047/651 955/4122/651 1604/4123/651 1598/4124/651 

vt 25.002 60.1764
f 1601/4125/401 957/4080/401 1023/4085/401

v 57.9184 66.0805 -58.0585
vt -24.3018 60.3329
v 57.9194 66.0803 -58.0585
vt -24.3014 60.3319
f 1594/4055/405 979/2448/405 1605/4126/405 1606/4127/405 1595/4056/405 

vt -24.2957 60.3145
vt -24.2953 60.3264
f 1263/4128/405 1034/4023/405 1018/2574/405 1260/4057/405 1595/4056/405 1262/4129/405 

vt -24.7215 -5.81282
vt -24.7302 -5.86216
f 1034/3282/538 1263/4130/538 1264/4131/538 1505/3610/538 1359/3272/538 1363/3283/538 

v 57.9222 66.0018 -58.0564
vt -24.6842 -6.32245
f 1505/3610/538 1264/4131/538 1474/3611/538 1607/3610/538 1504/3609/538 1334/4132/538 1331/3275/538 1360/3274/538 1038/3273/538 1359/3272/538 

vt -60.0599 0.399112
vt -60.0772 0.358684
v 57.9373 65.8182 -58.0941
vt -60.0467 0.150076
f 1372/3298/513 472/3297/513 1048/4133/513 1264/4134/513 1505/3605/513 1608/4135/513 1373/3299/513 

vt 60.2559 0.418988
vt 60.2532 0.434016
f 1474/4136/427 1264/4137/427 1048/2625/427 1047/2624/427 1454/3535/427 

vt 24.6688 15.5219
vt 24.669 15.5208
vt 24.6749 15.52
f 1289/3909/189 1056/4138/189 1060/4139/189 1582/4140/189 1048/2612/189 1047/2611/189 

vt 60.0566 9.30712
vt 60.0493 9.30653
vt 60.0672 9.28478
v 57.928 66.0772 -58.0391
vt 60.059 9.30396
v 57.9209 66.0783 -58.0362
vt 60.0676 9.30511
f 1283/4141/458 1289/4142/458 1047/2851/458 1454/3540/458 1455/4143/458 1609/4144/458 1610/4145/458 

vt -22.5351 60.6589
vn 0.182458 0.981052 0.0651573
vt -22.5408 60.6654
vn 0.184893 0.979943 0.074338
vt -22.5473 60.6731
vn 0.189236 0.979238 0.0726865
vt -22.5515 60.6595
vn 0.190189 0.97944 0.0672681
f 1609/4146/652 1610/4147/653 1277/4148/654 1293/4149/655 

vt -27.1233 58.6933
vn 0.181946 0.980334 0.0764234
v 57.9218 66.0787 -58.0392
vt -27.1361 58.6995
v 57.9209 66.0784 -58.0381
vt -27.1377 58.6998
vn 0.187312 0.978744 0.0835185
vt -27.1466 58.7061
vt -27.1396 58.6989
vt -27.1334 58.6929
f 1577/4150/656 1611/4151/656 1612/4152/657 1277/4153/654 1610/4154/653 1609/4155/657 

v 57.9259 66.0782 -58.0473
vt -24.4191 59.9907
vn 0.134722 0.990456 0.0291182
v 57.9219 66.079 -58.043
vt -24.4253 59.9932
vn 0.17657 0.981843 0.0693289
vt -24.4293 59.9917
vt -24.4167 59.9849
vt -24.4044 59.9848
v 57.927 66.0783 -58.0486
vt -24.4174 59.99
f 1613/4156/658 1614/4157/659 1611/4158/656 1577/4159/656 1263/4160/658 1615/4161/658 

vt 7.03683 64.874
v 57.9245 66.0786 -58.0487
vt 7.02826 64.8875
vn 0.0925949 0.995643 -0.0110168
vt 7.02657 64.8861
vt 7.02776 64.8846
f 1263/4162/658 1616/4163/660 1613/4164/658 1615/4165/658 

vt -22.2045 60.6149
vt -22.1944 60.6144
vt -22.19 60.628
vt -22.1916 60.6266
vn 0.197916 0.977761 0.0693765
vt -22.1926 60.6257
vt -22.1937 60.6247
f 1532/4166/592 1293/4167/655 1277/4168/654 1538/4169/661 1539/4170/661 1287/4171/598 

vt 19.7538 61.84
vn 0.160397 0.985633 -0.0529249
vt 19.748 61.8451
vt 19.7452 61.8475
vt 19.7425 61.8499
vt 19.7356 61.8558
vt 19.5729 61.9967
vt 19.5234 62.0396
vt 19.5094 62.0517
vn 0.103674 0.991343 -0.0805654
vt 19.7258 61.8374
vn 0.0841718 0.992311 -0.0907394
vt 19.7488 61.8396
vt 19.7504 61.8397
vt 19.7517 61.8398
f 1277/4172/662 1278/4173/523 1281/4174/523 1280/4175/523 1168/4176/523 1172/4177/523 1117/4178/662 1118/4179/663 1540/4180/664 1287/4181/662 1539/4182/662 1538/4183/662 

v 57.9098 66.0818 -58.0212
vt 59.2846 -25.1451
vn -0.0840456 0.980137 -0.179634
vt 59.2868 -25.1455
vt 59.2934 -25.1393
vt 59.2463 -25.1458
v 57.9345 66.0806 -58.0378
vt 59.2514 -25.1503
f 1617/4184/665 1280/4185/665 1168/4186/477 1167/4187/477 1618/4188/665 

vt 60.6701 -22.7355
vt 60.4749 -22.7988
vt 60.427 -22.919
vt 60.6246 -22.7825
f 1117/4189/452 1116/4190/451 1173/4191/479 1172/4192/478 

vt 59.7864 -24.4118
vt 59.7995 -24.4032
vt 59.8503 -24.2842
vt 59.7485 -24.3145
f 500/4193/480 1173/4194/479 1116/4195/451 499/4196/450 

vt 64.9577 5.19161
vt 65.0734 5.47333
v 57.9241 66.0803 -58.0072
vt 64.9559 5.19493
vn 0.0751131 0.992708 -0.0942851
f 1540/4197/664 1118/4198/663 1619/4199/666

v 57.9244 66.0828 -57.9752
vt 24.6502 60.1882
vt 24.6835 60.1742
vt 24.4896 60.2558
v 57.9252 66.0921 -57.8574
vt 24.5275 60.2399
f 1620/4200/401 1619/4201/666 1118/3127/663 1445/4202/401 1621/4203/401 

v 57.992 66.08 -57.8497
vt 24.4902 60.1729
f 1622/4204/401 1619/4201/401 1620/4200/401 1621/4203/401 1445/4202/401 

vt 24.9149 -5.7842
vt 25.112 -5.78446
vt 25.1083 -5.78396
f 1622/4205/563 1442/3487/563 1540/4206/563 1619/4207/563 

vt -60.0828 4.90212
f 1622/4208/242 1445/3481/242 1444/3480/242 1443/3479/242 1442/3478/242 

vt 25.1177 -58.2149
vt 25.1167 -58.216
vt 25.1847 -58.2223
vt 25.3075 -58.1706
vt 25.3453 -58.1547
vt 25.351 -58.1604
vt 25.2588 -58.0758
f 502/1169/191 501/1168/191 1062/4209/191 1073/4210/191 1620/4211/191 1621/4212/191 1445/4213/191 1444/4214/191 497/1171/191 503/1170/191 1068/4215/191 

vt 25.1514 -58.2363
vt 25.1488 -58.239
v 57.8563 66.08 -57.8431
vt 25.3516 -58.2376
f 1621/4212/191 1620/4211/191 1619/4216/191 1540/4217/191 1623/4218/191 1444/4214/191 

vt 24.9269 15.5223
f 1623/4219/189 1540/3906/189 1442/3905/189 1443/3904/189 

vt -60.2325 4.90208
vt -60.1577 4.48677
vt -60.1565 4.91575
f 1623/4220/184 1443/4221/184 1444/4222/184

vt -60.1472 4.42815
f 497/1162/184 1444/4222/184 1443/4221/184 1113/4223/184 494/1158/184 491/1155/184 

vt 60.5454 24.3911
vt 60.448 24.3295
vt 60.5122 24.2652
vn 0.0566724 0.987021 -0.150257
vt 60.5769 24.321
v 57.9479 66.1218 -57.8306
vt 60.5721 24.3318
f 1525/4224/587 503/4225/587 1068/4226/667 1067/4227/667 1624/4228/667 

vt 59.8355 25.8009
f 503/4229/587 1525/3668/587 1090/3667/428

vt 60.4458 24.2079
f 1069/4230/667 1068/4226/667 503/4225/667

vt 60.9656 24.6564
f 1066/4231/587 1525/4224/587 1624/4228/667 1067/4227/667 

v 57.9222 66.0018 -58.0564
vt -60.0087 -0.10326
vt -60.0109 -0.0734567
vt -60.0111 -0.0714865
f 1505/3605/513 1264/4134/513 1258/3606/513 1625/3605/513 1504/3604/513 1396/4232/513 1408/4233/513 1039/4234/513 1040/3300/513 1373/3299/513 1608/4135/513 

f 1504/3607/537 1395/3366/537 1397/3368/537 1396/3367/537 

v 57.7019 65.6071 -58.2624
vt 60.0346 26.2269
vn -0.0620516 -0.987979 -0.141585
v 57.6764 65.6139 -58.2868
vt 60.0498 26.2642
vt 60.0512 26.2675
vn -0.0626834 -0.987892 -0.141914
vt 59.949 26.3363
vt 59.9472 26.3344
vt 59.9027 26.2886
vt 59.9158 26.2755
vt 60.0094 26.1817
f 1626/4235/668 1627/4236/668 984/4237/669 1592/4238/669 1593/4239/668 1013/4240/668 1357/4241/668 955/4242/668 956/3266/668 

vt 60.169 26.1827
f 967/3265/537 966/4243/537 1627/4236/537 1626/4235/537 956/3266/537 

f 965/2424/234 950/2415/234 956/2414/234 967/2426/234 966/2425/234 

vt -25.3884 4.38709
f 946/2411/506 965/4244/506 950/3029/506 954/2412/506 

vt 60.0159 26.8905
vt 60.0063 26.8901
vt 60.0001 26.8834
vn -0.0633152 -0.987805 -0.142243
vt 59.7991 26.674
vt 59.9017 26.6058
vt 60.0282 26.5217
vt 60.0235 26.8909
f 949/4245/396 948/4246/399 1591/4247/670 1592/4248/669 984/4249/669 965/4250/670 946/4251/396 

vt 59.5324 26.8197
vt 59.8194 26.6286
vn -0.0632425 -0.98779 -0.142375
vt 60.0205 26.8378
vt 60.0267 26.8445
f 943/4252/398 1592/4253/671 1591/4254/671 948/4255/399 

v 57.6689 65.5774 -58.0198
vt -25.1961 4.36567
vn -0.918623 0.00141497 0.395132
v 57.67 65.5948 -58.0172
vt -25.1931 4.3828
vt -25.2076 4.38543
vt -25.2139 4.38544
vt -25.2206 4.38545
vt -25.3447 4.40174
vt -25.3556 4.40317
vt -25.3574 4.40342
vt -25.3883 4.40747
vt -25.3884 4.38706
vt -25.3805 4.38563
vt -25.3716 4.38562
v 57.6603 65.5975 -58.0397
vt -25.2206 4.36258
f 1628/4256/672 1629/4257/672 1250/4258/672 1249/4259/672 1231/4260/672 1216/4261/672 1217/4262/672 995/4263/672 950/4264/672 965/4265/672 1417/4266/672 1418/4267/672 1630/4260/672 1485/4268/672 

vt -60.1897 -0.100489
vt -60.2677 -0.0862379
vt -60.3578 -0.072424
vt -60.3578 -0.0898295
vt -60.3578 -0.102824
f 1423/4269/513 1422/4270/513 1225/3054/513 1226/3053/513 1629/4271/513 1628/4272/513 1344/4273/513 1343/3603/513 1498/3597/513 

vt -24.8085 60.2543
vn -0.142395 -0.987979 0.0601701
v 57.7264 65.5835 -58.0577
vt -24.8227 60.2683
v 57.676 65.5914 -58.079
vt -24.867 60.3119
vt -24.833 60.346
vt -24.8264 60.346
vt -24.8283 60.3508
v 57.6603 65.5975 -58.0397
vt -24.984 60.347
vt -24.9844 60.3383
vt -24.861 60.2113
vt -24.855 60.2051
vt -24.826 60.1752
vt -24.8115 60.1751
f 1422/4274/673 1631/4275/673 1632/4276/673 1231/4277/673 1249/4278/673 1419/4279/673 1633/4277/673 1418/4280/673 1355/4281/673 1354/4282/673 1348/4283/673 1349/4284/673 1423/4285/673 

v 57.675 65.5741 -58.0765
vt 60.5252 -0.0176967
vt 60.5251 -0.00053236
vt 60.4635 -0.0083831
vt 60.4436 -0.0109063
v 57.7365 65.5662 -58.0507
vt 60.45 -0.0256536
vt 60.4655 -0.0256341
vt 60.4783 -0.0239339
v 57.71 65.5684 -58.0616
vt 60.4822 -0.0234104
f 1634/4286/427 1632/4287/427 1631/4288/427 1422/4289/427 1635/4290/427 1346/4291/427 1347/4292/427 1636/4293/427 

vt 24.8161 4.36237
vt 24.7683 4.37921
vt 24.7714 4.36232
v 57.6664 65.5708 -58.055
vt 24.7974 4.35902
f 1485/4294/228 1231/3077/228 1632/4295/228 1634/4296/228 1637/4297/228 

vt -25.1985 4.35274
vn -0.918623 0.00141778 0.395133
vt -25.1962 4.36552
vt -25.2206 4.36243
vt -25.2206 4.3853
vt -25.3716 4.38547
vt -25.3805 4.38548
f 1344/4298/674 1628/4299/674 1485/4300/674 1231/4301/674 1418/4302/674 1417/4303/674 

vt 24.9407 4.38622
vt 24.8227 4.38608
f 1485/4294/228 1484/3656/228 1435/3655/228 1434/3654/228 1433/3653/228 972/3652/228 1227/4304/228 1419/4305/228 1231/3077/228 

vt -24.9626 60.2911
vn -0.141976 -0.987992 0.0609438
vt -24.9609 60.4247
vt -25.0589 60.3254
vt -25.0601 60.2687
vn -0.147872 -0.987831 0.0482119
vt -25.0648 60.0456
vt -25.0649 60.0362
vt -25.0634 60.0362
vt -24.9658 60.0361
vt -24.9658 60.0375
vt -24.9645 60.143
vt -24.9641 60.1711
vt -24.9637 60.2069
f 1436/4306/675 1435/4307/675 1434/4308/675 1523/4309/676 1482/4310/676 1547/4311/676 1546/4312/675 520/4313/675 519/4314/675 1439/4315/675 1438/4316/675 1437/4317/675 

vt -13.961 63.4607
vt -13.9173 63.6795
vt -13.9206 63.6844
vt -13.9659 63.4573
vt -13.967 63.4522
vn -0.15374 -0.987475 0.0354685
vt -13.9655 63.4519
vt -13.9627 63.4514
f 1482/4318/676 1523/4319/676 1431/4320/561 1430/4321/561 1468/4322/677 1548/4323/677 1547/4324/676 

vt -60.5011 4.42857
vn -0.370164 0.00141362 0.928965
vt -60.3842 4.42844
vt -60.4704 4.43982
vt -60.4762 4.44056
vt -60.4834 4.44148
vt -60.509 4.44477
vt -60.509 4.42999
f 1515/4325/678 1483/4326/678 1523/4327/678 1431/4328/678 1432/4329/678 972/4330/678 1227/4331/678 

vn -0.370164 0.00141468 0.928966
vt -60.509 4.42997
vt -60.509 4.44474
f 971/2436/679 1227/4332/679 972/4333/679

vt 24.835 4.38763
vt 24.8557 4.39025
f 1231/3077/228 1419/4305/228 1420/4334/228 1421/4335/228 972/3652/228 973/3651/228 1234/3079/228 1228/3078/228 

vt -24.473 60.4841
vn -0.142838 -0.987962 0.0593951
v 57.6764 65.5949 -58.0344
vt -24.4736 60.4695
vt -24.4601 60.4368
vt -24.458 60.4839
vt -24.4576 60.5123
vt -24.4724 60.4977
f 1250/4336/680 1638/4337/680 1226/4338/680 1243/4339/560 1421/4340/560 1420/4341/680 

v 57.8796 66.084 -58.058
vt 60.1272 25.5945
f 1639/4342/428 1252/3073/428 1232/3072/428 1236/3071/428 1235/3070/428 1234/3069/428 973/3661/428 970/3660/428 977/3659/428 

vt -24.8205 60.3314
f 1631/4275/673 1638/4343/673 1249/4278/673 1231/4277/673 1632/4276/673 

vt 60.1171 26.0125
vt 60.1465 26.0442
vt 60.1651 26.0256
v 57.6871 65.5691 -58.0553
vt 60.1436 26.0164
f 1636/4344/537 1634/4345/537 1637/4346/537 1640/4347/537 1344/3252/537 1356/3264/537 1355/3263/537 1354/3262/537 

vt -60.2737 25.5718
vt -60.3486 25.6163
vt -60.3487 25.5974
vt -60.3273 25.5882
v 57.7036 65.5678 -58.0556
vt -60.31 25.5808
vt -60.3057 25.5789
vt -60.2892 25.5719
f 1635/4348/443 1485/4349/443 1637/4350/443 1640/4351/443 1641/4352/443 1345/4353/443 1346/4354/443 

vt 25.2319 -6.26735
vt 25.1562 -6.26824
vt 25.1582 -6.29571
v 57.8253 65.5666 -58.0335
vt 25.1796 -6.29568
v 57.8249 65.5668 -58.0346
vt 25.1809 -6.29551
vt 25.1833 -6.29568
vt 25.1846 -6.29551
vt 25.2369 -6.29561
vt 25.2514 -6.29559
vt 25.2871 -6.28907
v 57.8011 65.5752 -58.093
vt 25.2519 -6.28705
v 57.7953 65.5781 -58.1077
vt 25.2699 -6.28417
v 57.7942 65.5786 -58.1105
vt 25.2732 -6.28375
vt 25.2899 -6.28229
vt 25.39 -6.26971
v 57.7521 65.5938 -58.2142
vt 25.3994 -6.26854
vt 25.4057 -6.26738
f 1499/4355/563 1507/4356/563 1508/4357/563 1642/4358/563 1643/4359/563 1425/4360/563 1424/4361/563 1423/4362/563 1349/4363/563 1350/4364/563 1644/4365/563 1645/4366/563 1646/4367/563 1223/4368/563 1222/4369/563 1647/4370/563 1409/4371/563 1037/4117/563 

vt 19.3397 62.2704
vn -0.121559 -0.991909 -0.0365959
vt 19.3851 62.2952
vt 19.3722 62.3058
vn -0.132931 -0.990014 -0.046931
v 57.8152 65.5771 -58.1536
vt 19.3317 62.2864
vt 19.2879 62.2655
vt 19.2466 62.2457
v 57.8827 65.5684 -58.1973
vt 19.2626 62.227
vn -0.13182 -0.990174 -0.0466748
v 57.8627 65.5707 -58.1786
vt 19.2893 62.2427
vt 19.3349 62.2677
f 1341/4372/681 1646/4373/681 1223/4374/682 1648/4375/682 1215/4376/500 1210/4377/495 1649/4378/683 1650/4379/681 1338/4380/681 

vt 20.3659 61.972
vn -0.123219 -0.991604 -0.0392264
vt 20.4465 62.0145
vt 20.4455 62.0253
vt 20.3532 61.9828
f 1646/4381/684 1256/4382/684 1224/4383/504 1223/4384/504 

vt 24.5764 60.254
vt 24.6184 60.2699
vt 24.546 60.3402
vt 24.543 60.3374
vt 24.5339 60.3288
vt 24.531 60.2368
f 1648/4385/682 1223/4386/682 1222/4387/503 1221/4388/503 1214/4389/499 1215/4390/500 

vt 17.6575 62.6785
vn -0.136947 -0.989227 -0.0517173
vt 17.7098 62.7078
vt 17.6935 62.7261
vt 17.6357 62.6967
vt 17.6256 62.6916
vn -0.117628 -0.992534 -0.0322472
v 57.9439 65.563 -58.2962
vt 17.584 62.6704
f 1386/4391/685 1649/4392/683 1210/4393/495 1213/4394/498 1389/4395/686 1651/4396/686 

vt 27.5031 58.7749
vn -0.146149 -0.987422 -0.0603144
vt 27.5679 58.8047
vn -0.14811 -0.987007 -0.0622904
vt 27.5553 58.828
vn -0.156207 -0.985155 -0.0711934
v 57.864 65.5705 -58.1781
vt 27.506 58.8099
vt 27.4775 58.7994
vt 27.4212 58.7787
f 1398/4397/687 1336/4398/688 1337/4399/689 1652/4400/689 1649/4401/683 1386/4402/685 

vt 22.8854 60.9822
vt 22.9311 61.014
vt 22.9297 61.0362
vn -0.144056 -0.987878 -0.0578388
vt 22.9005 61.0199
v 57.8028 65.5748 -58.089
vt 22.8656 61.0003
vt 22.8098 60.9691
vt 22.7474 60.9343
vt 22.8198 60.9365
f 1518/4403/583 1495/4404/583 1496/4405/690 1497/4406/690 1653/4407/690 1336/4408/688 1398/4409/687 1504/4410/583 

vt 26.5682 59.322
vn -0.152029 -0.986154 -0.0662418
vt 26.563 59.32
vt 26.576 59.2969
vt 26.6336 59.3246
vt 26.6697 59.342
vt 26.6998 59.3564
v 57.7414 65.5824 -58.0353
vt 26.7168 59.3646
v 57.7243 65.5857 -58.0351
vt 26.7247 59.3824
vt 26.7063 59.3753
vt 26.6998 59.3728
vt 26.6177 59.3411
f 1342/4411/691 1337/4412/691 1336/4413/688 1653/4414/690 1497/4415/690 1496/4416/690 1654/4417/691 1655/4418/691 1245/4419/691 1255/4420/691 1645/4421/691 

vt 25.29 -6.28853
vt 25.4177 -6.29539
vt 25.4171 -6.29412
vt 25.3003 -6.28664
f 1352/4422/563 1416/4423/563 1406/4424/563 1409/4371/563 1647/4370/563 1222/4369/563 1353/4425/563 

vt 59.6629 26.5288
f 1593/4239/537 943/4426/537 1013/4240/537

f 1320/3227/537 1013/4240/537 943/4426/537

f 1204/3226/537 1317/3270/537 1358/3269/537 1320/3227/537 

vt 60.0023 4.42968
vn -0.395133 0.00141432 -0.918623
vt 59.9726 4.42316
vt 60.0005 4.41962
f 1297/4427/692 1317/3210/692 1203/4428/692 1299/4429/692 

vt 59.9725 4.42964
vt 60.0023 4.42967
vt 60.0869 4.89963
f 1318/3211/490 1317/4430/490 1297/4431/490 1296/4432/490 1314/3206/490 

vt 60.3182 4.42489
vt 60.2285 4.89952
vt 60.3139 4.42495
vt 60.317 4.4249
f 1404/4433/633 1317/4036/633 1318/4035/633 1362/4434/633 1361/4435/633 1400/4436/633 

vt 60.2285 4.8993
f 1362/4437/632 1318/4027/632 1019/4030/632

vt 60.3172 4.40665
vt 60.3538 4.40203
vt 60.3595 4.40305
f 1361/4435/633 1387/4438/633 1209/4439/633 1202/4440/633 1203/4039/633 1404/4433/633 1400/4436/633 

vt -24.468 -6.31392
v 57.9203 65.5777 -58.2309
vt -24.5464 -6.31036
v 57.9199 65.5774 -58.2299
vt -24.5476 -6.3106
vt -24.547 -6.31206
v 57.9199 65.5735 -58.2315
vt -24.5459 -6.31453
v 57.9199 65.5698 -58.233
vt -24.5444 -6.31823
vt -24.542 -6.32377
f 1387/4441/538 1361/3280/538 1332/3279/538 1656/4442/538 1657/4443/538 1300/4444/538 1658/4445/538 1659/4446/538 1386/4447/538 

vt -25.3031 14.9827
vt -25.2943 14.9827
vt -25.2919 14.9883
vt -25.369 14.9914
vt -25.3447 14.9882
vt -25.3226 14.9853
f 1390/4448/441 1386/4449/441 1659/4450/441 1207/4451/441 1212/4452/441 1213/4453/441 

f 1387/3351/462 1386/3350/462 1389/3354/462 1388/3353/462 1209/3352/462 

f 1590/4037/633 1203/4039/633 1202/4440/633

f 1119/2752/191 1182/3979/191 1193/3978/191 1579/3977/191 1121/2754/191 1120/2753/191 

f 475/1130/189 474/1129/189 1179/3965/189

vt 25.6577 -57.9342
vn 0.141585 -0.987979 -0.0620522
vt 25.6139 -57.9345
vt 25.6027 -57.9456
vt 25.6077 -58.0754
f 1183/4454/693 474/4455/693 467/4456/693 1371/4457/693 

vt 25.6075 -58.0781
vt 25.6074 -58.0755
vt 25.6024 -57.9457
f 1370/4458/462 1371/4459/462 467/4460/462 468/2801/462 1046/2789/462 

vt -59.846 -0.103464
vt -59.8461 -0.101479
vt -59.8535 -0.0843145
f 1385/4461/513 476/4462/513 477/4463/513 1371/3295/513 1370/3294/513 1369/3293/513 

vt 24.3397 9.11117
vn 0.92046 0.0896687 -0.380411
vt 24.4989 9.13991
vn 0.920626 0.0391667 -0.388476
vt 24.3394 9.11313
f 1385/4464/694 1327/4465/695 476/4466/695

vt 25.3853 3.85734
vt 25.2308 3.84952
vn 0.918381 -0.0114865 -0.395531
vt 25.2258 3.83065
f 1327/4467/695 1186/4468/696 476/4469/695

vt -59.6667 25.9862
vt -59.8627 25.9876
f 1583/4470/508 1579/3952/623 1176/4471/623

vt 24.9276 15.0105
vt 24.9276 15.0369
v 57.9332 65.5904 -57.8294
vt 24.9093 15.0345
vt 24.7609 15.0103
f 484/4472/189 495/4473/189 1660/4474/189 1098/3900/189 1555/3899/189 1569/3898/189 485/4475/189 

vt -25.0507 15.2862
vt -25.0021 15.0116
f 1087/2690/441 1086/2689/441 1055/4476/441 1162/4477/441 

vt -25.0306 15.012
f 1162/4477/441 1055/4476/441 1054/4478/441

vt -25.0291 14.9912
vt -25.0298 15.0012
vt -25.0302 15.0059
vt -25.0304 15.0086
vt -25.1764 15.0079
vt -25.1765 15.0064
vt -25.1776 14.9917
f 1050/4479/441 1051/4480/441 1052/4481/441 1053/4482/441 1042/4483/441 1043/4484/441 1044/4485/441 

vt -25.1268 4.85915
f 1542/4486/448 1524/3703/448 1171/3702/448

f 1473/3729/563 1493/3728/563 1247/3726/563 1248/3745/564 1533/3730/564 

vt -24.7522 -5.83198
vt -24.778 -5.91411
f 1473/3612/538 1474/3611/538 1455/4487/538 1452/3712/538 1533/4488/538 

f 1479/3672/443 1093/2707/443 1092/2706/443

f 1479/3687/242 1092/3473/242 1115/3483/242 1118/3482/242 1279/3688/242 

v 75.116 61.5413 -17.4943
vt 24.5251 0.40856
vt -24.8852 18.1964
vt -24.8853 18.1474
vt -24.5154 18.0528
vt -24.5157 17.5128
v 75.0547 61.0501 -17.6353
vt 24.3517 -0.0729938
f 1661/4489/448 697/4490/448 705/4491/448 568/4492/448 569/4493/448 533/3696/448 508/3695/448 1662/4494/448 

vt -59.8772 -22.8139
vn 0.118643 0.954329 0.27419
vt -59.7691 29.7844
v 58.1331 79.7089 -57.9594
vt -59.8441 29.7723
v 58.123 79.7081 -57.9531
vt -59.8575 29.7702
vn 0.119461 0.953902 0.275317
vt -59.9347 29.7577
vt -59.9824 29.75
vt -60.0126 29.7451
v 57.9593 79.6963 -57.8506
vt -60.0727 29.7354
vt -60.0744 29.7351
vt -60.1938 29.7158
vt -60.2792 29.7019
vt -60.2811 29.7017
vt -60.389 -22.8128
f 538/4495/697 537/4496/697 1663/4497/697 1664/4498/698 591/4499/698 575/4500/698 587/4501/697 1665/4502/697 711/4503/697 700/4504/697 684/4505/697 697/4506/697 1661/4507/697 

vt -59.8879 29.9092
vn 0.120278 0.953474 0.276444
vt -59.9177 29.9034
vt -59.932 29.8908
vt -59.8843 29.8984
vt -59.807 29.9107
vt -59.8052 29.9252
f 590/4508/699 581/4509/699 575/4510/698 591/4511/698 1664/4512/698 600/4513/699 

vt -24.9195 -3.10576
v 58.1336 79.6923 -57.9158
vt -24.9079 -3.09417
vt -24.9513 -3.07769
vt -24.9649 -3.07239
vt -24.9718 -3.09284
vt -24.9465 -3.09911
f 594/4514/298 1666/4515/298 1664/4516/298 600/4517/298 589/4518/298 595/4519/298 

vt -25.0527 -3.07286
v 58.1197 79.7132 -57.9648
v 58.1473 79.7131 -57.9006
vt -24.8862 -3.07249
f 600/4517/298 596/4520/298 589/4518/298 1667/4517/298 1664/4516/298 1666/4515/298 1668/4521/298 

vt -25.1099 -3.48804
vn -0.848683 0.382342 0.365447
vt -25.1045 -3.48147
vt -24.969 -3.08174
vt -25.0499 -3.06176
f 844/4522/700 549/4523/700 589/4524/700 596/4525/700 

vt -24.9042 -3.2139
vn -0.848611 0.3822 0.365762
vt -24.904 -3.09128
vt -24.9346 -3.08374
vt -24.9373 -3.08306
vt -24.9643 -3.0764
vt -24.9896 -3.07014
vt -25.1251 -3.46985
vt -24.9075 -3.20397
f 548/4526/701 592/4527/701 593/4528/701 594/4529/701 595/4530/701 589/4531/701 549/4532/701 544/4533/701 

vt -59.9238 18.2294
f 547/1259/164 406/1023/164 410/1022/164 409/1021/164 592/4534/164 548/1260/164 

v 57.9561 79.2097 -58.03
f 407/1019/175 557/1265/175 399/1009/175 1669/1019/175 406/1018/175 547/1267/175 546/1266/175 

vt 59.9698 29.9367
v 57.9563 79.2061 -58.0207
vt 59.8177 5.03938
vt 60.2305 29.3092
vt 60.1685 29.375
f 446/1230/197 557/4535/197 407/1231/197 1670/1230/197 445/1229/197 448/1228/197 454/1227/197 505/4536/197 570/4537/197 571/4538/197 

vt 60.237 29.6925
v 57.9231 79.2205 -58.0431
vt 59.9843 29.9524
f 570/4537/197 722/4539/197 623/2258/197 1671/4540/197 557/4535/197 446/1230/197 571/4538/197 

vt 60.2439 29.2951
vt 60.2425 29.69
vt 60.2393 29.69
f 569/4541/197 709/4542/197 710/4543/197 722/4539/197 570/4537/197 

vt -24.8859 17.6504
f 568/4492/448 705/4491/448 709/4544/448 569/4493/448 

vt -25.0767 17.7214
vt -24.9829 18.1723
vt -25.0768 17.9117
f 932/4545/448 709/4544/448 705/4491/448 718/4546/448 717/4547/448 

vt -24.9639 18.1965
v 57.7696 79.6843 -57.824
vt -24.9742 18.1966
f 705/4491/448 697/4490/448 687/4548/448 1672/4549/448 718/4546/448 

vt -109.735 0.451536
v 17.6847 61.0494 -40.4977
vt -109.561 -0.0300176
f 719/1614/242 705/1555/242 697/1554/242 696/4550/242 1673/4551/242 1415/3686/242 1526/3690/242 636/3689/242 635/1613/242 

vt -25.3703 37.6289
vn -0.848763 -0.38253 0.365065
vt -25.371 37.1171
vt -24.8592 37.1164
vt -24.8585 37.6282
f 676/4552/702 675/4553/702 1673/4554/702 696/4555/702 

vt 25.282 -103.003
vn 0.273995 -0.954328 -0.119105
vt 25.7938 -103.001
vt 25.6986 -76.7926
f 1673/4556/703 675/4557/703 674/4558/703

vt 25.1868 -76.7945
f 674/4558/703 1415/4559/703 1673/4556/703

vt 25.4901 -80.4784
vn 0.136 -0.988907 -0.0597189
vt 25.5003 -81.8845
vt 25.5009 -81.9748
vt 26.0127 -81.9711
vt 26.0019 -80.4747
f 636/4560/704 1526/4561/704 1415/4562/704 674/4563/704 673/4564/704 

vt 25.6842 -74.9335
vt 25.1724 -74.9353
f 673/4565/201 663/1494/201 637/1496/201 636/4566/201 

v 57.7732 79.7137 -57.8156
vt -24.9638 18.2254
f 1674/4567/448 1672/4549/448 687/4548/448 697/4490/448 

vt 60.3355 8.7708
vt 60.3356 8.74011
f 1674/4568/208 686/1591/208 1672/4569/208

vt -59.8041 30.9003
vn 0.126457 0.952238 0.277942
vt -59.8057 30.8165
vt -59.7254 30.8987
f 1674/4570/705 697/4571/248 686/4572/248

vt 60.2627 8.73234
vt 60.3356 8.71435
f 686/1591/208 713/4573/208 718/4574/208 1672/4569/208 

vt -60.4066 -17.138
vt -60.3505 -17.088
f 718/4575/244 705/1578/244 704/1577/244 706/1576/244 713/4576/244 

vt -60.2322 17.7868
f 562/4577/229 716/2332/229 717/2337/229 932/2336/229 917/2335/229 916/2334/229 

vt 60.0847 8.26029
vn -0.365029 0.382507 -0.848789
vt 60.3374 8.26063
vt 60.3371 8.43897
vt 60.302 8.5423
vt 60.0966 8.29085
vt 60.0943 8.28872
vt 60.094 8.28763
f 628/4578/706 914/4579/706 717/4580/706 716/4581/706 715/4582/706 708/4583/706 707/4584/706 

vt -25.1372 17.7439
f 914/4585/448 932/4545/448 717/4547/448

f 722/4539/197 917/2261/197 916/2260/197 624/2259/197 623/2258/197 

vt 25.0876 -50.2822
vt 25.3249 -50.029
vn 0.285843 -0.958268 -0.00398403
vt 25.322 -50.0215
vt 25.0854 -50.2846
f 722/4586/201 623/4587/707 847/4588/312 559/1269/201 558/1268/201 561/1273/201 560/1272/201 710/4589/201 

vt -24.9094 -50.1786
vt -24.9146 -50.181
vt -24.9021 -50.1818
f 617/4590/310 847/4591/312 623/1426/707 1671/4592/225 

vt 24.5086 62.7459
vt 24.5035 62.7328
f 543/1238/183 558/1276/183 559/1275/183 556/4593/183 557/4594/183 446/1069/183 

vt 60.0737 -16.9952
vt 60.2871 -16.7614
v 57.9563 79.2061 -58.0207
vt 60.0759 -16.9928
f 542/4595/254 571/1646/254 446/1645/254 399/1644/254 407/4596/254 1675/1645/254 543/4597/254 

vt 60.0732 -16.8568
f 542/4595/254 543/4597/254 446/1645/254 407/4596/254 546/4598/254 

f 445/1068/183 543/1238/183 446/1069/183

vt 60.0727 -16.7289
vt 60.3001 -16.7281
f 614/4599/254 546/4598/254 407/4596/254 608/4600/254 

vt -24.6717 17.743
f 614/4601/198 544/1239/198 548/1246/198 547/1245/198 546/1244/198 

vt 60.3295 5.04119
f 533/4602/197 569/4541/197 570/4537/197 505/4536/197 

vt -59.8233 18.2373
vn 0.395132 -0.00141546 0.918623
v 58.2114 79.6842 -57.9282
vt -59.8311 18.2401
v 58.139 79.6843 -57.8971
vt -59.92 18.2402
vt -59.9239 18.2294
f 534/4603/708 1676/4604/708 1677/4605/708 592/4606/708 409/1021/708 

vt -59.9098 18.2684
vn 0.395132 -0.00141553 0.918623
f 1668/4607/709 1677/4605/709 1676/4604/709

vt 24.6547 62.6462
vt 24.655 62.5625
vt 24.722 62.6342
f 1668/4608/165 1676/4609/165 1663/4610/165 600/1354/165 

f 1676/4609/165 535/1353/165 536/1355/165 600/1354/165 1663/4610/165 

f 534/1218/192 409/1217/192 599/1388/192 536/1220/192 535/1219/192 

vn 0.395132 -0.0014155 0.918623
f 408/1020/710 534/4603/710 409/1021/710

vt 24.6551 62.5542
f 534/4611/165 408/1031/165 417/1030/165

f 592/1341/209 409/1340/209 599/1350/209 598/1349/209 597/1348/209 589/1334/209 595/1344/209 594/1343/209 593/1342/209 

vt 59.8238 8.73715
vt 59.9103 8.77023
f 536/4612/208 598/1410/208 597/1409/208 600/4613/208 

vt 59.8237 8.77013
f 537/4614/208 536/4612/208 600/4613/208

v 57.939 79.2399 -58.0604
vt 24.7049 -3.61966
vt 24.7274 -3.55324
vt 24.6676 -3.12693
vt 24.6652 -3.12693
f 778/1738/202 777/1737/202 1678/4615/202 844/4616/202 596/4617/202 463/4618/202 776/1732/202 781/1741/202 780/1740/202 779/1739/202 

vt -59.9841 25.5117
vn 0.36471 0.382641 0.848866
vt -60.047 25.326
vn 0.365879 0.382454 0.848446
vt -60.0501 25.3166
vt -60.0505 25.3155
vt -60.0461 25.2881
vt -60.0311 25.3065
vt -60.0091 25.3334
v 57.9531 79.3317 -58.0978
vt -59.9997 25.4022
v 57.953 79.4032 -58.1221
vt -59.989 25.4767
v 57.9528 79.4279 -58.1304
vt -59.9854 25.5024
f 830/4619/711 829/4620/712 857/4621/712 858/4622/712 615/4623/712 1678/4624/712 777/4625/711 1679/4626/711 1680/4627/711 1681/4628/711 

vt -25.1805 -3.52533
vn -0.848519 0.382259 0.365915
vt -25.142 -3.47839
vt -25.082 -3.05212
vt -25.2433 -3.33965
f 829/4629/713 844/4630/713 596/4631/300 830/4632/300 

vt -25.1382 -3.47048
vt -25.1766 -3.51741
vt -25.1734 -3.52679
vt -25.173 -3.52794
v 57.9221 79.2459 -58.0539
vt -25.1708 -3.53064
v 57.9222 79.2381 -58.0476
vt -25.1642 -3.53874
v 57.9222 79.2331 -58.0435
vt -25.1599 -3.54396
v 57.9306 79.2535 -58.0401
vt -25.1527 -3.52275
f 844/4633/200 829/4634/200 857/4635/200 858/4636/200 1682/4637/200 1683/4638/200 1684/4639/200 1685/4640/200 553/1256/200 

vt -31.9691 36.6639
vn 0.832808 0.390251 0.392601
v 57.9273 79.2242 -58.0487
vt -31.9714 36.6411
vt -31.9692 36.6391
vn 0.804174 0.396882 0.44248
vt -31.967 36.6667
vt -31.9665 36.6677
vt -31.9653 36.6847
vt -31.9201 37.1529
vn 0.832723 0.390271 0.39276
vt -31.9667 36.6884
vn 0.841699 0.387758 0.375748
f 1682/4641/714 1686/4642/714 615/4643/715 858/4644/715 857/4645/715 811/4646/715 821/4647/716 816/4648/717 

vt -24.664 37.2117
vt -24.6959 37.3062
vn 0.858685 0.382299 0.341331
vt -24.711 37.3507
vt -24.7141 37.3599
v 57.9149 79.2459 -58.0359
vt -24.6893 37.1874
v 57.9223 79.2241 -58.0361
vt -24.686 37.1647
vn 0.875337 0.390625 0.284953
vt -24.6857 37.1622
vt -24.6711 37.1621
vt -24.6707 37.1648
vt -24.6674 37.1874
f 816/4649/717 815/4650/718 814/4651/718 813/4652/718 1687/4653/718 1688/4654/719 617/4655/719 616/4656/718 1686/4657/714 1682/4658/714 

vt -24.7829 37.6731
vt -24.7195 37.3053
vt -24.6875 37.2109
vt -24.621 37.6729
f 691/4659/306 815/4660/306 816/4661/717 821/4662/716 

vt -16.8159 38.8514
vt -16.8161 38.854
vt -16.8182 38.852
vn 0.888884 0.397564 0.227657
f 617/4663/719 1688/4664/719 554/4665/720

vt -60.0086 25.3234
vn 0.367093 0.382746 0.84779
vt -60.013 25.3508
vt -60.0223 25.3234
f 615/4666/721 858/4667/721 628/4668/721

vt -25.1637 -3.55527
f 858/4636/200 628/4669/200 1684/4639/200 1683/4638/200 1682/4637/200 

vt 60.0301 8.22033
vt 60.031 8.23743
vt 60.0584 8.73132
vt 60.0191 8.25285
vn -0.365979 0.382447 -0.848406
vt 60.0164 8.22032
vn -0.366894 0.382363 -0.848049
f 628/4670/251 714/4671/251 583/4672/250 1685/4673/722 615/4674/723 

vt 60.0725 8.29117
f 550/1330/208 553/1413/208 1685/4675/722 583/1331/250 

f 596/4617/202 844/4616/202 550/1309/202 582/1313/202 

vt -60.0671 25.354
vt -60.0764 25.2852
vt -60.0699 25.2932
vt -59.9577 25.7378
vt -59.9543 25.7516
vt -59.9588 25.7381
vn 0.363541 0.382826 0.849283
vt -60.0516 25.4635
vt -60.0529 25.4542
vt -60.0565 25.4285
f 1679/4676/711 777/4677/711 739/4678/265 754/4679/265 753/4680/265 757/4681/724 830/4682/711 1681/4683/711 1680/4684/711 

vt 25.214 62.5767
vn 0.273299 0.954728 -0.117481
vt 25.213 62.5758
vt 25.0125 62.5766
vt 25.0142 62.575
vt 25.0912 62.4662
vt 25.152 62.3809
vt 25.358 62.092
vn 0.272915 0.95484 -0.117467
vt 25.2257 62.5377
vn 0.274486 0.954554 -0.116122
f 756/4685/725 841/4686/725 596/4687/725 463/4688/214 603/4689/214 602/4690/213 384/4691/726 770/4692/727 

vt 26.3549 61.6943
vt 26.1535 61.9865
vt 26.1262 61.9584
f 384/4693/726 602/4694/213 601/4695/211

f 384/969/726 601/1366/211 412/1025/165

f 411/1024/165 384/969/165 412/1025/165

vt 24.6709 62.4621
vn 0.275673 0.954376 -0.114762
vt 24.6613 62.4861
vt 24.5349 62.8031
vt 24.6721 62.3588
f 768/4696/728 769/4697/728 770/4698/727 384/4699/726 

vt 60.1138 29.3903
vt 60.1138 29.3401
f 755/4700/267 771/1718/267 770/1717/267 769/1716/267 767/1714/267 766/1712/267 747/4701/267 

v 58.1354 79.7125 -58.1537
vt 24.4386 -3.12723
f 457/1733/202 776/1732/202 463/4618/202 1689/1733/202 421/4702/202 420/1730/202 

v 58.1599 79.6711 -58.13
vt -60.0344 8.87539
v 58.18 79.6916 -58.1289
vt -60.0129 8.89683
vt -60.0699 8.91862
vt -60.0806 8.88689
vt -60.052 8.87929
vt -60.0356 8.87537
f 1690/4703/328 1691/4704/328 457/4705/328 776/4706/328 603/4707/328 840/4708/328 

v 58.1969 79.6837 -58.1195
vt -59.9917 8.89681
vn -0.341656 0.382255 0.858576
v 58.2003 79.7124 -58.1278
vt -59.9917 8.92678
vt -60.0704 8.92689
vt -60.0134 8.9051
f 1692/4709/729 1693/4710/729 457/4711/729 1691/4712/729 

vt -24.5241 18.2246
vn 0.928965 -0.00141553 0.370164
vt -24.5342 18.1964
vt -24.4488 18.1962
vt -24.4454 18.1962
f 1693/4713/730 1692/4714/730 460/4715/730 459/4716/730 

vn 0.928965 -0.00141531 0.370164
vt -24.4488 18.1963
f 413/1369/731 412/1368/731 418/1723/731 459/4716/731 460/4717/731 1692/4714/731 

vt 59.8965 29.3817
vt 59.8995 29.3849
f 459/4718/267 418/1713/267 419/1721/267 457/1719/267 458/4719/267 

vt 59.8961 29.4653
f 1693/4720/267 459/4718/267 458/4719/267 457/1719/267 

vt -60.0855 8.91014
vt -60.2197 8.9079
vt -60.2206 8.90154
vt -60.0887 8.90079
f 780/4721/297 839/4722/297 843/4723/373 779/4724/373 

vt -60.3355 8.7708
vn 0.365065 -0.38253 0.848763
vt -60.3362 8.25899
vt -59.8244 8.25832
vt -59.8237 8.77013
f 1661/4725/732 1662/4726/732 532/4727/732 538/4728/732 

vt 60.4299 -22.7175
f 532/1208/195 1662/4729/195 508/1209/195

vt 26.4105 59.9982
vt 26.6263 59.3807
vt 26.6343 59.399
f 1279/4730/525 1270/4731/524 1269/4732/524

vt -60.3455 26.0499
vt -60.2552 25.8282
vt -60.2201 25.7421
vt -60.2187 25.7421
vt -60.215 25.7421
f 1479/3672/575 1484/4733/443 1436/4734/443 1521/4735/443 1520/4736/443 1480/4737/576 

vt -60.2228 25.7422
vn -0.0581421 -0.987979 0.143235
f 1484/4733/576 1483/4738/576 1521/4735/733 1436/4734/733 

vt 23.3743 60.999
v 57.7407 65.5826 -58.0347
vt 23.2233 60.9155
vn -0.144755 -0.987799 -0.0574324
vt 23.216 60.8898
f 1515/4739/581 1694/4740/734 1516/4741/582

vt 26.2385 59.741
v 57.722 65.5863 -58.0327
vt 26.0941 59.6835
vn -0.149883 -0.986667 -0.0634232
vt 26.0838 59.6646
f 1515/4742/581 1695/4743/735 1694/4744/734

vt 25.2316 -6.26558
f 1037/4117/563 1501/3733/563 1500/4745/563

vt -59.992 3.07605
vn -0.111539 -0.954328 0.277161
vt -60.5038 3.07791
vt -60.0872 -23.1327
f 773/4746/736 903/4747/736 774/4748/736

vt -60.599 -23.1309
f 902/4749/736 774/4748/736 903/4747/736

vt 60.5037 8.40737
vn 0.34163 -0.38253 -0.858463
vt 60.503 8.91918
vt 59.9912 8.91852
vt 59.9918 8.40671
f 902/4750/737 901/4751/737 759/4752/737 774/4753/737 

vt 60.599 -23.131
vn 0.111535 0.954331 -0.277151
vt 60.4083 29.375
vt 60.0872 -23.1328
f 901/4754/738 861/4755/330 759/4756/268

vt 57.212 19.3861
vt 64.7519 -4.29792
vn 0.0385304 -0.987727 -0.151365
vt 64.7641 -4.30443
f 773/4757/552 1197/4758/739 1198/4759/553

vt 60.5047 -22.456
vn 0.0545164 -0.98803 -0.144311
vt 60.6095 -22.5197
vn 0.0524346 -0.987976 -0.145445
vt 60.6093 -22.51
vn 0.0516381 -0.987921 -0.146101
vt 60.6092 -22.5048
vt 60.604 -22.2979
vt 60.6024 -22.234
vt 59.9827 2.61348
vt 60.3676 -22.3649
vn 0.0550054 -0.987977 -0.144488
vt 60.5048 -22.4526
f 482/4760/740 1046/4761/741 1369/4762/742 1379/4763/742 1187/4764/742 1197/4765/739 773/4766/552 466/4767/743 481/4768/743 

v 58.1579 65.563 -58.0622
vt 60.4904 -22.2257
vn 0.0540274 -0.988082 -0.144133
vt 60.7299 -22.2208
vt 60.6247 -22.1576
v 58.2065 65.5902 -58.1843
vt 60.4874 -22.0751
f 1696/4769/744 1046/4770/741 482/4771/740 1697/4772/744 

vt -59.9919 8.71654
v 58.1563 65.5904 -58.0582
vt -59.9919 8.74382
vt -60.1259 8.71931
vt -60.1276 8.72895
vt -60.2314 8.71757
f 1696/4773/481 1698/4774/481 479/4775/481 480/4776/481 1046/4777/481 

vt -24.6105 4.35207
vt -24.4623 4.37873
vt -24.6153 4.37891
f 1696/4778/482 1697/4779/482 1698/4780/482

vt -24.4545 4.38014
vt -24.4545 4.40336
f 1026/2824/482 1698/4780/482 1697/4779/482 466/4781/482 392/4782/482 

vt 61.6668 -19.3975
vt 61.6636 -19.3533
vt 61.6533 -19.3441
vt 61.6579 -19.4078
vt 61.6728 -19.6143
vt 61.6731 -19.6195
vt 61.6738 -19.6291
vt 61.6836 -19.6285
vn 0.04827 -0.987852 -0.147711
vt 61.6826 -19.6194
f 1189/4783/554 1198/4784/553 1197/4785/739 1187/4786/742 1379/4787/742 1369/4788/742 1046/4789/741 1396/4790/745 1391/4791/554 

vt 55.0758 -33.8421
vn 0.0573538 -0.994024 -0.0928781
vt 55.0769 -33.833
vt 55.0733 -33.8386
f 1396/4792/746 1391/4793/746 1383/4794/746

vt 24.2107 -58.2553
vt 24.0758 -58.5541
vt 24.0797 -58.5541
f 1185/4795/487 1184/4796/486 1194/4797/541

v 57.893 65.5652 -58.1674
vt -24.6242 -6.32279
vt -24.6239 -6.32455
f 1303/3276/538 1331/3275/538 1699/4798/538 1398/4799/538 1657/4443/538 

vt -26.7947 -57.532
vt -26.7941 -57.5307
vt -26.7948 -57.5294
vn -0.156661 0.986332 0.0510523
vt -27.0851 -57.0047
vt -26.8069 -57.5356
vt -26.8046 -57.5396
vt -26.8011 -57.5467
vt -26.7922 -57.5635
f 1083/4800/440 1071/4801/433 1123/4802/747 396/4803/172 1295/4804/530 1167/4805/530 1294/4806/530 1082/4807/439 

vt -13.0502 -61.4038
vt -13.0498 -61.4017
vt -13.4482 -60.9534
vt -13.0512 -61.4026
f 1071/4808/433 397/4809/173 396/4810/172 1123/4811/747 

vt 35.2538 8.8479
vn -0.395133 0.00141415 -0.918623
vt 59.4605 4.49232
vt 59.5454 4.99708
vt 36.7284 9.1026
f 377/4812/748 393/4813/748 1008/2971/748 396/4814/748 376/4815/748 

vt 24.6349 4.64908
vt 24.6351 4.68053
vn -0.928771 -0.00417133 -0.370631
vt 24.5444 4.67954
f 962/4816/423 955/4817/749 1014/4818/424

vt -53.1521 -22.0141
v 57.952 79.1667 -58.201
vt -64.6254 -0.0696543
vn 0.0437559 -0.937257 0.345883
vt -64.6271 -0.0722637
f 772/4819/415 1700/4820/750 878/4821/415

vt -48.7437 35.6778
vn -0.208578 -0.946789 0.245123
vt -35.8563 56.8351
vt -35.8636 56.8273
vn -0.300782 -0.932066 0.201951
f 772/4822/751 877/4823/751 1700/4824/752

vt -60.1978 29.3761
vt -59.9875 4.60364
f 398/2087/217 405/2086/217 404/1775/217 877/4825/751 772/4826/751 388/1378/217 387/2088/217 

vt -60.1987 29.481
f 935/4827/217 877/4825/217 404/1775/217 797/1774/217 

vt -60.0053 -43.7883
vn 0.117112 -0.954328 0.274852
vt -60.5171 -43.7865
vt -60.1005 -69.9971
f 942/4828/753 941/4829/753 1001/4830/753

vt -60.6123 -69.9953
f 940/4831/753 1001/4830/753 941/4829/753

vt 60.3246 25.2799
vn -0.365456 -0.38253 -0.848594
vt 60.324 25.7917
vt 59.8121 25.7911
vt 59.8128 25.2793
f 940/4832/754 939/4833/754 1000/4834/754 1001/4835/754 

vt -25.7648 18.0526
v 57.4826 78.9746 -58.4892
vt -25.7654 17.5007
f 670/2172/368 671/2171/368 827/4836/368 937/2383/368 936/2382/368 1701/4837/368 638/2173/368 

vt -25.3714 18.1943
f 827/4836/368 671/2171/368 672/4838/368

vt -25.3636 18.1971
v 57.6552 79.6847 -58.0897
vt -25.2747 18.197
vt -25.2843 18.197
f 682/4839/368 672/4838/368 671/2171/368 891/2170/368 1702/4840/368 695/4841/368 

f 661/2281/287 694/2287/287 691/1831/287 681/1830/287 894/2187/287 893/2186/287 891/2185/287 671/1838/287 662/2017/287 

vt -26.3098 -50.0351
vn -0.27217 0.954324 0.123246
vt -26.4246 -50.033
vt -26.4182 -50.0936
vt -26.4158 -50.1168
vt -26.4254 -50.1167
vt -26.4275 -50.3277
f 691/4842/755 680/4843/755 892/4844/755 1702/4845/755 695/4846/240 694/4847/240 

v 57.7157 79.7136 -58.1256
vt 25.3703 37.6289
f 680/1511/235 691/2278/235 681/1512/235 1703/1511/235 678/1510/235 677/4848/235 

vt -60.2517 25.7964
vn 0.365146 0.38311 0.848467
vt -60.2426 25.7694
vt -60.137 25.7955
f 680/4849/756 681/4850/756 821/4851/756

vt 60.8834 -16.5877
vn -0.105254 0.959027 -0.263036
vt 60.7687 -16.5905
vt 60.7818 -16.6301
f 680/4852/757 821/4853/757 822/4854/757

vt 60.4143 -17.092
vn -0.114052 0.955583 -0.271758
vt 60.5132 -17.052
vt 60.5005 -17.0123
vn -0.110992 0.956819 -0.268661
vt 60.4982 -17.0146
f 789/4855/758 822/4856/758 821/4857/759 790/4858/759 

v 57.8401 79.6823 -58.261
vt 60.1537 -17.4883
v 57.8357 79.681 -58.2624
vt 60.1578 -17.4919
v 57.8298 79.6794 -58.2641
vt 60.163 -17.4966
vt 60.2631 -17.4969
vt 60.2431 -17.4454
vt 60.2401 -17.4378
f 789/2039/758 1704/4859/236 1705/4860/236 1706/4861/236 999/2491/236 824/4862/236 823/4863/236 822/4864/758 

vt -60.5033 8.86838
vn -0.341626 0.382508 0.858475
v 57.8582 79.6652 -58.2481
vt -60.4 8.87011
vt -60.2864 8.87106
vt -60.2879 8.8817
vt -60.4363 8.88491
vt -60.4508 8.88133
vt -60.4685 8.87697
f 899/4865/760 1707/4866/760 832/4867/760 833/4868/760 1706/4869/760 999/4870/760 998/4871/760 

f 823/4863/236 824/4862/236 825/2495/236 678/1515/236 680/1514/236 

vt -25.2849 18.2254
f 683/4872/368 682/4839/368 695/4841/368 1702/4840/368 

vt -25.5159 -50.4873
vt -25.5163 -50.4037
vt -25.5953 -50.487
f 695/4873/241 680/4874/241 682/4875/241

f 826/2494/236 827/2493/236 672/1516/236 678/1515/236 

vt -62.5799 -12.2322
vt -62.5968 -12.2661
vn 0.105255 -0.951182 0.290129
vt -62.5977 -12.2757
vt -64.3525 -36.4273
f 888/4876/363 1701/4877/761 936/4878/393 889/4879/364 

vt -60.7654 -17.0118
vt -60.7512 -16.9766
vt -60.7585 -16.586
f 1701/4880/761 888/4881/363 638/4882/367

v 57.8783 79.7124 -58.3387
vt 60.4056 18.2683
vn 0.370164 -0.00141544 -0.928965
f 1708/4883/762 997/2488/762 867/2487/762 865/2486/762 

vt 24.6439 -50.5573
vt 24.7292 -50.557
f 1708/4884/287 865/2031/287 868/4885/287

vt -24.4109 37.6817
vt -24.4962 37.6818
v 57.8771 79.6899 -58.3167
vt -24.4344 37.6582
f 1708/4886/327 868/4887/327 1709/4888/327

vt -24.4519 37.6408
f 1709/4888/327 868/4887/327 787/4889/327

vt -24.7398 -76.9465
vn 0.277161 -0.954328 0.111539
vt -25.2516 -76.9447
vt -24.835 -103.155
f 982/4890/763 669/4891/763 996/4892/763

vt -25.3468 -103.153
f 668/4893/763 996/4892/763 669/4891/763

vt 24.9233 37.1706
vn -0.858463 -0.38253 -0.34163
vt 24.9227 37.6824
vt 24.4109 37.6817
vt 24.4115 37.1699
f 668/4894/764 667/4895/764 863/4896/764 996/4897/764 

vt 25.371 37.1171
f 643/4898/235 644/2193/235 640/2195/235

v 57.6509 79.1281 -57.9452
vt -36.9178 -44.2436
vn 0.260091 -0.949917 0.173237
vt -36.9242 -44.2482
vt -36.9247 -44.2503
vt -36.9613 -44.4897
f 1710/4899/765 931/4900/765 658/4901/232 664/4902/231 

vt -25.0207 -50.5208
vt -25.0206 -50.5258
vt -24.8744 -50.8959
vt -24.8751 -50.6043
vt -24.8754 -50.5206
f 690/4903/238 689/4904/238 688/4905/238 687/4906/238 686/4907/238 

f 686/1558/235 706/1557/235 690/2276/235

vt -60.4396 -16.9836
f 583/1575/244 690/4908/244 706/1576/244

vt -25.1236 -50.1778
vt -24.9137 -50.1786
f 562/4909/225 624/1427/310 559/4910/310

vt -25.1115 17.7439
f 914/4911/368 652/2169/368 651/2175/368

vt -60.1607 -17.2832
vn 0.12077 -0.951735 0.282161
vt -60.1577 -17.2819
vt -60.1553 -17.2808
vt -60.1186 -17.2647
vt -60.1279 -17.2483
vt -60.1589 -17.2813
f 626/4912/766 890/4913/766 851/4914/766 885/4915/766 628/4916/766 627/4917/766 

vt 24.5458 17.7726
vn -0.92989 0.000853004 -0.367836
vt 24.4598 18.0116
vt 24.4596 17.7405
vt 24.5216 17.7635
f 646/4918/767 645/4919/767 895/4920/767 909/4921/767 

vt -60.0058 8.2474
vt -60.1104 8.16863
vt -60.1047 8.12624
vt -59.8749 8.34601
f 612/4922/371 852/4923/316 611/4924/222 604/4925/220 

vt -60.0375 8.66334
vt -60.0845 8.66751
vt -60.1686 8.56502
f 604/4926/220 613/4927/372 612/4928/371

vt -60.081 29.6987
vn -0.115502 -0.951599 0.284814
vt -60.0713 29.6737
vt -59.8334 29.0591
v 57.9723 79.2096 -58.0835
vt -60.0495 29.6647
vn -0.0380127 -0.935852 0.350338
vt -60.0615 29.6986
vt -60.0756 29.6988
f 783/4929/768 876/4930/343 388/4931/342 1711/4932/769 733/4933/768 845/4934/768 

vt -64.3457 2.70153
v 57.9775 79.208 -58.0867
vt -64.7948 3.15214
vn 0.0408217 -0.909865 0.412892
vt -64.801 3.15552
f 388/4935/342 1712/4936/770 1711/4937/769

vt -33.7327 57.8385
vt -33.5692 58.4504
vt -33.5706 58.4536
vn -0.255543 -0.95391 0.157331
f 388/4938/218 606/4939/218 1712/4940/771

vt 59.3779 -18.7687
vn -0.123337 0.954575 -0.271248
vt 59.3874 -18.8609
vt 59.435 -18.7698
v 57.9926 79.7132 -58.2447
vt 59.3847 -18.7689
f 753/4941/772 807/4942/294 765/4943/293 1713/4944/772 

vt 60.275 -22.6992
vt 60.2159 29.8098
vt 60.1303 29.9007
vn 0.113656 0.954329 -0.276293
vt 60.1303 29.8995
vt 60.1305 29.8087
vt 60.1311 29.5965
vt 60.1311 29.592
vt 60.1312 29.5565
f 759/4945/268 865/4946/332 859/4947/773 868/4948/336 867/4949/336 866/4950/335 872/4951/337 760/4952/269 

f 859/2007/327 789/2009/327 868/4887/327

vt -45.1028 -30.3237
vn 0.348469 -0.878074 0.327957
vt -45.1046 -30.3226
vt -45.1116 -30.3266
vt -45.1522 -30.35
vt -45.4043 -30.4956
vn 0.318842 -0.9215 0.221761
vt -45.1589 -30.3556
v 57.923 79.2195 -58.0493
vt -45.1097 -30.3276
f 853/4953/774 615/4954/774 622/4955/774 621/4956/774 620/4957/775 629/4958/775 1714/4959/774 

vt -24.9328 -50.2274
vt -24.9467 -50.2574
vt -24.9429 -50.2533
f 629/4960/775 620/1424/775 632/4961/225 630/4962/225 

vt 59.9222 18.2341
f 806/4963/281 805/1795/282 809/1798/167

vt 60.1174 29.4661
vt 60.198 29.4664
f 756/4964/267 757/1704/267 765/4965/267

vt -24.8847 62.6599
vt -24.8793 62.6754
vn 0.277859 0.95427 0.110285
v 58.0537 79.6991 -57.8599
vt -24.9527 62.6361
v 58.0606 79.6848 -57.7807
vt -25.0328 62.5932
v 58.0614 79.6842 -57.779
vt -25.0342 62.5916
vn 0.276766 0.954534 0.110747
vt -25.0361 62.5914
vt -25.0357 62.2681
vt -24.8892 62.6494
f 590/4966/210 580/4967/776 1715/4968/776 1716/4969/776 1717/4970/777 572/4971/777 540/4972/210 591/4973/210 

vt -24.7015 62.7993
vn 0.278951 0.954005 0.109822
vt -24.7018 62.7155
vt -24.6999 62.7157
vt -24.6984 62.7173
vt -24.6182 62.7597
vt -24.5445 62.7987
vt -24.5577 62.7988
vt -24.6227 62.799
vt -24.6838 62.7993
f 576/4974/778 572/4975/778 1717/4976/778 1716/4977/776 1715/4978/776 580/4979/776 579/4980/778 574/4981/778 577/4982/778 

v 58.0607 79.6835 -57.7774
vt -60.0695 18.2684
f 572/1295/184 541/1235/184 540/1234/184 1718/1295/184 576/4983/184 573/1294/184 

vt -24.922 18.1969
v 58.0899 79.6841 -57.8506
vt -24.8351 18.1968
f 1717/4984/198 572/1293/198 541/1241/198 545/1240/198 1719/4985/198 

vt 60.0586 25.6416
v 58.0228 79.7125 -57.8677
vt 60.0572 25.6416
vt 60.0216 25.6277
vt 59.9798 25.612
f 574/4986/199 1720/4987/199 1715/4988/199 1719/4989/199 545/1247/199 551/1251/199 

vt -60.1647 -17.0683
vt -60.0757 -17.0686
vt -60.1528 -16.9847
vt -60.1542 -16.9846
f 573/4990/244 572/4991/244 1720/4992/244 574/4993/244 

vt -60.0768 -17.3794
vt -60.2308 -16.9844
vt -60.2123 -17.0317
f 566/4994/244 572/4991/244 573/4990/244 574/4993/244 584/4995/244 1665/4996/244 

v 58.0866 79.7124 -57.8423
vt 59.9798 25.6415
f 1721/4997/199 1719/4989/199 1715/4988/199 1720/4987/199 

vt -24.8451 18.2246
f 1721/4998/198 1717/4984/198 1719/4985/198

vt -60.0754 -16.9849
vt -60.0771 -17.0651
vt -60.0757 -17.0666
f 1721/4999/244 1720/4992/244 1716/5000/244 1717/5001/244 

g Mesh7 Group6 Group1 Model

vt 23.1294 61.0066
vn -0.134708 -0.989654 -0.0493818
vt 23.1328 61.0082
v 57.7158 65.5875 -58.0327
vt 23.1352 61.0148
v 57.7181 65.5869 -58.035
vt 23.1319 61.0132
f 1655/5002/779 1695/5003/779 1722/5004/779 1723/5005/779 

g Mesh8 Group6 Group1 Model

vt -60.1729 25.5711
v 57.7003 65.5721 -58.0342
vt -60.3044 25.6049
f 1491/5006/443 1724/5007/443 1635/4348/443

g Mesh9 Group7 Group1 Model

usemtl Color_M00
v 16.8163 61.5851 -74.4035
vt -19.3729 -103.956
vn -0.320897 0.947104 0.00445291
v 17.2844 61.5838 -40.4778
vt 18.8817 -103.959
vn -0.274405 0.954328 0.118149
v 50.8349 76.7078 -54.9267
vt 3.1171 -63.1218
v 50.7595 76.7102 -60.8956
vt -3.6133 -63.1132
vn -0.277578 0.954328 -0.11049
v 16.8187 61.5862 -74.4025
vt -19.3718 -103.953
f 1725/5008/780 1726/5009/781 1727/5010/781 1728/5011/782 1729/5012/782 

v 17.282 61.5827 -40.4768
vt -65.5481 -85.9521
vn -0.223759 0.947104 0.230057
v 41.602 61.5814 -16.8187
vt -27.2935 -85.9553
vn -0.11049 0.954328 0.277578
v 55.1089 76.7054 -50.7595
vt -43.0581 -45.1178
vt -49.7885 -45.1092
vt -65.547 -85.9491
f 1730/5013/783 1731/5014/784 1732/5015/784 1727/5016/781 1726/5017/781 

v 41.601 61.5803 -16.8163
vt -84.5351 -42.7989
vn 0.00445291 0.947104 0.320897
v 75.5267 61.579 -17.2844
vt -46.2805 -42.8022
vn 0.118149 0.954328 0.274405
v 61.0778 76.703 -50.8349
vt -62.0451 -1.96465
vt -68.7755 -1.95606
vt -84.5339 -42.796
f 1733/5018/785 1734/5019/786 1735/5020/786 1732/5021/784 1731/5022/784 

v 75.5277 61.5779 -17.282
vt -65.2114 0.224232
vn 0.230057 0.947104 0.223759
v 99.1857 61.5766 -41.602
vt -26.9568 0.22097
vn 0.277578 0.954328 0.11049
v 65.245 76.7006 -55.1089
vt -42.7214 41.0585
vt -49.4518 41.0671
vt -65.2103 0.227187
f 1736/5023/787 1737/5024/788 1738/5025/788 1735/5026/786 1734/5027/786 

v 99.1882 61.5755 -41.601
vt -18.8967 17.9146
vn 0.320897 0.947104 -0.00445291
v 98.7201 61.5742 -75.5267
vt 19.3579 17.9113
vn 0.274405 0.954328 -0.118149
v 65.1696 76.6982 -61.0778
vt 3.59327 58.7489
vt -3.13713 58.7574
vt -18.8956 17.9175
f 1739/5028/789 1740/5029/790 1741/5030/790 1738/5031/788 1737/5032/788 

v 98.7225 61.5731 -75.5277
vt 27.2785 -0.0912063
vn 0.223759 0.947104 -0.230057
v 74.4025 61.5718 -99.1857
vt 65.5331 -0.0944682
vn 0.11049 0.954328 -0.277578
v 60.8956 76.6958 -65.245
vt 49.7685 40.7431
vt 43.0381 40.7517
vt 27.2796 -0.0882515
f 1742/5033/791 1743/5034/792 1744/5035/792 1741/5036/790 1740/5037/790 

v 74.4035 61.5707 -99.1882
vt 46.2654 -43.246
vn -0.00445291 0.947104 -0.320897
v 40.4778 61.5694 -98.7201
vt 84.52 -43.2493
v 54.9267 76.6934 -65.1696
vt 68.7554 -2.41175
vt 62.025 -2.40316
vt 46.2666 -43.2431
f 1745/5038/793 1746/5039/793 1747/5040/793 1744/5041/792 1743/5042/792 

v 40.4768 61.5875 -98.7225
vt 26.942 -86.264
vn -0.230057 0.947104 -0.22376
vt 65.1966 -86.2672
vt 49.4319 -45.4297
v 54.9267 76.7126 -65.1696
vt 42.7015 -45.4211
f 1748/5043/794 1729/5044/782 1728/5045/782 1749/5046/794 

