# Alias OBJ Model File
# Exported from SketchUp, (c) 2000-2012 Trimble Navigation Limited
# File units = inches

mtllib 67  Cantilever umbrella with base.mtl

g Mesh1 Group3 Group2 Group1 Ombrellone_Lateral_New_Sobrano_quadrado_3_5x3_5_1 Model

usemtl M04_Stone_Frost
v 77.7176 72.8497 -145.309
vt -3.86684 1.09457
vn 0.929322 -0.359102 0.0860597
v 77.764 73.0153 -145.348
vt -3.81436 1.28792
vn 0.995157 -0.0955871 0.0229077
v 77.764 91.3975 -81.5671
vt -82.8447 22.7389
v 77.7176 91.2318 -81.5274
vt -82.8972 22.5455
f 1/1/1 2/2/2 3/3/2 4/4/1 

v 77.7176 72.7153 -146.301
vt -2.69795 0.919642
vn 0.927675 -0.371046 0.0417578
v 77.764 72.881 -146.341
vt -2.64707 1.11342
vn 0.995032 -0.0989267 0.0111333
vt -3.87901 1.27054
vt -3.92989 1.07676
f 5/5/3 6/6/4 2/7/4 1/8/3 

v 77.7176 72.7033 -148.309
vt -0.257365 0.896231
vn 0.924615 -0.380898 0.00190189
v 77.764 72.8689 -148.349
vt -0.207984 1.0904
vn 0.994799 -0.101858 0.000508594
vt -2.70118 1.10453
vt -2.75056 0.91036
f 7/9/5 8/10/6 6/11/6 5/12/5 

vt -1.68285 0.397116
vn -1.86411e-10 -0.276935 -0.960889
v 77.6197 72.5529 -148.273
vt -1.57714 0.221085
v 77.4769 72.4281 -148.243
vt -1.42299 0.0750097
v 77.2991 72.3375 -148.221
vt -1.23092 -0.0311561
v 77.0982 72.287 -148.209
vt -1.01401 -0.0901772
v 76.888 72.2803 -148.208
vt -0.78705 -0.0980313
v 76.6829 72.3178 -148.217
vt -0.565499 -0.0541832
v 76.4967 72.3968 -148.236
vt -0.364457 0.0383789
v 76.3422 72.5121 -148.263
vt -0.197627 0.173347
v 76.2299 72.6558 -148.298
vt -0.076377 0.341523
v 76.1675 72.818 -148.336
vt -0.00897004 0.531447
v 76.1592 72.9877 -148.377
vt -1.13975e-13 0.730175
v 76.2056 73.1534 -148.417
vt -0.0500781 0.924164
v 76.3035 73.3038 -148.453
vt -0.155792 1.10019
v 76.4462 73.4285 -148.483
vt -0.309936 1.24627
v 76.6241 73.5192 -148.505
vt -0.502008 1.35244
v 76.825 73.5696 -148.517
vt -0.718916 1.41146
v 77.0351 73.5763 -148.518
vt -0.94588 1.41931
v 77.2403 73.5389 -148.509
vt -1.16743 1.37546
v 77.4265 73.4598 -148.49
vt -1.36847 1.2829
v 77.5809 73.3446 -148.463
vt -1.5353 1.14793
v 77.6932 73.2009 -148.428
vt -1.65655 0.979756
v 77.7556 73.0387 -148.389
vt -1.72396 0.789833
vt -1.73293 0.591105
f 7/13/7 9/14/7 10/15/7 11/16/7 12/17/7 13/18/7 14/19/7 15/20/7 16/21/7 17/22/7 18/23/7 19/24/7 20/25/7 21/26/7 22/27/7 23/28/7 24/29/7 25/30/7 26/31/7 27/32/7 28/33/7 29/34/7 30/35/7 8/36/7 

vt -0.299208 1.09394
vn 0.784791 -0.619753 0.00309454
vt -0.254106 1.29426
vt -2.74729 1.31032
v 77.6197 72.565 -146.265
vt -2.79239 1.11
f 9/37/8 7/38/5 5/39/5 31/40/8 

vt -2.67334 1.19189
vn 0.791761 -0.606999 0.0683122
vt -2.6209 1.39042
vt -3.85008 1.5678
v 77.6197 72.6993 -145.273
vt -3.90252 1.36927
f 31/41/9 5/42/3 1/43/3 32/44/9 

vt -3.74619 1.49055
vn 0.795553 -0.589201 0.141204
vt -3.686 1.68686
vt -81.9794 25.6885
v 77.6197 91.0815 -81.4914
vt -82.0396 25.4922
f 32/45/10 1/46/1 4/47/1 33/48/10 

vt 1.57714 -0.565601
vn 1.86411e-10 0.276935 0.960889
vt 1.68285 -0.389571
vt 1.73293 -0.195581
v 77.7556 91.5673 -81.6078
vt 1.72396 0.00314646
v 77.6932 91.7295 -81.6467
vt 1.65655 0.19307
v 77.5809 91.8731 -81.6811
vt 1.5353 0.361246
v 77.4265 91.9884 -81.7087
vt 1.36847 0.496215
v 77.2403 92.0675 -81.7277
vt 1.16743 0.588777
v 77.0351 92.1049 -81.7366
vt 0.94588 0.632625
v 76.825 92.0982 -81.735
vt 0.718916 0.624771
v 76.6241 92.0478 -81.7229
vt 0.502008 0.56575
v 76.4462 91.9571 -81.7012
vt 0.309936 0.459584
v 76.3035 91.8324 -81.6713
vt 0.155792 0.313508
v 76.2056 91.682 -81.6353
vt 0.0500781 0.137478
v 76.1592 91.5163 -81.5956
vt 1.29959e-13 -0.0565114
v 76.1675 91.3466 -81.5549
vt 0.00897004 -0.255239
v 76.2299 91.1843 -81.516
vt 0.076377 -0.445163
v 76.3422 91.0407 -81.4816
vt 0.197627 -0.613339
v 76.4967 90.9254 -81.454
vt 0.364457 -0.748308
v 76.6829 90.8464 -81.435
vt 0.565499 -0.84087
v 76.888 90.8089 -81.426
vt 0.78705 -0.884718
v 77.0982 90.8156 -81.4276
vt 1.01401 -0.876864
v 77.2991 90.866 -81.4397
vt 1.23092 -0.817843
v 77.4769 90.9567 -81.4615
vt 1.42299 -0.711677
f 33/49/11 4/50/11 3/51/11 34/52/11 35/53/11 36/54/11 37/55/11 38/56/11 39/57/11 40/58/11 41/59/11 42/60/11 43/61/11 44/62/11 45/63/11 46/64/11 47/65/11 48/66/11 49/67/11 50/68/11 51/69/11 52/70/11 53/71/11 54/72/11 

vt -3.95589 0.757881
v 77.7556 73.1851 -145.389
vt -3.90528 0.950265
vn 0.983237 0.17731 -0.0424929
vt -83.1003 21.7848
vt -83.1509 21.5924
f 2/73/2 55/74/12 34/75/12 3/76/2 

vt -2.71334 0.601889
v 77.7556 73.0507 -146.382
vt -2.66277 0.794287
vn 0.982812 0.18345 -0.0206456
vt -3.89532 0.94656
vt -3.94588 0.754162
f 6/77/4 56/78/13 55/79/13 2/80/4 

vt -0.210955 0.585111
vt -0.16044 0.77752
vn 0.982019 0.18878 -0.000942612
vt -2.65364 0.791187
vt -2.70415 0.598777
f 8/81/6 30/82/14 56/83/14 6/84/6 

vt -0.163459 0.213229
vt -0.115049 0.40886
vn 0.888836 0.458219 -0.00228797
v 77.6932 73.213 -146.42
vt -2.60824 0.423399
vt -2.65665 0.227769
f 30/85/14 29/86/15 57/87/15 56/88/14 

vt -0.118477 -0.152698
vt -0.0752361 0.0500706
vn 0.732133 0.681153 -0.00340112
v 77.5809 73.3566 -146.455
vt -2.56841 0.0670896
vt -2.61165 -0.135679
f 29/89/15 28/90/16 58/91/16 57/92/15 

vt -0.0797058 -0.46482
vt -0.0442347 -0.253182
vn 0.533925 0.845521 -0.00422184
v 77.4265 73.4719 -146.482
vt -2.53737 -0.231048
vt -2.57284 -0.442686
f 28/93/16 27/94/17 59/95/17 58/96/16 

vt -0.0514725 -0.705357
vt -0.0254785 -0.485562
vn 0.312908 0.949772 -0.00474238
v 77.2403 73.5509 -146.501
vt -2.51849 -0.452044
vt -2.54448 -0.671838
f 27/97/17 26/98/18 60/99/18 59/100/17 

vt -0.0444754 -0.877363
vt -0.0270085 -0.65219
vn 0.0816209 0.996651 -0.00497646
v 77.0351 73.5884 -146.51
vt -2.51919 -0.579703
vt -2.53666 -0.804876
f 26/101/18 25/102/19 61/103/19 60/104/18 

vt -0.152508 0.982776
vt -0.113943 0.758975
vn -0.151966 0.988373 -0.00493513
v 76.825 73.5817 -146.509
vt 2.34663 1.16119
vt 2.30807 1.385
f 25/105/19 24/106/20 62/107/20 61/108/19 

vt -0.0129379 1.06718
vt 0.00656659 0.843235
vn -0.381145 0.924504 -0.00461622
v 76.6241 73.5313 -146.497
vt 2.49923 0.896794
vt 2.47972 1.12074
f 24/109/20 23/110/21 63/111/21 62/112/20 

vt 0.0118631 1.10483
vt 0.0408113 0.887288
vn -0.596878 0.802322 -0.00400614
v 76.4462 73.4406 -146.475
vt 2.53388 0.916212
vt 2.50493 1.13375
f 23/113/21 22/114/22 64/115/22 63/116/21 

vt 0.0421337 1.10769
vt 0.080182 0.898762
vn -0.784791 0.619753 -0.00309454
v 76.3035 73.3158 -146.445
vt 2.57334 0.918951
vt 2.53529 1.12788
f 22/117/22 21/118/23 65/119/23 64/120/22 

vt 0.0805835 1.06715
vt 0.125685 0.866834
vn -0.924615 0.380898 -0.00190189
v 76.2056 73.1655 -146.409
vt 2.61887 0.882897
vt 2.57377 1.08322
f 21/121/23 20/122/24 66/123/24 65/124/23 

vt 0.125783 0.968219
vt 0.175164 0.774051
vn -0.994799 0.101858 -0.000508594
v 76.1592 72.9998 -146.369
vt 2.66836 0.78818
vt 2.61898 0.982348
f 20/125/24 19/126/25 67/127/25 66/128/24 

vt 0.175164 0.800139
vt 0.225679 0.607729
vn -0.982019 -0.18878 0.000942612
v 76.1675 72.83 -146.329
vt 2.71888 0.621396
vt 2.66836 0.813806
f 19/129/25 18/130/26 68/131/26 67/132/25 

vt 0.225694 0.568703
vt 0.274104 0.373073
vn -0.888836 -0.458219 0.00228797
v 76.2299 72.6678 -146.29
vt 2.7673 0.387613
vt 2.71889 0.583243
f 18/133/26 17/134/27 69/135/27 68/136/26 

vt 0.274261 0.296075
vt 0.317501 0.0933063
vn -0.732133 -0.681153 0.00340112
v 76.3422 72.5242 -146.255
vt 2.81068 0.110325
vt 2.76744 0.313094
f 17/137/27 16/138/28 70/139/28 69/140/27 

vt 0.318072 0.00807276
vt 0.353543 -0.203565
vn -0.533925 -0.845521 0.00422184
v 76.4967 72.4089 -146.228
vt 2.84668 -0.181431
vt 2.81121 0.0302068
f 16/141/28 15/142/29 71/143/29 70/144/28 

vt 0.355453 -0.275161
vt 0.381447 -0.494956
vn -0.312908 -0.949772 0.00474238
v 76.6829 72.3298 -146.209
vt 2.87446 -0.461437
vt 2.84846 -0.241643
f 15/145/29 14/146/30 72/147/30 71/148/29 

vt 0.390527 -0.536663
vt 0.407993 -0.761835
vn -0.0816209 -0.996651 0.00497646
v 76.888 72.2924 -146.2
vt 2.90017 -0.689348
vt 2.88271 -0.464175
f 14/149/30 13/150/31 73/151/31 72/152/30 

vt -0.253732 0.838454
vt -0.215168 1.06225
vn 0.151966 -0.988373 0.00493513
v 77.0982 72.2991 -146.201
vt -2.67574 1.46447
vt -2.71431 1.24067
f 13/153/31 12/154/32 74/155/32 73/156/31 

vt -0.362534 0.989952
vt -0.34303 1.2139
vn 0.381145 -0.924504 0.00461622
v 77.2991 72.3495 -146.214
vt -2.83569 1.26746
vt -2.85519 1.04351
f 12/157/32 11/158/33 75/159/33 74/160/32 

vt -0.356071 1.11898
vt -0.327122 1.33652
vn 0.596878 -0.802322 0.00400614
v 77.4769 72.4402 -146.235
vt -2.82019 1.36544
vt -2.84914 1.1479
f 11/161/33 10/162/34 76/163/34 75/164/33 

vt -0.333199 1.16299
vt -0.29515 1.37192
vt -2.7883 1.39211
vt -2.82635 1.18318
f 10/165/34 9/166/8 31/167/8 76/168/34 

vt -2.62705 1.41104
vn 0.60589 -0.790558 0.0889701
vt -2.57029 1.61568
vt -3.7925 1.83602
v 77.4769 72.5745 -145.243
vt -3.84926 1.63138
f 76/169/35 31/170/9 32/171/9 77/172/35 

vt -3.55995 1.94182
vn 0.610853 -0.769942 0.184519
vt -3.48415 2.1402
vt -79.9805 31.3675
vt -80.0563 31.1691
f 77/173/36 32/174/10 33/175/10 54/176/36 

v 77.2991 72.4839 -145.221
vt -3.20569 2.51731
vn 0.393174 -0.894146 0.214285
vt -3.10093 2.71015
vt -75.0576 41.8019
vt -75.1624 41.6091
f 78/177/37 77/178/36 54/179/36 53/180/37 

vt -2.52429 1.62778
vn 0.388873 -0.915512 0.103033
vt -2.45604 1.83636
vt -3.6589 2.14536
vt -3.72715 1.93679
f 75/181/38 76/182/35 77/183/35 78/184/38 

vt -2.19996 2.03086
vn 0.15551 -0.981637 0.110474
vt -2.09659 2.23048
vt -3.2188 2.76244
v 77.0982 72.4334 -145.209
vt -3.32217 2.56282
f 74/185/39 75/186/38 78/187/38 79/188/39 

vt -2.31083 3.37173
vn 0.157495 -0.960327 0.230145
vt -2.1518 3.53061
vt -60.0284 61.4636
vt -60.1874 61.3047
f 79/189/40 78/190/37 53/191/37 52/192/40 

v 76.888 72.4267 -145.207
vt 0.225223 4.08282
vn -0.0846442 -0.968974 0.232217
vt 0.450382 4.11245
vt -10.2337 85.3022
vt -10.4589 85.2726
f 80/193/41 79/194/40 52/195/40 51/196/41 

vt -0.0182784 2.96199
vn -0.0835583 -0.990252 0.111444
vt 0.200819 3.02174
vt -0.131496 4.21837
vt -0.350593 4.15861
f 73/197/42 74/198/39 79/199/39 80/200/42 

vt 2.73191 1.02499
vn -0.319621 -0.941601 0.105969
vt 2.85872 0.838098
vt 3.90416 1.50847
v 76.6829 72.4642 -145.216
vt 3.77736 1.69536
f 72/201/43 73/202/42 80/203/42 81/204/43 

vt 2.96526 2.8056
vn -0.323365 -0.920217 0.220533
vt 3.14691 2.67141
vt 51.8046 68.5377
vt 51.623 68.6718
f 81/205/44 80/206/41 51/207/41 50/208/44 

v 76.4967 72.5432 -145.235
vt 3.74515 1.59288
vn -0.54788 -0.813522 0.194963
vt 3.86291 1.40548
vt 73.1988 44.9769
vt 73.081 45.1643
f 82/209/45 81/210/44 50/211/44 49/212/45 

vt 2.84144 0.410578
vn -0.542913 -0.834521 0.0939177
vt 2.91628 0.202292
vt 4.1067 0.556217
vt 4.03185 0.764503
f 71/213/46 72/214/43 81/215/43 82/216/46 

vt 2.80751 0.352044
vn -0.740022 -0.668363 0.0752182
vt 2.86662 0.145755
vt 4.08505 0.386151
v 76.3422 72.6585 -145.263
vt 4.02594 0.59244
f 70/217/47 71/218/46 82/219/46 83/220/47 

vt 3.91583 1.05163
vn -0.74433 -0.649423 0.155636
vt 3.99856 0.853627
vt 79.5573 32.4259
vt 79.4746 32.6239
f 83/221/48 82/222/45 49/223/45 48/224/48 

v 76.2299 72.8022 -145.297
vt 3.94796 0.852583
vn -0.895416 -0.432971 0.103763
vt 4.01187 0.655349
vt 81.9148 25.8954
vt 81.8509 26.0927
f 84/225/49 83/226/48 48/227/48 47/228/49 

vt 2.76301 0.4552
vn -0.893109 -0.447018 0.0503078
vt 2.81635 0.254851
vt 4.04404 0.442223
vt 3.9907 0.642572
f 69/229/50 70/230/47 83/231/47 84/232/50 

vt 2.71666 0.623446
vn -0.982812 -0.18345 0.0206456
vt 2.76784 0.428522
vt 3.99921 0.589946
v 76.1675 72.9644 -145.336
vt 3.94803 0.784869
f 68/233/51 69/234/50 84/235/50 85/236/51 

vt 3.93626 0.844884
vn -0.983237 -0.17731 0.0424929
vt 3.9904 0.65076
vt 82.8703 22.6482
vt 82.8162 22.8424
f 85/237/52 84/238/49 47/239/49 46/240/52 

v 76.1592 73.1341 -145.377
vt 3.90067 0.967807
vn -0.995157 0.0955871 -0.0229077
vt 3.95128 0.775423
vt 83.1463 21.6099
vt 83.0957 21.8023
f 86/241/53 85/242/52 46/243/52 45/244/53 

vt 2.66832 0.814499
vn -0.995032 0.0989267 -0.0111333
vt 2.71888 0.622101
vt 3.95142 0.774374
vt 3.90086 0.966772
f 67/245/54 68/246/51 85/247/51 86/248/54 

vt 2.61612 1.00382
vn -0.927675 0.371046 -0.0417578
vt 2.667 0.81004
vt 3.89894 0.967154
v 76.2056 73.2998 -145.416
vt 3.84806 1.16093
f 66/249/55 67/250/54 86/251/54 87/252/55 

vt 3.84007 1.1932
vn -0.929322 0.359102 -0.0860597
vt 3.89255 0.999846
vt 82.9229 22.4508
vt 82.8704 22.6441
f 87/253/56 86/254/53 45/255/53 44/256/56 

v 76.3035 73.4502 -145.452
vt 3.73977 1.51147
vn -0.795553 0.589201 -0.141204
vt 3.79996 1.31516
vt 82.0933 25.3168
vt 82.0331 25.5132
f 88/257/57 87/258/56 44/259/56 43/260/57 

vt 2.55572 1.18346
vn -0.791761 0.606999 -0.0683122
vt 2.60816 0.984933
vt 3.83734 1.16231
vt 3.7849 1.36084
f 65/261/58 66/262/55 87/263/55 88/264/58 

vt 2.47579 1.36674
vn -0.60589 0.790558 -0.0889701
vt 2.53254 1.1621
vt 3.75475 1.38245
v 76.4462 73.5749 -145.482
vt 3.698 1.58709
f 64/265/59 65/266/58 88/267/58 89/268/59 

vt 3.56075 1.93972
vn -0.610853 0.769942 -0.184519
vt 3.63655 1.74134
vt 80.1329 30.9687
vt 80.0571 31.167
f 89/269/60 88/270/57 43/271/57 42/272/60 

v 76.6241 73.6656 -145.504
vt 3.19071 2.54489
vn -0.393174 0.894146 -0.214285
vt 3.29548 2.35205
vt 75.2522 41.4438
vt 75.1474 41.6366
f 90/273/61 89/274/60 42/275/60 41/276/61 

vt 2.34015 1.60055
vn -0.388873 0.915512 -0.103033
vt 2.4084 1.39197
vt 3.61126 1.70097
vt 3.54301 1.90955
f 63/277/62 64/278/59 89/279/59 90/280/62 

vt 1.97448 2.03744
vn -0.15551 0.981637 -0.110474
vt 2.07785 1.83782
vt 3.20006 2.36978
v 76.825 73.716 -145.516
vt 3.0967 2.5694
f 62/281/63 63/282/62 90/283/62 91/284/63 

vt 2.23335 3.44913
vn -0.157495 0.960327 -0.230145
vt 2.39238 3.29026
vt 60.269 61.2233
vt 60.1099 61.3821
f 91/285/64 90/286/61 41/287/61 40/288/64 

v 77.0351 73.7227 -145.518
vt -0.434629 4.11038
vn 0.0846442 0.968974 -0.232217
vt -0.20947 4.08075
vt 10.4746 85.2705
vt 10.2495 85.3002
f 92/289/65 91/290/64 40/291/64 39/292/65 

vt -0.238653 2.82263
vn 0.0835583 0.990252 -0.111444
vt -0.019556 2.76288
vt 0.312759 3.95951
vt 0.0936619 4.01926
f 61/293/66 62/294/63 91/295/63 92/296/66 

vt -2.74254 0.654044
vn 0.319621 0.941601 -0.105969
vt -2.61573 0.840933
vt -3.66117 1.5113
v 77.2403 73.6853 -145.509
vt -3.78798 1.32442
f 60/297/67 61/298/66 92/299/66 93/300/67 

vt -3.21695 2.61967
vn 0.323365 0.920217 -0.220533
vt -3.03529 2.75387
vt -51.693 68.6201
vt -51.8746 68.4859
f 93/301/68 92/302/65 39/303/65 38/304/68 

v 77.4265 73.6062 -145.49
vt -3.95346 1.26138
vn 0.54788 0.813522 -0.194963
vt -3.8357 1.44878
vt -73.1716 45.0202
vt -73.2894 44.8328
f 94/305/69 93/306/68 38/307/68 37/308/69 

vt -2.79623 -0.0216931
vn 0.542913 0.834521 -0.0939177
vt -2.72139 0.186593
vt -3.9118 0.540518
vt -3.98665 0.332232
f 59/309/70 60/310/67 93/311/67 94/312/70 

vt -2.76466 -0.104404
vn 0.740022 0.668363 -0.0752182
vt -2.70555 0.101884
vt -3.92397 0.34228
v 77.5809 73.4909 -145.462
vt -3.98308 0.135991
f 58/313/71 59/314/70 94/315/70 95/316/71 

vt -4.08045 0.657651
vn 0.74433 0.649423 -0.155636
vt -3.99772 0.855651
vt -79.5565 32.4279
vt -79.6392 32.2299
f 95/317/72 94/318/69 37/319/69 36/320/72 

v 77.6932 73.3473 -145.428
vt -4.07323 0.465956
vn 0.895416 0.432971 -0.103763
vt -4.00932 0.66319
vt -81.9123 25.9033
vt -81.9762 25.706
f 96/321/73 95/322/72 36/323/72 35/324/73 

vt -2.74168 0.0289505
vn 0.893109 0.447018 -0.0503078
vt -2.68834 0.229299
vt -3.91603 0.416671
vt -3.96937 0.216322
f 57/325/74 58/326/71 95/327/71 96/328/74 

vt -2.7262 0.284645
vt -2.67502 0.479568
vt -3.9064 0.640992
vt -3.95758 0.446069
f 56/329/13 57/330/74 96/331/74 55/332/13 

vt -4.02494 0.526901
vt -3.9708 0.721025
vt -82.8507 22.7185
vt -82.9049 22.5244
f 55/333/12 96/334/73 35/335/73 34/336/12 

g Mesh2 Group2 Group1 Ombrellone_Lateral_New_Sobrano_quadrado_3_5x3_5_1 Model

usemtl A04_Scarlet_Glow1
v 76.0934 73.3289 -148.579
vt 0.0179989 0.0936328
vn -0.872808 0.469316 -0.133974
v 75.989 73.1249 -148.521
vt 0.0225308 0.0772723
vn -0.96794 0.241534 -0.0689498
v 75.989 73.1598 -148.367
vt 0.0325114 0.0800682
v 76.0934 73.3638 -148.426
vt 0.0279794 0.0964287
f 97/337/75 98/338/76 99/339/76 100/340/75 

v 76.0934 73.2814 -148.751
vt 0.00661601 0.0901407
vn -0.871824 0.462583 -0.161059
v 75.989 73.0774 -148.693
vt 0.011288 0.0738201
vn -0.967651 0.238266 -0.0829575
vt 0.0224191 0.0776242
vt 0.017747 0.0939448
f 101/341/77 102/342/78 98/343/78 97/344/77 

v 75.989 72.6396 -148.568
vt -0.00234174 0.0398569
vn -1.50579e-10 -0.22129 -0.975208
vt -0.00234174 0.0731598
vt -0.00920736 0.0886764
f 103/345/79 102/346/79 101/347/79

v 75.9533 72.8585 -148.63
vt 6.41394e-17 0.0565083
f 102/346/79 103/345/79 104/348/79

vt 0.0157655 0.0618761
vn -1 6.46049e-10 3.81121e-15
vt 0.0199442 0.0455924
vn -0.967651 -0.238266 0.0829575
v 75.989 72.6871 -148.396
vt 0.031162 0.0491293
v 75.9533 72.906 -148.459
vt 0.0269834 0.0654129
f 104/349/80 103/350/81 105/351/81 106/352/80 

vt 0.019999 0.0426871
v 76.0934 72.4356 -148.51
vt 0.024671 0.0263665
vn -0.871824 -0.462583 0.161059
v 76.0934 72.4831 -148.338
vt 0.0358021 0.0301706
vt 0.0311301 0.0464912
f 103/353/81 107/354/82 108/355/82 105/356/81 

vt -0.00920736 0.0243402
f 103/345/79 101/347/79 107/357/79

v 76.1662 73.0518 -148.685
vt -0.0139913 0.0712099
f 107/357/79 101/347/79 109/358/79

v 76.2595 73.4565 -148.801
vt -0.020129 0.102001
f 109/358/79 101/347/79 110/359/79

vt -0.000295196 0.0971327
vn -0.71664 0.658662 -0.229328
vt 0.00547512 0.0808693
vt 0.0163811 0.0852837
v 76.2595 73.5041 -148.629
vt 0.0106108 0.101547
f 110/360/83 101/361/77 97/362/77 111/363/83 

vt 0.0115213 0.100755
vn -0.718283 0.669025 -0.190984
vt 0.0168997 0.0843565
vt 0.0267389 0.0876201
v 76.2595 73.5389 -148.476
vt 0.0213604 0.104019
f 111/364/84 97/365/75 100/366/75 112/367/84 

vt 0.00920736 0.0892882
vn 1.50579e-10 0.22129 0.975208
v 76.1662 73.1342 -148.36
vt 0.0139913 0.0718217
vt 0.020129 0.102613
f 100/368/85 113/369/85 112/370/85

v 76.1662 72.7577 -148.253
vt 0.0139913 0.043182
f 113/369/85 100/368/85 114/371/85

v 76.0934 72.518 -148.184
vt 0.00920736 0.024952
f 100/368/85 115/372/85 114/371/85

vt 0.00234174 0.0737715
f 99/373/85 115/372/85 100/368/85

v 75.989 72.722 -148.242
vt 0.00234174 0.0404686
f 99/373/85 116/374/85 115/372/85

v 75.9533 72.9409 -148.305
vt -1.51194e-16 0.0571201
f 116/374/85 99/373/85 117/375/85

vt 0.0228276 0.0816605
vt 0.0269907 0.0653728
vn -1 6.46047e-10 4.94611e-15
vt 0.0370251 0.0679666
vt 0.0328619 0.0842543
f 98/376/76 106/377/86 117/378/86 99/379/76 

vt 0.0115869 0.0781598
vt 0.0228047 0.0816966
f 102/380/78 104/349/80 106/352/80 98/381/78 

vt 0.0311539 0.0490851
vn -0.96794 -0.241534 0.0689498
vt 0.0411883 0.051679
f 106/377/86 105/382/87 116/383/87 117/378/86 

vt 0.0311611 0.0461171
vt 0.035693 0.0297566
vn -0.872808 -0.469316 0.133974
vt 0.0456736 0.0325526
vt 0.0411416 0.0489131
f 105/384/87 108/385/88 115/386/88 116/387/87 

vt 0.0360317 0.0260242
v 76.2595 72.308 -148.288
vt 0.0414101 0.00962545
vn -0.718283 -0.669025 0.190984
v 76.2595 72.3428 -148.134
vt 0.0512493 0.012889
vt 0.0458708 0.0292878
f 108/388/88 118/389/89 119/390/89 115/391/88 

vt 0.0251793 0.0227233
v 76.2595 72.2604 -148.46
vt 0.0309496 0.00645985
vn -0.71664 -0.658662 0.229328
vt 0.0418556 0.0108743
vt 0.0360852 0.0271378
f 107/392/82 120/393/90 118/394/90 108/395/82 

v 76.1662 72.6752 -148.578
vt -0.0139913 0.0425702
vt -0.020129 0.0110157
f 107/357/79 121/396/79 120/397/79

f 121/396/79 107/357/79 109/358/79

v 77.6955 72.6752 -148.578
vt -0.114536 0.0425702
f 120/397/79 121/396/79 122/398/79

v 76.476 72.126 -148.421
vt -0.0343623 0.000791519
f 120/397/79 122/398/79 123/399/79

v 76.7281 72.0415 -148.397
vt -0.0509374 -0.0056357
f 123/399/79 122/398/79 124/400/79

v 76.9987 72.0127 -148.389
vt -0.0687247 -0.0078279
f 124/400/79 122/398/79 125/401/79

v 77.2692 72.0415 -148.397
vt -0.0865119 -0.0056357
f 125/401/79 122/398/79 126/402/79

v 77.5213 72.126 -148.421
vt -0.103087 0.000791519
f 126/402/79 122/398/79 127/403/79

v 77.7378 72.2604 -148.46
vt -0.11732 0.0110157
f 127/403/79 122/398/79 128/404/79

v 77.7378 73.4565 -148.801
vt -0.11732 0.102001
f 128/404/79 122/398/79 129/405/79

v 77.6955 73.0518 -148.685
vt -0.114536 0.0712099
f 130/406/79 129/405/79 122/398/79

v 77.5213 73.5909 -148.839
vt -0.103087 0.112225
f 130/406/79 131/407/79 129/405/79

v 77.2692 73.6754 -148.864
vt -0.0865119 0.118652
f 130/406/79 132/408/79 131/407/79

v 76.9987 73.7043 -148.872
vt -0.0687247 0.120845
f 130/406/79 133/409/79 132/408/79

v 76.7281 73.6754 -148.864
vt -0.0509374 0.118652
f 130/406/79 134/410/79 133/409/79

v 76.476 73.5909 -148.839
vt -0.0343623 0.112225
f 130/406/79 135/411/79 134/410/79

f 130/406/79 110/359/79 135/411/79

f 109/358/79 110/359/79 130/406/79

vt -0.0112353 0.0986114
vn -0.510183 0.812242 -0.2828
vt -0.00345723 0.082856
vt 0.00691075 0.0884293
v 76.476 73.6385 -148.668
vt -0.00086729 0.104185
f 135/412/91 110/413/83 111/414/83 136/415/91 

vt 0.00139549 0.102909
vn -0.511966 0.826008 -0.235797
vt 0.00841146 0.0867961
vt 0.017902 0.0909753
v 76.476 73.6734 -148.514
vt 0.0108861 0.107088
f 136/416/92 111/417/84 112/418/84 137/419/92 

v 77.6955 73.1342 -148.36
vt 0.114536 0.0718217
vt 0.0343623 0.112837
f 112/370/85 138/420/85 137/421/85

f 112/370/85 113/369/85 138/420/85

v 76.1662 73.0993 -148.514
vt 0.0139913 0.0425632
vn -6.19089e-10 -0.961587 0.2745
v 77.6955 73.0993 -148.514
vt 0.114536 0.0425632
vt 0.114536 0.0529822
vt 0.0139913 0.0529822
f 139/422/93 140/423/93 138/424/93 113/425/93 

vt 0.0234014 0.0801009
vn -1 6.46045e-10 5.72163e-15
v 77.6955 72.7228 -148.406
vt 0.0304257 0.0523461
v 77.6955 72.7577 -148.253
vt 0.0404661 0.0549159
vt 0.0334418 0.0826708
f 140/426/94 141/427/94 142/428/94 138/429/94 

vt -0.114536 0.0425632
vn 6.1909e-10 0.961587 -0.2745
v 76.1662 72.7228 -148.406
vt -0.0139913 0.0425632
vt -0.0139913 0.0529822
vt -0.114536 0.0529822
f 141/430/95 143/431/95 114/432/95 142/433/95 

vt -0.0304257 0.0523461
vn 1 -6.46051e-10 -4.09256e-15
vt -0.0234014 0.0801009
vt -0.0334418 0.0826708
vt -0.0404661 0.0549159
f 143/434/96 139/435/96 113/436/96 114/437/96 

vt 0.020129 0.0116275
vt 0.114536 0.043182
f 114/371/85 119/438/85 142/439/85

f 114/371/85 115/372/85 119/438/85

v 76.476 72.2084 -148.096
vt 0.0343623 0.00140327
f 142/439/85 119/438/85 144/440/85

vt 0.0426447 0.00817447
v 76.476 72.1736 -148.249
vt 0.0496607 -0.00793873
vn -0.511966 -0.826008 0.235797
vt 0.0591513 -0.00375958
vt 0.0521353 0.0123536
f 118/441/89 145/442/97 144/443/97 119/444/89 

vt 0.0325995 0.00503393
vt 0.0403775 -0.0107215
vn -0.510183 -0.812242 0.2828
vt 0.0507455 -0.00514817
vt 0.0429675 0.0106073
f 120/445/90 123/446/98 145/447/98 118/448/90 

vt 0.0442936 -0.0045159
vt 0.0556542 -0.0182501
vn -0.265411 -0.910525 0.31702
v 76.7281 72.0891 -148.225
vt 0.0645507 -0.0105216
vt 0.0531901 0.00321262
f 123/449/98 124/450/99 146/451/99 145/452/98 

vt 0.0589205 0.00948164
vt 0.0755669 0.00280843
vn -6.07559e-10 -0.944395 0.328812
v 76.9987 72.0603 -148.217
vt 0.0798513 0.013818
vt 0.0632049 0.0204912
f 124/453/99 125/454/100 147/455/100 146/456/99 

vt 0.0514817 0.0528098
vt 0.0681281 0.0594831
vn 0.265411 -0.910525 0.31702
v 77.2692 72.0891 -148.225
vt 0.0638437 0.0704926
vt 0.0471972 0.0638194
f 125/457/100 126/458/101 148/459/101 147/460/100 

vt 0.0281956 0.0793644
vt 0.0395562 0.0930986
vn 0.510183 -0.812242 0.2828
v 77.5213 72.1736 -148.249
vt 0.0306597 0.100827
vt 0.0192991 0.0870929
f 126/461/101 127/462/102 149/463/102 148/464/101 

vt 0.0123722 0.088519
vt 0.0201502 0.104274
vn 0.71664 -0.658662 0.229328
v 77.7378 72.308 -148.288
vt 0.00978226 0.109848
vt 0.00200422 0.0940923
f 127/465/102 128/466/103 150/467/103 149/468/102 

vt 0.00172053 0.0880853
v 77.904 72.4356 -148.51
vt 0.00749084 0.104349
vn 0.871824 -0.462583 0.161059
v 77.904 72.4831 -148.338
vt -0.00341512 0.108763
vt -0.00918543 0.0924998
f 128/469/103 151/470/104 152/471/104 150/472/103 

v 77.904 73.2814 -148.751
vt -0.128242 0.0886764
vt -0.128242 0.0243402
f 128/404/79 153/473/79 151/474/79

f 128/404/79 129/405/79 153/473/79

vt -0.0381452 -0.000756217
vn 0.871824 0.462583 -0.161059
vt -0.0323749 0.0155072
vn 0.71664 0.658662 -0.229328
v 77.7378 73.5041 -148.629
vt -0.0432809 0.0199217
v 77.904 73.3289 -148.579
vt -0.0490512 0.00365824
f 153/475/105 129/476/106 154/477/106 155/478/105 

vt -0.0492925 -0.0163845
vt -0.0415145 -0.000629097
vn 0.510183 0.812242 -0.2828
v 77.5213 73.6385 -148.668
vt -0.0518824 0.00494423
vt -0.0596605 -0.0108112
f 129/479/106 131/480/107 156/481/107 154/482/106 

vt -0.0645624 -0.0192916
vt -0.0532019 -0.00555733
vn 0.265411 0.910525 -0.31702
v 77.2692 73.723 -148.692
vt -0.0620984 0.00217119
vt -0.0734589 -0.011563
f 131/483/107 132/484/108 157/485/108 156/486/107 

vt -0.0801708 0.00802445
vt -0.0635243 0.0146977
vn 6.07559e-10 0.944395 -0.328812
v 76.9987 73.7518 -148.7
vt -0.0678087 0.0257072
vt -0.0844552 0.019034
f 132/487/108 133/488/109 158/489/109 157/490/108 

vt -0.0635243 0.0646991
vt -0.0468778 0.0580259
vn -0.265411 0.910525 -0.31702
v 76.7281 73.723 -148.692
vt -0.0425934 0.0690354
vt -0.0592399 0.0757086
f 133/491/109 134/492/110 159/493/110 158/494/109 

vt -0.0306479 0.0920572
vt -0.0192873 0.0783229
vt -0.0103908 0.0860514
vt -0.0217514 0.0997857
f 134/495/110 135/496/91 136/497/91 159/498/110 

vt -0.0175369 0.0986283
vn -0.266579 0.92679 -0.264567
vt -0.00727733 0.084044
vt 0.00118072 0.0900613
v 76.7281 73.7578 -148.538
vt -0.00907881 0.104646
f 159/499/111 136/500/92 137/501/92 160/502/111 

vt 0.0509374 0.119264
f 137/421/85 138/420/85 160/503/85

v 76.9987 73.7867 -148.546
vt 0.0687247 0.121456
f 160/503/85 138/420/85 161/504/85

v 77.2692 73.7578 -148.538
vt 0.0865119 0.119264
f 161/504/85 138/420/85 162/505/85

v 77.5213 73.6734 -148.514
vt 0.103087 0.112837
f 162/505/85 138/420/85 163/506/85

v 77.7378 73.5389 -148.476
vt 0.11732 0.102613
f 163/506/85 138/420/85 164/507/85

v 77.7378 72.3428 -148.134
vt 0.11732 0.0116275
f 164/507/85 138/420/85 165/508/85

f 142/439/85 165/508/85 138/420/85

v 77.5213 72.2084 -148.096
vt 0.103087 0.00140327
f 142/439/85 166/509/85 165/508/85

v 77.2692 72.1239 -148.072
vt 0.0865119 -0.00502395
f 142/439/85 167/510/85 166/509/85

v 76.9987 72.0951 -148.063
vt 0.0687247 -0.00721615
f 142/439/85 168/511/85 167/510/85

v 76.7281 72.1239 -148.072
vt 0.0509374 -0.00502395
f 142/439/85 169/512/85 168/511/85

f 142/439/85 144/440/85 169/512/85

vt 0.0527788 -0.00132821
vt 0.0630383 -0.0159125
vn -0.266579 -0.92679 0.264567
vt 0.0714964 -0.00989527
vt 0.0612369 0.00468907
f 145/513/97 146/514/112 169/515/112 144/516/97 

vt 0.0644163 0.0162134
vt 0.0805848 0.00844203
vn -6.19091e-10 -0.961587 0.2745
vt 0.0850526 0.0178425
vt 0.0688841 0.0256139
f 146/517/112 147/518/113 168/519/113 169/520/112 

vt 0.042507 0.0676057
vt 0.0586755 0.075377
vn 0.266579 -0.92679 0.264567
vt 0.0542078 0.0847775
vt 0.0380393 0.0770062
f 147/521/113 148/522/114 167/523/114 168/524/113 

vt 0.0110272 0.0893746
vt 0.0212868 0.103959
vn 0.511966 -0.826008 0.235797
vt 0.0128287 0.109976
vt 0.00256919 0.0953919
f 148/525/114 149/526/115 166/527/115 167/528/114 

vt -0.00479823 0.0950944
vt 0.00221774 0.111208
vn 0.718283 -0.669025 0.190984
vt -0.00727285 0.115387
vt -0.0142888 0.0992736
f 149/529/115 150/530/116 165/531/116 166/532/115 

vt -0.0140254 0.0931203
vt -0.0086469 0.109519
vn 0.872808 -0.469316 0.133974
v 77.904 72.518 -148.184
vt -0.0184861 0.112783
vt -0.0238645 0.0963839
f 150/533/116 152/534/117 170/535/117 165/536/116 

vt -0.020698 0.0838889
v 78.0084 72.6871 -148.396
vt -0.016166 0.100249
vn 0.96794 -0.241534 0.0689498
v 78.0084 72.722 -148.242
vt -0.0261465 0.103045
vt -0.0306785 0.0866849
f 152/537/117 171/538/118 172/539/118 170/540/117 

vt -0.0066713 0.0796311
v 78.0084 72.6396 -148.568
vt -0.00199928 0.0959517
vn 0.967651 -0.238266 0.0829575
vt -0.0131303 0.0997558
vt -0.0178023 0.0834352
f 151/541/104 173/542/119 171/543/119 152/544/104 

v 78.0084 73.0774 -148.693
vt -0.135108 0.0731598
vt -0.135108 0.0398569
f 151/474/79 174/545/79 173/546/79

f 151/474/79 153/473/79 174/545/79

vt -0.0292878 0.0205555
vn 0.967651 0.238266 -0.0829575
vt -0.0246158 0.0368762
vt -0.0357468 0.0406803
v 78.0084 73.1249 -148.521
vt -0.0404188 0.0243596
f 174/547/120 153/548/105 155/549/105 175/550/120 

vt -0.0375259 0.02314
vn 0.96794 0.241534 -0.0689498
vt -0.0329939 0.0395005
vn 0.872808 0.469316 -0.133974
v 77.904 73.3638 -148.426
vt -0.0429744 0.0422965
v 78.0084 73.1598 -148.367
vt -0.0475064 0.025936
f 175/551/121 155/552/122 176/553/122 177/554/121 

vt -0.0442845 0.000861678
vt -0.038906 0.0172604
vn 0.718283 0.669025 -0.190984
vt -0.0487452 0.020524
vt -0.0541237 0.00412527
f 155/555/122 154/556/123 164/557/123 176/558/122 

vt -0.0532739 -0.016237
vt -0.0462579 -0.000123826
vn 0.511966 0.826008 -0.235797
vt -0.0557485 0.00405532
vt -0.0627645 -0.0120579
f 154/559/123 156/560/124 163/561/124 164/562/123 

vt -0.0667882 -0.0212432
vt -0.0565287 -0.00665886
vn 0.266579 0.92679 -0.264567
vt -0.0649868 -0.000641581
vt -0.0752463 -0.0152259
f 156/563/124 157/564/125 162/565/125 163/566/124 

vt -0.0827105 0.00742034
vt -0.066542 0.0151917
vn 6.19092e-10 0.961587 -0.2745
vt -0.0710097 0.0245922
vt -0.0871782 0.0168208
f 157/567/125 158/568/126 161/569/126 162/570/125 

vt -0.0565499 0.0743553
vt -0.0403814 0.066584
vt -0.0359136 0.0759845
vt -0.0520821 0.0837558
f 158/571/126 159/572/111 160/573/111 161/574/126 

vt 0.128242 0.024952
vt 0.128242 0.0892882
f 164/507/85 170/575/85 176/576/85

f 164/507/85 165/508/85 170/575/85

vt 0.135108 0.0404686
f 176/576/85 170/575/85 172/577/85

vt 0.135108 0.0737715
f 176/576/85 172/577/85 177/578/85

v 78.044 72.9409 -148.305
vt 0.137449 0.0571201
f 177/578/85 172/577/85 178/579/85

vt -0.0263622 0.0678318
v 78.044 72.906 -148.459
vt -0.022199 0.0841195
vn 1 -6.46049e-10 -4.64298e-15
vt -0.0322334 0.0867133
vt -0.0363966 0.0704256
f 171/580/118 179/581/127 178/582/127 172/583/118 

vt -0.0141786 0.0640864
v 78.044 72.8585 -148.63
vt -0.00999992 0.08037
vn 1 -6.46049e-10 -3.81121e-15
vt -0.0212178 0.0839069
vt -0.0253964 0.0676232
f 173/584/119 180/585/128 179/586/128 171/587/119 

vt -0.137449 0.0565083
f 173/546/79 174/545/79 180/588/79

vt -0.0215311 0.0433822
vt -0.0173525 0.0596658
vt -0.0285703 0.0632027
vt -0.032749 0.046919
f 180/589/128 174/590/120 175/591/120 179/592/128 

vt -0.0317824 0.0466261
vt -0.0276193 0.0629138
vt -0.0376536 0.0655076
vt -0.0418168 0.04922
f 179/593/127 175/594/121 177/595/121 178/596/127 

g Mesh3 Group5 Group4 Group1 Ombrellone_Lateral_New_Sobrano_quadrado_3_5x3_5_1 Model

usemtl M08_Obsidian_Black
v 75.0277 95.6575 -81.1191
vt -0.527459 1.9685
vn -6.4605e-10 -1 -4.29794e-11
v 75.6347 95.6575 -81.3875
vt -0.13415 2.91804
v 76.2939 95.6575 -81.4987
vt -2.84217e-14 3.93701
v 76.9602 95.6575 -81.4453
vt -0.13415 4.95598
v 77.5883 95.6575 -81.2309
vt -0.527459 5.90551
v 78.1354 95.6575 -80.87
vt -1.15312 6.72089
v 78.5642 95.6575 -80.3873
vt -1.9685 7.34656
v 78.8455 95.6575 -79.8156
vt -2.91804 7.73987
v 78.9601 95.6575 -79.194
vt -3.93701 7.87402
v 78.9001 95.6575 -78.5647
vt -4.95598 7.73987
v 78.6697 95.6575 -77.9707
vt -5.90551 7.34656
v 78.2847 95.6575 -77.4525
vt -6.72089 6.72089
v 77.7711 95.6575 -77.0453
vt -7.34656 5.90551
v 77.164 95.6575 -76.7769
vt -7.73987 4.95598
v 76.5049 95.6575 -76.6656
vt -7.87402 3.93701
v 75.8385 95.6575 -76.719
vt -7.73987 2.91804
v 75.2104 95.6575 -76.9335
vt -7.34656 1.9685
v 74.6633 95.6575 -77.2944
vt -6.72089 1.15312
v 74.2345 95.6575 -77.7771
vt -5.90551 0.527459
v 73.9532 95.6575 -78.3487
vt -4.95598 0.13415
v 73.8387 95.6575 -78.9704
vt -3.93701 0
v 73.8986 95.6575 -79.5996
vt -2.91804 0.13415
v 74.129 95.6575 -80.1936
vt -1.9685 0.527459
v 74.5141 95.6575 -80.7119
vt -1.15312 1.15312
f 181/597/129 182/598/129 183/599/129 184/600/129 185/601/129 186/602/129 187/603/129 188/604/129 189/605/129 190/606/129 191/607/129 192/608/129 193/609/129 194/610/129 195/611/129 196/612/129 197/613/129 198/614/129 199/615/129 200/616/129 201/617/129 202/618/129 203/619/129 204/620/129 

vt -2.64458 0
vn -0.314835 2.44193e-10 -0.949146
vt -1.61681 0
vn -0.55858 3.9652e-10 -0.829451
v 75.0277 96.688 -81.1191
vt -1.61681 0.787402
v 75.6347 96.688 -81.3875
vt -2.64458 0.787402
f 182/621/130 181/622/131 205/623/131 206/624/130 

vt -1.24062 0
vt -0.212857 0
vn -0.756524 5.16859e-10 -0.653966
v 74.5141 96.688 -80.7119
vt -0.212857 0.787402
vt -1.24062 0.787402
f 181/625/131 204/626/132 207/627/132 205/628/131 

vt 0.212857 0
vt 1.24062 0
vn -0.898151 5.99148e-10 -0.439687
v 74.129 96.688 -80.1936
vt 1.24062 0.787402
vt 0.212857 0.787402
f 204/629/132 203/630/133 208/631/133 207/632/132 

vt 1.61681 0
vt 2.64458 0
vn -0.979255 6.41357e-10 -0.20263
v 73.8986 96.688 -79.5996
vt 2.64458 0.787402
vt 1.61681 0.787402
f 203/633/133 202/634/134 209/635/134 208/636/133 

vt 2.87556 0
vt 3.90333 0
vn -0.999048 6.4356e-10 0.0436194
v 73.8387 96.688 -78.9704
vt 3.90333 0.787402
vt 2.87556 0.787402
f 202/637/134 201/638/135 210/639/135 209/640/134 

vt 4.93109 0
vn -0.957869 6.06487e-10 0.287206
v 73.9532 96.688 -78.3487
vt 4.93109 0.787402
f 201/638/135 200/641/136 211/642/136 210/639/135 

vt 4.63007 0
vt 5.65783 0
vn -0.856412 5.31095e-10 0.516293
v 74.2345 96.688 -77.7771
vt 5.65783 0.787402
vt 4.63007 0.787402
f 200/643/136 199/644/137 212/645/137 211/646/136 

vt 5.00625 0
vt 6.03402 0
vn -0.696648 4.19235e-10 0.717413
v 74.6633 96.688 -77.2944
vt 6.03402 0.787402
vt 5.00625 0.787402
f 199/647/137 198/648/138 213/649/138 212/650/137 

vn -0.484163 2.75187e-10 0.874978
v 75.2104 96.688 -76.9335
f 198/647/138 197/648/139 214/649/139 213/650/138 

vn -0.230913 1.07364e-10 0.972974
v 75.8385 96.688 -76.719
f 197/643/139 196/644/140 215/645/140 214/646/139 

vn 0.0436194 -7.11188e-11 0.999048
v 76.5049 96.688 -76.6656
f 196/638/140 195/641/141 216/642/141 215/639/140 

vn 0.314835 -2.44193e-10 0.949146
v 77.164 96.688 -76.7769
f 195/637/141 194/638/142 217/639/142 216/640/141 

vn 0.55858 -3.9652e-10 0.829451
v 77.7711 96.688 -77.0453
f 194/633/142 193/634/143 218/635/143 217/636/142 

vn 0.756524 -5.16859e-10 0.653966
v 78.2847 96.688 -77.4525
f 193/629/143 192/630/144 219/631/144 218/632/143 

vn 0.898151 -5.99148e-10 0.439687
v 78.6697 96.688 -77.9707
f 192/625/144 191/626/145 220/627/145 219/628/144 

vn 0.979255 -6.41357e-10 0.20263
v 78.9001 96.688 -78.5647
f 191/621/145 190/622/146 221/623/146 220/624/145 

vt -3.90333 0
vt -2.87556 0
vn 0.999048 -6.4356e-10 -0.0436194
v 78.9601 96.688 -79.194
vt -2.87556 0.787402
vt -3.90333 0.787402
f 190/651/146 189/652/147 222/653/147 221/654/146 

vt -4.93109 0
vn 0.957869 -6.06487e-10 -0.287206
v 78.8455 96.688 -79.8156
vt -4.93109 0.787402
f 189/655/147 188/651/148 223/654/148 222/656/147 

vt -5.65783 0
vt -4.63007 0
vn 0.856412 -5.31095e-10 -0.516293
v 78.5642 96.688 -80.3873
vt -4.63007 0.787402
vt -5.65783 0.787402
f 188/657/148 187/658/149 224/659/149 223/660/148 

vt -6.03402 0
vt -5.00625 0
vn 0.696648 -4.19235e-10 -0.717413
v 78.1354 96.688 -80.87
vt -5.00625 0.787402
vt -6.03402 0.787402
f 187/661/149 186/662/150 225/663/150 224/664/149 

vn 0.484163 -2.75187e-10 -0.874978
v 77.5883 96.688 -81.2309
f 186/661/150 185/662/151 226/663/151 225/664/150 

vn 0.230913 -1.07364e-10 -0.972974
v 76.9602 96.688 -81.4453
f 185/657/151 184/658/152 227/659/152 226/660/151 

vn -0.0436194 7.11188e-11 -0.999048
v 76.2939 96.688 -81.4987
f 184/655/152 183/651/153 228/654/153 227/656/152 

f 183/651/153 182/652/130 206/653/130 228/654/153 

vt 0.13415 2.91804
vn 6.4605e-10 1 4.29794e-11
vt 0.527459 1.9685
vt 1.15312 1.15312
vt 1.9685 0.527459
vt 2.91804 0.13415
vt 3.93701 0
vt 4.95598 0.13415
vt 5.90551 0.527459
vt 6.72089 1.15312
vt 7.34656 1.9685
vt 7.73987 2.91804
vt 7.87402 3.93701
vt 7.73987 4.95598
vt 7.34656 5.90551
vt 6.72089 6.72089
vt 5.90551 7.34656
vt 4.95598 7.73987
vt 3.93701 7.87402
vt 2.91804 7.73987
vt 1.9685 7.34656
vt 1.15312 6.72089
vt 0.527459 5.90551
vt 0.13415 4.95598
vt 2.84217e-14 3.93701
f 206/665/154 205/666/154 207/667/154 208/668/154 209/669/154 210/670/154 211/671/154 212/672/154 213/673/154 214/674/154 215/675/154 216/676/154 217/677/154 218/678/154 219/679/154 220/680/154 221/681/154 222/682/154 223/683/154 224/684/154 225/685/154 226/686/154 227/687/154 228/688/154 

g Mesh4 Group6 Group4 Group1 Ombrellone_Lateral_New_Sobrano_quadrado_3_5x3_5_1 Model

usemtl M00_Soft_Cloud
v 79.8086 95.6017 -81.426
vt -10.9448 15.8812
vn -1.65292e-05 0.999273 -0.0381138
v 78.2384 95.6845 -79.6905
vt -9.38931 17.6949
v 78.3477 95.697 -79.4291
vt -9.4975 17.97
f 229/689/155 230/690/155 231/691/155

vt -15.9804 -11.6274
vn 0.0568594 0.998353 0.00769707
vt -13.959 -12.9014
v 79.3139 95.6321 -81.3107
vt -14.1481 -12.4335
f 230/692/156 229/693/156 232/694/156

v 80.9447 95.3054 -82.6584
vt -12.5961 14.3805
vn 0.00708719 0.983079 -0.183043
vt -11.0337 15.8757
vt -11.5189 15.7365
f 233/695/157 232/696/157 229/697/157

vt -6.84238 18.0167
vn -0.0578041 0.966546 -0.249897
vt -8.71961 16.9431
v 80.3482 95.3078 -82.5255
vt -8.11345 16.9509
f 232/698/158 233/699/158 234/700/158

v 82.6629 94.3401 -84.4429
vt -10.6807 14.2504
vn -0.113147 0.872976 -0.474459
vt -8.00587 15.9584
vt -8.61207 15.9543
f 235/701/159 234/702/159 233/703/159

vt -17.9916 5.34761
vn 0.168304 0.963561 -0.207905
vt -18.593 2.2314
v 82.0043 94.4502 -84.5092
vt -18.0312 2.58588
f 234/704/160 235/705/160 236/706/160

v 84.7655 93.4607 -87.5596
vt -17.2491 -5.90371
vn 0.16075 0.979128 -0.124371
vt -17.9925 -1.66914
vt -18.4609 -2.14021
f 237/707/161 236/708/161 235/709/161

vt -16.9068 6.95841
vn 0.0819181 0.978792 -0.187763
vt -18.2188 2.86417
v 83.7552 93.4669 -87.9222
vt -17.1471 2.89019
f 236/710/162 237/711/162 238/712/162

v 83.8927 93.3625 -88.1051
vt -17.1733 2.93624
vn 0.140362 0.93283 -0.331855
vt -17.1179 3.18437
vt -18.1899 3.16944
f 239/713/163 238/714/163 237/715/163

vt -17.3372 1.02237
vn 0.182599 0.934823 -0.304573
vt -17.3612 0.769268
v 83.019 93.3232 -88.6651
vt -16.3167 0.674087
f 238/716/164 239/717/164 240/718/164

vt -16.3138 0.490218
vn 0.266103 0.869301 -0.41654
vt -17.3604 0.559517
v 84.1281 93.0965 -88.4148
vt -17.3922 0.0904162
f 240/719/165 239/720/165 241/721/165

v 85.1935 93.0921 -88.0372
vt -18.3726 2.65097
vn 0.190169 0.86481 -0.464693
vt -17.2439 2.65855
vt -17.1434 3.11787
f 242/722/166 241/723/166 239/724/166

vt -17.1435 3.11763
vn 0.190169 0.864821 -0.464672
v 84.9278 93.3571 -87.7398
vt -18.2394 3.10831
vt -18.3727 2.65071
f 239/725/167 243/726/167 242/727/167

vt -18.1692 3.28703
vn 0.133787 0.936862 -0.323094
vt -18.2502 3.03383
vt -17.1542 3.04701
f 237/728/168 243/729/168 239/730/168

vt -17.5626 5.75057
vn 0.0808179 0.928754 -0.361779
vt -17.4443 5.98861
v 85.7835 93.4427 -87.3982
vt -18.4665 5.94744
f 243/731/169 237/732/169 244/733/169

vt -16.4135 9.19153
vn 0.0503113 0.980355 -0.190717
vt -18.6653 5.35799
vt -17.6452 5.43453
f 235/734/170 244/735/170 237/736/170

vt -15.3173 11.7496
vn -0.0422872 0.961044 -0.27314
vt -11.8142 14.4873
v 83.3828 94.3269 -84.5824
vt -12.5402 14.4471
f 244/737/171 235/738/171 245/739/171

vt -9.48179 15.7262
vn -0.0818626 0.887312 -0.453845
vt -12.1982 13.9062
vt -11.4715 13.9307
f 233/740/172 245/741/172 235/742/172

vt -10.3667 14.3242
vn -0.165149 0.83406 -0.526374
vt -7.48273 15.865
v 81.5104 95.3345 -82.7823
vt -8.05595 15.9108
f 245/743/173 233/744/173 246/745/173

vt -4.67535 18.7493
vn -0.109883 0.955519 -0.273695
vt -6.75185 17.9809
vt -6.18293 17.8971
f 229/746/174 246/747/174 233/748/174

vt -18.4791 -4.41474
vn 0.097907 0.994082 -0.0470673
vt -18.9832 -2.25876
v 79.9305 95.5945 -81.3208
vt -19.1367 -2.31693
f 246/749/175 229/750/175 247/751/175

vt -18.211 -8.51513
vn 0.0548632 0.998491 -0.00245109
vt -16.3025 -10.1672
vt -16.1865 -10.0511
f 231/752/176 247/753/176 229/754/176

vt -3.45817 19.2541
vn -0.0329708 0.99716 -0.067712
vt -1.20979 20.4016
v 78.4624 95.7212 -79.1971
vt -1.21133 20.6716
f 247/755/177 231/756/177 248/757/177

v 77.7571 95.6378 -78.3937
vt 17.0053 12.5561
vn -0.133783 0.990759 -0.0223512
vt 16.0545 13.0986
vt 15.8348 12.9415
v 78.0928 95.6715 -78.9821
vt 16.3401 12.7752
f 249/758/178 248/759/178 231/760/178 250/761/178 

vt -8.70904 13.8803
vn 0.64365 -0.618069 0.451337
vt -9.79942 13.7839
v 77.7231 95.5111 -78.4878
vt -9.74037 13.6373
f 248/762/179 249/763/179 251/764/179

v 77.3492 95.4464 -78.2969
vt -3.99179 15.8222
vn 0.438987 -0.681363 0.585691
vt -3.57485 15.9015
vt -3.60435 16.0568
f 252/765/180 251/766/180 249/767/180

vt 1.42007 6.01378
vn -0.505879 0.135306 -0.851926
vt 1.84008 5.95274
v 77.0799 95.4467 -78.1535
vt 2.14551 5.95304
f 251/768/181 252/769/181 253/770/181

vt -7.65456 19.5776
vn 0.191273 -0.964756 0.180723
v 77.6461 95.4561 -78.6477
vt -6.8935 19.6084
vt -6.95793 19.789
f 253/771/182 254/772/182 251/773/182

vt -6.40648 17.2533
vn 0.430771 -0.794536 0.427959
vt -7.16803 17.2396
v 76.9661 95.2529 -78.3363
vt -7.11778 16.9568
f 254/774/183 253/775/183 255/776/183

vt -10.0629 -14.7844
vn 0.0437325 -0.917461 -0.395415
v 77.6492 95.4998 -78.7281
vt -10.6933 -14.2556
vt -10.6989 -14.3492
f 255/777/184 256/778/184 254/779/184

vt -18.2094 10.1297
vn 0.313604 -0.949504 0.00974602
vt -18.6425 9.43006
v 76.8805 95.2182 -78.5458
vt -18.4257 9.33148
f 256/780/185 255/781/185 257/782/185

vt -5.43308 -2.79195
vn -0.135648 -0.330791 -0.933904
v 77.651 95.6242 -78.7634
vt -6.21941 -2.3939
vt -6.21262 -2.51583
f 257/783/186 258/784/186 256/785/186

v 77.5699 95.8109 -78.7878
vt -5.33791 -0.696232
vn -0.180769 -0.247032 -0.951997
vt -5.41238 -0.875459
vt -4.62183 -1.26507
f 259/786/187 258/787/187 257/788/187

vt -4.89201 -1.11808
vn -0.206444 -0.258168 -0.943785
vt -4.81861 -0.938416
v 79.0923 95.8396 -79.0977
vt -6.35905 -0.910861
f 258/789/188 259/790/188 260/791/188

v 79.2076 95.8408 -78.9914
vt 20.807 3.03325
vn -0.0155191 0.999863 0.00581675
vt 20.661 2.96785
vt 20.4064 1.44835
f 261/792/189 260/793/189 259/794/189

vt -19.4003 7.94197
vn 0.044974 0.997602 -0.0526139
vt -19.5595 7.95723
v 81.3559 95.727 -79.0824
vt -21.1591 6.54829
f 260/795/190 261/796/190 262/797/190

v 81.5642 95.692 -78.8133
vt -0.0775411 -21.9852
vn 0.0500077 0.99643 0.068024
vt -0.0860175 -21.6333
vt -1.88389 -20.4881
f 263/798/191 262/799/191 261/800/191

v 83.1969 95.4927 -79.7609
vt -14.8686 -16.4325
vn 0.120708 0.992512 0.0187095
vt -15.8656 -14.7382
vt -16.1105 -14.9909
f 264/801/192 262/802/192 263/803/192

vt -21.2618 6.35279
vn 0.0773472 0.993161 -0.0874522
vt -22.2073 4.62926
v 83.0835 95.4372 -80.3533
vt -21.7217 4.22139
f 262/804/193 264/805/193 265/806/193

v 85.8629 94.4673 -81.4993
vt -21.5241 -7.28117
vn 0.247753 0.961978 -0.114966
vt -21.3884 -4.15207
vt -21.9969 -3.97316
f 266/807/194 265/808/194 264/809/194

vt -15.3043 -13.875
vn 0.310202 0.95022 0.0292794
vt -13.8351 -16.6411
v 85.8725 94.4968 -82.3114
vt -12.9869 -16.5568
f 265/810/195 266/811/195 267/812/195

v 89.615 93.4294 -83.7646
vt -10.6601 -20.877
vn 0.2591 0.965402 0.0294252
vt -12.6151 -17.2472
vt -13.4615 -17.3477
f 268/813/196 267/814/196 266/815/196

vt -17.5575 -13.0519
vn 0.231067 0.972134 -0.0395457
vt -16.7179 -17.0883
v 89.1912 93.4911 -84.7893
vt -15.5843 -16.8548
f 267/816/197 268/817/197 269/818/197

v 89.4106 93.3831 -84.9025
vt -16.8686 -14.8693
vn 0.358644 0.92921 -0.0891215
vt -16.9281 -14.6091
vt -18.0759 -14.7578
f 270/819/198 269/820/198 268/821/198

vt -19.8733 -11.276
vn 0.325126 0.933578 -0.150747
vt -19.8625 -11.5427
v 88.8104 93.4422 -85.7706
vt -18.781 -11.3967
f 269/822/199 270/823/199 271/824/199

vt -19.1713 -10.1188
vn 0.405894 0.891084 -0.203023
vt -20.2566 -10.2346
v 89.8192 93.1142 -85.1177
vt -20.2465 -10.7608
f 271/825/200 270/826/200 272/827/200

v 90.2704 93.0552 -84.043
vt -18.6748 -13.9207
vn 0.445689 0.885715 -0.12989
vt -17.4641 -13.8072
vt -17.5606 -13.2898
f 273/828/201 272/829/201 270/830/201

vt -17.561 -13.2892
vn 0.445703 0.885705 -0.129906
v 89.8501 93.3247 -83.8607
vt -18.7352 -13.4015
vt -18.6752 -13.9201
f 270/831/202 274/832/202 273/833/202

vt -18.1875 -14.8486
vn 0.335065 0.938304 -0.0855332
vt -18.1509 -15.1177
vt -16.9809 -14.9677
f 268/834/203 274/835/203 270/836/203

vt -15.2352 -17.5081
vn 0.356169 0.933762 -0.0351032
vt -15.3113 -17.2475
v 89.6837 93.4492 -82.6706
vt -16.4605 -17.198
f 274/837/204 268/838/204 275/839/204

vt -17.6889 -13.8281
vn 0.222882 0.974455 -0.0276013
vt -16.9623 -17.8474
vt -15.8148 -17.9259
f 266/840/205 275/841/205 268/842/205

vt -19.2951 -15.5255
vn 0.214005 0.975318 -0.054372
vt -19.4985 -11.4461
v 85.8453 94.5256 -80.7136
vt -20.2908 -11.2123
f 275/843/206 266/844/206 276/845/206

vt -19.8023 -9.2724
vn 0.291319 0.955211 -0.0520041
vt -19.3071 -12.1747
vt -18.4999 -12.3498
f 264/846/207 276/847/207 266/848/207

vt -19.3634 -12.1002
vn 0.290902 0.955278 -0.0531039
vt -19.8471 -9.19599
v 83.3758 95.4592 -79.3567
vt -20.2976 -9.29648
f 276/849/208 264/850/208 277/851/208

vt -16.2601 -14.8422
vn 0.119915 0.992631 0.0174662
vt -15.4238 -16.5395
vt -15.032 -16.2956
f 263/852/209 277/853/209 264/854/209

vt -8.13963 -20.6612
vn 0.13878 0.987392 0.0761371
vt -9.53079 -19.3788
v 81.67 95.6637 -78.694
vt -9.58624 -19.535
f 277/855/210 263/856/210 278/857/210

vt -7.37569 -20.4566
vn 0.125473 0.988289 0.0868357
vt -7.33678 -20.2956
v 79.3634 95.9978 -78.7385
vt -8.68535 -18.5587
f 278/858/211 263/859/211 279/860/211

vt -13.4601 15.6984
vn 0.0924452 0.872123 -0.480475
vt -13.6595 15.9748
vt -15.7915 15.4364
f 261/861/212 279/862/212 263/863/212

vt -11.3085 17.6789
vn 0.0208152 0.892341 -0.450882
vt -11.1427 17.3811
v 77.5266 96.0408 -78.7375
vt -9.4911 17.7605
f 279/864/213 261/865/213 280/866/213

vt -6.2698 7.81383
vn -0.133081 0.235751 -0.962658
vt -6.2205 8.03391
vt -7.90431 7.84243
f 259/867/214 280/868/214 261/869/214

vt -1.43319 7.10066
vn -0.373375 0.171436 -0.911702
vt -1.4921 6.88295
v 76.6958 95.6959 -78.4825
vt -0.570908 6.77408
f 280/870/215 259/871/215 281/872/215

vt -1.14311 3.17095
vn -0.360939 -0.00300109 -0.932585
vt -0.948888 3.61804
vt -1.87023 3.72561
f 257/873/216 281/874/216 259/875/216

vt -0.149288 7.81083
vn -0.388297 0.229103 -0.892602
v 76.5765 96.2626 -78.3203
vt 0.0243744 8.35275
vt -1.01034 8.14063
f 281/876/217 282/877/217 280/878/217

v 77.6419 96.2946 -78.5486
vt -4.01337 16.9262
vn -0.177229 0.720263 -0.67068
vt -3.95067 16.6022
vt -2.9331 16.8854
f 283/879/218 280/880/218 282/881/218

vt -9.11208 14.7616
vn 0.0177123 0.679315 -0.733633
vt -9.23071 15.0696
vt -10.9305 14.7094
f 280/882/219 283/883/219 279/884/219

v 79.4795 96.174 -78.4952
vt -12.9043 16.6067
vn 0.0696389 0.851655 -0.519455
vt -12.7581 16.3161
vt -11.0909 16.8056
f 284/885/220 279/886/220 283/887/220

vt -14.2084 15.1729
vn 0.122624 0.836776 -0.533637
vt -14.3751 15.4523
vt -16.4526 14.643
f 279/888/221 284/889/221 278/890/221

vt -16.713 14.5605
vn 0.127337 0.84943 -0.512108
vt -14.6468 15.3984
v 79.4754 96.2332 -78.4177
vt -14.6614 15.4957
f 278/891/222 284/892/222 285/893/222

v 77.9217 96.5781 -78.1062
vt -10.9728 17.5642
vn 0.0555358 0.853711 -0.517777
vt -12.4712 16.992
vt -12.4671 16.8937
f 286/894/223 285/895/223 284/896/223

vt -11.2253 -16.7861
vn 0.217649 0.969228 0.115009
vt -12.2597 -15.5602
v 77.9161 96.5489 -77.9023
vt -12.4486 -15.6642
f 285/897/224 286/898/224 287/899/224

v 77.1676 96.6865 -77.5973
vt -12.8875 -15.3546
vn 0.211786 0.970522 0.115041
vt -12.2419 -15.8537
vt -12.0542 -15.7475
f 288/900/225 287/901/225 286/902/225

vt -0.99771 -5.62755
vn 0.425608 0.486966 0.762707
vt -1.80092 -5.48343
v 77.04 96.4346 -77.4058
vt -2.00594 -5.74727
f 287/903/226 288/904/226 289/905/226

vt 0.123132 -15.1757
vn 0.210008 0.846968 0.488408
v 77.7288 96.4251 -77.6593
vt 0.853909 -15.1912
vt 1.12113 -14.989
f 289/906/227 290/907/227 287/908/227

vt 1.21419 3.06484
vn 0.378078 0.0662499 0.9234
vt 0.483302 3.07376
v 76.8762 96.2617 -77.3355
vt 0.305788 2.91168
f 290/909/228 289/910/228 291/911/228

vt 15.5425 15.5219
vn -0.199185 0.977087 -0.0750073
v 77.5437 96.3974 -77.5091
vt 15.1292 16.0824
vt 14.9153 16.1966
f 291/912/229 292/913/229 290/914/229

vt -5.01373 -4.73668
vn -0.169172 -0.451679 -0.875995
vt -4.33145 -4.87605
v 76.8446 96.4982 -77.4269
vt -4.31783 -4.63313
f 292/915/230 291/916/230 293/917/230

vt -4.70295 -2.10786
vn -0.160719 -0.334344 -0.928646
v 77.5444 96.6567 -77.5834
vt -5.41272 -1.95233
vt -5.39952 -2.20683
f 293/918/231 294/919/231 292/920/231

vt -6.84081 -7.2718
vn -0.0795171 -0.586495 -0.80604
vt -6.13597 -7.44832
v 76.8847 96.6887 -77.5408
vt -6.18661 -7.23613
f 294/921/232 293/922/232 295/923/232

vt -6.14591 -7.83081
vn -0.0793414 -0.611467 -0.787282
v 77.6463 96.8598 -77.7185
vt -6.91389 -7.63632
vt -6.80007 -7.8672
f 295/924/233 296/925/233 294/926/233

vt 4.16161 3.71645
vn 0.237972 0.0551214 0.969707
vt 3.38578 3.55613
v 76.9363 96.3778 -77.5383
vt 3.43493 3.26481
f 296/927/234 295/928/234 297/929/234

vt 2.68056 4.48192
vn 0.274622 -0.00901469 0.96151
v 77.7648 96.6638 -77.7507
vt 3.52958 4.74958
vt 3.40758 4.93303
f 297/930/235 298/931/235 296/932/235

vt 4.6396 1.23154
vn 0.21756 0.174699 0.960285
vt 3.79164 0.960554
v 77.0172 95.8558 -77.4795
vt 3.85696 0.466078
f 298/933/236 297/934/236 299/935/236

vt 3.1361 1.19408
vn 0.253409 0.136536 0.957675
v 77.8149 96.2782 -77.719
vt 3.96232 1.59225
vt 3.92235 1.95582
f 299/936/237 300/937/237 298/938/237

v 77.7111 95.913 -77.6627
vt 3.48973 1.99467
vn 0.271635 0.0978625 0.957412
vt 3.60415 2.33768
vt 2.77722 1.94098
f 301/939/238 300/940/238 299/941/238

vt 13.9002 0.158851
vn -0.271948 0.264195 0.925335
vt 13.8169 -0.19301
v 78.7293 96.3657 -77.5035
vt 14.8343 0.243158
f 300/942/239 301/943/239 302/944/239

v 78.4512 96.1455 -77.3003
vt 21.8713 -1.38441
vn -0.397013 0.875738 0.274707
vt 21.8621 -0.980665
vt 21.1297 -1.81069
f 303/945/240 302/946/240 301/947/240

vt 18.8678 -7.5347
vn -0.273797 0.86653 0.417327
vt 18.7457 -7.91965
v 80.1236 96.1611 -76.3536
vt 20.6808 -7.89234
f 302/948/241 303/949/241 304/950/241

v 80.1631 95.5752 -75.8664
vt 20.9068 -4.70537
vn -0.417249 0.640385 0.644834
vt 20.6063 -4.01749
vt 18.6712 -4.03583
f 305/951/242 304/952/242 303/953/242

v 82.0399 95.8895 -75.3464
vt 20.9723 -6.5228
vn -0.312097 0.674347 0.669218
vt 18.8059 -6.19348
vt 19.0481 -6.90397
f 306/954/243 304/955/243 305/956/243

vt 17.6294 -11.0167
vn -0.182352 0.853209 0.488653
vt 19.7736 -11.4688
v 82.0059 96.2982 -75.9265
vt 19.5393 -10.7884
f 304/957/244 306/958/244 307/959/244

v 84.7909 95.3839 -74.9484
vt 13.0866 -18.7623
vn 0.0616811 0.872138 0.485357
vt 10.4724 -17.1549
vt 10.4333 -17.8735
f 308/960/245 307/961/245 306/962/245

vt -14.7452 -18.4497
vn 0.244196 0.964983 0.0957901
vt -14.6346 -21.5166
v 84.8836 95.4756 -75.8832
vt -13.6955 -21.209
f 307/963/246 308/964/246 309/965/246

v 89.3795 93.7325 -74.8881
vt -14.5573 -24.6091
vn 0.302641 0.947913 0.0993439
vt -15.033 -19.7729
vt -15.9878 -20.0273
f 310/966/247 309/967/247 308/968/247

vt -21.4809 -13.9348
vn 0.32677 0.945104 0.000306711
vt -22.5202 -18.682
v 89.6139 93.6444 -75.9837
vt -21.3707 -18.9217
f 309/969/248 310/970/248 311/971/248

v 89.8486 93.5397 -75.9516
vt -20.8681 -19.2322
vn 0.368732 0.929491 0.00911346
vt -20.8405 -18.9791
vt -21.9953 -18.7663
f 312/972/249 311/973/249 310/974/249

vt -18.8916 -20.6119
vn 0.364306 0.930447 0.0393725
vt -18.8986 -20.8664
v 90.0816 93.4867 -76.8385
vt -17.9486 -20.9951
f 311/975/250 312/976/250 313/977/250

vt -17.1031 -19.9531
vn 0.477636 0.875923 0.0679893
vt -18.0567 -19.8548
v 90.2679 93.2774 -75.8913
vt -18.0573 -20.3415
f 313/978/251 312/979/251 314/980/251

v 90.0163 93.3599 -74.7431
vt -20.6634 -19.2381
vn 0.481688 0.875348 0.0417351
vt -19.4418 -19.3911
vt -19.4167 -18.905
f 315/981/252 314/982/252 312/983/252

vt -19.417 -18.9046
vn 0.481705 0.875339 0.041732
v 89.6044 93.6198 -74.8375
vt -20.6023 -18.7561
vt -20.6636 -19.2377
f 312/984/253 316/985/253 315/986/253

vt -21.181 -19.1073
vn 0.402548 0.915075 0.0243551
vt -21.2197 -19.3566
vt -20.0383 -19.534
f 310/987/254 316/988/254 312/989/254

vt -17.349 -22.2733
vn 0.388195 0.917685 0.0846125
vt -17.3474 -22.021
v 89.0049 93.7616 -73.6338
vt -18.7114 -21.9558
f 316/990/255 310/991/255 317/992/255

vt -18.5974 -18.1461
vn 0.304245 0.950572 0.0620358
vt -19.0638 -22.7784
vt -17.7007 -22.8616
f 308/993/256 317/994/256 310/995/256

vt 8.29526 -26.0515
vn 0.180423 0.910466 0.372154
vt 5.08102 -22.6833
v 84.8054 94.9117 -74.0377
vt 4.69735 -23.6636
f 317/996/257 308/997/257 318/998/257

vt 8.13483 -20.4459
vn 0.0876893 0.921458 0.378451
vt 10.5141 -22.5901
vt 10.704 -21.5547
f 306/999/258 318/1000/258 308/1001/258

vt 20.8855 -9.565
vn -0.182578 0.659396 0.729289
vt 17.9015 -8.40139
v 82.1044 95.2346 -74.8606
vt 18.0811 -9.18081
f 318/1002/259 306/1003/259 319/1004/259

vt 18.8176 -6.19833
vn -0.318251 0.626894 0.71114
vt 21.0029 -6.59211
vt 20.7452 -5.8349
f 305/1005/260 319/1006/260 306/1007/260

vt 20.4531 -9.02069
vn -0.25706 0.7294 0.633953
vt 18.277 -8.57886
v 80.1561 95.1382 -75.4682
vt 18.42 -9.14565
f 319/1008/261 305/1009/261 320/1010/261

vt 19.0441 -8.54203
vn -0.284809 0.723667 0.628641
vt 18.886 -7.97927
v 78.3939 95.8997 -76.8716
vt 16.857 -7.56133
f 320/1011/262 305/1012/262 321/1013/262

vt 14.3018 -13.2976
vn -0.10952 0.908899 0.402377
vt 14.3588 -13.8025
vt 16.3203 -14.4689
f 303/1014/263 321/1015/263 305/1016/263

vt 22.1324 -1.5107
vn -0.456199 0.828085 0.325819
vt 21.8072 -1.12032
v 77.535 95.705 -77.5498
vt 21.0492 -1.81986
f 321/1017/264 303/1018/264 322/1019/264

vt 20.0168 -3.19555
vn -0.466791 0.75383 0.462435
vt 19.9721 -3.47856
vt 20.8116 -2.87927
f 301/1020/265 322/1021/265 303/1022/265

vt 13.2348 -7.8294
vn -0.190249 0.667075 0.720289
vt 13.3755 -7.57982
v 77.145 95.4134 -77.4247
vt 12.8914 -8.17926
f 322/1023/266 301/1024/266 323/1025/266

vt 2.97592 -0.679105
vn 0.25635 0.230943 0.938589
vt 3.08403 -1.10235
vt 3.68835 -0.624428
f 299/1026/267 323/1027/267 301/1028/267

vt 3.87586 -0.0169133
vn 0.221869 0.177653 0.958756
v 77.1667 95.2326 -77.4026
vt 3.89186 -0.188243
vt 4.28068 0.259471
f 323/1029/268 324/1030/268 322/1031/268

v 77.3681 95.7903 -77.3487
vt 8.3888 10.1917
vn -0.689691 0.357191 -0.629874
vt 8.12292 10.1071
vt 8.48655 9.63866
f 325/1032/269 322/1033/269 324/1034/269

vt -12.2889 18.0342
vn 0.0575764 0.957617 -0.282233
vt -12.1664 18.2849
vt -13.2595 18.6059
f 322/1035/270 325/1036/270 321/1037/270

v 78.3832 95.7058 -76.455
vt 20.1619 -8.22569
vn -0.260323 0.906946 0.331181
vt 19.9095 -7.82541
vt 18.7928 -8.05108
f 326/1038/271 321/1039/271 325/1040/271

vt 6.79471 -18.3979
vn 0.0484769 0.936358 0.347683
vt 6.7272 -18.8663
vt 8.33153 -20.2373
f 321/1041/272 326/1042/272 320/1043/272

vt 7.19884 -20.8249
vn 0.0628762 0.942707 0.327642
vt 5.65736 -19.3835
v 78.2446 95.6439 -76.289
vt 5.49142 -19.5407
f 320/1044/273 326/1045/273 327/1046/273

v 77.206 95.9978 -76.9808
vt 5.392 -18.5643
vn 0.0484213 0.94681 0.31813
vt 6.30605 -19.4948
vt 6.46656 -19.3321
f 328/1047/274 327/1048/274 326/1049/274

vt -22.5172 -3.6049
vn 0.33195 0.941257 -0.0620024
vt -21.6048 -2.67273
v 77.158 96.0269 -76.855
vt -21.7252 -2.59608
f 327/1050/275 328/1051/275 329/1052/275

v 76.722 96.433 -77.3923
vt -19.1033 -4.99422
vn 0.593322 0.803335 0.0512148
vt -19.6251 -5.60964
vt -19.4893 -5.65374
f 330/1053/276 329/1054/276 328/1055/276

vt 6.2738 -15.8697
vn 0.0507708 0.872501 0.485968
vt 5.89969 -15.1549
v 76.3928 96.4033 -77.3177
vt 5.56774 -15.2072
f 329/1056/277 330/1057/277 331/1058/277

vt -21.4014 3.03602
vn 0.504401 0.839895 -0.20039
v 77.0134 96.1631 -76.7227
vt -22.2166 2.6396
vt -22.144 2.41472
f 331/1059/278 332/1060/278 329/1061/278

vt 16.8016 -8.60473
vn -0.288441 0.801366 0.524036
vt 15.9668 -8.25157
v 76.1175 96.2241 -77.2331
vt 15.7654 -8.51518
v 76.8039 96.1773 -76.8415
vt 16.5596 -8.58422
f 332/1062/279 331/1063/279 333/1064/279 334/1065/279 

vt -17.451 11.8887
vn 0.38322 0.760452 -0.524266
v 76.8801 96.2813 -76.6719
vt -18.4092 11.9671
vt -18.4877 11.8051
vt -18.2457 11.825
f 333/1066/280 335/1067/280 332/1068/280 334/1069/280 

vt 19.0688 5.09699
vn -0.632013 -0.0851906 0.770261
vt 18.1089 5.04328
v 76.2775 95.9514 -77.1405
vt 18.2941 4.78732
f 335/1070/281 333/1071/281 336/1072/281

vt -16.5024 14.2823
vn 0.350085 -0.929368 0.117112
v 76.8663 96.2563 -76.7909
vt -16.6531 15.0139
vt -16.766 15.0738
f 336/1073/282 337/1074/282 335/1075/282

vt 16.1 8.27714
vn -0.427288 -0.307839 0.850094
vt 15.4147 7.97983
v 76.5018 95.7945 -77.0862
vt 15.6402 7.8269
vt 16.0213 8.2001
f 337/1076/283 336/1077/283 338/1078/283 334/1079/283 

vt -11.7451 16.0163
vn 0.528903 -0.765566 0.366291
v 76.8843 96.1674 -76.9608
vt -11.6274 16.5351
vt -11.7813 16.6588
vt -11.7751 16.5489
f 338/1080/284 339/1081/284 337/1082/284 334/1083/284 

vt -14.5785 3.88534
vn 0.36087 -0.0154745 -0.932488
vt -14.177 3.53635
v 76.4192 95.9635 -77.1166
vt -14.0891 3.69449
f 339/1084/285 338/1085/285 340/1086/285

vt 0.11579 20.5229
vn 0.17422 -0.878586 0.444673
v 76.8466 96.0939 -77.0629
vt 0.49262 20.7583
vt 0.490437 20.8911
f 340/1087/286 341/1088/286 339/1089/286

vt -10.648 4.29086
vn 0.140692 0.014447 -0.989948
vt -10.2207 4.16884
v 76.2826 96.1528 -77.131
vt -10.0845 4.34601
f 341/1090/287 340/1091/287 342/1092/287

vt 10.283 6.3218
vn -0.150271 -0.132658 0.979704
v 76.7584 96.0596 -77.0783
vt 10.7576 6.23392
vt 10.8464 6.26627
f 342/1093/288 343/1094/288 341/1095/288

v 76.6247 96.0882 -76.9879
vt -21.1066 -4.6842
vn 0.174639 0.984451 -0.0189171
vt -21.0275 -4.82861
vt -20.9187 -4.35836
f 344/1096/289 343/1097/289 342/1098/289

vt -15.8728 15.398
vn 0.0755328 0.985751 -0.150301
vt -15.7936 15.5425
v 77.0251 96.198 -76.2359
vt -16.4913 16.096
f 343/1099/290 344/1100/290 345/1101/290

v 76.6912 96.1066 -76.0648
vt 21.3401 8.6463
vn -0.237447 0.9714 0.000954577
vt 21.162 8.98763
vt 20.3715 8.57748
f 346/1102/291 345/1103/291 344/1104/291

vt 18.0404 -12.2662
vn -0.126465 0.972487 0.195643
vt 17.8512 -12.6015
v 77.1149 95.7249 -74.3078
vt 19.1724 -14.0027
f 345/1105/292 346/1106/292 347/1107/292

v 76.6753 95.5039 -74.0719
vt 23.0799 -6.79829
vn -0.285783 0.931848 0.223577
vt 23.1674 -6.26472
vt 21.4764 -5.34325
f 348/1108/293 347/1109/293 346/1110/293

v 77.3649 95.1995 -72.522
vt 23.7985 -9.39989
vn -0.267753 0.929887 0.252226
vt 22.2939 -8.15369
vt 22.1612 -8.67784
f 349/1111/294 347/1112/294 348/1113/294

vt 22.3074 -8.12271
vn -0.268484 0.929665 0.252269
vt 23.8134 -9.36713
v 77.7926 95.4543 -72.8674
vt 23.8555 -8.76373
f 347/1114/295 349/1115/295 350/1116/295

v 78.4598 94.1644 -70.5111
vt 15.52 -20.381
vn -0.103033 0.902172 0.41889
vt 14.3162 -17.8178
vt 13.9852 -18.3241
f 351/1117/296 350/1118/296 349/1119/296

vt 2.62033 -22.1843
vn 0.100671 0.921534 0.375021
vt 2.65356 -25.016
v 79.1284 94.3488 -71.0342
vt 3.4292 -24.6111
f 350/1120/297 351/1121/297 352/1122/297

v 80.6847 93.7276 -67.7381
vt 22.7869 -21.9771
vn -0.0830403 0.979815 0.181842
vt 19.9979 -19.3419
vt 19.6064 -20.1244
f 353/1123/298 352/1124/298 351/1125/298

vt -1.24843 -27.8279
vn 0.0574549 0.99064 0.123823
vt -1.22417 -31.6648
v 82.0843 93.7476 -68.4488
vt 0.341518 -31.5416
f 352/1126/299 353/1127/299 354/1128/299

v 82.1967 93.6539 -68.2779
vt -1.21852 -29.2171
vn 0.163902 0.936293 0.310633
vt -1.23815 -28.989
vt -2.80793 -29.0376
f 355/1129/300 354/1130/300 353/1131/300

vt 0.886088 -28.9577
vn 0.14288 0.935645 0.322728
vt 0.919564 -29.1841
v 83.7311 93.6634 -68.911
vt 2.57457 -29.1612
f 354/1132/301 355/1133/301 356/1134/301

vt 2.41748 -25.8157
vn 0.212932 0.854141 0.474451
vt 0.76239 -25.8315
v 82.3806 93.3966 -67.9844
vt 0.80991 -26.2608
f 356/1135/302 355/1136/302 357/1137/302

v 80.9112 93.3829 -67.2355
vt -3.44991 -26.3186
vn 0.250757 0.855065 0.453856
vt -1.80001 -26.2956
vt -1.81908 -25.8641
f 358/1138/303 357/1139/303 355/1140/303

vt -1.81932 -25.8638
vn 0.250767 0.855057 0.453865
v 80.7709 93.6403 -67.5507
vt -3.42052 -25.8866
vt -3.45015 -26.3183
f 355/1141/304 359/1142/304 358/1143/304

vt -3.11524 -29.4217
vn 0.154572 0.945666 0.286049
vt -3.12845 -29.6509
vt -1.52749 -29.6152
f 353/1144/305 359/1145/305 355/1146/305

vt -7.22659 -28.9625
vn 0.194627 0.943378 0.268622
vt -7.18622 -28.7364
v 79.6735 93.7314 -67.0932
vt -8.39169 -28.7268
f 359/1147/306 353/1148/306 360/1149/306

vt -7.87581 -27.3149
vn 0.0607731 0.99489 0.0806252
vt -8.97255 -30.9625
vt -7.76745 -30.994
f 351/1150/307 360/1151/307 353/1152/307

vt -10.2583 -30.5604
vn 0.0651143 0.994728 0.0792171
vt -9.01299 -26.9607
v 77.8278 94.1577 -69.9807
vt -9.84643 -27.0162
f 360/1153/308 351/1154/308 361/1155/308

vt -9.77397 -21.4587
vn 0.239901 0.934105 0.264376
vt -11.1566 -23.9821
vt -10.3215 -23.966
f 349/1156/309 361/1157/309 351/1158/309

vt -10.2955 -24.3771
vn 0.227251 0.936448 0.267251
vt -8.98743 -21.8142
v 76.8078 95.2331 -72.1925
vt -9.63248 -21.7313
f 361/1159/310 349/1160/310 362/1161/310

vt -12.0482 -20.6356
vn 0.122669 0.986897 0.104815
vt -13.4184 -22.0826
vt -12.7934 -22.2625
f 348/1162/311 362/1163/311 349/1164/311

vt -8.09346 -24.6114
vn 0.0808495 0.990848 0.108091
vt -7.0659 -22.904
v 76.2679 95.4947 -73.7324
vt -7.59966 -22.9621
f 362/1165/312 348/1166/312 363/1167/312

vt -8.16546 -22.4666
vn 0.106838 0.984961 0.135788
vt -7.63048 -22.4211
v 76.3769 95.8389 -75.7883
vt -6.79623 -20.7667
f 363/1168/313 348/1169/313 364/1170/313

vt 22.6554 0.380787
vn -0.456751 0.865145 0.207128
vt 22.7823 -0.0953718
vt 24.5367 -0.691249
f 346/1171/314 364/1172/314 348/1173/314

vt 22.5913 5.33294
vn -0.547171 0.832176 0.0899335
vt 22.3587 5.7674
v 76.4551 96.0323 -76.8179
vt 21.5396 5.64676
f 364/1174/315 346/1175/315 365/1176/315

vt 20.4568 8.44214
vn -0.279718 0.960074 0.00404885
vt 20.6325 8.26457
vt 21.4261 8.50064
f 344/1177/316 365/1178/316 346/1179/316

vt 18.615 -10.4872
vn -0.122137 0.981181 0.149551
vt 18.6392 -10.2385
v 76.3447 96.0573 -77.029
vt 18.3927 -10.3761
f 365/1180/317 344/1181/317 366/1182/317

vt 12.4219 -9.4268
vn -0.183099 0.738763 0.648617
vt 12.509 -9.55216
vt 12.7884 -9.51158
f 342/1183/318 366/1184/318 344/1185/318

vt 21.5607 3.98012
vn -0.904453 0.0143524 0.426332
v 76.4151 95.7846 -76.8875
vt 21.725 3.72498
vt 21.8082 3.95674
f 366/1186/319 367/1187/319 365/1188/319

v 76.2595 95.7441 -76.5945
vt 15.7366 7.86087
vn -0.877053 0.29476 -0.379335
vt 15.4434 8.14154
vt 15.3936 7.90036
f 368/1189/320 365/1190/320 367/1191/320

vt 20.9553 7.08947
vn -0.77537 0.629879 0.0453173
vt 21.1772 6.74968
vt 22.0288 6.8615
f 365/1192/321 368/1193/321 364/1194/321

v 76.1257 95.667 -75.357
vt 21.9425 8.44654
vn -0.535066 0.84478 -0.00709077
vt 21.4867 8.7355
vt 20.6428 8.57611
f 369/1195/322 364/1196/322 368/1197/322

vt 22.902 2.23273
vn -0.361882 0.925945 0.108011
vt 23.2589 1.8279
vt 24.9287 1.4223
f 364/1198/323 369/1199/323 363/1200/323

vt -23.8423 -1.82316
vn 0.763471 0.645784 -0.00866186
vt -22.1363 -1.61678
v 75.9815 95.8641 -74.7209
vt -22.8019 -1.38061
f 363/1201/324 369/1202/324 370/1203/324

v 76.0004 95.7464 -75.8732
vt -22.059 -1.39228
vn 0.660752 0.748635 -0.0543379
vt -23.2621 -1.23124
vt -22.6094 -1.50103
f 371/1204/325 370/1205/325 369/1206/325

vt -22.6972 3.18719
vn 0.995876 0.0906936 0.00243061
vt -21.4884 3.07666
v 75.9758 96.0252 -75.6429
vt -21.7301 3.33848
f 370/1207/326 371/1208/326 372/1209/326

v 76.0378 95.9525 -76.5952
vt -20.3275 3.58456
vn 0.997882 0.0408967 0.0505902
vt -21.3281 3.65264
vt -21.0856 3.39159
f 373/1210/327 372/1211/327 371/1212/327

vt -21.3571 3.21978
vn 0.994411 0.0944687 0.0471509
vt -20.3565 3.15148
v 76.0148 96.254 -76.639
vt -20.3119 3.43469
f 372/1213/328 373/1214/328 374/1215/328

vt 19.5685 -0.575234
vn -0.882189 -0.457824 -0.110184
v 76.0029 96.046 -75.895
vt 20.3432 -0.791598
vt 20.6088 -0.813211
f 374/1216/329 375/1217/329 372/1218/329

vt -20.6308 0.492432
vn 0.927329 0.363363 0.0895979
vt -19.8536 0.699813
v 75.9517 96.4567 -76.7079
vt -19.7881 0.901988
f 375/1219/330 374/1220/330 376/1221/330

vt 20.7412 3.61116
vn -0.993336 -0.114337 0.0145085
v 76.0027 96.0029 -76.3147
vt 21.1545 3.18401
vt 21.5947 3.22455
f 376/1222/331 377/1223/331 375/1224/331

vt -2.30702 -12.2105
vn 0.30544 0.719594 0.623611
vt -2.17998 -11.6299
v 75.8019 96.5754 -76.7507
vt -2.29555 -11.478
f 377/1225/332 376/1226/332 378/1227/332

vt 21.7725 4.49263
vn -0.94683 -0.076329 0.312549
v 75.8965 96.0907 -76.5876
vt 21.9654 4.03789
vt 22.2707 3.95552
f 378/1228/333 379/1229/333 377/1230/333

vt 19.3497 2.60268
vn -0.693012 0.146539 0.705876
vt 19.1642 3.06044
v 75.7078 96.5355 -76.8263
vt 19.0416 3.02272
f 379/1231/334 378/1232/334 380/1233/334

vt 20.1769 4.11259
vn -0.782085 0.0467314 0.621417
v 75.7437 96.1593 -76.7634
vt 20.2505 3.76029
vt 20.4896 3.696
f 380/1234/335 381/1235/335 379/1236/335

vt 17.2112 1.99632
vn -0.938862 -0.165057 -0.302151
vt 17.1602 2.3526
v 75.8118 96.2624 -76.9936
vt 16.9611 2.09391
f 381/1237/336 380/1238/336 382/1239/336

vt 21.336 4.95016
vn -0.616558 0.778457 0.117733
v 75.6035 96.0588 -76.8915
vt 21.4002 4.65692
vt 21.5596 4.80173
f 382/1240/337 383/1241/337 381/1242/337

vt 6.19431 7.33734
vn -0.587863 0.179652 -0.78876
vt 5.96447 7.5304
v 75.8977 95.9032 -77.1157
vt 5.82158 7.18973
f 383/1243/338 382/1244/338 384/1245/338

vt 2.03287 14.55
vn -0.361362 0.568227 -0.73928
v 75.481 95.8779 -76.9482
vt 2.48028 14.522
vt 2.39526 14.7214
f 384/1246/339 385/1247/339 383/1248/339

v 75.3817 95.705 -76.9093
vt 1.89106 3.83001
vn -0.408402 0.00773643 -0.912769
vt 1.7848 3.99179
vt 1.33715 4.0155
f 386/1249/340 385/1250/340 384/1251/340

vt 11.9068 9.15835
vn -0.75889 0.330845 -0.560916
vt 11.9992 8.98832
v 74.7845 95.881 -76.1091
vt 13.0222 9.16138
f 385/1252/341 386/1253/341 387/1254/341

v 74.6493 95.9153 -76.0366
vt -22.1107 -0.460669
vn 0.19861 0.979247 -0.0403582
vt -22.0644 -0.610668
vt -21.3676 -1.3793
f 388/1255/342 387/1256/342 386/1257/342

vt -21.9289 3.58056
vn 0.179447 0.981052 -0.0730494
vt -21.9458 3.73662
v 73.6665 96.2517 -74.5712
vt -22.9738 5.26544
f 387/1258/343 388/1259/343 389/1260/343

v 73.3154 96.252 -74.5447
vt -2.89428 23.5488
vn -0.0141077 0.982004 -0.188332
vt -3.24292 23.5473
vt -4.32172 22.0539
f 390/1261/344 389/1262/344 388/1263/344

v 72.6936 96.2039 -73.1728
vt 1.42292 -24.4803
vn 0.00314537 0.999569 0.0291959
vt 2.52914 -23.1225
vt 2.18062 -23.1132
f 391/1264/345 389/1265/345 390/1266/345

vt -15.3563 -14.8106
vn 0.285782 0.93678 0.201921
vt -17.1036 -14.9299
v 73.3261 95.9535 -73.0496
vt -16.8324 -15.5553
f 389/1267/346 391/1268/346 392/1269/346

v 72.0287 95.1715 -70.8301
vt -10.8114 -20.2381
vn 0.233665 0.897801 0.373303
vt -8.52611 -18.7038
vt -8.9985 -18.2124
f 393/1270/347 392/1271/347 391/1272/347

vt -1.25643 -21.9401
vn 0.0773574 0.948654 0.306712
vt -3.04332 -24.0338
v 72.8666 94.9703 -70.5277
vt -2.31054 -24.5723
f 392/1273/348 393/1274/348 394/1275/348

v 71.1178 93.9411 -66.9009
vt -8.26821 -27.8303
vn 0.0991899 0.960596 0.259648
vt -5.35343 -24.6936
vt -6.02519 -24.0807
f 395/1276/349 394/1277/349 393/1278/349

vt 19.5031 -18.0977
vn -0.130551 0.977506 0.165644
vt 20.3868 -22.2874
v 72.0793 93.9786 -66.4045
vt 21.4642 -22.1348
f 394/1279/350 395/1280/350 396/1281/350

v 72.0016 93.8749 -66.1932
vt 20.0557 -21.9723
vn -0.20611 0.93208 0.297903
vt 19.9988 -21.7252
vt 18.9144 -21.8146
f 397/1282/351 396/1283/351 395/1284/351

vt 20.8589 -21.0167
vn -0.218938 0.930648 0.29319
vt 20.9238 -21.2618
v 72.8817 93.9061 -65.6889
vt 21.9433 -21.1879
f 396/1285/352 397/1286/352 398/1287/352

vt 21.4585 -19.6844
vn -0.285341 0.871517 0.398797
vt 20.4379 -19.74
v 71.8761 93.626 -65.8387
vt 20.5433 -20.1832
f 398/1288/353 397/1289/353 399/1290/353

v 70.8674 93.5924 -66.3594
vt 18.2416 -21.1032
vn -0.26347 0.874483 0.407264
vt 19.3812 -21.0429
vt 19.2933 -20.5958
f 400/1291/354 399/1292/354 397/1293/354

vt 19.2927 -20.5959
vn -0.263471 0.874472 0.407285
v 71.023 93.843 -66.6997
vt 18.1864 -20.6531
vt 18.241 -21.1032
f 397/1294/355 401/1295/355 400/1296/355

vt 18.7252 -22.1826
vn -0.193521 0.938962 0.284428
vt 18.7604 -22.4282
vt 19.8654 -22.3484
f 395/1297/356 401/1298/356 397/1299/356

vt 10.5418 -26.5428
vn -0.0961396 0.94062 0.325564
vt 10.5756 -26.2969
v 69.7699 93.9779 -67.3344
vt 9.16595 -26.2046
f 401/1300/357 395/1301/357 402/1302/357

vt 9.61655 -23.5089
vn -0.0604705 0.971295 0.230063
vt 8.32723 -27.7459
vt 9.73378 -27.8766
f 393/1303/358 402/1304/358 395/1305/358

vt -9.23388 -26.0549
vn 0.122628 0.937482 0.325715
vt -5.90376 -23.1353
v 71.039 95.3943 -71.0033
vt -6.76489 -22.5903
f 402/1306/359 393/1307/359 403/1308/359

vt -3.38481 -20.6018
vn 0.114938 0.928 0.354409
vt -5.61436 -22.4535
vt -4.73179 -22.9631
f 391/1309/360 403/1310/360 393/1311/360

vt 12.8318 -21.687
vn -0.102557 0.970165 0.219687
vt 13.4144 -18.8479
v 72.0117 96.132 -73.2005
vt 12.7837 -19.1001
f 403/1312/361 391/1313/361 404/1314/361

vt 22.2731 7.44347
vn -0.0933035 0.995593 -0.00948581
vt 23.8125 6.31247
vt 23.769 6.99037
f 390/1315/362 404/1316/362 391/1317/362

vt 18.647 16.4042
vn -0.265623 0.950459 -0.16147
vt 16.7669 16.7419
v 73.0245 96.1614 -74.5416
vt 16.9252 16.4868
f 404/1318/363 390/1319/363 405/1320/363

vt 7.70133 20.9823
vn -0.247393 0.879126 -0.40735
vt 7.45041 21.1472
v 74.4091 95.8838 -75.7705
vt 5.87476 20.4776
f 405/1321/364 390/1322/364 406/1323/364

vt 12.4636 4.24862
vn -0.780534 0.0220177 -0.624725
vt 12.8294 4.21915
vt 14.5064 4.56377
f 388/1324/365 406/1325/365 390/1326/365

vt 12.8636 4.63927
vn -0.781012 0.0471509 -0.622733
vt 12.4978 4.66876
v 75.3148 95.5812 -76.799
vt 11.4642 4.35584
f 406/1327/366 388/1328/366 407/1329/366

vt 12.3536 1.12543
vn -0.805952 -0.154779 -0.571389
vt 12.4856 1.00839
vt 13.5183 1.32427
f 386/1330/367 407/1331/367 388/1332/367

vt 4.80918 -7.31097
vn -0.447857 -0.533144 -0.717761
vt 4.6936 -7.17766
v 75.7492 95.6049 -77.0558
vt 4.30294 -7.28547
f 407/1333/368 386/1334/368 408/1335/368

vt 1.27097 3.81795
vn -0.405464 -0.00254023 -0.914107
vt 1.43059 3.5388
vt 1.82487 3.63247
f 384/1336/369 408/1337/369 386/1338/369

vt 4.84442 4.01865
vn -0.551614 0.0228236 -0.833787
v 75.6527 95.427 -77.0025
vt 4.95487 3.85216
vt 5.35082 3.99648
f 408/1339/370 409/1340/370 407/1341/370

v 75.2896 95.5475 -76.641
vt 16.0952 -10.1351
vn -0.488232 -0.846816 -0.211027
vt 15.9345 -10.0785
vt 15.6017 -10.3372
f 410/1342/371 407/1343/371 409/1344/371

vt 16.2365 -9.40949
vn -0.519313 -0.827853 -0.21207
vt 16.3983 -9.4633
vt 17.5803 -8.9269
f 407/1345/372 410/1346/372 406/1347/372

v 74.185 95.8554 -75.5585
vt 11.7355 5.07916
vn -0.729935 0.0717794 -0.679738
vt 11.4222 5.10581
vt 10.163 4.79039
f 411/1348/373 406/1349/373 410/1350/373

vt 11.0786 1.04853
vn -0.710856 -0.154917 -0.686065
vt 11.3919 1.02167
vt 12.9554 1.31092
f 406/1351/374 411/1352/374 405/1353/374

vt -20.4468 -9.02983
vn 0.319109 0.942658 0.0978036
vt -19.0793 -9.84109
v 74.0987 95.9001 -75.6489
vt -19.0157 -9.72247
f 405/1354/375 411/1355/375 412/1356/375

v 75.107 95.852 -76.553
vt -11.6156 -16.2757
vn 0.225345 0.956889 0.183257
vt -12.9823 -16.1318
vt -12.9983 -16.2655
f 413/1357/376 412/1358/376 411/1359/376

vt -11.576 -8.4039
vn 0.562526 0.632648 0.532278
vt -10.2028 -8.46019
v 74.9723 96.0931 -76.653
vt -10.2231 -8.17838
f 412/1360/377 413/1361/377 414/1362/377

v 75.4741 96.4219 -77.2812
vt -6.77296 -8.29
vn 0.488249 0.625848 0.608216
vt -7.56506 -8.6709
vt -7.52224 -8.95017
f 415/1363/378 414/1364/378 413/1365/378

vt -11.466 0.3785
vn 0.752892 0.212045 0.623049
vt -10.645 0.692249
v 75.4574 96.6778 -77.332
vt -10.6159 0.936464
f 414/1366/379 415/1367/379 416/1368/379

vt 0.578467 -11.5511
vn 0.20471 0.741166 0.639349
v 74.9249 96.23 -76.7654
vt -0.0972285 -12.1404
vt -0.0864592 -12.3205
f 416/1369/380 417/1370/380 414/1371/380

vt -1.9762 -10.6103
vn 0.284942 0.684729 0.670787
vt -1.26687 -10.062
v 75.4677 96.7088 -77.3611
vt -1.24605 -10.0241
f 417/1372/381 416/1373/381 418/1374/381

vt 20.3199 -2.53892
vn -0.393708 0.884821 0.24917
v 74.8945 96.2656 -76.9098
vt 20.3971 -3.38128
vt 20.5401 -3.44898
f 418/1375/382 419/1376/382 417/1377/382

vt 15.8309 11.9261
vn -0.71344 0.62427 -0.318261
vt 15.1617 12.4435
v 75.2132 96.4448 -77.2646
vt 15.3605 12.1353
f 419/1378/383 418/1379/383 420/1380/383

vt 19.4902 9.13007
vn -0.485253 0.873663 -0.0352332
v 74.8105 96.2027 -77.1061
vt 19.6866 8.68419
vt 19.8854 8.80001
f 420/1381/384 421/1382/384 419/1383/384

vt 2.23864 4.29656
vn -0.404202 0.00792997 -0.914635
vt 1.80731 4.52306
v 74.9643 96.0261 -77.1685
vt 2.07316 4.13127
f 421/1384/385 420/1385/385 422/1386/385

vt -13.8078 12.6306
vn 0.329814 0.629562 -0.703473
v 74.6814 96.0429 -77.2735
vt -13.5065 12.6502
vt -13.6948 12.8354
f 422/1387/386 423/1388/386 421/1389/386

vt -12.9699 5.56978
vn 0.390867 0.107523 -0.914145
vt -13.2715 5.55394
v 74.9915 95.594 -77.1987
vt -13.2847 5.14772
f 423/1390/387 422/1391/387 424/1392/387

vt -11.9812 4.25558
vn 0.317609 0.0437083 -0.947214
v 74.5158 95.7879 -77.3317
vt -11.4892 4.43715
vt -11.6642 4.67597
f 424/1393/388 425/1394/388 423/1395/388

vt -16.1959 11.3538
vn 0.435073 0.684892 -0.584495
vt -16.6627 11.1148
v 75.1345 95.396 -77.2896
vt -16.7239 10.8707
f 425/1396/389 424/1397/389 426/1398/389

vt -8.76237 4.89274
vn 0.130726 0.0884241 -0.987467
v 74.4101 95.6833 -77.3511
vt -8.04221 5.16249
vt -8.14858 5.26063
f 426/1399/390 427/1400/390 425/1401/390

v 74.4611 95.9752 -77.4024
vt 6.05725 -0.0226728
vn -0.0208543 0.218469 0.975621
vt 6.00792 -0.301203
vt 6.7264 -0.57542
f 428/1402/391 427/1403/391 426/1404/391

vt 0.225919 0.719128
vn 0.270856 0.156126 0.949875
vt 0.288517 0.994981
v 73.1505 96.1618 -77.088
vt -1.04863 1.17126
f 427/1405/392 428/1406/392 429/1407/392

v 73.1918 96.385 -77.1761
vt -1.59083 -3.02775
vn 0.281189 0.37891 0.88168
vt -1.65654 -3.25027
vt -0.320696 -3.43617
f 430/1408/393 429/1409/393 428/1410/393

vt -1.07701 -3.42539
vn 0.254137 0.386956 0.886386
vt -1.01347 -3.20224
v 72.3448 96.2677 -76.9154
vt -1.89331 -3.31951
v 71.219 96.1119 -76.5687
vt -3.06289 -3.47526
f 429/1411/394 430/1412/394 431/1413/394 432/1414/394 

v 71.1853 96.2646 -76.7538
vt -0.445873 -14.314
vn 0.0792167 0.839497 0.537559
vt -0.439602 -14.5574
vt 0.713854 -14.3089
vt 1.58157 -14.122
f 433/1415/395 432/1416/395 431/1417/395 430/1418/395 

v 69.3101 95.9496 -75.9999
vt -3.5994 -14.7717
vn 0.111492 0.839393 0.531966
vt -1.63125 -14.5129
vt -1.62629 -14.2695
f 434/1419/396 432/1420/396 433/1421/396

vt 0.785675 -18.4108
vn 0.0250418 0.954767 0.2963
vt -1.14519 -18.8715
v 69.7014 95.834 -75.735
vt -0.781154 -19.1997
f 432/1422/397 434/1423/397 435/1424/397

v 67.0372 94.9436 -74.8192
vt 3.09289 -18.1139
vn -0.0997949 0.89304 0.438771
vt 5.47296 -16.4151
vt 5.0353 -16.1945
f 436/1425/398 435/1426/398 434/1427/398

vt 11.1775 -15.8503
vn -0.16911 0.940647 0.294254
vt 9.31283 -18.1028
v 67.4554 94.7841 -74.1998
vt 9.98804 -18.5063
f 435/1428/399 436/1429/399 437/1430/399

v 63.4749 93.8396 -72.224
vt 1.86233 -24.2164
vn -0.0721646 0.967785 0.241216
vt 5.09634 -21.043
vt 4.52054 -20.5072
f 438/1431/400 437/1432/400 436/1433/400

vt 23.2605 -0.559661
vn -0.207623 0.978209 0.000368851
vt 25.3258 -4.5925
v 63.5114 93.8492 -71.0383
vt 26.5696 -4.55147
f 437/1434/401 438/1435/401 439/1436/401

v 63.2674 93.7508 -70.9024
vt 26.6393 -4.66637
vn -0.337173 0.941431 0.00477154
vt 26.5004 -4.40655
vt 25.2562 -4.43192
f 440/1437/402 439/1438/402 438/1439/402

vt 26.8769 -2.15269
vn -0.35308 0.935275 -0.0243978
vt 27.0367 -2.40025
v 63.2224 93.7711 -69.7804
vt 28.2134 -2.34917
f 439/1440/403 440/1441/403 441/1442/403

vt 28.1612 -2.11658
vn -0.514817 0.856833 -0.0282748
vt 26.9839 -2.15194
v 62.8798 93.4995 -70.6913
vt 27.2272 -2.5897
f 441/1443/404 440/1444/404 442/1445/404

v 62.8501 93.4878 -71.9369
vt 25.5546 -4.34384
vn -0.499234 0.866443 0.00655564
vt 26.8616 -4.32295
vt 26.6455 -3.87114
f 443/1446/405 442/1447/405 440/1448/405

vt 26.6455 -3.87105
vn -0.499228 0.866446 0.00655317
v 63.2414 93.7414 -72.1129
vt 25.3754 -3.88808
vt 25.5546 -4.34376
f 440/1449/406 444/1450/406 443/1451/406

vt 25.295 -4.20297
vn -0.351332 0.936247 0.00257942
vt 25.4097 -4.45212
vt 26.6797 -4.42811
f 438/1452/407 444/1453/407 440/1454/407

vt 21.4863 -13.1738
vn -0.296102 0.948169 0.115319
vt 21.4668 -12.9002
v 63.0213 93.8488 -73.3332
vt 20.2176 -12.8746
f 444/1455/408 438/1456/408 445/1457/408

vt 20.198 -9.31125
vn -0.204378 0.975476 0.0817095
vt 20.0824 -13.6948
vt 21.3313 -13.7316
f 436/1458/409 445/1459/409 438/1460/409

vt -0.911715 -21.8027
vn -0.0760285 0.927604 0.365747
vt 2.69362 -19.3065
v 66.4921 95.1011 -75.2359
vt 2.0792 -18.9473
f 445/1461/410 436/1462/410 446/1463/410

vt 6.25328 -16.263
vn -0.120522 0.903897 0.410419
vt 3.77524 -17.9646
vt 4.41299 -18.2805
f 434/1464/411 446/1465/411 436/1466/411

vt 3.73092 -17.9534
vn -0.119973 0.903357 0.411768
vt 6.212 -16.2563
v 69.1472 96.0715 -76.2546
vt 5.98541 -16.0124
f 446/1467/412 434/1468/412 447/1469/412

vt 1.6045 -17.4712
vn 0.0144377 0.937476 0.34775
vt -0.432114 -17.9414
vt -0.281509 -18.2383
f 433/1470/413 447/1471/413 434/1472/413

vt 2.58825 -19.346
vn -0.0240517 0.975833 0.21719
vt 4.54195 -18.6031
v 71.3047 96.3131 -76.9162
vt 4.64191 -18.4163
f 447/1473/414 433/1474/414 448/1475/414

vt 4.55621 -18.4303
vn -0.0231213 0.975726 0.217772
vt 4.45548 -18.6167
v 73.2618 96.4345 -77.1734
vt 6.45847 -17.9643
f 448/1476/415 433/1477/415 449/1478/415

vt -0.477604 11.9953
vn 0.225367 -0.426622 0.875901
vt -0.41096 12.0455
vt -2.51044 11.8729
f 430/1479/416 449/1480/416 433/1481/416

vt 1.21918 10.2212
vn 0.158525 -0.325099 0.932298
vt 1.15121 10.1727
v 74.5691 96.2983 -77.4153
vt 2.5364 10.0878
f 449/1482/417 430/1483/417 450/1484/417

vt 2.08214 4.34007
vn 0.185105 -0.0220905 0.98247
vt 2.18969 4.6424
vt 0.804277 4.72362
f 428/1485/418 450/1486/418 430/1487/418

vt 6.23589 3.21906
vn -0.0251805 0.0573325 0.998038
vt 6.12929 2.91639
v 75.2326 95.6787 -77.3752
vt 6.89383 2.63858
f 450/1488/419 428/1489/419 451/1490/419

vt 4.89247 -2.83062
vn 0.0705876 0.329067 0.941664
vt 4.9957 -2.55354
vt 4.2359 -2.263
f 426/1491/420 451/1492/420 428/1493/420

vt 6.36668 2.02589
vn 0.00283173 0.0907505 0.99587
v 75.2879 96.0268 -77.4008
vt 6.4215 2.3527
vt 5.70974 2.60752
f 451/1494/421 452/1495/421 450/1496/421

v 74.6347 96.2875 -77.3193
vt 20.8016 2.85554
vn -0.320269 -0.940606 0.112641
vt 20.6844 2.88357
vt 20.9476 2.17484
f 453/1497/422 450/1498/422 452/1499/422

vt 17.3478 -10.8311
vn -0.09837 -0.994754 -0.0280613
vt 17.4252 -10.9234
vt 17.9643 -9.65939
f 450/1500/423 453/1501/423 449/1502/423

v 73.3526 96.362 -77.0846
vt 1.17698 -15.6554
vn -0.135634 -0.883735 -0.447901
vt 1.23771 -15.5221
vt -0.109621 -15.7922
f 454/1503/424 449/1504/424 453/1505/424

vt -3.46754 -14.2514
vn -0.0275065 -0.850651 -0.525011
vt -3.55268 -14.3706
vt -1.51921 -14.4509
f 449/1506/425 454/1507/425 448/1508/425

vt -1.48765 -14.1012
vn -0.0293612 -0.838919 -0.543464
vt -3.52122 -14.0235
v 73.456 96.2191 -76.9146
vt -3.61436 -14.2508
vt -2.51586 -14.1735
f 448/1509/426 454/1510/426 455/1511/426 431/1512/426 

v 74.6238 96.2107 -77.0065
vt -4.01134 -14.492
vn -0.0499143 -0.843273 -0.535163
vt -2.85147 -14.4783
vt -2.76516 -14.2484
f 456/1513/427 455/1514/427 454/1515/427

vt 3.01735 -0.600775
vn 0.0817514 0.250053 0.964775
vt 4.17727 -0.608911
v 74.5602 96.3093 -77.0218
vt 4.11578 -0.514214
f 455/1516/428 456/1517/428 457/1518/428

v 75.2181 96.395 -77.5177
vt -6.27443 -5.6231
vn 0.518863 0.510901 0.685391
vt -7.1049 -5.71423
vt -7.06304 -5.81909
f 458/1519/429 457/1520/429 456/1521/429

vt -5.79629 -12.9687
vn 0.328573 0.801192 0.500131
vt -4.97039 -12.8427
v 75.263 96.5779 -77.7765
vt -4.78993 -12.5739
f 457/1522/430 458/1523/430 459/1524/430

vt 12.5505 -14.6697
vn -0.0785527 0.974114 0.21197
v 74.4799 96.4033 -77.3924
vt 11.9507 -15.3233
vt 12.1545 -15.6756
f 459/1525/431 460/1526/431 457/1527/431

vt 18.9383 9.19715
vn -0.209982 0.977323 -0.0273433
vt 18.4336 9.92674
v 75.3778 96.5965 -78.0233
vt 18.1618 10.0047
f 460/1528/432 459/1529/432 461/1530/432

vt 15.5123 -12.2144
vn -0.08467 0.987291 0.134491
v 74.4751 96.4871 -77.8862
vt 14.8158 -12.8007
vt 15.0852 -13.2501
f 461/1531/433 462/1532/433 460/1533/433

vt -1.37862 13.4863
vn -0.193759 0.51783 -0.833252
vt -2.28157 13.6027
v 75.5652 96.3593 -78.1801
vt -2.49781 13.3503
f 462/1534/434 461/1535/434 463/1536/434

vt -6.20616 -17.3445
vn 0.160484 0.966904 0.198347
v 74.638 96.5562 -78.2709
vt -6.87638 -16.6829
vt -7.24859 -16.915
f 463/1537/435 464/1538/435 462/1539/435

vt -9.45109 11.2262
vn 0.18543 0.446388 -0.875416
vt -10.3709 11.0243
v 75.6823 96.0171 -78.2975
vt -10.4606 10.6737
f 464/1540/436 463/1541/436 465/1542/436

vt -19.9942 -0.821107
vn 0.415659 0.905735 -0.0828933
v 74.7858 96.4546 -78.5003
vt -19.6023 0.100315
vt -19.8076 0.314431
f 465/1543/437 466/1544/437 464/1545/437

vt -12.598 8.83359
vn 0.370909 0.337675 -0.865103
vt -13.5022 8.40341
v 75.5864 95.7208 -78.426
vt -13.3634 8.11199
f 466/1546/438 465/1547/438 467/1548/438

vt -9.50803 4.64537
vn 0.157368 0.0605088 -0.985685
v 74.7358 96.0262 -78.5281
vt -8.6586 4.93153
vt -8.71192 5.33298
f 467/1549/439 468/1550/439 466/1551/439

vt -7.8116 2.40583
vn 0.107511 -0.0967605 -0.989484
vt -8.66081 2.11901
v 75.4047 95.6053 -78.4337
vt -8.48091 2.0105
f 468/1552/440 467/1553/440 469/1554/440

v 74.6939 95.6303 -78.4632
vt -6.69048 0.134176
vn 0.0445584 -0.20546 -0.977651
v 74.63 95.6318 -78.466
vt -6.62715 0.135616
vt -6.72907 0.511093
vt -7.39518 0.110399
f 470/1555/441 471/1556/441 468/1557/441 469/1558/441 

v 74.6103 95.6322 -78.4259
vt 15.5848 -11.9715
vn -0.0303026 -0.999484 -0.0106781
vt 15.5385 -11.9749
vt 15.5192 -12.0352
vt 15.3024 -12.7061
f 472/1559/442 471/1560/442 470/1561/442 469/1562/442 

vt -13.99 14.3121
vn 0.171718 -0.981581 0.0837361
vt -14.0363 14.3143
v 73.4028 95.3533 -78.8116
vt -14.2252 13.0373
f 471/1563/443 472/1564/443 473/1565/443

v 73.5265 95.4001 -78.9528
vt 18.8201 -0.835907
vn -0.228502 0.970336 0.0789548
vt 18.9172 -1.00693
vt 19.7095 0.012209
f 474/1566/444 473/1567/444 472/1568/444

vt 15.8868 -9.43898
vn -0.143291 0.978617 0.147567
vt 15.8771 -9.24256
v 71.8014 95.2675 -79.741
vt 14.0545 -9.79905
f 473/1569/445 474/1570/445 475/1571/445

v 72.1189 95.4459 -80.0867
vt 12.9217 -9.90237
vn -0.188657 0.95257 0.238784
vt 12.8865 -10.4081
vt 14.7546 -10.0322
f 476/1572/446 475/1573/446 474/1574/446

v 69.8187 95.3592 -80.5635
vt 6.11446 -13.2662
vn -0.104392 0.946566 0.305149
vt 8.251 -13.5082
vt 8.43893 -13.0374
f 477/1575/447 475/1576/447 476/1577/447

vt 6.77277 -15.3994
vn -0.0413936 0.983812 0.174355
vt 4.66612 -14.9689
v 69.5513 95.2479 -80.1184
vt 4.5096 -15.4917
f 475/1578/448 477/1579/448 478/1580/448

v 66.766 94.6796 -81.0938
vt 14.0658 -7.03489
vn -0.210046 0.97419 0.0826747
vt 16.0752 -4.81522
vt 15.7456 -4.38034
f 479/1581/449 478/1582/449 477/1583/449

vt 16.9973 -0.956128
vn -0.189105 0.981596 0.0266227
vt 15.5774 -3.59215
v 66.5345 94.6062 -80.3798
vt 16.2849 -3.9327
f 478/1584/450 479/1585/450 480/1586/450

v 62.7853 93.7111 -81.1334
vt 15.3484 -6.75103
vn -0.212572 0.97695 0.019564
vt 16.496 -3.03337
vt 15.7724 -2.72843
f 481/1587/451 480/1588/451 479/1589/451

vt 16.8462 2.02411
vn -0.199131 0.979127 -0.0407075
vt 16.8593 -1.86662
v 62.6686 93.741 -80.0767
vt 17.966 -1.73667
f 480/1590/452 481/1591/452 482/1592/452

v 62.4258 93.6448 -80.1103
vt 17.8508 -2.44538
vn -0.325456 0.94414 -0.0517551
vt 17.8457 -2.18615
vt 16.7343 -2.26671
f 483/1593/453 482/1594/453 481/1595/453

vt 17.8123 -2.36575
vn -0.325986 0.944133 -0.0484437
vt 17.8148 -2.62502
v 62.3483 93.6818 -79.1036
vt 18.8692 -2.52528
f 482/1596/454 483/1597/454 484/1598/454

vt 18.7542 -2.5322
vn -0.473235 0.879158 -0.055949
vt 17.6974 -2.60172
v 62.0072 93.3867 -80.1771
vt 17.6794 -3.08652
f 484/1599/455 483/1600/455 485/1601/455

v 62.1332 93.354 -81.2848
vt 16.6104 -2.79275
vn -0.471463 0.879393 -0.0662641
vt 17.7773 -2.73119
vt 17.7855 -2.24613
f 486/1602/456 485/1603/456 483/1604/456

vt 17.7854 -2.24631
vn -0.471478 0.879385 -0.0662592
v 62.5501 93.6143 -81.1848
vt 16.6533 -2.30363
vt 16.6103 -2.79292
f 483/1605/457 487/1606/457 486/1607/457

vt 16.745 -2.19003
vn -0.332186 0.941669 -0.0539611
vt 16.7314 -2.44551
vt 17.8622 -2.36501
f 481/1608/458 487/1609/458 483/1610/458

vt 17.0352 1.23252
vn -0.313884 0.94104 -0.126174
vt 16.9936 1.48496
v 63.2544 93.699 -82.2339
vt 15.7518 1.45349
f 487/1611/459 481/1612/459 488/1613/459

vt 15.4313 5.25259
vn -0.21011 0.973757 -0.0874654
vt 15.7395 1.46974
vt 16.9809 1.51629
f 479/1614/460 488/1615/460 481/1616/460

vt 15.4581 -2.60828
vn -0.230286 0.972596 -0.0320189
vt 16.1341 1.12642
v 67.1475 94.7547 -81.7044
vt 15.4459 1.41244
f 488/1617/461 479/1618/461 489/1619/461

vt 16.4946 2.73094
vn -0.192803 0.981182 -0.0104273
vt 15.4514 -0.0425794
vt 16.1123 -0.387097
f 477/1620/462 489/1621/462 479/1622/462

vt 14.4277 -4.71053
vn -0.224518 0.972701 0.0586914
vt 16.2895 -2.40518
v 70.2357 95.498 -80.9823
vt 15.9759 -1.87591
f 489/1623/463 477/1624/463 490/1625/463

vt 9.30678 -13.5682
vn -0.0781058 0.978661 0.190059
vt 7.22497 -13.3536
vt 6.99858 -13.9257
f 476/1626/464 490/1627/464 477/1628/464

vt 7.70101 -12.3401
vn -0.123201 0.954152 0.27279
vt 9.78858 -12.4884
v 72.384 95.591 -80.3856
vt 9.90736 -12.0752
f 490/1629/465 476/1630/465 491/1631/465

vt 13.1591 -9.34081
vn -0.184974 0.956636 0.225018
vt 13.1439 -9.77049
v 73.6108 95.394 -78.8204
vt 15.1302 -9.92427
f 491/1632/466 476/1633/466 492/1634/466

vt -8.21253 -16.8448
vn 0.00876379 -0.999096 -0.0416019
vt -8.32153 -16.9652
vt -6.6119 -15.9424
f 474/1635/467 492/1636/467 476/1637/467

vt -18.004 -3.14033
vn 0.464596 -0.834741 -0.295564
vt -17.8419 -3.13045
v 74.3518 95.7003 -78.4719
vt -18.7189 -2.64453
v 74.5789 95.7825 -78.3385
vt -18.9612 -2.51157
f 492/1638/468 474/1639/468 493/1640/468 494/1641/468 

vt 12.0254 11.8071
vn -0.292112 -0.604474 0.741135
vt 12.0282 11.9777
vt 11.7682 11.884
vt 10.8249 11.5442
f 472/1642/469 494/1643/469 493/1644/469 474/1645/469 

vt 9.60919 12.8633
vn -0.175618 -0.606034 0.77581
vt 9.62045 12.6931
v 75.2644 95.8058 -78.1889
vt 10.3064 12.8896
f 494/1646/470 472/1647/470 495/1648/470

vt 7.32479 17.1877
vn -0.0223944 -0.842073 0.538898
vt 7.19596 17.5094
vt 6.53894 17.2309
f 469/1649/471 495/1650/471 472/1651/471

vt 10.2025 14.2905
vn -0.15362 -0.6984 0.699027
v 75.0941 96.1379 -77.9572
vt 10.0867 14.7032
vt 9.50539 14.2616
f 495/1652/472 496/1653/472 494/1654/472

v 74.438 95.8373 -78.1351
vt -6.25505 18.5193
vn 0.258638 -0.899463 0.352239
vt -6.01941 18.4108
vt -5.82853 19.1154
f 497/1655/473 494/1656/473 496/1657/473

vt -3.50408 19.4719
vn 0.164958 -0.938577 0.303087
vt -3.72521 19.6076
vt -4.12449 18.5093
f 494/1658/474 497/1659/474 492/1660/474

v 73.7034 95.3884 -78.7286
vt -16.7554 1.36542
vn 0.719226 -0.225381 -0.657204
vt -16.6221 1.37075
vt -17.7111 1.79486
f 498/1661/475 492/1662/475 497/1663/475

vt 15.7687 -8.56169
vn -0.24346 0.933384 0.26367
vt 15.9014 -8.57518
vt 13.7692 -8.08478
f 492/1664/476 498/1665/476 491/1666/476

vt 8.43721 -14.2711
vn -0.0414186 0.991226 0.125517
vt 10.2039 -15.5616
v 73.8521 95.437 -78.9911
vt 10.2628 -15.2523
f 491/1667/477 498/1668/477 499/1669/477

v 74.5104 95.813 -78.1663
vt 17.9618 9.49782
vn -0.385797 0.920783 -0.0576104
vt 17.2096 8.63918
vt 17.5044 8.52831
f 500/1670/478 499/1671/478 498/1672/478

vt -0.581732 19.003
vn -0.0752825 0.953767 -0.290967
vt -1.00916 20.0615
v 74.6984 95.7497 -78.3755
vt -1.24177 19.8831
f 499/1673/479 500/1674/479 501/1675/479

v 74.9019 95.9769 -78.0746
vt 3.73623 19.1799
vn -0.226126 0.889941 -0.396071
vt 3.76383 18.7494
vt 4.03123 18.8694
f 502/1676/480 501/1677/480 500/1678/480

vt -17.7039 6.45888
vn 0.68943 0.356178 -0.630732
vt -18.0717 6.68424
v 75.0751 95.307 -78.2084
vt -18.0903 6.01985
f 501/1679/481 502/1680/481 503/1681/481

vt -18.6723 5.9115
vn 0.714559 0.411249 -0.565933
v 74.7264 95.6224 -78.418
vt -18.281 6.23131
vt -18.2974 6.36038
f 503/1682/482 504/1683/482 501/1684/482

vt -18.6021 6.14087
vn 0.720943 0.457128 -0.520841
vt -18.9875 5.81391
v 75.265 94.7977 -78.3316
vt -18.9992 5.28592
f 504/1685/483 503/1686/483 505/1687/483

vt -19.153 5.12091
vn 0.729626 0.466279 -0.50023
v 74.7599 95.5008 -78.4651
vt -18.7447 5.85344
vt -18.7653 5.98016
f 505/1688/484 506/1689/484 504/1690/484

vt 10.137 2.88939
vn -0.243388 0.0394501 0.969126
vt 10.6566 2.23112
v 75.5105 94.8675 -78.28
vt 10.9059 2.29643
f 506/1691/485 505/1692/485 507/1693/485

vt -12.9101 -10.2749
vn 0.521572 0.802113 0.290824
v 74.9642 95.4541 -78.6884
vt -12.8166 -9.39674
vt -13.1205 -9.32696
f 507/1694/486 508/1695/486 506/1696/486

vt 13.4616 -0.688168
vn -0.422337 0.308379 0.852369
vt 14.1344 -1.2602
v 75.7674 95.2078 -78.2658
vt 14.3716 -0.928356
f 508/1697/487 507/1698/487 509/1699/487

vt -9.46791 -16.5357
vn 0.176686 0.972807 0.149761
v 75.2368 95.4452 -78.9285
vt -9.30215 -15.6497
vt -9.66887 -15.6162
f 509/1700/488 510/1701/488 508/1702/488

vt 15.9496 -6.15613
vn -0.375213 0.785859 0.49157
vt 16.7843 -6.49626
v 75.9916 95.5109 -78.5008
vt 16.8203 -6.06188
f 510/1703/489 509/1704/489 511/1705/489

vt -4.44023 19.88
vn -0.0147989 0.995114 -0.0976219
v 75.4749 95.4373 -79.0258
vt -4.01212 19.2561
vt -3.76439 19.323
f 511/1706/490 512/1707/490 510/1708/490

vt 18.6725 -2.11232
vn -0.479224 0.813232 0.33015
vt 19.4207 -1.99933
v 76.1229 95.725 -78.7528
vt 19.2835 -1.67112
v 76.1419 95.7557 -78.7889
vt 19.264 -1.6239
f 512/1709/491 511/1710/491 513/1711/491 514/1712/491 

vt 9.71579 17.3678
vn -0.301161 0.925434 -0.229943
v 75.6841 95.49 -79.1016
vt 9.74582 16.7549
vt 9.93742 16.6335
f 514/1713/492 515/1714/492 512/1715/492

v 75.8695 95.6626 -79.2773
vt 19.2055 3.71715
vn -0.539559 0.829449 0.144533
vt 19.3328 3.43926
vt 19.7727 3.86703
f 516/1716/493 515/1717/493 514/1718/493

vt 18.5589 -2.96791
vn -0.405233 0.864215 0.298193
vt 18.5263 -2.66398
v 75.2495 95.6294 -79.9529
vt 17.5877 -2.72238
f 515/1719/494 516/1720/494 517/1721/494

v 75.4175 95.7078 -80.0501
vt 17.7835 -3.06622
vn -0.273215 0.943601 0.187005
vt 17.7684 -3.27369
vt 18.7047 -3.18581
f 518/1722/495 517/1723/495 516/1724/495

vt 16.8908 -5.56009
vn -0.247199 0.942165 0.226315
vt 16.9335 -5.3565
v 74.6898 95.8443 -81.2131
vt 15.5526 -5.00162
f 517/1725/496 518/1726/496 519/1727/496

v 74.9307 96.0944 -81.3023
vt 16.4197 -0.374732
vn -0.543727 0.750952 0.374743
vt 16.3544 -0.715264
vt 17.7679 -0.901096
f 520/1728/497 519/1729/497 518/1730/497

v 74.5341 95.8386 -83.1324
vt 14.3055 6.01887
vn -0.668774 0.741796 0.0497895
vt 16.3256 6.0265
vt 16.251 6.36512
f 521/1731/498 519/1732/498 520/1733/498

vt 16.2385 5.42418
vn -0.118144 0.992973 0.00678154
vt 14.2189 5.382
v 73.8993 95.7534 -83.044
vt 14.2733 4.74442
f 519/1734/499 521/1735/499 522/1736/499

v 73.16 94.785 -85.6022
vt 1.88552 12.2631
vn -0.152254 0.956751 -0.247884
vt 2.59673 15.1044
vt 2.00774 15.3545
f 523/1737/500 522/1738/500 521/1739/500

vt 8.28937 12.8746
vn -0.295949 0.933338 -0.203212
vt 6.55397 10.5152
v 72.1006 94.5348 -85.1401
vt 7.56069 9.90546
f 522/1740/501 523/1741/501 524/1742/501

v 70.6596 93.5097 -87.9612
vt 6.68467 6.27654
vn -0.273147 0.950394 -0.148802
vt 8.53055 9.16608
vt 7.58836 9.87142
f 525/1743/502 524/1744/502 523/1745/502

vt 4.53855 11.6546
vn -0.165004 0.96524 -0.202695
vt 3.86845 8.29192
v 69.6224 93.5116 -87.1997
vt 5.16636 8.29824
f 524/1746/503 525/1747/503 526/1748/503

v 69.5072 93.4109 -87.3689
vt 5.16119 7.88737
vn -0.238546 0.926165 -0.292085
vt 5.17913 8.11822
vt 3.88121 8.11381
f 527/1749/504 526/1750/504 525/1751/504

vt 4.69251 8.38444
vn -0.219445 0.92701 -0.304131
vt 4.68694 8.15296
v 68.5656 93.4455 -86.6774
vt 5.86312 8.23251
f 526/1752/505 527/1753/505 528/1754/505

vt 6.03971 7.64582
vn -0.317601 0.849916 -0.420444
vt 4.86224 7.58836
v 69.3044 93.1456 -87.6571
vt 4.85021 7.14809
f 528/1755/506 527/1756/506 529/1757/506

v 70.3942 93.1394 -88.4531
vt 3.73202 7.00604
vn -0.331754 0.849142 -0.410971
vt 5.0931 7.01622
vt 5.1166 7.45602
f 530/1758/507 529/1759/507 527/1760/507

vt 5.11659 7.45604
vn -0.331751 0.849144 -0.410969
v 70.5651 93.4055 -88.1406
vt 3.79595 7.44718
vt 3.73201 7.00605
f 527/1761/508 531/1762/508 530/1763/508

vt 3.81501 8.10437
vn -0.246613 0.91917 -0.307097
vt 3.77601 7.87563
vt 5.09663 7.88736
f 525/1764/509 531/1765/509 527/1766/509

vt 3.20663 8.1061
vn -0.221215 0.921212 -0.320052
vt 3.23102 8.33685
v 72.0534 93.5366 -88.762
vt 1.61987 8.39635
f 531/1767/510 525/1768/510 532/1769/510

vt 2.64815 12.1151
vn -0.173367 0.954004 -0.244581
vt 1.7178 8.54804
vt 3.32822 8.47128
f 523/1770/511 532/1771/511 525/1772/511

vt 3.34831 8.04547
vn -0.236593 0.945898 -0.222039
vt 4.92232 11.3789
v 74.2769 95.0032 -85.9269
vt 3.90369 11.9613
f 532/1773/512 523/1774/512 533/1775/512

vt 6.18867 14.2054
vn -0.232229 0.95062 -0.205891
vt 4.23123 11.8718
vt 5.23403 11.2626
f 521/1776/513 533/1777/513 523/1778/513

vt 6.59112 10.6842
vn -0.337183 0.922067 -0.189999
vt 8.97235 12.5834
v 75.0409 96.0029 -83.3006
vt 8.5645 12.9567
f 533/1779/514 521/1780/514 534/1781/514

vt 14.531 9.62016
vn -0.294307 0.954512 -0.0478648
vt 12.4484 9.34778
vt 12.7073 8.85922
f 520/1782/515 534/1783/515 521/1784/515

vt 12.9553 8.64041
vn -0.529839 0.846353 -0.0543706
vt 15.0499 8.79486
v 75.2445 96.2939 -81.5458
vt 14.7624 9.13137
f 534/1785/516 520/1786/516 535/1787/516

vt 15.123 -4.94476
vn -0.270009 0.917752 0.291249
vt 15.0573 -5.38243
v 75.4365 95.7348 -79.9794
vt 16.3513 -6.17135
f 535/1788/517 520/1789/517 536/1790/517

vt 18.3514 3.43457
vn -0.940974 -0.182551 0.285033
vt 18.4278 3.46027
vt 16.9514 3.80186
f 518/1791/518 536/1792/518 520/1793/518

vt 15.7588 10.2309
vn -0.276841 -0.898433 0.340849
vt 15.6986 10.1772
v 75.9651 95.8377 -79.3813
vt 16.5579 10.4351
f 536/1794/519 518/1795/519 537/1796/519

vt 19.0359 0.728067
vn -0.646198 0.667587 0.369805
vt 18.9916 0.941714
vt 18.1085 0.783142
f 516/1797/520 537/1798/520 518/1799/520

vt 19.1861 3.90618
vn -0.74844 0.623301 0.226569
vt 19.2612 3.70131
v 76.1774 95.9214 -78.9336
vt 19.6982 4.00407
f 537/1800/521 516/1801/521 538/1802/521

vt 19.8793 3.03215
vn -0.788063 0.529293 0.314332
vt 19.753 3.21179
vt 19.3014 2.93116
f 514/1803/522 538/1804/522 516/1805/522

vt 19.7153 4.03474
vn -0.896722 -0.172029 0.407794
v 76.1429 96.1016 -78.9405
vt 19.6939 4.20563
vt 19.2 3.9554
f 538/1806/523 539/1807/523 537/1808/523

v 75.9047 95.8976 -79.242
vt -0.236039 19.0422
vn 0.162275 -0.912702 0.375023
vt -0.125606 18.9165
vt -0.137408 19.4701
f 540/1809/524 537/1810/524 539/1811/524

vt 15.3716 12.1758
vn -0.167651 -0.950447 0.261808
vt 15.3961 12.3413
vt 14.5973 11.8916
f 537/1812/525 540/1813/525 536/1814/525

v 75.4843 95.804 -79.8626
vt 17.9716 5.54849
vn -0.7191 -0.488253 0.494474
vt 17.8443 5.47556
vt 18.7447 5.64728
f 541/1815/526 536/1816/526 540/1817/526

vt 18.2465 4.37874
vn -0.929205 0.313957 0.194957
vt 18.3766 4.44653
vt 16.5995 4.92679
f 536/1818/527 541/1819/527 535/1820/527

vt 16.8563 2.45589
vn -0.594559 0.762626 0.254755
vt 18.5655 1.77235
v 75.7387 96.0084 -79.8212
vt 18.7094 2.05753
f 535/1821/528 541/1822/528 542/1823/528

v 75.908 96.2429 -78.7549
vt 17.6016 9.81978
vn -0.57435 0.816491 -0.0588668
vt 16.5083 9.45374
vt 16.4924 9.13472
f 543/1824/529 542/1825/529 541/1826/529

vt 17.5578 6.86172
vn -0.825849 0.563456 0.0221321
vt 18.6808 7.12283
v 76.0629 96.4929 -78.6507
vt 18.7945 7.4011
f 542/1827/530 543/1828/530 544/1829/530

v 76.1004 96.6417 -78.5715
vt -1.14791 14.7504
vn -0.26348 0.587469 -0.765153
vt -1.13826 14.5843
vt -1.02638 14.3053
f 545/1830/531 544/1831/531 543/1832/531

vt -18.7494 5.67071
vn 0.748766 0.207782 -0.629425
vt -18.8363 5.81264
v 76.1394 96.4507 -78.5806
vt -18.8549 5.63051
f 544/1833/532 545/1834/532 546/1835/532

vt 5.20672 -15.569
vn 0.0462654 0.918538 0.392616
v 76.2443 96.5571 -78.7901
vt 5.33419 -15.3399
vt 5.1396 -15.4783
f 546/1836/533 547/1837/533 544/1838/533

vt -13.7244 4.95671
vn 0.919128 -0.0356136 0.392345
vt -13.967 4.85709
v 76.1657 96.3254 -78.644
vt -13.8958 4.73977
f 547/1839/534 546/1840/534 548/1841/534

vt -13.5083 4.44385
vn 0.909267 -0.013203 0.416004
v 76.3725 96.4647 -79.0402
vt -13.0458 4.57419
vt -13.3367 4.66069
f 548/1842/535 549/1843/535 547/1844/535

vt 9.34477 -7.36024
vn -0.601727 -0.652439 -0.460703
vt 9.79548 -7.52664
v 76.1708 96.4483 -78.7876
vt 9.67559 -7.37984
f 549/1845/536 548/1846/536 550/1847/536

vt -10.8469 13.0628
vn 0.668713 -0.596822 0.443427
v 76.3678 96.2446 -79.2679
vt -10.3237 12.8314
vt -10.516 13.0814
f 550/1848/537 551/1849/537 549/1850/537

vt 17.676 -2.49731
vn -0.716219 -0.697495 -0.0230321
vt 18.1861 -2.23837
v 76.1559 96.4709 -78.902
vt 18.0666 -2.20966
f 551/1851/538 550/1852/538 552/1853/538

vt -8.52121 11.8924
vn 0.664429 -0.476465 0.575774
v 76.3473 96.034 -79.3847
vt -8.02133 11.4357
vt -8.09765 11.6559
f 552/1854/539 553/1855/539 551/1856/539

vt -13.5378 4.71767
vn 0.929202 -0.0565501 0.36522
vt -14.0771 5.12706
v 76.1221 96.0446 -78.878
vt -14.1132 4.72763
f 553/1857/540 552/1858/540 554/1859/540

vt -14.5457 -9.73909
vn 0.438436 0.88493 0.157077
v 76.4281 95.9704 -79.3021
vt -14.0231 -9.88089
vt -13.9706 -9.7594
f 554/1860/541 555/1861/541 553/1862/541

vt -11.03 0.0920736
vn 0.831055 0.24902 0.49733
vt -11.5667 0.163469
vt -11.6769 -0.144022
v 76.123 95.6769 -78.734
vt -11.6934 -0.190232
f 555/1863/542 554/1864/542 513/1865/542 556/1866/542 

vt 18.568 -5.15925
vn -0.282169 0.926777 0.247923
v 76.5832 95.9804 -79.1745
vt 18.5402 -4.45294
vt 18.337 -4.47619
f 556/1867/543 557/1868/543 555/1869/543

v 76.7859 95.9905 -79.1564
vt 11.2096 -12.5565
vn -0.0846387 0.903933 0.419215
vt 11.0087 -12.5769
vt 10.6472 -13.1843
f 558/1870/544 557/1871/544 556/1872/544

vt 3.47434 19.6079
vn -0.0387599 0.997716 -0.0553254
vt 3.31779 19.7354
v 77.6347 95.9509 -80.2549
vt 1.98415 19.2379
f 557/1873/545 558/1874/545 559/1875/545

v 77.9139 95.7356 -80.3139
vt -8.70032 -9.12597
vn 0.58328 0.718131 0.37957
vt -8.90766 -8.84727
vt -10.3302 -8.796
f 560/1876/546 559/1877/546 558/1878/546

vt -10.814 -8.82716
vn 0.587911 0.753826 0.293441
vt -10.6305 -9.12209
v 78.9137 95.513 -81.6356
vt -8.94556 -9.42702
f 559/1879/547 560/1880/547 561/1881/547

v 78.8612 95.5515 -81.4027
vt -10.7057 15.6467
vn 0.00610942 0.99159 -0.129276
vt -10.7466 15.3978
vt -9.81928 16.8373
f 562/1882/548 561/1883/548 560/1884/548

v 79.908 95.3507 -82.8626
vt -6.0287 17.2988
vn -0.048976 0.988978 -0.139726
vt -4.69166 18.2201
vt -4.56579 18.4386
f 563/1885/549 561/1886/549 562/1887/549

vt -17.7302 -4.81635
vn 0.104597 0.994072 -0.0296793
vt -16.7797 -6.13276
v 79.616 95.3719 -83.2193
vt -16.3376 -5.96079
f 561/1888/550 563/1889/550 564/1890/550

v 81.0183 94.438 -85.4191
vt -16.1664 -3.3119
vn 0.281601 0.945858 -0.161411
vt -17.4209 -0.779957
vt -17.8918 -0.837417
f 565/1891/551 564/1892/551 563/1893/551

vt -13.6741 11.4898
vn 0.0713817 0.956255 -0.283691
vt -14.4927 8.78531
v 80.4335 94.2726 -85.9917
vt -13.7898 8.30636
f 564/1894/552 565/1895/552 566/1896/552

v 81.9361 93.3839 -89.076
vt -13.0835 7.81411
vn 0.000786188 0.974671 -0.223643
vt -11.6064 11.1523
vt -12.1874 11.7735
f 567/1897/553 566/1898/553 565/1899/553

vt -14.7182 6.47081
vn 0.0774306 0.978428 -0.191527
vt -14.9551 2.82815
v 80.6104 93.3709 -89.6008
vt -13.53 2.7752
f 566/1900/554 567/1901/554 568/1902/554

v 80.6869 93.2772 -89.8082
vt -13.5535 2.44653
vn 0.126195 0.945686 -0.299588
vt -13.5635 2.6925
vt -14.9892 2.72641
f 569/1903/555 568/1904/555 567/1905/555

vt -13.3394 3.68402
vn 0.100858 0.946045 -0.30794
vt -13.3475 3.43798
v 79.2405 93.2998 -90.1686
vt -11.8654 3.49736
f 568/1906/556 569/1907/556 570/1908/556

vt -11.8175 3.61616
vn 0.145259 0.871958 -0.467534
vt -13.3002 3.57626
v 80.826 93.0062 -90.1731
vt -13.3247 3.098
f 570/1909/557 569/1910/557 571/1911/557

v 82.217 93.0124 -89.6251
vt -15.0578 1.87972
vn 0.197289 0.871167 -0.449605
vt -13.5627 1.86863
vt -13.5819 2.34713
f 572/1912/558 571/1913/558 569/1914/558

vt -13.5819 2.34709
vn 0.197288 0.87117 -0.4496
v 82.0375 93.2818 -89.2784
vt -15.0327 2.35516
vt -15.0578 1.87967
f 569/1915/559 573/1916/559 572/1917/559

vt -15.0158 2.57514
vn 0.137869 0.938545 -0.316425
vt -15.0279 2.32233
vt -13.5771 2.31101
f 567/1918/560 573/1919/560 569/1920/560

vt -15.149 0.788405
vn 0.173606 0.937897 -0.300351
vt -15.1626 1.04113
v 82.8977 93.4291 -88.4713
vt -16.3047 1.15319
f 573/1921/561 567/1922/561 574/1923/561

vt -15.9486 5.63134
vn 0.10193 0.974197 -0.201372
vt -16.2479 1.82923
vt -15.1131 1.6587
f 565/1924/562 574/1925/562 567/1926/562

vt -16.3162 0.359688
vn 0.12086 0.974116 -0.191025
vt -16.3602 4.17331
v 81.4437 94.5264 -84.8208
vt -17.0452 4.50756
f 574/1927/563 565/1928/563 575/1929/563

vt -17.2213 6.04025
vn 0.158437 0.963958 -0.213735
vt -17.2897 3.37749
vt -16.5831 3.09186
f 563/1930/564 575/1931/564 565/1932/564

vt -15.8319 -6.15832
vn 0.301429 0.947292 -0.108524
vt -17.2115 -3.87982
v 80.0776 95.3259 -82.6126
vt -17.5169 -3.9483
f 575/1933/565 563/1934/565 576/1935/565

vt -16.579 -7.91394
vn 0.149788 0.98863 -0.0132263
vt -15.4269 -9.24186
vt -15.15 -9.09597
f 562/1936/566 576/1937/566 563/1938/566

vt -2.03654 17.9118
vn -0.211514 0.921185 -0.326618
vt -0.350743 18.4106
v 78.8608 95.6325 -81.2212
vt -0.25138 18.5897
f 576/1939/567 562/1940/567 577/1941/567

vt 5.53629 17.2419
vn -0.381136 0.87153 -0.308497
vt 5.39193 17.0966
v 77.9923 95.7559 -79.9908
vt 7.07208 17.4634
f 577/1942/568 562/1943/568 578/1944/568

vt -18.7618 4.38467
vn 0.0852211 0.994012 -0.0683945
vt -19.071 4.54555
vt -18.4986 2.92388
f 560/1945/569 578/1946/569 562/1947/569

vt -19.5141 0.769216
vn 0.171344 0.981383 -0.0867708
vt -19.178 0.676548
v 77.0201 96.0405 -79.1272
vt -19.858 2.06972
f 578/1948/570 560/1949/570 579/1950/570

vt 0.255778 19.9036
vn -0.138844 0.947724 -0.287299
vt 0.057882 20.037
vt -1.26148 19.223
f 558/1951/571 579/1952/571 560/1953/571

vt 17.7964 9.51515
vn -0.186215 0.98249 -0.00608878
vt 17.7738 9.27756
v 76.2123 95.8747 -78.4887
vt 18.4934 8.72692
f 579/1954/572 558/1955/572 580/1956/572

vt 12.0469 14.3187
vn -0.551256 0.773024 -0.31393
vt 12.2212 14.5982
vt 11.3301 14.7619
f 556/1957/573 580/1958/573 558/1959/573

vt 8.17171 13.2707
vn -0.598378 0.577173 -0.555711
v 76.4047 96.2932 -78.3292
vt 8.15735 13.7374
vt 7.13587 13.4556
f 580/1960/574 581/1961/574 579/1962/574

v 77.2697 96.1698 -78.9665
vt -0.0248123 19.9942
vn -0.170667 0.921138 -0.349824
vt 0.128902 19.7097
vt 1.03076 20.266
f 582/1963/575 579/1964/575 581/1965/575

vt -1.74413 19.5168
vn -0.142319 0.912534 -0.383441
vt -1.9214 19.7873
vt -2.9503 18.9212
f 579/1966/576 582/1967/576 578/1968/576

v 78.0106 95.8269 -79.6507
vt -19.4348 4.9369
vn 0.221512 0.960039 -0.171047
vt -19.1464 4.71561
vt -19.526 6.00582
f 583/1969/577 578/1970/577 582/1971/577

vt 2.97788 19.6344
vn -0.123982 0.979924 -0.15613
vt 3.1769 19.9386
vt 1.51913 19.1054
f 578/1972/578 583/1973/578 577/1974/578

vt -12.0271 -10.3038
vn 0.489049 0.859385 0.14929
vt -13.851 -9.96396
v 78.1093 95.7654 -79.6575
vt -13.8142 -10.0714
f 577/1975/579 583/1976/579 584/1977/579

v 77.4681 96.1707 -78.7367
vt -18.634 -5.19148
vn 0.485873 0.874001 -0.00696594
vt -17.6777 -5.93945
vt -17.6834 -5.82599
f 585/1978/580 584/1979/580 583/1980/580

vt -10.8827 -0.133272
vn 0.861138 0.24272 0.446685
vt -12.0326 0.256143
v 77.4777 95.9966 -78.6785
vt -12.0815 0.0888591
f 584/1981/581 585/1982/581 586/1983/581

v 77.279 96.3922 -78.375
vt -14.6425 1.52714
vn 0.923064 0.197607 0.330006
vt -14.2758 1.15042
vt -14.2222 1.31622
f 587/1984/582 586/1985/582 585/1986/582

vt -17.1271 -0.512329
vn 0.912628 0.389419 0.124348
vt -17.47 -0.1138
v 77.4691 95.9217 -78.4437
vt -17.3719 -0.587794
f 586/1987/583 587/1988/583 588/1989/583

vt -14.5538 -8.51769
vn 0.600083 0.77118 0.212561
v 77.6246 95.8094 -78.5107
vt -14.4341 -8.67661
vt -14.3206 -8.41165
f 588/1990/584 589/1991/584 586/1992/584

vt 0.556332 4.21865
vn 0.419623 -0.0236301 0.907391
vt 0.387368 4.32373
v 77.5527 95.5163 -78.4868
vt 0.481193 3.94432
f 589/1993/585 588/1994/585 590/1995/585

vt 17.4064 1.06442
vn -0.539426 0.229615 0.810122
vt 17.6302 1.18072
vt 17.4534 1.34493
f 590/1996/586 249/1997/586 589/1998/586

vt 15.1134 14.5145
vn -0.412001 0.902178 -0.127791
vt 15.0838 14.264
vt 15.3356 14.1198
f 249/1999/587 590/2000/587 252/2001/587

vt -10.3246 -10.357
vn 0.562286 0.763061 0.318705
vt -11.5165 -10.2009
vt -11.5541 -10.4392
vt -10.8554 -10.3925
f 231/2002/588 589/2003/588 249/2004/588 250/2005/588 

vt -19.0526 8.4932
vn 0.0551876 0.996742 -0.0588155
vt -18.9496 7.29555
vt -18.686 7.16171
f 589/2006/589 231/2007/589 230/2008/589

vt -13.1008 -8.818
vn 0.601116 0.770711 0.211339
vt -14.3565 -8.37653
vt -14.4705 -8.64127
f 230/2009/590 586/2010/590 589/2011/590

vt -15.5773 -8.92863
vn 0.513121 0.847851 0.133621
vt -14.3551 -9.45595
vt -14.4224 -9.31924
f 586/2012/591 230/2013/591 584/2014/591

vt -8.37386 -10.9389
vn 0.529085 0.797178 0.290819
vt -10.4681 -10.7414
vt -10.3741 -10.8613
f 232/2015/592 584/2016/592 230/2017/592

vt -5.73366 19.2811
vn -0.0153156 0.997133 -0.074103
vt -7.23499 17.8076
vt -6.77713 17.8118
f 584/2018/593 232/2019/593 577/2020/593

vt -8.37789 16.8331
vn -0.0526183 0.967781 -0.246235
vt -6.66535 17.9195
vt -7.12322 17.9182
f 234/2021/594 577/2022/594 232/2023/594

vt -18.1384 5.54496
vn 0.0957795 0.990383 -0.0998385
vt -18.3121 3.52436
vt -18.0515 3.63739
f 577/2024/595 234/2025/595 576/2026/595

vt -17.6505 4.71751
vn 0.141079 0.963376 -0.228043
vt -17.0049 7.51294
vt -17.283 7.45497
f 236/2027/596 576/2028/596 234/2029/596

vt -18.3283 0.971379
vn 0.216681 0.963117 -0.159545
vt -17.932 -1.87014
vt -17.3314 -1.6228
f 576/2030/597 236/2031/597 575/2032/597

vt -15.817 -6.46649
vn 0.200437 0.97075 -0.132174
vt -17.1764 -2.60859
vt -17.7636 -2.88618
f 238/2033/598 575/2034/598 236/2035/598

vt -16.6883 5.76081
vn 0.103953 0.97485 -0.197132
vt -17.2888 1.71473
vt -16.2699 1.57019
f 575/2036/599 238/2037/599 574/2038/599

vt -16.3168 0.655425
vn 0.18374 0.934296 -0.305501
vt -16.3127 0.911074
vt -17.3378 1.00242
f 240/2039/600 574/2040/600 238/2041/600

vt -16.3094 1.03481
vn 0.181118 0.934327 -0.306969
vt -16.3155 0.779198
vt -15.1508 0.679357
f 574/2042/601 240/2043/601 573/2044/601

vt -15.1494 0.538264
vn 0.262271 0.869404 -0.418749
vt -16.3161 0.611238
v 83.2277 93.0562 -88.9917
vt -16.3196 0.140378
f 573/2045/602 240/2046/602 591/2047/602

vt -17.3922 0.0901572
vn 0.2661 0.869311 -0.416521
vt -16.3138 0.0190994
vt -16.3138 0.489973
f 241/2048/603 591/2049/603 240/2050/603

vt -16.3196 0.140379
vt -15.1173 0.063195
f 591/2051/602 572/2052/602 573/2045/602

vt -16.5844 -2.09085
vn 0.85355 0.498716 0.150781
v 77.1633 96.6584 -78.4885
vt -16.8956 -1.57171
vt -16.9914 -1.85509
f 585/2053/604 592/2054/604 587/2055/604

vt -15.6304 -1.55928
vn 0.861436 0.44808 0.239064
vt -15.296 -2.06372
v 77.448 96.2543 -78.7958
vt -15.2421 -1.97723
f 592/2056/605 585/2057/605 593/2058/605

vt -13.239 -3.41722
vn 0.826323 0.483225 0.28928
vt -14.2718 -2.96689
vt -14.323 -3.05499
f 583/2059/606 593/2060/606 585/2061/606

vt -8.63433 18.3151
vn 0.00421205 0.929592 -0.368566
vt -8.81279 18.5099
vt -9.36021 17.5251
f 582/2062/607 593/2063/607 583/2064/607

vt -12.723 15.8474
vn 0.116557 0.882919 -0.454828
vt -12.5091 15.6924
v 76.7152 96.5887 -78.4428
vt -12.1041 16.4604
f 593/2065/608 582/2066/608 594/2067/608

vt 4.98782 9.87131
vn -0.577915 0.320833 -0.750387
vt 4.66985 10.1606
vt 3.90454 9.75042
f 581/2068/609 594/2069/609 582/2070/609

vt 1.27341 4.99881
vn -0.464263 0.0267689 -0.885293
v 77.012 96.7231 -78.5793
vt 0.947128 5.12458
vt 0.460464 4.68585
f 594/2071/610 595/2072/610 593/2073/610

vt -20.0578 5.54996
vn 0.535046 0.763598 -0.361448
vt -19.9911 6.20178
vt -20.1561 6.11189
f 593/2074/611 595/2075/611 592/2076/611

vt -13.3248 3.09786
vn 0.14526 0.871967 -0.467517
v 79.3356 93.0286 -90.5459
vt -11.7964 3.13745
vt -11.8175 3.61604
f 571/2077/612 596/2078/612 570/2079/612

v 77.9679 93.3425 -90.2672
vt -9.92561 5.13975
vn 0.0707454 0.872183 -0.484037
vt -11.1888 5.06462
vt -11.228 4.58717
f 597/2080/613 570/2081/613 596/2082/613

v 79.1879 93.39 -89.9587
vt -11.3422 5.14049
vn 0.0571645 0.948356 -0.312015
vt -11.3561 4.89962
vt -10.0957 5.01363
f 598/2083/614 570/2084/614 597/2085/614

vt -11.858 3.52172
vn 0.0983827 0.947945 -0.302856
vt -11.8728 3.76254
vt -13.3316 3.71157
f 570/2086/615 598/2087/615 568/2088/615

v 79.397 94.12 -86.2226
vt -13.4468 6.99352
vn 0.0567382 0.986068 -0.156367
vt -13.4352 3.19224
vt -11.9788 3.28909
f 599/2089/616 568/2090/616 598/2091/616

vt -8.50925 10.8609
vn -0.0779222 0.977235 -0.197332
vt -6.14967 13.8412
vt -7.02536 14.4481
f 568/2092/617 599/2093/617 566/2094/617

v 79.1644 95.3847 -83.4995
vt -9.02827 14.631
vn -0.033988 0.936632 -0.348663
vt -10.5185 11.9397
vt -9.51909 11.5706
f 600/2095/618 566/2096/618 599/2097/618

vt -15.8313 2.47888
vn 0.197687 0.948237 -0.248529
vt -16.3974 5.50268
vt -16.9328 5.46796
f 566/2098/619 600/2099/619 564/2100/619

v 78.6166 95.6417 -81.7003
vt -17.667 5.12657
vn 0.0875925 0.992124 -0.0895421
vt -17.3122 3.27177
vt -16.7829 3.35955
f 601/2101/620 564/2102/620 600/2103/620

vt -11.2816 -11.2322
vn 0.344784 0.936187 0.0683978
vt -13.0427 -10.5505
vt -13.0486 -10.8757
f 564/2104/621 601/2105/621 561/2106/621

vt -13.7495 -10.1837
vn 0.349074 0.935734 0.0504823
vt -13.727 -9.85921
vt -15.3717 -9.07948
f 561/2107/622 601/2108/622 559/2109/622

v 77.2948 96.1276 -80.099
vt -13.8217 -9.16091
vn 0.474636 0.869381 0.137463
vt -13.5669 -9.48019
vt -11.8347 -10.0391
f 602/2110/623 559/2111/623 601/2112/623

vt -6.771 -8.72502
vn 0.557949 0.685017 0.468449
vt -7.11612 -8.50648
vt -8.30602 -8.68858
f 559/2113/624 602/2114/624 557/2115/624

vt 13.6707 14.421
vn -0.394505 0.905819 -0.154462
vt 12.507 14.7291
v 77.0334 95.993 -80.1308
vt 12.5752 14.4473
f 557/2116/625 602/2117/625 603/2118/625

v 77.8544 95.9477 -81.5873
vt 8.75947 15.7231
vn -0.382934 0.898818 -0.21328
vt 10.4847 15.8142
vt 10.3822 16.0854
f 604/2119/626 603/2120/626 602/2121/626

vt -13.6552 -12.4449
vn 0.127688 0.991042 0.0391269
vt -11.9535 -12.7429
v 77.5786 95.9852 -81.5411
vt -12.0837 -12.4957
f 603/2122/627 604/2123/627 605/2124/627

v 77.85 95.41 -83.4681
vt -12.8291 10.5994
vn 0.0777072 0.972028 -0.221638
vt -13.2096 12.6725
vt -13.4541 12.5372
f 606/2125/628 605/2126/628 604/2127/628

vt -16.7503 7.17076
vn 0.183797 0.961089 -0.206222
vt -15.6519 5.37189
v 77.3388 95.5013 -83.5336
vt -15.2192 5.65715
f 605/2128/629 606/2129/629 607/2130/629

v 77.4153 94.4087 -86.357
vt -12.9086 4.89946
vn 0.192091 0.938953 -0.285428
vt -14.4361 7.63569
vt -14.9014 7.40726
f 608/2131/630 607/2132/630 606/2133/630

vt -15.7909 3.70798
vn 0.332237 0.903214 -0.271704
vt -13.5966 1.47065
v 76.8168 94.6352 -86.4075
vt -13.1674 1.93441
f 607/2134/631 608/2135/631 609/2136/631

v 77.0066 93.4747 -90.0394
vt -10.1597 -1.94907
vn 0.331824 0.917466 -0.219429
vt -13.1795 0.620792
vt -13.5638 0.119243
f 610/2137/632 609/2138/632 608/2139/632

vt -6.47073 11.7873
vn -0.0364294 0.968149 -0.247709
vt -7.18023 7.88603
v 76.5368 93.4567 -90.0316
vt -6.71873 7.82545
f 609/2140/633 610/2141/633 611/2142/633

v 76.542 93.3593 -90.2391
vt -7.04304 7.21456
vn -0.0366762 0.935872 -0.350427
vt -7.01655 7.44909
vt -7.47999 7.49245
f 612/2143/634 611/2144/634 610/2145/634

vt -6.40635 7.93228
vn -0.066747 0.93424 -0.350343
vt -6.44989 7.7003
v 76.3077 93.3409 -90.2371
vt -6.22132 7.65667
f 611/2146/635 612/2147/635 613/2148/635

vt -6.65772 6.96074
vn -0.0627431 0.868259 -0.492127
vt -6.88823 6.99254
v 76.554 93.0898 -90.6186
vt -6.94751 6.52497
f 613/2149/636 612/2150/636 614/2151/636

v 77.0456 93.1035 -90.6245
vt -7.90567 6.13228
vn -0.0257759 0.870055 -0.49228
vt -7.41924 6.10828
vt -7.38777 6.57854
f 615/2152/637 614/2153/637 612/2154/637

vt -7.38764 6.57863
vn -0.0257865 0.87005 -0.492289
v 77.019 93.3729 -90.2445
vt -7.85949 6.6024
vt -7.90554 6.13238
f 612/2155/638 616/2156/638 615/2157/638

vt -7.70726 7.24765
vn -0.026392 0.929239 -0.368536
vt -7.734 7.01357
vt -7.2626 6.98227
f 610/2158/639 616/2159/639 612/2160/639

vt -8.59098 6.02907
vn 0.0251735 0.930133 -0.366359
vt -8.59266 6.26466
v 77.9381 93.4388 -90.0595
vt -9.51202 6.18145
f 616/2161/640 610/2162/640 617/2163/640

vt -9.97288 9.56817
vn 0.0299913 0.979212 -0.200609
vt -9.94268 5.54872
vt -9.03168 5.69779
f 608/2164/641 617/2165/641 610/2166/641

vt -10.264 -3.80727
vn 0.300095 0.940428 -0.159807
vt -13.3992 -1.29187
v 78.2716 94.1184 -86.2869
vt -13.8809 -2.0447
f 617/2167/642 608/2168/642 618/2169/642

vt -15.9522 4.53705
vn 0.302877 0.907181 -0.292041
vt -14.1775 1.85059
vt -13.5186 2.45434
f 606/2170/643 618/2171/643 608/2172/643

vt -9.55894 10.5649
vn 0.00444167 0.9396 -0.342246
vt -9.17768 13.762
v 78.5168 95.3845 -83.5194
vt -9.8373 13.6987
f 618/2173/644 606/2174/644 619/2175/644

vt -10.0156 15.438
vn 0.0154171 0.974953 -0.221875
vt -10.5376 13.3096
vt -9.88206 13.4063
f 604/2176/645 619/2177/645 606/2178/645

vt -16.4592 -1.16874
vn 0.279257 0.950434 -0.136712
vt -17.9595 0.428604
v 78.1903 95.8241 -81.6623
vt -18.043 0.0779745
f 619/2179/646 604/2180/646 620/2181/646

vt -16.6866 -7.40134
vn 0.315463 0.948849 0.0129652
vt -15.01 -8.2562
vt -15.103 -7.90797
f 602/2182/647 620/2183/647 604/2184/647

vt -14.2021 -9.25917
vn 0.359946 0.932195 0.0380987
vt -14.2887 -8.81056
vt -16.0162 -8.06408
f 601/2185/648 620/2186/648 602/2187/648

vt -13.8487 -7.93601
vn 0.356102 0.934379 -0.0113043
vt -15.7428 -6.83712
vt -15.7171 -7.29329
f 600/2188/649 620/2189/649 601/2190/649

vt -9.90197 15.5908
vn 0.00705156 0.982863 -0.184204
vt -10.7965 13.5921
vt -10.1548 13.5911
f 620/2191/650 600/2192/650 619/2193/650

vt -10.9312 10.366
vn 0.0135136 0.938192 -0.345851
vt -10.1646 13.4625
vt -10.8063 13.463
f 599/2194/651 619/2195/651 600/2196/651

vt -10.4935 13.2257
vn 0.0226196 0.938879 -0.343505
vt -11.1877 10.1122
vt -10.071 10.1081
f 619/2197/652 599/2198/652 618/2199/652

vt -10.7098 6.34685
vn 0.00940189 0.988013 -0.154084
vt -10.0253 10.2991
vt -11.1419 10.3081
f 598/2200/653 618/2201/653 599/2202/653

vt -12.1804 7.58647
vn 0.0483484 0.988158 -0.145623
vt -11.8939 3.58565
vt -10.6796 3.85337
f 618/2203/654 598/2204/654 617/2205/654

vt -10.1358 4.92281
vn 0.0650872 0.938783 -0.338305
vt -10.1456 5.16006
vt -11.3833 5.03989
f 597/2206/655 617/2207/655 598/2208/655

vt -9.44176 6.30695
vn 0.0194403 0.93879 -0.343941
vt -9.45969 6.07018
vt -8.52238 6.14486
f 617/2209/656 597/2210/656 616/2211/656

vt -8.36477 6.08032
vn 0.0143643 0.87124 -0.490647
vt -9.30354 6.02713
v 78.0239 93.0722 -90.648
vt -9.34789 5.55336
f 616/2212/657 597/2213/657 621/2214/657

vt -11.228 4.58732
vn 0.0707383 0.872172 -0.484058
vt -9.9258 4.66404
vt -9.92551 5.13988
f 596/2215/658 621/2216/658 597/2217/658

vt -9.34793 5.55332
vn 0.0143676 0.871243 -0.490642
vt -8.3802 5.60827
vt -8.36481 6.08028
f 621/2218/659 615/2219/659 616/2220/659

vt -6.94724 6.52516
vn -0.0627647 0.868253 -0.492136
v 76.3124 93.0707 -90.6169
vt -6.70968 6.49197
vt -6.65744 6.96092
f 614/2221/660 622/2222/660 613/2223/660

v 76.0869 93.3554 -90.229
vt -7.66387 5.86701
vn 0.0332342 0.86975 -0.492373
vt -7.88157 5.84174
vt -7.86092 5.37034
f 623/2224/661 613/2225/661 622/2226/661

v 76.3046 93.4331 -90.0287
vt -8.24552 5.89896
vn 0.0433002 0.942496 -0.331401
vt -8.22173 5.66516
vt -8.00566 5.70191
f 624/2227/662 613/2228/662 623/2229/662

vt -5.68457 8.05756
vn -0.0881417 0.939371 -0.331381
vt -5.62849 8.28578
vt -5.85198 8.34421
f 613/2230/663 624/2231/663 611/2232/663

v 76.466 94.4403 -86.4136
vt -3.18551 12.8018
vn -0.0901706 0.973172 -0.211673
vt -4.66393 9.18682
vt -4.44984 9.10008
f 625/2233/664 611/2234/664 624/2235/664

vt 2.65095 9.33047
vn -0.431745 0.880455 -0.195946
vt 6.09505 11.1723
vt 5.95064 11.5372
f 611/2236/665 625/2237/665 609/2238/665

v 76.9318 95.5326 -83.6936
vt 8.00808 13.3413
vn -0.42987 0.877514 -0.212559
vt 5.54425 11.6813
vt 5.69939 11.3208
f 626/2239/666 609/2240/666 625/2241/666

vt -12.4551 5.00004
vn 0.179839 0.94942 -0.257408
vt -14.1213 7.45967
vt -14.5511 7.37381
f 609/2242/667 626/2243/667 607/2244/667

v 77.3324 95.9092 -81.5894
vt -16.3995 7.44425
vn 0.139781 0.97662 -0.163323
vt -15.1195 5.8111
vt -14.6996 5.9365
f 627/2245/668 607/2246/668 626/2247/668

vt 5.74108 15.262
vn -0.228481 0.960324 -0.15992
vt 7.37915 16.5356
vt 7.27485 16.7729
f 607/2248/669 627/2249/669 605/2250/669

v 76.8708 95.8662 -80.1952
vt 14.9537 12.039
vn -0.254648 0.965728 -0.050246
vt 13.4298 12.4451
vt 13.4302 12.1859
f 628/2251/670 605/2252/670 627/2253/670

vt 11.5637 13.5072
vn -0.507048 0.843713 -0.176211
vt 13.1282 13.3088
vt 13.136 13.52
f 605/2254/671 628/2255/671 603/2256/671

vt 10.9086 15.5344
vn -0.459871 0.842743 -0.279827
vt 9.85558 15.5717
vt 9.88599 15.3625
f 555/2257/672 603/2258/672 628/2259/672

vt 14.9685 11.8122
vn -0.0483024 0.998787 -0.00960637
vt 15.9417 11.4085
vt 16.0409 11.5873
f 603/2260/673 555/2261/673 557/2262/673

vt -14.1566 -8.73086
vn 0.46903 0.874432 0.124015
vt -15.1138 -8.42192
vt -15.1757 -8.53898
f 628/2263/674 553/2264/674 555/2265/674

vt -11.3847 3.53291
vn 0.869636 0.0311883 0.492707
vt -10.3912 3.37581
v 76.8271 96.0663 -80.1369
vt -10.4658 3.56319
f 553/2266/675 628/2267/675 629/2268/675

vt -12.2639 2.29495
vn 0.951402 0.12877 0.279737
vt -13.8652 2.44304
vt -13.794 2.25435
f 627/2269/676 629/2270/676 628/2271/676

vt 9.05658 16.9985
vn -0.218596 0.964227 -0.149939
vt 7.5335 16.4826
v 77.0522 95.8023 -81.7698
vt 7.54348 16.1315
f 629/2272/677 627/2273/677 630/2274/677

vt 9.61938 12.7885
vn -0.259995 0.961266 -0.0914901
vt 11.4656 13.6512
vt 11.5459 13.9931
f 626/2275/678 630/2276/678 627/2277/678

vt 12.2765 12.9145
vn -0.306214 0.947959 -0.0872104
vt 10.3816 12.1647
v 76.5784 95.3772 -83.9258
vt 10.2496 11.733
f 630/2278/679 626/2279/679 631/2280/679

vt -1.48945 12.9446
vn -0.165887 0.94669 -0.276153
vt -0.301589 15.4314
vt -0.485496 15.8437
f 625/2281/680 631/2282/680 626/2283/680

vt 9.78267 10.9189
vn -0.613971 0.763297 -0.20104
vt 7.35732 9.61026
v 76.2456 94.2459 -86.4003
vt 7.44194 9.33874
f 631/2284/681 625/2285/681 632/2286/681

vt 4.66851 7.72097
vn -0.61798 0.772933 -0.143789
vt 8.3738 8.87791
vt 8.30805 9.15461
f 624/2287/682 632/2288/682 625/2289/682

vt -10.8783 7.19358
vn 0.0763429 0.981737 -0.174254
vt -9.47522 3.57432
v 76.0859 93.4531 -90.0233
vt -9.27691 3.66352
f 632/2290/683 624/2291/683 633/2292/683

vt -8.31458 5.24432
vn 0.0683174 0.933208 -0.352781
vt -8.35246 5.47561
vt -8.56467 5.4282
f 623/2293/684 633/2294/684 624/2295/684

vt -7.39547 6.65106
vn 0.00736415 0.935379 -0.35357
vt -7.39219 6.41672
v 75.6405 93.3885 -90.1655
vt -6.95159 6.49609
f 633/2296/685 623/2297/685 634/2298/685

vt -6.58944 6.54036
vn -0.0183657 0.870295 -0.492189
vt -7.03339 6.48255
v 76.0848 93.0853 -90.6089
vt -7.04537 6.01076
f 634/2299/686 623/2300/686 635/2301/686

vt -7.86084 5.37043
vn 0.0332268 0.869748 -0.492376
vt -7.63639 5.39595
vt -7.66378 5.8671
f 622/2302/687 635/2303/687 623/2304/687

vt -7.04544 6.01071
vn -0.0183599 0.870297 -0.492185
v 75.6247 93.1196 -90.5432
vt -6.58779 6.07055
vt -6.58952 6.54031
f 635/2305/688 636/2306/688 634/2307/688

v 74.7294 93.4263 -89.9987
vt -5.02942 7.08327
vn -0.0658383 0.869411 -0.489684
vt -5.9459 7.01753
vt -5.98021 6.54902
f 637/2308/689 634/2309/689 636/2310/689

v 75.6463 93.4946 -89.9636
vt -6.08653 7.41731
vn -0.0427545 0.922278 -0.384155
vt -6.10296 7.18396
vt -5.18789 7.26703
f 638/2311/690 634/2312/690 637/2313/690

vt -7.14899 6.24898
vn 0.020861 0.922237 -0.386062
vt -7.16549 6.48232
vt -7.59712 6.3912
f 634/2314/691 638/2315/691 633/2316/691

v 76.0382 94.4733 -86.393
vt -9.28511 9.09014
vn 0.050053 0.97475 -0.217615
vt -8.52253 5.23879
vt -8.11001 5.39511
f 639/2317/692 633/2318/692 638/2319/692

vt -8.16591 -2.68662
vn 0.688618 0.708652 -0.153677
vt -11.8653 -1.37159
vt -11.9051 -1.66471
f 633/2320/693 639/2321/693 632/2322/693

v 76.2371 95.3255 -84.0414
vt -14.7944 1.03536
vn 0.672165 0.695368 -0.254278
vt -12.4967 -0.329837
vt -12.4273 -0.0422862
f 640/2323/694 632/2324/694 639/2325/694

vt -7.55928 10.5081
vn 0.00471647 0.939621 -0.342183
vt -7.58307 13.1807
vt -7.92258 13.3088
f 632/2326/695 640/2327/695 631/2328/695

v 76.6742 95.7467 -82.1207
vt -1.17009 17.2826
vn -0.0728585 0.984972 -0.156595
vt -1.84341 15.4763
vt -1.58326 15.2233
f 641/2329/696 631/2330/696 640/2331/696

vt -10.5552 11.4046
vn 0.0406302 0.985848 -0.162643
vt -11.0827 13.2587
vt -11.532 13.5377
f 631/2332/697 641/2333/697 630/2334/697

v 76.7456 96.3202 -80.0221
vt -14.0242 13.3851
vn 0.0966877 0.971885 -0.21469
vt -13.5856 11.517
vt -13.0962 11.3164
f 642/2335/698 630/2336/698 641/2337/698

vt -14.588 0.927034
vn 0.951786 0.297675 0.074108
vt -16.4393 1.43222
vt -16.3127 1.18455
f 630/2338/699 642/2339/699 629/2340/699

vt -12.9193 2.90998
vn 0.907795 0.0923786 0.409114
vt -11.9027 2.74254
vt -12.0458 2.98102
f 551/2341/700 629/2342/700 642/2343/700

vt -10.6883 9.54215
vn 0.80431 -0.398215 0.441034
vt -11.7027 9.72204
vt -11.6072 9.5095
f 629/2344/701 551/2345/701 553/2346/701

vt -12.6998 9.88392
vn 0.827643 -0.454033 0.32994
vt -13.7905 10.0337
vt -13.5726 9.80551
f 642/2347/702 549/2348/702 551/2349/702

vt -16.9931 10.4971
vn 0.0731238 0.99307 -0.0920009
vt -16.6696 9.44481
v 76.4695 96.355 -79.9174
vt -16.5166 9.69801
f 549/2350/703 642/2351/703 643/2352/703

vt -9.15762 14.7079
vn 0.0202687 0.976824 -0.213083
vt -9.1625 17.0959
vt -9.42503 16.9594
f 641/2353/704 643/2354/704 642/2355/704

vt -18.0233 6.81826
vn 0.228354 0.954471 -0.191936
vt -16.4279 5.04143
v 76.2188 95.821 -82.3086
vt -15.9798 5.25825
f 643/2356/705 641/2357/705 644/2358/705

vt -14.5146 4.48985
vn 0.237837 0.947338 -0.21444
vt -15.8199 5.83728
vt -16.275 5.63543
f 640/2359/706 644/2360/706 641/2361/706

vt -16.3731 0.492837
vn 0.565706 0.80462 -0.180452
vt -14.6542 -0.258543
v 75.8674 95.6688 -83.8513
vt -14.7261 0.262153
f 644/2362/707 640/2363/707 645/2364/707

vt -12.6948 0.618577
vn 0.516592 0.810836 -0.275096
vt -14.9387 2.44866
vt -14.9449 1.92306
f 639/2365/708 645/2366/708 640/2367/708

vt -14.8143 1.23926
vn 0.650238 0.722573 -0.234687
vt -12.3802 -0.329067
v 75.7091 94.827 -86.3365
vt -12.319 0.13485
f 645/2368/709 639/2369/709 646/2370/709

vt -8.67261 -1.75717
vn 0.6529 0.723376 -0.224608
vt -12.2746 -0.00687736
vt -12.3306 -0.471442
f 638/2371/710 646/2372/710 639/2373/710

vt -6.29071 11.2817
vn -0.0166224 0.959804 -0.280178
vt -6.44128 7.27978
v 74.7511 93.5355 -89.8005
vt -5.54698 7.40268
f 646/2374/711 638/2375/711 647/2376/711

vt -5.23039 7.2128
vn -0.0417437 0.916699 -0.397391
vt -5.23133 7.44556
vt -6.12981 7.35835
f 637/2377/712 647/2378/712 638/2379/712

vt -3.89383 8.13073
vn -0.113477 0.914242 -0.388954
vt -3.9282 7.90051
v 73.4713 93.4468 -89.6278
vt -2.62556 7.94382
f 647/2380/713 637/2381/713 648/2382/713

vt -2.56943 7.66093
vn -0.143596 0.865904 -0.479155
vt -3.87231 7.62549
v 74.6854 93.1587 -90.3711
vt -3.9367 7.1638
f 648/2383/714 637/2384/714 649/2385/714

vt -5.98013 6.54905
vn -0.0658458 0.869405 -0.489692
vt -5.03537 6.61718
vt -5.02933 7.08329
f 636/2386/715 649/2387/715 637/2388/715

vt -3.93682 7.16382
vn -0.143583 0.865915 -0.479139
v 73.3888 93.1804 -89.9879
vt -2.59373 7.20137
vt -2.56956 7.66097
f 649/2389/716 650/2390/716 648/2391/716

v 71.9852 93.429 -88.9499
vt 0.605974 7.86826
vn -0.239936 0.857915 -0.454327
vt -1.02491 7.89838
vt -1.12012 7.44811
f 651/2392/717 648/2393/717 650/2394/717

v 73.5146 93.5563 -89.4334
vt -0.931447 8.46659
vn -0.196239 0.909206 -0.367199
vt -0.984885 8.24045
vt 0.645857 8.20364
f 652/2395/718 648/2396/718 651/2397/718

vt -2.61858 7.95147
vn -0.113215 0.91521 -0.386747
vt -2.60562 8.18347
vt -3.88671 8.13936
f 648/2398/719 652/2399/719 647/2400/719

v 75.1241 95.0102 -86.1764
vt -3.35903 12.3003
vn -0.084025 0.950399 -0.299467
vt -3.97455 8.28414
vt -2.69396 8.34083
f 653/2401/720 647/2402/720 652/2403/720

vt -8.39173 3.95083
vn 0.165427 0.933526 -0.31806
vt -10.4027 7.4813
vt -10.8496 7.04259
f 647/2404/721 653/2405/721 646/2406/721

v 75.469 96.0217 -83.5422
vt -12.1585 9.71283
vn 0.169753 0.936585 -0.306582
vt -11.0091 6.78532
vt -10.5726 7.23435
f 654/2407/722 646/2408/722 653/2409/722

vt -12.6053 1.14732
vn 0.453665 0.853079 -0.257767
vt -14.9994 3.18692
vt -14.9249 2.58452
f 646/2410/723 654/2411/723 645/2412/723

v 75.7078 96.1039 -81.9988
vt -16.2186 -0.51882
vn 0.555308 0.823793 -0.114009
vt -14.3513 -1.20972
vt -14.5845 -0.649312
f 655/2413/724 645/2414/724 654/2415/724

vt -14.8856 0.311896
vn 0.358131 0.922093 -0.146585
vt -16.6087 1.30918
vt -16.5117 0.660608
f 645/2416/725 655/2417/725 644/2418/725

v 76.1002 96.231 -79.8435
vt -18.7206 -0.19965
vn 0.382811 0.917624 -0.106871
vt -16.2709 -1.1181
vt -16.4392 -0.48429
f 656/2419/726 644/2420/726 655/2421/726

vt 10.2671 13.4607
vn -0.31221 0.940178 -0.136346
vt 12.6587 14.5215
vt 12.4352 14.8424
f 644/2422/727 656/2423/727 643/2424/727

vt 11.7111 16.5708
vn -0.320071 0.928533 -0.188099
vt 10.5919 16.0926
vt 10.8504 15.7992
f 547/2425/728 643/2426/728 656/2427/728

vt -17.9179 -3.11145
vn 0.476849 0.877949 -0.0426701
vt -19.0747 -2.73305
vt -18.8254 -2.90609
f 643/2428/729 547/2429/729 549/2430/729

vt 13.2359 13.7674
vn -0.42493 0.889998 -0.165341
vt 14.4048 14.2778
vt 14.2014 14.403
f 656/2431/730 544/2432/730 547/2433/730

vt 15.0882 13.4441
vn -0.483475 0.860329 -0.16151
vt 13.8982 12.9853
vt 14.0394 12.5953
f 544/2434/731 656/2435/731 542/2436/731

vt 15.6233 6.92096
vn -0.479645 0.876598 0.0389369
vt 17.9027 6.74302
vt 17.9102 7.15766
f 655/2437/732 542/2438/732 656/2439/732

vt -16.7993 -6.07461
vn 0.370362 0.928525 0.0259627
vt -14.5244 -5.84537
vt -15.032 -5.38933
f 542/2440/733 655/2441/733 535/2442/733

vt -14.8552 -1.1218
vn 0.267191 0.960422 -0.0787316
vt -16.7908 -0.256425
vt -16.4735 -0.860563
f 654/2443/734 535/2444/734 655/2445/734

vt 5.66913 16.383
vn -0.113228 0.98655 -0.117894
vt 4.10177 14.9551
vt 4.58489 14.8561
f 535/2446/735 654/2447/735 534/2448/735

vt 1.19222 12.6502
vn -0.203139 0.94308 -0.263316
vt 3.0303 15.2172
vt 2.53956 15.266
f 653/2449/736 534/2450/736 654/2451/736

vt -1.57758 15.4979
vn -0.0936317 0.959544 -0.265536
vt -2.60694 12.5132
vt -1.72958 12.492
f 534/2452/737 653/2453/737 533/2454/737

vt -2.19314 8.48232
vn -0.102085 0.951053 -0.29168
vt -1.75662 12.4536
vt -2.63403 12.473
f 652/2455/738 533/2456/738 653/2457/738

vt 0.213888 12.5559
vn -0.154713 0.947434 -0.280059
vt -0.815478 8.6956
vt 0.789761 8.64303
f 533/2458/739 652/2459/739 532/2460/739

vt 0.698793 8.23887
vn -0.191941 0.915499 -0.353583
vt 0.728544 8.46863
vt -0.877004 8.5107
f 651/2461/740 532/2462/740 652/2463/740

vt 1.53396 8.35668
vn -0.229614 0.912079 -0.339691
vt 1.48496 8.13025
vt 3.12329 8.08089
f 532/2464/741 651/2465/741 531/2466/741

vt 3.06402 7.72046
vn -0.289078 0.853006 -0.434527
vt 1.42541 7.75964
v 71.8573 93.1628 -89.2883
vt 1.34407 7.31477
f 531/2467/742 651/2468/742 657/2469/742

vt -1.12006 7.44806
vn -0.239947 0.857906 -0.454338
vt 0.561106 7.41818
vt 0.606041 7.8682
f 650/2470/743 657/2471/743 651/2472/743

vt 1.34406 7.31479
vn -0.289075 0.853009 -0.434524
vt 3.03303 7.27582
vt 3.064 7.72048
f 657/2473/744 530/2474/744 531/2475/744

vt -16.5875 5.46279
vn 0.600773 0.131741 -0.78849
v 76.0571 96.7159 -78.5909
vt -16.8084 5.90863
vt -16.8552 5.83869
f 543/2476/745 658/2477/745 545/2478/745

vt -18.2044 7.18137
vn 0.933905 -0.3539 0.050753
vt -18.0411 6.71136
v 75.8363 95.9851 -78.9897
vt -17.7994 6.45516
f 658/2479/746 543/2480/746 659/2481/746

vt 18.5916 3.7819
vn -0.927504 -0.114294 0.355912
vt 19.5728 3.95237
vt 19.8282 4.19503
f 541/2482/747 659/2483/747 543/2484/747

vt 16.5208 10.7804
vn -0.177906 -0.958536 0.222618
vt 16.6264 11.0449
vt 15.7947 10.4971
f 540/2485/748 659/2486/748 541/2487/748

vt -12.7768 12.3403
vn 0.678165 -0.651195 0.340644
vt -12.512 12.2355
v 76.0835 96.3898 -78.8155
vt -12.8231 12.8251
f 659/2488/749 540/2489/749 660/2490/749

vt 17.2241 8.01049
vn -0.566367 -0.489845 0.662782
vt 17.2608 8.31372
vt 16.8411 7.79583
f 539/2491/750 660/2492/750 540/2493/750

vt 3.01404 13.968
vn 0.191925 -0.567862 0.800436
v 76.041 96.6423 -78.6638
vt 2.93795 14.2456
vt 2.81587 13.5231
f 660/2494/751 661/2495/751 659/2496/751

vt -16.7685 7.5588
vn 0.90096 -0.408446 0.146435
vt -17.0708 8.22626
vt -17.1434 8.30101
f 659/2497/752 661/2498/752 658/2499/752

vt 4.85014 7.14816
vn -0.317592 0.849922 -0.420439
v 68.3341 93.1813 -86.9445
vt 6.06352 7.20748
vt 6.03964 7.6459
f 529/2500/753 662/2501/753 528/2502/753

v 67.4881 93.5079 -86.1115
vt 5.67315 8.48562
vn -0.236871 0.845162 -0.479159
vt 4.45769 8.38413
vt 4.54672 7.95418
f 663/2503/754 528/2504/754 662/2505/754

v 68.698 93.5446 -86.5203
vt 4.05919 9.34023
vn -0.154736 0.925372 -0.346039
vt 4.11583 9.11669
vt 5.32738 9.25736
f 664/2506/755 528/2507/755 663/2508/755

vt 5.87598 8.2335
vn -0.217501 0.928674 -0.300431
vt 5.86071 8.46359
vt 4.70559 8.38708
f 528/2509/756 664/2510/756 526/2511/756

v 71.4297 94.4375 -84.4763
vt 4.32051 12.2653
vn -0.124253 0.974112 -0.188857
vt 4.33352 8.77735
vt 5.4845 8.90146
f 665/2512/757 526/2513/757 664/2514/757

vt 8.31093 5.2018
vn -0.249051 0.962056 -0.111455
vt 10.1221 8.18267
vt 9.21017 8.49583
f 526/2515/758 665/2516/758 524/2517/758

v 73.2702 95.6922 -82.893
vt 9.55148 11.8439
vn -0.351045 0.912726 -0.209043
vt 8.17891 9.35101
vt 9.12011 9.14149
f 666/2518/759 524/2519/759 665/2520/759

vt 2.30013 12.1214
vn -0.162804 0.937616 -0.307198
vt 2.3189 14.9671
vt 1.69225 15.1176
f 524/2521/760 666/2522/760 522/2523/760

v 74.4453 95.8809 -81.224
vt 13.2725 10.7973
vn -0.0944566 0.995085 -0.0297426
vt 11.635 9.66563
vt 11.9818 9.12242
f 667/2524/761 522/2525/761 666/2526/761

vt -14.3847 4.52311
vn 0.137138 0.986254 -0.092176
vt -16.258 5.19607
vt -16.4081 5.00265
f 522/2527/762 667/2528/762 519/2529/762

vt -9.76282 -13.0879
vn 0.127717 0.988354 0.0827337
vt -9.89006 -12.8787
vt -10.5374 -14.3137
f 519/2530/763 667/2531/763 517/2532/763

v 74.9878 95.5783 -79.8591
vt 12.3623 -12.3693
vn -0.0894287 0.974941 0.203697
vt 12.5645 -12.1743
vt 11.3162 -11.2152
f 668/2533/764 517/2534/764 667/2535/764

vt 13.9972 -10.8787
vn -0.101961 0.979428 0.174138
vt 13.8176 -11.0946
vt 14.8075 -11.4677
f 517/2536/765 668/2537/765 515/2538/765

vt -19.3804 -0.391935
vn 0.175457 0.983056 -0.0530663
vt -18.4119 0.0336724
v 74.6872 95.6329 -79.9402
vt -18.2399 0.296443
f 515/2539/766 668/2540/766 669/2541/766

v 73.7438 95.9485 -81.2064
vt -8.17692 -13.5922
vn 0.125312 0.985851 0.111332
vt -8.50306 -15.214
vt -8.36141 -15.4944
f 670/2542/767 669/2543/767 668/2544/767

vt 13.488 -9.98077
vn -0.176201 0.936718 0.302511
vt 12.0264 -9.20596
v 73.4496 95.8417 -81.0942
vt 11.8274 -9.46816
f 669/2545/768 670/2546/768 671/2547/768

v 72.4393 95.5304 -82.1494
vt 15.241 3.0831
vn -0.29705 0.954368 0.0306962
vt 16.4508 4.00949
vt 16.3655 4.3274
f 672/2548/769 671/2549/769 670/2550/769

vt 10.1055 13.8018
vn -0.148149 0.983558 -0.103275
vt 9.81006 12.3069
v 72.2452 95.5301 -81.9045
vt 10.1302 12.3053
f 671/2551/770 672/2552/770 673/2553/770

v 70.316 94.6566 -83.4325
vt 9.95782 9.74614
vn -0.237395 0.957096 -0.166163
vt 10.1073 12.372
vt 9.78715 12.373
f 674/2554/771 673/2555/771 672/2556/771

vt -6.16624 13.8864
vn 0.0975815 0.861141 -0.498913
vt -3.99483 12.4024
v 69.6649 94.88 -83.2358
vt -3.39768 12.782
f 673/2557/772 674/2558/772 675/2559/772

v 66.6101 93.6835 -85.5876
vt -0.310046 10.6977
vn 0.108573 0.872479 -0.476437
vt -3.78953 12.809
vt -4.37712 12.4148
f 676/2560/773 675/2561/773 674/2562/773

vt -0.516894 13.8203
vn -0.010864 0.93195 -0.362423
vt 2.43641 11.0199
v 65.7354 93.733 -85.4587
vt 3.30588 11.1358
f 675/2563/774 676/2564/774 677/2565/774

v 65.5252 93.6109 -85.6071
vt 3.98027 10.1241
vn -0.0383074 0.858897 -0.510714
vt 3.78364 10.3298
vt 2.91045 10.2464
f 678/2566/775 677/2567/775 676/2568/775

vt 5.0529 10.1259
vn -0.09191 0.883537 -0.459256
vt 5.22845 9.90191
v 64.9196 93.6264 -85.4725
vt 5.84332 9.93048
f 677/2569/776 678/2570/776 679/2571/776

vt 5.94898 9.27078
vn -0.119531 0.815767 -0.565895
vt 5.33389 9.24732
v 65.2092 93.3583 -85.8356
vt 5.59357 8.86721
f 679/2572/777 678/2573/777 680/2574/777

v 66.1302 93.3142 -85.9694
vt 3.63225 8.93268
vn -0.0628334 0.788538 -0.611768
vt 4.55306 8.99543
vt 4.26495 9.35448
f 681/2575/778 680/2576/778 678/2577/778

vt 4.26502 9.35442
vn -0.0628381 0.788534 -0.611773
v 66.4222 93.5703 -85.735
vt 3.36841 9.29678
vt 3.63232 8.93262
f 678/2578/779 682/2579/779 681/2580/779

vt 2.98416 10.3693
vn -0.0398273 0.873463 -0.485259
vt 3.15768 10.1695
vt 4.05328 10.2411
f 676/2581/780 682/2582/780 678/2583/780

vt 4.96893 9.8171
vn -0.11258 0.900811 -0.419363
vt 4.8267 10.0403
v 67.6436 93.6103 -85.9643
vt 3.73897 9.89589
f 682/2584/781 676/2585/781 683/2586/781

vt 0.723411 13.8299
vn -0.0480698 0.961806 -0.269477
vt 2.89009 10.6063
vt 3.96393 10.8319
f 674/2587/782 683/2588/782 676/2589/782

vt 0.810244 10.8456
vn 0.00876508 0.94792 -0.318388
vt -1.9044 13.6235
v 70.9136 94.4822 -83.8338
vt -2.48503 13.1606
f 683/2590/783 674/2591/783 684/2592/783

vt -1.46285 15.2787
vn -0.0618647 0.914133 -0.400668
vt -0.223611 13.0746
vt 0.422132 13.4412
f 672/2593/784 684/2594/784 674/2595/784

vt 11.1085 7.76887
vn -0.367181 0.917089 -0.155326
vt 12.1012 10.0944
v 72.7822 95.6011 -82.5367
vt 11.5926 10.2513
f 684/2596/785 672/2597/785 685/2598/785

vt 14.5709 8.86632
vn -0.238714 0.969977 -0.0464789
vt 13.3977 7.60271
vt 13.8638 7.34556
f 670/2599/786 685/2600/786 672/2601/786

vt 5.05769 14.6236
vn -0.102409 0.985158 -0.137753
vt 5.07985 16.3478
v 74.1468 95.988 -81.2501
vt 4.72772 16.5441
f 685/2602/787 670/2603/787 686/2604/787

vt 9.51189 -14.0728
vn -0.0549377 0.965288 0.255346
vt 8.40435 -12.748
vt 8.02201 -12.8759
f 668/2605/788 686/2606/788 670/2607/788

vt -14.3358 -7.22297
vn 0.298692 0.952416 0.0607135
vt -14.3713 -6.91153
vt -15.6211 -8.10304
f 667/2608/789 686/2609/789 668/2610/789

vt -13.4159 7.35325
vn 0.3189 0.904848 -0.282053
vt -15.2717 7.9628
vt -15.4943 7.74216
f 666/2611/790 686/2612/790 667/2613/790

vt 14.2134 9.54202
vn -0.199825 0.978835 -0.0441924
vt 12.735 8.26532
vt 13.2086 7.87245
f 686/2614/791 666/2615/791 685/2616/791

vt 8.63587 9.56896
vn -0.336717 0.914355 -0.224891
vt 9.52117 12.0914
vt 8.93834 12.2888
f 665/2617/792 685/2618/792 666/2619/792

vt 7.79924 13.2226
vn -0.289552 0.921777 -0.257852
vt 7.23968 10.6085
vt 8.07853 10.7089
f 685/2620/793 665/2621/793 684/2622/793

vt 6.83059 7.93259
vn -0.148728 0.975789 -0.160361
vt 7.03572 11.613
vt 6.20931 11.4375
f 664/2623/794 684/2624/794 665/2625/794

vt 1.93633 13.4125
vn -0.0726227 0.973721 -0.215854
vt 3.17245 9.93985
vt 4.34235 10.1831
f 684/2626/795 664/2627/795 683/2628/795

vt 5.30698 9.2324
vn -0.158877 0.920315 -0.357462
vt 5.22487 9.45648
vt 4.03862 9.31277
f 663/2629/796 683/2630/796 664/2631/796

vt 3.77425 9.96331
vn -0.108717 0.910388 -0.399217
vt 3.8848 9.7518
vt 5.00397 9.88079
f 683/2632/797 663/2633/797 682/2634/797

vt 5.34148 9.04827
vn -0.165537 0.829511 -0.533394
vt 4.21911 8.95105
v 67.2245 93.2463 -86.3606
vt 4.39586 8.5439
f 682/2635/798 663/2636/798 687/2637/798

vt 5.7989 8.05993
vt 5.67315 8.48561
f 662/2505/754 687/2638/754 663/2639/754

vt 4.39596 8.54381
vn -0.165545 0.829505 -0.5334
vt 5.54961 8.64945
vt 5.34158 9.04817
f 687/2640/799 681/2641/799 682/2642/799

v 64.5785 93.3689 -85.7018
vt 6.23291 8.88321
vt 5.94897 9.27079
f 680/2574/777 688/2643/777 679/2644/777

v 64.7094 93.5971 -85.0903
vt 12.4603 1.42834
vn -0.457952 0.872688 -0.169399
vt 12.012 1.48179
vt 11.9114 1.01198
f 689/2645/800 679/2646/800 688/2647/800

v 65.1181 93.7402 -85.341
vt 12.0913 1.26707
vn -0.374569 0.918594 -0.12603
vt 12.0275 1.01173
vt 12.4743 0.945996
f 690/2648/801 679/2649/801 689/2650/801

vt 5.74208 9.89607
vn -0.0904082 0.874323 -0.476851
vt 5.573 10.0978
vt 4.95009 10.085
f 679/2651/802 690/2652/802 677/2653/802

v 68.988 95.0716 -83.2085
vt 2.09516 13.7567
vn -0.0644764 0.932431 -0.355549
vt 4.86897 10.611
vt 5.49179 10.628
f 691/2654/803 677/2655/803 690/2656/803

vt -0.192572 10.0913
vn 0.174826 0.785476 -0.593686
vt -3.93252 11.9893
vt -4.57146 11.7177
f 677/2657/804 691/2658/804 675/2659/804

v 71.9788 95.5817 -81.7845
vt -7.51319 12.8845
vn 0.181144 0.805765 -0.563853
vt -4.87503 11.848
vt -4.24104 12.131
f 692/2660/805 675/2661/805 691/2662/805

vt -0.533061 13.8765
vn -0.00989589 0.938773 -0.344394
vt -2.78187 15.6019
vt -3.04887 15.475
f 675/2663/806 692/2664/806 673/2665/806

v 73.478 95.7481 -80.9147
vt -8.09083 15.2992
vn 0.0537661 0.971957 -0.228928
vt -6.67281 14.5169
vt -6.44234 14.7021
f 693/2666/807 673/2667/807 692/2668/807

vt 13.7512 -3.28602
vn -0.479421 0.783855 0.394623
vt 15.34 -2.97242
vt 15.1792 -2.83788
f 673/2669/808 693/2670/808 671/2671/808

v 74.4272 95.7498 -79.9404
vt 16.5455 -3.41398
vn -0.457575 0.795906 0.396433
vt 14.9953 -3.27872
vt 15.1534 -3.41639
f 694/2672/809 671/2673/809 693/2674/809

vt -16.0627 5.84482
vn 0.36467 0.90507 -0.218779
vt -17.607 5.65376
vt -17.7456 5.41074
f 671/2675/810 694/2676/810 669/2677/810

vt -19.4124 1.38697
vn 0.370118 0.920022 -0.128732
vt -18.2407 1.83056
vt -18.1514 2.09568
f 512/2678/811 669/2679/811 694/2680/811

vt 12.2669 -11.7663
vn -0.115358 0.96093 0.251608
vt 13.3657 -12.3681
vt 13.5244 -12.206
f 669/2681/812 512/2682/812 515/2683/812

vt -4.03424 -16.5301
vn 0.102309 0.981626 0.16107
vt -3.89285 -17.8863
vt -3.63867 -17.9215
f 694/2684/813 510/2685/813 512/2686/813

vt -19.3672 0.357466
vn 0.456418 0.882197 -0.115807
vt -18.1324 0.935947
v 74.2872 95.8852 -79.6037
vt -18.4378 1.1932
f 510/2687/814 694/2688/814 695/2689/814

vt -15.1212 8.38012
vn 0.244644 0.945753 -0.213777
vt -16.6786 8.74797
vt -16.5132 8.3845
f 693/2690/815 695/2691/815 694/2692/815

vt 18.289 0.720609
vn -0.586772 0.766548 0.260966
vt 16.7003 0.528104
v 73.4616 95.6707 -80.765
vt 16.8357 0.419356
f 695/2693/816 693/2694/816 696/2695/816

vt 12.4565 -6.52503
vn -0.308679 0.889328 0.337362
vt 14.2713 -6.35475
vt 14.1807 -6.20654
f 692/2696/817 696/2697/817 693/2698/817

vt -11.7076 12.9218
vn 0.126081 0.965129 -0.22941
vt -9.9081 12.6316
v 71.4185 95.6665 -81.7724
vt -9.42038 12.908
f 696/2699/818 692/2700/818 697/2701/818

vt -3.32828 13.1123
vn 0.110816 0.883489 -0.455156
vt -6.01415 14.205
vt -6.55268 14.0493
f 691/2702/819 697/2703/819 692/2704/819

vt -5.27816 14.6738
vn 0.0774445 0.907469 -0.412919
vt -2.64348 13.4629
v 68.4536 95.1479 -83.1618
vt -2.13056 13.6182
f 697/2705/820 691/2706/820 698/2707/820

vt 2.30002 10.8477
vn 0.060774 0.853262 -0.51793
vt -1.23625 13.1802
vt -1.75704 13.0537
f 690/2708/821 698/2709/821 691/2710/821

vt 13.3953 4.40803
vn -0.298285 0.951114 -0.0800493
vt 12.1013 0.374251
v 64.903 93.7046 -84.9698
vt 12.5336 0.272004
f 698/2711/822 690/2712/822 699/2713/822

vt 12.4766 0.786854
vn -0.3709 0.920939 -0.119605
vt 12.5342 1.0313
vt 12.0974 1.1125
f 689/2714/823 699/2715/823 690/2716/823

vt 12.3327 -1.23946
vn -0.414949 0.908569 -0.0481566
vt 12.2307 -1.46893
v 64.5738 93.5637 -84.5711
vt 12.7873 -1.54031
f 699/2717/824 689/2718/824 700/2719/824

vt 12.8531 -0.917796
vn -0.513816 0.854747 -0.073488
vt 12.2949 -0.860042
v 64.3584 93.3361 -85.3102
vt 12.119 -1.31122
f 700/2720/825 689/2721/825 701/2722/825

vt 11.9114 1.01182
vn -0.457964 0.872682 -0.169395
vt 12.3725 0.951956
vt 12.4603 1.42818
f 688/2723/826 701/2724/826 689/2725/826

vt 12.1191 -1.31114
vn -0.513806 0.854753 -0.0734921
v 64.2188 93.3019 -84.775
vt 12.6945 -1.37034
vt 12.8532 -0.917703
f 701/2726/827 702/2727/827 700/2728/827

v 64.197 93.5704 -84.0194
vt 13.2614 3.82264
vn -0.409141 0.875737 -0.256299
vt 12.5744 3.81042
vt 12.5906 3.33105
f 703/2729/828 700/2730/828 702/2731/828

v 64.7708 93.6687 -84.4569
vt 12.5444 4.13675
vn -0.311451 0.929481 -0.197642
vt 12.5538 3.88731
vt 13.2406 3.90319
f 704/2732/829 700/2733/829 703/2734/829

vt 12.7427 -1.76355
vn -0.40627 0.912852 -0.0405786
vt 12.8413 -1.53422
vt 12.2928 -1.45581
f 700/2735/830 704/2736/830 699/2737/830

v 68.2336 95.0241 -82.9058
vt 14.1293 1.46525
vn -0.320451 0.947067 -0.0193539
vt 12.1798 -2.18993
vt 12.7249 -2.28931
f 705/2738/831 699/2739/831 704/2740/831

vt 11.0027 -4.78283
vn -0.37515 0.924283 0.0704478
vt 13.7724 -1.70228
vt 13.5512 -1.41326
f 699/2741/832 705/2742/832 698/2743/832

v 70.8887 95.7276 -81.7509
vt 14.6521 -3.46338
vn -0.292906 0.94561 0.141521
vt 12.231 -5.03602
vt 12.3711 -5.37187
f 706/2744/833 698/2745/833 705/2746/833

vt -2.1201 13.6233
vn 0.0769482 0.907882 -0.412104
vt -4.75387 14.8057
vt -5.26698 14.6811
f 698/2747/834 706/2748/834 697/2749/834

v 73.0328 95.6113 -80.7416
vt -14.5422 9.1651
vn 0.098277 0.99064 -0.094732
vt -12.6387 9.51364
vt -12.2789 9.90006
f 707/2750/835 697/2751/835 706/2752/835

vt 9.57577 -11.0002
vn -0.109738 0.974907 0.193683
vt 11.4994 -11.2113
vt 11.8629 -10.984
f 697/2753/836 707/2754/836 696/2755/836

v 74.205 95.9285 -79.2668
vt 12.0015 14.8683
vn -0.126658 0.988828 -0.0785942
vt 11.0947 13.3652
vt 11.3478 13.0191
f 708/2756/837 696/2757/837 707/2758/837

vt 2.23274 17.245
vn -0.051703 0.992307 -0.112486
vt 2.18308 18.9998
vt 1.96806 18.7054
f 696/2759/838 708/2760/838 695/2761/838

vt -18.3824 -4.11787
vn 0.477822 0.878376 0.011937
vt -17.4404 -3.30964
vt -17.7959 -3.22853
f 508/2762/839 695/2763/839 708/2764/839

vt -9.03252 -13.9107
vn 0.229349 0.95179 0.203703
vt -9.27181 -15.1286
vt -8.90443 -15.154
f 695/2765/840 508/2766/840 510/2767/840

vt -14.2964 -9.31307
vn 0.376031 0.91377 0.153703
vt -14.8487 -10.2452
vt -14.5539 -10.3468
f 708/2768/841 506/2769/841 508/2770/841

vt 17.8264 -0.159974
vn -0.678372 0.424323 0.599802
vt 16.8345 0.276079
v 74.1181 95.7706 -79.265
vt 16.7769 0.115148
f 506/2771/842 708/2772/842 709/2773/842

vt 16.1374 0.895916
vn -0.755382 0.470282 0.456325
vt 18.0256 1.06234
vt 18.0706 1.22726
f 707/2774/843 709/2775/843 708/2776/843

vt 8.67323 16.8645
vn -0.0523742 0.997331 -0.05088
vt 8.36535 14.9941
v 72.5671 95.5847 -80.7272
vt 8.70571 14.6818
f 709/2777/844 707/2778/844 710/2779/844

vt 5.71081 -13.3777
vn -0.0450854 0.983722 0.173949
vt 7.58253 -14.0469
vt 8.02735 -13.9223
f 706/2780/845 710/2781/845 707/2782/845

vt 3.27451 -16.0109
vn 0.00340558 0.994507 0.104619
vt 1.64658 -14.8703
v 70.7178 95.7086 -81.6014
vt 1.47261 -15.022
f 710/2783/846 706/2784/846 711/2785/846

vt 12.7729 6.58248
vn -0.18639 0.978301 -0.0904798
vt 12.8646 9.47367
vt 12.6481 9.55397
f 705/2786/847 711/2787/847 706/2788/847

vt 14.3193 -4.17506
vn -0.340338 0.920253 0.193142
vt 11.8737 -5.71986
v 68.0525 94.8537 -82.54
vt 12.1107 -6.10447
f 711/2789/848 705/2790/848 712/2791/848

vt 9.93258 -6.80613
vn -0.39714 0.903343 0.162021
vt 13.0733 -4.34971
vt 12.7917 -3.99645
f 704/2792/849 712/2793/849 705/2794/849

vt 12.3835 8.09756
vn -0.218615 0.965802 -0.139408
vt 12.5359 4.11319
v 64.3931 93.6714 -83.9161
vt 13.2138 4.12248
f 712/2795/850 704/2796/850 713/2797/850

vt 13.2475 3.87903
vn -0.310162 0.930262 -0.195992
vt 13.2296 4.12045
vt 12.5517 4.11385
f 703/2798/851 713/2799/851 704/2800/851

vt 12.903 5.04867
vn -0.295624 0.929638 -0.219953
vt 12.9381 4.80914
v 63.6564 93.5903 -83.3073
vt 13.8538 4.85621
f 713/2801/852 703/2802/852 714/2803/852

vt 13.9136 4.62145
vn -0.392544 0.874769 -0.284056
vt 12.9974 4.58534
v 63.8283 93.3072 -84.2075
vt 13.0627 4.10647
f 714/2804/853 703/2805/853 715/2806/853

vt 12.5906 3.33089
vn -0.409153 0.875732 -0.256297
vt 13.2988 3.34061
vt 13.2614 3.82247
f 702/2807/854 715/2808/854 703/2809/854

vt 13.0627 4.10663
vn -0.392533 0.874774 -0.284056
v 63.2711 93.3277 -83.4734
vt 14.0072 4.14389
vt 13.9135 4.62162
f 715/2810/855 716/2811/855 714/2812/855

v 63.0346 93.6008 -82.3062
vt 15.5286 3.28601
vn -0.417129 0.877418 -0.236942
vt 14.314 3.26652
vt 14.3614 2.782
f 717/2813/856 714/2814/856 716/2815/856

v 63.8617 93.6906 -83.2156
vt 14.2746 3.54633
vn -0.314369 0.931915 -0.180852
vt 14.2982 3.30341
vt 15.5127 3.329
f 718/2816/857 714/2817/857 717/2818/857

vt 13.8582 4.84436
vn -0.294529 0.930281 -0.218702
vt 13.8082 5.08325
vt 12.9076 5.03766
f 714/2819/858 718/2820/858 713/2821/858

v 67.6336 94.7883 -82.1632
vt 12.1741 9.11011
vn -0.201141 0.966965 -0.156595
vt 12.7956 5.30975
vt 13.6951 5.37488
f 719/2822/859 713/2823/859 718/2824/859

vt 13.6658 1.88345
vn -0.235818 0.966673 -0.0996662
vt 14.0322 5.71683
vt 13.5029 5.94105
f 713/2825/860 719/2826/860 712/2827/860

v 70.6018 95.6266 -81.3398
vt 13.9562 8.25299
vn -0.218881 0.972291 -0.0820996
vt 13.7188 5.34512
vt 14.2384 5.09933
f 720/2828/861 712/2829/861 719/2830/861

vt 13.3483 -4.34559
vn -0.314509 0.942552 0.112606
vt 15.4242 -2.29547
vt 15.208 -2.07798
f 712/2831/862 720/2832/862 711/2833/862

v 72.4421 95.6075 -80.6038
vt 9.40284 -12.7697
vn -0.0861078 0.973944 0.209807
vt 7.42941 -12.3919
vt 7.4214 -12.6984
f 721/2834/863 711/2835/863 720/2836/863

vt -13.7641 7.79722
vn 0.0928784 0.993691 -0.0628667
vt -15.6139 7.01265
vt -15.5808 6.83576
f 711/2837/864 721/2838/864 710/2839/864

v 74.007 95.558 -79.2795
vt -17.4362 7.13425
vn 0.090129 0.993783 -0.0653624
vt -15.3583 7.3433
vt -15.3855 7.52118
f 722/2840/865 710/2841/865 721/2842/865

vt 14.5545 0.569275
vn -0.697455 0.353072 0.623615
vt 16.6428 0.542744
vt 16.7297 0.753459
f 710/2843/866 722/2844/866 709/2845/866

vt 18.6361 0.927233
vn -0.748768 0.390925 0.53528
vt 18.5787 0.935202
vt 17.5615 1.07635
vt 17.4828 0.86244
f 504/2846/867 470/2847/867 709/2848/867 722/2849/867 

vt -19.1994 5.18477
vn 0.778209 0.450634 -0.437402
vt -19.2568 5.17657
vt -19.2312 5.05077
vt -18.1828 5.32992
f 470/2850/868 504/2851/868 506/2852/868 709/2853/868 

vt -17.1859 6.10604
vn 0.719238 0.410218 -0.56073
vt -18.3559 6.30036
vt -18.3392 6.17134
f 722/2854/869 501/2855/869 504/2856/869

vt 19.8087 1.65624
vn -0.395308 0.911052 0.117118
vt 18.6973 1.2421
vt 18.9404 0.980765
f 501/2857/870 722/2858/870 499/2859/870

vt 13.1361 -8.99798
vn -0.19073 0.954592 0.228858
vt 15.2847 -9.49223
vt 15.218 -9.14163
f 721/2860/871 499/2861/871 722/2862/871

vt -0.944973 -18.6021
vn 0.023054 0.99758 0.0655901
vt -1.73625 -16.5442
vt -1.8627 -16.7438
f 499/2863/872 721/2864/872 491/2865/872

vt 5.94237 -14.4675
vn -0.0163765 0.99827 0.056463
vt 7.91131 -14.976
vt 7.9063 -14.7398
f 720/2866/873 491/2867/873 721/2868/873

vt 10.5787 -12.299
vn -0.0982488 0.976612 0.191249
vt 8.55003 -12.1581
vt 8.38715 -12.6667
f 491/2869/874 720/2870/874 490/2871/874

vt 14.4941 -2.72575
vn -0.256847 0.965478 0.043392
vt 16.1689 -0.308804
vt 15.8633 0.129162
f 719/2872/875 490/2873/875 720/2874/875

vt 12.623 10.7162
vn -0.179763 0.977276 -0.112321
vt 13.0114 7.80144
vt 13.6768 7.66308
f 490/2875/876 719/2876/876 489/2877/876

vt 14.0261 4.40625
vn -0.207195 0.968412 -0.13874
vt 13.438 8.12062
vt 12.7686 8.23821
f 718/2878/877 489/2879/877 719/2880/877

vt 13.9167 7.24225
vn -0.21477 0.968716 -0.12435
vt 14.2657 3.49785
vt 15.4554 3.52756
f 489/2881/878 718/2882/878 488/2883/878

vt 15.5266 3.25351
vn -0.307214 0.935452 -0.174783
vt 15.4794 3.49742
vt 14.2896 3.47644
f 717/2884/879 488/2885/879 718/2886/879

vt 15.7463 1.55803
vn -0.32368 0.936875 -0.132273
vt 15.7632 1.31016
vt 17.031 1.34418
f 488/2887/880 717/2888/880 487/2889/880

vt 17.0363 1.40632
vn -0.441414 0.879759 -0.176573
vt 15.7683 1.3811
v 62.6305 93.3388 -82.4413
vt 15.7939 0.890987
f 487/2890/881 717/2891/881 723/2892/881

vt 15.6133 2.8026
vt 15.5286 3.28602
f 716/2815/856 723/2893/856 717/2894/856

vt 15.7939 0.890888
vn -0.441424 0.879754 -0.176572
vt 17.1006 0.919263
vt 17.0363 1.40621
f 723/2895/882 486/2896/882 487/2897/882

vt -9.84086 4.78302
vn 0.235558 0.0646959 -0.969704
v 74.7066 96.389 -78.0941
vt -10.0473 5.32289
vt -10.2406 4.9366
f 500/2898/883 724/2899/883 502/2900/883

vt 9.41644 10.0176
vn -0.679841 0.361573 -0.638029
vt 9.49949 9.44558
v 74.3583 95.8346 -78.0122
vt 9.71976 9.46704
f 724/2901/884 500/2902/884 725/2903/884

vt 6.40507 17.9676
vn -0.21013 0.933875 -0.28935
vt 6.29537 19.0412
vt 6.08025 18.9892
f 498/2904/885 725/2905/885 500/2906/885

vt -13.9184 14.6337
vn 0.339087 -0.923556 0.179068
vt -14.0692 14.6276
vt -13.7307 13.6029
f 497/2907/886 725/2908/886 498/2909/886

vt -13.7096 11.7357
vn 0.68534 -0.619131 0.383387
vt -13.5588 11.7388
v 74.8225 96.4181 -78.004
vt -13.4832 12.4126
f 725/2910/887 497/2911/887 726/2912/887

vt 10.9554 5.3054
vn -0.264656 -0.0799259 0.961025
vt 10.6824 5.56825
vt 10.2789 5.02333
f 496/2913/888 726/2914/888 497/2915/888

vt 13.2839 -0.518681
vn -0.397628 0.335174 0.854137
v 74.6323 96.5379 -78.1197
vt 13.0623 -0.40092
vt 12.8589 -1.09213
f 726/2916/889 727/2917/889 725/2918/889

vt -6.0824 0.34397
vn 0.0285201 -0.198286 -0.979729
vt -6.35059 1.01273
vt -6.42481 0.871103
f 725/2919/890 727/2920/890 724/2921/890

vt 17.6793 -3.08664
vn -0.473243 0.879153 -0.0559455
v 61.927 93.4247 -79.1397
vt 18.7684 -3.01531
vt 18.7541 -2.53233
f 485/2922/891 728/2923/891 484/2924/891

v 62.0016 93.7121 -78.1812
vt 20.1645 1.80617
vn -0.457388 0.872059 -0.174096
vt 19.1405 1.75106
vt 19.2612 1.28318
f 729/2925/892 484/2926/892 728/2927/892

v 62.5921 93.7775 -79.0866
vt 19.0316 2.23824
vn -0.318116 0.939126 -0.129789
vt 19.1109 1.99249
vt 20.1334 2.07027
f 730/2928/893 484/2929/893 729/2930/893

vt 18.8702 -2.51837
vn -0.326557 0.943926 -0.0486188
vt 18.8501 -2.2609
vt 17.8132 -2.35912
f 484/2931/894 730/2932/894 482/2933/894

v 66.4979 94.5773 -79.611
vt 17.6149 2.38107
vn -0.185581 0.981786 -0.0406993
vt 17.9967 -1.50496
vt 19.0243 -1.33534
f 731/2934/895 482/2935/895 730/2936/895

vt 16.2682 -7.37928
vn -0.19426 0.980703 0.0220112
vt 17.2057 -3.58876
vt 16.4088 -3.45783
f 482/2937/896 731/2938/896 480/2939/896

v 69.3702 95.2064 -79.6021
vt 17.5515 -0.744875
vn -0.192097 0.981127 0.0221053
vt 16.4012 -3.49535
vt 17.1979 -3.62773
f 732/2940/897 480/2941/897 731/2942/897

vt 16.7099 -2.02947
vn -0.187053 0.982336 0.00524442
vt 17.6088 0.813092
vt 17.0727 1.00957
f 480/2943/898 732/2944/898 478/2945/898

v 71.587 95.1516 -79.3826
vt -0.642183 -17.7476
vn 0.0140488 0.997572 0.0682172
vt -2.47184 -16.592
vt -2.75097 -17.0901
f 733/2946/899 478/2947/899 732/2948/899

vt 4.35887 -15.1353
vn -0.0509369 0.973231 0.224113
vt 6.49391 -15.4885
vt 6.62278 -15.0633
f 478/2949/900 733/2950/900 475/2951/900

vt 13.8228 -9.93077
vn -0.156528 0.97325 0.168176
vt 13.9116 -10.3661
vt 15.6621 -9.60847
f 475/2952/901 733/2953/901 473/2954/901

v 73.2779 95.4749 -78.5938
vt -6.5874 17.7909
vn 0.0470236 0.921089 -0.386502
vt -6.6843 17.5249
vt -4.82867 17.0837
f 734/2955/902 473/2956/902 733/2957/902

vt -2.71048 18.1926
vn -0.0461081 0.903553 -0.425989
vt -2.56426 18.435
vt -3.8819 18.7477
f 473/2958/903 734/2959/903 471/2960/903

vt -7.31111 7.56012
vn 0.0821371 0.245682 -0.965864
vt -5.96526 7.40964
v 73.1901 95.9867 -78.4964
vt -5.8868 7.90068
vt -7.03595 7.62591
f 471/2961/904 734/2962/904 735/2963/904 493/2964/904 

v 71.1147 95.4517 -78.4719
vt -1.27462 7.11422
vn -0.0585277 0.220679 -0.973589
vt -3.32725 7.62494
vt -3.41976 7.13634
f 736/2965/905 735/2966/905 734/2967/905

vt 1.63482 17.4431
vn -0.19111 0.81108 -0.552835
vt 3.59358 16.6447
v 70.8328 95.7791 -78.0023
vt 4.01109 17.1333
f 735/2968/906 736/2969/906 737/2970/906

v 69.0464 95.4276 -78.3646
vt 0.966966 17.69
vn -0.0354586 0.865185 -0.500197
vt -0.771988 18.2936
vt -1.08325 17.7313
f 738/2971/907 737/2972/907 736/2973/907

vt 1.41087 19.0978
vn -0.0732103 0.921808 -0.380672
vt 3.08192 18.3259
v 68.8462 95.635 -77.9303
vt 3.35814 18.7812
f 737/2974/908 738/2975/908 739/2976/908

v 66.2555 94.7527 -78.2296
vt 10.3464 15.3131
vn -0.211116 0.881868 -0.42159
vt 8.16569 16.9297
vt 7.79246 16.5498
f 740/2977/909 739/2978/909 738/2979/909

vt 10.9416 15.9612
vn -0.235705 0.917643 -0.319959
vt 12.8638 14.0445
v 65.9897 94.9243 -77.6645
vt 13.4171 14.4171
f 739/2980/910 740/2981/910 741/2982/910

v 61.7788 93.8551 -77.409
vt 16.8508 12.2145
vn -0.228665 0.92022 -0.317659
vt 13.2599 14.5708
vt 12.7103 14.1928
f 742/2983/911 741/2984/911 740/2985/911

vt 14.8388 13.2803
vn -0.229079 0.940438 -0.251196
vt 18.1654 10.5634
v 61.2734 93.9144 -76.8218
vt 18.9445 10.7142
f 741/2986/912 742/2987/912 743/2988/912

v 61.0015 93.8091 -76.8021
vt 19.7133 9.1944
vn -0.33093 0.886019 -0.324739
vt 19.5055 9.39285
vt 18.7198 9.28099
f 744/2989/913 743/2990/913 742/2991/913

vt 20.7932 6.68291
vn -0.333442 0.912594 -0.23662
vt 20.9711 6.45721
v 60.7071 93.8612 -76.2749
vt 21.5868 6.56887
f 743/2992/914 744/2993/914 745/2994/914

vt 21.843 5.58674
vn -0.439042 0.852386 -0.284044
vt 21.2235 5.49851
v 60.542 93.5575 -76.7682
vt 21.5094 5.07208
f 745/2995/915 744/2996/915 746/2997/915

v 61.0659 93.4959 -77.3797
vt 19.5561 7.64216
vn -0.428638 0.814019 -0.391974
vt 20.3757 7.73599
vt 20.0344 8.11954
f 747/2998/916 746/2999/916 744/3000/916

vt 20.0344 8.11947
vn -0.42864 0.814017 -0.391973
v 61.5085 93.7486 -77.3956
vt 19.24 8.02715
vt 19.5561 7.64209
f 744/3001/917 748/3002/917 747/3003/917

vt 18.7267 9.28163
vn -0.328696 0.887821 -0.322075
vt 18.9287 9.07937
vt 19.7202 9.19442
f 742/3004/918 748/3005/918 744/3006/918

vt 20.343 5.94852
vn -0.333601 0.915951 -0.223032
vt 20.1772 6.1814
v 62.2541 93.8117 -78.1809
vt 19.2466 6.08659
f 748/3007/919 742/3008/919 749/3009/919

vt 16.3505 10.4123
vn -0.204305 0.966594 -0.154773
vt 18.8641 7.2254
vt 19.7879 7.37223
f 740/3010/920 749/3011/920 742/3012/920

vt 17.3218 10.2834
vn -0.202263 0.954283 -0.220077
vt 14.3029 12.9965
v 66.4672 94.6174 -78.8681
vt 13.7072 12.6064
f 749/3013/921 740/3014/921 750/3015/921

vt 12.4922 14.5039
vn -0.216232 0.950419 -0.223491
vt 14.0179 12.254
vt 14.6228 12.6298
f 738/3016/922 750/3017/922 740/3018/922

vt 13.4581 12.8191
vn -0.211723 0.947435 -0.239874
vt 11.8381 15.0021
v 69.2116 95.2759 -78.9696
vt 11.3075 14.5933
f 750/3019/923 738/3020/923 751/3021/923

vt -0.502225 19.2218
vn -0.0208027 0.97944 -0.20066
vt 1.32142 18.4905
vt 1.54596 19.1216
f 736/3022/924 751/3023/924 738/3024/924

vt -2.10621 17.8635
vn 0.0361878 0.925605 -0.376757
vt -4.03087 18.2586
v 71.3875 95.1845 -78.9725
vt -4.25263 17.658
f 751/3025/925 736/3026/925 752/3027/925

vt -3.07423 18.5163
vn -0.0321959 0.913871 -0.404727
vt -1.23816 17.9067
vt -0.929534 18.4676
f 734/3028/926 752/3029/926 736/3030/926

vt 10.1423 15.2639
vn -0.110008 0.987783 -0.110373
vt 10.5797 15.4448
vt 9.4914 17.0443
f 733/3031/927 752/3032/927 734/3033/927

vt -8.57822 15.5556
vn 0.0280329 0.998267 -0.0517325
vt -10.6617 15.24
vt -10.6416 14.7671
f 732/3034/928 752/3035/928 733/3036/928

vt -9.89782 15.813
vn 0.0376982 0.99616 -0.0790137
vt -7.80126 16.0247
vt -7.93088 16.6965
f 752/3037/929 732/3038/929 751/3039/929

vt 15.5983 8.7871
vn -0.189335 0.973702 -0.126712
vt 14.5954 11.4542
vt 13.9648 11.1887
f 731/3040/930 751/3041/930 732/3042/930

vt 17.6059 5.49444
vn -0.210993 0.976271 -0.0487596
vt 17.5914 2.64506
vt 18.3547 2.80887
f 751/3043/931 731/3044/931 750/3045/931

vt 19.0778 -0.60606
vn -0.186574 0.981258 -0.0481928
vt 18.2872 3.23806
vt 17.5285 3.05424
f 730/3046/932 750/3047/932 731/3048/932

vt 17.3098 6.9331
vn -0.183284 0.978963 -0.0896606
vt 18.8686 3.33136
vt 19.8641 3.47809
f 750/3049/933 730/3050/933 749/3051/933

vt 20.1249 2.1858
vn -0.328344 0.934722 -0.135957
vt 20.025 2.43326
vt 19.0223 2.34826
f 729/3052/934 749/3053/934 730/3054/934

vt 19.2744 6.01378
vn -0.323256 0.921817 -0.213914
vt 19.4173 5.78839
vt 20.3701 5.87094
f 749/3055/935 729/3056/935 748/3057/935

vt 20.5033 5.27216
vn -0.443893 0.851736 -0.278397
vt 19.5489 5.21042
v 61.5706 93.4564 -78.1892
vt 19.7776 4.77778
f 748/3058/936 729/3059/936 753/3060/936

vt 19.2612 1.2834
vn -0.457376 0.872065 -0.174098
vt 20.3161 1.3411
vt 20.1644 1.8064
f 728/3061/937 753/3062/937 729/3063/937

vt 19.7776 4.77756
vn -0.443904 0.85173 -0.278397
vt 20.7592 4.84443
vt 20.5033 5.27193
f 753/3064/938 747/3065/938 748/3066/938

vt 21.5094 5.07222
vn -0.439038 0.852387 -0.284046
v 60.2329 93.6081 -76.2244
vt 22.1514 5.1579
vt 21.8429 5.58688
f 746/3067/939 754/3068/939 745/3069/939

v 60.8409 93.866 -75.6876
vt 19.7081 -9.76784
vn -0.421482 0.903165 0.081522
vt 19.0773 -9.77786
vt 19.0349 -10.3045
f 755/3070/940 745/3071/940 754/3072/940

v 60.9666 93.9608 -76.2987
vt 19.1682 -10.1769
vn -0.318679 0.945967 0.059924
vt 19.1425 -10.4499
vt 19.7732 -10.4368
f 756/3073/941 745/3074/941 755/3075/941

vt 21.5787 6.58937
vn -0.335855 0.911097 -0.238962
vt 21.4046 6.80132
vt 20.7851 6.70252
f 745/3076/942 756/3077/942 743/3078/942

v 65.7967 95.072 -77.1428
vt 17.1684 11.3768
vn -0.232167 0.954301 -0.188172
vt 20.3337 8.01337
vt 20.9464 8.14829
f 757/3079/943 743/3080/943 756/3081/943

vt 18.3483 11.5435
vn -0.233718 0.929351 -0.285803
vt 14.6063 14.2507
vt 14.1217 13.9052
f 743/3082/944 757/3083/944 741/3084/944

v 68.7759 95.7953 -77.6048
vt 12.367 15.5093
vn -0.249432 0.924038 -0.289718
vt 14.4633 13.5379
vt 14.9556 13.8722
f 758/3085/945 741/3086/945 757/3087/945

vt 12.0418 15.1142
vn -0.236491 0.888559 -0.393109
vt 9.67884 16.7566
vt 9.45028 16.4543
f 741/3088/946 758/3089/946 739/3090/946

v 70.6071 95.9931 -77.6857
vt 3.17956 19.2371
vn -0.105457 0.9188 -0.380374
vt 4.79944 18.4631
vt 4.95297 18.8096
f 759/3091/947 739/3092/947 758/3093/947

vt 2.51805 17.9397
vn -0.073585 0.857521 -0.509158
vt 0.826223 18.5404
vt 0.560077 18.1815
f 739/3094/948 759/3095/948 737/3096/948

v 73.079 96.4662 -78.3705
vt 4.45198 16.4267
vn -0.309167 0.74145 -0.59554
vt 6.61485 15.5196
vt 6.961 15.8021
f 760/3097/949 737/3098/949 759/3099/949

vt 2.43207 7.95056
vn -0.235807 0.248131 -0.939588
vt 0.18135 8.61008
vt 0.0439928 8.14985
f 737/3100/950 760/3101/950 735/3102/950

vt -5.48482 9.04466
vn -0.023764 0.306739 -0.951497
vt -3.9541 9.00626
vt -3.84101 9.47304
f 468/3103/951 735/3104/951 760/3105/951

vt -4.16269 0.70784
vn -0.0130095 -0.188658 -0.981957
vt -5.69343 0.74529
vt -5.58784 0.370828
vt -5.31251 0.435937
f 735/3106/952 468/3107/952 471/3108/952 493/3109/952 

vt -2.86193 5.95442
vn -0.07888 0.0920348 -0.992627
vt -4.55679 5.94354
vt -4.50964 5.54132
f 760/3110/953 466/3111/953 468/3112/953

vt -6.30808 18.9308
vn 0.00114594 0.998116 -0.0613454
vt -4.62054 19.0885
v 72.8838 96.4898 -78.067
vt -4.43287 19.41
f 466/3113/954 760/3114/954 761/3115/954

vt 13.3918 14.9628
vn -0.220601 0.957611 -0.185246
vt 11.599 16.4578
vt 11.2336 16.3867
f 759/3116/955 761/3117/955 760/3118/955

vt 10.5367 17.1139
vn -0.22467 0.950367 -0.215234
vt 12.4185 15.7326
v 70.6438 96.0609 -77.4827
vt 12.5417 15.9212
f 761/3119/956 759/3120/956 762/3121/956

vt 7.41829 18.5522
vn -0.103717 0.965394 -0.239285
vt 5.7579 19.4151
vt 5.71102 19.1948
f 758/3122/957 762/3123/957 759/3124/957

vt 18.2969 -7.13762
vn -0.13092 0.989043 0.0682171
vt 17.2888 -8.71408
v 69.0002 95.8046 -77.3271
vt 17.652 -8.65892
f 762/3125/958 758/3126/958 763/3127/958

vt 15.624 -11.9597
vn -0.192442 0.974783 0.112977
vt 17.1385 -9.08405
vt 16.773 -9.12053
f 757/3128/959 763/3129/959 758/3130/959

vt 13.4578 15.2069
vn -0.207601 0.955662 -0.208833
vt 15.8971 13.0591
v 65.7182 95.1822 -76.6738
vt 16.2894 13.3822
f 763/3131/960 757/3132/960 764/3133/960

vt 20.5165 9.1266
vn -0.235452 0.948587 -0.211529
vt 16.9966 12.4718
vt 16.5878 12.1699
f 756/3134/961 764/3135/961 757/3136/961

vt 19.8438 -5.52459
vn -0.220742 0.974633 0.0369321
vt 19.4097 -10.3611
v 61.1001 93.9679 -75.7212
vt 20.0298 -10.3329
f 764/3137/962 756/3138/962 765/3139/962

vt 19.8464 -10.2913
vn -0.323525 0.944387 0.0588628
vt 19.8604 -10.0157
vt 19.24 -10.0349
f 755/3140/963 765/3141/963 756/3142/963

vt 12.6321 -16.8006
vn -0.296816 0.93054 0.214465
vt 12.5038 -17.0449
v 61.2139 93.8395 -75.134
vt 13.1912 -17.1085
f 765/3143/964 755/3144/964 766/3145/964

vt 13.6054 -15.6725
vn -0.383532 0.884682 0.26503
vt 12.9169 -15.6221
v 60.3713 93.6133 -75.6191
vt 12.6997 -16.1014
f 766/3146/965 755/3147/965 767/3148/965

vt 19.0346 -10.3048
vn -0.421491 0.90316 0.0815337
vt 19.6848 -10.2939
vt 19.7078 -9.76817
f 754/3149/966 767/3150/966 755/3151/966

vt 12.6998 -16.1014
vn -0.383529 0.884685 0.265025
v 60.7609 93.5888 -75.0495
vt 13.4116 -16.148
vt 13.6056 -15.6725
f 767/3152/967 768/3153/967 766/3154/967

v 61.6459 93.8011 -74.7082
vt 9.68252 -17.154
vn -0.348041 0.858762 0.376025
vt 9.06501 -17.0881
vt 8.78482 -17.5185
f 769/3155/968 766/3156/968 768/3157/968

v 61.4808 93.9485 -75.1802
vt 8.64142 -18.4976
vn -0.273365 0.909858 0.312137
vt 8.46824 -18.7266
vt 9.084 -18.8072
f 770/3158/969 766/3159/969 769/3160/969

vt 13.2507 -17.0507
vn -0.299069 0.929758 0.214729
vt 13.3724 -16.7906
vt 12.6908 -16.7443
f 766/3161/970 770/3162/970 765/3163/970

v 65.7963 95.2411 -76.2672
vt 14.652 -13.8532
vn -0.213189 0.96355 0.16162
vt 12.1806 -18.0049
vt 12.8609 -18.0681
f 771/3164/971 765/3165/971 770/3166/971

vt 22.8971 -0.355411
vn -0.243009 0.967586 -0.0687379
vt 21.0163 4.09509
vt 20.6304 3.88921
f 765/3167/972 771/3168/972 764/3169/972

v 69.2444 95.8122 -77.0657
vt 17.6139 10.5748
vn -0.166844 0.982414 -0.0838212
vt 19.6131 7.62585
vt 19.9526 7.90155
f 772/3170/973 764/3171/973 771/3172/973

vt 15.0721 -13.5745
vn -0.145381 0.984454 0.0985627
vt 16.779 -10.4473
vt 16.4144 -10.4849
f 764/3173/974 772/3174/974 763/3175/974

v 71.1482 95.9495 -77.3544
vt 19.0664 -6.09385
vn -0.0598979 0.997839 0.0270079
vt 18.1738 -8.0292
vt 18.5261 -7.92804
f 773/3176/975 763/3177/975 772/3178/975

vt 1.40177 -11.7297
vn -0.0398598 0.757928 0.65112
vt 3.52408 -11.5343
vt 3.01762 -11.3842
f 763/3179/976 773/3180/976 762/3181/976

v 72.8208 96.3059 -77.6514
vt 4.84736 -11.6666
vn -0.0275536 0.780756 0.624228
vt 2.70053 -12.0099
vt 3.20519 -12.166
f 774/3182/977 762/3183/977 773/3184/977

vt 5.7296 -16.2992
vn -0.0684886 0.943748 0.323495
vt 7.81077 -15.6703
vt 7.78645 -15.1984
f 762/3185/978 774/3186/978 761/3187/978

vt 5.30038 -16.1749
vn 0.00982338 0.942752 0.333349
vt 3.5584 -16.3436
vt 3.48396 -16.8102
f 464/3188/979 761/3189/979 774/3190/979

vt -0.291903 19.7041
vn -0.0778369 0.925096 -0.371669
vt -2.03568 19.853
vt -2.22578 19.6252
f 761/3191/980 464/3192/980 466/3193/980

vt 14.3288 -13.2559
vn -0.0797013 0.990498 0.112073
vt 15.5543 -12.1305
vt 15.4631 -11.7015
f 774/3194/981 462/3195/981 464/3196/981

vt 9.20403 -15.8725
vn -0.0534179 0.962764 0.265015
vt 7.63948 -16.4388
v 73.1065 96.1635 -77.1892
vt 8.00826 -16.8839
f 462/3197/982 774/3198/982 775/3199/982

vt 9.41209 -15.2278
vn -0.122192 0.946367 0.299096
vt 11.2868 -14.6631
vt 10.8478 -14.2871
f 773/3200/983 775/3201/983 774/3202/983

vt 7.57983 -7.57113
vn -0.137585 0.614166 0.777091
vt 5.63714 -7.81503
v 71.6194 95.886 -77.2423
vt 6.11718 -7.88744
f 775/3203/984 773/3204/984 776/3205/984

vt 0.25414 -16.6926
vn 0.00481789 0.921113 0.389266
vt 2.60774 -16.5312
vt 2.14254 -16.3924
f 772/3206/985 776/3207/985 773/3208/985

vt -0.183872 19.8378
vn -0.0571682 0.911351 -0.407641
vt 2.17029 19.6847
v 69.235 95.9672 -76.7889
vt 2.21752 20.006
f 776/3209/986 772/3210/986 777/3211/986

vt 12.6948 16.4046
vn -0.233347 0.885963 -0.400772
vt 9.45408 17.759
vt 9.30643 17.4698
f 771/3212/987 777/3213/987 772/3214/987

vt 19.5012 -5.59707
vn -0.175477 0.982631 0.0603685
vt 18.8484 -9.04821
v 65.9671 95.2479 -75.9082
vt 19.2608 -9.01606
f 777/3215/988 771/3216/988 778/3217/988

vt 18.1563 -13.5918
vn -0.235349 0.968081 0.0861978
vt 19.0528 -9.01385
vt 18.6398 -9.03768
f 770/3218/989 778/3219/989 771/3220/989

vt 10.902 -16.4049
vn -0.20141 0.947582 0.248037
vt 7.83338 -19.9184
v 61.911 93.9134 -74.7626
vt 8.43941 -20.0133
f 778/3221/990 770/3222/990 779/3223/990

vt 9.10929 -18.7893
vn -0.274159 0.909559 0.312314
vt 9.27538 -18.5538
vt 8.6664 -18.4802
f 769/3224/991 779/3225/991 770/3226/991

vt 10.5518 -18.218
vn -0.28253 0.915757 0.285598
vt 10.3986 -18.4621
v 62.1637 93.7663 -74.1628
vt 11.1658 -18.5378
f 779/3227/992 769/3228/992 780/3229/992

vt 11.6177 -16.9649
vn -0.358771 0.866264 0.347663
vt 10.8492 -16.9036
v 61.2079 93.5504 -74.6112
vt 10.609 -17.3455
f 780/3230/993 769/3231/993 781/3232/993

vt 8.78515 -17.5187
vn -0.348036 0.858772 0.376008
vt 9.42255 -17.5846
vt 9.68285 -17.1542
f 768/3233/994 781/3234/994 769/3235/994

vt 10.6086 -17.3453
vn -0.358779 0.866254 0.347682
v 61.7399 93.5136 -74.0489
vt 11.3995 -17.4102
vt 11.6173 -16.9648
f 781/3236/995 782/3237/995 780/3238/995

v 62.7862 93.7471 -73.2484
vt 16.7209 -15.1403
vn -0.394884 0.882562 0.255245
vt 15.5786 -15.1043
vt 15.4397 -15.5803
f 783/3239/996 780/3240/996 782/3241/996

v 62.415 93.8753 -74.2273
vt 15.4832 -16.1793
vn -0.304305 0.931157 0.200862
vt 15.3959 -16.4422
vt 16.5379 -16.4883
f 784/3242/997 780/3243/997 783/3244/997

vt 10.9861 -18.6955
vn -0.275907 0.918394 0.283598
vt 11.1239 -18.4552
vt 10.3746 -18.3711
f 780/3245/998 784/3246/998 779/3247/998

v 66.167 95.2018 -75.5817
vt 12.3218 -16.039
vn -0.208952 0.950691 0.229186
vt 9.68142 -19.6366
vt 10.4278 -19.7432
f 785/3248/999 779/3249/999 784/3250/999

vt 10.1091 -19.4938
vn -0.210783 0.95196 0.22213
vt 12.6814 -15.8471
vt 12.3045 -15.7168
f 779/3251/1000 785/3252/1000 778/3253/1000

v 69.1451 96.1079 -76.5129
vt 13.77 -13.6555
vn -0.188185 0.959298 0.210555
vt 11.7689 -16.2876
vt 12.142 -16.4285
f 786/3254/1001 778/3255/1001 785/3256/1001

vt 13.9595 15.5087
vn -0.296047 0.852408 -0.430995
vt 10.9809 16.944
vt 10.7492 16.7092
f 778/3257/1002 786/3258/1002 777/3259/1002

v 71.5605 96.0968 -77.0877
vt 1.98369 19.9813
vn -0.100841 0.911354 -0.399081
vt 4.2936 19.7124
vt 4.44725 20.0043
f 787/3260/1003 777/3261/1003 786/3262/1003

vt 3.00144 15.4216
vn -0.136416 0.647692 -0.749591
vt 0.680925 15.5739
vt 0.596054 15.3263
f 777/3263/1004 787/3264/1004 776/3265/1004

v 73.4235 96.1162 -76.878
vt -6.9555 15.9226
vn 0.0882593 0.689108 -0.719264
vt -5.13599 15.6399
vt -5.09669 15.8987
f 788/3266/1005 776/3267/1005 787/3268/1005

vt 12.7718 -13.4526
vn -0.170138 0.948147 0.268458
vt 14.5049 -12.8305
vt 14.0669 -12.7027
f 776/3269/1006 788/3270/1006 775/3271/1006

vt 13.9205 -13.5895
vn -0.115532 0.968336 0.221309
vt 12.7925 -14.4082
vt 13.2193 -14.5695
f 460/3272/1007 775/3273/1007 788/3274/1007

vt 16.8736 -10.7394
vn -0.131657 0.982138 0.134431
vt 17.7297 -9.63958
vt 17.3737 -9.25524
f 775/3275/1008 460/3276/1008 462/3277/1008

vt 13.3929 -14.4499
vn -0.117154 0.968775 0.218517
vt 14.331 -13.7861
vt 14.084 -13.4628
f 788/3278/1009 457/3279/1009 460/3280/1009

vt -4.34307 -3.25378
vn -0.06719 -0.386084 -0.920013
vt -3.21021 -3.44661
vt -3.24492 -3.34382
f 457/3281/1010 788/3282/1010 455/3283/1010

vt -5.34508 -4.18323
vn 0.121259 -0.439034 -0.89025
vt -7.23096 -4.05833
vt -7.20394 -4.1634
f 787/3284/1011 455/3285/1011 788/3286/1011

vt -5.56688 16.8581
vn 0.0325283 0.724258 -0.688762
vt -3.68339 16.7012
vt -3.43832 16.9787
vt -4.46742 16.9204
f 455/3287/1012 787/3288/1012 448/3289/1012 431/3290/1012 

vt 4.56885 13.4756
vn -0.212803 0.530761 -0.820371
vt 2.39367 13.6957
vt 2.10522 13.4637
f 786/3291/1013 448/3292/1013 787/3293/1013

vt 11.6485 -16.2016
vn -0.061354 0.991813 0.111997
vt 9.93973 -17.5654
vt 10.0664 -17.8075
f 448/3294/1014 786/3295/1014 447/3296/1014

vt 18.1686 -11.0125
vn -0.224904 0.968 0.111328
vt 18.9155 -7.96447
vt 18.674 -7.83684
f 785/3297/1015 447/3298/1015 786/3299/1015

vt 8.67453 -15.875
vn -0.155979 0.925752 0.344462
vt 6.23399 -17.8478
vt 6.67337 -18.0763
f 447/3300/1016 785/3301/1016 446/3302/1016

vt 3.34292 -20.8807
vn -0.15522 0.926088 0.343902
vt 6.64831 -18.0943
vt 6.20917 -17.8653
f 784/3303/1017 446/3304/1017 785/3305/1017

vt 16.4069 -13.5543
vn -0.217055 0.963877 0.154363
vt 14.8188 -17.5752
vt 15.9319 -17.6619
f 446/3306/1018 784/3307/1018 445/3308/1018

vt 16.2167 -16.9362
vn -0.28503 0.938467 0.19503
vt 16.2814 -16.6777
vt 15.167 -16.6105
f 783/3309/1019 445/3310/1019 784/3311/1019

vt 20.4281 -12.4407
vn -0.316785 0.941098 0.118243
vt 20.4252 -12.7072
vt 21.7008 -12.7223
f 445/3312/1020 783/3313/1020 444/3314/1020

vt 21.75 -11.5639
vn -0.433932 0.886562 0.160344
vt 20.4744 -11.5528
v 62.3795 93.4928 -73.1063
vt 20.4664 -12.0431
f 444/3315/1021 783/3316/1021 789/3317/1021

vt 15.4394 -15.5802
vn -0.394895 0.882553 0.25526
vt 16.6159 -15.6193
vt 16.7207 -15.1403
f 782/3318/1022 789/3319/1022 783/3320/1022

vt 20.4667 -12.0429
vn -0.433915 0.886573 0.160329
vt 21.7811 -12.0525
vt 21.7503 -11.5638
f 789/3321/1023 443/3322/1023 444/3323/1023

vt -6.0773 -8.99425
vn 0.430418 0.644281 0.632172
v 75.2404 96.1397 -77.325
vt -5.38471 -9.07774
vt -5.2942 -8.77729
f 456/3324/1024 790/3325/1024 458/3326/1024

vt 8.22427 19.7618
vn -0.0146597 -0.988367 0.151378
vt 7.64643 20.1526
v 74.6542 96.1795 -77.166
vt 7.66115 19.981
f 790/3327/1025 456/3328/1025 791/3329/1025

vt 16.2855 13.4707
vn -0.114575 -0.984301 0.134253
vt 17.2379 12.5823
vt 17.3196 12.734
f 454/3330/1026 791/3331/1026 456/3332/1026

vt -0.228175 -15.3782
vn -0.139664 -0.870811 -0.471362
vt -0.203482 -15.5677
vt 1.05907 -15.2476
f 453/3333/1027 791/3334/1027 454/3335/1027

vt 5.64004 -14.3424
vn -0.290089 -0.849102 -0.441445
vt 5.57182 -14.1639
v 75.3024 96.025 -77.3117
vt 5.01548 -14.5975
f 791/3336/1028 453/3337/1028 792/3338/1028

vt 20.5026 -2.69604
vn -0.331608 -0.942795 0.0342719
vt 20.5971 -2.70083
vt 20.5171 -2.00002
f 452/3339/1029 792/3340/1029 453/3341/1029

vt 3.02115 -12.1907
vn -0.304657 -0.753206 -0.582979
v 75.2839 95.9653 -77.2418
vt 3.06993 -12.271
vt 3.66308 -11.9831
f 792/3342/1030 793/3343/1030 791/3344/1030

vt -0.620075 -7.1316
vn 0.269939 0.550583 0.789931
vt -0.00319551 -7.36439
vt -0.0173532 -7.17483
f 791/3345/1031 793/3346/1031 790/3347/1031

vt 27.2272 -2.58969
vn -0.514817 0.856834 -0.0282749
v 62.8302 93.5183 -69.5334
vt 28.4423 -2.55697
vt 28.1612 -2.11657
f 442/3348/1032 794/3349/1032 441/3350/1032

v 63.4612 93.7915 -68.9171
vt 26.9681 -9.046
vn -0.446715 0.889574 0.0954094
vt 26.0316 -9.08583
vt 26.1987 -9.58084
f 795/3351/1033 441/3352/1033 794/3353/1033

v 63.4581 93.8646 -69.9287
vt 26.1779 -9.32696
vn -0.29843 0.952726 0.0570258
vt 26.2842 -9.60021
vt 27.2196 -9.54073
f 796/3354/1034 441/3355/1034 795/3356/1034

vt 28.208 -2.40447
vn -0.349438 0.936662 -0.0236004
vt 28.0362 -2.16688
vt 26.8718 -2.20594
f 441/3357/1035 796/3358/1035 439/3359/1035

v 67.4006 94.674 -73.2418
vt 24.2702 1.70654
vn -0.197745 0.980082 -0.0183163
vt 26.9453 -1.97081
vt 28.1083 -1.90228
f 797/3360/1036 439/3361/1036 796/3362/1036

vt 19.326 -18.3279
vn -0.134337 0.987358 0.0841291
vt 19.5294 -13.785
vt 18.7201 -13.1784
f 439/3363/1037 797/3364/1037 437/3365/1037

v 70.0607 95.7338 -75.3654
vt 21.5661 -3.42092
vn -0.275419 0.958397 0.0749676
vt 22.0268 -6.3698
vt 22.9787 -6.71172
f 798/3366/1038 437/3367/1038 797/3368/1038

vt 7.77677 -19.1393
vn -0.143331 0.934859 0.324799
vt 9.69145 -16.8498
vt 9.21311 -16.6084
f 437/3369/1039 798/3370/1039 435/3371/1039

v 71.4221 96.0163 -76.3293
vt 3.49075 -19.3321
vn -0.00926289 0.976033 0.217425
vt 1.813 -20.0358
vt 2.18411 -20.4223
f 799/3372/1040 435/3373/1040 798/3374/1040

vt -0.442602 -19.314
vn 0.0195483 0.957416 0.288048
vt 1.29704 -18.7813
vt 1.1124 -18.502
f 435/3375/1041 799/3376/1041 432/3377/1041

vt -1.67814 -18.7104
vn 0.0556757 0.963313 0.262541
vt -1.53033 -19.0108
vt 0.302174 -18.5537
f 432/3378/1042 799/3379/1042 429/3380/1042

v 73.2335 95.9622 -76.9965
vt -3.51999 -7.81519
vn 0.320897 0.582574 0.746748
vt -3.56003 -7.59311
vt -5.44174 -7.755
f 800/3381/1043 429/3382/1043 799/3383/1043

vt -4.78482 -7.6151
vn 0.36526 0.588589 0.721213
vt -4.75211 -7.83838
vt -3.5429 -8.15039
f 429/3384/1044 800/3385/1044 427/3386/1044

vt -4.61325 17.811
vn -0.0314942 0.79802 -0.601808
vt -3.43153 18.2148
v 73.5363 95.9838 -76.9892
vt -3.73053 18.2462
f 427/3387/1045 800/3388/1045 801/3389/1045

v 71.9371 95.9547 -75.8803
vt 12.8925 17.8003
vn -0.0616866 0.996378 -0.0585307
vt 10.9543 18.0944
vt 11.161 17.8761
f 802/3390/1046 801/3391/1046 800/3392/1046

vt 13.0905 -16.2352
vn -0.00646248 0.999898 0.0127272
vt 12.1635 -17.9626
v 72.0519 95.9508 -75.5847
vt 12.4005 -18.1934
f 801/3393/1047 802/3394/1047 803/3395/1047

v 70.0397 95.6105 -74.1714
vt 21.6682 -8.11809
vn -0.111588 0.992522 0.0494759
vt 21.1725 -5.6699
vt 20.8428 -5.64188
f 804/3396/1048 803/3397/1048 802/3398/1048

vt 21.4522 5.77436
vn -0.159556 0.987108 -0.0126033
vt 23.0951 3.89274
v 69.9298 95.5996 -73.6395
vt 23.6599 3.83274
f 803/3399/1049 804/3400/1049 805/3401/1049

v 67.1868 94.6137 -71.6744
vt 25.8526 3.05931
vn -0.339355 0.93955 -0.0456536
vt 23.4303 5.61934
vt 22.863 5.64752
f 806/3402/1050 805/3403/1050 804/3404/1050

vt 23.5409 -2.85011
vn -0.264617 0.962676 0.0568569
vt 24.9496 -6.08072
v 67.4525 94.671 -71.3386
vt 25.352 -5.89293
f 805/3405/1051 806/3406/1051 807/3407/1051

v 64.127 93.8949 -68.5086
vt 29.0331 -5.05041
vn -0.198077 0.980158 0.00745465
vt 26.1975 -1.57995
vt 25.8349 -1.83625
f 808/3408/1052 807/3409/1052 806/3410/1052

vt 12.062 -22.5566
vn -0.0808668 0.987943 0.132017
vt 10.6942 -26.8244
v 64.7751 93.9151 -68.2771
vt 11.3729 -26.7138
f 807/3411/1053 808/3412/1053 809/3413/1053

v 64.5754 93.8212 -68.1039
vt 8.98958 -26.2653
vn -0.13676 0.952454 0.272263
vt 9.09072 -26.0022
vt 8.40537 -26.0586
f 810/3414/1054 809/3415/1054 808/3416/1054

vt 5.41875 -26.6382
vn -0.104798 0.947245 0.302894
vt 5.28689 -26.8873
v 65.156 93.8451 -67.9868
vt 5.87245 -26.8241
f 809/3417/1055 810/3418/1055 811/3419/1055

vt 4.77472 -24.421
vn -0.136815 0.881688 0.451562
vt 4.18736 -24.4645
v 64.2224 93.5686 -67.8047
vt 3.93729 -24.926
f 811/3420/1056 810/3421/1056 812/3422/1056

v 63.5511 93.5514 -68.0505
vt 7.26747 -24.7704
vn -0.188915 0.894427 0.405355
vt 7.98102 -24.7371
vt 8.1749 -24.2494
f 813/3423/1057 812/3424/1057 810/3425/1057

vt 8.17502 -24.2494
vn -0.188915 0.894428 0.405351
v 63.9285 93.8076 -68.346
vt 7.4852 -24.2758
vt 7.26759 -24.7705
f 810/3426/1058 814/3427/1058 813/3428/1058

vt 8.17195 -26.2082
vn -0.131454 0.954595 0.267336
vt 8.06533 -26.4585
vt 8.75454 -26.4194
f 808/3429/1059 814/3430/1059 810/3431/1059

vt 21.8647 -18.672
vn -0.23996 0.958957 0.151066
vt 21.8317 -18.4019
v 63.6728 93.8786 -69.0708
vt 21.0899 -18.4526
f 814/3432/1060 808/3433/1060 815/3434/1060

vt 21.7348 -13.5918
vn -0.127918 0.989348 0.0694846
vt 22.3679 -18.0127
vt 23.1049 -17.9141
f 806/3435/1061 815/3436/1061 808/3437/1061

vt 28.6972 -4.0766
vn -0.185953 0.982557 -0.0020133
vt 25.9264 -0.574158
v 67.1998 94.6142 -72.2837
vt 25.2872 -0.571772
f 815/3438/1062 806/3439/1062 816/3440/1062

vt 23.2725 2.75295
vn -0.302439 0.953162 -0.0036963
vt 25.2888 -0.175561
vt 25.928 -0.177033
f 804/3441/1063 816/3442/1063 806/3443/1063

vt 25.0614 -2.58893
vn -0.284319 0.958456 0.0229184
vt 23.3268 0.514812
v 70.1285 95.6576 -74.7957
vt 22.6815 0.661631
f 816/3444/1064 804/3445/1064 817/3446/1064

vt 21.0934 -4.726
vn -0.115515 0.992261 0.0455479
vt 21.4536 -6.83038
vt 22.025 -7.16423
f 802/3447/1065 817/3448/1065 804/3449/1065

vt 11.7732 -18.6277
vn -0.0662138 0.990707 0.118807
vt 12.8306 -16.773
v 71.6947 95.9673 -76.0837
vt 12.5183 -16.6942
f 817/3450/1066 802/3451/1066 818/3452/1066

vt -8.3713 -18.914
vn 0.0208293 0.99942 0.0269571
vt -10.1622 -18.7866
vt -10.0943 -19.1015
f 800/3453/1067 818/3454/1067 802/3455/1067

vt -9.29051 -18.4203
vn 0.0645918 0.993565 0.0930388
vt -9.20614 -18.7876
vt -7.41107 -18.8258
f 799/3456/1068 818/3457/1068 800/3458/1068

vt 4.93923 -20.2443
vn -0.0335057 0.981573 0.188125
vt 6.41113 -19.2173
vt 6.102 -19.0018
f 798/3459/1069 818/3460/1069 799/3461/1069

vt 13.4033 -16.0502
vn -0.0712838 0.990993 0.113361
vt 12.3943 -17.5345
vt 12.7579 -18.0192
f 818/3462/1070 798/3463/1070 817/3464/1070

vt 20.2669 -12.102
vn -0.230093 0.964693 0.128157
vt 20.2356 -8.82247
vt 19.6856 -8.5683
f 797/3465/1071 817/3466/1071 798/3467/1071

vt 22.5763 3.3026
vn -0.312972 0.949712 -0.0097798
vt 24.2945 0.509117
vt 25.3054 0.339257
f 817/3468/1072 797/3469/1072 816/3470/1072

vt 26.8972 -8.02745
vn -0.163497 0.986356 0.0192654
vt 24.9036 -3.99573
vt 23.9303 -3.67402
f 796/3471/1073 816/3472/1073 797/3473/1073

vt 24.7496 -4.77051
vn -0.160427 0.986762 0.0237336
vt 26.618 -8.8618
vt 27.5407 -8.78569
f 816/3474/1074 796/3475/1074 815/3476/1074

vt 27.2634 -9.40055
vn -0.304509 0.950805 0.0569607
vt 27.1459 -9.15084
vt 26.2208 -9.19083
f 795/3477/1075 815/3478/1075 796/3479/1075

vt 20.9498 -18.65
vn -0.233303 0.960906 0.149097
vt 20.9659 -18.9255
vt 21.7232 -18.8746
f 815/3480/1076 795/3481/1076 814/3482/1076

vt 21.2255 -17.8438
vn -0.347646 0.907992 0.233864
vt 20.4674 -17.8777
v 63.0697 93.535 -68.6394
vt 20.4796 -18.4175
f 814/3483/1077 795/3484/1077 819/3485/1077

vt 26.1985 -9.58112
vn -0.446723 0.88957 0.0954179
vt 27.1667 -9.54835
vt 26.9679 -9.0463
f 794/3486/1078 819/3487/1078 795/3488/1078

vt 20.4803 -18.4171
vn -0.347641 0.907999 0.233845
vt 21.2619 -18.3827
vt 21.2262 -17.8434
f 819/3489/1079 813/3490/1079 814/3491/1079

vt 3.93743 -24.926
vn -0.136817 0.881689 0.451559
v 64.8196 93.5923 -67.6829
vt 4.5419 -24.8828
vt 4.77486 -24.421
f 812/3492/1080 820/3493/1080 811/3494/1080

v 65.4143 93.8818 -67.778
vt 21.6362 -17.7652
vn -0.34757 0.901767 0.256926
vt 21.3052 -17.8401
vt 21.3509 -18.3553
f 821/3495/1081 811/3496/1081 820/3497/1081

v 65.3461 93.9392 -68.1576
vt 23.2502 -16.9106
vn -0.263898 0.951537 0.157909
vt 23.3008 -17.1797
vt 23.6235 -17.0747
f 822/3498/1082 811/3499/1082 821/3500/1082

vt 6.11892 -26.6866
vn -0.109634 0.945013 0.308109
vt 6.24051 -26.4413
vt 5.66378 -26.5043
f 811/3501/1083 822/3502/1083 809/3503/1083

v 68.0839 94.7806 -71.1969
vt 10.2414 -23.3526
vn -0.0750369 0.984634 0.157685
vt 8.50451 -27.5542
vt 9.07267 -27.4368
f 823/3504/1084 809/3505/1084 822/3506/1084

vt 25.9989 -13.7462
vn -0.168507 0.983684 0.0630208
vt 24.3553 -9.50723
vt 23.9862 -10.044
f 809/3507/1085 823/3508/1085 807/3509/1085

v 70.0124 95.6392 -73.3074
vt 18.9941 -13.5368
vn -0.190975 0.968529 0.159627
vt 18.8596 -16.9192
vt 19.3866 -16.5363
f 824/3510/1086 807/3511/1086 823/3512/1086

vt 26.2894 0.98269
vn -0.33208 0.943145 -0.014173
vt 24.1122 3.57465
vt 23.7679 3.46882
f 807/3513/1087 824/3514/1087 805/3515/1087

v 71.9416 95.9274 -75.0621
vt 20.5187 10.0574
vn -0.183941 0.981599 -0.0512832
vt 22.5114 8.54465
vt 22.822 8.7271
f 825/3516/1088 805/3517/1088 824/3518/1088

vt 23.8776 -0.0837083
vn -0.13655 0.99058 0.0102674
vt 22.5477 2.03538
vt 22.0096 2.18665
f 805/3519/1089 825/3520/1089 803/3521/1089

v 73.8044 96.0585 -76.8688
vt 17.799 -11.1167
vn -0.0304053 0.999086 0.0300476
vt 17.4737 -13.2862
vt 17.7741 -13.7575
f 826/3522/1090 803/3523/1090 825/3524/1090

vt 14.1466 17.3842
vn -0.169931 0.97522 -0.141664
vt 11.9937 17.8051
vt 12.0745 17.5133
f 803/3525/1091 826/3526/1091 801/3527/1091

vt -5.47924 19.4738
vn -0.00525929 0.902714 -0.43021
vt -4.50536 19.8629
vt -4.76935 20.0111
f 425/3528/1092 801/3529/1092 826/3530/1092

vt 0.737394 12.6669
vn -0.242339 0.476759 -0.844969
vt -0.291333 12.4631
vt -0.195817 12.3543
f 801/3531/1093 425/3532/1093 427/3533/1093

vt 4.25384 13.1994
vn -0.387818 0.506252 -0.770263
vt 3.28918 13.1829
vt 3.41087 12.913
f 826/3534/1094 423/3535/1094 425/3536/1094

vt -6.43796 -19.3793
vn 0.0546357 0.995649 0.0754888
vt -7.39225 -19.2372
v 73.7839 96.0185 -76.4376
vt -7.66351 -19.6015
f 423/3537/1095 826/3538/1095 827/3539/1095

vt -1.85298 -22.1066
vn 0.0178046 0.997084 0.0742084
vt 0.242613 -21.107
vt 0.36219 -20.6689
f 825/3540/1096 827/3541/1096 826/3542/1096

vt 19.857 8.51449
vn -0.0506619 0.998687 -0.00760547
vt 21.5672 6.94421
v 71.8951 95.9289 -74.6461
vt 22.005 6.96948
f 827/3543/1097 825/3544/1097 828/3545/1097

vt 23.863 4.76923
vn -0.149871 0.98856 -0.0169804
vt 22.2475 6.46773
vt 21.809 6.45913
f 824/3546/1098 828/3547/1098 825/3548/1098

vt 20.5692 10.9145
vn -0.181411 0.981707 -0.0578056
vt 22.4931 9.57531
v 70.5005 95.7422 -73.2829
vt 22.3631 10.0516
f 828/3549/1099 824/3550/1099 829/3551/1099

vt 19.5075 -16.4078
vn -0.192273 0.968449 0.158547
vt 19.4337 -13.0513
vt 19.0954 -13.4109
f 823/3552/1100 829/3553/1100 824/3554/1100

vt 17.9694 -14.7523
vn -0.176079 0.968633 0.175346
vt 17.7374 -18.1015
v 68.6866 94.8909 -71.145
vt 18.2091 -17.7174
f 829/3555/1101 823/3556/1101 830/3557/1101

vt 24.8269 -15.7003
vn -0.168794 0.982232 0.0820283
vt 23.552 -11.2478
vt 23.2298 -11.7638
f 822/3558/1102 830/3559/1102 823/3560/1102

vt 24.7284 -8.62405
vn -0.183849 0.980694 0.0666296
vt 26.4714 -12.915
v 65.5921 93.973 -67.947
vt 26.7654 -12.7626
f 830/3561/1103 822/3562/1103 831/3563/1103

vt 23.7381 -16.9003
vn -0.268496 0.950151 0.1585
vt 23.6811 -16.6432
vt 23.3638 -16.7385
f 821/3564/1104 831/3565/1104 822/3566/1104

vt 16.1711 -23.1845
vn -0.19395 0.953688 0.229918
vt 16.1437 -23.4464
v 65.8046 93.9121 -67.5857
vt 16.5727 -23.3594
f 831/3567/1105 821/3568/1105 832/3569/1105

vt 14.8988 -22.4985
vn -0.254771 0.903203 0.345422
vt 14.4654 -22.5599
v 65.0834 93.6283 -67.4654
vt 14.3836 -23.0731
f 832/3570/1106 821/3571/1106 833/3572/1106

vt 21.3501 -18.3558
vn -0.347566 0.901764 0.256942
vt 21.6916 -18.2824
vt 21.6354 -17.7658
f 820/3573/1107 833/3574/1107 821/3575/1107

vt 14.3849 -23.0727
vn -0.254779 0.903211 0.345395
v 65.4904 93.6633 -67.2719
vt 14.8327 -23.0019
vt 14.9001 -22.4981
f 833/3576/1108 834/3577/1108 832/3578/1108

v 66.792 93.9282 -67.533
vt 0.635209 -24.1796
vn -0.0455776 0.861587 0.505559
vt -0.344042 -24.207
vt -0.626286 -24.6297
f 835/3579/1109 832/3580/1109 834/3581/1109

v 65.9851 94.0103 -67.7697
vt 0.167772 -26.716
vn -0.0373571 0.930546 0.364265
vt 0.00837348 -26.9438
vt 0.987293 -26.9063
f 836/3582/1110 832/3583/1110 835/3584/1110

vt 16.7573 -23.1881
vn -0.198906 0.952085 0.232317
vt 16.7751 -22.9107
vt 16.3545 -23.0159
f 832/3585/1111 836/3586/1111 831/3587/1111

v 68.8714 94.9539 -71.0795
vt 20.2765 -16.204
vn -0.14136 0.983328 0.114384
vt 20.659 -20.887
vt 21.0544 -20.7092
f 837/3588/1112 831/3589/1112 836/3590/1112

vt 29.9675 0.241476
vn -0.282238 0.959067 -0.0230771
vt 26.415 3.31667
vt 26.3623 3.11904
f 831/3591/1113 837/3592/1113 830/3593/1113

v 71.0316 95.8448 -73.3504
vt 24.2522 0.332932
vn -0.305268 0.951431 0.0398843
vt 26.2268 -2.42164
vt 26.3201 -2.23962
f 838/3594/1114 830/3595/1114 837/3596/1114

vt 14.3628 -20.6258
vn -0.139349 0.969166 0.203221
vt 15.0567 -17.3084
vt 14.6528 -17.6652
f 830/3597/1115 838/3598/1115 829/3599/1115

v 72.203 96.0016 -74.6731
vt 21.0279 10.0012
vn -0.176002 0.983338 -0.0454842
vt 22.8773 8.74316
vt 22.6703 9.24075
f 839/3600/1116 829/3601/1116 838/3602/1116

vt 21.4676 11.9411
vn -0.213458 0.972984 -0.0879599
vt 19.4602 12.9278
vt 19.6079 12.6512
f 829/3603/1117 839/3604/1117 828/3605/1117

v 73.7178 95.9525 -76.0023
vt 9.80443 19.7151
vn -0.222199 0.94144 -0.25361
vt 12.0962 19.6547
vt 11.8439 19.8408
f 840/3606/1118 828/3607/1118 839/3608/1118

vt -10.5552 -19.4179
vn 0.09856 0.986329 0.132066
vt -8.2659 -19.2958
vt -7.95019 -18.9542
f 828/3609/1119 840/3610/1119 827/3611/1119

vt 16.4396 -12.4912
vn -0.0796789 0.990805 0.109348
vt 15.9984 -13.6543
vt 16.2038 -14.0716
f 421/3612/1120 827/3613/1120 840/3614/1120

vt 11.5922 17.1517
vn -0.399103 0.842332 -0.362207
vt 10.3852 17.453
vt 10.3473 17.1916
f 827/3615/1121 421/3616/1121 423/3617/1121

vt 18.249 12.7951
vn -0.323066 0.939427 -0.114475
vt 16.9505 13.6026
vt 16.7872 13.4405
f 840/3618/1122 419/3619/1122 421/3620/1122

vt 18.6217 -9.40976
vn -0.127449 0.984028 0.124284
vt 18.4463 -10.9288
v 73.85 95.9507 -75.8704
vt 18.637 -10.9374
f 419/3621/1123 840/3622/1123 841/3623/1123

vt -22.3908 5.52058
vn 0.0210212 0.999746 -0.00818246
vt -21.8505 3.53898
vt -21.6723 3.60777
f 839/3624/1124 841/3625/1124 840/3626/1124

vt 8.35364 19.2841
vn -0.307656 0.859891 -0.407351
vt 10.4058 19.3711
v 72.6023 96.0856 -74.8021
vt 10.0062 19.5148
f 841/3627/1125 839/3628/1125 842/3629/1125

vt 21.8558 11.1561
vn -0.209553 0.975091 -0.0726919
vt 19.8932 12.1116
vt 20.1562 11.7782
f 838/3630/1126 842/3631/1126 839/3632/1126

vt 21.7114 8.08283
vn -0.16135 0.986588 -0.0246882
vt 23.4621 6.77901
v 71.2465 95.8859 -73.2957
vt 23.4847 7.00189
f 842/3633/1127 838/3634/1127 843/3635/1127

vt 22.0343 -13.5088
vn -0.203986 0.970104 0.131488
vt 21.4393 -10.1491
vt 21.2715 -10.2975
f 837/3636/1128 843/3637/1128 838/3638/1128

vt 24.2372 3.52824
vn -0.329141 0.944275 0.00327546
vt 26.5372 1.00806
v 69.1342 95.0564 -71.0338
vt 26.5879 1.28511
f 843/3639/1129 837/3640/1129 844/3641/1129

vt 30.1085 1.4646
vn -0.322217 0.946042 -0.0343542
vt 26.3582 4.33396
vt 26.3398 4.05291
f 836/3642/1130 844/3643/1130 837/3644/1130

vt 4.38656 -24.6523
vn -0.0354229 0.975001 0.219358
vt 1.81805 -28.6146
v 66.966 94.0364 -67.7256
vt 2.78587 -28.5157
f 844/3645/1131 836/3646/1131 845/3647/1131

vt 1.30139 -26.6265
vn -0.0431742 0.924017 0.379905
vt 1.45123 -26.3858
vt 0.480107 -26.444
f 835/3648/1132 845/3649/1132 836/3650/1132

vt 0.126037 -26.2375
vn -0.0261152 0.919727 0.391689
vt -0.033275 -26.472
v 68.15 93.9218 -67.4466
vt 1.31488 -26.4861
f 845/3651/1133 835/3652/1133 846/3653/1133

vt 1.39632 -24.0753
vn -0.0355727 0.858473 0.511624
vt 0.0481384 -24.0644
v 66.5111 93.6828 -67.2213
vt -0.208082 -24.4773
f 846/3654/1134 835/3655/1134 847/3656/1134

vt -0.626355 -24.6297
vn -0.0455766 0.861586 0.505562
vt 0.385614 -24.5964
vt 0.635141 -24.1795
f 834/3657/1135 847/3658/1135 835/3659/1135

vt -0.208351 -24.4769
vn -0.035569 0.858463 0.51164
v 67.9082 93.6745 -67.1302
vt 1.1788 -24.491
vt 1.39606 -24.075
f 847/3660/1136 848/3661/1136 846/3662/1136

v 69.6507 93.8764 -67.1443
vt 6.09723 -24.3772
vn -0.088356 0.870847 0.483548
vt 4.57769 -24.2978
vt 4.39801 -24.7313
f 849/3663/1137 846/3664/1137 848/3665/1137

v 68.298 94.0298 -67.6338
vt 4.22932 -26.1422
vn -0.0632094 0.922486 0.38082
vt 4.11481 -26.3807
vt 5.63313 -26.4807
f 850/3666/1138 846/3667/1138 849/3668/1138

vt 1.48261 -26.303
vn -0.0291308 0.915398 0.401495
vt 1.61548 -26.0743
vt 0.292541 -26.0604
f 846/3669/1139 850/3670/1139 845/3671/1139

v 69.9666 95.2809 -71.0402
vt 2.88452 -24.1981
vn -0.018368 0.961632 0.273728
vt 0.138201 -28.0227
vt 1.46105 -28.043
f 851/3672/1140 845/3673/1140 850/3674/1140

vt 26.5177 -13.1347
vn -0.232587 0.967121 0.102864
vt 24.626 -8.82292
vt 24.2818 -9.60072
f 845/3675/1141 851/3676/1141 844/3677/1141

v 71.4667 95.9532 -73.214
vt 23.3725 -5.90107
vn -0.232757 0.967739 0.0964601
vt 24.5404 -9.03987
vt 24.8662 -8.25414
f 852/3678/1142 844/3679/1142 851/3680/1142

vt 26.2561 -3.07768
vn -0.280849 0.958571 0.0475977
vt 24.4115 -0.282413
vt 24.2886 -0.491901
f 844/3681/1143 852/3682/1143 843/3683/1143

v 72.8314 96.1223 -74.6928
vt 19.0436 13.7215
vn -0.223888 0.969957 -0.0951699
vt 21.0207 12.8684
vt 21.0093 13.111
f 853/3684/1144 843/3685/1144 852/3686/1144

vt 24.0723 4.19023
vn -0.138247 0.990381 -0.00579148
vt 22.5389 5.7019
vt 22.4345 5.46711
f 843/3687/1145 853/3688/1145 842/3689/1145

v 74.0279 95.9534 -75.825
vt 1.01558 22.5235
vn -0.0511968 0.984844 -0.165717
vt 2.66884 23.1643
vt 2.48343 23.3423
f 854/3690/1146 842/3691/1146 853/3692/1146

vt -6.75157 22.2471
vn 0.0122918 0.996061 -0.0878186
vt -8.01125 20.9992
vt -7.83032 20.9741
f 842/3693/1147 854/3694/1147 841/3695/1147

vt 12.5152 -16.2228
vn -0.0644629 0.982242 0.176197
vt 11.8145 -17.4804
vt 11.9968 -17.4684
f 417/3696/1148 841/3697/1148 854/3698/1148

vt 9.11295 -18.7426
vn -0.0416088 0.978941 0.19986
vt 9.9771 -17.5912
vt 9.91823 -17.4443
f 841/3699/1149 417/3700/1149 419/3701/1149

vt -8.84976 -11.2485
vn 0.431923 0.724571 0.537066
vt -7.58281 -11.0676
vt -7.54897 -10.8904
f 854/3702/1150 414/3703/1150 417/3704/1150

vt -0.794032 -19.9616
vn 0.0742972 0.975469 0.207219
vt -1.95649 -20.4969
vt -1.9493 -20.7009
f 414/3705/1151 854/3706/1151 412/3707/1151

vt -18.0679 -12.4113
vn 0.263289 0.955377 0.133915
vt -16.5929 -13.0711
vt -16.4638 -12.913
f 853/3708/1152 412/3709/1152 854/3710/1152

vt -4.4667 22.2733
vn -0.00772424 0.981411 -0.191761
vt -3.17489 23.244
vt -3.3599 23.4148
f 412/3711/1153 853/3712/1153 405/3713/1153

vt 23.0562 8.69146
vn -0.149375 0.988252 -0.0323162
vt 21.356 9.89338
vt 21.2442 9.66781
f 852/3714/1154 405/3715/1154 853/3716/1154

vt 16.9052 16.4931
vn -0.272167 0.94784 -0.165903
vt 18.9073 15.9215
vt 18.6271 16.4125
f 405/3717/1155 852/3718/1155 404/3719/1155

vt 26.1655 -3.61409
vn -0.282528 0.957163 0.063385
vt 24.4271 -1.006
vt 24.2883 -1.554
f 851/3720/1156 404/3721/1156 852/3722/1156

vt 12.6696 -19.1671
vn -0.101286 0.970185 0.220189
vt 11.7129 -22.1519
vt 12.7042 -21.7541
f 404/3723/1157 851/3724/1157 403/3725/1157

vt 10.8462 -26.3552
vn -0.101684 0.965712 0.238874
vt 12.0488 -21.8889
vt 11.0473 -22.2602
f 850/3726/1158 403/3727/1158 851/3728/1158

vt 5.42869 -23.7421
vn -0.0361139 0.958192 0.283837
vt 3.15408 -27.7695
vt 4.63941 -27.9227
f 403/3729/1159 850/3730/1159 402/3731/1159

vt 5.27797 -26.8224
vn -0.0558965 0.929436 0.364725
vt 5.36627 -26.5885
vt 3.87786 -26.4689
f 849/3732/1160 402/3733/1160 850/3734/1160

vt 9.50289 -25.8647
vn -0.10484 0.934649 0.339765
vt 9.44529 -26.108
vt 10.8823 -26.1881
f 402/3735/1161 849/3736/1161 401/3737/1161

vt 11.3358 -23.8526
vn -0.148704 0.877727 0.455502
vt 9.89788 -23.7924
v 69.4532 93.6265 -66.8171
vt 9.81199 -24.2425
f 401/3738/1162 849/3739/1162 855/3740/1162

vt 4.39787 -24.7311
vn -0.0883554 0.870841 0.483559
vt 5.96265 -24.8152
vt 6.09709 -24.377
f 848/3741/1163 855/3742/1163 849/3743/1163

vt 9.8119 -24.2425
vn -0.148704 0.877724 0.455508
vt 11.2936 -24.3039
vt 11.3357 -23.8525
f 855/3744/1164 400/3745/1164 401/3746/1164

vt -10.0397 -5.90613
vn 0.618739 0.512365 0.59552
v 75.81 96.0108 -77.3121
vt -8.98779 -5.73676
vt -9.24729 -5.29842
f 413/3747/1165 856/3748/1165 415/3749/1165

vt -9.00622 -5.63418
vn 0.621338 0.507627 0.59687
vt -10.0582 -5.80307
v 75.2418 95.6292 -76.5281
vt -9.98151 -6.03995
f 856/3750/1166 413/3751/1166 857/3752/1166

vt -12.8932 -5.7731
vn 0.657638 0.524202 0.541041
vt -11.4426 -6.01635
vt -11.5104 -5.77678
f 411/3753/1167 857/3754/1167 413/3755/1167

vt -7.23325 16.0863
vn 0.450596 -0.689982 0.56647
vt -7.34197 16.1875
vt -8.78596 16.4676
f 410/3756/1168 857/3757/1168 411/3758/1168

vt -6.24236 16.9579
vn 0.401894 -0.720076 0.56566
vt -6.13731 16.8529
v 75.8945 95.4296 -77.1444
vt -5.34761 16.7015
f 857/3759/1169 410/3760/1169 858/3761/1169

vt -5.07564 17.8981
vn 0.347926 -0.78065 0.519166
vt -4.79435 17.9017
vt -5.58101 18.0682
f 409/3762/1170 858/3763/1170 410/3764/1170

vt -9.08471 4.19676
vn 0.721014 -0.0436691 0.691543
v 76.0788 95.6211 -77.3061
vt -8.83629 4.37608
vt -9.99653 4.38369
f 858/3765/1171 859/3766/1171 857/3767/1171

vt -10.0686 -5.83903
vn 0.627715 0.49888 0.597572
vt -8.9084 -5.84763
vt -9.09248 -5.43532
f 857/3768/1172 859/3769/1172 856/3770/1172

vt 20.5435 -20.1832
vn -0.285341 0.87152 0.39879
v 72.7827 93.6579 -65.3188
vt 21.5951 -20.1263
vt 21.4587 -19.6843
f 399/3771/1173 860/3772/1173 398/3773/1173

v 73.954 93.8681 -65.2465
vt 16.4486 -23.7932
vn -0.173974 0.884933 0.432002
vt 15.2892 -23.7228
vt 15.3356 -24.183
f 861/3774/1174 398/3775/1174 860/3776/1174

v 72.943 94.0132 -65.9052
vt 14.7209 -25.5499
vn -0.127777 0.933011 0.336397
vt 14.7404 -25.8042
vt 15.8984 -25.8944
f 862/3777/1175 398/3778/1175 861/3779/1175

vt 22.1383 -20.7755
vn -0.232782 0.923001 0.3064
vt 22.0552 -20.5343
vt 21.0527 -20.6123
f 398/3780/1176 862/3781/1176 396/3782/1176

v 73.4831 95.1483 -70.1033
vt 20.7737 -17.1926
vn -0.159159 0.968598 0.191013
vt 22.083 -21.2444
vt 23.0814 -21.1244
f 863/3783/1177 396/3784/1177 862/3785/1177

vt 30.5446 -6.82735
vn -0.335486 0.93393 0.123382
vt 27.4285 -3.92537
vt 26.7909 -4.36693
f 396/3786/1178 863/3787/1178 394/3788/1178

v 73.8629 95.6702 -72.8435
vt 25.0325 -1.59989
vn -0.322509 0.940796 0.104362
vt 27.0136 -3.43141
vt 27.6337 -2.96564
f 864/3789/1179 394/3790/1179 863/3791/1179

vt -14.0373 -19.4987
vn 0.282941 0.902469 0.324798
vt -11.7381 -18.087
vt -12.0106 -17.5157
f 394/3792/1180 864/3793/1180 392/3794/1180

v 74.0407 96.0183 -74.49
vt -17.3847 -12.7644
vn 0.350374 0.917844 0.186547
vt -19.0448 -12.9084
vt -18.9722 -13.5373
f 865/3795/1181 392/3796/1181 864/3797/1181

vt -19.3185 -11.5094
vn 0.431682 0.874626 0.220635
vt -17.6563 -11.3907
vt -17.7578 -10.9638
f 392/3798/1182 865/3799/1182 389/3800/1182

vt -20.5653 -7.60861
vn 0.458077 0.879911 0.12618
vt -20.5432 -8.04689
vt -18.709 -8.30488
f 389/3801/1183 865/3802/1183 387/3803/1183

v 74.9313 95.8093 -76.0824
vt -19.077 -8.7486
vn 0.380969 0.919978 0.092208
vt -19.086 -8.5862
vt -20.9119 -8.27465
f 866/3804/1184 387/3805/1184 865/3806/1184

vt -13.1284 -14.14
vn 0.341921 0.905968 0.249624
vt -13.0618 -14.2884
vt -12.0129 -14.1464
f 387/3807/1185 866/3808/1185 385/3809/1185

vt -10.8664 -16.3599
vn 0.225258 0.956156 0.187149
vt -11.9051 -16.5629
v 75.2062 95.7286 -76.0504
vt -11.7508 -16.8021
f 385/3810/1186 866/3811/1186 867/3812/1186

v 74.6806 95.4938 -74.23
vt -15.3649 -16.5364
vn 0.230453 0.96034 0.156966
vt -13.5162 -15.8027
vt -13.6479 -15.5504
f 868/3813/1187 867/3814/1187 866/3815/1187

vt -14.6001 -14.4544
vn 0.283903 0.94388 0.168789
vt -16.4891 -15.0772
v 74.9891 95.3604 -74.1017
vt -16.4403 -15.4308
f 867/3816/1188 868/3817/1188 869/3818/1188

v 74.6487 95.6628 -72.2864
vt -25.9066 -0.114536
vn 0.383161 0.921729 -0.0600323
vt -24.0818 -0.809793
vt -23.8988 -0.50326
f 870/3819/1189 869/3820/1189 868/3821/1189

vt -24.1797 1.95606
vn 0.277439 0.957244 -0.0819196
vt -25.8989 2.88212
v 75.1749 95.5154 -72.0683
vt -26.2734 2.43071
f 869/3822/1190 870/3823/1190 871/3824/1190

v 74.7725 95.0693 -69.3149
vt -17.0844 -21.9914
vn 0.173817 0.973678 0.147442
vt -14.6758 -20.2994
vt -14.8533 -19.7404
f 872/3825/1191 871/3826/1191 870/3827/1191

vt -19.7078 -14.6636
vn 0.332032 0.929326 0.161578
vt -22.452 -15.7284
v 75.4026 94.761 -69.0632
vt -22.4008 -16.464
f 871/3828/1192 872/3829/1192 873/3830/1192

v 74.948 93.9114 -65.2204
vt -23.939 -20.4361
vn 0.316356 0.928329 0.195255
vt -20.3272 -18.4308
vt -20.4474 -17.7033
f 874/3831/1193 873/3832/1193 872/3833/1193

vt 3.23997 -28.1256
vn 0.0215671 0.984257 0.175422
vt 2.32876 -32.155
v 75.51 93.9183 -65.3154
vt 2.89265 -32.1223
f 873/3834/1194 874/3835/1194 875/3836/1194

v 75.4977 93.8268 -65.0964
vt 1.96052 -30.6011
vn 0.0481481 0.947125 0.317231
vt 2.0051 -30.3598
vt 1.44055 -30.378
f 876/3837/1195 875/3838/1195 874/3839/1195

vt -1.70144 -30.2432
vn 0.0874162 0.944057 0.317984
vt -1.77082 -30.4787
v 75.8511 93.8493 -65.2376
vt -1.39539 -30.4208
f 875/3840/1196 876/3841/1196 877/3842/1196

vt -3.13037 -27.3688
vn 0.152843 0.876433 0.456623
vt -3.50809 -27.4091
v 75.4776 93.5729 -64.7033
vt -3.65113 -27.8634
f 877/3843/1197 876/3844/1197 878/3845/1197

v 74.8868 93.5669 -64.6056
vt 0.9415 -28.3766
vn 0.0746406 0.885711 0.458198
vt 1.53485 -28.3656
vt 1.61715 -27.8965
f 879/3846/1198 878/3847/1198 876/3848/1198

vt 1.61777 -27.8967
vn 0.0746298 0.885716 0.458189
v 74.9246 93.8218 -65.003
vt 1.04241 -27.9059
vt 0.942125 -28.3769
f 876/3849/1199 880/3850/1199 879/3851/1199

vt 1.35358 -30.4107
vn 0.0487423 0.947752 0.315263
vt 1.29772 -30.6483
vt 1.87301 -30.6352
f 874/3852/1200 880/3853/1200 876/3854/1200

vt 10.1471 -29.3276
vn -0.0406913 0.950515 0.308003
vt 10.1419 -29.0836
v 73.9955 93.9675 -65.4659
vt 9.17348 -28.9309
f 880/3855/1201 874/3856/1201 881/3857/1201

vt 7.59865 -26.4098
vn -0.0135028 0.975403 0.220015
vt 7.06389 -30.6098
vt 8.02069 -30.8236
f 872/3858/1202 881/3859/1202 874/3860/1202

vt -12.2484 -28.247
vn 0.15665 0.956641 0.24556
vt -9.51252 -25.0157
v 74.0587 95.3141 -69.6635
vt -9.92844 -24.2978
f 881/3861/1203 872/3862/1203 882/3863/1203

vt -17.1696 -17.6927
vn 0.215264 0.965812 0.144456
vt -19.7445 -18.8642
vt -19.6333 -19.6864
f 870/3864/1204 882/3865/1204 872/3866/1204

vt 25.2419 -12.669
vn -0.110489 0.990384 0.0832557
vt 23.4516 -10.4788
v 74.2575 95.6436 -72.567
vt 22.9788 -10.5995
f 882/3867/1205 870/3868/1205 883/3869/1205

vt -9.57952 22.2008
vn 0.0120306 0.997549 -0.0689325
vt -9.44965 23.9936
vt -9.88004 24.2236
f 868/3870/1206 883/3871/1206 870/3872/1206

vt -24.1585 -4.91884
vn 0.539545 0.839846 0.0595831
vt -22.3781 -5.16699
v 74.3936 95.7122 -74.3576
vt -22.2783 -4.80523
f 883/3873/1207 868/3874/1207 884/3875/1207

vt -17.7868 -9.03861
vn 0.491801 0.853399 0.172751
vt -19.6651 -9.20506
vt -19.6914 -9.57942
f 866/3876/1208 884/3877/1208 868/3878/1208

vt -19.7941 -7.78439
vn 0.549817 0.814118 0.18685
vt -19.8064 -8.25746
vt -17.9267 -8.10736
f 865/3879/1209 884/3880/1209 866/3881/1209

vt -21.4639 -8.33711
vn 0.549627 0.814136 0.187329
vt -19.7942 -8.2722
vt -19.7822 -7.79913
f 864/3882/1210 884/3883/1210 865/3884/1210

vt -12.2376 -20.1859
vn 0.0341737 0.998884 0.0326131
vt -13.7244 -20.9484
vt -13.6507 -21.4313
f 884/3885/1211 864/3886/1211 883/3887/1211

vt 13.6515 -23.5312
vn -0.0538944 0.988188 0.143454
vt 13.5102 -20.8032
vt 13.0441 -20.6567
f 863/3888/1212 883/3889/1212 864/3890/1212

vt 25.5879 0.775774
vn -0.302642 0.950614 0.0688527
vt 27.9233 -0.641107
vt 28.5061 -0.166972
f 883/3891/1213 863/3892/1213 882/3893/1213

vt 30.9162 -7.44176
vn -0.369221 0.916051 0.156606
vt 27.7671 -4.56357
vt 27.1113 -4.93028
f 862/3894/1214 882/3895/1214 863/3896/1214

vt 13.169 -23.3177
vn -0.0788641 0.966074 0.24593
vt 13.2539 -27.5831
vt 14.3865 -27.7331
f 882/3897/1215 862/3898/1215 881/3899/1215

vt 15.3879 -26.4372
vn -0.115009 0.940318 0.320272
vt 15.3528 -26.1883
vt 14.2161 -26.0737
f 861/3900/1216 881/3901/1216 862/3902/1216

vt 10.1411 -28.2838
vn -0.0546956 0.942117 0.330794
vt 10.136 -28.5351
vt 11.1257 -28.6523
f 881/3903/1217 861/3904/1217 880/3905/1217

vt 12.1787 -26.1289
vn -0.0902642 0.889897 0.447142
vt 11.1859 -26.0416
v 73.887 93.6171 -64.8603
vt 11.1966 -26.5142
f 880/3906/1218 861/3907/1218 885/3908/1218

vt 15.3354 -24.183
vn -0.173974 0.884928 0.432012
vt 16.5304 -24.2587
vt 16.4484 -23.7931
f 860/3909/1219 885/3910/1219 861/3911/1219

vt 11.197 -26.5144
vn -0.0902679 0.889905 0.447126
vt 12.2204 -26.6088
vt 12.1791 -26.129
f 885/3912/1220 879/3913/1220 880/3914/1220

vt -3.65139 -27.8633
vn 0.152848 0.876431 0.456626
v 75.8419 93.5982 -64.8521
vt -3.26097 -27.8179
vt -3.13063 -27.3687
f 878/3915/1221 886/3916/1221 877/3917/1221

v 76.164 93.8588 -65.1402
vt 18.6325 -22.7853
vn -0.18303 0.874127 0.44989
vt 18.3061 -22.8023
vt 18.4428 -23.2496
f 887/3918/1222 877/3919/1222 886/3920/1222

v 75.855 93.9474 -65.4619
vt 18.8019 -24.4728
vn -0.140162 0.935558 0.324171
vt 18.8874 -24.7105
vt 19.2134 -24.6875
f 888/3921/1223 877/3922/1223 887/3923/1223

vt -0.837769 -30.2854
vn 0.0841013 0.940781 0.328418
vt -0.778785 -30.0399
vt -1.14653 -30.1126
f 877/3924/1224 888/3925/1224 875/3926/1224

v 75.7263 94.7431 -68.9162
vt 5.27864 -28.0269
vn 0.0107198 0.983635 0.179853
vt 4.85277 -31.8636
vt 5.20239 -31.7283
f 889/3927/1225 875/3928/1225 888/3929/1225

vt 13.7468 -29.2903
vn -0.0425472 0.983257 0.177187
vt 13.12 -25.4813
vt 12.7729 -25.3985
f 875/3930/1226 889/3931/1226 873/3932/1226

v 75.6376 95.4032 -71.8352
vt 12.3917 -22.4222
vn -0.0430909 0.983046 0.178224
vt 12.8123 -25.3696
vt 13.1595 -25.4519
f 890/3933/1227 873/3934/1227 889/3935/1227

vt -7.47296 -26.9962
vn 0.104318 0.976711 0.187494
vt -5.91814 -24.4572
vt -6.20951 -24.0134
f 873/3936/1228 890/3937/1228 871/3938/1228

v 75.4066 95.3095 -73.9668
vt -24.4369 0.212796
vn 0.242451 0.968405 -0.058395
vt -26.3122 0.944243
vt -26.6628 0.54554
f 891/3939/1229 871/3940/1229 890/3941/1229

vt -25.3809 7.41441
vn 0.133748 0.988437 -0.0714375
vt -23.7571 6.22492
vt -23.4296 6.51916
f 871/3942/1230 891/3943/1230 869/3944/1230

v 75.5214 95.6366 -75.9606
vt -2.16701 -21.4982
vn 0.0591665 0.989488 0.131961
vt -3.41014 -23.108
vt -3.08515 -23.4049
f 892/3945/1231 869/3946/1231 891/3947/1231

vt -13.4565 -18.387
vn 0.198131 0.966348 0.164059
vt -11.6476 -17.4572
vt -11.7822 -17.1475
f 869/3948/1232 892/3949/1232 867/3950/1232

vt -0.435927 -18.0982
vn 0.129714 0.929542 0.345147
vt -1.10055 -18.862
vt -0.838356 -19.0747
f 383/3951/1233 867/3952/1233 892/3953/1233

vt 19.9429 8.99545
vn -0.766438 0.630598 -0.122143
vt 19.0082 9.38471
vt 18.9698 9.1714
f 867/3954/1234 383/3955/1234 385/3956/1234

vt 22.4723 2.43195
vn -0.668483 0.71393 0.20841
vt 21.7406 3.10992
vt 21.5691 2.97955
f 892/3957/1235 381/3958/1235 383/3959/1235

vt 9.65398 -14.9235
vn -0.0647157 0.892121 0.447138
vt 9.5498 -15.9156
v 75.7892 95.5314 -75.7601
vt 9.84119 -16.1154
f 381/3960/1236 892/3961/1236 893/3962/1236

vt -16.0893 -16.7427
vn 0.22259 0.965322 0.13641
vt -14.3094 -16.0011
vt -14.2774 -15.6493
f 891/3963/1237 893/3964/1237 892/3965/1237

vt 22.573 3.74225
vn -0.259354 0.964641 0.0469431
vt 24.3508 2.99554
v 75.764 95.4021 -73.7168
vt 24.6754 3.30723
f 893/3966/1238 891/3967/1238 894/3968/1238

vt 25.2759 9.04577
vn -0.215405 0.976447 -0.0123173
vt 23.2988 9.04134
vt 23.0585 8.66094
f 890/3969/1239 894/3970/1239 891/3971/1239

vt 23.3092 9.06013
vn -0.453622 0.890832 -0.0254085
vt 25.2864 9.06225
v 75.8386 95.5305 -71.5102
vt 25.6148 9.3129
f 894/3972/1240 890/3973/1240 895/3974/1240

vt 29.6557 2.14355
vn -0.676801 0.720479 0.151163
vt 27.0303 3.17515
vt 26.6523 3.0084
f 889/3975/1241 895/3976/1241 890/3977/1241

vt 26.8228 -1.01012
vn -0.482442 0.855021 0.190232
vt 29.2952 -2.368
v 75.8968 94.8381 -68.8708
vt 29.4044 -2.20424
f 895/3978/1242 889/3979/1242 896/3980/1242

vt 32.8356 -3.16015
vn -0.480201 0.859377 0.175721
vt 29.5107 -1.60206
vt 29.4052 -1.76817
f 888/3981/1243 896/3982/1243 889/3983/1243

vt 18.131 -22.1506
vn -0.0941887 0.974826 0.202094
vt 19.5358 -25.5431
v 76.1608 93.9533 -65.3591
vt 19.857 -25.5204
f 896/3984/1244 888/3985/1244 897/3986/1244

vt 19.2126 -24.6882
vn -0.140145 0.935565 0.324158
vt 19.1228 -24.4591
vt 18.8011 -24.4736
f 887/3987/1245 897/3988/1245 888/3989/1245

vt 3.68991 -30.2097
vn 0.0382702 0.945186 0.324282
vt 3.66766 -30.4548
v 76.6909 93.8361 -65.1457
vt 4.18657 -30.5134
f 897/3990/1246 887/3991/1246 898/3992/1246

vt 5.3432 -27.8757
vn 0.0369453 0.889024 0.456368
vt 4.82271 -27.8334
v 76.1643 93.6059 -64.7485
vt 4.79172 -28.3065
f 898/3993/1247 887/3994/1247 899/3995/1247

vt 18.4405 -23.2505
vn -0.182997 0.87412 0.449918
vt 18.778 -23.2369
vt 18.6302 -22.7863
f 886/3996/1248 899/3997/1248 887/3998/1248

vt 4.79272 -28.3067
vn 0.0369297 0.889032 0.456353
v 76.7075 93.5813 -64.7521
vt 5.32909 -28.3528
vt 5.34419 -27.8759
f 899/3999/1249 900/4000/1249 898/4001/1249

v 77.6849 93.765 -65.5968
vt -8.94478 -25.9809
vn 0.273047 0.859867 0.431363
vt -10.03 -25.8596
vt -10.2272 -26.2941
f 901/4002/1250 898/4003/1250 900/4004/1250

v 76.6783 93.9248 -65.3595
vt -11.5134 -28.1362
vn 0.208978 0.932247 0.29537
vt -11.6273 -28.3469
vt -10.5486 -28.5161
f 902/4005/1251 898/4006/1251 901/4007/1251

vt 3.3056 -30.8081
vn 0.0454282 0.949502 0.310454
vt 3.32388 -30.5693
vt 2.81655 -30.4923
f 898/4008/1252 902/4009/1252 897/4010/1252

v 76.0675 94.8655 -68.9231
vt 0.722765 -28.2931
vn 0.0473879 0.979052 0.198018
vt -0.0101893 -32.0589
vt 0.489201 -32.1769
f 903/4011/1253 897/4012/1253 902/4013/1253

vt 17.4394 -27.186
vn -0.072299 0.976931 0.200945
vt 16.1477 -23.5735
vt 16.005 -23.6822
f 897/4014/1254 903/4015/1254 896/4016/1254

v 75.9257 95.6707 -71.3232
vt 11.7253 -22.4511
vn -0.0503767 0.964232 0.260229
vt 12.1599 -25.1037
vt 12.3165 -25.0163
f 904/4017/1255 896/4018/1255 903/4019/1255

vt 29.5582 3.9924
vn -0.891958 0.437734 0.113137
vt 27.0107 4.85003
vt 26.8046 4.70555
f 896/4020/1256 904/4021/1256 895/4022/1256

v 75.8922 95.7011 -73.2425
vt 24.4738 6.52713
vn -0.836006 0.548199 0.0239104
vt 26.2888 6.33931
vt 26.4876 6.49372
f 905/4023/1257 895/4024/1257 904/4025/1257

vt 26.1835 5.93872
vn -0.90755 0.419766 0.012212
vt 24.3671 6.11297
vt 23.8677 5.80766
f 895/4026/1258 905/4027/1258 894/4028/1258

v 75.9545 95.5505 -75.3783
vt 21.5692 7.26563
vn -0.85696 0.513234 -0.0470066
vt 23.3196 7.10614
vt 23.8088 7.42744
f 906/4029/1259 894/4030/1259 905/4031/1259

vt 24.7453 2.3782
vn -0.221821 0.973923 0.0476434
vt 23.0859 2.95753
vt 22.6585 2.88273
f 894/4032/1260 906/4033/1260 893/4034/1260

vt 21.9572 2.84009
vn -0.730046 0.632279 0.259338
vt 22.7335 2.18038
vt 23.1667 2.20298
f 379/4035/1261 893/4036/1261 906/4037/1261

vt 15.645 -12.0894
vn -0.224005 0.868345 0.442491
vt 15.3661 -11.1096
vt 15.1496 -10.9894
f 893/4038/1262 379/4039/1262 381/4040/1262

vt 19.6628 -9.1258
vn -0.29493 0.89586 0.332342
vt 19.0671 -8.23638
vt 18.802 -8.06377
f 906/4041/1263 377/4042/1263 379/4043/1263

vt 20.9527 4.4942
vn -0.997017 0.0763022 -0.0116116
vt 21.9355 4.06978
v 75.9621 95.8325 -74.7436
vt 22.601 4.33432
f 377/4044/1264 906/4045/1264 907/4046/1264

vt 24.0416 4.56849
vn -0.9921 0.122298 -0.0279472
vt 22.4657 4.69229
vt 21.8006 4.42665
f 905/4047/1265 907/4048/1265 906/4049/1265

vt 22.5524 5.60278
vn -0.964375 0.26399 -0.0170563
vt 24.1279 5.47577
v 75.9362 95.9118 -72.9465
vt 24.4375 5.67944
f 907/4050/1266 905/4051/1266 908/4052/1266

vt 26.4482 4.82224
vn -0.979943 0.198011 0.0224336
vt 24.7458 5.0519
vt 24.4343 4.85116
f 904/4053/1267 908/4054/1267 905/4055/1267

vt -23.0756 -6.14732
vn 0.604902 0.790728 0.0940339
vt -24.7562 -6.5028
v 76.0472 95.5946 -71.5048
vt -24.5488 -6.61508
f 908/4056/1268 904/4057/1268 909/4058/1268

vt -26.2176 -7.81403
vn 0.67083 0.725223 0.155042
vt -23.595 -6.85346
vt -23.8084 -6.75315
f 903/4059/1269 909/4060/1269 904/4061/1269

vt -19.5858 -14.9347
vn 0.392202 0.89848 0.197261
vt -21.9613 -16.4035
v 76.4028 94.755 -69.1165
vt -21.6269 -16.626
f 909/4062/1270 903/4063/1270 910/4064/1270

vt -27.2055 -17.0424
vn 0.360482 0.922662 0.136922
vt -23.6573 -15.1366
vt -23.9689 -14.8831
f 902/4065/1271 910/4066/1271 903/4067/1271

vt -13.2596 -25.0381
vn 0.15102 0.975354 0.160863
vt -15.6632 -28.2699
v 77.654 93.8487 -65.8112
vt -14.6284 -28.566
f 910/4068/1272 902/4069/1272 911/4070/1272

vt -11.6677 -28.597
vn 0.2027 0.942548 0.265548
vt -11.5612 -28.3815
vt -12.6196 -28.1857
f 901/4071/1273 911/4072/1273 902/4073/1273

vt -13.5193 -27.4769
vn 0.227305 0.938214 0.260934
vt -13.6382 -27.6857
v 78.8125 93.6886 -66.256
vt -12.3398 -27.8763
f 911/4074/1274 901/4075/1274 912/4076/1274

vt -10.6001 -24.8823
vn 0.324958 0.847883 0.418924
vt -11.9064 -24.7561
v 77.7318 93.5094 -65.2192
vt -12.1025 -25.1781
f 912/4077/1275 901/4078/1275 913/4079/1275

vt -10.2273 -26.294
vn 0.273048 0.859866 0.431364
vt -9.10775 -26.4166
vt -8.94482 -25.9808
f 900/4080/1276 913/4081/1276 901/4082/1276

vt -12.1026 -25.1777
vn 0.324967 0.847876 0.418931
v 78.8935 93.4323 -65.9009
vt -10.7553 -25.305
vt -10.6003 -24.882
f 913/4083/1277 914/4084/1277 912/4085/1277

v 79.7426 93.649 -66.8911
vt -10.6931 -24.4187
vn 0.346512 0.842915 0.411612
vt -11.8259 -24.3542
vt -11.9945 -24.7721
f 915/4086/1278 912/4087/1278 914/4088/1278

v 78.76 93.7685 -66.4668
vt -12.9957 -27.7387
vn 0.216746 0.947142 0.236525
vt -13.1008 -27.9539
vt -11.9712 -28.0602
f 916/4089/1279 912/4090/1279 915/4091/1279

vt -13.1963 -27.9087
vn 0.21785 0.946964 0.236222
vt -13.0905 -27.6938
vt -14.3649 -27.4786
f 912/4092/1280 916/4093/1280 911/4094/1280

v 77.066 94.4366 -69.4928
vt -16.3253 -23.5935
vn 0.133775 0.985385 0.105456
vt -18.9099 -26.5767
vt -17.6831 -26.9833
f 917/4095/1281 911/4096/1281 916/4097/1281

vt -30.6083 -10.8599
vn 0.422553 0.9048 0.0527829
vt -26.8586 -9.62742
vt -27.3358 -8.95992
f 911/4098/1282 917/4099/1282 910/4100/1282

v 76.3066 95.4123 -71.8596
vt -21.9495 -11.4462
vn 0.468842 0.870611 0.149076
vt -24.6419 -12.6383
vt -24.0591 -13.2159
f 918/4101/1283 910/4102/1283 917/4103/1283

vt -26.6269 -7.50657
vn 0.654722 0.746488 0.118724
vt -23.8217 -6.61161
vt -24.2352 -6.36341
f 910/4104/1284 918/4105/1284 909/4106/1284

v 76.0415 95.7363 -73.2339
vt -23.5456 -5.20875
vn 0.585731 0.809067 0.0482726
vt -25.3513 -5.42628
vt -24.9583 -5.70601
f 919/4107/1285 909/4108/1285 918/4109/1285

vt -25.8316 -0.925074
vn 0.857998 0.51295 0.0268637
vt -24.0193 -0.772754
vt -24.3239 -0.584202
f 909/4110/1286 919/4111/1286 908/4112/1286

v 75.9312 96.0476 -74.3567
vt -22.7975 -0.433861
vn 0.862269 0.505446 0.031893
vt -24.2751 -0.579068
vt -23.9699 -0.766726
f 920/4113/1287 908/4114/1287 919/4115/1287

vt 24.5539 2.85872
vn -0.989907 -0.141684 -0.0030154
vt 23.0747 2.98693
vt 22.6687 2.78383
f 908/4116/1288 920/4117/1288 907/4118/1288

vt 21.185 3.47921
vn -0.99709 -0.0668801 -0.0365932
vt 22.3933 3.27904
vt 22.7999 3.48071
f 375/4119/1289 907/4120/1289 920/4121/1289

vt 22.6441 4.7368
vn -0.990373 0.138287 -0.00613984
vt 21.4361 4.9383
vt 20.9959 4.89764
f 907/4122/1290 375/4123/1290 377/4124/1290

vt -22.7936 8.13335
vn 0.775003 -0.631291 0.0290086
vt -21.444 8.10694
vt -21.1787 8.13146
f 920/4125/1291 372/4126/1291 375/4127/1291

vt -21.5667 2.17577
vn 0.972601 0.231414 0.0222319
vt -22.9164 2.19723
vt -22.5333 2.02127
f 372/4128/1292 920/4129/1292 370/4130/1292

vt -24.4085 1.43346
vn 0.947009 0.320775 -0.0166343
vt -22.8475 1.559
vt -23.2286 1.73925
f 919/4131/1293 370/4132/1293 920/4133/1293

vt -22.5104 -2.507
vn 0.717564 0.69625 0.0183747
vt -24.068 -2.66918
vt -23.5392 -2.9759
f 370/4134/1294 919/4135/1294 363/4136/1294

vt -25.6189 -2.99839
vn 0.705125 0.709033 0.00845033
vt -23.6551 -2.89205
vt -24.1808 -2.58015
f 918/4137/1295 363/4138/1295 919/4139/1295

vt -23.0341 -7.77856
vn 0.322275 0.946299 0.02564
vt -24.9877 -8.00515
vt -24.5982 -8.49794
f 363/4140/1296 918/4141/1296 362/4142/1296

vt -22.4418 -15.5756
vn 0.414407 0.893612 0.172406
vt -19.9582 -14.0008
vt -20.4769 -13.6466
f 917/4143/1297 362/4144/1297 918/4145/1297

vt -19.9979 -13.9422
vn 0.416156 0.892863 0.172073
vt -22.4847 -15.512
vt -21.7146 -16.0618
f 362/4146/1298 917/4147/1298 361/4148/1298

vt -31.1206 -9.59046
vn 0.31645 0.948582 0.00726234
vt -27.4585 -8.49702
vt -27.9884 -7.71321
f 916/4149/1299 361/4150/1299 917/4151/1299

vt -15.8605 -24.0248
vn 0.0872356 0.993968 0.0664624
vt -18.1434 -27.0899
vt -17.0667 -27.3828
f 361/4152/1300 916/4153/1300 360/4154/1300

vt -11.8894 -28.0532
vn 0.217853 0.946259 0.239028
vt -11.8032 -27.8335
vt -12.9146 -27.7343
f 915/4155/1301 360/4156/1301 916/4157/1301

vt -8.81985 -28.9084
vn 0.186481 0.950125 0.249975
vt -8.88577 -29.135
vt -7.65784 -29.159
f 360/4158/1302 915/4159/1302 359/4160/1302

vt -7.38335 -25.1718
vn 0.311772 0.84943 0.425754
vt -8.61142 -25.1574
v 79.8516 93.3923 -66.5564
vt -8.72211 -25.5825
f 359/4161/1303 915/4162/1303 921/4163/1303

vt -11.9938 -24.7732
vn 0.346477 0.84294 0.41159
vt -10.8261 -24.8383
vt -10.6924 -24.4198
f 914/4164/1304 921/4165/1304 915/4166/1304

vt -8.72245 -25.5821
vn 0.311787 0.84942 0.425764
vt -7.45722 -25.5977
vt -7.38368 -25.1713
f 921/4167/1305 358/4168/1305 359/4169/1305

vt -21.0187 3.11496
vn 0.995621 0.0734028 0.0578807
v 76.0674 95.5379 -76.6279
vt -20.2247 2.91932
vt -20.2607 3.30826
f 371/4170/1306 922/4171/1306 373/4172/1306

vt -21.2149 -0.0707958
vn 0.831087 0.552914 -0.0598372
vt -21.9996 0.15957
v 76.0903 95.5423 -76.2892
vt -21.5711 -0.0658952
f 922/4173/1307 371/4174/1307 923/4175/1307

vt -22.8244 0.231188
vn 0.778494 0.620259 -0.0960525
vt -21.8496 0.0855833
vt -22.271 0.324011
f 369/4176/1308 923/4177/1308 371/4178/1308

vt 20.3213 8.26111
vn -0.767208 0.640242 -0.0384926
vt 20.6499 8.02082
vt 21.6242 8.16928
f 368/4179/1309 923/4180/1309 369/4181/1309

vt 16.4628 5.57688
vn -0.916637 0.147404 -0.371548
vt 16.1031 5.7675
v 76.3032 95.443 -76.7837
vt 15.9039 5.48304
f 923/4182/1310 368/4183/1310 924/4184/1310

vt 15.1824 6.27373
vn -0.898504 0.174829 -0.402647
vt 15.328 5.9497
vt 15.5255 6.23528
f 367/4185/1311 924/4186/1311 368/4187/1311

vt 14.5714 11.7792
vn -0.732979 0.571042 -0.369666
v 76.1428 95.2786 -76.7023
vt 14.7212 11.596
vt 15.1271 11.89
f 924/4188/1312 925/4189/1312 923/4190/1312

vt -21.551 1.5331
vn 0.942276 0.32852 -0.0647344
vt -21.1223 1.27336
vt -21.1948 1.52873
f 923/4191/1313 925/4192/1313 922/4193/1313

vt 0.809753 -26.2606
vn 0.212938 0.854136 0.474457
v 83.9609 93.4074 -68.6379
vt 2.51484 -26.2426
vt 2.41732 -25.8155
f 357/4194/1314 926/4195/1314 356/4196/1314

v 85.0796 93.6453 -69.2947
vt 6.8541 -25.2532
vn 0.168347 0.847653 0.503135
vt 5.46169 -25.2237
vt 5.59212 -25.642
f 927/4197/1315 356/4198/1315 926/4199/1315

v 83.589 93.7646 -69.0721
vt 5.0957 -28.1306
vn 0.124782 0.923914 0.361679
vt 5.17709 -28.3562
vt 6.56923 -28.3965
f 928/4200/1316 356/4201/1316 927/4202/1316

vt 2.81804 -28.77
vn 0.149105 0.92703 0.344068
vt 2.75186 -28.5394
vt 1.1282 -28.5781
f 356/4203/1317 928/4204/1317 354/4205/1317

v 80.0012 94.6044 -71.5002
vt 1.11078 -27.2151
vn 0.070856 0.981947 0.175385
vt 1.89622 -31.0353
vt 3.51858 -30.9595
f 929/4206/1318 354/4207/1318 928/4208/1318

vt 21.5272 -22.1543
vn -0.0911419 0.958759 0.26921
vt 18.5838 -19.5957
vt 17.9084 -20.3589
f 354/4209/1319 929/4210/1319 352/4211/1319

v 78.221 95.7185 -73.2039
vt 7.97769 -19.9872
vn 0.0265827 0.897624 0.439961
vt 8.74495 -22.6447
vt 9.6353 -22.1487
f 930/4212/1320 352/4213/1320 929/4214/1320

vt 14.0929 -20.0097
vn -0.0740268 0.880062 0.469054
vt 12.868 -17.5298
vt 12.5002 -18.0082
f 352/4215/1321 930/4216/1321 350/4217/1321

v 77.4376 96.1203 -74.4948
vt 18.9843 -12.2873
vn -0.208295 0.917148 0.339784
vt 20.1461 -13.7305
vt 20.3369 -13.158
f 931/4218/1322 350/4219/1322 930/4220/1322

vt 25.619 -1.7365
vn -0.577841 0.735313 0.354139
vt 23.992 -0.850275
vt 23.9826 -1.37635
f 350/4221/1323 931/4222/1323 347/4223/1323

vt 24.5364 4.12375
vn -0.675938 0.716805 0.171168
vt 24.4296 4.63895
vt 22.5573 4.74014
f 347/4224/1324 931/4225/1324 345/4226/1324

v 77.3022 96.206 -76.3306
vt 13.9424 -17.7246
vn -0.0114795 0.999216 0.0378977
vt 13.7055 -17.8945
vt 14.6016 -19.5415
f 932/4227/1325 345/4228/1325 931/4229/1325

vt 3.46153 22.7955
vn -0.0673865 0.991629 -0.11014
vt 3.17479 22.8481
vt 3.24871 21.8875
f 345/4230/1326 932/4231/1326 343/4232/1326

vt 13.9967 17.1118
vn -0.132197 0.988919 -0.067552
vt 14.4291 17.9727
v 77.4463 96.2235 -76.378
vt 14.3178 18.0757
f 343/4233/1327 932/4234/1327 933/4235/1327

v 78.102 96.1284 -74.8573
vt 22.2221 -9.6051
vn -0.078994 0.99366 0.0799936
vt 20.6556 -8.87675
vt 20.5849 -9.01101
f 934/4236/1328 933/4237/1328 932/4238/1328

vt -22.6634 1.33627
vn 0.56536 0.80508 -0.179483
vt -24.3849 1.19194
v 78.4807 95.7909 -75.0032
vt -24.3594 0.679629
f 933/4239/1329 934/4240/1329 935/4241/1329

v 79.4231 95.6248 -73.7588
vt -25.9443 3.81137
vn 0.526573 0.805688 -0.271271
vt -24.348 4.06284
vt -24.3026 4.57378
f 936/4242/1330 935/4243/1330 934/4244/1330

vt 5.09602 -23.3814
vn 0.0193413 0.995547 0.0922592
vt 5.75739 -24.8558
v 80.1013 95.6311 -73.9422
vt 6.45284 -24.8003
f 935/4245/1331 936/4246/1331 937/4247/1331

v 82.0735 94.8783 -72.1802
vt 6.56374 -25.8018
vn 0.0688855 0.963889 0.257239
vt 5.12512 -23.4157
vt 4.42774 -23.4355
f 938/4248/1332 937/4249/1332 936/4250/1332

vt 5.85819 -23.2065
vn 0.0620987 0.962637 0.26358
vt 7.36163 -25.5523
v 82.8896 94.8822 -72.3663
vt 8.19189 -25.5404
f 937/4251/1333 938/4252/1333 939/4253/1333

v 85.8795 93.7336 -69.6985
vt 10.4687 -29.0725
vn 0.0625567 0.962108 0.265397
vt 8.18908 -25.5174
vt 7.35882 -25.5292
f 940/4254/1334 939/4255/1334 938/4256/1334

vt 1.29657 -26.9953
vn 0.11423 0.969604 0.216381
vt 2.69539 -30.9801
v 86.281 93.744 -69.9257
vt 3.15661 -30.9442
f 939/4257/1335 940/4258/1335 941/4259/1335

v 86.4502 93.6456 -69.7912
vt 2.30812 -29.2965
vn 0.185782 0.926192 0.328106
vt 2.22704 -29.0726
vt 1.76502 -29.0962
f 942/4260/1336 941/4261/1336 940/4262/1336

vt -8.09949 -28.5921
vn 0.267576 0.933029 0.24054
vt -8.08615 -28.8298
v 86.7174 93.6377 -70.0318
vt -7.72179 -28.8487
f 941/4263/1337 942/4264/1337 943/4265/1337

vt -7.26919 -26.7057
vn 0.352145 0.877456 0.325677
vt -7.63375 -26.6914
v 86.768 93.3844 -69.5403
vt -7.60162 -27.1687
f 943/4266/1338 942/4267/1338 944/4268/1338

v 86.3513 93.3729 -69.2952
vt 1.01617 -27.4068
vn 0.257419 0.868011 0.424608
vt 1.50093 -27.3866
vt 1.35886 -26.9298
f 945/4269/1339 944/4270/1339 942/4271/1339

vt 1.36017 -26.9301
vn 0.257394 0.868019 0.424608
v 86.0496 93.6312 -69.5503
vt 0.891438 -26.9551
vt 1.01749 -27.407
f 942/4272/1340 946/4273/1340 945/4274/1340

vt 1.47412 -29.2545
vn 0.184673 0.929498 0.319265
vt 1.54736 -29.4925
vt 2.01557 -29.4592
f 940/4275/1341 946/4276/1341 942/4277/1341

vt 8.25817 -28.0294
vn 0.120891 0.91784 0.378093
vt 8.14194 -27.8092
v 84.9146 93.7512 -69.4535
vt 7.15443 -27.7713
f 946/4278/1342 940/4279/1342 947/4280/1342

vt 4.65425 -26.3306
vn 0.082909 0.967327 0.239594
vt 6.43766 -30.0868
vt 7.42415 -30.1456
f 938/4281/1343 947/4282/1343 940/4283/1343

vt 12.4413 -27.9652
vn 0.0364112 0.959271 0.280132
vt 9.99881 -24.6
v 81.0066 94.8185 -71.8888
vt 8.91368 -24.7785
f 947/4284/1344 938/4285/1344 948/4286/1344

vt 7.37789 -22.3649
vn 0.0411491 0.954591 0.295063
vt 8.67558 -24.6502
vt 9.76217 -24.4807
f 936/4287/1345 948/4288/1345 938/4289/1345

vt -10.1536 -24.63
vn 0.198506 0.963589 0.179141
vt -9.8201 -22.0232
v 78.7804 95.7146 -73.5068
vt -10.4493 -21.7329
f 948/4290/1346 936/4291/1346 949/4292/1346

vt -11.0881 -19.9701
vn 0.187342 0.970539 0.151513
vt -11.7252 -21.4573
vt -11.112 -21.78
f 934/4293/1347 949/4294/1347 936/4295/1347

vt -24.2256 -6.21856
vn 0.493654 0.869586 -0.0112606
vt -22.7929 -5.46673
v 77.7358 96.3636 -74.6668
vt -22.984 -5.03939
f 949/4296/1348 934/4297/1348 950/4298/1348

vt -22.7073 2.20693
vn 0.417498 0.893372 -0.166079
vt -24.4857 2.51935
vt -24.4422 2.05325
f 932/4299/1349 950/4300/1349 934/4301/1349

vt 23.9017 6.93959
vn -0.558836 0.826315 0.0700348
vt 23.7616 7.32875
vt 21.9738 7.07661
f 931/4302/1350 950/4303/1350 932/4304/1350

vt 22.8551 -8.2308
vn -0.357029 0.842992 0.402361
vt 21.4981 -7.17425
vt 21.3873 -7.57274
f 930/4305/1351 950/4306/1351 931/4307/1351

vt -3.899 -21.0219
vn 0.174185 0.944457 0.278675
vt -4.26429 -22.7024
vt -3.6271 -22.7124
f 950/4308/1352 930/4309/1352 949/4310/1352

vt -3.61485 -24.8882
vn 0.190424 0.932902 0.305668
vt -3.58986 -22.2431
vt -4.22706 -22.234
f 929/4311/1353 949/4312/1353 930/4313/1353

vt 10.0216 -19.896
vn -0.00156943 0.915355 0.402644
vt 11.2381 -22.2449
vt 12.2322 -21.7919
f 949/4314/1354 929/4315/1354 948/4316/1354

vt 18.3311 -24.1658
vn -0.0443834 0.947343 0.317131
vt 15.4072 -21.3784
vt 14.473 -21.9448
f 928/4317/1355 948/4318/1355 929/4319/1355

vt 3.28788 -26.5375
vn 0.0796247 0.97159 0.222874
vt 4.7644 -30.2976
vt 6.13396 -30.3452
f 948/4320/1356 928/4321/1356 947/4322/1356

vt 6.69377 -28.2334
vn 0.125835 0.920626 0.369613
vt 6.5894 -28.0018
vt 5.21932 -27.9726
f 927/4323/1357 947/4324/1357 928/4325/1357

vt 7.07105 -27.8626
vn 0.120674 0.919605 0.373852
vt 7.17859 -28.0928
vt 8.17417 -28.1234
f 947/4326/1358 927/4327/1358 946/4328/1358

vt 8.46145 -25.0718
vn 0.159254 0.845416 0.509814
vt 7.46566 -25.049
v 85.3488 93.3901 -69.0345
vt 7.64391 -25.4631
f 946/4329/1359 927/4330/1359 951/4331/1359

vt 5.59179 -25.6416
vn 0.168358 0.847643 0.503148
vt 7.0255 -25.6698
vt 6.85377 -25.2529
f 926/4332/1360 951/4333/1360 927/4334/1360

vt 7.64464 -25.4635
vn 0.159235 0.84543 0.509796
vt 8.67269 -25.4915
vt 8.46217 -25.0722
f 951/4335/1361 945/4336/1361 946/4337/1361

vt -7.60273 -27.1683
vn 0.352164 0.87745 0.325672
v 87.0411 93.3782 -69.7901
vt -7.22722 -27.1796
vt -7.27028 -26.7053
f 944/4338/1362 952/4339/1362 943/4340/1362

v 87.2782 93.5683 -70.2982
vt -1.46537 -27.2257
vn 0.300055 0.873185 0.384077
vt -2.07667 -27.1015
vt -1.96946 -27.5655
f 953/4341/1363 943/4342/1363 952/4343/1363

v 86.5365 93.7365 -70.1652
vt -4.90755 -29.207
vn 0.240399 0.9357 0.258212
vt -4.86544 -29.4492
vt -4.26535 -29.6195
f 954/4344/1364 943/4345/1364 953/4346/1364

vt -8.37289 -28.8524
vn 0.265222 0.93664 0.22883
vt -8.39046 -28.6072
vt -8.74569 -28.5888
f 943/4347/1365 954/4348/1365 941/4349/1365

v 83.1364 94.9315 -72.4397
vt -9.55756 -25.5774
vn 0.187364 0.970145 0.153993
vt -9.5019 -29.8159
vt -9.14718 -29.8425
f 955/4350/1366 941/4351/1366 954/4352/1366

vt 19.8395 -22.8419
vn -0.0376645 0.921629 0.386239
vt 16.4956 -20.2368
vt 16.2591 -20.3449
f 941/4353/1367 955/4354/1367 939/4355/1367

v 80.6386 95.691 -74.0799
vt 13.8453 -18.5785
vn -0.0372394 0.921201 0.3873
vt 16.2286 -20.3484
vt 16.4652 -20.2405
f 956/4356/1368 939/4357/1368 955/4358/1368

vt 13.7195 -22.3786
vn 0.00408109 0.938421 0.345469
vt 11.511 -20.395
vt 10.9774 -20.5419
f 939/4359/1369 956/4360/1369 937/4361/1369

v 78.8162 95.7276 -75.0412
vt 18.1159 -15.7489
vn -0.0611705 0.989303 0.132434
vt 19.746 -16.309
vt 20.1768 -15.9616
f 957/4362/1370 937/4363/1370 956/4364/1370

vt -25.9535 3.68356
vn 0.154559 0.983644 -0.0924992
vt -24.2947 4.15223
vt -24.1501 4.45957
f 937/4365/1371 957/4366/1371 935/4367/1371

v 77.5565 96.2347 -76.3196
vt -10.3556 -18.6238
vn 0.181724 0.972479 0.145815
vt -10.8139 -20.2729
vt -10.5689 -20.5082
v 77.9227 96.0873 -75.9479
vt -10.4176 -19.1717
f 958/4368/1372 935/4369/1372 957/4370/1372 959/4371/1372 

vt 21.0504 -7.89561
vn -0.335785 0.835803 0.434374
vt 19.4935 -7.18463
vt 19.369 -7.20257
f 935/4372/1373 958/4373/1373 933/4374/1373

vt -7.83552 20.7593
vn -0.00140279 0.989105 -0.147208
vt -8.42282 21.4962
vt -8.53132 21.5599
f 341/4375/1374 933/4376/1374 958/4377/1374

vt 22.7166 1.80532
vn -0.348806 0.927632 0.133541
vt 21.8261 1.49747
vt 21.7782 1.41594
f 933/4378/1375 341/4379/1375 343/4380/1375

vt 20.6675 9.25234
vn -0.528092 -0.649368 0.547211
vt 19.7201 9.17234
vt 19.6202 9.08487
f 958/4381/1376 339/4382/1376 341/4383/1376

vt -20.887 -2.98182
vn 0.443236 -0.827222 -0.34532
vt -21.8318 -2.87539
v 77.7319 96.2234 -76.0969
vt -22.1233 -2.89323
f 339/4384/1377 958/4385/1377 960/4386/1377

vt 24.048 5.48893
vn -0.732081 -0.466066 0.496829
vt 22.5184 6.0055
vt 22.2267 6.01724
vt 22.7562 5.86364
f 957/4387/1378 960/4388/1378 958/4389/1378 959/4390/1378 

vt 13.077 -14.8356
vn -0.0933242 0.902271 0.420947
vt 14.356 -15.8208
v 79.0959 95.79 -75.0938
vt 14.616 -15.6968
f 960/4391/1379 957/4392/1379 961/4393/1379

vt 21.032 -13.6775
vn -0.137312 0.956001 0.259243
vt 19.1863 -13.3889
vt 18.9628 -13.5707
f 956/4394/1380 961/4395/1380 957/4396/1380

vt 19.1182 -13.5437
vn -0.132496 0.958371 0.252922
vt 20.9626 -13.84
v 80.8569 95.7623 -74.1944
vt 21.1034 -13.6266
f 961/4397/1381 956/4398/1381 962/4399/1381

vt 16.623 -20.0828
vn -0.0403625 0.919542 0.390914
vt 14.1968 -18.2819
vt 13.9932 -18.4366
f 955/4400/1382 962/4401/1382 956/4402/1382

vt -26.1512 0.087308
vn 0.437786 0.881783 -0.175506
vt -28.7325 -1.48318
v 83.3041 94.8182 -72.5218
vt -28.7181 -1.69734
f 962/4403/1383 955/4404/1383 963/4405/1383

vt -32.5185 -2.30591
vn 0.425744 0.882765 -0.198663
vt -28.8767 -0.257084
vt -28.8803 -0.0424661
f 954/4406/1384 963/4407/1384 955/4408/1384

vt -12.7872 -24.4931
vn 0.191188 0.974141 0.120401
vt -13.0666 -28.6623
v 87.0878 93.6568 -70.4322
vt -12.5319 -28.9698
f 963/4409/1385 954/4410/1385 964/4411/1385

vt -7.63464 -29.7278
vn 0.23266 0.95119 0.202749
vt -7.65923 -29.4791
vt -8.23386 -29.2549
f 953/4412/1386 964/4413/1386 954/4414/1386

vt -6.35259 -29.7286
vn 0.224749 0.950939 0.212608
vt -6.31845 -29.9762
v 87.906 93.5186 -70.7135
vt -5.57254 -30.1152
f 964/4415/1387 953/4416/1387 965/4417/1387

vt -3.23127 -27.3107
vn 0.324808 0.876628 0.354997
vt -3.98464 -27.2204
v 87.6185 93.3071 -70.0651
vt -3.88974 -27.6947
f 965/4418/1388 953/4419/1388 966/4420/1388

vt -1.96851 -27.566
vn 0.300032 0.873195 0.384071
vt -1.33871 -27.6932
vt -1.46443 -27.2262
f 952/4421/1389 966/4422/1389 953/4423/1389

vt -3.88985 -27.6946
vn 0.324811 0.876627 0.354997
v 88.2689 93.2534 -70.491
vt -3.11232 -27.7921
vt -3.23137 -27.3106
f 966/4424/1390 967/4425/1390 965/4426/1390

v 88.3808 93.5636 -71.3931
vt -8.54779 -26.4672
vn 0.378859 0.881602 0.281501
vt -9.39666 -26.5513
vt -9.35794 -27.0457
f 968/4427/1391 965/4428/1391 967/4429/1391

v 87.7131 93.5959 -70.8396
vt -7.09336 -30.0359
vn 0.209804 0.960858 0.180926
vt -7.06225 -30.2778
vt -6.22095 -30.1369
f 969/4430/1392 965/4431/1392 968/4432/1392

vt -7.62637 -30.162
vn 0.2127 0.960946 0.177036
vt -7.65344 -29.9196
vt -8.38172 -29.7291
f 965/4433/1393 969/4434/1393 964/4435/1393

v 83.8863 94.3306 -72.7336
vt -15.2038 -24.0548
vn 0.133089 0.989011 0.0643819
vt -15.905 -28.0374
vt -15.2436 -28.3969
f 970/4436/1394 964/4437/1394 969/4438/1394

vt -32.5246 4.38482
vn 0.45437 0.808238 -0.374564
vt -28.6113 5.40365
vt -28.3989 6.1409
f 964/4439/1395 970/4440/1395 963/4441/1395

v 81.0589 95.6482 -74.2873
vt -26.229 2.66768
vn 0.506214 0.819819 -0.267664
vt -28.9371 1.37016
vt -29.0252 0.607994
f 971/4442/1396 963/4443/1396 970/4444/1396

vt -28.175 -4.69588
vn 0.400629 0.908982 -0.115099
vt -25.7524 -2.92138
vt -25.7874 -2.67751
f 963/4445/1397 971/4446/1397 962/4447/1397

v 79.3066 95.8291 -75.2832
vt -22.3341 10.724
vn 0.290001 0.900817 -0.323153
vt -24.2484 10.5898
vt -24.3383 10.3604
f 972/4448/1398 962/4449/1398 971/4450/1398

vt 20.2188 -16.0393
vn -0.0511928 0.992295 0.112825
vt 18.3547 -15.5837
vt 18.2409 -15.8502
f 962/4451/1399 972/4452/1399 961/4453/1399

v 77.9009 96.1372 -75.9252
vt 2.72738 -21.2387
vn 0.0706596 0.970603 0.230082
vt 3.6198 -22.4554
vt 3.87521 -22.3186
f 973/4454/1400 961/4455/1400 972/4456/1400

vt -16.1307 -13.6515
vn 0.147214 -0.867944 -0.474343
vt -14.7481 -13.0472
vt -14.5366 -12.8971
f 961/4457/1401 973/4458/1401 960/4459/1401

vt -19.371 0.0397258
vn 0.608538 -0.392118 -0.689873
vt -20.4984 0.00666405
vt -20.7428 -0.0799546
f 337/4460/1402 960/4461/1402 973/4462/1402

vt 21.0749 10.2656
vn -0.333425 -0.880524 0.336905
vt 19.9487 10.3265
vt 19.8398 10.1619
f 960/4463/1403 337/4464/1403 339/4465/1403

vt 22.7348 6.34425
vn -0.27251 -0.943794 0.187061
vt 21.5038 6.7266
vt 21.3945 6.66035
f 973/4466/1404 335/4467/1404 337/4468/1404

vt -19.8373 9.07457
vn 0.556326 0.588809 -0.586349
vt -21.116 8.91254
vt -21.1163 8.85587
v 77.9911 95.9243 -76.0202
vt -21.1161 8.67268
f 335/4469/1405 973/4470/1405 959/4471/1405 974/4472/1405 

vt -20.877 10.2589
vn 0.459165 0.587614 -0.666241
vt -19.36 10.3657
vt -19.3446 10.5483
vt -19.3395 10.6047
f 972/4473/1406 974/4474/1406 959/4475/1406 973/4476/1406 

vt -20.7908 11.1598
vn 0.211268 0.948128 -0.237528
vt -22.2892 10.9005
v 79.5393 95.7204 -75.4458
vt -22.3562 10.6046
f 974/4477/1407 972/4478/1407 975/4479/1407

vt -24.9991 8.72
vn 0.226995 0.949189 -0.217977
vt -23.0693 8.91929
vt -23.0244 9.21942
f 971/4480/1408 975/4481/1408 972/4482/1408

vt -22.4516 8.94932
vn 0.507141 0.655882 -0.55913
vt -24.3897 8.86299
v 81.5488 95.1494 -74.3596
vt -24.7097 8.26618
f 975/4483/1409 971/4484/1409 976/4485/1409

vt -28.7253 4.64968
vn 0.563778 0.697523 -0.442285
vt -25.9272 5.68127
vt -25.6748 6.30967
f 970/4486/1410 976/4487/1410 971/4488/1410

vt -26.0379 -2.5937
vn 0.385333 0.913807 -0.128355
vt -28.4204 -4.38746
v 84.5001 93.9863 -73.0497
vt -28.3098 -5.14167
f 976/4489/1411 970/4490/1411 977/4491/1411

vt -32.4958 4.70189
vn 0.305683 0.913887 -0.267149
vt -28.6235 5.54428
vt -28.4534 6.28735
f 969/4492/1412 977/4493/1412 970/4494/1412

vt 5.04109 -28.254
vn 0.0388975 0.9953 0.0886809
vt 7.09009 -31.6462
v 88.1761 93.6502 -71.5061
vt 7.77986 -31.1744
f 977/4495/1413 969/4496/1413 978/4497/1413

vt -5.82735 -29.7926
vn 0.230996 0.95129 0.204179
vt -5.87926 -29.5491
vt -6.70087 -29.7018
f 968/4498/1414 978/4499/1414 969/4500/1414

vt -11.958 -27.993
vn 0.262565 0.952507 0.154243
vt -11.9515 -28.2418
v 88.79 93.6316 -72.342
vt -10.8948 -28.0465
f 978/4501/1415 968/4502/1415 979/4503/1415

vt -12.9704 -24.6629
vn 0.421702 0.881909 0.210721
vt -14.0375 -24.7907
v 88.7575 93.3004 -71.192
vt -14.0494 -25.2856
f 979/4504/1416 968/4505/1416 980/4506/1416

vt -9.35747 -27.046
vn 0.378848 0.881607 0.281501
vt -8.48253 -26.9583
vt -8.54733 -26.4675
f 967/4507/1417 980/4508/1417 968/4509/1417

vt -14.0508 -25.2844
vn 0.421743 0.881891 0.210717
v 89.1773 93.3718 -72.171
vt -12.951 -25.1502
vt -12.9718 -24.6617
f 980/4510/1418 981/4511/1418 979/4512/1418

v 89.2237 93.6507 -73.5633
vt -15.7062 -22.729
vn 0.450184 0.879986 0.151519
vt -17.055 -22.7648
vt -17.0951 -23.2522
f 982/4513/1419 979/4514/1419 981/4515/1419

v 88.5755 93.7337 -72.4348
vt -16.7807 -24.4728
vn 0.338421 0.933655 0.117298
vt -16.7989 -24.725
vt -15.4503 -24.6777
f 983/4516/1420 979/4517/1420 982/4518/1420

vt -10.659 -27.3978
vn 0.306378 0.934128 0.183133
vt -10.6903 -27.1469
vt -11.7225 -27.3521
f 979/4519/1421 983/4520/1421 978/4521/1421

v 84.758 94.3125 -73.4443
vt -3.85246 -27.8522
vn 0.100787 0.988908 0.1091
vt -2.64076 -31.6698
vt -1.70482 -31.1886
f 984/4522/1422 978/4523/1422 983/4524/1422

vt 26.1394 -15.2255
vn -0.157339 0.863711 0.478798
vt 22.299 -14.0881
vt 22.1775 -14.6484
f 978/4525/1423 984/4526/1423 977/4527/1423

v 82.0053 94.8232 -74.5158
vt 16.5423 -15.4695
vn -0.0855904 0.853667 0.513738
vt 19.2236 -16.8588
vt 19.4117 -16.3173
f 985/4528/1424 977/4529/1424 984/4530/1424

vt -29.0768 1.67678
vn 0.439884 0.853605 -0.279036
vt -26.4162 3.10535
vt -26.2998 3.66219
f 977/4531/1425 985/4532/1425 976/4533/1425

v 79.8851 95.3388 -75.4177
vt -22.8142 9.50233
vn 0.376786 0.831535 -0.408145
vt -24.7903 9.2012
vt -25.024 8.68255
f 986/4534/1426 976/4535/1426 985/4536/1426

vt -24.0105 7.76214
vn 0.541915 0.482943 -0.687818
vt -22.0215 7.9606
vt -21.7285 8.36038
f 976/4537/1427 986/4538/1427 975/4539/1427

v 78.0799 95.7162 -76.2016
vt -18.3448 8.53495
vn 0.463576 0.392994 -0.794137
vt -19.9966 8.53921
vt -20.3114 8.15631
f 987/4540/1428 975/4541/1428 986/4542/1428

vt -19.9734 12.8526
vn 0.324627 0.763512 -0.558271
vt -18.3216 12.8468
vt -18.3361 13.1322
f 975/4543/1429 987/4544/1429 974/4545/1429

vt -20.8134 8.3921
vn 0.518207 0.730656 -0.444526
vt -22.0129 8.0778
vt -21.9309 7.80398
f 332/4546/1430 974/4547/1430 987/4548/1430

vt -22.322 7.5612
vn 0.474898 0.797027 -0.373121
vt -21.1333 7.91414
vt -21.0897 8.08875
f 974/4549/1431 332/4550/1431 335/4551/1431

vt -22.9759 4.29311
vn 0.458453 0.851451 -0.254661
vt -21.9199 4.82114
vt -21.967 5.05268
f 987/4552/1432 329/4553/1432 332/4554/1432

vt -21.7396 -2.52225
vn 0.332574 0.940956 -0.0632235
vt -22.5926 -3.33861
vt -22.5348 -3.52855
f 329/4555/1433 987/4556/1433 327/4557/1433

vt -24.3372 4.79592
vn 0.265286 0.947049 -0.18089
vt -22.641 5.62876
vt -22.6198 5.82615
f 986/4558/1434 327/4559/1434 987/4560/1434

vt -20.678 10.1245
vn 0.414876 0.774186 -0.478031
vt -22.5184 9.69592
vt -22.6928 9.41405
f 327/4561/1435 986/4562/1435 320/4563/1435

vt -24.4487 9.4293
vn 0.405829 0.766571 -0.497666
vt -22.3833 9.86567
vt -22.2026 10.1435
f 985/4564/1436 320/4565/1436 986/4566/1436

vt 18.4253 -9.19409
vn -0.256247 0.731942 0.631346
vt 20.4961 -9.60423
vt 20.4583 -9.06868
f 320/4567/1437 985/4568/1437 319/4569/1437

vt 21.0869 -12.0437
vn -0.168234 0.73522 0.65662
vt 18.1804 -10.8405
vt 18.17 -11.3773
f 984/4570/1438 319/4571/1438 985/4572/1438

vt 17.4173 -12.3515
vn -0.130692 0.777003 0.615781
vt 20.2883 -13.6372
vt 20.212 -12.8017
f 319/4573/1439 984/4574/1439 318/4575/1439

vt 22.6007 -15.5676
vn -0.081978 0.779494 0.621023
vt 18.686 -13.9194
vt 18.7164 -14.7578
f 983/4576/1440 318/4577/1440 984/4578/1440

vt -15.472 -22.2176
vn 0.226947 0.969793 0.0894226
vt -15.5855 -26.4637
vt -14.2634 -26.3633
f 318/4579/1441 983/4580/1441 317/4581/1441

vt -15.0756 -24.4126
vn 0.367116 0.920668 0.13265
vt -15.0841 -24.1611
vt -16.4085 -24.2243
f 982/4582/1442 317/4583/1442 983/4584/1442

vt -18.7719 -21.9665
vn 0.384702 0.919309 0.0829231
vt -18.7957 -22.2171
vt -17.4102 -22.287
f 317/4585/1443 982/4586/1443 316/4587/1443

vt -17.1606 -21.151
vn 0.466661 0.878161 0.105174
vt -18.5466 -21.0933
v 89.6242 93.3917 -73.4299
vt -18.5907 -21.5772
f 316/4588/1444 982/4589/1444 988/4590/1444

vt -17.0946 -23.2528
vn 0.450162 0.879998 0.15152
vt -15.7044 -23.2155
vt -15.7057 -22.7296
f 981/4591/1445 988/4592/1445 982/4593/1445

vt -18.5906 -21.5774
vn 0.466655 0.878164 0.105174
vt -17.1621 -21.6367
vt -17.1605 -21.1512
f 988/4594/1446 315/4595/1446 316/4596/1446

vt -21.1732 5.3622
vn 0.768914 0.268664 -0.580165
v 76.7237 96.2577 -77.4553
vt -20.4845 5.61345
vt -20.5352 5.78289
f 328/4597/1447 989/4598/1447 330/4599/1447

vt -20.7828 -2.20277
vn 0.489481 0.869491 -0.066285
vt -21.3436 -2.67477
v 77.2464 95.9582 -77.1341
vt -21.19 -2.74669
f 989/4600/1448 328/4601/1448 990/4602/1448

vt -23.0006 1.98946
vn 0.277122 0.951707 -0.13213
vt -21.8548 2.71457
vt -21.9806 2.82837
f 326/4603/1449 990/4604/1449 328/4605/1449

vt -20.5988 7.895
vn 0.395008 0.855264 -0.3354
vt -20.6858 8.18137
vt -21.9715 7.75066
f 325/4606/1450 990/4607/1450 326/4608/1450

vt 0.713511 18.1495
vn -0.293425 0.737991 -0.607676
vt 0.510898 17.9292
v 76.929 95.4957 -77.4422
vt 0.865223 17.5424
f 990/4609/1451 325/4610/1451 991/4611/1451

vt -12.2883 3.74907
vn 0.218669 0.032096 -0.975271
vt -12.0492 3.99537
vt -12.4953 4.27116
f 324/4612/1452 991/4613/1452 325/4614/1452

vt -17.6856 6.12589
vn 0.551896 0.244348 -0.797311
v 76.694 95.9284 -77.4806
vt -17.4683 6.54128
vt -18.1265 6.56983
f 991/4615/1453 992/4616/1453 990/4617/1453

vt -18.2352 4.14709
vn 0.576438 0.0207581 -0.816877
vt -17.577 4.11926
vt -17.6163 4.42746
f 990/4618/1454 992/4619/1454 989/4620/1454

vt -18.0578 -20.3408
vn 0.47766 0.87591 0.0679827
v 90.5077 93.223 -76.8054
vt -17.075 -20.4417
vt -17.1036 -19.9524
f 314/4621/1455 993/4622/1455 313/4623/1455

v 90.4263 93.537 -77.4317
vt -4.30759 -23.1837
vn 0.44313 0.849815 0.285395
vt -5.01235 -23.2684
vt -4.80377 -23.7118
f 994/4624/1456 313/4625/1456 993/4626/1456

v 89.8354 93.5822 -76.8534
vt -3.61102 -25.9638
vn 0.304823 0.926776 0.219473
vt -3.47595 -26.1862
vt -2.77586 -26.0691
f 995/4627/1457 313/4628/1457 994/4629/1457

vt -19.174 -20.5116
vn 0.325965 0.945198 0.0186414
vt -19.1731 -20.2514
vt -20.0967 -20.0819
f 313/4630/1458 995/4631/1458 311/4632/1458

v 85.2481 94.9419 -76.5563
vt -20.6624 -15.1862
vn 0.256086 0.966652 0.00187714
vt -21.2295 -19.6836
vt -20.3155 -19.8993
f 996/4633/1459 311/4634/1459 995/4635/1459

vt -29.1621 6.17672
vn 0.291638 0.865335 -0.407607
vt -25.2344 8.43975
vt -25.3306 9.37064
f 311/4636/1460 996/4637/1460 309/4638/1460

v 82.1136 96.3261 -76.4928
vt -23.4974 8.86474
vn 0.332798 0.860812 -0.385029
vt -26.0332 7.39742
vt -25.8661 6.47661
f 997/4639/1461 309/4640/1461 996/4641/1461

vt -15.222 -20.3318
vn 0.244944 0.966379 0.078196
vt -15.4945 -17.4148
vt -16.0905 -17.5103
f 309/4642/1462 997/4643/1462 307/4644/1462

v 80.2537 96.4153 -76.6725
vt -3.77641 -23.0179
vn 0.0376021 0.998266 0.0452786
vt -2.89593 -24.713
vt -2.4466 -24.3099
f 998/4645/1463 307/4646/1463 997/4647/1463

vt 19.5743 -10.8789
vn -0.180552 0.858228 0.480464
vt 17.6744 -10.681
vt 17.6648 -11.1107
f 307/4648/1464 998/4649/1464 304/4650/1464

vt 20.8095 -7.39607
vn -0.292777 0.851174 0.435643
vt 20.739 -6.97214
vt 18.9934 -7.05495
f 304/4651/1465 998/4652/1465 302/4653/1465

v 79.0138 96.5333 -77.5987
vt 19.1842 -6.82636
vn -0.290175 0.854287 0.431267
vt 18.9995 -7.10844
vt 20.745 -7.02486
f 999/4654/1466 302/4655/1466 998/4656/1466

vt 16.1815 -8.96996
vn -0.217889 0.803498 0.554
vt 16.4113 -8.72319
vt 15.2525 -9.09878
f 302/4657/1467 999/4658/1467 300/4659/1467

vt 16.4479 -9.62497
vn -0.21731 0.871731 0.439161
vt 17.5791 -9.17309
v 79.0903 96.6205 -77.7033
vt 17.6014 -9.01863
f 300/4660/1468 999/4661/1468 1000/4662/1468

v 80.7636 96.0826 -77.2403
vt 10.1501 -13.9741
vn 0.0518985 0.815472 0.576465
vt 8.54111 -13.1657
vt 8.45638 -13.2967
f 1001/4663/1469 1000/4664/1469 999/4665/1469

vt -19.8459 10.3939
vn 0.379967 0.782294 -0.493601
vt -21.4757 9.62825
v 80.9688 95.7509 -77.5198
vt -21.4677 9.15608
f 1000/4666/1470 1001/4667/1470 1002/4668/1470

v 82.848 95.3401 -77.289
vt -20.2022 12.4988
vn 0.235143 0.777416 -0.58338
vt -18.3739 13.0738
vt -18.2881 13.5382
f 1003/4669/1471 1002/4670/1471 1001/4671/1471

vt -10.734 -19.3071
vn 0.176732 0.979181 0.0998496
vt -9.98774 -21.0725
v 82.9972 95.3457 -77.5663
vt -9.663 -21.0484
f 1002/4672/1472 1003/4673/1472 1004/4674/1472

v 85.937 94.619 -77.4457
vt -8.55463 -23.2865
vn 0.208458 0.971268 0.114821
vt -9.90952 -20.6182
vt -10.2345 -20.6387
f 1005/4675/1473 1004/4676/1473 1003/4677/1473

vt 9.37297 -14.7383
vn 0.143652 0.789715 0.596417
vt 12.1803 -15.7748
v 86.1352 95.0057 -77.8961
vt 12.4761 -15.2232
f 1004/4678/1474 1005/4679/1474 1006/4680/1474

v 90.5566 93.7085 -77.9776
vt 14.5005 -17.141
vn 0.210225 0.766758 0.606537
vt 10.3192 -15.363
vt 9.98625 -15.893
f 1007/4681/1475 1006/4682/1475 1005/4683/1475

vt -11.7715 -21.3267
vn 0.253715 0.962743 0.0935613
vt -10.1016 -25.5524
v 90.9195 93.6932 -78.7219
vt -9.2451 -25.602
f 1006/4684/1476 1007/4685/1476 1008/4686/1476

v 91.1706 93.5854 -78.7331
vt -8.63971 -24.5512
vn 0.360062 0.922361 0.140018
vt -8.74506 -24.3042
vt -9.60232 -24.2694
f 1009/4687/1477 1008/4688/1477 1007/4689/1477

vt -17.5124 -20.4888
vn 0.358697 0.93333 0.0151925
vt -17.4895 -20.7563
v 91.3314 93.532 -79.4301
vt -16.7522 -20.8887
f 1008/4690/1478 1009/4691/1478 1010/4692/1478

vt -15.7852 -20.2295
vn 0.453479 0.890504 0.0368637
vt -16.5269 -20.1245
v 91.6309 93.3242 -78.758
vt -16.4618 -20.6382
f 1010/4693/1479 1009/4694/1479 1011/4695/1479

v 91.2587 93.341 -77.9825
vt -9.29295 -23.3654
vn 0.452814 0.873898 0.176808
vt -8.40194 -23.3962
vt -8.59997 -22.9177
f 1012/4696/1480 1011/4697/1480 1009/4698/1480

vt -8.59945 -22.9181
vn 0.452799 0.873906 0.176811
v 90.8115 93.6005 -77.9807
vt -9.4632 -22.8904
vt -9.29243 -23.3658
f 1009/4699/1481 1013/4700/1481 1012/4701/1481

vt -9.84275 -24.3424
vn 0.351502 0.926652 0.133279
vt -9.7459 -24.5964
vt -8.88244 -24.632
f 1007/4702/1482 1013/4703/1482 1009/4704/1482

vt 1.19762 -24.6371
vn 0.338815 0.889409 0.30685
vt 1.02105 -24.4305
v 90.171 93.6376 -77.4359
vt 0.348362 -24.5661
f 1013/4705/1483 1007/4706/1483 1014/4707/1483

vt 0.449947 -23.9489
vn 0.195864 0.954846 0.223398
vt 3.66526 -26.7919
vt 4.32008 -26.5867
f 1005/4708/1484 1014/4709/1484 1007/4710/1484

vt 12.487 -21.7805
vn 0.179441 0.883546 0.432606
vt 8.59355 -19.9744
v 85.6707 94.4367 -77.0506
vt 8.19755 -20.3099
f 1014/4711/1485 1005/4712/1485 1015/4713/1485

vt 4.7913 -18.5979
vn 0.204827 0.872458 0.443693
vt 7.24908 -20.1964
vt 7.65568 -19.8738
f 1003/4714/1486 1015/4715/1486 1005/4716/1486

vt -23.5071 10.33
vn 0.275229 0.754677 -0.595577
vt -20.8404 11.5484
v 82.4736 95.8377 -76.9389
vt -20.6471 12.2195
f 1015/4717/1487 1003/4718/1487 1016/4719/1487

vt -17.6617 13.6779
vn 0.223053 0.742573 -0.631532
vt -19.3706 13.3544
vt -19.6064 12.6971
f 1001/4720/1488 1016/4721/1488 1003/4722/1488

vt -20.2644 13.5913
vn 0.206919 0.85002 -0.484407
vt -18.5728 13.9957
v 80.4886 96.3769 -76.932
vt -18.4409 14.4818
f 1016/4723/1489 1001/4724/1489 1017/4725/1489

vt -19.4158 11.4616
vn 0.295831 0.857983 -0.419939
vt -21.0228 11.1953
vt -21.0706 10.6938
f 999/4726/1490 1017/4727/1490 1001/4728/1490

vt -23.0471 -4.75189
vn 0.109005 0.993598 -0.0296707
vt -22.8497 -5.0517
vt -21.7717 -3.83062
f 998/4729/1491 1017/4730/1491 999/4731/1491

vt -22.3998 10.9226
vn 0.0513305 0.995758 -0.0763631
vt -20.7906 11.3934
vt -20.74 11.7488
f 997/4732/1492 1017/4733/1492 998/4734/1492

vt -17.4375 14.929
vn 0.195742 0.803478 -0.562234
vt -19.1125 14.8542
vt -19.3054 14.1358
f 1017/4735/1493 997/4736/1493 1016/4737/1493

vt -24.7957 9.20602
vn 0.312848 0.814775 -0.488128
vt -22.2317 10.5654
vt -22.1687 11.3066
f 996/4738/1494 1016/4739/1494 997/4740/1494

vt -22.6357 9.96809
vn 0.312958 0.838188 -0.446652
vt -25.1544 8.52635
vt -25.2174 7.71324
f 1016/4741/1495 996/4742/1495 1015/4743/1495

vt -26.1873 11.5137
vn 0.182384 0.824904 -0.535041
vt -22.1925 12.8322
vt -21.9527 13.6117
f 995/4744/1496 1015/4745/1496 996/4746/1496

vt -2.43379 -24.7737
vn 0.168808 0.972591 0.15991
vt 0.334442 -27.9414
vt 0.999471 -27.736
f 1015/4747/1497 995/4748/1497 1014/4749/1497

vt -2.59415 -25.8035
vn 0.318049 0.919256 0.231979
vt -2.74486 -25.5797
vt -3.42989 -25.7029
f 994/4750/1498 1014/4751/1498 995/4752/1498

vt 0.105978 -25.2475
vn 0.312959 0.907947 0.278727
vt 0.275823 -25.4571
vt 0.954691 -25.3247
f 1014/4753/1499 994/4754/1499 1013/4755/1499

vt -0.57814 -22.7012
vn 0.431592 0.833211 0.345671
vt -1.26228 -22.8029
v 90.8619 93.2754 -77.4168
vt -0.995831 -23.2215
f 1013/4756/1500 994/4757/1500 1018/4758/1500

vt -4.80386 -23.7118
vn 0.443132 0.849814 0.285394
vt -4.07807 -23.6236
vt -4.30768 -23.1837
f 993/4759/1501 1018/4760/1501 994/4761/1501

vt -0.99548 -23.2217
vn 0.431584 0.833214 0.345673
vt -0.290501 -23.1168
vt -0.577794 -22.7013
f 1018/4762/1502 1012/4763/1502 1013/4764/1502

vt -16.4615 -20.6385
vn 0.453469 0.890509 0.0368688
v 91.7972 93.2689 -79.4764
vt -15.6969 -20.7472
vt -15.7848 -20.2298
f 1011/4765/1503 1019/4766/1503 1010/4767/1503

v 91.1174 93.4816 -79.8114
vt -27.3515 -5.04782
vn 0.405414 0.865222 -0.295008
vt -27.7987 -4.95866
vt -28.0424 -5.42349
f 1020/4768/1504 1010/4769/1504 1019/4770/1504

v 91.0759 93.6398 -79.4109
vt -27.9393 -4.05306
vn 0.32278 0.910583 -0.25817
vt -28.0879 -4.28213
vt -27.6447 -4.3894
f 1021/4771/1505 1010/4772/1505 1020/4773/1505

vt -16.9488 -20.8171
vn 0.353471 0.935367 0.0121316
vt -16.9781 -20.5456
vt -17.7058 -20.4111
f 1010/4774/1506 1021/4775/1506 1008/4776/1506

v 86.3553 95.1096 -78.5564
vt -19.1547 -15.4563
vn 0.266871 0.963709 -0.00673815
vt -19.102 -20.1681
vt -18.3836 -20.3457
f 1022/4777/1507 1008/4778/1507 1021/4779/1507

vt -1.15662 -26.2314
vn 0.268331 0.943026 0.196725
vt -4.05886 -22.5192
vt -4.73795 -22.7913
f 1008/4780/1508 1022/4781/1508 1006/4782/1508

v 83.0793 95.5664 -77.9076
vt -2.22148 -22.3093
vn 0.157822 0.973049 0.168133
vt 0.0296575 -24.3983
vt 0.650605 -24.0115
f 1023/4783/1509 1006/4784/1509 1022/4785/1509

vt 11.4886 -18.0251
vn 0.137736 0.86843 0.476297
vt 8.5765 -17.0499
vt 8.404 -17.4338
f 1006/4786/1510 1023/4787/1510 1004/4788/1510

v 80.994 95.6021 -77.6928
vt 9.46432 -16.219
vn 0.0650644 0.881459 0.467757
vt 11.4125 -16.6851
vt 11.5396 -16.2839
f 1024/4789/1511 1004/4790/1511 1023/4791/1511

vt -18.2595 14.7906
vn 0.136079 0.825321 -0.548021
vt -16.2958 15.1859
vt -16.313 15.4153
f 1004/4792/1512 1024/4793/1512 1002/4794/1512

v 79.0384 96.5823 -77.7618
vt -19.7121 10.4605
vn 0.374009 0.786366 -0.491676
vt -21.4169 9.26792
vt -21.331 9.05454
f 1025/4795/1513 1002/4796/1513 1024/4797/1513

vt -19.9769 10.529
vn 0.355918 0.684373 -0.636362
vt -18.1642 11.5502
vt -18.2385 11.597
f 1002/4798/1514 1025/4799/1514 1000/4800/1514

vt -10.6858 18.2448
vn 0.0476159 0.871388 -0.488279
vt -11.998 18.1688
vt -11.9411 18.1019
f 298/4801/1515 1000/4802/1515 1025/4803/1515

vt 11.0206 2.85225
vn -0.0423331 0.0972402 0.99436
vt 9.70691 2.89295
vt 9.75775 2.53074
f 1000/4804/1516 298/4805/1516 300/4806/1516

vt 10.326 7.97876
vn -0.00729207 -0.203259 0.979098
vt 8.94789 8.24283
vt 9.06508 8.05627
f 1025/4807/1517 296/4808/1517 298/4809/1517

vt -7.51885 0.780002
vn -0.0671284 -0.215569 -0.974179
vt -8.89688 0.515361
v 78.9377 96.3743 -77.7185
vt -8.79451 0.316923
f 296/4810/1518 1025/4811/1518 1026/4812/1518

vt -11.0512 -0.517197
vn -0.0555096 -0.221683 -0.973538
vt -9.02011 0.220053
vt -9.12205 0.418715
f 1024/4813/1519 1026/4814/1519 1025/4815/1519

vt -18.7947 -9.44867
vn 0.317487 0.94802 0.0214494
vt -18.6762 -11.6062
v 81.0095 95.603 -77.9126
vt -18.4452 -11.6037
f 1026/4816/1520 1024/4817/1520 1027/4818/1520

vt -14.8917 -18.8489
vn 0.0157439 0.999868 0.00409216
vt -15.4301 -16.8709
vt -15.6561 -16.9184
f 1023/4819/1521 1027/4820/1521 1024/4821/1521

vt 10.9413 -18.6982
vn 0.0136969 0.976956 0.212999
vt 12.9861 -18.842
v 83.2537 95.7121 -78.45
vt 13.1928 -18.2689
f 1027/4822/1522 1023/4823/1522 1028/4824/1522

vt 4.45083 -22.7314
vn 0.173546 0.951852 0.252705
vt 1.81911 -21.0482
vt 1.36576 -21.4552
f 1022/4825/1523 1028/4826/1523 1023/4827/1523

vt -23.4174 -2.95824
vn 0.167601 0.982158 -0.0853022
vt -24.7797 -5.76957
v 86.4942 95.0177 -79.1611
vt -24.2856 -6.19807
f 1028/4828/1524 1022/4829/1524 1029/4830/1524

vt -23.0047 -15.5906
vn 0.255463 0.964591 -0.0655948
vt -22.0656 -10.9626
vt -22.6423 -10.6541
f 1021/4831/1525 1029/4832/1525 1022/4833/1525

vt -25.2586 1.34042
vn 0.240906 0.943809 -0.226247
vt -28.2803 -2.28875
v 90.8409 93.5948 -79.784
vt -27.8375 -2.40727
f 1029/4834/1526 1021/4835/1526 1030/4836/1526

vt -27.8017 -3.68569
vn 0.307282 0.915138 -0.260961
vt -27.6395 -3.4394
vt -28.0872 -3.34155
f 1020/4837/1527 1030/4838/1527 1021/4839/1527

vt -28.0036 1.76814
vn 0.285562 0.885967 -0.365401
vt -28.2074 1.555
v 90.6996 93.4435 -80.1751
vt -27.6466 1.48335
f 1030/4840/1528 1020/4841/1528 1031/4842/1528

vt -27.6585 0.997138
vn 0.363196 0.821564 -0.439455
vt -28.2207 1.05608
v 91.5704 93.2205 -79.8686
vt -28.5382 0.651841
f 1031/4843/1529 1020/4844/1529 1032/4845/1529

vt -28.0424 -5.42358
vn 0.405413 0.865224 -0.295005
vt -27.5783 -5.50917
vt -27.3515 -5.04792
f 1019/4846/1530 1032/4847/1530 1020/4848/1530

vt -28.5382 0.65166
vn 0.363193 0.821571 -0.439445
v 91.1378 93.1825 -80.243
vt -27.9575 0.592884
vt -27.6585 0.996961
f 1032/4849/1531 1033/4850/1531 1031/4851/1531

v 90.261 93.4219 -80.8206
vt -25.661 -6.04911
vn 0.415086 0.867072 -0.275479
vt -26.4666 -6.01061
vt -26.6583 -6.47529
f 1034/4852/1532 1031/4853/1532 1033/4854/1532

v 90.4228 93.5556 -80.1387
vt -26.4734 -6.06212
vn 0.305923 0.928444 -0.21072
vt -26.6044 -6.32725
vt -25.7996 -6.37841
f 1035/4855/1533 1031/4856/1533 1034/4857/1533

vt -27.6234 1.97807
vn 0.271046 0.891724 -0.362438
vt -27.4211 2.19373
vt -27.9751 2.26933
f 1031/4858/1534 1035/4859/1534 1030/4860/1534

v 86.4449 94.8208 -79.4433
vt -24.4456 5.99788
vn 0.207595 0.931286 -0.299352
vt -27.8997 3.09207
vt -27.3483 2.99896
f 1036/4861/1535 1030/4862/1535 1035/4863/1535

vt -26.2118 9.12751
vn 0.171025 0.849805 -0.49858
vt -22.1748 11.1468
vt -22.3126 11.4711
f 1030/4864/1536 1036/4865/1536 1029/4866/1536

v 83.4339 95.7379 -78.9268
vt -18.7774 13.7059
vn 0.139959 0.856276 -0.497195
vt -21.6465 12.4984
vt -21.5232 12.1683
f 1037/4867/1537 1029/4868/1537 1036/4869/1537

vt -7.14418 -22.625
vn 0.213141 0.970489 0.112788
vt -8.83674 -20.0125
vt -9.35907 -20.1061
f 1029/4870/1538 1037/4871/1538 1028/4872/1538

v 81.1863 95.7193 -78.3324
vt 9.97107 -20.1051
vn 0.00571251 0.99897 0.0450181
vt 12.0171 -20.2363
vt 12.2536 -19.7613
f 1038/4873/1539 1028/4874/1539 1037/4875/1539

vt 13.0479 -18.2826
vn 0.0159549 0.975086 0.221251
vt 10.9979 -18.2556
vt 10.7933 -18.6959
f 1028/4876/1540 1038/4877/1540 1027/4878/1540

v 78.9187 96.1738 -77.7477
vt -4.26859 -17.8978
vn 0.24952 0.921949 0.296225
vt -2.54475 -19.1729
vt -2.13465 -18.9131
f 1039/4879/1541 1027/4880/1541 1038/4881/1541

vt -11.4481 6.81389
vn -0.0367005 0.184505 -0.982146
vt -9.3734 7.35545
vt -9.39114 7.54566
f 1027/4882/1542 1039/4883/1542 1026/4884/1542

vt -7.40973 7.90928
vn -0.0674892 0.187402 -0.979962
vt -8.79524 7.64122
vt -8.77844 7.45093
f 294/4885/1543 1026/4886/1543 1039/4887/1543

vt -5.68183 -7.46939
vn -0.185601 -0.565682 -0.803465
vt -4.30508 -7.15944
vt -4.43373 -6.93647
f 1026/4888/1544 294/4889/1544 296/4890/1544

vt -5.46099 -2.43658
vn -0.221954 -0.330235 -0.917432
vt -4.07945 -2.21736
vt -4.09742 -1.96315
f 1039/4891/1545 292/4892/1545 294/4893/1545

vt -15.8536 -13.8049
vn 0.152889 0.986994 0.0496864
vt -15.1748 -15.028
v 79.1117 96.158 -78.0237
vt -14.8393 -15.1145
f 292/4894/1546 1039/4895/1546 1040/4896/1546

vt -12.7054 -17.4129
vn 0.19727 0.977268 0.0776659
vt -13.7931 -15.5953
vt -14.1332 -15.5298
f 1038/4897/1547 1040/4898/1547 1039/4899/1547

vt -2.07864 -17.9338
vn 0.225823 0.91956 0.321578
vt -0.191936 -18.8965
v 81.4189 95.8137 -78.6928
vt 0.208029 -18.6893
f 1040/4900/1548 1038/4901/1548 1041/4902/1548

vt 9.71675 -19.4962
vn 0.0623825 0.969154 0.23843
vt 7.72329 -19.2371
vt 7.40936 -19.5601
f 1037/4903/1549 1041/4904/1549 1038/4905/1549

vt -11.0459 17.0051
vn -0.0523739 0.776808 -0.627556
vt -13.0534 16.8997
v 83.5316 95.6004 -79.0699
vt -13.1616 16.7083
f 1041/4906/1550 1037/4907/1550 1042/4908/1550

vt -20.7051 12.8377
vn 0.11906 0.821308 -0.557922
vt -17.9519 14.0275
vt -17.8866 14.2374
f 1036/4909/1551 1042/4910/1551 1037/4911/1551

vt -17.3862 14.1386
vn 0.104743 0.788971 -0.605436
vt -20.1723 13.028
v 86.2674 94.6306 -79.6673
vt -19.9608 12.757
f 1042/4912/1552 1036/4913/1552 1043/4914/1552

vt -24.0066 11.1426
vn 0.107996 0.787515 -0.60676
vt -20.0275 12.6701
vt -20.2399 12.9404
f 1035/4915/1553 1043/4916/1553 1036/4917/1553

vt -24.5787 -1.82563
vn 0.204678 0.966644 -0.153966
vt -26.7616 -5.48638
v 90.0087 93.527 -80.7738
vt -25.9831 -5.58351
f 1043/4918/1554 1035/4919/1554 1044/4920/1554

vt -25.822 -6.31913
vn 0.303476 0.929335 -0.210331
vt -25.7135 -6.06888
vt -26.495 -6.001
f 1034/4921/1555 1044/4922/1555 1035/4923/1555

vt -23.1828 -11.7762
vn 0.323816 0.937738 -0.125656
vt -23.2325 -12.0444
v 89.9565 93.3938 -81.6957
vt -22.267 -12.1159
f 1044/4924/1556 1034/4925/1556 1045/4926/1556

vt -21.9661 -11.4631
vn 0.447281 0.879418 -0.162983
vt -22.9328 -11.4106
v 90.6907 93.1573 -80.9089
vt -22.9997 -11.9066
f 1045/4927/1557 1034/4928/1557 1046/4929/1557

vt -26.6584 -6.47482
vn 0.415096 0.867063 -0.275494
vt -25.8304 -6.51965
vt -25.6611 -6.04865
f 1033/4930/1558 1046/4931/1558 1034/4932/1558

vt -22.9994 -11.9072
vn 0.447265 0.879429 -0.162967
v 90.3778 93.1279 -81.8109
vt -22.0034 -11.9624
vt -21.9658 -11.4637
f 1046/4933/1559 1047/4934/1559 1045/4935/1559

v 89.9261 93.3445 -82.7497
vt -16.4001 -16.057
vn 0.480211 0.875879 -0.0472634
vt -17.5034 -15.9653
vt -17.4264 -16.4594
f 1048/4936/1560 1045/4937/1560 1047/4938/1560

v 89.7138 93.498 -81.6341
vt -18.1847 -16.62
vn 0.346951 0.93678 -0.0454714
vt -18.1537 -16.8852
vt -17.0537 -17.0108
f 1049/4939/1561 1045/4940/1561 1048/4941/1561

vt -22.2538 -12.1298
vn 0.324744 0.937416 -0.12567
vt -22.2224 -11.8646
vt -23.1699 -11.7909
f 1045/4942/1562 1049/4943/1562 1044/4944/1562

v 86.0238 94.5562 -80.0971
vt -22.7118 -7.56895
vn 0.208043 0.973924 -0.0904999
vt -23.7206 -11.5633
vt -22.7769 -11.6758
f 1050/4945/1563 1044/4946/1563 1049/4947/1563

vt -26.7287 0.812544
vn 0.179795 0.958067 -0.223117
vt -24.0113 3.90906
vt -24.4774 4.13309
f 1044/4948/1564 1050/4949/1564 1043/4950/1564

v 83.5207 95.4556 -79.1297
vt -22.848 5.56712
vn 0.204771 0.950245 -0.234741
vt -24.5936 3.27607
vt -24.1196 3.06929
f 1051/4951/1565 1043/4952/1565 1050/4953/1565

vt -16.09 10.378
vn -0.0647368 0.464503 -0.883202
vt -13.3387 11.2303
vt -13.3452 11.3798
f 1043/4954/1566 1051/4955/1566 1042/4956/1566

v 81.6009 95.7497 -78.7336
vt -9.93418 11.9646
vn -0.134212 0.466038 -0.874526
vt -11.8754 11.8101
vt -11.8736 11.6604
f 1052/4957/1567 1042/4958/1567 1051/4959/1567

vt -11.4859 7.56191
vn -0.167498 0.221694 -0.960623
vt -9.54382 7.70455
vt -9.35923 7.76563
f 1042/4960/1568 1052/4961/1568 1041/4962/1568

v 79.3523 96.2149 -78.322
vt -8.03982 10.0783
vn -0.124847 0.336104 -0.933514
vt -10.1174 9.68437
vt -10.3015 9.62155
f 1053/4963/1569 1041/4964/1569 1052/4965/1569

vt -0.265339 -19.0158
vn 0.219803 0.928578 0.299048
vt -2.16389 -18.0846
vt -2.53709 -18.2167
f 1041/4966/1570 1053/4967/1570 1040/4968/1570

vt -4.54426 -17.0605
vn 0.250615 0.914049 0.318916
vt -3.21996 -17.6302
vt -2.84313 -17.5088
f 290/4969/1571 1040/4970/1571 1053/4971/1571

vt -1.15583 -16.0596
vn 0.273128 0.861845 0.427345
vt -2.5227 -15.6013
vt -2.76055 -15.6488
f 1040/4972/1572 290/4973/1572 292/4974/1572

vt -0.472909 -13.1761
vn 0.335554 0.769815 0.542944
vt -1.91991 -12.7138
vt -2.2079 -12.8852
f 1053/4975/1573 287/4976/1573 290/4977/1573

vt -2.4913 -13.5926
vn 0.328183 0.801668 0.499624
vt -1.05394 -14.0841
vt -0.897744 -14.0571
f 287/4978/1574 1053/4979/1574 285/4980/1574

vt 2.1123 -17.191
vn 0.245224 0.875784 0.415774
vt 0.116569 -16.3228
vt -0.038478 -16.3557
f 1052/4981/1575 285/4982/1575 1053/4983/1575

vt -4.29447 -9.48682
vn -0.247935 -0.645206 -0.72266
vt -6.39566 -10.0541
vt -6.44785 -10.1551
f 285/4984/1576 1052/4985/1576 278/4986/1576

vt -8.20868 -10.4652
vn -0.251651 -0.646913 -0.719844
vt -6.32805 -10.2206
vt -6.2762 -10.1194
f 1051/4987/1577 278/4988/1577 1052/4989/1577

vt -22.231 -3.58886
vn 0.0900027 0.995184 -0.0388341
vt -22.5778 -5.45336
vt -22.3011 -5.42087
f 278/4990/1578 1051/4991/1578 277/4992/1578

vt -23.2791 -5.62502
vn 0.251728 0.958788 -0.131749
vt -22.6856 -2.82873
vt -22.964 -2.83996
f 1050/4993/1579 277/4994/1579 1051/4995/1579

vt -22.1741 -4.9691
vn 0.259978 0.959777 -0.106021
vt -22.5015 -7.80886
vt -21.8365 -7.90498
f 277/4996/1580 1050/4997/1580 276/4998/1580

vt -22.9131 -11.4301
vn 0.207033 0.973934 -0.0926866
vt -22.1425 -7.44278
vt -22.8039 -7.32418
f 1049/4999/1581 276/5000/1581 1050/5001/1581

vt -19.5544 -12.3131
vn 0.220125 0.974512 -0.0432492
vt -19.3895 -16.3709
vt -18.3179 -16.5636
f 276/5002/1582 1049/5003/1582 275/5004/1582

vt -17.0748 -17.0028
vn 0.345842 0.937179 -0.0456981
vt -17.1237 -16.7355
vt -18.2054 -16.6109
f 1048/5005/1583 275/5006/1583 1049/5007/1583

vt -16.5635 -17.1828
vn 0.34899 0.936428 -0.0361861
vt -16.5072 -17.4487
vt -15.3398 -17.499
f 275/5008/1584 1048/5009/1584 274/5010/1584

vt -15.089 -16.1877
vn 0.481267 0.875469 -0.0440035
vt -16.2569 -16.151
v 90.3462 93.0771 -82.897
vt -16.1432 -16.6469
f 274/5011/1585 1048/5012/1585 1054/5013/1585

vt -17.4267 -16.459
vn 0.480225 0.875871 -0.047271
vt -16.2897 -16.5533
vt -16.4003 -16.0566
f 1047/5014/1586 1054/5015/1586 1048/5016/1586

vt -16.1433 -16.6467
vn 0.481275 0.875464 -0.0440079
vt -14.939 -16.6874
vt -15.0892 -16.1875
f 1054/5017/1587 273/5018/1587 274/5019/1587

vt -20.8753 -3.41656
vn 0.107697 0.993821 -0.0268568
v 77.0908 96.6867 -77.8697
vt -20.905 -2.55296
vt -21.2011 -2.55477
f 286/5020/1588 1055/5021/1588 288/5022/1588

vt -9.16787 19.4769
vn 0.015255 0.952137 -0.30529
vt -9.97819 19.1768
v 77.8091 96.4983 -78.3089
vt -9.85678 18.956
f 1055/5023/1589 286/5024/1589 1056/5025/1589

vt -15.8821 15.06
vn 0.119245 0.929159 -0.349919
vt -14.3652 15.8094
vt -14.5367 15.994
f 284/5026/1590 1056/5027/1590 286/5028/1590

vt -10.8363 16.3297
vn 0.0695657 0.806591 -0.587002
vt -11.029 16.6302
vt -12.6519 16.1518
f 283/5029/1591 1056/5030/1591 284/5031/1591

vt -7.6156 18.4549
vn -0.0403478 0.840084 -0.540953
vt -7.46812 18.1298
v 76.6868 96.4952 -78.2328
vt -6.50181 18.45
f 1056/5032/1592 283/5033/1592 1057/5034/1592

vt -3.15745 13.1856
vn -0.210158 0.509183 -0.834605
vt -3.24238 13.4318
vt -4.23796 13.2194
f 282/5035/1593 1057/5036/1593 283/5037/1593

vt -6.4799 19.2901
vn -0.0332828 0.897767 -0.439212
v 76.9004 96.576 -78.1169
vt -6.6821 19.4469
vt -7.59369 19.2961
f 1057/5038/1594 1058/5039/1594 1056/5040/1594

vt -8.70853 19.4098
vn -0.00484875 0.943371 -0.331703
vt -7.80606 19.6081
vt -7.99105 19.8906
f 1056/5041/1595 1058/5042/1595 1055/5043/1595

vt -20.2469 -10.7602
vn 0.405905 0.891076 -0.20304
v 89.2005 93.1751 -86.0126
vt -19.1282 -10.641
vt -19.1717 -10.1182
f 272/5044/1596 1059/5045/1596 271/5046/1596

v 88.2489 93.4258 -86.359
vt -21.0174 -5.03214
vn 0.335377 0.891335 -0.305031
vt -21.8497 -5.00046
vt -21.9352 -5.51801
f 1060/5047/1597 271/5048/1597 1059/5049/1597

v 88.6054 93.5536 -85.6419
vt -21.8608 -4.96179
vn 0.273932 0.927727 -0.253541
vt -21.9066 -5.22241
vt -21.0746 -5.26065
f 1061/5050/1598 271/5051/1598 1060/5052/1598

vt -18.7104 -11.3639
vn 0.341699 0.926725 -0.156275
vt -18.7435 -11.1014
vt -19.8034 -11.2486
f 271/5053/1599 1061/5054/1599 269/5055/1599

v 85.667 94.7336 -83.0038
vt -19.3985 -8.96914
vn 0.249252 0.963541 -0.0972782
vt -19.0003 -13.0695
vt -17.9503 -12.8633
f 1062/5056/1600 269/5057/1600 1061/5058/1600

vt -3.3215 -20.5311
vn 0.373069 0.915824 0.148616
vt -6.39839 -17.7917
vt -6.98741 -18.3139
f 269/5059/1601 1062/5060/1601 267/5061/1601

v 82.9785 95.4423 -80.9766
vt -8.55119 -16.6113
vn 0.350539 0.923343 0.156717
vt -6.06401 -18.7859
vt -5.49578 -18.2412
f 1063/5062/1602 267/5063/1602 1062/5064/1602

vt -16.9575 -13.5243
vn 0.264126 0.963866 -0.0346243
vt -17.9508 -10.3735
vt -18.6132 -10.3904
f 267/5065/1603 1063/5066/1603 265/5067/1603

v 81.1176 95.6607 -79.4922
vt -18.7827 -10.2025
vn 0.0971137 0.995236 -0.00856821
vt -18.0641 -12.2311
vt -17.4032 -12.1849
f 1064/5068/1604 265/5069/1604 1063/5070/1604

vt -17.2861 14.0723
vn 0.0309424 0.989227 -0.143079
vt -15.5577 15.3546
vt -15.8753 15.7348
f 265/5071/1605 1064/5072/1605 262/5073/1605

vt -17.0266 14.4782
vn 0.0457958 0.987532 -0.150609
vt -16.6806 14.1236
vt -14.8647 15.0804
f 262/5074/1606 1064/5075/1606 260/5076/1606

v 78.9922 95.8571 -79.183
vt -8.35539 -18.3698
vn 0.0923323 0.993596 0.065128
vt -8.36776 -18.5041
vt -6.8395 -19.8742
f 1065/5077/1607 260/5078/1607 1064/5079/1607

vt 14.8782 -13.0736
vn -0.0705966 0.9703 0.231373
vt 14.758 -13.0124
vt 13.6022 -13.8266
f 260/5080/1608 1065/5081/1608 258/5082/1608

vt 5.05873 19.7123
vn -0.238302 0.933049 -0.269501
vt 3.76034 20.272
v 78.8823 95.7562 -79.3731
vt 3.71626 20.0295
vt 4.5771 19.8261
f 258/5083/1609 1065/5084/1609 1066/5085/1609 250/5086/1609 

v 80.7231 95.8077 -80.3106
vt -1.32895 20.4844
vn -0.191109 0.936106 -0.295267
vt 0.734521 20.3588
vt 0.745553 20.605
f 1067/5087/1610 1066/5088/1610 1065/5089/1610

vt 1.80181 -18.0959
vn 0.127917 0.955054 0.267413
vt 3.86382 -17.9482
v 80.5274 95.9469 -80.6213
vt 3.82146 -17.5487
f 1066/5090/1611 1067/5091/1611 1068/5092/1611

v 82.5649 95.8442 -81.8621
vt 0.910919 -18.1191
vn 0.197805 0.953493 0.227432
vt -1.46842 -17.8256
vt -1.52535 -18.2233
f 1069/5093/1612 1068/5094/1612 1067/5095/1612

vt -4.96654 20.0428
vn -0.0658838 0.98455 -0.162234
vt -7.31232 19.5482
v 82.1517 95.7495 -82.1672
vt -7.04524 19.0924
f 1068/5096/1613 1069/5097/1613 1070/5098/1613

v 84.7779 94.898 -83.87
vt -17.9488 10.584
vn 0.057276 0.951469 -0.302369
vt -15.7014 12.9271
vt -16.1609 13.1877
f 1071/5099/1614 1070/5100/1614 1069/5101/1614

vt -11.8771 16.0032
vn -0.0399075 0.907242 -0.418711
vt -14.6259 14.2754
v 84.3384 94.7211 -84.1353
vt -14.2176 13.9166
f 1070/5102/1615 1071/5103/1615 1072/5104/1615

v 87.6505 93.4889 -86.6749
vt -17.4842 11.6538
vn -0.0476212 0.911106 -0.409411
vt -13.9354 14.2034
vt -14.3374 14.5693
f 1073/5105/1616 1072/5106/1616 1071/5107/1616

vt -17.8683 -8.15679
vn 0.24006 0.966025 -0.0957432
vt -16.6887 -12.3643
v 87.5383 93.4583 -87.1769
vt -16.1594 -12.4688
f 1072/5108/1617 1073/5109/1617 1074/5110/1617

v 87.7441 93.352 -87.3434
vt -15.3236 -12.938
vn 0.331445 0.93669 -0.112944
vt -15.4188 -12.6686
vt -15.9527 -12.5911
f 1075/5111/1618 1074/5112/1618 1073/5113/1618

vt -18.1323 -9.36629
vn 0.283847 0.943837 -0.16912
vt -18.0933 -9.64928
v 87.5541 93.3371 -87.6956
vt -17.6795 -9.68888
f 1074/5114/1619 1075/5115/1619 1076/5116/1619

vt -17.3619 -9.27698
vn 0.399193 0.889294 -0.223163
vt -17.7767 -9.24814
v 88.0968 93.0856 -87.6301
vt -17.6957 -9.76469
f 1076/5117/1620 1075/5118/1620 1077/5119/1620

v 88.2106 93.1125 -87.102
vt -14.6905 -12.9869
vn 0.47344 0.871421 -0.128377
vt -14.1263 -13.0359
vt -14.3191 -12.5499
f 1078/5120/1621 1077/5121/1621 1075/5122/1621

vt -14.3193 -12.5498
vn 0.473442 0.871418 -0.128383
v 87.8541 93.3785 -86.8305
vt -14.8672 -12.5014
vt -14.6907 -12.9867
f 1075/5123/1622 1079/5124/1622 1078/5125/1622

vt -15.4161 -12.9408
vn 0.358376 0.927289 -0.108176
vt -15.3219 -13.203
vt -14.7755 -13.2659
f 1073/5126/1623 1079/5127/1623 1075/5128/1623

vt -20.9556 -3.67222
vn 0.233425 0.937057 -0.259688
vt -20.9074 -3.39782
v 88.0519 93.5356 -86.2194
vt -21.521 -3.28183
f 1079/5129/1624 1073/5130/1624 1080/5131/1624

vt -20.6323 1.53432
vn 0.180844 0.958573 -0.220075
vt -21.6859 -2.59098
vt -21.0775 -2.73229
f 1071/5132/1625 1080/5133/1625 1073/5134/1625

vt -21.8113 2.70036
vn 0.128737 0.950916 -0.281398
vt -19.8086 6.45764
v 85.288 94.9453 -83.5366
vt -20.4121 6.58814
f 1080/5135/1626 1071/5136/1626 1081/5137/1626

vt -18.4039 9.8062
vn 0.108721 0.960724 -0.25532
vt -20.2538 7.05061
vt -19.6537 6.90555
f 1069/5138/1627 1081/5139/1627 1071/5140/1627

vt -6.71334 -17.205
vn 0.362941 0.92254 0.131122
vt -9.31326 -15.1421
v 82.8232 95.6597 -81.4724
vt -9.60312 -15.5655
f 1081/5141/1628 1069/5142/1628 1082/5143/1628

vt -1.55645 -18.0964
vn 0.20512 0.950077 0.235115
vt 0.817669 -18.505
vt 0.879966 -17.9956
f 1067/5144/1629 1082/5145/1629 1069/5146/1629

vt 1.02869 -18.2713
vn 0.214614 0.943862 0.251128
vt -1.34917 -17.8851
v 80.8924 95.6388 -79.9369
vt -1.46451 -18.3256
f 1082/5147/1630 1067/5148/1630 1083/5149/1630

vt -3.05414 -17.7927
vn 0.208918 0.944461 0.253665
vt -1.08813 -18.3646
vt -0.980172 -17.9222
f 1065/5150/1631 1083/5151/1631 1067/5152/1631

vt -21.1095 4.87244
vn 0.0709072 0.994943 -0.0711397
vt -20.6262 4.68467
vt -19.7957 6.55616
f 1064/5153/1632 1083/5154/1632 1065/5155/1632

vt -21.0532 4.5886
vn 0.049854 0.996853 -0.0616383
vt -20.0708 6.71048
vt -20.5322 6.9469
f 1063/5156/1633 1083/5157/1633 1064/5158/1633

vt -1.48659 -18.1238
vn 0.225215 0.938151 0.262965
vt 0.799805 -18.6136
vt 1.00667 -18.0718
f 1083/5159/1634 1063/5160/1634 1082/5161/1634

vt -4.01369 -17.8191
vn 0.385191 0.899937 0.204309
vt -6.78765 -15.9428
vt -7.1649 -16.3832
f 1062/5162/1635 1082/5163/1635 1063/5164/1635

vt -11.1987 -15.2816
vn 0.327282 0.940813 0.0880766
vt -8.88487 -17.7026
vt -8.45091 -17.1493
f 1082/5165/1636 1062/5166/1636 1081/5167/1636

vt -8.54465 -18.575
vn 0.381234 0.923222 0.0481954
vt -11.1679 -15.3487
vt -11.6717 -15.8394
f 1061/5168/1637 1081/5169/1637 1062/5170/1637

vt -21.1795 -0.765153
vn 0.213072 0.955121 -0.205777
vt -21.987 -4.84415
vt -21.1695 -4.89706
f 1081/5171/1638 1061/5172/1638 1080/5173/1638

vt -21.1285 -5.12991
vn 0.266055 0.93085 -0.250465
vt -21.0943 -4.86799
vt -21.9124 -4.82489
f 1060/5174/1639 1080/5175/1639 1061/5176/1639

vt -21.3646 -3.89276
vn 0.254607 0.930174 -0.264482
vt -21.4106 -4.15285
vt -20.7871 -4.26513
f 1080/5177/1640 1060/5178/1640 1079/5179/1640

vt -20.5771 -4.56703
vn 0.326918 0.890857 -0.315435
vt -21.204 -4.47556
v 88.6216 93.1584 -86.619
vt -21.2773 -4.99207
f 1079/5180/1641 1060/5181/1641 1084/5182/1641

vt -21.935 -5.51861
vn 0.33537 0.891345 -0.305009
vt -21.077 -5.55096
vt -21.0172 -5.03271
f 1059/5183/1642 1084/5184/1642 1060/5185/1642

vt -21.2773 -4.99192
vn 0.326919 0.890854 -0.31544
vt -20.6305 -5.08054
vt -20.5772 -4.56688
f 1084/5186/1643 1078/5187/1643 1079/5188/1643

vt -17.696 -9.76414
vn 0.399193 0.88929 -0.223179
v 87.8985 93.0721 -87.991
vt -17.2693 -9.79036
vt -17.3623 -9.27644
f 1077/5189/1644 1085/5190/1644 1076/5191/1644

v 86.9182 93.3254 -87.682
vt -17.6261 8.50657
vn -0.024283 0.79998 -0.599535
vt -18.2557 8.52354
vt -18.6083 8.13827
f 1086/5192/1645 1076/5193/1645 1085/5194/1645

v 87.3403 93.4428 -87.5145
vt -17.9285 9.74561
vn -0.0229445 0.896318 -0.442817
vt -18.1492 9.5417
vt -17.5198 9.51917
f 1087/5195/1646 1076/5196/1646 1086/5197/1646

vt -18.1689 -9.00819
vn 0.259333 0.950544 -0.170915
vt -18.2036 -8.70976
vt -18.6071 -8.66605
f 1076/5198/1647 1087/5199/1647 1074/5200/1647

v 84.1698 94.5427 -84.4645
vt -19.2882 -3.68033
vn 0.169679 0.97757 -0.124765
vt -19.0928 -8.1655
vt -18.692 -8.22952
f 1088/5201/1648 1074/5202/1648 1087/5203/1648

vt -16.7497 12.194
vn -0.0652144 0.927152 -0.368967
vt -12.9946 14.6545
vt -13.1024 15.0595
f 1074/5204/1649 1088/5205/1649 1072/5206/1649

v 81.7897 95.5483 -82.4234
vt -12.0979 15.4199
vn -0.0222121 0.922006 -0.386538
vt -14.7145 13.6029
vt -14.5665 13.2109
f 1089/5207/1650 1072/5208/1650 1088/5209/1650

vt -13.084 14.6277
vn -0.0803155 0.888875 -0.451056
vt -10.2998 16.1756
vt -10.6085 16.5522
f 1072/5210/1651 1089/5211/1651 1070/5212/1651

v 80.2235 95.8357 -80.877
vt -1.41766 19.6347
vn -0.202575 0.925418 -0.320257
vt -3.74558 19.4392
vt -3.57596 18.9827
f 1090/5213/1652 1070/5214/1652 1089/5215/1652

vt -4.71954 19.7347
vn -0.117869 0.970683 -0.209481
vt -2.40338 20.0393
vt -2.54302 20.4326
f 1070/5216/1653 1090/5217/1653 1068/5218/1653

v 78.7561 95.656 -79.4805
vt 11.3216 17.2748
vn -0.217644 0.970484 -0.103883
vt 9.46603 18.3322
vt 9.36265 17.9278
f 1091/5219/1654 1068/5220/1654 1090/5221/1654

vt 4.34141 19.2098
vn -0.344752 0.890548 -0.296768
vt 6.40227 18.6494
vt 6.40137 18.8424
f 1068/5222/1655 1091/5223/1655 1066/5224/1655

vt 7.50081 18.4116
vn -0.341168 0.890647 -0.300586
vt 6.17646 18.9054
vt 6.1793 18.7124
f 256/5225/1656 1066/5226/1656 1091/5227/1656

vt -1.17177 -1.90854
vn -0.439613 -0.295793 -0.848085
vt 0.219521 -2.15759
vt 0.201694 -2.03679
vt -0.291054 -1.99077
f 1066/5228/1657 256/5229/1657 258/5230/1657 250/5231/1657 

vt -1.83524 -16.1106
vn -0.186304 -0.899718 -0.394713
vt -0.478214 -16.5046
vt -0.515344 -16.4185
f 1091/5232/1658 254/5233/1658 256/5234/1658

vt -6.92539 15.3024
vn 0.529911 -0.685682 0.499035
vt -5.53411 15.5495
v 78.6073 95.676 -79.318
vt -5.7583 15.5743
f 254/5235/1659 1091/5236/1659 1092/5237/1659

vt -4.20076 11.0072
vn 0.685306 -0.414352 0.598889
vt -6.48229 10.8453
vt -6.25765 10.825
f 1090/5238/1660 1092/5239/1660 1091/5240/1660

vt 8.51523 18.2876
vn -0.336755 0.911454 -0.236321
vt 6.25345 18.6281
v 79.9713 95.6571 -81.1021
vt 6.21308 18.2474
f 1092/5241/1661 1090/5242/1661 1093/5243/1661

vt -3.07467 18.8636
vn -0.229827 0.910905 -0.342682
vt -0.817147 19.0913
vt -0.901673 19.4647
f 1089/5244/1662 1093/5245/1662 1090/5246/1662

vt -0.945271 19.2297
vn -0.214427 0.921284 -0.324432
vt -3.20141 18.9887
v 81.6842 95.4127 -82.6662
vt -3.24758 18.6886
f 1093/5247/1663 1089/5248/1663 1094/5249/1663

vt -14.2855 13.4458
vn -0.031402 0.918301 -0.394635
vt -11.691 15.3167
vt -11.776 15.6081
f 1088/5250/1664 1094/5251/1664 1089/5252/1664

vt -10.6294 15.7987
vn -0.0652833 0.900642 -0.42963
vt -13.3315 14.0869
v 83.956 94.3986 -84.6747
vt -13.1534 13.8034
f 1094/5253/1665 1088/5254/1665 1095/5255/1665

vt -14.7538 13.6794
vn -0.12708 0.915518 -0.381677
vt -10.6696 15.7099
vt -10.8053 16.016
f 1087/5256/1666 1095/5257/1666 1088/5258/1666

vt -14.1582 13.4718
vn -0.020828 0.959601 -0.280593
vt -17.7081 10.6078
v 86.6865 93.4399 -87.4761
vt -17.0597 10.5991
f 1095/5259/1667 1087/5260/1667 1096/5261/1667

vt -17.355 9.81559
vn -0.0297131 0.901929 -0.43086
vt -17.1121 10.042
vt -17.7605 10.0478
f 1086/5262/1668 1096/5263/1668 1087/5264/1668

vt -16.9382 10.2539
vn -0.0377421 0.898483 -0.437383
vt -17.1843 10.031
v 85.9865 93.333 -87.5936
vt -16.2576 10.0457
f 1096/5265/1669 1086/5266/1669 1097/5267/1669

vt -16.2002 8.99268
vn -0.0569996 0.782972 -0.61944
vt -17.127 8.98205
v 87.2356 93.0665 -87.9699
vt -17.4661 8.61772
f 1097/5268/1670 1086/5269/1670 1098/5270/1670

vt -18.6084 8.13822
vn -0.0242753 0.799991 -0.599521
vt -17.9518 8.13003
vt -17.6263 8.50652
f 1085/5271/1671 1098/5272/1671 1086/5273/1671

vt -17.4662 8.61773
vn -0.0569927 0.782984 -0.619426
v 86.2788 93.0722 -87.8812
vt -16.5146 8.62573
vt -16.2003 8.99269
f 1098/5274/1672 1099/5275/1672 1097/5276/1672

vt -17.4007 5.85745
vn 0.100926 0.84659 -0.52259
vt -18.4604 5.81826
vt -18.6913 5.39381
f 243/5277/1673 1097/5278/1673 1099/5279/1673

vt -18.4184 6.09886
vn 0.0750373 0.933745 -0.349986
vt -18.575 5.838
vt -17.5161 5.89524
f 244/5280/1674 1097/5281/1674 243/5282/1674

vt -16.2638 10.0338
vn -0.0375373 0.898106 -0.438175
vt -16.047 10.2472
vt -16.9445 10.2417
f 1097/5283/1675 244/5284/1675 1096/5285/1675

vt -13.5011 13.6282
vn -0.020885 0.965884 -0.258133
vt -16.9926 10.7449
vt -16.0952 10.7541
f 245/5286/1676 1096/5287/1676 244/5288/1676

vt -12.908 14.3536
vn -0.170229 0.902896 -0.394717
vt -8.74107 16.1258
vt -9.30222 16.2691
f 1096/5289/1677 245/5290/1677 1095/5291/1677

vt -7.58306 15.8876
vn -0.186569 0.820598 -0.540196
vt -10.4963 14.4607
vt -9.92755 14.3514
f 246/5292/1678 1095/5293/1678 245/5294/1678

vt -13.5829 13.5228
vn -0.0496952 0.907663 -0.416747
vt -10.956 15.4261
vt -11.1133 15.585
f 1095/5295/1679 246/5296/1679 1094/5297/1679

vt -2.46644 19.1707
vn -0.160437 0.943849 -0.288806
vt -4.65528 18.7007
vt -4.55962 18.4985
f 247/5298/1680 1094/5299/1680 246/5300/1680

vt -6.56986 18.4318
vn -0.0872904 0.974443 -0.206981
vt -4.43813 19.1156
vt -4.39094 19.3514
f 1094/5301/1681 247/5302/1681 1093/5303/1681

vt 7.27197 19.3449
vn -0.220159 0.958591 -0.180648
vt 4.78981 19.1498
vt 4.64356 18.959
f 248/5304/1682 1093/5305/1682 247/5306/1682

vt -6.64963 -10.6818
vn 0.554748 0.745068 0.370308
vt -9.13795 -10.5956
vt -8.95199 -10.6564
f 1093/5307/1683 248/5308/1683 1092/5309/1683

vt -6.49415 0.129773
vn 0.698403 0.183054 0.691899
vt -5.26262 0.286278
vt -5.45351 0.329157
f 251/5310/1684 1092/5311/1684 248/5312/1684

vt -12.0573 16.7405
vn 0.295792 -0.946307 0.130424
vt -13.2147 16.2914
vt -13.0952 16.1415
f 1092/5313/1685 251/5314/1685 254/5315/1685

vt -18.6912 5.39398
vn 0.100922 0.846577 -0.522611
vt -17.6037 5.42643
vt -17.4006 5.85761
f 1099/5316/1686 242/5317/1686 243/5318/1686

g Mesh5 Group9 Group8 Group7 Group4 Group1 Ombrellone_Lateral_New_Sobrano_quadrado_3_5x3_5_1 Model

usemtl M08_Obsidian_Black
v 76.3053 82.7118 -80.8486
vt 0.397094 1.77788
v 75.782 82.7118 -80.7654
vt 0.442315 1.42191
v 75.2992 82.7118 -80.5629
vt 0.578127 1.08977
v 74.8897 82.7118 -80.255
vt 0.795275 0.804101
v 74.5816 82.7118 -79.8626
vt 1.07896 0.584368
v 74.3957 82.7118 -79.4125
vt 1.40985 0.445545
v 74.3449 82.7118 -78.9354
vt 1.76539 0.397094
v 74.4324 82.7118 -78.4638
vt 2.12136 0.442315
v 74.6524 82.7118 -78.0298
vt 2.4535 0.578127
v 74.9898 82.7118 -77.663
vt 2.73917 0.795275
v 75.4218 82.7118 -77.3883
vt 2.9589 1.07896
v 75.9188 82.7118 -77.2246
vt 3.09773 1.40985
v 76.4469 82.7118 -77.1829
vt 3.14618 1.76539
v 76.9702 82.7118 -77.2662
vt 3.10096 2.12136
v 77.453 82.7118 -77.4687
vt 2.96514 2.4535
v 77.8625 82.7118 -77.7766
vt 2.748 2.73917
v 78.1706 82.7118 -78.1689
vt 2.46431 2.9589
v 78.3565 82.7118 -78.619
vt 2.13342 3.09773
v 78.4074 82.7118 -79.0961
vt 1.77788 3.14618
v 78.3198 82.7118 -79.5678
vt 1.42191 3.10096
v 78.0998 82.7118 -80.0018
vt 1.08977 2.96514
v 77.7624 82.7118 -80.3686
vt 0.804101 2.748
v 77.3304 82.7118 -80.6432
vt 0.584368 2.46431
v 76.8335 82.7118 -80.807
vt 0.445545 2.13342
f 1100/5319/154 1101/5320/154 1102/5321/154 1103/5322/154 1104/5323/154 1105/5324/154 1106/5325/154 1107/5326/154 1108/5327/154 1109/5328/154 1110/5329/154 1111/5330/154 1112/5331/154 1113/5332/154 1114/5333/154 1115/5334/154 1116/5335/154 1117/5336/154 1118/5337/154 1119/5338/154 1120/5339/154 1121/5340/154 1122/5341/154 1123/5342/154 

vt -1.35483 0.798106
vn -0.0808532 0.967868 -0.238106
vt -1.71366 0.798106
vn -0.00963779 0.968314 -0.249551
v 76.3 82.6756 -80.9857
vt -1.72707 0.692736
vn -0.0173497 0.893246 -0.449234
v 75.7376 82.6756 -80.8962
vt -1.34141 0.692736
vn -0.1454 0.891915 -0.42819
f 1101/5343/1687 1100/5344/1688 1124/5345/1689 1125/5346/1690 

vt -1.81521 0.348835
vt -2.17404 0.348835
vn 0.062241 0.967837 -0.243759
v 76.8677 82.6756 -80.9409
vt -2.18746 0.243464
vn 0.111921 0.891822 -0.438324
vt -1.8018 0.243464
f 1100/5347/1688 1123/5348/1691 1126/5349/1692 1124/5350/1689 

vt -2.13967 -0.200357
vt -2.4985 -0.200357
vn 0.129703 0.966568 -0.221188
v 77.4018 82.6756 -80.7649
vt -2.51191 -0.305728
vn 0.232551 0.888057 -0.396578
vt -2.12625 -0.305728
f 1123/5351/1691 1122/5352/1693 1127/5353/1694 1126/5354/1692 

vt -2.30608 -0.812043
vt -2.66491 -0.812043
vn 0.188074 0.964854 -0.183537
v 77.866 82.6756 -80.4698
vt -2.67833 -0.917414
vn 0.335891 0.883025 -0.327788
vt -2.29266 -0.917414
f 1122/5355/1693 1121/5356/1695 1128/5357/1696 1127/5358/1694 

vt -2.30311 -1.44454
vt -2.66194 -1.44454
vn 0.233446 0.963157 -0.133535
v 78.2287 82.6756 -80.0755
vt -2.67536 -1.54991
vn 0.415329 0.8781 -0.237575
vt -2.2897 -1.54991
f 1121/5359/1695 1120/5360/1697 1129/5361/1698 1128/5362/1696 

vt -2.13096 -2.05474
vt -2.48979 -2.05474
vn 0.262905 0.961929 -0.0746605
v 78.4652 82.6756 -79.609
vt -2.50321 -2.16011
vn 0.466454 0.874571 -0.132465
vt -2.11755 -2.16011
f 1120/5363/1697 1119/5364/1699 1130/5365/1700 1129/5366/1698 

vt -1.80136 -2.60106
vt -2.16019 -2.60106
vn 0.274619 0.961492 -0.0108632
v 78.5593 82.6756 -79.1021
vt -2.17361 -2.70643
vn 0.486764 0.873321 -0.0192551
vt -1.78795 -2.70643
f 1119/5367/1699 1118/5368/1701 1131/5369/1702 1130/5370/1700 

vt -1.33678 -3.04627
vt -1.69561 -3.04627
vn 0.267869 0.961959 0.0536665
v 78.5046 82.6756 -78.5894
vt -1.70902 -3.15164
vn 0.475295 0.874659 0.0952233
vt -1.32336 -3.15164
f 1118/5371/1701 1117/5372/1703 1132/5373/1704 1131/5374/1702 

vt -0.768867 -3.36003
vt -1.1277 -3.36003
vn 0.243046 0.96321 0.114693
v 78.3048 82.6756 -78.1056
vt -1.14111 -3.4654
vn 0.43246 0.878254 0.204077
vt -0.755452 -3.4654
f 1117/5375/1703 1116/5376/1705 1133/5377/1706 1132/5378/1704 

vt -0.136333 -3.52096
vt -0.495164 -3.52096
vn 0.201668 0.964916 0.168131
v 77.9736 82.6756 -77.6839
vt -0.508579 -3.62633
vn 0.36022 0.883206 0.300316
vt -0.122918 -3.62633
f 1116/5379/1705 1115/5380/1707 1134/5381/1708 1133/5382/1706 

vt 0.517719 -3.51808
vt 0.158888 -3.51808
vn 0.146374 0.966622 0.210279
v 77.5336 82.6756 -77.353
vt 0.145473 -3.62346
vn 0.262474 0.888217 0.377066
vt 0.531134 -3.62346
f 1115/5383/1707 1114/5384/1709 1135/5385/1710 1134/5386/1708 

vt 1.14872 -3.35161
vt 0.789886 -3.35161
vn 0.0808532 0.967868 0.238106
v 77.0146 82.6756 -77.1354
vt 0.776471 -3.45698
vn 0.1454 0.891915 0.42819
vt 1.16213 -3.45698
f 1114/5387/1709 1113/5388/1711 1136/5389/1712 1135/5390/1710 

vt 1.71366 -3.03288
vt 1.35483 -3.03288
vn 0.00963779 0.968314 0.249551
v 76.4522 82.6756 -77.0459
vt 1.34141 -3.13825
vn 0.0173497 0.893246 0.449234
vt 1.72707 -3.13825
f 1113/5391/1711 1112/5392/1713 1137/5393/1714 1136/5394/1712 

vt 2.17404 -2.5836
vt 1.81521 -2.5836
vn -0.062241 0.967837 0.243759
v 75.8846 82.6756 -77.0907
vt 1.8018 -2.68897
vn -0.111921 0.891822 0.438324
vt 2.18746 -2.68897
f 1112/5395/1713 1111/5396/1715 1138/5397/1716 1137/5398/1714 

vt 2.4985 -2.03441
vt 2.13967 -2.03441
vn -0.129703 0.966568 0.221188
v 75.3504 82.6756 -77.2666
vt 2.12625 -2.13978
vn -0.232551 0.888057 0.396578
vt 2.51191 -2.13978
f 1111/5399/1715 1110/5400/1717 1139/5401/1718 1138/5402/1716 

vt 2.66491 -1.42273
vt 2.30608 -1.42273
vn -0.188074 0.964854 0.183537
v 74.8862 82.6756 -77.5618
vt 2.29266 -1.5281
vn -0.335891 0.883025 0.327788
vt 2.67833 -1.5281
f 1110/5403/1717 1109/5404/1719 1140/5405/1720 1139/5406/1718 

vt 2.66194 -0.790231
vt 2.30311 -0.790231
vn -0.233446 0.963157 0.133535
v 74.5235 82.6756 -77.9561
vt 2.2897 -0.895601
vn -0.415329 0.8781 0.237575
vt 2.67536 -0.895601
f 1109/5407/1719 1108/5408/1721 1141/5409/1722 1140/5410/1720 

vt 2.48979 -0.180032
vt 2.13096 -0.180032
vn -0.262905 0.961929 0.0746605
v 74.2871 82.6756 -78.4225
vt 2.11755 -0.285402
vn -0.466454 0.874571 0.132465
vt 2.50321 -0.285402
f 1108/5411/1721 1107/5412/1723 1142/5413/1724 1141/5414/1722 

vt 2.16019 0.366289
vt 1.80136 0.366289
vn -0.274619 0.961492 0.0108632
v 74.193 82.6756 -78.9294
vt 1.78795 0.260919
vn -0.486764 0.873321 0.0192551
vt 2.17361 0.260919
f 1107/5415/1723 1106/5416/1725 1143/5417/1726 1142/5418/1724 

vt 1.69561 0.811499
vt 1.33678 0.811499
vn -0.267869 0.961959 -0.0536665
v 74.2477 82.6756 -79.4422
vt 1.32336 0.706129
vn -0.475295 0.874659 -0.0952233
vt 1.70902 0.706129
f 1106/5419/1725 1105/5420/1727 1144/5421/1728 1143/5422/1726 

vt 1.1277 1.12526
vt 0.768867 1.12526
vn -0.243046 0.96321 -0.114693
v 74.4474 82.6756 -79.9259
vt 0.755452 1.01989
vn -0.43246 0.878254 -0.204077
vt 1.14111 1.01989
f 1105/5423/1727 1104/5424/1729 1145/5425/1730 1144/5426/1728 

vt 0.495164 1.28619
vt 0.136333 1.28619
vn -0.201668 0.964916 -0.168131
v 74.7786 82.6756 -80.3476
vt 0.122918 1.18082
vn -0.36022 0.883206 -0.300316
vt 0.508579 1.18082
f 1104/5427/1729 1103/5428/1731 1146/5429/1732 1145/5430/1730 

vt -0.158888 1.28332
vt -0.517719 1.28332
vn -0.146374 0.966622 -0.210279
v 75.2187 82.6756 -80.6786
vt -0.531134 1.17795
vn -0.262474 0.888217 -0.377066
vt -0.145473 1.17795
f 1103/5431/1731 1102/5432/1733 1147/5433/1734 1146/5434/1732 

vt -0.789886 1.11684
vt -1.14872 1.11684
vt -1.16213 1.01147
vt -0.776471 1.01147
f 1102/5435/1733 1101/5436/1687 1125/5437/1690 1147/5438/1734 

vt -0.776471 1.13645
vt -1.16213 1.13645
v 75.6962 82.5694 -81.0181
vt -1.17463 1.01314
vn -0.238551 0.670499 -0.702513
v 75.1436 82.5694 -80.7864
vt -0.76397 1.01314
vn -0.427646 0.663094 -0.61435
f 1147/5439/1734 1125/5440/1690 1148/5441/1735 1149/5442/1736 

vt -1.34141 0.882633
vt -1.72707 0.882633
v 76.2951 82.5694 -81.1134
vt -1.73957 0.759329
vn -0.028537 0.673203 -0.738907
vt -1.32891 0.759329
f 1125/5443/1690 1124/5444/1689 1150/5445/1737 1148/5446/1735 

vt -1.8018 0.524867
vt -2.18746 0.524867
v 76.8995 82.5694 -81.0657
vt -2.19996 0.401564
vn 0.183591 0.670311 -0.719012
vt -1.7893 0.401564
f 1124/5447/1689 1126/5448/1692 1151/5449/1738 1150/5450/1737 

vt -2.12625 0.0875329
vt -2.51191 0.0875329
v 77.4683 82.5694 -80.8783
vt -2.52441 -0.0357707
vn 0.37878 0.662778 -0.645949
vt -2.11375 -0.0357707
f 1126/5451/1692 1127/5452/1694 1152/5453/1739 1151/5454/1738 

vt -2.29266 -0.399567
vt -2.67833 -0.399567
v 77.9626 82.5694 -80.564
vt -2.69083 -0.522871
vn 0.542061 0.652951 -0.528985
vt -2.28016 -0.522871
f 1127/5455/1694 1128/5456/1696 1153/5457/1740 1152/5458/1739 

vt -2.2897 -0.903237
vt -2.67536 -0.903237
v 78.3488 82.5694 -80.1442
vt -2.68786 -1.02654
vn 0.664357 0.643593 -0.380024
vt -2.27719 -1.02654
f 1128/5459/1696 1129/5460/1698 1154/5461/1741 1153/5462/1740 

vt -2.11755 -1.38915
vt -2.50321 -1.38915
v 78.6006 82.5694 -79.6475
vt -2.51571 -1.51246
vn 0.741515 0.637035 -0.210578
vt -2.10504 -1.51246
f 1129/5463/1698 1130/5464/1700 1155/5465/1742 1154/5466/1741 

vt -1.78795 -1.8242
vt -2.17361 -1.8242
v 78.7008 82.5694 -79.1077
vt -2.18611 -1.9475
vn 0.77212 0.634743 -0.030543
vt -1.77545 -1.9475
f 1130/5467/1700 1131/5468/1702 1156/5469/1743 1155/5470/1742 

vt -1.32336 -2.17873
vt -1.70902 -2.17873
v 78.6425 82.5694 -78.5617
vt -1.72153 -2.30204
vn 0.755685 0.637197 0.151398
vt -1.31086 -2.30204
f 1131/5471/1702 1132/5472/1704 1157/5473/1744 1156/5474/1743 

vt -0.755452 -2.42859
vt -1.14111 -2.42859
v 78.4298 82.5694 -78.0466
vt -1.15361 -2.55189
vn 0.69195 0.643882 0.32653
vt -0.742952 -2.55189
f 1132/5475/1704 1133/5476/1706 1158/5477/1745 1157/5478/1744 

vt -0.122918 -2.55674
vt -0.508579 -2.55674
v 78.0772 82.5694 -77.5976
vt -0.52108 -2.68004
vn 0.581515 0.653299 0.48481
vt -0.110417 -2.68004
f 1133/5479/1706 1134/5480/1708 1159/5481/1746 1158/5482/1745 

vt 0.531134 -2.55445
vt 0.145473 -2.55445
v 77.6086 82.5694 -77.2452
vt 0.132973 -2.67775
vn 0.427646 0.663094 0.61435
vt 0.543635 -2.67775
f 1134/5483/1708 1135/5484/1710 1160/5485/1747 1159/5486/1746 

vt 1.16213 -2.42188
vt 0.776471 -2.42188
v 77.056 82.5694 -77.0135
vt 0.76397 -2.54519
vn 0.238551 0.670499 0.702513
vt 1.17463 -2.54519
f 1135/5487/1710 1136/5488/1712 1161/5489/1748 1160/5490/1747 

vt 1.72707 -2.16807
vt 1.34141 -2.16807
v 76.4571 82.5694 -76.9182
vt 1.32891 -2.29137
vn 0.028537 0.673203 0.738907
vt 1.73957 -2.29137
f 1136/5491/1712 1137/5492/1714 1162/5493/1749 1161/5494/1748 

vt 2.18746 -1.8103
vt 1.8018 -1.8103
v 75.8527 82.5694 -76.9659
vt 1.7893 -1.93361
vn -0.183591 0.670311 0.719012
vt 2.19996 -1.93361
f 1137/5495/1714 1138/5496/1716 1163/5497/1750 1162/5498/1749 

vt 2.51191 -1.37297
vt 2.12625 -1.37297
v 75.2839 82.5694 -77.1532
vt 2.11375 -1.49627
vn -0.37878 0.662778 0.645949
vt 2.52441 -1.49627
f 1138/5499/1716 1139/5500/1718 1164/5501/1751 1163/5502/1750 

vt 2.67833 -0.885868
vt 2.29266 -0.885868
v 74.7896 82.5694 -77.4675
vt 2.28016 -1.00917
vn -0.542061 0.652951 0.528985
vt 2.69083 -1.00917
f 1139/5503/1718 1140/5504/1720 1165/5505/1752 1164/5506/1751 

vt 2.67536 -0.382197
vt 2.2897 -0.382197
v 74.4034 82.5694 -77.8874
vt 2.27719 -0.505501
vn -0.664357 0.643593 0.380024
vt 2.68786 -0.505501
f 1140/5507/1720 1141/5508/1722 1166/5509/1753 1165/5510/1752 

vt 2.50321 0.103719
vt 2.11755 0.103719
v 74.1516 82.5694 -78.3841
vt 2.10504 -0.0195849
vn -0.741515 0.637035 0.210578
vt 2.51571 -0.0195849
f 1141/5511/1722 1142/5512/1724 1167/5513/1754 1166/5514/1753 

vt 2.17361 0.538766
vt 1.78795 0.538766
v 74.0514 82.5694 -78.9238
vt 1.77545 0.415463
vn -0.77212 0.634743 0.030543
vt 2.18611 0.415463
f 1142/5515/1724 1143/5516/1726 1168/5517/1755 1167/5518/1754 

vt 1.70902 0.893298
vt 1.32336 0.893298
v 74.1097 82.5694 -79.4699
vt 1.31086 0.769994
vn -0.755685 0.637197 -0.151398
vt 1.72153 0.769994
f 1143/5519/1726 1144/5520/1728 1169/5521/1756 1168/5522/1755 

vt 1.14111 1.14315
vt 0.755452 1.14315
v 74.3224 82.5694 -79.9849
vt 0.742952 1.01985
vn -0.69195 0.643882 -0.32653
vt 1.15361 1.01985
f 1144/5523/1728 1145/5524/1730 1170/5525/1757 1169/5526/1756 

vt 0.508579 1.2713
vt 0.122918 1.2713
v 74.675 82.5694 -80.434
vt 0.110417 1.148
vn -0.581515 0.653299 -0.48481
vt 0.52108 1.148
f 1145/5527/1730 1146/5528/1732 1171/5529/1758 1170/5530/1757 

vt -0.145473 1.26902
vt -0.531134 1.26902
vt -0.543635 1.14571
vt -0.132973 1.14571
f 1146/5531/1732 1147/5532/1734 1149/5533/1736 1171/5534/1758 

vt -0.132973 1.07516
vt -0.543635 1.07516
v 75.0792 82.4003 -80.8789
vt -0.55437 0.925802
vn -0.509556 0.452216 -0.73202
v 74.5861 82.4003 -80.5081
vt -0.122238 0.925802
vn -0.68867 0.442819 -0.574146
f 1171/5535/1758 1149/5536/1736 1172/5537/1759 1173/5538/1760 

vt -0.76397 0.981173
vt -1.17463 0.981173
v 75.6606 82.4003 -81.1228
vt -1.18537 0.831819
vn -0.285591 0.459437 -0.841044
vt -0.753235 0.831819
f 1149/5539/1736 1148/5540/1735 1174/5541/1761 1172/5542/1759 

vt -1.32891 0.801233
vt -1.73957 0.801233
v 76.2909 82.4003 -81.223
vt -1.75031 0.651879
vn -0.0342243 0.462099 -0.886167
vt -1.31818 0.651879
f 1148/5543/1735 1150/5544/1737 1175/5545/1762 1174/5546/1761 

vt -1.7893 0.547599
vt -2.19996 0.547599
v 76.9269 82.4003 -81.1729
vt -2.21069 0.398245
vn 0.219767 0.459252 -0.860691
vt -1.77856 0.398245
f 1150/5547/1737 1151/5548/1738 1176/5549/1763 1175/5550/1762 

vt -2.11375 0.237555
vt -2.52441 0.237555
v 77.5254 82.4003 -80.9757
vt -2.53515 0.0882009
vn 0.45124 0.451911 -0.769519
vt -2.10302 0.0882009
f 1151/5551/1738 1152/5552/1739 1177/5553/1764 1176/5554/1763 

vt -2.28016 -0.107769
vt -2.69083 -0.107769
v 78.0456 82.4003 -80.645
vt -2.70156 -0.257124
vn 0.641809 0.442488 -0.626327
vt -2.26943 -0.257124
f 1152/5555/1739 1153/5556/1740 1178/5557/1765 1177/5558/1764 

vt -2.27719 -0.464841
vt -2.68786 -0.464841
v 78.452 82.4003 -80.2032
vt -2.69859 -0.614196
vn 0.78215 0.433674 -0.447403
vt -2.26646 -0.614196
f 1153/5559/1740 1154/5560/1741 1179/5561/1766 1178/5562/1765 

vt -2.10504 -0.809327
vt -2.51571 -0.809327
v 78.7169 82.4003 -79.6805
vt -2.52644 -0.958681
vn 0.86959 0.427585 -0.246949
vt -2.09431 -0.958681
f 1154/5563/1741 1155/5564/1742 1180/5565/1767 1179/5566/1766 

vt -1.77545 -1.11775
vt -2.18611 -1.11775
v 78.8223 82.4003 -79.1125
vt -2.19684 -1.2671
vn 0.904264 0.425473 -0.0357703
vt -1.76471 -1.2671
f 1155/5567/1742 1156/5568/1743 1181/5569/1768 1180/5570/1767 

vt -1.31086 -1.36909
vt -1.72153 -1.36909
v 78.761 82.4003 -78.538
vt -1.73226 -1.51845
vn 0.886292 0.427734 0.177565
vt -1.30013 -1.51845
f 1156/5571/1743 1157/5572/1744 1182/5573/1769 1181/5574/1768 

vt -0.742952 -1.54622
vt -1.15361 -1.54622
v 78.5372 82.4003 -77.996
vt -1.16435 -1.69558
vn 0.814776 0.433944 0.384492
vt -0.732217 -1.69558
f 1157/5575/1744 1158/5576/1745 1183/5577/1770 1182/5578/1769 

vt -0.110417 -1.63707
vt -0.52108 -1.63707
v 78.1661 82.4003 -77.5234
vt -0.531814 -1.78643
vn 0.68867 0.442819 0.574146
vt -0.0996823 -1.78643
f 1158/5579/1745 1159/5580/1746 1184/5581/1771 1183/5582/1770 

vt 0.543635 -1.63545
vt 0.132973 -1.63545
v 77.673 82.4003 -77.1526
vt 0.122238 -1.78481
vn 0.509556 0.452216 0.73202
vt 0.55437 -1.78481
f 1159/5583/1746 1160/5584/1747 1185/5585/1772 1184/5586/1771 

vt 1.17463 -1.54147
vt 0.76397 -1.54147
v 77.0916 82.4003 -76.9088
vt 0.753235 -1.69082
vn 0.285591 0.459437 0.841044
vt 1.18537 -1.69082
f 1160/5587/1747 1161/5588/1748 1186/5589/1773 1185/5590/1772 

vt 1.73957 -1.36153
vt 1.32891 -1.36153
v 76.4614 82.4003 -76.8085
vt 1.31818 -1.51088
vn 0.0342243 0.462099 0.886167
vt 1.75031 -1.51088
f 1161/5591/1748 1162/5592/1749 1187/5593/1774 1186/5594/1773 

vt 2.19996 -1.1079
vt 1.7893 -1.1079
v 75.8253 82.4003 -76.8587
vt 1.77856 -1.25725
vn -0.219767 0.459252 0.860691
vt 2.21069 -1.25725
f 1162/5595/1749 1163/5596/1750 1188/5597/1775 1187/5598/1774 

vt 2.52441 -0.797852
vt 2.11375 -0.797852
v 75.2268 82.4003 -77.0559
vt 2.10302 -0.947206
vn -0.45124 0.451911 0.769519
vt 2.53515 -0.947206
f 1163/5599/1750 1164/5600/1751 1189/5601/1776 1188/5602/1775 

vt 2.69083 -0.452527
vt 2.28016 -0.452527
v 74.7067 82.4003 -77.3866
vt 2.26943 -0.601882
vn -0.641809 0.442488 0.626327
vt 2.70156 -0.601882
f 1164/5603/1751 1165/5604/1752 1190/5605/1777 1189/5606/1776 

vt 2.68786 -0.0954555
vt 2.27719 -0.0954555
v 74.3003 82.4003 -77.8284
vt 2.26646 -0.24481
vn -0.78215 0.433674 0.447403
vt 2.69859 -0.24481
f 1165/5607/1752 1166/5608/1753 1191/5609/1778 1190/5610/1777 

vt 2.51571 0.24903
vt 2.10504 0.24903
v 74.0353 82.4003 -78.351
vt 2.09431 0.0996757
vn -0.86959 0.427585 0.246949
vt 2.52644 0.0996757
f 1166/5611/1753 1167/5612/1754 1192/5613/1779 1191/5614/1778 

vt 2.18611 0.557453
vt 1.77545 0.557453
v 73.9299 82.4003 -78.919
vt 1.76471 0.408098
vn -0.904264 0.425473 0.0357703
vt 2.19684 0.408098
f 1167/5615/1754 1168/5616/1755 1193/5617/1780 1192/5618/1779 

vt 1.72153 0.808794
vt 1.31086 0.808794
v 73.9912 82.4003 -79.4936
vt 1.30013 0.65944
vn -0.886292 0.427734 -0.177565
vt 1.73226 0.65944
f 1168/5619/1755 1169/5620/1756 1194/5621/1781 1193/5622/1780 

vt 1.15361 0.985926
vt 0.742952 0.985926
v 74.215 82.4003 -80.0356
vt 0.732217 0.836572
vn -0.814776 0.433944 -0.384492
vt 1.16435 0.836572
f 1169/5623/1756 1170/5624/1757 1195/5625/1782 1194/5626/1781 

vt 0.52108 1.07678
vt 0.110417 1.07678
vt 0.0996823 0.927423
vt 0.531814 0.927423
f 1170/5627/1757 1171/5628/1758 1173/5629/1760 1195/5630/1782 

vt 0.531814 0.822267
vt 0.0996823 0.822267
v 74.5179 82.1801 -80.565
vt 0.0914453 0.647601
vn -0.738902 0.273013 -0.616025
v 74.1326 82.1801 -80.0745
vt 0.540051 0.647601
vn -0.871595 0.266742 -0.411305
f 1195/5631/1782 1173/5632/1760 1196/5633/1783 1197/5634/1784 

vt -0.122238 0.821203
vt -0.55437 0.821203
v 75.0297 82.1801 -80.95
vt -0.562607 0.646537
vn -0.548505 0.279715 -0.787973
vt -0.114001 0.646537
f 1173/5635/1760 1172/5636/1759 1198/5637/1785 1196/5638/1783 

vt -0.753235 0.759539
vt -1.18537 0.759539
v 75.6334 82.1801 -81.2031
vt -1.1936 0.584872
vn -0.308209 0.284911 -0.907652
vt -0.744998 0.584872
f 1172/5639/1759 1174/5640/1761 1199/5641/1786 1198/5642/1785 

vt -1.31818 0.641475
vt -1.75031 0.641475
v 76.2876 82.1801 -81.3072
vt -1.75855 0.466809
vn -0.0369702 0.286836 -0.957266
vt -1.30994 0.466809
f 1174/5643/1761 1175/5644/1762 1200/5645/1787 1199/5646/1786 

vt -1.77856 0.475059
vt -2.21069 0.475059
v 76.9479 82.1801 -81.2551
vt -2.21893 0.300392
vn 0.237157 0.284777 -0.928794
vt -1.77032 0.300392
f 1175/5647/1762 1176/5648/1763 1201/5649/1788 1200/5650/1787 

vt -2.10302 0.27163
vt -2.53515 0.27163
v 77.5692 82.1801 -81.0504
vt -2.54339 0.0969638
vn 0.48568 0.279496 -0.828249
vt -2.09478 0.0969638
f 1176/5651/1763 1177/5652/1764 1202/5653/1789 1201/5654/1788 

vt -2.26943 0.0450534
vt -2.70156 0.0450534
v 78.1092 82.1801 -80.7071
vt -2.7098 -0.129613
vn 0.688545 0.272778 -0.671936
vt -2.26119 -0.129613
f 1177/5655/1764 1178/5656/1765 1203/5657/1790 1202/5658/1789 

vt -2.26646 -0.189231
vt -2.69859 -0.189231
v 78.5311 82.1801 -80.2485
vt -2.70683 -0.363898
vn 0.836619 0.266552 -0.47856
vt -2.25822 -0.363898
f 1178/5659/1765 1179/5660/1766 1204/5661/1791 1203/5662/1790 

vt -2.09431 -0.415258
vt -2.52644 -0.415258
v 78.8061 82.1801 -79.7059
vt -2.53468 -0.589924
vn 0.928285 0.262283 -0.263617
vt -2.08607 -0.589924
f 1179/5663/1766 1180/5664/1767 1205/5665/1792 1204/5666/1791 

vt -1.76471 -0.617622
vt -2.19684 -0.617622
v 78.9156 82.1801 -79.1162
vt -2.20508 -0.792289
vn 0.964636 0.260809 -0.0381585
vt -1.75648 -0.792289
f 1180/5667/1767 1181/5668/1768 1206/5669/1793 1205/5670/1792 

vt -1.30013 -0.782534
vt -1.73226 -0.782534
v 78.8519 82.1801 -78.5198
vt -1.7405 -0.957201
vn 0.946161 0.262388 0.189559
vt -1.29189 -0.957201
f 1181/5671/1768 1182/5672/1769 1207/5673/1794 1206/5674/1793 

vt -0.732217 -0.898755
vt -1.16435 -0.898755
v 78.6196 82.1801 -77.9571
vt -1.17259 -1.07342
vn 0.871595 0.266742 0.411305
vt -0.72398 -1.07342
f 1182/5675/1769 1183/5676/1770 1208/5677/1795 1207/5678/1794 

vt -0.0996823 -0.958365
vt -0.531814 -0.958365
v 78.2344 82.1801 -77.4666
vt -0.540051 -1.13303
vn 0.738902 0.273013 0.616025
vt -0.0914453 -1.13303
f 1183/5679/1770 1184/5680/1771 1209/5681/1796 1208/5682/1795 

vt 0.55437 -0.957302
vt 0.122238 -0.957302
v 77.7225 82.1801 -77.0816
vt 0.114001 -1.13197
vn 0.548505 0.279715 0.787973
vt 0.562607 -1.13197
f 1184/5683/1771 1185/5684/1772 1210/5685/1797 1209/5686/1796 

vt 1.18537 -0.895637
vt 0.753235 -0.895637
v 77.1189 82.1801 -76.8285
vt 0.744998 -1.0703
vn 0.308209 0.284911 0.907652
vt 1.1936 -1.0703
f 1185/5687/1772 1186/5688/1773 1211/5689/1798 1210/5690/1797 

vt 1.75031 -0.777573
vt 1.31818 -0.777573
v 76.4646 82.1801 -76.7244
vt 1.30994 -0.95224
vn 0.0369702 0.286836 0.957266
vt 1.75855 -0.95224
f 1186/5691/1773 1187/5692/1774 1212/5693/1799 1211/5694/1798 

vt 2.21069 -0.611157
vt 1.77856 -0.611157
v 75.8043 82.1801 -76.7765
vt 1.77032 -0.785823
vn -0.237157 0.284777 0.928794
vt 2.21893 -0.785823
f 1187/5695/1774 1188/5696/1775 1213/5697/1800 1212/5698/1799 

vt 2.53515 -0.407729
vt 2.10302 -0.407729
v 75.183 82.1801 -76.9812
vt 2.09478 -0.582395
vn -0.48568 0.279496 0.828249
vt 2.54339 -0.582395
f 1188/5699/1775 1189/5700/1776 1214/5701/1801 1213/5702/1800 

vt 2.70156 -0.181152
vt 2.26943 -0.181152
v 74.643 82.1801 -77.3245
vt 2.26119 -0.355818
vn -0.688545 0.272778 0.671936
vt 2.7098 -0.355818
f 1189/5703/1776 1190/5704/1777 1215/5705/1802 1214/5706/1801 

vt 2.69859 0.053133
vt 2.26646 0.053133
v 74.2211 82.1801 -77.7831
vt 2.25822 -0.121534
vn -0.836619 0.266552 0.47856
vt 2.70683 -0.121534
f 1190/5707/1777 1191/5708/1778 1216/5709/1803 1215/5710/1802 

vt 2.52644 0.279159
vt 2.09431 0.279159
v 73.9461 82.1801 -78.3257
vt 2.08607 0.104493
vn -0.928285 0.262283 0.263617
vt 2.53468 0.104493
f 1191/5711/1778 1192/5712/1779 1217/5713/1804 1216/5714/1803 

vt 2.19684 0.481524
vt 1.76471 0.481524
v 73.8367 82.1801 -78.9153
vt 1.75648 0.306857
vn -0.964636 0.260809 0.0381585
vt 2.20508 0.306857
f 1192/5715/1779 1193/5716/1780 1218/5717/1805 1217/5718/1804 

vt 1.73226 0.646436
vt 1.30013 0.646436
v 73.9003 82.1801 -79.5118
vt 1.29189 0.471769
vn -0.946161 0.262388 -0.189559
vt 1.7405 0.471769
f 1193/5719/1780 1194/5720/1781 1219/5721/1806 1218/5722/1805 

vt 1.16435 0.762657
vt 0.732217 0.762657
vt 0.72398 0.587991
vt 1.17259 0.587991
f 1194/5723/1781 1195/5724/1782 1197/5725/1784 1219/5726/1806 

vt 1.17259 0.510311
vt 0.72398 0.510311
v 74.0808 81.9236 -80.0989
vt 0.718802 0.316374
vn -0.897025 0.127116 -0.423305
v 73.8431 81.9236 -79.5233
vt 1.17776 0.316374
vn -0.972835 0.124921 -0.194903
f 1219/5727/1806 1197/5728/1784 1220/5729/1807 1221/5730/1808 

vt 0.540051 0.54406
vt 0.0914453 0.54406
v 74.475 81.9236 -80.6008
vt 0.0862673 0.350123
vn -0.761535 0.130288 -0.634894
vt 0.545229 0.350123
f 1197/5731/1784 1196/5732/1783 1222/5733/1809 1220/5734/1807 

vt -0.114001 0.543457
vt -0.562607 0.543457
v 74.9987 81.9236 -80.9946
vt -0.567785 0.349521
vn -0.566181 0.133693 -0.813367
vt -0.108823 0.349521
f 1196/5735/1783 1198/5736/1785 1223/5737/1810 1222/5738/1809 

vt -0.744998 0.508545
vt -1.1936 0.508545
v 75.6162 81.9236 -81.2536
vt -1.19878 0.314609
vn -0.318533 0.136344 -0.938055
vt -0.73982 0.314609
f 1198/5739/1785 1199/5740/1786 1224/5741/1811 1223/5742/1810 

vt -1.30994 0.441701
vt -1.75855 0.441701
v 76.2856 81.9236 -81.3601
vt -1.76372 0.247765
vn -0.0382262 0.137329 -0.989788
vt -1.30476 0.247765
f 1199/5743/1786 1200/5744/1787 1225/5745/1812 1224/5746/1811 

vt -1.77032 0.347482
vt -2.21893 0.347482
v 76.9611 81.9236 -81.3068
vt -2.22411 0.153546
vn 0.245093 0.136276 -0.959874
vt -1.76515 0.153546
f 1200/5747/1787 1201/5748/1788 1226/5749/1813 1225/5750/1812 

vt -2.09478 0.232308
vt -2.54339 0.232308
v 77.5967 81.9236 -81.0974
vt -2.54856 0.038372
vn 0.501306 0.133582 -0.854897
vt -2.0896 0.038372
f 1201/5751/1788 1202/5752/1789 1227/5753/1814 1226/5754/1813 

vt -2.26119 0.104028
vt -2.7098 0.104028
v 78.1492 81.9236 -80.7461
vt -2.71498 -0.0899079
vn 0.709597 0.130169 -0.69248
vt -2.25601 -0.0899079
f 1202/5755/1789 1203/5756/1790 1228/5757/1815 1227/5758/1814 

vt -2.25822 -0.0286154
vt -2.70683 -0.0286154
v 78.5809 81.9236 -80.2769
vt -2.71201 -0.222552
vn 0.860992 0.12702 -0.492502
vt -2.25304 -0.222552
f 1203/5759/1790 1204/5760/1791 1229/5761/1816 1228/5762/1815 

vt -2.08607 -0.156584
vt -2.53468 -0.156584
v 78.8622 81.9236 -79.7218
vt -2.53986 -0.35052
vn 0.954434 0.124869 -0.271043
vt -2.0809 -0.35052
f 1204/5763/1791 1205/5764/1792 1230/5765/1817 1229/5766/1816 

vt -1.75648 -0.271155
vt -2.20508 -0.271155
v 78.9742 81.9236 -79.1186
vt -2.21026 -0.465092
vn 0.991491 0.124127 -0.0392208
vt -1.7513 -0.465092
f 1205/5767/1792 1206/5768/1793 1231/5769/1818 1230/5770/1817 

vt -1.29189 -0.364523
vt -1.7405 -0.364523
v 78.9091 81.9236 -78.5083
vt -1.74567 -0.558459
vn 0.972835 0.124921 0.194903
vt -1.28671 -0.558459
f 1206/5771/1793 1207/5772/1794 1232/5773/1819 1231/5774/1818 

vt -0.72398 -0.430323
vt -1.17259 -0.430323
v 78.6714 81.9236 -77.9326
vt -1.17776 -0.62426
vn 0.897025 0.127116 0.423305
vt -0.718802 -0.62426
f 1207/5775/1794 1208/5776/1795 1233/5777/1820 1232/5778/1819 

vt -0.0914453 -0.464072
vt -0.540051 -0.464072
v 78.2773 81.9236 -77.4308
vt -0.545229 -0.658009
vn 0.761535 0.130288 0.634894
vt -0.0862673 -0.658009
f 1208/5779/1795 1209/5780/1796 1234/5781/1821 1233/5782/1820 

vt 0.562607 -0.46347
vt 0.114001 -0.46347
v 77.7536 81.9236 -77.037
vt 0.108823 -0.657406
vn 0.566181 0.133693 0.813367
vt 0.567785 -0.657406
f 1209/5783/1796 1210/5784/1797 1235/5785/1822 1234/5786/1821 

vt 1.1936 -0.428558
vt 0.744998 -0.428558
v 77.136 81.9236 -76.778
vt 0.73982 -0.622494
vn 0.318533 0.136344 0.938055
vt 1.19878 -0.622494
f 1210/5787/1797 1211/5788/1798 1236/5789/1823 1235/5790/1822 

vt 1.75855 -0.361714
vt 1.30994 -0.361714
v 76.4667 81.9236 -76.6715
vt 1.30476 -0.55565
vn 0.0382262 0.137329 0.989788
vt 1.76372 -0.55565
f 1211/5791/1798 1212/5792/1799 1237/5793/1824 1236/5794/1823 

vt 2.21893 -0.267495
vt 1.77032 -0.267495
v 75.7911 81.9236 -76.7248
vt 1.76515 -0.461431
vn -0.245093 0.136276 0.959874
vt 2.22411 -0.461431
f 1212/5795/1799 1213/5796/1800 1238/5797/1825 1237/5798/1824 

vt 2.54339 -0.152321
vt 2.09478 -0.152321
v 75.1555 81.9236 -76.9342
vt 2.0896 -0.346257
vn -0.501306 0.133582 0.854897
vt 2.54856 -0.346257
f 1213/5799/1800 1214/5800/1801 1239/5801/1826 1238/5802/1825 

vt 2.7098 -0.024041
vt 2.26119 -0.024041
v 74.603 81.9236 -77.2854
vt 2.25601 -0.217977
vn -0.709597 0.130169 0.69248
vt 2.71498 -0.217977
f 1214/5803/1801 1215/5804/1802 1240/5805/1827 1239/5806/1826 

vt 2.70683 0.108603
vt 2.25822 0.108603
v 74.1714 81.9236 -77.7546
vt 2.25304 -0.0853336
vn -0.860992 0.12702 0.492502
vt 2.71201 -0.0853336
f 1215/5807/1802 1216/5808/1803 1241/5809/1828 1240/5810/1827 

vt 2.53468 0.236571
vt 2.08607 0.236571
v 73.89 81.9236 -78.3098
vt 2.0809 0.0426346
vn -0.954434 0.124869 0.271043
vt 2.53986 0.0426346
f 1216/5811/1803 1217/5812/1804 1242/5813/1829 1241/5814/1828 

vt 2.20508 0.351143
vt 1.75648 0.351143
v 73.778 81.9236 -78.913
vt 1.7513 0.157206
vn -0.991491 0.124127 0.0392208
vt 2.21026 0.157206
f 1217/5815/1804 1218/5816/1805 1243/5817/1830 1242/5818/1829 

vt 1.7405 0.44451
vt 1.29189 0.44451
vt 1.28671 0.250574
vt 1.74567 0.250574
f 1218/5819/1805 1219/5820/1806 1221/5821/1808 1243/5822/1830 

vt 1.74567 0.219877
vt 1.28671 0.219877
v 73.8236 81.6483 -79.5272
vt 1.28495 0.0156414
vn -0.978694 0.0609171 -0.196077
v 73.758 81.6483 -78.9122
vt 1.74744 0.0156414
vn -0.997387 0.0605252 0.039454
f 1243/5823/1830 1221/5824/1808 1244/5825/1831 1245/5826/1832 

vt 1.17776 0.241188
vt 0.718802 0.241188
v 74.0632 81.6483 -80.1073
vt 0.717036 0.0369529
vn -0.902622 0.0620007 -0.425946
vt 1.17953 0.0369529
f 1221/5827/1808 1220/5828/1807 1246/5829/1833 1244/5830/1831 

vt 0.545229 0.252119
vt 0.0862673 0.252119
v 74.4603 81.6483 -80.613
vt 0.0845012 0.0478836
vn -0.766528 0.0635681 -0.639057
vt 0.546996 0.0478836
f 1220/5831/1807 1222/5832/1809 1247/5833/1834 1246/5834/1833 

vt -0.108823 0.251924
vt -0.567785 0.251924
v 74.9881 81.6483 -81.0098
vt -0.569551 0.0476885
vn -0.570092 0.0652522 -0.818986
vt -0.107057 0.0476885
f 1222/5835/1809 1223/5836/1810 1248/5837/1835 1247/5838/1834 

vt -0.73982 0.240617
vt -1.19878 0.240617
v 75.6104 81.6483 -81.2708
vt -1.20055 0.0363811
vn -0.320823 0.0665644 -0.944797
vt -0.738054 0.0363811
f 1223/5839/1810 1224/5840/1811 1249/5841/1836 1248/5842/1835 

vt -1.30476 0.218967
vt -1.76372 0.218967
v 76.2849 81.6483 -81.3781
vt -1.76549 0.0147317
vn -0.0385049 0.0670522 -0.997006
vt -1.303 0.0147317
f 1224/5843/1811 1225/5844/1812 1250/5845/1837 1249/5846/1836 

vt -1.76515 0.188451
vt -2.22411 0.188451
v 76.9656 81.6483 -81.3244
vt -2.22587 -0.0157841
vn 0.246852 0.0665306 -0.966767
vt -1.76338 -0.0157841
f 1225/5847/1812 1226/5848/1813 1251/5849/1838 1250/5850/1837 

vt -2.0896 0.151149
vt -2.54856 0.151149
v 77.6061 81.6483 -81.1134
vt -2.55033 -0.0530868
vn 0.504763 0.065197 -0.860793
vt -2.08784 -0.0530868
f 1226/5851/1813 1227/5852/1814 1252/5853/1839 1251/5854/1838 

vt -2.25601 0.109601
vt -2.71498 0.109601
v 78.1629 81.6483 -80.7594
vt -2.71674 -0.0946343
vn 0.714241 0.0635092 -0.697012
vt -2.25425 -0.0946343
f 1227/5855/1814 1228/5856/1815 1253/5857/1840 1252/5858/1839 

vt -2.25304 0.0666405
vt -2.71201 0.0666405
v 78.5978 81.6483 -80.2866
vt -2.71377 -0.137595
vn 0.866356 0.0619534 -0.49557
vt -2.25128 -0.137595
f 1228/5859/1815 1229/5860/1816 1254/5861/1841 1253/5862/1840 

vt -2.0809 0.025194
vt -2.53986 0.025194
v 78.8814 81.6483 -79.7272
vt -2.54162 -0.179042
vn 0.960178 0.0608912 -0.272674
vt -2.07913 -0.179042
f 1229/5863/1816 1230/5864/1817 1255/5865/1842 1254/5866/1841 

vt -1.7513 -0.0119137
vt -2.21026 -0.0119137
v 78.9942 81.6483 -79.1193
vt -2.21203 -0.216149
vn 0.997387 0.0605252 -0.039454
vt -1.74953 -0.216149
f 1230/5867/1817 1231/5868/1818 1256/5869/1843 1255/5870/1842 

vt -1.28671 -0.0421536
vt -1.74567 -0.0421536
v 78.9286 81.6483 -78.5044
vt -1.74744 -0.246389
vn 0.978694 0.0609171 0.196077
vt -1.28495 -0.246389
f 1231/5871/1818 1232/5872/1819 1257/5873/1844 1256/5874/1843 

vt -0.718802 -0.0634651
vt -1.17776 -0.0634651
v 78.6891 81.6483 -77.9243
vt -1.17953 -0.267701
vn 0.902622 0.0620007 0.425946
vt -0.717036 -0.267701
f 1232/5875/1819 1233/5876/1820 1258/5877/1845 1257/5878/1844 

vt -0.0862673 -0.0743958
vt -0.545229 -0.0743958
v 78.2919 81.6483 -77.4186
vt -0.546996 -0.278631
vn 0.766528 0.0635681 0.639057
vt -0.0845012 -0.278631
f 1233/5879/1820 1234/5880/1821 1259/5881/1846 1258/5882/1845 

vt 0.567785 -0.0742008
vt 0.108823 -0.0742008
v 77.7642 81.6483 -77.0217
vt 0.107057 -0.278436
vn 0.570092 0.0652522 0.818986
vt 0.569551 -0.278436
f 1234/5883/1821 1235/5884/1822 1260/5885/1847 1259/5886/1846 

vt 1.19878 -0.0628933
vt 0.73982 -0.0628933
v 77.1418 81.6483 -76.7608
vt 0.738054 -0.267129
vn 0.320823 0.0665644 0.944797
vt 1.20055 -0.267129
f 1235/5887/1822 1236/5888/1823 1261/5889/1848 1260/5890/1847 

vt 1.76372 -0.041244
vt 1.30476 -0.041244
v 76.4673 81.6483 -76.6535
vt 1.303 -0.24548
vn 0.0385049 0.0670522 0.997006
vt 1.76549 -0.24548
f 1236/5891/1823 1237/5892/1824 1262/5893/1849 1261/5894/1848 

vt 2.22411 -0.0107281
vt 1.76515 -0.0107281
v 75.7866 81.6483 -76.7071
vt 1.76338 -0.214964
vn -0.246852 0.0665306 0.966767
vt 2.22587 -0.214964
f 1237/5895/1824 1238/5896/1825 1263/5897/1850 1262/5898/1849 

vt 2.54856 0.0265746
vt 2.0896 0.0265746
v 75.1461 81.6483 -76.9182
vt 2.08784 -0.177661
vn -0.504763 0.065197 0.860793
vt 2.55033 -0.177661
f 1238/5899/1825 1239/5900/1826 1264/5901/1851 1263/5902/1850 

vt 2.71498 0.068122
vt 2.25601 0.068122
v 74.5894 81.6483 -77.2721
vt 2.25425 -0.136114
vn -0.714241 0.0635092 0.697012
vt 2.71674 -0.136114
f 1239/5903/1826 1240/5904/1827 1265/5905/1852 1264/5906/1851 

vt 2.71201 0.111083
vt 2.25304 0.111083
v 74.1544 81.6483 -77.7449
vt 2.25128 -0.0931527
vn -0.866356 0.0619534 0.49557
vt 2.71377 -0.0931527
f 1240/5907/1827 1241/5908/1828 1266/5909/1853 1265/5910/1852 

vt 2.53986 0.152529
vt 2.0809 0.152529
v 73.8709 81.6483 -78.3043
vt 2.07913 -0.0517062
vn -0.960178 0.0608912 0.272674
vt 2.54162 -0.0517062
f 1241/5911/1828 1242/5912/1829 1267/5913/1854 1266/5914/1853 

vt 2.21026 0.189637
vt 1.7513 0.189637
vt 1.74953 -0.0145986
vt 2.21203 -0.0145986
f 1242/5915/1829 1243/5916/1830 1245/5917/1832 1267/5918/1854 

v 73.778 81.3731 -78.913
vt 1.7513 -0.189637
vn -0.991491 -0.124127 0.0392208
v 73.89 81.3731 -78.3098
vt 2.21026 -0.189637
vn -0.954434 -0.124869 0.271043
vt 2.21203 0.0145986
vn -0.960178 -0.0608912 0.272674
vt 1.74953 0.0145986
vn -0.997387 -0.0605252 0.039454
f 1268/5919/1855 1269/5920/1856 1267/5921/1857 1245/5922/1858 

v 73.8367 81.1166 -78.9153
vt 1.75648 -0.351143
vn -0.964636 -0.260809 0.0381585
v 73.9461 81.1166 -78.3257
vt 2.20508 -0.351143
vn -0.928285 -0.262283 0.263617
vt 2.21026 -0.157206
vt 1.7513 -0.157206
f 1270/5923/1859 1271/5924/1860 1269/5925/1856 1268/5926/1855 

v 73.9299 80.8963 -78.919
vt 1.76471 -0.481524
vn -0.904264 -0.425473 0.0357703
v 74.0353 80.8963 -78.351
vt 2.19684 -0.481524
vn -0.86959 -0.427585 0.246949
vt 2.20508 -0.306857
vt 1.75648 -0.306857
f 1272/5927/1861 1273/5928/1862 1271/5929/1860 1270/5930/1859 

v 74.0514 80.7273 -78.9238
vt 1.77545 -0.557453
vn -0.77212 -0.634743 0.030543
v 74.1516 80.7273 -78.3841
vt 2.18611 -0.557453
vn -0.741515 -0.637035 0.210578
vt 2.19684 -0.408098
vt 1.76471 -0.408098
f 1274/5931/1863 1275/5932/1864 1273/5933/1862 1272/5934/1861 

v 74.193 80.6211 -78.9294
vt 1.78795 -0.538766
vn -0.486764 -0.873321 0.0192551
v 74.2871 80.6211 -78.4225
vt 2.17361 -0.538766
vn -0.466454 -0.874571 0.132465
vt 2.18611 -0.415463
vt 1.77545 -0.415463
f 1276/5935/1865 1277/5936/1866 1275/5937/1864 1274/5938/1863 

v 74.3449 80.5848 -78.9354
vt 1.80136 -0.366289
vn -0.274619 -0.961492 0.0108632
v 74.4324 80.5848 -78.4638
vt 2.16019 -0.366289
vn -0.262905 -0.961929 0.0746605
vt 2.17361 -0.260919
vt 1.78795 -0.260919
f 1278/5939/1867 1279/5940/1868 1277/5941/1866 1276/5942/1865 

v 75.4218 80.5848 -77.3883
vt -2.9589 1.07896
v 74.9898 80.5848 -77.663
vt -2.73917 0.795275
v 74.6524 80.5848 -78.0298
vt -2.4535 0.578127
vt -2.12136 0.442315
vt -1.76539 0.397094
v 74.3957 80.5848 -79.4125
vt -1.40985 0.445545
v 74.5816 80.5848 -79.8626
vt -1.07896 0.584368
v 74.8897 80.5848 -80.255
vt -0.795275 0.804101
v 75.2992 80.5848 -80.5629
vt -0.578127 1.08977
v 75.782 80.5848 -80.7654
vt -0.442315 1.42191
v 76.3053 80.5848 -80.8486
vt -0.397094 1.77788
v 76.8335 80.5848 -80.807
vt -0.445545 2.13342
v 77.3304 80.5848 -80.6432
vt -0.584368 2.46431
v 77.7624 80.5848 -80.3686
vt -0.804101 2.748
v 78.0998 80.5848 -80.0018
vt -1.08977 2.96514
v 78.3198 80.5848 -79.5678
vt -1.42191 3.10096
v 78.4074 80.5848 -79.0961
vt -1.77788 3.14618
v 78.3565 80.5848 -78.619
vt -2.13342 3.09773
v 78.1706 80.5848 -78.1689
vt -2.46431 2.9589
v 77.8625 80.5848 -77.7766
vt -2.748 2.73917
v 77.453 80.5848 -77.4687
vt -2.96514 2.4535
v 76.9702 80.5848 -77.2662
vt -3.10096 2.12136
v 76.4469 80.5848 -77.1829
vt -3.14618 1.76539
v 75.9188 80.5848 -77.2246
vt -3.09773 1.40985
f 1280/5943/129 1281/5944/129 1282/5945/129 1279/5946/129 1278/5947/129 1283/5948/129 1284/5949/129 1285/5950/129 1286/5951/129 1287/5952/129 1288/5953/129 1289/5954/129 1290/5955/129 1291/5956/129 1292/5957/129 1293/5958/129 1294/5959/129 1295/5960/129 1296/5961/129 1297/5962/129 1298/5963/129 1299/5964/129 1300/5965/129 1301/5966/129 

vt 2.30608 1.42273
vn -0.188074 -0.964854 0.183537
vt 2.66491 1.42273
vn -0.129703 -0.966568 0.221188
v 75.3504 80.6211 -77.2666
vt 2.67833 1.5281
vn -0.232551 -0.888057 0.396578
v 74.8862 80.6211 -77.5618
vt 2.29266 1.5281
vn -0.335891 -0.883025 0.327788
f 1281/5967/1869 1280/5968/1870 1302/5969/1871 1303/5970/1872 

vt 2.13967 2.03441
vt 2.4985 2.03441
vn -0.062241 -0.967837 0.243759
v 75.8846 80.6211 -77.0907
vt 2.51191 2.13978
vn -0.111921 -0.891822 0.438324
vt 2.12625 2.13978
f 1280/5971/1870 1301/5972/1873 1304/5973/1874 1302/5974/1871 

vt 1.81521 2.5836
vt 2.17404 2.5836
vn 0.00963779 -0.968314 0.249551
v 76.4522 80.6211 -77.0459
vt 2.18746 2.68897
vn 0.0173497 -0.893246 0.449234
vt 1.8018 2.68897
f 1301/5975/1873 1300/5976/1875 1305/5977/1876 1304/5978/1874 

vt 1.35483 3.03288
vt 1.71366 3.03288
vn 0.0808532 -0.967868 0.238106
v 77.0146 80.6211 -77.1354
vt 1.72707 3.13825
vn 0.1454 -0.891915 0.42819
vt 1.34141 3.13825
f 1300/5979/1875 1299/5980/1877 1306/5981/1878 1305/5982/1876 

vt 0.789886 3.35161
vt 1.14872 3.35161
vn 0.146374 -0.966622 0.210279
v 77.5336 80.6211 -77.353
vt 1.16213 3.45698
vn 0.262474 -0.888217 0.377066
vt 0.776471 3.45698
f 1299/5983/1877 1298/5984/1879 1307/5985/1880 1306/5986/1878 

vt 0.158888 3.51808
vt 0.517719 3.51808
vn 0.201668 -0.964916 0.168131
v 77.9736 80.6211 -77.6839
vt 0.531134 3.62346
vn 0.36022 -0.883206 0.300316
vt 0.145473 3.62346
f 1298/5987/1879 1297/5988/1881 1308/5989/1882 1307/5990/1880 

vt -0.495164 3.52096
vt -0.136333 3.52096
vn 0.243046 -0.96321 0.114693
v 78.3048 80.6211 -78.1056
vt -0.122918 3.62633
vn 0.43246 -0.878254 0.204077
vt -0.508579 3.62633
f 1297/5991/1881 1296/5992/1883 1309/5993/1884 1308/5994/1882 

vt -1.1277 3.36003
vt -0.768867 3.36003
vn 0.267869 -0.961959 0.0536665
v 78.5046 80.6211 -78.5894
vt -0.755452 3.4654
vn 0.475295 -0.874659 0.0952233
vt -1.14111 3.4654
f 1296/5995/1883 1295/5996/1885 1310/5997/1886 1309/5998/1884 

vt -1.69561 3.04627
vt -1.33678 3.04627
vn 0.274619 -0.961492 -0.0108632
v 78.5593 80.6211 -79.1021
vt -1.32336 3.15164
vn 0.486764 -0.873321 -0.0192551
vt -1.70902 3.15164
f 1295/5999/1885 1294/6000/1887 1311/6001/1888 1310/6002/1886 

vt -2.16019 2.60106
vt -1.80136 2.60106
vn 0.262905 -0.961929 -0.0746605
v 78.4652 80.6211 -79.609
vt -1.78795 2.70643
vn 0.466454 -0.874571 -0.132465
vt -2.17361 2.70643
f 1294/6003/1887 1293/6004/1889 1312/6005/1890 1311/6006/1888 

vt -2.48979 2.05474
vt -2.13096 2.05474
vn 0.233446 -0.963157 -0.133535
v 78.2287 80.6211 -80.0755
vt -2.11755 2.16011
vn 0.415329 -0.8781 -0.237575
vt -2.50321 2.16011
f 1293/6007/1889 1292/6008/1891 1313/6009/1892 1312/6010/1890 

vt -2.66194 1.44454
vt -2.30311 1.44454
vn 0.188074 -0.964854 -0.183537
v 77.866 80.6211 -80.4698
vt -2.2897 1.54991
vn 0.335891 -0.883025 -0.327788
vt -2.67536 1.54991
f 1292/6011/1891 1291/6012/1893 1314/6013/1894 1313/6014/1892 

vt -2.66491 0.812043
vt -2.30608 0.812043
vn 0.129703 -0.966568 -0.221188
v 77.4018 80.6211 -80.7649
vt -2.29266 0.917414
vn 0.232551 -0.888057 -0.396578
vt -2.67833 0.917414
f 1291/6015/1893 1290/6016/1895 1315/6017/1896 1314/6018/1894 

vt -2.4985 0.200357
vt -2.13967 0.200357
vn 0.062241 -0.967837 -0.243759
v 76.8677 80.6211 -80.9409
vt -2.12625 0.305728
vn 0.111921 -0.891822 -0.438324
vt -2.51191 0.305728
f 1290/6019/1895 1289/6020/1897 1316/6021/1898 1315/6022/1896 

vt -2.17404 -0.348835
vt -1.81521 -0.348835
vn -0.00963779 -0.968314 -0.249551
v 76.3 80.6211 -80.9857
vt -1.8018 -0.243464
vn -0.0173497 -0.893246 -0.449234
vt -2.18746 -0.243464
f 1289/6023/1897 1288/6024/1899 1317/6025/1900 1316/6026/1898 

vt -1.71366 -0.798106
vt -1.35483 -0.798106
vn -0.0808532 -0.967868 -0.238106
v 75.7376 80.6211 -80.8962
vt -1.34141 -0.692736
vn -0.1454 -0.891915 -0.42819
vt -1.72707 -0.692736
f 1288/6027/1899 1287/6028/1901 1318/6029/1902 1317/6030/1900 

vt -1.14872 -1.11684
vt -0.789886 -1.11684
vn -0.146374 -0.966622 -0.210279
v 75.2187 80.6211 -80.6786
vt -0.776471 -1.01147
vn -0.262474 -0.888217 -0.377066
vt -1.16213 -1.01147
f 1287/6031/1901 1286/6032/1903 1319/6033/1904 1318/6034/1902 

vt -0.517719 -1.28332
vt -0.158888 -1.28332
vn -0.201668 -0.964916 -0.168131
v 74.7786 80.6211 -80.3476
vt -0.145473 -1.17795
vn -0.36022 -0.883206 -0.300316
vt -0.531134 -1.17795
f 1286/6035/1903 1285/6036/1905 1320/6037/1906 1319/6038/1904 

vt 0.136333 -1.28619
vt 0.495164 -1.28619
vn -0.243046 -0.96321 -0.114693
v 74.4474 80.6211 -79.9259
vt 0.508579 -1.18082
vn -0.43246 -0.878254 -0.204077
vt 0.122918 -1.18082
f 1285/6039/1905 1284/6040/1907 1321/6041/1908 1320/6042/1906 

vt 0.768867 -1.12526
vt 1.1277 -1.12526
vn -0.267869 -0.961959 -0.0536665
v 74.2477 80.6211 -79.4422
vt 1.14111 -1.01989
vn -0.475295 -0.874659 -0.0952233
vt 0.755452 -1.01989
f 1284/6043/1907 1283/6044/1909 1322/6045/1910 1321/6046/1908 

vt 1.33678 -0.811499
vt 1.69561 -0.811499
vt 1.70902 -0.706129
vt 1.32336 -0.706129
f 1283/6047/1909 1278/6048/1867 1276/6049/1865 1322/6050/1910 

vt 1.32336 -0.893298
vt 1.70902 -0.893298
vt 1.72153 -0.769994
v 74.1097 80.7273 -79.4699
vt 1.31086 -0.769994
vn -0.755685 -0.637197 -0.151398
f 1322/6051/1910 1276/6052/1865 1274/6053/1863 1323/6054/1911 

vt 1.31086 -0.808794
vt 1.72153 -0.808794
vt 1.73226 -0.65944
v 73.9912 80.8963 -79.4936
vt 1.30013 -0.65944
vn -0.886292 -0.427734 -0.177565
f 1323/6055/1911 1274/6056/1863 1272/6057/1861 1324/6058/1912 

vt 1.30013 -0.646436
vt 1.73226 -0.646436
vt 1.7405 -0.471769
v 73.9003 81.1166 -79.5118
vt 1.29189 -0.471769
vn -0.946161 -0.262388 -0.189559
f 1324/6059/1912 1272/6060/1861 1270/6061/1859 1325/6062/1913 

vt 1.29189 -0.44451
vt 1.7405 -0.44451
vt 1.74567 -0.250574
v 73.8431 81.3731 -79.5233
vt 1.28671 -0.250574
vn -0.972835 -0.124921 -0.194903
f 1325/6063/1913 1270/6064/1859 1268/6065/1855 1326/6066/1914 

vt 1.28671 -0.219877
vt 1.74567 -0.219877
vt 1.74744 -0.0156414
vt 1.28495 -0.0156414
vn -0.978694 -0.0609171 -0.196077
f 1326/6067/1914 1268/6068/1855 1245/6069/1858 1244/6070/1915 

v 74.0808 81.3731 -80.0989
vt 0.718802 -0.241188
vn -0.897025 -0.127116 -0.423305
vt 1.17776 -0.241188
vt 1.17953 -0.0369529
vt 0.717036 -0.0369529
vn -0.902622 -0.0620007 -0.425946
f 1327/6071/1916 1326/6072/1914 1244/6073/1915 1246/6074/1917 

v 74.1326 81.1166 -80.0745
vt 0.72398 -0.510311
vn -0.871595 -0.266742 -0.411305
vt 1.17259 -0.510311
vt 1.17776 -0.316374
vt 0.718802 -0.316374
f 1328/6075/1918 1325/6076/1913 1326/6077/1914 1327/6078/1916 

v 74.215 80.8963 -80.0356
vt 0.732217 -0.762657
vn -0.814776 -0.433944 -0.384492
vt 1.16435 -0.762657
vt 1.17259 -0.587991
vt 0.72398 -0.587991
f 1329/6079/1919 1324/6080/1912 1325/6081/1913 1328/6082/1918 

v 74.3224 80.7273 -79.9849
vt 0.742952 -0.985926
vn -0.69195 -0.643882 -0.32653
vt 1.15361 -0.985926
vt 1.16435 -0.836572
vt 0.732217 -0.836572
f 1330/6083/1920 1323/6084/1911 1324/6085/1912 1329/6086/1919 

vt 0.755452 -1.14315
vt 1.14111 -1.14315
vt 1.15361 -1.01985
vt 0.742952 -1.01985
f 1321/6087/1908 1322/6088/1910 1323/6089/1911 1330/6090/1920 

vt 0.122918 -1.2713
vt 0.508579 -1.2713
vt 0.52108 -1.148
v 74.675 80.7273 -80.434
vt 0.110417 -1.148
vn -0.581515 -0.653299 -0.48481
f 1320/6091/1906 1321/6092/1908 1330/6093/1920 1331/6094/1921 

vt 0.110417 -1.07678
vt 0.52108 -1.07678
vt 0.531814 -0.927423
v 74.5861 80.8963 -80.5081
vt 0.0996823 -0.927423
vn -0.68867 -0.442819 -0.574146
f 1331/6095/1921 1330/6096/1920 1329/6097/1919 1332/6098/1922 

vt 0.0996823 -0.822267
vt 0.531814 -0.822267
vt 0.540051 -0.647601
v 74.5179 81.1166 -80.565
vt 0.0914453 -0.647601
vn -0.738902 -0.273013 -0.616025
f 1332/6099/1922 1329/6100/1919 1328/6101/1918 1333/6102/1923 

vt 0.0914453 -0.54406
vt 0.540051 -0.54406
vt 0.545229 -0.350123
v 74.475 81.3731 -80.6008
vt 0.0862673 -0.350123
vn -0.761535 -0.130288 -0.634894
f 1333/6103/1923 1328/6104/1918 1327/6105/1916 1334/6106/1924 

vt 0.0862673 -0.252119
vt 0.545229 -0.252119
vt 0.546996 -0.0478836
vt 0.0845012 -0.0478836
vn -0.766528 -0.0635681 -0.639057
f 1334/6107/1924 1327/6108/1916 1246/6109/1917 1247/6110/1925 

v 74.9987 81.3731 -80.9946
vt -0.567785 -0.251924
vn -0.566181 -0.133693 -0.813367
vt -0.108823 -0.251924
vt -0.107057 -0.0476885
vt -0.569551 -0.0476885
vn -0.570092 -0.0652522 -0.818986
f 1335/6111/1926 1334/6112/1924 1247/6113/1925 1248/6114/1927 

v 75.0297 81.1166 -80.95
vt -0.562607 -0.543457
vn -0.548505 -0.279715 -0.787973
vt -0.114001 -0.543457
vt -0.108823 -0.349521
vt -0.567785 -0.349521
f 1336/6115/1928 1333/6116/1923 1334/6117/1924 1335/6118/1926 

v 75.0792 80.8963 -80.8789
vt -0.55437 -0.821203
vn -0.509556 -0.452216 -0.73202
vt -0.122238 -0.821203
vt -0.114001 -0.646537
vt -0.562607 -0.646537
f 1337/6119/1929 1332/6120/1922 1333/6121/1923 1336/6122/1928 

v 75.1436 80.7273 -80.7864
vt -0.543635 -1.07516
vn -0.427646 -0.663094 -0.61435
vt -0.132973 -1.07516
vt -0.122238 -0.925802
vt -0.55437 -0.925802
f 1338/6123/1930 1331/6124/1921 1332/6125/1922 1337/6126/1929 

vt -0.531134 -1.26902
vt -0.145473 -1.26902
vt -0.132973 -1.14571
vt -0.543635 -1.14571
f 1319/6127/1904 1320/6128/1906 1331/6129/1921 1338/6130/1930 

vt -1.16213 -1.13645
vt -0.776471 -1.13645
vt -0.76397 -1.01314
v 75.6962 80.7273 -81.0181
vt -1.17463 -1.01314
vn -0.238551 -0.670499 -0.702513
f 1318/6131/1902 1319/6132/1904 1338/6133/1930 1339/6134/1931 

vt -1.17463 -0.981173
vt -0.76397 -0.981173
vt -0.753235 -0.831819
v 75.6606 80.8963 -81.1228
vt -1.18537 -0.831819
vn -0.285591 -0.459437 -0.841044
f 1339/6135/1931 1338/6136/1930 1337/6137/1929 1340/6138/1932 

vt -1.18537 -0.759539
vt -0.753235 -0.759539
vt -0.744998 -0.584872
v 75.6334 81.1166 -81.2031
vt -1.1936 -0.584872
vn -0.308209 -0.284911 -0.907652
f 1340/6139/1932 1337/6140/1929 1336/6141/1928 1341/6142/1933 

vt -1.1936 -0.508545
vt -0.744998 -0.508545
vt -0.73982 -0.314609
v 75.6162 81.3731 -81.2536
vt -1.19878 -0.314609
vn -0.318533 -0.136344 -0.938055
f 1341/6143/1933 1336/6144/1928 1335/6145/1926 1342/6146/1934 

vt -1.19878 -0.240617
vt -0.73982 -0.240617
vt -0.738054 -0.0363811
vt -1.20055 -0.0363811
vn -0.320823 -0.0665644 -0.944797
f 1342/6147/1934 1335/6148/1926 1248/6149/1927 1249/6150/1935 

v 76.2856 81.3731 -81.3601
vt -1.76372 -0.218967
vn -0.0382262 -0.137329 -0.989788
vt -1.30476 -0.218967
vt -1.303 -0.0147317
vt -1.76549 -0.0147317
vn -0.0385049 -0.0670522 -0.997006
f 1343/6151/1936 1342/6152/1934 1249/6153/1935 1250/6154/1937 

v 76.2876 81.1166 -81.3072
vt -1.75855 -0.441701
vn -0.0369702 -0.286836 -0.957266
vt -1.30994 -0.441701
vt -1.30476 -0.247765
vt -1.76372 -0.247765
f 1344/6155/1938 1341/6156/1933 1342/6157/1934 1343/6158/1936 

v 76.2909 80.8963 -81.223
vt -1.75031 -0.641475
vn -0.0342243 -0.462099 -0.886167
vt -1.31818 -0.641475
vt -1.30994 -0.466809
vt -1.75855 -0.466809
f 1345/6159/1939 1340/6160/1932 1341/6161/1933 1344/6162/1938 

v 76.2951 80.7273 -81.1134
vt -1.73957 -0.801233
vn -0.028537 -0.673203 -0.738907
vt -1.32891 -0.801233
vt -1.31818 -0.651879
vt -1.75031 -0.651879
f 1346/6163/1940 1339/6164/1931 1340/6165/1932 1345/6166/1939 

vt -1.72707 -0.882633
vt -1.34141 -0.882633
vt -1.32891 -0.759329
vt -1.73957 -0.759329
f 1317/6167/1900 1318/6168/1902 1339/6169/1931 1346/6170/1940 

vt -2.18746 -0.524867
vt -1.8018 -0.524867
vt -1.7893 -0.401564
v 76.8995 80.7273 -81.0657
vt -2.19996 -0.401564
vn 0.183591 -0.670311 -0.719012
f 1316/6171/1898 1317/6172/1900 1346/6173/1940 1347/6174/1941 

vt -2.19996 -0.547599
vt -1.7893 -0.547599
vt -1.77856 -0.398245
v 76.9269 80.8963 -81.1729
vt -2.21069 -0.398245
vn 0.219767 -0.459252 -0.860691
f 1347/6175/1941 1346/6176/1940 1345/6177/1939 1348/6178/1942 

vt -2.21069 -0.475059
vt -1.77856 -0.475059
vt -1.77032 -0.300392
v 76.9479 81.1166 -81.2551
vt -2.21893 -0.300392
vn 0.237157 -0.284777 -0.928794
f 1348/6179/1942 1345/6180/1939 1344/6181/1938 1349/6182/1943 

vt -2.21893 -0.347482
vt -1.77032 -0.347482
vt -1.76515 -0.153546
v 76.9611 81.3731 -81.3068
vt -2.22411 -0.153546
vn 0.245093 -0.136276 -0.959874
f 1349/6183/1943 1344/6184/1938 1343/6185/1936 1350/6186/1944 

vt -2.22411 -0.188451
vt -1.76515 -0.188451
vt -1.76338 0.0157841
vt -2.22587 0.0157841
vn 0.246852 -0.0665306 -0.966767
f 1350/6187/1944 1343/6188/1936 1250/6189/1937 1251/6190/1945 

v 77.5967 81.3731 -81.0974
vt -2.54856 -0.151149
vn 0.501306 -0.133582 -0.854897
vt -2.0896 -0.151149
vt -2.08784 0.0530868
vt -2.55033 0.0530868
vn 0.504763 -0.065197 -0.860793
f 1351/6191/1946 1350/6192/1944 1251/6193/1945 1252/6194/1947 

v 77.5692 81.1166 -81.0504
vt -2.54339 -0.232308
vn 0.48568 -0.279496 -0.828249
vt -2.09478 -0.232308
vt -2.0896 -0.038372
vt -2.54856 -0.038372
f 1352/6195/1948 1349/6196/1943 1350/6197/1944 1351/6198/1946 

v 77.5254 80.8963 -80.9757
vt -2.53515 -0.27163
vn 0.45124 -0.451911 -0.769519
vt -2.10302 -0.27163
vt -2.09478 -0.0969638
vt -2.54339 -0.0969638
f 1353/6199/1949 1348/6200/1942 1349/6201/1943 1352/6202/1948 

v 77.4683 80.7273 -80.8783
vt -2.52441 -0.237555
vn 0.37878 -0.662778 -0.645949
vt -2.11375 -0.237555
vt -2.10302 -0.0882009
vt -2.53515 -0.0882009
f 1354/6203/1950 1347/6204/1941 1348/6205/1942 1353/6206/1949 

vt -2.51191 -0.0875329
vt -2.12625 -0.0875329
vt -2.11375 0.0357707
vt -2.52441 0.0357707
f 1315/6207/1896 1316/6208/1898 1347/6209/1941 1354/6210/1950 

vt -2.67833 0.399567
vt -2.29266 0.399567
vt -2.28016 0.522871
v 77.9626 80.7273 -80.564
vt -2.69083 0.522871
vn 0.542061 -0.652951 -0.528985
f 1314/6211/1894 1315/6212/1896 1354/6213/1950 1355/6214/1951 

vt -2.69083 0.107769
vt -2.28016 0.107769
vt -2.26943 0.257124
v 78.0456 80.8963 -80.645
vt -2.70156 0.257124
vn 0.641809 -0.442488 -0.626327
f 1355/6215/1951 1354/6216/1950 1353/6217/1949 1356/6218/1952 

vt -2.70156 -0.0450534
vt -2.26943 -0.0450534
vt -2.26119 0.129613
v 78.1092 81.1166 -80.7071
vt -2.7098 0.129613
vn 0.688545 -0.272778 -0.671936
f 1356/6219/1952 1353/6220/1949 1352/6221/1948 1357/6222/1953 

vt -2.7098 -0.104028
vt -2.26119 -0.104028
vt -2.25601 0.0899079
v 78.1492 81.3731 -80.7461
vt -2.71498 0.0899079
vn 0.709597 -0.130169 -0.69248
f 1357/6223/1953 1352/6224/1948 1351/6225/1946 1358/6226/1954 

vt -2.71498 -0.109601
vt -2.25601 -0.109601
vt -2.25425 0.0946343
vt -2.71674 0.0946343
vn 0.714241 -0.0635092 -0.697012
f 1358/6227/1954 1351/6228/1946 1252/6229/1947 1253/6230/1955 

v 78.5809 81.3731 -80.2769
vt -2.71201 -0.0666405
vn 0.860992 -0.12702 -0.492502
vt -2.25304 -0.0666405
vt -2.25128 0.137595
vt -2.71377 0.137595
vn 0.866356 -0.0619534 -0.49557
f 1359/6231/1956 1358/6232/1954 1253/6233/1955 1254/6234/1957 

v 78.5311 81.1166 -80.2485
vt -2.70683 0.0286154
vn 0.836619 -0.266552 -0.47856
vt -2.25822 0.0286154
vt -2.25304 0.222552
vt -2.71201 0.222552
f 1360/6235/1958 1357/6236/1953 1358/6237/1954 1359/6238/1956 

v 78.452 80.8963 -80.2032
vt -2.69859 0.189231
vn 0.78215 -0.433674 -0.447403
vt -2.26646 0.189231
vt -2.25822 0.363898
vt -2.70683 0.363898
f 1361/6239/1959 1356/6240/1952 1357/6241/1953 1360/6242/1958 

v 78.3488 80.7273 -80.1442
vt -2.68786 0.464841
vn 0.664357 -0.643593 -0.380024
vt -2.27719 0.464841
vt -2.26646 0.614196
vt -2.69859 0.614196
f 1362/6243/1960 1355/6244/1951 1356/6245/1952 1361/6246/1959 

vt -2.67536 0.903237
vt -2.2897 0.903237
vt -2.27719 1.02654
vt -2.68786 1.02654
f 1313/6247/1892 1314/6248/1894 1355/6249/1951 1362/6250/1960 

vt -2.50321 1.38915
vt -2.11755 1.38915
vt -2.10504 1.51246
v 78.6006 80.7273 -79.6475
vt -2.51571 1.51246
vn 0.741515 -0.637035 -0.210578
f 1312/6251/1890 1313/6252/1892 1362/6253/1960 1363/6254/1961 

vt -2.51571 0.809327
vt -2.10504 0.809327
vt -2.09431 0.958681
v 78.7169 80.8963 -79.6805
vt -2.52644 0.958681
vn 0.86959 -0.427585 -0.246949
f 1363/6255/1961 1362/6256/1960 1361/6257/1959 1364/6258/1962 

vt -2.52644 0.415258
vt -2.09431 0.415258
vt -2.08607 0.589924
v 78.8061 81.1166 -79.7059
vt -2.53468 0.589924
vn 0.928285 -0.262283 -0.263617
f 1364/6259/1962 1361/6260/1959 1360/6261/1958 1365/6262/1963 

vt -2.53468 0.156584
vt -2.08607 0.156584
vt -2.0809 0.35052
v 78.8622 81.3731 -79.7218
vt -2.53986 0.35052
vn 0.954434 -0.124869 -0.271043
f 1365/6263/1963 1360/6264/1958 1359/6265/1956 1366/6266/1964 

vt -2.53986 -0.025194
vt -2.0809 -0.025194
vt -2.07913 0.179042
vt -2.54162 0.179042
vn 0.960178 -0.0608912 -0.272674
f 1366/6267/1964 1359/6268/1956 1254/6269/1957 1255/6270/1965 

v 78.9742 81.3731 -79.1186
vt -2.21026 0.0119137
vn 0.991491 -0.124127 -0.0392208
vt -1.7513 0.0119137
vt -1.74953 0.216149
vt -2.21203 0.216149
vn 0.997387 -0.0605252 -0.039454
f 1367/6271/1966 1366/6272/1964 1255/6273/1965 1256/6274/1967 

v 78.9156 81.1166 -79.1162
vt -2.20508 0.271155
vn 0.964636 -0.260809 -0.0381585
vt -1.75648 0.271155
vt -1.7513 0.465092
vt -2.21026 0.465092
f 1368/6275/1968 1365/6276/1963 1366/6277/1964 1367/6278/1966 

v 78.8223 80.8963 -79.1125
vt -2.19684 0.617622
vn 0.904264 -0.425473 -0.0357703
vt -1.76471 0.617622
vt -1.75648 0.792289
vt -2.20508 0.792289
f 1369/6279/1969 1364/6280/1962 1365/6281/1963 1368/6282/1968 

v 78.7008 80.7273 -79.1077
vt -2.18611 1.11775
vn 0.77212 -0.634743 -0.030543
vt -1.77545 1.11775
vt -1.76471 1.2671
vt -2.19684 1.2671
f 1370/6283/1970 1363/6284/1961 1364/6285/1962 1369/6286/1969 

vt -2.17361 1.8242
vt -1.78795 1.8242
vt -1.77545 1.9475
vt -2.18611 1.9475
f 1311/6287/1888 1312/6288/1890 1363/6289/1961 1370/6290/1970 

vt -1.70902 2.17873
vt -1.32336 2.17873
vt -1.31086 2.30204
v 78.6425 80.7273 -78.5617
vt -1.72153 2.30204
vn 0.755685 -0.637197 0.151398
f 1310/6291/1886 1311/6292/1888 1370/6293/1970 1371/6294/1971 

vt -1.72153 1.36909
vt -1.31086 1.36909
vt -1.30013 1.51845
v 78.761 80.8963 -78.538
vt -1.73226 1.51845
vn 0.886292 -0.427734 0.177565
f 1371/6295/1971 1370/6296/1970 1369/6297/1969 1372/6298/1972 

vt -1.73226 0.782534
vt -1.30013 0.782534
vt -1.29189 0.957201
v 78.8519 81.1166 -78.5198
vt -1.7405 0.957201
vn 0.946161 -0.262388 0.189559
f 1372/6299/1972 1369/6300/1969 1368/6301/1968 1373/6302/1973 

vt -1.7405 0.364523
vt -1.29189 0.364523
vt -1.28671 0.558459
v 78.9091 81.3731 -78.5083
vt -1.74567 0.558459
vn 0.972835 -0.124921 0.194903
f 1373/6303/1973 1368/6304/1968 1367/6305/1966 1374/6306/1974 

vt -1.74567 0.0421536
vt -1.28671 0.0421536
vt -1.28495 0.246389
vt -1.74744 0.246389
vn 0.978694 -0.0609171 0.196077
f 1374/6307/1974 1367/6308/1966 1256/6309/1967 1257/6310/1975 

v 78.6714 81.3731 -77.9326
vt -1.17776 0.0634651
vn 0.897025 -0.127116 0.423305
vt -0.718802 0.0634651
vt -0.717036 0.267701
vt -1.17953 0.267701
vn 0.902622 -0.0620007 0.425946
f 1375/6311/1976 1374/6312/1974 1257/6313/1975 1258/6314/1977 

v 78.6196 81.1166 -77.9571
vt -1.17259 0.430323
vn 0.871595 -0.266742 0.411305
vt -0.72398 0.430323
vt -0.718802 0.62426
vt -1.17776 0.62426
f 1376/6315/1978 1373/6316/1973 1374/6317/1974 1375/6318/1976 

v 78.5372 80.8963 -77.996
vt -1.16435 0.898755
vn 0.814776 -0.433944 0.384492
vt -0.732217 0.898755
vt -0.72398 1.07342
vt -1.17259 1.07342
f 1377/6319/1979 1372/6320/1972 1373/6321/1973 1376/6322/1978 

v 78.4298 80.7273 -78.0466
vt -1.15361 1.54622
vn 0.69195 -0.643882 0.32653
vt -0.742952 1.54622
vt -0.732217 1.69558
vt -1.16435 1.69558
f 1378/6323/1980 1371/6324/1971 1372/6325/1972 1377/6326/1979 

vt -1.14111 2.42859
vt -0.755452 2.42859
vt -0.742952 2.55189
vt -1.15361 2.55189
f 1309/6327/1884 1310/6328/1886 1371/6329/1971 1378/6330/1980 

vt -0.508579 2.55674
vt -0.122918 2.55674
vt -0.110417 2.68004
v 78.0772 80.7273 -77.5976
vt -0.52108 2.68004
vn 0.581515 -0.653299 0.48481
f 1308/6331/1882 1309/6332/1884 1378/6333/1980 1379/6334/1981 

vt -0.52108 1.63707
vt -0.110417 1.63707
vt -0.0996823 1.78643
v 78.1661 80.8963 -77.5234
vt -0.531814 1.78643
vn 0.68867 -0.442819 0.574146
f 1379/6335/1981 1378/6336/1980 1377/6337/1979 1380/6338/1982 

vt -0.531814 0.958365
vt -0.0996823 0.958365
vt -0.0914453 1.13303
v 78.2344 81.1166 -77.4666
vt -0.540051 1.13303
vn 0.738902 -0.273013 0.616025
f 1380/6339/1982 1377/6340/1979 1376/6341/1978 1381/6342/1983 

vt -0.540051 0.464072
vt -0.0914453 0.464072
vt -0.0862673 0.658009
v 78.2773 81.3731 -77.4308
vt -0.545229 0.658009
vn 0.761535 -0.130288 0.634894
f 1381/6343/1983 1376/6344/1978 1375/6345/1976 1382/6346/1984 

vt -0.545229 0.0743958
vt -0.0862673 0.0743958
vt -0.0845012 0.278631
vt -0.546996 0.278631
vn 0.766528 -0.0635681 0.639057
f 1382/6347/1984 1375/6348/1976 1258/6349/1977 1259/6350/1985 

v 77.7536 81.3731 -77.037
vt 0.108823 0.0742008
vn 0.566181 -0.133693 0.813367
vt 0.567785 0.0742008
vt 0.569551 0.278436
vt 0.107057 0.278436
vn 0.570092 -0.0652522 0.818986
f 1383/6351/1986 1382/6352/1984 1259/6353/1985 1260/6354/1987 

v 77.7225 81.1166 -77.0816
vt 0.114001 0.46347
vn 0.548505 -0.279715 0.787973
vt 0.562607 0.46347
vt 0.567785 0.657406
vt 0.108823 0.657406
f 1384/6355/1988 1381/6356/1983 1382/6357/1984 1383/6358/1986 

v 77.673 80.8963 -77.1526
vt 0.122238 0.957302
vn 0.509556 -0.452216 0.73202
vt 0.55437 0.957302
vt 0.562607 1.13197
vt 0.114001 1.13197
f 1385/6359/1989 1380/6360/1982 1381/6361/1983 1384/6362/1988 

v 77.6086 80.7273 -77.2452
vt 0.132973 1.63545
vn 0.427646 -0.663094 0.61435
vt 0.543635 1.63545
vt 0.55437 1.78481
vt 0.122238 1.78481
f 1386/6363/1990 1379/6364/1981 1380/6365/1982 1385/6366/1989 

vt 0.145473 2.55445
vt 0.531134 2.55445
vt 0.543635 2.67775
vt 0.132973 2.67775
f 1307/6367/1880 1308/6368/1882 1379/6369/1981 1386/6370/1990 

vt 0.776471 2.42188
vt 1.16213 2.42188
vt 1.17463 2.54519
v 77.056 80.7273 -77.0135
vt 0.76397 2.54519
vn 0.238551 -0.670499 0.702513
f 1306/6371/1878 1307/6372/1880 1386/6373/1990 1387/6374/1991 

vt 0.76397 1.54147
vt 1.17463 1.54147
vt 1.18537 1.69082
v 77.0916 80.8963 -76.9088
vt 0.753235 1.69082
vn 0.285591 -0.459437 0.841044
f 1387/6375/1991 1386/6376/1990 1385/6377/1989 1388/6378/1992 

vt 0.753235 0.895637
vt 1.18537 0.895637
vt 1.1936 1.0703
v 77.1189 81.1166 -76.8285
vt 0.744998 1.0703
vn 0.308209 -0.284911 0.907652
f 1388/6379/1992 1385/6380/1989 1384/6381/1988 1389/6382/1993 

vt 0.744998 0.428558
vt 1.1936 0.428558
vt 1.19878 0.622494
v 77.136 81.3731 -76.778
vt 0.73982 0.622494
vn 0.318533 -0.136344 0.938055
f 1389/6383/1993 1384/6384/1988 1383/6385/1986 1390/6386/1994 

vt 0.73982 0.0628933
vt 1.19878 0.0628933
vt 1.20055 0.267129
vt 0.738054 0.267129
vn 0.320823 -0.0665644 0.944797
f 1390/6387/1994 1383/6388/1986 1260/6389/1987 1261/6390/1995 

v 76.4667 81.3731 -76.6715
vt 1.30476 0.041244
vn 0.0382262 -0.137329 0.989788
vt 1.76372 0.041244
vt 1.76549 0.24548
vt 1.303 0.24548
vn 0.0385049 -0.0670522 0.997006
f 1391/6391/1996 1390/6392/1994 1261/6393/1995 1262/6394/1997 

v 76.4646 81.1166 -76.7244
vt 1.30994 0.361714
vn 0.0369702 -0.286836 0.957266
vt 1.75855 0.361714
vt 1.76372 0.55565
vt 1.30476 0.55565
f 1392/6395/1998 1389/6396/1993 1390/6397/1994 1391/6398/1996 

v 76.4614 80.8963 -76.8085
vt 1.31818 0.777573
vn 0.0342243 -0.462099 0.886167
vt 1.75031 0.777573
vt 1.75855 0.95224
vt 1.30994 0.95224
f 1393/6399/1999 1388/6400/1992 1389/6401/1993 1392/6402/1998 

v 76.4571 80.7273 -76.9182
vt 1.32891 1.36153
vn 0.028537 -0.673203 0.738907
vt 1.73957 1.36153
vt 1.75031 1.51088
vt 1.31818 1.51088
f 1394/6403/2000 1387/6404/1991 1388/6405/1992 1393/6406/1999 

vt 1.34141 2.16807
vt 1.72707 2.16807
vt 1.73957 2.29137
vt 1.32891 2.29137
f 1305/6407/1876 1306/6408/1878 1387/6409/1991 1394/6410/2000 

vt 1.8018 1.8103
vt 2.18746 1.8103
vt 2.19996 1.93361
v 75.8527 80.7273 -76.9659
vt 1.7893 1.93361
vn -0.183591 -0.670311 0.719012
f 1304/6411/1874 1305/6412/1876 1394/6413/2000 1395/6414/2001 

vt 1.7893 1.1079
vt 2.19996 1.1079
vt 2.21069 1.25725
v 75.8253 80.8963 -76.8587
vt 1.77856 1.25725
vn -0.219767 -0.459252 0.860691
f 1395/6415/2001 1394/6416/2000 1393/6417/1999 1396/6418/2002 

vt 1.77856 0.611157
vt 2.21069 0.611157
vt 2.21893 0.785823
v 75.8043 81.1166 -76.7765
vt 1.77032 0.785823
vn -0.237157 -0.284777 0.928794
f 1396/6419/2002 1393/6420/1999 1392/6421/1998 1397/6422/2003 

vt 1.77032 0.267495
vt 2.21893 0.267495
vt 2.22411 0.461431
v 75.7911 81.3731 -76.7248
vt 1.76515 0.461431
vn -0.245093 -0.136276 0.959874
f 1397/6423/2003 1392/6424/1998 1391/6425/1996 1398/6426/2004 

vt 1.76515 0.0107281
vt 2.22411 0.0107281
vt 2.22587 0.214964
vt 1.76338 0.214964
vn -0.246852 -0.0665306 0.966767
f 1398/6427/2004 1391/6428/1996 1262/6429/1997 1263/6430/2005 

v 75.1555 81.3731 -76.9342
vt 2.0896 -0.0265746
vn -0.501306 -0.133582 0.854897
vt 2.54856 -0.0265746
vt 2.55033 0.177661
vt 2.08784 0.177661
vn -0.504763 -0.065197 0.860793
f 1399/6431/2006 1398/6432/2004 1263/6433/2005 1264/6434/2007 

v 75.183 81.1166 -76.9812
vt 2.09478 0.152321
vn -0.48568 -0.279496 0.828249
vt 2.54339 0.152321
vt 2.54856 0.346257
vt 2.0896 0.346257
f 1400/6435/2008 1397/6436/2003 1398/6437/2004 1399/6438/2006 

v 75.2268 80.8963 -77.0559
vt 2.10302 0.407729
vn -0.45124 -0.451911 0.769519
vt 2.53515 0.407729
vt 2.54339 0.582395
vt 2.09478 0.582395
f 1401/6439/2009 1396/6440/2002 1397/6441/2003 1400/6442/2008 

v 75.2839 80.7273 -77.1532
vt 2.11375 0.797852
vn -0.37878 -0.662778 0.645949
vt 2.52441 0.797852
vt 2.53515 0.947206
vt 2.10302 0.947206
f 1402/6443/2010 1395/6444/2001 1396/6445/2002 1401/6446/2009 

vt 2.12625 1.37297
vt 2.51191 1.37297
vt 2.52441 1.49627
vt 2.11375 1.49627
f 1302/6447/1871 1304/6448/1874 1395/6449/2001 1402/6450/2010 

vt 2.29266 0.885868
vt 2.67833 0.885868
vt 2.69083 1.00917
v 74.7896 80.7273 -77.4675
vt 2.28016 1.00917
vn -0.542061 -0.652951 0.528985
f 1303/6451/1872 1302/6452/1871 1402/6453/2010 1403/6454/2011 

vt 2.28016 0.452527
vt 2.69083 0.452527
vt 2.70156 0.601882
v 74.7067 80.8963 -77.3866
vt 2.26943 0.601882
vn -0.641809 -0.442488 0.626327
f 1403/6455/2011 1402/6456/2010 1401/6457/2009 1404/6458/2012 

vt 2.26943 0.181152
vt 2.70156 0.181152
vt 2.7098 0.355818
v 74.643 81.1166 -77.3245
vt 2.26119 0.355818
vn -0.688545 -0.272778 0.671936
f 1404/6459/2012 1401/6460/2009 1400/6461/2008 1405/6462/2013 

vt 2.26119 0.024041
vt 2.7098 0.024041
vt 2.71498 0.217977
v 74.603 81.3731 -77.2854
vt 2.25601 0.217977
vn -0.709597 -0.130169 0.69248
f 1405/6463/2013 1400/6464/2008 1399/6465/2006 1406/6466/2014 

vt 2.25601 -0.068122
vt 2.71498 -0.068122
vt 2.71674 0.136114
vt 2.25425 0.136114
vn -0.714241 -0.0635092 0.697012
f 1406/6467/2014 1399/6468/2006 1264/6469/2007 1265/6470/2015 

v 74.1714 81.3731 -77.7546
vt 2.25304 -0.111083
vn -0.860992 -0.12702 0.492502
vt 2.71201 -0.111083
vt 2.71377 0.0931527
vt 2.25128 0.0931527
vn -0.866356 -0.0619534 0.49557
f 1407/6471/2016 1406/6472/2014 1265/6473/2015 1266/6474/2017 

v 74.2211 81.1166 -77.7831
vt 2.25822 -0.108603
vn -0.836619 -0.266552 0.47856
vt 2.70683 -0.108603
vt 2.71201 0.0853336
vt 2.25304 0.0853336
f 1408/6475/2018 1405/6476/2013 1406/6477/2014 1407/6478/2016 

v 74.3003 80.8963 -77.8284
vt 2.26646 -0.053133
vn -0.78215 -0.433674 0.447403
vt 2.69859 -0.053133
vt 2.70683 0.121534
vt 2.25822 0.121534
f 1409/6479/2019 1404/6480/2012 1405/6481/2013 1408/6482/2018 

v 74.4034 80.7273 -77.8874
vt 2.27719 0.0954555
vn -0.664357 -0.643593 0.380024
vt 2.68786 0.0954555
vt 2.69859 0.24481
vt 2.26646 0.24481
f 1410/6483/2020 1403/6484/2011 1404/6485/2012 1409/6486/2019 

v 74.5235 80.6211 -77.9561
vt 2.2897 0.382197
vn -0.415329 -0.8781 0.237575
vt 2.67536 0.382197
vt 2.68786 0.505501
vt 2.27719 0.505501
f 1411/6487/2021 1303/6488/1872 1403/6489/2011 1410/6490/2020 

vt 2.30311 0.790231
vn -0.233446 -0.963157 0.133535
vt 2.66194 0.790231
vt 2.67536 0.895601
vt 2.2897 0.895601
f 1282/6491/2022 1281/6492/1869 1303/6493/1872 1411/6494/2021 

vt 2.13096 0.180032
vt 2.48979 0.180032
vt 2.50321 0.285402
vt 2.11755 0.285402
f 1279/6495/1868 1282/6496/2022 1411/6497/2021 1277/6498/1866 

vt 2.11755 -0.103719
vt 2.50321 -0.103719
vt 2.51571 0.0195849
vt 2.10504 0.0195849
f 1277/6499/1866 1411/6500/2021 1410/6501/2020 1275/6502/1864 

vt 2.10504 -0.24903
vt 2.51571 -0.24903
vt 2.52644 -0.0996757
vt 2.09431 -0.0996757
f 1275/6503/1864 1410/6504/2020 1409/6505/2019 1273/6506/1862 

vt 2.09431 -0.279159
vt 2.52644 -0.279159
vt 2.53468 -0.104493
vt 2.08607 -0.104493
f 1273/6507/1862 1409/6508/2019 1408/6509/2018 1271/6510/1860 

vt 2.08607 -0.236571
vt 2.53468 -0.236571
vt 2.53986 -0.0426346
vt 2.0809 -0.0426346
f 1271/6511/1860 1408/6512/2018 1407/6513/2016 1269/6514/1856 

vt 2.0809 -0.152529
vt 2.53986 -0.152529
vt 2.54162 0.0517062
vt 2.07913 0.0517062
f 1269/6515/1856 1407/6516/2016 1266/6517/2017 1267/6518/1857 

g Mesh6 Group11 Group10 Group7 Group4 Group1 Ombrellone_Lateral_New_Sobrano_quadrado_3_5x3_5_1 Model

v 76.8762 92.9137 -80.9741
v 77.4195 92.9137 -80.7951
v 77.8918 92.9137 -80.4949
v 78.2607 92.9137 -80.0938
v 78.5013 92.9137 -79.6193
v 78.597 92.9137 -79.1036
v 78.5413 92.9137 -78.582
v 78.3381 92.9137 -78.0899
v 78.0012 92.9137 -77.6609
v 77.5536 92.9137 -77.3243
v 77.0257 92.9137 -77.1029
v 76.4535 92.9137 -77.0119
v 75.8761 92.9137 -77.0574
v 75.3327 92.9137 -77.2364
v 74.8605 92.9137 -77.5367
v 74.4915 92.9137 -77.9377
v 74.251 92.9137 -78.4123
v 74.1553 92.9137 -78.9279
v 74.2109 92.9137 -79.4496
v 74.4141 92.9137 -79.9416
v 74.751 92.9137 -80.3706
v 75.1987 92.9137 -80.7073
v 75.7266 92.9137 -80.9287
v 76.2987 92.9137 -81.0197
f 1412/5342/129 1413/5341/129 1414/5340/129 1415/5339/129 1416/5338/129 1417/5337/129 1418/5336/129 1419/5335/129 1420/5334/129 1421/5333/129 1422/5332/129 1423/5331/129 1424/5330/129 1425/5329/129 1426/5328/129 1427/5327/129 1428/5326/129 1429/5325/129 1430/5324/129 1431/5323/129 1432/5322/129 1433/5321/129 1434/5320/129 1435/5319/129 

v 76.9135 92.9335 -81.1206
vt -2.12625 -0.410967
vn 0.0632676 -0.966748 -0.247779
v 77.4975 92.9335 -80.9282
vt -2.51191 -0.410967
vn 0.131837 -0.965439 -0.224826
vt -2.4985 -0.30819
vn 0.0665121 -0.991318 -0.113426
vt -2.13967 -0.30819
vn 0.0318865 -0.991659 -0.124879
f 1436/6519/2023 1437/6520/2024 1413/6521/2025 1412/6522/2026 

v 76.9484 92.9916 -81.257
vt -2.11375 -0.283686
vn 0.122509 -0.868788 -0.479791
v 77.5702 92.9916 -81.0522
vt -2.52441 -0.283686
vn 0.254339 -0.864399 -0.433734
vt -2.51191 -0.180909
vt -2.12625 -0.180909
f 1438/6523/2027 1439/6524/2028 1437/6525/2024 1436/6526/2023 

v 76.9783 93.084 -81.3742
vt -2.10302 -0.140574
vn 0.17381 -0.711639 -0.680705
v 77.6327 93.084 -81.1586
vt -2.53515 -0.140574
vn 0.359017 -0.704459 -0.612246
vt -2.52441 -0.0377972
vt -2.11375 -0.0377972
f 1440/6527/2029 1441/6528/2030 1439/6529/2028 1438/6530/2027 

v 77.0013 93.2044 -81.4641
vt -2.09478 0.00861603
vn 0.213561 -0.504831 -0.836384
v 77.6806 93.2044 -81.2403
vt -2.54339 0.00861603
vn 0.438884 -0.497199 -0.748447
vt -2.53515 0.111393
vt -2.10302 0.111393
f 1442/6531/2031 1443/6532/2032 1441/6533/2030 1440/6534/2029 

v 77.0157 93.3446 -81.5206
vt -2.0896 0.153717
vn 0.238762 -0.261941 -0.935083
v 77.7107 93.3446 -81.2917
vt -2.54856 0.153717
vn 0.488846 -0.257019 -0.833649
vt -2.54339 0.256493
vt -2.09478 0.256493
f 1444/6535/2033 1445/6536/2034 1443/6537/2032 1442/6538/2031 

v 77.0206 93.4951 -81.5399
vt -2.08784 0.28484
vn 0.24523 -0.132186 -0.960411
v 77.7209 93.4951 -81.3092
vt -2.55033 0.28484
vn 0.501575 -0.12957 -0.855356
vt -2.54856 0.387616
vt -2.0896 0.387616
f 1446/6539/2035 1447/6540/2036 1445/6541/2034 1444/6542/2033 

vt -2.55033 0.495826
vn 0.501575 0.12957 -0.855356
vt -2.08784 0.495826
vn 0.24523 0.132186 -0.960411
v 77.0157 93.6456 -81.5206
vt -2.0896 0.393049
vn 0.238762 0.261941 -0.935083
v 77.7107 93.6456 -81.2917
vt -2.54856 0.393049
vn 0.488846 0.257019 -0.833649
f 1447/6543/2037 1446/6544/2038 1448/6545/2039 1449/6546/2040 

vt -2.22587 0.421698
v 76.2764 93.4951 -81.5986
vt -1.76338 0.421698
vn -0.0382479 0.133209 -0.99035
v 76.2771 93.6456 -81.5789
vt -1.76515 0.318922
vn -0.0372241 0.263861 -0.963842
vt -2.22411 0.318922
f 1446/6547/2038 1450/6548/2041 1451/6549/2042 1448/6550/2039 

vt -1.76338 0.358967
vn -0.0382479 -0.133209 -0.99035
vt -2.22587 0.358967
vt -2.22411 0.461743
v 76.2771 93.3446 -81.5789
vt -1.76515 0.461743
vn -0.0372241 -0.263861 -0.963842
f 1450/6551/2043 1446/6552/2035 1444/6553/2033 1452/6554/2044 

vt -1.76515 0.371047
vt -2.22411 0.371047
vt -2.21893 0.473823
v 76.2794 93.2044 -81.521
vt -1.77032 0.473823
vn -0.0332462 -0.507784 -0.860842
f 1452/6555/2044 1444/6556/2033 1442/6557/2031 1453/6558/2045 

vt -1.77032 0.354338
vt -2.21893 0.354338
vt -2.21069 0.457115
v 76.2829 93.084 -81.429
vt -1.77856 0.457115
vn -0.0270046 -0.714389 -0.699228
f 1453/6559/2045 1442/6560/2031 1440/6561/2029 1454/6562/2046 

vt -1.77856 0.30998
vt -2.21069 0.30998
vt -2.19996 0.412757
v 76.2875 92.9916 -81.3091
vt -1.7893 0.412757
vn -0.018997 -0.870451 -0.491889
f 1454/6563/2046 1440/6564/2029 1438/6565/2027 1455/6566/2047 

vt -1.7893 0.240995
vt -2.19996 0.240995
vt -2.18746 0.343772
v 76.2929 92.9335 -81.1695
vt -1.8018 0.343772
vn -0.00979692 -0.967241 -0.253671
f 1455/6567/2047 1438/6568/2027 1436/6569/2023 1456/6570/2048 

vt -1.8018 0.152085
vt -2.18746 0.152085
vt -2.17404 0.254862
vt -1.81521 0.254862
vn -0.00493572 -0.991788 -0.1278
f 1456/6571/2048 1436/6572/2023 1412/6573/2026 1435/6574/2049 

v 75.678 92.9335 -81.0717
vt -1.34141 0.612695
vn -0.0821869 -0.966781 -0.242034
vt -1.72707 0.612695
vt -1.71366 0.715472
vt -1.35483 0.715472
vn -0.0414207 -0.991668 -0.121981
f 1457/6575/2050 1456/6576/2048 1435/6577/2049 1434/6578/2051 

v 75.6327 92.9916 -81.205
vt -1.32891 0.670216
vn -0.159158 -0.868896 -0.468709
vt -1.73957 0.670216
vt -1.72707 0.772992
vt -1.34141 0.772992
f 1458/6579/2052 1455/6580/2047 1456/6581/2048 1457/6582/2050 

v 75.5939 93.084 -81.3194
vt -1.31818 0.67856
vn -0.225835 -0.711818 -0.665066
vt -1.75031 0.67856
vt -1.73957 0.781336
vt -1.32891 0.781336
f 1459/6583/2053 1454/6584/2046 1455/6585/2047 1458/6586/2052 

v 75.5641 93.2044 -81.4072
vt -1.30994 0.637159
vn -0.277519 -0.505023 -0.817273
vt -1.75855 0.637159
vt -1.75031 0.739936
vt -1.31818 0.739936
f 1460/6587/2054 1453/6588/2045 1454/6589/2046 1459/6590/2053 

v 75.5453 93.3446 -81.4624
vt -1.30476 0.548835
vn -0.310298 -0.262065 -0.913804
vt -1.76372 0.548835
vt -1.75855 0.651612
vt -1.30994 0.651612
f 1461/6591/2055 1452/6592/2044 1453/6593/2045 1460/6594/2054 

v 75.5389 93.4951 -81.4813
vt -1.303 0.419607
vn -0.318711 -0.132253 -0.93858
vt -1.76549 0.419607
vt -1.76372 0.522384
vt -1.30476 0.522384
f 1462/6595/2056 1450/6596/2043 1452/6597/2044 1461/6598/2055 

vt -1.76549 0.361058
vt -1.303 0.361058
vn -0.318711 0.132253 -0.93858
v 75.5453 93.6456 -81.4624
vt -1.30476 0.258281
vn -0.310298 0.262065 -0.913804
vt -1.76372 0.258281
f 1450/6599/2041 1462/6600/2057 1463/6601/2058 1451/6602/2042 

vt -1.20055 0.318037
v 74.8585 93.4951 -81.1959
vt -0.738054 0.318037
vn -0.566485 0.129679 -0.813804
v 74.8701 93.6456 -81.1793
vt -0.73982 0.21526
vn -0.552086 0.257223 -0.793119
vt -1.19878 0.21526
f 1462/6603/2057 1464/6604/2059 1465/6605/2060 1463/6606/2058 

vt -0.738054 0.462628
vn -0.566485 -0.129679 -0.813804
vt -1.20055 0.462628
vt -1.19878 0.565405
v 74.8701 93.3446 -81.1793
vt -0.73982 0.565405
vn -0.552086 -0.257223 -0.793119
f 1464/6607/2061 1462/6608/2056 1461/6609/2055 1466/6610/2062 

vt -0.73982 0.674967
vt -1.19878 0.674967
vt -1.1936 0.777744
v 74.9041 93.2044 -81.1305
vt -0.744998 0.777744
vn -0.495585 -0.497517 -0.71195
f 1466/6611/2062 1461/6612/2055 1460/6613/2054 1467/6614/2063 

vt -0.744998 0.837806
vt -1.1936 0.837806
vt -1.18537 0.940582
v 74.9581 93.084 -81.0528
vt -0.753235 0.940582
vn -0.405313 -0.70476 -0.582267
f 1467/6615/2063 1460/6616/2054 1459/6617/2053 1468/6618/2064 

vt -0.753235 0.940047
vt -1.18537 0.940047
vt -1.17463 1.04282
v 75.0286 92.9916 -80.9516
vt -0.76397 1.04282
vn -0.287076 -0.864585 -0.412408
f 1468/6619/2064 1459/6620/2053 1458/6621/2052 1469/6622/2065 

vt -0.76397 0.974724
vt -1.17463 0.974724
vt -1.16213 1.0775
v 75.1106 92.9335 -80.8338
vt -0.776471 1.0775
vn -0.148782 -0.965495 -0.213738
f 1469/6623/2065 1458/6624/2052 1457/6625/2050 1470/6626/2066 

vt -0.776471 0.939473
vt -1.16213 0.939473
vt -1.14872 1.04225
vt -0.789886 1.04225
vn -0.0750581 -0.991332 -0.107827
f 1470/6627/2066 1457/6628/2050 1434/6629/2051 1433/6630/2067 

v 74.6295 92.9335 -80.4719
vt -0.145473 1.11015
vn -0.204974 -0.963734 -0.170887
vt -0.531134 1.11015
vt -0.517719 1.21293
vt -0.158888 1.21293
vn -0.103546 -0.990871 -0.0863268
f 1471/6631/2068 1470/6632/2066 1433/6633/2067 1432/6634/2069 

v 74.5163 92.9916 -80.5663
vt -0.132973 1.13377
vn -0.393549 -0.858759 -0.328103
vt -0.543635 1.13377
vt -0.531134 1.23655
vt -0.145473 1.23655
f 1472/6635/2070 1469/6636/2065 1470/6637/2066 1471/6638/2068 

v 74.419 93.084 -80.6474
vt -0.122238 1.07662
vn -0.55197 -0.695388 -0.460179
vt -0.55437 1.07662
vt -0.543635 1.1794
vt -0.132973 1.1794
f 1473/6639/2071 1468/6640/2064 1469/6641/2065 1472/6642/2070 

v 74.3444 93.2044 -80.7096
vt -0.114001 0.942604
vn -0.670535 -0.487722 -0.559027
vt -0.562607 0.942604
vt -0.55437 1.04538
vt -0.122238 1.04538
f 1474/6643/2072 1467/6644/2063 1468/6645/2064 1473/6646/2071 

v 74.2975 93.3446 -80.7487
vt -0.108823 0.740846
vn -0.743497 -0.250982 -0.619855
vt -0.567785 0.740846
vt -0.562607 0.843622
vt -0.114001 0.843622
f 1475/6647/2073 1466/6648/2062 1467/6649/2063 1474/6650/2072 

v 74.2815 93.4951 -80.762
vt -0.107057 0.485098
vn -0.761924 -0.126373 -0.635218
vt -0.569551 0.485098
vt -0.567785 0.587875
vt -0.108823 0.587875
f 1476/6651/2074 1464/6652/2061 1466/6653/2062 1475/6654/2073 

vt -0.569551 0.295567
vt -0.107057 0.295567
vn -0.761924 0.126373 -0.635218
v 74.2975 93.6456 -80.7487
vt -0.108823 0.19279
vn -0.743497 0.250982 -0.619855
vt -0.567785 0.19279
f 1464/6655/2059 1476/6656/2075 1477/6657/2076 1465/6658/2060 

vt 0.0845012 0.295179
v 73.8473 93.4951 -80.2091
vt 0.546996 0.295179
vn -0.897462 0.123293 -0.423511
v 73.8666 93.6456 -80.2
vt 0.545229 0.192403
vn -0.876766 0.245148 -0.413745
vt 0.0862673 0.192403
f 1476/6659/2075 1478/6660/2077 1479/6661/2078 1477/6662/2076 

vt 0.546996 0.485486
vn -0.897462 -0.123293 -0.423511
vt 0.0845012 0.485486
vt 0.0862673 0.588263
v 73.8666 93.3446 -80.2
vt 0.545229 0.588263
vn -0.876766 -0.245148 -0.413745
f 1478/6663/2079 1476/6664/2074 1475/6665/2073 1480/6666/2080 

vt 0.545229 0.741982
vt 0.0862673 0.741982
vt 0.0914453 0.844759
v 73.9232 93.2044 -80.1733
vt 0.540051 0.844759
vn -0.794138 -0.47844 -0.374753
f 1480/6667/2080 1475/6668/2073 1474/6669/2072 1481/6670/2081 

vt 0.540051 0.944411
vt 0.0914453 0.944411
vt 0.0996823 1.04719
v 74.0133 93.084 -80.1308
vt 0.531814 1.04719
vn -0.657727 -0.686337 -0.310381
f 1481/6671/2081 1474/6672/2072 1473/6673/2071 1482/6674/2082 

vt 0.531814 1.07898
vt 0.0996823 1.07898
vt 0.110417 1.18176
v 74.1307 92.9916 -80.0754
vt 0.52108 1.18176
vn -0.471963 -0.853022 -0.222719
f 1482/6675/2082 1473/6676/2071 1472/6677/2070 1483/6678/2083 

vt 0.52108 1.13651
vt 0.110417 1.13651
vt 0.122918 1.23929
v 74.2674 92.9335 -80.0109
vt 0.508579 1.23929
vn -0.247016 -0.961975 -0.116566
f 1483/6679/2083 1472/6680/2070 1471/6681/2068 1484/6682/2084 

vt 0.508579 1.11309
vt 0.122918 1.11309
vt 0.136333 1.21587
vt 0.495164 1.21587
vn -0.124954 -0.990409 -0.0589659
f 1484/6683/2084 1471/6684/2068 1432/6685/2069 1431/6686/2085 

v 74.049 92.9335 -79.482
vt 1.14111 0.948105
vn -0.272233 -0.960685 -0.0545407
vt 0.755452 0.948105
vt 0.768867 1.05088
vt 1.1277 1.05088
vn -0.137848 -0.990068 -0.0276173
f 1485/6687/2086 1484/6688/2084 1431/6689/2085 1430/6690/2087 

v 73.8982 92.9916 -79.5122
vt 1.15361 0.982768
vn -0.518306 -0.848868 -0.10384
vt 0.742952 0.982768
vt 0.755452 1.08554
vt 1.14111 1.08554
f 1486/6691/2088 1483/6692/2083 1484/6693/2084 1485/6694/2086 

v 73.7686 93.084 -79.5382
vt 1.16435 0.946954
vn -0.719026 -0.679889 -0.144054
vt 0.732217 0.946954
vt 0.742952 1.04973
vt 1.15361 1.04973
f 1487/6695/2089 1482/6696/2082 1483/6697/2083 1486/6698/2088 

v 73.6692 93.2044 -79.5581
vt 1.17259 0.843106
vn -0.864458 -0.471929 -0.173191
vt 0.72398 0.843106
vt 0.732217 0.945882
vt 1.16435 0.945882
f 1488/6699/2090 1481/6700/2081 1482/6701/2082 1487/6702/2089 

v 73.6067 93.3446 -79.5706
vt 1.17776 0.678299
vn -0.951591 -0.241099 -0.190647
vt 0.718802 0.678299
vt 0.72398 0.781075
vt 1.17259 0.781075
f 1489/6703/2091 1480/6704/2080 1481/6705/2081 1488/6706/2090 

v 73.5854 93.4951 -79.5749
vt 1.17953 0.463765
vn -0.973292 -0.121162 -0.194995
vt 0.717036 0.463765
vt 0.718802 0.566541
vt 1.17776 0.566541
f 1490/6707/2092 1478/6708/2079 1480/6709/2080 1489/6710/2091 

vt 0.717036 0.3169
vt 1.17953 0.3169
vn -0.973292 0.121162 -0.194995
v 73.6067 93.6456 -79.5706
vt 1.17776 0.214124
vn -0.951591 0.241099 -0.190647
vt 0.718802 0.214124
f 1478/6711/2077 1490/6712/2093 1491/6713/2094 1479/6714/2078 

vt 1.28495 0.35925
v 73.5137 93.4951 -78.9026
vt 1.74744 0.35925
vn -0.991951 0.120391 0.039239
v 73.5355 93.6456 -78.9034
vt 1.74567 0.256474
vn -0.970105 0.239632 0.0383748
vt 1.28671 0.256474
f 1490/6715/2093 1492/6716/2095 1493/6717/2096 1491/6718/2094 

vt 1.74744 0.421415
vn -0.991951 -0.120391 0.039239
vt 1.28495 0.421415
vt 1.28671 0.524191
v 73.5355 93.3446 -78.9034
vt 1.74567 0.524191
vn -0.970105 -0.239632 0.0383748
f 1492/6719/2097 1490/6720/2092 1489/6721/2091 1494/6722/2098 

vt 1.74567 0.554135
vt 1.28671 0.554135
vt 1.29189 0.656912
v 73.5996 93.2044 -78.906
vt 1.7405 0.656912
vn -0.882213 -0.469555 0.0348981
f 1494/6723/2098 1489/6724/2091 1488/6725/2090 1495/6726/2099 

vt 1.7405 0.64559
vt 1.29189 0.64559
vt 1.30013 0.748367
v 73.7016 93.084 -78.91
vt 1.73226 0.748367
vn -0.734932 -0.677517 0.029072
f 1495/6727/2099 1488/6728/2090 1487/6729/2089 1496/6730/2100 

vt 1.73226 0.689547
vt 1.30013 0.689547
vt 1.31086 0.792324
v 73.8345 92.9916 -78.9152
vt 1.72153 0.792324
vn -0.53066 -0.847325 0.0209915
f 1496/6731/2100 1487/6732/2089 1486/6733/2088 1497/6734/2101 

vt 1.72153 0.683011
vt 1.31086 0.683011
vt 1.32336 0.785787
v 73.9892 92.9335 -78.9214
vt 1.70902 0.785787
vn -0.279088 -0.960202 0.01104
f 1497/6735/2101 1486/6736/2088 1485/6737/2086 1498/6738/2102 

vt 1.70902 0.626426
vt 1.32336 0.626426
vt 1.33678 0.729203
vt 1.69561 0.729203
vn -0.141372 -0.989941 0.00559233
f 1498/6739/2102 1485/6740/2086 1430/6741/2087 1429/6742/2103 

v 74.0921 92.9335 -78.3672
vt 2.17361 0.16998
vn -0.267187 -0.960653 0.0758765
vt 1.78795 0.16998
vt 1.80136 0.272756
vt 2.16019 0.272756
vn -0.135297 -0.99006 0.0384219
f 1499/6743/2104 1498/6744/2102 1429/6745/2103 1428/6746/2105 

v 73.944 92.9916 -78.3251
vt 2.18611 0.257671
vn -0.508655 -0.848766 0.14445
vt 1.77545 0.257671
vt 1.78795 0.360447
vt 2.17361 0.360447
f 1500/6747/2106 1497/6748/2101 1498/6749/2102 1499/6750/2104 

v 73.8169 93.084 -78.289
vt 2.19684 0.324299
vn -0.705561 -0.679733 0.200367
vt 1.76471 0.324299
vt 1.77545 0.427076
vt 2.18611 0.427076
f 1501/6751/2107 1496/6752/2100 1497/6753/2101 1500/6754/2106 

v 73.7193 93.2044 -78.2613
vt 2.20508 0.365326
vn -0.848182 -0.471772 0.240869
vt 1.75648 0.365326
vt 1.76471 0.468102
vt 2.19684 0.468102
f 1502/6755/2108 1495/6756/2099 1496/6757/2100 1501/6758/2107 

v 73.658 93.3446 -78.2439
vt 2.21026 0.377954
vn -0.933608 -0.241002 0.265129
vt 1.7513 0.377954
vt 1.75648 0.48073
vt 2.20508 0.48073
f 1503/6759/2109 1494/6760/2098 1495/6761/2099 1502/6762/2108 

v 73.637 93.4951 -78.2379
vt 2.21203 0.361323
vn -0.954882 -0.121111 0.27117
vt 1.74953 0.361323
vt 1.7513 0.464099
vt 2.21026 0.464099
f 1504/6763/2110 1492/6764/2097 1494/6765/2098 1503/6766/2109 

vt 1.74953 0.419343
vt 2.21203 0.419343
vn -0.954882 0.121111 0.27117
v 73.658 93.6456 -78.2439
vt 2.21026 0.316566
vn -0.933608 0.241002 0.265129
vt 1.7513 0.316566
f 1492/6767/2095 1504/6768/2111 1505/6769/2112 1493/6770/2096 

vt 2.07913 0.493082
v 73.947 93.4951 -77.6263
vt 2.54162 0.493082
vn -0.86141 0.123199 0.492741
v 73.9656 93.6456 -77.6369
vt 2.53986 0.390306
vn -0.841575 0.244971 0.481395
vt 2.0809 0.390306
f 1504/6771/2111 1506/6772/2113 1507/6773/2114 1505/6774/2112 

vt 2.54162 0.287583
vn -0.86141 -0.123199 0.492741
vt 2.07913 0.287583
vt 2.0809 0.39036
v 73.9656 93.3446 -77.6369
vt 2.53986 0.39036
vn -0.841575 -0.244971 0.481395
f 1506/6775/2115 1504/6776/2110 1503/6777/2109 1508/6778/2116 

vt 2.53986 0.16176
vt 2.0809 0.16176
vt 2.08607 0.264537
v 74.02 93.2044 -77.668
vt 2.53468 0.264537
vn -0.762362 -0.478157 0.436084
f 1508/6779/2116 1503/6780/2109 1502/6781/2108 1509/6782/2117 

vt 2.53468 0.0214113
vt 2.08607 0.0214113
vt 2.09431 0.124188
v 74.1065 93.084 -77.7175
vt 2.52644 0.124188
vn -0.631527 -0.686059 0.361244
f 1509/6783/2117 1502/6784/2108 1501/6785/2107 1510/6786/2118 

vt 2.52644 -0.123899
vt 2.09431 -0.123899
vt 2.10504 -0.0211221
v 74.2193 92.9916 -77.782
vt 2.51571 -0.0211221
vn -0.453252 -0.852844 0.259268
f 1510/6787/2118 1501/6788/2107 1500/6789/2106 1511/6790/2119 

vt 2.51571 -0.264267
vt 2.10504 -0.264267
vt 2.11755 -0.161491
v 74.3506 92.9335 -77.8571
vt 2.50321 -0.161491
vn -0.237258 -0.96192 0.135716
f 1511/6791/2119 1500/6792/2106 1499/6793/2104 1512/6794/2120 

vt 2.50321 -0.390128
vt 2.11755 -0.390128
vt 2.13096 -0.287352
vt 2.48979 -0.287352
vn -0.120024 -0.990394 0.0686556
f 1512/6795/2120 1499/6796/2104 1428/6797/2105 1427/6798/2121 

v 74.7471 92.9335 -77.4261
vt 2.67536 -1.01573
vn -0.191156 -0.96367 0.186545
vt 2.2897 -1.01573
vt 2.30311 -0.912951
vt 2.66194 -0.912951
vn -0.0965709 -0.990854 0.0942414
f 1513/6799/2122 1512/6800/2120 1427/6801/2121 1426/6802/2123 

v 74.6415 92.9916 -77.323
vt 2.68786 -0.847233
vn -0.366954 -0.858549 0.358103
vt 2.27719 -0.847233
vt 2.2897 -0.744456
vt 2.67536 -0.744456
f 1514/6803/2124 1511/6804/2119 1512/6805/2120 1513/6806/2122 

v 74.5508 93.084 -77.2345
vt 2.69859 -0.624503
vn -0.514548 -0.695054 0.502136
vt 2.26646 -0.624503
vt 2.27719 -0.521726
vt 2.68786 -0.521726
f 1515/6807/2125 1510/6808/2118 1511/6809/2119 1514/6810/2124 

v 74.4813 93.2044 -77.1666
vt 2.70683 -0.362716
vn -0.624931 -0.487376 0.609857
vt 2.25822 -0.362716
vt 2.26646 -0.259939
vt 2.69859 -0.259939
f 1516/6811/2126 1509/6812/2117 1510/6813/2118 1515/6814/2125 

v 74.4375 93.3446 -77.124
vt 2.71201 -0.0797123
vn -0.692819 -0.250764 0.676106
vt 2.25304 -0.0797123
vt 2.25822 0.0230642
vt 2.70683 0.0230642
f 1517/6815/2127 1508/6816/2116 1509/6817/2117 1516/6818/2126 

v 74.4226 93.4951 -77.1094
vt 2.71377 0.205221
vn -0.709959 -0.126257 0.692833
vt 2.25128 0.205221
vt 2.25304 0.307998
vt 2.71201 0.307998
f 1518/6819/2128 1506/6820/2115 1508/6821/2116 1517/6822/2127 

vt 2.25128 0.575444
vt 2.71377 0.575444
vn -0.709959 0.126257 0.692833
v 74.4375 93.6456 -77.124
vt 2.71201 0.472667
vn -0.692819 0.250764 0.676106
vt 2.25304 0.472667
f 1506/6823/2113 1518/6824/2129 1519/6825/2130 1507/6826/2114 

vt 2.25425 0.660815
v 75.0313 93.4951 -76.7224
vt 2.71674 0.660815
vn -0.501575 0.12957 0.855356
v 75.0416 93.6456 -76.7399
vt 2.71498 0.558038
vn -0.488846 0.257019 0.833649
vt 2.25601 0.558038
f 1518/6827/2129 1520/6828/2131 1521/6829/2132 1519/6830/2130 

vt 2.71674 0.11985
vn -0.501575 -0.12957 0.855356
vt 2.25425 0.11985
vt 2.25601 0.222627
v 75.0416 93.3446 -76.7399
vt 2.71498 0.222627
vn -0.488846 -0.257019 0.833649
f 1520/6831/2133 1518/6832/2128 1517/6833/2127 1522/6834/2134 

vt 2.71498 -0.330007
vt 2.25601 -0.330007
vt 2.26119 -0.227231
v 75.0717 93.2044 -76.7913
vt 2.7098 -0.227231
vn -0.438884 -0.497199 0.748447
f 1522/6835/2134 1517/6836/2127 1516/6837/2126 1523/6838/2135 

vt 2.7098 -0.760878
vt 2.26119 -0.760878
vt 2.26943 -0.658101
v 75.1196 93.084 -76.8729
vt 2.70156 -0.658101
vn -0.359017 -0.704459 0.612246
f 1523/6839/2135 1516/6840/2126 1515/6841/2125 1524/6842/2136 

vt 2.70156 -1.1434
vt 2.26943 -1.1434
vt 2.28016 -1.04062
v 75.182 92.9916 -76.9794
vt 2.69083 -1.04062
vn -0.254339 -0.864399 0.433734
f 1524/6843/2136 1515/6844/2125 1514/6845/2124 1525/6846/2137 

vt 2.69083 -1.4515
vt 2.28016 -1.4515
vt 2.29266 -1.34872
v 75.2547 92.9335 -77.1034
vt 2.67833 -1.34872
vn -0.131837 -0.965439 0.224826
f 1525/6847/2137 1514/6848/2124 1513/6849/2122 1526/6850/2138 

vt 2.67833 -1.66418
vt 2.29266 -1.66418
vt 2.30608 -1.56141
vt 2.66491 -1.56141
vn -0.0665121 -0.991318 0.113426
f 1526/6851/2138 1513/6852/2122 1426/6853/2123 1425/6854/2139 

v 75.8387 92.9335 -76.911
vt 2.51191 -2.29131
vn -0.0632676 -0.966748 0.247779
vt 2.12625 -2.29131
vt 2.13967 -2.18853
vt 2.4985 -2.18853
vn -0.0318865 -0.991659 0.124879
f 1527/6855/2140 1526/6856/2138 1425/6857/2139 1424/6858/2141 

v 75.8038 92.9916 -76.7745
vt 2.52441 -2.03588
vn -0.122509 -0.868788 0.479791
vt 2.11375 -2.03588
vt 2.12625 -1.93311
vt 2.51191 -1.93311
f 1528/6859/2142 1525/6860/2137 1526/6861/2138 1527/6862/2140 

v 75.7739 93.084 -76.6574
vt 2.53515 -1.64522
vn -0.17381 -0.711639 0.680705
vt 2.10302 -1.64522
vt 2.11375 -1.54244
vt 2.52441 -1.54244
f 1529/6863/2143 1524/6864/2136 1525/6865/2137 1528/6866/2142 

v 75.751 93.2044 -76.5675
vt 2.54339 -1.14594
vn -0.213561 -0.504831 0.836384
vt 2.09478 -1.14594
vt 2.10302 -1.04316
vt 2.53515 -1.04316
f 1530/6867/2144 1523/6868/2135 1524/6869/2136 1529/6870/2143 

v 75.7365 93.3446 -76.5109
vt 2.54856 -0.572068
vn -0.238762 -0.261941 0.935083
vt 2.0896 -0.572068
vt 2.09478 -0.469291
vt 2.54339 -0.469291
f 1531/6871/2145 1522/6872/2134 1523/6873/2135 1530/6874/2144 

v 75.7316 93.4951 -76.4917
vt 2.55033 0.037288
vn -0.24523 -0.132186 0.960411
vt 2.08784 0.037288
vt 2.0896 0.140065
vt 2.54856 0.140065
f 1532/6875/2146 1520/6876/2133 1522/6877/2134 1531/6878/2145 

vt 2.08784 0.743377
vt 2.55033 0.743377
vn -0.24523 0.132186 0.960411
v 75.7365 93.6456 -76.5109
vt 2.54856 0.640601
vn -0.238762 0.261941 0.935083
vt 2.0896 0.640601
f 1520/6879/2131 1532/6880/2147 1533/6881/2148 1521/6882/2132 

vt 1.76338 0.817504
v 76.4759 93.4951 -76.433
vt 2.22587 0.817504
vn 0.0382479 0.133209 0.99035
v 76.4751 93.6456 -76.4527
vt 2.22411 0.714728
vn 0.0372241 0.263861 0.963842
vt 1.76515 0.714728
f 1532/6883/2147 1534/6884/2149 1535/6885/2150 1533/6886/2148 

vt 2.22587 -0.0368392
vn 0.0382479 -0.133209 0.99035
vt 1.76338 -0.0368392
vt 1.76515 0.0659373
v 76.4751 93.3446 -76.4527
vt 2.22411 0.0659373
vn 0.0372241 -0.263861 0.963842
f 1534/6887/2151 1532/6888/2146 1531/6889/2145 1536/6890/2152 

vt 2.22411 -0.789398
vt 1.76515 -0.789398
vt 1.77032 -0.686621
v 76.4729 93.2044 -76.5105
vt 2.21893 -0.686621
vn 0.0332462 -0.507784 0.860842
f 1536/6891/2152 1531/6892/2145 1530/6893/2144 1537/6894/2153 

vt 2.21893 -1.49166
vt 1.77032 -1.49166
vt 1.77856 -1.38889
v 76.4693 93.084 -76.6025
vt 2.21069 -1.38889
vn 0.0270046 -0.714389 0.699228
f 1537/6895/2153 1530/6896/2144 1529/6897/2143 1538/6898/2154 

vt 2.21069 -2.09577
vt 1.77856 -2.09577
vt 1.7893 -1.993
v 76.4647 92.9916 -76.7224
vt 2.19996 -1.993
vn 0.018997 -0.870451 0.491889
f 1538/6899/2154 1529/6900/2143 1528/6901/2142 1539/6902/2155 

vt 2.19996 -2.56057
vt 1.7893 -2.56057
vt 1.8018 -2.45779
v 76.4593 92.9335 -76.862
vt 2.18746 -2.45779
vn 0.00979692 -0.967241 0.253671
f 1539/6903/2155 1528/6904/2142 1527/6905/2140 1540/6906/2156 

vt 2.18746 -2.85436
vt 1.8018 -2.85436
vt 1.81521 -2.75158
vt 2.17404 -2.75158
vn 0.00493572 -0.991788 0.1278
f 1540/6907/2156 1527/6908/2140 1424/6909/2141 1423/6910/2157 

v 77.0742 92.9335 -76.9599
vt 1.72707 -3.31497
vn 0.0821869 -0.966781 0.242034
vt 1.34141 -3.31497
vt 1.35483 -3.21219
vt 1.71366 -3.21219
vn 0.0414207 -0.991668 0.121981
f 1541/6911/2158 1540/6912/2156 1423/6913/2157 1422/6914/2159 

v 77.1195 92.9916 -76.8266
vt 1.73957 -2.98979
vn 0.159158 -0.868896 0.468709
vt 1.32891 -2.98979
vt 1.34141 -2.88701
vt 1.72707 -2.88701
f 1542/6915/2160 1539/6916/2155 1540/6917/2156 1541/6918/2158 

v 77.1584 93.084 -76.7121
vt 1.75031 -2.46435
vn 0.225835 -0.711818 0.665066
vt 1.31818 -2.46435
vt 1.32891 -2.36158
vt 1.73957 -2.36158
f 1543/6919/2161 1538/6920/2154 1539/6921/2155 1542/6922/2160 

v 77.1882 93.2044 -76.6243
vt 1.75855 -1.77448
vn 0.277519 -0.505023 0.817273
vt 1.30994 -1.77448
vt 1.31818 -1.67171
vt 1.75031 -1.67171
f 1544/6923/2162 1537/6924/2153 1538/6925/2154 1543/6926/2161 

v 77.2069 93.3446 -76.5691
vt 1.76372 -0.967187
vn 0.310298 -0.262065 0.913804
vt 1.30476 -0.967187
vt 1.30994 -0.86441
vt 1.75855 -0.86441
f 1545/6927/2163 1536/6928/2152 1537/6929/2153 1544/6930/2162 

v 77.2133 93.4951 -76.5503
vt 1.76549 -0.0974797
vn 0.318711 -0.132253 0.93858
vt 1.303 -0.0974797
vt 1.30476 0.00529686
vt 1.76372 0.00529686
f 1546/6931/2164 1534/6932/2151 1536/6933/2152 1545/6934/2163 

vt 1.303 0.878145
vt 1.76549 0.878145
vn 0.318711 0.132253 0.93858
v 77.2069 93.6456 -76.5691
vt 1.76372 0.775368
vn 0.310298 0.262065 0.913804
vt 1.30476 0.775368
f 1534/6935/2149 1546/6936/2165 1547/6937/2166 1535/6938/2150 

vt 0.738054 0.921166
v 77.8937 93.4951 -76.8356
vt 1.20055 0.921166
vn 0.566485 0.129679 0.813804
v 77.8821 93.6456 -76.8523
vt 1.19878 0.81839
vn 0.552086 0.257223 0.793119
vt 0.73982 0.81839
f 1546/6939/2165 1548/6940/2167 1549/6941/2168 1547/6942/2166 

vt 1.20055 -0.140501
vn 0.566485 -0.129679 0.813804
vt 0.738054 -0.140501
vt 0.73982 -0.0377243
v 77.8821 93.3446 -76.8523
vt 1.19878 -0.0377243
vn 0.552086 -0.257223 0.793119
f 1548/6943/2169 1546/6944/2164 1545/6945/2163 1550/6946/2170 

vt 1.19878 -1.09332
vt 0.73982 -1.09332
vt 0.744998 -0.990542
v 77.8481 93.2044 -76.9011
vt 1.1936 -0.990542
vn 0.495585 -0.497517 0.71195
f 1550/6947/2170 1545/6948/2163 1544/6949/2162 1551/6950/2171 

vt 1.1936 -1.97513
vt 0.744998 -1.97513
vt 0.753235 -1.87235
v 77.7941 93.084 -76.9787
vt 1.18537 -1.87235
vn 0.405313 -0.70476 0.582267
f 1551/6951/2171 1544/6952/2162 1543/6953/2161 1552/6954/2172 

vt 1.18537 -2.72584
vt 0.753235 -2.72584
vt 0.76397 -2.62307
v 77.7236 92.9916 -77.0799
vt 1.17463 -2.62307
vn 0.287076 -0.864585 0.412408
f 1552/6955/2172 1543/6956/2161 1542/6957/2160 1553/6958/2173 

vt 1.17463 -3.29429
vt 0.76397 -3.29429
vt 0.776471 -3.19152
v 77.6416 92.9335 -77.1978
vt 1.16213 -3.19152
vn 0.148782 -0.965495 0.213738
f 1553/6959/2173 1542/6960/2160 1541/6961/2158 1554/6962/2174 

vt 1.16213 -3.64175
vt 0.776471 -3.64175
vt 0.789886 -3.53897
vt 1.14872 -3.53897
vn 0.0750581 -0.991332 0.107827
f 1554/6963/2174 1541/6964/2158 1422/6965/2159 1421/6966/2175 

v 78.1227 92.9335 -77.5596
vt 0.531134 -3.81242
vn 0.204974 -0.963734 0.170887
vt 0.145473 -3.81242
vt 0.158888 -3.70965
vt 0.517719 -3.70965
vn 0.103546 -0.990871 0.0863268
f 1555/6967/2176 1554/6968/2174 1421/6969/2175 1420/6970/2177 

v 78.236 92.9916 -77.4652
vt 0.543635 -3.45334
vn 0.393549 -0.858759 0.328103
vt 0.132973 -3.45334
vt 0.145473 -3.35056
vt 0.531134 -3.35056
f 1556/6971/2178 1553/6972/2173 1554/6973/2174 1555/6974/2176 

v 78.3332 93.084 -77.3842
vt 0.55437 -2.86242
vn 0.55197 -0.695388 0.460179
vt 0.122238 -2.86242
vt 0.132973 -2.75964
vt 0.543635 -2.75964
f 1557/6975/2179 1552/6976/2172 1553/6977/2173 1556/6978/2178 

v 78.4078 93.2044 -77.322
vt 0.562607 -2.07993
vn 0.670535 -0.487722 0.559027
vt 0.114001 -2.07993
vt 0.122238 -1.97715
vt 0.55437 -1.97715
f 1558/6979/2180 1551/6980/2171 1552/6981/2172 1557/6982/2179 

v 78.4547 93.3446 -77.2829
vt 0.567785 -1.1592
vn 0.743497 -0.250982 0.619855
vt 0.108823 -1.1592
vt 0.114001 -1.05642
vt 0.562607 -1.05642
f 1559/6983/2181 1550/6984/2170 1551/6985/2171 1558/6986/2180 

v 78.4707 93.4951 -77.2695
vt 0.569551 -0.162971
vn 0.761924 -0.126373 0.635218
vt 0.107057 -0.162971
vt 0.108823 -0.0601943
vt 0.567785 -0.0601943
f 1560/6987/2182 1548/6988/2169 1550/6989/2170 1559/6990/2181 

vt 0.107057 0.943636
vt 0.569551 0.943636
vn 0.761924 0.126373 0.635218
v 78.4547 93.6456 -77.2829
vt 0.567785 0.84086
vn 0.743497 0.250982 0.619855
vt 0.108823 0.84086
f 1548/6991/2167 1560/6992/2183 1561/6993/2184 1549/6994/2168 

vt -0.546996 0.944024
v 78.9049 93.4951 -77.8224
vt -0.0845012 0.944024
vn 0.897462 0.123293 0.423511
v 78.8856 93.6456 -77.8316
vt -0.0862673 0.841247
vn 0.876766 0.245148 0.413745
vt -0.545229 0.841247
f 1560/6995/2183 1562/6996/2185 1563/6997/2186 1561/6998/2184 

vt -0.0845012 -0.163358
vn 0.897462 -0.123293 0.423511
vt -0.546996 -0.163358
vt -0.545229 -0.0605819
v 78.8856 93.3446 -77.8316
vt -0.0862673 -0.0605819
vn 0.876766 -0.245148 0.413745
f 1562/6999/2187 1560/7000/2182 1559/7001/2181 1564/7002/2188 

vt -0.0862673 -1.16033
vt -0.545229 -1.16033
vt -0.540051 -1.05756
v 78.829 93.2044 -77.8583
vt -0.0914453 -1.05756
vn 0.794138 -0.47844 0.374753
f 1564/7003/2188 1559/7004/2181 1558/7005/2180 1565/7006/2189 

vt -0.0914453 -2.08174
vt -0.540051 -2.08174
vt -0.531814 -1.97896
v 78.7389 93.084 -77.9008
vt -0.0996823 -1.97896
vn 0.657727 -0.686337 0.310381
f 1565/7007/2189 1558/7008/2180 1557/7009/2179 1566/7010/2190 

vt -0.0996823 -2.86477
vt -0.531814 -2.86477
vt -0.52108 -2.762
v 78.6215 92.9916 -77.9562
vt -0.110417 -2.762
vn 0.471963 -0.853022 0.222719
f 1566/7011/2190 1557/7012/2179 1556/7013/2178 1567/7014/2191 

vt -0.110417 -3.45608
vt -0.52108 -3.45608
vt -0.508579 -3.35331
v 78.4848 92.9335 -78.0207
vt -0.122918 -3.35331
vn 0.247016 -0.961975 0.116566
f 1567/7015/2191 1556/7016/2178 1555/7017/2176 1568/7018/2192 

vt -0.122918 -3.81537
vt -0.508579 -3.81537
vt -0.495164 -3.71259
vt -0.136333 -3.71259
vn 0.124954 -0.990409 0.0589659
f 1568/7019/2192 1555/7020/2176 1420/7021/2177 1419/7022/2193 

v 78.7032 92.9335 -78.5496
vt -0.755452 -3.65038
vn 0.272233 -0.960685 0.0545407
vt -1.14111 -3.65038
vt -1.1277 -3.5476
vt -0.768867 -3.5476
vn 0.137848 -0.990068 0.0276173
f 1569/7023/2194 1568/7024/2192 1419/7025/2193 1418/7026/2195 

v 78.8541 92.9916 -78.5193
vt -0.742952 -3.30234
vn 0.518306 -0.848868 0.10384
vt -1.15361 -3.30234
vt -1.14111 -3.19956
vt -0.755452 -3.19956
f 1570/7027/2196 1567/7028/2191 1568/7029/2192 1569/7030/2194 

v 78.9836 93.084 -78.4934
vt -0.732217 -2.73275
vn 0.719026 -0.679889 0.144054
vt -1.16435 -2.73275
vt -1.15361 -2.62997
vt -0.742952 -2.62997
f 1571/7031/2197 1566/7032/2190 1567/7033/2191 1570/7034/2196 

v 79.083 93.2044 -78.4735
vt -0.72398 -1.98043
vn 0.864458 -0.471929 0.173191
vt -1.17259 -1.98043
vt -1.16435 -1.87765
vt -0.732217 -1.87765
f 1572/7035/2198 1565/7036/2189 1566/7037/2190 1571/7038/2197 

v 79.1455 93.3446 -78.4609
vt -0.718802 -1.09665
vn 0.951591 -0.241099 0.190647
vt -1.17776 -1.09665
vt -1.17259 -0.993873
vt -0.72398 -0.993873
f 1573/7039/2199 1564/7040/2188 1565/7041/2189 1572/7042/2198 

v 79.1668 93.4951 -78.4567
vt -0.717036 -0.141637
vn 0.973292 -0.121162 0.194995
vt -1.17953 -0.141637
vt -1.17776 -0.0388607
vt -0.718802 -0.0388607
f 1574/7043/2200 1562/7044/2187 1564/7045/2188 1573/7046/2199 

vt -1.17953 0.922302
vt -0.717036 0.922302
vn 0.973292 0.121162 0.194995
v 79.1455 93.6456 -78.4609
vt -0.718802 0.819526
vn 0.951591 0.241099 0.190647
vt -1.17776 0.819526
f 1562/7047/2185 1574/7048/2201 1575/7049/2202 1563/7050/2186 

vt -1.74744 0.879953
v 79.2385 93.4951 -79.129
vt -1.28495 0.879953
vn 0.991951 0.120391 -0.039239
v 79.2167 93.6456 -79.1281
vt -1.28671 0.777176
vn 0.970105 0.239632 -0.0383748
vt -1.74567 0.777176
f 1574/7051/2201 1576/7052/2203 1577/7053/2204 1575/7054/2202 

vt -1.28495 -0.0992874
vn 0.991951 -0.120391 -0.039239
vt -1.74744 -0.0992874
vt -1.74567 0.00348915
v 79.2167 93.3446 -79.1281
vt -1.28671 0.00348915
vn 0.970105 -0.239632 -0.0383748
f 1576/7055/2205 1574/7056/2200 1573/7057/2199 1578/7058/2206 

vt -1.28671 -0.972487
vt -1.74567 -0.972487
vt -1.7405 -0.86971
v 79.1526 93.2044 -79.1256
vt -1.29189 -0.86971
vn 0.882213 -0.469555 -0.0348981
f 1578/7059/2206 1573/7060/2199 1572/7061/2198 1579/7062/2207 

vt -1.29189 -1.78291
vt -1.7405 -1.78291
vt -1.73226 -1.68014
v 79.0506 93.084 -79.1216
vt -1.30013 -1.68014
vn 0.734932 -0.677517 -0.029072
f 1579/7063/2207 1572/7064/2198 1571/7065/2197 1580/7066/2208 

vt -1.30013 -2.47534
vt -1.73226 -2.47534
vt -1.72153 -2.37257
v 78.9178 92.9916 -79.1163
vt -1.31086 -2.37257
vn 0.53066 -0.847325 -0.0209915
f 1580/7067/2208 1571/7068/2197 1570/7069/2196 1581/7070/2209 

vt -1.31086 -3.00258
vt -1.72153 -3.00258
vt -1.70902 -2.8998
v 78.763 92.9335 -79.1102
vt -1.32336 -2.8998
vn 0.279088 -0.960202 -0.01104
f 1581/7071/2209 1570/7072/2196 1569/7073/2194 1582/7074/2210 

vt -1.32336 -3.3287
vt -1.70902 -3.3287
vt -1.69561 -3.22592
vt -1.33678 -3.22592
vn 0.141372 -0.989941 -0.00559233
f 1582/7075/2210 1569/7076/2194 1418/7077/2195 1417/7078/2211 

v 78.6602 92.9335 -79.6644
vt -1.78795 -2.87225
vn 0.267187 -0.960653 -0.0758765
vt -2.17361 -2.87225
vt -2.16019 -2.76948
vt -1.80136 -2.76948
vn 0.135297 -0.99006 -0.0384219
f 1583/7079/2212 1582/7080/2210 1417/7081/2211 1416/7082/2213 

v 78.8082 92.9916 -79.7065
vt -1.77545 -2.57724
vn 0.508655 -0.848766 -0.14445
vt -2.18611 -2.57724
vt -2.17361 -2.47446
vt -1.78795 -2.47446
f 1584/7083/2214 1581/7084/2209 1582/7085/2210 1583/7086/2212 

v 78.9354 93.084 -79.7426
vt -1.76471 -2.11009
vn 0.705561 -0.679733 -0.200367
vt -2.19684 -2.11009
vt -2.18611 -2.00732
vt -1.77545 -2.00732
f 1585/7087/2215 1580/7088/2208 1581/7089/2209 1584/7090/2214 

v 79.0329 93.2044 -79.7703
vt -1.75648 -1.50265
vn 0.848182 -0.471772 -0.240869
vt -2.20508 -1.50265
vt -2.19684 -1.39987
vt -1.76471 -1.39987
f 1586/7091/2216 1579/7092/2207 1580/7093/2208 1585/7094/2215 

v 79.0943 93.3446 -79.7877
vt -1.7513 -0.796305
vn 0.933608 -0.241002 -0.265129
vt -2.21026 -0.796305
vt -2.20508 -0.693528
vt -1.75648 -0.693528
f 1587/7095/2217 1578/7096/2206 1579/7097/2207 1586/7098/2216 

v 79.1152 93.4951 -79.7936
vt -1.74953 -0.0391951
vn 0.954882 -0.121111 -0.27117
vt -2.21203 -0.0391951
vt -2.21026 0.0635815
vt -1.7513 0.0635815
f 1588/7099/2218 1576/7100/2205 1578/7101/2206 1587/7102/2217 

vt -2.21203 0.81986
vt -1.74953 0.81986
vn 0.954882 0.121111 -0.27117
v 79.0943 93.6456 -79.7877
vt -1.7513 0.717084
vn 0.933608 0.241002 -0.265129
vt -2.21026 0.717084
f 1576/7103/2203 1588/7104/2219 1589/7105/2220 1577/7106/2204 

vt -2.54162 0.746121
v 78.8052 93.4951 -80.4052
vt -2.07913 0.746121
vn 0.86141 0.123199 -0.492741
v 78.7866 93.6456 -80.3946
vt -2.0809 0.643344
vn 0.841575 0.244971 -0.481395
vt -2.53986 0.643344
f 1588/7107/2219 1590/7108/2221 1591/7109/2222 1589/7110/2220 

vt -2.07913 0.0345446
vn 0.86141 -0.123199 -0.492741
vt -2.54162 0.0345446
vt -2.53986 0.137321
v 78.7866 93.3446 -80.3946
vt -2.0809 0.137321
vn 0.841575 -0.244971 -0.481395
f 1590/7111/2223 1588/7112/2218 1587/7113/2217 1592/7114/2224 

vt -2.0809 -0.580111
vt -2.53986 -0.580111
vt -2.53468 -0.477335
v 78.7322 93.2044 -80.3635
vt -2.08607 -0.477335
vn 0.762362 -0.478157 -0.436084
f 1592/7115/2224 1587/7116/2217 1586/7117/2216 1593/7118/2225 

vt -2.08607 -1.15874
vt -2.53468 -1.15874
vt -2.52644 -1.05596
v 78.6457 93.084 -80.314
vt -2.09431 -1.05596
vn 0.631527 -0.686059 -0.361244
f 1593/7119/2225 1586/7120/2216 1585/7121/2215 1594/7122/2226 

vt -2.09431 -1.6619
vt -2.52644 -1.6619
vt -2.51571 -1.55912
v 78.533 92.9916 -80.2495
vt -2.10504 -1.55912
vn 0.453252 -0.852844 -0.259268
f 1594/7123/2226 1585/7124/2215 1584/7125/2214 1595/7126/2227 

vt -2.10504 -2.0553
vt -2.51571 -2.0553
vt -2.50321 -1.95253
v 78.4016 92.9335 -80.1744
vt -2.11755 -1.95253
vn 0.237258 -0.96192 -0.135716
f 1595/7127/2227 1584/7128/2214 1583/7129/2212 1596/7130/2228 

vt -2.11755 -2.31215
vt -2.50321 -2.31215
vt -2.48979 -2.20937
vt -2.13096 -2.20937
vn 0.120024 -0.990394 -0.0686556
f 1596/7131/2228 1583/7132/2212 1416/7133/2213 1415/7134/2229 

v 78.0051 92.9335 -80.6055
vt -2.2897 -1.68655
vn 0.191156 -0.96367 -0.186545
vt -2.67536 -1.68655
vt -2.66194 -1.58377
vt -2.30311 -1.58377
vn 0.0965709 -0.990854 -0.0942414
f 1597/7135/2230 1596/7136/2228 1415/7137/2229 1414/7138/2231 

v 78.1107 92.9916 -80.7085
vt -2.27719 -1.47234
vn 0.366954 -0.858549 -0.358103
vt -2.68786 -1.47234
vt -2.67536 -1.36956
vt -2.2897 -1.36956
f 1598/7139/2232 1595/7140/2227 1596/7141/2228 1597/7142/2230 

v 78.2014 93.084 -80.797
vt -2.26646 -1.16129
vn 0.514548 -0.695054 -0.502136
vt -2.69859 -1.16129
vt -2.68786 -1.05852
vt -2.27719 -1.05852
f 1599/7143/2233 1594/7144/2226 1595/7145/2227 1598/7146/2232 

v 78.271 93.2044 -80.8649
vt -2.25822 -0.774608
vn 0.624931 -0.487376 -0.609857
vt -2.70683 -0.774608
vt -2.69859 -0.671832
vt -2.26646 -0.671832
f 1600/7147/2234 1593/7148/2225 1594/7149/2226 1599/7150/2233 

v 78.3147 93.3446 -80.9076
vt -2.25304 -0.338639
vn 0.692819 -0.250764 -0.676106
vt -2.71201 -0.338639
vt -2.70683 -0.235862
vt -2.25822 -0.235862
f 1601/7151/2235 1592/7152/2224 1593/7153/2225 1600/7154/2234 

v 78.3296 93.4951 -80.9222
vt -2.25128 0.116906
vn 0.709959 -0.126257 -0.692833
vt -2.71377 0.116906
vt -2.71201 0.219683
vt -2.25304 0.219683
f 1602/7155/2236 1590/7156/2223 1592/7157/2224 1601/7158/2235 

vt -2.71377 0.663759
vt -2.25128 0.663759
vn 0.709959 0.126257 -0.692833
v 78.3147 93.6456 -80.9076
vt -2.25304 0.560982
vn 0.692819 0.250764 -0.676106
vt -2.71201 0.560982
f 1590/7159/2221 1602/7160/2237 1603/7161/2238 1591/7162/2222 

vt -2.71674 0.578388
vt -2.25425 0.578388
vt -2.25601 0.475611
vt -2.71498 0.475611
f 1602/7163/2237 1447/7164/2037 1449/7165/2040 1603/7166/2238 

vt -2.25425 0.202277
vt -2.71674 0.202277
vt -2.71498 0.305054
vt -2.25601 0.305054
f 1447/7167/2036 1602/7168/2236 1601/7169/2235 1445/7170/2034 

vt -2.25601 -0.0883439
vt -2.71498 -0.0883439
vt -2.7098 0.0144326
vt -2.26119 0.0144326
f 1445/7171/2034 1601/7172/2235 1600/7173/2234 1443/7174/2032 

vt -2.26119 -0.376447
vt -2.7098 -0.376447
vt -2.70156 -0.27367
vt -2.26943 -0.27367
f 1443/7175/2032 1600/7176/2234 1599/7177/2233 1441/7178/2030 

vt -2.26943 -0.642397
vt -2.70156 -0.642397
vt -2.69083 -0.539621
vt -2.28016 -0.539621
f 1441/7179/2030 1599/7180/2233 1598/7181/2232 1439/7182/2028 

vt -2.28016 -0.868071
vt -2.69083 -0.868071
vt -2.67833 -0.765295
vt -2.29266 -0.765295
f 1439/7183/2028 1598/7184/2232 1597/7185/2230 1437/7186/2024 

vt -2.29266 -1.03809
vt -2.67833 -1.03809
vt -2.66491 -0.935313
vt -2.30608 -0.935313
f 1437/7187/2024 1597/7188/2230 1414/7189/2231 1413/7190/2025 

vt -2.71498 0.815808
vt -2.25601 0.815808
v 77.6806 93.7858 -81.2403
vt -2.26119 0.713032
vn 0.438884 0.497199 -0.748447
v 78.271 93.7858 -80.8649
vt -2.7098 0.713032
vn 0.624931 0.487376 -0.609857
f 1603/7191/2238 1449/7192/2040 1604/7193/2239 1605/7194/2240 

vt -2.54856 0.573748
vt -2.0896 0.573748
v 77.0013 93.7858 -81.4641
vt -2.09478 0.470971
vn 0.213561 0.504831 -0.836384
vt -2.54339 0.470971
f 1449/7195/2040 1448/7196/2039 1606/7197/2241 1604/7198/2239 

vt -2.22411 0.356418
vt -1.76515 0.356418
v 76.2794 93.7858 -81.521
vt -1.77032 0.253641
vn -0.0332462 0.507784 -0.860842
vt -2.21893 0.253641
f 1448/7199/2039 1451/7200/2042 1607/7201/2242 1606/7202/2241 

vt -1.76372 0.178629
vt -1.30476 0.178629
v 75.5641 93.7858 -81.4072
vt -1.30994 0.0758523
vn -0.277519 0.505023 -0.817273
vt -1.75855 0.0758523
f 1451/7203/2042 1463/7204/2058 1608/7205/2243 1607/7206/2242 

vt -1.19878 0.0524972
vt -0.73982 0.0524972
v 74.9041 93.7858 -81.1305
vt -0.744998 -0.0502794
vn -0.495585 0.497517 -0.71195
vt -1.1936 -0.0502794
f 1463/7207/2058 1465/7208/2060 1609/7209/2244 1608/7210/2243 

vt -0.567785 -0.0133816
vt -0.108823 -0.0133816
v 74.3444 93.7858 -80.7096
vt -0.114001 -0.116158
vn -0.670535 0.487722 -0.559027
vt -0.562607 -0.116158
f 1465/7211/2060 1477/7212/2076 1610/7213/2245 1609/7214/2244 

vt 0.0862673 -0.014518
vt 0.545229 -0.014518
v 73.9232 93.7858 -80.1733
vt 0.540051 -0.117295
vn -0.794138 0.47844 -0.374753
vt 0.0914453 -0.117295
f 1477/7215/2076 1479/7216/2078 1611/7217/2246 1610/7218/2245 

vt 0.718802 0.0491655
vt 1.17776 0.0491655
v 73.6692 93.7858 -79.5581
vt 1.17259 -0.0536111
vn -0.864458 0.471929 -0.173191
vt 0.72398 -0.0536111
f 1479/7219/2078 1491/7220/2094 1612/7221/2247 1611/7222/2246 

vt 1.28671 0.173329
vt 1.74567 0.173329
v 73.5996 93.7858 -78.906
vt 1.7405 0.0705523
vn -0.882213 0.469555 0.0348981
vt 1.29189 0.0705523
f 1491/7223/2094 1493/7224/2096 1613/7225/2248 1612/7226/2247 

vt 1.7513 0.349511
vt 2.21026 0.349511
v 73.7193 93.7858 -78.2613
vt 2.20508 0.246734
vn -0.848182 0.471772 0.240869
vt 1.75648 0.246734
f 1493/7227/2096 1505/7228/2112 1614/7229/2249 1613/7230/2248 

vt 2.0809 0.565704
vt 2.53986 0.565704
v 74.02 93.7858 -77.668
vt 2.53468 0.462928
vn -0.762362 0.478157 0.436084
vt 2.08607 0.462928
f 1505/7231/2112 1507/7232/2114 1615/7233/2250 1614/7234/2249 

vt 2.25304 0.807176
vt 2.71201 0.807176
v 74.4813 93.7858 -77.1666
vt 2.70683 0.7044
vn -0.624931 0.487376 0.609857
vt 2.25822 0.7044
f 1507/7235/2114 1519/7236/2130 1616/7237/2251 1615/7238/2250 

vt 2.25601 1.05747
vt 2.71498 1.05747
v 75.0717 93.7858 -76.7913
vt 2.7098 0.954695
vn -0.438884 0.497199 0.748447
vt 2.26119 0.954695
f 1519/7239/2130 1521/7240/2132 1617/7241/2252 1616/7242/2251 

vt 2.0896 1.29953
vt 2.54856 1.29953
v 75.751 93.7858 -76.5675
vt 2.54339 1.19676
vn -0.213561 0.504831 0.836384
vt 2.09478 1.19676
f 1521/7243/2132 1533/7244/2148 1618/7245/2253 1617/7246/2252 

vt 1.76515 1.51686
vt 2.22411 1.51686
v 76.4729 93.7858 -76.5105
vt 2.21893 1.41409
vn 0.0332462 0.507784 0.860842
vt 1.77032 1.41409
f 1533/7247/2148 1535/7248/2150 1619/7249/2254 1618/7250/2253 

vt 1.30476 1.69465
vt 1.76372 1.69465
v 77.1882 93.7858 -76.6243
vt 1.75855 1.59187
vn 0.277519 0.505023 0.817273
vt 1.30994 1.59187
f 1535/7251/2150 1547/7252/2166 1620/7253/2255 1619/7254/2254 

vt 0.73982 1.82078
vt 1.19878 1.82078
v 77.8481 93.7858 -76.9011
vt 1.1936 1.71801
vn 0.495585 0.497517 0.71195
vt 0.744998 1.71801
f 1547/7255/2166 1549/7256/2168 1621/7257/2256 1620/7258/2255 

vt 0.108823 1.88666
vt 0.567785 1.88666
v 78.4078 93.7858 -77.322
vt 0.562607 1.78388
vn 0.670535 0.487722 0.559027
vt 0.114001 1.78388
f 1549/7259/2168 1561/7260/2184 1622/7261/2257 1621/7262/2256 

vt -0.545229 1.8878
vt -0.0862673 1.8878
v 78.829 93.7858 -77.8583
vt -0.0914453 1.78502
vn 0.794138 0.47844 0.374753
vt -0.540051 1.78502
f 1561/7263/2184 1563/7264/2186 1623/7265/2258 1622/7266/2257 

vt -1.17776 1.82411
vt -0.718802 1.82411
v 79.083 93.7858 -78.4735
vt -0.72398 1.72134
vn 0.864458 0.471929 0.173191
vt -1.17259 1.72134
f 1563/7267/2186 1575/7268/2202 1624/7269/2259 1623/7270/2258 

vt -1.74567 1.69995
vt -1.28671 1.69995
v 79.1526 93.7858 -79.1256
vt -1.29189 1.59717
vn 0.882213 0.469555 -0.0348981
vt -1.7405 1.59717
f 1575/7271/2202 1577/7272/2204 1625/7273/2260 1624/7274/2259 

vt -2.21026 1.52377
vt -1.7513 1.52377
v 79.0329 93.7858 -79.7703
vt -1.75648 1.42099
vn 0.848182 0.471772 -0.240869
vt -2.20508 1.42099
f 1577/7275/2204 1589/7276/2220 1626/7277/2261 1625/7278/2260 

vt -2.53986 1.30758
vt -2.0809 1.30758
v 78.7322 93.7858 -80.3635
vt -2.08607 1.2048
vn 0.762362 0.478157 -0.436084
vt -2.53468 1.2048
f 1589/7279/2220 1591/7280/2222 1627/7281/2262 1626/7282/2261 

vt -2.71201 1.0661
vt -2.25304 1.0661
vt -2.25822 0.963327
vt -2.70683 0.963327
f 1591/7283/2222 1603/7284/2238 1605/7285/2240 1627/7286/2262 

vt -2.70683 1.3993
vt -2.25822 1.3993
v 78.2014 93.9062 -80.797
vt -2.26646 1.29652
vn 0.514548 0.695054 -0.502136
v 78.6457 93.9062 -80.314
vt -2.69859 1.29652
vn 0.631527 0.686059 -0.361244
f 1627/7287/2262 1605/7288/2240 1628/7289/2263 1629/7290/2264 

vt -2.7098 1.00113
vt -2.26119 1.00113
v 77.6327 93.9062 -81.1586
vt -2.26943 0.898358
vn 0.359017 0.704459 -0.612246
vt -2.70156 0.898358
f 1605/7291/2240 1604/7292/2239 1630/7293/2265 1628/7294/2263 

vt -2.54339 0.616072
vt -2.09478 0.616072
v 76.9783 93.9062 -81.3742
vt -2.10302 0.513295
vn 0.17381 0.711639 -0.680705
vt -2.53515 0.513295
f 1604/7295/2239 1606/7296/2241 1631/7297/2266 1630/7298/2265 

vt -2.21893 0.27035
vt -1.77032 0.27035
v 76.2829 93.9062 -81.429
vt -1.77856 0.167573
vn -0.0270046 0.714389 -0.699228
vt -2.21069 0.167573
f 1606/7299/2241 1607/7300/2242 1632/7301/2267 1631/7302/2266 

vt -1.75855 -0.0124717
vt -1.30994 -0.0124717
v 75.5939 93.9062 -81.3194
vt -1.31818 -0.115248
vn -0.225835 0.711818 -0.665066
vt -1.75031 -0.115248
f 1607/7303/2242 1608/7304/2243 1633/7305/2268 1632/7306/2267 

vt -1.1936 -0.213118
vt -0.744998 -0.213118
v 74.9581 93.9062 -81.0528
vt -0.753235 -0.315895
vn -0.405313 0.70476 -0.582267
vt -1.18537 -0.315895
f 1608/7307/2243 1609/7308/2244 1634/7309/2269 1633/7310/2268 

vt -0.562607 -0.317916
vt -0.114001 -0.317916
v 74.419 93.9062 -80.6474
vt -0.122238 -0.420693
vn -0.55197 0.695388 -0.460179
vt -0.55437 -0.420693
f 1609/7311/2244 1610/7312/2245 1635/7313/2270 1634/7314/2269 

vt 0.0914453 -0.319724
vt 0.540051 -0.319724
v 74.0133 93.9062 -80.1308
vt 0.531814 -0.4225
vn -0.657727 0.686337 -0.310381
vt 0.0996823 -0.4225
f 1610/7315/2245 1611/7316/2246 1636/7317/2271 1635/7318/2270 

vt 0.72398 -0.218418
vt 1.17259 -0.218418
v 73.7686 93.9062 -79.5382
vt 1.16435 -0.321195
vn -0.719026 0.679889 -0.144054
vt 0.732217 -0.321195
f 1611/7319/2246 1612/7320/2247 1637/7321/2272 1636/7322/2271 

vt 1.29189 -0.0209027
vt 1.7405 -0.0209027
v 73.7016 93.9062 -78.91
vt 1.73226 -0.123679
vn -0.734932 0.677517 0.029072
vt 1.30013 -0.123679
f 1612/7323/2247 1613/7324/2248 1638/7325/2273 1637/7326/2272 

vt 1.75648 0.259362
vt 2.20508 0.259362
v 73.8169 93.9062 -78.289
vt 2.19684 0.156585
vn -0.705561 0.679733 0.200367
vt 1.76471 0.156585
f 1613/7327/2248 1614/7328/2249 1639/7329/2274 1638/7330/2273 

vt 2.08607 0.603276
vt 2.53468 0.603276
v 74.1065 93.9062 -77.7175
vt 2.52644 0.5005
vn -0.631527 0.686059 0.361244
vt 2.09431 0.5005
f 1614/7331/2249 1615/7332/2250 1640/7333/2275 1639/7334/2274 

vt 2.25822 0.987403
vt 2.70683 0.987403
v 74.5508 93.9062 -77.2345
vt 2.69859 0.884627
vn -0.514548 0.695054 0.502136
vt 2.26646 0.884627
f 1615/7335/2250 1616/7336/2251 1641/7337/2276 1640/7338/2275 

vt 2.26119 1.38557
vt 2.7098 1.38557
v 75.1196 93.9062 -76.8729
vt 2.70156 1.28279
vn -0.359017 0.704459 0.612246
vt 2.26943 1.28279
f 1616/7339/2251 1617/7340/2252 1642/7341/2277 1641/7342/2276 

vt 2.09478 1.77063
vt 2.54339 1.77063
v 75.7739 93.9062 -76.6574
vt 2.53515 1.66785
vn -0.17381 0.711639 0.680705
vt 2.10302 1.66785
f 1617/7343/2252 1618/7344/2253 1643/7345/2278 1642/7346/2277 

vt 1.77032 2.11635
vt 2.21893 2.11635
v 76.4693 93.9062 -76.6025
vt 2.21069 2.01357
vn 0.0270046 0.714389 0.699228
vt 1.77856 2.01357
f 1618/7347/2253 1619/7348/2254 1644/7349/2279 1643/7350/2278 

vt 1.30994 2.39917
vt 1.75855 2.39917
v 77.1584 93.9062 -76.7121
vt 1.75031 2.29639
vn 0.225835 0.711818 0.665066
vt 1.31818 2.29639
f 1619/7351/2254 1620/7352/2255 1645/7353/2280 1644/7354/2279 

vt 0.744998 2.59982
vt 1.1936 2.59982
v 77.7941 93.9062 -76.9787
vt 1.18537 2.49704
vn 0.405313 0.70476 0.582267
vt 0.753235 2.49704
f 1620/7355/2255 1621/7356/2256 1646/7357/2281 1645/7358/2280 

vt 0.114001 2.70462
vt 0.562607 2.70462
v 78.3332 93.9062 -77.3842
vt 0.55437 2.60184
vn 0.55197 0.695388 0.460179
vt 0.122238 2.60184
f 1621/7359/2256 1622/7360/2257 1647/7361/2282 1646/7362/2281 

vt -0.540051 2.70642
vt -0.0914453 2.70642
v 78.7389 93.9062 -77.9008
vt -0.0996823 2.60365
vn 0.657727 0.686337 0.310381
vt -0.531814 2.60365
f 1622/7363/2257 1623/7364/2258 1648/7365/2283 1647/7366/2282 

vt -1.17259 2.60512
vt -0.72398 2.60512
v 78.9836 93.9062 -78.4934
vt -0.732217 2.50234
vn 0.719026 0.679889 0.144054
vt -1.16435 2.50234
f 1623/7367/2258 1624/7368/2259 1649/7369/2284 1648/7370/2283 

vt -1.7405 2.4076
vt -1.29189 2.4076
v 79.0506 93.9062 -79.1216
vt -1.30013 2.30483
vn 0.734932 0.677517 -0.029072
vt -1.73226 2.30483
f 1624/7371/2259 1625/7372/2260 1650/7373/2285 1649/7374/2284 

vt -2.20508 2.12734
vt -1.75648 2.12734
v 78.9354 93.9062 -79.7426
vt -1.76471 2.02456
vn 0.705561 0.679733 -0.200367
vt -2.19684 2.02456
f 1625/7375/2260 1626/7376/2261 1651/7377/2286 1650/7378/2285 

vt -2.53468 1.78342
vt -2.08607 1.78342
vt -2.09431 1.68065
vt -2.52644 1.68065
f 1626/7379/2261 1627/7380/2262 1629/7381/2264 1651/7382/2286 

vt -2.52644 2.14124
vt -2.09431 2.14124
v 78.533 93.9986 -80.2495
vt -2.10504 2.03846
vn 0.453252 0.852844 -0.259268
v 78.8082 93.9986 -79.7065
vt -2.51571 2.03846
vn 0.508655 0.848766 -0.14445
f 1651/7383/2286 1629/7384/2264 1652/7385/2287 1653/7386/2288 

vt -2.69859 1.64063
vt -2.26646 1.64063
v 78.1107 93.9986 -80.7085
vt -2.27719 1.53785
vn 0.366954 0.858549 -0.358103
vt -2.68786 1.53785
f 1629/7387/2264 1628/7388/2263 1654/7389/2289 1652/7390/2287 

vt -2.70156 1.12174
vt -2.26943 1.12174
v 77.5702 93.9986 -81.0522
vt -2.28016 1.01896
vn 0.254339 0.864399 -0.433734
vt -2.69083 1.01896
f 1628/7391/2263 1630/7392/2265 1655/7393/2290 1654/7394/2289 

vt -2.53515 0.619913
vt -2.10302 0.619913
v 76.9484 93.9986 -81.257
vt -2.11375 0.517137
vn 0.122509 0.868788 -0.479791
vt -2.52441 0.517137
f 1630/7395/2265 1631/7396/2266 1656/7397/2291 1655/7398/2290 

vt -2.21069 0.16936
vt -1.77856 0.16936
v 76.2875 93.9986 -81.3091
vt -1.7893 0.066583
vn -0.018997 0.870451 -0.491889
vt -2.19996 0.066583
f 1631/7399/2266 1632/7400/2267 1657/7401/2292 1656/7402/2291 

vt -1.75031 -0.19922
vt -1.31818 -0.19922
v 75.6327 93.9986 -81.205
vt -1.32891 -0.301997
vn -0.159158 0.868896 -0.468709
vt -1.73957 -0.301997
f 1632/7403/2267 1633/7404/2268 1658/7405/2293 1657/7406/2292 

vt -1.18537 -0.460708
vt -0.753235 -0.460708
v 75.0286 93.9986 -80.9516
vt -0.76397 -0.563484
vn -0.287076 0.864585 -0.412408
vt -1.17463 -0.563484
f 1633/7407/2268 1634/7408/2269 1659/7409/2294 1658/7410/2293 

vt -0.55437 -0.597283
vt -0.122238 -0.597283
v 74.5163 93.9986 -80.5663
vt -0.132973 -0.70006
vn -0.393549 0.858759 -0.328103
vt -0.543635 -0.70006
f 1634/7411/2269 1635/7412/2270 1660/7413/2295 1659/7414/2294 

vt 0.0996823 -0.599639
vt 0.531814 -0.599639
v 74.1307 93.9986 -80.0754
vt 0.52108 -0.702416
vn -0.471963 0.853022 -0.222719
vt 0.110417 -0.702416
f 1635/7415/2270 1636/7416/2271 1661/7417/2296 1660/7418/2295 

vt 0.732217 -0.467615
vt 1.16435 -0.467615
v 73.8982 93.9986 -79.5122
vt 1.15361 -0.570391
vn -0.518306 0.848868 -0.10384
vt 0.742952 -0.570391
f 1636/7419/2271 1637/7420/2272 1662/7421/2297 1661/7422/2296 

vt 1.30013 -0.210208
vt 1.73226 -0.210208
v 73.8345 93.9986 -78.9152
vt 1.72153 -0.312984
vn -0.53066 0.847325 0.0209915
vt 1.31086 -0.312984
f 1637/7423/2272 1638/7424/2273 1663/7425/2298 1662/7426/2297 

vt 1.76471 0.15504
vt 2.19684 0.15504
v 73.944 93.9986 -78.3251
vt 2.18611 0.0522638
vn -0.508655 0.848766 0.14445
vt 1.77545 0.0522638
f 1638/7427/2273 1639/7428/2274 1664/7429/2299 1663/7430/2298 

vt 2.09431 0.603238
vt 2.52644 0.603238
v 74.2193 93.9986 -77.782
vt 2.51571 0.500462
vn -0.453252 0.852844 0.259268
vt 2.10504 0.500462
f 1639/7431/2274 1640/7432/2275 1665/7433/2300 1664/7434/2299 

vt 2.26646 1.10384
vt 2.69859 1.10384
v 74.6415 93.9986 -77.323
vt 2.68786 1.00107
vn -0.366954 0.858549 0.358103
vt 2.27719 1.00107
f 1640/7435/2275 1641/7436/2276 1666/7437/2301 1665/7438/2300 

vt 2.26943 1.62274
vt 2.70156 1.62274
v 75.182 93.9986 -76.9794
vt 2.69083 1.51996
vn -0.254339 0.864399 0.433734
vt 2.28016 1.51996
f 1641/7439/2276 1642/7440/2277 1667/7441/2302 1666/7442/2301 

vt 2.10302 2.12456
vt 2.53515 2.12456
v 75.8038 93.9986 -76.7745
vt 2.52441 2.02178
vn -0.122509 0.868788 0.479791
vt 2.11375 2.02178
f 1642/7443/2277 1643/7444/2278 1668/7445/2303 1667/7446/2302 

vt 1.77856 2.57511
vt 2.21069 2.57511
v 76.4647 93.9986 -76.7224
vt 2.19996 2.47234
vn 0.018997 0.870451 0.491889
vt 1.7893 2.47234
f 1643/7447/2278 1644/7448/2279 1669/7449/2304 1668/7450/2303 

vt 1.31818 2.94369
vt 1.75031 2.94369
v 77.1195 93.9986 -76.8266
vt 1.73957 2.84092
vn 0.159158 0.868896 0.468709
vt 1.32891 2.84092
f 1644/7451/2279 1645/7452/2280 1670/7453/2305 1669/7454/2304 

vt 0.753235 3.20518
vt 1.18537 3.20518
v 77.7236 93.9986 -77.0799
vt 1.17463 3.1024
vn 0.287076 0.864585 0.412408
vt 0.76397 3.1024
f 1645/7455/2280 1646/7456/2281 1671/7457/2306 1670/7458/2305 

vt 0.122238 3.34176
vt 0.55437 3.34176
v 78.236 93.9986 -77.4652
vt 0.543635 3.23898
vn 0.393549 0.858759 0.328103
vt 0.132973 3.23898
f 1646/7459/2281 1647/7460/2282 1672/7461/2307 1671/7462/2306 

vt -0.531814 3.34411
vt -0.0996823 3.34411
v 78.6215 93.9986 -77.9562
vt -0.110417 3.24134
vn 0.471963 0.853022 0.222719
vt -0.52108 3.24134
f 1647/7463/2282 1648/7464/2283 1673/7465/2308 1672/7466/2307 

vt -1.16435 3.21209
vt -0.732217 3.21209
v 78.8541 93.9986 -78.5193
vt -0.742952 3.10931
vn 0.518306 0.848868 0.10384
vt -1.15361 3.10931
f 1648/7467/2283 1649/7468/2284 1674/7469/2309 1673/7470/2308 

vt -1.73226 2.95468
vt -1.30013 2.95468
v 78.9178 93.9986 -79.1163
vt -1.31086 2.8519
vn 0.53066 0.847325 -0.0209915
vt -1.72153 2.8519
f 1649/7471/2284 1650/7472/2285 1675/7473/2310 1674/7474/2309 

vt -2.19684 2.58943
vt -1.76471 2.58943
vt -1.77545 2.48666
vt -2.18611 2.48666
f 1650/7475/2285 1651/7476/2286 1653/7477/2288 1675/7478/2310 

vt -2.18611 2.87857
vt -1.77545 2.87857
v 78.6602 94.0567 -79.6644
vt -1.78795 2.77579
vn 0.267187 0.960653 -0.0758765
v 78.763 94.0567 -79.1102
vt -2.17361 2.77579
vn 0.279088 0.960202 -0.01104
f 1675/7479/2310 1653/7480/2288 1676/7481/2311 1677/7482/2312 

vt -2.51571 2.35663
vt -2.10504 2.35663
v 78.4016 94.0567 -80.1744
vt -2.11755 2.25385
vn 0.237258 0.96192 -0.135716
vt -2.50321 2.25385
f 1653/7483/2288 1652/7484/2287 1678/7485/2313 1676/7486/2311 

vt -2.68786 1.77366
vt -2.27719 1.77366
v 78.0051 94.0567 -80.6055
vt -2.2897 1.67089
vn 0.191156 0.96367 -0.186545
vt -2.67536 1.67089
f 1652/7487/2287 1654/7488/2289 1679/7489/2314 1678/7490/2313 

vt -2.69083 1.1694
vt -2.28016 1.1694
v 77.4975 94.0567 -80.9282
vt -2.29266 1.06662
vn 0.131837 0.965439 -0.224826
vt -2.67833 1.06662
f 1654/7491/2289 1655/7492/2290 1680/7493/2315 1679/7494/2314 

vt -2.52441 0.585011
vt -2.11375 0.585011
v 76.9135 94.0567 -81.1206
vt -2.12625 0.482235
vn 0.0632676 0.966748 -0.247779
vt -2.51191 0.482235
f 1655/7495/2290 1656/7496/2291 1681/7497/2316 1680/7498/2315 

vt -2.19996 0.0603301
vt -1.7893 0.0603301
v 76.2929 94.0567 -81.1695
vt -1.8018 -0.0424465
vn -0.00979692 0.967241 -0.253671
vt -2.18746 -0.0424465
f 1656/7499/2291 1657/7500/2292 1682/7501/2317 1681/7502/2316 

vt -1.73957 -0.36889
vt -1.32891 -0.36889
v 75.678 94.0567 -81.0717
vt -1.34141 -0.471667
vn -0.0821869 0.966781 -0.242034
vt -1.72707 -0.471667
f 1657/7503/2292 1658/7504/2293 1683/7505/2318 1682/7506/2317 

vt -1.17463 -0.673399
vt -0.76397 -0.673399
v 75.1106 94.0567 -80.8338
vt -0.776471 -0.776175
vn -0.148782 0.965495 -0.213738
vt -1.16213 -0.776175
f 1658/7507/2293 1659/7508/2294 1684/7509/2319 1683/7510/2318 

vt -0.543635 -0.832444
vt -0.132973 -0.832444
v 74.6295 94.0567 -80.4719
vt -0.145473 -0.935221
vn -0.204974 0.963734 -0.170887
vt -0.531134 -0.935221
f 1659/7511/2294 1660/7512/2295 1685/7513/2320 1684/7514/2319 

vt 0.110417 -0.835188
vt 0.52108 -0.835188
v 74.2674 94.0567 -80.0109
vt 0.508579 -0.937964
vn -0.247016 0.961975 -0.116566
vt 0.122918 -0.937964
f 1660/7515/2295 1661/7516/2296 1686/7517/2321 1685/7518/2320 

vt 0.742952 -0.681442
vt 1.15361 -0.681442
v 74.049 94.0567 -79.482
vt 1.14111 -0.784219
vn -0.272233 0.960685 -0.0545407
vt 0.755452 -0.784219
f 1661/7519/2296 1662/7520/2297 1687/7521/2322 1686/7522/2321 

vt 1.31086 -0.381685
vt 1.72153 -0.381685
v 73.9892 94.0567 -78.9214
vt 1.70902 -0.484462
vn -0.279088 0.960202 0.01104
vt 1.32336 -0.484462
f 1662/7523/2297 1663/7524/2298 1688/7525/2323 1687/7526/2322 

vt 1.77545 0.043655
vt 2.18611 0.043655
v 74.0921 94.0567 -78.3672
vt 2.17361 -0.0591215
vn -0.267187 0.960653 0.0758765
vt 1.78795 -0.0591215
f 1663/7527/2298 1664/7528/2299 1689/7529/2324 1688/7530/2323 

vt 2.10504 0.565593
vt 2.51571 0.565593
v 74.3506 94.0567 -77.8571
vt 2.50321 0.462816
vn -0.237258 0.96192 0.135716
vt 2.11755 0.462816
f 1664/7531/2299 1665/7532/2300 1690/7533/2325 1689/7534/2324 

vt 2.27719 1.14856
vt 2.68786 1.14856
v 74.7471 94.0567 -77.4261
vt 2.67536 1.04578
vn -0.191156 0.96367 0.186545
vt 2.2897 1.04578
f 1665/7535/2300 1666/7536/2301 1691/7537/2326 1690/7538/2325 

vt 2.28016 1.75282
vt 2.69083 1.75282
v 75.2547 94.0567 -77.1034
vt 2.67833 1.65005
vn -0.131837 0.965439 0.224826
vt 2.29266 1.65005
f 1666/7539/2301 1667/7540/2302 1692/7541/2327 1691/7542/2326 

vt 2.11375 2.33721
vt 2.52441 2.33721
v 75.8387 94.0567 -76.911
vt 2.51191 2.23443
vn -0.0632676 0.966748 0.247779
vt 2.12625 2.23443
f 1667/7543/2302 1668/7544/2303 1693/7545/2328 1692/7546/2327 

vt 1.7893 2.86189
vt 2.19996 2.86189
v 76.4593 94.0567 -76.862
vt 2.18746 2.75911
vn 0.00979692 0.967241 0.253671
vt 1.8018 2.75911
f 1668/7547/2303 1669/7548/2304 1694/7549/2329 1693/7550/2328 

vt 1.32891 3.29111
vt 1.73957 3.29111
v 77.0742 94.0567 -76.9599
vt 1.72707 3.18833
vn 0.0821869 0.966781 0.242034
vt 1.34141 3.18833
f 1669/7551/2304 1670/7552/2305 1695/7553/2330 1694/7554/2329 

vt 0.76397 3.59562
vt 1.17463 3.59562
v 77.6416 94.0567 -77.1978
vt 1.16213 3.49284
vn 0.148782 0.965495 0.213738
vt 0.776471 3.49284
f 1670/7555/2305 1671/7556/2306 1696/7557/2331 1695/7558/2330 

vt 0.132973 3.75467
vt 0.543635 3.75467
v 78.1227 94.0567 -77.5596
vt 0.531134 3.65189
vn 0.204974 0.963734 0.170887
vt 0.145473 3.65189
f 1671/7559/2306 1672/7560/2307 1697/7561/2332 1696/7562/2331 

vt -0.52108 3.75741
vt -0.110417 3.75741
v 78.4848 94.0567 -78.0207
vt -0.122918 3.65463
vn 0.247016 0.961975 0.116566
vt -0.508579 3.65463
f 1672/7563/2307 1673/7564/2308 1698/7565/2333 1697/7566/2332 

vt -1.15361 3.60366
vt -0.742952 3.60366
v 78.7032 94.0567 -78.5496
vt -0.755452 3.50089
vn 0.272233 0.960685 0.0545407
vt -1.14111 3.50089
f 1673/7567/2308 1674/7568/2309 1699/7569/2334 1698/7570/2333 

vt -1.72153 3.30391
vt -1.31086 3.30391
vt -1.32336 3.20113
vt -1.70902 3.20113
f 1674/7571/2309 1675/7572/2310 1677/7573/2312 1699/7574/2334 

vt -1.70902 3.43148
vt -1.32336 3.43148
v 78.597 94.0765 -79.1036
vt -1.33678 3.3287
vn 0.141372 0.989941 -0.00559233
v 78.5413 94.0765 -78.582
vt -1.69561 3.3287
vn 0.137848 0.990068 0.0276173
f 1699/7575/2334 1677/7576/2312 1700/7577/2335 1701/7578/2336 

vt -2.17361 2.97503
vt -1.78795 2.97503
v 78.5013 94.0765 -79.6193
vt -1.80136 2.87225
vn 0.135297 0.99006 -0.0384219
vt -2.16019 2.87225
f 1677/7579/2312 1676/7580/2311 1702/7581/2337 1700/7582/2335 

vt -2.50321 2.41492
vt -2.11755 2.41492
v 78.2607 94.0765 -80.0938
vt -2.13096 2.31215
vn 0.120024 0.990394 -0.0686556
vt -2.48979 2.31215
f 1676/7583/2311 1678/7584/2313 1703/7585/2338 1702/7586/2337 

vt -2.67536 1.78932
vt -2.2897 1.78932
v 77.8918 94.0765 -80.4949
vt -2.30311 1.68655
vn 0.0965709 0.990854 -0.0942414
vt -2.66194 1.68655
f 1678/7587/2313 1679/7588/2314 1704/7589/2339 1703/7590/2338 

vt -2.67833 1.14087
vt -2.29266 1.14087
v 77.4195 94.0765 -80.7951
vt -2.30608 1.03809
vn 0.0665121 0.991318 -0.113426
vt -2.66491 1.03809
f 1679/7591/2314 1680/7592/2315 1705/7593/2340 1704/7594/2339 

vt -2.51191 0.513743
vt -2.12625 0.513743
v 76.8762 94.0765 -80.9741
vt -2.13967 0.410967
vn 0.0318865 0.991659 -0.124879
vt -2.4985 0.410967
f 1680/7595/2315 1681/7596/2316 1706/7597/2341 1705/7598/2340 

vt -2.18746 -0.0493088
vt -1.8018 -0.0493088
v 76.2987 94.0765 -81.0197
vt -1.81521 -0.152085
vn -0.00493572 0.991788 -0.1278
vt -2.17404 -0.152085
f 1681/7599/2316 1682/7600/2317 1707/7601/2342 1706/7602/2341 

vt -1.72707 -0.509919
vt -1.34141 -0.509919
v 75.7266 94.0765 -80.9287
vt -1.35483 -0.612695
vn -0.0414207 0.991668 -0.121981
vt -1.71366 -0.612695
f 1682/7603/2317 1683/7604/2318 1708/7605/2343 1707/7606/2342 

vt -1.16213 -0.836697
vt -0.776471 -0.836697
v 75.1987 94.0765 -80.7073
vt -0.789886 -0.939473
vn -0.0750581 0.991332 -0.107827
vt -1.14872 -0.939473
f 1683/7607/2318 1684/7608/2319 1709/7609/2344 1708/7610/2343 

vt -0.531134 -1.00737
vt -0.145473 -1.00737
v 74.751 94.0765 -80.3706
vt -0.158888 -1.11015
vn -0.103546 0.990871 -0.0863268
vt -0.517719 -1.11015
f 1684/7611/2319 1685/7612/2320 1710/7613/2345 1709/7614/2344 

vt 0.122918 -1.01032
vt 0.508579 -1.01032
v 74.4141 94.0765 -79.9416
vt 0.495164 -1.11309
vn -0.124954 0.990409 -0.0589659
vt 0.136333 -1.11309
f 1685/7615/2320 1686/7616/2321 1711/7617/2346 1710/7618/2345 

vt 0.755452 -0.845329
vt 1.14111 -0.845329
v 74.2109 94.0765 -79.4496
vt 1.1277 -0.948105
vn -0.137848 0.990068 -0.0276173
vt 0.768867 -0.948105
f 1686/7619/2321 1687/7620/2322 1712/7621/2347 1711/7622/2346 

vt 1.32336 -0.52365
vt 1.70902 -0.52365
v 74.1553 94.0765 -78.9279
vt 1.69561 -0.626426
vn -0.141372 0.989941 0.00559233
vt 1.33678 -0.626426
f 1687/7623/2322 1688/7624/2323 1713/7625/2348 1712/7626/2347 

vt 1.78795 -0.0672034
vt 2.17361 -0.0672034
v 74.251 94.0765 -78.4123
vt 2.16019 -0.16998
vn -0.135297 0.99006 0.0384219
vt 1.80136 -0.16998
f 1688/7627/2323 1689/7628/2324 1714/7629/2349 1713/7630/2348 

vt 2.11755 0.492905
vt 2.50321 0.492905
v 74.4915 94.0765 -77.9377
vt 2.48979 0.390128
vn -0.120024 0.990394 0.0686556
vt 2.13096 0.390128
f 1689/7631/2324 1690/7632/2325 1715/7633/2350 1714/7634/2349 

vt 2.2897 1.1185
vt 2.67536 1.1185
v 74.8605 94.0765 -77.5367
vt 2.66194 1.01573
vn -0.0965709 0.990854 0.0942414
vt 2.30311 1.01573
f 1690/7635/2325 1691/7636/2326 1716/7637/2351 1715/7638/2350 

vt 2.29266 1.76696
vt 2.67833 1.76696
v 75.3327 94.0765 -77.2364
vt 2.66491 1.66418
vn -0.0665121 0.991318 0.113426
vt 2.30608 1.66418
f 1691/7639/2326 1692/7640/2327 1717/7641/2352 1716/7642/2351 

vt 2.12625 2.39408
vt 2.51191 2.39408
v 75.8761 94.0765 -77.0574
vt 2.4985 2.29131
vn -0.0318865 0.991659 0.124879
vt 2.13967 2.29131
f 1692/7643/2327 1693/7644/2328 1718/7645/2353 1717/7646/2352 

vt 1.8018 2.95714
vt 2.18746 2.95714
v 76.4535 94.0765 -77.0119
vt 2.17404 2.85436
vn 0.00493572 0.991788 0.1278
vt 1.81521 2.85436
f 1693/7647/2328 1694/7648/2329 1719/7649/2354 1718/7650/2353 

vt 1.34141 3.41775
vt 1.72707 3.41775
v 77.0257 94.0765 -77.1029
vt 1.71366 3.31497
vn 0.0414207 0.991668 0.121981
vt 1.35483 3.31497
f 1694/7651/2329 1695/7652/2330 1720/7653/2355 1719/7654/2354 

vt 0.776471 3.74452
vt 1.16213 3.74452
v 77.5536 94.0765 -77.3243
vt 1.14872 3.64175
vn 0.0750581 0.991332 0.107827
vt 0.789886 3.64175
f 1695/7655/2330 1696/7656/2331 1721/7657/2356 1720/7658/2355 

vt 0.145473 3.9152
vt 0.531134 3.9152
v 78.0012 94.0765 -77.6609
vt 0.517719 3.81242
vn 0.103546 0.990871 0.0863268
vt 0.158888 3.81242
f 1696/7659/2331 1697/7660/2332 1722/7661/2357 1721/7662/2356 

vt -0.508579 3.91815
vt -0.122918 3.91815
v 78.3381 94.0765 -78.0899
vt -0.136333 3.81537
vn 0.124954 0.990409 0.0589659
vt -0.495164 3.81537
f 1697/7663/2332 1698/7664/2333 1723/7665/2358 1722/7666/2357 

vt -1.14111 3.75316
vt -0.755452 3.75316
vt -0.768867 3.65038
vt -1.1277 3.65038
f 1698/7667/2333 1699/7668/2334 1701/7669/2336 1723/7670/2358 

f 1718/5966/154 1719/5965/154 1720/5964/154 1721/5963/154 1722/5962/154 1723/5961/154 1701/5960/154 1700/5959/154 1702/5958/154 1703/5957/154 1704/5956/154 1705/5955/154 1706/5954/154 1707/5953/154 1708/5952/154 1709/5951/154 1710/5950/154 1711/5949/154 1712/5948/154 1713/5947/154 1714/5946/154 1715/5945/154 1716/5944/154 1717/5943/154 

g Mesh7 Group13 Group12 Group4 Group1 Ombrellone_Lateral_New_Sobrano_quadrado_3_5x3_5_1 Model

usemtl A04_Scarlet_Glow1
v 76.7979 82.7513 -80.774
vt -0.0105002 0.0103662
vn -0.483526 0.819537 -0.307509
v 94.74 89.4926 -95.7287
vt -1.30574 0.185398
v 94.875 89.4973 -95.8731
vt -1.31665 0.184492
vn -0.544922 0.746071 -0.382674
v 76.8156 82.7119 -80.8206
vt -0.0129505 0.00831683
f 1724/7671/2359 1725/7672/2359 1726/7673/2360 1727/7674/2360 

v 76.7878 82.7857 -80.7295
vt -0.00920697 0.00573357
vn -0.416348 0.8798 -0.22936
v 94.6247 89.4875 -95.5966
vt -1.29376 0.201463
v 94.7241 89.4913 -95.7111
vt -1.30217 0.200695
vn -0.451495 0.850509 -0.269791
vt -1.30348 0.200614
vt -0.011352 0.00372965
f 1728/7675/2361 1729/7676/2361 1730/7677/2362 1725/7678/2359 1724/7679/2359 

v 76.7746 82.8099 -80.6785
vt -0.00776484 0.000208337
vn -0.344481 0.926845 -0.1493
v 94.5325 89.482 -95.4797
vt -1.28057 0.231737
v 94.599 89.4849 -95.5654
vt -1.28662 0.231095
vn -0.381855 0.90437 -0.190529
vt -1.28888 0.230945
vt -0.0104087 -0.00161221
v 76.7873 82.7943 -80.717
vt -0.0098605 -0.001019
f 1731/7680/2363 1732/7681/2363 1733/7682/2364 1729/7683/2361 1728/7684/2361 1734/7685/2364 

v 76.7692 82.8271 -80.6303
vt -0.0073096 -0.00589245
vn -0.268864 0.960758 -0.0682343
v 94.4679 89.477 -95.3822
vt -1.26149 0.294032
v 94.5086 89.479 -95.4461
vt -1.26575 0.293465
vn -0.307895 0.945074 -0.109706
vt -1.26807 0.293301
vt -0.00969537 -0.00762718
f 1735/7686/2365 1736/7687/2365 1737/7688/2366 1732/7689/2363 1731/7690/2363 

v 76.7778 82.8382 -80.5909
vt -0.0093366 -0.0116002
vn -0.190293 0.98164 0.0130782
v 94.4355 89.4727 -95.3086
vt -1.21217 0.446398
v 94.4531 89.4741 -95.3542
vt -1.21497 0.445877
vn -0.230464 0.972674 -0.0281463
vt -1.21679 0.445766
vt -0.0111606 -0.0132963
f 1738/7691/2367 1739/7692/2367 1740/7693/2368 1736/7694/2365 1735/7695/2365 

v 76.8007 82.8428 -80.5618
vt -0.0184284 -0.0106562
vn -0.109437 0.98954 0.0939896
v 94.4385 89.4698 -95.2629
vt -0.876834 0.950579
v 94.4326 89.4703 -95.2903
vt -0.878502 0.950203
vn -0.15031 0.987194 0.053424
vt -0.879603 0.950333
vt -0.0202282 -0.0119875
f 1741/7696/2369 1742/7697/2369 1743/7698/2370 1739/7699/2367 1738/7700/2367 

v 76.8376 82.8404 -80.5443
vt -0.0164165 0.0220084
vn -0.0268984 0.984396 0.173898
v 94.4781 89.4684 -95.2476
vt 0.848696 0.977406
v 94.447 89.468 -95.2551
vt 0.846958 0.977789
vn -0.0681202 0.988594 0.134321
vt 0.84645 0.978249
vt -0.0185319 0.0229952
f 1744/7701/2371 1745/7702/2371 1746/7703/2372 1742/7704/2369 1741/7705/2369 

v 76.8868 82.8313 -80.5387
vt -0.00495703 0.0322989
vn 0.0567091 0.966022 0.252163
v 94.552 89.4686 -95.2627
vt 1.1989 0.489131
v 94.4958 89.4671 -95.249
vt 1.19584 0.489677
vn 0.0154254 0.976744 0.213853
vt 1.19495 0.490026
vt -0.00721459 0.033835
f 1747/7706/2373 1748/7707/2373 1749/7708/2374 1745/7709/2371 1744/7710/2371 

v 76.9462 82.816 -80.5447
vt 0.000659195 0.0366147
vn 0.14067 0.934137 0.328025
v 94.6563 89.4702 -95.306
vt 1.2557 0.336504
v 94.5784 89.4677 -95.2722
vt 1.25117 0.337071
vn 0.0996021 0.951443 0.291266
vt 1.24971 0.337383
vt -0.00215046 0.0382531
f 1750/7711/2375 1751/7712/2375 1752/7713/2376 1748/7714/2373 1747/7715/2373 

vt 1.27124 0.271732
vt 0.00187607 0.0407298
v 77.0048 82.7982 -80.559
vt 0.00480713 0.0392696
vn 0.183585 0.912446 0.365703
v 77.0119 82.7946 -80.5594
vt 0.00511395 0.0390121
vn 0.224103 0.888442 0.400561
v 94.7863 89.473 -95.3744
vt 1.27909 0.270853
v 94.694 89.4697 -95.3247
vt 1.27347 0.271402
f 1751/7716/2375 1750/7717/2375 1753/7718/2377 1754/7719/2378 1755/7720/2378 1756/7721/2377 

v 77.0661 82.7617 -80.5687
vt 0.00823701 0.0398502
vn 0.305924 0.828715 0.46866
v 94.9376 89.4765 -95.4645
vt 1.29525 0.236163
v 94.8413 89.4727 -95.4062
vt 1.28919 0.23666
vn 0.266396 0.859533 0.43616
vt 1.28579 0.237057
vt 0.0057705 0.0418106
v 77.0565 82.7684 -80.5676
vt 0.00782134 0.040238
f 1757/7722/2379 1758/7723/2379 1759/7724/2380 1755/7725/2378 1754/7726/2378 1760/7727/2380 

v 77.119 82.7221 -80.5809
vt 0.0110952 0.0396096
vn 0.384831 0.754919 0.531039
v 95.1062 89.4804 -95.5733
vt 1.30956 0.21531
v 95.0188 89.4767 -95.516
vt 1.30392 0.215717
vn 0.346869 0.792596 0.501471
vt 1.29875 0.216234
vt 0.00863872 0.0416635
f 1761/7728/2381 1762/7729/2381 1763/7730/2382 1758/7731/2379 1757/7732/2379 

v 77.1672 82.6754 -80.5935
vt 0.0135836 0.0385143
vn 0.459311 0.667325 0.586268
v 95.2882 89.484 -95.6974
vt 1.3235 0.201581
v 95.2249 89.4811 -95.6535
vt 1.31933 0.201853
vn 0.423625 0.711758 0.560306
vt 1.3116 0.202548
vt 0.0113644 0.0406855
v 77.1474 82.6995 -80.5904
vt 0.0127667 0.0396049
f 1764/7733/2383 1765/7734/2383 1766/7735/2384 1762/7736/2381 1761/7737/2381 1767/7738/2384 

v 77.2083 82.6217 -80.6045
vt 0.0156081 0.0367545
vn 0.527672 0.566643 0.632833
v 95.4788 89.4865 -95.8329
vt 1.33743 0.191901
v 95.4582 89.4854 -95.818
vt 1.33606 0.191984
vn 0.495084 0.6175 0.611217
vt 1.32479 0.192929
vt 0.0137768 0.0390518
f 1768/7739/2385 1769/7740/2385 1770/7741/2386 1765/7742/2383 1764/7743/2383 

v 77.2493 82.5645 -80.6199
vt 0.0177226 0.034548
vn 0.588124 0.454133 0.669234
v 95.6767 89.4882 -95.9792
vt 1.35162 0.184742
vt 1.33829 0.185815
vt 0.0157548 0.0369005
f 1771/7744/2387 1772/7745/2387 1769/7746/2385 1768/7747/2385 

v 77.2771 82.4999 -80.6289
vt 0.0190081 0.0319038
vn 0.639174 0.330907 0.694232
v 95.8746 89.4875 -96.1299
vt 1.36568 0.179234
v 95.7264 89.4864 -96.0167
vt 1.35556 0.180038
vn 0.615159 0.393203 0.683353
vt 1.3522 0.180386
vt 0.01784 0.0344033
v 77.2504 82.5629 -80.6204
vt 0.0178982 0.0343362
f 1773/7748/2388 1774/7749/2388 1775/7750/2389 1772/7751/2387 1771/7752/2387 1776/7753/2389 

v 77.3032 82.433 -80.641
vt 0.0203097 0.0289948
vn 0.678339 0.202041 0.706425
v 96.0508 89.4771 -96.2675
vt 1.37816 0.174742
v 96.0555 89.4788 -96.2711
vt 1.37849 0.174775
v 96.0445 89.4787 -96.2625
vt 1.37773 0.174836
vn 0.660811 0.265291 0.702103
vt 1.36607 0.17611
vt 0.0191077 0.0315338
f 1777/7754/2390 1778/7755/2390 1779/7756/2390 1780/7757/2391 1774/7758/2388 1773/7759/2388 

v 77.3215 82.3627 -80.6516
vt 0.0212208 0.0258659
vn 0.705242 0.0685178 0.705648
v 96.2227 89.4644 -96.4057
vt 1.39034 0.171289
vt 1.37873 0.172749
vt 1.3784 0.172716
vt 0.020394 0.0284714
v 77.3154 82.3985 -80.6489
vt 0.0210272 0.0271746
vn 0.693134 0.136915 0.707686
f 1781/7760/2392 1782/7761/2392 1779/7762/2390 1778/7763/2390 1777/7764/2390 1783/7765/2393 

v 77.3317 82.2898 -80.6602
vt 0.0217254 0.0225118
vn 0.719165 -0.0682415 0.691481
v 96.3505 89.4357 -96.5123
vt 1.39942 0.168303
vt 1.39048 0.170058
vt 0.0213028 0.0251686
f 1784/7766/2394 1785/7767/2394 1782/7768/2392 1781/7769/2392 

v 77.3396 82.2176 -80.6716
vt 0.0222554 0.0190492
vn 0.719452 -0.201709 0.664607
v 96.4371 89.3931 -96.5894
vt 1.40561 0.165922
vt 1.39945 0.167961
vt 0.0218044 0.0216936
f 1786/7770/2395 1787/7771/2395 1785/7772/2394 1784/7773/2394 

v 77.3335 82.1427 -80.6762
vt 0.0219796 0.0154029
vn 0.706631 -0.329956 0.625941
v 96.4475 89.3243 -96.6077
vt 1.40636 0.163935
v 96.4415 89.3875 -96.594
vt 1.40585 0.166283
vn 0.714696 -0.266087 0.646845
vt 1.40553 0.166511
vt 0.0223371 0.018107
f 1788/7774/2396 1789/7775/2396 1790/7776/2397 1787/7777/2395 1786/7778/2395 

v 77.3253 82.0705 -80.6837
vt 0.0217651 0.0116806
vn 0.681527 -0.450322 0.576829
v 96.4512 89.2566 -96.6251
vt 1.40671 0.163068
vt 1.40615 0.165631
vt 0.022069 0.0143379
f 1791/7779/2398 1792/7780/2398 1789/7781/2396 1788/7782/2396 

v 77.3097 81.9999 -80.6895
vt 0.0212369 0.00785197
vn 0.645299 -0.560712 0.518836
v 96.4518 89.1922 -96.6445
vt 1.40689 0.163702
vt 1.40634 0.166211
vt 0.0218685 0.0104929
v 77.3196 82.0324 -80.6894
vt 0.021735 0.00904857
vn 0.665036 -0.505912 0.549345
f 1793/7783/2399 1794/7784/2399 1792/7785/2398 1791/7786/2398 1795/7787/2400 

v 77.286 81.9318 -80.6932
vt 0.0203741 0.00392024
vn 0.599296 -0.659618 0.453594
v 96.4493 89.1319 -96.6658
vt 1.40681 0.166442
vt 1.40628 0.168887
vt 0.0213635 0.00654359
f 1796/7788/2401 1797/7789/2401 1794/7790/2399 1793/7791/2399 

v 77.2615 81.8694 -80.7004
vt 0.0197051 -4.31345e-05
vn 0.544922 -0.746071 0.382674
v 96.4435 89.0767 -96.6887
vt 1.40635 0.172338
vt 1.40582 0.174715
vt 0.0205383 0.00250244
f 1798/7792/2402 1799/7793/2402 1797/7794/2401 1796/7795/2401 

v 77.2267 81.8103 -80.7033
vt 0.0185916 -0.00409315
vn 0.483526 -0.819537 0.307509
v 96.4345 89.0272 -96.7131
vt 1.4052 0.183286
vt 1.40468 0.185596
vt 0.0199314 -0.00153158
v 77.2552 81.8557 -80.7031
vt 0.0197704 -0.00214228
vn 0.51583 -0.783477 0.34653
f 1800/7796/2403 1801/7797/2403 1799/7798/2402 1798/7799/2402 1802/7800/2404 

v 77.1847 81.7564 -80.7044
vt 0.0173245 -0.00814583
vn 0.416348 -0.8798 0.22936
v 96.4221 88.9844 -96.7387
vt 1.40274 0.202952
vt 1.40221 0.205203
vt 0.0189273 -0.00557085
v 77.2178 81.7977 -80.7046
vt 0.018631 -0.00618085
vn 0.451495 -0.850509 0.269791
f 1803/7801/2405 1804/7802/2405 1801/7803/2403 1800/7804/2403 1805/7805/2406 

v 77.142 81.7111 -80.7088
vt 0.0165053 -0.011987
vn 0.344481 -0.926845 0.1493
v 96.4062 88.9492 -96.7655
vt 1.39727 0.23918
vt 1.39672 0.241381
vt 0.0178712 -0.00943703
f 1806/7806/2407 1807/7807/2407 1804/7808/2405 1803/7809/2405 

v 77.0937 81.6738 -80.7122
vt 0.016095 -0.015335
vn 0.268864 -0.960758 0.0682343
v 96.3868 88.9227 -96.793
vt 1.38326 0.311609
vt 1.38262 0.313763
vt 0.0175146 -0.0126903
v 77.1259 81.6975 -80.7126
vt 0.0171622 -0.0136835
vn 0.307895 -0.945074 0.109706
f 1808/7810/2408 1809/7811/2408 1807/7812/2407 1806/7813/2407 1810/7814/2409 

v 77.0478 81.6486 -80.7205
vt 0.0176477 -0.0170072
vn 0.190293 -0.98164 -0.0130782
v 96.3641 88.9063 -96.8207
vt 1.33347 0.484013
vt 1.3326 0.486075
vt 0.0183706 -0.0143414
f 1811/7815/2410 1812/7816/2410 1809/7817/2408 1808/7818/2408 

v 77.0108 81.6388 -80.7379
vt 0.0250429 -0.00948416
vn 0.109437 -0.98954 -0.0939896
v 96.3387 88.9008 -96.8477
vt 0.965701 1.04386
vt 0.964022 1.04532
vt 0.0239228 -0.00739166
f 1813/7819/2411 1814/7820/2411 1812/7821/2410 1811/7822/2410 

v 76.9844 81.6451 -80.7641
vt 0.0133519 0.0255238
vn 0.0268984 -0.984396 -0.173898
v 96.3113 88.9067 -96.8731
vt -0.934466 1.07226
vt -0.936118 1.07076
vt 0.0117474 0.0239728
f 1815/7823/2412 1816/7824/2412 1814/7825/2411 1813/7826/2411 

v 76.9691 81.667 -80.798
vt -7.38743e-05 0.0302165
vn -0.0567091 -0.966022 -0.252163
v 96.2829 88.9237 -96.8961
vt -1.31628 0.529681
vt -1.31711 0.527606
vt -1.69366e-05 0.0278021
f 1817/7827/2413 1818/7828/2413 1816/7829/2412 1815/7830/2412 

v 76.9623 81.702 -80.8359
vt -0.00525357 0.0306334
vn -0.14067 -0.934137 -0.328025
v 96.2545 88.9506 -96.916
vt -1.37241 0.357313
vt -1.37302 0.355149
vt -0.00433406 0.028104
v 76.966 81.6946 -80.8288
vt -0.00518595 0.0300789
vn -0.0996021 -0.951443 -0.291266
f 1819/7831/2414 1820/7832/2414 1818/7833/2413 1817/7834/2413 1821/7835/2415 

v 76.9531 81.7446 -80.8682
vt -0.00814685 0.0302929
vn -0.224103 -0.888442 -0.400561
v 96.2266 88.9862 -96.9327
vt -1.38957 0.281688
vt -1.3901 0.279478
vt -0.0073409 0.0278393
f 1822/7836/2416 1823/7837/2416 1820/7838/2414 1819/7839/2414 

v 76.95 81.7967 -80.9016
vt -0.0106476 0.0297297
vn -0.305924 -0.828715 -0.46866
v 96.1996 89.0293 -96.9461
vt -1.39691 0.241181
vt -1.39741 0.238922
vt -0.00943006 0.0272073
f 1824/7840/2417 1825/7841/2417 1823/7842/2416 1822/7843/2416 

v 76.9514 81.8568 -80.9346
vt -0.0130151 0.0290936
vn -0.384831 -0.754919 -0.531039
v 96.1737 89.0791 -96.9564
vt -1.40063 0.216859
vt -1.40114 0.214541
vt -0.0115485 0.0265088
v 76.9525 81.851 -80.9321
vt -0.0129483 0.028837
vn -0.346869 -0.792596 -0.501471
f 1826/7844/2418 1827/7845/2418 1825/7846/2417 1824/7847/2417 1828/7848/2419 

v 76.9454 81.9193 -80.9572
vt -0.0145324 0.0283864
vn -0.459311 -0.667325 -0.586268
v 96.1492 89.1346 -96.9635
vt -1.40271 0.201197
vt -1.40322 0.198813
vt -0.0137045 0.0258359
f 1829/7849/2420 1830/7850/2420 1827/7851/2418 1826/7852/2418 

v 76.9433 81.9876 -80.9786
vt -0.0160777 0.0277755
vn -0.527672 -0.566643 -0.632833
v 96.1262 89.1951 -96.9676
vt -1.40391 0.19067
vt -1.40444 0.188219
vt -0.0150929 0.0251477
f 1831/7853/2421 1832/7854/2421 1830/7855/2420 1829/7856/2420 

v 76.9394 82.0587 -80.9942
vt -0.017279 0.0272221
vn -0.58812 -0.454141 -0.669232
v 96.1049 89.2597 -96.9686
vt -1.4046 0.183431
vt -1.40513 0.180917
vt -0.0165558 0.0245666
v 76.9442 82.028 -80.9898
vt -0.0171736 0.0260582
vn -0.559519 -0.510795 -0.652707
f 1833/7857/2422 1834/7858/2422 1832/7859/2421 1831/7860/2421 1835/7861/2423 

v 76.9319 82.131 -81.0021
vt -0.0180029 0.0266942
vn -0.638895 -0.331682 -0.694118
v 96.0724 89.3227 -96.9558
vt -1.404 0.178327
v 96.0976 89.2872 -96.9683
vt -1.40532 0.176901
vn -0.615151 -0.39322 -0.68335
vt -1.4055 0.175864
vt -0.0177028 0.0240341
f 1836/7862/2424 1837/7863/2424 1838/7864/2425 1834/7865/2422 1833/7866/2422 

v 76.9273 82.206 -81.0079
vt -0.0187467 0.0262074
vn -0.67841 -0.201751 -0.706439
v 96.0059 89.3743 -96.9099
vt -1.40055 0.17455
vt -1.40469 0.172326
vt -0.0183914 0.0235013
f 1839/7867/2426 1840/7868/2426 1837/7869/2424 1836/7870/2424 

v 76.9153 82.2787 -81.0025
vt -0.018742 0.0256288
vn -0.705418 -0.0673522 -0.705585
v 95.9202 89.4194 -96.8432
vt -1.39538 0.171833
v 95.949 89.402 -96.8655
vt -1.39729 0.171051
vn -0.693596 -0.134617 -0.707675
vt -1.40109 0.169745
vt -0.0191134 0.022975
v 76.9272 82.2134 -81.0082
vt -0.019152 0.023238
f 1841/7871/2427 1842/7872/2427 1843/7873/2428 1840/7874/2426 1839/7875/2426 1844/7876/2428 

v 76.905 82.3515 -80.994
vt -0.0186736 0.0249699
vn -0.719161 0.0681771 -0.69149
v 95.811 89.455 -96.7521
vt -1.3882 0.169897
vt -1.39579 0.167999
vt -0.0190977 0.0223132
f 1845/7877/2429 1846/7878/2429 1842/7879/2427 1841/7880/2427 

v 76.8931 82.4222 -80.9792
vt -0.0182833 0.0241359
vn -0.719455 0.201648 -0.664623
v 95.673 89.4783 -96.6322
vt -1.37862 0.168565
vt -1.3885 0.166922
vt -0.0190277 0.0215227
v 76.9009 82.3943 -80.9876
vt -0.0187957 0.0230875
vn -0.72098 0.135011 -0.679676
f 1847/7881/2430 1848/7882/2430 1846/7883/2429 1845/7884/2429 1849/7885/2431 

v 76.8777 82.4891 -80.9566
vt -0.0174443 0.0230235
vn -0.706631 0.329956 -0.625941
v 95.5225 89.4944 -96.4971
vt -1.36784 0.16791
vt -1.37883 0.166422
vt -0.0186461 0.0204866
f 1850/7886/2432 1851/7887/2432 1848/7888/2430 1847/7889/2430 

v 76.8659 82.5538 -80.9325
vt -0.016685 0.0216106
vn -0.681527 0.450322 -0.576829
v 95.3551 89.5007 -96.3433
vt -1.35553 0.167959
vt -1.36794 0.166691
vt -0.0178255 0.0191112
f 1852/7890/2433 1853/7891/2433 1851/7892/2432 1850/7893/2432 

v 76.8467 82.6112 -80.8976
vt -0.0152026 0.0197067
vn -0.645299 0.560712 -0.518836
v 95.1903 89.5034 -96.187
vt -1.34305 0.169056
v 95.3294 89.5001 -96.3192
vt -1.35355 0.168029
vn -0.665036 0.505912 -0.549345
vt -1.35548 0.167884
vt -0.0170977 0.01735
v 76.8653 82.5586 -80.9305
vt -0.0170139 0.0175422
f 1854/7894/2434 1855/7895/2434 1856/7896/2435 1853/7897/2433 1852/7898/2433 1857/7899/2435 

v 76.8314 82.6647 -80.8615
vt -0.0138369 0.0172942
vn -0.599296 0.659618 -0.453594
v 95.0276 89.5015 -96.028
vt -1.33031 0.171615
v 95.0862 89.5006 -96.0859
vt -1.33483 0.171175
vn -0.623917 0.610628 -0.48771
vt -1.3428 0.170572
vt -0.0156648 0.0150011
f 1858/7900/2436 1859/7901/2436 1860/7902/2437 1855/7903/2434 1854/7904/2434 

vt -0.0122942 0.0142232
vt -1.31778 0.176515
v 94.8851 89.4972 -95.8836
vt -1.31858 0.176434
vn -0.573728 0.703395 -0.419609
vt -1.32975 0.175562
vt -0.0143748 0.0120399
v 76.8251 82.695 -80.8393
vt -0.0133484 0.0134112
f 1727/7905/2360 1726/7906/2360 1861/7907/2438 1859/7908/2436 1858/7909/2436 1862/7910/2438 

g Mesh8 Group14 Component_111_1 Group12 Group4 Group1 Ombrellone_Lateral_New_Sobrano_quadrado_3_5x3_5_1 Model

usemtl M04_Stone_Frost
v 74.9772 82.6109 -77.6139
vt -0.199503 0.195853
vn 0.461942 0.760637 0.456115
v 59.243 88.952 -58.9096
vt -24.809 3.50278
v 59.1258 88.9598 -58.7279
vt -25.0164 3.48568
vn 0.505672 0.669988 0.543517
v 74.9628 82.5773 -77.5545
vt -0.246059 0.157133
f 1863/7911/2439 1864/7912/2439 1865/7913/2440 1866/7914/2440 

v 74.9848 82.6401 -77.6709
vt -0.174932 0.108326
vn 0.40748 0.840909 0.356135
v 59.343 88.9441 -59.0763
vt -24.5814 3.80632
v 59.2568 88.9503 -58.9317
vt -24.7412 3.7918
vn 0.436785 0.80122 0.408981
vt -24.7662 3.79027
vt -0.215687 0.0704656
f 1867/7915/2441 1868/7916/2441 1869/7917/2442 1864/7918/2439 1863/7919/2439 

v 74.9953 82.6604 -77.7364
vt -0.147532 0.00393618
vn 0.342595 0.906957 0.245064
v 59.4226 88.9364 -59.2241
vt -24.3309 4.37828
v 59.3652 88.941 -59.1156
vt -24.4458 4.36616
vn 0.377116 0.875109 0.303263
vt -24.4886 4.36334
vt -0.197766 -0.03046
v 74.9849 82.6475 -77.687
vt -0.18735 -0.0192523
f 1870/7920/2443 1871/7921/2443 1872/7922/2444 1868/7923/2441 1867/7924/2441 1873/7925/2444 

v 74.9987 82.6746 -77.7986
vt -0.138882 -0.111328
vn 0.268461 0.955068 0.125596
v 59.478 88.9297 -59.348
vt -23.9683 5.55526
v 59.4432 88.933 -59.2667
vt -24.0492 5.54454
vn 0.307365 0.932948 0.18744
vt -24.0933 5.54144
vt -0.184212 -0.144103
f 1874/7926/2445 1875/7927/2445 1876/7928/2446 1871/7929/2443 1870/7930/2443 

v 74.99 82.6839 -77.8501
vt -0.177395 -0.219167
vn 0.187157 0.982329 0.00150751
v 59.5052 88.9245 -59.4422
vt -23.0312 8.43396
v 59.4906 88.9266 -59.3838
vt -23.0843 8.42412
vn 0.229124 0.971242 0.0647473
vt -23.1189 8.42201
vt -0.212052 -0.251211
f 1877/7931/2447 1878/7932/2447 1879/7933/2448 1875/7934/2445 1874/7935/2445 

v 74.9687 82.6877 -77.8889
vt -0.350139 -0.201331
vn 0.101476 0.987232 -0.122783
v 59.5014 88.9213 -59.5018
vt -16.6598 17.9596
v 59.5074 88.9221 -59.4659
vt -16.6915 17.9525
vn 0.14488 0.987592 -0.0605928
vt -16.7125 17.955
vt -0.384336 -0.226484
f 1880/7936/2449 1881/7937/2449 1882/7938/2450 1878/7939/2447 1877/7940/2447 

v 74.9353 82.6858 -77.9134
vt -0.311914 0.415813
vn 0.014542 0.969957 -0.242842
v 59.4656 88.9203 -59.5235
vt 16.1252 18.4665
v 59.4936 88.9197 -59.5123
vt 16.0922 18.4737
vn 0.0577367 0.981243 -0.183923
vt 16.0826 18.4824
vt -0.352106 0.434456
f 1883/7941/2451 1884/7942/2451 1885/7943/2452 1881/7944/2449 1880/7945/2449 

v 74.8911 82.6783 -77.9229
vt -0.0941835 0.610235
vn -0.0706318 0.932261 -0.354823
v 59.3998 88.9216 -59.5072
vt 22.7791 9.24132
v 59.4498 88.9194 -59.5225
vt 22.721 9.25165
vn -0.0290619 0.953223 -0.300867
vt 22.7041 9.25824
vt -0.137077 0.639257
f 1886/7946/2453 1887/7947/2453 1888/7948/2454 1884/7949/2451 1883/7950/2451 

v 74.8382 82.6658 -77.9179
vt 0.0125247 0.691775
vn -0.151515 0.877048 -0.455885
v 59.3075 88.9249 -59.4555
vt 23.8582 6.35769
v 59.3764 88.9213 -59.496
vt 23.7723 6.36841
vn -0.112615 0.906036 -0.407942
vt 23.7445 6.37429
vt -0.0408588 0.722729
f 1889/7951/2455 1890/7952/2455 1891/7953/2456 1887/7954/2453 1886/7955/2453 

vt 24.1535 5.13392
vt 0.0356453 0.769523
v 74.7862 82.6511 -77.9021
vt 0.0913354 0.741935
vn -0.190704 0.843055 -0.502882
v 74.7799 82.6481 -77.9019
vt 0.097165 0.73707
vn -0.22628 0.807768 -0.544342
v 59.1928 88.9299 -59.3724
vt 24.3026 5.11732
v 59.2742 88.9252 -59.4329
vt 24.1959 5.1277
f 1890/7956/2455 1889/7957/2455 1892/7958/2457 1893/7959/2458 1894/7960/2458 1895/7961/2457 

v 74.7318 82.62 -77.8926
vt 0.156503 0.752904
vn -0.293844 0.727861 -0.619576
v 59.0596 88.9362 -59.2619
vt 24.6097 4.46192
v 59.1444 88.9309 -59.3335
vt 24.4946 4.47131
vn -0.261914 0.76786 -0.584629
vt 24.4301 4.47881
vt 0.10964 0.789942
v 74.7404 82.6258 -77.8935
vt 0.148606 0.760232
f 1896/7962/2459 1897/7963/2459 1898/7964/2460 1894/7965/2458 1893/7966/2458 1899/7967/2460 

v 74.685 82.5862 -77.8794
vt 0.210808 0.748358
vn -0.353767 0.640339 -0.681773
v 58.9113 88.9432 -59.1281
vt 24.8816 4.06794
v 58.9882 88.9381 -59.1986
vt 24.7744 4.07562
vn -0.325555 0.683735 -0.653086
vt 24.6762 4.08539
vt 0.164136 0.787164
f 1900/7968/2461 1901/7969/2461 1902/7970/2462 1897/7971/2459 1896/7972/2459 

v 74.6426 82.5461 -77.8657
vt 0.258089 0.727665
vn -0.406063 0.547598 -0.731607
v 58.7515 88.9505 -58.9749
vt 25.1464 3.80855
v 58.8071 88.9465 -59.0291
vt 25.0672 3.81368
vn -0.381484 0.593379 -0.708782
vt 24.9204 3.82682
vt 0.215923 0.768686
v 74.66 82.5669 -77.8686
vt 0.242567 0.74827
f 1903/7973/2463 1904/7974/2463 1905/7975/2464 1901/7976/2461 1900/7977/2461 1906/7978/2464 

v 74.6064 82.4998 -77.8538
vt 0.296554 0.694416
vn -0.451016 0.451383 -0.769959
v 58.5843 88.957 -58.8071
vt 25.4113 3.62566
v 58.6023 88.9556 -58.8256
vt 25.3851 3.62722
vn -0.429904 0.498831 -0.752562
vt 25.171 3.64508
vt 0.261759 0.73782
f 1907/7979/2465 1908/7980/2465 1909/7981/2466 1904/7982/2463 1903/7983/2463 

v 74.5705 82.4505 -77.8362
vt 0.33673 0.652729
vn -0.489018 0.352871 -0.797711
v 58.4107 88.9631 -58.6259
vt 25.6807 3.49039
vt 25.4275 3.51067
vt 0.299341 0.697174
f 1910/7984/2467 1911/7985/2467 1908/7986/2465 1907/7987/2465 

v 74.5462 82.3943 -77.8264
vt 0.361153 0.60277
vn -0.520627 0.252174 -0.815693
v 58.2373 88.9671 -58.4388
vt 25.9479 3.38633
v 58.3672 88.9627 -58.5794
vt 25.7557 3.40152
vn -0.505741 0.302338 -0.807971
vt 25.6917 3.4081
vt 0.338959 0.649994
v 74.5695 82.449 -77.8356
vt 0.340066 0.648727
f 1912/7988/2468 1913/7989/2468 1914/7990/2469 1911/7991/2467 1910/7992/2467 1915/7993/2469 

v 74.5237 82.3363 -77.8124
vt 0.385884 0.547809
vn -0.545586 0.151742 -0.824203
v 58.0832 88.9621 -58.268
vt 26.185 3.30146
v 58.079 88.9637 -58.2634
vt 26.1913 3.30208
v 58.0886 88.9635 -58.2742
vt 26.1769 3.30324
vn -0.534234 0.200589 -0.821193
vt 25.9554 3.32731
vt 0.363046 0.595779
f 1916/7994/2470 1917/7995/2470 1918/7996/2470 1919/7997/2471 1913/7998/2468 1912/7999/2468 

v 74.508 82.2751 -77.8002
vt 0.403195 0.488694
vn -0.564585 0.0501543 -0.82385
v 57.9328 88.9552 -58.0961
vt 26.4164 3.23622
vt 26.1959 3.26381
vt 26.1897 3.26318
vt 0.387485 0.537921
v 74.5132 82.3064 -77.8031
vt 0.399516 0.51342
vn -0.55565 0.102036 -0.825131
f 1920/8000/2472 1921/8001/2472 1918/8002/2470 1917/8003/2470 1916/8004/2470 1922/8005/2473 

v 74.4996 82.2116 -77.7903
vt 0.412783 0.425323
vn -0.577736 -0.0538661 -0.814444
v 57.8213 88.9332 -57.9636
vt 26.5889 3.17981
vt 26.4191 3.21297
vt 0.404753 0.47552
f 1923/8006/2474 1924/8007/2474 1921/8008/2472 1920/8009/2472 

v 74.4933 82.1487 -77.7765
vt 0.422853 0.359904
vn -0.584503 -0.157788 -0.795901
v 57.7459 88.8981 -57.8676
vt 26.7065 3.13483
vt 26.5895 3.17334
vt 0.414284 0.409864
f 1925/8010/2475 1926/8011/2475 1924/8012/2474 1923/8013/2474 

v 74.4994 82.0831 -77.771
vt 0.417612 0.291012
vn -0.584658 -0.262271 -0.767717
v 57.7376 88.8384 -57.845
vt 26.7208 3.09728
v 57.7422 88.8934 -57.8619
vt 26.7112 3.14165
vn -0.585437 -0.209512 -0.783178
vt 26.705 3.14596
vt 0.424406 0.342103
f 1927/8014/2476 1928/8015/2476 1929/8016/2477 1926/8017/2475 1925/8018/2475 

v 74.5075 82.0199 -77.7616
vt 0.413536 0.220685
vn -0.57764 -0.366853 -0.729212
v 57.7352 88.7794 -57.8232
vt 26.7275 3.08091
vt 26.7169 3.12933
vt 0.419311 0.27089
f 1930/8019/2478 1931/8020/2478 1928/8021/2476 1927/8022/2476 

v 74.5221 81.9581 -77.754
vt 0.403502 0.14835
vn -0.562714 -0.470691 -0.679561
v 57.7356 88.7233 -57.7987
vt 26.7308 3.09289
vt 26.7204 3.14028
vt 0.415501 0.198246
v 74.513 81.9866 -77.7543
vt 0.412965 0.170958
vn -0.571347 -0.418034 -0.706265
f 1932/8023/2479 1933/8024/2479 1931/8025/2478 1930/8026/2478 1934/8027/2480 

v 74.5438 81.8982 -77.7489
vt 0.387108 0.0740666
vn -0.539019 -0.572414 -0.6179
v 57.7388 88.6709 -57.7715
vt 26.7294 3.14466
vt 26.7192 3.19084
vt 0.405906 0.12363
f 1935/8028/2481 1936/8029/2481 1933/8030/2479 1932/8031/2479 

v 74.5664 81.8435 -77.739
vt 0.374397 -0.000814956
vn -0.505672 -0.669988 -0.543517
v 57.7449 88.6228 -57.7421
vt 26.7206 3.25605
vt 26.7106 3.30095
vt 0.390228 0.0472795
f 1937/8032/2482 1938/8033/2482 1936/8034/2481 1935/8035/2481 

v 74.5981 81.7913 -77.7343
vt 0.35324 -0.0773333
vn -0.461942 -0.760637 -0.456115
v 57.7539 88.5798 -57.7105
vt 26.6988 3.46289
vt 26.6889 3.50653
vt 0.378696 -0.0289367
v 74.5722 81.8314 -77.7354
vt 0.375638 -0.0404748
vn -0.485714 -0.715183 -0.502588
f 1939/8036/2483 1940/8037/2483 1938/8038/2482 1937/8039/2482 1941/8040/2484 

v 74.6361 81.7437 -77.7316
vt 0.329165 -0.153902
vn -0.40748 -0.840909 -0.356135
v 57.766 88.5425 -57.677
vt 26.652 3.83445
vt 26.642 3.87697
vt 0.35962 -0.105252
v 74.6062 81.7802 -77.7323
vt 0.353989 -0.116777
vn -0.436785 -0.80122 -0.408981
f 1942/8041/2485 1943/8042/2485 1940/8043/2483 1939/8044/2483 1944/8045/2486 

v 74.6747 81.7036 -77.7244
vt 0.3136 -0.226474
vn -0.342595 -0.906957 -0.245064
v 57.7812 88.512 -57.6418
vt 26.5482 4.51891
vt 26.5377 4.56049
vt 0.339553 -0.178297
f 1945/8046/2487 1946/8047/2487 1943/8048/2485 1942/8049/2485 

v 74.7183 81.6704 -77.7182
vt 0.305806 -0.28973
vn -0.268461 -0.955068 -0.125596
v 57.7994 88.489 -57.6055
vt 26.2819 5.88733
vt 26.2698 5.92803
vt 0.332778 -0.239762
v 74.6893 81.6915 -77.7189
vt 0.326082 -0.258528
vn -0.307365 -0.932948 -0.18744
f 1947/8050/2488 1948/8051/2488 1946/8052/2487 1945/8053/2487 1949/8054/2489 

v 74.7598 81.6479 -77.7057
vt 0.335306 -0.321324
vn -0.187157 -0.982329 -0.00150751
v 57.8205 88.4747 -57.5686
vt 25.3359 9.14463
vt 25.3195 9.18359
vt 0.349041 -0.270957
f 1950/8055/2490 1951/8056/2490 1948/8057/2488 1947/8058/2488 

v 74.7934 81.6391 -77.6814
vt 0.475815 -0.179188
vn -0.101476 -0.987232 0.122783
v 57.844 88.47 -57.5324
vt 18.3483 19.722
vt 18.3164 19.7497
vt 0.454533 -0.139653
f 1952/8059/2491 1953/8060/2491 1951/8061/2490 1950/8062/2490 

v 74.8177 81.6448 -77.6461
vt 0.253687 0.48223
vn -0.014542 -0.969957 0.242842
v 57.8691 88.4753 -57.4981
vt -17.7549 20.2586
vt -17.7862 20.2302
vt 0.223201 0.452928
f 1954/8063/2492 1955/8064/2492 1953/8065/2491 1952/8066/2491 

v 74.832 81.6642 -77.6012
vt -0.00140361 0.57089
vn 0.0706318 -0.932261 0.354823
v 57.895 88.4901 -57.4669
vt -25.0092 10.0074
vt -25.0251 9.96824
vt -0.000321795 0.525275
f 1956/8067/2493 1957/8068/2493 1955/8069/2492 1954/8070/2492 

v 74.8388 81.6954 -77.5513
vt -0.0998178 0.578768
vn 0.151515 -0.877048 0.455885
v 57.9207 88.5136 -57.4395
vt -26.0758 6.75084
vt -26.0874 6.70996
vt -0.0823471 0.530978
v 74.8354 81.6888 -77.5607
vt -0.0985331 0.568292
vn 0.112615 -0.906036 0.407942
f 1958/8071/2494 1959/8072/2494 1957/8073/2493 1956/8074/2493 1960/8075/2495 

v 74.8476 81.733 -77.5085
vt -0.15479 0.572335
vn 0.22628 -0.807768 0.544342
v 57.9459 88.5447 -57.4162
vt -26.4018 5.32203
vt -26.4119 5.28027
vt -0.139477 0.525978
f 1961/8076/2496 1962/8077/2496 1959/8078/2494 1958/8079/2494 

v 74.8508 81.7791 -77.4644
vt -0.202305 0.561693
vn 0.293844 -0.727861 0.619576
v 57.9701 88.5824 -57.3971
vt -26.5412 4.55672
vt -26.5508 4.51404
vt -0.179171 0.514038
f 1963/8080/2497 1964/8081/2497 1962/8082/2496 1961/8083/2496 

v 74.85 81.8322 -77.421
vt -0.247287 0.549675
vn 0.353767 -0.640339 0.681773
v 57.9932 88.6258 -57.3821
vt -26.6121 4.0972
vt -26.6216 4.0534
vt -0.219421 0.50084
v 74.849 81.8271 -77.4242
vt -0.246017 0.544829
vn 0.325555 -0.683735 0.653086
f 1965/8084/2498 1966/8085/2498 1964/8086/2497 1963/8087/2497 1967/8088/2499 

v 74.8555 81.8872 -77.3907
vt -0.276116 0.536315
vn 0.406063 -0.547598 0.731607
v 58.0149 88.6742 -57.3711
vt -26.6515 3.80128
vt -26.6613 3.75624
vt -0.260386 0.488126
f 1968/8089/2500 1969/8090/2500 1966/8091/2498 1965/8092/2498 

v 74.8575 81.9473 -77.362
vt -0.305476 0.524773
vn 0.451016 -0.451383 0.769959
v 58.0352 88.7269 -57.3642
vt -26.6743 3.60239
vt -26.6843 3.55609
vt -0.286765 0.475124
f 1970/8093/2501 1971/8094/2501 1969/8095/2500 1968/8096/2500 

v 74.8608 82.0097 -77.3409
vt -0.3283 0.514316
vn 0.489016 -0.352878 0.79771
v 58.0539 88.7832 -57.3612
vt -26.6873 3.46562
vt -26.6976 3.41814
vt -0.31456 0.464146
v 74.8567 81.9828 -77.3472
vt -0.326299 0.492326
vn 0.471187 -0.401513 0.785347
f 1972/8097/2502 1973/8098/2502 1971/8099/2501 1970/8100/2501 1974/8101/2503 

v 74.8673 82.073 -77.3296
vt -0.342055 0.504343
vn 0.520453 -0.252791 0.815613
v 58.0821 88.8377 -57.3759
vt -26.676 3.3692
v 58.0601 88.8072 -57.3611
vt -26.701 3.34225
vn 0.505737 -0.302352 0.807969
vt -26.7045 3.32266
vt -0.336353 0.454084
f 1975/8102/2504 1976/8103/2504 1977/8104/2505 1973/8105/2502 1972/8106/2502 

v 74.871 82.1387 -77.3212
vt -0.356188 0.495146
vn 0.545632 -0.15152 0.824213
v 58.1402 88.8814 -57.4321
vt -26.6105 3.29784
vt -26.6891 3.25582
vt -0.349437 0.444018
f 1978/8107/2506 1979/8108/2506 1976/8109/2504 1975/8110/2504 

v 74.8811 82.202 -77.3268
vt -0.356098 0.484215
vn 0.564722 -0.0492712 0.823809
v 58.2149 88.9188 -57.5144
vt -26.5123 3.24651
v 58.1898 88.9043 -57.487
vt -26.5484 3.23172
vn 0.555975 -0.100288 0.825127
vt -26.6206 3.20706
vt -0.363155 0.434074
v 74.871 82.1451 -77.3206
vt -0.363888 0.439044
f 1980/8111/2507 1981/8112/2507 1982/8113/2508 1979/8114/2506 1978/8115/2506 1983/8116/2508 

v 74.8896 82.2656 -77.3368
vt -0.354798 0.471766
vn 0.577731 0.0538167 0.814451
v 58.3101 88.9473 -57.6276
vt -26.3758 3.20992
vt -26.5201 3.17406
vt -0.362857 0.421572
f 1984/8117/2509 1985/8118/2509 1981/8119/2507 1980/8120/2507 

v 74.8994 82.3271 -77.3548
vt -0.347382 0.456008
vn 0.584502 0.157739 0.795912
v 58.4306 88.9643 -57.7771
vt -26.1938 3.18476
vt -26.3816 3.15372
vt -0.361525 0.406636
v 74.8929 82.3029 -77.3444
vt -0.357119 0.436201
vn 0.581897 0.105403 0.806403
f 1986/8121/2510 1987/8122/2510 1985/8123/2509 1984/8124/2509 1988/8125/2511 

v 74.9122 82.385 -77.3827
vt -0.331441 0.434991
vn 0.584658 0.262271 0.767717
v 58.5618 88.9745 -57.9458
vt -25.989 3.17238
vt -26.1977 3.14428
vt -0.354276 0.387061
f 1989/8126/2512 1990/8127/2512 1987/8128/2510 1986/8129/2510 

v 74.9216 82.4412 -77.4129
vt -0.317015 0.408297
vn 0.57764 0.366853 0.729212
v 58.7077 88.9756 -58.1382
vt -25.755 3.1733
vt -25.9908 3.14935
vt -0.338684 0.361075
f 1991/8130/2513 1992/8131/2513 1990/8132/2512 1989/8133/2512 

v 74.9376 82.4907 -77.4568
vt -0.288849 0.372326
vn 0.562714 0.470691 0.679561
v 58.8513 88.9737 -58.3339
vt -25.5179 3.19403
v 58.7302 88.9745 -58.1684
vt -25.7174 3.17464
vn 0.571347 0.418034 0.706265
vt -25.7541 3.17189
vt -0.324857 0.3278
v 74.9221 82.4454 -77.4154
vt -0.323264 0.331432
f 1993/8134/2514 1994/8135/2514 1995/8136/2515 1992/8137/2513 1991/8138/2513 1996/8139/2515 

v 74.95 82.5368 -77.5026
vt -0.262902 0.326745
vn 0.539019 0.572414 0.6179
v 58.993 88.9677 -58.5333
vt -25.276 3.24239
v 58.942 88.9685 -58.4607
vt -25.3618 3.23406
vn 0.552268 0.520853 0.650932
vt -25.5133 3.22268
vt -0.297631 0.28342
f 1997/8140/2516 1998/8141/2516 1999/8142/2517 1994/8143/2514 1993/8144/2514 

vt -0.23359 0.268724
vt -25.0378 3.33497
v 59.117 88.96 -58.7147
vt -25.053 3.33343
vn 0.524007 0.620693 0.583231
vt -25.2653 3.31696
vt -0.27312 0.227474
v 74.9548 82.5629 -77.5308
vt -0.253619 0.253382
f 1866/8145/2440 1865/8146/2440 2000/8147/2518 1998/8148/2516 1997/8149/2516 2001/8150/2518 

g Mesh9 Group15 Component_111_2 Group12 Group4 Group1 Ombrellone_Lateral_New_Sobrano_quadrado_3_5x3_5_1 Model

v 74.0559 82.799 -78.7441
vn 0.0582904 0.81961 0.569949
v 49.3523 86.7003 -77.8099
v 49.1464 86.6801 -77.7759
vn 0.0529931 0.742049 0.668247
v 74.0115 82.7533 -78.7161
f 2002/7911/2519 2003/7912/2519 2004/7913/2520 2005/7914/2520 

v 74.0935 82.8387 -78.7751
vn 0.0626301 0.883671 0.463899
v 49.5347 86.7171 -77.8464
v 49.3769 86.7019 -77.8144
vn 0.0605239 0.852501 0.519209
f 2006/7915/2521 2007/7916/2521 2008/7917/2522 2003/7918/2519 2002/7919/2519 

v 74.1391 82.8691 -78.8098
vn 0.0659776 0.933705 0.351912
v 49.689 86.7303 -77.8852
v 49.5767 86.7196 -77.856
vn 0.0643866 0.909826 0.409965
v 74.1024 82.8486 -78.7854
f 2009/7920/2523 2010/7921/2523 2011/7922/2524 2007/7923/2521 2006/7924/2521 2012/7925/2524 

v 74.1774 82.8913 -78.8472
vn 0.0683149 0.969419 0.235712
v 49.8088 86.7397 -77.9257
v 49.7316 86.7324 -77.898
vn 0.0672481 0.952981 0.295474
f 2013/7926/2525 2014/7927/2525 2015/7928/2526 2010/7929/2523 2009/7930/2523 

v 74.1995 82.9055 -78.8864
vn 0.0696364 0.990699 0.1169
v 49.8874 86.745 -77.967
v 49.8406 86.7406 -77.9398
vn 0.0690932 0.981713 0.177386
f 2016/7931/2527 2017/7932/2527 2018/7933/2528 2014/7934/2525 2013/7935/2525 

v 74.204 82.9109 -78.9264
vn 0.0699441 0.997546 -0.00306421
v 49.9193 86.746 -78.008
v 49.9032 86.7445 -77.9807
vn 0.0699159 0.995908 0.0572687
f 2019/7936/2529 2020/7937/2529 2021/7938/2530 2017/7939/2527 2016/7940/2527 

v 74.1903 82.9069 -78.9657
vn 0.0692436 0.99001 -0.122821
v 49.9019 86.7426 -78.0472
v 49.9191 86.7441 -78.0203
vn 0.0697176 0.995552 -0.063372
f 2022/7941/2531 2023/7942/2531 2024/7943/2532 2020/7944/2529 2019/7945/2529 

v 74.1592 82.894 -79.0029
vn 0.0675419 0.968165 -0.24103
v 49.8368 86.7351 -78.0832
v 49.8881 86.7397 -78.0577
vn 0.0685049 0.98071 -0.183069
f 2025/7946/2533 2026/7947/2533 2027/7948/2534 2023/7949/2531 2022/7950/2531 

v 74.1127 82.8729 -79.0372
vn 0.0648489 0.932121 -0.356292
v 49.7285 86.7238 -78.1151
v 49.8106 86.7311 -78.0925
vn 0.0662894 0.951518 -0.300364
f 2028/7951/2535 2029/7952/2535 2030/7953/2536 2026/7954/2533 2025/7955/2533 

v 74.0607 82.8486 -79.0638
vn 0.0630883 0.908191 -0.413774
v 74.0555 82.8443 -79.068
vn 0.0611808 0.88208 -0.46711
v 49.5828 86.7091 -78.1426
v 49.6872 86.7183 -78.124
f 2029/7956/2535 2028/7957/2535 2031/7958/2537 2032/7959/2538 2033/7960/2538 2034/7961/2537 

v 74.0118 82.8055 -79.0961
vn 0.0565635 0.81838 -0.571887
v 49.4054 86.6914 -78.1656
v 49.5191 86.7013 -78.1518
vn 0.0589263 0.851048 -0.521771
v 74.019 82.8132 -79.0907
f 2035/7962/2539 2036/7963/2539 2037/7964/2540 2033/7965/2538 2032/7966/2538 2038/7967/2540 

v 73.9672 82.7598 -79.1208
vn 0.0510365 0.741547 -0.668956
v 49.2015 86.6709 -78.1843
v 49.3079 86.6799 -78.1754
vn 0.0538379 0.780553 -0.622767
f 2039/7968/2541 2040/7969/2541 2041/7970/2542 2036/7971/2539 2035/7972/2539 

v 73.9265 82.7073 -79.1421
vn 0.0446555 0.652343 -0.756608
v 48.9764 86.6475 -78.1986
v 49.0553 86.6541 -78.1942
vn 0.0478716 0.697358 -0.715123
v 73.9413 82.7337 -79.1315
f 2042/7973/2543 2043/7974/2543 2044/7975/2544 2040/7976/2541 2039/7977/2541 2045/7978/2544 

v 73.8926 82.6485 -79.1601
vn 0.0374955 0.551802 -0.833132
v 48.7368 86.6212 -78.2089
v 48.7629 86.6233 -78.208
vn 0.0410923 0.602358 -0.797167
f 2046/7979/2545 2047/7980/2545 2048/7981/2546 2043/7982/2543 2042/7983/2543 

v 73.8558 82.5857 -79.1744
vn 0.0296537 0.441274 -0.896882
v 48.4839 86.5925 -78.2149
f 2049/7984/2547 2050/7985/2547 2047/7986/2545 2046/7987/2545 

v 73.8339 82.5171 -79.1854
vn 0.0211966 0.3217 -0.946604
v 48.2279 86.5609 -78.2171
v 48.4199 86.583 -78.2157
vn 0.0254586 0.381999 -0.923812
v 73.8547 82.5839 -79.1747
f 2051/7988/2548 2052/7989/2548 2053/7990/2549 2050/7991/2547 2049/7992/2547 2054/7993/2549 

v 73.8112 82.4461 -79.1925
vn 0.0124437 0.197582 -0.980207
v 47.9982 86.5226 -78.2161
v 47.992 86.5236 -78.2162
v 48.0063 86.5253 -78.2163
vn 0.0167311 0.258426 -0.965886
f 2055/7994/2550 2056/7995/2550 2057/7996/2550 2058/7997/2551 2052/7998/2548 2051/7999/2548 

v 73.7955 82.3725 -79.196
vn 0.00342228 0.0692687 -0.997592
v 47.7714 86.4823 -78.2119
v 73.7992 82.4095 -79.1941
vn 0.00803985 0.135002 -0.990813
f 2059/8000/2552 2060/8001/2552 2057/8002/2550 2056/8003/2550 2055/8004/2550 2061/8005/2553 

v 73.7875 82.2971 -79.1958
vn -0.00581936 -0.0625397 -0.998026
v 47.6014 86.4325 -78.2055
f 2062/8006/2554 2063/8007/2554 2060/8008/2552 2059/8009/2552 

v 73.7789 82.2224 -79.1916
vn -0.0148855 -0.192177 -0.981247
v 47.4844 86.3749 -78.1972
f 2064/8010/2555 2065/8011/2555 2063/8012/2554 2062/8013/2554 

v 73.7859 82.1467 -79.184
vn -0.0236745 -0.318205 -0.947726
v 47.4687 86.3028 -78.1888
v 47.4783 86.3685 -78.1962
vn -0.019286 -0.255231 -0.966688
f 2066/8014/2556 2067/8015/2556 2068/8016/2557 2065/8017/2555 2064/8018/2555 

v 73.792 82.0737 -79.1726
vn -0.0320184 -0.438211 -0.898302
v 47.4585 86.2324 -78.1767
f 2069/8019/2558 2070/8020/2558 2067/8021/2556 2066/8022/2556 

v 73.8047 82.0032 -79.1576
vn -0.039767 -0.550028 -0.834199
v 47.4487 86.1654 -78.1609
v 73.7949 82.0351 -79.1641
vn -0.0359082 -0.494294 -0.868553
f 2071/8023/2559 2072/8024/2559 2070/8025/2558 2069/8026/2558 2073/8027/2560 

v 73.8245 81.9359 -79.1392
vn -0.0467927 -0.651807 -0.75694
v 47.4395 86.1027 -78.1414
f 2074/8028/2561 2075/8029/2561 2072/8030/2559 2071/8031/2559 

v 73.842 81.8743 -79.1171
vn -0.0529931 -0.742049 -0.668247
v 47.4311 86.0452 -78.1183
f 2076/8032/2562 2077/8033/2562 2075/8034/2561 2074/8035/2561 

v 73.8699 81.8172 -79.0919
vn -0.0582904 -0.81961 -0.569949
v 47.4235 85.9937 -78.0918
v 73.8456 81.8607 -79.1107
vn -0.0556887 -0.78145 -0.621478
f 2078/8036/2563 2079/8037/2563 2077/8038/2562 2076/8039/2562 2080/8040/2564 

v 73.904 81.7662 -79.0636
vn -0.0626301 -0.883671 -0.463899
v 47.4169 85.9491 -78.0619
v 73.8764 81.8051 -79.085
vn -0.0605239 -0.852501 -0.519209
f 2081/8041/2565 2082/8042/2565 2079/8043/2563 2078/8044/2563 2083/8045/2566 

v 73.9353 81.7237 -79.0318
vn -0.0659776 -0.933705 -0.351912
v 47.4114 85.9124 -78.0288
f 2084/8046/2567 2085/8047/2567 2082/8048/2565 2081/8049/2565 

v 73.971 81.6897 -78.9972
vn -0.0683149 -0.969419 -0.235712
v 47.4072 85.8848 -77.9927
v 73.9454 81.7109 -79.018
vn -0.0672481 -0.952981 -0.295474
f 2086/8050/2568 2087/8051/2568 2085/8052/2567 2084/8053/2567 2088/8054/2569 

v 74.0004 81.6674 -78.9599
vn -0.0696364 -0.990699 -0.1169
v 47.4045 85.8675 -77.9542
f 2089/8055/2570 2090/8056/2570 2087/8057/2568 2086/8058/2568 

v 74.0151 81.659 -78.9207
vn -0.0699441 -0.997546 0.00306421
v 47.4035 85.8616 -77.9143
f 2091/8059/2571 2092/8060/2571 2090/8061/2570 2089/8062/2570 

v 74.0145 81.6653 -78.8808
vn -0.0692436 -0.99001 0.122821
v 47.4041 85.8677 -77.8746
f 2093/8063/2572 2094/8064/2572 2092/8065/2571 2091/8066/2571 

v 73.9988 81.6856 -78.8418
vn -0.0675419 -0.968165 0.24103
v 47.4065 85.8851 -77.8362
f 2095/8067/2573 2096/8068/2573 2094/8069/2572 2093/8070/2572 

v 73.9729 81.7181 -78.8048
vn -0.0648489 -0.932121 0.356292
v 47.4103 85.9129 -77.8003
v 73.9761 81.7109 -78.8133
vn -0.0662894 -0.951518 0.300364
f 2097/8071/2574 2098/8072/2574 2096/8073/2573 2095/8074/2573 2099/8075/2575 

v 73.9523 81.759 -78.771
vn -0.0611808 -0.88208 0.46711
v 47.4155 85.9497 -77.7675
f 2100/8076/2576 2101/8077/2576 2098/8078/2574 2097/8079/2574 

v 73.9257 81.8089 -78.7403
vn -0.0565635 -0.81838 0.571887
v 47.4218 85.9945 -77.738
f 2102/8080/2577 2103/8081/2577 2101/8082/2576 2100/8083/2576 

v 73.8954 81.8664 -78.7128
vn -0.0510365 -0.741547 0.668956
v 47.4291 86.0461 -77.7119
v 73.8969 81.8607 -78.7156
vn -0.0538379 -0.780553 0.622767
f 2104/8084/2578 2105/8085/2578 2103/8086/2577 2102/8087/2577 2106/8088/2579 

v 73.8781 81.9281 -78.6893
vn -0.0446555 -0.652343 0.756608
v 47.4374 86.1037 -77.6894
f 2107/8089/2580 2108/8090/2580 2105/8091/2578 2104/8092/2578 

v 73.8584 81.9953 -78.6692
vn -0.0374955 -0.551802 0.833132
v 47.4463 86.1664 -77.6704
f 2109/8093/2581 2110/8094/2581 2108/8095/2580 2107/8096/2580 

v 73.844 82.0662 -78.653
vn -0.0296543 -0.441282 0.896878
v 47.456 86.2335 -77.6552
v 73.8463 82.0351 -78.6601
vn -0.0335854 -0.496738 0.867251
f 2111/8097/2582 2112/8098/2582 2110/8099/2581 2109/8100/2581 2113/8101/2583 

v 73.838 82.1392 -78.641
vn -0.0212506 -0.322449 0.946348
v 47.4842 86.3011 -77.6444
v 47.4593 86.2619 -77.6505
vn -0.0254598 -0.382015 0.923805
f 2114/8102/2584 2115/8103/2584 2116/8104/2585 2112/8105/2582 2111/8106/2582 

v 73.8311 82.2149 -78.6327
vn -0.0124265 -0.197303 0.980264
v 47.5626 86.3633 -77.6394
f 2117/8107/2586 2118/8108/2586 2115/8109/2584 2114/8110/2584 

v 73.8381 82.2899 -78.6289
vn -0.00334504 -0.068148 0.99767
v 47.671 86.4223 -77.6394
v 47.6349 86.4002 -77.6395
vn -0.00788751 -0.132794 0.991112
v 73.8303 82.2223 -78.6323
f 2119/8111/2587 2120/8112/2587 2121/8113/2588 2118/8114/2586 2117/8115/2586 2122/8116/2588 

v 73.8462 82.3652 -78.6292
vn 0.00581508 0.0624774 0.998029
v 47.8154 86.4761 -77.6448
f 2123/8117/2589 2124/8118/2589 2120/8119/2587 2119/8120/2587 

v 73.8603 82.4391 -78.6336
vn 0.0148814 0.192117 0.981259
v 48.0031 86.5226 -77.6558
v 73.8506 82.4095 -78.6316
vn 0.0103469 0.127232 0.991819
f 2125/8121/2590 2126/8122/2590 2124/8123/2589 2123/8124/2589 2127/8125/2591 

v 73.883 82.5101 -78.6422
vn 0.0236745 0.318205 0.947726
v 48.2118 86.5642 -77.6715
f 2128/8126/2592 2129/8127/2592 2126/8128/2590 2125/8129/2590 

v 73.9043 82.5788 -78.6547
vn 0.0320184 0.438211 0.898302
v 48.4474 86.599 -77.6921
f 2130/8130/2593 2131/8131/2593 2129/8132/2592 2128/8133/2592 

v 73.9397 82.6417 -78.6715
vn 0.039767 0.550028 0.834199
v 48.6832 86.6303 -77.7165
v 48.4841 86.6029 -77.6956
vn 0.0359082 0.494294 0.868553
v 73.9058 82.5839 -78.656
f 2132/8134/2594 2133/8135/2594 2134/8136/2595 2131/8137/2593 2130/8138/2593 2135/8139/2595 

v 73.9735 82.7005 -78.692
vn 0.0467927 0.651807 0.75694
v 48.9199 86.657 -77.7446
v 48.8343 86.6457 -77.7339
vn 0.043303 0.601199 0.797925
f 2136/8140/2596 2137/8141/2596 2138/8142/2597 2133/8143/2594 2132/8144/2594 

v 49.1312 86.6781 -77.7736
vn 0.0499263 0.697356 0.714984
v 73.992 82.7337 -78.7066
f 2005/8145/2520 2004/8146/2520 2139/8147/2598 2137/8148/2596 2136/8149/2596 2140/8150/2598 

g Mesh10 Group16 Component_111_3 Group12 Group4 Group1 Ombrellone_Lateral_New_Sobrano_quadrado_3_5x3_5_1 Model

v 78.264 82.6921 -77.7644
vn 0.4213 0.747199 -0.514003
v 93.5108 89.5632 -61.9165
v 93.6628 89.5717 -61.8027
vn 0.497095 0.657525 -0.566178
v 78.3164 82.6557 -77.7542
f 2141/7911/2599 2142/7912/2599 2143/7913/2600 2144/7914/2600 

v 78.2132 82.7238 -77.7673
vn 0.334381 0.827955 -0.4502
v 93.3705 89.5546 -62.0123
v 93.4922 89.5614 -61.9298
vn 0.380373 0.787812 -0.484426
f 2145/7915/2601 2146/7916/2601 2147/7917/2602 2142/7918/2599 2141/7919/2599 

v 78.1548 82.7458 -77.7724
vn 0.237163 0.896228 -0.374872
v 93.2451 89.5464 -62.0872
v 93.3373 89.5514 -62.0334
vn 0.28821 0.863015 -0.414898
v 78.1985 82.7317 -77.7658
f 2148/7920/2603 2149/7921/2603 2150/7922/2604 2146/7923/2601 2145/7924/2601 2151/7925/2604 

v 78.0988 82.7612 -77.77
vn 0.131477 0.94826 -0.288992
v 93.1388 89.5391 -62.1371
v 93.2087 89.5427 -62.1061
vn 0.186349 0.923945 -0.334066
f 2152/7926/2605 2153/7927/2605 2154/7928/2606 2149/7929/2603 2148/7930/2603 

v 78.0511 82.7713 -77.755
vn 0.0202082 0.980683 -0.194555
v 93.0562 89.5335 -62.1583
v 93.1077 89.5357 -62.1477
vn 0.0771173 0.966867 -0.243353
f 2155/7931/2607 2156/7932/2607 2157/7933/2608 2153/7934/2605 2152/7935/2605 

v 78.0135 82.7754 -77.727
vn -0.0929197 0.991179 -0.0945006
v 93.0017 89.53 -62.1479
v 93.035 89.5309 -62.1583
vn -0.0361006 0.988734 -0.145262
f 2158/7936/2609 2159/7937/2609 2160/7938/2610 2156/7939/2607 2155/7940/2607 

v 77.9876 82.7733 -77.6868
vn -0.203803 0.978982 0.00761178
v 92.9781 89.5289 -62.1054
v 92.9913 89.5282 -62.1381
vn -0.149195 0.987864 -0.0431939
f 2161/7941/2611 2162/7942/2611 2163/7943/2612 2159/7944/2609 2158/7945/2609 

v 77.9742 82.7652 -77.6361
vn -0.308531 0.945054 0.108085
v 92.9857 89.5303 -62.0328
v 92.9773 89.528 -62.0877
vn -0.257925 0.964361 0.0590117
f 2164/7946/2613 2165/7947/2613 2166/7948/2614 2162/7949/2611 2161/7950/2611 

v 77.9728 82.7516 -77.5769
vn -0.403909 0.891855 0.203599
v 93.0224 89.5339 -61.934
v 92.9932 89.53 -62.0076
vn -0.358578 0.920087 0.157674
f 2167/7951/2615 2168/7952/2615 2169/7953/2616 2165/7954/2613 2164/7955/2613 

v 77.9815 82.7357 -77.5199
vn -0.448452 0.858193 0.24979
v 77.981 82.7324 -77.5128
vn -0.487794 0.822814 0.291604
v 93.0853 89.5393 -61.8131
v 93.0393 89.5342 -61.8988
f 2168/7956/2615 2167/7957/2615 2170/7958/2617 2171/7959/2618 2172/7960/2618 2173/7961/2617 

v 77.9841 82.702 -77.4596
vn -0.559154 0.741673 0.370499
v 93.1709 89.5461 -61.6741
v 93.1152 89.5404 -61.7624
vn -0.526026 0.782429 0.333318
v 77.9842 82.7082 -77.4691
f 2174/7962/2619 2175/7963/2619 2176/7964/2620 2172/7965/2618 2171/7966/2618 2177/7967/2620 

v 77.991 82.6654 -77.4081
vn -0.617887 0.651919 0.439564
v 93.2761 89.5537 -61.5204
v 93.2205 89.5482 -61.5999
vn -0.590847 0.696493 0.407182
f 2178/7968/2621 2179/7969/2621 2180/7970/2622 2175/7971/2619 2174/7972/2619 

v 77.9987 82.6219 -77.3616
vn -0.664529 0.556452 0.498761
v 93.3975 89.5616 -61.3557
v 93.3545 89.5573 -61.4129
vn -0.643231 0.603594 0.471092
v 77.998 82.6445 -77.3811
f 2181/7973/2623 2182/7974/2623 2183/7975/2624 2179/7976/2621 2178/7977/2621 2184/7978/2624 

v 78.0056 82.5717 -77.3221
vn -0.699937 0.457462 0.548468
v 93.5314 89.5686 -61.1841
v 93.5166 89.5672 -61.2026
vn -0.683948 0.50625 0.525287
f 2185/7979/2625 2186/7980/2625 2187/7981/2626 2182/7982/2623 2181/7983/2623 

v 78.0176 82.5183 -77.2834
vn -0.725053 0.356469 0.589261
v 93.6768 89.5753 -61.0068
f 2188/7984/2627 2189/7985/2627 2186/7986/2625 2185/7987/2625 

v 78.0238 82.4575 -77.257
vn -0.740807 0.253821 0.621916
v 93.8276 89.5796 -60.8302
v 93.7143 89.5748 -60.9624
vn -0.734129 0.304873 0.606718
v 78.0181 82.5167 -77.2823
f 2190/7988/2628 2191/7989/2628 2192/7990/2629 2189/7991/2627 2188/7992/2627 2193/7993/2629 

v 78.0341 82.3946 -77.233
vn -0.74768 0.152153 0.646393
v 93.9657 89.5742 -60.6737
v 93.9693 89.576 -60.6695
v 93.9607 89.5757 -60.6792
vn -0.745385 0.201507 0.63545
f 2194/7994/2630 2195/7995/2630 2196/7996/2630 2197/7997/2631 2191/7998/2628 2190/7999/2628 

v 78.0434 82.3283 -77.2166
vn -0.746409 0.0500951 0.663599
v 94.1052 89.5667 -60.5216
v 78.0413 82.3621 -77.2221
vn -0.748057 0.102117 0.655731
f 2198/8000/2632 2199/8001/2632 2196/8002/2630 2195/8003/2630 2194/8004/2630 2200/8005/2633 

v 78.0515 82.2595 -77.2081
vn -0.737 -0.0535937 0.673764
v 94.2132 89.5429 -60.4092
f 2201/8006/2634 2202/8007/2634 2199/8008/2632 2198/8009/2632 

v 78.0633 82.1913 -77.2024
vn -0.719585 -0.156415 0.676559
v 94.292 89.5049 -60.334
f 2203/8010/2635 2204/8011/2635 2202/8012/2634 2201/8013/2634 

v 78.069 82.1202 -77.2098
vn -0.693874 -0.25912 0.67186
v 94.3116 89.4401 -60.3268
v 94.2968 89.4998 -60.3303
vn -0.707905 -0.207334 0.675191
f 2205/8014/2636 2206/8015/2636 2207/8016/2637 2204/8017/2635 2203/8018/2635 

v 78.0784 82.0518 -77.2199
vn -0.659418 -0.36141 0.659204
v 94.3311 89.3762 -60.3264
f 2208/8019/2638 2209/8020/2638 2206/8021/2636 2205/8022/2636 

v 78.0869 81.9848 -77.2372
vn -0.615601 -0.462688 0.637931
v 94.3534 89.3155 -60.3293
v 78.0856 82.0156 -77.2268
vn -0.639103 -0.411347 0.649877
f 2210/8023/2639 2211/8024/2639 2209/8025/2638 2208/8026/2638 2212/8027/2640 

v 78.0939 81.9199 -77.2621
vn -0.561716 -0.561926 0.607219
v 94.3784 89.2586 -60.3356
f 2213/8028/2641 2214/8029/2641 2211/8030/2639 2210/8031/2639 

v 78.1054 81.8605 -77.2886
vn -0.497095 -0.657525 0.566178
v 94.4058 89.2065 -60.3455
f 2215/8032/2642 2216/8033/2642 2214/8034/2641 2213/8035/2641 

v 78.1131 81.8041 -77.3248
vn -0.4213 -0.747199 0.514003
v 94.4355 89.1599 -60.3589
v 78.1093 81.8475 -77.2955
vn -0.461604 -0.70209 0.54221
f 2217/8036/2643 2218/8037/2643 2216/8038/2642 2215/8039/2642 2219/8040/2644 

v 78.1197 81.7524 -77.3679
vn -0.334381 -0.827955 0.4502
v 94.4672 89.1196 -60.3759
v 78.1158 81.792 -77.3341
vn -0.380373 -0.787812 0.484426
f 2220/8041/2645 2221/8042/2645 2218/8043/2643 2217/8044/2643 2222/8045/2646 

v 78.1305 81.709 -77.4122
vn -0.237163 -0.896228 0.374872
v 94.5008 89.0864 -60.3965
f 2223/8046/2647 2224/8047/2647 2221/8048/2645 2220/8049/2645 

v 78.1409 81.673 -77.462
vn -0.131477 -0.94826 0.288992
v 94.5358 89.0615 -60.4207
v 78.1371 81.6959 -77.4292
vn -0.186349 -0.923945 0.334066
f 2225/8050/2648 2226/8051/2648 2224/8052/2647 2223/8053/2647 2227/8054/2649 

v 78.1569 81.6486 -77.51
vn -0.0202082 -0.980683 0.194555
v 94.5715 89.0461 -60.4483
f 2228/8055/2650 2229/8056/2650 2226/8057/2648 2225/8058/2648 

v 78.1826 81.6392 -77.5504
vn 0.0929197 -0.991179 0.0945006
v 94.607 89.041 -60.4784
f 2230/8059/2651 2231/8060/2651 2229/8061/2650 2228/8062/2650 

v 78.2173 81.6452 -77.5813
vn 0.203803 -0.978982 -0.00761178
v 94.6409 89.0467 -60.5103
f 2232/8063/2652 2233/8064/2652 2231/8065/2651 2230/8066/2651 

v 78.2596 81.6663 -77.602
vn 0.308531 -0.945054 -0.108085
v 94.6721 89.0628 -60.5425
f 2234/8067/2653 2235/8068/2653 2233/8069/2652 2232/8070/2652 

v 78.3057 81.7001 -77.6148
vn 0.403909 -0.891855 -0.203599
v 94.6998 89.0882 -60.5744
v 78.2967 81.693 -77.61
vn 0.358578 -0.920087 -0.157674
f 2236/8071/2654 2237/8072/2654 2235/8073/2653 2234/8074/2653 2238/8075/2655 

v 78.3455 81.7409 -77.629
vn 0.487794 -0.822814 -0.291604
v 94.7237 89.1219 -60.6051
f 2239/8076/2656 2240/8077/2656 2237/8078/2654 2236/8079/2654 

v 78.3858 81.7909 -77.6371
vn 0.559154 -0.741673 -0.370499
v 94.7437 89.1627 -60.6343
f 2241/8080/2657 2242/8081/2657 2240/8082/2656 2239/8083/2656 

v 78.4252 81.8484 -77.6405
vn 0.617887 -0.651919 -0.439564
v 94.7598 89.2097 -60.6619
v 78.4221 81.8428 -77.6391
vn 0.590847 -0.696493 -0.407182
f 2243/8084/2658 2244/8085/2658 2242/8086/2657 2241/8087/2657 2245/8088/2659 

v 78.4532 81.9079 -77.6498
vn 0.664529 -0.556452 -0.498761
v 94.7721 89.2622 -60.6875
f 2246/8089/2660 2247/8090/2660 2244/8091/2658 2243/8092/2658 

v 78.4795 81.973 -77.6549
vn 0.699937 -0.457462 -0.548468
v 94.7806 89.3193 -60.7111
f 2248/8093/2661 2249/8094/2661 2247/8095/2660 2246/8096/2660 

v 78.499 82.0407 -77.6608
vn 0.725052 -0.356475 -0.589258
v 94.7854 89.3803 -60.7324
v 78.4928 82.0116 -77.6555
vn 0.713939 -0.406275 -0.57029
f 2250/8097/2662 2251/8098/2662 2249/8099/2661 2248/8100/2661 2252/8101/2663 

v 78.51 82.1093 -77.6693
vn 0.740739 -0.254447 -0.621741
v 94.7752 89.4394 -60.7628
v 94.7862 89.4063 -60.7395
vn 0.734127 -0.304887 -0.606713
f 2253/8102/2664 2254/8103/2664 2255/8104/2665 2251/8105/2662 2250/8106/2662 

v 78.5181 82.1804 -77.6743
vn 0.747687 -0.151929 -0.646437
v 94.7306 89.4868 -60.8225
f 2256/8107/2666 2257/8108/2666 2254/8109/2664 2253/8110/2664 

v 78.5141 82.2491 -77.6852
vn 0.746364 -0.0492114 -0.663716
v 94.6641 89.5273 -60.8985
v 94.6862 89.5115 -60.8729
vn 0.748037 -0.100362 -0.656025
v 78.5186 82.1874 -77.6744
f 2258/8111/2667 2259/8112/2667 2260/8113/2668 2257/8114/2666 2256/8115/2666 2261/8116/2668 

v 78.5059 82.3179 -77.6937
vn 0.737007 0.0535446 -0.673761
v 94.5718 89.5582 -60.9944
f 2262/8117/2669 2263/8118/2669 2259/8119/2667 2258/8120/2667 

v 78.4907 82.3846 -77.7029
vn 0.719595 0.156366 -0.67656
v 94.4494 89.5765 -61.115
v 78.4994 82.3584 -77.6966
vn 0.729365 0.104675 -0.676069
f 2264/8121/2670 2265/8122/2670 2263/8123/2669 2262/8124/2669 2266/8125/2671 

v 78.4667 82.4474 -77.7145
vn 0.693874 0.25912 -0.67186
v 94.3107 89.5876 -61.2459
f 2267/8126/2672 2268/8127/2672 2265/8128/2670 2264/8129/2670 

v 78.4404 82.5082 -77.7221
vn 0.659418 0.36141 -0.659204
v 94.1521 89.5889 -61.391
f 2269/8130/2673 2270/8131/2673 2268/8132/2672 2267/8133/2672 

v 78.4022 82.5618 -77.7357
vn 0.615601 0.462688 -0.637931
v 93.9902 89.5867 -61.5331
v 94.1271 89.5876 -61.4133
vn 0.639103 0.411347 -0.649877
v 78.4382 82.5128 -77.7224
f 2271/8134/2674 2272/8135/2674 2273/8136/2675 2270/8137/2673 2269/8138/2673 2274/8139/2675 

v 78.3621 82.6118 -77.7451
vn 0.561716 0.561926 -0.607219
v 93.8249 89.5803 -61.6727
v 93.8851 89.5811 -61.6226
vn 0.590529 0.511599 -0.624133
f 2275/8140/2676 2276/8141/2676 2277/8142/2677 2272/8143/2674 2271/8144/2674 

v 93.6738 89.5719 -61.7941
vn 0.531564 0.609147 -0.58854
v 78.337 82.6401 -77.7476
f 2144/8145/2600 2143/8146/2600 2278/8147/2678 2276/8148/2676 2275/8149/2676 2279/8150/2678 

g Mesh11 Group17 Component_111_4 Group12 Group4 Group1 Ombrellone_Lateral_New_Sobrano_quadrado_3_5x3_5_1 Model

v 76.6959 82.799 -76.9786
vn 0.612019 0.790659 -0.0170341
v 75.7694 86.7003 -54.6741
v 75.7906 86.6801 -54.4866
vn 0.707368 0.706815 -0.00655233
v 76.7232 82.7533 -76.937
f 2280/7911/2679 2281/7912/2679 2282/7913/2680 2283/7914/2680 

v 76.6645 82.8387 -77.0144
vn 0.505218 0.862557 -0.027378
v 75.7435 86.7171 -54.8406
v 75.7664 86.7019 -54.6966
vn 0.5614 0.827249 -0.0220961
f 2284/7915/2681 2285/7916/2681 2286/7917/2682 2281/7918/2679 2280/7919/2679 

v 76.6298 82.8691 -77.0576
vn 0.388592 0.920651 -0.0373778
v 75.7129 86.7303 -54.982
v 75.7362 86.7196 -54.8791
vn 0.4495 0.892696 -0.0323066
v 76.6539 82.8486 -77.0231
f 2287/7920/2683 2288/7921/2683 2289/7922/2684 2285/7923/2681 2284/7924/2681 2290/7925/2684 

v 76.5915 82.8913 -77.0943
vn 0.264213 0.963327 -0.0468191
v 75.6776 86.7397 -55.0923
v 75.7021 86.7324 -55.0211
vn 0.328553 0.943548 -0.0420809
f 2291/7926/2685 2292/7927/2685 2293/7928/2686 2288/7929/2683 2287/7930/2683 

v 76.5499 82.9055 -77.1167
vn 0.134516 0.989356 -0.0554921
v 75.6381 86.745 -55.1656
v 75.6645 86.7406 -55.1219
vn 0.200792 0.978295 -0.0512022
f 2294/7931/2687 2295/7932/2687 2296/7933/2688 2292/7934/2685 2291/7935/2685 

v 76.5061 82.9109 -77.1231
vn 0.00216089 0.997998 -0.0632057
v 75.5954 86.746 -55.1969
v 75.6242 86.7445 -55.1807
vn 0.0688232 0.995855 -0.0594608
f 2297/7936/2689 2298/7937/2689 2299/7938/2690 2295/7939/2687 2294/7940/2687 

v 76.4616 82.9069 -77.1132
vn -0.130101 0.989041 -0.0697977
v 75.5507 86.7426 -55.1836
v 75.5818 86.7441 -55.1974
vn -0.0645083 0.995688 -0.0666684
f 2300/7941/2691 2301/7942/2691 2302/7943/2692 2298/7944/2689 2297/7945/2689 

v 76.418 82.894 -77.0875
vn -0.259543 0.962804 -0.0751405
v 75.5058 86.7351 -55.1272
v 75.538 86.7397 -55.1718
vn -0.19629 0.977849 -0.0726708
f 2303/7946/2693 2304/7947/2693 2305/7948/2694 2301/7949/2691 2300/7950/2691 

v 76.3764 82.8729 -77.0477
vn -0.383565 0.920116 -0.0791462
v 75.4619 86.7238 -55.0316
v 75.4934 86.7311 -55.1041
vn -0.323723 0.942984 -0.0773575
f 2306/7951/2695 2307/7952/2695 2308/7953/2696 2304/7954/2693 2303/7955/2693 

v 76.343 82.8486 -77.0025
vn -0.444287 0.892245 -0.0806651
v 76.3378 82.8443 -76.9981
vn -0.499825 0.862258 -0.0817691
v 75.42 86.7091 -54.9021
v 75.4488 86.7183 -54.995
f 2307/7956/2695 2306/7957/2695 2309/7958/2697 2310/7959/2698 2311/7960/2698 2312/7961/2697 

v 76.3033 82.8055 -76.9604
vn -0.606355 0.79085 -0.0830055
v 75.3805 86.6914 -54.7437
v 75.4047 86.7013 -54.8453
vn -0.555851 0.827171 -0.0825759
v 76.3099 82.8132 -76.9666
f 2313/7962/2699 2314/7963/2699 2315/7964/2700 2311/7965/2698 2310/7966/2698 2316/7967/2700 

v 76.2725 82.7598 -76.9218
vn -0.701621 0.707712 -0.0828879
v 75.3437 86.6709 -54.5612
v 75.362 86.6799 -54.6565
vn -0.656726 0.749535 -0.083111
f 2317/7968/2701 2318/7969/2701 2319/7970/2702 2314/7971/2699 2313/7972/2699 

v 76.2457 82.7073 -76.8864
vn -0.784521 0.614726 -0.0814759
v 75.31 86.6475 -54.3594
v 75.3211 86.6541 -54.4302
vn -0.745669 0.661212 -0.082322
v 76.2586 82.7337 -76.8991
f 2320/7973/2703 2321/7974/2703 2322/7975/2704 2318/7976/2701 2317/7977/2701 2323/7978/2704 

v 76.2231 82.6485 -76.857
vn -0.854327 0.513721 -0.0788462
v 75.2797 86.6212 -54.1442
v 75.2827 86.6233 -54.1677
vn -0.821824 0.564057 -0.0802804
f 2324/7979/2705 2325/7980/2705 2326/7981/2706 2321/7982/2703 2320/7983/2703 

v 76.2045 82.5857 -76.8247
vn -0.910602 0.406408 -0.0750838
v 75.2529 86.5925 -53.9168
f 2327/7984/2707 2328/7985/2707 2325/7986/2705 2324/7987/2705 

v 76.1906 82.5171 -76.8057
vn -0.953325 0.293664 -0.0702423
v 75.2302 86.5609 -53.6864
v 75.247 86.583 -53.8593
vn -0.933863 0.350147 -0.0727734
v 76.2041 82.5839 -76.8237
f 2329/7988/2708 2330/7989/2708 2331/7990/2709 2328/7991/2707 2327/7992/2707 2332/7993/2709 

v 76.1809 82.4461 -76.7857
vn -0.981688 0.179237 -0.0645163
v 75.2131 86.5226 -53.4795
v 75.2126 86.5236 -53.4739
v 75.2136 86.5253 -53.4869
vn -0.969639 0.235066 -0.0674067
f 2333/7994/2710 2334/7995/2710 2335/7996/2710 2336/7997/2711 2330/7998/2708 2329/7999/2708 

v 76.1758 82.3725 -76.7718
vn -0.996356 0.062623 -0.057912
v 75.1998 86.4823 -53.275
v 76.1782 82.4095 -76.7749
vn -0.990604 0.122217 -0.0613807
f 2337/8000/2712 2338/8001/2712 2335/8002/2710 2334/8003/2710 2333/8004/2710 2339/8005/2713 

v 76.1754 82.2971 -76.7645
vn -0.997129 -0.0565214 -0.0503954
v 75.1933 86.4325 -53.1216
f 2340/8006/2714 2341/8007/2714 2338/8008/2712 2337/8009/2712 

v 76.1794 82.2224 -76.7566
vn -0.983809 -0.174176 -0.0422092
v 75.1932 86.3749 -53.0156
f 2342/8010/2715 2343/8011/2715 2341/8012/2714 2340/8013/2714 

v 76.1883 82.1467 -76.7624
vn -0.956419 -0.290084 -0.0333721
v 75.2013 86.3028 -53.001
v 75.1939 86.3685 -53.01
vn -0.971998 -0.23191 -0.0379065
f 2344/8014/2716 2345/8015/2716 2346/8016/2717 2343/8017/2715 2342/8018/2715 

v 76.2014 82.0737 -76.7672
vn -0.91494 -0.402878 -0.0239697
v 75.2138 86.2324 -52.991
f 2347/8019/2718 2348/8020/2718 2345/8021/2716 2344/8022/2716 

v 76.219 82.0032 -76.7777
vn -0.859429 -0.51106 -0.0141004
v 75.2306 86.1654 -52.9813
v 76.211 82.0351 -76.7693
vn -0.889412 -0.456704 -0.0191724
f 2349/8023/2719 2350/8024/2719 2348/8025/2718 2347/8026/2718 2351/8027/2720 

v 76.2409 81.9359 -76.7944
vn -0.790093 -0.612975 -0.00388026
v 75.2514 86.1027 -52.9718
f 2352/8028/2721 2353/8029/2721 2350/8030/2719 2349/8031/2719 

v 76.2667 81.8743 -76.8088
vn -0.707368 -0.706815 0.00655233
v 75.2762 86.0452 -52.9628
f 2354/8032/2722 2355/8033/2722 2353/8034/2721 2352/8035/2721 

v 76.2967 81.8172 -76.8324
vn -0.612019 -0.790659 0.0170341
v 75.3049 85.9937 -52.9544
v 76.274 81.8607 -76.8117
vn -0.662465 -0.749002 0.0116601
f 2356/8036/2723 2357/8037/2723 2355/8038/2722 2354/8039/2722 2358/8040/2724 

v 76.3308 81.7662 -76.8613
vn -0.505218 -0.862557 0.027378
v 75.3374 85.9491 -52.9466
v 76.3049 81.8051 -76.8378
vn -0.5614 -0.827249 0.0220961
f 2359/8041/2725 2360/8042/2725 2357/8043/2723 2356/8044/2723 2361/8045/2726 

v 76.3683 81.7237 -76.8877
vn -0.388592 -0.920651 0.0373778
v 75.3736 85.9124 -52.9396
f 2362/8046/2727 2363/8047/2727 2360/8048/2725 2359/8049/2725 

v 76.4094 81.6897 -76.9177
vn -0.264213 -0.963327 0.0468191
v 75.4131 85.8848 -52.9336
v 76.3844 81.7109 -76.8959
vn -0.328553 -0.943548 0.0420809
f 2364/8050/2728 2365/8051/2728 2363/8052/2727 2362/8053/2727 2366/8054/2729 

v 76.4529 81.6674 -76.9418
vn -0.134516 -0.989356 0.0554921
v 75.4555 85.8675 -52.9289
f 2367/8055/2730 2368/8056/2730 2365/8057/2728 2364/8058/2728 

v 76.4974 81.659 -76.9527
vn -0.00216089 -0.997998 0.0632057
v 75.4994 85.8616 -52.9255
f 2369/8059/2731 2370/8060/2731 2368/8061/2730 2367/8062/2730 

v 76.5414 81.6653 -76.9497
vn 0.130101 -0.989041 0.0697977
v 75.5434 85.8677 -52.9236
f 2371/8063/2732 2372/8064/2732 2370/8065/2731 2369/8066/2731 

v 76.5833 81.6856 -76.9332
vn 0.259543 -0.962804 0.0751405
v 75.586 85.8851 -52.9234
f 2373/8067/2733 2374/8068/2733 2372/8069/2732 2371/8070/2732 

v 76.6221 81.7181 -76.9076
vn 0.383565 -0.920116 0.0791462
v 75.6259 85.9129 -52.9247
v 76.613 81.7109 -76.911
vn 0.323723 -0.942984 0.0773575
f 2375/8071/2734 2376/8072/2734 2374/8073/2733 2373/8074/2733 2377/8075/2735 

v 76.6578 81.759 -76.887
vn 0.499825 -0.862258 0.0817691
v 75.6626 85.9497 -52.9273
f 2378/8076/2736 2379/8077/2736 2376/8078/2734 2375/8079/2734 

v 76.6897 81.8089 -76.8611
vn 0.606355 -0.79085 0.0830055
v 75.6957 85.9945 -52.9312
f 2380/8080/2737 2381/8081/2737 2379/8082/2736 2378/8083/2736 

v 76.7177 81.8664 -76.8322
vn 0.701621 -0.707712 0.0828879
v 75.7251 86.0461 -52.9362
v 76.7147 81.8607 -76.8337
vn 0.656726 -0.749535 0.083111
f 2382/8084/2738 2383/8085/2738 2381/8086/2737 2380/8087/2737 2384/8088/2739 

v 76.7423 81.9281 -76.8152
vn 0.784521 -0.614726 0.0814759
v 75.7507 86.1037 -52.9422
f 2385/8089/2740 2386/8090/2740 2383/8091/2738 2382/8092/2738 

v 76.7629 81.9953 -76.7962
vn 0.854327 -0.513721 0.0788462
v 75.7723 86.1664 -52.9492
f 2387/8093/2741 2388/8094/2741 2386/8095/2740 2385/8096/2740 

v 76.7796 82.0662 -76.7823
vn 0.910598 -0.406415 0.0750841
v 75.79 86.2335 -52.9569
v 76.772 82.0351 -76.7847
vn 0.884657 -0.459828 0.0770687
f 2389/8097/2742 2390/8098/2742 2388/8099/2741 2387/8100/2741 2391/8101/2743 

v 76.7925 82.1392 -76.7761
vn 0.953107 -0.294361 0.0702756
v 75.8041 86.3011 -52.9816
v 75.7954 86.2619 -52.9596
vn 0.933858 -0.350163 0.0727742
f 2392/8102/2744 2393/8103/2744 2394/8104/2745 2390/8105/2742 2389/8106/2742 

v 76.8011 82.2149 -76.7694
vn 0.981735 -0.178982 0.0645047
v 75.8159 86.3633 -53.052
f 2395/8107/2746 2396/8108/2746 2393/8109/2744 2392/8110/2744 

v 76.8058 82.2899 -76.7755
vn 0.996422 -0.0616089 0.0578525
v 75.8244 86.4223 -53.1496
v 75.8214 86.4002 -53.1171
vn 0.990856 -0.120211 0.0612694
v 76.8015 82.2223 -76.7687
f 2397/8111/2747 2398/8112/2747 2399/8113/2748 2396/8114/2746 2395/8115/2746 2400/8116/2748 

v 76.8062 82.3652 -76.7827
vn 0.997132 0.056465 0.0503991
v 75.8299 86.4761 -53.2799
f 2401/8117/2749 2402/8118/2749 2398/8119/2747 2397/8120/2747 

v 76.8024 82.4391 -76.7957
vn 0.983819 0.174122 0.0422131
v 75.8327 86.5226 -53.4497
v 76.8038 82.4095 -76.7868
vn 0.992268 0.115106 0.046415
f 2403/8121/2750 2404/8122/2750 2402/8123/2749 2401/8124/2749 2405/8125/2751 

v 76.7946 82.5101 -76.8167
vn 0.956419 0.290084 0.0333721
v 75.8319 86.5642 -53.6386
f 2406/8126/2752 2407/8127/2752 2404/8128/2750 2403/8129/2750 

v 76.7825 82.5788 -76.8367
vn 0.91494 0.402878 0.0239697
v 75.8278 86.599 -53.852
f 2408/8130/2753 2409/8131/2753 2407/8132/2752 2406/8133/2752 

v 76.7668 82.6417 -76.8696
vn 0.859429 0.51106 0.0141004
v 75.8196 86.6303 -54.0659
v 75.8268 86.6029 -53.8853
vn 0.889412 0.456704 0.0191724
v 76.7813 82.5839 -76.8381
f 2410/8134/2754 2411/8135/2754 2412/8136/2755 2409/8137/2753 2408/8138/2753 2413/8139/2755 

v 76.7469 82.7005 -76.9012
vn 0.790093 0.612975 0.00388026
v 75.8073 86.657 -54.2807
v 75.8122 86.6457 -54.203
vn 0.8272 0.561834 0.00913401
f 2414/8140/2756 2415/8141/2756 2416/8142/2757 2411/8143/2754 2410/8144/2754 

v 75.7919 86.6781 -54.4728
vn 0.751366 0.659885 -0.00119269
v 76.7321 82.7337 -76.9188
f 2283/8145/2680 2282/8146/2680 2417/8147/2758 2415/8148/2756 2414/8149/2756 2418/8150/2758 

g Mesh12 Group18 Component_111_5 Group12 Group4 Group1 Ombrellone_Lateral_New_Sobrano_quadrado_3_5x3_5_1 Model

v 75.8682 83.0135 -80.9666
vn -0.650849 0.753947 0.0892183
v 75.4635 86.5729 -101.709
v 75.4305 86.5545 -101.88
vn -0.742184 0.664246 0.0891079
v 75.8378 82.9718 -81.0021
f 2419/7911/2759 2420/7912/2759 2421/7913/2760 2422/7914/2760 

v 75.9023 83.0497 -80.9371
vn -0.544169 0.834372 0.0877744
v 75.5 86.5882 -101.558
v 75.468 86.5744 -101.688
vn -0.600839 0.794431 0.0887212
f 2423/7915/2761 2424/7916/2761 2425/7917/2762 2420/7918/2759 2419/7919/2759 

v 75.9403 83.0774 -80.901
vn -0.422954 0.902192 0.0846115
v 75.5397 86.6003 -101.43
v 75.5097 86.5905 -101.523
vn -0.486829 0.869208 0.0864562
v 75.9137 83.0587 -80.9302
f 2426/7920/2763 2427/7921/2763 2428/7922/2764 2424/7923/2761 2423/7924/2761 2429/7925/2764 

v 75.9815 83.0977 -80.8714
vn -0.2892 0.953951 0.0796305
v 75.5823 86.6089 -101.332
v 75.5531 86.6022 -101.396
vn -0.358896 0.929733 0.0824038
f 2430/7926/2765 2431/7927/2765 2432/7928/2766 2427/7929/2763 2426/7930/2763 

v 76.0253 83.1107 -80.8555
vn -0.146174 0.986574 0.0728361
v 75.627 86.6137 -101.269
v 75.5974 86.6097 -101.307
vn -0.219616 0.972582 0.0765032
f 2433/7931/2767 2434/7932/2767 2435/7933/2768 2431/7934/2765 2430/7935/2765 

v 76.0703 83.1155 -80.8545
vn 0.00177574 0.997925 0.064361
v 75.6725 86.6146 -101.245
v 75.6421 86.6132 -101.257
vn -0.0728738 0.994964 0.068816
f 2436/7936/2769 2437/7937/2769 2438/7938/2770 2434/7939/2767 2433/7940/2767 

v 76.1151 83.1119 -80.8687
vn 0.149685 0.987232 0.0544642
v 75.7172 86.6115 -101.262
v 75.6863 86.6129 -101.246
vn 0.0764496 0.995294 0.0595433
f 2439/7941/2771 2440/7942/2771 2441/7943/2772 2437/7944/2769 2436/7945/2769 

v 76.158 83.1001 -80.8974
vn 0.292594 0.955247 0.0435031
v 75.7595 86.6046 -101.32
v 75.7294 86.6088 -101.275
vn 0.223105 0.973562 0.0490114
f 2442/7946/2773 2443/7947/2773 2444/7948/2774 2440/7949/2771 2439/7950/2771 

v 76.1979 83.0809 -80.939
vn 0.42616 0.904086 0.0318846
v 75.7985 86.5943 -101.413
v 75.7708 86.601 -101.342
vn 0.362219 0.931333 0.0376246
f 2445/7951/2775 2446/7952/2775 2447/7953/2776 2443/7954/2773 2442/7955/2773 

v 76.2293 83.0587 -80.9846
vn 0.48992 0.871385 0.0258035
v 76.2343 83.0548 -80.9893
vn 0.547125 0.836812 0.0200094
v 75.8334 86.581 -101.538
v 75.8097 86.5893 -101.448
f 2446/7956/2775 2445/7957/2775 2448/7958/2777 2449/7959/2778 2450/7960/2778 2451/7961/2777 

v 76.2672 83.0194 -81.0281
vn 0.65351 0.756874 0.0082235
v 75.8641 86.5648 -101.689
v 75.8455 86.5738 -101.592
vn 0.603649 0.797128 0.0139275
v 76.2608 83.0264 -81.0216
f 2452/7962/2779 2453/7963/2779 2454/7964/2780 2450/7965/2778 2449/7966/2778 2455/7967/2780 

v 76.2962 82.9777 -81.0673
vn 0.744517 0.667595 -0.00320875
v 75.8905 86.5461 -101.862
v 75.8777 86.5543 -101.772
vn 0.702141 0.712034 0.0022998
f 2456/7968/2781 2457/7969/2781 2458/7970/2782 2453/7971/2779 2452/7972/2779 

v 76.3214 82.9298 -81.1031
vn 0.820247 0.571836 -0.0141087
v 75.9127 86.5247 -102.052
v 75.9056 86.5307 -101.986
vn 0.785171 0.619215 -0.00886467
v 76.3091 82.9538 -81.0899
f 2459/7973/2783 2460/7974/2783 2461/7975/2784 2457/7976/2781 2456/7977/2781 2462/7978/2784 

v 76.3427 82.8761 -81.1329
vn 0.881347 0.471841 -0.0243719
v 75.9306 86.5007 -102.255
v 75.9289 86.5027 -102.233
vn 0.853211 0.521204 -0.0194315
f 2463/7979/2785 2464/7980/2785 2465/7981/2786 2460/7982/2783 2459/7983/2783 

v 76.3597 82.8189 -81.1649
vn 0.928712 0.369244 -0.0339483
v 75.9441 86.4746 -102.468
f 2466/7984/2787 2467/7985/2787 2464/7986/2785 2463/7987/2785 

v 76.3727 82.7563 -81.1841
vn 0.963428 0.264516 -0.0428757
v 75.9533 86.4457 -102.684
v 75.9467 86.4659 -102.522
vn 0.947759 0.31665 -0.0385316
v 76.3601 82.8172 -81.1658
f 2468/7988/2788 2469/7989/2788 2470/7990/2789 2467/7991/2787 2466/7992/2787 2471/7993/2789 

v 76.3814 82.6915 -81.2037
vn 0.985721 0.160485 -0.0509853
v 75.9582 86.4108 -102.877
v 75.9584 86.4117 -102.883
v 75.9582 86.4133 -102.871
vn 0.976346 0.211015 -0.047137
f 2472/7994/2790 2473/7995/2790 2474/7996/2790 2475/7997/2791 2469/7998/2788 2468/7999/2788 

v 76.3857 82.6243 -81.2172
vn 0.996726 0.055888 -0.0584271
v 75.9594 86.374 -103.068
v 76.3835 82.6581 -81.2139
vn 0.992511 0.109217 -0.0547205
f 2476/8000/2792 2477/8001/2792 2474/8002/2790 2473/8003/2790 2472/8004/2790 2478/8005/2793 

v 76.3857 82.5556 -81.2239
vn 0.996592 -0.0504193 -0.0652857
v 75.9567 86.3286 -103.211
f 2479/8006/2794 2480/8007/2794 2477/8008/2792 2476/8009/2792 

v 76.3812 82.4873 -81.2308
vn 0.985214 -0.155748 -0.0713824
v 75.9504 86.276 -103.309
f 2481/8010/2795 2482/8011/2795 2480/8012/2794 2479/8013/2794 

v 76.3724 82.4183 -81.2244
vn 0.962351 -0.260752 -0.0767432
v 75.9413 86.2102 -103.322
v 75.9494 86.2702 -103.314
vn 0.975349 -0.20784 -0.0741339
f 2483/8014/2796 2484/8015/2796 2485/8016/2797 2482/8017/2795 2481/8018/2795 

v 76.3593 82.3517 -81.2185
vn 0.927444 -0.365016 -0.0813067
v 75.9279 86.146 -103.329
f 2486/8019/2798 2487/8020/2798 2484/8021/2796 2483/8022/2796 

v 76.3421 82.2874 -81.2068
vn 0.879717 -0.467843 -0.0849793
v 75.9103 86.0849 -103.336
v 76.3497 82.3165 -81.2154
vn 0.905652 -0.415773 -0.0832295
f 2488/8023/2799 2489/8024/2799 2487/8025/2798 2486/8026/2798 2490/8027/2800 

v 76.3207 82.226 -81.1888
vn 0.81826 -0.56813 -0.0876333
v 75.8885 86.0277 -103.343
f 2491/8028/2801 2492/8029/2801 2489/8030/2799 2488/8031/2799 

v 76.2953 82.1698 -81.1725
vn 0.742184 -0.664246 -0.0891079
v 75.8627 85.9752 -103.348
f 2493/8032/2802 2494/8033/2802 2492/8034/2801 2491/8035/2801 

v 76.2662 82.1177 -81.1473
vn 0.650849 -0.753947 -0.0892183
v 75.8329 85.9282 -103.353
v 76.2881 82.1574 -81.169
vn 0.699648 -0.708879 -0.089344
f 2495/8036/2803 2496/8037/2803 2494/8038/2802 2493/8039/2802 2497/8040/2804 

v 76.2332 82.0711 -81.1166
vn 0.544169 -0.834372 -0.0877744
v 75.7993 85.8876 -103.356
v 76.2581 82.1067 -81.1414
vn 0.600839 -0.794431 -0.0887212
f 2498/8041/2805 2499/8042/2805 2496/8043/2803 2495/8044/2803 2500/8045/2806 

v 76.1965 82.0323 -81.088
vn 0.422954 -0.902192 -0.0846115
v 75.762 85.8541 -103.359
f 2501/8046/2807 2502/8047/2807 2499/8048/2805 2498/8049/2805 

v 76.1565 82.0014 -81.0556
vn 0.2892 -0.953951 -0.0796305
v 75.7213 85.8289 -103.36
v 76.1807 82.0207 -81.0786
vn 0.358896 -0.929733 -0.0824038
f 2503/8050/2808 2504/8051/2808 2502/8052/2807 2501/8053/2807 2505/8054/2809 

v 76.1136 81.981 -81.0283
vn 0.146174 -0.986574 -0.0728361
v 75.6779 85.8131 -103.359
f 2506/8055/2810 2507/8056/2810 2504/8057/2808 2503/8058/2808 

v 76.0689 81.9734 -81.0131
vn -0.00177574 -0.997925 -0.064361
v 75.6329 85.8077 -103.358
f 2508/8059/2811 2509/8060/2811 2507/8061/2810 2506/8062/2810 

v 76.0239 81.9791 -81.0109
vn -0.149685 -0.987232 -0.0544642
v 75.5879 85.8132 -103.354
f 2510/8063/2812 2511/8064/2812 2509/8065/2811 2508/8066/2811 

v 75.9802 81.9976 -81.0215
vn -0.292594 -0.955247 -0.0435031
v 75.5445 85.8291 -103.35
f 2512/8067/2813 2513/8068/2813 2511/8069/2812 2510/8070/2812 

v 75.9391 82.0272 -81.0407
vn -0.42616 -0.904086 -0.0318846
v 75.5039 85.8545 -103.344
v 75.9486 82.0207 -81.0386
vn -0.362219 -0.931333 -0.0376246
f 2514/8071/2814 2515/8072/2814 2513/8073/2813 2512/8074/2813 2516/8075/2815 

v 75.9014 82.0645 -81.0557
vn -0.547125 -0.836812 -0.0200094
v 75.4667 85.8881 -103.337
f 2517/8076/2816 2518/8077/2816 2515/8078/2814 2514/8079/2814 

v 75.8674 82.1101 -81.076
vn -0.65351 -0.756874 -0.0082235
v 75.4332 85.9289 -103.33
f 2519/8080/2817 2520/8081/2817 2518/8082/2816 2517/8083/2816 

v 75.8371 82.1626 -81.0996
vn -0.744517 -0.667595 0.00320875
v 75.4035 85.976 -103.322
v 75.8402 82.1574 -81.0985
vn -0.702141 -0.712034 -0.0022998
f 2521/8084/2818 2522/8085/2818 2520/8086/2817 2519/8087/2817 2523/8088/2819 

v 75.811 82.2188 -81.1125
vn -0.820247 -0.571836 0.0141087
v 75.3778 86.0285 -103.313
f 2524/8089/2820 2525/8090/2820 2522/8091/2818 2521/8092/2818 

v 75.7888 82.2802 -81.1278
vn -0.881347 -0.471841 0.0243719
v 75.3562 86.0858 -103.305
f 2526/8093/2821 2527/8094/2821 2525/8095/2820 2524/8096/2820 

v 75.771 82.3448 -81.1388
vn -0.92871 -0.369251 0.0339476
v 75.3387 86.147 -103.295
v 75.7789 82.3165 -81.1373
vn -0.907094 -0.419905 0.0293298
f 2528/8097/2822 2529/8098/2822 2527/8099/2821 2526/8100/2821 2530/8101/2823 

v 75.7575 82.4115 -81.143
vn -0.963254 -0.265156 0.0428228
v 75.3257 86.2087 -103.271
v 75.3333 86.1729 -103.292
vn -0.947755 -0.316665 0.0385303
f 2531/8102/2824 2532/8103/2824 2533/8104/2825 2529/8105/2822 2528/8106/2822 

v 75.7483 82.4805 -81.1482
vn -0.985757 -0.160256 0.0510006
v 75.318 86.2654 -103.204
f 2534/8107/2826 2535/8108/2826 2532/8109/2824 2531/8110/2824 

v 75.7439 82.5489 -81.1421
vn -0.996773 -0.054982 0.0584875
v 75.3152 86.3192 -103.113
v 75.3163 86.2991 -103.144
vn -0.9927 -0.107419 0.0548463
v 75.7479 82.4873 -81.1488
f 2536/8111/2827 2537/8112/2827 2538/8113/2828 2535/8114/2826 2534/8115/2826 2539/8116/2828 

v 75.7439 82.6177 -81.1353
vn -0.996595 0.050369 0.0652827
v 75.3175 86.3684 -102.992
f 2540/8117/2829 2541/8118/2829 2537/8119/2827 2536/8120/2827 

v 75.7485 82.6851 -81.1237
vn -0.985222 0.155699 0.0713798
v 75.3249 86.4107 -102.835
v 75.7466 82.6581 -81.1318
vn -0.992351 0.102766 0.0684038
f 2542/8121/2830 2543/8122/2830 2541/8123/2829 2540/8124/2829 2544/8125/2831 

v 75.7577 82.7499 -81.1052
vn -0.962351 0.260752 0.0767432
v 75.3372 86.4487 -102.66
f 2545/8126/2832 2546/8127/2832 2543/8128/2830 2542/8129/2830 

v 75.7713 82.8125 -81.0881
vn -0.927444 0.365016 0.0813067
v 75.3542 86.4805 -102.463
f 2547/8130/2833 2548/8131/2833 2546/8132/2832 2545/8133/2832 

v 75.7893 82.8699 -81.0594
vn -0.879717 0.467843 0.0849793
v 75.3756 86.509 -102.266
v 75.3573 86.484 -102.432
vn -0.905652 0.415773 0.0832295
v 75.7727 82.8172 -81.0869
f 2549/8134/2834 2550/8135/2834 2551/8136/2835 2548/8137/2833 2547/8138/2833 2552/8139/2835 

v 75.8115 82.9236 -81.0324
vn -0.81826 0.56813 0.0876333
v 75.4011 86.5334 -102.069
v 75.3913 86.5231 -102.14
vn -0.85141 0.517333 0.0864148
f 2553/8140/2836 2554/8141/2836 2555/8142/2837 2550/8143/2834 2549/8144/2834 

v 75.4283 86.5527 -101.893
vn -0.783018 0.615669 0.0885111
v 75.8276 82.9538 -81.0178
f 2422/8145/2760 2421/8146/2760 2556/8147/2838 2554/8148/2836 2553/8149/2836 2557/8150/2838 

g Mesh13 Group19 Component_111_6 Group12 Group4 Group1 Ombrellone_Lateral_New_Sobrano_quadrado_3_5x3_5_1 Model

v 78.7657 82.799 -79.3173
vn -0.00894801 0.819602 -0.572864
v 103.458 86.7003 -78.0707
v 103.666 86.6801 -78.0865
vn 0.00480212 0.742054 -0.670323
v 78.8123 82.7533 -79.3412
f 2558/7911/2839 2559/7912/2839 2560/7913/2840 2561/7914/2840 

v 78.7256 82.8387 -79.2897
vn -0.0224119 0.883653 -0.467605
v 103.273 86.7171 -78.0504
v 103.433 86.7019 -78.0684
vn -0.0155464 0.852488 -0.522515
f 2562/7915/2841 2563/7916/2841 2564/7917/2842 2559/7918/2839 2558/7919/2839 

v 78.6771 82.8691 -79.2592
vn -0.035399 0.933682 -0.356349
v 103.116 86.7303 -78.0254
v 103.23 86.7196 -78.0445
vn -0.0288104 0.909805 -0.414035
v 78.7157 82.8486 -79.2802
f 2565/7920/2843 2566/7921/2843 2567/7922/2844 2563/7923/2841 2562/7924/2841 2568/7925/2844 

v 78.6358 82.8913 -79.2253
vn -0.047743 0.969397 -0.240811
v 102.993 86.7397 -77.9956
v 103.072 86.7324 -78.0164
vn -0.0415292 0.952958 -0.300244
f 2569/7926/2845 2570/7927/2845 2571/7928/2846 2566/7929/2843 2565/7930/2843 

v 78.6103 82.9055 -79.1882
vn -0.0593005 0.990685 -0.122581
v 102.911 86.745 -77.9613
v 102.96 86.7406 -77.9843
vn -0.0535457 0.981694 -0.182781
f 2572/7931/2847 2573/7932/2847 2574/7933/2848 2570/7934/2845 2569/7935/2845 

v 78.6024 82.9109 -79.1487
vn -0.0699479 0.997546 -0.00311186
v 102.876 86.746 -77.9233
v 102.894 86.7445 -77.9491
vn -0.0647191 0.9959 -0.063207
f 2575/7936/2849 2576/7937/2849 2577/7938/2850 2573/7939/2847 2572/7940/2847 

v 78.6127 82.9069 -79.1084
vn -0.0795736 0.990028 0.116242
v 102.89 86.7426 -77.8828
v 102.875 86.7441 -77.9111
vn -0.074921 0.99556 0.0569818
f 2578/7941/2851 2579/7942/2851 2580/7943/2852 2576/7944/2849 2575/7945/2849 

v 78.6404 82.894 -79.0685
vn -0.0880692 0.968204 0.234149
v 102.952 86.7351 -77.8412
v 102.903 86.7397 -77.8711
vn -0.0840317 0.980739 0.176325
f 2581/7946/2853 2582/7947/2853 2583/7948/2854 2579/7949/2851 2578/7950/2851 

v 78.6838 82.8729 -79.0303
vn -0.0953236 0.932182 0.349214
v 103.057 86.7238 -77.7999
v 102.977 86.7311 -77.8296
vn -0.0919368 0.951568 0.293369
f 2584/7951/2855 2585/7952/2855 2586/7953/2856 2582/7954/2853 2581/7955/2853 

v 78.7333 82.8486 -78.9993
vn -0.0985256 0.908262 0.406636
v 78.7381 82.8443 -78.9945
vn -0.101224 0.88216 0.459943
v 103.2 86.7091 -77.7596
v 103.097 86.7183 -77.7873
f 2585/7956/2855 2584/7957/2855 2587/7958/2857 2588/7959/2858 2589/7960/2858 2590/7961/2857 

v 78.7793 82.8055 -78.9627
vn -0.105658 0.818475 0.564743
v 103.374 86.6914 -77.721
v 103.262 86.7013 -77.7448
vn -0.103691 0.851137 0.514601
v 78.7725 82.8132 -78.9688
f 2591/7962/2859 2592/7963/2859 2593/7964/2860 2589/7965/2858 2588/7966/2858 2594/7967/2860 

v 78.8216 82.7598 -78.9342
vn -0.108521 0.741651 0.661949
v 103.576 86.6709 -77.6845
v 103.471 86.6799 -77.7027
vn -0.107329 0.780653 0.615679
f 2595/7968/2861 2596/7969/2861 2597/7970/2862 2592/7971/2859 2591/7972/2859 

v 78.8603 82.7073 -78.9094
vn -0.109721 0.652447 0.749849
v 103.799 86.6475 -77.6504
v 103.721 86.6541 -77.6617
vn -0.109348 0.697463 0.708229
v 78.8465 82.7337 -78.9212
f 2598/7973/2863 2599/7974/2863 2600/7975/2864 2596/7976/2861 2595/7977/2861 2601/7978/2864 

v 78.8925 82.6485 -78.8884
vn -0.109185 0.551899 0.826732
v 104.037 86.6212 -77.619
v 104.011 86.6233 -77.6222
vn -0.109668 0.60246 0.790579
f 2602/7979/2865 2603/7980/2865 2604/7981/2866 2599/7982/2863 2598/7983/2863 

v 78.928 82.5857 -78.871
vn -0.106868 0.441356 0.890946
v 104.288 86.5925 -77.5907
f 2605/7984/2867 2606/7985/2867 2603/7986/2865 2602/7987/2865 

v 78.9488 82.5171 -78.8581
vn -0.102728 0.321761 0.941232
v 104.543 86.5609 -77.566
v 104.352 86.583 -77.5843
vn -0.105009 0.382071 0.918148
v 78.929 82.5839 -78.8706
f 2607/7988/2868 2608/7989/2868 2609/7990/2869 2606/7991/2867 2605/7992/2867 2610/7993/2869 

v 78.9708 82.4461 -78.849
vn -0.096902 0.197618 0.975478
v 104.772 86.5226 -77.5467
v 104.778 86.5236 -77.5461
v 104.764 86.5253 -77.5473
vn -0.0999399 0.258475 0.960834
f 2611/7994/2870 2612/7995/2870 2613/7996/2870 2614/7997/2871 2608/7998/2868 2607/7999/2868 

v 78.9861 82.3725 -78.8442
vn -0.0894102 0.0692807 0.993582
v 104.998 86.4823 -77.531
v 78.9827 82.4095 -78.8464
vn -0.0934276 0.135027 0.986427
f 2615/8000/2872 2616/8001/2872 2613/8002/2870 2612/8003/2870 2611/8004/2870 2617/8005/2873 

v 78.9942 82.2971 -78.8437
vn -0.0802373 -0.0625495 0.994811
v 105.168 86.4325 -77.5223
f 2618/8006/2874 2619/8007/2874 2616/8008/2872 2615/8009/2872 

v 79.003 82.2224 -78.8471
vn -0.0697556 -0.192202 0.978873
v 105.285 86.3749 -77.5203
f 2620/8010/2875 2621/8011/2875 2619/8012/2874 2618/8013/2874 

v 78.9968 82.1467 -78.8553
vn -0.058107 -0.318239 0.946228
v 105.302 86.3028 -77.5273
v 105.292 86.3685 -77.5207
vn -0.064115 -0.255262 0.964744
f 2622/8014/2876 2623/8015/2876 2624/8016/2877 2621/8017/2875 2620/8018/2875 

v 78.9916 82.0737 -78.8672
vn -0.0455315 -0.438246 0.897701
v 105.313 86.2324 -77.5384
f 2625/8019/2878 2626/8020/2878 2623/8021/2876 2622/8022/2876 

v 78.9803 82.0032 -78.8833
vn -0.0322845 -0.550058 0.834502
v 105.324 86.1654 -77.5533
v 78.9895 82.0351 -78.8759
vn -0.0390909 -0.494327 0.868396
f 2627/8023/2879 2628/8024/2879 2626/8025/2878 2625/8026/2878 2629/8027/2880 

v 78.9621 81.9359 -78.9033
vn -0.0186246 -0.651826 0.75814
v 105.335 86.1027 -77.5719
f 2630/8028/2881 2631/8029/2881 2628/8030/2879 2627/8031/2879 

v 78.9466 81.8743 -78.9269
vn -0.00480212 -0.742054 0.670323
v 105.345 86.0452 -77.5941
f 2632/8032/2882 2633/8033/2882 2631/8034/2881 2630/8035/2881 

v 78.921 81.8172 -78.9544
vn 0.00894801 -0.819602 0.572864
v 105.355 85.9937 -77.6199
v 78.9435 81.8607 -78.9335
vn 0.0019146 -0.781448 0.623967
f 2634/8036/2883 2635/8037/2883 2633/8038/2882 2632/8039/2882 2636/8040/2884 

v 78.8895 81.7662 -78.9856
vn 0.0224119 -0.883653 0.467605
v 105.364 85.9491 -77.6491
v 78.9151 81.8051 -78.9619
vn 0.0155464 -0.852488 0.522515
f 2637/8041/2885 2638/8042/2885 2635/8043/2883 2634/8044/2883 2639/8045/2886 

v 78.861 81.7237 -79.02
vn 0.035399 -0.933682 0.356349
v 105.373 85.9124 -77.6816
f 2640/8046/2887 2641/8047/2887 2638/8048/2885 2637/8049/2885 

v 78.8284 81.6897 -79.0577
vn 0.047743 -0.969397 0.240811
v 105.38 85.8848 -77.7172
v 78.8521 81.7109 -79.0347
vn 0.0415292 -0.952958 0.300244
f 2642/8050/2888 2643/8051/2888 2641/8052/2887 2640/8053/2887 2644/8054/2889 

v 78.8024 81.6674 -79.0974
vn 0.0593005 -0.990685 0.122581
v 105.386 85.8675 -77.7553
f 2645/8055/2890 2646/8056/2890 2643/8057/2888 2642/8058/2888 

v 78.791 81.659 -79.1378
vn 0.0699479 -0.997546 0.00311186
v 105.39 85.8616 -77.7949
f 2647/8059/2891 2648/8060/2891 2646/8061/2890 2645/8062/2890 

v 78.7951 81.6653 -79.1774
vn 0.0795736 -0.990028 -0.116242
v 105.393 85.8677 -77.8346
f 2649/8063/2892 2650/8064/2892 2648/8065/2891 2647/8066/2891 

v 78.8142 81.6856 -79.2149
vn 0.0880692 -0.968204 -0.234149
v 105.394 85.8851 -77.873
f 2651/8067/2893 2652/8068/2893 2650/8069/2892 2649/8070/2892 

v 78.8431 81.7181 -79.2495
vn 0.0953236 -0.932182 -0.349214
v 105.393 85.9129 -77.9091
v 78.8392 81.7109 -79.2413
vn 0.0919368 -0.951568 -0.293369
f 2653/8071/2894 2654/8072/2894 2652/8073/2893 2651/8074/2893 2655/8075/2895 

v 78.8665 81.759 -79.2813
vn 0.101224 -0.88216 -0.459943
v 105.391 85.9497 -77.9422
f 2656/8076/2896 2657/8077/2896 2654/8078/2894 2653/8079/2894 

v 78.8957 81.8089 -79.3096
vn 0.105658 -0.818475 -0.564743
v 105.387 85.9945 -77.9722
f 2658/8080/2897 2659/8081/2897 2657/8082/2896 2656/8083/2896 

v 78.9282 81.8664 -79.3343
vn 0.108521 -0.741651 -0.661949
v 105.382 86.0461 -77.9988
v 78.9265 81.8607 -79.3317
vn 0.107329 -0.780653 -0.615679
f 2660/8084/2898 2661/8085/2898 2659/8086/2897 2658/8087/2897 2662/8088/2899 

v 78.9475 81.9281 -79.3562
vn 0.109721 -0.652447 -0.749849
v 105.376 86.1037 -78.022
f 2663/8089/2900 2664/8090/2900 2661/8091/2898 2660/8092/2898 

v 78.9689 81.9953 -79.3744
vn 0.109185 -0.551899 -0.826732
v 105.369 86.1664 -78.0417
f 2665/8093/2901 2666/8094/2901 2664/8095/2900 2663/8096/2900 

v 78.9846 82.0662 -79.3893
vn 0.106868 -0.441364 -0.890942
v 105.36 86.2335 -78.0577
v 78.9817 82.0351 -79.3824
vn 0.108231 -0.496828 -0.861074
f 2667/8097/2902 2668/8098/2902 2666/8099/2901 2665/8100/2901 2669/8101/2903 

v 78.9917 82.1392 -79.4008
vn 0.102759 -0.32251 -0.940972
v 105.333 86.3011 -78.0709
v 105.358 86.2619 -78.0626
vn 0.10501 -0.382087 -0.918141
f 2670/8102/2904 2671/8103/2904 2672/8104/2905 2668/8105/2902 2667/8106/2902 

v 78.9992 82.2149 -79.4084
vn 0.0968897 -0.19734 -0.975535
v 105.256 86.3633 -78.0828
f 2673/8107/2906 2674/8108/2906 2671/8109/2904 2670/8110/2904 

v 78.9926 82.2899 -79.4128
vn 0.0893399 -0.0681599 -0.993666
v 105.148 86.4223 -78.0923
v 105.184 86.4002 -78.0891
vn 0.0933016 -0.132818 -0.986739
v 79 82.2223 -79.4087
f 2675/8111/2907 2676/8112/2907 2677/8113/2908 2674/8114/2906 2673/8115/2906 2678/8116/2908 

v 78.9845 82.3652 -79.4133
vn 0.0802419 0.0624871 -0.994815
v 105.003 86.4761 -78.0997
f 2679/8117/2909 2680/8118/2909 2676/8119/2907 2675/8120/2907 

v 78.9701 82.4391 -79.4101
vn 0.0697607 0.192142 -0.978884
v 104.815 86.5226 -78.1053
v 78.9799 82.4095 -79.4112
vn 0.0751901 0.127251 -0.989017
f 2681/8121/2910 2682/8122/2910 2680/8123/2909 2679/8124/2909 2683/8125/2911 

v 78.9467 82.5101 -79.4035
vn 0.058107 0.318239 -0.946228
v 104.606 86.5642 -78.1081
f 2684/8126/2912 2685/8127/2912 2682/8128/2910 2681/8129/2910 

v 78.9244 82.5788 -79.3929
vn 0.0455315 0.438246 -0.897701
v 104.37 86.599 -78.1083
f 2686/8130/2913 2687/8131/2913 2685/8132/2912 2684/8133/2912 

v 78.8877 82.6417 -79.3793
vn 0.0322845 0.550058 -0.834502
v 104.133 86.6303 -78.1048
v 104.333 86.6029 -78.108
vn 0.0390909 0.494327 -0.868396
v 78.9227 82.5839 -79.3918
f 2688/8134/2914 2689/8135/2914 2690/8136/2915 2687/8137/2913 2686/8138/2913 2691/8139/2915 

v 78.8523 82.7005 -79.3619
vn 0.0186246 0.651826 -0.75814
v 103.894 86.657 -78.0977
v 103.98 86.6457 -78.1007
vn 0.0256345 0.601224 -0.798669
f 2692/8140/2916 2693/8141/2916 2694/8142/2917 2689/8143/2914 2688/8144/2914 

v 103.681 86.6781 -78.0874
vn 0.011886 0.697368 -0.716615
v 78.8325 82.7337 -79.3489
f 2561/8145/2840 2560/8146/2840 2695/8147/2918 2693/8148/2916 2692/8149/2916 2696/8150/2918 

g Mesh14 Group20 Component_111_7 Group12 Group4 Group1 Ombrellone_Lateral_New_Sobrano_quadrado_3_5x3_5_1 Model

v 74.6365 82.6787 -80.4208
vn -0.401713 0.802555 0.441059
v 59.6588 89.4622 -95.4997
v 59.5115 89.4706 -95.6119
vn -0.486302 0.721464 0.49295
v 74.5871 82.6428 -80.4344
f 2697/7911/2919 2698/7912/2919 2699/7913/2920 2700/7914/2920 

v 74.6841 82.71 -80.4137
vn -0.310078 0.870754 0.381626
v 59.7942 89.4537 -95.4041
v 59.6768 89.4604 -95.4865
vn -0.357916 0.837439 0.413028
f 2701/7915/2921 2702/7916/2921 2703/7917/2922 2698/7918/2919 2697/7919/2919 

v 74.7388 82.7317 -80.4039
vn -0.213025 0.924646 0.315673
v 59.9148 89.4456 -95.328
v 59.8263 89.4505 -95.3829
vn -0.263358 0.898876 0.350234
v 74.6977 82.7178 -80.4136
f 2704/7920/2923 2705/7921/2923 2706/7922/2924 2702/7923/2921 2701/7924/2921 2707/7925/2924 

v 74.791 82.7469 -80.4008
vn -0.112347 0.963143 0.244405
v 60.0164 89.4384 -95.2752
v 59.9497 89.4419 -95.3084
vn -0.164096 0.945461 0.281382
f 2708/7926/2925 2709/7927/2925 2710/7928/2926 2705/7929/2923 2704/7930/2923 

v 74.8348 82.7568 -80.4095
vn -0.0099202 0.98554 0.16915
v 60.0945 89.4328 -95.2494
v 60.046 89.4351 -95.2632
vn -0.0619654 0.976222 0.207726
f 2711/7931/2927 2712/7932/2927 2713/7933/2928 2709/7934/2925 2708/7935/2925 

v 74.8686 82.7609 -80.4302
vn 0.0923924 0.991529 0.0912941
v 60.1449 89.4294 -95.2534
v 60.1144 89.4302 -95.2475
vn 0.0411142 0.990576 0.13065
f 2714/7936/2929 2715/7937/2929 2716/7938/2930 2712/7939/2927 2711/7940/2927 

v 74.8909 82.7589 -80.4625
vn 0.192799 0.981162 0.0122272
v 60.165 89.4283 -95.2879
v 60.1542 89.4277 -95.2609
vn 0.143211 0.988345 0.0516141
f 2717/7941/2931 2718/7942/2931 2719/7943/2932 2715/7944/2929 2714/7945/2929 

v 74.9011 82.7509 -80.5051
vn 0.289601 0.954822 -0.0666799
v 60.1545 89.4297 -95.3513
v 60.1649 89.4274 -95.3032
vn 0.242461 0.96976 -0.027909
f 2720/7946/2933 2721/7947/2933 2722/7948/2934 2718/7949/2931 2717/7950/2931 

v 74.8996 82.7375 -80.5561
vn 0.381206 0.913192 -0.144089
v 60.1155 89.4333 -95.44
v 60.1463 89.4294 -95.3738
vn 0.337136 0.935414 -0.106489
f 2723/7951/2935 2724/7952/2935 2725/7953/2936 2721/7954/2933 2720/7955/2933 

v 74.8888 82.7218 -80.6061
vn 0.425689 0.886216 -0.182786
v 74.8889 82.7185 -80.6122
vn 0.466166 0.857234 -0.218724
v 60.0512 89.4386 -95.5501
v 60.0982 89.4335 -95.472
f 2724/7956/2935 2723/7957/2935 2726/7958/2937 2727/7959/2938 2728/7960/2938 2729/7961/2937 

v 74.8835 82.6885 -80.6585
vn 0.54321 0.788138 -0.289414
v 59.9648 89.4453 -95.678
v 60.0209 89.4396 -95.5967
vn 0.506788 0.823312 -0.255585
v 74.8838 82.6946 -80.6502
f 2730/7962/2939 2731/7963/2939 2732/7964/2940 2728/7965/2938 2727/7966/2938 2733/7967/2940 

v 74.8747 82.6523 -80.7035
vn 0.611283 0.707264 -0.355121
v 59.8594 89.4528 -95.8203
v 59.915 89.4474 -95.7466
vn 0.57932 0.74802 -0.323813
f 2734/7968/2941 2735/7969/2941 2736/7970/2942 2731/7971/2939 2730/7972/2939 

v 74.8653 82.6094 -80.7444
vn 0.669534 0.616068 -0.414951
v 59.7382 89.4606 -95.9737
v 59.7811 89.4564 -95.9203
vn 0.642383 0.661763 -0.386541
v 74.8668 82.6317 -80.7275
f 2737/7973/2943 2738/7974/2943 2739/7975/2944 2735/7976/2941 2734/7977/2941 2740/7978/2944 

v 74.8571 82.5599 -80.7791
vn 0.717305 0.516049 -0.468152
v 59.6052 89.4675 -96.1341
v 59.6199 89.4661 -96.1167
vn 0.695264 0.566018 -0.44298
f 2741/7979/2945 2742/7980/2945 2743/7981/2946 2738/7982/2943 2737/7983/2943 

v 74.844 82.5071 -80.8137
vn 0.754094 0.408724 -0.514088
v 59.4611 89.4741 -96.3005
f 2744/7984/2947 2745/7985/2947 2742/7986/2945 2741/7987/2945 

v 74.8369 82.4471 -80.837
vn 0.779648 0.294906 -0.552431
v 59.3121 89.4784 -96.4668
v 59.4241 89.4736 -96.3423
vn 0.768416 0.352053 -0.53441
v 74.8435 82.5055 -80.8146
f 2746/7988/2948 2747/7989/2948 2748/7990/2949 2745/7991/2947 2744/7992/2947 2749/7993/2949 

v 74.8263 82.3849 -80.8587
vn 0.793325 0.178463 -0.582054
v 59.1758 89.4731 -96.6145
v 59.1722 89.4748 -96.6185
v 59.1808 89.4745 -96.6093
vn 0.788131 0.235378 -0.568724
f 2750/7994/2950 2751/7995/2950 2752/7996/2950 2753/7997/2951 2747/7998/2948 2746/7999/2948 

v 74.8168 82.3195 -80.8737
vn 0.795392 0.059087 -0.603208
v 59.0385 89.4656 -96.7586
v 74.819 82.3529 -80.8688
vn 0.795801 0.120165 -0.593516
f 2754/8000/2952 2755/8001/2952 2752/8002/2950 2751/8003/2950 2750/8004/2950 2756/8005/2953 

v 74.8088 82.2516 -80.8818
vn 0.785487 -0.063307 -0.615632
v 58.9324 89.4421 -96.8655
f 2757/8006/2954 2758/8007/2954 2755/8008/2952 2754/8009/2952 

v 74.7975 82.1842 -80.8878
vn 0.763729 -0.184245 -0.618685
v 58.8553 89.4046 -96.9377
f 2759/8010/2955 2760/8011/2955 2758/8012/2954 2757/8013/2954 

v 74.7926 82.1141 -80.8819
vn 0.730202 -0.303088 -0.612326
v 58.8366 89.3407 -96.9457
v 58.8506 89.3995 -96.9413
vn 0.748575 -0.243503 -0.616719
f 2761/8014/2956 2762/8015/2956 2763/8016/2957 2760/8017/2955 2759/8018/2955 

v 74.7843 82.0465 -80.8741
vn 0.68516 -0.418077 -0.596463
v 58.8184 89.2776 -96.9479
f 2764/8019/2958 2765/8020/2958 2762/8021/2956 2761/8022/2956 

v 74.7772 81.9804 -80.8599
vn 0.629032 -0.527385 -0.571126
v 58.7977 89.2176 -96.9474
v 74.7778 82.0109 -80.8687
vn 0.658935 -0.472607 -0.585191
f 2766/8023/2959 2767/8024/2959 2765/8025/2958 2764/8026/2958 2768/8027/2960 

v 74.7717 81.9163 -80.839
vn 0.562454 -0.629138 -0.536499
v 58.7747 89.1615 -96.9442
f 2769/8028/2961 2770/8029/2961 2767/8030/2959 2766/8031/2959 

v 74.7623 81.8577 -80.8172
vn 0.486302 -0.721464 -0.49295
v 58.7495 89.1101 -96.9382
f 2771/8032/2962 2772/8033/2962 2770/8034/2961 2769/8035/2961 

v 74.7567 81.802 -80.7866
vn 0.401713 -0.802555 -0.441059
v 58.7224 89.064 -96.9293
v 74.759 81.8448 -80.8116
vn 0.446096 -0.762452 -0.468686
f 2773/8036/2963 2774/8037/2963 2772/8038/2962 2771/8039/2962 2775/8040/2964 

v 74.7526 81.751 -80.75
vn 0.310078 -0.870754 -0.381626
v 58.6936 89.0242 -96.9175
v 74.7547 81.7901 -80.7789
vn 0.357916 -0.837439 -0.413028
f 2776/8041/2965 2777/8042/2965 2774/8043/2963 2773/8044/2963 2778/8045/2966 

v 74.7446 81.7081 -80.7128
vn 0.213025 -0.924646 -0.315673
v 58.6633 88.9915 -96.9028
f 2779/8046/2967 2780/8047/2967 2777/8048/2965 2776/8049/2965 

v 74.7372 81.6726 -80.6707
vn 0.112347 -0.963143 -0.244405
v 58.6317 88.9669 -96.8851
v 74.7392 81.6952 -80.6987
vn 0.164096 -0.945461 -0.281382
f 2781/8050/2968 2782/8051/2968 2780/8052/2967 2779/8053/2967 2783/8054/2969 

v 74.7246 81.6485 -80.6307
vn 0.0099202 -0.98554 -0.16915
v 58.5996 88.9516 -96.8646
f 2784/8055/2970 2785/8056/2970 2782/8057/2968 2781/8058/2968 

v 74.7025 81.6392 -80.5982
vn -0.0923924 -0.991529 -0.0912941
v 58.568 88.9466 -96.8417
f 2786/8059/2971 2787/8060/2971 2785/8061/2970 2784/8062/2970 

v 74.6715 81.6452 -80.5746
vn -0.192799 -0.981162 -0.0122272
v 58.5378 88.9523 -96.8174
f 2788/8063/2972 2789/8064/2972 2787/8065/2971 2786/8066/2971 

v 74.633 81.666 -80.5606
vn -0.289601 -0.954822 0.0666799
v 58.5102 88.9681 -96.7923
f 2790/8067/2973 2791/8068/2973 2789/8069/2972 2788/8070/2972 

v 74.5906 81.6993 -80.5538
vn -0.381206 -0.913192 0.144089
v 58.4858 88.9933 -96.7674
v 74.5987 81.6923 -80.5571
vn -0.337136 -0.935414 0.106489
f 2792/8071/2974 2793/8072/2974 2791/8073/2973 2790/8074/2973 2794/8075/2975 

v 74.5541 81.7396 -80.5452
vn -0.466166 -0.857234 0.218724
v 58.4649 89.0265 -96.743
f 2795/8076/2976 2796/8077/2976 2793/8078/2974 2792/8079/2974 

v 74.5168 81.7889 -80.5419
vn -0.54321 -0.788138 0.289414
v 58.4476 89.0668 -96.7196
f 2797/8080/2977 2798/8081/2977 2796/8082/2976 2795/8083/2976 

v 74.4802 81.8457 -80.5425
vn -0.611283 -0.707264 0.355121
v 58.4339 89.1132 -96.6973
v 74.483 81.8403 -80.5434
vn -0.57932 -0.74802 0.323813
f 2799/8084/2978 2800/8085/2978 2798/8086/2977 2797/8087/2977 2801/8088/2979 

v 74.4545 81.9045 -80.537
vn -0.669534 -0.616068 0.414951
v 58.4236 89.165 -96.6763
f 2802/8089/2980 2803/8090/2980 2800/8091/2978 2799/8092/2978 

v 74.4302 81.9688 -80.535
vn -0.717305 -0.516049 0.468152
v 58.4167 89.2214 -96.6567
f 2804/8093/2981 2805/8094/2981 2803/8095/2980 2802/8096/2980 

v 74.4122 82.0356 -80.5317
vn -0.754092 -0.408732 0.514085
v 58.4133 89.2817 -96.6388
v 74.4177 82.0068 -80.5357
vn -0.737415 -0.462282 0.492458
f 2806/8097/2982 2807/8098/2982 2805/8099/2981 2804/8100/2981 2808/8101/2983 

v 74.4024 82.1033 -80.5254
vn -0.779528 -0.295613 0.552222
v 58.4242 89.34 -96.6116
v 58.4128 89.3073 -96.6327
vn -0.768413 -0.352069 0.534405
f 2809/8102/2984 2810/8103/2984 2811/8104/2985 2807/8105/2982 2806/8106/2982 

v 74.3951 82.1735 -80.5218
vn -0.793344 -0.178203 0.582108
v 58.4687 89.3867 -96.5559
f 2812/8107/2986 2813/8108/2986 2810/8109/2984 2809/8110/2984 

v 74.3993 82.2413 -80.512
vn -0.79536 -0.0580464 0.603352
v 58.5344 89.4267 -96.4842
v 58.5124 89.4112 -96.5083
vn -0.795838 -0.118111 0.593878
v 74.3946 82.1805 -80.5217
f 2814/8111/2987 2815/8112/2987 2816/8113/2988 2813/8114/2986 2812/8115/2986 2817/8116/2988 

v 74.4073 82.3093 -80.504
vn -0.785495 0.063249 0.615628
v 58.625 89.4572 -96.393
f 2818/8117/2989 2819/8118/2989 2815/8119/2987 2814/8120/2987 

v 74.422 82.3751 -80.4946
vn -0.763742 0.184189 0.618686
v 58.745 89.4754 -96.2776
v 74.4136 82.3492 -80.5008
vn -0.77616 0.12354 0.618315
f 2820/8121/2990 2821/8122/2990 2819/8123/2989 2818/8124/2989 2822/8125/2991 

v 74.4449 82.4371 -80.4824
vn -0.730202 0.303088 0.612326
v 58.8806 89.4863 -96.1519
f 2823/8126/2992 2824/8127/2992 2821/8128/2990 2820/8129/2990 

v 74.4698 82.4971 -80.4734
vn -0.68516 0.418077 0.596463
v 59.0354 89.4875 -96.0121
f 2825/8130/2993 2826/8131/2993 2824/8132/2992 2823/8133/2992 

v 74.5061 82.5501 -80.4582
vn -0.629032 0.527385 0.571126
v 59.1932 89.4854 -95.8746
v 59.0598 89.4863 -95.9906
vn -0.658935 0.472607 0.585191
v 74.4719 82.5016 -80.473
f 2827/8134/2994 2828/8135/2994 2829/8136/2995 2826/8137/2993 2825/8138/2993 2830/8139/2995 

v 74.544 82.5994 -80.4464
vn -0.562454 0.629138 0.536499
v 59.3541 89.4791 -95.739
v 59.2955 89.4799 -95.7878
vn -0.597703 0.578248 0.55532
f 2831/8140/2996 2832/8141/2996 2833/8142/2997 2828/8143/2994 2827/8144/2994 

v 59.5008 89.4708 -95.6203
vn -0.526432 0.675475 0.516336
v 74.5676 82.6273 -80.442
f 2700/8145/2920 2699/8146/2920 2834/8147/2998 2832/8148/2996 2831/8149/2996 2835/8150/2998 

g Mesh15 Group22 Group21 Group4 Group1 Ombrellone_Lateral_New_Sobrano_quadrado_3_5x3_5_1 Model

usemtl M00_Soft_Cloud
v 134.246 77.8871 -134.968
vt -12.1816 -83.4373
vn 0.436986 0.899447 0.00624991
v 76.8737 96.039 -77.8428
vt -59.3853 -32.9281
v 129.605 79.575 -77.7449
vt -58.8507 -78.7405
v 129.627 79.528 -87.3638
vt -51.0148 -78.8715
v 129.951 79.3869 -96.9662
vt -43.1888 -79.2642
v 130.575 79.1519 -106.54
vt -35.3826 -79.9181
v 131.501 78.8233 -116.073
vt -27.6061 -80.8324
v 132.725 78.4015 -125.553
vt -19.8692 -82.006
f 2836/8151/2999 2837/8152/2999 2838/8153/2999 2839/8154/2999 2840/8155/2999 2841/8156/2999 2842/8157/2999 2843/8158/2999 

vt -45.4625 64.7696
vn -0.00579416 0.901002 -0.433775
vt -92.5286 14.1321
v 124.771 78.4004 -133.466
vt -84.841 15.5638
v 115.23 78.8212 -132.259
vt -77.104 16.7378
v 105.637 79.149 -131.349
vt -69.3276 17.6524
v 96.003 79.3835 -130.739
vt -61.5214 18.3065
v 86.3406 79.5243 -130.427
vt -53.6954 18.6993
v 76.6619 79.5713 -130.416
vt -45.8595 18.8303
v 66.9792 79.5243 -130.704
vt -38.0236 18.6993
v 57.3047 79.3835 -131.292
vt -30.1976 18.3065
v 47.6507 79.149 -132.179
vt -22.3914 17.6524
v 38.0295 78.8212 -133.363
vt -14.615 16.7378
v 28.4531 78.4004 -134.843
vt -6.87805 15.5638
v 18.9337 77.8871 -136.618
vt 0.809544 14.1321
f 2837/8159/3000 2836/8160/3000 2844/8161/3000 2845/8162/3000 2846/8163/3000 2847/8164/3000 2848/8165/3000 2849/8166/3000 2850/8167/3000 2851/8168/3000 2852/8169/3000 2853/8170/3000 2854/8171/3000 2855/8172/3000 

v 24.8057 79.5494 -88.8629
vt 51.0148 6.63008
vn -0.443022 0.896488 -0.00633625
v 25.0844 79.5971 -79.2398
vt 58.8507 6.7608
vt 59.3853 51.8425
vt 12.1816 2.07226
v 20.701 78.4082 -127.155
vt 19.8692 3.50109
v 22.1734 78.8355 -117.637
vt 27.6061 4.6726
v 23.3493 79.1684 -108.074
vt 35.3826 5.58532
v 24.2271 79.4065 -98.4783
vt 43.1888 6.23809
f 2856/8173/3001 2857/8174/3001 2837/8175/3001 2855/8176/3001 2858/8177/3001 2859/8178/3001 2860/8179/3001 2861/8180/3001 

v 20.4645 77.8871 -22.0158
vt 105.52 2.07226
v 25.0627 79.5494 -69.6209
vt 66.6866 6.63008
v 24.7408 79.4065 -60.0184
vt 74.5126 6.23809
v 24.1191 79.1684 -50.4446
vt 82.3187 5.58532
v 23.1983 78.8355 -40.9116
vt 90.0952 4.6726
v 21.9796 78.4082 -31.4313
vt 97.8321 3.50109
f 2862/8181/3001 2837/8175/3001 2857/8174/3001 2863/8182/3001 2864/8183/3001 2865/8184/3001 2866/8185/3001 2867/8186/3001 

vt 45.4625 -45.5889
vn 0.00590246 0.897053 0.441883
vt -0.809544 -95.2312
v 29.9402 78.4094 -23.5099
vt 6.87805 -93.8028
v 39.4808 78.8376 -24.7095
vt 14.615 -92.6317
v 49.0742 79.1713 -25.6132
vt 22.3914 -91.7192
v 58.7082 79.4099 -26.2199
vt 30.1976 -91.0667
v 68.3707 79.5532 -26.5288
vt 38.0236 -90.6748
v 78.0494 79.601 -26.5394
vt 45.8595 -90.5441
v 87.7321 79.5532 -26.2519
vt 53.6954 -90.6748
v 97.4065 79.4099 -25.6664
vt 61.5214 -91.0667
v 107.06 79.1713 -24.7839
vt 69.3276 -91.7192
v 116.682 78.8376 -23.6053
vt 77.104 -92.6317
v 126.258 78.4094 -22.1323
vt 84.841 -93.8028
v 135.777 77.8871 -20.3666
vt 92.5286 -95.2312
f 2837/8187/3002 2862/8188/3002 2868/8189/3002 2869/8190/3002 2870/8191/3002 2871/8192/3002 2872/8193/3002 2873/8194/3002 2874/8195/3002 2875/8196/3002 2876/8197/3002 2877/8198/3002 2878/8199/3002 2879/8200/3002 

v 129.884 79.528 -68.1217
vt -66.6866 -78.8715
vt -105.52 -83.4373
v 134.003 78.4015 -29.8291
vt -97.8321 -82.006
v 132.525 78.8233 -39.3479
vt -90.0952 -80.8324
v 131.345 79.1519 -48.911
vt -82.3187 -79.9181
v 130.464 79.3869 -58.5063
vt -74.5126 -79.2642
f 2880/8201/2999 2838/8153/2999 2837/8152/2999 2879/8202/2999 2881/8203/2999 2882/8204/2999 2883/8205/2999 2884/8206/2999 

g Mesh16 haste_ombrelone1 Group24 Group23 Group21 Group4 Group1 Ombrellone_Lateral_New_Sobrano_quadrado_3_5x3_5_1 Model

usemtl M04_Stone_Frost
v 20.8858 77.1186 -135.312
vt -0.0459957 -0.315297
vn 0.468185 0.389727 -0.793042
v 20.3462 77.7754 -135.056
vt 0.191326 0.400254
v 61.0425 89.8388 -94.1279
vt -39.4312 13.5416
v 76.8591 94.5273 -78.2212
vt -54.8305 18.6489
v 77.3988 93.8704 -78.4773
vt -55.0678 17.9334
v 61.5821 89.182 -94.384
vt -39.6685 12.826
f 2885/8207/3003 2886/8208/3003 2887/8209/3003 2888/8210/3003 2889/8211/3003 2890/8212/3003 

v 20.5904 78.2133 -135.609
vt -0.626458 1.08724
vn -0.690183 -0.204588 -0.694112
v 21.13 77.5565 -135.865
vt -1.02016 0.444333
vt -0.626458 0.0157256
vt -0.232758 0.658636
f 2891/8213/3004 2892/8214/3004 2885/8215/3004 2886/8216/3004 

v 77.643 94.3083 -79.0305
vt -55.0175 18.0852
v 61.8263 89.6199 -94.9372
vt -39.6182 12.9778
vt 0.00434516 -0.163514
vt 0.241667 0.552037
v 61.2867 90.2767 -94.6811
vt -39.3809 13.6933
v 77.1033 94.9652 -78.7744
vt -54.7802 18.8007
f 2893/8217/3003 2894/8218/3003 2892/8219/3003 2891/8220/3003 2895/8221/3003 2896/8222/3003 

vt 38.7617 15.3531
vn -0.680099 0.543783 0.491696
vt 53.9073 21.1699
vt 53.6987 21.7132
vt 38.5531 15.8964
vt -0.416649 0.929785
vt -0.207993 0.386492
f 2890/8223/3005 2889/8224/3005 2893/8225/3005 2894/8226/3005 2892/8227/3005 2885/8228/3005 

vt -49.8396 27.4753
vn 0.800122 -0.491237 -0.344226
vt -49.5626 27.9872
v 77.9256 94.4126 -78.5451
vt -49.9378 28.1091
v 77.6814 93.9747 -77.9918
vt -50.2149 27.5972
f 2889/8229/3006 2893/8230/3006 2897/8231/3006 2898/8232/3006 

vt -55.2768 10.1379
vn 0.636068 0.441244 -0.633025
vt -55.1388 10.879
v 77.3859 95.0695 -78.289
vt -55.5154 10.9967
vt -55.6534 10.2556
f 2893/8233/3007 2896/8234/3007 2899/8235/3007 2897/8236/3007 

vt 49.5774 28.2307
vn -0.800122 0.491237 0.344226
vt 49.8544 27.7189
v 77.1417 94.6316 -77.7357
vt 50.2297 27.8408
vt 49.9526 28.3526
f 2896/8237/3008 2888/8238/3008 2900/8239/3008 2899/8240/3008 

vt 53.6244 21.9065
vt 38.4788 16.0898
vt -0.490916 1.12316
vt -0.28226 0.579868
vt 38.6875 15.5465
vt 53.8331 21.3633
f 2896/8241/3005 2895/8242/3005 2891/8243/3005 2886/8244/3005 2887/8245/3005 2888/8246/3005 

vt 55.2912 10.7447
vn -0.636068 -0.441244 0.633025
vt 55.4292 10.0036
vt 55.8058 10.1213
vt 55.6678 10.8624
f 2888/8247/3009 2889/8248/3009 2898/8249/3009 2900/8250/3009 

vt 0.920989 0.438415
vn 0.690183 0.204588 0.694112
vt 0.527289 1.08133
vt 0.133588 0.652719
vt 0.527289 0.00980814
f 2897/8251/3010 2899/8252/3010 2900/8253/3010 2898/8254/3010 

g Mesh17 haste_ombrelone2 Group25 Group23 Group21 Group4 Group1 Ombrellone_Lateral_New_Sobrano_quadrado_3_5x3_5_1 Model

v 133.263 76.9585 -133.96
vn 0.690064 0.414436 0.593341
v 133.08 77.6263 -134.553
v 94.0805 89.8903 -95.354
v 78.9234 94.6567 -80.1192
v 79.1068 93.9889 -79.5259
v 94.2639 89.2225 -94.7607
f 2901/8207/3011 2902/8208/3011 2903/8209/3011 2904/8210/3011 2905/8211/3011 2906/8212/3011 

v 133.546 78.0714 -134.244
vn 0.688565 -0.216532 -0.692093
v 133.73 77.4037 -133.651
f 2907/8213/3012 2908/8214/3012 2901/8215/3012 2902/8216/3012 

v 79.5733 94.4341 -79.2172
v 94.7304 89.6677 -94.452
v 94.547 90.3355 -95.0453
v 79.3899 95.1019 -79.8105
f 2909/8217/3011 2910/8218/3011 2908/8219/3011 2907/8220/3011 2911/8221/3011 2912/8222/3011 

vn -0.373339 0.544187 -0.751318
f 2906/8223/3013 2905/8224/3013 2909/8225/3013 2910/8226/3013 2908/8227/3013 2901/8228/3013 

vn 0.232179 -0.481572 0.845093
v 79.126 94.5402 -78.9635
v 78.6595 94.095 -79.2722
f 2905/8229/3014 2909/8230/3014 2913/8231/3014 2914/8232/3014 

vn 0.509019 0.450752 0.733295
v 78.9426 95.2079 -79.5568
f 2909/8233/3015 2912/8234/3015 2915/8235/3015 2913/8236/3015 

vn -0.232179 0.481572 -0.845093
v 78.4761 94.7628 -79.8655
f 2912/8237/3016 2904/8238/3016 2916/8239/3016 2915/8240/3016 

f 2912/8241/3013 2911/8242/3013 2907/8243/3013 2902/8244/3013 2903/8245/3013 2904/8246/3013 

vn -0.509019 -0.450752 -0.733295
f 2904/8247/3017 2905/8248/3017 2914/8249/3017 2916/8250/3017 

vn -0.688565 0.216532 0.692093
f 2913/8251/3018 2915/8252/3018 2916/8253/3018 2914/8254/3018 

g Mesh18 haste_ombrelone3 Group26 Group23 Group21 Group4 Group1 Ombrellone_Lateral_New_Sobrano_quadrado_3_5x3_5_1 Model

v 133.409 76.3797 -21.3615
vn -0.46436 0.40689 0.786645
v 133.94 77.0597 -21.6134
v 93.9139 89.5488 -61.871
v 78.3578 94.4027 -77.5172
v 77.8271 93.7226 -77.2653
v 93.3831 88.8687 -61.6192
f 2917/8207/3019 2918/8208/3019 2919/8209/3019 2920/8210/3019 2921/8211/3019 2922/8212/3019 

v 133.7 77.5131 -21.0692
vn 0.688595 -0.214859 0.692584
v 133.169 76.833 -20.8173
f 2923/8213/3020 2924/8214/3020 2917/8215/3020 2918/8216/3020 

v 77.5869 94.176 -76.7212
v 93.143 89.3221 -61.075
v 93.6737 90.0021 -61.3269
v 78.1177 94.856 -76.9731
f 2925/8217/3019 2926/8218/3019 2924/8219/3019 2923/8220/3019 2927/8221/3019 2928/8222/3019 

vn 0.669474 0.563463 -0.484061
f 2922/8223/3021 2921/8224/3021 2925/8225/3021 2926/8226/3021 2924/8227/3021 2917/8228/3021 

vn -0.789883 -0.510476 0.339852
v 77.309 94.284 -77.1986
v 77.5491 93.8306 -77.7428
f 2921/8229/3022 2925/8230/3022 2929/8231/3022 2930/8232/3022 

vn -0.629458 0.459642 0.626508
v 77.8397 94.964 -77.4505
f 2925/8233/3023 2928/8234/3023 2931/8235/3023 2929/8236/3023 

vn 0.789883 0.510476 -0.339852
v 78.0799 94.5106 -77.9947
f 2928/8237/3024 2920/8238/3024 2932/8239/3024 2931/8240/3024 

f 2928/8241/3021 2927/8242/3021 2923/8243/3021 2918/8244/3021 2919/8245/3021 2920/8246/3021 

vn 0.629458 -0.459642 -0.626508
f 2920/8247/3025 2921/8248/3025 2930/8249/3025 2932/8250/3025 

vn -0.688595 0.214859 -0.692584
f 2929/8251/3026 2931/8252/3026 2932/8253/3026 2930/8254/3026 

g Mesh19 haste_ombrelone4 Group27 Group23 Group21 Group4 Group1 Ombrellone_Lateral_New_Sobrano_quadrado_3_5x3_5_1 Model

v 24.1227 77.2772 -23.5464
vn -0.688684 0.400882 -0.604159
v 24.3047 77.9185 -22.9471
v 62.8815 89.6956 -62.499
v 77.8744 94.2728 -77.8708
v 77.6924 93.6315 -78.4701
v 62.6995 89.0543 -63.0983
f 2933/8207/3027 2934/8208/3027 2935/8209/3027 2936/8210/3027 2937/8211/3027 2938/8212/3027 

v 23.8426 78.346 -23.2593
vn -0.682885 -0.208479 0.700146
v 23.6605 77.7047 -23.8586
f 2939/8213/3028 2940/8214/3028 2933/8215/3028 2934/8216/3028 

v 77.2302 94.0591 -78.7823
v 62.2373 89.4819 -63.4104
v 62.4194 90.1231 -62.8111
v 77.4123 94.7003 -78.183
f 2941/8217/3027 2942/8218/3027 2940/8219/3027 2939/8220/3027 2943/8221/3027 2944/8222/3027 

vn 0.372824 0.526186 0.764284
f 2938/8223/3029 2937/8224/3029 2941/8225/3029 2942/8226/3029 2940/8227/3029 2933/8228/3029 

vn -0.231094 -0.463446 -0.855461
v 77.6728 94.1609 -79.0381
v 78.135 93.7334 -78.726
f 2937/8229/3030 2941/8230/3030 2945/8231/3030 2946/8232/3030 

vn -0.506869 0.434818 -0.744323
v 77.8549 94.8022 -78.4388
f 2941/8233/3031 2944/8234/3031 2947/8235/3031 2945/8236/3031 

vn 0.231094 0.463446 0.855461
v 78.317 94.3746 -78.1266
f 2944/8237/3032 2936/8238/3032 2948/8239/3032 2947/8240/3032 

f 2944/8241/3029 2943/8242/3029 2939/8243/3029 2934/8244/3029 2935/8245/3029 2936/8246/3029 

vn 0.506869 -0.434818 0.744323
f 2936/8247/3033 2937/8248/3033 2946/8249/3033 2948/8250/3033 

vn 0.682885 0.208479 -0.700146
f 2945/8251/3034 2947/8252/3034 2948/8253/3034 2946/8254/3034 

g Mesh20 haste_ombrelone5 Group29 Group28 Group21 Group4 Group1 Ombrellone_Lateral_New_Sobrano_quadrado_3_5x3_5_1 Model

v 128.478 78.0291 -77.857
vn 0.208223 0.511665 0.833572
v 128.611 78.6395 -78.2304
v 90.8378 89.8492 -78.1451
v 76.1573 94.2058 -78.1119
v 76.0242 93.5955 -77.7385
v 90.7047 89.2388 -77.7717
f 2949/8207/3035 2950/8208/3035 2951/8209/3035 2952/8210/3035 2953/8211/3035 2954/8212/3035 

v 128.752 79.0464 -77.8576
vn 0.958673 -0.284501 -0.00216545
v 128.619 78.436 -77.4842
f 2955/8213/3036 2956/8214/3036 2949/8215/3036 2950/8216/3036 

v 76.1653 94.0024 -77.3657
v 90.8458 89.6457 -77.3989
v 90.9789 90.2561 -77.7723
v 76.2984 94.6127 -77.7391
f 2957/8217/3035 2958/8218/3035 2956/8219/3035 2955/8220/3035 2959/8221/3035 2960/8222/3035 

vn 0.119633 0.672144 -0.730692
f 2954/8223/3037 2953/8224/3037 2957/8225/3037 2958/8226/3037 2956/8227/3037 2949/8228/3037 

vn -0.290088 -0.619754 0.729214
v 75.8104 94.0993 -77.4589
v 75.6692 93.6924 -77.8317
f 2953/8229/3038 2957/8230/3038 2961/8231/3038 2962/8232/3038 

vn -0.00607283 0.567771 0.823164
v 75.9435 94.7097 -77.8323
f 2957/8233/3039 2960/8234/3039 2963/8235/3039 2961/8236/3039 

vn 0.290088 0.619754 -0.729214
v 75.8023 94.3027 -78.2051
f 2960/8237/3040 2952/8238/3040 2964/8239/3040 2963/8240/3040 

f 2960/8241/3037 2959/8242/3037 2955/8243/3037 2950/8244/3037 2951/8245/3037 2952/8246/3037 

vn 0.00607283 -0.567771 -0.823164
f 2952/8247/3041 2953/8248/3041 2962/8249/3041 2964/8250/3041 

vn -0.958673 0.284501 0.00216545
f 2961/8251/3042 2963/8252/3042 2964/8253/3042 2962/8254/3042 

g Mesh21 haste_ombrelone6 Group30 Group28 Group21 Group4 Group1 Ombrellone_Lateral_New_Sobrano_quadrado_3_5x3_5_1 Model

v 75.9138 78.2195 -26.3348
vn -0.834366 0.546924 0.0686132
v 76.2613 78.8276 -26.1461
v 76.3146 89.9958 -62.4398
v 76.3353 94.3363 -76.5453
v 75.9877 93.7282 -76.7341
v 75.967 89.3877 -62.6285
f 2965/8207/3043 2966/8208/3043 2967/8209/3043 2968/8210/3043 2969/8211/3043 2970/8212/3043 

v 75.9134 79.2331 -26.0713
vn -0.00140271 -0.294107 0.955772
v 75.5658 78.6249 -26.2601
f 2971/8213/3044 2972/8214/3044 2965/8215/3044 2966/8216/3044 

v 75.6398 94.1336 -76.6594
v 75.6191 89.7931 -62.5538
v 75.9666 90.4012 -62.365
v 75.9873 94.7417 -76.4706
f 2973/8217/3043 2974/8218/3043 2972/8219/3043 2971/8220/3043 2975/8221/3043 2976/8222/3043 

vn 0.692322 0.681149 0.238173
f 2970/8223/3045 2969/8224/3045 2973/8225/3045 2974/8226/3045 2972/8227/3045 2965/8228/3045 

vn -0.678681 -0.617475 -0.39764
v 75.7279 94.2302 -76.9851
v 76.0758 93.8248 -77.0598
f 2969/8229/3046 2973/8230/3046 2977/8231/3046 2978/8232/3046 

vn -0.796321 0.587117 -0.145489
v 76.0754 94.8383 -76.7963
f 2973/8233/3047 2976/8234/3047 2979/8235/3047 2977/8236/3047 

vn 0.678681 0.617475 0.39764
v 76.4234 94.4329 -76.8711
f 2976/8237/3048 2968/8238/3048 2980/8239/3048 2979/8240/3048 

f 2976/8241/3045 2975/8242/3045 2971/8243/3045 2966/8244/3045 2967/8245/3045 2968/8246/3045 

vn 0.796321 -0.587117 0.145489
f 2968/8247/3049 2969/8248/3049 2978/8249/3049 2980/8250/3049 

vn 0.00140271 0.294107 -0.955772
f 2977/8251/3050 2979/8252/3050 2980/8253/3050 2978/8254/3050 

g Mesh22 haste_ombrelone7 Group31 Group28 Group21 Group4 Group1 Ombrellone_Lateral_New_Sobrano_quadrado_3_5x3_5_1 Model

v 25.3055 77.6879 -78.0389
vn -0.202403 0.527215 -0.825274
v 25.179 78.3072 -77.6751
v 61.1837 89.6803 -77.721
v 75.177 94.1004 -77.7389
v 75.3035 93.4812 -78.1026
v 61.3102 89.061 -78.0848
f 2981/8207/3051 2982/8208/3051 2983/8209/3051 2984/8210/3051 2985/8211/3051 2986/8212/3051 

v 25.0441 78.72 -78.0386
vn -0.953558 -0.301208 0.00121578
v 25.1706 78.1008 -78.4023
f 2987/8213/3052 2988/8214/3052 2981/8215/3052 2982/8216/3052 

v 75.1686 93.894 -78.4661
v 61.1753 89.4739 -78.4483
v 61.0488 90.0931 -78.0845
v 75.0421 94.5133 -78.1023
f 2989/8217/3051 2990/8218/3051 2988/8219/3051 2987/8220/3051 2991/8221/3051 2992/8222/3051 

vn -0.114182 0.687166 0.717471
f 2986/8223/3053 2985/8224/3053 2989/8225/3053 2990/8226/3053 2988/8227/3053 2981/8228/3053 

vn 0.279146 -0.636435 -0.719047
v 75.507 93.9924 -78.3749
v 75.6419 93.5795 -78.0115
f 2985/8229/3054 2989/8230/3054 2993/8231/3054 2994/8232/3054 

vn 0.00504082 0.583248 -0.812279
v 75.3805 94.6116 -78.0111
f 2989/8233/3055 2992/8234/3055 2995/8235/3055 2993/8236/3055 

vn -0.279146 0.636435 0.719047
v 75.5154 94.1988 -77.6477
f 2992/8237/3056 2984/8238/3056 2996/8239/3056 2995/8240/3056 

f 2992/8241/3053 2991/8242/3053 2987/8243/3053 2982/8244/3053 2983/8245/3053 2984/8246/3053 

vn -0.00504082 -0.583248 0.812279
f 2984/8247/3057 2985/8248/3057 2994/8249/3057 2996/8250/3057 

vn 0.953558 0.301208 -0.00121578
f 2993/8251/3058 2995/8252/3058 2996/8253/3058 2994/8254/3058 

g Mesh23 haste_ombrelone8 Group32 Group28 Group21 Group4 Group1 Ombrellone_Lateral_New_Sobrano_quadrado_3_5x3_5_1 Model

v 75.5123 78.1765 -128.419
vn 0.847432 0.527456 -0.0604069
v 75.1516 78.7724 -128.612
v 75.4196 89.7161 -92.0191
v 75.5237 93.9694 -77.7972
v 75.8844 93.3735 -77.6036
v 75.7802 89.1202 -91.8255
f 2997/8207/3059 2998/8208/3059 2999/8209/3059 3000/8210/3059 3001/8211/3059 3002/8212/3059 

v 75.5103 79.1697 -128.684
vn -0.00701532 -0.286519 -0.958049
v 75.8709 78.5738 -128.491
f 3003/8213/3060 3004/8214/3060 2997/8215/3060 2998/8216/3060 

v 76.243 93.7707 -77.6757
v 76.1389 89.5175 -91.8976
v 75.7783 90.1134 -92.0912
v 75.8824 94.3666 -77.8693
f 3005/8217/3059 3006/8218/3059 3004/8219/3059 3003/8220/3059 3007/8221/3059 3008/8222/3059 

vn -0.709837 0.660709 -0.244122
f 3002/8223/3061 3001/8224/3061 3005/8225/3061 3006/8226/3061 3004/8227/3061 2997/8228/3061 

vn 0.694699 -0.596715 0.401653
v 76.155 93.8653 -77.3481
v 75.7963 93.4681 -77.276
f 3001/8229/3062 3005/8230/3062 3009/8231/3062 3010/8232/3062 

vn 0.810334 0.566006 0.151644
v 75.7943 94.4612 -77.5417
f 3005/8233/3063 3008/8234/3063 3011/8235/3063 3009/8236/3063 

vn -0.694699 0.596715 -0.401653
v 75.4357 94.064 -77.4696
f 3008/8237/3064 3000/8238/3064 3012/8239/3064 3011/8240/3064 

f 3008/8241/3061 3007/8242/3061 3003/8243/3061 2998/8244/3061 2999/8245/3061 3000/8246/3061 

vn -0.810334 -0.566006 -0.151644
f 3000/8247/3065 3001/8248/3065 3010/8249/3065 3012/8250/3065 

vn 0.00701532 0.286519 0.958049
f 3009/8251/3066 3011/8252/3066 3012/8253/3066 3010/8254/3066 

g Mesh24 Group35 Group34 Group33 Group1 Ombrellone_Lateral_New_Sobrano_quadrado_3_5x3_5_1 Model

v 77.6905 50.2492 -147.051
vt -17.0021 4.89886
vn 0.950031 -0.23174 0.209135
v 77.7369 50.3317 -147.126
vt -16.9546 5.07154
vn 0.996685 -0.0603988 0.0545074
v 77.7369 67.2561 -143.769
vt -74.3919 20.7343
v 77.6905 67.1736 -143.694
vt -74.4393 20.5616
f 3013/8255/3067 3014/8256/3068 3015/8257/3068 3016/8258/3067 

v 77.6905 50.0087 -147.177
vt -16.0084 4.59503
vn 0.946567 -0.249226 0.204687
v 77.7369 50.0913 -147.251
vt -15.9627 4.76819
vn 0.996437 -0.0651734 0.0535263
vt -17.0583 4.90859
vt -17.1039 4.73543
f 3017/8259/3069 3018/8260/3070 3014/8261/3070 3013/8262/3069 

v 77.6905 49.6623 -147.536
vt -13.8613 4.43334
vn 0.943269 -0.264648 0.200511
v 77.7369 49.7448 -147.611
vt -13.8174 4.60694
vn 0.9962 -0.069419 0.0525955
vt -16.0349 4.61957
vt -16.0789 4.44597
f 3019/8263/3071 3020/8264/3072 3018/8265/3072 3017/8266/3071 

vt -13.8034 4.63534
vn 0.996253 -0.068504 0.0528008
vt -13.8477 4.46183
vn 0.943997 -0.261334 0.201429
v 77.6905 47.1141 -149.821
vt 1.17527 3.98614
v 77.7369 47.1966 -149.896
vt 1.21957 4.15964
f 3020/8267/3073 3019/8268/3074 3021/8269/3074 3022/8270/3073 

vt -13.8241 4.53203
v 77.5926 49.5874 -147.469
vt -13.8661 4.34832
vn 0.830498 -0.441181 0.340049
v 77.5926 47.0393 -149.753
vt 1.15419 3.79325
vt 1.1962 3.97696
f 3019/8271/3074 3023/8272/3075 3024/8273/3075 3021/8274/3074 

vt -13.8976 4.20877
vn 0.828657 -0.446161 0.338035
vt -13.8574 4.39288
vt -16.0749 4.40765
v 77.5926 49.9339 -147.109
vt -16.1151 4.22353
f 3023/8275/3076 3019/8276/3071 3017/8277/3071 3025/8278/3076 

vt -15.9282 4.95017
vn 0.837038 -0.422822 0.347259
vt -15.8798 5.13229
vt -16.9722 5.29502
v 77.5926 50.1743 -146.984
vt -17.0207 5.1129
f 3025/8279/3077 3017/8280/3069 3013/8281/3069 3026/8282/3077 

vt -16.69 5.89985
vn 0.84597 -0.395863 0.35725
vt -16.6329 6.07944
vt -73.3964 24.0313
v 77.5926 67.0987 -143.626
vt -73.4535 23.8517
f 3026/8283/3078 3013/8284/3067 3016/8285/3067 3027/8286/3078 

vt 1.65352 -0.549102
vn 6.3552e-10 0.981534 0.191289
vt 1.75923 -0.393092
vt 1.80931 -0.221165
v 77.7286 67.3406 -143.845
vt 1.80034 -0.0450381
v 77.6661 67.4214 -143.918
vt 1.73293 0.123286
v 77.5539 67.4929 -143.983
vt 1.61168 0.272335
v 77.3994 67.5503 -144.035
vt 1.44485 0.391954
v 77.2132 67.5897 -144.07
vt 1.24381 0.473989
v 77.008 67.6084 -144.087
vt 1.02226 0.51285
v 76.7979 67.605 -144.084
vt 0.795293 0.505889
v 76.597 67.5799 -144.061
vt 0.578385 0.45358
v 76.4191 67.5348 -144.021
vt 0.386313 0.359489
v 76.2764 67.4726 -143.964
vt 0.232169 0.230026
v 76.1785 67.3978 -143.897
vt 0.126455 0.0740158
v 76.1321 67.3152 -143.822
vt 0.076377 -0.0979111
v 76.1404 67.2307 -143.746
vt 0.085347 -0.274038
v 76.2029 67.1499 -143.673
vt 0.152754 -0.442361
v 76.3151 67.0784 -143.608
vt 0.274004 -0.591411
v 76.4696 67.021 -143.556
vt 0.440834 -0.711029
v 76.6558 66.9816 -143.521
vt 0.641876 -0.793064
v 76.861 66.963 -143.504
vt 0.863427 -0.831926
v 77.0711 66.9663 -143.507
vt 1.09039 -0.824965
v 77.272 66.9914 -143.53
vt 1.3073 -0.772656
v 77.4499 67.0366 -143.57
vt 1.49937 -0.678565
f 3027/8287/3079 3016/8288/3079 3015/8289/3079 3028/8290/3079 3029/8291/3079 3030/8292/3079 3031/8293/3079 3032/8294/3079 3033/8295/3079 3034/8296/3079 3035/8297/3079 3036/8298/3079 3037/8299/3079 3038/8300/3079 3039/8301/3079 3040/8302/3079 3041/8303/3079 3042/8304/3079 3043/8305/3079 3044/8306/3079 3045/8307/3079 3046/8308/3079 3047/8309/3079 3048/8310/3079 

vt -17.1561 4.32318
v 77.7286 50.4162 -147.202
vt -17.1111 4.49368
vn 0.988457 0.112472 -0.101501
vt -74.6996 19.5907
vt -74.7446 19.4202
f 3014/8311/3068 3049/8312/3080 3028/8313/3080 3015/8314/3068 

vt -16.0489 4.17927
v 77.7286 50.1758 -147.328
vt -16.004 4.34979
vn 0.987606 0.12129 -0.0996146
vt -17.1002 4.48475
vt -17.1452 4.31423
f 3018/8315/3070 3050/8316/3081 3049/8317/3081 3014/8318/3070 

vt -13.8209 4.15908
v 77.7286 49.8293 -147.687
vt -13.776 4.32961
vn 0.986791 0.129121 -0.0978285
vt -15.9935 4.34173
vt -16.0384 4.17119
f 3020/8319/3072 3051/8320/3082 3050/8321/3082 3018/8322/3072 

vt -13.7783 4.33124
vn 0.986972 0.127434 -0.0982223
vt -13.8232 4.16071
vt 1.20035 3.7043
v 77.7286 47.2812 -149.972
vt 1.24529 3.87483
f 3051/8323/3083 3020/8324/3073 3022/8325/3073 3052/8326/3083 

vt -1.75923 3.81315
vn -6.35754e-10 -0.981534 -0.191289
vt -1.65352 3.65714
v 77.4499 46.9771 -149.697
vt -1.49937 3.52768
v 77.272 46.932 -149.656
vt -1.3073 3.43359
v 77.0711 46.9069 -149.634
vt -1.09039 3.38128
v 76.861 46.9035 -149.631
vt -0.863427 3.37432
v 76.6558 46.9222 -149.648
vt -0.641876 3.41318
v 76.4696 46.9615 -149.683
vt -0.440834 3.49522
v 76.3151 47.019 -149.735
vt -0.274004 3.61483
v 76.2029 47.0905 -149.8
vt -0.152754 3.76388
v 76.1404 47.1713 -149.873
vt -0.085347 3.93221
v 76.1321 47.2558 -149.949
vt -0.076377 4.10833
v 76.1785 47.3383 -150.024
vt -0.126455 4.28026
v 76.2764 47.4132 -150.091
vt -0.232169 4.43627
v 76.4191 47.4753 -150.147
vt -0.386313 4.56573
v 76.597 47.5205 -150.188
vt -0.578385 4.65983
v 76.7979 47.5456 -150.211
vt -0.795293 4.71213
v 77.008 47.5489 -150.214
vt -1.02226 4.71909
v 77.2132 47.5303 -150.197
vt -1.24381 4.68023
v 77.3994 47.4909 -150.162
vt -1.44485 4.5982
v 77.5539 47.4335 -150.11
vt -1.61168 4.47858
v 77.6661 47.3619 -150.045
vt -1.73293 4.32953
vt -1.80034 4.16121
vt -1.80931 3.98508
f 3021/8327/3084 3024/8328/3084 3053/8329/3084 3054/8330/3084 3055/8331/3084 3056/8332/3084 3057/8333/3084 3058/8334/3084 3059/8335/3084 3060/8336/3084 3061/8337/3084 3062/8338/3084 3063/8339/3084 3064/8340/3084 3065/8341/3084 3066/8342/3084 3067/8343/3084 3068/8344/3084 3069/8345/3084 3070/8346/3084 3071/8347/3084 3072/8348/3084 3052/8349/3084 3022/8350/3084 

vt -13.8333 4.17505
v 77.4499 49.5253 -147.413
vt -13.872 3.97751
vn 0.658572 -0.59602 0.459394
vt 1.14133 3.25826
vt 1.18004 3.4558
f 3023/8351/3075 3073/8352/3085 3053/8353/3085 3024/8354/3075 

vt -13.9267 3.64442
vn 0.655894 -0.601666 0.455853
vt -13.8926 3.84282
vt -16.1101 3.86199
v 77.4499 49.8717 -147.053
vt -16.1442 3.66359
f 3073/8355/3086 3023/8356/3076 3025/8357/3076 3074/8358/3086 

vt -15.7661 5.39577
vn 0.668189 -0.574941 0.472193
vt -15.7111 5.5894
vt -16.7957 5.79788
v 77.4499 50.1122 -146.927
vt -16.8508 5.60426
f 3074/8359/3087 3025/8360/3077 3026/8361/3077 3075/8362/3087 

vt -16.0833 7.41609
vn 0.681584 -0.543233 0.490246
vt -16.0072 7.60244
vt -71.1478 30.0495
vt -71.2239 29.8632
f 3075/8363/3088 3026/8364/3078 3027/8365/3078 3048/8366/3088 

v 77.272 50.067 -146.887
vt -14.7448 9.81964
vn 0.458527 -0.659744 0.595391
vt -14.6353 10.0033
vt -65.7953 40.4502
vt -65.9049 40.2665
f 3076/8367/3089 3075/8368/3088 3048/8369/3088 3047/8370/3089 

v 77.272 49.8266 -147.012
vt -15.3716 6.33758
vn 0.445399 -0.691893 0.568245
vt -15.3015 6.53964
vt -16.3647 6.839
vt -16.4348 6.63693
f 3077/8371/3090 3074/8372/3087 3075/8373/3087 3076/8374/3090 

v 77.272 49.4801 -147.372
vt -13.9451 2.92331
vn 0.433627 -0.718227 0.544166
vt -13.9189 3.13557
vt -16.1363 3.1638
vt -16.1625 2.95153
f 3078/8375/3091 3073/8376/3086 3074/8377/3086 3077/8378/3091 

vt -13.8139 3.7946
vt -13.8501 3.5838
vn 0.43617 -0.712724 0.549346
vt 1.1433 2.52771
vt 1.17943 2.73852
f 3073/8379/3085 3078/8380/3092 3054/8381/3092 3053/8382/3085 

vt -13.6789 3.85996
v 77.0711 49.455 -147.349
vt -13.7199 3.64063
vn 0.177835 -0.77941 0.600746
vt 1.18015 1.66417
vt 1.22115 1.8835
f 3078/8383/3092 3079/8384/3093 3055/8385/3093 3054/8386/3092 

vt -13.9451 2.21543
vn 0.176594 -0.784536 0.594405
vt -13.9267 2.4378
vt -16.1436 2.49098
v 77.0711 49.8015 -146.99
vt -16.162 2.26861
f 3079/8387/3094 3078/8388/3091 3077/8389/3091 3080/8390/3094 

vt -13.9243 9.00915
vn 0.182372 -0.759819 0.624032
vt -13.8138 9.20297
vt -14.7901 9.71948
v 77.0711 50.0419 -146.864
vt -14.9006 9.52566
f 3080/8391/3095 3077/8392/3090 3076/8393/3090 3081/8394/3095 

vt -11.1316 13.7815
vn 0.188919 -0.729018 0.657908
vt -10.9653 13.9303
vt -50.6796 58.2827
vt -50.8459 58.1339
f 3081/8395/3096 3076/8396/3089 3047/8397/3089 3046/8398/3096 

v 76.861 50.0386 -146.861
vt -1.22131 17.6706
vn -0.101934 -0.738519 0.666483
vt -0.99578 17.697
vt -7.91924 76.8276
vt -8.14477 76.8012
f 3082/8399/3097 3081/8400/3096 3046/8401/3096 3045/8402/3097 

v 76.861 49.7981 -146.986
vt -3.07527 16.2589
vn -0.0983134 -0.769035 0.631601
vt -2.8546 16.3124
vt -3.11951 17.3847
vt -3.34018 17.3312
f 3083/8403/3098 3080/8404/3095 3081/8405/3095 3082/8406/3098 

v 76.861 49.4517 -147.346
vt -13.5902 3.48334
vn -0.0951258 -0.793448 0.601158
vt -13.5475 3.70635
vt -15.7285 4.10715
vt -15.7713 3.88414
f 3084/8407/3099 3079/8408/3094 3080/8409/3094 3083/8410/3099 

vt -9.03134 10.8662
vt -9.19426 10.708
vn -0.0958096 -0.788391 0.607668
vt 1.35018 -0.0032303
vt 1.51309 0.154944
f 3079/8411/3093 3084/8412/3100 3056/8413/3100 3055/8414/3093 

vt 13.9121 2.19608
v 76.6558 49.4703 -147.363
vt 13.8636 2.41573
vn -0.361156 -0.738577 0.569273
vt -0.92892 -0.248551
vt -0.880448 -0.4682
f 3084/8415/3100 3085/8416/3101 3057/8417/3101 3056/8418/3100 

vt 13.9797 0.430512
vn -0.358894 -0.743961 0.563664
vt 13.9967 0.206223
vt 16.2131 0.278426
v 76.6558 49.8168 -147.003
vt 16.1961 0.502716
f 3085/8419/3102 3084/8420/3099 3083/8421/3099 3086/8422/3102 

vt 13.6138 9.35838
vn -0.369388 -0.718124 0.589788
vt 13.7492 9.17878
vt 14.6464 9.823
v 76.6558 50.0572 -146.878
vt 14.511 10.0026
f 3086/8423/3103 3083/8424/3098 3082/8425/3098 3087/8426/3103 

vt 10.3659 14.3573
vn -0.38116 -0.686343 0.619395
vt 10.5537 14.2335
vt 43.3439 63.9241
vt 43.1561 64.048
f 3087/8427/3104 3082/8428/3097 3045/8429/3097 3044/8430/3104 

v 76.4696 50.0966 -146.913
vt 14.8965 9.56596
vn -0.620151 -0.582389 0.525581
vt 15.0203 9.38758
vt 63.9537 43.2975
vt 63.8299 43.4759
f 3088/8431/3105 3087/8432/3104 3044/8433/3104 3043/8434/3105 

v 76.4696 49.8562 -147.039
vt 15.6008 5.39617
vn -0.606198 -0.614602 0.504766
vt 15.6789 5.19357
vt 16.7284 5.53782
vt 16.6503 5.74042
f 3089/8435/3106 3086/8436/3103 3087/8437/3103 3088/8438/3106 

v 76.4696 49.5097 -147.399
vt 13.9501 1.16051
vn -0.593482 -0.641514 0.486044
vt 13.9738 0.944669
vt 16.1911 0.977584
vt 16.1674 1.19342
f 3090/8439/3107 3085/8440/3102 3086/8441/3102 3089/8442/3107 

vt 13.9746 1.76551
vt 13.9385 1.97962
vn -0.596244 -0.635848 0.490092
vt -1.04161 0.749374
vt -1.00545 0.535271
f 3085/8443/3101 3090/8444/3108 3058/8445/3108 3057/8446/3101 

vt 13.9513 2.30486
v 76.3151 49.5671 -147.45
vt 13.9136 2.50665
vn -0.784526 -0.491137 0.378554
vt -1.09585 1.71147
vt -1.05813 1.50968
f 3090/8447/3108 3091/8448/3109 3059/8449/3109 3058/8450/3108 

vt 13.9166 2.08999
vn -0.782367 -0.496425 0.376117
vt 13.9484 1.88719
vt 16.1658 1.9084
v 76.3151 49.9136 -147.091
vt 16.134 2.1112
f 3091/8451/3110 3090/8452/3107 3089/8453/3107 3092/8454/3110 

vt 15.9459 4.29118
vn -0.792221 -0.471576 0.387301
vt 16.0042 4.09435
vt 17.0847 4.32372
v 76.3151 50.154 -146.965
vt 17.0263 4.52054
f 3092/8455/3111 3089/8456/3106 3088/8457/3106 3093/8458/3111 

vt 16.3362 6.81035
vn -0.802785 -0.442662 0.399484
vt 16.4205 6.6232
vt 70.7253 31.0229
vt 70.641 31.2101
f 3093/8459/3112 3088/8460/3105 3043/8461/3105 3042/8462/3112 

v 76.2029 50.2255 -147.03
vt 16.8678 5.34726
vn -0.924839 -0.282373 0.25483
vt 16.9295 5.1653
vt 73.338 24.2033
vt 73.2762 24.3852
f 3094/8463/3113 3093/8464/3112 3042/8465/3112 3041/8466/3113 

v 76.2029 49.9851 -147.155
vt 16.0294 4.06681
vn -0.919842 -0.303153 0.248977
vt 16.0793 3.88126
vt 17.1701 4.05479
vt 17.1202 4.24033
f 3095/8467/3114 3092/8468/3111 3093/8469/3111 3094/8470/3114 

v 76.2029 49.6386 -147.515
vt 13.8774 3.04046
vn -0.9151 -0.321398 0.243508
vt 13.9159 2.85223
vt 16.1334 2.86803
vt 16.0949 3.05626
f 3096/8471/3115 3091/8472/3110 3092/8473/3110 3095/8474/3115 

vt 13.9173 3.04607
vt 13.8762 3.23377
vn -0.916145 -0.317484 0.244707
vt -1.14256 2.64017
vt -1.10148 2.45247
f 3091/8475/3109 3096/8476/3116 3060/8477/3116 3059/8478/3109 

vt 13.8776 3.75006
v 76.1404 49.7194 -147.588
vt 13.8339 3.92601
vn -0.986972 -0.127434 0.0982223
vt -1.18858 3.43326
vt -1.1448 3.25731
f 3096/8479/3116 3097/8480/3117 3061/8481/3117 3060/8482/3116 

vt 13.834 3.86849
vn -0.986791 -0.129121 0.0978285
vt 13.8771 3.69237
vt 16.0946 3.70546
v 76.1404 50.0659 -147.228
vt 16.0515 3.88158
f 3097/8483/3118 3096/8484/3115 3095/8485/3115 3098/8486/3118 

vt 16.0361 4.18035
vn -0.987606 -0.12129 0.0996146
vt 16.0823 4.00501
vt 17.1773 4.15021
v 76.1404 50.3063 -147.103
vt 17.1311 4.32555
f 3098/8487/3119 3095/8488/3114 3094/8489/3114 3099/8490/3119 

vt 17.0688 4.65588
vn -0.988457 -0.112472 0.101501
vt 17.1183 4.48146
vt 74.4176 20.6414
vt 74.3681 20.8158
f 3099/8491/3120 3094/8492/3113 3041/8493/3113 3040/8494/3120 

v 76.1321 50.3908 -147.179
vt 17.1023 4.52745
vn -0.996685 0.0603988 -0.0545074
vt 17.1473 4.35694
vt 74.7359 19.4539
vt 74.6909 19.6244
f 3100/8495/3121 3099/8496/3120 3040/8497/3120 3039/8498/3121 

v 76.1321 50.1504 -147.305
vt 16.0066 4.38657
vn -0.996437 0.0651734 -0.0535263
vt 16.0516 4.21605
vt 17.1479 4.35101
vt 17.1029 4.52153
f 3101/8499/3122 3098/8500/3119 3099/8501/3119 3100/8502/3122 

v 76.1321 49.8039 -147.664
vt 13.789 4.36911
vn -0.9962 0.069419 -0.0525955
vt 13.8339 4.19857
vt 16.0514 4.21069
vt 16.0065 4.38122
f 3102/8503/3123 3097/8504/3118 3098/8505/3118 3101/8506/3123 

vt 13.834 4.19961
vt 13.7891 4.37015
vn -0.996253 0.068504 -0.0528008
vt -1.23454 3.91374
vt -1.1896 3.74321
f 3097/8507/3117 3102/8508/3124 3062/8509/3124 3061/8510/3117 

vt 13.7877 4.25328
v 76.1785 49.8864 -147.739
vt 13.7434 4.42678
vn -0.943997 0.261334 -0.201429
vt -1.27961 3.95109
vt -1.2353 3.77758
f 3102/8511/3124 3103/8512/3125 3063/8513/3125 3062/8514/3124 

vt 13.7449 4.39546
vn -0.943269 0.264648 -0.200511
vt 13.7888 4.22186
vt 16.0063 4.2345
v 76.1785 50.2329 -147.379
vt 15.9624 4.40809
f 3103/8515/3126 3102/8516/3123 3101/8517/3123 3104/8518/3126 

vt 15.9478 4.57066
vn -0.946567 0.249226 -0.204687
vt 15.9934 4.3975
vt 17.089 4.5379
v 76.1785 50.4734 -147.254
vt 17.0434 4.71106
f 3104/8519/3127 3101/8520/3122 3100/8521/3122 3105/8522/3127 

vt 17.0034 4.89077
vn -0.950031 0.23174 -0.209135
vt 17.0508 4.71809
vt 74.488 20.3808
vt 74.4406 20.5535
f 3105/8523/3128 3100/8524/3121 3039/8525/3121 3038/8526/3128 

v 76.2764 50.5482 -147.321
vt 16.7346 5.75419
vn -0.84597 0.395863 -0.35725
vt 16.7917 5.57459
vt 73.5551 23.5265
vt 73.498 23.7061
f 3106/8527/3129 3105/8528/3128 3038/8529/3128 3037/8530/3129 

v 76.2764 50.3078 -147.447
vt 15.8484 4.77132
vn -0.837038 0.422822 -0.347259
vt 15.8968 4.5892
vt 16.9893 4.75193
vt 16.9408 4.93405
f 3107/8531/3130 3104/8532/3127 3105/8533/3127 3106/8534/3130 

v 76.2764 49.9613 -147.807
vt 13.7043 4.01066
vn -0.828657 0.446161 -0.338035
vt 13.7445 3.82654
vt 15.962 3.84131
vt 15.9218 4.02542
f 3108/8535/3131 3103/8536/3126 3104/8537/3126 3107/8538/3131 

vt 13.7394 3.96978
vt 13.6974 4.15349
vn -0.830498 0.441181 -0.340049
vt -1.32291 3.59842
vt -1.2809 3.41471
f 3103/8539/3125 3108/8540/3132 3064/8541/3132 3063/8542/3125 

vt 13.6873 3.54797
v 76.4191 50.0234 -147.863
vt 13.6486 3.74551
vn -0.658572 0.59602 -0.459394
vt -1.36472 3.02625
vt -1.32601 2.82871
f 3108/8543/3132 3109/8544/3133 3065/8545/3133 3064/8546/3132 

vt 13.6694 3.41283
vn -0.655894 0.601666 -0.455853
vt 13.7034 3.21443
vt 15.9209 3.2336
v 76.4191 50.3699 -147.503
vt 15.8868 3.432
f 3109/8547/3134 3108/8548/3131 3107/8549/3131 3110/8550/3134 

vt 15.6656 5.17517
vn -0.668189 0.574941 -0.472193
vt 15.7206 4.98154
vt 16.8053 5.19003
v 76.4191 50.6104 -147.378
vt 16.7503 5.38365
f 3110/8551/3135 3107/8552/3130 3106/8553/3130 3111/8554/3135 

vt 16.1511 7.24427
vn -0.681584 0.543233 -0.490246
vt 16.2273 7.05792
vt 71.3679 29.505
vt 71.2918 29.6914
f 3111/8555/3136 3106/8556/3129 3037/8557/3129 3036/8558/3136 

v 76.597 50.6555 -147.418
vt 14.8017 9.71953
vn -0.458527 0.659744 -0.595391
vt 14.9113 9.53583
vt 66.0713 39.9826
vt 65.9618 40.1663
f 3112/8559/3137 3111/8560/3136 3036/8561/3136 3035/8562/3137 

v 76.597 50.4151 -147.544
vt 15.2459 6.17212
vn -0.445399 0.691893 -0.568245
vt 15.3161 5.97006
vt 16.3792 6.26941
vt 16.3091 6.47148
f 3113/8563/3138 3110/8564/3135 3111/8565/3135 3112/8566/3138 

v 76.597 50.0686 -147.904
vt 13.6407 2.76971
vn -0.433627 0.718227 -0.544166
vt 13.6669 2.55745
vt 15.8843 2.58567
vt 15.8581 2.79794
f 3114/8567/3139 3109/8568/3134 3110/8569/3134 3113/8570/3139 

vt 13.6203 3.21059
vt 13.5841 3.4214
vn -0.43617 0.712724 -0.549346
vt -1.40925 2.36531
vt -1.37311 2.15451
f 3109/8571/3133 3114/8572/3140 3066/8573/3140 3065/8574/3133 

vt 13.4619 3.39098
v 76.7979 50.0937 -147.926
vt 13.4209 3.61031
vn -0.177835 0.77941 -0.600746
vt -1.47906 1.63386
vt -1.43806 1.41453
f 3114/8575/3140 3115/8576/3141 3067/8577/3141 3066/8578/3140 

vt 13.6126 2.21312
vn -0.176594 0.784536 -0.594405
vt 13.631 1.99076
vt 15.848 2.04394
v 76.7979 50.4402 -147.567
vt 15.8296 2.2663
f 3115/8579/3142 3114/8580/3139 3113/8581/3139 3116/8582/3142 

vt 13.7562 8.94219
vn -0.182372 0.759819 -0.624032
vt 13.8667 8.74837
vt 14.843 9.26488
v 76.7979 50.6806 -147.441
vt 14.7325 9.4587
f 3116/8583/3143 3113/8584/3138 3112/8585/3138 3117/8586/3143 

vt 11.1113 13.7964
vn -0.188919 0.729018 -0.657908
vt 11.2776 13.6477
vt 50.9919 58
vt 50.8256 58.1488
f 3117/8587/3144 3112/8588/3137 3035/8589/3137 3034/8590/3144 

v 77.008 50.684 -147.444
vt 1.0224 17.6914
vn 0.101934 0.738519 -0.666483
vt 1.24793 17.665
vt 8.17138 76.7956
vt 7.94585 76.822
f 3118/8591/3145 3117/8592/3144 3034/8593/3144 3033/8594/3145 

v 77.008 50.4435 -147.57
vt 2.83826 16.1302
vn 0.0983134 0.769035 -0.631601
vt 3.05892 16.0766
vt 3.32383 17.1489
vt 3.10316 17.2025
f 3119/8595/3146 3116/8596/3143 3117/8597/3143 3118/8598/3146 

v 77.008 50.097 -147.929
vt 13.2241 3.61679
vn 0.0951258 0.793448 -0.601158
vt 13.2669 3.39378
vt 15.4479 3.79458
vt 15.4052 4.01759
f 3120/8599/3147 3115/8600/3142 3116/8601/3142 3119/8602/3147 

vt 9.00328 10.4724
vt 8.84036 10.6306
vn 0.0958096 0.788391 -0.607668
vt -1.70407 -0.0806529
vt -1.54116 -0.238828
f 3115/8603/3141 3120/8604/3148 3068/8605/3148 3067/8606/3141 

vt -13.602 2.20539
v 77.2132 50.0784 -147.912
vt -13.6505 1.98574
vn 0.361156 0.738577 -0.569273
vt 1.14198 -0.678542
vt 1.19045 -0.458892
f 3120/8607/3148 3121/8608/3149 3069/8609/3149 3068/8610/3148 

vt -13.676 0.0324143
vn 0.358894 0.743961 -0.563664
vt -13.6589 0.256704
vt -15.8753 0.328907
v 77.2132 50.4249 -147.553
vt -15.8923 0.104617
f 3121/8611/3150 3120/8612/3147 3119/8613/3147 3122/8614/3150 

vt -13.6952 8.95137
vn 0.369388 0.718124 -0.589788
vt -13.5597 9.13096
vt -14.4569 9.77518
v 77.2132 50.6653 -147.427
vt -14.5924 9.59558
f 3122/8615/3151 3119/8616/3146 3118/8617/3146 3123/8618/3151 

vt -10.6768 14.1494
vn 0.38116 0.686343 -0.619395
vt -10.489 14.2732
vt -43.2792 63.9638
vt -43.467 63.84
f 3123/8619/3152 3118/8620/3145 3033/8621/3145 3032/8622/3152 

v 77.3994 50.6259 -147.392
vt -15.1869 9.14322
vn 0.620151 0.582389 -0.525581
vt -15.0631 9.32161
vt -63.9965 43.2315
vt -64.1203 43.0531
f 3124/8623/3153 3123/8624/3152 3032/8625/3152 3031/8626/3153 

v 77.3994 50.3855 -147.517
vt -15.6216 4.85447
vn 0.606198 0.614602 -0.504766
vt -15.5434 5.05706
vt -16.593 5.40131
vt -16.6711 5.19872
f 3125/8627/3154 3122/8628/3151 3123/8629/3151 3124/8630/3154 

v 77.3994 50.039 -147.877
vt -13.6826 0.615169
vn 0.593482 0.641514 -0.486044
vt -13.6589 0.831006
vt -15.8762 0.863921
vt -15.8999 0.648083
f 3126/8631/3155 3121/8632/3150 3122/8633/3150 3125/8634/3155 

vt -13.6981 1.63909
vt -13.7343 1.42499
vn 0.596244 0.635848 -0.490092
vt 1.24578 0.194746
vt 1.28194 0.408849
f 3121/8635/3149 3126/8636/3156 3070/8637/3156 3069/8638/3149 

vt -13.7138 2.08421
v 77.5539 49.9816 -147.825
vt -13.7515 1.88243
vn 0.784526 0.491137 -0.378554
vt 1.25795 1.08725
vt 1.29567 1.28904
f 3126/8639/3156 3127/8640/3157 3071/8641/3157 3070/8642/3156 

vt -13.7067 1.46612
vn 0.782367 0.496425 -0.376117
vt -13.6749 1.66892
vt -15.8924 1.69013
v 77.5539 50.3281 -147.465
vt -15.9242 1.48733
f 3127/8643/3158 3126/8644/3155 3125/8645/3155 3128/8646/3158 

vt -15.9552 3.68504
vn 0.792221 0.471576 -0.387301
vt -15.8969 3.88187
vt -16.9773 4.11124
v 77.5539 50.5685 -147.34
vt -17.0356 3.91441
f 3128/8647/3159 3125/8648/3154 3124/8649/3154 3129/8650/3159 

vt -16.574 6.27717
vn 0.802785 0.442662 -0.399484
vt -16.4896 6.46433
vt -70.7944 30.864
vt -70.8788 30.6769
f 3129/8651/3160 3124/8652/3153 3031/8653/3153 3030/8654/3160 

v 77.6661 50.497 -147.275
vt -17.0453 4.81786
vn 0.924839 0.282373 -0.25483
vt -16.9836 4.99982
vt -73.3921 24.0378
vt -73.4538 23.8558
f 3130/8655/3161 3129/8656/3160 3030/8657/3160 3029/8658/3161 

v 77.6661 50.2566 -147.401
vt -16.0433 3.49232
vn 0.919842 0.303153 -0.248977
vt -15.9934 3.67786
vt -17.0842 3.85139
vt -17.1342 3.66585
f 3131/8659/3162 3128/8660/3159 3129/8661/3159 3130/8662/3162 

v 77.6661 49.9101 -147.76
vt -13.7403 2.44238
vn 0.9151 0.321398 -0.243508
vt -13.7017 2.63061
vt -15.9192 2.64641
vt -15.9578 2.45818
f 3132/8663/3163 3127/8664/3158 3128/8665/3158 3131/8666/3163 

vt -13.7309 2.82705
vt -13.772 2.63935
vn 0.916145 0.317484 -0.244707
vt 1.2468 2.04576
vt 1.28788 2.23345
f 3127/8667/3157 3132/8668/3164 3072/8669/3164 3071/8670/3157 

vt -13.7531 3.65482
vt -13.7968 3.47887
vt 1.22561 2.98612
vt 1.26938 3.16208
f 3132/8671/3164 3051/8672/3083 3052/8673/3083 3072/8674/3164 

vt -13.7795 3.41764
vt -13.7364 3.59376
vt -15.9539 3.60685
vt -15.997 3.43073
f 3051/8675/3082 3132/8676/3163 3131/8677/3163 3050/8678/3082 

vt -16.0623 3.74775
vt -16.016 3.92308
vt -17.111 4.06828
vt -17.1572 3.89295
f 3050/8679/3081 3131/8680/3162 3130/8681/3162 3049/8682/3081 

vt -17.1837 4.24675
vt -17.1342 4.42117
vt -74.4335 20.5811
vt -74.4831 20.4067
f 3049/8683/3080 3130/8684/3161 3029/8685/3161 3028/8686/3080 

g Mesh25 Group37 Group36 Group33 Group1 Ombrellone_Lateral_New_Sobrano_quadrado_3_5x3_5_1 Model

v 76.1321 70.3114 -144.063
vt -5.11811 1.80774
vn 5.47717e-11 0.0968029 -0.995304
v 77.8062 70.3114 -144.063
vt -5.11811 0
v 77.8062 67.0593 -144.319
vt 2.84217e-14 0
v 76.1321 67.0593 -144.319
vt 2.84217e-14 1.80774
f 3133/8687/3165 3134/8688/3165 3135/8689/3165 3136/8690/3165 

vt 0.146307 -2.84217e-14
vn 1 -6.46051e-10 -5.1942e-16
vt 0.146307 5.11811
v 77.8062 70.2337 -143.265
vt -0.566929 5.11811
v 77.8062 66.9816 -143.521
vt -0.566929 -1.6071e-63
f 3135/8691/3166 3134/8692/3166 3137/8693/3166 3138/8694/3166 

vt 0 0
vn -5.47717e-11 -0.0968029 0.995304
vt 5.11811 0
v 76.1321 70.2337 -143.265
vt 5.11811 1.80774
v 76.1321 66.9816 -143.521
vt 0 1.80774
f 3138/8695/3167 3137/8696/3167 3139/8697/3167 3140/8698/3167 

vt 0.566929 -1.92497e-31
vn -1 6.46051e-10 5.1942e-16
vt 0.566929 5.11811
vt -0.146307 5.11811
vt -0.146307 -2.84217e-14
f 3140/8699/3168 3139/8700/3168 3133/8701/3168 3136/8702/3168 

vt 0.566929 1.80774
vn -6.44672e-10 -0.996918 -0.0784567
vt -0.146307 1.80774
vt -0.146307 0
vt 0.566929 0
f 3140/8703/3169 3136/8704/3169 3135/8705/3169 3138/8706/3169 

g Mesh26 Group36 Group33 Group1 Ombrellone_Lateral_New_Sobrano_quadrado_3_5x3_5_1 Model

v 76.1321 73.8728 -147.997
vt -33.9508 0.10562
vn -2.29143e-10 -0.343337 -0.939212
v 76.1321 73.9169 -148.007
vt -34.2532 0.10562
vn -1.73149e-10 -0.256336 -0.966588
v 77.8062 73.9169 -148.007
vt -34.2532 -1.70212
v 77.8062 73.8728 -147.997
vt -33.9508 -1.70212
f 3141/8707/3170 3142/8708/3171 3143/8709/3171 3144/8710/3170 

v 76.1321 73.7538 -147.929
vt 0.702464 34.1564
vn -1 6.4605e-10 2.36938e-16
v 76.1321 71.1217 -145.398
vt 19.4752 16.5976
v 76.1321 71.6906 -144.454
vt 26.4733 20.393
v 76.1321 74.2256 -146.523
vt 11.1288 37.3036
v 76.1321 74.2256 -147.85
vt 1.28626 37.3036
v 76.1321 74.2041 -147.888
vt 1.00355 37.1605
v 76.1321 74.1759 -147.923
vt 0.748578 36.9723
v 76.1321 74.1417 -147.952
vt 0.528435 36.7444
v 76.1321 74.1025 -147.977
vt 0.34925 36.483
v 76.1321 74.0595 -147.995
vt 0.216012 36.1955
v 76.1321 74.0136 -148.006
vt 0.132429 35.8899
v 76.1321 73.9664 -148.01
vt 0.100828 35.5746
v 76.1321 73.919 -148.007
vt 0.122088 35.2584
vt 0.125465 35.2443
vt 0.195618 34.9502
v 76.1321 73.829 -147.981
vt 0.319371 34.6585
v 76.1321 73.789 -147.958
vt 0.489902 34.3914
f 3145/8711/3172 3146/8712/3172 3147/8713/3172 3148/8714/3172 3149/8715/3172 3150/8716/3172 3151/8717/3172 3152/8718/3172 3153/8719/3172 3154/8720/3172 3155/8721/3172 3156/8722/3172 3157/8723/3172 3142/8724/3172 3141/8725/3172 3158/8726/3172 3159/8727/3172 

vt 2.88541 0.10562
vn -4.99375e-10 -0.76519 -0.643805
vt -22.8191 0.10562
v 77.8062 73.7538 -147.929
vt -22.8191 -1.70212
v 77.8062 71.1217 -145.398
vt 2.88541 -1.70212
f 3146/8728/3173 3145/8729/3173 3160/8730/3173 3161/8731/3173 

vt -24.8606 0.10562
vn -4.63578e-10 -0.70904 -0.705169
vt -25.1775 0.10562
vn -4.23851e-10 -0.646854 -0.762614
v 77.8062 73.789 -147.958
vt -25.1775 -1.70212
vt -24.8606 -1.70212
f 3145/8732/3174 3159/8733/3175 3162/8734/3175 3160/8735/3174 

vt -28.723 0.10562
vt -29.0399 0.10562
vn -3.33142e-10 -0.505236 -0.862981
v 77.8062 73.829 -147.981
vt -29.0399 -1.70212
vt -28.723 -1.70212
f 3159/8736/3175 3158/8737/3176 3163/8738/3176 3162/8739/3175 

vt -31.7815 0.10562
vt -32.0983 0.10562
vt -32.0983 -1.70212
vt -31.7815 -1.70212
f 3158/8740/3176 3141/8741/3170 3144/8742/3170 3163/8743/3176 

v 77.8062 74.2256 -146.523
vt -11.1288 37.3036
vn 1 -6.4605e-10 -2.36938e-16
v 77.8062 71.6906 -144.454
vt -26.4733 20.393
vt -19.4752 16.5976
vt -0.702464 34.1564
vt -0.489902 34.3914
vt -0.319371 34.6585
vt -0.195618 34.9502
vt -0.125465 35.2443
v 77.8062 73.919 -148.007
vt -0.122088 35.2584
v 77.8062 73.9664 -148.01
vt -0.100828 35.5746
v 77.8062 74.0136 -148.006
vt -0.132429 35.8899
v 77.8062 74.0595 -147.995
vt -0.216012 36.1955
v 77.8062 74.1025 -147.977
vt -0.34925 36.483
v 77.8062 74.1417 -147.952
vt -0.528435 36.7444
v 77.8062 74.1759 -147.923
vt -0.748578 36.9723
v 77.8062 74.2041 -147.888
vt -1.00355 37.1605
v 77.8062 74.2256 -147.85
vt -1.28626 37.3036
f 3164/8744/3177 3165/8745/3177 3161/8746/3177 3160/8747/3177 3162/8748/3177 3163/8749/3177 3144/8750/3177 3143/8751/3177 3166/8752/3177 3167/8753/3177 3168/8754/3177 3169/8755/3177 3170/8756/3177 3171/8757/3177 3172/8758/3177 3173/8759/3177 3174/8760/3177 

vt 20.1475 0.10562
vn 4.64301e-10 0.710173 0.704027
vt -2.68715 0.10562
vt -2.68715 -1.70212
vt 20.1475 -1.70212
f 3148/8761/3178 3147/8762/3178 3165/8763/3178 3164/8764/3178 

vt 25.0323 -1.70212
vn -5.77214e-10 -0.898748 0.438466
vt 32.9934 -1.70212
vt 32.9934 0.10562
vt 25.0323 0.10562
f 3161/8765/3179 3165/8766/3179 3147/8767/3179 3146/8768/3179 

v 77.8062 70.2337 -143.265
vt -35.2919 10.6743
vn 1 -6.4605e-10 -2.27433e-16
v 77.8062 69.7778 -144.105
vt -29.0595 7.63309
f 3175/8769/3180 3176/8770/3180 3161/8746/3180 3165/8745/3180 

v 76.1321 70.2337 -143.265
vt 36.3984 0.10562
vn -5.88432e-10 -0.915671 0.401929
v 76.1321 69.7778 -144.105
vt 29.4635 0.10562
vt 29.4635 -1.70212
vt 36.3984 -1.70212
f 3177/8771/3181 3178/8772/3181 3176/8773/3181 3175/8774/3181 

vt 29.0595 7.63309
vt 35.2919 10.6743
f 3178/8775/3172 3177/8776/3172 3147/8713/3172 3146/8712/3172 

vn 4.64302e-10 0.710173 0.704027
vt -15.8105 0.10562
vt -15.8105 -1.70212
f 3147/8762/3182 3177/8777/3182 3175/8778/3182 3165/8763/3182 

vt 16.0088 0.10562
vt 16.0088 -1.70212
f 3178/8779/3173 3146/8728/3173 3161/8731/3173 3176/8780/3173 

vt -1.28626 0.10562
vt -11.1288 0.10562
vt -11.1288 -1.70212
vt -1.28626 -1.70212
f 3149/8781/154 3148/8782/154 3164/8783/154 3174/8784/154 

vt -17.6816 0.10562
vn 5.61278e-10 0.87464 -0.484773
vt -17.9985 0.10562
vn 5.84705e-10 0.910053 -0.414492
vt -17.9985 -1.70212
vt -17.6816 -1.70212
f 3150/8785/3183 3149/8786/3184 3174/8787/3184 3173/8788/3183 

vt -22.5552 0.10562
vn 5.02667e-10 0.785537 -0.618814
vt -22.8721 0.10562
vt -22.8721 -1.70212
vt -22.5552 -1.70212
f 3151/8789/3185 3150/8790/3183 3173/8791/3183 3172/8792/3185 

vt -26.7966 0.10562
vn 4.28332e-10 0.671948 -0.740598
vt -27.1135 0.10562
vt -27.1135 -1.70212
vt -26.7966 -1.70212
f 3152/8793/3186 3151/8794/3185 3172/8795/3185 3171/8796/3186 

vt -30.2877 0.10562
vn 3.38864e-10 0.534725 -0.845026
vt -30.6046 0.10562
vt -30.6046 -1.70212
vt -30.2877 -1.70212
f 3153/8797/3187 3152/8798/3186 3171/8799/3186 3170/8800/3187 

vt -32.9313 0.10562
vn 2.35982e-10 0.376461 -0.926432
vt -33.2482 0.10562
vt -33.2482 -1.70212
vt -32.9313 -1.70212
f 3154/8801/3188 3153/8802/3187 3170/8803/3187 3169/8804/3188 

vt -34.6538 0.10562
vn 1.22833e-10 0.201961 -0.979394
vt -34.9707 0.10562
vt -34.9707 -1.70212
vt -34.6538 -1.70212
f 3155/8805/3189 3154/8806/3188 3169/8807/3188 3168/8808/3189 

vt -35.4073 0.10562
vn 3.95629e-12 0.0182018 -0.999834
vt -35.7242 0.10562
vt -35.7242 -1.70212
vt -35.4073 -1.70212
f 3156/8809/3190 3155/8810/3189 3168/8811/3189 3167/8812/3190 

vt -35.1708 0.10562
vn -1.15206e-10 -0.166412 -0.986056
vt -35.4877 0.10562
vt -35.4877 -1.70212
vt -35.1708 -1.70212
f 3157/8813/3191 3156/8814/3190 3167/8815/3190 3166/8816/3191 

vt -34.2677 0.10562
vt -34.2677 -1.70212
f 3142/8708/3171 3157/8817/3191 3166/8818/3191 3143/8709/3171 

g Mesh27 Group33 Group1 Ombrellone_Lateral_New_Sobrano_quadrado_3_5x3_5_1 Model

usemtl A04_Scarlet_Glow1
v 76.1321 73.336 -147.041
vt -0.00207211 1.29928
vn 2.17929e-10 0.348648 -0.937254
v 76.1321 73.281 -147.049
vt -0.00207211 1.29656
vn 2.85382e-11 0.0562343 -0.998418
v 76.0957 73.281 -147.049
vt -1.97389e-27 1.29656
v 76.0957 73.336 -147.041
vt -1.97924e-27 1.29928
f 3179/8819/3192 3180/8820/3193 3181/8821/3193 3182/8822/3192 

v 76.1321 73.0909 -146.965
vt -0.182618 1.276
v 76.1321 73.127 -147.002
vt -0.180555 1.27776
v 76.1321 73.1729 -147.029
vt -0.179014 1.27999
v 76.1321 73.2254 -147.045
vt -0.178102 1.28255
vt -0.177879 1.28527
vt -0.178362 1.28794
v 76.1321 73.3864 -147.02
vt -0.179517 1.2904
v 76.1321 73.429 -146.989
vt -0.181265 1.29248
v 76.1321 73.4608 -146.949
vt -0.183488 1.29403
v 76.1321 73.4797 -146.904
vt -0.186034 1.29494
v 76.1321 73.4842 -146.856
vt -0.18873 1.29517
v 76.1321 73.4743 -146.809
vt -0.191391 1.29468
v 76.1321 73.4505 -146.765
vt -0.193837 1.29352
v 76.1321 73.4144 -146.729
vt -0.1959 1.29176
v 76.1321 73.3685 -146.701
vt -0.19744 1.28953
v 76.1321 73.3159 -146.685
vt -0.198353 1.28697
v 76.1321 73.2603 -146.681
vt -0.198576 1.28426
v 76.1321 73.2054 -146.69
vt -0.198093 1.28158
v 76.1321 73.1549 -146.71
vt -0.196938 1.27912
v 76.1321 73.1123 -146.741
vt -0.195189 1.27704
v 76.1321 73.0805 -146.781
vt -0.192966 1.2755
v 76.1321 73.0617 -146.826
vt -0.19042 1.27458
v 76.1321 73.0571 -146.874
vt -0.187725 1.27435
v 76.1321 73.0671 -146.921
vt -0.185064 1.27484
f 3183/8823/3177 3184/8824/3177 3185/8825/3177 3186/8826/3177 3180/8827/3177 3179/8828/3177 3187/8829/3177 3188/8830/3177 3189/8831/3177 3190/8832/3177 3191/8833/3177 3192/8834/3177 3193/8835/3177 3194/8836/3177 3195/8837/3177 3196/8838/3177 3197/8839/3177 3198/8840/3177 3199/8841/3177 3200/8842/3177 3201/8843/3177 3202/8844/3177 3203/8845/3177 3204/8846/3177 

vt -0.00207211 0.687575
vn -4.73751e-10 -0.724985 -0.688765
vt -0.00207211 0.684855
vn -5.6864e-10 -0.874317 -0.485356
v 76.0957 73.0909 -146.965
vt 7.4354e-28 0.684855
v 76.0957 73.127 -147.002
vt 7.35139e-28 0.687575
f 3184/8847/3194 3183/8848/3195 3205/8849/3195 3206/8850/3194 

vt -0.00207211 0.37884
vt -0.00207211 0.37612
vn -6.24774e-10 -0.96385 -0.266447
v 76.0957 73.0671 -146.921
vt -7.53494e-28 0.37612
vt -7.43537e-28 0.37884
f 3183/8851/3195 3204/8852/3196 3207/8853/3196 3205/8854/3195 

vt -0.00207211 0.0443799
vt -0.00207211 0.04166
vn -6.45811e-10 -0.999125 -0.0418196
v 76.0957 73.0571 -146.874
vt -7.64326e-28 0.04166
vt -7.5349e-28 0.0443799
f 3204/8855/3196 3203/8856/3197 3208/8857/3197 3207/8858/3196 

vt 0.00207211 0.293012
vt 0.00207211 0.295732
vn -6.33643e-10 -0.983014 0.183531
v 76.0957 73.0617 -146.826
vt 3.75582e-26 0.295732
vt 3.70266e-26 0.293012
f 3203/8859/3197 3202/8860/3198 3209/8861/3198 3208/8862/3197 

vt 0.00207211 0.610342
vt 0.00207211 0.613062
vn -5.87428e-10 -0.914158 0.405358
v 76.0957 73.0805 -146.781
vt -7.85665e-28 0.613062
vt -7.75299e-28 0.610342
f 3202/8863/3198 3201/8864/3199 3210/8865/3199 3209/8866/3198 

vt 0.00207211 0.885986
vt 0.00207211 0.888706
vn -5.04055e-10 -0.787654 0.616118
v 76.0957 73.1123 -146.741
vt -7.94731e-28 0.888706
vt -7.85679e-28 0.885986
f 3201/8867/3199 3200/8868/3200 3211/8869/3200 3210/8870/3199 

vt 0.00207211 1.10116
vt 0.00207211 1.10388
vn -3.80383e-10 -0.598461 0.801152
v 76.0957 73.1549 -146.71
vt 0 1.10388
vt 0 1.10116
f 3200/8871/3200 3199/8872/3201 3212/8873/3201 3211/8874/3200 

vt 0.00207211 1.2412
vt 0.00207211 1.24392
vn -2.17929e-10 -0.348648 0.937254
v 76.0957 73.2054 -146.69
vt -3.27192e-18 1.24392
vt -3.25285e-18 1.2412
f 3199/8875/3201 3198/8876/3202 3213/8877/3202 3212/8878/3201 

vt 0.00207211 1.29656
vt 0.00207211 1.29928
vn -2.85382e-11 -0.0562343 0.998418
v 76.0957 73.2603 -146.681
vt -5.86547e-28 1.29928
vt -5.85121e-28 1.29656
f 3198/8879/3202 3197/8880/3203 3214/8881/3203 3213/8882/3202 

vt 0.00207211 1.26347
vt 0.00207211 1.26619
vn 1.64987e-10 0.243662 0.96986
v 76.0957 73.3159 -146.685
vt 8.67155e-19 1.26619
vt 8.68128e-19 1.26347
f 3197/8883/3203 3196/8884/3204 3215/8885/3204 3214/8886/3203 

vt 0.00207211 1.14418
vt 0.00207211 1.1469
vn 3.37739e-10 0.512402 0.858746
v 76.0957 73.3685 -146.701
vt -5.92788e-18 1.1469
vt -5.95528e-18 1.14418
f 3196/8887/3204 3195/8888/3205 3216/8889/3205 3215/8890/3204 

vt 0.00207211 0.946826
vt 0.00207211 0.949546
vn 4.73751e-10 0.724985 0.688765
v 76.0957 73.4144 -146.729
vt 3.00845e-27 0.949546
vt 3.03211e-27 0.946826
f 3195/8891/3205 3194/8892/3206 3217/8893/3206 3216/8894/3205 

vt 0.00207211 0.684855
vt 0.00207211 0.687575
vn 5.6864e-10 0.874317 0.485356
v 76.0957 73.4505 -146.765
vt 7.8921e-28 0.687575
vt 7.97611e-28 0.684855
f 3194/8895/3206 3193/8896/3207 3218/8897/3207 3217/8898/3206 

vt 0.00207211 0.37612
vt 0.00207211 0.37884
vn 6.24774e-10 0.96385 0.266447
v 76.0957 73.4743 -146.809
vt 7.79256e-28 0.37884
vt 7.89214e-28 0.37612
f 3193/8899/3207 3192/8900/3208 3219/8901/3208 3218/8902/3207 

vt 0.00207211 0.04166
vt 0.00207211 0.0443799
vn 6.45811e-10 0.999125 0.0418196
v 76.0957 73.4842 -146.856
vt -7.68423e-28 0.0443799
vt -7.79258e-28 0.04166
f 3192/8903/3208 3191/8904/3209 3220/8905/3209 3219/8906/3208 

vt -0.00207211 0.295732
vt -0.00207211 0.293012
vn 6.33643e-10 0.983014 -0.183531
v 76.0957 73.4797 -146.904
vt 3.66931e-26 0.293012
vt 3.72248e-26 0.295732
f 3191/8907/3209 3190/8908/3210 3221/8909/3210 3220/8910/3209 

vt -0.00207211 0.613062
vt -0.00207211 0.610342
vn 5.87428e-10 0.914158 -0.405358
v 76.0957 73.4608 -146.949
vt 7.47075e-28 0.610342
vt 7.57441e-28 0.613062
f 3190/8911/3210 3189/8912/3211 3222/8913/3211 3221/8914/3210 

vt -0.00207211 0.888706
vt -0.00207211 0.885986
vn 5.04055e-10 0.787654 -0.616118
v 76.0957 73.429 -146.989
vt -7.38018e-28 0.885986
vt -7.47069e-28 0.888706
f 3189/8915/3211 3188/8916/3212 3223/8917/3212 3222/8918/3211 

vt -0.00207211 1.10388
vt -0.00207211 1.10116
vn 3.80383e-10 0.598461 -0.801152
v 76.0957 73.3864 -147.02
f 3188/8919/3212 3187/8920/3213 3224/8874/3213 3223/8873/3212 

vt -0.00207211 1.24392
vt -0.00207211 1.2412
vt -2.94602e-18 1.2412
vt -2.96509e-18 1.24392
f 3187/8921/3213 3179/8922/3192 3182/8923/3192 3224/8924/3213 

vt 0.180555 1.27776
vt 0.182618 1.276
vt 0.185064 1.27484
vt 0.187725 1.27435
vt 0.19042 1.27458
vt 0.192966 1.2755
vt 0.195189 1.27704
vt 0.196938 1.27912
vt 0.198093 1.28158
vt 0.198576 1.28426
vt 0.198353 1.28697
vt 0.19744 1.28953
vt 0.1959 1.29176
vt 0.193837 1.29352
vt 0.191391 1.29468
vt 0.18873 1.29517
vt 0.186034 1.29494
vt 0.183488 1.29403
vt 0.181265 1.29248
vt 0.179517 1.2904
vt 0.178362 1.28794
vt 0.177879 1.28527
v 76.0957 73.2254 -147.045
vt 0.178102 1.28255
v 76.0957 73.1729 -147.029
vt 0.179014 1.27999
f 3206/8925/3172 3205/8926/3172 3207/8927/3172 3208/8928/3172 3209/8929/3172 3210/8930/3172 3211/8931/3172 3212/8932/3172 3213/8933/3172 3214/8934/3172 3215/8935/3172 3216/8936/3172 3217/8937/3172 3218/8938/3172 3219/8939/3172 3220/8940/3172 3221/8941/3172 3222/8942/3172 3223/8943/3172 3224/8944/3172 3182/8945/3172 3181/8946/3172 3225/8947/3172 3226/8948/3172 

vt -0.00207211 1.26619
vt -0.00207211 1.26347
vn -1.64987e-10 -0.243662 -0.96986
vt -2.395e-28 1.26347
vt -2.392e-28 1.26619
f 3180/8949/3193 3186/8950/3214 3225/8951/3214 3181/8952/3193 

vt -0.00207211 1.1469
vt -0.00207211 1.14418
vn -3.37739e-10 -0.512402 -0.858746
vt -5.37465e-18 1.14418
vt -5.34725e-18 1.1469
f 3186/8953/3214 3185/8954/3215 3226/8955/3215 3225/8956/3214 

vt -0.00207211 0.949546
vt -0.00207211 0.946826
vt 1.30253e-27 0.946826
vt 1.29142e-27 0.949546
f 3185/8957/3215 3184/8958/3194 3206/8959/3194 3226/8960/3215 

g Mesh28 Group40 Group39 Group38 Group1 Ombrellone_Lateral_New_Sobrano_quadrado_3_5x3_5_1 Model

usemtl M04_Stone_Frost
v 75.5535 29.066 -155.951
vt -2.6439e-16 1.41638e-16
vn 5.95813e-10 0.917432 0.397892
v 75.1076 29.066 -155.951
vt -2.6439e-16 0.139961
v 75.1076 26.9794 -151.953
vt -1.67953 0.139961
v 75.5535 26.9794 -151.953
vt -1.67953 1.41638e-16
f 3227/8961/3216 3228/8962/3216 3229/8963/3216 3230/8964/3216 

v 75.5535 28.6431 -156.134
vn 2.92038e-10 0.462746 -0.886491
v 75.1076 28.6431 -156.134
vt 0 0.139961
vt -0.369949 0.139961
vt -0.369949 -5.94488e-36
f 3231/8695/3217 3232/8965/3217 3228/8966/3217 3227/8967/3217 

v 75.5535 26.5627 -152.149
vt 1.67459 5.63771e-46
vn -5.95812e-10 -0.917432 -0.397892
v 75.1076 26.5627 -152.149
vt 1.67459 0.139961
f 3233/8968/3218 3234/8969/3218 3232/8965/3218 3231/8695/3218 

vt 8.66368e-33 0.369949
vn -1 6.4605e-10 6.49915e-16
vt 8.66368e-33 -5.35849e-17
vt 1.67459 7.05184e-15
v 75.1076 26.7633 -152.149
vt 1.64472 0.143063
v 75.1076 26.92 -152.057
vt 1.6529 0.288983
vt 1.67953 0.369949
f 3228/8970/3219 3232/8971/3219 3234/8972/3219 3235/8973/3219 3236/8974/3219 3229/8975/3219 

vn 1 -6.4605e-10 -6.49915e-16
vt 0 0.369949
vt -1.67953 0.369949
v 75.5535 26.92 -152.057
vt -1.6529 0.288983
v 75.5535 26.7633 -152.149
vt -1.64472 0.143063
vt -1.67459 7.10543e-15
f 3231/8695/3220 3227/8976/3220 3230/8977/3220 3237/8978/3220 3238/8979/3220 3233/8980/3220 

g Mesh29 Group39 Group38 Group1 Ombrellone_Lateral_New_Sobrano_quadrado_3_5x3_5_1 Model

v 75.1076 26.3727 -152.231
vt -0.0325736 0.787402
vn 1.18535e-10 0.195325 -0.980739
v 75.1076 26.6988 -152.177
vt -0.238127 0.787402
vn 2.55995e-10 0.40728 -0.913303
v 75.3023 26.6988 -152.177
vt -0.238127 0.590551
v 75.3023 26.3727 -152.231
vt -0.0325736 0.590551
vn 1.42843e-10 0.232851 -0.972512
f 3239/8981/3221 3240/8982/3222 3241/8983/3222 3242/8984/3223 

vt 2.35526 0.525031
vn -1 6.4605e-10 8.31468e-16
v 75.1076 26.2291 -151.956
vt 2.51785 0.525031
v 75.1076 26.9765 -151.632
vt 2.51785 1.04535
v 75.1076 27.114 -151.895
vt 2.3622 1.04535
v 75.1076 26.9835 -152.029
vt 2.32475 0.931476
vt 2.31325 0.726245
f 3239/8985/3224 3243/8986/3224 3244/8987/3224 3245/8988/3224 3246/8989/3224 3240/8990/3224 

v 75.1076 24.9726 -149.824
vt 3.80791 0.443646
vn -1 6.4605e-10 5.97801e-16
v 75.1076 25.0659 -149.728
vt 3.83468 0.525031
v 75.1076 26.0273 -152.188
vt 2.44792 0.341546
v 75.1076 25.6861 -152.052
vt 2.58491 0.188295
v 75.1076 25.3725 -151.831
vt 2.7569 0.0757222
v 75.1076 25.1077 -151.541
vt 2.95216 0.0114981
v 75.1076 24.9099 -151.201
vt 3.15739 -4.67169e-17
v 75.1076 24.7926 -150.834
vt 3.3586 0.0420114
v 75.1076 24.7636 -150.466
vt 3.54209 0.134669
v 75.1076 24.825 -150.121
vt 3.69534 0.271659
f 3247/8991/3225 3248/8992/3225 3243/8986/3225 3239/8985/3225 3249/8993/3225 3250/8994/3225 3251/8995/3225 3252/8996/3225 3253/8997/3225 3254/8998/3225 3255/8999/3225 3256/9000/3225 

v 75.8865 24.9726 -149.824
vt 1.6112 -1.3482e-31
vn -4.78853e-10 -0.749204 0.66234
v 75.8865 25.1964 -149.593
vt 1.81675 -1.3482e-31
vn -3.75835e-10 -0.591484 0.806317
v 75.4971 25.1964 -149.593
vt 1.81675 0.393701
v 75.4971 25.0659 -149.728
vt 1.69687 0.393701
vn -4.29467e-10 -0.673687 0.739017
vt 1.69687 0.787402
vt 1.6112 0.787402
f 3257/9001/3226 3258/9002/3227 3259/9003/3227 3260/9004/3228 3248/9005/3228 3247/9006/3226 

v 75.8865 26.0273 -152.188
vt -2.44792 0.341546
vn 1 -6.46049e-10 -5.90338e-16
v 75.8865 26.3727 -152.231
vt -2.35526 0.525031
v 75.8865 26.6988 -152.177
vt -2.31325 0.726245
v 75.8865 26.9835 -152.029
vt -2.32475 0.931476
v 75.8865 27.2072 -151.799
vt -2.38897 1.12674
v 75.8865 27.3549 -151.501
vt -2.50155 1.29872
v 75.8865 27.4163 -151.157
vt -2.6548 1.43571
v 75.8865 27.3873 -150.789
vt -2.83828 1.52837
v 75.8865 27.2699 -150.422
vt -3.0395 1.57038
v 75.8865 27.0721 -150.082
vt -3.24473 1.55889
v 75.8865 26.8074 -149.791
vt -3.43999 1.49466
v 75.8865 26.4937 -149.57
vt -3.61198 1.38209
v 75.8865 26.1526 -149.434
vt -3.74897 1.22884
v 75.8865 25.8072 -149.392
vt -3.84162 1.04535
v 75.8865 25.481 -149.446
vt -3.88364 0.844139
vt -3.87214 0.638908
vt -3.80791 0.443646
v 75.8865 24.825 -150.121
vt -3.69534 0.271659
v 75.8865 24.7636 -150.466
vt -3.54209 0.134669
v 75.8865 24.7926 -150.834
vt -3.3586 0.0420114
v 75.8865 24.9099 -151.201
vt -3.15739 -7.10543e-15
v 75.8865 25.1077 -151.541
vt -2.95216 0.0114981
v 75.8865 25.3725 -151.831
vt -2.7569 0.0757222
v 75.8865 25.6861 -152.052
vt -2.58491 0.188295
f 3261/9007/3229 3262/9008/3229 3263/9009/3229 3264/9010/3229 3265/9011/3229 3266/9012/3229 3267/9013/3229 3268/9014/3229 3269/9015/3229 3270/9016/3229 3271/9017/3229 3272/9018/3229 3273/9019/3229 3274/9020/3229 3275/9021/3229 3258/9022/3229 3257/9023/3229 3276/9024/3229 3277/9025/3229 3278/9026/3229 3279/9027/3229 3280/9028/3229 3281/9029/3229 3282/9030/3229 

vt 0.593029 -1.6526e-17
vt 0.798582 -1.6526e-17
vn -3.71667e-11 -0.0454615 -0.998966
vt 0.798582 0.787402
vt 0.593029 0.787402
vt 0.593029 0.590551
f 3262/9031/3221 3261/9032/3230 3249/9033/3230 3239/9034/3221 3242/9035/3223 

vt 1.37677 1.06183e-31
vt 1.58232 1.06183e-31
vn -2.07349e-10 -0.309462 -0.950912
vt 1.58232 0.787402
vt 1.37677 0.787402
f 3261/9036/3230 3282/9037/3231 3250/9038/3231 3249/9039/3230 

vt 2.05967 4.85574e-32
vt 2.26523 4.85574e-32
vn -3.78076e-10 -0.575331 -0.81792
vt 2.26523 0.787402
vt 2.05967 0.787402
f 3282/9040/3231 3281/9041/3232 3251/9042/3232 3250/9043/3231 

vt 2.59522 -1.47546e-32
vt 2.80077 -1.47546e-32
vn -5.23283e-10 -0.80277 -0.596289
vt 2.80077 0.787402
vt 2.59522 0.787402
f 3281/9044/3232 3280/9045/3233 3252/9046/3233 3251/9047/3232 

vt 2.94689 -8.38688e-33
vt 3.15245 -8.38688e-33
vn -6.15947e-10 -0.94962 -0.313403
vt 3.15245 0.787402
vt 2.94689 0.787402
f 3280/9048/3233 3279/9049/3234 3253/9050/3234 3252/9051/3233 

vt 3.09074 3.99795e-32
vt 3.29629 3.99795e-32
vn -6.46087e-10 -0.999846 -0.0175449
vt 3.29629 0.787402
vt 3.09074 0.787402
f 3279/9052/3234 3278/9053/3235 3254/9054/3235 3253/9055/3234 

vt 3.01696 -8.77559e-32
vt 3.22251 -8.77559e-32
vn -6.23225e-10 -0.967716 0.252044
vt 3.22251 0.787402
vt 3.01696 0.787402
f 3278/9056/3235 3277/9057/3236 3255/9058/3236 3254/9059/3235 

vt 2.73057 -3.18341e-31
vt 2.93612 -3.18341e-31
vn -5.63395e-10 -0.877848 0.478939
vt 2.93612 0.787402
vt 2.73057 0.787402
f 3277/9060/3236 3276/9061/3237 3256/9062/3237 3255/9063/3236 

vt 2.25109 -2.75362e-31
vt 2.45664 -2.75362e-31
vt 2.45664 0.787402
vt 2.25109 0.787402
f 3276/9064/3237 3257/9065/3226 3247/9066/3226 3256/9067/3237 

vt -0.238127 2.75205e-18
vt -0.0325736 2.75205e-18
f 3263/9068/3222 3262/9069/3221 3242/8984/3223 3241/8983/3222 

vt -1.06006 5.98097e-19
vn 3.75835e-10 0.591484 -0.806317
vt -0.854505 5.98097e-19
vt -0.854505 0.590551
v 75.3023 26.9835 -152.029
vt -1.06006 0.590551
f 3264/9070/3238 3263/9071/3222 3241/9072/3222 3283/9073/3238 

vt -0.854505 0.787402
vt -1.06006 0.787402
f 3240/9074/3222 3246/9075/3238 3283/9073/3238 3241/9072/3222 

vt -1.6112 0.787402
vt -1.73108 0.787402
vn 4.29467e-10 0.673687 -0.739017
v 75.3023 27.114 -151.895
vt -1.73108 0.590551
vt -1.6112 0.590551
f 3246/9076/3238 3245/9077/3239 3284/9078/3239 3283/9079/3238 

vt -1.81675 -2.62975e-15
vn 4.78854e-10 0.749204 -0.66234
vt -1.6112 -2.62975e-15
vn 4.29468e-10 0.673687 -0.739017
v 75.1076 27.2072 -151.799
vt -1.81675 0.787402
f 3265/9080/3240 3264/9081/3238 3283/9079/3238 3284/9078/3241 3245/9077/3241 3285/9082/3240 

vt 2.38897 1.12674
v 75.1076 25.8072 -149.392
vt 3.84162 1.04535
v 75.1076 26.1526 -149.434
vt 3.74897 1.22884
v 75.1076 26.4937 -149.57
vt 3.61198 1.38209
v 75.1076 26.8074 -149.791
vt 3.43999 1.49466
v 75.1076 27.0721 -150.082
vt 3.24473 1.55889
v 75.1076 27.2699 -150.422
vt 3.0395 1.57038
v 75.1076 27.3873 -150.789
vt 2.83828 1.52837
v 75.1076 27.4163 -151.157
vt 2.6548 1.43571
v 75.1076 27.3549 -151.501
vt 2.50155 1.29872
f 3285/9083/3224 3245/8988/3224 3244/8987/3224 3286/9084/3224 3287/9085/3224 3288/9086/3224 3289/9087/3224 3290/9088/3224 3291/9089/3224 3292/9090/3224 3293/9091/3224 3294/9092/3224 

vt 3.84162 0.787402
vt 2.51785 0.787402
v 75.4971 26.9765 -151.632
vt 2.51785 0.393701
v 75.4971 26.4606 -150.643
vt 3.10191 0.393701
v 75.4971 25.8072 -149.392
vt 3.84162 0.393701
f 3286/9093/3218 3244/9094/3218 3295/9095/3218 3296/9096/3218 3297/9097/3218 

v 75.4971 26.2291 -151.956
vt 0.525031 0.393701
vn -2.92038e-10 -0.462746 0.886491
vt 1.04535 0.393701
vt 1.04535 0.787402
vt 0.525031 0.787402
f 3298/9098/3242 3295/9099/3242 3244/9100/3242 3243/9101/3242 

vt 3.10191 1.04535
vn -1 6.46049e-10 2.89137e-16
v 75.4971 25.834 -151.199
vt 2.96508 0.525031
v 75.4971 25.8975 -151.253
vt 2.92568 0.545027
v 75.4971 26.0134 -151.314
vt 2.87233 0.592902
v 75.4971 26.1343 -151.343
vt 2.83319 0.652954
v 75.4971 26.2518 -151.338
vt 2.81092 0.72109
v 75.4971 26.3581 -151.3
vt 2.80705 0.792667
v 75.4971 26.4457 -151.231
vt 2.82184 0.862806
v 75.4971 26.5089 -151.136
vt 2.85427 0.926729
v 75.4971 26.5433 -151.022
vt 2.90215 0.980078
v 75.4971 26.5464 -150.896
vt 2.9622 1.01922
v 75.4971 26.5182 -150.767
vt 3.03034 1.04148
f 3296/9102/3243 3295/8987/3243 3298/8986/3243 3299/9103/3243 3300/9104/3243 3301/9105/3243 3302/9106/3243 3303/9107/3243 3304/9108/3243 3305/9109/3243 3306/9110/3243 3307/9111/3243 3308/9112/3243 3309/9113/3243 

vt -2.51785 0.393701
vn 5.95812e-10 0.917432 0.397892
vt -2.51785 0.787402
vt -3.83468 0.787402
vt -3.83468 0.393701
v 75.4971 25.6255 -150.8
vt -3.20113 0.393701
v 75.3997 25.6255 -150.8
vt -3.20113 0.492126
v 75.3997 25.834 -151.199
vt -2.96508 0.492126
vt -2.96508 0.393701
f 3298/9114/3244 3243/9115/3244 3248/9116/3244 3260/9117/3244 3310/9118/3244 3311/9119/3244 3312/9120/3244 3299/9121/3244 

vn -1 6.46049e-10 9.8368e-16
v 75.4971 26.3774 -150.534
vt 3.17205 1.03057
v 75.4971 26.2743 -150.446
vt 3.23598 0.99813
v 75.4971 26.1584 -150.385
vt 3.28933 0.950255
v 75.4971 26.0376 -150.357
vt 3.32847 0.890203
v 75.4971 25.92 -150.361
vt 3.35073 0.822067
v 75.4971 25.8138 -150.399
vt 3.3546 0.750491
v 75.4971 25.7261 -150.468
vt 3.33981 0.680351
v 75.4971 25.6629 -150.563
vt 3.30738 0.616429
v 75.4971 25.6286 -150.677
vt 3.2595 0.563079
vt 3.20113 0.525031
vt 3.87214 0.638908
v 75.4971 25.481 -149.446
vt 3.88364 0.844139
v 75.4971 25.6226 -149.422
vt 3.8654 0.931476
f 3297/9084/3245 3296/9102/3245 3313/9122/3245 3314/9123/3245 3315/9124/3245 3316/9125/3245 3317/9126/3245 3318/9127/3245 3319/9128/3245 3320/9129/3245 3321/9130/3245 3310/9131/3245 3260/8992/3245 3259/9132/3245 3322/9133/3245 3323/9134/3245 

vt -2.89124 0.393701
vn 4.43946e-10 0.678294 0.73479
vt -2.81956 0.393701
vn 5.13328e-10 0.787114 0.616807
v 75.3997 26.4606 -150.643
vt -2.81956 0.492126
v 75.3997 26.3774 -150.534
vt -2.89124 0.492126
f 3313/9135/3246 3296/9136/3247 3324/9137/3247 3325/9138/3246 

vt -3.15384 0.393701
vn 6.1086e-10 0.941459 0.337128
vt -3.08215 0.393701
vn 6.36005e-10 0.982183 0.187926
v 75.3997 26.5182 -150.767
vt -3.08215 0.492126
vt -3.15384 0.492126
f 3296/9139/3248 3309/9140/3249 3326/9141/3249 3324/9142/3248 

vt -3.20394 0.393701
vt -3.13226 0.393701
vn 6.42004e-10 0.994951 -0.100364
v 75.3997 26.5464 -150.896
vt -3.13226 0.492126
vt -3.20394 0.492126
f 3309/9143/3249 3308/9144/3250 3327/9145/3250 3326/9146/3249 

vt -3.03815 0.393701
vt -2.96647 0.393701
vn 6.01744e-10 0.935684 -0.352839
v 75.3997 26.5433 -151.022
vt -2.96647 0.492126
vt -3.03815 0.492126
f 3308/9147/3250 3307/9148/3251 3328/9149/3251 3327/9150/3250 

vt -2.66775 0.393701
vt -2.59607 0.393701
vn 5.30399e-10 0.827766 -0.561073
v 75.3997 26.5089 -151.136
vt -2.59607 0.492126
vt -2.66775 0.492126
f 3307/9151/3251 3306/9152/3252 3329/9153/3252 3328/9154/3251 

vt -2.118 0.393701
vt -2.04632 0.393701
vn 4.37645e-10 0.686205 -0.727408
v 75.3997 26.4457 -151.231
vt -2.04632 0.492126
vt -2.118 0.492126
f 3306/9155/3252 3305/9156/3253 3330/9157/3253 3329/9158/3252 

vt -1.42635 0.393701
vt -1.35467 0.393701
vn 3.2755e-10 0.517342 -0.855779
v 75.3997 26.3581 -151.3
vt -1.35467 0.492126
vt -1.42635 0.492126
f 3305/9159/3253 3304/9160/3254 3331/9161/3254 3330/9162/3253 

vt -0.639934 0.393701
vt -0.568253 0.393701
vn 2.00466e-10 0.321733 -0.946831
v 75.3997 26.2518 -151.338
vt -0.568253 0.492126
vt -0.639934 0.492126
f 3304/9163/3254 3303/9164/3255 3332/9165/3255 3331/9166/3254 

vt 0.187647 0.393701
vt 0.259328 0.393701
vn 5.52849e-11 0.0975963 -0.995226
v 75.3997 26.1343 -151.343
vt 0.259328 0.492126
vt 0.187647 0.492126
f 3303/9167/3255 3302/9168/3256 3333/9169/3256 3332/9170/3255 

vt 0.999997 0.393701
vt 1.07168 0.393701
vn -1.07411e-10 -0.154323 -0.98802
v 75.3997 26.0134 -151.314
vt 1.07168 0.492126
vt 0.999997 0.492126
f 3302/9171/3256 3301/9172/3257 3334/9173/3257 3333/9174/3256 

vt 1.74176 0.393701
vt 1.81344 0.393701
vn -2.80283e-10 -0.422895 -0.906179
v 75.3997 25.8975 -151.253
vt 1.81344 0.492126
vt 1.74176 0.492126
f 3301/9175/3257 3300/9176/3258 3335/9177/3258 3334/9178/3257 

vt 2.36238 0.393701
vt 2.40657 0.393701
vn -3.64978e-10 -0.554888 -0.831925
vt 2.40657 0.492126
vt 2.36238 0.492126
f 3300/9179/3258 3299/9180/3259 3312/9181/3259 3335/9182/3258 

f 3310/9118/3244 3299/9121/3244 3312/9120/3244 3311/9119/3244 

vn -1 6.46054e-10 2.48021e-15
v 75.4971 25.7945 -151.165
vt 2.9896 0.512591
v 75.4971 25.7113 -151.056
vt 3.05974 0.497804
v 75.4971 25.6536 -150.932
vt 3.13131 0.501675
v 75.4971 25.6254 -150.803
vt 3.19945 0.523939
f 3299/9103/3260 3336/9183/3260 3337/9184/3260 3338/9185/3260 3339/9186/3260 3310/9131/3260 

vn -1 6.46049e-10 5.42736e-16
v 75.3997 25.6286 -150.677
v 75.3997 25.6629 -150.563
v 75.3997 25.7261 -150.468
v 75.3997 25.8138 -150.399
v 75.3997 25.92 -150.361
v 75.3997 26.0376 -150.357
v 75.3997 26.1584 -150.385
v 75.3997 26.2743 -150.446
f 3325/9122/3261 3324/9102/3261 3326/9113/3261 3327/9112/3261 3328/9111/3261 3329/9110/3261 3330/9109/3261 3331/9108/3261 3332/9107/3261 3333/9106/3261 3334/9105/3261 3335/9104/3261 3312/9103/3261 3311/9131/3261 3340/9130/3261 3341/9129/3261 3342/9128/3261 3343/9127/3261 3344/9126/3261 3345/9125/3261 3346/9124/3261 3347/9123/3261 

vt 2.96847 0.393701
vn -6.26612e-10 -0.972717 0.231997
vt 3.03815 0.393701
vn -6.01744e-10 -0.935684 0.352839
vt 3.03815 0.492126
vt 2.96847 0.492126
f 3310/9187/3262 3321/9188/3263 3340/9189/3263 3311/9190/3262 

vt 2.59607 0.393701
vt 2.66775 0.393701
vn -5.30399e-10 -0.827766 0.561073
vt 2.66775 0.492126
vt 2.59607 0.492126
f 3321/9191/3263 3320/9192/3264 3341/9193/3264 3340/9194/3263 

vt 2.04632 0.393701
vt 2.118 0.393701
vn -4.37645e-10 -0.686205 0.727408
vt 2.118 0.492126
vt 2.04632 0.492126
f 3320/9195/3264 3319/9196/3265 3342/9197/3265 3341/9198/3264 

vt 1.35467 0.393701
vt 1.42635 0.393701
vn -3.2755e-10 -0.517342 0.855779
vt 1.42635 0.492126
vt 1.35467 0.492126
f 3319/9199/3265 3318/9200/3266 3343/9201/3266 3342/9202/3265 

vt 0.568253 0.393701
vt 0.639934 0.393701
vn -2.00466e-10 -0.321733 0.946831
vt 0.639934 0.492126
vt 0.568253 0.492126
f 3318/9203/3266 3317/9204/3267 3344/9205/3267 3343/9206/3266 

vt -0.259328 0.393701
vt -0.187647 0.393701
vn -5.52849e-11 -0.0975963 0.995226
vt -0.187647 0.492126
vt -0.259328 0.492126
f 3317/9207/3267 3316/9208/3268 3345/9209/3268 3344/9210/3267 

vt -1.07168 0.393701
vt -0.999997 0.393701
vn 1.07411e-10 0.154323 0.98802
vt -0.999997 0.492126
vt -1.07168 0.492126
f 3316/9211/3268 3315/9212/3269 3346/9213/3269 3345/9214/3268 

vt -1.81344 0.393701
vt -1.74176 0.393701
vn 2.80283e-10 0.422895 0.906179
vt -1.74176 0.492126
vt -1.81344 0.492126
f 3315/9215/3269 3314/9216/3270 3347/9217/3270 3346/9218/3269 

vt -2.43406 0.393701
vt -2.36238 0.393701
vt -2.36238 0.492126
vt -2.43406 0.492126
f 3314/9219/3270 3313/9220/3246 3325/9221/3246 3347/9222/3270 

vt 0.854505 7.40845e-32
vt 1.06006 7.40845e-32
vn -2.55995e-10 -0.40728 0.913303
vt 1.06006 0.393701
vt 0.854505 0.393701
f 3258/9223/3227 3275/9224/3271 3322/9225/3271 3259/9226/3227 

vt 0.0325736 -4.49328e-31
vt 0.238127 -4.49328e-31
vn -1.18535e-10 -0.195325 0.980739
vt 0.238127 0.393701
vt 0.121794 0.393701
vn -1.89549e-10 -0.304903 0.952384
vt 0.0325736 0.393701
f 3275/9227/3271 3274/9228/3272 3297/9229/3272 3323/9230/3273 3322/9231/3271 

vt -0.798582 2.04783e-31
vt -0.593029 2.04783e-31
vn 3.71667e-11 0.0454615 0.998966
vt -0.593029 0.787402
vt -0.798582 0.787402
vn -4.28969e-11 -0.0784418 0.996919
vt -0.798582 0.393701
f 3274/9232/3272 3273/9233/3274 3287/9234/3274 3286/9235/3275 3297/9236/3272 

vt -1.58232 1.86949e-31
vt -1.37677 1.86949e-31
vn 2.07349e-10 0.309462 0.950912
vt -1.37677 0.787402
vt -1.58232 0.787402
f 3273/9237/3274 3272/9238/3276 3288/9239/3276 3287/9240/3274 

vt -2.26523 9.67485e-32
vt -2.05967 9.67485e-32
vn 3.78076e-10 0.575331 0.81792
vt -2.05967 0.787402
vt -2.26523 0.787402
f 3272/9241/3276 3271/9242/3277 3289/9243/3277 3288/9244/3276 

vt -2.80077 -3.94376e-32
vt -2.59522 -3.94376e-32
vn 5.23283e-10 0.80277 0.596289
vt -2.59522 0.787402
vt -2.80077 0.787402
f 3271/9245/3277 3270/9246/3278 3290/9247/3278 3289/9248/3277 

vt -3.15245 -1.92568e-31
vt -2.94689 -1.92568e-31
vn 6.15947e-10 0.94962 0.313403
vt -2.94689 0.787402
vt -3.15245 0.787402
f 3270/9249/3278 3269/9250/3279 3291/9251/3279 3290/9252/3278 

vt -3.29629 1.13501e-31
vt -3.09074 1.13501e-31
vn 6.46087e-10 0.999846 0.0175449
vt -3.09074 0.787402
vt -3.29629 0.787402
f 3269/9253/3279 3268/9254/3280 3292/9255/3280 3291/9256/3279 

vt -3.22251 1.26094e-32
vt -3.01696 1.26094e-32
vn 6.23225e-10 0.967716 -0.252044
vt -3.01696 0.787402
vt -3.22251 0.787402
f 3268/9257/3280 3267/9258/3281 3293/9259/3281 3292/9260/3280 

vt -2.93612 -9.8434e-32
vt -2.73057 -9.8434e-32
vn 5.63395e-10 0.877848 -0.478939
vt -2.73057 0.787402
vt -2.93612 0.787402
f 3267/9261/3281 3266/9262/3282 3294/9263/3282 3293/9264/3281 

vt -2.45664 -1.29282e-31
vt -2.25109 -1.29282e-31
vt -2.25109 0.787402
vt -2.45664 0.787402
f 3266/9265/3282 3265/9266/3240 3285/9267/3240 3294/9268/3282 

g Mesh30 Group42 Group41 Group38 Group1 Ombrellone_Lateral_New_Sobrano_quadrado_3_5x3_5_1 Model

usemtl A04_Scarlet_Glow1
v 78.6029 5.35667 -152.413
vt 0.0312876 0.217657
v 77.3458 5.35667 -152.387
vt 0.0327701 0.145806
v 78.9784 5.35667 -151.995
vt 0.0547623 0.239121
f 3348/9269/154 3349/9270/154 3350/9271/154

v 76.9069 5.35667 -152.404
vt 0.0317952 0.12072
f 3349/9270/154 3348/9269/154 3351/9272/154

v 75.8594 5.35667 -152.657
vt 0.0175733 0.06085
f 3348/9269/154 3352/9273/154 3351/9272/154

v 78.122 5.35667 -152.728
vt 0.0136121 0.190174
f 3353/9274/154 3352/9273/154 3348/9269/154

v 76.3974 5.35667 -152.881
vt 0.00499099 0.0916008
f 3353/9274/154 3354/9275/154 3352/9273/154

v 77.5686 5.35667 -152.917
vt 0.00294051 0.158544
f 3355/9276/154 3354/9275/154 3353/9274/154

v 76.9804 5.35667 -152.97
vt 0 0.124922
f 3354/9275/154 3355/9276/154 3356/9277/154

v 77.5686 4.72418 -152.917
vt -0.157305 0
vn 0.203742 -8.95497e-11 -0.979025
v 76.9804 4.72418 -152.97
vt -0.123743 0
vn -0.0305414 6.26906e-11 -0.999534
vt -0.123743 0.0225529
vt -0.157305 0.0225529
f 3357/9278/3283 3358/9279/3284 3356/9280/3284 3355/9281/3283 

vt -0.122835 0
v 76.3974 4.72418 -152.881
vt -0.0893272 0
vn -0.263918 2.11959e-10 -0.964545
vt -0.0893272 0.0225529
vt -0.122835 0.0225529
f 3358/9282/3284 3359/9283/3285 3354/9284/3285 3356/9285/3284 

vt -0.082335 0
v 75.8594 4.72418 -152.657
vt -0.0492694 0
vn -0.488585 3.5315e-10 -0.872516
vt -0.0492694 0.0225529
vt -0.082335 0.0225529
f 3359/9286/3285 3360/9287/3286 3352/9288/3286 3354/9289/3285 

vt -0.0380335 0
v 75.4031 4.72418 -152.313
vt -0.00569325 0
vn -0.693034 4.78719e-10 -0.720905
v 75.4031 5.35667 -152.313
vt -0.00569325 0.0225529
vt -0.0380335 0.0225529
f 3360/9290/3286 3361/9291/3287 3362/9292/3287 3352/9293/3286 

vt 0.00752822 0
v 75.0594 4.72418 -151.873
vt 0.0390431 0
vn -0.860051 5.77564e-10 -0.510208
v 75.0594 5.35667 -151.873
vt 0.0390431 0.0225529
vt 0.00752822 0.0225529
f 3361/9294/3287 3363/9295/3288 3364/9296/3288 3362/9297/3287 

vt 0.0511763 0
v 74.852 4.72418 -151.367
vt 0.0819876 0
vn -0.968284 6.36298e-10 -0.249851
v 74.852 5.35667 -151.367
vt 0.0819876 0.0225529
vt 0.0511763 0.0225529
f 3363/9298/3288 3365/9299/3289 3366/9300/3289 3364/9301/3288 

vt 0.0892273 0
v 74.7948 4.72418 -150.829
vt 0.119659 0
vn -0.999283 6.43959e-10 0.0378588
v 74.7948 5.35667 -150.829
vt 0.119659 0.0225529
vt 0.0892273 0.0225529
f 3365/9302/3289 3367/9303/3290 3368/9304/3290 3366/9305/3289 

vt 0.118362 0
v 74.8918 4.72418 -150.295
vt 0.148853 0
vn -0.946984 5.9799e-10 0.32128
v 74.8918 5.35667 -150.295
vt 0.148853 0.0225529
vt 0.118362 0.0225529
f 3367/9306/3290 3369/9307/3291 3370/9308/3291 3368/9309/3290 

vt 0.136812 0
v 75.1364 4.72418 -149.803
vt 0.167782 0
vn -0.821408 5.06158e-10 0.57034
v 75.1364 5.35667 -149.803
vt 0.167782 0.0225529
vt 0.136812 0.0225529
f 3369/9310/3291 3371/9311/3292 3372/9312/3292 3370/9313/3291 

vt 0.144772 0
v 75.512 4.72418 -149.385
vt 0.176498 0
vn -0.642697 3.82287e-10 0.76612
v 75.512 5.35667 -149.385
vt 0.176498 0.0225529
vt 0.144772 0.0225529
f 3371/9314/3292 3373/9315/3293 3374/9316/3293 3372/9317/3292 

vt 0.143647 0
v 75.9928 4.72418 -149.071
vt 0.176194 0
vn -0.431579 2.40051e-10 0.902075
v 75.9928 5.35667 -149.071
vt 0.176194 0.0225529
vt 0.143647 0.0225529
f 3373/9318/3293 3375/9319/3294 3376/9320/3294 3374/9321/3293 

vt 0.134895 0
v 76.5462 4.72418 -148.881
vt 0.168109 0
vn -0.203742 8.95497e-11 0.979025
v 76.5462 5.35667 -148.881
vt 0.168109 0.0225529
vt 0.134895 0.0225529
f 3375/9322/3294 3377/9323/3295 3378/9324/3295 3376/9325/3294 

vt 0.119296 0
v 77.1344 4.72418 -148.828
vt 0.152858 0
vn 0.0305414 -6.26906e-11 0.999534
v 77.1344 5.35667 -148.828
vt 0.152858 0.0225529
vt 0.119296 0.0225529
f 3377/9326/3295 3379/9327/3296 3380/9328/3296 3378/9329/3295 

vt 0.0968207 0
v 77.7174 4.72418 -148.917
vt 0.130329 0
vn 0.263918 -2.11959e-10 0.964545
v 77.7174 5.35667 -148.917
vt 0.130329 0.0225529
vt 0.0968207 0.0225529
f 3379/9330/3296 3381/9331/3297 3382/9332/3297 3380/9333/3296 

vt 0.0669366 0
v 78.2554 4.72418 -149.141
vt 0.100002 0
vn 0.488585 -3.5315e-10 0.872516
v 78.2554 5.35667 -149.141
vt 0.100002 0.0225529
vt 0.0669366 0.0225529
f 3381/9334/3297 3383/9335/3298 3384/9336/3298 3382/9337/3297 

vt 0.0292159 0
v 78.7118 4.72418 -149.485
vt 0.0615562 0
vn 0.693034 -4.78719e-10 0.720905
v 78.7118 5.35667 -149.485
vt 0.0615562 0.0225529
vt 0.0292159 0.0225529
f 3383/9338/3298 3385/9339/3299 3386/9340/3299 3384/9341/3298 

vt -0.01577 0
v 79.0554 4.72418 -149.925
vt 0.0157448 0
vn 0.860051 -5.77564e-10 0.510208
v 79.0554 5.35667 -149.925
vt 0.0157448 0.0225529
vt -0.01577 0.0225529
f 3385/9342/3299 3387/9343/3300 3388/9344/3300 3386/9345/3299 

vt -0.065447 0
v 79.2629 4.72418 -150.431
vt -0.0346357 0
vn 0.968284 -6.36298e-10 0.249851
v 79.2629 5.35667 -150.431
vt -0.0346357 0.0225529
vt -0.065447 0.0225529
f 3387/9346/3300 3389/9347/3301 3390/9348/3301 3388/9349/3300 

vt -0.114754 0
v 79.32 4.72418 -150.97
vt -0.0843223 0
vn 0.999283 -6.43959e-10 -0.0378588
v 79.32 5.35667 -150.97
vt -0.0843223 0.0225529
vt -0.114754 0.0225529
f 3389/9350/3301 3391/9351/3302 3392/9352/3302 3390/9353/3301 

vt -0.157088 0
v 79.223 4.72418 -151.503
vt -0.126597 0
vn 0.946984 -5.9799e-10 -0.32128
v 79.223 5.35667 -151.503
vt -0.126597 0.0225529
vt -0.157088 0.0225529
f 3391/9354/3302 3393/9355/3303 3394/9356/3303 3392/9357/3302 

vt -0.186644 0
v 78.9784 4.72418 -151.995
vt -0.155674 0
vn 0.821408 -5.06158e-10 -0.57034
vt -0.155674 0.0225529
vt -0.186644 0.0225529
f 3393/9358/3303 3395/9359/3304 3350/9360/3304 3394/9361/3303 

vt -0.200476 0
v 78.6029 4.72418 -152.413
vt -0.168749 0
vn 0.642697 -3.82287e-10 -0.76612
vt -0.168749 0.0225529
vt -0.200476 0.0225529
f 3395/9362/3304 3396/9363/3305 3348/9364/3305 3350/9365/3304 

vt -0.198729 0
v 78.122 4.72418 -152.728
vt -0.166182 0
vn 0.431579 -2.40051e-10 -0.902075
vt -0.166182 0.0225529
vt -0.198729 0.0225529
f 3396/9366/3305 3397/9367/3306 3353/9368/3306 3348/9369/3305 

vt -0.183453 0
vt -0.150239 0
vt -0.150239 0.0225529
vt -0.183453 0.0225529
f 3397/9370/3306 3357/9371/3283 3355/9372/3283 3353/9373/3306 

v 78.4324 5.35667 -151.754
vt 0.0683411 0.207914
vt 0.0824366 0.253102
f 3350/9271/154 3398/9374/154 3394/9375/154

v 78.1355 5.35667 -152.05
vt 0.0516877 0.190941
f 3350/9271/154 3399/9376/154 3398/9374/154

v 77.7648 5.35667 -152.266
vt 0.0395551 0.169757
f 3350/9271/154 3400/9377/154 3399/9376/154

f 3350/9271/154 3349/9270/154 3400/9377/154

v 78.1837 5.35667 -151.635
vt 0.075009 0.193698
f 3394/9375/154 3398/9374/154 3401/9378/154

v 78.6354 5.35667 -151.397
vt 0.0883805 0.219519
f 3394/9375/154 3401/9378/154 3402/9379/154

v 78.3867 5.35667 -151.279
vt 0.0950484 0.205303
f 3402/9379/154 3401/9378/154 3403/9380/154

vt 0.112424 0.258648
f 3402/9379/154 3392/9381/154 3394/9375/154

v 78.7307 5.35667 -151.005
vt 0.11044 0.224965
f 3392/9381/154 3402/9379/154 3404/9382/154

v 78.7118 5.35667 -150.603
vt 0.133017 0.223882
f 3392/9381/154 3404/9382/154 3405/9383/154

vt 0.142682 0.25538
f 3392/9381/154 3405/9383/154 3390/9384/154

v 78.5799 5.35667 -150.22
vt 0.154572 0.216343
f 3390/9384/154 3405/9383/154 3406/9385/154

vt 0.171148 0.243522
f 3390/9384/154 3406/9385/154 3388/9386/154

v 78.344 5.35667 -149.88
vt 0.173636 0.202861
f 3388/9386/154 3406/9385/154 3407/9387/154

vt 0.195882 0.223882
f 3388/9386/154 3407/9387/154 3386/9388/154

v 78.0203 5.35667 -149.609
vt 0.188911 0.184357
f 3386/9388/154 3407/9387/154 3408/9389/154

v 77.6307 5.35667 -149.423
vt 0.199355 0.16209
f 3408/9389/154 3409/9390/154 3386/9388/154

v 77.5011 5.35667 -149.651
vt 0.186561 0.15468
f 3408/9389/154 3410/9391/154 3409/9390/154

v 77.8906 5.35667 -149.836
vt 0.176117 0.176948
f 3410/9391/154 3408/9389/154 3411/9392/154

vt 0.215198 0.197798
f 3386/9388/154 3409/9390/154 3384/9393/154

v 77.2018 5.35667 -149.336
vt 0.204257 0.137578
f 3384/9393/154 3409/9390/154 3412/9394/154

vt 0.219159 0.0684738
f 3412/9394/154 3376/9395/154 3384/9393/154

v 76.7629 5.35667 -149.353
vt 0.203282 0.112491
f 3413/9396/154 3376/9395/154 3412/9394/154

vt 0.201484 0.0409905
f 3413/9396/154 3374/9397/154 3376/9395/154

v 76.3439 5.35667 -149.474
vt 0.196497 0.08854
f 3414/9398/154 3374/9397/154 3413/9396/154

v 75.9732 5.35667 -149.69
vt 0.184364 0.0673562
f 3415/9399/154 3374/9397/154 3414/9398/154

vt 0.178009 0.0195269
f 3415/9399/154 3372/9400/154 3374/9397/154

v 75.6763 5.35667 -149.986
vt 0.167711 0.0503834
f 3416/9401/154 3372/9400/154 3415/9399/154

v 75.925 5.35667 -150.105
vt 0.161043 0.0645997
f 3417/9402/154 3372/9400/154 3416/9401/154

vt 0.150335 0.00554582
f 3417/9402/154 3370/9403/154 3372/9400/154

v 75.4733 5.35667 -150.342
vt 0.147671 0.0387784
f 3417/9402/154 3418/9404/154 3370/9403/154

v 75.722 5.35667 -150.461
vt 0.141003 0.0529946
f 3418/9404/154 3417/9402/154 3419/9405/154

v 75.378 5.35667 -150.735
vt 0.125612 0.0333319
f 3420/9406/154 3370/9403/154 3418/9404/154

vt 0.120347 0
f 3420/9406/154 3368/9407/154 3370/9403/154

v 75.3969 5.35667 -151.137
vt 0.103035 0.0344152
f 3421/9408/154 3368/9407/154 3420/9406/154

vt 0.0900891 0.00326739
f 3421/9408/154 3366/9409/154 3368/9407/154

v 75.5288 5.35667 -151.52
vt 0.08148 0.0419544
f 3422/9410/154 3366/9409/154 3421/9408/154

v 75.7647 5.35667 -151.859
vt 0.0624155 0.0554358
f 3423/9411/154 3366/9409/154 3422/9410/154

vt 0.0616234 0.0151253
f 3423/9411/154 3364/9412/154 3366/9409/154

v 76.0884 5.35667 -152.131
vt 0.0471408 0.0739405
f 3424/9413/154 3364/9412/154 3423/9411/154

vt 0.0368896 0.0347657
f 3364/9412/154 3424/9413/154 3362/9414/154

v 76.6077 5.35667 -152.089
vt 0.0494908 0.103617
f 3425/9415/154 3362/9414/154 3424/9413/154

v 76.478 5.35667 -152.317
vt 0.0366968 0.0962076
f 3426/9416/154 3362/9414/154 3425/9415/154

f 3351/9272/154 3362/9414/154 3426/9416/154

f 3351/9272/154 3352/9273/154 3362/9414/154

v 76.2181 5.35667 -151.903
vt 0.0599348 0.0813497
f 3425/9415/154 3424/9413/154 3427/9417/154

vt 0.22778 0.167047
f 3384/9393/154 3376/9395/154 3382/9418/154

vt 0.229831 0.100104
f 3382/9418/154 3376/9395/154 3378/9419/154

vt 0.232771 0.133725
f 3382/9418/154 3378/9419/154 3380/9420/154

g Mesh31 Group41 Group38 Group1 Ombrellone_Lateral_New_Sobrano_quadrado_3_5x3_5_1 Model

v 79.6891 3.41025 -152.787
vt -0.0230797 0.111047
v 80.1414 3.41025 -152.097
vt -0.0369924 0.119447
v 80.3833 3.41025 -151.324
vt -0.0525931 0.12394
v 80.3983 3.41025 -150.52
vt -0.0688186 0.12422
v 80.1855 3.41025 -149.74
vt -0.0845631 0.120267
v 79.7593 3.41025 -149.037
vt -0.0987538 0.11235
v 79.1487 3.41025 -148.459
vt -0.110423 0.10101
v 78.3954 3.41025 -148.045
vt -0.118777 0.0870188
v 77.5508 3.41025 -147.823
vt -0.123245 0.0713301
v 76.6723 3.41025 -147.81
vt -0.123523 0.055013
v 75.8198 3.41025 -148.004
vt -0.119592 0.0391796
v 75.0515 3.41025 -148.394
vt -0.11172 0.0249088
v 74.4196 3.41025 -148.953
vt -0.100443 0.0131733
v 73.9674 3.41025 -149.643
vt -0.0865304 0.00477266
v 73.7254 3.41025 -150.416
vt -0.0709297 0.000279509
v 73.7104 3.41025 -151.22
vt -0.0547042 -1.35192e-34
v 73.9232 3.41025 -152
vt -0.0389597 0.00395319
v 74.3495 3.41025 -152.703
vt -0.024769 0.0118697
v 74.96 3.41025 -153.281
vt -0.0130993 0.0232099
v 75.7133 3.41025 -153.695
vt -0.00474588 0.0372012
v 76.558 3.41025 -153.916
vt -0.00027794 0.0528899
v 77.4365 3.41025 -153.93
vt 3.03136e-50 0.069207
v 78.2889 3.41025 -153.735
vt -0.003931 0.0850404
v 79.0572 3.41025 -153.345
vt -0.011803 0.0993112
f 3428/9421/129 3429/9422/129 3430/9423/129 3431/9424/129 3432/9425/129 3433/9426/129 3434/9427/129 3435/9428/129 3436/9429/129 3437/9430/129 3438/9431/129 3439/9432/129 3440/9433/129 3441/9434/129 3442/9435/129 3443/9436/129 3444/9437/129 3445/9438/129 3446/9439/129 3447/9440/129 3448/9441/129 3449/9442/129 3450/9443/129 3451/9444/129 

vt -0.0928564 0.000956278
vn 0.92925 -5.84463e-10 -0.369452
vt -0.0766285 0.000956278
vn 0.808654 -4.97146e-10 -0.588285
v 79.6891 3.7318 -152.787
vt -0.0766285 0.0122971
v 80.1414 3.7318 -152.097
vt -0.0928564 0.0122971
f 3429/9445/3307 3428/9446/3308 3452/9447/3308 3453/9448/3307 

vt -0.0954449 0.000956278
vt -0.0792171 0.000956278
vn 0.628993 -3.72948e-10 -0.777411
v 79.0572 3.7318 -153.345
vt -0.0792171 0.0122971
vt -0.0954449 0.0122971
f 3428/9449/3308 3451/9450/3309 3454/9451/3309 3452/9452/3308 

vt -0.092082 0.000956278
vt -0.0758541 0.000956278
vn 0.395668 -2.16149e-10 -0.918394
v 78.2889 3.7318 -153.735
vt -0.0758541 0.0122971
vt -0.092082 0.0122971
f 3451/9453/3309 3450/9454/3310 3455/9455/3310 3454/9456/3309 

vt -0.0829968 0.000956278
vt -0.0667689 0.000956278
vn 0.123892 -3.73924e-11 -0.992296
v 77.4365 3.7318 -153.93
vt -0.0667689 0.0122971
vt -0.0829968 0.0122971
f 3450/9457/3310 3449/9458/3311 3456/9459/3311 3455/9460/3310 

vt -0.0688085 0.000956278
vt -0.0525806 0.000956278
vn -0.160817 1.46316e-10 -0.986984
v 76.558 3.7318 -153.916
vt -0.0525806 0.0122971
vt -0.0688085 0.0122971
f 3449/9461/3311 3448/9462/3312 3457/9463/3312 3456/9464/3311 

vt -0.0504839 0.000956278
vt -0.034256 0.000956278
vn -0.428825 3.15869e-10 -0.903388
v 75.7133 3.7318 -153.695
vt -0.034256 0.0122971
vt -0.0504839 0.0122971
f 3448/9465/3312 3447/9466/3313 3458/9467/3313 3457/9468/3312 

vt -0.0292719 0.000956278
vt -0.013044 0.000956278
vn -0.655752 4.56097e-10 -0.754977
v 74.96 3.7318 -153.281
vt -0.013044 0.0122971
vt -0.0292719 0.0122971
f 3447/9469/3313 3446/9470/3314 3459/9471/3314 3458/9472/3313 

vt -0.00661797 0.000956278
vt 0.0096099 0.000956278
vn -0.827825 5.58927e-10 -0.560986
v 74.3495 3.7318 -152.703
vt 0.0096099 0.0122971
vt -0.00661797 0.0122971
f 3446/9473/3314 3445/9474/3315 3460/9475/3315 3459/9476/3314 

vt 0.015934 0.000956278
vt 0.0321619 0.000956278
vn -0.940634 6.22284e-10 -0.339423
v 73.9232 3.7318 -152
vt 0.0321619 0.0122971
vt 0.015934 0.0122971
f 3445/9477/3315 3444/9478/3316 3461/9479/3316 3460/9480/3315 

vt 0.0368471 0.000956278
vt 0.053075 0.000956278
vn -0.994577 6.47016e-10 -0.104007
v 73.7104 3.7318 -151.22
vt 0.053075 0.0122971
vt 0.0368471 0.0122971
f 3444/9481/3316 3443/9482/3317 3462/9483/3317 3461/9484/3316 

vt 0.0546962 0.000956278
vt 0.0709241 0.000956278
vn -0.990816 6.34305e-10 0.135218
v 73.7254 3.7318 -150.416
vt 0.0709241 0.0122971
vt 0.0546962 0.0122971
f 3443/9485/3317 3442/9486/3318 3463/9487/3318 3462/9488/3317 

vt 0.0682649 0.000956278
vt 0.0844928 0.000956278
vn -0.92925 5.84463e-10 0.369452
v 73.9674 3.7318 -149.643
vt 0.0844928 0.0122971
vt 0.0682649 0.0122971
f 3442/9489/3318 3441/9490/3319 3464/9491/3319 3463/9492/3318 

vt 0.0766285 0.000956278
vt 0.0928564 0.000956278
vn -0.808654 4.97146e-10 0.588285
v 74.4196 3.7318 -148.953
vt 0.0928564 0.0122971
vt 0.0766285 0.0122971
f 3441/9493/3319 3440/9494/3320 3465/9495/3320 3464/9496/3319 

vt 0.0792171 0.000956278
vt 0.0954449 0.000956278
vn -0.628993 3.72948e-10 0.777411
v 75.0515 3.7318 -148.394
vt 0.0954449 0.0122971
vt 0.0792171 0.0122971
f 3440/9497/3320 3439/9498/3321 3466/9499/3321 3465/9500/3320 

vt 0.0758541 0.000956278
vt 0.092082 0.000956278
vn -0.395668 2.16149e-10 0.918394
v 75.8198 3.7318 -148.004
vt 0.092082 0.0122971
vt 0.0758541 0.0122971
f 3439/9501/3321 3438/9502/3322 3467/9503/3322 3466/9504/3321 

vt 0.0667689 0.000956278
vt 0.0829968 0.000956278
vn -0.123892 3.73924e-11 0.992296
v 76.6723 3.7318 -147.81
vt 0.0829968 0.0122971
vt 0.0667689 0.0122971
f 3438/9505/3322 3437/9506/3323 3468/9507/3323 3467/9508/3322 

vt 0.0525806 0.000956278
vt 0.0688085 0.000956278
vn 0.160817 -1.46316e-10 0.986984
v 77.5508 3.7318 -147.823
vt 0.0688085 0.0122971
vt 0.0525806 0.0122971
f 3437/9509/3323 3436/9510/3324 3469/9511/3324 3468/9512/3323 

vt 0.034256 0.000956278
vt 0.0504839 0.000956278
vn 0.428825 -3.15869e-10 0.903388
v 78.3954 3.7318 -148.045
vt 0.0504839 0.0122971
vt 0.034256 0.0122971
f 3436/9513/3324 3435/9514/3325 3470/9515/3325 3469/9516/3324 

vt 0.013044 0.000956278
vt 0.0292719 0.000956278
vn 0.655752 -4.56097e-10 0.754977
v 79.1487 3.7318 -148.459
vt 0.0292719 0.0122971
vt 0.013044 0.0122971
f 3435/9517/3325 3434/9518/3326 3471/9519/3326 3470/9520/3325 

vt -0.0096099 0.000956278
vt 0.00661797 0.000956278
vn 0.827825 -5.58927e-10 0.560986
v 79.7593 3.7318 -149.037
vt 0.00661797 0.0122971
vt -0.0096099 0.0122971
f 3434/9521/3326 3433/9522/3327 3472/9523/3327 3471/9524/3326 

vt -0.0321619 0.000956278
vt -0.015934 0.000956278
vn 0.940634 -6.22284e-10 0.339423
v 80.1855 3.7318 -149.74
vt -0.015934 0.0122971
vt -0.0321619 0.0122971
f 3433/9525/3327 3432/9526/3328 3473/9527/3328 3472/9528/3327 

vt -0.053075 0.000956278
vt -0.0368471 0.000956278
vn 0.994577 -6.47016e-10 0.104007
v 80.3983 3.7318 -150.52
vt -0.0368471 0.0122971
vt -0.053075 0.0122971
f 3432/9529/3328 3431/9530/3329 3474/9531/3329 3473/9532/3328 

vt -0.0709241 0.000956278
vt -0.0546962 0.000956278
vn 0.990816 -6.34305e-10 -0.135218
v 80.3833 3.7318 -151.324
vt -0.0546962 0.0122971
vt -0.0709241 0.0122971
f 3431/9533/3329 3430/9534/3330 3475/9535/3330 3474/9536/3329 

vt -0.0844928 0.000956278
vt -0.0682649 0.000956278
vt -0.0682649 0.0122971
vt -0.0844928 0.0122971
f 3430/9537/3330 3429/9538/3307 3453/9539/3307 3475/9540/3330 

vt 0.0369924 0.119447
v 79.7364 3.7318 -151.621
vt 0.0466088 0.111927
vt 0.0525931 0.12394
f 3453/9541/154 3476/9542/154 3475/9543/154

v 79.4327 3.7318 -152.23
vt 0.034304 0.106285
f 3453/9541/154 3477/9544/154 3476/9542/154

v 78.9669 3.7318 -152.747
vt 0.0238703 0.0976335
f 3453/9541/154 3478/9545/154 3477/9544/154

vt 0.0230797 0.111047
f 3452/9546/154 3478/9545/154 3453/9541/154

v 78.3708 3.7318 -153.136
vt 0.0160189 0.0865607
f 3452/9546/154 3479/9547/154 3478/9545/154

vt 0.011803 0.0993112
f 3454/9548/154 3479/9547/154 3452/9546/154

v 77.6849 3.7318 -153.371
vt 0.0112847 0.0738217
f 3454/9548/154 3480/9549/154 3479/9547/154

v 76.9561 3.7318 -153.435
vt 0.00999047 0.0602846
f 3454/9548/154 3481/9550/154 3480/9549/154

vt 0.00474588 0.0372012
f 3454/9548/154 3458/9551/154 3481/9550/154

vt 0.003931 0.0850404
f 3455/9552/154 3458/9551/154 3454/9548/154

vt 0.00027794 0.0528899
f 3455/9552/154 3457/9553/154 3458/9551/154

vt -3.89812e-49 0.069207
f 3457/9553/154 3455/9552/154 3456/9554/154

vt 0.0130993 0.0232099
f 3459/9555/154 3481/9550/154 3458/9551/154

v 76.2339 3.7318 -153.324
vt 0.0122243 0.0468719
f 3481/9550/154 3459/9555/154 3482/9556/154

v 75.5677 3.7318 -153.047
vt 0.017834 0.0344976
f 3482/9556/154 3459/9555/154 3483/9557/154

vt 0.024769 0.0118697
f 3483/9557/154 3459/9555/154 3460/9558/154

v 75.0028 3.7318 -152.62
vt 0.0264373 0.0240051
f 3483/9557/154 3460/9558/154 3484/9559/154

vt 0.0389597 0.00395319
f 3484/9559/154 3460/9558/154 3461/9560/154

v 74.5777 3.7318 -152.075
vt 0.0374479 0.0161093
f 3484/9559/154 3461/9560/154 3485/9561/154

v 74.3214 3.7318 -151.447
vt 0.0501154 0.0113484
f 3485/9561/154 3461/9560/154 3486/9562/154

vt 0.0547042 -1.73847e-33
f 3486/9562/154 3461/9560/154 3462/9563/154

v 74.2513 3.7318 -150.78
vt 0.0635765 0.0100469
f 3486/9562/154 3462/9563/154 3487/9564/154

vt 0.0709297 0.000279509
f 3487/9564/154 3462/9563/154 3463/9565/154

v 74.3723 3.7318 -150.119
vt 0.076914 0.0122933
f 3487/9564/154 3463/9565/154 3488/9566/154

vt 0.0865304 0.00477266
f 3488/9566/154 3463/9565/154 3464/9567/154

v 74.676 3.7318 -149.509
vt 0.0892188 0.0179347
f 3488/9566/154 3464/9567/154 3489/9568/154

vt 0.100443 0.0131733
f 3489/9568/154 3464/9567/154 3465/9569/154

v 75.1418 3.7318 -148.992
vt 0.0996525 0.0265865
f 3489/9568/154 3465/9569/154 3490/9570/154

v 75.7379 3.7318 -148.603
vt 0.107504 0.0376593
f 3490/9570/154 3465/9569/154 3491/9571/154

vt 0.11172 0.0249088
f 3491/9571/154 3465/9569/154 3466/9572/154

v 76.4238 3.7318 -148.369
vt 0.112238 0.0503983
f 3491/9571/154 3466/9572/154 3492/9573/154

vt 0.119592 0.0391796
f 3492/9573/154 3466/9572/154 3467/9574/154

v 77.1526 3.7318 -148.305
vt 0.113532 0.0639354
f 3492/9573/154 3467/9574/154 3493/9575/154

vt 0.118777 0.0870188
f 3493/9575/154 3467/9574/154 3470/9576/154

vt 0.123245 0.0713301
f 3470/9576/154 3467/9574/154 3469/9577/154

vt 0.123523 0.055013
f 3469/9577/154 3467/9574/154 3468/9578/154

v 77.8748 3.7318 -148.415
vt 0.111298 0.0773481
f 3470/9576/154 3494/9579/154 3493/9575/154

vt 0.110423 0.10101
f 3471/9580/154 3494/9579/154 3470/9576/154

v 78.541 3.7318 -148.693
vt 0.105689 0.0897224
f 3471/9580/154 3495/9581/154 3494/9579/154

vt 0.0987538 0.11235
f 3472/9582/154 3495/9581/154 3471/9580/154

v 79.1059 3.7318 -149.12
vt 0.0970855 0.100215
f 3472/9582/154 3496/9583/154 3495/9581/154

v 79.531 3.7318 -149.665
vt 0.0860749 0.108111
f 3472/9582/154 3497/9584/154 3496/9583/154

vt 0.0845631 0.120267
f 3473/9585/154 3497/9584/154 3472/9582/154

v 79.7873 3.7318 -150.293
vt 0.0734074 0.112872
f 3473/9585/154 3498/9586/154 3497/9584/154

vt 0.0688186 0.12422
f 3474/9587/154 3498/9586/154 3473/9585/154

v 79.8574 3.7318 -150.96
vt 0.0599463 0.114173
f 3474/9587/154 3499/9588/154 3498/9586/154

f 3475/9543/154 3499/9588/154 3474/9587/154

f 3475/9543/154 3476/9542/154 3499/9588/154

vt -0.0778767 0.0122971
vn 0.999486 -6.44339e-10 -0.0320708
vt -0.0643534 0.0122971
vn 0.962979 -6.10546e-10 -0.269577
v 79.7364 4.36276 -151.621
vt -0.0643534 0.0345499
v 79.8574 4.36276 -150.96
vt -0.0778767 0.0345499
f 3499/9589/3331 3476/9590/3332 3500/9591/3332 3501/9592/3331 

vt -0.0885784 0.0122971
vt -0.0750552 0.0122971
vn 0.868011 -5.39437e-10 -0.496546
v 79.4327 4.36276 -152.23
vt -0.0750552 0.0345499
vt -0.0885784 0.0345499
f 3476/9593/3332 3477/9594/3333 3502/9595/3333 3500/9596/3332 

vt -0.0937045 0.0122971
vt -0.0801812 0.0122971
vn 0.713609 -4.30918e-10 -0.700545
v 78.9669 4.36276 -152.747
vt -0.0801812 0.0345499
vt -0.0937045 0.0345499
f 3477/9597/3333 3478/9598/3334 3503/9599/3334 3502/9600/3333 

vt -0.0929055 0.0122971
vt -0.0793823 0.0122971
vn 0.502228 -2.87299e-10 -0.864735
v 78.3708 4.36276 -153.136
vt -0.0793823 0.0345499
vt -0.0929055 0.0345499
f 3478/9601/3334 3479/9602/3335 3504/9603/3335 3503/9604/3334 

vt -0.086236 0.0122971
vt -0.0727128 0.0122971
vn 0.244454 -1.16254e-10 -0.969661
v 77.6849 4.36276 -153.371
vt -0.0727128 0.0345499
vt -0.086236 0.0345499
f 3479/9605/3335 3480/9606/3336 3505/9607/3336 3504/9608/3335 

vt -0.0741505 0.0122971
vt -0.0606272 0.0122971
vn -0.0382821 6.768e-11 -0.999267
v 76.9561 4.36276 -153.435
vt -0.0606272 0.0345499
vt -0.0741505 0.0345499
f 3480/9609/3336 3481/9610/3337 3506/9611/3337 3505/9612/3336 

vt -0.0574725 0.0122971
vt -0.0439492 0.0122971
vn -0.316994 2.45557e-10 -0.948428
v 76.2339 4.36276 -153.324
vt -0.0439492 0.0345499
vt -0.0574725 0.0345499
f 3481/9613/3337 3482/9614/3338 3507/9615/3338 3506/9616/3337 

vt -0.0373386 0.0122971
vt -0.0238154 0.0122971
vn -0.563998 3.99862e-10 -0.825776
v 75.5677 4.36276 -153.047
vt -0.0238154 0.0345499
vt -0.0373386 0.0345499
f 3482/9617/3338 3483/9618/3339 3508/9619/3339 3507/9620/3338 

vt -0.015121 0.0122971
vt -0.00159774 0.0122971
vn -0.760742 5.19373e-10 -0.649054
v 75.0028 4.36276 -152.62
vt -0.00159774 0.0345499
vt -0.015121 0.0345499
f 3483/9621/3339 3484/9622/3340 3509/9623/3340 3508/9624/3339 

vt 0.00766634 0.0122971
vt 0.0211896 0.0122971
vn -0.899248 5.9976e-10 -0.437438
v 74.5777 4.36276 -152.075
vt 0.0211896 0.0345499
vt 0.00766634 0.0345499
f 3484/9625/3340 3485/9626/3341 3510/9627/3341 3509/9628/3340 

vt 0.0294704 0.0122971
vt 0.0429936 0.0122971
vn -0.978426 6.40991e-10 -0.206597
v 74.3214 4.36276 -151.447
vt 0.0429936 0.0345499
vt 0.0294704 0.0345499
f 3485/9629/3341 3486/9630/3342 3511/9631/3342 3510/9632/3341 

vt 0.0488053 0.0122971
vt 0.0623285 0.0122971
vn -0.999486 6.44339e-10 0.0320708
v 74.2513 4.36276 -150.78
vt 0.0623285 0.0345499
vt 0.0488053 0.0345499
f 3486/9633/3342 3487/9634/3343 3512/9635/3343 3511/9636/3342 

vt 0.0643534 0.0122971
vt 0.0778767 0.0122971
vn -0.962979 6.10546e-10 0.269577
v 74.3723 4.36276 -150.119
vt 0.0778767 0.0345499
vt 0.0643534 0.0345499
f 3487/9637/3343 3488/9638/3344 3513/9639/3344 3512/9640/3343 

vt 0.0750552 0.0122971
vt 0.0885784 0.0122971
vn -0.868011 5.39437e-10 0.496546
v 74.676 4.36276 -149.509
vt 0.0885784 0.0345499
vt 0.0750552 0.0345499
f 3488/9641/3344 3489/9642/3345 3514/9643/3345 3513/9644/3344 

vt 0.0801812 0.0122971
vt 0.0937045 0.0122971
vn -0.713609 4.30918e-10 0.700545
v 75.1418 4.36276 -148.992
vt 0.0937045 0.0345499
vt 0.0801812 0.0345499
f 3489/9645/3345 3490/9646/3346 3515/9647/3346 3514/9648/3345 

vt 0.0793823 0.0122971
vt 0.0929055 0.0122971
vn -0.502228 2.87299e-10 0.864735
v 75.7379 4.36276 -148.603
vt 0.0929055 0.0345499
vt 0.0793823 0.0345499
f 3490/9649/3346 3491/9650/3347 3516/9651/3347 3515/9652/3346 

vt 0.0727128 0.0122971
vt 0.086236 0.0122971
vn -0.244454 1.16254e-10 0.969661
v 76.4238 4.36276 -148.369
vt 0.086236 0.0345499
vt 0.0727128 0.0345499
f 3491/9653/3347 3492/9654/3348 3517/9655/3348 3516/9656/3347 

vt 0.0606272 0.0122971
vt 0.0741505 0.0122971
vn 0.0382821 -6.768e-11 0.999267
v 77.1526 4.36276 -148.305
vt 0.0741505 0.0345499
vt 0.0606272 0.0345499
f 3492/9657/3348 3493/9658/3349 3518/9659/3349 3517/9660/3348 

vt 0.0439492 0.0122971
vt 0.0574725 0.0122971
vn 0.316994 -2.45557e-10 0.948428
v 77.8748 4.36276 -148.415
vt 0.0574725 0.0345499
vt 0.0439492 0.0345499
f 3493/9661/3349 3494/9662/3350 3519/9663/3350 3518/9664/3349 

vt 0.0238154 0.0122971
vt 0.0373386 0.0122971
vn 0.563998 -3.99862e-10 0.825776
v 78.541 4.36276 -148.693
vt 0.0373386 0.0345499
vt 0.0238154 0.0345499
f 3494/9665/3350 3495/9666/3351 3520/9667/3351 3519/9668/3350 

vt 0.00159774 0.0122971
vt 0.015121 0.0122971
vn 0.760742 -5.19373e-10 0.649054
v 79.1059 4.36276 -149.12
vt 0.015121 0.0345499
vt 0.00159774 0.0345499
f 3495/9669/3351 3496/9670/3352 3521/9671/3352 3520/9672/3351 

vt -0.0211896 0.0122971
vt -0.00766634 0.0122971
vn 0.899248 -5.9976e-10 0.437438
v 79.531 4.36276 -149.665
vt -0.00766634 0.0345499
vt -0.0211896 0.0345499
f 3496/9673/3352 3497/9674/3353 3522/9675/3353 3521/9676/3352 

vt -0.0429936 0.0122971
vt -0.0294704 0.0122971
vn 0.978426 -6.40991e-10 0.206597
v 79.7873 4.36276 -150.293
vt -0.0294704 0.0345499
vt -0.0429936 0.0345499
f 3497/9677/3353 3498/9678/3354 3523/9679/3354 3522/9680/3353 

vt -0.0623285 0.0122971
vt -0.0488053 0.0122971
vt -0.0488053 0.0345499
vt -0.0623285 0.0345499
f 3498/9681/3354 3499/9682/3331 3501/9683/3331 3523/9684/3354 

v 79.2629 4.36276 -150.431
vt 0.0706145 0.103131
f 3501/9588/154 3524/9685/154 3523/9586/154

v 79.32 4.36276 -150.97
vt 0.0597501 0.104192
f 3501/9588/154 3525/9686/154 3524/9685/154

v 79.223 4.36276 -151.503
vt 0.0489827 0.10239
f 3501/9588/154 3526/9687/154 3525/9686/154

f 3500/9542/154 3526/9687/154 3501/9588/154

v 78.9784 4.36276 -151.995
vt 0.0390459 0.0978468
f 3500/9542/154 3527/9688/154 3526/9687/154

f 3502/9544/154 3527/9688/154 3500/9542/154

v 78.6029 4.36276 -152.413
vt 0.0306171 0.090872
f 3502/9544/154 3528/9689/154 3527/9688/154

v 78.122 4.36276 -152.728
vt 0.0242705 0.0819409
f 3502/9544/154 3529/9690/154 3528/9689/154

f 3503/9545/154 3529/9690/154 3502/9544/154

v 77.5686 4.36276 -152.917
vt 0.0204387 0.0716623
f 3503/9545/154 3530/9691/154 3529/9690/154

f 3504/9547/154 3530/9691/154 3503/9545/154

v 76.9804 4.36276 -152.97
vt 0.0193829 0.0607366
f 3504/9547/154 3531/9692/154 3530/9691/154

f 3504/9547/154 3508/9557/154 3531/9692/154

f 3504/9547/154 3507/9556/154 3508/9557/154

f 3505/9549/154 3507/9556/154 3504/9547/154

f 3507/9556/154 3505/9549/154 3506/9550/154

v 76.3974 4.36276 -152.881
vt 0.021175 0.0499084
f 3508/9557/154 3532/9693/154 3531/9692/154

f 3532/9693/154 3508/9557/154 3509/9559/154

v 75.8594 4.36276 -152.657
vt 0.0256928 0.0399155
f 3532/9693/154 3509/9559/154 3533/9694/154

v 75.4031 4.36276 -152.313
vt 0.0326285 0.0314391
f 3533/9694/154 3509/9559/154 3534/9695/154

f 3534/9695/154 3509/9559/154 3510/9561/154

v 75.0594 4.36276 -151.873
vt 0.0415094 0.0250567
f 3534/9695/154 3510/9561/154 3535/9696/154

f 3535/9696/154 3510/9561/154 3511/9562/154

v 74.852 4.36276 -151.367
vt 0.0517304 0.0212033
f 3535/9696/154 3511/9562/154 3536/9697/154

f 3536/9697/154 3511/9562/154 3512/9564/154

v 74.7948 4.36276 -150.829
vt 0.0625948 0.0201415
f 3536/9697/154 3512/9564/154 3537/9698/154

v 74.8918 4.36276 -150.295
vt 0.0733622 0.0219437
f 3537/9698/154 3512/9564/154 3538/9699/154

f 3538/9699/154 3512/9564/154 3513/9566/154

v 75.1364 4.36276 -149.803
vt 0.083299 0.0264871
f 3538/9699/154 3513/9566/154 3539/9700/154

f 3539/9700/154 3513/9566/154 3514/9568/154

v 75.512 4.36276 -149.385
vt 0.0917278 0.0334619
f 3539/9700/154 3514/9568/154 3540/9701/154

f 3540/9701/154 3514/9568/154 3515/9570/154

v 75.9928 4.36276 -149.071
vt 0.0980744 0.042393
f 3540/9701/154 3515/9570/154 3541/9702/154

v 76.5462 4.36276 -148.881
vt 0.101906 0.0526716
f 3541/9702/154 3515/9570/154 3542/9703/154

f 3542/9703/154 3515/9570/154 3516/9571/154

v 77.1344 4.36276 -148.828
vt 0.102962 0.0635973
f 3542/9703/154 3516/9571/154 3543/9704/154

f 3543/9704/154 3516/9571/154 3520/9581/154

f 3520/9581/154 3516/9571/154 3519/9579/154

f 3519/9579/154 3516/9571/154 3517/9573/154

f 3519/9579/154 3517/9573/154 3518/9575/154

v 77.7174 4.36276 -148.917
vt 0.10117 0.0744255
f 3520/9581/154 3544/9705/154 3543/9704/154

f 3521/9583/154 3544/9705/154 3520/9581/154

v 78.2554 4.36276 -149.141
vt 0.0966521 0.0844184
f 3521/9583/154 3545/9706/154 3544/9705/154

v 78.7118 4.36276 -149.485
vt 0.0897164 0.0928948
f 3521/9583/154 3546/9707/154 3545/9706/154

f 3522/9584/154 3546/9707/154 3521/9583/154

v 79.0554 4.36276 -149.925
vt 0.0808354 0.0992772
f 3522/9584/154 3547/9708/154 3546/9707/154

f 3523/9586/154 3547/9708/154 3522/9584/154

f 3523/9586/154 3524/9685/154 3547/9708/154

vt -0.041037 0.0345499
vn 0.898823 -5.99522e-10 0.438313
vt -0.0301214 0.0345499
vn 0.97823 -6.40905e-10 0.207522
v 79.2629 4.72418 -150.431
vt -0.0301214 0.0472967
v 79.0554 4.72418 -149.925
vt -0.041037 0.0472967
f 3547/9709/3355 3524/9710/3356 3548/9711/3356 3549/9712/3355 

vt -0.060364 0.0345499
vt -0.0494484 0.0345499
vn 0.999515 -6.44398e-10 -0.0311336
v 79.32 4.72418 -150.97
vt -0.0494484 0.0472967
vt -0.060364 0.0472967
f 3524/9713/3356 3525/9714/3357 3550/9715/3357 3548/9716/3356 

vt -0.0759492 0.0345499
vt -0.0650336 0.0345499
vn 0.963235 -6.10751e-10 -0.268661
v 79.223 4.72418 -151.503
vt -0.0650336 0.0472967
vt -0.0759492 0.0472967
f 3525/9717/3357 3526/9718/3358 3551/9719/3358 3550/9720/3357 

vt -0.0867305 0.0345499
vt -0.0758149 0.0345499
vn 0.868498 -5.39788e-10 -0.495693
v 78.9784 4.72418 -151.995
vt -0.0758149 0.0472967
vt -0.0867305 0.0472967
f 3526/9721/3358 3527/9722/3359 3552/9723/3359 3551/9724/3358 

vt -0.0919732 0.0345499
vt -0.0810577 0.0345499
vn 0.714328 -4.31414e-10 -0.699811
v 78.6029 4.72418 -152.413
vt -0.0810577 0.0472967
vt -0.0919732 0.0472967
f 3527/9725/3359 3528/9726/3360 3553/9727/3360 3552/9728/3359 

vt -0.0913201 0.0345499
vt -0.0804045 0.0345499
vn 0.503156 -2.87921e-10 -0.864195
v 78.122 4.72418 -152.728
vt -0.0804045 0.0472967
vt -0.0913201 0.0472967
f 3528/9729/3360 3529/9730/3361 3554/9731/3361 3553/9732/3360 

vt -0.0848155 0.0345499
vt -0.0739 0.0345499
vn 0.245529 -1.1696e-10 -0.969389
v 77.5686 4.72418 -152.917
vt -0.0739 0.0472967
vt -0.0848155 0.0472967
f 3529/9733/3361 3530/9734/3362 3555/9735/3362 3554/9736/3361 

vt -0.0729029 0.0345499
vt -0.0619873 0.0345499
vn -0.0371638 6.69594e-11 -0.999309
v 76.9804 4.72418 -152.97
vt -0.0619873 0.0472967
vt -0.0729029 0.0472967
f 3530/9737/3362 3531/9738/3363 3556/9739/3363 3555/9740/3362 

vt -0.056394 0.0345499
vt -0.0454784 0.0345499
vn -0.315949 2.44897e-10 -0.948776
v 76.3974 4.72418 -152.881
vt -0.0454784 0.0472967
vt -0.056394 0.0472967
f 3531/9741/3363 3532/9742/3364 3557/9743/3364 3556/9744/3363 

vt -0.0364139 0.0345499
vt -0.0254983 0.0345499
vn -0.563121 3.99321e-10 -0.826375
v 75.8594 4.72418 -152.657
vt -0.0254983 0.0472967
vt -0.0364139 0.0472967
f 3532/9745/3364 3533/9746/3365 3558/9747/3365 3557/9748/3364 

vt -0.0143242 0.0345499
vt -0.00340858 0.0345499
vn -0.760083 5.18981e-10 -0.649825
v 75.4031 4.72418 -152.313
vt -0.00340858 0.0472967
vt -0.0143242 0.0472967
f 3533/9749/3365 3534/9750/3366 3559/9751/3366 3558/9752/3365 

vt 0.00836981 0.0345499
vt 0.0192854 0.0345499
vn -0.898823 5.99522e-10 -0.438313
v 75.0594 4.72418 -151.873
vt 0.0192854 0.0472967
vt 0.00836981 0.0472967
f 3534/9753/3366 3535/9754/3367 3560/9755/3367 3559/9756/3366 

vt 0.0301214 0.0345499
vt 0.041037 0.0345499
vn -0.97823 6.40905e-10 -0.207522
v 74.852 4.72418 -151.367
vt 0.041037 0.0472967
vt 0.0301214 0.0472967
f 3535/9757/3367 3536/9758/3368 3561/9759/3368 3560/9760/3367 

vt 0.0494484 0.0345499
vt 0.060364 0.0345499
vn -0.999515 6.44398e-10 0.0311336
v 74.7948 4.72418 -150.829
vt 0.060364 0.0472967
vt 0.0494484 0.0472967
f 3536/9761/3368 3537/9762/3369 3562/9763/3369 3561/9764/3368 

vt 0.0650336 0.0345499
vt 0.0759492 0.0345499
vn -0.963235 6.10751e-10 0.268661
v 74.8918 4.72418 -150.295
vt 0.0759492 0.0472967
vt 0.0650336 0.0472967
f 3537/9765/3369 3538/9766/3370 3563/9767/3370 3562/9768/3369 

vt 0.0758149 0.0345499
vt 0.0867305 0.0345499
vn -0.868498 5.39788e-10 0.495693
v 75.1364 4.72418 -149.803
vt 0.0867305 0.0472967
vt 0.0758149 0.0472967
f 3538/9769/3370 3539/9770/3371 3564/9771/3371 3563/9772/3370 

vt 0.0810577 0.0345499
vt 0.0919732 0.0345499
vn -0.714328 4.31414e-10 0.699811
v 75.512 4.72418 -149.385
vt 0.0919732 0.0472967
vt 0.0810577 0.0472967
f 3539/9773/3371 3540/9774/3372 3565/9775/3372 3564/9776/3371 

vt 0.0804045 0.0345499
vt 0.0913201 0.0345499
vn -0.503156 2.87921e-10 0.864195
v 75.9928 4.72418 -149.071
vt 0.0913201 0.0472967
vt 0.0804045 0.0472967
f 3540/9777/3372 3541/9778/3373 3566/9779/3373 3565/9780/3372 

vt 0.0739 0.0345499
vt 0.0848155 0.0345499
vn -0.245529 1.1696e-10 0.969389
v 76.5462 4.72418 -148.881
vt 0.0848155 0.0472967
vt 0.0739 0.0472967
f 3541/9781/3373 3542/9782/3374 3567/9783/3374 3566/9784/3373 

vt 0.0619873 0.0345499
vt 0.0729029 0.0345499
vn 0.0371638 -6.69594e-11 0.999309
v 77.1344 4.72418 -148.828
vt 0.0729029 0.0472967
vt 0.0619873 0.0472967
f 3542/9785/3374 3543/9786/3375 3568/9787/3375 3567/9788/3374 

vt 0.0454784 0.0345499
vt 0.056394 0.0345499
vn 0.315949 -2.44897e-10 0.948776
v 77.7174 4.72418 -148.917
vt 0.056394 0.0472967
vt 0.0454784 0.0472967
f 3543/9789/3375 3544/9790/3376 3569/9791/3376 3568/9792/3375 

vt 0.0254983 0.0345499
vt 0.0364139 0.0345499
vn 0.563121 -3.99321e-10 0.826375
v 78.2554 4.72418 -149.141
vt 0.0364139 0.0472967
vt 0.0254983 0.0472967
f 3544/9793/3376 3545/9794/3377 3570/9795/3377 3569/9796/3376 

vt 0.00340858 0.0345499
vt 0.0143242 0.0345499
vn 0.760083 -5.18981e-10 0.649825
v 78.7118 4.72418 -149.485
vt 0.0143242 0.0472967
vt 0.00340858 0.0472967
f 3545/9797/3377 3546/9798/3378 3571/9799/3378 3570/9800/3377 

vt -0.0192854 0.0345499
vt -0.00836981 0.0345499
vt -0.00836981 0.0472967
vt -0.0192854 0.0472967
f 3546/9801/3378 3547/9802/3355 3549/9803/3355 3571/9804/3378 

v 78.344 4.72418 -149.88
vt 0.0817289 0.0860639
f 3549/9708/154 3572/9805/154 3571/9707/154

v 78.5799 4.72418 -150.22
vt 0.0748836 0.0904448
f 3549/9708/154 3573/9806/154 3572/9805/154

f 3548/9685/154 3573/9806/154 3549/9708/154

v 78.7118 4.72418 -150.603
vt 0.067144 0.0928948
f 3548/9685/154 3574/9807/154 3573/9806/154

f 3550/9686/154 3574/9807/154 3548/9685/154

v 78.7307 4.72418 -151.005
vt 0.0590377 0.0932468
f 3550/9686/154 3575/9808/154 3574/9807/154

v 78.6354 4.72418 -151.397
vt 0.0511169 0.0914769
f 3550/9686/154 3576/9809/154 3575/9808/154

f 3576/9809/154 3550/9686/154 3551/9687/154

v 78.1837 4.72418 -151.635
vt 0.0463157 0.083086
f 3551/9687/154 3577/9810/154 3576/9809/154

v 78.4324 4.72418 -151.754
vt 0.0439215 0.0877057
f 3551/9687/154 3578/9811/154 3577/9810/154

f 3552/9688/154 3578/9811/154 3551/9687/154

v 78.1355 4.72418 -152.05
vt 0.0379419 0.0821902
f 3552/9688/154 3579/9812/154 3578/9811/154

v 77.7648 4.72418 -152.266
vt 0.0335856 0.0753063
f 3552/9688/154 3580/9813/154 3579/9812/154

v 77.3458 4.72418 -152.387
vt 0.0311494 0.067523
f 3552/9688/154 3581/9814/154 3580/9813/154

f 3553/9689/154 3581/9814/154 3552/9688/154

v 76.9069 4.72418 -152.404
vt 0.0307993 0.0593709
f 3581/9814/154 3553/9689/154 3582/9815/154

f 3553/9689/154 3558/9694/154 3582/9815/154

f 3554/9690/154 3558/9694/154 3553/9689/154

f 3554/9690/154 3557/9693/154 3558/9694/154

f 3555/9691/154 3557/9693/154 3554/9690/154

f 3557/9693/154 3555/9691/154 3556/9692/154

f 3582/9815/154 3558/9694/154 3559/9695/154

v 76.478 4.72418 -152.317
vt 0.0325593 0.0514054
f 3582/9815/154 3559/9695/154 3583/9816/154

v 76.6077 4.72418 -152.089
vt 0.0371531 0.0538131
f 3583/9816/154 3559/9695/154 3584/9817/154

v 76.0884 4.72418 -152.131
vt 0.0363093 0.0441694
f 3584/9817/154 3559/9695/154 3585/9818/154

f 3560/9696/154 3585/9818/154 3559/9695/154

v 75.7647 4.72418 -151.859
vt 0.0417939 0.0381561
f 3585/9818/154 3560/9696/154 3586/9819/154

f 3586/9819/154 3560/9696/154 3561/9697/154

v 75.5288 4.72418 -151.52
vt 0.0486392 0.0337752
f 3586/9819/154 3561/9697/154 3587/9820/154

v 75.3969 4.72418 -151.137
vt 0.0563788 0.0313252
f 3587/9820/154 3561/9697/154 3588/9821/154

f 3588/9821/154 3561/9697/154 3562/9698/154

v 75.378 4.72418 -150.735
vt 0.0644851 0.0309732
f 3588/9821/154 3562/9698/154 3589/9822/154

f 3589/9822/154 3562/9698/154 3563/9699/154

v 75.4733 4.72418 -150.342
vt 0.0724059 0.0327431
f 3589/9822/154 3563/9699/154 3590/9823/154

v 75.925 4.72418 -150.105
vt 0.0772071 0.041134
f 3591/9824/154 3590/9823/154 3563/9699/154

v 75.722 4.72418 -150.461
vt 0.0700117 0.0373628
f 3590/9823/154 3591/9824/154 3592/9825/154

vt -0.0873708 0.0472967
vn 0.902587 -5.64615e-10 -0.430508
v 75.925 3.97398 -150.105
vt -0.0873708 0.0208381
v 75.722 3.97398 -150.461
vt -0.0792568 0.0208381
vt -0.0792568 0.0472967
f 3591/9826/3379 3593/9827/3379 3594/9828/3379 3592/9829/3379 

v 75.6763 4.11926 -149.986
vt -0.00459076 0.0259619
vn 0.494858 -3.57052e-10 0.868974
v 75.6763 3.97398 -149.986
vt -0.00459076 0.0208381
vt 0.000589517 0.0208381
vt 0.000589517 0.0472967
v 75.6763 4.72418 -149.986
vt -0.00459076 0.0472967
v 75.6763 4.5033 -149.986
vt -0.00459076 0.0395067
v 75.6763 4.35559 -149.986
vt -0.00459076 0.0342972
f 3595/9830/3380 3596/9831/3380 3593/9832/3380 3591/9833/3380 3597/9834/3380 3598/9835/3380 3599/9836/3380 

vt 0.0873708 0.0208381
vn -0.902587 5.64613e-10 0.430508
vt 0.0873708 0.0259619
v 75.4733 4.11926 -150.342
vt 0.0792568 0.0259619
v 75.4733 3.97398 -150.342
vt 0.0792568 0.0208381
f 3596/9837/3381 3595/9838/3381 3600/9839/3381 3601/9840/3381 

v 75.438 4.11926 -150.155
vt -0.0761828 0.0320886
vt -0.0724059 0.0327431
vt -0.0796013 0.0365143
f 3602/9841/129 3600/9842/129 3595/9843/129

v 75.291 4.11926 -150.562
vt -0.0679649 0.029358
f 3603/9844/129 3600/9842/129 3602/9841/129

v 75.378 4.11926 -150.735
vt -0.0644851 0.0309732
f 3603/9844/129 3604/9845/129 3600/9842/129

v 75.2642 4.11926 -150.991
vt -0.0593242 0.0288593
f 3605/9846/129 3604/9845/129 3603/9844/129

v 75.3969 4.11926 -151.137
vt -0.0563788 0.0313252
f 3605/9846/129 3606/9847/129 3604/9845/129

v 75.3593 4.11926 -151.411
vt -0.0508497 0.0306267
f 3607/9848/129 3606/9847/129 3605/9846/129

v 75.5288 4.11926 -151.52
vt -0.0486392 0.0337752
f 3607/9848/129 3608/9849/129 3606/9847/129

v 75.57 4.11926 -151.794
vt -0.0431187 0.0345395
f 3609/9850/129 3608/9849/129 3607/9848/129

v 75.7647 4.11926 -151.859
vt -0.0417939 0.0381561
f 3609/9850/129 3610/9851/129 3608/9849/129

v 75.8818 4.11926 -152.114
vt -0.0366582 0.0403313
f 3611/9852/129 3610/9851/129 3609/9850/129

v 76.0884 4.11926 -152.131
vt -0.0363093 0.0441694
f 3611/9852/129 3612/9853/129 3610/9851/129

v 76.478 4.11926 -152.317
vt -0.0325593 0.0514054
f 3611/9852/129 3613/9854/129 3612/9853/129

v 76.2735 4.11926 -152.349
vt -0.0319085 0.0476072
f 3614/9855/129 3613/9854/129 3611/9852/129

v 76.9069 4.11926 -152.404
vt -0.0307993 0.0593709
f 3614/9855/129 3615/9856/129 3613/9854/129

v 76.7185 4.11926 -152.484
vt -0.0291932 0.0558715
f 3616/9857/129 3615/9856/129 3614/9855/129

v 77.6452 4.11926 -152.421
vt -0.0304548 0.0730833
f 3616/9857/129 3617/9858/129 3615/9856/129

v 77.1863 4.11926 -152.508
vt -0.0286973 0.0645609
f 3617/9858/129 3616/9857/129 3618/9859/129

vt -0.0624491 0.0259619
vn 0.080282 -9.02552e-12 -0.996772
vt -0.0537942 0.0259619
vn -0.203762 1.73718e-10 -0.97902
v 76.7185 4.35559 -152.484
vt -0.0537942 0.0342972
v 77.1863 4.35559 -152.508
vt -0.0624491 0.0342972
f 3618/9860/3382 3616/9861/3383 3619/9862/3383 3620/9863/3382 

vt -0.043594 0.0259619
vt -0.0349392 0.0259619
vn -0.466808 3.39591e-10 -0.884358
v 76.2735 4.35559 -152.349
vt -0.0349392 0.0342972
vt -0.043594 0.0342972
f 3616/9864/3383 3614/9865/3384 3621/9866/3384 3619/9867/3383 

vt -0.0220631 0.0259619
vt -0.0134082 0.0259619
vn -0.685932 4.74421e-10 -0.727665
v 75.8818 4.35559 -152.114
vt -0.0134082 0.0342972
vt -0.0220631 0.0342972
f 3614/9868/3384 3611/9869/3385 3622/9870/3385 3621/9871/3384 

vt 0.000676531 0.0259619
vt 0.0093314 0.0259619
vn -0.849017 5.71216e-10 -0.528366
v 75.57 4.35559 -151.794
vt 0.0093314 0.0342972
vt 0.000676531 0.0342972
f 3611/9872/3385 3609/9873/3386 3623/9874/3386 3622/9875/3385 

vt 0.0230751 0.0259619
vt 0.03173 0.0259619
vn -0.952705 6.28556e-10 -0.303897
v 75.3593 4.35559 -151.411
vt 0.03173 0.0342972
vt 0.0230751 0.0342972
f 3609/9876/3386 3607/9877/3387 3624/9878/3387 3623/9879/3386 

vt 0.0436063 0.0259619
vt 0.0522612 0.0259619
vn -0.997732 6.47477e-10 -0.0673063
v 75.2642 4.35559 -150.991
vt 0.0522612 0.0342972
vt 0.0436063 0.0342972
f 3607/9880/3387 3605/9881/3388 3625/9882/3388 3624/9883/3387 

vt 0.0608709 0.0259619
vt 0.0695257 0.0259619
vn -0.985144 6.29071e-10 0.171731
v 75.291 4.35559 -150.562
vt 0.0695257 0.0342972
vt 0.0608709 0.0342972
f 3605/9884/3388 3603/9885/3389 3626/9886/3389 3625/9887/3388 

vt 0.0736923 0.0259619
vt 0.0823471 0.0259619
vn -0.914603 5.735e-10 0.404354
v 75.438 4.35559 -150.155
vt 0.0823471 0.0342972
vt 0.0736923 0.0342972
f 3603/9888/3389 3602/9889/3390 3627/9890/3390 3626/9891/3389 

vt 0.0811968 0.0259619
v 75.6952 4.11926 -149.797
vt 0.0898516 0.0259619
vn -0.784861 4.80426e-10 0.619672
v 75.6952 4.35559 -149.797
vt 0.0898516 0.0342972
vt 0.0811968 0.0342972
f 3602/9892/3390 3628/9893/3391 3629/9894/3391 3627/9895/3390 

vt -0.0834179 0.0368651
f 3602/9841/129 3595/9843/129 3628/9896/129

v 75.9732 4.11926 -149.69
vt -0.0855809 0.0420298
f 3628/9896/129 3595/9843/129 3630/9897/129

vt 0.0832055 0.0342972
vn -0.765924 4.67192e-10 0.642931
vt 0.0832055 0.0259619
vt 0.0913195 0.0259619
vn -0.675446 4.04679e-10 0.737409
v 75.9732 4.35559 -149.69
vt 0.0913195 0.0342972
f 3599/9898/3392 3595/9899/3392 3630/9900/3393 3631/9901/3393 

v 75.4733 4.35559 -150.342
vt 0.0792568 0.0342972
vt 0.0873708 0.0342972
f 3632/9902/3381 3600/9839/3381 3595/9838/3381 3599/9903/3381 

v 75.378 4.35559 -150.735
vt 0.0696305 0.0342972
vn -0.979944 6.24528e-10 0.199272
vt 0.0696305 0.0259619
vt 0.0777444 0.0259619
vt 0.0777444 0.0342972
f 3633/9904/3394 3604/9905/3394 3600/9906/3394 3632/9907/3394 

v 75.3969 4.35559 -151.137
vt 0.0549824 0.0342972
vn -0.987298 6.44672e-10 -0.158877
vt 0.0549824 0.0259619
vt 0.0630964 0.0259619
vn -0.99922 6.47243e-10 -0.0394889
vt 0.0630964 0.0342972
f 3634/9908/3395 3606/9909/3395 3604/9910/3396 3633/9911/3396 

v 75.5288 4.35559 -151.52
vt 0.0363109 0.0342972
vn -0.919924 6.11169e-10 -0.392096
vt 0.0363109 0.0259619
vt 0.0444249 0.0259619
vt 0.0444249 0.0342972
f 3635/9912/3397 3608/9913/3397 3606/9914/3395 3634/9915/3395 

v 75.7647 4.35559 -151.859
vt 0.0148884 0.0342972
vn -0.675446 4.04678e-10 0.737409
vt 0.0148884 0.0259619
vt 0.0230024 0.0259619
vt 0.0230024 0.0342972
f 3636/9916/3398 3610/9917/3398 3608/9918/3397 3635/9919/3397 

vt 0.00782515 0.0259619
vn 0.707888 -4.87688e-10 0.706325
v 76.0884 4.35559 -152.131
vt 0.00782515 0.0342972
vt -0.000288787 0.0342972
vt -0.000288787 0.0259619
f 3612/9920/3399 3637/9921/3399 3636/9922/3398 3610/9923/3398 

v 76.478 4.35559 -152.317
vt -0.0302819 0.0342972
vn -0.494858 3.57051e-10 -0.868974
vt -0.0302819 0.0259619
vt -0.022168 0.0259619
vt -0.022168 0.0342972
f 3638/9924/3400 3613/9925/3400 3612/9926/3400 3637/9927/3400 

v 76.9069 4.35559 -152.404
vt -0.0509516 0.0342972
vn -0.0956817 1.04597e-10 -0.995412
vt -0.0509516 0.0259619
vt -0.0428376 0.0259619
vn -0.235934 1.94191e-10 -0.971769
vt -0.0428376 0.0342972
f 3639/9928/3401 3615/9929/3401 3613/9930/3402 3638/9931/3402 

v 77.3458 4.35559 -152.387
vt -0.0684254 0.0342972
vn 0.188679 -7.96883e-11 -0.982039
v 77.3458 4.11926 -152.387
vt -0.0684254 0.0259619
vt -0.0603114 0.0259619
vt -0.0603114 0.0342972
f 3640/9932/3403 3641/9933/3403 3615/9934/3401 3639/9935/3401 

v 77.7648 4.35559 -152.266
vt -0.0815126 0.0342972
vn 0.453538 -2.54703e-10 -0.891237
v 77.7648 4.11926 -152.266
vt -0.0815126 0.0259619
vt -0.0733986 0.0259619
vt -0.0733986 0.0342972
f 3642/9936/3404 3643/9937/3404 3641/9938/3403 3640/9939/3403 

v 78.1355 4.35559 -152.05
vt -0.0893213 0.0342972
vn 0.675446 -4.04679e-10 -0.737409
v 78.1355 4.11926 -152.05
vt -0.0893213 0.0259619
vt -0.0812074 0.0259619
vt -0.0812074 0.0342972
f 3644/9940/3405 3645/9941/3405 3643/9942/3404 3642/9943/3404 

v 78.4324 4.35559 -151.754
vt -0.0913195 0.0342972
vn 0.765924 -4.67192e-10 -0.642931
v 78.4324 4.11926 -151.754
vt -0.0913195 0.0259619
vt -0.0832055 0.0259619
vt -0.0832055 0.0342972
f 3646/9944/3406 3647/9945/3406 3645/9946/3405 3644/9947/3405 

v 78.6354 4.35559 -151.397
vt -0.0873708 0.0342972
vn 0.902587 -5.64613e-10 -0.430508
v 78.6354 4.11926 -151.397
vt -0.0873708 0.0259619
vt -0.0792568 0.0259619
vt -0.0792568 0.0342972
f 3648/9948/3407 3649/9949/3407 3647/9950/3407 3646/9951/3407 

v 78.7307 4.35559 -151.005
vt -0.0777444 0.0342972
vn 0.996775 -6.40517e-10 -0.0802495
v 78.7307 4.11926 -151.005
vt -0.0777444 0.0259619
vt -0.0696305 0.0259619
vn 0.979944 -6.24528e-10 -0.199272
vt -0.0696305 0.0342972
f 3650/9952/3408 3651/9953/3408 3649/9954/3409 3648/9955/3409 

v 78.7118 4.35559 -150.603
vt -0.0630964 0.0342972
vn 0.987298 -6.44672e-10 0.158877
v 78.7118 4.11926 -150.603
vt -0.0630964 0.0259619
vt -0.0549824 0.0259619
vt -0.0549824 0.0342972
f 3652/9956/3410 3653/9957/3410 3651/9958/3408 3650/9959/3408 

v 78.5799 4.35559 -150.22
vt -0.0444249 0.0342972
vn 0.919924 -6.11169e-10 0.392096
v 78.5799 4.11926 -150.22
vt -0.0444249 0.0259619
vt -0.0363109 0.0259619
vt -0.0363109 0.0342972
f 3654/9960/3411 3655/9961/3411 3653/9962/3410 3652/9963/3410 

v 78.344 4.35559 -149.88
vt -0.0230024 0.0342972
vn 0.793407 -5.38741e-10 0.608692
v 78.344 4.11926 -149.88
vt -0.0230024 0.0259619
vt -0.0148884 0.0259619
vt -0.0148884 0.0342972
f 3656/9964/3412 3657/9965/3412 3655/9966/3411 3654/9967/3411 

v 78.0203 4.35559 -149.609
v 78.0203 4.11926 -149.609
f 3658/9922/3399 3659/9923/3399 3657/9920/3412 3656/9921/3412 

v 77.6307 4.35559 -149.423
vt 0.022168 0.0342972
vn 0.494858 -3.57051e-10 0.868974
v 77.6307 4.11926 -149.423
vt 0.022168 0.0259619
vt 0.0302819 0.0259619
vt 0.0302819 0.0342972
f 3660/9968/3413 3661/9969/3413 3659/9970/3413 3658/9971/3413 

v 77.2018 4.35559 -149.336
vt 0.0428376 0.0342972
vn 0.0956817 -1.04597e-10 0.995412
v 77.2018 4.11926 -149.336
vt 0.0428376 0.0259619
vt 0.0509516 0.0259619
vn 0.235934 -1.94191e-10 0.971769
vt 0.0509516 0.0342972
f 3662/9972/3414 3663/9973/3414 3661/9974/3415 3660/9975/3415 

v 76.7629 4.35559 -149.353
vt 0.0603114 0.0342972
vn -0.188679 7.96883e-11 0.982039
v 76.7629 4.11926 -149.353
vt 0.0603114 0.0259619
vt 0.0684254 0.0259619
vt 0.0684254 0.0342972
f 3664/9976/3416 3665/9977/3416 3663/9978/3414 3662/9979/3414 

v 76.3439 4.35559 -149.474
vt 0.0733986 0.0342972
vn -0.453538 2.54703e-10 0.891237
v 76.3439 4.11926 -149.474
vt 0.0733986 0.0259619
vt 0.0815126 0.0259619
vt 0.0815126 0.0342972
f 3666/9980/3417 3667/9981/3417 3665/9982/3416 3664/9983/3416 

vt 0.0812074 0.0342972
vt 0.0812074 0.0259619
vt 0.0893213 0.0259619
vt 0.0893213 0.0342972
f 3631/9984/3393 3630/9985/3393 3667/9986/3417 3666/9987/3417 

v 76.045 4.11926 -149.511
vt -0.0891771 0.0433621
vt -0.0899372 0.0489137
f 3668/9988/129 3630/9897/129 3667/9989/129

f 3628/9896/129 3630/9897/129 3668/9988/129

vt 0.0828729 0.0259619
vt 0.0915278 0.0259619
vn -0.596407 3.5081e-10 0.802682
v 76.045 4.35559 -149.511
vt 0.0915278 0.0342972
vt 0.0828729 0.0342972
f 3628/9990/3391 3668/9991/3418 3669/9992/3418 3629/9993/3391 

vt 0.0786065 0.0259619
v 76.4636 4.11926 -149.319
vt 0.0872614 0.0259619
vn -0.355908 1.89769e-10 0.934521
v 76.4636 4.35559 -149.319
vt 0.0872614 0.0342972
vt 0.0786065 0.0342972
f 3668/9994/3418 3670/9995/3419 3671/9996/3419 3669/9997/3418 

vt -0.093068 0.0511367
f 3668/9988/129 3667/9989/129 3670/9998/129

vt -0.0923734 0.056697
f 3670/9998/129 3667/9989/129 3665/9999/129

vt -0.0927235 0.0648491
f 3670/9998/129 3665/9999/129 3663/10000/129

v 77.3902 4.11926 -149.256
vt -0.0943296 0.0683485
f 3663/10000/129 3672/10001/129 3670/9998/129

v 77.8352 4.11926 -149.391
vt -0.0916143 0.0766128
f 3663/10000/129 3673/10002/129 3672/10001/129

vt -0.0909635 0.0728146
f 3661/10003/129 3673/10002/129 3663/10000/129

vt -0.0872135 0.0800506
f 3659/10004/129 3673/10002/129 3661/10003/129

v 78.2269 4.11926 -149.626
vt -0.0868646 0.0838887
f 3659/10004/129 3674/10005/129 3673/10002/129

vt -0.0817289 0.0860639
f 3657/10006/129 3674/10005/129 3659/10004/129

v 78.5387 4.11926 -149.946
vt -0.0804041 0.0896805
f 3657/10006/129 3675/10007/129 3674/10005/129

vt -0.0748836 0.0904448
f 3655/10008/129 3675/10007/129 3657/10006/129

v 78.7494 4.11926 -150.329
vt -0.0726731 0.0935933
f 3655/10008/129 3676/10009/129 3675/10007/129

vt -0.067144 0.0928948
f 3653/10010/129 3676/10009/129 3655/10008/129

v 78.8445 4.11926 -150.749
vt -0.0641986 0.0953607
f 3653/10010/129 3677/10011/129 3676/10009/129

vt -0.0590377 0.0932468
f 3651/10012/129 3677/10011/129 3653/10010/129

v 78.8177 4.11926 -151.177
vt -0.0555579 0.094862
f 3651/10012/129 3678/10013/129 3677/10011/129

vt -0.0511169 0.0914769
f 3649/10014/129 3678/10013/129 3651/10012/129

v 78.6707 4.11926 -151.584
vt -0.04734 0.0921314
f 3649/10014/129 3679/10015/129 3678/10013/129

vt -0.0439215 0.0877057
f 3647/10016/129 3679/10015/129 3649/10014/129

v 78.4135 4.11926 -151.943
vt -0.0401049 0.0873549
f 3647/10016/129 3680/10017/129 3679/10015/129

vt -0.0379419 0.0821902
f 3645/10018/129 3680/10017/129 3647/10016/129

v 78.0637 4.11926 -152.228
vt -0.0343457 0.0808579
f 3645/10018/129 3681/10019/129 3680/10017/129

vt -0.0335856 0.0753063
f 3643/10020/129 3681/10019/129 3645/10018/129

vt -0.0311494 0.067523
f 3641/10021/129 3681/10019/129 3643/10020/129

f 3641/10021/129 3617/9858/129 3681/10019/129

f 3617/9858/129 3641/10021/129 3615/9856/129

vt -0.0872614 0.0259619
vn 0.596407 -3.5081e-10 -0.802682
vt -0.0786065 0.0259619
vn 0.355908 -1.89769e-10 -0.934521
v 77.6452 4.35559 -152.421
vt -0.0786065 0.0342972
v 78.0637 4.35559 -152.228
vt -0.0872614 0.0342972
f 3681/10022/3420 3617/10023/3421 3682/10024/3421 3683/10025/3420 

vt -0.0773432 0.0259619
vt -0.0686883 0.0259619
vt -0.0686883 0.0342972
vt -0.0773432 0.0342972
f 3617/10026/3421 3618/10027/3382 3620/10028/3382 3682/10029/3421 

vt 0.0291932 0.0558715
vt 0.0304548 0.0730833
vt 0.0286973 0.0645609
f 3619/10030/154 3682/10031/154 3620/10032/154

f 3682/10031/154 3619/10030/154 3639/9815/154

vt 0.0319085 0.0476072
f 3639/9815/154 3619/10030/154 3621/10033/154

f 3639/9815/154 3621/10033/154 3638/9816/154

vt 0.0366582 0.0403313
f 3638/9816/154 3621/10033/154 3622/10034/154

f 3638/9816/154 3622/10034/154 3637/9818/154

f 3637/9818/154 3622/10034/154 3636/9819/154

vt 0.0431187 0.0345395
f 3636/9819/154 3622/10034/154 3623/10035/154

f 3636/9819/154 3623/10035/154 3635/9820/154

vt 0.0508497 0.0306267
f 3635/9820/154 3623/10035/154 3624/10036/154

f 3635/9820/154 3624/10036/154 3634/9821/154

vt 0.0593242 0.0288593
f 3634/9821/154 3624/10036/154 3625/10037/154

f 3634/9821/154 3625/10037/154 3633/9822/154

vt 0.0679649 0.029358
f 3633/9822/154 3625/10037/154 3626/10038/154

f 3633/9822/154 3626/10038/154 3632/9823/154

vt 0.0761828 0.0320886
f 3632/9823/154 3626/10038/154 3627/10039/154

vt 0.0796013 0.0365143
f 3632/9823/154 3627/10039/154 3599/10040/154

vt 0.0834179 0.0368651
f 3599/10040/154 3627/10039/154 3629/10041/154

vt 0.0855809 0.0420298
f 3599/10040/154 3629/10041/154 3631/10042/154

vt 0.0891771 0.0433621
f 3631/10042/154 3629/10041/154 3669/10043/154

vt 0.0899372 0.0489137
f 3631/10042/154 3669/10043/154 3666/10044/154

vt 0.093068 0.0511367
f 3666/10044/154 3669/10043/154 3671/10045/154

vt 0.0923734 0.056697
f 3666/10044/154 3671/10045/154 3664/10046/154

vt 0.0927235 0.0648491
f 3664/10046/154 3671/10045/154 3662/10047/154

v 77.3902 4.35559 -149.256
vt 0.0943296 0.0683485
f 3684/10048/154 3662/10047/154 3671/10045/154

v 77.8352 4.35559 -149.391
vt 0.0916143 0.0766128
f 3685/10049/154 3662/10047/154 3684/10048/154

vt 0.0909635 0.0728146
f 3685/10049/154 3660/10050/154 3662/10047/154

vt 0.0872135 0.0800506
f 3685/10049/154 3658/10051/154 3660/10050/154

v 78.2269 4.35559 -149.626
vt 0.0868646 0.0838887
f 3686/10052/154 3658/10051/154 3685/10049/154

f 3686/10052/154 3656/9805/154 3658/10051/154

v 78.5387 4.35559 -149.946
vt 0.0804041 0.0896805
f 3687/10053/154 3656/9805/154 3686/10052/154

f 3687/10053/154 3654/9806/154 3656/9805/154

v 78.7494 4.35559 -150.329
vt 0.0726731 0.0935933
f 3688/10054/154 3654/9806/154 3687/10053/154

f 3688/10054/154 3652/9807/154 3654/9806/154

v 78.8445 4.35559 -150.749
vt 0.0641986 0.0953607
f 3689/10055/154 3652/9807/154 3688/10054/154

f 3689/10055/154 3650/9808/154 3652/9807/154

v 78.8177 4.35559 -151.177
vt 0.0555579 0.094862
f 3690/10056/154 3650/9808/154 3689/10055/154

f 3690/10056/154 3648/9809/154 3650/9808/154

v 78.6707 4.35559 -151.584
vt 0.04734 0.0921314
f 3691/10057/154 3648/9809/154 3690/10056/154

f 3691/10057/154 3646/9811/154 3648/9809/154

v 78.4135 4.35559 -151.943
vt 0.0401049 0.0873549
f 3692/10058/154 3646/9811/154 3691/10057/154

f 3692/10058/154 3644/9812/154 3646/9811/154

vt 0.0343457 0.0808579
f 3683/10059/154 3644/9812/154 3692/10058/154

f 3683/10059/154 3642/9813/154 3644/9812/154

f 3683/10059/154 3640/9814/154 3642/9813/154

f 3682/10031/154 3640/9814/154 3683/10059/154

f 3640/9814/154 3682/10031/154 3639/9815/154

v 76.9069 4.5033 -152.404
vt -0.0603114 0.0395067
v 77.3458 4.5033 -152.387
vt -0.0684254 0.0395067
f 3640/9932/3403 3639/9935/3408 3693/10060/3408 3694/10061/3403 

vt 0.0509516 0.0395067
v 76.478 4.5033 -152.317
vt 0.0428376 0.0395067
f 3638/9972/3415 3639/9975/3408 3693/10062/3408 3695/10063/3415 

f 3695/9816/154 3694/9814/154 3693/9815/154

v 77.1022 4.5033 -152.307
vt 0.0327653 0.0629983
f 3694/9814/154 3695/9816/154 3696/10064/154

v 76.6942 4.5033 -152.269
vt 0.0335247 0.0554209
f 3695/9816/154 3697/10065/154 3696/10064/154

v 76.3108 4.5033 -152.136
vt 0.0362084 0.0482994
f 3697/10065/154 3695/9816/154 3698/10066/154

v 75.7647 4.5033 -151.859
f 3698/10066/154 3695/9816/154 3699/9819/154

v 75.9781 4.5033 -151.917
vt 0.0406335 0.0421191
f 3698/10066/154 3699/9819/154 3700/10067/154

v 75.7187 4.5033 -151.626
vt 0.0464984 0.0373011
f 3700/10067/154 3699/9819/154 3701/10068/154

v 75.5288 4.5033 -151.52
f 3701/10068/154 3699/9819/154 3702/9820/154

vt -0.0148884 0.0395067
vn -0.707888 4.87688e-10 -0.706325
vt -0.0148884 0.0472967
vt -0.0230024 0.0472967
vt -0.0230024 0.0395067
f 3699/10069/3422 3586/10070/3405 3587/10071/3411 3702/10072/3411 

vt 0.000288787 0.0342972
vn -0.793407 5.38741e-10 -0.608692
vt 0.000288787 0.0395067
vt 0.000288787 0.0472967
vt -0.00782515 0.0472967
vt -0.00782515 0.0342972
f 3636/10073/3423 3699/10074/3422 3586/10075/3405 3585/10076/3422 3637/10077/3422 

vt 0.0230024 0.0395067
vt 0.0148884 0.0395067
f 3636/9916/3423 3635/9919/3397 3702/10078/3397 3699/10079/3422 

v 75.3969 4.5033 -151.137
vt 0.0444249 0.0395067
vt 0.0363109 0.0395067
f 3635/9912/3397 3634/9915/3395 3703/10080/3395 3702/10081/3397 

v 75.378 4.5033 -150.735
vt 0.0630964 0.0395067
vt 0.0549824 0.0395067
f 3634/9908/3395 3633/9911/3396 3704/10082/3396 3703/10083/3395 

vt -0.0696305 0.0395067
v 75.4733 4.5033 -150.342
vt -0.0777444 0.0395067
f 3632/9952/3409 3633/9955/3409 3704/10084/3409 3705/10085/3409 

v 75.5255 4.5033 -150.54
vt 0.0684129 0.0337139
f 3706/10086/154 3704/9822/154 3705/9823/154

v 75.4844 4.5033 -150.914
vt 0.0608781 0.0329503
f 3707/10087/154 3704/9822/154 3706/10086/154

f 3707/10087/154 3703/9821/154 3704/9822/154

v 75.5503 4.5033 -151.284
vt 0.0534034 0.0341738
f 3708/10088/154 3703/9821/154 3707/10087/154

f 3708/10088/154 3702/9820/154 3703/9821/154

f 3701/10068/154 3702/9820/154 3708/10088/154

vt -0.0444249 0.0472967
vt -0.0444249 0.0395067
vt -0.0363109 0.0395067
vt -0.0363109 0.0472967
f 3588/10089/3410 3703/10090/3410 3702/10091/3411 3587/10092/3411 

vt -0.0630964 0.0472967
vn 0.99922 -6.47243e-10 0.0394889
vt -0.0630964 0.0395067
vt -0.0549824 0.0395067
vt -0.0549824 0.0472967
f 3589/10093/3424 3704/10094/3424 3703/10095/3410 3588/10096/3410 

vt 0.0777444 0.0395067
vt 0.0777444 0.0472967
vt 0.0696305 0.0472967
vt 0.0696305 0.0395067
f 3705/10097/3394 3590/10098/3394 3589/10099/3394 3704/10100/3394 

vt 0.00459076 0.0208381
vt 0.00459076 0.0259619
vt 0.00459076 0.0342972
vt 0.00459076 0.0395067
vt 0.00459076 0.0472967
vt -0.000589517 0.0472967
vt -0.000589517 0.0208381
f 3601/10101/3400 3600/10102/3400 3632/10103/3400 3705/10104/3400 3590/10105/3400 3592/10106/3400 3594/10107/3400 

vt -0.0777444 0.0208381
v 75.378 3.97398 -150.735
vt -0.0696305 0.0208381
f 3600/9953/3409 3601/10108/3409 3709/10109/3409 3604/9954/3409 

vt 0.0873708 0.0395067
vt 0.0792568 0.0395067
f 3632/9902/3381 3599/9903/3381 3598/10110/3381 3705/10111/3381 

vt -0.0832055 0.0395067
v 75.9732 4.5033 -149.69
vt -0.0913195 0.0395067
f 3631/9944/3412 3599/9947/3406 3598/10112/3406 3710/10113/3412 

v 75.9104 4.5033 -149.885
vt 0.0816401 0.0408628
f 3711/10114/154 3598/10040/154 3710/10042/154

v 75.6708 4.5033 -150.189
vt 0.0754945 0.0364128
f 3712/10115/154 3598/10040/154 3711/10114/154

f 3712/10115/154 3705/9823/154 3598/10040/154

f 3706/10086/154 3705/9823/154 3712/10115/154

vt 0.0913195 0.0395067
v 75.9732 4.72418 -149.69
vt 0.0913195 0.0472967
vt 0.0832055 0.0472967
vt 0.0832055 0.0395067
f 3710/10116/3423 3713/10117/3423 3597/10118/3392 3598/10119/3392 

v 76.3439 4.72418 -149.474
vt -0.0893213 0.0472967
v 76.3439 4.5033 -149.474
vt -0.0893213 0.0395067
vt -0.0812074 0.0395067
vt -0.0812074 0.0472967
f 3714/10120/3404 3715/10121/3404 3710/10122/3423 3713/10123/3423 

v 76.7629 4.72418 -149.353
vt -0.0815126 0.0472967
v 76.7629 4.5033 -149.353
vt -0.0815126 0.0395067
vt -0.0733986 0.0395067
vt -0.0733986 0.0472967
f 3716/10124/3410 3717/10125/3410 3715/10126/3404 3714/10127/3404 

v 77.2018 4.5033 -149.336
vt 0.0684254 0.0395067
v 77.2018 4.72418 -149.336
vt 0.0684254 0.0472967
vt 0.0603114 0.0472967
vt 0.0603114 0.0395067
f 3718/10128/3414 3719/10129/3414 3716/10130/3410 3717/10131/3410 

v 77.6307 4.5033 -149.423
v 77.6307 4.72418 -149.423
vt 0.0509516 0.0472967
vt 0.0428376 0.0472967
f 3720/10062/3415 3721/10132/3415 3719/10133/3414 3718/10063/3414 

v 77.6307 3.99225 -149.423
vt 0.11413 0.0214824
vn -0.902587 5.64614e-10 0.430508
vt 0.11413 0.0259619
vt 0.11413 0.0342972
vt 0.11413 0.0395067
vt 0.11413 0.0472967
v 77.5011 4.72418 -149.651
vt 0.108949 0.0472967
v 77.5011 3.99225 -149.651
vt 0.108949 0.0214824
f 3722/10134/3425 3661/10135/3425 3660/10136/3425 3720/10137/3425 3721/10138/3425 3723/10139/3425 3724/10140/3425 

v 78.0203 3.99225 -149.609
vt 0.0302819 0.0214824
vt 0.022168 0.0214824
f 3725/10141/3413 3659/9970/3413 3661/9969/3413 3722/10142/3413 

vt -0.11413 0.0259619
vt -0.11413 0.0214824
v 77.8906 3.99225 -149.836
vt -0.108949 0.0214824
v 77.8906 4.72418 -149.836
vt -0.108949 0.0472967
v 78.0203 4.72418 -149.609
vt -0.11413 0.0472967
v 78.0203 4.5033 -149.609
vt -0.11413 0.0395067
vt -0.11413 0.0342972
f 3659/10143/3379 3725/10144/3379 3726/10145/3379 3727/10146/3379 3728/10147/3379 3729/10148/3379 3658/10149/3379 

vt -0.0863697 0.0704069
vt -0.0826196 0.0776429
f 3725/10004/129 3722/10003/129 3724/10150/129 3726/10151/129 

vt -0.0302819 0.0472967
vn -0.494858 3.57052e-10 -0.868974
vt -0.0302819 0.0214824
vt -0.022168 0.0214824
vt -0.022168 0.0472967
f 3727/10152/3426 3726/10153/3426 3724/10154/3426 3723/10155/3426 

vt 0.0863697 0.0704069
vt 0.0826196 0.0776429
f 3723/10156/154 3728/10051/154 3727/10157/154

f 3728/10051/154 3723/10156/154 3721/10050/154

v 77.5011 5.35667 -149.651
vt -0.108949 0.0696037
v 77.6307 5.35667 -149.423
vt -0.11413 0.0696037
f 3721/10147/3407 3723/10146/3407 3730/10158/3407 3731/10159/3407 

vt 0.022168 0.0472967
vt 0.0302819 0.0472967
v 77.8906 5.35667 -149.836
vt 0.0302819 0.0696037
vt 0.022168 0.0696037
f 3723/10160/3413 3727/10161/3413 3732/10162/3413 3730/10163/3413 

v 78.0203 5.35667 -149.609
vt 0.11413 0.0696037
vt 0.108949 0.0696037
f 3727/10139/3381 3728/10138/3381 3733/10164/3381 3732/10165/3381 

vt -0.000288787 0.0472967
vt 0.00782515 0.0472967
v 78.344 5.35667 -149.88
vt 0.00782515 0.0696037
vt -0.000288787 0.0696037
f 3728/10166/3399 3572/10167/3412 3734/10168/3412 3733/10169/3399 

f 3571/9707/154 3572/9805/154 3728/10051/154

v 78.344 4.5033 -149.88
vt 0.00782515 0.0395067
vt -0.000288787 0.0395067
f 3735/10170/3412 3572/10167/3412 3728/10166/3399 3729/10171/3399 

v 78.5799 4.5033 -150.22
f 3736/10069/3411 3573/10070/3411 3572/10071/3412 3735/10072/3412 

v 78.7118 4.5033 -150.603
f 3737/10091/3410 3574/10092/3410 3573/10089/3411 3736/10090/3411 

v 78.7307 4.5033 -151.005
f 3738/10095/3408 3575/10096/3408 3574/10093/3410 3737/10094/3410 

v 78.6354 4.5033 -151.397
vt -0.0696305 0.0472967
vt -0.0777444 0.0472967
f 3739/10084/3409 3576/10172/3409 3575/10173/3408 3738/10085/3408 

v 78.6354 3.98316 -151.397
vt 0.0570407 0.021162
vt 0.0570407 0.0259619
vt 0.0570407 0.0342972
vt 0.0570407 0.0395067
vt 0.0570407 0.0472967
v 78.3867 4.72418 -151.279
vt 0.0518604 0.0472967
v 78.3867 3.98316 -151.279
vt 0.0518604 0.021162
f 3740/10174/3380 3649/10175/3380 3648/10176/3380 3739/10177/3380 3576/10178/3380 3741/10179/3380 3742/10180/3380 

v 78.4324 3.98316 -151.754
vt -0.0792568 0.021162
vt -0.0873708 0.021162
f 3743/10181/3407 3647/9950/3407 3649/9949/3407 3740/10182/3407 

vt -0.0570407 0.0259619
vt -0.0570407 0.021162
v 78.1837 3.98316 -151.635
vt -0.0518604 0.021162
vt -0.0518604 0.0472967
vt -0.0570407 0.0472967
v 78.4324 4.5033 -151.754
vt -0.0570407 0.0395067
vt -0.0570407 0.0342972
f 3647/10183/3426 3743/10184/3426 3744/10185/3426 3577/10186/3426 3578/10187/3426 3745/10188/3426 3646/10189/3426 

vt -0.0535111 0.0868572
vt -0.0463157 0.083086
f 3743/10016/129 3740/10014/129 3742/10190/129 3744/10191/129 

vt 0.0792568 0.0472967
vn -0.902587 5.64616e-10 0.430508
vt 0.0792568 0.021162
vt 0.0873708 0.021162
vt 0.0873708 0.0472967
f 3577/10192/3427 3744/10193/3427 3742/10194/3427 3741/10195/3427 

vt 0.0535111 0.0868572
f 3576/9809/154 3577/9810/154 3741/10196/154

v 78.1837 5.35667 -151.635
vt -0.0792568 0.0696037
v 78.3867 5.35667 -151.279
vt -0.0873708 0.0696037
f 3741/9826/3407 3577/9829/3407 3746/10197/3407 3747/10198/3407 

v 78.4324 5.35667 -151.754
vt 0.0570407 0.0696037
vt 0.0518604 0.0696037
f 3577/10179/3413 3578/10178/3413 3748/10199/3413 3746/10200/3413 

vt -0.0913195 0.0472967
vt -0.0832055 0.0472967
v 78.1355 5.35667 -152.05
vt -0.0832055 0.0696037
vt -0.0913195 0.0696037
f 3578/10201/3406 3579/10202/3405 3749/10203/3405 3748/10204/3406 

v 78.1355 4.5033 -152.05
f 3750/10112/3412 3579/10202/3412 3578/10201/3406 3745/10113/3406 

vt 0.0812074 0.0472967
v 77.7648 4.5033 -152.266
vt 0.0812074 0.0395067
vt 0.0893213 0.0395067
vt 0.0893213 0.0472967
f 3580/10205/3417 3751/10206/3417 3750/10207/3412 3579/10208/3412 

vt 0.0733986 0.0472967
vt 0.0733986 0.0395067
vt 0.0815126 0.0395067
vt 0.0815126 0.0472967
f 3581/10209/3416 3694/10210/3416 3751/10211/3417 3580/10212/3417 

vn -0.996775 6.40517e-10 0.0802495
f 3582/10130/3428 3693/10131/3428 3694/10128/3416 3581/10129/3416 

vt -0.0428376 0.0395067
vt -0.0428376 0.0472967
vt -0.0509516 0.0472967
vt -0.0509516 0.0395067
f 3695/10213/3402 3583/10214/3402 3582/10215/3428 3693/10216/3428 

v 76.478 3.99225 -152.317
vt -0.0524981 0.0214824
vt -0.0524981 0.0259619
vt -0.0524981 0.0342972
vt -0.0524981 0.0395067
vt -0.0524981 0.0472967
vt -0.0576783 0.0472967
v 76.6077 3.99225 -152.089
vt -0.0576783 0.0214824
f 3752/10217/3379 3613/10218/3379 3638/10219/3379 3695/10220/3379 3583/10221/3379 3584/10222/3379 3753/10223/3379 

v 76.0884 3.99225 -152.131
f 3754/10154/3400 3612/9926/3400 3613/9925/3400 3752/10153/3400 

vt 0.0524981 0.0259619
vt 0.0524981 0.0214824
v 76.2181 3.99225 -151.903
vt 0.0576783 0.0214824
v 76.2181 4.72418 -151.903
vt 0.0576783 0.0472967
vt 0.0524981 0.0472967
vt 0.0524981 0.0342972
f 3612/10224/3425 3754/10225/3425 3755/10226/3425 3756/10227/3425 3585/10228/3425 3637/10229/3425 

vt -0.0371531 0.0538131
vt -0.0409031 0.0465771
f 3754/9853/129 3752/9854/129 3753/10230/129 3755/10231/129 

f 3756/10160/3380 3755/10142/3380 3753/10141/3380 3584/10161/3380 

vt 0.0409031 0.0465771
f 3584/9817/154 3585/9818/154 3756/10232/154

v 76.0884 5.35667 -152.131
vt -0.0524981 0.0696037
v 76.2181 5.35667 -151.903
vt -0.0576783 0.0696037
f 3756/10222/3407 3585/10221/3407 3757/10233/3407 3758/10234/3407 

v 75.7647 5.35667 -151.859
vt 0.000288787 0.0696037
vt -0.00782515 0.0696037
f 3585/10076/3422 3586/10075/3423 3759/10235/3423 3757/10236/3422 

vt 0.0148884 0.0472967
vt 0.0230024 0.0472967
v 75.5288 5.35667 -151.52
vt 0.0230024 0.0696037
vt 0.0148884 0.0696037
f 3586/10237/3423 3587/10238/3397 3760/10239/3397 3759/10240/3423 

vt 0.0363109 0.0472967
vt 0.0444249 0.0472967
v 75.3969 5.35667 -151.137
vt 0.0444249 0.0696037
vt 0.0363109 0.0696037
f 3587/10241/3397 3588/10242/3395 3761/10243/3395 3760/10244/3397 

vt 0.0549824 0.0472967
vt 0.0630964 0.0472967
v 75.378 5.35667 -150.735
vt 0.0630964 0.0696037
vt 0.0549824 0.0696037
f 3588/10245/3395 3589/10246/3396 3762/10247/3396 3761/10248/3395 

v 75.4733 5.35667 -150.342
vt 0.0777444 0.0696037
vt 0.0696305 0.0696037
f 3589/10099/3394 3590/10098/3394 3763/10249/3394 3762/10250/3394 

v 75.722 5.35667 -150.461
vt 0.000589517 0.0696037
vt -0.00459076 0.0696037
f 3590/9834/3413 3592/9833/3413 3764/10251/3413 3763/10252/3413 

v 75.925 5.35667 -150.105
vt 0.0873708 0.0696037
vt 0.0792568 0.0696037
f 3592/10192/3381 3591/10195/3381 3765/10253/3381 3764/10254/3381 

v 75.6763 5.35667 -149.986
vt 0.00459076 0.0696037
vt -0.000589517 0.0696037
f 3591/10106/3400 3597/10105/3400 3766/10255/3400 3765/10256/3400 

f 3591/9824/154 3564/9700/154 3597/10040/154

f 3591/9824/154 3563/9699/154 3564/9700/154

f 3597/10040/154 3564/9700/154 3713/10042/154

f 3713/10042/154 3564/9700/154 3565/9701/154

f 3713/10042/154 3565/9701/154 3714/10044/154

f 3714/10044/154 3565/9701/154 3716/10046/154

f 3716/10046/154 3565/9701/154 3566/9702/154

f 3716/10046/154 3566/9702/154 3719/10047/154

f 3719/10047/154 3566/9702/154 3570/9706/154

f 3570/9706/154 3566/9702/154 3569/9705/154

f 3569/9705/154 3566/9702/154 3567/9703/154

f 3569/9705/154 3567/9703/154 3568/9704/154

f 3570/9706/154 3721/10050/154 3719/10047/154

f 3571/9707/154 3721/10050/154 3570/9706/154

f 3728/10051/154 3721/10050/154 3571/9707/154

vt 0.0509516 0.0696037
vt 0.0428376 0.0696037
f 3719/10133/3414 3721/10132/3415 3731/10257/3415 3412/10258/3414 

v 76.9069 5.35667 -152.404
v 76.478 5.35667 -152.317
v 76.6077 5.35667 -152.089
v 75.9732 5.35667 -149.69
v 76.3439 5.35667 -149.474
v 76.7629 5.35667 -149.353
v 78.5799 5.35667 -150.22
v 78.7118 5.35667 -150.603
v 78.6354 5.35667 -151.397
v 77.7648 5.35667 -152.266
v 77.3458 5.35667 -152.387
f 3767/9815/154 3768/9816/154 3769/9817/154 3758/10232/154 3757/9818/154 3759/9819/154 3760/9820/154 3761/9821/154 3762/9822/154 3763/9823/154 3764/9825/154 3765/9824/154 3766/10040/154 3770/10042/154 3771/10044/154 3772/10046/154 3412/10047/154 3731/10050/154 3730/10156/154 3732/10157/154 3733/10051/154 3734/9805/154 3773/9806/154 3774/9807/154 3404/9808/154 3775/9809/154 3747/10196/154 3746/9810/154 3748/9811/154 3749/9812/154 3776/9813/154 3777/9814/154 

vt -0.0428376 0.0696037
vt -0.0509516 0.0696037
f 3582/10215/3401 3583/10214/3402 3768/10259/3402 3767/10260/3401 

vt 0.0576783 0.0696037
vt 0.0524981 0.0696037
f 3583/10228/3381 3584/10227/3381 3769/10261/3381 3768/10262/3381 

vt -0.022168 0.0696037
vt -0.0302819 0.0696037
f 3584/10152/3400 3756/10155/3400 3758/10263/3400 3769/10264/3400 

vt -0.0684254 0.0472967
vt -0.0603114 0.0472967
vt -0.0603114 0.0696037
vt -0.0684254 0.0696037
f 3581/10265/3403 3582/10266/3401 3767/10267/3401 3777/10268/3403 

vt -0.0733986 0.0696037
vt -0.0815126 0.0696037
f 3580/10124/3404 3581/10127/3403 3777/10269/3403 3776/10270/3404 

vt -0.0812074 0.0696037
vt -0.0893213 0.0696037
f 3579/10120/3405 3580/10123/3404 3776/10271/3404 3749/10272/3405 

vt 0.0913195 0.0696037
vt 0.0832055 0.0696037
f 3597/10118/3392 3713/10117/3393 3770/10273/3393 3766/10274/3392 

vt 0.0893213 0.0696037
vt 0.0812074 0.0696037
f 3713/10205/3393 3714/10208/3417 3771/10275/3417 3770/10276/3393 

vt 0.0815126 0.0696037
vt 0.0733986 0.0696037
f 3714/10209/3417 3716/10212/3416 3772/10277/3416 3771/10278/3417 

vt 0.0684254 0.0696037
vt 0.0603114 0.0696037
f 3716/10130/3416 3719/10129/3414 3412/10279/3414 3772/10280/3416 

vt -0.0148884 0.0696037
vt -0.0230024 0.0696037
f 3572/10071/3412 3573/10070/3411 3773/10281/3411 3734/10282/3412 

vt -0.0363109 0.0696037
vt -0.0444249 0.0696037
f 3573/10089/3411 3574/10092/3410 3774/10283/3410 3773/10284/3411 

vt -0.0549824 0.0696037
vt -0.0630964 0.0696037
f 3574/10093/3410 3575/10096/3408 3404/10285/3408 3774/10286/3410 

vt -0.0696305 0.0696037
vt -0.0777444 0.0696037
f 3575/10173/3408 3576/10172/3409 3775/10287/3409 3404/10288/3408 

vt -0.0518604 0.0696037
vt -0.0570407 0.0696037
f 3576/10187/3400 3741/10186/3400 3747/10289/3400 3775/10290/3400 

f 3642/9936/3404 3640/9939/3403 3694/10126/3403 3751/10125/3404 

f 3694/9814/154 3696/10064/154 3751/9813/154

v 77.5069 4.5033 -152.246
vt 0.033982 0.0705151
f 3751/9813/154 3696/10064/154 3778/10291/154

f 3751/9813/154 3778/10291/154 3750/9812/154

v 77.8807 4.5033 -152.092
vt 0.0370917 0.0774592
f 3750/9812/154 3778/10291/154 3779/10292/154

v 78.1983 4.5033 -151.855
vt 0.0418827 0.0833572
f 3750/9812/154 3779/10292/154 3780/10293/154

f 3750/9812/154 3780/10293/154 3745/9811/154

v 78.4379 4.5033 -151.55
vt 0.0480283 0.0878072
f 3745/9811/154 3780/10293/154 3781/10294/154

f 3745/9811/154 3781/10294/154 3739/9809/154

v 78.5832 4.5033 -151.199
vt 0.0551099 0.0905061
f 3739/9809/154 3781/10294/154 3782/10295/154

f 3739/9809/154 3782/10295/154 3738/9808/154

v 78.6243 4.5033 -150.826
vt 0.0626447 0.0912697
f 3738/9808/154 3782/10295/154 3783/10296/154

f 3738/9808/154 3783/10296/154 3737/9807/154

v 78.5584 4.5033 -150.456
vt 0.0701193 0.0900462
f 3737/9807/154 3783/10296/154 3784/10297/154

f 3737/9807/154 3784/10297/154 3736/9806/154

v 78.39 4.5033 -150.114
vt 0.0770244 0.0869189
f 3736/9806/154 3784/10297/154 3785/10298/154

f 3736/9806/154 3785/10298/154 3735/9805/154

v 78.1307 4.5033 -149.823
vt 0.0828893 0.0821009
f 3735/9805/154 3785/10298/154 3786/10299/154

f 3735/9805/154 3786/10299/154 3729/10051/154

v 77.7979 4.5033 -149.604
vt 0.0873144 0.0759206
f 3729/10051/154 3786/10299/154 3787/10300/154

f 3729/10051/154 3787/10300/154 3720/10050/154

v 77.4145 4.5033 -149.471
vt 0.0899981 0.0687991
f 3720/10050/154 3787/10300/154 3788/10301/154

v 77.0065 4.5033 -149.433
vt 0.0907575 0.0612217
f 3720/10050/154 3788/10301/154 3789/10302/154

f 3789/10302/154 3717/10046/154 3720/10050/154

f 3789/10302/154 3715/10044/154 3717/10046/154

v 76.6018 4.5033 -149.493
vt 0.0895408 0.0537049
f 3790/10303/154 3715/10044/154 3789/10302/154

v 76.228 4.5033 -149.647
vt 0.0864311 0.0467608
f 3791/10304/154 3715/10044/154 3790/10303/154

f 3791/10304/154 3710/10042/154 3715/10044/154

f 3711/10114/154 3710/10042/154 3791/10304/154

f 3631/9984/3412 3666/9987/3417 3715/10207/3417 3710/10206/3412 

f 3666/9980/3417 3664/9983/3395 3717/10211/3395 3715/10210/3417 

f 3662/9932/3401 3664/9935/3395 3717/10060/3395 3718/10061/3401 

f 3720/10050/154 3717/10046/154 3718/10047/154

f 3660/9928/3402 3662/9931/3401 3718/10213/3401 3720/10216/3402 

vt 0.0302819 0.0395067
vt 0.022168 0.0395067
f 3660/9968/3413 3658/9971/3413 3729/10305/3413 3720/10306/3413 

vt -0.00782515 0.0395067
f 3656/10077/3423 3658/10073/3422 3729/10074/3422 3735/10307/3423 

f 3654/9916/3397 3656/9919/3423 3735/10078/3423 3736/10079/3397 

f 3652/9912/3395 3654/9915/3397 3736/10080/3397 3737/10081/3395 

f 3650/9908/3428 3652/9911/3395 3737/10082/3395 3738/10083/3428 

f 3648/9904/3394 3650/9907/3428 3738/10097/3428 3739/10100/3394 

vt -0.0792568 0.0395067
vt -0.0873708 0.0395067
f 3648/9948/3407 3646/9951/3407 3745/10308/3407 3739/10309/3407 

f 3644/9898/3423 3646/9901/3392 3745/10116/3392 3750/10119/3423 

f 3644/9940/3423 3642/9943/3404 3751/10122/3404 3750/10121/3423 

vt -0.0700117 0.0373628
vt -0.0772071 0.041134
f 3596/9843/129 3601/9842/129 3594/10310/129 3593/10311/129 

f 3637/9818/154 3636/9819/154 3638/9816/154

vt -0.0915278 0.0259619
vn 0.784861 -4.80426e-10 -0.619672
vt -0.0828729 0.0259619
vt -0.0828729 0.0342972
vt -0.0915278 0.0342972
f 3680/10312/3429 3681/10313/3420 3683/10314/3420 3692/10315/3429 

vt -0.0898516 0.0259619
vn 0.914603 -5.735e-10 -0.404354
vt -0.0811968 0.0259619
vt -0.0811968 0.0342972
vt -0.0898516 0.0342972
f 3679/10316/3430 3680/10317/3429 3692/10318/3429 3691/10319/3430 

vt -0.0823471 0.0259619
vn 0.985144 -6.29071e-10 -0.171731
vt -0.0736923 0.0259619
vt -0.0736923 0.0342972
vt -0.0823471 0.0342972
f 3678/10320/3431 3679/10321/3430 3691/10322/3430 3690/10323/3431 

vt -0.0695257 0.0259619
vn 0.997732 -6.47477e-10 0.0673063
vt -0.0608709 0.0259619
vt -0.0608709 0.0342972
vt -0.0695257 0.0342972
f 3677/10324/3432 3678/10325/3431 3690/10326/3431 3689/10327/3432 

vt -0.0522612 0.0259619
vn 0.952705 -6.28556e-10 0.303897
vt -0.0436063 0.0259619
vt -0.0436063 0.0342972
vt -0.0522612 0.0342972
f 3676/10328/3433 3677/10329/3432 3689/10330/3432 3688/10331/3433 

vt -0.03173 0.0259619
vn 0.849017 -5.71216e-10 0.528366
vt -0.0230751 0.0259619
vt -0.0230751 0.0342972
vt -0.03173 0.0342972
f 3675/10332/3434 3676/10333/3433 3688/10334/3433 3687/10335/3434 

vt -0.0093314 0.0259619
vn 0.685932 -4.74421e-10 0.727665
vt -0.000676531 0.0259619
vt -0.000676531 0.0342972
vt -0.0093314 0.0342972
f 3674/10336/3435 3675/10337/3434 3687/10338/3434 3686/10339/3435 

vt 0.0134082 0.0259619
vn 0.466808 -3.39591e-10 0.884358
vt 0.0220631 0.0259619
vt 0.0220631 0.0342972
vt 0.0134082 0.0342972
f 3673/10340/3436 3674/10341/3435 3686/10342/3435 3685/10343/3436 

vt 0.0349392 0.0259619
vn 0.203762 -1.73718e-10 0.97902
vt 0.043594 0.0259619
vt 0.043594 0.0342972
vt 0.0349392 0.0342972
f 3672/10344/3437 3673/10345/3436 3685/10346/3436 3684/10347/3437 

v 76.9224 4.11926 -149.232
vt 0.0537942 0.0259619
vn -0.080282 9.02552e-12 0.996772
vt 0.0624491 0.0259619
vt 0.0624491 0.0342972
v 76.9224 4.35559 -149.232
vt 0.0537942 0.0342972
f 3792/10348/3438 3672/10349/3437 3684/10350/3437 3793/10351/3438 

vt -0.0948254 0.0596591
f 3670/9998/129 3672/10001/129 3792/10352/129

vt 0.0686883 0.0259619
vt 0.0773432 0.0259619
vt 0.0773432 0.0342972
vt 0.0686883 0.0342972
f 3670/10353/3419 3792/10354/3438 3793/10355/3438 3671/10356/3419 

vt 0.0948254 0.0596591
f 3684/10048/154 3671/10045/154 3793/10357/154

g Mesh32 Group38 Group1 Ombrellone_Lateral_New_Sobrano_quadrado_3_5x3_5_1 Model

usemtl M04_Stone_Frost
v 76.1994 3.41025 -151.652
vt 0.643853 0.0307022
vn -0.737698 5.05606e-10 -0.675131
v 76.0073 3.41025 -151.423
vt 0.792494 0.0307022
vn -0.884164 5.91293e-10 -0.467177
v 76.0073 86.0333 -151.423
vt 0.792494 93.5873
v 76.1994 86.0333 -151.652
vt 0.643853 93.5873
f 3794/10358/3439 3795/10359/3440 3796/10360/3440 3797/10361/3439 

v 77.9093 3.41025 -150.087
vt -2.78501 2.32768
v 77.6589 3.41025 -149.912
vt -2.87549 2.20975
v 77.3673 3.41025 -149.801
vt -2.93238 2.07243
v 77.0544 3.41025 -149.763
vt -2.95178 1.92506
v 76.7414 3.41025 -149.801
vt -2.93238 1.77769
v 76.4498 3.41025 -149.912
vt -2.87549 1.64036
v 76.1994 3.41025 -150.087
vt -2.78501 1.52244
v 76.0073 3.41025 -150.317
vt -2.66708 1.43195
v 75.8865 3.41025 -150.583
vt -2.52976 1.37507
v 75.8453 3.41025 -150.87
vt -2.38239 1.35567
v 75.8865 3.41025 -151.156
vt -2.23502 1.37507
vt -2.09769 1.43195
vt -1.97977 1.52244
v 76.4498 3.41025 -151.828
vt -1.88928 1.64036
v 76.7414 3.41025 -151.939
vt -1.8324 1.77769
v 77.0544 3.41025 -151.976
vt -1.813 1.92506
v 77.3673 3.41025 -151.939
vt -1.8324 2.07243
v 77.6589 3.41025 -151.828
vt -1.88928 2.20975
v 77.9093 3.41025 -151.652
vt -1.97977 2.32768
v 78.1014 3.41025 -151.423
vt -2.09769 2.41817
v 78.2222 3.41025 -151.156
vt -2.23502 2.47505
v 78.2634 3.41025 -150.87
vt -2.38239 2.49445
v 78.2222 3.41025 -150.583
vt -2.52976 2.47505
v 78.1014 3.41025 -150.317
vt -2.66708 2.41817
f 3798/10362/129 3799/10363/129 3800/10364/129 3801/10365/129 3802/10366/129 3803/10367/129 3804/10368/129 3805/10369/129 3806/10370/129 3807/10371/129 3808/10372/129 3795/10373/129 3794/10374/129 3809/10375/129 3810/10376/129 3811/10377/129 3812/10378/129 3813/10379/129 3814/10380/129 3815/10381/129 3816/10382/129 3817/10383/129 3818/10384/129 3819/10385/129 

vt 0.00262527 0.0307022
vn 0.533555 -3.81054e-10 0.845765
vt 0.151266 0.0307022
vn 0.737698 -5.05606e-10 0.675131
v 77.9093 86.0333 -150.087
vt 0.151266 93.5873
v 77.6589 86.0333 -149.912
vt 0.00262527 93.5873
f 3799/10386/3441 3798/10387/3442 3820/10388/3442 3821/10389/3441 

vt -0.792494 0.0307022
vt -0.643853 0.0307022
vn 0.884164 -5.91293e-10 0.467177
v 78.1014 86.0333 -150.317
vt -0.643853 93.5873
vt -0.792494 93.5873
f 3798/10390/3442 3819/10391/3443 3822/10392/3443 3820/10393/3442 

vt -1.53867 0.0307022
vt -1.39003 0.0307022
vn 0.971224 -6.37695e-10 0.238167
v 78.2222 86.0333 -150.583
vt -1.39003 93.5873
vt -1.53867 93.5873
f 3819/10394/3443 3818/10395/3444 3823/10396/3444 3822/10397/3443 

vt -2.18506 0.0307022
vt -2.03641 0.0307022
vn 1 -6.4605e-10 1.13377e-15
v 78.2634 86.0333 -150.87
vt -2.03641 93.5873
vt -2.18506 93.5873
f 3818/10398/3444 3817/10399/3445 3824/10400/3445 3823/10401/3444 

vt -2.6876 0.0307022
vt -2.53896 0.0307022
vn 0.971224 -6.17223e-10 -0.238167
v 78.2222 86.0333 -151.156
vt -2.53896 93.5873
vt -2.6876 93.5873
f 3817/10402/3445 3816/10403/3446 3825/10404/3446 3824/10405/3445 

vt -3.01205 0.0307022
vt -2.86341 0.0307022
vn 0.884164 -5.51135e-10 -0.467177
v 78.1014 86.0333 -151.423
vt -2.86341 93.5873
vt -3.01205 93.5873
f 3816/10406/3446 3815/10407/3447 3826/10408/3447 3825/10409/3446 

vt -3.1363 0.0307022
vt -2.98766 0.0307022
vn 0.737698 -4.47573e-10 -0.675131
v 77.9093 86.0333 -151.652
vt -2.98766 93.5873
vt -3.1363 93.5873
f 3815/10410/3447 3814/10411/3448 3827/10412/3448 3826/10413/3447 

vt -3.05188 0.0307022
vt -2.90324 0.0307022
vn 0.533555 -3.08353e-10 -0.845765
v 77.6589 86.0333 -151.828
vt -2.90324 93.5873
vt -3.05188 93.5873
f 3814/10414/3448 3813/10415/3449 3828/10416/3449 3827/10417/3448 

vt -2.76454 0.0307022
vt -2.6159 0.0307022
vn 0.280985 -1.40283e-10 -0.959712
v 77.3673 86.0333 -151.939
vt -2.6159 93.5873
vt -2.76454 93.5873
f 3813/10418/3449 3812/10419/3450 3829/10420/3450 3828/10421/3449 

vt -2.29387 0.0307022
vt -2.14523 0.0307022
vn -7.8043e-12 4.29794e-11 -1
v 77.0544 86.0333 -151.976
vt -2.14523 93.5873
vt -2.29387 93.5873
f 3812/10422/3450 3811/10423/3451 3830/10424/3451 3829/10425/3450 

vt -1.67195 0.0307022
vt -1.5233 0.0307022
vn -0.280985 2.22778e-10 -0.959712
v 76.7414 86.0333 -151.939
vt -1.5233 93.5873
v 77.0303 86.0333 -151.973
vt -1.66051 93.5873
vn -0.142387 1.34531e-10 -0.989811
vt -1.67195 93.5873
f 3811/10426/3451 3810/10427/3452 3831/10428/3452 3832/10429/3453 3830/10430/3451 

vt -0.941142 0.0307022
vt -0.792501 0.0307022
vn -0.533555 3.81054e-10 -0.845765
v 76.4498 86.0333 -151.828
vt -0.792501 93.5873
vt -0.941142 93.5873
f 3810/10431/3452 3809/10432/3454 3833/10433/3454 3831/10434/3452 

vt -0.151266 0.0307022
vt -0.00262527 0.0307022
vt -0.00262527 93.5873
vt -0.151266 93.5873
f 3809/10435/3454 3794/10436/3439 3797/10437/3439 3833/10438/3454 

v 76.1994 86.0333 -150.087
vt 2.78501 1.52244
v 76.4498 86.0333 -149.912
vt 2.87549 1.64036
v 76.7414 86.0333 -149.801
vt 2.93238 1.77769
v 77.0544 86.0333 -149.763
vt 2.95178 1.92506
v 77.3673 86.0333 -149.801
vt 2.93238 2.07243
vt 2.87549 2.20975
vt 2.78501 2.32768
vt 2.66708 2.41817
vt 2.52976 2.47505
vt 2.38239 2.49445
vt 2.23502 2.47505
vt 2.09769 2.41817
vt 1.97977 2.32768
vt 1.88928 2.20975
vt 1.8324 2.07243
vt 1.813 1.92506
vt 1.81449 1.91372
vt 1.8324 1.77769
vt 1.88928 1.64036
vt 1.97977 1.52244
vt 2.09769 1.43195
v 75.8865 86.0333 -151.156
vt 2.23502 1.37507
v 75.8453 86.0333 -150.87
vt 2.38239 1.35567
v 75.8865 86.0333 -150.583
vt 2.52976 1.37507
v 76.0073 86.0333 -150.317
vt 2.66708 1.43195
f 3834/10439/154 3835/10440/154 3836/10441/154 3837/10442/154 3838/10443/154 3821/10444/154 3820/10445/154 3822/10446/154 3823/10447/154 3824/10448/154 3825/10449/154 3826/10450/154 3827/10451/154 3828/10452/154 3829/10453/154 3830/10454/154 3832/10455/154 3831/10456/154 3833/10457/154 3797/10458/154 3796/10459/154 3839/10460/154 3840/10461/154 3841/10462/154 3842/10463/154 

vt 2.90324 0.0307022
vn -0.737698 4.47573e-10 0.675131
vt 3.05188 0.0307022
vn -0.533555 3.08353e-10 0.845765
vt 3.05188 93.5873
vt 2.90324 93.5873
f 3804/10464/3455 3803/10465/3456 3835/10466/3456 3834/10467/3455 

vt 2.6159 0.0307022
vt 2.76454 0.0307022
vn -0.280985 1.40283e-10 0.959712
vt 2.76454 93.5873
vt 2.6159 93.5873
f 3803/10468/3456 3802/10469/3457 3836/10470/3457 3835/10471/3456 

vt 2.14523 0.0307022
vt 2.29387 0.0307022
vn 7.8043e-12 -4.29794e-11 1
vt 2.29387 93.5873
vt 2.14523 93.5873
f 3802/10472/3457 3801/10473/3458 3837/10474/3458 3836/10475/3457 

vt 1.5233 0.0307022
vt 1.67195 0.0307022
vn 0.280985 -2.22778e-10 0.959712
vt 1.67195 93.5873
vt 1.5233 93.5873
f 3801/10476/3458 3800/10477/3459 3838/10478/3459 3837/10479/3458 

vt 0.792501 0.0307022
vt 0.941142 0.0307022
vt 0.941142 93.5873
vt 0.792501 93.5873
f 3800/10480/3459 3799/10481/3441 3821/10482/3441 3838/10483/3459 

vt 2.98766 0.0307022
vn -0.884164 5.51135e-10 0.467177
vt 3.1363 0.0307022
vt 3.1363 93.5873
vt 2.98766 93.5873
f 3805/10484/3460 3804/10485/3455 3834/10486/3455 3842/10487/3460 

vt 2.86341 0.0307022
vn -0.971224 6.17223e-10 0.238167
vt 3.01205 0.0307022
vt 3.01205 93.5873
vt 2.86341 93.5873
f 3806/10488/3461 3805/10489/3460 3842/10490/3460 3841/10491/3461 

vt 2.53896 0.0307022
vt 2.6876 0.0307022
vt 2.6876 93.5873
vt 2.53896 93.5873
f 3807/10492/3172 3806/10493/3461 3841/10494/3461 3840/10495/3172 

vt 2.03641 0.0307022
vn -0.971224 6.37695e-10 -0.238167
vt 2.18506 0.0307022
vt 2.18506 93.5873
vt 2.03641 93.5873
f 3808/10496/3462 3807/10497/3172 3840/10498/3172 3839/10499/3462 

vt 1.39003 0.0307022
vt 1.53867 0.0307022
vt 1.53867 93.5873
vt 1.39003 93.5873
f 3795/10500/3440 3808/10501/3462 3839/10502/3462 3796/10503/3440 

g Mesh33 Group44 Group43 Group1 Ombrellone_Lateral_New_Sobrano_quadrado_3_5x3_5_1 Model

v 77.8576 87.4224 -152.32
vt 3.60823e-16 1.95232
vn 1 -6.46048e-10 -9.47871e-17
v 77.8576 88.3177 -152.32
vt 3.60823e-16 3.13125
v 77.8576 88.3512 -152.318
vt -0.00262556 3.17525
v 77.8576 88.3841 -152.312
vt -0.010465 3.21862
v 77.8576 88.4161 -152.301
vt -0.023407 3.26076
v 77.8576 88.4467 -152.287
vt -0.041268 3.30106
v 77.8576 88.4755 -152.269
vt -0.0637944 3.33895
v 77.8576 88.502 -152.247
vt -0.0906666 3.37389
v 77.8576 88.526 -152.222
vt -0.121503 3.40538
v 77.8576 88.5469 -152.195
vt -0.155867 3.43299
v 77.8576 88.5646 -152.164
vt -0.193269 3.45632
v 77.8576 88.5788 -152.132
vt -0.23318 3.47503
v 77.8576 88.5894 -152.099
vt -0.275033 3.48886
v 77.8576 88.596 -152.064
vt -0.318233 3.49762
v 77.8576 87.3758 -148.243
vt -5.06309 1.891
v 77.8576 85.9396 -148.243
vt -5.06309 -4.43106e-15
v 77.8576 86.139 -152.015
vt -0.378787 0.262629
f 3843/10504/3463 3844/10505/3463 3845/10506/3463 3846/10507/3463 3847/10508/3463 3848/10509/3463 3849/10510/3463 3850/10511/3463 3851/10512/3463 3852/10513/3463 3853/10514/3463 3854/10515/3463 3855/10516/3463 3856/10517/3463 3857/10518/3463 3858/10519/3463 3859/10520/3463 

vt -2.56678 3.13125
vn -7.80415e-12 4.29794e-11 -1
vt -2.56678 1.95232
v 75.8135 87.4224 -152.32
vt 0 1.95232
v 75.8135 88.3177 -152.32
vt 0 3.13125
f 3844/10521/3464 3843/10522/3464 3860/10523/3464 3861/10524/3464 

vt -2.56678 1.90504
vn -1.41269e-10 -0.206848 -0.978373
vt -2.56678 0.17341
v 75.8135 86.139 -152.015
vt -1.99837e-16 0.17341
vt -4.93038e-32 1.90504
f 3843/10525/3465 3859/10526/3465 3862/10527/3465 3860/10528/3465 

vt -2.56678 -0.363492
vn -6.45372e-10 -0.998238 -0.0593434
vt -2.56678 -5.05515
v 75.8135 85.9396 -148.243
vt -1.56608e-13 -5.05515
vt -1.17164e-14 -0.363492
f 3859/10529/3466 3858/10530/3466 3863/10531/3466 3862/10532/3466 

vt 2.56678 1.33718e-30
vn 7.80415e-12 -4.29794e-11 1
vt 2.56678 1.891
v 75.8135 87.3758 -148.243
vt 7.11739e-16 1.891
vt 7.11739e-16 1.33718e-30
f 3858/10533/3467 3857/10534/3467 3864/10535/3467 3863/10536/3467 

vt 2.56678 -4.18916
vn 6.10683e-10 0.941178 0.337911
vt 2.56678 0.820316
v 75.8135 88.596 -152.064
vt 1.6672e-15 0.820316
vt 2.65251e-14 -4.18916
f 3857/10537/3468 3856/10538/3468 3865/10539/3468 3864/10540/3468 

vt -2.56678 1.00675
vn 6.29983e-10 0.977672 -0.210137
vt -2.56678 0.96267
vn 6.19744e-10 0.96256 -0.271069
v 75.8135 88.5894 -152.099
vt 2.30359e-15 0.96267
vt 2.66543e-15 1.00675
f 3856/10541/3469 3855/10542/3470 3866/10543/3470 3865/10544/3469 

vt -2.56678 1.35596
vt -2.56678 1.31188
vn 5.92178e-10 0.921313 -0.388822
v 75.8135 88.5788 -152.132
vt 1.1852e-15 1.31188
vt 1.39793e-15 1.35596
f 3855/10545/3470 3854/10546/3471 3867/10547/3471 3866/10548/3470 

vt -2.56678 1.68624
vt -2.56678 1.64216
vn 5.55801e-10 0.866342 -0.499451
v 75.8135 88.5646 -152.164
vt 6.84489e-16 1.64216
vt 8.25839e-16 1.68624
f 3854/10549/3471 3853/10550/3472 3868/10551/3472 3867/10552/3471 

vt -2.56678 1.9929
vt -2.56678 1.94882
vn 5.11526e-10 0.79904 -0.601278
v 75.8135 88.5469 -152.195
vt 4.09569e-16 1.94882
vt 5.07851e-16 1.9929
f 3853/10553/3472 3852/10554/3473 3869/10555/3473 3868/10556/3472 

vt -2.56678 2.27159
vt -2.56678 2.22751
vn 4.60365e-10 0.720958 -0.692979
v 75.8135 88.526 -152.222
vt 2.44008e-16 2.22751
vt 3.13018e-16 2.27159
f 3852/10557/3473 3851/10558/3474 3870/10559/3474 3869/10560/3473 

vt -2.56678 2.51836
vt -2.56678 2.47428
vn 4.03366e-10 0.633705 -0.773575
v 75.8135 88.502 -152.247
vt 1.4049e-16 2.47428
vt 1.88272e-16 2.51836
f 3851/10561/3474 3850/10562/3475 3871/10563/3475 3870/10564/3474 

vt -2.56678 2.72969
vt -2.56678 2.68562
vn 3.4156e-10 0.538867 -0.842391
v 75.8135 88.4755 -152.269
vt 7.57299e-17 2.68562
vt 1.0763e-16 2.72969
f 3850/10565/3475 3849/10566/3476 3872/10567/3476 3871/10568/3475 

vt -2.56678 2.90261
vt -2.56678 2.85853
vn 2.75924e-10 0.437955 -0.898997
v 75.8135 88.4467 -152.287
vt 3.6555e-17 2.85853
vt 5.65089e-17 2.90261
f 3849/10569/3476 3848/10570/3477 3873/10571/3477 3872/10572/3476 

vt -2.56678 3.03464
vt -2.56678 2.99056
vn 2.07367e-10 0.33237 -0.943149
v 75.8135 88.4161 -152.301
vt 1.4619e-17 2.99056
vt 2.57742e-17 3.03464
f 3848/10573/3477 3847/10574/3478 3874/10575/3478 3873/10576/3477 

vt -2.56678 3.12392
vt -2.56678 3.07984
vn 1.36721e-10 0.223402 -0.974726
v 75.8135 88.3841 -152.312
vt 4.07774e-18 3.07984
vt 9.12066e-18 3.12392
f 3847/10577/3478 3846/10578/3479 3875/10579/3479 3874/10580/3478 

vt -2.56678 3.16917
vt -2.56678 3.12509
vn 6.47573e-11 0.11224 -0.993681
v 75.8135 88.3512 -152.318
vt 4.50079e-19 3.12509
vt 1.79393e-18 3.16917
f 3846/10581/3479 3845/10582/3480 3876/10583/3480 3875/10584/3479 

vt -2.56678 3.16976
vt -2.56678 3.12569
vn 2.85075e-11 0.0561867 -0.99842
vt 0 3.12569
vt -9.86267e-20 3.16976
f 3845/10585/3480 3844/10586/3481 3861/10587/3481 3876/10588/3480 

vn -1 6.46048e-10 9.47871e-17
vt 0.378787 0.262629
vt 5.06309 -1.22868e-30
vt 5.06309 1.891
vt 0.318233 3.49762
vt 0.275033 3.48886
vt 0.23318 3.47503
vt 0.193269 3.45632
vt 0.155867 3.43299
vt 0.121503 3.40538
vt 0.0906666 3.37389
vt 0.0637944 3.33895
vt 0.041268 3.30106
vt 0.023407 3.26076
vt 0.010465 3.21862
vt 0.00262556 3.17525
f 3861/10524/3482 3860/10523/3482 3862/10589/3482 3863/10590/3482 3864/10591/3482 3865/10592/3482 3866/10593/3482 3867/10594/3482 3868/10595/3482 3869/10596/3482 3870/10597/3482 3871/10598/3482 3872/10599/3482 3873/10600/3482 3874/10601/3482 3875/10602/3482 3876/10603/3482 

g Mesh34 Group43 Group1 Ombrellone_Lateral_New_Sobrano_quadrado_3_5x3_5_1 Model

usemtl A04_Scarlet_Glow1
v 75.8135 87.2754 -148.718
vt -0.202453 0.0800622
v 75.8135 87.2695 -148.67
vt -0.205134 0.0797072
v 75.8135 87.2522 -148.626
vt -0.207633 0.0786663
v 75.8135 87.2245 -148.588
vt -0.209779 0.0770105
v 75.8135 87.1885 -148.558
vt -0.211425 0.0748527
v 75.8135 87.1466 -148.54
vt -0.21246 0.0723398
v 75.8135 87.1016 -148.534
vt -0.212813 0.0696432
v 75.8135 87.0566 -148.54
vt -0.21246 0.0669465
v 75.8135 87.0147 -148.558
vt -0.211425 0.0644336
v 75.8135 86.9787 -148.588
vt -0.209779 0.0622758
v 75.8135 86.951 -148.626
vt -0.207633 0.06062
v 75.8135 86.9337 -148.67
vt -0.205134 0.0595791
v 75.8135 86.9278 -148.718
vt -0.202453 0.0592241
v 75.8135 86.9337 -148.766
vt -0.199771 0.0595791
v 75.8135 86.951 -148.81
vt -0.197273 0.06062
v 75.8135 86.9787 -148.848
vt -0.195127 0.0622758
v 75.8135 87.0147 -148.878
vt -0.19348 0.0644336
v 75.8135 87.0566 -148.896
vt -0.192445 0.0669465
v 75.8135 87.1016 -148.902
vt -0.192092 0.0696432
v 75.8135 87.1466 -148.896
vt -0.192445 0.0723398
v 75.8135 87.1885 -148.878
vt -0.19348 0.0748527
v 75.8135 87.2245 -148.848
vt -0.195127 0.0770105
v 75.8135 87.2522 -148.81
vt -0.197273 0.0786663
v 75.8135 87.2695 -148.766
vt -0.199771 0.0797072
f 3877/10604/3177 3878/10605/3177 3879/10606/3177 3880/10607/3177 3881/10608/3177 3882/10609/3177 3883/10610/3177 3884/10611/3177 3885/10612/3177 3886/10613/3177 3887/10614/3177 3888/10615/3177 3889/10616/3177 3890/10617/3177 3891/10618/3177 3892/10619/3177 3893/10620/3177 3894/10621/3177 3895/10622/3177 3896/10623/3177 3897/10624/3177 3898/10625/3177 3899/10626/3177 3900/10627/3177 

vt 0.00207211 -0.194124
vn 6.23587e-10 0.961929 0.273298
vt 0.00207211 -0.191404
v 75.777 87.2754 -148.718
vt 2.70346e-33 -0.191404
v 75.777 87.2695 -148.67
vt 2.73927e-33 -0.194124
f 3878/10628/3483 3877/10629/154 3901/10630/154 3902/10631/3483 

vt -0.00207211 0.212304
vt -0.00207211 0.209584
vn 6.19321e-10 0.961929 -0.273298
v 75.777 87.2695 -148.766
vt -2.66766e-33 0.209584
vt -2.70346e-33 0.212304
f 3877/10632/154 3900/10633/3484 3903/10634/3484 3901/10635/154 

vt -0.00207211 0.216109
vt -0.00207211 0.213389
vn 5.46925e-10 0.852875 -0.522114
v 75.777 87.2522 -148.81
vt -3.56818e-33 0.213389
vt -3.61337e-33 0.216109
f 3900/10636/3484 3899/10637/3485 3904/10638/3485 3903/10639/3484 

vt -0.00207211 0.205279
vt -0.00207211 0.202559
vn 4.37582e-10 0.686108 -0.7275
v 75.777 87.2245 -148.848
vt -2.19053e-33 0.202559
vt -2.21462e-33 0.205279
f 3899/10640/3485 3898/10641/3486 3905/10642/3486 3904/10643/3485 

vt -0.00207211 0.180553
vt -0.00207211 0.177833
vn 3.02091e-10 0.478207 -0.878247
v 75.777 87.1885 -148.878
vt 3.28324e-33 0.177833
vt 3.31118e-33 0.180553
f 3898/10644/3486 3897/10645/3487 3906/10646/3487 3905/10647/3486 

vt -0.00207211 0.143615
vt -0.00207211 0.140895
vn 1.50717e-10 0.245002 -0.969523
v 75.777 87.1466 -148.896
vt 0 0.140895
vt 0 0.143615
f 3897/10648/3487 3896/10649/3488 3907/10650/3488 3906/10651/3487 

vt -0.00207211 0.0969819
vt -0.00207211 0.094262
vn -7.80429e-12 4.29794e-11 -1
v 75.777 87.1016 -148.902
vt 0 0.094262
vt 0 0.0969819
f 3896/10652/3488 3895/10653/3489 3908/10654/3489 3907/10655/3488 

vt -0.00207211 0.0438327
vt -0.00207211 0.0411128
vn -1.6585e-10 -0.245002 -0.969523
v 75.777 87.0566 -148.896
vt 0 0.0411128
vt 0 0.0438327
f 3895/10656/3489 3894/10657/3490 3909/10658/3490 3908/10659/3489 

vt -0.00207211 -0.0122108
vt -0.00207211 -0.0149307
vn -3.15799e-10 -0.478207 -0.878247
v 75.777 87.0147 -148.878
vt 0 -0.0149307
vt 0 -0.0122108
f 3894/10660/3490 3893/10661/3491 3910/10662/3491 3909/10663/3490 

vt -0.00207211 -0.0673296
vt -0.00207211 -0.0700495
vn -4.48937e-10 -0.686108 -0.7275
v 75.777 86.9787 -148.848
vt 3.31118e-33 -0.0700495
vt 3.28324e-33 -0.0673296
f 3893/10664/3491 3892/10665/3492 3911/10666/3492 3910/10667/3491 

vt -0.00207211 -0.117767
vt -0.00207211 -0.120487
vn -5.55075e-10 -0.852875 -0.522114
v 75.777 86.951 -148.81
vt -2.21462e-33 -0.120487
vt -2.19053e-33 -0.117767
f 3892/10668/3492 3891/10669/3493 3912/10670/3493 3911/10671/3492 

vt -0.00207211 -0.160087
vt -0.00207211 -0.162806
vn -6.23587e-10 -0.961929 -0.273298
v 75.777 86.9337 -148.766
vt -3.61337e-33 -0.162806
vt -3.56818e-33 -0.160087
f 3891/10672/3493 3890/10673/3494 3913/10674/3494 3912/10675/3493 

vt -0.00207211 -0.191404
vt -0.00207211 -0.194124
v 75.777 86.9278 -148.718
vt -2.70346e-33 -0.194124
vt -2.66766e-33 -0.191404
f 3890/10676/3494 3889/10677/129 3914/10678/129 3913/10679/3494 

vt 0.00207211 0.209584
vt 0.00207211 0.212304
vn -6.19321e-10 -0.961929 0.273298
v 75.777 86.9337 -148.67
vt 2.73927e-33 0.212304
vt 2.70346e-33 0.209584
f 3889/10680/129 3888/10681/3495 3915/10682/3495 3914/10683/129 

vt 0.00207211 0.213389
vt 0.00207211 0.216109
vn -5.46925e-10 -0.852875 0.522114
v 75.777 86.951 -148.626
vt 3.75557e-33 0.216109
vt 3.71038e-33 0.213389
f 3888/10684/3495 3887/10685/3496 3916/10686/3496 3915/10687/3495 

vt 0.00207211 0.202559
vt 0.00207211 0.205279
vn -4.37582e-10 -0.686108 0.7275
v 75.777 86.9787 -148.588
vt 2.35502e-33 0.205279
vt 2.33093e-33 0.202559
f 3887/10688/3496 3886/10689/3497 3917/10690/3497 3916/10691/3496 

vt 0.00207211 0.177833
vt 0.00207211 0.180553
vn -3.02091e-10 -0.478207 0.878247
v 75.777 87.0147 -148.558
vt -3.58775e-33 0.180553
vt -3.55981e-33 0.177833
f 3886/10692/3497 3885/10693/3498 3918/10694/3498 3917/10695/3497 

vt 0.00207211 0.140895
vt 0.00207211 0.143615
vn -1.50717e-10 -0.245002 0.969523
v 75.777 87.0566 -148.54
f 3885/10696/3498 3884/10697/3499 3919/10651/3499 3918/10650/3498 

vt 0.00207211 0.094262
vt 0.00207211 0.0969819
vn 7.80429e-12 -4.29794e-11 1
v 75.777 87.1016 -148.534
f 3884/10698/3499 3883/10699/3500 3920/10655/3500 3919/10654/3499 

vt 0.00207211 0.0411128
vt 0.00207211 0.0438327
vn 1.6585e-10 0.245002 0.969523
v 75.777 87.1466 -148.54
f 3883/10700/3500 3882/10701/3501 3921/10659/3501 3920/10658/3500 

vt 0.00207211 -0.0149307
vt 0.00207211 -0.0122108
vn 3.15799e-10 0.478207 0.878247
v 75.777 87.1885 -148.558
f 3882/10702/3501 3881/10703/3502 3922/10663/3502 3921/10662/3501 

vt 0.00207211 -0.0700495
vt 0.00207211 -0.0673296
vn 4.48937e-10 0.686108 0.7275
v 75.777 87.2245 -148.588
vt -3.55981e-33 -0.0673296
vt -3.58775e-33 -0.0700495
f 3881/10704/3502 3880/10705/3503 3923/10706/3503 3922/10707/3502 

vt 0.00207211 -0.120487
vt 0.00207211 -0.117767
vn 5.55075e-10 0.852875 0.522114
v 75.777 87.2522 -148.626
vt 2.33093e-33 -0.117767
vt 2.35502e-33 -0.120487
f 3880/10708/3503 3879/10709/3504 3924/10710/3504 3923/10711/3503 

vt 0.00207211 -0.162806
vt 0.00207211 -0.160087
vt 3.71038e-33 -0.160087
vt 3.75557e-33 -0.162806
f 3879/10712/3504 3878/10713/3483 3902/10714/3483 3924/10715/3504 

vt 0.205134 0.0797072
vt 0.202453 0.0800622
vt 0.199771 0.0797072
vt 0.197273 0.0786663
vt 0.195127 0.0770105
vt 0.19348 0.0748527
vt 0.192445 0.0723398
vt 0.192092 0.0696432
vt 0.192445 0.0669465
vt 0.19348 0.0644336
vt 0.195127 0.0622758
vt 0.197273 0.06062
vt 0.199771 0.0595791
vt 0.202453 0.0592241
vt 0.205134 0.0595791
vt 0.207633 0.06062
vt 0.209779 0.0622758
vt 0.211425 0.0644336
vt 0.21246 0.0669465
vt 0.212813 0.0696432
vt 0.21246 0.0723398
vt 0.211425 0.0748527
vt 0.209779 0.0770105
vt 0.207633 0.0786663
f 3902/10716/3172 3901/10717/3172 3903/10718/3172 3904/10719/3172 3905/10720/3172 3906/10721/3172 3907/10722/3172 3908/10723/3172 3909/10724/3172 3910/10725/3172 3911/10726/3172 3912/10727/3172 3913/10728/3172 3914/10729/3172 3915/10730/3172 3916/10731/3172 3917/10732/3172 3918/10733/3172 3919/10734/3172 3920/10735/3172 3921/10736/3172 3922/10737/3172 3923/10738/3172 3924/10739/3172 

g Mesh35 Group45 Group1 Ombrellone_Lateral_New_Sobrano_quadrado_3_5x3_5_1 Model

usemtl M04_Stone_Frost
v 75.1263 71.9823 -154.336
vt 0.0409101 3.53877
vn -3.87204e-10 -0.608934 0.793221
v 75.1263 72.0557 -154.306
vt 0.0409101 3.59076
vn -2.09405e-10 -0.335521 0.942033
v 75.076 72.0557 -154.306
vt -5.03205e-15 3.59076
v 75.076 71.9823 -154.336
vt -4.84356e-15 3.53877
f 3925/10740/3505 3926/10741/3506 3927/10742/3506 3928/10743/3505 

v 75.1263 72.3978 -154.752
vt -0.269994 3.91291
vn 1 -6.46041e-10 -5.21012e-15
v 75.1263 72.4282 -154.678
vt -0.324211 3.93233
v 75.1263 72.4386 -154.6
vt -0.382393 3.93895
v 75.1263 72.4282 -154.521
vt -0.440574 3.93233
v 75.1263 72.3978 -154.448
vt -0.494791 3.91291
v 75.1263 72.3495 -154.385
vt -0.541348 3.88201
v 75.1263 72.2865 -154.336
vt -0.577072 3.84175
v 75.1263 72.2131 -154.306
vt -0.59953 3.79487
v 75.1263 72.1344 -154.295
vt -0.607189 3.74455
vt -0.59953 3.69423
vt -0.577072 3.64735
v 75.1263 71.9193 -154.385
vt -0.541348 3.60709
v 75.1263 71.871 -154.448
vt -0.494791 3.57619
v 75.1263 71.8406 -154.521
vt -0.440574 3.55677
v 75.1263 71.8302 -154.6
vt -0.382393 3.55015
v 75.1263 71.8406 -154.678
vt -0.324211 3.55677
v 75.1263 71.871 -154.752
vt -0.269994 3.57619
v 75.1263 71.9193 -154.815
vt -0.223437 3.60709
v 75.1263 71.9823 -154.863
vt -0.187713 3.64735
v 75.1263 72.0557 -154.894
vt -0.165256 3.69423
v 75.1263 72.1344 -154.904
vt -0.157596 3.74455
v 75.1263 72.2131 -154.894
vt -0.165256 3.79487
v 75.1263 72.2865 -154.863
vt -0.187713 3.84175
v 75.1263 72.3495 -154.815
vt -0.223437 3.88201
f 3929/10744/3507 3930/10745/3507 3931/10746/3507 3932/10747/3507 3933/10748/3507 3934/10749/3507 3935/10750/3507 3936/10751/3507 3937/10752/3507 3926/10753/3507 3925/10754/3507 3938/10755/3507 3939/10756/3507 3940/10757/3507 3941/10758/3507 3942/10759/3507 3943/10760/3507 3944/10761/3507 3945/10762/3507 3946/10763/3507 3947/10764/3507 3948/10765/3507 3949/10766/3507 3950/10767/3507 

v 75.1263 72.7466 -155.314
vt -0.145546 4.13584
vn -1 6.46049e-10 5.88707e-15
vt 0.269994 3.91291
vt 0.324211 3.93233
f 3951/10768/3508 3929/10769/3508 3930/10770/3508

vt 0.223437 3.88201
f 3951/10768/3508 3950/10771/3508 3929/10769/3508

vt 0.187713 3.84175
f 3951/10768/3508 3949/10772/3508 3950/10771/3508

vt 0.165256 3.79487
f 3951/10768/3508 3948/10773/3508 3949/10772/3508

vt 0.157596 3.74455
f 3951/10768/3508 3947/10774/3508 3948/10773/3508

vt 0.165256 3.69423
f 3951/10768/3508 3946/10775/3508 3947/10774/3508

vt 0.187713 3.64735
f 3951/10768/3508 3945/10776/3508 3946/10775/3508

v 75.1263 69.34 -155.314
vt -0.145546 1.95852
f 3952/10777/3508 3945/10776/3508 3951/10768/3508

vt 0.223437 3.60709
f 3952/10777/3508 3944/10778/3508 3945/10776/3508

vt 0.269994 3.57619
f 3952/10777/3508 3943/10779/3508 3944/10778/3508

vt 0.324211 3.55677
f 3952/10777/3508 3942/10780/3508 3943/10779/3508

vt 0.382393 3.55015
f 3952/10777/3508 3941/10781/3508 3942/10780/3508

v 75.1263 71.2448 -148.065
vt 5.2102 3.176
f 3952/10777/3508 3953/10782/3508 3941/10781/3508

v 75.1263 68.5566 -153.868
vt 0.92292 1.45782
f 3954/10783/3508 3953/10782/3508 3952/10777/3508

v 75.1263 68.5462 -153.789
vt 0.981095 1.45115
f 3955/10784/3508 3953/10782/3508 3954/10783/3508

v 75.1263 68.5157 -153.716
vt 1.03529 1.43169
f 3956/10785/3508 3953/10782/3508 3955/10784/3508

v 75.1263 68.4673 -153.653
vt 1.08182 1.40076
f 3957/10786/3508 3953/10782/3508 3956/10785/3508

v 75.1263 68.4043 -153.605
vt 1.1175 1.36047
f 3958/10787/3508 3953/10782/3508 3957/10786/3508

v 75.1263 68.3309 -153.574
vt 1.13991 1.31357
f 3959/10788/3508 3953/10782/3508 3958/10787/3508

v 75.1263 68.2522 -153.564
vt 1.14752 1.26325
f 3960/10789/3508 3953/10782/3508 3959/10788/3508

v 75.1263 68.1734 -153.575
vt 1.1398 1.21294
f 3961/10790/3508 3953/10782/3508 3960/10789/3508

v 75.1263 68.1001 -153.605
vt 1.1173 1.16607
f 3962/10791/3508 3953/10782/3508 3961/10790/3508

v 75.1263 68.0372 -153.653
vt 1.08153 1.12583
f 3963/10792/3508 3953/10782/3508 3962/10791/3508

v 75.1263 67.9889 -153.717
vt 1.03494 1.09497
f 3964/10793/3508 3953/10782/3508 3963/10792/3508

v 75.1263 66.2757 -154.529
vt 0.434791 -3.11658e-17
f 3964/10793/3508 3965/10794/3508 3953/10782/3508

v 75.1263 67.9586 -153.79
vt 0.980707 1.0756
f 3966/10795/3508 3965/10794/3508 3964/10793/3508

v 75.1263 67.9483 -153.869
vt 0.922519 1.06902
f 3965/10794/3508 3966/10795/3508 3967/10796/3508

vt 0.0409101 1.03678
vn -6.46056e-10 -1 -0.00067123
vt 0.0409101 1.09534
vn -6.31894e-10 -0.980464 0.196696
v 75.076 67.9586 -153.79
vt 7.61164e-15 1.09534
v 75.076 67.9483 -153.869
vt 7.16002e-15 1.03678
f 3967/10797/3509 3966/10798/3510 3968/10799/3510 3969/10800/3509 

vt -0.981095 1.45115
vn 1 -6.46052e-10 -7.03205e-15
vt -1.03529 1.43169
vt -1.08182 1.40076
vt -1.1175 1.36047
vt -1.13991 1.31357
vt -1.14752 1.26325
vt -1.1398 1.21294
vt -1.1173 1.16607
vt -1.08153 1.12583
vt -1.03494 1.09497
vt -0.980707 1.0756
vt -0.922519 1.06902
v 75.1263 67.9587 -153.947
vt -0.864344 1.07569
v 75.1263 67.9891 -154.021
vt -0.810147 1.09515
v 75.1263 68.0375 -154.084
vt -0.763622 1.12608
v 75.1263 68.1006 -154.132
vt -0.727939 1.16637
v 75.1263 68.174 -154.162
vt -0.705531 1.21327
v 75.1263 68.2527 -154.173
vt -0.697923 1.26359
v 75.1263 68.3314 -154.162
vt -0.705635 1.3139
v 75.1263 68.4047 -154.132
vt -0.72814 1.36077
v 75.1263 68.4677 -154.083
vt -0.763906 1.40101
v 75.1263 68.516 -154.02
vt -0.810495 1.43187
v 75.1263 68.5463 -153.947
vt -0.864732 1.45124
vt -0.92292 1.45782
f 3955/10801/3511 3956/10802/3511 3957/10803/3511 3958/10804/3511 3959/10805/3511 3960/10806/3511 3961/10807/3511 3962/10808/3511 3963/10809/3511 3964/10810/3511 3966/10811/3511 3967/10812/3511 3970/10813/3511 3971/10814/3511 3972/10815/3511 3973/10816/3511 3974/10817/3511 3975/10818/3511 3976/10819/3511 3977/10820/3511 3978/10821/3511 3979/10822/3511 3980/10823/3511 3954/10824/3511 

vt 0.0409101 -0.490478
vn 5.95584e-10 0.917063 0.398743
vt 0.0409101 -0.432893
vn 6.34801e-10 0.980191 0.198052
v 75.076 68.5462 -153.789
vt -1.20051e-14 -0.432893
v 75.076 68.5157 -153.716
vt -1.26682e-14 -0.490478
f 3956/10825/3512 3955/10826/3513 3981/10827/3513 3982/10828/3512 

vt 0.0409101 -0.809435
vt 0.0409101 -0.750879
vn 6.46056e-10 1 0.00067123
v 75.076 68.5566 -153.868
vt -2.07181e-14 -0.750879
vt -2.20241e-14 -0.809435
f 3955/10829/3513 3954/10830/3514 3983/10831/3514 3981/10832/3513 

vt -0.0409101 1.08087
vt -0.0409101 1.02231
vn 6.31894e-10 0.980464 -0.196696
v 75.076 68.5463 -153.947
vt -6.71151e-15 1.02231
vt -7.16313e-15 1.08087
f 3954/10833/3514 3980/10834/3515 3984/10835/3515 3983/10836/3514 

vt 0.864732 1.45124
f 3952/10777/3508 3980/10837/3508 3954/10783/3508

vt 0.810495 1.43187
f 3952/10777/3508 3979/10838/3508 3980/10837/3508

vt 0.763906 1.40101
f 3952/10777/3508 3978/10839/3508 3979/10838/3508

vt 0.72814 1.36077
f 3952/10777/3508 3977/10840/3508 3978/10839/3508

vt 0.705635 1.3139
f 3952/10777/3508 3976/10841/3508 3977/10840/3508

vt 0.697923 1.26359
f 3952/10777/3508 3975/10842/3508 3976/10841/3508

vt 0.705531 1.21327
f 3952/10777/3508 3974/10843/3508 3975/10842/3508

vt 0.727939 1.16637
f 3952/10777/3508 3973/10844/3508 3974/10843/3508

vt 0.763622 1.12608
f 3952/10777/3508 3972/10845/3508 3973/10844/3508

f 3965/10794/3508 3972/10845/3508 3952/10777/3508

vt 0.810147 1.09515
f 3972/10845/3508 3965/10794/3508 3971/10846/3508

vt 0.864344 1.07569
f 3971/10846/3508 3965/10794/3508 3970/10847/3508

f 3970/10847/3508 3965/10794/3508 3967/10796/3508

vt -0.0409101 -0.736206
vn -6.34801e-10 -0.980191 -0.198052
vt -0.0409101 -0.794762
vt 2.07091e-14 -0.794762
v 75.076 67.9587 -153.947
vt 1.94032e-14 -0.736206
f 3970/10848/3516 3967/10849/3509 3969/10850/3509 3985/10851/3516 

vn -1 6.46052e-10 7.03205e-15
v 75.076 68.516 -154.02
v 75.076 68.4677 -154.083
v 75.076 68.4047 -154.132
v 75.076 68.3314 -154.162
v 75.076 68.2527 -154.173
v 75.076 68.174 -154.162
v 75.076 68.1006 -154.132
v 75.076 68.0375 -154.084
v 75.076 67.9891 -154.021
v 75.076 67.9889 -153.717
v 75.076 68.0372 -153.653
v 75.076 68.1001 -153.605
v 75.076 68.1734 -153.575
v 75.076 68.2522 -153.564
v 75.076 68.3309 -153.574
v 75.076 68.4043 -153.605
v 75.076 68.4673 -153.653
f 3982/10785/3517 3981/10784/3517 3983/10783/3517 3984/10837/3517 3986/10838/3517 3987/10839/3517 3988/10840/3517 3989/10841/3517 3990/10842/3517 3991/10843/3517 3992/10844/3517 3993/10845/3517 3994/10846/3517 3985/10847/3517 3969/10796/3517 3968/10795/3517 3995/10793/3517 3996/10792/3517 3997/10791/3517 3998/10790/3517 3999/10789/3517 4000/10788/3517 4001/10787/3517 4002/10786/3517 

vt -0.0409101 1.30262
vt -0.0409101 1.24502
vn 5.89753e-10 0.917663 -0.39736
vt 2.13564e-15 1.24502
vt 2.27855e-15 1.30262
f 3980/10852/3515 3979/10853/3518 3986/10854/3518 3984/10855/3515 

vt -0.0409101 1.4664
vt -0.0409101 1.41052
vn 5.1204e-10 0.799826 -0.600232
vt 3.70613e-15 1.41052
vt 3.93215e-15 1.4664
f 3979/10856/3518 3978/10857/3519 3987/10858/3519 3986/10859/3518 

vt -0.0409101 1.55463
vt -0.0409101 1.5008
vn 3.87722e-10 0.609724 -0.792613
vt 4.30998e-15 1.5008
vt 4.52168e-15 1.55463
f 3978/10860/3519 3977/10861/3520 3988/10862/3520 3987/10863/3519 

vt -0.0409101 1.54187
vt -0.0409101 1.48987
vn 2.10096e-10 0.336585 -0.941653
vt 4.67276e-15 1.48987
vt 4.8218e-15 1.54187
f 3977/10864/3520 3976/10865/3521 3989/10866/3521 3988/10867/3520 

vt -0.0409101 1.40565
vt -0.0409101 1.35475
vn -7.04394e-12 0.00118736 -0.999999
vt 5.01403e-15 1.35475
vt 5.06943e-15 1.40565
f 3976/10868/3521 3975/10869/3522 3990/10870/3522 3989/10871/3521 

vt -0.0409101 1.14507
vt -0.0409101 1.09417
vn -2.23437e-10 -0.334456 -0.942411
vt 5.43809e-15 1.09417
vt 5.37945e-15 1.14507
f 3975/10872/3522 3974/10873/3523 3991/10874/3523 3990/10875/3522 

vt -0.0409101 0.790601
vt -0.0409101 0.738619
vn -3.99092e-10 -0.608143 -0.793828
vt 6.01963e-15 0.738619
vt 5.83432e-15 0.790601
f 3974/10876/3523 3973/10877/3524 3992/10878/3524 3991/10879/3523 

vt -0.0409101 0.390528
vt -0.0409101 0.336709
vn -5.20761e-10 -0.798794 -0.601605
vt 6.85033e-15 0.336709
vt 6.53022e-15 0.390528
f 3973/10880/3524 3972/10881/3525 3993/10882/3525 3992/10883/3524 

vt -0.0409101 -0.0124846
vt -0.0409101 -0.0683529
vn -5.95584e-10 -0.917063 -0.398743
vt 8.12942e-15 -0.0683529
vt 7.66257e-15 -0.0124846
f 3972/10884/3525 3971/10885/3526 3994/10886/3526 3993/10887/3525 

vt -0.0409101 -0.39233
vt -0.0409101 -0.449915
vt 1.05765e-14 -0.449915
vt 9.91328e-15 -0.39233
f 3971/10888/3526 3970/10889/3516 3985/10890/3516 3994/10891/3526 

vt 0.0409101 1.28543
vt 0.0409101 1.34303
vn -5.89753e-10 -0.917663 0.39736
vt -2.72706e-15 1.34303
vt -2.58414e-15 1.28543
f 3966/10892/3510 3964/10893/3527 3995/10894/3527 3968/10895/3510 

vt 0.0409101 1.46749
vt 0.0409101 1.52338
vn -5.1204e-10 -0.799826 0.600232
vt -5.24711e-15 1.52338
vt -5.02108e-15 1.46749
f 3964/10896/3527 3963/10897/3528 3996/10898/3528 3995/10899/3527 

vt 0.0409101 1.55999
vt 0.0409101 1.61382
vn -3.87722e-10 -0.609724 0.792613
vt -6.61347e-15 1.61382
vt -6.40176e-15 1.55999
f 3963/10900/3528 3962/10901/3529 3997/10902/3529 3996/10903/3528 

vt 0.0409101 1.5348
vt 0.0409101 1.58679
vn -2.10096e-10 -0.336585 0.941653
vt -7.54786e-15 1.58679
vt -7.39883e-15 1.5348
f 3962/10904/3529 3961/10905/3530 3998/10906/3530 3997/10907/3529 

vt 0.0409101 1.37163
vt 0.0409101 1.42253
vn 7.04394e-12 -0.00118736 0.999999
vt -8.24401e-15 1.42253
vt -8.1886e-15 1.37163
f 3961/10908/3530 3960/10909/3531 3999/10910/3531 3998/10911/3530 

vt 0.0409101 1.07752
vt 0.0409101 1.12841
vn 2.23437e-10 0.334456 0.942411
vt -8.78619e-15 1.12841
vt -8.84483e-15 1.07752
f 3960/10912/3531 3959/10913/3532 4000/10914/3532 3999/10915/3531 

vt 0.0409101 0.693844
vt 0.0409101 0.745826
vn 3.99092e-10 0.608143 0.793828
vt -9.24105e-15 0.745826
vt -9.42636e-15 0.693844
f 3959/10916/3532 3958/10917/3533 4001/10918/3533 4000/10919/3532 

vt 0.0409101 0.277555
vt 0.0409101 0.331374
vn 5.20761e-10 0.798794 0.601605
vt -9.7048e-15 0.331374
vt -1.00249e-14 0.277555
f 3958/10920/3533 3957/10921/3534 4002/10922/3534 4001/10923/3533 

vt 0.0409101 -0.125392
vt 0.0409101 -0.0695239
vt -1.03886e-14 -0.0695239
vt -1.08555e-14 -0.125392
f 3957/10924/3534 3956/10925/3512 3982/10926/3512 4002/10927/3534 

v 78.8021 69.34 -155.314
vt -3.03348 1.91917
vn -2.16739e-10 -0.32405 -0.94604
v 78.8021 66.2757 -154.529
vt -3.03348 -0.123526
vt -0.0409101 -0.123526
vt -0.0409101 1.91917
f 4003/10928/3535 4004/10929/3535 3965/10930/3535 3952/10931/3535 

v 78.8021 71.2448 -148.065
vt -5.2102 3.176
vn 1 -6.46047e-10 -6.46482e-15
vt -0.434791 -6.7376e-15
vt 0.145546 1.95852
v 78.8021 72.7466 -155.314
vt 0.145546 4.13584
v 78.8021 74.689 -148.402
vt -4.96174 5.37731
v 78.8021 73.3855 -148.035
vt -5.23252 4.54419
v 78.8021 73.3016 -148.035
vt -5.23252 4.49059
v 78.8021 73.3016 -148.644
vt -4.78293 4.49059
v 78.8021 73.3855 -148.644
vt -4.78293 4.54419
v 78.8021 73.3855 -148.667
vt -4.7655 4.54419
v 78.8021 73.3016 -148.644
v 78.8021 73.2209 -148.621
vt -4.7997 4.43898
f 4005/10932/3536 4004/10933/3536 4003/10934/3536 4006/10935/3536 4007/10936/3536 4008/10937/3536 4009/10938/3536 4010/10939/3536 4011/10940/3536 4012/10941/3536 4013/10939/3536 4014/10942/3536 

vt 3.03348 0.362034
vn -5.56089e-10 -0.866781 0.498689
vt 3.03348 6.09714
vt 0.0409101 6.09714
vt 0.0409101 0.362034
f 4004/10943/3537 4005/10944/3537 3953/10945/3537 3965/10946/3537 

vt 3.03348 1.40997
vn 2.34536e-10 0.351714 0.936108
vt 3.03348 2.73798
v 75.1263 73.2209 -148.621
vt 0.0409101 2.73798
vt 0.0409101 1.40997
f 4005/10947/3538 4014/10948/3538 4015/10949/3538 3953/10950/3538 

vn 2.3453e-10 0.351714 0.936108
vt 3.03348 2.79224
v 75.1263 73.3016 -148.644
vt 0.0409101 2.79224
f 4014/10948/3539 4010/10951/3539 4016/10952/3539 4015/10949/3539 

v 75.1263 73.3855 -148.667
vt 0.0409101 2.84861
vn 2.34527e-10 0.351714 0.936108
vt 3.03348 2.84861
f 4017/10953/3540 4016/10952/3540 4010/10951/3540 4012/10954/3540 

v 75.1263 73.4991 -149.422
vt 4.20785 4.6168
vt 4.78293 4.49059
vt 4.7655 4.54419
f 4018/10955/3508 4016/10956/3508 4017/10957/3508

v 75.1263 73.5114 -149.501
vt 4.14988 4.62468
f 4019/10958/3508 4016/10956/3508 4018/10955/3508

vt 4.7997 4.43898
f 4019/10958/3508 4015/10959/3508 4016/10956/3508

f 3951/10768/3508 4015/10959/3508 4019/10958/3508

vt 0.382393 3.93895
f 3931/10960/3508 4015/10959/3508 3951/10768/3508

vt 0.440574 3.93233
f 3932/10961/3508 4015/10959/3508 3931/10960/3508

vt 0.494791 3.91291
f 3933/10962/3508 4015/10959/3508 3932/10961/3508

vt 0.541348 3.88201
f 3934/10963/3508 4015/10959/3508 3933/10962/3508

vt 0.577072 3.84175
f 3935/10964/3508 4015/10959/3508 3934/10963/3508

vt 0.59953 3.79487
f 3936/10965/3508 4015/10959/3508 3935/10964/3508

vt 0.607189 3.74455
f 3937/10966/3508 4015/10959/3508 3936/10965/3508

vt 0.59953 3.69423
f 3926/10967/3508 4015/10959/3508 3937/10966/3508

vt 0.577072 3.64735
f 3925/10968/3508 4015/10959/3508 3926/10967/3508

vt 0.541348 3.60709
f 3938/10969/3508 4015/10959/3508 3925/10968/3508

vt 0.494791 3.57619
f 3939/10970/3508 4015/10959/3508 3938/10969/3508

vt 0.440574 3.55677
f 3940/10971/3508 4015/10959/3508 3939/10970/3508

f 3940/10971/3508 3953/10782/3508 4015/10959/3508

f 3953/10782/3508 3940/10971/3508 3941/10781/3508

vt 0.0409101 0.781538
vn -6.46045e-10 -1 -4.29794e-11
vt 0.0409101 0.840096
vn -6.31795e-10 -0.980328 0.197374
v 75.076 71.8406 -154.521
vt -2.61741e-14 0.840096
v 75.076 71.8302 -154.6
vt -2.27176e-14 0.781538
f 3941/10972/3541 3940/10973/3542 4020/10974/3542 4021/10975/3541 

vt 0.0409101 1.61421
vt 0.0409101 1.6718
vn -5.89549e-10 -0.917363 0.398052
v 75.076 71.871 -154.448
vt -1.11827e-14 1.6718
vt -9.95733e-15 1.61421
f 3940/10976/3542 3939/10977/3543 4022/10978/3543 4020/10979/3542 

vt 0.0409101 2.38963
vt 0.0409101 2.4455
vn -5.11697e-10 -0.79931 0.600919
v 75.076 71.9193 -154.385
vt -7.96249e-15 2.4455
vt -7.2777e-15 2.38963
f 3939/10980/3543 3938/10981/3544 4023/10982/3544 4022/10983/3543 

vt 0.0409101 3.0574
vt 0.0409101 3.11123
vt -6.2911e-15 3.11123
vt -5.90164e-15 3.0574
f 3938/10984/3544 3925/10985/3505 3928/10986/3505 4023/10987/3544 

v 75.076 72.4282 -154.678
vn -1 6.46041e-10 5.21012e-15
v 75.076 72.3978 -154.752
v 75.076 72.3495 -154.815
v 75.076 72.2865 -154.863
v 75.076 72.2131 -154.894
v 75.076 72.1344 -154.904
v 75.076 72.0557 -154.894
v 75.076 71.9823 -154.863
v 75.076 71.9193 -154.815
v 75.076 71.871 -154.752
v 75.076 71.8406 -154.678
v 75.076 72.1344 -154.295
v 75.076 72.2131 -154.306
v 75.076 72.2865 -154.336
v 75.076 72.3495 -154.385
v 75.076 72.3978 -154.448
v 75.076 72.4282 -154.521
v 75.076 72.4386 -154.6
f 4024/10770/3545 4025/10769/3545 4026/10771/3545 4027/10772/3545 4028/10773/3545 4029/10774/3545 4030/10775/3545 4031/10776/3545 4032/10778/3545 4033/10779/3545 4034/10780/3545 4021/10781/3545 4020/10971/3545 4022/10970/3545 4023/10969/3545 3928/10968/3545 3927/10967/3545 4035/10966/3545 4036/10965/3545 4037/10964/3545 4038/10963/3545 4039/10962/3545 4040/10961/3545 4041/10960/3545 

vt -0.0409101 1.63131
vn 6.31795e-10 0.980328 -0.197374
vt -0.0409101 1.57372
vn 5.89549e-10 0.917363 -0.398052
vt 6.10208e-15 1.57372
vt 7.32742e-15 1.63131
f 3930/10988/3546 3929/10989/3547 4025/10990/3547 4024/10991/3546 

vt -0.0409101 2.3885
vt -0.0409101 2.33262
vn 5.11697e-10 0.79931 -0.600919
vt 3.28646e-15 2.33262
vt 3.97125e-15 2.3885
f 3929/10992/3547 3950/10993/3548 4026/10994/3548 4025/10995/3547 

vt -0.0409101 3.05205
vt -0.0409101 2.99823
vn 3.87204e-10 0.608934 -0.793221
vt 2.0464e-15 2.99823
vt 2.43586e-15 3.05205
f 3950/10996/3548 3949/10997/3549 4027/10998/3549 4026/10999/3548 

vt -0.0409101 3.54591
vt -0.0409101 3.49392
vn 2.09405e-10 0.335521 -0.942033
vt 1.38705e-15 3.49392
vt 1.57554e-15 3.54591
f 3949/11000/3549 3948/11001/3550 4028/11002/3550 4027/11003/3549 

vt -0.0409101 3.77651
vt -0.0409101 3.72562
vn -7.80923e-12 4.29794e-11 -1
vt 1.00642e-15 3.72562
vt 1.05534e-15 3.77651
f 3948/11004/3550 3947/11005/3551 4029/11006/3551 4028/11007/3550 

vt -0.0409101 3.67818
vt -0.0409101 3.62729
vn -2.24118e-10 -0.335521 -0.942033
vt 7.46238e-16 3.62729
vt 7.11649e-16 3.67818
f 3947/11008/3551 3946/11009/3552 4030/11010/3552 4029/11011/3551 

vt -0.0409101 3.26039
vt -0.0409101 3.2084
vn -3.99593e-10 -0.608934 -0.793221
vt 4.70863e-16 3.2084
vt 4.14531e-16 3.26039
f 3946/11012/3552 3945/11013/3553 4031/11014/3553 4030/11015/3552 

vt -0.0409101 2.60364
vt -0.0409101 2.54982
vn -5.21083e-10 -0.79931 -0.600919
vt -1.98366e-28 2.54982
vt -1.6665e-28 2.60364
f 3945/11016/3553 3944/11017/3554 4032/11018/3554 4031/11019/3553 

vt -0.0409101 1.80826
vt -0.0409101 1.75238
vn -5.95766e-10 -0.917363 -0.398052
vt -1.02783e-15 1.75238
vt -8.50598e-16 1.80826
f 3944/11020/3554 3943/11021/3555 4033/11022/3555 4032/11023/3554 

vt -0.0409101 0.951815
vt -0.0409101 0.894224
vn -6.34877e-10 -0.980328 -0.197374
vt -3.79295e-15 0.894224
vt -3.15867e-15 0.951815
f 3943/11024/3555 3942/11025/3556 4034/11026/3556 4033/11027/3555 

vt -0.0409101 0.0802195
vt -0.0409101 0.0216619
vt -1.85488e-14 0.0216619
vt -1.57266e-14 0.0802195
f 3942/11028/3556 3941/11029/3541 4021/11030/3541 4034/11031/3556 

vt -0.0409101 0.825521
vn 6.46045e-10 1 4.29794e-11
vt -0.0409101 0.766963
vt 1.92611e-14 0.766963
vt 2.27176e-14 0.825521
f 3931/11032/3557 3930/11033/3546 4024/11034/3546 4041/11035/3557 

f 3951/10768/3508 3930/10770/3508 3931/10960/3508

vt 0.0409101 0.00708717
vn 6.34877e-10 0.980328 0.197374
vt 0.0409101 0.0656447
vt 1.85488e-14 0.0656447
vt 2.13711e-14 0.00708717
f 3932/11036/3558 3931/11037/3557 4041/11038/3557 4040/11039/3558 

vt 0.0409101 0.853736
vn 5.95766e-10 0.917363 0.398052
vt 0.0409101 0.911327
vt 5.15429e-15 0.911327
vt 5.78857e-15 0.853736
f 3933/11040/3559 3932/11041/3558 4040/11042/3558 4039/11043/3559 

vt 0.0409101 1.69538
vn 5.21083e-10 0.79931 0.600919
vt 0.0409101 1.75125
vt 1.88361e-15 1.75125
vt 2.06084e-15 1.69538
f 3934/11044/3560 3933/11045/3559 4039/11046/3559 4038/11047/3560 

vt 0.0409101 2.49064
vn 3.99593e-10 0.608934 0.793221
vt 0.0409101 2.54447
vt 4.80604e-28 2.54447
vt 5.12319e-28 2.49064
f 3935/11048/3561 3934/11049/3560 4038/11050/3560 4037/11051/3561 

vt 0.0409101 3.16355
vn 2.24118e-10 0.335521 0.942033
vt 0.0409101 3.21554
vt -1.44754e-15 3.21554
vt -1.50387e-15 3.16355
f 3936/11052/3562 3935/11053/3561 4037/11054/3561 4036/11055/3562 

vt 0.0409101 3.61052
vn 7.80923e-12 -4.29794e-11 1
vt 0.0409101 3.66141
vt -2.70727e-15 3.66141
vt -2.74186e-15 3.61052
f 3937/11056/3563 3936/11057/3562 4036/11058/3562 4035/11059/3563 

vt 0.0409101 3.74239
vt 0.0409101 3.79328
vt -3.87757e-15 3.79328
vt -3.82866e-15 3.74239
f 3926/11060/3506 3937/11061/3563 4035/11062/3563 3927/11063/3506 

v 75.1263 73.5437 -149.573
vt 4.09624 4.64527
f 3951/10768/3508 4019/10958/3508 4042/11064/3508

vt -0.0409101 -2.15933
vn -5.90321e-10 -0.90869 -0.417472
vt -0.0409101 -2.21678
vn -6.3243e-10 -0.976301 -0.216419
v 75.076 73.5114 -149.501
vt 4.79988e-14 -2.21678
v 75.076 73.5437 -149.573
vt 4.73784e-14 -2.15933
f 4042/11065/3564 4019/11066/3565 4043/11067/3565 4044/11068/3564 

v 75.1263 73.7318 -149.71
vt -3.99496 4.76555
vn 1 -6.46052e-10 -7.07393e-15
v 75.1263 73.8108 -149.719
vt -3.98876 4.81601
v 75.1263 73.8892 -149.706
vt -3.99787 4.86615
v 75.1263 73.9618 -149.674
vt -4.02168 4.91253
v 75.1263 74.0236 -149.624
vt -4.05856 4.95201
v 75.1263 74.0703 -149.56
vt -4.106 4.98188
v 75.1263 74.0989 -149.486
vt -4.16076 5.00012
v 75.1263 74.1072 -149.407
vt -4.21912 5.00548
v 75.1263 74.0949 -149.328
vt -4.27709 4.9976
v 75.1263 74.0627 -149.256
vt -4.33073 4.97701
v 75.1263 74.0128 -149.194
vt -4.37637 4.94511
v 75.1263 73.9486 -149.147
vt -4.41092 4.90409
v 75.1263 73.8745 -149.119
vt -4.43201 4.85673
v 75.1263 73.7955 -149.11
vt -4.43821 4.80627
v 75.1263 73.7171 -149.123
vt -4.42909 4.75613
v 75.1263 73.6445 -149.155
vt -4.40528 4.70975
v 75.1263 73.5828 -149.205
vt -4.3684 4.67027
v 75.1263 73.536 -149.269
vt -4.32097 4.6404
v 75.1263 73.5075 -149.343
vt -4.2662 4.62216
vt -4.20785 4.6168
vt -4.14988 4.62468
vt -4.09624 4.64527
v 75.1263 73.5936 -149.635
vt -4.05059 4.67717
v 75.1263 73.6577 -149.682
vt -4.01605 4.71819
f 4045/11069/3566 4046/11070/3566 4047/11071/3566 4048/11072/3566 4049/11073/3566 4050/11074/3566 4051/11075/3566 4052/11076/3566 4053/11077/3566 4054/11078/3566 4055/11079/3566 4056/11080/3566 4057/11081/3566 4058/11082/3566 4059/11083/3566 4060/11084/3566 4061/11085/3566 4062/11086/3566 4063/11087/3566 4018/11088/3566 4019/11089/3566 4042/11090/3566 4064/11091/3566 4065/11092/3566 

vt 3.99496 4.76555
vt 3.98876 4.81601
f 3951/10768/3508 4045/11093/3508 4046/11094/3508

vt 4.01605 4.71819
f 3951/10768/3508 4065/11095/3508 4045/11093/3508

vt 4.05059 4.67717
f 3951/10768/3508 4064/11096/3508 4065/11095/3508

f 3951/10768/3508 4042/11064/3508 4064/11096/3508

vt -0.0409101 -0.641492
vn -5.11664e-10 -0.784489 -0.620142
vt -0.0409101 -0.697177
vt 3.98616e-14 -0.697177
v 75.076 73.5936 -149.635
vt 3.94174e-14 -0.641492
f 4064/11097/3567 4042/11098/3564 4044/11099/3564 4066/11100/3567 

v 75.076 73.8108 -149.719
vn -1 6.46052e-10 7.07393e-15
v 75.076 73.7318 -149.71
v 75.076 73.6577 -149.682
v 75.076 73.4991 -149.422
v 75.076 73.5075 -149.343
vt 4.2662 4.62216
v 75.076 73.536 -149.269
vt 4.32097 4.6404
v 75.076 73.5828 -149.205
vt 4.3684 4.67027
v 75.076 73.6445 -149.155
vt 4.40528 4.70975
v 75.076 73.7171 -149.123
vt 4.42909 4.75613
v 75.076 73.7955 -149.11
vt 4.43821 4.80627
v 75.076 73.8745 -149.119
vt 4.43201 4.85673
v 75.076 73.9486 -149.147
vt 4.41092 4.90409
v 75.076 74.0128 -149.194
vt 4.37637 4.94511
v 75.076 74.0627 -149.256
vt 4.33073 4.97701
v 75.076 74.0949 -149.328
vt 4.27709 4.9976
v 75.076 74.1072 -149.407
vt 4.21912 5.00548
v 75.076 74.0989 -149.486
vt 4.16076 5.00012
v 75.076 74.0703 -149.56
vt 4.106 4.98188
v 75.076 74.0236 -149.624
vt 4.05856 4.95201
v 75.076 73.9618 -149.674
vt 4.02168 4.91253
v 75.076 73.8892 -149.706
vt 3.99787 4.86615
f 4067/11094/3568 4068/11093/3568 4069/11095/3568 4066/11096/3568 4044/11064/3568 4043/10958/3568 4070/10955/3568 4071/11101/3568 4072/11102/3568 4073/11103/3568 4074/11104/3568 4075/11105/3568 4076/11106/3568 4077/11107/3568 4078/11108/3568 4079/11109/3568 4080/11110/3568 4081/11111/3568 4082/11112/3568 4083/11113/3568 4084/11114/3568 4085/11115/3568 4086/11116/3568 4087/11117/3568 

vt -0.0409101 4.29381
vn 1.37159e-11 0.0333141 -0.999445
vt -0.0409101 4.24297
vn -2.04712e-10 -0.305353 -0.952239
vt 3.07042e-14 4.24297
vt 3.06566e-14 4.29381
f 4046/11118/3569 4045/11119/3570 4068/11120/3570 4067/11121/3569 

vt -0.0409101 2.72811
vt -0.0409101 2.67627
vn -3.85133e-10 -0.586341 -0.810065
vt 3.28913e-14 2.67627
vt 3.27186e-14 2.72811
f 4045/11122/3570 4065/11123/3571 4069/11124/3571 4068/11125/3570 

vt -0.0409101 1.02219
vt -0.0409101 0.968562
vt 3.56867e-14 0.968562
vt 3.53824e-14 1.02219
f 4065/11126/3571 4064/11127/3567 4066/11128/3567 4069/11129/3571 

vt -0.0409101 5.50287
vn 2.28589e-10 0.36508 -0.930976
vt -0.0409101 5.45191
vt 2.87567e-14 5.45191
vt 2.88224e-14 5.50287
f 4047/11130/3572 4046/11131/3569 4067/11132/3569 4087/11133/3572 

f 3951/10768/3508 4046/11094/3508 4047/11117/3508

f 3951/10768/3508 4047/11117/3508 4048/11116/3508

vt -0.0409101 6.20693
vn 4.01429e-10 0.630741 -0.775993
vt -0.0409101 6.15479
vt 2.67506e-14 6.15479
vt 2.69099e-14 6.20693
f 4048/11134/3573 4047/11135/3572 4087/11136/3572 4086/11137/3573 

vt -0.0409101 6.38922
vn 5.20996e-10 0.813464 -0.581615
vt -0.0409101 6.33519
vt 2.42631e-14 6.33519
vt 2.44856e-14 6.38922
f 4049/11138/3574 4048/11139/3573 4086/11140/3573 4085/11141/3574 

f 3951/10768/3508 4048/11116/3508 4049/11115/3508

v 75.1263 74.5244 -148.987
vt 4.52892 5.2721
f 3951/10768/3508 4049/11115/3508 4088/11142/3508

f 4088/11142/3508 4049/11115/3508 4050/11114/3508

vt -0.0409101 6.12926
vn 5.94985e-10 0.925536 -0.37866
vt -0.0409101 6.0732
vt 2.03383e-14 6.0732
vt 2.0576e-14 6.12926
f 4050/11143/3575 4049/11144/3574 4085/11145/3574 4084/11146/3575 

vt -0.0409101 5.52759
vn 6.34298e-10 0.983965 -0.178363
vt -0.0409101 5.46987
vt 1.14953e-14 5.46987
vt 1.16486e-14 5.52759
f 4051/11147/3576 4050/11148/3575 4084/11149/3575 4083/11150/3576 

f 4088/11142/3508 4050/11114/3508 4051/11113/3508

f 4088/11142/3508 4051/11113/3508 4052/11112/3508

vt -0.0409101 4.65931
vn 6.46083e-10 0.999823 0.0188399
vt -0.0409101 4.60071
vt -3.96345e-14 4.60071
vt -4.01904e-14 4.65931
f 4052/11151/3577 4051/11152/3576 4083/11153/3576 4082/11154/3577 

vt 0.0409101 -3.56465
vn 6.3243e-10 0.976301 0.216419
vt 0.0409101 -3.50615
vt -8.01222e-14 -3.50615
vt -8.12231e-14 -3.56465
f 4053/11155/3578 4052/11156/3577 4082/11157/3577 4081/11158/3578 

f 4053/11111/3508 4088/11142/3508 4052/11112/3508

f 4054/11110/3508 4088/11142/3508 4053/11111/3508

f 4055/11109/3508 4088/11142/3508 4054/11110/3508

f 4056/11108/3508 4088/11142/3508 4055/11109/3508

f 4057/11107/3508 4088/11142/3508 4056/11108/3508

f 4058/11106/3508 4088/11142/3508 4057/11107/3508

f 4059/11105/3508 4088/11142/3508 4058/11106/3508

f 4059/11105/3508 4017/10957/3508 4088/11142/3508

f 4060/11104/3508 4017/10957/3508 4059/11105/3508

f 4061/11103/3508 4017/10957/3508 4060/11104/3508

f 4062/11102/3508 4017/10957/3508 4061/11103/3508

f 4063/11101/3508 4017/10957/3508 4062/11102/3508

f 4017/10957/3508 4063/11101/3508 4018/10955/3508

vt 0.0409101 4.61253
vn -6.46083e-10 -0.999823 -0.0188399
vt 0.0409101 4.67113
vn -6.34298e-10 -0.983965 0.178363
vt 4.06389e-14 4.67113
vt 4.0083e-14 4.61253
f 4018/11159/3579 4063/11160/3580 4071/11161/3580 4070/11162/3579 

vt 0.0409101 5.50819
vt 0.0409101 5.56591
vn -5.94985e-10 -0.925536 0.37866
vt -1.20971e-14 5.56591
vt -1.19438e-14 5.50819
f 4063/11163/3580 4062/11164/3581 4072/11165/3581 4071/11166/3580 

vt 0.0409101 6.12918
vt 0.0409101 6.18524
vn -5.20996e-10 -0.813464 0.581615
vt -2.1891e-14 6.18524
vt -2.16533e-14 6.12918
f 4062/11167/3581 4061/11168/3582 4073/11169/3582 4072/11170/3581 

vt 0.0409101 6.39487
vt 0.0409101 6.44889
vn -4.01429e-10 -0.630741 0.775993
vt -2.65773e-14 6.44889
vt -2.63548e-14 6.39487
f 4061/11171/3582 4060/11172/3583 4074/11173/3583 4073/11174/3582 

vt 0.0409101 6.2017
vt 0.0409101 6.25384
vn -2.28589e-10 -0.36508 0.930976
vt -2.9636e-14 6.25384
vt -2.94767e-14 6.2017
f 4060/11175/3583 4059/11176/3584 4075/11177/3584 4074/11178/3583 

vt 0.0409101 5.47178
vt 0.0409101 5.52273
vn -1.37159e-11 -0.0333141 0.999445
vt -3.1997e-14 5.52273
vt -3.19313e-14 5.47178
f 4059/11179/3584 4058/11180/3585 4076/11181/3585 4075/11182/3584 

vt 0.0409101 4.22934
vt 0.0409101 4.28019
vn 2.04712e-10 0.305353 0.952239
vt -3.40633e-14 4.28019
vt -3.4111e-14 4.22934
f 4058/11183/3585 4057/11184/3586 4077/11185/3586 4076/11186/3585 

vt 0.0409101 2.6336
vt 0.0409101 2.68545
vn 3.85133e-10 0.586341 0.810065
vt -3.61254e-14 2.68545
vt -3.62981e-14 2.6336
f 4057/11187/3586 4056/11188/3587 4078/11189/3587 4077/11190/3586 

vt 0.0409101 0.910045
vt 0.0409101 0.963678
vn 5.11664e-10 0.784489 0.620142
vt -3.8557e-14 0.963678
vt -3.88613e-14 0.910045
f 4056/11191/3587 4055/11192/3588 4079/11193/3588 4078/11194/3587 

vt 0.0409101 -0.755073
vt 0.0409101 -0.699387
vn 5.90321e-10 0.90869 0.417472
vt -4.21435e-14 -0.699387
vt -4.25877e-14 -0.755073
f 4055/11195/3588 4054/11196/3589 4080/11197/3589 4079/11198/3588 

vt 0.0409101 -2.25935
vt 0.0409101 -2.2019
vt -4.94702e-14 -2.2019
vt -5.00906e-14 -2.25935
f 4054/11199/3589 4053/11200/3578 4081/11201/3578 4080/11202/3589 

vt -0.0409101 -3.48885
vt -0.0409101 -3.54735
vt 7.99081e-14 -3.54735
vt 7.88072e-14 -3.48885
f 4019/11203/3565 4018/11204/3579 4070/11205/3579 4043/11206/3565 

vn -1 6.46046e-10 6.3012e-15
v 75.1263 73.3855 -148.644
vt 4.78293 4.54419
v 75.1263 73.3016 -148.035
vt 5.23252 4.49059
v 75.1263 73.3855 -148.035
vt 5.23252 4.54419
v 75.1263 74.689 -148.402
vt 4.96174 5.37731
f 4088/11142/3590 4017/10957/3590 4089/11207/3590 4016/10956/3590 4090/11208/3590 4091/11209/3590 4092/11210/3590 

vt -4.78293 0.0409101
vt -4.7655 0.0409101
vt -4.7655 3.03348
vt -4.78293 3.03348
f 4089/11211/129 4017/11212/129 4012/11213/129 4011/11214/129 

vt -0.0409101 4.54419
vn -7.8006e-12 4.28919e-11 -1
vt -3.03348 4.54419
vt -3.03348 4.49059
vt -0.0409101 4.49059
f 4089/11215/3591 4011/11216/3591 4010/11217/3591 4016/11218/3591 

vt -5.23252 0.0409101
vn -6.46063e-10 -1 -4.28849e-11
vt -5.23252 3.03348
f 4090/11219/3592 4016/11211/3592 4010/11214/3592 4009/11220/3592 

vt 3.03348 4.54419
vn 7.80552e-12 -4.2907e-11 1
vt 0.0409101 4.54419
vt 0.0409101 4.49059
vt 3.03348 4.49059
f 4008/11221/3593 4091/11222/3593 4090/11223/3593 4009/11224/3593 

vt 0.0409101 3.58027
vn 2.34535e-10 0.351714 0.936108
vt 0.0409101 2.70425
vt 3.03348 2.70425
vt 3.03348 3.58027
f 4092/11225/3594 4091/11226/3594 4008/11227/3594 4007/11228/3594 

vt -3.03348 6.09146
vn 6.30615e-10 0.978599 -0.205778
vt -3.03348 0.835455
vt -0.0409101 0.835455
vt -0.0409101 5.64604
vt -0.0409101 6.09146
f 4007/11229/3595 4006/11230/3595 3951/11231/3595 4088/11232/3595 4092/11233/3595 

vt -3.03348 4.13584
vn -7.80831e-12 4.29794e-11 -1
vt -3.03348 1.95852
vt -0.0409101 1.95852
vt -0.0409101 4.13584
f 4006/11234/3596 4003/11235/3596 3952/11236/3596 3951/11237/3596 

g Mesh36 Group45 Group1 Ombrellone_Lateral_New_Sobrano_quadrado_3_5x3_5_1 Model

v 75.076 70.4532 -150.708
vt 1.5661e-14 2.80267
vn -8.8965e-11 -0.125715 -0.992066
v 75.076 70.5325 -150.705
vt 1.56711e-14 2.85343
vn 1.33416e-10 0.218306 -0.97588
v 78.1413 70.5325 -150.705
vt -2.49552 2.85343
v 78.1413 70.4532 -150.708
vt -2.49552 2.80267
f 4093/11238/3597 4094/11239/3598 4095/11240/3598 4096/11241/3597 

v 75.076 70.3556 -150.129
vt 3.68586 2.60767
vn -1 6.4605e-10 4.63819e-15
v 75.076 70.4315 -150.105
vt 3.70307 2.65618
v 75.076 70.5109 -150.102
vt 3.70517 2.7069
v 75.076 70.5883 -150.12
vt 3.69203 2.75636
v 75.076 70.6584 -150.157
vt 3.66452 2.80119
v 75.076 70.7165 -150.212
vt 3.62454 2.83834
v 75.076 70.7587 -150.279
vt 3.5748 2.86527
v 75.076 70.782 -150.355
vt 3.5187 2.88016
v 75.076 70.7848 -150.434
vt 3.46005 2.88198
v 75.076 70.767 -150.512
vt 3.40286 2.87061
v 75.076 70.7298 -150.582
vt 3.35102 2.84682
v 75.076 70.6757 -150.64
vt 3.30807 2.81225
v 75.076 70.6084 -150.682
vt 3.27692 2.76923
vt 3.25971 2.72072
vt 3.25761 2.67
v 75.076 70.3758 -150.69
vt 3.27076 2.62054
v 75.076 70.3056 -150.653
vt 3.29826 2.57571
v 75.076 70.2475 -150.599
vt 3.33824 2.53856
v 75.076 70.2054 -150.532
vt 3.38798 2.51163
v 75.076 70.1821 -150.456
vt 3.44408 2.49674
v 75.076 70.1792 -150.376
vt 3.50273 2.49492
v 75.076 70.197 -150.299
vt 3.55992 2.50629
v 75.076 70.2342 -150.229
vt 3.61176 2.53008
v 75.076 70.2883 -150.171
vt 3.65472 2.56465
f 4097/11242/3599 4098/11243/3599 4099/11244/3599 4100/11245/3599 4101/11246/3599 4102/11247/3599 4103/11248/3599 4104/11249/3599 4105/11250/3599 4106/11251/3599 4107/11252/3599 4108/11253/3599 4109/11254/3599 4094/11255/3599 4093/11256/3599 4110/11257/3599 4111/11258/3599 4112/11259/3599 4113/11260/3599 4114/11261/3599 4115/11262/3599 4116/11263/3599 4117/11264/3599 4118/11265/3599 

vt -1.73412e-14 3.74131
vn -1.33416e-10 -0.218306 0.97588
vt -1.72606e-14 3.68983
vn -3.28709e-10 -0.519128 0.854696
v 78.1413 70.3556 -150.129
vt 2.49552 3.68983
v 78.1413 70.4315 -150.105
vt 2.49552 3.74131
f 4098/11266/3600 4097/11267/3601 4119/11268/3601 4120/11269/3600 

vt -1.67191e-14 4.27378
vt -1.65779e-14 4.22068
vn -4.72473e-10 -0.739463 0.673197
v 78.1413 70.2883 -150.171
vt 2.49552 4.22068
vt 2.49552 4.27378
f 4097/11270/3601 4118/11271/3602 4121/11272/3602 4119/11273/3601 

vt -1.58244e-14 4.45512
vt -1.56384e-14 4.39998
vn -5.65948e-10 -0.881715 0.471782
v 78.1413 70.2342 -150.229
vt 2.49552 4.39998
vt 2.49552 4.45512
f 4118/11274/3602 4117/11275/3603 4122/11276/3603 4121/11277/3602 

vt -1.42919e-14 4.33779
vt -1.40867e-14 4.28075
vn -6.19992e-10 -0.962927 0.269763
v 78.1413 70.197 -150.299
vt 2.49552 4.28075
vt 2.49552 4.33779
f 4117/11278/3603 4116/11279/3604 4123/11280/3604 4122/11281/3603 

vt -1.00505e-14 3.98028
vt -9.88908e-15 3.92197
vn -6.43841e-10 -0.997444 0.0714528
v 78.1413 70.1792 -150.376
vt 2.49552 3.92197
vt 2.49552 3.98028
f 4116/11282/3604 4115/11283/3605 4124/11284/3605 4123/11285/3604 

vt 6.18248e-14 -3.42371
vt 6.07896e-14 -3.36504
vn -6.41925e-10 -0.992099 -0.125459
v 78.1413 70.1821 -150.456
vt -2.49552 -3.36504
vt -2.49552 -3.42371
f 4115/11286/3605 4114/11287/3606 4125/11288/3606 4124/11289/3605 

vt 2.17783e-14 -2.68874
vt 2.14235e-14 -2.6307
vn -6.13577e-10 -0.945811 -0.324717
v 78.1413 70.2054 -150.532
vt -2.49552 -2.6307
vt -2.49552 -2.68874
f 4114/11290/3606 4113/11291/3607 4126/11292/3607 4125/11293/3606 

vt 1.88322e-14 -1.78323
vt 1.85558e-14 -1.72667
vn -5.52992e-10 -0.849584 -0.527453
v 78.1413 70.2475 -150.599
vt -2.49552 -1.72667
vt -2.49552 -1.78323
f 4113/11294/3607 4112/11295/3608 4127/11296/3608 4126/11297/3607 

vt 1.75328e-14 -0.717643
vt 1.73228e-14 -0.663067
vn -4.49818e-10 -0.687481 -0.726203
v 78.1413 70.3056 -150.653
vt -2.49552 -0.663067
vt -2.49552 -0.717643
f 4112/11298/3608 4111/11299/3609 4128/11300/3609 4127/11301/3608 

vt 1.67156e-14 0.470863
vt 1.65763e-14 0.523458
vn -2.93884e-10 -0.444064 -0.895995
v 78.1413 70.3758 -150.69
vt -2.49552 0.523458
vt -2.49552 0.470863
f 4111/11302/3609 4110/11303/3610 4129/11304/3610 4128/11305/3609 

vt 1.6124e-14 1.69233
vt 1.60592e-14 1.74351
vt -2.49552 1.74351
vt -2.49552 1.69233
f 4110/11306/3610 4093/11307/3597 4096/11308/3597 4129/11309/3610 

vt -3.70307 2.65618
vn 1 -6.4605e-10 -4.63819e-15
vt -3.68586 2.60767
vt -3.65472 2.56465
vt -3.61176 2.53008
vt -3.55992 2.50629
vt -3.50273 2.49492
vt -3.44408 2.49674
vt -3.38798 2.51163
vt -3.33824 2.53856
vt -3.29826 2.57571
vt -3.27076 2.62054
vt -3.25761 2.67
vt -3.25971 2.72072
v 78.1413 70.6084 -150.682
vt -3.27692 2.76923
v 78.1413 70.6757 -150.64
vt -3.30807 2.81225
v 78.1413 70.7298 -150.582
vt -3.35102 2.84682
v 78.1413 70.767 -150.512
vt -3.40286 2.87061
v 78.1413 70.7848 -150.434
vt -3.46005 2.88198
v 78.1413 70.782 -150.355
vt -3.5187 2.88016
v 78.1413 70.7587 -150.279
vt -3.5748 2.86527
v 78.1413 70.7165 -150.212
vt -3.62454 2.83834
v 78.1413 70.6584 -150.157
vt -3.66452 2.80119
v 78.1413 70.5883 -150.12
vt -3.69203 2.75636
v 78.1413 70.5109 -150.102
vt -3.70517 2.7069
f 4120/11310/3611 4119/11311/3611 4121/11312/3611 4122/11313/3611 4123/11314/3611 4124/11315/3611 4125/11316/3611 4126/11317/3611 4127/11318/3611 4128/11319/3611 4129/11320/3611 4096/11321/3611 4095/11322/3611 4130/11323/3611 4131/11324/3611 4132/11325/3611 4133/11326/3611 4134/11327/3611 4135/11328/3611 4136/11329/3611 4137/11330/3611 4138/11331/3611 4139/11332/3611 4140/11333/3611 

vt 1.5265e-14 3.65392
vt 1.53456e-14 3.7054
vn 3.28709e-10 0.519128 -0.854696
vt -2.49552 3.7054
vt -2.49552 3.65392
f 4094/11334/3598 4109/11335/3612 4130/11336/3612 4095/11337/3598 

vt 1.48642e-14 4.16482
vt 1.50054e-14 4.21792
vn 4.72473e-10 0.739463 -0.673197
vt -2.49552 4.21792
vt -2.49552 4.16482
f 4109/11338/3612 4108/11339/3613 4131/11340/3613 4130/11341/3612 

vt 1.43235e-14 4.34033
vt 1.45095e-14 4.39547
vn 5.65948e-10 0.881715 -0.471782
vt -2.49552 4.39547
vt -2.49552 4.34033
f 4108/11342/3613 4107/11343/3614 4132/11344/3614 4131/11345/3613 

vt 1.32601e-14 4.23288
vt 1.34653e-14 4.28992
vn 6.19992e-10 0.962927 -0.269763
vt -2.49552 4.28992
vt -2.49552 4.23288
f 4107/11346/3614 4106/11347/3615 4133/11348/3615 4132/11349/3614 

vt 9.60714e-15 3.89728
vt 9.76861e-15 3.95559
vn 6.43841e-10 0.997444 -0.0714528
vt -2.49552 3.95559
vt -2.49552 3.89728
f 4106/11350/3615 4105/11351/3616 4134/11352/3616 4133/11353/3615 

vt -6.10716e-14 -3.36906
vt -6.21067e-14 -3.42774
vn 6.41925e-10 0.992099 0.125459
vt 2.49552 -3.42774
vt 2.49552 -3.36906
f 4105/11354/3616 4104/11355/3617 4135/11356/3617 4134/11357/3616 

vt -2.22501e-14 -2.66255
vt -2.26049e-14 -2.7206
vn 6.13577e-10 0.945811 0.324717
vt 2.49552 -2.7206
vt 2.49552 -2.66255
f 4104/11358/3617 4103/11359/3618 4136/11360/3618 4135/11361/3617 

vt -1.98707e-14 -1.77911
vt -2.01472e-14 -1.83568
vn 5.52992e-10 0.849584 0.527453
vt 2.49552 -1.83568
vt 2.49552 -1.77911
f 4103/11362/3618 4102/11363/3619 4137/11364/3619 4136/11365/3618 

vt -1.90365e-14 -0.723333
vt -1.92465e-14 -0.777909
vn 4.49818e-10 0.687481 0.726203
vt 2.49552 -0.777909
vt 2.49552 -0.723333
f 4102/11366/3619 4101/11367/3620 4138/11368/3620 4137/11369/3619 

vt -1.85719e-14 0.471546
vt -1.87113e-14 0.418951
vn 2.93884e-10 0.444064 0.895995
vt 2.49552 0.418951
vt 2.49552 0.471546
f 4101/11370/3620 4100/11371/3621 4139/11372/3621 4138/11373/3620 

vt -1.82008e-14 1.71537
vt -1.82656e-14 1.6642
vn 8.8965e-11 0.125715 0.992066
vt 2.49552 1.6642
vt 2.49552 1.71537
f 4100/11374/3621 4099/11375/3622 4140/11376/3622 4139/11377/3621 

vt -1.78127e-14 2.85808
vt -1.78026e-14 2.80732
vt 2.49552 2.80732
vt 2.49552 2.85808
f 4099/11378/3622 4098/11379/3600 4120/11380/3600 4140/11381/3622 

g Mesh37 Group46 Group1 Ombrellone_Lateral_New_Sobrano_quadrado_3_5x3_5_1 Model

v 76.1592 81.7514 -123.538
vt 0 19.4499
vn -1 6.4605e-10 2.74624e-16
v 76.1592 79.0031 -121.947
vt 10.619 -9.54233e-32
v 76.1592 80.1132 -118.236
vt 35.3871 7.85635
v 76.1592 82.1795 -122.011
vt 10.189 22.4796
f 4141/11382/3623 4142/11383/3623 4143/11384/3623 4144/11385/3623 

vt 5.08862 8.11636e-14
vn -3.02743e-10 -0.457783 -0.889064
vt -17.0713 8.11636e-14
v 77.2529 81.7514 -123.538
vt -17.0713 -1.1811
v 77.2529 79.0031 -121.947
vt 5.08862 -1.1811
f 4142/11386/3624 4141/11387/3624 4145/11388/3624 4146/11389/3624 

vt -5.54345 -2.14169e-14
vn 6.13797e-10 0.953721 -0.300692
vt -16.1734 -2.14169e-14
v 77.2529 82.1795 -122.011
vt -16.1734 -1.1811
vt -5.54345 -1.1811
f 4141/11390/3625 4144/11391/3625 4147/11392/3625 4145/11393/3625 

vt 2.47062 1.44158e-13
vn 5.54352e-10 0.851675 0.52407
vt -26.6632 1.44158e-13
v 77.2529 80.1132 -118.236
vt -26.6632 -1.1811
vt 2.47062 -1.1811
f 4144/11394/3626 4143/11395/3626 4148/11396/3626 4147/11397/3626 

vt 36.1063 4.22063e-15
vn -6.09847e-10 -0.947827 0.318785
vt 10.122 4.22063e-15
vt 10.122 -1.1811
vt 36.1063 -1.1811
f 4143/11398/3627 4142/11399/3627 4146/11400/3627 4148/11401/3627 

vt -10.619 4.55654e-17
vn 1 -6.4605e-10 -2.74624e-16
vt -2.75112e-16 19.4499
vt -10.189 22.4796
vt -35.3871 7.85635
f 4146/11402/3628 4145/11403/3628 4147/11404/3628 4148/11405/3628 

g Mesh38 Group48 Group47 Group1 Ombrellone_Lateral_New_Sobrano_quadrado_3_5x3_5_1 Model

usemtl M08_Obsidian_Black
v 59.3894 0.0730587 -168.195
vt 2.43902 0
v 59.3894 4.72418 -168.195
vt 2.43902 4.47438
v 94.0587 4.72418 -168.195
vt -39.8406 4.47438
v 94.0587 0.0730587 -168.195
vt -39.8406 -1.57709e-14
f 4149/11406/3489 4150/11407/3489 4151/11408/3489 4152/11409/3489 

vt -2.43902 0
v 59.3894 0.0730587 -133.525
vt 39.8406 0
v 59.3894 4.72418 -133.525
vt 39.8406 4.47438
vt -2.43902 4.47438
f 4149/11410/3172 4153/11411/3172 4154/11412/3172 4150/11413/3172 

vt 2.43902 -2.43902
v 61.5509 0.0730587 -165.55
vt -0.786488 0.196851
vt -39.8406 -2.43902
f 4149/11414/129 4155/11415/129 4153/11416/129

v 61.5676 0.0730587 -165.675
vt -0.633674 0.21721
f 4155/11415/129 4149/11414/129 4156/11417/129

v 61.6161 0.0730587 -165.792
vt -0.491335 0.276427
f 4156/11417/129 4149/11414/129 4157/11418/129

v 61.6932 0.0730587 -165.892
vt -0.369174 0.370465
f 4157/11418/129 4149/11414/129 4158/11419/129

v 61.7936 0.0730587 -165.969
vt -0.275513 0.492917
f 4158/11419/129 4149/11414/129 4159/11420/129

v 61.9105 0.0730587 -166.017
vt -0.216737 0.635438
f 4159/11420/129 4149/11414/129 4160/11421/129

v 62.0359 0.0730587 -166.033
vt -0.196851 0.788315
f 4160/11421/129 4149/11414/129 4161/11422/129

v 62.1612 0.0730587 -166.016
vt -0.21721 0.941129
f 4149/11414/129 4162/11423/129 4161/11422/129

v 62.2779 0.0730587 -165.968
vt -0.276427 1.08347
f 4149/11414/129 4163/11424/129 4162/11423/129

v 62.3781 0.0730587 -165.891
vt -0.370465 1.20563
f 4149/11414/129 4164/11425/129 4163/11424/129

vt 2.43902 39.8406
f 4152/11426/129 4164/11425/129 4149/11414/129

v 94.0587 0.0730587 -133.525
vt -39.8406 39.8406
f 4164/11425/129 4152/11426/129 4165/11427/129

vt -39.8406 3.98219e-13
vn 1 -6.46063e-10 -2.36938e-16
vt 2.43902 3.98219e-13
v 94.0587 4.72418 -133.525
f 4165/11428/3629 4152/11429/3629 4151/11407/3629 4166/11408/3629 

vt 39.8406 -2.43902
vt 39.8406 39.8406
vt -2.43902 39.8406
vt -2.43902 -2.43902
f 4154/11430/154 4166/11431/154 4151/11432/154 4150/11433/154 

vt 39.8406 -1.57709e-14
f 4154/11413/3500 4153/11410/3500 4165/11434/3500 4166/11412/3500 

v 62.0344 0.0730587 -165.065
vt -1.37795 0.786488
f 4167/11435/129 4165/11427/129 4153/11416/129

v 62.1597 0.0730587 -165.081
vt -1.35807 0.939365
f 4168/11436/129 4165/11427/129 4167/11435/129

v 62.2766 0.0730587 -165.129
vt -1.29929 1.08189
f 4169/11437/129 4165/11427/129 4168/11436/129

v 62.377 0.0730587 -165.206
vt -1.20563 1.20434
f 4170/11438/129 4165/11427/129 4169/11437/129

v 62.4541 0.0730587 -165.306
vt -1.08347 1.29838
f 4171/11439/129 4165/11427/129 4170/11438/129

v 62.5027 0.0730587 -165.423
vt -0.941129 1.35759
f 4172/11440/129 4165/11427/129 4171/11439/129

v 62.5194 0.0730587 -165.548
vt -0.788315 1.37795
f 4173/11441/129 4165/11427/129 4172/11440/129

v 62.5031 0.0730587 -165.674
vt -0.635438 1.35807
f 4174/11442/129 4165/11427/129 4173/11441/129

v 62.4549 0.0730587 -165.79
vt -0.492917 1.29929
f 4175/11443/129 4165/11427/129 4174/11442/129

f 4164/11425/129 4165/11427/129 4175/11443/129

v 61.9091 0.0730587 -165.081
vt -1.35759 0.633674
f 4153/11416/129 4176/11444/129 4167/11435/129

v 61.7923 0.0730587 -165.13
vt -1.29838 0.491335
f 4153/11416/129 4177/11445/129 4176/11444/129

v 61.6922 0.0730587 -165.207
vt -1.20434 0.369174
f 4153/11416/129 4178/11446/129 4177/11445/129

v 61.6154 0.0730587 -165.307
vt -1.08189 0.275513
f 4153/11416/129 4179/11447/129 4178/11446/129

v 61.5672 0.0730587 -165.424
vt -0.939365 0.216737
f 4153/11416/129 4180/11448/129 4179/11447/129

f 4153/11416/129 4155/11415/129 4180/11448/129

g Mesh39 Group49 Group1 Ombrellone_Lateral_New_Sobrano_quadrado_3_5x3_5_1 Model

usemtl M04_Stone_Frost
v 76.2329 88.9862 -80.3052
vt 2.54898 0.377514
vn -0.995078 -0.0949332 0.0283989
v 76.2599 88.7403 -80.0843
vt 2.82422 0.0978698
v 76.2855 88.9473 -78.6546
vt 4.59966 0.333196
v 75.9538 92.5345 -79.7771
vt 3.19459 4.41124
v 75.9312 92.354 -81.0351
vt 1.63242 4.20596
v 75.9343 91.8983 -82.1998
vt 0.186903 3.68793
f 4181/11449/3630 4182/11450/3630 4183/11451/3630 4184/11452/3630 4185/11453/3630 4186/11454/3630 

v 77.5339 89.052 -80.3489
vt -2.37654 -1.34724
vn 0.0083633 -0.733347 -0.679803
v 77.5609 88.806 -80.1279
vt -2.41265 -1.73795
vt -0.834851 -1.84235
vt -0.798741 -1.45164
f 4187/11455/3631 4188/11456/3631 4182/11457/3631 4181/11458/3631 

v 77.2548 92.6003 -79.8208
vt -3.18646 4.34536
vn 0.995078 0.0949332 -0.0283989
v 77.5828 89.0526 -78.7107
vt -4.57603 0.312322
v 77.5576 88.8481 -80.1231
vt -2.82204 0.0798394
v 77.584 88.8288 -79.2935
vt -3.85258 0.0579853
v 77.5831 89.049 -78.7095
vt -4.57743 0.308242
v 77.5864 89.013 -78.6983
vt -4.59153 0.267321
v 77.5873 88.7868 -79.2984
vt -3.84663 0.0101401
vt -2.81609 0.0319942
vt -2.54085 0.311638
v 77.2353 91.964 -82.2434
vt -0.178773 3.62206
v 77.2322 92.4197 -81.0788
vt -1.62429 4.14009
f 4189/11459/3632 4190/11460/3632 4191/11461/3632 4192/11462/3632 4193/11463/3632 4194/11464/3632 4195/11465/3632 4188/11466/3632 4187/11467/3632 4196/11468/3632 4197/11469/3632 

vt 2.32438 -0.995985
vn 0.0173185 0.353766 0.935174
vt 1.95147 3.2534
vt 0.372183 3.17467
vt 0.749259 -1.12213
vt 2.32855 -1.0434
vt 2.32476 -1.00028
f 4190/11470/3633 4189/11471/3633 4184/11472/3633 4183/11473/3633 4194/11474/3633 4193/11475/3633 

vt -0.711859 4.24219
vn -0.0477797 0.991913 -0.117579
vt -1.26283 2.76607
vt 0.224325 2.22874
vt 0.775296 3.70486
f 4189/11476/3634 4197/11477/3634 4185/11478/3634 4184/11479/3634 

vt -1.69679 3.2323
vn -0.0526506 0.949581 -0.30907
vt -1.93791 1.71582
vt -0.371863 1.49707
vt -0.130746 3.01356
f 4197/11480/3635 4196/11481/3635 4186/11482/3635 4185/11483/3635 

vt -1.98461 3.03253
vn -0.000578519 -0.616242 -0.787557
vt -2.3452 -1.01818
vt -0.7666 -1.10961
vt -0.406004 2.9411
f 4196/11484/3636 4187/11485/3636 4181/11486/3636 4186/11487/3636 

v 77.5831 89.0551 -78.6934
vt 4.59749 0.315166
vt 4.57603 0.312322
vt 4.57743 0.308242
f 4198/11488/3630 4190/11489/3630 4193/11490/3630

vt -1.71794 4.33356
vn 0.0753413 -0.99016 0.11793
vt -0.804123 2.79326
vt 0.557003 3.59551
vt -0.345765 5.11719
vt -0.356809 5.13581
f 4183/11491/3637 4182/11492/3637 4191/11493/3637 4190/11494/3637 4198/11495/3637 

f 4190/11460/3632 4193/11463/3632 4192/11462/3632 4191/11461/3632 

g Mesh40 Component_112_1 Group1 Ombrellone_Lateral_New_Sobrano_quadrado_3_5x3_5_1 Model

v 76.224 87.1191 -148.318
vt -74.7094 2.54838
vn -0.973619 0.061354 -0.219775
v 76.224 87.0889 -148.336
vt -74.6963 2.47767
vn -0.971854 0.0402187 -0.232126
v 76.224 81.0022 -121.25
vt -36.0236 9.63015
vn -0.973619 -0.061354 0.219775
v 76.224 81.0324 -121.232
vt -36.0367 9.70086
vn -0.971854 -0.0402187 0.232126
f 4199/11496/3638 4200/11497/3639 4201/11498/3640 4202/11499/3641 

vt 0.365977 16.0929
v 76.2321 87.149 -148.299
vt 0.360504 16.1642
vn -0.974515 0.0831374 -0.208349
v 76.2482 87.1782 -148.282
vt 0.349644 16.2339
vn -0.974507 0.106268 -0.197592
v 76.2721 87.2062 -148.265
vt 0.33357 16.3007
vn -0.973442 0.131608 -0.187325
v 76.3033 87.2326 -148.249
vt 0.312533 16.3638
vn -0.970984 0.160318 -0.177447
v 76.3414 87.257 -148.234
vt 0.286867 16.4219
vn -0.966503 0.19407 -0.167953
v 76.3858 87.279 -148.221
vt 0.256975 16.4743
vn -0.958796 0.235435 -0.158997
v 76.4358 87.2982 -148.209
vt 0.223329 16.5202
vn -0.945466 0.288595 -0.15102
v 76.4905 87.3144 -148.199
vt 0.18646 16.5587
vn -0.921323 0.360738 -0.145022
v 76.5491 87.3272 -148.191
vt 0.146949 16.5893
vn -0.873878 0.46461 -0.143091
v 76.6108 87.3365 -148.186
vt 0.10542 16.6115
vn -0.76945 0.62105 -0.149142
v 76.6745 87.3422 -148.182
vt 0.0625268 16.625
vn -0.51667 0.839736 -0.167017
v 76.7392 87.3441 -148.181
vt 0.0189464 16.6295
vn 6.33865e-10 0.983312 -0.181929
v 76.8039 87.3422 -148.182
vt -0.024634 16.625
vn 0.51667 0.839736 -0.167017
v 76.8676 87.3365 -148.186
vt -0.0675272 16.6115
vn 0.76945 0.62105 -0.149142
v 76.9292 87.3272 -148.191
vt -0.109057 16.5893
vn 0.873878 0.46461 -0.143091
v 76.9879 87.3144 -148.199
vt -0.148567 16.5587
vn 0.921323 0.360738 -0.145022
v 77.0426 87.2982 -148.209
vt -0.185436 16.5202
vn 0.945466 0.288595 -0.15102
v 77.0926 87.279 -148.221
vt -0.219082 16.4743
vn 0.958796 0.235435 -0.158997
v 77.1369 87.257 -148.234
vt -0.248974 16.4219
vn 0.966503 0.19407 -0.167953
v 77.175 87.2326 -148.249
vt -0.27464 16.3638
vn 0.970984 0.160318 -0.177447
v 77.2063 87.2062 -148.265
vt -0.295677 16.3007
vn 0.973442 0.131608 -0.187325
v 77.2301 87.1782 -148.282
vt -0.311752 16.2339
vn 0.974507 0.106268 -0.197592
v 77.2463 87.149 -148.299
vt -0.322611 16.1642
vn 0.974515 0.0831374 -0.208349
v 77.2544 87.1191 -148.318
vt -0.328084 16.0929
vn 0.973619 0.061354 -0.219775
v 77.2544 87.0889 -148.336
vt -0.328084 16.021
vn 0.971854 0.0402187 -0.232126
v 77.2463 87.059 -148.354
vt -0.322611 15.9497
vn 0.969145 0.0191079 -0.245751
v 77.2301 87.0298 -148.372
vt -0.311752 15.88
vn 0.9653 -0.00259862 -0.261132
v 77.2063 87.0018 -148.389
vt -0.295677 15.8132
vn 0.959965 -0.0255873 -0.278949
v 77.175 86.9754 -148.405
vt -0.27464 15.7501
vn 0.952533 -0.0506955 -0.300185
v 77.1369 86.951 -148.419
vt -0.248974 15.692
vn 0.941955 -0.0790303 -0.326305
v 77.0926 86.929 -148.433
vt -0.219082 15.6396
vn 0.926358 -0.112148 -0.359561
v 77.0426 86.9098 -148.444
vt -0.185436 15.5937
vn 0.902215 -0.152337 -0.403486
v 76.9879 86.8936 -148.454
vt -0.148567 15.5552
vn 0.862462 -0.202997 -0.463629
v 76.9292 86.8808 -148.462
vt -0.109057 15.5246
vn 0.792067 -0.268809 -0.548062
v 76.8676 86.8715 -148.468
vt -0.0675272 15.5024
vn 0.658526 -0.353545 -0.664342
v 76.8039 86.8658 -148.471
vt -0.024634 15.4889
vn 0.403272 -0.446661 -0.798665
v 76.7392 86.864 -148.472
vt 0.0189464 15.4844
vn -3.26107e-10 -0.494341 -0.869268
v 76.6745 86.8658 -148.471
vt 0.0625268 15.4889
vn -0.403272 -0.446661 -0.798665
v 76.6108 86.8715 -148.468
vt 0.10542 15.5024
vn -0.658526 -0.353545 -0.664342
v 76.5491 86.8808 -148.462
vt 0.146949 15.5246
vn -0.792067 -0.268809 -0.548062
v 76.4905 86.8936 -148.454
vt 0.18646 15.5552
vn -0.862462 -0.202997 -0.463629
v 76.4358 86.9098 -148.444
vt 0.223329 15.5937
vn -0.902215 -0.152337 -0.403486
v 76.3858 86.929 -148.433
vt 0.256975 15.6396
vn -0.926358 -0.112148 -0.359561
v 76.3414 86.951 -148.419
vt 0.286867 15.692
vn -0.941955 -0.0790303 -0.326305
v 76.3033 86.9754 -148.405
vt 0.312533 15.7501
vn -0.952533 -0.0506955 -0.300185
v 76.2721 87.0018 -148.389
vt 0.33357 15.8132
vn -0.959965 -0.0255873 -0.278949
v 76.2482 87.0298 -148.372
vt 0.349644 15.88
vn -0.9653 -0.00259862 -0.261132
v 76.2321 87.059 -148.354
vt 0.360504 15.9497
vn -0.969145 0.0191079 -0.245751
vt 0.365977 16.021
f 4199/11500/3638 4203/11501/3642 4204/11502/3643 4205/11503/3644 4206/11504/3645 4207/11505/3646 4208/11506/3647 4209/11507/3648 4210/11508/3649 4211/11509/3650 4212/11510/3651 4213/11511/3652 4214/11512/3653 4215/11513/3654 4216/11514/3655 4217/11515/3656 4218/11516/3657 4219/11517/3658 4220/11518/3659 4221/11519/3660 4222/11520/3661 4223/11521/3662 4224/11522/3663 4225/11523/3664 4226/11524/3665 4227/11525/3666 4228/11526/3667 4229/11527/3668 4230/11528/3669 4231/11529/3670 4232/11530/3671 4233/11531/3672 4234/11532/3673 4235/11533/3674 4236/11534/3675 4237/11535/3676 4238/11536/3677 4239/11537/3678 4240/11538/3679 4241/11539/3680 4242/11540/3681 4243/11541/3682 4244/11542/3683 4245/11543/3684 4246/11544/3685 4247/11545/3686 4248/11546/3687 4249/11547/3688 4250/11548/3689 4200/11549/3639 

vt -74.71 2.50559
vt -74.697 2.43524
vt -36.0281 9.60804
v 76.2321 81.0623 -121.214
vt -36.0411 9.67839
vn -0.969145 -0.0191079 0.245751
f 4203/11550/3642 4199/11551/3638 4202/11552/3641 4251/11553/3690 

v 76.8676 81.2498 -121.1
vt 0.0675272 16.6115
vn 0.658526 0.353545 0.664342
v 76.8039 81.2555 -121.096
vt 0.024634 16.625
vn 0.403272 0.446661 0.798665
v 76.7392 81.2574 -121.095
vt -0.0189464 16.6295
vn 3.26154e-10 0.494341 0.869268
v 76.6745 81.2555 -121.096
vt -0.0625268 16.625
vn -0.403272 0.446661 0.798665
v 76.6108 81.2498 -121.1
vt -0.10542 16.6115
vn -0.658526 0.353545 0.664342
v 76.5491 81.2405 -121.106
vt -0.146949 16.5893
vn -0.792067 0.268809 0.548062
v 76.4905 81.2277 -121.113
vt -0.18646 16.5587
vn -0.862462 0.202997 0.463629
v 76.4358 81.2115 -121.123
vt -0.223329 16.5202
vn -0.902215 0.152337 0.403486
v 76.3858 81.1923 -121.135
vt -0.256975 16.4743
vn -0.926358 0.112148 0.359561
v 76.3414 81.1703 -121.148
vt -0.286867 16.4219
vn -0.941955 0.0790303 0.326305
v 76.3033 81.1459 -121.163
vt -0.312533 16.3638
vn -0.952533 0.0506955 0.300185
v 76.2721 81.1195 -121.179
vt -0.33357 16.3007
vn -0.959965 0.0255873 0.278949
v 76.2482 81.0915 -121.196
vt -0.349644 16.2339
vn -0.9653 0.00259862 0.261132
vt -0.360504 16.1642
vt -0.365977 16.0929
vt -0.365977 16.021
v 76.2321 80.9723 -121.268
vt -0.360504 15.9497
vn -0.974515 -0.0831374 0.208349
v 76.2482 80.9431 -121.286
vt -0.349644 15.88
vn -0.974507 -0.106268 0.197592
v 76.2721 80.9151 -121.303
vt -0.33357 15.8132
vn -0.973442 -0.131608 0.187325
v 76.3033 80.8887 -121.319
vt -0.312533 15.7501
vn -0.970984 -0.160318 0.177447
v 76.3414 80.8643 -121.334
vt -0.286867 15.692
vn -0.966503 -0.19407 0.167953
v 76.3858 80.8423 -121.347
vt -0.256975 15.6396
vn -0.958796 -0.235435 0.158997
v 76.4358 80.8231 -121.359
vt -0.223329 15.5937
vn -0.945466 -0.288595 0.15102
v 76.4905 80.8069 -121.368
vt -0.18646 15.5552
vn -0.921323 -0.360738 0.145022
v 76.5491 80.7941 -121.376
vt -0.146949 15.5246
vn -0.873878 -0.46461 0.143091
v 76.6108 80.7848 -121.382
vt -0.10542 15.5024
vn -0.76945 -0.62105 0.149142
v 76.6745 80.7791 -121.385
vt -0.0625268 15.4889
vn -0.51667 -0.839736 0.167017
v 76.7392 80.7773 -121.386
vt -0.0189464 15.4844
vn -6.33801e-10 -0.983312 0.181929
v 76.8039 80.7791 -121.385
vt 0.024634 15.4889
vn 0.51667 -0.839736 0.167017
v 76.8676 80.7848 -121.382
vt 0.0675272 15.5024
vn 0.76945 -0.62105 0.149142
v 76.9292 80.7941 -121.376
vt 0.109057 15.5246
vn 0.873878 -0.46461 0.143091
v 76.9879 80.8069 -121.368
vt 0.148567 15.5552
vn 0.921323 -0.360738 0.145022
v 77.0426 80.8231 -121.359
vt 0.185436 15.5937
vn 0.945466 -0.288595 0.15102
v 77.0926 80.8423 -121.347
vt 0.219082 15.6396
vn 0.958796 -0.235435 0.158997
v 77.1369 80.8643 -121.334
vt 0.248974 15.692
vn 0.966503 -0.19407 0.167953
v 77.175 80.8887 -121.319
vt 0.27464 15.7501
vn 0.970984 -0.160318 0.177447
v 77.2063 80.9151 -121.303
vt 0.295677 15.8132
vn 0.973442 -0.131608 0.187325
v 77.2301 80.9431 -121.286
vt 0.311752 15.88
vn 0.974507 -0.106268 0.197592
v 77.2463 80.9723 -121.268
vt 0.322611 15.9497
vn 0.974515 -0.0831374 0.208349
v 77.2544 81.0022 -121.25
vt 0.328084 16.021
vn 0.973619 -0.061354 0.219775
v 77.2544 81.0324 -121.232
vt 0.328084 16.0929
vn 0.971854 -0.0402187 0.232126
v 77.2463 81.0623 -121.214
vt 0.322611 16.1642
vn 0.969145 -0.0191079 0.245751
v 77.2301 81.0915 -121.196
vt 0.311752 16.2339
vn 0.9653 0.00259862 0.261132
v 77.2063 81.1195 -121.179
vt 0.295677 16.3007
vn 0.959965 0.0255873 0.278949
v 77.175 81.1459 -121.163
vt 0.27464 16.3638
vn 0.952533 0.0506955 0.300185
v 77.1369 81.1703 -121.148
vt 0.248974 16.4219
vn 0.941955 0.0790303 0.326305
v 77.0926 81.1923 -121.135
vt 0.219082 16.4743
vn 0.926358 0.112148 0.359561
v 77.0426 81.2115 -121.123
vt 0.185436 16.5202
vn 0.902215 0.152337 0.403486
v 76.9879 81.2277 -121.113
vt 0.148567 16.5587
vn 0.862462 0.202997 0.463629
v 76.9292 81.2405 -121.106
vt 0.109057 16.5893
vn 0.792067 0.268809 0.548062
f 4252/11554/3691 4253/11555/3692 4254/11556/3693 4255/11557/3694 4256/11558/3695 4257/11559/3696 4258/11560/3697 4259/11561/3698 4260/11562/3699 4261/11563/3700 4262/11564/3701 4263/11565/3702 4264/11566/3703 4251/11567/3690 4202/11568/3641 4201/11569/3640 4265/11570/3704 4266/11571/3705 4267/11572/3706 4268/11573/3707 4269/11574/3708 4270/11575/3709 4271/11576/3710 4272/11577/3711 4273/11578/3712 4274/11579/3713 4275/11580/3714 4276/11581/3715 4277/11582/3716 4278/11583/3717 4279/11584/3718 4280/11585/3719 4281/11586/3720 4282/11587/3721 4283/11588/3722 4284/11589/3723 4285/11590/3724 4286/11591/3725 4287/11592/3726 4288/11593/3727 4289/11594/3728 4290/11595/3729 4291/11596/3730 4292/11597/3731 4293/11598/3732 4294/11599/3733 4295/11600/3734 4296/11601/3735 4297/11602/3736 4298/11603/3737 

vt 64.703 -34.1565
vt 64.7266 -34.1183
vt 31.2584 -13.4637
vt 31.2348 -13.502
f 4216/11604/3655 4215/11605/3654 4253/11606/3692 4252/11607/3691 

vt 37.0063 -62.9475
vt 37.0446 -62.9261
vt 17.9023 -28.5706
vt 17.864 -28.5919
f 4215/11608/3654 4214/11609/3653 4254/11610/3693 4253/11611/3692 

vt -37.0117 -62.9445
vt -36.9734 -62.9658
vt -17.8311 -28.6103
vt -17.8694 -28.5889
f 4214/11612/3653 4213/11613/3652 4255/11614/3694 4254/11615/3693 

vt -64.7076 -34.149
vt -64.684 -34.1873
vt -31.2158 -13.5327
vt -31.2394 -13.4945
f 4213/11616/3652 4212/11617/3651 4256/11618/3695 4255/11619/3694 

vt -70.7902 -19.4348
vt -70.773 -19.4787
vt -34.1577 -5.12411
vt -34.1749 -5.08026
f 4212/11620/3651 4211/11621/3650 4257/11622/3696 4256/11623/3695 

vt -72.7873 -11.4853
vt -72.7728 -11.5332
vt -35.1232 -0.164789
vt -35.1377 -0.116938
f 4211/11624/3650 4210/11625/3649 4258/11626/3697 4257/11627/3696 

vt -73.6546 -6.63805
vt -73.6414 -6.68971
vt -35.5414 3.0633
vt -35.5546 3.11496
f 4210/11628/3649 4209/11629/3648 4259/11630/3698 4258/11631/3697 

vt -74.0998 -3.47307
vt -74.0871 -3.52849
vt -35.7546 5.26618
vt -35.7673 5.3216
f 4209/11632/3648 4208/11633/3647 4260/11634/3699 4259/11635/3698 

vt -74.3533 -1.32899
vt -74.3407 -1.38801
vt -35.8744 6.80182
vt -35.8869 6.86084
f 4208/11636/3647 4207/11637/3646 4261/11638/3700 4260/11639/3699 

vt -74.5067 0.148692
vt -74.4941 0.0863687
vt -35.9454 7.87904
vt -35.958 7.94137
f 4207/11640/3646 4206/11641/3645 4262/11642/3701 4261/11643/3700 

vt -74.6023 1.16683
vt -74.5895 1.10162
vt -35.988 8.62831
vt -36.0007 8.69352
f 4206/11644/3645 4205/11645/3644 4263/11646/3702 4262/11647/3701 

vt -74.6612 1.8518
vt -74.6484 1.78425
vt -36.0126 9.13355
vt -36.0255 9.2011
f 4205/11648/3644 4204/11649/3643 4264/11650/3703 4263/11651/3702 

vt -74.6951 2.28214
vt -74.6821 2.21285
vt -36.025 9.44885
vt -36.0379 9.51813
f 4204/11652/3643 4203/11653/3642 4251/11654/3690 4264/11655/3703 

vt 70.7852 -19.4476
vt 70.8024 -19.4037
vt 34.1871 -5.04915
vt 34.1699 -5.093
f 4217/11656/3656 4216/11657/3655 4252/11658/3691 4298/11659/3737 

vt 72.7815 -11.5045
vt 72.796 -11.4566
vt 35.1464 -0.088264
vt 35.1319 -0.136115
f 4218/11660/3657 4217/11661/3656 4298/11662/3737 4297/11663/3736 

vt 73.6479 -6.66433
vt 73.6611 -6.61267
vt 35.5611 3.14034
vt 35.5479 3.08868
f 4219/11664/3658 4218/11665/3657 4297/11666/3736 4296/11667/3735 

vt 74.0921 -3.50663
vt 74.1049 -3.45122
vt 35.7723 5.34345
vt 35.7596 5.28804
f 4220/11668/3659 4219/11669/3658 4296/11670/3735 4295/11671/3734 

vt 74.3446 -1.36965
vt 74.3572 -1.31063
vt 35.8908 6.8792
vt 35.8783 6.82018
f 4221/11672/3660 4220/11673/3659 4295/11674/3734 4294/11675/3733 

vt 74.4971 0.101361
vt 74.5097 0.163685
vt 35.961 7.95636
vt 35.9484 7.89403
f 4222/11676/3661 4221/11677/3660 4294/11678/3733 4293/11679/3732 

vt 74.5918 1.1134
vt 74.6046 1.1786
vt 36.003 8.70529
vt 35.9903 8.64009
f 4223/11680/3662 4222/11681/3661 4293/11682/3732 4292/11683/3731 

vt 74.65 1.79296
vt 74.6629 1.86051
vt 36.0271 9.2098
vt 36.0143 9.14225
f 4224/11684/3663 4223/11685/3662 4292/11686/3731 4291/11687/3730 

vt 74.6832 2.21859
vt 74.6961 2.28788
vt 36.039 9.52387
vt 36.026 9.45459
f 4225/11688/3664 4224/11689/3663 4291/11690/3730 4290/11691/3729 

vt 74.6975 2.43809
vt 74.7106 2.50844
vt 36.0417 9.68124
vt 36.0286 9.61089
f 4226/11692/3665 4225/11693/3664 4290/11694/3729 4289/11695/3728 

vt 74.6963 2.47767
vt 74.7094 2.54838
vt 36.0367 9.70086
vt 36.0236 9.63015
f 4227/11696/3666 4226/11697/3665 4289/11698/3728 4288/11699/3727 

vt 74.6805 2.3466
vt 74.6936 2.41695
vt 36.0247 9.58975
vt 36.0116 9.5194
f 4228/11700/3667 4227/11701/3666 4288/11702/3727 4287/11703/3726 

vt 74.6495 2.03861
vt 74.6624 2.10789
vt 36.0053 9.34389
vt 35.9924 9.27461
f 4229/11704/3668 4228/11705/3667 4287/11706/3726 4286/11707/3725 

vt 74.6001 1.53059
vt 74.613 1.59814
vt 35.9772 8.94743
vt 35.9644 8.87988
f 4230/11708/3669 4229/11709/3668 4286/11710/3725 4285/11711/3724 

vt 74.5264 0.778052
vt 74.5392 0.843255
vt 35.9376 8.36995
vt 35.9249 8.30474
f 4231/11712/3670 4230/11713/3669 4285/11714/3724 4284/11715/3723 

vt 74.4172 -0.293901
vt 74.4298 -0.231578
vt 35.8811 7.5611
vt 35.8685 7.49877
f 4232/11716/3671 4231/11717/3670 4284/11718/3723 4283/11719/3722 

vt 74.2514 -1.80761
vt 74.2639 -1.74859
vt 35.7976 6.44125
vt 35.785 6.38223
f 4233/11720/3672 4232/11721/3671 4283/11722/3722 4282/11723/3721 

vt 73.9869 -3.96524
vt 73.9996 -3.90982
vt 35.6671 4.88485
vt 35.6544 4.82943
f 4234/11724/3673 4233/11725/3672 4282/11726/3721 4281/11727/3720 

vt 73.5322 -7.11606
vt 73.5455 -7.0644
vt 35.4454 2.68862
vt 35.4322 2.63696
f 4235/11728/3674 4234/11729/3673 4281/11730/3720 4280/11731/3719 

vt 72.6573 -11.9159
vt 72.6717 -11.8681
vt 35.0221 -0.499699
vt 35.0077 -0.547549
f 4236/11732/3675 4235/11733/3674 4280/11734/3719 4279/11735/3718 

vt 70.6549 -19.78
vt 70.6721 -19.7362
vt 34.0568 -5.38162
vt 34.0396 -5.42547
f 4237/11736/3676 4236/11737/3675 4279/11738/3718 4278/11739/3717 

vt 64.5725 -34.368
vt 64.5961 -34.3298
vt 31.1279 -13.6752
vt 31.1043 -13.7135
f 4238/11740/3677 4237/11741/3676 4278/11742/3717 4277/11743/3716 

vt 36.9086 -63.0019
vt 36.9468 -62.9806
vt 17.8046 -28.625
vt 17.7663 -28.6464
f 4239/11744/3678 4238/11745/3677 4277/11746/3716 4276/11747/3715 

vt -36.9798 -62.9623
vt -36.9415 -62.9836
vt -17.7992 -28.628
vt -17.8375 -28.6067
f 4240/11748/3679 4239/11749/3678 4276/11750/3715 4275/11751/3714 

vt -64.6151 -34.299
vt -64.5915 -34.3373
vt -31.1233 -13.6827
vt -31.1469 -13.6444
f 4241/11752/3680 4240/11753/3679 4275/11754/3714 4274/11755/3713 

vt -70.6843 -19.7051
vt -70.6671 -19.7489
vt -34.0518 -5.39436
vt -34.069 -5.35051
f 4242/11756/3681 4241/11757/3680 4274/11758/3713 4273/11759/3712 

vt -72.6804 -11.8394
vt -72.6659 -11.8872
vt -35.0163 -0.518875
vt -35.0308 -0.471025
f 4243/11760/3682 4242/11761/3681 4273/11762/3712 4272/11763/3711 

vt -73.5519 -7.03902
vt -73.5387 -7.09068
vt -35.4387 2.66234
vt -35.4519 2.714
f 4244/11764/3683 4243/11765/3682 4272/11766/3711 4271/11767/3710 

vt -74.0046 -3.88797
vt -73.9919 -3.94339
vt -35.6594 4.85128
vt -35.6721 4.9067
f 4245/11768/3684 4244/11769/3683 4271/11770/3710 4270/11771/3709 

vt -74.2678 -1.73023
vt -74.2553 -1.78925
vt -35.7889 6.40059
vt -35.8015 6.45961
f 4246/11772/3685 4245/11773/3684 4270/11774/3709 4269/11775/3708 

vt -74.4329 -0.216585
vt -74.4203 -0.278909
vt -35.8715 7.51376
vt -35.8841 7.57609
f 4247/11776/3686 4246/11777/3685 4269/11778/3708 4268/11779/3707 

vt -74.5415 0.855032
vt -74.5287 0.78983
vt -35.9272 8.31652
vt -35.9399 8.38172
f 4248/11780/3687 4247/11781/3686 4268/11782/3707 4267/11783/3706 

vt -74.6146 1.60684
vt -74.6018 1.53929
vt -35.966 8.88858
vt -35.9789 8.95614
f 4249/11784/3688 4248/11785/3687 4267/11786/3706 4266/11787/3705 

vt -74.6635 2.11363
vt -74.6505 2.04435
vt -35.9934 9.28034
vt -36.0064 9.34963
f 4250/11788/3689 4249/11789/3688 4266/11790/3705 4265/11791/3704 

vt -74.6941 2.4198
vt -74.6811 2.34945
vt -36.0122 9.52225
vt -36.0252 9.5926
f 4200/11792/3639 4250/11793/3689 4265/11794/3704 4201/11795/3640 

g Mesh41 Group1 Ombrellone_Lateral_New_Sobrano_quadrado_3_5x3_5_1 Model

usemtl A04_Scarlet_Glow1
v 76.3442 91.7297 -80.7523
vt 2.48188 -3.39617
vn -0.220484 -0.930465 -0.292612
v 76.3405 91.7259 -80.7112
vt 2.4839 -3.39707
vn -0.2467 -0.9681 0.0438382
v 76.305 91.7335 -80.713
vt 2.48472 -3.39527
v 76.3086 91.7372 -80.7541
vt 2.4827 -3.39437
f 4299/11796/3738 4300/11797/3739 4301/11798/3739 4302/11799/3738 

v 76.3822 91.9469 -80.5651
vt -4.29634 6.22164
vn 0.979202 -0.191421 0.0672387
v 76.3716 91.9033 -80.5583
vt -4.29674 6.219
v 76.3616 91.8591 -80.5623
vt -4.29656 6.21633
v 76.3528 91.8175 -80.5769
vt -4.29582 6.21381
v 76.346 91.7811 -80.6009
vt -4.29457 6.21161
v 76.3415 91.7526 -80.6328
vt -4.29289 6.20988
v 76.3396 91.7337 -80.6705
vt -4.29089 6.20874
vt -4.28872 6.20827
vt -4.28652 6.2085
v 76.3503 91.7448 -80.791
vt -4.28444 6.20941
v 76.3584 91.7701 -80.8246
vt -4.28263 6.21094
v 76.3681 91.804 -80.8508
vt -4.2812 6.21299
v 76.3786 91.8441 -80.8679
vt -4.28025 6.21542
v 76.3892 91.8877 -80.8747
vt -4.27985 6.21806
v 76.3992 91.9318 -80.8707
vt -4.28003 6.22073
v 76.4079 91.9735 -80.8561
vt -4.28077 6.22325
v 76.4148 92.0098 -80.8321
vt -4.28202 6.22545
v 76.4193 92.0384 -80.8002
vt -4.2837 6.22718
v 76.4212 92.0572 -80.7625
vt -4.2857 6.22832
v 76.4202 92.065 -80.7218
vt -4.28787 6.22879
v 76.4166 92.0613 -80.6807
vt -4.29007 6.22856
v 76.4105 92.0462 -80.642
vt -4.29215 6.22765
v 76.4023 92.0209 -80.6084
vt -4.29397 6.22612
v 76.3927 91.987 -80.5821
vt -4.2954 6.22407
f 4303/11800/3740 4304/11801/3740 4305/11802/3740 4306/11803/3740 4307/11804/3740 4308/11805/3740 4309/11806/3740 4300/11807/3740 4299/11808/3740 4310/11809/3740 4311/11810/3740 4312/11811/3740 4313/11812/3740 4314/11813/3740 4315/11814/3740 4316/11815/3740 4317/11816/3740 4318/11817/3740 4319/11818/3740 4320/11819/3740 4321/11820/3740 4322/11821/3740 4323/11822/3740 4324/11823/3740 

vt 3.23044 4.92088
vn -0.0410655 0.0337708 0.998586
vt 3.231 4.92349
vn 0.00892836 0.226848 0.973889
v 76.3467 91.9544 -80.5669
vt 3.22909 4.92394
v 76.336 91.9108 -80.5601
vt 3.22852 4.92133
f 4304/11824/3741 4303/11825/3742 4325/11826/3742 4326/11827/3741 

vt 2.98607 3.61882
vt 2.98667 3.62136
vn 0.0618636 0.422713 0.90415
v 76.3572 91.9945 -80.584
vt 2.98476 3.62183
vt 2.98416 3.6193
f 4303/11828/3742 4324/11829/3743 4327/11830/3743 4325/11831/3742 

vt 2.6632 1.96977
vt 2.66386 1.97218
vn 0.117679 0.618653 0.776801
v 76.3668 92.0284 -80.6102
vt 2.66197 1.97272
vt 2.6613 1.9703
f 4324/11832/3743 4323/11833/3744 4328/11834/3744 4327/11835/3743 

vt 2.1445 -0.0406192
vt 2.14531 -0.0383755
vn 0.17335 0.799423 0.575215
v 76.375 92.0537 -80.6438
vt 2.14345 -0.0377084
vt 2.14265 -0.0399521
f 4323/11836/3744 4322/11837/3745 4329/11838/3745 4328/11839/3744 

vt 1.02718 -2.3079
vt 1.02832 -2.30593
vn 0.220484 0.930465 0.292612
v 76.3811 92.0688 -80.6825
vt 1.02662 -2.30495
vt 1.02547 -2.30692
f 4322/11840/3745 4321/11841/3746 4330/11842/3746 4329/11843/3745 

vt -2.4834 -3.39642
vt -2.48137 -3.39553
vn 0.2467 0.9681 -0.0438382
v 76.3847 92.0726 -80.7236
vt -2.48219 -3.39373
vt -2.48422 -3.39462
f 4321/11844/3746 4320/11845/3747 4331/11846/3747 4330/11847/3746 

vt -5.4824 2.20103
vt -5.48078 2.1995
vn 0.244693 0.895835 -0.370951
v 76.3856 92.0648 -80.7643
vt -5.47947 2.20097
vt -5.48109 2.2025
f 4320/11848/3747 4319/11849/3748 4332/11850/3748 4331/11851/3747 

vt -4.75199 5.3463
vt -4.75106 5.34419
vn 0.219018 0.742693 -0.632802
v 76.3838 92.0459 -80.802
vt -4.74928 5.34503
vt -4.75021 5.34714
f 4319/11852/3748 4318/11853/3749 4333/11854/3749 4332/11855/3748 

vt -4.24021 6.51806
vt -4.23952 6.51574
vn 0.180027 0.552759 -0.813663
v 76.3793 92.0174 -80.8339
vt -4.23765 6.51635
vt -4.23834 6.51867
f 4318/11856/3749 4317/11857/3750 4334/11858/3750 4333/11859/3749 

vt -3.91115 6.80879
vt -3.91055 6.80633
vn 0.135536 0.354699 -0.925105
v 76.3724 91.981 -80.8579
vt -3.90865 6.80684
vt -3.90925 6.8093
f 4317/11860/3750 4316/11861/3751 4335/11862/3751 4334/11863/3750 

vt -3.66288 6.55253
vt -3.66233 6.54996
vn 0.089003 0.159036 -0.983253
v 76.3637 91.9394 -80.8725
vt -3.66041 6.55042
vt -3.66097 6.55299
f 4316/11864/3751 4315/11865/3752 4336/11866/3752 4335/11867/3751 

vt -3.44643 5.90259
vt -3.44588 5.89997
vn 0.0410655 -0.0337708 -0.998586
v 76.3537 91.8952 -80.8765
vt -3.44396 5.90042
vt -3.44451 5.90304
f 4315/11868/3752 4314/11869/3753 4337/11870/3753 4336/11871/3752 

vt -3.2311 4.92238
vt -3.23054 4.91978
vn -0.00892836 -0.226848 -0.973889
v 76.343 91.8516 -80.8697
vt -3.22862 4.92023
vt -3.22919 4.92283
f 4314/11872/3753 4313/11873/3754 4338/11874/3754 4337/11875/3753 

vt -2.98647 3.61884
vt -2.98588 3.61631
vn -0.0618636 -0.422713 -0.90415
v 76.3325 91.8115 -80.8527
vt -2.98396 3.61678
vt -2.98456 3.61932
f 4313/11876/3754 4312/11877/3755 4339/11878/3755 4338/11879/3754 

vt -2.66339 1.96882
vt -2.66272 1.9664
vn -0.117679 -0.618653 -0.776801
v 76.3229 91.7776 -80.8264
vt -2.66083 1.96694
vt -2.66149 1.96935
f 4312/11880/3755 4311/11881/3756 4340/11882/3756 4339/11883/3755 

vt -2.14459 -0.0417308
vt -2.14379 -0.0439745
vn -0.17335 -0.799423 -0.575215
v 76.3147 91.7523 -80.7928
vt -2.14193 -0.0433074
vt -2.14274 -0.0410637
f 4311/11884/3756 4310/11885/3757 4341/11886/3757 4340/11887/3756 

vt -1.02747 -2.30828
vt -1.02633 -2.31025
vt -1.02462 -2.30927
vt -1.02577 -2.3073
f 4310/11888/3757 4299/11889/3738 4302/11890/3738 4341/11891/3757 

vt 4.29678 6.21904
vn -0.979202 0.191421 -0.0672387
vt 4.29638 6.22168
vt 4.29543 6.2241
vt 4.294 6.22615
vt 4.29218 6.22769
vt 4.2901 6.2286
vt 4.2879 6.22883
vt 4.28573 6.22835
vt 4.28374 6.22721
vt 4.28206 6.22549
vt 4.2808 6.22329
vt 4.28006 6.22076
vt 4.27988 6.21809
vt 4.28028 6.21545
vt 4.28123 6.21303
vt 4.28266 6.21098
vt 4.28448 6.20944
vt 4.28656 6.20853
vt 4.28876 6.20831
v 76.3041 91.7413 -80.6723
vt 4.29093 6.20878
v 76.3059 91.7601 -80.6346
vt 4.29292 6.20992
v 76.3104 91.7887 -80.6027
vt 4.2946 6.21165
v 76.3173 91.825 -80.5787
vt 4.29586 6.21385
v 76.326 91.8667 -80.5641
vt 4.2966 6.21637
f 4326/11892/3758 4325/11893/3758 4327/11894/3758 4328/11895/3758 4329/11896/3758 4330/11897/3758 4331/11898/3758 4332/11899/3758 4333/11900/3758 4334/11901/3758 4335/11902/3758 4336/11903/3758 4337/11904/3758 4338/11905/3758 4339/11906/3758 4340/11907/3758 4341/11908/3758 4302/11909/3758 4301/11910/3758 4342/11911/3758 4343/11912/3758 4344/11913/3758 4345/11914/3758 4346/11915/3758 

vt 5.48005 2.19844
vt 5.48167 2.19997
vn -0.244693 -0.895835 0.370951
vt 5.48036 2.20144
vt 5.47873 2.19992
f 4300/11916/3739 4309/11917/3759 4342/11918/3759 4301/11919/3739 

vt 4.75004 5.34156
vt 4.75097 5.34367
vn -0.219018 -0.742693 0.632802
vt 4.74919 5.34451
vt 4.74826 5.34241
f 4309/11920/3759 4308/11921/3760 4343/11922/3760 4342/11923/3759 

vt 4.23853 6.5124
vt 4.23922 6.51472
vn -0.180027 -0.552759 0.813663
vt 4.23734 6.51533
vt 4.23666 6.51301
f 4308/11924/3760 4307/11925/3761 4344/11926/3761 4343/11927/3760 

vt 3.9097 6.80325
vt 3.91029 6.80571
vn -0.135536 -0.354699 0.925105
vt 3.90839 6.80622
vt 3.9078 6.80376
f 4307/11928/3761 4306/11929/3762 4345/11930/3762 4344/11931/3761 

vt 3.66168 6.54792
vt 3.66224 6.55049
vn -0.089003 -0.159036 0.983253
vt 3.66032 6.55095
vt 3.65977 6.54838
f 4306/11932/3762 4305/11933/3763 4346/11934/3763 4345/11935/3762 

vt 3.44549 5.89944
vt 3.44604 5.90206
vt 3.44412 5.90251
vt 3.44357 5.89989
f 4305/11936/3763 4304/11937/3741 4326/11938/3741 4346/11939/3763 

g Mesh42 Group1 Ombrellone_Lateral_New_Sobrano_quadrado_3_5x3_5_1 Model

v 75.6517 89.2797 -79.498
vt 4.35577 6.05982
v 75.6552 89.3046 -79.4635
vt 4.35759 6.06132
v 75.6611 89.3381 -79.4361
vt 4.35903 6.06335
v 75.6692 89.3779 -79.4175
vt 4.35998 6.06576
v 75.6787 89.4214 -79.4092
vt 4.36039 6.06839
v 75.6892 89.4656 -79.4117
vt 4.36022 6.07107
v 75.6998 89.5075 -79.4247
vt 4.35949 6.0736
v 75.7099 89.5442 -79.4474
vt 4.35825 6.07582
v 75.7187 89.5732 -79.4783
vt 4.35657 6.07758
v 75.7257 89.5925 -79.5153
vt 4.35458 6.07875
v 75.7304 89.6009 -79.5557
vt 4.35241 6.07925
v 75.7324 89.5977 -79.597
vt 4.35021 6.07906
v 75.7317 89.5832 -79.6362
vt 4.34813 6.07818
v 75.7282 89.5584 -79.6707
vt 4.3463 6.07668
v 75.7222 89.5249 -79.6981
vt 4.34487 6.07465
v 75.7142 89.485 -79.7166
vt 4.34391 6.07224
v 75.7046 89.4415 -79.7249
vt 4.3435 6.06961
v 75.6942 89.3973 -79.7225
vt 4.34367 6.06693
v 75.6835 89.3554 -79.7095
vt 4.3444 6.0644
v 75.6735 89.3188 -79.6867
vt 4.34565 6.06218
v 75.6646 89.2898 -79.6559
vt 4.34733 6.06043
v 75.6576 89.2704 -79.6189
vt 4.34932 6.05925
v 75.653 89.262 -79.5784
vt 4.35149 6.05875
v 75.6509 89.2652 -79.5372
vt 4.35369 6.05894
f 4347/11940/3758 4348/11941/3758 4349/11942/3758 4350/11943/3758 4351/11944/3758 4352/11945/3758 4353/11946/3758 4354/11947/3758 4355/11948/3758 4356/11949/3758 4357/11950/3758 4358/11951/3758 4359/11952/3758 4360/11953/3758 4361/11954/3758 4362/11955/3758 4363/11956/3758 4364/11957/3758 4365/11958/3758 4366/11959/3758 4367/11960/3758 4368/11961/3758 4369/11962/3758 4370/11963/3758 

v 75.6872 89.2722 -79.4962
vt 4.39933 6.13496
vn -0.23152 -0.810963 0.537343
v 75.6907 89.297 -79.4617
vt 4.40008 6.13721
vn -0.196687 -0.631183 0.750282
vt 4.39823 6.13789
vt 4.39748 6.13564
f 4371/11964/3764 4372/11965/3765 4348/11966/3765 4347/11967/3764 

vt -4.35756 6.06129
vt -4.35574 6.05978
v 75.6865 89.2577 -79.5354
vt -4.35365 6.05891
v 75.6885 89.2545 -79.5766
vt -4.35145 6.05871
v 75.6932 89.2629 -79.6171
vt -4.34928 6.05922
v 75.7002 89.2822 -79.654
vt -4.34729 6.06039
v 75.709 89.3112 -79.6849
vt -4.34562 6.06215
v 75.7191 89.3479 -79.7077
vt -4.34437 6.06437
v 75.7297 89.3898 -79.7207
vt -4.34364 6.0669
v 75.7401 89.434 -79.7231
vt -4.34347 6.06957
v 75.7497 89.4775 -79.7148
vt -4.34388 6.07221
v 75.7578 89.5173 -79.6963
vt -4.34483 6.07462
v 75.7637 89.5508 -79.6689
vt -4.34627 6.07665
v 75.7672 89.5757 -79.6344
vt -4.34809 6.07815
v 75.768 89.5902 -79.5952
vt -4.35018 6.07903
v 75.7659 89.5934 -79.5539
vt -4.35238 6.07922
v 75.7613 89.585 -79.5135
vt -4.35455 6.07871
v 75.7543 89.5656 -79.4765
vt -4.35654 6.07754
v 75.7454 89.5366 -79.4456
vt -4.35821 6.07579
v 75.7354 89.5 -79.4229
vt -4.35946 6.07357
v 75.7247 89.4581 -79.4099
vt -4.36019 6.07103
v 75.7143 89.4139 -79.4074
vt -4.36036 6.06836
v 75.7047 89.3704 -79.4157
vt -4.35995 6.06573
v 75.6966 89.3305 -79.4342
vt -4.359 6.06331
f 4372/11968/3740 4371/11969/3740 4373/11970/3740 4374/11971/3740 4375/11972/3740 4376/11973/3740 4377/11974/3740 4378/11975/3740 4379/11976/3740 4380/11977/3740 4381/11978/3740 4382/11979/3740 4383/11980/3740 4384/11981/3740 4385/11982/3740 4386/11983/3740 4387/11984/3740 4388/11985/3740 4389/11986/3740 4390/11987/3740 4391/11988/3740 4392/11989/3740 4393/11990/3740 4394/11991/3740 

vt 5.04426 4.44599
vn -0.248846 -0.937041 0.245009
vt 5.04538 4.44796
vt 5.0437 4.44899
vt 5.04257 4.44702
f 4373/11992/3766 4371/11993/3764 4347/11994/3764 4370/11995/3766 

vt 5.29402 -0.271072
vn -0.239398 -0.966339 -0.0942262
vt 5.29608 -0.270286
vt 5.29542 -0.268422
vt 5.29335 -0.269208
f 4374/11996/3767 4373/11997/3766 4370/11998/3766 4369/11999/3767 

vt 0.62035 -3.50781
vn -0.203349 -0.886725 -0.415173
vt 0.621949 -3.50937
vt 0.623338 -3.50796
vt 0.621739 -3.5064
f 4375/12000/3768 4374/12001/3767 4369/12002/3767 4368/12003/3768 

vt -1.55327 -1.50801
vn -0.151397 -0.730373 -0.666058
vt -1.55231 -1.51012
vt -1.55051 -1.5093
vt -1.55148 -1.50719
f 4376/12004/3769 4375/12005/3768 4368/12006/3768 4367/12007/3769 

vt -2.34593 0.662465
vn -0.0950023 -0.540505 -0.83596
vt -2.3452 0.660147
vt -2.34332 0.660749
vt -2.34405 0.663067
f 4377/12008/3770 4376/12009/3769 4367/12010/3769 4366/12011/3770 

vt -2.76782 2.51852
vn -0.0402051 -0.343665 -0.938231
vt -2.76719 2.51605
vt -2.76529 2.51656
vt -2.76592 2.51903
f 4378/12012/3771 4377/12013/3770 4366/12014/3770 4365/12015/3771 

vt -3.05462 4.02526
vn 0.0114689 -0.149017 -0.988768
vt -3.05403 4.02269
vt -3.05212 4.02315
vt -3.0527 4.02573
f 4379/12016/3772 4378/12017/3771 4365/12018/3771 4364/12019/3772 

vt -3.28633 5.20482
vn 0.0605218 0.0435288 -0.997217
vt -3.28577 5.2022
vt -3.28386 5.20265
vt -3.28441 5.20527
f 4380/12020/3773 4379/12021/3772 4364/12022/3772 4363/12023/3773 

vt -3.5019 6.07078
vn 0.107862 0.237201 -0.965454
vt -3.50135 6.06818
vt -3.49943 6.06863
vt -3.49998 6.07123
f 4381/12024/3774 4380/12025/3773 4363/12026/3773 4362/12027/3774 

vt -3.73046 6.59669
vn 0.153768 0.434266 -0.887563
vt -3.72989 6.59416
vt -3.72798 6.59464
vt -3.72855 6.59717
f 4382/12028/3775 4381/12029/3774 4362/12030/3774 4361/12031/3775 

vt -4.00805 6.68881
vn 0.196687 0.631183 -0.750282
vt -4.00743 6.68639
vt -4.00554 6.68694
vt -4.00616 6.68935
f 4383/12032/3776 4382/12033/3775 4361/12034/3775 4360/12035/3776 

vt -4.4011 6.14038
vn 0.23152 0.810963 -0.537343
vt -4.40035 6.13814
vt -4.3985 6.13882
vt -4.39925 6.14106
f 4384/12036/3777 4383/12037/3776 4360/12038/3776 4359/12039/3777 

vt -5.04635 4.45003
vn 0.248846 0.937041 -0.245009
vt -5.04523 4.44806
vt -5.04354 4.44909
vt -5.04466 4.45106
f 4385/12040/3778 4384/12041/3777 4359/12042/3777 4358/12043/3778 

vt -5.29642 -0.269817
vn 0.239398 0.966339 0.0942262
vt -5.29435 -0.270603
vt -5.29369 -0.268739
vt -5.29575 -0.267952
f 4386/12044/3779 4385/12045/3778 4358/12046/3778 4357/12047/3779 

vt -0.621175 -3.50803
vn 0.203349 0.886725 0.415173
vt -0.619576 -3.50647
vt -0.620965 -3.50506
vt -0.622564 -3.50662
f 4387/12048/3780 4386/12049/3779 4357/12050/3779 4356/12051/3780 

vt 1.55312 -1.50725
vn 0.151397 0.730373 0.666058
vt 1.55409 -1.50514
vt 1.5523 -1.50432
vt 1.55133 -1.50643
f 4388/12052/3781 4387/12053/3780 4356/12054/3780 4355/12055/3781 

vt 2.34582 0.663621
vn 0.0950023 0.540505 0.83596
vt 2.34656 0.665939
vt 2.34468 0.666541
vt 2.34395 0.664223
f 4389/12056/3782 4388/12057/3781 4355/12058/3781 4354/12059/3782 

vt 2.76756 2.51916
vn 0.0402051 0.343665 0.938231
vt 2.76819 2.52163
vt 2.76629 2.52214
vt 2.76566 2.51967
f 4390/12060/3783 4389/12061/3782 4354/12062/3782 4353/12063/3783 

vt 3.05411 4.02469
vn -0.0114689 0.149017 0.988768
vt 3.0547 4.02726
vt 3.05278 4.02772
vt 3.0522 4.02515
f 4391/12064/3784 4390/12065/3783 4353/12066/3783 4352/12067/3784 

vt 3.28556 5.20266
vn -0.0605218 -0.0435288 0.997217
vt 3.28612 5.20528
vt 3.2842 5.20572
vt 3.28364 5.2031
f 4392/12068/3785 4391/12069/3784 4352/12070/3784 4351/12071/3785 

vt 3.50085 6.067
vn -0.107862 -0.237201 0.965454
vt 3.5014 6.06961
vt 3.49949 6.07006
vt 3.49893 6.06745
f 4393/12072/3786 4392/12073/3785 4351/12074/3785 4350/12075/3786 

vt 3.72916 6.59162
vn -0.153768 -0.434266 0.887563
vt 3.72972 6.59416
vt 3.72781 6.59463
vt 3.72725 6.5921
f 4394/12076/3787 4393/12077/3786 4350/12078/3786 4349/12079/3787 

vt 4.00651 6.6831
vt 4.00713 6.68551
vt 4.00524 6.68605
vt 4.00462 6.68364
f 4372/12080/3765 4394/12081/3787 4349/12082/3787 4348/12083/3765 

g Mesh43 Group1 Ombrellone_Lateral_New_Sobrano_quadrado_3_5x3_5_1 Model

v 75.7898 85.5211 -150.999
vt 1.20711 5.24115
vn -0.989353 6.32915e-10 0.145532
v 75.7859 85.4838 -151.027
vt 1.20564 5.23894
v 75.7836 85.4412 -151.043
vt 1.20477 5.23642
v 75.783 85.3959 -151.047
vt 1.20455 5.23374
v 75.7842 85.3513 -151.038
vt 1.20501 5.2311
v 75.7871 85.3102 -151.018
vt 1.2061 5.22867
v 75.7915 85.2755 -150.987
vt 1.20775 5.22661
v 75.7972 85.2495 -150.948
vt 1.20985 5.22508
v 75.8036 85.2341 -150.904
vt 1.21227 5.22417
v 75.8104 85.2303 -150.856
vt 1.21482 5.22394
v 75.8172 85.2383 -150.809
vt 1.21735 5.22441
v 75.8234 85.2576 -150.766
vt 1.21967 5.22555
v 75.8286 85.2868 -150.73
vt 1.22163 5.22728
v 75.8325 85.3241 -150.703
vt 1.2231 5.22949
v 75.8349 85.3668 -150.686
vt 1.22397 5.23201
v 75.8354 85.412 -150.682
vt 1.22419 5.23469
v 75.8342 85.4566 -150.691
vt 1.22374 5.23734
v 75.8313 85.4977 -150.711
vt 1.22265 5.23977
v 75.8269 85.5324 -150.742
vt 1.22099 5.24182
v 75.8213 85.5584 -150.781
vt 1.21889 5.24336
v 75.8148 85.5738 -150.826
vt 1.21647 5.24427
v 75.808 85.5776 -150.873
vt 1.21392 5.24449
v 75.8013 85.5696 -150.92
vt 1.21139 5.24402
v 75.7951 85.5503 -150.963
vt 1.20907 5.24288
f 4395/12084/3788 4396/12085/3788 4397/12086/3788 4398/12087/3788 4399/12088/3788 4400/12089/3788 4401/12090/3788 4402/12091/3788 4403/12092/3788 4404/12093/3788 4405/12094/3788 4406/12095/3788 4407/12096/3788 4408/12097/3788 4409/12098/3788 4410/12099/3788 4411/12100/3788 4412/12101/3788 4413/12102/3788 4414/12103/3788 4415/12104/3788 4416/12105/3788 4417/12106/3788 4418/12107/3788 

v 75.8259 85.5211 -151.005
vt -2.98244 5.03131
vn -0.111488 0.622037 -0.77501
v 75.822 85.4838 -151.032
vt -2.98244 5.02866
vn -0.129807 0.410979 -0.902356
vt -2.98048 5.02866
vt -2.98048 5.03131
f 4419/12108/3789 4420/12109/3790 4396/12110/3790 4395/12111/3789 

vt -1.20564 5.23894
vn 0.989353 -6.32915e-10 -0.145532
vt -1.20711 5.24115
v 75.8311 85.5503 -150.968
vt -1.20907 5.24288
v 75.8373 85.5696 -150.925
vt -1.21139 5.24402
v 75.8441 85.5776 -150.878
vt -1.21392 5.24449
v 75.8509 85.5738 -150.831
vt -1.21647 5.24427
v 75.8574 85.5584 -150.786
vt -1.21889 5.24336
v 75.863 85.5324 -150.747
vt -1.22099 5.24182
v 75.8674 85.4977 -150.716
vt -1.22265 5.23977
v 75.8703 85.4566 -150.696
vt -1.22374 5.23734
v 75.8715 85.412 -150.688
vt -1.22419 5.23469
v 75.8709 85.3668 -150.692
vt -1.22397 5.23201
v 75.8686 85.3241 -150.708
vt -1.2231 5.22949
v 75.8647 85.2868 -150.735
vt -1.22163 5.22728
v 75.8595 85.2576 -150.771
vt -1.21967 5.22555
v 75.8533 85.2383 -150.815
vt -1.21735 5.22441
v 75.8465 85.2303 -150.861
vt -1.21482 5.22394
v 75.8397 85.2341 -150.909
vt -1.21227 5.22417
v 75.8332 85.2495 -150.954
vt -1.20985 5.22508
v 75.8276 85.2755 -150.993
vt -1.20775 5.22661
v 75.8232 85.3102 -151.023
vt -1.2061 5.22867
v 75.8203 85.3513 -151.044
vt -1.20501 5.2311
v 75.8191 85.3959 -151.052
vt -1.20455 5.23374
v 75.8197 85.4412 -151.048
vt -1.20477 5.23642
f 4420/12112/3791 4419/12113/3791 4421/12114/3791 4422/12115/3791 4423/12116/3791 4424/12117/3791 4425/12118/3791 4426/12119/3791 4427/12120/3791 4428/12121/3791 4429/12122/3791 4430/12123/3791 4431/12124/3791 4432/12125/3791 4433/12126/3791 4434/12127/3791 4435/12128/3791 4436/12129/3791 4437/12130/3791 4438/12131/3791 4439/12132/3791 4440/12133/3791 4441/12134/3791 4442/12135/3791 

vt -2.98244 4.37308
vn -0.084339 0.805703 -0.586285
vt -2.98244 4.37045
vt -2.98048 4.37045
vt -2.98048 4.37308
f 4421/12136/3792 4419/12137/3789 4395/12138/3789 4418/12139/3792 

vt -2.98244 3.39706
vn -0.0488216 0.93938 -0.339385
vt -2.98244 3.39446
vt -2.98048 3.39446
vt -2.98048 3.39706
f 4422/12140/3793 4421/12141/3792 4418/12142/3792 4417/12143/3793 

vt -2.98244 2.16063
vn -0.00753644 0.998598 -0.0523898
vt -2.98244 2.15804
vt -2.98048 2.15804
vt -2.98048 2.16063
f 4423/12144/3794 4422/12145/3793 4417/12146/3793 4416/12147/3794 

vt 2.98244 -0.75656
vn 0.0347117 0.96983 0.241299
vt 2.98244 -0.75398
vt 2.98048 -0.75398
vt 2.98048 -0.75656
f 4424/12148/3795 4423/12149/3794 4416/12150/3794 4415/12151/3795 

vt 2.98244 0.697946
vn 0.0726904 0.859871 0.50531
vt 2.98244 0.700539
vt 2.98048 0.700539
vt 2.98048 0.697946
f 4425/12152/3796 4424/12153/3795 4415/12154/3795 4414/12155/3796 

vt 2.98244 2.08309
vn 0.102933 0.690945 0.715542
vt 2.98244 2.0857
vt 2.98048 2.0857
vt 2.98048 2.08309
f 4426/12156/3797 4425/12157/3796 4414/12158/3796 4413/12159/3797 

vt 2.98244 3.29758
vn 0.124328 0.487418 0.864272
vt 2.98244 3.30023
vt 2.98048 3.30023
vt 2.98048 3.29758
f 4427/12160/3798 4426/12161/3797 4413/12162/3797 4412/12163/3798 

vt 2.98244 4.26879
vn 0.137215 0.267086 0.953854
vt 2.98244 4.27146
vt 2.98048 4.27146
vt 2.98048 4.26879
f 4428/12164/3799 4427/12165/3798 4412/12166/3798 4411/12167/3799 

vt 2.98244 4.95055
vn 0.142272 0.0402138 0.98901
vt 2.98244 4.95323
vt 2.98048 4.95323
vt 2.98048 4.95055
f 4429/12168/3800 4428/12169/3799 4411/12170/3799 4410/12171/3800 

vt 2.98244 5.31478
vn 0.139863 -0.187483 0.97226
vt 2.98244 5.31746
vt 2.98048 5.31746
vt 2.98048 5.31478
f 4430/12172/3801 4429/12173/3800 4410/12174/3800 4409/12175/3801 

vt 2.98244 5.34381
vn 0.129807 -0.410979 0.902356
vt 2.98244 5.34648
vt 2.98048 5.34648
vt 2.98048 5.34381
f 4431/12176/3802 4430/12177/3801 4409/12178/3801 4408/12179/3802 

vt 2.98244 5.0279
vn 0.111488 -0.622037 0.77501
vt 2.98244 5.03056
vt 2.98048 5.03056
vt 2.98048 5.0279
f 4432/12180/3803 4431/12181/3802 4408/12182/3802 4407/12183/3803 

vt 2.98244 4.36966
vn 0.084339 -0.805703 0.586285
vt 2.98244 4.37228
vt 2.98048 4.37228
vt 2.98048 4.36966
f 4433/12184/3804 4432/12185/3803 4407/12186/3803 4406/12187/3804 

vt 2.98244 3.39383
vn 0.0488216 -0.93938 0.339385
vt 2.98244 3.39643
vt 2.98048 3.39643
vt 2.98048 3.39383
f 4434/12188/3805 4433/12189/3804 4406/12190/3804 4405/12191/3805 

vt 2.98244 2.15776
vn 0.00753644 -0.998598 0.0523898
vt 2.98244 2.16034
vt 2.98048 2.16034
vt 2.98048 2.15776
f 4435/12192/3806 4434/12193/3805 4405/12194/3805 4404/12195/3806 

vt -2.98244 -0.754119
vn -0.0347117 -0.96983 -0.241299
vt -2.98244 -0.756699
vt -2.98048 -0.756699
vt -2.98048 -0.754119
f 4436/12196/3807 4435/12197/3806 4404/12198/3806 4403/12199/3807 

vt -2.98244 0.700015
vn -0.0726904 -0.859871 -0.50531
vt -2.98244 0.697423
vt -2.98048 0.697423
vt -2.98048 0.700015
f 4437/12200/3808 4436/12201/3807 4403/12202/3807 4402/12203/3808 

vt -2.98244 2.08494
vn -0.102933 -0.690945 -0.715542
vt -2.98244 2.08233
vt -2.98048 2.08233
vt -2.98048 2.08494
f 4438/12204/3809 4437/12205/3808 4402/12206/3808 4401/12207/3809 

vt -2.98244 3.29943
vn -0.124328 -0.487418 -0.864272
vt -2.98244 3.29679
vt -2.98048 3.29679
vt -2.98048 3.29943
f 4439/12208/3810 4438/12209/3809 4401/12210/3809 4400/12211/3810 

vt -2.98244 4.27084
vn -0.137215 -0.267086 -0.953854
vt -2.98244 4.26818
vt -2.98048 4.26818
vt -2.98048 4.27084
f 4440/12212/3811 4439/12213/3810 4400/12214/3810 4399/12215/3811 

vt -2.98244 4.95296
vn -0.142272 -0.0402138 -0.98901
vt -2.98244 4.95028
vt -2.98048 4.95028
vt -2.98048 4.95296
f 4441/12216/3812 4440/12217/3811 4399/12218/3811 4398/12219/3812 

vt -2.98244 5.3176
vn -0.139863 0.187483 -0.97226
vt -2.98244 5.31491
vt -2.98048 5.31491
vt -2.98048 5.3176
f 4442/12220/3813 4441/12221/3812 4398/12222/3812 4397/12223/3813 

vt -2.98244 5.34699
vt -2.98244 5.34431
vt -2.98048 5.34431
vt -2.98048 5.34699
f 4420/12224/3790 4442/12225/3813 4397/12226/3813 4396/12227/3790 

g Mesh44 Group1 Ombrellone_Lateral_New_Sobrano_quadrado_3_5x3_5_1 Model

v 75.9667 4.35559 -151.684
vt 0.728979 3.15042
v 75.8255 4.35559 -151.553
vt 0.73596 3.14277
v 76.1366 4.35559 -151.774
vt 0.724205 3.15963
f 4443/12228/154 4444/12229/154 4445/12230/154

vt 1.80561 0.437135
vn 0.671839 -4.65876e-10 0.740697
vt 1.81594 0.437135
v 75.9667 4.5033 -151.684
vt 1.81594 0.445878
v 75.8255 4.5033 -151.553
vt 1.80561 0.445878
f 4444/12231/3814 4443/12232/3814 4446/12233/3814 4447/12234/3814 

vt 2.44117 0.437135
vn 0.458127 -3.34176e-10 0.888887
vt 2.4515 0.437135
v 76.1366 4.5033 -151.774
vt 2.4515 0.445878
vt 2.44117 0.445878
f 4443/12235/3815 4445/12236/3815 4448/12237/3815 4446/12238/3815 

vt -2.15716 0.437135
vn -0.569675 4.03362e-10 -0.82187
vt -2.13668 0.437135
vt -2.13668 0.445878
vt -2.15716 0.445878
f 4445/12239/3816 4444/12240/3816 4447/12241/3816 4448/12242/3816 

vt -0.73596 3.14277
vt -0.728979 3.15042
vt -0.724205 3.15963
f 4447/12243/129 4446/12244/129 4448/12245/129

g Mesh45 Group1 Ombrellone_Lateral_New_Sobrano_quadrado_3_5x3_5_1 Model

v 76.2623 4.5033 -151.425
vt -2.15204 0.445878
v 76.2623 4.35559 -151.425
vt -2.15204 0.437135
v 76.1067 4.35559 -151.315
vt -2.1418 0.437135
v 76.1067 4.5033 -151.315
vt -2.1418 0.445878
f 4449/12246/3816 4450/12247/3816 4451/12248/3816 4452/12249/3816 

g Mesh46 Group1 Ombrellone_Lateral_New_Sobrano_quadrado_3_5x3_5_1 Model

v 76.1592 81.4758 -122.214
vt 3.14311 5.50772
vn -3.3098e-10 -0.522614 0.85257
v 76.1592 81.516 -122.192
vt 3.14311 5.51038
vn -1.89097e-10 -0.304206 0.952606
v 76.1228 81.516 -122.192
vt 3.14115 5.51038
v 76.1228 81.4758 -122.214
vt 3.14115 5.50772
f 4453/12250/3817 4454/12251/3818 4455/12252/3818 4456/12253/3817 

v 76.1592 81.6056 -122.184
vt -2.30172 5.0094
vn 1 -6.4605e-10 -1.40422e-15
v 76.1592 81.5603 -122.182
vt -2.30183 5.00672
vt -2.30127 5.0041
vt -2.30008 5.00172
v 76.1592 81.4424 -122.247
vt -2.29834 4.99974
v 76.1592 81.4181 -122.288
vt -2.29617 4.9983
v 76.1592 81.4046 -122.334
vt -2.29372 4.9975
v 76.1592 81.4027 -122.382
vt -2.29116 4.99739
v 76.1592 81.4126 -122.429
vt -2.28866 4.99798
v 76.1592 81.4337 -122.471
vt -2.28639 4.99922
v 76.1592 81.4644 -122.507
vt -2.2845 5.00104
v 76.1592 81.5027 -122.532
vt -2.28312 5.00331
v 76.1592 81.5461 -122.547
vt -2.28236 5.00588
v 76.1592 81.5914 -122.549
vt -2.28225 5.00856
v 76.1592 81.6357 -122.538
vt -2.28281 5.01118
v 76.1592 81.6759 -122.516
vt -2.284 5.01356
v 76.1592 81.7093 -122.483
vt -2.28574 5.01554
v 76.1592 81.7336 -122.443
vt -2.28791 5.01697
v 76.1592 81.7471 -122.397
vt -2.29036 5.01778
v 76.1592 81.749 -122.349
vt -2.29292 5.01789
v 76.1592 81.7391 -122.302
vt -2.29542 5.0173
v 76.1592 81.718 -122.259
vt -2.2977 5.01605
v 76.1592 81.6873 -122.224
vt -2.29958 5.01424
v 76.1592 81.649 -122.198
vt -2.30096 5.01197
f 4457/12254/3819 4458/12255/3819 4454/12256/3819 4453/12257/3819 4459/12258/3819 4460/12259/3819 4461/12260/3819 4462/12261/3819 4463/12262/3819 4464/12263/3819 4465/12264/3819 4466/12265/3819 4467/12266/3819 4468/12267/3819 4469/12268/3819 4470/12269/3819 4471/12270/3819 4472/12271/3819 4473/12272/3819 4474/12273/3819 4475/12274/3819 4476/12275/3819 4477/12276/3819 4478/12277/3819 

vt 3.14311 4.91089
vn -4.26056e-11 -0.0779927 0.996954
vt 3.14311 4.91357
vn 1.04518e-10 0.149834 0.988711
v 76.1228 81.6056 -122.184
vt 3.14115 4.91357
v 76.1228 81.5603 -122.182
vt 3.14115 4.91089
f 4458/12278/3820 4457/12279/3821 4479/12280/3821 4480/12281/3820 

vt 3.14311 4.13164
vt 3.14311 4.13432
vn 2.49133e-10 0.374422 0.927258
v 76.1228 81.649 -122.198
vt 3.14115 4.13432
vt 3.14115 4.13164
f 4457/12282/3821 4478/12283/3822 4481/12284/3822 4479/12285/3821 

vt 3.14311 3.0778
vt 3.14311 3.08045
vn 3.86413e-10 0.588347 0.808609
v 76.1228 81.6873 -122.224
vt 3.14115 3.08045
vt 3.14115 3.0778
f 4478/12286/3822 4477/12287/3823 4482/12288/3823 4481/12289/3822 

vt 3.14311 1.80009
vt 3.14311 1.80272
vn 5.07502e-10 0.777954 0.628321
v 76.1228 81.718 -122.259
vt 3.14115 1.80272
vt 3.14115 1.80009
f 4477/12290/3823 4476/12291/3824 4483/12292/3824 4482/12293/3823 

vt 3.14311 0.371673
vt 3.14311 0.374276
vn 5.98514e-10 0.921733 0.387825
v 76.1228 81.7391 -122.302
vt 3.14115 0.374276
vt 3.14115 0.371673
f 4476/12294/3824 4475/12295/3825 4484/12296/3825 4483/12297/3824 

vt 3.14311 -1.10792
vt 3.14311 -1.10534
vn 6.43446e-10 0.99473 0.102532
v 76.1228 81.749 -122.349
vt 3.14115 -1.10534
vt 3.14115 -1.10792
f 4475/12298/3825 4474/12299/3826 4485/12300/3826 4484/12301/3825 

vt -3.14311 2.51961
vt -3.14311 2.51703
vn 6.32016e-10 0.980643 -0.195806
v 76.1228 81.7471 -122.397
vt -3.14115 2.51703
vt -3.14115 2.51961
f 4474/12302/3826 4473/12303/3827 4486/12304/3827 4485/12305/3826 

vt -3.14311 3.74383
vt -3.14311 3.74124
vn 5.66687e-10 0.88283 -0.469693
v 76.1228 81.7336 -122.443
vt -3.14115 3.74124
vt -3.14115 3.74383
f 4473/12306/3827 4472/12307/3828 4487/12308/3828 4486/12309/3827 

vt -3.14311 4.68373
vt -3.14311 4.68112
vn 4.6096e-10 0.721865 -0.692034
v 76.1228 81.7093 -122.483
vt -3.14115 4.68112
vt -3.14115 4.68373
f 4472/12310/3828 4471/12311/3829 4488/12312/3829 4487/12313/3828 

vt -3.14311 5.28005
vt -3.14311 5.27741
vn 3.3098e-10 0.522614 -0.85257
v 76.1228 81.6759 -122.516
vt -3.14115 5.27741
vt -3.14115 5.28005
f 4471/12314/3829 4470/12315/3830 4489/12316/3830 4488/12317/3829 

vt -3.14311 5.51104
vt -3.14311 5.50837
vn 1.89097e-10 0.304206 -0.952606
v 76.1228 81.6357 -122.538
vt -3.14115 5.50837
vt -3.14115 5.51104
f 4470/12318/3830 4469/12319/3831 4490/12320/3831 4489/12321/3830 

vt -3.14311 5.38205
vt -3.14311 5.37937
vn 4.26056e-11 0.0779927 -0.996954
v 76.1228 81.5914 -122.549
vt -3.14115 5.37937
vt -3.14115 5.38205
f 4469/12322/3831 4468/12323/3832 4491/12324/3832 4490/12325/3831 

vt -3.14311 4.91351
vt -3.14311 4.91082
vn -1.04518e-10 -0.149834 -0.988711
v 76.1228 81.5461 -122.547
vt -3.14115 4.91082
vt -3.14115 4.91351
f 4468/12326/3832 4467/12327/3833 4492/12328/3833 4491/12329/3832 

vt -3.14311 4.13387
vt -3.14311 4.13119
vn -2.49133e-10 -0.374422 -0.927258
v 76.1228 81.5027 -122.532
vt -3.14115 4.13119
vt -3.14115 4.13387
f 4467/12330/3833 4466/12331/3834 4493/12332/3834 4492/12333/3833 

vt -3.14311 3.07973
vt -3.14311 3.07707
vn -3.86413e-10 -0.588347 -0.808609
v 76.1228 81.4644 -122.507
vt -3.14115 3.07707
vt -3.14115 3.07973
f 4466/12334/3834 4465/12335/3835 4494/12336/3835 4493/12337/3834 

vt -3.14311 1.80192
vt -3.14311 1.79929
vn -5.07502e-10 -0.777954 -0.628321
v 76.1228 81.4337 -122.471
vt -3.14115 1.79929
vt -3.14115 1.80192
f 4465/12338/3835 4464/12339/3836 4495/12340/3836 4494/12341/3835 

vt -3.14311 0.373605
vt -3.14311 0.371002
vn -5.98514e-10 -0.921733 -0.387825
v 76.1228 81.4126 -122.429
vt -3.14115 0.371002
vt -3.14115 0.373605
f 4464/12342/3836 4463/12343/3837 4496/12344/3837 4495/12345/3836 

vt -3.14311 -1.10569
vt -3.14311 -1.10828
vn -6.43446e-10 -0.99473 -0.102532
v 76.1228 81.4027 -122.382
vt -3.14115 -1.10828
vt -3.14115 -1.10569
f 4463/12346/3837 4462/12347/3838 4497/12348/3838 4496/12349/3837 

vt 3.14311 2.51697
vt 3.14311 2.51955
vn -6.32016e-10 -0.980643 0.195806
v 76.1228 81.4046 -122.334
vt 3.14115 2.51955
vt 3.14115 2.51697
f 4462/12350/3838 4461/12351/3839 4498/12352/3839 4497/12353/3838 

vt 3.14311 3.74077
vt 3.14311 3.74336
vn -5.66687e-10 -0.88283 0.469693
v 76.1228 81.4181 -122.288
vt 3.14115 3.74336
vt 3.14115 3.74077
f 4461/12354/3839 4460/12355/3840 4499/12356/3840 4498/12357/3839 

vt 3.14311 4.68039
vt 3.14311 4.683
vn -4.6096e-10 -0.721865 0.692034
v 76.1228 81.4424 -122.247
vt 3.14115 4.683
vt 3.14115 4.68039
f 4460/12358/3840 4459/12359/3841 4500/12360/3841 4499/12361/3840 

vt 3.14311 5.27661
vt 3.14311 5.27925
vt 3.14115 5.27925
vt 3.14115 5.27661
f 4459/12362/3841 4453/12363/3817 4456/12364/3817 4500/12365/3841 

vt 2.30183 5.00672
vn -1 6.4605e-10 1.40422e-15
vt 2.30172 5.0094
vt 2.30096 5.01197
vt 2.29958 5.01424
vt 2.2977 5.01605
vt 2.29542 5.0173
vt 2.29292 5.01789
vt 2.29036 5.01778
vt 2.28791 5.01697
vt 2.28574 5.01554
vt 2.284 5.01356
vt 2.28281 5.01118
vt 2.28225 5.00856
vt 2.28236 5.00588
vt 2.28312 5.00331
vt 2.2845 5.00104
vt 2.28639 4.99922
vt 2.28866 4.99798
vt 2.29116 4.99739
vt 2.29372 4.9975
vt 2.29617 4.9983
vt 2.29834 4.99974
vt 2.30008 5.00172
vt 2.30127 5.0041
f 4480/12366/3842 4479/12367/3842 4481/12368/3842 4482/12369/3842 4483/12370/3842 4484/12371/3842 4485/12372/3842 4486/12373/3842 4487/12374/3842 4488/12375/3842 4489/12376/3842 4490/12377/3842 4491/12378/3842 4492/12379/3842 4493/12380/3842 4494/12381/3842 4495/12382/3842 4496/12383/3842 4497/12384/3842 4498/12385/3842 4499/12386/3842 4500/12387/3842 4456/12388/3842 4455/12389/3842 

vt 3.14311 5.37903
vt 3.14311 5.38171
vt 3.14115 5.38171
vt 3.14115 5.37903
f 4454/12390/3818 4458/12391/3820 4480/12392/3820 4455/12393/3818 

