# Alias OBJ Model File
# Exported from SketchUp, (c) 2000-2012 Trimble Navigation Limited
# File units = inches

mtllib BROOKLYN corner chaise 72.mtl

g Mesh1 Group2 Group1 Model

usemtl _Color_M06_4
v 29.125 10 -2.1
vt 0.75 1.42109e-13
vn -3.71259e-13 1 -2.27374e-13
v 29.875 10 -2.1
vt 1.84288e-11 -1.42109e-13
v 29.875 10 -32.1
vt 1.28013e-11 30
v 29.125 10 -32.1
vt 0.75 30
f 1/1/1 2/2/1 3/3/1 4/4/1 

v 29.125 8.5 -2.1
vt 0.75 6.82154e-12
vn -1.89478e-13 2.27374e-13 1
v 29.875 8.5 -2.1
vt 5.6275e-12 6.82154e-12
vt 1.89857e-11 1.5
vt 0.75 1.5
f 5/5/2 6/6/2 2/7/2 1/8/2 

vt -5.6275e-12 -1.55104e-24
vn -0 -1 2.27374e-13
vt -0.75 -1.55104e-24
v 29.125 8.5 -32.1
vt -0.75 30
v 29.875 8.5 -32.1
vt 0 30
f 6/9/3 5/10/3 7/11/3 8/12/3 

vt -1.42109e-13 6.82154e-12
vn -1 -6.10333e-26 -1.89478e-13
vt 3.41061e-13 1.5
vt 30 1.5
vt 30 4.5775e-26
f 5/13/4 1/14/4 4/15/4 7/16/4 

vt -5.68434e-12 6.82121e-12
vn 1.89478e-13 -2.27374e-13 -1
vt -0.75 6.82121e-12
vt -0.75 1.5
vt -1.90425e-11 1.5
f 8/17/5 7/18/5 4/19/5 3/20/5 

vt -1.98952e-13 1.5
vn 1 8.90547e-12 1.89478e-13
vt 1.06629e-24 6.82154e-12
vt -30 5.06217e-23
vt -30 1.5
f 2/21/6 6/22/6 8/23/6 3/24/6 

g Mesh2 Group3 Group1 Model

v 2 10.125 -22.5
vt -53.4286 0.125
vn 9.32874e-13 1.39466e-12 -1
v 70 10.125 -22.5
vt -7.32874e-13 0.125
v 70 10 -22.5
vt -7.32874e-13 6.59361e-12
v 2 10 -22.5
vt -53.4286 -5.96878e-12
f 9/25/7 10/26/7 11/27/7 12/28/7 

vt 53.4286 1
vn -2.99669e-13 1 1.39466e-12
v 2 10.125 -21.5
vt 53.4286 2.07232e-11
v 70 10.125 -21.5
vt 4.9637e-13 1.74333e-13
vt -2.94318e-14 1
f 9/29/8 13/30/8 14/31/8 10/32/8 

vt 2.05489e-11 0.125
vn -1 -1.85e-13 -9.81358e-17
vt 1 0.125
vt 1 8.00588e-12
v 2 10 -21.5
vt 2.07194e-11 5.217e-12
f 13/33/9 9/34/9 12/35/9 15/36/9 

vt -53.4286 2.07194e-11
vn 2.99669e-13 -1 -1.39466e-12
vt -53.4286 1
vt 1.88088e-24 1
v 70 10 -21.5
vt -4.68958e-13 1.7053e-13
f 15/37/10 12/38/10 11/39/10 16/40/10 

vt -1 0.125
vn 1 1.85e-13 3.79731e-13
vt 2.54051e-25 0.125
vt -1.7053e-13 7.98828e-12
vt -1 7.98828e-12
f 10/41/11 14/42/11 16/43/11 11/44/11 

vt 5.25802e-13 0.125
vn -9.34166e-13 -1.39466e-12 1
vt 53.4286 0.125
vt 53.4286 -7.363e-12
vt 4.68958e-13 7.98828e-12
f 14/45/12 13/46/12 15/47/12 16/48/12 

g Mesh3 Group5 Group4 Group1 Model

v 2 1.47077e-07 -0.1
vt -2.6148e-12 1
vn 1 8.68194e-14 4.72636e-13
v 2 1.47077e-07 -2.1
vt -2 1
v 2 8 -2.1
vt -2 9
v 2 8 -0.1
vt -8.1875e-09 9
f 17/49/13 18/50/13 19/51/13 20/52/13 

v 2.00457e-08 1.47077e-07 -0.1
vt -2 7.6894e-13
vn 8.68194e-14 -1 -8.68194e-14
v 2.00466e-08 1.47077e-07 -2.1
vt -2 2
vt 1.55431e-15 2
vt -9.36362e-13 2.70162e-12
f 21/53/14 22/54/14 18/55/14 17/56/14 

vt 2 1
vn -1 -8.2423e-14 -4.4055e-13
vt -1.9873e-13 1
v 2.00449e-08 10 -0.1
vt -9.94538e-13 11
v 2.00458e-08 10 -2.1
vt 2 11
f 22/57/15 21/58/15 23/59/15 24/60/15 

vt 1.02318e-12 1
vn 2.24699e-09 3.99214e-10 1
vt -1.14778e-08 9
f 17/61/16 20/62/16 23/60/16 21/57/16 

vt -2 6.36396
vn 0.707107 0.707107 1.44692e-09
vt -2 9.19239
vt 4.09261e-09 9.19239
vt -8.1875e-09 6.36396
f 19/63/17 24/64/17 23/65/17 20/66/17 

vn 8.95152e-15 8.63376e-14 -1
vt -2 11
vt 1.14758e-08 9
vt -1.02918e-13 1
f 22/50/18 24/67/18 19/68/18 18/69/18 

g Mesh4 Group6 Group4 Group1 Model

v 70 10 -32.1
vt 2 9
vn -1.82665e-11 -1.38635e-12 1
v 72 8 -32.1
vt 0 7
v 72 27 -32.1
vt 5.68434e-14 26
v 70 27 -32.1
vt 2 26
f 25/70/19 26/71/19 27/72/19 28/73/19 

vt 0 4.94975
vn -0.707107 -0.707107 2.14336e-11
vt 1.81871e-10 7.77817
v 70 10 -34.1
vt 2 7.77817
v 72 8 -34.1
vt 2 4.94975
f 26/74/20 25/75/20 29/76/20 30/77/20 

vt 1.21905e-10 9
vn -1 3.27068e-14 3.28978e-13
vt 3.15932e-12 26
v 70 29 -34.1
vt 2 28
f 25/78/21 28/79/21 31/80/21 29/70/21 

vt 5.68434e-14 18.3848
vn -2.41176e-13 0.707107 0.707107
v 72 29 -34.1
vt 6.81899e-13 21.2132
vt 2 21.2132
vt 2 18.3848
f 27/81/22 32/82/22 31/83/22 28/84/22 

vt -2 7
vn 1 1.34666e-15 1.48981e-14
vt -2 28
vt -2.50111e-12 26
f 30/85/23 32/86/23 27/87/23 26/71/23 

vt -6.35499e-11 28
vn 3.17751e-11 2.86974e-12 -1
vt -6.35499e-11 7
f 32/88/24 30/89/24 29/51/24 31/86/24 

g Mesh5 Group7 Group4 Group1 Model

v 2 1.47077e-07 -32.1
vn 1 -1.3781e-11 -2.2736e-13
v 2 1.47077e-07 -34.1
v 2 8 -34.1
v 2 8 -32.1
vt 5.67758e-09 9
f 33/49/25 34/50/25 35/51/25 36/90/25 

v 2.00149e-08 1.47077e-07 -32.1
v 2.00158e-08 1.47077e-07 -34.1
f 37/53/14 38/54/14 34/55/14 33/56/14 

v 2.00141e-08 10 -32.1
v 2.00149e-08 10 -34.1
f 38/57/15 37/58/15 39/59/15 40/60/15 

vn -1.55745e-09 -2.77131e-10 1
vt -1.10617e-10 9
f 33/61/26 36/91/26 39/60/26 37/57/26 

vn 0.707107 0.707107 -1.00409e-09
vt -2.8399e-09 9.19239
vt 5.67758e-09 6.36396
f 35/63/27 40/64/27 39/92/27 36/93/27 

vn 8.93014e-10 1.07247e-10 -1
vt -1.67726e-09 9
vt -1.78611e-09 1
f 38/50/28 40/67/28 35/94/28 34/95/28 

g Mesh6 Group8 Group4 Group1 Model

v 2 8 -32.1
vt -94.8571 -1.32573e-09
vn 1.70009e-11 1.45329e-09 1
v 72 8 -32.1
vt 15.1429 -2.822e-09
v 70 10 -32.1
vt 12 2
v 2.00183e-08 10 -32.1
vt -98 2
f 41/96/29 42/97/29 43/98/29 44/99/29 

v 2 8 -34.1
vt -94.8571 5.69946e-09
vn 7.21557e-12 -1 1.45622e-09
v 72 8 -34.1
vt 15.1429 -1.15278e-10
vt 15.1429 2
vt -94.8571 2
f 45/100/30 46/101/30 42/102/30 41/103/30 

vt -15.1429 -8.4329e-11
vn -1.95745e-11 -1.64628e-09 -1
vt 94.8571 -4.07512e-09
v 2.00107e-08 10 -34.1
vt 98 2
v 70 10 -34.1
vt -12 2
f 46/104/31 45/105/31 47/106/31 48/107/31 

vt 2 80.0273
vn -0.375349 -0.926883 2.62474e-09
vt 2 83.7526
vt -4.36044e-07 83.7526
vt -4.1641e-07 80.0273
f 41/108/32 44/109/32 47/110/32 45/111/32 

vn -1.60467e-11 1 -1.4563e-09
vt -12 2.80494e-09
vt 98 2.96364e-09
f 44/106/33 43/107/33 48/112/33 47/113/33 

vt -3.21038e-09 -12.7754
vn 0.375349 0.926883 -1.29539e-10
vt -2.52777e-09 -9.05019
vt -2 -9.05019
vt -2 -12.7754
f 46/114/34 48/115/34 43/116/34 42/117/34 

g Mesh7 Group9 Group4 Group1 Model

v 2.00457e-08 10 -2.1
vt 74 2
vn 2.54768e-11 7.84037e-10 -1
v 70 10 -2.1
vt 4 2
v 72 8 -2.1
vt 2 2.67672e-10
v 2 8 -2.1
vt 72 1.74845e-08
f 49/118/35 50/119/35 51/120/35 52/121/35 

v 2.00457e-08 10 -0.1
vn -2.44145e-10 1 2.78602e-09
v 70 10 -0.1
vt 4 -5.29869e-09
vt 74 -5.57847e-09
f 53/118/36 54/119/36 50/122/36 49/123/36 

v 2 8 -0.1
vt -72 1.21369e-08
vn -3.90502e-11 -2.76425e-09 1
v 72 8 -0.1
vt -2 5.52816e-09
vt -4 2
vt -74 2
f 55/124/37 56/125/37 54/126/37 53/127/37 

vt -72 -2.63003e-09
vn -1.70183e-10 -1 -2.78604e-09
vt -2 2.48747e-10
vt -72 2
f 52/128/38 51/129/38 56/54/38 55/130/38 

vt -2 4.24264
vn 0.707107 0.707107 1.80814e-10
vt -2 1.41421
vt -7.60167e-10 1.41421
vt -1.2962e-09 4.24264
f 54/131/39 56/132/39 51/133/39 50/134/39 

vt 2 50.9117
vn -0.707107 -0.707107 -3.84528e-09
vt 2 53.7401
vt 4.02409e-07 53.7401
vt 3.88909e-07 50.9117
f 55/135/40 53/136/40 49/137/40 52/138/40 

g Mesh8 Group10 Group4 Group1 Model

v 70 10 -0.1
vt 2 4
vn -1.38778e-17 0 1
v 72 8 -0.1
vt 0 2
v 72 29 -0.1
vt 0 23
v 70 29 -0.1
vt 2 23
f 57/139/41 58/140/41 59/141/41 60/142/41 

vt 1.29247e-26 1.41421
vn -0.707107 -0.707107 -4.63447e-11
vt -1.31082e-10 4.24264
vt 2 4.24264
v 72 8 -2.1
vt 2 1.41421
f 58/143/42 57/144/42 50/145/42 61/146/42 

v 70 27 -2.1
vt 2 21
vn -1 -1.34777e-11 6.73882e-12
vt 1.34779e-11 4
vt 1.34779e-11 23
f 62/147/43 50/139/43 57/148/43 60/149/43 

v 72 27 -2.1
vt 1.22874e-10 21
vn -6.89687e-11 -6.85654e-12 -1
vt 1.37938e-10 2
vt -2 4
vt -2 21
f 63/150/44 61/151/44 50/152/44 62/153/44 

vn 1 3.56866e-13 -3.9443e-12
f 61/54/45 63/153/45 59/141/45 58/140/45 

vt -2 13.435
vn 2.66611e-12 0.707107 -0.707107
vt -2 16.2635
vt 0 16.2635
vt -2.26041e-11 13.435
f 62/154/46 60/155/46 59/156/46 63/157/46 

g Mesh9 Group11 Group4 Group1 Model

v 70 27 -2.1
vn 0 -1 -0
vt -2 32
v 72 27 -32.1
vt 0 32
v 72 27 -2.1
vt 1.50635e-11 2
f 64/54/47 28/158/47 65/159/47 66/160/47 

v 70 29 -0.1
vt 1.38116e-12 2
vn -1 -3.76588e-12 6.90457e-13
v 70 29 -34.1
vt 34 2
vt 32 7.53175e-12
vt 2 7.53175e-12
f 67/161/48 68/162/48 28/163/48 64/164/48 

v 72 29 -34.1
vt 0 34
vn 0 1 -0
vt 2 34
vt 2 0
v 72 29 -0.1
vt 0 0
f 69/165/49 68/166/49 67/167/49 70/168/49 

vt 3.77476e-15 25.4558
vn 9.81308e-18 -0.707107 -0.707107
vt 3.55271e-15 22.6274
vt -2 22.6274
vt -2 25.4558
f 69/169/50 65/170/50 28/171/50 68/172/50 

vt -34 2
vn 1 3.23318e-12 -2.55021e-13
vt -2 -5.03529e-23
vt -32 -2.63979e-23
f 69/173/51 70/140/51 66/174/51 65/175/51 

vn -2.66548e-12 -0.707107 0.707107
vt 2 -1.41421
vt -7.52465e-12 -1.41421
vt 0 1.41421
f 67/146/52 64/176/52 66/177/52 70/178/52 

g Mesh10 Group12 Group1 Model

v 2 10.125 -12.9
v 70 10.125 -12.9
v 70 10 -12.9
v 2 10 -12.9
f 71/25/7 72/26/7 73/27/7 74/28/7 

v 2 10.125 -11.9
v 70 10.125 -11.9
f 71/29/8 75/30/8 76/31/8 72/32/8 

v 2 10 -11.9
f 75/33/9 71/34/9 74/35/9 77/36/9 

v 70 10 -11.9
f 77/37/10 74/38/10 73/39/10 78/40/10 

f 72/41/11 76/42/11 78/43/11 73/44/11 

f 76/45/12 75/46/12 77/47/12 78/48/12 

g Mesh11 Group13 Group1 Model

v 42.625 10 -2.1
v 43.375 10 -2.1
v 43.375 10 -32.1
v 42.625 10 -32.1
f 79/1/1 80/2/1 81/3/1 82/4/1 

v 42.625 8.5 -2.1
v 43.375 8.5 -2.1
f 83/5/2 84/6/2 80/7/2 79/8/2 

v 42.625 8.5 -32.1
v 43.375 8.5 -32.1
f 84/9/3 83/10/3 85/11/3 86/12/3 

f 83/13/4 79/14/4 82/15/4 85/16/4 

f 86/17/5 85/18/5 82/19/5 81/20/5 

f 80/21/6 84/22/6 86/23/6 81/24/6 

g Mesh12 Group14 Group1 Model

usemtl Color_M00
v 65.3676 30.31 -27.4676
vt 27.3676 3.60955
vn -0.585814 0.810446 -8.38022e-14
v 65.2972 30.2578 -27.3972
vt 27.2972 3.52192
vn -0.605151 0.79611 -8.64767e-14
v 65.2972 30.2578 -0.1
vt 9.71571e-15 3.52192
v 65.3676 30.31 -0.1
vt 1.97802e-14 3.60955
f 87/179/53 88/180/54 89/181/54 90/182/53 

v 38 30.31 -27.4676
vt 32 29.3163
vn -8.798e-14 0.810446 0.585814
v 38 30.2578 -27.3972
vt 32 29.2287
vn -9.08401e-14 0.79611 0.605151
vt 4.7028 29.2287
vt 4.63241 29.3163
f 91/183/55 92/184/56 88/185/56 87/186/55 

v 38 28.6666 -26.2026
vt 26.1026 10.6666
vn -1 -1.63575e-15 -1.50244e-13
v 38 28.748 -26.235
vt 26.135 10.748
v 38 28.8286 -26.2694
vt 26.1694 10.8286
v 38 28.9084 -26.3057
vt 26.2057 10.9084
v 38 28.9872 -26.3439
vt 26.2439 10.9872
v 38 29.0651 -26.384
vt 26.284 11.0651
v 38 29.142 -26.426
vt 26.326 11.142
v 38 29.2179 -26.4698
vt 26.3698 11.2179
v 38 29.2927 -26.5155
vt 26.4155 11.2927
v 38 29.3664 -26.5629
vt 26.4629 11.3664
v 38 29.4389 -26.612
vt 26.512 11.4389
v 38 29.5102 -26.663
vt 26.563 11.5102
v 38 29.5803 -26.7156
vt 26.6156 11.5803
v 38 29.6491 -26.7698
vt 26.6698 11.6491
v 38 29.7166 -26.8258
vt 26.7258 11.7166
v 38 29.7827 -26.8833
vt 26.7833 11.7827
v 38 29.8473 -26.9424
vt 26.8424 11.8473
v 38 29.9106 -27.003
vt 26.903 11.9106
v 38 29.9724 -27.0652
vt 26.9652 11.9724
v 38 30.0326 -27.1288
vt 27.0288 12.0326
v 38 30.0913 -27.1938
vt 27.0938 12.0913
v 38 30.1485 -27.2603
vt 27.1603 12.1485
v 38 30.204 -27.3281
vt 27.2281 12.204
vt 27.2972 12.2578
vt 27.3676 12.31
v 38 30.3605 -27.5392
vt 27.4392 12.3605
v 38 30.4092 -27.612
vt 27.512 12.4092
v 38 30.4562 -27.686
vt 27.586 12.4562
v 38 30.5014 -27.7611
vt 27.6611 12.5014
v 38 30.5447 -27.8372
vt 27.7372 12.5447
v 38 30.5862 -27.9144
vt 27.8144 12.5862
v 38 30.6259 -27.9926
vt 27.8926 12.6259
v 38 30.6636 -28.0716
vt 27.9716 12.6636
v 38 30.6994 -28.1516
vt 28.0516 12.6994
v 38 30.7333 -28.2324
vt 28.1324 12.7333
v 38 30.7653 -28.314
vt 28.214 12.7653
v 38 30.7952 -28.3963
vt 28.2963 12.7952
v 38 30.8232 -28.4794
vt 28.3794 12.8232
v 38 30.8492 -28.5631
vt 28.4631 12.8492
v 38 30.8731 -28.6473
vt 28.5473 12.8731
v 38 30.895 -28.7322
vt 28.6322 12.895
v 38 30.9149 -28.8175
vt 28.7175 12.9149
v 38 30.9327 -28.9033
vt 28.8033 12.9327
v 38 30.9484 -28.9895
vt 28.8895 12.9484
v 38 30.9621 -29.0761
vt 28.9761 12.9621
v 38 30.9737 -29.1629
vt 29.0629 12.9737
v 38 30.9831 -29.25
vt 29.15 12.9831
v 38 30.9905 -29.3374
vt 29.2374 12.9905
v 38 30.9958 -29.4248
vt 29.3248 12.9958
v 38 30.9989 -29.5124
vt 29.4124 12.9989
v 38 31 -29.6
vt 29.5 13
v 38 31 -32.1
vt 32 13
v 38 18 -32.1
vt 32 9.14239e-14
v 38 18 -22.1
vt 22 9.14239e-14
f 93/187/57 94/188/57 95/189/57 96/190/57 97/191/57 98/192/57 99/193/57 100/194/57 101/195/57 102/196/57 103/197/57 104/198/57 105/199/57 106/200/57 107/201/57 108/202/57 109/203/57 110/204/57 111/205/57 112/206/57 113/207/57 114/208/57 115/209/57 92/210/57 91/211/57 116/212/57 117/213/57 118/214/57 119/215/57 120/216/57 121/217/57 122/218/57 123/219/57 124/220/57 125/221/57 126/222/57 127/223/57 128/224/57 129/225/57 130/226/57 131/227/57 132/228/57 133/229/57 134/230/57 135/231/57 136/232/57 137/233/57 138/234/57 139/235/57 140/236/57 141/237/57 142/238/57 143/239/57 144/240/57 

vt 32 19.6593
vn -1.38839e-13 0.381341 0.924435
vt 32 19.5717
vn -1.3962e-13 0.36459 0.931168
v 64.1026 28.6666 -26.2026
vt 5.89745 19.5717
v 64.135 28.748 -26.235
vt 5.86501 19.6593
f 94/241/58 93/242/59 145/243/59 146/244/58 

vt 32 19.3259
vt 32 7.89754
vn -1.39925e-13 0.358979 0.933346
v 60 18 -22.1
vt 10 7.89754
vt 5.89745 19.3259
f 93/245/59 144/246/60 147/247/60 145/248/59 

vt -10 22
vt -32 22
vt -32 32
v 70 18 -32.1
v 70 18 -0.1
vt -4.5759e-12 0
v 60 18 -0.1
vt -10 1.36424e-12
f 147/249/47 144/250/47 143/251/47 148/159/47 149/252/47 150/253/47 

vt -32 3.90799e-14
vn 1.49949e-13 0 -1
vt -32 13
v 70 31 -32.1
vt -4.79837e-12 13
vt -4.79837e-12 0
f 143/254/61 142/255/61 151/256/61 148/257/61 

vt -2.43207e-14 32
vn -1.87082e-15 1 4.20879e-15
vt 32 32
vt 32 29.5
vn -1.83605e-15 0.999982 0.00601808
v 67.5 31 -29.6
vt 2.5 29.5
vn -0.00401211 0.999984 0.00401211
v 67.5 31 -0.1
vt 2.5 3.95775e-13
vn -0.00601808 0.999982 1.24504e-15
v 70 31 -0.1
vt 4.55157e-12 5.47143e-14
f 151/258/62 142/259/62 141/260/63 152/261/64 153/262/65 154/263/62 

vt 32 29.6543
vt 32 29.5667
vn -3.60642e-15 0.99971 0.0240701
v 67.4124 30.9989 -29.5124
vt 2.58762 29.5667
vt 2.5 29.6543
f 141/264/63 140/265/66 155/266/66 152/267/64 

vt 32 29.8625
vt 32 29.7749
vn -7.22073e-15 0.998841 0.0481263
v 67.3248 30.9958 -29.4248
vt 2.67518 29.7749
vt 2.58762 29.8625
f 140/268/66 139/269/67 156/270/67 155/271/66 

vt 32 30.0534
vt 32 29.9657
vn -1.08206e-14 0.997393 0.0721546
v 67.2374 30.9905 -29.3374
vt 2.76265 29.9657
vt 2.67518 30.0534
f 139/272/67 138/273/68 157/274/68 156/275/67 

vt 32 30.2268
vt 32 30.1392
vn -1.43916e-14 0.995368 0.0961411
v 67.15 30.9831 -29.25
vt 2.84996 30.1392
vt 2.76265 30.2268
f 138/276/68 137/277/69 158/278/69 157/279/68 

vt 32 30.3828
vt 32 30.2952
vn -1.79748e-14 0.992765 0.120072
v 67.0629 30.9737 -29.1629
vt 2.93707 30.2952
vt 2.84996 30.3828
f 137/280/69 136/281/70 159/282/70 158/283/69 

vt 32 30.5213
vt 32 30.4336
vn -2.15806e-14 0.989587 0.143933
v 66.9761 30.9621 -29.0761
vt 3.02393 30.4336
vt 2.93707 30.5213
f 136/284/70 135/285/71 160/286/71 159/287/70 

vt 32 30.642
vt 32 30.5544
vn -2.51851e-14 0.985836 0.167711
v 66.8895 30.9484 -28.9895
vt 3.11048 30.5544
vt 3.02393 30.642
f 135/288/71 134/289/72 161/290/72 160/291/71 

vt 32 30.745
vt 32 30.6574
vn -2.87335e-14 0.981514 0.191391
v 66.8033 30.9327 -28.9033
vt 3.19668 30.6574
vt 3.11048 30.745
f 134/292/72 133/293/73 162/294/73 161/295/72 

vt 32 30.8303
vt 32 30.7426
vn -3.22111e-14 0.976623 0.214961
v 66.7175 30.9149 -28.8175
vt 3.28247 30.7426
vt 3.19668 30.8303
f 133/296/73 132/297/74 163/298/74 162/299/73 

vt 32 30.8977
vt 32 30.81
vn -3.57213e-14 0.971166 0.238406
v 66.6322 30.895 -28.7322
vt 3.36782 30.81
vt 3.28247 30.8977
f 132/300/74 131/301/75 164/302/75 163/303/74 

vt 32 30.9472
vt 32 30.8596
vn -3.92743e-14 0.965146 0.261713
v 66.5473 30.8731 -28.6473
vt 3.45266 30.8596
vt 3.36782 30.9472
f 131/304/75 130/305/76 165/306/76 164/307/75 

vt 32 30.9788
vt 32 30.8912
vn -4.27378e-14 0.958567 0.284869
v 66.4631 30.8492 -28.5631
vt 3.53694 30.8912
vt 3.45266 30.9788
f 130/308/76 129/309/77 166/310/77 165/311/76 

vt 32 30.9925
vt 32 30.9049
vn -4.60972e-14 0.951432 0.307859
v 66.3794 30.8232 -28.4794
vt 3.62063 30.9049
vt 3.53694 30.9925
f 129/312/77 128/313/78 167/314/78 166/315/77 

vt 32 30.9882
vt 32 30.9006
vn -4.95053e-14 0.943746 0.330671
v 66.2963 30.7952 -28.3963
vt 3.70367 30.9006
vt 3.62063 30.9882
f 128/316/78 127/317/79 168/318/79 167/319/78 

vt 32 30.966
vt 32 30.8784
vn -5.2972e-14 0.935513 0.353291
v 66.214 30.7653 -28.314
vt 3.78601 30.8784
vt 3.70367 30.966
f 127/320/79 126/321/80 169/322/80 168/323/79 

vt 32 30.9259
vt 32 30.8383
vn -5.64178e-14 0.926739 0.375707
v 66.1324 30.7333 -28.2324
vt 3.8676 30.8383
vt 3.78601 30.9259
f 126/324/80 125/325/81 170/326/81 169/327/80 

vt 32 30.868
vt 32 30.7803
vn -5.97327e-14 0.917427 0.397905
v 66.0516 30.6994 -28.1516
vt 3.9484 30.7803
vt 3.8676 30.868
f 125/328/81 124/329/82 171/330/82 170/331/81 

vt 32 30.7921
vt 32 30.7045
vn -6.29028e-14 0.907583 0.419872
v 65.9716 30.6636 -28.0716
vt 4.02836 30.7045
vt 3.9484 30.7921
f 124/332/82 123/333/83 172/334/83 171/335/82 

vt 32 30.6984
vt 32 30.6108
vn -6.6141e-14 0.897214 0.441596
v 65.8926 30.6259 -27.9926
vt 4.10744 30.6108
vt 4.02836 30.6984
f 123/336/83 122/337/84 173/338/84 172/339/83 

vt 32 30.587
vt 32 30.4994
vn -6.9457e-14 0.886325 0.463064
v 65.8144 30.5862 -27.9144
vt 4.18559 30.4994
vt 4.10744 30.587
f 122/340/84 121/341/85 174/342/85 173/343/84 

vt 32 30.4579
vt 32 30.3702
vn -7.27411e-14 0.874922 0.484264
v 65.7372 30.5447 -27.8372
vt 4.26276 30.3702
vt 4.18559 30.4579
f 121/344/85 120/345/86 175/346/86 174/347/85 

vt 32 30.3111
vt 32 30.2235
vn -7.58543e-14 0.863012 0.505183
v 65.6611 30.5014 -27.7611
vt 4.3389 30.2235
vt 4.26276 30.3111
f 120/348/86 119/349/87 176/350/87 175/351/86 

vt 32 30.1468
vt 32 30.0592
vn -7.87832e-14 0.850602 0.525809
v 65.586 30.4562 -27.686
vt 4.41399 30.0592
vt 4.3389 30.1468
f 119/352/87 118/353/88 177/354/88 176/355/87 

vt 32 29.9651
vt 32 29.8775
vn -8.1799e-14 0.8377 0.546131
v 65.512 30.4092 -27.612
vt 4.48796 29.8775
vt 4.41399 29.9651
f 118/356/88 117/357/89 178/358/89 177/359/88 

vt 32 29.766
vt 32 29.6784
vn -8.49109e-14 0.824312 0.566136
v 65.4392 30.3605 -27.5392
vt 4.56078 29.6784
vt 4.48796 29.766
f 117/360/89 116/361/90 179/362/90 178/363/89 

vt 32 29.5497
vt 32 29.4621
vt 4.63241 29.4621
vt 4.56078 29.5497
f 116/364/90 91/365/55 87/366/55 179/367/90 

vt 27.4392 3.39169
vn -0.566136 0.824312 -8.09254e-14
vt 27.3676 3.30407
vt 1.9094e-14 3.30407
v 65.4392 30.3605 -0.1
vt 2.93458e-14 3.39169
f 179/368/91 87/369/53 90/370/53 180/371/91 

vt 4.5759e-12 13
vn -1.42423e-13 -5.26526e-16 1
vt 2.5 13
v 67.4124 30.9989 -0.1
vt 2.58762 12.9989
v 67.3248 30.9958 -0.1
vt 2.67518 12.9958
v 67.2374 30.9905 -0.1
vt 2.76265 12.9905
v 67.15 30.9831 -0.1
vt 2.84996 12.9831
v 67.0629 30.9737 -0.1
vt 2.93707 12.9737
v 66.9761 30.9621 -0.1
vt 3.02393 12.9621
v 66.8895 30.9484 -0.1
vt 3.11048 12.9484
v 66.8033 30.9327 -0.1
vt 3.19668 12.9327
v 66.7175 30.9149 -0.1
vt 3.28247 12.9149
v 66.6322 30.895 -0.1
vt 3.36782 12.895
v 66.5473 30.8731 -0.1
vt 3.45266 12.8731
v 66.4631 30.8492 -0.1
vt 3.53694 12.8492
v 66.3794 30.8232 -0.1
vt 3.62063 12.8232
v 66.2963 30.7952 -0.1
vt 3.70367 12.7952
v 66.214 30.7653 -0.1
vt 3.78601 12.7653
v 66.1324 30.7333 -0.1
vt 3.8676 12.7333
v 66.0516 30.6994 -0.1
vt 3.9484 12.6994
v 65.9716 30.6636 -0.1
vt 4.02836 12.6636
v 65.8926 30.6259 -0.1
vt 4.10744 12.6259
v 65.8144 30.5862 -0.1
vt 4.18559 12.5862
v 65.7372 30.5447 -0.1
vt 4.26276 12.5447
v 65.6611 30.5014 -0.1
vt 4.3389 12.5014
v 65.586 30.4562 -0.1
vt 4.41399 12.4562
v 65.512 30.4092 -0.1
vt 4.48796 12.4092
vt 4.56078 12.3605
vt 4.63241 12.31
vt 4.7028 12.2578
v 65.2281 30.204 -0.1
vt 4.77191 12.204
v 65.1603 30.1485 -0.1
vt 4.83971 12.1485
v 65.0938 30.0913 -0.1
vt 4.90615 12.0913
v 65.0288 30.0326 -0.1
vt 4.9712 12.0326
v 64.9652 29.9724 -0.1
vt 5.03482 11.9724
v 64.903 29.9106 -0.1
vt 5.09696 11.9106
v 64.8424 29.8473 -0.1
vt 5.15761 11.8473
v 64.7833 29.7827 -0.1
vt 5.21671 11.7827
v 64.7258 29.7166 -0.1
vt 5.27424 11.7166
v 64.6698 29.6491 -0.1
vt 5.33016 11.6491
v 64.6156 29.5803 -0.1
vt 5.38444 11.5803
v 64.563 29.5102 -0.1
vt 5.43705 11.5102
v 64.512 29.4389 -0.1
vt 5.48796 11.4389
v 64.4629 29.3664 -0.1
vt 5.53713 11.3664
v 64.4155 29.2927 -0.1
vt 5.58455 11.2927
v 64.3698 29.2179 -0.1
vt 5.63018 11.2179
v 64.326 29.142 -0.1
vt 5.67399 11.142
v 64.284 29.0651 -0.1
vt 5.71597 11.0651
v 64.2439 28.9872 -0.1
vt 5.75608 10.9872
v 64.2057 28.9084 -0.1
vt 5.79431 10.9084
v 64.1694 28.8286 -0.1
vt 5.83062 10.8286
v 64.135 28.748 -0.1
vt 5.86501 10.748
v 64.1026 28.6666 -0.1
vt 5.89745 10.6666
vt 10 3.15826e-29
vt 4.5759e-12 3.43142e-40
f 154/372/92 153/373/92 181/374/92 182/375/92 183/376/92 184/377/92 185/378/92 186/379/92 187/380/92 188/381/92 189/382/92 190/383/92 191/384/92 192/385/92 193/386/92 194/387/92 195/388/92 196/389/92 197/390/92 198/391/92 199/392/92 200/393/92 201/394/92 202/395/92 203/396/92 204/397/92 180/398/92 90/399/92 89/400/92 205/401/92 206/402/92 207/403/92 208/404/92 209/405/92 210/406/92 211/407/92 212/408/92 213/409/92 214/410/92 215/411/92 216/412/92 217/413/92 218/414/92 219/415/92 220/416/92 221/417/92 222/418/92 223/419/92 224/420/92 225/421/92 226/422/92 227/423/92 150/424/92 149/425/92 

vt 29.5 -2.34335
vt 29.4124 -2.43098
vn -0.0240701 0.99971 -3.44496e-15
vt -2.84576e-14 -2.43098
vt -1.59457e-14 -2.34335
f 152/426/64 155/427/93 181/428/93 153/429/65 

vt 29.4124 -2.11666
vt 29.3248 -2.20428
vn -0.0481263 0.998841 -6.89132e-15
vt 7.15858e-14 -2.20428
vt -2.95591e-14 -2.11666
f 155/430/93 156/431/94 182/432/94 181/433/93 

vt 29.3248 -1.88871
vt 29.2374 -1.97633
vn -0.0721546 0.997393 -1.0328e-14
vt 5.92166e-14 -1.97633
vt 7.1739e-14 -1.88871
f 156/434/94 157/435/95 183/436/95 182/437/94 

vt 29.2374 -1.65965
vt 29.15 -1.74727
vn -0.0961411 0.995368 -1.37558e-14
vt 4.68813e-14 -1.74727
vt 5.93768e-14 -1.65965
f 157/438/95 158/439/96 184/440/96 183/441/95 

vt 29.15 -1.42959
vt 29.0629 -1.51722
vn -0.120072 0.992765 -1.71726e-14
vt 3.45898e-14 -1.51722
vt 4.70511e-14 -1.42959
f 158/442/96 159/443/97 185/444/97 184/445/96 

vt 29.0629 -1.19869
vt 28.9761 -1.28631
vn -0.143933 0.989587 -2.05764e-14
vt 2.23492e-14 -1.28631
vt 3.4769e-14 -1.19869
f 159/446/97 160/447/98 186/448/98 185/449/97 

vt 28.9761 -0.967059
vt 28.8895 -1.05468
vn -0.167711 0.985836 -2.39651e-14
vt 1.01674e-14 -1.05468
vt 2.25384e-14 -0.967059
f 160/450/98 161/451/99 187/452/99 186/453/98 

vt 28.8895 -0.734847
vt 28.8033 -0.82247
vn -0.191391 0.981514 -2.73364e-14
vt -1.94667e-15 -0.82247
vt 1.03682e-14 -0.734847
f 161/454/99 162/455/100 188/456/100 187/457/99 

vt 28.8033 -0.502183
vt 28.7175 -0.589807
vn -0.214961 0.976623 -3.06882e-14
vt -1.39837e-14 -0.589807
vt -1.73226e-15 -0.502183
f 162/458/100 163/459/101 189/460/101 188/461/100 

vt 28.7175 -0.269203
vt 28.6322 -0.356827
vn -0.238406 0.971166 -3.40806e-14
vt -2.5937e-14 -0.356827
vt -1.37562e-14 -0.269203
f 163/462/101 164/463/102 190/464/102 189/465/101 

vt 28.6322 -0.036042
vt 28.5473 -0.123665
vn -0.261713 0.965146 -3.74551e-14
vt -3.95126e-14 -0.123665
vt -2.73676e-14 -0.036042
f 164/466/102 165/467/103 191/468/103 190/469/102 

vt 28.5473 0.197166
vt 28.4631 0.109542
vn -0.284869 0.958567 -4.07475e-14
vt -5.13172e-14 0.109542
vt -3.92574e-14 0.197166
f 165/470/103 166/471/104 192/472/104 191/473/103 

vt 28.4631 0.430284
vt 28.3794 0.342661
vn -0.307859 0.951432 -4.40117e-14
vt -6.30124e-14 0.342661
vt -5.1045e-14 0.430284
f 166/474/104 167/475/105 193/476/105 192/477/104 

vt 28.3794 0.663179
vt 28.2963 0.575556
vn -0.330671 0.943746 -4.72456e-14
vt -7.45869e-14 0.575556
vt -6.27191e-14 0.663179
f 167/478/105 168/479/106 194/480/106 193/481/105 

vt 28.2963 0.895715
vt 28.214 0.808092
vn -0.353291 0.935513 -5.05388e-14
vt -8.60345e-14 0.808092
vt -7.42734e-14 0.895715
f 168/482/106 169/483/107 195/484/107 194/485/106 

vt 28.214 1.12776
vt 28.1324 1.04013
vn -0.375707 0.926739 -5.38032e-14
vt 1.43905e-14 1.04013
vt -8.76077e-14 1.12776
f 169/486/107 170/487/108 196/488/108 195/489/107 

vt 28.1324 1.35917
vt 28.0516 1.27155
vn -0.397905 0.917427 -5.69446e-14
vt 3.17845e-15 1.27155
vt 1.47461e-14 1.35917
f 170/490/108 171/491/109 197/492/109 196/493/108 

vt 28.0516 1.58982
vt 27.9716 1.5022
vn -0.419872 0.907583 -6.00468e-14
vt -7.88088e-15 1.5022
vt 3.55891e-15 1.58982
f 171/494/109 172/495/110 198/496/110 197/497/109 

vt 27.9716 1.81958
vt 27.8926 1.73196
vn -0.441596 0.897214 -6.31076e-14
vt -1.87765e-14 1.73196
vt -7.4714e-15 1.81958
f 172/498/110 173/499/111 199/500/111 198/501/110 

vt 27.8926 2.04831
vt 27.8144 1.96068
vn -0.463064 0.886325 -6.62461e-14
vt -2.95022e-14 1.96068
vt -1.83387e-14 2.04831
f 173/502/111 174/503/112 200/504/112 199/505/111 

vt 27.8144 2.27587
vt 27.7372 2.18825
vn -0.484264 0.874922 -6.93446e-14
vt 7.14577e-14 2.18825
vt -3.11743e-14 2.27587
f 174/506/112 175/507/113 201/508/113 200/509/112 

vt 27.7372 2.50215
vt 27.6611 2.41452
vn -0.505183 0.863012 -7.22797e-14
vt 6.10549e-14 2.41452
vt 7.19545e-14 2.50215
f 175/510/113 176/511/114 202/512/114 201/513/113 

vt 27.6611 2.72699
vt 27.586 2.63937
vn -0.525809 0.850602 -7.51647e-14
vt 5.08499e-14 2.63937
vt 6.15878e-14 2.72699
f 176/514/114 177/515/115 203/516/115 202/517/114 

vt 27.586 2.95029
vt 27.512 2.86266
vn -0.546131 0.8377 -7.79976e-14
vt 4.08483e-14 2.86266
vt 5.14181e-14 2.95029
f 177/518/115 178/519/116 204/520/116 203/521/115 

vt 27.512 3.17189
vt 27.4392 3.08427
vt 3.10612e-14 3.08427
vt 4.14566e-14 3.17189
f 178/522/116 179/523/91 180/524/91 204/525/116 

vt 27.2972 3.82534
v 65.2281 30.204 -27.3281
vt 27.2281 3.73771
vn -0.624139 0.781314 -8.92562e-14
vt 5.75149e-16 3.73771
vt 1.04464e-14 3.82534
f 88/526/54 228/527/117 205/528/117 89/529/54 

vt 32 29.0659
vt 32 28.9783
vn -9.34787e-14 0.781314 0.624139
vt 4.77191 28.9783
vt 4.7028 29.0659
f 92/530/56 115/531/118 228/532/118 88/533/56 

vt 32 28.7988
vt 32 28.7112
vn -9.62219e-14 0.766064 0.642764
v 65.1603 30.1485 -27.2603
vt 4.83971 28.7112
vt 4.77191 28.7988
f 115/534/118 114/535/119 229/536/119 228/537/118 

vt 32 28.5149
vt 32 28.4273
vn -9.90781e-14 0.750371 0.661017
v 65.0938 30.0913 -27.1938
vt 4.90615 28.4273
vt 4.83971 28.5149
f 114/538/119 113/539/120 230/540/120 229/541/119 

vt 32 28.2146
vt 32 28.127
vn -1.01881e-13 0.734243 0.678887
v 65.0288 30.0326 -27.1288
vt 4.9712 28.127
vt 4.90615 28.2146
f 113/542/120 112/543/121 231/544/121 230/545/120 

vt 32 27.8979
vt 32 27.8103
vn -1.0463e-13 0.717689 0.696364
v 64.9652 29.9724 -27.0652
vt 5.03482 27.8103
vt 4.9712 27.8979
f 112/546/121 111/547/122 232/548/122 231/549/121 

vt 32 27.5651
vt 32 27.4775
vn -1.07127e-13 0.700719 0.713437
v 64.903 29.9106 -27.003
vt 5.09696 27.4775
vt 5.03482 27.5651
f 111/550/122 110/551/123 233/552/123 232/553/122 

vt 32 27.2164
vt 32 27.1288
vn -1.09361e-13 0.683344 0.730097
v 64.8424 29.8473 -26.9424
vt 5.15761 27.1288
vt 5.09696 27.2164
f 110/554/123 109/555/124 234/556/124 233/557/123 

vt 32 26.8519
vt 32 26.7643
vn -1.1172e-13 0.665572 0.746333
v 64.7833 29.7827 -26.8833
vt 5.21671 26.7643
vt 5.15761 26.8519
f 109/558/124 108/559/125 235/560/125 234/561/124 

vt 32 26.4719
vt 32 26.3843
vn -1.1421e-13 0.647415 0.762137
v 64.7258 29.7166 -26.8258
vt 5.27424 26.3843
vt 5.21671 26.4719
f 108/562/125 107/563/126 236/564/126 235/565/125 

vt 32 26.0765
vt 32 25.9889
vn -1.16636e-13 0.628883 0.7775
v 64.6698 29.6491 -26.7698
vt 5.33016 25.9889
vt 5.27424 26.0765
f 107/566/126 106/567/127 237/568/127 236/569/126 

vt 32 25.6661
vt 32 25.5785
vn -1.18996e-13 0.609986 0.792412
v 64.6156 29.5803 -26.7156
vt 5.38444 25.5785
vt 5.33016 25.6661
f 106/570/127 105/571/128 238/572/128 237/573/127 

vt 32 25.2408
vt 32 25.1532
vn -1.21287e-13 0.590736 0.806865
v 64.563 29.5102 -26.663
vt 5.43705 25.1532
vt 5.38444 25.2408
f 105/574/128 104/575/129 239/576/129 238/577/128 

vt 32 24.801
vt 32 24.7134
vn -1.23285e-13 0.571144 0.82085
v 64.512 29.4389 -26.612
vt 5.48796 24.7134
vt 5.43705 24.801
f 104/578/129 103/579/130 240/580/130 239/581/129 

vt 32 24.3468
vt 32 24.2591
vn -1.24979e-13 0.55122 0.83436
v 64.4629 29.3664 -26.5629
vt 5.53713 24.2591
vt 5.48796 24.3468
f 103/582/130 102/583/131 241/584/131 240/585/130 

vt 32 23.8785
vt 32 23.7908
vn -1.26817e-13 0.530977 0.847386
v 64.4155 29.2927 -26.5155
vt 5.58455 23.7908
vt 5.53713 23.8785
f 102/586/131 101/587/132 242/588/132 241/589/131 

vt 32 23.3963
vt 32 23.3087
vn -1.28806e-13 0.510427 0.859921
v 64.3698 29.2179 -26.4698
vt 5.63018 23.3087
vt 5.58455 23.3963
f 101/590/132 100/591/133 243/592/133 242/593/132 

vt 32 22.9007
vt 32 22.8131
vn -1.30718e-13 0.48958 0.871958
v 64.326 29.142 -26.426
vt 5.67399 22.8131
vt 5.63018 22.9007
f 100/594/133 99/595/134 244/596/134 243/597/133 

vt 32 22.3918
vt 32 22.3042
vn -1.32553e-13 0.46845 0.88349
v 64.284 29.0651 -26.384
vt 5.71597 22.3042
vt 5.67399 22.3918
f 99/598/134 98/599/135 245/600/135 244/601/134 

vt 32 21.87
vt 32 21.7824
vn -1.34309e-13 0.447049 0.894509
v 64.2439 28.9872 -26.3439
vt 5.75608 21.7824
vt 5.71597 21.87
f 98/602/135 97/603/136 246/604/136 245/605/135 

vt 32 21.3355
vt 32 21.2479
vn -1.35985e-13 0.425389 0.905011
v 64.2057 28.9084 -26.3057
vt 5.79431 21.2479
vt 5.75608 21.3355
f 97/606/136 96/607/137 247/608/137 246/609/136 

vt 32 20.7887
vt 32 20.7011
vn -1.3758e-13 0.403482 0.914988
v 64.1694 28.8286 -26.2694
vt 5.83062 20.7011
vt 5.79431 20.7887
f 96/610/137 95/611/138 248/612/138 247/613/137 

vt 32 20.2298
vt 32 20.1422
vt 5.86501 20.1422
vt 5.83062 20.2298
f 95/614/138 94/615/58 146/616/58 248/617/138 

vt 26.1694 7.67176
vn -0.914988 0.403482 -1.30922e-13
vt 26.135 7.58414
vn -0.924435 0.381341 -1.31945e-13
vt 7.13159e-14 7.58414
vt 7.62301e-14 7.67176
f 248/618/139 146/619/140 226/620/140 225/621/139 

vt 26.135 7.81332
vt 26.1026 7.72569
vn -0.931168 0.36459 -1.32942e-13
vt 6.88105e-14 7.72569
vt 7.34344e-14 7.81332
f 146/622/140 145/623/141 227/624/141 226/625/140 

vt 26.1026 7.8386
vt 22 -3.58979
vn -0.933346 0.358979 -1.33457e-13
vt -6.56328e-14 -3.58979
vt 6.62335e-14 7.8386
f 145/626/141 147/627/142 150/628/142 227/629/141 

vt 26.2057 7.52579
vn -0.905011 0.425389 -1.29562e-13
vt 26.1694 7.43817
vt 7.41907e-14 7.43817
vt -3.42933e-14 7.52579
f 247/630/143 248/631/139 225/632/139 224/633/143 

vt 26.2439 7.37548
vn -0.894509 0.447049 -1.27872e-13
vt 26.2057 7.28786
vt -3.31141e-14 7.28786
vt -2.76456e-14 7.37548
f 246/634/144 247/635/143 224/636/143 223/637/144 

vt 26.284 7.22093
vn -0.88349 0.46845 -1.26104e-13
vt 26.2439 7.1333
vt -2.6417e-14 7.1333
vt -2.06872e-14 7.22093
f 245/638/145 246/639/144 223/640/144 222/641/145 

vt 26.326 7.06221
vn -0.871958 0.48958 -1.24493e-13
vt 26.284 6.97459
vt -1.9413e-14 6.97459
vt -1.34263e-14 7.06221
f 244/642/146 245/643/145 222/644/145 221/645/146 

vt 26.3698 6.89943
vn -0.859921 0.510427 -1.23034e-13
vt 26.326 6.81181
vt -1.51692e-14 6.81181
vt -8.90678e-15 6.89943
f 243/646/147 244/647/146 221/648/146 220/649/147 

vt 26.4155 6.73268
vn -0.847386 0.530977 -1.21261e-13
vt 26.3698 6.64505
vt -1.05748e-14 6.64505
vt -4.03958e-15 6.73268
f 242/650/148 243/651/147 220/652/147 219/653/148 

vt 26.4629 6.56205
vn -0.83436 0.55122 -1.19183e-13
vt 26.4155 6.47442
vt -2.63214e-15 6.47442
vt 4.14711e-15 6.56205
f 241/654/149 242/655/148 219/656/148 218/657/149 

vt 26.512 6.38764
vn -0.82085 0.571144 -1.17254e-13
vt 26.4629 6.30001
vt 5.59052e-15 6.30001
vt 1.26086e-14 6.38764
f 240/658/150 241/659/149 218/660/149 217/661/150 

vt 26.563 6.20955
vn -0.806865 0.590736 -1.15467e-13
vt 26.512 6.12193
vt 1.1147e-14 6.12193
vt 1.84257e-14 6.20955
f 239/662/151 240/663/150 217/664/150 216/665/151 

vt 26.6156 6.0279
vn -0.792412 0.609986 -1.13388e-13
vt 26.563 5.94027
vt 1.70329e-14 5.94027
vt -8.91185e-14 6.0279
f 238/666/152 239/667/151 216/668/151 215/669/152 

vt 26.6698 5.84277
vn -0.7775 0.628883 -1.11028e-13
vt 26.6156 5.75515
vt -8.75713e-14 5.75515
vt -7.9812e-14 5.84277
f 237/670/153 238/671/152 215/672/152 214/673/153 

vt 26.7258 5.65429
vn -0.762137 0.647415 -1.08807e-13
vt 26.6698 5.56667
vt -7.82394e-14 5.56667
vt -7.02621e-14 5.65429
f 236/674/154 237/675/153 214/676/153 213/677/154 

vt 26.7833 5.46256
vn -0.746333 0.665572 -1.06718e-13
vt 26.7258 5.37493
vt -7.14691e-14 5.37493
vt -6.32494e-14 5.46256
f 235/678/155 236/679/154 213/680/154 212/681/155 

vt 26.8424 5.26768
vn -0.730097 0.683344 -1.04362e-13
vt 26.7833 5.18006
vt -6.43925e-14 5.18006
vt -5.59349e-14 5.26768
f 234/682/156 235/683/155 212/684/155 211/685/156 

vt 26.903 5.06978
vn -0.713437 0.700719 -1.01937e-13
vt 26.8424 4.98216
vt -5.42906e-14 4.98216
vt -4.56319e-14 5.06978
f 233/686/157 234/687/156 211/688/156 210/689/157 

vt 26.9652 4.86897
vn -0.696364 0.717689 -9.96352e-14
vt 26.903 4.78134
vt -4.66625e-14 4.78134
vt -3.77765e-14 4.86897
f 232/690/158 233/691/157 210/692/157 209/693/158 

vt 27.0288 4.66536
vn -0.678887 0.734243 -9.70871e-14
vt 26.9652 4.57773
vt -3.87493e-14 4.57773
vt -2.96409e-14 4.66536
f 231/694/159 232/695/158 209/696/158 208/697/159 

vt 27.0938 4.45907
vn -0.661017 0.750371 -9.44755e-14
vt 27.0288 4.37144
vt -2.79492e-14 4.37144
vt -1.86579e-14 4.45907
f 230/698/160 231/699/159 208/700/159 207/701/160 

vt 27.1603 4.25022
vn -0.642764 0.766064 -9.19783e-14
vt 27.0938 4.1626
vt -1.95301e-14 4.1626
vt -1.00279e-14 4.25022
f 229/702/161 230/703/160 207/704/160 206/705/161 

vt 27.2281 4.03894
vt 27.1603 3.95131
vt -1.08479e-14 3.95131
vt -1.14025e-15 4.03894
f 228/706/117 229/707/161 206/708/161 205/709/117 

vt -32 0
vn 1 0 1.42997e-13
vt 6.54338e-25 13
vt 6.54338e-25 0
f 148/710/162 151/255/162 154/711/162 149/712/162 

g Mesh13 Group15 Group1 Model

usemtl _Color_M06_4
v 15.625 10 -2.1
v 16.375 10 -2.1
v 16.375 10 -32.1
v 15.625 10 -32.1
f 249/1/1 250/2/1 251/3/1 252/4/1 

v 15.625 8.5 -2.1
v 16.375 8.5 -2.1
f 253/5/2 254/6/2 250/7/2 249/8/2 

v 15.625 8.5 -32.1
v 16.375 8.5 -32.1
f 254/9/3 253/10/3 255/11/3 256/12/3 

f 253/13/4 249/14/4 252/15/4 255/16/4 

f 256/17/5 255/18/5 252/19/5 251/20/5 

f 250/21/6 254/22/6 256/23/6 251/24/6 

g Mesh14 Group16 Group1 Model

v 2 10.125 -27.3
v 70 10.125 -27.3
v 70 10 -27.3
v 2 10 -27.3
f 257/25/7 258/26/7 259/27/7 260/28/7 

v 2 10.125 -26.3
v 70 10.125 -26.3
f 257/29/8 261/30/8 262/31/8 258/32/8 

v 2 10 -26.3
f 261/33/9 257/34/9 260/35/9 263/36/9 

v 70 10 -26.3
f 263/37/10 260/38/10 259/39/10 264/40/10 

f 258/41/11 262/42/11 264/43/11 259/44/11 

f 262/45/12 261/46/12 263/47/12 264/48/12 

g Mesh15 Group18 Group17 Group1 Model

v 72 19 -32.1
vt 30 2
vn 8.92892e-19 1 6.68166e-10
v 70 19 -32.1
vt 30 -1.78578e-18
v 70 19 -2.1
vt 1.33633e-09 2.0045e-08
v 72 19 -2.1
vt 4.009e-09 2
f 265/713/163 266/714/163 267/715/163 268/716/163 

vt 2.0045e-08 2
vn -6.68166e-10 6.68166e-10 -1
vt 2 2
v 72 17 -32.1
vt 2 -2.83282e-16
v 70 17 -32.1
vt 2.0045e-08 -2.84175e-16
f 266/717/164 265/718/164 269/719/164 270/720/164 

vt -30 2.0045e-08
vn 1 0 -6.68166e-10
vt -30 2
vt -1.33633e-09 2
v 72 17 -2.1
vt -1.33633e-09 0
f 269/721/165 265/722/165 268/723/165 271/724/165 

vn 6.68166e-10 -6.68166e-10 1
vt -2.0045e-08 2
v 70 17 -2.1
vt -2.0045e-08 -1.78578e-18
vt -2 -8.92892e-19
f 268/54/166 267/725/166 272/726/166 271/727/166 

vn -1 -8.92892e-19 6.68166e-10
vt 30 2.0045e-08
vt 2.67266e-09 -1.7898e-26
vt -1.33934e-17 2
f 266/713/167 270/728/167 272/729/167 267/730/167 

vt -30 0
vn 9.27267e-27 -1 -6.68166e-10
vt -2.67266e-09 2
vt -2.67266e-09 2.0045e-08
f 270/731/168 269/722/168 271/732/168 272/733/168 

g Mesh16 Group19 Group17 Group1 Model

v 40 19 -34.1
vn 6.68166e-10 1 -8.92891e-19
v 40 19 -32.1
v 70 19 -32.1
v 70 19 -34.1
f 273/713/169 274/714/169 275/715/169 276/716/169 

vn -1 6.68166e-10 6.68166e-10
v 40 17 -34.1
v 40 17 -32.1
f 274/717/170 273/718/170 277/719/170 278/720/170 

vn -6.68166e-10 0 -1
v 70 17 -34.1
f 277/721/171 273/722/171 276/723/171 279/724/171 

vn 1 -6.68166e-10 -6.68166e-10
v 70 17 -32.1
f 276/54/172 275/725/172 280/726/172 279/727/172 

vn 6.68166e-10 -8.92892e-19 1
f 274/713/173 278/728/173 280/729/173 275/730/173 

vn -6.68166e-10 -1 -5.0186e-26
f 278/731/174 277/722/174 279/732/174 280/733/174 

g Mesh17 Group20 Group17 Group1 Model

v 2 10 -32.1
v -5.64271e-14 10 -32.1
v 2.0045e-08 10 -2.1
v 2 10 -2.1
f 281/713/163 282/714/163 283/715/163 284/716/163 

v 2 8 -32.1
v -5.64271e-14 8 -32.1
f 282/717/164 281/718/164 285/719/164 286/720/164 

v 2 8 -2.1
f 285/721/165 281/722/165 284/723/165 287/724/165 

v 2.0045e-08 8 -2.1
f 284/54/166 283/725/166 288/726/166 287/727/166 

f 282/713/167 286/728/167 288/729/167 283/730/167 

f 286/731/168 285/722/168 287/732/168 288/733/168 

g Mesh18 Group21 Group17 Group1 Model

v 72 10 -32.1
v 70 10 -32.1
v 70 10 -2.1
v 72 10 -2.1
f 289/713/163 290/714/163 291/715/163 292/716/163 

v 72 8 -32.1
v 70 8 -32.1
f 290/717/164 289/718/164 293/719/164 294/720/164 

v 72 8 -2.1
f 293/721/165 289/722/165 292/723/165 295/724/165 

v 70 8 -2.1
f 292/54/166 291/725/166 296/726/166 295/727/166 

f 290/713/167 294/728/167 296/729/167 291/730/167 

f 294/731/168 293/722/168 295/732/168 296/733/168 

g Mesh19 Group23 Group22 Group1 Model

v 40 10 -34.1
vt 2 1.57635e-10
vn -4.79565e-12 1.94789e-12 -1
v 38 10 -34.1
vt 9.59132e-12 1.54133e-15
v 38 29 -34.1
vt 9.59132e-12 19
v 40 27 -34.1
vt 2 17
f 297/734/175 298/735/175 299/736/175 300/737/175 

v 40 10 -32.1
vt -4.73506e-11 2
vn 7.8817e-11 -1 -1.94789e-12
v 38 10 -32.1
vt -2.42721e-11 9.54969e-12
vt -2 1.21483e-25
f 301/738/176 302/739/176 298/740/176 297/54/176 

vt -9.54969e-12 -4.72795e-23
vn 4.79565e-12 -1.94789e-12 1
vt -2 1.57634e-10
v 40 27 -32.1
vt -2 17
v 38 29 -32.1
vt -9.54969e-12 19
f 302/741/177 301/742/177 303/743/177 304/744/177 

vt 9.59132e-12 17
vn 1 1.33575e-23 -4.79565e-12
vt -3.77592e-11 1.57634e-10
vt -2 1.61531e-10
f 303/745/178 301/746/178 297/747/178 300/743/178 

vt 2.71985e-23 13.435
vn 0.707107 0.707107 -2.01367e-12
vt 5.69554e-12 10.6066
vt -2 10.6066
f 304/748/179 303/749/179 300/750/179 299/154/179 

vt 2.42721e-11 -5.85049e-35
vn -1 -6.12637e-24 4.79565e-12
vt -4.57971e-23 19
vt 2 19
vt 2 3.89733e-12
f 302/751/180 304/752/180 299/753/180 298/754/180 

g Mesh20 Group24 Group22 Group1 Model

v 70 27 -34.1
v 70 27 -32.1
v 40 27 -32.1
v 40 27 -34.1
f 305/158/47 306/159/47 307/140/47 308/54/47 

vn 1 0 1.38778e-17
vt -2 0
v 70 29 -34.1
v 70 29 -32.1
f 306/168/181 305/755/181 309/54/181 310/140/181 

vt 32 0
vn 1.38778e-17 0 -1
v 38 29 -34.1
vt 32 2
f 305/756/182 308/167/182 311/140/182 309/757/182 

vt 0 -1.41421
vn -0.707107 -0.707107 -9.81308e-18
v 38 29 -32.1
f 307/758/183 312/178/183 311/146/183 308/176/183 

vt -32 2
f 312/140/41 307/755/41 306/710/41 310/759/41 

vt 2 32
f 311/167/49 312/168/49 310/159/49 309/760/49 

g Mesh21 Group25 Group1 Model

v 2 10.125 -8.1
v 70 10.125 -8.1
v 70 10 -8.1
v 2 10 -8.1
f 313/25/7 314/26/7 315/27/7 316/28/7 

v 2 10.125 -7.1
v 70 10.125 -7.1
f 313/29/8 317/30/8 318/31/8 314/32/8 

v 2 10 -7.1
f 317/33/9 313/34/9 316/35/9 319/36/9 

v 70 10 -7.1
f 319/37/10 316/38/10 315/39/10 320/40/10 

f 314/41/11 318/42/11 320/43/11 315/44/11 

f 318/45/12 317/46/12 319/47/12 320/48/12 

g Mesh22 Group26 Group1 Model

v 2 10.125 -17.7
v 70 10.125 -17.7
v 70 10 -17.7
v 2 10 -17.7
f 321/25/7 322/26/7 323/27/7 324/28/7 

v 2 10.125 -16.7
v 70 10.125 -16.7
f 321/29/8 325/30/8 326/31/8 322/32/8 

v 2 10 -16.7
f 325/33/9 321/34/9 324/35/9 327/36/9 

v 70 10 -16.7
f 327/37/10 324/38/10 323/39/10 328/40/10 

f 322/41/11 326/42/11 328/43/11 323/44/11 

f 326/45/12 325/46/12 327/47/12 328/48/12 

g Mesh23 Group27 Group1 Model

v 56.125 10 -2.1
v 56.875 10 -2.1
v 56.875 10 -32.1
v 56.125 10 -32.1
f 329/1/1 330/2/1 331/3/1 332/4/1 

v 56.125 8.5 -2.1
v 56.875 8.5 -2.1
f 333/5/2 334/6/2 330/7/2 329/8/2 

v 56.125 8.5 -32.1
v 56.875 8.5 -32.1
f 334/9/3 333/10/3 335/11/3 336/12/3 

f 333/13/4 329/14/4 332/15/4 335/16/4 

f 336/17/5 335/18/5 332/19/5 331/20/5 

f 330/21/6 334/22/6 336/23/6 331/24/6 

g Mesh24 Group29 Group28 Group1 Model

v 70 8 -0.1
vt 1.6118e-08 3.505e-14
vn 2.01475e-09 1 2.01475e-09
v 72 8 -0.1
vt 1.6118e-08 2
v 72 8 -2.1
v 70 8 -2.1
vt 2 3.50581e-14
f 337/761/184 338/762/184 339/718/184 340/763/184 

v 70 8.05899e-09 -0.1
vt 1.30853e-25 8.05899e-09
vn -2.19962e-17 -2.01475e-09 1
v 72 0 -0.1
vt -2 -3.24737e-17
vt -2 8
vt -1.6118e-08 8
f 341/764/185 342/765/185 338/766/185 337/767/185 

vt -1.6118e-08 2
vn -2.01475e-09 -1 -2.01475e-09
vt -1.6118e-08 -1.62368e-17
v 70 8.05899e-09 -2.1
vt -2 -8.11841e-18
v 72 8.05899e-09 -2.1
f 342/768/186 341/769/186 343/770/186 344/54/186 

vt 2 8.05899e-09
vn -1 2.01475e-09 -1.38778e-17
vt 1.6118e-08 8.05899e-09
vt 0 8
vt 2 8
f 343/771/187 341/772/187 337/773/187 340/774/187 

vt 2 4.02949e-09
vn 1.38778e-17 2.01475e-09 -1
vt 0 4.02949e-09
vt 1.6118e-08 8
f 344/775/188 343/776/188 340/777/188 339/774/188 

vt -1.6118e-08 4.02949e-09
vn 1 -2.01475e-09 5.75938e-18
vt -2 1.20885e-08
vt 1.62368e-17 8
f 342/778/189 344/779/189 339/766/189 338/780/189 

g Mesh25 Group30 Group28 Group1 Model

v 70 8 -32.1
v 72 8 -32.1
v 72 8 -34.1
v 70 8 -34.1
f 345/761/184 346/762/184 347/718/184 348/763/184 

v 70 2.8104e-08 -32.1
v 72 2.0045e-08 -32.1
f 349/764/185 350/765/185 346/766/185 345/767/185 

v 70 2.8104e-08 -34.1
v 72 2.8104e-08 -34.1
f 350/768/186 349/769/186 351/770/186 352/54/186 

f 351/771/187 349/772/187 345/773/187 348/774/187 

f 352/775/188 351/776/188 348/777/188 347/774/188 

f 350/778/189 352/779/189 347/766/189 346/780/189 

g Mesh26 Component_2218_1 Group1 Model

usemtl Color_M00
v 2.00134e-08 18 -0.1
vt -32 8
vn -1 1.57772e-30 -1.68726e-13
v 2.00191e-08 18 -34.1
v 2.00191e-08 10 -34.1
vt 2 -1.39155e-27
v 2.00134e-08 10 -0.1
vt -32 -1.39155e-27
f 353/781/190 354/774/190 355/782/190 356/783/190 

v 70 18 -0.1
vt 32 28
vn -1.59315e-17 1 4.06584e-16
v 70 18 -32.1
vt -1.1694e-13 28
v 38 18 -32.1
vt -3.44313e-13 60
v 38 18 -34.1
vt -2 60
vt -2 98
vt 32 98
f 357/784/191 358/785/191 359/786/191 360/787/191 354/788/191 353/789/191 

v 70 10 -32.1
vt -1.13687e-13 0
vn 1 1.26218e-29 1.40901e-13
vt -1.13687e-13 8
vt 32 8
v 70 10 -0.1
f 361/790/192 358/791/192 357/792/192 362/756/192 

vt -28 -3.10532e-52
vn 1.52738e-13 -3.15544e-30 -1
v 38 10 -32.1
vt -60 -5.26461e-52
vt -60 8
vt -28 8
f 361/793/193 363/794/193 359/795/193 358/796/193 

v 38 10 -34.1
vt 2 60
vn 1.4013e-45 -1 3.15292e-45
vt 3.41061e-13 60
vt 1.13687e-13 28
vt -32 28
vt -32 98
vt 2 98
f 364/797/194 363/798/194 361/799/194 362/800/194 356/801/194 355/802/194 

vt -2 -7.57306e-28
vn 1 -1.4013e-45 1.40584e-13
vt -3.60069e-13 8
vt -3.60069e-13 -7.57306e-28
f 364/803/195 360/766/195 359/804/195 363/805/195 

vt -98 8
vn 1.40584e-13 -7.97165e-30 -1
vt -60 9.63241e-30
vt -98 9.63241e-30
f 354/806/196 360/795/196 364/807/196 355/808/196 

vt 28 8
vn -1.63186e-13 3.15544e-30 1
vt 98 8
vt 98 1.68156e-43
vt 28 1.68156e-43
f 357/809/197 353/810/197 356/811/197 362/812/197 

g Mesh27 Pillow_Abernathy_31_1 Pillow_Abernathy_SKU_EAN5489__77_1 Group1 Model

usemtl _Color_M03_1
v 46.4454 17.864 -15.6112
vt 20.374 -3.15141
vn -0.137576 -0.989871 0.035033
v 46.9573 17.7491 -15.7403
vt 20.9649 -2.86698
vn 0.216176 -0.928709 -0.301275
v 47.7108 17.7014 -14.5805
vt 23.8917 -3.20779
vn 0.00159156 -0.997008 -0.0772765
f 365/813/198 366/814/199 367/815/200

vt 18.5225 -7.23541
v 47.2295 17.8352 -16.2958
vt 18.844 -6.55398
vn 0.407076 -0.767604 -0.495049
vt 19.1684 -7.12194
f 365/816/198 368/817/201 366/818/199

vt 20.5189 -1.6007
v 45.7543 17.9436 -17.105
vt 17.1483 -1.1884
vn 0.251496 -0.923822 -0.288621
vt 20.6269 -0.855041
f 365/819/198 369/820/202 368/821/201

v 45.4173 18.0035 -16.6929
vt 17.1152 -2.79603
vn -0.34738 -0.896623 0.27458
vt 17.0028 -2.42035
vt 20.3479 -3.00446
f 370/822/203 369/823/202 365/824/198

v 44.909 17.9541 -17.2322
vt 15.8748 0.708125
vn -0.200415 -0.964565 0.171604
vt 17.2631 1.30435
vt 17.4525 0.960947
f 371/825/204 369/826/202 370/827/203

vt 15.8146 1.74592
v 45.2956 17.8589 -17.722
vt 15.5451 2.12295
vn 0.362285 -0.857486 -0.365332
vt 17.1588 2.43607
f 371/828/204 372/829/205 369/830/202

v 44.5637 17.9397 -17.5273
vt 14.9164 0.494999
vn -0.253922 -0.955154 0.152329
vt 15.6298 1.07886
vt 15.8738 0.684865
f 373/831/206 372/832/205 371/833/204

v 44.3672 18.0272 -18.042
vt 13.2153 -2.85888
vn 0.125166 -0.974073 -0.188457
vt 15.1423 -2.79312
vt 14.2967 -3.16014
f 374/834/207 372/835/205 373/836/206

vt 13.1914 -2.61137
v 45.5532 17.9134 -18.1672
vt 14.8455 -2.14487
vn 0.466266 -0.751944 -0.466021
vt 15.1187 -2.55545
f 374/837/207 375/838/208 372/839/205

vt 13.145 -2.6541
v 45.1393 18.1702 -19.1252
vt 12.712 -1.59363
vn 0.513651 -0.676081 -0.528278
vt 14.8034 -2.20294
f 374/840/207 376/841/209 375/842/208

v 44.1764 17.8647 -19.1338
vt 11.7635 1.52202
vn 0.341726 -0.869962 -0.355514
vt 13.0676 2.41668
vt 13.7835 1.52251
f 377/843/210 376/844/209 374/845/207

vt 11.7268 0.454125
v 44.0348 17.9652 -19.7886
vt 10.4725 0.700563
vn 0.461456 -0.745974 -0.480189
vt 13.1222 1.19824
f 377/846/210 378/847/211 376/848/209

v 43.7289 17.8911 -19.1715
vt 10.7641 -1.4781
vn 0.120901 -0.974938 -0.186758
vt 10.2756 -0.955581
vt 11.5043 -1.3079
f 379/849/212 378/850/211 377/851/210

v 42.8775 17.9891 -19.9088
vt 8.41656 -1.12174
vn 0.104728 -0.982563 -0.153629
vt 10.3472 -0.621318
vt 10.85 -1.13006
f 380/852/213 378/853/211 379/854/212

vt 8.45261 -1.09287
v 43.4328 18.0466 -20.6151
vt 8.1804 -0.424151
vn 0.439949 -0.763995 -0.471971
vt 10.3766 -0.56731
f 380/855/213 381/856/214 378/857/211

v 41.7382 17.8817 -20.4017
vt 6.21783 -0.874649
vn -0.113189 -0.982593 0.147306
vt 8.31026 0.367394
vt 8.64073 -0.274537
f 382/858/215 381/859/214 380/860/213

vt 6.36943 -0.45826
v 42.3692 17.9107 -20.7763
vt 6.62889 0.125472
vn 0.460124 -0.765251 -0.450197
vt 8.34382 0.963957
f 382/861/215 383/862/216 381/863/214

v 41.1345 17.6063 -20.8559
vt 5.02516 0.1564
vn -0.179529 -0.95814 0.223016
vt 6.56344 1.5777
vt 6.44094 0.950756
f 384/864/217 383/865/216 382/866/215

vt 4.80129 -0.749293
v 41.8514 17.7481 -21.3733
vt 4.94805 -0.0209495
vn 0.523657 -0.682888 -0.509359
vt 6.61976 0.289748
f 384/867/217 385/868/218 383/869/216

v 40.9605 17.4921 -21.5373
vt 3.51358 -0.678482
vn 0.39007 -0.84247 -0.371605
vt 4.97634 0.0999127
vt 4.84818 -0.631932
f 386/870/219 385/871/218 384/872/217

vt 3.16202 -0.523534
v 41.7603 17.9155 -21.9027
vt 3.73271 0.351717
vn 0.585829 -0.549237 -0.595939
vt 4.71573 0.0522759
f 386/873/219 387/874/220 385/875/218

v 40.6269 17.4764 -22.1146
vt 1.89026 -0.477463
vn 0.575544 -0.565431 -0.590794
vt 3.8325 0.411098
vt 3.29228 -0.483282
f 388/876/221 387/877/220 386/878/219

v 43.323 19.1515 -22.1992
vt 5.36155 2.72212
vn 0.596936 -0.452 -0.662845
vt 3.59625 0.841481
vt 1.60652 0.0650819
f 389/879/222 387/880/220 388/881/221

vt 5.4234 2.69963
v 42.6486 18.2315 -21.5909
vt 5.46175 1.35056
vn 0.581798 -0.557632 -0.59208
vt 3.68102 0.797743
f 389/882/222 390/883/223 387/884/220

vt 5.34473 1.24701
vt 5.33157 2.59655
v 43.3749 18.3684 -21.4046
vt 6.71719 1.58076
vn 0.544518 -0.589523 -0.596627
f 390/885/223 389/886/222 391/887/224

vt 5.19142 2.1905
v 44.802 19.2468 -22.1153
vt 7.58563 2.75208
vn 0.591294 -0.504036 -0.629538
vt 6.55009 1.13893
f 389/888/222 392/889/225 391/890/224

v 45.3278 20.4284 -22.8786
vt 7.06567 4.65153
vn 0.631836 -0.40932 -0.65821
vt 7.53108 3.03642
vt 5.13176 2.49709
f 393/891/226 392/892/225 389/893/222

vt 7.23572 5.11294
v 45.2413 19.3197 -21.749
vt 8.99583 3.65468
vn 0.638034 -0.464842 -0.613868
vt 7.77647 3.52147
f 393/894/226 394/895/227 392/896/225

vt 7.23274 5.21925
v 46.069 20.3323 -21.6796
vt 10.2273 5.08635
vn 0.649099 -0.424526 -0.631228
vt 9.00465 3.77535
f 393/897/226 395/898/228 394/899/227

v 46.8678 22.0037 -22.2594
vt 10.3138 7.23162
vn 0.665831 -0.355518 -0.655955
vt 10.227 5.09767
vt 7.23251 5.23019
f 396/900/229 395/901/228 393/902/226

v 47.5332 21.2411 -20.9613
vt 13.4301 6.2842
vn 0.655036 -0.387302 -0.648788
vt 10.2249 5.03407
vt 10.3252 7.16743
f 397/903/230 395/904/228 396/905/229

vt 13.4307 6.27569
v 46.8408 19.5924 -20.0168
vt 14.0634 4.10674
vn 0.62939 -0.457997 -0.62778
vt 10.2288 5.0169
f 397/906/230 398/907/231 395/908/228

vt 13.4286 6.20713
v 48.2132 20.358 -19.4697
vt 16.8696 5.15132
vn 0.641623 -0.42009 -0.64175
vt 14.0516 4.03538
f 397/909/230 399/910/232 398/911/231

v 49.2399 21.8424 -19.6497
vt 17.958 7.16971
vn 0.663177 -0.357166 -0.657745
vt 16.8745 5.25033
vt 13.431 6.29773
f 400/912/233 399/913/232 397/914/230

vt 17.9564 7.14107
v 51.6346 21.4722 -17.1083
vt 25.539 6.92929
vn 0.658069 -0.36774 -0.657048
vt 16.8688 5.22399
f 400/915/233 401/916/234 399/917/232

v 52.5431 22.9169 -17.0155
vt 26.8804 8.7677
vn 0.679225 -0.32519 -0.657955
vt 25.5395 6.99567
vt 17.9569 7.20619
f 402/918/235 401/919/234 400/920/233

v 52.2624 20.6365 -15.9897
vt 28.3161 6.07096
vn 0.669359 -0.39516 -0.629132
vt 25.5404 6.99883
vt 26.8809 8.77112
f 403/921/236 401/922/234 402/923/235

vt 28.3022 5.93087
v 50.8173 20.0669 -16.7495
vt 25.0193 5.05533
vn 0.634327 -0.420111 -0.64895
vt 25.5284 6.86466
f 403/924/236 404/925/237 401/926/234

v 51.1114 18.8983 -15.547
vt 27.468 3.62913
vn 0.627031 -0.48308 -0.611118
vt 25.0254 5.03772
vt 28.3076 5.91612
f 405/927/238 404/928/237 403/929/236

vt 27.4187 3.35523
v 49.979 18.5058 -15.9308
vt 25.1636 2.67314
vn 0.582039 -0.519035 -0.625966
vt 24.9842 4.77759
f 405/930/238 406/931/239 404/932/237

vt 27.4863 3.44197
v 49.8603 17.8849 -14.8748
vt 26.7893 1.73556
vn 0.540323 -0.633846 -0.553435
vt 25.244 2.71876
f 405/933/238 407/934/240 406/935/239

v 50.2917 17.9614 -14.3818
vt 28.203 2.38109
vn 0.589926 -0.570143 -0.571772
vt 26.798 2.26602
vt 27.4598 3.98637
f 408/936/241 407/937/240 405/938/238

vt 26.7901 2.35748
vt 28.1944 2.47989
v 49.9984 17.6365 -13.6001
vt 29.0426 1.79345
vn 0.509331 -0.674358 -0.534625
f 407/939/240 408/940/241 409/941/242

v 50.5055 17.651 -13.1673
vt 30.4529 0.865494
vn 0.590337 -0.557477 -0.583714
vt 29.0228 0.774886
vt 28.1974 1.48856
f 410/942/243 409/943/242 408/944/241

vt 29.0128 0.876864
vt 30.4432 0.961894
v 50.4651 17.1217 -11.9487
vt 32.348 0.0301939
vn 0.473166 -0.693383 -0.543446
f 409/945/242 410/946/243 411/947/244

v 50.9933 17.3854 -11.8496
vt 33.3018 1.17857
vn 0.651361 -0.447322 -0.612888
vt 32.3959 0.727885
vt 30.4746 1.62512
f 412/948/245 411/949/244 410/950/243

vt 33.1988 0.655537
v 50.6847 16.6812 -11.2497
vt 33.7477 -0.339101
vn 0.574884 -0.551537 -0.604413
vt 32.2826 0.226249
f 412/951/245 413/952/246 411/953/244

v 50.7664 16.3919 -10.6189
vt 35.017 0.153117
vn 0.586186 -0.688715 -0.426681
vt 33.8669 0.574732
vt 33.2934 1.55535
f 414/954/247 413/955/246 412/956/245

v 50.5354 16.5316 -10.9983
vt 33.7653 -2.229
vn 0.122774 -0.942514 -0.310795
vt 33.589 -1.92932
vt 34.7135 -2.41511
f 415/957/248 413/958/246 414/959/247

vt 31.4421 -3.66581
vt 32.8648 -4.33075
vt 33.0217 -4.64104
f 411/960/244 413/961/246 415/962/248

v 50.142 16.9613 -11.434
vt 28.1428 -12.6027
vn -0.249697 -0.967805 -0.0317164
vt 27.9913 -12.0142
vt 29.3507 -13.2784
f 416/963/249 411/964/244 415/965/248

v 49.74 17.2297 -11.9317
vt 29.9968 -6.13642
vn -0.144806 -0.989418 -0.00909353
vt 31.1152 -5.98187
vt 31.3728 -6.53216
f 417/966/250 411/967/244 416/968/249

v 49.5684 17.3755 -12.9239
vt 28.8539 -4.95688
vn 0.199643 -0.928576 -0.312873
vt 31.7161 -5.39883
vt 30.6097 -5.62389
f 418/969/251 411/970/244 417/971/250

vt 29.2387 -1.72923
vt 28.8258 -1.01277
vt 32.1222 -1.99974
f 418/972/251 409/973/242 411/974/244

vt 29.3297 -1.22186
v 49.0609 17.541 -13.6589
vt 27.411 -0.990295
vn 0.270617 -0.901243 -0.338418
vt 28.9054 -0.512098
f 418/975/251 419/976/252 409/977/242

v 48.9309 17.6027 -12.9393
vt 20.2987 -19.7106
vn -0.342609 -0.916491 0.206551
vt 19.8418 -18.8088
vt 21.2754 -20.1048
f 420/978/253 419/979/252 418/980/251

v 48.5004 17.6838 -13.4197
vt 26.1516 -6.83386
vn -0.281094 -0.941878 0.18399
vt 26.6927 -6.53297
vt 27.5286 -7.10152
f 421/981/254 419/982/252 420/983/253

vt 26.3145 -6.26026
v 48.4919 17.6302 -14.4159
vt 24.8442 -5.54778
vn 0.205737 -0.941546 -0.266767
vt 26.8486 -5.94712
f 421/984/254 422/985/255 419/986/252

v 47.7824 17.7401 -14.1437
vt 24.8343 -1.88909
vn -0.279589 -0.938444 0.202862
vt 25.4799 -1.40357
vt 27.0423 -1.88128
f 423/987/256 422/988/255 421/989/254

vt 24.9514 0.237259
vt 24.1543 0.34108
vt 25.552 0.777359
f 423/990/256 367/991/200 422/992/255

v 47.327 17.895 -14.1998
vt -15.5618 -18.4285
vn -0.550206 -0.69043 0.469658
vt -15.2433 -18.6414
vt -15.8229 -19.1984
f 424/993/257 367/994/200 423/995/256

vt -20.6531 0.922014
vt -24.1493 0.530252
vt -24.1776 0.912243
f 365/996/198 367/997/200 424/998/257

v 46.1492 18.1397 -15.207
vt -20.8352 1.69188
vn -0.652193 -0.492352 0.576397
vt -20.6508 1.3129
vt -24.1753 1.31199
f 425/999/258 365/1000/198 424/1001/257

vt -20.8253 1.8338
vt -17.4114 1.67132
vt -20.6435 1.45356
f 425/1002/258 370/1003/203 365/1004/198

v 45.0383 18.2938 -16.4203
vt -17.2714 2.00566
vn -0.646518 -0.47144 0.599799
vt -17.4185 1.61684
vt -20.8332 1.76091
f 426/1005/259 370/1006/203 425/1007/258

vt -16.6707 5.00987
vt -15.3031 4.41752
vt -16.8836 4.6528
f 426/1008/259 371/1009/204 370/1010/203

v 44.4615 18.1631 -16.9917
vt -12.3633 9.6166
vn -0.632821 -0.422075 0.649146
vt -12.8057 9.44739
vt -13.89 10.4698
f 427/1011/260 371/1012/204 426/1013/259

vt -13.4486 8.067
vt -12.9488 7.51519
vt -13.8672 7.8454
f 427/1014/260 373/1015/206 371/1016/204

vt -15.6201 0.767879
v 43.878 18.3162 -17.6426
vt -13.74 1.09231
vn -0.636592 -0.518032 0.571309
vt -14.9168 0.523581
f 427/1017/260 428/1018/261 373/1019/206

v 44.0838 18.6131 -16.7164
vt -15.4113 2.43781
vn -0.679165 -0.16622 0.714917
vt -13.664 2.13871
vt -15.5608 1.93324
f 429/1020/262 428/1021/261 427/1022/260

v 43.2977 19.0471 -17.3071
vt -13.3273 2.77184
vn -0.722437 -0.0662626 0.688255
vt -13.6893 1.96831
vt -15.4406 2.24333
f 430/1023/263 428/1024/261 429/1025/262

vt -12.4421 5.00077
v 43.0697 18.3916 -18.0412
vt -11.0965 4.16979
vn -0.669517 -0.385011 0.635227
vt -12.9424 4.27526
f 430/1026/263 431/1027/264 428/1028/261

v 42.7237 18.4651 -18.3798
vt -10.6155 2.7021
vn -0.705605 -0.241111 0.666324
vt -11.6685 2.64927
vt -13.0857 3.35111
f 432/1029/265 431/1030/264 430/1031/263

vt -10.7766 2.57102
v 43.2441 18.0372 -18.686
vt -11.0877 2.03354
vn -0.443372 -0.81796 0.366556
vt -11.8257 2.46596
f 432/1032/265 433/1033/266 431/1034/264

vt -10.6303 3.14476
v 42.7763 18.0988 -19.1345
vt -9.56483 2.66889
vn -0.461283 -0.805257 0.372531
vt -10.9695 2.6246
f 432/1035/265 434/1036/267 433/1037/266

v 41.7518 18.847 -18.9554
vt -8.38673 3.1482
vn -0.713608 -0.230071 0.661687
vt -9.67118 2.24895
vt -10.7567 2.67719
f 435/1038/268 434/1039/267 432/1040/265

vt -8.16791 3.66349
v 42.1402 18.2335 -19.612
vt -7.79589 2.9436
vn -0.550146 -0.652479 0.521163
vt -9.50642 2.8469
f 435/1041/268 436/1042/269 434/1043/267

v 41.4476 18.3496 -19.869
vt -5.75923 4.01333
vn -0.686707 -0.251885 0.6819
vt -7.22233 4.06999
vt -7.48538 4.83644
f 437/1044/270 436/1045/269 435/1046/268

vt -5.751 4.04701
vt -5.4963 3.44544
vt -7.21399 4.10632
f 437/1047/270 382/1048/215 436/1049/269

vt -4.34338 5.42469
vt -2.85186 3.95904
vt -4.2538 4.77758
f 437/1050/270 384/1051/217 382/1052/215

v 40.7978 18.2498 -20.3331
vt -4.11253 3.48065
vn -0.703975 -0.102058 0.702854
vt -3.96533 2.75271
vt -5.77992 3.79194
f 438/1053/271 384/1054/217 437/1055/270

vt -3.91274 3.65415
v 40.5391 17.6646 -21.051
vt -2.58431 2.80495
vn -0.615593 -0.463243 0.637535
vt -3.79535 2.92082
f 438/1056/271 439/1057/272 384/1058/217

v 40.3871 18.5694 -20.5469
vt -3.71478 2.70193
vn -0.718913 0.066067 0.691953
vt -3.25357 1.76312
vt -4.69656 2.39846
f 440/1059/273 439/1060/272 438/1061/271

vt -3.4417 2.93275
v 39.9033 17.821 -21.4002
vt -1.50483 2.03257
vn -0.723648 0.0795197 0.685573
vt -3.02405 1.97378
f 440/1062/273 441/1063/274 439/1064/272

vt -3.91504 1.953
v 40.7988 20.3534 -19.7071
vt -5.68033 3.83364
vn -0.735421 0.182427 0.652592
vt -1.9253 1.1766
f 440/1065/273 442/1066/275 441/1067/274

v 40.8847 19.0714 -19.8494
vt -5.5633 2.65253
vn -0.719063 0.0620994 0.692165
vt -5.52495 4.00159
vt -3.78257 2.09971
f 443/1068/276 442/1069/275 440/1070/273

vt -5.74291 3.89918
vt -5.75608 2.54964
v 41.1775 19.4147 -19.2351
vt -7.12853 2.88338
vn -0.740291 0.0226135 0.671906
f 442/1071/275 443/1072/276 444/1073/277

vt -6.83198 3.77077
vt -5.47454 3.38043
vt -6.36486 2.66188
f 444/1074/277 443/1075/276 437/1076/270

vt -5.13423 3.43657
vt -4.37951 2.53591
vt -6.06022 2.76462
f 443/1077/276 438/1078/271 437/1079/270

vt -3.61231 2.55792
vt -4.59878 2.27007
vt -5.38156 3.14645
f 440/1080/273 438/1081/271 443/1082/276

vt -7.01784 3.51832
vt -6.51541 2.42498
vt -8.35873 2.9341
f 444/1083/277 437/1084/270 435/1085/268

v 41.3626 19.7644 -18.5368
vt -8.4344 3.82003
vn -0.733441 0.00737567 0.679713
vt -7.08692 3.47619
vt -8.41996 2.87426
f 445/1086/278 444/1087/277 435/1088/268

vt -8.61154 3.27453
v 41.0506 21.0331 -18.4116
vt -8.27001 4.59817
vn -0.728574 0.124444 0.673568
vt -7.25404 2.97263
f 445/1089/278 446/1090/279 444/1091/277

v 41.9549 19.4109 -18.1289
vt -9.60789 3.40464
vn -0.707671 0.022256 0.706191
vt -7.61859 5.00466
vt -8.04386 3.7055
f 447/1092/280 446/1093/279 445/1094/278

vt -9.6481 3.40333
v 41.451 21.1245 -18.0067
vt -8.88333 5.15055
vn -0.693285 0.169092 0.700545
vt -7.66472 5.01069
f 447/1095/280 448/1096/281 446/1097/279

v 42.0786 20.4642 -17.7868
vt -9.92765 4.67987
vn -0.694352 0.135559 0.706752
vt -8.55086 5.26876
vt -9.35777 3.5406
f 449/1098/282 448/1099/281 447/1100/280

vt -9.68145 4.37164
v 42.027 22.257 -17.6889
vt -9.49718 6.27327
vn -0.689871 0.215462 0.691126
vt -8.29682 4.94187
f 449/1101/282 450/1102/283 448/1103/281

v 42.863 20.2372 -17.0784
vt -12.5619 3.96935
vn -0.712623 0.115384 0.691994
vt -10.1287 6.03432
vt -10.2593 4.12825
f 451/1104/284 450/1105/283 449/1106/282

vt -12.6198 3.97622
v 43.1888 21.8917 -16.5535
vt -13.7411 5.76319
vn -0.698104 0.208726 0.684898
vt -10.1939 6.04979
f 451/1107/284 452/1108/285 450/1109/283

v 43.8318 20.6861 -15.9967
vt -15.7385 4.48491
vn -0.711119 0.138358 0.689324
vt -13.7778 5.71836
vt -12.6528 3.93379
f 453/1110/286 452/1111/285 451/1112/284

vt -15.6832 4.47083
v 44.5486 22.2839 -15.1993
vt -17.8179 6.24558
vn -0.696019 0.233747 0.678911
vt -13.7186 5.69791
f 453/1113/286 454/1114/287 452/1115/285

v 45.3955 21.3705 -14.2327
vt -20.7952 5.13254
vn -0.705829 0.183158 0.684295
vt -17.9237 6.0635
vt -15.7799 4.29985
f 455/1116/288 454/1117/287 453/1118/286

v 46.7688 21.9947 -12.7524
vt -25.0696 5.87578
vn -0.705303 0.220941 0.673597
vt -17.9039 6.03563
vt -20.7763 5.10728
f 456/1119/289 454/1120/287 455/1121/288

vt -25.064 5.68184
v 47.1297 23.6173 -12.6605
vt -25.5687 7.49242
vn -0.689897 0.268887 0.672117
vt -17.8983 5.84022
f 456/1122/289 457/1123/290 454/1124/287

vt -25.1439 5.60182
v 47.8289 22.7476 -11.6126
vt -28.4268 6.47736
vn -0.673969 0.244473 0.697136
vt -25.653 7.41116
f 456/1125/289 458/1126/291 457/1127/290

vt -25.1186 5.69972
v 47.3687 20.6804 -11.8519
vt -27.5612 4.29113
vn -0.699716 0.148676 0.69878
vt -28.4008 6.57812
f 456/1128/289 459/1129/292 458/1130/291

v 46.751 20.0429 -12.7438
vt -25.4115 3.59289
vn -0.732666 0.106221 0.672248
vt -27.6666 4.27498
vt -25.232 5.69734
f 460/1131/293 459/1132/292 456/1133/289

v 47.4188 19.0475 -12.4643
vt -26.7458 3.5109
vn -0.721133 -0.033179 0.692002
vt -27.4428 5.2173
vt -25.2005 4.4941
f 461/1134/294 459/1135/292 460/1136/293

vt -26.5094 4.12035
v 47.9335 19.0843 -12.0536
vt -27.9144 4.23541
vn -0.705483 0.0466912 0.707187
vt -27.1712 5.8407
f 461/1137/294 462/1138/295 459/1139/292

vt -27.8523 4.83455
vt -26.448 4.71214
v 48.4673 18.3656 -12.0884
vt -28.7005 4.14811
vn -0.724647 -0.121219 0.678375
f 462/1140/295 461/1141/294 463/1142/296

vt -29.0387 3.17891
vt -26.8185 3.85916
v 48.2874 17.9093 -12.8952
vt -27.5555 2.66705
vn -0.669263 -0.440129 0.598642
f 463/1143/296 461/1144/294 464/1145/297

v 47.1937 18.5209 -13.2684
vt -25.1118 4.10017
vn -0.7265 -0.140421 0.672666
vt -27.4079 3.5548
vt -26.6316 4.72169
f 465/1146/298 464/1147/297 461/1148/294

vt -25.3091 3.15613
v 47.5949 18.0573 -13.5304
vt -25.54 2.64618
vn -0.635563 -0.524352 0.566669
vt -27.5794 2.5115
f 465/1149/298 466/1150/299 464/1151/297

v 47.0324 18.2822 -13.826
vt -24.1501 3.35964
vn -0.711872 -0.264295 0.650682
vt -25.476 3.14805
vt -25.2351 3.65333
f 467/1152/300 466/1153/299 465/1154/298

vt -24.2307 2.78864
vt -24.1179 2.33919
vt -25.551 2.54434
f 467/1155/300 424/1156/257 466/1157/299

vt -20.7392 2.80085
vt -24.0936 2.58014
vt -24.2018 3.03069
f 425/1158/258 424/1159/257 467/1160/300

v 45.8241 18.581 -14.9133
vt -20.7038 3.05796
vn -0.722025 -0.177124 0.668811
vt -20.7674 2.57474
vt -24.2322 2.76937
f 468/1161/301 425/1162/258 467/1163/300

vt -20.7117 3.00676
vt -17.2065 2.65878
vt -20.7741 2.52339
f 468/1164/301 426/1165/259 425/1166/258

v 44.6373 18.7543 -16.1918
vt -16.9262 3.16732
vn -0.719215 -0.12604 0.683259
vt -17.2057 2.66439
vt -20.7107 3.01344
f 469/1167/302 426/1168/259 468/1169/301

vt -16.4206 4.83375
vt -15.0239 4.08234
vt -16.7503 4.36232
f 469/1170/302 427/1171/260 426/1172/259

v 43.8071 19.4382 -16.4014
vt -15.1816 4.11185
vn -0.696215 0.00915 0.717775
vt -15.3788 2.79301
vt -16.8241 3.44599
f 470/1173/303 427/1174/260 469/1175/302

vt -7.41538 7.2445
vt -7.7534 6.46941
vt -8.16524 6.14179
f 470/1176/303 429/1177/262 427/1178/260

vt -15.2445 3.76577
vt -13.1095 3.32734
vt -15.2495 2.92019
f 470/1179/303 430/1180/263 429/1181/262

vt -12.7496 4.3379
vt -13.1553 3.12214
vt -15.2935 3.54433
f 451/1182/284 430/1183/263 470/1184/303

vt -12.4688 4.70444
v 42.2778 19.5101 -17.9523
vt -10.325 3.85989
vn -0.705294 0.0232875 0.708532
vt -12.9141 3.50262
f 451/1185/284 471/1186/304 430/1187/263

vt -10.3026 4.50793
vt -10.4498 3.5258
vt -12.6047 4.34151
f 449/1188/282 471/1189/304 451/1190/284

vt -9.13442 3.77142
vt -9.87985 3.94588
vt -9.68568 4.91981
f 447/1191/280 471/1192/304 449/1193/282

vt -8.81383 4.82533
vt -9.78798 3.96795
vt -9.55404 5.02074
f 447/1194/280 432/1195/265 471/1196/304

vt -9.65937 4.142
vt -8.13609 3.49573
vt -10.5319 3.18137
f 447/1197/280 435/1198/268 432/1199/265

vt -8.28656 4.04142
vt -8.29715 3.0956
vt -9.84053 3.69228
f 445/1200/278 435/1201/268 447/1202/280

vt -10.4204 4.04216
vt -10.5433 2.97071
vt -13.0047 3.65211
f 471/1203/304 432/1204/265 430/1205/263

vt -15.6645 4.83936
vt -12.5818 4.27174
vt -15.1397 3.52457
f 453/1206/286 451/1207/284 470/1208/303

vt -15.5762 4.96916
vt -15.0605 3.65077
v 44.4228 19.5168 -15.8411
vt -16.8445 3.80882
vn -0.718939 0.0327224 0.694303
f 453/1209/286 470/1210/303 472/1211/305

vt -14.9667 4.37684
vt -16.6294 3.76302
vt -16.7491 4.55253
f 470/1212/303 469/1213/302 472/1214/305

vt -17.0585 3.79868
vt -16.9047 3.01509
v 45.5322 19.256 -14.6777
vt -20.5573 3.57699
vn -0.725748 0.0162592 0.687769
f 472/1215/305 469/1216/302 473/1217/306

vt -20.5387 3.68754
vt -16.888 3.11361
vt -20.6738 2.99647
f 473/1218/306 469/1219/302 468/1220/301

vt -20.535 3.70072
vt -20.6705 3.00973
v 46.7995 18.9341 -13.4396
vt -24.3928 3.43434
vn -0.733013 0.00772862 0.68017
f 473/1221/306 468/1222/301 474/1223/307

vt -20.6412 3.22447
vt -24.1738 2.99253
vt -24.3609 3.6713
f 468/1224/301 467/1225/300 474/1226/307

vt -24.5386 2.51716
vt -24.32 1.84788
vt -25.4207 2.07598
f 474/1227/307 467/1228/300 465/1229/298

vt -24.3711 3.40388
vt -25.2703 2.99867
vt -25.2691 4.55791
f 474/1230/307 465/1231/298 460/1232/293

vt -25.4624 3.72726
vt -25.4126 2.16881
vt -26.9704 2.68779
f 460/1233/293 465/1234/298 461/1235/294

v 46.6399 20.4033 -13.0344
vt -24.8385 2.81494
vn -0.724724 0.150061 0.672501
vt -24.485 1.31317
vt -25.4819 2.38295
f 475/1236/308 474/1237/307 460/1238/293

v 45.432 20.0315 -14.4223
vt -20.6185 4.33688
vn -0.715971 0.109723 0.689453
vt -24.3166 3.30706
vt -24.5462 4.8327
f 476/1239/309 474/1240/307 475/1241/308

vt -20.6586 4.33321
vt -20.4931 3.53095
vt -24.3525 3.2884
f 476/1242/309 473/1243/306 474/1244/307

vt -15.7921 4.80916
vt -20.5372 3.41411
vt -20.707 4.21546
f 453/1245/286 473/1246/306 476/1247/309

vt -15.7778 4.80946
vt -17.0251 3.62651
vt -20.525 3.42165
f 453/1248/286 472/1249/305 473/1250/306

vt -20.6455 4.01379
vt -20.7399 5.42801
vt -15.7272 4.57915
f 476/1251/309 455/1252/288 453/1253/286

vt -20.6705 3.97457
vt -24.6003 4.45299
vt -20.7676 5.38861
f 476/1254/309 475/1255/308 455/1256/288

vt -24.5665 4.40918
vt -25.0231 6.1146
vt -20.7316 5.33625
f 475/1257/308 456/1258/289 455/1259/288

vt -24.8815 3.61348
vt -25.5353 3.19745
vt -25.389 5.30446
f 475/1260/308 460/1261/293 456/1262/289

vt -23.6589 5.23253
vt -24.4604 5.09652
vt -25.0569 5.60845
f 424/1263/257 423/1264/256 466/1265/299

vt -25.4584 3.32526
vt -24.8181 2.86933
vt -27.0261 2.87665
f 466/1266/299 423/1267/256 421/1268/254

vt -25.6054 -0.901815
vt -27.0814 -1.59482
vt -27.612 -1.29024
f 466/1269/299 421/1270/254 464/1271/297

vt -27.561 -1.96583
vt -27.0229 -2.25698
vt -28.4016 -2.51597
f 464/1272/297 421/1273/254 420/1274/253

vt -27.6577 0.68663
vt -28.5461 0.217593
v 48.6994 17.8424 -12.4838
vt -28.9161 0.556383
vn -0.674333 -0.485055 0.556774
f 464/1275/297 420/1276/253 477/1277/310

vt -27.992 -6.221
vt -27.5502 -6.45872
v 49.2011 17.4677 -12.6176
vt -28.4132 -6.80388
vn -0.341417 -0.929515 0.139417
f 477/1278/310 420/1279/253 478/1280/311

vt 24.0658 -14.3151
vt 25.1028 -14.4995
vt 24.8831 -14.7576
f 420/1281/253 418/1282/251 478/1283/311

v 49.3389 17.3471 -12.2295
vt 24.3123 -16.8708
vn -0.548151 -0.738859 0.39194
vt 23.6577 -16.3347
vt 23.8948 -16.0926
f 479/1284/312 478/1285/311 418/1286/251

vt -23.5268 -17.8268
vt -22.7031 -16.5927
vt -22.8711 -17.2919
f 479/1287/312 477/1288/310 478/1289/311

vt -29.1383 2.1946
vt -28.9008 1.64402
vt -30.2865 1.11371
f 463/1290/296 477/1291/310 479/1292/312

vt -27.5591 2.63524
vt -28.8234 2.58749
vt -29.0429 3.14551
f 464/1293/297 477/1294/310 463/1295/296

vt -29.1685 1.07626
vt -30.2757 -0.0466646
v 49.7052 17.4124 -11.4091
vt -32.1092 -0.0375414
vn -0.741295 -0.196013 0.64192
f 463/1296/296 479/1297/312 480/1298/313

vt -30.2814 -0.449671
vt -31.3437 -0.648956
vt -32.1148 -0.430696
f 479/1299/312 417/1300/250 480/1301/313

vt 29.0312 -7.53146
vt 28.3857 -6.92881
vt 30.0991 -7.69807
f 479/1302/312 418/1303/251 417/1304/250

vt -31.7022 -3.57554
vt -30.9102 -3.69799
vt -32.2708 -4.14398
f 480/1305/313 417/1306/250 416/1307/249

vt -24.4661 -18.1969
vt -24.7181 -18.9605
v 50.386 16.5914 -10.8572
vt -25.6875 -19.9408
vn -0.678011 -0.566536 0.468335
f 480/1308/313 416/1309/249 481/1310/314

vt 6.8034 -30.1032
vt 7.2394 -31.4169
vt 7.09998 -31.4497
f 416/1311/249 415/1312/248 481/1313/314

vt 20.0522 -27.305
vt 20.1669 -27.2192
v 50.603 16.5171 -10.4758
vt 20.6069 -28.0566
vn -0.66943 -0.0970731 0.736506
f 481/1314/314 415/1315/248 482/1316/315

vt -31.153 -15.0632
vt -30.2636 -14.7407
vt -31.0972 -15.2296
f 482/1317/315 415/1318/248 414/1319/247

vt -9.82451 14.3774
vt -9.9897 14.318
v 50.8219 16.6884 -10.5641
vt -9.97795 14.6687
vn 0.429658 0.0175704 0.902821
f 482/1320/315 414/1321/247 483/1322/316

vt 29.9921 1.92769
vt 29.845 1.60918
v 51.0167 16.9273 -10.8433
vt 29.7591 2.29646
vn 0.880407 -0.21325 -0.423566
f 483/1323/316 414/1324/247 484/1325/317

vt 33.1634 1.80522
vt 34.8531 1.11398
vt 34.9033 0.423159
f 412/1326/245 484/1327/317 414/1328/247

vt 33.1281 1.76754
v 51.5605 18.6449 -12.2127
vt 33.243 3.34645
vn 0.733352 -0.355033 -0.579781
vt 34.8188 1.07849
f 412/1329/245 485/1330/318 484/1331/317

vt 33.0458 1.85
v 51.1686 18.57 -13.9946
vt 29.7375 3.60639
vn 0.658489 -0.457865 -0.597287
vt 33.157 3.42918
f 412/1332/245 486/1333/319 485/1334/318

vt 33.3026 1.40379
vt 30.4731 1.8354
vt 30.0399 3.2434
f 412/1335/245 410/1336/243 486/1337/319

vt 30.4474 2.13332
vt 28.1713 2.67588
vt 30.0003 3.53699
f 410/1338/243 408/1339/241 486/1340/319

vt 29.9196 3.97325
vt 28.1012 3.09006
vt 27.317 4.67571
f 486/1341/319 408/1342/241 405/1343/238

vt 29.756 3.96523
vt 27.144 4.63201
vt 27.9044 6.94653
f 486/1344/319 405/1345/238 403/1346/236

vt 27.6852 7.06626
v 52.3486 20.5211 -14.1232
vt 30.8365 6.57312
vn 0.699644 -0.410989 -0.584454
vt 29.5606 4.09984
f 403/1347/236 487/1348/320 486/1349/319

vt 27.7094 7.16142
v 53.093 21.8262 -15.504
vt 29.5545 8.59074
vn 0.700146 -0.347944 -0.623483
vt 30.8603 6.66574
f 403/1350/236 488/1351/321 487/1352/320

vt 26.8417 8.7834
vt 30.1489 7.48257
vt 28.2798 6.08475
f 402/1353/235 488/1354/321 403/1355/236

vt 26.797 8.6371
v 53.2157 23.4387 -16.0726
vt 29.2264 9.19038
vn 0.707722 -0.317262 -0.631249
vt 30.1034 7.33405
f 402/1356/235 489/1357/322 488/1358/321

v 53.6585 24.8859 -16.7304
vt 28.6102 11.3035
vn 0.691636 -0.312552 -0.651115
vt 29.1539 9.5069
vt 26.7246 8.95327
f 490/1359/323 489/1360/322 402/1361/235

v 53.9825 24.7974 -15.6139
vt 30.7625 11.1036
vn 0.726888 -0.307033 -0.6143
vt 29.0475 9.53834
vt 28.5003 11.3338
f 491/1362/324 489/1363/322 490/1364/323

vt 30.4199 11.5966
v 53.4331 23.5861 -14.8486
vt 30.9869 9.98439
vn 0.739904 -0.335099 -0.58331
vt 28.7153 10.02
f 491/1365/324 492/1366/325 489/1367/322

vt 29.9493 11.7066
v 53.792 24.4231 -14.6268
vt 31.3208 11.0464
vn 0.754597 -0.338342 -0.562235
vt 30.5293 10.0991
f 491/1368/324 493/1369/326 492/1370/325

v 54.0449 25.6431 -15.0213
vt 30.1375 10.858
vn 0.760664 -0.264215 -0.592943
vt 30.4964 9.41191
vt 29.1238 10.07
f 494/1371/327 493/1372/326 491/1373/324

vt 29.0816 10.3576
v 53.812 25.4593 -14.164
vt 30.1872 9.91461
vn 0.801135 -0.315153 -0.508784
vt 29.4295 8.9089
f 494/1374/327 495/1375/328 493/1376/326

v 54.2447 27.191 -14.544
vt 30.3945 12.8662
vn 0.758978 -0.305363 -0.57507
vt 30.5179 10.834
vt 29.4115 11.2753
f 496/1377/329 495/1378/328 494/1379/327

vt 30.0657 10.7716
vt 29.9446 12.8039
v 54.0197 27.1228 -13.7631
vt 30.9366 12.5028
vn 0.807302 -0.398058 -0.435676
f 495/1380/328 496/1381/329 497/1382/330

v 54.5807 28.7045 -14.1195
vt 31.3637 15.5782
vn 0.749778 -0.330767 -0.573084
vt 31.2982 13.6688
vt 30.3063 13.9702
f 498/1383/331 497/1384/330 496/1385/329

vt 30.8613 13.7423
vt 30.9231 15.6519
v 54.6213 29.3582 -13.637
vt 31.7376 16.2529
vn 0.802914 -0.440919 -0.401148
f 497/1386/330 498/1387/331 499/1388/332

v 55.2182 31.373 -13.8294
vt 32.2973 18.3219
vn 0.760005 -0.246113 -0.601515
vt 31.9328 15.9812
vt 31.1179 15.3807
f 500/1389/333 499/1390/332 498/1391/331

vt 32.1012 18.3693
v 55.1046 31.4419 -13.3873
vt 32.6782 18.3162
vn 0.688117 -0.319761 0.651343
vt 31.7381 16.0283
f 500/1392/333 501/1393/334 499/1394/332

vt 32.4007 15.0549
vt 31.8238 15.1087
v 55.1531 31.7954 -13.4998
vt 32.2768 15.471
vn 0.741983 0.288327 0.605251
f 501/1395/334 500/1396/333 502/1397/335

vt 30.6407 17.4251
vt 30.1839 17.0677
v 55.2054 32.004 -13.546
vt 30.6268 17.6701
vn 0.465446 0.881849 0.0755135
f 502/1398/335 500/1399/333 503/1400/336

v 55.0986 31.917 -13.8128
vt 34.7408 16.6056
vn 0.67702 0.319697 -0.662901
vt 35.3137 16.6779
vt 34.9317 16.0352
f 504/1401/337 503/1402/336 500/1403/333

v 55.0204 32.0021 -13.6
vt -8.35471 35.9956
vn -0.407713 0.815162 0.411439
vt -8.35867 36.3631
vt -8.17364 35.8161
f 505/1404/338 503/1405/336 504/1406/337

vt -34.7673 15.0684
vt -34.4029 15.0199
v 54.6816 31.6285 -13.2996
vt -34.3846 14.427
vn -0.573653 0.372505 0.729494
f 503/1407/336 505/1408/338 506/1409/339

vt -34.733 15.7459
v 53.6346 31.3449 -13.5248
vt -32.8318 14.554
vn -0.598519 0.48692 0.636148
vt -34.7274 15.1528
f 505/1410/338 507/1411/340 506/1412/339

vt -32.9819 14.4565
vt -34.8667 15.6743
v 53.7507 31.6616 -13.9891
vt -32.3979 14.9625
vn -0.47299 0.734453 0.486682
f 507/1413/340 505/1414/338 508/1415/341

vt -29.8581 19.114
vt -31.8729 20.7083
v 54.5846 31.7542 -14.1498
vt -30.5204 20.0358
vn 0.487408 0.725769 -0.485482
f 508/1416/341 505/1417/338 509/1418/342

vt -20.5123 31.7386
vt -20.2776 31.6392
vt -19.642 30.5041
f 505/1419/338 504/1420/337 509/1421/342

vt 33.7665 19.7903
v 54.7977 30.7911 -14.6731
vt 32.2092 18.4484
vn 0.727946 -0.105683 -0.677441
vt 32.5032 19.4799
f 504/1422/337 510/1423/343 509/1424/342

vt 33.0835 16.1952
vt 34.7786 17.3581
vt 34.98 16.7913
f 510/1425/343 504/1426/337 500/1427/333

v 54.4575 28.3602 -14.906
vt 32.3576 14.0877
vn 0.733528 -0.258229 -0.628692
vt 33.0129 16.7304
vt 34.918 17.2984
f 511/1428/344 510/1429/343 500/1430/333

vt 32.3092 14.0272
v 53.9398 29.0332 -16.4725
vt 29.0024 14.9186
vn 0.729148 -0.155115 -0.666545
vt 32.9712 16.6682
f 511/1431/344 512/1432/345 510/1433/343

v 54.0237 26.539 -15.852
vt 30.2878 11.9299
vn 0.742191 -0.218199 -0.633674
vt 28.9759 14.705
vt 32.2814 13.8091
f 513/1434/346 512/1435/345 511/1436/344

vt 29.9617 11.3108
v 53.7687 27.1638 -17.2998
vt 27.228 12.2145
vn 0.745637 -0.170996 -0.644038
vt 28.6863 14.1029
f 513/1437/346 514/1438/347 512/1439/345

v 53.8294 25.5124 -16.6921
vt 28.4311 10.4937
vn 0.717257 -0.253811 -0.64894
vt 27.2583 12.3765
vt 29.9929 11.4758
f 515/1440/348 514/1441/347 513/1442/346

vt 29.0166 11.7661
v 53.2186 27.032 -17.8942
vt 26.0622 13.4407
vn 0.68631 -0.25345 -0.68172
vt 27.7971 13.6189
f 515/1443/348 516/1444/349 514/1445/347

vt 28.7615 10.9951
vt 26.0569 13.3785
vt 29.0095 11.7008
f 490/1446/323 516/1447/349 515/1448/348

vt 28.7725 11.1097
v 52.401 25.1673 -18.1007
vt 24.7255 11.3197
vn 0.680882 -0.280495 -0.676552
vt 26.062 13.4864
f 490/1449/323 517/1450/350 516/1451/349

vt 26.8806 8.77689
vt 24.7252 11.3319
vt 28.7722 11.1222
f 402/1452/235 517/1453/350 490/1454/323

v 50.8115 23.9751 -19.2791
vt 20.6454 9.84382
vn 0.677719 -0.306339 -0.668471
vt 24.7259 11.3253
vt 26.8807 8.76984
f 518/1455/351 517/1456/350 402/1457/235

v 51.1453 26.571 -19.6389
vt 20.2893 12.7623
vn 0.694284 -0.233122 -0.6809
vt 24.7215 11.3302
vt 20.6427 9.84435
f 519/1458/352 517/1459/350 518/1460/351

vt 20.2948 12.7075
v 52.5655 26.9113 -18.256
vt 24.5356 13.2019
vn 0.682025 -0.227147 -0.695159
vt 24.7253 11.2701
f 519/1461/352 520/1462/353 517/1463/350

vt 20.2894 12.5809
v 52.4669 28.3786 -18.2912
vt 24.1611 14.6443
vn 0.688563 -0.163903 -0.706411
vt 24.5292 13.0836
f 519/1464/352 521/1465/354 520/1466/353

vt 20.2934 12.5791
v 51.4667 28.5803 -19.2995
vt 21.0793 14.765
vn 0.710639 -0.134657 -0.69055
vt 24.1685 14.6359
f 519/1467/352 522/1468/355 521/1469/354

v 50.0346 28.3915 -20.7376
vt 16.7171 14.4386
vn 0.713143 -0.14406 -0.686057
vt 21.0784 14.7687
vt 20.2929 12.5826
f 523/1470/356 522/1471/355 519/1472/352

vt 21.0627 14.2316
vt 16.7029 13.8821
v 50.5936 29.8764 -19.6206
vt 19.1056 15.5009
vn 0.722252 0.0272478 -0.691093
v 51.2445 30.0228 -18.9417
vt 21.1194 15.7234
vn 0.719045 0.0344671 -0.694109
f 522/1473/355 523/1474/356 524/1475/357 525/1476/358 

vt 19.139 15.4862
vt 16.7228 13.8875
v 48.7593 30.2503 -21.4643
vt 13.4819 15.7371
vn 0.7314 0.0485226 -0.68022
f 524/1477/357 523/1478/356 526/1479/359

vt 13.5304 15.0782
vt 16.7364 13.1687
v 48.2234 29.9908 -22.375
vt 11.3288 14.811
vn 0.732202 -0.0401936 -0.6799
f 526/1480/359 523/1481/356 527/1482/360

v 48.2967 29.0513 -22.6947
vt 11.0189 14.1934
vn 0.725375 -0.13378 -0.675229
vt 11.3182 15.1664
vt 16.7362 13.5585
f 528/1483/361 527/1484/360 523/1485/356

vt 11.3429 15.0188
vt 11.0228 14.0525
v 47.9641 29.7584 -22.9615
vt 10.0528 14.805
vn 0.735933 -0.0335999 -0.67622
f 527/1486/360 528/1487/361 529/1488/362

vt 10.0516 14.9451
vt 11.0253 14.1972
v 47.944 28.7697 -23.4048
vt 9.40876 13.9277
vn 0.72372 -0.150959 -0.673381
f 529/1489/362 528/1490/361 530/1491/363

vt 9.4032 14.3966
vt 11.0212 14.657
v 48.338 27.682 -22.7475
vt 11.1179 13.1964
vn 0.709087 -0.211211 -0.672745
f 530/1492/363 528/1493/361 531/1494/364

vt 11.135 13.4286
vt 11.0106 14.8871
vt 16.7311 14.2826
f 531/1495/364 528/1496/361 523/1497/356

v 49.3012 26.3389 -21.5038
vt 14.6588 12.1406
vn 0.694282 -0.246121 -0.676311
vt 11.1367 13.5517
vt 16.7342 14.3961
f 532/1498/365 531/1499/364 523/1500/356

v 48.1633 26.0323 -22.7378
vt 11.0671 11.8219
vn 0.695684 -0.25988 -0.669691
vt 11.1341 13.6335
vt 14.659 12.2292
f 533/1501/366 531/1502/364 532/1503/365

v 47.5291 28.2606 -24.0253
vt 7.8701 14.211
vn 0.700615 -0.186688 -0.688684
vt 11.1361 13.5678
vt 11.0578 11.7567
f 534/1504/367 531/1505/364 533/1506/366

vt 9.41064 14.6287
vt 11.1341 13.4411
vt 7.86902 14.0891
f 530/1507/363 531/1508/364 534/1509/367

v 47.5693 29.721 -23.6219
vt 8.40795 15.3029
vn 0.717416 -0.0544349 -0.694515
vt 9.40467 14.3211
vt 7.86873 13.7655
f 535/1510/368 530/1511/363 534/1512/367

vt 8.42965 14.9268
vt 10.0507 14.9467
vt 9.40961 13.9282
f 535/1513/368 529/1514/362 530/1515/363

v 47.3077 30.9647 -22.8745
vt 9.11844 14.8436
vn 0.723428 0.188354 -0.66421
vt 10.0501 13.5975
vt 8.42904 13.5755
f 536/1516/369 529/1517/362 535/1518/368

v 47.7452 30.7455 -22.4218
vt 10.4847 14.7508
vn 0.735979 0.132665 -0.663878
vt 10.046 13.7407
vt 9.10537 14.98
f 537/1519/370 529/1520/362 536/1521/369

v 48.0166 30.6861 -22.0688
vt 11.4494 14.6792
vn 0.735747 0.0928461 -0.670862
vt 10.0469 13.7348
vt 10.4869 14.7444
f 538/1522/371 529/1523/362 537/1524/370

vt 11.4475 14.6695
vt 11.3327 13.9573
vt 10.0461 13.7235
f 538/1525/371 527/1526/360 529/1527/362

vt 11.4234 14.7885
vt 13.517 14.3596
vt 11.3177 14.0749
f 538/1528/371 526/1529/359 527/1530/360

v 47.8366 31.1152 -21.6887
vt 11.7825 12.6365
vn 0.704548 0.352218 -0.616079
vt 13.5477 11.6776
vt 11.4727 12.189
f 539/1531/372 526/1532/359 538/1533/371

v 49.0318 30.5153 -20.8256
vt 14.8926 13.6375
vn 0.72262 0.179427 -0.667552
vt 13.512 13.347
vt 11.7046 14.2239
f 540/1534/373 526/1535/359 539/1536/372

vt 14.8845 13.4701
vt 19.1595 12.8669
vt 13.5052 13.1738
f 540/1537/373 524/1538/357 526/1539/359

v 50.248 30.7466 -19.1488
vt 19.2849 14.2796
vn 0.689745 0.309647 -0.6545
vt 19.1519 13.3771
vt 14.874 13.959
f 541/1540/374 524/1541/357 540/1542/373

vt 19.1234 15.058
vt 21.0392 14.411
vt 19.03 14.1505
f 541/1543/374 525/1544/358 524/1545/357

v 50.8672 30.8537 -18.5066
vt 21.0538 15.0566
vn 0.681084 0.34761 -0.644431
vt 21.0561 14.1931
vt 19.1431 14.8482
f 542/1546/375 525/1547/358 541/1548/374

v 51.8044 30.6695 -17.7766
vt 23.6723 14.6922
vn 0.699542 0.235456 -0.674686
vt 21.1019 13.9169
vt 21.1109 14.7804
f 543/1549/376 525/1550/358 542/1551/375

vt 23.7448 15.02
v 52.0987 29.8589 -18.1109
vt 23.7484 14.1881
vn 0.701179 -0.0462189 -0.711485
vt 21.1587 14.2989
f 543/1552/376 544/1553/377 525/1554/358

vt 22.7651 17.9743
v 52.4963 29.6961 -18.069
vt 23.5739 17.0751
vn 0.695342 -0.049728 -0.716956
vt 22.8714 17.1491
f 543/1555/376 545/1556/378 544/1557/377

v 52.5136 30.7351 -17.0583
vt 25.8145 14.9552
vn 0.67149 0.342289 -0.657221
v 53.1988 29.7894 -17.333
vt 26.5368 14.0043
vn 0.748696 0.0186385 -0.662651
vt 24.3528 13.8074
vt 23.6445 14.7876
f 546/1558/379 547/1559/380 545/1560/378 543/1561/376 

v 53.2118 31.0314 -16.1599
vt 28.1947 15.5346
vn 0.687842 0.270807 -0.673451
vt 26.5196 14.1601
vt 25.7928 15.1076
f 548/1562/381 547/1563/380 546/1564/379

vt 28.2851 15.2421
v 53.4929 30.0811 -16.7584
vt 27.884 14.246
vn 0.728926 -0.00522779 -0.684572
vt 26.5831 13.901
f 548/1565/381 549/1566/382 547/1567/380

v 53.6981 30.5225 -16.1727
vt 28.9933 15.1046
vn 0.721473 0.000250786 -0.692443
vt 27.8327 14.5946
vt 28.219 15.5966
f 550/1568/383 549/1569/382 548/1570/381

vt 29.1121 13.8647
vt 27.9147 14.9724
vt 29.1059 15.4061
f 512/1571/345 549/1572/382 550/1573/383

vt 26.6209 15.0637
vt 27.9346 15.3562
vt 29.141 14.2582
f 547/1574/380 549/1575/382 512/1576/345

vt 27.7699 12.5745
vt 26.6259 15.3192
vt 29.1486 14.5218
f 514/1577/347 547/1578/380 512/1579/345

vt 16.9772 1.3598
v 53.5286 28.7459 -17.5138
vt 16.7355 3.23193
vn 0.757829 -0.0740001 -0.648243
vt 16.9008 4.33233
f 514/1580/347 551/1581/384 547/1582/380

vt 27.798 13.3366
v 53.1008 28.2312 -18.0168
vt 25.5674 14.4385
vn 0.690823 -0.181906 -0.699767
vt 26.9363 15.0161
f 514/1583/347 552/1584/385 551/1585/384

vt 26.0631 13.2391
vt 25.5654 14.5191
vt 27.7977 13.4206
f 516/1586/349 552/1587/385 514/1588/347

vt 24.3901 13.5107
vt 25.398 15.0297
vt 25.9191 13.7591
f 520/1589/353 552/1590/385 516/1591/349

vt 24.2651 13.6986
vt 23.8588 15.2497
vt 25.2626 15.2245
f 520/1592/353 521/1593/354 552/1594/385

vt 25.2697 15.2471
vt 23.866 15.2729
vt 24.0611 16.6802
f 552/1595/385 521/1596/354 545/1597/378

vt 23.3778 17.5103
vt 23.2313 16.0971
vt 22.6745 17.5758
f 545/1598/378 521/1599/354 544/1600/377

vt 23.7457 15.4802
vt 24.1743 13.9594
vt 21.0854 14.0956
f 544/1601/377 521/1602/354 522/1603/355

vt 23.7376 15.4817
vt 21.0807 14.0907
vt 21.1475 15.5821
f 544/1604/377 522/1605/355 525/1606/358

vt 25.5096 14.4376
vt 24.3398 15.9026
vt 26.8683 15.0385
f 552/1607/385 545/1608/378 551/1609/384

vt 24.3965 15.2594
vt 26.5828 15.428
vt 26.9148 14.3659
f 545/1610/378 547/1611/380 551/1612/384

vt 24.6208 11.5126
vt 24.4122 13.4424
vt 25.9416 13.689
f 517/1613/350 520/1614/353 516/1615/349

vt 29.119 14.989
vt 29.0539 16.529
v 54.1818 30.4816 -15.7142
vt 30.4963 16.534
vn 0.723685 -0.06737 -0.686835
f 512/1616/345 550/1617/383 553/1618/386

v 53.7248 31.4153 -15.4811
vt 30.0681 16.3874
vn 0.669096 0.333 -0.664396
v 54.5288 31.291 -14.7574
vt 32.4121 16.3362
vn 0.727872 0.0956786 -0.679005
vt 30.4961 15.4436
vt 29.0537 15.4386
f 554/1619/387 555/1620/388 553/1621/386 550/1622/383 

v 54.0793 31.7343 -14.6032
vt 31.9574 13.4548
vn 0.274842 0.935029 -0.224016
vt 32.4374 12.9833
vt 30.0939 13.0514
f 556/1623/389 555/1624/388 554/1625/387

vt 33.1814 15.6626
vt 32.2268 15.1026
vt 31.724 15.5498
f 509/1626/342 555/1627/388 556/1628/389

vt 33.4491 14.7271
vt 32.9894 13.758
vt 32.4313 14.2925
f 509/1629/342 510/1630/343 555/1631/388

vt 33.0831 15.7287
vt 30.563 15.407
vt 32.505 16.2415
f 510/1632/343 553/1633/386 555/1634/388

vt 29.1418 14.5509
vt 30.5599 16.0585
vt 33.082 16.3638
f 512/1635/345 553/1636/386 510/1637/343

vt -32.5461 10.1877
vt -33.505 10.7952
vt -32.0483 10.6728
f 508/1638/341 509/1639/342 556/1640/389

vt -32.4332 8.20231
vt -31.9578 8.7094
v 53.2131 31.7301 -14.7688
vt -30.4061 8.32907
vn -0.420966 0.803787 0.420374
f 508/1641/341 556/1642/389 557/1643/390

vt -30.5154 8.32338
vt -32.0152 8.87377
v 53.4145 31.6918 -15.2042
vt -30.1068 8.59095
vn 0.182707 0.961997 -0.202928
f 557/1644/390 556/1645/389 558/1646/391

vt 29.3999 13.4788
vt 31.3089 13.758
vt 29.5057 13.1383
f 558/1647/391 556/1648/389 554/1649/387

vt 26.4174 21.1899
vt 26.6048 20.8865
v 52.8187 31.4403 -15.6722
vt 24.9642 20.4545
vn 0.161553 0.968875 -0.187566
f 558/1650/391 554/1651/387 559/1652/392

vt 24.2446 20.8401
vt 25.8641 21.3453
vt 24.3472 20.3081
f 559/1653/392 554/1654/387 548/1655/381

vt 29.8598 17.0329
vt 28.8778 16.0507
vt 28.0934 16.5263
f 554/1656/387 550/1657/383 548/1658/381

vt 28.011 12.0345
vt 27.9345 11.4982
v 52.4527 31.2984 -16.2822
vt 26.5525 11.705
vn 0.451984 0.768574 -0.452774
f 559/1659/392 548/1660/381 560/1661/393

vt 26.2985 14.7255
vt 27.6875 14.5724
vt 25.3278 13.9536
f 560/1662/393 548/1663/381 546/1664/379

vt 24.675 17.7735
vt 23.8408 16.8557
v 52.0081 31.1936 -16.5983
vt 23.5833 17.3828
vn 0.276431 0.922152 -0.270594
f 560/1665/393 546/1666/379 561/1667/394

vt 25.3559 12.1216
vt 25.5052 11.5543
vt 23.3507 11.2454
f 561/1668/394 546/1669/379 543/1670/376

vt 25.7659 11.5035
vt 23.6917 10.8064
v 51.4119 31.1079 -17.4057
vt 23.6279 11.3162
vn 0.516736 0.725533 -0.454517
f 561/1671/394 543/1672/376 562/1673/395

vt 23.6623 11.0314
vt 23.7202 10.5209
vt 21.1606 10.6516
f 562/1674/395 543/1675/376 542/1676/375

vt 23.481 10.1653
vt 21.0028 9.65425
v 50.3068 31.2395 -18.2249
vt 20.5347 10.1194
vn 0.321027 0.904018 -0.282299
f 562/1677/395 542/1678/375 563/1679/396

vt 20.5981 12.033
vt 18.7137 11.655
vt 20.0917 12.4561
f 542/1680/375 541/1681/374 563/1682/396

vt 19.8941 12.7557
vt 18.5407 11.9136
v 49.9111 31.1233 -18.6993
vt 18.6123 12.4114
vn 0.447755 0.801581 -0.396211
f 563/1683/396 541/1684/374 564/1685/397

vt 19.455 9.03874
vt 19.2896 8.5638
v 48.6737 31.0395 -20.4715
vt 14.8465 8.83952
vn 0.643644 0.518732 -0.562707
f 564/1686/397 541/1687/374 565/1688/398

vt 19.2449 12.511
vt 14.8395 12.1226
vt 14.7969 12.6913
f 541/1689/374 540/1690/373 565/1691/398

vt 14.9286 11.6657
vt 14.9329 11.0953
vt 11.7682 11.7965
f 565/1692/398 540/1693/373 539/1694/372

v 47.8064 31.441 -20.6669
vt 13.3688 6.36408
vn 0.293702 0.938404 -0.182033
vt 14.9506 5.74014
vt 11.7981 5.99778
f 566/1695/399 565/1696/398 539/1697/372

v 48.3345 31.2952 -20.1659
vt 14.9397 4.5481
vn 0.241169 0.959726 -0.144093
vt 14.9324 4.18518
vt 13.3886 4.89817
f 567/1698/400 565/1699/398 566/1700/399

vt 14.7474 7.31623
vt 19.4094 7.24836
vt 14.8058 6.95796
f 567/1701/400 564/1702/397 565/1703/398

v 49.5043 31.2735 -18.3232
vt -19.1954 -1.96491
vn -0.138881 0.973023 0.184225
vt -19.2536 -1.58368
vt -14.5949 -1.3955
f 568/1704/401 564/1705/397 567/1706/400

vt -14.6421 15.2954
vt -15.2804 16.5456
vt -14.3758 15.5743
f 568/1707/401 563/1708/396 564/1709/397

vt -19.5023 5.61164
v 49.5896 31.2955 -17.6542
vt -20.685 5.39248
vn -0.38334 0.828272 0.408675
vt -20.8363 6.04829
f 568/1710/401 569/1711/402 563/1712/396

vt -20.7142 6.46578
vt -19.528 6.66511
v 47.4692 31.2593 -19.2829
vt -15.0432 5.74992
vn -0.44292 0.760107 0.475458
f 569/1713/402 568/1714/401 570/1715/403

vt -14.8031 9.44418
vt -19.3426 10.0294
v 47.6378 31.423 -19.968
vt -13.9715 9.95585
vn -0.32514 0.861757 0.389435
f 570/1716/403 568/1717/401 571/1718/404

vt -19.4179 1.92319
vt -14.7886 2.16454
vt -14.0504 1.71331
f 568/1719/401 567/1720/400 571/1721/404

vt -13.2509 1.33906
vt -14.0613 1.64182
vt -12.4947 1.91433
f 571/1722/404 567/1723/400 566/1724/399

vt -13.5736 2.77959
vt -12.784 3.30798
v 46.9126 31.5938 -20.8623
vt -11.0992 3.15311
vn -0.218172 0.92354 0.315398
f 571/1725/404 566/1726/399 572/1727/405

vt -13.2979 0.828509
v 47.5108 31.3991 -21.359
vt -11.7719 0.918513
vn 0.409231 0.867377 -0.283172
vt -11.668 0.374858
f 566/1728/399 573/1729/406 572/1730/405

vt 13.3797 6.57356
vt 11.8031 6.23354
vt 11.8514 6.60847
f 566/1731/399 539/1732/372 573/1733/406

vt 11.8346 5.47138
vt 11.7469 5.10366
v 47.406 31.2937 -22.1051
vt 10.4888 5.50822
vn 0.675023 0.490366 -0.551258
f 573/1734/406 539/1735/372 574/1736/407

vt 10.4629 12.8333
vt 11.7678 12.6241
vt 10.5019 12.2494
f 574/1737/407 539/1738/372 537/1739/370

vt 11.7704 12.6775
vt 11.4653 12.2267
vt 10.5038 12.3054
f 539/1740/372 538/1741/371 537/1742/370

vt 10.4943 12.5569
vt 10.5187 11.9722
vt 9.14851 12.2506
f 574/1743/407 537/1744/370 536/1745/369

v 46.6687 31.6025 -22.3632
vt 8.80417 10.5694
vn 0.510323 0.744284 -0.430827
vt 10.3414 10.2485
vt 9.02993 9.81854
f 575/1746/408 574/1747/407 536/1748/369

v 46.9957 31.6776 -21.7367
vt 10.3455 9.22336
vn 0.279882 0.952343 -0.121275
vt 10.4082 8.74423
vt 8.88298 9.11781
f 576/1749/409 574/1750/407 575/1751/408

v 46.9609 31.6226 -21.4173
vt 9.14815 3.42792
vn 0.229941 0.972633 -0.0333501
vt 8.47188 3.28657
vt 8.73118 3.69433
f 577/1752/410 574/1753/407 576/1754/409

vt 10.9781 2.02233
vt 11.7968 1.48881
vt 10.4532 1.57315
f 577/1755/410 573/1756/406 574/1757/407

vt -7.31848 -5.28091
vt -7.75632 -4.9423
vt -6.85673 -4.56066
f 572/1758/405 573/1759/406 577/1760/410

vt -10.4636 0.44221
vt -9.75674 0.924246
v 46.3965 31.743 -21.1629
vt -9.21562 0.643776
vn -0.290073 0.877603 0.381668
f 572/1761/405 577/1762/410 578/1763/411

vt -8.59211 1.33933
vt -9.15838 1.56476
vt -8.78593 1.89052
f 578/1764/411 577/1765/410 576/1766/409

vt -10.106 3.57708
vt -10.1373 4.16052
v 45.8406 31.8206 -22.0177
vt -7.94168 3.8208
vn -0.19923 0.936954 0.287095
f 578/1767/411 576/1768/409 579/1769/412

vt -10.3804 3.62117
vt -8.97542 3.20137
vt -8.52792 2.39458
f 576/1770/409 575/1771/408 579/1772/412

vt -7.32218 -0.68639
vt -8.14612 -0.271322
v 46.1748 31.7153 -22.5928
vt -7.03328 -0.173798
vn 0.442478 0.85407 -0.273454
f 579/1773/412 575/1774/408 580/1775/413

vt 8.6337 7.8993
v 46.55 31.3473 -23.1442
vt 7.29259 7.4324
vn 0.697289 0.411078 -0.587199
vt 7.51865 7.96705
f 575/1776/408 581/1777/414 580/1778/413

vt 8.94327 9.85758
vt 9.12008 9.09371
vt 7.55251 9.5706
f 575/1779/408 536/1780/369 581/1781/414

vt 8.93254 13.9638
v 46.9331 30.6005 -23.5739
vt 7.33627 13.4955
vn 0.720663 0.0457603 -0.691773
vt 7.32465 14.2791
f 536/1782/369 582/1783/415 581/1784/414

vt 9.02208 14.9511
vt 8.38661 13.6552
vt 7.41235 14.5314
f 536/1785/369 535/1786/368 582/1787/415

vt 7.18007 15.8735
vt 8.20826 15.0613
v 46.7537 29.4429 -24.1634
vt 6.18613 14.5911
vn 0.679232 -0.150233 -0.718383
f 582/1788/415 535/1789/368 583/1790/416

vt 6.23183 15.0379
vt 8.259 15.4859
vt 7.78298 13.9277
f 583/1791/416 535/1792/368 534/1793/367

vt 6.10572 15.4413
vt 7.67971 14.3638
v 47.2396 27.2451 -24.2204
vt 7.09564 13.2139
vn 0.675875 -0.254299 -0.691755
f 583/1794/416 534/1795/367 584/1796/417

vt 7.23904 13.1319
vt 7.87062 14.2565
vt 11.0625 11.8076
f 584/1797/417 534/1798/367 533/1799/366

vt 7.24026 13.2492
vt 11.067 11.9345
v 47.5443 23.9512 -22.6732
vt 10.4719 9.54225
vn 0.678529 -0.305884 -0.667857
f 584/1800/417 533/1801/366 585/1802/418

vt 10.4703 9.53911
vt 11.0665 11.9311
vt 14.6589 12.3344
f 585/1803/418 533/1804/366 532/1805/365

vt 10.4727 9.5272
vt 14.6551 12.3317
v 49.1884 25.002 -21.3025
vt 14.9496 10.8413
vn 0.684193 -0.284246 -0.671629
f 585/1806/418 532/1807/365 586/1808/419

vt 14.9508 10.8268
vt 14.6576 12.3175
vt 20.296 12.7213
f 586/1809/419 532/1810/365 519/1811/352

vt 14.6554 12.1638
vt 16.7179 14.431
vt 20.2934 12.5743
f 532/1812/365 523/1813/356 519/1814/352

vt 20.6453 9.80674
vt 14.951 10.8331
vt 20.297 12.7253
f 518/1815/351 586/1816/419 519/1817/352

v 48.6034 23.2161 -21.1363
vt 14.5341 8.784
vn 0.671388 -0.334832 -0.661155
vt 14.9501 10.8735
vt 20.645 9.85051
f 587/1818/420 586/1819/419 518/1820/351

vt 10.4717 9.5598
vt 14.9504 10.868
vt 14.5335 8.77868
f 585/1821/418 586/1822/419 587/1823/420

vt 14.5346 8.78061
vt 10.3254 7.22308
vt 10.4728 9.56197
f 587/1824/420 396/1825/229 585/1826/418

vt 14.533 8.77956
vt 13.4309 6.34103
vt 10.3247 7.21955
f 587/1827/420 397/1828/230 396/1829/229

vt 17.9574 7.19556
vt 13.4293 6.32887
vt 14.5344 8.76606
f 400/1830/233 397/1831/230 587/1832/420

vt 20.6453 9.84545
vt 17.9581 7.20916
vt 14.5346 8.77843
f 518/1833/351 400/1834/233 587/1835/420

vt 26.8803 8.76821
vt 17.9569 7.20677
vt 20.645 9.84214
f 402/1836/235 400/1837/233 518/1838/351

vt 10.4716 9.55548
vt 10.3226 7.21668
v 46.4719 23.8109 -23.5651
vt 7.49391 9.27585
vn 0.66623 -0.315155 -0.67588
f 585/1839/418 396/1840/229 588/1841/421

vt 7.49567 9.28388
vt 10.325 7.22549
v 45.5432 21.5229 -23.3383
vt 6.71712 6.55173
vn 0.636097 -0.369214 -0.677541
f 588/1842/421 396/1843/229 589/1844/422

vt 6.71766 6.54289
vt 10.3254 7.21742
vt 7.23563 5.22897
f 589/1845/422 396/1846/229 393/1847/226

vt 6.37964 6.1162
vt 6.85316 4.78561
vt 4.86951 2.67687
f 589/1848/422 393/1849/226 389/1850/222

vt 5.1936 2.64533
v 45.1299 22.1828 -23.8595
vt 5.11197 6.82287
vn 0.620145 -0.365332 -0.694228
vt 6.61024 6.12421
f 389/1851/222 590/1852/423 589/1853/422

v 42.8274 20.6672 -23.2057
vt 2.68716 4.31526
vn 0.595285 -0.380441 -0.707744
vt 5.08194 6.79114
vt 5.13852 2.61318
f 591/1854/424 590/1855/423 389/1856/222

vt 2.53772 4.48755
v 43.992 22.0679 -23.7917
vt 3.31045 6.45032
vn 0.566621 -0.379576 -0.731343
vt 4.96928 6.92732
f 591/1857/424 592/1858/425 590/1859/423

vt 2.22193 4.60566
v 43.0068 22.0823 -23.5763
vt 1.77226 6.23245
vn 0.557346 -0.338818 -0.758003
vt 3.0283 6.55485
f 591/1860/424 593/1861/426 592/1862/425

v 42.5473 21.3564 -23.395
vt 1.73293 5.41562
vn 0.578897 -0.30836 -0.754846
vt 2.07833 6.3549
vt 2.54392 4.7326
f 594/1863/427 593/1864/426 591/1865/424

v 42.4282 22.7366 -23.4518
vt 0.679862 7.04172
vn 0.467522 -0.246253 -0.848989
vt 1.54826 6.54908
vt 1.20368 5.6095
f 595/1866/428 593/1867/426 594/1868/427

v 43.609 23.6181 -24.056
vt 1.45113 8.14599
vn 0.540321 -0.293856 -0.788481
vt 1.38163 6.24503
vt 0.513649 6.7384
f 596/1869/429 593/1870/426 595/1871/428

vt 1.76832 6.25117
vt 1.81341 8.15287
vt 3.02441 6.57339
f 593/1872/426 596/1873/429 592/1874/425

vt 2.96321 6.50652
vt 1.75618 8.08903
v 44.5453 22.8481 -24.1205
vt 3.26535 7.56589
vn 0.612102 -0.299019 -0.732064
f 592/1875/425 596/1876/429 597/1877/430

vt 1.8889 8.47944
v 44.328 24.3531 -24.1835
vt 2.70598 9.49725
vn 0.586695 -0.302217 -0.751301
vt 3.39822 7.95673
f 596/1878/429 598/1879/431 597/1880/430

v 43.5023 24.6243 -24.006
vt 1.40798 9.59772
vn 0.527746 -0.281379 -0.801443
vt 2.51463 9.59329
vt 1.70903 8.56636
f 599/1881/432 598/1882/431 596/1883/429

vt 1.40496 8.82633
v 44.549 25.1176 -24.4824
vt 2.34619 9.76884
vn 0.555403 -0.355921 -0.751564
vt 2.51161 8.8219
f 599/1884/432 600/1885/433 598/1886/431

v 42.9683 24.8311 -23.7764
vt 0.27579 9.48293
vn 0.411137 -0.289507 -0.86438
vt 1.83027 10.4007
vt 0.876406 9.47096
f 601/1887/434 600/1888/433 599/1889/432

v 44.0947 25.7652 -24.4391
vt 1.33775 10.4079
vn 0.522433 -0.305941 -0.795905
vt 2.10519 9.86409
vt 0.555196 8.93879
f 602/1890/435 600/1891/433 601/1892/434

v 44.9646 25.7563 -24.6518
vt 2.66525 11.158
vn 0.599979 -0.256893 -0.757648
vt 2.35488 10.3268
vt 1.58391 10.8657
f 603/1893/436 600/1894/433 602/1895/435

v 45.7873 25.5339 -24.574
vt 4.45901 11.0101
vn 0.631096 -0.302599 -0.714249
vt 2.72634 10.1848
vt 3.0341 11.017
f 604/1896/437 600/1897/433 603/1898/436

vt 4.48124 10.9448
v 45.1086 24.0886 -24.1217
vt 4.29002 9.12096
vn 0.618216 -0.326085 -0.715177
vt 2.7494 10.1178
f 604/1899/437 605/1900/438 600/1901/433

v 45.8289 23.9383 -23.8976
vt 5.87168 9.14176
vn 0.646442 -0.308375 -0.697867
vt 4.40875 9.1336
vt 4.58683 10.9588
f 606/1902/439 605/1903/438 604/1904/437

vt 3.71879 7.8879
vt 4.40745 9.36771
vt 5.87038 9.37587
f 597/1905/430 605/1906/438 606/1907/439

vt 3.5808 7.95137
vt 2.90754 9.50028
vt 4.25181 9.43928
f 597/1908/430 598/1909/431 605/1910/438

vt 4.2299 8.95744
vt 2.88564 9.01843
vt 2.69319 9.96025
f 605/1911/438 598/1912/431 600/1913/433

vt 3.72199 7.88521
vt 5.87394 9.37264
vt 5.1042 7.30088
f 597/1914/430 606/1915/439 590/1916/423

vt 5.16124 7.26826
vt 5.94068 9.33639
vt 7.44252 9.32323
f 590/1917/423 606/1918/439 588/1919/421

vt 7.44186 9.2658
vt 5.94002 9.27894
v 46.7849 26.1897 -24.2826
vt 6.52583 12.014
vn 0.656798 -0.260336 -0.707702
f 588/1920/421 606/1921/439 607/1922/440

vt 6.54843 12.0119
vt 5.9645 9.27642
vt 4.66967 11.0863
f 607/1923/440 606/1924/439 604/1925/437

vt 6.41996 12.059
vt 4.55238 11.111
v 45.3078 27.5344 -24.5768
vt 3.50218 13.125
vn 0.641348 -0.212328 -0.737285
f 607/1926/440 604/1927/437 608/1928/441

vt 3.38401 13.2004
vt 4.4608 11.2005
vt 3.03589 11.2075
f 608/1929/441 604/1930/437 603/1931/436

vt 3.1759 13.2559
vt 2.86629 11.2567
v 44.2593 27.3173 -24.5247
vt 1.65506 12.6948
vn 0.588971 -0.256426 -0.766393
f 608/1932/441 603/1933/436 609/1934/442

vt 2.62142 11.2725
vt 1.54044 10.9788
vt 1.38422 12.6883
f 603/1935/436 602/1936/435 609/1937/442

v 43.6349 27.038 -24.3009
vt 0.499267 12.1607
vn 0.455502 -0.324016 -0.829176
vt 1.13442 12.6883
vt 1.3072 10.9804
f 610/1938/443 609/1939/442 602/1940/435

vt 0.677278 11.9897
v 44.4267 28.4506 -24.7063
vt 1.13324 13.7965
vn 0.588279 -0.295859 -0.752592
vt 1.31409 12.5154
f 610/1941/443 611/1942/444 609/1943/442

v 43.8042 29.753 -24.6876
vt -0.0112619 14.9695
vn 0.371844 -0.379518 -0.847171
vt 1.17479 13.7858
vt 0.719013 11.979
f 612/1944/445 611/1945/444 610/1946/443

v 44.4906 30.2815 -24.919
vt 0.721525 15.8356
vn 0.620844 -0.276499 -0.733554
vt 1.2344 13.8435
vt 0.0484978 15.0274
f 613/1947/446 611/1948/444 612/1949/445

v 45.3908 29.9548 -24.7423
vt 2.97701 15.7976
vn 0.646423 -0.244386 -0.722782
vt 1.76438 13.9142
vt 1.27643 15.9125
f 614/1950/447 611/1951/444 613/1952/446

vt 3.08745 15.7514
vt 2.03958 12.5899
vt 1.8682 13.8723
f 614/1953/447 609/1954/442 611/1955/444

vt 3.25948 13.2161
vt 1.73546 12.6637
vt 2.74742 15.8368
f 608/1956/441 609/1957/442 614/1958/447

vt 6.17305 15.5238
vt 3.5995 13.1511
vt 3.14464 15.7824
f 583/1959/416 608/1960/441 614/1961/447

vt 6.41154 12.0836
vt 3.49248 13.1461
vt 6.03894 15.5478
f 607/1962/440 608/1963/441 583/1964/416

vt 5.82118 15.6585
vt 6.86985 13.4581
vt 6.25458 12.2014
f 583/1965/416 584/1966/417 607/1967/440

vt 6.58017 12.027
vt 7.2404 13.2607
vt 7.49486 9.2783
f 607/1968/440 584/1969/417 588/1970/421

vt 7.23389 13.2696
vt 10.4706 9.56707
vt 7.49294 9.28749
f 584/1971/417 585/1972/418 588/1973/421

v 45.5907 31.0836 -24.6578
vt 3.43001 16.9951
vn 0.695507 -0.122786 -0.707951
vt 6.18107 15.4825
vt 3.15285 15.7433
f 615/1974/448 583/1975/416 614/1976/447

vt 3.6477 16.2599
v 46.2643 30.8604 -24.0872
vt 5.56952 16.0929
vn 0.722071 -0.0375639 -0.690798
vt 6.34539 14.654
f 615/1977/448 616/1978/449 583/1979/416

vt 3.64916 16.2098
v 45.5907 31.6951 -24.406
vt 3.97134 16.8513
vn 0.725882 0.0399965 -0.686655
vt 5.57092 16.0422
f 615/1980/448 617/1981/450 616/1982/449

v 44.8961 32.165 -24.6636
vt 2.30774 17.1717
vn 0.724371 0.224705 -0.651763
vt 3.81888 16.7942
vt 3.51669 16.143
f 618/1983/451 617/1984/450 615/1985/448

v 45.4771 32.0767 -24.0738
vt 4.33444 14.4311
vn 0.686756 0.411308 -0.599326
vt 4.02323 14.0239
vt 2.53727 14.4908
f 619/1986/452 617/1987/450 618/1988/451

v 45.9511 31.8672 -23.6154
vt 5.87712 14.3797
vn 0.72983 0.274299 -0.626185
vt 4.11198 14.2166
vt 4.43799 14.6121
f 620/1989/453 617/1990/450 619/1991/452

vt 5.90226 15.6997
vt 5.69562 14.6707
vt 4.13562 15.5537
f 620/1992/453 616/1993/449 617/1994/450

vt 7.41666 14.6182
vt 5.58836 14.8362
vt 5.74527 15.874
f 582/1995/415 616/1996/449 620/1997/453

vt 5.55017 16.1489
vt 7.38089 15.9521
vt 6.33273 14.7136
f 616/1998/449 582/1999/415 583/2000/416

vt 7.62704 13.3516
vt 7.53317 12.5735
vt 5.9831 13.9763
f 581/2001/414 582/2002/415 620/2003/453

v 45.761 32.0856 -23.1752
vt 6.55075 8.35033
vn 0.26338 0.963468 -0.0485778
vt 7.54479 7.22376
vt 6.07047 8.18251
f 621/2004/454 581/2005/414 620/2006/453

vt 7.8841 6.59484
vt 7.42099 6.24487
vt 6.5049 7.43569
f 580/2007/413 581/2008/414 621/2009/454

vt 1.87394 -3.92211
vt 1.48931 -3.47684
vt 1.66108 -1.87069
f 579/2010/412 580/2011/413 621/2012/454

v 44.9951 32.0492 -22.5883
vt -5.40362 6.78789
vn -0.456565 0.719753 0.522977
vt -7.5824 6.59627
vt -5.71223 7.4658
f 622/2013/455 579/2014/412 621/2015/454

v 44.8489 31.593 -21.5162
vt -6.95746 9.99522
vn -0.536639 0.643417 0.545924
vt -7.6978 10.8264
vt -5.51527 10.9691
f 623/2016/456 579/2017/412 622/2018/455

vt -7.70947 9.40822
v 45.6681 31.7455 -21.2557
vt -9.29288 9.91835
vn -0.478012 0.711383 0.515207
vt -8.31718 10.3408
f 623/2019/456 624/2020/457 579/2021/412

v 44.4837 31.1903 -20.5754
vt -8.42569 11.0641
vn -0.580818 0.563744 0.587233
vt -9.06117 12.3601
vt -7.45143 11.9403
f 625/2022/458 624/2023/457 623/2024/456

v 45.1282 31.1087 -20.1617
vt -9.7282 11.1441
vn -0.553701 0.580484 0.597037
vt -8.79654 12.3902
vt -8.10714 11.1221
f 626/2025/459 624/2026/457 625/2027/458

vt -9.78783 11.32
v 46.0193 31.5673 -20.7178
vt -10.2265 12.3301
vn -0.474011 0.699393 0.534942
vt -8.84724 12.5594
f 626/2028/459 627/2029/460 624/2030/457

vt -9.77686 11.3183
v 46.3351 31.4868 -20.4086
vt -11.1794 12.2626
vn -0.480325 0.698661 0.530246
vt -10.2169 12.3279
f 626/2031/459 628/2032/461 627/2033/460

v 45.7786 31.1549 -19.9612
vt -11.0736 11.5288
vn -0.560196 0.575207 0.596086
vt -11.1883 12.2409
vt -9.78689 11.2949
f 629/2034/462 628/2035/461 626/2036/459

v 46.7568 31.2038 -19.4872
vt -13.3698 11.9159
vn -0.521582 0.648231 0.554751
vt -11.2762 12.3448
vt -11.1704 11.6312
f 630/2037/463 628/2038/461 629/2039/462

vt -13.185 9.38721
vt -13.7647 10.1745
vt -11.1038 9.87297
f 630/2040/463 571/2041/404 628/2042/461

vt -13.4754 9.52701
vt -14.8511 9.83965
vt -14.0144 10.3427
f 630/2043/463 570/2044/403 571/2045/404

v 48.4166 30.913 -17.4712
vt -19.0679 9.86984
vn -0.547245 0.621318 0.560791
vt -14.793 10.473
vt -13.4136 10.1768
f 631/2046/464 570/2047/403 630/2048/463

vt -19.1356 11.4757
vt -20.5566 12.4229
vt -14.8541 12.0306
f 631/2049/464 569/2050/402 570/2051/403

v 49.1484 31.0209 -16.8722
vt -21.3156 11.5852
vn -0.549302 0.621269 0.558832
vt -20.6932 12.3218
vt -19.3063 11.3254
f 632/2052/465 569/2053/402 631/2054/464

vt -21.2492 11.0059
v 50.5244 31.279 -16.5129
vt -23.8197 11.7806
vn -0.469506 0.7442 0.475111
vt -20.6395 11.753
f 632/2055/465 633/2056/466 569/2057/402

v 49.9009 30.9054 -15.9409
vt -23.7301 11.6451
vn -0.593971 0.570492 0.567218
vt -23.7265 12.4771
vt -21.1404 11.756
f 634/2058/467 633/2059/466 632/2060/465

v 49.9044 30.9303 -15.51
vt -24.6109 14.6448
vn -0.588612 0.586209 0.556682
vt -23.8022 15.544
vt -23.9085 14.7189
f 635/2061/468 633/2062/466 634/2063/467

vt -24.5639 10.9837
v 50.972 31.2726 -15.852
vt -25.5557 11.9464
vn -0.358636 0.852803 0.379616
vt -23.8525 11.9616
f 635/2064/468 636/2065/469 633/2066/466

v 50.6692 30.9939 -14.8356
vt -26.734 11.1484
vn -0.510456 0.640669 0.573565
vt -25.5451 11.9113
vt -24.55 10.9521
f 637/2067/470 636/2068/469 635/2069/468

vt -26.5642 9.42867
v 51.9503 31.4275 -15.9312
vt -26.7251 10.8668
vn -0.2477 0.939196 0.237812
vt -25.4026 10.2326
f 637/2070/470 638/2071/471 636/2072/469

vt -26.8449 11.7568
v 52.2599 31.4847 -15.2201
vt -28.4534 13.2087
vn -0.434813 0.789541 0.433086
vt -26.8756 13.2036
f 637/2073/470 639/2074/472 638/2075/471

v 51.3377 31.1074 -14.6306
vt -27.968 11.4278
vn -0.54956 0.603548 0.577679
vt -28.3691 12.424
vt -26.6671 11.0829
f 640/2076/473 639/2077/472 637/2078/470

vt -28.0302 11.7504
v 52.0727 31.2965 -14.568
vt -29.1907 12.2603
vn -0.553398 0.610074 0.567064
vt -28.4164 12.7524
f 640/2079/473 641/2080/474 639/2081/472

vt -27.5067 13.2769
v 51.1817 30.3465 -13.7494
vt -28.7041 12.1692
vn -0.59821 0.476932 0.643957
vt -28.6978 13.7105
f 640/2082/473 642/2083/475 641/2084/474

vt -27.6333 13.7594
vt -26.3196 13.467
vt -28.8397 12.6615
f 640/2085/473 637/2086/470 642/2087/475

vt -26.37 13.8488
v 49.6153 29.1415 -13.1992
vt -27.514 11.1042
vn -0.583384 0.461843 0.668106
vt -28.8927 13.0514
f 637/2088/470 643/2089/476 642/2090/475

v 50.0858 30.3852 -14.1147
vt -13.0187 1.87727
vn -0.544079 0.545929 0.637134
vt -13.2604 0.00514087
vt -13.184 2.97767
f 644/2091/477 643/2092/476 637/2093/470

v 49.3729 30.0063 -14.3362
vt -25.511 13.4344
vn -0.643105 0.45327 0.617221
vt -27.7416 12.3325
vt -26.8798 14.0119
f 645/2094/478 643/2095/476 644/2096/477

vt -25.5434 13.5816
v 48.9749 29.0528 -13.7043
vt -26.0411 12.3016
vn -0.65828 0.386801 0.645796
vt -27.7757 12.4831
f 645/2097/478 646/2098/479 643/2099/476

vt -25.8466 14.2779
v 48.5383 28.8289 -14.28
vt -24.8386 12.7589
vn -0.65899 0.411718 0.62946
vt -26.3677 13.0073
f 645/2100/478 647/2101/480 646/2102/479

v 49.1324 29.9664 -14.9991
vt -24.4894 14.3855
vn -0.640729 0.470646 0.606597
vt -24.8957 12.8343
vt -25.8931 14.3602
f 648/2103/481 647/2104/480 645/2105/478

vt -24.204 13.5934
v 47.1458 28.7248 -15.5882
vt -20.4612 11.7768
vn -0.643799 0.417676 0.641147
vt -24.5699 12.0322
f 648/2106/481 649/2107/482 647/2108/480

v 48.2239 30.1245 -16.0978
vt -21.1065 13.7417
vn -0.611402 0.498092 0.614892
vt -20.4521 11.7974
vt -24.1957 13.6123
f 650/2109/483 649/2110/482 648/2111/481

vt -21.116 13.7474
v 46.7212 29.9692 -17.4663
vt -16.7548 13.4164
vn -0.612044 0.488265 0.622093
vt -20.4626 11.8028
f 650/2112/483 651/2113/484 649/2114/482

vt -19.2103 13.7263
vt -16.8076 12.1075
vt -21.1674 12.4571
vt -21.2241 13.9489
f 631/2115/464 651/2116/484 650/2117/483 632/2118/465 

vt -16.7213 12.2513
vt -19.1375 13.85
vt -13.4804 14.1009
f 651/2119/484 631/2120/464 630/2121/463

vt -16.5112 11.2083
vt -13.3052 13.1178
vt -11.1037 12.8506
f 651/2122/484 630/2123/463 629/2124/462

vt -11.1674 13.413
v 45.0922 30.5772 -19.5309
vt -10.8681 12.4401
vn -0.597115 0.495949 0.630467
vt -16.5854 11.8052
f 629/2125/462 652/2126/485 651/2127/484

vt -10.6014 12.38
vt -10.9215 13.3463
vt -9.63132 13.1325
f 652/2128/485 629/2129/462 626/2130/459

vt -10.6674 12.595
vt -9.69371 13.3428
v 44.3012 30.5044 -19.8082
vt -9.05087 12.3254
vn -0.60304 0.480804 0.63653
f 652/2131/485 626/2132/459 653/2133/486

vt -9.71541 13.3313
vt -8.09433 13.3114
vt -9.07429 12.3128
f 626/2134/459 625/2135/458 653/2136/486

vt -9.31197 12.9188
vt -8.31525 13.9006
v 43.4864 30.1856 -20.0339
vt -7.77602 12.3631
vn -0.634337 0.448975 0.629315
f 653/2137/486 625/2138/458 654/2139/487

vt -8.75903 13.9174
v 43.8029 30.8479 -21.2502
vt -6.73187 13.4694
vn -0.647162 0.481355 0.591167
vt -8.28301 12.3592
f 625/2140/458 655/2141/488 654/2142/487

vt -8.83762 13.0161
vt -7.80944 13.8283
vt -6.81549 12.5458
f 625/2143/458 623/2144/456 655/2145/488

vt -7.52166 14.2203
v 44.4398 31.7292 -22.2858
vt -5.69095 14.4171
vn -0.579874 0.562699 0.589165
vt -6.4735 12.9817
f 623/2146/456 656/2147/489 655/2148/488

vt -5.63952 13.0264
vt -7.46878 12.8165
vt -5.95515 13.6751
f 656/2149/489 623/2150/456 622/2151/455

vt -5.4685 13.1377
vt -5.80027 13.7783
v 44.4532 32.2367 -23.2829
vt -3.88857 13.9845
vn -0.538831 0.630753 0.558401
f 656/2152/489 622/2153/455 657/2154/490

vt -5.71551 11.3591
v 45.078 32.2895 -23.2464
vt -4.80395 11.8936
vn -0.323256 0.851547 0.412763
vt -3.80705 11.5934
f 622/2155/455 658/2156/491 657/2157/490

vt -4.7887 6.93866
vt -5.17579 7.57502
vt -3.98113 7.62019
f 622/2158/455 621/2159/454 658/2160/491

vt -3.91487 4.23207
vt -5.10878 4.17014
v 45.4177 32.2557 -23.5293
vt -4.06835 4.51117
vn 0.359064 0.909762 -0.208343
f 658/2161/491 621/2162/454 659/2163/492

vt 5.52897 7.53927
vt 6.55118 7.14701
vt 6.08899 6.93439
f 659/2164/492 621/2165/454 620/2166/453

vt 6.06029 7.84193
vt 4.6659 8.26716
vt 5.45946 8.4063
f 620/2167/453 619/2168/452 659/2169/492

vt 5.37694 6.91743
vt 4.59306 6.73136
v 44.7885 32.402 -24.2285
vt 3.36013 7.28452
vn 0.239514 0.964519 -0.111066
f 659/2170/492 619/2171/452 660/2172/493

vt 3.1015 9.64825
vt 4.39138 9.24534
vt 2.59619 9.34861
f 660/2173/493 619/2174/452 618/2175/451

vt 3.45082 11.842
vt 2.90507 11.6245
v 44.5374 32.5231 -24.6173
vt 2.47245 12.0715
vn 0.309569 0.942501 -0.125933
f 660/2176/493 618/2177/451 661/2178/494

vt 2.44262 12.2303
vt 2.88104 11.789
v 44.31 32.5239 -25.2703
vt 1.0734 12.3475
vn 0.713685 0.00130011 -0.700466
f 661/2179/494 618/2180/451 662/2181/495

vt 0.825399 16.1979
vt 2.67455 15.7977
vt 3.78911 14.6673
f 662/2182/495 618/2183/451 615/2184/448

vt 0.302014 18.3064
vt 3.38575 17.0349
vt 1.4178 15.9137
f 662/2185/495 615/2186/448 613/2187/446

vt 1.29363 15.8895
vt 3.25127 17.0287
vt 2.99408 15.7726
f 613/2188/446 615/2189/448 614/2190/447

vt 1.29918 15.9008
v 44.0401 31.5986 -25.1848
vt 0.0171793 17.2133
vn 0.459935 -0.367602 -0.808287
vt 0.171807 18.2881
f 613/2191/446 663/2192/496 662/2193/495

vt 0.980193 15.5806
vt 0.309842 14.7702
vt -0.301105 16.8938
f 613/2194/446 612/2195/445 663/2196/496

v 43.5742 30.8712 -24.7278
vt -1.61648 15.3065
vn -0.790967 -0.412269 -0.452113
vt -1.46065 16.3313
vt -1.05035 14.16
f 664/2197/497 663/2198/496 612/2199/445

v 43.7421 31.6792 -25.0155
vt -1.54096 16.1566
vn -0.717408 -0.309064 -0.624343
vt -1.24655 16.1963
vt -1.3721 15.1674
f 665/2200/498 663/2201/496 664/2202/497

v 43.8592 32.5415 -25.1343
vt -1.71851 17.9731
vn -0.861382 0.361667 0.356676
vt -1.29519 17.0436
vt -1.58975 17.0051
f 666/2203/499 663/2204/496 665/2205/498

vt -1.90711 16.4758
vt -2.2771 17.4278
v 44.0078 32.7928 -25.295
vt -2.20992 17.7784
vn 0.422488 0.00104915 -0.906368
f 663/2206/496 666/2207/499 667/2208/500

vt -0.398517 17.0373
v 44.0793 32.8369 -25.2333
vt -0.531955 17.4446
vn -0.179039 0.964822 0.192518
vt -0.334322 17.3884
f 666/2209/499 668/2210/501 667/2211/500

v 43.9193 32.7099 -24.8846
vt -1.47024 16.7291
vn -0.575465 0.59618 0.55983
vt -1.10097 16.9947
vt -0.995544 16.5792
f 669/2212/502 668/2213/501 666/2214/499

vt -0.0253638 10.5304
v 44.3046 32.6468 -24.9004
vt -0.61211 10.6048
vn 0.331575 0.936146 -0.116997
vt 0.237813 10.9014
f 669/2215/502 670/2216/503 668/2217/501

vt -0.0964984 8.55087
vt -1.46728 8.43244
vt -0.681543 8.63767
f 669/2218/502 661/2219/494 670/2220/503

v 44.3619 32.4194 -24.1361
vt -1.89323 7.74425
vn -0.430112 0.761384 0.485075
vt -1.46153 8.19906
vt -0.0909605 8.31987
f 671/2221/504 661/2222/494 669/2223/502

vt -2.64345 8.81144
vt -1.66279 9.03098
vt -2.12153 8.60348
f 660/2224/493 661/2225/494 671/2226/504

vt -4.83185 6.73763
vt -2.87147 7.19409
vt -2.3657 6.94948
f 658/2227/491 660/2228/493 671/2229/504

vt -4.61577 4.33413
vt -4.71886 4.63551
vt -2.68759 4.9117
f 658/2230/491 659/2231/492 660/2232/493

vt -3.92698 10.4048
vt -4.91573 10.7309
vt -2.44531 10.8852
f 657/2233/490 658/2234/491 671/2235/504

vt -4.25489 14.8562
vt -2.74375 15.2338
v 43.9629 31.8587 -23.0506
vt -3.9527 14.205
vn -0.624442 0.505733 0.595236
f 657/2236/490 671/2237/504 672/2238/505

vt -2.28842 13.1868
vt -0.439277 13.587
vt -3.40299 12.0564
f 671/2239/504 669/2240/502 672/2241/505

vt -4.12789 16.592
vt -1.04415 17.8635
v 43.2809 30.8576 -23.7246
vt -2.15993 15.4708
vn -0.719176 0.363998 0.591854
f 672/2242/505 669/2243/502 673/2244/506

v 43.571 31.822 -24.7217
vt -1.02763 16.8997
vn -0.809924 0.270331 0.520523
vt -2.30963 15.5872
vt -1.18226 17.9745
f 674/2245/507 673/2246/506 669/2247/502

v 43.1676 30.0525 -24.0184
vt -2.02571 15.0769
vn -0.871599 0.228068 0.433935
vt -2.61908 15.8988
vt -1.33641 17.2106
f 675/2248/508 673/2249/506 674/2250/507

v 42.6738 29.2853 -22.9756
vt -3.36072 13.7605
vn -0.755336 0.335331 0.563045
vt -2.84841 15.7527
vt -2.25317 14.9322
f 676/2251/509 673/2252/506 675/2253/508

vt -2.82478 13.5466
v 43.3804 30.9121 -22.7575
vt -4.03741 15.43
vn -0.694839 0.394282 0.601448
vt -2.33683 15.5449
f 676/2254/509 677/2255/510 673/2256/506

v 42.3311 28.2355 -22.621
vt -2.84576 12.3827
vn -0.750219 0.377376 0.542916
vt -3.89364 15.5442
vt -2.67439 13.6651
f 678/2257/511 677/2258/510 676/2259/509

vt -3.25915 12.2375
v 42.4743 28.8836 -21.7793
vt -4.78318 12.7899
vn -0.694445 0.423736 0.581545
vt -4.27112 15.4106
f 678/2260/511 679/2261/512 677/2262/510

v 41.6064 27.3553 -21.3362
vt -4.55826 10.3897
vn -0.735774 0.379152 0.561142
vt -4.86787 12.3889
vt -3.34703 11.8278
f 680/2263/513 679/2264/512 678/2265/511

v 41.6553 27.5015 -20.4944
vt -5.70859 10.3756
vn -0.713772 0.337785 0.61354
vt -4.6318 12.3755
vt -4.28367 10.3826
f 681/2266/514 679/2267/512 680/2268/513

vt -5.50141 10.1196
v 42.2916 28.3293 -19.8464
vt -7.36899 11.0676
vn -0.687264 0.379665 0.619292
vt -4.45121 12.1336
f 681/2269/514 682/2270/515 679/2271/512

v 41.5755 25.9636 -19.6983
vt -6.34845 9.39662
vn -0.700172 0.332841 0.631646
vt -6.93237 12.1321
vt -5.05362 11.2065
f 683/2272/516 682/2273/515 681/2274/514

vt -6.46424 9.36885
v 41.8775 25.9986 -19.029
vt -7.96608 9.35571
vn -0.681573 0.326627 0.654808
vt -7.05004 12.1039
f 683/2275/516 684/2276/517 682/2277/515

vt -6.46151 9.03953
v 40.7863 24.2511 -19.571
vt -5.68207 6.97139
vn -0.723953 0.274686 0.632802
vt -7.96335 9.02637
f 683/2278/516 685/2279/518 684/2280/517

vt -6.68021 8.97268
v 40.7865 24.6379 -20.4095
vt -4.52825 7.48525
vn -0.729941 0.34002 0.592936
vt -5.91046 6.90092
f 683/2281/516 686/2282/519 685/2283/518

v 41.3737 25.8671 -20.4341
vt -5.22661 8.94946
vn -0.725942 0.313962 0.611912
vt -4.53795 7.46964
vt -6.68953 8.95761
f 687/2284/520 686/2285/519 683/2286/516

v 41.3612 25.7658 -21.2544
vt -4.19665 8.88208
vn -0.751703 0.334717 0.56825
vt -4.86991 7.33318
vt -5.54091 8.82108
f 688/2287/521 686/2288/519 687/2289/520

vt -4.46535 9.10287
v 41.0918 24.8167 -21.5707
vt -3.64826 8.08507
vn -0.792638 0.331009 0.512013
vt -5.15758 7.56236
f 688/2290/521 689/2291/522 686/2292/519

vt -4.6562 8.92106
v 41.6148 25.5507 -22.2288
vt -3.38806 8.97313
vn -0.819954 0.294956 0.490588
vt -3.85115 7.89371
f 688/2293/521 690/2294/523 689/2295/522

v 41.444 26.5961 -21.4168
vt -4.51873 10.4675
vn -0.769338 0.270625 0.578689
vt -3.41343 9.57224
vt -4.68156 9.52007
f 691/2296/524 690/2297/523 688/2298/521

vt -4.63382 10.3966
v 41.7214 26.8953 -22.0959
vt -3.86454 10.9379
vn -0.799454 0.332559 0.500277
vt -3.52084 9.51094
f 691/2299/524 692/2300/525 690/2301/523

vt -4.47884 10.2359
vt -4.78921 11.0671
vt -3.70787 10.7748
f 691/2302/524 680/2303/513 692/2304/525

vt -3.97934 10.4228
vt -5.71201 11.2481
vt -4.28709 11.2549
f 691/2305/524 681/2306/514 680/2307/513

vt -5.47676 9.49843
vt -5.66798 11.3223
vt -3.93614 10.4952
f 687/2308/520 681/2309/514 691/2310/524

vt -5.22322 9.55566
vt -6.68615 9.56382
vt -5.40131 11.3808
f 687/2311/520 683/2312/516 681/2313/514

vt -4.23062 9.63149
vt -5.57488 9.5705
vt -4.03816 10.5733
f 688/2314/521 687/2315/520 691/2316/524

vt -3.74876 10.5804
vt -4.82974 10.8741
vt -3.59253 12.2899
f 692/2317/525 680/2318/513 678/2319/511

vt -3.84313 12.389
v 42.5259 27.533 -23.3667
vt -2.86409 11.8602
vn -0.921829 0.232195 0.310351
vt -4.02504 10.682
f 678/2320/511 693/2321/526 692/2322/525

vt -3.59776 13.8245
vt -2.79762 12.0161
vt -3.77754 12.5432
f 676/2323/509 693/2324/526 678/2325/511

vt -3.48933 13.8665
vt -2.38287 15.0392
vt -2.69328 12.0564
f 676/2326/509 675/2327/508 693/2328/526

vt -2.923 14.9056
v 43.1939 28.7353 -24.1423
vt -2.60062 13.5452
vn -0.849609 -0.070315 -0.522704
vt -3.09629 11.9117
f 675/2329/508 694/2330/527 693/2331/526

vt -2.92303 14.9063
v 43.4253 29.7363 -24.3683
vt -2.56134 14.7215
vn -0.854293 -0.259471 -0.450399
vt -2.59919 13.5462
f 675/2332/508 695/2333/528 694/2334/527

vt -2.90653 14.385
vt -2.33225 15.5695
vt -2.54902 14.1923
f 675/2335/508 664/2336/497 695/2337/528

vt -2.2568 17.0061
vt -2.16443 15.9847
vt -2.79529 14.8294
f 674/2338/507 664/2339/497 675/2340/508

vt -2.27474 17.0024
vt -1.97136 16.963
vt -2.17945 15.9813
f 674/2341/507 665/2342/498 664/2343/497

vt -2.28651 17.1177
vt -1.97703 18.0554
vt -1.98307 17.0788
f 674/2344/507 666/2345/499 665/2346/498

vt -0.839973 17.8063
vt -1.1666 16.8745
vt -1.31661 17.9499
f 666/2347/499 674/2348/507 669/2349/502

vt -1.93353 14.8939
vt -1.42668 13.7199
vt -1.73534 13.5139
f 664/2350/497 612/2351/445 695/2352/528

vt -1.98352 14.5719
vt -1.6691 14.769
vt -1.94318 13.3967
f 695/2353/528 612/2354/445 694/2355/527

vt -1.87068 13.364
vt -1.60215 14.7374
v 43.1326 27.2155 -24.0273
vt -1.55872 11.7123
vn -0.0740544 -0.406862 -0.910483
f 694/2356/527 612/2357/445 696/2358/529

vt -0.776328 14.7385
vt -0.0950227 11.7365
vt -0.609213 11.7178
f 612/2359/445 610/2360/443 696/2361/529

vt -0.595068 11.0393
vt -0.0808954 11.0585
v 42.788 26.5801 -23.6661
vt -0.647455 10.1672
vn -0.343904 -0.242847 -0.907059
f 696/2362/529 610/2363/443 697/2364/530

vt -0.835436 11.9177
v 43.4525 25.7642 -24.1494
vt -0.680067 10.4898
vn 0.332245 -0.306722 -0.891928
vt -1.44052 11.0521
f 610/2365/443 698/2366/531 697/2367/530

vt 0.259856 12.0417
vt 1.074 10.8658
vt 0.419591 10.6143
f 610/2368/443 602/2369/435 698/2370/531

vt 0.531646 10.2714
vt 1.18556 10.5242
vt 0.391461 9.06121
f 698/2371/531 602/2372/435 601/2373/434

vt -0.609809 10.4714
vt -0.79097 9.26672
v 42.5277 25.0998 -23.461
vt -1.23128 9.35364
vn -0.15909 -0.20559 -0.965621
f 698/2374/531 601/2375/434 699/2376/532

vt -1.19721 9.52814
vt -0.756896 9.44123
v 42.0753 24.1393 -23.1663
vt -1.36046 8.32052
vn -0.499578 0.172452 -0.84893
f 699/2377/532 601/2378/434 700/2379/533

vt -1.37461 8.32695
vt -0.771283 9.44778
vt -0.745891 7.01256
f 700/2380/533 601/2381/434 595/2382/428

vt 0.118825 9.45501
vt 1.05376 8.42443
vt 0.112043 7.01967
f 601/2383/434 596/2384/429 595/2385/428

vt 0.277975 9.56238
vt 0.87859 9.55037
vt 1.20863 8.52793
f 601/2386/434 599/2387/432 596/2388/429

vt -0.863187 8.51757
vt -0.257208 7.19255
v 41.8472 23.1051 -23.1022
vt -0.869277 7.33717
vn 0.191609 -0.0208019 -0.981251
f 700/2389/533 595/2390/428 701/2391/534

vt -0.833066 7.41758
vt -0.221343 7.27149
v 41.8709 21.8158 -23.2474
vt -0.590086 6.07177
vn 0.491304 -0.210929 -0.845062
f 701/2392/534 595/2393/428 702/2394/535

vt 0.738095 7.05853
vt 1.25997 5.62559
vt 0.309012 5.87904
f 595/2395/428 594/2396/427 702/2397/535

vt 0.301096 5.85342
vt 1.2521 5.60015
v 40.9594 19.5056 -22.8285
vt -0.14241 3.06011
vn 0.500704 -0.2498 -0.828791
f 702/2398/535 594/2399/427 703/2400/536

vt 0.171206 2.88907
vt 1.56777 5.42799
v 41.4936 18.9797 -22.7789
vt 1.15982 2.48268
vn 0.609569 -0.359628 -0.706465
f 703/2401/536 594/2402/427 704/2403/537

vt 1.32986 2.46239
vt 1.72813 5.40902
vt 2.53905 4.7259
f 704/2404/537 594/2405/427 591/2406/424

vt 2.80028 4.5913
vt 5.27191 2.91879
vt 1.62016 2.31249
f 591/2407/424 389/2408/222 704/2409/537

vt 1.6356 2.2048
vt 5.28657 2.81572
vt 1.50559 0.195743
f 704/2410/537 389/2411/222 388/2412/221

vt 1.69729 2.21028
vt 1.57948 0.200472
v 39.9217 17.4283 -22.442
vt 0.0137126 0.00624877
vn 0.53788 -0.417163 -0.732571
f 704/2413/537 388/2414/221 705/2415/538

vt 1.6527 -0.341681
v 39.682 17.1805 -22.1652
vt 0.18341 -0.982827
vn -0.081955 -0.985735 -0.147005
vt 0.0891063 -0.552714
f 388/2416/221 706/2417/539 705/2418/538

vt 1.71109 -0.439963
v 40.1322 17.2268 -21.9347
vt 1.27789 -0.94781
vn 0.296155 -0.913647 -0.278463
vt 0.250245 -1.1001
f 388/2419/221 707/2420/540 706/2421/539

vt 1.7434 -1.0262
vt 2.1123 -0.469885
v 40.3776 17.3703 -21.5284
vt 2.72823 -0.852892
vn 0.25212 -0.950152 -0.18343
f 707/2422/540 388/2423/221 708/2424/541

vt 2.46852 -1.31993
vt 1.88784 -0.885334
vt 3.28986 -0.892309
f 708/2425/541 388/2426/221 386/2427/219

vt 3.16239 0.870215
vt 3.37717 1.77095
vt 3.81627 1.63912
f 708/2428/541 386/2429/219 439/2430/272

vt 3.95422 -1.08298
vt 3.68714 -0.710348
vt 4.99873 -0.45924
f 439/2431/272 386/2432/219 384/2433/217

v 40.0352 17.2855 -21.6776
vt 0.981334 2.60919
vn -0.508486 -0.683935 0.52314
vt 0.487057 3.17941
vt 0.0792691 4.10272
f 709/2434/542 708/2435/541 439/2436/272

vt 2.43312 -1.33544
vt 2.13377 -1.28347
vt 3.06861 -0.928482
f 709/2437/542 707/2438/540 708/2439/541

v 39.7704 17.2486 -21.978
vt 1.3812 -1.983
vn -0.68186 -0.356238 0.638875
vt 1.91869 -1.6514
vt 2.20886 -1.74142
f 710/2440/543 707/2441/540 709/2442/542

vt 1.99627 1.4508
vt 2.08088 1.03432
vt 1.65333 1.98113
f 710/2443/543 706/2444/539 707/2445/540

v 39.5381 17.6833 -22.039
vt -0.387608 1.54627
vn -0.778126 0.220958 0.587961
vt -0.444666 1.03013
vt -0.864495 1.09616
f 711/2446/544 706/2447/539 710/2448/543

vt -1.08215 1.47198
v 39.6193 17.4075 -22.2697
vt -0.817438 1.22599
vn -0.800355 -0.504541 -0.323836
vt -1.07128 0.952812
f 711/2449/544 712/2450/545 706/2451/539

vt -1.9138 0.4464
v 39.752 17.8318 -22.372
vt -1.60979 0.735483
vn -0.167069 0.0596501 -0.984139
vt -1.62583 0.228078
f 711/2452/544 713/2453/546 712/2454/545

vt -1.67556 0.176738
v 39.9537 18.3721 -22.4222
vt -1.50744 1.11511
vn -0.813817 0.543439 -0.205853
vt -1.37453 0.468915
f 711/2455/544 714/2456/547 713/2457/546

v 40.092 19.7013 -21.9974
vt -2.48421 2.53258
vn -0.789671 0.378681 0.482723
vt -1.67024 1.16885
vt -1.85057 0.232754
f 715/2458/548 714/2459/547 711/2460/544

vt -2.56186 2.49504
v 40.3434 19.4434 -22.5272
vt -1.97619 2.40694
vn -0.130379 0.211501 -0.968643
vt -1.75893 1.12478
f 715/2461/548 716/2462/549 714/2463/547

vt -2.55712 2.53418
v 40.7823 20.7392 -22.6456
vt -2.2231 3.98035
vn -0.742356 0.387871 -0.546319
vt -1.9714 2.44639
f 715/2464/548 717/2465/550 716/2466/549

vt -2.71089 2.62383
v 40.8783 22.2884 -22.2674
vt -3.05931 5.65478
vn -0.817967 0.411152 0.402348
vt -2.35342 4.06439
f 715/2467/548 718/2468/551 717/2469/550

v 40.6091 22.2793 -21.4814
vt -3.49184 5.40238
vn -0.756208 0.32913 0.56553
vt -2.54085 5.65571
vt -2.09347 2.63778
f 719/2470/552 718/2471/551 715/2472/548

vt -3.48409 5.36749
v 41.2071 23.4565 -22.2514
vt -2.92531 6.94827
vn -0.830238 0.377386 0.410224
vt -2.53317 5.62105
f 719/2473/552 720/2474/553 718/2475/551

v 40.8025 23.1319 -21.4
vt -3.89372 6.34241
vn -0.776975 0.29628 0.555453
vt -2.98735 6.98221
vt -3.54961 5.40266
f 721/2476/554 720/2477/553 719/2478/552

vt -4.02698 6.5199
vt -4.10044 8.4207
vt -3.12115 7.16047
f 721/2479/554 689/2480/522 720/2481/553

vt -3.7362 8.4866
vt -3.6911 6.58491
v 40.6933 23.6386 -20.5348
vt -4.94719 6.90712
vn -0.768304 0.256074 0.58663
f 689/2482/522 721/2483/554 722/2484/555

vt -3.6873 6.59643
v 40.5064 21.7724 -20.9142
vt -4.13697 4.96964
vn -0.744887 0.257708 0.61541
vt -4.94334 6.91884
f 721/2485/554 723/2486/556 722/2487/555

vt -3.32885 6.54797
vt -2.98345 5.60869
vt -3.79444 4.92566
f 721/2488/554 719/2489/552 723/2490/556

vt -2.98993 5.61531
v 40.0371 19.6733 -21.3409
vt -2.59166 2.66868
vn -0.730994 0.269243 0.627022
vt -3.80084 4.93219
f 719/2491/552 724/2492/557 723/2493/556

vt -3.11295 5.59374
vt -1.71176 2.83057
vt -2.70849 2.64796
f 719/2494/552 715/2495/548 724/2496/557

vt -1.69209 2.72545
vt -0.993565 0.44449
vt -2.68884 2.54298
f 715/2497/548 711/2498/544 724/2499/557

vt -1.96256 1.01795
vt -2.08098 3.02772
vt -0.427744 0.895952
f 441/2500/274 724/2501/557 711/2502/544

vt -5.82581 3.62166
vt -2.17484 3.01073
vt -2.04483 1.00168
f 442/2503/275 724/2504/557 441/2505/274

vt -5.85043 3.49364
vt -3.3788 5.16615
vt -2.19868 2.88734
f 442/2506/275 723/2507/556 724/2508/557

vt -5.97841 7.80703
vt -3.58363 5.33115
vt -6.03499 3.62907
f 685/2509/518 723/2510/556 442/2511/275

vt -4.57531 7.10059
vt -3.80258 5.13782
vt -6.23414 7.57759
f 722/2512/555 723/2513/556 685/2514/518

vt -4.85088 8.17325
vt -4.57251 7.10739
vt -6.23127 7.58463
f 686/2515/519 722/2516/555 685/2517/518

vt -3.79743 8.50766
vt -5.00445 6.92515
vt -5.3066 7.98452
f 689/2518/522 722/2519/555 686/2520/519

vt -5.88463 7.84182
vt -5.96626 3.66428
v 41.0062 23.6833 -18.8589
vt -7.3829 7.14316
vn -0.709206 0.271378 0.650678
f 685/2521/518 442/2522/275 725/2523/558

v 40.9254 22.5247 -18.532
vt -8.25686 5.5182
vn -0.709606 0.229433 0.666198
vt -7.78335 6.84879
vt -6.27321 3.40946
f 726/2524/559 725/2525/558 442/2526/275

v 42.3031 24.1773 -17.7527
vt -10.3007 7.44371
vn -0.680721 0.286924 0.674013
vt -6.69302 6.76919
vt -7.211 5.45526
f 727/2527/560 725/2528/558 726/2529/559

vt -10.3341 7.27134
vt -7.50478 9.32972
vt -6.72624 6.59758
f 727/2530/560 684/2531/517 725/2532/558

vt -10.3977 7.35315
v 42.8363 26.193 -18.025
vt -10.5467 9.69194
vn -0.669087 0.33478 0.66351
vt -7.56901 9.41231
f 727/2533/560 728/2534/561 684/2535/517

vt -10.2291 7.37476
v 44.4732 26.5832 -16.7157
vt -14.8197 10.3368
vn -0.670589 0.330082 0.664346
vt -10.3755 9.71371
f 727/2536/560 729/2537/562 728/2538/561

v 44.0938 23.966 -15.9787
vt -15.7382 7.24559
vn -0.685203 0.27118 0.675986
vt -14.8638 10.2686
vt -10.2726 7.30764
f 730/2539/563 729/2540/562 727/2541/560

v 45.9218 24.7214 -14.3188
vt -21.0723 8.2572
vn -0.679139 0.303938 0.668125
vt -14.9625 10.2893
vt -15.8355 7.26584
f 731/2542/564 729/2543/562 730/2544/563

v 46.5321 27.2764 -15.0338
vt -20.5254 11.1047
vn -0.662994 0.359014 0.656923
vt -14.9038 10.1154
vt -21.0138 8.08367
f 732/2545/565 729/2546/562 731/2547/564

v 45.0732 28.3497 -17.3409
vt -14.675 11.9895
vn -0.651199 0.38977 0.651167
vt -14.9532 9.81466
vt -20.5742 10.8068
f 733/2548/566 729/2549/562 732/2550/565

vt -14.6175 11.9657
vt -10.4495 9.16597
vt -14.8935 9.79065
f 733/2551/566 728/2552/561 729/2553/562

v 43.7353 28.1408 -18.366
vt -10.9615 11.6874
vn -0.649409 0.380611 0.658333
vt -10.3652 9.29542
vt -14.5364 12.0904
f 734/2554/567 728/2555/561 733/2556/566

vt -11.0005 11.6812
v 42.8456 29.3374 -19.8822
vt -7.17373 12.9959
vn -0.668603 0.3859 0.63565
vt -10.4054 9.28899
f 734/2557/567 735/2558/568 728/2559/561

vt -7.67902 13.6441
vt -7.04744 12.5196
vt -10.8709 11.1953
f 654/2560/487 735/2561/568 734/2562/567

vt -8.50857 13.2387
vt -6.93458 14.3162
vt -7.92451 12.0888
f 654/2563/487 655/2564/488 735/2565/568

vt -8.24601 12.6022
vt -7.19734 14.8026
vt -7.63074 11.3455
f 735/2566/568 655/2567/488 682/2568/515

vt -4.46773 12.2246
vt -7.3868 11.1621
vt -7.01419 14.6263
f 679/2569/512 682/2570/515 655/2571/488

vt -4.26345 12.5449
vt -6.837 14.9175
vt -3.80859 15.1762
f 679/2572/512 655/2573/488 677/2574/510

vt -6.82392 14.6359
vt -4.07285 16.1485
vt -3.79569 14.8967
f 655/2575/488 672/2576/505 677/2577/510

vt -5.65256 14.3337
vt -3.73075 14.5006
vt -6.42844 12.8947
f 656/2578/489 672/2579/505 655/2580/488

vt -4.0501 15.05
vt -3.72792 14.4085
vt -5.64968 14.2409
f 657/2581/490 672/2582/505 656/2583/489

vt -4.27394 16.1174
vt -2.3163 14.9782
vt -4.01675 14.8613
f 672/2584/505 673/2585/506 677/2586/510

vt -7.12427 13.1372
vt -6.46403 11.9035
vt -7.37873 9.15484
f 735/2587/568 682/2588/515 684/2589/517

vt -10.5688 9.45742
vt -7.3321 13.1599
vt -7.59115 9.17784
f 728/2590/561 735/2591/568 684/2592/517

v 44.4562 29.5304 -18.915
vt -10.8877 12.8834
vn -0.629877 0.426343 0.64922
vt -7.62174 13.5265
vt -10.8095 11.0723
f 736/2593/569 654/2594/487 734/2595/567

vt -10.8453 12.5584
vt -9.12186 13.746
vt -7.58024 13.2064
f 736/2596/569 653/2597/486 654/2598/487

vt -10.5735 13.5586
vt -8.95549 13.2981
vt -10.6702 12.098
f 652/2599/485 653/2600/486 736/2601/569

vt -10.9407 13.8108
vt -11.0652 12.3523
vt -16.6612 13.2063
f 652/2602/485 736/2603/569 651/2604/484

vt -11.0274 12.7245
vt -14.5322 11.3131
vt -16.625 13.5689
f 736/2605/569 733/2606/566 651/2607/484

vt -11.0805 12.9404
vt -11.0134 11.1289
vt -14.588 11.5359
f 736/2608/569 734/2609/567 733/2610/566

vt -16.7652 13.4678
vt -14.6874 11.1982
vt -20.4739 11.8562
f 651/2611/484 733/2612/566 649/2613/482

vt -14.6408 11.7634
vt -20.5391 10.5763
vt -20.4284 12.4114
f 733/2614/566 732/2615/565 649/2616/482

v 47.9075 27.3049 -13.6643
vt -24.7401 10.7373
vn -0.666017 0.358191 0.654309
vt -20.4411 12.4193
vt -20.5525 10.5843
f 737/2617/570 649/2618/482 732/2619/565

vt -24.5436 12.6445
vt -20.4346 12.3934
vt -24.7333 10.7106
f 647/2620/480 649/2621/482 737/2622/570

vt -24.8212 12.9305
vt -25.03 10.9985
vt -26.3505 13.1771
f 647/2623/480 737/2624/570 646/2625/479

vt -24.7316 11.0487
v 49.1305 27.0419 -12.26
vt -28.7785 10.8409
vn -0.655847 0.329095 0.679383
vt -26.068 13.2176
f 737/2626/570 738/2627/571 646/2628/479

vt -24.7399 11.2284
v 47.9316 25.104 -12.437
vt -26.9359 8.66103
vn -0.665504 0.319743 0.67444
vt -28.7868 11.0209
f 737/2629/570 739/2630/572 738/2631/571

vt -24.7457 11.2343
vt -21.0468 8.06097
vt -26.9418 8.66701
f 737/2632/570 731/2633/564 739/2634/572

vt -24.7235 11.2591
vt -20.5358 11.1072
vt -21.0243 8.08614
f 737/2635/570 732/2636/565 731/2637/564

vt -25.5348 7.15544
vt -28.3106 6.22754
vt -26.9162 8.91312
vt -21.0212 8.30687
f 457/2638/290 458/2639/291 739/2640/572 731/2641/564 

v 48.8552 23.8441 -11.3201
vt -29.8886 7.508
vn -0.645622 0.29287 0.705266
vt -26.6222 8.79427
vt -28.0195 6.11018
f 740/2642/573 739/2643/572 458/2644/291

v 49.054 25.4203 -11.9638
vt -28.8478 8.91597
vn -0.638548 0.323908 0.698098
vt -26.4592 8.34809
vt -29.7247 7.05961
f 741/2645/574 739/2646/572 740/2647/573

vt -28.6318 9.8226
vt -28.0879 11.6191
vt -26.2433 9.25439
f 741/2648/574 738/2649/571 739/2650/572

vt -28.3936 9.80927
v 50.1234 26.635 -11.8038
vt -30.1085 11.3746
vn -0.617274 0.333016 0.712793
vt -27.8464 11.6047
f 741/2651/574 742/2652/575 738/2653/571

v 50.2355 25.1086 -11.6917
vt -30.0181 10.5895
vn -0.600427 0.303126 0.740001
vt -29.4511 12.2017
vt -27.7465 10.6252
f 743/2654/576 742/2655/575 741/2656/574

v 50.8294 25.8338 -11.7018
vt -30.0501 11.5366
vn -0.581583 0.297906 0.756977
vt -28.6786 12.1968
vt -29.2586 10.5892
f 744/2657/577 742/2658/575 743/2659/576

vt -28.836 9.08884
v 51.0265 27.0804 -12.0412
vt -28.4771 10.5349
vn -0.576504 0.372503 0.727245
vt -27.4634 9.7469
f 744/2660/577 745/2661/578 742/2662/575

v 51.6946 26.4676 -12.0735
vt -28.1483 9.51371
vn -0.522535 0.312317 0.793357
vt -27.0426 9.95673
vt -27.3906 8.50801
f 746/2663/579 745/2664/578 744/2665/577

vt -28.5872 10.6995
v 52.1425 28.192 -12.4685
vt -28.4637 12.7316
vn -0.578428 0.331469 0.745352
vt -27.4808 11.1407
f 746/2666/579 747/2667/580 745/2668/578

vt -27.8678 12.6629
vt -27.9889 10.6306
v 52.7928 27.707 -12.5518
vt -28.8598 12.3617
vn -0.487572 0.222066 0.84437
f 747/2669/580 746/2670/579 748/2671/581

vt -21.5008 14.076
v 52.8249 26.5144 -12.6036
vt -22.623 14.5736
vn -0.325292 0.169651 0.930271
vt -22.35 15.8179
f 746/2672/579 749/2673/582 748/2674/581

vt -22.8863 10.9564
v 51.9127 25.1535 -12.0739
vt -23.4894 9.63687
vn -0.382393 0.208287 0.900218
vt -24.01 11.4507
f 746/2675/579 750/2676/583 749/2677/582

v 51.1682 25.2989 -11.751
vt -23.1536 9.72
vn -0.553841 0.221409 0.802645
vt -23.9567 9.85446
vt -23.3535 11.1739
f 751/2678/584 750/2679/583 746/2680/579

v 51.6152 24.6051 -11.9509
vt -23.3561 11.5613
vn -0.472834 0.26834 0.839298
vt -23.5476 12.2561
vt -22.7446 12.1209
f 752/2681/585 750/2682/583 751/2683/584

vt -14.485 14.5126
v 52.4139 24.6436 -12.4397
vt -15.1893 14.8977
vn 0.087437 0.0887341 0.99221
vt -14.6442 15.2155
f 752/2684/585 753/2685/586 750/2686/583

v 51.3252 22.8166 -11.6851
vt -18.0436 6.3535
vn -0.362905 0.302076 0.881504
vt -18.535 8.75833
vt -17.8274 8.37946
f 754/2687/587 753/2688/586 752/2689/585

vt -8.30518 8.34943
v 52.2745 23.4219 -12.3856
vt -8.96294 9.41453
vn 0.566479 -0.000860612 0.824076
vt -8.79439 10.7547
f 754/2690/587 755/2691/588 753/2692/586

vt -11.6296 6.29364
v 51.8659 22.4558 -12.0741
vt -12.1767 6.15455
vn 0.372598 0.241857 0.895922
vt -12.2878 7.35851
f 754/2693/587 756/2694/589 755/2695/588

vt -10.7585 2.81716
v 51.8186 21.6158 -11.9685
vt -11.4828 1.74748
vn 0.629948 0.262361 0.73098
vt -11.3053 2.67683
f 754/2696/587 757/2697/590 756/2698/589

v 51.0771 20.6162 -11.3308
vt -11.8338 0.855827
vn -0.394944 0.3454 0.851304
vt -12.1979 2.27136
vt -11.4705 3.33894
f 758/2699/591 757/2700/590 754/2701/587

vt -13.5174 0.514123
v 51.5804 20.5532 -11.694
vt -13.9603 0.673754
vn 0.786416 0.229964 0.573295
vt -13.8719 1.93211
f 758/2702/591 759/2703/592 757/2704/590

vt -13.5443 0.440762
v 51.4985 19.8685 -11.5683
vt -14.1053 -0.178427
vn 0.721848 0.130963 0.679547
vt -13.9873 0.600445
f 758/2705/591 760/2706/593 759/2707/592

v 50.9544 19.2907 -11.1403
vt -14.9562 0.0802884
vn -0.259621 0.394835 0.881307
vt -15.2642 0.94371
vt -14.7004 1.56038
f 761/2708/594 760/2709/593 758/2710/591

vt -6.89705 2.87149
v 51.2156 19.0759 -11.3562
vt -7.16702 2.76752
vn 0.697941 0.233952 0.676864
vt -7.21751 3.73038
f 761/2711/594 762/2712/595 760/2713/593

vt -3.10558 -6.7286
v 51.0512 18.0674 -11.0393
vt -3.43495 -8.06668
vn 0.748509 0.430867 0.504072
vt -3.37372 -6.8372
f 761/2714/594 763/2715/596 762/2716/595

v 50.8307 17.4606 -10.7351
vt -3.91587 -8.72461
vn -0.385059 0.423808 0.819827
vt -3.97965 -7.92346
vt -3.6442 -6.58689
f 764/2717/597 763/2718/596 761/2719/594

vt -1.1404 -8.54691
vt -1.40197 -9.05114
vt -1.22226 -7.7474
f 764/2720/597 484/2721/317 763/2722/596

vt 6.89099 -12.6754
vt 6.70965 -12.2786
vt 6.93164 -11.7558
f 483/2723/316 484/2724/317 764/2725/597

vt -30.4897 -0.0727457
vt -30.6368 -1.19126
vt -30.833 -0.926863
f 764/2726/597 482/2727/315 483/2728/316

vt -33.356 0.743617
v 49.876 17.8439 -10.972
vt -31.476 0.914322
vn -0.686097 0.17781 0.705447
vt -33.5178 -0.372871
f 764/2729/597 765/2730/598 482/2731/315

v 50.2909 19.2495 -10.9592
vt -32.0864 4.25837
vn -0.607709 0.274842 0.745085
vt -31.637 2.64326
vt -33.5169 2.47119
f 766/2732/599 765/2733/598 764/2734/597

v 48.6244 19.7815 -11.4827
vt -28.9129 4.25988
vn -0.674085 0.174538 0.717736
vt -31.8775 2.4687
vt -32.3324 4.08225
f 767/2735/600 765/2736/598 766/2737/599

v 48.9081 18.4116 -11.5903
vt -30.2201 3.24265
vn -0.713276 0.0464315 0.699344
vt -32.7034 2.77865
vt -29.7897 4.65156
f 768/2738/601 765/2739/598 767/2740/600

vt -31.9667 2.37352
vt -32.8532 2.84474
vt -30.3771 3.3457
f 480/2741/313 765/2742/598 768/2743/601

v 50.225 16.9001 -10.7958
vt -33.9017 0.550088
vn -0.739717 0.0297539 0.67226
vt -33.0224 1.53754
vt -32.1204 1.09678
f 769/2744/602 765/2745/598 480/2746/313

vt -33.8017 1.19369
vt -34.9075 0.819661
vt -32.9018 2.16228
f 769/2747/602 482/2748/315 765/2749/598

vt -33.8507 -0.720111
vt -34.0053 -1.04457
vt -34.9324 -1.15906
f 769/2750/602 481/2751/314 482/2752/315

vt -33.7473 -1.54914
vt -31.996 -0.912943
vt -33.8943 -1.87714
f 769/2753/602 480/2754/313 481/2755/314

vt -30.4146 3.22081
vt -28.9842 3.13458
vt -31.999 2.24038
f 768/2756/601 463/2757/296 480/2758/313

vt -28.9646 3.37893
vt -30.3947 3.46953
vt -28.1393 4.0926
f 463/2759/296 768/2760/601 462/2761/295

vt -27.7386 4.09287
vt -30.0147 3.55031
vt -29.5676 4.95398
f 462/2762/295 768/2763/601 767/2764/600

vt -27.5031 4.80687
vt -29.3216 5.69006
vt -26.719 6.39252
f 462/2765/295 767/2766/600 459/2767/292

vt -26.3302 5.58728
vt -28.9423 4.9205
vt -27.0906 7.9018
f 459/2768/292 767/2769/600 458/2770/291

v 49.461 21.8961 -11.2723
vt -29.8366 7.40897
vn -0.637968 0.22594 0.736171
vt -26.6853 7.90211
vt -28.5607 4.93569
f 770/2771/603 458/2772/291 767/2773/600

vt -28.5733 9.54185
vt -26.7281 8.11253
vt -29.8791 7.61686
f 740/2774/573 458/2775/291 770/2776/603

v 49.5365 24.1113 -11.2755
vt -28.7968 9.90112
vn -0.605353 0.319793 0.72889
vt -27.7191 9.42116
vt -29.0507 7.51392
f 771/2777/604 740/2778/573 770/2779/603

vt -28.1373 8.35426
vt -29.0012 6.49178
vt -30.0806 6.96791
f 741/2780/574 740/2781/573 771/2782/604

vt -29.9698 7.48114
vt -27.6983 7.51692
vt -29.6335 6.11934
f 743/2783/576 741/2784/574 771/2785/604

v 50.8326 24.3853 -11.5235
vt -29.706 6.75661
vn -0.521536 0.363608 0.771874
vt -28.4279 7.38207
vt -28.0669 6.0266
f 772/2786/605 743/2787/576 771/2788/604

vt -26.2742 1.90827
vt -27.53 1.23905
vt -28.1776 1.83483
f 743/2789/576 772/2790/605 752/2791/585

vt -20.4555 8.24367
vt -21.3626 6.77056
vt -21.1406 8.79589
f 772/2792/605 754/2793/587 752/2794/585

v 50.3985 23.2663 -11.3161
vt -23.4407 8.75336
vn -0.570408 0.262146 0.778405
vt -24.5303 8.63058
vt -23.6277 10.1064
f 773/2795/606 754/2796/587 772/2797/605

vt -24.4126 7.60466
vt -23.3229 7.72721
v 50.3434 21.2208 -11.1663
vt -23.8332 5.52483
vn -0.568969 0.284771 0.771479
f 754/2798/587 773/2799/606 774/2800/607

vt -30.3201 8.57072
vt -29.1461 6.83149
vt -30.7772 6.35668
f 773/2801/606 770/2802/603 774/2803/607

vt -27.875 10.1073
vt -28.1539 7.72295
vt -29.3111 9.47338
f 771/2804/604 770/2805/603 773/2806/606

vt -28.6499 9.09912
vt -27.0081 8.37499
vt -28.4474 7.74828
f 772/2807/605 771/2808/604 773/2809/606

vt -30.6785 6.05507
vt -29.0471 6.5287
vt -31.2081 3.91365
f 774/2810/607 770/2811/603 766/2812/599

vt -30.2233 7.02792
vt -28.9304 4.56344
vt -32.3499 4.38483
f 770/2813/603 767/2814/600 766/2815/599

vt -26.822 5.41514
vt -27.3754 3.27975
vt -27.8703 5.02969
f 774/2816/607 766/2817/599 758/2818/591

vt -28.6328 4.80358
vt -28.1372 3.05383
vt -28.9304 3.33134
f 758/2819/591 766/2820/599 761/2821/594

vt -28.6128 1.71638
vt -30.0575 -0.059339
vt -29.4057 1.99462
f 766/2822/599 764/2823/597 761/2824/594

vt -26.5815 4.7603
vt -27.6297 4.37483
vt -27.1607 6.84015
f 774/2825/607 758/2826/591 754/2827/587

vt -26.7633 14.7348
vt -28.6668 14.6621
vt -28.0899 15.2573
f 743/2828/576 752/2829/585 751/2830/584

vt -29.1837 12.5437
vt -28.6246 13.0051
vt -27.8478 12.0457
f 751/2831/584 744/2832/577 743/2833/576

vt -25.5259 9.80856
vt -26.0919 9.35561
vt -26.2894 10.8099
f 744/2834/577 751/2835/584 746/2836/579

vt 9.50044 -8.27446
vt 9.44164 -9.58921
v 51.3964 18.8326 -11.5584
vt 9.20396 -7.20729
vn 0.932334 -0.176063 -0.31584
f 763/2837/596 484/2838/317 775/2839/608

vt 31.8536 -1.08481
vt 30.2854 1.18836
vt 31.144 1.20133
f 484/2840/317 485/2841/318 775/2842/608

vt 30.2563 3.13865
v 51.9443 20.2922 -12.2285
vt 30.6611 4.99083
vn 0.879299 -0.25385 -0.40298
vt 31.1148 3.15152
f 485/2843/318 776/2844/609 775/2845/608

v 52.2323 20.3214 -13.0313
vt 29.2767 5.37608
vn 0.752395 -0.359953 -0.551665
v 52.6649 21.9775 -13.1827
vt 29.5191 7.28037
vn 0.824934 -0.324063 -0.463105
vt 30.2339 5.09297
vt 29.8298 3.24063
f 777/2846/610 778/2847/611 776/2848/609 485/2849/318 

v 52.9879 22.0333 -13.8726
vt 27.137 7.84423
vn 0.754853 -0.370923 -0.540937
vt 27.8829 7.54608
vt 27.6447 5.64125
f 779/2850/612 778/2851/611 777/2852/610

vt 28.0715 7.99643
vt 27.3257 8.29491
v 53.3257 23.1982 -13.9849
vt 27.5171 9.64737
vn 0.799546 -0.266902 -0.538042
f 778/2853/611 779/2854/612 780/2855/613

v 53.3109 22.314 -15.002
vt 28.8568 8.26221
vn 0.736697 -0.31925 -0.596118
vt 30.4986 8.98633
vt 30.2961 7.63549
f 781/2856/614 780/2857/613 779/2858/612

vt 29.9765 7.95059
vt 31.2547 7.32513
vt 29.6156 6.59512
f 492/2859/325 780/2860/613 781/2861/614

vt 29.6532 2.79681
vt 28.3974 3.46604
v 53.109 23.8938 -13.4258
vt 30.3008 3.3926
vn 0.826924 -0.344107 -0.444732
f 780/2862/613 492/2863/325 782/2864/615

vt 30.6731 13.1773
vt 28.7697 13.25
v 53.5476 24.1659 -14.1001
vt 30.0962 13.7725
vn 0.765006 -0.406586 -0.499454
f 782/2865/615 492/2866/325 783/2867/616

vt 30.3451 12.1763
vt 30.9042 11.7149
vt 29.5683 11.2169
f 493/2868/326 783/2869/616 492/2870/325

vt 28.534 9.43903
vt 27.968 9.89199
vt 28.7315 10.8933
f 783/2871/616 493/2872/326 495/2873/328

v 53.2632 24.5105 -13.4072
vt 26.9083 9.86398
vn 0.843533 -0.366561 -0.392538
vt 26.1052 9.72952
vt 26.305 11.1835
f 784/2874/617 783/2875/616 495/2876/328

vt 26.561 11.9009
vt 26.3694 11.2061
vt 25.758 11.7658
f 784/2877/617 782/2878/615 783/2879/616

v 52.7842 24.2126 -12.8557
vt 21.7025 13.3054
vn 0.939442 -0.335352 -0.0706234
vt 21.1058 13.1829
vt 21.2768 13.8831
f 785/2880/618 782/2881/615 784/2882/617

vt 22.6444 8.771
v 52.364 22.2633 -12.6116
vt 22.5316 6.54198
vn 0.956277 -0.233747 -0.175773
vt 22.0474 8.64997
f 785/2883/618 786/2884/619 782/2885/615

vt 9.95095 8.29966
vt 9.55163 7.15286
vt 9.67545 9.38129
f 755/2886/588 786/2887/619 785/2888/618

vt 7.54885 7.97567
vt 7.03948 8.03234
vt 7.43752 9.17959
f 756/2889/589 786/2890/619 755/2891/588

vt 6.65131 -0.105444
vt 6.56404 -1.04755
vt 6.14209 -0.0474742
f 756/2892/589 757/2893/590 786/2894/619

vt 15.6114 3.49847
vt 15.1646 2.19069
vt 15.147 4.47957
f 757/2895/590 776/2896/609 786/2897/619

vt 19.4479 1.22328
vt 18.9204 1.16695
vt 19.3489 2.48084
f 759/2898/592 776/2899/609 757/2900/590

vt 19.6586 -0.71707
vt 19.6901 -1.50421
vt 19.1312 -0.774053
f 759/2901/592 760/2902/593 776/2903/609

vt 23.5271 0.949543
vt 23.0989 2.79497
vt 23.6732 2.07683
f 775/2904/608 776/2905/609 760/2906/593

vt 5.1436 3.41704
vt 4.91966 3.25635
vt 5.0924 4.37986
f 762/2907/595 775/2908/608 760/2909/593

vt 12.4354 -7.18859
vt 12.111 -6.12958
vt 12.3299 -5.96212
f 763/2910/596 775/2911/608 762/2912/595

vt 24.485 2.97287
vt 23.7908 5.16688
vt 24.4012 5.26028
f 776/2913/609 778/2914/611 786/2915/619

vt 23.5354 6.84601
vt 23.6595 9.04661
vt 24.1459 6.93912
f 778/2916/611 782/2917/615 786/2918/619

vt 24.2013 6.81428
vt 23.6396 8.46274
vt 24.3248 9.01491
f 778/2919/611 780/2920/613 782/2921/615

vt 6.61827 7.44048
vt 6.34408 8.52245
vt 6.79023 8.78024
f 755/2922/588 785/2923/618 753/2924/586

vt 5.00944 11.8444
vt 4.56359 11.5861
v 53.3449 25.9073 -13.185
vt 4.5384 13.6102
vn 0.911375 -0.389894 -0.131827
f 753/2925/586 785/2926/618 787/2927/620

vt 18.3485 11.2062
vt 17.9147 11.7778
vt 18.3842 13.2302
f 785/2928/618 784/2929/617 787/2930/620

vt 25.5313 9.19937
vt 24.9296 10.5196
vt 26.0083 10.6493
f 784/2931/617 495/2932/328 787/2933/620

vt 25.6051 13.9282
vt 24.5265 13.7976
vt 25.374 15.5403
f 787/2934/620 495/2935/328 497/2936/330

vt 20.0597 13.6448
vt 19.7914 15.2511
v 53.4701 27.2039 -12.9979
vt 20.4982 15.0136
vn 0.522951 -0.330646 0.785617
f 787/2937/620 497/2938/330 788/2939/621

vt 21.5599 17.7532
vt 20.8544 17.9947
v 53.9899 28.5852 -13.1351
vt 21.7965 19.4241
vn 0.498179 -0.497014 0.71049
f 788/2940/621 497/2941/330 789/2942/622

vt 20.9446 20.0371
vt 20.0119 18.6016
vt 20.6997 21.1702
f 789/2943/622 497/2944/330 499/2945/332

vt 23.544 19.9756
vt 23.3247 21.114
v 54.3477 29.4461 -13.214
vt 23.7339 21.0353
vn 0.557497 -0.456707 0.693264
f 789/2946/622 499/2947/332 790/2948/623

vt 23.3157 19.2543
vt 22.9062 19.3316
v 54.7047 30.312 -13.3836
vt 23.3823 20.3203
vn 0.493896 -0.514369 0.701064
f 790/2949/623 499/2950/332 791/2951/624

vt 11.8925 25.9318
vt 11.509 24.9035
vt 12.0801 27.3102
f 791/2952/624 499/2953/332 501/2954/334

v 54.7947 30.8525 -13.3059
vt -1.97332 27.9184
vn -0.383059 0.0481578 0.922468
vt -2.05807 27.3024
vt -2.05553 28.6935
f 792/2955/625 791/2956/624 501/2957/334

v 53.928 29.6883 -12.9524
vt -2.26901 26.3145
vn -0.454477 0.159637 0.876337
vt -2.73095 27.3531
vt -2.65023 27.9697
f 793/2958/626 791/2959/624 792/2960/625

vt -17.8331 18.5027
vt -18.2648 18.4259
vt -18.4055 19.4847
f 793/2961/626 790/2962/623 791/2963/624

vt -18.5299 21.854
vt -18.7633 20.7173
vt -18.9613 21.7755
f 793/2964/626 789/2965/622 790/2966/623

vt -16.008 19.2043
vt -16.9428 20.6402
vt -16.6936 21.7735
f 748/2967/581 789/2968/622 793/2969/626

vt -16.9185 18.5809
vt -17.6292 18.3394
vt -17.8626 20.0107
f 748/2970/581 788/2971/621 789/2972/622

vt -15.4794 14.7181
vt -15.7793 13.48
vt -16.1916 14.481
f 748/2973/581 749/2974/582 788/2975/621

vt -7.44124 16.9364
v 52.8338 25.8364 -12.698
vt -7.60608 16.2353
vn 0.239402 -0.109899 0.964681
vt -7.82404 17.9491
f 749/2976/582 794/2977/627 788/2978/621

vt -5.62203 14.8424
vt -6.2311 15.9776
vt -6.06169 16.6776
f 750/2979/583 794/2980/627 749/2981/582

vt -12.1491 11.2225
vt -12.697 10.9096
vt -12.7805 12.3454
f 750/2982/583 753/2983/586 794/2984/627

vt 4.71763 11.7711
vt 4.24556 13.5367
vt 4.6757 13.2087
f 753/2985/586 787/2986/620 794/2987/627

vt 8.20927 17.4012
vt 7.78384 17.7353
vt 8.14139 19.1275
f 794/2988/627 787/2989/620 788/2990/621

v 53.2087 29.3578 -12.7649
vt -28.8232 15.895
vn -0.588478 0.30647 0.748178
vt -28.7613 13.9855
vt -29.6376 16.4961
f 795/2991/628 748/2992/581 793/2993/626

vt -29.3376 13.9112
vt -29.4031 15.8206
vt -28.3458 14.2127
f 748/2994/581 795/2995/628 747/2996/580

vt -30.951 12.513
vt -32.0074 14.1216
v 52.3431 29.367 -12.8183
vt -30.5843 13.8857
vn -0.608463 0.380786 0.696257
f 747/2997/580 795/2998/628 796/2999/629

vt -31.9644 14.3919
vt -33.1432 17.3334
vt -30.5413 14.1563
f 795/3000/628 506/3001/339 796/3002/629

vt -29.8929 16.1445
vt -30.2574 18.4853
vt -29.078 15.544
f 793/3003/626 506/3004/339 795/3005/628

vt -27.8985 18.2862
vt -27.5735 19.0702
vt -27.2249 16.727
f 792/3006/625 506/3007/339 793/3008/626

vt -30.4955 19.6126
vt -29.9153 19.6659
vt -30.2326 18.8788
f 501/3009/334 506/3010/339 792/3011/625

vt -29.4655 14.6651
vt -30.0456 14.6114
vt -29.9185 15.0265
f 506/3012/339 501/3013/334 502/3014/335

vt -27.5602 16.9992
vt -28.0166 17.3565
vt -28.0019 17.6015
f 506/3015/339 502/3016/335 503/3017/336

vt -32.4617 16.0372
vt -31.8064 13.3946
vt -34.3668 16.6053
f 507/3018/340 796/3019/629 506/3020/339

vt -28.3725 14.2462
vt -31.6793 13.3548
vt -32.3413 15.9957
f 642/3021/475 796/3022/629 507/3023/340

vt -28.3065 13.8914
v 50.667 28.1374 -12.538
vt -29.6185 11.1163
vn -0.594822 0.418445 0.68636
vt -31.6121 12.9955
f 642/3024/475 797/3025/630 796/3026/629

vt -26.2444 11.2711
vt -28.978 10.3674
vt -27.7027 13.1595
f 643/3027/476 797/3028/630 642/3029/475

vt -26.2996 11.5046
v 49.4516 27.597 -12.3699
vt -27.4724 9.62182
vn -0.626202 0.385903 0.677458
vt -29.0342 10.6039
f 643/3030/476 798/3031/631 797/3032/630

vt -25.9765 13.1052
vt -28.931 11.4306
vt -27.7115 13.2834
f 646/3033/479 798/3034/631 643/3035/476

vt -25.9117 12.939
vt -28.6163 10.5556
vt -28.8644 11.2613
f 646/3036/479 738/3037/571 798/3038/631

vt -30.0108 10.4193
vt -28.0029 11.3529
vt -27.7486 10.6494
f 742/3039/575 798/3040/631 738/3041/571

vt -29.4054 8.7676
vt -28.9673 10.6958
vt -27.4043 9.71563
f 742/3042/575 797/3043/630 798/3044/631

vt -28.767 8.3049
vt -29.7706 9.1058
vt -28.3489 10.2375
f 742/3045/575 745/3046/578 797/3047/630

vt -30.4938 10.4446
vt -31.071 13.4238
vt -29.061 11.5622
f 745/3048/578 796/3049/629 797/3050/630

vt -28.8671 10.4038
vt -29.8416 12
vt -29.4839 13.3751
f 745/3051/578 747/3052/580 796/3053/629

v 52.5106 31.2774 -14.0642
vt -30.2628 14.6763
vn -0.571326 0.570497 0.590017
vt -28.8447 13.1687
vt -32.7849 14.9815
f 799/3054/632 642/3055/475 507/3056/340

vt -29.1331 14.8369
vt -29.1981 13.2969
vt -30.5754 14.8419
f 641/3057/474 642/3058/475 799/3059/632

vt -30.5775 12.8989
vt -30.4643 13.8847
vt -29.1351 12.8934
f 799/3060/632 557/3061/390 641/3062/474

vt -30.5846 12.9475
vt -32.499 13.8437
vt -30.47 13.9331
f 799/3063/632 508/3064/341 557/3065/390

vt -30.3498 13.4364
vt -32.8699 13.7582
vt -32.2918 14.2709
f 799/3066/632 507/3067/340 508/3068/341

vt -29.2313 13.1228
vt -30.5312 14.1521
vt -28.4492 13.6023
f 641/3069/474 557/3070/390 639/3071/472

vt -28.946 16.1408
vt -27.0275 15.5682
vt -27.0909 15.0473
f 557/3072/390 559/3073/392 639/3074/472

vt -29.7282 15.8129
vt -29.2801 16.0074
vt -27.7692 15.3994
f 557/3075/390 558/3076/391 559/3077/392

vt -28.4512 7.79102
vt -28.524 8.31069
vt -26.8734 7.78185
f 639/3078/472 559/3079/392 638/3080/471

vt -23.7932 15.4825
vt -25.0623 16.6631
vt -23.7477 15.9503
f 638/3081/471 559/3082/392 560/3083/393

vt -19.6112 21.4181
vt -19.4452 21.8578
vt -18.7177 20.955
f 638/3084/471 560/3085/393 561/3086/394

vt -23.6374 18.5713
vt -22.6578 18.3405
vt -22.7926 17.3723
f 638/3087/471 561/3088/394 636/3089/469

vt -25.5251 5.01388
vt -25.8852 5.92259
v 51.6457 31.2127 -16.6862
vt -25.2101 5.75753
vn 0.0042187 0.998006 0.0629825
f 636/3090/469 561/3091/394 800/3092/633

vt -24.9697 7.67929
vt -25.598 7.97634
vt -23.4944 7.55089
f 800/3093/633 561/3094/394 562/3095/395

vt 25.2201 4.1748
vt 23.7504 3.99356
v 51.1522 31.3068 -17.0251
vt 23.949 4.31861
vn -0.0508399 0.992328 0.112698
f 800/3096/633 562/3097/395 801/3098/634

vt 23.5341 7.27003
vt 23.3799 6.92169
vt 20.4355 6.80461
f 801/3099/634 562/3100/395 563/3101/396

vt -20.7468 6.25992
vt -23.9969 7.09534
vt -20.8684 6.92188
f 569/3102/402 801/3103/634 563/3104/396

vt -23.831 7.26884
vt -23.9447 7.87023
vt -20.6509 7.22862
f 633/3105/466 801/3106/634 569/3107/402

vt -23.8423 7.37253
vt -25.5454 7.35035
vt -23.9532 7.97445
f 633/3108/466 636/3109/469 801/3110/634

vt -24.9253 1.27106
vt -24.7125 2.05016
vt -23.4347 2.10947
f 636/3111/469 800/3112/633 801/3113/634

vt 28.6881 8.24883
vt 30.9597 8.21304
vt 30.6233 6.85124
f 489/3114/322 492/3115/325 781/3116/614

vt 29.7882 6.951
vt 28.9243 8.81348
vt 30.8675 7.42713
f 488/3117/321 489/3118/322 781/3119/614

vt 29.0295 8.70426
vt 30.1072 9.18422
vt 30.3611 6.79702
f 488/3120/321 781/3121/614 487/3122/320

vt 29.7604 7.05362
vt 29.4815 9.43801
vt 30.9176 8.80405
f 487/3123/320 781/3124/614 779/3125/612

vt 30.4218 6.36568
vt 31.5958 8.1049
vt 32.0529 5.89086
f 487/3126/320 779/3127/612 777/3128/610

vt 30.3588 6.18651
vt 31.9902 5.71288
vt 32.5198 3.57145
f 487/3129/320 777/3130/610 485/3131/318

vt 29.7503 3.81217
vt 31.0432 6.27665
vt 33.1698 3.63356
f 486/3132/319 487/3133/320 485/3134/318

vt -25.5994 7.35639
vt -21.0868 8.5119
vt -17.9277 5.71002
f 457/3135/290 731/3136/564 454/3137/287

vt -17.8414 5.83071
vt -20.9946 8.6391
vt -15.759 7.64165
f 454/3138/287 731/3139/564 730/3140/563

vt -17.8794 5.84908
vt -15.7988 7.66216
vt -13.7787 5.3114
f 454/3141/287 730/3142/563 452/3143/285

vt -13.6334 5.47632
vt -15.643 7.8361
v 43.1984 23.3051 -16.6815
vt -13.2851 7.01207
vn -0.689528 0.246006 0.681199
f 452/3144/285 730/3145/563 802/3146/635

vt -13.3823 6.74899
vt -15.7422 7.56716
vt -10.2766 7.62946
f 802/3147/635 730/3148/563 727/3149/560

vt -10.215 5.59922
vt -13.4202 6.84935
vt -10.3153 7.73258
f 450/3150/283 802/3151/635 727/3152/560

vt -13.7055 5.45668
vt -13.3609 6.99327
vt -10.1579 5.73745
f 452/3153/285 802/3154/635 450/3155/283

vt -9.97504 5.67245
vt -10.0618 7.8064
vt -6.98051 5.80496
f 450/3156/283 727/3157/560 726/3158/559

vt -9.9797 5.75972
vt -6.98518 5.89262
vt -8.75709 4.44872
f 450/3159/283 726/3160/559 448/3161/281

vt -8.96746 4.58799
vt -7.20735 6.04624
vt -7.7481 4.45477
f 448/3162/281 726/3163/559 446/3164/279

vt -8.44214 4.22809
vt -7.97674 5.8432
vt -6.04282 3.68876
f 446/3165/279 726/3166/559 442/3167/275

vt -8.36336 4.47324
vt -5.96916 3.91167
vt -7.32782 2.8601
f 446/3168/279 442/3169/275 444/3170/277

vt -7.76024 9.25647
vt -5.4752 7.20568
vt -6.98146 6.5244
f 684/3171/517 685/3172/518 725/3173/558

vt -0.844227 1.08246
vt -1.8994 1.66468
vt -0.365585 1.53071
f 710/3174/543 441/3175/274 711/3176/544

vt -0.671692 1.33368
vt -1.53144 1.39864
vt -1.70511 1.95369
f 710/3177/543 709/3178/542 441/3179/274

vt -1.50609 2.05186
vt -1.35436 1.49041
vt -3.0253 1.99269
f 441/3180/274 709/3181/542 439/3182/272

vt -4.28205 8.28287
v 41.894 25.2693 -22.7663
vt -3.20968 9.24733
vn -0.931934 0.279534 0.230998
vt -3.30085 7.02412
f 689/3183/522 803/3184/636 720/3185/553

vt -3.81483 9.39655
vt -3.23668 9.29468
vt -4.31028 8.33159
f 690/3186/523 803/3187/636 689/3188/522

vt -3.8043 9.42328
v 41.9774 26.61 -22.6875
vt -3.50105 10.7469
vn -0.905235 0.271634 0.32675
vt -3.22622 9.32103
f 690/3189/523 804/3190/637 803/3191/636

vt -4.07021 10.8726
vt -3.39638 10.7709
vt -3.71036 9.44969
f 692/3192/525 804/3193/637 690/3194/523

vt -4.08589 10.7835
vt -2.92163 11.9584
vt -3.41204 10.6818
f 692/3195/525 693/3196/526 804/3197/637

vt -3.46843 10.3878
vt -3.03399 11.6844
vt -2.6062 10.8066
f 804/3198/637 693/3199/526 697/3200/530

vt -2.90913 11.8056
vt -2.2685 11.7882
vt -2.46364 10.9366
f 693/3201/526 696/3202/529 697/3203/530

v 42.9779 27.8703 -23.9293
vt -2.50137 11.8165
vn -0.897096 -0.150165 -0.415534
vt -2.27407 11.1657
vt -2.91468 11.1837
f 805/3204/638 696/3205/529 693/3206/526

vt -1.81953 12.345
vt -1.84648 13.3695
vt -1.53229 11.7183
f 805/3207/638 694/3208/527 696/3209/529

vt -2.60263 13.5612
vt -2.65409 12.5376
vt -3.10204 11.9288
f 694/3210/527 805/3211/638 693/3212/526

vt -3.54809 10.7326
vt -2.68292 11.1453
v 42.3773 25.6663 -23.3462
vt -2.79883 9.99302
vn -0.954394 0.0870045 -0.28559
f 804/3213/637 697/3214/530 806/3215/639

vt -1.70192 9.90883
vt -1.57505 11.06
vt -1.43983 9.38021
f 806/3216/639 697/3217/530 699/3218/532

vt -1.42815 11.0709
vt -0.667612 10.5087
vt -1.28995 9.39135
f 697/3219/530 698/3220/531 699/3221/532

vt -2.98548 8.65392
vt -2.56938 9.35857
vt -2.34548 8.81269
f 803/3222/636 806/3223/639 699/3224/532

vt -3.57865 10.7086
vt -2.82868 9.96977
vt -3.28038 9.2874
f 804/3225/637 806/3226/639 803/3227/636

vt -3.0964 9.36602
vt -2.45538 9.52063
vt -2.55732 8.3063
f 803/3228/636 699/3229/532 700/3230/533

vt -3.22826 9.31583
vt -2.67781 8.26197
vt -3.36018 7.09467
f 803/3231/636 700/3232/533 720/3233/553

vt -3.39177 6.90571
vt -2.74256 8.09179
v 41.5027 23.1252 -22.7845
vt -2.82614 6.75271
vn -0.859442 0.50572 -0.0748822
f 720/3234/553 700/3235/533 807/3236/640

vt -2.26374 8.36612
vt -2.17473 7.18906
vt -2.47504 7.04118
f 700/3237/533 701/3238/534 807/3239/640

vt -2.53792 7.04802
vt -2.23868 7.19805
v 41.4507 21.7063 -23.0338
vt -2.13596 5.56017
vn 0.0743252 0.0561349 -0.995653
f 807/3240/640 701/3241/534 808/3242/641

vt -0.963955 5.78288
vt -0.827799 7.41832
vt -0.585372 6.07241
f 808/3243/641 701/3244/534 702/3245/535

vt -0.831115 5.6866
vt -0.449843 5.97258
v 41.1071 20.5812 -22.8995
vt -0.931597 4.36324
vn 0.333017 -0.180096 -0.925562
f 808/3246/641 702/3247/535 809/3248/642

vt -0.188612 5.91655
vt -0.594561 3.11754
vt -0.68824 4.31267
f 702/3249/535 703/3250/536 809/3251/642

vt -1.95715 4.21939
vt -1.64651 4.20197
vt -1.519 3.00998
f 717/3252/550 809/3253/642 703/3254/536

vt -1.94812 4.34431
vt -1.60107 5.65341
vt -1.63748 4.32674
f 717/3255/550 808/3256/641 809/3257/642

v 41.0821 21.9679 -22.6666
vt -2.41526 5.69196
vn -0.855591 0.506647 -0.106173
vt -2.03107 5.60014
vt -2.31312 4.27552
f 810/3258/643 808/3259/641 717/3260/550

vt -2.39402 7.09894
vt -2.02418 5.60278
vt -2.40826 5.69506
f 807/3261/640 808/3262/641 810/3263/643

vt -2.83002 6.75554
vt -2.64156 5.3643
vt -3.08166 5.5618
f 807/3264/640 810/3265/643 718/3266/551

vt -3.06151 5.654
vt -2.62045 5.45867
vt -2.3562 4.06335
f 718/3267/551 810/3268/643 717/3269/550

vt -3.39213 6.89983
vt -2.82654 6.74671
vt -3.07589 5.5525
f 720/3270/553 807/3271/640 718/3272/551

vt -1.39928 2.94019
vt -1.19718 4.48147
vt -0.808445 3.25528
f 716/3273/549 717/3274/550 703/3275/536

vt -1.38427 2.92058
vt -0.793038 3.23494
v 40.3706 18.326 -22.614
vt -1.15425 1.75597
vn 0.533407 -0.229104 -0.814241
f 716/3276/549 703/3277/536 811/3278/644

vt -0.20379 1.55063
vt 0.221472 3.01246
vt 1.21015 2.60622
f 811/3279/644 703/3280/536 704/3281/537

vt -0.503038 0.417512
vt -0.189546 1.53182
vt 1.22452 2.58724
f 705/3282/538 811/3283/644 704/3284/537

vt -1.42669 0.937986
vt -0.868504 1.69619
vt -1.15963 0.575836
f 713/3285/546 811/3286/644 705/3287/538

vt -1.48663 1.68384
vt -1.05522 1.80038
vt -1.60272 1.03442
f 714/3288/547 811/3289/644 713/3290/546

vt -1.26867 2.94992
vt -1.04949 1.78323
vt -1.48095 1.66693
f 716/3291/549 811/3292/644 714/3293/547

vt -1.73689 0.701049
vt -1.46739 0.340711
vt -1.74179 0.193415
f 713/3294/546 705/3295/538 712/3296/545

vt -1.26341 -0.702227
vt -1.00011 -0.535902
vt -1.01033 -0.976113
f 712/3297/545 705/3298/538 706/3299/539

vt 2.44949 11.8859
vt 1.08063 12.0072
vt 1.66508 12.0962
f 661/3300/494 662/3301/495 670/3302/503

vt 1.73633 14.1541
vt 1.14965 14.0813
vt 0.884145 14.4441
f 670/3303/503 662/3304/495 668/3305/501

vt 0.0194454 17.2093
vt 0.361909 16.9181
vt -0.176172 17.1464
f 668/3306/501 662/3307/495 667/3308/500

vt -0.176367 17.2236
vt -0.578423 18.499
vt -0.0290285 18.2994
f 663/3309/496 667/3310/500 662/3311/495

vt -21.1024 12.3175
vt -23.7594 13.7085
vt -21.1692 13.8089
f 650/3312/483 634/3313/467 632/3314/465

vt -24.1667 12.2346
vt -23.7381 13.7553
vt -21.0778 12.3707
f 648/3315/481 634/3316/467 650/3317/483

vt -24.399 14.765
vt -24.5454 16.1782
vt -23.8422 16.2437
f 648/3318/481 635/3319/468 634/3320/467

vt -24.4881 13.9705
vt -25.8918 13.9447
vt -24.6832 15.3778
f 648/3321/481 645/3322/478 635/3323/468

vt -24.5665 14.2963
vt -25.7363 12.8313
vt -27.095 13.4322
f 635/3324/468 645/3325/478 644/3326/477

vt -26.6678 13.4726
vt -24.4815 13.304
vt -26.9997 12.4105
f 637/3327/470 635/3328/468 644/3329/477

vt -11.1899 8.17475
vt -13.8458 8.51772
vt -11.3539 8.74711
f 628/3330/461 571/3331/404 572/3332/405

vt -11.061 8.00156
vt -11.2388 8.56976
vt -10.0999 8.08534
f 628/3333/461 572/3334/405 627/3335/460

vt -10.9805 9.74928
vt -9.71954 9.8392
vt -9.82097 9.3165
f 572/3336/405 578/3337/411 627/3338/460

vt -10.0751 9.82749
vt -9.95384 10.346
vt -8.70137 10.0881
f 627/3339/460 578/3340/411 624/3341/457

vt -10.2368 7.45672
vt -8.06505 7.62178
vt -9.00292 7.12094
f 578/3342/411 579/3343/412 624/3344/457

vt 5.19365 7.23749
vt 7.47869 9.28829
vt 6.69991 6.55621
f 590/3345/423 588/3346/421 589/3347/422

vt 3.31209 6.44186
vt 3.59046 7.50772
vt 4.97085 6.9191
f 592/3348/425 597/3349/430 590/3350/423

vt 28.7085 11.5899
vt 30.7164 10.6564
vt 28.4542 10.8865
f 515/3351/348 491/3352/324 490/3353/323

vt 29.9557 11.5209
vt 30.3937 9.59277
vt 28.3926 10.5408
f 513/3354/346 491/3355/324 515/3356/348

vt 31.0093 9.97301
vt 30.0058 9.17211
vt 29.5877 11.1047
f 494/3357/327 491/3358/324 513/3359/346

vt 32.0177 13.9397
vt 31.4404 10.9606
vt 30.0077 12.0782
f 511/3360/344 494/3361/327 513/3362/346

vt 31.3849 12.3808
vt 30.4104 10.7847
vt 31.0272 13.7559
f 496/3363/329 494/3364/327 511/3365/344

vt 33.1623 14.4095
vt 32.1059 12.8009
vt 31.7392 14.1736
f 498/3366/331 496/3367/329 511/3368/344

vt 34.3152 17.5182
vt 33.1364 14.5767
vt 31.7133 14.3411
f 500/3369/333 498/3370/331 511/3371/344

vt -3.75292 7.44137
vt -2.65121 5.9671
vt -4.58596 7.54422
f 436/3372/269 382/3373/215 380/3374/213

vt 6.3103 -5.14427
vt 7.11675 -4.91152
vt 7.93487 -5.68835
f 436/3375/269 380/3376/213 434/3377/267

vt 9.42279 -2.6307
vt 8.39444 -2.16673
vt 10.8277 -2.19655
f 434/3378/267 380/3379/213 379/3380/212

vt 9.27973 -3.00534
vt 10.703 -2.63564
vt 10.6813 -3.10891
f 434/3381/267 379/3382/212 433/3383/266

vt 11.0762 -1.4687
vt 11.0268 -0.997513
v 43.7997 17.9876 -18.3246
vt 12.4656 -1.27674
vn -0.24731 -0.94396 0.218578
f 433/3384/266 379/3385/212 812/3386/645

vt 11.0926 0.0237674
vt 11.7876 0.330227
vt 12.5484 -0.14633
f 379/3387/212 377/3388/210 812/3389/645

vt 12.5561 0.801314
vt 11.7633 1.22255
vt 13.7833 1.22349
f 812/3390/645 377/3391/210 374/3392/207

vt -9.77791 9.7447
vt -9.00774 8.80277
vt -10.1451 9.42786
f 428/3393/261 812/3394/645 374/3395/207

vt -10.7697 5.44967
vt -11.5588 5.04033
vt -12.6067 5.65852
f 431/3396/264 812/3397/645 428/3398/261

vt -11.1045 4.76928
vt -10.4679 4.19797
vt -11.8659 4.31054
f 431/3399/264 433/3400/266 812/3401/645

vt -10.9251 -7.9303
vt -10.6712 -8.34353
vt -11.4942 -9.10698
f 428/3402/261 374/3403/207 373/3404/206

vt 23.9238 -2.28332
v 48.268 17.687 -15.0432
vt 24.0547 -1.7677
vn 0.388899 -0.811089 -0.436913
vt 25.3656 -2.02792
f 367/3405/200 813/3406/646 422/3407/255

vt 24.0815 -1.01823
vt 21.1385 -0.872514
vt 24.1847 -0.496362
f 367/3408/200 366/3409/199 813/3410/646

vt 21.0631 -1.07446
vt 20.5993 -0.613204
vt 24.1191 -0.789395
f 366/3411/199 368/3412/201 813/3413/646

vt 20.6296 0.24114
v 48.8797 17.9435 -15.4935
vt 24.3342 0.790114
vn 0.541063 -0.610214 -0.578696
vt 24.151 0.102958
f 368/3414/201 814/3415/647 813/3416/646

vt 20.6371 0.240608
v 47.6931 18.022 -16.6591
vt 20.7409 0.766184
vn 0.49083 -0.627617 -0.604304
vt 24.3403 0.799293
f 368/3417/201 815/3418/648 814/3419/647

vt 15.4064 -4.53876
v 48.1726 18.4678 -17.165
vt 15.7977 -3.28535
vn 0.56263 -0.558397 -0.609623
vt 15.688 -4.08297
f 368/3420/201 816/3421/649 815/3422/648

v 46.1356 18.0409 -17.671
vt 16.8259 0.723163
vn 0.497654 -0.697938 -0.514998
vt 20.6114 1.82711
vt 20.6277 0.514165
f 817/3423/650 816/3424/649 368/3425/201

vt 16.8358 0.733421
v 46.7603 18.4038 -18.1489
vt 16.9814 1.51856
vn 0.572881 -0.579313 -0.579831
vt 20.6179 1.84902
f 817/3426/650 818/3427/651 816/3428/649

vt 16.9046 1.27128
v 46.1674 18.3143 -18.7317
vt 15.2419 1.8851
vn 0.581165 -0.584304 -0.566423
vt 17.0243 2.06079
f 817/3429/650 819/3430/652 818/3431/651

vt 15.5536 0.110057
vt 15.2147 1.31126
vt 16.8609 0.654526
f 372/3432/205 819/3433/652 817/3434/650

vt 14.2357 4.1174
vt 14.0229 4.93578
vt 14.6568 3.8606
f 375/3435/208 819/3436/652 372/3437/205

vt 13.0482 0.898533
vt 15.1832 1.33696
vt 15.1882 0.491384
f 376/3438/209 819/3439/652 375/3440/208

vt 13.0221 0.964013
v 45.8194 18.8295 -19.9973
vt 12.6165 2.17977
vn 0.603113 -0.51814 -0.606453
vt 15.1604 1.38621
f 376/3441/209 820/3442/653 819/3443/652

v 44.6675 18.3722 -20.3116
vt 10.5284 1.797
vn 0.587978 -0.576862 -0.56702
vt 12.6722 2.64156
vt 13.1175 1.43974
f 821/3444/654 820/3445/653 376/3446/209

vt 10.5001 1.79149
v 45.2105 18.9729 -20.8789
vt 10.3529 2.77361
vn 0.628998 -0.49458 -0.599793
vt 12.6551 2.60719
f 821/3447/654 822/3448/655 820/3449/653

vt 10.5447 2.32191
v 44.4367 18.2292 -20.5791
vt 9.79924 2.14744
vn 0.580766 -0.584368 -0.566767
vt 10.3505 3.29584
f 821/3450/654 823/3451/656 822/3452/655

vt 10.5164 1.61882
vt 9.77221 2.27457
vt 10.5137 2.46523
f 378/3453/211 823/3454/656 821/3455/654

vt 8.2172 0.367726
vt 9.7476 0.996963
vt 10.4156 0.263784
f 381/3456/214 823/3457/656 378/3458/211

vt 8.16247 0.350533
v 44.1694 18.4279 -21.308
vt 8.15188 1.29635
vn 0.545718 -0.601721 -0.583202
vt 9.70585 0.947213
f 381/3459/214 824/3460/657 823/3461/656

vt 6.74337 0.737725
vt 8.09085 1.08157
vt 8.0764 0.135798
f 391/3462/224 824/3463/657 381/3464/214

vt 7.63749 2.79001
vt 7.97901 1.46637
vt 6.62152 1.16447
f 392/3465/225 824/3466/657 391/3467/224

vt 7.7857 3.38341
vt 9.77501 1.78339
vt 8.21097 2.08425
f 392/3468/225 823/3469/656 824/3470/657

vt 9.00187 3.47614
vt 9.76664 1.72892
vt 7.78325 3.33628
f 394/3471/227 823/3472/656 392/3473/225

vt 8.99551 3.73105
vt 10.3723 3.14215
vt 9.80242 2.00288
f 394/3474/227 822/3475/655 823/3476/656

vt 10.1657 5.23485
vt 10.3499 3.33322
vt 8.96531 3.90345
f 395/3477/228 822/3478/655 394/3479/227

vt 10.2289 4.94055
vt 12.6622 2.87558
vt 10.3595 3.03448
f 395/3480/228 820/3481/653 822/3482/655

vt 14.0532 3.90851
vt 12.6441 2.75851
vt 10.2233 4.83807
f 398/3483/231 820/3484/653 395/3485/228

vt 12.6666 2.81497
vt 14.0652 3.97765
vt 15.2275 2.07839
f 820/3486/653 398/3487/231 819/3488/652

vt 15.2025 1.92664
vt 14.056 3.8355
v 47.2971 19.0586 -18.7742
vt 16.7374 3.11331
vn 0.61317 -0.492014 -0.618017
f 819/3489/652 398/3490/231 825/3491/658

vt 16.8753 5.16017
vt 16.7493 3.3208
vt 14.0639 4.02783
f 399/3492/232 825/3493/658 398/3494/231

v 48.7349 19.2531 -17.7692
vt 20.4168 3.60733
vn 0.621697 -0.467231 -0.628639
vt 16.722 3.17364
vt 16.8645 5.0118
f 826/3495/659 825/3496/658 399/3497/232

vt 20.6134 2.35491
vt 16.7298 3.08731
vt 20.4236 3.52895
f 816/3498/649 825/3499/658 826/3500/659

vt 16.9571 1.81662
vt 16.7158 2.86798
vt 20.5961 2.11797
f 818/3501/651 825/3502/658 816/3503/649

vt 15.2328 2.03704
vt 16.7537 3.24166
vt 17.0168 2.19557
f 819/3504/652 825/3505/658 818/3506/651

v 49.9051 18.9193 -16.2451
vt 24.5871 3.19922
vn 0.60082 -0.48325 -0.636776
vt 20.6149 2.36368
vt 20.4247 3.53765
f 827/3507/660 816/3508/649 826/3509/659

vt 24.357 1.60155
vt 20.6298 2.34466
vt 24.5975 3.20132
f 814/3510/647 816/3511/649 827/3512/660

vt 20.7376 1.27206
vt 20.6148 2.06776
vt 24.337 1.3007
f 815/3513/648 816/3514/649 814/3515/647

vt 23.4002 -0.212443
vt 23.7743 1.36145
vt 24.4 0.854644
f 814/3516/647 827/3517/660 406/3518/239

vt 24.9427 2.28299
vt 24.3033 2.77226
vt 24.7944 4.38986
f 406/3519/239 827/3520/660 404/3521/237

vt 25.037 4.98054
vt 24.5914 3.34981
vt 20.4285 3.68204
f 404/3522/237 827/3523/660 826/3524/659

vt 16.8692 5.08407
vt 25.0346 4.97912
vt 20.4243 3.68683
f 399/3525/232 404/3526/237 826/3527/659

vt 25.5395 6.9242
vt 25.0352 5.11353
vt 16.8698 5.21674
f 401/3528/234 404/3529/237 399/3530/232

v 48.8907 17.7129 -14.9438
vt 25.2328 0.735362
vn 0.476439 -0.71282 -0.514678
vt 24.3336 1.14058
vt 25.2316 2.29461
f 828/3531/661 814/3532/647 406/3533/239

vt 23.9444 -0.913409
vt 24.158 -0.235091
vt 25.0403 -0.675862
f 813/3534/646 814/3535/647 828/3536/661

vt 25.4992 -0.400052
vt 24.1776 -0.201246
vt 25.2565 0.104372
f 422/3537/255 813/3538/646 828/3539/661

vt 25.4376 -1.01631
vt 25.2067 -0.506351
vt 27.477 -1.15099
f 422/3540/255 828/3541/661 419/3542/252

vt 27.5794 0.374097
vt 25.2833 0.919472
vt 26.8031 1.54099
f 419/3543/252 828/3544/661 407/3545/240

vt 25.0616 -0.0844088
vt 25.1114 1.47404
vt 26.6194 0.434579
f 828/3546/661 406/3547/239 407/3548/240

vt 26.7655 0.601299
vt 28.9857 -0.078956
vt 27.5025 -0.590816
f 407/3549/240 409/3550/242 419/3551/252

vt 6.28199 -0.161612
vt 6.78083 0.933292
vt 8.1215 0.348557
f 383/3552/216 391/3553/224 381/3554/214

vt 5.50465 0.716575
vt 6.86197 1.10733
vt 6.39935 -0.00335756
f 390/3555/223 391/3556/224 383/3557/216

vt 4.86259 0.315329
vt 5.61687 1.21636
vt 6.54754 0.543572
f 385/3558/218 390/3559/223 383/3560/216

vt 4.75883 0.258731
vt 3.77236 0.546579
vt 5.54161 1.13511
f 385/3561/218 387/3562/220 390/3563/223

vt 10.4513 0.751532
vt 10.519 1.59524
vt 13.1058 1.22249
f 378/3564/211 821/3565/654 376/3566/209

vt 15.6443 0.915298
vt 16.9108 1.54895
vt 17.2819 1.05752
f 372/3567/205 817/3568/650 369/3569/202

vt 17.0763 -1.10113
vt 16.7654 -0.569534
vt 20.5622 -0.855595
f 369/3570/202 817/3571/650 368/3572/201

g Mesh28 Pillow_Gardenia_2_1 Pillow_Gardenia_ID_Jaipur_PEY05__4_1 Pillow_Abernathy_SKU_EAN5489__36_1 Group1 Model

v 51.0377 28.8857 -24.3245
vt -2.40026 14.9648
vn -0.3227 -0.0975213 -0.941464
v 50.9936 27.673 -24.2856
vt -2.11429 13.5159
vn -0.143975 -0.194517 -0.970275
v 50.5546 28.4308 -23.993
vt -2.74311 14.1936
vn -0.630216 0.0457758 -0.775069
f 829/3573/662 830/3574/663 831/3575/664

v 51.6465 29.1732 -24.5994
vt -1.50074 15.6446
vn 0.109892 -0.209904 -0.971527
vt -1.70974 13.5906
vt -1.98779 15.0411
f 832/3576/665 830/3577/663 829/3578/662

vt -1.11307 15.6234
v 51.5117 27.4458 -24.419
vt -0.793797 13.506
vn 0.120757 -0.258484 -0.958438
vt -1.33569 13.5709
f 832/3579/665 833/3580/666 830/3581/663

vt -0.59465 15.6855
v 52.1518 27.3362 -24.458
vt 0.365681 13.6568
vn 0.339817 -0.249714 -0.906735
vt -0.295538 13.5651
f 832/3582/665 834/3583/667 833/3584/666

vt -0.508278 15.7099
v 52.6438 28.6495 -24.5906
vt 0.622738 15.4209
vn 0.433744 -0.22252 -0.873127
vt 0.447231 13.679
f 832/3585/665 835/3586/668 834/3587/667

v 52.6564 29.8744 -24.7114
vt 0.325696 16.8831
vn 0.423966 -0.23431 -0.874844
vt 0.616695 15.4079
vt -0.514372 15.6968
f 836/3588/669 835/3589/668 832/3590/665

v 54.1295 29.1076 -24.1663
vt 2.97941 16.366
vn 0.558737 -0.207416 -0.802989
vt 1.29058 15.4288
vt 1.03973 16.9113
f 837/3591/670 835/3592/668 836/3593/669

v 54.6449 27.9425 -23.8664
vt 3.87455 15.0843
vn 0.552962 -0.199849 -0.808884
vt 1.30086 15.4248
vt 2.9902 16.3611
f 838/3594/671 835/3595/668 837/3596/670

vt 3.88171 15.0891
v 53.0666 26.9058 -24.3103
vt 2.17303 13.4372
vn 0.467243 -0.262268 -0.844334
vt 1.30816 15.4306
f 838/3597/671 839/3598/672 835/3599/668

v 54.2138 27.0018 -23.9609
vt 3.48414 13.8585
vn 0.543916 -0.312038 -0.778966
vt 2.12799 13.4427
vt 3.83089 15.1006
f 840/3600/673 839/3601/672 838/3602/671

vt 3.63571 13.4511
v 52.5235 26.2959 -24.2027
vt 1.9056 12.1117
vn 0.446717 -0.36323 -0.817624
vt 2.27867 13.0382
f 840/3603/673 841/3604/674 839/3605/672

v 54.4273 25.3441 -23.0245
vt 4.75512 11.2942
vn 0.570911 -0.299395 -0.764476
vt 1.92784 12.0639
vt 3.65608 13.4057
f 842/3606/675 841/3607/674 840/3608/673

vt 4.75182 11.2721
v 52.6236 25.7136 -23.8595
vt 2.34528 11.3051
vn 0.473045 -0.281062 -0.835005
vt 1.92471 12.0424
f 842/3609/675 843/3610/676 841/3611/674

v 52.3428 24.9915 -23.9659
vt 2.09832 10.8755
vn 0.502833 -0.253456 -0.826389
vt 2.35347 11.8075
vt 4.76001 11.7743
f 844/3612/677 843/3613/676 842/3614/675

vt 2.01685 11.8665
vt 1.7918 10.9268
v 51.734 25.2906 -24.098
vt 1.04822 11.1124
vn 0.372415 -0.201641 -0.905896
f 843/3615/676 844/3616/677 845/3617/678

vt 1.6601 10.6645
v 51.7419 23.991 -23.751
vt 1.34342 9.23962
vn 0.386852 -0.323307 -0.863608
vt 0.915432 10.8457
f 844/3618/677 846/3619/679 845/3620/678

vt 1.61799 9.17631
vt 1.92638 10.603
v 52.6435 23.1289 -23.221
vt 2.99229 8.33615
vn 0.484966 -0.370569 -0.79214
f 846/3621/679 844/3622/677 847/3623/680

vt 2.97285 8.32308
vt 1.90823 10.5906
v 53.5097 23.7064 -23.2329
vt 3.74257 9.29263
vn 0.534583 -0.321992 -0.781372
f 847/3624/680 844/3625/677 848/3626/681

vt 3.91874 9.53548
vt 2.08486 10.8341
v 53.8338 24.5149 -23.2576
vt 4.10985 10.6011
vn 0.588143 -0.252028 -0.768485
f 848/3627/681 844/3628/677 849/3629/682

vt 4.12971 10.64
vt 2.10505 10.8758
vt 4.76733 11.7728
f 849/3630/682 844/3631/677 842/3632/675

vt 4.28955 10.5765
vt 4.94413 11.6996
v 55.3069 24.1654 -22.2541
vt 6.5046 10.4182
vn 0.624333 -0.27775 -0.730112
f 849/3633/682 842/3634/675 850/3635/683

vt 6.51544 10.4117
vt 4.95628 11.6947
v 56.7632 25.1347 -21.4475
vt 8.42179 11.8547
vn 0.637246 -0.317344 -0.702289
f 850/3636/683 842/3637/675 851/3638/684

vt 8.43503 11.5878
vt 4.96951 11.4281
v 55.1899 26.4302 -23.183
vt 5.43841 13.0017
vn 0.595884 -0.346112 -0.724658
f 851/3639/684 842/3640/675 852/3641/685

vt 5.36212 13.0163
vt 4.88435 11.4454
vt 3.76905 13.5484
f 852/3642/685 842/3643/675 840/3644/673

v 55.6096 27.5109 -23.3579
vt 5.53441 14.616
vn 0.609083 -0.251694 -0.752109
vt 5.39471 13.1665
vt 3.80102 13.6967
f 853/3645/686 852/3646/685 840/3647/673

v 56.6316 26.6936 -22.2587
vt 7.53317 13.735
vn 0.648474 -0.311568 -0.694555
vt 5.47228 13.1639
vt 5.61028 14.6136
f 854/3648/687 852/3649/685 853/3650/686

vt 7.53507 13.7259
vt 8.4741 11.7479
vt 5.47422 13.1548
f 854/3651/687 851/3652/684 852/3653/685

v 58.3673 24.7517 -19.7953
vt 11.4044 11.4767
vn 0.677125 -0.320846 -0.662238
vt 8.52094 11.781
vt 7.5804 13.7583
f 855/3654/688 851/3655/684 854/3656/687

v 57.129 22.9717 -20.1335
vt 10.1517 9.05298
vn 0.66412 -0.350175 -0.660547
vt 8.52078 11.7797
vt 11.4042 11.4755
f 856/3657/689 851/3658/684 855/3659/688

v 55.1991 22.6036 -21.706
vt 7.10474 8.34689
vn 0.612981 -0.36455 -0.700969
vt 8.51825 11.7783
vt 10.1491 9.0515
f 857/3660/690 851/3661/684 856/3662/689

vt 7.09012 8.35335
vt 6.58924 10.3521
vt 8.50322 11.7849
f 857/3663/690 850/3664/683 851/3665/684

v 54.2817 23.1594 -22.6204
vt 5.4205 8.91287
vn 0.564419 -0.372671 -0.736578
vt 6.56886 10.3487
vt 7.07011 8.35003
f 858/3666/691 850/3667/683 857/3668/690

vt 5.35448 8.96212
vt 4.2849 10.5579
vt 6.5 10.4002
f 858/3669/691 849/3670/682 850/3671/683

vt 4.07686 9.49164
vt 4.27501 10.5559
vt 5.34525 8.96065
f 848/3672/681 849/3673/682 858/3674/691

vt 3.19724 8.10454
vt 3.95454 9.08383
vt 5.22052 8.54712
f 847/3675/680 848/3676/681 858/3677/691

v 51.3986 21.8673 -22.9446
vt 2.35466 6.11492
vn 0.484458 -0.380626 -0.787671
vt 3.19817 8.09752
vt 5.22141 8.54026
f 859/3678/692 847/3679/680 858/3680/691

vt 2.06277 6.2503
vt 1.56728 9.0611
vt 2.93992 8.21824
f 859/3681/692 846/3682/679 847/3683/680

v 50.6134 22.6606 -23.4187
vt 0.844139 7.03474
vn 0.383037 -0.323475 -0.865244
vt 1.55941 9.05852
vt 2.05383 6.24752
f 860/3684/693 846/3685/679 859/3686/692

v 50.1064 23.305 -23.5309
vt -0.378434 7.86747
vn 0.237111 -0.267417 -0.933952
vt 1.06076 9.26534
vt 0.318393 7.25134
f 861/3687/694 846/3688/679 860/3689/693

vt -0.359238 7.84614
v 50.8078 24.9602 -23.9296
vt -0.147923 10.1167
vn 0.150412 -0.240885 -0.958828
vt 1.0797 9.24428
f 861/3690/694 862/3691/695 846/3692/679

v 49.6228 23.4263 -23.3962
vt -1.50924 7.8669
vn -0.125564 -0.153934 -0.98007
vt -0.807029 10.185
vt -1.02721 7.91526
f 863/3693/696 862/3694/695 861/3695/694

v 50.311 26.301 -23.8515
vt -1.75156 11.618
vn -0.332455 -0.0834065 -0.939424
vt -0.944529 10.224
vt -1.64525 7.90551
f 864/3696/697 862/3697/695 863/3698/696

v 50.7767 26.1865 -24.0498
vt -1.47348 11.5754
vn 0.111754 -0.229738 -0.966815
vt -1.12745 10.1158
vt -1.9338 11.5101
f 865/3699/698 862/3700/695 864/3701/697

vt -0.793272 11.733
vt 0.360993 11.0067
vt -0.449967 10.2727
f 865/3702/698 845/3703/678 862/3704/695

vt -0.530772 11.8924
v 51.6426 25.913 -24.0531
vt 0.4089 11.8569
vn 0.36755 -0.279168 -0.887115
vt 0.613135 11.1499
f 865/3705/698 866/3706/699 845/3707/678

v 51.4797 26.2749 -24.2428
vt 0.0452903 10.7292
vn 0.303721 -0.353731 -0.884663
vt 0.36051 10.2922
vt -0.579125 10.3286
f 867/3708/700 866/3709/699 865/3710/698

vt 0.512454 11.5089
vt 1.98808 11.1331
vt 0.848595 11.0878
f 867/3711/700 843/3712/676 866/3713/699

vt 1.55041 11.5602
vt 1.94586 10.8091
vt 0.47158 11.1902
f 841/3714/674 843/3715/676 867/3716/700

vt 0.684687 13.5096
vt 1.38745 12.3503
vt 0.305314 11.9901
f 834/3717/667 841/3718/674 867/3719/700

vt 0.705399 13.5231
vt 1.79446 13.285
vt 1.40829 12.3639
f 834/3720/667 839/3721/672 841/3722/674

vt 0.931126 15.3959
vt 1.82908 13.4171
vt 0.740125 13.6557
f 835/3723/668 839/3724/672 834/3725/667

vt -0.282666 13.4935
vt 0.378573 13.585
vt -0.000309001 12.0655
f 833/3726/666 834/3727/667 867/3728/700

vt -0.664553 13.4188
vt -0.381588 11.9909
vt -1.01811 11.6099
f 833/3729/666 867/3730/700 865/3731/698

v 50.5412 27.62 -24.0233
vt -2.03406 13.2906
vn -0.291134 -0.15182 -0.944559
vt -1.09211 13.4985
vt -1.44376 11.6892
f 868/3732/701 833/3733/666 865/3734/698

vt -1.44242 11.8488
vt -0.901102 11.7793
vt -1.83966 11.5566
f 830/3735/663 833/3736/666 868/3737/701

vt -2.63559 14.2703
vt -2.00825 13.5912
vt -2.41875 13.318
f 831/3738/664 830/3739/663 868/3740/701

v 50.2463 27.6759 -23.7572
vt -3.08587 13.1498
vn -0.76933 0.0891291 -0.632603
vt -2.98427 14.1936
vt -2.75916 13.2432
f 869/3741/702 831/3742/664 868/3743/701

v 49.9939 27.9024 -23.354
vt -3.64258 13.225
vn -0.946821 0.230601 -0.224395
vt -3.10339 14.1802
vt -3.19913 13.1359
f 870/3744/703 831/3745/664 869/3746/702

vt -3.64944 13.2385
v 50.6903 29.2603 -24.046
vt -3.22582 15.2254
vn -0.833494 0.102456 -0.542946
vt -3.10942 14.1933
f 870/3747/703 871/3748/704 831/3749/664

vt -3.54795 13.1898
v 50.4464 29.7447 -23.4146
vt -3.82779 15.5208
vn -0.953275 0.292888 0.0740431
vt -3.13284 15.1785
f 870/3750/703 872/3751/705 871/3752/704

v 49.8486 28.2378 -22.777
vt -3.95928 13.4165
vn -0.943042 0.305669 0.131295
vt -3.63827 15.5336
vt -3.34508 13.2043
f 873/3753/706 872/3754/705 870/3755/703

v 49.8248 28.4442 -22.1605
vt -4.12916 13.3777
vn -0.890201 0.335983 0.307664
vt -3.16883 15.4064
vt -3.46794 13.286
f 874/3756/707 872/3757/705 873/3758/706

v 50.319 29.7565 -22.2953
vt -4.21773 15.0539
vn -0.839697 0.383854 0.384143
vt -3.08671 15.3429
vt -4.04222 13.312
f 875/3759/708 872/3760/705 874/3761/707

vt -4.22368 15.0882
v 50.7417 30.7862 -22.821
vt -3.93268 16.5634
vn -0.847232 0.370995 0.380211
vt -3.09261 15.3771
f 875/3762/708 876/3763/709 872/3764/705

vt -3.35918 14.7527
v 51.0337 30.5817 -21.1098
vt -5.04802 15.6899
vn -0.758814 0.419961 0.49783
vt -3.10833 16.2353
f 875/3765/708 877/3766/710 876/3767/709

vt -3.34245 14.7957
v 50.8459 29.7515 -20.1156
vt -5.91614 14.4552
vn -0.761356 0.425989 0.488744
vt -5.03179 15.7319
f 875/3768/708 878/3769/711 877/3770/710

v 49.8548 28.4351 -21.1392
vt -4.19535 12.664
vn -0.827999 0.354487 0.434461
vt -5.90403 14.3159
vt -3.33048 14.6574
f 879/3771/712 878/3772/711 875/3773/708

vt -4.28411 12.5419
v 50.3147 28.8584 -20.1113
vt -5.64027 12.9577
vn -0.78388 0.320218 0.53197
vt -5.98701 14.1998
f 879/3774/712 880/3775/713 878/3776/711

v 49.6378 27.6701 -21.3536
vt -3.59392 12.7374
vn -0.849596 0.254034 0.462227
vt -5.32404 14.0768
vt -3.96699 13.6639
f 881/3777/714 880/3778/713 879/3779/712

vt -3.54598 12.7812
v 50.4571 27.2346 -19.1047
vt -6.37326 12.0115
vn -0.762944 0.335746 0.55244
vt -5.27422 14.123
f 881/3780/714 882/3781/715 880/3782/713

v 49.7029 27.1044 -20.9759
vt -3.97336 12.0579
vn -0.827231 0.33809 0.448759
vt -6.3799 12.0249
vt -3.55279 12.7953
f 883/3783/716 882/3784/715 881/3785/714

vt -3.95678 10.7606
v 49.2693 26.455 -20.9315
vt -3.70164 9.82859
vn -0.804835 0.369216 0.464673
vt -6.36332 10.7273
f 883/3786/716 884/3787/717 882/3788/715

vt -4.30456 9.72198
vt -4.52962 10.6617
v 49.2245 26.4855 -21.6204
vt -3.56099 9.90765
vn -0.867054 0.387841 0.312725
f 884/3789/717 883/3790/716 885/3791/718

vt -4.62204 10.4818
v 49.5257 26.921 -21.9631
vt -3.48259 10.4356
vn -0.886844 0.312319 0.340536
vt -3.65868 9.72108
f 883/3792/716 886/3793/719 885/3794/718

vt -4.56986 12.0094
v 49.4972 27.2189 -22.2855
vt -3.09423 12.3853
vn -0.920249 0.226198 0.319336
vt -3.43037 11.9642
f 883/3795/716 887/3796/720 886/3797/719

vt -4.62685 12.048
vt -4.2314 12.7991
vt -3.15257 12.4292
f 883/3798/716 881/3799/714 887/3800/720

vt -4.45909 12.4246
vt -3.75633 13.5839
vt -3.37695 12.0644
f 881/3801/714 874/3802/707 887/3803/720

vt -4.81805 13.3305
vt -3.72899 13.5686
vt -4.43188 12.4094
f 879/3804/712 874/3805/707 881/3806/714

vt -4.77123 13.0895
vt -3.87327 15.0682
vt -3.68227 13.328
f 879/3807/712 875/3808/708 874/3809/707

vt -4.11579 13.4944
vt -3.45455 13.4028
vt -3.73691 11.9748
f 874/3810/707 873/3811/706 887/3812/720

vt -4.1059 12.0498
vt -3.8231 13.4777
v 49.5902 26.7353 -22.9325
vt -3.39153 11.6624
vn -0.962998 0.26876 0.020061
f 887/3813/720 873/3814/706 888/3815/721

vt -3.94962 13.4473
vt -3.3354 13.2351
vt -3.51715 11.6322
f 873/3816/706 870/3817/703 888/3818/721

vt -3.77431 11.6473
vt -3.59698 13.2508
v 49.8726 26.5228 -23.4535
vt -3.22976 11.6118
vn -0.852575 0.144173 -0.502324
f 888/3819/721 870/3820/703 889/3821/722

vt -3.6409 13.24
vt -3.19743 13.1509
vt -3.27141 11.6016
f 870/3822/703 869/3823/702 889/3824/722

vt -3.0795 13.1308
vt -2.62318 11.5578
vt -3.14738 11.5812
f 869/3825/702 864/3826/697 889/3827/722

vt -3.08107 13.1303
vt -2.75437 13.2238
vt -2.62481 11.5573
f 869/3828/702 868/3829/701 864/3830/697

vt -2.07797 13.2756
vt -1.48696 11.6745
vt -1.94728 11.6093
f 868/3831/701 865/3832/698 864/3833/697

vt -3.14406 11.6365
vt -2.61987 11.6131
v 49.6556 25.3646 -23.4137
vt -2.98449 10.1917
vn -0.789669 0.130309 -0.599535
f 889/3834/722 864/3835/697 890/3836/723

vt -2.85515 10.189
vt -2.48264 11.6083
v 49.4433 23.9758 -23.3212
vt -2.66098 8.46438
vn -0.530532 -0.00754578 -0.847631
f 890/3837/723 864/3838/697 891/3839/724

vt -2.31551 8.45881
vt -2.12151 11.6018
vt -2.00349 7.88968
f 891/3840/724 864/3841/697 863/3842/696

v 48.9457 23.1365 -22.9461
vt -2.73586 7.12896
vn -0.862317 0.161388 -0.479962
vt -2.47647 8.36791
vt -2.16517 7.79838
f 892/3843/725 891/3844/724 863/3845/696

v 48.9872 24.1006 -22.8063
vt -3.46614 8.31459
vn -0.932965 0.204788 -0.296038
vt -2.89088 8.43833
vt -3.1459 7.19847
f 893/3846/726 891/3847/724 892/3848/725

vt -3.46205 8.30912
vt -3.08656 10.1567
vt -2.88674 8.43267
f 893/3849/726 890/3850/723 891/3851/724

vt -3.8058 11.616
vt -3.08163 10.1373
vt -3.4505 8.28842
f 888/3852/721 890/3853/723 893/3854/726

vt -3.77542 11.6337
vt -3.23087 11.5983
vt -3.04905 10.1561
f 888/3855/721 889/3856/722 890/3857/723

vt -3.12468 8.30847
v 48.7252 23.9626 -22.1673
vt -3.70914 7.9113
vn -0.945877 0.278008 0.167416
v 49.1478 25.7506 -22.2908
vt -3.92929 10.181
vn -0.932963 0.294237 0.207377
vt -3.50231 11.6336
f 893/3858/726 894/3859/727 895/3860/728 888/3861/721 

vt -3.20769 8.39452
vt -2.89521 7.27621
vt -3.79121 7.99597
f 893/3862/726 892/3863/725 894/3864/727

vt -3.89871 7.87569
vt -3.00106 7.15798
v 48.355 22.2475 -22.195
vt -3.55392 5.74265
vn -0.944358 0.284987 0.164226
f 894/3865/727 892/3866/725 896/3867/729

vt -3.48249 5.69756
vt -2.9339 7.11455
v 48.3848 21.8417 -22.4882
vt -3.12699 5.29781
vn -0.952416 0.268454 -0.144347
f 896/3868/729 892/3869/725 897/3870/730

vt -3.14821 7.19027
v 48.5989 21.8597 -22.7644
vt -3.09057 5.53242
vn -0.502749 0.0366964 -0.863653
vt -3.36558 5.37627
f 892/3871/725 898/3872/731 897/3873/730

vt -2.86674 7.24138
vt -2.29599 7.91075
vt -2.83475 5.58284
f 892/3874/725 863/3875/696 898/3876/731

vt -1.99907 7.85328
v 49.3058 21.7948 -23.1337
vt -1.86928 5.7699
vn 0.139805 -0.239235 -0.960844
vt -2.54466 5.52696
f 863/3877/696 899/3878/732 898/3879/731

vt -1.51097 7.88385
vt -1.02894 7.93221
vt -1.38151 5.80045
f 863/3880/696 861/3881/694 899/3882/732

vt -0.720571 5.68413
vt -0.377063 7.81738
v 50.0943 21.5574 -23.1192
vt 0.1399 5.66212
vn 0.39286 -0.341989 -0.853642
f 899/3883/732 861/3884/694 900/3885/733

vt -0.430109 7.80335
vt 0.266301 7.18675
vt 0.0848967 5.64762
f 861/3886/694 860/3887/693 900/3888/733

vt 0.727053 5.57369
vt 0.884726 7.11543
vt 2.09563 6.33008
f 900/3889/733 860/3890/693 859/3891/692

vt 0.813983 5.3816
vt 2.1796 6.14334
v 51.0384 20.6374 -22.417
vt 2.35459 4.43993
vn 0.514506 -0.400267 -0.758334
f 900/3892/733 859/3893/692 901/3894/734

vt 2.55042 4.49373
vt 2.35654 6.19509
v 52.7329 21.514 -22.2346
vt 4.21416 6.05439
vn 0.542369 -0.426717 -0.723705
f 901/3895/734 859/3896/692 902/3897/735

vt 2.35249 6.11828
vt 5.21964 8.54316
vt 4.21008 5.97706
f 859/3898/692 858/3899/691 902/3900/735

vt 4.42436 5.93807
vt 5.38007 8.52471
v 53.9162 21.3552 -21.4064
vt 6.20897 5.94999
vn 0.550173 -0.424617 -0.719034
f 902/3901/735 858/3902/691 903/3903/736

vt 5.34614 8.46448
vt 6.9914 7.88906
vt 6.15925 5.88473
f 858/3904/691 857/3905/690 903/3906/736

vt 6.93142 7.88449
v 55.5691 20.6002 -20.1357
vt 8.7191 5.23821
vn 0.616728 -0.41484 -0.668995
vt 6.08296 5.88701
f 857/3907/690 904/3908/737 903/3909/736

vt 7.10987 8.31088
vt 10.1539 9.01696
vt 8.96043 5.70819
f 857/3910/690 856/3911/689 904/3912/737

vt 10.1533 9.04411
v 57.1878 21.5464 -19.0343
vt 11.2863 7.12631
vn 0.650734 -0.394722 -0.648645
vt 8.97272 5.73072
f 856/3913/689 905/3914/738 904/3915/737

vt 10.1572 9.0063
v 57.6175 22.4107 -19.2343
vt 11.4189 8.29583
vn 0.662677 -0.359722 -0.656855
vt 11.2852 7.08557
f 856/3916/689 906/3917/739 905/3918/738

vt 11.4003 11.4834
vt 11.4139 8.35225
vt 10.1504 9.05957
f 855/3919/688 906/3920/739 856/3921/689

v 59.364 22.0524 -17.263
vt 14.708 8.03509
vn 0.697295 -0.372577 -0.612345
vt 11.4189 8.33772
vt 11.4093 11.4689
f 907/3922/740 906/3923/739 855/3924/688

v 58.3901 20.7777 -17.4834
vt 13.7562 6.25778
vn 0.651552 -0.399431 -0.64493
vt 11.4188 8.33123
vt 14.7079 8.02843
f 908/3925/741 906/3926/739 907/3927/740

vt 13.7356 6.17202
vt 11.2654 7.04283
vt 11.4043 8.25251
f 908/3928/741 905/3929/738 906/3930/739

vt 13.7134 6.01631
v 56.5701 20.1426 -18.4074
vt 11.3474 4.86876
vn 0.636163 -0.440848 -0.633206
vt 11.2458 6.89455
f 908/3931/741 909/3932/742 905/3933/738

v 57.3264 19.4402 -17.3224
vt 12.9956 4.06069
vn 0.625456 -0.474031 -0.619758
vt 11.3329 4.89671
vt 13.7007 6.04045
f 910/3934/743 909/3935/742 908/3936/741

v 55.6394 18.7894 -17.692
vt 11.0823 2.31112
vn 0.588852 -0.517997 -0.620429
vt 11.2266 4.44463
vt 12.8791 3.58884
f 911/3937/744 909/3938/742 910/3939/743

vt 11.3329 5.33116
vt 11.359 3.19294
v 55.2138 18.9709 -18.8086
vt 9.94408 3.53709
vn 0.619435 -0.515421 -0.59215
f 909/3940/742 911/3941/744 912/3942/745

vt 11.3813 3.0221
v 55.1847 18.2782 -17.2489
vt 11.4713 2.09801
vn 0.538402 -0.618545 -0.572298
v 54.5796 17.9185 -17.4022
vt 10.8655 1.46271
vn 0.544516 -0.690919 -0.475535
vt 9.97022 3.38169
f 911/3943/744 913/3944/746 914/3945/747 912/3946/745 

vt 10.9427 0.69588
vt 10.9666 1.62404
v 56.1557 18.3833 -16.9641
vt 12.0698 1.10676
vn 0.538966 -0.602297 -0.588858
f 913/3947/746 911/3948/744 915/3949/748

vt 12.2426 1.78891
vt 11.1293 2.2842
vt 12.9198 3.57076
f 915/3950/748 911/3951/744 910/3952/743

v 57.6335 18.6827 -15.6255
vt 14.949 2.95228
vn 0.644889 -0.532803 -0.547941
vt 12.5071 2.39036
vt 13.0772 4.20931
f 916/3953/749 915/3954/748 910/3955/743

v 57.0378 17.9659 -14.898
vt 15.1835 1.65825
vn 0.575406 -0.628608 -0.52322
vt 12.5082 2.39878
vt 14.9467 2.97524
f 917/3956/750 915/3957/748 916/3958/749

v 57.4024 17.6555 -13.5341
vt 16.5638 -0.863789
vn 0.50683 -0.699616 -0.503648
vt 12.4096 0.833017
vt 15.0254 -0.0961368
f 918/3959/751 915/3960/748 917/3961/750

v 55.0024 17.7589 -16.503
vt 12.0073 0.546058
vn 0.422462 -0.748877 -0.510597
vt 12.5011 1.98513
vt 16.7438 0.523878
f 919/3962/752 915/3963/748 918/3964/751

vt 11.0578 0.530503
vt 12.1785 0.958556
vt 11.546 -0.425158
f 913/3965/746 915/3966/748 919/3967/752

v 54.3612 17.7592 -16.6278
vt 10.3335 -1.51239
vn 0.44026 -0.783051 -0.439321
vt 10.6159 -0.317434
vt 11.0473 -1.30005
f 920/3968/753 913/3969/746 919/3970/752

vt 10.5956 2.68041
vt 11.1279 3.3784
vt 11.263 2.15798
f 914/3971/747 913/3972/746 920/3973/753

v 53.4264 17.6767 -17.0919
vt 10.1811 -0.652348
vn 0.304336 -0.897573 -0.31897
vt 10.8261 0.430511
vt 11.3756 -0.21479
f 921/3974/754 914/3975/747 920/3976/753

vt 10.1553 -0.747733
v 53.8308 17.8776 -17.88
vt 9.75207 0.0591949
vn 0.441397 -0.746004 -0.498645
vt 10.8116 0.328311
f 921/3977/754 922/3978/755 914/3979/747

v 52.1395 17.7527 -18.1938
vt 7.90156 -1.43038
vn 0.23828 -0.929173 -0.282595
vt 9.63923 -0.485001
vt 10.0007 -1.31151
f 923/3980/756 922/3981/755 921/3982/754

vt 7.91554 -1.41448
v 51.8144 17.8879 -19.0878
vt 6.82993 -1.02411
vn 0.424846 -0.772279 -0.472325
vt 9.64946 -0.462253
f 923/3983/756 924/3984/757 922/3985/755

v 50.6535 17.8142 -19.0832
vt 5.74733 -2.04632
vn 0.00591583 -0.999944 0.00880672
vt 6.75988 -1.2936
vt 7.83661 -1.70782
f 925/3986/758 924/3987/757 923/3988/756

v 49.5699 17.7488 -20.3509
vt 4.21981 -1.53557
vn 0.260573 -0.935133 -0.240059
vt 7.13906 -0.346137
vt 6.27223 -1.26291
f 926/3989/759 924/3990/757 925/3991/758

vt 3.73393 -1.26086
v 50.3917 17.9643 -20.3224
vt 4.46097 -0.627369
vn 0.503127 -0.673107 -0.542025
vt 6.7963 -0.513409
f 926/3992/759 927/3993/760 924/3994/757

v 48.7537 17.6993 -20.7047
vt 2.50408 -1.49938
vn 0.144599 -0.988007 -0.0541678
vt 4.28642 -0.605161
vt 3.53684 -1.21182
f 928/3995/761 927/3996/760 926/3997/759

v 47.906 17.5908 -21.502
vt 1.9087 -2.0912
vn -0.263614 -0.927985 0.263348
vt 4.89617 -0.518731
vt 3.31729 -1.73671
f 929/3998/762 927/3999/760 928/4000/761

vt 1.44756 -1.7509
v 47.6304 17.6987 -22.1068
vt 0.657561 -1.53211
vn 0.496964 -0.572216 -0.652377
vt 4.59431 -0.527933
f 929/4001/762 930/4002/763 927/4003/760

v 47.3124 17.6795 -22.1109
vt 0.083132 -2.2804
vn -0.315197 -0.826318 -0.466743
vt 0.369741 -2.08449
vt 1.14272 -2.3574
f 931/4004/764 930/4005/763 929/4006/762

vt -1.00468 -0.760121
v 47.4974 17.9275 -22.2719
vt -0.95272 -0.353557
vn 0.304215 -0.334554 -0.891923
vt -0.683579 -0.62815
f 931/4007/764 932/4008/765 930/4009/763

v 47.2844 17.8296 -22.1694
vt -1.94628 -0.314692
vn -0.929404 0.0644815 -0.363388
vt -1.78209 -0.0997012
vt -1.86811 -0.500444
f 933/4010/766 932/4011/765 931/4012/764

v 47.4634 18.2402 -22.2549
vt -2.58463 0.871132
vn -0.599273 0.105769 -0.793527
vt -2.46967 0.5183
vt -2.64079 0.308789
f 934/4013/767 932/4014/765 933/4015/766

v 47.7458 18.8328 -22.3916
vt -2.48855 1.69071
vn -0.362921 -0.017304 -0.931659
vt -2.47688 0.515395
vt -2.59193 0.868199
f 935/4016/768 932/4017/765 934/4018/767

v 48.8474 20.1369 -22.7523
vt -1.27846 3.70558
vn 0.233177 -0.248147 -0.94024
vt -1.98759 0.547251
vt -1.98328 1.72262
f 936/4019/769 932/4020/765 935/4021/768

vt -0.950449 0.315681
vt -0.2373 3.47311
v 49.6339 20.333 -22.6973
vt 0.557718 3.95097
vn 0.430158 -0.340443 -0.8361
f 932/4022/765 936/4023/769 937/4024/770

vt -0.312308 5.72676
vt 0.52086 4.01521
vt -0.274383 3.53772
f 899/4025/732 937/4026/770 936/4027/769

vt -0.724502 5.5069
vt 0.135967 5.48479
vt 0.0915618 3.78712
f 899/4028/732 900/4029/733 937/4030/770

vt 0.872834 3.79242
vt 0.864757 5.49064
vt 2.40784 4.55304
f 937/4031/770 900/4032/733 901/4033/734

vt -0.616856 0.171575
vt 0.861108 3.81925
vt 2.39646 4.57916
f 932/4034/765 937/4035/770 901/4036/734

vt -0.141177 -0.154578
vt 2.76306 4.32564
v 50.7972 19.2459 -21.465
vt 3.44639 2.34856
vn 0.551777 -0.43547 -0.711272
f 932/4037/765 901/4038/734 938/4039/771

vt 2.71818 4.29108
vt 4.36125 5.8735
vt 3.39253 2.31093
f 901/4040/734 902/4041/735 938/4042/771

vt 3.48524 2.30937
vt 4.42458 5.8798
vt 6.20919 5.89177
f 938/4043/771 902/4044/735 903/4045/736

vt 6.12402 5.94101
v 52.4412 19.3915 -20.7559
vt 5.45572 2.94465
vn 0.534178 -0.477586 -0.697543
vt 3.36446 2.38598
f 903/4046/736 939/4047/772 938/4048/771

vt 6.02496 5.9225
v 54.8049 20.4738 -20.4877
vt 7.67394 4.95228
vn 0.550045 -0.427202 -0.717599
vt 5.33064 2.93206
f 903/4049/736 940/4050/773 939/4051/772

vt 6.13794 6.2318
vt 8.77657 5.59318
vt 7.79369 5.27317
f 903/4052/736 904/4053/737 940/4054/773

vt 7.88385 4.93643
vt 8.86402 5.26465
v 54.4575 19.1696 -19.5346
vt 8.47284 3.01391
vn 0.545731 -0.500245 -0.672259
f 940/4055/773 904/4056/737 941/4057/774

vt 8.91245 5.33205
vt 9.85663 2.92057
vt 8.54258 3.0777
f 904/4058/737 912/4059/745 941/4060/774

vt 11.4184 5.09347
vt 9.98789 3.33247
vt 8.96714 5.71255
f 909/4061/742 912/4062/745 904/4063/737

vt 11.2711 7.14893
vt 11.4165 5.12581
vt 8.96451 5.74182
f 905/4064/738 909/4065/742 904/4066/737

vt 8.51635 2.70834
vt 9.82964 2.54491
v 54.1468 18.2456 -18.5346
vt 9.15444 1.18588
vn 0.526024 -0.596879 -0.605833
f 941/4067/774 912/4068/745 942/4069/775

vt 9.3872 1.5725
vt 9.98358 2.96792
vt 10.8076 1.01726
f 942/4070/775 912/4071/745 914/4072/747

vt 9.63502 0.140542
vt 9.30454 0.961963
vt 10.7059 0.360333
f 922/4073/755 942/4074/775 914/4075/747

v 51.9984 18.1716 -19.5906
vt 6.37732 -0.0480012
vn 0.51324 -0.597415 -0.616182
vt 9.20049 0.61709
vt 9.5046 -0.214456
f 943/4076/776 942/4077/775 922/4078/755

vt 9.08176 1.01625
vt 6.24316 0.420445
v 53.1582 18.7943 -19.7759
vt 7.10095 1.67224
vn 0.516792 -0.537253 -0.666548
f 942/4079/775 943/4080/776 944/4081/777

vt 5.46758 2.39066
vt 6.97782 1.65115
vt 6.09737 0.415197
f 939/4082/772 944/4083/777 943/4084/776

vt 5.50872 2.53741
vt 8.39236 2.6653
vt 7.02329 1.8068
f 939/4085/772 941/4086/774 944/4087/777

vt 7.81511 4.82169
vt 8.38467 2.89332
vt 5.50091 2.7682
f 940/4088/773 941/4089/774 939/4090/772

vt 8.46915 2.59863
vt 9.0929 1.07024
vt 7.11101 1.72295
f 941/4091/774 942/4092/775 944/4093/777

vt 5.68555 2.68834
vt 6.38369 0.735992
v 50.6219 18.4006 -20.8317
vt 4.07107 0.844587
vn 0.554173 -0.516585 -0.652711
f 939/4094/772 943/4095/776 945/4096/778

vt 6.37162 0.449792
vt 4.32171 -0.212085
vt 4.05919 0.562558
f 943/4097/776 927/4098/760 945/4099/778

vt 6.78771 -0.364803
vt 4.45216 -0.47423
vt 6.48606 0.235336
f 924/4100/757 927/4101/760 943/4102/776

vt 6.66774 -0.58263
vt 6.3809 0.0247259
vt 9.50831 -0.1392
f 924/4103/757 943/4104/776 922/4105/755

vt 4.16858 0.68304
vt 4.44575 -0.0864778
vt 0.479568 -0.967237
f 945/4106/778 927/4107/760 930/4108/763

vt 3.5321 2.30916
vt 3.975 1.07935
vt 0.24534 -0.476868
f 938/4109/771 945/4110/778 930/4111/763

vt 3.40635 2.21179
vt 5.49561 2.77795
vt 3.83396 0.976583
f 938/4112/771 939/4113/772 945/4114/778

vt 3.23484 2.65915
vt -0.103065 -0.065395
vt -0.382298 0.19893
f 938/4115/771 930/4116/763 932/4117/765

v 48.7519 21.2567 -22.8896
vt -1.7034 4.84966
vn -0.125021 -0.113639 -0.985625
vt -1.33069 5.72205
vt -1.31521 3.53273
f 946/4118/779 899/4119/732 936/4120/769

vt -2.61398 5.68333
vt -1.93908 5.9276
vt -2.30108 5.05071
f 898/4121/731 899/4122/732 946/4123/779

vt -2.59294 5.69344
vt -2.28089 5.06041
v 48.4327 21.3428 -22.7226
vt -2.60109 5.0171
vn -0.687492 0.112925 -0.717358
f 898/4124/731 946/4125/779 947/4126/780

vt -2.58128 4.90165
vt -2.26104 4.9447
v 48.165 20.3937 -22.5598
vt -2.57853 3.65965
vn -0.68144 0.0995682 -0.725069
f 947/4127/780 946/4128/779 948/4129/781

vt -2.59328 4.97964
v 47.8655 19.4692 -22.446
vt -2.89523 2.47496
vn -0.586194 0.0562411 -0.808216
vt -2.89479 3.69075
f 946/4130/779 949/4131/782 948/4132/781

vt -1.52229 4.90296
vt -1.13256 3.58649
vt -1.88466 2.4063
f 946/4133/779 936/4134/769 949/4135/782

vt -2.13954 2.5547
vt -1.39184 3.73768
vt -2.09067 1.75259
f 949/4136/782 936/4137/769 935/4138/768

vt -3.01268 2.414
vt -2.93899 1.6138
v 47.5099 18.7428 -22.1161
vt -3.20364 1.36606
vn -0.956171 0.292526 -0.0128851
f 949/4139/782 935/4140/768 950/4141/783

vt -3.15717 1.28443
vt -2.89427 1.53402
vt -2.94135 0.706376
f 950/4142/783 935/4143/768 934/4144/767

vt -2.93139 0.14008
vt -3.13148 1.28199
vt -2.91304 0.704923
f 933/4145/766 950/4146/783 934/4147/767

vt -1.61815 1.51692
vt -1.39219 0.379851
v 47.3507 17.8318 -21.8308
vt -1.783 0.325589
vn -0.817726 0.120628 0.562826
f 950/4148/783 933/4149/766 951/4150/784

vt -1.49031 1.02711
vt -1.55822 0.837363
vt -1.88076 0.97024
f 933/4151/766 931/4152/764 951/4153/784

vt -0.713407 2.60012
vt -0.431567 2.39456
vt -1.49087 2.31377
f 951/4154/784 931/4155/764 929/4156/762

vt -0.412209 2.22786
vt -1.20747 1.99547
v 49.3189 18.4751 -19.2632
vt -4.33251 3.29443
vn -0.71987 -0.138091 0.680234
f 951/4157/784 929/4158/762 952/4159/785

vt -4.38266 3.20179
vt -1.24696 1.92879
v 48.3258 17.6913 -20.9826
vt -2.06292 2.10447
vn -0.533561 -0.577334 0.61806
f 952/4160/785 929/4161/762 953/4162/786

vt 1.63018 2.81082
vt 0.786276 3.99303
vt 1.21435 3.53452
f 929/4163/762 928/4164/761 953/4165/786

vt 1.07889 3.57306
vt 0.634153 4.01543
v 49.1895 17.8126 -20.1464
vt 0.174907 4.77205
vn -0.423655 -0.763434 0.48753
f 953/4166/786 928/4167/761 954/4168/787

vt 4.09068 -0.192559
vt 4.66023 0.71568
vt 4.78786 0.352719
f 928/4169/761 926/4170/759 954/4171/787

vt 3.95806 -2.51032
vt 4.06957 -2.14209
v 49.5958 17.788 -19.8483
vt 4.56547 -2.37543
vn -0.185544 -0.949548 0.252847
f 954/4172/787 926/4173/759 955/4174/788

vt 4.9918 -1.23572
vt 4.46069 -1.10047
v 50.1554 17.8641 -19.274
vt 5.94437 -0.929469
vn -0.195405 -0.928095 0.31695
f 955/4175/788 926/4176/759 956/4177/789

vt 6.03553 0.88086
vt 4.6974 0.217574
vt 6.39727 1.39963
f 956/4178/789 926/4179/759 925/4180/758

vt -3.01674 5.07786
vt -3.62968 5.23367
v 49.8296 18.0448 -19.1432
vt -2.71479 5.2664
vn -0.583767 -0.559908 0.587979
f 956/4181/789 925/4182/758 957/4183/790

vt -6.10027 0.160186
vt -6.50078 -0.663038
v 51.1565 17.8103 -18.3561
vt -7.48478 -1.13348
vn -0.229359 -0.954981 0.188164
f 957/4184/790 925/4185/758 958/4186/791

vt 6.11603 -1.92673
vt 8.15024 -1.34221
vt 7.20651 -1.9471
f 925/4187/758 923/4188/756 958/4189/791

vt 7.12099 -2.14851
vt 8.08383 -1.57454
v 51.938 17.7743 -17.7467
vt 8.33184 -1.95457
vn -0.0336245 -0.999414 0.00643277
f 958/4190/791 923/4191/756 959/4192/792

vt 8.41193 -1.66512
vt 8.15155 -1.29346
v 53.0418 17.7589 -16.3887
vt 10.5807 -1.58603
vn -0.214894 -0.957613 0.19183
f 959/4193/792 923/4194/756 960/4195/793

vt 10.4999 -2.07764
vt 8.08225 -1.70214
vt 10.1684 -1.44085
f 960/4196/793 923/4197/756 921/4198/754

vt 10.5274 -1.9579
vt 10.1888 -1.32484
v 53.9902 17.6731 -16.1571
vt 11.5221 -1.43976
vn 0.141308 -0.970955 -0.193074
f 960/4199/793 921/4200/754 961/4201/794

vt 10.2578 -0.386257
vt 11.4338 0.0988011
vt 11.5948 -0.443531
f 921/4202/754 920/4203/753 961/4204/794

vt 11.1043 -1.57176
vt 11.783 -1.26526
vt 11.186 -2.13155
f 920/4205/753 919/4206/752 961/4207/794

vt 11.3581 -1.65566
vt 11.9137 -0.762248
v 56.1122 17.5295 -14.1433
vt 14.9943 -1.54468
vn 0.255584 -0.917331 -0.305254
f 961/4208/794 919/4209/752 962/4210/795

vt 15.1183 -0.526889
vt 12.0054 0.115088
vt 16.7419 0.0883047
f 962/4211/795 919/4212/752 918/4213/751

vt 15.019 -0.811352
vt 16.662 -0.250238
v 57.2835 17.4326 -12.8559
vt 17.1848 -0.845402
vn 0.264079 -0.886558 -0.37984
f 962/4214/795 918/4215/751 963/4216/796

vt 17.0533 -1.44575
vt 16.5488 -0.835045
v 59.1397 16.9405 -10.0866
vt 21.1426 -2.25616
vn 0.355604 -0.826771 -0.435884
f 963/4217/796 918/4218/751 964/4219/797

vt 16.7493 0.801214
v 58.2454 18.2325 -13.6866
vt 17.2735 1.8837
vn 0.653977 -0.529419 -0.540398
v 58.751 17.8537 -12.3442
vt 18.9543 1.2395
vn 0.643538 -0.513984 -0.567168
vt 21.4147 -0.363542
f 918/4220/751 965/4221/798 966/4222/799 964/4223/797 

vt 16.7864 1.2412
vt 15.1831 1.86179
vt 17.2799 2.33799
f 918/4224/751 917/4225/750 965/4226/798

vt 17.2836 2.29596
vt 15.185 1.82744
vt 14.9339 3.14177
f 965/4227/798 917/4228/750 916/4229/749

vt 17.2477 2.58087
vt 14.8848 3.38899
v 58.3348 19.4332 -15.7291
vt 15.2976 4.57137
vn 0.690409 -0.478985 -0.542133
f 965/4230/798 916/4231/749 967/4232/800

vt 14.9246 3.24455
vt 13.0321 4.47003
vt 15.3487 4.42295
f 916/4233/749 910/4234/743 967/4235/800

vt 15.3484 4.42351
vt 13.0317 4.47042
v 58.5153 20.2926 -16.7737
vt 14.4593 5.77809
vn 0.712211 -0.431902 -0.553368
f 967/4236/800 910/4237/743 968/4238/801

vt 14.5202 5.61157
vt 13.0769 4.32127
vt 13.7326 6.31794
f 968/4239/801 910/4240/743 908/4241/741

vt 14.4477 5.73302
vt 13.6533 6.4317
vt 14.5845 8.21322
f 968/4242/801 908/4243/741 907/4244/740

v 59.4992 20.3602 -14.5402
vt 17.1498 5.7974
vn 0.7227 -0.444114 -0.529591
vt 14.2205 5.91302
vt 14.3275 8.39469
f 969/4245/802 968/4246/801 907/4247/740

v 59.1762 19.1352 -13.4755
vt 17.9908 4.01813
vn 0.714061 -0.441812 -0.543065
vt 14.2223 5.94547
vt 17.1516 5.82962
f 970/4248/803 968/4249/801 969/4250/802

vt 18.0713 4.02895
vt 15.2247 4.63747
vt 14.3138 5.97748
f 970/4251/803 967/4252/800 968/4253/801

vt 17.2113 2.68007
vt 15.2477 4.65723
vt 18.0928 4.04196
f 965/4254/798 967/4255/800 970/4256/803

vt 18.9707 1.83137
vt 17.275 2.43547
vt 18.1743 3.78576
f 966/4257/799 965/4258/798 970/4259/803

v 59.3407 18.05 -11.6927
vt 20.0519 2.09591
vn 0.709006 -0.430338 -0.558676
vt 18.9726 1.81526
vt 18.1778 3.77033
f 971/4260/804 966/4261/799 970/4262/803

v 59.8897 16.8308 -9.21366
vt 22.8987 0.214551
vn 0.71063 -0.52011 -0.473804
vt 18.974 1.80056
vt 20.0536 2.0804
f 972/4263/805 966/4264/799 971/4265/804

vt 21.2575 -1.20288
vt 18.8463 0.473364
vt 22.6906 -1.29872
f 964/4266/797 966/4267/799 972/4268/805

vt 21.0789 -3.16433
vt 22.5078 -3.30905
v 59.8371 16.7981 -8.99631
vt 22.6514 -3.49237
vn 0.11415 -0.939547 0.322832
f 964/4269/797 972/4270/805 973/4271/806

vt 19.5482 1.39958
vt 19.3414 1.50662
v 59.991 17.1704 -9.03642
vt 19.5981 1.9002
vn 0.851223 -0.182392 0.49209
f 973/4272/806 972/4273/805 974/4274/807

vt 21.3951 -0.00512707
v 60.2368 18.591 -10.6098
vt 20.2199 2.50354
vn 0.805569 -0.366861 -0.465265
vt 21.6551 0.386377
f 972/4275/805 975/4276/808 974/4277/807

vt 19.996 2.2042
vt 21.7171 2.88884
vt 22.858 0.364345
f 971/4278/804 975/4279/808 972/4280/805

vt 18.0832 3.92615
vt 21.6968 2.96094
vt 19.9767 2.27376
f 970/4281/803 975/4282/808 971/4283/804

vt 18.096 3.94119
v 60.6449 20.5604 -12.6022
vt 20.0207 5.92599
vn 0.765657 -0.396175 -0.506769
vt 21.7086 2.97238
f 970/4284/803 976/4285/809 975/4286/808

vt 17.2796 5.73866
vt 20.0315 5.90415
vt 18.1051 3.9209
f 969/4287/802 976/4288/809 970/4289/803

vt 17.2838 5.69144
v 60.8064 21.2729 -13.1689
vt 19.5881 6.88731
vn 0.760417 -0.424239 -0.491719
vt 20.0357 5.85615
f 969/4290/802 977/4291/810 976/4292/809

vt 16.9167 6.53474
v 60.328 21.0458 -14.0924
vt 17.9274 7.57102
vn 0.728772 -0.459838 -0.507386
vt 19.1868 7.79446
f 969/4293/802 978/4294/811 977/4295/810

vt 17.3183 5.7198
v 60.34 22.5786 -16.403
vt 16.0909 9.11362
vn 0.725142 -0.367546 -0.582305
vt 18.367 6.71756
f 969/4296/802 979/4297/812 978/4298/811

vt 14.5647 8.29597
vt 16.133 9.05489
vt 17.3475 5.65641
f 907/4299/740 979/4300/812 969/4301/802

vt 14.6988 8.04341
v 59.7436 24.8499 -18.2977
vt 13.9172 11.6972
vn 0.704463 -0.321044 -0.632979
vt 16.2757 8.78435
f 907/4302/740 980/4303/813 979/4304/812

vt 11.403 11.4759
vt 13.9222 11.6979
vt 14.7037 8.04406
f 855/4305/688 980/4306/813 907/4307/740

v 61.0133 26.4825 -17.6542
vt 15.487 13.8794
vn 0.715255 -0.310987 -0.625857
vt 13.9228 11.6906
vt 11.4035 11.4686
f 981/4308/814 980/4309/813 855/4310/688

vt 15.4056 13.9449
v 60.8067 24.9711 -16.8246
vt 16.0844 11.9053
vn 0.74078 -0.318379 -0.591506
vt 13.8443 11.754
f 981/4311/814 982/4312/815 980/4313/813

v 61.7648 26.1676 -16.287
vt 17.3032 13.5069
vn 0.748185 -0.354472 -0.560864
vt 16.0745 11.9077
vt 15.3952 13.947
f 983/4314/816 982/4315/815 981/4316/814

v 61.8248 25.1784 -14.9248
vt 18.4846 12.2547
vn 0.792124 -0.316573 -0.521844
vt 15.8644 12.1155
vt 17.0819 13.7233
f 984/4317/817 982/4318/815 983/4319/816

vt 15.9062 11.2669
vt 18.5265 11.4069
v 61.4637 24.1701 -15.3912
vt 17.8114 10.1964
vn 0.775626 -0.283528 -0.563929
f 982/4320/815 984/4321/817 985/4322/818

vt 17.505 10.2556
vt 18.233 11.4584
v 61.8818 23.9096 -14.1669
vt 19.0248 9.80042
vn 0.812626 -0.321606 -0.486013
f 985/4323/818 984/4324/817 986/4325/819

v 62.2495 24.8177 -13.4906
vt 19.8255 10.6868
vn 0.868254 -0.24373 -0.432123
vt 18.877 9.64756
vt 18.091 11.3083
f 987/4326/820 986/4327/819 984/4328/817

v 61.7436 23.0489 -12.8866
vt 19.151 9.08949
vn 0.861071 -0.343629 -0.374801
vt 17.9322 10.4444
vt 18.8889 11.4761
f 988/4329/821 986/4330/819 987/4331/820

v 61.2698 21.7866 -12.3239
vt 19.9867 7.71361
vn 0.834726 -0.374139 -0.404045
vt 18.5196 10.8515
vt 19.7326 9.49135
f 989/4332/822 986/4333/819 988/4334/821

v 61.128 22.9248 -15.1315
vt 17.2485 9.67948
vn 0.771115 -0.377776 -0.51251
vt 18.7403 10.8684
vt 20.196 7.72517
f 990/4335/823 986/4336/819 989/4337/822

vt 17.6333 10.7748
vt 19.1538 10.3222
vt 17.6568 9.13995
f 985/4338/818 986/4339/819 990/4340/823

vt 16.0159 8.77446
vt 17.8215 10.781
vt 17.8453 9.14616
f 979/4341/812 985/4342/818 990/4343/823

vt 16.1524 8.66417
vt 16.0435 11.7324
vt 17.9551 10.6734
f 979/4344/812 982/4345/815 985/4346/818

vt 13.8539 11.6086
vt 16.094 11.76
vt 16.2077 8.69197
f 980/4347/813 982/4348/815 979/4349/812

vt 15.912 9.21339
vt 17.7405 9.58961
vt 18.2142 6.84239
f 979/4350/812 990/4351/823 978/4352/811

vt 17.5819 9.68125
vt 19.3338 7.14966
vt 18.0725 6.93701
f 990/4353/823 977/4354/810 978/4355/811

vt 18.9855 7.12872
vt 17.2103 9.64406
vt 20.1592 7.69181
f 977/4356/810 990/4357/823 989/4358/822

vt 19.0587 6.97095
vt 20.233 7.5327
vt 19.5209 5.94625
f 977/4359/810 989/4360/822 976/4361/809

vt 19.3233 6.08057
vt 20.0311 7.66898
v 60.8223 20.4769 -11.6132
vt 20.4513 5.81034
vn 0.833213 -0.360665 -0.419138
f 976/4362/809 989/4363/822 991/4364/824

vt 19.6069 5.79474
vt 19.1711 7.64979
v 60.9536 20.7227 -10.9726
vt 20.3625 5.97844
vn 0.894663 -0.329957 -0.301175
f 991/4365/824 989/4366/822 992/4367/825

vt 19.3398 5.28771
vt 18.1456 6.95708
v 61.3515 22.3445 -11.2321
vt 19.3815 7.3862
vn 0.954579 -0.282858 -0.0936481
f 992/4368/825 989/4369/822 993/4370/826

vt 17.3647 9.15719
v 61.5165 22.3903 -12.0036
vt 17.8497 9.8854
vn 0.892602 -0.35613 -0.276466
vt 18.5981 9.59316
f 989/4371/822 994/4372/827 993/4373/826

vt 19.0096 7.78635
vt 18.7368 9.56131
vt 19.5093 8.50461
f 989/4374/822 988/4375/821 994/4376/827

vt 18.7358 8.01732
vt 17.9599 9.07155
v 62.33 25.1359 -12.7362
vt 18.5529 11.6834
vn 0.938355 -0.249905 -0.238826
f 994/4377/827 988/4378/821 995/4379/828

vt 18.8328 11.6174
vt 18.2394 9.0056
vt 17.9753 11.392
f 995/4380/828 988/4381/821 987/4382/820

vt 19.3404 9.59088
vt 18.4842 9.36071
v 62.3163 25.479 -12.9449
vt 19.1394 10.0475
vn 0.903582 -0.26183 -0.339093
f 995/4383/828 987/4384/820 996/4385/829

vt 18.6519 9.24201
v 62.2101 25.3925 -13.7986
vt 18.3476 9.9948
vn 0.829731 -0.350119 -0.434698
vt 19.3042 9.93157
f 987/4386/820 997/4387/830 996/4388/829

vt 19.7634 10.4311
vt 18.0299 11.0555
vt 19.4361 11.1741
f 987/4389/820 984/4390/817 997/4391/830

v 62.5757 26.0215 -13.9643
vt 19.3583 13.8286
vn 0.825228 -0.360793 -0.434542
vt 19.2852 12.9153
vt 17.8791 12.7962
f 998/4392/831 997/4393/830 984/4394/817

v 62.582 25.9235 -13.4149
vt 19.498 13.8362
vn 0.882224 -0.35126 -0.313522
vt 18.8635 13.1671
vt 18.9255 14.0812
f 999/4395/832 997/4396/830 998/4397/831

vt 19.5344 13.4215
vt 18.5779 13.4847
vt 19.2071 14.1587
f 996/4398/829 997/4399/830 999/4400/832

vt 17.1891 13.2948
vt 16.833 14.0186
v 62.2361 25.6488 -12.1579
vt 18.0064 13.2849
vn 0.964663 -0.258262 -0.0522144
f 996/4401/829 999/4402/832 1000/4403/833

vt 17.5269 12.6344
vt 16.3512 13.3644
v 62.627 26.6047 -12.6325
vt 17.2631 13.9989
vn 0.961421 -0.265496 -0.0719866
f 1000/4404/833 999/4405/832 1001/4406/834

vt 18.0812 12.8233
vt 17.1693 12.1888
v 63.0136 28.2853 -13.1637
vt 17.8448 15.0522
vn 0.94473 -0.259772 -0.200011
f 1001/4407/834 999/4408/832 1002/4409/835

vt 18.3374 12.0169
v 62.9415 27.942 -14.016
vt 18.0346 14.6549
vn 0.867862 -0.252979 -0.427571
vt 18.9938 14.8848
f 999/4410/832 1003/4411/836 1002/4412/835

vt 18.3192 14.732
vt 18.6278 12.0947
vt 18.0538 12.3361
f 1003/4413/836 999/4414/832 998/4415/831

vt 18.9859 14.7639
vt 18.7351 12.3664
v 62.5724 26.7812 -15.0005
vt 17.691 13.5025
vn 0.81124 -0.30315 -0.49999
f 1003/4416/836 998/4417/831 1004/4418/837

vt 19.73 13.2915
vt 18.2412 12.2729
vt 18.6854 14.4272
f 998/4419/831 984/4420/817 1004/4421/837

vt 18.7799 14.3822
vt 18.3322 12.2287
vt 16.9236 13.6916
f 1004/4422/837 984/4423/817 983/4424/816

vt 18.8484 14.2141
vt 16.9915 13.525
v 62.2179 27.1381 -16.1527
vt 17.445 14.7844
vn 0.779099 -0.260075 -0.570408
f 1004/4425/837 983/4426/816 1005/4427/838

vt 17.7329 14.6756
vt 17.2789 13.4164
vt 15.3708 13.856
f 1005/4428/838 983/4429/816 981/4430/814

vt 17.7697 14.5463
vt 15.4083 13.7245
v 61.2969 28.015 -17.8417
vt 15.4028 15.6686
vn 0.770905 -0.22022 -0.597669
f 1005/4431/838 981/4432/814 1006/4433/839

vt 15.4142 13.729
v 60.8289 28.9108 -18.8656
vt 14.0323 16.8125
vn 0.730396 -0.241487 -0.63891
vt 15.4082 15.673
f 981/4434/814 1007/4435/840 1006/4436/839

vt 15.4885 13.8653
v 58.9501 27.2661 -20.2652
vt 11.326 14.7123
vn 0.687536 -0.272489 -0.673085
vt 14.0919 16.9422
f 981/4437/814 1008/4438/841 1007/4439/840

vt 11.4059 11.4634
vt 11.3265 14.7215
vt 15.489 13.8747
f 855/4440/688 1008/4441/841 981/4442/814

vt 7.58382 13.7586
vt 11.3244 14.7343
vt 11.4074 11.4763
f 854/4443/687 1008/4444/841 855/4445/688

v 57.6217 29.0868 -22.2018
vt 8.32788 16.886
vn 0.655414 -0.238259 -0.716704
vt 11.323 14.7329
vt 7.58258 13.7567
v 56.9466 28.1119 -22.4829
vt 7.55972 15.5814
vn 0.625336 -0.235397 -0.744005
f 1009/4446/842 1008/4447/841 854/4448/687 1010/4449/843 

v 58.5204 29.5984 -21.347
vt 9.84601 17.502
vn 0.722057 -0.219498 -0.65609
vt 11.3269 14.636
vt 8.33879 16.7987
f 1011/4450/844 1008/4451/841 1009/4452/842

vt 9.83228 17.3412
v 59.1624 29.719 -20.5025
vt 11.1404 17.5002
vn 0.698624 -0.193818 -0.688737
vt 11.2896 14.4632
f 1011/4453/844 1012/4454/845 1008/4455/841

v 58.3126 31.1724 -21.6661
vt 9.30358 18.9867
vn 0.711931 -0.1122 -0.693228
vt 11.1448 17.2492
vt 9.8369 17.088
f 1013/4456/846 1012/4457/845 1011/4458/844

vt 9.29934 18.8107
v 59.2471 31.5423 -20.3201
vt 11.3081 19.254
vn 0.705013 -0.100105 -0.702094
vt 11.1303 17.0623
f 1013/4459/846 1014/4460/847 1012/4461/845

v 58.7904 32.6124 -20.7047
vt 10.537 20.1278
vn 0.75973 0.00995677 -0.650163
vt 11.3094 18.8674
vt 9.30301 18.4137
f 1015/4462/848 1014/4463/847 1013/4464/846

v 58.939 33.0834 -20.0112
vt 11.2203 18.9588
vn 0.710404 0.0718765 -0.700115
vt 11.0855 17.1596
vt 10.4085 18.4737
f 1016/4465/849 1014/4466/847 1015/4467/848

vt 10.4348 19.9989
vt 10.1288 21.7769
v 59.6719 32.349 -19.8865
vt 11.0397 21.0711
vn 0.670978 -0.00988864 -0.741412
f 1014/4468/847 1016/4469/849 1017/4470/850

v 59.2 33.3295 -19.7337
vt 10.9663 21.2207
vn 0.667712 0.166976 -0.725451
vt 11.4184 20.1263
vt 10.5353 20.8667
f 1018/4471/851 1017/4472/850 1016/4473/849

v 60.3014 32.7686 -18.9003
vt 13.3687 18.8164
vn 0.750137 0.0759519 -0.656906
vt 11.9692 18.2575
vt 11.6423 19.3956
f 1019/4474/852 1017/4475/850 1018/4476/851

vt 13.3812 18.9409
v 60.367 32.1649 -19.2233
vt 13.1809 18.2235
vn 0.748912 -0.0459949 -0.661072
vt 11.9792 18.3885
f 1019/4477/852 1020/4478/853 1017/4479/850

v 60.9637 31.7051 -18.5193
vt 14.3059 17.0322
vn 0.778619 -0.0754115 -0.622949
vt 13.1645 17.6096
vt 13.4244 18.3076
f 1021/4480/854 1020/4481/853 1019/4482/852

v 60.6657 30.2853 -19.2471
vt 13.5117 17.4138
vn 0.743217 -0.161691 -0.649219
vt 13.2199 19.6347
vt 14.3819 19.0998
f 1022/4483/855 1020/4484/853 1021/4485/854

vt 13.5273 17.5769
v 60.0636 31.0919 -19.8247
vt 12.4567 18.5076
vn 0.679384 -0.137583 -0.720769
vt 13.213 19.7947
f 1022/4486/855 1023/4487/856 1020/4488/853

v 60.2018 29.7926 -19.6592
vt 12.7544 17.7944
vn 0.6766 -0.218119 -0.703304
vt 12.3908 19.3466
vt 13.4857 18.4445
f 1024/4489/857 1023/4490/856 1022/4491/855

vt 12.7034 17.9223
vt 11.0581 17.6839
vt 12.327 19.4715
f 1024/4492/857 1012/4493/845 1023/4494/856

vt 11.2881 14.7324
vt 11.0717 17.7654
vt 12.7174 18.0012
f 1008/4495/841 1012/4496/845 1024/4497/857

vt 11.3206 14.6912
vt 12.7681 17.9519
vt 14.0774 16.9323
f 1008/4498/841 1024/4499/857 1007/4500/840

vt 14.0914 16.7975
vt 12.7864 17.8227
vt 13.5232 18.4664
f 1007/4501/840 1024/4502/857 1022/4503/855

vt 13.9154 16.1544
vt 13.3981 17.8398
v 61.2806 30.0743 -18.1436
vt 14.9422 17.532
vn 0.788976 -0.17687 -0.588416
f 1007/4504/840 1022/4505/855 1025/4506/858

vt 14.9133 17.0529
vt 13.3702 17.3657
vt 14.2905 19.0249
f 1025/4507/858 1022/4508/855 1021/4509/854

vt 14.9565 17.1839
vt 14.3223 19.1524
v 61.7119 32.1325 -17.1891
vt 16.1773 19.6087
vn 0.776352 -0.0945113 -0.623174
f 1025/4510/858 1021/4511/854 1026/4512/859

vt 16.2135 18.616
vt 14.3653 18.1331
v 60.9614 32.65 -18.0706
vt 14.7667 19.2359
vn 0.763137 -0.0041782 -0.646224
f 1026/4513/859 1021/4514/854 1027/4515/860

vt 14.3825 18.2664
vt 13.4463 19.5023
vt 14.7644 19.3761
f 1021/4516/854 1019/4517/852 1027/4518/860

v 60.5654 33.3687 -18.0819
vt 14.4144 18.9852
vn 0.733969 0.153105 -0.661701
vt 14.7679 18.1431
vt 13.4507 18.2774
f 1028/4519/861 1027/4520/860 1019/4521/852

v 62.1665 33.5454 -15.9892
vt 17.6191 19.8236
vn 0.746866 0.0293714 -0.664326
vt 14.7425 18.6997
vt 14.368 19.5327
f 1029/4522/862 1027/4523/860 1028/4524/861

vt 16.2196 19.0134
vt 14.769 19.6242
vt 17.6752 20.6689
f 1026/4525/859 1027/4526/860 1029/4527/862

v 62.3894 32.2042 -16.1021
vt 17.7754 19.0936
vn 0.776729 -0.15005 -0.6117
vt 16.2048 19.0343
vt 17.6786 20.6736
f 1030/4528/863 1026/4529/859 1029/4530/862

vt 17.7729 19.6971
vt 14.9979 17.2064
vt 16.2023 19.6394
f 1030/4531/863 1025/4532/858 1026/4533/859

v 61.8449 29.6192 -16.856
vt 16.4961 16.86
vn 0.787463 -0.188195 -0.586928
vt 14.8094 17.5183
vt 17.634 19.9525
f 1031/4534/864 1025/4535/858 1030/4536/863

vt 15.1105 14.9156
vt 14.7982 17.446
vt 16.4844 16.7865
f 1006/4537/839 1025/4538/858 1031/4539/864

vt 15.2144 15.0367
vt 13.8524 16.1927
vt 14.8861 17.5651
f 1006/4540/839 1007/4541/840 1025/4542/858

vt 16.6519 16.7319
v 62.3056 28.4073 -16.1053
vt 17.7542 15.2429
vn 0.792852 -0.189812 -0.5791
vt 15.3061 14.8407
f 1031/4543/864 1032/4544/865 1006/4545/839

v 63.1015 30.8619 -14.7406
vt 19.6526 18.2184
vn 0.799926 -0.209075 -0.5625
vt 17.7707 15.3088
vt 16.6656 16.7958
f 1033/4546/866 1032/4547/865 1031/4548/864

vt 19.4055 18.227
v 62.6845 27.8858 -15.0721
vt 18.7621 14.619
vn 0.831474 -0.220314 -0.510012
vt 17.4638 15.357
f 1033/4549/866 1034/4550/867 1032/4551/865

vt 18.8624 18.0389
vt 19.4029 14.348
vt 18.1526 14.4435
f 1033/4552/866 1003/4553/836 1034/4554/867

v 63.385 30.7485 -13.988
vt 20.3384 18.2391
vn 0.83844 -0.248865 -0.484855
vt 19.9824 14.7732
vt 19.3856 18.4554
f 1035/4555/868 1003/4556/836 1033/4557/866

v 63.5373 31.0578 -13.3191
vt 20.2344 18.244
vn 0.907336 -0.269846 -0.322374
vt 19.0094 14.526
vt 19.4346 17.9841
f 1036/4558/869 1003/4559/836 1035/4560/868

vt 18.0205 14.7184
vt 19.2834 18.4237
vt 18.9797 14.9482
f 1003/4561/836 1036/4562/869 1002/4563/835

vt 15.3339 15.045
vt 15.6931 18.5152
v 63.2017 30.3174 -12.6286
vt 16.2221 17.3729
vn 0.962462 -0.242031 0.122836
f 1002/4564/835 1036/4565/869 1037/4566/870

vt 17.8325 18.1529
vt 17.3019 19.2945
v 63.7891 32.3315 -12.9141
vt 17.9546 20.7808
vn 0.954381 -0.297385 -0.0268
f 1037/4567/870 1036/4568/869 1038/4569/871

vt 20.4953 19.7766
vt 19.8565 18.2842
v 63.7526 32.5483 -13.7227
vt 19.6419 20.2091
vn 0.823058 -0.258825 -0.505554
f 1038/4570/871 1036/4571/869 1039/4572/872

vt 19.9661 20.3327
vt 20.1883 18.4087
vt 19.3884 18.1493
f 1039/4573/872 1036/4574/869 1035/4575/868

vt 20.3339 18.2035
vt 19.3812 18.42
vt 20.8693 20.3976
f 1035/4576/868 1033/4577/866 1039/4578/872

v 62.848 32.9917 -15.3256
vt 18.8357 20.9401
vn 0.754748 -0.132759 -0.642441
vt 21.0899 20.3327
vt 19.6347 18.3306
f 1040/4579/873 1039/4580/872 1033/4581/866

vt 21.105 20.6425
vt 18.8492 21.2441
v 64.1864 34.4096 -13.4029
vt 21.7062 22.9245
vn 0.757011 0.0904576 -0.64711
f 1039/4582/872 1040/4583/873 1041/4584/874

vt 21.3919 22.5639
vt 18.6385 20.7186
v 63.2966 33.791 -14.5401
vt 19.6609 21.7237
vn 0.705059 0.0886394 -0.703587
f 1041/4585/874 1040/4586/873 1042/4587/875

vt 18.8241 20.6311
vt 17.6186 21.2515
vt 19.8813 21.5994
f 1040/4588/873 1029/4589/862 1042/4590/875

vt 17.763 19.7399
vt 17.6132 21.3158
vt 18.8195 20.6968
f 1030/4591/863 1029/4592/862 1040/4593/873

vt 19.6172 18.2717
vt 17.7316 19.9667
vt 18.8237 20.8828
f 1033/4594/866 1030/4595/863 1040/4596/873

vt 16.6363 16.9235
vt 17.7404 20.0282
vt 19.6282 18.3357
f 1031/4597/864 1030/4598/863 1033/4599/866

vt 19.7618 19.4885
vt 17.5095 19.0785
v 62.7863 34.0722 -14.855
vt 19.0227 19.785
vn 0.657983 0.35132 -0.666058
f 1042/4600/875 1029/4601/862 1043/4602/876

vt 19.0347 19.8198
vt 17.5197 19.1172
v 61.0509 33.8164 -16.9889
vt 15.6487 19.3459
vn 0.660402 0.410651 -0.628677
f 1043/4603/876 1029/4604/862 1044/4605/877

vt 17.5675 17.2183
vt 14.3224 16.8676
vt 15.6999 17.4738
f 1029/4606/862 1028/4607/861 1044/4608/877

vt 15.6851 17.3958
vt 14.3104 16.7831
v 59.5233 33.7076 -18.8948
vt 12.669 17.1274
vn 0.679849 0.378963 -0.627847
f 1044/4609/877 1028/4610/861 1045/4611/878

vt 14.248 18.5631
vt 13.3334 17.7929
vt 12.5999 18.874
f 1028/4612/861 1019/4613/852 1045/4614/878

vt 12.7691 17.5939
vt 13.4397 16.4728
vt 11.7381 17.1215
f 1045/4615/878 1019/4616/852 1018/4617/851

vt 12.5023 16.275
vt 11.5182 15.7113
v 58.5948 33.8891 -19.6141
vt 11.0423 16.392
vn 0.639535 0.477253 -0.602681
f 1045/4618/878 1018/4619/851 1046/4620/879

vt 10.018 20.9962
vt 9.62424 20.6012
vt 9.39271 21.5428
f 1018/4621/851 1016/4622/849 1046/4623/879

vt 11.4175 16.8182
vt 11.2338 15.8661
v 58.575 33.5095 -20.2055
vt 10.7987 16.4131
vn 0.732781 0.234124 -0.63892
f 1046/4624/879 1016/4625/849 1047/4626/880

vt 11.3192 17.7249
vt 10.5391 17.1904
vt 10.8471 18.2402
f 1016/4627/849 1015/4628/848 1047/4629/880

vt 10.5737 19.0722
vt 10.3932 17.9931
v 57.1977 33.1392 -21.8901
vt 7.91739 18.4517
vn 0.697928 0.0697704 -0.712761
f 1047/4630/880 1015/4631/848 1048/4632/881

vt 7.82353 20.4905
vt 10.3086 20.0853
vt 9.18505 18.2969
f 1048/4633/881 1015/4634/848 1013/4635/846

v 57.0545 32.5167 -22.2988
vt 7.4759 19.4434
vn 0.675086 -0.047368 -0.736217
vt 7.91214 20.203
vt 9.2365 17.9868
f 1049/4636/882 1048/4637/881 1013/4638/846

v 54.4141 33.4338 -24.1408
vt 3.35669 20.1336
vn 0.662534 -0.0900946 -0.743594
vt 7.7986 20.1898
vt 7.37938 19.4207
f 1050/4639/883 1048/4640/881 1049/4641/882

v 54.6647 34.0464 -23.7098
vt 3.89503 21.3041
vn 0.697476 0.0322204 -0.715883
vt 7.80056 20.5901
vt 3.35863 20.5354
f 1051/4642/884 1048/4643/881 1050/4644/883

v 55.6267 33.9471 -22.8012
vt 5.7015 18.7796
vn 0.709361 0.185424 -0.680018
vt 7.93489 17.9555
vt 4.05389 18.7927
f 1052/4645/885 1048/4646/881 1051/4647/884

v 57.0227 33.8171 -21.4547
vt 8.12819 18.6327
vn 0.689555 0.31708 -0.651133
vt 7.94458 17.8077
vt 5.71376 18.6387
f 1053/4648/886 1048/4649/881 1052/4650/885

vt 8.04975 18.7285
vt 10.5319 18.5478
vt 7.88203 17.9001
f 1053/4651/886 1047/4652/880 1048/4653/881

v 55.9124 34.3647 -21.8105
vt 6.83143 14.8495
vn 0.577451 0.652944 -0.490117
vt 10.6237 13.9462
vt 8.14778 14.1982
f 1054/4654/887 1047/4655/880 1053/4656/886

vt 11.0929 15.3368
vt 10.5846 14.7994
vt 6.78001 15.6494
f 1046/4657/879 1047/4658/880 1054/4659/887

v 56.601 34.3719 -20.8152
vt 8.62404 6.93423
vn 0.33735 0.911644 -0.234736
vt 11.3711 6.06183
vt 7.13159 6.91329
f 1055/4660/888 1046/4661/879 1054/4662/887

v 58.0672 34.1877 -19.5104
vt 10.7523 10.4632
vn 0.368956 0.878062 -0.30476
vt 11.1387 10.0132
vt 8.31031 10.568
f 1056/4663/889 1046/4664/879 1055/4665/888

v 59.2799 34.1068 -18.3764
vt 12.5806 11.6896
vn 0.453102 0.787568 -0.417655
vt 10.934 11.1483
vt 10.5197 11.5727
f 1057/4666/890 1046/4667/879 1056/4668/889

vt 12.828 12.7655
vt 12.6047 12.17
vt 11.1493 12.334
f 1057/4669/890 1045/4670/878 1046/4671/879

v 60.7747 34.2006 -16.495
vt 15.7227 13.299
vn 0.284475 0.922559 -0.260688
vt 12.5554 12.3276
vt 12.7684 12.9269
f 1058/4672/891 1045/4673/878 1057/4674/890

vt 15.6196 12.9936
vt 15.4706 12.4012
vt 12.4772 11.9441
f 1058/4675/891 1044/4676/877 1045/4677/878

v 61.5802 34.2303 -15.6523
vt 16.6522 14.3069
vn 0.228686 0.935875 -0.268032
vt 15.1235 13.447
vt 15.2263 14.0491
f 1059/4678/892 1044/4679/877 1058/4680/891

vt 16.3873 14.4323
vt 18.1668 14.5038
vt 14.8954 13.51
f 1059/4681/892 1043/4682/876 1044/4683/877

v 62.6206 34.2882 -14.6385
vt 18.2137 16.6367
vn 0.197288 0.927267 -0.318204
vt 18.2246 16.3266
vt 16.4445 16.27
f 1060/4684/893 1043/4685/876 1059/4686/892

vt 17.1102 18.9633
v 63.3061 34.4176 -13.967
vt 18.2229 19.4208
vn 0.150598 0.932439 -0.328449
vt 17.1598 18.657
f 1060/4687/893 1061/4688/894 1043/4689/876

vt -19.7808 14.9745
vt -18.6888 14.4695
v 62.3834 34.2966 -14.4391
vt -18.7641 14.2089
vn -0.368027 0.866937 0.336118
f 1061/4690/894 1060/4691/893 1062/4692/895

vt -19.3189 10.3378
vt -19.2928 10.6078
vt -17.5342 10.1936
f 1062/4693/895 1060/4694/893 1059/4695/892

vt -19.3047 9.14803
vt -17.5224 8.97748
v 60.1419 34.2492 -16.0914
vt -16.0597 8.00111
vn -0.299885 0.901843 0.311044
f 1062/4696/895 1059/4697/892 1063/4698/896

vt -16.0542 7.92392
vt -17.5383 8.86744
vt -16.1172 8.58458
f 1063/4699/896 1059/4700/892 1058/4701/891

vt -15.6111 5.15977
vt -15.801 5.79567
v 59.8097 34.2771 -16.8441
vt -14.6516 5.41336
vn -0.191893 0.955621 0.223527
f 1063/4702/896 1058/4703/891 1064/4704/897

vt -14.9965 4.84604
vt -16.0872 5.37301
v 59.8994 34.2304 -17.2841
vt -14.6457 5.12067
vn 0.135145 0.983775 -0.117995
f 1064/4705/897 1058/4706/891 1065/4707/898

vt 9.46805 13.0745
vt 10.658 13.9264
vt 8.45943 11.9181
f 1065/4708/898 1058/4709/891 1057/4710/890

vt 12.2837 10.6477
vt 10.9881 9.82558
v 59.0676 34.2474 -18.116
vt 10.9193 10.1223
vn 0.101583 0.991882 -0.0764939
f 1065/4711/898 1057/4712/890 1066/4713/899

vt 11.0816 9.87166
vt 11.1439 9.57352
v 58.048 34.3007 -19.037
vt 9.45523 9.35407
vn 0.152412 0.983024 -0.102152
f 1066/4714/899 1057/4715/890 1067/4716/900

vt 6.73888 10.2479
vt 8.26546 11.0024
vt 6.61681 9.76031
f 1067/4717/900 1057/4718/890 1056/4719/889

vt 8.0323 9.21895
vt 7.84154 8.75395
v 56.2331 34.4617 -20.596
vt 5.3838 7.87051
vn -0.0971776 0.981506 0.164931
f 1067/4720/900 1056/4721/889 1068/4722/901

vt -7.73545 0.123115
vt -10.3424 0.281166
vt -7.90471 0.460439
f 1068/4723/901 1056/4724/889 1055/4725/888

vt -7.68814 0.0670389
vt -7.86091 0.402575
v 55.4342 34.519 -21.8922
vt -5.89119 0.592873
vn 0.11709 0.993073 -0.00979051
f 1068/4726/901 1055/4727/888 1069/4728/902

vt 8.60629 5.27784
vt 7.11406 5.24496
vt 6.64676 5.55393
f 1055/4729/888 1054/4730/887 1069/4731/902

vt 7.03135 0.956026
vt 7.29617 0.46236
v 54.6495 34.6118 -22.8338
vt 5.73131 1.75585
vn 0.324563 0.929459 -0.175401
f 1069/4732/902 1054/4733/887 1070/4734/903

vt 6.91566 12.3754
v 55.7182 34.1983 -22.395
vt 6.23234 12.0949
vn 0.667278 0.464361 -0.58233
vt 4.90106 12.6269
f 1054/4735/887 1071/4736/904 1070/4737/903

vt 7.03323 13.1127
vt 8.30529 12.3786
vt 6.33921 12.8599
f 1054/4738/887 1053/4739/886 1071/4740/904

vt 6.13552 17.1097
vt 8.12945 16.7614
vt 5.71502 16.7683
f 1071/4741/904 1053/4742/886 1052/4743/885

vt 6.27153 17.5462
vt 5.83831 17.2211
v 53.3437 34.6962 -24.6467
vt 2.19056 18.0022
vn 0.721162 0.321254 -0.613776
f 1071/4744/904 1052/4745/885 1072/4746/905

vt 2.02424 20.9026
vt 5.69828 20.2563
vt 4.05066 20.2682
f 1072/4747/905 1052/4748/885 1051/4749/884

vt 3.93664 21.3427
vt 3.39555 20.5773
vt 1.89798 21.9366
f 1051/4750/884 1050/4751/883 1072/4752/905

vt 2.24843 20.928
vt 3.66714 19.4866
v 52.4671 34.9761 -25.543
vt 0.679769 21.2143
vn 0.702532 0.0317228 -0.710944
f 1072/4753/905 1050/4754/883 1073/4755/906

vt 0.0758607 23.0563
vt 3.17808 21.5445
v 52.945 32.2067 -24.9408
vt 1.29541 19.7841
vn 0.527536 -0.235021 -0.816377
f 1073/4756/906 1050/4757/883 1074/4758/907

vt 1.17253 19.7439
vt 3.03992 21.5205
v 54.3915 32.2693 -24.1397
vt 3.15685 20.1163
vn 0.602783 -0.185451 -0.776054
f 1074/4759/907 1050/4760/883 1075/4761/908

vt 3.09589 21.5059
v 56.8278 31.4696 -22.6901
vt 6.73134 19.6194
vn 0.633529 -0.131982 -0.762379
vt 3.20725 20.1013
f 1050/4762/883 1076/4763/909 1075/4764/908

vt 3.29134 21.029
vt 7.3212 20.3578
vt 6.88922 19.0718
f 1050/4765/883 1049/4766/882 1076/4767/909

vt 7.27716 20.3757
vt 9.08976 18.9843
vt 6.85307 19.0871
f 1049/4768/882 1013/4769/846 1076/4770/909

vt 6.85017 19.219
vt 9.08691 19.1172
v 57.9867 30.3112 -22.0437
vt 8.56421 18.0332
vn 0.66208 -0.177503 -0.728109
f 1076/4771/909 1013/4772/846 1077/4773/910

vt 8.72399 17.9841
vt 9.30293 19.0391
vt 9.84304 17.1422
f 1077/4774/910 1013/4775/846 1011/4776/844

vt 8.7159 18.2914
vt 9.843 17.4604
vt 8.33701 16.7546
f 1077/4777/910 1011/4778/844 1009/4779/842

v 56.3808 30.6104 -22.9891
vt 6.16717 18.5331
vn 0.598954 -0.190468 -0.777802
vt 8.45648 18.4914
vt 8.12721 16.9432
f 1078/4780/911 1077/4781/910 1009/4782/842

vt 6.72699 19.5641
vt 8.45853 18.404
vt 6.16923 18.4461
f 1076/4783/909 1077/4784/910 1078/4785/911

vt 3.21717 20.046
vt 6.74085 19.5612
vt 6.1816 18.444
f 1075/4786/908 1076/4787/909 1078/4788/911

vt 3.11367 20.1694
vt 6.09047 18.5905
v 55.4475 29.8717 -23.4096
vt 4.96858 17.4987
vn 0.600811 -0.187042 -0.777201
f 1075/4789/908 1078/4790/911 1079/4791/912

vt 4.97645 17.4977
vt 6.09894 18.5889
vt 7.32572 15.6885
f 1079/4792/912 1078/4793/911 1010/4794/843

vt 6.11899 18.579
vt 8.08478 16.9961
vt 7.34194 15.6769
f 1078/4795/911 1009/4796/842 1010/4797/843

vt 7.42403 15.517
vt 5.54021 14.5481
vt 5.09456 17.3516
f 1010/4798/843 853/4799/686 1079/4800/912

vt 7.52906 15.5982
vt 7.55598 13.7735
vt 5.63336 14.6528
f 1010/4801/843 854/4802/687 853/4803/686

vt 4.97414 17.4338
vt 5.45594 14.6363
vt 4.09507 14.9504
f 1079/4804/912 853/4805/686 838/4806/671

vt 5.42255 14.7316
vt 3.69309 13.805
vt 4.0606 15.041
f 853/4807/686 840/4808/673 838/4809/671

vt 5.02739 17.4212
vt 4.1353 14.9425
vt 3.27986 16.2387
f 1079/4810/912 838/4811/671 837/4812/670

vt 5.05821 17.4371
vt 3.30719 16.2598
vt 3.22267 20.1211
f 1079/4813/912 837/4814/670 1075/4815/908

vt 3.16463 20.1353
vt 3.26547 16.2743
vt 1.18009 19.764
f 1075/4816/908 837/4817/670 1074/4818/907

vt 2.96341 16.3549
vt 1.02332 16.8987
vt 0.807756 19.8016
f 837/4819/670 836/4820/669 1074/4821/907

vt 0.715161 16.8996
v 52.0909 30.9516 -24.9098
vt -0.161035 18.029
vn 0.383942 -0.247219 -0.889647
vt 0.466283 19.7998
f 836/4822/669 1080/4823/913 1074/4824/907

vt -0.381064 17.9179
vt 0.50009 16.7924
vt -0.343383 15.6085
f 1080/4825/913 836/4826/669 832/4827/665

v 51.8768 32.5463 -25.1642
vt -1.15538 19.7787
vn 0.0650813 -0.249547 -0.966173
vt -0.50388 17.9158
vt -0.464322 15.6064
f 1081/4828/914 1080/4829/913 832/4830/665

vt -0.720509 19.8848
vt 0.54864 19.7863
vt -0.0829512 18.017
f 1081/4831/914 1074/4832/907 1080/4833/913

vt 0.527186 19.5546
vt -0.74198 19.6529
v 52.0795 33.661 -25.4463
vt -0.888658 21.0961
vn 0.217008 -0.301217 -0.928534
f 1074/4834/907 1081/4835/914 1082/4836/915

v 51.7253 33.4757 -25.2503
vt -2.46749 20.5955
vn -0.672724 -0.108619 -0.731877
vt -2.18762 20.977
vt -2.0877 19.5298
f 1083/4837/916 1082/4838/915 1081/4839/914

v 51.8621 34.4453 -25.5825
vt -2.4148 21.5241
vn -0.660402 -0.0742646 -0.747231
vt -1.99722 20.6317
vt -2.27247 20.2469
f 1084/4840/917 1082/4841/915 1083/4842/916

vt -1.97924 21.9152
v 52.2607 34.7278 -25.7111
vt -1.67868 22.4094
vn 0.445911 -0.23184 -0.864531
vt -1.54216 21.0322
f 1084/4843/917 1085/4844/918 1082/4845/915

v 52.0547 35.1713 -25.7452
vt -2.10349 22.9637
vn -0.172694 0.699565 -0.693387
vt -1.78564 22.5026
vt -2.0871 22.0089
f 1086/4846/919 1085/4847/918 1084/4848/917

vt -0.0825173 22.5804
vt -0.377762 22.2412
vt -0.653677 22.7286
f 1073/4849/906 1085/4850/918 1086/4851/919

vt 0.391584 23.0151
vt 1.55157 19.7212
vt 0.0823235 22.6886
f 1073/4852/906 1074/4853/907 1085/4854/918

vt 0.54182 19.5708
vt -0.874249 21.1121
vt -1.0249 22.4878
f 1074/4855/907 1082/4856/915 1085/4857/918

v 52.5344 35.1008 -25.2308
vt 1.09024 15.2239
vn 0.354 0.928323 -0.113577
vt 0.748887 15.051
vt 0.215327 15.3029
f 1087/4858/920 1073/4859/906 1086/4860/919

vt 1.31305 16.7873
vt 2.50771 16.2454
vt 0.961659 16.6357
f 1087/4861/920 1072/4862/905 1073/4863/906

v 53.2576 34.8608 -24.3801
vt 3.08089 13.1704
vn 0.355414 0.92905 -0.102701
vt 2.86067 12.9625
vt 1.74729 13.6562
f 1088/4864/921 1072/4865/905 1087/4866/920

vt 2.72076 12.3213
v 53.8317 34.7525 -23.7539
vt 3.76795 12.1316
vn 0.333558 0.930799 -0.149509
vt 2.52994 12.0861
f 1088/4867/921 1089/4868/922 1072/4869/905

vt -2.78052 6.52519
vt -1.7341 6.71919
v 52.9485 34.8843 -24.2565
vt -1.53931 6.47869
vn -0.338062 0.835444 0.433298
f 1089/4870/922 1088/4871/921 1090/4872/923

vt -1.00293 7.65932
vt -1.22728 7.87253
vt 0.101818 8.37044
f 1090/4873/923 1088/4874/921 1087/4875/920

vt -1.57535 11.0735
vt -0.387229 11.6344
v 52.1853 35.1103 -25.2649
vt -0.0328049 11.4776
vn -0.578654 0.625657 0.523176
f 1090/4876/923 1087/4877/920 1091/4878/924

vt -0.283554 9.57645
vt -0.627314 9.75545
vt 0.247347 9.83724
f 1091/4879/924 1087/4880/920 1086/4881/919

v 51.9265 34.9383 -25.5607
vt -0.839022 21.2353
vn -0.869062 0.356874 0.342598
vt -1.31671 21.461
vt -0.743155 21.6056
f 1092/4882/925 1091/4883/924 1086/4884/919

v 51.5713 32.8609 -23.5845
vt -2.39178 18.9976
vn -0.778454 0.396238 0.486831
vt -1.15756 22.2643
vt -0.677606 22.0435
f 1093/4885/926 1091/4886/924 1092/4887/925

v 52.9541 34.129 -22.6994
vt -4.16251 20.6735
vn -0.645288 0.53265 0.54762
vt -1.06029 22.1854
vt -2.27983 18.9131
f 1094/4888/927 1091/4889/924 1093/4890/926

vt -3.38448 16.4681
vt -1.96577 17.9096
vt -0.397111 18.1959
f 1094/4891/927 1090/4892/923 1091/4893/924

vt -3.86617 18.19
v 53.6286 34.5397 -22.6869
vt -4.40726 18.9554
vn -0.564323 0.633051 0.529893
vt -2.3686 19.5493
f 1094/4894/927 1095/4895/928 1090/4896/923

v 55.1002 34.1379 -19.8192
vt -8.36297 18.1519
vn -0.545238 0.661728 0.514618
vt -4.45744 18.8659
vt -3.92105 18.0972
f 1096/4897/929 1095/4898/928 1094/4899/927

vt -8.13446 14.1774
v 54.4887 34.4889 -21.6776
vt -5.90107 15.0015
vn -0.464793 0.74452 0.479225
vt -4.25346 15.0146
f 1096/4900/929 1097/4901/930 1095/4902/928

vt -8.11451 13.9808
v 55.7679 34.4146 -20.2159
vt -8.29812 14.8059
vn -0.391916 0.821938 0.413304
vt -5.88369 14.8119
f 1096/4903/929 1098/4904/931 1097/4905/930

v 56.8974 34.3083 -18.5492
vt -10.8838 14.7029
vn -0.403834 0.777034 0.482842
vt -8.40168 14.8837
vt -8.23395 14.0552
f 1099/4906/932 1098/4907/931 1096/4908/929

vt -10.7389 8.71957
vt -8.30901 9.52084
vt -8.26331 8.97495
f 1099/4909/932 1068/4910/901 1098/4911/931

vt -10.8366 9.89966
v 57.5938 34.3658 -18.6259
vt -11.3416 10.4401
vn -0.288131 0.906872 0.307511
vt -8.38989 10.6479
f 1099/4912/932 1100/4913/933 1068/4914/901

v 56.9207 34.0445 -18.0185
vt -9.56189 12.2251
vn -0.531842 0.663396 0.526356
vt -9.74562 13.1772
vt -9.12678 12.772
f 1101/4915/934 1100/4916/933 1099/4917/932

vt -11.9562 17.1668
v 57.2999 34.2343 -17.8577
vt -12.3499 17.5618
vn -0.516551 0.731698 0.444739
vt -11.7246 18.1084
f 1101/4918/934 1102/4919/935 1100/4920/933

v 56.7819 33.7251 -17.0332
vt -12.7163 17.3073
vn -0.607862 0.599055 0.521188
vt -12.2643 18.4017
vt -11.8332 18.0477
f 1103/4921/936 1102/4922/935 1101/4923/934

vt -11.9499 15.0255
v 57.9056 33.9094 -16.5349
vt -13.3494 15.5844
vn -0.487583 0.664652 0.566128
vt -11.623 16.1636
f 1103/4924/936 1104/4925/937 1102/4926/935

v 57.3607 33.5964 -16.2552
vt -13.1095 15.0866
vn -0.544288 0.569787 0.615706
vt -13.3098 15.804
vt -11.9077 15.2516
f 1105/4927/938 1104/4928/937 1103/4929/936

vt -12.083 14.7678
v 57.8479 33.1887 -15.443
vt -13.2245 14.1904
vn -0.5201 0.542999 0.659278
vt -12.3429 15.4658
f 1105/4930/938 1106/4931/939 1104/4932/937

vt -12.6872 17.7178
v 56.5536 32.2433 -15.1872
vt -12.9791 15.4969
vn -0.584227 0.470397 0.661367
vt -13.8492 17.1829
f 1105/4933/938 1107/4934/940 1106/4935/939

v 56.3294 32.87 -16.1379
vt -12.1161 16.6099
vn -0.643816 0.492484 0.585628
vt -13.1868 15.6792
vt -12.8725 17.897
f 1108/4936/941 1107/4937/940 1105/4938/938

vt -12.6614 18.1214
v 55.9284 31.8275 -15.44
vt -13.025 16.5691
vn -0.663244 0.419874 0.619526
vt -13.7562 17.2192
f 1108/4939/941 1109/4940/942 1107/4941/940

v 55.045 31.6795 -16.4374
vt -11.5788 16.5192
vn -0.637651 0.442475 0.630569
vt -13.2241 16.7576
vt -12.8477 18.3068
f 1110/4942/943 1109/4943/942 1108/4944/941

vt -11.5337 16.9968
v 54.1774 29.5388 -15.5531
vt -11.7501 13.9638
vn -0.658659 0.368528 0.656015
vt -13.1794 17.2326
f 1110/4945/943 1111/4946/944 1109/4947/942

vt -10.599 16.6731
v 54.1766 31.6667 -17.0584
vt -9.29087 16.5141
vn -0.617333 0.418279 0.666291
vt -10.7482 13.6361
f 1110/4948/943 1112/4949/945 1111/4950/944

vt -10.6599 15.9731
v 54.5523 32.963 -17.9536
vt -8.81875 17.7107
vn -0.605155 0.514956 0.607132
vt -9.35206 15.8119
f 1110/4951/943 1113/4952/946 1112/4953/945

v 56.0052 33.0861 -17.1193
vt -10.6665 17.8245
vn -0.608507 0.525353 0.594747
vt -8.65776 17.3812
vt -10.4887 15.6328
f 1114/4954/947 1113/4955/946 1110/4956/943

vt -10.7793 16.9741
v 56.0813 33.9024 -18.03
vt -10.0069 18.2345
vn -0.509309 0.614234 0.602761
vt -8.77292 16.5204
f 1114/4957/947 1115/4958/948 1113/4959/946

vt -9.35928 14.7659
vt -9.49404 16.5651
vt -8.68228 16.08
f 1114/4960/947 1101/4961/934 1115/4962/948

vt -11.9419 19.5361
vt -12.2479 17.758
vt -12.8528 18.8302
f 1101/4963/934 1114/4964/947 1103/4965/936

vt -11.8915 17.8983
vt -13.0966 17.5041
vt -12.553 18.9365
f 1114/4966/947 1108/4967/941 1103/4968/936

vt -11.9551 18.4818
vt -11.9278 16.283
vt -13.1624 18.0945
f 1114/4969/947 1110/4970/943 1108/4971/941

vt -12.038 17.9053
vt -12.5164 16.4499
vt -13.2417 17.7547
f 1103/4972/936 1108/4973/941 1105/4974/938

vt -9.55368 13.8348
vt -10.3338 14.3693
vt -9.86162 14.8846
f 1115/4975/948 1101/4976/934 1099/4977/932

vt -10.6448 14.4051
vt -10.8254 15.4841
vt -8.16905 14.8636
f 1115/4978/948 1099/4979/932 1096/4980/929

vt -10.8142 17.5873
vt -8.3291 17.9925
vt -9.69062 15.7989
f 1115/4981/948 1096/4982/929 1113/4983/946

vt -8.1791 17.5795
v 54.4512 33.7563 -19.7285
vt -7.74286 16.8199
vn -0.61904 0.568855 0.541474
vt -9.50346 15.3632
f 1096/4984/929 1116/4985/949 1113/4986/946

vt -8.36578 17.441
vt -3.92387 17.3848
vt -7.94656 16.6719
f 1096/4987/929 1094/4988/927 1116/4989/949

vt -8.04585 18.3897
vt -4.01599 19.0608
v 53.6265 32.994 -19.5295
vt -7.61387 17.1037
vn -0.682912 0.494866 0.537344
f 1116/4990/949 1094/4991/927 1117/4992/950

vt -7.89508 18.4382
vt -4.25964 20.3246
v 52.4493 33.1941 -22.2221
vt -4.37099 18.92
vn -0.721122 0.444952 0.531038
f 1117/4993/950 1094/4994/927 1118/4995/951

vt -4.32181 20.3533
vt -2.45442 18.5767
vt -4.43874 18.9491
f 1094/4996/927 1093/4997/926 1118/4998/951

vt -4.52934 15.199
vt -4.42851 19.06
vt -2.44397 18.6888
f 877/4999/710 1118/5000/951 1093/5001/926

vt -4.43406 15.1763
v 52.1636 31.4354 -20.1675
vt -6.18508 16.3536
vn -0.723019 0.443325 0.529817
vt -4.34954 19.0376
f 877/5002/710 1119/5003/952 1118/5004/951

vt -5.35263 13.7333
vt -6.24472 16.2121
vt -4.49719 15.0296
f 878/5005/711 1119/5006/952 877/5007/710

v 51.2035 29.6089 -19.0078
vt -6.82145 13.3834
vn -0.727724 0.384852 0.567721
vt -6.33965 16.1809
vt -5.46059 13.6975
f 1120/5008/953 1119/5009/952 878/5010/711

vt -6.55526 13.2245
v 52.3707 30.2908 -17.9651
vt -8.43908 14.1934
vn -0.711917 0.401362 0.576266
vt -6.10961 16.028
f 1120/5011/953 1121/5012/954 1119/5013/952

v 51.9295 28.9326 -17.6163
vt -8.01287 13.5236
vn -0.698397 0.32977 0.635212
vt -7.98595 15.3482
vt -6.09024 14.4028
f 1122/5014/955 1121/5015/954 1120/5016/953

vt -7.7191 13.5027
vt -11.4595 14.4789
v 53.1063 31.2368 -17.7438
vt -8.46441 16.632
vn -0.685915 0.400441 0.607592
vt -7.69625 15.3274
f 1122/5017/955 1111/5018/944 1123/5019/956 1121/5020/954 

vt -11.4343 14.5815
vt -7.69371 13.6058
v 53.4579 27.0895 -14.9482
vt -11.5173 11.3235
vn -0.670801 0.320996 0.668571
f 1111/5021/944 1122/5022/955 1124/5023/957

v 51.9948 27.4053 -16.7395
vt -8.69804 11.7408
vn -0.70886 0.32363 0.626722
vt -11.5815 11.4365
vt -7.7575 13.7181
f 1125/5024/958 1124/5025/957 1122/5026/955

vt -8.70065 11.7657
v 52.2711 25.2849 -15.3373
vt -10.3315 9.03892
vn -0.683162 0.291359 0.669626
vt -11.5841 11.4614
f 1125/5027/958 1126/5028/959 1124/5029/957

vt -8.7394 11.7889
v 50.5248 24.8293 -17.091
vt -7.32589 8.35753
vn -0.730317 0.275087 0.625271
vt -10.3703 9.06214
f 1125/5030/958 1127/5031/960 1126/5032/959

v 50.7187 26.3502 -17.7241
vt -6.98406 10.2912
vn -0.717869 0.361366 0.595046
vt -7.48493 8.2925
vt -8.89803 11.724
f 1128/5033/961 1127/5034/960 1125/5035/958

vt -7.13334 10.3305
v 49.8611 25.2644 -18.256
vt -5.98498 8.89464
vn -0.770214 0.262841 0.581107
vt -7.63459 8.3318
f 1128/5036/961 1129/5037/962 1127/5038/960

v 49.835 26.419 -19.3095
vt -5.24817 10.2231
vn -0.744473 0.382523 0.547208
vt -6.31774 8.62737
vt -7.46327 10.0655
f 1130/5039/963 1129/5040/962 1128/5041/961

vt -5.28441 10.2524
v 49.4777 25.6263 -19.2521
vt -5.08626 9.18815
vn -0.791199 0.309305 0.527574
vt -6.35465 8.65715
f 1130/5042/963 1131/5043/964 1129/5044/962

vt -3.73271 10.4231
vt -5.56659 9.12453
vt -5.7577 10.1901
f 884/5045/717 1131/5046/964 1130/5047/963

vt -4.09888 10.9471
v 49.1593 24.788 -19.781
vt -5.1635 8.67961
vn -0.826413 0.253869 0.502586
vt -5.93321 9.64917
f 884/5048/717 1132/5049/965 1131/5050/964

vt -4.06448 10.9362
v 48.9743 25.3089 -21.0186
vt -3.75609 9.50948
vn -0.879049 0.279477 0.386219
vt -5.13039 8.66933
f 884/5051/717 1133/5052/966 1132/5053/965

vt -4.19259 9.40274
vt -4.50927 10.8276
vt -3.7646 11.0089
f 1133/5054/966 884/5055/717 885/5056/718

vt -4.59751 9.45948
vt -4.18113 11.0687
vt -3.37113 10.3336
f 1133/5057/966 885/5058/718 895/5059/728

vt -4.43471 10.7966
vt -3.20335 11.5168
vt -3.62398 10.0624
f 885/5060/718 888/5061/721 895/5062/728

vt -4.01055 10.8728
vt -2.99562 10.9017
vt -4.21822 10.1667
f 886/5063/719 888/5064/721 885/5065/718

vt -4.04639 11.7364
vt -3.73374 12.1752
vt -3.03149 11.7662
f 886/5066/719 887/5067/720 888/5068/721

vt -3.29488 10.2518
vt -3.08356 7.98121
vt -4.5225 9.37934
f 895/5069/728 894/5070/727 1133/5071/966

vt -4.54327 9.35891
vt -3.10408 7.96104
v 48.5936 23.6224 -21.4245
vt -3.8009 7.34491
vn -0.880939 0.278391 0.382681
f 1133/5072/966 894/5073/727 1134/5074/967

vt -3.85484 7.39764
vt -3.15843 8.01424
v 48.3375 22.3939 -21.3846
vt -3.67344 5.85851
vn -0.877643 0.262985 0.400727
f 1134/5075/967 894/5076/727 1135/5077/968

vt -3.10262 8.00547
vt -2.75911 5.87222
vt -3.61958 5.85021
f 894/5078/727 896/5079/729 1135/5080/968

vt -3.62349 5.97704
vt -2.76302 5.99915
v 48.1441 21.0424 -21.2264
vt -3.57909 4.27938
vn -0.857592 0.269361 0.438157
f 1135/5081/968 896/5082/729 1136/5083/969

vt -3.15855 4.13098
vt -2.32538 5.84254
v 47.9379 20.57 -21.8544
vt -2.36331 3.6535
vn -0.913068 0.29414 0.282468
f 1136/5084/969 896/5085/729 1137/5086/970

vt -3.34526 5.82259
vt -2.98911 5.42341
vt -3.35906 3.63326
f 896/5087/729 897/5088/730 1137/5089/970

vt -3.11346 3.5891
vt -2.74045 5.37861
v 47.8628 19.8535 -22.2883
vt -2.55006 2.82306
vn -0.952192 0.272101 -0.13889
f 1137/5090/970 897/5091/730 1138/5092/971

vt -3.30098 5.35821
vt -2.98154 4.84186
vt -3.12928 2.80134
f 897/5093/730 947/5094/780 1138/5095/971

vt -3.35375 5.32608
vt -3.0791 5.48286
vt -3.03752 4.80775
f 897/5096/730 898/5097/731 947/5098/780

vt -3.22302 2.82578
vt -3.06479 4.86551
vt -3.04765 3.62362
f 1138/5099/971 947/5100/780 948/5101/781

vt -3.10925 2.76431
vt -2.94174 3.56384
vt -2.8883 2.34922
f 1138/5102/971 948/5103/781 949/5104/782

vt -3.03691 1.31585
vt -3.07415 2.77952
vt -2.8523 2.36492
f 950/5105/783 1138/5106/971 949/5107/782

vt -3.20213 3.52444
vt -2.63944 2.75789
vt -2.58344 1.29481
f 1137/5108/970 1138/5109/971 950/5110/783

vt -1.91827 0.338444
vt -2.36545 3.7627
vt -1.75697 1.53026
f 951/5111/784 1137/5112/970 950/5113/783

vt -2.28689 3.77612
vt -1.84572 0.351082
vt -3.08157 4.25453
f 1137/5114/970 951/5115/784 1136/5116/969

vt -2.74284 4.37434
vt -1.54253 0.459815
v 48.6557 21.772 -20.0646
vt -4.27798 5.13469
vn -0.805231 0.228482 0.547173
f 1136/5117/969 951/5118/784 1139/5119/972

vt -3.63355 5.52488
vt -1.02139 0.780011
v 48.8856 20.1561 -19.5776
vt -4.32203 3.54959
vn -0.772116 0.184615 0.608074
f 1139/5120/972 951/5121/784 1140/5122/973

v 49.0719 19.1387 -19.3013
vt -4.67788 2.42304
vn -0.758184 0.108319 0.64298
vt -4.23498 3.65285
vt -0.948214 0.866823
f 1141/5123/974 1140/5124/973 951/5125/784

v 49.735 20.6801 -18.0841
vt -6.5164 4.21711
vn -0.783355 0.149783 0.603258
vt -4.42715 3.65096
vt -4.85475 2.41575
f 1142/5126/975 1140/5127/973 1141/5128/974

vt -6.57674 4.02424
v 50.136 23.1552 -17.6743
vt -7.24504 7.02061
vn -0.778253 0.207939 0.592523
vt -4.48548 3.46557
f 1142/5129/975 1143/5130/976 1140/5131/973

v 50.6602 22.4475 -16.3956
vt -9.0852 5.95687
vn -0.778096 0.205218 0.593677
vt -7.43622 6.92709
vt -6.7419 3.93665
f 1144/5132/977 1143/5133/976 1142/5134/975

v 51.1005 22.728 -15.7238
vt -9.85274 6.04112
vn -0.72305 0.223121 0.65377
vt -7.21411 6.67973
vt -8.86986 5.7211
f 1145/5135/978 1143/5136/976 1144/5137/977

vt -9.9661 6.36906
vt -8.17842 9.01535
vt -7.32995 7.01787
f 1145/5138/978 1127/5139/960 1143/5140/976

vt -10.2875 9.40522
vt -7.24345 8.69915
vt -9.09401 6.09645
f 1126/5141/959 1127/5142/960 1145/5143/978

v 52.6458 23.7092 -14.55
vt -11.1013 7.62805
vn -0.692982 0.245115 0.678008
vt -9.96838 9.54585
vt -8.78777 6.23245
f 1146/5144/979 1126/5145/959 1145/5146/978

v 52.8797 24.6668 -14.5566
vt -11.4049 8.89765
vn -0.684113 0.281578 0.672832
vt -10.1431 9.60812
vt -11.2711 7.68739
f 1147/5147/980 1126/5148/959 1146/5149/979

vt -11.1747 8.5545
vt -11.1611 11.6857
vt -9.91119 9.26183
f 1147/5150/980 1124/5151/957 1126/5152/959

vt -11.4077 8.54098
v 54.6526 24.2958 -12.6115
vt -14.6969 8.23835
vn -0.646582 0.267336 0.714467
vt -11.3981 11.6722
f 1147/5153/980 1148/5154/981 1124/5155/957

vt -11.4152 8.61734
v 53.8144 22.9565 -12.9658
vt -13.7527 6.54389
vn -0.691613 0.240143 0.681178
vt -14.7044 8.31454
f 1147/5156/980 1149/5157/982 1148/5158/981

vt -11.5175 7.61443
vt -13.9877 6.74362
vt -11.6564 8.8241
f 1146/5159/979 1149/5160/982 1147/5161/980

v 52.5444 22.0596 -14.4328
vt -11.7416 5.83386
vn -0.700422 0.195593 0.686406
vt -14.1075 6.9814
vt -11.64 7.85965
f 1150/5162/983 1149/5163/982 1146/5164/979

vt -11.7919 5.7303
v 53.2828 21.3656 -13.3302
vt -13.4545 4.89429
vn -0.703694 0.15887 0.692514
vt -14.1596 6.87405
f 1150/5165/983 1151/5166/984 1149/5167/982

vt -12.0497 5.95689
v 52.5154 20.2769 -14.6077
vt -11.9054 3.82338
vn -0.726666 0.108413 0.678383
vt -13.7023 5.1011
f 1150/5168/983 1152/5169/985 1151/5170/984

vt -10.3301 4.74484
vt -10.3039 6.88306
v 51.5534 20.7138 -15.1947
vt -8.91515 5.08899
vn -0.697388 0.11161 0.70795
f 1152/5171/985 1150/5172/983 1153/5173/986

vt -9.59309 4.42276
vt -11.0236 6.18377
vt -8.57235 6.80285
f 1153/5174/986 1150/5175/983 1145/5176/978

vt -10.9764 6.04076
vt -10.831 8.06388
vt -8.52442 6.65677
f 1150/5177/983 1146/5178/979 1145/5179/978

vt -10.3736 4.36619
vt -9.42941 6.77767
v 50.919 20.8545 -16.0411
vt -9.05954 4.52332
vn -0.769422 0.12599 0.626192
f 1153/5180/986 1145/5181/978 1154/5182/987

vt -9.62011 6.66613
vt -8.63994 6.33791
vt -9.22894 4.41539
f 1145/5183/978 1144/5184/977 1154/5185/987

vt -9.3918 4.35708
vt -8.82224 6.28545
vt -6.50804 4.23196
f 1154/5186/987 1144/5187/977 1142/5188/975

vt -9.37924 4.55503
vt -6.4956 4.42714
v 50.4213 20.0975 -17.0738
vt -8.01017 3.69653
vn -0.782957 0.0816473 0.616695
f 1154/5189/987 1142/5190/975 1155/5191/988

vt -8.06949 3.7264
vt -6.55925 4.46591
v 50.212 19.0222 -17.8269
vt -7.18904 2.49044
vn -0.764132 0.0108303 0.644969
f 1155/5192/988 1142/5193/975 1156/5194/989

vt -6.85269 2.65136
vt -6.15454 4.60371
vt -4.54006 2.75996
f 1156/5195/989 1142/5196/975 1141/5197/974

vt -4.82049 2.24259
vt -6.87041 2.90447
vt -4.55798 3.01724
f 952/5198/785 1156/5199/989 1141/5200/974

vt -4.6505 2.68794
v 50.5235 18.5026 -17.8133
vt -6.98605 2.79737
vn -0.729295 -0.18767 0.657957
vt -6.6844 3.39751
f 952/5201/785 1157/5202/990 1156/5203/989

vt -4.60387 3.17909
vt -5.16961 2.67713
vt -6.93846 3.30724
f 952/5204/785 957/5205/790 1157/5206/990

vt -5.15522 2.6857
vt -4.58796 3.18594
vt -3.71679 2.34147
f 957/5207/790 952/5208/785 954/5209/787

vt -3.79079 4.03699
vt -1.59319 2.71189
vt -3.04991 3.07618
f 952/5210/785 953/5211/786 954/5212/787

vt -4.11096 4.40405
vt -2.78563 3.74748
vt -3.4007 3.84145
f 957/5213/790 954/5214/787 955/5215/788

vt -3.43186 4.96752
vt -2.80225 4.31593
vt -3.70748 4.74223
f 957/5216/790 955/5217/788 956/5218/789

vt -6.8446 3.52085
vt -5.08709 2.85975
v 51.2965 18.1541 -17.3616
vt -7.93593 3.14679
vn -0.646829 -0.482274 0.590783
f 1157/5219/990 957/5220/790 1158/5221/991

vt -7.28323 4.79791
vt -4.50122 4.12067
vt -6.39481 4.05156
f 1158/5222/991 957/5223/790 958/5224/791

vt -7.95827 3.58327
vt -6.96618 2.98152
v 51.8292 17.8919 -17.3359
vt -8.45389 3.20363
vn -0.440099 -0.80531 0.397225
f 1158/5225/991 958/5226/791 1159/5227/992

vt 6.49538 6.30374
vt 5.6699 5.04628
vt 6.09265 6.1974
f 1159/5228/992 958/5229/791 959/5230/792

vt -2.40776 8.71326
vt -2.50693 8.3087
vt -3.67976 10.1347
f 1159/5231/992 959/5232/792 960/5233/793

v 52.3697 18.1798 -16.0487
vt -9.43767 5.08099
vn -0.63024 -0.491638 0.600907
vt -7.92057 4.34401
vt -9.82628 4.42536
f 1160/5234/993 1159/5235/992 960/5236/793

vt -7.8446 3.80245
vt -8.35098 3.4373
vt -9.93656 4.01236
f 1158/5237/991 1159/5238/992 1160/5239/993

v 51.7869 18.8509 -15.862
vt -9.76284 4.00031
vn -0.729563 -0.188429 0.657444
vt -8.02517 3.05493
vt -10.1243 3.1738
f 1161/5240/994 1158/5241/991 1160/5242/993

vt -6.9216 3.48758
vt -8.00721 3.09721
vt -9.74113 4.04943
f 1157/5243/990 1158/5244/991 1161/5245/994

vt -6.85682 3.27558
vt -7.14366 2.66822
vt -9.98422 3.11165
f 1156/5246/989 1157/5247/990 1161/5248/994

v 51.3878 19.5594 -15.8107
vt -9.68525 3.98429
vn -0.753448 0.0123662 0.657392
vt -6.86208 3.3192
vt -9.98935 3.15274
f 1162/5249/995 1156/5250/989 1161/5251/994

vt -7.0372 2.69315
vt -9.8758 3.28896
vt -7.89499 3.94495
f 1156/5252/989 1162/5253/995 1155/5254/988

vt -9.86047 3.27532
vt -9.23672 4.80372
vt -7.87858 3.92803
f 1162/5255/995 1154/5256/987 1155/5257/988

vt -10.4422 4.70086
vt -9.12893 4.86429
vt -9.76702 3.34182
f 1153/5258/986 1154/5259/987 1162/5260/995

vt -9.70964 5.48115
vt -9.11326 4.08573
v 52.3016 19.0032 -15.1532
vt -10.5336 3.53049
vn -0.673768 -0.130398 0.727346
f 1153/5261/986 1162/5262/995 1163/5263/996

vt -9.44106 4.24612
vt -9.77154 3.4247
vt -10.8424 3.6445
f 1162/5264/995 1161/5265/994 1163/5266/996

vt -9.45607 4.45005
vt -9.85933 3.64312
vt -10.5156 4.71916
f 1161/5267/994 1160/5268/993 1163/5269/996

vt -10.4862 4.76995
vt -9.83454 3.69108
v 53.0246 18.1962 -15.3629
vt -11.0077 3.80253
vn -0.638255 -0.472854 0.607486
f 1163/5270/996 1160/5271/993 1164/5272/997

vt -9.17864 5.51084
vt -9.59755 4.87414
vt -10.3302 5.76108
f 1160/5273/993 960/5274/793 1164/5275/997

vt -11.0632 4.23021
vt -10.214 3.45417
v 53.4426 17.8368 -15.7364
vt -11.1309 3.66224
vn -0.396293 -0.8652 0.307214
f 1164/5276/997 960/5277/793 1165/5278/998

vt 10.0294 3.99323
vt 10.5842 4.96793
vt 10.8577 4.43801
f 960/5279/793 961/5280/794 1165/5281/998

vt 8.13261 -8.12014
vt 8.51422 -7.66193
v 54.0407 17.6908 -15.4626
vt 8.90697 -8.3205
vn -0.276726 -0.948568 0.15376
f 1165/5282/998 961/5283/794 1166/5284/999

vt 12.0533 -2.46947
vt 11.3857 -2.09218
v 54.4662 17.6653 -14.8687
vt 12.9532 -2.55297
vn -0.214794 -0.968752 0.124027
f 1166/5285/999 961/5286/794 1167/5287/1000

vt 12.9896 -2.37376
vt 11.4167 -1.93174
vt 15.0498 -1.74476
f 1167/5288/1000 961/5289/794 962/5290/795

vt 12.9148 -2.62702
vt 14.9894 -2.04694
v 55.5502 17.5803 -13.7578
vt 14.8466 -2.62719
vn -0.197445 -0.975056 0.1014
f 1167/5291/1000 962/5292/795 1168/5293/1001

vt 14.7241 -3.11719
vt 14.8863 -2.54206
v 56.3599 17.4999 -12.8294
vt 16.2535 -3.23159
vn -0.274453 -0.9531 0.127578
f 1168/5294/1001 962/5295/795 1169/5296/1002

vt 16.359 -2.73238
vt 14.9733 -2.08103
vt 17.1383 -2.14722
f 1169/5297/1002 962/5298/795 963/5299/796

vt 15.3539 -5.15772
vt 16.2261 -4.72301
v 56.7521 17.3943 -12.3963
vt 16.0698 -5.33597
vn -0.321196 -0.936753 0.139023
f 1169/5300/1002 963/5301/796 1170/5302/1003

vt 16.9354 -3.11232
vt 17.006 -2.48372
v 57.265 17.3361 -11.8939
vt 17.8296 -3.14286
vn -0.447242 -0.858992 0.249213
f 1170/5303/1003 963/5304/796 1171/5305/1004

vt 16.2935 -7.29482
vt 15.6336 -6.47187
v 57.9146 17.1568 -11.1603
vt 17.4652 -7.69437
vn -0.202682 -0.978767 -0.0305709
f 1171/5306/1004 963/5307/796 1172/5308/1005

vt 18.5802 -4.78208
vt 16.6004 -3.81782
vt 20.607 -4.96973
f 1172/5309/1005 963/5310/796 964/5311/797

vt 18.6685 -4.18013
vt 20.6975 -4.34212
v 58.745 16.9684 -10.2313
vt 20.2117 -4.44662
vn -0.241223 -0.969242 0.0488047
f 1172/5312/1005 964/5313/797 1173/5314/1006

vt 20.6883 -3.27845
vt 21.1634 -3.13311
v 59.0783 16.93 -9.75247
vt 21.4033 -3.38348
vn -0.508886 -0.787769 0.347066
f 1173/5315/1006 964/5316/797 1174/5317/1007

vt 20.7018 -6.04396
vt 20.4939 -5.76648
vt 22.027 -6.24594
f 1174/5318/1007 964/5319/797 973/5320/806

v 59.6349 16.9466 -9.0133
vt -22.8027 1.7461
vn -0.619288 0.00733976 0.78513
vt -21.6594 1.69267
vt -22.9931 1.55671
f 1175/5321/1008 1174/5322/1007 973/5323/806

vt -22.8332 1.15247
v 58.3007 17.1187 -10.5869
vt -20.2669 1.3123
vn -0.7062 -0.463282 0.535398
vt -21.6893 1.11288
f 1175/5324/1008 1176/5325/1009 1174/5326/1007

v 56.4166 17.8453 -12.0001
vt -17.4362 2.0536
vn -0.698408 -0.385424 0.603055
vt -20.3073 1.12211
vt -22.8699 0.910503
f 1177/5327/1010 1176/5328/1009 1175/5329/1008

vt -17.494 -0.767381
vt -18.1667 -1.60297
vt -20.1865 -2.13189
f 1177/5330/1010 1171/5331/1004 1176/5332/1009

vt -17.1779 3.48009
vt -17.1376 2.86091
vt -18.0318 2.83083
f 1177/5333/1010 1170/5334/1003 1171/5335/1004

vt -17.5373 0.661179
vt -16.6811 0.232408
vt -17.3976 0.0565954
f 1177/5336/1010 1169/5337/1002 1170/5338/1003

v 55.3235 17.7892 -13.4003
vt -14.8883 3.78555
vn -0.5969 -0.610624 0.520432
vt -16.3159 3.4562
vt -17.0732 4.04215
f 1178/5339/1011 1169/5340/1002 1177/5341/1010

vt -15.3091 1.40378
vt -15.1436 1.0337
vt -16.6665 0.852598
f 1178/5342/1011 1168/5343/1001 1169/5344/1002

vt -14.958 3.58167
vt -12.9155 3.19196
vt -14.8473 3.19167
f 1178/5345/1011 1167/5346/1000 1168/5347/1001

v 53.3908 18.0793 -15.1003
vt -11.8997 3.31301
vn -0.638819 -0.539351 0.548644
vt -13.0346 2.66412
vt -15.0912 2.97072
f 1179/5348/1012 1167/5349/1000 1178/5350/1011

vt -12.2916 1.0074
vt -12.3901 0.283501
vt -13.285 0.157655
f 1179/5351/1012 1166/5352/999 1167/5353/1000

vt -11.4203 4.70144
vt -10.9499 4.19932
vt -11.7341 4.04166
f 1179/5354/1012 1165/5355/998 1166/5356/999

vt -11.7571 1.44486
vt -11.6861 0.877302
vt -12.2815 1.22228
f 1164/5357/997 1165/5358/998 1179/5359/1012

v 52.9338 18.4588 -15.1737
vt -11.1868 3.80955
vn -0.704857 -0.204403 0.679262
vt -11.1176 3.48307
vt -11.677 3.3753
f 1180/5360/1013 1164/5361/997 1179/5362/1012

vt -10.0011 5.32895
vt -10.5832 4.39675
vt -10.6259 4.72776
f 1163/5363/996 1164/5364/997 1180/5365/1013

v 52.6501 19.4851 -14.7465
vt -8.95539 6.39176
vn -0.733908 -0.0152079 0.679078
vt -8.42187 5.6947
vt -9.12575 5.1884
f 1181/5366/1014 1163/5367/996 1180/5368/1013

vt -10.0381 3.74888
vt -10.6439 4.38418
vt -10.5539 5.30828
vt -9.14285 5.66786
f 1163/5369/996 1181/5370/1014 1152/5371/985 1153/5372/986 

vt -12.031 3.95229
vt -12.0072 3.02413
v 53.0399 19.867 -13.8878
vt -13.1343 3.43501
vn -0.735579 0.0180795 0.677197
f 1152/5373/985 1181/5374/1014 1182/5375/1015

vt -13.0319 3.76188
vt -11.9112 3.33383
v 53.0778 18.6753 -14.6028
vt -12.3993 2.37817
vn -0.758714 -0.164734 0.630251
f 1182/5376/1015 1181/5377/1014 1183/5378/1016

vt -12.2092 2.50155
vt -11.9473 1.31474
vt -12.627 1.51311
f 1181/5379/1014 1180/5380/1013 1183/5381/1016

vt -12.3838 2.84347
vt -11.7277 2.57755
vt -12.1619 2.08737
f 1183/5382/1016 1180/5383/1013 1179/5384/1012

vt -11.8105 4.39849
vt -11.6855 3.62046
v 55.3399 18.2244 -12.7557
vt -15.444 4.05574
vn -0.701 -0.214492 0.680141
f 1183/5385/1016 1179/5386/1012 1184/5387/1017

vt -11.6762 3.66334
vt -14.8819 3.50296
vt -15.4339 4.10563
f 1179/5388/1012 1178/5389/1011 1184/5390/1017

vt -15.6377 3.41871
vt -15.0613 2.83929
vt -17.2553 2.99968
f 1184/5391/1017 1178/5392/1011 1177/5393/1010

v 56.3313 18.4004 -11.6549
vt -17.1279 4.05881
vn -0.699664 -0.0275115 0.713942
vt -15.3097 3.71431
vt -16.9481 3.38582
f 1185/5394/1018 1184/5395/1017 1177/5396/1010

v 54.7933 19.0347 -12.6819
vt -14.8398 4.57899
vn -0.688311 -0.0192948 0.725159
vt -15.3225 3.65317
vt -17.1413 3.99477
f 1186/5397/1019 1184/5398/1017 1185/5399/1018

vt -12.3919 5.11807
vt -15.4972 3.33765
vt -15.0365 4.27456
f 1182/5400/1015 1184/5401/1017 1186/5402/1019

vt -12.1196 5.23844
vt -11.633 3.79691
vt -15.2741 3.54663
f 1182/5403/1015 1183/5404/1016 1184/5405/1017

vt -11.9618 4.78942
vt -14.6371 4.04889
v 54.5053 20.1723 -12.5371
vt -14.4004 5.36589
vn -0.662924 0.0899375 0.743265
f 1182/5406/1015 1186/5407/1019 1187/5408/1020

vt -14.4734 4.18539
v 56.1057 19.2514 -11.574
vt -16.572 4.65391
vn -0.653642 0.100362 0.75012
vt -14.2223 5.49973
f 1186/5409/1019 1188/5410/1021 1187/5411/1020

vt -14.4926 4.10404
vt -16.8105 3.58887
vt -16.5918 4.57001
f 1186/5412/1019 1185/5413/1018 1188/5414/1021

vt -17.0917 3.2976
v 57.1921 18.596 -10.8051
vt -18.5745 3.64168
vn -0.663563 0.131349 0.736499
vt -16.8925 4.28289
f 1185/5415/1018 1189/5416/1022 1188/5417/1021

vt -17.1303 3.1209
vt -22.4596 1.79987
vt -18.614 3.46065
f 1185/5418/1018 1175/5419/1008 1189/5420/1022

vt -17.4417 3.27486
vt -17.2333 2.61016
vt -22.722 1.76996
f 1185/5421/1018 1177/5422/1010 1175/5423/1008

vt -18.2005 3.01454
vt -22.0795 1.43351
v 57.9154 18.7287 -10.2855
vt -19.28 3.29445
vn -0.622325 0.203039 0.755968
f 1189/5424/1022 1175/5425/1008 1190/5426/1023

v 59.2027 19.0834 -9.58881
vt -20.5971 3.58598
vn -0.520735 0.25205 0.815663
vt -18.8761 2.90118
vt -21.6927 1.06627
f 1191/5427/1024 1190/5428/1023 1175/5429/1008

vt -20.5151 3.80716
v 56.7707 20.2806 -11.1006
vt -16.9015 4.77238
vn -0.612859 0.190027 0.767003
vt -18.7951 3.11999
f 1191/5430/1024 1192/5431/1025 1190/5432/1023

v 58.3049 21.6746 -10.2919
vt -18.8772 6.91255
vn -0.555839 0.233081 0.797945
vt -16.9525 4.92776
vt -20.5651 3.95894
f 1193/5433/1026 1192/5434/1025 1191/5435/1024

vt -18.9168 6.86437
v 56.3751 21.8477 -11.4559
vt -16.165 6.69888
vn -0.600979 0.186181 0.777278
vt -16.9905 4.88112
f 1193/5436/1026 1194/5437/1027 1192/5438/1025

v 58.1196 22.5522 -10.5162
vt -18.4852 7.65635
vn -0.554959 0.202103 0.806954
vt -16.1809 6.46049
vt -18.9328 6.62519
f 1195/5439/1028 1194/5440/1027 1193/5441/1026

v 57.1493 22.5594 -10.954
vt -16.1335 9.51622
vn -0.587308 0.166839 0.791981
vt -15.1228 8.47994
vt -17.3929 9.73966
f 1196/5442/1029 1194/5443/1027 1195/5444/1028

v 55.741 24.7685 -11.8623
vt -15.0935 10.3651
vn -0.614914 0.270547 0.740733
vt -16.321 6.97127
vt -17.3697 7.96903
f 1197/5445/1030 1194/5446/1027 1196/5447/1029

vt -15.2422 10.3465
vt -13.6739 9.5876
vt -16.4568 6.94804
f 1197/5448/1030 1148/5449/981 1194/5450/1027

v 54.9695 27.1232 -13.5842
vt -13.6498 11.7038
vn -0.642141 0.320168 0.696525
vt -14.4314 8.04998
vt -16.0083 8.79092
f 1198/5451/1031 1148/5452/981 1197/5453/1030

vt -13.7212 11.7187
vt -11.202 11.4967
vt -14.5027 8.06483
f 1198/5454/1031 1124/5455/957 1148/5456/981

vt -13.7309 11.6074
v 56.3691 28.6939 -13.069
vt -15.2952 13.7962
vn -0.630415 0.32978 0.702724
vt -11.2117 11.3855
f 1198/5457/1031 1199/5458/1032 1124/5459/957

v 56.4405 27.0502 -12.5139
vt -15.3902 12.18
vn -0.600466 0.320281 0.732708
vt -14.7114 14.2195
vt -13.1501 12.0286
f 1200/5460/1033 1199/5461/1032 1198/5462/1031

vt -15.3429 12.1697
v 57.528 28.185 -12.104
vt -16.5716 13.7689
vn -0.587918 0.281739 0.758272
vt -14.6635 14.209
f 1200/5463/1033 1201/5464/1034 1199/5465/1032

vt -14.5994 12.7748
v 58.3274 26.8438 -11.4718
vt -17.2197 12.9141
vn -0.532502 0.314174 0.785962
vt -15.8169 14.3826
f 1200/5466/1033 1202/5467/1035 1201/5468/1034

vt -17.3455 10.4913
vt -14.7253 10.3512
v 57.4398 26.0862 -11.4184
vt -16.6305 9.28077
vn -0.557466 0.351249 0.752234
f 1202/5469/1035 1200/5470/1033 1203/5471/1036

vt -15.2068 11.4212
vt -15.3157 8.35298
vt -17.1184 10.3622
f 1200/5472/1033 1197/5473/1030 1203/5474/1036

vt -15.4391 11.4543
vt -13.199 11.3029
vt -15.5528 8.38619
f 1200/5475/1033 1198/5476/1031 1197/5477/1030

vt -16.6607 10.7623
vt -14.855 8.75581
v 57.1034 24.8413 -11.1579
vt -16.6845 9.12751
vn -0.55253 0.252503 0.794326
f 1203/5478/1036 1197/5479/1030 1204/5480/1037

vt -16.3883 10.4987
vt -14.5597 10.1225
vt -16.862 7.75148
f 1204/5481/1037 1197/5482/1030 1196/5483/1029

vt -17.7423 8.00861
vt -15.9904 10.5402
vt -16.4811 7.79596
f 1195/5484/1028 1204/5485/1037 1196/5486/1029

vt -15.1829 10.1861
vt -16.9581 7.6708
v 59.1422 22.7997 -10.2233
vt -18.1317 8.23389
vn -0.447848 0.236583 0.862242
f 1204/5487/1037 1195/5488/1028 1205/5489/1038

vt -18.286 7.9102
vt -17.1117 7.34845
vt -17.5739 6.32375
f 1205/5490/1038 1195/5491/1028 1193/5492/1026

vt -17.8743 8.13415
vt -17.1665 6.54574
v 59.1721 21.2627 -9.98391
vt -18.2945 6.27551
vn -0.455695 0.253073 0.853403
f 1205/5493/1038 1193/5494/1026 1206/5495/1039

vt -18.2396 6.0615
vt -17.1115 6.33134
vt -18.8601 3.41326
f 1206/5496/1039 1193/5497/1026 1191/5498/1024

vt -17.4759 3.18985
v 59.865 21.2411 -9.8978
vt -17.5964 6.01816
vn -0.291311 0.269595 0.917854
vt -16.8407 5.83462
f 1191/5499/1024 1207/5500/1040 1206/5501/1039

vt -18.2159 3.12222
v 59.9382 18.6133 -9.35521
vt -19.176 2.75807
vn 0.00150334 0.283865 0.958863
vt -18.3421 5.95029
f 1191/5502/1024 1208/5503/1041 1207/5504/1040

vt -18.8944 2.01753
vt -17.9343 2.3816
v 59.828 17.2339 -8.98909
vt -19.2289 0.274285
vn -0.265453 0.23618 0.934748
f 1208/5505/1041 1191/5506/1024 1209/5507/1042

vt -19.7737 3.42353
vt -20.8924 0.914007
vt -21.0599 1.31101
f 1191/5508/1024 1175/5509/1008 1209/5510/1042

vt -11.4909 6.03268
vt -11.7773 6.43662
vt -11.6095 6.44693
f 1175/5511/1008 974/5512/807 1209/5513/1042

vt -16.9954 1.23025
vt -17.2394 1.11824
vt -17.3043 1.61715
f 1175/5514/1008 973/5515/806 974/5516/807

vt -11.127 -1.44172
vt -11.2948 -1.45162
v 60.0975 18.0084 -9.26292
vt -11.1653 -0.373357
vn 0.469614 0.241546 0.849187
f 1209/5517/1042 974/5518/807 1210/5519/1043

vt 12.7494 -1.25646
vt 12.7874 -2.34181
v 60.2631 18.2983 -9.6009
vt 12.4891 -0.776911
vn 0.98071 -0.140441 0.13596
f 1210/5520/1043 974/5521/807 1211/5522/1044

vt 20.4761 2.68833
vt 21.5307 2.11856
vt 21.9124 0.571885
f 975/5523/808 1211/5524/1044 974/5525/807

vt 21.677 2.38144
vt 20.6226 2.95153
vt 20.7477 5.77965
f 1211/5526/1044 975/5527/808 992/5528/825

vt 20.3995 5.8272
vt 20.279 2.9989
vt 19.6438 5.64366
f 992/5529/825 975/5530/808 991/5531/824

vt 19.2955 5.98006
vt 20.4236 5.71022
vt 21.0441 3.06197
f 976/5532/809 991/5533/824 975/5534/808

v 60.4487 19.8072 -9.87553
vt 14.2838 1.88582
vn 0.915331 -0.102071 0.389551
vt 14.255 -0.0269308
vt 13.4159 3.39469
f 1212/5535/1045 1211/5536/1044 992/5537/825

v 60.2622 18.977 -9.59446
vt 9.68346 0.568888
vn 0.34858 0.167186 0.922248
vt 9.51893 -0.232278
vt 9.60322 1.67883
f 1213/5538/1046 1211/5539/1044 1212/5540/1045

vt -1.05672 2.28618
vt -1.46472 2.08036
vt -1.27644 2.87628
f 1208/5541/1041 1211/5542/1044 1213/5543/1046

vt 3.07808 -6.50938
vt 2.87612 -6.00249
vt 3.27659 -5.78237
f 1210/5544/1043 1211/5545/1044 1208/5546/1041

vt -12.2044 -1.4124
vt -12.2368 -0.343839
vt -11.9192 0.339597
f 1209/5547/1042 1210/5548/1043 1208/5549/1041

vt -8.46609 -0.287242
vt -8.67304 0.307455
vt -7.72629 2.92809
f 1208/5550/1041 1213/5551/1046 1207/5552/1040

vt -13.6802 5.40323
vt -14.6811 2.80279
v 60.2148 20.5743 -9.84631
vt -14.1989 4.72305
vn 0.138114 0.229125 0.963549
f 1207/5553/1040 1213/5554/1046 1214/5555/1047

vt -3.23884 1.82492
vt -3.64441 -0.112963
vt -3.63896 0.999859
f 1214/5556/1047 1213/5557/1046 1212/5558/1045

vt -4.1747 2.30669
vt -4.57916 1.48374
v 60.5516 20.4648 -10.0508
vt -4.523 2.33689
vn 0.720424 0.0573071 0.691162
f 1214/5559/1047 1212/5560/1045 1215/5561/1048

vt 10.4511 1.40291
v 60.7434 20.3226 -10.3682
vt 10.0941 2.22744
vn 0.969632 -0.242751 0.0297537
vt 10.4329 2.25771
f 1212/5562/1045 1216/5563/1049 1215/5564/1048

vt 21.5575 5.39224
vt 20.7312 6.92428
vt 21.2288 6.22852
f 1212/5565/1045 992/5566/825 1216/5567/1049

vt 18.0264 4.58186
vt 17.5079 5.26217
vt 17.557 7.3605
f 1216/5568/1049 992/5569/825 993/5570/826

v 60.772 21.4373 -10.3409
vt 10.5569 4.30402
vn 0.752951 0.00211744 0.658073
vt 10.2876 2.9849
vt 9.89311 5.77517
f 1217/5571/1050 1216/5572/1049 993/5573/826

vt 10.3623 3.05746
vt 10.0235 3.02734
vt 10.2944 4.34612
f 1215/5574/1048 1216/5575/1049 1217/5576/1050

vt -4.15376 2.55069
vt -4.50207 2.58086
vt -4.48126 3.87113
f 1214/5577/1047 1215/5578/1048 1217/5579/1050

vt -3.74664 2.6459
vt -4.0766 3.96572
v 60.3703 22.8117 -10.2633
vt -3.36298 5.43767
vn -0.046655 0.218158 0.974798
f 1214/5580/1047 1217/5581/1050 1218/5582/1051

vt -6.42794 7.01398
vt -7.15504 5.54865
v 60.9543 22.436 -10.5255
vt -7.06729 6.82607
vn 0.555638 0.0826084 0.82731
f 1218/5583/1051 1217/5584/1050 1219/5585/1052

vt 8.01554 6.05565
vt 7.97184 4.77596
v 61.2503 22.8501 -10.8977
vt 7.73766 6.72799
vn 0.883646 -0.0962434 0.458156
f 1219/5586/1052 1217/5587/1050 1220/5588/1053

vt 12.3759 7.02278
v 61.9167 24.8552 -11.6669
vt 12.4445 10.2632
vn 0.962967 -0.189257 0.192034
vt 12.7925 7.50608
vt 13.052 5.55725
f 993/5589/826 1221/5590/1054 1220/5591/1053 1217/5592/1050 

vt 15.4262 7.0556
vt 14.5021 11.0119
vt 15.474 10.2964
f 993/5593/826 995/5594/828 1221/5595/1054

vt 17.751 7.6561
vt 17.0008 7.94367
vt 16.8152 11.6096
f 993/5596/826 994/5597/827 995/5598/828

vt 15.721 10.6447
vt 14.7487 11.3597
vt 15.399 11.7971
f 1221/5599/1054 995/5600/828 1000/5601/833

vt 17.3106 7.72668
vt 17.1311 8.19227
vt 17.9484 8.18207
f 995/5602/828 996/5603/829 1000/5604/833

vt 11.9025 9.42493
vt 11.5927 10.5807
v 61.9696 25.8672 -11.6133
vt 12.1568 10.6231
vn 0.843262 -0.0984263 0.528415
f 1221/5605/1054 1000/5606/833 1222/5607/1055

vt 11.9966 12.782
vt 11.4326 12.7397
v 62.2412 26.5123 -11.8402
vt 11.8968 13.6833
vn 0.920439 -0.178576 0.34771
f 1222/5608/1055 1000/5609/833 1223/5610/1056

vt 13.6245 12.8226
vt 13.1589 11.8797
vt 12.8871 13.2427
f 1223/5611/1056 1000/5612/833 1001/5613/834

vt 13.4449 12.5009
vt 12.7077 12.9211
v 62.6577 27.9979 -12.2414
vt 13.3447 14.4784
vn 0.946754 -0.181308 0.266052
f 1223/5614/1056 1001/5615/834 1224/5616/1057

vt 15.2131 13.7689
vt 14.585 12.2081
vt 14.3831 14.4404
f 1224/5617/1057 1001/5618/834 1002/5619/835

vt 15.7691 14.518
vt 14.9379 15.1879
vt 15.8281 17.5151
f 1224/5620/1057 1002/5621/835 1037/5622/870

v 62.4495 28.4331 -11.9247
vt 7.40075 14.9883
vn 0.748736 -0.0709396 0.659061
vt 6.9867 14.619
vt 7.0784 17.6153
f 1225/5623/1058 1224/5624/1057 1037/5625/870

v 61.879 26.8773 -11.4574
vt 7.25309 13.2146
vn 0.533734 0.0333792 0.844993
vt 6.67389 14.9709
vt 7.08798 15.3401
f 1226/5626/1059 1224/5627/1057 1225/5628/1058

vt 4.09262 12.144
vt 3.58229 11.9234
vt 3.51958 13.9024
f 1226/5629/1059 1223/5630/1056 1224/5631/1057

vt 3.33469 11.8516
vt 3.22925 12.7523
vt 3.73969 12.9727
f 1222/5632/1055 1223/5633/1056 1226/5634/1059

v 61.4171 26.0881 -11.1335
vt 1.52284 12.6968
vn 0.2192 0.166196 0.961421
vt 0.888553 12.7312
vt 1.2923 13.8527
f 1227/5635/1060 1222/5636/1055 1226/5637/1059

vt 1.32199 8.91309
v 61.6688 25.345 -11.2638
vt 0.899913 8.14585
vn 0.680901 0.0247224 0.731958
vt 0.687719 8.94782
f 1227/5638/1060 1228/5639/1061 1222/5640/1055

v 61.031 25.2412 -10.8233
vt -2.44311 10.0126
vn 0.188674 0.183634 0.964718
vt -3.0322 10.448
vt -2.59812 11.2085
f 1229/5641/1062 1228/5642/1061 1227/5643/1060

vt -2.83647 9.47138
v 61.4383 24.4309 -11.0267
vt -3.43065 8.69932
vn 0.689123 0.00368465 0.724635
vt -3.42517 9.90721
f 1229/5644/1062 1230/5645/1063 1228/5646/1061

vt -3.38233 9.90591
v 61.094 23.3808 -10.7293
vt -3.91637 7.71624
vn 0.473454 0.0986831 0.875273
vt -3.97752 9.13462
f 1229/5647/1062 1231/5648/1064 1230/5649/1063

vt -4.52495 6.99205
vt -5.06 8.00857
vt -4.52178 10.1972
f 1218/5650/1051 1231/5651/1064 1229/5652/1062

vt -6.17442 6.13523
vt -6.81366 5.94695
vt -6.70556 7.1538
f 1218/5653/1051 1219/5654/1052 1231/5655/1064

vt 5.87982 5.10307
vt 5.60784 5.77782
vt 5.92428 6.31393
f 1219/5656/1052 1220/5657/1053 1231/5658/1064

vt 3.00655 8.05233
vt 2.68527 7.51911
vt 2.9297 9.46995
f 1231/5659/1064 1220/5660/1053 1230/5661/1063

vt 8.59041 6.87425
vt 8.27087 9.63483
vt 8.81099 8.82793
f 1220/5662/1053 1221/5663/1054 1230/5664/1063

vt 8.99037 8.95563
vt 8.44983 9.76225
vt 8.95436 10.163
f 1230/5665/1063 1221/5666/1054 1228/5667/1061

vt 8.64187 10.5596
vt 8.13707 10.1592
vt 8.40445 11.3545
f 1228/5668/1061 1221/5669/1054 1222/5670/1055

v 60.3183 26.0939 -10.75
vt -10.5301 11.0674
vn -0.216531 0.305845 0.927132
vt -11.4594 7.11231
vt -11.4246 10.3173
f 1232/5671/1065 1218/5672/1051 1229/5673/1062

v 59.7132 23.249 -10.2232
vt -12.9376 7.94886
vn -0.32033 0.221431 0.921063
vt -13.6878 7.66129
vt -12.752 11.6148
f 1233/5674/1066 1218/5675/1051 1232/5676/1065

vt -14.1039 10.7285
vt -13.6189 10.0003
vt -14.8523 10.4362
f 1233/5677/1066 1205/5678/1038 1218/5679/1051

v 59.2268 24.2472 -10.4019
vt -15.8076 9.92422
vn -0.406008 0.259715 0.876188
vt -16.0804 8.14926
vt -16.5801 8.86752
f 1234/5680/1067 1205/5681/1038 1233/5682/1066

v 58.4635 25.5373 -10.792
vt -16.3205 11.3491
vn -0.500665 0.303743 0.810601
vt -17.7875 8.21118
vt -17.5334 9.98891
f 1235/5683/1068 1205/5684/1038 1234/5685/1067

vt -16.7523 11.4708
vt -15.2606 10.282
vt -18.208 8.32765
f 1235/5686/1068 1204/5687/1037 1205/5688/1038

vt -17.6695 10.2991
vt -16.149 10.7517
vt -16.1725 9.11688
f 1235/5689/1068 1203/5690/1036 1204/5691/1037

vt -16.57 10.8413
vt -15.842 9.63855
vt -17.3618 9.18335
f 1202/5692/1035 1203/5693/1036 1235/5694/1068

vt -17.0359 8.95307
v 59.4966 26.1285 -10.7726
vt -17.9844 9.99227
vn -0.41355 0.366626 0.833404
vt -16.25 10.6138
f 1235/5695/1068 1236/5696/1069 1202/5697/1035

vt -15.2717 10.5194
vt -16.4905 9.16444
vt -16.2284 11.5511
f 1235/5698/1068 1234/5699/1067 1236/5700/1069

vt -15.0299 9.01756
vt -15.6233 11.6293
vt -14.7658 11.404
f 1234/5701/1067 1232/5702/1065 1236/5703/1069

vt -14.6085 9.11525
vt -15.3843 8.06101
vt -15.2015 11.7271
f 1234/5704/1067 1233/5705/1066 1232/5706/1065

vt -15.5615 8.28767
vt -16.4177 8.51784
v 60.2782 26.4494 -10.9327
vt -16.2167 8.97451
vn -0.343579 0.32581 0.880796
f 1236/5707/1069 1232/5708/1065 1237/5709/1070

vt -13.6933 7.19871
vt -13.8762 6.73446
v 60.8352 26.2808 -10.9557
vt -14.2883 7.18936
vn -0.172285 0.252445 0.95215
f 1237/5710/1070 1232/5711/1065 1238/5712/1071

vt -9.15322 11.0616
vt -10.1729 11.5069
vt -9.58287 11.4999
f 1232/5713/1065 1227/5714/1060 1238/5715/1071

vt -9.63412 9.94248
vt -10.5267 9.19005
vt -10.6532 10.3892
f 1232/5716/1065 1229/5717/1062 1227/5718/1060

vt -9.56823 12.7226
vt -10.1582 12.7297
v 61.0738 27.3443 -11.0991
vt -9.51666 14.0856
vn -0.0609119 0.222724 0.972977
f 1238/5719/1071 1227/5720/1060 1239/5721/1072

vt -6.67999 11.0739
vt -6.90714 12.2305
vt -6.03955 12.4304
f 1227/5722/1060 1226/5723/1059 1239/5724/1072

vt -6.24959 13.3574
vt -7.11723 13.1577
v 62.0301 28.2967 -11.6218
vt -6.88798 14.914
vn 0.160036 0.170699 0.97224
f 1239/5725/1072 1226/5726/1059 1240/5727/1073

vt -1.91648 14.2505
vt -2.13886 12.4932
vt -2.28955 14.6199
f 1240/5728/1073 1226/5729/1059 1225/5730/1058

vt -1.17248 15.0088
vt -1.54573 15.378
v 63.1452 30.9003 -12.4058
vt -1.5452 18.6194
vn 0.613768 -0.0431541 0.788306
f 1240/5731/1073 1225/5732/1058 1241/5733/1074

vt 10.3447 15.362
vt 10.0196 17.9886
vt 10.3496 18.6033
f 1225/5734/1058 1037/5735/870 1241/5736/1074

vt 8.68985 18.7007
vt 8.77148 21.3302
vt 9.01899 19.3158
f 1037/5737/870 1038/5738/871 1241/5739/1074

vt 11.8586 19.5661
vt 11.6251 21.5821
v 63.5754 32.1604 -12.6265
vt 11.8722 21.243
vn 0.676736 -0.118725 0.72659
f 1241/5740/1074 1038/5741/871 1242/5742/1075

v 63.8603 33.0273 -12.7325
vt 12.2681 22.6011
vn 0.608734 -0.120672 0.784143
vt 12.2154 21.4607
vt 11.9687 21.8001
f 1243/5743/1076 1242/5744/1075 1038/5745/871

vt -6.79695 21.8339
vt -6.82624 22.9751
v 63.4049 32.5144 -12.5349
vt -6.54353 22.1735
vn 0.003629 0.158434 0.987363
f 1242/5746/1075 1243/5747/1076 1244/5748/1077

v 63.6882 33.5223 -12.6869
vt -8.93274 22.6366
vn -0.299816 0.262244 0.917245
vt -8.93187 21.3221
vt -9.22003 22.1218
f 1245/5749/1078 1244/5750/1077 1243/5751/1076

v 62.4676 31.5671 -12.263
vt -12.4345 19.7255
vn -0.307881 0.296029 0.904199
vt -13.0854 21.2127
vt -13.097 22.5271
f 1246/5752/1079 1244/5753/1077 1245/5754/1078

vt -14.2055 18.9419
v 62.6457 30.8443 -12.1531
vt -14.5816 18.1256
vn -0.0573059 0.218126 0.974237
vt -14.8585 20.4281
f 1246/5755/1079 1247/5756/1080 1244/5757/1077

vt -12.7829 18.2355
v 61.3598 29.0728 -11.5308
vt -12.4376 14.7639
vn -0.219485 0.290508 0.93136
vt -13.1571 17.4183
f 1246/5758/1079 1248/5759/1081 1247/5760/1080

vt -16.0887 18.0794
v 60.4402 29.133 -11.5465
vt -14.8258 14.3741
vn -0.408603 0.352297 0.84198
vt -15.785 14.6039
f 1246/5761/1079 1249/5762/1082 1248/5763/1081

vt -16.4366 13.9454
vt -17.6616 17.6633
v 61.7199 31.5413 -12.3441
vt -16.8618 17.4035
vn -0.476779 0.374932 0.795052
f 1249/5764/1082 1246/5765/1079 1250/5766/1083

vt -17.3905 18.5606
vt -18.0515 21.3625
vt -16.5903 18.302
f 1246/5767/1079 1245/5768/1078 1250/5769/1083

vt -19.0767 17.3566
vt -20.4708 20.4482
v 62.1469 32.8858 -12.9604
vt -18.8617 19.2415
vn -0.541425 0.412698 0.732488
f 1250/5770/1083 1245/5771/1078 1251/5772/1084

vt -19.6899 21.5612
v 64.1174 34.3132 -12.8191
vt -19.9108 22.6638
vn -0.307606 0.474187 0.82494
vt -18.0715 20.367
f 1245/5773/1078 1252/5774/1085 1251/5775/1084

vt -13.3142 24.0472
vt -13.1011 22.9431
v 64.2342 33.9505 -12.8158
vt -13.5162 23.658
vn 0.646706 -0.0875067 0.757703
f 1252/5776/1085 1245/5777/1078 1253/5778/1086

vt -11.8115 23.3218
vt -11.9391 24.5574
vt -11.5293 23.8395
f 1243/5779/1076 1253/5780/1086 1245/5781/1078

vt 14.2514 23.4218
v 64.117 33.3866 -12.9838
vt 14.0786 23.9922
vn 0.926931 -0.342236 -0.15386
vt 14.3433 24.6605
f 1243/5782/1076 1254/5783/1087 1253/5784/1086

vt 11.5011 22.8972
vt 11.2043 22.0952
vt 11.3188 23.4646
f 1243/5785/1076 1038/5786/871 1254/5787/1087

vt 20.8627 20.6306
vt 20.0084 21.0613
vt 21.0252 21.9951
f 1038/5788/871 1039/5789/872 1254/5790/1087

v 64.3774 34.1894 -13.0758
vt 21.0221 23.1452
vn 0.925015 -0.116699 -0.361564
vt 20.9339 22.0939
vt 19.9173 21.1599
f 1255/5791/1088 1254/5792/1087 1039/5793/872

vt 17.2008 22.6084
vt 17.2753 23.6608
vt 17.4778 23.2718
f 1254/5794/1087 1255/5795/1088 1253/5796/1086

vt 14.3998 21.6619
vt 14.1974 22.051
v 64.3579 34.4785 -12.9454
vt 14.3762 22.3545
vn 0.7322 0.417063 0.538463
f 1253/5797/1086 1255/5798/1088 1256/5799/1089

vt 22.2483 21.3724
vt 22.1538 21.033
v 64.0031 34.5738 -13.3647
vt 21.5633 21.4756
vn 0.400988 0.913644 -0.0668038
f 1256/5800/1089 1255/5801/1088 1257/5802/1090

vt 11.7927 -2.51127
vt 11.9112 -3.23965
vt 11.6979 -2.739
f 1257/5803/1090 1255/5804/1088 1041/5805/874

vt 22.1815 22.7243
vt 21.1218 20.7145
vt 21.7119 22.9994
f 1255/5806/1088 1039/5807/872 1041/5808/874

vt 18.7677 22.0352
vt 19.8607 22.4268
vt 20.0328 22.2501
f 1061/5809/894 1257/5810/1090 1041/5811/874

vt -21.4287 17.4669
vt -20.3446 17.0513
v 63.9019 34.5451 -13.122
vt -21.6053 17.2793
vn -0.463808 0.684508 0.562433
f 1257/5812/1090 1061/5813/894 1258/5814/1091

v 62.5328 34.1547 -13.786
vt -20.0407 17.3998
vn -0.528777 0.679059 0.509189
vt -21.664 18.4331
vt -20.3994 18.228
f 1259/5815/1092 1258/5816/1091 1061/5817/894

v 61.4415 33.6615 -13.9369
vt -18.8844 18.0962
vn -0.567833 0.510329 0.645857
vt -21.6378 19.9415
vt -19.9068 19.1012
f 1260/5818/1093 1258/5819/1091 1259/5820/1092

vt -17.9996 20.1784
vt -19.5231 19.2594
vt -20.8532 21.8647
f 1260/5821/1093 1251/5822/1084 1258/5823/1091

v 60.3624 33.1694 -14.1007
vt -16.7141 18.6564
vn -0.543008 0.479377 0.689449
vt -19.3228 18.6472
vt -17.8044 19.5747
f 1261/5824/1094 1251/5825/1084 1260/5826/1093

vt -16.7145 18.8458
v 58.5181 31.2033 -13.5715
vt -15.6122 15.7404
vn -0.53798 0.440821 0.718509
vt -19.3232 18.8366
f 1261/5827/1094 1262/5828/1095 1251/5829/1084

v 57.5084 31.8705 -14.4193
vt -13.4208 16.4702
vn -0.532068 0.45217 0.715853
vt -15.1075 15.8119
vt -16.2455 18.9044
f 1263/5830/1096 1262/5831/1095 1261/5832/1094

vt -13.3862 16.341
v 56.8899 30.1135 -13.4906
vt -13.6985 13.8106
vn -0.560774 0.413885 0.7171
vt -15.0724 15.6815
f 1263/5833/1096 1264/5834/1097 1262/5835/1095

v 56.3161 31.0596 -14.4101
vt -12.6404 15.1038
vn -0.610672 0.397088 0.685128
vt -14.0025 13.9479
vt -13.6742 16.4763
f 1265/5836/1098 1264/5837/1097 1263/5838/1096

vt -13.3709 16.3579
vt -14.7528 13.2744
vt -14.7468 15.2185
f 1265/5839/1098 1199/5840/1032 1264/5841/1097

vt -11.1642 14.4805
vt -15.3267 13.6334
vt -13.9302 16.7103
f 1111/5842/944 1199/5843/1032 1265/5844/1098

vt -11.1795 14.5623
vt -11.259 11.3042
vt -15.3421 13.7155
f 1111/5845/944 1124/5846/957 1199/5847/1032

vt -12.9432 17.3061
vt -11.4957 14.0454
vt -14.2526 16.2865
f 1109/5848/942 1111/5849/944 1265/5850/1098

vt -12.7599 16.923
vt -14.0648 15.8978
vt -13.4967 17.5667
f 1109/5851/942 1265/5852/1098 1107/5853/940

vt -12.3412 16.6334
vt -12.8584 14.948
vt -13.8852 16.3257
f 1107/5854/940 1265/5855/1098 1263/5856/1096

vt -12.2299 15.771
vt -13.7729 15.4581
vt -13.1501 17.4302
f 1107/5857/940 1263/5858/1096 1106/5859/939

vt -13.3104 17.5895
vt -13.9445 15.6211
v 59.2943 33.2836 -14.8023
vt -15.1653 18.0459
vn -0.528772 0.526949 0.665376
f 1106/5860/939 1263/5861/1096 1266/5862/1099

vt -14.1358 15.5678
vt -16.9108 18.0585
vt -15.3402 18.0008
f 1263/5863/1096 1261/5864/1094 1266/5865/1099

vt -15.3629 16.9072
vt -16.9334 16.9666
v 61.0234 34.0897 -14.8606
vt -16.8367 18.5466
vn -0.511915 0.635075 0.578466
f 1266/5866/1099 1261/5867/1094 1267/5868/1100

vt -17.3425 19.2091
vt -17.4923 17.6333
vt -18.5488 18.5902
f 1267/5869/1100 1261/5870/1094 1260/5871/1093

vt -17.3262 19.1084
vt -18.5318 18.4879
vt -19.589 19.4562
f 1267/5872/1100 1260/5873/1093 1259/5874/1092

vt -17.59 14.7956
vt -19.8397 15.2201
vt -19.1121 15.5717
f 1267/5875/1100 1259/5876/1092 1062/5877/895

vt -19.8941 15.9462
vt -20.3604 16.7189
vt -19.1624 16.2892
f 1259/5878/1092 1061/5879/894 1062/5880/895

vt -17.5255 15.063
vt -19.0563 15.8215
vt -15.655 15.2957
f 1267/5881/1100 1062/5882/895 1063/5883/896

v 58.9234 34.1505 -16.4607
vt -14.2088 12.6404
vn -0.436272 0.756987 0.486455
vt -17.4539 12.9911
vt -15.5863 13.2466
f 1268/5884/1101 1267/5885/1100 1063/5886/896

v 58.6588 33.7464 -15.7973
vt -14.4481 15.6261
vn -0.511579 0.602802 0.612304
vt -17.3247 16.7499
vt -14.0737 16.4591
f 1269/5887/1102 1267/5888/1100 1268/5889/1101

vt -14.1061 17.3511
vt -15.5568 16.7404
vt -17.0124 18.3958
f 1269/5890/1102 1266/5891/1099 1267/5892/1100

vt -13.6064 15.6737
vt -15.4546 16.1566
vt -14.0079 16.7766
f 1106/5893/939 1266/5894/1099 1269/5895/1102

vt -12.9404 16.9578
vt -13.8765 15.7219
vt -14.2585 16.8316
f 1104/5896/937 1106/5897/939 1269/5898/1102

vt -14.1837 14.9882
vt -13.8301 15.8303
vt -12.8664 15.1225
f 1269/5899/1102 1268/5900/1101 1104/5901/937

vt -13.4034 14.0994
vt -14.3225 14.8643
v 58.0765 34.295 -17.6556
vt -12.5135 15.0773
vn -0.383715 0.817179 0.430094
f 1104/5902/937 1268/5903/1101 1270/5904/1103

vt -14.1435 10.2497
vt -14.5729 11.0953
vt -12.3417 10.5171
f 1268/5905/1101 1064/5906/897 1270/5907/1103

vt -14.6022 11.0181
vt -15.9232 11.7394
vt -14.9442 11.9027
f 1268/5908/1101 1063/5909/896 1064/5910/897

vt -12.5319 8.97555
vt -14.7391 9.6392
vt -11.2392 9.24861
f 1270/5911/1103 1064/5912/897 1100/5913/933

vt -15.0107 4.88344
vt -13.2111 4.94009
vt -11.5754 4.10868
f 1064/5914/897 1066/5915/899 1100/5916/933

vt -15.012 5.08982
vt -14.6584 5.36077
vt -13.2123 5.14478
f 1064/5917/897 1065/5918/898 1066/5919/899

vt -11.3869 4.34549
vt -13.0775 5.05867
vt -11.3811 4.87148
f 1100/5920/933 1066/5921/899 1067/5922/900

vt -11.1192 3.52154
vt -11.1525 4.04649
vt -8.18425 3.89806
f 1100/5923/933 1067/5924/900 1068/5925/901

vt -11.8247 10.9297
vt -12.6519 11.3757
vt -11.3522 11.6127
f 1102/5926/935 1270/5927/1103 1100/5928/933

vt -13.0097 12.4942
vt -12.171 13.5164
vt -11.3084 13.1436
f 1104/5929/937 1270/5930/1103 1102/5931/935

vt -14.7243 13.2701
v 58.1097 29.0942 -12.0967
vt -17.0857 14.0919
vn -0.552813 0.374141 0.744591
vt -14.7189 15.2142
f 1199/5932/1032 1271/5933/1104 1264/5934/1097

vt -16.467 13.3301
vt -16.921 14.5893
vt -14.5589 13.7698
f 1201/5935/1034 1271/5936/1104 1199/5937/1032

vt -15.573 13.6568
v 59.0212 28.4721 -11.4944
vt -17.4299 14.3459
vn -0.50535 0.323823 0.79985
vt -16.0265 14.9162
f 1201/5938/1034 1272/5939/1105 1271/5940/1104

vt -16.81 12.6378
vt -17.2577 14.7913
vt -15.4014 14.1007
f 1202/5941/1035 1272/5942/1105 1201/5943/1034

vt -16.5892 12.7062
v 59.6223 27.4278 -11.0484
vt -18.078 13.7248
vn -0.470298 0.256097 0.844532
vt -17.0335 14.8604
f 1202/5944/1035 1273/5945/1106 1272/5946/1105

v 59.4653 26.6995 -11.0888
vt -17.2136 13.9289
vn -0.465408 0.266586 0.843995
vt -17.2867 14.8421
vt -15.8074 13.8097
f 1274/5947/1107 1273/5948/1106 1202/5949/1035

vt -16.4159 14.18
v 60.0733 27.1181 -10.938
vt -17.0504 14.8491
vn -0.355943 0.236554 0.904072
vt -16.4779 15.0941
f 1274/5950/1107 1275/5951/1108 1273/5952/1106

vt -15.9159 14.6709
vt -16.8724 14.6077
vt -16.5451 15.345
f 1274/5953/1107 1237/5954/1070 1275/5955/1108

vt -15.5292 8.81519
vt -15.8335 8.06239
vt -16.4857 8.75195
f 1274/5956/1107 1236/5957/1069 1237/5958/1070

vt -16.1187 10.1726
vt -17.8521 9.54814
vt -17.5249 10.2912
f 1202/5959/1035 1236/5960/1069 1274/5961/1107

vt -13.4394 14.6925
vt -13.7931 13.9675
vt -14.3881 13.9584
f 1275/5962/1108 1237/5963/1070 1238/5964/1071

vt -12.3822 13.4831
vt -13.3347 12.754
vt -13.2941 14.1174
f 1275/5965/1108 1238/5966/1071 1239/5967/1072

vt -13.4405 11.961
vt -14.3523 12.5955
vt -14.116 14.8244
f 1275/5968/1108 1239/5969/1072 1248/5970/1081

vt -9.78213 11.9411
vt -10.4103 13.502
vt -9.58031 14.1735
f 1239/5971/1072 1240/5972/1073 1248/5973/1081

vt -10.4314 15.285
vt -11.2627 14.6153
vt -11.1605 17.9368
f 1248/5974/1081 1240/5975/1073 1247/5976/1080

vt -6.70614 17.7657
vt -6.79265 14.4437
vt -7.15516 18.0553
f 1247/5977/1080 1240/5978/1073 1241/5979/1074

vt -6.01942 21.5216
vt -5.76261 19.2167
vt -6.21149 19.5066
f 1244/5980/1077 1247/5981/1080 1241/5982/1074

vt -5.53325 21.483
vt -5.72737 19.4682
vt -5.78766 21.1441
f 1244/5983/1077 1241/5984/1074 1242/5985/1075

vt -14.8476 14.2786
vt -15.1503 11.6406
vt -15.8067 14.5085
f 1249/5986/1082 1275/5987/1108 1248/5988/1081

vt -15.6009 11.7299
vt -15.2923 14.3673
vt -15.0269 11.9714
f 1275/5989/1108 1249/5990/1082 1273/5991/1106

vt -16.145 11.9378
vt -16.3958 14.3353
vt -15.1008 13.0739
f 1273/5992/1106 1249/5993/1082 1272/5994/1105

v 59.4451 29.4283 -11.8739
vt -15.906 13.6687
vn -0.484761 0.405622 0.774905
vt -15.8699 12.3031
vt -17.1563 13.5733
v 61.0716 31.8097 -12.715
vt -16.6337 17.2359
vn -0.511523 0.41444 0.752718
f 1276/5995/1109 1272/5996/1105 1249/5997/1082 1277/5998/1110 

vt -16.7446 12.4663
vt -16.7659 13.8322
vt -15.3436 13.0423
f 1272/5999/1105 1276/6000/1109 1271/6001/1104

vt -15.6299 12.4959
vt -17.0485 13.2922
v 58.7093 30.1198 -12.5546
vt -15.7521 14.0336
vn -0.529019 0.439511 0.725926
f 1271/6002/1104 1276/6003/1109 1278/6004/1111

vt -17.2006 13.6695
vt -17.8628 17.2495
vt -15.9022 14.4074
f 1276/6005/1109 1277/6006/1110 1278/6007/1111

vt -16.8194 13.9283
vt -18.7212 16.8101
vt -15.7144 15.4154
f 1278/6008/1111 1277/6009/1110 1262/6010/1095

vt -18.5861 17.1726
vt -19.288 18.8821
vt -15.574 15.7894
f 1277/6011/1110 1251/6012/1084 1262/6013/1095

vt -17.708 17.3493
vt -18.6415 17.1596
vt -18.4401 19.0461
f 1277/6014/1110 1250/6015/1083 1251/6016/1084

vt -18.3368 14.0374
vt -18.6947 17.5031
vt -17.7611 17.692
f 1249/6017/1082 1250/6018/1083 1277/6019/1110

vt -16.7574 13.8334
vt -15.655 15.3224
vt -14.3092 13.4312
f 1278/6020/1111 1262/6021/1095 1264/6022/1097

vt -16.6106 12.7368
vt -16.7017 14.2767
vt -14.2529 13.8782
f 1271/6023/1104 1278/6024/1111 1264/6025/1097

vt -19.5791 19.2452
vt -21.3745 21.5764
vt -20.9054 21.8524
f 1251/6026/1084 1252/6027/1085 1258/6028/1091

vt -5.75491 -5.77469
vt -5.67067 -5.03814
vt -5.55521 -5.26842
f 1252/6029/1085 1257/6030/1090 1258/6031/1091

vt -21.7779 18.4496
vt -21.8692 18.79
vt -21.1842 18.8936
f 1252/6032/1085 1256/6033/1089 1257/6034/1090

vt -9.09078 21.8742
vt -9.29319 21.4851
vt -9.26989 22.1777
f 1252/6035/1085 1253/6036/1086 1256/6037/1089

vt 20.0907 22.4623
vt 18.4789 21.4113
vt 18.8246 22.2537
f 1041/6038/874 1042/6039/875 1061/6040/894

vt 20.2609 20.0415
vt 19.7782 19.2694
vt 19.0402 19.5688
f 1061/6041/894 1042/6042/875 1043/6043/876

vt -14.747 6.83461
vt -15.9412 5.16523
vt -15.9829 7.26373
f 1205/6044/1038 1207/6045/1040 1218/6046/1051

vt -16.3437 7.94024
vt -16.7794 6.08519
vt -17.5351 6.26889
f 1205/6047/1038 1206/6048/1039 1207/6049/1040

vt -13.3787 5.16889
vt -13.8972 4.48858
vt -13.4278 7.26723
f 1207/6050/1040 1214/6051/1047 1218/6052/1051

v 54.2526 22.3224 -12.5651
vt -12.8075 6.64456
vn -0.617981 0.201495 0.759933
vt -15.7367 6.52894
vt -12.9144 9.12622
f 1279/6053/1112 1194/6054/1027 1148/6055/981

vt -12.8127 6.76397
vt -16.5812 4.83663
vt -15.742 6.64812
f 1279/6056/1112 1192/6057/1025 1194/6058/1027

v 54.8012 21.1158 -12.2404
vt -14.0093 5.82957
vn -0.630268 0.149881 0.761773
vt -16.8559 5.22105
vt -13.0984 7.16958
f 1280/6059/1113 1192/6060/1025 1279/6061/1112

vt -14.0947 6.12726
vt -16.0583 4.15011
vt -16.9398 5.512
f 1280/6062/1113 1188/6063/1021 1192/6064/1025

vt -13.8872 5.00936
vt -16.2502 4.20124
vt -14.3001 6.19174
f 1187/6065/1020 1188/6066/1021 1280/6067/1113

vt -12.2472 6.02881
vt -14.1398 4.80334
vt -14.5638 5.98174
f 1151/6068/984 1187/6069/1020 1280/6070/1113

vt -12.058 4.42307
vt -14.5 4.98499
vt -12.6282 6.24202
f 1182/6071/1015 1187/6072/1020 1151/6073/984

vt -11.8412 3.94498
vt -12.9544 3.44969
vt -13.6317 5.23154
f 1152/6074/985 1182/6075/1015 1151/6076/984

vt -12.2452 5.9507
vt -14.5618 5.90379
vt -13.6727 7.25837
f 1151/6077/984 1280/6078/1113 1279/6079/1112

vt -12.623 5.45894
vt -14.0663 6.74923
vt -13.2787 7.45561
f 1151/6080/984 1279/6081/1112 1149/6082/982

vt -12.8222 7.14857
vt -13.6166 6.44989
vt -13.7534 8.93009
f 1149/6083/982 1279/6084/1112 1148/6085/981

vt -16.4581 3.70937
vt -18.1538 3.10528
vt -17.3574 5.05967
f 1188/6086/1021 1189/6087/1022 1192/6088/1025

vt -18.1796 3.09916
vt -19.259 3.37981
vt -17.3849 5.05423
f 1189/6089/1022 1190/6090/1023 1192/6091/1025

vt -20.3241 -0.458289
vt -18.2711 -0.0782943
vt -19.4742 -0.369751
f 1176/6092/1009 1171/6093/1004 1172/6094/1005

vt -20.2544 -1.57285
vt -19.4095 -1.44527
vt -20.9206 -1.85665
f 1176/6095/1009 1172/6096/1005 1173/6097/1006

vt -20.2572 -1.54324
vt -20.9238 -1.82612
vt -21.637 -1.94231
f 1176/6098/1009 1173/6099/1006 1174/6100/1007

vt -4.65948 2.29137
vt -4.38231 3.06089
vt -0.693298 1.41061
f 952/6101/785 1141/6102/974 951/6103/784

vt -7.99644 9.12665
vt -6.35118 9.70207
vt -7.16429 7.12232
f 1127/6104/960 1129/6105/962 1143/6106/976

vt -6.20548 9.71305
v 49.3536 23.1231 -18.8982
vt -5.24976 7.12641
vn -0.784065 0.20489 0.585885
vt -7.03437 7.13833
f 1129/6107/962 1281/6108/1114 1143/6109/976

vt -6.74265 9.44923
v 48.7475 23.1296 -20.3272
vt -3.8755 7.02436
vn -0.826801 0.243755 0.506936
vt -5.73308 6.88314
f 1129/6110/962 1282/6111/1115 1281/6112/1114

vt -4.71498 9.01098
vt -3.87148 7.02838
vt -6.73823 9.45373
f 1132/6113/965 1282/6114/1115 1129/6115/962

vt -3.84495 9.61631
vt -4.34044 6.8055
vt -5.21759 8.77345
f 1133/6116/966 1282/6117/1115 1132/6118/965

vt -3.85838 9.61656
vt -3.14311 7.59279
vt -4.3528 6.80557
f 1133/6119/966 1134/6120/967 1282/6121/1115

vt -3.08317 7.52336
vt -2.92549 5.98163
vt -4.29407 6.73802
f 1134/6122/967 1135/6123/968 1282/6124/1115

vt -4.16877 6.93214
vt -2.80316 6.1704
vt -4.34376 5.22873
f 1282/6125/1115 1135/6126/968 1139/6127/972

vt -2.72917 6.08279
vt -2.73725 4.38457
vt -4.27225 5.14518
f 1135/6128/968 1136/6129/969 1139/6130/972

vt -3.86799 6.95249
vt -4.06187 5.25113
vt -5.72562 6.81179
f 1282/6131/1115 1139/6132/972 1281/6133/1114

vt -5.4154 7.11507
vt -3.77233 5.53265
vt -4.44668 3.55249
f 1281/6134/1114 1139/6135/972 1140/6136/973

vt -5.24914 7.1877
vt -4.30981 3.61727
vt -7.03375 7.19967
f 1281/6137/1114 1140/6138/973 1143/6139/976

vt -5.47447 9.98328
vt -4.71717 9.004
vt -6.74045 9.44658
f 1131/6140/964 1132/6141/965 1129/6142/962

vt -3.68592 9.89235
vt -5.71058 9.65656
vt -6.34821 10.7893
f 884/6143/717 1130/6144/963 882/6145/715

vt -5.88528 11.0566
vt -5.2307 9.93356
vt -7.44575 9.77524
f 882/6146/715 1130/6147/963 1128/6148/961

vt -5.84343 10.9859
vt -7.40258 9.70295
vt -9.30893 11.1459
f 882/6149/715 1128/6150/961 1125/6151/958

vt -5.79562 12.0426
vt -9.26114 12.2023
v 50.8546 28.4946 -18.9027
vt -6.26452 13.6162
vn -0.745153 0.292449 0.59935
f 882/6152/715 1125/6153/958 1283/6154/1116

vt -9.08807 11.915
vt -8.14905 13.893
vt -6.08819 13.3219
f 1125/6155/958 1122/6156/955 1283/6157/1116

vt -6.09889 13.2854
vt -8.15978 13.8564
vt -6.23689 14.7351
f 1283/6158/1116 1122/6159/955 1120/6160/953

vt -6.43688 13.2471
vt -6.57658 14.6966
vt -4.84319 13.7774
f 1283/6161/1116 1120/6162/953 880/6163/713

vt -5.17799 13.0632
vt -6.90744 13.9898
vt -5.54549 14.2993
f 880/6164/713 1120/6165/953 878/6166/711

vt -6.06781 11.9476
vt -6.54557 13.5185
vt -4.9525 14.0506
f 882/6167/715 1283/6168/1116 880/6169/713

vt -11.1954 14.0128
vt -9.71445 16.8787
vt -8.20723 16.1755
f 1111/6170/944 1112/6171/945 1123/6172/956

vt -9.79992 16.6505
v 53.8113 32.2994 -17.9213
vt -8.67282 17.4815
vn -0.669252 0.456437 0.586317
vt -8.29393 15.9446
f 1112/6173/945 1284/6174/1117 1123/6175/956

vt -8.9208 17.7893
vt -8.34186 16.7342
vt -9.46091 15.8924
f 1113/6176/946 1284/6177/1117 1112/6178/945

vt -9.93083 17.2897
vt -7.69409 17.3915
vt -9.40814 16.2057
f 1113/6179/946 1117/6180/950 1284/6181/1117

vt -9.92512 16.9881
vt -8.11251 18.3795
vt -7.68842 17.0909
f 1113/6182/946 1116/6183/949 1117/6184/950

vt -9.633 17.0421
vt -7.90147 18.2022
v 52.9458 32.2461 -19.5976
vt -7.3437 17.0843
vn -0.72521 0.440059 0.529546
f 1284/6185/1117 1117/6186/950 1285/6187/1118

vt -7.88091 18.2141
vt -4.35723 18.6989
vt -7.32166 17.0969
f 1117/6188/950 1118/6189/951 1285/6190/1118

vt -7.47093 17.6859
vt -4.49413 19.2648
vt -6.34904 16.594
f 1285/6191/1118 1118/6192/951 1119/6193/952

vt -7.45822 17.7048
vt -6.33573 16.6136
vt -8.68499 14.8044
f 1285/6194/1118 1119/6195/952 1121/6196/954

vt -9.39306 16.0892
vt -7.42726 17.6721
vt -8.65021 14.7701
f 1123/6197/956 1285/6198/1118 1121/6199/954

vt -9.63662 17.4259
vt -7.34731 17.4676
vt -9.30735 15.8777
f 1284/6200/1117 1285/6201/1118 1123/6202/956

vt -3.13159 16.3639
vt -5.07168 15.8201
vt -2.91603 19.2668
f 876/6203/709 877/6204/710 1093/6205/926

v 50.9779 31.4816 -23.811
vt -2.65255 17.5784
vn -0.901561 0.323782 0.286971
vt -3.52875 16.449
vt -3.27987 19.3492
f 1286/6206/1119 876/6207/709 1093/6208/926

vt -3.7646 16.7057
vt -2.88345 17.8312
vt -2.92113 15.5218
f 876/6209/709 1286/6210/1119 872/6211/705

vt -3.25926 17.8465
v 51.5327 32.732 -24.9581
vt -2.38008 19.7661
vn -0.926818 0.104849 -0.360575
vt -3.30285 15.5372
f 1286/6212/1119 1287/6213/1120 872/6214/705

v 51.6419 33.7345 -24.9483
vt -2.92717 21.0693
vn -0.941767 0.260334 0.212838
vt -2.73415 19.8536
vt -3.60113 17.9285
f 1288/6215/1121 1287/6216/1120 1286/6217/1119

vt -2.9462 21.0667
vt -2.61029 20.8597
vt -2.75206 19.8511
f 1288/6218/1121 1083/6219/916 1287/6220/1120

vt -2.87174 21.0279
vt -2.38517 22.0953
vt -2.5369 20.8192
f 1288/6221/1121 1084/6222/917 1083/6223/916

vt -2.1943 22.7659
vt -2.08905 22.1683
vt -2.5935 21.1093
f 1092/6224/925 1084/6225/917 1288/6226/1121

vt -2.7728 22.6869
vt -2.64119 23.046
vt -2.65785 22.0912
f 1092/6227/925 1086/6228/919 1084/6229/917

vt -1.78507 21.0062
vt -3.12662 19.6391
vt -1.36416 22.6574
f 1288/6230/1121 1093/6231/926 1092/6232/925

vt -2.98957 19.4793
vt -1.6496 20.8479
vt -2.35017 17.7128
f 1093/6233/926 1288/6234/1121 1286/6235/1119

vt -2.8 20.3652
vt -2.44891 19.2897
vt -2.82412 19.3471
f 1083/6236/916 1081/6237/914 1287/6238/1120

vt -2.80325 19.6906
vt -2.42794 19.6338
v 51.429 31.9394 -24.8214
vt -2.70325 18.6916
vn -0.632268 -0.0515314 -0.773034
f 1287/6239/1120 1081/6240/914 1289/6241/1122

vt -2.60321 18.6279
vt -2.33195 19.5714
vt -1.71139 15.3879
f 1289/6242/1122 1081/6243/914 832/6244/665

vt -2.554 18.647
vt -1.65534 15.4089
v 51.1512 30.9184 -24.5381
vt -2.55758 17.2864
vn -0.723699 0.0152405 -0.689947
f 1289/6245/1122 832/6246/665 1290/6247/1123

vt -2.33478 17.4204
vt -1.4242 15.547
v 51.0107 29.8531 -24.3833
vt -2.18819 16.086
vn -0.367156 -0.122979 -0.921994
f 1290/6248/1123 832/6249/665 1291/6250/1124

vt -2.16417 16.1204
vt -1.40016 15.5814
vt -1.88799 14.9786
f 1291/6251/1124 832/6252/665 829/6253/662

vt -3.05236 15.0515
vt -2.85284 15.9367
vt -2.60031 14.7894
f 871/6254/704 1291/6255/1124 829/6256/662

vt -3.07121 17.3701
vt -2.95455 16.0326
vt -3.16378 15.1497
f 1290/6257/1123 1291/6258/1124 871/6259/704

vt -3.79337 15.5924
vt -2.94761 17.4673
vt -3.0984 15.2501
f 872/6260/705 1290/6261/1123 871/6262/704

vt -3.7869 15.5924
vt -2.86602 18.8256
vt -2.94063 17.4671
f 872/6263/705 1289/6264/1122 1290/6265/1123

vt -3.0846 19.7409
vt -3.03371 18.7382
vt -3.90129 15.4902
f 1287/6266/1120 1289/6267/1122 872/6268/705

vt -2.96306 15.2619
vt -2.51037 15.0008
vt -2.85214 14.2291
f 871/6269/704 829/6270/662 831/6271/664

vt -8.09721 8.72644
vt -8.16278 9.27029
v 54.97 34.5546 -21.6564
vt -6.11955 9.15766
vn -0.242787 0.917208 0.315886
f 1098/6272/931 1068/6273/901 1292/6274/1125

vt -8.2526 5.53933
vt -6.40018 5.81145
vt -6.21254 5.37924
f 1068/6275/901 1069/6276/902 1292/6277/1125

vt -5.9593 5.27265
vt -6.17391 5.69212
vt -4.65741 5.86541
f 1292/6278/1125 1069/6279/902 1070/6280/903

vt -5.48166 2.91781
vt -4.2496 3.64466
vt -1.4996 3.92052
f 1292/6281/1125 1070/6282/903 1090/6283/923

vt -1.55764 5.32873
vt -4.31151 5.09469
vt -2.79862 5.38107
f 1090/6284/923 1070/6285/903 1089/6286/922

vt 5.28569 11.7641
vt 2.5287 11.97
vt 3.76669 12.0161
f 1070/6287/903 1072/6288/905 1089/6289/922

vt 5.34938 9.08967
vt 6.57555 8.34679
vt 2.59912 9.37161
f 1070/6290/903 1071/6291/904 1072/6292/905

vt -5.68509 12.9782
vt -6.11832 13.3034
vt -2.03735 13.7594
f 1097/6293/930 1292/6294/1125 1090/6295/923

vt -8.2963 12.3213
vt -6.30237 12.6697
vt -5.88187 12.3282
f 1098/6296/931 1292/6297/1125 1097/6298/930

vt -5.9056 17.1714
vt -2.23156 17.8177
vt -4.25798 17.1833
f 1097/6299/930 1090/6300/923 1095/6301/928

vt 19.4039 14.367
vt 18.1175 13.0969
vt 18.1537 14.4624
f 1003/6302/836 1004/6303/837 1034/6304/867

vt 18.5771 14.6509
vt 18.5558 13.2851
vt 17.1548 13.8611
f 1034/6305/867 1004/6306/837 1005/6307/838

vt 18.701 14.3953
vt 17.2823 13.599
vt 17.4046 15.1367
f 1034/6308/867 1005/6309/838 1032/6310/865

vt 17.7391 15.4481
vt 17.648 13.9082
vt 15.2903 15.0496
f 1032/6311/865 1005/6312/838 1006/6313/839

vt 10.8933 17.7727
vt 10.9205 19.9715
vt 12.1278 19.5842
f 1012/6314/845 1014/6315/847 1023/6316/856

vt 12.1831 19.344
vt 10.9781 19.7381
vt 11.6396 20.7763
f 1023/6317/856 1014/6318/847 1017/6319/850

vt 12.4231 18.571
vt 11.9447 20.0264
vt 13.1483 19.8759
f 1023/6320/856 1017/6321/850 1020/6322/853

vt 0.810043 11.8147
vt 1.94949 11.8609
vt 0.986136 11.1001
f 866/6323/699 843/6324/676 845/6325/678

vt 0.593281 10.7353
vt 1.00966 9.12608
vt -0.216717 10.0002
f 845/6326/678 846/6327/679 862/6328/695

g Mesh29 Component_278_1 Group1 Model

usemtl FrontColor
v 72 29 -5.1
vt 9.12451e-09 2
vn -1 -1.2561e-10 -1.46656e-11
v 72 29 -6.1
vt 1 2
v 72 27 -6.1
vt 1 1.46656e-11
v 72 27 -5.1
vt 2.93312e-11 1.46656e-11
f 1293/6329/1126 1294/6330/1126 1295/6331/1126 1296/6332/1126 

v 70 29 -6.1
vt -1 0
vn 1.32943e-10 -1 1.32943e-10
vt -1 2
vt -9.09518e-09 2
v 70 29 -5.1
vt -9.09518e-09 0
f 1297/6333/1127 1294/6334/1127 1293/6335/1127 1298/6336/1127 

vt 2 -6.61209e-14
vn 3.12428e-13 -1.32876e-10 -1
vt -3.12407e-13 2
v 70 29.1 -6.1
vt -3.12407e-13 2.1
v 72.1 29.1 -6.1
vt 2.1 2.1
v 72.1 26.9 -6.1
vt 2.1 -0.1
v 70 26.9 -6.1
vt 7.88674e-10 -0.1
v 70 27 -6.1
vt 7.88674e-10 -6.61209e-14
f 1295/6337/1128 1294/718/1128 1297/6338/1128 1299/6339/1128 1300/6340/1128 1301/6341/1128 1302/6342/1128 1303/6343/1128 

v 70 29.1 -5.1
vt 9.09518e-09 2.1
vn -1 -1.32943e-10 -2.08167e-17
vt 1 2.1
vt 9.09518e-09 2
f 1304/6344/1129 1299/6345/1129 1297/6330/1129 1298/6346/1129 

vt 1 -4.01566e-13
vn -1.32751e-10 1 -1.32943e-10
vt 9.09518e-09 -4.01566e-13
v 72.1 29.1 -5.1
vt 9.0937e-09 2.1
f 1299/6347/1130 1304/6348/1130 1305/6349/1130 1300/6345/1130 

v 72.1 26.9 -5.1
vt -2.1 -0.1
vn -1.55065e-11 4.4468e-09 1
vt -2.1 2.1
vt 1.41034e-19 2.1
vt 1.41034e-19 2
vt -2 1.33785e-19
v 72 26.9 -5.1
vt -2 -0.1
f 1306/6350/1131 1305/6351/1131 1304/6352/1131 1298/6353/1131 1293/54/1131 1296/6354/1131 1307/6355/1131 

vt -9.1245e-09 2.1
vn 1 1.2561e-10 1.46656e-11
vt -2.93198e-11 -0.1
vt -1 -0.1
vt -1 2.1
f 1305/6356/1132 1306/6357/1132 1301/6358/1132 1300/6359/1132 

vt 1.47793e-12 2.1
v 70 26.9 -5.1
vt 0 7.88987e-10
vt -1 7.88987e-10
f 1306/6360/1127 1307/140/1127 1308/6361/1127 1302/6362/1127 1301/6359/1127 

vt -7.88987e-10 -0.1
vn -2.08343e-17 1.32943e-10 1
v 70 27 -5.1
vt -7.88987e-10 0
f 1308/6363/1133 1307/6355/1133 1296/755/1133 1309/6364/1133 

vt 1 -0.1
vt 1.11258e-41 -0.1
vt 1.11258e-41 0
vt 1 0
f 1302/6365/1129 1308/6366/1129 1309/6367/1129 1303/6368/1129 

g Mesh30 Component_277_1 Group1 Model

v 70 15 -0
vt 5 1
vn 0 0 1
v 70 14 -0
vt 5 0
v 72.1 14 -0
vt 2.9 0
v 72.1 15 -0
vt 2.9 1
f 1310/6369/1134 1311/6370/1134 1312/6371/1134 1313/6372/1134 

vt -0.1 0
vn -1 0 -0
vt -0.1 1
v 70 15 -0.1
vt 0 1
v 70 14 -0.1
f 1311/6373/1135 1310/6374/1135 1314/6375/1135 1315/168/1135 

vt 5 -0.1
vt 2.9 -0.1
v 72.1 15 -2.2
vt 2.9 2.1
v 69.9 15 -2.2
vt 5.1 2.1
v 69.9 15 -0.1
vt 5.1 3.38264e-09
v 70 15 -2.1
vt 5 2
v 72 15 -2.1
vt 3 2
v 72 15 -0.1
vt 3 6.8485e-10
v 70 15 -0.1
f 1310/6376/49 1313/6377/49 1316/6378/49 1317/6379/49 1318/6380/49 1314/6370/49 1319/6381/49 1320/6382/49 1321/6383/49 1322/6370/49 

vt 0.1 0
vn 1 0 -0
v 72.1 14 -2.2
vt -2.1 0
vt -2.1 1
vt 0.1 1
f 1312/6384/1136 1323/6385/1136 1316/6386/1136 1313/6387/1136 

v 72 14 -2.1
vt -3 2
v 70 14 -2.1
vt -5 2
vt -5 0
v 69.9 14 -0.1
vt -5.1 3.38264e-09
v 69.9 14 -2.2
vt -5.1 2.1
vt -2.9 2.1
vt -2.9 -0.1
vt -5 -0.1
v 70 14 -0.1
v 72 14 -0.1
vt -3 6.8485e-10
f 1324/6388/47 1325/6389/47 1315/6390/47 1326/6391/47 1327/6392/47 1323/6393/47 1312/6394/47 1311/6395/47 1328/6390/47 1329/6396/47 

vt 3 1
vn -2.63562e-08 0 1
vt 3 0
f 1320/6397/1137 1319/6369/1137 1325/6370/1137 1324/6398/1137 

vt 1.68925e-07 1
vn 1 0 3.37851e-08
vt 1.68925e-07 0
f 1314/6399/1138 1315/6400/1138 1325/755/1138 1319/50/1138 

vt -5 1
vn -3.42425e-10 0 -1
vt -3 1
vt -3 0
f 1314/6401/1139 1321/6402/1139 1329/6403/1139 1315/6390/1139 

vt -2.55266e-09 1
vn -1 0 -1.07917e-09
vt -2.55266e-09 0
f 1321/6404/1140 1320/57/1140 1324/167/1140 1329/6405/1140 

vt 5.1 0
vn -3.38264e-08 0 1
vt 5.1 1
f 1326/6406/1141 1315/6370/1141 1314/6369/1141 1318/6407/1141 

vt 2.1 0
vn -1 0 -2.63563e-08
vt -1.31035e-07 0
vt -1.31035e-07 1
vt 2.1 1
f 1327/6408/1142 1326/6409/1142 1318/6410/1142 1317/6411/1142 

vt -2.9 0
vn 2.28283e-09 0 -1
vt -5.1 0
vt -5.1 1
vt -2.9 1
f 1323/6412/1143 1327/6413/1143 1317/6414/1143 1316/6415/1143 

g Mesh31 Component_278_2 Group1 Model

v 44 29 -34.1
vn -1.46651e-11 -1.2561e-10 1
v 43 29 -34.1
v 43 27 -34.1
v 44 27 -34.1
f 1330/6329/1144 1331/6330/1144 1332/6331/1144 1333/6332/1144 

v 43 29 -32.1
vn 1.32943e-10 -1 -1.32943e-10
v 44 29 -32.1
f 1334/6333/1145 1331/6334/1145 1330/6335/1145 1335/6336/1145 

vn -1 -1.32876e-10 -3.1188e-13
v 43 29.1 -32.1
v 43 29.1 -34.2
v 43 26.9 -34.2
v 43 26.9 -32.1
v 43 27 -32.1
f 1332/6337/1146 1331/718/1146 1334/6338/1146 1336/6339/1146 1337/6340/1146 1338/6341/1146 1339/6342/1146 1340/6343/1146 

v 44 29.1 -32.1
vn 5.27356e-16 -1.32943e-10 1
f 1341/6344/1147 1336/6345/1147 1334/6330/1147 1335/6346/1147 

vn -1.32943e-10 1 1.32751e-10
v 44 29.1 -34.2
f 1336/6347/1148 1341/6348/1148 1342/6349/1148 1337/6345/1148 

v 44 26.9 -34.2
vn 1 4.4468e-09 1.55059e-11
v 44 26.9 -34.1
f 1343/6350/1149 1342/6351/1149 1341/6352/1149 1335/6353/1149 1330/54/1149 1333/6354/1149 1344/6355/1149 

vn 1.46651e-11 1.2561e-10 -1
f 1342/6356/1150 1343/6357/1150 1338/6358/1150 1337/6359/1150 

v 44 26.9 -32.1
f 1343/6360/1145 1344/140/1145 1345/6361/1145 1339/6362/1145 1338/6359/1145 

vn 1 1.32943e-10 -5.27338e-16
v 44 27 -32.1
f 1345/6363/1151 1344/6355/1151 1333/755/1151 1346/6364/1151 

f 1339/6365/1147 1345/6366/1147 1346/6367/1147 1340/6368/1147 

g Mesh32 Component_277_2 Group1 Model

v 40.1 15 -32.1
vn 1 0 -5.27356e-16
v 40.1 14 -32.1
v 40.1 14 -34.2
v 40.1 15 -34.2
f 1347/6369/1152 1348/6370/1152 1349/6371/1152 1350/6372/1152 

vn 5.27356e-16 0 1
v 40 15 -32.1
v 40 14 -32.1
f 1348/6373/1153 1347/6374/1153 1351/6375/1153 1352/168/1153 

v 37.9 15 -34.2
v 37.9 15 -32
v 40 15 -32
v 38 15 -32.1
v 38 15 -34.1
v 40 15 -34.1
v 40 15 -32.1
f 1347/6376/49 1350/6377/49 1353/6378/49 1354/6379/49 1355/6380/49 1351/6370/49 1356/6381/49 1357/6382/49 1358/6383/49 1359/6370/49 

vn -5.27356e-16 0 -1
v 37.9 14 -34.2
f 1349/6384/1154 1360/6385/1154 1353/6386/1154 1350/6387/1154 

v 38 14 -34.1
vn 0 -1 0
v 38 14 -32.1
v 40 14 -32
v 37.9 14 -32
v 40 14 -32.1
v 40 14 -34.1
f 1361/6388/1155 1362/6389/1155 1352/6390/1155 1363/6391/1155 1364/6392/1155 1360/6393/1155 1349/6394/1155 1348/6395/1155 1365/6390/1155 1366/6396/1155 

vn 1 0 2.63562e-08
f 1357/6397/1156 1356/6369/1156 1362/6370/1156 1361/6398/1156 

vn 3.37851e-08 0 -1
f 1351/6399/1157 1352/6400/1157 1362/755/1157 1356/50/1157 

vn -1 0 3.42425e-10
f 1351/6401/1158 1358/6402/1158 1366/6403/1158 1352/6390/1158 

vn -1.07917e-09 0 1
f 1358/6404/1159 1357/57/1159 1361/167/1159 1366/6405/1159 

vn 1 0 3.38264e-08
f 1363/6406/1160 1352/6370/1160 1351/6369/1160 1355/6407/1160 

vn -2.63563e-08 0 1
f 1364/6408/1161 1363/6409/1161 1355/6410/1161 1354/6411/1161 

vn -1 0 -2.28283e-09
f 1360/6412/1162 1364/6413/1162 1354/6414/1162 1353/6415/1162 

