"Name","Variant code / SKU","Internal barcode","Category","Default sales price","Cost","Profit","Margin"
"Ocean Club Chair / Black / No","FIN-OCN-CLB-CHA-34X38","10001","Ocean Collection",2280,13.07,2266.93,"99.43%"
"Ocean Mini Loveseat / Black / No","FIN-OCN-MIN-LOV","10002","Ocean Collection",2640,897.76,1742.24,"65.99%"
"Ocean Loveseat / Black / No","FIN-OCN-LOV-SOF-60X38","10003","Ocean Collection",3240,13.07,3226.93,"99.60%"
"Ocean Sofa 72 / Black / No","FIN-OCN-SOF-72X38","10004","Ocean Collection",3600,13.07,3586.93,"99.64%"
"Ocean Sofa 84 / Black / No","FIN-OCN-SOF-84X38","10005","Ocean Collection",3960,13.07,3946.93,"99.67%"
"Ocean Sofa 96 / Black / No","FIN-OCN-SOF-96X38","10006","Ocean Collection",4440,13.07,4426.93,"99.71%"
"Ocean Ottoman 30 x 22 / Grey","FIN-OCN-OTT-30X22-GR","10007","Ocean Collection",1020,36.64,983.36,"96.41%"
"Ocean Ottoman 42 x 22 / Grey","FIN-OCN-OTT-42X22-GR","10008","Ocean Collection",1260,46.26,1213.74,"96.33%"
"Ocean Ottoman 60 x 22 / Grey","FIN-OCN-OTT-60X22-GR","10009","Ocean Collection",1500,60.69,1439.31,"95.95%"
"Ocean Ottoman 72 x 22 / Grey","FIN-OCN-OTT-72X22-GR","10010","Ocean Collection",1740,70.31,1669.69,"95.96%"
"Ocean Single Chaise Lounge / Grey","FIN-OCN-SGL-CHS-36X79-GR","10011","Ocean Collection",2700,112.95,2587.05,"95.82%"
"Ocean Double Chaise Lounge / Grey","FIN-OCN-DOU-CHS-58X79-GR","10012","Ocean Collection",3960,173.08,3786.92,"95.63%"
"Ocean Coffee Table 42 x 28 / Grey","FIN-OCN-COF-TAB-42X28-GR","10013","Ocean Collection",2520,13.07,2506.93,"99.48%"
"Ocean Coffee Table 56 x 28 / Grey","FIN-OCN-COF-TAB-56X28-GR","10014","Ocean Collection",3000,13.07,2986.93,"99.56%"
"Ocean Coffee Table 36 x 36 / Grey","FIN-OCN-COF-TAB-36X36-GR","10015","Ocean Collection",2760,13.07,2746.93,"99.53%"
"Ocean Coffee Table 56 x 36 / Grey","FIN-OCN-COF-TAB-56X36-GR","10016","Ocean Collection",3240,13.07,3226.93,"99.60%"
"Ocean Coffee Table 72 x 36 / Grey","FIN-OCN-COF-TAB-72X36-GR","10017","Ocean Collection",3840,13.07,3826.93,"99.66%"
"Ocean Coffee Table 42 x 42 / Grey","FIN-OCN-COF-TAB-42X42-GR","10018","Ocean Collection",3120,13.07,3106.93,"99.58%"
"Ocean Coffee Table 56 x 42 / Grey","FIN-OCN-COF-TAB-56X42-GR","10019","Ocean Collection",3480,13.07,3466.93,"99.62%"
"Ocean Coffee Table 72 x 42 / Grey","FIN-OCN-COF-TAB-72X42-V23143105","10020","Ocean Collection",4200,13.07,4186.93,"99.69%"
"Ocean Coffee Table 56 x 56 / Grey","FIN-OCN-COF-TAB-56X56-GR","10021","Ocean Collection",4560,13.07,4546.93,"99.71%"
"Ocean Coffee Table 72 x 56 / Grey","FIN-OCN-COF-TAB-72X56-GR","10022","Ocean Collection",5400,13.07,5386.93,"99.76%"
"Ocean Club Chair / Black / Yes","FIN-OCN-CLB-CHA-34X38-BL-Y","10027","Ocean Collection",2680,76.29,2603.71,"97.15%"
"Ocean Club Chair / White / No","FIN-OCN-CLB-CHA-34X38-WH-N","10028","Ocean Collection",2280,55.45,2224.55,"97.57%"
"Ocean Club Chair / White / Yes","FIN-OCN-CLB-CHA-34X38-WH-Y","10029","Ocean Collection",2680,76.29,2603.71,"97.15%"
"Ocean Club Chair / Bronze / No","FIN-OCN-CLB-CHA-34X38-BR-N","10030","Ocean Collection",2280,55.45,2224.55,"97.57%"
"Ocean Club Chair / Bronze / Yes","FIN-OCN-CLB-CHA-34X38-BR-Y","10031","Ocean Collection",2680,76.29,2603.71,"97.15%"
"Ocean Club Chair / Beige / No","FIN-OCN-CLB-CHA-34X38-BE-N","10032","Ocean Collection",2280,55.45,2224.55,"97.57%"
"Ocean Club Chair / Beige / Yes","FIN-OCN-CLB-CHA-34X38-BE-Y","10033","Ocean Collection",2680,76.29,2603.71,"97.15%"
"Ocean Club Chair / Bone / No","FIN-OCN-CLB-CHA-34X38-BO-N","10034","Ocean Collection",2280,55.45,2224.55,"97.57%"
"Ocean Club Chair / Bone / Yes","FIN-OCN-CLB-CHA-34X38-BO-Y","10035","Ocean Collection",2680,76.29,2603.71,"97.15%"
"Ocean Club Chair / Grey / Yes","FIN-OCN-CLB-CHA-34X38-GR-Y","10036","Ocean Collection",2280,76.29,2203.71,"96.65%"
"Ocean Club Chair / Grey / No","FIN-OCN-CLB-CHA-34X38-GR-N","10037","Ocean Collection",2680,55.45,2624.55,"97.93%"
"Ocean Mini Loveseat / Black / Yes","FIN-OCN-MIN-LOV-BL-Y","10038","Ocean Collection",3040,97.37,2942.63,"96.80%"
"Ocean Mini Loveseat / White / No","FIN-OCN-MIN-LOV-WH-N","10039","Ocean Collection",2640,76.53,2563.47,"97.10%"
"Ocean Mini Loveseat / White / Yes","FIN-OCN-MIN-LOV-WH-Y","10040","Ocean Collection",3040,97.37,2942.63,"96.80%"
"Ocean Mini Loveseat / Bronze / No","FIN-OCN-MIN-LOV-BR-N","10041","Ocean Collection",2640,76.53,2563.47,"97.10%"
"Ocean Mini Loveseat / Bronze / Yes","FIN-OCN-MIN-LOV-BR-Y","10042","Ocean Collection",3040,97.37,2942.63,"96.80%"
"Ocean Mini Loveseat / Beige / No","FIN-OCN-MIN-LOV-BE-N","10043","Ocean Collection",2640,76.53,2563.47,"97.10%"
"Ocean Mini Loveseat / Beige / Yes","FIN-OCN-MIN-LOV-BE-Y","10044","Ocean Collection",3040,97.37,2942.63,"96.80%"
"Ocean Mini Loveseat / Bone / No","FIN-OCN-MIN-LOV-BO-N","10045","Ocean Collection",2640,76.53,2563.47,"97.10%"
"Ocean Mini Loveseat / Bone / Yes","FIN-OCN-MIN-LOV-BO-Y","10046","Ocean Collection",3040,97.37,2942.63,"96.80%"
"Ocean Mini Loveseat / Grey / No","FIN-OCN-MIN-LOV-GR-N","10047","Ocean Collection",2640,76.53,2563.47,"97.10%"
"Ocean Mini Loveseat / Grey / Yes","FIN-OCN-MIN-LOV-GR-Y","10048","Ocean Collection",3040,97.37,2942.63,"96.80%"
"Ocean Loveseat / Black / Yes","FIN-OCN-LOV-SOF-60X38-BL-Y","10049","Ocean Collection",3640,115.31,3524.69,"96.83%"
"Ocean Loveseat / White / No","FIN-OCN-LOV-SOF-60X38-WH-N","10050","Ocean Collection",3240,94.47,3145.53,"97.08%"
"Ocean Loveseat / White / Yes","FIN-OCN-LOV-SOF-60X38-WH-Y","10051","Ocean Collection",3640,115.31,3524.69,"96.83%"
"Ocean Loveseat / Bronze / No","FIN-OCN-LOV-SOF-60X38-BR-N","10052","Ocean Collection",3240,94.47,3145.53,"97.08%"
"Ocean Loveseat / Bronze / Yes","FIN-OCN-LOV-SOF-60X38-BR-Y","10053","Ocean Collection",3640,115.31,3524.69,"96.83%"
"Ocean Loveseat / Beige / No","FIN-OCN-LOV-SOF-60X38-BE-N","10054","Ocean Collection",3240,94.47,3145.53,"97.08%"
"Ocean Loveseat / Beige / Yes","FIN-OCN-LOV-SOF-60X38-BE-Y","10055","Ocean Collection",3640,115.31,3524.69,"96.83%"
"Ocean Loveseat / Bone / No","FIN-OCN-LOV-SOF-60X38-BO-N","10056","Ocean Collection",3240,94.47,3145.53,"97.08%"
"Ocean Loveseat / Bone / Yes","FIN-OCN-LOV-SOF-60X38-BO-Y","10057","Ocean Collection",3640,115.31,3524.69,"96.83%"
"Ocean Loveseat / Grey / No","FIN-OCN-LOV-SOF-60X38-GR-N","10058","Ocean Collection",3240,94.47,3145.53,"97.08%"
"Ocean Loveseat / Grey / Yes","FIN-OCN-LOV-SOF-60X38-GR-Y","10059","Ocean Collection",3640,115.31,3524.69,"96.83%"
"Ocean Sofa 72 / Black / Yes","FIN-OCN-SOF-72X38-BL-Y","10060","Ocean Collection",4000,152.72,3847.28,"96.18%"
"Ocean Sofa 72 / White / No","FIN-OCN-SOF-72X38-WH-N","10061","Ocean Collection",3600,131.88,3468.12,"96.34%"
"Ocean Sofa 72 / White / Yes","FIN-OCN-SOF-72X38-WH-Y","10062","Ocean Collection",4000,152.72,3847.28,"96.18%"
"Ocean Sofa 72 / Bronze / No","FIN-OCN-SOF-72X38-BR-N","10063","Ocean Collection",3600,131.88,3468.12,"96.34%"
"Ocean Sofa 72 / Bronze / Yes","FIN-OCN-SOF-72X38-BR-Y","10064","Ocean Collection",4000,152.72,3847.28,"96.18%"
"Ocean Sofa 72 / Beige / No","FIN-OCN-SOF-72X38-BE-N","10065","Ocean Collection",3600,131.88,3468.12,"96.34%"
"Ocean Sofa 72 / Beige / Yes","FIN-OCN-SOF-72X38-BE-Y","10066","Ocean Collection",4000,152.72,3847.28,"96.18%"
"Ocean Sofa 72 / Bone / No","FIN-OCN-SOF-72X38-BO-N","10067","Ocean Collection",3600,131.88,3468.12,"96.34%"
"Ocean Sofa 72 / Bone / Yes","FIN-OCN-SOF-72X38-BO-Y","10068","Ocean Collection",4000,152.72,3847.28,"96.18%"
"Ocean Sofa 72 / Grey / No","FIN-OCN-SOF-72X38-GR-N","10069","Ocean Collection",3600,131.88,3468.12,"96.34%"
"Ocean Sofa 72 / Grey / Yes","FIN-OCN-SOF-72X38-GR-Y","10070","Ocean Collection",4000,152.72,3847.28,"96.18%"
"Ocean Sofa 84 / Black / Yes","FIN-OCN-SOF-84X38-BL-Y","10071","Ocean Collection",4360,172.97,4187.03,"96.03%"
"Ocean Sofa 84 / White / Yes","FIN-OCN-SOF-84X38-WH-Y","10072","Ocean Collection",4360,172.97,4187.03,"96.03%"
"Ocean Sofa 84 / Bronze / No","FIN-OCN-SOF-84X38-BR-N","10073","Ocean Collection",3960,152.13,3807.87,"96.16%"
"Ocean Sofa 84 / Bronze / Yes","FIN-OCN-SOF-84X38-BR-Y","10074","Ocean Collection",4360,172.97,4187.03,"96.03%"
"Ocean Sofa 84 / Beige / No","FIN-OCN-SOF-84X38-BE-N","10075","Ocean Collection",3960,152.13,3807.87,"96.16%"
"Ocean Sofa 84 / Beige / Yes","FIN-OCN-SOF-84X38-BE-Y","10076","Ocean Collection",4360,172.97,4187.03,"96.03%"
"Ocean Sofa 84 / Bone / No","FIN-OCN-SOF-84X38-BO-N","10077","Ocean Collection",3960,152.13,3807.87,"96.16%"
"Ocean Sofa 84 / Bone / Yes","FIN-OCN-SOF-84X38-BO-Y","10078","Ocean Collection",4360,172.97,4187.03,"96.03%"
"Ocean Sofa 84 / Grey / No","FIN-OCN-SOF-84X38-GR-N","10079","Ocean Collection",3960,152.13,3807.87,"96.16%"
"Ocean Sofa 84 / Grey / Yes","FIN-OCN-SOF-84X38-GR-Y","10080","Ocean Collection",4360,172.97,4187.03,"96.03%"
"Ocean Sofa 84 / White / No","FIN-OCN-SOF-84X38-WH-N","10081","Ocean Collection",3960,152.13,3807.87,"96.16%"
"Ocean Sofa 96 / Black / Yes","FIN-OCN-SOF-96X38-BL-Y","10082","Ocean Collection",4840,195.79,4644.21,"95.95%"
"Ocean Sofa 96 / White / Yes","FIN-OCN-SOF-96X38-WH-Y","10083","Ocean Collection",4840,195.79,4644.21,"95.95%"
"Ocean Sofa 96 / Bronze / No","FIN-OCN-SOF-96X38-BR-N","10084","Ocean Collection",4440,174.95,4265.05,"96.06%"
"Ocean Sofa 96 / Bronze / Yes","FIN-OCN-SOF-96X38-BR-Y","10085","Ocean Collection",4840,195.79,4644.21,"95.95%"
"Ocean Sofa 96 / Beige / No","FIN-OCN-SOF-96X38-BE-N","10086","Ocean Collection",4440,174.95,4265.05,"96.06%"
"Ocean Sofa 96 / Beige / Yes","FIN-OCN-SOF-96X38-BE-Y","10087","Ocean Collection",4840,195.79,4644.21,"95.95%"
"Ocean Sofa 96 / Bone / No","FIN-OCN-SOF-96X38-BO-N","10088","Ocean Collection",4440,174.95,4265.05,"96.06%"
"Ocean Sofa 96 / Bone / Yes","FIN-OCN-SOF-96X38-BO-Y","10089","Ocean Collection",4840,195.79,4644.21,"95.95%"
"Ocean Sofa 96 / Grey / No","FIN-OCN-SOF-96X38-GR-N","10090","Ocean Collection",4440,174.95,4265.05,"96.06%"
"Ocean Sofa 96 / Grey / Yes","FIN-OCN-SOF-96X38-GR-Y","10091","Ocean Collection",4840,195.79,4644.21,"95.95%"
"Ocean Sofa 96 / White / No","FIN-OCN-SOF-96X38-WH-N","10092","Ocean Collection",4440,174.95,4265.05,"96.06%"
"Ocean Ottoman 30 x 22 / Black","FIN-OCN-OTT-30X22","10093","Ocean Collection",1020,0,1020,"100.00%"
"Ocean Ottoman 30 x 22 / White","FIN-OCN-OTT-30X22-WH","10094","Ocean Collection",1020,36.64,983.36,"96.41%"
"Ocean Ottoman 30 x 22 / Beige","FIN-OCN-OTT-30X22-BE","10095","Ocean Collection",1020,36.64,983.36,"96.41%"
"Ocean Ottoman 30 x 22 / Bone","FIN-OCN-OTT-30X22-BO","10096","Ocean Collection",1020,36.64,983.36,"96.41%"
"Ocean Ottoman 30 x 22 / Bronze","FIN-OCN-OTT-30X22-BR","10097","Ocean Collection",1020,36.64,983.36,"96.41%"
"Ocean Ottoman 42 x 22 / Black","FIN-OCN-OTT-42X22","10098","Ocean Collection",1260,0,1260,"100.00%"
"Ocean Ottoman 42 x 22 / White","FIN-OCN-OTT-42X22-WH","10099","Ocean Collection",1260,46.26,1213.74,"96.33%"
"Ocean Ottoman 42 x 22 / Beige","FIN-OCN-OTT-42X22-BE","10100","Ocean Collection",1260,46.26,1213.74,"96.33%"
"Ocean Ottoman 42 x 22 / Bone","FIN-OCN-OTT-42X22-BO","10101","Ocean Collection",1260,46.26,1213.74,"96.33%"
"Ocean Ottoman 42 x 22 / Bronze","FIN-OCN-OTT-42X22-BR","10102","Ocean Collection",1260,46.26,1213.74,"96.33%"
"Ocean Ottoman 60 x 22 / Black","FIN-OCN-OTT-60X22","10103","Ocean Collection",1500,0,1500,"100.00%"
"Ocean Ottoman 60 x 22 / White","FIN-OCN-OTT-60X22-WH","10104","Ocean Collection",1500,60.69,1439.31,"95.95%"
"Ocean Ottoman 60 x 22 / Beige","FIN-OCN-OTT-60X22-BE","10105","Ocean Collection",1500,60.69,1439.31,"95.95%"
"Ocean Ottoman 60 x 22 / Bone","FIN-OCN-OTT-60X22-BO","10106","Ocean Collection",1500,60.69,1439.31,"95.95%"
"Ocean Ottoman 60 x 22 / Bronze","FIN-OCN-OTT-60X22-BR","10107","Ocean Collection",1500,60.69,1439.31,"95.95%"
"Ocean Ottoman 72 x 22 / Black","FIN-OCN-OTT-72X22","10108","Ocean Collection",1740,0,1740,"100.00%"
"Ocean Ottoman 72 x 22 / White","FIN-OCN-OTT-72X22-WH","10109","Ocean Collection",1740,70.31,1669.69,"95.96%"
"Ocean Ottoman 72 x 22 / Beige","FIN-OCN-OTT-72X22-BE","10110","Ocean Collection",1740,70.31,1669.69,"95.96%"
"Ocean Ottoman 72 x 22 / Bone","FIN-OCN-OTT-72X22-BO","10111","Ocean Collection",1740,70.31,1669.69,"95.96%"
"Ocean Ottoman 72 x 22 / Bronze","FIN-OCN-OTT-72X22-BR","10112","Ocean Collection",1740,70.31,1669.69,"95.96%"
"Ocean Single Chaise Lounge / Black","FIN-OCN-SGL-CHS-36X79","10113","Ocean Collection",2700,0,2700,"100.00%"
"Ocean Single Chaise Lounge / White","FIN-OCN-SGL-CHS-36X79-WH","10114","Ocean Collection",2700,112.95,2587.05,"95.82%"
"Ocean Single Chaise Lounge / Beige","FIN-OCN-SGL-CHS-36X79-BE","10115","Ocean Collection",2700,112.95,2587.05,"95.82%"
"Ocean Single Chaise Lounge / Bone","FIN-OCN-SGL-CHS-36X79-BO","10116","Ocean Collection",2700,112.95,2587.05,"95.82%"
"Ocean Single Chaise Lounge / Bronze","FIN-OCN-SGL-CHS-36X79-BR","10117","Ocean Collection",2700,112.95,2587.05,"95.82%"
"Ocean Double Chaise Lounge / Black","FIN-OCN-DOU-CHS-58X79","10120","Ocean Collection",3960,0,3960,"100.00%"
"Ocean Double Chaise Lounge / White","FIN-OCN-DOU-CHS-58X79-WH","10121","Ocean Collection",3960,173.08,3786.92,"95.63%"
"Ocean Double Chaise Lounge / Beige","FIN-OCN-DOU-CHS-58X79-BE","10122","Ocean Collection",3960,173.08,3786.92,"95.63%"
"Ocean Double Chaise Lounge / Bone","FIN-OCN-DOU-CHS-58X79-BO","10123","Ocean Collection",3960,173.08,3786.92,"95.63%"
"Ocean Double Chaise Lounge / Bronze","FIN-OCN-DOU-CHS-58X79-BR","10124","Ocean Collection",3960,173.08,3786.92,"95.63%"
"Ocean Coffee Table 42 x 28 / Black","FIN-OCN-COF-TAB-42X28","10125","Ocean Collection",2520,13.07,2506.93,"99.48%"
"Ocean Coffee Table 42 x 28 / White","FIN-OCN-COF-TAB-42X28-WH","10126","Ocean Collection",2520,13.07,2506.93,"99.48%"
"Ocean Coffee Table 42 x 28 / Beige","FIN-OCN-COF-TAB-42X28-BE","10127","Ocean Collection",2520,13.07,2506.93,"99.48%"
"Ocean Coffee Table 42 x 28 / Bone","FIN-OCN-COF-TAB-42X28-BO","10128","Ocean Collection",2520,13.07,2506.93,"99.48%"
"Ocean Coffee Table 42 x 28 / Bronze","FIN-OCN-COF-TAB-42X28-BR","10129","Ocean Collection",2520,13.07,2506.93,"99.48%"
"Ocean Coffee Table 56 x 28 / Black","FIN-OCN-COF-TAB-56X28","10130","Ocean Collection",3000,13.07,2986.93,"99.56%"
"Ocean Coffee Table 56 x 28 / White","FIN-OCN-COF-TAB-56X28-WH","10131","Ocean Collection",3000,13.07,2986.93,"99.56%"
"Ocean Coffee Table 56 x 28 / Beige","FIN-OCN-COF-TAB-56X28-BE","10132","Ocean Collection",3000,13.07,2986.93,"99.56%"
"Ocean Coffee Table 56 x 28 / Bone","FIN-OCN-COF-TAB-56X28-BO","10133","Ocean Collection",3000,13.07,2986.93,"99.56%"
"Ocean Coffee Table 56 x 28 / Bronze","FIN-OCN-COF-TAB-56X28-BR","10134","Ocean Collection",3000,13.07,2986.93,"99.56%"
"Ocean Coffee Table 36 x 36 / Black","FIN-OCN-COF-TAB-36X36","10135","Ocean Collection",2760,0,2760,"100.00%"
"Ocean Coffee Table 36 x 36 / White","FIN-OCN-COF-TAB-36X36-WH","10136","Ocean Collection",2760,13.07,2746.93,"99.53%"
"Ocean Coffee Table 36 x 36 / Beige","FIN-OCN-COF-TAB-36X36-BE","10137","Ocean Collection",2760,13.07,2746.93,"99.53%"
"Ocean Coffee Table 36 x 36 / Bone","FIN-OCN-COF-TAB-36X36-BO","10138","Ocean Collection",2760,13.07,2746.93,"99.53%"
"Ocean Coffee Table 36 x 36 / Bronze","FIN-OCN-COF-TAB-36X36-BR","10139","Ocean Collection",2760,13.07,2746.93,"99.53%"
"Ocean Coffee Table 56 x 36 / Black","FIN-OCN-COF-TAB-56X36","10140","Ocean Collection",3240,13.07,3226.93,"99.60%"
"Ocean Coffee Table 56 x 36 / White","FIN-OCN-COF-TAB-56X36-WH","10141","Ocean Collection",3240,13.07,3226.93,"99.60%"
"Ocean Coffee Table 56 x 36 / Beige","FIN-OCN-COF-TAB-56X36-BE","10142","Ocean Collection",3240,13.07,3226.93,"99.60%"
"Ocean Coffee Table 56 x 36 / Bone","FIN-OCN-COF-TAB-56X36-BO","10143","Ocean Collection",3240,13.07,3226.93,"99.60%"
"Ocean Coffee Table 56 x 36 / Bronze","FIN-OCN-COF-TAB-56X36-BR","10144","Ocean Collection",3240,13.07,3226.93,"99.60%"
"Ocean Coffee Table 72 x 36 / Black","FIN-OCN-COF-TAB-72X36","10145","Ocean Collection",3840,13.07,3826.93,"99.66%"
"Ocean Coffee Table 72 x 36 / White","FIN-OCN-COF-TAB-72X36-WH","10146","Ocean Collection",3840,13.07,3826.93,"99.66%"
"Ocean Coffee Table 72 x 36 / Beige","FIN-OCN-COF-TAB-72X36-BE","10147","Ocean Collection",3840,13.07,3826.93,"99.66%"
"Ocean Coffee Table 72 x 36 / Bone","FIN-OCN-COF-TAB-72X36-BO","10148","Ocean Collection",3840,13.07,3826.93,"99.66%"
"Ocean Coffee Table 72 x 36 / Bronze","FIN-OCN-COF-TAB-72X36-BR","10149","Ocean Collection",3840,13.07,3826.93,"99.66%"
"Ocean Coffee Table 42 x 42 / Black","FIN-OCN-COF-TAB-42X42","10150","Ocean Collection",3120,0,3120,"100.00%"
"Ocean Coffee Table 42 x 42 / White","FIN-OCN-COF-TAB-42X42-WH","10151","Ocean Collection",3120,13.07,3106.93,"99.58%"
"Ocean Coffee Table 42 x 42 / Beige","FIN-OCN-COF-TAB-42X42-BE","10152","Ocean Collection",3120,13.07,3106.93,"99.58%"
"Ocean Coffee Table 42 x 42 / Bone","FIN-OCN-COF-TAB-42X42-BO","10153","Ocean Collection",3120,13.07,3106.93,"99.58%"
"Ocean Coffee Table 42 x 42 / Bronze","FIN-OCN-COF-TAB-42X42-BR","10154","Ocean Collection",3120,13.07,3106.93,"99.58%"
"Ocean Coffee Table 56 x 42 / Black","FIN-OCN-COF-TAB-56X42","10155","Ocean Collection",3480,13.07,3466.93,"99.62%"
"Ocean Coffee Table 56 x 42 / White","FIN-OCN-COF-TAB-56X42-WH","10156","Ocean Collection",3480,13.07,3466.93,"99.62%"
"Ocean Coffee Table 56 x 42 / Beige","FIN-OCN-COF-TAB-56X42-BE","10157","Ocean Collection",3480,13.07,3466.93,"99.62%"
"Ocean Coffee Table 56 x 42 / Bone","FIN-OCN-COF-TAB-56X42-BO","10158","Ocean Collection",3480,13.07,3466.93,"99.62%"
"Ocean Coffee Table 56 x 42 / Bronze","FIN-OCN-COF-TAB-56X42-BR","10159","Ocean Collection",3480,13.07,3466.93,"99.62%"
"Ocean Coffee Table 72 x 42 / Black","FIN-OCN-COF-TAB-72X42","10160","Ocean Collection",4200,13.07,4186.93,"99.69%"
"Ocean Coffee Table 72 x 42 / White","FIN-OCN-COF-TAB-72X42-WH","10161","Ocean Collection",4200,13.07,4186.93,"99.69%"
"Ocean Coffee Table 72 x 42 / Beige","FIN-OCN-COF-TAB-72X42-BE","10162","Ocean Collection",4200,13.07,4186.93,"99.69%"
"Ocean Coffee Table 72 x 42 / Bone","FIN-OCN-COF-TAB-72X42-BO","10163","Ocean Collection",4200,13.07,4186.93,"99.69%"
"Ocean Coffee Table 72 x 42 / Bronze","FIN-OCN-COF-TAB-72X42-BR","10164","Ocean Collection",4200,13.07,4186.93,"99.69%"
"Ocean Coffee Table 56 x 56 / Black","FIN-OCN-COF-TAB-56X56","10165","Ocean Collection",4560,0,4560,"100.00%"
"Ocean Coffee Table 56 x 56 / White","FIN-OCN-COF-TAB-56X56-WH","10166","Ocean Collection",4560,13.07,4546.93,"99.71%"
"Ocean Coffee Table 56 x 56 / Beige","FIN-OCN-COF-TAB-56X56-BE","10167","Ocean Collection",4560,13.07,4546.93,"99.71%"
"Ocean Coffee Table 56 x 56 / Bone","FIN-OCN-COF-TAB-56X56-BO","10168","Ocean Collection",4560,13.07,4546.93,"99.71%"
"Ocean Coffee Table 56 x 56 / Bronze","FIN-OCN-COF-TAB-56X56-BR","10169","Ocean Collection",4560,13.07,4546.93,"99.71%"
"Ocean Coffee Table 72 x 56 / Black","FIN-OCN-COF-TAB-72X56","10170","Ocean Collection",5400,13.07,5386.93,"99.76%"
"Ocean Coffee Table 72 x 56 / White","FIN-OCN-COF-TAB-72X56-WH","10171","Ocean Collection",5400,13.07,5386.93,"99.76%"
"Ocean Coffee Table 72 x 56 / Beige","FIN-OCN-COF-TAB-72X56-BE","10172","Ocean Collection",5400,13.07,5386.93,"99.76%"
"Ocean Coffee Table 72 x 56 / Bone","FIN-OCN-COF-TAB-72X56-BO","10173","Ocean Collection",5400,13.07,5386.93,"99.76%"
"Ocean Coffee Table 72 x 56 / Bronze","FIN-OCN-COF-TAB-72X56-BR","10174","Ocean Collection",5400,13.07,5386.93,"99.76%"
"Ocean Swivel Chair / Black / Yes","FIN-OCN-SWV-CHA","10178","Ocean Collection",0,897.76,-897.76,
"Ocean Swivel Chair / Black / No","FIN-OCN-SWV-CHA-BL-N","10179","Ocean Collection",0,13.07,-13.07,
"Ocean Swivel Chair / White / Yes","FIN-OCN-SWV-CHA-WH-Y","10180","Ocean Collection",0,13.07,-13.07,
"Ocean Swivel Chair / White / No","FIN-OCN-SWV-CHA-WH-N","10181","Ocean Collection",0,13.07,-13.07,
"Ocean Swivel Chair / Bronze / Yes","FIN-OCN-SWV-CHA-BR-Y","10182","Ocean Collection",0,13.07,-13.07,
"Ocean Swivel Chair / Bronze / No","FIN-OCN-SWV-CHA-BR-N","10183","Ocean Collection",0,13.07,-13.07,
"Ocean Swivel Chair / Beige / Yes","FIN-OCN-SWV-CHA-BE-Y","10184","Ocean Collection",0,13.07,-13.07,
"Ocean Swivel Chair / Beige / No","FIN-OCN-SWV-CHA-BE-N","10185","Ocean Collection",0,13.07,-13.07,
"Ocean Swivel Chair / Bone / Yes","FIN-OCN-SWV-CHA-BO-Y","10186","Ocean Collection",0,13.07,-13.07,
"Ocean Swivel Chair / Bone / No","FIN-OCN-SWV-CHA-BO-N","10187","Ocean Collection",0,13.07,-13.07,
"Ocean Swivel Chair / Grey / Yes","FIN-OCN-SWV-CHA-GR-Y","10188","Ocean Collection",0,13.07,-13.07,
"Ocean Swivel Chair / Grey / No","FIN-OCN-SWV-CHA-GR-N","10189","Ocean Collection",0,13.07,-13.07,
"Ocean Side Table 20 x 20 / White","FIN-OCN-SID-TAB-20X20-WH","10190","Ocean Collection",0,13.07,-13.07,
"Ocean Side Table 20 x 20 / Black","FIN-OCN-SID-TAB-20X20","10191","Ocean Collection",0,0,0,
"Ocean Side Table 20 x 20 / Bronze","FIN-OCN-SID-TAB-20X20-BR","10192","Ocean Collection",0,13.07,-13.07,
"Ocean Side Table 20 x 20 / Beige","FIN-OCN-SID-TAB-20X20-BE","10193","Ocean Collection",0,13.07,-13.07,
"Ocean Side Table 20 x 20 / Bone","FIN-OCN-SID-TAB-20X20-BO","10194","Ocean Collection",0,13.07,-13.07,
"Ocean Side Table 20 x 20 / Grey","FIN-OCN-SID-TAB-20X20-GR","10195","Ocean Collection",0,13.07,-13.07,
"Ocean Round Side table 36 / black","FIN-OCN-SID-TAB-36X36","10196","Ocean Collection",0,13.07,-13.07,
"Ocean Round Side table 36 / white","FIN-OCN-SID-TAB-36X36-WH","10197","Ocean Collection",0,13.07,-13.07,
"Ocean Round Side table 36 / bronze","FIN-OCN-SID-TAB-36X36-BR","10198","Ocean Collection",0,13.07,-13.07,
"Ocean Round Side table 36 / beige","FIN-OCN-SID-TAB-36X36-BE","10199","Ocean Collection",0,13.07,-13.07,
"Ocean Round Side table 36 / bone","FIN-OCN-SID-TAB-36X36-BO","10200","Ocean Collection",0,13.07,-13.07,
"Ocean Round Side table 36 / grey","FIN-OCN-SID-TAB-36X36-GR","10201","Ocean Collection",0,13.07,-13.07,
"Ocean Round Side Table 42 / black","FIN-OCN-SID-TAB-42","10202","Ocean Collection",0,13.07,-13.07,
"Ocean Round Side Table 42 / white","FIN-OCN-SID-TAB-42-WH","10203","Ocean Collection",0,13.07,-13.07,
"Ocean Round Side Table 42 / bronze","FIN-OCN-SID-TAB-42-BR","10204","Ocean Collection",0,13.07,-13.07,
"Ocean Round Side Table 42 / bone","FIN-OCN-SID-TAB-42-BO","10205","Ocean Collection",0,13.07,-13.07,
"Ocean Round Side Table 42 / beige","FIN-OCN-SID-TAB-42-BE","10206","Ocean Collection",0,13.07,-13.07,
"Ocean Round Side Table 42 / grey","FIN-OCN-SID-TAB-42-GR","10207","Ocean Collection",0,13.07,-13.07,
"Bravada Club Chair / black","FIN-BRV-CLB-CHA","10208","Bravada Collection",0,343.58,-343.58,
"Bravada Club Chair / white","FIN-BRV-CLB-CHA-WH","10209","Bravada Collection",0,343.58,-343.58,
"Bravada Club Chair / bronze","FIN-BRV-CLB-CHA-BR","10210","Bravada Collection",0,343.58,-343.58,
"Bravada Club Chair / beige","FIN-BRV-CLB-CHA-BE","10211","Bravada Collection",0,343.58,-343.58,
"Bravada Club Chair / bone","FIN-BRV-CLB-CHA-BO","10212","Bravada Collection",0,343.58,-343.58,
"Bravada Club Chair / grey","FIN-BRV-CLB-CHA-GR","10213","Bravada Collection",0,343.58,-343.58,
"Bravada Swivel Chair / black","FIN-BRV-SWV-CHA","10214","Bravada Collection",0,0,0,
"Bravada Swivel Chair / white","FIN-BRV-SWV-CHA-WH","10215","Bravada Collection",0,13.07,-13.07,
"Bravada Swivel Chair / bronze","FIN-BRV-SWV-CHA-BR","10216","Bravada Collection",0,13.07,-13.07,
"Bravada Swivel Chair / beige","FIN-BRV-SWV-CHA-BE","10217","Bravada Collection",0,13.07,-13.07,
"Bravada Swivel Chair / bone","FIN-BRV-SWV-CHA-BO","10218","Bravada Collection",0,13.07,-13.07,
"Bravada Swivel Chair / grey","FIN-BRV-SWV-CHA-GR","10219","Bravada Collection",0,13.07,-13.07,
"Bravada Mini Loveseat / black","FIN-BRV-MIN-LOV-48X34","10220","Bravada Collection",0,0,0,
"Bravada Mini Loveseat / white","FIN-BRV-MIN-LOV-48X34-WH","10221","Bravada Collection",0,227.78,-227.78,
"Bravada Mini Loveseat / bronze","FIN-BRV-MIN-LOV-48X34-BR","10222","Bravada Collection",0,227.78,-227.78,
"Bravada Mini Loveseat / beige","FIN-BRV-MIN-LOV-48X34-BE","10223","Bravada Collection",0,227.78,-227.78,
"Bravada Mini Loveseat / bone","FIN-BRV-MIN-LOV-48X34-BO","10224","Bravada Collection",0,227.78,-227.78,
"Bravada Mini Loveseat / grey","FIN-BRV-MIN-LOV-48X34-GR","10225","Bravada Collection",0,227.78,-227.78,
"Bravada Loveseat / black","FIN-BRV-LOV-SOF-60X34","10226","Bravada Collection",0,0,0,
"Bravada Loveseat / white","FIN-BRV-LOV-SOF-60X34-WH","10227","Bravada Collection",0,254.65,-254.65,
"Bravada Loveseat / bronze","FIN-BRV-LOV-SOF-60X34-BR","10228","Bravada Collection",0,254.65,-254.65,
"Bravada Loveseat / beige","FIN-BRV-LOV-SOF-60X34-BE","10229","Bravada Collection",0,254.65,-254.65,
"Bravada Loveseat / bone","FIN-BRV-LOV-SOF-60X34-BO","10230","Bravada Collection",0,254.65,-254.65,
"Bravada Loveseat / grey","FIN-BRV-LOV-SOF-60X34-GR","10231","Bravada Collection",0,254.65,-254.65,
"Bravada Sofa 72 / black","FIN-BRV-SOF-72X34","10232","Bravada Collection",0,0,0,
"Bravada Sofa 72 / whtie","FIN-BRV-SOF-72X34-WH","10233","Bravada Collection",0,13.07,-13.07,
"Bravada Sofa 72 / bronze","FIN-BRV-SOF-72X34-BR","10234","Bravada Collection",0,13.07,-13.07,
"Bravada Sofa 72 / beige","FIN-BRV-SOF-72X34-BE","10235","Bravada Collection",0,13.07,-13.07,
"Bravada Sofa 72 / bone","FIN-BRV-SOF-72X34-BO","10236","Bravada Collection",0,13.07,-13.07,
"Bravada Sofa 72 / grey","FIN-BRV-SOF-72X34-GR","10237","Bravada Collection",0,13.07,-13.07,
"Bravada Sofa 84 / black","FIN-BRV-SOF-84X34","10238","Bravada Collection",0,0,0,
"Bravada Sofa 84 / white","FIN-BRV-SOF-84X34-WH","10239","Bravada Collection",0,13.07,-13.07,
"Bravada Sofa 84 / bronze","FIN-BRV-SOF-84X34-BR","10240","Bravada Collection",0,13.07,-13.07,
"Bravada Sofa 84 / beige","FIN-BRV-SOF-84X34-BE","10241","Bravada Collection",0,13.07,-13.07,
"Bravada Sofa 84 / bone","FIN-BRV-SOF-84X34-BO","10242","Bravada Collection",0,13.07,-13.07,
"Bravada Sofa 84 / grey","FIN-BRV-SOF-84X34-GR","10243","Bravada Collection",0,13.07,-13.07,
"Bravada Sofa 96 / black","FIN-BRV-SOF-96X34","10244","Bravada Collection",0,0,0,
"Bravada Sofa 96 / white","FIN-BRV-SOF-96X34-WH","10245","Bravada Collection",0,13.07,-13.07,
"Bravada Sofa 96 / bronze","FIN-BRV-SOF-96X34-BR","10246","Bravada Collection",0,13.07,-13.07,
"Bravada Sofa 96 / beige","FIN-BRV-SOF-96X34-BE","10247","Bravada Collection",0,13.07,-13.07,
"Bravada Sofa 96 / bone","FIN-BRV-SOF-96X34-BO","10248","Bravada Collection",0,13.07,-13.07,
"Bravada Sofa 96 / grey","FIN-BRV-SOF-96X34-GR","10249","Bravada Collection",0,13.07,-13.07,
"Bravada Armless Loveseat / black","FIN-BRV-ARM-LOV-60","10250","Bravada Collection",0,0,0,
"Bravada Armless Loveseat / white","FIN-BRV-ARM-LOV-60-WH","10251","Bravada Collection",0,13.07,-13.07,
"Bravada Armless Loveseat / bronze","FIN-BRV-ARM-LOV-60-BR","10252","Bravada Collection",0,13.07,-13.07,
"Bravada Armless Loveseat / beige","FIN-BRV-ARM-LOV-60-BE","10253","Bravada Collection",0,13.07,-13.07,
"Bravada Armless Loveseat / bone","FIN-BRV-ARM-LOV-60-BO","10254","Bravada Collection",0,13.07,-13.07,
"Bravada Armless Loveseat / grey","FIN-BRV-ARM-LOV-60-GR","10255","Bravada Collection",0,13.07,-13.07,
"Bravada Armless Sofa 72 / black","FIN-BRV-ARM-SOF-72","10256","Bravada Collection",0,13.07,-13.07,
"Bravada Armless Sofa 72 / white","FIN-BRV-ARM-SOF-72-WH","10257","Bravada Collection",0,13.07,-13.07,
"Bravada Armless Sofa 72 / bronze","FIN-BRV-ARM-SOF-72-BR","10258","Bravada Collection",0,13.07,-13.07,
"Bravada Armless Sofa 72 / beige","FIN-BRV-ARM-SOF-72-BE","10259","Bravada Collection",0,13.07,-13.07,
"Bravada Armless Sofa 72 / bone","FIN-BRV-ARM-SOF-72-BO","10260","Bravada Collection",0,13.07,-13.07,
"Bravada Armless Sofa 72 / grey","FIN-BRV-ARM-SOF-72-GR","10261","Bravada Collection",0,13.07,-13.07,
"Bravada Armless Sofa 84 / black","FIN-BRV-ARM-SOF-84","10262","Bravada Collection",0,13.07,-13.07,
"Bravada Armless Sofa 84 / white","FIN-BRV-ARM-SOF-84-WH","10263","Bravada Collection",0,13.07,-13.07,
"Bravada Armless Sofa 84 / bronze","FIN-BRV-ARM-SOF-84-BR","10264","Bravada Collection",0,13.07,-13.07,
"Bravada Armless Sofa 84 / beige","FIN-BRV-ARM-SOF-84-BE","10265","Bravada Collection",0,13.07,-13.07,
"Bravada Armless Sofa 84 / bone","FIN-BRV-ARM-SOF-84-BO","10266","Bravada Collection",0,13.07,-13.07,
"Bravada Armless Sofa 84 / grey","FIN-BRV-ARM-SOF-84-GR","10267","Bravada Collection",0,13.07,-13.07,
"Bravada Armless Sofa 96 / black","FIN-BRV-ARM-SOF-96","10268","Bravada Collection",0,13.07,-13.07,
"Bravada Armless Sofa 96 / white","FIN-BRV-ARM-SOF-96-WH","10269","Bravada Collection",0,13.07,-13.07,
"Bravada Armless Sofa 96 / bronze","FIN-BRV-ARM-SOF-96-BR","10270","Bravada Collection",0,13.07,-13.07,
"Bravada Armless Sofa 96 / beige","FIN-BRV-ARM-SOF-96-BE","10271","Bravada Collection",0,13.07,-13.07,
"Bravada Armless Sofa 96 / bone","FIN-BRV-ARM-SOF-96-BO","10272","Bravada Collection",0,13.07,-13.07,
"Bravada Armless Sofa 96 / grey","FIN-BRV-ARM-SOF-96-GR","10273","Bravada Collection",0,13.07,-13.07,
"Bravada Corner Sofa 72 / Left side / black","FIN-BRV-COR-SOF-72X34-LS","10274","Bravada Collection",0,13.07,-13.07,
"Bravada Corner Sofa 72 / Left side / white","FIN-BRV-COR-SOF-72X34-LS-WH","10275","Bravada Collection",0,13.07,-13.07,
"Bravada Corner Sofa 72 / Left side / bronze","FIN-BRV-COR-SOF-72X34-LS-BR","10276","Bravada Collection",0,13.07,-13.07,
"Bravada Corner Sofa 72 / Left side / beige","FIN-BRV-COR-SOF-72X34-LS-BE","10277","Bravada Collection",0,13.07,-13.07,
"Bravada Corner Sofa 72 / Left side / bone","FIN-BRV-COR-SOF-72X34-LS-BO","10278","Bravada Collection",0,13.07,-13.07,
"Bravada Corner Sofa 72 / Left side / grey","FIN-BRV-COR-SOF-72X34-LS-GR","10279","Bravada Collection",0,13.07,-13.07,
"Bravada Corner Sofa 72 / Right side / black","FIN-BRV-COR-SOF-72X34-RS","10280","Bravada Collection",0,13.07,-13.07,
"Bravada Corner Sofa 72 / Right side / white","FIN-BRV-COR-SOF-72X34-RS-WH","10281","Bravada Collection",0,13.07,-13.07,
"Bravada Corner Sofa 72 / Right side / bronze","FIN-BRV-COR-SOF-72X34-RS-BR","10282","Bravada Collection",0,13.07,-13.07,
"Bravada Corner Sofa 72 / Right side / beige","FIN-BRV-COR-SOF-72X34-RS-BE","10283","Bravada Collection",0,13.07,-13.07,
"Bravada Corner Sofa 72 / Right side / bone","FIN-BRV-COR-SOF-72X34-RS-BO","10284","Bravada Collection",0,13.07,-13.07,
"Bravada Corner Sofa 72 / Right side / grey","FIN-BRV-COR-SOF-72X34-RS-GR","10285","Bravada Collection",0,13.07,-13.07,
"Bravada Corner Sofa 84 / Left side / black","FIN-BRV-COR-SOF-84X34-LS","10286","Bravada Collection",0,13.07,-13.07,
"Bravada Corner Sofa 84 / Left side / white","FIN-BRV-COR-SOF-84X34-LS-WH","10287","Bravada Collection",0,13.07,-13.07,
"Bravada Corner Sofa 84 / Left side / bronze","FIN-BRV-COR-SOF-84X34-LS-BR","10288","Bravada Collection",0,13.07,-13.07,
"Bravada Corner Sofa 84 / Left side / beige","FIN-BRV-COR-SOF-84X34-LS-BE","10289","Bravada Collection",0,13.07,-13.07,
"Bravada Corner Sofa 84 / Left side / bone","FIN-BRV-COR-SOF-84X34-LS-BO","10290","Bravada Collection",0,13.07,-13.07,
"Bravada Corner Sofa 84 / Left side / grey","FIN-BRV-COR-SOF-84X34-LS-GR","10291","Bravada Collection",0,13.07,-13.07,
"Bravada Corner Sofa 84 / Right side / black","FIN-BRV-COR-SOF-84X34-RS","10292","Bravada Collection",0,13.07,-13.07,
"Bravada Corner Sofa 84 / Right side / white","FIN-BRV-COR-SOF-84X34-RS-WH","10293","Bravada Collection",0,13.07,-13.07,
"Bravada Corner Sofa 84 / Right side / bronze","FIN-BRV-COR-SOF-84X34-RS-BR","10294","Bravada Collection",0,13.07,-13.07,
"Bravada Corner Sofa 84 / Right side / beige","FIN-BRV-COR-SOF-84X34-RS-BE","10295","Bravada Collection",0,13.07,-13.07,
"Bravada Corner Sofa 84 / Right side / bone","FIN-BRV-COR-SOF-84X34-RS-BO","10296","Bravada Collection",0,13.07,-13.07,
"Bravada Corner Sofa 84 / Right side / grey","FIN-BRV-COR-SOF-84X34-RS-GR","10297","Bravada Collection",0,13.07,-13.07,
"Bravada Corner Sofa 96 / Left side / black","FIN-BRV-COR-SOF-96X34-LS","10298","Bravada Collection",0,13.07,-13.07,
"Bravada Corner Sofa 96 / Left side / white","FIN-BRV-COR-SOF-96X34-LS-WH","10299","Bravada Collection",0,13.07,-13.07,
"Bravada Corner Sofa 96 / Left side / bronze","FIN-BRV-COR-SOF-96X34-LS-BR","10300","Bravada Collection",0,13.07,-13.07,
"Bravada Corner Sofa 96 / Left side / beige","FIN-BRV-COR-SOF-96X34-LS-BE","10301","Bravada Collection",0,13.07,-13.07,
"Bravada Corner Sofa 96 / Left side / bone","FIN-BRV-COR-SOF-96X34-LS-BO","10302","Bravada Collection",0,13.07,-13.07,
"Bravada Corner Sofa 96 / Left side / grey","FIN-BRV-COR-SOF-96X34-LS-GR","10303","Bravada Collection",0,13.07,-13.07,
"Bravada Corner Sofa 96 / Right side / black","FIN-BRV-COR-SOF-96X34-RS","10304","Bravada Collection",0,13.07,-13.07,
"Bravada Corner Sofa 96 / Right side / white","FIN-BRV-COR-SOF-96X34-RS-WH","10305","Bravada Collection",0,13.07,-13.07,
"Bravada Corner Sofa 96 / Right side / bronze","FIN-BRV-COR-SOF-96X34-RS-BR","10306","Bravada Collection",0,13.07,-13.07,
"Bravada Corner Sofa 96 / Right side / beige","FIN-BRV-COR-SOF-96X34-RS-BE","10307","Bravada Collection",0,13.07,-13.07,
"Bravada Corner Sofa 96 / Right side / bone","FIN-BRV-COR-SOF-96X34-RS-BO","10308","Bravada Collection",0,13.07,-13.07,
"Bravada Corner Sofa 96 / Right side / grey","FIN-BRV-COR-SOF-96X34-RS-GR","10309","Bravada Collection",0,13.07,-13.07,
"Bravada Chaise 34 X 72 / Left side / black","FIN-BRV-CHS-34X72-LS","10310","Bravada Collection",0,13.07,-13.07,
"Bravada Chaise 34 X 72 / Left side / white","FIN-BRV-CHS-34X72-LS-WH","10311","Bravada Collection",0,13.07,-13.07,
"Bravada Chaise 34 X 72 / Left side / bronze","FIN-BRV-CHS-34X72-LS-BR","10312","Bravada Collection",0,13.07,-13.07,
"Bravada Chaise 34 X 72 / Left side / beige","FIN-BRV-CHS-34X72-LS-BE","10313","Bravada Collection",0,13.07,-13.07,
"Bravada Chaise 34 X 72 / Left side / bone","FIN-BRV-CHS-34X72-LS-BO","10314","Bravada Collection",0,13.07,-13.07,
"Bravada Chaise 34 X 72 / Left side / grey","FIN-BRV-CHS-34X72-LS-GR","10315","Bravada Collection",0,13.07,-13.07,
"Bravada Chaise 34 X 72 / Right side / black","FIN-BRV-CHS-34X72-RS","10316","Bravada Collection",0,13.07,-13.07,
"Bravada Chaise 34 X 72 / Right side / white","FIN-BRV-CHS-34X72-RS-WH","10317","Bravada Collection",0,13.07,-13.07,
"Bravada Chaise 34 X 72 / Right side / bronze","FIN-BRV-CHS-34X72-RS-BR","10318","Bravada Collection",0,13.07,-13.07,
"Bravada Chaise 34 X 72 / Right side / beige","FIN-BRV-CHS-34X72-RS-BE","10319","Bravada Collection",0,13.07,-13.07,
"Bravada Chaise 34 X 72 / Right side / bone","FIN-BRV-CHS-34X72-RS-BO","10320","Bravada Collection",0,13.07,-13.07,
"Bravada Chaise 34 X 72 / Right side / grey","FIN-BRV-CHS-34X72-RS-GR","10321","Bravada Collection",0,13.07,-13.07,
"Bravada Chaise 42X72 / Left side / black","FIN-BRV-CHS-42X72-LS","10322","Bravada Collection",0,13.07,-13.07,
"Bravada Chaise 42X72 / Left side / white","FIN-BRV-CHS-42X72-LS-WH","10323","Bravada Collection",0,13.07,-13.07,
"Bravada Chaise 42X72 / Left side / bronze","FIN-BRV-CHS-42X72-LS-BR","10324","Bravada Collection",0,13.07,-13.07,
"Bravada Chaise 42X72 / Left side / beige","FIN-BRV-CHS-42X72-LS-BE","10325","Bravada Collection",0,13.07,-13.07,
"Bravada Chaise 42X72 / Left side / bone","FIN-BRV-CHS-42X72-LS-BO","10326","Bravada Collection",0,13.07,-13.07,
"Bravada Chaise 42X72 / Left side / grey","FIN-BRV-CHS-42X72-LS-GR","10327","Bravada Collection",0,13.07,-13.07,
"Bravada Chaise 42X72 / Right side / black","FIN-BRV-CHS-42X72-RS","10328","Bravada Collection",0,13.07,-13.07,
"Bravada Chaise 42X72 / Right side / white","FIN-BRV-CHS-42X72-RS-WH","10329","Bravada Collection",0,13.07,-13.07,
"Bravada Chaise 42X72 / Right side / bronze","FIN-BRV-CHS-42X72-RS-BR","10330","Bravada Collection",0,13.07,-13.07,
"Bravada Chaise 42X72 / Right side / beige","FIN-BRV-CHS-42X72-RS-BE","10331","Bravada Collection",0,13.07,-13.07,
"Bravada Chaise 42X72 / Right side / bone","FIN-BRV-CHS-42X72-RS-BO","10332","Bravada Collection",0,13.07,-13.07,
"Bravada Chaise 42X72 / Right side / grey","FIN-BRV-CHS-42X72-RS-GR","10333","Bravada Collection",0,13.07,-13.07,
"Bravada Chaise 34 X 84 / Left side / black","FIN-BRV-CHS-34X84-LS","10334","Bravada Collection",0,13.07,-13.07,
"Bravada Chaise 34 X 84 / Left side / white","FIN-BRV-CHS-34X84-LS-WH","10335","Bravada Collection",0,13.07,-13.07,
"Bravada Chaise 34 X 84 / Left side / bronze","FIN-BRV-CHS-34X84-LS-BR","10336","Bravada Collection",0,13.07,-13.07,
"Bravada Chaise 34 X 84 / Left side / beige","FIN-BRV-CHS-34X84-LS-BE","10337","Bravada Collection",0,13.07,-13.07,
"Bravada Chaise 34 X 84 / Left side / bone","FIN-BRV-CHS-34X84-LS-BO","10338","Bravada Collection",0,13.07,-13.07,
"Bravada Chaise 34 X 84 / Left side / grey","FIN-BRV-CHS-34X84-LS-GR","10339","Bravada Collection",0,13.07,-13.07,
"Bravada Chaise 34 X 84 / Right side / black","FIN-BRV-CHS-34X84-RS","10340","Bravada Collection",0,13.07,-13.07,
"Bravada Chaise 34 X 84 / Right side / white","FIN-BRV-CHS-34X84-RS-WH","10341","Bravada Collection",0,13.07,-13.07,
"Bravada Chaise 34 X 84 / Right side / bronze","FIN-BRV-CHS-34X84-RS-BR","10342","Bravada Collection",0,13.07,-13.07,
"Bravada Chaise 34 X 84 / Right side / beige","FIN-BRV-CHS-34X84-RS-BE","10343","Bravada Collection",0,13.07,-13.07,
"Bravada Chaise 34 X 84 / Right side / bone","FIN-BRV-CHS-34X84-RS-BO","10344","Bravada Collection",0,13.07,-13.07,
"Bravada Chaise 34 X 84 / Right side / grey","FIN-BRV-CHS-34X84-RS-GR","10345","Bravada Collection",0,13.07,-13.07,
"Bravada Chaise 42 X 84 / Left side / black","FIN-BRV-CHS-42X84-LS","10346","Bravada Collection",0,13.07,-13.07,
"Bravada Chaise 42 X 84 / Left side / white","FIN-BRV-CHS-42X84-LS-WH","10347","Bravada Collection",0,13.07,-13.07,
"Bravada Chaise 42 X 84 / Left side / bronze","FIN-BRV-CHS-42X84-LS-BR","10348","Bravada Collection",0,13.07,-13.07,
"Bravada Chaise 42 X 84 / Left side / beige","FIN-BRV-CHS-42X84-LS-BE","10349","Bravada Collection",0,13.07,-13.07,
"Bravada Chaise 42 X 84 / Left side / bone","FIN-BRV-CHS-42X84-LS-BO","10350","Bravada Collection",0,13.07,-13.07,
"Bravada Chaise 42 X 84 / Left side / grey","FIN-BRV-CHS-42X84-LS-GR","10351","Bravada Collection",0,13.07,-13.07,
"Bravada Chaise 42 X 84 / Right side / black","FIN-BRV-CHS-42X84-RS","10352","Bravada Collection",0,13.07,-13.07,
"Bravada Chaise 42 X 84 / Right side / white","FIN-BRV-CHS-42X84-RS-WH","10353","Bravada Collection",0,13.07,-13.07,
"Bravada Chaise 42 X 84 / Right side / bronze","FIN-BRV-CHS-42X84-RS-BR","10354","Bravada Collection",0,13.07,-13.07,
"Bravada Chaise 42 X 84 / Right side / beige","FIN-BRV-CHS-42X84-RS-BE","10355","Bravada Collection",0,13.07,-13.07,
"Bravada Chaise 42 X 84 / Right side / bone","FIN-BRV-CHS-42X84-RS-BO","10356","Bravada Collection",0,13.07,-13.07,
"Bravada Chaise 42 X 84 / Right side / grey","FIN-BRV-CHS-42X84-RS-GR","10357","Bravada Collection",0,13.07,-13.07,
"Bravada Chaise Lounge Single / Yes / black","FIN-BRV-SGL-CHS-30X79","10358","Bravada Collection",0,13.07,-13.07,
"Bravada Chaise Lounge Single / Yes / white","FIN-BRV-SGL-CHS-30X79-WH","10359","Bravada Collection",0,13.07,-13.07,
"Bravada Chaise Lounge Single / Yes / bronze","FIN-BRV-SGL-CHS-30X79-BR","10360","Bravada Collection",0,13.07,-13.07,
"Bravada Chaise Lounge Single / Yes / beige","FIN-BRV-SGL-CHS-30X79-BE","10361","Bravada Collection",0,13.07,-13.07,
"Bravada Chaise Lounge Single / Yes / bone","FIN-BRV-SGL-CHS-30X79-BO","10362","Bravada Collection",0,13.07,-13.07,
"Bravada Chaise Lounge Single / Yes / grey","FIN-BRV-SGL-CHS-30X79-GR","10363","Bravada Collection",0,13.07,-13.07,
"Bravada Chaise Lounge Single / No / black","FIN-BRV-SGL-CHS-30X79-NOARM","10364","Bravada Collection",0,13.07,-13.07,
"Bravada Chaise Lounge Single / No / white","FIN-BRV-SGL-CHS-30X79-NOARM-WH","10365","Bravada Collection",0,13.07,-13.07,
"Bravada Chaise Lounge Single / No / bronze","FIN-BRV-SGL-CHS-30X79-NOARM-BR","10366","Bravada Collection",0,13.07,-13.07,
"Bravada Chaise Lounge Single / No / beige","FIN-BRV-SGL-CHS-30X79-NOARM-BE","10367","Bravada Collection",0,13.07,-13.07,
"Bravada Chaise Lounge Single / No / bone","FIN-BRV-SGL-CHS-30X79-NOARM-BO","10368","Bravada Collection",0,13.07,-13.07,
"Bravada Chaise Lounge Single / No / grey","FIN-BRV-SGL-CHS-30X79-NOARM-GR","10369","Bravada Collection",0,13.07,-13.07,
"Bravada Chaise Lounge Double / Yes / black","FIN-BRV-DOU-CHS-58X79","10370","Bravada Collection",0,13.07,-13.07,
"Bravada Chaise Lounge Double / Yes / white","FIN-BRV-DOU-CHS-58X79-WH","10371","Bravada Collection",0,13.07,-13.07,
"Bravada Chaise Lounge Double / Yes / bronze","FIN-BRV-DOU-CHS-58X79-BR","10372","Bravada Collection",0,13.07,-13.07,
"Bravada Chaise Lounge Double / Yes / beige","FIN-BRV-DOU-CHS-58X79-BE","10373","Bravada Collection",0,13.07,-13.07,
"Bravada Chaise Lounge Double / Yes / bone","FIN-BRV-DOU-CHS-58X79-BO","10374","Bravada Collection",0,13.07,-13.07,
"Bravada Chaise Lounge Double / Yes / grey","FIN-BRV-DOU-CHS-58X79-GR","10375","Bravada Collection",0,13.07,-13.07,
"Bravada Chaise Lounge Double / No / black","FIN-BRV-DOU-CHS-58X79-NOARM","10376","Bravada Collection",0,13.07,-13.07,
"Bravada Chaise Lounge Double / No / white","FIN-BRV-DOU-CHS-58X79-NOARM-WH","10377","Bravada Collection",0,13.07,-13.07,
"Bravada Chaise Lounge Double / No / bronze","FIN-BRV-DOU-CHS-58X79-NOARM-BR","10378","Bravada Collection",0,13.07,-13.07,
"Bravada Chaise Lounge Double / No / beige","FIN-BRV-DOU-CHS-58X79-NOARM-BE","10379","Bravada Collection",0,13.07,-13.07,
"Bravada Chaise Lounge Double / No / bone","FIN-BRV-DOU-CHS-58X79-NOARM-BO","10380","Bravada Collection",0,13.07,-13.07,
"Bravada Chaise Lounge Double / No / grey","FIN-BRV-DOU-CHS-58X79-NOARM-GR","10381","Bravada Collection",0,13.07,-13.07,
"Bravada Daybed 72 / black","FIN-BRV-DYB-72X72","10382","Bravada Collection",0,0,0,
"Bravada Daybed 72 / white","FIN-BRV-DYB-72X72-WH","10383","Bravada Collection",0,13.07,-13.07,
"Bravada Daybed 72 / bronze","FIN-BRV-DYB-72X72-BR","10384","Bravada Collection",0,13.07,-13.07,
"Bravada Daybed 72 / beige","FIN-BRV-DYB-72X72-BE","10385","Bravada Collection",0,13.07,-13.07,
"Bravada Daybed 72 / bone","FIN-BRV-DYB-72X72-BO","10386","Bravada Collection",0,13.07,-13.07,
"Bravada Daybed 72 / grey","FIN-BRV-DYB-72X72-GR","10387","Bravada Collection",0,13.07,-13.07,
"Bravada Daybed 78 / black","FIN-BRV-DYB-78X72","10388","Bravada Collection",0,13.07,-13.07,
"Bravada Daybed 78 / white","FIN-BRV-DYB-78X72-WH","10389","Bravada Collection",0,13.07,-13.07,
"Bravada Daybed 78 / bronze","FIN-BRV-DYB-78X72-BR","10390","Bravada Collection",0,13.07,-13.07,
"Bravada Daybed 78 / beige","FIN-BRV-DYB-78X72-BE","10391","Bravada Collection",0,13.07,-13.07,
"Bravada Daybed 78 / bone","FIN-BRV-DYB-78X72-BO","10392","Bravada Collection",0,13.07,-13.07,
"Bravada Daybed 78 / grey","FIN-BRV-DYB-78X72-GR","10393","Bravada Collection",0,13.07,-13.07,
"Bravada Cabana Daybed 72 / black","FIN-BRV-DYB-72X78","10394","Bravada Collection",0,13.07,-13.07,
"Bravada Cabana Daybed 72 / white","FIN-BRV-DYB-72X78-WH","10395","Bravada Collection",0,13.07,-13.07,
"Bravada Cabana Daybed 72 / bronze","FIN-BRV-DYB-72X78-BR","10396","Bravada Collection",0,13.07,-13.07,
"Bravada Cabana Daybed 72 / beige","FIN-BRV-DYB-72X78-BE","10397","Bravada Collection",0,13.07,-13.07,
"Bravada Cabana Daybed 72 / bone","FIN-BRV-DYB-72X78-BO","10398","Bravada Collection",0,13.07,-13.07,
"Bravada Cabana Daybed 72 / grey","FIN-BRV-DYB-72X78-GR","10399","Bravada Collection",0,13.07,-13.07,
"Bravada Cabana Daybed 84 / black","FIN-BRV-DYB-84X78","10400","Bravada Collection",0,13.07,-13.07,
"Bravada Cabana Daybed 84 / white.","FIN-BRV-DYB-84X78-WH","10401","Bravada Collection",0,13.07,-13.07,
"Bravada Cabana Daybed 84 / bronze","FIN-BRV-DYB-84X78-BR","10402","Bravada Collection",0,13.07,-13.07,
"Bravada Cabana Daybed 84 / beige","FIN-BRV-DYB-84X78-BE","10403","Bravada Collection",0,13.07,-13.07,
"Bravada Cabana Daybed 84 / bone","FIN-BRV-DYB-84X78-BO","10404","Bravada Collection",0,13.07,-13.07,
"Bravada Cabana Daybed 84 / grey","FIN-BRV-DYB-84X78-GR","10405","Bravada Collection",0,13.07,-13.07,
"Bravada Cabana Daybed 78 / black","FIN-BRV-DYB-78X78","10406","Bravada Collection",0,13.07,-13.07,
"Bravada Cabana Daybed 78 / white","FIN-BRV-DYB-78X78-WH","10407","Bravada Collection",0,13.07,-13.07,
"Bravada Cabana Daybed 78 / bronze","FIN-BRV-DYB-78X78-BR","10408","Bravada Collection",0,13.07,-13.07,
"Bravada Cabana Daybed 78 / beige","FIN-BRV-DYB-78X78-BE","10409","Bravada Collection",0,13.07,-13.07,
"Bravada Cabana Daybed 78 / bone","FIN-BRV-DYB-78X78-BO","10410","Bravada Collection",0,13.07,-13.07,
"Bravada Cabana Daybed 78 / grey","FIN-BRV-DYB-78X78-GR","10411","Bravada Collection",0,13.07,-13.07,
"Bravada Ottoman 30X22 / Yes / black","FIN-BRV-OTT-DKT-30X22","10412","Bravada Collection",0,13.07,-13.07,
"Bravada Ottoman 30X22 / Yes / white","FIN-BRV-OTT-DKT-30X22-WH","10413","Bravada Collection",0,13.07,-13.07,
"Bravada Ottoman 30X22 / Yes / bronze","FIN-BRV-OTT-DKT-30X22-BR","10414","Bravada Collection",0,13.07,-13.07,
"Bravada Ottoman 30X22 / Yes / beige","FIN-BRV-OTT-DKT-30X22-BE","10415","Bravada Collection",0,13.07,-13.07,
"Bravada Ottoman 30X22 / Yes / bone","FIN-BRV-OTT-DKT-30X22-BO","10416","Bravada Collection",0,13.07,-13.07,
"Bravada Ottoman 30X22 / Yes / grey","FIN-BRV-OTT-DKT-30X22-GR","10417","Bravada Collection",0,13.07,-13.07,
"Bravada Ottoman 30X22 / No / black","FIN-BRV-OTT-30X22","10418","Bravada Collection",0,13.07,-13.07,
"Bravada Ottoman 30X22 / No / white","FIN-BRV-OTT-30X22-WH","10419","Bravada Collection",0,13.07,-13.07,
"Bravada Ottoman 30X22 / No / bronze","FIN-BRV-OTT-30X22-BR","10420","Bravada Collection",0,13.07,-13.07,
"Bravada Ottoman 30X22 / No / beige","FIN-BRV-OTT-30X22-BE","10421","Bravada Collection",0,13.07,-13.07,
"Bravada Ottoman 30X22 / No / bone","FIN-BRV-OTT-30X22-BO","10422","Bravada Collection",0,13.07,-13.07,
"Bravada Ottoman 30X22 / No / grey","FIN-BRV-OTT-30X22-GR","10423","Bravada Collection",0,13.07,-13.07,
"Bravada Ottoman 42X22 / Yes / black","FIN-BRV-OTT-DKT-42X22","10424","Bravada Collection",0,13.07,-13.07,
"Bravada Ottoman 42X22 / Yes / white","FIN-BRV-OTT-DKT-42X22-WH","10425","Bravada Collection",0,13.07,-13.07,
"Bravada Ottoman 42X22 / Yes / bronze","FIN-BRV-OTT-DKT-42X22-BR","10426","Bravada Collection",0,13.07,-13.07,
"Bravada Ottoman 42X22 / Yes / beige","FIN-BRV-OTT-DKT-42X22-BE","10427","Bravada Collection",0,13.07,-13.07,
"Bravada Ottoman 42X22 / Yes / bone","FIN-BRV-OTT-DKT-42X22-BO","10428","Bravada Collection",0,13.07,-13.07,
"Bravada Ottoman 42X22 / Yes / grey","FIN-BRV-OTT-DKT-42X22-GR","10429","Bravada Collection",0,13.07,-13.07,
"Bravada Ottoman 42X22 / No / black","FIN-BRV-OTT-42X22","10430","Bravada Collection",0,13.07,-13.07,
"Bravada Ottoman 42X22 / No / white","FIN-BRV-OTT-42X22-WH","10431","Bravada Collection",0,13.07,-13.07,
"Bravada Ottoman 42X22 / No / bronze","FIN-BRV-OTT-42X22-BR","10432","Bravada Collection",0,13.07,-13.07,
"Bravada Ottoman 42X22 / No / beige","FIN-BRV-OTT-42X22-BE","10433","Bravada Collection",0,13.07,-13.07,
"Bravada Ottoman 42X22 / No / bone","FIN-BRV-OTT-42X22-BO","10434","Bravada Collection",0,13.07,-13.07,
"Bravada Ottoman 42X22 / No / grey","FIN-BRV-OTT-42X22-GR","10435","Bravada Collection",0,13.07,-13.07,
"Bravada Ottoman 60X22 / Yes / black","FIN-BRV-OTT-DKT-60X22","10436","Bravada Collection",0,13.07,-13.07,
"Bravada Ottoman 60X22 / Yes / white","FIN-BRV-OTT-DKT-60X22-WH","10437","Bravada Collection",0,13.07,-13.07,
"Bravada Ottoman 60X22 / Yes / bronze","FIN-BRV-OTT-DKT-60X22-BR","10438","Bravada Collection",0,13.07,-13.07,
"Bravada Ottoman 60X22 / Yes / beige","FIN-BRV-OTT-DKT-60X22-BE","10439","Bravada Collection",0,13.07,-13.07,
"Bravada Ottoman 60X22 / Yes / bone","FIN-BRV-OTT-DKT-60X22-BO","10440","Bravada Collection",0,13.07,-13.07,
"Bravada Ottoman 60X22 / Yes / grey","FIN-BRV-OTT-DKT-60X22-GR","10441","Bravada Collection",0,13.07,-13.07,
"Bravada Ottoman 60X22 / No / black","FIN-BRV-OTT-60X22","10442","Bravada Collection",0,13.07,-13.07,
"Bravada Ottoman 60X22 / No / white","FIN-BRV-OTT-60X22-WH","10443","Bravada Collection",0,13.07,-13.07,
"Bravada Ottoman 60X22 / No / bronze","FIN-BRV-OTT-60X22-BR","10444","Bravada Collection",0,13.07,-13.07,
"Bravada Ottoman 60X22 / No / beige","FIN-BRV-OTT-60X22-BE","10445","Bravada Collection",0,13.07,-13.07,
"Bravada Ottoman 60X22 / No / bone","FIN-BRV-OTT-60X22-BO","10446","Bravada Collection",0,13.07,-13.07,
"Bravada Ottoman 60X22 / No / grey","FIN-BRV-OTT-60X22-GR","10447","Bravada Collection",0,13.07,-13.07,
"Bravada Ottoman 72X22 / Yes / black","FIN-BRV-OTT-DKT-72X22","10448","Bravada Collection",0,13.07,-13.07,
"Bravada Ottoman 72X22 / Yes / white","FIN-BRV-OTT-DKT-72X22-WH","10449","Bravada Collection",0,13.07,-13.07,
"Bravada Ottoman 72X22 / Yes / bronze","FIN-BRV-OTT-DKT-72X22-BR","10450","Bravada Collection",0,13.07,-13.07,
"Bravada Ottoman 72X22 / Yes / beige","FIN-BRV-OTT-DKT-72X22-BE","10451","Bravada Collection",0,13.07,-13.07,
"Bravada Ottoman 72X22 / Yes / bone","FIN-BRV-OTT-DKT-72X22-BO","10452","Bravada Collection",0,13.07,-13.07,
"Bravada Ottoman 72X22 / Yes / grey","FIN-BRV-OTT-DKT-72X22-GR","10453","Bravada Collection",0,13.07,-13.07,
"Bravada Ottoman 72X22 / No / black","FIN-BRV-OTT-72X22","10454","Bravada Collection",0,13.07,-13.07,
"Bravada Ottoman 72X22 / No / white","FIN-BRV-OTT-72X22-WH","10455","Bravada Collection",0,13.07,-13.07,
"Bravada Ottoman 72X22 / No / bronze","FIN-BRV-OTT-72X22-BR","10456","Bravada Collection",0,13.07,-13.07,
"Bravada Ottoman 72X22 / No / beige","FIN-BRV-OTT-72X22-BE","10457","Bravada Collection",0,13.07,-13.07,
"Bravada Ottoman 72X22 / No / bone","FIN-BRV-OTT-72X22-BO","10458","Bravada Collection",0,13.07,-13.07,
"Bravada Ottoman 72X22 / No / grey","FIN-BRV-OTT-72X22-GR","10459","Bravada Collection",0,13.07,-13.07,
"Bravada Ottoman 34X34 / Yes / black","FIN-BRV-OTT-DKT-34X34","10460","Bravada Collection",0,13.07,-13.07,
"Bravada Ottoman 34X34 / Yes / white","FIN-BRV-OTT-DKT-34X34-WH","10461","Bravada Collection",0,13.07,-13.07,
"Bravada Ottoman 34X34 / Yes / bronze","FIN-BRV-OTT-DKT-34X34-BR","10462","Bravada Collection",0,13.07,-13.07,
"Bravada Ottoman 34X34 / Yes / beige","FIN-BRV-OTT-DKT-34X34-BE","10463","Bravada Collection",0,13.07,-13.07,
"Bravada Ottoman 34X34 / Yes / bone","FIN-BRV-OTT-DKT-34X34-BO","10464","Bravada Collection",0,13.07,-13.07,
"Bravada Ottoman 34X34 / Yes / grey","FIN-BRV-OTT-DKT-34X34-GR","10465","Bravada Collection",0,13.07,-13.07,
"Bravada Ottoman 34X34 / No / black","FIN-BRV-OTT-34X34","10466","Bravada Collection",0,13.07,-13.07,
"Bravada Ottoman 34X34 / No / white","FIN-BRV-OTT-34X34-WH","10467","Bravada Collection",0,13.07,-13.07,
"Bravada Ottoman 34X34 / No / bronze","FIN-BRV-OTT-34X34-BR","10468","Bravada Collection",0,13.07,-13.07,
"Bravada Ottoman 34X34 / No / beige","FIN-BRV-OTT-34X34-BE","10469","Bravada Collection",0,13.07,-13.07,
"Bravada Ottoman 34X34 / No / bone","FIN-BRV-OTT-34X34-BO","10470","Bravada Collection",0,13.07,-13.07,
"Bravada Ottoman 34X34 / No / grey","FIN-BRV-OTT-34X34-GR","10471","Bravada Collection",0,13.07,-13.07,
"Bravada Ottoman 42X34 / Yes / black","FIN-BRV-OTT-DKT-42X34","10472","Bravada Collection",0,13.07,-13.07,
"Bravada Ottoman 42X34 / Yes / white","FIN-BRV-OTT-DKT-42X34-WH","10473","Bravada Collection",0,13.07,-13.07,
"Bravada Ottoman 42X34 / Yes / bronze","FIN-BRV-OTT-DKT-42X34-BR","10474","Bravada Collection",0,13.07,-13.07,
"Bravada Ottoman 42X34 / Yes / beige","FIN-BRV-OTT-DKT-42X34-BE","10475","Bravada Collection",0,13.07,-13.07,
"Bravada Ottoman 42X34 / Yes / bone","FIN-BRV-OTT-DKT-42X34-BO","10476","Bravada Collection",0,13.07,-13.07,
"Bravada Ottoman 42X34 / Yes / grey","FIN-BRV-OTT-DKT-42X34-GR","10477","Bravada Collection",0,13.07,-13.07,
"Bravada Ottoman 42X34 / No / black","FIN-BRV-OTT-42X34","10478","Bravada Collection",0,13.07,-13.07,
"Bravada Ottoman 42X34 / No / white","FIN-BRV-OTT-42X34-WH","10479","Bravada Collection",0,13.07,-13.07,
"Bravada Ottoman 42X34 / No / bronze","FIN-BRV-OTT-42X34-BR","10480","Bravada Collection",0,13.07,-13.07,
"Bravada Ottoman 42X34 / No / beige","FIN-BRV-OTT-42X34-BE","10481","Bravada Collection",0,13.07,-13.07,
"Bravada Ottoman 42X34 / No / bone","FIN-BRV-OTT-42X34-BO","10482","Bravada Collection",0,13.07,-13.07,
"Bravada Ottoman 42X34 / No / grey","FIN-BRV-OTT-42X34-GR","10483","Bravada Collection",0,13.07,-13.07,
"Bravada Ottoman 60 x 34 / Yes / black","FIN-BRV-OTT-DKT-60X34","10484","Bravada Collection",0,13.07,-13.07,
"Bravada Ottoman 60 x 34 / Yes / white","FIN-BRV-OTT-DKT-60X34-WH","10485","Bravada Collection",0,13.07,-13.07,
"Bravada Ottoman 60 x 34 / Yes / bronze","FIN-BRV-OTT-DKT-60X34-BR","10486","Bravada Collection",0,13.07,-13.07,
"Bravada Ottoman 60 x 34 / Yes / beige","FIN-BRV-OTT-DKT-60X34-BE","10487","Bravada Collection",0,13.07,-13.07,
"Bravada Ottoman 60 x 34 / Yes / bone","FIN-BRV-OTT-DKT-60X34-BO","10488","Bravada Collection",0,13.07,-13.07,
"Bravada Ottoman 60 x 34 / Yes / grey","FIN-BRV-OTT-DKT-60X34-GR","10489","Bravada Collection",0,13.07,-13.07,
"Bravada Ottoman 60 x 34 / No / black","FIN-BRV-OTT-60X34","10490","Bravada Collection",0,13.07,-13.07,
"Bravada Ottoman 60 x 34 / No / white","FIN-BRV-OTT-60X34-WH","10491","Bravada Collection",0,13.07,-13.07,
"Bravada Ottoman 60 x 34 / No / bronze","FIN-BRV-OTT-60X34-BR","10492","Bravada Collection",0,13.07,-13.07,
"Bravada Ottoman 60 x 34 / No / beige","FIN-BRV-OTT-60X34-BE","10493","Bravada Collection",0,13.07,-13.07,
"Bravada Ottoman 60 x 34 / No / bone","FIN-BRV-OTT-60X34-BO","10494","Bravada Collection",0,13.07,-13.07,
"Bravada Ottoman 60 x 34 / No / grey","FIN-BRV-OTT-60X34-GR","10495","Bravada Collection",0,13.07,-13.07,
"Bravada Ottoman 72 x 34 / Yes / black","FIN-BRV-OTT-DKT-72X34","10496","Bravada Collection",0,13.07,-13.07,
"Bravada Ottoman 72 x 34 / Yes / white","FIN-BRV-OTT-DKT-72X34-WH","10497","Bravada Collection",0,13.07,-13.07,
"Bravada Ottoman 72 x 34 / Yes / bronze","FIN-BRV-OTT-DKT-72X34-BR","10498","Bravada Collection",0,13.07,-13.07,
"Bravada Ottoman 72 x 34 / Yes / beige","FIN-BRV-OTT-DKT-72X34-BE","10499","Bravada Collection",0,13.07,-13.07,
"Bravada Ottoman 72 x 34 / Yes / bone","FIN-BRV-OTT-DKT-72X34-BO","10500","Bravada Collection",0,13.07,-13.07,
"Bravada Ottoman 72 x 34 / Yes / grey","FIN-BRV-OTT-DKT-72X34-GR","10501","Bravada Collection",0,13.07,-13.07,
"Bravada Ottoman 72 x 34 / No / black","FIN-BRV-OTT-72X34","10502","Bravada Collection",0,13.07,-13.07,
"Bravada Ottoman 72 x 34 / No / white","FIN-BRV-OTT-72X34-WH","10503","Bravada Collection",0,13.07,-13.07,
"Bravada Ottoman 72 x 34 / No / bronze","FIN-BRV-OTT-72X34-BR","10504","Bravada Collection",0,13.07,-13.07,
"Bravada Ottoman 72 x 34 / No / beige","FIN-BRV-OTT-72X34-BE","10505","Bravada Collection",0,13.07,-13.07,
"Bravada Ottoman 72 x 34 / No / bone","FIN-BRV-OTT-72X34-BO","10506","Bravada Collection",0,13.07,-13.07,
"Bravada Ottoman 72 x 34 / No / grey","FIN-BRV-OTT-72X34-GR","10507","Bravada Collection",0,13.07,-13.07,
"Bravada Coffee Table 36 x 36 / black","FIN-BRV-COF-TAB-36X36","10508","Bravada Collection",0,0,0,
"Bravada Coffee Table 36 x 36 / white","FIN-BRV-COF-TAB-36X36-WT","10509","Bravada Collection",0,13.07,-13.07,
"Bravada Coffee Table 36 x 36 / bronze","FIN-BRV-COF-TAB-36X36-BR","10510","Bravada Collection",0,13.07,-13.07,
"Bravada Coffee Table 36 x 36 / beige","FIN-BRV-COF-TAB-36X36-BE","10511","Bravada Collection",0,13.07,-13.07,
"Bravada Coffee Table 36 x 36 / bone","FIN-BRV-COF-TAB-36X36-BO","10512","Bravada Collection",0,13.07,-13.07,
"Bravada Coffee Table 36 x 36 / grey","FIN-BRV-COF-TAB-36X36-GR","10513","Bravada Collection",0,13.07,-13.07,
"Bravada Coffee Table 56 x 36 / black","FIN-BRV-COF-TAB-56X36","10514","Bravada Collection",0,13.07,-13.07,
"Bravada Coffee Table 56 x 36 / white","FIN-BRV-COF-TAB-56X36-WH","10515","Bravada Collection",0,13.07,-13.07,
"Bravada Coffee Table 56 x 36 / bronze","FIN-BRV-COF-TAB-56X36-BR","10516","Bravada Collection",0,13.07,-13.07,
"Bravada Coffee Table 56 x 36 / beige","FIN-BRV-COF-TAB-56X36-BE","10517","Bravada Collection",0,13.07,-13.07,
"Bravada Coffee Table 56 x 36 / bone","FIN-BRV-COF-TAB-56X36-BO","10518","Bravada Collection",0,13.07,-13.07,
"Bravada Coffee Table 56 x 36 / grey","FIN-BRV-COF-TAB-56X36-GR","10519","Bravada Collection",0,13.07,-13.07,
"Bravada Coffee Table 72 x 36 / black","FIN-BRV-COF-TAB-72X36","10520","Bravada Collection",0,13.07,-13.07,
"Bravada Coffee Table 72 x 36 / white","FIN-BRV-COF-TAB-72X36-WH","10521","Bravada Collection",0,13.07,-13.07,
"Bravada Coffee Table 72 x 36 / bronze","FIN-BRV-COF-TAB-72X36-BR","10522","Bravada Collection",0,13.07,-13.07,
"Bravada Coffee Table 72 x 36 / beige","FIN-BRV-COF-TAB-72X36-BE","10523","Bravada Collection",0,13.07,-13.07,
"Bravada Coffee Table 72 x 36 / bone","FIN-BRV-COF-TAB-72X36-BO","10524","Bravada Collection",0,13.07,-13.07,
"Bravada Coffee Table 72 x 36 / grey","FIN-BRV-COF-TAB-72X36-GR","10525","Bravada Collection",0,13.07,-13.07,
"Bravada Coffee Table 56 x 28 / black","FIN-BRV-COF-TAB-56X28","10526","Bravada Collection",0,13.07,-13.07,
"Bravada Coffee Table 56 x 28 / white","FIN-BRV-COF-TAB-56X28-WH","10527","Bravada Collection",0,13.07,-13.07,
"Bravada Coffee Table 56 x 28 / bronze","FIN-BRV-COF-TAB-56X28-BR","10528","Bravada Collection",0,13.07,-13.07,
"Bravada Coffee Table 56 x 28 / beige","FIN-BRV-COF-TAB-56X28-BE","10529","Bravada Collection",0,13.07,-13.07,
"Bravada Coffee Table 56 x 28 / bone","FIN-BRV-COF-TAB-56X28-BO","10530","Bravada Collection",0,13.07,-13.07,
"Bravada Coffee Table 56 x 28 / grey","FIN-BRV-COF-TAB-56X28-GR","10531","Bravada Collection",0,13.07,-13.07,
"Bravada Coffee Table 42 x 42 / black","FIN-BRV-COF-TAB-42X42","10532","Bravada Collection",0,0,0,
"Bravada Coffee Table 42 x 42 / white","FIN-BRV-COF-TAB-42X42-WH","10533","Bravada Collection",0,13.07,-13.07,
"Bravada Coffee Table 42 x 42 / bronze","FIN-BRV-COF-TAB-42X42-BR","10534","Bravada Collection",0,13.07,-13.07,
"Bravada Coffee Table 42 x 42 / beige","FIN-BRV-COF-TAB-42X42-BE","10535","Bravada Collection",0,13.07,-13.07,
"Bravada Coffee Table 42 x 42 / bone","FIN-BRV-COF-TAB-42X42-BO","10536","Bravada Collection",0,13.07,-13.07,
"Bravada Coffee Table 42 x 42 / grey","FIN-BRV-COF-TAB-42X42-GR","10537","Bravada Collection",0,13.07,-13.07,
"Bravada Coffee table 56 x 42 / black","FIN-BRV-COF-TAB-56X42","10538","Bravada Collection",0,13.07,-13.07,
"Bravada Coffee table 56 x 42 / white","FIN-BRV-COF-TAB-56X42-WH","10539","Bravada Collection",0,13.07,-13.07,
"Bravada Coffee table 56 x 42 / bronze","FIN-BRV-COF-TAB-56X42-BR","10540","Bravada Collection",0,13.07,-13.07,
"Bravada Coffee table 56 x 42 / beige","FIN-BRV-COF-TAB-56X42-BE","10541","Bravada Collection",0,13.07,-13.07,
"Bravada Coffee table 56 x 42 / bone","FIN-BRV-COF-TAB-56X42-BO","10542","Bravada Collection",0,13.07,-13.07,
"Bravada Coffee table 56 x 42 / grey","FIN-BRV-COF-TAB-56X42-GR","10543","Bravada Collection",0,13.07,-13.07,
"Bravada Coffee Table 72 x 42 / black","FIN-BRV-COF-TAB-72X42","10544","Bravada Collection",0,13.07,-13.07,
"Bravada Coffee Table 72 x 42 / white","FIN-BRV-COF-TAB-72X42-WH","10545","Bravada Collection",0,13.07,-13.07,
"Bravada Coffee Table 72 x 42 / bronze","FIN-BRV-COF-TAB-72X42-BR","10546","Bravada Collection",0,13.07,-13.07,
"Bravada Coffee Table 72 x 42 / beige","FIN-BRV-COF-TAB-72X42-BE","10547","Bravada Collection",0,13.07,-13.07,
"Bravada Coffee Table 72 x 42 / bone","FIN-BRV-COF-TAB-72X42-BO","10548","Bravada Collection",0,13.07,-13.07,
"Bravada Coffee Table 72 x 42 / grey","FIN-BRV-COF-TAB-72X42-GR","10549","Bravada Collection",0,13.07,-13.07,
"Bravada Coffee Table 56 x 56 / black","FIN-BRV-COF-TAB-56X56","10550","Bravada Collection",0,0,0,
"Bravada Coffee Table 56 x 56 / white","FIN-BRV-COF-TAB-56X56-WH","10551","Bravada Collection",0,13.07,-13.07,
"Bravada Coffee Table 56 x 56 / bronze","FIN-BRV-COF-TAB-56X56-BR","10552","Bravada Collection",0,13.07,-13.07,
"Bravada Coffee Table 56 x 56 / beige","FIN-BRV-COF-TAB-56X56-BE","10553","Bravada Collection",0,13.07,-13.07,
"Bravada Coffee Table 56 x 56 / bone","FIN-BRV-COF-TAB-56X56-BO","10554","Bravada Collection",0,13.07,-13.07,
"Bravada Coffee Table 56 x 56 / grey","FIN-BRV-COF-TAB-56X56-GR","10555","Bravada Collection",0,13.07,-13.07,
"Bravada Coffee Table 72 x 56 / black","FIN-BRV-COF-TAB-72X56","10556","Bravada Collection",0,13.07,-13.07,
"Bravada Coffee Table 72 x 56 / whtie","FIN-BRV-COF-TAB-72X56-WH","10557","Bravada Collection",0,13.07,-13.07,
"Bravada Coffee Table 72 x 56 / bronze","FIN-BRV-COF-TAB-72X56-BR","10558","Bravada Collection",0,13.07,-13.07,
"Bravada Coffee Table 72 x 56 / beige","FIN-BRV-COF-TAB-72X56-BE","10559","Bravada Collection",0,13.07,-13.07,
"Bravada Coffee Table 72 x 56 / bone","FIN-BRV-COF-TAB-72X56-BO","10560","Bravada Collection",0,13.07,-13.07,
"Bravada Coffee Table 72 x 56 / grey","FIN-BRV-COF-TAB-72X56-GR","10561","Bravada Collection",0,13.07,-13.07,
"Bravada Side Table 20 x 20 / black","FIN-BRV-SID-TAB-20X20","10562","Bravada Collection",0,0,0,
"Bravada Side Table 20 x 20 / white","FIN-BRV-SID-TAB-20X20-WH","10563","Bravada Collection",0,13.07,-13.07,
"Bravada Side Table 20 x 20 / bronze","FIN-BRV-SID-TAB-20X20-BR","10564","Bravada Collection",0,13.07,-13.07,
"Bravada Side Table 20 x 20 / beige","FIN-BRV-SID-TAB-20X20-BE","10565","Bravada Collection",0,13.07,-13.07,
"Bravada Side Table 20 x 20 / bone","FIN-BRV-SID-TAB-20X20-BO","10566","Bravada Collection",0,13.07,-13.07,
"Bravada Side Table 20 x 20 / grey","FIN-BRV-SID-TAB-20X20-GR","10567","Bravada Collection",0,13.07,-13.07,
"Brooklyn Chaise Lounge Single / black","FIN-BRK-SGL-CHS-38X79","10568","Brooklyn Collection",0,0,0,
"Brooklyn Chaise Lounge Single / white","FIN-BRK-SGL-CHS-38X79-WH","10569","Brooklyn Collection",0,13.07,-13.07,
"Brooklyn Chaise Lounge Single / bronze","FIN-BRK-SGL-CHS-38X79-BR","10570","Brooklyn Collection",0,13.07,-13.07,
"Brooklyn Chaise Lounge Single / beige","FIN-BRK-SGL-CHS-38X79-BE","10571","Brooklyn Collection",0,13.07,-13.07,
"Brooklyn Chaise Lounge Single / bone","FIN-BRK-SGL-CHS-38X79-BO","10572","Brooklyn Collection",0,13.07,-13.07,
"Brooklyn Chaise Lounge Single / grey","FIN-BRK-SGL-CHS-38X79-GR","10573","Brooklyn Collection",0,13.07,-13.07,
"Brooklyn Chaise Lounge Double / black","FIN-BRK-DOU-CHS-58X79","10574","Brooklyn Collection",0,0,0,
"Brooklyn Chaise Lounge Double / white","FIN-BRK-DOU-CHS-58X79-WH","10575","Brooklyn Collection",0,13.07,-13.07,
"Brooklyn Chaise Lounge Double / bronze","FIN-BRK-DOU-CHS-58X79-BR","10576","Brooklyn Collection",0,13.07,-13.07,
"Brooklyn Chaise Lounge Double / beige","FIN-BRK-DOU-CHS-58X79-BE","10577","Brooklyn Collection",0,13.07,-13.07,
"Brooklyn Chaise Lounge Double / bone","FIN-BRK-DOU-CHS-58X79-BO","10578","Brooklyn Collection",0,13.07,-13.07,
"Brooklyn Chaise Lounge Double / grey","FIN-BRK-DOU-CHS-58X79-GR","10579","Brooklyn Collection",0,13.07,-13.07,
"Brooklyn Transitional Chaise Single / black","FIN-BRK-TRA-SGL-CHS-36X72","10580","Brooklyn Collection",0,0,0,
"Brooklyn Transitional Chaise Single / white","FIN-BRK-TRA-SGL-CHS-36X72-WH","10581","Brooklyn Collection",0,286.79,-286.79,
"Brooklyn Transitional Chaise Single / bronze","FIN-BRK-TRA-SGL-CHS-36X72-BR","10582","Brooklyn Collection",0,286.79,-286.79,
"Brooklyn Transitional Chaise Single / beige","FIN-BRK-TRA-SGL-CHS-36X72-BE","10583","Brooklyn Collection",0,286.79,-286.79,
"Brooklyn Transitional Chaise Single / bone","FIN-BRK-TRA-SGL-CHS-36X72-BO","10584","Brooklyn Collection",0,286.79,-286.79,
"Brooklyn Transitional Chaise Single / grey","FIN-BRK-TRA-SGL-CHS-36X72-GR","10585","Brooklyn Collection",0,286.79,-286.79,
"Brooklyn Transitional Chaise Double / black","FIN-BRK-TRA-DOU-CHS-48X72","10586","Brooklyn Collection",0,0,0,
"Brooklyn Transitional Chaise Double / white","FIN-BRK-TRA-DOU-CHS-48X72-WH","10587","Brooklyn Collection",0,329.69,-329.69,
"Brooklyn Transitional Chaise Double / bronze","FIN-BRK-TRA-DOU-CHS-48X72-BR","10588","Brooklyn Collection",0,329.69,-329.69,
"Brooklyn Transitional Chaise Double / beige","FIN-BRK-TRA-DOU-CHS-48X72-BE","10589","Brooklyn Collection",0,329.69,-329.69,
"Brooklyn Transitional Chaise Double / bone","FIN-BRK-TRA-DOU-CHS-48X72-BO","10590","Brooklyn Collection",0,329.69,-329.69,
"Brooklyn Transitional Chaise Double / grey","FIN-BRK-TRA-DOU-CHS-48X72-GR","10591","Brooklyn Collection",0,329.69,-329.69,
"Brooklyn Loveseat / black","FIN-BRK-LOV-SOF","10592","Brooklyn Collection",0,13.07,-13.07,
"Brooklyn Loveseat / white","FIN-BRK-LOV-SOF-WH","10593","Brooklyn Collection",0,13.07,-13.07,
"Brooklyn Loveseat / bronze","FIN-BRK-LOV-SOF-BR","10594","Brooklyn Collection",0,13.07,-13.07,
"Brooklyn Loveseat / beige","FIN-BRK-LOV-SOF-BE","10595","Brooklyn Collection",0,13.07,-13.07,
"Brooklyn Loveseat / bone","FIN-BRK-LOV-SOF-BO","10596","Brooklyn Collection",0,13.07,-13.07,
"Brooklyn Loveseat / grey","FIN-BRK-LOV-SOF-GR","10597","Brooklyn Collection",0,13.07,-13.07,
"Brooklyn Sofa 72 / black","FIN-BRK-SOF-72X34","10598","Brooklyn Collection",0,0,0,
"Brooklyn Sofa 72 / white","FIN-BRK-SOF-72X34-WH","10599","Brooklyn Collection",0,13.07,-13.07,
"Brooklyn Sofa 72 / bronze","FIN-BRK-SOF-72X34-BR","10600","Brooklyn Collection",0,13.07,-13.07,
"Brooklyn Sofa 72 / beige","FIN-BRK-SOF-72X34-BE","10601","Brooklyn Collection",0,13.07,-13.07,
"Brooklyn Sofa 72 / bone","FIN-BRK-SOF-72X34-BO","10602","Brooklyn Collection",0,13.07,-13.07,
"Brooklyn Sofa 72 / grey","FIN-BRK-SOF-72X34-GR","10603","Brooklyn Collection",0,13.07,-13.07,
"Brooklyn Sofa 84 / black","FIN-BRK-SOF-84X34","10604","Brooklyn Collection",0,0,0,
"Brooklyn Sofa 84 / white","FIN-BRK-SOF-84X34-WH","10605","Brooklyn Collection",0,13.07,-13.07,
"Brooklyn Sofa 84 / bronze","FIN-BRK-SOF-84X34-BR","10606","Brooklyn Collection",0,13.07,-13.07,
"Brooklyn Sofa 84 / beige","FIN-BRK-SOF-84X34-BE","10607","Brooklyn Collection",0,13.07,-13.07,
"Brooklyn Sofa 84 / bone","FIN-BRK-SOF-84X34-BO","10608","Brooklyn Collection",0,13.07,-13.07,
"Brooklyn Sofa 84 / grey","FIN-BRK-SOF-84X34-GR","10609","Brooklyn Collection",0,13.07,-13.07,
"Brooklyn Sofa 96 / black","FIN-BRK-SOF-96X34","10610","Brooklyn Collection",0,0,0,
"Brooklyn Sofa 96 / whtie","FIN-BRK-SOF-96X34-WH","10611","Brooklyn Collection",0,13.07,-13.07,
"Brooklyn Sofa 96 / bronze","FIN-BRK-SOF-96X34-BR","10612","Brooklyn Collection",0,13.07,-13.07,
"Brooklyn Sofa 96 / beige","FIN-BRK-SOF-96X34-BE","10613","Brooklyn Collection",0,13.07,-13.07,
"Brooklyn Sofa 96 / bone","FIN-BRK-SOF-96X34-BO","10614","Brooklyn Collection",0,13.07,-13.07,
"Brooklyn Sofa 96 / grey","FIN-BRK-SOF-96X34-GR","10615","Brooklyn Collection",0,13.07,-13.07,
"Brooklyn Corner Sofa 72 / Left side / black","FIN-BRK-COR-SOF-72X34-LS","10616","Brooklyn Collection",0,13.07,-13.07,
"Brooklyn Corner Sofa 72 / Left side / white","FIN-BRK-COR-SOF-72X34-LS-WH","10617","Brooklyn Collection",0,13.07,-13.07,
"Brooklyn Corner Sofa 72 / Left side / bronze","FIN-BRK-COR-SOF-72X34-LS-BR","10618","Brooklyn Collection",0,13.07,-13.07,
"Brooklyn Corner Sofa 72 / Left side / beige","FIN-BRK-COR-SOF-72X34-LS-BE","10619","Brooklyn Collection",0,13.07,-13.07,
"Brooklyn Corner Sofa 72 / Left side / bone","FIN-BRK-COR-SOF-72X34-LS-BO","10620","Brooklyn Collection",0,13.07,-13.07,
"Brooklyn Corner Sofa 72 / Left side / grey","FIN-BRK-COR-SOF-72X34-LS-GR","10621","Brooklyn Collection",0,13.07,-13.07,
"Brooklyn Corner Sofa 72 / Right side / black","FIN-BRK-COR-SOF-72X34-RS","10622","Brooklyn Collection",0,13.07,-13.07,
"Brooklyn Corner Sofa 72 / Right side / white","FIN-BRK-COR-SOF-72X34-RS-WH","10623","Brooklyn Collection",0,13.07,-13.07,
"Brooklyn Corner Sofa 72 / Right side / bronze","FIN-BRK-COR-SOF-72X34-RS-BR","10624","Brooklyn Collection",0,13.07,-13.07,
"Brooklyn Corner Sofa 72 / Right side / beige","FIN-BRK-COR-SOF-72X34-RS-BE","10625","Brooklyn Collection",0,13.07,-13.07,
"Brooklyn Corner Sofa 72 / Right side / bone","FIN-BRK-COR-SOF-72X34-RS-BO","10626","Brooklyn Collection",0,13.07,-13.07,
"Brooklyn Corner Sofa 72 / Right side / grey","FIN-BRK-COR-SOF-72X34-RS-GR","10627","Brooklyn Collection",0,13.07,-13.07,
"Brooklyn Corner Sofa 84 / Left side / black","FIN-BRK-COR-SOF-84X34-LS","10628","Brooklyn Collection",0,13.07,-13.07,
"Brooklyn Corner Sofa 84 / Left side / white","FIN-BRK-COR-SOF-84X34-LS-WH","10629","Brooklyn Collection",0,13.07,-13.07,
"Brooklyn Corner Sofa 84 / Left side / bronze","FIN-BRK-COR-SOF-84X34-LS-BR","10630","Brooklyn Collection",0,13.07,-13.07,
"Brooklyn Corner Sofa 84 / Left side / beige","FIN-BRK-COR-SOF-84X34-LS-BE","10631","Brooklyn Collection",0,13.07,-13.07,
"Brooklyn Corner Sofa 84 / Left side / bone","FIN-BRK-COR-SOF-84X34-LS-BO","10632","Brooklyn Collection",0,13.07,-13.07,
"Brooklyn Corner Sofa 84 / Left side / grey","FIN-BRK-COR-SOF-84X34-LS-GR","10633","Brooklyn Collection",0,13.07,-13.07,
"Brooklyn Corner Sofa 84 / Right side / black","FIN-BRK-COR-SOF-84X34-RS","10634","Brooklyn Collection",0,13.07,-13.07,
"Brooklyn Corner Sofa 84 / Right side / white","FIN-BRK-COR-SOF-84X34-RS-WH","10635","Brooklyn Collection",0,13.07,-13.07,
"Brooklyn Corner Sofa 84 / Right side / bronze","FIN-BRK-COR-SOF-84X34-RS-BR","10636","Brooklyn Collection",0,13.07,-13.07,
"Brooklyn Corner Sofa 84 / Right side / beige","FIN-BRK-COR-SOF-84X34-RS-BE","10637","Brooklyn Collection",0,13.07,-13.07,
"Brooklyn Corner Sofa 84 / Right side / bone","FIN-BRK-COR-SOF-84X34-RS-BO","10638","Brooklyn Collection",0,13.07,-13.07,
"Brooklyn Corner Sofa 84 / Right side / grey","FIN-BRK-COR-SOF-84X34-RS-GR","10639","Brooklyn Collection",0,13.07,-13.07,
"Brooklyn Corner Sofa 96 / Left side / black","FIN-BRK-COR-SOF-96X34-LS","10640","Brooklyn Collection",0,13.07,-13.07,
"Brooklyn Corner Sofa 96 / Left side / white","FIN-BRK-COR-SOF-96X34-LS-WH","10641","Brooklyn Collection",0,13.07,-13.07,
"Brooklyn Corner Sofa 96 / Left side / bronze","FIN-BRK-COR-SOF-96X34-LS-BR","10642","Brooklyn Collection",0,13.07,-13.07,
"Brooklyn Corner Sofa 96 / Left side / beige","FIN-BRK-COR-SOF-96X34-LS-BE","10643","Brooklyn Collection",0,13.07,-13.07,
"Brooklyn Corner Sofa 96 / Left side / bone","FIN-BRK-COR-SOF-96X34-LS-BO","10644","Brooklyn Collection",0,13.07,-13.07,
"Brooklyn Corner Sofa 96 / Left side / grey","FIN-BRK-COR-SOF-96X34-LS-GR","10645","Brooklyn Collection",0,13.07,-13.07,
"Brooklyn Corner Sofa 96 / Right side / black","FIN-BRK-COR-SOF-96X34-RS","10646","Brooklyn Collection",0,13.07,-13.07,
"Brooklyn Corner Sofa 96 / Right side / white","FIN-BRK-COR-SOF-96X34-RS-WH","10647","Brooklyn Collection",0,13.07,-13.07,
"Brooklyn Corner Sofa 96 / Right side / bronze","FIN-BRK-COR-SOF-96X34-RS-BR","10648","Brooklyn Collection",0,13.07,-13.07,
"Brooklyn Corner Sofa 96 / Right side / beige","FIN-BRK-COR-SOF-96X34-RS-BE","10649","Brooklyn Collection",0,13.07,-13.07,
"Brooklyn Corner Sofa 96 / Right side / bone","FIN-BRK-COR-SOF-96X34-RS-BO","10650","Brooklyn Collection",0,13.07,-13.07,
"Brooklyn Corner Sofa 96 / Right side / grey","FIN-BRK-COR-SOF-96X34-RS-GR","10651","Brooklyn Collection",0,13.07,-13.07,
"Brooklyn Chaise 72 x 34 / Left side / black","FIN-BRK-CHS-72X34-LS","10652","Brooklyn Collection",0,13.07,-13.07,
"Brooklyn Chaise 72 x 34 / Left side / white","FIN-BRK-CHS-72X34-LS-WH","10653","Brooklyn Collection",0,13.07,-13.07,
"Brooklyn Chaise 72 x 34 / Left side / bronze","FIN-BRK-CHS-72X34-LS-BR","10654","Brooklyn Collection",0,13.07,-13.07,
"Brooklyn Chaise 72 x 34 / Left side / beige","FIN-BRK-CHS-72X34-LS-BE","10655","Brooklyn Collection",0,13.07,-13.07,
"Brooklyn Chaise 72 x 34 / Left side / bone","FIN-BRK-CHS-72X34-LS-BO","10656","Brooklyn Collection",0,13.07,-13.07,
"Brooklyn Chaise 72 x 34 / Left side / grey","FIN-BRK-CHS-72X34-LS-GR","10657","Brooklyn Collection",0,13.07,-13.07,
"Brooklyn Chaise 72 x 34 / Right side / black","FIN-BRK-CHS-72X34-RS","10658","Brooklyn Collection",0,13.07,-13.07,
"Brooklyn Chaise 72 x 34 / Right side / white","FIN-BRK-CHS-72X34-RS-WH","10659","Brooklyn Collection",0,13.07,-13.07,
"Brooklyn Chaise 72 x 34 / Right side / bronze","FIN-BRK-CHS-72X34-RS-BR","10660","Brooklyn Collection",0,13.07,-13.07,
"Brooklyn Chaise 72 x 34 / Right side / beige","FIN-BRK-CHS-72X34-RS-BE","10661","Brooklyn Collection",0,13.07,-13.07,
"Brooklyn Chaise 72 x 34 / Right side / bone","FIN-BRK-CHS-72X34-RS-BO","10662","Brooklyn Collection",0,13.07,-13.07,
"Brooklyn Chaise 72 x 34 / Right side / grey","FIN-BRK-CHS-72X34-RS-GR","10663","Brooklyn Collection",0,13.07,-13.07,
"Brooklyn Chaise 72 x 42 / Left side / black","FIN-BRK-CHS-72X42-LS","10664","Brooklyn Collection",0,13.07,-13.07,
"Brooklyn Chaise 72 x 42 / Left side / white","FIN-BRK-CHS-72X42-LS-WH","10665","Brooklyn Collection",0,13.07,-13.07,
"Brooklyn Chaise 72 x 42 / Left side / bronze","FIN-BRK-CHS-72X42-LS-BR","10666","Brooklyn Collection",0,13.07,-13.07,
"Brooklyn Chaise 72 x 42 / Left side / beige","FIN-BRK-CHS-72X42-LS-BE","10667","Brooklyn Collection",0,13.07,-13.07,
"Brooklyn Chaise 72 x 42 / Left side / bone","FIN-BRK-CHS-72X42-LS-BO","10668","Brooklyn Collection",0,13.07,-13.07,
"Brooklyn Chaise 72 x 42 / Left side / grey","FIN-BRK-CHS-72X42-LS-GR","10669","Brooklyn Collection",0,13.07,-13.07,
"Brooklyn Chaise 72 x 42 / Right side / black","FIN-BRK-CHS-72X42-RS","10670","Brooklyn Collection",0,13.07,-13.07,
"Brooklyn Chaise 72 x 42 / Right side / white","FIN-BRK-CHS-72X42-RS-WH","10671","Brooklyn Collection",0,13.07,-13.07,
"Brooklyn Chaise 72 x 42 / Right side / bronze","FIN-BRK-CHS-72X42-RS-BR","10672","Brooklyn Collection",0,13.07,-13.07,
"Brooklyn Chaise 72 x 42 / Right side / beige","FIN-BRK-CHS-72X42-RS-BE","10673","Brooklyn Collection",0,13.07,-13.07,
"Brooklyn Chaise 72 x 42 / Right side / bone","FIN-BRK-CHS-72X42-RS-BO","10674","Brooklyn Collection",0,13.07,-13.07,
"Brooklyn Chaise 72 x 42 / Right side / grey","FIN-BRK-CHS-72X42-RS-GR","10675","Brooklyn Collection",0,13.07,-13.07,
"Brooklyn Chaise 84 x 34 / Left side / black","FIN-BRK-CHS-84X34-LS","10676","Brooklyn Collection",0,13.07,-13.07,
"Brooklyn Chaise 84 x 34 / Left side / white","FIN-BRK-CHS-84X34-LS-WH","10677","Brooklyn Collection",0,13.07,-13.07,
"Brooklyn Chaise 84 x 34 / Left side / bronze","FIN-BRK-CHS-84X34-LS-BR","10678","Brooklyn Collection",0,13.07,-13.07,
"Brooklyn Chaise 84 x 34 / Left side / beige","FIN-BRK-CHS-84X34-LS-BE","10679","Brooklyn Collection",0,13.07,-13.07,
"Brooklyn Chaise 84 x 34 / Left side / bone","FIN-BRK-CHS-84X34-LS-BO","10680","Brooklyn Collection",0,13.07,-13.07,
"Brooklyn Chaise 84 x 34 / Left side / grey","FIN-BRK-CHS-84X34-LS-GR","10681","Brooklyn Collection",0,13.07,-13.07,
"Brooklyn Chaise 84 x 34 / Right side / black","FIN-BRK-CHS-84X34-RS","10682","Brooklyn Collection",0,13.07,-13.07,
"Brooklyn Chaise 84 x 34 / Right side / white","FIN-BRK-CHS-84X34-RS-WH","10683","Brooklyn Collection",0,13.07,-13.07,
"Brooklyn Chaise 84 x 34 / Right side / bronze","FIN-BRK-CHS-84X34-RS-BR","10684","Brooklyn Collection",0,13.07,-13.07,
"Brooklyn Chaise 84 x 34 / Right side / beige","FIN-BRK-CHS-84X34-RS-BE","10685","Brooklyn Collection",0,13.07,-13.07,
"Brooklyn Chaise 84 x 34 / Right side / bone","FIN-BRK-CHS-84X34-RS-BO","10686","Brooklyn Collection",0,13.07,-13.07,
"Brooklyn Chaise 84 x 34 / Right side / grey","FIN-BRK-CHS-84X34-RS-GR","10687","Brooklyn Collection",0,13.07,-13.07,
"Brooklyn Chaise 84 x 42 / Left side / black","FIN-BRK-CHS-84X42-LS","10688","Brooklyn Collection",0,13.07,-13.07,
"Brooklyn Chaise 84 x 42 / Left side / white","FIN-BRK-CHS-84X42-LS-WH","10689","Brooklyn Collection",0,13.07,-13.07,
"Brooklyn Chaise 84 x 42 / Left side / bronze","FIN-BRK-CHS-84X42-LS-BR","10690","Brooklyn Collection",0,13.07,-13.07,
"Brooklyn Chaise 84 x 42 / Left side / beige","FIN-BRK-CHS-84X42-LS-BE","10691","Brooklyn Collection",0,13.07,-13.07,
"Brooklyn Chaise 84 x 42 / Left side / bone","FIN-BRK-CHS-84X42-LS-BO","10692","Brooklyn Collection",0,13.07,-13.07,
"Brooklyn Chaise 84 x 42 / Left side / grey","FIN-BRK-CHS-84X42-LS-GR","10693","Brooklyn Collection",0,13.07,-13.07,
"Brooklyn Chaise 84 x 42 / Right side / black","FIN-BRK-CHS-84X42-RS","10694","Brooklyn Collection",0,13.07,-13.07,
"Brooklyn Chaise 84 x 42 / Right side / white","FIN-BRK-CHS-84X42-RS-WH","10695","Brooklyn Collection",0,13.07,-13.07,
"Brooklyn Chaise 84 x 42 / Right side / bronze","FIN-BRK-CHS-84X42-RS-BR","10696","Brooklyn Collection",0,13.07,-13.07,
"Brooklyn Chaise 84 x 42 / Right side / beige","FIN-BRK-CHS-84X42-RS-BE","10697","Brooklyn Collection",0,13.07,-13.07,
"Brooklyn Chaise 84 x 42 / Right side / bone","FIN-BRK-CHS-84X42-RS-BO","10698","Brooklyn Collection",0,13.07,-13.07,
"Brooklyn Chaise 84 x 42 / Right side / grey","FIN-BRK-CHS-84X42-RS-GR","10699","Brooklyn Collection",0,13.07,-13.07,
"Daysi Base Dining Table","","10700","Dining Tables",0,0,0,
"Bravada Coffee Table 42 x 28 / black","FIN-BRV-COF-TAB-42X28","10705","Bravada Collection",0,13.07,-13.07,
"Bravada Coffee Table 42 x 28 / white","FIN-BRV-COF-TAB-42X28-WH","10706","Bravada Collection",0,13.07,-13.07,
"Bravada Coffee Table 42 x 28 / bronze","FIN-BRV-COF-TAB-42X28-BR","10707","Bravada Collection",0,13.07,-13.07,
"Bravada Coffee Table 42 x 28 / beige","FIN-BRV-COF-TAB-42X28-BE","10708","Bravada Collection",0,13.07,-13.07,
"Bravada Coffee Table 42 x 28 / bone","FIN-BRV-COF-TAB-42X28-BO","10709","Bravada Collection",0,13.07,-13.07,
"Bravada Coffee Table 42 x 28 / grey","FIN-BRV-COF-TAB-42X28-GR","10710","Bravada Collection",0,13.07,-13.07,
"Daisy Base Table 72 x 42 Dining Height / black","FIN-DAI-TAB-72X42","10711","Dining Tables",0,638.24,-638.24,
"Daisy Base Table 72 x 42 Dining Height / white","FIN-DAI-TAB-72X42-WH","10712","Dining Tables",0,638.24,-638.24,
"Daisy Base Table 72 x 42 Dining Height / bronze","FIN-DAI-TAB-72X42-BR","10713","Dining Tables",0,638.24,-638.24,
"Daisy Base Table 72 x 42 Dining Height / beige","FIN-DAI-TAB-72X42-BE","10714","Dining Tables",0,638.24,-638.24,
"Daisy Base Table 72 x 42 Dining Height / bone","FIN-DAI-TAB-72X42-BO","10715","Dining Tables",0,638.24,-638.24,
"Daisy Base Table 72 x 42 Dining Height / grey","FIN-DAI-TAB-72X42-GR","10716","Dining Tables",0,638.24,-638.24,
"Ocean Sofa 96 Cushion","SA-OCE-S-96-CUSH","10718","Sub-Assembly",0,323.91,-323.91,
"Ocean Sofa 96 Frame","SA-OCE-S-96-FRAME","10719","Sub-Assembly",0,658.63,-658.63,
"OCEAN SOFA 96","FIN-OCN-SOF-96X38","10720","Finished Good",4440,13.07,4426.93,"99.71%"
"Bravada Armless Loveseat","FIN-BRV-ARM-LOV-60","11186","Bravada Collection",0,0,0,
"Bravada Armless Loveseat","FIN-BRV-ARM-LOV-60","11188","Bravada Collection",0,13.07,-13.07,
"BRAVADA CLUB CHAIR 34"" x 34"" x 31"" BH","FIN-BRV-CLB-CHA-34X34","11190","Bravada",2080,343.58,1736.42,"83.48%"
"BRAVADA SWIVEL CHAIR 34"" x 34"" x 31"" BH","FIN-BRV-SWV-CHA-34X34","11191","Bravada",2580,192.65,2387.35,"92.53%"
"BRAVADA LOVESEAT 60"" x 34"" x 31"" BH","FIN-BRV-LOV-SOF-60X34","11192","Bravada",2750,254.65,2495.35,"90.74%"
"BRAVADA MINI LOVESEAT 48"" x 34"" x 31"" BH","FIN-BRV-MIN-LOV-48X34","11193","Bravada",2520,227.78,2292.22,"90.96%"
"BRAVADA SOFA 72"" x 34"" x 31"" BH","FIN-BRV-SOF-72X34","11194","Bravada",3360,13.07,3346.93,"99.61%"
"BRAVADA SOFA 84"" x 34"" x 31"" BH","FIN-BRV-SOF-84X34","11195","Bravada",3840,13.07,3826.93,"99.66%"
"BRAVADA SOFA 96"" x 34"" x 31"" BH","FIN-BRV-SOF-96X34","11196","Bravada",4080,13.07,4066.93,"99.68%"
"BRAVADA ARMLESS SOFA 72"" x 34"" x 31"" BH","FIN-BRV-ARM-SOF-72X34","11197","Bravada",2880,897.76,1982.24,"68.83%"
"BRAVADA ARMLESS MINI LOVESEAT 48"" x 34"" x 31"" BH","FIN-BRV-MIN-LOV-48X34-ARMLESSMINI","11198","Bravada",2320,13.07,2306.93,"99.44%"
"BRAVADA ARMLESS SOFA 72"" x 34"" x 31"" BH","FIN-BRV-ARM-SOF-72X34-ARMLESSSOFA","11199","Bravada",2880,897.76,1982.24,"68.83%"
"BRAVADA ARMLESS SOFA 84"" x 34"" x 31"" BH","FIN-BRV-ARM-SOF-84X34","11200","Bravada",3840,897.76,2942.24,"76.62%"
"BRAVADA ARMLESS SOFA 96"" x 34"" x 31"" BH","FIN-BRV-ARM-SOF-96X34","11201","Bravada",4080,897.76,3182.24,"78.00%"
"BRAVADA CORNER SOFA 72"" x 34"" x 31"" BH","FIN-BRV-COR-SOF-72X34","11202","Bravada",3750,13.07,3736.93,"99.65%"
"BRAVADA CORNER SOFA 84"" x 34"" x 31"" BH","FIN-BRV-COR-SOF-84X34","11203","Bravada",3950,13.07,3936.93,"99.67%"
"BRAVADA CORNER SOFA 96"" x 34"" x 31"" BH","FIN-BRV-COR-SOF-96X34","11204","Bravada",4200,13.07,4186.93,"99.69%"
"BRAVADA CORNER CHAISE 72"" x 34"" x 31"" BH","FIN-BRV-COR-CHS-72X34","11205","Bravada",3600,1017.64,2582.36,"71.73%"
"BRAVADA CORNER CHAISE 84"" x 34"" x 31"" BH","FIN-BRV-COR-CHS-84X34","11206","Bravada",3800,1017.64,2782.36,"73.22%"
"BRAVADA SINGLE CHAISE LOUNGE 30"" x 79"" x 14"" SH","FIN-BRV-SGL-CHS-30X79","11207","Bravada",2460,13.07,2446.93,"99.47%"
"BRAVADA DOUBLE CHAISE LOUNGE 58"" x 79"" x 14"" SH","FIN-BRV-DOU-CHS-58X79","11208","Bravada",3720,13.07,3706.93,"99.65%"
"BRAVADA ROUND DAYBED 84"" DIAMETER","FIN-BRV-DYB-84X84","11209","Bravada",7280,1017.64,6262.36,"86.02%"
"BRAVADA DAYBED 72"" x 72"" x 27"" BH","FIN-BRV-DYB-72X72","11210","Bravada",6480,13.07,6466.93,"99.80%"
"BRAVADA DAYBED 84"" x 72"" x 27"" BH","FIN-BRV-DYB-84X72","11211","Bravada",6720,1017.64,5702.36,"84.86%"
"BRAVADA DAYBED 84"" x 84"" x 27"" BH","FIN-BRV-DYB-84X84-DAYBED","11212","Bravada",7080,1017.64,6062.36,"85.63%"
"BROOKLYN SINGLE CHAISE LOUNGE 38"" x 79"" x 11"" SH","FIN-BRK-SGL-CHS-38X79","11213","Brooklyn",2940,13.07,2926.93,"99.56%"
"BROOKLYN TRANSITIONAL DOUBLE CHAISE 48"" x 72"" x 30"" BH","FIN-BRK-TRA-DOU-CHS-48X72","11214","Brooklyn",4080,329.69,3750.31,"91.92%"
"BROOKLYN TRANSITIONAL SINGLE CHAISE 36"" x 72"" x 30"" BH","FIN-BRK-TRA-SGL-CHS-36X72","11215","Brooklyn",3720,286.79,3433.21,"92.29%"
"BROOKLYN DOUBLE CHAISE LOUNGE 58"" x 79"" x 11"" SH","FIN-BRK-DOU-CHS-58X79","11216","Brooklyn",4200,13.07,4186.93,"99.69%"
"OCEAN CLUB CHAIR w/METAL ARM 34"" x 38"" x 33"" BH","FIN-OCN-CLB-CHA-34X38","11217","Ocean",2280,202.17,2077.83,"91.13%"
"OCEAN SWIVEL CHAIR 34"" x 38"" x 33"" BH","FIN-OCN-SWV-CHA-34X38","11218","Ocean",2780,897.76,1882.24,"67.71%"
"OCEAN SOFA 72"" x 38"" x 33"" BH","FIN-OCN-SOF-72X38","11219","Ocean",3600,13.07,3586.93,"99.64%"
"OCEAN SOFA 84"" x 38"" x 33"" BH","FIN-OCN-SOF-84X38","11220","Ocean",3960,13.07,3946.93,"99.67%"
"OCEAN MINI LOVESEAT 48"" x 38"" x 33"" BH","FIN-OCN-MIN-LOV-48X38","11221","Ocean",2540,897.76,1642.24,"64.65%"
"OCEAN LOVESEAT 60"" x 38"" x 33"" BH","FIN-OCN-LOV-SOF-60X38","11222","Ocean",3140,265.98,2874.02,"91.53%"
"OCEAN SINGLE CHAISE LOUNGE 36"" x 79"" x 14"" SH","FIN-OCN-SGL-CHS-36X79","11223","Ocean",2550,303.45,2246.55,"88.10%"
"OCEAN DOUBLE CHAISE LOUNGE 58"" x 79"" x 14"" SH","FIN-OCN-DOU-CHS-58X79","11224","Ocean",3850,378.42,3471.58,"90.17%"
"MILAN CLUB CHAIR 32"" x 36"" x 16"" SH","FIN-MLN-CLB-CHA-32X36","11225","Milan",2400,897.76,1502.24,"62.59%"
"MILAN OTTOMAN 22"" x 60"" x 16""","FIN-MLN-OTT-22X60","11226","Milan",1280,897.76,382.24,"29.86%"
"MILAN OTTOMAN 22"" x 72"" x 16""","FIN-MLN-OTT-22X72","11227","Milan",1500,897.76,602.24,"40.15%"
"MILAN OTTOMAN 34"" x 60"" x 16""","FIN-MLN-OTT-34X60","11228","Milan",1850,897.76,952.24,"51.47%"
"MILAN OTTOMAN 56"" x 42"" x 16""","FIN-MLN-OTT-56X42","11229","Milan",2040,897.76,1142.24,"55.99%"
"MILAN ONE-SIDED SOFA 72"" x 36"" x 16"" SH","FIN-MLN-SOF-72X36","11230","Milan",4030,897.76,3132.24,"77.72%"
"MILAN ONE SIDED SOFA 84"" x 36"" x 16"" SH","FIN-MLN-SOF-84X36","11231","Milan",4400,897.76,3502.24,"79.60%"
"MILAN ONE-SIDED SOFA 96"" x 36"" x 16"" SH","FIN-MLN-SOF-96X36","11232","Milan",5040,897.76,4142.24,"82.19%"
"MILAN DOUBLE-SIDED SOFA 60"" x 62"" x 16"" SH","FIN-MLN-SOF-60X62","11233","Milan",5420,897.76,4522.24,"83.44%"
"MILAN T-SHAPED SOFA 62"" x 42"" x 22"" x 16"" SH","FIN-MLN-SOF-62X42","11234","Milan",5700,897.76,4802.24,"84.25%"
"OCEAN ROUND SIDE TABLE 36"" x 17""","FIN-OCN-SID-TAB-36X17","11235","Ocean",1150,638.24,511.76,"44.50%"
"BRAVADA COFFEE TABLE 28"" x 42"" x 17""","FIN-BRV-COF-TAB-28X42","11236","Bravada",2280,638.24,1641.76,"72.01%"
"BRAVADA COFFEE TABLE 36"" x 36"" x 17""","FIN-BRV-COF-TAB-36X36","11237","Bravada",2280,13.07,2266.93,"99.43%"
"BRAVADA COFFEE TABLE 36"" x 56"" x 17""","FIN-BRV-COF-TAB-36X56","11238","Bravada",3000,638.24,2361.76,"78.73%"
"BRAVADA COFFEE TABLE 42"" x 42"" x 17""","FIN-BRV-COF-TAB-42X42","11239","Bravada",2880,13.07,2866.93,"99.55%"
"BRAVADA COFFEE TABLE 42"" x 56"" x 17""","FIN-BRV-COF-TAB-42X56","11240","Bravada",3120,638.24,2481.76,"79.54%"
"BRAVADA COFFEE TABLE 56"" x 56"" x 17""","FIN-BRV-COF-TAB-56X56","11241","Bravada",4320,13.07,4306.93,"99.70%"
"OCEAN COFFEE TABLE 28"" x 56"" x 17""","FIN-OCN-COF-TAB-28X56","11242","Ocean",3000,638.24,2361.76,"78.73%"
"OCEAN COFFEE TABLE 36"" x 56"" x 17""","FIN-OCN-COF-TAB-36X56","11243","Ocean",3240,638.24,2601.76,"80.30%"
"OCEAN COFFEE TABLE 36"" x 72"" x 17""","FIN-OCN-COF-TAB-36X72","11244","Ocean",3840,638.24,3201.76,"83.38%"
"OCEAN COFFEE TABLE 42"" x 42"" x 17""","FIN-OCN-COF-TAB-42X42","11245","Ocean",3120,13.07,3106.93,"99.58%"
"OCEAN COFFEE TABLE 42"" x 56"" x 17""","FIN-OCN-COF-TAB-42X56","11246","Ocean",3480,638.24,2841.76,"81.66%"
"OCEAN COFFEE TABLE 56"" x 56"" x 17""","FIN-OCN-COF-TAB-56X56","11247","Ocean",4560,13.07,4546.93,"99.71%"
"OCEAN COFFEE TABLE 28"" x 42"" x 17""","FIN-OCN-COF-TAB-28X42","11248","Ocean",2520,638.24,1881.76,"74.67%"
"FLY TABLE 34"" X 12""","FIN-OCN-TAB-34X12","11249","Ocean",650,638.24,11.76,"1.81%"
"T TABLE 13"" x 30"" x 16""","FIN-OCN-TAB-13X30","11250","Ocean",480,638.24,-158.24,"-32.97%"
"STAR LEG TABLE (BAR HEIGHT) 36"" x 36"" x 42""","FIN-BRK-BAR-TAB-36X36","11251","Brooklyn",3000,638.24,2361.76,"78.73%"
"STAR LEG TABLE (BAR HEIGHT) 42"" x 42"" x 42""","FIN-BRK-BAR-TAB-42X42","11252","Brooklyn",3120,638.24,2481.76,"79.54%"
"STAR LEG TABLE (COUNTER HEIGHT) 36"" x 36"" x 36""","FIN-BRK-CNT-TAB-36X36","11253","Brooklyn",2940,638.24,2301.76,"78.29%"
"STAR LEG TABLE (COUNTER HEIGHT) 42"" x 42"" x 36""","FIN-BRK-CNT-TAB-42X42","11254","Brooklyn",3060,638.24,2421.76,"79.14%"
"STAR LEG TABLE (DINING HEIGHT) 36"" x 36"" x 30""","FIN-BRK-DIN-TAB-36X36","11255","Brooklyn",2880,638.24,2241.76,"77.84%"
"STAR LEG TABLE (DINING HEIGHT) 42"" x 42"" x 30""","FIN-BRK-DIN-TAB-42X42","11256","Brooklyn",3000,638.24,2361.76,"78.73%"
"DINING BENCH w/NO ARMS 72"" x 22"" x 18"" SH","FIN-WFT-DIN-BCH-72X22","11257","Waterfall",1950,897.76,1052.24,"53.96%"
"DINING BENCH w/NO ARMS 96"" x 22"" x 18"" SH","FIN-WFT-DIN-BCH-96X22","11258","Waterfall",2400,897.76,1502.24,"62.59%"
"FLY LEG BARSTOOL (BAR HEIGHT) 18"" x 18"" x 30"" SH","FIN-WFT-FLY-BST-18X18","11259","Waterfall",810,897.76,-87.76,"-10.83%"
"FLY LEG BARSTOOL (COUNTER HEIGHT) 18"" x 18"" x 24"" SH","FIN-WFT-FLY-BST-18X18-LEGBARSTOOL","11260","Waterfall",780,897.76,-117.76,"-15.10%"
"FLY LEG BENCH (DINING HEIGHT) 42"" x 18"" x 18"" SH","FIN-WFT-BCH-42X18","11261","Waterfall",1320,897.76,422.24,"31.99%"
"FLY LEG CHAIR (DINING HEIGHT) 18"" x 18"" x 18"" SH","FIN-WFT-DIN-CHA-18X18","11262","Waterfall",750,897.76,-147.76,"-19.70%"
"HALF BACK BARSTOOL (BAR HEIGHT) 17"" x 21"" x 30"" SH","FIN-WFT-FLY-BST-17X21","11263","Waterfall",830,897.76,-67.76,"-8.16%"
"HALF BACK BARSTOOL (COUNTER HEIGHT) 17"" x 21"" x 24"" SH","FIN-WFT-FLY-BST-17X21-HALFBACK","11264","Waterfall",800,897.76,-97.76,"-12.22%"
"TAYLOR BARSTOOL (BAR HEIGHT) 19"" x 23"" x 30"" SH","FIN-TAY-BST-19X23","11265","Taylor",855,897.76,-42.76,"-5.00%"
"TAYLOR BARSTOOL (COUNTER HEIGHT) 19"" x 23"" x 24"" SH","FIN-TAY-BST-19X23-BARSTOOLCOUNTE","11266","Taylor",825,897.76,-72.76,"-8.82%"
"TAYLOR BARSTOOL w/ARMS (BAR HEIGHT) 24"" x 23"" x 30"" SH","FIN-TAY-BST-24X23","11267","Taylor",955,897.76,57.24,"5.99%"
"TAYLOR CHAIR w/ARMS (DINING HEIGHT) 24"" x 23"" x 18"" SH","FIN-TAY-DIN-CHA-24X23","11268","Taylor",895,897.76,-2.76,"-0.31%"
"BRAVADA OTTOMAN 22"" x 30"" x 16""","FIN-BRV-OTT-22X30","11269","Bravada",750,897.76,-147.76,"-19.70%"
"BRAVADA OTTOMAN 22"" x 42"" x 16""","FIN-BRV-OTT-22X42","11270","Bravada",850,897.76,-47.76,"-5.62%"
"BRAVADA OTTOMAN 22"" x 60"" x 16""","FIN-BRV-OTT-22X60","11271","Bravada",980,897.76,82.24,"8.39%"
"BRAVADA OTTOMAN 22"" x 72"" x 16""","FIN-BRV-OTT-22X72","11272","Bravada",1180,897.76,282.24,"23.92%"
"OCEAN OTTOMAN 30"" x 22"" x 16""","FIN-OCN-OTT-30X22","11273","Ocean",780,13.07,766.93,"98.32%"
"BRAVADA 60"" ROUND SWING 72"" x 12"" SH","FIN-BRV-SWG-72X12","11274","Bravada",3120,13.07,3106.93,"99.58%"
"BRAVADA SWING 66"" x 42"" x 23"" BH","FIN-BRV-SWG-66X42","11275","Bravada",3900,13.07,3886.93,"99.66%"
"BRAVADA SWING 72"" x 42"" x 23"" BH","FIN-BRV-SWG-72X42","11276","Bravada",4400,13.07,4386.93,"99.70%"
"BRAVADA SWING 96"" x 32"" x 23"" BH","FIN-BRV-SWG-96X32","11277","Bravada",5400,13.07,5386.93,"99.76%"
"SQUARE PILLOW 17"" X 17""","FIN-CAB-MIS-17X17","11278","Cabana",65,13.07,51.93,"79.90%"
"SQUARE PILLOW 23"" X 23""","FIN-CAB-MIS-23X23","11279","Cabana",95,13.07,81.93,"86.25%"
"LUMBAR PILLOW 12"" X 24""","FIN-CAB-MIS-12X24","11280","Cabana",65,13.07,51.93,"79.90%"
"KINDLE LIVING HEATER (Allison)","FIN-KIN-MIS","11281","Miscellaneous",4995,13.07,4981.93,"99.74%"
"KINDLE LIVING LAMP (Allison)","FIN-KIN-MIS-KINDLELIVING","11282","Miscellaneous",4975,13.07,4961.93,"99.74%"
"LAYLO LOUNGER, NO RISERS","FIN-TJM-MIS","11283","Tenjam",599.99,13.07,586.92,"97.82%"
"LAYLO LOUNGER W/4"" RISERS","FIN-TJM-MIS-LAYLOLOUNGER","11284","Tenjam",729.99,13.07,716.92,"98.21%"
"FREELO CHAIR SPLASH","FIN-TJM-CHA","11285","Tenjam",499.99,897.76,-397.77,"-79.56%"
"TWO SHAYZ LOUNGERS FOR 5"" DEPTH","FIN-TJM-MIS-TWOSHAYZ","11286","Tenjam",1599.99,13.07,1586.92,"99.18%"
"MOON CHAIR W/CUP HOLDERS","FIN-TJM-CHA-MOONCHAIR","11287","Tenjam",749.99,13.07,736.92,"98.26%"
"TWO WOOSAH CHAIRS","FIN-TJM-MIS-TWOWOOSAH","11288","Tenjam",1759.99,13.07,1746.92,"99.26%"
"Ripple Table","FIN-TJM-TAB","11289","Tenjam",464.99,638.24,-173.25,"-37.26%"
"LIDO UMBRELLA","FIN-MLN-UMB","11290","Marina",950,13.07,936.93,"98.62%"
"CANTILEVER UMBRELLA w/BASE","FIN-CAN-UMB","11291","Miscellaneous",5500,13.07,5486.93,"99.76%"
"BRAVADA SWIVEL CHAIR W/DEKTON SIDEARM","FIN-BRV-SWV-CHA","11292","Bravada",2880,897.76,1982.24,"68.83%"
"BRAVADA MINI LOVESEAT 48"" x 34"" x 31"" BH","FIN-BRV-MIN-LOV-48X34-MINILOVESEAT","11293","Bravada",2520,13.07,2506.93,"99.48%"
"BRAVADA ARMLESS SOFA 34"" x 34"" x 31"" BH","FIN-BRV-ARM-SOF-34X34","11294","Bravada",2040,897.76,1142.24,"55.99%"
"BRAVADA OVERSIZED CHAISE 72"" x 42"" x 31"" BH","FIN-BRV-OVS-CHS-72X42","11295","Bravada",3720,1017.64,2702.36,"72.64%"
"BRAVADA OVERSIZED CHAISE 84"" x 42"" x 31"" BH","FIN-BRV-OVS-CHS-84X42","11296","Bravada",4200,1017.64,3182.36,"75.77%"
"BROOKLYN SOFA 60"" x 34"" x 30"" BH","FIN-BRK-SOF-60X34","11297","Brooklyn",3360,897.76,2462.24,"73.28%"
"BROOKLYN SOFA 72"" x 34"" x 30"" BH","FIN-BRK-SOF-72X34","11298","Brooklyn",3840,13.07,3826.93,"99.66%"
"BROOKLYN SOFA 84"" x 34"" x 30"" BH","FIN-BRK-SOF-84X34","11299","Brooklyn",4200,13.07,4186.93,"99.69%"
"BROOKLYN SOFA 96"" x 34"" x 30"" BH","FIN-BRK-SOF-96X34","11300","Brooklyn",4800,13.07,4786.93,"99.73%"
"BROOKLYN CORNER SOFA 72"" x 34"" x 30"" BH","FIN-BRK-COR-SOF-72X34","11301","Brooklyn",3720,13.07,3706.93,"99.65%"
"BROOKLYN CORNER SOFA 84"" x 34"" x 30"" BH","FIN-BRK-COR-SOF-84X34","11302","Brooklyn",4200,13.07,4186.93,"99.69%"
"BROOKLYN CORNER SOFA 96"" x 34"" x 30"" BH","FIN-BRK-COR-SOF-96X34","11303","Brooklyn",4680,13.07,4666.93,"99.72%"
"BROOKLYN CORNER CHAISE 84"" x 42"" x 30"" BH","FIN-BRK-COR-CHS-84X42","11304","Brooklyn",4440,1017.64,3422.36,"77.08%"
"OCEAN SWIVEL CHAIR W/DEKTON SIDEARM 34"" x 38"" x 33""","FIN-OCN-SWV-CHA-34X38-SWIVELCHAIR","11305","Ocean",3080,897.76,2182.24,"70.85%"
"MILAN OTTOMAN 34"" x 42"" x 16""","FIN-MLN-OTT-34X42","11306","Milan",1400,897.76,502.24,"35.87%"
"MILAN OTTOMAN 34"" x 34"" x 16""","FIN-MLN-OTT-34X34","11307","Milan",1280,897.76,382.24,"29.86%"
"MILAN OTTOMAN 34"" x 72"" x 16""","FIN-MLN-OTT-34X72","11308","Milan",2200,897.76,1302.24,"59.19%"
"MILAN ONE-SIDED SOFA (base)","FIN-MLN-SOF","11309","Finished Good",0,13.07,-13.07,
"OCEAN SIDE TABLE 20"" x 20"" x 17""","FIN-OCN-SID-TAB-20X20","11310","Ocean",900,13.07,886.93,"98.55%"
"BRAVADA COFFEE TABLE (unspecified size)","FIN-BRV-COF-TAB","11311","Finished Good",0,13.07,-13.07,
"BRAVADA COFFEE TABLE 42"" x 72"" x 17""","FIN-BRV-COF-TAB-42X72","11312","Bravada",3960,638.24,3321.76,"83.88%"
"BRAVADA COFFEE TABLE 56"" x 72"" x 17""","FIN-BRV-COF-TAB-56X72","11313","Bravada",5160,638.24,4521.76,"87.63%"
"BRAVADA SIDE TABLE 20"" x 20"" x 17""","FIN-BRV-SID-TAB-20X20","11314","Bravada",780,13.07,766.93,"98.32%"
"OCEAN COFFEE TABLE 36"" x 36"" x 17""","FIN-OCN-COF-TAB-36X36","11315","Ocean",2760,13.07,2746.93,"99.53%"
"OCEAN COFFEE TABLE 42"" x 72"" x 17""","FIN-OCN-COF-TAB-42X72","11316","Ocean",4200,638.24,3561.76,"84.80%"
"OCEAN COFFEE TABLE 56"" x 72"" x 17""","FIN-OCN-COF-TAB-56X72","11317","Ocean",5400,638.24,4761.76,"88.18%"
"ANGULAR SIDE TABLE","FIN-OCN-SID-TAB-12","11318","Ocean",850,638.24,211.76,"24.91%"
"FLY TABLE 72"" X 12""","FIN-OCN-TAB-72X12","11319","Ocean",780,638.24,141.76,"18.17%"
"FLY TABLE 84"" X 12""","FIN-OCN-TAB-84X12","11320","Ocean",900,638.24,261.76,"29.08%"
"FLY TABLE 34"" X 12"" (alt)","FIN-OCN-TAB-34X12-FLYTABLE","11321","Ocean",650,638.24,11.76,"1.81%"
"FLY TABLE 96"" X 12""","FIN-OCN-TAB-96X12","11322","Ocean",1150,638.24,511.76,"44.50%"
"TRIANGLE SIDE TABLE 32"" x 32"" x 17""","FIN-OCN-SID-TAB-32X32","11323","Ocean",750,638.24,111.76,"14.90%"
"U SIDE TABLE 13"" x 30"" x 21""","FIN-OCN-SID-TAB-13X30","11324","Ocean",625,638.24,-13.24,"-2.12%"
"WATERFALL SIDE TABLE 40"" x 13"" x 12""","FIN-WFT-SID-TAB-40X13","11325","Waterfall",985,638.24,346.76,"35.20%"
"DAISY BASE ROUND TABLE (DINING HEIGHT) 42"" x 30""","FIN-DAI-DIN-TAB-42X30","11326","Daisy",4280,638.24,3641.76,"85.09%"
"DAISY BASE ROUND TABLE (DINING HEIGHT) 56"" x 30""","FIN-DAI-DIN-TAB-56X30","11327","Daisy",4880,638.24,4241.76,"86.92%"
"DAISY BASE OVAL TABLE 108"" X 56"" X 30""","FIN-DAI-TAB-108X56","11328","Daisy",7360,638.24,6721.76,"91.33%"
"DAISY BASE TABLE (BAR HEIGHT) 42"" x 120"" x 42""","FIN-DAI-BAR-TAB-42X120","11329","Daisy",7080,638.24,6441.76,"90.99%"
"DAISY BASE TABLE (BAR HEIGHT) 42"" x 72"" x 42""","FIN-DAI-BAR-TAB-42X72","11330","Daisy",5400,638.24,4761.76,"88.18%"
"DAISY BASE TABLE (BAR HEIGHT) 42"" x 96"" x 42""","FIN-DAI-BAR-TAB-42X96","11331","Daisy",6240,638.24,5601.76,"89.77%"
"DAISY BASE TABLE (BAR HEIGHT) 56"" x 120"" x 42""","FIN-DAI-BAR-TAB-56X120","11332","Daisy",7380,638.24,6741.76,"91.35%"
"DAISY BASE TABLE (BAR HEIGHT) 56"" x 56"" x 42""","FIN-DAI-BAR-TAB-56X56","11333","Daisy",4980,638.24,4341.76,"87.18%"
"DAISY BASE TABLE (BAR HEIGHT) 56"" x 72"" x 42""","FIN-DAI-BAR-TAB-56X72","11334","Daisy",5940,638.24,5301.76,"89.26%"
"DAISY BASE TABLE (BAR HEIGHT) 56"" x 96"" x 42""","FIN-DAI-BAR-TAB-56X96","11335","Daisy",6660,638.24,6021.76,"90.42%"
"DAISY BASE TABLE (COUNTER HEIGHT) 42"" x 120"" x 36""","FIN-DAI-CNT-TAB-42X120","11336","Daisy",6840,638.24,6201.76,"90.67%"
"DAISY BASE TABLE (COUNTER HEIGHT) 42"" x 72"" x 36""","FIN-DAI-CNT-TAB-42X72","11337","Daisy",5280,638.24,4641.76,"87.91%"
"DAISY BASE TABLE (COUNTER HEIGHT) 42"" x 96"" x 36""","FIN-DAI-CNT-TAB-42X96","11338","Daisy",6120,638.24,5481.76,"89.57%"
"DAISY BASE TABLE (COUNTER HEIGHT) 56"" x 120"" x 36""","FIN-DAI-CNT-TAB-56X120","11339","Daisy",7260,638.24,6621.76,"91.21%"
"DAISY BASE TABLE (COUNTER HEIGHT) 56"" x 56"" x 36""","FIN-DAI-CNT-TAB-56X56","11340","Daisy",4860,638.24,4221.76,"86.87%"
"DAISY BASE TABLE (COUNTER HEIGHT) 56"" x 72"" x 36""","FIN-DAI-CNT-TAB-56X72","11341","Daisy",5820,638.24,5181.76,"89.03%"
"DAISY BASE TABLE (COUNTER HEIGHT) 56"" x 96"" x 36""","FIN-DAI-CNT-TAB-56X96","11342","Daisy",6540,638.24,5901.76,"90.24%"
"DAISY BASE TABLE (DINING HEIGHT) 56"" x 72"" x 30""","FIN-DAI-DIN-TAB-56X72","11343","Daisy",5640,638.24,5001.76,"88.68%"
"DAISY BASE TABLE (DINING HEIGHT) 56"" x 96"" x 30""","FIN-DAI-DIN-TAB-56X96","11344","Daisy",6360,638.24,5721.76,"89.96%"
"BROOKLYN TABLE (BAR HEIGHT) 28"" x 120"" x 42""","FIN-BRK-BAR-TAB-28X120","11345","Brooklyn",4560,638.24,3921.76,"86.00%"
"BROOKLYN TABLE (BAR HEIGHT) 28"" x 72"" x 42""","FIN-BRK-BAR-TAB-28X72","11346","Brooklyn",3360,638.24,2721.76,"81.00%"
"BROOKLYN TABLE (BAR HEIGHT) 28"" x 96"" x 42""","FIN-BRK-BAR-TAB-28X96","11347","Brooklyn",3840,638.24,3201.76,"83.38%"
"BROOKLYN TABLE (BAR HEIGHT) 36"" x 120"" x 42""","FIN-BRK-BAR-TAB-36X120","11348","Brooklyn",5160,638.24,4521.76,"87.63%"
"BROOKLYN TABLE (BAR HEIGHT) 36"" x 72"" x 42""","FIN-BRK-BAR-TAB-36X72","11349","Brooklyn",3720,638.24,3081.76,"82.84%"
"BROOKLYN TABLE (BAR HEIGHT) 36"" x 96"" x 42""","FIN-BRK-BAR-TAB-36X96","11350","Brooklyn",4440,638.24,3801.76,"85.63%"
"BROOKLYN TABLE (COUNTER HEIGHT) 28"" x 72"" x 36""","FIN-BRK-CNT-TAB-28X72","11351","Brooklyn",3480,638.24,2841.76,"81.66%"
"BROOKLYN TABLE (COUNTER HEIGHT) 28"" x 120"" x 36""","FIN-BRK-CNT-TAB-28X120","11352","Brooklyn",4320,638.24,3681.76,"85.23%"
"BROOKLYN TABLE (COUNTER HEIGHT) 28"" x 72"" x 36"" (alt)","FIN-BRK-CNT-TAB-28X72-TABLECOUNTER","11353","Brooklyn",3480,638.24,2841.76,"81.66%"
"BROOKLYN TABLE (COUNTER HEIGHT) 28"" x 96"" x 36""","FIN-BRK-CNT-TAB-28X96","11354","Brooklyn",3720,638.24,3081.76,"82.84%"
"BROOKLYN TABLE (COUNTER HEIGHT) 36"" x 120"" x 36""","FIN-BRK-CNT-TAB-36X120","11355","Brooklyn",4920,638.24,4281.76,"87.03%"
"BROOKLYN TABLE (COUNTER HEIGHT) 36"" x 72"" x 36""","FIN-BRK-CNT-TAB-36X72","11356","Brooklyn",3480,638.24,2841.76,"81.66%"
"BROOKLYN TABLE (COUNTER HEIGHT) 36"" x 96"" x 36""","FIN-BRK-CNT-TAB-36X96","11357","Brooklyn",4200,638.24,3561.76,"84.80%"
"BROOKLYN TABLE (DINING HEIGHT) 28"" x 120"" x 30""","FIN-BRK-DIN-TAB-28X120","11358","Brooklyn",4080,638.24,3441.76,"84.36%"
"BROOKLYN TABLE (DINING HEIGHT) 28"" x 72"" x 30""","FIN-BRK-DIN-TAB-28X72","11359","Brooklyn",2880,638.24,2241.76,"77.84%"
"BROOKLYN TABLE (DINING HEIGHT) 28"" x 96"" x 30""","FIN-BRK-DIN-TAB-28X96","11360","Brooklyn",3480,638.24,2841.76,"81.66%"
"BROOKLYN TABLE (DINING HEIGHT) 36"" x 120"" x 30""","FIN-BRK-DIN-TAB-36X120","11361","Brooklyn",4680,638.24,4041.76,"86.36%"
"BROOKLYN TABLE (DINING HEIGHT) 36"" x 72"" x 30""","FIN-BRK-DIN-TAB-36X72","11362","Brooklyn",3240,638.24,2601.76,"80.30%"
"BROOKLYN TABLE (DINING HEIGHT) 36"" x 96"" x 30""","FIN-BRK-DIN-TAB-36X96","11363","Brooklyn",3960,638.24,3321.76,"83.88%"
"STAR LEG TABLE (BAR HEIGHT) 36"" x 72"" x 42""","FIN-BRK-BAR-TAB-36X72-STARLEG","11364","Brooklyn",4440,638.24,3801.76,"85.63%"
"STAR LEG TABLE (COUNTER HEIGHT) 36"" x 72"" x 36""","FIN-BRK-CNT-TAB-36X72-STARLEG","11365","Brooklyn",4320,638.24,3681.76,"85.23%"
"STAR LEG TABLE (DINING HEIGHT) 36"" x 72"" x 30""","FIN-BRK-DIN-TAB-36X72-STARLEG","11366","Brooklyn",4200,638.24,3561.76,"84.80%"
"WATERFALL TABLE (BAR HEIGHT) 28"" x 120"" x 42""","FIN-WFT-BAR-TAB-28X120","11367","Waterfall",7440,638.24,6801.76,"91.42%"
"WATERFALL TABLE (BAR HEIGHT) 28"" x 72"" x 42""","FIN-WFT-BAR-TAB-28X72","11368","Waterfall",6000,638.24,5361.76,"89.36%"
"WATERFALL TABLE (BAR HEIGHT) 28"" x 96"" x 42""","FIN-WFT-BAR-TAB-28X96","11369","Waterfall",6720,638.24,6081.76,"90.50%"
"WATERFALL TABLE (BAR HEIGHT) 36"" x 120"" x 42""","FIN-WFT-BAR-TAB-36X120","11370","Waterfall",7800,638.24,7161.76,"91.82%"
"WATERFALL TABLE (BAR HEIGHT) 36"" x 72"" x 42""","FIN-WFT-BAR-TAB-36X72","11371","Waterfall",6360,638.24,5721.76,"89.96%"
"WATERFALL TABLE (BAR HEIGHT) 36"" x 96"" x 42""","FIN-WFT-BAR-TAB-36X96","11372","Waterfall",7080,638.24,6441.76,"90.99%"
"WATERFALL TABLE (COUNTER HEIGHT) 28"" x 120"" x 36""","FIN-WFT-CNT-TAB-28X120","11373","Waterfall",7200,638.24,6561.76,"91.14%"
"WATERFALL TABLE (COUNTER HEIGHT) 28"" x 72"" x 36""","FIN-WFT-CNT-TAB-28X72","11374","Waterfall",5760,638.24,5121.76,"88.92%"
"WATERFALL TABLE (COUNTER HEIGHT) 28"" x 96"" x 36""","FIN-WFT-CNT-TAB-28X96","11375","Waterfall",6480,638.24,5841.76,"90.15%"
"WATERFALL TABLE (COUNTER HEIGHT) 36"" x 120"" x 36""","FIN-WFT-CNT-TAB-36X120","11376","Waterfall",7560,638.24,6921.76,"91.56%"
"WATERFALL TABLE (COUNTER HEIGHT) 36"" x 72"" x 36""","FIN-WFT-CNT-TAB-36X72","11377","Waterfall",6120,638.24,5481.76,"89.57%"
"WATERFALL TABLE (COUNTER HEIGHT) 36"" x 96"" x 36""","FIN-WFT-CNT-TAB-36X96","11378","Waterfall",6840,638.24,6201.76,"90.67%"
"WATERFALL TABLE (DINING HEIGHT) 28"" x 120"" x 30""","FIN-WFT-DIN-TAB-28X120","11379","Waterfall",6960,638.24,6321.76,"90.83%"
"WATERFALL TABLE (DINING HEIGHT) 28"" x 72"" x 30""","FIN-WFT-DIN-TAB-28X72","11380","Waterfall",5520,638.24,4881.76,"88.44%"
"WATERFALL TABLE (DINING HEIGHT) 28"" x 96"" x 30""","FIN-WFT-DIN-TAB-28X96","11381","Waterfall",6240,638.24,5601.76,"89.77%"
"WATERFALL TABLE (DINING HEIGHT) 36"" x 120"" x 30""","FIN-WFT-DIN-TAB-36X120","11382","Waterfall",7320,638.24,6681.76,"91.28%"
"WATERFALL TABLE (DINING HEIGHT) 36"" x 72"" x 30""","FIN-WFT-DIN-TAB-36X72","11383","Waterfall",5880,638.24,5241.76,"89.15%"
"WATERFALL TABLE (DINING HEIGHT) 36"" x 96"" x 30""","FIN-WFT-DIN-TAB-36X96","11384","Waterfall",6600,638.24,5961.76,"90.33%"
"DAISY BASE FIRE PIT DINING TABLE 84"" x 56"" x 30""","FIN-DAI-FIR-TAB-84X56","11385","Daisy",8500,638.24,7861.76,"92.49%"
"DAISY BASE FIRE PIT DINING TABLE 96"" x 56"" x 30""","FIN-DAI-FIR-TAB-96X56","11386","Daisy",8800,638.24,8161.76,"92.75%"
"PROPANE FIRE PIT TABLE 56"" x 42"" x 21""","FIN-DAI-FIR-TAB-56X42","11387","Daisy",6200,638.24,5561.76,"89.71%"
"PROPANE FIRE PIT TABLE 42"" x 42"" x 21""","FIN-DAI-FIR-TAB-42X42","11388","Daisy",4800,638.24,4161.76,"86.70%"
"WATERFALL FIRE PIT TABLE 56"" x 36"" x 16""","FIN-WFT-FIR-TAB-56X36","11389","Waterfall",5980,638.24,5341.76,"89.33%"
"WATERFALL FIRE PIT TABLE 72"" x 36"" x 16""","FIN-WFT-FIR-TAB-72X36","11390","Waterfall",6980,638.24,6341.76,"90.86%"
"CUBE FIRE PIT TABLE 56"" X 36"" X 16""","FIN-WFT-FIR-TAB-56X36-CUBEFIRE","11391","Waterfall",7200,638.24,6561.76,"91.14%"
"CUBE FIRE PIT TABLE 72"" X 36"" X 16""","FIN-WFT-FIR-TAB-72X36-CUBEFIRE","11392","Waterfall",8800,638.24,8161.76,"92.75%"
"FLY LEG BENCH (BAR HEIGHT) 42"" x 18"" x 30"" SH","FIN-WFT-BCH-42X18-FLYLEG","11393","Waterfall",1440,897.76,542.24,"37.66%"
"FLY LEG BENCH (COUNTER HEIGHT) 42"" x 18"" x 24"" SH","FIN-WFT-BCH-42X18-FLYLEG2","11394","Waterfall",1380,897.76,482.24,"34.94%"
"HALF BACK CHAIR (DINING HEIGHT) 17"" x 21"" x 18"" SH","FIN-WFT-DIN-CHA-17X21","11395","Waterfall",770,897.76,-127.76,"-16.59%"
"TAYLOR BARSTOOL w/ARMS (COUNTER HEIGHT) 24"" x 23"" x 24"" SH","FIN-TAY-BST-24X23-BARSTOOLARMS","11396","Taylor",925,897.76,27.24,"2.94%"
"TAYLOR BENCH (BAR HEIGHT) 24"" x 23"" x 42"" SH","FIN-TAY-BCH-24X23","11397","Taylor",1980,897.76,1082.24,"54.66%"
"TAYLOR BENCH (BAR HEIGHT) 72"" x 23"" x 30"" SH","FIN-TAY-BCH-72X23","11398","Taylor",2580,897.76,1682.24,"65.20%"
"TAYLOR BENCH (COUNTER HEIGHT) 42"" x 23"" x 24"" SH","FIN-TAY-BCH-42X23","11399","Taylor",1860,897.76,962.24,"51.73%"
"TAYLOR BENCH (COUNTER HEIGHT) 72"" x 23"" x 24"" SH","FIN-TAY-BCH-72X23-BENCHCOUNTER","11400","Taylor",2460,897.76,1562.24,"63.51%"
"TAYLOR BENCH (DINING HEIGHT) 42"" x 23"" x 18"" SH","FIN-TAY-BCH-42X23-BENCHDINING","11401","Taylor",1740,897.76,842.24,"48.40%"
"TAYLOR BENCH (DINING HEIGHT) 72"" x 23"" x 18"" SH","FIN-TAY-BCH-72X23-BENCHDINING","11402","Taylor",2340,897.76,1442.24,"61.63%"
"BRAVADA ROUNDED BENCH 96"" X 34"" X 18"" SH","FIN-BRV-BCH-96X34","11403","Bravada",2900,897.76,2002.24,"69.04%"
"BRAVADA ROUNDED BACKED BENCH 96"" X 34"" X 18"" SH","FIN-BRV-BCH-96X34-ROUNDEDBACKED","11404","Bravada",3400,897.76,2502.24,"73.60%"
"BRAVADA OTTOMAN 34"" x 34"" x 16""","FIN-BRV-OTT-34X34","11405","Bravada",1060,13.07,1046.93,"98.77%"
"BRAVADA OTTOMAN 34"" x 42"" x 16""","FIN-BRV-OTT-34X42","11406","Bravada",1260,897.76,362.24,"28.75%"
"BRAVADA OTTOMAN 34"" x 60"" x 16""","FIN-BRV-OTT-34X60","11407","Bravada",1500,897.76,602.24,"40.15%"
"BRAVADA OTTOMAN 34"" x 72"" x 16""","FIN-BRV-OTT-34X72","11408","Bravada",1700,897.76,802.24,"47.19%"
"BROOKLYN OTTOMAN 22"" x 42"" x 17""","FIN-BRK-OTT-22X42","11409","Brooklyn",935,897.76,37.24,"3.98%"
"BROOKLYN OTTOMAN 22"" x 60"" x 17""","FIN-BRK-OTT-22X60","11410","Brooklyn",1080,897.76,182.24,"16.87%"
"BROOKLYN OTTOMAN 22"" x 72"" x 17""","FIN-BRK-OTT-22X72","11411","Brooklyn",1300,897.76,402.24,"30.94%"
"BROOKLYN OTTOMAN 34"" x 34"" x 17""","FIN-BRK-OTT-34X34","11412","Brooklyn",1180,897.76,282.24,"23.92%"
"BROOKLYN OTTOMAN 34"" x 42"" x 17""","FIN-BRK-OTT-34X42","11413","Brooklyn",1380,897.76,482.24,"34.94%"
"BROOKLYN OTTOMAN 34"" x 60"" x 17""","FIN-BRK-OTT-34X60","11414","Brooklyn",1650,897.76,752.24,"45.59%"
"BROOKLYN OTTOMAN 34"" x 72"" x 17""","FIN-BRK-OTT-34X72","11415","Brooklyn",1900,897.76,1002.24,"52.75%"
"BROOKLYN OTTOMAN 56"" x 42"" x 17""","FIN-BRK-OTT-56X42","11416","Brooklyn",1740,897.76,842.24,"48.40%"
"OCEAN OTTOMAN 42"" x 22"" x 16""","FIN-OCN-OTT-42X22","11417","Ocean",1080,13.07,1066.93,"98.79%"
"OCEAN OTTOMAN 60"" x 22"" x 16""","FIN-OCN-OTT-60X22","11418","Ocean",1280,13.07,1266.93,"98.98%"
"OCEAN OTTOMAN 72"" x 22"" x 16""","FIN-OCN-OTT-72X22","11419","Ocean",1480,13.07,1466.93,"99.12%"
"CUBE OTTOMAN 22"" x 22"" x 16""","FIN-MIS-OTT-22X22","11420","Miscellaneous",650,897.76,-247.76,"-38.12%"
"CUSTOM STORAGE OTTOMAN 22"" x 72"" x 23""","FIN-CUS-OTT-22X72","11421","Miscellaneous",1950,897.76,1052.24,"53.96%"
"BRAVADA SWING 66"" x 42"" w/FRAME x 84""","FIN-BRV-SWG-66X42-SWINGFRAME","11422","Bravada",7280,13.07,7266.93,"99.82%"
"BRAVADA SWING FRAME ONLY 66-72"" x 42"" x 84""","FIN-BRV-SWG-72X42-SWINGFRAME","11423","Bravada",3200,13.07,3186.93,"99.59%"
"BRAVADA SWING FRAME ONLY 84""+ Thicker Gauge","FIN-BRV-SWG-84","11424","Bravada",4200,13.07,4186.93,"99.69%"
"BRAVADA SWING 72"" x 42"" w/FRAME","FIN-BRV-SWG-72X42-SWINGFRAME2","11425","Bravada",8240,13.07,8226.93,"99.84%"
"BRAVADA SWING 84"" x 42"" x 23"" BH","FIN-BRV-SWG-84X42","11426","Bravada",4900,13.07,4886.93,"99.73%"
"CABANA DAYBED 84"" x 84"" x 78""","FIN-CAB-DYB-84X84","11427","Cabana",7980,1017.64,6962.36,"87.25%"
"CABANA 10' X 10' X 9' w/Sunbrella Top & Curtains","FIN-CAB-MIS-10X10","11428","Cabana",14000,1017.64,12982.36,"92.73%"
"LUMBAR PILLOW (alt size)","FIN-CAB-MIS","11429","Cabana",120,13.07,106.93,"89.11%"
"FLEXY TWIN NO BASE","FIN-ESY-MIS","11430","Flexy",8500,13.07,8486.93,"99.85%"
"FLEXY TWIN BASE","FIN-ESY-MIS-TWINBASE","11431","Flexy",2100,13.07,2086.93,"99.38%"
"FLEXY ZEN COVER","FIN-ESY-MIS-ZENCOVER","11432","Flexy",450,13.07,436.93,"97.10%"
"FLEXY ZEN SHADE SYSTEM, NO BASE","FIN-ESY-MIS-ZENSHADE","11433","Flexy",11750,13.07,11736.93,"99.89%"
"FLEXY ZEN SHADE SYSTEM BASES","FIN-ESY-MIS-ZENSHADE2","11434","Flexy",7000,13.07,6986.93,"99.81%"
"ADD IRONWOOD (2 ARMS)","FIN-ESY-MIS-ADDIRONWOOD","11435","Flexy",200,13.07,186.93,"93.47%"
"PILLOW FOR LOUNGERS W/POCKET","FIN-TJM-MIS-PILLOWLOUNGERS","11436","Tenjam",154.99,13.07,141.92,"91.57%"
"ONE 4 LB. COATED LEAD WEIGHT","FIN-TJM-MIS-ONECOATED","11437","Tenjam",59.99,13.07,46.92,"78.22%"
"TWO 4 LB. COATED LEAD WEIGHTS (8 LBS. TOTAL)","FIN-TJM-MIS-TWOCOATED","11438","Tenjam",94.99,13.07,81.92,"86.24%"
"TWO SHAYZ LOUNGERS & TWO SETS OF 4"" RISERS, FOR 9"" DEPTH","FIN-TJM-MIS-TWOSHAYZ2","11439","Tenjam",1749.99,13.07,1736.92,"99.25%"
"TWO SHAYZ LOUNGERS & TWO SETS OF 8"" RISERS, FOR 13"" DEPTH","FIN-TJM-MIS-13","11440","Tenjam",1849.99,13.07,1836.92,"99.29%"
"TWO SHAYZ LOUNGERS & TWO SETS OF 12"" RISERS FOR 17"" DEPTH","FIN-TJM-MIS-12X17","11441","Tenjam",1849.99,13.07,1836.92,"99.29%"
"MIBSTER CHAIR W/CUP HOLDERS","FIN-TJM-CHA-MIBSTERCHAIR","11442","Tenjam",749.99,13.07,736.92,"98.26%"
"MARINA 2x2 UMBRELLA NO BASE","FIN-MLN-UMB-MARINAUMBRELLA","11443","Marina",700,13.07,686.93,"98.13%"
"MARINA UMBRELLA COVER","FIN-MLN-UMB-MARINAUMBRELLA2","11444","Marina",100,13.07,86.93,"86.93%"
"OCCASIONAL TABLE 56""x14""x36""","FIN-MLN-TAB-56X14","11445","Marina",3080,638.24,2441.76,"79.28%"
"FABRICATED DEKTON SLAB","FIN-MLN-MIS","11446","Marina",4000,13.07,3986.93,"99.67%"
"CANTILEVER UMBRELLA COVER","FIN-MLN-UMB-CANTILEVERUMBR","11447","Marina",150,13.07,136.93,"91.29%"
"CUSTOM STORAGE OTTOMAN 23"" x 82""","FIN-CUS-OTT-23X82","11448","Miscellaneous",2150,897.76,1252.24,"58.24%"
"FLEXY ZEN TWIN BASE","FIN-ESY-MIS-ZENTWIN","11449","Flexy",500,13.07,486.93,"97.39%"
"FLEXY ZEN BASE","FIN-ESY-MIS-ZENBASE","11450","Flexy",0,13.07,-13.07,
"UNFABRICATED DEKTON SLAB","FIN-ESY-MIS-UNFABRICATEDDE","11451","Flexy",2500,13.07,2486.93,"99.48%"
"WEATHERPROOF COVERS","FIN-ESY-MIS-WEATHERPROOFCO","11452","Flexy",0,13.07,-13.07,
"ADD-ON WHEELS FOR CHAISE LOUNGERS","FIN-ESY-CHS","11453","Flexy",200,1017.64,-817.64,"-408.82%"
"FIN-BRV-CLB-CHA-34X34","","11454",,0,0,0,
"Waterfall Dining Table 72x28","FIN-WFT-DIN-TAB-72X28","11455","Dining Tables",0,13.07,-13.07,
"Waterfall Dining Table Base Frame","SA-WFT-DIN-TAB-72X28-BASE","11457","Waterfall",0,305.95,-305.95,
"BROOKLYN TABLE (BAR HEIGHT) 28 X 120","FIN-BRK-BAR-TAB-120X28","11633",,0,638.24,-638.24,
"BROOKLYN TABLE (BAR HEIGHT) 36 X 120","FIN-BRK-BAR-TAB-120X36","11634",,0,638.24,-638.24,
"BROOKLYN TABLE (BAR HEIGHT) 28 X 72","FIN-BRK-BAR-TAB-72X28","11514",,0,638.24,-638.24,
"BROOKLYN TABLE (BAR HEIGHT) 36 X 72","FIN-BRK-BAR-TAB-72X36","11515",,0,638.24,-638.24,
"BROOKLYN TABLE (BAR HEIGHT) 36 X 96","FIN-BRK-BAR-TAB-96X36","11635",,0,638.24,-638.24,
"BROOKLYN TABLE (BAR HEIGHT) 28 X 96","FIN-BRK-BAR-TAB-98X28","11818",,0,638.24,-638.24,
"BROOKLYN TABLE (COUNTER HEIGHT) 28 X 120","FIN-BRK-CNT-TAB-120X28","11516",,0,638.24,-638.24,
"BROOKLYN TABLE (COUNTER HEIGHT) 36 X 120","FIN-BRK-CNT-TAB-120X36","11819",,0,638.24,-638.24,
"BROOKLYN TABLE (COUNTER HEIGHT) 18 X 72","FIN-BRK-CNT-TAB-72X18","11517",,0,638.24,-638.24,
"BROOKLYN TABLE (COUNTER HEIGHT) 28 X 72","FIN-BRK-CNT-TAB-72X28","11820",,0,638.24,-638.24,
"BROOKLYN TABLE (COUNTER HEIGHT) 36 X 72","FIN-BRK-CNT-TAB-72X36","11518",,0,638.24,-638.24,
"BROOKLYN TABLE (COUNTER HEIGHT) 28 X 96","FIN-BRK-CNT-TAB-96X28","11636",,0,638.24,-638.24,
"BROOKLYN TABLE (COUNTER HEIGHT) 36 X 96","FIN-BRK-CNT-TAB-96X36","11821",,0,638.24,-638.24,
"BROOKLYN TABLE (DINING HEIGHT) 28 X 120","FIN-BRK-DIN-TAB-120X28","11918",,0,638.24,-638.24,
"BROOKLYN TABLE (DINING HEIGHT) 36 X 120","FIN-BRK-DIN-TAB-120X36","11637",,0,638.24,-638.24,
"BROOKLYN TABLE (DINING HEIGHT) 28 X 72","FIN-BRK-DIN-TAB-72X28","11822",,0,638.24,-638.24,
"BROOKLYN TABLE (DINING HEIGHT) 36 X 72","FIN-BRK-DIN-TAB-72X36","11638",,0,638.24,-638.24,
"BROOKLYN TABLE (DINING HEIGHT) 28 X 96","FIN-BRK-DIN-TAB-96X28","11919",,0,638.24,-638.24,
"BROOKLYN TABLE (DINING HEIGHT) 36 X 96","FIN-BRK-DIN-TAB-96X36","11920",,0,638.24,-638.24,
"BROOKLYN OTTOMAN 22 X 42","FIN-BRK-OTT-42X22","11823",,0,897.76,-897.76,
"BROOKLYN OTTOMAN 34 X 42","FIN-BRK-OTT-42X34","11519",,0,897.76,-897.76,
"BROOKLYN OTTOMAN 22 X 60","FIN-BRK-OTT-60X22","11639",,0,897.76,-897.76,
"BROOKLYN OTTOMAN 34 X 60","FIN-BRK-OTT-60X34","11824",,0,897.76,-897.76,
"BROOKLYN OTTOMAN 22 X 72","FIN-BRK-OTT-72X22","11561",,0,897.76,-897.76,
"BROOKLYN OTTOMAN 34 X 72","FIN-BRK-OTT-72X34","11520",,0,897.76,-897.76,
"CUSTOM STORAGE OTTOMAN 22 X 72","FIN-CUS-OTT-72X22","11521",,0,897.76,-897.76,
"CUSTOM STORAGE OTTOMAN 23 X 82","FIN-CUS-OTT-82X23","11522",,0,897.76,-897.76,
"DAISY BASE TABLE (BAR HEIGHT) 42 X 120","FIN-DAI-BAR-TAB-120X42","11523",,0,638.24,-638.24,
"DAISY BASE TABLE (BAR HEIGHT) 56 X 120","FIN-DAI-BAR-TAB-120X56","11640",,0,638.24,-638.24,
"DAISY BASE TABLE (BAR HEIGHT) 42 X 72","FIN-DAI-BAR-TAB-72X42","11921",,0,638.24,-638.24,
"DAISY BASE TABLE (BAR HEIGHT) 56 X 72","FIN-DAI-BAR-TAB-72X56","11922",,0,638.24,-638.24,
"DAISY BASE TABLE (BAR HEIGHT) 42 X 96","FIN-DAI-BAR-TAB-96X42","11923",,0,638.24,-638.24,
"DAISY BASE TABLE (BAR HEIGHT) 56 X 96","FIN-DAI-BAR-TAB-96X56","11562",,0,638.24,-638.24,
"DAISY BASE TABLE (COUNTER HEIGHT) 42 X 120","FIN-DAI-CNT-TAB-120X42","11641",,0,638.24,-638.24,
"DAISY BASE TABLE (COUNTER HEIGHT) 56 X 120","FIN-DAI-CNT-TAB-120X56","11563",,0,638.24,-638.24,
"DAISY BASE TABLE (COUNTER HEIGHT) 42 X 72","FIN-DAI-CNT-TAB-72X42","11924",,0,638.24,-638.24,
"DAISY BASE TABLE (COUNTER HEIGHT) 56 X 72","FIN-DAI-CNT-TAB-72X56","11925",,0,638.24,-638.24,
"DAISY BASE TABLE (COUNTER HEIGHT) 42 X 96","FIN-DAI-CNT-TAB-96X42","11642",,0,638.24,-638.24,
"DAISY BASE TABLE (COUNTER HEIGHT) 56 X 96","FIN-DAI-CNT-TAB-96X56","11926",,0,638.24,-638.24,
"DAISY BASE TABLE (DINING HEIGHT) 42 X 120","FIN-DAI-DIN-TAB-120X42","11825",,0,638.24,-638.24,
"DAISY BASE TABLE (DINING HEIGHT) 56 X 120","FIN-DAI-DIN-TAB-120X56","11643",,0,638.24,-638.24,
"DAISY BASE ROUND TABLE (DINING HEIGHT) 42","FIN-DAI-DIN-TAB-42X42","11927",,0,638.24,-638.24,
"DAISY BASE TABLE (DINING HEIGHT) 56 X 56","FIN-DAI-DIN-TAB-56X56","11524",,0,638.24,-638.24,
"DAISY BASE TABLE (DINING HEIGHT) 42 X 72","FIN-DAI-DIN-TAB-72X42","11525",,0,638.24,-638.24,
"DAISY BASE TABLE (DINING HEIGHT) 56 X 72","FIN-DAI-DIN-TAB-72X56","11826",,0,638.24,-638.24,
"DAISY BASE TABLE (DINING HEIGHT) 42 X 96","FIN-DAI-DIN-TAB-96X42","11928",,0,638.24,-638.24,
"DAISY BASE TABLE (DINING HEIGHT) 56 X 96","FIN-DAI-DIN-TAB-96X56","11526",,0,638.24,-638.24,
"FLY LEG BENCH (BAR HEIGHT) 42","FIN-FLY-BCH-42X18","11929",,0,897.76,-897.76,
"FLY LEG CHAIR (DINING HEIGHT)","FIN-FLY-DIN-CHA-18X18","11564",,0,897.76,-897.76,
"FLY LEG BARSTOOL (BAR HEIGHT)","FIN-FLY-FLY-BST-18X18","11527",,0,897.76,-897.76,
"FLY LEG BARSTOOL (COUNTER HEIGHT)","FIN-FLY-LEG-BAR-COU-HEI","11930",,0,897.76,-897.76,
"FLY LEG BENCH (COUNTER HEIGHT) 42","FIN-FLY-LEG-BEN-COU-HEI-42","11827",,0,897.76,-897.76,
"FLY LEG BENCH (DINING HEIGHT) 42","FIN-FLY-LEG-BEN-DIN-HEI-42","11644",,0,897.76,-897.76,
"FLY TABLE 8","FIN-FLY-TAB-38X8","11828",,0,638.24,-638.24,
"FLY TABLE 60","FIN-FLY-TAB-60X12","11645",,0,638.24,-638.24,
"FLY TABLE 72","FIN-FLY-TAB-72X12","11646",,0,638.24,-638.24,
"FLY TABLE 84","FIN-FLY-TAB-84X12","11565",,0,638.24,-638.24,
"FLY TABLE 96","FIN-FLY-TAB-96X12","11528",,0,638.24,-638.24,
"HALF BACK BARSTOOL (BAR HEIGHT)","FIN-HAL-BAC-BAR-BAR-HEI","11829",,0,897.76,-897.76,
"LEDGE LOUNGER SIGNATURE LOWBACK CHAIR","FIN-LED-CHA","11931",,0,897.76,-897.76,
"LEDGE LOUNGER AUTOGRAPH SIDE TABLE","FIN-LED-SID-TAB","11566",,0,638.24,-638.24,
"DINING BENCH W/NO ARMS 72 X 22","FIN-MIS-DIN-BCH-72X22","11647",,0,897.76,-897.76,
"DINING BENCH W/NO ARMS 96 X 22","FIN-MIS-DIN-BCH-96X22","11648",,0,897.76,-897.76,
"HALF BACK CHAIR (DINING HEIGHT","FIN-MIS-DIN-CHA-17X21","11830",,0,897.76,-897.76,
"PROPANE FIRE PIT TABLE 42 X 42","FIN-MIS-FIR-TAB-42X42","11529",,0,638.24,-638.24,
"HALF BACK BARSTOOL (COUNTER HEIGHT)","FIN-MIS-FLY-BST-17X21","11831",,0,897.76,-897.76,
"U SIDE TABLE","FIN-MIS-SID-TAB-13X30","11567",,0,638.24,-638.24,
"T TABLE","FIN-MIS-TAB-13X30","11832",,0,638.24,-638.24,
"OCCASIONAL TABLE","FIN-OCC-TAB-56X14","11530",,0,638.24,-638.24,
"OCEAN MINI LOVESEAT 48","FIN-OCN-MIN-LOV-60X48","11568",,0,294.31,-294.31,
"OCEAN SWIVEL CHAIR 34","FIN-OCN-SWV-CHA-34X34","11569",,0,192.65,-192.65,
"STAR LEG TABLE (BAR HEIGHT) 36 X 36","FIN-STA-BAR-TAB-36X36","11531",,0,638.24,-638.24,
"STAR LEG TABLE (BAR HEIGHT) 42 X 42","FIN-STA-BAR-TAB-42X42","11570",,0,638.24,-638.24,
"STAR LEG TABLE (BAR HEIGHT) 36 X 72","FIN-STA-BAR-TAB-72X36","11571",,0,638.24,-638.24,
"STAR LEG TABLE (COUNTER HEIGHT) 36 X 36","FIN-STA-CNT-TAB-36X36","11572",,0,638.24,-638.24,
"STAR LEG TABLE (COUNTER HEIGHT) 42 X 42","FIN-STA-CNT-TAB-42X42","11573",,0,638.24,-638.24,
"STAR LEG TABLE (COUNTER HEIGHT) 36 X 72","FIN-STA-CNT-TAB-72X36","11649",,0,638.24,-638.24,
"STAR LEG TABLE (DINING HEIGHT) 36 X 36","FIN-STA-DIN-TAB-36X36","11833",,0,638.24,-638.24,
"STAR LEG TABLE (DINING HEIGHT) 42 X 42","FIN-STA-DIN-TAB-42X42","11834",,0,638.24,-638.24,
"STAR LEG TABLE (DINING HEIGHT) 36 X 72","FIN-STA-DIN-TAB-72X36","11574",,0,638.24,-638.24,
"TAYLOR BARSTOOL W/ARMS (COUNTER HEIGHT)","FIN-TAY-BAR-W-ARM-COU-HEI","11532",,0,897.76,-897.76,
"TAYLOR BENCH (BAR HEIGHT) 72","FIN-TAY-BEN-BAR-HEI-72","11575",,0,897.76,-897.76,
"TAYLOR BENCH (DINING HEIGHT) 42","FIN-TAY-BEN-DIN-HEI-42","11576",,0,897.76,-897.76,
"TAYLOR BENCH (DINING HEIGHT) 72","FIN-TAY-BEN-DIN-HEI-72","11835",,0,897.76,-897.76,
"TAYLOR BARSTOOL (COUNTER HEIGHT)","FIN-TAY-BST-18X23","11577",,0,897.76,-897.76,
"TAYLOR CHAIR (DINING HEIGHT)","FIN-TAY-DIN-CHA-19X23","11533",,0,897.76,-897.76,
"TRIANGLE SIDE TABLE","FIN-TRI-SID-TAB-32X32","11836",,0,638.24,-638.24,
"WATERFALL TABLE (BAR HEIGHT) 28 X 120","FIN-WFT-BAR-TAB-120X28","11534",,0,638.24,-638.24,
"WATERFALL TABLE (BAR HEIGHT) 36 X 120","FIN-WFT-BAR-TAB-120X36","11535",,0,638.24,-638.24,
"WATERFALL TABLE (BAR HEIGHT) 28 X 72","FIN-WFT-BAR-TAB-72X28","11578",,0,638.24,-638.24,
"WATERFALL TABLE (BAR HEIGHT) 36 X 72","FIN-WFT-BAR-TAB-72X36","11837",,0,638.24,-638.24,
"WATERFALL TABLE (BAR HEIGHT) 28 X 96","FIN-WFT-BAR-TAB-96X28","11932",,0,638.24,-638.24,
"WATERFALL TABLE (BAR HEIGHT) 36 X 96","FIN-WFT-BAR-TAB-96X36","11536",,0,638.24,-638.24,
"WATERFALL TABLE (COUNTER HEIGHT) 28 X 120","FIN-WFT-CNT-TAB-120X28","11579",,0,638.24,-638.24,
"WATERFALL TABLE (COUNTER HEIGHT) 36 X 120","FIN-WFT-CNT-TAB-120X36","11537",,0,638.24,-638.24,
"WATERFALL TABLE (COUNTER HEIGHT) 28 X 72","FIN-WFT-CNT-TAB-72X28","11538",,0,638.24,-638.24,
"WATERFALL TABLE (COUNTER HEIGHT) 36 X 72","FIN-WFT-CNT-TAB-72X36","11580",,0,638.24,-638.24,
"WATERFALL TABLE (COUNTER HEIGHT) 28 X 96","FIN-WFT-CNT-TAB-96X28","11539",,0,638.24,-638.24,
"WATERFALL TABLE (COUNTER HEIGHT) 36 X 96","FIN-WFT-CNT-TAB-96X36","11933",,0,638.24,-638.24,
"WATERFALL TABLE (DINING HEIGHT) 28 X 120","FIN-WFT-DIN-TAB-120X28","11934",,0,638.24,-638.24,
"WATERFALL TABLE (DINING HEIGHT) 36 X 120","FIN-WFT-DIN-TAB-120X36","11650",,0,638.24,-638.24,
"WATERFALL TABLE (DINING HEIGHT) 36 X 72","FIN-WFT-DIN-TAB-72X36","11651",,0,638.24,-638.24,
"WATERFALL TABLE (DINING HEIGHT) 28 X 96","FIN-WFT-DIN-TAB-96X28","11838",,0,638.24,-638.24,
"WATERFALL TABLE (DINING HEIGHT) 36 X 96","FIN-WFT-DIN-TAB-96X36","11540",,0,638.24,-638.24,
"WATERFALL SIDE TABLE 40X13","FIN-WFT-SID-TAB-13X40","11935",,0,638.24,-638.24,
"Bravada Armless Sofa 72 Frame","SA-BRA-AS-72-FRAME","11582",,0,521.44,-521.44,
"Bravada Armless Sofa 84 Frame","SA-BRA-AS-84-FRAME","11541",,0,546.92,-546.92,
"Bravada Armless Sofa 96 Frame","SA-BRA-AS-96-FRAME","11652",,0,332.4,-332.4,
"Bravada Chaise 34 X 72 Frame","SA-BRA-C-34X72-LS-FRAME","11583",,0,521.2,-521.2,
"Bravada Chaise 34 X 72 Frame","SA-BRA-C-34X72-RS-FRAME","11584",,0,521.2,-521.2,
"Bravada Chaise 34 X 84 Frame","SA-BRA-C-34X84-LS-FRAME","11542",,0,549.23,-549.23,
"Bravada Chaise 34 X 84 Frame","SA-BRA-C-34X84-RS-FRAME","11653",,0,549.23,-549.23,
"Bravada Chaise 42X72 Frame","SA-BRA-C-42X72-LS-FRAME","11936",,0,552.12,-552.12,
"Bravada Chaise 42X72 Frame","SA-BRA-C-42X72-RS-FRAME","11839",,0,552.12,-552.12,
"Bravada Chaise 42 X 84 Frame","SA-BRA-C-42X84-LS-FRAME","11654",,0,583.28,-583.28,
"Bravada Chaise 42 X 84 Frame","SA-BRA-C-42X84-RS-FRAME","11655",,0,583.28,-583.28,
"Bravada Cabana Daybed 78 Frame","SA-BRA-CADA-78X78-FRAME","11840",,0,819.6,-819.6,
"Bravada Cabana Daybed 84 Frame","SA-BRA-CADA-84X78-FRAME","11937",,0,866.07,-866.07,
"Bravada Corner Sofa 72 Frame","SA-BRA-CS-72-LS-FRAME","11656",,0,532.98,-532.98,
"Bravada Corner Sofa 72 Frame","SA-BRA-CS-72-RS-FRAME","11938",,0,532.98,-532.98,
"Bravada Corner Sofa 84 Frame","SA-BRA-CS-84-LS-FRAME","11657",,0,558.45,-558.45,
"Bravada Corner Sofa 84 Frame","SA-BRA-CS-84-RS-FRAME","11658",,0,558.45,-558.45,
"Bravada Corner Sofa 96 Frame","SA-BRA-CS-96-LS-FRAME","11543",,0,597.79,-597.79,
"Bravada Corner Sofa 96 Frame","SA-BRA-CS-96-RS-FRAME","11544",,0,597.79,-597.79,
"Bravada Coffee Table 42 x 28 Frame","SA-BRA-CT-42X28-FRAME","11545",,0,619.4,-619.4,
"Bravada Coffee Table 56 x 28 Frame","SA-BRA-CT-56X28-FRAME","11940",,0,543.25,-543.25,
"Bravada Coffee Table 56 x 36 Frame","SA-BRA-CT-56X36-FRAME","11546",,0,665.56,-665.56,
"Bravada Coffee table 56 x 42 Frame","SA-BRA-CT-56X42-FRAME","11585",,0,677.1,-677.1,
"Bravada Coffee Table 72 x 36 Frame","SA-BRA-CT-72X36-FRAME","11842",,0,799.4,-799.4,
"Bravada Coffee Table 72 x 42 Frame","SA-BRA-CT-72X42-FRAME","11941",,0,810.94,-810.94,
"Bravada Coffee Table 72 x 56 Frame","SA-BRA-CT-72X56-FRAME","11660",,0,839.79,-839.79,
"Bravada Daybed 78 Frame","SA-BRA-D-7872-FRAME","11547",,0,819.6,-819.6,
"Bravada Ottoman 30X22 Frame","SA-BRA-ODT-30X22-FRAME","11846",,0,325.51,-325.51,
"Bravada Ottoman 34X34 Frame","SA-BRA-ODT-34X34-FRAME","11548",,0,339.2,-339.2,
"Bravada Ottoman 42X22 Frame","SA-BRA-ODT-42X22-FRAME","11586",,0,320.94,-320.94,
"Bravada Ottoman 42X34 Frame","SA-BRA-ODT-42X34-FRAME","11847",,0,253.63,-253.63,
"Bravada Ottoman 60X22 Frame","SA-BRA-ODT-60X22-FRAME","11942",,0,358.43,-358.43,
"Bravada Ottoman 72X22 Frame","SA-BRA-ODT-72X22-FRAME","11848",,0,371.41,-371.41,
"Daisy Base Table 72 x 42 Dining Height FRAME","SA-DAI-TAB-72X42-FRAME","11627",,0,625.17,-625.17,
"Ocean Coffee Table 42 x 28 Frame","SA-OCE-CT-42X28-FRAME","11893",,0,3888.15,-3888.15,
"Ocean Coffee Table 56 x 28 Frame","SA-OCE-CT-56X28-FRAME","11720",,0,5054.49,-5054.49,
"Ocean Coffee Table 56 x 36 Frame","SA-OCE-CT-56X36-FRAME","11797",,0,6374.96,-6374.96,
"Ocean Coffee Table 56 x 42 Frame","SA-OCE-CT-56X42-FRAME","11752",,0,7354.82,-7354.82,
"Ocean Coffee Table 72 x 36 Frame","SA-OCE-CT-72X36-FRAME","11894",,0,8091.92,-8091.92,
"Ocean Coffee Table 72 x 42 Frame","SA-OCE-CT-72X42-FRAME","11895",,0,9365.78,-9365.78,
"Ocean Coffee Table 72 x 56 Frame","SA-OCE-CT-72X56-FRAME","11722",,0,12338.11,-12338.11,
"Ocean Mini Loveseat Frame","SA-OCE-ML-FRAME","11753",,0,542.37,-542.37,
"Ocean Mini Loveseat Frame","SA-OCN-MIN-LOV-FRAME","12000",,0,579.56,-579.56,
"Ocean Mini Loveseat CUSH","SA-OCN-MIN-LOV-CUSH","11898",,0,285.64,-285.64,
"BROOKLYN TABLE (BAR HEIGHT) 28 X 120 FRAME","ASM-BRK-BAR-TAB-120X28-FRAME","12546",,0,625.17,-625.17,
"BROOKLYN TABLE (BAR HEIGHT) 36 X 120 FRAME","ASM-BRK-BAR-TAB-120X36-FRAME","12547",,0,625.17,-625.17,
"BROOKLYN TABLE (BAR HEIGHT) 28"" x 120"" x 42"" FRAME","ASM-BRK-BAR-TAB-28X120-FRAME","12548",,0,625.17,-625.17,
"BROOKLYN TABLE (BAR HEIGHT) 28"" x 72"" x 42"" FRAME","ASM-BRK-BAR-TAB-28X72-FRAME","12549",,0,625.17,-625.17,
"BROOKLYN TABLE (BAR HEIGHT) 28"" x 96"" x 42"" FRAME","ASM-BRK-BAR-TAB-28X96-FRAME","12550",,0,625.17,-625.17,
"BROOKLYN TABLE (BAR HEIGHT) 36"" x 120"" x 42"" FRAME","ASM-BRK-BAR-TAB-36X120-FRAME","12551",,0,625.17,-625.17,
"STAR LEG TABLE (BAR HEIGHT) 36"" x 36"" x 42"" FRAME","ASM-BRK-BAR-TAB-36X36-FRAME","12553",,0,625.17,-625.17,
"BROOKLYN TABLE (BAR HEIGHT) 36"" x 72"" x 42"" FRAME","ASM-BRK-BAR-TAB-36X72-FRAME","12552",,0,625.17,-625.17,
"BROOKLYN TABLE (BAR HEIGHT) 36"" x 96"" x 42"" FRAME","ASM-BRK-BAR-TAB-36X96-FRAME","12554",,0,625.17,-625.17,
"STAR LEG TABLE (BAR HEIGHT) 42"" x 42"" x 42"" FRAME","ASM-BRK-BAR-TAB-42X42-FRAME","12555",,0,625.17,-625.17,
"BROOKLYN TABLE (BAR HEIGHT) 28 X 72 FRAME","ASM-BRK-BAR-TAB-72X28-FRAME","12556",,0,625.17,-625.17,
"BROOKLYN TABLE (BAR HEIGHT) 36 X 72 FRAME","ASM-BRK-BAR-TAB-72X36-FRAME","12557",,0,625.17,-625.17,
"BROOKLYN TABLE (BAR HEIGHT) 36 X 96 FRAME","ASM-BRK-BAR-TAB-96X36-FRAME","12560",,0,625.17,-625.17,
"BROOKLYN TABLE (BAR HEIGHT) 28 X 96 FRAME","ASM-BRK-BAR-TAB-98X28-FRAME","12558",,0,625.17,-625.17,
"BROOKLYN TABLE (COUNTER HEIGHT) 28 X 120 FRAME","ASM-BRK-CNT-TAB-120X28-FRAME","12559",,0,625.17,-625.17,
"BROOKLYN TABLE (COUNTER HEIGHT) 36 X 120 FRAME","ASM-BRK-CNT-TAB-120X36-FRAME","12561",,0,625.17,-625.17,
"BROOKLYN TABLE (COUNTER HEIGHT) 28"" x 120"" x 36"" FRAME","ASM-BRK-CNT-TAB-28X120-FRAME","12563",,0,625.17,-625.17,
"BROOKLYN TABLE (COUNTER HEIGHT) 28"" x 72"" x 36"" FRAME","ASM-BRK-CNT-TAB-28X72-FRAME","12562",,0,625.17,-625.17,
"BROOKLYN TABLE (COUNTER HEIGHT) 28"" x 96"" x 36"" FRAME","ASM-BRK-CNT-TAB-28X96-FRAME","12566",,0,625.17,-625.17,
"BROOKLYN TABLE (COUNTER HEIGHT) 36"" x 120"" x 36"" FRAME","ASM-BRK-CNT-TAB-36X120-FRAME","12564",,0,625.17,-625.17,
"STAR LEG TABLE (COUNTER HEIGHT) 36"" x 36"" x 36"" FRAME","ASM-BRK-CNT-TAB-36X36-FRAME","12565",,0,625.17,-625.17,
"BROOKLYN TABLE (COUNTER HEIGHT) 36"" x 72"" x 36"" FRAME","ASM-BRK-CNT-TAB-36X72-FRAME","12567",,0,625.17,-625.17,
"BROOKLYN TABLE (COUNTER HEIGHT) 36"" x 96"" x 36"" FRAME","ASM-BRK-CNT-TAB-36X96-FRAME","12568",,0,625.17,-625.17,
"STAR LEG TABLE (COUNTER HEIGHT) 42"" x 42"" x 36"" FRAME","ASM-BRK-CNT-TAB-42X42-FRAME","12569",,0,625.17,-625.17,
"BROOKLYN TABLE (COUNTER HEIGHT) 18 X 72 FRAME","ASM-BRK-CNT-TAB-72X18-FRAME","12571",,0,625.17,-625.17,
"BROOKLYN TABLE (COUNTER HEIGHT) 28 X 72 FRAME","ASM-BRK-CNT-TAB-72X28-FRAME","12570",,0,625.17,-625.17,
"BROOKLYN TABLE (COUNTER HEIGHT) 36 X 72 FRAME","ASM-BRK-CNT-TAB-72X36-FRAME","12572",,0,625.17,-625.17,
"BROOKLYN TABLE (COUNTER HEIGHT) 28 X 96 FRAME","ASM-BRK-CNT-TAB-96X28-FRAME","12575",,0,625.17,-625.17,
"BROOKLYN TABLE (COUNTER HEIGHT) 36 X 96 FRAME","ASM-BRK-CNT-TAB-96X36-FRAME","12574",,0,625.17,-625.17,
"BROOKLYN CORNER CHAISE 84"" x 42"" x 30"" BH CUSH","ASM-BRK-COR-CHS-84X42-CUSH","12573",,0,398.98,-398.98,
"BROOKLYN CORNER CHAISE 84"" x 42"" x 30"" BH FRAME","ASM-BRK-COR-CHS-84X42-FRAME","12577",,0,605.59,-605.59,
"BROOKLYN TABLE (DINING HEIGHT) 28 X 120 FRAME","ASM-BRK-DIN-TAB-120X28-FRAME","12576",,0,625.17,-625.17,
"BROOKLYN TABLE (DINING HEIGHT) 36 X 120 FRAME","ASM-BRK-DIN-TAB-120X36-FRAME","12578",,0,625.17,-625.17,
"BROOKLYN TABLE (DINING HEIGHT) 28"" x 120"" x 30"" FRAME","ASM-BRK-DIN-TAB-28X120-FRAME","12580",,0,625.17,-625.17,
"BROOKLYN TABLE (DINING HEIGHT) 28"" x 72"" x 30"" FRAME","ASM-BRK-DIN-TAB-28X72-FRAME","12579",,0,625.17,-625.17,
"BROOKLYN TABLE (DINING HEIGHT) 28"" x 96"" x 30"" FRAME","ASM-BRK-DIN-TAB-28X96-FRAME","12581",,0,625.17,-625.17,
"BROOKLYN TABLE (DINING HEIGHT) 36"" x 120"" x 30"" FRAME","ASM-BRK-DIN-TAB-36X120-FRAME","12583",,0,625.17,-625.17,
"STAR LEG TABLE (DINING HEIGHT) 36"" x 36"" x 30"" FRAME","ASM-BRK-DIN-TAB-36X36-FRAME","12582",,0,625.17,-625.17,
"BROOKLYN TABLE (DINING HEIGHT) 36"" x 72"" x 30"" FRAME","ASM-BRK-DIN-TAB-36X72-FRAME","12584",,0,625.17,-625.17,
"BROOKLYN TABLE (DINING HEIGHT) 36"" x 96"" x 30"" FRAME","ASM-BRK-DIN-TAB-36X96-FRAME","12586",,0,625.17,-625.17,
"STAR LEG TABLE (DINING HEIGHT) 42"" x 42"" x 30"" FRAME","ASM-BRK-DIN-TAB-42X42-FRAME","12585",,0,625.17,-625.17,
"BROOKLYN TABLE (DINING HEIGHT) 28 X 72 FRAME","ASM-BRK-DIN-TAB-72X28-FRAME","12587",,0,625.17,-625.17,
"BROOKLYN TABLE (DINING HEIGHT) 36 X 72 FRAME","ASM-BRK-DIN-TAB-72X36-FRAME","12588",,0,625.17,-625.17,
"BROOKLYN TABLE (DINING HEIGHT) 28 X 96 FRAME","ASM-BRK-DIN-TAB-96X28-FRAME","12589",,0,625.17,-625.17,
"BROOKLYN TABLE (DINING HEIGHT) 36 X 96 FRAME","ASM-BRK-DIN-TAB-96X36-FRAME","12590",,0,625.17,-625.17,
"BROOKLYN OTTOMAN 22"" x 42"" x 17"" CUSH","ASM-BRK-OTT-22X42-CUSH","12591",,0,285.64,-285.64,
"BROOKLYN OTTOMAN 22"" x 42"" x 17"" FRAME","ASM-BRK-OTT-22X42-FRAME","12592",,0,599.06,-599.06,
"BROOKLYN OTTOMAN 22"" x 60"" x 17"" CUSH","ASM-BRK-OTT-22X60-CUSH","12594",,0,285.64,-285.64,
"BROOKLYN OTTOMAN 22"" x 60"" x 17"" FRAME","ASM-BRK-OTT-22X60-FRAME","12593",,0,599.06,-599.06,
"BROOKLYN OTTOMAN 22"" x 72"" x 17"" CUSH","ASM-BRK-OTT-22X72-CUSH","12596",,0,285.64,-285.64,
"BROOKLYN OTTOMAN 22"" x 72"" x 17"" FRAME","ASM-BRK-OTT-22X72-FRAME","12595",,0,599.06,-599.06,
"BROOKLYN OTTOMAN 34"" x 34"" x 17"" CUSH","ASM-BRK-OTT-34X34-CUSH","12597",,0,285.64,-285.64,
"BROOKLYN OTTOMAN 34"" x 34"" x 17"" FRAME","ASM-BRK-OTT-34X34-FRAME","12598",,0,599.06,-599.06,
"BROOKLYN OTTOMAN 34"" x 42"" x 17"" CUSH","ASM-BRK-OTT-34X42-CUSH","12599",,0,285.64,-285.64,
"BROOKLYN OTTOMAN 34"" x 42"" x 17"" FRAME","ASM-BRK-OTT-34X42-FRAME","12600",,0,599.06,-599.06,
"BROOKLYN OTTOMAN 34"" x 60"" x 17"" CUSH","ASM-BRK-OTT-34X60-CUSH","12601",,0,285.64,-285.64,
"BROOKLYN OTTOMAN 34"" x 60"" x 17"" FRAME","ASM-BRK-OTT-34X60-FRAME","12602",,0,599.06,-599.06,
"BROOKLYN OTTOMAN 34"" x 72"" x 17"" CUSH","ASM-BRK-OTT-34X72-CUSH","12603",,0,285.64,-285.64,
"BROOKLYN OTTOMAN 34"" x 72"" x 17"" FRAME","ASM-BRK-OTT-34X72-FRAME","12604",,0,599.06,-599.06,
"BROOKLYN OTTOMAN 22 X 42 CUSH","ASM-BRK-OTT-42X22-CUSH","12607",,0,285.64,-285.64,
"BROOKLYN OTTOMAN 22 X 42 FRAME","ASM-BRK-OTT-42X22-FRAME","12606",,0,599.06,-599.06,
"BROOKLYN OTTOMAN 34 X 42 CUSH","ASM-BRK-OTT-42X34-CUSH","12605",,0,285.64,-285.64,
"BROOKLYN OTTOMAN 34 X 42 FRAME","ASM-BRK-OTT-42X34-FRAME","12609",,0,599.06,-599.06,
"BROOKLYN OTTOMAN 56"" x 42"" x 17"" CUSH","ASM-BRK-OTT-56X42-CUSH","12610",,0,285.64,-285.64,
"BROOKLYN OTTOMAN 56"" x 42"" x 17"" FRAME","ASM-BRK-OTT-56X42-FRAME","12608",,0,599.06,-599.06,
"BROOKLYN OTTOMAN 22 X 60 CUSH","ASM-BRK-OTT-60X22-CUSH","12611",,0,285.64,-285.64,
"BROOKLYN OTTOMAN 22 X 60 FRAME","ASM-BRK-OTT-60X22-FRAME","12612",,0,599.06,-599.06,
"BROOKLYN OTTOMAN 34 X 60 CUSH","ASM-BRK-OTT-60X34-CUSH","12613",,0,285.64,-285.64,
"BROOKLYN OTTOMAN 34 X 60 FRAME","ASM-BRK-OTT-60X34-FRAME","12614",,0,599.06,-599.06,
"BROOKLYN OTTOMAN 22 X 72 CUSH","ASM-BRK-OTT-72X22-CUSH","12615",,0,285.64,-285.64,
"BROOKLYN OTTOMAN 22 X 72 FRAME","ASM-BRK-OTT-72X22-FRAME","12617",,0,599.06,-599.06,
"BROOKLYN OTTOMAN 34 X 72 CUSH","ASM-BRK-OTT-72X34-CUSH","12616",,0,285.64,-285.64,
"BROOKLYN OTTOMAN 34 X 72 FRAME","ASM-BRK-OTT-72X34-FRAME","12618",,0,599.06,-599.06,
"BROOKLYN SOFA 60"" x 34"" x 30"" BH CUSH","ASM-BRK-SOF-60X34-CUSH","12619",,0,285.64,-285.64,
"BROOKLYN SOFA 60"" x 34"" x 30"" BH FRAME","ASM-BRK-SOF-60X34-FRAME","12620",,0,599.06,-599.06,
"BRAVADA ARMLESS SOFA 34"" x 34"" x 31"" BH CUSH","ASM-BRV-ARM-SOF-34X34-CUSH","12621",,0,285.64,-285.64,
"BRAVADA ARMLESS SOFA 34"" x 34"" x 31"" BH FRAME","ASM-BRV-ARM-SOF-34X34-FRAME","12623",,0,599.06,-599.06,
"BRAVADA ARMLESS SOFA 72"" x 34"" x 31"" BH CUSH","ASM-BRV-ARM-SOF-72X34-CUSH","12624",,0,285.64,-285.64,
"BRAVADA ARMLESS SOFA 72"" x 34"" x 31"" BH FRAME","ASM-BRV-ARM-SOF-72X34-FRAME","12622",,0,599.06,-599.06,
"BRAVADA ARMLESS SOFA 84"" x 34"" x 31"" BH CUSH","ASM-BRV-ARM-SOF-84X34-CUSH","12626",,0,285.64,-285.64,
"BRAVADA ARMLESS SOFA 84"" x 34"" x 31"" BH FRAME","ASM-BRV-ARM-SOF-84X34-FRAME","12627",,0,599.06,-599.06,
"BRAVADA ARMLESS SOFA 96"" x 34"" x 31"" BH CUSH","ASM-BRV-ARM-SOF-96X34-CUSH","12625",,0,285.64,-285.64,
"BRAVADA ARMLESS SOFA 96"" x 34"" x 31"" BH FRAME","ASM-BRV-ARM-SOF-96X34-FRAME","12630",,0,599.06,-599.06,
"BRAVADA ROUNDED BENCH 96"" X 34"" X 18"" SH CUSH","ASM-BRV-BCH-96X34-CUSH","12628",,0,285.64,-285.64,
"BRAVADA ROUNDED BENCH 96"" X 34"" X 18"" SH FRAME","ASM-BRV-BCH-96X34-FRAME","12629",,0,599.06,-599.06,
"BRAVADA COFFEE TABLE 28"" x 42"" x 17"" FRAME","ASM-BRV-COF-TAB-28X42-FRAME","12631",,0,625.17,-625.17,
"BRAVADA COFFEE TABLE 36"" x 56"" x 17"" FRAME","ASM-BRV-COF-TAB-36X56-FRAME","12632",,0,625.17,-625.17,
"BRAVADA COFFEE TABLE 42"" x 56"" x 17"" FRAME","ASM-BRV-COF-TAB-42X56-FRAME","12633",,0,625.17,-625.17,
"BRAVADA COFFEE TABLE 42"" x 72"" x 17"" FRAME","ASM-BRV-COF-TAB-42X72-FRAME","12634",,0,625.17,-625.17,
"BRAVADA COFFEE TABLE 56"" x 72"" x 17"" FRAME","ASM-BRV-COF-TAB-56X72-FRAME","12635",,0,625.17,-625.17,
"BRAVADA CORNER CHAISE 72"" x 34"" x 31"" BH CUSH","ASM-BRV-COR-CHS-72X34-CUSH","12636",,0,398.98,-398.98,
"BRAVADA CORNER CHAISE 72"" x 34"" x 31"" BH FRAME","ASM-BRV-COR-CHS-72X34-FRAME","12637",,0,605.59,-605.59,
"BRAVADA CORNER CHAISE 84"" x 34"" x 31"" BH CUSH","ASM-BRV-COR-CHS-84X34-CUSH","12638",,0,398.98,-398.98,
"BRAVADA CORNER CHAISE 84"" x 34"" x 31"" BH FRAME","ASM-BRV-COR-CHS-84X34-FRAME","12640",,0,605.59,-605.59,
"BRAVADA DAYBED 84"" x 72"" x 27"" BH CUSH","ASM-BRV-DYB-84X72-CUSH","12641",,0,398.98,-398.98,
"BRAVADA DAYBED 84"" x 72"" x 27"" BH FRAME","ASM-BRV-DYB-84X72-FRAME","12639",,0,605.59,-605.59,
"BRAVADA ROUND DAYBED 84"" DIAMETER CUSH","ASM-BRV-DYB-84X84-CUSH","12643",,0,398.98,-398.98,
"BRAVADA ROUND DAYBED 84"" DIAMETER FRAME","ASM-BRV-DYB-84X84-FRAME","12644",,0,605.59,-605.59,
"BRAVADA OTTOMAN 22"" x 30"" x 16"" CUSH","ASM-BRV-OTT-22X30-CUSH","12642",,0,285.64,-285.64,
"BRAVADA OTTOMAN 22"" x 30"" x 16"" FRAME","ASM-BRV-OTT-22X30-FRAME","12645",,0,599.06,-599.06,
"BRAVADA OTTOMAN 22"" x 42"" x 16"" CUSH","ASM-BRV-OTT-22X42-CUSH","12646",,0,285.64,-285.64,
"BRAVADA OTTOMAN 22"" x 42"" x 16"" FRAME","ASM-BRV-OTT-22X42-FRAME","12647",,0,599.06,-599.06,
"BRAVADA OTTOMAN 22"" x 60"" x 16"" CUSH","ASM-BRV-OTT-22X60-CUSH","12648",,0,285.64,-285.64,
"BRAVADA OTTOMAN 22"" x 60"" x 16"" FRAME","ASM-BRV-OTT-22X60-FRAME","12650",,0,599.06,-599.06,
"BRAVADA OTTOMAN 22"" x 72"" x 16"" CUSH","ASM-BRV-OTT-22X72-CUSH","12649",,0,285.64,-285.64,
"BRAVADA OTTOMAN 22"" x 72"" x 16"" FRAME","ASM-BRV-OTT-22X72-FRAME","12651",,0,599.06,-599.06,
"BRAVADA OTTOMAN 34"" x 42"" x 16"" CUSH","ASM-BRV-OTT-34X42-CUSH","12653",,0,285.64,-285.64,
"BRAVADA OTTOMAN 34"" x 42"" x 16"" FRAME","ASM-BRV-OTT-34X42-FRAME","12654",,0,599.06,-599.06,
"BRAVADA OTTOMAN 34"" x 60"" x 16"" CUSH","ASM-BRV-OTT-34X60-CUSH","12652",,0,285.64,-285.64,
"BRAVADA OTTOMAN 34"" x 60"" x 16"" FRAME","ASM-BRV-OTT-34X60-FRAME","12655",,0,599.06,-599.06,
"BRAVADA OTTOMAN 34"" x 72"" x 16"" CUSH","ASM-BRV-OTT-34X72-CUSH","12656",,0,285.64,-285.64,
"BRAVADA OTTOMAN 34"" x 72"" x 16"" FRAME","ASM-BRV-OTT-34X72-FRAME","12657",,0,599.06,-599.06,
"BRAVADA OVERSIZED CHAISE 72"" x 42"" x 31"" BH CUSH","ASM-BRV-OVS-CHS-72X42-CUSH","12658",,0,398.98,-398.98,
"BRAVADA OVERSIZED CHAISE 72"" x 42"" x 31"" BH FRAME","ASM-BRV-OVS-CHS-72X42-FRAME","12659",,0,605.59,-605.59,
"BRAVADA OVERSIZED CHAISE 84"" x 42"" x 31"" BH CUSH","ASM-BRV-OVS-CHS-84X42-CUSH","12660",,0,398.98,-398.98,
"BRAVADA OVERSIZED CHAISE 84"" x 42"" x 31"" BH FRAME","ASM-BRV-OVS-CHS-84X42-FRAME","12661",,0,605.59,-605.59,
"BRAVADA SWIVEL CHAIR W/DEKTON SIDEARM CUSH","ASM-BRV-SWV-CHA-CUSH","12662",,0,285.64,-285.64,
"BRAVADA SWIVEL CHAIR W/DEKTON SIDEARM FRAME","ASM-BRV-SWV-CHA-FRAME","12663",,0,599.06,-599.06,
"CABANA DAYBED 84"" x 84"" x 78"" CUSH","ASM-CAB-DYB-84X84-CUSH","12665",,0,398.98,-398.98,
"CABANA DAYBED 84"" x 84"" x 78"" FRAME","ASM-CAB-DYB-84X84-FRAME","12666",,0,605.59,-605.59,
"CABANA 10' X 10' X 9' w/Sunbrella Top & Curtains CUSH","ASM-CAB-MIS-10X10-CUSH","12664",,0,398.98,-398.98,
"CABANA 10' X 10' X 9' w/Sunbrella Top & Curtains FRAME","ASM-CAB-MIS-10X10-FRAME","12667",,0,605.59,-605.59,
"CUSTOM STORAGE OTTOMAN 22"" x 72"" x 23"" CUSH","ASM-CUS-OTT-22X72-CUSH","12669",,0,285.64,-285.64,
"CUSTOM STORAGE OTTOMAN 22"" x 72"" x 23"" FRAME","ASM-CUS-OTT-22X72-FRAME","12668",,0,599.06,-599.06,
"CUSTOM STORAGE OTTOMAN 23"" x 82"" CUSH","ASM-CUS-OTT-23X82-CUSH","12670",,0,285.64,-285.64,
"CUSTOM STORAGE OTTOMAN 23"" x 82"" FRAME","ASM-CUS-OTT-23X82-FRAME","12673",,0,599.06,-599.06,
"CUSTOM STORAGE OTTOMAN 22 X 72 CUSH","ASM-CUS-OTT-72X22-CUSH","12672",,0,285.64,-285.64,
"CUSTOM STORAGE OTTOMAN 22 X 72 FRAME","ASM-CUS-OTT-72X22-FRAME","12674",,0,599.06,-599.06,
"CUSTOM STORAGE OTTOMAN 23 X 82 CUSH","ASM-CUS-OTT-82X23-CUSH","12671",,0,285.64,-285.64,
"CUSTOM STORAGE OTTOMAN 23 X 82 FRAME","ASM-CUS-OTT-82X23-FRAME","12675",,0,599.06,-599.06,
"DAISY BASE TABLE (BAR HEIGHT) 42 X 120 FRAME","ASM-DAI-BAR-TAB-120X42-FRAME","12676",,0,625.17,-625.17,
"DAISY BASE TABLE (BAR HEIGHT) 56 X 120 FRAME","ASM-DAI-BAR-TAB-120X56-FRAME","12677",,0,625.17,-625.17,
"DAISY BASE TABLE (BAR HEIGHT) 42"" x 120"" x 42"" FRAME","ASM-DAI-BAR-TAB-42X120-FRAME","12678",,0,625.17,-625.17,
"DAISY BASE TABLE (BAR HEIGHT) 42"" x 72"" x 42"" FRAME","ASM-DAI-BAR-TAB-42X72-FRAME","12679",,0,625.17,-625.17,
"DAISY BASE TABLE (BAR HEIGHT) 42"" x 96"" x 42"" FRAME","ASM-DAI-BAR-TAB-42X96-FRAME","12680",,0,625.17,-625.17,
"DAISY BASE TABLE (BAR HEIGHT) 56"" x 120"" x 42"" FRAME","ASM-DAI-BAR-TAB-56X120-FRAME","12682",,0,625.17,-625.17,
"DAISY BASE TABLE (BAR HEIGHT) 56"" x 56"" x 42"" FRAME","ASM-DAI-BAR-TAB-56X56-FRAME","12681",,0,625.17,-625.17,
"DAISY BASE TABLE (BAR HEIGHT) 56"" x 72"" x 42"" FRAME","ASM-DAI-BAR-TAB-56X72-FRAME","12683",,0,625.17,-625.17,
"DAISY BASE TABLE (BAR HEIGHT) 56"" x 96"" x 42"" FRAME","ASM-DAI-BAR-TAB-56X96-FRAME","12685",,0,625.17,-625.17,
"DAISY BASE TABLE (BAR HEIGHT) 42 X 72 FRAME","ASM-DAI-BAR-TAB-72X42-FRAME","12684",,0,625.17,-625.17,
"DAISY BASE TABLE (BAR HEIGHT) 56 X 72 FRAME","ASM-DAI-BAR-TAB-72X56-FRAME","12686",,0,625.17,-625.17,
"DAISY BASE TABLE (BAR HEIGHT) 42 X 96 FRAME","ASM-DAI-BAR-TAB-96X42-FRAME","12687",,0,625.17,-625.17,
"DAISY BASE TABLE (BAR HEIGHT) 56 X 96 FRAME","ASM-DAI-BAR-TAB-96X56-FRAME","12688",,0,625.17,-625.17,
"DAISY BASE TABLE (COUNTER HEIGHT) 42 X 120 FRAME","ASM-DAI-CNT-TAB-120X42-FRAME","12690",,0,625.17,-625.17,
"DAISY BASE TABLE (COUNTER HEIGHT) 56 X 120 FRAME","ASM-DAI-CNT-TAB-120X56-FRAME","12689",,0,625.17,-625.17,
"DAISY BASE TABLE (COUNTER HEIGHT) 42"" x 120"" x 36"" FRAME","ASM-DAI-CNT-TAB-42X120-FRAME","12691",,0,625.17,-625.17,
"DAISY BASE TABLE (COUNTER HEIGHT) 42"" x 72"" x 36"" FRAME","ASM-DAI-CNT-TAB-42X72-FRAME","12692",,0,625.17,-625.17,
"DAISY BASE TABLE (COUNTER HEIGHT) 42"" x 96"" x 36"" FRAME","ASM-DAI-CNT-TAB-42X96-FRAME","12693",,0,625.17,-625.17,
"DAISY BASE TABLE (COUNTER HEIGHT) 56"" x 120"" x 36"" FRAME","ASM-DAI-CNT-TAB-56X120-FRAME","12695",,0,625.17,-625.17,
"DAISY BASE TABLE (COUNTER HEIGHT) 56"" x 56"" x 36"" FRAME","ASM-DAI-CNT-TAB-56X56-FRAME","12696",,0,625.17,-625.17,
"DAISY BASE TABLE (COUNTER HEIGHT) 56"" x 72"" x 36"" FRAME","ASM-DAI-CNT-TAB-56X72-FRAME","12694",,0,625.17,-625.17,
"DAISY BASE TABLE (COUNTER HEIGHT) 56"" x 96"" x 36"" FRAME","ASM-DAI-CNT-TAB-56X96-FRAME","12697",,0,625.17,-625.17,
"DAISY BASE TABLE (COUNTER HEIGHT) 42 X 72 FRAME","ASM-DAI-CNT-TAB-72X42-FRAME","12698",,0,625.17,-625.17,
"DAISY BASE TABLE (COUNTER HEIGHT) 56 X 72 FRAME","ASM-DAI-CNT-TAB-72X56-FRAME","12700",,0,625.17,-625.17,
"DAISY BASE TABLE (COUNTER HEIGHT) 42 X 96 FRAME","ASM-DAI-CNT-TAB-96X42-FRAME","12699",,0,625.17,-625.17,
"DAISY BASE TABLE (COUNTER HEIGHT) 56 X 96 FRAME","ASM-DAI-CNT-TAB-96X56-FRAME","12702",,0,625.17,-625.17,
"DAISY BASE TABLE (DINING HEIGHT) 42 X 120 FRAME","ASM-DAI-DIN-TAB-120X42-FRAME","12703",,0,625.17,-625.17,
"DAISY BASE TABLE (DINING HEIGHT) 56 X 120 FRAME","ASM-DAI-DIN-TAB-120X56-FRAME","12701",,0,625.17,-625.17,
"DAISY BASE ROUND TABLE (DINING HEIGHT) 42"" x 30"" FRAME","ASM-DAI-DIN-TAB-42X30-FRAME","12704",,0,625.17,-625.17,
"DAISY BASE ROUND TABLE (DINING HEIGHT) 42 FRAME","ASM-DAI-DIN-TAB-42X42-FRAME","12705",,0,625.17,-625.17,
"DAISY BASE ROUND TABLE (DINING HEIGHT) 56"" x 30"" FRAME","ASM-DAI-DIN-TAB-56X30-FRAME","12706",,0,625.17,-625.17,
"DAISY BASE TABLE (DINING HEIGHT) 56 X 56 FRAME","ASM-DAI-DIN-TAB-56X56-FRAME","12708",,0,625.17,-625.17,
"DAISY BASE TABLE (DINING HEIGHT) 56"" x 72"" x 30"" FRAME","ASM-DAI-DIN-TAB-56X72-FRAME","12707",,0,625.17,-625.17,
"DAISY BASE TABLE (DINING HEIGHT) 56"" x 96"" x 30"" FRAME","ASM-DAI-DIN-TAB-56X96-FRAME","12709",,0,625.17,-625.17,
"DAISY BASE TABLE (DINING HEIGHT) 42 X 72 FRAME","ASM-DAI-DIN-TAB-72X42-FRAME","12710",,0,625.17,-625.17,
"DAISY BASE TABLE (DINING HEIGHT) 56 X 72 FRAME","ASM-DAI-DIN-TAB-72X56-FRAME","12711",,0,625.17,-625.17,
"DAISY BASE TABLE (DINING HEIGHT) 42 X 96 FRAME","ASM-DAI-DIN-TAB-96X42-FRAME","12712",,0,625.17,-625.17,
"DAISY BASE TABLE (DINING HEIGHT) 56 X 96 FRAME","ASM-DAI-DIN-TAB-96X56-FRAME","12714",,0,625.17,-625.17,
"PROPANE FIRE PIT TABLE 42"" x 42"" x 21"" FRAME","ASM-DAI-FIR-TAB-42X42-FRAME","12713",,0,625.17,-625.17,
"PROPANE FIRE PIT TABLE 56"" x 42"" x 21"" FRAME","ASM-DAI-FIR-TAB-56X42-FRAME","12715",,0,625.17,-625.17,
"DAISY BASE FIRE PIT DINING TABLE 84"" x 56"" x 30"" FRAME","ASM-DAI-FIR-TAB-84X56-FRAME","12716",,0,625.17,-625.17,
"DAISY BASE FIRE PIT DINING TABLE 96"" x 56"" x 30"" FRAME","ASM-DAI-FIR-TAB-96X56-FRAME","12717",,0,625.17,-625.17,
"DAISY BASE OVAL TABLE 108"" X 56"" X 30"" FRAME","ASM-DAI-TAB-108X56-FRAME","12718",,0,625.17,-625.17,
"Daisy Base Table 72 x 42 Dining Height FRAME","ASM-DAI-TAB-72X42-FRAME","12719",,0,625.17,-625.17,
"ADD-ON WHEELS FOR CHAISE LOUNGERS CUSH","ASM-ESY-CHS-CUSH","12721",,0,398.98,-398.98,
"ADD-ON WHEELS FOR CHAISE LOUNGERS FRAME","ASM-ESY-CHS-FRAME","12720",,0,605.59,-605.59,
"FLY LEG BENCH (BAR HEIGHT) 42 CUSH","ASM-FLY-BCH-42X18-CUSH","12723",,0,285.64,-285.64,
"FLY LEG BENCH (BAR HEIGHT) 42 FRAME","ASM-FLY-BCH-42X18-FRAME","12722",,0,599.06,-599.06,
"FLY LEG CHAIR (DINING HEIGHT) CUSH","ASM-FLY-DIN-CHA-18X18-CUSH","12726",,0,285.64,-285.64,
"FLY LEG CHAIR (DINING HEIGHT) FRAME","ASM-FLY-DIN-CHA-18X18-FRAME","12725",,0,599.06,-599.06,
"FLY LEG BARSTOOL (BAR HEIGHT) CUSH","ASM-FLY-FLY-BST-18X18-CUSH","12724",,0,285.64,-285.64,
"FLY LEG BARSTOOL (BAR HEIGHT) FRAME","ASM-FLY-FLY-BST-18X18-FRAME","12727",,0,599.06,-599.06,
"FLY LEG BARSTOOL (COUNTER HEIGHT) CUSH","ASM-FLY-LEG-BAR-COU-HEI-CUSH","12728",,0,285.64,-285.64,
"FLY LEG BARSTOOL (COUNTER HEIGHT) FRAME","ASM-FLY-LEG-BAR-COU-HEI-FRAME","12729",,0,599.06,-599.06,
"FLY LEG BENCH (COUNTER HEIGHT) 42 CUSH","ASM-FLY-LEG-BEN-COU-HEI-42-CUSH","12731",,0,285.64,-285.64,
"FLY LEG BENCH (COUNTER HEIGHT) 42 FRAME","ASM-FLY-LEG-BEN-COU-HEI-42-FRAME","12730",,0,599.06,-599.06,
"FLY LEG BENCH (DINING HEIGHT) 42 CUSH","ASM-FLY-LEG-BEN-DIN-HEI-42-CUSH","12732",,0,285.64,-285.64,
"FLY LEG BENCH (DINING HEIGHT) 42 FRAME","ASM-FLY-LEG-BEN-DIN-HEI-42-FRAME","12733",,0,599.06,-599.06,
"FLY TABLE 8 FRAME","ASM-FLY-TAB-38X8-FRAME","12734",,0,625.17,-625.17,
"FLY TABLE 60 FRAME","ASM-FLY-TAB-60X12-FRAME","12735",,0,625.17,-625.17,
"FLY TABLE 72 FRAME","ASM-FLY-TAB-72X12-FRAME","12736",,0,625.17,-625.17,
"FLY TABLE 84 FRAME","ASM-FLY-TAB-84X12-FRAME","12739",,0,625.17,-625.17,
"FLY TABLE 96 FRAME","ASM-FLY-TAB-96X12-FRAME","12740",,0,625.17,-625.17,
"HALF BACK BARSTOOL (BAR HEIGHT) CUSH","ASM-HAL-BAC-BAR-BAR-HEI-CUSH","12738",,0,285.64,-285.64,
"HALF BACK BARSTOOL (BAR HEIGHT) FRAME","ASM-HAL-BAC-BAR-BAR-HEI-FRAME","12737",,0,599.06,-599.06,
"LEDGE LOUNGER SIGNATURE LOWBACK CHAIR CUSH","ASM-LED-CHA-CUSH","12743",,0,285.64,-285.64,
"LEDGE LOUNGER SIGNATURE LOWBACK CHAIR FRAME","ASM-LED-CHA-FRAME","12742",,0,599.06,-599.06,
"LEDGE LOUNGER AUTOGRAPH SIDE TABLE FRAME","ASM-LED-SID-TAB-FRAME","12741",,0,625.17,-625.17,
"DINING BENCH W/NO ARMS 72 X 22 CUSH","ASM-MIS-DIN-BCH-72X22-CUSH","12744",,0,285.64,-285.64,
"DINING BENCH W/NO ARMS 72 X 22 FRAME","ASM-MIS-DIN-BCH-72X22-FRAME","12745",,0,599.06,-599.06,
"DINING BENCH W/NO ARMS 96 X 22 CUSH","ASM-MIS-DIN-BCH-96X22-CUSH","12746",,0,285.64,-285.64,
"DINING BENCH W/NO ARMS 96 X 22 FRAME","ASM-MIS-DIN-BCH-96X22-FRAME","12747",,0,599.06,-599.06,
"HALF BACK CHAIR (DINING HEIGHT CUSH","ASM-MIS-DIN-CHA-17X21-CUSH","12748",,0,285.64,-285.64,
"HALF BACK CHAIR (DINING HEIGHT FRAME","ASM-MIS-DIN-CHA-17X21-FRAME","12749",,0,599.06,-599.06,
"PROPANE FIRE PIT TABLE 42 X 42 FRAME","ASM-MIS-FIR-TAB-42X42-FRAME","12750",,0,625.17,-625.17,
"HALF BACK BARSTOOL (COUNTER HEIGHT) CUSH","ASM-MIS-FLY-BST-17X21-CUSH","12751",,0,285.64,-285.64,
"HALF BACK BARSTOOL (COUNTER HEIGHT) FRAME","ASM-MIS-FLY-BST-17X21-FRAME","12752",,0,599.06,-599.06,
"CUBE OTTOMAN 22"" x 22"" x 16"" CUSH","ASM-MIS-OTT-22X22-CUSH","12753",,0,285.64,-285.64,
"CUBE OTTOMAN 22"" x 22"" x 16"" FRAME","ASM-MIS-OTT-22X22-FRAME","12754",,0,599.06,-599.06,
"U SIDE TABLE FRAME","ASM-MIS-SID-TAB-13X30-FRAME","12755",,0,625.17,-625.17,
"T TABLE FRAME","ASM-MIS-TAB-13X30-FRAME","12756",,0,625.17,-625.17,
"MILAN CLUB CHAIR 32"" x 36"" x 16"" SH CUSH","ASM-MLN-CLB-CHA-32X36-CUSH","12758",,0,285.64,-285.64,
"MILAN CLUB CHAIR 32"" x 36"" x 16"" SH FRAME","ASM-MLN-CLB-CHA-32X36-FRAME","12757",,0,599.06,-599.06,
"MILAN OTTOMAN 22"" x 60"" x 16"" CUSH","ASM-MLN-OTT-22X60-CUSH","12760",,0,285.64,-285.64,
"MILAN OTTOMAN 22"" x 60"" x 16"" FRAME","ASM-MLN-OTT-22X60-FRAME","12761",,0,599.06,-599.06,
"MILAN OTTOMAN 22"" x 72"" x 16"" CUSH","ASM-MLN-OTT-22X72-CUSH","12759",,0,285.64,-285.64,
"MILAN OTTOMAN 22"" x 72"" x 16"" FRAME","ASM-MLN-OTT-22X72-FRAME","12762",,0,599.06,-599.06,
"MILAN OTTOMAN 34"" x 34"" x 16"" CUSH","ASM-MLN-OTT-34X34-CUSH","12764",,0,285.64,-285.64,
"MILAN OTTOMAN 34"" x 34"" x 16"" FRAME","ASM-MLN-OTT-34X34-FRAME","12763",,0,599.06,-599.06,
"MILAN OTTOMAN 34"" x 42"" x 16"" CUSH","ASM-MLN-OTT-34X42-CUSH","12765",,0,285.64,-285.64,
"MILAN OTTOMAN 34"" x 42"" x 16"" FRAME","ASM-MLN-OTT-34X42-FRAME","12766",,0,599.06,-599.06,
"MILAN OTTOMAN 34"" x 60"" x 16"" CUSH","ASM-MLN-OTT-34X60-CUSH","12769",,0,285.64,-285.64,
"MILAN OTTOMAN 34"" x 60"" x 16"" FRAME","ASM-MLN-OTT-34X60-FRAME","12767",,0,599.06,-599.06,
"MILAN OTTOMAN 34"" x 72"" x 16"" CUSH","ASM-MLN-OTT-34X72-CUSH","12768",,0,285.64,-285.64,
"MILAN OTTOMAN 34"" x 72"" x 16"" FRAME","ASM-MLN-OTT-34X72-FRAME","12770",,0,599.06,-599.06,
"MILAN OTTOMAN 56"" x 42"" x 16"" CUSH","ASM-MLN-OTT-56X42-CUSH","12771",,0,285.64,-285.64,
"MILAN OTTOMAN 56"" x 42"" x 16"" FRAME","ASM-MLN-OTT-56X42-FRAME","12774",,0,599.06,-599.06,
"MILAN DOUBLE-SIDED SOFA 60"" x 62"" x 16"" SH CUSH","ASM-MLN-SOF-60X62-CUSH","12772",,0,285.64,-285.64,
"MILAN DOUBLE-SIDED SOFA 60"" x 62"" x 16"" SH FRAME","ASM-MLN-SOF-60X62-FRAME","12773",,0,599.06,-599.06,
"MILAN T-SHAPED SOFA 62"" x 42"" x 22"" x 16"" SH CUSH","ASM-MLN-SOF-62X42-CUSH","12775",,0,285.64,-285.64,
"MILAN T-SHAPED SOFA 62"" x 42"" x 22"" x 16"" SH FRAME","ASM-MLN-SOF-62X42-FRAME","12777",,0,599.06,-599.06,
"MILAN ONE-SIDED SOFA 72"" x 36"" x 16"" SH CUSH","ASM-MLN-SOF-72X36-CUSH","12776",,0,285.64,-285.64,
"MILAN ONE-SIDED SOFA 72"" x 36"" x 16"" SH FRAME","ASM-MLN-SOF-72X36-FRAME","12781",,0,599.06,-599.06,
"MILAN ONE SIDED SOFA 84"" x 36"" x 16"" SH CUSH","ASM-MLN-SOF-84X36-CUSH","12780",,0,285.64,-285.64,
"MILAN ONE SIDED SOFA 84"" x 36"" x 16"" SH FRAME","ASM-MLN-SOF-84X36-FRAME","12779",,0,599.06,-599.06,
"MILAN ONE-SIDED SOFA 96"" x 36"" x 16"" SH CUSH","ASM-MLN-SOF-96X36-CUSH","12778",,0,285.64,-285.64,
"MILAN ONE-SIDED SOFA 96"" x 36"" x 16"" SH FRAME","ASM-MLN-SOF-96X36-FRAME","12784",,0,599.06,-599.06,
"OCCASIONAL TABLE 56""x14""x36"" FRAME","ASM-MLN-TAB-56X14-FRAME","12782",,0,625.17,-625.17,
"OCCASIONAL TABLE FRAME","ASM-OCC-TAB-56X14-FRAME","12785",,0,625.17,-625.17,
"OCEAN COFFEE TABLE 28"" x 42"" x 17"" FRAME","ASM-OCN-COF-TAB-28X42-FRAME","12783",,0,625.17,-625.17,
"OCEAN COFFEE TABLE 28"" x 56"" x 17"" FRAME","ASM-OCN-COF-TAB-28X56-FRAME","12787",,0,625.17,-625.17,
"OCEAN COFFEE TABLE 36"" x 56"" x 17"" FRAME","ASM-OCN-COF-TAB-36X56-FRAME","12788",,0,625.17,-625.17,
"OCEAN COFFEE TABLE 36"" x 72"" x 17"" FRAME","ASM-OCN-COF-TAB-36X72-FRAME","12786",,0,625.17,-625.17,
"OCEAN COFFEE TABLE 42"" x 56"" x 17"" FRAME","ASM-OCN-COF-TAB-42X56-FRAME","12792",,0,625.17,-625.17,
"OCEAN COFFEE TABLE 42"" x 72"" x 17"" FRAME","ASM-OCN-COF-TAB-42X72-FRAME","12789",,0,625.17,-625.17,
"OCEAN COFFEE TABLE 56"" x 72"" x 17"" FRAME","ASM-OCN-COF-TAB-56X72-FRAME","12790",,0,625.17,-625.17,
"OCEAN MINI LOVESEAT 48"" x 38"" x 33"" BH CUSH","ASM-OCN-MIN-LOV-48X38-CUSH","12791",,0,285.64,-285.64,
"OCEAN MINI LOVESEAT 48"" x 38"" x 33"" BH FRAME","ASM-OCN-MIN-LOV-48X38-FRAME","12794",,0,599.06,-599.06,
"Ocean Mini Loveseat CUSH","ASM-OCN-MIN-LOV-CUSH","12795",,0,285.64,-285.64,
"Ocean Mini Loveseat FRAME","ASM-OCN-MIN-LOV-FRAME","12793",,0,599.06,-599.06,
"ANGULAR SIDE TABLE FRAME","ASM-OCN-SID-TAB-12-FRAME","12796",,0,625.17,-625.17,
"U SIDE TABLE 13"" x 30"" x 21"" FRAME","ASM-OCN-SID-TAB-13X30-FRAME","12797",,0,625.17,-625.17,
"TRIANGLE SIDE TABLE 32"" x 32"" x 17"" FRAME","ASM-OCN-SID-TAB-32X32-FRAME","12800",,0,625.17,-625.17,
"OCEAN ROUND SIDE TABLE 36"" x 17"" FRAME","ASM-OCN-SID-TAB-36X17-FRAME","12801",,0,625.17,-625.17,
"OCEAN SWIVEL CHAIR 34"" x 38"" x 33"" BH CUSH","ASM-OCN-SWV-CHA-34X38-CUSH","12799",,0,285.64,-285.64,
"OCEAN SWIVEL CHAIR 34"" x 38"" x 33"" BH FRAME","ASM-OCN-SWV-CHA-34X38-FRAME","12798",,0,599.06,-599.06,
"Ocean Swivel Chair CUSH","ASM-OCN-SWV-CHA-CUSH","12804",,0,285.64,-285.64,
"Ocean Swivel Chair FRAME","ASM-OCN-SWV-CHA-FRAME","12802",,0,599.06,-599.06,
"T TABLE 13"" x 30"" x 16"" FRAME","ASM-OCN-TAB-13X30-FRAME","12803",,0,625.17,-625.17,
"FLY TABLE 34"" X 12"" FRAME","ASM-OCN-TAB-34X12-FRAME","12805",,0,625.17,-625.17,
"FLY TABLE 72"" X 12"" FRAME","ASM-OCN-TAB-72X12-FRAME","12807",,0,625.17,-625.17,
"FLY TABLE 84"" X 12"" FRAME","ASM-OCN-TAB-84X12-FRAME","12806",,0,625.17,-625.17,
"FLY TABLE 96"" X 12"" FRAME","ASM-OCN-TAB-96X12-FRAME","12811",,0,625.17,-625.17,
"STAR LEG TABLE (BAR HEIGHT) 36 X 36 FRAME","ASM-STA-BAR-TAB-36X36-FRAME","12809",,0,625.17,-625.17,
"STAR LEG TABLE (BAR HEIGHT) 42 X 42 FRAME","ASM-STA-BAR-TAB-42X42-FRAME","12810",,0,625.17,-625.17,
"STAR LEG TABLE (BAR HEIGHT) 36 X 72 FRAME","ASM-STA-BAR-TAB-72X36-FRAME","12808",,0,625.17,-625.17,
"STAR LEG TABLE (COUNTER HEIGHT) 36 X 36 FRAME","ASM-STA-CNT-TAB-36X36-FRAME","12813",,0,625.17,-625.17,
"STAR LEG TABLE (COUNTER HEIGHT) 42 X 42 FRAME","ASM-STA-CNT-TAB-42X42-FRAME","12812",,0,625.17,-625.17,
"STAR LEG TABLE (COUNTER HEIGHT) 36 X 72 FRAME","ASM-STA-CNT-TAB-72X36-FRAME","12814",,0,625.17,-625.17,
"STAR LEG TABLE (DINING HEIGHT) 36 X 36 FRAME","ASM-STA-DIN-TAB-36X36-FRAME","12815",,0,625.17,-625.17,
"STAR LEG TABLE (DINING HEIGHT) 42 X 42 FRAME","ASM-STA-DIN-TAB-42X42-FRAME","12816",,0,625.17,-625.17,
"STAR LEG TABLE (DINING HEIGHT) 36 X 72 FRAME","ASM-STA-DIN-TAB-72X36-FRAME","12817",,0,625.17,-625.17,
"TAYLOR BARSTOOL W/ARMS (COUNTER HEIGHT) CUSH","ASM-TAY-BAR-W-ARM-COU-HEI-CUSH","12819",,0,285.64,-285.64,
"TAYLOR BARSTOOL W/ARMS (COUNTER HEIGHT) FRAME","ASM-TAY-BAR-W-ARM-COU-HEI-FRAME","12818",,0,599.06,-599.06,
"TAYLOR BENCH (BAR HEIGHT) 24"" x 23"" x 42"" SH CUSH","ASM-TAY-BCH-24X23-CUSH","12820",,0,285.64,-285.64,
"TAYLOR BENCH (BAR HEIGHT) 24"" x 23"" x 42"" SH FRAME","ASM-TAY-BCH-24X23-FRAME","12821",,0,599.06,-599.06,
"TAYLOR BENCH (COUNTER HEIGHT) 42"" x 23"" x 24"" SH CUSH","ASM-TAY-BCH-42X23-CUSH","12822",,0,285.64,-285.64,
"TAYLOR BENCH (COUNTER HEIGHT) 42"" x 23"" x 24"" SH FRAME","ASM-TAY-BCH-42X23-FRAME","12825",,0,599.06,-599.06,
"TAYLOR BENCH (BAR HEIGHT) 72"" x 23"" x 30"" SH CUSH","ASM-TAY-BCH-72X23-CUSH","12823",,0,285.64,-285.64,
"TAYLOR BENCH (BAR HEIGHT) 72"" x 23"" x 30"" SH FRAME","ASM-TAY-BCH-72X23-FRAME","12824",,0,599.06,-599.06,
"TAYLOR BENCH (BAR HEIGHT) 72 CUSH","ASM-TAY-BEN-BAR-HEI-72-CUSH","12827",,0,285.64,-285.64,
"TAYLOR BENCH (BAR HEIGHT) 72 FRAME","ASM-TAY-BEN-BAR-HEI-72-FRAME","12828",,0,599.06,-599.06,
"TAYLOR BENCH (DINING HEIGHT) 42 CUSH","ASM-TAY-BEN-DIN-HEI-42-CUSH","12826",,0,285.64,-285.64,
"TAYLOR BENCH (DINING HEIGHT) 42 FRAME","ASM-TAY-BEN-DIN-HEI-42-FRAME","12829",,0,599.06,-599.06,
"TAYLOR BENCH (DINING HEIGHT) 72 CUSH","ASM-TAY-BEN-DIN-HEI-72-CUSH","12830",,0,285.64,-285.64,
"TAYLOR BENCH (DINING HEIGHT) 72 FRAME","ASM-TAY-BEN-DIN-HEI-72-FRAME","12831",,0,599.06,-599.06,
"TAYLOR BARSTOOL (COUNTER HEIGHT) CUSH","ASM-TAY-BST-18X23-CUSH","12832",,0,285.64,-285.64,
"TAYLOR BARSTOOL (COUNTER HEIGHT) FRAME","ASM-TAY-BST-18X23-FRAME","12833",,0,599.06,-599.06,
"TAYLOR BARSTOOL (BAR HEIGHT) 19"" x 23"" x 30"" SH CUSH","ASM-TAY-BST-19X23-CUSH","12834",,0,285.64,-285.64,
"TAYLOR BARSTOOL (BAR HEIGHT) 19"" x 23"" x 30"" SH FRAME","ASM-TAY-BST-19X23-FRAME","12835",,0,599.06,-599.06,
"TAYLOR BARSTOOL w/ARMS (BAR HEIGHT) 24"" x 23"" x 30"" SH CUSH","ASM-TAY-BST-24X23-CUSH","12836",,0,285.64,-285.64,
"TAYLOR BARSTOOL w/ARMS (BAR HEIGHT) 24"" x 23"" x 30"" SH FRAME","ASM-TAY-BST-24X23-FRAME","12837",,0,599.06,-599.06,
"TAYLOR CHAIR (DINING HEIGHT) CUSH","ASM-TAY-DIN-CHA-19X23-CUSH","12838",,0,285.64,-285.64,
"TAYLOR CHAIR (DINING HEIGHT) FRAME","ASM-TAY-DIN-CHA-19X23-FRAME","12839",,0,599.06,-599.06,
"TAYLOR CHAIR w/ARMS (DINING HEIGHT) 24"" x 23"" x 18"" SH CUSH","ASM-TAY-DIN-CHA-24X23-CUSH","12840",,0,285.64,-285.64,
"TAYLOR CHAIR w/ARMS (DINING HEIGHT) 24"" x 23"" x 18"" SH FRAME","ASM-TAY-DIN-CHA-24X23-FRAME","12842",,0,599.06,-599.06,
"FREELO CHAIR SPLASH CUSH","ASM-TJM-CHA-CUSH","12841",,0,285.64,-285.64,
"FREELO CHAIR SPLASH FRAME","ASM-TJM-CHA-FRAME","12843",,0,599.06,-599.06,
"Ripple Table FRAME","ASM-TJM-TAB-FRAME","12844",,0,625.17,-625.17,
"TRIANGLE SIDE TABLE FRAME","ASM-TRI-SID-TAB-32X32-FRAME","12845",,0,625.17,-625.17,
"WATERFALL TABLE (BAR HEIGHT) 28 X 120 FRAME","ASM-WFT-BAR-TAB-120X28-FRAME","12846",,0,625.17,-625.17,
"WATERFALL TABLE (BAR HEIGHT) 36 X 120 FRAME","ASM-WFT-BAR-TAB-120X36-FRAME","12847",,0,625.17,-625.17,
"WATERFALL TABLE (BAR HEIGHT) 28"" x 120"" x 42"" FRAME","ASM-WFT-BAR-TAB-28X120-FRAME","12848",,0,625.17,-625.17,
"WATERFALL TABLE (BAR HEIGHT) 28"" x 72"" x 42"" FRAME","ASM-WFT-BAR-TAB-28X72-FRAME","12850",,0,625.17,-625.17,
"WATERFALL TABLE (BAR HEIGHT) 28"" x 96"" x 42"" FRAME","ASM-WFT-BAR-TAB-28X96-FRAME","12849",,0,625.17,-625.17,
"WATERFALL TABLE (BAR HEIGHT) 36"" x 120"" x 42"" FRAME","ASM-WFT-BAR-TAB-36X120-FRAME","12852",,0,625.17,-625.17,
"WATERFALL TABLE (BAR HEIGHT) 36"" x 72"" x 42"" FRAME","ASM-WFT-BAR-TAB-36X72-FRAME","12851",,0,625.17,-625.17,
"WATERFALL TABLE (BAR HEIGHT) 36"" x 96"" x 42"" FRAME","ASM-WFT-BAR-TAB-36X96-FRAME","12853",,0,625.17,-625.17,
"WATERFALL TABLE (BAR HEIGHT) 28 X 72 FRAME","ASM-WFT-BAR-TAB-72X28-FRAME","12857",,0,625.17,-625.17,
"WATERFALL TABLE (BAR HEIGHT) 36 X 72 FRAME","ASM-WFT-BAR-TAB-72X36-FRAME","12856",,0,625.17,-625.17,
"WATERFALL TABLE (BAR HEIGHT) 28 X 96 FRAME","ASM-WFT-BAR-TAB-96X28-FRAME","12855",,0,625.17,-625.17,
"WATERFALL TABLE (BAR HEIGHT) 36 X 96 FRAME","ASM-WFT-BAR-TAB-96X36-FRAME","12854",,0,625.17,-625.17,
"FLY LEG BENCH (DINING HEIGHT) 42"" x 18"" x 18"" SH CUSH","ASM-WFT-BCH-42X18-CUSH","12859",,0,285.64,-285.64,
"FLY LEG BENCH (DINING HEIGHT) 42"" x 18"" x 18"" SH FRAME","ASM-WFT-BCH-42X18-FRAME","12858",,0,599.06,-599.06,
"WATERFALL TABLE (COUNTER HEIGHT) 28 X 120 FRAME","ASM-WFT-CNT-TAB-120X28-FRAME","12860",,0,625.17,-625.17,
"WATERFALL TABLE (COUNTER HEIGHT) 36 X 120 FRAME","ASM-WFT-CNT-TAB-120X36-FRAME","12861",,0,625.17,-625.17,
"WATERFALL TABLE (COUNTER HEIGHT) 28"" x 120"" x 36"" FRAME","ASM-WFT-CNT-TAB-28X120-FRAME","12862",,0,625.17,-625.17,
"WATERFALL TABLE (COUNTER HEIGHT) 28"" x 72"" x 36"" FRAME","ASM-WFT-CNT-TAB-28X72-FRAME","12863",,0,625.17,-625.17,
"WATERFALL TABLE (COUNTER HEIGHT) 28"" x 96"" x 36"" FRAME","ASM-WFT-CNT-TAB-28X96-FRAME","12865",,0,625.17,-625.17,
"WATERFALL TABLE (COUNTER HEIGHT) 36"" x 120"" x 36"" FRAME","ASM-WFT-CNT-TAB-36X120-FRAME","12864",,0,625.17,-625.17,
"WATERFALL TABLE (COUNTER HEIGHT) 36"" x 72"" x 36"" FRAME","ASM-WFT-CNT-TAB-36X72-FRAME","12866",,0,625.17,-625.17,
"WATERFALL TABLE (COUNTER HEIGHT) 36"" x 96"" x 36"" FRAME","ASM-WFT-CNT-TAB-36X96-FRAME","12867",,0,625.17,-625.17,
"WATERFALL TABLE (COUNTER HEIGHT) 28 X 72 FRAME","ASM-WFT-CNT-TAB-72X28-FRAME","12868",,0,625.17,-625.17,
"WATERFALL TABLE (COUNTER HEIGHT) 36 X 72 FRAME","ASM-WFT-CNT-TAB-72X36-FRAME","12870",,0,625.17,-625.17,
"WATERFALL TABLE (COUNTER HEIGHT) 28 X 96 FRAME","ASM-WFT-CNT-TAB-96X28-FRAME","12869",,0,625.17,-625.17,
"WATERFALL TABLE (COUNTER HEIGHT) 36 X 96 FRAME","ASM-WFT-CNT-TAB-96X36-FRAME","12873",,0,625.17,-625.17,
"DINING BENCH w/NO ARMS 72"" x 22"" x 18"" SH CUSH","ASM-WFT-DIN-BCH-72X22-CUSH","12871",,0,285.64,-285.64,
"DINING BENCH w/NO ARMS 72"" x 22"" x 18"" SH FRAME","ASM-WFT-DIN-BCH-72X22-FRAME","12872",,0,599.06,-599.06,
"DINING BENCH w/NO ARMS 96"" x 22"" x 18"" SH CUSH","ASM-WFT-DIN-BCH-96X22-CUSH","12874",,0,285.64,-285.64,
"DINING BENCH w/NO ARMS 96"" x 22"" x 18"" SH FRAME","ASM-WFT-DIN-BCH-96X22-FRAME","12876",,0,599.06,-599.06,
"HALF BACK CHAIR (DINING HEIGHT) 17"" x 21"" x 18"" SH CUSH","ASM-WFT-DIN-CHA-17X21-CUSH","12875",,0,285.64,-285.64,
"HALF BACK CHAIR (DINING HEIGHT) 17"" x 21"" x 18"" SH FRAME","ASM-WFT-DIN-CHA-17X21-FRAME","12877",,0,599.06,-599.06,
"FLY LEG CHAIR (DINING HEIGHT) 18"" x 18"" x 18"" SH CUSH","ASM-WFT-DIN-CHA-18X18-CUSH","12878",,0,285.64,-285.64,
"FLY LEG CHAIR (DINING HEIGHT) 18"" x 18"" x 18"" SH FRAME","ASM-WFT-DIN-CHA-18X18-FRAME","12879",,0,599.06,-599.06,
"WATERFALL TABLE (DINING HEIGHT) 28 X 120 FRAME","ASM-WFT-DIN-TAB-120X28-FRAME","12880",,0,625.17,-625.17,
"WATERFALL TABLE (DINING HEIGHT) 36 X 120 FRAME","ASM-WFT-DIN-TAB-120X36-FRAME","12881",,0,625.17,-625.17,
"WATERFALL TABLE (DINING HEIGHT) 28"" x 120"" x 30"" FRAME","ASM-WFT-DIN-TAB-28X120-FRAME","12882",,0,625.17,-625.17,
"WATERFALL TABLE (DINING HEIGHT) 28"" x 72"" x 30"" FRAME","ASM-WFT-DIN-TAB-28X72-FRAME","12883",,0,625.17,-625.17,
"WATERFALL TABLE (DINING HEIGHT) 28"" x 96"" x 30"" FRAME","ASM-WFT-DIN-TAB-28X96-FRAME","12884",,0,625.17,-625.17,
"WATERFALL TABLE (DINING HEIGHT) 36"" x 120"" x 30"" FRAME","ASM-WFT-DIN-TAB-36X120-FRAME","12886",,0,625.17,-625.17,
"WATERFALL TABLE (DINING HEIGHT) 36"" x 72"" x 30"" FRAME","ASM-WFT-DIN-TAB-36X72-FRAME","12887",,0,625.17,-625.17,
"WATERFALL TABLE (DINING HEIGHT) 36"" x 96"" x 30"" FRAME","ASM-WFT-DIN-TAB-36X96-FRAME","12885",,0,625.17,-625.17,
"WATERFALL TABLE (DINING HEIGHT) 36 X 72 FRAME","ASM-WFT-DIN-TAB-72X36-FRAME","12890",,0,625.17,-625.17,
"WATERFALL TABLE (DINING HEIGHT) 28 X 96 FRAME","ASM-WFT-DIN-TAB-96X28-FRAME","12888",,0,625.17,-625.17,
"WATERFALL TABLE (DINING HEIGHT) 36 X 96 FRAME","ASM-WFT-DIN-TAB-96X36-FRAME","12889",,0,625.17,-625.17,
"WATERFALL FIRE PIT TABLE 56"" x 36"" x 16"" FRAME","ASM-WFT-FIR-TAB-56X36-FRAME","12891",,0,625.17,-625.17,
"WATERFALL FIRE PIT TABLE 72"" x 36"" x 16"" FRAME","ASM-WFT-FIR-TAB-72X36-FRAME","12892",,0,625.17,-625.17,
"HALF BACK BARSTOOL (BAR HEIGHT) 17"" x 21"" x 30"" SH CUSH","ASM-WFT-FLY-BST-17X21-CUSH","12893",,0,285.64,-285.64,
"HALF BACK BARSTOOL (BAR HEIGHT) 17"" x 21"" x 30"" SH FRAME","ASM-WFT-FLY-BST-17X21-FRAME","12894",,0,599.06,-599.06,
"FLY LEG BARSTOOL (BAR HEIGHT) 18"" x 18"" x 30"" SH CUSH","ASM-WFT-FLY-BST-18X18-CUSH","12895",,0,285.64,-285.64,
"FLY LEG BARSTOOL (BAR HEIGHT) 18"" x 18"" x 30"" SH FRAME","ASM-WFT-FLY-BST-18X18-FRAME","12896",,0,599.06,-599.06,
"WATERFALL SIDE TABLE 40X13 FRAME","ASM-WFT-SID-TAB-13X40-FRAME","12897",,0,625.17,-625.17,
"WATERFALL SIDE TABLE 40"" x 13"" x 12"" FRAME","ASM-WFT-SID-TAB-40X13-FRAME","12899",,0,625.17,-625.17,
"Bravada Armless Loveseat Frame","SA-BRA-AL-60-FRAME","12900",,0,486.72,-486.72,
"Bravada Coffee Table 36 x 36 Frame","SA-BRA-CT-36X36-FRAME","12898",,0,625.17,-625.17,
"Bravada Coffee Table 42 x 42 Frame","SA-BRA-CT-42X42-FRAME","12902",,0,648.25,-648.25,
"Bravada Coffee Table 56 x 56 Frame","SA-BRA-CT-56X56-FRAME","12903",,0,700.17,-700.17,
"Bravada Daybed 72 Frame","SA-BRA-D-7272-FRAME","12904",,0,802.01,-802.01,
"Bravada Loveseat Frame","SA-BRA-L-FRAME","12901",,0,527.11,-527.11,
"Bravada Mini Loveseat Frame","SA-BRA-ML-FRAME","12905",,0,487.77,-487.77,
"Bravada Sofa 72 Frame","SA-BRA-S-72-FRAME","12906",,0,552.58,-552.58,
"Bravada Sofa 84 Frame","SA-BRA-S-84-FRAME","12907",,0,587.3,-587.3,
"Bravada Sofa 96 Frame","SA-BRA-S-96-FRAME","12908",,0,626.63,-626.63,
"Bravada Side Table 20 x 20 Frame","SA-BRA-ST-20X20-FRAME","12911",,0,404.21,-404.21,
"Bravada Arm Assembly (shared, not handed)","SA-BRV-ARM","12909",,0,21.12,-21.12,
"Bravada Club Chair Back","SA-BRV-CLB-CHA-34X34-BACK","12910",,0,44.89,-44.89,
"BRAVADA CLUB CHAIR 34"" x 34"" x 31"" BH CUSH","SA-BRV-CLB-CHA-34X34-CUSH","12912",,0,150.93,-150.93,
"Bravada Club Chair Seat Frame","SA-BRV-CLB-CHA-34X34-SEAT","12913",,0,97.7,-97.7,
"Ocean Club Chair Cushion","SA-OCE-CC-CUSH","12914",,0,141.88,-141.88,
"Ocean Club Chair Frame","SA-OCE-CC-FRAME","12916",,0,507.6,-507.6,
"Ocean Coffee Table 36 x 36 Frame","SA-OCE-CT-36X36-FRAME","12917",,0,4228.77,-4228.77,
"Ocean Coffee Table 42 x 42 Frame","SA-OCE-CT-42X42-FRAME","12915",,0,5642.49,-5642.49,
"Ocean Coffee Table 56 x 56 Frame","SA-OCE-CT-56X56-FRAME","12918",,0,9823.16,-9823.16,
"Ocean Double Chaise Lounge Cushion","SA-OCE-DCL-CUSH","12920",,0,398.98,-398.98,
"Ocean Double Chaise Lounge Frame","SA-OCE-DCL-FRAME","12921",,0,605.59,-605.59,
"Ocean Loveseat Cushion","SA-OCE-L-CUSH","12919",,0,235.63,-235.63,
"Ocean Loveseat Frame","SA-OCE-L-FRAME","12923",,0,566.75,-566.75,
"Ocean Mini Loveseat Cushion","SA-OCE-ML-CUSH","12922",,0,190.09,-190.09,
"Ocean Ottoman 30 x 22 Cushion","SA-OCE-O-30X22-CUSH","12924",,0,79.03,-79.03,
"Ocean Ottoman 30 x 22 Frame","SA-OCE-O-30X22-FRAME","12926",,0,348.27,-348.27,
"Ocean Ottoman 42 x 22 Cushion","SA-OCE-O-42X22-CUSH","12925",,0,86.73,-86.73,
"Ocean Ottoman 42 x 22 Frame","SA-OCE-O-42X22-FRAME","12929",,0,361.73,-361.73,
"Ocean Ottoman 60 x 22 Cushion","SA-OCE-O-60X22-CUSH","12928",,0,128.28,-128.28,
"Ocean Ottoman 60 x 22 Frame","SA-OCE-O-60X22-FRAME","12927",,0,381.92,-381.92,
"Ocean Ottoman 72 x 22 Cushion","SA-OCE-O-72X22-CUSH","12930",,0,135.99,-135.99,
"Ocean Ottoman 72 x 22 Frame","SA-OCE-O-72X22-FRAME","12931",,0,399.16,-399.16,
"Ocean Sofa 72 Cushion","SA-OCE-S-72-CUSH","12932",,0,285.64,-285.64,
"Ocean Sofa 72 Frame","SA-OCE-S-72-FRAME","12933",,0,599.06,-599.06,
"Ocean Sofa 84 Cushion","SA-OCE-S-84-CUSH","12934",,0,303.49,-303.49,
"Ocean Sofa 84 Frame","SA-OCE-S-84-FRAME","12936",,0,626.32,-626.32,
"Ocean Single Chaise Lounge Cushion","SA-OCE-SCL-CUSH","12935",,0,220.66,-220.66,
"Ocean Single Chaise Lounge Frame","SA-OCE-SCL-FRAME","12937",,0,518.07,-518.07,
"Bravada Armless Loveseat Cushion","SA-BRA-AL-60-CUSH","12938",,0,14.79,-14.79,
"Bravada Armless Sofa 72 Cushion","SA-BRA-AS-72-CUSH","12939",,0,14.79,-14.79,
"Bravada Armless Sofa 84 Cushion","SA-BRA-AS-84-CUSH","12940",,0,14.79,-14.79,
"Bravada Armless Sofa 96 Cushion","SA-BRA-AS-96-CUSH","12942",,0,14.79,-14.79,
"Bravada Chaise 34 X 72 Cushion","SA-BRA-C-34X72-LS-CUSH","12943",,0,14.79,-14.79,
"Bravada Chaise 34 X 72 Cushion","SA-BRA-C-34X72-RS-CUSH","12941",,0,14.79,-14.79,
"Bravada Chaise 34 X 84 Cushion","SA-BRA-C-34X84-LS-CUSH","12944",,0,14.79,-14.79,
"Bravada Chaise 34 X 84 Cushion","SA-BRA-C-34X84-RS-CUSH","12945",,0,14.79,-14.79,
"Bravada Chaise 42X72 Cushion","SA-BRA-C-42X72-LS-CUSH","12946",,0,14.79,-14.79,
"Bravada Chaise 42X72 Cushion","SA-BRA-C-42X72-RS-CUSH","12947",,0,14.79,-14.79,
"Bravada Chaise 42 X 84 Cushion","SA-BRA-C-42X84-LS-CUSH","12950",,0,14.79,-14.79,
"Bravada Chaise 42 X 84 Cushion","SA-BRA-C-42X84-RS-CUSH","12949",,0,14.79,-14.79,
"Bravada Cabana Daybed 72 Cushion","SA-BRA-CADA-72X78-CUSH","12948",,0,14.79,-14.79,
"Bravada Cabana Daybed 72 Frame","SA-BRA-CADA-72X78-FRAME","12951",,0,660.5,-660.5,
"Bravada Cabana Daybed 78 Cushion","SA-BRA-CADA-78X78-CUSH","12952",,0,14.79,-14.79,
"Bravada Cabana Daybed 84 Cushion","SA-BRA-CADA-84X78-CUSH","12953",,0,14.79,-14.79,
"Bravada Club Chair Cushion","SA-BRA-CC-CUSH","12956",,0,14.79,-14.79,
"Bravada Chaise Lounge Double Cushion","SA-BRA-CL-D-A-CUSH","12955",,0,14.79,-14.79,
"Bravada Chaise Lounge Double Frame","SA-BRA-CL-D-A-FRAME","12957",,0,253.63,-253.63,
"Bravada Chaise Lounge Double Cushion","SA-BRA-CL-D-CUSH","12954",,0,14.79,-14.79,
"Bravada Chaise Lounge Double Frame","SA-BRA-CL-D-FRAME","12958",,0,253.63,-253.63,
"Bravada Chaise Lounge Single Cushion","SA-BRA-CL-S-A-CUSH","12959",,0,14.79,-14.79,
"Bravada Chaise Lounge Single Frame","SA-BRA-CL-S-A-FRAME","12960",,0,253.63,-253.63,
"Bravada Chaise Lounge Single Cushion","SA-BRA-CL-S-CUSH","12961",,0,14.79,-14.79,
"Bravada Chaise Lounge Single Frame","SA-BRA-CL-S-FRAME","12962",,0,253.63,-253.63,
"Bravada Corner Sofa 72 Cushion","SA-BRA-CS-72-LS-CUSH","12963",,0,14.79,-14.79,
"Bravada Corner Sofa 72 Cushion","SA-BRA-CS-72-RS-CUSH","12964",,0,14.79,-14.79,
"Bravada Corner Sofa 84 Cushion","SA-BRA-CS-84-LS-CUSH","12965",,0,14.79,-14.79,
"Bravada Corner Sofa 84 Cushion","SA-BRA-CS-84-RS-CUSH","12967",,0,14.79,-14.79,
"Bravada Corner Sofa 96 Cushion","SA-BRA-CS-96-LS-CUSH","12966",,0,14.79,-14.79,
"Bravada Corner Sofa 96 Cushion","SA-BRA-CS-96-RS-CUSH","12969",,0,14.79,-14.79,
"Bravada Daybed 72 Cushion","SA-BRA-D-7272-CUSH","12970",,0,14.79,-14.79,
"Bravada Daybed 78 Cushion","SA-BRA-D-7872-CUSH","12968",,0,14.79,-14.79,
"Bravada Loveseat Cushion","SA-BRA-L-CUSH","12971",,0,14.79,-14.79,
"Bravada Mini Loveseat Cushion","SA-BRA-ML-CUSH","12972",,0,14.79,-14.79,
"Bravada Ottoman 30X22 Cushion","SA-BRA-O-30X22-CUSH","12973",,0,14.79,-14.79,
"Bravada Ottoman 30X22 Frame","SA-BRA-O-30X22-FRAME","12974",,0,397.22,-397.22,
"Bravada Ottoman 34X34 Cushion","SA-BRA-O-34X34-CUSH","12975",,0,14.79,-14.79,
"Bravada Ottoman 34X34 Frame","SA-BRA-O-34X34-FRAME","12976",,0,433.22,-433.22,
"Bravada Ottoman 42X22 Cushion","SA-BRA-O-42X22-CUSH","12977",,0,14.79,-14.79,
"Bravada Ottoman 42X22 Frame","SA-BRA-O-42X22-FRAME","12979",,0,422.27,-422.27,
"Bravada Ottoman 42X34 Cushion","SA-BRA-O-42X34-CUSH","12978",,0,14.79,-14.79,
"Bravada Ottoman 42X34 Frame","SA-BRA-O-42X34-FRAME","12980",,0,452.64,-452.64,
"Bravada Ottoman 60X22 Cushion","SA-BRA-O-60X22-CUSH","12981",,0,14.79,-14.79,
"Bravada Ottoman 60X22 Frame","SA-BRA-O-60X22-FRAME","12982",,0,461.22,-461.22,
"Bravada Ottoman 60 x 34 Cushion","SA-BRA-O-60X34-CUSH","12984",,0,14.79,-14.79,
"Bravada Ottoman 60 x 34 Frame","SA-BRA-O-60X34-FRAME","12985",,0,495.21,-495.21,
"Bravada Ottoman 72X22 Cushion","SA-BRA-O-72X22-CUSH","12983",,0,14.79,-14.79,
"Bravada Ottoman 72X22 Frame","SA-BRA-O-72X22-FRAME","12986",,0,493.37,-493.37,
"Bravada Ottoman 72 x 34 Cushion","SA-BRA-O-72X34-CUSH","12987",,0,14.79,-14.79,
"Bravada Ottoman 72 x 34 Frame","SA-BRA-O-72X34-FRAME","12988",,0,529.18,-529.18,
"Bravada Ottoman 30X22 Cushion","SA-BRA-ODT-30X22-CUSH","12989",,0,14.79,-14.79,
"Bravada Ottoman 34X34 Cushion","SA-BRA-ODT-34X34-CUSH","12990",,0,14.79,-14.79,
"Bravada Ottoman 42X22 Cushion","SA-BRA-ODT-42X22-CUSH","12991",,0,14.79,-14.79,
"Bravada Ottoman 42X34 Cushion","SA-BRA-ODT-42X34-CUSH","12993",,0,14.79,-14.79,
"Bravada Ottoman 60X22 Cushion","SA-BRA-ODT-60X22-CUSH","12992",,0,14.79,-14.79,
"Bravada Ottoman 60 x 34 Cushion","SA-BRA-ODT-60X34-CUSH","12994",,0,14.79,-14.79,
"Bravada Ottoman 60 x 34 Frame","SA-BRA-ODT-60X34-FRAME","12995",,0,495.21,-495.21,
"Bravada Ottoman 72X22 Cushion","SA-BRA-ODT-72X22-CUSH","12996",,0,14.79,-14.79,
"Bravada Ottoman 72 x 34 Cushion","SA-BRA-ODT-72X34-CUSH","12997",,0,14.79,-14.79,
"Bravada Ottoman 72 x 34 Frame","SA-BRA-ODT-72X34-FRAME","12999",,0,529.18,-529.18,
"Bravada Sofa 72 Cushion","SA-BRA-S-72-CUSH","13000",,0,14.79,-14.79,
"Bravada Sofa 84 Cushion","SA-BRA-S-84-CUSH","12998",,0,14.79,-14.79,
"Bravada Sofa 96 Cushion","SA-BRA-S-96-CUSH","13002",,0,14.79,-14.79,
"Bravada Swivel Chair Cushion","SA-BRA-SC-CUSH","13001",,0,14.79,-14.79,
"Bravada Swivel Chair Frame","SA-BRA-SC-FRAME","13003",,0,253.63,-253.63,
"Brooklyn Chaise 72 x 34 Cushion","SA-BRO-C-72X34-LS-CUSH","13005",,0,14.79,-14.79,
"Brooklyn Chaise 72 x 34 Frame","SA-BRO-C-72X34-LS-FRAME","13006",,0,508.77,-508.77,
"Brooklyn Chaise 72 x 34 Cushion","SA-BRO-C-72X34-RS-CUSH","13004",,0,14.79,-14.79,
"Brooklyn Chaise 72 x 34 Frame","SA-BRO-C-72X34-RS-FRAME","13008",,0,508.77,-508.77,
"Brooklyn Chaise 72 x 42 Cushion","SA-BRO-C-72X42-LS-CUSH","13009",,0,14.79,-14.79,
"Brooklyn Chaise 72 x 42 Frame","SA-BRO-C-72X42-LS-FRAME","13007",,0,529.1,-529.1,
"Brooklyn Chaise 72 x 42 Cushion","SA-BRO-C-72X42-RS-CUSH","13010",,0,14.79,-14.79,
"Brooklyn Chaise 72 x 42 Frame","SA-BRO-C-72X42-RS-FRAME","13012",,0,529.1,-529.1,
"Brooklyn Chaise 84 x 34 Cushion","SA-BRO-C-84X34-LS-CUSH","13011",,0,14.79,-14.79,
"Brooklyn Chaise 84 x 34 Frame","SA-BRO-C-84X34-LS-FRAME","13013",,0,540.18,-540.18,
"Brooklyn Chaise 84 x 34 Cushion","SA-BRO-C-84X34-RS-CUSH","13015",,0,14.79,-14.79,
"Brooklyn Chaise 84 x 34 Frame","SA-BRO-C-84X34-RS-FRAME","13014",,0,540.18,-540.18,
"Brooklyn Chaise 84 x 42 Cushion","SA-BRO-C-84X42-LS-CUSH","13017",,0,14.79,-14.79,
"Brooklyn Chaise 84 x 42 Frame","SA-BRO-C-84X42-LS-FRAME","13016",,0,562.93,-562.93,
"Brooklyn Chaise 84 x 42 Cushion","SA-BRO-C-84X42-RS-CUSH","13018",,0,14.79,-14.79,
"Brooklyn Chaise 84 x 42 Frame","SA-BRO-C-84X42-RS-FRAME","13019",,0,562.93,-562.93,
"Brooklyn Chaise Lounge Double Cushion","SA-BRO-CL-D-CUSH","13020",,0,14.79,-14.79,
"Brooklyn Chaise Lounge Double Frame","SA-BRO-CL-D-FRAME","13021",,0,253.63,-253.63,
"Brooklyn Chaise Lounge Single Cushion","SA-BRO-CL-S-CUSH","13022",,0,14.79,-14.79,
"Brooklyn Chaise Lounge Single Frame","SA-BRO-CL-S-FRAME","13023",,0,253.63,-253.63,
"Brooklyn Corner Sofa 72 Cushion","SA-BRO-CS-72-LS-CUSH","13024",,0,14.79,-14.79,
"Brooklyn Corner Sofa 72 Frame","SA-BRO-CS-72-LS-FRAME","13025",,0,508.77,-508.77,
"Brooklyn Corner Sofa 72 Cushion","SA-BRO-CS-72-RS-CUSH","13026",,0,14.79,-14.79,
"Brooklyn Corner Sofa 72 Frame","SA-BRO-CS-72-RS-FRAME","13027",,0,508.77,-508.77,
"Brooklyn Corner Sofa 84 Cushion","SA-BRO-CS-84-LS-CUSH","13028",,0,14.79,-14.79,
"Brooklyn Corner Sofa 84 Frame","SA-BRO-CS-84-LS-FRAME","13029",,0,540.18,-540.18,
"Brooklyn Corner Sofa 84 Cushion","SA-BRO-CS-84-RS-CUSH","13030",,0,14.79,-14.79,
"Brooklyn Corner Sofa 84 Frame","SA-BRO-CS-84-RS-FRAME","13031",,0,540.18,-540.18,
"Brooklyn Corner Sofa 96 Cushion","SA-BRO-CS-96-LS-CUSH","13032",,0,14.79,-14.79,
"Brooklyn Corner Sofa 96 Frame","SA-BRO-CS-96-LS-FRAME","13033",,0,567.05,-567.05,
"Brooklyn Corner Sofa 96 Cushion","SA-BRO-CS-96-RS-CUSH","13034",,0,14.79,-14.79,
"Brooklyn Corner Sofa 96 Frame","SA-BRO-CS-96-RS-FRAME","13035",,0,567.05,-567.05,
"Brooklyn Loveseat Cushion","SA-BRO-L-CUSH","13036",,0,14.79,-14.79,
"Brooklyn Loveseat Frame","SA-BRO-L-FRAME","13037",,0,253.63,-253.63,
"Brooklyn Sofa 72 Cushion","SA-BRO-S-72-CUSH","13039",,0,14.79,-14.79,
"Brooklyn Sofa 72 Frame","SA-BRO-S-72-FRAME","13038",,0,529.18,-529.18,
"Brooklyn Sofa 84 Cushion","SA-BRO-S-84-CUSH","13040",,0,14.79,-14.79,
"Brooklyn Sofa 84 Frame","SA-BRO-S-84-FRAME","13042",,0,560.59,-560.59,
"Brooklyn Sofa 96 Cushion","SA-BRO-S-96-CUSH","13041",,0,14.79,-14.79,
"Brooklyn Sofa 96 Frame","SA-BRO-S-96-FRAME","13044",,0,587.46,-587.46,
"Brooklyn Transitional Chaise Double Cushion","SA-BRO-TC-D-CUSH","13045",,0,14.79,-14.79,
"Brooklyn Transitional Chaise Double Frame","SA-BRO-TC-D-FRAME","13043",,0,253.63,-253.63,
"Brooklyn Transitional Chaise Single Cushion","SA-BRO-TC-S-CUSH","13048",,0,14.79,-14.79,
"Brooklyn Transitional Chaise Single Frame","SA-BRO-TC-S-FRAME","13047",,0,253.63,-253.63,
"Ocean Round Side table 36 Frame","SA-OCE-RST-36-FRAME","13046",,0,404.49,-404.49,
"Ocean Round Side Table 42 Frame","SA-OCE-RST-42-FRAME","13049",,0,415.14,-415.14,
"Ocean Swivel Chair Cushion","SA-OCE-SC-CUSH","13050",,0,14.79,-14.79,
"Ocean Swivel Chair Frame","SA-OCE-SC-FRAME","13051",,0,253.63,-253.63,
"Ocean Side Table 20 x 20 Frame","SA-OCE-ST-20X20-FRAME","13052",,0,344.15,-344.15,
"Brooklyn Transitional Double Chaise 48x72 Cushion","SA-BRK-TRA-DOU-CHS-48X72-CUSH","13059","Sub-Assembly",0,0,0,
"Brooklyn Transitional Double Chaise 48x72 Frame","SA-BRK-TRA-DOU-CHS-48X72-FRAME","13060","Sub-Assembly",0,316.63,-316.63,
"Brooklyn Transitional Single Chaise 36x72 Cushion","SA-BRK-TRA-SGL-CHS-36X72-CUSH","13065","Sub-Assembly",0,0,0,
"Brooklyn Transitional Single Chaise 36x72 Frame","SA-BRK-TRA-SGL-CHS-36X72-FRAME","13072","Sub-Assembly",0,273.73,-273.73,
"Bravada Club Chair 34x34 Frame","SA-BRV-CLB-CHA-34X34-FRAME","13066","Sub-Assembly",0,179.58,-179.58,
"Bravada Loveseat 60x34 Cushion","SA-BRV-LOV-SOF-60X34-CUSH","13054","Sub-Assembly",0,0,0,
"Bravada Loveseat 60x34 Frame","SA-BRV-LOV-SOF-60X34-FRAME","13067","Sub-Assembly",0,241.58,-241.58,
"Bravada Mini Loveseat 48x34 Cushion","SA-BRV-MIN-LOV-48X34-CUSH","13055","Sub-Assembly",0,0,0,
"Bravada Mini Loveseat 48x34 Frame","SA-BRV-MIN-LOV-48X34-FRAME","13073","Sub-Assembly",0,214.71,-214.71,
"Bravada Swivel Chair 34x34 Cushion","SA-BRV-SWV-CHA-34X34-CUSH","13056","Sub-Assembly",0,0,0,
"Bravada Swivel Chair 34x34 Frame","SA-BRV-SWV-CHA-34X34-FRAME","13061","Sub-Assembly",0,179.58,-179.58,
"Ocean Club Chair 34x38 Cushion","SA-OCN-CLB-CHA-34X38-CUSH","13062","Sub-Assembly",0,0,0,
"Ocean Club Chair 34x38 Frame","SA-OCN-CLB-CHA-34X38-FRAME","13068","Sub-Assembly",0,189.1,-189.1,
"Ocean Double Chaise 58x79 Cushion","SA-OCN-DOU-CHS-58X79-CUSH","13074","Sub-Assembly",0,0,0,
"Ocean Double Chaise 58x79 Frame","SA-OCN-DOU-CHS-58X79-FRAME","13053","Sub-Assembly",0,365.35,-365.35,
"Ocean Loveseat 60x38 Cushion","SA-OCN-LOV-SOF-60X38-CUSH","13063","Sub-Assembly",0,0,0,
"Ocean Loveseat 60x38 Frame","SA-OCN-LOV-SOF-60X38-FRAME","13069","Sub-Assembly",0,252.91,-252.91,
"Ocean Mini Loveseat 60x48 Cushion","SA-OCN-MIN-LOV-60X48-CUSH","13057","Sub-Assembly",0,0,0,
"Ocean Mini Loveseat 60x48 Frame","SA-OCN-MIN-LOV-60X48-FRAME","13070","Sub-Assembly",0,281.24,-281.24,
"Ocean Single Chaise 36x79 Cushion","SA-OCN-SGL-CHS-36X79-CUSH","13075","Sub-Assembly",0,0,0,
"Ocean Single Chaise 36x79 Frame","SA-OCN-SGL-CHS-36X79-FRAME","13071","Sub-Assembly",0,290.38,-290.38,
"Ocean Swivel Chair 34x34 Cushion","SA-OCN-SWV-CHA-34X34-CUSH","13058","Sub-Assembly",0,0,0,
"Ocean Swivel Chair 34x34 Frame","SA-OCN-SWV-CHA-34X34-FRAME","13064","Sub-Assembly",0,179.58,-179.58,