DATE INTRO,ORDER,SALE,CLIENT,DATE NEED,FABRIC,SKU,QTY NEED,STOCK,DIFERENCE,STATUS,NOW,#WEEKS,NOTE,DATE ORDER,DATE RECEIVED,SUPPLIER,$,GLE$,TRI$,KEY$,NOTES..,
12/2/2022,111,,NOT SPECIFIC,,CANVAS NAVY,5439-0000,60,8,,RECEIVED,,,TO BE COVER (reserva),,,KEYSTON,$18.00,,,,,
12/2/2022,111,,KYRIN GERBER,,SPECTRUM DENIM,48086-0000,17,0,,RECEIVED,,,,,,KEYSTON,$16.21,,,,,
12/2/2022,111,,KYRIN GERBER,,CANVAS HEATHER BEIGE,5476-0000,14,47,,RECEIVED,,,,,,KEYSTON,$18.00,,,,,
12/2/2022,111,,STEVE & COLLEEN,,ACTION DENIM,,6,0,,RECEIVED,,,,,,KEYSTON,$41.95,,,,,
12/2/2022,111,,CHRISTIAN,,SHORE CLASSIC,58033-0000,2,3,,RECEIVED,,,,,,KEYSTON,$19.90,,,,,
12/2/2022,111,,OPTIMA 7180,,STANTON LAGOON,58001-0000,180,0,,RECEIVED,,,,,,SAILRITE,$17.01,,,,,
12/2/2022,111,,STEVE & COLLEEN,,ACTION ASH,44285-0001,39,0,,RECEIVED,,,,,,SAILRITE,$30.88,,,,,
12/2/2022,111,,SUSAN & CRAWFORD LOVE,,SPECTRUM DENIM,48086-0000,23,0,,RECEIVED,,,,,,SAILRITE,$16.70,,,,,
12/2/2022,111,,SUSAN & CRAWFORD LOVE,,DIVIDE REEF,,14,12,,RECEIVED,,,,,,SAILRITE,$36.75,,,,,
12/2/2022,111,,JOEY & BECKY MARINO,,SPECTRUM SESAME,,9,0,,RECEIVED,,,,,,SAILRITE,$16.70,,,,,
12/2/2022,111,,LYNN CC PATIO,,BLEND SAND,16001-0012,5,2,,RECEIVED,,,,,,SAILRITE,$29.10,,,,,
1/2/2023,320,,MESA ARTS DISTRICT,,CAST SLATE,40434-000,45.37,5,,RECEIVED,,,DO NOT ORDER TBD,,,KEYSTON,$17.41,,,,,
1/2/2023,320,,MESA ARTS DISTRICT,,CAST SLATE,40434-000,36,5,,RECEIVED,,,TO COMPLETE PROYECT,,,KEYSTON,$17.41,,,,,
1/2/2023,320,,MESA ARTS DISTRICT,,CAST SLATE,40434-000,15,5,,RECEIVED,,,,,,KEYSTON,$17.41,,,,,
1/2/2023,350,,STEVE & COLLEEN,,ACTION DENIM,,3,0,,RECEIVED,,,MINIMUM ORDER ITS 3YARDS,,,KEYSTON,$41.95,,,,,
1/2/2023,352,,KEITH CLAUSEN,,MILANO CHAR,56079-0000,17,7,,RECEIVED,,, NEED 8 YARDS,,,KEYSTON,$23.69,,,,,
1/2/2023,352,,KEITH CLAUSEN,,BERENSON TUXEDO,8521-0000,16,65,,RECEIVED,,,NEED 10 YARDS,,,KEYSTON,$27.10,,,,,
1/2/2023,352,,KEITH CLAUSEN,,CANVAS HEATHER BEIGE,5476-0000,12,47,,RECEIVED,,,,,,KEYSTON,$23.38,,,,,
1/2/2023,352,,KEITH CLAUSEN,,BLOX SLATE,45542-0000,7,0,,RECEIVED,,,NEED 3 YARDS,,,KEYSTON,$45.56,,,,,
1/2/2023,359,,NANCY & FRANCIS DESOUZA,,CANVAS WHITE,57003-0000,20,11,,RECEIVED,,,,,,KEYSTON,$18.00,,,,,
1/2/2023,359,,NANCY & FRANCIS DESOUZA,,SPECTRUM CARBON,48085-0000,19,5,,RECEIVED,,,,,,KEYSTON,$16.21,,,,,
1/2/2023,360,,KATHI BERTENSHAW,,LINEN PAMPAS (B317-0000),,35,0,,RECEIVED,,,,,,KEYSTON,$22.08,,,,,
1/2/2023,368,,NICOLAS UZCATEGUI,,CANVAS TEAK,5488-0000,11,3,,RECEIVED,,,,,,KEYSTON,$18.00,,,,,
1/2/2023,368,,NICOLAS UZCATEGUI,,BRANNON REDWOOD,5612-0000,4,3,,RECEIVED,,,,,,KEYSTON,$18.31,,,,,
1/2/2023,380,,PEGGY & JOEL PRICHARD,,HERITAGE PAPYRUS,18006-0000,16,21,,RECEIVED,,,,,,KEYSTON,$32.62,,,,,
1/2/2023,380,,PEGGY & JOEL PRICHARD,,COMFORT PEBBLE,,2,0,,RECEIVED,,,,,,KEYSTON,$21.00,,,,,
1/2/2023,381,,CYNTHIA BERLIN,,HERITAGE ASHE,18001-0000,17,0,,RECEIVED,,,,,,KEYSTON,$32.62,,,,,
1/2/2023,382,,CAMELIA CRACIUN,,SHORE CLASSIC,58033-0000,10,3,,RECEIVED,,,,,,KEYSTON,$19.90,,,,,
1/2/2023,382,,CAMELIA CRACIUN,,PEYTON GRANITE,56075-0000,7,0,,RECEIVED,,,,,,KEYSTON,$22.08,,,,,
1/2/2023,385,,SUSAN & GORDON BELL,,CANVAS TAUPE,5461-0000,26,4,,RECEIVED,,,NEED 10 YDS,,,KEYSTON,$18.00,,,,,
1/2/2023,385,,SUSAN & GORDON BELL,,CULTIVATE STONE,56107-0000,11,2,,RECEIVED,,,,,,KEYSTON,$21.67,,,,,
1/2/2023,387,,"HINGISS, MARK & CHERYL",,SPECTRUM INDIGO,48080-0000,4,2,,RECEIVED,,,,,,KEYSTON,$16.22,,,,,
1/2/2023,388,,JOHN CALHOUN,,ECHO ASH,57005-0000,18,11,,RECEIVED,,,,,,KEYSTON,$22.91,,,,,
1/2/2023,390,,ERIN CLATANOFF,,BLISS ONYX,,13,0,,RECEIVED,,,,,,KEYSTON,$16.17,,,,,
1/2/2023,390,,ERIN CLATANOFF,,CAST CITRUS,,2,10,,RECEIVED,,,,,,KEYSTON,$17.67,,,,,
1/2/2023,391,,NICOLE DILLER,,CAST PETAL,,39,0,,RECEIVED,,,,,,KEYSTON,$17.41,,,,,
1/2/2023,391,,NICOLE DILLER,,CREATE SMOKE,145844-0001,39,0,,RECEIVED,,,NEED 35 YDS,,,KEYSTON,$29.25,,,,,
1/2/2023,392,,SUE NORDEN,,CANVAS TRUE BLUE,,4,2,,RECEIVED,,,,,,KEYSTON,$18.00,,,,,
1/2/2023,393,,ELIZABETH LINOS,,NURTURE CHARCOAL,42102-0006,11,1,,RECEIVED,,,,,,KEYSTON,$31.64,,,,,
1/2/2023,399,,JESSIE NEEDHAM,,CANVAS TERRACOTTA,,16,6,,RECEIVED,,,,,,KEYSTON,$20.87,,,,,
1/2/2023,400,,DARYL COOK,,STANTON LAGOON,58001-0000,15,0,,RECEIVED,,,,,,KEYSTON,$18.31,,,,,
1/2/2023,401,,JAMIE LENBERG,,CANVAS NAVY,5439-0000,19,8,,RECEIVED,,,,,,KEYSTON,$18.00,,,,,
1/2/2023,401,,JAMIE LENBERG,,CREATE GUAVA,,2,0,,RECEIVED,,,,,,KEYSTON,$29.25,,,,,
1/2/2023,402,,RANDI & LUIS WIKLER,,CANVAS BAY BROWN,,5,0,,RECEIVED,,,,,,KEYSTON,$20.87,,,,,
1/2/2023,402,,RANDI & LUIS WIKLER,,BLEND HONEY,,3,0,,RECEIVED,,,,,,KEYSTON,$24.12,,,,,
1/2/2023,402,,RANDI & LUIS WIKLER,,CANVAS BAY BROWN,,2,0,,RECEIVED,,,WE ADD FOR COMPLETE,,,KEYSTON,??,,,,,
1/2/2023,403,,NANNETTE ORTEGA,,MIDORI STONE,145256-0005,5,0,,RECEIVED,,,,,,KEYSTON,$37.05,,,,,
1/2/2023,404,,BETH COYLE,,SAILCLOTH SEAGULL,32000-0023,8,22,,RECEIVED,,,,,,KEYSTON,$31.24,,,,,
1/2/2023,405,,MARK & LISA POWELL,,NURTURE PEBBLE,42102-0002,19,4,,RECEIVED,,,,,,KEYSTON,$31.64,,,,,
1/2/2023,405,,MARK & LISA POWELL,,STANTON LAGOON,58001-0000,4,0,,RECEIVED,,,,,,KEYSTON,$18.31,,,,,
1/2/2023,406,,PAMELA & MARKOS TAMBAKERAS,,CANVAS FLAX,5492-0000,8,0,,RECEIVED,,,,,,KEYSTON,$18.00,,,,,
1/2/2023,409,,CHRIS HARTFORD,,STANTON LAGOON,58001-0000,9,0,,RECEIVED,,,,,,KEYSTON,$18.31,,,,,
1/2/2023,411,,CAROLYN COLLINS,,CANVAS SAPPHIRE BLUE,5452-0000,3,2,,RECEIVED,,,XTRA TO COMPLETE,,,KEYSTON,$23.38,,,,,
1/2/2023,413,,JIM & JILL MAPSTEAD,,MIDORI STONE,145256-0005,2,0,,RECEIVED,,,WE ADD FOR COMPLETE,,,KEYSTON,$37.05,,,,,
1/2/2023,420,,DAVID CAROLL,,MIDORI STONE,145256-0005,1,0,,RECEIVED,,,,,,KEYSTON,$48.13,,,,,
1/2/2023,421,,ADAM LYNCH,,CANVAS HEATHER BEIGE,5476-0000,4,47,,RECEIVED,,,,,,KEYSTON,$23.38,,,,,
1/2/2023,421,,ADAM LYNCH,,Canvas Heather Beige,5476-0000,3,47,,RECEIVED,,,TO COMPLETE...they bring 3.88 yards,,,KEYSTON,$18.00,,,,,
1/2/2023,421,,ADAM LYNCH,,MIDORI INDIGO,145256-0001,3,0,,RECEIVED,,,,,,KEYSTON,$48.13,,,,,
1/2/2023,422,,ELIZABETH LINOS,,MIDORI STONE,145256-0005,2,0,,RECEIVED,,,,,,KEYSTON,$48.13,,,,,
1/2/2023,423,,JODY COLEMAN,,CANVAS NAVY,5439-0000,60,8,,RECEIVED,,,TO COMPLETE &  INVENTORY,,,KEYSTON,$18.00,,,,,
1/2/2023,426,,JIM & JENNIFER BRAWNER,,MIDORI STONE,145256-0005,33,0,,RECEIVED,,,,,,KEYSTON,$37.05,,,,,
1/2/2023,426,,JIM & JENNIFER BRAWNER,,BLEND LINEN,16001-0014,16,0,,RECEIVED,,,,,,KEYSTON,$29.19,,,,,
1/2/2023,426,,JIM & JENNIFER BRAWNER,,SOLANA SEAGULL,32008-0000,4,4,,RECEIVED,,,TO COMPLETE,,,KEYSTON,$33.10,,,,,
1/2/2023,429,,ASHLEY ZIMMERAN,,CANVAS NATURAL,5404-0000,23,8,,RECEIVED,,,ORDER 20,,,KEYSTON,$18.00,,,,,
1/2/2023,429,,ASHLEY ZIMMERAN,,SOLANA SEAGULL,32008-0000,17,4,,RECEIVED,,,,,,KEYSTON,$33.10,,,,,
1/2/2023,429,,ASHLEY ZIMMERAN,,CANVAS RUST,,6,1,,RECEIVED,,,THEY BRING 6.75 YARDS,,,KEYSTON,$20.87,,,,,
1/2/2023,429,,ASHLEY ZIMMERAN,,DUPIONE PAPAYA,8053-0000,5,0,,RECEIVED,,,,,,KEYSTON,$24.67,,,,,
1/2/2023,433,,RON RYKOWSKI,,CANVAS MUSHROOM,,33,6,,RECEIVED,,,ORDER 10,,,KEYSTON,$17.73,,,,,
1/2/2023,433,,RON RYKOWSKI,,MILANO CHAR,56079-0000,28,7,,RECEIVED,,,,,,KEYSTON,$18.31,,,,,
1/2/2023,433,,RON RYKOWSKI,,DUPIONE PAPAYA,8053-0000,6,0,,RECEIVED,,,,,,KEYSTON,$24.67,,,,,
1/2/2023,435,,CHAD NIKKEL,,DUPIONE DEEP SEA,8019-0000,20,2,,RECEIVED,,,,,,KEYSTON,$22.08,,,,,
1/2/2023,435,,CHAD NIKKEL,,ARRAY CARIBBEAN,145654-0003,11,0,,RECEIVED,,,,,,KEYSTON,$31.89,,,,,
1/2/2023,436,,CHUCK PRESCOTT,,CANVAS WHITE,57003-0000,12,11,,RECEIVED,,,,,,KEYSTON,$18.00,,,,,
1/2/2023,LJ-33,,MARY BURKE LA JOLLA,,CAST ASH,40428-0000,46,15,,RECEIVED,,,NEED 40 YARDS,,,KEYSTON,$17.41,,,,,
1/2/2023,LJ-40,,LJ GLOBE,,NURTURE SMOKE,42102-0003,8,5,,RECEIVED,,,,,,KEYSTON,??,,,,,
1/2/2023,LJ-42,,LJ STEPHANIE CHICK,,CANVAS HEATHER BEIGE,5476-0000,16,47,,RECEIVED,,,NEED 13 YARDS,,,KEYSTON,$18.00,,,,,
1/2/2023,LJ-43,,LJ KARI POWELL,,NURTURE WHITE,42102-0001,1,0,,RECEIVED,,,PENDING 2 PILLOWS,,,KEYSTON,?,,,,,
1/2/2023,285,,JIM TESAR,,DUPIONE DEEP SEA,8019-0000,5,2,,RECEIVED,,,,,,SAILRITE,$22.75,,,,,
1/2/2023,338,,OPTIMA 7180,,STANTON LAGOON,58001-0000,60,0,,RECEIVED,,,,,,SAILRITE,$17.01,,,,,
1/2/2023,351,,JOEY & BECKY MARINO,,SPECTRUM SESAME,,5,0,,RECEIVED,,,,,,SAILRITE,$16.70,,,,,
1/2/2023,352,,KEITH CLAUSEN,,LINEN SESAME,8318-0000,7,2,,RECEIVED,,,,,,SAILRITE,$21.55,,,,,
1/2/2023,358,,STACY SCHNEIDER,,ARRAY DAWN,,1,0,,RECEIVED,,,,,,SAILRITE,$32.65,,,,,
1/2/2023,358,,STACY SCHNEIDER,,ECHO ASH,57005-0000,1,11,,RECEIVED,,,,,,SAILRITE,$23.65,,,,,
1/2/2023,359,,NANCY & FRANCIS,,CANVAS WHITE,57003-0000,28,11,,RECEIVED,,,NEED 10 YDS,,,SAILRITE,$18.55,,,,,
1/2/2023,361,,SUSAN CICIORA,,ACTION ASH,44285-0001,45,0,,RECEIVED,,,,,,SAILRITE,$30.88,,,,,
1/2/2023,361,,SUSAN CICIORA,,CAST SILVER,,7,0,,RECEIVED,,,,,,SAILRITE,$18.15,,,,,
1/2/2023,361,,SUSAN CICIORA,,MILANO CHAR,56079-0000,6,7,,RECEIVED,,,NEED 4 YARDS,,,SAILRITE,$18.90,,,,,
1/2/2023,362,,KELSEY KITTLESON,,COVE PEBBLE,58036-0000,19,6,,RECEIVED,,,,,,SAILRITE,$18.90,,,,,
1/2/2023,363,,MATTHEW CHAPMAN,,CANVAS FLAX,5492-0000,12,0,,RECEIVED,,,,,,SAILRITE,$18.55,,,,,
1/2/2023,382,,CAMELIA CRACIUN,,SPECTRUM CARBON,48085-0000,30,5,,RECEIVED,,,,,,SAILRITE,$15.87,,,,,
1/2/2023,387,,"HINGISS, MARK & CHERYL",,LUXE INDIGO,45690-0000,4,13,,RECEIVED,,,,,,SAILRITE,$36.60,,,,,
1/2/2023,389,,CAMELIA CRACIUN,,ECHO ASH,57005-0000,43,11,,RECEIVED,,,,,,SAILRITE,$22.47,,,,,
1/2/2023,390,,ERIN CLATANOFF,,LINEN SILVER,8351-0000,7,18,,RECEIVED,,,,,,SAILRITE,$21.55,,,,,
1/2/2023,397,,CLYDE & SUMMET MENDOCA,,INTEGRATED PEWTER,69006-0007,10,0,,RECEIVED,,,WE ADD FOR COMPLETE,,,SAILRITE,$33.80,,,,,
1/2/2023,399,,JESSIE NEEDHAM,,ACCORD II CRIMSON,,13,0,,RECEIVED,,,,,,SAILRITE,$34.02,,,,,
1/2/2023,399,,JESSIE NEEDHAM,,SAILCLOTH SAHARA,,7,19,,RECEIVED,,,,,,SAILRITE,$32.20,,,,,
1/2/2023,406,,PAMELA & MARKOS TAMBAKERAS,,ACCORD II CRIMSON,,30,0,,RECEIVED,,,,,,SAILRITE,$34.02,,,,,
1/2/2023,406,,PAMELA & MARKOS TAMBAKERAS,,CANVAS FLAX,5492-0000,29,0,,RECEIVED,,,,,,SAILRITE,$17.62,,,,,
1/2/2023,411,,CAROLYN COLLINS,,CANVAS SAPPHIRE BLUE,5452-0000,23,2,,RECEIVED,,,NEED 18 YARDS,,,SAILRITE,$18.55,,,,,
1/2/2023,411,,CAROLYN COLLINS,,GATEWAY COAST,14087-0000,13,2,,RECEIVED,,,,,,SAILRITE,$18.90,,,,,
1/2/2023,411,,CAROLYN COLLINS,,ESCAPE DENIM,146207-0001,3,0,,RECEIVED,,,,,,SAILRITE,$36.10,,,,,
1/2/2023,423,,JODY COLEMAN,,ESCAPE DENIM,146207-0001,7,0,,RECEIVED,,,,,,SAILRITE,$36.10,,,,,
1/2/2023,426,,JIM & JENNIFER BRAWNER,,SAILCLOTH SEAGULL,32000-0023,48,22,,RECEIVED,,,,,,SAILRITE,$28.98,,,,,
1/2/2023,430,,LARRY BERGEN,,INTEGRATED STEEL,69006-0008,12,0,,RECEIVED,,,,,,SAILRITE,$33.80,,,,,
1/2/2023,LJ-39,,LA JOLLA SCOTT COULTER,,CANVAS WHEAT,5414-0000,3,0,,RECEIVED,,,,,,SAILRITE,$18.55,,,,,
1/2/2023,LJ-40,,GLOBE LA JOLLA,,NURTURE SMOKE,42102-0003,5,5,,RECEIVED,,,NEED UNTIL DECEMBER,,,SAILRITE,$33.65,,,,,
1/2/2023,LJ-42,,LJ STEPHANIE CHICK,,SAILCLOTH SPACE,,2,1,,RECEIVED,,,,,,SAILRITE,$32.20,,,,,
1/2/2023,LJ-43,,KARI POWELL,,NURTURE WHITE,42102-0001,5,0,,RECEIVED,,,,,,SAILRITE,$33.65,,,,,
1/2/2023,430,,LARRY BERGEN,,CANVAS CHARCOAL,54048-0000,38,3,,IN STOCK,,,,,,,,,,,,
1/2/2023,430,,LARRY BERGEN,,ADAPTATION STONE,69010-0002,2,4,,IN STOCK,,,,,,,,,,,,
1/2/2023,439,,KAY LESTER,,ADAPTATION INDIGO,69010-0004,4,4,,IN STOCK,,,ON B4,,,,,,,,,
1/2/2023,439,,KAY LESTER,,CANVAS NAVY,5439-0000,2,8,,IN STOCK,,,ON C3,,,,,,,,,
1/2/2023,439,,KAY LESTER,,CANVAS WHITE,57003-0000,2,11,,IN STOCK,,,ON B1,,,,,,,,,
1/2/2023,443,,MOUNTAIN SHADOWS,,CANVAS NAVY,5439-0000,17,8,,IN STOCK,,,,,,,,,,,,
1/2/2023,443,,MOUNTAIN SHADOWS,,LIDO INDIGO,57004-0000,6,8,,IN STOCK,,,,,,,,,,,,
1/2/2023,445,,NEAL PALEJWALA,,ADAPTATION INDIGO,69010-0004,2,4,,IN STOCK,,,,,,,,,,,,
1/2/2023,447,,DAVE THOMAS,,ADAPTATION STONE,69010-0002,20,4,,IN STOCK,,,,,,,,,,,,
1/2/2023,447,,DAVE THOMAS,,SPECTRUM CARBON,48085-0000,4,5,,IN STOCK,,,,,,,,,,,,
1/2/2023,448,,DHIR,,CANVAS ABYSS,,22,0,,IN STOCK,,,,,,,,,,,,
2/2/2023,374,,BRYAN JAKOBSEN,,Hexagon Azure,,6,0,,RECEIVED,,,,,,KEYSTON,$52.29,,,,,
2/2/2023,377,,MAGGIE COVACIE,,SAILCLOTH SEAGULL,32000-0023,38,22,,RECEIVED,,,,,,KEYSTON,$31.24,,,,,
2/2/2023,377,,MAGGIE COVACIE,,EQUAL GRAPHITE,,21,23,,RECEIVED,,,,,,KEYSTON,$20.53,,,,,
2/2/2023,377,,MAGGIE COVACIE,,NURTURE PEBBLE,42102-0002,20,4,,RECEIVED,,,,,,KEYSTON,$31.64,,,,,
2/2/2023,377,,MAGGIE COVACIE,,DEPTH PUMICE,,11,0,,RECEIVED,,,,,,KEYSTON,$31.87,,,,,
2/2/2023,377,,MAGGIE COVACIE,,ESSENTIAL GRANITE,,2,0,,RECEIVED,,,,,,KEYSTON,$25.48,,,,,
2/2/2023,433,,RON RYKOWSKI,,CANVAS MUSHROOM,,23,6,,RECEIVED,,,"KEYSTONE HAVE ONLY 16, PENDING 5 MORE",8,,KEYSTON,$18.55,,,,,
2/2/2023,367,,JANE KELLY,,CANVAS FLAX,5492-0000,45,0,,RECEIVED,,,,,,SAILRITE,$17.62,,,,,
2/2/2023,367,,JANE KELLY,,RESONATE DUNE,145656-0001,5,0,,RECEIVED,,,,,,SAILRITE,$32.65,,,,,
2/2/2023,367,,JANE KELLY,,BLEND MIST,,2,6,,RECEIVED,,,,,,SAILRITE,$29.10,,,,,
2/2/2023,367,,JANE KELLY,,CULTIVATE STONE,56107-0000,1,2,,RECEIVED,,,,,,SAILRITE,$22.35,,,,,
2/2/2023,371,,DAISY TOBIAS,,ECHO ASH,57005-0000,113,11,,RECEIVED,,,NEED 100,,,SAILRITE,$21.29,,,,,
2/2/2023,376,,ALI & KERRI HAGHI,,MILANO COBALT,56080-0000,7,9,,RECEIVED,,,,,,SAILRITE,$21.90,,,,,
2/2/2023,377,,MAGGIE COVACIE,,ECHO ASH,57005-0000,68,11,,RECEIVED,,,,,,SAILRITE,$21.29,,,,,
2/2/2023,377,,MAGGIE COVACIE,,PLATFORM CLOUD,42091-0011,12,2,,RECEIVED,,,,,,SAILRITE,$33.60,,,,,
2/2/2023,433,,RON RYKOWSKI,,CANVAS MUSHROOM,,23,6,,RECEIVED,,,"KEYSTONE HAVE ONLY 16, PENDING 5 MORE",8,,SAILRITE,$18.55,,,,,
2/6/2023,430,,LARRY BERGEN,,SAILCLOTH SEAGULL,32000-0023,9,22,,RECEIVED,,,,2/6,,KEYSTON,$31.24,,,,,
2/9/2023,367,,JANE KELLY,,CANVAS FLAX,5492-0000,14,0,,RECEIVED,,,TO COMPLETE ORDER,2/9,,KEYSTON,$18.00,,,,,
2/9/2023,439,,KAY LESTER,,LUXE INDIGO,45690-0000,4,13,,RECEIVED,,,"1.5 ON PARTS, WE ORDER 4",2/9,,KEYSTON,$35.56,,,,,
2/9/2023,440,,SCOTT LOCHHEAD,,NURTURE CHARCOAL,42102-0006,25,1,,RECEIVED,,,WE ORDER 25,2/9,,KEYSTON,$31.64,,,,,
2/9/2023,440,,SCOTT LOCHHEAD,,HIGHLIGHT LINEN,,10,0,,RECEIVED,,,WE ORDER 10,2/9,,KEYSTON,$21.38,,,,,
2/16/2023,396,,RANDHIR SINGH,,SPECTRUM INDIGO,48080-0000,30,2,,RECEIVED,,,,2/16,,KEYSTON,$16.21,,,,,
2/16/2023,396,,RANDHIR SINGH,,SPECTRUM DENIM,48086-0000,13,0,,RECEIVED,,,,2/16,,KEYSTON,$21.06,,,,,
2/16/2023,396,,RANDHIR SINGH,,CANVAS HAZE,14059-0054,12,2,,RECEIVED,,,,2/16,,KEYSTON,$17.73,,,,,
2/16/2023,441,,OPTIMA 7190,,CANVAS NAVY,5439-0000,410,8,,RECEIVED,,,,2/16,,KEYSTON,$16.71,,,,,
2/16/2023,444,,BARBARA HENNESSY,,CAST ASH,40428-0000,15,15,,RECEIVED,,,,2/16,,KEYSTON,$17.41,,,,,
2/16/2023,444,,BARBARA HENNESSY,,RANGE DUNE,,5,0,,RECEIVED,,,,2/16,,KEYSTON,$17.14,,,,,
2/16/2023,444,,BARBARA HENNESSY,,RESONATE DUNE,145656-0001,4,0,,RECEIVED,,,,2/16,,KEYSTON,$31.89,,,,,
2/16/2023,444,,BARBARA HENNESSY,,DETAIL LINEN,146003-0001,3,2.5,,RECEIVED,,,,2/16,,KEYSTON,$30.44,,,,,
2/16/2023,445,,NEAL PALEJWALA,,CANVAS NAVY,5439-0000,13,8,,RECEIVED,,,,2/16,,KEYSTON,$16.71,,,,,
2/16/2023,447,,DAVE THOMAS,,CANVAS NAVY,5439-0000,38,8,,RECEIVED,,,,2/16,,KEYSTON,$16.71,,,,,
2/16/2023,448,,"DHIR, ANIR & NATHALIE",,SPECTRUM INDIGO,48080-0000,20,2,,RECEIVED,,,,2/16,,KEYSTON,$16.21,,,,,
2/16/2023,448,,DHIR,,CANVAS HAZE,14059-0054,17,2,,RECEIVED,,,,2/16,,KEYSTON,$17.73,,,,,
2/16/2023,449,,RENEE JACOBS,,SPECTRUM CAYENNE,48026-0000,20,0,,RECEIVED,,,,2/16,,KEYSTON,$18.86,,,,,
2/16/2023,449,,RENEE JACOBS,,SPECTRUM INDIGO,48080-0000,10,2,,RECEIVED,,,,2/16,,KEYSTON,$16.21,,,,,
2/16/2023,449,,RENEE JACOBS,,GATEWAY INDIGO,,9,0,,RECEIVED,,,,2/16,,KEYSTON,$18.31,,,,,
2/16/2023,396,,RANDHIR SINGH,,VOYAGE INDIGO,146206-0001,12,0,,RECEIVED,,,,2/16,,SAILRITE,$33.35,,,,,
2/16/2023,444,,BARBARA HENNESSY,,INTEGRATED PEWTER,69006-0007,7,0,,RECEIVED,,,,2/16,,SAILRITE,$33.80,,,,,
2/16/2023,448,,"DHIR, ANIR & NATHALIE",,CREATE HAZE,145844-0002,12,2,,RECEIVED,,,,2/16,,SAILRITE,$30.60,,,,,
2/16/2023,448,,"DHIR, ANIR & NATHALIE",,CLOCK OUT INDIGO,146205-0002,4,2,,RECEIVED,,,,2/16,,SAILRITE,$30.40,,,,,
2/20/2023,353,,"Petznick, Olen",,BLEND COAL,,12,0,,RECEIVED,,,,2/20,,KEYSTON,$28.19,,,,,
2/21/2023,LJ-44,,CANDACE STUART,,ACTION ASH,44285-0001,12,0,,IN STOCK,,,,2/21,,,,,,,,
2/24/2023,441,,OPTIMA 7190,,STANTON LAGOON,58001-0000,179,0,,IN STOCK,,,,,,,,,,,,
2/28/2023,452,,RICKU ANWARI,,CANVAS SPA,5413-0000,21,0,,IN STOCK,,,,,,,,,,,,
2/28/2023,454,,LINDSAY MUNSON,,CANVAS RAVEN BLACK,,3,0,,IN STOCK,,,,,,,,,,,,
2/28/2023,456,,TERRY COOK,,SHORE LINEN,56054-0000,11,9,,IN STOCK,,,,,,,,,,,,
3/1/2023,448,,"DHIR, ANIR & NATHALIE",,CREATE HAZE,145844-0002,13,2,,RECEIVED,,,,3/1,,SAILRITE,$30.60,,,,,
3/1/2023,452,,RICKU ANWARI,,BLISS GUAVA,48135-0006,40,18,,RECEIVED,,,,3/1,,SAILRITE,$16.70,,,,,
3/1/2023,452,,RICKU ANWARI,,DETAIL PERSIMMON,,11,17,,RECEIVED,,,,3/1,,SAILRITE,$30.60,,,,,
3/1/2023,454,,LINDSAY MUNSON,,CANVAS WHITE,57003-0000,18,11,,RECEIVED,,,,3/1,,SAILRITE,$18.55,,,,,
3/1/2023,454,,LINDSAY MUNSON,,CABANA CLASSIC,58030-0000,8,0,,RECEIVED,,,,3/1,,SAILRITE,$20.50,,,,,
3/1/2023,456,,TERRY COOK,,CANVAS FLAX,5492-0000,29,0,,RECEIVED,,,,3/1,,SAILRITE,$18.55,,,,,
3/1/2023,456,,TERRY COOK,,DETAIL LINEN,146003-0001,6,2.5,,RECEIVED,,,,3/1,,SAILRITE,$30.60,,,,,
3/1/2023,456,,TERRY COOK,,ACTION LINEN,44285-0000,3,0,,RECEIVED,,,,3/1,,SAILRITE,$32.50,,,,,
3/13/2023,465,,LAURENE DOUGLAS,,ESTI LAGOON,44349-0004,16,5,,RECEIVED,,,NEED 16,3/15,,INSIDE FABRIC,$41.95,,,,,
3/13/2023,414,,TREVOR & CHARMAIN VIGFUSSON,,HERITAGE PAPYRUS,18006-0000,80,21,,RECEIVED,,,NEED 74,3/14,,KEYSTON,$32.62,,,,,
3/13/2023,414,,TREVOR & CHARMAIN VIGFUSSON,,GATEWAY COAST,14087-0000,34,2,,RECEIVED,,,NEED 30,3/14,,KEYSTON,$18.31,,,,,
3/13/2023,414,,TREVOR & CHARMAIN VIGFUSSON,,SAIL AWAY DENIM,40606-0003,16,2,,RECEIVED,,,NEED 16,3/14,,KEYSTON,$19.59,,,,,
3/13/2023,458,,JOANNE DEDEK,,HERITAGE ASHE,18001-0000,20,0,,RECEIVED,,,NEED 20,3/14,,KEYSTON,$32.62,,,,,
3/13/2023,458,,JOANNE DEDEK,,MIDORI STONE,145256-0005,16,0,,RECEIVED,,,NEED 16,3/14,,KEYSTON,$37.05,,,,,
3/13/2023,458,,JOANNE DEDEK,,CANVAS FLAX,5492-0000,11,0,,RECEIVED,,,NEED 11,3/14,,KEYSTON,$18.00,,,,,
3/13/2023,458,,JOANNE DEDEK,,MILANO CHAR,56079-0000,10,7,,RECEIVED,,,NEED 10,3/14,,KEYSTON,$18.31,,,,,
3/13/2023,458,,JOANNE DEDEK,,SPECTRUM CARBON,48085-0000,3,5,,RECEIVED,,,NEED 3,3/14,,KEYSTON,$16.21,,,,,
3/13/2023,462,,TONY REID,,CANVAS CHARCOAL,54048-0000,46,3,,RECEIVED,,,NEED 22,3/14,,KEYSTON,$18.00,,,,,
3/13/2023,462,,TONY REID,,MIDORI STONE,145256-0005,26,0,,RECEIVED,,,NEED 26,3/14,,KEYSTON,$37.05,,,,,
3/13/2023,462,,TONY REID,,CANVAS GRANITE,5402-0000,3,0,,RECEIVED,,,NEED 3,3/14,,KEYSTON,$18.00,,,,,
3/13/2023,463,,KELSEY KITTLESON,,CAST ASH,40428-0000,50,15,,RECEIVED,,,NEED 35 (ORDER 15 ON HOLD FOR 444),3/14,,KEYSTON,$17.41,,,,,
3/13/2023,463,,KELSEY KITTLESON,,COVE PEBBLE,58036-0000,20,6,,RECEIVED,,,NEED 12,3/14,,KEYSTON,$18.31,,,,,
3/13/2023,463,,KELSEY KITTLESON,,CANVAS WHITE,57003-0000,14,11,,RECEIVED,,,NEED 14,3/14,,KEYSTON,$18.00,,,,,
3/13/2023,464,,WENDY BELIKOFF,,FREQUENCY ASH,,17.5,0,,RECEIVED,,,NEED 18,3/14,,KEYSTON,$18.89,,,,,
3/13/2023,464,,WENDY BELIKOFF,,SPECTRUM CARBON,48085-0000,13,5,,RECEIVED,,,NEED 13,3/14,,KEYSTON,$16.21,,,,,
3/13/2023,464,,WENDY BELIKOFF,,CANVAS NATURAL,5404-0000,11.5,8,,RECEIVED,,,NEED 8,3/14,,KEYSTON,$18.00,,,,,
3/13/2023,466,,MICHAEL CARLIN,,STANTON GREYSTONE,58002-0000,16,0,,RECEIVED,,,NEED 7,3/14,,KEYSTON,$18.31,,,,,
3/13/2023,466,,MICHAEL CARLIN,,ECHO SANGRIA,,7,3,,RECEIVED,,,NEED 7,3/14,,KEYSTON,$25.23,,,,,
3/13/2023,467,,SHOWROOM (MARCH1),,CANVAS BLACK,5408-0000,20,0,,RECEIVED,,,NEED 20,3/14,,KEYSTON,$18.00,,,,,
3/13/2023,467,,SHOWROOM (MARCH1),,CLOCK OUT CLOUD,146205-0003,13,3,,RECEIVED,,,NEED 13,3/14,,KEYSTON,$28.63,,,,,
3/13/2023,467,,SHOWROOM (MARCH1),,ADAPTATION INDIGO,69010-0004,5,4,,RECEIVED,,,NEED 5,3/14,,KEYSTON,$30.77,,,,,
3/13/2023,467,,SHOWROOM (MARCH1),,CANVAS NAVY,5439-0000,3,8,,RECEIVED,,,NEED 3,3/14,,KEYSTON,$18.00,,,,,
3/13/2023,467,,SHOWROOM (MARCH1),,NURTURE CLAY,,1,0,,RECEIVED,,,NEED 1,3/14,,KEYSTON,$31.64,,,,,
3/13/2023,468,,DHIR (REDO),,CLOCK OUT INDIGO,146205-0002,8,2,,RECEIVED,,,ON HOLD NEED DOING CHANGES.. NO MORE ON HOLD,3/17,,KEYSTON,$28.73,,,,,
3/13/2023,LJ-46,,SUE MEARS,,CANVAS GRANITE,5402-0000,16,0,,RECEIVED,,,NEED 16,3/14,,KEYSTON,$18.00,,,,,
3/13/2023,LJ-46,,SUE MEARS,,CREATE SMOKE,145844-0001,7,0,,RECEIVED,,,NEED 2,3/14,,KEYSTON,$29.25,,,,,
3/13/2023,414,,TREVOR & CHARMAIN VIGFUSSON,,CANVAS SKYLINE,14091-0000,52,68,,RECEIVED,,,READY TO ORDER,3/14,,SAILRITE,$17.62,,,,,
3/13/2023,465,,LAURENE DOUGLAS,,HYBRID SMOKE,42079-0000,20,4,,RECEIVED,,,NEED 20,3/14,,SAILRITE,$34.15,,,,,
3/13/2023,467,,SHOWROOM (MARCH1),,DETAIL PERSIMMON,,30,17,,RECEIVED,,,NEED 30,3/14,,SAILRITE,$29.07,,,,,
3/13/2023,465,,LAURENE DOUGLAS,,TAILORED PUTTY,,1,0,,RECEIVED,,,NEED 2,3/14,,TRIVANTAGE,$40.24,,,,,
3/13/2023,458,,JOANNE DEDEK,,LINEN SILVER,8351-0000,2,18,,IN STOCK,,,,,,,,,,,,
3/13/2023,464,,WENDY BELIKOFF,,PARADIGM STONE,,4,0,,IN STOCK,,,,,,,,,,,,
3/13/2023,466,,MICHAEL CARLIN,,SPECTRUM MUSHROOM,48031-0000,20,0,,IN STOCK,,,,,,,,,,,,
3/13/2023,467,,SHOWROOM (MARCH1),,CANVAS CANVAS,5453-0000,20,16,,IN STOCK,,,Have 61.5,,,,,,,,,
3/13/2023,467,,SHOWROOM (MARCH1),,CANVAS TAUPE,5461-0000,3,4,,IN STOCK,,,,,,,,,,,,
3/13/2023,467,,SHOWROOM (MARCH1),,STANTON LAGOON,58001-0000,3,0,,IN STOCK,,,,,,,,,,,,
3/13/2023,467,,SHOWROOM (MARCH1),,CANVAS NATURAL,5404-0000,1,8,,IN STOCK,,,,,,,,,,,,
3/14/2023,441-7,,OPTIMA 7190 (SEC 7 & 8),,CANVAS NAVY,5439-0000,30,8,,RECEIVED,,,NEED 30,3/14,,KEYSTON,$18.00,,,,,
3/15/2023,LJ-41,,KRAMER KRAMER,,MCADOO 1 MARBLE,,43,0,,RECEIVED,,,PENDING RECIV 50 CUSTOMER ORDERED,N/A,,CLIENTE,,,,,,
3/15/2023,LJ-41,,KRAMER KRAMER,,GRAPHITE,,18,4,,RECEIVED,,,,,,CLIENTE,,,,,,
3/15/2023,LJ-41,,KRAMER KRAMER,,CHEVRON 4 ASPHALT,,16,0,,RECEIVED,,,PENDING RECIV 27 CUSTOMER ORDERED,,,CLIENTE,,,,,,
3/15/2023,LJ-41,,KRAMER KRAMER,,LICORICE,,9,0,,RECEIVED,,,PENDING RECEIV 5 MORE CUSTOMER ORDERED,,,CLIENTE,,,,,,
3/15/2023,LJ-41,,KRAMER KRAMER,,HOLDEN 1 BLACK/WHITE,,3.5,0,,RECEIVED,,,PENDING RECIV 7 CUSTOMER ORDERED,,,CLIENTE,,,,,,
3/15/2023,LJ-41,,KRAMER KRAMER,,HOLDEN 2 PLATINUM,,3,0,,RECEIVED,,,,,,CLIENTE,,,,,,
3/15/2023,460,,NEIL DIANE,,CANVAS FLAX,5492-0000,41,0,,RECEIVED,,,NEED 34 (11 LOCAL Y 23 CALIFORNIA),3/17,,KEYSTON,$18.00,,,,,
3/15/2023,460,,NEIL DIANE,,INTEGRATED PEWTER,69006-0007,24,0,,RECEIVED,,,NEED 24,3/17,,KEYSTON,$42.53,,,,,
3/15/2023,460,,NEIL DIANE,,ECHO ASH,57005-0000,11,11,,RECEIVED,,,NEED 3,3/17,,KEYSTON,$22.91,,,,,
3/15/2023,460,,NEIL DIANE,,CANVAS TAUPE,5461-0000,5,4,,RECEIVED,,,4 AVAILABLE NEED 1,3/17,,KEYSTON,$18.00,,,,,
3/15/2023,470,,BOB ALLEN,,ECHO SANGRIA,,12,3,,RECEIVED,,,NEED 12,3/17,,KEYSTON,$25.23,,,,,
3/15/2023,LJ-45,,DENISE ZOLDAN,,CANVAS GRANITE,5402-0000,57,0,,RECEIVED,,,NEED 57,3/17,,KEYSTON,$18.00,,,,,
3/15/2023,LJ-45,,DENISE ZOLDAN,,SAILCLOTH SALT,32000-0018,11,0,,RECEIVED,,,4,3/17,,KEYSTON,$31.24,,,,,
3/15/2023,LJ-45,,DENISE ZOLDAN,,SPECTRUM DENIM,48086-0000,8,0,,RECEIVED,,,4,3/17,,KEYSTON,$16.00,,,,,
3/15/2023,444,,BARBARA HENNESSY,,SPECTRUM EGGSHELL,48018-0000,3,4,,IN STOCK,,,,,,,,,,,,
3/15/2023,470,,BOB ALLEN,,SPECTRUM SAND,48019-0000,1.5,0,,IN STOCK,,,,,,,,,,,,
3/22/2023,455,,CARI SWITZER,,PERENNIALS PERFORMANCE CLASSIC LINEN WEAVE SAND,,38,0,,IN STOCK,,,,,,CUSTOMER,,,,,,
3/22/2023,455,,CARI SWITZER,,PERENNIALS PERFORMANCE CLASSIC LINEN WEAVE SAND,,19,0,,IN STOCK,,,,,,CUSTOMER,,,,,,
3/22/2023,455,,CARI SWITZER,,ZAGORA,,6,0,,IN STOCK,,,,,,CUSTOMER,,,,,,
3/22/2023,455,,CARI SWITZER,,BOOKEND SABBIA,,3,0,,IN STOCK,,,,,,CUSTOMER,,,,,,
3/22/2023,LJ-45,,DENISE ZOLDAN,,SAILCLOTH SALT,32000-0018,4,0,,RECEIVED,,,NEED 4 TO COMPLETE,3/22,,KEYSTON,$31.24,,,,,
4/1/2023,LJ48,,TOM HALVERST,,CANVAS FLAX,5492-0000,1,0,,RECEIVED,,,NECESITAMOS 1,4/17,,KEYSTON,$18.55,,,,,
4/1/2023,LJ48,,TOM HALVERST,,ESSENTIAL INDIGO,,5,0,,RECEIVED,,,WE RECEIVED FROM STORE (KEYSTONE) 5 YARDS ON 4/4,,,LA JOYA,,,,,,
4/1/2023,LJ48,,TOM HALVERST,,CANVAS HAZE,14059-0054,7,2,,IN STOCK,,,OK,,,,,,,,,
4/3/2023,460,,NEIL DIANE,,CANVAS FLAX,5492-0000,7,0,,RECEIVED,,,NEED ORDER 18 TO COMPLETE WITH ORDER 456,4/3,,SAILRITE,$18.55,,,,,
4/3/2023,460,,NEIL DIANE,,INTEGRATED PEWTER,69006-0007,6,0,,RECEIVED,,,NEED ORDER 9 TO COMPLETE,4/3,,SAILRITE,$33.80,,,,,
4/4/2023,2,,SONORA VILLAGE OPTIMA,,STANTON GREYSTONE,58002-0000,9,0,,RECEIVED,,,NEED 9 FOR WARRANTY,4/4,,KEYSTON,$18.31,,,,,
4/11/2023,474,,REDO PAUL SCHNEIDER,,CAST ASH,40428-0000,9,15,,RECEIVED,,,NEED 9,4/17,,KEYSTON,$17.41,,,,,
4/11/2023,474,,REDO PAUL SCHNEIDER,,DUPIONE WALNUT,,2,0,,RECEIVED,,,NEEED 2,4/11,,KEYSTON,$22.08,,,,,
4/11/2023,476,,MIKE NEIL,,EMBRACE PEWTER,145849-0001,25,2,,RECEIVED,,,NEED 22,4/17,,KEYSTON,$24.58,,,,,
4/11/2023,476,,MIKE NEIL,,FREQUENCY ASH,,12,0,,RECEIVED,,,NEED 12,4/17,,KEYSTON,$18.89,,,,,
4/11/2023,476,,MIKE NEIL,,ZETTA 13 ECLIPSE,,9,0,,RECEIVED,,,NEED 9 / EMBRACE PEWTER TEMPORARY,4/27,,KEYSTON,$24.58,,,,,
4/11/2023,485,,ADAM LAVA,,CANVAS FLAX,5492-0000,21,0,,RECEIVED,,,NECESITAMOS 3 MAS,4/17,,KEYSTON,$18.55,,,,,
4/11/2023,485,,ADAM LAVA,,SPECTRUM DENIM,48086-0000,8,0,,RECEIVED,,,SE ORDENARON LAS 8 PENDIENTES Y SE AGREGARON 8,4/17,,KEYSTON,$16.21,,,,,
4/11/2023,485,,ADAM LAVA,,SPECTRUM DENIM,48086-0000,16,0,,RECEIVED,,,NEED 16 YDS,4/11,,SAILRITE,$16.70,,,,,
4/11/2023,485,,ADAM LAVA,,CREATE HAZE,145844-0002,8,2,,RECEIVED,,,NEED 8 YDS,4/11,,SAILRITE,$30.60,,,,,
4/11/2023,476,,MIKE NEIL,,SPECTRUM INDIGO,48080-0000,3,2,,IN STOCK,,,,,,,,,,,,
4/11/2023,485,,ADAM LAVA,,SHORE LINEN,56054-0000,6,9,,IN STOCK,,,OK,,,,,,,,,
4/12/2023,459,,MIKE & MARY YAGGIE,,HERITAGE PAPYRUS,18006-0000,20,21,,RECEIVED,,,NEED 20,4/18,,KEYSTON,$32.62,,,,,
4/12/2023,459,,MIKE & MARY YAGGIE,,COVE PEBBLE,58036-0000,13,6,,RECEIVED,,,SE NECESITAN 8,4/17,,KEYSTON,$18.31,,,,,
4/12/2023,472,,NIKKI OSTREM,,ACCORD CRIMSON,,20,0,,RECEIVED,,,NECESITAMOS 10,4/17,,KEYSTON,$36.74,,,,,
4/12/2023,472,,NIKKI OSTREM,,SPECTRUM SAND,48019-0000,18,0,,RECEIVED,,,NECESITAMOS 18,4/17,,KEYSTON,$16.21,,,,,
4/12/2023,475,,ROBERTA & STUART STRAUS,,CANVAS NATURAL,5404-0000,67,8,,RECEIVED,,,NEED 67,4/18,,KEYSTON,$18.00,,,,,
4/12/2023,475,,ROBERTA & STUART STRAUS,,SURROUND DUSK,,14,0,,RECEIVED,,,NEED 14,4/18,,KEYSTON,$18.75,,,,,
4/12/2023,481,,DIANE NEIL,,CANVAS FLAX,5492-0000,5,0,,RECEIVED,,,NECESITAMOS 5,4/17,,KEYSTON,$18.55,,,,,
4/12/2023,483,,PETER SALLAY,,CANVAS CANVAS,5453-0000,30,16,,RECEIVED,,,NECESITAMOS 21,4/17,,KEYSTON,$18.00,,,,,
4/12/2023,486,,CADIE AGNE,,MIDORI INDIGO,145256-0001,10,0,,RECEIVED,,,NECESITAMOS 10,4/17,,KEYSTON,$37.50,,,,,
4/12/2023,486,,CADIE AGNE,,CANVAS BLACK,5408-0000,1.5,0,,RECEIVED,,,NECESITAMOS 2,4/17,,KEYSTON,$18.00,,,,,
4/12/2023,491,,APACHE RISE ON,,CANVAS BRICK,5409-0000,145,5,,RECEIVED,,,SE NECESITAN 145,4/17,,KEYSTON,$20.87,,,,,
4/12/2023,483,,PETER SALLAY,,MINA CLASSIC,,7,0,,RECEIVED,,,NECESITAMOS 7,4/26,,OUTDOOR FABRIC,$73.95,,,,,
4/12/2023,475,,ROBERTA & STUART STRAUS,,NURTURE HAZE,42102-0009,12,1,,RECEIVED,,,NEED 12,4/19,,SAILRITE,$33.65,,,,,
4/12/2023,481,,DIANE NEIL,,INTEGRATED PEWTER,69006-0007,4,0,,IN STOCK,,,OK,,,,,,,,,
4/12/2023,486,,CADIE AGNE,,SPECTRUM INDIGO,48080-0000,5,2,,IN STOCK,,,,,,,,,,,,
4/17/2023,478,,DEREK & ANNE NEWELL,,LINEN STONE,8319-0000,54,4,,RECEIVED,,,HAVE 19 NEED 35,4/18,,KEYSTON,$20.87,,,,,
4/17/2023,478,,DEREK & ANNE NEWELL,,CANVAS WHITE,57003-0000,2,11,,RECEIVED,,,NEED 2,4/18,,KEYSTON,$18.00,,,,,
4/17/2023,479,,TRISH & PATRICK BOYER,,SPECTRUM CARBON,48085-0000,30,5,,RECEIVED,,,HAVE 3 NEED 27,4/18,,KEYSTON,$16.21,,,,,
4/17/2023,479,,TRISH & PATRICK BOYER,,ZETTA 13 ECLIPSE,,8,0,,RECEIVED,,,NEED 8 / NEED SPECTRUM CARBON TEMPORARY,4/27,,KEYSTON,$16.21,,,,,
4/17/2023,479,,TRISH & PATRICK BOYER,,CANVAS WHITE,57003-0000,3,11,,RECEIVED,,,NEED 3,4/18,,KEYSTON,$18.00,,,,,
4/17/2023,479,,TRISH & PATRICK BOYER,,SAILCLOTH SEAGULL,32000-0023,2,22,,RECEIVED,,,NEED 2,4/18,,KEYSTON,$31.24,,,,,
4/17/2023,480,,ALI KERRI HAGHI,,CANVAS CAPRI,5426-0000,26,1,,RECEIVED,,,HAVE 7.5 NEED 19,4/18,,KEYSTON,$18.00,,,,,
4/17/2023,480,,ALI KERRI HAGHI,,RELATE HARBOR,,10,2,,RECEIVED,,,NEED 10,4/18,,KEYSTON,$19.32,,,,,
4/17/2023,480,,ALI KERRI HAGHI,,MILANO COBALT,56080-0000,9,9,,RECEIVED,,,NEED 9,4/18,,KEYSTON,$21.26,,,,,
4/17/2023,480,,ALI KERRI HAGHI,,CANVAS WHITE,57003-0000,3,11,,RECEIVED,,,NEED 3,4/18,,KEYSTON,$18.00,,,,,
4/17/2023,482,,DAVID ROSENTHAL,,ACTION STONE,44285-0002,60,0,,RECEIVED,,,NEED 60 YDS,4/18,,KEYSTON,$31.22,,,,,
4/17/2023,482,,DAVID ROSENTHAL,,FREQUENCY PARCHMENT,56093-0000,6,5,,RECEIVED,,,NEED 6 YDS,4/18,,KEYSTON,$18.89,,,,,
4/17/2023,478,,DEREK & ANNE NEWELL,,SPECTRUM PEACOCK,,20,0,,IN STOCK,,,,,,,,,,,,
4/17/2023,478,,DEREK & ANNE NEWELL,,PERCEPTION TREETOP,,4,0,,IN STOCK,,,,,,,,,,,,
4/19/2023,463,,KELSEY KITTLESON,,CAST ASH,40428-0000,8,15,,RECEIVED,,,NEED 8 TO COMPLETE 463,4/19,,KEYSTON,$17.41,,,,,
4/19/2023,488,,MARK SCHWIETZ,,GATEWAY MIST,58039-0000,18,0,,RECEIVED,,,NEED 5,4/19,,KEYSTON,$18.31,,,,,
4/19/2023,489,,NATALIE POELMAN,,SPECTRUM INDIGO,48080-0000,47,2,,RECEIVED,,,NEED 49 (2 FROM 476 & 486),4/19,,KEYSTON,$16.21,,,,,
4/19/2023,489,,NATALIE POELMAN,,CANVAS WHITE,57003-0000,3,11,,RECEIVED,,,NEED 3,4/19,,KEYSTON,$18.00,,,,,
4/19/2023,LJ-49,,NAJIM NAJIM,,DUPIONE CELESTE,8067-0000,14,6,,RECEIVED,,,NEED 2,4/19,,KEYSTON,$22.08,,,,,
4/19/2023,LJ-49,,NAJIM NAJIM,,CANVAS TEAK,5488-0000,3,3,,RECEIVED,,,NEED 3,4/19,,KEYSTON,$18.00,,,,,
4/19/2023,LJ-49,,NAJIM NAJIM,,CANVAS TEAK,5488-0000,1,3,,RECEIVED,,,NEED 1 TO CIOMPLETE,5/3,,KEYSTON,$18.00,,,,,
4/19/2023,489,,NATALIE POELMAN,,DETAIL NAVY,146003-0005,16,0,,RECEIVED,,,NEED 16,4/19,,SAILRITE,$30.60,,,,,
4/19/2023,488,,MARK SCHWIETZ,,CANVAS SPA,5413-0000,26,0,,IN STOCK,,,,,,,,,,,,
4/19/2023,488,,MARK SCHWIETZ,,GAVIN MIST,56052-0000,23,15,,IN STOCK,,,,,,,,,,,,
4/19/2023,488,,MARK SCHWIETZ,,SPECTRUM MUSHROOM,48031-0000,3,0,,IN STOCK,,,,,,,,,,,,
4/19/2023,LJ-49,,NAJIM NAJIM,,HERITAGE GRANITE,,35,0,,IN STOCK,,,,,,,,,,,,
4/19/2023,LJ-49,,NAJIM NAJIM,,GAVIN MIST,56052-0000,2,15,,IN STOCK,,,,,,,,,,,,
4/24/2023,461,,KYLE & LAURA RABE,,ASTON OPEN SEAS,,,0,,IN STOCK,,,,,,CLIENTE,,,,,,
4/24/2023,461,,KYLE & LAURA RABE,,MATEO SKY,,,3,,IN STOCK,,,,,,CLIENTE,,,,,,
4/24/2023,461,,KYLE & LAURA RABE,,BLEND MIST,,40,6,,RECEIVED,,,NEED ORDER 40,,,KEYSTON,,,,,,
4/24/2023,461,,KYLE & LAURA RABE,,GATEWAY COAST,14087-0000,6,2,,RECEIVED,,,SHIPPING,,,KEYSTON,,,,,,
4/24/2023,492,,CLYDE & SUMMET,,INTEGRATED STEEL,69006-0008,16,0,,RECEIVED,,,NECESITAMOS 16,4/26,,KEYSTON,$42.53,,,,,
4/24/2023,492,,CLYDE & SUMMET,,ECHO ASH,57005-0000,5,11,,RECEIVED,,,NECESITAMOS 5,4/26,,KEYSTON,$22.91,,,,,
4/24/2023,500,,ROBIN ROTH,,CANVAS FLAX,5492-0000,6,0,,RECEIVED,,,NECESITAMOS 6,4/25,,KEYSTON,$18.00,,,,,
4/24/2023,500,,ROBIN ROTH,,COVE PEBBLE,58036-0000,4,6,,RECEIVED,,,NEED 4,4/25,,KEYSTON,$18.31,,,,,
4/24/2023,501,,VICTORIA KING/WICHERMAN,,CANVAS FLAX,5492-0000,30,0,,RECEIVED,,,NEED 30 YDS,4/26,,KEYSTON,$18.00,,,,,
4/24/2023,502,,JAN THOMAS,,CANVAS BLACK,5408-0000,60,0,,RECEIVED,,,NEED 60 YDS,4/25,,KEYSTON,$18.00,,,,,
4/24/2023,502,,JAN THOMAS,,CABANA CLASSIC,58030-0000,43,0,,RECEIVED,,,NEED 38 YDS,4/25,,KEYSTON,$19.90,,,,,
4/24/2023,502,,JAN THOMAS,,CANVAS SUNFLOWER YELLOW,5457-0000,40,5,,RECEIVED,,,NEED 6YDS,4/25,,KEYSTON,$26.66,,,,,
4/24/2023,502,,JAN THOMAS,,CANVAS WHITE,57003-0000,7,11,,RECEIVED,,,NEED 7 YDS,4/25,,KEYSTON,$18.00,,,,,
4/24/2023,503,,BARRY SAUNDERS,,CANVAS GRANITE,5402-0000,26,0,,RECEIVED,,,NECESITAMOS 17 YDS,4/25,,KEYSTON,$18.00,,,,,
4/24/2023,503,,BARRY SAUNDERS,,SPECTRUM CARBON,48085-0000,20,5,,RECEIVED,,,NEED 20,4/25,,KEYSTON,$16.21,,,,,
4/24/2023,503,,BARRY SAUNDERS,,FREQUENCY ASH,,5,0,,RECEIVED,,,NEED 5,4/25,,KEYSTON,$18.89,,,,,
4/24/2023,LJ-47,,CANDICE CANDICE,,ACTION ASH,44285-0001,45,0,,RECEIVED,,,NECESITAMOS 45,4/25,,KEYSTON,$31.22,,,,,
4/24/2023,461,,KYLE & LAURA RABE,,BLEND INDIGO,16001-0001,45,30,,RECEIVED,,,NEED ORDER 45,,,UNITED,,,,,,
4/24/2023,461,,KYLE & LAURA RABE,,ADAPTATION INDIGO,69010-0004,16,4,,IN STOCK,,,NEED 16 YDS,,,,,,,,,
4/24/2023,492,,CLYDE & SUMMET,,SPECTRUM GRAPHITE,48030-0000,4,10,,IN STOCK,,,,,,,,,,,,
4/24/2023,502,,JAN THOMAS,,SHORE CLASSIC,58033-0000,10,3,,IN STOCK,,,,,,,,,,,,
4/24/2023,LJ-47,,CANDICE CANDICE,,ARRAY DUNE,145654-0001,3,0,,IN STOCK,,,,,,,,,,,,
4/24/2023,LJ-47,,CANDICE CANDICE,,SHADOW SAND,51000-0001,2,0,,IN STOCK,,,,,,,,,,,,
4/24/2023,LJ-47,,CANDICE CANDICE,,CANVAS WHITE,57003-0000,1,11,,RECEIVED,,,NECESITAMOS 2,,,,,,,,,
4/25/2023,LJ-50,,DENISE ZOLDAN,,SPECTRUM DENIM,48086-0000,11,0,,RECEIVED,,,NECESITAMOS 8 YDS,4/28,,KEYSTON,$17.00,,,,,
4/25/2023,LJ-50,,DENISE ZOLDAN,,CANVAS GRANITE,5402-0000,4,0,,RECEIVED,,,NECESITAMOS 4 YDS,4/26,,KEYSTON,$18.00,,,,,
4/25/2023,505,,OPTIMA PARADISE VALLEY,,CANVAS NAVY,5439-0000,4,8,,IN STOCK,,,,,,,$18.00,,,,,
4/25/2023,505,,OPTIMA PARADISE VALLEY,,STANTON LAGOON,58001-0000,4,0,,IN STOCK,,,,,,,,,,,,
4/25/2023,506,,ERIN CLATANOFF,,CAST CITRUS,,3,10,,IN STOCK,,,NEED 3 YARDS: CHRISTIAN FOUND,,,,,,,,,
4/26/2023,507,,JENNIFER BRYZA,,CANVAS CANVAS,5453-0000,31,16,,RECEIVED,,,NEED 4,4/27,,KEYSTON,$18.00,,,,,
4/26/2023,507,,JENNIFER BRYZA,,RESONATE DUNE,145656-0001,13,0,,RECEIVED,,,NEED 13,4/27,,KEYSTON,$31.89,,,,,
4/26/2023,507,,JENNIFER BRYZA,,CANVAS HEATHER BEIGE,5476-0000,3,47,,RECEIVED,,,NEED 3,4/27,,KEYSTON,$18.00,,,,,
4/26/2023,508,,BILL RICHMAN,,CANVAS RUST,,20,1,,RECEIVED,,,NEED 16 YDS,4/27,,KEYSTON,$20.87,,,,,
4/26/2023,508,,BILL RICHMAN,,CREATE SMOKE,145844-0001,12,0,,RECEIVED,,,NEED 12 YDS,4/27,,KEYSTON,$29.25,,,,,
4/26/2023,508,,BILL RICHMAN,,CREATE SMOKE,145844-0001,4,0,,RECEIVED,,,NEED 4,4/27,,SAILRITE,$30.60,,,,,
4/27/2023,499,,CHRIS TOBEY,,CANVAS NAVY,5439-0000,24,8,,RECEIVED,,,"NEED 24, KEYSTONE TIENE 282",5/4,,KEYSTON,$18.00,,,,,
4/27/2023,499,,CHRIS TOBEY,,ADAPTATION INDIGO,69010-0004,10,4,,RECEIVED,,,"NEED 10, KEYSTONE= 61YDS",5/4,,KEYSTON,$30.67,,,,,
5/1/2023,511,,SHEILA & GEORGE ELLIS,,CAST ASH,40428-0000,23,15,,RECEIVED,,,NEED 23,5/4,,SAILRITE,$18.15,,,,,
5/1/2023,511,,SHEILA & GEORGE ELLIS,,AUTHENTIC PEBBLE,145485-0002,9,11,,IN STOCK,,,KEYSTONE=0,,,,,,,,,
5/2/2023,512,,AMY & ANDREW COLE,,MILANO COBALT,56080-0000,23,9,,RECEIVED,,,"NEED 23, KEYSTONE=57",5/4,,KEYSTON,$21.26,,,,,
5/2/2023,512,,AMY & ANDREW COLE,,LINEN STONE,8319-0000,20,4,,RECEIVED,,,"NEED 20, KEYSTONE HAVE 65",5/4,,KEYSTON,$20.87,,,,,
5/2/2023,512,,AMY & ANDREW COLE,,EQUAL GRAPHITE,,6,23,,RECEIVED,,,"NEED 2 , KEYSTONE=60",5/4,,KEYSTON,$20.53,,,,,
5/2/2023,512,,AMY & ANDREW COLE,,CANVAS CAPRI,5426-0000,3,1,,RECEIVED,,,"NEED 3, KEYSTONE HAVE=85",5/4,,KEYSTON,$18.00,,,,,
5/3/2023,475,,ROBERTA & STUART STRAUS,,CANVAS NATURAL,5404-0000,30,8,,RECEIVED,,,NEED 30 YDS TO COMPLETE,5/3,,KEYSTON,$18.00,,,,,
5/3/2023,513,,JEN BERGMAN,,CANVAS NAVY,5439-0000,56,8,,RECEIVED,,,"NEED 56, KEYSTONE TIENE 282",5/4,,KEYSTON,$18.00,,,,,
5/3/2023,513,,JEN BERGMAN,,LUXE INDIGO,45690-0000,47,13,,RECEIVED,,,"NEED 47, KEYSTON=123",5/4,,KEYSTON,$35.56,,,,,
5/3/2023,513,,JEN BERGMAN,,CANVAS WHITE,57003-0000,3,11,,RECEIVED,,,"NEED 4, KEYSTONE=62",5/4,,KEYSTON,$18.00,,,,,
5/3/2023,514,,JEFF AND MARGIE ROBBERSON,,CANVAS HENNA,5407-0000,22,28,,RECEIVED,,,NEED 22,5/4,,KEYSTON,$20.87,,,,,
5/3/2023,514,,JEFF AND MARGIE ROBBERSON,,BERENSON TUXEDO,8521-0000,17,65,,RECEIVED,,,NEED 17 KEYSTONE=191,5/4,,KEYSTON,$20.87,,,,,
5/3/2023,514,,JEFF AND MARGIE ROBBERSON,,HARWOOD CRIMSON,,7,3,,RECEIVED,,,"NEED 7, KEYSTON 100",5/4,,KEYSTON,$21.26,,,,,
5/3/2023,514,,JEFF AND MARGIE ROBBERSON,,DUPIONE SAND,,5,2,,RECEIVED,,,"NEED 5, KEYSTON=30",5/4,,KEYSTON,$22.08,,,,,
5/3/2023,514,,JEFF AND MARGIE ROBBERSON,,CANVAS BLACK,5408-0000,4,0,,RECEIVED,,,"NEED 4, KEYSTON=467",5/4,,KEYSTON,$18.00,,,,,
5/3/2023,514,,JEFF AND MARGIE ROBBERSON,,BLOX SLATE,45542-0000,3,0,,RECEIVED,,,"NEED 3, KEYSTONE 56",5/4,,KEYSTON,$35.07,,,,,
5/3/2023,514,,JEFF AND MARGIE ROBBERSON,,DORSETT CHERRY,,3,0,,RECEIVED,,,"NEED 3, KEYSTON 60",5/4,,KEYSTON,$21.26,,,,,
5/3/2023,LJ-52,,SIMIN TARRAB,,CANVAS BLACK,5408-0000,16,0,,RECEIVED,,,"NEED 16, KEYSTON=467",5/4,,KEYSTON,$18.00,,,,,
5/3/2023,LJ-52,,SIMIN TARRAB,,CABANA CLASSIC,58030-0000,6,0,,RECEIVED,,,"NEED 6,  KEYSTONE =17",5/4,,KEYSTON,$19.90,,,,,
5/3/2023,LJ-52,,SIMIN TARRAB,,CANVAS WHITE,57003-0000,5,11,,RECEIVED,,,"NEED 6, KEYSTONE=62",5/4,,KEYSTON,$18.00,,,,,
5/3/2023,513,,JEN BERGMAN,,CANVAS TANGERINE,5406-0000,5,1,,RECEIVED,,,NEED 5,5/4,,SAILRITE,$21.50,,,,,
5/3/2023,514,,JEFF AND MARGIE ROBBERSON,,SPECTRUM MUSHROOM,48031-0000,23,0,,IN STOCK,,,,,,,,,,,,
5/4/2023,414,,TREVOR & CHARMAIN VIGFUSSON,,CANVAS SKYLINE,14091-0000,4,68,,RECEIVED,,,NEED 10 TO COMPLETE DE 52 ORIGINAL CALCULATED,5/4,,SAILRITE,$18.55,,,,,
5/8/2023,495,,KERI HERDING WARRANTY,,CANVAS TAUPE,5461-0000,12,4,,RECEIVED,,,NEED 12,5/8,,KEYSTON,$18.00,,,,,
5/8/2023,495,,KERI HERDING WARRANTY,,MILANO CHAR,56079-0000,2,7,,RECEIVED,,,NEED 2,5/8,,KEYSTON,$18.31,,,,,
5/9/2023,517,,RISE ON APACHE (WARRANTY),,CANVAS BRICK,5409-0000,30,5,,RECEIVED,,,NEED 30,5/9,,KEYSTON,$18.31,,,,,
5/10/2023,414,,TREVOR & CHARMAIN VIGFUSSON,,ESCAPE DENIM,146207-0001,10,0,,RECEIVED,,,"NEED 10 YDS , KEYSTONE HAVE 45YDS",5/10,,KEYSTON,$35.05,,,,,
5/11/2023,476,,MIKE NEIL,,EMBRACE PEWTER,145849-0001,6,2,,RECEIVED,,,NEED 6 YDS TO COMPLETE,5/11,,KEYSTON,$24.57,,,,,
5/11/2023,CHRIS,,KRISTA WARRANTY,,CANVAS RAVEN BLACK,,28,0,,RECEIVED,,,NEED 10 YDS,5/11,,KEYSTON,$18.00,,,,,
5/12/2023,414,,TREVOR & CHARMAIN VIGFUSSON,,SAIL AWAY DENIM,40606-0003,7,2,,RECEIVED,,,NEED 7 YDS TO COMPLETE,5/12,,KEYSTON,$19.59,,,,,
5/15/2023,LJ-53,,VICTORIA & STAN SILBERT,,SPECTRUM MUSHROOM,48031-0000,5,0,,RECEIVED,,,NEED 5 TO COMPLETE,6/2,,KEYSTON,$16.41,,,,,
5/15/2023,LJ-53,,VICTORIA & STAN SILBERT,,PERCEPTION TREETOP,,5,0,,IN STOCK,,,NEED 5,5/25,,OUTDOOR FABRIC,$45.95,,,,,
5/15/2023,LJ-53,,VICTORIA & STAN SILBERT,,SPECTRUM MUSHROOM,48031-0000,40,0,,RECEIVED,,,NEED 21,5/25,,SAILRITE,$16.70,,,,,
5/15/2023,LJ-53,,VICTORIA & STAN SILBERT,,SPECTRUM SAND,48019-0000,2,0,,IN STOCK,,,,,,,,,,,,
5/19/2023,521,,RICKU NARWANI,,BLISS GUAVA,48135-0006,15,18,,RECEIVED,,,"NEED 15, HAVE WHSE ONLY 18",5/19,,KEYSTON,$16.17,,,,,
5/19/2023,524,,ADAM LAVA,,SPECTRUM DENIM,48086-0000,6,0,,RECEIVED,,,NEED 3 YARDS EN WHSE=88,5/19,,KEYSTON,,,,,,
5/19/2023,SP-1,,OPTIMA SAMER,,STANTON GREYSTONE,58002-0000,9,0,,RECEIVED,,,NEED 6 WHSE: 122 YDS,5/19,,KEYSTON,$18.31,,,,,
5/23/2023,516,,JOANNE DEDEK,,HERITAGE ASHE,18001-0000,5,0,,RECEIVED,,,"NEED 5 YDS, WAREHOUSE =54",5/23,,KEYSTON,$31.24,,,,,
5/23/2023,516,,JOANNE DEDEK,,MILANO CHAR,56079-0000,7,7,,RECEIVED,,,NEED 7 YDS. WAREHOUSE =0,5/25,,SAILRITE,$18.90,,,,,
5/23/2023,516,,JOANNE DEDEK,,SPECTRUM CARBON,48085-0000,1,5,,IN STOCK,,,,,,,,,,,,
5/24/2023,517,,RISE ON APACHE (WARRANTY),,CANVAS BRICK,5409-0000,8,5,,RECEIVED,,,NEED 8,5/24,,SAILRITE,$24.50,,,,,
5/24/2023,CHRIS,,KRISTA WARRANTY,,CANVAS RAVEN BLACK,,8,0,,RECEIVED,,,NEED 8 TO COMPLETE,5/24,,SAILRITE,$18.55,,,,,
5/24/2023,SERVIC,,ERIK & CHRISTA CNE BUILDERS,,HILARY FARR SPF RIFF EBONY/IVORY,,5,0,,RECEIVED,,,NEED 5 YDS,5/24,,SAILRITE,$21.40,,,,,
5/24/2023,479,,TRISH & PATRICK BOYER,,ZETTA 13 ECLIPSE,,8,0,,RECEIVED,,,NEED 8,04/17,,UNITED FABRICS,$53.95,,,,,
5/24/2023,527,,TREVOR & CHARMAIN VIGFUSSON,,ESCAPE DENIM,146207-0001,5,0,,IN STOCK,,,,,,,,,,,,
5/25/2023,520,,SHOWROOM AYA COLLECTION,,CANVAS GLACIER,5428-0000,26,27,,RECEIVED,,,NEED 38 WHSE=26,5/26,,KEYSTON,$18.00,,,,,
5/25/2023,520,,SHOWROOM AYA COLLECTION,,VIOLETTA BALTIC,45760-0002,4,0,,RECEIVED,,,NEED 4 WHSE-35,5/26,,KEYSTON,$39.98,,,,,
5/25/2023,LJ51,,LA JOLLA SHOWROOM MAY,,CANVAS ANTIQUE BEIGE,5422-0000,25,8,,RECEIVED,,,NEED 25 WHSE=500,5/25,,KEYSTON,$18.00,,,,,
5/25/2023,LJ51,,LA JOLLA SHOWROOM MAY,,LINEN STONE,8319-0000,15,4,,RECEIVED,,,NEED 16 (1 FOR 512)  WHSE=89,5/25,,KEYSTON,$20.87,,,,,
5/25/2023,LJ51,,LA JOLLA SHOWROOM MAY,,INFUSED GEM,145853-0001,10,2,,RECEIVED,,,"NEED 10, WHSE=45",5/25,,KEYSTON,$31.51,,,,,
5/25/2023,LJ51,,LA JOLLA SHOWROOM MAY,,CAST PETAL,,9,0,,RECEIVED,,,"NEED 5, WHSE=11",5/25,,KEYSTON,$18.00,,,,,
5/25/2023,LJ51,,LA JOLLA SHOWROOM MAY,,SPECTRUM MUSHROOM,48031-0000,9,0,,RECEIVED,,,NEED 9 WHSE=17,5/25,,KEYSTON,$16.21,,,,,
5/25/2023,LJ51,,LA JOLLA SHOWROOM MAY,,CALM LAUREL,145854-0002,1,126,,RECEIVED,,,"NEED 1, WHSE=42",5/25,,KEYSTON,$29.25,,,,,
5/25/2023,LJ51,,LA JOLLA SHOWROOM MAY,,CANVAS RAVEN BLACK,,1,0,,RECEIVED,,,NEED 1  WHSE=50,5/25,,KEYSTON,$18.00,,,,,
5/25/2023,LJ51,,LA JOLLA SHOWROOM MAY,,TROPICS JUNGLE,145214-0000,15,0,,RECEIVED,,,"NEED 15, WHSE=0",5/25,,OUTDOOR FABRIC,$66.95,,,,,
5/25/2023,520,,SHOWROOM AYA COLLECTION,,CANVAS GLACIER,5428-0000,12,27,,RECEIVED,,,NEED 12,5/25,,SAILRITE,$18.55,,,,,
5/25/2023,LJ51,,LA JOLLA SHOWROOM MAY,,CREATE SMOKE,145844-0001,23,0,,RECEIVED,,,NEED 19 WHSE=0,5/25,,SAILRITE,$30.60,,,,,
5/25/2023,LJ51,,LA JOLLA SHOWROOM MAY,,BLISS GUAVA,48135-0006,14,18,,RECEIVED,,,NEED 14 WHSE=3,5/25,,SAILRITE,$16.70,,,,,
5/25/2023,520,,SHOWROOM AYA COLLECTION,,ADAPTATION STONE,69010-0002,2,4,,IN STOCK,,,NEED 2 WHSE=40,,,,$30.67,,,,,
5/25/2023,LJ51,,LA JOLLA SHOWROOM MAY,,CANVAS ABYSS,,26,0,,IN STOCK,,,WHSE=30,,,,$17.63,,,,,
5/25/2023,LJ51,,LA JOLLA SHOWROOM MAY,,DIVIDE REEF,,13,12,,IN STOCK,,,WHSE=0,,,,,,,,,
5/25/2023,LJ51,,LA JOLLA SHOWROOM MAY,,GAVIN MIST,56052-0000,13,15,,IN STOCK,,,WHSE-119,,,,$18.31,,,,,
5/25/2023,LJ51,,LA JOLLA SHOWROOM MAY,,ADAPTATION STONE,69010-0002,6,4,,IN STOCK,,,WHSE=40,,,,$30.67,,,,,
5/25/2023,LJ51,,LA JOLLA SHOWROOM MAY,,KINDLE INDIGO,145666-0004,6,12,,IN STOCK,,,WHSE=0,,,,,,,,,
5/25/2023,LJ51,,LA JOLLA SHOWROOM MAY,,CANVAS CANVAS,5453-0000,5,16,,IN STOCK,,,WHSE=67,,,,$18.00,,,,,
5/25/2023,LJ51,,LA JOLLA SHOWROOM MAY,,CANVAS NATURAL,5404-0000,2.5,8,,IN STOCK,,,WHSE=400,,,,$18.00,,,,,
5/25/2023,LJ51,,LA JOLLA SHOWROOM MAY,,CANVAS GRANITE,5402-0000,2,0,,IN STOCK,,,WHSE=1000,,,,$18.00,,,,,
5/25/2023,LJ51,,LA JOLLA SHOWROOM MAY,,CANVAS SPA,5413-0000,2,0,,IN STOCK,,,WHSE=8,,,,$18.00,,,,,
5/25/2023,LJ51,,LA JOLLA SHOWROOM MAY,,ARRAY DUNE,145654-0001,1,0,,IN STOCK,,,WHSE=32,,,,$31.89,,,,,
6/2/2023,459,,MIKE & MARY YAGGIE,,HERITAGE PAPYRUS,18006-0000,20,21,,RECEIVED,,,NEED 15 TO COMPLETED,6/2,,KEYSTON,$32.62,,,,,
6/2/2023,529,,ADAM LYNCH,,MIDORI INDIGO,145256-0001,15,0,,RECEIVED,,,NEED 6 WHSE=58,6/5,,KEYSTON,$37.05,,,,,
6/2/2023,529,,ADAM LYNCH,,BLEND INDIGO,16001-0001,7,30,,RECEIVED,,,NEED 7 WHSE=58,6/5,,KEYSTON,$28.19,,,,,
6/2/2023,529,,ADAM LYNCH,,CANVAS HEATHER BEIGE,5476-0000,6,47,,RECEIVED,,,NEED 6 WHSE=300,6/5,,KEYSTON,$18.00,,,,,
6/2/2023,533,,JEFF KAVICH,,STANTON GREYSTONE,58002-0000,11,0,,RECEIVED,,,NEED 11 WHSE=117,6/5,,KEYSTON,$18.31,,,,,
6/2/2023,534,,FRANCINE & STEVE BRATON,,ADAPTATION INDIGO,69010-0004,6,4,,RECEIVED,,,NEED 3 WHSE= 45,6/5,,KEYSTON,$30.77,,,,,
6/2/2023,535,,AUSTIN KUNZ,,CANVAS FLAX,5492-0000,14,0,,RECEIVED,,,NEED 14,6/5,,KEYSTON,$18.00,,,,,
6/2/2023,535,,AUSTIN KUNZ,,CANVAS SAPPHIRE BLUE,5452-0000,10,2,,RECEIVED,,,NEED 14 WHSE-141,6/5,,KEYSTON,$18.00,,,,,
6/2/2023,536,,PETER KARRAS,,CANVAS SUNFLOWER YELLOW,5457-0000,14,5,,RECEIVED,,,NEED 14 WHSE=109,6/5,,KEYSTON,$18.00,,,,,
6/2/2023,537,,ERICA VOLINI,,CANVAS FLAX,5492-0000,45,0,,RECEIVED,,,"NEED 5, WHSE=360",6/5,,KEYSTON,$18.00,,,,,
6/2/2023,538,,KURT STYERS,,CANVAS NAVY,5439-0000,30,8,,RECEIVED,,,NEED 30  WHSE=169,6/5,,KEYSTON,$18.00,,,,,
6/2/2023,538,,KURT STYERS,,CANVAS CANVAS,5453-0000,23,16,,RECEIVED,,,NEED 20 WHSE=73,6/5,,KEYSTON,$18.00,,,,,
6/2/2023,538,,KURT STYERS,,ADAPTATION INDIGO,69010-0004,16,4,,RECEIVED,,,NEED 16 WHSE=48,6/5,,KEYSTON,$30.77,,,,,
6/2/2023,541,,HEATHER JACHIMEK,,CANVAS ARUBA,,10,0,,RECEIVED,,,NEED 10 WHSE=163,6/5,,KEYSTON,$18.00,,,,,
6/2/2023,542,,NANCY KESKEY,,LINEN CANVAS,8353-0000,40,5,,RECEIVED,,,"NEED 40, WHSE=68",6/5,,KEYSTON,$20.87,,,,,
6/2/2023,542,,NANCY KESKEY,,SHORE LINEN,56054-0000,16,9,,RECEIVED,,,NEED 5 WHSE=96,6/5,,KEYSTON,$19.90,,,,,
6/2/2023,542,,NANCY KESKEY,,CANVAS NATURAL,5404-0000,8,8,,RECEIVED,,,NEED 1 WHSE=284,6/5,,KEYSTON,$18.00,,,,,
6/2/2023,542,,NANCY KESKEY,,DETAIL LINEN,146003-0001,1,2.5,,RECEIVED,,,NEED 1 WHSE=8,6/7,,KEYSTON,$30.44,,,,,
6/2/2023,543,,PAIGE SIDELINGER,,CANVAS BLACK,5408-0000,7,0,,RECEIVED,,,NEED 5 WHSE=600,6/5,,KEYSTON,$18.00,,,,,
6/2/2023,543,,PAIGE SIDELINGER,,CANVAS TAUPE,5461-0000,1,4,,RECEIVED,,,NEED 1 WHSE=200,6/5,,KEYSTON,$18.00,,,,,
6/2/2023,544,,EDDIE VARTUGHIAN,,SPECTRUM SAND,48019-0000,45,0,,RECEIVED,,,NEED 45 WHSE=CALIFORNIA,6/5,,KEYSTON,$16.21,,,,,
6/2/2023,544,,EDDIE VARTUGHIAN,,LINEN STONE,8319-0000,30,4,,RECEIVED,,,NEED 15 WHSE=130,6/5,,KEYSTON,$20.87,,,,,
6/2/2023,544,,EDDIE VARTUGHIAN,,DEPTH FOSSIL,,5,5,,RECEIVED,,,NEED 1,6/5,,KEYSTON,$31.86,,,,,
6/2/2023,546,,BUDDY PINAZZA,,SHORE LINEN,56054-0000,40,9,,RECEIVED,,,NEED 40  WHSE=90,6/7,,KEYSTON,$19.90,,,,,
6/2/2023,546,,BUDDY PINAZZA,,CANVAS FLAX,5492-0000,36,0,,RECEIVED,,,NEED 75  WHSE=320,6/7,,KEYSTON,$18.00,,,,,
6/2/2023,547,,ANNA WOLYN,,CANVAS NAVY,5439-0000,32,8,,RECEIVED,,,NEED 32  WHSE=92,6/7,,KEYSTON,$18.00,,,,,
6/2/2023,547,,ANNA WOLYN,,ADAPTATION INDIGO,69010-0004,15,4,,RECEIVED,,,NEED 16  WHSE=16,6/7,,KEYSTON,$30.67,,,,,
6/2/2023,547,,ANNA WOLYN,,STANTON LAGOON,58001-0000,15,0,,IN STOCK,,,WHSE=49,,,KEYSTON,$18.31,,,,,
6/2/2023,547,,ANNA WOLYN,,SPECTRUM PEACOCK,,7,0,,RECEIVED,,,NEED 7 WHSE=47,6/7,,KEYSTON,$16.21,,,,,
6/2/2023,548,,RYAN KUBR,,PLATFORM SALT,42091-0013,30,0,,RECEIVED,,,NEED 30 WHSE=65,6/7,,KEYSTON,$32.61,,,,,
6/2/2023,548,,RYAN KUBR,,SPECTRUM CARBON,48085-0000,3,5,,RECEIVED,,,NEED 4 WHSE=83,6/7,,KEYSTON,$16.21,,,,,
6/2/2023,537,,ERICA VOLINI,,CLOCK OUT CLOUD,146205-0003,20,3,,RECEIVED,,,NEED 20,6/5,,SAILRITE,$30.40,,,,,
6/2/2023,542,,NANCY KESKEY,,CLOCK OUT CLOUD,146205-0003,20,3,,RECEIVED,,,NEED 20,6/5,,SAILRITE,$30.40,,,,,
6/2/2023,543,,PAIGE SIDELINGER,,HILARY FARR SPF RIFF EBONY/IVORY,,4,0,,RECEIVED,,,NEED 4,6/5,,SAILRITE,$21.40,,,,,
6/2/2023,533,,JEFF KAVICH,,SPECTRUM CARBON,48085-0000,9,5,,IN STOCK,,,,,,,,,,,,
6/2/2023,534,,FRANCINE & STEVE BRATON,,CANVAS NAVY,5439-0000,4,8,,IN STOCK,,,,,,,,,,,,
6/2/2023,536,,PETER KARRAS,,CANVAS WHITE,57003-0000,3,11,,IN STOCK,,,,,,,,,,,,
6/2/2023,537,,ERICA VOLINI,,SPECTRUM CARBON,48085-0000,3,5,,IN STOCK,,,,,,,,,,,,
6/2/2023,537,,ERICA VOLINI,,CANVAS NATURAL,5404-0000,1,8,,RECEIVED,,,NEED 1,,,,,,,,,
6/2/2023,544,,EDDIE VARTUGHIAN,,AUTHENTIC PEBBLE,145485-0002,3,11,,IN STOCK,,,,,,,,,,,,
6/2/2023,546,,BUDDY PINAZZA,,CANVAS NATURAL,5404-0000,2,8,,RECEIVED,,,NEED 2,,,,,,,,,
6/5/2023,510,,KIM SADLER,,CLOCK OUT INDIGO,146205-0002,30,2,,RECEIVED,,,NEED 30 WHSE=52,6/5,,KEYSTON,$28.73,,,,,
6/5/2023,510,,KIM SADLER,,CANVAS FLAX,5492-0000,20,0,,RECEIVED,,,NEED 20 WHSE=360,6/5,,KEYSTON,$18.00,,,,,
6/5/2023,510,,KIM SADLER,,CANVAS SAPPHIRE BLUE,5452-0000,7,2,,RECEIVED,,,NEED 7 WHSE=141,6/5,,KEYSTON,$18.00,,,,,
6/5/2023,510,,KIM SADLER,,CLOCK OUT CLOUD,146205-0003,37,3,,RECEIVED,,,NEED 37,6/5,,SAILRITE,$30.40,,,,,
6/5/2023,510,,KIM SADLER,,CANVAS NATURAL,5404-0000,1,8,,RECEIVED,,,NEED 1,,,,,,,,,
6/8/2023,525,,REID DAVIS,,MOMENTO PARCHMENT,,18,3,,RECEIVED,,,NEED 18  WHSE=62,6/8,,KEYSTON,$33.94,,,,,
6/8/2023,525,,REID DAVIS,,VOYAGE DUNE,146206-0004,2,0,,RECEIVED,,,WHSE=16,6/8,,KEYSTON,$32.51,,,,,
6/8/2023,525,,REID DAVIS,,BLEND LINEN,16001-0014,30,0,,RECEIVED,,,NEED 30  WHSE=0 ETA: 6/15,6/8,,SAILRITE,$27.65,,,,,
6/8/2023,525,,REID DAVIS,,MIDORI STONE,145256-0005,4,0,,IN STOCK,,,WHSE=42,,,,,,,,,
6/14/2023,529,,ADAM LYNCH,,CANVAS HEATHER BEIGE,5476-0000,10,47,,RECEIVED,,,NEED 10 TO COMPLETE,6/14,,KEYSTON,$18.00,,,,,
6/15/2023,526,,ANITA & LARRY SARTORI,,MILANO COBALT,56080-0000,14,9,,RECEIVED,,,NEED 14 WHSE=49,6/15,,KEYSTON,$21.26,,,,,
6/15/2023,526,,ANITA & LARRY SARTORI,,CANVAS TRUE BLUE,,6,2,,RECEIVED,,,NEED 6 WHSE=85,6/15,,KEYSTON,$18.00,,,,,
6/15/2023,526,,ANITA & LARRY SARTORI,,CANVAS SUNFLOWER YELLOW,5457-0000,3,5,,RECEIVED,,,NEED 3 WHSE-95,6/15,,KEYSTON,$18.00,,,,,
6/15/2023,551,,SCOTT SHULER,,RENEW MIST,145843-0002,45,8,,RECEIVED,,,NEED 45 WHSE-63,6/15,,KEYSTON,$31.51,,,,,
6/15/2023,551,,SCOTT SHULER,,SPECTRUM INDIGO,48080-0000,33,2,,RECEIVED,,,NEED 33 =358,6/15,,KEYSTON,$16.21,,,,,
6/15/2023,551,,SCOTT SHULER,,MAINSTREET LATTE,42048-0009,4,10,,RECEIVED,,,NEED 4 WHSE=27,6/15,,KEYSTON,$37.27,,,,,
6/15/2023,553,,PETER SALLAY,,CANVAS CANVAS,5453-0000,5,16,,RECEIVED,,,NEED 13 TO COMPLETE ,6/26,,KEYSTON,$18.00,,,,,
6/15/2023,554,,NELLI & ALEX STURWOLD,,SPECTRUM EGGSHELL,48018-0000,60,4,,RECEIVED,,,NEED 55 WHSE=58,6/15,,KEYSTON,$16.21,,,,,
6/15/2023,554,,NELLI & ALEX STURWOLD,,BERENSON TUXEDO,8521-0000,5,65,,RECEIVED,,,NEED 5 WHSE=220,6/15,,KEYSTON,$20.87,,,,,
6/15/2023,554,,NELLI & ALEX STURWOLD,,HERITAGE CHAR,18009-0000,3,12,,RECEIVED,,,NEED 3 WHSE=81,6/15,,KEYSTON,$32.62,,,,,
6/15/2023,550,,SHEILA & GEORGE ELLIS,,AUTHENTIC PEBBLE,145485-0002,2,11,,IN STOCK,,,,,,,,,,,,
6/15/2023,551,,SCOTT SHULER,,CANVAS SPA,5413-0000,38,0,,IN STOCK,,,,,,,,,,,,
6/15/2023,554,,NELLI & ALEX STURWOLD,,CANVAS BLACK,5408-0000,3,0,,IN STOCK,,,,,,,,,,,,
6/19/2023,522,,LIZ LOGAN,,CANVAS CANVAS,5453-0000,35,16,,RECEIVED,,,"NEED 31, WHSE=38",6/19,,KEYSTONE,$18.00,,,,,
6/19/2023,522,,LIZ LOGAN,,BLISS ASPEN,,31,0,,RECEIVED,,,"NEED 31, WHSE=77",6/19,,KEYSTONE,$16.17,,,,,
6/19/2023,522,,LIZ LOGAN,,VOYAGE DUNE,146206-0004,15,0,,RECEIVED,,,"NEED 15,  WHSE=14",6/19,,KEYSTONE,$32.51,,,,,
6/19/2023,522,,LIZ LOGAN,,LINEN CANVAS,8353-0000,12,5,,RECEIVED,,,"NEED 6, WHSE=23",6/19,,KEYSTONE,$20.87,,,,,
6/19/2023,522,,LIZ LOGAN,,DETAIL LINEN,146003-0001,1,2.5,,RECEIVED,,,NEED 1,6/19,,KEYSTONE,$30.44,,,,,
6/19/2023,522,,LIZ LOGAN,,DETAIL CLASSIC,146003-0002,5,15,,RECEIVED,,,"NEED 5, WHSE=45 FLORIDA",6/19,,SAILRITE,$30.60,,,,,
6/22/2023,519,,CARI SWITZER,,PERENNIALS PERFORMANCE CLASSIC LINEN WEAVE SAND,,28,0,,RECEIVED,,,NEED 19,6/30,,RH,$59.00,,,,,
6/26/2023,523,,DEANNA SPRENGER,,CANVAS HENNA,5407-0000,13,28,,RECEIVED,,,NEED 8 WHSE=100,6/26,,KEYSTON,$20.87,,,,,
6/26/2023,539,,AMENA DELUCA,,SHORE CLASSIC,58033-0000,14,3,,RECEIVED,,,NEED: 4,6/26,,KEYSTON,$19.90,,,,,
6/26/2023,539,,AMENA DELUCA,,CANVAS WHITE,57003-0000,2,11,,RECEIVED,,,NEED 2 WHSE=28,6/26,,KEYSTON,$18.00,,,,,
7/5/2023,574,,SHOWROOM 6-29,,VIOLETTA BALTIC,45760-0002,2,0,,RECEIVED,,,NEED 2  WHSE =6,7/5,,KEYSTON,39.9/8,,,,,
7/5/2023,576,,BRUCE WILLIAMS,,CANVAS FLAX,5492-0000,30,0,,RECEIVED,,,NEED 32  WHSE=126,7/14,,KEYSTON,$18.00,,,,,
7/5/2023,576,,BRUCE WILLIAMS,,ELEGANCE MARBLE,45746-0001,5,0,,RECEIVED,,,NEED 5  WHSE=484,7/11,,KEYSTON,$37.72,,,,,
7/5/2023,577,,ANGELIKA ZGAINER,,CANVAS WHITE,57003-0000,38,11,,RECEIVED,,,NEED 31  WHSE-79,7/11,,KEYSTON,$18.00,,,,,
7/5/2023,578,,TRICIA CHINITZ,,SPECTRUM DOVE,48032-0000,48,8,,RECEIVED,,,NEED 32   WHSE=36,7/11,,KEYSTON,$16.21,,,,,
7/5/2023,579,,JACQUELINE VAN HAZEL,,CANVAS WHITE,57003-0000,50,11,,RECEIVED,,,NEED 50,7/11,,KEYSTON,$18.00,,,,,
7/5/2023,580,,JASON AYALA,,CANVAS COAL,5489-0000,28,3,,RECEIVED,,,NEED 24  WHSE=96,7/11,,KEYSTON,$18.00,,,,,
7/5/2023,580,,JASON AYALA,,DETAIL CLASSIC,146003-0002,6,15,,RECEIVED,,,NEED 1  WHSE=70,7/11,,KEYSTON,$30.44,,,,,
7/5/2023,580,,JASON AYALA,,CANVAS MACAW,5429-0000,2,0,,RECEIVED,,,NEED 2  ONTARIO=38,7/11,,KEYSTON,$20.87,,,,,
7/5/2023,580,,JASON AYALA,,CANVAS PACIFIC BLUE,5401-0000,2,121,,RECEIVED,,,NEED 2   WHSE=270,7/11,,KEYSTON,$18.00,,,,,
7/5/2023,581,,ALT CODY,,ECHO ASH,57005-0000,3,11,,RECEIVED,,,NEED 3   WHSE=60,7/11,,KEYSTON,$22.91,,,,,
7/5/2023,582,,ARI-REUT YESKEL,,SHORE CLASSIC,58033-0000,4,3,,RECEIVED,,,NEED 4  WHSE=23,7/11,,KEYSTON,$19.20,,,,,
7/5/2023,576,,BRUCE WILLIAMS,,SPECTRUM SAND,48019-0000,10,0,,IN STOCK,,,,,,,,,,,,
7/5/2023,576,,BRUCE WILLIAMS,,CANVAS RUST,,2,1,,IN STOCK,,,,,,,,,,,,
7/5/2023,578,,TRICIA CHINITZ,,HIGHLIGHT LINEN,,4,0,,IN STOCK,,,,,,,,,,,,
7/5/2023,581,,ALT CODY,,CLOCK OUT CLOUD,146205-0003,31,3,,IN STOCK,,,,,,,,,,,,
7/5/2023,582,,ARI-REUT YESKEL,,SPECTRUM CARBON,48085-0000,2,5,,IN STOCK,,,,,,,,,,,,
7/5/2023,583,,RON ARMSTRONG,,CANVAS NAVY,5439-0000,4,8,,IN STOCK,,,NEED 4,,,,,,,,,
7/5/2023,583,,RON ARMSTRONG,,CALAIS AZUL,,3,0,,IN STOCK,,,NEED 3,,,,,,,,,
7/6/2023,571,,SUSAN CRAWFORD LOVE,,ADAPTATION INDIGO,69010-0004,7,4,,IN STOCK,,,NEED 7,,,,,,,,,
7/6/2023,571,,SUSAN CRAWFORD LOVE,,CANVAS NAVY,5439-0000,1,8,,IN STOCK,,,NEED 1,,,,,,,,,
7/10/2023,LJ-54,,MATT AND STACY ROOT,,CANVAS CANVAS,5453-0000,109,16,,RECEIVED,,,NEED 109 WHSE=122,7/11,,KEYSTON,$18.00,,,,,
7/10/2023,LJ-54,,MATT AND STACY ROOT,,MOMENTO SNOW,42105-0001,1,0,,RECEIVED,,,NEED 1 WHSE=40,7/11,,KEYSTON,$37.00,,,,,
7/10/2023,LJ-54,,MATT AND STACY ROOT,,CANVAS FAWN,,35,7,,RECEIVED,,,NEED 35 WHSE=0 UNTIL AGUST,7/11,,UNITED FABRIC,$24.45,,,,,
7/10/2023,LJ-54,,MATT AND STACY ROOT,,ARRAY DUNE,145654-0001,3,0,,IN STOCK,,,,,,,,,,,,
7/10/2023,LJ-54,,MATT AND STACY ROOT,,DETAIL LINEN,146003-0001,2,2.5,,IN STOCK,,,,,,,,,,,,
7/11/2023,557,,POORIA KADKHODAIAND,,CANVAS COAL,5489-0000,82,3,,IN STOCK,,,NEED 82  WHSE 72 RESTO FLORIDA MONDAY 7/17,7/11,,KEYSTON,$18.00,,,,,
7/11/2023,560,,NANNETTE ORTEGA,,VOYAGE DUNE,146206-0004,91,0,,RECEIVED,,,NEED 91 WHSE=0 ,7/11,,KEYSTON,$32.51,,,,,
7/11/2023,560,,NANNETTE ORTEGA,,VOYAGE DUNE,146206-0004,91,0,,RECEIVED,,,NEED 91,7/12,,SAILRITE,$33.35,,,,,
7/11/2023,557,,POORIA KADKHODAIAND,,CANVAS NATURAL,5404-0000,66,8,,IN STOCK,,,,,,,,,,,,
7/11/2023,557,,POORIA KADKHODAIAND,,SPECTRUM CARBON,48085-0000,5,5,,IN STOCK,,,,,,,,,,,,
7/11/2023,558,,KELSEY KITTLESON,,CANVAS FLAX,5492-0000,32,0,,IN STOCK,,,MAYBE COMPLETE,,,,,,,,,
7/11/2023,560,,NANNETTE ORTEGA,,CANVAS NATURAL,5404-0000,36,8,,IN STOCK,,,,,,,,,,,,
7/11/2023,560,,NANNETTE ORTEGA,,SPECTRUM CARBON,48085-0000,30,5,,IN STOCK,,,,,,,,,,,,
7/12/2023,578,,TRICIA CHINITZ,,SPECTRUM DOVE,48032-0000,8,8,,RECEIVED,,,NEED 8 TO COMPLETE,7/12,,SAILRITE,$16.70,,,,,
7/12/2023,580,,JASON AYALA,,CANVAS COAL,5489-0000,3,3,,RECEIVED,,,NEED 3 TO COMPLETE,7/12,,SAILRITE,$18.55,,,,,
7/14/2023,561,,RICH LIBRANTE,,CREATE SMOKE,145844-0001,18,0,,RECEIVED,,,NEED 14  WHSE=40,7/14,,KEYSTON,$29.25,,,,,
7/14/2023,561,,RICH LIBRANTE,,HYBRID SMOKE,42079-0000,4,4,,RECEIVED,,,NEED 4 WHSE=37,7/14,,KEYSTON,$31.64,,,,,
7/14/2023,561,,RICH LIBRANTE,,RESONATE DUNE,145656-0001,4,0,,RECEIVED,,,NEED 4 WHSE=3,7/14,,KEYSTON,$31.89,,,,,
7/14/2023,562,,KYLE HOLTORF,,SPECTRUM DAFFODIL,48024-0000,29,0,,RECEIVED,,,NEED 25  WHSE=146,7/14,,KEYSTON,$16.21,,,,,
7/14/2023,563,,BRYANT BUNTING,,CANVAS FLAX,5492-0000,9,0,,RECEIVED,,,NEED 9,7/14,,KEYSTON,$18.00,,,,,
7/14/2023,568,,JENNIFER PATTERSON,,SPECTRUM INDIGO,48080-0000,63,2,,RECEIVED,,,NEED 54 WHSE=112,7/14,,KEYSTON,$16.21,,,,,
7/14/2023,568,,JENNIFER PATTERSON,,MIDORI INDIGO,145256-0001,42,0,,RECEIVED,,,NEED 42 & 6 FOR 486 = 48  WHSE=111,7/14,,KEYSTON,$37.05,,,,,
7/14/2023,568,,JENNIFER PATTERSON,,DETAIL NAVY,146003-0005,11,0,,RECEIVED,,,NEED 7  WHSE=23,7/14,,KEYSTON,$30.44,,,,,
7/14/2023,568,,JENNIFER PATTERSON,,DETAIL CLASSIC,146003-0002,9,15,,RECEIVED,,,NEED 9   WHSE=58,7/14,,KEYSTON,$30.44,,,,,
7/14/2023,568,,JENNIFER PATTERSON,,LINEN CANVAS,8353-0000,9,5,,RECEIVED,,,NEED 18  WHSE=63,7/14,,KEYSTON,$20.87,,,,,
7/14/2023,568,,JENNIFER PATTERSON,,CANVAS WHITE,57003-0000,2,11,,RECEIVED,,,NEED 10 WHSE=0,7/18,,SAILRITE,$18.55,,,,,
7/14/2023,561,,RICH LIBRANTE,,SPECTRUM CARBON,48085-0000,19,5,,IN STOCK,,,,,,,,,,,,
7/14/2023,561,,RICH LIBRANTE,,SAILCLOTH SEAGULL,32000-0023,14,22,,IN STOCK,,,,,,,,,,,,
7/14/2023,562,,KYLE HOLTORF,,CANVAS NATURAL,5404-0000,64,8,,IN STOCK,,,,,,,,,,,,
7/14/2023,562,,KYLE HOLTORF,,SPECTRUM CARBON,48085-0000,58,5,,IN STOCK,,,,,,,,,,,,
7/14/2023,563,,BRYANT BUNTING,,0,,15,0,,IN STOCK,,,,,,,,,,,,
7/14/2023,563,,BRYANT BUNTING,,CLOCK OUT CLOUD,146205-0003,11,3,,IN STOCK,,,,,,,,,,,,
7/14/2023,563,,BRYANT BUNTING,,CANVAS NATURAL,5404-0000,8,8,,IN STOCK,,,,,,,,,,,,
7/17/2023,568,,JENNIFER PATTERSON,,SPECTRUM INDIGO,48080-0000,41,2,,RECEIVED,,,NEED 41 TO COMPLETE,7/18,,SAILRITE,$15.36,,,,,
7/20/2023,572,,KRISTEN GORSUCH,,CAPRA II SHADOW,145601-0001,6,0,,RECEIVED,,,NEED 6,,,CLIENTE,,,,,,
7/20/2023,572,,KRISTEN GORSUCH,,BLISS SMOKE,48135-0003,12,0,,RECEIVED,,,NEED 12  WHSE=24,7/20,,KEYSTON,$15.17,,,,,
7/20/2023,589,,SCOTT & CYNTHIA STRATTMAN,,EMBRACE LINEN,145849-0002,9,2,,RECEIVED,,,NEED 9  WHSE=51,7/20,,KEYSTON,$24.58,,,,,
7/20/2023,589,,SCOTT & CYNTHIA STRATTMAN,,ACTION LINEN,44285-0000,2,0,,RECEIVED,,,NEED 2  WHSE=27,7/20,,KEYSTON,$31.22,,,,,
7/20/2023,566,,KAY LESTER,,CANVAS NAVY,5439-0000,10,8,,IN STOCK,,,,,,,,,,,,
7/20/2023,566,,KAY LESTER,,LUXE INDIGO,45690-0000,9,13,,IN STOCK,,,,,,,,,,,,
7/20/2023,566,,KAY LESTER,,ADAPTATION INDIGO,69010-0004,2,4,,IN STOCK,,,,,,,,,,,,
7/20/2023,566,,KAY LESTER,,CANVAS WHITE,57003-0000,2,11,,IN STOCK,,,NEED 2  WHSE=0,,,,,,,,,
7/20/2023,570,,MARY SUMMERVILLE,,SPECTRUM CARBON,48085-0000,10,5,,IN STOCK,,,,,,,,,,,,
7/20/2023,572,,KRISTEN GORSUCH,,CANVAS CHARCOAL,54048-0000,6,3,,IN STOCK,,,,,,,,,,,,
7/20/2023,589,,SCOTT & CYNTHIA STRATTMAN,,CANVAS NATURAL,5404-0000,9,8,,IN STOCK,,,,,,,,,,,,
7/27/2023,591,,SHANNON MALTAIS,,MOMENTO SNOW,42105-0001,32,0,,RECEIVED,,,,8/8,,UNITED FABRICS,$34.74,,,,,
7/27/2023,591,,SHANNON MALTAIS,,EMBRACE PEWTER,145849-0001,26,2,,RECEIVED,,,,8/8,,UNITED FABRICS,$21.74,,,,,
7/27/2023,591,,SHANNON MALTAIS,,LINEN NATURAL,8304-0000,5,1,,RECEIVED,,,,8/8,,UNITED FABRICS,$16.87,,,,,
7/27/2023,591,,SHANNON MALTAIS,,CANVAS NATURAL,5404-0000,38,8,,IN STOCK,,,,,,,,,,,,
7/27/2023,591,,SHANNON MALTAIS,,FREQUENCY PARCHMENT,56093-0000,26,5,,IN STOCK,,,,,,,,,,,,
7/27/2023,591,,SHANNON MALTAIS,,SPECTRUM CARBON,48085-0000,14,5,,IN STOCK,,,,,,,,,,,,
7/28/2023,593,,SHOWROOM,,CANVAS FOREST GREEN,5446-0000,7,31,,RECEIVED,,,,8/3,,KEYSTON,$17.99,,,,,
7/28/2023,593,,SHOWROOM,,CANVAS CAMEL,54568-0000,2,0,,RECEIVED,,,,8/3,,KEYSTON,$17.99,,,,,
7/28/2023,593,,SHOWROOM,,CANVAS NATURAL,5404-0000,14,8,,IN STOCK,,,,,,,,,,,,
7/28/2023,593,,SHOWROOM,,CANVAS FLAX,5492-0000,11,0,,IN STOCK,,,,,,,,,,,,
7/28/2023,593,,SHOWROOM,,SPECTRUM CARBON,48085-0000,8,5,,IN STOCK,,,,,,,,,,,,
7/28/2023,593,,SHOWROOM,,SHORE CLASSIC,58033-0000,5,3,,IN STOCK,,,,,,,,,,,,
7/28/2023,593,,SHOWROOM,,CANVAS WHITE,57003-0000,4,11,,IN STOCK,,,,,,,,,,,,
8/7/2023,595,,ERIN LANG,,MOMENTO DOVE,,35,3,,RECEIVED,,,ORDERED 30,,,KEYSTON,,,,,,
8/7/2023,594,,ENFORT HOMES,,CANVAS RAVEN BLACK,,12,0,,IN STOCK,,,,,,,,,,,,
8/7/2023,594,,ENFORT HOMES,,CANVAS WHITE,57003-0000,12,11,,IN STOCK,,,,,,,,,,,,
8/7/2023,594,,ENFORT HOMES,,SHORE CLASSIC,58033-0000,2,3,,IN STOCK,,,,,,,,,,,,
8/7/2023,595,,ERIN LANG,,NURTURE LAUREL,,23,0,,RECEIVED,,,,,,,,,,,,
8/7/2023,595,,ERIN LANG,,DIVIDE REEF,,5,12,,IN STOCK,,,,,,,,,,,,
8/7/2023,595,,ERIN LANG,,MIDORI STONE,145256-0005,3,0,,IN STOCK,,,,,,,,,,,,
8/14/2023,597,,ERIN BOROWIAK,,CANVAS MACAW,5429-0000,5,0,,RECEIVED,,,,8/28/2023,,KEYSTON,$20.87,,,,,
8/14/2023,598,,RICHARD & JILL DINOVITZ,,CANVAS HEATHER BEIGE,5476-0000,23,47,,RECEIVED,,,,8/28/2023,,KEYSTON,$18.00,,,,,
8/14/2023,598,,RICHARD & JILL DINOVITZ,,FRETWORK FLAX,45991-0001,6,3,,RECEIVED,,,,8/28/2023,,KEYSTON,$34.09,,,,,
8/14/2023,598,,RICHARD & JILL DINOVITZ,,BLOX SLATE,45542-0000,2,0,,RECEIVED,,,,8/28/2023,,KEYSTON,$35.07,,,,,
8/14/2023,599,,THE PLAZA LOFTS,,EMBRACE LINEN,145849-0002,10,2,,RECEIVED,,,,8/15,,KEYSTON,,,,,,
8/14/2023,588,,ROBIN ROTHE,,CANVAS FLAX,5492-0000,10,0,,IN STOCK,,,,,,,,,,,,
8/14/2023,588,,ROBIN ROTHE,,COVE PEBBLE,58036-0000,1,6,,IN STOCK,,,,,,,,,,,,
8/14/2023,597,,ERIN BOROWIAK,,CANVAS NAVY,5439-0000,19,8,,IN STOCK,,,,,,,,,,,,
8/14/2023,597,,ERIN BOROWIAK,,STANTON LAGOON,58001-0000,13,0,,IN STOCK,,,,,,,,,,,,
8/14/2023,597,,ERIN BOROWIAK,,SPECTRUM INDIGO,48080-0000,2,2,,IN STOCK,,,,,,,,,,,,
8/14/2023,601,,JUSTIN SMITH,,SPECTRUM MUSHROOM,48031-0000,8,0,,IN STOCK,,,,,,,,,,,,
8/14/2023,601,,JUSTIN SMITH,,LINEN CANVAS,8353-0000,4,5,,IN STOCK,,,,,,,,,,,,
8/14/2023,601,,JUSTIN SMITH,,CANVAS SPA,5413-0000,1,0,,IN STOCK,,,,,,,,,,,,
8/14/2023,601,,JUSTIN SMITH,,GAVIN MIST,56052-0000,1,15,,IN STOCK,,,,,,,,,,,,
8/14/2023,602,,ROBBIE BALDWIN,,CANVAS NATURAL,5404-0000,55,8,,IN STOCK,,,,,,,,,,,,
8/14/2023,602,,ROBBIE BALDWIN,,CANVAS FLAX,5492-0000,15,0,,IN STOCK,,,,,,,,,,,,
8/17/2023,603,,HOPE & KURK KAMMEIER,,BERENSON TUXEDO,8521-0000,18,65,,RECEIVED,,,,8/28/2023,,KEYSTON,$20.87,,,,,
8/17/2023,603,,HOPE & KURK KAMMEIER,,LINEN SESAME,8318-0000,7,2,,RECEIVED,,,,8/28/2023,,KEYSTON,$20.87,,,,,
8/17/2023,603,,HOPE & KURK KAMMEIER,,SPECTRUM SESAME,,32,0,,RECEIVED,,,,8/28/2023,,UNITED FABRICS,$18.00,,,,,
8/17/2023,603,,HOPE & KURK KAMMEIER,,SPECTRUM CARBON,48085-0000,9,5,,IN STOCK,,,,,,,,,,,,
8/21/2023,LJ55,,CHRIS & ALISON BROWN,,CANVAS BRICK,5409-0000,11,5,,RECEIVED,,,,8/28/2023,,KEYSTON,$20.87,,,,,
8/21/2023,LJ55,,CHRIS & ALISON BROWN,,RENEW EARTHEN,145843-0001,8,0,,RECEIVED,,,,8/28/2023,,UNITED FABRICS,$28.00,,,,,
8/23/2023,608,,21 INTERIORS HOLMGREN,,CANVAS NATURAL,5404-0000,33,8,,RECEIVED,,,,8/28/2023,,KEYSTON,$18.00,,,,,
8/23/2023,608,,21 INTERIORS HOLMGREN,,CENTERED INK,,6,0,,RECEIVED,,,,8/28/2023,,KEYSTON,$18.77,,,,,
8/23/2023,608,,21 INTERIORS HOLMGREN,,DUPIONE DEEP SEA,8019-0000,6,2,,IN STOCK,,,,,,,,,,,,
8/23/2023,608,,21 INTERIORS HOLMGREN,,CANVAS NAVY,5439-0000,4,8,,IN STOCK,,,,,,,,,,,,
8/25/2023,612,,DONNIE SCHRADER,,DEUPIONE CELESTE,,10,0,,RECEIVED,,,,8/28/2023,,KEYSTON,$22.08,,,,,
8/25/2023,612,,DONNIE SCHRADER,,CLOCK OUT CLOUD,146205-0003,4,3,,RECEIVED,,,,8/28/2023,,KEYSTON,$28.73,,,,,
8/25/2023,612,,DONNIE SCHRADER,,DOLCE OASIS,56001-0000,4,0,,RECEIVED,,,,8/28/2023,,KEYSTON,$18.31,,,,,
8/25/2023,612,,DONNIE SCHRADER,,SPECTRUM CARBON,48085-0000,34,5,,IN STOCK,,,,,,,,,,,,
8/25/2023,612,,DONNIE SCHRADER,,SPECTRUM PEACOCK,,1,0,,IN STOCK,,,,,,,,,,,,
8/28/2023,611,,CARLY JOAN,,CANVAS TAUPE,5461-0000,11,4,,RECEIVED,,,,8/28/2023,,KEYSTON,$18.00,,,,,
8/28/2023,611,,CARLY JOAN,,SPECTRUM DAFFODIL,48024-0000,6,0,,RECEIVED,,,,8/28/2023,,KEYSTON,$16.21,,,,,
8/28/2023,611,,CARLY JOAN,,DETAIL CLASSIC,146003-0002,2,15,,IN STOCK,,,,,,,,,,,,
8/29/2023,613,,ANDREW & NICOLETTE CHAPMAN,,MAXIM HEATHER BEIGE,5674-0000,27,7,,IN STOCK,,,,,,,,,,,,
8/29/2023,613,,ANDREW & NICOLETTE CHAPMAN,,DETAIL CLASSIC,146003-0002,4,15,,IN STOCK,,,,,,,,,,,,
8/29/2023,LJ56,,MATTHEW LA JOLLA,,CABANA CLASSIC,58030-0000,8,0,,IN STOCK,,,,,,,,,,,,
8/29/2023,LJ56,,MATTHEW LA JOLLA,,SPECTRUM CARBON,48085-0000,7,5,,IN STOCK,,,,,,,,,,,,
8/29/2023,LJ56,,MATTHEW LA JOLLA,,CANVAS WHITE,57003-0000,4,11,,IN STOCK,,,,,,,,,,,,
8/30/2023,528,,ANDREW DALE,,CANVAS CHARCOAL,54048-0000,39,3,,IN STOCK,,,,,,,,,,,,
8/30/2023,528,,ANDREW DALE,,CANVAS BUTTERCUP,5438-0000,33,0,,IN STOCK,,,,,,,,,,,,
8/30/2023,528,,ANDREW DALE,,FOSTER METALLIC,,15,0,,RECEIVED,,,,,,,,,,,,
8/30/2023,528,,ANDREW DALE,,FRETWORK PEWTER,,10,3,,RECEIVED,,,,,,,,,,,,
8/30/2023,528,,ANDREW DALE,,CANVAS CANVAS,5453-0000,9,16,,RECEIVED,,,,,,,,,,,,
8/30/2023,528,,ANDREW DALE,,STANTON GREYSTONE,58002-0000,8,0,,RECEIVED,,,,,,,,,,,,
8/30/2023,528,,ANDREW DALE,,SPECTRUM DOFFODIL,,5,0,,RECEIVED,,,,,,,,,,,,
8/30/2023,614,,RAJIV AGGARWAL,,CANVAS NATURAL,5404-0000,37,8,,RECEIVED,,,,,,,,,,,,
8/30/2023,614,,RAJIV AGGARWAL,,CANVAS NAVY,5439-0000,35,8,,IN STOCK,,,,,,,,,,,,
8/30/2023,614,,RAJIV AGGARWAL,,SPECTRUM CARBON,48085-0000,30,5,,IN STOCK,,,,,,,,,,,,
8/30/2023,614,,RAJIV AGGARWAL,,ADAPTATION INDIGO,69010-0004,5,4,,IN STOCK,,,,,,,,,,,,
8/30/2023,614,,RAJIV AGGARWAL,,CABANA CLASSIC,58030-0000,1,0,,IN STOCK,,,,,,,,,,,,
9/4/2023,615,,SHIRLEY DESEAR,,SAILCLOTH SALT,32000-0018,48,0,,RECEIVED,,,,9/11,,,,,,,,
9/6/2023,616,,DEVIN GONZALEZ,,SAILCLOTH SEAGULL,32000-0023,33,22,,IN STOCK,,,,,,,,,,,,
9/6/2023,616,,DEVIN GONZALEZ,,CANVAS BLACK,5408-0000,3,0,,IN STOCK,,,,,,,,,,,,
9/6/2023,616,,DEVIN GONZALEZ,,CANVAS SAPPHIRE BLUE,5452-0000,2,2,,IN STOCK,,,,,,,,,,,,
9/11/2023,617,,SHOWROOM SCOTTSDALE,,CANVAS NATURAL,5404-0000,26,8,,IN STOCK,,,,,,,,,,,,
9/11/2023,617,,SHOWROOM SCOTTSDALE,,SENSIBILITY SPLENDOR,,26,0,,IN STOCK,,,,,,,,,,,,
9/11/2023,617,,SHOWROOM SCOTTSDALE,,SPECTRUM CARBON,48085-0000,11,5,,IN STOCK,,,,,,,,,,,,
9/11/2023,617,,SHOWROOM SCOTTSDALE,,DOLCE MANGO,56000-0000,10,100,,IN STOCK,,,,,,,,,,,,
9/11/2023,617,,SHOWROOM SCOTTSDALE,,EQUAL GRAPHITE,,10,23,,IN STOCK,,,,,,,,,,,,
9/11/2023,617,,SHOWROOM SCOTTSDALE,,CANVAS PACIFIC BLUE,5401-0000,9,121,,IN STOCK,,,,,,,,,,,,
9/11/2023,617,,SHOWROOM SCOTTSDALE,,SAILCLOTH SEAGULL,32000-0023,9,22,,IN STOCK,,,,,,,,,,,,
9/11/2023,617,,SHOWROOM SCOTTSDALE,,DETAIL LINEN,146003-0001,7,2.5,,IN STOCK,,,,,,,,,,,,
9/11/2023,617,,SHOWROOM SCOTTSDALE,,CANVAS WHITE,57003-0000,6,11,,IN STOCK,,,,,,,,,,,,
9/11/2023,617,,SHOWROOM SCOTTSDALE,,MIDORI STONE,145256-0005,6,0,,IN STOCK,,,,,,,,,,,,
9/11/2023,617,,SHOWROOM SCOTTSDALE,,CABANA CLASSIC,58030-0000,5,0,,IN STOCK,,,,,,,,,,,,
9/11/2023,617,,SHOWROOM SCOTTSDALE,,CANVAS WHITE,57003-0000,4,11,,IN STOCK,,,,,,,,,,,,
9/11/2023,617,,SHOWROOM SCOTTSDALE,,CANVAS GINKGO,54011-0000,3,30,,IN STOCK,,,,,,,,,,,,
9/11/2023,617,,SHOWROOM SCOTTSDALE,,INTEGRATED PEWTER,69006-0007,3,0,,IN STOCK,,,,,,,,,,,,
9/11/2023,617,,SHOWROOM SCOTTSDALE,,VIOLETTA BALTIC,45760-0002,3,0,,IN STOCK,,,,,,,,,,,,
9/11/2023,617,,SHOWROOM SCOTTSDALE,,CANVAS CAMEL,54568-0000,2,0,,IN STOCK,,,,,,,,,,,,
9/11/2023,617,,SHOWROOM SCOTTSDALE,,CANVAS SUNFLOWER YELLOW,5457-0000,2,5,,IN STOCK,,,,,,,,,,,,
9/11/2023,617,,SHOWROOM SCOTTSDALE,,MILANO COBALT,56080-0000,2,9,,IN STOCK,,,,,,,,,,,,
9/11/2023,617,,SHOWROOM SCOTTSDALE,,CANVAS SKYLINE,14091-0000,1,68,,IN STOCK,,,,,,,,,,,,
9/14/2023,620,,GEORGE OLSKER,,RESONATE DUNE,145656-0001,6,0,,RECEIVED,,,,,,,,,,,,
9/18/2023,621,,GREG SCHWARTZ,,SAILCLOTH SEAGULL,32000-0023,15,22,,IN STOCK,,,,,,,,,,,,
9/18/2023,621,,GREG SCHWARTZ,,ADAPTATION INDIGO,69010-0004,4,4,,IN STOCK,,,,,,,,,,,,
9/19/2023,622,,TRACY LAPAGLIA,,CANVAS NAVY,5439-0000,69,8,,IN STOCK,,,,,,,,,,,,
9/19/2023,622,,TRACY LAPAGLIA,,CANVAS HENNA,5407-0000,8,28,,IN STOCK,,,,,,,,,,,,
9/19/2023,622,,TRACY LAPAGLIA,,MEDITERRANEAN/CANVAS BLOCK STRIPE,,8,0,,RECEIVED,,,,,,,,,,,,
9/19/2023,622,,TRACY LAPAGLIA,,BLISS LEMON,,2,14,,IN STOCK,,,,,,,,,,,,
9/19/2023,623,,KIM SCHULZE,,CANVAS WHITE,57003-0000,40,11,,IN STOCK,,,,,,,,,,,,
9/19/2023,LJ57,,BELINDA FELDMAN,,CANVAS MUSHROOM,,10,6,,IN STOCK,,,,,,,,,,,,
9/19/2023,LJ57,,BELINDA FELDMAN,,GATEWAY MIST,58039-0000,10,0,,RECEIVED,,,,,,,,,,,,
9/26/2023,LJ59,,MONICA MORGAN & CHUCK TINSMAN,,CANVAS NAVY,5439-0000,44,8,,IN STOCK,,,,,,,,,,,,
9/26/2023,LJ59,,MONICA MORGAN & CHUCK TINSMAN,,SAILCLOTH SEAGULL,32000-0023,13,22,,IN STOCK,,,,,,,,,,,,
9/26/2023,LJ59,,MONICA MORGAN & CHUCK TINSMAN,,ADAPTATION INDIGO,69010-0004,6,4,,IN STOCK,,,,,,,,,,,,
9/26/2023,LJ59,,MONICA MORGAN & CHUCK TINSMAN,,VOYAGE INDIGO,146206-0001,4,0,,IN STOCK,,,,,,,,,,,,
10/3/2023,628,,DAN & SHELLY MCKEEVER,,LINEN SILVER,8351-0000,96,18,,RECEIVED,,,,,,,,,,,,
10/3/2023,628,,DAN & SHELLY MCKEEVER,,MIDORI STONE,145256-0005,39,0,,IN STOCK,,,,,,,,,,,,
10/3/2023,628,,DAN & SHELLY MCKEEVER,,CANVAS TAUPE,5461-0000,7,4,,RECEIVED,,,,,,,,,,,,
10/3/2023,629,,JASON AYALA,,CANVAS WHITE,57003-0000,24,11,,IN STOCK,,,,,,,,,,,,
10/3/2023,629,,JASON AYALA,,CLOCK OUT FROND,,6,0,,RECEIVED,,,,,,,,,,,,
10/3/2023,629,,JASON AYALA,,CANVAS MACAW,5429-0000,3,0,,RECEIVED,,,,,,,,,,,,
10/3/2023,629,,JASON AYALA,,CANVAS PACIFIC BLUE,5401-0000,3,121,,IN STOCK,,,,,,,,,,,,
10/3/2023,LJ57,,BRANDY DEWHURST,,SPECTRUM CARBON,48085-0000,16,5,,IN STOCK,,,,,,,,,,,,
10/3/2023,LJ57,,BRANDY DEWHURST,,MASON FOREST GREEN,5630-0000,7,4,,RECEIVED,,,,,,,,,,,,
10/3/2023,LJ57,,BRANDY DEWHURST,,CANVAS WHITE,57003-0000,2,11,,IN STOCK,,,,,,,,,,,,
10/4/2023,630,,DEBBIE & MARK HUBBLE,,SPECTRUM SESAME,,24,0,,IN STOCK,,,,,,,,,,,,
10/4/2023,630,,DEBBIE & MARK HUBBLE,,BRANNON REDWOOD,5612-0000,4,3,,RECEIVED,,,,,,,,,,,,
10/4/2023,631,,SHEILA & GEORGE ELLIS,,CAST ASH,40428-0000,12,15,,IN STOCK,,,,,,,,,,,,
10/4/2023,631,,SHEILA & GEORGE ELLIS,,DETAIL LINEN,146003-0001,6,2.5,,IN STOCK,,,,,,,,,,,,
10/4/2023,632,,PATTI & HERB PAVEY,,BERENSON TUXEDO,8521-0000,1,65,,IN STOCK,,,,,,,,,,,,
10/4/2023,633,,JUNE LEWIS,,CANVAS FLAX,5492-0000,16,0,,IN STOCK,,,,,,,,,,,,
10/4/2023,633,,JUNE LEWIS,,COMFORT CLAY,16008-0002,5,135,,IN STOCK,,,,,,,,,,,,
10/12/2023,635,,MIKE BAINE,,CANVAS NAVY,5439-0000,23,8,,IN STOCK,,,,,,,,,,,,
10/12/2023,635,,MIKE BAINE,,FREQUENCY PARCHMENT,56093-0000,6,5,,IN STOCK,,,,,,,,,,,,
10/13/2023,637,,LOREE JOHNS,,SURROUND DUSK,,11,0,,RECEIVED,,,,,,UNITED FABRICS,,,,,,
10/13/2023,636,,JOHN HAYE,,SHORE LINEN,56054-0000,9,9,,IN STOCK,,,,,,,,,,,,
10/13/2023,636,,JOHN HAYE,,CANVAS WHITE,57003-0000,2,11,,IN STOCK,,,,,,,,,,,,
10/13/2023,637,,LOREE JOHNS,,ASTORIA LAGOON,56096-0000,41,0,,RECEIVED,,,,,,,,,,,,
10/13/2023,637,,LOREE JOHNS,,VOYAGE TAMALE,,38,0,,RECEIVED,,,,,,,,,,,,
10/13/2023,637,,LOREE JOHNS,,ADAPTATION STONE,69010-0002,26,4,,RECEIVED,,,,,,,,,,,,
10/13/2023,637,,LOREE JOHNS,,EQUAL GRAPHITE,,21,23,,IN STOCK,,,,,,,,,,,,
10/13/2023,637,,LOREE JOHNS,,RENEW EARTHEN,145843-0001,10,0,,RECEIVED,,,,,,,,,,,,
10/13/2023,637,,LOREE JOHNS,,MIDORI STONE,145256-0005,8,0,,IN STOCK,,,,,,,,,,,,
10/13/2023,637,,LOREE JOHNS,,SAIL AWAY JAVA,,8,0,,RECEIVED,,,,,,,,,,,,
10/13/2023,637,,LOREE JOHNS,,STANTON GREYSTONE,58002-0000,8,0,,RECEIVED,,,,,,,,,,,,
10/13/2023,637,,LOREE JOHNS,,PARADIGM STONE,,7,0,,RECEIVED,,,,,,,,,,,,
10/13/2023,637,,LOREE JOHNS,,TRUSTED COAST,,6,0,,RECEIVED,,,,,,,,,,,,
10/13/2023,637,,LOREE JOHNS,,RESONATE ATLANTIS,,4,0,,RECEIVED,,,,,,,,,,,,
10/13/2023,637,,LOREE JOHNS,,CANVAS RAVEN BLACK,,1,0,,IN STOCK,,,,,,,,,,,,
10/13/2023,637,,LOREE JOHNS,,CAST LAGOON,40456-0000,1,0,,IN STOCK,,,,,,,,,,,,
10/13/2023,637,,LOREE JOHNS,,CREATE GUAVA,,1,0,,RECEIVED,,,,,,,,,,,,
10/13/2023,637,,LOREE JOHNS,,DUPIONE DEEP SEA,8019-0000,1,2,,IN STOCK,,,,,,,,,,,,
10/13/2023,638,,DAN WELTON,,HERITAGE PAPYRUS,18006-0000,28,21,,IN STOCK,,,,,,,,,,,,
10/13/2023,638,,DAN WELTON,,DIVIDE OCEAN,,4,0,,IN STOCK,,,,,,,,,,,,
10/13/2023,638,,DAN WELTON,,SPECTRUM DENIM,48086-0000,2,0,,RECEIVED,,,,,,,,,,,,
10/19/2023,642,,CARI SWITZER,,POSH SKY,44157-0052,5,2,,RECEIVED,,,,,,TRIVANTAGE,,,,,,
10/19/2023,639,,ALBERT COMPITELLO,,SPECTRUM SAND,48019-0000,63,0,,RECEIVED,,,,,,,,,,,,
10/19/2023,639,,ALBERT COMPITELLO,,INTEGRATED PEWTER,69006-0007,27,0,,IN STOCK,,,,,,,,,,,,
10/19/2023,639,,ALBERT COMPITELLO,,CANVAS HEATHER BEIGE,5476-0000,21,47,,RECEIVED,,,,,,,,,,,,
10/19/2023,639,,ALBERT COMPITELLO,,BERENSON TUXEDO,8521-0000,7,65,,RECEIVED,,,,,,,,,,,,
10/19/2023,639,,ALBERT COMPITELLO,,CANVAS NATURAL,5404-0000,1,8,,IN STOCK,,,,,,,,,,,,
10/19/2023,639,,ALBERT COMPITELLO,,SPECTRUM CARBON,48085-0000,1,5,,IN STOCK,,,,,,,,,,,,
10/19/2023,640,,TIM SERRANO,,CANVAS WHITE,57003-0000,28,11,,IN STOCK,,,,,,,,,,,,
10/19/2023,641,,STACY HOLMES,,LINEN ANTIQUE BEIGE,,18,0,,IN STOCK,,,,,,,,,,,,
10/19/2023,641,,STACY HOLMES,,LINEN STONE,8319-0000,8,4,,RECEIVED,,,,,,,,,,,,
10/19/2023,641,,STACY HOLMES,,INTEGRATED PEWTER,69006-0007,7,0,,IN STOCK,,,,,,,,,,,,
10/19/2023,642,,CARI SWITZER,,LINEN ANTIQUE BEIGE,,51,0,,RECEIVED,,,,,,,,,,,,
10/19/2023,642,,CARI SWITZER,,ECHO DUNE,57007-0000,29,2,,RECEIVED,,,,,,,,,,,,
10/19/2023,643,,ASTRID CORRETJER,,CANVAS GLACIER,5428-0000,44,27,,IN STOCK,,,,,,,,,,,,
10/19/2023,643,,ASTRID CORRETJER,,DETAIL LINEN,146003-0001,32,2.5,,IN STOCK,,,,,,,,,,,,
10/19/2023,643,,ASTRID CORRETJER,,BLISS GUAVA,48135-0006,25,18,,IN STOCK,,,,,,,,,,,,
10/19/2023,643,,ASTRID CORRETJER,,CANVAS WHITE,57003-0000,10,11,,IN STOCK,,,,,,,,,,,,
10/23/2023,644,,SANDY SMITH,,CANVAS WHITE,57003-0000,23,11,,IN STOCK,,,,,,,,,,,,
10/23/2023,644,,SANDY SMITH,,SPECTRUM CARBON,48085-0000,22,5,,IN STOCK,,,,,,,,,,,,
10/23/2023,644,,SANDY SMITH,,CABANA CLASSIC,58030-0000,20,0,,IN STOCK,,,,,,,,,,,,
10/23/2023,645,,MADHURI KADIYALA,,EQUAL INK,56110-0001,19,0,,RECEIVED,,,,,,,,,,,,
10/23/2023,645,,MADHURI KADIYALA,,DETAIL NAVY,146003-0005,1,0,,IN STOCK,,,,,,,,,,,,
10/23/2023,648,,KYLE & LAURA RABE,,SAILCLOTH SEAGULL,32000-0023,12,22,,IN STOCK,,,,,,,,,,,,
10/23/2023,648,,KYLE & LAURA RABE,,BLEND MIST,,3,6,,RECEIVED,,,,,,,,,,,,
10/25/2023,650,,DANNY & KENNA DRYER,,SPECTRUM CARBON,48085-0000,68,5,,RECEIVED,,,,,,UNITED,,,,,,
10/25/2023,649,,SCOTT KOPOIAN,,MILANO COBALT,56080-0000,5,9,,IN STOCK,,,,,,,,,,,,
10/25/2023,649,,SCOTT KOPOIAN,,CANVAS NAVY,5439-0000,2,8,,IN STOCK,,,,,,,,,,,,
10/25/2023,650,,DANNY & KENNA DRYER,,CANVAS WHITE,57003-0000,19,11,,IN STOCK,,,,,,,,,,,,
10/25/2023,650,,DANNY & KENNA DRYER,,CABANA CLASSIC,58030-0000,17,0,,IN STOCK,,,,,,,,,,,,
10/25/2023,650,,DANNY & KENNA DRYER,,SHORE CLASSIC,58033-0000,4,3,,IN STOCK,,,,,,,,,,,,
10/25/2023,651,,APRIL YOUNG,,DETAIL LINEN,146003-0001,6,2.5,,IN STOCK,,,,,,,,,,,,
10/25/2023,651,,APRIL YOUNG,,CANVAS FERN,5487-0000,2,0,,RECEIVED,,,,,,,,,,,,
10/25/2023,651,,APRIL YOUNG,,CANVAS NATURAL,5404-0000,2,8,,IN STOCK,,,,,,,,,,,,
10/25/2023,651,,APRIL YOUNG,,CANVAS RAVEN BLACK,,2,0,,IN STOCK,,,,,,,,,,,,
10/25/2023,653,,KACIE & CARLO DIMARCO,,SPECTRUM CARBON,48085-0000,27,5,,RECEIVED,,,,,,,,,,,,
10/25/2023,653,,KACIE & CARLO DIMARCO,,LINEN STONE,8319-0000,26,4,,RECEIVED,,,,,,,,,,,,
10/25/2023,653,,KACIE & CARLO DIMARCO,,LINEN SILVER,8351-0000,14,18,,RECEIVED,,,,,,,,,,,,
10/25/2023,653,,KACIE & CARLO DIMARCO,,MIDORI STONE,145256-0005,7,0,,IN STOCK,,,,,,,,,,,,
10/26/2023,652,,JEFF WAGNER,,SPECTRUM CARBON,48085-0000,18,5,,RECEIVED,,,,,,UNITED,,,,,,
10/26/2023,LJ61,,DAWN & SCOTT MCCLURE,,SOLANA SEAGULL,32008-0000,55,4,,RECEIVED,,,,,,UNITED,,,,,,
10/26/2023,652,,JEFF WAGNER,,CANVAS WHITE,57003-0000,20,11,,IN STOCK,,,,,,,,,,,,
10/26/2023,LJ60,,BARBARA HOROWITZ,,CANVAS NAVY,5439-0000,16,8,,IN STOCK,,,,,,,,,,,,
10/26/2023,LJ60,,BARBARA HOROWITZ,,BLISS GUAVA,48135-0006,3,18,,IN STOCK,,,,,,,,,,,,
10/26/2023,LJ60,,BARBARA HOROWITZ,,INFUSED TWILIGHT,,3,0,,RECEIVED,,,,,,,,,,,,
10/26/2023,LJ61,,DAWN & SCOTT MCCLURE,,SAILCLOTH SEAGULL,32000-0023,45,22,,IN STOCK,,,,,,,,,,,,
10/26/2023,LJ61,,DAWN & SCOTT MCCLURE,,SAILCLOTH SALT,32000-0018,7,0,,RECEIVED,,,,,,,,,,,,
11/1/2023,,,STUART STRAUS,,STANDARD VINYL MESH,,35,0,,RECEIVED,,,,,,SAILRITE,,,,,,
11/1/2023,LJ62,,LA JOLLA SHOWROOM,,TROPICS JUNGLE,145214-0000,13,0,,RECEIVED,,,,,,TRIVANTAGE,,,,,,
11/1/2023,LJ62,,LA JOLLA SHOWROOM,,SOLANA SEAGULL,32008-0000,18,4,,RECEIVED,,,,,,UNITED,,,,,,
11/1/2023,658,,JOHN & DIANE MCKIERNAN,,DETAIL LINEN,146003-0001,6,2.5,,IN STOCK,,,,,,,,,,,,
11/1/2023,659,,BRIANNA PARETTE,,CANVAS NATURAL,5404-0000,4,8,,IN STOCK,,,,,,,,,,,,
11/1/2023,660,,ZACH PETERSON,,LINEN NATURAL,8304-0000,15,1,,RECEIVED,,,,,,,,,,,,
11/1/2023,660,,ZACH PETERSON,,DETAIL LINEN,146003-0001,11,2.5,,IN STOCK,,,,,,,,,,,,
11/1/2023,660,,ZACH PETERSON,,CANVAS PACIFIC BLUE,5401-0000,10,121,,IN STOCK,,,,,,,,,,,,
11/1/2023,660,,ZACH PETERSON,,MILANO COBALT,56080-0000,2,9,,IN STOCK,,,,,,,,,,,,
11/1/2023,661,,BRIAN & DEBBIE HENNESSY,,DETAIL LINEN,146003-0001,6,2.5,,IN STOCK,,,,,,,,,,,,
11/1/2023,661,,BRIAN & DEBBIE HENNESSY,,SPECTRUM INDIGO,48080-0000,2,2,,IN STOCK,,,,,,,,,,,,
11/1/2023,661,,BRIAN & DEBBIE HENNESSY,,CANVAS FLAX,5492-0000,1,0,,IN STOCK,,,,,,,,,,,,
11/1/2023,662,,21 INTERIORS FRITZ & LLOYD,,SAILCLOTH SEAGULL,32000-0023,6,22,,IN STOCK,,,,,,,,,,,,
11/1/2023,662,,21 INTERIORS FRITZ & LLOYD,,REMIX DENIM,48145-0006,2,0,,RECEIVED,,,,,,,,,,,,
11/1/2023,LJ62,,LA JOLLA SHOWROOM,,CANVAS WHITE,57003-0000,19,11,,IN STOCK,,,,,,,,,,,,
11/1/2023,LJ62,,LA JOLLA SHOWROOM,,CANVAS SAPPHIRE BLUE,5452-0000,16,2,,RECEIVED,,,,,,,,,,,,
11/1/2023,LJ62,,LA JOLLA SHOWROOM,,SAILCLOTH SEAGULL,32000-0023,15,22,,IN STOCK,,,,,,,,,,,,
11/1/2023,LJ62,,LA JOLLA SHOWROOM,,VOYAGE BREEZE,146206-0003,12,0,,RECEIVED,,,,,,,,,,,,
11/1/2023,LJ62,,LA JOLLA SHOWROOM,,CANVAS NAVY,5439-0000,11,8,,IN STOCK,,,,,,,,,,,,
11/1/2023,LJ62,,LA JOLLA SHOWROOM,,SHORE LINEN,56054-0000,11,9,,IN STOCK,,,,,,,,,,,,
11/1/2023,LJ62,,LA JOLLA SHOWROOM,,CALM LAUREL,145854-0002,9,126,,IN STOCK,,,,,,,,,,,,
11/1/2023,LJ62,,LA JOLLA SHOWROOM,,LUXE INDIGO,45690-0000,8,13,,IN STOCK,,,,,,,,,,,,
11/1/2023,LJ62,,LA JOLLA SHOWROOM,,CANVAS GINKGO,54011-0000,7,30,,IN STOCK,,,,,,,,,,,,
11/1/2023,LJ62,,LA JOLLA SHOWROOM,,DETAIL LINEN,146003-0001,7,2.5,,IN STOCK,,,,,,,,,,,,
11/1/2023,LJ62,,LA JOLLA SHOWROOM,,ESCAPE DENIM,146207-0001,6,0,,RECEIVED,,,,,,,,,,,,
11/1/2023,LJ62,,LA JOLLA SHOWROOM,,MIDORI STONE,145256-0005,6,0,,IN STOCK,,,,,,,,,,,,
11/1/2023,LJ62,,LA JOLLA SHOWROOM,,CABANA CLASSIC,58030-0000,4,0,,IN STOCK,,,,,,,,,,,,
11/1/2023,LJ62,,LA JOLLA SHOWROOM,,CANVAS MINERAL BLUE,5420-0000,4,0,,RECEIVED,,,,,,,,,,,,
11/1/2023,LJ62,,LA JOLLA SHOWROOM,,EQUAL GRAPHITE,,3,23,,IN STOCK,,,,,,,,,,,,
11/1/2023,LJ62,,LA JOLLA SHOWROOM,,CANVAS ARUBA,,2,0,,IN STOCK,,,,,,,,,,,,
11/1/2023,LJ62,,LA JOLLA SHOWROOM,,CANVAS BUTTERCUP,5438-0000,2,0,,IN STOCK,,,,,,,,,,,,
11/1/2023,LJ62,,LA JOLLA SHOWROOM,,CANVAS CHARCOAL,54048-0000,2,3,,IN STOCK,,,,,,,,,,,,
11/1/2023,LJ62,,LA JOLLA SHOWROOM,,CANVAS FLAX,5492-0000,2,0,,IN STOCK,,,,,,,,,,,,
11/1/2023,LJ62,,LA JOLLA SHOWROOM,,CANVAS FOREST GREEN,5446-0000,2,31,,IN STOCK,,,,,,,,,,,,
11/1/2023,LJ62,,LA JOLLA SHOWROOM,,DOLCE MANGO,56000-0000,2,100,,IN STOCK,,,,,,,,,,,,
11/1/2023,LJ62,,LA JOLLA SHOWROOM,,FREQUENCY PARCHMENT,56093-0000,2,5,,IN STOCK,,,,,,,,,,,,
11/1/2023,LJ62,,LA JOLLA SHOWROOM,,CANVAS HOT PINK,5462-0000,1,37,,RECEIVED,,,,,,,,,,,,
11/1/2023,LJ62,,LA JOLLA SHOWROOM,,CANVAS NATURAL,5404-0000,1,8,,IN STOCK,,,,,,,,,,,,
11/1/2023,LJ62,,LA JOLLA SHOWROOM,,SHORE CLASSIC,58033-0000,1,3,,IN STOCK,,,,,,,,,,,,
11/1/2023,LJ62,,LA JOLLA SHOWROOM,,VIOLETTA BALTIC,45760-0002,1,0,,IN STOCK,,,,,,,,,,,,
11/2/2023,477,,DERIN,,SPECTRUM COFFEE,,13,0,,RECEIVED,,,,,,OFC,,,,,,
11/2/2023,477,,DERIN,,CANVAS SUNFLOWER YELLOW,5457-0000,18,5,,IN STOCK,,,,,,,,,,,,
11/2/2023,477,,DERIN,,CANVAS CHARCOAL,54048-0000,3,3,,IN STOCK,,,,,,,,,,,,
11/2/2023,477,,DERIN,,CANVAS RUST,,3,1,,RECEIVED,,,,,,,,,,,,
11/2/2023,477,,DERIN,,CANVAS TRUE BLUE,,3,2,,RECEIVED,,,,,,,,,,,,
11/7/2023,664,,ELIZABETH LINOS,,SPECTRUM CARBON,48085-0000,28,5,,RECEIVED,,,,,,GLEN RAVEN,,,,,,
11/7/2023,663,,JANET BROOKS DESIGN,,SAILCLOTH SEAGULL,32000-0023,19,22,,RECEIVED,,,,,,,,,,,,
11/7/2023,663,,JANET BROOKS DESIGN,,CANVAS NAVY,5439-0000,14,8,,IN STOCK,,,,,,,,,,,,
11/7/2023,663,,JANET BROOKS DESIGN,,MIDORI INDIGO,145256-0001,12,0,,IN STOCK,,,,,,,,,,,,
11/7/2023,664,,ELIZABETH LINOS,,MIDORI STONE,145256-0005,14,0,,IN STOCK,,,,,,,,,,,,
11/7/2023,664,,ELIZABETH LINOS,,CANVAS WHITE,57003-0000,2,11,,IN STOCK,,,,,,,,,,,,
11/7/2023,665,,LISA MANSUETO,,CANVAS BURGUNDY,,2,0,,RECEIVED,,,,,,,,,,,,
11/7/2023,666,,JENNIFER SENTNA,,SAILCLOTH SEAGULL,32000-0023,28,22,,RECEIVED,,,,,,,,,,,,
11/7/2023,666,,JENNIFER SENTNA,,SPECTRUM CARBON,48085-0000,4,5,,RECEIVED,,,,,,,,,,,,
11/7/2023,666,,JENNIFER SENTNA,,EQUAL GRAPHITE,,1,23,,IN STOCK,,,,,,,,,,,,
11/7/2023,667,,KIM & CHUCK JAMES,,DETAIL NAVY,146003-0005,17,0,,RECEIVED,,,,,,,,,,,,
11/7/2023,667,,KIM & CHUCK JAMES,,SPECTRUM INDIGO,48080-0000,7,2,,IN STOCK,,,,,,,,,,,,
11/9/2023,668,,LIDIA ZBURLE,,SPECTRUM CARBON,48085-0000,29,5,,IN STOCK,,,,,,,,,,,,
11/9/2023,668,,LIDIA ZBURLE,,CALM LAUREL,145854-0002,11,126,,IN STOCK,,,,,,,,,,,,
11/9/2023,668,,LIDIA ZBURLE,,CABANA CLASSIC,58030-0000,3,0,,IN STOCK,,,,,,,,,,,,
11/9/2023,669,,PETER VANDER STOEP,,CANVAS GLACIER,5428-0000,15,27,,IN STOCK,,,,,,,,,,,,
11/9/2023,669,,PETER VANDER STOEP,,FREQUENCY PARCHMENT,56093-0000,2,5,,IN STOCK,,,,,,,,,,,,
11/15/2023,672,,MARY PAT,,CANVAS HEATHER BEIGE,5476-0000,11,47,,RECEIVED,,,,,,,,,,,,
11/17/2023,674,,CAROL LAUB,,SPECTRUM CARBON,48085-0000,37,5,,IN STOCK,,,,,,,,,,,,
11/17/2023,674,,CAROL LAUB,,CANVAS SKYLINE,14091-0000,15,68,,IN STOCK,,,,,,,,,,,,
11/17/2023,674,,CAROL LAUB,,FREQUENCY PARCHMENT,56093-0000,14,5,,IN STOCK,,,,,,,,,,,,
11/17/2023,674,,CAROL LAUB,,ADAPTATION INDIGO,69010-0004,6,4,,IN STOCK,,,,,,,,,,,,
11/17/2023,674,,CAROL LAUB,,CABANA CLASSIC,58030-0000,5,0,,IN STOCK,,,,,,,,,,,,
11/17/2023,674,,CAROL LAUB,,CANVAS NAVY,5439-0000,3,8,,IN STOCK,,,,,,,,,,,,
11/17/2023,675,,MAUREEN KATS,,CANVAS WHITE,57003-0000,20,11,,IN STOCK,,,,,,,,,,,,
11/17/2023,675,,MAUREEN KATS,,DETAIL LINEN,146003-0001,9,2.5,,IN STOCK,,,,,,,,,,,,
11/17/2023,675,,MAUREEN KATS,,CANVAS CAMEL,54568-0000,3,0,,IN STOCK,,,,,,,,,,,,
11/17/2023,676,,GENIE & BOB DAMON,,GATEWAY COAST,14087-0000,22,2,,RECEIVED,,,,,,,,,,,,
11/17/2023,676,,GENIE & BOB DAMON,,CANVAS SPPHIRE BLUE,,19,0,,RECEIVED,,,,,,,,,,,,
11/17/2023,676,,GENIE & BOB DAMON,,CANVAS SKYLINE,14091-0000,4,68,,IN STOCK,,,,,,,,,,,,
11/17/2023,LJ63,,JON WAALKES,,DETAIL LINEN,146003-0001,27,2.5,,IN STOCK,,,,,,,,,,,,
11/17/2023,LJ63,,JON WAALKES,,ACTION LINEN,44285-0000,2,0,,IN STOCK,,,,,,,,,,,,
11/17/2023,LJ63,,JON WAALKES,,CANVAS HEATHER BEIGE,5476-0000,2,47,,IN STOCK,,,,,,,,,,,,
11/21/2023,681,,SUNDOWN PROJECT,,SAILCLOTH SALT,32000-0018,98,0,,RECEIVED,,,,,,,,,,,,
11/21/2023,681,,SUNDOWN PROJECT,,CABANA CLASSIC,58030-0000,4,0,,IN STOCK,,,,,,,,,,,,
11/21/2023,681,,SUNDOWN PROJECT,,SHORE CLASSIC,58033-0000,3,3,,IN STOCK,,,,,,,,,,,,
11/21/2023,681,,SUNDOWN PROJECT,,CANVAS RAVEN BLACK,,2,0,,IN STOCK,,,,,,,,,,,,
11/22/2023,682,,SYLVIA BECKER,,LINEN STONE,8319-0000,20,4,,RECEIVED,,,,,,,,,,,,
11/22/2023,682,,SYLVIA BECKER,,INTEGRATED PEWTER,69006-0007,7,0,,IN STOCK,,,,,,,,,,,,
11/25/2023,685,,KIM LIMBER,,CANVAS WHITE,57003-0000,36,11,,IN STOCK,,,,,,,,,,,,
11/25/2023,685,,KIM LIMBER,,CABANA CLASSIC,58030-0000,3,0,,IN STOCK,,,,,,,,,,,,
11/25/2023,685,,KIM LIMBER,,CANVAS RAVEN BLACK,,3,0,,IN STOCK,,,,,,,,,,,,
11/27/2023,687,,RAJIV AGGARWAL,,SPECTRUM CARBON,48085-0000,6,5,,IN STOCK,,,,,,,,,,,,
11/27/2023,687,,RAJIV AGGARWAL,,CANVAS NATURAL,5404-0000,3,8,,IN STOCK,,,,,,,,,,,,
11/28/2023,LJ64,,JANICE BERGMAN,,CANVAS WHITE,57003-0000,21,11,,RECEIVED,,,,,,,,,,,,
11/28/2023,LJ64,,JANICE BERGMAN,,DUPIONE CELESTE,8067-0000,7,6,,RECEIVED,,,,,,,,,,,,
11/28/2023,LJ64,,JANICE BERGMAN,,HYBRID SKY,,7,0,,IN STOCK,,,,,,,,,,,,
11/29/2023,690,,RALPH KROCHMAL,,ECHO SANGRIA,,32,3,,RECEIVED,,,,,,,,,,,,
11/29/2023,690,,RALPH KROCHMAL,,CANVAS CAMEL,54568-0000,8,0,,IN STOCK,,,,,,,,,,,,
11/29/2023,690,,RALPH KROCHMAL,,DETAIL LINEN,146003-0001,8,2.5,,RECEIVED,,,,,,,,,,,,
11/30/2023,692,,AMANDA & STEPHEN HOUGHTON,,SOLANA SEAGULL,32008-0000,34,4,,RECEIVED,,,,,,,,,,,,
11/30/2023,692,,AMANDA & STEPHEN HOUGHTON,,CANVAS WHITE,57003-0000,31,11,,RECEIVED,,,,,,,,,,,,
11/30/2023,692,,AMANDA & STEPHEN HOUGHTON,,DUPIONE CELESTE,8067-0000,7,6,,RECEIVED,,,,,,,,,,,,
11/30/2023,692,,AMANDA & STEPHEN HOUGHTON,,DETAIL LINEN,146003-0001,4,2.5,,RECEIVED,,,,,,,,,,,,
12/1/2023,693,,CARSON HECK,,CANVAS HEATHER BEIGE,5476-0000,28,47,,RECEIVED,,,,,,,,,,,,
12/1/2023,693,,CARSON HECK,,REGENCY SAND,5695-0000,20,6,,RECEIVED,,,,,,,,,,,,
12/1/2023,693,,CARSON HECK,,GAVIN MIST,56052-0000,19,15,,RECEIVED,,,,,,,,,,,,
12/1/2023,693,,CARSON HECK,,CANVAS RUST,,10,1,,RECEIVED,,,,,,,,,,,,
12/1/2023,693,,CARSON HECK,,CANVAS BURGUNDY,,7,0,,RECEIVED,,,,,,,,,,,,
12/1/2023,693,,CARSON HECK,,MIDORI STONE,145256-0005,5,0,,IN STOCK,,,,,,,,,,,,
12/1/2023,693,,CARSON HECK,,FREQUENCY PARCHMENT,56093-0000,2,5,,IN STOCK,,,,,,,,,,,,
12/1/2023,694,,ROB EVANS,,CANVAS RAVEN BLACK,,53,0,,IN STOCK,,,,,,,,,,,,
12/1/2023,694,,ROB EVANS,,CANVAS WHITE,57003-0000,44,11,,IN STOCK,,,,,,,,,,,,
12/1/2023,694,,ROB EVANS,,SHORE CLASSIC,58033-0000,26,3,,RECEIVED,,,,,,,,,,,,
12/1/2023,694,,ROB EVANS,,CANVAS GINKGO,54011-0000,5,30,,IN STOCK,,,,,,,,,,,,
12/4/2023,696,,JIM & BETH KROEGER,,CANVAS NATURAL,5404-0000,6,8,,IN STOCK,,,,,,,,,,,,
12/6/2023,697,,GREG KRUGER,,CANVAS NAVY,5439-0000,28,8,,IN STOCK,,,,,,,,,,,,
12/6/2023,697,,GREG KRUGER,,ADAPTATION INDIGO,69010-0004,14,4,,IN STOCK,,,,,,,,,,,,
12/6/2023,697,,GREG KRUGER,,LIDO INDIGO,57004-0000,3,8,,IN STOCK,,,,,,,,,,,,
12/6/2023,697,,GREG KRUGER,,CANVAS WHITE,57003-0000,2,11,,RECEIVED,,,,,,,,,,,,
12/6/2023,698,,DEANNE SPRENGER,,CANVAS HENNA,5407-0000,,28,,RECEIVED,,,,,,,,,,,,
12/6/2023,699,,YVONNE JONES,,CANVAS RAVEN BLACK,,5,0,,IN STOCK,,,,,,,,,,,,
12/6/2023,699,,YVONNE JONES,,CANVAS WHITE,57003-0000,2,11,,RECEIVED,,,,,,,,,,,,
12/6/2023,699,,YVONNE JONES,,CABANA CLASSIC,58030-0000,1,0,,IN STOCK,,,,,,,,,,,,
12/6/2023,700,,LINDSEY LEE,,CABANA CLASSIC,58030-0000,5,0,,IN STOCK,,,,,,,,,,,,
12/6/2023,700,,LINDSEY LEE,,CANVAS RAVEN BLACK,,4,0,,IN STOCK,,,,,,,,,,,,
12/6/2023,700,,LINDSEY LEE,,CANVAS WHITE,57003-0000,3,11,,RECEIVED,,,,,,,,,,,,
12/6/2023,701,,MELISSA CUNNINGHAM,,CANVAS NAVY,5439-0000,22,8,,IN STOCK,,,,,,,,,,,,
12/6/2023,701,,MELISSA CUNNINGHAM,,MILANO COBALT,56080-0000,4,9,,IN STOCK,,,,,,,,,,,,
12/6/2023,701,,MELISSA CUNNINGHAM,,CANVAS PACIFIC BLUE,5401-0000,2,121,,IN STOCK,,,,,,,,,,,,
12/6/2023,701,,MELISSA CUNNINGHAM,,CANVAS SKYLINE,14091-0000,1,68,,IN STOCK,,,,,,,,,,,,
12/8/2023,695,,JULIE TILLEY,,DETAIL CLASSIC,146003-0002,27,15,,RECEIVED,,,,,,,,,,,,
12/8/2023,695,,JULIE TILLEY,,SAIL AWAY JAVA,,7,0,,RECEIVED,,,,,,,,,,,,
12/8/2023,695,,JULIE TILLEY,,ECHO MIDNIGHT,8076-0000,2,0,,RECEIVED,,,,,,,,,,,,
12/8/2023,695,,JULIE TILLEY,,SPECTRUM CAYENNE,48026-0000,2,0,,RECEIVED,,,,,,,,,,,,
12/11/2023,703,,THE VITRI APARTMENTS,,CANVAS WHITE,57003-0000,26,11,,RECEIVED,,,,,,,,,,,,
12/11/2023,703,,THE VITRI APARTMENTS,,DETAIL LINEN,146003-0001,10,2.5,,RECEIVED,,,,,,,,,,,,
12/11/2023,703,,THE VITRI APARTMENTS,,CANVAS SKYLINE,14091-0000,7,68,,IN STOCK,,,,,,,,,,,,
12/14/2023,704,,PETRA & DANIEL EHRHARDT,,FRETWORK MIST,45991-0000,27,0,,RECEIVED,,,,,,,,,,,,
12/14/2023,704,,PETRA & DANIEL EHRHARDT,,CANVAS FLAX,5492-0000,18,0,,IN STOCK,,,,,,,,,,,,
12/14/2023,704,,PETRA & DANIEL EHRHARDT,,SPECTRUM MIST,,4,0,,IN STOCK,,,,,,,,,,,,
12/21/2023,711,,REY PUENTE,,DETAIL LINEN,146003-0001,5,2.5,,RECEIVED,,,,,,,,,,,,
12/21/2023,711,,REY PUENTE,,CANVAS NATURAL,5404-0000,2,8,,IN STOCK,,,,,,,,,,,,
12/21/2023,711,,REY PUENTE,,CANVAS CAMEL,54568-0000,1,0,,IN STOCK,,,,,,,,,,,,
12/27/2023,713,,ERIC & NORMA JEAN LAROCK,,HERITAGE ASHE,18001-0000,6,0,,RECEIVED,,,,,,,,,,,,
12/27/2023,713,,ERIC & NORMA JEAN LAROCK,,DUPIONE CELESTE,8067-0000,5,6,,IN STOCK,,,,,,,,,,,,
12/29/2023,715,,CHINTAN JHAVERI,,CANVAS FLAX,5492-0000,20,0,,IN STOCK,,,,,,,,,,,,
12/29/2023,715,,CHINTAN JHAVERI,,LINEN STONE,8319-0000,17,4,,RECEIVED,,,,,,,,,,,,
12/29/2023,715,,CHINTAN JHAVERI,,INTEGRATED PEWTER,69006-0007,10,0,,IN STOCK,,,,,,,,,,,,
12/29/2023,715,,CHINTAN JHAVERI,,LINEN CANVAS,8353-0000,8,5,,IN STOCK,,,,,,,,,,,,
12/29/2023,715,,CHINTAN JHAVERI,,PERCEPTION TREETOP,,5,0,,IN STOCK,,,,,,,,,,,,
1/2/2024,722,,MARLENE GRADY,,LINEN STONE,8319-0000,26,4,,RECEIVED,,,,,,,,,,,,
1/2/2024,722,,MARLENE GRADY,,CANVAS GINKGO,54011-0000,15,30,,IN STOCK,,,,,,,,,,,,
1/2/2024,722,,MARLENE GRADY,,CANVAS NAVY,5439-0000,14,8,,IN STOCK,,,,,,,,,,,,
1/2/2024,722,,MARLENE GRADY,,LINEN CANVAS,8353-0000,9,5,,IN STOCK,,,,,,,,,,,,
1/2/2024,722,,MARLENE GRADY,,STANTON LAGOON,58001-0000,6,0,,IN STOCK,,,,,,,,,,,,
1/2/2024,722,,MARLENE GRADY,,SPECTRUM PEACOCK,,5,0,,IN STOCK,,,,,,,,,,,,
1/2/2024,722,,MARLENE GRADY,,VIOLETTA BALTIC,45760-0002,4,0,,IN STOCK,,,,,,,,,,,,
1/4/2024,716,,SAM SALAY,,CANVAS NAVY,5439-0000,62.5,8,-54.5,RECEIVED,,,NEED 52...RECIBIMOS=42,4/25/2024,4/26,KEYSTONE,$18.03,,,,,
1/4/2024,716,,SAM SALAY,,SPECTRUM CARBON,48085-0000,32,5,-27,RECEIVED,,,NEED 29,4/25/2024,4/26,KEYSTONE,$16.23,,,,,
1/4/2024,716,,SAM SALAY,,RELATE HARBOR,,18,2,-16,RECEIVED,,,NEED 15,4/25/2024,4/26,KEYSTONE,$19.35,,,,,
1/4/2024,716,,SAM SALAY,,MOMENTO SNOW,42105-0001,10,0,-10,RECEIVED,,,NEED 6,4/25/2024,4/26,KEYSTONE,$37.08,,,,,
1/4/2024,716,,SAM SALAY,,NURTURE PEBBLE,42102-0002,9,4,-5,RECEIVED,,,NEED 9,4/25/2024,4/26,KEYSTONE,$31.67,,,,,
1/4/2024,716,,SAM SALAY,,CANVAS SKYLINE,14091-0000,33,68,35,IN STOCK,,,CALCULATE IN MAY,,,,,,,,,
1/4/2024,716,,SAM SALAY,,PEYTON GRANITE,56075-0000,3,0,-3,IN STOCK,,,CALCULATE IN MAY,,,,,,,,,
1/5/2024,717,,CATHY & CHARLIE KONEN,,CANVAS FLAX,5492-0000,10,0,,IN STOCK,,,,,,,,,,,,
1/5/2024,717,,CATHY & CHARLIE KONEN,,CANVAS HENNA,5407-0000,1,28,,IN STOCK,,,,,,,,,,,,
1/5/2024,718,,MELANIE & CHAD KAMAUS,,SPECTRUM CARBON,48085-0000,9,5,,RECEIVED,,,,,,,,,,,,
1/5/2024,718,,MELANIE & CHAD KAMAUS,,CANVAS FLAX,5492-0000,5,0,,IN STOCK,,,,,,,,,,,,
1/5/2024,718,,MELANIE & CHAD KAMAUS,,CALM LAUREL,145854-0002,1,126,,IN STOCK,,,,,,,,,,,,
1/5/2024,719,,PATTI & MIKE KLAYKO,,SPECTRUM  CARBON,,21,0,,RECEIVED,,,,,,,,,,,,
1/5/2024,719,,PATTI & MIKE KLAYKO,,INTEGRATED PEWTER,69006-0007,18,0,,IN STOCK,,,,,,,,,,,,
1/9/2024,720,,MOUNTAIN SHADOWS,,CANVAS NAVY,5439-0000,20,8,,IN STOCK,,,,,,,,,,,,
1/9/2024,720,,MOUNTAIN SHADOWS,,CANVAS WHITE,57003-0000,5,11,,IN STOCK,,,,,,,,,,,,
1/13/2024,723,,SHARI PALMATEER,,CANVAS SKYLINE,14091-0000,19,68,,IN STOCK,,,,,,,,,,,,
1/13/2024,723,,SHARI PALMATEER,,ESCAPE DENIM,146207-0001,9,0,,RECEIVED,,,,,,,,,,,,
1/13/2024,723,,SHARI PALMATEER,,NURTURE PEBBLE,42102-0002,7,4,,IN STOCK,,,,,,,,,,,,
1/13/2024,723,,SHARI PALMATEER,,SENSIBILITY II HARBOR,,7,0,,RECEIVED,,,,,,,,,,,,
1/13/2024,723,,SHARI PALMATEER,,CANVAS SAPPHIRE BLUE,5452-0000,2,2,,RECEIVED,,,,,,,,,,,,
1/17/2024,725,,CAESARS REPUBLIC,,PLATFORM INDIGO,42091-0003,187.5,0,,RECEIVED,,,,,,UNITED,,,,,,
1/17/2024,725,,CAESARS REPUBLIC,,CANVAS COAL,5489-0000,67,3,,RECEIVED,,,,,,,,,,,,
1/17/2024,725,,CAESARS REPUBLIC,,BLISS GUAVA,48135-0006,42,18,,IN STOCK,,,,,,,,,,,,
1/17/2024,725,,CAESARS REPUBLIC,,CANVAS FLAX,5492-0000,31,0,,IN STOCK,,,,,,,,,,,,
1/17/2024,725,,CAESARS REPUBLIC,,ARRAY CARRIBEAN,,20,0,,RECEIVED,,,,,,,,,,,,
1/17/2024,725,,CAESARS REPUBLIC,,SAILCLOTH SAILOR,32000-0026,18,0,,RECEIVED,,,,,,,,,,,,
1/17/2024,725,,CAESARS REPUBLIC,,LIDO INDIGO,57004-0000,11,8,,IN STOCK,,,,,,,,,,,,
1/17/2024,725,,CAESARS REPUBLIC,,SHORE LINEN,56054-0000,2,9,,IN STOCK,,,,,,,,,,,,
1/17/2024,726,,STEPHANIE GOFF,,SPECTRUM CARBON,48085-0000,41,5,,RECEIVED,,,,,,,,,,,,
1/17/2024,726,,STEPHANIE GOFF,,LINEN CANVAS,8353-0000,21,5,,IN STOCK,,,,,,,,,,,,
1/17/2024,726,,STEPHANIE GOFF,,BERENSON TUXEDO,8521-0000,20,65,,RECEIVED,,,,,,,,,,,,
1/17/2024,726,,STEPHANIE GOFF,,EMBRACE LINEN,145849-0002,4,2,,RECEIVED,,,,,,,,,,,,
1/18/2024,727,,JENNIFER PATTERSON,,SPECTRUM INDIGO,48080-0000,3,2,,IN STOCK,,,,,,,,,,,,
1/18/2024,LJ65,,IAN HAPP,,SAILCLOTH SEAGULL,32000-0023,9,22,,IN STOCK,,,,,,,,,,,,
1/18/2024,LJ65,,IAN HAPP,,EQUAL GRAPHITE,,2,23,,IN STOCK,,,,,,,,,,,,
1/22/2024,729,,LORI MCDONALD,,DETAIL CLASSIC,146003-0002,15,15,,RECEIVED,,,,,,,,,,,,
1/22/2024,729,,LORI MCDONALD,,CANVAS RAVEN BLACK,,13,0,,IN STOCK,,,,,,,,,,,,
1/22/2024,729,,LORI MCDONALD,,LINEN SILVER,8351-0000,10,18,,RECEIVED,,,,,,,,,,,,
1/22/2024,729,,LORI MCDONALD,,CANVAS WHITE,57003-0000,9,11,,IN STOCK,,,,,,,,,,,,
1/22/2024,729,,LORI MCDONALD,,SPECTRUM INDIGO,48080-0000,9,2,,IN STOCK,,,,,,,,,,,,
1/24/2024,731,,TODD BRUGGER,,LINEN SILVER,8351-0000,53,18,,RECEIVED,,,,,,,,,,,,
1/24/2024,731,,TODD BRUGGER,,DETAIL CLASSIC,146003-0002,17,15,,RECEIVED,,,,,,,,,,,,
1/24/2024,731,,TODD BRUGGER,,CANVAS RAVEN BLACK,,12,0,,IN STOCK,,,,,,,,,,,,
1/25/2024,732,,ASTRID CORRETJER,,BLISS GUAVA,48135-0006,3,18,,IN STOCK,,,,,,,,,,,,
1/25/2024,732,,ASTRID CORRETJER,,CANVAS GLACIER,5428-0000,2,27,,IN STOCK,,,,,,,,,,,,
1/25/2024,732,,ASTRID CORRETJER,,DETAIL LINEN,146003-0001,2,2.5,,IN STOCK,,,,,,,,,,,,
1/25/2024,733,,SUSAN & GORDON BELL,,CANVAS COCOA,5425-0000,5,4,,RECEIVED,,,,,,,,,,,,
1/25/2024,733,,SUSAN & GORDON BELL,,CULTIVATE STONE,56107-0000,1,2,,IN STOCK,,,,,,,,,,,,
1/29/2024,736,,JASON MITCHEL,,CANVAS GRANITE,5402-0000,95,0,,RECEIVED,,,,,,UNITED,,,,,,
1/29/2024,735,,CLUB SCOTTSDALE,,CANVAS NAVY,5439-0000,39,8,,IN STOCK,,,,,,,,,,,,
1/29/2024,735,,CLUB SCOTTSDALE,,MILANO COBALT,56080-0000,17,9,,IN STOCK,,,,,,,,,,,,
1/29/2024,736,,JASON MITCHEL,,EQUAL GRAPHITE,,8,23,,IN STOCK,,,,,,,,,,,,
1/29/2024,736,,JASON MITCHEL,,SPECTRUM CARBON,48085-0000,3,5,,IN STOCK,,,,,,,,,,,,
1/30/2024,738,,MILLER RESIDENCE,,ECHO DUNE,57007-0000,4,2,,RECEIVED,,,CALCULATE IN MAY,,, ,,,,,,
1/30/2024,738,,MILLER RESIDENCE,,INTEGRATED STEEL,69006-0008,19,0,-19,RECEIVED,,,NEED 9YDS TO COMPLETE,4/24/2024,4/26,KEYSTONE,$42.60,,,,,
1/30/2024,738,,MILLER RESIDENCE,,MODEL SAND,,17,0,,RECEIVED,,,NEED 13 TO COMPLETE,4/22/2024,4/23,KEYSTONE,$23.47,,,,,
1/30/2024,737,,MICHELLE BRADLEY,,REGENCY SAND,5695-0000,9,6,,RECEIVED,,,,,,,,,,,,
1/30/2024,737,,MICHELLE BRADLEY,,CANVAS HEATHER BEIGE,5476-0000,7,47,,RECEIVED,,,,,,,,,,,,
1/30/2024,737,,MICHELLE BRADLEY,,CANVAS RAVEN BLACK,,2,0,,IN STOCK,,,,,,,,,,,,
2/2/2024,740,,PERKINS COI LLP,,LINEN SESAME,8318-0000,25,2,,RECEIVED,,,,,,,,,,,,
2/2/2024,740,,PERKINS COI LLP,,CANVAS HEATHER BEIGE,5476-0000,16,47,,RECEIVED,,,,,,,,,,,,
2/2/2024,740,,PERKINS COI LLP,,DUPIONE SAND,,15,2,,RECEIVED,,,,,,,,,,,,
2/2/2024,740,,PERKINS COI LLP,,HERITAGE RUST,18021-0000,10,1,,RECEIVED,,,,,,,,,,,,
2/2/2024,740,,PERKINS COI LLP,,CANVAS FERN,5487-0000,5,0,,RECEIVED,,,,,,,,,,,,
2/2/2024,740,,PERKINS COI LLP,,INTEGRATED PEWTER,69006-0007,3,0,,IN STOCK,,,,,,,,,,,,
2/5/2024,741,,CONNOR & ALEENA ORBAN,,CANVAS WHITE,57003-0000,56,11,,RECEIVED,,,,,,UNITED,,,,,,
2/5/2024,741,,CONNOR & ALEENA ORBAN,,CANVAS RAVEN BLACK,,18,0,,IN STOCK,,,,,,,,,,,,
2/5/2024,741,,CONNOR & ALEENA ORBAN,,MIDORI STONE,145256-0005,17,0,,IN STOCK,,,,,,,,,,,,
2/5/2024,741,,CONNOR & ALEENA ORBAN,,CANVAS TRUE BLUE,,2,2,,RECEIVED,,,,,,,,,,,,
2/8/2024,744,,RICK KARIOTOGLOU,,ACTION LINEN,44285-0000,46,0,,RECEIVED,,,,,,UNITED,,,,,,
2/12/2024,746,,JUSTIN LANE,,CAST LAGOON,40456-0000,17,0,,RECEIVED,,,,,,,,,,,,
2/12/2024,746,,JUSTIN LANE,,SPECTRUM EGGSHELL,48018-0000,2,4,,IN STOCK,,,,,,,,,,,,
2/13/2024,747,,SCOTTSDALE SHOWROOM,,CANVAS WHITE,57003-0000,23,11,,RECEIVED,,,,,,UNITED,,,,,,
2/13/2024,747,,SCOTTSDALE SHOWROOM,,SOLANA SEAGULL,32008-0000,8,4,,IN STOCK,,,,,,,,,,,,
2/13/2024,747,,SCOTTSDALE SHOWROOM,,CANVAS CHARCOAL,54048-0000,3,3,,IN STOCK,,,,,,,,,,,,
2/13/2024,747,,SCOTTSDALE SHOWROOM,,CANVAS FLAX,5492-0000,1,0,,IN STOCK,,,,,,,,,,,,
2/13/2024,747,,SCOTTSDALE SHOWROOM,,SHADOW SAND,51000-0001,1,0,,IN STOCK,,,,,,,,,,,,
2/13/2024,747,,SCOTTSDALE SHOWROOM,,SPECTRUM CILANTRO,48022-0000,1,1,,IN STOCK,,,,,,,,,,,,
2/16/2024,749,,KARYN GERBER,,SPECTRUM DENIM,48086-0000,10,0,,RECEIVED,,,,,,,,,,,,
2/16/2024,749,,KARYN GERBER,,DEUPIONE CELESTE,,2,0,,IN STOCK,,,,,,,,,,,,
2/16/2024,750,,DAN MAYER,,CANVAS NAVY,5439-0000,13,8,,IN STOCK,,,,,,,,,,,,
2/16/2024,750,,DAN MAYER,,CANVAS WHITE,57003-0000,13,11,,RECEIVED,,,,,,,,,,,,
2/16/2024,750,,DAN MAYER,,LIDO INDIGO,57004-0000,5,8,,IN STOCK,,,,,,,,,,,,
2/16/2024,751,,CONNIE CAPPADONA,,STANTON LAGOON,58001-0000,31,0,,IN STOCK,,,,,,,,,,,,
2/16/2024,751,,CONNIE CAPPADONA,,CANVAS NAVY,5439-0000,26,8,,IN STOCK,,,,,,,,,,,,
2/16/2024,751,,CONNIE CAPPADONA,,CANVAS GINKGO,54011-0000,3,30,,IN STOCK,,,,,,,,,,,,
2/20/2024,753,,JASON NEIMAN,,CANVAS CYAN,56105-0000,21,0,,RECEIVED,,,,,,UNITED,,,,,,
2/20/2024,752,,KIMBERLY MARTINS,,CANVAS RAVEN BLACK,,15,0,,IN STOCK,,,,,,,,,,,,
2/20/2024,752,,KIMBERLY MARTINS,,SHORE CLASSIC,58033-0000,3,3,,IN STOCK,,,,,,,,,,,,
2/20/2024,753,,JASON NEIMAN,,CANVAS ARUBA,,10,0,,RECEIVED,,,,,,,,,,,,
2/20/2024,753,,JASON NEIMAN,,DOLCE OASIS,56001-0000,2,0,,RECEIVED,,,,,,,,,,,,
2/20/2024,753,,JASON NEIMAN,,SEVILLE SEASIDE,5608-0000,2,4,,RECEIVED,,,,,,,,,,,,
2/20/2024,753,,JASON NEIMAN,,CANVAS GINKGO,54011-0000,1,30,,IN STOCK,,,,,,,,,,,,
2/21/2024,754,,JANE & HOWARD MISHKIND,,CANVAS TEAK,5488-0000,20,3,,RECEIVED,,,,,,,,,,,,
2/21/2024,754,,JANE & HOWARD MISHKIND,,ASTORIA LAGOON,56096-0000,3,0,,RECEIVED,,,,,,,,,,,,
2/21/2024,754,,JANE & HOWARD MISHKIND,,CANVAS GINKGO,54011-0000,1,30,,IN STOCK,,,,,,,,,,,,
2/22/2024,755,,STEWART HILLMAN,,LINEN STONE,8319-0000,5,4,,IN STOCK,,,,,,,,,,,,
2/22/2024,756,,TARA MOSAVI,,CANVAS FLAX,5492-0000,6,0,,IN STOCK,,,,,,,,,,,,
2/22/2024,756,,TARA MOSAVI,,COMFORT CLAY,16008-0002,1,135,,IN STOCK,,,,,,,,,,,,
2/23/2024,757,,JEFF & TRACY WASSON,,DETAIL LINEN,146003-0001,28,2.5,,RECEIVED,,,,,,,,,,,,
2/23/2024,757,,JEFF & TRACY WASSON,,SHORE LINEN,56054-0000,10,9,,IN STOCK,,,,,,,,,,,,
2/23/2024,757,,JEFF & TRACY WASSON,,CANVAS WHITE,57003-0000,9,11,,RECEIVED,,,,,,,,,,,,
2/23/2024,757,,JEFF & TRACY WASSON,,COVE PEBBLE,58036-0000,9,6,,RECEIVED,,,,,,,,,,,,
2/26/2024,759,,CHRIS & JULIE TRAPP,,CANVAS FLAX,5492-0000,16,0,,RECEIVED,,,NEED 16,4/19/2024,4/19,KEYSTONE,$18.03,,,,,
2/26/2024,759,,CHRIS & JULIE TRAPP,,CANVAS WHITE,57003-0000,6,11,,RECEIVED,,,NEED 6....FROM CALIFORNIA,4/19/2024,4/23,KEYSTONE,$18.03,,,,,
2/26/2024,759,,CHRIS & JULIE TRAPP,,SHORE LINEN,56054-0000,8,9,,IN STOCK,,,,,,,,,,,,
2/27/2024,762,,JIM & BETH KROEGER,,DETAIL LINEN,146003-0001,5,2.5,,RECEIVED,,,,,,UNITED,,,,,,
2/27/2024,762,,JIM & BETH KROEGER,,CANVAS NATURAL,5404-0000,22,8,,IN STOCK,,,,,,,,,,,,
2/27/2024,762,,JIM & BETH KROEGER,,MOMENTO PARCHMENT,,2,3,,IN STOCK,,,,,,,,,,,,
2/27/2024,763,,YUNI,,ARRAY DUNE,145654-0001,9,0,,IN STOCK,,,,,,,,,,,,
2/27/2024,763,,YUNI,,NURTURE SMOKE,42102-0003,2,5,,RECEIVED,,,,,,,,,,,,
2/29/2024,765,,NICK & KRYSTAL BOGGS,,CANVAS WHITE,57003-0000,10,11,,RECEIVED,,,NEED 10.......FROM CALIFORNIA,4/19/2024,4/23,KEYSTONE,$18.03,,,,,
2/29/2024,765,,NICK & KRYSTAL BOGGS,,CANVAS RAVEN BLACK,,27,0,,IN STOCK,,,,,,,,,,,,
3/2/2024,761,,DOUG THOMANN,,SAILCLOTH SPACE,,5,1,,RECEIVED,,,,,,,,,,,,
3/5/2024,771,,GENE & KATHI WENDORFF,,DETAIL NAVY,146003-0005,41,0,,RECEIVED,,,,,,UNITED,,,,,,
3/5/2024,768,,CHRIS & RENEE BRACKIN,,LINEN STONE,8319-0000,20,4,,RECEIVED,,,,,,,,,,,,
3/5/2024,768,,CHRIS & RENEE BRACKIN,,CANVAS MINERAL BLUE,5420-0000,15,0,,RECEIVED,,,,,,,,,,,,
3/5/2024,768,,CHRIS & RENEE BRACKIN,,CABANA CLASSIC,58030-0000,10,0,,IN STOCK,,,,,,,,,,,,
3/5/2024,769,,GREG SCHWARTZ,,CANVAS NAVY,5439-0000,9,8,,IN STOCK,,,,,,,,,,,,
3/5/2024,769,,GREG SCHWARTZ,,ADAPTATION INDIGO,69010-0004,6,4,,IN STOCK,,,,,,,,,,,,
3/5/2024,770,,LAURA & BOB GESTRING,,RELATE LINEN,,9,0,,RECEIVED,,,,,,,,,,,,
3/5/2024,770,,LAURA & BOB GESTRING,,CANVAS RAVEN BLACK,,2,0,,IN STOCK,,,,,,,,,,,,
3/5/2024,771,,GENE & KATHI WENDORFF,,CANVAS NAVY,5439-0000,55,8,,IN STOCK,,,,,,,,,,,,
3/5/2024,771,,GENE & KATHI WENDORFF,,CANVAS NATURAL,5404-0000,10,8,,IN STOCK,,,,,,,,,,,,
3/5/2024,771,,GENE & KATHI WENDORFF,,CLOCK OUT CLOUD,146205-0003,9,3,,RECEIVED,,,,,,,,,,,,
3/5/2024,771,,GENE & KATHI WENDORFF,,CANVAS FLAX,5492-0000,4,0,,IN STOCK,,,,,,,,,,,,
3/5/2024,772,,RAQUEL & JASON NORTON,,ADAPTIATION INDIGO,,9,0,,IN STOCK,,,,,,,,,,,,
3/5/2024,772,,RAQUEL & JASON NORTON,,CANVAS NAVY,5439-0000,4,8,,IN STOCK,,,,,,,,,,,,
3/5/2024,772,,RAQUEL & JASON NORTON,,CANVAS SKYLINE,14091-0000,1,68,,IN STOCK,,,,,,,,,,,,
3/5/2024,773,,BERG RESIDENCE,,MAINSTREET PUTTY,42048-0012,6,4,,RECEIVED,,,,,,,,,,,,
3/7/2024,775,,LINA & RICH JOHNSTON,,SPECTRUM MIST,,5,0,,RECEIVED,,,,,,AMAZON,,,,,,
3/7/2024,775,,LINA & RICH JOHNSTON,,LINEN SILVER,8351-0000,63,18,,RECEIVED,,,,,,UNITED,,,,,,
3/7/2024,779,,J AUER,,DETAIL LINEN,146003-0001,10,2.5,,RECEIVED,,,,,,UNITED,,,,,,
3/7/2024,774,,JULIE MARTIN,,CAST SILVER,,10,0,,RECEIVED,,,,,,,,,,,,
3/7/2024,775,,LINA & RICH JOHNSTON,,DETAIL LINEN,146003-0001,43,2.5,,RECEIVED,,,,,,,,,,,,
3/7/2024,775,,LINA & RICH JOHNSTON,,DUPIONE DEEP SEA,8019-0000,6,2,,RECEIVED,,,,,,,,,,,,
3/7/2024,776,,TARA CARSON,,MAXIM HEATHER BEIGE,5674-0000,10,7,,RECEIVED,,,,,,,,,,,,
3/7/2024,776,,TARA CARSON,,CANVAS HEATHER BEIGE,5476-0000,1,47,,RECEIVED,,,,,,,,,,,,
3/7/2024,776,,TARA CARSON,,ECHO SANGRIA,,1,3,,RECEIVED,,,,,,,,,,,,
3/7/2024,777,,DRYER RESIDENCE,,SPECTRUM CARBON,48085-0000,10,5,,IN STOCK,,,,,,,,,,,,
3/7/2024,777,,DRYER RESIDENCE,,CABANA CLASSIC,58030-0000,3,0,,IN STOCK,,,,,,,,,,,,
3/7/2024,778,,YVONNE JONES,,CANVAS RAVEN BLACK,,30,0,,IN STOCK,,,,,,,,,,,,
3/7/2024,778,,YVONNE JONES,,CABANA CLASSIC,58030-0000,2,0,,IN STOCK,,,,,,,,,,,,
3/7/2024,778,,YVONNE JONES,,CANVAS WHITE,57003-0000,2,11,,IN STOCK,,,,,,,,,,,,
3/7/2024,779,,J AUER,,CANVAS WHITE,57003-0000,45,11,,IN STOCK,,,,,,,,,,,,
3/7/2024,779,,J AUER,,CANVAS NAVY,5439-0000,24,8,,IN STOCK,,,,,,,,,,,,
3/7/2024,779,,J AUER,,LUXE INDIGO,45690-0000,8,13,,RECEIVED,,,,,,,,,,,,
3/7/2024,779,,J AUER,,CANVAS BUTTERCUP,5438-0000,2,0,,IN STOCK,,,,,,,,,,,,
3/8/2024,780,,RACHAEL WHEELER,,ESTI LIMESTONE,44349-0027,5,3,,RECEIVED,,,,,,ACC,,,,,,
3/8/2024,780,,RACHAEL WHEELER,,SAILCLOTH SEAGULL,32000-0023,102,22,,IN STOCK,,,,,,,,,,,,
3/8/2024,780,,RACHAEL WHEELER,,BLISS SMOKE,48135-0003,33,0,,RECEIVED,,,,,,,,,,,,
3/8/2024,780,,RACHAEL WHEELER,,EQUAL GRAPHITE,,3,23,,IN STOCK,,,,,,,,,,,,
3/11/2024,783,,JESSICA CATLETT,,RELATE LINEN,,15,0,,RECEIVED,,,,,,TRIVANTAGE,,,,,,
3/11/2024,783,,JESSICA CATLETT,,CANVAS NATURAL,5404-0000,41,8,,IN STOCK,,,,,,,,,,,,
3/11/2024,783,,JESSICA CATLETT,,CANVAS FLAX,5492-0000,13,0,,IN STOCK,,,,,,,,,,,,
3/11/2024,783,,JESSICA CATLETT,,SHORE CLASSIC,58033-0000,3,3,,RECEIVED,,,,,,,,,,,,
3/11/2024,784,,MARISA CARSON,,LINEN CANVAS,8353-0000,21,5,,IN STOCK,,,,,,,,,,,,
3/11/2024,784,,MARISA CARSON,,DUPIONE CELESTE,8067-0000,3,6,,IN STOCK,,,,,,,,,,,,
3/11/2024,785,,LINDA & NEIL FRIESER,,CANVAS RAVEN BLACK,,10,0,,IN STOCK,,,,,,,,,,,,
3/11/2024,785,,LINDA & NEIL FRIESER,,SHORE CLASSIC,58033-0000,2,3,,RECEIVED,,,,,,,,,,,,
3/15/2024,758,,SCOTTSDALE SHOWROOM,,CREATE HAZE,145844-0002,20,2,,RECEIVED,,,,,,,,,,,,
3/15/2024,758,,SCOTTSDALE SHOWROOM,,CANVAS HEATHER BEIGE,5476-0000,17,47,,RECEIVED,,,,,,,,,,,,
3/15/2024,758,,SCOTTSDALE SHOWROOM,,RELATE PERSIMMON,,10,0,,RECEIVED,,,,,,,,,,,,
3/15/2024,758,,SCOTTSDALE SHOWROOM,,CANVAS GLACIER,5428-0000,9,27,,IN STOCK,,,,,,,,,,,,
3/15/2024,758,,SCOTTSDALE SHOWROOM,,BERENSON TUXEDO,8521-0000,8,65,,RECEIVED,,,,,,,,,,,,
3/15/2024,758,,SCOTTSDALE SHOWROOM,,CANVAS WHITE,57003-0000,3,11,,IN STOCK,,,,,,,,,,,,
3/15/2024,758,,SCOTTSDALE SHOWROOM,,CALM LAUREL,145854-0002,2,126,,IN STOCK,,,,,,,,,,,,
3/15/2024,758,,SCOTTSDALE SHOWROOM,,CANVAS RAVEN BLACK,,2,0,,IN STOCK,,,,,,,,,,,,
3/15/2024,758,,SCOTTSDALE SHOWROOM,,CANVAS SAPPHIRE BLUE,5452-0000,2,2,,IN STOCK,,,,,,,,,,,,
3/15/2024,788,,BETH & JIM KROEGER,,CANVAS NATURAL,5404-0000,8,8,,IN STOCK,,,,,,,,,,,,
3/15/2024,788,,BETH & JIM KROEGER,,MOMENTO PARCHMENT,,1,3,,IN STOCK,,,,,,,,,,,,
3/18/2024,793,,MITCH WATERS,,CANVAS NATURAL,5404-0000,31,8,,IN STOCK,,,,,,,,,,,,
3/18/2024,793,,MITCH WATERS,,DETAIL LINEN,146003-0001,27,2.5,,RECEIVED,,,,,,,,,,,,
3/18/2024,793,,MITCH WATERS,,MIDORI INDIGO,145256-0001,27,0,,RECEIVED,,,RECIVING 9 ON 4/26,,,,,,,,,
3/18/2024,793,,MITCH WATERS,,ECHO MIDNIGHT,8076-0000,18,0,,IN STOCK,,,RECIVING 2 ON 4/26,,,,,,,,,
3/20/2024,794,,CHERLY MENDEZ,,BERENSON TUXEDO,8521-0000,12,65,,RECEIVED,,,ONLY 11 YDS,,,KEYSTON,,,,,,
3/20/2024,794,,CHERLY MENDEZ,,CANVAS HEATHER BEIGE,5476-0000,9,47,,RECEIVED,,,ONLY 9 YDS,,,KEYSTON,,,,,,
3/20/2024,794,,CHERLY MENDEZ,,CANVAS RAVEN BLACK ,,1,0,,RECEIVED,,,,,,KEYSTON,,,,,,
3/20/2024,794,,CHERLY MENDEZ,,SAILCLOTH SAHARA,,1,19,,RECEIVED,,,,,,,,,,,,
3/25/2024,796,,LISA & JEREMY SMITH,,SAILCLOTH SEAGULL,32000-0023,23,22,1,RECEIVED,,,REQUEST 22 YDS AT KEYSTONE,4/10/2024,,KEYSTON,$31.27,,,,,
3/25/2024,796,,LISA & JEREMY SMITH,,CANVAS SAPPHIRE BLUE,5452-0000,20,2,,RECEIVED,,,,,,KEYSTON,,,,,,
3/25/2024,796,,LISA & JEREMY SMITH,,ESCAPE DENIM,146207-0001,6,0,,RECEIVED,,,,,,KEYSTON,,,,,,
3/25/2024,797,,JODY & KIM CLANTON,,CANVAS WHITE,57003-0000,36,11,,RECEIVED,,,REQUEST 21 AT KEYSTONE,4/10/2024,,KEYSTON,$18.03,,,,,
3/25/2024,797,,JODY & KIM CLANTON,,CANVAS RAVEN BLACK ,,20,0,,RECEIVED,,,,,,KEYSTON,,,,,,
3/25/2024,797,,JODY & KIM CLANTON,,CABANA CLASSIC,58030-0000,8,0,,RECEIVED,,,,,,KEYSTON,,,,,,
3/25/2024,797,,JODY & KIM CLANTON,,SHORE CLASSIC,58033-0000,3,3,,RECEIVED,,,,,,KEYSTON,,,,,,
3/27/2024,798,,KEEGAN MASSEY,,CANVAS LOGO RED,,3,0,,RECEIVED,,,,,,KEYSTON,,,,,,
3/27/2024,798,,KEEGAN MASSEY,,CANVAS CHARCOAL,54048-0000,32,3,,IN STOCK,,,,,,,,,,,,
3/27/2024,798,,KEEGAN MASSEY,,CANVAS COAL,5489-0000,1,3,,IN STOCK,,,,,,,,,,,,
4/2/2024,800,,MARY FRANCES FREILING,,CANVAS RAVEN BLACK ,,12,0,,RECEIVED,,,,,,KEYSTON,,,,,,
4/2/2024,800,,MARY FRANCES FREILING,,DETAIL CLASSIC,146003-0002,11,15,,RECEIVED,,,Need 6 to Complete,4/15/2024,4/19,KEYSTON,$30.48,,,,,
4/2/2024,800,,MARY FRANCES FREILING,,CANVAS WHITE,57003-0000,1,11,,RECEIVED,,,,,,KEYSTON,,,,,,
4/2/2024,800,,MARY FRANCES FREILING,,BERENSON TUXEDO,8521-0000,8,65,,RECEIVED,,,REQUEST 9YDS,4/10/2024,,TRIVANTAGE,,,,,,
4/2/2024,800,,MARY FRANCES FREILING,,CANVAS HEATHER BEIGE,5476-0000,7,47,,RECEIVED,,,,,,,,,,,,
4/4/2024,801,,MICHELLE FONDA,,INTEGRATED STEEL,69006-0008,6,0,,RECEIVED,,,,,,KEYSTON,,,,,,
4/4/2024,801,,MICHELLE FONDA,,CRUSH ASH,42101-0004,19,29,,RECEIVED,,,19,4/10/2024,,TRIVANTAGE,,,,,,
4/8/2024,802,,ANDREA SYDENHAM,,LINEN CANVAS,8353-0000,48,5,-43,RECEIVED,,,42YDS,4/17/2024,4/18,KEYSTONE,$20.90,,,,,
4/8/2024,802,,ANDREA SYDENHAM,,CANVAS FLAX,5492-0000,15,0,-15,RECEIVED,,,9YDS DE CALIFORNNIA.. UPDATE SERAN DE PHOENIX.....,4/17/2024,4/19,KEYSTONE,$18.03,,,,,
4/8/2024,802,,ANDREA SYDENHAM,,CANVAS FLAX,5492-0000,15,0,-15,RECEIVED,,,NEED 2 ADICIONAL TO COMPLETE 4/22,4/22/2024,4/22,KEYSTONE,$18.03,,,,,
4/8/2024,802,,ANDREA SYDENHAM,,CANVAS CAMEL,54568-0000,6,0,,IN STOCK,,,,,,,,,,,,
4/8/2024,802,,ANDREA SYDENHAM,,DETAIL LINEN,146003-0001,6,2.5,,IN STOCK,,,,,,,,,,,,
4/8/2024,802,,ANDREA SYDENHAM,,SAILCLOTH SEAGULL,32000-0023,2,22,,IN STOCK,,,,,,,,,,,,
4/10/2024,803,,SCOTTSDALE SHOWROOM,,SHADOW SAND,51000-0001,1,0,-1,RECEIVED,,,NEED 1,4/24/2024,4/25,KEYSTONE,$15.19,,,,,
4/10/2024,804,,BRIAN KROLL,,CANVAS HEATHER BEIGE,5476-0000,19,47,28,RECEIVED,,,14YD ,4/17/2024,4/18,KEYSTONE,$18.03,,,,,
4/10/2024,805,,SANDI ENNOR,,CANVAS WHITE,57003-0000,52,11,-41,RECEIVED,,,NEED 24...FROM CALIFORNIA,4/18/2024,4/23,KEYSTONE,$18.03,,,,,
4/10/2024,805,,SANDI ENNOR,,CABANA CLASSIC,58030-0000,35,0,-35,RECEIVED,,,NEED 33,4/18/2024,4/19,KEYSTONE,$19.92,,,,,
4/10/2024,805,,SANDI ENNOR,,CLOCK OUT INDIGO,146205-0002,21,2,-19,RECEIVED,,,PHX SOLO 15,4/18/2024,4/19,KEYSTONE,$28.67,,,,,
4/10/2024,805,,SANDI ENNOR,,SHORE CLASSIC,58033-0000,7,3,-4,RECEIVED,,,NEED 7,4/18/2024,4/19,KEYSTONE,$19.92,,,,,
4/10/2024,805,,SANDI ENNOR,,CLOCK OUT INDIGO,146205-0002,6,2,-4,RECEIVED,,,*NEED 6YDS,4/24/2024,5/1,KEYSTONE,,,,,,
4/10/2024,805,,SANDI ENNOR,,SPECTRUM PEACOCK,,1,0,-1,RECEIVED,,,NEED 1,4/18/2024,4/19,KEYSTONE,$16.23,,,,,
4/10/2024,805,,SANDI ENNOR,,SHORE NAVY,,4,0,-4,RECEIVED,,,NEED 4 YDS,5/8/2024,5/14,SAILRITE,$17.55,,,,,
4/10/2024,803,,SCOTTSDALE SHOWROOM,,TROPICS JUNGLE,145214-0000,7,0,-7,RECEIVED,,,NEED ORDER 3..CHRIST ORDER,4/23/2024,5/3,TRIVANTAGE,,,,,,
4/10/2024,803,,SCOTTSDALE SHOWROOM,,BLISS LEMON,,14,14,0,IN STOCK,,,,,,,,,,,,
4/10/2024,803,,SCOTTSDALE SHOWROOM,,CANVAS FLAX,5492-0000,1.5,0,-1.5,IN STOCK,,,,,,,,,,,,
4/10/2024,803,,SCOTTSDALE SHOWROOM,,SPECTRUM CILANTRO,48022-0000,1,1,0,IN STOCK,,,,,,,,,,,,
4/10/2024,804,,BRIAN KROLL,,BERENSON TUXEDO,8521-0000,6,65,59,IN STOCK,,,,,,,,,,,,
4/10/2024,804,,BRIAN KROLL,,CANVAS RAVEN BLACK,,1,0,-1,IN STOCK,,,,,,,,,,,,
4/10/2024,805,,SANDI ENNOR,,CANVAS BLACK,5408-0000,7,0,-7,RECEIVED,,,NEED 7,4/18/2024,4/19,,$18.03,,,,,
4/10/2024,805,,SANDI ENNOR,,CANVAS SUNFLOWER YELLOW,5457-0000,2,5,3,IN STOCK,,,,,,,,,,,,
4/10/2024,805,,SANDI ENNOR,,SAIL AWAY SUNFLOWER,,1,2,1,RECEIVED,,,NEED 1...FROM CALIFORNIA,4/18/2024,4/23,,$19.62,,,,,
4/17/2024,807,,VICKIE LARSEN,,SHORE CLASSIC,58033-0000,8,3,-5,RECEIVED,,,NEED ORDER 8,,4/19,KEYSTONE,$19.92,,,,,
4/17/2024,807,,VICKIE LARSEN,,SPECTRUM CHERRY,48096-0000,1,0,-1,RECEIVED,,,NEED ORDER 1,,4/19,KEYSTONE,$18.90,,,,,
4/17/2024,808,,GREG KRUGER,,CANVAS WHITE,57003-0000,12,11,-1,RECEIVED,,,NEED ORDER 12..FROM CALIFONIA,,4/23,KEYSTONE,$18.03,,,,,
4/17/2024,808,,GREG KRUGER,,ADAPTATION INDIGO,69010-0004,2,4,2,IN STOCK,,,,,,,,,,,,
4/18/2024,810,,ALICE YOUKHANA,,CANVAS NATURAL,5404-0000,1,8,7,RECEIVED,,,NEED 1**ORDER 60YDS,4/24/2024,4/25,KEYSTONE,$18.03,,,,,
4/18/2024,811,,LINDA LANG,,GATEWAY COAST,14087-0000,41,2,OK,RECEIVED,,,NEED 32,4/25/2024,4/26,KEYSTONE,$18.35,,,,,
4/18/2024,811,,LINDA LANG,,CANVAS SAPPHIRE BLUE,5452-0000,23,2,OK,RECEIVED,,,NEED 23,6/4/2024,6/5,KEYSTONE,$18.03,,,,,
4/18/2024,811,,LINDA LANG,,SPECTRUM DOVE,48032-0000,16,8,OK,RECEIVED,,,NEED 13,6/4/2024,6/5,KEYSTONE,,,,,,
4/18/2024,811,,LINDA LANG,,SPECTRUM INDIGO,48080-0000,8,2,OK,RECEIVED,,,NEED 8,6/4/2024,6/5,KEYSTONE,,,,,,
4/18/2024,792-1,,CAESARS REPUBLIC,,CANVAS FLAX,5492-0000,12,0,-12,RECEIVED,,,NEED ORDER 12...COME FROM CALIFORNIA,4/22/2024,4/19,KEYSTONE,$18.03,,,,,
4/18/2024,810,,ALICE YOUKHANA,,CANVAS SPA,5413-0000,14,0,-14,IN STOCK,,,,,,,,,,,,
4/18/2024,810,,ALICE YOUKHANA,,FRETWORK MIST,45991-0000,9,0,-9,IN STOCK,,,,,,,,,,,,
4/18/2024,810,,ALICE YOUKHANA,,HYBRID SKY,,4,0,-4,IN STOCK,,,,,,,,,,,,
4/23/2024,814,,GINA PIPER,,CANVAS FLAX,5492-0000,36,0,-36,RECEIVED,,,NEED 36.......TENIAN 6,4/25/2024,4/26,KEYSTONE,$18.03,,,,,
4/23/2024,815,,JULIE MARTIN,,CAST SILVER,,13,0,-13,RECEIVED,,,NEED 13,4/24/2024,4/25,KEYSTONE,$17.44,,,,,
4/23/2024,WARRANTY,,DAVID ROSENTHAL,,ACTION STONE,44285-0002,3,0,-3,RECEIVED,,,NEED 3,4/24/2024,4/25,KEYSTONE,$31.27,,,,,
4/23/2024,813,,CHERYL BURK,,EQUAL GRAPHITE,,25,23,,IN STOCK,,,,,,,,,,,,
4/23/2024,813,,CHERYL BURK,,MIDORI STONE ,,17,0,-17,IN STOCK,,,,,,,,,,,,
4/23/2024,813,,CHERYL BURK,,FREQUENCY PARCHMENT,56093-0000,16,5,-11,IN STOCK,,,,,,,,,,,,
4/23/2024,813,,CHERYL BURK,,SPECTRUM CILANTRO,48022-0000,14,1,-13,IN STOCK,,,NEED 2.. MAYBE NOT..NOT NEED IT,,,,,,,,,
4/23/2024,814,,GINA PIPER,,ADAPTATION INDIGO,69010-0004,21,4,,IN STOCK,,,,,,,,,,,,
4/25/2024,573,,DONNA OLSEN,,SPECTRUM CARIBOU,48083-0000,2,3,1,RECEIVED,,,NEED 2,4/26/2024,4/26,KEYSTONE,$16.20,,,,,
4/30/2024,759,,CHRIS & JULIE TRAPP,,CANVAS FLAX,5492-0000,13,0,-13,RECEIVED,,,NEED 13  TO COMPLETE,4/30/2024,5/1,KEYSTONE,$18.03,,,,,
4/30/2024,798,,KEEGAN MASSEY,,CANVAS LOGO RED,,1,0,-1,RECEIVED,,,NEED 1 TO COMPLETE,4/30/2024,5/1,KEYSTONE,,,,,,
4/30/2024,818,,RACHEL MARTIN,,NURTURE CHARCOAL,42102-0006,3,1,-2,RECEIVED,,,NEED 4 YARDS,5/1/2024,5/2,TRIVANTAGE,,,,,,
5/1/2024,820,,REBECCA BOCA,,FRETWORK FLAX,45991-0001,16,3,-13,RECEIVED,,,NEED 16 YDS,5/2/2024,5/3,KEYSTONE,$34.11,,,,,
5/1/2024,820,,REBECCA BOCA,,CANVAS CANVAS,5453-0000,11,16,5,RECEIVED,,,NEED 11 YDS,5/2/2024,5/3,KEYSTONE,$18.03,,,,,
5/1/2024,821,,PAT MASI,,CANVAS WHITE,57003-0000,31,11,-20,RECEIVED,,,KEYSTONE HAVE 43 CALCULATE,5/2/2024,5/3,KEYSTONE,$18.03,,,,,
5/6/2024,822,,TERRI SMITH,,CANVAS FLAX,5492-0000,48,0,-48,RECEIVED,,,NEED 60,5/7/2024,5/8,KEYSTONE,$18.03,,,,,
5/6/2024,822,,TERRI SMITH,,GAVIN MIST,56052-0000,12,15,3,RECEIVED,,,NEED 12,5/7/2024,5/8,KEYSTONE,$18.35,,,,,
5/6/2024,822,,TERRI SMITH,,GATEWAY MIST,58039-0000,10,0,-10,RECEIVED,,,NEED 10,5/7/2024,5/8,KEYSTONE,$18.35,,,,,
5/6/2024,823,,SCOTT STEINHILBER,,CANVAS WHITE,57003-0000,16,11,-5,RECEIVED,,,NEED 16 YDS,5/7/2024,5/8,KEYSTONE,$18.03,,,,,
5/6/2024,823,,SCOTT STEINHILBER,,LIDO INDIGO,57004-0000,2,8,6,RECEIVED,,,NEED 2,5/7/2024,5/8,KEYSTONE,$18.35,,,,,
5/6/2024,827,,ALBERT COMPITELLO,,CANVAS HEATHER BEIGE,5476-0000,10,47,37,RECEIVED,,,NEED 10 YDS,5/9/2024,5/10,KEYSTONE,$18.00,,,,APRIL,
5/6/2024,828,,JOHN MOSER,,CABANA CLASSIC,58030-0000,13,0,-13,RECEIVED,,,NEED ORDER 25,5/7/2024,5/8,KEYSTONE,,,,,,
5/6/2024,829,,KELLY WELLS,,CANVAS WHITE,57003-0000,54,11,-43,RECEIVED,,,NEED 120 YDS,5/9/2024,5/10,KEYSTONE,,,,,,
5/6/2024,829,,KELLY WELLS,,SHORE CLASSIC,58033-0000,12,3,-9,RECEIVED,,,NEED 12 YDS,5/9/2024,5/10,KEYSTONE,$19.90,,,,,
5/6/2024,829,,KELLY WELLS,,CANVAS BLACK,5408-0000,9,0,-9,RECEIVED,,,NEED 10 YDS,5/9/2024,5/10,KEYSTONE,$18.00,,,,,
5/6/2024,822,,TERRI SMITH,,CAST HORIZON,48091-0000,3,2,-1,IN STOCK,,,,,,,,,,,,
5/6/2024,822,,TERRI SMITH,,CANVAS SUNFLOWER YELLOW,5457-0000,2,5,3,IN STOCK,,,,,,,,,,,,
5/6/2024,828,,JOHN MOSER,,CANVAS WHITE,57003-0000,,11,11,IN STOCK,,,,,,,,,,,,
5/6/2024,828,,JOHN MOSER,,SPECTRUM CARBON,48085-0000,,5,5,IN STOCK,,,,,,,,,,,,
5/6/2024,829,,KELLY WELLS,,CABANA CLASSIC,58030-0000,10,0,-10,RECEIVED,,,ORDER ON PO 828,,,,,,,,,
5/9/2024,HAMID-1,,HAMID SALARI,,PLATFORM SALT,42091-0013,35,0,-35,RECEIVED,,,NEED 35 YDS,5/9/2024,5/10,KEYSTONE,$32.63,,,,,
5/10/2024,COURTAIN,,CURTAINS NICK HENKEL,,CANVAS WHITE,57003-0000,120,11,-109,RECEIVED,,,NEED 120 YDS,5/10/2024,5/15,KEYSTONE,,,,,,
5/12/2024,824,,Lindsay Y David Danto,,SHORE CLASSIC,58033-0000,30,3,-27,RECEIVED,,,NEED 20 YDS,5/20/2024,5/21,KEYSTONE,$19.92,,,,APRIL,
5/12/2024,824,,Lindsay Y David Danto,,CANVAS BLACK,5408-0000,9,0,-9,IN STOCK,,,,,,,,,,,APRIL,
5/12/2024,826,,MITCH WATERS,,SENSIBILITY II SPLENDOR,146000-0001,16,45,29,IN STOCK,,,,,,,,,,,APRIL,
5/12/2024,826,,MITCH WATERS,,BLISS GUAVA,48135-0006,5,18,13,IN STOCK,,,,,,,,,,,APRIL,
5/12/2024,826,,MITCH WATERS,,CANVAS NAVY,5439-0000,5,8,3,IN STOCK,,,,,,,,,,,APRIL,
5/12/2024,826,,MITCH WATERS,,CANVAS NATURAL,5404-0000,3,8,5,IN STOCK,,,,,,,,,,,APRIL,
5/12/2024,826,,MITCH WATERS,,DETAIL LINEN,146003-0001,3,2.5,-0.5,IN STOCK,,,,,,,,,,,APRIL,
5/13/2024,831,,K & Q INTERIORS,,Holly Hunt Spring Snow #297/01,,29,0,-29,RECEIVED,,,CLIENT PROVIDE 29 YDS,5/13/2024,5/13,CUSTOMER,,,,,,
5/13/2024,831,,K & Q INTERIORS,,DONGHIA GREY,6022123.21.0,19,5,-14,RECEIVED,,,CLIENT PROVIDE 19 YDS,,8/12,CUSTOMER,,,,,,
5/13/2024,831,,K & Q INTERIORS,,KRAVET,36932.11.0,15,2,0,RECEIVED,,,CLIENT PROVIDE 15 YDS,5/13/2024,5/13,CUSTOMER,,,,,,
5/13/2024,831,,K & Q INTERIORS,,DONGHIA GREY,6022123.21.0,13.125,5,-8.125,RECEIVED,,,CLIENT PROVIDE,,5/29,CUSTOMER,,,,,,
5/13/2024,830,,MARTY WHITE,,MOMENTO SNOW,42105-0001,8,0,-8,RECEIVED,,,NEED 8 YDS,5/16/2024,5/16,KEYSTONE,$37.08,,,,,
5/13/2024,832,,LAURA DEJONG,,DUPIONE CELESTE,8067-0000,30,6,-24,RECEIVED,,,NEED 30,5/20/2024,5/20,KEYSTONE,$22.11,,,,,
5/13/2024,832,,LAURA DEJONG,,GATEWAY MIST,58039-0000,25,0,-25,RECEIVED,,,NEED 25,5/20/2024,5/22,KEYSTONE,$18.35,,,,,
5/13/2024,832,,LAURA DEJONG,,HYBRID SMOKE,42079-0000,23,4,-19,RECEIVED,,,NEED 16,5/20/2024,5/20,KEYSTONE,$31.67,,,,,
5/13/2024,830,,MARTY WHITE,,CHARTRES GRANITE,45864-0105,53,7,-46,RECEIVED,,,NEED 53 YDS...RECEIVED 40,5/16/2024,5/21/2024,TRIVANTAGE,$39.03,,,,,
5/13/2024,830,,MARTY WHITE,,CHARTRES GRAPHITE,,10,0,OK,RECEIVED,,,NEED 10 YDS,5/16/2024,5/21/2024,TRIVANTAGE,$39.03,,,,,
5/13/2024,830,,MARTY WHITE,,CHARTRES PEBBLE,,5,0,-5,RECEIVED,,,NEED 5 YDS,5/16/2024,5/21/2024,TRIVANTAGE,$39.03,,,,,
5/14/2024,834,,TREVOR VIGFUSSON,,SAIL AWAY DENIM,40606-0003,20,2,OK,RECEIVED,,,NEED 20....ONLY HAVE 18,5/15/2024,5/21,KEYSTONE,$19.62,,,,APRIL,
5/14/2024,STOCK,,STOCK,,CANVAS BLACK,5408-0000,20,0,-20,RECEIVED,,,NEED 20 TO STOCK,5/15/2024,5/16,KEYSTONE,$18.03,,,,,
5/15/2024,835,,EVOSCAPES MICHAEL MULDER,,SAILCLOTH SEAGULL,32000-0023,23,22,OK,RECEIVED,,,NEED 20,5/20/2024,5/20,KEYSTONE,$31.27,,,,,
5/15/2024,835,,EVOSCAPES MICHAEL MULDER,,SOLANA SEAGULL,32008-0000,17,4,OK,RECEIVED,,,NEED 17,5/20/2024,5/20,KEYSTONE,$33.13,,,,,
5/15/2024,836,,KEVIN GRANT,,CANVAS FLAX,5492-0000,8,0,-8,RECEIVED,,,NEED 8,5/20/2024,5/20,KEYSTONE,$18.03,,,,,
5/15/2024,836,,KEVIN GRANT,,GATEWAY ALOE,,1,2,OK,RECEIVED,,,NEED 1 : SKU 14092-0000,6/5/2024,6/11,TRIVANTAGE,$20.18,,,,,
5/15/2024,835,,EVOSCAPES MICHAEL MULDER,,CANVAS WHITE,57003-0000,18,11,OK,IN STOCK,,,,,,,,,,,,
5/15/2024,835,,EVOSCAPES MICHAEL MULDER,,CANVAS CHARCOAL,54048-0000,3,3,OK,IN STOCK,,,,,,,,,,,,
5/16/2024,838,,MARGIE ROBBERSON,,CANVAS HEATHER BEIGE,5476-0000,9,47,38,RECEIVED,,,NEED 9,5/21/2024,5/22,KEYSTONE,$18.03,,,,,
5/16/2024,838,,MARGIE ROBBERSON,,BLOX SLATE,45542-0000,7,0,-7,RECEIVED,,,NEED 7,5/21/2024,5/22,KEYSTONE,$35.11,,,,,
5/16/2024,839,,JULIE BENSON,,LINEN STONE,8319-0000,42,4,OK,RECEIVED,,,NEED 42,5/21/2024,5/22,KEYSTONE,$20.90,,,,,
5/16/2024,839,,JULIE BENSON,,CANVAS FERN,5487-0000,8,0,OK,RECEIVED,,,NEED 8,5/21/2024,5/23,KEYSTONE,$18.03,,,,,
5/16/2024,839,,JULIE BENSON,,DETAIL CLASSIC,146003-0002,8,15,OK,RECEIVED,,,NEED 8,5/21/2024,5/22,KEYSTONE,$30.48,,,,,
5/16/2024,839,,JULIE BENSON,,HERITAGE LEAF,18011-0000,3,7,OK,RECEIVED,,,NEED 3,5/21/2024,5/22,KEYSTONE,$18.03,,,,,
5/16/2024,839,,JULIE BENSON,,LINEN NATURAL,8304-0000,1.5,1,OK,RECEIVED,,,NEED 2,5/21/2024,5/22,KEYSTONE,$20.90,,,,,
5/16/2024,839,,JULIE BENSON,,INTEGRATED PEWTER,69006-0007,21,0,OK,IN STOCK,,,,,,,,,,,,
5/17/2024,840,,PETE & MICHELLE WILVER,,LINEN CANVAS,8353-0000,23,5,OK,RECEIVED,,,NEED 13,5/21/2024,5/22,KEYSTONE,$20.90,,,,,
5/17/2024,840,,PETE & MICHELLE WILVER,,DETAIL LINEN,146003-0001,9,2.5,OK,RECEIVED,,,NEED 6,5/21/2024,5/22,KEYSTONE,$30.48,,,,,
5/17/2024,840,,PETE & MICHELLE WILVER,,HEATHER BEIGE,,1,0,OK,RECEIVED,,,NEED 1,5/21/2024,5/22,KEYSTONE,$19.80,,,,,
5/17/2024,842,,NATHAN & FRANCESCA PIERCE,,PRINCIPLE LAGOON,16009-0002,3,2,OK,RECEIVED,,,NEED 3,5/21/2024,5/22,KEYSTONE,$34.18,,,,,
5/17/2024,842,,NATHAN & FRANCESCA PIERCE,,PRINCIPLE TROPICS,16009-0001,3,3,OK,RECEIVED,,,NEED 3,5/21/2024,5/22,KEYSTONE,$34.18,,,,,
5/17/2024,843,,MATTHEW ISHO,,CANVAS SAPPHIRE BLUE,5452-0000,20,2,OK,RECEIVED,,,SOLO TENIAN 20 YDS,4/25/2024,4/26,KEYSTONE,$18.03,,,,,
5/17/2024,843,,MATTHEW ISHO,,MIDORI INDIGO,145256-0001,13,0,OK,RECEIVED,,,NEED 13,5/20/2024,5/21,KEYSTONE,$37.08,,,,,
5/17/2024,840,,PETE & MICHELLE WILVER,,CANVAS CAMEL,54568-0000,2,0,-2,IN STOCK,,,,,,,,,,,,
5/17/2024,840,,PETE & MICHELLE WILVER,,CANVAS NATURAL,5404-0000,1,8,7,IN STOCK,,,,,,,,,,,,
5/17/2024,842,,NATHAN & FRANCESCA PIERCE,,CANVAS FLAX,5492-0000,22,0,OK,IN STOCK,,,,,,,,,,,,
5/17/2024,842,,NATHAN & FRANCESCA PIERCE,,BLISS LEMON,,1,14,OK,IN STOCK,,,,,,,,,,,,
5/17/2024,842,,NATHAN & FRANCESCA PIERCE,,CANVAS FERN,5487-0000,1,0,OK,RECEIVED,,,NEED 1...ORDERED JUNTO 839,,,,,,,,,
5/20/2024,825,,LAURA GESTRING,,ECHO ASH,57005-0000,7,11,4,RECEIVED,,,NEED 7,5/20/2024,5/21,KEYSTONE,$22.94,,,,APRIL,
5/20/2024,845,,MIKE & KATHY ARNOLD,,GATEWAY ALOE,,2,2,OK,RECEIVED,,,NEED 4 TO COMPLETE,6/10/2024,6/11,KEYSTONE,$18.35,,,,,
5/20/2024,COURTAIN,,NICK HENKEL,,CANVAS RAVEN BLACK,,4,0,-4,RECEIVED,,,NEED 60,5/20/2024,5/20,KEYSTONE,$18.03,,,,,
5/20/2024,844,,TESS RHOTON,,SPECTRUM CARBON,48085-0000,6,5,OK,RECEIVED,,,NEED 4,5/28/2024,5/29,KEYSTONE BROSS,$16.23,,,,,
5/20/2024,845,,MIKE & KATHY ARNOLD,,ACTION LINEN,44285-0000,29,0,-29,RECEIVED,,,NEED 20,5/28/2024,6/3,KEYSTONE BROSS,$31.26,,,,,
5/20/2024,845,,MIKE & KATHY ARNOLD,,MODEL DEW,,13,0,-13,RECEIVED,,,NEED 13,5/28/2024,6/3,KEYSTONE BROSS,$23.47,,,,,
5/20/2024,845,,MIKE & KATHY ARNOLD,,GATEWAY ALOE,,10,2,OK,RECEIVED,,,NEED 10,5/28/2024,5/29,KEYSTONE BROSS,$18.35,,,,,
5/20/2024,845,,MIKE & KATHY ARNOLD,,SAIL AWAY ALOE,,2,0,-2,RECEIVED,,,NEED 2,5/28/2024,6/3,KEYSTONE BROSS,$19.62,,,,,
5/20/2024,845,,MIKE & KATHY ARNOLD,,CAST SAGE,,1.5,0,OK,RECEIVED,,,NEED 2,5/28/2024,6/3,KEYSTONE BROSS,$17.44,,,,,
5/20/2024,845,,MIKE & KATHY ARNOLD,,BLISS DEW,48135-0014,1,1,0,RECEIVED,,,NEED 1,5/28/2024,6/3,KEYSTONE BROSS,$16.88,,,,,
5/20/2024,825,,LAURA GESTRING,,RELATE LINEN,,3,0,-3,IN STOCK,,,,,,,,,,,APRIL,
5/20/2024,825,,LAURA GESTRING,,CANVAS RAVEN BLACK,,1,0,-1,IN STOCK,,,,,,,,,,,APRIL,
5/20/2024,844,,TESS RHOTON,,CAST SLATE,40434-000,1.5,5,OK,IN STOCK,,,,,,,,,,,,
5/20/2024,844,,TESS RHOTON,,HYBRID SMOKE,42079-0000,1,4,OK,IN STOCK,,,WE HAVE LIKE 3 5/28,,,,,,,,,
5/20/2024,844,,TESS RHOTON,,SAILCLOTH SEAGULL,32000-0023,1,22,OK,IN STOCK,,,,,,,,,,,,
5/20/2024,845,,MIKE & KATHY ARNOLD,,CANVAS FLAX,5492-0000,1.5,0,-1.5,IN STOCK,,,,,,,,,,,,
5/20/2024,846,,GARVA BARNES,,CANVAS GLACIER,5428-0000,47,27,-20,IN STOCK,,,,,,,,,,,,
5/20/2024,846,,GARVA BARNES,,DUPIONE CELESTE,8067-0000,6,6,0,IN STOCK,,,,,,,,,,,,
5/20/2024,848,,DENNIS & BECKY MUILENBURG,,PERENNIALS - WHIPPERSNAPPER,,,0,0,RECEIVED,,,CLIENT PROVIDE,,,,,,,,,
5/22/2024,850,,MONASH PROJECT,,ACTION LINEN,44285-0000,26,0,OK,RECEIVED,,,NEED 20... FROM CALIF,6/3/2024,6/4,KEYSTONE BROSS,$31.26,,,,,
5/22/2024,830,,MARTY WHITE,,CHARTRES GRAPHITE,,9,0,OK,RECEIVED,,,NEED 9YDS TO COMPLETE,5/22/2024,6/3,TRIVANTAGE,$39.03,,,,,
5/22/2024,850,,MONASH PROJECT,,CANVAS STONE,SJA3988,12,0,OK,RECEIVED,,,NEED 12,5/28/2024,6/3,TRIVANTAGE,$23.68,,,,,
5/23/2024,HAM-5-23,,HAMID 5-23 PROJECT,,CANVAS FLAX,5492-0000,3,0,-3,RECEIVED,,,,,,,,,,,,
5/24/2024,852,,MARLENE GRADY,,SPECTRUM PEACOCK,,1.5,0,-1.5,RECEIVED,,,NEED 2,5/28/2024,5/30,TRIVANTAGE,$17.84,,,,,
5/24/2024,852,,MARLENE GRADY,,CANVAS GINKGO,54011-0000,11,30,19,IN STOCK,,,,,,,,,,,,
5/24/2024,852,,MARLENE GRADY,,STANTON LAGOON,58001-0000,1.5,0,-1.5,IN STOCK,,,,,,,,,,,,
5/29/2024,824,,Lindsay Y David Danto,,CANVAS BLACK,5408-0000,2,0,OK,IN STOCK,,,REQUEST FOR CHRISTIAN 4 LUMBAR BLACK,,,,,,,,APRIL,
5/29/2024,853,,TIFFANY HERTER,,INTEGRATED PEWTER,69006-0007,16,0,-16,IN STOCK,,,,,,,,,,,APRIL,
5/29/2024,854,,DPC,,SPECTRUM DOVE,48032-0000,6,8,OK,IN STOCK,,,,,,,,,,,APRIL,
6/5/2024,841,,JEFF & TRACY WASSON,,COVE PEBBLE,58036-0000,2,6,OK,RECEIVED,,,NEED 2,6/5/2024,6/6,KEYSTONE,$18.35,,,,,
6/5/2024,842,,NATHAN & FRANCESCA PIERCE,,CANVAS FLAX,5492-0000,7,0,ok,RECEIVED,,,NEED 7 FROM CALIFORNIA,6/5/2024,6/10,KEYSTONE,$18.03,,,,,
6/5/2024,856,,ROBERT TACK,,CANVAS FLAX,5492-0000,24,0,ok,RECEIVED,,,NEED 24,6/5/2024,6/6,KEYSTONE,$18.03,,,,,
6/5/2024,856,,ROBERT TACK,,PRINCIPLE LAGOON,16009-0002,10,2,ok,RECEIVED,,,NEED 10 KEYSTONE ONLY 6,6/5/2024,6/6,KEYSTONE,$34.18,,,,,
6/5/2024,856,,ROBERT TACK,,CABANA REGATTA,,1,0,OK,RECEIVED,,,NEED 1,6/5/2024,6/6,KEYSTONE,$19.92,,,,,
6/5/2024,857,,LAURI & RICHARD SALBERG,,CANVAS BLACK,5408-0000,35,0,-35,RECEIVED,,,NEED 35,6/13/2024,6/14,KEYSTONE,$18.03,,,,,
6/5/2024,857,,LAURI & RICHARD SALBERG,,REGENCY SAND,5695-0000,33,6,-27,RECEIVED,,,NEED 31,6/13/2024,6/14,KEYSTONE,$18.35,,,,,
6/5/2024,857,,LAURI & RICHARD SALBERG,,CLOCK OUT CLOUD,146205-0003,28,3,-25,RECEIVED,,,NEED 28,6/13/2024,6/14,KEYSTONE,$18.66,,,,,
6/5/2024,857,,LAURI & RICHARD SALBERG,,BERENSON TUXEDO,8521-0000,12,65,53,RECEIVED,,,NEED 11,6/13/2024,6/14,KEYSTONE,$20.90,,,,,
6/5/2024,857,,LAURI & RICHARD SALBERG,,MOMENTO SNOW,42105-0001,9,0,-9,RECEIVED,,,NEED 7 TO COMPLETE,6/13/2024,6/14,KEYSTONE,$37.08,,,,,
6/5/2024,857,,LAURI & RICHARD SALBERG,,CANVAS HEATHER BEIGE,5476-0000,3,47,44,RECEIVED,,,NEED 3,6/13/2024,6/14,KEYSTONE,$18.03,,,,,
6/5/2024,841,,JEFF & TRACY WASSON,,DETAIL LINEN,146003-0001,13,2.5,OK,IN STOCK,,,,,,,,,,,,
6/5/2024,841,,JEFF & TRACY WASSON,,CANVAS WHITE,57003-0000,8,11,OK,IN STOCK,,,,,,,,,,,,
6/5/2024,856,,ROBERT TACK,,CANVAS REGATTA,5493-0000,4,2,OK,IN STOCK,,,,,,,,,,,,
6/5/2024,857,,LAURI & RICHARD SALBERG,,CANVAS NATURAL,5404-0000,1,8,OK,IN STOCK,,,,,,,,,,,,
6/6/2024,840,,PETE & MICHELLE WILVER,,LINEN CANVAS,8353-0000,4,5,OK,RECEIVED,,,NEED 4 TO COMPLETE,6/6/2024,6/7,KEYSTONE,$20.90,,,,,
6/6/2024,858,,DAVE HOWE,,HERITAGE SLATE,18015-0000,5,0,OK,RECEIVED,,,NEED 5,6/11/2024,6/12,KEYSTONE,$32.73,,,,,
6/6/2024,858,,DAVE HOWE,,HERITAGE SMOKE,18014-0000,25,0,OK,RECEIVED,,,NEED 25,6/12/2024,6/20,OUTDOOR FABRIC,$54.95,,,,,
6/6/2024,858,,DAVE HOWE,,ACTION LINEN,44285-0000,4,0,-4,IN STOCK,,,,,,,,,,,,
6/7/2024,851,,ANDREW DALE,,FOSTER METALLIC,,5,0,OK,RECEIVED,,,NEED 5,6/7/2024,6/10,KEYSTONE,$18.35,,,,APRIL,
6/7/2024,859,,KERYN GERBER,,CANVAS HEATHER BEIGE,5476-0000,10,47,37,RECEIVED,,,NEED 10,6/13/2024,6/14,KEYSTONE,,,,,APRIL,
6/7/2024,860,,MOUNTAIN SHADOWS,,CANVAS NAVY,5439-0000,11,8,OK,RECEIVED,,,NEED 15,6/10/2024,6/11,KEYSTONE,$18.03,,,,,
6/7/2024,861,,CHELSEA & SEAN CAHAN,,SHORE CLASSIC,58033-0000,15,3,OK,RECEIVED,,,NEED 15,6/13/2024,6/14,KEYSTONE,$19.92,,,,,
6/7/2024,861,,CHELSEA & SEAN CAHAN,,CANVAS HEATHER BEIGE,5476-0000,3,47,44,RECEIVED,,,NEED 3,6/13/2024,6/14,KEYSTONE,$18.03,,,,,
6/7/2024,863,,HOPE & KURK KAMMEIER,,BERENSON TUXEDO,8521-0000,3,65,OK,RECEIVED,,,NEED 3 ORDERED,6/19/2024,6/20,KEYSTONE,$20.90,,,,APRIL,
6/7/2024,863,,HOPE & KURK KAMMEIER,,SPECTRUM SESAME,,3,0,OK,RECEIVED,,,NEED 3,6/18/2024,6/20,UNITED FABRIC BOB,,,,,APRIL,
6/7/2024,851,,ANDREW DALE,,CANVAS BUTTERCUP,5438-0000,14,0,ok,IN STOCK,,,,,,,,,,,APRIL,
6/7/2024,851,,ANDREW DALE,,CANVAS CHARCOAL,54048-0000,11,3,-8,IN STOCK,,,,,,,,,,,APRIL,
6/7/2024,860,,MOUNTAIN SHADOWS,,ADAPTATION INDIGO,69010-0004,5,4,-1,IN STOCK,,,,,,,,,,,,
6/7/2024,860,,MOUNTAIN SHADOWS,,CANVAS NATURAL,5404-0000,2,8,6,IN STOCK,,,,,,,,,,,,
6/7/2024,861,,CHELSEA & SEAN CAHAN,,CANVAS WHITE,57003-0000,1,11,10,IN STOCK,,,,,,,,,,,,
6/7/2024,862,,YVONNE JONES,,CANVAS RAVEN BLACK,,8,0,-8,IN STOCK,,,,,,,,,,,,
6/7/2024,862,,YVONNE JONES,,CANVAS WHITE,57003-0000,1,11,10,IN STOCK,,,,,,,,,,,,
6/10/2024,845,,MIKE & KATHY ARNOLD,,SAIL AWAY ALOE,,1,0,OK,RECEIVED,,,NEED 1 TO COMPLETE,5/28/2024,6/11,KEYSTONE BROSS,$19.62,,,,,
6/11/2024,838,,MARGIE ROBBERSON,,CANVAS HEATHER BEIGE,5476-0000,5,47,42,RECEIVED,,,NEED 5 TO COMPLETE,6/11/2024,6/12,KEYSTONE,$18.03,,,,,
6/11/2024,867,,MEGHAN MALANTONIO,,CANVAS FLAX,5492-0000,22,0,OK,RECEIVED,,,NEED 22,6/13/2024,6/17,KEYSTONE,$18.03,,,,,
6/11/2024,867,,MEGHAN MALANTONIO,,DIRECTION LINEN,40599-0001,12,3,OK,RECEIVED,,,NEED 12,6/13/2024,6/14,KEYSTONE,$21.41,,,,,
6/11/2024,867,,MEGHAN MALANTONIO,,DUPIONE CELESTE,8067-0000,3,6,OK,RECEIVED,,,NEED 2,6/13/2024,6/14,KEYSTONE,$22.11,,,,,
6/11/2024,856,,ROBERT TACK,,PRINCIPLE LAGOON,16009-0002,5,2,-5,RECEIVED,,,NEED 4 TO COMPLETE,6/12/2024,6/20,OUTDOOR FABRIC,$59.95,,,,,
6/11/2024,856,,ROBERT TACK,,CANVAS FLAX,5492-0000,2,0,OK,IN STOCK,,,OK,,,,,,,,,
6/11/2024,866,,BOGI FOGI,,CANVAS WHITE,57003-0000,20,11,-9,IN STOCK,,,,,,,,,,,APRIL,
6/11/2024,866,,BOGI FOGI,,MIDORI STONE ,,2,0,-2,IN STOCK,,,,,,,,,,,APRIL,
6/15/2024,869,,STACEY COON,,LINEN SILVER,8351-0000,23,18,OK,RECEIVED,,,NEED 23,6/19/2024,6/20,KEYSTONE,$20.90,,,,,
6/15/2024,869,,STACEY COON,,GATEWAY MIST,58039-0000,21,0,OK,RECEIVED,,,NEED 16,6/19/2024,6/20,KEYSTONE,$18.35,,,,,
6/15/2024,869,,STACEY COON,,DUPIONE CELESTE,8067-0000,13,6,OK,RECEIVED,,,NEED 13,6/19/2024,6/20,KEYSTONE,$22.11,,,,,
6/15/2024,869,,STACEY COON,,DUPIONE DEEP SEA,8019-0000,2,2,OK,RECEIVED,,,NEED 2,6/19/2024,6/20,KEYSTONE,$22.11,,,,,
6/15/2024,869,,STACEY COON,,CAST HORIZON,48091-0000,12,2,OK,RECEIVED,,,NEED 7,6/19/2024,6/24,TRIVANTAGE,$19.46,,,,,
6/15/2024,869,,STACEY COON,,BLISS LEMON,,12,14,2,IN STOCK,,,,,,,,,,,,
6/15/2024,869,,STACEY COON,,CANVAS WHITE,57003-0000,2,11,9,IN STOCK,,,,,,,,,,,,
6/17/2024,870,,DAVID & VANESSA KAUFFMAN,,LIDO INDIGO,57004-0000,2,8,OK,RECEIVED,,,NEED 2,6/19/2024,6/20,KEYSTONE,$18.35,,,,,
6/17/2024,871,,HAYDEN SHERMAN,,CANVAS TANGERINE,5406-0000,4,1,-3,RECEIVED,,,NEED 4,6/18/2024,6/19,KEYSTONE,$20.90,,,,,
6/17/2024,871,,HAYDEN SHERMAN,,TOKEN SURFSIDE,,4,0,OK,RECEIVED,,,NEED 4,6/18/2024,6/19,KEYSTONE,$23.60,,,,,
6/17/2024,870,,DAVID & VANESSA KAUFFMAN,,CANVAS WHITE,57003-0000,12,11,-1,IN STOCK,,,,,,,,,,,,
6/18/2024,861,,CHELSEA & SEAN CAHAN,,SHORE CLASSIC,58033-0000,10,3,OK,RECEIVED,,,NEED 10,6/18/2024,6/18,KEYSTONE,$19.92,,,,,
6/18/2024,872,,MARLEEN WOOD,,LINEN SILVER,8351-0000,17,18,OK,RECEIVED,,,NEED 17,6/19/2024,6/20,KEYSTONE,$20.90,,,,,
6/18/2024,872,,MARLEEN WOOD,,PLAY CAMEO,40616-0014,7,10,OK,RECEIVED,,,NEED 7,6/19/2024,6/25,TRIVANTAGE,,,,,,
6/18/2024,872,,MARLEEN WOOD,,CHARTRES ROSE,,5,0,OK,RECEIVED,,,NEED 5,6/19/2024,6/25,TRIVANTAGE,,,,,,
6/18/2024,876,,TOM GIULIANO,,DETAIL CLASSIC,146003-0002,33,15,OK,RECEIVED,,,ORDER 33,6/18/2024,6/24,UNITED FABRICS BOB,$29.00,,,,,
6/18/2024,872,,MARLEEN WOOD,,CANVAS BLACK,5408-0000,15,0,OK,IN STOCK,,,,,,,,,,,,
6/18/2024,872,,MARLEEN WOOD,,DETAIL LINEN,146003-0001,8,2.5,OK,IN STOCK,,,,,,,,,,,,
6/18/2024,872,,MARLEEN WOOD,,CABANA CLASSIC,58030-0000,6,0,OK,IN STOCK,,,,,,,,,,,,
6/18/2024,872,,MARLEEN WOOD,,CANVAS NATURAL,5404-0000,5,8,3,IN STOCK,,,,,,,,,,,,
6/24/2024,875,,MCCURLEY RESIDENCE,,CANVAS HEATHER BEIGE,5476-0000,54,47,OK,RECEIVED,,,NEED 52,6/25/2024,6/27,KEYSTONE,$18.03,,,,,
6/24/2024,875,,MCCURLEY RESIDENCE,,BERENSON TUXEDO,8521-0000,20,65,OK,RECEIVED,,,NEED 15.. ONLY 6,6/25/2024,6/27,KEYSTONE,$20.90,,,,,
6/24/2024,876,,TOM GIULIANO,,CANVAS COAL,5489-0000,4,3,OK,RECEIVED,,,NEED 3,6/25/2024,6/27,KEYSTONE,$18.03,,,,,
6/24/2024,875,,MCCURLEY RESIDENCE,,BERENSON TUXEDO,8521-0000,8,65,OK,RECEIVED,,,NEED 10 TO COMPLETE,6/25/2024,6-27,TRIVANTAGE,$23.05,,,,,
6/24/2024,876,,TOM GIULIANO,,LINEN SILVER,8351-0000,47,18,OK,RECEIVED,,,NEED 30,6/25/2024,7-1,TRIVANTAGE,$23.05,,,,,
6/24/2024,875,,MCCURLEY RESIDENCE,,CANVAS RAVEN BLACK,,3.5,0,OK,IN STOCK,,,,,,,,,,,,
6/24/2024,876,,TOM GIULIANO,,CANVAS BLACK,5408-0000,2,0,-2,IN STOCK,,,,,,,,,,,,
6/25/2024,878,,BRENDAN & MERLE GAYLIS,,SAILCLOTH SHORE,,4,0,OK,RECEIVED,,,NEED 4,6/26/2024,7/3/2024,FABRIC WAREHOUSE,$55.95,,,,,
6/25/2024,878,,BRENDAN & MERLE GAYLIS,,SAILCLOTH SEAGULL,32000-0023,14,22,OK,RECEIVED,,,NEED 7,6/25/2024,6/27,KEYSTONE,$31.27,,,,,
6/25/2024,878,,BRENDAN & MERLE GAYLIS,,CANVAS BRICK,5409-0000,13,5,OK,RECEIVED,,,NEED 13,6/25/2024,6/27,KEYSTONE,$20.90,,,,,
6/25/2024,879,,CUROE RESIDENCE,,CAST ASH,40428-0000,42,15,OK,RECEIVED,,,NEED42,6/27/2024,7-1,KEYSTONE,,,,,,
6/25/2024,879,,CUROE RESIDENCE,,CAST ASH,40428-0000,60,15,OK,RECEIVED,,,NEED 60,6/27/2024,7-2,TRIVANTAGE,,,,,,
6/25/2024,878,,BRENDAN & MERLE GAYLIS,,CANVAS CHARCOAL,54048-0000,29,3,-26,IN STOCK,,,,,,,,,,,,
6/26/2024,880,,SCOTTSDALE SHOWROOM,,HERITAGE LEAF,18011-0000,2,7,OK,RECEIVED,,,NEED 2,6/27/2024,6/27,KEYSTONE,$32.65,,,,,
6/26/2024,880,,SCOTTSDALE SHOWROOM,,SHADOW SAND,51000-0001,8,0,OK,IN STOCK,,,,,,,,,,,,
6/26/2024,880,,SCOTTSDALE SHOWROOM,,MAXIM HEATHER BEIGE,5674-0000,4,7,3,IN STOCK,,,,,,,,,,,,
6/27/2024,881,,PATRICIA & HUBERT STUMMER,,CANVAS TANGERINE,5406-0000,2,1,-1,RECEIVED,,,NEED 2,,7/11,KEYSTON,$20.90,,,,,
6/27/2024,716,,SAM SALAY,,NURTURE PEBBLE,42102-0002,6,4,-2,RECEIVED,,,NEED 6,6/27/2024,7/1,KEYSTONE,$31.67,,,,,
6/27/2024,881,,PATRICIA & HUBERT STUMMER,,CANVAS WHITE,57003-0000,8,11,3,IN STOCK,,,,,,,,,,,,
6/27/2024,881,,PATRICIA & HUBERT STUMMER,,CABANA CLASSIC,58030-0000,1,0,-1,IN STOCK,,,,,,,,,,,,
6/27/2024,881,,PATRICIA & HUBERT STUMMER,,SHORE CLASSIC,58033-0000,1,3,2,IN STOCK,,,,,,,,,,,,
7/1/2024,876,,TOM GIULIANO,,LINEN SILVER,8351-0000,17,18,1,RECEIVED,,,NEED 17 TO COMPLETE,7/9/2024,3-4 DIAS,TRIVANTAGE,,,,,,
7/2/2024,885,,LARSON PROJECT,,FREQUENCY PARCHMENT,56093-0000,49,5,-44,IN STOCK,,,,,,,,,,,,
7/2/2024,885,,LARSON PROJECT,,MIDORI STONE ,,9,0,-9,IN STOCK,,,,,,,,,,,,
7/2/2024,885,,LARSON PROJECT,,CANVAS BLACK,5408-0000,5,0,OK,IN STOCK,,,,,,,,,,,,
7/3/2024,886,,NATASCHA STOLTZ,,CAST ASH,40428-0000,24,15,OK,RECEIVED,,,,7/9/2024,,KEYSTONE,,,,,,
7/3/2024,886,,NATASCHA STOLTZ,,STANTON GREYSTONE,58002-0000,6,0,OK,RECEIVED,,,,7/9/2024,,KEYSTONE,,,,,,
7/3/2024,886,,NATASCHA STOLTZ,,SPECTRUM CAYENNE,48026-0000,2,0,OK,RECEIVED,,,,7/9/2024,,KEYSTONE,,,,,,
7/8/2024,887,,DEBORAH TURNER,,CANVAS VELLUM,5498-0000,15,0,OK,RECEIVED,,,KEYSTONE,7/15/2024,7/15,KEYSTONE,$18.03,,,,,
7/8/2024,887,,DEBORAH TURNER,,REGENCY SAND,5695-0000,15,6,OK,RECEIVED,,,,7/9/2024,,KEYSTONE,,,,,,
7/8/2024,887,,DEBORAH TURNER,,CANVAS HEATHER BEIGE,5476-0000,7,47,OK,RECEIVED,,,,,,KEYSTONE,,,,,,
7/8/2024,887,,DEBORAH TURNER,,GATEWAY MIST,58039-0000,4,0,OK,RECEIVED,,,,,,KEYSTONE,,,,,,
7/8/2024,887,,DEBORAH TURNER,,CANVAS MINERAL BLUE,5420-0000,3,0,OK,RECEIVED,,,,7/9/2024,,KEYSTONE,,,,,,
7/8/2024,888,,SUSAN AMAZAN,,SPECTRUM DENIM,48086-0000,44,0,OK,RECEIVED,,,,7/9/2024,,KEYSTONE,,,,,,
7/8/2024,888,,SUSAN AMAZAN,,GATEWAY COAST,14087-0000,33,2,OK,RECEIVED,,,KEYSTON SAN DIEGO,,7/11,KEYSTONE,$18.35,,,,,
7/8/2024,888,,SUSAN AMAZAN,,CANVAS SKYLINE,14091-0000,3,68,65,IN STOCK,,,,,,,,,,,,
7/9/2024,892,,SOLOWAY INTERIORS SIMENSTAD,,CANVAS HAZE,14059-0054,18,2,-16,RECEIVED,,,NEED 18,7/15/2024,7/18,TRIVANTAGE,$21.37,,,,,
7/9/2024,892,,SOLOWAY INTERIORS SIMENSTAD,,SAILCLOTH SEAGULL,32000-0023,9,22,13,IN STOCK,,,,,,,,,,,,
7/9/2024,892,,SOLOWAY INTERIORS SIMENSTAD,,LINK HORIZON DUSK BLUE,,5,0,-5,RECEIVED,,,CLIENT PROVIDE,,,,,,,,,
7/9/2024,892,,SOLOWAY INTERIORS SIMENSTAD,,BEACHCOMBER BLUE,,3,0,-3,RECEIVED,,,CLIENT PROVIDE,,,,,,,,,
7/9/2024,892,,SOLOWAY INTERIORS SIMENSTAD,,LEON BLUE STEEL,,3,0,-3,RECEIVED,,,CLIENT PROVIDE,,,,,,,,,
7/10/2024,893,,MONICA & ROBERT HEIPLE,,NURTURE WHITE,42102-0001,61,0,-61,RECEIVED,,,55 YDS ORDERED,,7/11,KEYSTON,$31.67,,,,,
7/10/2024,893,,MONICA & ROBERT HEIPLE,,EQUAL INK,56110-0001,7,0,OK,RECEIVED,,,RECEIV=4,,7/11,KEYSTON,$20.56,,,,,
7/10/2024,893,,MONICA & ROBERT HEIPLE,,SOLVE DENIM,146397-001,3,2,OK,RECEIVED,,,,,7/11,KEYSTON,$25.95,,,,,
7/10/2024,893,,MONICA & ROBERT HEIPLE,,TRANQUIL SAGE,,1,0,OK,RECEIVED,,,RECIV=1,,7/11,KEYSTON,$22.24,,,,,
7/10/2024,894,,JAMIE MONTZ,,MARVEL CLOUD,44494-0002,8,4,-4,RECEIVED,,,,,7/11,KEYSTON,$21.41,,,,,
7/10/2024,894,,JAMIE MONTZ,,MARVEL LINEN,44494-0003,1,0,-1,RECEIVED,,,RECEIV=1,7/11/2024,,KEYSTON,$21.41,,,,,
7/10/2024,894,,JAMIE MONTZ,,TRANQUIL LINEN,44493-0003,22,0,-22,RECEIVED,,,NEED 22,7/15/2024,7/23,TRIVANTAGE,$25.41,,,,,
7/15/2024,848,,DENNIS & BECKY MUILENBURG,,SPECTRUM DOVE,48032-0000,10,8,-2,RECEIVED,,,NEED 8YDS,7/17/2024,7/18,KEYSTONE,$16.23,,,,,
7/15/2024,896,,JIM BUTLER & JENNIFER GRAF,,EMPIRE DOVE,45837-0002,35,2,-33,RECEIVED,,,ORDERED 20 NEED 26,7/15/2024,7/16 & 7/18,KEYSTONE,$34.64,,,,,
7/15/2024,896,,JIM BUTLER & JENNIFER GRAF,,VOYAGE DUNE,146206-0004,23,0,-23,RECEIVED,,,NEED 14,7/15/2024,7/22,KEYSTONE,$32.54,,,,,
7/15/2024,887,,DEBORAH TURNER,,CANVAS VELLUM,5498-0000,3,0,OK,RECEIVED,,,NEED 3 TO COMPLETE,7/15/2024,7/18,TRIVANTAGE,$19.69,,,,,
7/15/2024,896,,JIM BUTLER & JENNIFER GRAF,,SPECTRUM GRAPHITE,48030-0000,65,10,-55,RECEIVED,,,NEED 55,7/15/2024,7/23,TRIVANTAGE,$17.84,,,,,
7/15/2024,896,,JIM BUTLER & JENNIFER GRAF,,EMPIRE DOVE,45837-0002,6,2,-6,RECEIVED,,,NEED 6 TO COMPLETE,7/15/2024,7/18,TRIVANTAGE,$41.51,,,,,
7/15/2024,897,,DAN SHORR,,ACTION LINEN,44285-0000,15,0,-15,RECEIVED,,,NEED 8,7/17/2024,7/22,TRIVANTAGE,$34.15,,,,,
7/15/2024,897,,DAN SHORR,,CABANA CLASSIC,58030-0000,13,0,-13,RECEIVED,,,NEED 10,7/17/2024,7/22,TRIVANTAGE,$21.94,,,,,
7/15/2024,889,,WARRANTY  AIDA & ADIS VRANAC,,SPECTRUM INDIGO,48080-0000,28,2,-26,IN STOCK,,,LLEGARON: 28YD,,,,,,,,APRIL,
7/15/2024,889,,WARRANTY  AIDA & ADIS VRANAC,,VOYAGE INDIGO,146206-0001,14,0,-14,IN STOCK,,,LLEGARON: 14YD,,,,,,,,APRIL,
7/15/2024,896,,JIM BUTLER & JENNIFER GRAF,,CANVAS NATURAL,5404-0000,23,8,-15,IN STOCK,,,,,,,,,,,,
7/15/2024,897,,DAN SHORR,,SHORE LINEN,56054-0000,22,9,-13,IN STOCK,,,,,,,,,,,,
7/15/2024,897,,DAN SHORR,,CANVAS WHITE,57003-0000,15,11,-4,IN STOCK,,,,,,,,,,,,
7/15/2024,897,,DAN SHORR,,DETAIL LINEN,146003-0001,5,2.5,-2.5,IN STOCK,,,,,,,,,,,,
7/15/2024,897,,DAN SHORR,,EMBRACE LINEN,145849-0002,2,2,0,IN STOCK,,,,,,,,,,,,
7/15/2024,898,,WARRANTY BRIANNA PARETTE,,CANVAS WHITE,57003-0000,11,11,0,IN STOCK,,,LLEGARON: 24YD,,,,,,,,APRIL,
7/17/2024,899,,RICK VINCENT,,CANVAS HEATHER BEIGE,5476-0000,4,47,43,RECEIVED,,,NEED 2,7/17/2024,7/18,KEYSTONE,$18.03,,,,,
7/17/2024,893,,MONICA & ROBERT HEIPLE,,NURTURE WHITE,42102-0001,7,0,-7,RECEIVED,,,NEED TO COMPLETE 7YDS,7/17/2024,7/22,TRIVANTAGE,$38.38,,,,,
7/17/2024,899,,RICK VINCENT,,BERENSON TUXEDO,8521-0000,7,65,58,RECEIVED,,,NEED 2,7/17/2024,7/22,TRIVANTAGE,$23.05,,,,,
7/17/2024,899,,RICK VINCENT,,CANVAS BLACK,5408-0000,9,0,OK,IN STOCK,,,USING RAVEN BLACK,,,,,,,,,
7/17/2024,900,,SAM SALAY,,SPECTRUM CARBON,48085-0000,2,5,3,IN STOCK,,,,,,,,,,,,
7/23/2024,896,,JIM BUTLER & JENNIFER GRAF,,VOYAGE DUNE,146206-0004,9,0,OK,RECEIVED,,,NEED 9 TO COMPLETE,7/23/2024,7/24,KEYSTONE,$32.54,,,,,
7/23/2024,902,,CHRIS & RAY MCKIERNAN,,CANVAS NATURAL,5404-0000,33,8,-25,RECEIVED,,,NEED 33,7/30/2024,7/31,KEYSTONE,$18.03,,,,,
7/23/2024,902,,CHRIS & RAY MCKIERNAN,,CABANA CLASSIC,58030-0000,8,0,0,RECEIVED,,,NEED 5,7/30,8/1,TRIVANTAGE,$21.94,,,,,
7/23/2024,902,,CHRIS & RAY MCKIERNAN,,CANVAS BLACK,5408-0000,3,0,OK,IN STOCK,,,CAN USE CANVAS RAVEN BLACK,,,,,,,,,
7/25/2024,883,,WARRANTY GRADY & CHANTEL,,CAST SHALE,40432-0000,9,1,-8,RECEIVED,,,NEED 9 TO COMPLETE,7/25/2024,7/25,KEYSTONE,,,,,APRIL,
7/25/2024,883,,WARRANTY GRADY & CHANTEL,,SPECTRUM CARBON,48085-0000,3,5,2,RECEIVED,,,NEED 3 TO COMPLETE,7/25/2024,7/25,KEYSTONE,,,,,APRIL,
7/25/2024,883,,WARRANTY GRADY & CHANTEL,,CAST SHALE,40432-0000,2,1,OK,RECEIVED,,,NEED 2 FOR CUBE,8/5/2024,8/6/2024,KEYSTONE,$17.44,,,,APRIL,
7/29/2024,904,,BRADHOWELL,,CAST LAGOON,40456-0000,3,0,-3,RECEIVED,,,NEED 3 TO COMPLETE,7/30/2024,7/31,KEYSTONE,$17.44,,,,,
7/29/2024,906,,MICHAEL & MICHELLE PEED,,CANVAS NAVY,5439-0000,4,8,4,RECEIVED,,,NEED 4,7/30/2024,7/31,KEYSTONE,$18.03,,,,,
7/29/2024,907,,SCOTT & CYNTHIA STRATTMAN,,EMBRACE INDIGO,145849-0003,32,3,-29,RECEIVED,,,NEED 32,7/30/2024,7/31,KEYSTONE,$24.60,,,,,
7/29/2024,907,,SCOTT & CYNTHIA STRATTMAN,,CANVAS FLAX,5492-0000,13,0,-13,RECEIVED,,,NEED 10,7/30/2024,7/31,KEYSTONE,$18.03,,,,,
7/29/2024,906,,MICHAEL & MICHELLE PEED,,CANVAS NATURAL,5404-0000,6,8,2,RECEIVED,,,NEED 6,7/30,8/1,TRIVANTAGE,$19.69,,,,,
7/29/2024,907,,SCOTT & CYNTHIA STRATTMAN,,CHARTRES RAINFALL,45864-0106,15,0,0,RECEIVED,,,NEED 15,7/30,8/6/2024,TRIVANTAGE,$39.03,,,,,
7/29/2024,906,,MICHAEL & MICHELLE PEED,,ADAPTATION INDIGO,69010-0004,3,4,1,IN STOCK,,,,,,,,,,,,
7/30/2024,908,,DEBBIE KILLIAN,,SAILCLOTH SEAGULL,32000-0023,29,22,-7,RECEIVED,,,NEED 27,8/1/2024,8/1,KEYSTONE,$31.27,,,,,
7/30/2024,908,,DEBBIE KILLIAN,,ESCAPE DENIM,146207-0001,8,0,-8,RECEIVED,,,NEED 5,8/1/2024,8/1,KEYSTONE,$35.09,,,,,
7/30/2024,908,,DEBBIE KILLIAN,,CANVAS SAPPHIRE BLUE,5452-0000,3,2,-1,IN STOCK,,,,,,,,,,,,
8/1/2024,909,,GREG & TAMMY HAWLEY,,CABANA CLASSIC,58030-0000,24,0,OK,RECEIVED,,,NEED 24,8/5/2024,3-4,KEYSTONE,$19.92,,,,,
8/1/2024,909,,GREG & TAMMY HAWLEY,,CANVAS BLACK,5408-0000,9,0,-9,IN STOCK,,,TAKE CANVAS RAVEN BALCK,,,,,,,,,
8/1/2024,909,,GREG & TAMMY HAWLEY,,CANVAS WHITE,57003-0000,7,11,4,IN STOCK,,,,,,,,,,,,
8/1/2024,909,,GREG & TAMMY HAWLEY,,CANVAS GINKGO,54011-0000,3,30,27,IN STOCK,,,,,,,,,,,,
8/1/2024,909,,GREG & TAMMY HAWLEY,,SHORE CLASSIC,58033-0000,1,3,2,IN STOCK,,,,,,,,,,,,
8/5/2024,910,,NICK HENKEL,,CANVAS WHITE,5703-0000,64,11,OK,RECEIVED,,,NEED 51,8/5/2024,LOC1DIA-3-4 CALIF,KEYSTONE,$18.03,,,,,
8/5/2024,910,,NICK HENKEL,,CABANA CLASSIC,58030-0000,15,0,-15,RECEIVED,,,NEED 15 TO COMPLETE,8/19/2024,8/19,KEYSTONE,$19.92,,,,,
8/5/2024,910,,NICK HENKEL,,CANVAS WHITE,5703-0000,10,11,1,RECEIVED,,,NEED 10 TO COMPLETE,8/19/2024,8/19,KEYSTONE,$18.03,,,,,
8/5/2024,910,,NICK HENKEL,,CABANA CLASSIC,58030-0000,51,0,OK,RECEIVED,,,NEED 51,8/5/2024,8-13,TRIVANTAGE,$21.94,,,,,
8/6/2024,912,,YUNI,,NURTURE SMOKE,42102-0003,13,5,,RECEIVED,,,NEED 9,8/7/2024,8/8,KEYSTON,,,,,,
8/6/2024,911,,ASHLEIGH DONOVAN,,EXPRESSIVE SPARROW,14121-0000,33,0,OK,RECEIVED,,,33,8/7/2024,8-13,TRIVANTAGE,$22.73,,,,,
8/6/2024,911,,ASHLEIGH DONOVAN,,TRAIL BLUSH,42106-0005,5,0,OK,RECEIVED,,,NEED 5,8/7/2024,8-13,TRIVANTAGE,$30.99,,,,,
8/6/2024,911,,ASHLEIGH DONOVAN,,POSH CORAL,44157-0016,1,0,OK,RECEIVED,,,NEED 1,8/7/2024,8-13,TRIVANTAGE,$41.53,,,,,
8/6/2024,911,,ASHLEIGH DONOVAN,,EXPRESSIVE SPARROW,14121-0000,7,0,OK,RECEIVED,,,7 TO COMPLETE,8/7/2024,8-13,UNITED FABRIC,$26.45,,,,,
8/6/2024,912,,YUNI,,ARRAY DUNE ,145654-0001,5,0,,IN STOCK,,,,,,,,,,,,
8/9/2024,916,,WARRANTY FOR MARK GERBER,,SPECTRUM DENIM,48086-0000,28,0,,RECEIVED,,,RECIBIMOS 28YDS,,8/9,KEYSTON,,,,,APRIL,
8/12/2024,915,,MARLENE WOODS,,DETAIL LINEN,146003-0001,12,2.5,-9.5,RECEIVED,,,NEED 12,8/12/2024,8/14,JUSTWHOLESALE,,,,,,
8/12/2024,917,,DAN & JENNIFER WELTON,,HERITAGE PAPYRUS,18006-0000,15,21,,RECEIVED,,,NEED 15,8/19/2024,8/19,KEYSTONE,$32.75,,,,,
8/13/2024,903,,WARRANTY MARK & CHERYL HINGIS,,CANVAS NAVY,5439-0000,69,8,,RECEIVED,,,RECIBIMOS 69,,8/13,KEYSTONE,,,,,APRIL,
8/13/2024,903,,WARRANTY MARK & CHERYL HINGIS,,LIDO INDIGO,57004-0000,12,8,,RECEIVED,,,RECIBIMOS 12,,8/13,KEYSTONE,,,,,APRIL,
8/13/2024,903,,WARRANTY MARK & CHERYL HINGIS,,LUXE INDIGO,45690-0000,4,13,,RECEIVED,,,RECIBIMOS 4,,8/13,KEYSTONE,,,,,APRIL,
8/13/2024,918,,WARRANTY JOANNE DEDEK,,HERITAGE ASHE,18001-0000,32,0,,RECEIVED,,,RECIBIMOS 32 YD,,8/13,KEYSTONE,,,,,APRIL,
8/13/2024,918,,WARRANTY JOANNE DEDEK,,CANVAS FLAX,5492-0000,12,0,,RECEIVED,,,RECIBIMOS 12 YDS,,8/13,KEYSTONE,,,,,APRIL,
8/13/2024,918,,WARRANTY JOANNE DEDEK,,MILANO CHAR,56079-0000,12,7,,RECEIVED,,,RECIBIMOS 12 YDS,,8/13,KEYSTONE,,,,,APRIL,
8/13/2024,918,,WARRANTY JOANNE DEDEK,,LINEN SILVER,8351-0000,9,18,,RECEIVED,,,RECIBIMOS 9 YD,,8/13,KEYSTONE,,,,,APRIL,
8/13/2024,918,,WARRANTY JOANNE DEDEK,,SPECTRUM CARBON,48085-0000,3,5,,RECEIVED,,,RECIBIMOS 3 YDS,,8/13,KEYSTONE,,,,,APRIL,
8/13/2024,919,,WARRANTY KELSEY KITTLESON,,CANVAS WHITE,57003-0000,55,11,,RECEIVED,,,RECIBIMOS 55 YDS,,8/15,KEYSTONE,,,,,,
8/13/2024,918,,WARRANTY JOANNE DEDEK,,MIDORI STONE ,,22,0,,PENDING,,,STILL ON BACK ORDER,,,,,,,,APRIL,
8/15/2024,921,,BILL OKRUCH,,BLISS LINEN,48135-0001,45,16,-29,RECEIVED,,,NEED 45,8/21/2024,8/21,KEYSTONE,$16.19,,,,,
8/15/2024,922,,COURTNEY RISCHER,,SAILCLOTH SEAGULL,32000-0023,18,22,4,RECEIVED,,,NEED 15,8/27/2024,8/28,KEYSTONE,,,,,,
8/15/2024,922,,COURTNEY RISCHER,,SOLANA SEAGULL,32008-0000,9,4,-5,RECEIVED,,,NEED 9,8/27/2024,8/28,KEYSTONE,,,,,,
8/15/2024,922,,COURTNEY RISCHER,,SAILCLOTH SEAGULL,32000-0023,6,22,16,RECEIVED,,,NEED 6 TO COMPLETE,9/4/2024,9/5,KEYSTONE,$28.95,,,,,
8/15/2024,921,,BILL OKRUCH,,BLISS LINEN,48135-0001,17,16,-1,RECEIVED,,,NEED 17 TO COMPLETE THE 62,8/21/2024,8/27,TRIVANTAGE,$19.50,,,,,
8/15/2024,921,,BILL OKRUCH,,SHORE LINEN,56054-0000,3,9,6,IN STOCK,,,,,,,,,,,,
8/15/2024,921,,BILL OKRUCH,,CANVAS FLAX,5492-0000,2,0,-2,IN STOCK,,,,,,,,,,,,
8/15/2024,922,,COURTNEY RISCHER,,CANVAS WHITE,32000-0023,1,11,10,IN STOCK,,,,,,,,,,,,
8/16/2024,923,,GREG & SUSAN CONGER,,CANVAS BLACK,5408-0000,16,0,-16,RECEIVED,,,NEED 16,8/21/2024,8/21,KEYSTONE,$18.03,,,,,
8/16/2024,923,,GREG & SUSAN CONGER,,CANVAS WHITE,57003-0000,9,11,2,RECEIVED,,,NEED 9,8/21/2024,8/21,KEYSTONE,,,,,,
8/16/2024,923,,GREG & SUSAN CONGER,,SHORE CLASSIC,58033-0000,9,3,-6,RECEIVED,,,NEED 9,8/21/2024,8/21,KEYSTONE,$19.92,,,,,
8/19/2024,924,,EDDIE SMITH,,CREATE SMOKE,145844-0001,15,0,-15,RECEIVED,,,NEED 11 YDS,8/21/2024,8/21,KEYSTONE,$29.27,,,,,
8/19/2024,924,,EDDIE SMITH,,HYBRID SMOKE,42079-0000,14,4,-10,RECEIVED,,,NEED 14 YDS,8/21/2024,8/21,KEYSTONE,$31.67,,,,,
8/19/2024,860,,MOUNTAIN SHADOWS,,ADAPTATION INDIGO,69010-0004,4,4,0,IN STOCK,,,,,,,,,,,,
8/19/2024,924,,EDDIE SMITH,,MILANO CHAR,56079-0000,1,7,6,IN STOCK,,,,,,,,,,,,
8/20/2024,888,,SUSAN AMAZAN,,GATEWAY COAST,14087-0000,27,2,-25,RECEIVED,,,NEED 27 TO COMPLETE,8/20/2024,8/20,KEYSTONE,$18.35,,,,,
8/21/2024,925,,LINDA KILANDER,,CANVAS FLAX,5492-0000,28,0,-28,RECEIVED,,,NEED 28,8/27/2024,8/28,KEYSTONE,,,,,,
8/21/2024,925,,LINDA KILANDER,,CANVAS BLACK,5408-0000,5,0,-5,RECEIVED,,,NEED 5,8/27/2024,8/28,KEYSTONE,,,,,,
8/21/2024,926,,JASON NEIMAN,,CANVAS CYAN,56105-0000,9,0,-9,RECEIVED,,,NEED 9,8/27/2024,8/28,KEYSTONE,,,,,,
8/21/2024,926,,JASON NEIMAN,,SEVILLE SEASIDE,5608-0000,1,4,3,RECEIVED,,,NEED 1,8/27/2024,8/28,KEYSTONE,,,,,,
8/21/2024,925,,LINDA KILANDER,,SHORE LINEN,56054-0000,27,9,-18,IN STOCK,,,,,,,,,,,,
8/21/2024,926,,JASON NEIMAN,,CANVAS GINKGO,54011-0000,1,30,29,IN STOCK,,,,,,,,,,,,
8/22/2024,919,,WARRANTY KELSEY KITTLESON,,CAST ASH,40428-0000,95,15,-80,PICKUP,,,NEED 90YDS,8/22/2024,8/23,KEYSTONE,,,,,APRIL,
8/22/2024,919,,WARRANTY KELSEY KITTLESON,,CANVAS FLAX,57003-0000,34,0,-34,RECEIVED,,,NEED 34 ,8/29/2024,9/5,KEYSTONE,$18.03,,,,APRIL,
8/22/2024,919,,WARRANTY KELSEY KITTLESON,,COVE PEBBLE,58036-0000,34,6,-28,PICKUP,,,NEED 35YDS,8/22/2024,8/23,KEYSTONE,,,,,APRIL,
8/23/2024,929,,STEVE & ISABELLA RESTIVO,,DIRECTION DEW,40599-0002,30,0,-30,RECEIVED,,,NEED 45...30 LOCAL,8/27/2024,8/28,KEYSTONE,$19.82,,,,,
8/23/2024,929,,STEVE & ISABELLA RESTIVO,,CANVAS SAPPHIRE BLUE,5452-0000,28,2,-26,RECEIVED,,,NEED 26,8/27/2024,8/28,KEYSTONE,,,,,,
8/23/2024,929,,STEVE & ISABELLA RESTIVO,,SPECTRUM INDIGO,48080-0000,19,2,-17,RECEIVED,,,NEED 13,8/27/2024,8/28,KEYSTONE,,,,,,
8/23/2024,929,,STEVE & ISABELLA RESTIVO,,DIRECTION DEW,40599-0002,15,0,-15,RECEIVED,,,NEED 15,9/4/2024,9/10,KEYSTONE,$19.82,,,,,
8/23/2024,929,,STEVE & ISABELLA RESTIVO,,MOMENTO SNOW,42105-0001,1,0,-1,IN STOCK,,,,,,,,,,,,
8/26/2024,928,,SHELLEY GROTHAUS,,CANVAS CANVAS,5453-0000,6,16,10,RECEIVED,,,NEED 6,8/27/2024,,KEYSTONE,,,,,,
8/27/2024,930,,JASON SCHNEIDER,,CANVAS GLACIER,5428-0000,,27,27,IN STOCK,,,,,,,,,,,,
8/27/2024,930,,JASON SCHNEIDER,,STANTON LAGOON,58001-0000,,0,0,IN STOCK,,,,,,,,,,,,
8/29/2024,931,,MARK WEBER,,CANVAS SAPPHIRE BLUE,5452-0000,26,2,-24,RECEIVED,,,NEED 26,9/4/2024,9/9,KEYSTONE,$16.69,,,,,
8/29/2024,931,,MARK WEBER,,DIRECTION DEW,40599-0002,15,0,-15,RECEIVED,,,NEED 45...15 FROM ...HERE,9/10/2024,10/7,KEYSTONE,$19.82,,,,,
8/29/2024,931,,MARK WEBER,,TRANQUIL CAMEL,44493-0002,15,0,-15,RECEIVED,,,NEED 15,9/4/2024,9/5,KEYSTONE,$20.59,,,,,
8/29/2024,931,,MARK WEBER,,ACTION LINEN,44285-0000,13,0,-13,RECEIVED,,,NEED 13,9/4/2024,9/5,KEYSTONE,$28.95,,,,,
8/29/2024,931,,MARK WEBER,,SPECTRUM INDIGO,488080-0000,8,2,-6,RECEIVED,,,NEED 10,9/4/2024,9/5,KEYSTONE,$15.03,,,,,
8/29/2024,931,,MARK WEBER,,CAST OASIS,40430-0000,3,0,-3,RECEIVED,,,NEED 3,9/4/2024,9/5,KEYSTONE,$16.15,,,,,
8/29/2024,949,,WARRANTY TERESA PALMER,,CANVAS WHITE,57003-0000,32,11,-21,RECEIVED,,,NEED 32,,8/29,KEYSTONE,,,,,APRIL,
8/29/2024,949,,WARRANTY TERESA PALMER,,LUXE INDIGO,45690-0000,27,13,-14,RECEIVED,,,NEED 27,,8/29,KEYSTONE,,,,,APRIL,
8/29/2024,931,,MARK WEBER,,NURTURE WHITE,42102-0001,2,0,-2,IN STOCK,,,OK,,,,,,,,,
8/29/2024,949,,WARRANTY TERESA PALMER,,CANVAS NAVY,5439-0000,167,8,-159,RECEIVED,,,167 POR LLEGAR,,9/10,,,,,,APRIL,
8/29/2024,949,,WARRANTY TERESA PALMER,,LIDO INDIGO,57004-0000,60,8,-52,RECEIVED,,,60 POR LLEGAR,,9/10,,,,,,APRIL,
9/3/2024,933,,YUNI KIM,,NURTURE SMOKE,42102-0003,7,5,-2,RECEIVED,,,NEED 4,9/9/2024,9/12,KEYSTONE,$29.32,,,,,
9/3/2024,934,,GREG VIECHNICKI,,CANVAS HEATHER BEIGE,5476-0000,17,47,30,RECEIVED,,,NEED 15,9/4/2024,9/5,KEYSTONE,$16.69,,,,,
9/3/2024,934,,GREG VIECHNICKI,,BERENSON TUXEDO,8521-0000,9,65,56,RECEIVED,,,NEED 5,9/4/2024,9/5,KEYSTONE,$19.35,,,,,
9/3/2024,934,,GREG VIECHNICKI,,CANVAS CANVAS,5453-0000,5,16,11,RECEIVED,,,NEED 5,9/4/2024,9/5,KEYSTONE,$16.89,,,,,
9/3/2024,934,,GREG VIECHNICKI,,CANVAS BLACK,5408-0000,4,0,-4,RECEIVED,,,NEED 4,9/4/2024,9/5,KEYSTONE,$16.69,,,,,
9/3/2024,936,,WARRANTY JERAD MILLER,,HERITAGE CHAR,18009-0000,15,12,-3,RECEIVED,,,REQUEST 15,,9/3,KEYSTONE,,,,,APRIL,
9/3/2024,936,,WARRANTY JERAD MILLER,,CANVAS FLAX ,5492-0000,72,0,-72,RECEIVED,,,REQUEST 72,9/5/2024,9/9,TRIVANTAGE,$19.69,,,,APRIL,
9/4/2024,935,,DAN MAYNARD,,CANVAS NAVY,5439-0000,62,8,-54,RECEIVED,,,NEED 62,9/9/2024,9/11,KEYSTONE,$16.69,,,,,
9/4/2024,935,,DAN MAYNARD,,MIDORI INDIGO,145256-0001,22,0,-22,RECEIVED,,,NEED 20,9/9/2024,9/10,KEYSTONE,$34.33,,,,,
9/4/2024,935,,DAN MAYNARD,,LIDO INDIGO,57003-0000,11,8,-3,RECEIVED,,,NEED 9,9/9/2024,9/10,KEYSTONE,$16.99,,,,,
9/4/2024,935,,DAN MAYNARD,,CANVAS BLACK,5405-0000,2,0,-2,RECEIVED,,,NEED 2,9/9/2024,9/10,KEYSTONE,$16.69,,,,,
9/4/2024,,,OPTIMA PROJECT,,DUPIONE PAPAYA,8053-0000,1,0,-1,RECEIVED,,,NEED 1 FOR MIKE SAMPLE,9/4/2024,9/5,KEYSTONE,$22.87,,,,,
9/4/2024,935,,DAN MAYNARD,,CANVAS WHITE,57003-0000,45,11,-34,IN STOCK,,,OK,,,,,,,,,
9/4/2024,935,,DAN MAYNARD,,DETAIL CLASSIC,146003-0002,1,15,14,IN STOCK,,,,,,,,,,,,
9/6/2024,943,,REDO- OPTIMA 7120,,SEVILLE SEASIDE,5608-0000,30,4,-26,RECEIVED,,,NEED 30 PER CHRISTIAN,9/6/2024,9/9,KEYSTONE,,,,,,
9/9/2024,937,,AVRUM & LAUREN ELMAKIS,,CANVAS HAZE,14059-0054,35,2,-33,RECEIVED,,,NEED 23,9/9/2024,9/10,KEYSTONE,$16.45,,,,,
9/9/2024,937,,AVRUM & LAUREN ELMAKIS,,SOLVE DENIM,146397-001,28,2,-26,RECEIVED,,,NEED 28,9/9/2024,9/10,KEYSTONE,$24.02,,,,,
9/9/2024,937,,AVRUM & LAUREN ELMAKIS,,CANVAS WHITE,57003-0000,13,11,-2,RECEIVED,,,NEED 13,9/9/2024,9/10,KEYSTONE,$16.69,,,,,
9/9/2024,937,,AVRUM & LAUREN ELMAKIS,,CANVAS FLAX,5492-0000,12,0,-12,RECEIVED,,,NEED 12,9/9/2024,9/16,KEYSTONE,$16.69,,,,,
9/9/2024,937,,AVRUM & LAUREN ELMAKIS,,VOYAGE DUNE,146206-0004,10,0,-10,RECEIVED,,,NEED 8,9/9/2024,9/10,KEYSTONE,$30.13,,,,,
9/9/2024,937,,AVRUM & LAUREN ELMAKIS,,CABANA CLASSIC,58030-0000,4,0,-4,RECEIVED,,,NEED 4,9/9/2024,9/10,KEYSTONE,$18.44,,,,,
9/9/2024,937,,AVRUM & LAUREN ELMAKIS,,CANVAS HOT PINK,5462-0000,1,37,36,RECEIVED,,,NEED 1,9/9/2024,9/10,KEYSTONE,$19.35,,,,,
9/9/2024,938,,JAMIE MONTZ,,TRANQUIL LINEN,44493-0003,15,0,-15,RECEIVED,,,NEED 15,9/10/2024,9/11,KEYSTONE,$20.59,,,,,
9/9/2024,938,,JAMIE MONTZ,,MARVEL CLOUD,44494-0002,10,4,-6,RECEIVED,,,NEED 10,9/10/2024,9/16,KEYSTONE,$19.82,,,,,
9/9/2024,938,,JAMIE MONTZ,,MARVEL LINEN,44494-0003,7,0,-7,RECEIVED,,,NEED 7 TO COMPLETE,9/10/2024,9/11,KEYSTONE,$19.82,,,,,
9/9/2024,941,,WARRANTY GINA KEITH,,MARVEL CLOUD,44494-0002,33,4,-29,RECEIVED,,,NEED 33 TO COMPLETE,9/9/2024,9/16,KEYSTONE,$19.82,,,,APRIL,
9/9/2024,941,,WARRANTY GINA KEITH,,TRANQUIL LINEN,44493-0003,32,0,-32,RECEIVED,,,REQUEST 32,,9/9,KEYSTONE,,,,,APRIL,
9/9/2024,941,,WARRANTY GINA KEITH,,MARVEL CLOUD,44494-0002,25,4,-21,RECEIVED,,,REQUEST 25 BACK ORDER 13,,9/9,KEYSTONE,,,,,APRIL,
9/9/2024,941,,WARRANTY GINA KEITH,,REMIX MESA,48145-0005,7,1,-6,RECEIVED,,,NEED 7 TO COMPLETE,9/9/2024,9/10,KEYSTONE,$15.62,,,,APRIL,
9/9/2024,941,,WARRANTY GINA KEITH,,SOLVE CLAY,146397-0002,6,2,-4,RECEIVED,,,REQUEST 6,,9/9,KEYSTONE,,,,,APRIL,
9/9/2024,941,,WARRANTY GINA KEITH,,INFUSED GEM,145853-0001,3,2,-1,RECEIVED,,,REQUEST 3,,9/9,KEYSTONE,,,,,APRIL,
9/9/2024,945,,DAN MAYNARD CUSHION REDO,,BERENSON TUXEDO,8521-0000,47,65,18,RECEIVED,,,NEED 47 YDS,9/10/2024,9/16,KEYSTONE,$19.35,,,,APRIL,
9/9/2024,TRADE,,TRADE NEIGHBORS,,ELEGANCE MARBLE,45746-0001,19,0,-19,RECEIVED,,,NEED 19,9/9/2024,9/10,KEYSTONE,$34.94,,,,APRIL,
9/9/2024,937,,AVRUM & LAUREN ELMAKIS,,CANVAS HAZE,14059-0054,35,2,-33,RECEIVED,,,NEED 12 TO COMPLETE NO KEYSTON,9/11/2024,9/16,TRIVANTAGE,$21.37,,,,,
9/9/2024,937,,AVRUM & LAUREN ELMAKIS,,EQUAL INK,56110-0001,8,0,-8,RECEIVED,,,NEED 8,9/11/2024,9/16,TRIVANTAGE,$25.28,,,,,
9/10/2024,939,,PRADEPP & SHVETA MEHRA,,LINEN CANVAS,8353-0000,33,5,-28,RECEIVED,,,NEED 33 TO COMPLETE,9/13/2024,9/24,KEYSTONE,$19.35,,,,,
9/10/2024,939,,PRADEPP & SHVETA MEHRA,,GATEWAY COAST,14087-0000,6,2,-4,RECEIVED,,,NEED 6,9/13/2024,9/16,KEYSTONE,$16.99,,,,,
9/10/2024,940,,WEBSTER RESIDENCE,,CANVAS HEATHER BEIGE,5476-0000,23,47,ok,RECEIVED,,,NEED 23,9/13/2024,9/16,KEYSTONE,,,,,,
9/10/2024,940,,WEBSTER RESIDENCE,,REGENCY SAND,5695-0000,14,6,-8,RECEIVED,,,NEED 14,9/13/2024,9/16,KEYSTONE,,,,,,
9/10/2024,940,,WEBSTER RESIDENCE,,BERENSON TUXEDO,8521-0000,8,65,57,RECEIVED,,,NEED 8,9/13/2024,9/16,KEYSTONE,,,,,,
9/10/2024,940,,WEBSTER RESIDENCE,,MAINSTREET PUTTY,42048-0012,7,4,-3,RECEIVED,,,NEED 5,9/13/2024,9/24,KEYSTONE,,,,,,
9/10/2024,940,,WEBSTER RESIDENCE,,SAILCLOTH SAILOR,32000-0026,1,0,-1,RECEIVED,,,NEED 1,9/13/2024,9/16,KEYSTONE,$28.95,,,,,
9/10/2024,939,,PRADEPP & SHVETA MEHRA,,CANVAS SKYLINE,14091-0000,12,68,56,IN STOCK,,,,,,,,,,,,
9/10/2024,939,,PRADEPP & SHVETA MEHRA,,CANVAS SAPPHIRE BLUE,5452-0000,2,2,0,IN STOCK,,,,,,,,,,,,
9/11/2024,929,,STEVE & ISABELLA RESTIVO,,DIRECTION DEW,40599-0002,7,0,-7,RECEIVED,,,NEED 7 TO COMPLETE,9/11/2024,9/17,KEYSTONE,$19.82,,,,,
9/13/2024,,,WARRANTY MIKE SULLIVAN,,CABANA CLASSIC,58030-0000,,0,0,RECEIVED,,,REQUEST 10,,9/13,KEYSTONE,,,,,,
9/13/2024,,,WARRANTY MIKE SULLIVAN,,CANVAS BLACK,5405-0000,,0,0,RECEIVED,,,REQUEST 30,,9/13,KEYSTONE,,,,,,
9/16/2024,943,,REDO- OPTIMA 7120,,SEVILLE SEASIDE,5608-0000,8,4,-4,RECEIVED,,,NEED 8 TO COMPLETE,9/16/2024,9/16,KEYSTONE,$16.69,,,,,
9/17/2024,947,,ANIA BLICK,,CANVAS MACAW,5429-0000,16,0,-16,RECEIVED,,,NEED 16,9/17/2024,9/18,KEYSTONE,$19.35,,,,,
9/17/2024,947,,ANIA BLICK,,SEVILLE SEASIDE,5608-0000,5,4,-1,RECEIVED,,,NEED 5,9/17/2024,9/18,KEYSTONE,$16.69,,,,,
9/19/2024,910,,NICK HENKEL,,CABANA CLASSIC,58030-0000,4,0,-4,RECEIVED,,,NEED 4 TO COMPLETE,9/19/2024,9-23,KEYSTONE,$18.44,,,,,
9/19/2024,948,,REDO- OPTIMA 7120,,SEVILLE SEASIDE,5608-0000,3,4,1,RECEIVED,,,NEED 3,9/19/2024,9/23,KEYSTONE,$16.69,,,,,
9/19/2024,948,,REDO...MAYBE ,,CANVAS ABBYS,14066-0000,20,9,-11,IN STOCK,,,,,,,,,,,,
9/20/2024,950,,JOEL DE OCAMPO,,SAILCLOTH SEAGULL,32000-0023,23,22,-1,RECEIVED,,,NEED 21,9/23/2024,9/24,KEYSTONE,$28.95,,,,,
9/20/2024,950,,JOEL DE OCAMPO,,SOLANA SEAGULL,32008-0000,13,4,-9,RECEIVED,,,NEED 13,9/23/2024,9/24,KEYSTONE,$30.67,,,,,
9/20/2024,950,,JOEL DE OCAMPO,,CANVAS SAPPHIRE BLUE,5452-0000,11,2,-9,RECEIVED,,,NEED 11,9/23/2024,9/27,KEYSTONE,$16.69,,,,,
9/20/2024,950,,JOEL DE OCAMPO,,DETAIL LINEN,146003-0001,4,2.5,-1.5,RECEIVED,,,NEED 2,9/23/2024,9/24,KEYSTONE,$28.22,,,,,
9/20/2024,951,,DAVID & LYNN TALEN,,SPECTRUM INDIGO,48080-0000,8,2,-6,RECEIVED,,,NEED 5,9/23/2024,9/24,KEYSTONE,$15.03,,,,,
9/20/2024,952,,CRISTIN NICHOLAS MOSHER RESIDENCE,,SPECTRUM INDIGO,48080-0000,25,2,-23,RECEIVED,,,NEED 25,9/23/2024,9/24,KEYSTONE,$15.03,,,,,
9/20/2024,952,,CRISTIN NICHOLAS MOSHER RESIDENCE,,DETAIL LINEN,146003-0001,12,2.5,-9.5,RECEIVED,,,NEED 12,9/23/2024,9/24,KEYSTONE,$28.22,,,,,
9/20/2024,952,,CRISTIN NICHOLAS MOSHER RESIDENCE,,NURTURE WHITE,42102-0001,6,0,-6,RECEIVED,,,NEED 4,9/23/2024,9/24,KEYSTONE,$29.32,,,,,
9/20/2024,952,,CRISTIN NICHOLAS MOSHER RESIDENCE,,MAINSTREET PUTTY,42048-0012,2,4,2,RECEIVED,,,NEED 2,9/23/2024,9/24,KEYSTONE,$35.08,,,,,
9/20/2024,952,,CRISTIN NICHOLAS MOSHER RESIDENCE,,EQUAL INK,56110-0001,23,0,-23,RECEIVED,,,NEED 20,9/25/2024,9/27,TRIVANTAGE,$25.28,,,,,
9/20/2024,951,,DAVID & LYNN TALEN,,SPECTRUM EGGSHELL,48018-0000,18,4,-14,IN STOCK,,,,,,,,,,,,
9/20/2024,952,,CRISTIN NICHOLAS MOSHER RESIDENCE,,SHORE LINEN,56054-0000,12,9,-3,IN STOCK,,,,,,,,,,,,
9/20/2024,952,,CRISTIN NICHOLAS MOSHER RESIDENCE,,DETAIL NAVY,146003-0005,1,0,-1,IN STOCK,,,,,,,,,,,,
9/20/2024,952,,CRISTIN NICHOLAS MOSHER RESIDENCE,,SOLVE DENIM,146397-0001,1,2,1,IN STOCK,,,,,,,,,,,,
9/20/2024,952,,CRISTIN NICHOLAS MOSHER RESIDENCE,,VOYAGE INDIGO,146206-0001,1,0,-1,IN STOCK,,,,,,,,,,,,
9/23/2024,953,,SCOTT FROST,,CAROUSEL CONFETTI,7774-0000,12,0,-12,RECEIVED,,,NEED 12,9/23/2024,9/24,KEYSTONE,$21.24,,,,,
9/23/2024,TRADE,,TRADE NEIGHBORS,,ELEGANCE MARBLE,45746-0001,5,0,-5,RECEIVED,,,NEED 5 FOR ADD ON,9/23/2024,10/4,KEYSTONE,,,,,APRIL,
9/23/2024,953,,SCOTT FROST,,CANVAS MELON,5415-0000,2,28,26,IN STOCK,,,,,,,,,,,,
9/25/2024,956,,MIKE SULLIVAN,,LINEN SILVER,8351-0000,30,18,-12,RECEIVED,,,NEED 30,9/25/2024,9/26,KEYSTON,$19.35,,,,APRIL,
9/25/2024,956,,MIKE SULLIVAN,,CABANA CLASSIC,58030-0000,20,0,-20,RECEIVED,,,NEED 20,9/25/2024,9/30,KEYSTON,$18.44,,,,APRIL,
9/25/2024,955,,MARIA O'SULLIVAN,,CANVAS NATURAL,5404-0000,8,8,0,IN STOCK,,,,,,,,,,,,
9/26/2024,957,,JAN & JORDAN AYAN,,CLOCK OUT CLOUD,146205-0003,14,3,-11,RECEIVED,,,NEED 10,10/3/2024,10/4,KEYSTON,,,,,,
9/26/2024,957,,JAN & JORDAN AYAN,,CANVAS TANGERINE,5406-0000,5,1,-4,RECEIVED,,,NEED 3,10/3/2024,10/8,KEYSTON,,,,,,
9/26/2024,957,,JAN & JORDAN AYAN,,LINEN NATURAL,8304-0000,2,1,-1,RECEIVED,,,NEED 2,10/3/2024,10/4,KEYSTON,,,,,,
9/26/2024,958,,MARTINA SOLTES,,SPECTRUM DOVE,48032-0000,33,8,-25,RECEIVED,,,CCPATIO-SUNBRELLA  ORDER 33,,9/26,KEYSTON,$15.03,,,,APRIL,
9/26/2024,957,,JAN & JORDAN AYAN,,CANVAS FLAX,5492-0000,23,0,-23,IN STOCK,,,,,,,,,,,,
9/26/2024,957,,JAN & JORDAN AYAN,,SHORE LINEN,56054-0000,9,9,0,IN STOCK,,,,,,,,,,,,
10/1/2024,959,,APRIL BRADY,,LIDO INDIGO,57004-0000,16,8,-8,RECEIVED,,,NEED 16,10/2/2024,10/3,KEYSTON,,,,,,
10/1/2024,959,,APRIL BRADY,,LUXE INDIGO,45690-0000,10,13,3,RECEIVED,,,NEED 10,10/2/2024,10/3,KEYSTON,,,,,,
10/1/2024,959,,APRIL BRADY,,CANVAS BUTTERCUP,5438-0000,2,0,-2,RECEIVED,,,NEED 2,10/2/2024,10/3,KEYSTON,,,,,,
10/1/2024,960,,JASON SCHNEIDER,,VOYAGE BREEZE,146206-0003,17,0,-17,RECEIVED,,,NEED 17,10/2/2024,10/3,KEYSTON,,,,,,
10/1/2024,960,,JASON SCHNEIDER,,DOLCE OASIS,56001-0000,7,0,-7,RECEIVED,,,NEED 7,10/2/2024,10/3,KEYSTON,,,,,,
10/1/2024,960,,JASON SCHNEIDER,,CANVAS CAPRI,5426-0000,6,1,-5,RECEIVED,,,NEED 5,10/2/2024,10/21,KEYSTON,,,,,,
10/1/2024,960,,JASON SCHNEIDER,,DOLCE OASIS,56001-0000,2,0,,RECEIVED,,,TO COMPLETE,10/15/2024,10/16,KEYSTON,$18.35,,,,,
10/1/2024,961,,CORBIN NEWBERRY,,LINEN CANVAS,8353-0000,20,5,-15,RECEIVED,,,NEED 20,10/2/2024,10/3,KEYSTON,,,,,,
10/1/2024,??,,WARRANTY PERKINS COIE PLLC,,CANVAS WHITE,57003-0000,11,11,0,RECEIVED,,,CCPATIO-SUNBRELLA  ORDER 11,,10/1,KEYSTON,$16.69,,,,,
10/1/2024,960,,JASON SCHNEIDER,,CANVAS HOT PINK,5462-0000,2,37,35,RECEIVED,,,NEED 2,10/2/2024,10/3,KEYSTONE,,,,,,
10/1/2024,959,,APRIL BRADY,,CANVAS NAVY,5439-0000,20,8,-12,RECEIVED,,,NEED 20,10/2/2024,10/4,TRIVANTAGE,$19.69,,,,,
10/1/2024,960,,JASON SCHNEIDER,,STANTON LAGOON,58001-0000,1,0,-1,IN STOCK,,,,,,,,,,,,
10/3/2024,963,,NICK HENKEL,,CABANA CLASSIC,58030-0000,16,0,-16,RECEIVED,,,NEED 12,10/3/2024,10/7,KEYSTON,$19.92,,,,,
10/3/2024,963,,NICK HENKEL,,CANVAS WHITE,57003-0000,18,11,-7,IN STOCK,,,,,,,,,,,,
10/7/2024,964,,J AUER,,CANVAS BUTTERCUP,5438-0000,2,0,-2,RECEIVED,,,NEED 2,10/8/2024,10/8,KEYSTON,,,,,,
10/7/2024,965,,VICTORIA DEWITT,,MAINSTREET PUTTY,42048-0012,2,4,2,RECEIVED,,,NEED 2,10/7/2024,10/8,KEYSTON,$37.89,,,,,
10/7/2024,969,,CAESAR'S REPUBLIC WARRANTY,,HERITAGE CHAR,18009-0000,10,12,2,RECEIVED,,,NEED 10,10/7/2024,10/8,KEYSTON,$32.65,,,,,
10/7/2024,972,,REDO- OPTIMA 7120,,SEVILLE SEASIDE,5608-0000,8,4,-4,RECEIVED,,,NEED 10,10/7/2024,10/8,KEYSTON,$18.03,,,,,
10/7/2024,965,,VICTORIA DEWITT,,CANVAS WHITE,57003-0000,17,11,-6,RECEIVED,,,NEED 17,10/10/2024,10/10,KEYSTONE,$18.03,,,,,
10/7/2024,965,,VICTORIA DEWITT,,NURTURE WHITE,42102-0001,2,0,-2,RECEIVED,,,NEED 2,10/10/2024,10/10,KEYSTONE,$18.03,,,,,
10/7/2024,966,,CRISTIN NICHOLAS VISTA BONITA,,LIDO INDIGO,57004-0000,18,8,-10,RECEIVED,,,NEED 18,10/10/2024,10/10,KEYSTONE,$18.35,,,,,
10/7/2024,966,,CRISTIN NICHOLAS VISTA BONITA,,SPECTRUM INDIGO,48080-0000,10,2,-8,RECEIVED,,,NEED 10,10/10/2024,10/14,KEYSTONE,$16.20,,,,,
10/7/2024,966,,CRISTIN NICHOLAS VISTA BONITA,,NURTURE WHITE,42102-0001,7,0,-7,RECEIVED,,,NEED 7,10/10/2024,10/10,KEYSTONE,$31.60,,,,,
10/7/2024,966,,CRISTIN NICHOLAS VISTA BONITA,,EQUAL INK,56110-0001,2,0,-2,RECEIVED,,,NEED 2,10/10/2024,10/10,KEYSTONE,$20.56,,,,,
10/7/2024,969,,CAESAR'S REPUBLIC WARRANTY,,CANVAS NAVY,5439-0000,112,8,-104,RECEIVED,,,NEED 112,10/9/2024,10/15,TRIVANTAGE,,,,,,
10/7/2024,964,,J AUER,,CANVAS BLACK,5408-0000,5,0,-5,IN STOCK,,,,,,,,,,,,
10/7/2024,964,,J AUER,,CANVAS WHITE,57003-0000,2,11,9,IN STOCK,,,,,,,,,,,,
10/7/2024,964,,J AUER,,CABANA CLASSIC,58030-0000,1,0,-1,IN STOCK,,,,,,,,,,,,
10/7/2024,964,,J AUER,,SHORE CLASSIC,58033-0000,1,3,2,IN STOCK,,,,,,,,,,,,
10/7/2024,965,,VICTORIA DEWITT,,CANVAS CAMEL,54568-0000,2,0,-2,IN STOCK,,,,,,,,,,,,
10/7/2024,965,,VICTORIA DEWITT,,CANVAS FLAX,5492-0000,1,0,-1,IN STOCK,,,,,,,,,,,,
10/7/2024,966,,CRISTIN NICHOLAS VISTA BONITA,,DETAIL NAVY,146003-0005,15,0,-15,IN STOCK,,,,,,,,,,,,
10/7/2024,968,,SHOWROOM OCT-9,,CANVAS SKYLINE,14091-0000,,68,68,IN STOCK,,,,,,,,,,,,
10/7/2024,968,,SHOWROOM OCT-9,,GATEWAY COAST,14087-0000,,2,2,IN STOCK,,,,,,,,,,,,
10/7/2024,969,,CAESAR'S REPUBLIC WARRANTY,,BLISS GUAVA,48135-0006,2,18,16,IN STOCK,,,,,,,,,,,,
10/8/2024,968,,SHOWROOM OCT-9,,REGENCY SAND,5695-0000,8,6,-2,RECEIVED,,,NEED 8,10/8/2024,PICKUP,KEYSTON,,,,,,
10/8/2024,968,,SHOWROOM OCT-9,,SPECTRUM SAND,48019-0000,8,0,-8,RECEIVED,,,NEED 8,10/8/2024,PICKUP,KEYSTON,,,,,,
10/9/2024,973,,DON O'CONNELL,,DETAIL LINEN,146003-0001,8,2.5,-5.5,RECEIVED,,,NEED 6,10/14/2024,10/14,KEYSTON,$30.48,,,,,
10/9/2024,973,,DON O'CONNELL,,SPECTRUM INDIGO,48080-0000,4,2,-2,RECEIVED,,,NEED 4,11/11/2024,11/14,KEYSTON,,,,,,
10/9/2024,974-975,,GENE BEARINGER,,CANVAS GRANITE,5402-0000,23,0,-23,RECEIVED,,,NEED 17,10/14/2024,10/14,KEYSTON,$18.03,,,,,
10/9/2024,974-975,,GENE BEARINGER,,CABANA CLASSIC,58030-0000,15,0,-15,RECEIVED,,,NEED 15,10/14/2024,10/15,KEYSTON,$19.92,,,,,
10/9/2024,974-975,,GENE BEARINGER,,CANVAS WHITE,57003-0000,12,11,-1,RECEIVED,,,NEED 12,10/14/2024,10/14,KEYSTON,$18.03,,,,,
10/9/2024,974-975,,GENE BEARINGER,,PEYTON GRANITE,56075-0000,10,0,-10,RECEIVED,,,NEED 6,10/14/2024,10/14,KEYSTON,$22.11,,,,,
10/9/2024,974-975,,GENE BEARINGER,,CANVAS BLACK,5408-0000,7,0,-7,RECEIVED,,,NEED 5,10/14/2024,10/15,KEYSTON,$18.03,,,,,
10/9/2024,974-975,,GENE BEARINGER,,SHORE CLASSIC,58033-0000,6,3,-3,RECEIVED,,,NEED 6,10/14/2024,10/21,KEYSTON,,,,,,
10/9/2024,974-975,,GENE BEARINGER,,CAST HORIZON,48091-0000,10,2,-8,RECEIVED,,,NEED 6,10/14/2024,10/16,TRIVANTAGE,$19.46,,,,,
10/9/2024,973,,DON O'CONNELL,,CANVAS FLAX,5492-0000,8,0,-8,IN STOCK,,,,,,,,,,,,
10/14/2024,977,,GREG COGNER,,CANVAS BLACK,5408-0000,2,0,-2,RECEIVED,,,NEED 2,10/14/2024,10/15,KEYSTON,$18.03,,,,,
10/14/2024,977,,GREG COGNER,,SHORE CLASSIC,58033-0000,2,3,1,RECEIVED,,,NEED 2,10/14/2024,10/21,KEYSTON,,,,,,
10/14/2024,978,,CATHY MURLEY,,CAST SAGE,,35,0,-35,RECEIVED,,,NEED 36,10/14/2024,10/15/2024 & 11/26,KEYSTON,$16.44,,,,,
10/14/2024,978,,CATHY MURLEY,,TRANQUIL SAGE,,18,0,-18,RECEIVED,,,NEED 18,10/14/2024,10/15,KEYSTON,$22.34,,,,,
10/14/2024,978,,CATHY MURLEY,,DUPIONE CELESTE,8067-0000,12,6,-6,RECEIVED,,,NEED 10,10/14/2024,10/15,KEYSTON,$22.11,,,,,
10/14/2024,978,,CATHY MURLEY,,CAST OASIS,40430-0000,5,0,-5,RECEIVED,,,NEED 5,10/14/2024,10/15,KEYSTON,$17.44,,,,,
10/14/2024,981,,LAURA & ED DRESSELHUYS,,LINEN STONE,8319-0000,71,4,-67,RECEIVED,,,NEED 70,10/17/2024,10/21,KEYSTON,,,,,,
10/14/2024,981,,LAURA & ED DRESSELHUYS,,LINEN STONE,8319-0000,12,4,-8,RECEIVED,,,NEED 12 TO COMPLETE,11/12/2024,11/14,KEYSTON,,,,,,
10/14/2024,981,,LAURA & ED DRESSELHUYS,,SPECTRUM DENIM,48086-0000,12,0,-12,RECEIVED,,,NEED 12,10/17/2024,10/21,KEYSTON,,,,,,
10/14/2024,981,,LAURA & ED DRESSELHUYS,,CALM GRAPHITE,145854-0001,10,0,-10,RECEIVED,,,NEED 10,10/17/2024,10/21,KEYSTON,,,,,,
10/14/2024,981,,LAURA & ED DRESSELHUYS,,SPECTRUM DENIM,48086-0000,3,0,-12,RECEIVED,,,NEED 3 TO COMPLETE,11/13/2024,11/14,KEYSTON,,,,,,
10/14/2024,984,,BILL OKRUCH,,BLISS LINEN,48135-0001,24,16,-8,RECEIVED,,,NEED 24,10/17/2024,10/21,KEYSTON,,,,,,
10/14/2024,SHOWROOM,,SWING ROUND SHOWROOM (2),,CABANA CLASSIC,58030-0000,10,0,-10,CANCELLED,,,NEED 10,10/14/2024,10/15,KEYSTON,$19.92,,,,,
10/14/2024,978,,CATHY MURLEY,,NURTURE WHITE,42102-0001,2,0,-2,RECEIVED,,,NEED 2,11/20/2024,11/25,TRIVANTAGE,$39.38,,,,,
10/14/2024,978,,CATHY MURLEY,,GATEWAY MIST,58039-0000,2,0,-2,IN STOCK,,,,,,,,,,,,
10/15/2024,985,,SHELLEY GROTHAUS,,CANVAS CANVAS,5453-0000,5,16,11,RECEIVED,,,NEED 5,10/16/2024,10/16,KEYSTON,,,,,,
10/16/2024,988,,TONY QUARANTA,,CANVAS FLINT,14090-0000,10,0,-10,RECEIVED,,,NEED 10,10/17/2024,10/21,KEYSTON,,,,,,
10/16/2024,988,,TONY QUARANTA,,CANVAS FLINT,14090-0000,5,0,-5,RECEIVED,,,NEED 5,10/17/2024,10/28,TRIVANTANGE,$19.83,,,,,
10/16/2024,988,,TONY QUARANTA,,PEYTON GRANITE,56075-0000,2,0,-2,IN STOCK,,,,,,,,,,,,
10/16/2024,988,,TONY QUARANTA,,CANVAS BLACK,5408-0000,1,0,-1,IN STOCK,,,,,,,,,,,,
10/19/2024,991,,JOANNE SEVRAIN,,LIDO INDIGO,57004-0000,12,8,-4,IN STOCK,,,,,,,,,,,,
10/19/2024,991,,JOANNE SEVRAIN,,CANVAS JOCKEY RED,5403-0000,2,0,-2,IN STOCK,,,NEED 2,,,,,,,,,
10/21/2024,992,,CHRISTINA DAVIS,,CANVAS HAZE,14059-0054,15,2,-13,RECEIVED,,,NEED 10,10/22/2024,10/23,KEYSTONE,$17.67,,,,,
10/21/2024,992,,CHRISTINA DAVIS,,CLOCK OUT CLOUD,146205-0003,30,3,-27,RECEIVED,,,NEED 28,10/23/2024,3-4 DIAS,TRIVANTAGE,$35.49,,,,,
10/21/2024,970,,PERKINS COI,,CANVAS CAMEL,54568-0000,11,0,-11,IN STOCK,,,,,,,,,,,,
10/21/2024,992,,CHRISTINA DAVIS,,CANVAS WHITE,57003-0000,11,11,0,IN STOCK,,,,,,,,,,,,
10/22/2024,966,,CRISTIN NICHOLAS VISTA BONITA,,DETAIL NAVY,146003-0005,7,0,,RECEIVED,,,NEED 7,10/22/2024,10/22,KEYSTON,$30.48,,,,,
10/22/2024,994,,SCOTT SHANNON STEINHILBER,,SHORE CLASSIC,58033-0000,3,3,0,RECEIVED,,,NEED 5,10/22/2024,3-4 DIAS,KEYSTONE,$19.92,,,,,
10/22/2024,987,,NICK HENKEL,,CANVAS WHITE,57003-0000,9,11,2,IN STOCK,,,,,,,,,,,,
10/22/2024,994,,SCOTT SHANNON STEINHILBER,,CANVAS WHITE,57003-0000,11,11,0,IN STOCK,,,,,,,,,,,,
10/22/2024,994,,SCOTT SHANNON STEINHILBER,,CANVAS BLACK,5408-0000,1,0,-1,IN STOCK,,,,,,,,,,,,
10/23/2024,960,,JASON SCHNEIDER,,VOYAGE BREEZE,146206-0003,3,0,-3,RECEIVED,,,NEED 3 TO COMPLETE,10/23/2024,11/4,KEYSTON,$32.54,,,,,
10/23/2024,MIKE,,MIKE ANDREA REQUEST,,CANVAS NATURAL,5404-0000,15,8,-7,RECEIVED,,,NEED 15,10/23/2024,10/23,KEYSTON,$18.03,,,,,
10/23/2024,MIKE,,MIKE ANDREA REQUEST,,CABANA CLASSIC,58030-0000,5,0,-5,RECEIVED,,,NEED 7--2 FOR ANOTHER ORDER,10/23/2024,10/23,KEYSTON,$19.92,,,,,
10/23/2024,MIKE,,MIKE ANDREA REQUEST,,SHORE CLASSIC,58033-0000,2,3,1,RECEIVED,,,NEED 5,10/23/2024,10/28,TRIVANTAGE,$21.94,,,,,
10/23/2024,989,,EDMOND VARTUGHIAN,,AUTHENTIC PEBBLE,145485-0002,,11,11,IN STOCK,,,,,,,,,,,,
10/23/2024,989,,EDMOND VARTUGHIAN,,LINEN STONE,8319-0000,,4,4,IN STOCK,,,ORDER BY LUCIO 7yds received,11/11/2024,,,,,,,,
10/24/2024,995,,WARRANTY BETH-LARRY-COHEN,,MAINSTREET LATTE,42048-0009,,10,10,RECEIVED,,,**KEYSTON SEND 10 YARDS,11/4/2024,,KEYSTON,$36.30,,,,,
10/24/2024,997,,BURGESS RESIDENCE,,MAINSTREET PUTTY,42048-0012,11,4,-7,RECEIVED,,,NEED 9,11/11/2024,11/12,NO KEYSTON,,,,,,
10/24/2024,997,,BURGESS RESIDENCE,,NURTURE WHITE,42102-0001,12,0,-12,RECEIVED,,,NEED 12,11/20/2024,11/25,TRIVANTAGE,$39.38,,,,,
10/24/2024,997,,BURGESS RESIDENCE,,CANVAS HENNA,5407-0000,4,28,24,IN STOCK,,,,,,,,,,,,
10/29/2024,1000,,KELLY & JIM BAKER,,HYBRID SMOKE,42079-0000,27,4,-23,RECEIVED,,,NEED 27,11/4/2024,11/5,KEYSTON,,,,,,
10/29/2024,1000,,KELLY & JIM BAKER,,LINEN NATURAL,8304-0000,3,1,-2,RECEIVED,,,NEED 1,11/4/2024,11/5,KEYSTON,,,,,,
10/29/2024,1001,,MICHELLE ANDERS,,CANVAS WHITE,57003-0000,20,11,-9,RECEIVED,,,NEED 20,11/14/2024,11/25,KEYSTON,$18.03,,,,,
10/29/2024,1002,,ROBIN GREGORY,,LINEN SESAME,8318-0000,33,2,-31,RECEIVED,,,NEED 33,11/4/2024,11/5,KEYSTON,,,,,,
10/29/2024,1002,,ROBIN GREGORY,,SPECTRUM SAND,48019-0000,3,0,-3,RECEIVED,,,NEED 1,11/4/2024,11/5,KEYSTON,,,,,,
10/29/2024,1005,,ASU GOLF,,CANVAS WHEAT,5414-0000,2,0,-2,RECEIVED,,,NEED 2,11/4/2024,11/5,KEYSTON,,,,,,
10/29/2024,1001,,MICHELLE ANDERS,,MIDORI STONE,145256-0005,4,0,-4,IN STOCK,,,,,,,,,,,,
10/29/2024,1005,,ASU GOLF,,CANVAS FLAX,5492-0000,25,0,-25,IN STOCK,,,,,,,,,,,,
10/29/2024,1005,,ASU GOLF,,CANVAS HENNA,5407-0000,2,28,26,IN STOCK,,,,,,,,,,,,
11/4/2024,1006,,Shreya Joshi,,CANVAS WHITE,57003-0000,31,11,-20,RECEIVED,,,NEED 31,11/14/2024,11/26,KEYSTON,,,,,,
11/4/2024,1006,,Shreya Joshi,,LINEN SILVER,8351-0000,6,18,12,RECEIVED,,,NEED 6,11/20/2024,11/20,KEYSTON,$20.90,,,,,
11/4/2024,1006,,Shreya Joshi,,SPECTRUM CARBON,48085-0000,2,5,3,RECEIVED,,,NEED 2,11/4/2024,11/5,KEYSTON,,,,,,
11/4/2024,1009,,WARRANTY TED FOXMAN,,CANVAS NATURAL,5404-0000,,8,8,RECEIVED,,,**KEYSTON SEND 10 YARDS,11/4/2024,,KEYSTON,$18.03,,,,,
11/4/2024,1012,,WARRANTY PORTLAN PLACE,,BRANNON REDWOOD,5612-0000,,3,3,RECEIVED,,,ORDER BY LUCIO 60yds received,11/14/2024,OK,KEYSTON,,,,,,
11/4/2024,1012,,WARRANTY PORTLAN PLACE,,CANVAS HENNA,5407-0000,,28,28,RECEIVED,,,ORDER BY LUCIO 22YDS RECEIVED,11/11/2024,OK,KEYSTON,,,,,,
11/4/2024,1012,,WARRANTY PORTLAN PLACE,,CANVAS RAFFIA,14107-0000,,4,4,RECEIVED,,,ORDER BY LUCIO 60yds received,11/11/2024,OK,KEYSTON,,,,,,
11/4/2024,1012,,WARRANTY PORTLAN PLACE,,CANVAS RAFFIA,14107-0000,,4,4,RECEIVED,,,ORDER BY LUCIO 80yds,12/9/2024,OK,KEYSTON,$18.93,,,,,
11/4/2024,1007,,DAVE SHEA,,CANVAS CAMEL,5468-0000,,0,0,IN STOCK,,,,,,,,,,,,
11/5/2024,1013,,LEVITZ RESIDENCE,,CITYSCAPE DUSK,249386,24,0,-24,RECEIVED,,,*LLEGARON 24YD PER CUSTOMER,,11/6,??,??,,,,,
11/7/2024,1013,,LEVITZ RESIDENCE,,SPECTRUM INDIGO,48080-0000,4,2,-2,RECEIVED,,,NEED 4,11/11/2024,11/14,KEYSTON,,,,,,
11/7/2024,974-975,,GENE BEARINGER,,CANVAS BLACK( use canvas raven black),5408-0000,30,0,-30,RECEIVED,,,NEED 30,11/7/2024,11/7,KEYSTON,,,,,,
11/11/2024,1016,,WARRANTY RESTIVO,,SPECTRUM INDIGO,48080-0000,4,2,-2,RECEIVED,,,NEED 4,11/11/2024,11/14,KEYSTON,,,,,,
11/11/2024,1016,,WARRANTY RESTIVO,,DIRECTION DEW,40599-0002,4,0,-4,CANCELLED,,,0,,,,,,,,,
11/12/2024,1015,,ANIA BLICK,,CANVAS MACAW,5429-0000,12,0,-12,RECEIVED,,,NEED 12,11/12/2024,11/13,KEYSTON,$20.90,,,,,
11/12/2024,1019,,WARRANTY SUSAN MCGALLA,,SAILCLOTH SEAGULL,32000-0023,15,22,ok,RECEIVED,,,15YD TO COMPETE WARRANTY,1/3/2025,1/6,KEYSTON,$31.27,,,,,
11/12/2024,1022,,SCOTTSDALE SHOWROOM,,CANVAS SEASALT,14106-0000,12,1,-11,RECEIVED,,,NEED 12,11/14/2024,11/18,KEYSTON,,,,,,
11/12/2024,1022,,SCOTTSDALE SHOWROOM,,CANVAS FERN,5487-0000,7,0,-7,RECEIVED,,,NEED 7,11/14/2024,11/27,KEYSTON,,,,,,
11/12/2024,1022,,SCOTTSDALE SHOWROOM,,TRANQUIL SAGE,,7,0,-7,RECEIVED,,,NEED 7. RECEIV ONLY 1,11/14/2024,11/18,KEYSTON,,,,,,
11/12/2024,1023,,PRADEEP MEHRA,,GATEWAY COAST,14087-0000,2,2,0,RECEIVED,,,NEED 2,11/20/2024,11/22,KEYSTON,$18.35,,,,,
11/12/2024,1017,,WARRANTY MAGGIE COVACIE,,LINEN STONE,8319-0000,93,4,OK,RECEIVED,,,ORDER BY LUCIO 93YDS RECEIVED,11/12/2024,OK,,,,,,,
11/12/2024,1017,,WARRANTY MAGGIE COVACIE,,SPECTRUM SAND,48019-0000,90,0,OK,RECEIVED,,,ORDER BY LUCIO 90YDS RECEIVED,11/12/2024,OK,,,,,,,
11/12/2024,1017,,WARRANTY MAGGIE COVACIE,,LINEN NATURAL,8304-0000,3,1,-2,RECEIVED,,,ORDER BY LUCIO 3YDS RECEIVED,11/12/2024,OK,,,,,,,
11/12/2024,1019,,WARRANTY SUSAN MCGALLA,,ADAPTATION STONE,69010-0002,22,4,ok,RECEIVED,,,ORDER BY LUCIO 22YDS RECEIVED,11/12/2024,OK,,,,,,,
11/12/2024,1019,,WARRANTY SUSAN MCGALLA,,SAILCLOTH SEAGULL,32000-0023,17,22,ok,RECEIVED,,,ORDER BY LUCIO 17DS RECEIVED,11/12/2024,OK,,,,,,,
11/12/2024,1022,,SCOTTSDALE SHOWROOM,,TRANQUIL SAGE,,7,0,-7,RECEIVED,,,NEED 6 BECAUSE RECIBIMOS SOLO 1,11/21/2024,11/21,,,,,,,
11/13/2024,1003,,BILL & CAMILLE MURPHY,,CANVAS HEATHER BEIGE,5476-0000,7,47,40,RECEIVED,,,NEED 3,11/14/2024,11/18,KEYSTON,,,,,,
11/13/2024,1003,,BILL & CAMILLE MURPHY,,CANVAS BLACK,5408-0000,5,0,-5,RECEIVED,,,NEEED 5...ENVIAN RAVEN BLACK,11/14/2024,11/18,KEYSTON,,,,,,
11/13/2024,1024,,DEVIN GONZALEZ,,CANVAS COAL,5489-0000,10,3,-7,RECEIVED,,,NEED 10,11/14/2024,11/18,KEYSTON,,,,,,
11/13/2024,1024,,DEVIN GONZALEZ,,CANVAS SAPPHIRE BLUE,5452-0000,3,2,-1,IN STOCK,,,,,,,,,,,,
11/14/2024,1014,,PATRICIA-HUBERT STUMMER,,CANVAS WHITE,57003-0000,7,11,4,RECEIVED,,,NEED 7,11/14/2024,11/25,KEYSTON,$18.03,,,,,
11/14/2024,1014,,PATRICIA-HUBERT STUMMER,,SPECTRUM DAFFODIL,48024-0000,3,0,-3,RECEIVED,,,NEED 3,11/14/2024,11/18,KEYSTON,,,,,,
11/14/2024,1020,,ROB BALDWIN,,SHADOW SAND,51000-0001,16,0,-16,RECEIVED,,,NEED 16,11/14/2024,11/18,KEYSTON,,,,,,
11/14/2024,1020,,ROB BALDWIN,,SHADOW SAND,51000-0001,3,0,-3,RECEIVED,,,NEED 3YD TO COMPLETE,12/11/2024,12/12,KEYSTON,,,,,,
11/14/2024,1020,,ROB BALDWIN,,HERITAGE LEAF,18011-0000,2,7,5,RECEIVED,,,NEED 2,11/14/2024,11/18,KEYSTON,,,,,,
11/14/2024,1014,,PATRICIA-HUBERT STUMMER,,CANVAS TANGERINE,5406-0000,2,1,-1,IN STOCK,,,,,,,,,,,,
11/14/2024,1014,,PATRICIA-HUBERT STUMMER,,SHORE CLASSIC,58033-0000,1,3,2,IN STOCK,,,,,,,,,,,,
11/15/2024,1029,,MARGIE ROBBERSON,,CANVAS HEATHER BEIGE,5476-0000,12,47,35,RECEIVED,,,NEED 8 TO COMPLETE,11/20/2024,11/20,KEYSTON,$18.03,,,,,
11/15/2024,1029,,MARGIE ROBBERSON,,DORSETT CHERRY,,2,0,-2,RECEIVED,,,NEED 2,11/20/2024,11/20,KEYSTON,$21.08,,,,,
11/15/2024,1027,,OPTIMA METROPOLIS,,BLISS GUAVA,48135-0006,77,18,,RECEIVED,,,NEED 30 TO COMPLETE,11/21/2024,11/25,OUTDOOR TEXTILES,$26.95,,,,,
11/15/2024,1017,,WARRANTY MAGGIE COVACIE,,LINEN STONE,8319-0000,35,4,,RECEIVED,,,ORDER BY LUCIO 35YDS RECEIVED,11/15/2024,OK,,,,,,,
11/15/2024,1017,,WARRANTY MAGGIE COVACIE,,LINEN CANVAS,8353-0000,20,5,,,,,ORDER BY LUCIO 20YDS RECEIVED,11/15/2024,OK,,,,,,,
11/15/2024,1025,,BRIAN KROLL,,CANVAS CAMEL,54568-0000,15,0,-15,IN STOCK,,,SE CALCULARON 15 YDS,,,,,,,,,
11/15/2024,1025,,BRIAN KROLL,,CANVAS WHITE,57003-0000,,11,11,RECEIVED,,,ORDER BY LUCIO 2YDS RECEIVED,11/15/2024,OK,,,,,,,
11/15/2024,1025,,BRIAN KROLL,,MAINSTREET PUTTY,42048-0012,,4,4,RECEIVED,,,ORDER BY LUCIO 14YDS RECEIVED,11/15/2024,OK,,,,,,,
11/15/2024,1026,,DAN CHINITZ,,SPECTRUM MUSHROOM,48031-0000,,0,0,RECEIVED,,,ORDER BY LUCIO 22YDS RECEIVED,11/15/2024,OK,,,,,,,
11/15/2024,1027,,OPTIMA METROPOLIS,,DOLCE MANGO,56000-0000,3,100,97,IN STOCK,,,,,,,,,,,,
11/15/2024,1028,,JEREMY BROWN,,ACTION LINEN,44285-0000,,0,0,IN STOCK,,,,,,,,,,,,
11/15/2024,1028,,JEREMY BROWN,,CANVAS FLAX,5492-0000,,0,0,IN STOCK,,,,,,,,,,,,
11/15/2024,1028,,JEREMY BROWN,,CANVAS WHITE,57003-0000,,11,11,IN STOCK,,,,,,,,,,,,
11/18/2024,1031,,SCOTTSDALE SHOWROOM,,CANVAS WHITE,5,,11,11,IN STOCK,,,,,,,,,,,,
11/18/2024,1031,,SCOTTSDALE SHOWROOM,,HERITAGE CHAR,2,,12,12,IN STOCK,,,,,,,,,,,,
11/18/2024,1031,,SCOTTSDALE SHOWROOM,,LINEN SILVER,20,,18,18,IN STOCK,,,,,,,,,,,,
11/18/2024,1031,,SCOTTSDALE SHOWROOM,,SHORE CLASSIC,8,,3,3,IN STOCK,,,,,,,,,,,,
11/19/2024,984,,BILL OKRUCH,,BLISS LINEN,48135-0001,8,16,8,RECEIVED,,,NEED 8 TO COMPLETE,11/20/2024,11/20,KEYSTON,$16.19,,,,,
11/20/2024,1025,,BRIAN KROLL,,CANVAS BLACK,5408-0000,,0,0,RECEIVED,,,ORDER BY LUCIO 12YDS RECEIVED,11/20/2024,OK,,,,,,,
11/21/2024,1032,,RICKU NAWARI,,CANVAS CHARCOAL,54048-0000,,3,3,IN STOCK,,,,,,,,,,,,
11/21/2024,1032,,RICKU NAWARI,,MIDORI STONE,145256-0005,,0,0,IN STOCK,,,,,,,,,,,,
11/22/2024,1038,,WARRANT: ANNA WILHELM,,ADAPTATION INDIGO,69010-0004,10,4,-6,RECEIVED,,,ORDER BY LUCIO 10YDS RECEIVED,11/22/2024,OK,KEYSTON,$30.80,,,,,
11/22/2024,1038,,WARRANT: ANNA WILHELM,,CANVAS NAVY,5439-0000,10,8,-2,RECEIVED,,,ORDER BY LUCIO 10YDS RECEIVED,12/9/2024,OK,KEYSTON,$18.03,,,,,
11/22/2024,1039,,WARRANT: CHRISTINE SVAGRIK,,CANVAS FLAX,5492-0000,16,0,OK,RECEIVED,,,ORDER BY LUCIO 26YDS RECEIVED,11/22/2024,OK,KEYSTON,$18.03,,,,,
11/22/2024,1039,,WARRANT: CHRISTINE SVAGRIK,,CANVAS FLAX,5492-0000,10,0,OK,RECEIVED,,,ORDER  10YD BY SERGIO TO COMPLETE,1/10/2025,PICKUP 1/10,KEYSTON,$18.03,,,,,
11/22/2024,1039,,WARRANT: CHRISTINE SVAGRIK,,HERITAGE CHAR,18009-0000,10,12,2,RECEIVED,,,ORDER BY LUCIO 10YDS RECEIVED,11/22/2024,OK,KEYSTON,$32.65,,,,,
11/22/2024,1040,,WARRANT: VIVIAN GIUDICE,,SPECTRUM SAND,48019-0000,31,0,-31,RECEIVED,,,ORDER BY LUCIO 31.25YDS RECEIVED,12/3/2024,OK,KEYSTON,,,,,,
11/22/2024,1040,,WARRANT: VIVIAN GIUDICE,,SPECTRUM SAND,48019-0000,23,0,-23,RECEIVED,,,ORDER BY LUCIO 22.75YDS RECEIVED,11/25/2024,OK,KEYSTON,$16.23,,,,,
11/22/2024,1040,,WARRANT: VIVIAN GIUDICE,,FISCHER LAGOON,45885-0000,13,36,OK,RECEIVED,,,ORDER BY LUCIO 13YDS RECEIVED,11/22/2024,OK,KEYSTON,$41.01,,,,,
11/22/2024,1040,,WARRANT: VIVIAN GIUDICE,,SPECTRUM CILANTRO,48022-0000,7,1,OK,RECEIVED,,,ORDER BY LUCIO 7YDS RECEIVED,11/22/2024,OK,KEYSTON,$18.90,,,,,
11/26/2024,1042,,WARRANT: TAMMY FELTNER,,MARVEL INDIGO,,50,0,-50,RECEIVED,,,ORDER BY LUCIO 50YDS RECEIVED,11/26/2024,OK,,,,,,,
11/26/2024,1042,,WARRANT: TAMMY FELTNER,,VOYAGE INDIGO,146206-0001,5,0,-5,RECEIVED,,,ORDER BY LUCIO 5YDS RECEIVED,11/26/2024,OK,,,,,,,
12/2/2024,1048,,JEANIE SMITH,,HEMSTEAD CHARCOAL,,5,0,-5,RECEIVED,,,WE RECEIVED 3YD FROM CUSTOMER,12/26/2024,,CUSTOMER,,,,,,
12/2/2024,1048,,JEANIE SMITH,,SCALE CLOUD,14050-0001,40,3,-37,RECEIVED,,,NEED 13,12/3/2024,12/10/2024,FABRICWAREHOUSE,$31.95,,,,,
12/2/2024,1045,,PRADEEP MEHRA,,GATEWAY COAST,14087-0000,3,2,-1,RECEIVED,,,NEED 3,12/2/2024,10/9,KEYSTON,$18.35,,,,,
12/2/2024,1048,,JEANIE SMITH,,SHORE CLASSIC,58033-0000,18,3,-15,RECEIVED,,,NEED 18,12/2/2024,12/3,KEYSTON,$19.92,,,,,
12/2/2024,1048,,JEANIE SMITH,,CANVAS WHITE,57003-0000,5,11,6,RECEIVED,,,NEED 18,12/2/2024,12/3,KEYSTON,$18.03,,,,,
12/2/2024,1049,,CORBIN NEWBERRY,,LINEN CANVAS,8353-0000,15,5,-10,RECEIVED,,,NEED 10,12/2/2024,12/3,KEYSTON,,,,,,
12/2/2024,1048,,JEANIE SMITH,,CHARTRES GULL,45864-0104,30,10,-20,RECEIVED,,,NEED 30,12/2/2024,12/9,REX FABRICS,$40.39,,,,,
12/2/2024,1048,,JEANIE SMITH,,CHARTRES RAINFALL,45864-0106,5,0,-5,RECEIVED,,,NEED 5,12/2/2024,12/9,REX FABRICS,$40.39,,,,,
12/2/2024,1048,,JEANIE SMITH,,CHARTRES GULL,45864-0104,60,10,-50,RECEIVED,,,NEED 30,,12/9,TRIVANTAGE,$39.03,,,,,
12/2/2024,1045,,PRADEEP MEHRA,,CANVAS SAPPHIRE BLUE,5452-0000,1,2,1,IN STOCK,,,,,,,,,,,,
12/2/2024,1046,,ROGER & VICTORIA COHEN,,HERITAGE CHAR,18009-0000,10,12,2,IN STOCK,,,,,,,,,,,,
12/2/2024,1046,,ROGER & VICTORIA COHEN,,MIDORI STONE,145256-0005,4,0,-4,IN STOCK,,,,,,,,,,,,
12/2/2024,1046,,ROGER & VICTORIA COHEN,,CANVAS CHARCOAL,54048-0000,2,3,1,IN STOCK,,,,,,,,,,,,
12/2/2024,1048,,JEANIE SMITH,,SPECTRUM CARBON,48085-0000,2,5,3,IN STOCK,,,,,,,,,,,,
12/2/2024,1048,,JEANIE SMITH,,CANVAS GRANITE,5402-0000,1,0,-1,IN STOCK,,,,,,,,,,,,
12/4/2024,1051,,MOUNTAIN SHADOWS,,SPECTRUM DENIM,48086-0000,26,0,-26,RECEIVED,,,NEED 26,12/10/2024,12/10,KEYSTON,$16.23,,,,,
12/4/2024,1051,,MOUNTAIN SHADOWS,,CANVAS WHITE,57003-0000,6,11,5,RECEIVED,,,NEED 6,12/10/2024,12/10,KEYSTON,$18.03,,,,,
12/9/2024,1041,,WARRANTY: JAMIE LENDBERG,,CANVAS NAVY,5439-0000,9,8,-1,RECEIVED,,,ORDER BY LUCIO 9YDS RECEIVED,12/9/2024,OK,KEYSTON,$18.03,,,,,
12/9/2024,1050,,WARRANTY: TREVOR VIGFUSSON,,CANVAS NAVY,5439-0000,40,8,-32,RECEIVED,,,ORDER BY LUCIO 40YDS RECEIVED,12/9/2024,OK,KEYSTON,$18.03,,,,,
12/9/2024,1054,,MILLER RESIDENCE,,DUPIONE DEEP SEA,8019-0000,9,2,OK,RECEIVED,,,NEED 9,12/10/2024,12/10,KEYSTON,$22.11,,,,,
12/9/2024,1054,,MILLER RESIDENCE,,CANVAS WHITE,57003-0000,5,11,6,RECEIVED,,,NEED 5,12/10/2024,12/10,KEYSTON,$18.03,,,,,
12/9/2024,1055,,JUDY PALMER,,CANVAS JOCKEY RED,5403-0000,22,0,-22,RECEIVED,,,NEED 22,12/10/2024,12/10,KEYSTON,$20.90,,,,,
12/9/2024,1055,,JUDY PALMER,,CANVAS HEATHER BEIGE,5476-0000,18,47,29,RECEIVED,,,NEED 12,12/10/2024,12/10,KEYSTON,$18.03,,,,,
12/9/2024,1055,,JUDY PALMER,,BERENSON TUXEDO,8521-0000,8,65,57,RECEIVED,,,NEED 6,12/10/2024,12/10,KEYSTON,$20.90,,,,,
12/9/2024,1055,,JUDY PALMER,,CLOCK OUT CLOUD,146205-0003,4,3,-1,RECEIVED,,,NEED 4,12/10/2024,12/10,KEYSTON,$28.76,,,,,
12/9/2024,1050,,WARRANTY: TREVOR VIGFUSSON,,CANVAS NAVY,5439-0000,,8,,RECEIVED,,,RECEIVED 40YD ORDERED BY LUCIO,,12/19,,,,,,,
12/9/2024,1050,,WARRANTY: TREVOR VIGFUSSON,,ESCAPE DENIM,146207-0001,,0,0,OK,,,ORDER BY LUCIO 11.5YDS BACK ORDER,,,,,,,,,
12/9/2024,1054,,MILLER RESIDENCE,,FISCHER LAGOON,45885-0000,4,36,32,IN STOCK,,,,,,,,,,,,
12/9/2024,1055,,JUDY PALMER,,CANVAS BLACK,5408-0000,2,0,-2,IN STOCK,,,,,,,,,,,,
12/10/2024,1056,,LA JOLLA THOMAS AND STELLA CAO,,CANVAS WHITE,57003-0000,18,11,ON,RECEIVED,,,NEED 30,12/11/2024,12/12,KEYSTON,,,,,,
12/10/2024,1056,,LA JOLLA THOMAS AND STELLA CAO,,SHADOW SNOW,51000-0000,14,4,-10,RECEIVED,,,NEED 14,12/11/2024,12/12,KEYSTON,,,,,,
12/10/2024,1056,,LA JOLLA THOMAS AND STELLA CAO,,SHADOW SNOW,51000-0000,8,4,-4,RECEIVED,,,NEED 8 (NO KEYSTON),12/12/2024,12/16/2024,TRIVANTAGE,$16.41,,,,,
12/10/2024,1056,,LA JOLLA THOMAS AND STELLA CAO,,CANVAS SUNFLOWER YELLOW,5457-0000,5,5,0,IN STOCK,,,,,,,,,,,,
12/10/2024,1056,,LA JOLLA THOMAS AND STELLA CAO,,MIDORI STONE,145256-0005,5,0,-5,IN STOCK,,,,,,,,,,,,
12/10/2024,1056,,LA JOLLA THOMAS AND STELLA CAO,,ADAPTATION STONE,69010-0002,2,4,2,IN STOCK,,,,,,,,,,,,
12/10/2024,1056,,LA JOLLA THOMAS AND STELLA CAO,,CANVAS BLACK,5408-0000,2,0,-2,IN STOCK,,,,,,,,,,,,
12/11/2024,1059,,GREG ONTIVEROS,,HERITAGE LEAF,18011-0000,10,7,-3,RECEIVED,,,NEED 15,12/12/2024,12/16,3-4,,,,,,
12/11/2024,1057,,SCOTT LITTLE,,HERITAGE CHAR,18009-0000,15,12,-3,RECEIVED,,,NEED 15,12/12/2024,12/12,KEYSTON,,,,,,
12/11/2024,1057,,SCOTT LITTLE,,HYBRID SMOKE,42079-0000,11,4,-7,RECEIVED,,,NEED 11,12/12/2024,12/12,KEYSTON,,,,,,
12/11/2024,1057,,SCOTT LITTLE,,CANVAS HAZE,14059-0054,2,2,0,RECEIVED,,,NEED 2,12/12/2024,12/12,KEYSTON,,,,,,
12/11/2024,1058,,CHRIS WHEELER,,MAINSTREET PUTTY,42048-0012,4,4,0,RECEIVED,,,NEED 4,12/12/2024,12/13,KEYSTON,,,,,,
12/11/2024,1058,,CHRIS WHEELER,,REMIX DENIM,48145-0006,2,0,-2,RECEIVED,,,NEED 2,12/12/2024,12/12,KEYSTON,,,,,,
12/11/2024,1059,,GREG ONTIVEROS,,CANVAS WHITE,57003-0000,39,11,-28,RECEIVED,,,NEED 40,12/12/2024,12/12,KEYSTON,,,,,,
12/11/2024,1059,,GREG ONTIVEROS,,SOLANA SEAGULL,32008-0000,25,4,-21,RECEIVED,,,NEED 24,12/12/2024,12/12,KEYSTON,,,,,,
12/11/2024,1059,,GREG ONTIVEROS,,CANVAS WHITE,57003-0000,13,11,-2,RECEIVED,,,NEED 13YD TO COMPLETE,1/6/2025,1/7/2025,KEYSTON,,,,,,
12/11/2024,1059,,GREG ONTIVEROS,,SOLANA SEAGULL,32008-0000,2,4,2,RECEIVED,,,NEED 6YD TO COMPLETE,1/6/2025,1/7/2025,KEYSTON,,,,,,
12/11/2024,1060,,LEAH KATZ,,CLOCK OUT CLOUD,146205-0003,8,3,-5,RECEIVED,,,NEED 9YD,12/11/2024,12/12,KEYSTON,,,,,,
12/11/2024,1058,,CHRIS WHEELER,,CLOCK OUT CLOUD,146205-0003,3,3,0,RECEIVED,,,NEED 3 (NO KEYSTON),12/12/2024,12/16/2024,TRIVANTAGE,$35.49,,,,,
12/11/2024,1057,,SCOTT LITTLE,,CREATE HAZE,145844-0002,25,2,-23,RECEIVED,,,ORDERED 25 FROM SAILRITE,12/12/2024,3-4DIAS,UNITED FABRIC,,,,,,
12/11/2024,1058,,CHRIS WHEELER,,DETAIL LINEN,146003-0001,2,2.5,0.5,IN STOCK,,,,,,,,,,,,
12/11/2024,1058,,CHRIS WHEELER,,SOLVE DENIM,146397-0001,1,2,1,IN STOCK,,,,,,,,,,,,
12/11/2024,1060,,LEAH KATZ,,CANVAS FLAX,5492-0000,6,0,-6,IN STOCK,,,,,,,,,,,,
12/12/2024,975,,GENE BEARINGER,,CABANA CLASSIC,58030-0000,2,0,-2,RECEIVED,,,NEED 2 TO COMPLETE,12/12/2024,12/13,KEYSTON,,,,,,
12/12/2024,1057,,SCOTT LITTLE,,CREATE HAZE,145844-0002,15,2,-13,RECEIVED,,,ORDERED 15 FROM OUTDOOR FABRIC,12/12/2024,12/17,OUTDOOR FABRIC,,,,,,
12/26/2024,1063,,MEREDITH MALLON,,CANVAS CANVAS,5453-0000,3,16,13,RECEIVED,,,NEED 3YDS,1/6/2025,1/7/2025,KEYSTON,,,,,,
12/26/2024,1064,,MITCHELL RESIDENCE,,CANVAS FLAX,5492-0000,34,0,-34,RECEIVED,,,NEED 7YDS,1/3/2025,1/6/2025,KEYSTON,$18.00,,,,,
12/26/2024,1064,,MITCHELL RESIDENCE,,CLOCK OUT CLOUD,146205-0003,19,3,-16,RECEIVED,,,NEED 14,1/6/2025,1/8,KEYSTON,,,,,,
12/26/2024,1064,,MITCHELL RESIDENCE,,CANVAS REGATTA,5493-0000,11,2,-9,RECEIVED,,,NEED 10,1/3/2025,1/6/2025,KEYSTON,$18.00,,,,,
12/26/2024,1064,,MITCHELL RESIDENCE,,NURTURE WHITE,42102-0001,5,0,-5,RECEIVED,,,NEED 5,1/3/2025,1/6/2025,KEYSTON,$31.67,,,,,
12/26/2024,1063,,MEREDITH MALLON,,DOLCE MANGO,56000-0000,3,100,97,IN STOCK,,,,,,,,,,,,
12/26/2024,1064,,MITCHELL RESIDENCE,,MAINSTREET PUTTY,42048-0012,7,4,-3,IN STOCK,,,,,,,,,,,,
12/26/2024,1064,,MITCHELL RESIDENCE,,DETAIL LINEN,146003-0001,6,2.5,-3.5,IN STOCK,,,,,,,,,,,,
12/26/2024,1064,,MITCHELL RESIDENCE,,SHORE LINEN,209562,5,9,4,IN STOCK,,,,,,,,,,,,
1/2/2025,1065,,HOMA SWEDLANA,,HERITAGE CHAR,18009-0000,10,12,2,RECEIVED,,,NEED 10YD,1/30/2025,2/3,KEYSTON CALI,,,,,,
1/6/2025,1029,,MARGIE ROBBERSON,,CANVAS HEATHER BEIGE,5476-0000,6,47,41,RECEIVED,,,NEED 6YD TO COMPLETE,1/6/2025,1/7,KEYSTON,,,,,,
1/6/2025,1050,,WARRANTY: TREVOR VIGFUSSON,,ESCAPE DENIM,146207-0001,,0,,RECEIVED,,,RECEIVED 11.5YD ORDERED BY LUCIO,,1/6,KEYSTON,,,,,,
1/6/2025,1068,,JENNIFER PATTERSON,,CANVAS NAVY,5439-0000,82,8,-74,RECEIVED,,,THEY DELIVER 1/7 62YDS ORDERED BY LUCIO STILL 20 ON BO,,1/6,KEYSTON,,,,,,
1/6/2025,1068,,WARRANTY: JENNIFER PATTERSON,,ADAPTATION INDIGO,69010-0004,22,4,-18,RECEIVED,,,RECEIVED 22YD ORDERED BY LUCIO,,1/6,KEYSTON,,,,,,
1/6/2025,1068,,WARRANTY: JENNIFER PATTERSON,,ADAPTATION INDIGO,69010-0004,18,4,-14,RECEIVED,,,RECEIVED 18YD ORDERED BY LUCIO,,1/6,KEYSTON,,,,,,
1/6/2025,1069,,WARRANTY: KEN VALLA,,CANVAS CHARCOAL,54048-0000,,3,,RECEIVED,,,10 YD ORDERED BY LUCIO,,1/6,KEYSTON,,,,,,
1/6/2025,1069,,WARRANTY: KEN VALLA,,CANVAS FLAX,5492-0000,,0,,RECEIVED,,,5 YD ORDERED BY LUCIO,,1/6,KEYSTON,,,,,,
1/6/2025,1069,,WARRANTY: KEN VALLA,,CANVAS NAVY,5439-0000,,8,,RECEIVED,,,ORDER 48YD BY LUCIO,,1/7,KEYSTON,,,,,,
1/6/2025,1069,,WARRANTY: KEN VALLA,,CANVAS NAVY,5439-0000,,8,,RECEIVED,,,ORDER 48YD BY LUCIO,,1/8,KEYSTON,,,,,,
1/6/2025,1069,,WARRANTY: KEN VALLA,,STANTON LAGOON,58001-0000,,0,0,RECEIVED,,,15 YD ORDERED BY LUCIO,,1/6,KEYSTON,,,,,,
1/6/2025,1062,,LEAH KATZ,,CANVAS FLAX,5492-0000,5,0,-5,IN STOCK,,,,,,,,,,,,
1/6/2025,1062,,LEAH KATZ,,CLOCK OUT CLOUOD,146205-0003,4,0,-4,IN STOCK,,,,,,,,,,,,
1/7/2025,1066,,SHAWN STROOTMAN,,SAILCLOTH SALT,32000-0018,77,0,-77,RECEIVED,,,NEED 77YDS,1/8/2025,1/8,KEYSTON,,,,,,
1/7/2025,1066,,SHAWN STROOTMAN,,MILANO CHAR ,56079-0000,20,0,-20,RECEIVED,,,NEED 10YDS,1/8/2025,1/8,KEYSTON,,,,,,
1/7/2025,1067,,CHRIS WHEELER,,ADAPTATION STONE,69010-0002,4,4,0,RECEIVED,,,NEED 4YD,1/7/2025,1/7,KEYSTON,,,,,,
1/7/2025,1070,,REID DAVIS,,CANVAS BLACK,5408-0000,6,0,-6,RECEIVED,,,NEED 2YD,1/8/2025,1/9,KEYSTON,,,,,,
1/7/2025,1070,,REID DAVIS,,SHORE CLASSIC,58033-0000,5,3,-2,RECEIVED,,,NEED 4YD,1/8/2025,1/9,KEYSTON,,,,,,
1/7/2025,1050,,WARRANTY: TREVOR VIGFUSSON,,ESCAPE DENIM,146207-0001,,0,,RECEIVED,,,NEED 12YD TO COMPLETE,1/7/2025,1/7,,,,,,,
1/9/2025,1073,,GREG HEMSTREET,,CANVAS HEATHER BEIGE,5476-0000,51,47,-4,RECEIVED,,,CALIFORNIA 51,1/10/2025,1/14/2025,KEYSTON,,,,,,
1/9/2025,1073,,GREG HEMSTREET,,CANVAS HEATHER BEIGE,5476-0000,48,47,-1,RECEIVED,,,LOCAL 48,1/10/2025,1/13,KEYSTON,,,,,,
1/9/2025,1073,,GREG HEMSTREET,,BERENSON TUXEDO,8521-0000,45,65,20,RECEIVED,,,FROM CALIFORNIA,1/10/2025,1/13,KEYSTON,$20.90,,,,,
1/10/2025,1073,,GREG HEMSTREET,,CANVAS BLACK,5408-0000,3,0,-3,IN STOCK,,,,,,,,,,,,
1/13/2025,1071,,GAUTAM SHAH,,SPECTRUM CARBON,48085-0000,5,5,0,RECEIVED,,,NEED 6YDS,1/9/2025,1/13,KEYSTON,,,,,,
1/13/2025,1071,,GAUTAM SHAH,,CALM GRAPHITE,145854-0001,3,0,-3,RECEIVED,,,NEED 3YDS,1/9/2025,1/13,KEYSTON,,,,,,
1/13/2025,1071,,GAUTAM SHAH,,CALM GRAPHITE,145854-0001,2,0,-2,RECEIVED,,,NEED 4YDS TO COMPLETE,1/16/2025,1/16,KEYSTON,,,,,,
1/14/2025,1075,,JENNY GOLDVERG,,CANVAS FLAX,5492-0000,,0,0,RECEIVED,,,NEED 15YD,1/16/2025,1/16,KEYSTON,,,,,,
1/14/2025,1075,,JENNY GOLDVERG,,INTEGRATED PEWTER,69006-0007,,0,0,IN STOCK,,,,,,,,,,,,
1/15/2025,1074,,DAVID GIL,,PEYTON GRANITE,56075-0000,2,0,-2,RECEIVED,,,2 YD,1/16/2025,1/16,KEYSTON,,,,,,
1/16/2025,1077,,SCOTTSDALE ENTRADA CHADWICK,,HERITAGE CHAR,18009-0000,43,12,-31,RECEIVED,,,NEED 43,1/16/2025,1/17,KEYSTON,$32.65,,,,,
1/16/2025,1077,,SCOTTSDALE ENTRADA CHADWICK,,HERITAGE CHAR,18009-0000,19,12,OK,RECEIVED,,,NEED 19,1/16/2025,1-21,KEYSTON,$32.65,,,,,
1/16/2025,1077,,SCOTTSDALE ENTRADA CHADWICK,,CANVAS BRICK,5409-0000,7,5,-2,RECEIVED,,,NEED 3YDS,1/16/2025,1/17,KEYSTON,$20.90,,,,,
1/16/2025,1077,,SCOTTSDALE ENTRADA CHADWICK,,CANVAS FERN,5487-0000,7,0,-7,RECEIVED,,,NEED 5YDS,1/16/2025,1/17,KEYSTON,$18.03,,,,,
1/16/2025,,,CHRISTIAN REQUEST 1/16/25,,CANVAS BLACK,5408-0000,3,0,-3,RECEIVED,,,NEED 4YDS,1/16/2025,1/16,KEYSTON,,,,,,
1/16/2025,1077,,SCOTTSDALE ENTRADA CHADWICK,,CANVAS CHARCOAL,54048-0000,37,3,-34,IN STOCK,,,,,,,,,,,,
1/16/2025,CHRIS,,CHRISTIAN REQUEST 1/16/25,,HERITAGE ASHE,18001-0000,7,0,-7,IN STOCK,,,,,,,,,,,,
1/21/2025,1080,,SEPEHR REJAL,,DETAIL LINEN,146003-0001,16,2.5,-13.5,RECEIVED,,,NEED 16YDS,1/21/2025,1/29,KEYSTON CALF,,,,,,
1/21/2025,1080,,SEPEHR REJAL,,SAILCLOTH SEAGULL,32000-0023,3,22,19,RECEIVED,,,NEED 3YDS,1/21/2025,1/29,KEYSTON CALF,,,,,,
1/21/2025,1080,,SEPEHR REJAL,,CANVAS WHITE,57003-0000,23,11,-12,RECEIVED,,,NEED 20YDS,1/21/2025,1-25,KEYSTON CALI,,,,,,
1/21/2025,1082,,MARCIA RITTER,,CABANA CLASSIC,58030-0000,10,0,-10,RECEIVED,,,NEED 10YDS,1/22/2025,1-28,KEYSTON CALI,$19.92,,,,,
1/21/2025,1082,,MARCIA RITTER,,CANVAS WHITE,57003-0000,10,11,1,RECEIVED,,,NEED 10YDS,1/22/2025,1-27,KEYSTON CALI,$18.03,,,,,
1/21/2025,1082,,MARCIA RITTER,,SHORE CLASSIC,58033-0000,12,3,-9,RECEIVED,,,NEED 12YDS,1/22/2025,1/23,KEYSTON PHX,$19.92,,,,,
1/21/2025,1080,,SEPEHR REJAL,,FREQUENCY PARCHMENT,56093-0000,6,5,-1,IN STOCK,,,,,,,,,,,,
1/21/2025,1081,,BRUCE LARSON,,CANVAS NAVY,5439-0000,21,8,-13,IN STOCK,,,,,,,,,,,,
1/21/2025,1081,,BRUCE LARSON,,STANTON LAGOON,58001-0000,11,0,-11,IN STOCK,,,,,,,,,,,,
1/21/2025,1081,,BRUCE LARSON,,CANVAS SAPPHIRE BLUE,5452-0000,3,2,-1,IN STOCK,,,???,,,,,,,,,
1/21/2025,1081,,BRUCE LARSON,,LUXE INDIGO,45690-0000,2,13,11,IN STOCK,,,,,,,,,,,,
1/22/2025,1072,,RE-DOING DAVID GIL PILLOWS,,PAYTON GRANITE,56075-0000,2,0,-2,RECEIVED,,,NEED 2YDS,1/22/2025,1/23,KEYSTON,$22.11,,,,,
1/22/2025,1079,,WARRANTY: RABE KYLE & LAURA,,CANVAS REGATTA,5493-0000,27,2,-25,RECEIVED,,,27 YD ORDERED BY LUCIO,,1/22,KEYSTON,,,,,,
1/23/2025,1077,,SCOTTSDALE ENTRADA CHADWICK,,HERITAGE CHAR,18009-0000,4,12,8,RECEIVED,,,NEED 4 TO COMPLETE,1/23/2025,1/30,KEYSTON CALF,$18.03,,,,,
1/23/2025,1083,,CLEMMER PROJECT,,HERITAGE CHAR,18009-0000,5,12,7,RECEIVED,,,NEED 5YD,1/23/2025,1/30,KEYSTON CALF,$18.03,,,,,
1/23/2025,1083,,CLEMMER PROJECT,,LINEN STONE,8319-0000,100,4,-96,RECEIVED,,,NEED 90 YDS...ENVIARON 96??,1/23/2025,1/24,KEYSTON PHX,$20.90,,,,,
1/23/2025,1083,,CLEMMER PROJECT,,CANVAS BLACK,5408-0000,22,0,-22,RECEIVED,,,NEED 22YDS,1/23/2025,1/24,KEYSTON PHX,$18.03,,,,,
1/23/2025,1083,,CLEMMER PROJECT,,VOYAGE DUNE,146206-0004,40,0,-40,RECEIVED,,,NEED 35YDS....ENVIARON 30??,1/23/2025,1/24/2025 & 1/27,KEYSTON PHX,$32.54,,,,,
1/23/2025,1084,,COLLEEN ZWACH,,LUXE INDIGO,45690-0000,24,13,-11,RECEIVED,,,NEED 20YD...ENVIARON 2??,1/23/2025,1/24/2025 & 1/27/25,KEYSTON PHX,$35.58,,,,,
1/23/2025,1086,,KAREN BURFENING,,CANVAS BLACK,5408-0000,7,0,-7,RECEIVED,,,NEED 7YDS,1/23/2025,1/24,KEYSTON PHX,$18.03,,,,,
1/23/2025,1084,,COLLEEN ZWACH,,CANVAS NAVY,5439-0000,4,8,4,IN STOCK,,,,,,,,,,,,
1/23/2025,1086,,KAREN BURFENING,,CANVAS WHITE,57003-0000,3,11,8,IN STOCK,,,,,,,,,,,,
1/23/2025,1086,,KAREN BURFENING,,CREATE HAZE,145844-0002,2,2,0,IN STOCK,,,,,,,,,,,,
1/27/2025,850,,MONASH PROJECT,,CAST OCEAN,48103-0000,1,0,-1,RECEIVED,,,NEED 1 YD,1/27/2025,1/28,KEYSTON PHX,$17.79,,,,,
1/27/2025,850,,MONASH PROJECT,,SPECTRUM CAYENNE,48026-0000,2,0,-2,RECEIVED,,,NEED 2YD,1/27/2025,1/28,KEYSTON PHX,$18.90,,,,,
1/27/2025,850,,MONASH PROJECT,,ACTION LINEN,44285-0000,7,0,-7,RECEIVED,,,NEED 7YDS,1/27/2025,1/28,KEYSTON PHX,$31.26,,,,,
1/27/2025,1119,,WARRANTY: MARY BURKE,,CAST ASH,40428-0000,12,15,3,RECEIVED,,,RECEIVED 12 ORDERED BY LUCIO..,1/27/2025,,KEYSTON PHX,$17.44,,,,,
1/27/2025,1119,,WARRANTY: MARY BURKE,,TRUSTED FOG,40524-0001,4,0,-4,RECEIVED,,,NEED 4YD ,4/1/2025,4/2,KEYSTON PHX,,,,,,
1/28/2025,1089,,GREG HESTREET,,CANVAS HEATHER BEIGE,5476-0000,24,47,23,RECEIVED,,,NEED 22YDS,1/28/2025,1/29,KEYSTON PHX,$18.03,,,,,
1/28/2025,1089,,GREG HESTREET,,BERENSON TUXEDO,8521-0000,4,65,61,RECEIVED,,, NEED 4YDS,1/28/2025,1/29,KEYSTON PHX,$20.90,,,,,
1/29/2025,1090,,WARRANTY: CARON&JAY MORTEN,,HERITAGE CHAR,18009-0000,50,12,OK,RECEIVED,,,ORDERED BY LUCIO..... 50yds,,by marco 2/3/25,KEYSTON,,,,,,
1/29/2025,1091,,CHUCK BROWN,,PLATFORM CLOUD,42091-0011,21,2,-19,RECEIVED,,,NEED 18YDS,2/4/2025,2/4,KEYSTON,,,,,,
1/29/2025,1091,,CHUCK BROWN,,MAINSTREET PUTTY,42048-0012,18,4,-14,RECEIVED,,,NEED 18YDS,2/4/2025,2/4,KEYSTON,,,,,,
1/29/2025,1092,,TERRY MCDONOUGH,,CANVAS WHITE,57003-0000,10,11,1,RECEIVED,,,NEED 10YD,2/4/2025,2/4,KEYSTON,,,,,,
1/29/2025,1092,,TERRY MCDONOUGH,,LUXE INDIGO,45690-0000,10,13,3,RECEIVED,,,NEED 10YD,2/4/2025,2/4,KEYSTON,,,,,,
1/29/2025,1091,,CHUCK BROWN,,ADAPTATION STONE,69010-0002,20,4,-16,RECEIVED,,,NEED 20YDS..PARTIAL-10LOCAL Y 10 CALIFORNIA,2/4/2025,OK ON 2/6,KEYSTON CALI,,,,,,
1/29/2025,1090,,WARRANTY: CARON&JAY MORTEN,,HERITAGE CHAR,18009-0000,24,12,-12,RECEIVED,,,NEED 24YDS FOR 4 DOUBLE CHAISE LOUNGE,2/20/2025,2/24,KEYSTON CALIF.,,,,,,
1/29/2025,1091,,CHUCK BROWN,,INTEGRATED PEWTER,69006-0007,30,0,-30,IN STOCK,,,,,,,,,,,,
1/29/2025,1092,,TERRY MCDONOUGH,,ADAPTATION INDIGO,69010-0004,27,4,-23,IN STOCK,,,,,,,,,,,,
1/29/2025,1092,,TERRY MCDONOUGH,,CANVAS SUNFLOWER YELLOW,5457-0000,10,5,-5,IN STOCK,,,,,,,,,,,,
1/29/2025,1092,,TERRY MCDONOUGH,,CANVAS NAVY,5439-0000,17,8,-9,IN STOCK,,,,,,,,,,,,
2/1/2025,1093,,JASON SCHNEIDER,,CANVAS CAPRI,5426-0000,3,1,-2,RECEIVED,,,NEED 3YD,2/3/2025,2/3,KEYSTON PHX,,,,,,
2/1/2025,1093,,JASON SCHNEIDER,,VOYAGE BREEZE,146206-0003,2,0,-2,RECEIVED,,,NEED 2YDS,2/3/2025,2/3,KEYSTON PHX,,,,,,
2/3/2025,1043,,WARRANTY: MARK SCHIETZ,,GATEWAY MIST,58039-0000,16,0,-16,RECEIVED,,,NEED 16 YDS,2/3/2025,2/5,KEYSTON CALI,,,,,,
2/3/2025,1043,,WARRANTY: MARK SCHIETZ,,GAVIN MIST,56052-0000,21,15,-6,RECEIVED,,,NEED 16YDS,2/3/2025,2/3,KEYSTON PHX,,,,,,
2/3/2025,1080,,SEPEHR REJAL,,CANVAS WHITE,57003-0000,6,11,5,RECEIVED,,,NEED 10YDS...WAS USED ON SHOWRROM,2/3/2025,2/3,KEYSTON PHX,,,,,,
2/3/2025,1043,,WARRANTY: MARK SCHIETZ,,CANVAS SPA,5413-0000,25,0,-25,IN STOCK,,,,,,,,,,,,
2/3/2025,1043,,WARRANTY: MARK SCHIETZ,,SPECTRUM MUSHROOM,48031-0000,5,0,-5,IN STOCK,,,,,,,,,,,,
2/4/2025,1078,,"WARR:3rd Avenue Lofts, FRANK NARDI",,CANVAS NAVY,5439-0000,55,8,-47,RECEIVED,,,ORDER BY FACTORY NEED 45YDS,2/20/2025,2/24,KEYSTON PHX,,,,,,
2/4/2025,1078,,"WARR:3rd Avenue Lofts, FRANK NARDI",,CANVAS HAZE,14059-0054,13,2,-11,RECEIVED,,,ORDER BY FACTORY NEED 13YDS,2/20/2025,2/24,KEYSTON PHX,,,,,,
2/4/2025,1094,,LIZ LOGAN,,CANVAS CANVAS,5453-0000,6,16,10,RECEIVED,,,NEED 6YDS,2/4/2025,2/5,KEYSTON PHX,,,,,,
2/4/2025,1078,,"WARR:3rd Avenue Lofts, FRANK NARDI",,CYCLE DENIM,146396-0001,105,3,-102,LUCIO,,,ORDER BY LUCIO 102 YDS,,2/24/25,,,,,,,
2/4/2025,1095,,WARR: NICHOLE DILLER,,CANVAS SKYLINE,14091-0000,36,68,OK,LUCIO,,,ORDER 36YD BY LUCIO,,2/4,,,,,,,
2/4/2025,1095,,WARR: NICHOLE DILLER,,ESCAPE DENIM,146207-001,4,0,-4,LUCIO,,,ORDER 4YD BY LUCIO,,2/4,,,,,,,
2/4/2025,1095,,WARR: NICHOLE DILLER,,GATEWAY COAST,14087-0000,20,2,-18,LUCIO,,,ORDER 20YD  BY LUCIO,,2/4,,,,,,,
2/4/2025,1095,,WARR: NICHOLE DILLER,,SPECTRUM INDIGO,48080-0000,4,2,-2,LUCIO,,,ORDER 4YD BY LUCIO,,2/4,,,,,,,
2/4/2025,1095,,WARR: NICHOLE DILLER,,CANVAS SAPHIRE BLUE,5452-0000,6,0,-6,LUCIO,,,ORDER 6YD BY LUCIO,,2/4,,,,,,,
2/4/2025,1096,,MARLIS KAPELLUSCH,,KRAVET 6022127.811.0,6022127.811.0,2,0,-2,CLIENT,,,CLIENT SEND 2YD,,2/4,,,,,,,
2/4/2025,1096,,MARLIS KAPELLUSCH,,KRAVET 36079.821.0,36079.821.0,7,0,-7,CLIENT,,,CLIENT SEND 7YD,,2/4,,,,,,,
2/8/2025,1099,,CHRIS FAWZY,,REMIX DENIM,48145-0006,22,0,-22,RECEIVED,,,NEED 20YDS,2/13/2025,2/18,KEYSTON FLORIDA,$16.06,,,,,
2/8/2025,1099,,CHRIS FAWZY,,REMIX DENIM,48145-0006,3,0,-3,RECEIVED,,,NEED 2YDS LOCAL,2/13/2025,2/17,KEYSTON PHOENIX,$16.06,,,,,
2/8/2025,1099,,CHRIS FAWZY,,EMBRACE PEWTER,145849-0001,4,2,-2,RECEIVED,,,NEED 2 YDS,2/13/2025,2/17,KEYSTON PHOENIX,$24.60,,,,,
2/8/2025,1099,,CHRIS FAWZY,,SAIL AWAY DENIM,40606-0003,18,2,-16,RECEIVED,,,NEED 18 YDS,2/13/2025,2/17,KEYSTON PHOENIX,$19.62,,,,,
2/8/2025,1099,,CHRIS FAWZY,,HERITAGE SMOKE,18014-0000,1,0,-1,IN STOCK,,,,,,,,,,,,
2/10/2025,1096,,MARLIS KAPELLUSCH,,PIRAMIDES TOSTADO,GDT-5512-001,2,0,,CLIENT,,,CLIENT SEND 2YD,,2/10,,,,,,,
2/10/2025,1134,,WARRANTY KORA CRUZ,,CANVAS WHITE,57003-0000,100,11,-89,LUCIO,,,LUCIO ORDER 100YDS,,2/10,,$18.03,,,,,
2/10/2025,1134,,WARRANTY KORA CRUZ,,LIDO INDIGO,57004-0000,20,8,-12,LUCIO,,,LUCIO ORDER 20YDS,,2/10,,,,,,,
2/11/2025,1098,,KAREN BURFENING,,CREATE HAZE,145844-0002,12,2,-10,RECEIVED,,,NEED 6 YDS,2/13/2025,2/18,OUTDOOR FABRIC CENTRAL,$52.95,,,,,
2/11/2025,1098,,KAREN BURFENING,,CANVAS WHITE,57003-0000,2,11,9,IN STOCK,,,,,,,,,,,,
2/13/2025,1102,,MCCOY RESIDENCE,,CANVAS CANVAS,5453-0000,37,16,-21,RECEIVED,,,NEED 37,2/13/2025,2/17,KEYSTON CALIF,$18.03,,,,,
2/13/2025,1102,,MCCOY RESIDENCE,,CANVAS TAUPE,5461-0000,50,4,-46,RECEIVED,,,NEED 50,2/13/2025,2/17,KEYSTON PHX,$18.03,,,,,
2/13/2025,1102,,MCCOY RESIDENCE,,SPECTRUM SAND,48019-0000,19,0,-19,RECEIVED,,,NEED 11,2/13/2025,2/17,KEYSTON PHX,$16.23,,,,,
2/13/2025,1102,,MCCOY RESIDENCE,,CANVAS FERN,5487-0000,2,0,-2,RECEIVED,,,NEED 2,2/13/2025,2/17,KEYSTON PHX,$18.03,,,,,
2/13/2025,1102,,MCCOY RESIDENCE,,CANVAS FERN,5487-0000,4,0,-4,RECEIVED,,,NEED 4,3/11/2025,3/11,KEYSTON PHX,$18.03,,,,,
2/13/2025,1102,,MCCOY RESIDENCE,,SPECTRUM MUSHROOM,48031-0000,1,0,-1,RECEIVED,,,NEED 11,2/13/2025,2/17,KEYSTON PHX,$16.23,,,,,
2/17/2025,1106,,ROGER DANIELS,,CANVAS FLAX,5492-0000,19,0,-19,RECEIVED,,,NEED 19,2/25/2025,2/26,KEYSTON PHX,,,,,,
2/17/2025,1106,,ROGER DANIELS,,DETAIL LINEN,146003-0001,3,2.5,-0.5,RECEIVED,,,NEED 3,2/25/2025,2/26,KEYSTON PHX,,,,,,
2/17/2025,PROJ-2-17-25,,PLANT STAND,,SHORE CLASSIC,58030-0000,17,3,-14,RECEIVED,,,NEED 15,2/17/2025,2/18,KEYSTON PHX,$19.92,,,,,
2/17/2025,PROJ-2-17-25,,PLANT STAND,,SPECTRUM CARBON,48085-0000,9,5,-4,RECEIVED,,,NEED 10,2/17/2025,2/18,KEYSTON PHX,$16.23,,,,,
2/17/2025,1106,,ROGER DANIELS,,SHORE LINEN,56054-0000,8,9,1,IN STOCK,,,,,,,,,,,,
2/20/2025,1134,,WARRANTY KORA CRUZ,,CANVAS WHITE,57003-0000,76,11,-65,LUCIO,,,LUCIO ORDER: 76YDS,,2/20,,$18.03,,,,,
2/24/2025,1107,,JEAN CLAUD RWIGEMA,,CANVAS FOREST GREEN,5446-0000,12,31,19,IN STOCK,,,,,,,,,,,,
2/24/2025,1109,,MARCIA RITTER,,CABANA CLASSIC,58030-0000,3,0,-3,RECEIVED,,,NEED 3,2/26/2025,2/27,,,,,,,
2/25/2025,1111,,LINDA SCHOENER,,CANVAS TAUPE,5461-0000,18,4,-14,RECEIVED,,,NEED 21,3/4/2025,3-4 DIAS,KEYSTON CALI,$18.03,,,,,
2/25/2025,1112,,TINA CHAFIN,,CANVAS CANVAS,5453-0000,35,16,-19,RECEIVED,,,NEED 35 YDS,2/26/2025,2/28,KEYSTON CALI,$18.03,,,,,
2/25/2025,1111,,LINDA SCHOENER,,CANVAS NATURAL,5404-0000,10,8,-2,RECEIVED,,,NEED 10YDS,2/26/2025,2/26,KEYSTON PHX,$18.03,,,,,
2/25/2025,1111,,LINDA SCHOENER,,DREAM MIST,146395-0001,5,0,-5,RECEIVED,,,NEED 5YDS,2/26/2025,2/26,KEYSTON PHX,$31.61,,,,,
2/25/2025,1111,,LINDA SCHOENER,,HERITAGE SKY,18016-0000,3,3,0,RECEIVED,,,NEED 3,2/26/2025,2/26,KEYSTON PHX,$32.63,,,,,
2/25/2025,1111,,LINDA SCHOENER,,MILANO CHAR ,56079-0000,8,0,-8,RECEIVED,,,NEED 8YDS,2/26/2025,2/26,KEYSTON PHX,$18.35,,,,,
2/25/2025,1111,,LINDA SCHOENER,,SPECTRUM CARBON,48085-0000,2,5,3,RECEIVED,,,NEED 3YDS,2/26/2025,2/26,KEYSTON PHX,$16.23,,,,,
2/25/2025,1111,,LINDA SCHOENER,,TRUSTED FOG,40524-0001,17,0,-17,RECEIVED,,,NEED 17YDS,2/26/2025,2/26,KEYSTON PHX,$18.16,,,,,
2/25/2025,1111,,LINDA SCHOENER,,CAST SHALE,40432-0000,45,1,-44,RECEIVED,,,NEED 45YDS,2/26/2025,2/26,KEYSTON PHX,$17.44,,,,,
2/25/2025,1110,,GREG MOORE,,NURTURE CHARCOAL,42102-0006,21,1,-20,RECEIVED,,,NEED 21 YDS,2/26/2025,2/26,KEYSTON PHX,$31.67,,,,,
2/25/2025,1113,,PHIL ZERANTE,,CANVAS CANVAS,5453-0000,58,16,-42,RECEIVED,,,NEED 58 YDS,2/26/2025,2/26,KEYSTON PHX,$18.03,,,,,
2/25/2025,1113,,PHIL ZERANTE,,CANVAS COCOA,5425-0000,1,4,3,RECEIVED,,,NEED 1YD,2/26/2025,2/26,KEYSTON PHX,$18.03,,,,,
2/25/2025,1099,,CHRIS FAWZY,,REMIX DENIM,48145-0006,4,0,-4,RECEIVED,,,NEED 4YDS TO COMPLETE,2/27/2025,2/27,KEYSTON PHX,,,,,,
2/25/2025,1113,,PHIL ZERANTE,,MAINSTREET LATTE,42048-0009,6,10,4,RECEIVED,,,NEED 6YDS,2/27/2025,3/3,TRIVANTAGE,,,,,,
2/25/2025,1099,,CHRIS FAWZY,,REMIX DENIM,48145-0006,4,0,-4,RECEIVED,,,NEED 4YDS TO COMPLETE,2/27/2025,3/3,TRIVANTAGE,,,,,,
2/25/2025,1111,,LINDA SCHOENER,,CANVAS WHITE,57003-0000,2,11,9,IN STOCK,,,,,,,,,,,,
2/25/2025,1112,,TINA CHAFIN,,POP-22-FILM UNITED FABRICS,,2,0,-2,RECEIVED,,,WE RECEIVED WEEKS AGO,,,,,,,,,
2/26/2025,1114,,PATY DESIGNER,,INTEGRATED PEWTER,69006-0007,5,0,-5,IN STOCK,,,NEED:5YDS,,,DISCONTINUED BY KEYSTON,,,,,,
2/26/2025,1114,,PATY DESIGNER,,CAST SHALE,40432-0000,35,1,-34,RECEIVED,,,NEED:35YDS,2/26/2025,2/28,KEYSTON CALI,$17.44,,,,,
2/26/2025,1116,,THOMAS CAO,,CANVAS WHITE,57003-0000,26,11,-15,RECEIVED,,,NEED 26 YDS,2/27/2025,2/27,KEYSTON PHX,,,,,,
2/26/2025,1114,,PATY DESIGNER,,INTEGRATED STEEL,69006-0008,3,0,-3,IN STOCK,,,,,,,,,,,,
2/26/2025,1115,,LINDA SCHOENER EVANS,,SPECTRUM GRAPHITE,48030-0000,6,10,4,IN STOCK,,,,,,,,,,,,
2/26/2025,1115,,LINDA SCHOENER EVANS,,CANVAS WHITE,57003-0000,5,11,6,IN STOCK,,,,,,,,,,,,
3/1/2025,1118,,RIVIERA PROJECT,,CANVAS NAVY,5439-0000,35,8,,RECEIVED,,,NEED 35YDS,3/20/2025,3/31,KEYSTON CALI,$18.03,,,,,
3/1/2025,1118,,RIVIERA PROJECT,,CANVAS NAVY,5439-0000,80,8,-72,RECEIVED,,,NEED 95YDS,3/4/2025,3/5,KEYSTON PHX,$18.03,,,,,
3/1/2025,1118,,RIVIERA PROJECT,,MILANO COBALT,56080-0000,23,9,-14,IN STOCK,,,,,,,,,,,,
3/1/2025,1118,,RIVIERA PROJECT,,CANVAS WHITE,57003-0000,6,11,5,IN STOCK,,,,,,,,,,,,
3/3/2025,1122,,BRANDON WILEY,,CANVAS COCOA,5425-0000,32,4,-28,RECEIVED,,,NEED 32,3/4/2025,3/5,KEYSTON PHX,$18.03,,,,,
3/3/2025,1122,,BRANDON WILEY,,CANVAS MINERAL BLUE,5420-0000,2,0,-2,RECEIVED,,,NEED 2,3/4/2025,3/5,KEYSTON PHX,$18.03,,,,,
3/3/2025,1120,,CHRIS & BETH TORTORELLO,,CANVAS WHITE,57003-0000,58,11,-47,RECEIVED,,,NEED 85,3/4/2025,3/5,KEYSTON PHX,$18.03,,,,,
3/3/2025,1120,,CHRIS & BETH TORTORELLO,,CANVAS FLAX,5492-0000,7,0,-7,RECEIVED,,,NEED 7,3/4/2025,3/5,KEYSTON PHX,$18.03,,,,,
3/3/2025,1120,,CHRIS & BETH TORTORELLO,,SHORE LINEN,56054-0000,8,9,1,IN STOCK,,,,,,,,,,,,
3/5/2025,1125,,DEBORAH MCFARLANE,,CANVAS COAL,5489-0000,30,3,-27,RECEIVED,,,NEED 30,3/6/2025,3/10,KEYSTON,,,,,,
3/5/2025,1125,,DEBORAH MCFARLANE,,PEYTON GRANITE,56075-0000,12,0,-12,RECEIVED,,,NEED 12,3/6/2025,3/10,KEYSTON,,,,,,
3/5/2025,1125,,DEBORAH MCFARLANE,,CANVAS TAUPE,5461-0000,12,4,-8,RECEIVED,,,NEED 12,3/6/2025,4/2,KEYSTON,,,,,,
3/5/2025,1125,,DEBORAH MCFARLANE,,MILANO CHAR ,56079-0000,3,0,-3,RECEIVED,,,NEED 3,3/6/2025,3/10,KEYSTON,,,,,,
3/5/2025,1128,,TERESA MYERS,,DUPIONE CELESTE,8067-0000,3,6,3,RECEIVED,,,NEED 3,3/6/2025,3/10,KEYSTON,,,,,,
3/5/2025,1126,,RAMIN SALARI,,SPECTRUM CARBON,48085-0000,8,5,-3,RECEIVED,,,NEED 8,3/6/2025,3/10,KEYSTON,,,,,,
3/5/2025,1126,,RAMIN SALARI,,CANVAS BLACK,5408-0000,4,0,-4,RECEIVED,,,NEED 4,3/6/2025,3/10,KEYSTON,,,,,,
3/5/2025,1128,,TERESA MYERS,,GAVIN MIST,56052-0000,2,15,13,IN STOCK,,,,,,,,,,,,
3/5/2025,1126,,RAMIN SALARI,,FREQUENCY PARCHMENT,56093-0000,8,5,-3,IN STOCK,,,,,,,,,,,,
3/5/2025,WARR,,WARRANTY LEN HACK (FRANK NARDI),,CYCLE DENIM,146396-0001,27,3,-24,LUCIO,,,LUCIO ORDER 27YDS,,3/5,,,,,,,
3/6/2025,1123,,MELANIE SQUIRES,,CANVAS COAL,5489-0000,8,3,-5,RECEIVED,,,NEED 8YDS,3/11/2025,3/11,KEYSTON PHX,$18.03,,,,,
3/6/2025,1123,,MELANIE SQUIRES,,LINEN SILVER,8351-0000,7,18,11,IN STOCK,,,,,,,,,,,,
3/8/2025,1130,,MAURENE & TOM JONES,,CANVAS TAUPE,5461-0000,3,4,1,RECEIVED,,,NEED 3YDS,3/12/2025,3/18,JUSTWHOLE-SAILRITE,$19.35,,,,,
3/8/2025,1131,,NIKKI PERES,,VOYAGE DUNE,146206-0004,7,0,-7,RECEIVED,,,NEED 7YDS,3/11/2025,3/17,KEYSTON FLORIDA,$32.54,,,,,
3/8/2025,1132,,HEATHER & JOHN IORILLO,,CAST SHALE,40432-0000,7,1,-6,RECEIVED,,,NEED 7YDS,3/11/2025,3/11,KEYSTON PHX,$17.44,,,,,
3/8/2025,1132,,HEATHER & JOHN IORILLO,,ECHO ASH,57005-0000,4,11,7,RECEIVED,,,NEED 2YDS,3/11/2025,3/11,KEYSTON PHX,$22.94,,,,,
3/8/2025,1131,,NIKKI PERES,,ECHO ASH,57005-0000,40,11,-29,RECEIVED,,,NEED 40YDS,3/11/2025,3/11,KEYSTON PHX,$22.94,,,,,
3/8/2025,1130,,MAURENE & TOM JONES,,HYBRID SMOKE,42079-0000,43,4,-39,RECEIVED,,,NEED 43YDS,3/11/2025,3/11,KEYSTON PHX,$31.67,,,,,
3/8/2025,1130,,MAURENE & TOM JONES,,MILANO CHAR ,56079-0000,5,0,-5,RECEIVED,,,NEED 5YDS,3/11/2025,3/11,KEYSTON PHX,$18.35,,,,,
3/8/2025,1129,,FARES SUKKAR,,DUPIONE PAPAYA,8053-0000,2,0,-2,RECEIVED,,,NEED 1YD,3/11/2025,3/11,KEYSTON PHX,$24.60,,,,,
3/8/2025,1130,,MAURENE & TOM JONES,,CANVAS CAMEL,54568-0000,4,0,-4,IN STOCK,,,,,,,,,,,,
3/8/2025,1129,,FARES SUKKAR,,STANTON LAGOON,58001-0000,30,0,-30,IN STOCK,,,,,,,,,,,,
3/8/2025,1129,,FARES SUKKAR,,CANVAS WHITE,57003-0000,3,11,8,IN STOCK,,,,,,,,,,,,
3/8/2025,1129,,FARES SUKKAR,,MILANO COBALT,56080-0000,4,9,5,IN STOCK,,,,,,,,,,,,
3/8/2025,1129,,FARES SUKKAR,,CANVAS NAVY,5439-0000,20,8,-12,IN STOCK,,,,,,,,,,,,
3/8/2025,1129,,FARES SUKKAR,,SENSIBILITY SPLENDOR,,20,0,-20,IN STOCK,,,,,,,,,,,,
3/10/2025,1079,,WARRANTY: RABE KYLE & LAURA,,CANVAS REGATTA,5493-0000,4,2,-2,RECEIVED,,,NEED 4YD TO COMPLETE,3/10/2025,3/12,KEYSTON PHX,,,,,,
3/10/2025,GENCUSH-2,,GENCUSH-CHRIST,,CANVAS HAZE,14059-0054,23,2,OK,RECEIVED,,,NEED 23,3/10/2025,3/10,KEYSTON PHX,$17.76,,,,,
3/11/2025,1133,,WARRANTY: HOPE BRICK,,BLOX SLATE,45542-0000,4,0,OK,LUCIO,,,LUCIO ORDER: 4,3/11/2025,,,$35.11,,,,,
3/11/2025,1133,,WARRANTY: HOPE BRICK,,CANVAS COCOA,5425-0000,10,4,OK,LUCIO,,,LUCIO ORDER: 10..OK ON 3/17,3/17/2025,,,$18.03,,,,,
3/11/2025,1133,,WARRANTY: HOPE BRICK,,MILANO CHAR ,56079-0000,10,0,OK,LUCIO,,,LUCIO ORDER: 10,3/11/2025,,,$18.35,,,,,
3/11/2025,1133,,WARRANTY: HOPE BRICK,,EMPIRE DOVE,45837-0002,10,2,OK,LUCIO,,,LUCIO ORDER: 10,3/11/2025,,,$34.64,,,,,
3/13/2025,1117,,WARRANTY: BETSY FRAME,,LINEN STONE,8319-0000,37,4,-33,RECEIVED,,,NEED 37,3/13/2025,3/17,KEYSTON,$20.90,,,,,
3/13/2025,1117,,WARRANTY: BETSY FRAME,,MILANO CHAR ,56079-0000,27,0,-27,RECEIVED,,,NEED 27,3/13/2025,3/17,KEYSTON,$18.35,,,,,
3/13/2025,1135,,SHAWN STROOTMAN,,SAILCLOTH SALT,32000-0018,7,0,-7,RECEIVED,,,NEED 4,3/20/2025,3/21,KEYSTON PHX,$31.27,,,,,
3/13/2025,1135,,SHAWN STROOTMAN,,MILANO CHAR ,56079-0000,1,0,-1,IN STOCK,,,,,,,,,,,,
3/17/2025,1137,,SHELLY KOSIAK,,CANVAS CANVAS,5453-0000,23,16,-7,RECEIVED,,,NEED 23,3/20/2025,3/21,KEYSTON PHX,$18.03,,,,,
3/17/2025,1137,,SHELLY KOSIAK,,ARRAY CARIBBEAN,145654-0003,7,0,-7,RECEIVED,,,NEED 7,3/20/2025,3/21,KEYSTON PHX,$31.00,,,,,
3/18/2025,1140,,LINDA LANG,,SPECTRUM INDIGO,48080-0000,5,2,-3,RECEIVED,,,NEED 3,,3-4 DIAS,KEYSTON CALIFORNIA,$16.23,,,,,
3/18/2025,1138,,CORINA COVACIU,,CANVAS FLAX,5492-0000,50,0,-50,RECEIVED,,,NEED 50,3/20/2025,3/21,KEYSTON PHX,$18.03,,,,,
3/18/2025,1138,,CORINA COVACIU,,SPECTRUM MUSHROOM,48031-0000,20,0,-20,RECEIVED,,,NEED 15..ONLY 11 ORDERED,3/20/2025,3/21,KEYSTON PHX,$16.23,,,,,
3/18/2025,1138,,CORINA COVACIU,,DETAIL LINEN,146003-0001,34,2.5,-31.5,RECEIVED,,,NEED 65...ONLY 34,3/20/2025,3/21,KEYSTON PHX,$30.48,,,,,
3/18/2025,1140,,LINDA LANG,,CANVAS SAPPHIRE BLUE,5452-0000,2,2,0,RECEIVED,,,NEED 2,3/20/2025,3/21,KEYSTON PHX,$18.03,,,,,
3/18/2025,1136,,ANDREW DALE,,CABANA CLASSIC,5408-0000,25,0,-25,RECEIVED,,,NEED 25,3/20/2025,3/21,KEYSTON PHX,$19.92,,,,,
3/18/2025,1136,,ANDREW DALE,,CANVAS BLACK,5408-0000,5,0,-5,RECEIVED,,,NEED 5,3/20/2025,3/21,KEYSTON PHX,$18.03,,,,,
3/18/2025,1136,,ANDREW DALE,,SHORE CLASSIC,58033-0000,12,3,-9,RECEIVED,,,NEED 12,3/20/2025,3/21,KEYSTON PHX,$19.92,,,,,
3/18/2025,1138,,CORINA COVACIU,,DETAIL LINEN,146003-0001,31,2.5,-28.5,RECEIVED,,,NEED 31,4/1/2025,4/3,UNITED FABRICS,$42.45,,,,https://www.unitedfabrics.com/cart/receipt/9e9d0198-4899-4fce-a7d1-81e5327eaa4a/,
3/18/2025,1138,,CORINA COVACIU,,FRETWORK FLAX,45991-0001,2,3,1,IN STOCK,,,,,,,,,,,,
3/18/2025,1140,,LINDA LANG,,GATEWAY COAST,14087-0000,3,2,-1,IN STOCK,,,,,,,,,,,,
3/19/2025,1142,,JULIA KATRINE,, NURTURE CHARCOAL,42102-0006,3,0,-3,RECEIVED,,,NEED 3,4/7/2025,4-14,TRIVANTAGE,,,,,,
3/31/2025,1126,,RAMIN SALARI,,SPECTRUM CARBON,48085-0000,6,5,-1,RECEIVED,,,NEED 6 TO COMPLETE,3/31/2025,4/1,KEYSTON PHX,$16.23,,,,,
3/31/2025,1148,,CHRIS & RAY MCKIERNAN,,CANVAS BLACK,5408-0000,6,0,-6,RECEIVED,,,NEED 2YD,4/2/2025,4/3,KEYSTON PHX,$14.55,,,,,
3/31/2025,1148,,CHRIS & RAY MCKIERNAN,,CABANA CLASSIC,58030-0000,2,0,-2,RECEIVED,,,NEED 2YD,4/2/2025,4/3,KEYSTON PHX,$16.08,,,,,
3/31/2025,1149,,BOB MORAN,,CANVAS CANVAS,5453-0000,28,16,-12,RECEIVED,,,NEED 28,4/2/2025,4/3,KEYSTON PHX,$14.55,,,,,
3/31/2025,1149,,BOB MORAN,,CANVAS REGATTA,5493-0000,7,2,-5,RECEIVED,,,NEED 5YDS,4/2/2025,4/3,KEYSTON PHX,$14.55,,,,,
3/31/2025,1145,,SCOTTSDALE SHOWROOM,,CYCLE DENIM,146396-0001,12,3,-9,RECEIVED,,,NEED 12,4/2/2025,4/3,KEYSTON PHX,$19.91,,,,,
3/31/2025,1145,,SCOTTSDALE SHOWROOM,,MARVEL SAGE,44494-001,5,0,-5,RECEIVED,,,NEED 5YDS,4/2/2025,4/3,KEYSTON PHX,$16.28,,,,,
3/31/2025,1151,,ANDREA BORG,,CANVAS NAVY,5439-0000,43,8,-35,RECEIVED,,,NEED 43,4/2/2025,4/3,KEYSTON PHX,$14.55,,,,,
3/31/2025,1151,,ANDREA BORG,,EMBRACE INDIGO,145849-0003,9,3,-6,RECEIVED,,,NEED 9,4/2/2025,4/3,KEYSTON PHX,$19.86,,,,,
3/31/2025,1151,,ANDREA BORG,,MIDORI INDIGO,145256-0001,9,0,-9,RECEIVED,,,NEED 9,4/2/2025,4/3,KEYSTON PHX,$29.93,,,,,
3/31/2025,1152,,GEOFFERY SCOTT,,CAST SHALE,40432-0000,40,1,-39,RECEIVED,,,NEED 40,4/2/2025,4/3,KEYSTON PHX,$14.08,,,,,
3/31/2025,1152,,GEOFFERY SCOTT,,RESONATE DUNE,145656-0001,6,0,-6,RECEIVED,,,NEED 6,4/2/2025,4/3,KEYSTON PHX,$14.08,,,,,
3/31/2025,1152,,GEOFFERY SCOTT,,MAINSTREET PUTTY,42048-0012,2,4,2,RECEIVED,,,NEED 2,4/2/2025,4/3,KEYSTON PHX,$30.59,,,,,
3/31/2025,1153,,LISA POWELL,,NURTURE PEBBLE,42102-0002,10,4,-6,RECEIVED,,,NEED 10,4/2/2025,4/3,KEYSTON PHX,$25.57,,,,,
3/31/2025,1152,,GEOFFERY SCOTT,,ORTIZ ONYX,146474-0003,9,4,-5,RECEIVED,,,NEED 9,4/7/2025,3-4DAYS,SUNBRELLA.COM,$53.95,,,,,
3/31/2025,1150,,BERNARD KIRK,,IMPROVE STUCCO,17003-0002,11,2,-9,RECEIVED,,,NEED 11,4/2/2025,4/8,TRIVANTAGE,,,,,,
3/31/2025,1150,,BERNARD KIRK,,POSH PEBBLE,44157-0051,18,0,-18,RECEIVED,,,NEED 18,4/2/2025,4/8,TRIVANTAGE,,,,,,
3/31/2025,1151,,ANDREA BORG,,EMBRACE INDIGO,145849-0003,4,3,-1,RECEIVED,,,NEED 4,4/2/2025,3-4 DIAS,TRIVANTAGE,,,,,,
3/31/2025,1151,,ANDREA BORG,,MIDORI INDIGO,145256-0001,3,0,-3,RECEIVED,,,NEED 3,4/2/2025,3-4 DIAS,TRIVANTAGE,,,,,,
3/31/2025,1148,,CHRIS & RAY MCKIERNAN,,CANVAS WHITE,57003-0000,4,11,7,IN STOCK,,,,,,,,,,,,
3/31/2025,1149,,BOB MORAN,,SHORE REGATTA,58032-0000,7,19,12,IN STOCK,,,,,,,,,,,,
3/31/2025,1145,,SCOTTSDALE SHOWROOM,,CANVAS NAVY,5439-0000,2,8,6,IN STOCK,,,,,,,,,,,,
3/31/2025,1145,,SCOTTSDALE SHOWROOM,,CANVAS RAFFIA,14107-0000,6,4,-2,IN STOCK,,,,,,,,,,,,
3/31/2025,1145,,SCOTTSDALE SHOWROOM,,RENEW MIST,145843-0002,10,8,-2,IN STOCK,,,,,,,,,,,,
3/31/2025,1146,,STEVE KRAMER,,CHEVRON 4 ASPHALT,,2,0,-2,RECEIVED,,,NEED 2 YDS,4/15/2025,4/22,FABRIC CAROLINA,$113.25,,,,,
3/31/2025,1146,,STEVE KRAMER,,GRAPHITE,,2,4,2,IN STOCK,,,,,,,,,,,,
3/31/2025,1152,,GEOFFERY SCOTT,,LINEN SESAME,8318-0000,3,2,-1,IN STOCK,,,,,,,,,,,,
3/31/2025,1152,,GEOFFERY SCOTT,,CANVAS HENNA,5407-0000,4,28,24,IN STOCK,,,,,,,,,,,,
3/31/2025,1152,,GEOFFERY SCOTT,,BRANNON REDWOOD,5612-0000,2,3,1,IN STOCK,,,,,,,,,,,,
3/31/2025,1152,,GEOFFERY SCOTT,,CAST ASH,40428-0000,10,15,5,IN STOCK,,,,,,,,,,,,
3/31/2025,1153,,LISA POWELL,,STANTON LAGOON,58001-0000,1,0,-1,IN STOCK,,,,,,,,,,,,
4/1/2025,1143,,LA JOLLA SHOWROOM,,SPECTRUM MUSHROOM,48031-0000,12,0,-12,RECEIVED,,,NEED 10,4/2/2025,4/3,KEYSTON PHX,$13.10,,,,,
4/1/2025,1143,,LA JOLLA SHOWROOM,,CALM LAUREL,145854-0002,7,126,119,IN STOCK,,,,,,,,,,,,
4/1/2025,1143,,LA JOLLA SHOWROOM,,CANVAS WHITE,57003-0000,2,11,9,IN STOCK,,,,,,,,,,,,
4/2/2025,1059-REDO,,GREGG ONTIVEROS,,LINEN SILVER,8351-0000,51,18,-33,RECEIVED,,,NEED 51,4/2/2025,4/3,KEYSTON PHX,$16.87,,,,,
4/2/2025,1059-REDO,,GREGG ONTIVEROS,,HERITAGE CHAR,18009-0000,8,12,4,RECEIVED,,,NEED 8,4/2/2025,4/3,KEYSTON PHX,$26.36,,,,,
4/2/2025,1154,,GREG ONTIVEROS*NEW,,LINEN SILVER,8351-0000,40,18,-22,RECEIVED,,,NEED 40,4/2/2025,4/3,KEYSTON PHX,$16.87,,,,,
4/2/2025,1154,,GREG ONTIVEROS*NEW,,HERITAGE CHAR,18009-0000,10,12,2,RECEIVED,,,NEED 10,4/2/2025,4/3,KEYSTON PHX,$26.36,,,,,
4/2/2025,1163,,LISA SCHMIDLAP,,MIDORI STONE,145256-0005,4,0,-4,IN STOCK,,,,,,,,,,,,
4/2/2025,1163,,LISA SCHMIDLAP,,CANVAS SAPPHIRE BLUE,5452-0000,14,2,-12,RECEIVED,,,NEED 14,4/11/2025,4/11,KEYSTON PHX,$14.55,,,,,
4/2/2025,1163,,LISA SCHMIDLAP,,ESCAPE DENIM,146207-0001,3,0,-3,RECEIVED,,,NEED 3,4/11/2025,4/12,KEYSTON FLORIDA,$28.33,,,,,
4/2/2025,1163,,LISA SCHMIDLAP,,CANVAS NATURAL,5404-0000,17,8,-9,RECEIVED,,,NEED 17,4/11/2025,4/11,KEYSTON PHX,$14.55,,,,,
4/8/2025,1155,,DIDI SPINA,,BORO ELEGANCE,146030-0005,10,0,-10,RECEIVED,,,NEED 10,4/15/2025,4/17/2025,TRIVANTAGE,$36.37,,,,,
4/8/2025,1155,,DIDI SPINA,,PEYSTON GRANITE,,5,0,-5,RECEIVED,,,NEED 5,4/11/2025,4/11,KEYSTON PHX,$17.85,,,,,
4/8/2025,1155,,DIDI SPINA,,MIDORI STONE,145256-0005,10,0,-10,IN STOCK,,,,,,,,,,,,
4/8/2025,1155,,DIDI SPINA,,HERITAGE CHAR,18009-0000,19,12,-7,RECEIVED,,,NEED 19,4/11/2025,4/11,KEYSTON PHX,$26.36,,,,,
4/8/2025,1155,,DIDI SPINA,,FREQUENCY PARCHMENT,56093-0000,20,5,-15,IN STOCK,,,,,,,,,,,,
4/8/2025,1155,,DIDI SPINA,,CANVAS NATURAL,5404-0000,7,8,1,RECEIVED,,,NEED 7,4/24/2025,4/29,KEYSTON PHX,$14.55,,,,,
4/8/2025,1155,,DIDI SPINA,,CANVAS  BLACK,,3,0,-3,RECEIVED,,,NEED 3,4/11/2025,4/11,KEYSTON PHX,$14.55,,,,,
4/8/2025,1156,,DREW & PAOLA HOLDERBY,,LINEN CANVAS,8353-0000,42,5,-37,RECEIVED,,,67--------42 CALIF,4/11/2025,4/15,KEYSTON CALIF,$16.87,,,,,
4/8/2025,1156,,DREW & PAOLA HOLDERBY,,LINEN CANVAS,8353-0000,25,5,,RECEIVED,,,SERGIO CONFIRMA 25 FROM PHX,4/11/2025,4/14,KEYSTON PHX,$16.87,,,,,
4/8/2025,1156,,DREW & PAOLA HOLDERBY,,SCOPE CAPE,40465-0004,33,2,-31,RECEIVED,,,NEED 33,4/15/2025,4/17/2025,TRIVANTAGE,$25.58,,,,,
4/8/2025,1157,,KEVIN HUNT,,PLATFORM INDIGO (NOT METAMORPHIC LAGOON),,4,0,-4,RECEIVED,,,NEED 3 TO COMPLETTE,4/9/2025,4/10,KEYSTON PHX,$26.42,,,,,
4/8/2025,1158,,MARY LANS,,CANVAS REGATTA,5493-0000,10,2,-8,RECEIVED,,,NEED 10,4/11/2025,4/15,KEYSTON CALIF,$14.55,,,,,
4/8/2025,1158,,MARY LANS,,CABANA REGATTA,,6,0,-6,RECEIVED,,,NEED 6,4/11/2025,4/11,KEYSTON PHX,$16.08,,,,,
4/8/2025,1159,,PATTI KLAYKO,,DETAIL LINEN,146003-0001,7,2.5,-4.5,IN STOCK,,,NEED 7,,,NO KEYSTON STOCK,,,,,DISCONTINUED BY TRIVANTAGE,
4/8/2025,1159,,PATTI KLAYKO,,CANVAS BLACK,5408-0000,1,0,-1,RECEIVED,,,JUNTO 1162,4/11/2025,4/11,KEYSTON PHX,$14.55,,,,,
4/8/2025,1161,,SONALI TIKEKAR,,CANVAS NATURAL,5404-0000,26,8,-18,RECEIVED,,,*NEED 24 YDS,4/10/2025,4/11,KEYSTON PHX,$14.55,,,,,
4/8/2025,1161,,SONALI TIKEKAR,,MAXIM HEATHER BEIGE,5674-0000,16,7,-9,RECEIVED,,,**NEED 16YDS,4/10/2025,4/11,KEYSTON PHX,$14.81,,,,,
4/8/2025,1161,,SONALI TIKEKAR,,CANVAS CAMEL,54568-0000,16,0,-16,IN STOCK,,,,,,,,,,,,
4/8/2025,1160,,SUMMER OHARA,,SPECTRUM SAND,48019-0000,21,0,-21,RECEIVED,,,NEED 15,4/11/2025,4/14,KEYSTON PHX,$13.10,,,,,
4/8/2025,1160,,SUMMER OHARA,,EMBRACE LINEN,145849-0002,10,2,-8,RECEIVED,,,NEED 10,4/22/2025,4/23,KEYSTON PHX,,,,,,
4/8/2025,1162,,JANET BOWEN,,CANVAS BLACK,5408-0000,36,0,-36,RECEIVED,,,NEED 35,4/11/2025,4/11,KEYSTON PHX,$14.55,,,,,
4/8/2025,1162,,JANET BOWEN,,SHORE CLASSIC,58033-0000,20,3,-17,RECEIVED,,,NEED 10,4/11/2025,4/11,KEYSTON PHX,$16.08,,,,,
4/8/2025,1162,,JANET BOWEN,,CANVAS WHITE,57003-0000,5,11,6,IN STOCK,,,,,,,,,,,,
4/9/2025,1133,,WARRANTY: HOPE BRICK,,CANVAS COCOA,5425-0000,16,4,-12,RECEIVED,,,NEED 16 TO COMPLETE,4/10/2025,4/11,KEYSTON PHX,$14.55,,,,,
4/9/2025,1164,,ANDREA FODERA,,CANVAS TAUPE,5461-0000,67,4,-63,RECEIVED,,,"NEED 67----KEYSTON PHX 30 (12-6, PEDAZOS)",,,,$14.55,,,,,
4/9/2025,1164,,ANDREA FODERA,,CANVAS TAUPE,5461-0000,37,4,,RECEIVED,,,NEED 41 KEYSTON ONLY 26 OF 67,4/15/2025,4-21,TRIVANTAGE,$16.66,,,,,
4/9/2025,1164,,ANDREA FODERA,,SOLANA SEAGULL,32008-0000,12,4,-8,RECEIVED,,,NEED 12,4/11/2025,4/14,KEYSTON PHX,$26.64,,,,,
4/9/2025,1164,,ANDREA FODERA,,MASON FOREST GREEN,5630-0000,4,4,0,RECEIVED,,,NEED 3,4/11/2025,4/14,KEYSTON PHX,$14.81,,,,,
4/10/2025,1165,,RACHAEL WHEELER,,BLISS SMOKE,48135-0003,10,0,-10,RECEIVED,,,NEED 10,4/11/2025,4/14,KEYSTON PHX,$13.07,,,,,
4/10/2025,1166,,SUSAN & DANA CRAIG,,MILANO CHAR ,56079-0000,20,0,-20,RECEIVED,,,NEED 20,4/15/2025,4/16,,,,,,,
4/10/2025,1166,,SUSAN & DANA CRAIG,,CANVAS RUST,,2,1,-1,IN STOCK,,,,,,,,,,,,
4/11/2025,CHRIS,,CCPATIO,,CAST SLATE,40434-000,70,5,-65,RECEIVED,,,NEED 70,4/11/2025,4/11,KEYSTON PHX,$14.08,,,,,
4/14/2025,1170,,WARRANTY: SUSAN KAY,,CANVAS FERN,5487-0000,30,0,-30,RECEIVED,,,RECEIVED 13 LUCIO BUT NEED 30 DIF: 17,4/18/2025,4/21,KEYSTON CALIF,$14.55,,,,,
4/16/2025,1174,,STEPHANIE JENKINS,,CANVAS FLAX,5492-0000,108,0,-108,RECEIVED,,,NEED 108,4/22/2025,4/23,KEYSTON PHX,,,,,,
4/16/2025,1174,,STEPHANIE JENKINS,,SPECTRUM INDIGO,48080-0000,23,2,-21,RECEIVED,,,NEED 18,4/22/2025,4/23,KEYSTON PHX,,,,,,
4/16/2025,1174,,STEPHANIE JENKINS,,KINDLE INDIGO,145666-0004,30,12,-18,RECEIVED,,,NEED 25,4/23/2025,4/29,TRIVANTAGE,,,,,,
4/16/2025,1174,,STEPHANIE JENKINS,,CANVAS NAVY,5439-0000,10,8,-2,RECEIVED,,,ORDER ON 1173-MARK GOLDBERG,4/23/2025,4/24,KEYSTON PHX,,,,,,
4/16/2025,1174,,STEPHANIE JENKINS,,SHADOW SAND,51000-0001,15,0,-15,RECEIVED,,,NEED 15,4/23/2025,4/23,,,,,,,
4/16/2025,1172,,NANCY & MARK LOFTIN,,CANVAS CAMEL,54568-0000,10,0,-10,IN STOCK,,,,,,,,,,,,
4/16/2025,1172,,NANCY & MARK LOFTIN,,MAINSTREET LATTE,42048-0009,4,10,6,RECEIVED,,,NEED 4,4/22/2025,4/23,KEYSTON PHX,,,,,,
4/16/2025,1172,,NANCY & MARK LOFTIN,,LINEN STONE,8319-0000,4,4,0,IN STOCK,,,,,,,,,,,,
4/16/2025,1175,,SCOTTSDALE QUARTER,,LITCHFIELD MIDNIGHT,42011-0023,8,7,-1,RECEIVED,,,NEED 8,4/23/2025,4/29,TRIVANTAGE,,,,,,
4/16/2025,1175,,SCOTTSDALE QUARTER,,ESCHER INDIGO,146225-0003,6,3,-3,RECEIVED,,,NEEED 6,4/23/2025,4/29,TRIVANTAGE,,,,,,
4/16/2025,1175,,SCOTTSDALE QUARTER,,BORO INDIGO,146030-0002,4,4,0,RECEIVED,,,NEED 4,4/23/2025,4/29,TRIVANTAGE,,,,,,
4/16/2025,1175,,SCOTTSDALE QUARTER,,ESTI LAGOON,44349-0004,4,5,1,IN STOCK,,,,,,,,,,,,
4/16/2025,1171,,KELLY JOHNSON WATERS RESIDENCE,,TICKING DOVE,40554-004,35,0,-35,RECEIVED,,,NEED 35,4/23/2025,4/29,TRIVANTAGE,,,,,,
4/16/2025,1171,,KELLY JOHNSON WATERS RESIDENCE,,SOLO OCEAN,40605-0011,3,0,-3,RECEIVED,,,NEED 3,4/23/2025,4/29,TRIVANTAGE,,,,,,
4/16/2025,1171,,KELLY JOHNSON WATERS RESIDENCE,,IMPROVE WHITE,44370-0006,2,0,-2,RECEIVED,,,NEED 2,4/22/2025,4/23,,,,,,,
4/16/2025,1171,,KELLY JOHNSON WATERS RESIDENCE,,EMBRACE LINEN,145849-0002,10,2,-8,RECEIVED,,,,4/11/2025,4/14,KEYSTON PHX,$19.86,,,,,
4/16/2025,1171,,KELLY JOHNSON WATERS RESIDENCE,,LURE DENIM,44370-0006,2,0,-2,RECEIVED,,,NEED 2,4/23/2025,4/29,TRIVANTAGE,$22.27,,,,,
4/16/2025,1171,,KELLY JOHNSON WATERS RESIDENCE,,LURE DENIM,44370-0006,2,0,-2,RECEIVED,,,NEED 2 TO COMPLETE,5/7/2025,5/12,TRIVANTAGE,$22.27,,,,,
4/17/2025,1142,,JULIA KATRINE,,NURTURE CHARCOAL,42102-0006,1,1,0,RECEIVED,,,NEED 1,4/17/2025,4/21,KEYSTON PHX,$25.57,,,,,
4/17/2025,1170,,WARRANTY: SUSAN KAY,,FRETWORK FLAX,45991-0001,27,3,-24,RECEIVED,,,"NEED 27 DEFERENCE: 14, ENVIARON 11",4/18/2025,4/21,KEYSTON PHX,,,,,,
4/17/2025,1170,,WARRANTY: SUSAN KAY,,EBERLY PEACOCK,146266-0003,5,0,-5,RECEIVED,,,LUCIO ORDER 5-....NEED 5,5/5/2025,5/7,TRIVANTAGE ,$31.05,,,,,
4/17/2025,1170,,WARRANTY: SUSAN KAY,,BLISS LINEN,48135-0001,2,16,14,RECEIVED,,,LUCIO ORDER 1.....NEED 2,5/5/2025,5/6,KEYSTON PHX,$13.07,,,,,
4/18/2025,1173,,MARK GOLDBERG,,EQUAL GRAPHITE,,40,23,-17,IN STOCK,,,,,,,,,,,,
4/18/2025,1173,,MARK GOLDBERG,,CANVAS FLAX,5492-0000,8,0,-8,RECEIVED,,,NEED 8,4/23/2025,4/24,KEYSTON PHX,$14.55,,,,,
4/18/2025,1173,,MARK GOLDBERG,,CLOCK OUT CLOUD,146205-0003,3,3,0,RECEIVED,,,NEED 5,5/13/2025,5/13,KEYSTON PHX,,,,,,
4/18/2025,1173,,MARK GOLDBERG,,LIDO INDIGO,57004-0000,10,8,-2,RECEIVED,,,NEED 10,4/23/2025,4/24,KEYSTON PHX,$14.81,,,,,
4/18/2025,1173,,MARK GOLDBERG,,CANVAS NAVY,5439-0000,27,8,-19,RECEIVED,,,NEED 20,4/23/2025,4/24,KEYSTON PHX,$14.55,,,,,
4/18/2025,1173,,MARK GOLDBERG,,CANVAS WHITE,57003-0000,15,11,-4,RECEIVED,,,NEED 20,4/23/2025,4/24,KEYSTON PHX,,,,,,
4/18/2025,1173,,MARK GOLDBERG,,STANTON LAGOON,58001-0000,12,0,-12,IN STOCK,,,,,,,,,,,,
4/21/2025,1168,,OPTIMA SALES OFFICE,,RALLY EMBER (wesley mayan),,36,0,-36,RECEIVED,,,NEED 56.....STOCK 36 RECEIVED,4/21/2025,4/21,KEYSTON PHX,$12.00,,,,,
4/21/2025,1168,,OPTIMA SALES OFFICE,,RALLY EMBER (WESLEY MAYAN),,110,0,-110,RECEIVED,,,NEED 56....RECEIVED 36 NEED 110 ON MAY 6 RECEIVED 137.4 FROM KEYSTON,4/21/2025,5/6,KEYSTON CALIF,$19.00,,,,,
4/21/2025,1168,,OPTIMA SALES OFFICE,,MAINSTREET LATTE,42048-0009,14,10,-4,RECEIVED,,,NEED 14,,4/21,KEYSTON PHX,$29.30,,,,,
4/23/2025,1154,,**NEW GREGG ONTIVEROS,,HERITAGE CHAR,18009-0000,,12,,RECEIVED,,,NEED 10,4/23/2025,4/23,KEYSTON PHX,,,,,,
4/23/2025,1177,,CINDY BROWN,,SPECTRUM CILANTRO,48022-0000,35,1,-34,RECEIVED,,,NEED 35,4/24/2025,4/29,KEYSTON PHX,$15.25,,,,,
4/23/2025,1177,,CINDY BROWN,,VIOLETTA BALTIC,45760-0002,15,0,-15,IN STOCK,,,,,,,,,,,,
4/23/2025,1177,,CINDY BROWN,,BRAVADA SALSA,5601-0000,12,0,-12,RECEIVED,,,NEED 12,4/24/2025,4/29,KEYSTON PHX,$17.18,,,,,
4/23/2025,1177,,CINDY BROWN,,CANVAS FOREST GREEN,5446-0000,29,31,2,IN STOCK,,,,,,,,,,,,
4/23/2025,1177,,CINDY BROWN,,SPECTRUM DAFFODIL,48024-0000,1,0,-1,RECEIVED,,,NEED 1,4/24/2025,4/29,KEYSTON PHX,$13.10,,,,,
4/23/2025,1177,,CINDY BROWN,,CAROUSEL CONFETTI,7774-0000,6,0,-6,RECEIVED,,,NEED 6,4/24/2025,4/29,KEYSTON PHX,$18.52,,,,,
4/23/2025,1177,,CINDY BROWN,,CANVAS TANGERINE,5406-0000,1,1,0,IN STOCK,,,,,,,,,,,,
4/23/2025,1177,,CINDY BROWN,,CANVAS MACAW,5429-0000,7,0,-7,RECEIVED,,,NEED 5,4/24/2025,4/29,KEYSTON PHX,$16.87,,,,,
4/23/2025,1177,,CINDY BROWN,,CANVAS BLACK,5408-0000,12,0,-12,RECEIVED,,,NEED 25,4/24/2025,4/29,KEYSTON PHX,$14.55,,,,,
4/23/2025,1177,,CINDY BROWN,,CANVAS BLACK,5408-0000,10,0,-10,RECEIVED,,,NEED 15,5/28/2025,5/29,KEYSTON PHX,$14.55,,,,,
4/23/2025,1177,,CINDY BROWN,,SHORE CLASSIC,58033-0000,12,3,-9,RECEIVED,,,NEED 25,4/24/2025,4/29,KEYSTON PHX,$16.08,,,,,
4/23/2025,1177,,CINDY BROWN,,CANVAS WHITE,57003-0000,1,11,10,RECEIVED,,,NEED 20,5/14/2025,5/15,KEYSTON PHX,$14.55,,,,,
4/23/2025,1178,,PHIL ZERANTE,,MAINSTREET LATTE,42048-0009,4,10,6,RECEIVED,,,NEED 5,4/24/2025,4/29,KEYSTON PHX,$29.30,,,,,
4/23/2025,1179,,SCOTTSDALE SHOWROOM,,CANVAS NATURAL,5404-0000,10,8,-2,RECEIVED,,,NEED 3,5/5/2025,5/6,KEYSTON PHX,$14.60,,,,,
4/23/2025,1179,,SCOTTSDALE SHOWROOM,,PRINCIPLE TROPICS,16009-0001,4,3,-1,RECEIVED,,,NEED 4,5/5/2025,5/6,KEYSTON PHX,$27.60,,,,,
4/23/2025,1179,,SCOTTSDALE SHOWROOM,,CANVAS PERSIMMON,57013-0000,2,5,3,RECEIVED,,,NEED 2,5/5/2025,5/6,KEYSTON PHX,$14.90,,,,,
4/23/2025,1179,,SCOTTSDALE SHOWROOM,,CANVAS SUNFLOWER,,3,0,-3,IN STOCK,,,,,,,,,,,,
4/24/2025,1176,,WARR: DAVID GROSVENOR,,HERITAGE PAPYRUS,18006-0000,15,21,6,RECEIVED,,,NEED 16**ONLY 10 RECEIVED**,4/24/2025,4/29,KEYSTON PHX,$26.36,,,,,
4/24/2025,1176,,WARR: DAVID GROSVENOR,,HERITAGE PAPYRUS,18006-0000,,21,21,RECEIVED,,,NEED 6 TO COMPLETE,4/2/2025,4/30,,$26.40,,,,,
4/24/2025,1184,,ALIE COOK,,TROPICS JUNGLE,145214-0000,8,0,-8,RECEIVED,,,NEED 8,5/5/2025,5/7,TRIVANTAGE ,$38.43,,,,,
4/24/2025,1184,,ALIE COOK,,CANVAS FLAX,5492-0000,3,0,-3,RECEIVED,,,NEED 3,5/5/2025,5/6,KEYSTON PHX,$14.60,,,,,
4/24/2025,1184,,ALIE COOK,,SPECTRUM CILANTRO,48022-0000,1,1,0,IN STOCK,,,,,,,,,,,,
4/24/2025,1184,,ALIE COOK,,SHADOW SAND,51000-0001,3,0,-3,IN STOCK,,,NEED 3---ONLY 1,5/5/2025,5/6,KEYSTON PHX,$12.26,,,,,
4/29/2025,1187,,GENCUSH-SELTZER,,BLEND LINEN,16001-0014,53,0,-53,RECEIVED,,,NEED 53**keyston 05/02 have 110,5/5/2025,,TRIVANTAGE,,,,,,
4/29/2025,1187,,GENCUSH-MICHELE NEWLIN,,CANVAS TANGERINE,5406-0000,15,1,-14,RECEIVED,,,NEED 15 YDS,4/29/2025,5/1,TRIVANTAGE,,,,,,
4/29/2025,1187,,GENCUSH-POWAY ADD ON,,CANVAS NAVY,5439-0000,8,8,0,RECEIVED,,,NEED 8YDS (266 AT KEYSTON),,4/30,,,,,,,
4/29/2025,1187,,GENCUSH-EIRY ROBERTS,,REMIX DENIM,48145-0006,12,0,-12,RECEIVED,,,NEED 12 (56 AVAILABLE KEYSTON),,4/30,,,,,,,
4/29/2025,1187,,GENCUSH-EIRY ROBERTS,,NURTURE PEBBLE,42102-0002,46,4,-42,RECEIVED,,,NEED 46 (20 FISICAL & tODAY 40yds),,4/30,,,,,,,
4/29/2025,1187,,GENCUSH-ORLANDO,,BLEND SAND,16001-0012,19,2,-17,RECEIVED,,,NEED 19 (37 AVAILABLE ON KEYSTON),,4/30,,,,,,,
4/29/2025,1187,,GENCUSH-ALEX NEXTDOOR,,SPECTRUM CAYENNE,48026-0000,16,0,-16,RECEIVED,,,NEED 16 (105 AT KEYSTON),,5/1,,,,,,,
4/30/2025,1187,,GENCUSH-RYAN THOMPSON,,REVIVE SAND,11500-003,5,0,-5,RECEIVED,,,NEED 6 (61 AVAILABLE),4/30/2025,4/30,KEYSTON,$20.82,,,,,
5/3/2025,1186,,DAVID GRAHAM,,CANVAS NAVY,5439-0000,30,8,-22,RECEIVED,,,NEED 30,5/8/2025,5/9/2025,KEYSTON,$14.55,,,,,
5/3/2025,1186,,DAVID GRAHAM,,CANVAS SUNFLOWER YELLOW,5457-0000,10,5,-5,IN STOCK,,,,,,,,,,,,
5/3/2025,1186,,DAVID GRAHAM,,LUXE INDIGO,45690-0000,11,13,2,RECEIVED,,,NEED 8,5/8/2025,5/9/2025,KEYSTON,$28.72,,,,,
5/3/2025,1186,,DAVID GRAHAM,,LIDO INDIGO,57004-0000,42,8,-34,RECEIVED,,,NEED 40,5/8/2025,5/14,TRIVANTAGE,$17.28,,,,,
5/3/2025,1190,,CRAIG PODOLSKY,,CAST SLATE,40434-000,65,5,-60,RECEIVED,,,NEED 65,5/13/2025,5/13,KEYSTON,$14.08,,,,,
5/3/2025,1190,,CRAIG PODOLSKY,,CAST BREEZE,48094-0000,11,0,-11,RECEIVED,,,NEED 11,5/13/2025,5/13,KEYSTON,$14.08,,,,,
5/3/2025,1190,,CRAIG PODOLSKY,,MIDORI STONE,145256-0005,24,0,-24,IN STOCK,,,,,,,,,,,,
5/3/2025,1190,,CRAIG PODOLSKY,,DUPIONE CELESTE,8067-0000,15,6,-9,RECEIVED,,,NEED 15,5/13/2025,5/13,KEYSTON,$17.95,,,,,
5/3/2025,1190,,CRAIG PODOLSKY,,NURTURE PEBBLE,42102-0002,6,4,-2,IN STOCK,,,,,,,,,,,,
5/3/2025,1190,,CRAIG PODOLSKY,,MILANO CHAR ,56079-0000,11,0,-11,IN STOCK,,,,,,,,,,,,
5/5/2025,,,JASMINE CUSTOMER,,DETAIL LINEN,146003-0001,40,2.5,-37.5,RECEIVED,,,NEED 40,5/5,5/7,,,,,,,
5/7/2025,HAMID,,DR MIKE CASTRICHI,,LINEN SILVER,8351-0000,12,18,6,RECEIVED,,,NEED 12,5/6/2025,5/7,KEYSTON,$16.87,,,,,
5/7/2025,1192,,OPTIMA 15615- REPLACEMENT OPTIONS,,COMFORT CLAY,16008-0002,6,135,129,IN STOCK,,,,,,,,,,,,
5/7/2025,1192,,OPTIMA 15615- REPLACEMENT OPTIONS,,MAINSTREET LATTE,42048-0009,4,10,6,RECEIVED,,,NEED 4,5/12/2025,5-14,TRIVANTAGE,$37.00,,,,,
5/7/2025,1192,,OPTIMA 15615- REPLACEMENT OPTIONS,,METAMORPHIC LAGOON,46094-0005,9,62,53,RECEIVED,,,NEED 10,5/12/2025,5-14,TRIVANTAGE,$38.11,,,,,
5/7/2025,1192,,OPTIMA 15615- REPLACEMENT OPTIONS,,STANTON LAGOON,58001-0000,1,0,-1,IN STOCK,,,,,,,,,,,,
5/7/2025,1189,,GENCUSH MIKE GENER 4 ORDERS,,HERITAGE LEAF,18011-0000,30,7,-23,RECEIVED,,,NEED 30,5/12/2025,5-14,KEYSTON CALIF,$26.36,,,,,
5/7/2025,1189,,GENCUSH MIKE GENER 4 ORDERS,,CULTIVATE STONE,56107-0000,5,2,-3,RECEIVED,,,NEED 7,5/12/2025,5/13,KEYSTON PHX,$16.60,,,,,
5/7/2025,1189,,GENCUSH MIKE GENER 4 ORDERS,,ACTION ASH,44285-0001,23,0,-23,RECEIVED,,,NEED 23,5/12/2025,5/13,KEYSTON PHX,$25.23,,,,,
5/7/2025,1189,,GENCUSH MIKE GENER 4 ORDERS,,ACTION ASH,44285-0001,12,0,-12,RECEIVED,,,NEED 14 YDS,5/27/2025,5/28,KEYSTON PHX,,,,,,
5/7/2025,1189,,GENCUSH MIKE GENER 4 ORDERS,,CANVAS TEAL,5456-0000,15,0,-15,RECEIVED,,,NEED 15,5/12/2025,5/13,KEYSTON PHX,$14.55,,,,,
5/7/2025,1189,,GENCUSH MIKE GENER 4 ORDERS,,CANVAS BLACK,5408-0000,6,0,-6,RECEIVED,,,NEEED 10,5/12/2025,5/13,KEYSTON PHX,$14.55,,,,,
5/7/2025,1189,,GENCUSH MIKE GENER 4 ORDERS,,ECHO ASH,57005-0000,6,11,5,IN STOCK,,,,,,,$18.52,,,,,
5/7/2025,1193,,LORI MCCULLOUGHT,,POSH PEBBLE,44157-0051,36,0,-36,RECEIVED,,,NEED 36,5/20/2025,5-22,TRIVANTAGE,$35.24,,,,,
5/8/2025,1195,,JENNIFER FISHER,,LINEN STONE,8319-0000,62,4,-58,RECEIVED,,,NEED 50,5/13/2025,5/13,KEYSTON,$16.87,,,,,
5/8/2025,1195,,JENNIFER FISHER,,HERITAGE CHAR,18009-0000,12,12,0,RECEIVED,,,NEED 12,5/13/2025,5/13,KEYSTON,$26.36,,,,,
5/8/2025,1195,,JENNIFER FISHER,,KINDLE INDIGO,145666-0004,1,12,11,RECEIVED,,,NEED 1,6/17/2025,6/19,TRIVANTAGE,,,,,**NO KEYSTON,
5/12/2025,,,JASMINE SALARI ??,,ENRICH CLOUD,44341-0003,12,0,-12,RECEIVED,,,RECEIVED 12 YDS??,5/12/2025,,,,,,,,
5/12/2025,1099,,CHRIS FAWZY RE DOING WITH MAGNETS,,REMIX DENIM,48145-0006,4,0,-4,RECEIVED,,,NEED 8 YDS TO COMPLETE,5/12/2025,5/13,KEYSTON PHX,$12.97,,,,,
5/13/2025,1155S,,DIDI SPINA,,HERITAGE CHAR,18009-0000,6,12,6,RECEIVED,,,NEED 6YD TO COMPLETE SEAT,5/13/2025,5/13,KEYSTON PHX,$26.36,,,,,
5/13/2025,1191,,SHOWROOM EXTRA 5-8,,CLOCK OUT INDIGO,146205-0002,18,2,-16,RECEIVED,,,NEED 6YDS KEYSTON,5/13/2025,5/14,KEYSTON PHX,$26.27,,,,,
5/14/2025,,,PJ SCHANTIN--BY JASMIN SALARI,,INTEGRATE PEWTER,69006-0006,14,0,-14,IN STOCK,,,,,,,,,,,,
5/15/2025,850-S,,MONASH PROJECT,,CAST OCEAN,48103-0000,9,0,-9,RECEIVED,,,NEED 3+6,5/15/2025,5/19,KEYSTON PHX,$14.28,,,,,
5/15/2025,850-S,,MONASH PROJECT,,SPECTRUM CAYENNE,48103-0000,5,0,-5,RECEIVED,,,NEED 5,5/15/2025,5/19,KEYSTON PHX,$15.25,,,,,
5/16/2025,TENJAM,,LUCIO TENJAM PROJECT -HEADREST-,,Canvas Sapphire Blue,5452-0000,5,2,-3,RECEIVED,,,NEED 5,5/16/2025,5/19,KEYSTON PHX,$14.55,,,,,
5/19/2025,1189,,GENCUSH MIKE GENER 4 ORDERS,,CANVAS TEAL,5456-0000,3,0,-3,RECEIVED,,,NEED 3,5/19/2025,5/20,KEYSTON PHX,$14.55,,,,,
5/19/2025,1187,,GENCUSH-AARON HERANG,,MARVEL MUSHROOM,44494-0004,8,0,-8,RECEIVED,,,NEED 8,5/19/2025,5/20,KEYSTON PHX,$17.28,,,,,
5/19/2025,1205,,CHRIS BROWN,,RENEW EARTHEN,145843-0001,3,0,-3,RECEIVED,,,NEED 3,5/19/2025,5/20,KEYSTON PHX,,,,,,
5/19/2025,SAMER,,SAMER,,STANTON GREYSTONE,58002-0000,95,0,-95,RECEIVED,,,NEED 107,,5/19,KEYSTON PHX,$14.81,,,,,
5/19/2025,1202,,ROBERT KORNFELD WARRANTY,,CYCLE DENIM,146396-0001,33,3,-30,RECEIVED,,,NEED 33,6/11/2025,6/12,KEYSTON PHX,$19.91,,,,,
5/19/2025,1202,,ROBERT KORNFELD WARRANTY,,CANVAS NAVY,5439-0000,14,8,-6,IN STOCK,,,,,,,,,,,,
5/19/2025,1202,,ROBERT KORNFELD WARRANTY,,REMIX DENIM,48145-0006,3,0,-3,IN STOCK,,,,,,,,,,,,
5/19/2025,1203,,DOUG THOMPSON,,SPECTRUM CHERRY,48096-0000,10,0,-10,RECEIVED,,,NEED 10,5/21/2025,5/22,KEYSTON PHX,$15.25,,,,,
5/19/2025,1204,,LOIS UNIAT WARRANTY,,CANVAS JAVA,57014-0000,7,0,-7,RECEIVED,,,NEED 7YDS,5/27/2025,5/28,KEYSTON PHX,$14.95,,,,,
5/20/2025,850-S,,MONASH PROJECT,,ASTORIA SUNSET,56095-0000,2,0,-9,RECEIVED,,,NEED 2,5/20/2025,5/21,KEYSTON PHX,,,,,,
5/21/2025,1208,,DR MARK SIEGEL,,CANVAS Heather Beige,5476-0000,125,47,-78,RECEIVED,,,NEED 125,5/28/2025,5/28,,,,,,,
5/21/2025,1208,,DR MARK SIEGEL,,Canvas Black,5408-0000,12,0,-12,RECEIVED,,,NEED 12,5/28/2025,5/28,KEYSTON PHX,$14.55,,,,,
5/21/2025,1208,,DR MARK SIEGEL,,BERENSON TUXEDO,8521-0000,40,65,25,RECEIVED,,,NEED 40,5/28/2025,5/28,KEYSTON PHX,$16.87,,,,,
5/21/2025,1214,,TAMI HAYNIE,,CANVAS FLAX,5492-0000,15,0,-15,RECEIVED,,,NEED 6,5/28/2025,5/28,KEYSTON PHX,$14.55,,,,,
5/21/2025,1214,,TAMI HAYNIE,,ENRICH CLOUD,44341-0003,10,0,-10,RECEIVED,,,NEED 10,6/3/2025,6-5,REX FABRIC,$42.36,,,,DISCONTINUE,
5/21/2025,1214,,TAMI HAYNIE,,HERITAGE CHAR,18009-0000,16,12,-4,RECEIVED,,,NEED 16,5/28/2025,5/28,KEYSTON PHX,$26.36,,,,,
5/23/2025,1206,,ALISA KEETON WARRANTY,,CANVAS CANVAS,5453-0000,48,16,-32,CANCELLED,,,"NEED 48YDS, LUCIO??",6/2/2025,6/3,KEYSTON PHX,,,,,,
5/23/2025,1206,,ALISA KEETON WARRANTY,,FRETWORK MIST,45991-0000,12,0,-12,RECEIVED,,,"NEED 12YDS, LUCIO??",6/2/2025,6/3,KEYSTON PHX,,,,,,
5/27/2025,1164,,ANDREA FODERA,,MASON FOREST GREEN,5630-0000,1,4,3,RECEIVED,,,NEED 1,5/27/2025,5/28,KEYSTON PHX,,,,,,
5/27/2025,1189,,GENCUSH- PUTMAN,,DUPIONE DEEP SEA,8019-0000,30,2,-28,RECEIVED,,,NEED 30,5/27/2025,NEXT DAY DELIVER,KEYSTONE CALIF,$17.85,,,,,
5/28/2025,1164,,ANDREA FODERA,,MASON FOREST GREEN,5630-0000,2,4,2,RECEIVED,,,NEED 2,6/3/2025,6/3,KEYSTON PHX,,,,,,
6/2/2025,1190,,CRAIG PODOLSKY,,MIDORI STONE,145256-0005,7,0,-7,RECEIVED,,,NEED 7 TO COMPLETE,6/2/2025,6/3,KEYSTON,,,,,,
6/2/2025,1217,,MIKE GENER- EIRY ROBERTS LOUNGER,,REMIX DENIM,48145-0006,14,0,-14,RECEIVED,,,NEED 14,6/2/2025,6/3/2025,KEYSTON PHX,,,,,,
6/2/2025,1209,,THOMAS HOLEVAS,,CANVAS WHITE,57003-0000,8,11,3,RECEIVED,,,NEED20,6/2/2025,6/3,KEYSTON PHX,,,,,,
6/2/2025,1209,,THOMAS HOLEVAS,,CANVAS SUNFLOWER YELLOW,5457-0000,3,5,2,IN STOCK,,,,,,,,,,,,
6/2/2025,1209,,THOMAS HOLEVAS,,CANVAS BLACK,5408-0000,2,0,-2,IN STOCK,,,,,,,,,,,,
6/2/2025,1199,,LESLIE GROSSHAUSER,,HERITAGE LEAF,18011-0000,10,7,-3,RECEIVED,,,NEED 10,6/3/2025,6/3,KEYSTON PHX,,,,,,
6/3/2025,1131,,NIKKI PERES,,ECHO ASH,57005-0000,7,11,4,RECEIVED,,,NEED 7 TO COMPLETE,6/3/2025,6/3,KEYSTON PHX,,,,,,
6/3/2025,1201,,WILLIAM KLEIM WARRANTY,,HERITAGE LEAF,18011-0000,12,7,-5,RECEIVED,,,NEED 10,6/4/2025,6/5,,$26.36,,,,,
6/3/2025,1201,,WILLIAM KLEIM WARRANTY,,HERITAGE ALPINE,,16,15,-1,RECEIVED,,,NEED 16,6/4/2025,6/5,,$26.42,,,,,
6/3/2025,1201,,WILLIAM KLEIM WARRANTY,,HERITAGE ALPINE,,10,15,5,RECEIVED,,,NEED 10,6/5/2025,6/11,TRIVANTAGE,$30.50,,,,$86 FEDEX,
6/3/2025,1201,,WILLIAM KLEIM WARRANTY,,SHORE CLASSIC,58033-0000,6,3,-3,IN STOCK,,,,,,,,,,,,
6/3/2025,1201,,WILLIAM KLEIM WARRANTY,,PEYTON GRANITE,56075-0000,7,0,-7,RECEIVED,,,NEED 7,6/4/2025,6/5,,$17.85,,,,,
6/3/2025,1201,,WILLIAM KLEIM WARRANTY,,CAST SLATE,40434-000,3,5,2,RECEIVED,,,NEED 3,6/4/2025,6/5,,$14.08,,,,,
6/3/2025,1201,,WILLIAM KLEIM WARRANTY,,RENEW EARTHEN,145843-0001,2,0,-2,RECEIVED,,,NEED 2,6/4/2025,6/5,,$25.46,,,,,
6/3/2025,1201,,WILLIAM KLEIM WARRANTY,,HERITAGE CHAR,18009-0000,15,12,-3,RECEIVED,,,NEED 15,6/4/2025,6/5,,$26.36,,,,,
6/3/2025,???,,LUXURIA INTERIORS INC,,GDT-5514-001 COSTURAS MARRON KOVITZ,GDT-5514-001,10,0,-10,RECEIVED,,,SE RECIVIERON 10 YDS,6/3/2025,,,,,,,,
6/4/2025,1218,,KATHLEEN AND THAD TRENT,,SAILCLOTH SEAGULL,32000-0023,8,22,14,RECEIVED,,,NEED 8,6/4/2025,6/5,,$25.25,,,,,
6/4/2025,1218,,KATHLEEN AND THAD TRENT,,COVE PEBBLE,58036-0000,11,6,-5,RECEIVED,,,NEED 8,6/4/2025,6/5,,$14.81,,,,,
6/4/2025,1218,,KATHLEEN AND THAD TRENT,,HERITAGE PAPYRUS,18006-0000,15,21,6,RECEIVED,,,NEED 13,6/4/2025,6/5,,$26.36,,,,,
6/4/2025,1218,,KATHLEEN AND THAD TRENT,,SPECTRUM CARBON,48085-0000,3,5,2,RECEIVED,,,NEED 3,6/4/2025,6/5,,$13.10,,,,,
6/4/2025,1218,,KATHLEEN AND THAD TRENT,,CANVAS WHITE,57003-0000,2,11,9,IN STOCK,,,,,,,,,,,,
6/5/2025,1221,,DONNA KUSH-JEFF KAVICH,,HERITAGE CHAR,18009-0000,3,12,9,IN STOCK,,,,,,,,,,,,
6/9/2025,LISA ,,LISA POWELL-SERVICIO,,NURTURE PEBBLE,42102-002,5,4,-1,RECEIVED,,,NEED 5 TO COMPLETED,6/9/2025,6/10,KEYSTON PHX,$25.56,,,,,
6/10/2025,1160,,SUMMER OHARA,,SPECTRUM SAND,48019-0000,6,0,-6,RECEIVED,,,NEED 6 TO COMPLETE,6/10/2025,6/11,KEYSTON PHX,$13.10,,,,,
6/10/2025,1219,,STRATMANN RESIDENCE,,EMBRACE INDIGO,145849-0003,23,3,-20,RECEIVED,,,NEED 23 BACK ORDEER,6/10/2025,6/16,KEYSTON PHX,,,,,,
6/10/2025,1219,,STRATMANN RESIDENCE,,CHARTRES RAINFALL,45864-0106,3,0,-3,RECEIVED,,,NEED 2,6/10/2025,6/12,TRIVANTAGE,$33.12,,,,,
6/10/2025,1219,,STRATMANN RESIDENCE,,CANVAS FLAX,5492-0000,2,0,-2,IN STOCK,,,,,,,,,,,,
6/10/2025,1222,,KRISTIN BROBERG,,CHARTRES GRANITE,45864-0105,5,7,2,RECEIVED,,,NEED 5,6/10/2025,6/12,TRIVANTAGE,$33.12,,,,,
6/10/2025,1220,,KAREN MOSTARD,,MOUNTAINS SNOW,72011-0001,20,19,-1,RECEIVED,,,NEED 20,6/10/2025,6/16,TRIVANTAGE,$41.58,,,,,
6/10/2025,1220,,KAREN MOSTARD,,METAMORPHIC SNOW,46094-0001,4,57,53,RECEIVED,,,NEED 4,6/10/2025,6/12,TRIVANTAGE,$38.11,,,,,
6/10/2025,1200,,DAVID SILK,,CANVAS WHITE,57003-0000,31,11,-20,RECEIVED,,,NEED 31,6/10/2025,6/11,KEYSTON PHX,,,,,,
6/10/2025,1200,,DAVID SILK,,DUPIONE CELESTE,8067-0000,6,6,0,RECEIVED,,,NEED 4,6/10/2025,6/11,KEYSTON PHX,,,,,,
6/10/2025,1200,,DAVID SILK,,CHARTRES OPAL,45864-0087,8,0,-8,RECEIVED,,,NEED 8,6/10/2025,6/12,TRIVANTAGE,$33.12,,,,,
6/11/2025,1179,,SCOTTSDALE SHOWROOM,,CANVAS NATURAL,5404-0000,7,8,1,RECEIVED,,,NEED 7,6/11/2025,6/12,KEYSTON PHX,$14.60,,,,,
6/11/2025,1210,,RENAISSANCE CONDOS,,ECHO DUNE,57007-0000,43,2,-41,RECEIVED,,,NEED 43 31PHX Y 12 SAN DIEGO,6/11/2025,6/17/2025 & 6/16,KEYSTON PHX&SD,$18.50,,,,,
6/11/2025,1210,,RENAISSANCE CONDOS,,DIRECTION LINEN,40599-0001,17,3,-14,RECEIVED,,,NEED 17,6/11/2025,6/12,KEYSTON PHX,$17.28,,,,,
6/11/2025,1210,,RENAISSANCE CONDOS,,ECHO MIDNIGHT,8076-0000,3,0,-3,RECEIVED,,,NEED 4,6/11/2025,6/12,KEYSTON PHX,$18.52,,,,,
6/11/2025,1224,,KYLE HOLTORF,,SPECTRUM CARBON,48085-0000,24,5,-19,RECEIVED,,,NEED 20,6/11/2025,6/12,KEYSTON PHX,$13.10,,,,,
6/12/2025,1225,,CHERYL LECLAIR,,ESTI MARINE,44349-0028,4,4,0,RECEIVED,,,NEED 4,6/13/2025,6-17,TRIVANTAGE,$26.33,,,,,
6/12/2025,1225,,CHERYL LECLAIR,,CANVAS CAPRI,5426-0000,2,1,-1,RECEIVED,,,NEED 2,6/12/2025,6/16,KEYSTON PHX,$14.55,,,,,
6/12/2025,1083-SERVICE,,CLEMMER PROJECT,,LINEN STONE,8319-0000,30,4,-26,RECEIVED,,,NEED 20,6/12/2025,6/12,KEYSTON PHX,$16.87,,,,,
6/12/2025,1083-SERVICE,,CLEMMER PROJECT,,CANVAS BLACK,5408-0000,10,0,-10,RECEIVED,,,NEED 17,6/12/2025,6/12,KEYSTON PHX,$14.55,,,,,
6/16/2025,1232,,ANDREW DALE,,CABANA CLASSIC,58030-0000,6,0,-6,RECEIVED,,,NEED 6,6/17/2025,6/17,KEYSTON PHX,$16.10,,,,,
6/16/2025,1232,,ANDREW DALE,,SHORE CLASSIC,58033-0000,4,3,-1,RECEIVED,,,NEED 2,6/17/2025,6/17,KEYSTON PHX,$16.10,,,,,
6/16/2025,1232,,ANDREW DALE,,CANVAS BLACK,5408-0000,3,0,-3,IN STOCK,,,,,,,,,,,,
6/16/2025,1227,,ROBERT SIMYAR,,CANVAS WHITE,57003-0000,,11,11,IN STOCK,,,,,,,,,,,,
6/16/2025,1227,,ROBERT SIMYAR,,MIDORI STONE,145256-0005,,0,0,IN STOCK,,,,,,,,,,,,
6/17/2025,1228,,DEEPTI SAINI,,SAILCLOTH SEAGULL,32000-0023,7,22,15,RECEIVED,,,NEED 7,6/17/2025,6/17,KEYSTON PHX,$25.20,,,,,
6/17/2025,1228,,DEEPTI SAINI,,SOLANA SEAGULL,32008-0000,6,4,-2,RECEIVED,,,NEED 3 TO COMPLETE,6/17/2025,6/17,KEYSTON PHX,$26.74,,,,,
6/17/2025,1228,,DEEPTI SAINI,,SAILCLOTH SALT,32000-0018,1,0,-1,RECEIVED,,,NEED 2,6/17/2025,6/17,KEYSTON PHX,$25.25,,,,,
6/17/2025,1228,,DEEPTI SAINI,,CANVAS CHARCOAL,54048-0000,2,3,1,IN STOCK,,,,,,,,,,,,
6/17/2025,1229,,NIKKI OSTREM,,CYCLE SPARROW,146396-0002,40,0,-40,RECEIVED,,,NEED 40,6/17/2025,6/17,KEYSTON PHX,$21.30,,,,,
6/17/2025,1229,,NIKKI OSTREM,,PIAZZA DUNE,305423-0005,6,0,-6,RECEIVED,,,NEED 6,6/17/2025,6/19,TRIVANTAGE,,,,,**NO KEYSTON,
6/17/2025,1238,,STEVE MATI,,CANVAS WHITE,57003-0000,69,11,-58,RECEIVED,,,NEED 69,6/18/2025,6/19,KEYSTON PHX,$14.55,,,,,
6/17/2025,1238,,STEVE MATI,,VOYAGE DUNE,146206-0004,10,0,-10,RECEIVED,,,NEED 6,6/18/2025,6/19,KEYSTON PHX,$26.27,,,,,
6/17/2025,1238,,STEVE MATI,,CANVAS NAVY,5439-0000,15,8,-7,RECEIVED,,,NEED 15,6/18/2025,6/19,KEYSTON PHX,$14.55,,,,,
6/17/2025,1238,,STEVE MATI,,LUXE INDIGO,45690-0000,18,13,-5,RECEIVED,,,NEED 15,6/18/2025,6/19,KEYSTON PHX,$28.72,,,,,
6/17/2025,1239,,JOSEPH D'ANNA,,MIDORI INDIGO,145256-0001,6,0,-6,RECEIVED,,,NEED 6,6/18/2025,6/19,KEYSTON PHX,$29.93,,,,,
6/18/2025,1230,,MATT HOLT,,CANVAS FLAX,5492-0000,36,0,-36,RECEIVED,,,NEED 33,6/18/2025,6/19,KEYSTON PHX,$14.55,,,,,
6/18/2025,1230,,MATT HOLT,,DREAM DUNE,146395-0002,12,3,-9,RECEIVED,,,NEED 12,6/18/2025,6/19,KEYSTON PHX,$25.60,,,,,
6/19/2025,1231,,JOHN BUTZ,,LINEN SILVER,8351-0000,70,18,-52,RECEIVED,,,NEED 70,6/19/2025,6/23,KEYSTON PHX,$16.97,,,,,
6/19/2025,1231,,JOHN BUTZ,,HERITAGE CHAR,18009-0000,8,12,4,RECEIVED,,,NEED 10,6/19/2025,6/23,KEYSTON PHX,$26.36,,,,,
6/19/2025,1213,,MONICA MORGAN,,CANVAS BIRDS EYE,5472-0000,19,0,-19,RECEIVED,,,NEED 15,6/19/2025,6/20,KEYSTON PHX,$14.55,,,,,
6/19/2025,1213,,MONICA MORGAN,,SHORE CLASSIC,58033-0000,7,3,-4,RECEIVED,,,NEED 7,6/19/2025,6/20,KEYSTON PHX,$16.08,,,,,
6/19/2025,1213,,MONICA MORGAN,,CABANA CLASSIC,58030-0000,18,0,-18,RECEIVED,,,NEED 18...ON BACK ORDER,6/19/2025,NEXT WEEK,KEYSTON PHX BACK ORDER,$16.08,,,,,
6/19/2025,1242,,WARRANTY: ABBY COHEN,,CANVAS NAVY,5439-0000,16,8,-8,RECEIVED,,,NEED 16,6/19/2025,6/23,KEYSTON PHX,$14.55,,,,,
6/19/2025,1242,,WARRANTY: ABBY COHEN,,MIDORI INDIGO,145256-0001,7,0,-7,RECEIVED,,,NEED 7,6/19/2025,6/23,KEYSTON PHX,$29.93,,,,,
6/19/2025,1243,,ANDRA CARRINGTON,,CANVAS NAVY,5439-0000,3,8,5,IN STOCK,,,,,,,,,,,,
6/20/2025,1245,,LESLIE GROSSHAUSER,,HERITAGE LEAF,18011-0000,14,7,-7,RECEIVED,,,NEED 5,6/20/2025,6/24,KEYSTON PHX,$26.36,,,,,
6/20/2025,1245,,LESLIE GROSSHAUSER,,Exquisite Aloe,146272-0001,3,0,-3,RECEIVED,,,NEED 3,6/23/2025,6/25,TRIVANTAGE,$31.05,,,,,
6/24/2025,1248,,CHARU CHOPRA,,CANVAS WHITE,57003-0000,12,11,-1,IN STOCK,,,,,,,,,,,,
6/24/2025,1248,,CHARU CHOPRA,,CANVAS BLACK,5408-0000,4,0,-4,RECEIVED,,,NEED 4,6/24/2025,6/24,,,,,,WITH RAY,
6/24/2025,1248,,CHARU CHOPRA,,CABANA CLASSIC,58030-0000,4,0,-4,RECEIVED,,,NEED 4....ON BACK ORDER,6/24/2025,6/24,,,,,,WITH RAY,
6/24/2025,1248,,CHARU CHOPRA,,SHORE CLASSIC,58033-0000,2,3,1,IN STOCK,,,,,,,,,,,,
6/24/2025,1179,,SCOTTSDALE SHOWROOM,,CANVAS NATURAL,5404-0000,6,8,2,RECEIVED,,,NEED 6 TO COMPLETE,6/24/2025,6/25,KEYSTON PHX,$14.60,,,,,
6/24/2025,1212,,PJ SCHANTIN KENDELL,,CANVAS FLAX,5492-0000,15,0,-15,RECEIVED,,,NEED 15 YDS,6/25/2025,6/25,KEYSTON PHX,$14.55,,,,,
6/24/2025,1212,,PJ SCHANTIN KENDELL,,SPECTRUM MUSHROOM,48031-0000,2,0,-2,IN STOCK,,,,,,,,,,,,
6/24/2025,1212,,PJ SCHANTIN KENDELL,,SOLVE LINEN,146397-0003,4,0,-4,RECEIVED,,,NEED 4 YDS,6/25/2025,6/25,KEYSTON PHX,$20.94,,,,,
6/24/2025,1212,,PJ SCHANTIN KENDELL,,INTEGRATE PEWTER,69006-0006,12,0,-12,IN STOCK,,,,,,,,,,,,
6/24/2025,1212,,PJ SCHANTIN KENDELL,,CANVAS HEATHER BEIGE,5476-0000,22,47,25,IN STOCK,,,,,,,,,,,,
6/24/2025,1212,,PJ SCHANTIN KENDELL,,BRENSON TUXEDO,8521-0000,15,0,-15,IN STOCK,,,,,,,,,,,,
6/24/2025,1212,,PJ SCHANTIN KENDELL,,HERITAGE CHAR,18009-0000,2,12,10,IN STOCK,,,,,,,,,,,,
6/24/2025,1249,,SCOTTSDALE SHOWROOM NEW,,BLISS LINEN,48135-0001,13,16,3,RECEIVED,,,NEED 15,6/25/2025,6/25,KEYSTON PHX,$13.07,,,,,
6/24/2025,1249,,SCOTTSDALE SHOWROOM NEW,,CANVAS SPA,5413-0000,3,0,-3,IN STOCK,,,,,,,,,,,,
6/24/2025,1249,,SCOTTSDALE SHOWROOM NEW,,Canvas Sapphire Blue,5452-0000,7,2,-5,RECEIVED,,,NEED 7,6/25/2025,6/25,KEYSTON PHX,$14.55,,,,,
6/24/2025,1249,,SCOTTSDALE SHOWROOM NEW,,Canvas Heather Beige,5476-0000,17,47,30,IN STOCK,,,,,,,,,,,,
6/24/2025,1249,,SCOTTSDALE SHOWROOM NEW,,Berenson Tuxedo,8521-0000,2,65,63,IN STOCK,,,,,,,,,,,,
6/24/2025,1249,,SCOTTSDALE SHOWROOM NEW,,CANVAS BLACK,5408-0000,5,0,-5,RECEIVED,,,NEED 5,6/25/2025,6/25,KEYSTON PHX,$14.55,,,,,
6/24/2025,1249,,SCOTTSDALE SHOWROOM NEW,,CANVAS WHITE,57003-0000,14,11,-3,RECEIVED,,,NEED 14,6/25/2025,6/25,KEYSTON PHX,$14.55,,,,,
6/24/2025,1249,,SCOTTSDALE SHOWROOM NEW,,SAVVY ONYX,45889-0009,15,10,-5,RECEIVED,,,NEED 15,6/30/2025,7/3/2025,TRIVANTAGE,,,,,NO KEYSTON,
6/24/2025,1249,,SCOTTSDALE SHOWROOM NEW,,CANVAS NATURAL,5404-0000,23,8,-15,RECEIVED,,,NEED 23,6/25/2025,6/25,KEYSTON PHX,$14.55,,,,,
6/24/2025,1249,,SCOTTSDALE SHOWROOM NEW,,POSH SAPPHIRE,44157-0053,16,22,6,RECEIVED,,,NEED 16,6/30/2025,7-8,TRIVANTAGE,,,,,NO KEYSTON,
6/24/2025,1249,,SCOTTSDALE SHOWROOM NEW,,HERITAGE CHAR,18009-0000,8,12,4,RECEIVED,,,NEED 4,6/25/2025,6/25,KEYSTON PHX,$26.36,,,,,
6/24/2025,1249,,SCOTTSDALE SHOWROOM NEW,,CRETE CLOUD,44353-0011,1,0,-1,RECEIVED,,,NEED 2,6/30/2025,7/3/2025,TRIVANTAGE,,,,,NO KEYSTON,
6/24/2025,1250,,LISA SCHMIDLAP,,CANVAS WHITE,57003-0000,5,11,6,RECEIVED,,,NEED 5,6/25/2025,6/25,KEYSTON PHX,$14.55,,,,,
6/24/2025,1250,,LISA SCHMIDLAP,,MIDORI STONE,145256-0005,3,0,-3,RECEIVED,,,NEED 3,6/25/2025,6/25,KEYSTON PHX,$29.93,,,,,
6/25/2025,1251,,SHOWROOM FABRIC SAMPLES,,CASSAVA STONE,44496-0002,0.5,5,4.5,RECEIVED,,,,,,,,,,,,
6/25/2025,1251,,SHOWROOM FABRIC SAMPLES,,METAMORPHIC LAGOON,46094-0005,0.5,62,61.5,RECEIVED,,,,,,,,,,,,
6/25/2025,1251,,SHOWROOM FABRIC SAMPLES,,METAMORPHIC CLOUD,46094-0006,0.5,23,22.5,RECEIVED,,,,,,,,,,,,
6/25/2025,1251,,SHOWROOM FABRIC SAMPLES,,MOUNTAINS SNOW,72011-0001,0.5,19,18.5,RECEIVED,,,,,,,,,,,,
6/25/2025,1251,,SHOWROOM FABRIC SAMPLES,,UNDERCURRENT STORM,47203-0002,0.5,0,-0.5,RECEIVED,,,,,,,,,,,,
6/25/2025,1251,,SHOWROOM FABRIC SAMPLES,,Canvas Heather Beige,5476-0000,0.5,47,46.5,IN STOCK,,,,,,,,,,,,
6/25/2025,1251,,SHOWROOM FABRIC SAMPLES,,Berenson Tuxedo,8251-0000,0.5,65,64.5,IN STOCK,,,,,,,,,,,,
6/25/2025,1251,,SHOWROOM FABRIC SAMPLES,,REVIVE INDIGO,11500-0010,0.5,1,0.5,RECEIVED,,,NEED 1,6/25/2025,7/2,KEYSTON PHX,,,,,WITH RAY,
6/25/2025,1251,,SHOWROOM FABRIC SAMPLES,,EMBRACE LINEN,145849-0002,0.5,2,1.5,IN STOCK,,,,,,,,,,,,
6/25/2025,1251,,SHOWROOM FABRIC SAMPLES,,TRANQUIL CAMEL,44493-0002,0.5,0,-0.5,IN STOCK,,,,,,,,,,,,
6/25/2025,1228,,DEEPTI SAINI,,SAILCLOTH SALT,32000-0018,2,0,-2,RECEIVED,,,NEED 2 TO COMPLETE,6/25/2025,7/2,KEYSTON PHX,,,,,WITH RAY,
6/29/2025,1255,,AJAY AND RICKU NARWANI,,LINEN STONE,8319-0000,36,4,-32,RECEIVED,,,NEED 30 TO COMPLETE,6/30/2025,6/30,KEYSTON PHX,$16.87,,,,,
6/29/2025,1255,,AJAY AND RICKU NARWANI,,SOLANA SEAGULL,32008-0000,5,4,-1,RECEIVED,,,NEED 6,6/30/2025,6/30,KEYSTON PHX,$26.74,,,,,
6/29/2025,1255,,AJAY AND RICKU NARWANI,,CANVAS WHITE,57003-0000,7,11,4,RECEIVED,,,NEED 7,6/30/2025,6/30,KEYSTON PHX,$14.55,,,,,
6/29/2025,1256,,GENCUSH-MARRIOT DEYBEDS,,SPECTRUM INDIGO,48080-0000,33,2,-31,RECEIVED,,,NEED 30 TO COMPLETE,6/30/2025,6/30,KEYSTON PHX,$13.10,,,,,
6/29/2025,1257,,DEE JIMENEZ,,CANVAS NAVY,5439-0000,50,8,-42,RECEIVED,,,NEED 50,6/30/2025,6/30,KEYSTON PHX,$14.55,,,,,
6/29/2025,1257,,DEE JIMENEZ,,LUXE INDIGO,45690-0000,20,13,-7,RECEIVED,,,NEED 16,6/30/2025,6/30,KEYSTON PHX,$28.72,,,,,
6/29/2025,1257,,DEE JIMENEZ,,CANVAS SUNFLOWER YELLOW,5457-0000,3,5,2,IN STOCK,,,,,,,,,,,,
6/29/2025,1257,,DEE JIMENEZ,,MOMENTO SNOW,42105-0001,5,0,-5,RECEIVED,,,NEED 4,6/30/2025,6/30,KEYSTON PHX,$29.93,,,,,
6/29/2025,1257,,DEE JIMENEZ,,CANVAS WHITE,57003-0000,1,11,10,IN STOCK,,,,,,,,,,,,
6/29/2025,1257,,DEE JIMENEZ,,CANVAS TANGERINE,5406-0000,2,1,-1,RECEIVED,,,NEED 2,6/30/2025,6/30,KEYSTON PHX,$16.87,,,,,
6/29/2025,1213,,MONICA MORGAN,,CANVAS BIRDS EYE,5472-0000,5,0,-5,RECEIVED,,,NEED 5 TO COMPLETE,6/30/2025,7/3/2025,KEYSTON FLORIDA,$14.55,,,,,
6/29/2025,1213,,MONICA MORGAN,,CANVAS BIRDS EYE,5472-0000,3,0,-3,RECEIVED,,,NEED 3 TO COMPLETE,7/8/2025,7/9/2025,KEYSTON CALIFORNIA,$14.55,,,,CON MARCO,
6/30/2025,1254,,SHOWROOM BISTRO TABLE,,CANVAS NATURAL,5404-0000,3,8,5,RECEIVED,,,NEED 3,6/30/2025,7/1,KEYSTON PHX,$14.55,,,,SERGIO,
6/30/2025,1254,,SHOWROOM BISTRO TABLE,,ESTI ONYX,44349-0024,3,1,-2,RECEIVED,,,NEED 3,6/30/2025,7/3/2025,TRIVANTAGE,,,,,NO KEYSTON,
7/1/2025,1258,,DIANE GALATI,,LINEN SILVER,8351-0000,57,18,-39,RECEIVED,,,NEED 57= CALIF 46 AZRIZONA 11,7/1/2025,7/3,KEYSTON,$16.87,,,,,
7/1/2025,1258,,DIANE GALATI,,SHIBORI CLASSIC,145360-0011,8,9,1,RECEIVED,,,NEED 8.. ONLY 4 AT MOMENT,7/1/2025,7/3/2025,TRIVANTAGE,$31.46,,,,,
7/1/2025,1258,,DIANE GALATI,,CANVAS TAUPE,5461-0000,36,4,-32,RECEIVED,,,NEED 36,7/1/2025,7/1,KEYSTON PHX,$14.55,,,,,
7/1/2025,1258,,DIANE GALATI,,KINDLE SILK,145666-0002,13,73,60,RECEIVED,,,NEED 13,7/1/2025,7/3/2025,TRIVANTAGE,$32.43,,,,,
7/1/2025,1258,,DIANE GALATI,,REVIVE INDIGO,11500-0010,15,1,-14,RECEIVED,,,NEED 15,7/1/2025,7/1,KEYSTON PHX,$20.82,,,,,
7/1/2025,1258,,DIANE GALATI,,AGRA INDIGO,145147-0000,7,0,-7,RECEIVED,,,NEED 7,7/1/2025,7/3/2025,TRIVANTAGE,$34.14,,,,,
7/1/2025,1258,,DIANE GALATI,,REMIX SILK,48145-0003,48,2,-46,RECEIVED,,,NEED 48,7/1/2025,7/1,KEYSTON PHX,$12.97,,,,,
7/1/2025,1258,,DIANE GALATI,,HERITAGE SKY,18016-0000,2,3,1,RECEIVED,,,NEED 2---BACK ORDER 7/9 (LLEGAN 60),7/1/2025,7/21,KEYSTON PHX,,,,,SE REORDENO 7/16 CON MUNDO,
7/1/2025,1258,,DIANE GALATI,,INSTINCT DUNE,145673-0001,4,0,-4,RECEIVED,,,NEED 4,7/1/2025,7/3/2025,TRIVANTAGE,$36.50,,,,,
7/1/2025,1258,,DIANE GALATI,,KINDLE INDIGO,145666-0004,5,12,7,RECEIVED,,,NEED 5,7/1/2025,7/3/2025,TRIVANTAGE,$32.43,,,,,
7/1/2025,1258,,DIANE GALATI,,CANVAS NATURAL,5404-0000,1,8,7,IN STOCK,,,,,,,,,,,,
7/1/2025,1258,,DIANE GALATI,,HERITAGE CHAR,18009-0000,4,12,8,IN STOCK,,,,,,,,,,,,
7/1/2025,1258,,DIANE GALATI,,CANVAS COAL,5489-0000,8,3,-5,RECEIVED,,,NEED 5,7/1/2025,7/1,KEYSTON PHX,$14.55,,,,,
7/1/2025,1258,,DIANE GALATI,,SAILCLOTH SALT,32000-0018,8,0,-8,RECEIVED,,,NEED 8,7/1/2025,7/1,KEYSTON PHX,$25.25,,,,,
7/1/2025,1252,,JANICE VLAZNY,,SAILCLOTH SEAGULL,32000-0023,24,22,-2,RECEIVED,,,NEED 27,7/3/2025,7/7,KEYSTON PHX,$25.25,,,,,
7/1/2025,1252,,JANICE VLAZNY,,SOLANA SEAGULL,32008-0000,3,4,1,RECEIVED,,,NEED 6,7/3/2025,7/7,KEYSTON PHX,$26.74,,,,,
7/1/2025,1252,,JANICE VLAZNY,,ADAPTATION STONE,69010-0002,10,4,-6,RECEIVED,,,NEED 8,7/7/2025,7/9,TRIVANTAGE,$31.08,,,,DISCONTINUED BY KEYSTON,
7/1/2025,1253,,JEANNINE SCHECK,,PLATFORM CLOUD,42091-0011,11,2,-9,RECEIVED,,,KEYSTON ONLY HAVE 11,7/7/2025,7/8,KEYSTON PHX,$25.04,,,,,
7/1/2025,1253,,JEANNINE SCHECK,,GDT-5514-001 GASTON AND DANIELA,GDT5514-001,15,0,-15,IN STOCK,,,,,,,,,,,,
7/1/2025,1253,,JEANNINE SCHECK,,ADAPTATION STONE,69010-0002,15,4,-11,RECEIVED,,,NEED 13,7/7/2025,7/9,TRIVANTAGE,$31.08,,,,DISCONTINUED BY KEYSTON,
7/1/2025,1244,,OPTIMA 7220 REV.A,,METAMORPHIC LAGOON,46094-0005,740,62,-678,RECEIVED,,,WAS 740 ORDERED ON 6/20,6/20/2025,7/29,TRIVANTAGE,,,,,520 AT 7/23,
7/1/2025,1244,,OPTIMA 7220 REV.A,,METAMORPHIC LAGOON,46094-0005,160,62,-98,RECEIVED,,,RECEIVED 160 ON 7/1,,7/1,TRIVANTAGE,,,,,,
7/2/2025,1260,,KELLEY STACY,,CANVAS NAVY,5439-0000,35,8,-27,RECEIVED,,,NEED 35,7/3/2025,7/7,KEYSTON PHX,$14.55,,,,,
7/2/2025,1260,,KELLEY STACY,,LUXE INDIGO,45690-0000,4,13,9,RECEIVED,,,NEED 4,7/3/2025,7/7,KEYSTON PHX,$28.72,,,,,
7/2/2025,1260,,KELLEY STACY,,CANVAS SUNFLOWER YELLOW,5457-0000,2,5,3,IN STOCK,,,,,,,,,,,,
7/2/2025,1261,,GENCUSH-CHAPMAN,,CANVAS CANVAS,5453-0000,51,16,-35,RECEIVED,,,NEED 47,7/3/2025,7/7,KEYSTON PHX,$14.55,,,,,
7/2/2025,1261,,GENCUSH-CHAPMAN,,REMIX PARCHMENT,48145-0001,30,1,-29,RECEIVED,,,NEED 30,7/3/2025,7/7,KEYSTON PHX,$12.97,,,,,
7/7/2025,1253,,JEANNINE SCHECK,,PLATFORM CLOUD,42091-0011,13,2,-11,RECEIVED,,,NEED 13,7/7/2025,7/10,TRIVANTAGE,$31.07,,,,,
7/7/2025,1281,,DESIGN ONE: JANET CURRY,,PINDLER OCEANIC DOVE,??,4,0,-4,CUSTOMER,,,CUSTOMER DESIGNER SEND 4 YDS,7/7/2025,7/7,PINDLER,??,,,,,
7/7/2025,1262,,GENCUSH-WOLTMAN,,BLOX SLATE,45542-0000,2,0,-2,IN STOCK,,,,,,,,,,,,
7/7/2025,1262,,GENCUSH-WOLTMAN,,EMPIRE DOVE,45837-0002,4,2,-2,RECEIVED,,,NEED 4,7/7/2025,7/8,KEYSTON PHX,$27.96,,,,,
7/7/2025,1262,,GENCUSH-WOLTMAN,,CANVAS FLAX,5492-0000,24,0,-24,RECEIVED,,,NEED 24,7/7/2025,7/8,KEYSTON PHX,$14.55,,,,,
7/8/2025,1263,,WARRANTY: MARC AND SARAH LAMBER,,CHARTRES CLOUD,45864-0081,54,3,-51,RECEIVED,,,NEED 54,7/8/2025,7/10,TRIVANTAGE,$33.12,,,,GRACE,
7/8/2025,1263,,WARRANTY: MARC AND SARAH LAMBER,,SENSIBILITY II SPLENDOR,146000-0001,12,45,33,IN STOCK,,,,,,,,,,,,
7/8/2025,1263,,WARRANTY: MARC AND SARAH LAMBER,,CANVAS NAVY,5439-0000,10,8,-2,RECEIVED,,,NEED 13,7/8/2025,7/9/2025,KEYSTON PHX,$14.55,,,,RAY,
7/8/2025,1249,,SCOTTSDALE SHOWROOM NEW,,PRECISE SPRING,145602-0007,13,0,-13,RECEIVED,,,NEED 13,7/8/2025,7/10,TRIVANTAGE,$36.37,,,,,
7/8/2025,1234,,WARRANTY: MARK MOSKAL,,CANVAS NAVY,5439-0000,75,8,-67,RECEIVED,,,NEED 75,7/8/2025,7/9/2025,KEYSTON PHX,$14.55,,,,RAY,
7/8/2025,1234,,WARRANTY: MARK MOSKAL,,HERITAGE DIJON,18023-0000,7,2,-5,RECEIVED,,,NEED 7,7/8/2025,7/9/2025,KEYSTON PHX,$26.42,,,,RAY,
7/8/2025,1234,,WARRANTY: MARK MOSKAL,,CANVAS TAMALE,14086-0000,5,2,-3,RECEIVED,,,NEED 5,,7/9/2025,KEYSTON PHX,$16.87,,,,RAY,
7/8/2025,1234,,WARRANTY: MARK MOSKAL,,ASCEND TROPICAL,145410-0008,19,5,-14,RECEIVED,,,NEED 19,7/8/2025,7/10,TRIVANTAGE,$31.46,,,,,
7/9/2025,1264,,AMY HAIR,,SAILCLOTH SEAGULL,32000-0023,37,22,-15,RECEIVED,,,NEED 37,7/9/2025,7/10,KEYSTON PHX,,,,,,
7/9/2025,1264,,AMY HAIR,,SAILCLOTH SEAGULL,32000-0023,11,22,11,RECEIVED,,,NEED 11,7/9/2025,7/10,KEYSTON SAN DIEGO,,,,,,
7/9/2025,1264,,AMY HAIR,,SOLANA SEAGULL,32008-0000,9,4,-5,RECEIVED,,,NEED 9,7/9/2025,7/10,KEYSTON PHX,,,,,,
7/10/2025,1266,,WARRANTY-TANIA DAWAF,,SENSIBILITY II SPLENDOR,146000-0001,,45,45,IN STOCK,,,,,,,,,,,,
7/10/2025,1266,,WARRANTY-TANIA DAWAF,,CANVAS NAVY,5439-0000,,8,8,IN STOCK,,,,,,,,,,,,
7/10/2025,1266,,WARRANTY-TANIA DAWAF,,CYCLE DENIM,146396-0001,3,3,0,IN STOCK,,,,,,,,,,,,
7/10/2025,1266,,REGULAR-TANIA DAWAF,,CYCLE DENIM,146396-0001,10,3,-7,RECEIVED,,,NEED 12,7/11/2025,7/11,KEYSTON PHX,$19.91,,,,,
7/10/2025,1266,,REGULAR-TANIA DAWAF,,SPECTRUM DENIM,48086-0000,4,0,-4,IN STOCK,,,,,,,,,,,,
7/10/2025,1233,,WARRANTY COVERS: KALLE MEEK,,ASTORIA LAGOON,56096-0000,6,0,-6,RECEIVED,,,NEED 8,7/11/2025,7/14,KEYSTON SAN DIEGO,$16.08,,,,,
7/10/2025,1233,,WARRANTY COVERS: KALLE MEEK,,DUPIONE DEEP SEA,8019-0000,2,2,0,RECEIVED,,,NEED 4,7/11/2025,7/11,KEYSTON PHX,$17.85,,,,,
7/11/2025,1259,,15615-OPTIMA MOCKUP SALES OFFICE,,COMFORT CLAY,16008-0002,3,135,132,IN STOCK,,,,,,,,,,,,
7/14/2025,1268,,WARRANTY: COURTNEY AFRICA,,PIAZZA GRAPHITE,305423-0010,6,2,-4,RECEIVED,,,APPROVED BY 6 YDS. NEED ORDER 6,7/14/2025,7/16,TRIVANTAGE,,,,,,
7/14/2025,1267,,LORI RICKERT,,SAILCLOTH SEAGULL,32000-0023,53,22,-31,RECEIVED,,,NEED 53,7/14/2025,7/15,KEYSTON PHX,$25.25,,,,SERGIO KEYSTON,
7/14/2025,1267,,LORI RICKERT,,Violetta Baltic,45760-0002,12,0,-12,IN STOCK,,,,,,,,,,,,
7/14/2025,1267,,LORI RICKERT,,CANVAS CHARCOAL,54048-0000,2,3,1,RECEIVED,,,NEED 5,9/18/2025,9/22,KEYSTON PHX,$15.38,,,,ELIAH KEYSTON,
7/14/2025,1267,,LORI RICKERT,,CANVAS GINKGO,54011-0000,7,30,23,IN STOCK,,,,,,,,,,,,
7/15/2025,1269,,RUSH LAS VEGAS EXPO,,CANVAS WHITE,57003-0000,40,11,-29,RECEIVED,,,NEED 40,7/15/2025,7/16,KEYSTON PHX,,,,,,
7/15/2025,482,,WARRANTY: DAVID ROSENTHAL,,ACTION STONE,44285-0002,16,0,-16,RECEIVED,,,NEED 16,7/15/2025,7/16,KEYSTON PHX,,,,,BY LUCIO SE REGRESA A CLIENTE,
7/16/2025,1226,,WARRANTY: AMANDA WELLS,,REMIX PARCHMENT,48145-0001,28,1,-27,RECEIVED,,,NEED 28,7/16/2025,7/21,KEYSTON FLORIDA,,,,,LORI,
7/16/2025,1226,,WARRANTY: AMANDA WELLS,,CYCLE DENIM,146396-0001,15,3,-12,RECEIVED,,,NEED 15,7/16/2025,7/17,KEYSTON PHX,,,,,LORI,
7/16/2025,1270,,VANESSA VAN HYFTE,,TRANQUIL CAMEL,44493-0002,20,0,-20,RECEIVED,,,NEED 20,7/17/2025,7/21,KEYSTON PHX,,,,,,
7/16/2025,1270,,VANESSA VAN HYFTE,,CANVAS FLAX,5492-0000,13,0,-13,RECEIVED,,,NEED 13,7/17/2025,8/4,KEYSTON SD,,,,,,
7/16/2025,1270,,VANESSA VAN HYFTE,,IMPROVE WHITE,17003-0001,2,0,-2,RECEIVED,,,NEED 2,7/17/2025,7/21,KEYSTON PHX,,,,,,
7/16/2025,1270,,VANESSA VAN HYFTE,,CAST SHALE,40432-0000,12,1,-11,RECEIVED,,,NEED 13,7/17/2025,7/21,KEYSTON PHX,,,,,,
7/16/2025,1270,,VANESSA VAN HYFTE,,ESCHER ALABASTER,146225-0001,6,0,-6,RECEIVED,,,NEED 6,7/17/2025,7/24,TRIVANTAGE,,,,,NO KEYSTON,
7/16/2025,1270,,VANESSA VAN HYFTE,,CANVAS HAZE,14059-00054,12,2,-10,RECEIVED,,,NEED 12 (60YD NEXT WEEK) 12 YDS,7/17/2025,7/30,KEYSTON PHX,,,,,,
7/16/2025,1270,,VANESSA VAN HYFTE,,BLISS DEW,48135-0014,2,1,-1,RECEIVED,,,NEED 2,7/17/2025,7/21,KEYSTON PHX,,,,,,
7/16/2025,1270,,VANESSA VAN HYFTE,,PRINCIPLE LAGOON,16009-0002,4,2,-2,RECEIVED,,,NEED 4,7/17/2025,7/21,KEYSTON PHX,,,,,,
7/16/2025,1270,,VANESSA VAN HYFTE,,TRANQUIL LINEN,44493-0003,7,0,-7,IN STOCK,,,,,,,,,,,,
7/17/2025,1278,,RON SATZ,,Undercurrent Tide,47203-0004,10,0,-10,RECEIVED,,,NEED 10,7/17/2025,3-4 DAYS,TRIVANTAGE,,,,,NO KEYSTON,
7/21/2025,???,,REQUEST BY LIESL TO LAS VEGAS PROYECT,,TRANQUIL CAMEL,44493-0002,10,0,-10,RECEIVED,,,NEED 10,7/21/2025,7/21,KEYSTON PHX,,,,,ELIAH,
7/21/2025,1281,,DESIGN ONE: JANET CURRY,,ASTON STONEWARE,11387902-10,48,0,-48,RECEIVED,,,CUSTOMER SEND 48 YDS,7/21/2025,,CUSTOMER,,,,,,
7/21/2025,1275,,JASON SCHNEIDER,,SPECTRUM DENIM,48086-0000,7,0,-7,RECEIVED,,,NEED 7,7/22/2025,7/23,KEYSTON PHX,$13.10,,,,SERGIO..,
7/21/2025,1275,,JASON SCHNEIDER,,ARRAY CARIBBEAN,145654-0003,2,0,-2,RECEIVED,,,NEED 2,7/22/2025,7/31,KEYSTON PHX,$25.67,,,,SERGIO..,
7/21/2025,1283,,SHAWNA HAUGHAWOUT,,CLOCK OUT INDIGO,146205-0002,13,2,-11,RECEIVED,,,NEED 13,7/22/2025,3-4 DIAS,TRIVANTAGE,$30.12,,,,NO KEYSTON,
7/21/2025,1283,,SHAWNA HAUGHAWOUT,,CANVAS NAVY,5439-0000,5,8,3,RECEIVED,,,NEED 5,7/22/2025,7/31,KEYSTON SD,$14.55,,,,SERGIO..,
7/21/2025,1273,,LINDSEY PETERMAN,,CANVAS WHITE,57003-0000,8,11,3,RECEIVED,,,NEED 8,7/22/2025,7/23,KEYSTON PHX,$14.55,,,,,
7/21/2025,1273,,LINDSEY PETERMAN,,SOLANA SEAGULL,32008-0000,2,4,2,RECEIVED,,,NEED 2,7/22/2025,7/23,KEYSTON PHX,$26.64,,,,,
7/21/2025,1273,,LINDSEY PETERMAN,,HERITAGE CHAR,18009-0000,2,12,10,IN STOCK,,,,,,,,,,,,
7/22/2025,1272,,AARON GORDON,,CANVAS SKYLINE,14091-0000,39,68,29,IN STOCK,,,,,,,,,,,,
7/22/2025,1272,,AARON GORDON,,GATEWAY COAST,14087-0000,5,2,-3,RECEIVED,,,NEED 5,7/22/2025,7/23,KEYSTON PHX,$14.61,,,,,
7/22/2025,1272,,AARON GORDON,,SPECTRUM INDIGO,48080-0000,2,2,0,IN STOCK,,,,,,,,,,,,
7/22/2025,1272,,AARON GORDON,,CANVAS NAVY,5439-0000,39,8,-31,RECEIVED,,,NEED 39,7/22/2025,7/23,KEYSTON PHX,$14.55,,,,,
7/22/2025,1272,,AARON GORDON,,LUXE INDIGO,45690-0000,12,13,1,RECEIVED,,,NEED 12,7/22/2025,7/23,KEYSTON PHX,$28.62,,,,,
7/22/2025,1272,,AARON GORDON,,CANVAS BUTTERCUP,5438-0000,2,0,-2,RECEIVED,,,NEED 2,7/22/2025,7/23,KEYSTON PHX,$14.55,,,,,
7/22/2025,1274,,ASU GOLF,,CANVAS FLAX,5492-0000,7,0,-7,RECEIVED,,,NEED 7,7/22/2025,7/23,KEYSTON PHX,$14.55,,,,,
7/22/2025,1274,,ASU GOLF,,CANVAS HENNA,5407-0000,2,28,26,IN STOCK,,,,,,,,,,,,
7/22/2025,1287,,WARRANTY-PEGGY GARRET,,POSH AQUA,44157-0017,3,3,0,RECEIVED,,,NEED 3,7/22/2025,3-4 DIAS,TRIVANTAGE,$35.24,,,,NO KEYSTON,
7/22/2025,1287,,WARRANTY-PEGGY GARRET,,SEVILLE SEASIDE,5608-0000,3,4,1,RECEIVED,,,NEED 3,7/22/2025,7/23,KEYSTON PHX,$14.55,,,,,
7/22/2025,1287,,WARRANTY-PEGGY GARRET,,CAST SLATE,40434-0000,7,5,-2,RECEIVED,,,NEED 7,7/22/2025,7/23,KEYSTON PHX,$14.08,,,,SERGIO..,
7/22/2025,1287,,WARRANTY-PEGGY GARRET,,EMBLEM DEW,4839-0000,3,0,-3,RECEIVED,,,NEED 3,7/22/2025,3-4 DIAS,TRIVANTAGE,$22.80,,,,NO KEYSTON,
7/23/2025,1244,,OPTIMA 7220 REV.A,,METAMORPHIC LAGOON,46094-0005,361,62,-299,RECEIVED,,,RECEIVED 361 ON 7/23,7/23/2025,,TRIVANTAGE,,,,,,
7/28/2025,1291,,PERLA LONG,,CANVAS WHITE,57003-0000,2,11,9,RECEIVED,,,NEED 5,7/29/2025,7/29,KEYSTON PHX,$14.55,,,,,
7/28/2025,1291,,PERLA LONG,,CANVAS CLOUD,57012-0000,47,4,-43,RECEIVED,,,NEED 45 BACK ORDER 7/29 ONE WEEK ARRAIVING,7/29/2025,7/31,KEYSTON PHX,,,,,,
7/28/2025,1291,,PERLA LONG,,CANVAS HAZE,14059-0054,2,2,0,RECEIVED,,,NEED 2,7/29/2025,7/29,KEYSTON PHX,$14.34,,,,,
7/28/2025,1291,,PERLA LONG,,CANVAS NATURAL,5404-0000,2,8,6,IN STOCK,,,,,,,,,,,,
7/28/2025,1291,,PERLA LONG,,DIRECTION DEW,40599-0002,42,0,-42,RECEIVED,,,NEED 38 TO COMPLETE,8/28/2025,8/28,KEYSTON PHX,$25.10,,,,,
7/29/2025,1244,,OPTIMA 7220 REV.A,,METAMORPHIC LAGOON,46094-0005,321.5,62,-259.5,RECEIVED,,,RECEIVED 321.5 ON 7/29,7/23/2025,,TRIVANTAGE,,,,,,
7/29/2025,1292,,TERI JONES,,SPECTRUM SAND,48019-0000,20,0,-20,RECEIVED,,,NEED 20 YDS,8/4/2025,8/5,KEYSTON PHX,,,,,,
7/29/2025,1292,,TERI JONES,,CANVAS COCOA,5425-0000,6,4,-2,RECEIVED,,,NEED 4 YDS,8/4/2025,8/5,KEYSTON PHX,,,,,,
7/29/2025,1292,,TERI JONES,,CYCLE SPARROW,146396-0002,12,0,-12,RECEIVED,,,NEED 12 YDS,8/4/2025,8/7,KEYSTON PHX,,,,,DESCONTINUED,
7/31/2025,1206,,WARRANTY: ALISA KEETON,,CANVAS CANVAS,5453-0000,24,16,-8,RECEIVED,,,NEED 24 TO COMPLETE,8/1/2025,8/7,TRIVANTAGE,,,,,GRACE,
8/6/2025,LIESL,,BERNARD KIRK,,IMPROVE STUCCO,17003-0002,10,2,-8,RECEIVED,,,NEED 10 YDS,8/6/2025,8/11,TRIVANTAGE,,,,,MONTSE,
8/6/2025,LIESL,,BERNARD KIRK,,POSH PEBBLE,44157-0051,2,0,-2,RECEIVED,,,NEED 2 YDS,8/6/2025,8/11,TRIVANTAGE,,,,,MONTSE,
8/11/2025,1210,,RENAISSANCE CONDOS,,ECHO DUNE,57007-0000,10,2,-8,RECEIVED,,,NEED 10 TO COMPLETE,8/11/2025,8/11,KEYSTON PHX,$19.65,,,,SERGIO,
8/12/2025,1282,,LARRY BERGEN,,PIAZZA STONE,305423-0009,36,0,-36,RECEIVED,,,NEED 36,8/12/2025,8/14,TRIVANTAGE,$30.23,,,,CALIFORNIA,
8/12/2025,1282,,LARRY BERGEN,,LOPI ASH,LOP R043 140,12,0,-12,RECEIVED,,,NEED 12 YDS,8/12/2025,8/18,TRIVANTAGE,$27.99,,,,NORTH CAROLINE,
8/12/2025,1282,,LARRY BERGEN,,ADAPTATION STONE,69010-0002,15,4,-11,IN STOCK,,,OK,,,,,,,,,
8/12/2025,LIESL,,BERNARD KIRK,,POSH PEBBLE,44157-0051,6,0,-6,RECEIVED,,,NEED 6 TO COMPLETE,8/12/2025,8/14,TRIVANTAGE,,,,,CALIFORNIA,
8/12/2025,1271,,WARRANTY: ADAM FEIN,,METAMORPHIC LAGOON,46094-0005,43,62,19,RECEIVED,,,NEED 28,8/12/2025,8/14,TRIVANTAGE,,,,,GRACE 1199.63,
8/12/2025,1271,,WARRANTY: ADAM FEIN,,STANTON LAGOON,58001-0000,19,0,-19,IN STOCK,,,,,,,,,,,,
8/18/2025,1297,,KAREN MORSTAD,,MOUNTAINS SNOW,72011-0001,30,19,-11,RECEIVED,,,NEED 30,8/18/2025,8/25,TRIVANTAGE,$44.32,,,,,
8/18/2025,1297,,KAREN MORSTAD,,METAMORPHIC SNOW,46094-0001,4,57,53,RECEIVED,,,NEED 4,8/18/2025,8/21,TRIVANTAGE,$40.62,,,,,
8/18/2025,1297,,KAREN MORSTAD,,POSH CORAL,44157-0016,7,0,-7,RECEIVED,,,NEED 7,8/18/2025,8/21,TRIVANTAGE,$37.56,,,,,
8/19/2025,1299,,RONALD WOLF,,CAST ASH,40428-0000,15,15,0,RECEIVED,,,ON STOCK 10 NEED 5 TO COMPLETE,8/19/2025,8/20,KEYSTON PHX,,,,,RAY,
8/19/2025,1300,,APRIL RAY MODULE PROJECT,,IMPROVE STUCCO,17003-0002,70,2,-68,RECEIVED,,,NEED 70,8/19/2025,8/20,KEYSTON PHX,$34.29,,,,ELIAH,
8/19/2025,1295,,OPTIMA CHICAGO,,RALLY GRAPHITE,87005-0009,214,34,-180,LUCIO,,,LUCIO ORDEER 214,,8/19,GLEN RAVEN,,,,,,
8/21/2025,1302,,HETAL TRIVEDI,,CANVAS WHITE,57003-0000,8,11,3,RECEIVED,,,NEED 8 YDS,8/21/2025,8/25,KEYSTON PHX,,,,,ELIAH,
8/21/2025,1302,,HETAL TRIVEDI,,Canvas Sapphire Blue,5452-0000,14,2,-12,RECEIVED,,,NEED 14 YDS,8/21/2025,8/25,KEYSTON PHX,,,,,ELIAH,
8/21/2025,1303,,GENCUSH WOLTMAN2,,BLOX SLATE,45542-0000,2,0,-2,RECEIVED,,,NEED 2 YDS,8/21/2025,8/25,KEYSTON PHX,,,,,ELIAH,
8/21/2025,1303,,GENCUSH WOLTMAN2,,CANVAS FLAX,5492-0000,8,0,-8,RECEIVED,,,NEED 8 YDS,8/21/2025,8/25,KEYSTON PHX,,,,,ELIAH,
8/23/2025,1206,,ALISA KEETON WARRANTY,,CANVAS CANVAS,5453-0000,48,16,-32,RECEIVED,,,NEED 24 TO COMPLETE,8/25/2025,8/26,KEYSTON PHX,,,,,ELIAH,
8/23/2025,1206,,ALISA KEETON WARRANTY,,CANVAS CANVAS,5453-0000,31,16,-15,RECEIVED,,,NEED 31 TO COMPLETE,10/2/2025,10/3,KEYSTON PHX,,,,,ELIAH,
8/25/2025,1211,,HOWARD GARR,,CANVAS NAVY,5439-0000,100,8,-92,RECEIVED,,,NEED 80 TO COMPLETE,8/25/2025,8/26,KEYSTON PHX,,,,,ELIAH,
8/25/2025,1211,,HOWARD GARR,,ADAPTATION INDIGO,69010-0004,25,4,-21,IN STOCK,,,,,,,,,,,,
8/26/2025,1304,,BRIGGETTE DERIENZO,,CANVAS WHITE,57003-0000,70,11,-59,RECEIVED,,,NEED 70,8/26/2025,8/27,KEYSTON PHX,,,,,LORI,
8/26/2025,1304,,BRIGGETTE DERIENZO,,GATEWAY COAST,14087-0000,33,2,-31,RECEIVED,,,NEED 33,8/26/2025,8/27,KEYSTON PHX,,,,,LORI,
8/26/2025,1304,,BRIGGETTE DERIENZO,,CANVAS SAPPHIRE,5452-0000,7,0,-7,RECEIVED,,,NEED 4,8/26/2025,8/27,KEYSTON PHX,,,,,LORI,
8/26/2025,1304,,BRIGGETTE DERIENZO,,PIQUE SKY,40421-0046,8,0,-8,RECEIVED,,,NEED 8,8/26/2025,8/28,TRIVANTAGE,$29.34,,,,GRACE,
8/26/2025,1212,,PJ SCHANTIN KENDELL,,CANVAS FLAX,5492-0000,15,0,-15,RECEIVED,,,NEED 6 YDS TO COMPLETE,8/26/2025,8/27,KEYSTON PHX,$14.55,,,,MR. RAY,
8/26/2025,1307,,JILL LOWE,,ORTIZ ONYX,146474-0003,17,4,-13,RECEIVED,,,NEED 17 YDS,8/26/2025,9/2,TRIVANTAGE CAL,$32.68,,,,FROM N. CAROLINE,
8/26/2025,1306,,MAURO CALDERON,,LYNVILLE SNOW,145707-0001,98,0,-98,RECEIVED,,,NEED 98,8/26/2025,9/2,TRIVANTAGE NC,$36.51,,,,GRACE,
8/26/2025,1306,,MAURO CALDERON,,VOYAGE DUNE,146206-0004,30,0,-30,RECEIVED,,,NEED 25,8/26/2025,9/2,KEYSTON FLORIDA,,,,,LORI,
8/26/2025,1306,,MAURO CALDERON,,SPECTRUM MUSHROOM,48031-0000,4,0,-4,RECEIVED,,,NEED 4,8/26/2025,8/27,KEYSTON PHX,,,,,LORI,
9/2/2025,1309,,THOMAS GIULIANO,,CHARTRES SILK,45864-0082,63,0,-63,RECEIVED,,,NEED 63,9/2/2025,9/9,TRIVANTAGE,$35.30,,,,GRACE NOTH CAROLINE,
9/2/2025,1309,,THOMAS GIULIANO,,SHIBORI CLASSIC,145360-0011,20,9,-11,RECEIVED,,,NEED 15,9/2/2025,9/8,TRIVANTAGE,$33.53,,,,GRACE CD INDUSTRI,
9/2/2025,1309,,THOMAS GIULIANO,,CANVAS BLACK,5408-0000,6,0,-6,IN STOCK,,,,,,,,,,,,
9/2/2025,1309,,THOMAS GIULIANO,,CANVAS COAL,5489-0000,2,3,1,IN STOCK,,,,,,,,,,,,
9/2/2025,1310,,JORDAN & VANESSA SOLORIO,,LINEN SILVER,8351-0000,23,18,-5,RECEIVED,,,NEED 20,9/2/2025,9/8,TRIVANTAGE,$20.87,,,,GRACE CD INDUSTRI,
9/2/2025,1310,,JORDAN & VANESSA SOLORIO,,CANVAS WHITE,57003-0000,2,11,9,IN STOCK,,,,,,,,,,,,
9/2/2025,1310,,JORDAN & VANESSA SOLORIO,,HERITAGE CHAR,18009-0000,3,12,9,IN STOCK,,,,,,,,,,,,
9/2/2025,1310,,JORDAN & VANESSA SOLORIO,,CANVAS HOT PINK,5462-0000,50,37,-13,RECEIVED,,,NEED 50,9/2/2025,9/8,TRIVANTAGE,$20.39,,,,GRACE CD INDUSTRI,
9/2/2025,1312,,RUSH SHOWROOM 9/9/25,,METAMORPHIC FOG,46094-0003,25,81,56,RECEIVED,,,NEED 25,9/2/2025,9/8,TRIVANTAGE,$40.62,,,,GRACE CD INDUSTRI,
9/2/2025,1312,,RUSH SHOWROOM 9/9/25,,PRECISE FAWN,145602-0006,3,4,1,RECEIVED,,,NEED 3,9/2/2025,9/8,TRIVANTAGE,$38.77,,,,GRACE CD INDUSTRI,
9/2/2025,1312,,RUSH SHOWROOM 9/9/25,,CANVAS TAUPE,5461-0000,10,4,-6,RECEIVED,,,NEED 10,9/2/2025,9/8,TRIVANTAGE,$17.76,,,,GRACE CD INDUSTRI,
9/2/2025,1313,,RUSH SHOWROOM 9/14/25,,KINDLE SILK,145666-0002,9,73,64,RECEIVED,,,NEED 9,9/2/2025,9/8,TRIVANTAGE,$34.57,,,,GRACE CD INDUSTRI,
9/2/2025,1313,,RUSH SHOWROOM 9/14/25,,CRUSH SNOW,42101-0001,7,0,-7,RECEIVED,,,NEED 7,9/2/2025,9/8,TRIVANTAGE,$34.52,,,,GRACE CD INDUSTRI,
9/2/2025,1314,,SARAH FIEL,,SWITCH SNOW,40555-0021,10,0,-10,RECEIVED,,,NEED 10,9/2/2025,9/8,TRIVANTAGE,$21.57,,,,GRACE CD INDUSTRI,
9/2/2025,1314,,SARAH FIEL,,POSH SAPPHIRE,44157-0053,9,22,13,RECEIVED,,,NEED 6,9/2/2025,9/8,TRIVANTAGE,$37.56,,,,GRACE CD INDUSTRI,
9/2/2025,1314,,SARAH FIEL,,SAPPHIRE,5452-0000,3,0,-3,IN STOCK,,,,,,,,,,,,
9/3/2025,1323,,CAESAR REPUBLIC SEP-25,,CANVAS FLAX,5492-0000,60,0,-60,RECEIVED,,,NEED 60,9/3/2025,9/4,KEYSTON PHX,,,,,MARCO,
9/3/2025,1323,,CAESAR REPUBLIC SEP-25,,PLATFORM INDIGO,42091-0003,33,0,-33,RECEIVED,,,NEED 33,9/3/2025,9/9,KEYSTON HOUST,,,,,MARCO,
9/3/2025,1323,,CAESAR REPUBLIC SEP-25,,ARRAY CARIBBEAN,145654-0003,5,0,-5,RECEIVED,,,NEED 5,9/3/2025,9/4,KEYSTON PHX,,,,,MARCO,
9/3/2025,1234A,,WARRANTY: MARK MOSKAL,,CANVAS TAMALE,14086-0000,4,2,-2,RECEIVED,,,NEED 4,9/3/2025,9/4,KEYSTON PHX,,,,,,
9/6/2025,1305,,DEBRA COOK,,DUMONT MUSHROOM,305825-0003,40,13,-27,RECEIVED,,,NEED 40,9/6/2025,9/10,TRIVANTAGE,,,,,ON LINE,
9/8/2025,1324,,LYNN & DAVID TALEN,,SPECTRUM EGGSHELL,48018-0000,27,4,-23,RECEIVED,,,NEED 27,9/8/2025,9/9,KEYSTON PHX,$13.85,,,,MARCO,
9/8/2025,1324,,LYNN & DAVID TALEN,,SPECTRUM INDIGO,48080-0000,5,2,-3,RECEIVED,,,NEED 3,9/8/2025,9/9,KEYSTON PHX,$13.85,,,,MARCO,
9/9/2025,1312,,ADD ON SHOWROOM SEP-11,,POSH SAPPHIRE,44157-0053,9,22,13,RECEIVED,,,NEED 9,9/9/2025,9/11,TRIVANTAGE,$37.56,,,,MICHELLE CD INDUSTRI,
9/9/2025,1312,,ADD ON SHOWROOM SEP-11,,CANVAS NATURAL,5404-0000,10,8,-2,RECEIVED,,,NEED 10,9/9/2025,9/10,KEYSTON PHX,,,,,ELIAH,
9/15/2025,1327,,MIKE WEBSTER,,PRECISE SPRING,145602-0007,15,0,-15,RECEIVED,,,NEED 15,9/15/2025,9/17,TRIVANTAGE,$38.77,,,,CITY OF INDUSTRY,
9/15/2025,1327,,MIKE WEBSTER,,CANVAS SPA,5413-0000,2,0,-2,IN STOCK,,,,,,,,,,,,
9/15/2025,1340,,SHOWROOM NEW 9-23,,PRECISE SPRING,145602-0007,7,0,-7,RECEIVED,,,NEED 7,9/17/2025,9/22/2025,TRIVANTAGE,$38.77,,,,CITY OF INDUSTRY,
9/15/2025,1340,,SHOWROOM NEW 9-23,,PRECISE SPRING,145602-0007,9,0,-9,RECEIVED,,,NEED 9 YARD,10/13/2025,10/15,TRIVANTAGE,$38.77,,,,CITY OF INDUSTRY,
9/16/2025,1325,,AARON GORDON,,GATEWAY COAST,14087-0000,21,2,-19,RECEIVED,,,NEED 21,9/16/2025,9/18,KEYSTON CALI,,,,,LORI,
9/16/2025,1325,,AARON GORDON,,CANVAS NAVY,5439-0000,3,8,5,IN STOCK,,,,,,,,,,,,
9/16/2025,1325,,AARON GORDON,,LINEN SILVER,8351-0000,25,18,-7,RECEIVED,,,NEED 20,9/16/2025,9/16,KEYSTON PHX,$17.82,,,,LORI,
9/16/2025,1325,,AARON GORDON,,ECHO ASH,57005-0000,28,11,-17,RECEIVED,,,NEED 28,9/16/2025,9/16,KEYSTON PHX,$19.65,,,,LORI,
9/16/2025,1325,,AARON GORDON,,HERITAGE CHAR,18009-0000,1,12,11,RECEIVED,,,NEED 1,9/16/2025,9/16,KEYSTON PHX,$27.89,,,,LORI,
9/17/2025,1320,,JAMA HAGGARD,,LITCHFIELD SNOW,42011-0018,6,5,-1,RECEIVED,,,NEED 6,9/16/2025,9/22/2025,TRIVANTAGE,,,,,,
9/17/2025,1315,,MICHAEL GOLDING,,HERITAGE CHAR,18009-0000,10,12,2,RECEIVED,,,NEED 10,9/17/2025,9/17,KEYSTON PHX,$27.89,,,,MARCO,
9/17/2025,1315,,MICHAEL GOLDING,,SAILCLOTH SEAGULL,32000-0023,10,22,12,IN STOCK,,,,,,,,,,,,
9/17/2025,1339,,KARA BECKMANN,,MIDORI STONE,145256-0005,16,0,-16,RECEIVED,,,NEED 16,9/17/2025,9/17,KEYSTON PHX,$31.85,,,,MARCO,
9/17/2025,1339,,KARA BECKMANN,,SAILCLOTH SALT,32000-0018,40,0,-40,RECEIVED,,,NEED 40,9/17/2025,9/17,KEYSTON PHX,$26.67,,,,MARCO,
9/17/2025,1339,,KARA BECKMANN,,SAILCLOTH SEAGULL,32000-0023,18,22,4,RECEIVED,,,NEED 18,9/17/2025,9/22,KEYSTON PHX,$26.67,,,,MARCO**,
9/17/2025,1339,,KARA BECKMANN,,SPECTRUM MUSHROOM,48031-0000,12,0,-12,RECEIVED,,,NEED 12,9/17/2025,9/17,KEYSTON PHX,$13.85,,,,MARCO,
9/17/2025,1316,,ROSEMARY SCARIATI,,HERITAGE ASHE,18001-0000,24,0,-24,RECEIVED,,,NEED 20,9/17/2025,9/22/2025,KEYSTON CALIF,,,,,MARCO,
9/17/2025,1316,,ROSEMARY SCARIATI,,HERITAGE PAPYRUS,18006-0000,6,21,15,RECEIVED,,,NEED 4,9/17/2025,9/17,KEYSTON PHX,$27.89,,,,MARCO,
9/17/2025,1316,,ROSEMARY SCARIATI,,CANVAS TAUPE,5461-0000,6,4,-2,RECEIVED,,,NEED 6,9/17/2025,9/17,KEYSTON PHX,$15.38,,,,MARCO,
9/17/2025,1316,,ROSEMARY SCARIATI,,CANVAS SPA,5413-0000,3,0,-3,IN STOCK,,,,,,,,,,,,
9/17/2025,1328,,AVI YAGIL,,REMIX PARCHMENT,48145-0001,17,1,-16,RECEIVED,,,NEED 17,9/17/2025,9/17,KEYSTON PHX,$16.60,,,,MARCO,
9/17/2025,1328,,AVI YAGIL,,GATEWAY COAST,14087-0000,3,2,-1,RECEIVED,,,3 OF NEED 20 REST CALI,9/17/2025,9/17,KEYSTON PHX,$15.99,,,,MARCO,
9/17/2025,1328,,AVI YAGIL,,CANVAS SAPPHIRE BLUE,5452-0000,3,2,-1,IN STOCK,,,,,,,,,,,,
9/17/2025,1328,,AVI YAGIL,,SPECTRUM DENIM,48086-0000,3,0,-3,IN STOCK,,,,,,,,,,,,
9/17/2025,1330,,JAN SCHWARZ,,CANVAS CAMEL,5468-0000,14,0,-14,RECEIVED,,,NEED 14,9/28/2025,10/1,REX FABRICS,$29.95,,,,DISCONTINUED,
9/17/2025,1328,,AVI YAGIL,,GATEWAY COAST,14087-0000,17,2,-15,RECEIVED,,,17 OF NEED 20,9/17/2025,9/22,KEYSTON CALIF,$15.99,,,,MARCO,
9/17/2025,1317,,BARB MAY,,CANVAS WHITE,57003-0000,12,11,-1,RECEIVED,,,12 OF NEED 72 REST CALI,9/17/2025,9/17,KEYSTON PHX,$15.38,,,,MARCO,
9/17/2025,1317,,BARB MAY,,CANVAS WHITE,57003-0000,60,11,-49,RECEIVED,,,60 OF NEED 72,9/17/2025,9/22/2025,KEYSTON CALIF,$15.38,,,,MARCO,
9/17/2025,1317,,BARB MAY,,CABANA CLASSIC,58030-0000,22,0,-22,RECEIVED,,,NEED 22,9/17/2025,9/17,KEYSTON PHX,$15.99,,,,MARCO,
9/17/2025,1317,,BARB MAY,,CANVAS BLACK,5408-0000,7,0,-7,IN STOCK,,,,,,,,,,,,
9/17/2025,1317,,BARB MAY,,CANVAS SAPPHIRE BLUE,5452-0000,5,2,-3,RECEIVED,,,NEED 5,9/17/2025,9/22/2025,KEYSTON CALIF,,,,,MARCO,
9/17/2025,1329,,GUIDO AND VERA RUSSO,,MILANO COBALT,56080-0000,40,9,-31,RECEIVED,,,NEED 20,9/17/2025,9/17,KEYSTON PHX,$17.82,,,,MARCO,
9/17/2025,1329,,GUIDO AND VERA RUSSO,,CANVAS NAVY,5439-0000,26,8,-18,RECEIVED,,,NEED 15,9/17/2025,9/17,KEYSTON PHX,$15.38,,,,MARCO,
9/17/2025,1329,,GUIDO AND VERA RUSSO,,CANVAS AIR BLUE,5410-0000,5,0,-5,IN STOCK,,,,,,,,,,,,
9/17/2025,1315,,MICHAEL GOLDING,,HERITAGE CHAR,18009-0000,8,12,4,RECEIVED,,,NEED 8 TO COMPLETE,9/24/2025,9/24,KEYSTON PHX,,,,,LORI,
9/18/2025,1321,,PERKINS COIE LLP PROPOSAL,,CANVAS CAMEL,145602-0007,35,0,-35,IN STOCK,,,,,,,,,,,,
9/18/2025,1321,,PERKINS COIE LLP PROPOSAL,,CANVAS FERN,145602-0007,10,0,-10,RECEIVED,,,NEED 10,9/18/2025,9/22/2025,KEYSTON PHX,$15.38,,,,ELIAH KEYSTON,
9/18/2025,1321,,PERKINS COIE LLP PROPOSAL,,CANVAS CAMEL,145602-0007,5,0,-5,RECEIVED,,,need 5 to complete,9/19/2025,9/22/2025,KEYSTON PHX,,,,,LORI,
9/24/2025,1342,,DAN CHEN,,Heritage Papyrus,18006-0000,43,21,-22,RECEIVED,,,NEED 43,9/25/2025,9/25,KEYSTON PHX,$27.89,,,,ROSSY,
9/24/2025,1342,,DAN CHEN,,Adaptation Indigo,69010-0004,25,4,-21,IN STOCK,,,,,,,,,,,,
9/24/2025,1342,,DAN CHEN,,CANVAS NAVY,5439-0000,39,8,-31,RECEIVED,,,NEED 39,9/25/2025,9/25,KEYSTON PHX,$15.38,,,,ROSSY,
9/24/2025,1343,,TESS RHOTON,,SPECTRUM CARBON,48085-0000,10,5,-5,RECEIVED,,,NEED 10,9/25/2025,9/25,KEYSTON PHX,$13.85,,,,ROSSY,
9/24/2025,1343,,TESS RHOTON,,HYBRID SMOKE,42079-0000,2,4,2,IN STOCK,,,,,,,,,,,,
9/24/2025,1344,,BUDDY PINAZZA,,SHORE LINEN,56054-0000,4,9,5,IN STOCK,,,,,,,,,,,,
9/24/2025,1347,,WARRANT-MARISA CARSON,,LINEN CANVAS,8353-0000,57,5,-52,RECEIVED,,,57 DE NEED 90,9/25/2025,9/25,KEYSTON PHX,$17.82,,,,ROSSY,
9/24/2025,1347,,WARRANT-MARISA CARSON,,LINEN CANVAS,8353-0000,33,5,-28,RECEIVED,,,33 DE NEED 90,9/25/2025,9/29,KEYSTON CAL,$17.82,,,,ROSSY,
9/24/2025,1347,,WARRANT-MARISA CARSON,,DUPIONE CELESTE,8067-0000,17,6,-11,RECEIVED,,,NEED 15,9/25/2025,9/25,KEYSTON PHX,$19.04,,,,ROSSY,
9/24/2025,1348,,JUSTIN LANE,,CANVAS WHITE,57003-0000,10,11,1,RECEIVED,,,NEED 10,9/25/2025,9/25,KEYSTON PHX,$15.38,,,,ROSSY,
9/24/2025,1348,,JUSTIN LANE,,CHARTRES DAYBREAK,45864-0107,8,8,0,RECEIVED,,,NEED 8,9/25/2025,9/29,TRIVANTAGE,$35.30,,,,,
9/24/2025,1346,,SHOWROOM FABRIC SAMPLES 9/22,,HERITAGE PAPYRUS,18006-0000,,21,,IN STOCK,,,,,,,,,,,,
9/24/2025,1346,,SHOWROOM FABRIC SAMPLES 9/22,,POSH SAPPHIRE,44157-0053,,22,,IN STOCK,,,,,,,,,,,,
9/25/2025,1346,,SHOWROOM FABRIC SAMPLES 9/22,,LEAF STRUCTURE CLOUD,146419-0001,,71,71,RECEIVED,,,SAMPLES 16 X 12,9/25/2025,9/29,TRIVANTAGE,,,,,ANDREA,
9/25/2025,1346,,SHOWROOM FABRIC SAMPLES 9/22,,METAMORPHIC SNOW,46094-0001,,57,57,RECEIVED,,,SAMPLES 16 X 12,9/25/2025,9/29,TRIVANTAGE,,,,,ANDREA,
9/25/2025,1346,,SHOWROOM FABRIC SAMPLES 9/22,,CRUSH SNOW,42101-0001,,0,0,RECEIVED,,,SAMPLES 16 X 12,9/25/2025,9/29,TRIVANTAGE,,,,,ANDREA,
9/25/2025,1346,,SHOWROOM FABRIC SAMPLES 9/22,,PIQUE FLAX,40421-0002,,31,31,RECEIVED,,,SAMPLES 16 X 12,9/25/2025,9/29,TRIVANTAGE,,,,,ANDREA,
9/25/2025,1346,,SHOWROOM FABRIC SAMPLES 9/22,,CHARTRES SILK,45864-0082,,0,0,RECEIVED,,,SAMPLES 16 X 12,9/25/2025,9/29,TRIVANTAGE,,,,,ANDREA,
9/25/2025,1346,,SHOWROOM FABRIC SAMPLES 9/22,,CASSAVA MUSHROOM,44496-0003,,7,7,RECEIVED,,,SAMPLES 16 X 12,9/25/2025,10/2,TRIVANTAGE,,,,,ANDREA,
9/25/2025,1346,,SHOWROOM FABRIC SAMPLES 9/22,,CRUSH ASH,42101-0004,,29,29,RECEIVED,,,SAMPLES 16 X 12,9/25/2025,9/29,TRIVANTAGE,,,,,ANDREA,
9/25/2025,1346,,SHOWROOM FABRIC SAMPLES 9/22,,DUMONT STUCCO,305825-0002,,64,64,RECEIVED,,,SAMPLES 16 X 12,9/25/2025,9/29,TRIVANTAGE,,,,,ANDREA,
9/25/2025,1346,,SHOWROOM FABRIC SAMPLES 9/22,,METAMORPHIC SAND,46094-0002,,11,11,RECEIVED,,,SAMPLES 16 X 12,9/25/2025,9/29,TRIVANTAGE,,,,,ANDREA,
9/25/2025,1346,,SHOWROOM FABRIC SAMPLES 9/22,,LINVILLE CAMEL,145707-0016,,40,40,RECEIVED,,,SAMPLES 16 X 12,9/25/2025,10/2,TRIVANTAGE,,,,,ANDREA,
9/25/2025,1346,,SHOWROOM FABRIC SAMPLES 9/22,,CASSAVA CORAL,44496-0009,,0,0,RECEIVED,,,SAMPLES 16 X 12,9/25/2025,9/29,TRIVANTAGE,,,,,ANDREA,
9/25/2025,1346,,SHOWROOM FABRIC SAMPLES 9/22,,LITCHFIELD SAGE,42011-0025,,0,0,RECEIVED,,,SAMPLES 16 X 12,9/25/2025,10/2,TRIVANTAGE,,,,,ANDREA,
9/25/2025,1346,,SHOWROOM FABRIC SAMPLES 9/22,,CASSAVA SLATE,44496-0004,,3,3,RECEIVED,,,SAMPLES 16 X 12,9/25/2025,9/29,TRIVANTAGE,,,,,ANDREA,
9/25/2025,1346,,SHOWROOM FABRIC SAMPLES 9/22,,CASSAVA INDIGO,44496-0008,,4,4,RECEIVED,,,SAMPLES 16 X 12,9/25/2025,9/29,TRIVANTAGE,,,,,ANDREA,
9/25/2025,1346,,SHOWROOM FABRIC SAMPLES 9/22,,LINVILLE SPA,145707-0013,,34,34,RECEIVED,,,SAMPLES 16 X 12,9/25/2025,10/2,TRIVANTAGE,,,,,ANDREA,
9/25/2025,1346,,SHOWROOM FABRIC SAMPLES 9/22,,PRECISE FAWN,145602-0006,,4,4,RECEIVED,,,SAMPLES 16 X 12,9/25/2025,9/29,TRIVANTAGE,,,,,ANDREA,
9/25/2025,1346,,SHOWROOM FABRIC SAMPLES 9/22,,KINDLE SILK,145666-0002,,73,73,RECEIVED,,,SAMPLES 16 X 12,9/25/2025,9/29,TRIVANTAGE,,,,,ANDREA,
9/25/2025,1352,,Chris Price Baccari Cabana,,"HEATHER BEIGE 46""",4672-0000,30,0,-30,RECEIVED,,,AWNING/MARINE (ORDER BY??),,9/25,TRIVANTAGE,,,,,,
9/25/2025,1352,,Chris Price Baccari Cabana,,"OYSTER 46""",4642-0000,44,0,-44,RECEIVED,,,AWNING/MARINE (ORDER BY??),,9/25,TRIVANTAGE,,,,,,
9/25/2025,1352,,Chris Price Baccari Cabana,,SPECTRUM CAYENNE,48026-0000,6,0,-6,RECEIVED,,,"54"" SPECTRUM CAYENNE (ORDER BY??)",,9/29,TRIVANTAGE,,,,,,
9/29/2025,1349,,HEIDI LLOYD,,HERITAGE PAPYRUS,18006-0000,23,21,-2,RECEIVED,,,NEED 20,9/30/2025,10/2,TRIVANTAGE,,,,,ROSSY,
9/29/2025,1349,,HEIDI LLOYD,,MAINSTREET LATTE,42048-0009,20,10,-10,RECEIVED,,,NEED 15,9/30/2025,10/2,TRIVANTAGE,,,,,ROSSY,
9/29/2025,1351,,SHOWROOM FRONT PATIO,,LITCHFIELD SAND,42011-0019,30,0,-30,RECEIVED,,,NEED 30,9/30/2025,10/2,TRIVANTAGE,,,,,ROSSY,
9/29/2025,1351,,SHOWROOM FRONT PATIO,,CASSAVA MUSHROOM,44496-0003,4,7,3,RECEIVED,,,NEED 4,9/30/2025,10/6,TRIVANTAGE CN,,,,,ROSSY,
9/29/2025,1351,,SHOWROOM FRONT PATIO,,PIQUE FLAX,40421-0002,16,31,15,RECEIVED,,,NEED 16,9/30/2025,10/2,TRIVANTAGE,,,,,ROSSY,
9/29/2025,1351,,SHOWROOM FRONT PATIO,,DUMONT STUCCO,305825-0002,14,64,50,RECEIVED,,,NEED 14,9/30/2025,10/6,TRIVANTAGE CN,,,,,ROSSY,
9/29/2025,1351,,SHOWROOM FRONT PATIO,,CASSAVA CORAL,44496-0009,5,0,-5,RECEIVED,,,NEED 5,9/30/2025,10/2,TRIVANTAGE,,,,,ROSSY,
9/29/2025,1351,,SHOWROOM FRONT PATIO,,PRECISE FAWN,145602-0006,3,4,1,RECEIVED,,,NEED 3,9/30/2025,10/2,TRIVANTAGE,,,,,ROSSY,
9/29/2025,1351,,SHOWROOM FRONT PATIO,,CRUSH ASH,42101-0004,2,29,27,RECEIVED,,,NEED 2,9/30/2025,10/2,TRIVANTAGE,,,,,ROSSY,
9/29/2025,1350,,DANA & CHERYL HUNTER,,PIAZZA DOVE,305423-0007,2,0,-2,RECEIVED,,,NEED 2,9/30/2025,10/2,TRIVANTAGE,,,,,ROSSY,
9/29/2025,1350,,DANA & CHERYL HUNTER,,CHARTRES SILK,45864-0082,17,0,-17,RECEIVED,,,NEED 17,9/30/2025,10/6,TRIVANTAGE CN,,,,,ROSSY,
9/30/2025,1335,,CAMELIA CRACIUN,,CANVAS COCOA,5425-0000,39,4,-35,RECEIVED,,,HAVE 39 NEED 45,9/30/2025,10/1,KEYSTON PHX,,,,,LORI,
9/30/2025,1335,,CAMELIA CRACIUN,,CANVAS COCOA,5425-0000,6,4,-2,RECEIVED,,,NEED 6 TO COMPLETE THE NEED 45,9/30/2025,10/2,TRIVANTAGE,,,,,ROSSY,
9/30/2025,1335,,CAMELIA CRACIUN,,CANVAS BLACK,5408-0000,35,0,-35,RECEIVED,,,NEED 35,9/30/2025,10/1,KEYSTON PHX,,,,,LORI,
9/30/2025,1335,,CAMELIA CRACIUN,,DETAIL LINEN,146003-0001,16,2.5,-13.5,RECEIVED,,,NEED 16,9/30/2025,10/1,KEYSTON PHX,,,,,LORI,
9/30/2025,1335,,CAMELIA CRACIUN,,CANVAS WHITE,57003-0000,9,11,2,RECEIVED,,,NEED 9,9/30/2025,10/1,KEYSTON PHX,,,,,LORI,
9/30/2025,1335,,CAMELIA CRACIUN,,SHIBORI CLASSIC,145360-0011,12,9,-3,RECEIVED,,,NEED 12,9/30/2025,10/2,TRIVANTAGE,,,,,ROSSY,
9/30/2025,1316,,ROSEMARY SCARIATI,,HERITAGE ASHE,18001-0000,10,0,-10,RECEIVED,,,NEED 10 TO COMPLETE,9/30/2025,10/1,KEYSTON PHX,,,,,LORI,
9/30/2025,1332,,PAUL SCHNEIDER,,CANVAS NAVY,5439-0000,20,8,-12,RECEIVED,,,NEED 20,9/30/2025,10/1,KEYSTON PHX,,,,,LORI,
9/30/2025,1332,,PAUL SCHNEIDER,,SAVVY INDIGO,45889-0007,4,7,3,RECEIVED,,,NEED 4,9/30/2025,10/2,TRIVANTAGE,,,,,GRACE,
9/30/2025,1083-REDO,,CLEMMER REDOING,,LINEN STONE,8319-0000,10,4,-6,RECEIVED,,,NEED 10,9/30/2025,10/1,KEYSTON PHX,,,,,LORI,
10/1/2025,1344,,BUDDY PINAZZA,,SHORE LINEN,56054-0000,6,9,3,IN STOCK,,,,,,,,,,,,
10/2/2025,1351,,SHOWROOM FRONT PATIO,,CANVAS HEATHER BEIGE,5476-0000,2,47,45,IN STOCK,,,,,,,,,,,,
10/2/2025,1351,,SHOWROOM FRONT PATIO,,LOTUS CANYON,44495-0004,9,5,-4,RECEIVED,,,NEED 9,10/2/2025,10/7,TRIVANTAGE NC,,,,,GRACE,
10/2/2025,1331,,KEITH CLAUSEN AND MARK LEWIS,,MILANO CHAR,56079-0000,28,7,-21,RECEIVED,,,NEED 20,10/2/2025,10/3,KEYSTON PHX,,,,,MARCO,
10/2/2025,1331,,KEITH CLAUSEN AND MARK LEWIS,,Leaf Structure Cloud ,146419-0001,12,0,-12,RECEIVED,,,NEED 12,10/2/2025,10/6,TRIVANTAGE CALI,,,,,GRACE,
10/2/2025,1331,,KEITH CLAUSEN AND MARK LEWIS,,BERENSON TUXEDO,8521-0000,25,65,40,RECEIVED,,,NEED 25,10/2/2025,10/3,KEYSTON PHX,,,,,MARCO,
10/2/2025,1331,,KEITH CLAUSEN AND MARK LEWIS,,LINEN SESAME,8318-0000,10,2,-8,RECEIVED,,,NEED 10,10/2/2025,10/3,KEYSTON PHX,,,,,MARCO,
10/2/2025,1331,,KEITH CLAUSEN AND MARK LEWIS,,CANVAS BLACK,5408-0000,8,0,-8,RECEIVED,,,NEED 8,10/2/2025,10/3,KEYSTON PHX,,,,,MARCO,
10/2/2025,1331,,KEITH CLAUSEN AND MARK LEWIS,,METAMORPHIC SAND,46094-0002,12,11,-1,RECEIVED,,,NEED 12,10/2/2025,10/6,TRIVANTAGE CALI,,,,,GRACE,
10/2/2025,1331,,KEITH CLAUSEN AND MARK LEWIS,,Leaf Structure COPPER,146419-0003,10,0,-10,RECEIVED,,,NEED 10,10/2/2025,10/7,TRIVANTAGE NC,,,,,GRACE,
10/6/2025,1348,,JUSTIN LANE,,CANVAS WHITE,57003-0000,10,11,1,RECEIVED,,,NEED 10,10/6/2025,10/9,TRIVANTAGE,,,,,GRACE,
10/6/2025,1348,,JUSTIN LANE,,CHARTRES DAYBREAK,45864-0107,10,8,-2,RECEIVED,,,NEED 10,10/6/2025,10/9,TRIVANTAGE,,,,,GRACE,
10/8/2025,1355,,PARNIAN FURNITURE,,HERITAGE PAPYRUS,18006-0000,44,21,-23,RECEIVED,,,NEED 44,10/8/2025,10/13,TRIVANTAGE,,,,,MICHEL,
10/8/2025,1354,,MICHAEL MONTOYA,,CASSAVA COPPER,44496-0005,27,5,-22,RECEIVED,,,NEED 27,10/8/2025,10/13,TRIVANTAGE,,,,,MICHEL,
10/8/2025,1354,,MICHAEL MONTOYA,,SPECTRUM SAND,48019-0000,12,0,-12,RECEIVED,,,NEED 12,10/8/2025,10/8,KEYSTON,,,,,ELIAH,
10/8/2025,1354,,MICHAEL MONTOYA,,CASSAVA SPRING,44496-0006,20,0,-20,RECEIVED,,,NEED 20,10/8/2025,10/13,TRIVANTAGE,,,,,MICHEL,
10/8/2025,1354,,MICHAEL MONTOYA,,LINEN CANVAS,8353-0000,2,5,3,IN STOCK,,,,,,,,,,,,
10/8/2025,1358,,CHRIS ZUNIGA,,CANVAS WHITE,57003-0000,29,11,-18,RECEIVED,,,NEED 30,10/8/2025,10/8,KEYSTON,,,,,ELIAH,
10/8/2025,1358,,CHRIS ZUNIGA,,KINDLE SILK,145666-0002,10,73,63,RECEIVED,,,NEED 10,10/8/2025,10/13,TRIVANTAGE,,,,,MICHEL,
10/8/2025,1358,,CHRIS ZUNIGA,,CANVAS TAUPE,5461-0000,5,4,-1,RECEIVED,,,NEED 5,10/8/2025,10/8,KEYSTON,,,,,ELIAH,
10/8/2025,1358,,CHRIS ZUNIGA,,CANVAS AIR BLUE,5410-0000,25,0,-25,RECEIVED,,,NEED 20,10/8/2025,10/8,KEYSTON,,,,,ELIAH,
10/8/2025,1358,,CHRIS ZUNIGA,,GATEWAY COAST,14087-0000,3,2,-1,IN STOCK,,,,,,,,,,,,
10/8/2025,1360,,KRISTA ARREDONDO,,METAMORPHIC FOG,46094-0003,61,81,20,RECEIVED,,,NEED 60,10/8/2025,10/13,TRIVANTAGE,,,,,MICHEL,
10/8/2025,1360,,KRISTA ARREDONDO,,CANVAS ANTIQUE BEIGE,5422-0000,10,8,-2,IN STOCK,,,,,,,,,,,,
10/8/2025,1360,,KRISTA ARREDONDO,,CANVAS TAUPE,5461-0000,1,4,3,IN STOCK,,,,,,,,,,,,
10/8/2025,1360,,KRISTA ARREDONDO,,EXHALE DRIFTWOOD,400001-0005,10,5,-5,RECEIVED,,,NEED 10,10/10/2025,10/20,TRIVANTAGE NC,,,,,ANGIE,
10/8/2025,1361,,BRISS NORRIS,,NURTURE WHITE,42102-0001,64,0,-64,RECEIVED,,,NEED 60,10/8/2025,10/14,TRIVANTAGE NC,,,,,MICHEL,
10/8/2025,1361,,BRISS NORRIS,,MAINSTREET DOVE,42048-0015,13,0,-13,RECEIVED,,,NEED 13,10/8/2025,10/13,KEYSTON FLORIDA,,,,,ELIAH,
10/8/2025,1363,,KATHERINE ROSS,,CANVAS WHITE,57003-0000,24,11,-13,RECEIVED,,,NEED 24,10/8/2025,10/8,KEYSTON,,,,,ELIAH,
10/8/2025,1363,,KATHERINE ROSS,,SAVVY ONYX,45889-0009,4,10,6,IN STOCK,,,,,,,,,,,,
10/8/2025,1363,,KATHERINE ROSS,,CANVAS BLACK,5408-0000,5,0,-5,RECEIVED,,,NEED 5,10/8/2025,10/8,KEYSTON,,,,,ELIAH,
10/8/2025,1365,,REDO-BRETT BRIMLEY,,METAMORPHIC LAGOON,46094-0005,22,62,40,IN STOCK,,,,,,,,,,,,
10/8/2025,1366,,GABRIELLA RAGANELLI,,CANVAS WHITE,57003-0000,18,11,-7,RECEIVED,,,NEED 18,10/8/2025,10/13,TRIVANTAGE,,,,,MICHEL,
10/8/2025,1366,,GABRIELLA RAGANELLI,,POSH SAPPHIRE,44157-0053,32,22,-10,RECEIVED,,,NEED 32,10/8/2025,10/13,TRIVANTAGE,,,,,MICHEL,
10/8/2025,1366,,GABRIELLA RAGANELLI,,CANVAS SAPPHIRE BLUE,5452-0000,5,2,-3,RECEIVED,,,NEED 5,10/8/2025,10/13,TRIVANTAGE,,,,,MICHEL,
10/8/2025,1366,,GABRIELLA RAGANELLI,,CANVAS NAVY,5439-0000,28,8,-20,RECEIVED,,,NEED 28,10/8/2025,10/13,TRIVANTAGE,,,,,MICHEL,
10/8/2025,1366,,GABRIELLA RAGANELLI,,CHARTRES SILK,45864-0082,3,0,-3,IN STOCK,,,,,,,,,,,,
10/8/2025,1346,,SHOWROOM FABRIC SAMPLES 9/22,,LEAF STRUCTURE CLOUD,146419-0001,,71,71,RECEIVED,,,NEED 0.5 YARDS,10/8/2025,10/21,TRIVANTAGE,,,,,ANDREA/AUDRY,
10/8/2025,1346,,SHOWROOM FABRIC SAMPLES 9/22,,METAMORPHIC SNOW,46094-0001,,57,57,RECEIVED,,,NEED 0.5 YARDS,10/8/2025,10/21,TRIVANTAGE,,,,,ANDREA/AUDRY,
10/8/2025,1346,,SHOWROOM FABRIC SAMPLES 9/22,,CRUSH SNOW,42101-0001,,0,0,RECEIVED,,,NEED 0.5 YARDS,10/8/2025,10/21,TRIVANTAGE,,,,,ANDREA/AUDRY,
10/8/2025,1346,,SHOWROOM FABRIC SAMPLES 9/22,,HERITAGE PAPYRUS,18006-0000,,21,,IN STOCK,,,,,,,,,,,,
10/8/2025,1346,,SHOWROOM FABRIC SAMPLES 9/22,,PIQUE FLAX,40421-0002,,31,31,RECEIVED,,,NEED 0.5 YARDS,10/8/2025,10/21,TRIVANTAGE,,,,,ANDREA/AUDRY,
10/8/2025,1346,,SHOWROOM FABRIC SAMPLES 9/22,,CHARTRES SILK,45864-0082,,0,0,RECEIVED,,,NEED 0.5 YARDS,10/8/2025,10/21,TRIVANTAGE,,,,,ANDREA/AUDRY,
10/8/2025,1346,,SHOWROOM FABRIC SAMPLES 9/22,,CASSAVA MUSHROOM,44496-0003,,7,7,RECEIVED,,,NEED 0.5 YARDS,10/8/2025,10/21,TRIVANTAGE,,,,,ANDREA/AUDRY,
10/8/2025,1346,,SHOWROOM FABRIC SAMPLES 9/22,,CRUSH ASH,42101-0004,,29,29,RECEIVED,,,NEED 0.5 YARDS,10/8/2025,10/21,TRIVANTAGE,,,,,ANDREA/AUDRY,
10/8/2025,1346,,SHOWROOM FABRIC SAMPLES 9/22,,DUMONT STUCCO,305825-0002,,64,64,RECEIVED,,,NEED 0.5 YARDS,10/8/2025,10/21,TRIVANTAGE,,,,,ANDREA/AUDRY,
10/8/2025,1346,,SHOWROOM FABRIC SAMPLES 9/22,,METAMORPHIC SAND,46094-0002,,11,11,RECEIVED,,,NEED 0.5 YARDS,10/8/2025,10/21,TRIVANTAGE,,,,,ANDREA/AUDRY,
10/8/2025,1346,,SHOWROOM FABRIC SAMPLES 9/22,,LINVILLE CAMEL,145707-0016,,40,40,RECEIVED,,,NEED 0.5 YARDS,10/8/2025,10/21,TRIVANTAGE,,,,,ANDREA/AUDRY,
10/8/2025,1346,,SHOWROOM FABRIC SAMPLES 9/22,,CASSAVA CORAL,44496-0009,,0,0,RECEIVED,,,NEED 0.5 YARDS,10/8/2025,10/21,TRIVANTAGE,,,,,ANDREA/AUDRY,
10/8/2025,1346,,SHOWROOM FABRIC SAMPLES 9/22,,LITCHFIELD SAGE,42011-0025,,0,0,RECEIVED,,,NEED 0.5 YARDS,10/8/2025,10/21,TRIVANTAGE,,,,,ANDREA/AUDRY,
10/8/2025,1346,,SHOWROOM FABRIC SAMPLES 9/22,,CASSAVA SLATE,44496-0004,,3,3,RECEIVED,,,NEED 0.5 YARDS,10/8/2025,10/21,TRIVANTAGE,,,,,ANDREA/AUDRY,
10/8/2025,1346,,SHOWROOM FABRIC SAMPLES 9/22,,CASSAVA INDIGO,44496-0008,,4,4,RECEIVED,,,NEED 0.5 YARDS,10/8/2025,10/21,TRIVANTAGE,,,,,ANDREA/AUDRY,
10/8/2025,1346,,SHOWROOM FABRIC SAMPLES 9/22,,LINVILLE SPA,145707-0013,,34,34,RECEIVED,,,NEED 0.5 YARDS,10/8/2025,10/21,TRIVANTAGE,,,,,ANDREA/AUDRY,
10/8/2025,1346,,SHOWROOM FABRIC SAMPLES 9/22,,PRECISE FAWN,145602-0006,,4,4,RECEIVED,,,NEED 0.5 YARDS,10/8/2025,10/21,TRIVANTAGE,,,,,ANDREA/AUDRY,
10/8/2025,1346,,SHOWROOM FABRIC SAMPLES 9/22,,KINDLE SILK,145666-0002,,73,73,RECEIVED,,,NEED 0.5 YARDS,10/8/2025,10/21,TRIVANTAGE,,,,,ANDREA/AUDRY,
10/8/2025,1346,,SHOWROOM FABRIC SAMPLES 9/22,,POSH SAPPHIRE,44157-0053,,22,22,IN STOCK,,,,,,,,,,,,
10/10/2025,1367,,TOM & KIMBERLY FALCONE,,CASSAVA STONE,44496-0002,15,5,-10,RECEIVED,,,NEED 15,10/10/2025,10/14,TRIVANTAGE,,,,,ANGIE,
10/14/2025,1369,,REDO-SARAH FIEL,,POSH SAPPHIRE,44157-0053,6,22,16,RECEIVED,,,NEED 6,10/16/2025,10/20,TRIVANTAGE,$37.56,,,,ANGIE,
10/16/2025,1322,,WARR-MITCHELL BALLOU,,PUEBLO DUNE,50202-0002,17,2,-15,RECEIVED,,,NEED 17,10/16/2025,10/20,TRIVANTAGE,$22.72,,,,ANGIE,
10/16/2025,1322,,WARR-MITCHELL BALLOU,,SAIL AWAY DENIM,40606-0003,8,2,-6,RECEIVED,,,NEED 8,10/16/2025,10/21,TRIVANTAGE NC,$21.61,,,,ANGIE,
10/16/2025,1322,,WARR-MITCHELL BALLOU,,KUDOS 49 MORTAR,KUDOS-49 MORTAR,4,2,-2,RECEIVED,,,NEED 5,10/16/2025,10/22,UNITED FABRIC,$35.95,,,,ONLINE,
10/16/2025,1322,,WARR-MITCHELL BALLOU,,REMIX MUSHROOM,48145-0004,2,2,0,RECEIVED,,,NEED 5,10/16/2025,10/21,TRIVANTAGE NC,$15.25,,,,ANGIE,
10/16/2025,1322,,WARR-MITCHELL BALLOU,,METAMORPHIC LAGOON,46094-0005,2,62,60,IN STOCK,,,,,,,,,,,,
10/16/2025,1378,,JENN DAVIS,,PASHIMA STERLING,290-06,21,0,-21,RECEIVED,,,21 YDS WAS RECEIVED 10/16,10/16/2025,,LINK OUTDOOR,,,,,,
10/16/2025,1378,,JENN DAVIS,,TAOS STERLING,595-06,3,0,-3,RECEIVED,,,12 YDS RECEIVED 10/16,10/16/2025,,LINK OUTDOOR,,,,,,
10/20/2025,1352,,Chris Price Baccari Cabana,,"HEATHER BEIGE 60""",6072-0000,40,0,-40,RECEIVED,,,AWNING/MARINE ORDER CUSTOMER,,10/20,TRIVANTAGE,,,,,,
10/20/2025,1352,,Chris Price Baccari Cabana,,"OYSTER 60""",6042-0000,52,0,-52,RECEIVED,,,AWNING/MARINE ORDER CUSTOMER,,10/20,TRIVANTAGE,,,,,,
10/20/2025,1352,,Chris Price Baccari Cabana,,SPECTRUM CAYENNE,48026-0000,6,0,-6,RECEIVED,,,"54"" SPECTRUM CAYENNE ORDER CUSTOMER",,10/20,TRIVANTAGE,,,,,,
10/20/2025,1353,,KRISTINA ESCHMEYER,,BLEND INDIGO,16001-0001,110,30,-80,RECEIVED,,,NEED 110,10/20/2025,10/23,TRIVANTAGE,$27.85,,,,GRACE,
10/20/2025,1353,,KRISTINA ESCHMEYER,,CANVAS HOT PINK,5462-0000,15,37,22,RECEIVED,,,NEED 15,10/20/2025,10/23,TRIVANTAGE,$20.39,,,,GRACE,
10/20/2025,1353,,KRISTINA ESCHMEYER,,CANVAS MELON,5415-0000,13,28,15,RECEIVED,,,NEED 13,10/20/2025,10/23,TRIVANTAGE,$17.76,,,,GRACE,
10/21/2025,1372,,DOMINIC BAPTIST,,CANVAS NATURAL,5404-0000,4,8,4,RECEIVED,,,NEED 5,10/21/2025,10/21,KEYSTON,$15.38,,,,MARCO,
10/21/2025,1372,,DOMINIC BAPTIST,,CANVAS CAMEL,5468-0000,1,0,,IN STOCK,,,OK,,,,,,,,,
10/22/2025,1371,,Leslie Grosshauser,,HERITAGE LEAF,18011-0000,,7,7,IN STOCK,,,,,,,,,,,,
10/23/2025,1328,,AVI YAGIL,,GATEWAY COAST,14087-0000,11,2,-9,RECEIVED,,,NEED 11 O COMPLETE,10/23/2025,10/24,KEYSTON PHX,$15.99,,,,,
10/27/2025,1374,,THOMAS GIULIANO ADDON,,CHARTRES SILK,45864-0082,18,0,-18,RECEIVED,,,NEED 20,10/27/2025,10/29,TRIVANTAGE,$35.30,,,,MICHELLE,
10/27/2025,1374,,THOMAS GIULIANO ADDON,,CANVAS BLACK,5408-0000,4,0,-4,IN STOCK,,,,,,,,,,,,
10/27/2025,STOCK,,CCPATIO 32 STOCK,,HERITAGE PAPYRUS,18006-0000,,21,21,RECEIVED,,,WAS ORDER 60,--,10/27,GLEN RAVEN,,,,,,
10/27/2025,STOCK,,CCPATIO 32 STOCK,,STANTON LAGOON,58001-0000,,0,0,RECEIVED,,,WAS ORDER 60,--,10/27,GLEN RAVEN,,,,,,
10/27/2025,STOCK,,CCPATIO 32 STOCK,,METAMORPHIC CLOUD,46094-0006,,23,23,RECEIVED,,,WAS ORDER 40,--,10/27,GLEN RAVEN,,,,,,
10/27/2025,1290,,REDO CHRIS WHEELER,,METAMORPHIC SAND,46094-0002,45,11,-34,RECEIVED,,,NEED 45,10/27/2025,11/3,TRIVANTAGE NC,,,,,ROSSY,
10/27/2025,1290,,REDO CHRIS WHEELER,,LINVILLE SPA,145707-0013,10,34,24,RECEIVED,,,NEED 10,10/27/2025,11/3,TRIVANTAGE NC,,,,,ROSSY,
10/27/2025,1290,,REDO CHRIS WHEELER,,LINVILLE DENIM,145707-0012,2,0,-2,RECEIVED,,,NEED 2,10/27/2025,11/3,TRIVANTAGE NC,,,,,ROSSY,
10/27/2025,1373,,WARR-LAURA RABE,,SPECTRUM DENIM,48086-0000,54,0,-54,RECEIVED,,,NEED 54,10/27/2025,10/28,KEYSTON,,,,,LORI,
10/27/2025,1376,,REDO ROXANN FREDERICK,,CANVAS TEAK,5488-0000,18,3,-15,RECEIVED,,,NEED 20,10/28/2025,10/28,KEYSTON,,,,,ELIAH,
10/27/2025,1377,,SALLY PAXTON,,CANVAS NAVY,5439-0000,19,8,-11,RECEIVED,,,NEED 20,11/24/2025,11/25,KEYSTON,,,,,LORI,
10/27/2025,1377,,SALLY PAXTON,,PRINCIPLE LAGOON,16009-0002,6,2,-4,RECEIVED,,,NEED 6,10/31/2025,11/3,KEYSTON,,,,,MARCO,
10/27/2025,1377,,SALLY PAXTON,,CANVAS SUNFLOWER YELLOW,5457-0000,2,5,3,IN STOCK,,,,,,,,,,,,
10/28/2025,1350,,DANA HUNTER,,MARBLE THATCH,4685-112,,3,3,RECEIVED,,,16 YD RECEIVED FROM CUSTOMER,10/28/2025,,CUSTOMER,,,,,,
10/28/2025,1381,,RUSH SHOWROOM 11-03,,METAMORPHIC SNOW,46094-0001,27,57,30,RECEIVED,,,NEED 27,10/29/2025,11/4,TRIVANTAGE NC,,,,,,
10/28/2025,1381,,RUSH SHOWROOM 11-03,,DUMONT STUCCO,305825-0002,8,64,56,RECEIVED,,,NEED 8,10/29/2025,11/3,TRIVANTAGE CALI,,,,,,
10/28/2025,1381,,RUSH SHOWROOM 11-03,,CRUSH ASH,42101-0004,66,29,-37,RECEIVED,,,NEED 66*ORDER 30 & 32**11/3 RECEIVED 32 & 30 11/04,10/29/2025,11/3,TRIVANTAGE NC,,,,,,
10/28/2025,1381,,RUSH SHOWROOM 11-03,,LEAF STRUCTURE CLOUD,146419-0001,15,71,56,RECEIVED,,,NEED 15,10/29/2025,11/3,TRIVANTAGE CALI,,,,,,
10/28/2025,1381,,RUSH SHOWROOM 11-03,,UNDERCURRENT STORM,47203-0002,2,0,-2,RECEIVED,,,NEED 2,10/29/2025,11/3,TRIVANTAGE CALI,,,,,,
10/28/2025,1381,,RUSH SHOWROOM 11-03,,CHARTRES SILK,45864-0082,20,0,-20,RECEIVED,,,NEED 20,10/29/2025,11/3,TRIVANTAGE NC,,,,,,
10/28/2025,1381,,RUSH SHOWROOM 11-03,,CANVAS BLACK,5408-0000,5,0,-5,RECEIVED,,,NEED 5,10/29/2025,11/3,TRIVANTAGE CALI,,,,,,
10/28/2025,1381,,RUSH SHOWROOM 11-03,,CANVAS CHARCOAL,54048-0000,5,3,-2,RECEIVED,,,NEED 5,10/29/2025,11/3,TRIVANTAGE CALI,,,,,,
10/29/2025,1166,,SUSAN & DANA CRAIG,,MILANO CHAR ,56079-0000,20,0,-20,RECEIVED,,,NEED 20 TO COMPLETE,10/29/2025,10/29,KEYSTON,,,,,,
10/31/2025,1380,,TODD BONDY,,CLOCK OUT INDIGO,146205-0002,6,2,-4,RECEIVED,,,NEED 6,10/31/2025,11/3,KEYSTON,,,,,MARCO,
10/31/2025,1380,,TODD BONDY,,CANVAS NAVY,5439-0000,1,8,7,IN STOCK,,,,,,,,,,,,
10/31/2025,1380,,TODD BONDY,,CANVAS NATURAL,5404-0000,5,8,3,RECEIVED,,,NEED 5,10/31/2025,11/3,KEYSTON,,,,,MARCO,
10/31/2025,1380,,TODD BONDY,,POSH SAPPHIRE,44157-0053,3,22,19,IN STOCK,,,,,,,,,,,,
10/31/2025,1380,,TODD BONDY,,CANVAS SAPPHIRE BLUE,5452-0000,3,2,-1,RECEIVED,,,NEED 3,10/31/2025,11/3,KEYSTON,,,,,MARCO,
11/3/2025,1345,,KETHERINE HEIST,,CANVAS WHITE,57003-0000,21,11,-10,RECEIVED,,,NEED 21,11/3/2025,11/3,KEYSTON,,,,,MARCO,
11/3/2025,1363,,KATHERINE ROSS,,CANVAS WHITE,57003-0000,25,11,-14,RECEIVED,,,NEED 25,11/3/2025,11/3,KEYSTON,,,,,MARCO,
11/3/2025,1363,,KATHERINE ROSS,,SAVVY ONYX,45889-0009,4,10,6,RECEIVED,,,NEED 4,11/3/2025,11/6,TRIVANTAGE CALI,$35.30,,,,GRACE,
11/3/2025,1363,,KATHERINE ROSS,,CANVAS BLACK,5408-0000,4,0,-4,RECEIVED,,,NEED 6,11/3/2025,11/3,KEYSTON,,,,,MARCO,
11/3/2025,1383,,CRAIG EERKES,,MAINSTREET PUTTY,42048-0012,29,4,-25,RECEIVED,,,"IN STOCK 20, RECEIVED 7",11/3/2025,12/1,KEYSTON,,,,,MARCO,
11/3/2025,1383,,CRAIG EERKES,,CANVAS TAUPE,5461-0000,3,4,1,RECEIVED,,,NEED 3,11/3/2025,11/3,KEYSTON,,,,,MARCO,
11/3/2025,1383,,CRAIG EERKES,,VALLEY DUNE,146597-0006,11,0,-11,RECEIVED,,,NEED 11,11/3/2025,11/10,TRIVANTAGE NC,$30.36,,,,GRACE,
11/3/2025,1384,,TREVOR VIGFUSSON,,METAMORPHIC SNOW,46094-0001,20,57,37,RECEIVED,,,NEED 20,11/3/2025,11/10,TRIVANTAGE NC,,,,,GRACE,
11/3/2025,1384,,TREVOR VIGFUSSON,,LEAF STRUCTURE SAND,146419-0002,12,3,-9,RECEIVED,,,NEED 12,11/3/2025,11/6,TRIVANTAGE CALI,$38.77,,,,GRACE,
11/3/2025,1384,,TREVOR VIGFUSSON,,DUMONT STUCCO,305825-0002,18,64,46,RECEIVED,,,NEED 18,11/3/2025,11/6,TRIVANTAGE CALI,$37.90,,,,GRACE,
11/3/2025,1384,,TREVOR VIGFUSSON,,LINVILLE DENIM,145707-0012,8,0,-8,RECEIVED,,,NEED 8,11/3/2025,11/10,TRIVANTAGE NC,,,,,GRACE,
11/3/2025,1385,,CHRISTINA KING,,CAST PUMICE,48114-0000,11,0,-11,RECEIVED,,,NEED 11,11/3/2025,11/3,KEYSTON,,,,,MARCO,
11/3/2025,1385,,CHRISTINA KING,,VALLEY DUNE,146597-0006,8,0,-8,RECEIVED,,,NEED 8,11/3/2025,11/10,UNITED FABRIC,$45.95,,,,,
11/3/2025,1386,,MIKE PENDERGRAFT,,METAMORPHIC FOG,46094-0003,31,81,50,RECEIVED,,,NEED 31,11/4/2025,11/6,TRIVANTAGE CALI,$40.62,,,,STEPHANIE,
11/3/2025,1386,,MIKE PENDERGRAFT,,STERLING ALPACA,40553-0002,2,0,-2,RECEIVED,,,NEED 2,11/4/2025,11/6,TRIVANTAGE CALI,$32.40,,,,STEPHANIE,
11/3/2025,1386,,MIKE PENDERGRAFT,,LEAF STRUCTURE SAND,146419-0002,8,3,-5,RECEIVED,,,NEED 8,11/4/2025,11/6,TRIVANTAGE CALI,$38.77,,,,STEPHANIE,
11/3/2025,1386,,MIKE PENDERGRAFT,,NUANCE DOVE,400000-0004,2,0,-2,RECEIVED,,,NEED 2,11/4/2025,11/11,TRIVANTAGE NC,$24.17,,,,STEPHANIE,
11/3/2025,1386,,MIKE PENDERGRAFT,,EXHALE DRIFTWOOD,400001-0005,10,5,-5,RECEIVED,,,NEED 15,11/4/2025,11/11,TRIVANTAGE NC,$20.83,,,,STEPHANIE,
11/3/2025,1387,,BOB HAMM,,LITCHFIELD SAND,42011-0019,36,0,-36,RECEIVED,,,NEED 36,11/4/2025,11/6,TRIVANTAGE CALI,$45.09,,,,STEPHANIE,
11/3/2025,1387,,BOB HAMM,,ESTI ONYX,44349-0024,9,1,-8,RECEIVED,,,NEED 9,11/4/2025,11/6,TRIVANTAGE CALI,$28.07,,,,STEPHANIE,
11/4/2025,1388,,SHELLEY GROTHAUS,,CANVAS CANVAS,5453-0000,6,16,10,RECEIVED,,,NEED 6,11/4/2025,11/6,TRIVANTAGE CALI,$17.76,,,,STEPHANIE,
11/6/2025,1391,,PETER SOJKA,,CANVAS JAVA,57014-0000,8,0,-8,RECEIVED,,,NEED 8,11/7/2025,11/11,TRIVANTAGE CALI,,,,,,
11/6/2025,1391,,PETER SOJKA,,OVERDRAW MERCURY,87002-0001,6,0,-6,RECEIVED,,,NEED 6,11/7/2025,11/17,TRIVANTAGE NC,,,,,,
11/6/2025,1392,,SCOTT LITTLE,,CREATE HAZE,145844-0002,7,2,-5,RECEIVED,,,NEED 7,11/9/2025,11/17,UNITED FABRIC,,,,,ONLINE,
11/6/2025,1394,,SHARON BARRETT,,PIQUE FLAX,40421-0002,16,31,15,RECEIVED,,,NEED 16,11/7/2025,11/11,TRIVANTAGE CALI,,,,,,
11/6/2025,1394,,SHARON BARRETT,,PIQUE MIDNIGHT,40421-0022,2,0,-2,RECEIVED,,,NEED 2,11/7/2025,11/11,TRIVANTAGE CALI,,,,,,
11/6/2025,1395,,WARR-LEVI FILLER,,DUMONT STUCCO,305825-0002,21,64,43,RECEIVED,,,NEED 21,11/7/2025,11/11,TRIVANTAGE CALI,,,,,,
11/6/2025,1396,,WARR-SHELLEY MCKEEVER,,LINEN SILVER,8351-0000,5,18,13,RECEIVED,,,NEED 5,11/7/2025,11/11,TRIVANTAGE CALI,,,,,,
11/6/2025,1396,,WARR-SHELLEY MCKEEVER,,MIDORI STONE,145256-0005,16,0,-16,RECEIVED,,,NEED 16,11/7/2025,11/11,TRIVANTAGE CALI,,,,,,
11/6/2025,1396,,WARR-SHELLEY MCKEEVER,,CANVAS TAUPE,5461-0000,4,4,0,RECEIVED,,,NEED 4,11/7/2025,11/11,TRIVANTAGE CALI,,,,,,
11/6/2025,1397,,LESLEY MCCULLEY,,ESTI LAGOON,44349-0004,26,5,-21,RECEIVED,,,NEED 26,11/7/2025,11/11,TRIVANTAGE CALI,,,,,,
11/6/2025,1397,,LESLEY MCCULLEY,,DUMONT STUCCO,305825-0002,3,64,61,RECEIVED,,,NEED 3,11/7/2025,11/11,TRIVANTAGE CALI,,,,,,
11/6/2025,1397,,LESLEY MCCULLEY,,CANVAS MINERAL BLUE,5420-0000,2,0,-2,RECEIVED,,,NEED 2,11/7/2025,11/11,TRIVANTAGE CALI,,,,,,
11/9/2025,1398,,ASTRID CORRETJER,,CANVAS WHITE,57003-0000,3,11,8,IN STOCK,,,,,,,,,,,,
11/9/2025,1399,,KYLIE MAYOL,,DUMONT STUCCO,305825-0002,25,64,39,RECEIVED,,,NEED 25,11/10/2025,11/12,TRIVANTAGE NC,,,,,,
11/9/2025,1399,,KYLIE MAYOL,,Linville Parchment,145707-0006,12,18,6,RECEIVED,,,NEED 12,11/10/2025,11/12,TRIVANTAGE CALI,,,,,,
11/9/2025,1399,,KYLIE MAYOL,,METAMORPHIC SAND,46094-0002,38,11,-27,IN STOCK,,,NEED 38,11/10/2025,MID JANUARY 2026,,,,,,,
11/9/2025,1399,,KYLIE MAYOL,,LITCHFIELD SAND,42011-0019,21,0,-21,RECEIVED,,,NEED 18,11/10/2025,11/12,TRIVANTAGE NC,,,,,,
11/9/2025,1399,,KYLIE MAYOL,,SHADOW SNOW,51000-0000,16,4,-12,RECEIVED,,,NEED 16,11/10/2025,11/10,KEYSTON PHOENIX,$12.94,,,,ELIAH,
11/9/2025,1400,,Lisa Brutto,,UNDERCURRENT STORM,47203-0002,6,0,-6,RECEIVED,,,NEED 4,11/10/2025,11/12,TRIVANTAGE CALI,,,,,,
11/9/2025,1401,,LYNTON KOTZIN,,CANVAS HEATHER BEIGE,5476-0000,31,47,16,RECEIVED,,,NEED 6,11/10/2025,11/10,KEYSTON PHOENIX,$15.38,,,,ELIAH,
11/9/2025,1401,,LYNTON KOTZIN,,VALLEY DUNE,146597-0006,21,0,-21,RECEIVED,,,NEED 21,11/10/2025,11/18,TRIVANTAGE NC,,,,,,
11/9/2025,1401,,LYNTON KOTZIN,,CANVAS TAUPE,5476-0000,2,4,2,IN STOCK,,,,,,,,,,,,
11/9/2025,1399,,FOR STOCK,,METAMORPHIC SAND,46094-0002,38,11,-27,RECEIVED,,,NEED 38,11/10/2025,12/17,TRIVANTAGE,,,,,,
11/10/2025,1402,,LAWRY DOLINS,,LINVILLE PARCHMENT,145707-0006,23,18,-5,RECEIVED,,,NEED 23,11/11/2025,11/12,TRIVANTAGE CALI,,,,,MONTZE,
11/10/2025,1402,,LAWRY DOLINS,,LEISURE DENIM,40625-0001,3,0,-3,RECEIVED,,,NEED 3,11/11/2025,11/17,TRIVANTAGE NC,,,,,MONTZE,
11/10/2025,1402,,LAWRY DOLINS,,DUMONT SHIBBORI,305825-0006,6,0,-6,RECEIVED,,,NEED 6,11/11/2025,11/12,TRIVANTAGE CALI,,,,,MONTZE,
11/10/2025,1403,,HARRY HOBBS,,MAINSTREET PUTTY,42048-0012,39,4,-35,RECEIVED,,,NEED 40,11/11/2025,11/12,TRIVANTAGE CALI,,,,,MONTZE,
11/10/2025,1403,,HARRY HOBBS,,HERITAGE MOSS,18012-0000,5,0,-5,RECEIVED,,,NEED 5,11/11/2025,11/12,TRIVANTAGE CALI,,,,,MONTZE,
11/10/2025,1403,,HARRY HOBBS,,HERITAGE LEAF,18011-0000,3,7,4,RECEIVED,,,NEED 3,11/11/2025,11/17,TRIVANTAGE NC,,,,,MONTZE,
11/10/2025,1403,,HARRY HOBBS,,NURTURE PEBBLE,42102-0002,23,4,-19,RECEIVED,,,NEED 23,11/11/2025,11/12,KEYSTON,,,,,LORI,
11/10/2025,1403,,HARRY HOBBS,,NURTURE HAZE,42102-0009,17,1,-16,RECEIVED,,,NEED 17,11/11/2025,11/12,TRIVANTAGE CALI,,,,,MONTZE,
11/10/2025,1403,,HARRY HOBBS,,CAST OCEAN,48103-0000,22,0,-22,RECEIVED,,,NEED 20,11/11/2025,11/17,TRIVANTAGE NC,,,,,MONTZE,
11/10/2025,1403,,HARRY HOBBS,,SAPPHIRE BLUE ONLY MARINE,4641-0000,4,0,-4,RECEIVED,,,NEED 4,11/11/2025,11/12,TRIVANTAGE CALI,,,,,MONTZE,
11/10/2025,1404,,FRED HERMANN,,CANVAS WHITE,57003-0000,110,11,-99,RECEIVED,,,NEED 110,11/11/2025,11/12,KEYSTON,,,,,LORI,
11/10/2025,1404,,FRED HERMANN,,CANVAS BLACK,5408-0000,8,0,-8,RECEIVED,,,NEED 10,11/11/2025,11/12,TRIVANTAGE CALI,,,,,MONTZE,
11/11/2025,1358,,CHRIS ZUNIGA,,SHADOW SNOW,51000-0000,20,4,-16,RECEIVED,,,NEED 20,11/11/2025,11/12,KEYSTON,,,,,LORI,
11/12/2025,1390,,CHRIS TORTORELLO,,CANVAS WHITE,57003-0000,3,11,8,IN STOCK,,,,,,,,,,,,
11/12/2025,1405,,WARR TAMIE HAYNIE,,METAMORPHIC SNOW,46094-0001,20,57,37,RECEIVED,,,NEED 20,11/14/2025,11/19,TRIVANTAGE CALI,,,,,,
11/12/2025,STOCK,,CCPATIO 32 STOCK,,CHARTRES SILK,45864-0082,,0,0,RECEIVED,,,WAS ORDER 40,,11/12,GLEN RAVEN,,,,,,
11/12/2025,STOCK,,CCPATIO 32 STOCK,,METAMORPHIC SAND,46094-0002,,11,11,RECEIVED,,,WAS ORDER 40,,11/12,GLEN RAVEN,,,,,,
11/12/2025,STOCK,,CCPATIO 32 STOCK,,METAMORPHIC FOG,46094-0003,,81,81,RECEIVED,,,WAS ORDER 40,,11/12,GLEN RAVEN,,,,,,
11/12/2025,STOCK,,CCPATIO 32 STOCK,,METAMORPHIC LAGOON,46094-0005,,62,62,RECEIVED,,,WAS ORDER 40,,11/12,GLEN RAVEN,,,,,,
11/12/2025,STOCK,,CCPATIO 32 STOCK,,PIQUE FLAX,40421-0002,,31,31,RECEIVED,,,WAS ORDER 60,,11/12,GLEN RAVEN,,,,,,
11/12/2025,STOCK,,CCPATIO 32 STOCK,,CRUSH ASH,42101-0004,,29,29,RECEIVED,,,WAS ORDER 40,,11/12,GLEN RAVEN,,,,,,
11/12/2025,STOCK,,CCPATIO 32 STOCK,,CANVAS HEATHER BEIGE,5476-0000,,47,47,RECEIVED,,,WAS ORDER 60,,11/12,GLEN RAVEN,,,,,,
11/12/2025,STOCK,,CCPATIO 32 STOCK,,CANVAS WHITE,57003-0000,,11,11,RECEIVED,,,WAS ORDER 60,,11/12,GLEN RAVEN,,,,,,
11/12/2025,STOCK,,CCPATIO 32 STOCK,,LEAF STRUCTURE CLOUD,146419-0001,,71,71,RECEIVED,,,WAS ORDER  110,,11/12,GLEN RAVEN,,,,,,
11/12/2025,STOCK,,CCPATIO 32 STOCK,,DUMONT STUCCO,305825-0002,,64,64,RECEIVED,,,WAS ORDER 45,,11/12,GLEN RAVEN,,,,,,
11/12/2025,STOCK,,CCPATIO 32 STOCK,,CRUSH SNOW,42101-0001,,0,0,RECEIVED,,,WAS ORDER 40,,11/12,GLEN RAVEN,,,,,,
11/14/2025,1406,,JANE MILLER,,DUPIONE DEEP DEA,8019-0000,3,0,-3,RECEIVED,,,NEED 3 YDS,11/14/2025,11/17,KEYSTON PHOENIX,,,,,LORI,
11/14/2025,1406,,JANE MILLER,,FISCHER LAGOON,45885-0000,3,36,33,IN STOCK,,,,,,,,,,,,
11/19/2025,1410,,VAL-TODD CARPENTER,,METAMORPHIC SNOW,46094-0001,7,57,50,RECEIVED,,,NEED 7,11/24/2025,11/26,TRIVANTANGE CALI,,,,,,
11/19/2025,1410,,VAL-TODD CARPENTER,,POSH SAPPHIRE,44157-0053,2,22,20,IN STOCK,,,,,,,,,,,,
11/19/2025,1410,,VAL-TODD CARPENTER,,KINDLE INDIGO,145666-0004,14,12,-2,RECEIVED,,,NEED 14,11/24/2025,11/26,TRIVANTANGE CALI,,,,,,
11/19/2025,1410,,VAL-TODD CARPENTER,,SPECTRUM INDIGO,48080-0000,3,2,-1,RECEIVED,,,NEED 3,11/24/2025,11/25,KEYSTON,,,,,LORI,
11/19/2025,1410,,VAL-TODD CARPENTER,,CANVAS NAVY,5439-0000,2,8,6,IN STOCK,,,,,,,,,,,,
11/19/2025,1376,,REDO ROXANN FREDERICK,,CANVAS TEAK,5488-0000,20,3,-17,RECEIVED,,,NEED 25,11/19/2025,11/20,KEYSTON,,,,,LORI,
11/20/2025,1413,,JEANIE SMITH,,LEAF STRUCTURE CLOUD,46094-0001,111,71,-40,IN STOCK,,,,,,,,,,,,
11/20/2025,1410,,VAL AND TODD CARPENTER,,METAMORPHIC SNOW,46094-0001,7,57,50,RECEIVED,,,23 CALIFORNIA,11/20/2025,11/24,TRIVANTAGE,$40.62,,,,,
11/20/2025,1410,,VAL AND TODD CARPENTER,,KINDLE INDIGO,145666-0004,14,12,-2,RECEIVED,,,NEED 14,11/20/2025,11/24,TRIVANTAGE,$34.57,,,,,
11/20/2025,1410,,VAL AND TODD CARPENTER,,SPECTRUM INDIGO,48080-0000,3,2,-1,RECEIVED,,,NEED 3,11/20/2025,11/24,TRIVANTAGE,$16.13,,,,,
11/20/2025,1410,,VAL AND TODD CARPENTER,,CANVAS NAVY,5439-0000,2,8,6,IN STOCK,,,,,,,,,,,,
11/24/2025,1412,,BONIE LEWIS,,UNDERCURRENT LAGOON,47203-0003,15,0,-15,RECEIVED,,,NEED 15,11/24/2025,11/26,TRIVANTANGE CALI,,,,,,
11/24/2025,1412,,BONIE LEWIS,,DUPIONE DEEP DEA,8019-0000,8,0,-8,RECEIVED,,,NEED 10,11/24/2025,11/25,KEYSTON,,,,,LORI,
11/24/2025,1414,,RAMIN SALARI,,SPECTRUM CARBON,48085-0000,43,5,-38,RECEIVED,,,NEED 45,11/24/2025,11/25,KEYSTON,,,,,LORI,
11/24/2025,1414,,RAMIN SALARI,,FREQUENCY PARCHMENT,56093-0000,26,5,-21,RECEIVED,,,NEED 10,11/24/2025,12/1,AMAZON,,,,,DISCONTINUED,
11/24/2025,1414,,RAMIN SALARI,,CANVAS BLACK,5408-0000,7,0,-7,RECEIVED,,,NEED 7,11/24/2025,11/25,KEYSTON,,,,,LORI,
11/24/2025,1414,,RAMIN SALARI,,CRUSH SNOW,42101-0001,36,0,-36,IN STOCK,,,,,,,,,,,,
11/24/2025,1415,,CHRIS WHEELER,,LINVILLE SPA,145707-0013,5,34,29,RECEIVED,,,NEED 5,11/24/2025,12/1,TRIVANTANGE NC,,,,,,
11/24/2025,1416,,LORI MACDONALD,,SPECTRUM CARBON,48085-0000,14,5,-9,RECEIVED,,,NEED 15,11/26/2025,12/1,KEYSTON,,,,,LORI,
11/24/2025,1416,,LORI MACDONALD,,CANVAS WHITE,57003-0000,15,11,-4,IN STOCK,,,,,,,,,,,,
11/24/2025,1416,,LORI MACDONALD,,CABANA CLASSIC,58030-0000,12,0,-12,RECEIVED,,,NEED 15,11/26/2025,12/1,KEYSTON,,,,,LORI,
11/24/2025,1416,,LORI MACDONALD,,POSH SAPPHIRE,44157-0053,10,22,12,IN STOCK,,,,,,,,,,,,
11/24/2025,1417,,PERKINS COIE-WARRANTY,,METAMORPHIC SAND,46094-0002,6,11,5,IN STOCK,,,,,,,,,,,,
11/24/2025,1418,,KEVIN HUNT,,HERITAGE PAPYRUS,18006-0000,32,21,-11,IN STOCK,,,,,,,,,,,,
11/24/2025,1418,,KEVIN HUNT,,METAMORPHIC LAGOON,46094-0005,13,62,49,IN STOCK,,,,,,,,,,,,
11/25/2025,STOCK,,CCPATIO 32 STOCK,,MIDORI STONE,145256-0005,,0,0,RECEIVED,,,RECEIVED 40,,11/25,GLEN RAVEN,,,,,,
11/25/2025,STOCK,,CCPATIO 32 STOCK,,CRUSH ASH,42101-0004,,29,29,RECEIVED,,,RECEIVED 40,,11/25,GLEN RAVEN,,,,,,
11/25/2025,STOCK,,CCPATIO 32 STOCK,,METAMORPHIC CLOUD,46094-0006,,23,23,RECEIVED,,,RECEIVED 40,,11/25,GLEN RAVEN,,,,,,
11/25/2025,STOCK,,CCPATIO 32 STOCK,,KINDLE SILK,145666-0002,,73,73,RECEIVED,,,RECEIVED 40,,11/25,GLEN RAVEN,,,,,,
11/25/2025,STOCK,,CCPATIO 32 STOCK,,POSH SAPPHIRE,44157-0053,,22,22,RECEIVED,,,RECEIVED 60,,11/25,GLEN RAVEN,,,,,,
11/25/2025,STOCK,,CCPATIO 32 STOCK,,CASSAVA SLATE,44496-0004,,3,3,RECEIVED,,,RECEIVED 44.4,,11/25,GLEN RAVEN,,,,,,
11/25/2025,STOCK,,CCPATIO 32 STOCK,,METAMORPHIC FOG,46094-0003,,81,81,RECEIVED,,,RECEIVED 74.5,,11/25,GLEN RAVEN,,,,,,
11/25/2025,STOCK,,CCPATIO 32 STOCK,,METAMORPHIC LAGOON,46094-0005,,62,62,RECEIVED,,,RECEIVED 34,,11/25,GLEN RAVEN,,,,,,
11/26/2025,1419,,KEVIN PFISTER,,METAMORPHIC SNOW,46094-0001,25,57,32,RECEIVED,,,NEED 13 PENDING 12,11/26/2025,12/2,TRIVANTAGE NC,$40.62,,,,UNTIL FEB .,
11/26/2025,1419,,KEVIN PFISTER,,VALLEY SEDONA,146597-0010,7,0,-7,RECEIVED,,,NEED 7,11/26/2025,12/1,TRIVANTAGE CALI,$30.36,,,,,
11/26/2025,1419,,KEVIN PFISTER,,BLISS DEW,48135-0014,2,1,-1,RECEIVED,,,NEED 2 ON BACK ORDER,11/26/2025,12/2,KEYSTON,,,,,LORI,
11/26/2025,1419,,KEVIN PFISTER,,LITCHFIELD SAGE,42011-0025,4,0,-4,RECEIVED,,,NEED 4,11/26/2025,12/2,TRIVANTAGE NC,$47.96,,,,,
11/26/2025,1419,,KEVIN PFISTER,,CANVAS PERSIMMON,57013-0000,4,5,1,RECEIVED,,,NEED 10,11/26/2025,12/1,KEYSTON,,,,,LORI,
11/26/2025,1419,,KEVIN PFISTER,,LEAF STRUCTURE SAND,146419-0002,22,3,-19,RECEIVED,,,NEED 22,11/26/2025,12/1,TRIVANTAGE CALI,$38.77,,,,,
11/26/2025,1420,,GENCUSH: KONA VILLAGE,,REVIVE SAND,11500-0003,37,0,-37,RECEIVED,,,KEYSTON 37YDS,12/1/2025,12/2,KEYSTON PHX,,,,,LORI,
11/26/2025,1420,,GENCUSH: KONA VILLAGE,,REVIVE SAND,11500-0003,120,0,-120,RECEIVED,,,NEED 120,12/2/2025,12/11,GLEN RAVEN,,,,,PORTAL,
11/26/2025,1421,,GREG-SUSAN CONGER WARR,,CANVAS WHITE,57003-0000,6,11,5,IN STOCK,,,,,,,,,,,,
11/26/2025,1421,,GREG-SUSAN CONGER WARR,,SHORE CLASSIC,58033-0000,3,3,0,IN STOCK,,,,,,,,,,,,
11/26/2025,1421,,GREG-SUSAN CONGER REGULAR,,CANVAS BLACK,5408-0000,7,0,-7,RECEIVED,,,NEED 10,11/26/2025,12/1,KEYSTON,,,,,LORI,
11/26/2025,1421,,GREG-SUSAN CONGER REGULAR,,CANVAS WHITE,57003-0000,8,11,3,IN STOCK,,,,,,,,,,,,
11/26/2025,1421,,GREG-SUSAN CONGER REGULAR,,SHORE CLASSIC,58033-0000,2,3,1,IN STOCK,,,,,,,,,,,,
11/26/2025,1422,,JENN DAVIS,,PASHIMA STERLING,290-06,4,0,-4,IN STOCK,,,**FABRIC BY CUSTOMER: 2 ORDERS,,,,,,,,,
12/2/2025,1424,,MORGAN RESIDENCE,,MAINSTREET DOVE,42048-0015,37,0,-37,RECEIVED,,,NEED 37,12/2/2025,12/11,GLEN RAVEN,$23.93,,,,,
12/2/2025,1424,,MORGAN RESIDENCE,,PASHIMA TEAL,40501-0003,10,0,-10,RECEIVED,,,NEED 10,12/2/2025,12/8,TRIVANTAGE NC,$35.43,,,,,
12/2/2025,1424,,MORGAN RESIDENCE,,PASHMINA TEAL,40501-0003,10,0,-10,RECEIVED,,,NEED 10 TO COMPLETE,1/15/2026,1/20,TRIVANTAGE NC,$19.99,,,,,
12/2/2025,1424,,MORGAN RESIDENCE,,CHARTRES TRUFFLE,45864-0103,37,7,-30,RECEIVED,,,NEED 37,12/2/2025,12/8,TRIVANTAGE,$35.30,,,,OUT STOCK AT GLEN RAVEN,
12/2/2025,1425,,TANNER HERRICK,,METAMORPHIC SNOW,46094-0001,39,57,18,RECEIVED,,,MIA ORDER AT GLEN RAVEN 80...RECEIVED 29 ON 12/22 & 40 ON 01/09/26,12/2/2025,12/22,GLEN RAVEN,,,,,UNTIL LAST WEEK FEB,
12/2/2025,1425,,TANNER HERRICK,,PEYTON GRANITE,56075-0000,2,0,-2,RECEIVED,,,NEED 2,12/2/2025,12/8,TRIVANTAGE CALI,,,,,,
12/2/2025,1425,,TANNER HERRICK,,CAPRA II SHADOW,145601-0001,1,0,-1,RECEIVED,,,NEED 1,12/2/2025,12/8,TRIVANTAGE CALI,,,,,,
12/2/2025,1425,,TANNER HERRICK,,CANVAS BLACK,5408-0000,3,0,-3,RECEIVED,,,NEED 15,12/2/2025,12/8,TRIVANTAGE CALI,,,,,,
12/2/2025,1425,,TANNER HERRICK,,CASSAVA WHITE,44496-0001,17,0,-17,RECEIVED,,,NEED 17,12/2/2025,12/8,TRIVANTAGE CALI,,,,,,
12/2/2025,1425,,TANNER HERRICK,,DUMONT STUCCO,305825-0002,33,64,31,RECEIVED,,,HAVE 14**NEED 14,1/14/2026,1/19,TRIV CITY IND,$29.05,,,,MICHELLE,
12/2/2025,1425,,TANNER HERRICK,,KINDLE SILK,145666-0002,2,73,71,IN STOCK,,,,,,,,,,,,
12/2/2025,1425,,TANNER HERRICK,,BLEND LINEN,16001-0014,2,0,-2,RECEIVED,,,NEED 2,12/2/2025,12/8,TRIVANTAGE CALI,,,,,,
12/2/2025,1425,,TANNER HERRICK,,DIRECTION LINEN,40599-0001,2,3,1,RECEIVED,,,NEED 2,12/2/2025,12/8,TRIVANTAGE CALI,,,,,,
12/2/2025,1426,,REDO-ERIC THOMPSON,,PIAZZA PEBBLE,305423-0008,12,0,-12,RECEIVED,,,NEED 12,12/2/2025,12/8,TRIVANTAGE CALI,$30.23,,,,ANGIE,
12/2/2025,1425,,TANNER HERRICK,,DUMONT STUCCO,305825-0002,33,64,31,RECEIVED,,,NEED 10 TO COMPLETE,1/20/2026,1/26,TRI NC,$29.05,,,,ANGIE,
12/3/2025,1427,,WARR-KARYN GERBER,,CASSAVA COPPER,44496-0005,25,5,-20,RECEIVED,,,NEED 25,12/3/2025,12/8,TRIVANTAGE CALI,,,,,,
12/3/2025,1427,,WARR-KARYN GERBER,,ESTI LIMESTONE,44349-0027,5,3,-2,RECEIVED,,,NEED 5,12/3/2025,12/8,TRIVANTAGE CALI,,,,,,
12/3/2025,1427,,WARR-KARYN GERBER,,CAST CHARCOAL,40483-0001,1,0,-1,RECEIVED,,,NEED 1,12/3/2025,12/8,TRIVANTAGE CALI,,,,,,
12/3/2025,1427,,WARR-KARYN GERBER,,METAMORPHIC FOG,46094-0003,51,81,30,IN STOCK,,,,,,,,,,,,
12/3/2025,1427,,WARR-KARYN GERBER,,ESTI LAGOON,44349-0004,6,5,-1,RECEIVED,,,NEED 6,12/3/2025,12/8,TRIVANTAGE CALI,,,,,,
12/3/2025,1427,,WARR-KARYN GERBER,,CASSAVA INDIGO,44496-0008,5,4,-1,RECEIVED,,,NEED 5,12/3/2025,12/8,TRIVANTAGE CALI,,,,,,
12/4/2025,1428,,SHOWROOM MILAN-12-12-25,,CRUSH ASH,42101-0004,84,29,-55,IN STOCK,,,,,,,,,,,,
12/4/2025,1428,,SHOWROOM MILAN-12-12-25,,LEAF STRUCTURE CLOUD,146419-0001,7,71,64,IN STOCK,,,,,,,,,,,,
12/4/2025,1428,,SHOWROOM MILAN-12-12-25,,UNDERCURRENT STORM,47203-0002,2,0,-2,RECEIVED,,,NEED 5,12/8/2025,12/10,TRIVANTAGE CALI,,,,,MICHELLE,
12/4/2025,1428,,SHOWROOM MILAN-12-12-25,,CANVAS CHARCOAL,54048-0000,2,3,1,IN STOCK,,,,,,,,,,,,
12/4/2025,1429,,SOLANA BEACH SHOWROOM 12-15-25,,CRUSH SNOW,42101-0001,40,0,-40,RECEIVED,,,NEED 40,12/4/2025,12/9,TRIVANTAGE NC,,,,,,
12/4/2025,1429,,SOLANA BEACH SHOWROOM 12-15-25,,POSH SAPPHIRE,44157-0053,17,22,5,IN STOCK,,,,,,,,,,,,
12/4/2025,1429,,SOLANA BEACH SHOWROOM 12-15-25,,CASSAVA INDIGO,44496-0008,8,4,-4,RECEIVED,,,NEED 8,12/8/2025,12/10,TRIVANTAGE CALI,,,,,MICHELLE,
12/4/2025,1429,,SOLANA BEACH SHOWROOM 12-15-25,,DUMONT STUCCO,305825-0002,37,64,27,IN STOCK,,,,,,,,,,,,
12/4/2025,1429,,SOLANA BEACH SHOWROOM 12-15-25,,KINDLE SILK,145666-0002,13,73,60,IN STOCK,,,,,,,,,,,,
12/4/2025,1429,,SOLANA BEACH SHOWROOM 12-15-25,,LEAF STRUCTURE CLOUD,146419-0001,15,71,56,IN STOCK,,,,,,,,,,,,
12/4/2025,1429,,SOLANA BEACH SHOWROOM 12-15-25,,HERITAGE CHAR,18009-0000,10,12,2,RECEIVED,,,NEED 10,12/12/2025,12/12,KEYSTON PHX,,,,,*RAY TAKE VAN TO DELIVER,
12/4/2025,1429,,SOLANA BEACH SHOWROOM 12-15-25,,CRUSH SNOW,42101-0001,4,0,-4,IN STOCK,,,,,,,,,,,,
12/4/2025,1429,,SOLANA BEACH SHOWROOM 12-15-25,,MAINSTREET LATTE,42048-0009,4,10,6,RECEIVED,,,NEED 20,12/10/2025,12/11,KEYSTON PHX,$32.46,,,,,
12/9/2025,1430,,CHRIS WHEELER-RUSH,,DETAIL LINEN,146003-0001,3,2.5,-0.5,IN STOCK,,,,,,,,,,,,
12/10/2025,1432,,SHANNON ORR,,CHARMER DESERT,42111-0005,40,7,-33,RECEIVED,,,"NEED 40, ORDER BY MIA.. RECEIVED 45",,12/22,GLEN RAVEN,$22.09,,,,ORDER BY MIA,
12/10/2025,1432,,SHANNON ORR,,VALLEY DUNE,146597-0006,15,0,-15,RECEIVED,,,NEED 15,12/10/2025,12/16,TRIVANTAGE NC,,,,,GRACE,
12/10/2025,1432,,SHANNON ORR,,CHARMER PARCHMENT,42111-0001,35,8,-27,RECEIVED,,,NEED 35.. RECEIVED 45,,12/22,GLEN RAVEN,$22.09,,,,ORDER BY SERGIO,
12/11/2025,STOCK,,CCPATIO 32 STOCK,,CASSAVA SLATE,44496-0004,,3,3,RECEIVED,,,RECEIVED 15.8,,12/11,GLEN RAVEN,,,,,,
12/12/2025,1433,,GARY WOODWARD 1 of 2,,KINDLE SILK,145666-0002,14,73,59,IN STOCK,,,,,,,,,,,,
12/12/2025,1433,,GARY WOODWARD 1 of 2,,CANVAS TAUPE,5461-0000,10,4,-6,RECEIVED,,,NEED 10,12/12/2025,12/15,KEYSTON PHX,,,,,LORI,
12/12/2025,1433,,GARY WOODWARD 1 of 2,,CANVAS TAUPE,5461-0000,10,4,-6,RECEIVED,,,NEED 10,1/13/2026,1/15/2026,KEYSTON PHX,,,,,ELIAH,
12/12/2025,1434,,MADONA KAKISH,,UNDERCURRENT SAND,47203-0001,75,0,-75,RECEIVED,,,NEED 75---RECEIVED  90YDS,12/15/2025,2/2,GLEN RAVEN,$25.64,,,,ONLINE,
12/12/2025,1434,,MADONA KAKISH,,CANVAS CANVAS,5453-0000,65,16,-49,RECEIVED,,,NEED 65,12/15/2025,12/16,KEYSTON PHX,$15.38,,,,LORI,
12/12/2025,1434,,MADONA KAKISH,,SPECTRUM MUSHROOM,48031-0000,4,0,-4,RECEIVED,,,NEED 5,12/15/2025,12/16,KEYSTON PHX,$13.85,,,,LORI,
12/17/2025,1436,,STEVEN STUDENT,,LUXE INDIGO,45690-0000,33,13,-20,RECEIVED,,,NEED 30,12/17/2025,1/8,GLEN RAVEN,,$23.45,,,PORTAL,
12/17/2025,1436,,STEVEN STUDENT,,CANVAS NAVY,5439-0000,24,8,-16,RECEIVED,,,NEED 15,12/17/2025,1/8,GLEN RAVEN,$17.76,$13.02,,,PORTAL,
12/17/2025,1436,,STEVEN STUDENT,,STANTON LAGOON,58001-0000,14,0,-14,IN STOCK,,,,,,,,,,,,
12/17/2025,1435,,WILLIAM BETTS,,CRUSH SNOW,42101-0001,29,0,-29,RECEIVED,,,NEED 25,12/17/2025,12/22,TRIVANTAGE NC,$34.52,$21.21,,,,
12/17/2025,1435,,WILLIAM BETTS,,SHIBORI CLASSIC,145360-0011,33,9,-24,RECEIVED,,,NEED 33,12/17/2025,12/22,TRIVANTAGE CALI,$33.53,$20.63,,,,
12/19/2025,1437,,JUDY PELHAM,,CANVAS NAVY,5439-0000,3,8,5,IN STOCK,,,,,,,,,,,,
12/19/2025,1437,,JUDY PELHAM,,ADAPTATION INDIGO,69010-0004,2,4,2,IN STOCK,,,,,,,,,,,,
12/22/2025,STOCK,,CCPATIO 32 STOCK,,METAMORPHIC SAND,46094-0002,,11,11,RECEIVED,,,RECEIVED 40 YDS,12/22/2025,12/22,GLEN RAVEN,,,,,,
12/22/2025,STOCK,,CCPATIO 32 STOCK,,HERITAGE PAPYRUS,18006-0000,,21,21,RECEIVED,,,RECEIVED 60 YDS,12/22/2025,12/22,GLEN RAVEN,,,,,,
12/22/2025,STOCK,,CCPATIO 32 STOCK,,CRUSH ASH,42101-0004,,29,29,RECEIVED,,,RECEIVED 42 YDS,12/22/2025,12/22,GLEN RAVEN,,,,,,
12/29/2025,1444,,SHANE MEHRER RIVER RANCH AT HILTON,,KINDLE INDIGO,145666-0004,50,12,-38,RECEIVED,,,ORDER 40,1/12/2026,2/18,GLEN RAVEN,$34.57,$21.21,,,PORTAL/MICHELLE,
12/29/2025,1444,,SHANE MEHRER RIVER RANCH AT HILTON,,KINDLE INDIGO,145666-0004,50,12,-38,RECEIVED,,,ORDER 10 THEY HAVE ON STOCK,1/12/2026,1/14/2026,TRIVANTAGE CALIF,,$34.57,,,,
12/29/2025,1444,,SHANE MEHRER RIVER RANCH AT HILTON,,"60"" OYSTER AWNING/MARINE",6042-0000,366,0,-366,CANCEL,,,NEED 360,1/12/2026,3-5 DAYS,TRIVANTAGE LA & MIAMI,$18.52,,,,MICHELLE,
12/29/2025,1444,,SHANE MEHRER RIVER RANCH AT HILTON,,"60"" SKY BLUE AWNING/MARINE",6024-0000,364,0,-364,CANCEL,,,NEED 360,1/12/2026,3-5 DAYS,TRIVANTAGE LA & MIAMI,$18.52,,,,MICHELLE,
12/29/2025,1444,,SHANE MEHRER RIVER RANCH AT HILTON,,UNDERCURRENT TIDE,47203-0004,14,0,-14,RECEIVED,,,NEED 14,1/12/2026,1/14/2026,TRIVANTAGE CALIF,,$42.48,,,,
12/29/2025,1444,,SHANE MEHRER RIVER RANCH AT HILTON,,BLEND INDIGO,16001-0001,240,30,-210,RECEIVED,,,ORDER 240,1/12/2026,2/5/2026,GLEN RAVEN,,$20.42,,,PORTAL,
12/29/2025,1444,,SHANE MEHRER RIVER RANCH AT HILTON,,"60"" SKY BLUE AWNING/MARINE",6024-0000,33,0,-33,RECEIVED,,,NEED 33 PROTOTYPE,1/19/2026,1/26/2026,TRIVANTAGE LA & MIAMI,$18.52,,,,MICHELLE,
12/31/2025,1443,,WARR-NALINI GANGADHAR,,CASSAVA WHITE,44496-0001,,0,0,RECEIVED,,,SCOTTSD STORE ORDER 60YDS,12/31/2025,2/9,GLEN RAVEN,,,,,,
1/5/2026,1433,,GARY WOODWARD 2 of 2,,CANVAS TAUPE,5461-0000,10,4,-6,RECEIVED,,,NEED 10,1/12/2026,1/14/2026,TRIVANTAGE CALIF,,$17.76,,,,
1/12/2026,STOCK,,NEW UNDER MESH FOR NEW FABRIC,,"SUNTEX 95 126"" WHITE",903143,,0,0,CANCEL,,,NEED 60YDS TO SAVE FROM 45 TO 35,1/12/2026,,TRIVANTAGE CALI,$35.46,3-4 DAYS,,,MICHELLE,
1/12/2026,STOCK,,NEW UNDER MESH FOR NEW FABRIC,,"SUNTEX 95 126"" BLACK",903145,,0,0,CANCEL,,,NEED 60YDS TO SAVE FROM 45 TO 35,1/12/2026,,TRIVANTAGE CALI,$35.46,3-4 DAYS,,,MICHELLE,
1/12/2026,STOCK,,NEW UNDER MESH FOR NEW FABRIC,,"SUNTEX 95 126"" SAND",903147,,0,0,CANCEL,,,NEED 60YDS TO SAVE FROM 45 TO 35,1/12/2026,,TRIVANTAGE CALI,$35.46,3-4 DAYS,,,MICHELLE,
1/12/2026,1441,,SCOTT STRATMANN,,EMBRACE INDIGO,145849-0003,7,3,-4,RECEIVED,,,NEED 5 TO COMPLETE,1/14/2026,1/14/2026,KEYSTON PHX,$21.20,,,$21.20,MARCO,
1/12/2026,1441,,SCOTT STRATMANN,,CHARTRES RAINFALL,45864-0106,2,0,-2,RECEIVED,,,NEED 2,1/14/2026,1/19,TRIV CITY IND,$35.30,,,,MICHELLE,
1/12/2026,1447,,ERIC LISA WOODARD,,DUMONT STUCCO,305825-0002,13,64,51,RECEIVED,,,NEED 3 TO COMPLETE,1/14/2026,1/19,TRIV CITY IND,$29.05,,,,MICHELLE,
1/12/2026,1447,,ERIC LISA WOODARD,,CANVAS NAVY,5439-0000,1,8,7,IN STOCK,,,,,,,,,,,,
1/12/2026,1447,,ERIC LISA WOODARD,,KINDLE SILK,145666-0002,2,73,71,IN STOCK,,,,,,,,,,,,
1/12/2026,1447,,ERIC LISA WOODARD,,ESTI MARINE,44349-0028,2,4,2,IN STOCK,,,,,,,,,,,,
1/12/2026,1439,,TIFFANY HERTER,,LITCHFIELD MIDNIGHT,42011-0023,93,7,-86,RECEIVED,,,NEED 90,1/14/2026,1/20,TRIV NC,$45.09,,,,MICHELLE,
1/12/2026,1439,,TIFFANY HERTER,,ARRAY DUNE,145654-0001,39,0,-39,RECEIVED,,,NEED 10 TO COMPLETE,1/14/2026,1/14/2026,KEYSTON PHX,$27.30,,,$27.30,MARCO,
1/12/2026,1439,,TIFFANY HERTER,,SPECTRUM MUSHROOM,48031-0000,4,0,-4,IN STOCK,,,,,,,,,,,,
1/12/2026,1439,,TIFFANY HERTER,,ARRAY DUNE,145654-0001,39,0,-39,RECEIVED,,,NEED 20 TO COMPLETE,1/14/2026,1/19,TRIV CITY IND,$34.46,,,,MICHELLE,
1/13/2026,STOCK,,CCPATIO 32 STOCK,,LEAF STRUCTURE CLOUD,146419-0001,,71,71,RECEIVED,,,RECEIVED 55 YDS,1/12/2026,,GLEN RAVEN,,,,,,
1/13/2026,1446,,LYNTON KOTZIN,,CANVAS TAUPE,5461-0000,2,4,2,IN STOCK,,,,,,,,,,,,
1/13/2026,1450,,LINDA WENDFELDT,,SPECTRUM CARIBOU,48083-0000,20,3,-17,RECEIVED,,,NEED 18 TO COMPLETE,1/14/2026,1/14/2026,KEYSTON PHX,$13.90,,,$13.90,MARCO,
1/13/2026,1450,,LINDA WENDFELDT,,GAVIN MIST,56052-0000,39,15,-24,RECEIVED,,,NEED 39,1/14/2026,1/14/2026,KEYSTON PHX,$16.30,,,$16.30,MARCO,
1/13/2026,1450,,LINDA WENDFELDT,,SPECTRUM MUSHROOM,48031-0000,2,0,-2,RECEIVED,,,NEED 2,2/4/2026,2/9,TRIV CD INDUSTRY,$16.13,,,,MICHELLE,
1/13/2026,1450,,LINDA WENDFELDT,,CANVAS VELLUM,5498-0000,4,0,-4,RECEIVED,,,NEED 4,1/14/2026,1/14/2026,KEYSTON PHX,$15.40,,,$15.40,MARCO,
1/13/2026,1449,,RUTH STUMPF,,DUMONT STUCCO,305825-0002,12,64,52,RECEIVED,,,NEED 12,1/14/2026,1/19,TRIV CITY OF IND,$29.05,,,,MICHELLE,
1/13/2026,1449,,RUTH STUMPF,,LEAF STRUCTURE SAND,146419-0002,15,3,-12,RECEIVED,,,NEED 12 TO COMPLETE,1/14/2026,1/19,TRIV CITY OF IND,$38.67,,,,MICHELLE,
1/13/2026,1448,,WARR-CLYDE AND SUMEET MENDOCA,,METAMORPHIC LAGOON,46094-0005,36,62,26,IN STOCK,,,RESERVADAS 34 EN D14,,,,,,,,,
1/13/2026,1448,,WARR-CLYDE AND SUMEET MENDOCA,,MOUNTAINS SNOW,72011-0001,66,19,-47,RECEIVED,,,NEED 66 YDS----34 TRI CITY IND.,1/14/2026,1/19,TRIV CITY OF IND,$44.32,,,,MICHELLE,
1/13/2026,1452,,DOUG TURNER,,METAMORPHIC FOG,46094-0003,15,81,66,IN STOCK,,,RESERVADAS 23 EN B09,,,,,,,,,
1/13/2026,1448,,WARR-CLYDE AND SUMEET MENDOCA,,MOUNTAINS SNOW,72011-0001,66,19,-47,RECEIVED,,,NEED 66 YDS----36 TRI NC,,1/20,TRIV NC,$44.32,,,,MONSE,
1/13/2026,1452,,DOUG TURNER,,ESTI ONYX,44349-0024,9,1,-8,RECEIVED,,,NEED 9 YDS,1/14/2026,1/19,TRIV CITY OF IND,$28.07,,,,MICHELLE,
1/13/2026,1452,,DOUG TURNER,,EMBRACE LINEN,145849-0002,4,2,-2,RECEIVED,,,NEED 3 TO COMPLETE,1/14/2026,1/14/2026,KEYSTON PHX,$21.20,,,$21.20,MARCO,
1/13/2026,1453,,ANDREW DUNN,,SPECTRUM DENIM,48086-0000,16,0,-16,RECEIVED,,,NEED 10 TO COMPLETE,1/14/2026,1/14/2026,KEYSTON PHX,$13.90,,,$13.90,MARCO,
1/13/2026,1453,,ANDREW DUNN,,ENRICH INDIGO,44341-0001,3,0,-3,RECEIVED,,,NEED 3YDS,1/14/2026,1/21,OUTDOOR FABRIC,$41.51,DISCONT.,,DISCONT.,ONLINE Order # OFC37870,
1/13/2026,1433,,LYNTON KOTZIN,,CANVAS TAUPE,5461-0000,10,4,-6,RECEIVED,,,NEED 10 TO COMPLETE,1/14/2026,1/19,TRIV CITY OF IND,$17.76,,,,MONSE,
1/15/2026,1454,,SOLANA BEACH SHOWROOM 1-16-26,,COAST FEATHER,640-5968,,23,23,RECEIVED,,,ORDER BY MIA,,1/21,ULTRAFABRICS,,,,,,
1/15/2026,1454,,SOLANA BEACH SHOWROOM 1-16-26,,METAMORPHIC FOG,46094-0003,3,81,78,IN STOCK,,,,,,,,,,,,
1/15/2026,1454,,SOLANA BEACH SHOWROOM 1-16-26,,ESTI LIMESTONE,44349-0027,2,3,1,RECEIVED,,,NEED 3,1/15/2026,1/20,TRIV-CD IND.,$28.07,,,,GRACE,
1/15/2026,1454,,SOLANA BEACH SHOWROOM 1-16-26,,CABANA CLASSIC,58030-0000,12,0,-12,RECEIVED,,,NEED 10,1/15/2026,1/20,TRIV-CD IND.,$18.78,,,,GRACE,
1/15/2026,1454,,SOLANA BEACH SHOWROOM 1-16-26,,CANVAS WHITE,57003-0000,3,11,8,IN STOCK,,,,,,,,,,,,
1/15/2026,1454,,SOLANA BEACH SHOWROOM 1-16-26,,SHORE CLASSIC,58033-0000,2,3,1,IN STOCK,,,,,,,,,,,,
1/15/2026,1454,,SOLANA BEACH SHOWROOM 1-16-26,,SPECTRUM CARBON,48085-0000,20,5,-15,RECEIVED,,,NEED 22,1/15/2026,1/20,TRIV-CD IND.,$16.13,,,,GRACE,
1/15/2026,1454,,SOLANA BEACH SHOWROOM 1-16-26,,SAVY ONYX,45889-0009,7,0,-7,RECEIVED,,,NEED 8,1/15/2026,1/20,TRIV-CD IND.,$35.30,,,,GRACE,
1/15/2026,1454,,SOLANA BEACH SHOWROOM 1-16-26,,METAMORPHIC SNOW,46094-0001,22,57,35,IN STOCK,,,,,,,,,,,,
1/15/2026,1454,,SOLANA BEACH SHOWROOM 1-16-26,,CONNECTION ONYX,145153-0000,3,22,19,RECEIVED,,,NEED 4,1/15/2026,1/20,TRIV-CD IND.,$38.68,,,,GRACE,
1/15/2026,1454,,SOLANA BEACH SHOWROOM 1-16-26,,NUANCE CLOUD,400000-0001,10,12,2,RECEIVED,,,NEED 10,1/15/2026,1/20,TRIV-CD IND.,$24.17,,,,GRACE,
1/15/2026,1454,,SOLANA BEACH SHOWROOM 1-16-26,,ASSEMBLE SAND,47246-0001,6,28,22,RECEIVED,,,NEED 6,1/15/2026,1/20,TRIVANTAGE NC,$37.52,,,,GRACE,
1/15/2026,1454,,SOLANA BEACH SHOWROOM 1-16-26,,LIDO INDIGO,57004-0000,13,8,-5,RECEIVED,,,NEED 15,1/15/2026,1/20,TRIV-CD IND.,$18.92,,,,GRACE,
1/15/2026,1454,,SOLANA BEACH SHOWROOM 1-16-26,,LITCHFIELD MIDNIGHT,42011-0023,2,7,5,RECEIVED,,,NEED 3,1/15/2026,1/20,TRIV-CD IND.,$47.96,,,,GRACE,
1/15/2026,1454,,SOLANA BEACH SHOWROOM 1-16-26,,LITCHFIELD SAGE,42011-0025,8,0,-8,RECEIVED,,,NEED 10,1/15/2026,1/20,TRIVANTAGE NC,$47.96,,,,GRACE,
1/15/2026,1454,,SOLANA BEACH SHOWROOM 1-16-26,,HERITAGE LEAF,18011-0000,2,7,5,RECEIVED,,,NEED 3,1/15/2026,1/20,TRIV-CD IND.,$32.51,,,,GRACE,
1/15/2026,1454,,SOLANA BEACH SHOWROOM 1-16-26,,METAMORPHIC SAND,46094-0002,4,11,7,IN STOCK,,,,,,,,,,,,
1/15/2026,1454,,SOLANA BEACH SHOWROOM 1-16-26,,PRECISE FAWN,145602-0006,2,4,2,RECEIVED,,,NEED 4,1/15/2026,1/20,TRIV-CD IND.,$38.77,,,,GRACE,
1/15/2026,1454,,SOLANA BEACH SHOWROOM 1-16-26,,DUMONT STUCCO,305825-0002,8,64,56,IN STOCK,,,,,,,,,,,,
1/19/2026,1455,,PAMM WYNN,,CRUSH ASH,42101-0004,12,29,17,IN STOCK,,,,,,,,,,,,
1/19/2026,1455,,PAMM WYNN,,LEAF STRUCTURE CLOUD,146419-0001,2,71,69,IN STOCK,,,,,,,,,,,,
1/19/2026,1456,,WARR-PATTI PAVEY,,DUMONT STUCCO,305825-0002,70,64,-6,RECEIVED,,,NEED 70---45 from trivantage,1/23/2026,1/28,TRI NC,,,,,GRACE,
1/19/2026,1456,,WARR-PATTI PAVEY,,UNDERCURENT SAND,47203-0001,17,0,-17,RECEIVED,,,NEED 17,1/20/2026,1/26,TRIV CD INDUSTRY,$42.48,,,,ANGIE,
1/19/2026,1456,,WARR-PATTI PAVEY,,KINDLE SILK,145666-0002,7,73,66,IN STOCK,,,,,,,,,,,,
1/19/2026,1456,,WARR-PATTI PAVEY,,CASSAVA CORAL,44496-0009,3,0,-3,RECEIVED,,,NEED 3,1/20/2026,1/26,TRIV CD INDUSTRY,$31.37,,,,ANGIE,
1/19/2026,1456,,WARR-PATTI PAVEY,,METAMORPHIC FOG,46094-0003,3,81,78,IN STOCK,,,,,,,,,,,,
1/19/2026,1444,,SHANE MEHRER RIVER RANCH AT HILTON (PROTOTYPE),,"60"" OYSTER AWNING/MARINE",6042-0000,33,0,-33,RECEIVED,,,ORDER  33 PROTOTYPE,1/19/2026,1/22/2026,TRIVANTAGE,,,,,ANGIE,
1/20/2026,1457,,BRIAN SOSO,,CASSAVA STONE,44496-0002,9,5,-4,RECEIVED,,,NEED 5 TO COMPLETE,1/20/2026,1/26,TRIV CD INDUSTRY,$31.37,,,,ANGIE,
1/20/2026,1458,,STEPHANIE & BRITT EVERS,,LINVILLE PARCHMENT,145707-0006,60,18,-42,RECEIVED,,,"NEED 60 (ORDER 60), RECEIVED 40 ON 1/22 20 ON 01/26",1/20/2026,1/26,TRIV CD INDUSTRY,$36.51,,,,ANGIE,
1/20/2026,1458,,STEPHANIE & BRITT EVERS,,CRUSH CAMEL,42101-0007,7,1,-6,RECEIVED,,,NEED 7,1/20/2026,1/26,TRIV CD INDUSTRY,$34.52,,,,ANGIE,
1/20/2026,1458,,STEPHANIE & BRITT EVERS,,CRUSH ASH,42101-0004,8,29,21,IN STOCK,,,,,,,,,,,,
1/20/2026,1458,,STEPHANIE & BRITT EVERS,,UNDERCURRENT SAND,47203-0001,15,0,-15,RECEIVED,,,NEED 15,1/20/2026,1/26,TRIV CD INDUSTRY,$42.48,,,,ANGIE,
1/20/2026,1459,,BRAD DAVIS,,METAMORPHIC SNOW,46094-0001,36,57,21,RECEIVED,,,NEED 10,1/20/2026,1/26,TRIV CD INDUSTRY,$40.62,,,,ANGIE,
1/20/2026,1459,,BRAD DAVIS,,METAMORPHIC FOG,46094-0003,12,81,69,IN STOCK,,,,,,,,,,,,
1/20/2026,1459,,BRAD DAVIS,,HERITAGE SMOKE,18014-0000,2,0,-2,RECEIVED,,,NEED 2,1/20/2026,1/26,TRIV CD INDUSTRY,$32.51,,,,ANGIE,
1/20/2026,1459,,BRAD DAVIS,,LEAF STRUCTURE CLOUD,146419-0001,2,71,69,IN STOCK,,,,,,,,,,,,
1/20/2026,1459,,BRAD DAVIS,,MIDORI INDIGO,145256-0001,5,0,-5,RECEIVED,,,NEED 2,1/20/2026,1/26,TRIV CD INDUSTRY,$39.78,,,,ANGIE,
1/20/2026,1459,,BRAD DAVIS,,CRUSH ASH,42101-0004,7,29,22,IN STOCK,,,,,,,,,,,,
1/20/2026,1459,,BRAD DAVIS,,ARRAY DUNE,145654-0001,2,0,-2,IN STOCK,,,,,,,,,,,,
1/20/2026,1460,,JOAN AND RANDY RASKIN,,LINVILLE CAMEL,145707-0016,32,40,8,RECEIVED,,,NEED 32,1/20/2026,1/26,TRI NC,$38.84,,,,ANGIE,
1/20/2026,1460,,JOAN AND RANDY RASKIN,,BERENSON TUXEDO,8521-0000,10,65,55,RECEIVED,,,NEED 3,1/20/2026,1/26,TRIV CD INDUSTRY,$20.95,,,,ANGIE,
1/20/2026,1460,,JOAN AND RANDY RASKIN,,CANVAS BLACK,5408-0000,10,0,-10,IN STOCK,,,,,,,,,,,,
1/20/2026,1458,,STEPHANIE & BRITT EVERS,,MIDORI STONE,145256-0005,2,0,-2,IN STOCK,,,,,,,,,,,,
1/20/2026,1458,,STEPHANIE & BRITT EVERS,,DUMONT STUCCO,305825-0002,2,64,62,IN STOCK,,,,,,,,,,,,
1/20/2026,1458,,STEPHANIE & BRITT EVERS,,CRUSH ASH,42101-0004,2,29,27,IN STOCK,,,,,,,,,,,,
1/20/2026,1458,,STEPHANIE & BRITT EVERS,,KINDLE SILK,145666-0002,2,73,71,IN STOCK,,,,,,,,,,,,
1/20/2026,1458,,STEPHANIE & BRITT EVERS,,METAMORPHIC SAND,46094-0002,2,11,9,IN STOCK,,,,,,,,,,,,
1/20/2026,1462,,MILAN-RAYO,,CRUSH ASH,42101-0004,16,29,,RECEIVED,,,NEED 16,1/23/2026,1/27,TRI CD IND,$34.52,,,,ANGIE,
1/21/2026,1461,,RUSTIN GENET (QUALITY POOL),,HERITAGE PAPYRUS,18006-0000,79,21,-58,RECEIVED,,,NEED 60,1/23/2026,1/28,TRI NC,,,,,GRACE,
1/21/2026,1461,,RUSTIN GENET (QUALITY POOL),,ARRAY CARIBBEAN,145654-0003,7,0,-7,RECEIVED,,,NEED 7,1/23/2026,1/29,TRI NC,,,,,GRACE,
1/21/2026,1461,,RUSTIN GENET (QUALITY POOL),,SPECTRUM CAYENNE,48026-0000,2,0,-2,IN STOCK,,,,,,,,,,,,
1/21/2026,1461,,RUSTIN GENET (QUALITY POOL),,ADAPTATION INDIGO,69010-0004,19,4,-15,IN STOCK,,,,,,,,,,,,
1/21/2026,1461,,RUSTIN GENET (QUALITY POOL),,CANVAS NAVY,5439-0000,42,8,-34,RECEIVED,,,NEED 30,1/23/2026,1/29,TRI CD IND,,,,,GRACE,
1/22/2026,STOCK,,CCPATIO 32 STOCK,,DUMONT STUCCO,305825-0002,,64,64,RECEIVED,,,RECEIVED 45 YDS,1/22/2026,,GLEN RAVEN,,,,,,
1/26/2026,1463,,WARR-LINA AND RICH JOHNSTON,,METAMORPHIC SAND,46094-0002,71,11,-60,RECEIVED,,,NEED 71 AVAILABLE 40 AT NC,1/28/2026,2/5,TRI NC,,,,,,
1/26/2026,1463,,WARR-LINA AND RICH JOHNSTON,,METAMORPHIC SAND,46094-0002,71,11,-60,RECEIVED,,,NEED 71 30 ESTAN EN BACK ORDER,1/28/2026,2/4,TRI CD IND,,,,,ON BACK ORDER,
1/26/2026,1463,,WARR-LINA AND RICH JOHNSTON,,METAMORPHIC SNOW,46094-0001,31,57,26,RECEIVED,,,NEED 31,1/28/2026,2/5,TRI NC,,,,,,
1/26/2026,1463,,WARR-LINA AND RICH JOHNSTON,,LEAF STRUCTURE CLOUD,146419-0001,24,71,47,IN STOCK,,,,,,,,,,,,
1/26/2026,1464,,EVA ZIMNY,,KINDLE INDIGO,145666-0004,18,12,-6,RECEIVED,,,NEED 10,1/28/2026,2/2,TRI CD IND,,,,,,
1/26/2026,1464,,EVA ZIMNY,,CANVAS NAVY,5439-0000,21,8,-13,RECEIVED,,,NEED 20,1/28/2026,1/29,KEYSTON,$15.40,,,,,
1/26/2026,1464,,EVA ZIMNY,,REMIX DENIM,48145-0006,3,0,-3,IN STOCK,,,,,,,,,,,,
1/28/2026,1447,,ERIC LISA WOODARD,,ESTI MARINE,44349-0028,2,4,2,RECEIVED,,,NEED 4 TO OMPLETE,1/28/2026,2/2,TRI CD IND,,,,,,
1/28/2026,STOCK,,FOR STOCK,,Nautolex® Underlining Marine WHITE,522288,20,0,-20,RECEIVED,,,RECEIVED 60 YDS ,1/28/2026,2/5,TRI NC,,,,,,
1/29/2026,1425-ADDON,,TANNER HERRICK UPDATE CHAISES,,METAMORPHIC SNOW,46094-0001,20,57,37,RECEIVED,,,NEED 20,2/2/2026,2/4,TRI CD IND,$40.62,,,,TRISHA,
1/29/2026,1425-ADDON,,TANNER HERRICK UPDATE CHAISES,,CANVAS BLACK,5408-0000,4,0,-4,IN STOCK,,,,,,,,,,,,
1/29/2026,1465,,SHANNON ORR-PILLOWS,,VALLEY DUNE,146597-0006,5,0,-5,IN STOCK,,,,,,,,,,,,
2/2/2026,STOCK,,CCPATIO 32 STOCK,,LINVILLE SPA,145707-0013,,34,,RECEIVED,,,RECEIVED 40,,2/2,GLEN RAVEN,,,,,,
2/2/2026,STOCK,,CCPATIO 32 STOCK,,DUMONT STUCCO,305825-00002,,64,,RECEIVED,,,RECEIVED 45,,2/2,GLEN RAVEN,,,,,,
2/2/2026,STOCK,,CCPATIO 32 STOCK,,METAMORPHIC LAGOON,46094-0005,,62,,RECEIVED,,,RECEIVED 40,,2/2,GLEN RAVEN,,,,,,
2/2/2026,STOCK,,CCPATIO 32 STOCK,,BERENSON TUXEDO,8521-0000,,65,,RECEIVED,,,RECEIVED 60,,2/2,GLEN RAVEN,,,,,,
2/3/2026,1458,,STEPHANIE & BRITT EVERS,,CRUSH CAMEL,42101-0007,2,1,-1,RECEIVED,,,NEED 2 TO COMPLETE,2/4/2026,2/9,TRIV CD INDUSTRY,$34.52,,,,MICHELLE,
2/4/2026,1466,,TODD CHRISTIANSON,,ADAPTATION INDIGO,69010-0004,,4,4,IN STOCK,,,,,,,,,,,,
2/4/2026,1466,,TODD CHRISTIANSON,,CANVAS WHITE,57003-0000,,11,11,IN STOCK,,,,,,,,,,,,
2/4/2026,1467,,STEVE CLARK,,COAST DOLPHIN,640-6508,8,11,3,RECEIVED,,,NEED 8,2/5/2026,2/11,ULTRAFABRICS,,,,,,
2/4/2026,1467,,STEVE CLARK,,GLIMPSE DENIM,40489-0005,3,0,-3,RECEIVED,,,NEED 4,2/4/2026,2/9,TRIV LA,,,,,MICHELLE,
2/4/2026,1468,,MOLLY KIMBLE,,DUMONT STUCCO,305825-0002,24,64,40,IN STOCK,,,,,,,,,,,,
2/4/2026,1468,,MOLLY KIMBLE,,PRINCIPLE TROPICS,16009-0001,6,3,-3,RECEIVED,,,NEED 6,2/4/2026,2/9,TRIV LA,,,,,MICHELLE,
2/4/2026,1468,,MOLLY KIMBLE,,REMIX MESA,48145-0005,4,1,-3,RECEIVED,,,NEED 4,2/4/2026,2/11,TRI NC,,,,,MICHELLE,
2/4/2026,1469,,SHANNON KAIMAN,,CRUSH SNOW,42101-0001,26,0,-26,RECEIVED,,,NEED 10,2/4/2026,2/9,TRIV LA,,,,,MICHELLE,
2/4/2026,1469,,SHANNON KAIMAN,,DUMONT STUCCO,305825-0002,16,64,48,RECEIVED,,,NEED 16,2/4/2026,2/9,TRIV LA,,,,,MICHELLE,
2/4/2026,1470,,CHRIS-RENEE BRACKIN,,LINEN STONE,8319-0000,13,4,-9,RECEIVED,,,NEED 10,2/4/2026,2/9,TRIV LA,,,,,MICHELLE,
2/4/2026,1470,,CHRIS-RENEE BRACKIN,,CABANA CLASSIC,58030-0000,10,0,-10,RECEIVED,,,NEED 10,2/4/2026,2/9,TRIV LA,,,,,MICHELLE,
2/4/2026,1471,,PETE WILVER,,NURTURE WHITE,42102-0001,2,0,-2,IN STOCK,,,,,,,,,,,,
2/4/2026,1471,,PETE WILVER,,DUMONT STUCCO,305825-0002,10,64,54,RECEIVED,,,NEED 10,2/4/2026,2/9,TRIV LA,,,,,MICHELLE,
2/4/2026,1471,,PETE WILVER,,LINEN CANVAS,8353-0000,10,5,-5,RECEIVED,,,NEED 10,2/4/2026,2/9,TRIV LA,,,,,MICHELLE,
2/4/2026,1472,,WARR-TED FOXMAN,,CRUSH SNOW,42101-0001,74,0,-74,RECEIVED,,,NEED 40,2/4/2026,2/11,TRI NC,,,,,MICHELLE,
2/5/2026,1253,,JEANNINE SCHECK,,ADAPTATION STONE,69010-0002,15,4,-11,RECEIVED,,,NEED 15,2/5/2026,2/9,OUTDOOR FABRIC,$72.70,,,,DISCONTINUED BY KEYSTON,
2/5/2026,STOCK,,CCPATIO 32 STOCK,,KINDLE SILK,145666-0002,,73,,RECEIVED,,,RECEIVED 42,,2/5,GLEN RAVEN,,,,,,
2/5/2026,STOCK,,CCPATIO 32 STOCK,,MOUNTAINS SNOW,72011-0001,,19,,RECEIVED,,,RECEIVED 50,,2/5,GLEN RAVEN,,,,,,
2/6/2026,1456,,PATTI PAVEY,,UNDERCURRENT SAND,47203-0001,7,0,-7,RECEIVED,,,NEED 7 TO COMPLETE,2/9/2026,2/11,TRI LA,,,,,,
2/9/2026,1475,,RAY KENNEDY,,IMPROVE STUCCO,17003-0002,40,2,-38,RECEIVED,,,NEED 40,2/9/2026,2/11,TRI LA,,,,,,
2/9/2026,1475,,RAY KENNEDY,,ASSEMBLE SAND,47246-0001,56,28,-28,RECEIVED,,,NEED 60***RECEIVED 80,2/9/2026,2/20,GLEN RAVEN,$23.52,,,,,
2/9/2026,1475,,RAY KENNEDY,,PIAZZA LAGOON,305423-0013,16,0,-16,RECEIVED,,,NEED 16,2/9/2026,2/11,TRI LA,,,,,,
2/9/2026,1476,,BRITTANY MCDOWELL,,PIAZZA VAPOR,305423-0003,9,2,-7,RECEIVED,,,NEED 9,2/9/2026,2/11,TRI LA,,,,,,
2/9/2026,1476,,BRITTANY MCDOWELL,,LINVILLE DENIM,145707-0012,3,0,-3,RECEIVED,,,NEED 3,2/9/2026,2/16,TRI NC,,,,,,
2/9/2026,1477,,ANN KAFKA,,COAST BEACON,640-0042,35,5,-30,RECEIVED,,,NEED 35,2/11/2026,2/19,ULTRAFABRICS,,,,,EMAIL,
2/9/2026,1477,,ANN KAFKA,,BORO INDIGO,146030-0002,25,4,-21,RECEIVED,,,NEED 25,2/9/2026,2/11,TRI LA,,,,,,
2/9/2026,1477,,ANN KAFKA,,EMBRACE INDIGO,145849-0003,23,3,-20,RECEIVED,,,NEED 20,2/9/2026,2/11,TRI LA,,,,,,
2/9/2026,1477,,ANN KAFKA,,COAST NAVAL BLUE,640-2776,10,3,-7,RECEIVED,,,NEED 10,2/11/2026,2/19,ULTRAFABRICS,,,,,EMAIL,
2/9/2026,1477,,ANN KAFKA,,DUMONT STUCCO,305825-0002,14,64,50,IN STOCK,,,,,,,,,,,,
2/9/2026,1477,,ANN KAFKA,,LINVILLE PARCHMENT,145707-0006,40,18,-22,RECEIVED,,,NEED 40,2/11/2026,2/16,TRI LA,,,,,GRACE,
2/9/2026,1477,,ANN KAFKA,,REMIX DENIM,48145-0006,5,0,-5,RECEIVED,,,NEED 3,2/9/2026,2/11,TRI LA,,,,,,
2/9/2026,STOCK,,CCPATIO 32 STOCK,,METAMORPHIC SNOW,46094-0001,,57,,RECEIVED,,,RECEIVED 14 YDS,,2/9,GLEN RAVEN,,,,,,
2/9/2026,STOCK,,CCPATIO 32 STOCK,,DUMONT STUCCO,305825-0002,,64,,RECEIVED,,,RECEIVED 45 YDS,,2/9,GLEN RAVEN,,,,,,
2/11/2026,1258,,DIANE GALATI,,SHIBORI CLASSIC,145360-0011,8,9,1,RECEIVED,,,NEED 5 TO COMPLETE,2/11/2026,2/16,TRIVANTAGE,$33.53,,,,ONLINE,
2/11/2026,1258,,DIANE GALATI,,CANVAS COAL,5489-0000,8,3,-5,RECEIVED,,,NEED 5 TO COMPLETE,2/11/2026,2/16,TRIVANTAGE,$27.66,,,,ONLINE,
2/13/2026,1479,,SOLANA BEACH 2-20,,HERITAGE DIJON,18023-0000,8,2,-6,RECEIVED,,,NEED 8 YDS,2/13/2026,2/16,TRIV LA,,,,,,
2/13/2026,1479,,SOLANA BEACH 2-20,,COAST STEM GREEN,640-4338,2,2,0,RECEIVED,,,NEED 2 YDS,2/16/2026,2/19,ULTRAFABRICS,$46.00,,,,EMAIL SEND,
2/13/2026,1480,,DARCIE LANE,,Linville Parchment,145707-0006,11,18,7,RECEIVED,,,NEED 11,2/13/2026,2/16,TRIV LA,,,,,,
2/13/2026,1480,,DARCIE LANE,,Linville Camel,145707-0016,7,40,33,RECEIVED,,,NEED 4 ,2/13/2026,2/23,TRI NC,,,,,,
2/13/2026,1480,,DARCIE LANE,,Undercurrent Sand,47203-0001,9,0,-9,RECEIVED,,,NEED 9,2/13/2026,2/16,TRIV LA,,,,,,
2/13/2026,1481,,BRAD AND KRISTI TIMMONS,,COAST BEACON,640-0042,10,5,-5,RECEIVED,,,NEED 10,2/16/2026,2/19,ULTRAFABRICS,$46.00,,,,EMAIL SEND,
2/13/2026,1481,,BRAD AND KRISTI TIMMONS,,EMBRACE LINEN,145849-0002,7,2,-5,RECEIVED,,,NEED 7,2/13/2026,2/16,TRIV LA,,,,,,
2/13/2026,1482,,STEPHANIE WELMER,,DUMONT STUCCO,305825-0002,20,64,44,IN STOCK,,,,,,,,,,,,
2/13/2026,1482,,STEPHANIE WELMER,,CAST SHALE,40432-0000,3,1,-2,IN STOCK,,,,,,,,,,,,
2/13/2026,1482,,STEPHANIE WELMER,,ESTI LAGOON,44349-0004,3,5,2,IN STOCK,,,,,,,,,,,,
2/13/2026,1482,,STEPHANIE WELMER,,SCOPE CAPE,40465-0004,2,2,0,IN STOCK,,,,,,,,,,,,
2/13/2026,1482,,STEPHANIE WELMER,,COAST SAVANNA,640-3880,2,5,3,RECEIVED,,,NEED 2--WAS ORDER 10,2/16/2026,2/19,ULTRAFABRICS,$46.00,,,,EMAIL SEND,
2/13/2026,1483,,BRIGID LAKIN,,TROPIC JUNGLE,145214-0000,10,0,-10,RECEIVED,,,NEED 10,2/13/2026,2/16,TRIV LA,,,,,,
2/13/2026,1483,,BRIGID LAKIN,,CANVAS GINKGO,54011-0000,3,30,27,IN STOCK,,,,,,,,,,,,
2/13/2026,1483,,BRIGID LAKIN,,CANVAS FERN,5487-0000,7,0,-7,RECEIVED,,,NEED 7,2/13/2026,2/16,TRIV LA,,,,,,
2/16/2026,1484,,DEANNE SPRENGER,,CANVAS HENNA,5407-0000,8,28,20,IN STOCK,,,,,,,,,,,,
2/16/2026,1485,,FLOOR SAMPLES SCOTTSDALE,,COAST SAVANNA,640-3880,1,5,4,RECEIVED,,,12*16 (RECEIVED 1 YD),,2/17,ULTRAFABRICS,,,,,,
2/16/2026,1485,,FLOOR SAMPLES SCOTTSDALE,,UNDERCURRENT SAND,47203-0001,1,0,-1,IN STOCK,,,12*16,,,,,,,,,
2/16/2026,1485,,FLOOR SAMPLES SCOTTSDALE,,LINVILLE PARCHMENT,145707-0006,1,18,17,IN STOCK,,,12*16,,,,,,,,,
2/16/2026,1485,,FLOOR SAMPLES SCOTTSDALE,,ESTI ONYX,44349-0024,1,1,0,RECEIVED,,,12*16 NEED 2 ,2/25/2026,3/2,TRIV LA,,,,,,
2/16/2026,STOCK,,CCPATIO 32 STOCK,,MOUNTAINS SNOW,72011-0001,,19,,RECEIVED,,,RECEIVED 50,,2/16,,,,,,,
2/16/2026,STOCK,,CCPATIO 32 STOCK,,CRUSH SNOW,42101-0001,,0,,RECEIVED,,,RECEIVED 41,,2/16,,,,,,,
2/17/2026,1258,,DIANE GALATI,,CANVAS COAL,5489-0000,7,3,,RECEIVED,,,NEED 10 TO COMPLETE,2/18/2026,2/18,KEYSTON,$15.38,,,,LORI,
2/25/2026,1490,,LEE-TRACY LARIS,,LINVILLE OYSTER,145707-0007,51,9,-42,RECEIVED,,,NEED 51,2/25/2026,,TRIV NC,,,,,,
2/25/2026,1490,,LEE-TRACY LARIS,,KINDLE SILK,145666-0002,4,73,69,IN STOCK,,,,,,,,,,,,
2/25/2026,1490,,LEE-TRACY LARIS,,CASSAVA MUSHROOM,44496-0003,32,7,-25,RECEIVED,,,NEED 32,2/25/2026,,TRIV NC,,,,,,
2/25/2026,1490,,LEE-TRACY LARIS,,DIP DYE CHICKADEE,40441-0001,8,0,-8,RECEIVED,,,NEED 8,2/25/2026,3/2,TRIV LA,,,,,,
2/25/2026,1490,,LEE-TRACY LARIS,,COAST BUNGALOW,640-3837,11,2,-9,RECEIVED,,,NEED 11,2/25/2026,3/2,ULTRAFABRICS,$46.00,,,,ORDER BY EMAIL,
2/26/2026,1450,,LINDA WENDFELDT,,SPECTRUM MUSHROOM,48031-0000,2,0,-2,RECEIVED,,,NEED 5 to complete,2/26/2026,2/26,KEYSTON,$13.85,,,,,
2/26/2026,STOCK,,CCPATIO 32 STOCK,,METAMORPHIC SNOW,46094-0001,,57,,RECEIVED,,,RECEIVED 75 YDS,,2/26,GLEN RAVEN,,,,,,
3/2/2026,1494,,DAVID STOCK,,METAMORPHIC FOG,46094-0003,20,81,61,IN STOCK,,,,,,,,,,,,
3/2/2026,1494,,DAVID STOCK,,CANVAS NAVY,5439-0000,5,8,3,IN STOCK,,,,,,,,,,,,
3/2/2026,1495,,PAT AND CATHY ORAHILLY,,Canvas Forest Green,5446-0000,21,31,10,RECEIVED,,,NEED 105 KEYSTON ONLY 21,3/2/2026,3/3,KEYSTON,,,,,ELIAH,
3/2/2026,1495,,PAT AND CATHY ORAHILLY,,Canvas Forest Green,5446-0000,84,31,-53,RECEIVED,,,PROJECT=105  NEED 120 TO COMPLETE,3/2/2026,3/18,GLEN RAVEN,,,,,WEBSITE,
3/2/2026,1495,,PAT AND CATHY ORAHILLY,,METAMORPHIC SNOW,46094-0001,32,57,25,IN STOCK,,,,,,,,,,,,
3/2/2026,1495,,PAT AND CATHY ORAHILLY,,COAST SNOW CAP,640-0021,40,0,-40,RECEIVED,,,NEED 40,3/2/2026,3/9,ULTRAFABRICS,$46.00,,,,EMAIL,
3/2/2026,1495,,PAT AND CATHY ORAHILLY,,BLISS ALOE,48135-0017,6,0,-6,RECEIVED,,,NEED 6,3/2/2026,3/3,KEYSTON,,,,,ELIAH,
3/2/2026,1495,,PAT AND CATHY ORAHILLY,,MASON FOREST GREEN,5630-0000,27,4,-23,RECEIVED,,,NEED 27,3/2/2026,3/3,KEYSTON,,,,,ELIAH,
3/2/2026,STOCK,,CCPATIO 32 STOCK,,POSH SAPPHIRE,44157-0053,,22,,RECEIVED,,,RECEIVED 60,,3/2,GLEN RAVEN,,,,,,
3/3/2026,1496,,MAURO CALDERON,,SPECTRUM MUSHROOM,48031-0000,8,0,-8,RECEIVED,,,NEED 8 YDS,3/3/2026,3/3,KEYSTON,,,,,MARCO,
3/3/2026,1496,,MAURO CALDERON,,VOYAGE DUNE,146206-0004,8,0,-8,RECEIVED,,,NEED 5 TO COMPLETE,3/4/2026,3/4,KEYSTON,,,,,SERGIO,
3/3/2026,1497,,ELENA DOUGAN,,Calm Laurel,145854-0002,20,126,106,IN STOCK,,,,,,,,,,,,
3/3/2026,1497,,ELENA DOUGAN,,Canvas Canvas,5453-0000,20,16,-4,RECEIVED,,,NEED 10,3/3/2026,3/4,keyston,,,,,eliah,
3/3/2026,1497,,ELENA DOUGAN,,Canvas Persimmon,57013-0000,2,5,3,IN STOCK,,,,,,,,,,,,
3/3/2026,1498,,PEGGY PRICHARD,,HERITAGE PAPYRUS,18006-0000,6,21,15,IN STOCK,,,,,,,,,,,,
3/3/2026,1491,,RE DOING GENCUSH KONA VILLAGE,,REVIVE SAND,11500-0003,48,0,-48,IN STOCK,,,,,,,,,,,,
3/3/2026,1499,,OPTIMA 7220 UNIT 3B-11 MODEL,,CRUSH CAMEL,42101-0007,10,1,-9,RECEIVED,,,NEED 10,3/3/2026,3/5,TRI LA,,,,,ANGIE,
3/3/2026,1499,,OPTIMA 7220 UNIT 3B-11 MODEL,,ASSEMBLE II TEAK,47247-0001,5,1,-4,RECEIVED,,,NEED 5,3/3/2026,3/5,TRI LA,,,,,ANGIE,
3/3/2026,1500,,CAESAR REPUBLIC,,CANVAS COAL,5489-0000,8,3,-5,IN STOCK,,,,,,,,,,,,
3/3/2026,1501,,SHOWROOM SCOTTSDALE 3-02-26,,CANVAS NATURAL,5404-0000,5,8,3,RECEIVED,,,need 2,3/3/2026,3/5,TRI LA,,,,,ANGIE,
3/3/2026,1501,,SHOWROOM SCOTTSDALE 3-02-26,,ESTI ONYX,44349-0024,4,1,-3,RECEIVED,,,need 4,3/3/2026,3/5,TRI LA,,,,,ANGIE,
3/3/2026,1501,,SHOWROOM SCOTTSDALE 3-02-26,,COAST FEATHER,640-5968,11,23,12,RECEIVED,,,NEED 11YDS,3/9/2026,3/12,ULTRAFABRICS,,,,,EMAIL,
3/3/2026,1501,,SHOWROOM SCOTTSDALE 3-02-26,,COAST SAVANNA,640-3880,1,5,4,RECEIVED,,,NEED 1 YDS,3/9/2026,3/12,ULTRAFABRICS,,,,,EMAIL,
3/3/2026,1501,,SHOWROOM SCOTTSDALE 3-02-26,,COAST DOLPHIN,640-6508,12,11,-1,RECEIVED,,,NEED 12 YDS,3/9/2026,3/12,ULTRAFABRICS,,,,,EMAIL,
3/3/2026,1501,,SHOWROOM SCOTTSDALE 3-02-26,,COAST CONCH,640-3797,6,0,-6,RECEIVED,,,NEED 6 YDS,3/9/2026,3/12,ULTRAFABRICS,,,,,EMAIL,
3/3/2026,1501,,SHOWROOM SCOTTSDALE 3-02-26,,COAST STEM GREEN,640-4338,8,2,-6,RECEIVED,,,NEED 8 YDS,3/9/2026,3/12,ULTRAFABRICS,,,,,EMAIL,
3/3/2026,1501,,SHOWROOM SCOTTSDALE 3-02-26,,METAMORPHIC SNOW,46094-0001,8,57,49,IN STOCK,,,,,,,,,,,,
3/3/2026,1501,,SHOWROOM SCOTTSDALE 3-02-26,,DUMONT STUCCO,305825-0002,2,64,62,IN STOCK,,,,,,,,,,,,
3/4/2026,1444,,SHANE MEHRER RIVER RANCH AT HILTON,,"60"" OYSTER AWNING/MARINE",6042-0000,,0,,RECEIVED,,,RECEIVED 163,,3/4/2026,GLEN RAVEN,,,,,,
3/4/2026,1444,,SHANE MEHRER RIVER RANCH AT HILTON,,"46"" SKY BLUE AWNING/MARINE",4624-0000,,0,,RECEIVED,,,RECEIVED 298,,3/4/2026,GLEN RAVEN,,,,,,
3/5/2026,1502,,ROB ROY,,CAST ASH,40428-0000,23,15,-8,RECEIVED,,,NEED 10 YDS,3/5/2026,3/9,KEYSTON,$15.07,,,,ORDER ONLINE,
3/5/2026,1502,,ROB ROY,,KINDLE SILK,145666-0002,25,73,48,IN STOCK,,,,,,,,,,,,
3/5/2026,1502,,ROB ROY,,CANVAS FLAX,5492-0000,19,0,-19,RECEIVED,,,NEED 10 YDS,3/5/2026,3/9,KEYSTON,$15.38,,,,ORDER ONLINE,
3/5/2026,1502,,ROB ROY,,ASSEMBLE SAND,47246-0001,14,28,14,RECEIVED,,,NEED 14 YDS,3/5/2026,3/10,TRIVANTAGE,$37.52,,,,ORDER ONLINE,
3/9/2026,STOCK,,CCPATIO 32 STOCK,,KINDLE INDIGO,145666-0004,,12,,RECEIVED,,,RECEIVED 40 YDS,,3/9,GLEN RAVEN,,,,,,
3/9/2026,1503,,RE-DO Eric Thompson,,PIAZZA PEBBLE,305423-0008,3,0,-3,RECEIVED,,,NEED 3,3/24/2026,3/27,TRI-LA,$30.23,,,,MONTSE,
3/9/2026,1504,,MANNIE JACKSON,,LINVILLE PARCHMENT,145707-0006,16,18,2,IN STOCK,,,,,,,,,,,,
3/9/2026,1504,,MANNIE JACKSON,,LABYRINTH CLOUD,145994-0005,10,0,-10,RECEIVED,,,NEED 10,3/10/2026,3/16,TRIV LA,,,,,ANGIE,
3/9/2026,1504,,MANNIE JACKSON,,CASSAVA MUSHROOM,44496-0003,13,7,-6,RECEIVED,,,NEED 13,3/10/2026,3/16,TRIV NC,,,,,ANGIE,
3/9/2026,1504,,MANNIE JACKSON,,METAMORPHIC FOG,46094-0003,42,81,39,RECEIVED,,,NEED 20,3/10/2026,3/16,TRIV LA,,,,,ANGIE 2 PEDAZOS 12 & 8,
3/9/2026,1504,,MANNIE JACKSON,,COAST BEACON,640-0042,58,5,-53,RECEIVED,,,NEED 50,3/12/2026,3/18,ULTRAFABRICS,$46.00,,,,EMAIL,
3/9/2026,1504,,MANNIE JACKSON,,COAST SAVANNA,640-3880,15,5,-10,RECEIVED,,,NEED 15,3/12/2026,3/18,ULTRAFABRICS,$46.00,,,,EMAIL,
3/9/2026,1504,,MANNIE JACKSON,,CAST ASH,40428-0000,1,15,14,RECEIVED,,,NEED 2,3/10/2026,3/16,TRIV LA,,,,,ANGIE,
3/9/2026,1504,,MANNIE JACKSON,,KINDLE SILK,145666-0002,3,73,70,IN STOCK,,,,,,,,,,,,
3/9/2026,1505,,NAZ AHMAD,,CANVAS BLACK,5408-0000,30,0,-30,RECEIVED,,,NEED 25,3/12/2026,3/12,KEYSTON,,,,,MARCO,
3/9/2026,1505,JAMIN,NAZ AHMAD,7/28,CRUSH SNOW,42101-0001,20,0,-20,ORDERED,10/1/2026,-9.29,SE TOMARAN 20 DE ROLLO,6/5/2026,,GLENRAVEN,,,,,ORDER# 0886352000,
3/9/2026,1505,,NAZ AHMAD,,SAVVY ONYX,45889-0009,17,10,-7,RECEIVED,,,NEED 17,3/10/2026,3/16,TRIV LA,,,,,ANGIE,
3/9/2026,1506,,EDISOON REYNOSO,,ACTION STONE,44285-0002,30,0,-30,RECEIVED,,,NEED 25,3/10/2026,3/16,TRIV LA,,,,,ANGIE,
3/9/2026,1506,,EDISOON REYNOSO,,CANVAS STONE,SJA3988,5,0,-5,RECEIVED,,,NEED 5,3/10/2026,3/16,TRIV LA,,,,,ANGIE,
3/9/2026,1457,,BRIAN SOSO,,CASSAVA STONE,44496-0002,6,5,-1,RECEIVED,,,**NEED 6 TO RE DOING**,3/9/2026,3/12,TRIV LA,,,,,ORDER BY EMAIL,
3/10/2026,1507,,JODY OTTESON,,LITCHFIELD SAND,42011-0019,8,0,-8,IN STOCK,,,,,,,,,,,,
3/10/2026,1507,,JODY OTTESON,,CANVAS TAUPE,5461-0000,5,4,-1,IN STOCK,,,,,,,,,,,,
3/10/2026,1508,,JANE KELLY,,MAINSTREET PUTTY,42048-0012,45,4,-41,RECEIVED,,,NEED 40,3/12/2026,3/22,TRIV NC,,,,,,
3/10/2026,1508,,JANE KELLY,,KINDLE SILK,145666-0002,11,73,62,RECEIVED,,,NEED 5,3/12/2026,3/16,TRIC LA,,,,,,
3/10/2026,1508,,JANE KELLY,,IMPROVE DUNE,17003-0003,8,3,-5,RECEIVED,,,NEED 8,3/12/2026,3/16,TRIC LA,,,,,,
3/10/2026,1510,,DOUG MEDAK,,CANVAS WHITE,57003-0000,90,11,-79,RECEIVED,,,NEED 30,3/12/2026,3/13,KEYSTON,$15.50,,,,ONLINE,
3/10/2026,1510,,DOUG MEDAK,,CANVAS BLACK,5408-0000,19,0,-19,RECEIVED,,,NEED 10,3/12/2026,3/13,KEYSTON,$15.50,,,,ONLINE,
3/10/2026,1510,,DOUG MEDAK,,CABANA CLASSIC,58030-0000,10,0,-10,RECEIVED,,,NEED 5,3/12/2026,3/16,TRIC LA,,,,,,
3/10/2026,1510,,DOUG MEDAK,,SHORE CLASSIC,58033-0000,5,3,-2,RECEIVED,,,NEED 5,3/12/2026,3/16,TRIC LA,,,,,,
3/10/2026,1512,,WARR-MARY BURKE,,METAMORPHIC SAND,46094-0002,80,11,-69,RECEIVED,,,NEED 10,3/24/2026,3/31,TRI-NC,$40.62,,,,MONTSE,
3/10/2026,1512,,WARR-MARY BURKE,,METAMORPHIC SAND,46094-0002,80,11,-69,RECEIVED,,,NEED 70,4/21/2026,4/27,TRIVANTAGE,,,,X,BELLA GRACE,
3/10/2026,1516,,MIKE KUNDE,,CHARMER PEBBLE,42111-0003,19,3,-16,RECEIVED,,,NEED 20,3/12/2026,3/24,TRIC LA,,,,,NOT AVAILABLE SE DEJA EN BACK ORDER,
3/10/2026,1516,,MIKE KUNDE,,CHARMER PEBBLE,42111-0003,19,3,-16,RECEIVED,,,ORDER 45 AT GLEN RAVEN,3/12/2026,4/6,GLEN RAVEN,,,,,PORTAL,
3/11/2026,1515,,DOUG CHARTIER,,DUMONT STUCCO,305825-0002,31,64,33,IN STOCK,,,,,,,,,,,,
3/11/2026,1515,,DOUG CHARTIER,,CASSAVA CORAL,44496-0009,5,0,-5,RECEIVED,,,NEED 5,3/12/2026,3/16,TRIC LA,,,,,,
3/11/2026,1515,,DOUG CHARTIER,,PLAY TEAK,40616-0012,3,2,-1,RECEIVED,,,NEED 5,3/12/2026,3/16,TRIC LA,,,,,,
3/12/2026,1457,,BRIAN SOSO,,CASSAVA STONE,44496-0002,12,5,-7,RECEIVED,,,NEED 12,3/12/2026,3/13,3/14,,,,,MONTZE,
3/12/2026,1519,,GUIDO AND VERA RUSSO,,MILANO COBALT,56080-0000,15,9,-6,IN STOCK,,,**RESERVED ON C09,,,,,,,,,
3/12/2026,1519,,GUIDO AND VERA RUSSO,,CANVAS NAVY,5439-0000,3,8,5,IN STOCK,,,**RESERVED ON B07,,,,,,,,,
3/12/2026,1520,,REED WIDEN,,CANVAS WHITE,57003-0000,17,11,-6,RECEIVED,,,NEED 20,3/12/2026,3/13,KEYSTON,$15.50,,,,ONLINE,
3/12/2026,1520,,REED WIDEN,,POSH AQUA,44157-0017,16,3,-13,RECEIVED,,,NEED 16,3/12/2026,3/17,KEYSTON,$37.00,,,,ONLINE,
3/12/2026,1520,,REED WIDEN,,DUPIONE DEEP SEA,8019-0000,4,2,-2,RECEIVED,,,NEED 4,3/12/2026,3/13,KEYSTON,$19.16,,,,ONLINE,
3/12/2026,1520,,REED WIDEN,,CANVAS CLOUD,57012-0000,1,4,3,IN STOCK,,,,,,,,,,,,
3/12/2026,1521,,SHOWROOM SCOTTSDALE CUSHION REPLACEMENT,,DUMONT STUCCO,305825-0002,8,64,56,IN STOCK,,,,,,,,,,,,
3/16/2026,1444,,RIVER RANCH,,"60"" Oyster",6042-0000,200,0,-200,RECEIVED,,,ORDER 200 AT TRIVANTAGE,3/16/2026,3/18,TRIVANTAGE,$17.09,,,,MITCHELL,
3/16/2026,1535,,BACARRI,,CANVAS MELON,5415-0000,,28,,RECEIVED,,,RECEIVED 60 YDS ,,3/16,CUSTUMER,,,,,,
3/17/2026,1535,,BACARRI,,CANVAS MELON,5415-0000,,28,,RECEIVED,,,RECEIVED 60 YDS ,,3/17,,,,,,,
3/17/2026,1535,,BACARRI,,CANVAS MELON,5415-0000,,28,,RECEIVED,,,RECEIVED 56 YDS,,3/17,,,,,,,
3/17/2026,1535,,BACARRI,,CANVAS WHITE,57003-0000,,11,,RECEIVED,,,RECEIVED 26 YDS,,3/17,,,,,,,
3/17/2026,STOCK,,STOCK,,"STANDAR MESH 54"" ALMOND 186",997145,,0,,RECEIVED,,,RECEIVED 60 YDS ,,3/17,,,,,,,
3/18/2026,1525,,ANDREW WILD,,CRUSH CLOUD,42101-0008,50,5,-45,RECEIVED,,,20 FROM LOS ANGELES,3/19/2026,3/25,TRIVANTAGE ONLINE,$32.45,,,,OUT STOCK AT GLENRAVEN,
3/18/2026,1525,,ANDREW WILD,,CRUSH CLOUD,42101-0008,50,5,-45,RECEIVED,,,30 FROM NORTH CAROLINE TO COMPLETE,3/19/2026,3/31,TRIVANTAGE ONLINE,$32.45,,,,OUT STOCK AT GLENRAVEN,
3/18/2026,1525,,ANDREW WILD,,Canvas Sapphire Blue,5452-0000,8,2,-6,RECEIVED,,,NEED 5,3/19/2026,3/24,TRIVANTAGE ONLINE,$17.76,,,,,
3/18/2026,1525,,ANDREW WILD,,Shadow Snow,51000-0000,20,4,-16,RECEIVED,,,NEED 12,3/19/2026,3/24,TRIVANTAGE ONLINE,$14.86,,,,,
3/18/2026,1525,,ANDREW WILD,,Canvas Black,5408-0000,11,0,-11,RECEIVED,,,NEED 5,3/19/2026,3/24,TRIVANTAGE ONLINE,$17.76,,,,,
3/18/2026,1525,,ANDREW WILD,,SAVY ONYX,45889-0009,11,0,-11,RECEIVED,,,NEED 11,3/19/2026,3/24,TRIVANTAGE ONLINE,$35.30,,,,,
3/18/2026,1526,,RICHARD KREB,,LINVILLE PARCHMENT,145707-0006,50,18,-32,RECEIVED,,,NEED 50,3/19/2026,3/2,TRIVANTAGE ONLINE,$36.51,,,,OUT STOCK AT GLENRAVEN,
3/18/2026,1526,,RICHARD KREB,,DUMONT STUCCO,305825-0002,7,64,57,IN STOCK,,,NEED 31,,,,,,,,,
3/18/2026,STOCK,,STOCK,,MIDORI STONE,145256-0005,,0,,RECEIVED,,,RECEIVED 40 YDS,,3/18,,,,,,,
3/18/2026,STOCK,,STOCK,,LEAF STRUCTURE CLOUD,146419-0001,,71,,RECEIVED,,,RECEIVED 55 YDS,,3/18,,,,,,,
3/18/2026,STOCK,,STOCK,,CRUSH ASH,42101-0004,,29,,RECEIVED,,,RECEIVED 44 YDS,,3/18,,,,,,,
3/18/2026,STOCK,,STOCK,,KINDLE SILK,145666-0002,,73,,RECEIVED,,,RECEIVED 40 YDS,,3/18,,,,,,,
3/18/2026,STOCK,,STOCK,,DUMONT STUCCO,305825-0002,,64,,RECEIVED,,,RECEIVED 45 YDS,,3/18,,,,,,,
3/18/2026,STOCK,,STOCK,,DUMONT STUCCO,305825-0002,,64,,RECEIVED,,,RECEIVED 45 YDS,,3/18,,,,,,,
3/18/2026,1535,,BACARRI,,CANVAS WEAVE MELON,600-231,,10,,RECEIVED,,,RECEIVED 48 YDS,,3/18,,,,,,,
3/21/2026,STOCK,,STOCK,,"Nautolex® Underlining 54"" BLACK",525275,100,0,,RECEIVED,,,NEED 100,3/12/2026,3/20,TRIVANTAGE,,,,,,
3/21/2026,STOCK,,STOCK,,"Nautolex® Underlining 54"" ALMOND",525118,20,0,,RECEIVED,,,NEED 20,3/12/2026,3/20,TRIVANTAGE,,,,,,
3/24/2026,1528,,DARCIE LANE,,LINVILLE PARCHMENT,145707-0006,11,18,7,RECEIVED,,,NEED 10,3/24/2026,3/31,TRI-NC,$38.84,,,,MONTSE,
3/24/2026,1528,,DARCIE LANE,,UNDERCURRENT SAND,47203-0001,10,0,-10,IN STOCK,,,TAKE FROM C08,,,,,,,,,
3/24/2026,1528,,DARCIE LANE,,LINVILLE CAMEL,145707-0016,9,40,31,RECEIVED,,,NEED 6,3/24/2026,3/31,TRI-NC,$38.84,,,,MONTSE,
3/24/2026,1529,,GINA PIPER,,POSH SAPPHIRE,44157-0053,15,22,7,IN STOCK,,,TAKE FROM B08,,,,,,,,,
3/24/2026,1529,,GINA PIPER,,ADAPTATION INDIGO,69010-0004,2,4,2,IN STOCK,,,TAKE FROM D06,,,,,,,,,
3/24/2026,1530,,JAIME REINOSA,,DUMONT STUCCO,305825-0002,45,64,19,RECEIVED,,,NEED 45,3/24/2026,3/31,TRI-NC,$27.31,,,,MONTSE,
3/24/2026,1531,,LINDA STANCIU,,CANVAS FERN,5487-0000,15,0,-15,RECEIVED,,,NEED 10,3/24/2026,3/27,TRI-LA,$17.76,,,,MONTSE,
3/24/2026,1531,,LINDA STANCIU,,LORE MOSS,48146-0003,8,0,-8,RECEIVED,,,NEED 6,3/24/2026,3/31,TRI-NC,$17.88,,,,MONTSE,
3/24/2026,1531,,LINDA STANCIU,,CANVAS COAL,5489-0000,3,3,0,RECEIVED,,,NEED 10,3/24/2026,3/27,KEYSTON,,,,,,
3/24/2026,1532,,SHARI GREENE,,METAMORPHIC FOG,46094-0003,7,81,74,IN STOCK,,,TAKE FROM D01,,,,,,,,,
3/24/2026,1532,,SHARI GREENE,,PRECISE FAWN,145602-0006,6,4,-2,RECEIVED,,,NEED 4,3/24/2026,3/27,TRI-LA,$38.77,,,,MONTSE,
3/24/2026,1533,,ANNA JOSH MARTINEZ,,LINVILLE PARCHMENT,145707-0006,92,18,-74,RECEIVED,,,COMING FROM GLENRAVEN 40,3/25/2026,4/20,GLEN RAVEN,$23.62,,,,TAKE FROM ORDER STOCK,
3/24/2026,1533,,ANNA JOSH MARTINEZ,,LINVILLE PARCHMENT,145707-0006,92,18,-74,RECEIVED,,,"NEED 50 TO COMPLETE(9 CALI, 40 BACK ORDER UNTIL 4/9)",,3/31,TRIVANTAGE,,,,,OUT STOCK GLEN 10WEEKS,
3/24/2026,1533,,ANNA JOSH MARTINEZ,,CRUSH PEWTER,42101-0005,41,0,-41,RECEIVED,,,NEED 40,,3/31,TRI-NC,,,,,OUT STOCK GLEN 10WEEKS,
3/24/2026,1533,,ANNA JOSH MARTINEZ,,CANVAS COAL,5489-0000,4,3,-1,IN STOCK,,,,,,,,,,,,
3/25/2026,1444,,SHANE MEHRER RIVER RANCH AT HILTON,,"60"" OYSTER AWNING/MARINE",6042-0000,,0,,RECEIVED,,,RECEIVED 80 YDS FROM KEYSTON,,3/24,,,,,,,
3/25/2026,1444,,SHANE MEHRER RIVER RANCH AT HILTON,,"60"" OYSTER AWNING/MARINE",6042-0000,,0,,RECEIVED,,,RECEIVED 90 YDS FROM KEYSTON,,3/25,,,,,,,
3/25/2026,1444,,SHANE MEHRER RIVER RANCH AT HILTON,,"60"" OYSTER AWNING/MARINE",6042-0000,,0,,RECEIVED,,,RECEIVED 60 YDS FROM KEYSTON,,3/25,,,,,,,
3/25/2026,1534,,WARR-RICHARD RUSSEL,,LITCHFIELD PEBBLE,42011-0021,16,63,47,RECEIVED,,,NEED 16,3/25/2026,3/30,TRI-LA,,,,,ANGIE,
3/25/2026,1535,,BACARRI,,TEMPOTEST MARE MARINE AWNING WHITE WITH CANDY PINK HORIZONTAL STRIPES 576/25,F-TE576/25,,0,,RECEIVED,,,RECEIVED 260,,3/25,,,,,,,
3/28/2026,1423,,WARR GREG-SUSAN CONGER,,CANVAS WHITE,57003-0000,10,11,1,RECEIVED,,,NEED 20,3/31/2026,4/6,TRIVANTAGE,$17.76,,,,GRACE,
3/28/2026,1423,,WARR GREG-SUSAN CONGER,,SHORE CLASSIC,58033-0000,4,3,-1,RECEIVED,,,NEED 4,3/31/2026,4/6,TRIVANTAGE,$18.78,,,,GRACE,
3/30/2026,1536,,BRUCE SUSAN HALL,,Frequency Parchment,56093-0000,20,5,-15,CANCELLED,,,NEED 15,,,,,,,,DISCONTINUED sara was notify,
3/30/2026,1536,,BRUCE SUSAN HALL,,Heritage Char,18009-0000,26,12,-14,RECEIVED,,,NEED 20 TO COMPLETE,4/8/2026,4/9,KEYSTON PHX,$28.31,,,,LORI,
3/30/2026,1536,,BRUCE SUSAN HALL,,Heritage Char,18009-0000,26,12,-14,RECEIVED,,,NEED 4,3/31/2026,4/6,TRIVANTAGE,$32.51,,,,GRACE,
3/30/2026,1536,,BRUCE SUSAN HALL,,METAMORPHIC SNOW,46094-0001,19,57,38,IN STOCK,,,**RESERVADOS,,,,,,,,,
3/30/2026,1536,,BRUCE SUSAN HALL,,Shore Classic,58033-0000,5,3,-2,RECEIVED,,,NEED 4,3/31/2026,4/6,TRIVANTAGE,$18.78,,,,GRACE,
3/30/2026,1536,,BRUCE SUSAN HALL,,Cabana Classic,58030-0000,40,0,-40,RECEIVED,,,NEED 45,3/31/2026,4/6,TRIVANTAGE,$18.78,,,,GRACE,
3/30/2026,1536,,BRUCE SUSAN HALL,,CANVAS WHITE,57003-0000,8,11,3,RECEIVED,,,NEED 10,3/31/2026,4/6,TRIVANTAGE,$17.76,,,,GRACE,
3/30/2026,1537,,CARRIE TEFFNER,,SPECTRUM DOVE,48032-0000,11,8,-3,RECEIVED,,,NEED 4,3/31/2026,4/6,TRIVANTAGE,$16.13,,,,GRACE,
3/30/2026,1537,,CARRIE TEFFNER,,SPECTRUM DENIM,48086-0000,2,0,-2,IN STOCK,,,**RESERVADO C03,,,,,,,,,
3/30/2026,1537,,CARRIE TEFFNER,,ARRAY DUNE,145654-0001,2,0,-2,IN STOCK,,,**RESERVADO D01,,,,,,,,,
3/30/2026,1538,SARA,NADER-FIROUZEH TIRANDAZI,5/20,METAMORPHIC SAND,46094-0002,73,11,-62,IN STOCK,10/1/2026,-19.14,**RESERVADOS A09,,,,,,,,,
3/30/2026,1538,SARA,NADER-FIROUZEH TIRANDAZI,,MAINSTREET LATTE,42048-0009,19,10,-9,RECEIVED,,,NEED 10,3/31/2026,4/6,TRIVANTAGE,$39.45,,,,GRACE,
3/30/2026,1538,SARA,NADER-FIROUZEH TIRANDAZI,,SAILCLOTH SEAGULL,32000-0023,5,22,17,IN STOCK,,,**RESERVADOS C07,,,,,,,,,
3/30/2026,1539,,MIKE PATTI KLAYKO,,CRUSH ASH,42101-0004,17,29,12,IN STOCK,,,**RESERVADOS D14,,,,,,,,,
3/30/2026,1539,,MIKE PATTI KLAYKO,,LEAF STRUCTURE CLOUD,146419-0001,14,71,57,IN STOCK,,,**RESERVADOS D10,,,,,,,,,
3/30/2026,1539,,MIKE PATTI KLAYKO,,SPECTRUM CARBON,48085-0000,5,5,0,IN STOCK,,,**RESERVADOS D04,,,,,,,,,
3/31/2026,STOCK,,STOCK,,CRUSH ASH,42101-0004,,29,,RECEIVED,,,RECEIVED 38 YDS,,3/31,,,,,,,
3/31/2026,STOCK,,STOCK,,LINVILLE CAMEL,145707-0016,,40,,RECEIVED,,,RECEIVED 40 YDS,,3/31,,,,,,,
3/31/2026,STOCK,,STOCK,,CASSAVA CORAL,44496-0009,,0,,RECEIVED,,,RECEIVED 16 YDS,,3/31,,,,,,,
3/31/2026,STOCK,,STOCK,,CASSAVA CORAL,44496-0009,,0,,RECEIVED,,,RECEIVED 45 YDS,,3/31,,,,,,,
3/31/2026,STOCK,,STOCK,,METAMORPHIC SNOW,46094-0001,,57,,RECEIVED,,,RECEIVED 40 YDS,,3/31,,,,,,,
3/31/2026,STOCK,,STOCK,,METAMORPHIC SAND,46094-0002,,11,,RECEIVED,,,RECEIVED 11 YDS,,3/31,,,,,,,
3/31/2026,STOCK,,STOCK,,METAMORPHIC SAND,46094-0002,,11,,RECEIVED,,,RECEIVED 27 YDS,,3/31,,,,,,,
3/31/2026,STOCK,,STOCK,,METAMORPHIC FOG,46094-0003,,81,,RECEIVED,,,RECEIVED 40 YDS,,3/31,,,,,,,
3/31/2026,1541,,TERRI GARRISON,,PLAY ADOBE,40616-0011,20,0,-20,RECEIVED,,,NEED 20,4/6/2026,4/13,TRIVANTAGE,,,,,GRACE,
3/31/2026,1541,,TERRI GARRISON,,VALLEY DESERT,146597-0003,5,0,-5,RECEIVED,,,NEED 5,4/6/2026,4/20,TRIV NC,,,,,GRACE,
3/31/2026,1541,,TERRI GARRISON,,CANVAS PERSIMMON,57013-0000,22,5,-17,RECEIVED,,,NEED 20,4/6/2026,4/9,TRIVANTAGE,,,,,GRACE,
3/31/2026,1541,,TERRI GARRISON,,VALLEY SEDONA,146597-0010,9,0,-9,RECEIVED,,,NEED 10,4/6/2026,4/9,TRIVANTAGE,,,,,GRACE,
3/31/2026,STOCK,,STOCK-UNDERLINING,,Phifertex® Standard Mesh,997142,,0,,RECEIVED,,,ORDER 60YDS (1 ROLL),3/31/2026,,TRIVANTAGE,$13.09,,,,GRACE,
4/1/2026,1542,,ALICE COLLETTE,,LINVILLE CAMEL,145707-0016,19,40,21,RECEIVED,,,NEED 15 (BACK ORDER),4/6/2026,4/20,TRI NC,,,,,GRACE  LO HABIA PUESTO EN back order 4/6 PERO 4/13 SE TOMA DECISION DE 9.5+4.9 PARA UN TOTAL DE 15.4,
4/1/2026,1542,,ALICE COLLETTE,,LITCHFIELD PEBBLE,42011-0021,36,63,27,RECEIVED,,,NEED 36 (BACK ORDER),4/6/2026,4/9,TRIVANTAGE,,,,,GRACE,
4/1/2026,1542,,ALICE COLLETTE,,UNWIND RAINWASHED,400003-0001,7,0,-7,RECEIVED,,,NEED 7,4/6/2026,4/20,TRIV NC,,,,,GRACE,
4/1/2026,1543,SARA,MARK PATRICK ROACH,,CASSAVA INDIGO,44496-0008,21,4,-17,RECEIVED,,,NEED 21,4/6/2026,4/9,TRIVANTAGE,,,,,GRACE,
4/1/2026,1543,SARA,MARK PATRICK ROACH,,POSH SAPPHIRE,44157-0053,11,22,11,IN STOCK,,,RESERVED ON B08,,,,,,,,,
4/1/2026,1543,SARA,MARK PATRICK ROACH,,CANVAS NATURAL,5404-0000,2,8,6,RECEIVED,,,NEED 2,4/6/2026,4/9,TRIVANTAGE,,,,,GRACE,
4/1/2026,1543,SARA,MARK PATRICK ROACH,,STANTON LAGOON,58001-0000,24,0,-24,IN STOCK,,,RESERVED ON A06,,,,,,,,,
4/1/2026,1543,SARA,MARK PATRICK ROACH,,SPECTRUM INDIGO,48080-0000,4,2,-2,RECEIVED,,,NEED 3,4/6/2026,4/9,TRIVANTAGE,,,,,GRACE,
4/1/2026,1544,,RAQUEL-JASON NORTON,,ADAPTATION INDIGO,69010-0004,9,4,-5,IN STOCK,,,,,,,,,,,,
4/1/2026,1544,,RAQUEL-JASON NORTON,,CANVAS SKYLINE,14091-0000,5,68,63,IN STOCK,,,,,,,,,,,,
4/2/2026,1545,,BOB HAMM,,DUMONT STUCCO,305825-0002,34,64,30,IN STOCK,,,**TAKE FROM A11,,,,,,,,,
4/2/2026,1545,,BOB HAMM,,PIQUE FLAX,40421-0002,10,31,21,IN STOCK,,,,,,,,,,,,
4/2/2026,1545,,BOB HAMM,,PIQUE SAND,40421-0000,8,0,-8,RECEIVED,,,NEED 8,4/6/2026,4/9,TRIVANTAGE,,,,,GRACE,
4/2/2026,1545,,BOB HAMM,,LITCHFIELD SAND,42011-0019,13,0,-13,RECEIVED,,,NEED 13,4/6/2026,4/15,TRIVANTAGE LA,,,,,GRACE,
4/2/2026,1545,,BOB HAMM,,ESTI ONYX,44349-0024,5,1,-4,RECEIVED,,,NEED 5,4/6/2026,4/20,TRIV NC,,,,,GRACE,
4/2/2026,1546,,JIM-CAROL LAUB,,METAMORPHIC FOG,46094-0003,58,81,23,IN STOCK,,,"30 RESERVED AT MOMENT *RESERVED 15 ON B09, 8 ON B13 & 7 ON D01",,,,,,,,,
4/2/2026,1546,,JIM-CAROL LAUB,,METAMORPHIC FOG,46094-0003,58,81,23,RECEIVED,,,ORDER ON GLEN RAVEN 0880189000 NEED ONLY 25*RESERVED ON D13,,5/8,GLEN RAVEN,,,,,eta FedEx 5/08/26,
4/2/2026,1546,,JIM-CAROL LAUB,,PRECISE FAWN,145602-0006,4,4,0,RECEIVED,,,NEED 2,4/6/2026,4/9,TRIVANTAGE,,,,,GRACE,
4/2/2026,1546,,JIM-CAROL LAUB,,CANVAS TAUPE,5461-0000,7,4,-3,IN STOCK,,,,,,,,,,,,
4/2/2026,1546,,JIM-CAROL LAUB,,LITCHFIELD MIDNIGHT,42011-0023,39,7,-32,CANCELLED,,,NEED 30,4/6/2026,,TRIVANTAGE,,,,,GRACE,
4/2/2026,1546,,JIM-CAROL LAUB,,CRUSH ASH,42101-0004,10,29,19,IN STOCK,,,,,,,,,,,,
4/2/2026,1546,,JIM-CAROL LAUB,,LINVILLE OYSTER,145707-0007,39,9,-30,RECEIVED,,,**NEED 40,4/6/2026,4/20,TRIV NC,,,,,GRACE,
4/7/2026,1548,MIA,STEVE MORRELL,6/18,METAMORPHIC SAND,46094-0002,25,11,-14,IN STOCK,10/1/2026,-15.00,switch NEED 15 (se usaron para 1585-jeff brown pendiente recibir de glenraven para esta orden) ON BIN PAL-1,5/4/2026,,GLEN RAVEN,$24.61,,,,ORDER 40 YDS ONLINE ORDER# 0883767000,
4/7/2026,1548,,STEVE MORRELL,,BRANNON REDWOOD,5612-0000,8,3,-5,IN STOCK,,,,,,,,,,,,
4/7/2026,1548,,STEVE MORRELL,,PLAY MOCHA,40616-0004,6,0,-6,RECEIVED,,,NEED 6,4/8/2026,4/8,KEYSTON,,,,,MARCO,
4/7/2026,1549,,COLLEEN STEELE,,NURTURE CHARCOAL,42102-0006,3,1,-2,RECEIVED,,,NEED 5,4/8/2026,4/8,KEYSTON,,,,,MARCO,
4/8/2026,1506,,EDISOON REYNOSO,,ACTION STONE,44285-0002,44,0,-44,RECEIVED,,,24 PHX KEYSTONE,4/8/2026,4/8,,,,,,,
4/8/2026,1506,,EDISOON REYNOSO,,ACTION STONE,44285-0002,44,0,-44,RECEIVED,,,20 CALIF KEYSTONE,4/5/2026,4/13,,,,,,,
4/9/2026,1552,,BOSA-LINDA SCHOENER,,TRUSTED FOG,40524-0001,15,0,-15,RECEIVED,,,NEED 11,4/13/2026,4/14,KEYSTON,$15.50,,,,,
4/9/2026,1552,,BOSA-LINDA SCHOENER,,CAST SHALE,40432-0000,2,1,-1,RECEIVED,,,NEED 2,4/13/2026,4/14,KEYSTON,$14.89,,,,,
4/13/2026,1554,,NIVINE-DANY BAHDOUCH,,COAST BEACON,640-0042,35,5,-30,RECEIVED,,,NEED 30**RESERVED ON B11,4/14/2026,4/20,ULTRAFABRICS,$46.00,,,X,,
4/13/2026,1554,,NIVINE-DANY BAHDOUCH,,MIDORI STONE,145256-0005,26,0,-26,IN STOCK,,,**RESERVED 26 ON D10,,,,,,,,,
4/13/2026,1554,,NIVINE-DANY BAHDOUCH,,HERITAGE CHAR,18009-0000,5,12,7,IN STOCK,,,**RESERVED 5 ON A02,,,,,,,,,
4/13/2026,1554,,NIVINE-DANY BAHDOUCH,,BLISS SMOKE,48135-0003,3,0,-3,RECEIVED,,,NEED 3,4/13/2026,4/14,KEYSTON,$13.97,,,,,
4/13/2026,1554,,NIVINE-DANY BAHDOUCH,,COAST SAVANNA,640-3880,18,5,-13,RECEIVED,,,NEED 18 **RESERVED ON B11,4/14/2026,4/20,ULTRAFABRICS,$46.00,,,X,,
4/13/2026,1554,,NIVINE-DANY BAHDOUCH,,KINDLE SILK,145666-0002,9,73,64,IN STOCK,,,**RESERVADOS 9 ON C10,,,,,,,,,
4/13/2026,1556,,CORBIN NEWBERRY,,DUMONT SHIBORI,305825-0006,75,4,-71,RECEIVED,,,NEED 75--SEND 30--RECEIVED,4/13/2026,4/20,TRIVANTAGE,$29.05,,,X,,
4/13/2026,1556,,CORBIN NEWBERRY,,DUMONT SHIBORI,305825-0006,75,4,-71,RECEIVED,,,ALREADY SEND 30 FROM NC NEED 45,4/13/2026,4/27,TRIVANTAGE,$29.05,,,X,,
4/13/2026,1556,,CORBIN NEWBERRY,,LINVILLE DENIM,145707-0012,45,0,-45,CANCELLED,,,NEED 45... SEND 40 FROM OUTDOOR,4/15/2026,,OUTDOOR FABRIC CENTRAL,$86.95,,,X,CONFIRM WITH CHRIS ORDER OFC25-1270,
4/13/2026,1556,,CORBIN NEWBERRY,,LINVILLE DENIM,145707-0012,45,0,-45,CANCELLED,,,"NEED 5 TO COMPLETE, ONLY HAVE 1.8",4/15/2026,,TRIVANTAGE,$86.95,,,X,CONFIRM WITH ANGIE,
4/13/2026,1556,,CORBIN NEWBERRY,,VOYAGE INDIGO,146206-0001,25,0,-25,RECEIVED,,,NEED 25,4/28/2026,4/29,KEYSTON,,$21.36,,$28.01,55RD ROLL,
4/13/2026,1556,,CORBIN NEWBERRY,,PLATFORM SALT,42091-0013,7,0,-7,RECEIVED,,,NEED 7,,4/17,TRIVANTAGE,$33.12,,,X,,
4/13/2026,1557,JASMIN,JESSICA CURTIS,,LINVILLE SPA,145707-0013,87,34,-53,IN STOCK,,,*RESERVED 40 ON A12,4/13/2026,,GLEN RAVEN,,$23.62,,,40YD ROLL,
4/13/2026,1557,JASMIN,JESSICA CURTIS,,LOTUS CANYON,44495-0004,15,5,-10,RECEIVED,,,NEED 15,,4/17,TRIVANTAGE,$40.62,,,X,,
4/13/2026,1557,JASMIN,JESSICA CURTIS,06/04,METAMORPHIC SAND,46094-0002,3,11,8,IN STOCK,10/1/2026,-17.00,,,,,,,,,,
4/13/2026,1558,,HARRY HOBBS,,NURTURE HAZE,42102-0009,4,1,-3,RECEIVED,,,NEED 4,4/13/2026,4/14,KEYSTON,$28.31,,,,,
4/13/2026,1558,,HARRY HOBBS,,CAST OCEAN,48103-0000,8,0,-8,RECEIVED,,,NEED 2,4/13/2026,4/14,KEYSTON,$14.89,,,,,
4/13/2026,1558,,HARRY HOBBS,,MAINSTREET PUTTY,42048-0012,3,4,1,IN STOCK,,,,,,,,,,,,
4/13/2026,1558,,HARRY HOBBS,,SAPPHIRE BLUE,4641-0000,3,0,-3,RECEIVED,,,NEED 3,4/13/2026,4/14,KEYSTON,$20.90,,,,,
4/13/2026,1559,,JOE STANGL,,METAMORPHIC LAGOON,46094-0005,77,62,-15,IN STOCK,,,NEED 30 (LO AGARRAREMOS DE LO QUE YA LLEGO),,,GLEN RAVEN,$24.61,,,X,PORTAL STOCK0221,
4/13/2026,1559,,JOE STANGL,,ASCEND SPA,145410-0009,12,8,-4,RECEIVED,,,NEED 12,,4/17,TRIVANTAGE,$32.25,,,X,,
4/13/2026,1559,,JOE STANGL,,ASCEND SPA,145410-0009,12,8,-4,RECEIVED,,,"NEED 10 TO COMPLETE, RECEIVED ON B13",8/18/2026,8/24,TRIVANTAGE,,,,,,
4/20/2026,1562,,JW MARRIOTT-MIKE GENER,,CANVAS NAVY,5439-0000,16,8,-8,IN STOCK,,,IN STOCK,,,,,,,,,
4/21/2026,1557,JASMIN,JESSICA CURTIS,,LINVILLE SPA,145707-0013,87,34,-53,RECEIVED,,,TRIV 32 LA & TRI NC 15(RESERVED 32 ON B15 & 15 ON B15),4/21/2026,4/27,TRIVANTAGE,,,,X,CON MONTSE,
4/21/2026,1564,,NANCY-MARK BOWMAN,,COAST BEACON,640-0042,16,5,-11,RECEIVED,,,NEED 12,4/27/2026,4/30,ULTRAFABRICS,,,,X,BY EMAIL,
4/21/2026,1564,,NANCY-MARK BOWMAN,,ESTI ONYX,44349-0024,3,1,-2,RECEIVED,,,NEED 3,4/21/2026,4/27,TRIVANTAGE,,,,X,BELLA GRACE,
4/21/2026,1565,,AMAR,,SAILCLOTH SEAGULL,32000-0023,25,22,-3,RECEIVED,,,NEED 20,4/21/2026,4/22,KEYSTON,$27.09,,,,,
4/21/2026,1565,,AMAR,,CANVAS PERSIMMON,57013-0000,3,5,2,RECEIVED,,,NEED 3,4/21/2026,4/22,KEYSTON,$15.50,,,,,
4/21/2026,1565,,AMAR,,VALLEY SEDONA,146597-0010,3,0,-3,RECEIVED,,,NEED 3,4/21/2026,4/22,KEYSTON,$24.35,,,,,
4/21/2026,1566,,CHERYSE MILLER,,DUMONT MUSHROOM,305825-0003,40,13,-27,RECEIVED,,,NEED 45-ROLLO CON 45,4/21/2026,4/28,TRIVANTAGE,,,,,,
4/21/2026,1566,,CHERYSE MILLER,,PLAY JUNGLE,40616-0008,5,0,-5,RECEIVED,,,NEED 5,4/21/2026,4/22,KEYSTON,$12.45,,,,,
4/21/2026,1567,,ROBYN-CHRIS PARK,,DUMONT STUCCO,305825-0002,60,64,4,RECEIVED,,,NEED 40-ROLLO CON 45,4/21/2026,4/28,TRIVANTAGE,,,,,,
4/21/2026,1567,,ROBYN-CHRIS PARK,,PRINCIPLE TROPICS,16009-0001,20,3,-17,RECEIVED,,,NEED 20,4/21/2026,4/22,KEYSTON,$29.23,,,,,
4/21/2026,1567,,ROBYN-CHRIS PARK,,NUANCE SAND,400000-0003,2,0,-2,RECEIVED,,,NEED 2,4/21/2026,4/22,KEYSTON,$21.30,,,,,
4/22/2026,1568,KIAN,AMANDA WOOD,5/28,METAMORPHIC SAND,46094-0002,28,11,-17,IN STOCK,10/1/2026,-18.00,**RESERVED 27 ON D12,,,,,,,,,
4/22/2026,-,,JELENNA-HAMID,,CANVAS TEAK,5488-0000,5,3,-2,RECEIVED,,,NEED 5,4/22/2026,4/22,KEYSTON,,,,,,
4/22/2026,1569,,JEFF BENCK,,SAILCLOTH SEAGULL,32000-0023,10,22,12,RECEIVED,,,NEED 6***10YDS,5/13/2026,5/18,KEYSTON,$27.09,,,,WITH SERGIO OVER PHONE,
4/22/2026,1569,,JEFF BENCK,,SOLANA SEAGULL,32008-0000,7,4,-3,RECEIVED,,,***NEED 7,5/13/2026,5/18,KEYSTON,$28.62,,,,WITH SERGIO OVER PHONE,
4/23/2026,1546,,JIM-CAROL LAUB,,METAMORPHIC LAGOON,46094-0005,50,62,12,IN STOCK,,,REPLACE LITCHFIELD MIDNIGHT *RESERVED ON D11/A06/C02,,,,,,,,,
4/23/2026,1570,,LORI KENDRICK,,DUMONT STUCCO,305825-0002,40,64,24,RECEIVED,,,NEED 20..(7.6+1.10 CALIF) (4.75+2.5+1.3NC),4/27/2026,4/29,TRIVANTAGE,,,,,16 YDS EN TOTAL,
4/23/2026,1570,,LORI KENDRICK,,BLEND SAND,16001-0012,5,2,-3,RECEIVED,,,NEED 5,4/27/2026,4/29,TRIVANTAGE,,,,,,
4/23/2026,1570,,LORI KENDRICK,,LITCHFIELD SNOW,42011-0018,12,5,-7,RECEIVED,,,NEED 12,4/27/2026,4/29,TRIVANTAGE,,,,,,
4/23/2026,1570,,LORI KENDRICK,,LINVILLE OYSTER,145707-0007,4,9,5,IN STOCK,,,,,,,,,,,,
4/23/2026,1570,,LORI KENDRICK,,LITCHFIELD FOG,42011-0020,20,29.9,9.9,RECEIVED,,,NEED 20,4/27/2026,4/29,TRIVANTAGE,,,,,,
4/27/2026,1526,,RICHARD KREB,,LINVILLE PARCHMENT,145707-0006,50,18,-32,RECEIVED,,,NEED 10 TO COMPLETE,4/27/2026,5/4,TRIVANTAGE,$38.84,,,,,
4/27/2026,1571,,WARR-VASANTHA SUMANTH,,MOUNTAINS SNOW,72011-0001,18,19,1,IN STOCK,,,,,,,,,,,,
4/27/2026,1571,,WARR-VASANTHA SUMANTH,,METAMORPHIC LAGOON,46094-0005,12,62,50,RECEIVED,,,NEED 12 YDS,4/29/2026,5/20,TRIVANTAGE,,,,,BELLA GRACE,
4/28/2026,1572,KIAN,BETH COHEN,6/22,METAMORPHIC SAND,46094-0002,18,11,-7,RECEIVED,10/1/2026,-14.43,NEED 18 YDS (4.9+1.65)(4.1+3.3+2.6),4/29/2026,5/6/2026 & 5/20/26,TRIVANTAGE,$40.62,,,,GRACE,
4/29/2026,1553,,OPTIMA CHICAGO,,METAMORPHIC LAGOON,46094-0005,,62,62,RECEIVED,,,FROM GLEN RAVEN 800 YDS,,4/29,GLEN RAVEN,,,,,,
4/29/2026,1573,,SOLANA BEACH SHOWROOM 4-29,,CASSAVA INDIGO,44496-0008,5,4,-1,RECEIVED,,,NEED 5,4/29/2026,5/20,TRIVANTAGE,,,,,BELLA GRACE,
4/29/2026,1573,,SOLANA BEACH SHOWROOM 4-29,,CANVAS FOREST GREEN,5446-0000,3,31,28,IN STOCK,,,,,,,,,,,,
4/29/2026,1573,,SOLANA BEACH SHOWROOM 4-29,,TROPIC JUNGLE,145214-0000,3,0,-3,RECEIVED,,,NEED 3,4/29/2026,5/20,TRIVANTAGE,,,,,BELLA GRACE,
4/29/2026,1573,,SOLANA BEACH SHOWROOM 4-29,,ARIANA DEW,146100-0004,10,0,-10,RECEIVED,,,NEED 10,4/29/2026,5/20,TRIVANTAGE,,,,,BELLA GRACE,
4/29/2026,1573,,SOLANA BEACH SHOWROOM 4-29,,COAST DUSTY EARTH,ULCSFR3881,2,0,-2,RECEIVED,,,NEED 2,4/30/2026,5/5,ULTRAFABRICS,,,,,EMAIL,
4/29/2026,1574,SARA,MARTI BERTOLINO,,CRUSH ASH,42101-0004,23,29,6,IN STOCK,,,,,,,,,,,,
4/29/2026,1574,SARA,MARTI BERTOLINO,,PIQUE MIDNIGHT,40421-0022,9,0,-9,RECEIVED,,,NEED 9,4/29/2026,5/20,TRIVANTAGE,,,,,BELLA GRACE,
4/29/2026,1574,SARA,MARTI BERTOLINO,,POSH GRAPHITE,44157-0054,20,3,-17,RECEIVED,,,NEED 20,4/29/2026,5/20,TRIVANTAGE,,,,,BELLA GRACE,
4/29/2026,1574,SARA,MARTI BERTOLINO,,COAST WALRUS GREY,640-6086,4,1,-3,RECEIVED,,,NEED 4,4/30/2026,5/5,ULTRAFABRICS,,,,,EMAIL,
4/29/2026,1574,SARA,MARTI BERTOLINO,,COAST DOLPHIN,640-6508,3,11,8,RECEIVED,,,NEED 3,4/30/2026,5/5,ULTRAFABRICS,,,,,EMAIL,
4/29/2026,1574,SARA,MARTI BERTOLINO,,LEAF STRUCTURE SAND,146419-0002,10,3,-7,RECEIVED,,,NEED 5,4/29/2026,5/20,TRIVANTAGE,,,,,BELLA GRACE,
4/29/2026,1574,SARA,MARTI BERTOLINO,,RIB NATURAL,7704-0000,3,0,-3,CANCELLED,,,NEED 3,4/29/2026,,TRIVANTAGE,,,,,DISCONTINUED BY GRACE,
4/29/2026,1574,SARA,MARTI BERTOLINO,,LINEN NATURAL,8304-0000,3,1,-2,RECEIVED,,,**REEMPLAZA A RIB NATURAL* NEED 3,5/6/2026,5/7,KEYSTON,,,,$17.94,ONLINE,
4/29/2026,1575,JASMIN,ASHLEY CHAMPAGNE,,CASSAVA STONE,44496-0002,11,5,-6,RECEIVED,,,NEED 10,4/29/2026,5/20,TRIVANTAGE,,,,,BELLA GRACE,
4/29/2026,1575,JASMIN,ASHLEY CHAMPAGNE,6/18,CASSAVA STONE,44496-0002,5,5,0,RECEIVED,10/1/2026,-15.00,NEED 5 TO COMPLETE,,6/17,TRIVANTAGE,$32.32,,,,ONLINE WC-5141805,
4/29/2026,1575,JASMIN,ASHLEY CHAMPAGNE,,KINDLE SILK,145666-0002,2,73,71,IN STOCK,,,,,,,,,,,,
4/29/2026,1575,JASMIN,ASHLEY CHAMPAGNE,,LINVILLE OYSTER,145707-0007,15,9,-6,RECEIVED,,,NEED 12,4/29/2026,5/20,TRIVANTAGE,,,,,BELLA GRACE,
4/29/2026,1575,JASMIN,ASHLEY CHAMPAGNE,,HERITAGE SLATE,18015-0000,4,0,-4,RECEIVED,,,NEED 4,4/29/2026,5/20,TRIVANTAGE,,,,,BELLA GRACE,
4/29/2026,1576,SARA,RICHARD AGUILAR,,SPECTRUM MUSHROOM,48031-0000,18,0,-18,RECEIVED,,,NEED 14,4/29/2026,5/20,TRIVANTAGE,,,,,BELLA GRACE,
4/29/2026,1576,SARA,RICHARD AGUILAR,6/24,METAMORPHIC SAND,46094-0002,11,11,0,RECEIVED,10/1/2026,-14.14,NEED 11**ONLY 10 AT OUTDOOR (10YDS RESERVED ON B14),4/30/2026,5/12,OUTDOOR FABRIC,$90.95,,,,ONLINE ORDERED OFC25-1515,
4/29/2026,1576,SARA,RICHARD AGUILAR,,UNDERCURRENT SAND,47203-0001,3,0,-3,IN STOCK,,,,,,,,,,,,
4/29/2026,1577,,DR MARK SIEGEL,,CANVAS HEATHER BEIGE,4672-0000,4,47,43,IN STOCK,,,,,,,,,,,,
4/29/2026,1579,,DARCIE LANE,,LINVILLE PARCHMENT,145707-0006,2,18,16,IN STOCK,,,,,,,,,,,,
5/1/2026,1578,SARA,DAN AMBROSE,,MIDORI INDIGO,145256-0001,15,0,-15,RECEIVED,,,NEED 15+19 ADD,5/1/2026,5/4,KEYSTON,$31.97,,,,,
5/1/2026,1578,SARA,DAN AMBROSE,,MIDORI INDIGO,145256-0001,15,0,-15,RECEIVED,,,NEED 19 ADD(update the pdf),5/13/2026,5/20,TRIVANTAGE,$39.78,,,,ONLINE,
5/1/2026,1578,SARA,DAN AMBROSE,,CANVAS WHITE,57003-0000,4,11,7,IN STOCK,,,**RESERVED ON B07*,,,,,,,,,
5/1/2026,1578,SARA,DAN AMBROSE,,CAST OCEAN,48103-0000,7,0,-7,RECEIVED,,,NEED 2+15 ADD,5/1/2026,5/4,KEYSTON,$29.78,,,,,
5/1/2026,1578,SARA,DAN AMBROSE,,CAST OCEAN,48103-0000,7,0,-7,RECEIVED,,,NEED 15 ADD (update pdf)**ON B14,5/13/2026,5/19,TRIVANTAGE,$17.45,,,,,
5/1/2026,1578,SARA,DAN AMBROSE,,CANVAS NAVY,5439-0000,3,8,5,RECEIVED,,,NEED 3+3 ADD,5/1/2026,5/4,KEYSTON,$15.50,,,,,
5/1/2026,1578,SARA,DAN AMBROSE,,CANVAS NAVY,5439-0000,3,8,5,RECEIVED,,,NEED 3 ADD (Update pdf)**ON B14,5/13/2026,5/19,TRIVANTAGE,$17.76,,,,,
5/1/2026,1578,SARA,DAN AMBROSE,5/25,METAMORPHIC SAND,46094-0002,5,11,6,RECEIVED,10/1/2026,-18.43,NEED 5,5/1/2026,5/20,TRIVANTAGE,$40.62,,,,,
5/1/2026,1578,SARA,DAN AMBROSE,,TROPIC JUNGLE,145214-0000,8,0,-8,RECEIVED,,,NEED 8,5/1/2026,5/6,TRIVANTAGE,$40.97,,,,,
5/1/2026,1578,SARA,DAN AMBROSE,,CANVAS NATURAL,5404-0000,5,8,3,RECEIVED,,,NEED 5,5/1/2026,5/4,KEYSTON,$15.50,,,,,
5/1/2026,1578,SARA,DAN AMBROSE,,CANVAS FOREST GREEN,5446-0000,3,31,28,IN STOCK,,,,,,,,,,,,
5/1/2026,1578,SARA,DAN AMBROSE,,METAMORPHIC SLATE,46094-0004,4,1,-3,RECEIVED,,,NEED 4,5/1/2026,5/6,TRIVANTAGE,$40.62,,,,,
5/1/2026,1578,SARA,DAN AMBROSE,,METAMORPHIC CLOUD,46094-0006,3,23,20,IN STOCK,,,,,,,,,,,,
5/1/2026,1578,SARA,DAN AMBROSE,,CANVAS CHARCOAL,54048-0000,6,3,-3,IN STOCK,,,**RESERVED 4 ON D04 & 2 ON A10**,,,,,,,,,
5/1/2026,1578,SARA,DAN AMBROSE,,LEAF STRUCTURE CLOUD,146419-0001,24,71,47,IN STOCK,,,**RESERVED ON D10**,,,,,,,,,
5/1/2026,1580,,SCOTTSDALE SHOWROOM 4-28,,LEAF STRUCTURE CLOUD,146419-0001,14,71,57,IN STOCK,,,**RESERVED ON B06,,,,,,,,,
5/1/2026,1580,,SCOTTSDALE SHOWROOM 4-28,,UNDERCURRENT STORM,47203-0002,3,0,-3,IN STOCK,,,**RESERVED ON B06,,,,,,,,,
5/4/2026,1556,,CORBIN NEWBERRY,,CASSAVA SLATE,44496-0004,45,3,-42,IN STOCK,,,BY CUSTOMER: REEMPLAZA LINVILLE DENIM **RESERVADO EN D14,,,,,,,,,
5/4/2026,1583,BENJA,MELANIE DEPATIE NEW SECTION,7/30,LITCHFIELD PEBBLE,42011-0021,26,63,37,RECEIVED,10/1/2026,-9.00,NEED 26 (NEED FOR 6/30) NEED 8 WEEKS,5/4/2026,7/6,GLEN RAVEN,$28.70,,,,ORDER 30YDS ONLINE ORDER# 0883767000,
5/4/2026,1583,BENJA,MELANIE DEPATIE NEW SECTION,7/30,LINVILLE PARCHMENT,145707-0006,10,18,8,IN STOCK,,,**RESERVED ON A02,,,,,,,,,
5/4/2026,1583,BENJA,MELANIE DEPATIE NEW SECTION,7/30,LITCHFIELD MIDNIGHT,42011-0023,3,7,4,IN STOCK,,,**RESERVED ON B07,,,,,,,,,
5/4/2026,1583,BENJA,MELANIE DEPATI WARRANTY,7/30,LITCHFIELD PEBBLE,42011-0021,17,63,46,RECEIVED,10/1/2026,-9.00,NEED 17**order 14 only available (14YDS RESERVED ON C13),5/4/2026,5/12,TRIVANTAGE,$47.96,,,,ONLINE,
5/4/2026,1583,BENJA,MELANIE DEPATI WARRANTY,7/30,LINVILLE PARCHMENT,145707-0006,4,18,14,RECEIVED,10/1/2026,-9.00,NEED 4  *ALLOCATED ON C12,5/4/2026,5/7,TRIVANTAGE,$38.84,,,,ONLINE,
5/4/2026,1583,BENJA,MELANIE DEPATI WARRANTY,7/30,LITCHFIELD MIDNIGHT,42011-0023,14,7,-7,RECEIVED,10/1/2026,-9.00,NEED 10 YDS *ALLOCATED ON C12,5/4/2026,5/7,TRIVANTAGE,$47.96,,,,ONLINE,
5/4/2026,1584,SARA,MAHILE-SHARIF,,CAST ASH,40428-0000,20,15,-5,RECEIVED,,,NEED 20  **ON C15,5/4/2026,5/19,KEYSTON,$14.89,,,,ONLINE,
5/4/2026,1584,SARA,MAHILE-SHARIF,,METAMORPHIC FOG,46094-0003,9,81,72,RECEIVED,,,NEED 10 YDS *ALLOCATED ON C12,5/4/2026,5/7,TRIVANTAGE,$40.62,,,,ONLINE,
5/4/2026,1584,SARA,MAHILE-SHARIF,,CAST LAGOON,40456-0000,8,0,-8,RECEIVED,,,NEED 8  *ON C15,5/4/2026,5/19,KEYSTON,$14.89,,,,ONLINE,
5/4/2026,1584,SARA,MAHILE-SHARIF,,FISCHER LAGOON,45885-0000,7,36,29,IN STOCK,,,**RESERVED ON B01,,,,,,,,,
5/4/2026,1584,SARA,MAHILE-SHARIF,6/3,METAMORPHIC SAND,46094-0002,11,11,0,RECEIVED,10/1/2026,-17.14,NEED 11**ORDER 10 ONLY AVAILABLE** ON B10,5/4/2026,5/19,TRIVANTANGE,$40.62,,,,ONLINE,
5/4/2026,1585,SARA,JEFF BROWN,6/11,METAMORPHIC SAND,46094-0002,24,11,-13,in stock,10/1/2026,-16.00,switch NEED 24(NEED FOR 06/11) NEED 8 WEEKS (se agarro de 1548-steve morell debido a que agendo mas lejos),5/4/2026,,GLEN RAVEN,$24.61,,,,ORDER 40 YDS ONLINE ORDER# 0883767000,
5/4/2026,1585,SARA,JEFF BROWN,,CASSAVA INDIGO,44496-0008,4,4,0,RECEIVED,,,NEED 4  *ALLOCATED ON C12,5/4/2026,5/7,TRIVANTAGE,$31.37,,,,ONLINE,
5/4/2026,KIAN,KIAN,KIAN REQUEST,,CASSAVA STONE,44496-0002,3,5,2,RECEIVED,,,NEED 3 *ALLOCATED ON C12,5/4/2026,5/7,TRIVANTAGE,,,,,,
5/6/2026,1586,MIA,ROBIN CZAP,,METAMORPHIC CLOUD,46094-0006,34,23,-11,IN STOCK,,,**RESERVED 34 ON C05,,,,,,,,,
5/6/2026,1586,MIA,ROBIN CZAP,,LEAF STRUCTURE CLOUD,146419-0001,6,71,65,RECEIVED,,,NEED 6,5/6/2026,5/11,TRIVANTAGE,$38.77,,,,ONLINE,
5/6/2026,1587,KIAN,DAN CHINITZ,,LINVILLE PARCHMENT,145707-0006,40,18,-22,RECEIVED,,,NEED 40,5/6/2026,5/11,TRIVANTAGE,$36.51,,,,ONLINE,
5/11/2026,1590,JASMIN,MICHELLE JAO VELASQUEZ,,METAMORPHIC LAGOON,46094-0005,49,62,13,IN STOCK,,,45YDS **RESERVED ON C10,,,,,,,,,
5/11/2026,1590,JASMIN,MICHELLE JAO VELASQUEZ,,LEAF STRUCTURE CLOUD,146419-0001,15,71,56,RECEIVED,,,*RESERVED 7 ON B06 & 3 ON D10---NEED 10 (55YDS COME FROM GLENRAVEN),,5/26,GLENRAVEN,$23.58,,,,55YDS COME ON SALES ORDER: 0880189000,
5/11/2026,1590,JASMIN,MICHELLE JAO VELASQUEZ,,CANVAS SAPPHIRE BLUE,5452-0000,4,2,-2,RECEIVED,,,NEED 5,5/12/2026,5/13,KEYSTON,$15.50,,,,ONLINE,
5/11/2026,1590,JASMIN,MICHELLE JAO VELASQUEZ,,DUMONT STUCCO,305825-0002,20,64,44,RECEIVED,,,*RESERVED 10 YDS ON B07--NEED 10 (45YD COME FROM GLENRAVEN),,5/26,GLENRAVEN,$16.95,,,,45YD COME ON SALES ORDER: 0881805000,
5/11/2026,1590,JASMIN,MICHELLE JAO VELASQUEZ,,LINVILLE PARCHMENT,145707-0006,15,18,3,IN STOCK,,,*RESERVED 15 YDS ON D12,,,,,,,,,
5/12/2026,1591,SARA,BRIAN BEVERLY,06/16,GATEWAY MIST,58039-0000,11,0,-11,RECEIVED,10/1/2026,-15.29,NEED 11,5/12/2026,5/13,KEYSTON,$16.11,,,,ONLINE,
5/12/2026,1591,SARA,BRIAN BEVERLY,,VIOLETTA BALTIC,45760-0002,17,0,-17,IN STOCK,10/1/2026,"-6,613.71",,,,,,,,,,
5/12/2026,1591,SARA,BRIAN BEVERLY,06/16,HERITAGE LEAF,18011-0000,21,7,-14,RECEIVED,10/1/2026,-15.29,NEED 20,5/12/2026,5/13,KEYSTON,$28.31,,,,ONLINE,
5/12/2026,1591,SARA,BRIAN BEVERLY,06/16,FISCHER LAGOON,45885-0000,30,36,6,CANCELLED,10/1/2026,-15.29,NEED 28 (SE CAMBIO DE TELA),5/14/2026,,REX FABRICS,$61.00,,,X,ONLINE,
5/12/2026,1593,KIAN,JENNIFER LAABS,07/03,CRUSH SNOW,42101-0001,80,0,-80,RECEIVED,10/1/2026,-12.86,40 from glen raven: order 0877411000,5/12/2026,5/26,GLENRAVEN,$21.21,,,,ORDER: 0877411000,
5/12/2026,1593,KIAN,JENNIFER LAABS,07/03,CRUSH SNOW,42101-0001,80,0,-80,RECEIVED,10/1/2026,-12.86,40 NEED ORDER AT TRIVANTAGE,5/26/2026,6/1,TRIVANTAGE,$33.42,,,,ANDREA BY EMAIL: Y105382489,
5/12/2026,1593,KIAN,JENNIFER LAABS,07/03,CABANA CLASSIC,58030-0000,10,0,-10,RECEIVED,10/1/2026,-12.86,NEED 6,5/12/2026,5/13,KEYSTON,$16.11,,,,ONLINE,
5/12/2026,1593,KIAN,JENNIFER LAABS,07/03,CONNECTION ONYX,145153-0000,4,22,18,RECEIVED,10/1/2026,-12.86,NEED 4 **ON C14,5/13/2026,5/19,TRIVANTAGE,$38.68,,,X,ONLINE,
5/12/2026,1593,KIAN,JENNIFER LAABS,07/03,CANVAS BLACK,5408-0000,6,0,-6,RECEIVED,10/1/2026,-12.86,NEED 5,5/12/2026,5/13,KEYSTON,$15.50,,,,ONLINE,
5/12/2026,1594,,RUSH OPTIMA MODEL UNIT TERRACES,05/21,CRUSH CAMEL,42101-0007,2,1,-1,RECEIVED,10/1/2026,-19.00,NEED 2 **ON C11,5/13/2026,5/19,TRIVANTAGE,$34.52,,,X,ONLINE,
5/12/2026,1594,,RUSH OPTIMA MODEL UNIT TERRACES,05/21,Assemble II Teak,47247-0001,2,1,-1,RECEIVED,10/1/2026,-19.00,NEED 2,5/12/2026,5/13,KEYSTON,$30.14,,,,ONLINE,
5/12/2026,1595,JASMIN,LAURA ROBINSON,06/12,LITCHFIELD MIDNIGHT,42011-0023,18,7,-11,CANCELLED,10/1/2026,-15.86,NEED 11,5/13/2026,,ARIZONA CUSTOM CUSHIONS,$106.95,,,X,ONLINE CANCELLED----DEBIDO A QUE NO SE LOCALIZO A TIEMPO,
5/12/2026,1595,JASMIN,LAURA ROBINSON,06/12,GATEWAY COAST,14087-0000,3,2,-1,RECEIVED,10/1/2026,-15.86,NEED 2 **ON C10,5/13/2026,5/19,TRIVANTAGE,$18.74,,,X,ONLINE,
5/12/2026,1595,JASMIN,LAURA ROBINSON,06/12,CANVAS SAPPHIRE BLUE,5452-0000,3,2,-1,RECEIVED,10/1/2026,-15.86,NEED 3,5/12/2026,5/13,KEYSTON,$15.50,,,,ONLINE,
5/12/2026,STOCK,,STOCK,05/20,FISCHER LAGOON,45885-0000,30,36,6,RECEIVED,10/1/2026,-19.14,NEED 30 (ORIGINAL PARA SARA 1591),5/15/2026,5/26,REX FABRICS,$61.00,,,X,ONLINE,
5/13/2026,STOCK,,ORDER# 0880189000,,KINDLE SILK,145666-0002,,73,,RECEIVED,,,RECEIVED 22YDS,,5/13,GLENRAVEN,,,,,,
5/13/2026,STOCK,,ORDER# 0876019000,,UNDERCURRENT SAND,47203-0001,,0,,RECEIVED,,,RECEIVED 45YDS,,5/13,GLENRAVEN,,,,,,
5/13/2026,STOCK,,ORDER# 0876019000,,UNDERCURRENT STORM,47203-0002,,0,,RECEIVED,,,RECEIVED 45YDS,,5/13,GLENRAVEN,,,,,,
5/13/2026,STOCK,,ORDER# 0877411000,,METAMORPHIC LAGOON,46094-0005,,62,,RECEIVED,,,RECEIVED 30YDS,,5/13,GLENRAVEN,,,,,,
5/13/2026,STOCK,,ORDER# 0883232000,,CAST ASH,40428-0000,,15,,RECEIVED,,,RECEIVED 60YDS,,5/13,GLENRAVEN,,,,,,
5/13/2026,1598,KIAN,WARR-DAN MAYNARD,06/30,SAVVY INDIGO,45889-0007,32,7,-25,RECEIVED,10/1/2026,-13.29,NEED 30,5/15/2026,5/20,TRIVANTAGE,$35.30,8WEEKS,,X,ONLINE,
5/13/2026,1598,KIAN,WARR-DAN MAYNARD,06/30,METAMORPHIC SNOW,46094-0001,60,57,-3,IN STOCK,10/1/2026,-13.29,"39YD BIN:C05,11YDS ON C06,10YD ON D13",,,,,,,,,
5/13/2026,1596,KIAN,PAMM POPP REDO,06/22,SPECTRUM DENIM,48086-0000,16,0,-16,RECEIVED,10/1/2026,-14.43,NEED 10,5/15/2026,5/19,KEYSTON,$13.97,,,,ONLINE,
5/13/2026,1599,KIAN,BEN NANSON,06/17,LINVILLE PARCHMENT,145707-0006,19,18,-1,IN STOCK,10/1/2026,-15.14,,,,,,,,,,
5/13/2026,1599,KIAN,BEN NANSON,06/17,CANVAS SAPPHIRE BLUE,5452-0000,3,2,-1,RECEIVED,10/1/2026,-15.14,NEED 3,5/15/2026,5/19,KEYSTON,$15.50,,,,ONLINE,
5/14/2026,1361,JASMIN,BRISS NORRIS,06/26,NURTURE WHITE,42102-0001,7,0,-7,RECEIVED,10/1/2026,-13.86,NEED 7 TO COMPLETE 1361,5/19/2026,5/26,TRIVANTAGE,$36.41,,,X,ONLINE,
5/15/2026,1600,KIAN,RUSH BO BELL,06/15,CHARMER WREN,42111-0004,50,5,-45,RECEIVED,10/1/2026,-15.43,NEED 50 (10 ON 5/20)(45 ON 5/26),5/15/2026,5/20 & 5/26,TRIVANTAGE,$30.45,4+ WEEKS,,,ONLINE,
5/15/2026,1600,KIAN,RUSH BO BELL,06/15,HERITAGE RUST,18021-0000,12,1,-11,RECEIVED,10/1/2026,-15.43,NEED 12,5/15/2026,5/20,TRIVANTAGE,$32.51,,,,ONLINE,
5/15/2026,1600,KIAN,RUSH BO BELL,06/15,HERITAGE SABLE,18019-0000,13,0,-13,RECEIVED,10/1/2026,-15.43,NEED 13,5/15/2026,5/20,TRIVANTAGE,$32.51,,,,ONLINE,
5/18/2026,-,,JELENNA-HAMID,5/25,CANVAS TEAK,5488-0000,10,3,-7,RECEIVED,10/1/2026,-18.43,NEED 10,5/18/2026,5/19,KEYSTON,$15.50,,,,ONLINE,
5/18/2026,1602,KIAN,RONALD NISSON,6/15,CHARTRES GRANITE,45864-0105,65,7,-58,RECEIVED,10/1/2026,-15.43,NEED 65,5/18/2026,5/20,TRIVANTAGE,$36.37,8 WEEKS,,,ONLINE,
5/18/2026,1602,KIAN,RONALD NISSON,6/15,SPECTRUM CARBON,48085-0000,9,5,-4,RECEIVED,10/1/2026,-15.43,NEED 5,5/18/2026,5/20,TRIVANTAGE,$16.41,IN STOCK,,,ONLINE,
5/18/2026,1602,KIAN,RONALD NISSON,6/15,HERITAGE SMOKE,18014-0000,3,0,-3,RECEIVED,10/1/2026,-15.43,NEED 3,5/18/2026,5/20,TRIVANTAGE,$33.08,IN STOCK,,,ONLINE,
5/19/2026,1595,JASMIN,LAURA ROBINSON,06/12,METAMORPHIC LAGOON,46094-0005,18,62,44,IN STOCK,5/19,3.43,IN STOCK,,,,,,,,,
5/19/2026,1605,BENJA,DEANNE SPRENGER,6/15,CANVAS HENNA,5407-0000,12,28,16,IN STOCK,10/1/2026,-15.43,OK ON BIN: C05,,,,,,,,,
5/19/2026,1605,BENJA,DEANNE SPRENGER,6/15,ARRAY CARIBBEAN,145654-0003,3,0,-3,CANCELLED,10/1/2026,-15.43,NEED 3 (DISCONTINUED),,,,,,,,,
5/20/2026,1591,SARA,BRIAN BEVERLY,06/16,GATEWAY MIST,58039-0000,30,0,-30,RECEIVED,10/1/2026,-15.29,NEED 30,5/20/2026,5/21,KEYSTON,$16.11,,,,ONLINE,
5/26/2026,STOCK,,STOCK,,METAMORPHIC LAGOON,46094-0005,-,62,-,RECEIVED,10/1/2026,,RECEIVED 53YDS (31.8+10.2+12.3),,5/26,GLENRAVEN,,,,,ORDERS# 0880189000 & 0877411000,
5/26/2026,STOCK,,STOCK,,KINDLE SILK,145666-0002,-,73,-,RECEIVED,10/1/2026,,RECEIVED 40YDS,,5/26,GLENRAVEN,,,,,ORDER# 0878272000,
5/26/2026,STOCK,,STOCK,,LITCHFIELD FOG,42011-0020,-,29.9,-,RECEIVED,10/1/2026,,RECEIVED 23.9YDS,,5/26,GLENRAVEN,,,,,ORDER# 0884180000,
5/26/2026,STOCK,,STOCK,,DUMONT STUCCO,305825-0002,-,64,-,RECEIVED,10/1/2026,,RECEIVED 45 YDS,,5/26,GLENRAVEN,,,,,ORDER# 0883232000,
5/26/2026,STOCK,,STOCK,,ESTI ONYX,44349-0024,-,1,-,RECEIVED,10/1/2026,,RECEIVED 60.4 YDS,,5/26,GLENRAVEN,,,,,ORDER# 08832320000,
5/26/2026,1609,MIA,MEGAN KELLY,6/29,UNDERCURRENT TIDE,47203-0004,26,0,-26,RECEIVED,10/1/2026,-13.43,NEED 25,5/27/2026,6/1,TRIVANTAGE,$43.75,8 WEEKS,,,ONLINE,
5/26/2026,1609,MIA,MEGAN KELLY,6/29,AGRA INDIGO,145147-0000,6,0,-6,RECEIVED,10/1/2026,-13.43,NEED 6,5/27/2026,6/1,TRIVANTAGE,$37.49,,,,ONLINE,
5/26/2026,1609,MIA,MEGAN KELLY,6/29,LINVILLE INDIGO,145707-0010,18,0,-18,RECEIVED,10/1/2026,-13.43,NEED 18,5/27/2026,6/2,TRIVANTAGE,$40.01,,,,ONLINE,
5/26/2026,1609,MIA,MEGAN KELLY,6/29,KINDLE INDIGO,145666-0004,16,12,-4,IN STOCK,10/1/2026,-13.43,,,,,,,,,,
5/26/2026,1609,MIA,MEGAN KELLY,6/29,POSH SAPPHIRE,44157-0053,29,22,-7,IN STOCK,10/1/2026,-13.43,,,,,,,,,,
5/26/2026,1609,MIA,MEGAN KELLY,6/29,CHARTRES DAYBREAK,45864-0107,14,8,-6,RECEIVED,10/1/2026,-13.43,NEED 14,5/27/2026,6/1,TRIVANTAGE,$36.37,,,,ONLINE,
5/27/2026,1610,KIAN,PAUL DICOSMO-REDO,6/26,SPECTRUM DOVE,48032-0000,6,8,2,RECEIVED,10/1/2026,-13.86,NEED 6,5/27/2026,6/1,TRIVANTAGE,$16.42,,,,ONLINE,
5/28/2026,STOCK,,STOCK,,CRUSH SNOW,42101-0001,-,0,-,RECEIVED,10/1/2026,,40 from glen raven: order 0884431000,,5/27,GLENRAVEN,$21.21,,,,ORDER: 0884431000,
5/28/2026,1612,MIA,REDO-MARCIA RITTER,,CABANA CLASSIC,58030-0000,15,0,-15,RECEIVED,10/1/2026,,NEED 10 *ON BIN:C15,6/1/2026,6/10,KEYSTON,$16.72,,,,ONLINE,
5/28/2026,1612,MIA,REDO-MARCIA RITTER,,CANVAS WHITE,57003-0000,3,11,8,IN STOCK,10/1/2026,,,,,,,,,,,
5/28/2026,1613,SARA,RAQUEL-JASON NORTON,7/6,CANVAS NAVY,5439-0000,7,8,1,IN STOCK,10/1/2026,-12.43,,,,,,,,,,
5/28/2026,1613,SARA,RAQUEL-JASON NORTON,7/6,POSH SAPPHIRE,44157-0053,7,22,15,IN STOCK,10/1/2026,-12.43,,,,,,,,,,
5/28/2026,1613,SARA,RAQUEL-JASON NORTON,7/6,CANVAS SKYLINE,14091-0000,4,68,64,IN STOCK,10/1/2026,-12.43,,,,,,,,,,
5/28/2026,1613,SARA,RAQUEL-JASON NORTON,7/6,ADAPTATION INDIGO,69010-0004,6,4,-2,CANCELLED,10/1/2026,-12.43,NEED 6,6/1/2026,,REX,$36.73,X,,X,DISCONTINUED,
5/28/2026,1613,SARA,RAQUEL-JASON NORTON,7/6,CANVAS NAVY,5439-0000,6,8,2,RECEIVED,10/1/2026,-12.43,NEED 10,6/12/2026,6/15,TRIVANTAGE,$18.07,,,,by phone,
5/28/2026,1614,SARA,BETH HOFFMAN,7/6,SPECTRUM DENIM,48086-0000,10,0,-10,RECEIVED,10/1/2026,-12.43,NEED 10 (5 PHX & 5 CALI),6/1/2026,6/9,KEYSTON,$14.58,,,,ONLINE ORDER#13244,
5/28/2026,1614,SARA,BETH HOFFMAN,7/6,LEAF STRUCTURE INDIGO,146419-0006,3,2,-1,RECEIVED,10/1/2026,-12.43,NEED 3,6/1/2026,,TRIVANTAGE,,,,X,BY PHONE,
5/28/2026,1614,SARA,BETH HOFFMAN,7/6,SWITCH INDIGO,40555-0008,10,0,-10,RECEIVED,10/1/2026,-12.43,NEED 10,6/1/2026,,TRIVANTAGE,,,,X,BY PHONE,
6/1/2026,1615,KIAN,KORRENA GLEN,6/22,LINVILLE PARCHMENT,145707-0006,51,18,-33,RECEIVED,10/1/2026,-14.43,NEED 30,6/1/2026,6/3,TRIVANTAGE,,8 WEEKS,,X,BY PHONE,
6/1/2026,1615,KIAN,KORRENA GLEN,6/22,COAST CONCH,640-3797,6,0,-6,RECEIVED,10/1/2026,-14.43,NEED 6,6/2/2026,6/4,ULTRAFABRICS,,,,X,EMAIL,
6/1/2026,1615,KIAN,KORRENA GLEN,6/22,ARRAY DUNE,145654-0001,3,0,-3,RECEIVED,10/1/2026,-14.43,NEED 3,6/1/2026,,TRIVANTAGE,,,,X,BY PHONE,
6/1/2026,1615,KIAN,KORRENA GLEN,6/22,ESTI ONYX,44349-0024,7,1,-6,IN STOCK,10/1/2026,-14.43,,,,,,,,,,
6/1/2026,1615,KIAN,KORRENA GLEN,6/22,STERLING ALPACA,40553-0002,6,0,-6,RECEIVED,10/1/2026,-14.43,NEED 6,6/1/2026,,TRIVANTAGE,,,,X,BY PHONE,
6/1/2026,1615,KIAN,KORRENA GLEN,6/22,COAST SAVANNA,640-3880,5,5,0,RECEIVED,10/1/2026,-14.43,NEED 5,6/2/2026,6/4,ULTRAFABRICS,$46.00,,,X,EMAIL,
6/2/2026,1616,KIAN,JILL CUTRONE,7/25,DUMONT STUCCO,305825-0002,56,64,8,IN STOCK,10/1/2026,-9.71,ON BIN: D05 (45) & PAL-1 (11),,,,,,,,,
6/2/2026,1616,KIAN,JILL CUTRONE,7/25,HERITAGE SKY,18016-0000,22,3,-19,RECEIVED,10/1/2026,-9.71,NEED 22,6/3/2026,6/9,TRIVANTAGE,$33.08,,,X,ONLINE,
6/2/2026,1616,KIAN,JILL CUTRONE,7/25,ASCEND SPA,145410-0009,16,8,-8,RECEIVED,10/1/2026,-9.71,NEED 16,6/3/2026,6/9,TRIVANTAGE,$33.22,,,,ONLINE,
6/2/2026,1616,KIAN,JILL CUTRONE,7/25,CANVAS WHITE,57003-0000,25,11,-14,RECEIVED,10/1/2026,-9.71,NEED 25,6/3/2026,6/4,KEYSTON,$16.11,,,,ONLINE,
6/2/2026,1616,KIAN,JILL CUTRONE,7/25,DUPIONE CELEST,8067-0000,15,0,-15,RECEIVED,10/1/2026,-9.71,NEED 10,6/3/2026,,KEYSTON,$19.77,,,,ONLINE,
6/2/2026,1616,KIAN,JILL CUTRONE,7/25,CRUSH ASH,42101-0004,37,29,-8,IN STOCK,10/1/2026,-9.71,**ON BIN: C11,,,,,,,,,
6/2/2026,1616,KIAN,JILL CUTRONE,7/25,LEAF STRUCTURE CLOUD,146419-0001,10,71,61,IN STOCK,10/1/2026,-9.71,,,,,,,,,,
6/2/2026,1616,KIAN,JILL CUTRONE,7/25,NURTURE INDIGO,42102-0008,3,0,-3,RECEIVED,10/1/2026,-9.71,NEED 5,6/3/2026,,KEYSTON,$29.23,,,,ONLINE,
6/6/2026,1617,KIAN,REDO-SHELLEY GROTHAUS,07/22,CANVAS CANVAS,5453-0000,12,16,4,IN STOCK,10/1/2026,-10.14,12YDS ON BIN: A01,,,,,,,,,
6/6/2026,1618,JASMIN,MIKE CHAFFERUR,7/16,LITCHFIELD SAND,42011-0019,41,0,-41,CANCELLED,10/1/2026,-11.00,NEED 30 from portal Glenraven,6/10/2026,,GLEN RAVEN,$49.40,$28.70,,,order#0886661000,
6/6/2026,1618,JASMIN,MIKE CHAFFERUR,7/16,LITCHFIELD SAND,42011-0019,41,0,-41,CANCELLED,10/1/2026,-11.00,Need 14 from trivantage  **only available,6/10/2026,,TRIVANTAGE,$49.40,8 WEEKS,,,by phone,
6/6/2026,1618,JASMIN,MIKE CHAFFERUR,7/16,CANVAS PERSIMMON,57013-0000,20,5,-15,RECEIVED,10/1/2026,-11.00,NEED 16,6/8/2026,6/9,KEYSTON,$16.11,,,,ONLINE,
6/6/2026,1619,SARA,LISA FORD,7/20,BLISS SAND,48135-0002,29,10,-19,RECEIVED,10/1/2026,-10.43,NEED 30 ON PALLET-3,6/10/2026,7/15,GLEN RAVEN,,$11.71,,COMING 60,order#0886661000,
6/6/2026,1620,KIAN,JENNIFER JOHNSON,7/24,CANVAS CLOUD,57012-0000,21,4,-17,RECEIVED,10/1/2026,-9.86,NEED 12,6/8/2026,6/9,KEYSTON,$16.11,,,,ONLINE,
6/6/2026,1621,KIAN,JENNIFER FISHER,8/20,CASSAVA MUSHROOM,44496-0003,51,7,-44,RECEIVED,10/1/2026,-6.00,NEED 42 eta glenraven: 09/04,6/10/2026,8/13,8 WEEKS,,$19.46,,X,ORDER#0886661000,
6/6/2026,1622,UNAS,MADONA KAKISH,,CANVAS CANVAS,5453-0000,12,16,4,RECEIVED,10/1/2026,"-6,613.71",NEED 8,6/8/2026,6/9,KEYSTON,$16.11,,,,ONLINE,
6/6/2026,1623,KIAN,DEBBIE KILIAN,7/1,CANVAS NAVY,5439-0000,18,8,-10,RECEIVED,10/1/2026,-13.14,NEED 17,6/8/2026,6/15,KEYSTON,$16.11,,,,ONLINE,
6/6/2026,1623,KIAN,DEBBIE KILIAN,7/1,ESTI MARINE,44349-0028,36,4,-32,RECEIVED,10/1/2026,-13.14,NEED 35,6/12/2026,6/15,TRIVANTAGE,$28.91,,,X,by phone,
6/6/2026,1623,KIAN,DEBBIE KILIAN,7/1,CANVAS CAPRI,5426-0000,11,1,-10,RECEIVED,10/1/2026,-13.14,NEED 10,6/12/2026,6/15,TRIVANTAGE,$18.07,,,X,by phone,
6/6/2026,1623,KIAN,DEBBIE KILIAN,7/1,LINVILLE PARCHMENT,145707-0006,45,18,-27,IN STOCK,10/1/2026,-13.14,45 YDS AVAILABLE ON BIN: PAL-1,,,GLENRAVEN,,,,X,NOT AVAILABLE AT TRIVANTAGE FINES DE JULIO,
6/6/2026,1623,KIAN,DEBBIE KILIAN,7/1,POSH SKY,44157-0052,7,2,-5,RECEIVED,10/1/2026,-13.14,NEED 7,6/12/2026,6/15,TRIVANTAGE,$38.70,,,,by phone,
6/6/2026,1623,KIAN,DEBBIE KILIAN,7/1,COAST BEACON,640-0042,14,5,-9,RECEIVED,10/1/2026,-13.14,NEED 14,6/11/2026,6/16,ULTRAFABRICS,$46.00,,,,BY EMAIL,
6/8/2026,1625,KIAN,JENNY BAGIOLI,7/10,DUMONT STUCCO,305825-0002,57,64,7,CANCELLED,10/1/2026,-11.86,NEED 45 from Glen Raven Open Order# 0881805000,,,GLENRAVEN,$28.12,$16.95,,X,Order# 0881805000,
6/8/2026,1625,KIAN,JENNY BAGIOLI,7/10,DUMONT STUCCO,305825-0002,57,64,7,CANCELLED,10/1/2026,-11.86,NEED 15 TO COMPLET FOR THIS PROJECT,,,TRIVANTAGE,$29.92,$16.95,,X,ONLINE WC-5141805,
6/8/2026,1625,KIAN,JENNY BAGIOLI,7/10,KINDLE SILK,145666-0002,43,73,30,CANCELLED,10/1/2026,-11.86,**RESERVED ON PAL-1,,,,,,,,,
6/12/2026,1626,KIAN,ERIC WHITAKKER,8/7,LITCHFIELD SNOW,42011-0018,92,5,-87,CANCELLED,10/1/2026,-7.86,NEED 90,6/12/2026,,GLENRAVEN,$28.70,,,,ORDER#0886927000,
6/12/2026,1626,KIAN,ERIC WHITAKKER,8/7,METAMORPHIC SNOW,46094-0001,92,57,-35,IN STOCK,10/1/2026,-7.86,"RESERVED 44 (40 ON A13, 4 ON D13)",,,,,,,,,
6/12/2026,1626,KIAN,ERIC WHITAKKER,8/7,METAMORPHIC SNOW,46094-0001,92,57,-35,RECEIVED,10/1/2026,-7.86,NEED 40 FROM GLENRAVEN ORDER# 0881805000 ON BIN: C14,,7/14,GLENRAVEN,$24.61,,,,ORDER#0881805000,
6/12/2026,1626,KIAN,ERIC WHITAKKER,8/7,METAMORPHIC SNOW,46094-0001,92,57,-35,ORDERED,10/1/2026,-7.86,NEED 8  FROM THE 80YDS GLENRAVEN ORDER#0884922000,,,GLENRAVEN,$24.61,,,,ORDER#0884922000,
6/12/2026,1626,KIAN,ERIC WHITAKKER,8/7,UNWIND CAMEO,400004-0001,32,0,-32,RECEIVED,10/1/2026,-7.86,NEED 30 ON PALLET-3,6/12/2026,7/15,GLENRAVEN,$16.89,,,,ORDER#0886927000,
6/12/2026,1626,KIAN,ERIC WHITAKKER,8/7,PLAY CAMEO,40616-0014,30,10,-20,RECEIVED,10/1/2026,-7.86,NEED 30 ON BIN: C13,6/12/2026,7/14,GLENRAVEN,$10.41,,,,ORDER#0886927000,
6/16/2026,1618,JASMIN,MIKE CHAFFERUR,7/16,METAMORPHIC SAND,46094-0002,45,11,-34,IN STOCK,10/1/2026,-11.00,"17YDS ON BIN:PAL-1, 13YD ON BIN: D09",,,,,,,,,
6/16/2026,1618,JASMIN,MIKE CHAFFERUR,7/16,METAMORPHIC SAND,46094-0002,45,11,,RECEIVED,6/17/2026,4.14,NEED 15 TO COMPLETE,6/17/2026,6/23,TRIVANTAGE,$41.84,,,,ORDER# WC-5146988,
6/16/2026,STOCK,,STOCK,,METAMORPHIC FOG,46094-0003,-,81,-,RECEIVED,,,RECEIVED 80YDS,,6/16,GLENRAVEN,,,,,ORDER#0882147000,
6/16/2026,STOCK,,STOCK,,LINVILLE PARCHMENT,145707-0006,-,18,-,RECEIVED,,,RECEIVED 40YDS,,6/16,GLENRAVEN,,,,,ORDER#0883232000,
6/16/2026,STOCK,,STOCK,,LINVILLE PARCHMENT,145707-0006,-,18,-,RECEIVED,,,RECEIVED 64YDS,,6/16,GLENRAVEN,,,,,ORDER#0884180000,
6/16/2026,STOCK,,STOCK,,METAMORPHIC SAND,46094-0002,-,11,-,RECEIVED,,,RECEIVED 42YDS,,6/16,GLENRAVEN,,,,,ORDER#0881805000,
6/17/2026,1631,KIAN,JEN BERGMAN,8/6,METAMORPHIC LAGOON,46094-0005,50,62,12,IN STOCK,10/1/2026,-8.00,,,,,,,,,,
6/17/2026,1631,KIAN,JEN BERGMAN,8/6,ESTI LIMESTONE,44349-0027,18,3,-15,RECEIVED,10/1/2026,-8.00,NEED 16,6/17/2026,6/22,TRIVANTAGE,$28.91,,,,,
6/17/2026,1631,KIAN,JEN BERGMAN,8/6,DUMONT STUCCO,305825-0002,19,64,45,IN STOCK,10/1/2026,-8.00,,,,,,,,,,
6/17/2026,1631,KIAN,JEN BERGMAN,8/6,CAST ASH,40428-0000,4,15,11,IN STOCK,10/1/2026,-8.00,,,,,,,,,,
6/17/2026,1631,KIAN,JEN BERGMAN,8/6,TRAIL CLOUD,42106-0001,2,0,-2,RECEIVED,10/1/2026,-8.00,NEED 2,6/17/2026,6/22,TRIVANTAGE,$28.87,,,,,
6/17/2026,1632,KIAN,LINDA FREISER-WARRANTY,7/20,CABANA CLASSIC,58030-0000,16,0,-16,RECEIVED,10/1/2026,-10.43,CHECK GLENRAVEN (ALREADY OPEN ORDER 60YDS) ON BIN: C14,,6/24,GLENRAVEN,,,,,WAIT ON ORDER#0886352000,
6/17/2026,STOCK,,STOCK,,DUMONT STUCCO,305825-0002,,64,,RECEIVED,,,RECEIVED 15 YDS FROM TRIVANTAGE,,6/17,TRIVANTAGE,,,,,ORDER NUMBER:WC_5141805,
6/19/2026,1633,MIA G,KIRK JOHNS,7/28,MARGO PAPAYA,305811-0013,23,0,-23,RECEIVED,6/22/2026,5.14,NEED 23 yds to complete,6/22/2026,7/6,GLENRAVEN,,$37.99,$65.55,X,ORDER# 0887475000,
6/22/2026,1634,KIAN,NIKKI PERES WARRANTY,8/6,ASSEMBLE SAND,47246-0001,24,28,4,IN STOCK,10/1/2026,-8.00,24YD ON BIN: A15,,,,,,,,,
6/22/2026,1634,KIAN,NIKKI PERES WARRANTY,8/6,PLAY CAMEL,40616-0003,4,0,-4,RECEIVED,10/1/2026,-8.00,NEED 4,6/24/2026,6/25,KEYSTON,$13.06,,$14.61,$13.06,ONLINE,
6/23/2026,STOCK,,STOCK,,METAMORPHIC SAND,46094-0002,-,11,-,RECEIVED,,,RECEIVED 39YDS PARA 1548-STEVE,,6/23,GLENRAVEN,,,,,ORDER#0883767000,
6/25/2026,1635,SARA,KATHLEEN WIT,7/27,NURTURE PEBBLE,42102-0002,20,4,-16,RECEIVED,10/1/2026,-9.43,NEED 13,6/30/2026,7/1,KEYSTON,$29.23,,,,,
6/27/2026,1627,KIAN,BRITTANY MCDOWELL,7/23,PIAZZA VAPOR,305423-0003,12,2,-10,RECEIVED,10/1/2026,-10.00,NEED 12,6/17/2026,6/22,TRIVANTAGE,$31.14,,,,,
6/27/2026,1627,KIAN,BRITTANY MCDOWELL,7/23,LINVILLE DENIM,145707-0012,2,0,-2,RECEIVED,10/1/2026,-10.00,NEED 2,6/17/2026,6/30,TRIVANTAGE,$40.01,,,,,
6/27/2026,1628,KIAN,JOHN MARTELL,,CANVAS SAPPHIRE BLUE,5452-0000,5,2,-3,IN STOCK,10/1/2026,"-6,613.71",,,,,,,,,,
6/27/2026,1628,KIAN,JOHN MARTELL,,CANVAS AIR BLUE,5410-0000,2,0,-2,RECEIVED,10/1/2026,"-6,613.71",NEED 2,6/17/2026,6/22,TRIVANTAGE,$18.07,,,,,
6/27/2026,1628,KIAN,JOHN MARTELL,,POSH SAPPHIRE,44157-0053,5,22,17,IN STOCK,10/1/2026,"-6,613.71",,,,,,,,,,
6/30/2026,STOCK,,STOCK,,METAMORPHIC SAND,46094-00002,,11,,RECEIVED,,,RECEIVED 40 YDS,,6/30,,,,,,,
6/30/2026,STOCK,,STOCK,,METAMORPHIC SAND,46094-00002,,11,,RECEIVED,,,RECEIVED 40 YDS,,,,,,,,,
6/30/2026,1637,MIA G,DENISE STEINKIRCHNER,7/30,CASSAVA CORAL,44496-0009,20,0,-20,IN STOCK,10/1/2026,-9.00,,,,,,,,,,
6/30/2026,1637,MIA G,DENISE STEINKIRCHNER,7/30,PRECISE FAWN,145602-0006,3,4,1,RECEIVED,10/1/2026,-9.00,NEED ORDER 2,6/30/2026,7/6,TRIVANTAGE,$39.94,,,,,
6/30/2026,1641,MIA G,DEBBIE BATTISTA,7/30,LINVILLE PARCHMENT,145707-0006,8,18,10,IN STOCK,10/1/2026,-9.00,,,,,,,,,,
6/30/2026,1641,MIA G,DEBBIE BATTISTA,7/30,CANVAS TAUPE,5461-0000,5,4,-1,IN STOCK,10/1/2026,-9.00,,,,,,,,,,
6/30/2026,1641,MIA G,DEBBIE BATTISTA,7/30,CANVAS HENNA,5407-0000,4,28,24,RECEIVED,10/1/2026,-9.00,NEED 4,6/30/2026,7/1,KEYSTON,$18.55,,,,,
7/1/2026,1642,JASMIN,Cathy & Jim Surratt,8/7,SPECTRUM DENIM,48086-0000,8,0,-8,RECEIVED,10/1/2026,-7.86,NEED 8,7/2/2026,7/6,KEYSTON,$14.58,,,,ONLINE,
7/1/2026,1642,JASMIN,Cathy & Jim Surratt,8/7,GATEWAY COAST,14087-0000,6,2,-4,RECEIVED,10/1/2026,-7.86,NEED 6,7/2/2026,7/6,KEYSTON,$16.72,,,,ONLINE,
7/1/2026,1642,JASMIN,Cathy & Jim Surratt,8/7,CANVAS SKYLINE,14091-0000,6,68,62,IN STOCK,10/1/2026,-7.86,,,,,,,,,,
7/1/2026,1642,JASMIN,Cathy & Jim Surratt,8/7,ESCHER INDIGO,146225-0003,5,3,-2,RECEIVED,10/1/2026,-7.86,NEED 5,7/7/2026,7/13,TRIVANTAGE,$35.11,,,,ORDER# WC_5165815,
7/1/2026,1644,SARA,CHRISTINE WILSON,7/29,Mainstreet Putty,42048-0012,22,4,-18,RECEIVED,10/1/2026,-9.14,NEED 22,7/2/2026,7/6,KEYSTON,$32.28,,,,ONLINE,
7/1/2026,1644,SARA,CHRISTINE WILSON,7/29,ASSEMBLE SAND,47246-0001,10,28,18,IN STOCK,10/1/2026,-9.14,,,,,,,,,,
7/1/2026,1644,SARA,CHRISTINE WILSON,7/29,NUANCE CLOUD,400000-0001,10,12,2,RECEIVED,10/1/2026,-9.14,NEED 10,7/21/2026,7/21,KEYSTON,$21.91,,,,ONLINE,
7/1/2026,1644,SARA,CHRISTINE WILSON,7/29,NUANCE CLOUD,400000-0001,10,12,2,RECEIVED,10/1/2026,-9.14,NEED 10 (SIGUE EN BACK ORDER 7/21),7/7/2026,8/11,TRIVANTAGE,$24.60,,,,ORDER# WC_5165815,
7/1/2026,1645,KIAN,ERIN CRAVENS,8/25,COAST CONCH,640-3797,7,0,-7,RECEIVED,10/1/2026,-5.29,NEED 7,7/7/2026,7/14,ULTRAFABRICS,$46.00,,,,EMAIL,
7/1/2026,1645,KIAN,ERIN CRAVENS,8/25,COAST GLACIAL,640-2579,10,0,-10,RECEIVED,10/1/2026,-5.29,NEED 10,7/7/2026,7/14,ULTRAFABRICS,$46.00,,,,EMAIL,
7/1/2026,1645,KIAN,ERIN CRAVENS,8/25,PIAZZA LAGOON,305423-0013,5,0,-5,RECEIVED,10/1/2026,-5.29,NEED 5,7/7/2026,7/13,TRIVANTAGE,$31.14,,,,ORDER# WC_5165815,
7/1/2026,1645,KIAN,ERIN CRAVENS,8/25,GATEWAY MIST,58039-0000,6,0,-6,RECEIVED,10/1/2026,-5.29,NEED 6,7/2/2026,7/6,KEYSTON,$16.72,,,,ONLINE,
7/1/2026,1643,MIA G,MEGAN KELLY,7/7,LINVILLE INDIGO,145707-0010,5,0,-5,IN STOCK,10/1/2026,-12.29,,,,,,,,,,
7/1/2026,1639,JASMIN,LAUKIEN-CHRIS PARK,7/7,DUMONT STUCCO,305825-0002,8,64,56,IN STOCK,10/1/2026,-12.29,8 YDS FROM  BIN B15,,,,,,,,,
7/2/2026,1646,KIAN,JOE REDMOND,7/29,METAMORPHIC FOG,46094-0003,22,81,59,IN STOCK,10/1/2026,-9.14,22 ON BIN: PAL-1,,,,,,,,,
7/2/2026,1647,SARA,LINDSAY MADEIRA WALSH,7/23,BLEND LINEN,16001-0014,22,0,-22,RECEIVED,10/1/2026,-10.00,RECEIVED 22,7/2/2026,7/6,KEYSTON,$25.26,,,,ONLINE,
7/2/2026,1648,SARA,MELISSA FISCHER,8/12,PINDLER TOMLIN CLOUD,PDL 8343-CLOUD,11,0,-11,RECEIVED,10/1/2026,-7.14,"NEED 11, ALLOCATED ON C14",7/2/2026,7/9,DECORATORS BEST,$135.00,,,,ORDER# 740348,
7/2/2026,1648,SARA,MELISSA FISCHER,8/12,PINDLER SIERRA CHAMBRAY,PDL 8345-CHAMBRAY,4,0,-4,RECEIVED,10/1/2026,-7.14,"NEED 4, ALLOCATED ON C14",7/2/2026,7/9,DECORATOR BEST,$167.00,,,,ORDER# 740348,
7/6/2026,1649,HOUSE,SCOTTSDALE SHOWROOM 7-09,7/9,CANVAS HEATHER BEIGE,5476-0000,21,47,26,IN STOCK,10/1/2026,-12.00,,,,,,,,,,
7/6/2026,1649,HOUSE,SCOTTSDALE SHOWROOM 7-09,7/9,BERENSON TUXEDO,8521-0000,11,65,54,RECEIVED,10/1/2026,-12.00,NEED 8,7/7/2026,7/8,KEYSTON,$18.55,,,,ONLINE,
7/6/2026,1650,MIA G,CAROL COLOMBO,7/30,SPECTRUM CILANTRO,48022-0000,19,1,-18,RECEIVED,10/1/2026,-9.00,NEED 16,7/7/2026,7/8,KEYSTON,$16.72,,,,ONLINE,
7/6/2026,1650,MIA G,CAROL COLOMBO,7/30,CANVAS GINKGO,54011-0000,6,30,24,IN STOCK,10/1/2026,-9.00,,,,,,,,,,
7/7/2026,STOCK,,STOCK,,LITCHFIELD PEBBLE,42011-0021,,63,,RECEIVED,7/7,,RECEIVED 20 YDS,,7/6,,,,,,,
7/7/2026,1652,MIA G,DONALD NEUERMAN,9/14,Metamorphic Sand,46094-0002,70,11,-59,IN STOCK,10/1/2026,-2.43,,,,,,,,,,
7/7/2026,1652,MIA G,DONALD NEUERMAN,9/14,Precise Fawn,145602-0006,8,4,-4,RECEIVED,10/1/2026,-2.43,NEED 6,7/14/2026,7/20,TRIVANTAGE,$39.94,,,,,
7/7/2026,1652,MIA G,DONALD NEUERMAN,9/14,Play Adobe,40616-0011,5,0,-5,RECEIVED,10/1/2026,-2.43,NEED 5,7/14/2026,7/20,TRIVANTAGE,$14.61,,,,,
7/7/2026,1652,MIA G,DONALD NEUERMAN,9/14,Canvas Taupe,5461-0000,2,4,2,IN STOCK,10/1/2026,-2.43,,,,,,,,,,
7/9/2026,1663,SERGIO,JAMIE (DAVE) MONTZ,7/16,MARVEL LINEN,44494-0003,4,0,-4,RECEIVED,10/1/2026,-11.00,NEED 4,7/14/2026,7/21,TRIVANTAGE,$22.44,,,,,
7/9/2026,SERGIO,SERGIO,ABRIL,7/18,SOLVE LINEN,146397-0003,2,0,-2,RECEIVED,10/1/2026,-10.71,NEED 2,7/14/2026,7/20,TRIVANTAGE,$30.04,,,,,
7/9/2026,SERGIO,SERGIO,ABRIL,7/18,IMPROVE STUCCO,17003-0002,15,2,-13,RECEIVED,10/1/2026,-10.71,NEED 15,7/14/2026,7/20,TRIVANTAGE,$42.49,,,,,
7/9/2026,SERGIO,SERGIO,ABRIL,7/18,DIP DYE CHICKADEE,40441-0001,12,0,-12,RECEIVED,10/1/2026,-10.71,NEED 12,7/14/2026,7/20,TRIVANTAGE,$25.74,,,,,
7/9/2026,1656,KIAN,LINDA SALKOW,7/22,COAST SAVANNA,640-3880,5,5,0,RECEIVED,10/1/2026,-10.14,NEED 4,7/14/2026,7/20,ULTRAFABRICS,$46.00,,,,BY EMAIL,
7/9/2026,1665,KIAN,LISA HANSEN,9/15,CRUSH SNOW,42101-0001,113,0,-113,IN STOCK,10/1/2026,-2.29,"IN STOCK 60 BINS: D13,B05,C11",,,,,,,,,
7/9/2026,1665,KIAN,LISA HANSEN,9/15,CRUSH SNOW,42101-0001,113,0,-113,RECEIVED,10/1/2026,-2.29,WE TAKE 40YDS COMING FROM GLENRAVEN),6/5/2026,9/22/2026,GLENRAVEN eta: 08/21,$21.21,,,,STOCK0605 ORDER 0886352000,
7/9/2026,1665,KIAN,LISA HANSEN,9/15,CRUSH SNOW,42101-0001,113,0,-113,RECEIVED,10/1/2026,-2.29,NEED 13 TO COMPLETE THIS PROYECT,7/14/2026,7/20,TRIVANTAGE,$35.55,,,,,
7/9/2026,1665,KIAN,LISA HANSEN,9/15,CANVAS NAVY,5439-0000,20,8,-12,RECEIVED,10/1/2026,-2.29,NEED 20,7/14/2026,7/20,TRIVANTAGE,$18.07,,,,,
7/9/2026,1665,KIAN,LISA HANSEN,9/15,AGRA INDIGO,145147-0000,4,0,-4,RECEIVED,10/1/2026,-2.29,NEED 4 OK ON C10,7/14/2026,7/20,TRIVANTAGE,$37.49,,,,,
7/9/2026,1665,KIAN,LISA HANSEN,9/15,ESCHER INDIGO,146225-0003,10,3,-7,RECEIVED,10/1/2026,-2.29,NEED 10,7/14/2026,7/20,TRIVANTAGE,$35.11,,,,,
7/9/2026,1661,KIAN,PERKINS COIE,8/4,METAMORPHIC SAND,46094-0002,15,11,-4,IN STOCK,10/1/2026,-8.29,15 YD ON PAL-1,,,,,,,,,
7/9/2026,1657,MIA G,TIFFANY HERTER,8/11,UNDERCURRENT SAND,47203-0001,47,0,-47,IN STOCK,10/1/2026,-7.29,45YD ON A14,,,,,,,,,
7/9/2026,1657,MIA G,TIFFANY HERTER,8/11,CANVAS CLOUD,57012-0000,13,4,-9,RECEIVED,10/1/2026,-7.29,NEED 13,7/14/2026,7/27,TRIVANTAGE,$18.28,,,,,
7/9/2026,1657,MIA G,TIFFANY HERTER,8/11,CANVAS GRANITE,5402-0000,2,0,-2,RECEIVED,10/1/2026,-7.29,NEED 2,7/14/2026,7/20,TRIVANTAGE,$18.07,,,,,
7/9/2026,1658,MIA G,ABIGAIL-ROBERT GAGE,11/10,METAMORPHIC SAND,46094-0002,52,11,-41,OUT OF STOCK,10/1/2026,5.71,52 yd segun packet 9/30; 30YD ON PAL-1,,,,,,,,,
7/9/2026,1658,MIA G,ABIGAIL-ROBERT GAGE,11/10,KINDLE SILK,145666-0002,17,73,56,IN STOCK,10/1/2026,5.71,17 yd segun packet 9/30; 13YD ON D15,,,,,,,,,
7/9/2026,1658,MIA G,ABIGAIL-ROBERT GAGE,11/10,HERITAGE PAPYRUS,18006-0000,0,21,21,IN STOCK,10/1/2026,5.71,"YA NO EN PACKET 9/30 (antes 17, REVIEW) - Sergio 10/1",,,,,,,,,
7/14/2026,1667,MIA G,STEPHEN HAKAMI,8/3,CANVAS WHITE,57003-0000,7,11,4,IN STOCK,10/1/2026,-8.43,7 ON B07,,,,,,,,,
7/14/2026,1667,MIA G,STEPHEN HAKAMI,8/3,CABANA CLASSIC,58030-0000,22,0,-22,IN STOCK,10/1/2026,-8.43,22 RESERVED ON BIN C14,,,,,,,,,
7/14/2026,1667,MIA G,STEPHEN HAKAMI,8/3,CANVAS PACIFIC BLUE,5401-0000,4,121,117,IN STOCK,10/1/2026,-8.43,4 ON B08,,,,,,,,,
7/14/2026,1668,SARA,MAHILE AND SHARIF,7/30,METAMORPHIC FOG,46094-0003,11,81,70,IN STOCK,10/1/2026,-9.00,11 ON B09,,,,,,,,,
7/14/2026,1668,SARA,MAHILE AND SHARIF,7/30,MAINSTREET LATTE,42048-0009,3,10,7,IN STOCK,10/1/2026,-9.00,3 ON D02,,,,,,,,,
7/15/2026,1671,MIA G,JIM-CAROL LAUB,7/16,METAMORPHIC LAGOON,46094-0005,12,62,50,IN STOCK,10/1/2026,-11.00,12YD ON A10,,,,,,,,,
7/15/2026,1671,MIA G,JIM-CAROL LAUB,7/16,METAMORPHIC FOG,46094-0003,4,81,77,IN STOCK,10/1/2026,-11.00,4YD ON D01,,,,,,,,,
7/15/2026,STOCK,,STOCK,7/16,DUMONT STUCCO,305825-0002,,64,,RECEIVED,7/7/2026,,RECEIVED 45 YDS,,7/15,GLENRAVEN,,,,,ORDER#0881805000,
7/15/2026,STOCK,,STOCK,7/16,LITCHFIELD MIDNIGHT,42011-0023,,7,,RECEIVED,7/7/2026,,RECEIVED 60 YDS (2ROLLS 30YDS),,7/15,GLENRAVEN,,,,,ORDER#0884180000,
7/19/2026,1674,HAMID,SCOTTSDALE SHOWROOM MILAN 7-19,7/28,LEAF STRUCTURE CLOUD,146419-0001,8,71,63,IN STOCK,10/1/2026,-9.29,,,,,,,,,,
7/19/2026,1674,HAMID,SCOTTSDALE SHOWROOM MILAN 7-19,7/28,UNDERCURRENT STORM,47203-0002,3,0,-3,IN STOCK,10/1/2026,-9.29,,,,,,,,,,
7/19/2026,1674,HAMID,SCOTTSDALE SHOWROOM MILAN 7-19,7/28,MOUNTAINS SNOW,72011-0001,27,19,-8,IN STOCK,10/1/2026,-9.29,,,,,,,,,,
7/19/2026,1674,HAMID,SCOTTSDALE SHOWROOM MILAN 7-19,7/28,METAMORPHIC CLOUD,46094-0006,7,23,16,IN STOCK,10/1/2026,-9.29,,,,,,,,,,
7/20/2026,STOCK,,STOCK,,LITCHFIELD PEBBLE,42011-0021,,,,RECEIVED,,,RECEIVED 30 YDS FROM GLEN RAVEN ,,7/20,,,,,,,
7/21/2026,1676,JASMIN,TAMMY BONE,8/19,DUMONT STUCCO,305825-0002,20,64,44,IN STOCK,10/1/2026,-6.14,21YD ON A02,,,,,,,,,
7/21/2026,1676,JASMIN,TAMMY BONE,8/19,RITSY ROSEMARY,360007-0012,7,0,-7,RECEIVED,10/1/2026,-6.14,NEED 7,7/28/2026,8/3,TRIVANTAGE,$26.39,,,,,
7/21/2026,1676,JASMIN,TAMMY BONE,8/19,HERITAGE SABLE,18019-0000,3,0,-3,RECEIVED,10/1/2026,-6.14,NEED 3,7/28/2026,8/3,TRIVANTAGE,$33.08,,,,,
7/21/2026,1673,KIAN,CYNTHIA MANN,8/20,NUANCE CLOUD,400000-0001,60,12,-48,RECEIVED,10/1/2026,-6.00,"NEED 60, 60 YDS RECEIVED ON A12",7/28/2026,8/11,TRIVANTAGE,$24.60,,,,,
7/21/2026,1675,JASMIN,MAI YAHN,10/15,Leaf Structure Cloud,146419-0001,31,71,40,IN STOCK,10/1/2026,2.00,ON BIN C04,,,,,,,,,
7/21/2026,1675,JASMIN,MAI YAHN,10/15,Canvas Natural,5404-0000,7,8,1,RECEIVED,10/1/2026,2.00,NEED 7,7/28/2026,7/29,KEYSTON,$16.11,,,,,
7/21/2026,1675,JASMIN,MAI YAHN,10/15,COAST  Feather,640-5968,19,0,-19,RECEIVED,10/1/2026,2.00,NEED 16,8/4/2026,8/13,ULTRAFABRICS,$46.00,,,,EMAIL,
7/21/2026,1675,JASMIN,MAI YAHN,10/15,COAST Dolphin,640-6508,9,11,2,RECEIVED,10/1/2026,2.00,NEED 8,8/4/2026,8/13,ULTRAFABRICS,$46.00,,,,EMAIL,
7/21/2026,1675,JASMIN,MAI YAHN,10/15,COAST Raindrop,640-2590,24,24,0,RECEIVED,10/1/2026,2.00,NEED 24,8/4/2026,8/13,ULTRAFABRICS,$46.00,,,,EMAIL,
7/21/2026,1675,JASMIN,MAI YAHN,10/15,Metamorphic Lagoon,46094-0005,20,62,42,IN STOCK,10/1/2026,2.00,ON PAL-1,,,,,,,,,
7/21/2026,1675,JASMIN,MAI YAHN,10/15,Viento Nautical,40332-0006,14,0,-14,RECEIVED,10/1/2026,2.00,NEED 14,7/28/2026,8/3,TRIVANTAGE,$27.36,,,,,
7/21/2026,1675,JASMIN,MAI YAHN,10/15,Exhale Sky,400001-0002,6,0,-6,RECEIVED,10/1/2026,2.00,NEED 6,7/28/2026,7/29,KEYSTON,$18.85,,,,,
7/21/2026,1675,JASMIN,MAI YAHN,10/15,Chartres Opal,45864-0087,9,0,-9,RECEIVED,10/1/2026,2.00,NEED 10,7/28/2026,8/3,TRIVANTAGE,$36.37,,,,,
7/21/2026,1675,JASMIN,MAI YAHN,10/15,Kindle Indigo,145666-0004,3,12,9,IN STOCK,10/1/2026,2.00,ON B06,,,,,,,,,
7/28/2026,1684,MIA G,OPTIMA 7140,8/20,STANTON LAGOON,58001-0005,115,20,-95,CANCELLED,10/1/2026,-6.00,"DISCONTINUED PAUSE, RESELECT",,,,,,,,NEED RE-SELECT,
7/29/2026,1681,SARA,DAVE AND KRISTEN ANDERSON,8/25,PLAY SNOW,40616-0001,71,6,-65,RECEIVED,10/1/2026,-5.29,NEED 71 (56 at keyston),8/4/2026,8/5,KEYSTON,$13.06,,,,ONLINE,
7/29/2026,1681,SARA,DAVE AND KRISTEN ANDERSON,8/25,PLAY SNOW,40616-0001,71,6,-65,RECEIVED,10/1/2026,-5.29,"NEED 20 TO COMPLETE, 20 YDS ON D11",8/4/2026,8/10,TRIVANTAGE,$14.61,,,,ONLINE,
7/29/2026,1681,SARA,DAVE AND KRISTEN ANDERSON,8/25,CONNECTION ONYX,145153-0000,68,22,-46,RECEIVED,10/1/2026,-5.29,"NEED 68, 23 YDS ON D11 & 45 ON C11",8/4/2026,8/10,TRIVANTAGE,$39.85,,,,ONLINE,
7/29/2026,1681,SARA,DAVE AND KRISTEN ANDERSON,8/25,HERITAGE CHAR,18009-0000,38,12,-26,RECEIVED,10/1/2026,-5.29,NEED 35,8/4/2026,8/5,KEYSTON,$29.23,,,,ONLINE,
7/29/2026,1681,SARA,DAVE AND KRISTEN ANDERSON,8/25,SAVVY ONYX,45889-0009,11,10,-1,RECEIVED,10/1/2026,-5.29,"NEED 10, 11 YDS ON C11",8/4/2026,8/10,TRIVANTAGE,$36.37,,,,ONLINE,
7/29/2026,1681,SARA,DAVE AND KRISTEN ANDERSON,8/25,SHIBORI CLASSIC,145360-0011,8,9,1,RECEIVED,10/1/2026,-5.29,"NEED 2, 2 YDS ON C11",8/4/2026,8/10,TRIVANTAGE,$34.54,,,,ONLINE,
7/29/2026,1686,JASMIN,TERRI MAZAHERI,9/11,RITZY CHAMBRAY,360007-0019,37,0,-37,RECEIVED,10/1/2026,-2.86,"NEED 37, 37 YDS RECEIVED ON A15",8/4/2026,8/11,TRIVANTAGE,$25.62,,,,ONLINE,
7/29/2026,1686,JASMIN,TERRI MAZAHERI,9/11,METAMORPHIC LAGOON,46094-0005,36,62,26,IN STOCK,10/1/2026,-2.86,"22YD ON PAL-1, 4 ON C02 & 10 ON C09",,,,,,,,,
8/4/2026,1698,MIA G,OPTIMA 7220,9/11,COAST NAVAL BLUE,640-2776,20,3,-17,RECEIVED,10/1/2026,-2.86,28 YDS SEND FROM VENDOR BY MIA,,8/7,ULTRAFABRICS,$46.00,,,,Invoie# 0591208-IN,
8/4/2026,1696,SARA,LISA FORD,8/5,BLISS SAND,48135-0002,5,10,5,IN STOCK,10/1/2026,-8.14,,,,,,,,,,
8/4/2026,1704,SARA,LINDSAY MADEIRA WALSH,8/6,BLEND LINEN,16001-0014,22,0,-22,RECEIVED,10/1/2026,-8.00,NEED 22,8/4/2026,8/5,KEYSTON,$25.26,,,,ONLINE,
8/4/2026,1693,SARA,DAN AMBROSE,8/19,TROPICS JUNGLE,145214-0000,3,0,-3,RECEIVED,10/1/2026,-6.14,"NEED 3, 3 YDS ON C13",8/5/2026,8/10,TRIVANTAGE,$42.20,,,,,
8/4/2026,1693,SARA,DAN AMBROSE,8/19,CANVAS FOREST GREEN,5446-0000,3,31,28,IN STOCK,10/1/2026,-6.14,,,,,,,,,,
8/4/2026,1694,MIA G,MIKE GANTZEL,8/25,METAMORPHIC FOG,46094-0003,22,81,59,IN STOCK,10/1/2026,-5.29,,,,,,,,,,
8/4/2026,1694,MIA G,MIKE GANTZEL,8/25,ARRAY DUNE,145654-0001,11,0,-11,RECEIVED,10/1/2026,-5.29,NEED 11,8/5/2026,8/6,KEYSTON,$28.31,,,,ONLINE,
8/4/2026,1694,MIA G,MIKE GANTZEL,8/25,COAST NAVAL BLUE,640-2776,15,3,-12,RECEIVED,10/1/2026,-5.29,NEED 15,8/10/2026,8/17,ULTRAFABRICS,$46.00,,,,,
8/4/2026,1694,MIA G,MIKE GANTZEL,8/25,METAMORPHIC LAGOON,46094-0005,5,62,57,IN STOCK,10/1/2026,-5.29,,,,,,,,,,
8/5/2026,1707,MIA G,SCOTTSDALE SHOWROOM,8/14,LEAF STRUCTURE CLOUD,146419-0001,9,71,62,RECEIVED,10/1/2026,-6.86,NEED 5 6 YDS ON B13,8/5/2026,8/10,TRIVANTAGE,$39.94,,,,,
8/5/2026,1707,MIA G,SCOTTSDALE SHOWROOM,8/14,UNDERCURRENT STORM,47203-0002,2,0,-2,RECEIVED,10/1/2026,-6.86,"NEED 2, 2 YDS ON C14",8/5/2026,8/10,TRIVANTAGE,$43.75,,,,,
8/5/2026,1707,MIA G,SCOTTSDALE SHOWROOM,8/14,MOUNTAIN SNOW,72011-0001,27,0,-27,RECEIVED,10/1/2026,-6.86,"NEED 27, 27 YDS ON C15",8/5/2026,8/10,TRIVANTAGE,$45.66,,,,,
8/5/2026,1707,MIA G,SCOTTSDALE SHOWROOM,8/14,METAMORPHIC CLOUD,46094-0006,6,23,17,IN STOCK,10/1/2026,-6.86,,,,,,,,,,
8/5/2026,1707,MIA G,SCOTTSDALE SHOWROOM,8/14,COAST SNOW CAP,640-0021,12,0,-12,RECEIVED,10/1/2026,-6.86,NEED 8,,8/17,ULTRAFABRICS,$46.00,,,,,
8/5/2026,1707,MIA G,SCOTTSDALE SHOWROOM,8/14,CANVAS BLACK,5408-0000,2,0,-2,IN STOCK,10/1/2026,-6.86,,,,,,,,,,
8/5/2026,1707,MIA G,SCOTTSDALE SHOWROOM,8/14,KINDLE SILK,145666-0002,4,73,69,IN STOCK,10/1/2026,-6.86,,,,,,,,,,
8/5/2026,1690,SARA,SOLANA BEACH SHOWROOM,8/20,CYCLE SPARROW,146396-0002,17,0,-17,RECEIVED,10/1/2026,-6.00,NEED 17,8/5/2026,8/6,KEYSTON,$22.52,,,,ONLINE,
8/5/2026,1690,SARA,SOLANA BEACH SHOWROOM,8/20,CHARTRESS TRUFFLE,45864-0103,18,0,-18,RECEIVED,10/1/2026,-6.00,"NEED 18, 18 YDS ON B13",8/5/2026,8/10,TRIVANTAGE,$36.37,,,,,
8/5/2026,1690,SARA,SOLANA BEACH SHOWROOM,8/20,CHARTRES CLOUD,45864-0081,9,3,-6,RECEIVED,10/1/2026,-6.00,"NEED 6, 9 YDS ON C14",8/5/2026,8/10,TRIVANTAGE,$36.37,,,,,
8/5/2026,1692,SARA,FRED AND SUZY KOLLER,9/7,CASSAVA INDIGO,44496-0008,10,4,-6,RECEIVED,10/1/2026,-3.43,"NEED7, 8 YDS ON C13",8/5/2026,8/10,TRIVANTAGE,$32.32,,,,,
8/5/2026,1692,SARA,FRED AND SUZY KOLLER,9/7,BORO INDIGO,146030-0002,5,4,-1,RECEIVED,10/1/2026,-3.43,"NEED 2, 4 YDS ON C14",8/5/2026,8/10,TRIVANTAGE,$39.94,,,,,
8/5/2026,1692,SARA,FRED AND SUZY KOLLER,9/7,CANVAS HAZE,14059-0054,7,2,-5,RECEIVED,10/1/2026,-3.43,"NEED 6, 6 YDS ON C14",8/5/2026,8/10,TRIVANTAGE,$18.07,,,,,
8/5/2026,1692,SARA,FRED AND SUZY KOLLER,9/7,POSH SAPPHIRE,44157-0053,3,22,19,IN STOCK,10/1/2026,-3.43,,,,,,,,,,
8/5/2026,1692,SARA,FRED AND SUZY KOLLER,9/7,CASSAVA WHITE,44496-0001,4,0,-4,RECEIVED,10/1/2026,-3.43,"NEED 5, 5 YDS ON C13",8/5/2026,8/10,TRIVANTAGE,$32.32,,,,,
8/5/2026,1692,SARA,FRED AND SUZY KOLLER,9/7,METAMORPHIC CLOUD,46094-0006,5,23,18,IN STOCK,10/1/2026,-3.43,,,,,,,,,,
8/5/2026,1692,SARA,FRED AND SUZY KOLLER,9/7,ARRAY DUNE,145654-0001,3,0,-3,RECEIVED,10/1/2026,-3.43,NEED 2 JUNTO A 1694,8/5/2026,8/6,KEYSTON,$28.31,,,,ONLINE,
8/5/2026,1692,SARA,FRED AND SUZY KOLLER,9/7,CASSAVA SLATE,44496-0004,12,3,-9,IN STOCK,10/1/2026,-3.43,,,,,,,,,,
8/5/2026,1692,SARA,FRED AND SUZY KOLLER,9/7,ESCHER INDIGO,146225-0003,5,3,-2,RECEIVED,10/1/2026,-3.43,"NEED 6, 6 YDS ON C14",8/5/2026,8/10,TRIVANTAGE,$35.11,,,,,
8/5/2026,1695,SARA,JOSH DORKINS,9/7,MAINSTREET PUTTY,42048-0012,55,4,-51,RECEIVED,10/1/2026,-3.43,NEED 55,8/5/2026,8/6,KEYSTON,$32.28,,,,ONLINE,
8/5/2026,1695,SARA,JOSH DORKINS,9/7,SPECTRUM INDIGO,48080-0000,28,2,-26,RECEIVED,10/1/2026,-3.43,NEED 28,8/5/2026,8/6,KEYSTON,$14.58,,,,ONLINE,
8/5/2026,1695,SARA,JOSH DORKINS,9/7,ASCEND SPA,145410-0009,16,8,-8,RECEIVED,10/1/2026,-3.43,"NEED 16, 16 YDS ON B13",8/5/2026,8/10,TRIVANTAGE,$33.22,,,,,
8/6/2026,1650,MIA G,CAROL COLOMBO,7/30,SPECTRUM CILANTRO,48022-0000,6,1,-5,RECEIVED,10/1/2026,-9.00,NEED 6,8/6/2026,8/6,KEYSTON,$16.72,,,,ONLINE,
8/6/2026,1691,SARA,So Extra Design,9/11,Nurture Pebble,42102-0002,7,4,-3,RECEIVED,10/1/2026,-2.86,NEEED 7,8/6/2026,8/7,KEYSTON,$29.23,,,,,
8/6/2026,1691,SARA,So Extra Design,9/11,Midori Stone,145256-0005,10,0,-10,IN STOCK,10/1/2026,-2.86,,,,,,,,,,
8/6/2026,1691,SARA,So Extra Design,9/11,Crush Snow,42101-0001,19,0,-19,RECEIVED,10/1/2026,-2.86,"NEED 19, RECEIVED ON B12",8/18/2026,8/24,TRIVANTAGE,$35.55,,,,,
8/6/2026,1691,SARA,So Extra Design,9/11,Connection Onyx,145153-0000,5,22,17,RECEIVED,10/1/2026,-2.86,NEED 5,8/7/2026,8/13,TRIVANTAGE,$39.85,,,,WC_5196468,
8/6/2026,1700,KIAN,Tina Frantz Design,9/14,Dumont Stucco,305825-0002,15,64,49,RECEIVED,10/1/2026,-2.43,NEED 12---RECEIVED 10,8/7/2026,8/13,TRIVANTAGE,$29.92,,,,WC_5196468,
8/6/2026,1700,KIAN,Tina Frantz Design,9/14,Cassava Spring,44496-0006,5,0,-5,RECEIVED,10/1/2026,-2.43,NEED 5,8/7/2026,8/17,TRIVANTAGE,$32.32,,,,WC_5196468,
8/6/2026,1684,MIA,OPTIMA 7140,9/15,Viento Nautical,40332-0006,115,29,-86,RECEIVED,10/1/2026,-2.29,NEED 200 --142 from glenraven,8/5/2026,8/18,GLENRAVEN,$16.76,,,,Order 0890494000,
8/6/2026,1684,MIA,OPTIMA 7140,9/15,Viento Nautical,40332-0006,115,29,-86,RECEIVED,10/1/2026,-2.29,NEED 200---60 FROM TRIVANTAGE,8/7/2026,8/13,TRIVANTAGE,$27.36,,,,WC_5196468,
8/6/2026,1710,KIAN,Candace Stuart,9/16,Remix Silk,48145-0003,79,2,-77,RECEIVED,10/1/2026,-2.14,NEED 40,8/6/2026,8/7,KEYSTON,$13.67,,,,"ONLY AVAILABLE 40, REST ON TRIVANTAGE",
8/6/2026,1710,KIAN,Candace Stuart,9/16,Remix Silk,48145-0003,79,2,-77,RECEIVED,10/1/2026,-2.14,NEED 79-- 60 FROM GLENRAVEN,8/7/2026,,GLENRAVEN ,$11.08,,,,ORDER# 0890833000,
8/6/2026,1710,KIAN,Candace Stuart,9/16,Hybrid Smoke,42079-0000,15,4,-11,RECEIVED,10/1/2026,-2.14,NEED 13,8/6/2026,8/7,KEYSTON,$29.53,,,,,
8/6/2026,1710,KIAN,Candace Stuart,9/16,COAST Beacon,640-0042,13,5,-8,RECEIVED,10/1/2026,-2.14,NEED 13,,8/17,ULTRAFABRICS,$46.00,,,,,
8/6/2026,1710,KIAN,Candace Stuart,9/16,Remix Denim,48145-0006,3,0,-3,IN STOCK,10/1/2026,-2.14,,,,,,,,,,
8/6/2026,1711,MIA,David Kuperberg,10/01,Dumont Stucco,305825-0002,38,64,26,RECEIVED,10/1/2026,0.00,NEED 35---ONLY HAVE 33 (MULTIPLE ROLLS),8/7/2026,8/17,TRIVANTAGE,$29.92,,,,WC_5196468,
8/6/2026,1711,MIA,David Kuperberg,10/01,Ritsy Nectar,360007-0017,17,3,-14,RECEIVED,10/1/2026,0.00,NEED 17,8/7/2026,8/17,TRIVANTAGE,$25.62,,,,WC_5196468,
8/6/2026,1711,MIA,David Kuperberg,10/01,Precise Fawn,145602-0006,22,4,-18,RECEIVED,10/1/2026,0.00,NEED 20,8/7/2026,8/13,TRIVANTAGE,$39.94,,,,WC_5196468,
8/6/2026,1711,MIA,David Kuperberg,10/01,Shelter Linen,44530-0001,15,4,-11,RECEIVED,10/1/2026,0.00,NEED 15,8/7/2026,8/17,TRIVANTAGE,$25.10,,,,WC_5196468,
8/6/2026,1711,MIA,David Kuperberg,10/01,Lively Parchment,146404-0002,8,1,-7,RECEIVED,10/1/2026,0.00,NEED 8,8/6/2026,8/7,KEYSTON,$20.99,,,,,
8/6/2026,1711,MIA,David Kuperberg,10/01,Capra II Shadow,145601-0001,12,0,-12,RECEIVED,10/1/2026,0.00,NEED 12,8/7/2026,8/13,TRIVANTAGE,$35.61,,,,WC_5196468,
8/6/2026,1711,MIA,David Kuperberg,10/01,Nurture Charcoal,42102-0006,3,1,-2,RECEIVED,10/1/2026,0.00,NEED 2,8/6/2026,8/7,KEYSTON,$29.23,,,,,
8/6/2026,1710,KIAN,Candace Stuart,9/16,Remix Silk,48145-0003,79,2,-77,RECEIVED,10/1/2026,-2.14,NEED 79-- 19 FROM TRIVANTAGE,8/7/2026,8/17,TRIVANTAGE,$15.52,,,,WC_5196468,
8/6/2026,1713,,OPTIMA 7220 (RUSH),8/10,METAMORPHIC LAGOON,46094-0005,112,62,-50,IN STOCK,10/1/2026,-7.43,,,,,,,,,,
8/12/2026,1716,KIAN,JENNIFER JOHNSON,9/4,CANVAS CLOUD,57012-0000,8,4,-4,RECEIVED,10/1/2026,-3.86,"NEED 8, 8YDS ON C11",8/18/2026,8/19,KEYSTON,$16.11,,,,,
8/12/2026,1722,MIA,CHARLIE DYCUS,9/9,METAMORPHIC SNOW,46094-0001,43,57,14,RECEIVED,10/1/2026,-3.14,NEED 35--TAKE FROM GLENRAVEN STOCK WAS ALLOCATED ON B12,5/19/2026,8/24,GLENRAVEN,$24.61,,,,ORDER#0884922000,
8/12/2026,1722,MIA,CHARLIE DYCUS,9/9,CABANA CLASSIC,58030-0000,6,0,-6,IN STOCK,10/1/2026,-3.14,,,,,,,,,,
8/12/2026,1722,MIA,CHARLIE DYCUS,9/9,CANVAS BLACK,5408-0000,2,0,-2,IN STOCK,10/1/2026,-3.14,,,,,,,,,,
8/13/2026,STOCK,,STOCK,,METAMORPHIC LAGOON,46094-0005,,62,62,RECEIVED,10/1/2026,"-6,613.71",RECEIVED 40 YDS ,,8/13,GLENRAVEN,,,,,ORDER# 0884922000,
8/17/2026,1717,SARA,ROBERT & DAWN MURILLO,9/14,CANVAS NATURAL,5404-0000,30,8,-22,RECEIVED,10/1/2026,-2.43,"NEED 28, 28 YDS ON C11",8/18/2026,8/19,KEYSTON,$16.11,,,,,
8/17/2026,1717,SARA,ROBERT & DAWN MURILLO,9/14,SHORE CLASSIC,58036-0000,6,3,-3,IN STOCK,10/1/2026,-2.43,,,,,,,,,,
8/17/2026,1717,SARA,ROBERT & DAWN MURILLO,9/14,CABANA CLASSIC,58030-0000,9,0,-9,IN STOCK,10/1/2026,-2.43,,,,,,,,,,
8/17/2026,1717,SARA,ROBERT & DAWN MURILLO,9/14,CANVAS BLACK,5408-0000,2,0,-2,IN STOCK,10/1/2026,-2.43,,,,,,,,,,
8/17/2026,1719,KIAN,KATHERINE CLEMENTS (WARRANTY),9/24,COAST CONCH,640-3797,45,0,-45,RECEIVED,10/1/2026,-1.00,NEED 45,8/19/2026,8/26,ULTRAFABRICS,$46.00,,,,,
8/17/2026,1719,KIAN,KATHERINE CLEMENTS (WARRANTY),9/24,COAST TERRA,640-3879,32,0,-32,RECEIVED,10/1/2026,-1.00,NEED 32,8/19/2026,8/26,ULTRAFABRICS,$46.00,,,,,
8/17/2026,1719,KIAN,KATHERINE CLEMENTS (WARRANTY),9/24,LITCHFIELD SAND,42011-0019,26,0,-26,RECEIVED,10/1/2026,-1.00,NEED 26,8/18/2026,9/22/2026,GLENRAVEN,$23.62,,,,Order 0886661000,
8/17/2026,1723,KIAN,GIL KONFINO,9/3,COAST BEACON,640-0042,33,5,-28,RECEIVED,10/1/2026,-4.00,NEED 33,8/19/2026,8/26,ULTRAFABRICS,$46.00,,,,,
8/17/2026,1723,KIAN,GIL KONFINO,9/3,ESTI ONYX,44349-0024,30,1,-29,IN STOCK,10/1/2026,-4.00,,,,,,,,,,
8/17/2026,1724,MIA,PHILIP AND ALKA BENNION,9/10,CRUSH ASH,42101-0004,28,29,1,IN STOCK,10/1/2026,-3.00,28YD ON D15,,,,,,,,,
8/17/2026,1724,MIA,PHILIP AND ALKA BENNION,9/10,METAMORPHIC CLOUD,46094-0006,10,23,13,RECEIVED,10/1/2026,-3.00,NEED 8,8/18/2026,,GLENRAVEN,$24.61,,,,ORDER# 0884922000,
8/17/2026,1724,MIA,PHILIP AND ALKA BENNION,9/10,LITCHFIELD SNOW,42011-0018,7,5,-2,RECEIVED,10/1/2026,-3.00,"NEED 3, RECEIVED ON B13",8/18/2026,8/24,TRIVANTAGE,$49.40,,,,,
8/17/2026,1724,MIA,PHILIP AND ALKA BENNION,9/10,CANVAS BLACK,5408-0000,3,0,-3,RECEIVED,10/1/2026,-3.00,"NEED 5, 5YDS ON C11",8/18/2026,8/19,KEYSTON,$16.11,,,,,
8/17/2026,1721,JASMIN,TRACY LAPAGLIA,9/25,BERENSON TUXEDO,8521-0000,34,65,31,IN STOCK,10/1/2026,-0.86,,,,,,,,,,
8/17/2026,1721,JASMIN,TRACY LAPAGLIA,9/25,CANVAS HEATHER BEIGE,5476-0000,41,47,6,IN STOCK,10/1/2026,-0.86,,,,,,,,,,
8/17/2026,1720,MIA,DANIELLE BOECKER,10/5,TRANQUIL CAMEL,44493-0002,20,1,-19,RECEIVED,10/1/2026,0.57,"NEED 21, 21 YDS ON C11",8/18/2026,8/19,KEYSTON,$18.85,,,,,
8/17/2026,1720,MIA,DANIELLE BOECKER,10/5,RITSY NECTAR,360007-0017,10,3,-7,RECEIVED,10/1/2026,0.57,"NEED 11, RECEIVED ON C15",8/18/2026,8/25,TRIVANTAGE,$25.62,,,,WC_5204496,
8/17/2026,1720,MIA,DANIELLE BOECKER,10/5,COAST BUNGALOW,640-3837,18,2,-16,CLIENTE,,,RECEIVED..ON PAL-1,,,,,,,,,
8/17/2026,1720,MIA,DANIELLE BOECKER,10/5,COAST CONCH,640-3797,35,0,-35,CLIENTE,,,RECEIVED..ON PAL-1,,,,,,,,,
8/17/2026,1720,MIA,DANIELLE BOECKER,10/5,COAST SAVANNA,640-380,2,5,3,CLIENTE,,,RECEIVED..ON PAL-1,,,,,,,,,
8/17/2026,1720,MIA,DANIELLE BOECKER,10/5,FRONTIER BUCKSKIN,396-3134,21,0,-21,CLIENTE,,,RECEIVED..ON PAL-1,,,,,,,,,
8/17/2026,1720,MIA,DANIELLE BOECKER,10/5,COAST CABANA,640-3890,2,0,-2,CLIENTE,,,RECEIVED..ON PAL-1,,,,,,,,,
8/17/2026,1718,MIA,OPTIMA SONORA VILLAGE ROOFTOP,9/15,CANVAS BRICK,5409-0000,115,5,-110,RECEIVED,10/1/2026,-2.29,NEED 120,8/17/2026,9/9,GLENRAVEN,,,,,ORDER# 0891396000 ETA: 9/9/26,
8/17/2026,1718,MIA,OPTIMA SONORA VILLAGE ROOFTOP,9/15,CANVAS BRICK,5409-0000,115,5,-110,RECEIVED,10/1/2026,-2.29,NEED 25 TO COMPLETE,9/22/2026,9/22/2026,KEYSTON,$18.55,,,,WITH MARCO,
8/18/2026,STOCK,,STOCK,,METAMORPHIC SNOW,46094-0001,,57,,RECEIVED,,,RECEIVED 40 YDS FROM GLEN RAVEN,,8/18,,,,,,,
8/18/2026,STOCK,,STOCK,,CRUSH ASH,42101-0004,,29,,RECEIVED,,,RECEIVED 41 YDS FROM GLEN RAVEN,,8/18,,,,,,,
8/18/2026,STOCK,,STOCK,,LEAF STRUCTURE CLOUD,146419-0001,,71,,RECEIVED,,,RECEIVED 55 YDS FROM GLEN RAVEN,,8/18,,,,,,,
8/18/2026,1697,MIA,Optima 7160,9/15,Viento Nautical,40332-0006,200,29,-171,RECEIVED,10/1/2026,-2.29,NEED 115*ORDER 40 FRON TRIVANTAGE ON C15,8/18/2026,8/25,TRIVANTAGE,$27.36,,,,WC_5204496,
8/18/2026,1697,MIA,Optima 7160,9/15,Viento Nautical,40332-0006,200,29,-171,RECEIVED,10/1/2026,-2.29,NEED 80 TO COMPLETE,9/15/2026,9/17,TRIVANTAGE,$26.91,,,,WC_5225420,
8/18/2026,1727,KIAN,TODD BONDY,9/30,CANVAS WHITE,57003-0000,5,11,6,IN STOCK,10/1/2026,-0.14,,,,,,,,,,
8/18/2026,1727,KIAN,TODD BONDY,9/30,POSH SAPPHIRE,44157-0053,3,22,19,IN STOCK,10/1/2026,-0.14,,,,,,,,,,
8/19/2026,1681,SARA,DAVE AND KRISTEN ANDERSON,8/25,HERITAGE CHAR,18009-0000,45,12,-33,RECEIVED,10/1/2026,-5.29,"AT KEYSTON 12YDS, 12 YDS ON C14",8/19/2026,8/20,KEYSTON,$29.23,,,,ONLINE,
8/19/2026,1681,SARA,DAVE AND KRISTEN ANDERSON,8/25,HERITAGE CHAR,18009-0000,30,12,-18,RECEIVED,10/1/2026,-5.29,"NEED 30, RECEIVED ON B10",8/19/2026,8/24,TRIVANTAGE,$33.08,,,,ONLINE,
8/19/2026,1681,SARA,DAVE AND KRISTEN ANDERSON,8/25,SAVVY ONYX,45889-0009,18,10,-8,RECEIVED,10/1/2026,-5.29,"NEED 18, RECEIVED ON C12",8/19/2026,8/24,TRIVANTAGE,$36.37,,,,ONLINE,
8/19/2026,1681,SARA,DAVE AND KRISTEN ANDERSON,8/25,CONNECTION ONYX,145153-0000,21,22,1,RECEIVED,10/1/2026,-5.29,"NEED 20, RECEIVED ON C12",8/19/2026,8/24,TRIVANTAGE,$39.85,,,,ONLINE,
8/24/2026,1733,MIA,DAN AMBROSE ADDITION,8/28,MIDORI INDIGO,145256-0001,3,0,-3,RECEIVED,10/1/2026,-4.86,"NEED 3, RECEIVED ON C14",8/25/2026,8/25,KEYSTON,$32.89,,,,,
8/24/2026,1733,MIA,DAN AMBROSE ADDITION,8/28,CAST OCEAN,48103-0000,3,0,-3,RECEIVED,10/1/2026,-4.86,"NEED 3, RECEIVED ON C14",8/25/2026,8/25,KEYSTON,$15.50,,,,,
8/24/2026,STOCK,,STOCK,,METAMORPHIC SNOW,46094-0001,,57,,RECEIVED,10/1/2026,,RECEIVED 40 YDS FOR STOCK,,8/24,GLEN RAVEN,,,,,Order 0884922000,
8/24/2026,1732,SARA,ROB ROY,9/5,CAST ASH,40428-0000,6,15,9,RECEIVED,10/1/2026,-3.71,NEED 6,8/25/2026,8/27,TRIVANTAGE,$17.76,,,,WC_5212125,
8/24/2026,1732,SARA,ROB ROY,9/5,CANVAS FLAX,5492-0000,6,0,-6,IN STOCK,10/1/2026,-3.71,,,,,,,,,,
8/24/2026,1732,SARA,ROB ROY,9/5,ASSEMBLE SAND,47246-0001,4,28,24,IN STOCK,10/1/2026,-3.71,,,,,,,,,,
8/24/2026,1735,SARA,DAVE AND KRISTEN ANDERSON ADDON,8/28,CONNECTION ONYX,145153-0000,6,22,16,RECEIVED,10/1/2026,-4.86,NEED 6,,8/27,TRIVANTAGE,$39.85,,,,WC_5212125,
8/24/2026,1735,SARA,DAVE AND KRISTEN ANDERSON ADDON,8/28,PLAY SNOW,40616-0001,3,6,3,RECEIVED,10/1/2026,-4.86,NEED 3,,8/27,TRIVANTAGE,$14.61,,,,WC_5212125,
8/25/2026,1710,KIAN,Candace Stuart,9/16,REMIX SILK,48145-0003,,2,,RECEIVED,,,RECEIVED 20 YDS FROM KEYSTON ON B15,,,,,,,,,
8/26/2026,1707,MIA,Scottsdale Showroom-Pillows,8/25,CASSAVA MUSHROOM,44496-0003,3,7,4,IN STOCK,,,,,,,,,,,,
8/26/2026,1707,MIA,Scottsdale Showroom-Pillows,8/25,PIQUE FLAX,40421-0002,2,31,29,IN STOCK,10/1/2026,-5.29,,,,,,,,,,
8/26/2026,1707,MIA,Scottsdale Showroom-Pillows,8/25,CASSAVA CORAL,44496-0009,7,0,-7,IN STOCK,10/1/2026,-5.29,,,,,,,,,,
8/26/2026,1707,MIA,Scottsdale Showroom-Pillows,8/25,PRECISE FAWN,145602-0006,5,4,-1,IN STOCK,10/1/2026,-5.29,,,,,,,,,,
8/26/2026,1629,MIA,FRED KATHI HERMANN,9/3,CANVAS BLACK,5408-0000,58,0,-58,RECEIVED,10/1/2026,-4.00,NEED 58,8/26/2026,8/27,KEYSTON,$16.11,,,,64246665-00,
8/28/2026,STOCK,,STOCK,,FRONTIER BUCKSKIN,396-3134,,0,,RECEIVED,10/1/2026,,RECEIVED 27,,8/28,ULTRAFABRICS,$46.00,,,,ORDER NUMBER 20005,
8/28/2026,STOCK,,STOCK,,COAST CONCH,640-3797,,0,,RECEIVED,10/1/2026,,RECEIVED 48,,8/28,ULTRAFABRICS,$46.00,,,,ORDER NUMBER 20005,
8/28/2026,STOCK,,STOCK,,COAST BUNGALOW,640-3837,,2,,RECEIVED,10/1/2026,,RECEIVED 24,,8/28,ULTRAFABRICS,$46.00,,,,ORDER NUMBER 20005,
8/28/2026,STOCK,,STOCK,,COAST CABANA,640-3890,,0,,RECEIVED,10/1/2026,,RECEIVED 4,,8/28,ULTRAFABRICS,$46.00,,,,ORDER NUMBER 20005,
8/28/2026,STOCK,,STOCK,,COAST SAVANNA,640-3880,,5,,RECEIVED,10/1/2026,,RECEIVED 3,,8/28,ULTRAFABRICS,$46.00,,,,ORDER NUMBER 20005,
8/31/2026,1731,ADAM,DONA HAMEL WARRANTY,9/24,METAMORPHIC SAND,46094-0002,20,11,-9,IN STOCK,10/1/2026,-1.00,20 ON BIN: PAL-1,,,,,,,,,
8/31/2026,1734,KIAN,HOPE BRICK,9/30,METAMORPHIC SAND,46094-0002,14,11,-3,IN STOCK,10/1/2026,-0.14,14 YD ON PAL-1,,,,,,,,,
8/31/2026,1734,KIAN,HOPE BRICK,9/30,EMPIRE DOVE,45837-0002,17,2,-15,DISCONTINUED,10/1/2026,-0.14,NEED 17,,,,,,,,"discontinued, suggested: Empire Dawn",
8/31/2026,1734,KIAN,HOPE BRICK,9/30,DUSTY EARTH,640-3881,19,0,-19,RECEIVED,10/1/2026,-0.14,NEED 20 RECEIVED ON PAL1,9/3/2026,9/9,ULTRAFABRICS,$46.00,,,,BY EMAIL,
8/31/2026,1734,KIAN,HOPE BRICK,9/30,BOX SLATE,45542-0000,6,0,-6,RECEIVED,10/1/2026,-0.14,NEED 7,9/2/2026,9/11,KEYSTON,$30.75,,,,ORDER# 6432735,
8/31/2026,1734,KIAN,HOPE BRICK,9/30,UNDERCURRENT SAND,47203-0001,6,83,77,RECEIVED,10/1/2026,-0.14,NEED 7 **ON B15,9/2/2026,9/8,TRIVANTAGE,$46.45,,,,WC-5217143,
9/2/2026,1744,JASMIN,BETH FEINDSILVER,9/14,CHARTRES SILK,45864-0082,46,0,-46,IN STOCK,10/1/2026,-2.43,ON BIN B06 & D14,,,,,,,,,
9/2/2026,1744,JASMIN,BETH FEINDSILVER,9/14,UNDERCURRENT STORM,47203-0002,25,71,46,IN STOCK,10/1/2026,-2.43,ON A13,,,,,,,,,
9/2/2026,1744,JASMIN,BETH FEINDSILVER,9/14,MIDORI STONE,145256-0005,13,0,-13,IN STOCK,10/1/2026,-2.43,ON BIN A03 & D10,,,,,,,,,
9/3/2026,1745,MIA,SCOTTSDALE SHOWROOM,9/30,POSH SAPPHIRE,44157-0053,11,22,11,IN STOCK,10/1/2026,-0.14,ON B08,,,,,,,,,
9/3/2026,1745,MIA,SCOTTSDALE SHOWROOM,9/30,CRUSH SNOW,42101-0001,4,0,-4,RECEIVED,10/1/2026,-0.14,NEED 5 **ON B15,9/3/2026,9/8,TRIVANTAGE,$37.71,,,,,
9/3/2026,1742,SARA,SOLANA BEACH SHOWROOM,9/14,CASSAVA CORAL,44496-0009,22,0,-22,IN STOCK,10/1/2026,-2.43,ON A09,,,,,,,,,
9/3/2026,1742,SARA,SOLANA BEACH SHOWROOM,9/14,CARLO MESA,146479-0002,10,0,-10,RECEIVED,10/1/2026,-2.43,NEED 12,9/3/2026,9/15,TRIVANTAGE,$27.61,,,,ETA: 9/10/26,
9/3/2026,1740,KIAN,ROBERT BARRY,10/14,CANVAS CHARCOAL,54048-0000,15,3,-12,RECEIVED,10/1/2026,1.86,"NEED 14 (Round Bravada Daybed 84"" circular seat +22% waste; cut guide 1740) *ON B15",9/3/2026,9/8,KEYSTON,$16.11,,,,,
9/3/2026,1740,KIAN,ROBERT BARRY,10/14,CANVAS NATURAL,5404-0000,5,8,3,RECEIVED,10/1/2026,1.86,NEED 4 (4 back pillows 30x14) *ON B15,9/3/2026,9/8,KEYSTON,$16.11,,,,,
9/3/2026,1741,KIAN,ANIA BLICK,9/24,SEVILLE SEASIDE,5608-0000,5,4,-1,RECEIVED,10/1/2026,-1.00,NEED 4 (2 back pillows 36x15x4 w/straps) *ON B15,9/3/2026,9/8,KEYSTON,$16.72,,,,,
9/3/2026,1738,MIA,KURT STYERS,10/15,SHELTER WHITE,44530-0002,42,0,-42,RECEIVED,10/1/2026,2.00,"NEED 42 (warranty reupholstery, 12 pkgs / 20 pcs)",9/3/2026,9/9,TRIVANTAGE,$24.75,,,,ETA: 9/10/26,
9/3/2026,1738,MIA,KURT STYERS,10/15,CANVAS NAVY,5439-0000,10,8,-2,IN STOCK,10/1/2026,2.00,NEED 1 (1 SQ17 corner + 4 cube + 4 fly leg),,,,,,,,,
9/3/2026,1739,KIAN,WINSTON HEWITT,9/30,METAMORPHIC SAND,46094-0002,12,11,-1,RECEIVED,10/1/2026,-0.14,"NEED 6 (2 chaise reuphol, same foam; also 1731 needs 20 of same fabric) *ON B15",9/3/2026,9/8,TRIVANTAGE,$44.43,,,,,
9/8/2026,1752,SARA,SOLANA BEACH SHOWROOM,9/16,SUMMIT DEEP MAROON,421-1477,10,0,-10,RECEIVED,10/1/2026,-2.14,NEED 11,9/10/2026,9/16,ULTRAFABRICS,$46.00,,,,email send,
9/8/2026,1752,SARA,SOLANA BEACH SHOWROOM,9/16,COAST BEACON,640-0042,6,5,-1,RECEIVED,10/1/2026,-2.14,NEED 7,9/10/2026,9/16,ULTRAFABRICS,$46.00,,,,email send,
9/2/2026,STOCK,,STOCK-UNDERLINING,,"Phifertex® Standard Mesh 54"" Black X04",997152,60,60,,RECEIVED,10/1/2026,,ORDER 60,9/3/2026,9/8,TRIVANTAGE,$13.40,,,,Order Number: WC_5217143,
9/2/2026,STOCK,,STOCK-UNDERLINING,,"Phifertex® Standard Mesh 54"" WHITE 000",997142,60,180,,RECEIVED,10/1/2026,,ORDER 60,9/3/2026,9/8,TRIVANTAGE,$13.40,,,,Order Number: WC_5220614,
9/2/2026,STOCK,,STOCK-UNDERLINING,,"Phifertex® Standard Mesh 54"" WHITE 000",997142,60,180,,RECEIVED,10/1/2026,,ORDER 120,9/3/2026,9/8,TRIVANTAGE,$13.40,,,,Order Number: Y105434722,
9/9/2026,1753,MIA,TAMIE HAYNIE HEADREST,9/11,HERITAGE CHAR,18009-0000,2,12,10,IN STOCK,10/1/2026,-2.86,,,,,,,,,,
9/9/2026,1750,JASMIN,MICHELLE ANDERS,10/26,WALRUS GREY,640-6086,20,0,-20,RECEIVED,10/1/2026,3.57,NEED 22,9/10/2026,9/16,ULTRAFABRICS,$46.00,,,,email send,
9/9/2026,1750,JASMIN,MICHELLE ANDERS,10/26,COAST DOLPHIN,640-6508,12,11,-1,IN STOCK,10/1/2026,3.57,REVIZAR SI ESTA DISPONIBLE,,,,,,,,,
9/9/2026,1750,JASMIN,MICHELLE ANDERS,10/26,UNDERCURRENT STORM,47203-0002,13,71,58,IN STOCK,10/1/2026,3.57,,,,,,,,,,
9/9/2026,1754,MIA,KELLY HALL,10/14,DUMONT STUCCO,305825-0002,110,64,-46,RECEIVED,10/1/2026,1.86,ORDERED 80.7,,,GLENRAVEN,,,,,Orden Glen Raven #0888600000,
9/9/2026,1754,MIA,KELLY HALL,10/14,KINDLE SILK,145666-0002,25,73,48,RECEIVED,10/1/2026,1.86,ORDERED 40/RECEIVED ON PAL-1,,9/15,GLENRAVEN,,,,,Orden Glen Raven #0888600000,
9/9/2026,1754,MIA,KELLY HALL,10/14,CANVAS FLAX,5492-0000,5,0,-5,RECEIVED,10/1/2026,1.86,NEED 6 YDS/RECEIVED ON C15,9/10/2026,9/11,KEYSTON,$16.11,,,,,
9/10/2026,1751,SARA,JENNIFER ALPERT RIEDEL,10/6,METAMORPHIC LAGOON,46094-0005,10,62,52,IN STOCK,10/1/2026,0.71,,,,,,,,,,
9/10/2026,1748,MIA,CASEY JESSEN,10/26,CANVAS WHITE,57003-0000,37,11,-26,RECEIVED,10/1/2026,3.57,NEED 23/RECEIVED ON D15,9/10/2026,9/11,KEYSTON,$16.11,,,,,
9/10/2026,1748,MIA,CASEY JESSEN,10/26,CANVAS BLACK,5408-0000,7,0,-7,IN STOCK,10/1/2026,3.57,,,,,,,,,,
9/10/2026,1749,SARA,CARLYN-TEALL EDDS,10/13,UNDERCURRENT TIDE,47203-0004,42,1,-41,RECEIVED,10/1/2026,1.71,NEED 40* SHOW IN STOCK AT GLENRAVEN,9/10/2026,9/22/2026,GLENRAVEN,$27.06,,,,Order 0893205000,1136.52
9/10/2026,1749,SARA,CARLYN-TEALL EDDS,10/13,SPECTRUM INDIGO,48080-0000,11,2,-9,RECEIVED,10/1/2026,1.71,NEED 10/RECEIVED ON C15,9/10/2026,9/11,KEYSTON,$14.58,,,,,160.38
9/10/2026,1749,SARA,CARLYN-TEALL EDDS,10/13,PLAY OAT,40616-0002,22,0,-22,RECEIVED,10/1/2026,1.71,NEED 24/RECEIVED ON D15,9/10/2026,9/11,KEYSTON,$13.06,,,,,287.32
9/15/2026,STOCK,,STOCK,,DUMONT STUCCO,305825-0002,,64,64,RECEIVED,10/1/2026,-6613.71,RECEIVED 2 ROLLS EACH 45 YDS,,9/15,,,,,,ORDER 0888600000,
9/15/2026,1755,MIA,STEPHEN HAKAMI,10/14,CANVAS WHITE,57003-0000,17,11,-6,IN STOCK,10/1/2026,1.86,,,,,,,,,,
9/15/2026,1755,MIA,STEPHEN HAKAMI,10/14,CABANA CLASSIC,58030-0000,14,0,-14,IN STOCK,10/1/2026,1.86,,,,,,,,,,
9/15/2026,1755,MIA,STEPHEN HAKAMI,10/14,CANVAS PACIFIC BLUE,5401-0000,9,121,112,IN STOCK,10/1/2026,1.86,,,,,,,,,,
9/16/2026,1758,MIA,CHRISTA HELM,9/29,LINVILLE PARCHMENT,145707-0006,90,18,-72,RECEIVED,10/1/2026,-0.29,NEED 20,9/16/2026,,TRIVANTAGE,$42.44,,,,MONTSE ORDER Y105440233,
9/16/2026,1758,MIA,CHRISTA HELM,9/29,VOYAGE DUNE,146206-0004,6,2,-4,RECEIVED,10/1/2026,-0.29,NEED 2,9/21/2026,9/22/2026,KEYSTON,$28.92,,,,,
9/16/2026,1758,MIA,CHRISTA HELM,9/29,TRANQUIL CAMEL,44493-0002,19,1,-18,RECEIVED,10/1/2026,-0.29,NEED 5,9/21/2026,9/22/2026,KEYSTON,$18.85,,,,,
9/16/2026,1758,MIA,CHRISTA HELM,9/29,PLAY SAGE,40616-0007,7,1,-6,RECEIVED,10/1/2026,-0.29,NEED 8,9/21/2026,9/22/2026,KEYSTON,$13.06,,,,,
9/17/2026,1756,SARA,JASON SCHNEIDER,10/16,ESTI MARINE,44349-0028,11,4,-7,RECEIVED,10/1/2026,2.14,NEED 8,9/21/2026,9/23,TRIVANTAGE,$28.47,,,,order Y105442586,
9/17/2026,1756,SARA,JASON SCHNEIDER,10/16,SPECTRUM DENIM,48086-0000,4,0,-4,RECEIVED,10/1/2026,2.14,NEED 4,9/21/2026,9/22/2026,KEYSTON,$14.58,,,,,
9/17/2026,1759,SARA,BEN ROBERTS,10/16,CANVAS TAUPE,5461-0000,63,4,-59,RECEIVED,10/1/2026,2.14,NEED 60,9/21/2026,9/22/2026,KEYSTON,$16.11,,,,,
9/17/2026,1759,SARA,BEN ROBERTS,10/16,IMROVE WHITE,17003-001,18,0,-18,RECEIVED,10/1/2026,2.14,NEED 20,9/21/2026,9/22/2026,KEYSTON,$34.72,,,,,
9/21/2026,1760,KIAN,SUSAN MCGALLA WARRANTY,10/23,BLEND INDIGO,16001-0001,4,30,26,IN STOCK,10/1/2026,3.14,,,,,,,,,,
9/21/2026,1760,KIAN,SUSAN MCGALLA WARRANTY,10/23,LINVILLE OYSTER,145707-0007,10,9,-1,IN STOCK,10/1/2026,3.14,,,,,,,,,,
9/21/2026,1760,KIAN,SUSAN MCGALLA WARRANTY,10/23,LINVILLE DENIM,145707-0012,32,0,-32,RECEIVED,10/1/2026,3.14,21 YDS NORTH CAROLINE,,9/28,TRIVANTAGE,$42.44,,,,order Y105442586,
9/21/2026,1760,KIAN,SUSAN MCGALLA WARRANTY,10/23,LINVILLE DENIM,145707-0012,32,0,-32,OUT OF STOCK,10/1/2026,3.14,NEED 12,,,,,,,,,
9/21/2026,1760,KIAN,SUSAN MCGALLA WARRANTY,10/23,GLIMPSE STORM,40489-0008,14,0,-14,RECEIVED,10/1/2026,3.14,NEED 15,9/21/2026,9/23,TRIVANTAGE,$26.86,,,,order Y105442586,
9/21/2026,1760,KIAN,SUSAN MCGALLA WARRANTY,10/23,LITCHFIELD FOG,42011-0020,53,29.9,-23.1,RECEIVED,10/1/2026,3.14,NEED 25.. 11 Y 7 EN NORTH CAROLINE Y 6 DE CALIFORNIA,9/21/2026,9/23,TRIVANTAGE,$54.45,,,,order Y105442586,
9/21/2026,1760,KIAN,SUSAN MCGALLA WARRANTY,10/23,POSH SAPPHIRE,44157-0053,6,22,16,IN STOCK,10/1/2026,3.14,,,,,,,,,,
9/22/2026,1763,MIA,CHARLIE DYCUS,9/30,METAMORPHIC SNOW,46094-0001,5,57,52,IN STOCK,10/1/2026,-0.14,,,,,,,,,,
9/22/2026,1764,MIA,RUTHANN BOCA-REDO,10/15,CANVAS TANGERINE,5406-0000,45,1,-44,RECEIVED,10/1/2026,2.00,NEED 45,9/23/2026,9/29/2026,KEYSTON,$18.55,,,,,
9/22/2026,1764,MIA,RUTHANN BOCA-REDO,10/15,CANVAS MACAW,5429-0000,30,0,-30,RECEIVED,10/1/2026,2.00,NEED 30,9/23/2026,9/29/2026,KEYSTON,$18.55,,,,,
9/23/2026,1761,SARA,JOSH YOUNG,11/05,METAMORPHIC FOG,46094-0003,21,81,60,IN STOCK,10/1/2026,5.00,,,,,,,,,,
9/23/2026,1761,SARA,JOSH YOUNG,11/05,HERITAGE ASHE,18001-0000,5,0,-5,RECEIVED,10/1/2026,5.00,NEED 5,9/23/2026,9/29/2026,KEYSTON,$29.23,,,,,
9/23/2026,1762,MIA,JODIE DOOLEY,10/28,SHELTER WHITE,44530-0002,34,0,-34,RECEIVED,10/1/2026,3.86,NEED34 **ORDER 27 AVAILABLE,9/23/2026,9/29/2026,TRIVANTAGE,$24.75,,,,,
9/23/2026,1762,MIA,JODIE DOOLEY,10/28,SNOWCAP ULTRALEATHER,640-0021,17,0,-17,ORDERED,10/1/2026,3.86,NEED 17,9/28/2026,,ULTRAFABRICS,$46.00,,,,BY EMAIL,
9/23/2026,1762,MIA,JODIE DOOLEY,10/28,CABANA CLASSIC,58030-0000,41,0,-41,RECEIVED,10/1/2026,3.86,NEED 15,9/23/2026,9/29/2026,KEYSTON,$16.72,,,,,
9/23/2026,1762,MIA,JODIE DOOLEY,10/28,CANVAS CAPRI,5426-0000,9,1,-8,RECEIVED,10/1/2026,3.86,NEED 8,9/23/2026,9/29/2026,KEYSTON,$16.11,,,,,
9/23/2026,1765,KIAN,ZANE LATEEF,10/13,SNOWCAP ULTRALEATHER,640-0021,34,0,-34,ORDERED,10/1/2026,1.71,NEED 34,9/28/2026,,ULTRAFABRICS,$46.00,,,,BY EMAIL,
9/23/2026,1765,KIAN,ZANE LATEEF,10/13,CANVAS BLACK,5408-0000,5,0,-5,IN STOCK,10/1/2026,1.71,,,,,,,,,,
9/23/2026,1765,KIAN,ZANE LATEEF,10/13,COAST FEATHER,640-5968,19,23,4,IN STOCK,10/1/2026,1.71,,,,,,,,,,
9/23/2026,1766,MIA,JULIA -KATE NEILL,11/11,LINVILLE PARCHMENT,145707-0006,102,18,-84,RECEIVED,10/1/2026,5.86,NEED 90 YDS *98.4 FROM GLENRAVEN,9/23/2026,9/29/2026,GLENRAVEN,$23.62,,,,ORDERS: 0888600000 & 0884180000,
9/23/2026,1766,MIA,JULIA -KATE NEILL,11/11,KINDLE SILK,145666-0002,18,73,55,IN STOCK,10/1/2026,5.86,,,,,,,,,,
9/24/2026,1772,JASMIN,NAZ AHMAD,10/13,CRUSH SNOW,42101-0001,10,0,-10,IN STOCK,10/1/2026,1.71,,,,,,,,,,
9/25/2026,1772,JASMIN,NAZ AHMAD,10/13,CANVAS BLACK,5408-0000,21,0,-21,RECEIVED,10/1/2026,1.71,NEED14,9/29/2026,9/29/2026,KEYSTON,$16.11,,,,,
9/25/2026,1772,JASMIN,NAZ AHMAD,10/13,SAVVY ONYX,45889-0009,6,10,4,RECEIVED,10/1/2026,1.71,NEED 5,9/29/2026,10/1/2026,TRIVANTAGE,$35.77,,,,,
9/29/2026,1776,HEATHER,SARA FLORIDA,10/5,CASSAVA INDIGO,44496-0008,28,4,-24,RECEIVED,10/1/2026,0.57,NEED 24,9/29/2026,10/1/2026,TRIVANTAGE,$35.77,,,,,
9/29/2026,1776,HEATHER,SARA FLORIDA,10/5,Kindle Indigo,145666-0004,3,12,9,IN STOCK,10/1/2026,0.57,NEED 3,,,,,,,,,
9/30/2026,1785,MIA,KRISTI CUROE,10/8,CAST ASH,40428-0000,5,15,10,IN STOCK,10/1/2026,1.00,,,,,,,,,,
10/1/2026,1782,HEATHER,RAELYNE & DARRYL WALKER,11/25,ASCEND TROPICAL,145410-0008,12,5,-7,OUT OF STOCK,10/1/2026,7.86,NEED 7,,,,,,,,,
10/1/2026,1768,JASMIN,ROBERT & KATHI FRIEL,10/8,DUMONT STUCCO,305825-0002,44,64,20,IN STOCK,10/1/2026,1.00,,,,,,,,,,
10/1/2026,1768,JASMIN,ROBERT & KATHI FRIEL,10/8,CANVAS FLAX,5492-0000,4,0,-4,OUT OF STOCK,10/1/2026,1.00,NEED 4,,,,,,,,,
10/1/2026,1768,JASMIN,ROBERT & KATHI FRIEL,10/8,ADAPTATION INDIGO,69010-0004,5,4,-1,OUT OF STOCK,10/1/2026,1.00,NEED 1,,,,,,,,,
10/1/2026,1769,KIAN,CAROL & TODD BENNETT,10/12,MIDORI STONE,145256-0005,28,0,-28,OUT OF STOCK,10/1/2026,1.57,NEED 28,,,,,,,,,
10/1/2026,1769,KIAN,CAROL & TODD BENNETT,10/12,CRUSH SNOW,42101-0001,22,0,-22,OUT OF STOCK,10/1/2026,1.57,NEED 22,,,,,,,,,
10/1/2026,1769,KIAN,CAROL & TODD BENNETT,10/12,CANVAS CHARCOAL,54048-0000,5,3,-2,OUT OF STOCK,10/1/2026,1.57,NEED 2,,,,,,,,,
10/1/2026,1770,MIA,TYLER TEW,10/15,DUMONT STUCCO,305825-0002,15,64,49,IN STOCK,10/1/2026,2.00,,,,,,,,,,
10/1/2026,1774,MIA,DAN & KAREN TWIBELL,11/10,METAMORPHIC SAND,46094-0002,36,11,-25,OUT OF STOCK,10/1/2026,5.71,NEED 25,,,,,,,,,
10/1/2026,1774,MIA,DAN & KAREN TWIBELL,11/10,PRECISE FAWN,145602-0006,6,4,-2,OUT OF STOCK,10/1/2026,5.71,NEED 2,,,,,,,,,
10/1/2026,1774,MIA,DAN & KAREN TWIBELL,11/10,CANVAS TAUPE,5461-0000,2,4,2,IN STOCK,10/1/2026,5.71,,,,,,,,,,
10/1/2026,1780,,ROB ROY (CUSHION SERVICE),10/2,CAST ASH,40428-0000,5,15,10,IN STOCK,10/1/2026,0.14,"SEAT ONLY - 5 yd (cushion service, 10/1)",,,,,,,,,
10/1/2026,1783,KIAN,JESSIE NEEDHAM (WARRANTY),10/31,METAMORPHIC SAND,46094-0002,90,11,-79,OUT OF STOCK,10/1/2026,4.29,ESTIMADO 78 yd +15% (dims por confirmar vs cojines existentes); NEED 79,,,,,,,,,
10/1/2026,1775,HEATHER,DAVID CARROLL (WARRANTY),10/30,DUMONT STUCCO,305825-0002,76,64,-12,OUT OF STOCK,10/1/2026,4.14,ESTIMADO 66 yd +15%; NEED 12 (dims por confirmar),,,,,,,,,
10/1/2026,1775,HEATHER,DAVID CARROLL (WARRANTY),10/30,METAMORPHIC SNOW,46094-0001,14,57,43,IN STOCK,10/1/2026,4.14,ESTIMADO 12 yd +15% (dims por confirmar),,,,,,,,,
10/1/2026,1775,HEATHER,DAVID CARROLL (WARRANTY),10/30,ESTI MARINE,44349-0028,27,4,-23,OUT OF STOCK,10/1/2026,4.14,ESTIMADO 23 yd +15%; NEED 23 (lumbares+ottomans),,,,,,,,,
10/1/2026,1784,HEATHER,MELANIE SQUIRES (WARRANTY),11/4,UNDERCURRENT LAGOON,47203-0003,44,0,-44,OUT OF STOCK,10/1/2026,4.86,ESTIMADO 38 yd +15%; NEED 44 (no stock) (dims por confirmar),,,,,,,,,
10/1/2026,1784,HEATHER,MELANIE SQUIRES (WARRANTY),11/4,METAMORPHIC CLOUD,46094-0006,20,23,3,IN STOCK,10/1/2026,4.86,ESTIMADO 17 yd +15% (dims por confirmar),,,,,,,,,
10/1/2026,1784,HEATHER,MELANIE SQUIRES (WARRANTY),11/4,MOUNTAINS SNOW,72011-0001,13,19,6,IN STOCK,10/1/2026,4.86,ESTIMADO 11 yd +15% (headrests+pillows+piping),,,,,,,,,
10/1/2026,1784,HEATHER,MELANIE SQUIRES (WARRANTY),11/4,SPECTRUM PEACOCK,48081-0000,6,0,-6,OUT OF STOCK,10/1/2026,4.86,pillows 22 + piping ~2 yd; NEED 6 (no stock),,,,,,,,,
,,,,,,,,0,0,,10/1/2026,-6613.71,,,,,,,,,,
,,,,,,,,0,0,,10/1/2026,-6613.71,,,,,,,,,,
,,,,,,,,0,0,,10/1/2026,-6613.71,,,,,,,,,,
,,,,,,,,0,0,,10/1/2026,-6613.71,,,,,,,,,,
,,,,,,,,0,0,,10/1/2026,-6613.71,,,,,,,,,,
,,,,,,,,0,0,,10/1/2026,-6613.71,,,,,,,,,,
,,,,,,,,0,0,,10/1/2026,-6613.71,,,,,,,,,,
,,,,,,,,0,0,,10/1/2026,-6613.71,,,,,,,,,,
,,,,,,,,0,0,,10/1/2026,-6613.71,,,,,,,,,,
,,,,,,,,0,0,,10/1/2026,-6613.71,,,,,,,,,,
,,,,,,,,0,0,,10/1/2026,-6613.71,,,,,,,,,,
,,,,,,,,0,0,,10/1/2026,-6613.71,,,,,,,,,,
,,,,,,,,,,,,,,,,,,,,,,
,,,,,,,,,,,,,,,,,,,,,,
,,,,,,,,,,,,,,,,,,,,,,
,,,,,,,,,,,,,,,,,,,,,,
,,,,,,,,,,,,,,,,,,,,,,
,,,,,,,,,,,,,,,,,,,,,,
,,,,,,,,,,,,,,,,,,,,,,
,,,,,,,,,,,,,,,,,,,,,,
,,,,,,,,,,,,,,,,,,,,,,
,,,,,,,,,,,,,,,,,,,,,,
,,,,,,,,,,,,,,,,,,,,,,
,,,,,,,,,,,,,,,,,,,,,,
,,,,,,,,,,,,,,,,,,,,,,
,,,,,,,,,,,,,,,,,,,,,,
,,,,,,,,,,,,,,,,,,,,,,
,,,,,,,,,,,,,,,,,,,,,,
,,,,,,,,,,,,,,,,,,,,,,
,,,,,,,,,,,,,,,,,,,,,,
,,,,,,,,,,,,,,,,,,,,,,
,,,,,,,,,,,,,,,,,,,,,,
,,,,,,,,,,,,,,,,,,,,,,
,,,,,,,,,,,,,,,,,,,,,,
,,,,,,,,,,,,,,,,,,,,,,
,,,,,,,,,,,,,,,,,,,,,,
,,,,,,,,,,,,,,,,,,,,,,
,,,,,,,,,,,,,,,,,,,,,,
,,,,,,,,,,,,,,,,,,,,,,
,,,,,,,,,,,,,,,,,,,,,,
,,,,,,,,,,,,,,,,,,,,,,
,,,,,,,,,,,,,,,,,,,,,,
,,,,,,,,,,,,,,,,,,,,,,
,,,,,,,,,,,,,,,,,,,,,,
,,,,,,,,,,,,,,,,,,,,,,
,,,,,,,,,,,,,,,,,,,,,,
,,,,,,,,,,,,,,,,,,,,,,
,,,,,,,,,,,,,,,,,,,,,,
,,,,,,,,,,,,,,,,,,,,,,
,,,,,,,,,,,,,,,,,,,,,,
,,,,,,,,,,,,,,,,,,,,,,
,,,,,,,,,,,,,,,,,,,,,,
,,,,,,,,,,,,,,,,,,,,,,
,,,,,,,,,,,,,,,,,,,,,,
,,,,,,,,,,,,,,,,,,,,,,
,,,,,,,,,,,,,,,,,,,,,,
,,,,,,,,,,,,,,,,,,,,,,
,,,,,,,,,,,,,,,,,,,,,,
,,,,,,,,,,,,,,,,,,,,,,
,,,,,,,,,,,,,,,,,,,,,,
,,,,,,,,,,,,,,,,,,,,,,
,,,,,,,,,,,,,,,,,,,,,,
,,,,,,,,,,,,,,,,,,,,,,
,,,,,,,,,,,,,,,,,,,,,,
,,,,,,,,,,,,,,,,,,,,,,
,,,,,,,,,,,,,,,,,,,,,,
,,,,,,,,,,,,,,,,,,,,,,
,,,,,,,,,,,,,,,,,,,,,,
,,,,,,,,,,,,,,,,,,,,,,
,,,,,,,,,,,,,,,,,,,,,,
,,,,,,,,,,,,,,,,,,,,,,
,,,,,,,,,,,,,,,,,,,,,,
,,,,,,,,,,,,,,,,,,,,,,
,,,,,,,,,,,,,,,,,,,,,,
,,,,,,,,,,,,,,,,,,,,,,
,,,,,,,,,,,,,,,,,,,,,,
,,,,,,,,,,,,,,,,,,,,,,
,,,,,,,,,,,,,,,,,,,,,,
,,,,,,,,,,,,,,,,,,,,,,
,,,,,,,,,,,,,,,,,,,,,,
,,,,,,,,,,,,,,,,,,,,,,
,,,,,,,,,,,,,,,,,,,,,,
,,,,,,,,,,,,,,,,,,,,,,
,,,,,,,,,,,,,,,,,,,,,,
,,,,,,,,,,,,,,,,,,,,,,
,,,,,,,,,,,,,,,,,,,,,,
,,,,,,,,,,,,,,,,,,,,,,
,,,,,,,,,,,,,,,,,,,,,,
,,,,,,,,,,,,,,,,,,,,,,
,,,,,,,,,,,,,,,,,,,,,,
,,,,,,,,,,,,,,,,,,,,,,
,,,,,,,,,,,,,,,,,,,,,,
,,,,,,,,,,,,,,,,,,,,,,
,,,,,,,,,,,,,,,,,,,,,,
,,,,,,,,,,,,,,,,,,,,,,
,,,,,,,,,,,,,,,,,,,,,,
,,,,,,,,,,,,,,,,,,,,,,
,,,,,,,,,,,,,,,,,,,,,,
,,,,,,,,,,,,,,,,,,,,,,
,,,,,,,,,,,,,,,,,,,,,,
,,,,,,,,,,,,,,,,,,,,,,
,,,,,,,,,,,,,,,,,,,,,,
,,,,,,,,,,,,,,,,,,,,,,
,,,,,,,,,,,,,,,,,,,,,,
,,,,,,,,,,,,,,,,,,,,,,
,,,,,,,,,,,,,,,,,,,,,,
,,,,,,,,,,,,,,,,,,,,,,
,,,,,,,,,,,,,,,,,,,,,,
,,,,,,,,,,,,,,,,,,,,,,
,,,,,,,,,,,,,,,,,,,,,,
,,,,,,,,,,,,,,,,,,,,,,
,,,,,,,,,,,,,,,,,,,,,,
,,,,,,,,,,,,,,,,,,,,,,
,,,,,,,,,,,,,,,,,,,,,,
,,,,,,,,,,,,,,,,,,,,,,
,,,,,,,,,,,,,,,,,,,,,,
,,,,,,,,,,,,,,,,,,,,,,
,,,,,,,,,,,,,,,,,,,,,,
,,,,,,,,,,,,,,,,,,,,,,
,,,,,,,,,,,,,,,,,,,,,,
,,,,,,,,,,,,,,,,,,,,,,
,,,,,,,,,,,,,,,,,,,,,,
,,,,,,,,,,,,,,,,,,,,,,
,,,,,,,,,,,,,,,,,,,,,,
,,,,,,,,,,,,,,,,,,,,,,
,,,,,,,,,,,,,,,,,,,,,,
,,,,,,,,,,,,,,,,,,,,,,
,,,,,,,,,,,,,,,,,,,,,,
,,,,,,,,,,,,,,,,,,,,,,
,,,,,,,,,,,,,,,,,,,,,,
,,,,,,,,,,,,,,,,,,,,,,
,,,,,,,,,,,,,,,,,,,,,,
,,,,,,,,,,,,,,,,,,,,,,
,,,,,,,,,,,,,,,,,,,,,,
,,,,,,,,,,,,,,,,,,,,,,
,,,,,,,,,,,,,,,,,,,,,,
,,,,,,,,,,,,,,,,,,,,,,
,,,,,,,,,,,,,,,,,,,,,,
,,,,,,,,,,,,,,,,,,,,,,
,,,,,,,,,,,,,,,,,,,,,,
,,,,,,,,,,,,,,,,,,,,,,
,,,,,,,,,,,,,,,,,,,,,,
,,,,,,,,,,,,,,,,,,,,,,
,,,,,,,,,,,,,,,,,,,,,,
,,,,,,,,,,,,,,,,,,,,,,
,,,,,,,,,,,,,,,,,,,,,,
,,,,,,,,,,,,,,,,,,,,,,
,,,,,,,,,,,,,,,,,,,,,,
,,,,,,,,,,,,,,,,,,,,,,
,,,,,,,,,,,,,,,,,,,,,,
,,,,,,,,,,,,,,,,,,,,,,
,,,,,,,,,,,,,,,,,,,,,,
,,,,,,,,,,,,,,,,,,,,,,
,,,,,,,,,,,,,,,,,,,,,,
,,,,,,,,,,,,,,,,,,,,,,
,,,,,,,,,,,,,,,,,,,,,,
,,,,,,,,,,,,,,,,,,,,,,
,,,,,,,,,,,,,,,,,,,,,,
,,,,,,,,,,,,,,,,,,,,,,
,,,,,,,,,,,,,,,,,,,,,,
,,,,,,,,,,,,,,,,,,,,,,
,,,,,,,,,,,,,,,,,,,,,,
,,,,,,,,,,,,,,,,,,,,,,
,,,,,,,,,,,,,,,,,,,,,,
,,,,,,,,,,,,,,,,,,,,,,
,,,,,,,,,,,,,,,,,,,,,,
,,,,,,,,,,,,,,,,,,,,,,
,,,,,,,,,,,,,,,,,,,,,,
,,,,,,,,,,,,,,,,,,,,,,
,,,,,,,,,,,,,,,,,,,,,,
,,,,,,,,,,,,,,,,,,,,,,
,,,,,,,,,,,,,,,,,,,,,,
,,,,,,,,,,,,,,,,,,,,,,
,,,,,,,,,,,,,,,,,,,,,,
,,,,,,,,,,,,,,,,,,,,,,
,,,,,,,,,,,,,,,,,,,,,,
,,,,,,,,,,,,,,,,,,,,,,
,,,,,,,,,,,,,,,,,,,,,,
,,,,,,,,,,,,,,,,,,,,,,
,,,,,,,,,,,,,,,,,,,,,,
,,,,,,,,,,,,,,,,,,,,,,
,,,,,,,,,,,,,,,,,,,,,,
,,,,,,,,,,,,,,,,,,,,,,
,,,,,,,,,,,,,,,,,,,,,,
,,,,,,,,,,,,,,,,,,,,,,
,,,,,,,,,,,,,,,,,,,,,,
,,,,,,,,,,,,,,,,,,,,,,
,,,,,,,,,,,,,,,,,,,,,,
,,,,,,,,,,,,,,,,,,,,,,
,,,,,,,,,,,,,,,,,,,,,,
,,,,,,,,,,,,,,,,,,,,,,
,,,,,,,,,,,,,,,,,,,,,,
,,,,,,,,,,,,,,,,,,,,,,
,,,,,,,,,,,,,,,,,,,,,,
,,,,,,,,,,,,,,,,,,,,,,
,,,,,,,,,,,,,,,,,,,,,,
,,,,,,,,,,,,,,,,,,,,,,
,,,,,,,,,,,,,,,,,,,,,,
,,,,,,,,,,,,,,,,,,,,,,
,,,,,,,,,,,,,,,,,,,,,,
,,,,,,,,,,,,,,,,,,,,,,
,,,,,,,,,,,,,,,,,,,,,,
,,,,,,,,,,,,,,,,,,,,,,
,,,,,,,,,,,,,,,,,,,,,,
,,,,,,,,,,,,,,,,,,,,,,
,,,,,,,,,,,,,,,,,,,,,,
,,,,,,,,,,,,,,,,,,,,,,
,,,,,,,,,,,,,,,,,,,,,,
,,,,,,,,,,,,,,,,,,,,,,
,,,,,,,,,,,,,,,,,,,,,,
,,,,,,,,,,,,,,,,,,,,,,
,,,,,,,,,,,,,,,,,,,,,,
,,,,,,,,,,,,,,,,,,,,,,
,,,,,,,,,,,,,,,,,,,,,,
,,,,,,,,,,,,,,,,,,,,,,
,,,,,,,,,,,,,,,,,,,,,,
,,,,,,,,,,,,,,,,,,,,,,
,,,,,,,,,,,,,,,,,,,,,,
,,,,,,,,,,,,,,,,,,,,,,
,,,,,,,,,,,,,,,,,,,,,,
,,,,,,,,,,,,,,,,,,,,,,
,,,,,,,,,,,,,,,,,,,,,,
,,,,,,,,,,,,,,,,,,,,,,
,,,,,,,,,,,,,,,,,,,,,,
,,,,,,,,,,,,,,,,,,,,,,
,,,,,,,,,,,,,,,,,,,,,,
,,,,,,,,,,,,,,,,,,,,,,
,,,,,,,,,,,,,,,,,,,,,,
,,,,,,,,,,,,,,,,,,,,,,
,,,,,,,,,,,,,,,,,,,,,,
,,,,,,,,,,,,,,,,,,,,,,
,,,,,,,,,,,,,,,,,,,,,,
,,,,,,,,,,,,,,,,,,,,,,
,,,,,,,,,,,,,,,,,,,,,,
,,,,,,,,,,,,,,,,,,,,,,
,,,,,,,,,,,,,,,,,,,,,,
,,,,,,,,,,,,,,,,,,,,,,
,,,,,,,,,,,,,,,,,,,,,,
,,,,,,,,,,,,,,,,,,,,,,
,,,,,,,,,,,,,,,,,,,,,,
,,,,,,,,,,,,,,,,,,,,,,
,,,,,,,,,,,,,,,,,,,,,,
,,,,,,,,,,,,,,,,,,,,,,
,,,,,,,,,,,,,,,,,,,,,,
,,,,,,,,,,,,,,,,,,,,,,
,,,,,,,,,,,,,,,,,,,,,,
,,,,,,,,,,,,,,,,,,,,,,
,,,,,,,,,,,,,,,,,,,,,,
,,,,,,,,,,,,,,,,,,,,,,
,,,,,,,,,,,,,,,,,,,,,,
,,,,,,,,,,,,,,,,,,,,,,
,,,,,,,,,,,,,,,,,,,,,,
,,,,,,,,,,,,,,,,,,,,,,
,,,,,,,,,,,,,,,,,,,,,,
,,,,,,,,,,,,,,,,,,,,,,
,,,,,,,,,,,,,,,,,,,,,,
,,,,,,,,,,,,,,,,,,,,,,
,,,,,,,,,,,,,,,,,,,,,,
,,,,,,,,,,,,,,,,,,,,,,
,,,,,,,,,,,,,,,,,,,,,,
,,,,,,,,,,,,,,,,,,,,,,
,,,,,,,,,,,,,,,,,,,,,,
,,,,,,,,,,,,,,,,,,,,,,
,,,,,,,,,,,,,,,,,,,,,,
,,,,,,,,,,,,,,,,,,,,,,
,,,,,,,,,,,,,,,,,,,,,,
,,,,,,,,,,,,,,,,,,,,,,
,,,,,,,,,,,,,,,,,,,,,,
,,,,,,,,,,,,,,,,,,,,,,
,,,,,,,,,,,,,,,,,,,,,,
,,,,,,,,,,,,,,,,,,,,,,
,,,,,,,,,,,,,,,,,,,,,,
,,,,,,,,,,,,,,,,,,,,,,
,,,,,,,,,,,,,,,,,,,,,,
,,,,,,,,,,,,,,,,,,,,,,
,,,,,,,,,,,,,,,,,,,,,,
,,,,,,,,,,,,,,,,,,,,,,
,,,,,,,,,,,,,,,,,,,,,,
,,,,,,,,,,,,,,,,,,,,,,
,,,,,,,,,,,,,,,,,,,,,,
,,,,,,,,,,,,,,,,,,,,,,
,,,,,,,,,,,,,,,,,,,,,,
,,,,,,,,,,,,,,,,,,,,,,
,,,,,,,,,,,,,,,,,,,,,,
,,,,,,,,,,,,,,,,,,,,,,
,,,,,,,,,,,,,,,,,,,,,,
,,,,,,,,,,,,,,,,,,,,,,
,,,,,,,,,,,,,,,,,,,,,,
,,,,,,,,,,,,,,,,,,,,,,
,,,,,,,,,,,,,,,,,,,,,,
,,,,,,,,,,,,,,,,,,,,,,
,,,,,,,,,,,,,,,,,,,,,,
,,,,,,,,,,,,,,,,,,,,,,
,,,,,,,,,,,,,,,,,,,,,,
,,,,,,,,,,,,,,,,,,,,,,
,,,,,,,,,,,,,,,,,,,,,,
,,,,,,,,,,,,,,,,,,,,,,
,,,,,,,,,,,,,,,,,,,,,,
,,,,,,,,,,,,,,,,,,,,,,
,,,,,,,,,,,,,,,,,,,,,,
,,,,,,,,,,,,,,,,,,,,,,
,,,,,,,,,,,,,,,,,,,,,,
,,,,,,,,,,,,,,,,,,,,,,
,,,,,,,,,,,,,,,,,,,,,,
,,,,,,,,,,,,,,,,,,,,,,
,,,,,,,,,,,,,,,,,,,,,,
,,,,,,,,,,,,,,,,,,,,,,
,,,,,,,,,,,,,,,,,,,,,,
,,,,,,,,,,,,,,,,,,,,,,
,,,,,,,,,,,,,,,,,,,,,,
,,,,,,,,,,,,,,,,,,,,,,
,,,,,,,,,,,,,,,,,,,,,,
,,,,,,,,,,,,,,,,,,,,,,
,,,,,,,,,,,,,,,,,,,,,,
,,,,,,,,,,,,,,,,,,,,,,
,,,,,,,,,,,,,,,,,,,,,,
,,,,,,,,,,,,,,,,,,,,,,
,,,,,,,,,,,,,,,,,,,,,,
,,,,,,,,,,,,,,,,,,,,,,
,,,,,,,,,,,,,,,,,,,,,,
,,,,,,,,,,,,,,,,,,,,,,
,,,,,,,,,,,,,,,,,,,,,,
,,,,,,,,,,,,,,,,,,,,,,
,,,,,,,,,,,,,,,,,,,,,,
,,,,,,,,,,,,,,,,,,,,,,
,,,,,,,,,,,,,,,,,,,,,,
,,,,,,,,,,,,,,,,,,,,,,
,,,,,,,,,,,,,,,,,,,,,,
,,,,,,,,,,,,,,,,,,,,,,
,,,,,,,,,,,,,,,,,,,,,,
,,,,,,,,,,,,,,,,,,,,,,
,,,,,,,,,,,,,,,,,,,,,,
,,,,,,,,,,,,,,,,,,,,,,
,,,,,,,,,,,,,,,,,,,,,,
,,,,,,,,,,,,,,,,,,,,,,
,,,,,,,,,,,,,,,,,,,,,,
,,,,,,,,,,,,,,,,,,,,,,
,,,,,,,,,,,,,,,,,,,,,,
,,,,,,,,,,,,,,,,,,,,,,
,,,,,,,,,,,,,,,,,,,,,,
,,,,,,,,,,,,,,,,,,,,,,
,,,,,,,,,,,,,,,,,,,,,,
,,,,,,,,,,,,,,,,,,,,,,
,,,,,,,,,,,,,,,,,,,,,,
,,,,,,,,,,,,,,,,,,,,,,
,,,,,,,,,,,,,,,,,,,,,,
,,,,,,,,,,,,,,,,,,,,,,
,,,,,,,,,,,,,,,,,,,,,,
,,,,,,,,,,,,,,,,,,,,,,
,,,,,,,,,,,,,,,,,,,,,,
,,,,,,,,,,,,,,,,,,,,,,
,,,,,,,,,,,,,,,,,,,,,,
,,,,,,,,,,,,,,,,,,,,,,
,,,,,,,,,,,,,,,,,,,,,,
,,,,,,,,,,,,,,,,,,,,,,
,,,,,,,,,,,,,,,,,,,,,,
,,,,,,,,,,,,,,,,,,,,,,
,,,,,,,,,,,,,,,,,,,,,,
,,,,,,,,,,,,,,,,,,,,,,
,,,,,,,,,,,,,,,,,,,,,,
,,,,,,,,,,,,,,,,,,,,,,
,,,,,,,,,,,,,,,,,,,,,,
,,,,,,,,,,,,,,,,,,,,,,
,,,,,,,,,,,,,,,,,,,,,,
,,,,,,,,,,,,,,,,,,,,,,
,,,,,,,,,,,,,,,,,,,,,,
,,,,,,,,,,,,,,,,,,,,,,
,,,,,,,,,,,,,,,,,,,,,,
,,,,,,,,,,,,,,,,,,,,,,
,,,,,,,,,,,,,,,,,,,,,,
,,,,,,,,,,,,,,,,,,,,,,
,,,,,,,,,,,,,,,,,,,,,,
,,,,,,,,,,,,,,,,,,,,,,
,,,,,,,,,,,,,,,,,,,,,,
,,,,,,,,,,,,,,,,,,,,,,
,,,,,,,,,,,,,,,,,,,,,,
,,,,,,,,,,,,,,,,,,,,,,
,,,,,,,,,,,,,,,,,,,,,,
,,,,,,,,,,,,,,,,,,,,,,
,,,,,,,,,,,,,,,,,,,,,,
,,,,,,,,,,,,,,,,,,,,,,
,,,,,,,,,,,,,,,,,,,,,,
,,,,,,,,,,,,,,,,,,,,,,
,,,,,,,,,,,,,,,,,,,,,,
,,,,,,,,,,,,,,,,,,,,,,
,,,,,,,,,,,,,,,,,,,,,,
,,,,,,,,,,,,,,,,,,,,,,
,,,,,,,,,,,,,,,,,,,,,,
,,,,,,,,,,,,,,,,,,,,,,
,,,,,,,,,,,,,,,,,,,,,,
,,,,,,,,,,,,,,,,,,,,,,
,,,,,,,,,,,,,,,,,,,,,,
,,,,,,,,,,,,,,,,,,,,,,
,,,,,,,,,,,,,,,,,,,,,,
,,,,,,,,,,,,,,,,,,,,,,
,,,,,,,,,,,,,,,,,,,,,,
,,,,,,,,,,,,,,,,,,,,,,
,,,,,,,,,,,,,,,,,,,,,,
,,,,,,,,,,,,,,,,,,,,,,
,,,,,,,,,,,,,,,,,,,,,,
,,,,,,,,,,,,,,,,,,,,,,
,,,,,,,,,,,,,,,,,,,,,,
,,,,,,,,,,,,,,,,,,,,,,
,,,,,,,,,,,,,,,,,,,,,,
,,,,,,,,,,,,,,,,,,,,,,
,,,,,,,,,,,,,,,,,,,,,,
,,,,,,,,,,,,,,,,,,,,,,
,,,,,,,,,,,,,,,,,,,,,,
,,,,,,,,,,,,,,,,,,,,,,
,,,,,,,,,,,,,,,,,,,,,,
,,,,,,,,,,,,,,,,,,,,,,
,,,,,,,,,,,,,,,,,,,,,,
,,,,,,,,,,,,,,,,,,,,,,
,,,,,,,,,,,,,,,,,,,,,,
,,,,,,,,,,,,,,,,,,,,,,
,,,,,,,,,,,,,,,,,,,,,,
,,,,,,,,,,,,,,,,,,,,,,
,,,,,,,,,,,,,,,,,,,,,,
,,,,,,,,,,,,,,,,,,,,,,
,,,,,,,,,,,,,,,,,,,,,,
,,,,,,,,,,,,,,,,,,,,,,
,,,,,,,,,,,,,,,,,,,,,,
,,,,,,,,,,,,,,,,,,,,,,
,,,,,,,,,,,,,,,,,,,,,,
,,,,,,,,,,,,,,,,,,,,,,
,,,,,,,,,,,,,,,,,,,,,,
,,,,,,,,,,,,,,,,,,,,,,
,,,,,,,,,,,,,,,,,,,,,,
,,,,,,,,,,,,,,,,,,,,,,
,,,,,,,,,,,,,,,,,,,,,,
,,,,,,,,,,,,,,,,,,,,,,
,,,,,,,,,,,,,,,,,,,,,,
,,,,,,,,,,,,,,,,,,,,,,
,,,,,,,,,,,,,,,,,,,,,,
,,,,,,,,,,,,,,,,,,,,,,
,,,,,,,,,,,,,,,,,,,,,,
,,,,,,,,,,,,,,,,,,,,,,
,,,,,,,,,,,,,,,,,,,,,,
,,,,,,,,,,,,,,,,,,,,,,
,,,,,,,,,,,,,,,,,,,,,,
,,,,,,,,,,,,,,,,,,,,,,
,,,,,,,,,,,,,,,,,,,,,,
,,,,,,,,,,,,,,,,,,,,,,
,,,,,,,,,,,,,,,,,,,,,,
,,,,,,,,,,,,,,,,,,,,,,
,,,,,,,,,,,,,,,,,,,,,,
,,,,,,,,,,,,,,,,,,,,,,
,,,,,,,,,,,,,,,,,,,,,,
,,,,,,,,,,,,,,,,,,,,,,
,,,,,,,,,,,,,,,,,,,,,,
,,,,,,,,,,,,,,,,,,,,,,
,,,,,,,,,,,,,,,,,,,,,,
,,,,,,,,,,,,,,,,,,,,,,
,,,,,,,,,,,,,,,,,,,,,,
,,,,,,,,,,,,,,,,,,,,,,
,,,,,,,,,,,,,,,,,,,,,,
,,,,,,,,,,,,,,,,,,,,,,
,,,,,,,,,,,,,,,,,,,,,,
,,,,,,,,,,,,,,,,,,,,,,
,,,,,,,,,,,,,,,,,,,,,,
,,,,,,,,,,,,,,,,,,,,,,
,,,,,,,,,,,,,,,,,,,,,,
,,,,,,,,,,,,,,,,,,,,,,
,,,,,,,,,,,,,,,,,,,,,,
,,,,,,,,,,,,,,,,,,,,,,
,,,,,,,,,,,,,,,,,,,,,,
,,,,,,,,,,,,,,,,,,,,,,
,,,,,,,,,,,,,,,,,,,,,,
,,,,,,,,,,,,,,,,,,,,,,
,,,,,,,,,,,,,,,,,,,,,,
,,,,,,,,,,,,,,,,,,,,,,
,,,,,,,,,,,,,,,,,,,,,,
,,,,,,,,,,,,,,,,,,,,,,
,,,,,,,,,,,,,,,,,,,,,,
,,,,,,,,,,,,,,,,,,,,,,
,,,,,,,,,,,,,,,,,,,,,,
,,,,,,,,,,,,,,,,,,,,,,
,,,,,,,,,,,,,,,,,,,,,,
,,,,,,,,,,,,,,,,,,,,,,
,,,,,,,,,,,,,,,,,,,,,,
,,,,,,,,,,,,,,,,,,,,,,
,,,,,,,,,,,,,,,,,,,,,,
,,,,,,,,,,,,,,,,,,,,,,
,,,,,,,,,,,,,,,,,,,,,,
,,,,,,,,,,,,,,,,,,,,,,
,,,,,,,,,,,,,,,,,,,,,,
,,,,,,,,,,,,,,,,,,,,,,
,,,,,,,,,,,,,,,,,,,,,,
,,,,,,,,,,,,,,,,,,,,,,
,,,,,,,,,,,,,,,,,,,,,,
,,,,,,,,,,,,,,,,,,,,,,
,,,,,,,,,,,,,,,,,,,,,,
,,,,,,,,,,,,,,,,,,,,,,
,,,,,,,,,,,,,,,,,,,,,,
,,,,,,,,,,,,,,,,,,,,,,
,,,,,,,,,,,,,,,,,,,,,,
,,,,,,,,,,,,,,,,,,,,,,
,,,,,,,,,,,,,,,,,,,,,,
,,,,,,,,,,,,,,,,,,,,,,
,,,,,,,,,,,,,,,,,,,,,,
,,,,,,,,,,,,,,,,,,,,,,
,,,,,,,,,,,,,,,,,,,,,,
,,,,,,,,,,,,,,,,,,,,,,
,,,,,,,,,,,,,,,,,,,,,,
,,,,,,,,,,,,,,,,,,,,,,
,,,,,,,,,,,,,,,,,,,,,,
,,,,,,,,,,,,,,,,,,,,,,
,,,,,,,,,,,,,,,,,,,,,,
,,,,,,,,,,,,,,,,,,,,,,
,,,,,,,,,,,,,,,,,,,,,,
,,,,,,,,,,,,,,,,,,,,,,
,,,,,,,,,,,,,,,,,,,,,,
,,,,,,,,,,,,,,,,,,,,,,
,,,,,,,,,,,,,,,,,,,,,,
,,,,,,,,,,,,,,,,,,,,,,
,,,,,,,,,,,,,,,,,,,,,,
,,,,,,,,,,,,,,,,,,,,,,
,,,,,,,,,,,,,,,,,,,,,,
,,,,,,,,,,,,,,,,,,,,,,
,,,,,,,,,,,,,,,,,,,,,,
,,,,,,,,,,,,,,,,,,,,,,
,,,,,,,,,,,,,,,,,,,,,,
,,,,,,,,,,,,,,,,,,,,,,
,,,,,,,,,,,,,,,,,,,,,,
,,,,,,,,,,,,,,,,,,,,,,
,,,,,,,,,,,,,,,,,,,,,,
,,,,,,,,,,,,,,,,,,,,,,
,,,,,,,,,,,,,,,,,,,,,,
,,,,,,,,,,,,,,,,,,,,,,
,,,,,,,,,,,,,,,,,,,,,,
,,,,,,,,,,,,,,,,,,,,,,
,,,,,,,,,,,,,,,,,,,,,,
,,,,,,,,,,,,,,,,,,,,,,
,,,,,,,,,,,,,,,,,,,,,,
,,,,,,,,,,,,,,,,,,,,,,
,,,,,,,,,,,,,,,,,,,,,,
,,,,,,,,,,,,,,,,,,,,,,
,,,,,,,,,,,,,,,,,,,,,,
,,,,,,,,,,,,,,,,,,,,,,
,,,,,,,,,,,,,,,,,,,,,,
,,,,,,,,,,,,,,,,,,,,,,
,,,,,,,,,,,,,,,,,,,,,,
,,,,,,,,,,,,,,,,,,,,,,
,,,,,,,,,,,,,,,,,,,,,,
,,,,,,,,,,,,,,,,,,,,,,
,,,,,,,,,,,,,,,,,,,,,,
,,,,,,,,,,,,,,,,,,,,,,
,,,,,,,,,,,,,,,,,,,,,,
,,,,,,,,,,,,,,,,,,,,,,
,,,,,,,,,,,,,,,,,,,,,,
,,,,,,,,,,,,,,,,,,,,,,
,,,,,,,,,,,,,,,,,,,,,,
,,,,,,,,,,,,,,,,,,,,,,
,,,,,,,,,,,,,,,,,,,,,,
,,,,,,,,,,,,,,,,,,,,,,
,,,,,,,,,,,,,,,,,,,,,,
,,,,,,,,,,,,,,,,,,,,,,
,,,,,,,,,,,,,,,,,,,,,,
,,,,,,,,,,,,,,,,,,,,,,
,,,,,,,,,,,,,,,,,,,,,,
,,,,,,,,,,,,,,,,,,,,,,
,,,,,,,,,,,,,,,,,,,,,,
,,,,,,,,,,,,,,,,,,,,,,
,,,,,,,,,,,,,,,,,,,,,,
,,,,,,,,,,,,,,,,,,,,,,
,,,,,,,,,,,,,,,,,,,,,,
,,,,,,,,,,,,,,,,,,,,,,
,,,,,,,,,,,,,,,,,,,,,,
,,,,,,,,,,,,,,,,,,,,,,
,,,,,,,,,,,,,,,,,,,,,,
,,,,,,,,,,,,,,,,,,,,,,
,,,,,,,,,,,,,,,,,,,,,,
,,,,,,,,,,,,,,,,,,,,,,
,,,,,,,,,,,,,,,,,,,,,,
,,,,,,,,,,,,,,,,,,,,,,
,,,,,,,,,,,,,,,,,,,,,,
,,,,,,,,,,,,,,,,,,,,,,
,,,,,,,,,,,,,,,,,,,,,,
,,,,,,,,,,,,,,,,,,,,,,
,,,,,,,,,,,,,,,,,,,,,,
,,,,,,,,,,,,,,,,,,,,,,
,,,,,,,,,,,,,,,,,,,,,,
,,,,,,,,,,,,,,,,,,,,,,
,,,,,,,,,,,,,,,,,,,,,,
,,,,,,,,,,,,,,,,,,,,,,
,,,,,,,,,,,,,,,,,,,,,,
,,,,,,,,,,,,,,,,,,,,,,
,,,,,,,,,,,,,,,,,,,,,,
,,,,,,,,,,,,,,,,,,,,,,
,,,,,,,,,,,,,,,,,,,,,,
,,,,,,,,,,,,,,,,,,,,,,
,,,,,,,,,,,,,,,,,,,,,,
,,,,,,,,,,,,,,,,,,,,,,
,,,,,,,,,,,,,,,,,,,,,,
,,,,,,,,,,,,,,,,,,,,,,
,,,,,,,,,,,,,,,,,,,,,,
,,,,,,,,,,,,,,,,,,,,,,
,,,,,,,,,,,,,,,,,,,,,,
,,,,,,,,,,,,,,,,,,,,,,
,,,,,,,,,,,,,,,,,,,,,,
,,,,,,,,,,,,,,,,,,,,,,
,,,,,,,,,,,,,,,,,,,,,,
,,,,,,,,,,,,,,,,,,,,,,
,,,,,,,,,,,,,,,,,,,,,,
,,,,,,,,,,,,,,,,,,,,,,
,,,,,,,,,,,,,,,,,,,,,,
,,,,,,,,,,,,,,,,,,,,,,
,,,,,,,,,,,,,,,,,,,,,,
,,,,,,,,,,,,,,,,,,,,,,
,,,,,,,,,,,,,,,,,,,,,,
,,,,,,,,,,,,,,,,,,,,,,
,,,,,,,,,,,,,,,,,,,,,,
,,,,,,,,,,,,,,,,,,,,,,
,,,,,,,,,,,,,,,,,,,,,,
,,,,,,,,,,,,,,,,,,,,,,
,,,,,,,,,,,,,,,,,,,,,,
,,,,,,,,,,,,,,,,,,,,,,
,,,,,,,,,,,,,,,,,,,,,,
,,,,,,,,,,,,,,,,,,,,,,
,,,,,,,,,,,,,,,,,,,,,,
,,,,,,,,,,,,,,,,,,,,,,
,,,,,,,,,,,,,,,,,,,,,,
,,,,,,,,,,,,,,,,,,,,,,
,,,,,,,,,,,,,,,,,,,,,,
,,,,,,,,,,,,,,,,,,,,,,
,,,,,,,,,,,,,,,,,,,,,,
,,,,,,,,,,,,,,,,,,,,,,
,,,,,,,,,,,,,,,,,,,,,,
,,,,,,,,,,,,,,,,,,,,,,
,,,,,,,,,,,,,,,,,,,,,,
,,,,,,,,,,,,,,,,,,,,,,
,,,,,,,,,,,,,,,,,,,,,,
,,,,,,,,,,,,,,,,,,,,,,
,,,,,,,,,,,,,,,,,,,,,,
,,,,,,,,,,,,,,,,,,,,,,
,,,,,,,,,,,,,,,,,,,,,,
,,,,,,,,,,,,,,,,,,,,,,
,,,,,,,,,,,,,,,,,,,,,,
,,,,,,,,,,,,,,,,,,,,,,
,,,,,,,,,,,,,,,,,,,,,,
,,,,,,,,,,,,,,,,,,,,,,
,,,,,,,,,,,,,,,,,,,,,,
,,,,,,,,,,,,,,,,,,,,,,
,,,,,,,,,,,,,,,,,,,,,,
,,,,,,,,,,,,,,,,,,,,,,
,,,,,,,,,,,,,,,,,,,,,,
,,,,,,,,,,,,,,,,,,,,,,
,,,,,,,,,,,,,,,,,,,,,,
,,,,,,,,,,,,,,,,,,,,,,
,,,,,,,,,,,,,,,,,,,,,,
,,,,,,,,,,,,,,,,,,,,,,
,,,,,,,,,,,,,,,,,,,,,,
,,,,,,,,,,,,,,,,,,,,,,
,,,,,,,,,,,,,,,,,,,,,,
,,,,,,,,,,,,,,,,,,,,,,
,,,,,,,,,,,,,,,,,,,,,,
,,,,,,,,,,,,,,,,,,,,,,
,,,,,,,,,,,,,,,,,,,,,,
,,,,,,,,,,,,,,,,,,,,,,
,,,,,,,,,,,,,,,,,,,,,,
,,,,,,,,,,,,,,,,,,,,,,
,,,,,,,,,,,,,,,,,,,,,,
,,,,,,,,,,,,,,,,,,,,,,
,,,,,,,,,,,,,,,,,,,,,,
,,,,,,,,,,,,,,,,,,,,,,
,,,,,,,,,,,,,,,,,,,,,,
,,,,,,,,,,,,,,,,,,,,,,
,,,,,,,,,,,,,,,,,,,,,,
,,,,,,,,,,,,,,,,,,,,,,
,,,,,,,,,,,,,,,,,,,,,,
,,,,,,,,,,,,,,,,,,,,,,
,,,,,,,,,,,,,,,,,,,,,,
,,,,,,,,,,,,,,,,,,,,,,
,,,,,,,,,,,,,,,,,,,,,,
,,,,,,,,,,,,,,,,,,,,,,
,,,,,,,,,,,,,,,,,,,,,,
,,,,,,,,,,,,,,,,,,,,,,
,,,,,,,,,,,,,,,,,,,,,,
,,,,,,,,,,,,,,,,,,,,,,
,,,,,,,,,,,,,,,,,,,,,,
,,,,,,,,,,,,,,,,,,,,,,
,,,,,,,,,,,,,,,,,,,,,,
,,,,,,,,,,,,,,,,,,,,,,
,,,,,,,,,,,,,,,,,,,,,,
,,,,,,,,,,,,,,,,,,,,,,
,,,,,,,,,,,,,,,,,,,,,,
,,,,,,,,,,,,,,,,,,,,,,
,,,,,,,,,,,,,,,,,,,,,,
,,,,,,,,,,,,,,,,,,,,,,
,,,,,,,,,,,,,,,,,,,,,,
,,,,,,,,,,,,,,,,,,,,,,
,,,,,,,,,,,,,,,,,,,,,,
,,,,,,,,,,,,,,,,,,,,,,
,,,,,,,,,,,,,,,,,,,,,,
,,,,,,,,,,,,,,,,,,,,,,
,,,,,,,,,,,,,,,,,,,,,,
,,,,,,,,,,,,,,,,,,,,,,
,,,,,,,,,,,,,,,,,,,,,,
,,,,,,,,,,,,,,,,,,,,,,
,,,,,,,,,,,,,,,,,,,,,,
,,,,,,,,,,,,,,,,,,,,,,
,,,,,,,,,,,,,,,,,,,,,,
,,,,,,,,,,,,,,,,,,,,,,
,,,,,,,,,,,,,,,,,,,,,,
,,,,,,,,,,,,,,,,,,,,,,
,,,,,,,,,,,,,,,,,,,,,,
,,,,,,,,,,,,,,,,,,,,,,
,,,,,,,,,,,,,,,,,,,,,,
,,,,,,,,,,,,,,,,,,,,,,
,,,,,,,,,,,,,,,,,,,,,,
,,,,,,,,,,,,,,,,,,,,,,
,,,,,,,,,,,,,,,,,,,,,,
,,,,,,,,,,,,,,,,,,,,,,
,,,,,,,,,,,,,,,,,,,,,,
,,,,,,,,,,,,,,,,,,,,,,
,,,,,,,,,,,,,,,,,,,,,,
,,,,,,,,,,,,,,,,,,,,,,
,,,,,,,,,,,,,,,,,,,,,,
,,,,,,,,,,,,,,,,,,,,,,
,,,,,,,,,,,,,,,,,,,,,,
,,,,,,,,,,,,,,,,,,,,,,
,,,,,,,,,,,,,,,,,,,,,,
,,,,,,,,,,,,,,,,,,,,,,
,,,,,,,,,,,,,,,,,,,,,,
,,,,,,,,,,,,,,,,,,,,,,
,,,,,,,,,,,,,,,,,,,,,,
,,,,,,,,,,,,,,,,,,,,,,
,,,,,,,,,,,,,,,,,,,,,,
,,,,,,,,,,,,,,,,,,,,,,
,,,,,,,,,,,,,,,,,,,,,,
,,,,,,,,,,,,,,,,,,,,,,
,,,,,,,,,,,,,,,,,,,,,,
,,,,,,,,,,,,,,,,,,,,,,
,,,,,,,,,,,,,,,,,,,,,,
,,,,,,,,,,,,,,,,,,,,,,
,,,,,,,,,,,,,,,,,,,,,,
,,,,,,,,,,,,,,,,,,,,,,
,,,,,,,,,,,,,,,,,,,,,,
,,,,,,,,,,,,,,,,,,,,,,
,,,,,,,,,,,,,,,,,,,,,,
,,,,,,,,,,,,,,,,,,,,,,
,,,,,,,,,,,,,,,,,,,,,,
,,,,,,,,,,,,,,,,,,,,,,
,,,,,,,,,,,,,,,,,,,,,,
,,,,,,,,,,,,,,,,,,,,,,
,,,,,,,,,,,,,,,,,,,,,,
,,,,,,,,,,,,,,,,,,,,,,
,,,,,,,,,,,,,,,,,,,,,,
,,,,,,,,,,,,,,,,,,,,,,
,,,,,,,,,,,,,,,,,,,,,,
,,,,,,,,,,,,,,,,,,,,,,
,,,,,,,,,,,,,,,,,,,,,,
,,,,,,,,,,,,,,,,,,,,,,
,,,,,,,,,,,,,,,,,,,,,,
,,,,,,,,,,,,,,,,,,,,,,
,,,,,,,,,,,,,,,,,,,,,,
,,,,,,,,,,,,,,,,,,,,,,
,,,,,,,,,,,,,,,,,,,,,,
,,,,,,,,,,,,,,,,,,,,,,
,,,,,,,,,,,,,,,,,,,,,,
,,,,,,,,,,,,,,,,,,,,,,
,,,,,,,,,,,,,,,,,,,,,,
,,,,,,,,,,,,,,,,,,,,,,
,,,,,,,,,,,,,,,,,,,,,,
,,,,,,,,,,,,,,,,,,,,,,
,,,,,,,,,,,,,,,,,,,,,,
,,,,,,,,,,,,,,,,,,,,,,
,,,,,,,,,,,,,,,,,,,,,,
,,,,,,,,,,,,,,,,,,,,,,
,,,,,,,,,,,,,,,,,,,,,,
,,,,,,,,,,,,,,,,,,,,,,
,,,,,,,,,,,,,,,,,,,,,,
,,,,,,,,,,,,,,,,,,,,,,
,,,,,,,,,,,,,,,,,,,,,,
,,,,,,,,,,,,,,,,,,,,,,
,,,,,,,,,,,,,,,,,,,,,,
,,,,,,,,,,,,,,,,,,,,,,
,,,,,,,,,,,,,,,,,,,,,,
,,,,,,,,,,,,,,,,,,,,,,
,,,,,,,,,,,,,,,,,,,,,,
,,,,,,,,,,,,,,,,,,,,,,
,,,,,,,,,,,,,,,,,,,,,,
,,,,,,,,,,,,,,,,,,,,,,
,,,,,,,,,,,,,,,,,,,,,,
,,,,,,,,,,,,,,,,,,,,,,
,,,,,,,,,,,,,,,,,,,,,,
,,,,,,,,,,,,,,,,,,,,,,
,,,,,,,,,,,,,,,,,,,,,,
,,,,,,,,,,,,,,,,,,,,,,
,,,,,,,,,,,,,,,,,,,,,,
,,,,,,,,,,,,,,,,,,,,,,
,,,,,,,,,,,,,,,,,,,,,,
,,,,,,,,,,,,,,,,,,,,,,
,,,,,,,,,,,,,,,,,,,,,,
,,,,,,,,,,,,,,,,,,,,,,
,,,,,,,,,,,,,,,,,,,,,,
,,,,,,,,,,,,,,,,,,,,,,
,,,,,,,,,,,,,,,,,,,,,,
,,,,,,,,,,,,,,,,,,,,,,
,,,,,,,,,,,,,,,,,,,,,,
,,,,,,,,,,,,,,,,,,,,,,
,,,,,,,,,,,,,,,,,,,,,,
,,,,,,,,,,,,,,,,,,,,,,
,,,,,,,,,,,,,,,,,,,,,,
,,,,,,,,,,,,,,,,,,,,,,
,,,,,,,,,,,,,,,,,,,,,,
,,,,,,,,,,,,,,,,,,,,,,
,,,,,,,,,,,,,,,,,,,,,,
,,,,,,,,,,,,,,,,,,,,,,
,,,,,,,,,,,,,,,,,,,,,,
,,,,,,,,,,,,,,,,,,,,,,
,,,,,,,,,,,,,,,,,,,,,,
,,,,,,,,,,,,,,,,,,,,,,
,,,,,,,,,,,,,,,,,,,,,,
,,,,,,,,,,,,,,,,,,,,,,
,,,,,,,,,,,,,,,,,,,,,,
,,,,,,,,,,,,,,,,,,,,,,
,,,,,,,,,,,,,,,,,,,,,,
,,,,,,,,,,,,,,,,,,,,,,
,,,,,,,,,,,,,,,,,,,,,,
,,,,,,,,,,,,,,,,,,,,,,
,,,,,,,,,,,,,,,,,,,,,,
,,,,,,,,,,,,,,,,,,,,,,
,,,,,,,,,,,,,,,,,,,,,,
,,,,,,,,,,,,,,,,,,,,,,
,,,,,,,,,,,,,,,,,,,,,,
,,,,,,,,,,,,,,,,,,,,,,
,,,,,,,,,,,,,,,,,,,,,,
,,,,,,,,,,,,,,,,,,,,,,
,,,,,,,,,,,,,,,,,,,,,,
,,,,,,,,,,,,,,,,,,,,,,
,,,,,,,,,,,,,,,,,,,,,,
,,,,,,,,,,,,,,,,,,,,,,
,,,,,,,,,,,,,,,,,,,,,,
,,,,,,,,,,,,,,,,,,,,,,
,,,,,,,,,,,,,,,,,,,,,,
,,,,,,,,,,,,,,,,,,,,,,
,,,,,,,,,,,,,,,,,,,,,,
,,,,,,,,,,,,,,,,,,,,,,
,,,,,,,,,,,,,,,,,,,,,,
,,,,,,,,,,,,,,,,,,,,,,
,,,,,,,,,,,,,,,,,,,,,,
,,,,,,,,,,,,,,,,,,,,,,
,,,,,,,,,,,,,,,,,,,,,,
,,,,,,,,,,,,,,,,,,,,,,
,,,,,,,,,,,,,,,,,,,,,,
,,,,,,,,,,,,,,,,,,,,,,
,,,,,,,,,,,,,,,,,,,,,,
,,,,,,,,,,,,,,,,,,,,,,
,,,,,,,,,,,,,,,,,,,,,,
,,,,,,,,,,,,,,,,,,,,,,
,,,,,,,,,,,,,,,,,,,,,,
,,,,,,,,,,,,,,,,,,,,,,
,,,,,,,,,,,,,,,,,,,,,,
,,,,,,,,,,,,,,,,,,,,,,
,,,,,,,,,,,,,,,,,,,,,,
,,,,,,,,,,,,,,,,,,,,,,
,,,,,,,,,,,,,,,,,,,,,,
,,,,,,,,,,,,,,,,,,,,,,
,,,,,,,,,,,,,,,,,,,,,,
,,,,,,,,,,,,,,,,,,,,,,
,,,,,,,,,,,,,,,,,,,,,,
,,,,,,,,,,,,,,,,,,,,,,
,,,,,,,,,,,,,,,,,,,,,,
,,,,,,,,,,,,,,,,,,,,,,
,,,,,,,,,,,,,,,,,,,,,,
,,,,,,,,,,,,,,,,,,,,,,
,,,,,,,,,,,,,,,,,,,,,,
,,,,,,,,,,,,,,,,,,,,,,
,,,,,,,,,,,,,,,,,,,,,,
,,,,,,,,,,,,,,,,,,,,,,
,,,,,,,,,,,,,,,,,,,,,,
,,,,,,,,,,,,,,,,,,,,,,
,,,,,,,,,,,,,,,,,,,,,,
,,,,,,,,,,,,,,,,,,,,,,
,,,,,,,,,,,,,,,,,,,,,,
,,,,,,,,,,,,,,,,,,,,,,
,,,,,,,,,,,,,,,,,,,,,,
,,,,,,,,,,,,,,,,,,,,,,
,,,,,,,,,,,,,,,,,,,,,,
,,,,,,,,,,,,,,,,,,,,,,
,,,,,,,,,,,,,,,,,,,,,,
,,,,,,,,,,,,,,,,,,,,,,
,,,,,,,,,,,,,,,,,,,,,,
,,,,,,,,,,,,,,,,,,,,,,
,,,,,,,,,,,,,,,,,,,,,,
,,,,,,,,,,,,,,,,,,,,,,
,,,,,,,,,,,,,,,,,,,,,,
,,,,,,,,,,,,,,,,,,,,,,
,,,,,,,,,,,,,,,,,,,,,,
,,,,,,,,,,,,,,,,,,,,,,
,,,,,,,,,,,,,,,,,,,,,,
,,,,,,,,,,,,,,,,,,,,,,
,,,,,,,,,,,,,,,,,,,,,,
,,,,,,,,,,,,,,,,,,,,,,
,,,,,,,,,,,,,,,,,,,,,,
,,,,,,,,,,,,,,,,,,,,,,
,,,,,,,,,,,,,,,,,,,,,,
,,,,,,,,,,,,,,,,,,,,,,
,,,,,,,,,,,,,,,,,,,,,,
,,,,,,,,,,,,,,,,,,,,,,
,,,,,,,,,,,,,,,,,,,,,,
,,,,,,,,,,,,,,,,,,,,,,
,,,,,,,,,,,,,,,,,,,,,,
,,,,,,,,,,,,,,,,,,,,,,
,,,,,,,,,,,,,,,,,,,,,,
,,,,,,,,,,,,,,,,,,,,,,
,,,,,,,,,,,,,,,,,,,,,,
,,,,,,,,,,,,,,,,,,,,,,
,,,,,,,,,,,,,,,,,,,,,,
,,,,,,,,,,,,,,,,,,,,,,
,,,,,,,,,,,,,,,,,,,,,,
,,,,,,,,,,,,,,,,,,,,,,
,,,,,,,,,,,,,,,,,,,,,,
,,,,,,,,,,,,,,,,,,,,,,
,,,,,,,,,,,,,,,,,,,,,,
,,,,,,,,,,,,,,,,,,,,,,
,,,,,,,,,,,,,,,,,,,,,,
,,,,,,,,,,,,,,,,,,,,,,
,,,,,,,,,,,,,,,,,,,,,,
,,,,,,,,,,,,,,,,,,,,,,
,,,,,,,,,,,,,,,,,,,,,,
,,,,,,,,,,,,,,,,,,,,,,
,,,,,,,,,,,,,,,,,,,,,,
,,,,,,,,,,,,,,,,,,,,,,
,,,,,,,,,,,,,,,,,,,,,,
,,,,,,,,,,,,,,,,,,,,,,
,,,,,,,,,,,,,,,,,,,,,,
,,,,,,,,,,,,,,,,,,,,,,
,,,,,,,,,,,,,,,,,,,,,,
,,,,,,,,,,,,,,,,,,,,,,
,,,,,,,,,,,,,,,,,,,,,,
,,,,,,,,,,,,,,,,,,,,,,
,,,,,,,,,,,,,,,,,,,,,,
,,,,,,,,,,,,,,,,,,,,,,
,,,,,,,,,,,,,,,,,,,,,,
,,,,,,,,,,,,,,,,,,,,,,
,,,,,,,,,,,,,,,,,,,,,,
,,,,,,,,,,,,,,,,,,,,,,
,,,,,,,,,,,,,,,,,,,,,,
,,,,,,,,,,,,,,,,,,,,,,
,,,,,,,,,,,,,,,,,,,,,,
,,,,,,,,,,,,,,,,,,,,,,
,,,,,,,,,,,,,,,,,,,,,,
,,,,,,,,,,,,,,,,,,,,,,
,,,,,,,,,,,,,,,,,,,,,,
,,,,,,,,,,,,,,,,,,,,,,
,,,,,,,,,,,,,,,,,,,,,,
,,,,,,,,,,,,,,,,,,,,,,
,,,,,,,,,,,,,,,,,,,,,,
,,,,,,,,,,,,,,,,,,,,,,
,,,,,,,,,,,,,,,,,,,,,,
,,,,,,,,,,,,,,,,,,,,,,
,,,,,,,,,,,,,,,,,,,,,,
,,,,,,,,,,,,,,,,,,,,,,
,,,,,,,,,,,,,,,,,,,,,,
,,,,,,,,,,,,,,,,,,,,,,
,,,,,,,,,,,,,,,,,,,,,,
,,,,,,,,,,,,,,,,,,,,,,
,,,,,,,,,,,,,,,,,,,,,,
,,,,,,,,,,,,,,,,,,,,,,
,,,,,,,,,,,,,,,,,,,,,,
,,,,,,,,,,,,,,,,,,,,,,
,,,,,,,,,,,,,,,,,,,,,,
,,,,,,,,,,,,,,,,,,,,,,
,,,,,,,,,,,,,,,,,,,,,,
,,,,,,,,,,,,,,,,,,,,,,
,,,,,,,,,,,,,,,,,,,,,,
,,,,,,,,,,,,,,,,,,,,,,
,,,,,,,,,,,,,,,,,,,,,,
,,,,,,,,,,,,,,,,,,,,,,
,,,,,,,,,,,,,,,,,,,,,,
,,,,,,,,,,,,,,,,,,,,,,
,,,,,,,,,,,,,,,,,,,,,,
,,,,,,,,,,,,,,,,,,,,,,
,,,,,,,,,,,,,,,,,,,,,,
,,,,,,,,,,,,,,,,,,,,,,
,,,,,,,,,,,,,,,,,,,,,,
,,,,,,,,,,,,,,,,,,,,,,
,,,,,,,,,,,,,,,,,,,,,,
,,,,,,,,,,,,,,,,,,,,,,
,,,,,,,,,,,,,,,,,,,,,,
,,,,,,,,,,,,,,,,,,,,,,
,,,,,,,,,,,,,,,,,,,,,,
,,,,,,,,,,,,,,,,,,,,,,
,,,,,,,,,,,,,,,,,,,,,,
,,,,,,,,,,,,,,,,,,,,,,
,,,,,,,,,,,,,,,,,,,,,,
,,,,,,,,,,,,,,,,,,,,,,
,,,,,,,,,,,,,,,,,,,,,,
,,,,,,,,,,,,,,,,,,,,,,
,,,,,,,,,,,,,,,,,,,,,,
,,,,,,,,,,,,,,,,,,,,,,
,,,,,,,,,,,,,,,,,,,,,,
,,,,,,,,,,,,,,,,,,,,,,
,,,,,,,,,,,,,,,,,,,,,,
,,,,,,,,,,,,,,,,,,,,,,
,,,,,,,,,,,,,,,,,,,,,,
,,,,,,,,,,,,,,,,,,,,,,
,,,,,,,,,,,,,,,,,,,,,,
,,,,,,,,,,,,,,,,,,,,,,
,,,,,,,,,,,,,,,,,,,,,,
,,,,,,,,,,,,,,,,,,,,,,
,,,,,,,,,,,,,,,,,,,,,,
,,,,,,,,,,,,,,,,,,,,,,
,,,,,,,,,,,,,,,,,,,,,,
,,,,,,,,,,,,,,,,,,,,,,
,,,,,,,,,,,,,,,,,,,,,,
,,,,,,,,,,,,,,,,,,,,,,
,,,,,,,,,,,,,,,,,,,,,,
,,,,,,,,,,,,,,,,,,,,,,
,,,,,,,,,,,,,,,,,,,,,,
,,,,,,,,,,,,,,,,,,,,,,
,,,,,,,,,,,,,,,,,,,,,,
,,,,,,,,,,,,,,,,,,,,,,
,,,,,,,,,,,,,,,,,,,,,,
,,,,,,,,,,,,,,,,,,,,,,
,,,,,,,,,,,,,7 ON B07,,,,,,,,,