Order Number,Status,Customer Info,Type,PU / DROP,Production Deadline,Delivery Date,Delivery Conf.,PU / DROP Confirmed,METAL,POWDER COAT,DEKTON,CUSHIONS,CORTE,SEW,FILLING,FABRIC,FOAM,Covers,Umbrella,Tenjam/Others,Firepit System,QTY CUSH,QTY METAL,QTY DEKT,Proj. Hrs Cushion,Proj. Hrs Metal,Proj. Hrs Dekton,Delivery Address,Column 30
1598,ORDER COMPLETED,WARR-DAN MAYNARD,WARRANTY,6/30/26,"Tue, Jun 30, 2026","Tue, Jun 30, 2026",,,NOT REQUIRED,NOT REQUIRED,NOT REQUIRED,COMPLETED,COMPLETED,COMPLETED,COMPLETED,RECEIVED,SAME-NEED,NOT REQUIRED,NOT REQUIRED,NOT REQUIRED,NOT REQUIRED,25,0,0,,,,"20408 E Cloud Rd, Queen Creek, AZ 85142, USA",
1572,ORDER COMPLETED,BETH COHEN,RESIDENTIAL,,"Tue, Jun 30, 2026","Wed, Jul 01, 2026",YES,,COMPLETED,COMPLETED,COMPLETED,COMPLETED,COMPLETED,COMPLETED,COMPLETED,RECEIVED,RECEIVED,NOT REQUIRED,NOT REQUIRED,NOT REQUIRED,NOT REQUIRED,4,,1,,,,"10604 Arista Ln, Fountain Hills, AZ 85268, USA",
1591,ORDER COMPLETED,BRIAN BEVERLY BUFFINI,RESIDENTIAL,,"Tue, Jun 30, 2026","Wed, Jul 01, 2026",YES,,COMPLETED,COMPLETED,COMPLETED,COMPLETED,COMPLETED,COMPLETED,COMPLETED,RECEIVED,RECEIVED,NOT REQUIRED,RECEIVED,NOT REQUIRED,NOT REQUIRED,13,,6,,,,CALIFORNIA,
1593,ORDER COMPLETED,JENNIFER LAABS,RESIDENTIAL,,"Tue, Jun 30, 2026","Thu, Jul 02, 2026",YES,,COMPLETED,COMPLETED,COMPLETED,COMPLETED,COMPLETED,COMPLETED,COMPLETED,RECEIVED,RECEIVED,NOT REQUIRED,RECEIVED,NOT REQUIRED,RECEIVED,16,,6,,,,"484 Halcyon Pl, Bethel Island, CA 94511",
1622,ORDER COMPLETED,MADONA KAKISH,SERVICE,,"Tue, Jun 30, 2026","Thu, Jul 02, 2026",YES,,NOT REQUIRED,NOT REQUIRED,NOT REQUIRED,COMPLETED,COMPLETED,COMPLETED,COMPLETED,RECEIVED,NOT REQUIRED,NOT REQUIRED,NOT REQUIRED,NOT REQUIRED,NOT REQUIRED,1,,0,,,,CALIFORNIA,
1743,ORDER COMPLETED,PAT ORAHILLY REPLACEMENTS,RESIDENTIAL,,"Wed, Jul 01, 2026","Wed, Jul 01, 2026",NO,NA,NOT REQUIRED,NOT STARTED,COMPLETED,NOT REQUIRED,NOT REQUIRED,NOT REQUIRED,NOT REQUIRED,NOT REQUIRED,NOT REQUIRED,NOT REQUIRED,NOT REQUIRED,NOT REQUIRED,NOT REQUIRED,0,0,2,0,0,0.27,Precision Delivery/Border Movers - 8465 north 90th street ,
1627,ORDER COMPLETED,BRITTANY MCDOWELL,RESIDENTIAL,7/30/2026,"Wed, Jul 01, 2026","Wed, Jul 01, 2026",YES,YES,NOT REQUIRED,NOT REQUIRED,NOT REQUIRED,NOT REQUIRED,NOT REQUIRED,NOT REQUIRED,NOT REQUIRED,NOT REQUIRED,NOT REQUIRED,RECEIVED,NOT REQUIRED,NOT REQUIRED,NOT REQUIRED,0,,0,,,,"8404 N 75th St, Scottsdale, AZ 85258, USA",
1708,ORDER COMPLETED,"ECHMEYER, KRISTINA & EVAN",SERVICE-WARRANT,,"Wed, Jul 01, 2026","Wed, Jul 01, 2026",NO,NA,NOT REQUIRED,NOT REQUIRED,NOT REQUIRED,NOT REQUIRED,NOT REQUIRED,NOT REQUIRED,NOT REQUIRED,NOT REQUIRED,RECEIVED,NOT REQUIRED,NOT REQUIRED,NOT REQUIRED,NOT REQUIRED,0,0,0,0:00,0:00,0:00,"8321 Baseline Rd, Boulder, CO 80303, USA",
1663,ORDER COMPLETED,DAVE MONTZ,PICKUP,7/9/2026,"Wed, Jul 01, 2026","Wed, Jul 01, 2026",NO,YES,NOT REQUIRED,NOT REQUIRED,NOT REQUIRED,COMPLETED,COMPLETED,COMPLETED,COMPLETED,RECEIVED,SAME RECEIVED,NOT REQUIRED,NOT REQUIRED,NOT REQUIRED,NOT REQUIRED,1,0,0,,,,DROP & PICK AT FACTORY,
1687,ORDER COMPLETED,JEN BERGMAN,SERVICE-WARRANT,,"Wed, Jul 01, 2026","Wed, Jul 01, 2026",NO,NA,NOT REQUIRED,NOT REQUIRED,NOT REQUIRED,COMPLETED,COMPLETED,COMPLETED,COMPLETED,ON STOCK,SAME RECEIVED,NOT REQUIRED,NOT REQUIRED,NOT REQUIRED,NOT REQUIRED,1,0,0,,,,"3386 S Stuart Ave, Gilbert, AZ 85297, USA",
1702,ORDER COMPLETED,JILL CUTRONE,SERVICE-WARRANT,,"Wed, Jul 01, 2026","Wed, Jul 01, 2026",NO,NA,NOT REQUIRED,NOT REQUIRED,COMPLETED,NOT REQUIRED,NOT REQUIRED,NOT REQUIRED,NOT REQUIRED,NOT REQUIRED,NOT REQUIRED,NOT REQUIRED,NOT REQUIRED,NOT REQUIRED,NOT REQUIRED,,,,,,,"14762 N Strong Stone Dr, Oro Valley, AZ 85755, USA",
1703,ORDER COMPLETED,MIKE CHAFFEUR,SERVICE-WARRANT,,"Wed, Jul 01, 2026","Wed, Jul 01, 2026",NO,NA,NOT REQUIRED,NOT REQUIRED,NOT REQUIRED,COMPLETED,COMPLETED,COMPLETED,COMPLETED,NOT REQUIRED,SAME RECEIVED,NOT REQUIRED,NOT REQUIRED,NOT REQUIRED,NOT REQUIRED,2,,,,,,9431 N Solitude Canyon Fountain Hills AZ 85268,
1736,ORDER COMPLETED,COVERS JENN DAVIS,RESIDENTIAL,,"Wed, Jul 01, 2026","Wed, Jul 01, 2026",NO,NA,NOT REQUIRED,NOT REQUIRED,NOT REQUIRED,NOT REQUIRED,NOT REQUIRED,NOT REQUIRED,NOT REQUIRED,NOT REQUIRED,NOT REQUIRED,SHIPPED,NOT REQUIRED,NOT REQUIRED,NOT REQUIRED,0,0,0,0,0,0,,
1709,ORDER COMPLETED,DEBBIE KILLIAN,NEW,,"Wed, Jul 01, 2026","Wed, Jul 01, 2026",NO,NA,COMPLETED,COMPLETED,COMPLETED,NOT REQUIRED,NOT REQUIRED,NOT REQUIRED,NOT REQUIRED,NOT REQUIRED,NOT REQUIRED,ORDERED,NOT REQUIRED,NOT REQUIRED,NOT REQUIRED,0,1,1,0:00,1:00,1:00,"4208 Kettle Ridge Trail, Slinger, WI 53086, USA",
1715,ORDER COMPLETED,JAIME KIM LIMBER,SERVICE-WARRANT,8/12/2026,"Wed, Jul 01, 2026","Wed, Aug 12, 2026",YES,YES,COMPLETED,NOT REQUIRED,NOT REQUIRED,NOT REQUIRED,NOT REQUIRED,NOT REQUIRED,NOT REQUIRED,NOT REQUIRED,NOT REQUIRED,NOT REQUIRED,NOT REQUIRED,NOT REQUIRED,NOT REQUIRED,0,2,0,0,,, 4202 N 58th St PHOENIX AZ 85018,
1696,ORDER COMPLETED,LISA FORD,SERVICE-WARRANT,,"Thu, Jul 02, 2026","Thu, Jul 02, 2026",YES,NA,NOT REQUIRED,NOT REQUIRED,NOT REQUIRED,COMPLETED,COMPLETED,COMPLETED,COMPLETED,ON STOCK,RECEIVED,NOT REQUIRED,NOT REQUIRED,NOT REQUIRED,NOT REQUIRED,1,0,0,,0,0,COLORADO,
1704,ORDER COMPLETED,LINDSAY MADERIA WALSH,RESIDENTIAL,,"Thu, Jul 02, 2026","Thu, Jul 02, 2026",YES,NA,NOT REQUIRED,NOT REQUIRED,NOT REQUIRED,COMPLETED,COMPLETED,COMPLETED,NOT REQUIRED,RECEIVED,NOT REQUIRED,NOT REQUIRED,NOT REQUIRED,NOT REQUIRED,NOT REQUIRED,9,0,0,,0,0,"2055 Bear Hollow Dr, Park City, UT 84098, USA",
1638,ORDER COMPLETED,DIANE GALATI,SERVICE,,"Mon, Jul 06, 2026","Tue, Jul 07, 2026",YES,,NOT REQUIRED,NOT REQUIRED,IN PROGRESS,NOT REQUIRED,NOT REQUIRED,NOT REQUIRED,NOT REQUIRED,NOT REQUIRED,NOT REQUIRED,NOT REQUIRED,NOT REQUIRED,NOT REQUIRED,NOT REQUIRED,0,,1,,,,"4939 E Horseshoe Rd, Paradise Valley, AZ 85253, USA",
1605,ORDER COMPLETED,DEANNE SPRENGER,RESIDENTIAL,7/9/2026,"Tue, Jul 07, 2026","Tue, Jul 07, 2026",YES,YES,NOT REQUIRED,NOT REQUIRED,NOT REQUIRED,COMPLETED,COMPLETED,COMPLETED,COMPLETED,NOT REQUIRED,RECEIVED,NOT REQUIRED,NOT REQUIRED,NOT REQUIRED,NOT REQUIRED,1,,0,,,,"13452 E Desert Trail Scottsdale, AZ 85259",
1643,ORDER COMPLETED,MEGAN KELLY ADD-ON,RESIDENTIAL,,"Tue, Jul 07, 2026","Wed, Jul 08, 2026",YES,NA,COMPLETED,COMPLETED,COMPLETED,COMPLETED,COMPLETED,COMPLETED,COMPLETED,IN STOCK,RECEIVED,NOT REQUIRED,NOT REQUIRED,NOT REQUIRED,NOT REQUIRED,5,5,0,,,,"10276 White Birch St, Presque Isle, MI 49777, USA",
1521,ORDER COMPLETED,RUSH SHOWROOM SWING CUSHION,SHOWROOM SCOTTSDALE,,"Thu, Jul 09, 2026","Thu, Jul 09, 2026",YES,NA,NOT REQUIRED,NOT REQUIRED,NOT REQUIRED,COMPLETED,COMPLETED,COMPLETED,COMPLETED,IN STOCK,RECEIVED,NOT REQUIRED,NOT REQUIRED,NOT REQUIRED,NOT REQUIRED,1,,0,,,,"15037 N Scottsdale Rd Ste 120, Scottsdale, AZ 85254",
1610,ORDER COMPLETED,PAUL DICOSMO-REDO,REDOING,7/8/2026,"Tue, Jul 14, 2026","Tue, Jul 14, 2026",YES,YES,NOT REQUIRED,NOT REQUIRED,COMPLETED,COMPLETED,COMPLETED,COMPLETED,COMPLETED,RECEIVED,RECEIVED,RECEIVED,NOT REQUIRED,NOT REQUIRED,NOT REQUIRED,2,,1,,,,"18724 E Chandler Heights Rd, Queen Creek, AZ 85142, USA",
1502,ORDER COMPLETED,ROB ROY,RESIDENTIAL,,"Tue, Jul 14, 2026","Wed, Jul 15, 2026",YES,NA,COMPLETED,COMPLETED,COMPLETED,COMPLETED,COMPLETED,COMPLETED,COMPLETED,RECEIVED,RECEIVED,NOT REQUIRED,NOT REQUIRED,NOT REQUIRED,NOT REQUIRED,18,,7,,,,CALIFORNIA,
1573,ORDER COMPLETED,SOLANA BEACH SHOWROOM 4-29,SHOWROOM,,"Tue, Jul 14, 2026","Wed, Jul 15, 2026",YES,NA,COMPLETED,COMPLETED,NOT REQUIRED,COMPLETED,COMPLETED,COMPLETED,COMPLETED,RECEIVED,RECEIVED,NOT REQUIRED,NOT REQUIRED,NOT REQUIRED,NOT REQUIRED,4,,0,,,,CALIFORNIA,
1576,ORDER COMPLETED,RICHARD AGUILAR,RESIDENTIAL,,"Tue, Jul 14, 2026","Wed, Jul 15, 2026",YES,NA,COMPLETED,COMPLETED,COMPLETED,COMPLETED,COMPLETED,COMPLETED,COMPLETED,RECEIVED,RECEIVED,NOT REQUIRED,NOT REQUIRED,NOT REQUIRED,NOT REQUIRED,7,,3,,,,"5435 Calumet Ave, LA JOLLA, CA",
1604,ORDER COMPLETED,MELANIE SPAHN,SERVICE,7/15/2026,"Tue, Jul 14, 2026","Wed, Jul 15, 2026",YES,YES,NOT REQUIRED,COMPLETED,NOT REQUIRED,NOT REQUIRED,NOT REQUIRED,NOT REQUIRED,NOT REQUIRED,NOT REQUIRED,NOT REQUIRED,NOT REQUIRED,NOT REQUIRED,NOT REQUIRED,NOT REQUIRED,0,,0,,,,"8621 E Clarendon Ave, Scottsdale, AZ 85251, USA",
1613,ORDER COMPLETED,RAQUEL-JASON NORTON,RESIDENTIAL,,"Tue, Jul 14, 2026","Wed, Jul 15, 2026",YES,NA,COMPLETED,COMPLETED,NOT REQUIRED,COMPLETED,COMPLETED,COMPLETED,COMPLETED,RECEIVED,RECEIVED,NOT REQUIRED,NOT REQUIRED,NOT REQUIRED,NOT REQUIRED,3,3,0,,,,CALIFORNIA,
1614,ORDER COMPLETED,BETH HOFFMAN,RESIDENTIAL,,"Tue, Jul 14, 2026","Wed, Jul 15, 2026",YES,NA,COMPLETED,COMPLETED,COMPLETED,COMPLETED,COMPLETED,COMPLETED,COMPLETED,RECEIVED,RECEIVED,NOT REQUIRED,NOT REQUIRED,NOT REQUIRED,NOT REQUIRED,5,,4,,,,CALIFORNIA,
1624,ORDER COMPLETED,RAQUEL-JASON NORTON,RESIDENTIAL,,"Tue, Jul 14, 2026","Wed, Jul 15, 2026",YES,NA,COMPLETED,COMPLETED,COMPLETED,NOT REQUIRED,NOT REQUIRED,NOT REQUIRED,NOT REQUIRED,NOT REQUIRED,NOT REQUIRED,NOT REQUIRED,NOT REQUIRED,NOT REQUIRED,NOT REQUIRED,0,1,0,,,,"1468 Rimcrest Ct, BONITA CA 91902",
1651,ORDER COMPLETED,CHAD,SERVICE,7/9/2026,"Tue, Jul 14, 2026","Wed, Jul 15, 2026",YES,YES,NOT REQUIRED,COMPLETED,COMPLETED,NOT REQUIRED,NOT REQUIRED,NOT REQUIRED,NOT REQUIRED,NOT REQUIRED,NOT REQUIRED,NOT REQUIRED,NOT REQUIRED,NOT REQUIRED,NOT REQUIRED,,,,,,,13260 N 83rd Pl SCOTTSDALE AZ 85260,
1653,ORDER COMPLETED,CA AMAR TAKHUR,RESIDENTIAL,,"Tue, Jul 14, 2026","Thu, Jul 16, 2026",YES,NA,NOT REQUIRED,NOT REQUIRED,COMPLETED,NOT REQUIRED,NOT REQUIRED,NOT REQUIRED,NOT REQUIRED,NOT REQUIRED,NOT REQUIRED,NOT REQUIRED,NOT REQUIRED,NOT REQUIRED,NOT REQUIRED,0,0,1,,,,"304 N Sierra Ave, Solana Beach, CA 92075",
1608,ORDER COMPLETED,ANDREA SYDENHAM-SERVICE,SERVICE,6/29/2026,"Wed, Jul 15, 2026","Thu, Jul 16, 2026",YES,YES,NOT REQUIRED,COMPLETED,NOT REQUIRED,NOT REQUIRED,NOT REQUIRED,NOT REQUIRED,NOT REQUIRED,NOT REQUIRED,NOT REQUIRED,NOT REQUIRED,NOT REQUIRED,NOT REQUIRED,NOT REQUIRED,0,,0,,,,"26814 Boulder Ln, Scottsdale, AZ 85255, USA",
1617,ORDER COMPLETED,REDO SHELLY GROTHAUS,WARRANTY,6/29/2026,"Wed, Jul 15, 2026","Thu, Jul 16, 2026",YES,YES,NOT REQUIRED,NOT REQUIRED,NOT REQUIRED,COMPLETED,COMPLETED,COMPLETED,COMPLETED,IN STOCK,SAME-READY,NOT REQUIRED,NOT REQUIRED,NOT REQUIRED,NOT REQUIRED,2,,0,,,,"10801 E Happy Valley Rd, Scottsdale, AZ 85255, USA",
1654,ORDER COMPLETED,CA Edisoon Reynoso,SERVICE,,"Wed, Jul 15, 2026","Thu, Jul 16, 2026",YES,NA,NOT REQUIRED,NOT REQUIRED,NOT REQUIRED,NOT REQUIRED,NOT REQUIRED,NOT REQUIRED,NOT REQUIRED,NOT REQUIRED,NOT REQUIRED,NOT REQUIRED,NOT REQUIRED,NOT REQUIRED,NOT REQUIRED,0,0,0,,,," 5986 Greensview Ct, RANCHO SANTA FE, CA 92067",
1607,ORDER COMPLETED,STEPHANIE EVERS-SERVICE,SERVICE,7/1/2026,"Thu, Jul 16, 2026","Thu, Jul 16, 2026",YES,YES,NOT REQUIRED,COMPLETED,NOT REQUIRED,NOT REQUIRED,NOT REQUIRED,NOT REQUIRED,NOT REQUIRED,NOT REQUIRED,NOT REQUIRED,NOT REQUIRED,NOT REQUIRED,NOT REQUIRED,NOT REQUIRED,0,,0,,,,"5736 E Lowden Rd, Cave Creek, AZ 85331, USA",
1669,ORDER COMPLETED,HAMID SHOWROOM 7-17-26,COMMERCIAL,,"Thu, Jul 16, 2026","Thu, Jul 16, 2026",YES,NA,COMPLETED,COMPLETED,COMPLETED,COMPLETED,COMPLETED,COMPLETED,COMPLETED,IN STOCK,RECEIVED,NOT REQUIRED,NOT REQUIRED,NOT REQUIRED,NOT REQUIRED,8,,,,,,SCOTTSDALE SHOWROOM,
1546,ORDER COMPLETED,JIM-CAROL LAUB,RESIDENTIAL,,"Mon, Jul 20, 2026","Wed, Jul 22, 2026",YES,NA,COMPLETED,COMPLETED,COMPLETED,COMPLETED,COMPLETED,COMPLETED,COMPLETED,RECEIVED,RECEIVED,NOT REQUIRED,RECEIVED,NOT REQUIRED,RECEIVED,19,,10,,,,"8745 North Lookout Lane, Park City, UT",
1646,ORDER COMPLETED,JOE REDMOND III,RESIDENTIAL,,"Wed, Jul 22, 2026","Thu, Jul 23, 2026",YES,NA,COMPLETED,COMPLETED,NOT REQUIRED,COMPLETED,COMPLETED,COMPLETED,COMPLETED,RECEIVED,RECEIVED,NOT REQUIRED,NOT REQUIRED,NOT REQUIRED,NOT REQUIRED,6,,,,,,5824 E SABDFORD ST MESA 85215,
1626,ORDER COMPLETED,ERIC WHITTAKER,RESIDENTIAL,,"Thu, Jul 23, 2026","Fri, Jul 24, 2026",YES,NA,COMPLETED,COMPLETED,COMPLETED,COMPLETED,COMPLETED,COMPLETED,COMPLETED,RECEIVED,RECEIVED,NOT REQUIRED,NOT REQUIRED,NOT REQUIRED,NOT REQUIRED,62,,8,,,,5400 E Valle Vista rd 85018,
1670,ORDER COMPLETED,STEPHANIE LALLEY,RESIDENTIAL,,"Fri, Jul 24, 2026","Thu, Jul 23, 2026",YES,NA,COMPLETED,COMPLETED,COMPLETED,NOT REQUIRED,NOT REQUIRED,NOT REQUIRED,NOT REQUIRED,NOT REQUIRED,NOT REQUIRED,NOT REQUIRED,NOT REQUIRED,NOT REQUIRED,NOT REQUIRED,0,1,,,,,"1000 Berkshire Ln N #11 Plymouth, MN 55441",
1655,ORDER COMPLETED,OPTIMA CHICAGO FINAL,COMMERCIAL,,"Fri, Jul 24, 2026","Fri, Jul 24, 2026",YES,NA,COMPLETED,COMPLETED,COMPLETED,NOT REQUIRED,NOT REQUIRED,NOT REQUIRED,NOT REQUIRED,NOT REQUIRED,NOT REQUIRED,NOT REQUIRED,RECEIVED,NOT REQUIRED,NOT REQUIRED,0,,,,,,CHICAGO,
1623,ORDER COMPLETED,DEBBIE KILIAN,RESIDENTIAL,,"Fri, Jul 24, 2026","Mon, Jul 27, 2026",YES,NA,COMPLETED,COMPLETED,COMPLETED,COMPLETED,COMPLETED,COMPLETED,COMPLETED,RECEIVED,RECEIVED,RECEIVED,NOT REQUIRED,NOT REQUIRED,RECEIVED,28,,8,,,,"4208 Kettle Ridge Trail, SLINGER, WISCONSIN",
1628,ORDER COMPLETED,JOHN MARTELL,RESIDENTIAL,,"Mon, Jul 27, 2026","Mon, Jul 27, 2026",YES,NA,COMPLETED,COMPLETED,COMPLETED,COMPLETED,COMPLETED,COMPLETED,COMPLETED,RECEIVED,RECEIVED,NOT REQUIRED,NOT REQUIRED,NOT REQUIRED,NOT REQUIRED,2,,2,,,,"7120 E kierland, Scottsdale AZ 85254  APT #705",
1616,ORDER COMPLETED,JILL CUTRONE,RESIDENTIAL,,"Mon, Jul 27, 2026","Tue, Jul 28, 2026",YES,NA,COMPLETED,COMPLETED,COMPLETED,COMPLETED,COMPLETED,COMPLETED,COMPLETED,RECEIVED,RECEIVED,NOT REQUIRED,RECEIVED,RECEIVED,RECEIVED,80,30,10,86:35,,,"14762 N Strong Stone Dr Oro Valley, AZ 85755",
1615,ORDER COMPLETED,KORRENA GLEN,RESIDENTIAL,,"Tue, Jul 28, 2026","Wed, Jul 29, 2026",YES,YES,COMPLETED,COMPLETED,COMPLETED,COMPLETED,COMPLETED,COMPLETED,COMPLETED,RECEIVED,RECEIVED,RECEIVED,RECEIVED,NOT REQUIRED,RECEIVED,11,,4,15:00,,,8230 N. Mockinbird Ln Paradise valley AZ 85253,
1634,ORDER COMPLETED,NIKKI PERES,SERVICE-WARRANT,7/9/2026,"Tue, Jul 28, 2026","Wed, Jul 29, 2026",YES,YES,NOT REQUIRED,NOT REQUIRED,NOT REQUIRED,COMPLETED,COMPLETED,COMPLETED,COMPLETED,RECEIVED,RECEIVED,NOT REQUIRED,NOT REQUIRED,NOT REQUIRED,NOT REQUIRED,4,,0,5:00,,,DROP & PICK FROM FACTORY,
1656,ORDER COMPLETED,LINDA SALKOW,RESIDENTIAL,,"Tue, Jul 28, 2026","Wed, Jul 29, 2026",YES,YES,COMPLETED,COMPLETED,COMPLETED,COMPLETED,COMPLETED,COMPLETED,COMPLETED,RECEIVED,RECEIVED,NOT REQUIRED,NOT REQUIRED,NOT REQUIRED,NOT REQUIRED,4,5,1,1:00,,,"10330 E Nolina Trail, Scottsdale, AZ",
1660,ORDER COMPLETED,NIKKI PERES - HUNTER T TABLES,RESIDENTIAL,,"Tue, Jul 28, 2026","Wed, Jul 29, 2026",YES,YES,COMPLETED,COMPLETED,COMPLETED,NOT REQUIRED,NOT REQUIRED,NOT REQUIRED,NOT REQUIRED,NOT REQUIRED,NOT REQUIRED,NOT REQUIRED,NOT REQUIRED,NOT REQUIRED,NOT REQUIRED,0,,,,,,"8980 East Raintree Drive, Suite 100  Scottsdale, Az 85260",
1620,ORDER COMPLETED,JENNIFER JOHNSON,SERVICE-WARRANT,7/30/2026,"Wed, Jul 29, 2026","Thu, Jul 30, 2026",YES,YES,NOT REQUIRED,NOT REQUIRED,NOT REQUIRED,COMPLETED,COMPLETED,COMPLETED,COMPLETED,RECEIVED,SAME RECEIVED,RECEIVED,NOT REQUIRED,NOT REQUIRED,NOT REQUIRED,2,,0,,,,"2666 E Raven Way, Gilbert, AZ 85297, USA",
1631,ORDER COMPLETED,JEN BERGMAN,SERVICE-WARRANT,7/14/2026,"Wed, Jul 29, 2026","Thu, Jul 30, 2026",YES,YES,NOT REQUIRED,NOT REQUIRED,NOT REQUIRED,COMPLETED,COMPLETED,COMPLETED,COMPLETED,RECEIVED,SAME RECEIVED,NOT REQUIRED,NOT REQUIRED,NOT REQUIRED,NOT REQUIRED,39,,0,33:30,,,"3386 S Stuart Ave, Gilbert, AZ 85297, USA",
1618,ORDER COMPLETED,MIKE CHAFFEUR,RESIDENTIAL,,"Thu, Jul 30, 2026","Mon, Aug 03, 2026",YES,NA,COMPLETED,COMPLETED,COMPLETED,COMPLETED,COMPLETED,COMPLETED,COMPLETED,RECEIVED,RECEIVED,NOT REQUIRED,NOT REQUIRED,NOT REQUIRED,NOT REQUIRED,37,22,7,29:15,,,"9431 N Solitude Canyon, Fountain Hills AZ 85268",
1606,ORDER COMPLETED,CORINA COVACIU-SERVICE,SERVICE,7/6/2026,"Fri, Jul 31, 2026","Tue, Jul 21, 2026",NO,YES,NOT REQUIRED,COMPLETED,NOT REQUIRED,NOT REQUIRED,NOT REQUIRED,NOT REQUIRED,NOT REQUIRED,NOT REQUIRED,NOT REQUIRED,NOT REQUIRED,NOT REQUIRED,NOT REQUIRED,NOT REQUIRED,0,,0,,,,"7936 W Villa Chula, Peoria, AZ 85383, USA",
1683,ORDER COMPLETED,CAROL LAUB RUSH,SERVICE-WARRANT,,"Fri, Jul 31, 2026","Fri, Jul 31, 2026",YES,NA,COMPLETED,COMPLETED,COMPLETED,NOT REQUIRED,NOT REQUIRED,NOT REQUIRED,NOT REQUIRED,NOT REQUIRED,NOT REQUIRED,NOT REQUIRED,NOT REQUIRED,NOT REQUIRED,RECEIVED,0,1,,,,,"8745 North Lookout Lane, Park City, UT",
1619,ORDER COMPLETED,LISA FORD,RESIDENTIAL,,"Fri, Jul 31, 2026","Sat, Aug 01, 2026",YES,NA,COMPLETED,COMPLETED,NOT REQUIRED,COMPLETED,COMPLETED,COMPLETED,COMPLETED,RECEIVED,RECEIVED,NOT REQUIRED,NOT REQUIRED,NOT REQUIRED,NOT REQUIRED,13,3,0,,,,"2260 Bear Hollow Dr. PARK CITY, UTAH",
1633,ORDER COMPLETED,KIRK JOHNS,CUSTOM,,"Fri, Jul 31, 2026","Sat, Aug 01, 2026",YES,NA,COMPLETED,COMPLETED,NOT REQUIRED,COMPLETED,COMPLETED,COMPLETED,COMPLETED,RECEIVED,RECEIVED,NOT REQUIRED,RECEIVED,NOT REQUIRED,NOT REQUIRED,2,1,0,14:30,,,"3418 Seneca Dr. Las Vegas, NV  89169",
1647,ORDER COMPLETED,LINDSAY MADERIA WALSH,RESIDENTIAL,,"Fri, Jul 31, 2026","Sat, Aug 01, 2026",YES,NA,COMPLETED,COMPLETED,NOT REQUIRED,COMPLETED,COMPLETED,COMPLETED,COMPLETED,RECEIVED,RECEIVED,NOT REQUIRED,NOT REQUIRED,NOT REQUIRED,NOT REQUIRED,9,2,,,,,"2055 Bear Hollow Drive, PC 84098 PARK CITY UTAH",
1648,ORDER COMPLETED,MELISSA FISCHER,RESIDENTIAL,,"Fri, Jul 31, 2026","Sat, Aug 01, 2026",YES,NA,COMPLETED,COMPLETED,NOT REQUIRED,COMPLETED,COMPLETED,COMPLETED,COMPLETED,RECEIVED,RECEIVED,NOT REQUIRED,NOT REQUIRED,NOT REQUIRED,NOT REQUIRED,5,1,,,,,"201 White Pine Canyon Road, Park City UT 84060 ",
1671,ORDER COMPLETED,CAROL LAUB RUSH,RESIDENTIAL,,"Fri, Jul 31, 2026","Sat, Aug 01, 2026",YES,NA,COMPLETED,COMPLETED,COMPLETED,COMPLETED,COMPLETED,COMPLETED,COMPLETED,RECEIVED,RECEIVED,NOT REQUIRED,NOT REQUIRED,NOT REQUIRED,NOT REQUIRED,12,5,,6:40,,,"8745 North Lookout Lane, Park City, UT",
1637,ORDER COMPLETED,DENISE STEINKIRCHNER,CUSTOM,,"Mon, Aug 03, 2026","Mon, Aug 03, 2026",YES,NA,COMPLETED,COMPLETED,COMPLETED,COMPLETED,COMPLETED,COMPLETED,COMPLETED,RECEIVED,RECEIVED,SHIPPED,RECEIVED,NOT REQUIRED,NOT REQUIRED,1,1,1,9:00,,,"293 Canterwood Lane Wexford, PA  15090",
1689,ORDER COMPLETED,KIRK JOHNS,COVERS,,"Mon, Aug 03, 2026","Mon, Aug 03, 2026",YES,NA,NOT REQUIRED,NOT REQUIRED,NOT REQUIRED,NOT REQUIRED,NOT REQUIRED,NOT REQUIRED,NOT REQUIRED,NOT REQUIRED,NOT REQUIRED,NEED,NOT REQUIRED,NOT REQUIRED,NOT REQUIRED,0,0,0,,,,"3418 Seneca Dr. Las Vegas, NV  89169",NOT REQUIRED
1664,ORDER COMPLETED,TONY SCHINDLER,RESIDENTIAL,,"Mon, Aug 03, 2026","Tue, Aug 04, 2026",YES,NA,COMPLETED,COMPLETED,NOT REQUIRED,NOT REQUIRED,NOT REQUIRED,NOT REQUIRED,NOT REQUIRED,NOT REQUIRED,NOT REQUIRED,NOT REQUIRED,NOT REQUIRED,NOT REQUIRED,NOT REQUIRED,0,1,,,,,37702 N. Schoolhouse Rd CAVE CREEK AZ,
1583,ORDER COMPLETED,MELANIE DEPATIE WARRANTY,SERVICE-WARRANT,6/22/2026,"Tue, Aug 04, 2026","Wed, Aug 05, 2026",YES,YES,COMPLETED,COMPLETED,NOT REQUIRED,COMPLETED,COMPLETED,COMPLETED,COMPLETED,RECEIVED,SAME RECEIVED,NOT REQUIRED,NOT REQUIRED,NOT REQUIRED,NOT REQUIRED,13,0,0,,,,"5879 E Onyx Ave, SCOTTSDALE, AZ",
1583,ORDER COMPLETED,MELANIE DEPATIE NEW SECTION,RESIDENTIAL,,"Tue, Aug 04, 2026","Wed, Aug 05, 2026",YES,NA,COMPLETED,COMPLETED,COMPLETED,COMPLETED,COMPLETED,COMPLETED,COMPLETED,RECEIVED,RECEIVED,NOT REQUIRED,NOT REQUIRED,NOT REQUIRED,NOT REQUIRED,14,4,3,11:55,,,"5879 E Onyx Ave, SCOTTSDALE, AZ",
1705,ORDER COMPLETED,JOHN MARTELL REDO,RESIDENTIAL,,"Wed, Aug 05, 2026","Wed, Aug 05, 2026",YES,NA,NOT REQUIRED,NOT REQUIRED,COMPLETED,NOT REQUIRED,NOT REQUIRED,NOT REQUIRED,NOT REQUIRED,NOT REQUIRED,NOT REQUIRED,NOT REQUIRED,NOT REQUIRED,NOT REQUIRED,NOT REQUIRED,,,,,,,DROP OFF AT SCOTTSDALE SHOWROOM,
1642,ORDER COMPLETED,CATHY-JIM SURRAT,CUSTOM,,"Wed, Aug 05, 2026","Thu, Aug 06, 2026",YES,NA,COMPLETED,COMPLETED,NOT REQUIRED,COMPLETED,COMPLETED,COMPLETED,COMPLETED,RECEIVED,RECEIVED,NOT REQUIRED,NOT REQUIRED,NOT REQUIRED,NOT REQUIRED,5,,,,,,"14347 E THOROUGHBRED TRAIL, SCOTTSDALE AZ 85259",
1661,ORDER COMPLETED,PERKINS COIE LLP-WARRANTY,SERVICE-WARRANT,7/28/2026,"Wed, Aug 05, 2026","Thu, Aug 06, 2026",YES,YES,NOT REQUIRED,NOT REQUIRED,NOT REQUIRED,COMPLETED,COMPLETED,COMPLETED,COMPLETED,ON STOCK,SAME RECEIVED,NOT REQUIRED,NOT REQUIRED,NOT REQUIRED,NOT REQUIRED,4,,,,,,"2525 E Camelback Rd suite 500, Phoenix, AZ 85016, USA",
1698,ORDER COMPLETED,OPTIMA 7220 BARSTOOL REUPHOLSTERY,COMMERCIAL,8/10/2026,"Mon, Aug 10, 2026","Mon, Aug 10, 2026",YES,YES,NOT REQUIRED,NOT REQUIRED,NOT REQUIRED,COMPLETED,COMPLETED,COMPLETED,COMPLETED,RECEIVED,SAME RECEIVED,NOT REQUIRED,NOT REQUIRED,NOT REQUIRED,NOT REQUIRED,12,,,,,,OPTIMA 7220,
1713,ORDER COMPLETED,OPTIMA 7220 RUSH DOWNSTAIRS,COMMERCIAL,8/10/2026,"Mon, Aug 10, 2026","Mon, Aug 10, 2026",YES,YES,NOT REQUIRED,NOT REQUIRED,NOT REQUIRED,COMPLETED,COMPLETED,COMPLETED,IN PROGRESS,ON STOCK,SAME RECEIVED,NOT REQUIRED,NOT REQUIRED,NOT REQUIRED,NOT REQUIRED,49,0,0,55:06,,,,
1684,ORDER COMPLETED,OPTIMA 7140 FRAMES PHASE I,SERVICE-WARRANT,8/6/2026,"Tue, Aug 11, 2026","Tue, Aug 11, 2026",YES,YES,NOT REQUIRED,COMPLETED,NOT REQUIRED,NOT REQUIRED,NOT REQUIRED,NOT REQUIRED,NOT REQUIRED,NOT REQUIRED,NOT REQUIRED,NOT REQUIRED,NOT REQUIRED,NOT REQUIRED,NOT REQUIRED,0,,0,,,,OPTIMA 7140,
1657,ORDER COMPLETED,TIFFANY HERTER,RESIDENTIAL,8/12/2026,"Tue, Aug 11, 2026","Wed, Aug 12, 2026",YES,YES,COMPLETED,COMPLETED,COMPLETED,COMPLETED,COMPLETED,COMPLETED,COMPLETED,RECEIVED,RECEIVED,NOT REQUIRED,NOT REQUIRED,NOT REQUIRED,NOT REQUIRED,34,13,7,,, ,28119 N. 109th Way,
1641,ORDER COMPLETED,DEBBIE BATTISTA,RESIDENTIAL,,"Wed, Aug 12, 2026","Thu, Aug 13, 2026",YES,NA,COMPLETED,COMPLETED,COMPLETED,COMPLETED,COMPLETED,COMPLETED,COMPLETED,RECEIVED,RECEIVED,RECEIVED,NOT REQUIRED,NOT REQUIRED,NOT REQUIRED,1,3,2,,,0,"1175 E. Copper Hollow Way, Queen Creek, AZ 85740",
1650,ORDER COMPLETED,CAROL COLOMBO,RESIDENTIAL,,"Wed, Aug 12, 2026","Thu, Aug 13, 2026",YES,NA,COMPLETED,COMPLETED,COMPLETED,COMPLETED,COMPLETED,COMPLETED,COMPLETED,RECEIVED,RECEIVED,NOT REQUIRED,NOT REQUIRED,NOT REQUIRED,NOT REQUIRED,12,6,3,,,0,"5633 N. Royal Circle, Paradise Valley, AZ",
1684,ORDER COMPLETED,OPTIMA 7140 FRAMES PHASE II,SERVICE-WARRANT,8/11/2026,"Fri, Aug 14, 2026","Fri, Aug 14, 2026",YES,YES,NOT REQUIRED,COMPLETED,NOT REQUIRED,NOT REQUIRED,NOT REQUIRED,NOT REQUIRED,NOT REQUIRED,NOT REQUIRED,NOT REQUIRED,NOT REQUIRED,NOT REQUIRED,NOT REQUIRED,NOT REQUIRED,0,47,0,0:00,15:40,0:00,OPTIMA 7140,
1662,ORDER COMPLETED,KERYN GERBER,SERVICE-WARRANT,7/30/2026,"Wed, Aug 19, 2026","Wed, Aug 19, 2026",YES,YES,NOT REQUIRED,COMPLETED,NOT REQUIRED,NOT REQUIRED,NOT REQUIRED,NOT REQUIRED,NOT REQUIRED,NOT REQUIRED,NOT REQUIRED,NOT REQUIRED,NOT REQUIRED,NOT REQUIRED,NOT REQUIRED,0,1,0,0,1:00,0:00,"4103 n 64th pl, Scottsdale, Arizona 85251",
1714,ORDER COMPLETED,CHERYL BURK,RESIDENTIAL,,"Wed, Aug 19, 2026","Wed, Aug 19, 2026",YES,NA,NOT REQUIRED,NOT REQUIRED,COMPLETED,NOT REQUIRED,NOT REQUIRED,NOT REQUIRED,NOT REQUIRED,NOT REQUIRED,NOT REQUIRED,NOT REQUIRED,NOT REQUIRED,NOT REQUIRED,NOT REQUIRED,0,0,1,0:00,0:00,1:00,SCOTTSDALE SHOWROOM,
1635,ORDER COMPLETED,KATHLEEN WIT,RESIDENTIAL,,"Thu, Aug 20, 2026","Thu, Aug 20, 2026",YES,NA,COMPLETED,COMPLETED,NOT REQUIRED,COMPLETED,COMPLETED,COMPLETED,COMPLETED,RECEIVED,RECEIVED,NOT REQUIRED,NEED,NOT REQUIRED,NOT REQUIRED,,3,0,3:00,2:00,0:00,"157 Mozart Ave , CA 92007",
1668,ORDER COMPLETED,SHARIF & MALIHE,RESIDENTIAL,,"Thu, Aug 20, 2026","Thu, Aug 20, 2026",YES,NA,COMPLETED,COMPLETED,COMPLETED,COMPLETED,COMPLETED,COMPLETED,COMPLETED,ON STOCK,RECEIVED,NOT REQUIRED,NOT REQUIRED,NOT REQUIRED,NOT REQUIRED,,5,1,2:00,2:00,1:00,"4832 Fairport Way, San Diego, CA 92130, USA",
1690,ORDER COMPLETED,SOLONA BEACH SHOWROOM,COMMERCIAL,,"Thu, Aug 20, 2026","Thu, Aug 20, 2026",YES,NA,COMPLETED,COMPLETED,COMPLETED,COMPLETED,COMPLETED,COMPLETED,COMPLETED,RECEIVED,RECEIVED,NOT REQUIRED,NOT REQUIRED,NOT REQUIRED,NOT REQUIRED,,10,4,6:00,5:00,3:00,SOLONA BEACH SHOWROOM,
1726,ORDER COMPLETED,CAROL COLOMBO,SERVICE-WARRANT,,"Thu, Aug 20, 2026","Thu, Aug 20, 2026",YES,NA,COMPLETED,COMPLETED,NOT REQUIRED,NOT REQUIRED,NOT REQUIRED,NOT REQUIRED,NOT REQUIRED,NOT REQUIRED,NOT REQUIRED,NOT REQUIRED,NOT REQUIRED,NOT REQUIRED,NOT REQUIRED,,,,,,,,
1679,ORDER COMPLETED,BETH HOFFMAN,SERVICE-WARRANT,,"Thu, Aug 20, 2026","Fri, Aug 21, 2026",YES,NA,NOT REQUIRED,NOT REQUIRED,COMPLETED,NOT REQUIRED,NOT REQUIRED,NOT REQUIRED,NOT REQUIRED,NOT REQUIRED,NOT REQUIRED,NOT REQUIRED,NOT REQUIRED,NOT REQUIRED,NOT REQUIRED,0,0,1,0,0,1," 5895 Blazing Star Ln, San Diego, CA 92130, USA",
1693,ORDER COMPLETED,DAN AMBROSE,RESIDENTIAL,,"Thu, Aug 20, 2026","Fri, Aug 21, 2026",YES,NA,COMPLETED,COMPLETED,NOT REQUIRED,COMPLETED,COMPLETED,COMPLETED,COMPLETED,RECEIVED,RECEIVED,NOT REQUIRED,NOT REQUIRED,NOT REQUIRED,NOT REQUIRED,2,2,0,1,1,0,"26 9th St HER,OSA BEACH CA",
1578-S,ORDER COMPLETED,DAN AMBROSE,SERVICE-WARRANT,,"Thu, Aug 20, 2026","Fri, Aug 21, 2026",YES,NA,NOT REQUIRED,NOT REQUIRED,COMPLETED,NOT REQUIRED,NOT REQUIRED,NOT REQUIRED,NOT REQUIRED,NOT REQUIRED,NOT REQUIRED,NOT REQUIRED,NOT REQUIRED,NOT REQUIRED,NOT REQUIRED,0,0,1,0,0,3,"26 9th St HER,OSA BEACH CA",
1684,ORDER COMPLETED,OPTIMA 7140 PHASE III,SERVICE-WARRANT,8/20/2026,"Mon, Aug 24, 2026","Tue, Aug 25, 2026",YES,YES,NOT REQUIRED,COMPLETED,NOT REQUIRED,COMPLETED,COMPLETED,COMPLETED,COMPLETED,RECEIVED,RECEIVED,NOT REQUIRED,NOT REQUIRED,NOT REQUIRED,NOT REQUIRED,0,47,0,17:00,15:40,0:00,OPTIMA 7140,
1673,ORDER COMPLETED,CYNTHIA MANN,RESIDENTIAL,NEED TEMPLATE,"Mon, Aug 24, 2026","Tue, Aug 25, 2026",YES,YES,NOT REQUIRED,NOT REQUIRED,NOT REQUIRED,COMPLETED,COMPLETED,COMPLETED,COMPLETED,RECEIVED,RECEIVED,NOT REQUIRED,NOT REQUIRED,NOT REQUIRED,NOT REQUIRED,8,0,0,6:00,0:00,0:00,"556 W. Moon Valley Drive, Phoenix, AZ",
1682,ORDER COMPLETED,JOHN BUTZ,RESIDENTIAL,,"Tue, Aug 25, 2026","Wed, Aug 26, 2026",YES,NA,COMPLETED,COMPLETED,COMPLETED,NOT REQUIRED,NOT REQUIRED,NOT REQUIRED,NOT REQUIRED,NOT REQUIRED,NOT REQUIRED,NOT REQUIRED,NOT REQUIRED,NOT REQUIRED,NOT REQUIRED,0,1,1,0:00,1:00,1:00,2926 North Valencia Lane,
1707,ORDER COMPLETED,SCOTTSDALE SHOWROOM,COMMERCIAL,,"Wed, Aug 26, 2026","Wed, Aug 26, 2026",YES,NA,COMPLETED,COMPLETED,COMPLETED,COMPLETED,COMPLETED,COMPLETED,COMPLETED,RECEIVED,RECEIVED,NOT REQUIRED,NOT REQUIRED,NOT REQUIRED,NOT REQUIRED,30,5,3,9:00,3:00,3:00,SCOTTSDALE SHOWROOM,
1680,ORDER COMPLETED,SHERI RODGERS,RESIDENTIAL,8/27/2026,"Thu, Aug 27, 2026","Thu, Aug 27, 2026",YES,YES,NOT REQUIRED,NOT REQUIRED,NOT REQUIRED,NOT REQUIRED,NOT REQUIRED,NOT REQUIRED,NOT REQUIRED,NOT REQUIRED,NOT REQUIRED,NOT REQUIRED,NOT REQUIRED,NOT REQUIRED,NOT REQUIRED,0,0,0,0,0,0,1802 E Phoenix St Payson AZ 85541 / PICK UP FROM SCOTTSDALE SHOWROOM,
1694,ORDER COMPLETED,MIKE GANTZEL,REDO-JOB,8/4/2026,"Thu, Aug 27, 2026","Thu, Aug 27, 2026",YES,YES,NOT REQUIRED,COMPLETED,NOT REQUIRED,COMPLETED,COMPLETED,COMPLETED,COMPLETED,RECEIVED,RECEIVED,NOT REQUIRED,NOT REQUIRED,NOT REQUIRED,NOT REQUIRED,10,0,4,9:00,0:00,5:00,4099 East Meadowview Dr Gilbert Az 85298,
1644,ORDER COMPLETED,CHRISTINE WILSON,RESIDENTIAL,,"Fri, Aug 28, 2026","Mon, Aug 31, 2026",YES,NA,COMPLETED,COMPLETED,NOT REQUIRED,COMPLETED,COMPLETED,COMPLETED,COMPLETED,RECEIVED,RECEIVED,NOT REQUIRED,NOT REQUIRED,NOT REQUIRED,NOT REQUIRED,,5,0,6:00,4:00,0:00,1854 DOWNS ST OCEAN SIDE CA 92054,
1701,ORDER COMPLETED,MADONNA KAKISH,RESIDENTIAL,,"Fri, Aug 28, 2026","Mon, Aug 31, 2026",YES,NA,COMPLETED,COMPLETED,COMPLETED,NOT REQUIRED,NOT REQUIRED,NOT REQUIRED,NOT REQUIRED,NOT REQUIRED,NOT REQUIRED,NOT REQUIRED,NOT REQUIRED,NOT REQUIRED,NOT REQUIRED,0,1,1,0,1,1,32090 Via Bella Vita TEMECULA CA ,
1729,ORDER COMPLETED,KATHLEEN WIT FRAME REDO,SERVICE-WARRANT,8/22/2026,"Fri, Aug 28, 2026","Mon, Aug 31, 2026",YES,YES,NOT REQUIRED,COMPLETED,NOT REQUIRED,NOT REQUIRED,NOT REQUIRED,NOT REQUIRED,NOT REQUIRED,NOT REQUIRED,NOT REQUIRED,NOT REQUIRED,NOT REQUIRED,NOT REQUIRED,NOT REQUIRED,,,,,,,"157 Mozart Ave
157 Mozart Ave, Cardiff, CA 92007, USA",
1681,ORDER COMPLETED,DAVE KRISTEN ANDERSON,RESIDENTIAL,KIAN DROP,"Fri, Aug 28, 2026","Tue, Sep 01, 2026",YES,YES,COMPLETED,COMPLETED,COMPLETED,COMPLETED,COMPLETED,COMPLETED,COMPLETED,RECEIVED,RECEIVED,NOT REQUIRED,ORDERED,NOT REQUIRED,NOT REQUIRED,86,39,13,20:00,18:00,35:00:00,"6343 Clubhouse Dr, Rancho Santa Fe, CA 92067 ( 1st house )",
1735,ORDER COMPLETED,DAVE & KRISTEN ANDERSON ADD ON,RESIDENTIAL,,"Fri, Aug 28, 2026","Tue, Sep 01, 2026",YES,NA,COMPLETED,COMPLETED,COMPLETED,COMPLETED,COMPLETED,COMPLETED,COMPLETED,RECEIVED,RECEIVED,NOT REQUIRED,NOT REQUIRED,NOT REQUIRED,NOT REQUIRED,6,9,,,,,"14473 Emerald Lane, Racho Santa Fe 92067 ( 2nd house )",
1688,ORDER COMPLETED,ERIC WHITTAKER,COVERS,,"Mon, Aug 31, 2026","Mon, Aug 31, 2026",YES,NA,NOT REQUIRED,NOT REQUIRED,NOT REQUIRED,NOT REQUIRED,NOT REQUIRED,NOT REQUIRED,NOT REQUIRED,NOT REQUIRED,NOT REQUIRED,RECEIVED,NOT REQUIRED,NOT REQUIRED,NOT REQUIRED,0,0,0,0,0:00,0:00,"5400 E Valle Vista Rd #6, Phoenix, AZ 85018",
1685,ORDER COMPLETED,OPTIMA 7190 FRAMES PHASE I,SERVICE-WARRANT,8/18/2026,"Mon, Aug 31, 2026","Mon, Aug 31, 2026",YES,YES,NOT REQUIRED,COMPLETED,NOT REQUIRED,NOT REQUIRED,NOT REQUIRED,NOT REQUIRED,NOT REQUIRED,NOT REQUIRED,NOT REQUIRED,NOT REQUIRED,NOT REQUIRED,NOT REQUIRED,NOT REQUIRED,,41,0,0:00,13:40,0:00,OPTIMA 7190,
1548,ORDER COMPLETED,STEVE-MARGUERITE MORRELL,RESIDENTIAL,,"Tue, Sep 01, 2026","Tue, Sep 01, 2026",YES,NA,COMPLETED,COMPLETED,COMPLETED,COMPLETED,COMPLETED,COMPLETED,COMPLETED,RECEIVED,RECEIVED,NOT REQUIRED,NOT REQUIRED,NOT REQUIRED,NOT REQUIRED,8,,4,,,,"16734 N Mountain Parkway, FOUNTAIN HILLS",
1629,ORDER COMPLETED,FRED HERMANN,SERVICE-WARRANT,6/28/2026,"Thu, Sep 03, 2026","Thu, Sep 03, 2026",YES,YES,NOT REQUIRED,NOT REQUIRED,NOT REQUIRED,COMPLETED,COMPLETED,COMPLETED,COMPLETED,RECEIVED,SAME RECEIVED,NOT REQUIRED,NOT REQUIRED,NOT REQUIRED,NOT REQUIRED,6,0,0,15:00,0:00,0:00,"11204 E Moonlight Canyon, Scottsdale, AZ 85255",
1733,ORDER COMPLETED,DAN AMBROSE ADDITION,RESIDENTIAL,,"Fri, Sep 04, 2026","Fri, Sep 04, 2026",YES,NA,COMPLETED,COMPLETED,NOT REQUIRED,COMPLETED,COMPLETED,COMPLETED,COMPLETED,RECEIVED,RECEIVED,NOT REQUIRED,NOT REQUIRED,NOT REQUIRED,NOT REQUIRED,2,2,0,1,1,0,SHIP TO LA,
1716,ORDER COMPLETED,JENNIFER JOHNSON,SERVICE-WARRANT,8/31/2026,"Fri, Sep 04, 2026","Fri, Sep 04, 2026",YES,YES,NOT REQUIRED,NOT REQUIRED,NOT REQUIRED,COMPLETED,COMPLETED,COMPLETED,COMPLETED,RECEIVED,RECEIVED,NOT REQUIRED,NOT REQUIRED,NOT REQUIRED,NOT REQUIRED,2,0,0,0.05,0,0,2666 E Raven Way GILBERT AZ 85297,
1695,ORDER COMPLETED,JOSH DORKIN,RESIDENTIAL,,"Sat, Sep 05, 2026","Mon, Sep 07, 2026",YES,NA,COMPLETED,COMPLETED,COMPLETED,COMPLETED,COMPLETED,COMPLETED,COMPLETED,RECEIVED,RECEIVED,NOT REQUIRED,NOT REQUIRED,NOT REQUIRED,NOT REQUIRED,47,23,6,2,0.5,0.75,"1009 solymar drive la jolla, Ca 92037",
1700,ORDER COMPLETED,TINA FRANTZ,COMMERCIAL,,"Sat, Sep 05, 2026","Mon, Sep 07, 2026",YES,NA,COMPLETED,COMPLETED,NOT REQUIRED,COMPLETED,COMPLETED,COMPLETED,COMPLETED,RECEIVED,RECEIVED,NOT REQUIRED,NOT REQUIRED,NOT REQUIRED,NOT REQUIRED,12,4,0,0.34,0.09,0,"18195 Las Montanas, RSF CA 92067",
1692,ORDER COMPLETED,FRED SUZY KULLER,RESIDENTIAL,,"Sat, Sep 05, 2026","Mon, Sep 07, 2026",YES,NA,COMPLETED,COMPLETED,COMPLETED,COMPLETED,COMPLETED,COMPLETED,COMPLETED,RECEIVED,RECEIVED,NOT REQUIRED,NOT REQUIRED,NOT REQUIRED,NOT REQUIRED,43,21,6,1.5,0.38,0.3,7773 Doug Hl Ct SAN DIEGO CA 92127,
1710,ORDER COMPLETED,CANDACE STUART,SERVICE-WARRANT,8/31/2026,"Sat, Sep 05, 2026","Tue, Sep 08, 2026",YES,YES,NOT REQUIRED,NOT REQUIRED,NOT REQUIRED,COMPLETED,COMPLETED,COMPLETED,COMPLETED,RECEIVED,RECEIVED,NOT REQUIRED,NOT REQUIRED,NOT REQUIRED,NOT REQUIRED,78,0,0,0.63,0,0,"16330 Rambla de las Flores Rancho Santa Fe,",
1667,ORDER COMPLETED,STEPHEN HAKAMI,RESIDENTIAL,,"Tue, Sep 08, 2026","Tue, Sep 08, 2026",YES,NA,COMPLETED,COMPLETED,COMPLETED,COMPLETED,COMPLETED,COMPLETED,COMPLETED,RECEIVED,RECEIVED,NOT REQUIRED,NOT REQUIRED,NOT REQUIRED,NOT REQUIRED,6,8,1,0.6,2,0,6026 North 77th Place SCOTTSDALE AZ 85250,
1699,ORDER COMPLETED,ELLEN KANT,REDO-JOB,8/24/2026,"Tue, Sep 08, 2026","Tue, Sep 08, 2026",YES,YES,NOT REQUIRED,COMPLETED,NOT REQUIRED,NOT REQUIRED,NOT REQUIRED,NOT REQUIRED,NOT REQUIRED,NOT REQUIRED,NOT REQUIRED,NOT REQUIRED,NOT REQUIRED,NOT REQUIRED,NOT REQUIRED,0,12,0,0,0.17,0,4520 North Dromedary Road Phoenix 85018,
1645,ORDER COMPLETED,ERIN CRAVENS,RESIDENTIAL,,"Wed, Sep 09, 2026","Wed, Sep 09, 2026",YES,NA,COMPLETED,COMPLETED,NOT REQUIRED,COMPLETED,COMPLETED,COMPLETED,COMPLETED,RECEIVED,RECEIVED,NOT REQUIRED,NOT REQUIRED,NOT REQUIRED,NOT REQUIRED,20,13,0,0,4.33,0,8650 E SAN LORENZO DR SCOTTSDALE AZ 85258,
1722,ORDER COMPLETED,CHARLIE DYCUS,RESIDENTIAL,,"Wed, Sep 09, 2026","Wed, Sep 09, 2026",YES,NA,COMPLETED,COMPLETED,COMPLETED,COMPLETED,COMPLETED,COMPLETED,COMPLETED,RECEIVED,RECEIVED,SHIPPED,NOT REQUIRED,NOT REQUIRED,NOT REQUIRED,7,10,3,0.25,0.21,0.17,113055 Parleys Cone Court LAS VEGAS NV,
1686,ORDER COMPLETED,TERRY MAZAHERI,SERVICE-WARRANT,8/26/2026,"Thu, Sep 10, 2026","Thu, Sep 10, 2026",YES,YES,COMPLETED,COMPLETED,COMPLETED,COMPLETED,COMPLETED,COMPLETED,COMPLETED,RECEIVED,SAME REC&NEW REC,NOT REQUIRED,NOT REQUIRED,NOT REQUIRED,NOT REQUIRED,16,17,1,0.42,0.34,0.05,UNKNOWN,
1724,ORDER COMPLETED,PHILLIP BENNION,RESIDENTIAL,8/26/2026,"Thu, Sep 10, 2026","Thu, Sep 10, 2026",YES,YES,COMPLETED,COMPLETED,COMPLETED,COMPLETED,COMPLETED,COMPLETED,COMPLETED,RECEIVED,RECEIVED,NOT REQUIRED,RECEIVED,NOT REQUIRED,NOT REQUIRED,10,9,1,5.17,3,0.43,"PU FROM SHOWROOM / FACTORY ; 9028 N. Morning Glory Rd PV, AZ 85253",
1753,ORDER COMPLETED,TAMIE HAYNIE,NEW,,"Thu, Sep 10, 2026","Thu, Sep 10, 2026",YES,NA,NOT REQUIRED,NOT REQUIRED,NOT REQUIRED,COMPLETED,COMPLETED,COMPLETED,COMPLETED,ON STOCK,RECEIVED,NOT REQUIRED,NOT REQUIRED,NOT REQUIRED,NOT REQUIRED,1,0,0,1,0,0,DROP AT SHOWROOM,
1639,ORDER COMPLETED,ROBYN LAUKIE-CHRIS PARK,SERVICE-WARRANT,,"Fri, Sep 11, 2026","Fri, Sep 11, 2026",YES,NA,COMPLETED,COMPLETED,COMPLETED,COMPLETED,COMPLETED,COMPLETED,COMPLETED,RECEIVED,RECEIVED,NOT REQUIRED,NOT REQUIRED,NOT REQUIRED,NOT REQUIRED,1,1,1,0,0,0,"6352 Arroyo Rd, Cave Creek, AZ 85331, USA",
1728,ORDER COMPLETED,KEN & WHITNEY FINKELSTEIN,RESIDENTIAL,,"Fri, Sep 11, 2026","Fri, Sep 11, 2026",YES,NA,COMPLETED,COMPLETED,COMPLETED,NOT REQUIRED,NOT REQUIRED,NOT REQUIRED,NOT REQUIRED,NOT REQUIRED,NOT REQUIRED,NOT REQUIRED,NOT REQUIRED,NOT REQUIRED,NOT REQUIRED,0,1,0,0,0.33,3.5,10801 E. Happy Valley Road #64,
1694-B,ORDER COMPLETED,MIKE GANTZEL,REDO-JOB,,"Mon, Sep 14, 2026","Mon, Sep 14, 2026",YES,NA,NOT REQUIRED,NOT REQUIRED,COMPLETED,NOT REQUIRED,NOT REQUIRED,NOT REQUIRED,NOT REQUIRED,NOT REQUIRED,NOT REQUIRED,NOT REQUIRED,NOT REQUIRED,NOT REQUIRED,NOT REQUIRED,0,0,4,0,0,0,4099 East Meadowview Dr Gilbert Az 85298,
1559,ORDER COMPLETED,JOE STANGL,RESIDENTIAL,,"Tue, Sep 15, 2026","Tue, Sep 15, 2026",YES,NA,COMPLETED,COMPLETED,COMPLETED,COMPLETED,COMPLETED,COMPLETED,COMPLETED,RECEIVED,RECEIVED,NOT REQUIRED,NOT REQUIRED,NOT REQUIRED,NOT REQUIRED,50,28,11,1.84,0.55,0.3,"38505 N 95th Pl Scottsdale, AZ 85254",
1621,ORDER COMPLETED,JENNIFER FISHER,SERVICE-WARRANT,9/3/2026,"Wed, Sep 16, 2026","Thu, Sep 17, 2026",YES,YES,NOT REQUIRED,COMPLETED,NOT REQUIRED,COMPLETED,COMPLETED,COMPLETED,COMPLETED,RECEIVED,SAME RECEIVED,NOT REQUIRED,NOT REQUIRED,NOT REQUIRED,NOT REQUIRED,10,14,5,0.34,0.34,0.21,"9332 E La Posada Ct, Scottsdale, AZ 85255, USA",
1732,ORDER COMPLETED,ROB ROY CUSHIONS REDO,SERVICE-WARRANT,,"Thu, Sep 17, 2026","Thu, Sep 17, 2026",YES,NA,NOT REQUIRED,NOT REQUIRED,NOT REQUIRED,COMPLETED,COMPLETED,COMPLETED,NOT REQUIRED,RECEIVED,NOT REQUIRED,NOT REQUIRED,NOT REQUIRED,NOT REQUIRED,NOT REQUIRED,2,0,0,1.57,0,0,1377 CELADON ST PALM SPRINGS CA 92262,
1706,ORDER COMPLETED,ALLISON SHOEMAKER,RESIDENTIAL,,"Thu, Sep 17, 2026","Thu, Sep 17, 2026",YES,NA,COMPLETED,COMPLETED,COMPLETED,NOT REQUIRED,NOT REQUIRED,NOT REQUIRED,NOT REQUIRED,NOT REQUIRED,NOT REQUIRED,NOT REQUIRED,NOT REQUIRED,NOT REQUIRED,NOT REQUIRED,0,1,1,0,0.05,0.3,"Adam Teshinsky 2950 Club Drive Los Angeles, CA 90064",
1742,ORDER COMPLETED,SOLANA BEACH SHOWROOM,COMMERCIAL,,"Thu, Sep 17, 2026","Thu, Sep 17, 2026",YES,NA,COMPLETED,COMPLETED,COMPLETED,COMPLETED,COMPLETED,COMPLETED,COMPLETED,RECEIVED,RECEIVED,NOT REQUIRED,NOT REQUIRED,NOT REQUIRED,RECEIVED,8,5,1,0.5,1.67,1.77,SOLANA BEACH SHOWROOM,
1725,ORDER COMPLETED,MARTI BERTOLINO,RESIDENTIAL,,"Thu, Sep 17, 2026","Thu, Sep 17, 2026",YES,NA,COMPLETED,COMPLETED,NOT REQUIRED,NOT REQUIRED,NOT REQUIRED,NOT REQUIRED,NOT REQUIRED,NOT REQUIRED,NOT REQUIRED,NOT REQUIRED,NOT REQUIRED,NOT REQUIRED,NOT REQUIRED,0,3,0,0,1,0,437 Marview Dr.  Solana Beach,
1718,ORDER COMPLETED,OPTIMA SONORAN VILLAGE ROOFTOP PHASE I,COMMERCIAL,9/14/2026,"Fri, Sep 18, 2026","Thu, Sep 24, 2026",YES,YES,NOT REQUIRED,COMPLETED,NOT REQUIRED,COMPLETED,COMPLETED,COMPLETED,COMPLETED,RECEIVED,SAME RECEIVED,NOT REQUIRED,NOT REQUIRED,NOT REQUIRED,NOT REQUIRED,27,23,0,0.92,0.34,0,OPTIMA SONORAN VILLAGE,
1652,ORDER COMPLETED,DONALD NEUERMAN,RESIDENTIAL,,"Mon, Sep 21, 2026","Mon, Sep 21, 2026",YES,NA,COMPLETED,COMPLETED,COMPLETED,COMPLETED,COMPLETED,COMPLETED,COMPLETED,RECEIVED,RECEIVED,NOT REQUIRED,NOT REQUIRED,NOT REQUIRED,NOT REQUIRED,18,18,11,0.38,0.38,0.67,"5656 E. Indian Bend Road, Paradise Valley, AZ",
1757,ORDER COMPLETED,CAROL COLOMBO REDO,RESIDENTIAL,,"Mon, Sep 21, 2026","Mon, Sep 21, 2026",YES,NA,COMPLETED,COMPLETED,NOT REQUIRED,NOT REQUIRED,NOT REQUIRED,NOT REQUIRED,NOT REQUIRED,NOT REQUIRED,NOT REQUIRED,NOT REQUIRED,NOT REQUIRED,NOT REQUIRED,NOT REQUIRED,,,,,,,,
1361,ORDER COMPLETED,BRISSON NORRIS,RESIDENTIAL,,"Tue, Sep 22, 2026","Tue, Sep 22, 2026",YES,NA,COMPLETED,COMPLETED,COMPLETED,COMPLETED,COMPLETED,COMPLETED,COMPLETED,RECEIVED,RECEIVED,RECEIVED,RECEIVED,NOT REQUIRED,NOT REQUIRED,12,17,6,0.34,0.38,0.3,12240 N 62nd PL,
1685,ORDER COMPLETED,OPTIMA 7190 FRAMES PHASE II,SERVICE-WARRANT,9/1/2026,"Wed, Sep 23, 2026","Wed, Sep 23, 2026",YES,YES,NOT REQUIRED,COMPLETED,NOT REQUIRED,NOT REQUIRED,NOT REQUIRED,NOT REQUIRED,NOT REQUIRED,NOT REQUIRED,NOT REQUIRED,NOT REQUIRED,NOT REQUIRED,NOT REQUIRED,NOT REQUIRED,0,41,0,0,0.57,0,OPTIMA 7190,
1718,ORDER COMPLETED,OPTIMA SONORAN VILLAGE ROOFTOP PHASE II,COMMERCIAL,9/18/2026,"Thu, Sep 24, 2026","Thu, Sep 24, 2026",YES,YES,NOT REQUIRED,COMPLETED,NOT REQUIRED,COMPLETED,COMPLETED,COMPLETED,COMPLETED,RECEIVED,RECEIVED,NOT REQUIRED,NOT REQUIRED,NOT REQUIRED,NOT REQUIRED,27,23,0,0.92,0.34,0,OPTIMA SONORAN VILLAGE,
1730,ORDER COMPLETED,MELANIE SPAHN FRAME REDO,SERVICE-WARRANT,9/17/2026,"Thu, Sep 24, 2026","Thu, Sep 24, 2026",YES,YES,NOT REQUIRED,COMPLETED,NOT REQUIRED,NOT REQUIRED,NOT REQUIRED,NOT REQUIRED,NOT REQUIRED,NOT REQUIRED,NOT REQUIRED,NOT REQUIRED,NOT REQUIRED,NOT REQUIRED,NOT REQUIRED,0,1,0,0,0.33,0,"5879 E Onyx Ave, Paradise Valley, AZ 85253, USA",
1741,ORDER COMPLETED,ANIA BLICK,SERVICE-WARRANT,8/31/2026,"Thu, Sep 24, 2026","Thu, Sep 24, 2026",YES,YES,NOT REQUIRED,NOT REQUIRED,NOT REQUIRED,COMPLETED,COMPLETED,COMPLETED,COMPLETED,RECEIVED,SAME RECEIVED,NOT REQUIRED,NOT REQUIRED,NOT REQUIRED,NOT REQUIRED,2,0,0,0.56,0,0,DROP AT SHOWROOM,
1739,ORDER COMPLETED,WINSTON HEWITT,SERVICE-WARRANT,8/31/2026,"Thu, Sep 24, 2026","Thu, Sep 24, 2026",YES,YES,NOT REQUIRED,NOT REQUIRED,NOT REQUIRED,COMPLETED,COMPLETED,COMPLETED,COMPLETED,RECEIVED,ORDERED,NOT REQUIRED,NOT REQUIRED,NOT REQUIRED,NOT REQUIRED,2,0,0,1.35,0,0,DROP AT SHOWROOM,
1758,ORDER COMPLETED,CHRISTA HELM CNE,RESIDENTIAL,,"Mon, Sep 28, 2026","Mon, Sep 28, 2026",YES,NA,COMPLETED,COMPLETED,COMPLETED,COMPLETED,COMPLETED,COMPLETED,COMPLETED,RECEIVED,RECEIVED,SHIPPED,NOT REQUIRED,NOT REQUIRED,ORDERED,39,16,4,29:20:00,,,41863 North Saguaro Forest Drive SCOTTSDALE AZ 85262,
1677,READY FOR DELIVERY,TONY KURTH,PICKUP,,"Wed, Jul 01, 2026","Wed, Jul 01, 2026",NO,NA,NOT REQUIRED,NOT REQUIRED,NOT REQUIRED,NOT REQUIRED,NOT REQUIRED,NOT REQUIRED,NOT REQUIRED,NOT REQUIRED,NOT REQUIRED,NOT REQUIRED,NOT REQUIRED,NOT REQUIRED,NOT REQUIRED,0,0,0,0,0,0,PICKUP,
1745,ORDER COMPLETED,SCOTTSDALE SHOWROOM,COMMERCIAL,,"Tue, Sep 29, 2026","Tue, Sep 29, 2026",YES,NA,COMPLETED,COMPLETED,COMPLETED,COMPLETED,COMPLETED,COMPLETED,COMPLETED,RECEIVED,RECEIVED,NOT REQUIRED,NOT REQUIRED,NOT REQUIRED,NOT REQUIRED,2,2,1,1.69,0.67,0.12,SCOTTSDALE SHOWROOM,
1697,ORDER COMPLETED,OPTIMA 7160 CUSHIONS,COMMERCIAL,9/8/2026,"Tue, Sep 29, 2026","Tue, Sep 29, 2026",YES,YES,NOT REQUIRED,NOT REQUIRED,NOT REQUIRED,COMPLETED,COMPLETED,COMPLETED,COMPLETED,RECEIVED,RECEIVED,NOT REQUIRED,NOT REQUIRED,NOT REQUIRED,NOT REQUIRED,102,0,0,3.7,0,0,OPTIMA 7160,
1755,ORDER COMPLETED,STEPHEN HAKAMI,RESIDENTIAL,,"Wed, Sep 30, 2026","Wed, Sep 30, 2026",YES,NA,COMPLETED,COMPLETED,COMPLETED,COMPLETED,COMPLETED,COMPLETED,COMPLETED,ON STOCK,RECEIVED,NOT REQUIRED,NOT REQUIRED,NOT REQUIRED,NOT REQUIRED,16,6,1,13:14,,,6026 North 77th Place SCOTTSDALE AZ 85250,
1665,ORDER COMPLETED,LISA HANSEN,RESIDENTIAL,,"Wed, Sep 30, 2026","Wed, Sep 30, 2026",YES,NA,COMPLETED,COMPLETED,COMPLETED,COMPLETED,COMPLETED,COMPLETED,COMPLETED,RECEIVED,RECEIVED,NOT REQUIRED,RECEIVED,NOT REQUIRED,NOT REQUIRED,17,18,8,0.46,0.38,0.5,"7788 E Via Dona Rd, Scottsdale, AZ 85266, USA",
1711,READY FOR DELIVERY,DAVID KUPERBERG,RESIDENTIAL,,"Thu, Oct 01, 2026","Thu, Oct 01, 2026",YES,NA,COMPLETED,COMPLETED,COMPLETED,COMPLETED,COMPLETED,COMPLETED,COMPLETED,RECEIVED,RECEIVED,NOT REQUIRED,RECEIVED,NOT REQUIRED,NOT REQUIRED,31,27,7,0.42,0.5,0.8,"8386 E Leaning Rock Rd. Scottsdale, AZ  85266",
1717,NEW,ROBERT & DAWN MURILLO,RESIDENTIAL,,"Fri, Oct 02, 2026","Fri, Oct 02, 2026",YES,NA,COMPLETED,COMPLETED,NOT REQUIRED,IN PROGRESS,COMPLETED,COMPLETED,IN PROGRESS,RECEIVED,RECEIVED,NOT REQUIRED,NOT REQUIRED,NOT REQUIRED,NOT REQUIRED,6,6,0,0.25,0.17,0,"3469 Dorchester Dr, San Diego, CA 92123,",
1727,READY FOR DELIVERY,TODD BONDY,SERVICE-WARRANT,9/21/2026,"Fri, Oct 02, 2026","Fri, Oct 02, 2026",YES,YES,NOT REQUIRED,NOT REQUIRED,NOT REQUIRED,COMPLETED,COMPLETED,COMPLETED,COMPLETED,RECEIVED,SAME RECEIVED,RECEIVED,NOT REQUIRED,NOT REQUIRED,NOT REQUIRED,6,0,0,0.9,0,0,4343 E Stanford Dr PHOENIX AZ 85018,
1731,READY FOR DELIVERY,DONNA HAMMEL WARRANTY,SERVICE-WARRANT,9/18/2026,"Fri, Oct 02, 2026","Fri, Oct 02, 2026",YES,YES,NOT REQUIRED,NOT REQUIRED,NOT REQUIRED,COMPLETED,COMPLETED,COMPLETED,COMPLETED,ON STOCK,RECEIVED,NOT REQUIRED,NOT REQUIRED,NOT REQUIRED,NOT REQUIRED,2,0,0,2.25,0,0,8861 E Via Montoya SCOTTSDALE AZ 85255,
1771,READY FOR DELIVERY,DAN AMBROSE,RESIDENTIAL,,"Fri, Oct 02, 2026","Sat, Oct 03, 2026",YES,NA,NOT REQUIRED,NOT REQUIRED,NOT REQUIRED,NOT REQUIRED,NOT REQUIRED,NOT REQUIRED,NOT REQUIRED,NOT REQUIRED,NOT REQUIRED,NOT REQUIRED,RECEIVED,NOT REQUIRED,NOT REQUIRED,,,,,,,26 9th St HERMOSA BEACH CA 90254,
1720,NEW,DANIELLE BOECKER,RESIDENTIAL,10/1/2026,"Sun, Oct 04, 2026","Sun, Oct 04, 2026",YES,YES,COMPLETED,COMPLETED,COMPLETED,IN PROGRESS,IN PROGRESS,IN PROGRESS,NOT STARTED,RECEIVED,SAME REC&NEW REC,NOT REQUIRED,NOT REQUIRED,NOT REQUIRED,NOT REQUIRED,73,38,7,2.52,0.71,0.38,"JW Marriott, Lodging Conference, 5350 East Marriott Drive",
1505,NEW,NAZ AHMAD,RESIDENTIAL,,"Mon, Oct 05, 2026","Mon, Oct 05, 2026",YES,NA,COMPLETED,COMPLETED,COMPLETED,IN PROGRESS,IN PROGRESS,IN PROGRESS,NOT STARTED,RECEIVED,RECEIVED,NOT REQUIRED,NOT REQUIRED,NOT REQUIRED,NOT REQUIRED,46,13,8,36:12:00,0.3,0.34,8476 E Wethersfield Rd Scottsdale 85260,
1776,NEW,SARA FLORIDA,RESIDENTIAL,,"Mon, Oct 05, 2026","Mon, Oct 05, 2026",YES,NA,COMPLETED,IN PROGRESS,COMPLETED,NOT STARTED,NOT STARTED,NOT STARTED,NOT STARTED,ORDERED,RECEIVED,NOT REQUIRED,NOT REQUIRED,NOT REQUIRED,NOT REQUIRED,4,6,2,17:36,,,13663 E Windrose Drive SCOTTSDALE AZ 85259,
1685,READY FOR DELIVERY,OPTIMA 7190 FRAMES PHASE III,SERVICE-WARRANT,9/23/2026,"Tue, Oct 06, 2026","Tue, Oct 06, 2026",YES,YES,NOT REQUIRED,COMPLETED,NOT REQUIRED,NOT REQUIRED,NOT REQUIRED,NOT REQUIRED,NOT REQUIRED,NOT REQUIRED,NOT REQUIRED,NOT REQUIRED,NOT REQUIRED,NOT REQUIRED,NOT REQUIRED,0,40,0,0,0.56,0,OPTIMA 7190,
1719,NEW,KATHERINE CLEMENTS,SERVICE-WARRANT,9/10/2026,"Wed, Oct 07, 2026","Wed, Oct 07, 2026",YES,YES,NOT REQUIRED,NOT REQUIRED,NOT REQUIRED,NOT STARTED,NOT STARTED,NOT STARTED,NOT STARTED,RECEIVED,SAME RECEIVED,NOT REQUIRED,RECEIVED,NOT REQUIRED,NOT REQUIRED,14,0,0,0.59,0,0,12121 E Altadena Dr SCOTTSDALE AZ 85259,
1785,NEW,KRISTI CUROE PILLOWS,RESIDENTIAL,,"Thu, Oct 08, 2026","Thu, Oct 08, 2026",YES,NA,NOT REQUIRED,NOT REQUIRED,NOT REQUIRED,NOT STARTED,NOT STARTED,NOT STARTED,NOT STARTED,NEED,NOT REQUIRED,NOT REQUIRED,NOT REQUIRED,NOT REQUIRED,NOT REQUIRED,,,,,,,SHOWROOM PICK-UP,
1751,NEW,JENNIFER ALPERT RIEDEL,RESIDENTIAL,,"Fri, Oct 09, 2026","Fri, Oct 09, 2026",YES,NA,COMPLETED,NOT STARTED,COMPLETED,NOT STARTED,NOT STARTED,NOT STARTED,NOT STARTED,ON STOCK,ORDERED,NOT REQUIRED,NOT REQUIRED,NOT REQUIRED,NOT REQUIRED,2,2,2,1,1,1,3594 ANNABELLE AVE  GRANITEBAY ( ROSEVILLE) CA 95661,
1763,NEW,CHARLIE DYCUS ADD ON,RESIDENTIAL,,"Fri, Oct 09, 2026","Fri, Oct 09, 2026",YES,NA,NOT REQUIRED,NOT REQUIRED,NOT REQUIRED,IN PROGRESS,IN PROGRESS,IN PROGRESS,NOT REQUIRED,RECEIVED,NOT REQUIRED,NOT REQUIRED,NOT REQUIRED,NOT REQUIRED,NOT REQUIRED,,,,,,,LV,
1769,NEW,CAROL BENNET,RESIDENTIAL,,"Mon, Oct 12, 2026","Mon, Oct 12, 2026",YES,NA,COMPLETED,COMPLETED,COMPLETED,NOT STARTED,NOT STARTED,NOT STARTED,NOT STARTED,NEED,ORDERED,NOT REQUIRED,NOT REQUIRED,NOT REQUIRED,NOT REQUIRED,,,,,,,13271 E. Juan Tabo Rd SCOTTSDALE AZ 85255-0465,
1765,NEW,ZANE LATEEF,RESIDENTIAL,10/5/2026,"Tue, Oct 13, 2026","Tue, Oct 13, 2026",YES,YES,IN PROGRESS,IN PROGRESS,IN PROGRESS,NOT STARTED,NOT STARTED,NOT STARTED,NOT STARTED,ORDERED,SAME PEND &NEW PEND,NOT REQUIRED,NOT REQUIRED,NOT REQUIRED,NOT REQUIRED,18,13,,22:26,,,7545 N Silvercrest Way PV AZ 85253,
1772,NEW,NAZ AHMAD ADD ON,RESIDENTIAL,,"Wed, Oct 14, 2026","Wed, Oct 14, 2026",YES,NA,COMPLETED,IN PROGRESS,COMPLETED,NOT STARTED,NOT STARTED,NOT STARTED,NOT STARTED,ORDERED,ORDERED,NOT REQUIRED,NOT REQUIRED,NOT REQUIRED,NOT REQUIRED,,,,,,,8476 E Wethersfield Rd Scottsdale 85260,
1738,NEW,KURT STYERS,SERVICE-WARRANT,10/2/2026,"Thu, Oct 15, 2026","Thu, Oct 15, 2026",YES,YES,NOT REQUIRED,NOT REQUIRED,NOT REQUIRED,NOT STARTED,NOT STARTED,NOT STARTED,NOT STARTED,RECEIVED,SAME NEED,NOT REQUIRED,NOT REQUIRED,NOT REQUIRED,NOT REQUIRED,12,0,0,5.85,0,0,3045 E Los Altos Ct GILBERT AZ 85297,
1740,NEW,ROBERT BARRY WARRANTY,SERVICE-WARRANT,10/7/2026,"Thu, Oct 15, 2026","Thu, Oct 15, 2026",YES,YES,NOT REQUIRED,NOT REQUIRED,NOT REQUIRED,NOT STARTED,NOT STARTED,NOT STARTED,NOT STARTED,RECEIVED,SAME NEED,NOT REQUIRED,NOT REQUIRED,NOT REQUIRED,NOT REQUIRED,1,0,0,2.25,0,0, 5606 N Camelback Canyon Dr PHOENIX AZ 85018,
1773,READY FOR DELIVERY,VINNY DELGATTO,RESIDENTIAL,9/23/2026,"Thu, Oct 15, 2026","Thu, Oct 15, 2026",NO,YES,NOT REQUIRED,NOT REQUIRED,NOT REQUIRED,NOT REQUIRED,NOT REQUIRED,NOT REQUIRED,NOT REQUIRED,NOT REQUIRED,NOT REQUIRED,NOT REQUIRED,NOT REQUIRED,NOT REQUIRED,NOT REQUIRED,,,,,,,14622 N 45th Place PHOENIX AZ 85032,
1764,NEW,RUTHANN BOCA WARRANTY,SERVICE-WARRANT,10/7/2026,"Thu, Oct 15, 2026","Thu, Oct 15, 2026",YES,YES,NOT REQUIRED,NOT REQUIRED,NOT REQUIRED,NOT STARTED,NOT STARTED,NOT STARTED,NOT STARTED,RECEIVED,SAME NEED,NOT REQUIRED,NOT REQUIRED,NOT REQUIRED,NOT REQUIRED,29,0,0,24:00:00,0,0,2737 E. Arizona Biltmore Circle Unit 9 PHOENIX AZ 85016,
1752,NEW,SOLANA BEACH SHOWROOM,COMMERCIAL,,"Fri, Oct 16, 2026","Fri, Oct 16, 2026",NO,NA,IN PROGRESS,NOT STARTED,COMPLETED,NOT STARTED,NOT STARTED,NOT STARTED,NOT STARTED,RECEIVED,RECEIVED,NOT REQUIRED,NOT REQUIRED,NOT REQUIRED,NOT REQUIRED,1,3,2,2,2,1,SOLANA BEACH SHOWROOM,
1756,NEW,JASON SCHNEIDER,RESIDENTIAL,,"Fri, Oct 16, 2026","Sat, Oct 17, 2026",YES,NA,IN PROGRESS,NOT STARTED,COMPLETED,NOT STARTED,NOT STARTED,NOT STARTED,NOT STARTED,RECEIVED,ORDERED,NOT REQUIRED,NOT REQUIRED,NOT REQUIRED,NOT REQUIRED,11,7,1,7:54,,,"1462 Cottontail Ln , La Jolla, CA 92037",
1759,NEW,BEN ROBERTS,RESIDENTIAL,,"Fri, Oct 16, 2026","Fri, Oct 16, 2026",YES,NA,IN PROGRESS,NOT STARTED,COMPLETED,NOT STARTED,NOT STARTED,NOT STARTED,NOT STARTED,RECEIVED,ORDERED,NOT REQUIRED,NOT REQUIRED,NOT REQUIRED,NOT REQUIRED,31,,,33:44:00,,,8080 High Time Ridge SD CA 92127,
1777,NEW,SHARIF & MALIHE,SERVICE-WARRANT,10/3/2026,"Fri, Oct 16, 2026","Fri, Oct 16, 2026",NO,YES,NOT REQUIRED,NOT REQUIRED,NOT REQUIRED,NOT REQUIRED,NOT REQUIRED,NOT REQUIRED,NOT STARTED,NOT REQUIRED,NOT REQUIRED,NOT REQUIRED,NOT REQUIRED,NOT REQUIRED,NOT REQUIRED,,,,,,,"4832 Fairport Way, San Diego, CA 92130, USA",
1778,NEW,VANESSA VANHYFTE,SERVICE-WARRANT,10/2/2026,"Fri, Oct 16, 2026","Fri, Oct 16, 2026",NO,YES,NOT REQUIRED,NOT STARTED,NOT REQUIRED,NOT REQUIRED,NOT REQUIRED,NOT REQUIRED,NOT REQUIRED,NOT REQUIRED,NOT REQUIRED,NOT REQUIRED,NOT REQUIRED,NOT REQUIRED,NOT REQUIRED,,,,,,,7433 Fairway Rd LA JOLLA CA 92037,
1779,NEW,RICK SEIDENWURM,SERVICE-WARRANT,10/2/2026,"Fri, Oct 16, 2026","Fri, Oct 16, 2026",NO,YES,NOT REQUIRED,NOT STARTED,NOT REQUIRED,NOT REQUIRED,NOT REQUIRED,NOT REQUIRED,NOT REQUIRED,NOT REQUIRED,NOT REQUIRED,NOT REQUIRED,NOT REQUIRED,NOT REQUIRED,NOT REQUIRED,,,,,,,"100 Coast Boulevard, Unit 207 LA JOLLA CA 92037",
1780,NEW,ROB ROY CUSHIONS REDO,SERVICE-WARRANT,,"Fri, Oct 16, 2026","Fri, Oct 16, 2026",NO,NA,NOT REQUIRED,NOT REQUIRED,NOT REQUIRED,NOT STARTED,NOT STARTED,NOT STARTED,NOT STARTED,NEED,NEED,NOT REQUIRED,NOT REQUIRED,NOT REQUIRED,NOT REQUIRED,,,,,,,1377 CELADON ST PALM SPRINGS CA 92262,
1767,NEW,LARISSA KHARRL,RESIDENTIAL,,"Mon, Oct 19, 2026","Mon, Oct 19, 2026",NO,NA,IN PROGRESS,NOT STARTED,NOT STARTED,NOT REQUIRED,NOT REQUIRED,NOT REQUIRED,NOT REQUIRED,NOT REQUIRED,NOT REQUIRED,NOT REQUIRED,NOT REQUIRED,NOT REQUIRED,NOT REQUIRED,,,,,,,10050 E Jopeda lane SCOTTSDALE AZ 85255,
1770,NEW,TYLER TEW LAVENDER LANDSCAPING,RESIDENTIAL,,"Mon, Oct 19, 2026","Mon, Oct 19, 2026",NO,NA,COMPLETED,NOT STARTED,NOT REQUIRED,NOT STARTED,NOT STARTED,NOT STARTED,NOT STARTED,NEED,NEED,NOT REQUIRED,NOT REQUIRED,NOT REQUIRED,NOT REQUIRED,,,,,,,PICK UP FROM FACTORY,
1721,NEW,TRACY LAPAGLIA,RESIDENTIAL,,"Tue, Oct 20, 2026","Tue, Oct 20, 2026",YES,NA,COMPLETED,NOT STARTED,COMPLETED,NOT STARTED,NOT STARTED,NOT STARTED,NOT STARTED,RECEIVED,NEED,NOT REQUIRED,NOT REQUIRED,NOT REQUIRED,NOT REQUIRED,15,20,5,0.46,0.46,0.17,2474 Wren Cove Way LAKE HAVASU AZ,
1768,NEW,ROBERT FRIEL,RESIDENTIAL,,"Tue, Oct 20, 2026","Tue, Oct 20, 2026",YES,NO,COMPLETED,COMPLETED,COMPLETED,NOT STARTED,NOT STARTED,NOT STARTED,NOT STARTED,NEED,SAME PEND &NEW PEND,NOT REQUIRED,NOT REQUIRED,NOT REQUIRED,NOT REQUIRED,,,,,,,SCOTTSDALE AZ,
1750,NEW,MICHELLE ANDERS,RESIDENTIAL,,"Wed, Oct 21, 2026","Wed, Oct 21, 2026",YES,NA,IN PROGRESS,NOT STARTED,COMPLETED,NOT STARTED,NOT STARTED,NOT STARTED,NOT STARTED,RECEIVED,NEED,RECEIVED,NOT REQUIRED,NOT REQUIRED,NOT REQUIRED,10,11,1,6,4,3,"12218 E Black Rock Rd, Scottsdale, AZ 85255, USA",
1723,NEW,GIL KONFINO,RESIDENTIAL,,"Thu, Oct 22, 2026","Thu, Oct 22, 2026",NO,NA,COMPLETED,COMPLETED,COMPLETED,NOT STARTED,NOT STARTED,NOT STARTED,NOT STARTED,RECEIVED,RECEIVED,NOT REQUIRED,RECEIVED,RECEIVED,NOT REQUIRED,6,6,4,0.42,3,1,33962 N Cole Ranch Rd QUEEN CREEK AZ,
1760,NEW,SUSAN MCGALLA WARRANTY,SERVICE-WARRANT,,"Fri, Oct 23, 2026","Fri, Oct 23, 2026",NO,NO,NOT REQUIRED,NOT REQUIRED,NOT REQUIRED,NOT STARTED,NOT STARTED,NOT STARTED,NOT STARTED,ORDERED,SAME NEED,NOT REQUIRED,NOT REQUIRED,NOT REQUIRED,NOT REQUIRED,,,,,,," 9290 E Thompson Peak Pkwy, lot # 107",
1748,NEW,TYLER & MICHELLE HAAHR,RESIDENTIAL,,"Mon, Oct 26, 2026","Mon, Oct 26, 2026",YES,NA,NOT STARTED,NOT STARTED,NOT REQUIRED,NOT STARTED,NOT STARTED,NOT STARTED,NOT STARTED,RECEIVED,NEED,NOT REQUIRED,NOT REQUIRED,NOT REQUIRED,NOT REQUIRED,7,7,0,3.6,2.33,0,6732 E Fanfol Dr PV AZ 85253,
1781,NEW,TODD CHRISTIANSON,RESIDENTIAL,,"Tue, Oct 27, 2026","Tue, Oct 27, 2026",NO,NA,NOT STARTED,NOT STARTED,NOT STARTED,NOT REQUIRED,NOT REQUIRED,NOT REQUIRED,NOT REQUIRED,NOT REQUIRED,NOT REQUIRED,NOT REQUIRED,NOT REQUIRED,NOT REQUIRED,RECEIVED,,,,,,,"2813 N. 29th Place, Phoenix, AZ 85008",
1762,NEW,JODIE DOOLEY & CHAD ROBLEY,RESIDENTIAL,,"Wed, Oct 28, 2026","Wed, Oct 28, 2026",YES,NA,NOT STARTED,NOT STARTED,NOT STARTED,NOT STARTED,NOT STARTED,NOT STARTED,NOT STARTED,ORDERED,NEED,ORDERED,NEED,NOT REQUIRED,NOT REQUIRED,54,27,,48:44:00,,,1526 W Wagon Wheel Dr PHOENIX AZ 85021,
1775,NEW,DAVID CARROLL,SERVICE-WARRANT,,"Fri, Oct 30, 2026","Fri, Oct 30, 2026",NO,NO,NOT REQUIRED,NOT REQUIRED,NOT STARTED,NOT STARTED,NOT STARTED,NOT STARTED,NOT STARTED,NEED,SAME NEED,NOT REQUIRED,NOT REQUIRED,NOT REQUIRED,NOT REQUIRED,,,,,,,"19702 W Mulberry Dr, Buckeye AZ 85396",
1783,NEW,JESSIE NEEDHAM WARRANTY,SERVICE-WARRANT,,"Sat, Oct 31, 2026","Sat, Oct 31, 2026",NO,NO,NOT REQUIRED,NOT REQUIRED,NOT REQUIRED,NOT STARTED,NOT STARTED,NOT STARTED,NOT STARTED,NEED,SAME NEED,NOT REQUIRED,NOT REQUIRED,NOT REQUIRED,NOT REQUIRED,,,,,,,"15639 S 7th St, Phoenix, AZ 85048",
1754,NEW,KELLY HALL,RESIDENTIAL,,"Wed, Nov 04, 2026","Wed, Nov 04, 2026",NO,NA,NOT STARTED,NOT STARTED,COMPLETED,NOT STARTED,NOT STARTED,NOT STARTED,NOT STARTED,RECEIVED,NEED,NOT REQUIRED,NOT REQUIRED,NOT REQUIRED,NOT REQUIRED,31,36,10,17,12,11,PICK UP FROM FACTORY,
1784,NEW,MELANIE SQUIRES WARRANTY,SERVICE-WARRANT,,"Wed, Nov 04, 2026","Wed, Nov 04, 2026",NO,NO,NOT REQUIRED,NOT REQUIRED,NOT REQUIRED,NOT STARTED,NOT STARTED,NOT STARTED,NOT STARTED,NEED,SAME NEED,NOT REQUIRED,NOT REQUIRED,NOT REQUIRED,NOT REQUIRED,,,,,,,"9580 West Bellissimo Lane, Peoria, AZ 85383",
1691,NEW,SO EXTRA DESIGN,COMMERCIAL,,"Thu, Nov 05, 2026","Thu, Nov 05, 2026",YES,NA,COMPLETED,COMPLETED,COMPLETED,NOT STARTED,NOT STARTED,NOT STARTED,NOT STARTED,RECEIVED,NEED,NOT REQUIRED,NOT REQUIRED,NOT REQUIRED,NOT REQUIRED,13,14,1,0.17,0.3,0.3,RANCHO SANTA FE,
1749,NEW,CARLYN TEAL EDDS,RESIDENTIAL,,"Thu, Nov 05, 2026","Thu, Nov 05, 2026",NO,NA,NOT STARTED,NOT STARTED,NOT REQUIRED,NOT STARTED,NOT STARTED,NOT STARTED,NOT STARTED,RECEIVED,NEED,NOT REQUIRED,NOT REQUIRED,NOT REQUIRED,NOT REQUIRED,22,20,0,8,13.33,0," 1585 Coast Walk, La Jolla, CA 92037",
1761,NEW,JOSH YOUNG,RESIDENTIAL,,"Thu, Nov 05, 2026","Thu, Nov 05, 2026",NO,NA,NOT STARTED,NOT STARTED,NOT STARTED,NOT STARTED,NOT STARTED,NOT STARTED,NOT STARTED,RECEIVED,NEED,NOT REQUIRED,NOT REQUIRED,NOT REQUIRED,NOT REQUIRED,5,7,,,,,"507 Tomahawk Drive Palm Desert, CA 92211",
1744,READY FOR DELIVERY,BETH FEINDSILVER,RESIDENTIAL,,"Fri, Nov 06, 2026","Fri, Nov 06, 2026",NO,NA,COMPLETED,COMPLETED,COMPLETED,COMPLETED,COMPLETED,COMPLETED,COMPLETED,ON STOCK,RECEIVED,NOT REQUIRED,RECEIVED,RECEIVED,NOT REQUIRED,17,19,4,10,7,4,24642 N 123rd Pl  SCOTTSDALE AZ,
1774,NEW,DAN & KAREN TRIBELL,RESIDENTIAL,,"Tue, Nov 10, 2026","Tue, Nov 10, 2026",NO,NA,NOT STARTED,NOT STARTED,NOT STARTED,NOT STARTED,NOT STARTED,NOT STARTED,NOT STARTED,NEED,NEED,NOT REQUIRED,NOT REQUIRED,NOT REQUIRED,NOT REQUIRED,,,,,,,3310 SOUTH TOURMALINE DR. FLAGSTAFF AZ 86005,
1678,ORDER COMPLETED,LAURA ROBINSON,COVERS,SHIP,TBD,TBD,YES,YES,NOT REQUIRED,NOT REQUIRED,NOT REQUIRED,NOT REQUIRED,NOT REQUIRED,NOT REQUIRED,NOT REQUIRED,NOT REQUIRED,NOT REQUIRED,NEED,NOT REQUIRED,NOT REQUIRED,NOT REQUIRED,0,0,0,,,,"6043 N Camino Preciado, Tucson, AZ 85718, USA",
283,ORDER COMPLETED,"Arena, Anthony",,,,"Wed, Aug 03, 2022",,,COMPLETED,COMPLETED,COMPLETED,COMPLETED,,,,,,NOT REQUIRED,NOT REQUIRED,NOT REQUIRED,NOT REQUIRED,,4,,,,,…....,
273,ORDER COMPLETED,"DOCHTERMAN, KENDRA",,,,"Thu, Aug 04, 2022",,,COMPLETED,COMPLETED,COMPLETED,COMPLETED,,,,,,NOT REQUIRED,NOT REQUIRED,NOT REQUIRED,NOT REQUIRED,,35,,,,,…........,
295,ORDER COMPLETED,"Farroh, Steve",,,,"Thu, Aug 04, 2022",,,COMPLETED,NOT STARTED,NOT REQUIRED,NOT REQUIRED,,,,,,NOT REQUIRED,NOT REQUIRED,NOT REQUIRED,NOT REQUIRED,,2,,,,,…...,
284,ORDER COMPLETED,"Peggy, Garret",,,,"Tue, Aug 09, 2022",,,COMPLETED,COMPLETED,COMPLETED,COMPLETED,,,,,,NOT REQUIRED,NOT REQUIRED,NOT REQUIRED,NOT REQUIRED,,3,,,,,", , , ,",
276,ORDER COMPLETED,"BELL, SUSAN",,,,"Wed, Aug 10, 2022",,,COMPLETED,COMPLETED,COMPLETED,COMPLETED,,,,,,NOT REQUIRED,NOT REQUIRED,NOT REQUIRED,NOT REQUIRED,,17,,,,,"26475 N 107th Way. Scottsdale. 85255, , SCOTTSDALE, 85255, Arizona",
269,ORDER COMPLETED,"BICKELHAUPT, REESE",,,,"Thu, Aug 11, 2022",,,COMPLETED,COMPLETED,COMPLETED,COMPLETED,,,,,,NOT REQUIRED,NOT REQUIRED,NOT REQUIRED,NOT REQUIRED,,18,,,,,"12043 E CAVEDALE DR, , SCOTTSDALE, 85262, Arizona",
279,ORDER COMPLETED,"MAPSTEAD, JILL & JIM",,,,"Thu, Aug 11, 2022",,,COMPLETED,COMPLETED,COMPLETED,COMPLETED,,,,,,NOT REQUIRED,NOT REQUIRED,NOT REQUIRED,NOT REQUIRED,,5,,,,,"15614 N 18TH ST, , PHOENIX, , Arizona",
199,ORDER COMPLETED,"PALMER, TERESA",,,,"Fri, Aug 12, 2022",,,COMPLETED,COMPLETED,COMPLETED,COMPLETED,,,,,,NOT REQUIRED,NOT REQUIRED,NOT REQUIRED,NOT REQUIRED,,45,,,,,"8532 E WHISPER ROCK, , SCOTTSDALE, 85266, Arizona",
267,ORDER COMPLETED,"JONES, MARY LU",,,,"Mon, Aug 15, 2022",,,COMPLETED,COMPLETED,COMPLETED,COMPLETED,,,,,,NOT REQUIRED,NOT REQUIRED,NOT REQUIRED,NOT REQUIRED,,14,,,,,"10902 E MICHIGAN AVE, , SUN LAKES, 85248, Arizona",
262,ORDER COMPLETED,"SALZMAN, JENNIFER",,,,"Tue, Aug 16, 2022",,,COMPLETED,COMPLETED,COMPLETED,NOT REQUIRED,,,,,,NOT REQUIRED,NOT REQUIRED,NOT REQUIRED,NOT REQUIRED,,2,,,,,", , , ,",
274,ORDER COMPLETED,"GUELI, SUSAN",,,,"Wed, Aug 17, 2022",,,COMPLETED,COMPLETED,COMPLETED,COMPLETED,,,,,,NOT REQUIRED,NOT REQUIRED,NOT REQUIRED,NOT REQUIRED,,17,,,,,"24099 N 123RD WAY, , SCOTTSDALE, 85255, Arizona",
291,ORDER COMPLETED,"JOFFE, BETH & AARON",,,,"Thu, Aug 18, 2022",,,COMPLETED,COMPLETED,COMPLETED,COMPLETED,,,,,,NOT REQUIRED,NOT REQUIRED,NOT REQUIRED,NOT REQUIRED,,5,,,,,", , , ,",
311,ORDER COMPLETED,"Uzcategui, Nicolas",,,,"Thu, Aug 18, 2022",,,NOT REQUIRED,COMPLETED,NOT REQUIRED,COMPLETED,,,,,,NOT REQUIRED,NOT REQUIRED,NOT REQUIRED,NOT REQUIRED,,4,,,,,"10801 E Happy Valley Rd, Scottsdale, AZ 85255, USA, , SCOTTSDALE, 85255, Arizona",
282,ORDER COMPLETED,"Sullivan, Mike",,,,"Fri, Aug 19, 2022",,,COMPLETED,COMPLETED,COMPLETED,COMPLETED,,,,,,NOT REQUIRED,NOT REQUIRED,NOT REQUIRED,NOT REQUIRED,,10,,,,,"4742 N 212th Ave, , Buckeye, 85396, Arizona",
269-1,ORDER COMPLETED,"BICKELHAUPT, REESE",,,,"Fri, Aug 19, 2022",,,COMPLETED,COMPLETED,NOT REQUIRED,COMPLETED,,,,,,NOT REQUIRED,NOT REQUIRED,NOT REQUIRED,NOT REQUIRED,,5,,,,,"12043 E CAVEDALE DR, , SCOTTSDALE, 85262, Arizona",
199-1,ORDER COMPLETED,"PALMER, TERESA",,,,"Tue, Aug 23, 2022",,,COMPLETED,COMPLETED,COMPLETED,NOT REQUIRED,,,,,,NOT REQUIRED,NOT REQUIRED,NOT REQUIRED,NOT REQUIRED,,4,,,,,"8532 E WHISPER ROCK, , SCOTTSDALE, 85266, Arizona",
299,ORDER COMPLETED,"Lester, Kay",,,,"Thu, Aug 25, 2022",,,COMPLETED,COMPLETED,COMPLETED,COMPLETED,,,,,,NOT REQUIRED,NOT REQUIRED,NOT REQUIRED,NOT REQUIRED,,19,,,,,"Casita Altas 708 Villas del Mar, Fraccionamiento Palmilla KM 27.5, San Jose del Cabo, BCS 23405, MEXICO,",
259,ORDER COMPLETED,"BLOEBAUM, AMY",,,,"Fri, Aug 26, 2022",,,COMPLETED,COMPLETED,COMPLETED,COMPLETED,,,,,,NOT REQUIRED,NOT REQUIRED,NOT REQUIRED,NOT REQUIRED,,19,,,,,", , , , Arizona",
303,ORDER COMPLETED,"WALLACH, MICHELLE",,,,"Fri, Aug 26, 2022",,,COMPLETED,COMPLETED,COMPLETED,COMPLETED,,,,,,NOT REQUIRED,NOT REQUIRED,NOT REQUIRED,NOT REQUIRED,,7,,,,,"5437 E CORTEZ DR, , SCOTTSDALE, 85254, Arizona",
1-LJ_30,ORDER COMPLETED,"BOSCH, SHARON",,,,"Sat, Aug 27, 2022",,,COMPLETED,COMPLETED,COMPLETED,COMPLETED,,,,,,NOT REQUIRED,NOT REQUIRED,NOT REQUIRED,NOT REQUIRED,,3,,,,,", , , ,",
1-LJ_32,ORDER COMPLETED,"Stuart, Candace",,,,"Sat, Aug 27, 2022",,,COMPLETED,COMPLETED,POLISH START,FILL START,,,,,,NOT REQUIRED,NOT REQUIRED,NOT REQUIRED,NOT REQUIRED,,9,,,,,", , , ,",
289,ORDER COMPLETED,"WELLS, AMANDA & MATT",,,,"Mon, Aug 29, 2022",,,COMPLETED,COMPLETED,COMPLETED,COMPLETED,,,,,,NOT REQUIRED,NOT REQUIRED,NOT REQUIRED,NOT REQUIRED,,9,,,,,", , , ,",
297,ORDER COMPLETED,"Bochner, Cheryl",,,,"Thu, Sep 01, 2022",,,COMPLETED,COMPLETED,COMPLETED,COMPLETED,,,,,,NOT REQUIRED,NOT REQUIRED,NOT REQUIRED,NOT REQUIRED,,7,,,,,", , , ,",
1-LJ_29,ORDER COMPLETED,"DOLENTE, JENNIFER",,,,"Fri, Sep 02, 2022",,,COMPLETED,COMPLETED,COMPLETED,COMPLETED,,,,,,NOT REQUIRED,NOT REQUIRED,NOT REQUIRED,NOT REQUIRED,,6,,,,,", , , ,",
294,ORDER COMPLETED,"VOTTIERO, PHIL & SHERRIE",,,,"Sat, Sep 03, 2022",,,COMPLETED,COMPLETED,COMPLETED,COMPLETED,,,,,,NOT REQUIRED,NOT REQUIRED,NOT REQUIRED,NOT REQUIRED,,12,,,,,"8810 CATENA CT, , PARKER, 80134, Colorado",
298,ORDER COMPLETED,"ECHMEYER, KRISTINA & EVAN",,,,"Sat, Sep 03, 2022",,,COMPLETED,COMPLETED,COMPLETED,COMPLETED,,,,,,NOT REQUIRED,NOT REQUIRED,NOT REQUIRED,NOT REQUIRED,,30,,,,,"8321 Baseline Rd, , BouldeR, , Colorado",
1-LJ_35,ORDER COMPLETED,"ANDREW, ANDREW",,,,"Sat, Sep 03, 2022",,,COMPLETED,COMPLETED,COMPLETED,FILL START,,,,,,NOT REQUIRED,NOT REQUIRED,NOT REQUIRED,NOT REQUIRED,,27,,,,,CALIFORNIA,
1-LJ_36,ORDER COMPLETED,"Xiao, Susan",,,,"Sat, Sep 03, 2022",,,COMPLETED,COMPLETED,COMPLETED,COMPLETED,,,,,,NOT REQUIRED,NOT REQUIRED,NOT REQUIRED,NOT REQUIRED,,11,,,,,", , LA JOLLA, , California",
304,ORDER COMPLETED,"ROBERTS, CINDY",,,,"Tue, Sep 06, 2022",,,COMPLETED,COMPLETED,NOT REQUIRED,FILL START,,,,,,NOT REQUIRED,NOT REQUIRED,NOT REQUIRED,NOT REQUIRED,,3,,,,,", , , ,",
312,ORDER COMPLETED,"WILLIAMS, BRENT & JENNIFER",,,,"Tue, Sep 06, 2022",,,COMPLETED,COMPLETED,COMPLETED,COMPLETED,,,,,,NOT REQUIRED,NOT REQUIRED,NOT REQUIRED,NOT REQUIRED,,3,,,,,", , , ,",
288,ORDER COMPLETED,"SIVARA, LISSA",,,,"Wed, Sep 07, 2022",,,COMPLETED,COMPLETED,COMPLETED,COMPLETED,,,,,,NOT REQUIRED,NOT REQUIRED,NOT REQUIRED,NOT REQUIRED,,5,,,,,"7725 N 13TH PL, , PHOENIX, 85020, Arizona",
325,ORDER COMPLETED,"STANEK, LIZ",,,,"Wed, Sep 07, 2022",,,NOT REQUIRED,NOT REQUIRED,NOT REQUIRED,NOT REQUIRED,,,,,,NOT REQUIRED,NOT REQUIRED,NOT REQUIRED,NOT REQUIRED,,,,,,,"9907 E Retrograde Dr, , Mesa, 85212, Arizona",
307,ORDER COMPLETED,"SUSAN & RICHARD, GROSSMAN",,,,"Thu, Sep 08, 2022",,,COMPLETED,COMPLETED,COMPLETED,NOT REQUIRED,,,,,,NOT REQUIRED,NOT REQUIRED,NOT REQUIRED,NOT REQUIRED,,1,,,,,", , , ,",
314,ORDER COMPLETED,"SUSAN & RICHARD, GROSSMAN",,,,"Thu, Sep 08, 2022",,,COMPLETED,COMPLETED,NOT REQUIRED,COMPLETED,,,,,,NOT REQUIRED,NOT REQUIRED,NOT REQUIRED,NOT REQUIRED,,1,,,,,", , , , Arizona",
324,ORDER COMPLETED,"SWEDLANA, HOMA",,,,"Fri, Sep 09, 2022",,,COMPLETED,COMPLETED,NOT REQUIRED,COMPLETED,,,,,,NOT REQUIRED,NOT REQUIRED,NOT REQUIRED,NOT REQUIRED,,6,,,,,"7385 W SPUR DR, , PEORIA, , Arizona",
335,ORDER COMPLETED,"Harris, Jan",,,,"Fri, Sep 09, 2022",,,NOT REQUIRED,NOT REQUIRED,NOT REQUIRED,COMPLETED,,,,,,NOT REQUIRED,NOT REQUIRED,NOT REQUIRED,NOT REQUIRED,,,,,,,"9024 N Fireridge Trail, , Fountain Hills, 85268, Arizona",
293,ORDER COMPLETED,"PATEL, RANJAN",,,,"Sat, Sep 10, 2022",,,COMPLETED,COMPLETED,COMPLETED,FILL START,,,,,,NOT REQUIRED,NOT REQUIRED,NOT REQUIRED,NOT REQUIRED,,25,,,,,"6408 CALLE ROJA, , EL PASO, 79912, Texas",
306,ORDER COMPLETED,"CLARK, ELIZABETH",,,,"Tue, Sep 13, 2022",,,COMPLETED,COMPLETED,COMPLETED,COMPLETED,,,,,,NOT REQUIRED,NOT REQUIRED,NOT REQUIRED,NOT REQUIRED,,14,,,,,", , , , Arizona",
329,ORDER COMPLETED,"STRAUS, REBORTA & STUART",,,,"Wed, Sep 14, 2022",,,COMPLETED,COMPLETED,COMPLETED,COMPLETED,,,,,,NOT REQUIRED,NOT REQUIRED,NOT REQUIRED,NOT REQUIRED,,21,,,,,"8610 E AVERICK CT, , CAREFREE, , Arizona",
337,ORDER COMPLETED,"MILLER, JARED",,,,"Thu, Sep 15, 2022",,,NOT REQUIRED,NOT REQUIRED,NOT REQUIRED,COMPLETED,,,,,,NOT REQUIRED,NOT REQUIRED,NOT REQUIRED,NOT REQUIRED,,,,,,,"4538 E. Exeter Blvd., , Phoenix, 85018, Arizona",
319,ORDER COMPLETED,"FORD, PAMELA",,,,"Fri, Sep 16, 2022",,,COMPLETED,COMPLETED,COMPLETED,COMPLETED,,,,,,NOT REQUIRED,NOT REQUIRED,NOT REQUIRED,NOT REQUIRED,,18,,,,,"9495 W Prospector Dr, , QUEEN CREEK, , Arizona",
321,ORDER COMPLETED,"21 INTERIORS, HEATH",,,,"Tue, Sep 20, 2022",,,COMPLETED,COMPLETED,NOT REQUIRED,COMPLETED,,,,,,NOT REQUIRED,NOT REQUIRED,NOT REQUIRED,NOT REQUIRED,,4,,,,,"9378 E SKY LINE DR, , SCOTTSDALE, 85262, Arizona",
323,ORDER COMPLETED,"21 INTERIORS, KAUL",,,,"Tue, Sep 20, 2022",,,COMPLETED,COMPLETED,COMPLETED,COMPLETED,,,,,,NOT REQUIRED,NOT REQUIRED,NOT REQUIRED,NOT REQUIRED,,10,,,,,", , , , Arizona",
331,ORDER COMPLETED,"KEITH, GINA",,,,"Wed, Sep 21, 2022",,,NOT REQUIRED,NOT REQUIRED,NOT REQUIRED,COMPLETED,,,,,,NOT REQUIRED,NOT REQUIRED,NOT REQUIRED,NOT REQUIRED,,,,,,,", , , ,",
336,ORDER COMPLETED,"Peggy, Garret",,,,"Wed, Sep 21, 2022",,,NOT REQUIRED,NOT REQUIRED,COMPLETED,NOT REQUIRED,,,,,,NOT REQUIRED,NOT REQUIRED,NOT REQUIRED,NOT REQUIRED,,,,,,,"14602 N. High Dove Pl., , Marana, 85658, Arizona",
328,ORDER COMPLETED,"21 INTERIORS, PETERSON",,,,"Fri, Sep 23, 2022",,,COMPLETED,COMPLETED,NOT REQUIRED,COMPLETED,,,,,,NOT REQUIRED,NOT REQUIRED,NOT REQUIRED,NOT REQUIRED,,1,,,,,", , , ,",
1-LJ_34,ORDER COMPLETED,"RETTING, MICHAEL",,,,"Sat, Sep 24, 2022",,,COMPLETED,COMPLETED,NOT REQUIRED,COMPLETED,,,,,,NOT REQUIRED,NOT REQUIRED,NOT REQUIRED,NOT REQUIRED,,2,,,,,", , , , California",
300,ORDER COMPLETED,"COOPER, GREG",,,,"Mon, Sep 26, 2022",,,COMPLETED,COMPLETED,COMPLETED,COMPLETED,,,,,,NOT REQUIRED,NOT REQUIRED,NOT REQUIRED,NOT REQUIRED,,18,,,,,"24750 N 90TH WAY, , SCOTTSDALE, 85260, Arizona",
334,ORDER COMPLETED,"WEINSTEIN, GREG",,,,"Tue, Sep 27, 2022",,,COMPLETED,COMPLETED,COMPLETED,COMPLETED,,,,,,NOT REQUIRED,NOT REQUIRED,NOT REQUIRED,NOT REQUIRED,,7,,,,,"8738 W RANCHO DR, , GLENDALE, 85305, Arizona",
186,ORDER COMPLETED,"CAROLL, DAVID",,,,"Thu, Sep 29, 2022",,,COMPLETED,COMPLETED,COMPLETED,COMPLETED,,,,,,NOT REQUIRED,NOT REQUIRED,NOT REQUIRED,NOT REQUIRED,,24,,,,,"19702 W. MULBERRY DR, , BUCKEYE, 85396, Arizona",
340,ORDER COMPLETED,"ROSENBERG, CHARLES & RENIE",,,,"Thu, Sep 29, 2022",,,COMPLETED,COMPLETED,COMPLETED,COMPLETED,,,,,,NOT REQUIRED,NOT REQUIRED,NOT REQUIRED,NOT REQUIRED,,8,,,,,"5250 E DEER VALLY RD, , SCOTTSDALE, ,",
315,ORDER COMPLETED,"BLOMQUIST, MICHELLE",,,,"Fri, Sep 30, 2022",,,COMPLETED,COMPLETED,COMPLETED,COMPLETED,,,,,,NOT REQUIRED,NOT REQUIRED,NOT REQUIRED,NOT REQUIRED,,2,,,,,", , , , Arizona",
317,ORDER COMPLETED,"FISCHIETTO, DANA",,,,"Mon, Oct 03, 2022",,,COMPLETED,COMPLETED,COMPLETED,NOT REQUIRED,,,,,,NOT REQUIRED,NOT REQUIRED,NOT REQUIRED,NOT REQUIRED,,1,,,,,"6326 E QUARTZ MOUNTAIN RD, , PARADISE VALLEY, , Arizona",
327,ORDER COMPLETED,"AFRICA, COURTNEY",,,,"Mon, Oct 03, 2022",,,COMPLETED,COMPLETED,COMPLETED,COMPLETED,,,,,,NOT REQUIRED,NOT REQUIRED,NOT REQUIRED,NOT REQUIRED,,2,,,,,"5808 E TURQUOISE AVE, , PARADISE VALLEY, , Arizona",
330,ORDER COMPLETED,"VANDER STOEP, PETER",,,,"Wed, Oct 05, 2022",,,COMPLETED,COMPLETED,COMPLETED,COMPLETED,,,,,,NOT REQUIRED,NOT REQUIRED,NOT REQUIRED,NOT REQUIRED,,4,,,,,"1410 E WESTCHESTER DR, , TEMPE, , Arizona",
333,ORDER COMPLETED,"WELTON, DAN",,,,"Thu, Oct 06, 2022",,,COMPLETED,COMPLETED,COMPLETED,COMPLETED,,,,,,NOT REQUIRED,NOT REQUIRED,NOT REQUIRED,NOT REQUIRED,,13,,,,,"27579 N 65th St, , SCOTTSDALE, 85266, Arizona",
313,ORDER COMPLETED,"IORILLO, HEATHER",,,,"Fri, Oct 07, 2022",,,COMPLETED,COMPLETED,COMPLETED,COMPLETED,,,,,,NOT REQUIRED,NOT REQUIRED,NOT REQUIRED,NOT REQUIRED,,10,,,,,", , , , Arizona",
292,ORDER COMPLETED,"KILIAN, STEVE & DEBBIE",,,,"Sat, Oct 08, 2022",,,COMPLETED,COMPLETED,COMPLETED,COMPLETED,,,,,,NOT REQUIRED,NOT REQUIRED,NOT REQUIRED,NOT REQUIRED,,32,,,,,", , , ,",
349,ORDER COMPLETED,"BASCHE, ADAM",,,,"Tue, Oct 11, 2022",,,COMPLETED,COMPLETED,COMPLETED,COMPLETED,,,,,,NOT REQUIRED,NOT REQUIRED,NOT REQUIRED,NOT REQUIRED,,7,,,,,"4235 N 18th St, , Phoenix, 85014, Arizona",
301,ORDER COMPLETED,"EICHLER, WENDI & JOHN",,,,"Wed, Oct 12, 2022",,,COMPLETED,COMPLETED,COMPLETED,COMPLETED,,,,,,NOT REQUIRED,NOT REQUIRED,NOT REQUIRED,NOT REQUIRED,,11,,,,,"1136 NORTHRIDGER DR, , PRESCOTT, , Arizona",
318,ORDER COMPLETED,"KEETON, ALISSA",,,,"Wed, Oct 12, 2022",,,COMPLETED,COMPLETED,COMPLETED,COMPLETED,,,,,,NOT REQUIRED,NOT REQUIRED,NOT REQUIRED,NOT REQUIRED,,15,,,,,"6239 n paradise view dr, , PARADISE VALLEY, , Arizona",
305,ORDER COMPLETED,"CROUCH, TERESA",,,,"Thu, Oct 13, 2022",,,COMPLETED,COMPLETED,COMPLETED,COMPLETED,,,,,,NOT REQUIRED,NOT REQUIRED,NOT REQUIRED,NOT REQUIRED,,14,,,,,", , , , Arizona",
344,ORDER COMPLETED,"KC, AOUFE",,,,"Thu, Oct 13, 2022",,,COMPLETED,COMPLETED,COMPLETED,COMPLETED,,,,,,NOT REQUIRED,NOT REQUIRED,NOT REQUIRED,NOT REQUIRED,,6,,,,,"2788 E HUMMINGBIRD WAY, , GILBERT, 85297, Arizona",
184,ORDER COMPLETED,"LAMB, CINDY & JOHN",,,,"Mon, Oct 17, 2022",,,COMPLETED,COMPLETED,COMPLETED,COMPLETED,,,,,,NOT REQUIRED,NOT REQUIRED,NOT REQUIRED,NOT REQUIRED,,20,,,,,"7702 N Moonlight Ln, , PARADISE VALLEY, 85253, Arizona",
351,ORDER COMPLETED,"MARINO, JOEY & BECKY",,,,"Tue, Oct 18, 2022",,,COMPLETED,COMPLETED,COMPLETED,COMPLETED,,,,,,NOT REQUIRED,NOT REQUIRED,NOT REQUIRED,NOT REQUIRED,,14,,,,,"14855 E VALLEY VISTA DR, , FOUNTAIN HILLS, , Arizona",
248,ORDER COMPLETED,"TRADER, PAULA & BOB",,,,"Thu, Oct 20, 2022",,,COMPLETED,COMPLETED,COMPLETED,COMPLETED,,,,,,NOT REQUIRED,NOT REQUIRED,NOT REQUIRED,NOT REQUIRED,,32,,,,,"17370 W Montpelier, , Surprise, 85388, Arizona",
332,ORDER COMPLETED,"PALMER, CHERYL",,,,"Fri, Oct 21, 2022",,,COMPLETED,COMPLETED,COMPLETED,COMPLETED,,,,,,NOT REQUIRED,NOT REQUIRED,NOT REQUIRED,NOT REQUIRED,,4,,,,,"8899 E VIA DEL SOL DR, , SCOTTSDALE, 85255, Arizona",
347,ORDER COMPLETED,"HEMSTREET, GREG",,,,"Fri, Oct 21, 2022",,,COMPLETED,COMPLETED,COMPLETED,NOT REQUIRED,,,,,,NOT REQUIRED,NOT REQUIRED,NOT REQUIRED,NOT REQUIRED,,1,,,,,,
342,ORDER COMPLETED,"LARSEN, VICKIE",,,,"Mon, Oct 24, 2022",,,COMPLETED,NOT STARTED,NOT STARTED,CUT END,,,,,,NOT REQUIRED,NOT REQUIRED,NOT REQUIRED,NOT REQUIRED,,15,,,,,"30208 N 52ND PLACE, , CAVE CREEK, 85331, Arizona",
348,ORDER COMPLETED,"AZIZ, BILL",,,,"Mon, Oct 24, 2022",,,COMPLETED,COMPLETED,COMPLETED,COMPLETED,,,,,,NOT REQUIRED,NOT REQUIRED,NOT REQUIRED,NOT REQUIRED,,8,,,,,", , , ,",
350,ORDER COMPLETED,"REITER, COLLEEN & STEVE",,,,"Tue, Oct 25, 2022",,,COMPLETED,COMPLETED,COMPLETED,COMPLETED,,,,,,NOT REQUIRED,NOT REQUIRED,NOT REQUIRED,NOT REQUIRED,,19,,,,,"7929 E Santa Catalina Dr, , SCOTTSDALE, 85255, Arizona",
354,ORDER COMPLETED,"Gerber, Kyrin",,,,"Thu, Oct 27, 2022",,,COMPLETED,COMPLETED,COMPLETED,COMPLETED,,,,,,NOT REQUIRED,NOT REQUIRED,NOT REQUIRED,NOT REQUIRED,,5,,,,,"4103 n 64th pl, , Scottsdale, 85251, Arizona",
375,ORDER COMPLETED,"LANDRO, JENNIFER",,,,"Fri, Oct 28, 2022",,,COMPLETED,NOT REQUIRED,NOT REQUIRED,COMPLETED,,,,,,NOT REQUIRED,NOT REQUIRED,NOT REQUIRED,NOT REQUIRED,,,,,,,"7430 E MONTRO WAY, , SCOTTSDALE, , Arizona",
1-LJ_38,ORDER COMPLETED,"BROWDER, WENDY",,,,"Sat, Oct 29, 2022",,,COMPLETED,COMPLETED,COMPLETED,COMPLETED,,,,,,NOT REQUIRED,NOT REQUIRED,NOT REQUIRED,NOT REQUIRED,,17,,,,,", , , ,",
346,ORDER COMPLETED,"LYNN, CC PATIO",,,,"Mon, Oct 31, 2022",,,COMPLETED,COMPLETED,COMPLETED,COMPLETED,,,,,,NOT REQUIRED,NOT REQUIRED,NOT REQUIRED,NOT REQUIRED,,5,,,,,,
343,ORDER COMPLETED,"MAZE, JACKIE",,,,"Wed, Nov 02, 2022",,,COMPLETED,COMPLETED,COMPLETED,NOT REQUIRED,,,,,,NOT REQUIRED,NOT REQUIRED,NOT REQUIRED,NOT REQUIRED,,1,,,,,"17613 E BLAZE LANE, , RIO VERDE, 85263, Arizona",
322,ORDER COMPLETED,"MARGES, MARGES",,,,"Thu, Nov 03, 2022",,,COMPLETED,COMPLETED,COMPLETED,COMPLETED,,,,,,NOT REQUIRED,NOT REQUIRED,NOT REQUIRED,NOT REQUIRED,,22,,,,,"14 W SHIMMERING SAND PL, , ORO VALLEY, 85755, Arizona",
373,ORDER COMPLETED,"RUDNITZKI, SUZANNE",,,,"Thu, Nov 03, 2022",,,NOT STARTED,NOT STARTED,NOT REQUIRED,NOT REQUIRED,,,,,,NOT REQUIRED,NOT REQUIRED,NOT REQUIRED,NOT REQUIRED,,,,,,,"420 S Pinto Pl, , Tucson, 85748, Arizona",
285,ORDER COMPLETED,"Tesar, Jim",,,,"Fri, Nov 04, 2022",,,COMPLETED,COMPLETED,COMPLETED,COMPLETED,,,,,,NOT REQUIRED,NOT REQUIRED,NOT REQUIRED,NOT REQUIRED,5,3,,,,,"Optima 7140, , , ,",
363,ORDER COMPLETED,"CHAPMAN, MATTHEW",,,,"Fri, Nov 04, 2022",,,COMPLETED,COMPLETED,COMPLETED,COMPLETED,,,,,,NOT REQUIRED,NOT REQUIRED,NOT REQUIRED,NOT REQUIRED,13,16,,,,,"3616 N 48TH PL, , PJOENIX, , Arizona",
290,ORDER COMPLETED,"KROLL, BRIAN",,,,"Tue, Nov 08, 2022",,,COMPLETED,COMPLETED,COMPLETED,COMPLETED,,,,,,NOT REQUIRED,NOT REQUIRED,NOT REQUIRED,NOT REQUIRED,12,13,,,,,", , , ,",
377,ORDER COMPLETED,"COVACIE, MAGGIE",,,,"Thu, Nov 10, 2022",,,COMPLETED,COMPLETED,COMPLETED,COMPLETED,,,,,,NOT REQUIRED,NOT REQUIRED,NOT REQUIRED,NOT REQUIRED,37,50,,,,,"4939 E Mockingbird Ln, , PARADISE VALLEY, , Arizona",
310,ORDER COMPLETED,"SIMPSON, AMBER",,,,"Fri, Nov 11, 2022",,,COMPLETED,COMPLETED,COMPLETED,COMPLETED,,,,,,NOT REQUIRED,NOT REQUIRED,NOT REQUIRED,NOT REQUIRED,,11,,,,,", , , , Arizona",
364,ORDER COMPLETED,"SALTI, AMEENA",,,,"Fri, Nov 11, 2022",,,COMPLETED,COMPLETED,COMPLETED,NOT REQUIRED,,,,,,NOT REQUIRED,NOT REQUIRED,NOT REQUIRED,NOT REQUIRED,,2,,,,,"3959 East Navigator Lane, , PHOENIX, , Arizona",
369,ORDER COMPLETED,"KILLIAN, STEVE & DEBBIE",,,,"Fri, Nov 11, 2022",,,COMPLETED,COMPLETED,COMPLETED,NOT REQUIRED,,,,,,NOT REQUIRED,NOT REQUIRED,NOT REQUIRED,NOT REQUIRED,,1,,,,,,
1-LJ_37,ORDER COMPLETED,"YAKORNI, CHARLOTTE",,,,"Sat, Nov 12, 2022",,,COMPLETED,COMPLETED,COMPLETED,COMPLETED,,,,,,NOT REQUIRED,NOT REQUIRED,NOT REQUIRED,NOT REQUIRED,18,12,,,,,", , , ,",
1-LJ_39,ORDER COMPLETED,"COULTER, SCOTT",,,,"Sat, Nov 12, 2022",,,COMPLETED,COMPLETED,COMPLETED,COMPLETED,,,,,,NOT REQUIRED,NOT REQUIRED,NOT REQUIRED,NOT REQUIRED,5,13,,,,,", , , ,",
381,ORDER COMPLETED,"Berliner, Cynthia",,,,"Mon, Nov 14, 2022",,,NOT REQUIRED,NOT STARTED,NOT REQUIRED,COMPLETED,,,,,,NOT REQUIRED,NOT REQUIRED,NOT REQUIRED,NOT REQUIRED,,,,,,,"11735 E. Buckskin Trail, , Scottsdale, 85255, Arkansas",
362,ORDER COMPLETED,"KITTLESON, KELSEY",,,,"Wed, Nov 16, 2022",,,COMPLETED,COMPLETED,COMPLETED,COMPLETED,,,,,,NOT REQUIRED,NOT REQUIRED,NOT REQUIRED,NOT REQUIRED,,18,,,,,"7418 E CHOLLA LN, , SCOTTSDALE, 85250, Arizona",
326,ORDER COMPLETED,"GANGADHAR, NSLINI",,,,"Thu, Nov 17, 2022",,,COMPLETED,COMPLETED,COMPLETED,COMPLETED,,,,,,NOT REQUIRED,NOT REQUIRED,NOT REQUIRED,NOT REQUIRED,,12,,,,,"5353 E SANNA ST, , PARADISE VALLEY, , Arizona",
371,ORDER COMPLETED,"SMITH, KEELY (DAISY TOBIAS)",,,,"Fri, Nov 18, 2022",,,COMPLETED,COMPLETED,NOT REQUIRED,COMPLETED,,,,,,NOT REQUIRED,NOT REQUIRED,NOT REQUIRED,NOT REQUIRED,29,16,,,,,"6483 E El Maro Cir,, , PARADISE VALLEY, , Arizona",
366,ORDER COMPLETED,"LEWIS, JUNE & LES",,,,"Tue, Nov 22, 2022",,,NOT REQUIRED,COMPLETED,COMPLETED,NOT REQUIRED,,,,,,NOT REQUIRED,NOT REQUIRED,NOT REQUIRED,NOT REQUIRED,,1,,,,,"37200 N Cave Creek Rd, Unit 1054, Scottsdale, AZ, 85262, Arizona",
389,ORDER COMPLETED,"CRACIUN, CAMELA",,,,"Tue, Nov 22, 2022",,,COMPLETED,COMPLETED,COMPLETED,COMPLETED,,,,,,NOT REQUIRED,NOT REQUIRED,NOT REQUIRED,NOT REQUIRED,30,21,,,,,"6547 W Gold Mountain Pass, gate: #1978, Phoenix, , Arizona",
360,ORDER COMPLETED,"Bertenshaw, Kathi",,,,"Wed, Nov 23, 2022",,,NOT REQUIRED,NOT REQUIRED,NOT REQUIRED,COMPLETED,,,,,,NOT REQUIRED,NOT REQUIRED,NOT REQUIRED,NOT REQUIRED,,,,,,,"8029 N 74th Pl, , Scottsdale, 85258, Arizona",
368,ORDER COMPLETED,"UZCATEGUI, NICOLAS",,,,"Wed, Nov 30, 2022",,,COMPLETED,COMPLETED,COMPLETED,COMPLETED,,,,,,NOT REQUIRED,NOT REQUIRED,NOT REQUIRED,NOT REQUIRED,7,5,,,,,"10801 E Happy Valley Rd, #4, SCOTTSDALE, , Arizona",
372,ORDER COMPLETED,"Ableson, Annallee",,,,"Wed, Nov 30, 2022",,,NOT REQUIRED,NOT REQUIRED,COMPLETED,NOT REQUIRED,,,,,,NOT REQUIRED,NOT REQUIRED,NOT REQUIRED,NOT REQUIRED,,,,,,,"165 N Ski Court, , Gilbert, 85233, Arizona",
341,ORDER COMPLETED,"LOCHHEAD, SCOTT",,,,"Fri, Dec 02, 2022",,,COMPLETED,COMPLETED,COMPLETED,COMPLETED,,,,,,NOT REQUIRED,NOT REQUIRED,NOT REQUIRED,NOT REQUIRED,,12,,,,,"37200 N Cave Creek Road, Unit 1050, CAVE CREEK, , Arizona",
386,ORDER COMPLETED,"BERTON, JACK & JOANNE",,,,"Fri, Dec 02, 2022",,,COMPLETED,COMPLETED,COMPLETED,COMPLETED,,,,,,NOT REQUIRED,NOT REQUIRED,NOT REQUIRED,NOT REQUIRED,8,5,,,,,"18805 E BLUE SKY DR, , Rio Verde, , Arizona",
379,ORDER COMPLETED,"MCGELLA, SUSAN",,,,"Wed, Dec 07, 2022",,,COMPLETED,COMPLETED,POLISH START,NOT REQUIRED,,,,,,NOT REQUIRED,NOT REQUIRED,NOT REQUIRED,NOT REQUIRED,,1,,,,,", , SCOTTSDALE, , Arizona",
394,ORDER COMPLETED,"COVACIE, MAGGIE",,,,"Wed, Dec 07, 2022",,,COMPLETED,COMPLETED,NOT REQUIRED,COMPLETED,,,,,,NOT REQUIRED,NOT REQUIRED,NOT REQUIRED,NOT REQUIRED,2,1,,,,,"4939 E Mockingbird Ln, , PARADISE VALLEY, , Arizona",
302,ORDER COMPLETED,"MCGELLA, SUSAN",,,,"Thu, Dec 08, 2022",,,COMPLETED,COMPLETED,COMPLETED,COMPLETED,,,,,,NOT REQUIRED,NOT REQUIRED,NOT REQUIRED,NOT REQUIRED,31,33,,,,,", , SCOTTSDALE, , Arizona",
393,ORDER COMPLETED,"LINOS, ELIZABETH",,,,"Thu, Dec 08, 2022",,,COMPLETED,COMPLETED,COMPLETED,COMPLETED,,,,,,NOT REQUIRED,NOT REQUIRED,NOT REQUIRED,NOT REQUIRED,4,3,,,,,"12358 La Junta Rd, , Scottsdale, 85255, Arizona",
384,ORDER COMPLETED,"MT, SHADOWA",,,,"Fri, Dec 09, 2022",,,COMPLETED,COMPLETED,COMPLETED,COMPLETED,,,,,,NOT REQUIRED,NOT REQUIRED,NOT REQUIRED,NOT REQUIRED,2,1,,,,,,
385,ORDER COMPLETED,"BELL, SUSAN & GORDON",,,,"Fri, Dec 09, 2022",,,COMPLETED,COMPLETED,COMPLETED,COMPLETED,,,,,,NOT REQUIRED,NOT REQUIRED,NOT REQUIRED,NOT REQUIRED,12,10,,,,,"26475 N 107th Way, , SCOTTSDALE, 85255, Arizona",
392,ORDER COMPLETED,"NORDEN, SUE",,,,"Fri, Dec 09, 2022",,,COMPLETED,COMPLETED,NOT REQUIRED,COMPLETED,,,,,,NOT REQUIRED,NOT REQUIRED,NOT REQUIRED,NOT REQUIRED,6,4,,,,,"26685 N 82nd Dr, , PEORIA, , Arizona",
398,ORDER COMPLETED,"STEARNS, SCOTT",,,,"Fri, Dec 09, 2022",,,COMPLETED,COMPLETED,COMPLETED,NOT REQUIRED,,,,,,NOT REQUIRED,NOT REQUIRED,NOT REQUIRED,NOT REQUIRED,0,1,,,,,", , , ,",
359,ORDER COMPLETED,"DeSouza, FRANCIS",,,,"Mon, Dec 12, 2022",,,COMPLETED,COMPLETED,COMPLETED,COMPLETED,,,,,,NOT REQUIRED,NOT REQUIRED,NOT REQUIRED,NOT REQUIRED,13,20,,,,,"13487 Stone View Trail, , FOUNTAIN HILLS, , Arizona",
378,ORDER COMPLETED,"DeSouza, FRANCIS",,,,"Mon, Dec 12, 2022",,,COMPLETED,COMPLETED,COMPLETED,COMPLETED,,,,,,NOT REQUIRED,NOT REQUIRED,NOT REQUIRED,NOT REQUIRED,16,9,,,,,"13487 Stone View Trail, , FOUNTAIN HILLS, , Arizona",
390,ORDER COMPLETED,"CLATANOFF, ERIN",,,,"Wed, Dec 14, 2022",,,COMPLETED,COMPLETED,NOT REQUIRED,COMPLETED,,,,,,NOT REQUIRED,NOT REQUIRED,NOT REQUIRED,NOT REQUIRED,4,2,,,,,"5648 E Cambridge Ave, , SCOTTSDALE, 85257, Arizona",
391,ORDER COMPLETED,"DILLER, NICOLE",,,,"Thu, Dec 15, 2022",,,COMPLETED,COMPLETED,COMPLETED,COMPLETED,,,,,,NOT REQUIRED,NOT REQUIRED,NOT REQUIRED,NOT REQUIRED,19,19,,,,,"3851 N jokake Dr, , SCOTTSDALE, 85251, Arizona",
406,ORDER COMPLETED,"TAMBAKERAS, PAMELA & MARKOS",,,,"Fri, Dec 16, 2022",,,COMPLETED,COMPLETED,COMPLETED,COMPLETED,,,,,,NOT REQUIRED,NOT REQUIRED,NOT REQUIRED,NOT REQUIRED,35,27,,,,,"5700 E McDonald Dr, , PARADISE VALLEY, , Arizona",
380,ORDER COMPLETED,"PRICHARD, PEGGY & JOEL",,,,"Mon, Dec 19, 2022",,,COMPLETED,COMPLETED,COMPLETED,COMPLETED,,,,,,NOT REQUIRED,NOT REQUIRED,NOT REQUIRED,NOT REQUIRED,8,6,,,,,"20432 N 94th Way, , Scottsdale, AZ, 85255, Arizona",
358,ORDER COMPLETED,"SCHNEIDER, STACY",,,,"Tue, Dec 20, 2022",,,COMPLETED,COMPLETED,COMPLETED,COMPLETED,,,,,,NOT REQUIRED,NOT REQUIRED,NOT REQUIRED,NOT REQUIRED,4,3,3,,,,"8920 S Hardy Dr, , TEMPE, , Arizona",
404,ORDER COMPLETED,"COYLE, BETH",,,,"Wed, Dec 21, 2022",,,COMPLETED,COMPLETED,NOT REQUIRED,COMPLETED,,,,,,NOT REQUIRED,NOT REQUIRED,NOT REQUIRED,NOT REQUIRED,2,2,,,,,"9944 E S Bend Dr, , Scottsdale, AZ, 85255, Arizona",
387,ORDER COMPLETED,"HINGISS, MARK & CHERYL",,,,"Thu, Dec 22, 2022",,,COMPLETED,COMPLETED,COMPLETED,COMPLETED,,,,,,NOT REQUIRED,NOT REQUIRED,NOT REQUIRED,NOT REQUIRED,27,21,,,,,"3109 E Sierra Madre Way, , Phoenix, , Arizona",
405,ORDER COMPLETED,"POWELL, LISA & MARK",,,,"Fri, Dec 23, 2022",,,COMPLETED,COMPLETED,COMPLETED,COMPLETED,,,,,,NOT REQUIRED,NOT REQUIRED,NOT REQUIRED,NOT REQUIRED,10,8,,,,,"200 W Portland St, , PHOENIX, , Arizona",
388,ORDER COMPLETED,"CALHOUN, JOHN",,,,"Tue, Dec 27, 2022",,,COMPLETED,COMPLETED,COMPLETED,COMPLETED,,,,,,NOT REQUIRED,NOT REQUIRED,NOT REQUIRED,NOT REQUIRED,5,4,,,,,"8243 E Angel Spirit Dr, , SCOTTSDALE, 85255, Arizona",
395,ORDER COMPLETED,"Cohen, Beth",,,,"Fri, Dec 30, 2022",,,NOT REQUIRED,NOT REQUIRED,NOT REQUIRED,COMPLETED,,,,,,NOT REQUIRED,NOT REQUIRED,NOT REQUIRED,NOT REQUIRED,,7,,,,,,
413,ORDER COMPLETED,"MAPSTEAD, JIM & JILL",,,,"Fri, Dec 30, 2022",,,COMPLETED,COMPLETED,NOT REQUIRED,COMPLETED,,,,,,NOT REQUIRED,NOT REQUIRED,NOT REQUIRED,NOT REQUIRED,4,2,,,,,"15614 N 18TH ST, , Phoenix, , Arizona",
418,ORDER COMPLETED,"SILBER, BETSY & GARY",,,,"Fri, Dec 30, 2022",,,NOT REQUIRED,NOT REQUIRED,NOT REQUIRED,COMPLETED,,,,,,NOT REQUIRED,NOT REQUIRED,NOT REQUIRED,NOT REQUIRED,1,,,,,,"5231 E SHAW BUTTE DR, , SCOTTSDALE, , Arizona",
403,ORDER COMPLETED,"ORTEGA, NANNETTE",,,,"Tue, Jan 03, 2023",,,COMPLETED,COMPLETED,COMPLETED,COMPLETED,,,,,,NOT REQUIRED,NOT REQUIRED,NOT REQUIRED,NOT REQUIRED,4,3,,,,,"2204 E NORTHVIEW AVE, , PHOENIX, 85020, Arizona",
397,ORDER COMPLETED,"MENDONCA, CLYDE & SUMMET",,,,"Thu, Jan 05, 2023",,,COMPLETED,COMPLETED,COMPLETED,COMPLETED,,,,,,NOT REQUIRED,NOT REQUIRED,NOT REQUIRED,NOT REQUIRED,22,17,5,,,,"526 W Rio Grande Dr, , CHANDLER, 85248, Arizona",
401,ORDER COMPLETED,"LENBERG, JAIME",,,,"Fri, Jan 06, 2023",,,COMPLETED,COMPLETED,COMPLETED,COMPLETED,,,,,,NOT REQUIRED,NOT REQUIRED,NOT REQUIRED,NOT REQUIRED,16,14,4,,,,"801 E Acoma Dr, , Phoenix, 85022, Arizona",
402,ORDER COMPLETED,"WIKLER, RANDI & LUIS",,,,"Fri, Jan 06, 2023",,,COMPLETED,COMPLETED,COMPLETED,COMPLETED,,,,,,NOT REQUIRED,NOT REQUIRED,NOT REQUIRED,NOT REQUIRED,21,17,,,,,"5340 N 26th St, , Phoenix, 85016, Arizona",
409,ORDER COMPLETED,"HARTFORD, CHRIS",,,,"Mon, Jan 09, 2023",,,COMPLETED,COMPLETED,COMPLETED,COMPLETED,,,,,,NOT REQUIRED,NOT REQUIRED,NOT REQUIRED,NOT REQUIRED,6,5,,,,,"7728 E Tardes Dr, , Scottsdale, AZ, 85255, Arizona",
419,ORDER COMPLETED,"COYLE, BETH",,,,"Mon, Jan 09, 2023",,,COMPLETED,COMPLETED,COMPLETED,NOT REQUIRED,,,,,,NOT REQUIRED,NOT REQUIRED,NOT REQUIRED,NOT REQUIRED,,2,2,,,,"9944 E S Bend Dr, , Scottsdale, AZ, 85255, Arizona",
420,ORDER COMPLETED,"CAROLL, DAVID",,,,"Mon, Jan 09, 2023",,,NOT REQUIRED,NOT REQUIRED,NOT REQUIRED,COMPLETED,,,,,,NOT REQUIRED,NOT REQUIRED,NOT REQUIRED,NOT REQUIRED,3,0,0,,,,", , , ,",
400,ORDER COMPLETED,"COOK, DARYL",,,,"Tue, Jan 10, 2023",,,COMPLETED,COMPLETED,COMPLETED,COMPLETED,,,,,,NOT REQUIRED,NOT REQUIRED,NOT REQUIRED,NOT REQUIRED,20,19,,,,,"16439 S 2ST AVE, , Phoenix, 85045, Arizona",
425,ORDER COMPLETED,"Kant, Ellen",,,,"Tue, Jan 10, 2023",,,COMPLETED,COMPLETED,NOT REQUIRED,NOT REQUIRED,,,,,,NOT REQUIRED,NOT REQUIRED,NOT REQUIRED,NOT REQUIRED,,1,,,,,"4520 N. Dromedary Road, , Phoenix, 85018, Arizona",
412,ORDER COMPLETED,"FILLER, LEVI & KRYSTAL",,,,"Wed, Jan 11, 2023",,,COMPLETED,COMPLETED,NOT REQUIRED,COMPLETED,,,,,,NOT REQUIRED,NOT REQUIRED,NOT REQUIRED,NOT REQUIRED,6,3,,,,,"3981 E HUMMINGBIRD LN, , PHOENIX, 85050, Arizona",
417,ORDER COMPLETED,"WALLACH, MICHELLE",,,,"Wed, Jan 11, 2023",,,COMPLETED,COMPLETED,NOT REQUIRED,NOT REQUIRED,,,,,,NOT REQUIRED,NOT REQUIRED,NOT REQUIRED,NOT REQUIRED,,,,,,,"5437 E CORTEZ DR, , SCOTTSDALE, 85254, Arizona",
424,ORDER COMPLETED,"REITER, COLLEEN & STEVE",,,,"Wed, Jan 11, 2023",,,COMPLETED,COMPLETED,COMPLETED,COMPLETED,,,,,,NOT REQUIRED,NOT REQUIRED,NOT REQUIRED,NOT REQUIRED,6,4,1,,,,"7929 E Santa Catalina Dr, , SCOTTSDALE, 85255, Arizona",
399,ORDER COMPLETED,"NEEDHAM, JESSIE",,,,"Thu, Jan 12, 2023",,,COMPLETED,COMPLETED,COMPLETED,COMPLETED,,,,,,NOT REQUIRED,NOT REQUIRED,NOT REQUIRED,NOT REQUIRED,47,36,,,,,"15639 S 7th St, , Phoenix, 85048, Arizona",
408,ORDER COMPLETED,"MCCURLEY, BILL & VICTORIA",,,,"Thu, Jan 12, 2023",,,COMPLETED,COMPLETED,COMPLETED,COMPLETED,,,,,,NOT REQUIRED,NOT REQUIRED,NOT REQUIRED,NOT REQUIRED,8,9,,,,,"3770 E Bell Rd, , PHOENIX, 85032, Arizona",
411,ORDER COMPLETED,"COLLINS, CAROLYN",,,,"Fri, Jan 13, 2023",,,COMPLETED,COMPLETED,COMPLETED,COMPLETED,,,,,,NOT REQUIRED,NOT REQUIRED,NOT REQUIRED,NOT REQUIRED,12,9,1,,,,"1532 W Blaylock Dr, , Phoenix, 85085, Arizona",
416,ORDER COMPLETED,"Showroom, Scottsdale",,,,"Fri, Jan 13, 2023",,,COMPLETED,COMPLETED,COMPLETED,NOT REQUIRED,,,,,,NOT REQUIRED,NOT REQUIRED,NOT REQUIRED,NOT REQUIRED,0,1,1,,,,", , , ,",
415,ORDER COMPLETED,"Showroom, Scottsdale",,,,"Mon, Jan 16, 2023",,,COMPLETED,COMPLETED,NOT REQUIRED,COMPLETED,,,,,,NOT REQUIRED,NOT REQUIRED,NOT REQUIRED,NOT REQUIRED,2,1,0,,,,", , , ,",
410,ORDER COMPLETED,"BELL, SUSAN & GORDON",,,,"Thu, Jan 19, 2023",,,NOT REQUIRED,NOT REQUIRED,COMPLETED,NOT REQUIRED,,,,,,NOT REQUIRED,NOT REQUIRED,NOT REQUIRED,NOT REQUIRED,0,0,,,,,"26475 N 107th Way, , SCOTTSDALE, 85255, Arizona",
1-LJ_40,ORDER COMPLETED,"Globe Haru Inc., Globe Haru Inc.",,,,"Sat, Jan 21, 2023",,,COMPLETED,COMPLETED,COMPLETED,COMPLETED,,,,,,NOT REQUIRED,NOT REQUIRED,NOT REQUIRED,NOT REQUIRED,12,7,1,,,,", , , ,",
1-LJ_42,ORDER COMPLETED,STEPHANIE CHICK,,,,"Sat, Jan 21, 2023",,,COMPLETED,COMPLETED,COMPLETED,COMPLETED,,,,,,NOT REQUIRED,NOT REQUIRED,NOT REQUIRED,NOT REQUIRED,6,4,,,,,,
1-LJ_43,ORDER COMPLETED,KARI POWELL,,,,"Sat, Jan 21, 2023",,,COMPLETED,COMPLETED,NOT REQUIRED,COMPLETED,,,,,,NOT REQUIRED,NOT REQUIRED,NOT REQUIRED,NOT REQUIRED,3,1,0,,,,", , , ,",
427,ORDER COMPLETED,"ORTEGA, NANNETTE",,,,"Wed, Jan 25, 2023",,,COMPLETED,COMPLETED,NOT REQUIRED,COMPLETED,,,,,,NOT REQUIRED,NOT REQUIRED,NOT REQUIRED,NOT REQUIRED,2,2,,,,,"2204 E NORTHVIEW AVE, , PHOENIX, 85020, Arizona",
423,ORDER COMPLETED,"COLEMAN, JODY",,,,"Thu, Jan 26, 2023",,,COMPLETED,COMPLETED,COMPLETED,COMPLETED,,,,,,NOT REQUIRED,NOT REQUIRED,NOT REQUIRED,NOT REQUIRED,32,22,7,,,,"6529 E Hearn Rd, Scottsdale, , Scottsdale, AZ, 85254, Arizona",
422,ORDER COMPLETED,"LINOS, ELIZABETH",,,,"Thu, Feb 02, 2023",,,COMPLETED,COMPLETED,COMPLETED,COMPLETED,,,,,,NOT REQUIRED,NOT REQUIRED,NOT REQUIRED,NOT REQUIRED,2,1,1,,,,"12358 La Junta Rd, , Scottsdale, 85255, Arizona",
432,ORDER COMPLETED,"UNDERDAHL, JEERY",,,,"Fri, Feb 03, 2023",,,COMPLETED,COMPLETED,COMPLETED,NOT REQUIRED,,,,,,NOT REQUIRED,NOT REQUIRED,NOT REQUIRED,NOT REQUIRED,0,1,1,,,,"5513 N 2nd place, , Phoenix, 85012, Arizona",
428,ORDER COMPLETED,"LEWIS, JUNE & LES",,,,"Mon, Feb 06, 2023",,,COMPLETED,COMPLETED,NOT REQUIRED,COMPLETED,,,,,,NOT REQUIRED,NOT REQUIRED,NOT REQUIRED,NOT REQUIRED,4,2,0,,,,"37200 N Cave Creek Rd, Unit 1054, Scottsdale, AZ, 85262, Arizona",
421,ORDER COMPLETED,"LYNCH, ADAM",,,,"Tue, Feb 07, 2023",,,COMPLETED,COMPLETED,COMPLETED,COMPLETED,,,,,,NOT REQUIRED,NOT REQUIRED,NOT REQUIRED,NOT REQUIRED,2,2,1,,,,"8415 E SURREY TRAIL, , TUCSON, , Arizona",
320,ORDER COMPLETED,"MT Builders LLC, .",,,,"Fri, Feb 10, 2023",,,COMPLETED,COMPLETED,NOT REQUIRED,COMPLETED,,,,,,NOT REQUIRED,NOT REQUIRED,NOT REQUIRED,NOT REQUIRED,,4,,,,,", , , ,",
435,ORDER COMPLETED,"NIKKLE, CHAD",,,,"Wed, Feb 15, 2023",,,COMPLETED,COMPLETED,COMPLETED,COMPLETED,,,,,,NOT REQUIRED,NOT REQUIRED,NOT REQUIRED,NOT REQUIRED,25,17,5,,,," ROCKY POINT, , , ,",
429,ORDER COMPLETED,"ZIMMERMAN, ASHLEY",,,,"Fri, Feb 17, 2023",,,COMPLETED,COMPLETED,COMPLETED,COMPLETED,,,,,,NOT REQUIRED,NOT REQUIRED,NOT REQUIRED,NOT REQUIRED,21,16,5,,,,"5202 N Cliffside Dr, , PHOENIX, , Arizona",
436,ORDER COMPLETED,"PRESCOTT, CHUK & CHAI",,,,"Fri, Feb 17, 2023",,,COMPLETED,COMPLETED,COMPLETED,COMPLETED,,,,,,NOT REQUIRED,NOT REQUIRED,NOT REQUIRED,NOT REQUIRED,12,8,2,,,,"2737 E ARIZONA BILTMORE CR, , Phoenix, 85016, Arizona",
442,ORDER COMPLETED,"FILLER, LEVI & KRYSTAL",,,,"Tue, Feb 21, 2023",,,COMPLETED,COMPLETED,COMPLETED,NOT REQUIRED,,,,,,NOT REQUIRED,NOT REQUIRED,NOT REQUIRED,NOT REQUIRED,0,1,1,,,,"3981 E HUMMINGBIRD LN, , PHOENIX, 85050, Arizona",
440,ORDER COMPLETED,"LOCHHEAD, SCOTT",,,,"Thu, Feb 23, 2023",,,COMPLETED,COMPLETED,COMPLETED,COMPLETED,,,,,,NOT REQUIRED,NOT REQUIRED,NOT REQUIRED,NOT REQUIRED,14,11,3,,,,"37200 N Cave Creek Road, Unit 1050, CAVE CREEK, , Arizona",
353,ORDER COMPLETED,"Petznick, Olen",,,,"Fri, Feb 24, 2023",,,NOT REQUIRED,NOT REQUIRED,NOT REQUIRED,COMPLETED,,,,,,NOT REQUIRED,NOT REQUIRED,NOT REQUIRED,NOT REQUIRED,,0,,,,,,
443,ORDER COMPLETED,"MT SHADOWS, MT SHADOWS",,,,"Fri, Feb 24, 2023",,,COMPLETED,COMPLETED,COMPLETED,COMPLETED,,,,,,NOT REQUIRED,NOT REQUIRED,NOT REQUIRED,NOT REQUIRED,4,2,4,,,,,
447,ORDER COMPLETED,"THOMAS, DAVE",,,,"Tue, Feb 28, 2023",,,COMPLETED,COMPLETED,COMPLETED,COMPLETED,,,,,,NOT REQUIRED,NOT REQUIRED,NOT REQUIRED,NOT REQUIRED,24,21,10,,,,"6750 E Davis Rd, , CAVE CREEK, , Arizona",
396,ORDER COMPLETED,"Singh, Randhir",,,,"Thu, Mar 02, 2023",,,NOT REQUIRED,NOT REQUIRED,NOT REQUIRED,COMPLETED,,,,,,NOT REQUIRED,NOT REQUIRED,NOT REQUIRED,NOT REQUIRED,,,,,,,,
451,ORDER COMPLETED,"COYLE, BETH",,,,"Thu, Mar 02, 2023",,,NOT REQUIRED,COMPLETED,NOT REQUIRED,NOT REQUIRED,,,,,,NOT REQUIRED,NOT REQUIRED,NOT REQUIRED,NOT REQUIRED,0,2,0,,,,"9944 E S Bend Dr, , Scottsdale, AZ, 85255, Arizona",
434,ORDER COMPLETED,"RUSSELL, TORA & RICHARD",,,,"Fri, Mar 03, 2023",,,COMPLETED,COMPLETED,COMPLETED,NOT REQUIRED,,,,,,NOT REQUIRED,NOT REQUIRED,NOT REQUIRED,NOT REQUIRED,0,1,1,,,,"5579 E EDWARD LN, , PARADISE VALLEY, , Arizona",
448,ORDER COMPLETED,"DHIR, ANIR & NATHALIE",,,,"Wed, Mar 08, 2023",,,COMPLETED,COMPLETED,COMPLETED,COMPLETED,,,,,,NOT REQUIRED,NOT REQUIRED,NOT REQUIRED,NOT REQUIRED,31,19,4,,,,"14604 N SUNSET GALLERY DR, , MARANA, , Arizona",
445,ORDER COMPLETED,"PALEJWALA, NEAL",,,,"Thu, Mar 09, 2023",,,COMPLETED,COMPLETED,COMPLETED,COMPLETED,,,,,,NOT REQUIRED,NOT REQUIRED,NOT REQUIRED,NOT REQUIRED,4,5,3,,,,"10569 N 106TH PL, , SCOTTSDALE, 85258, Arizona",
430,ORDER COMPLETED,"Bergen, Larry",,,,"Fri, Mar 10, 2023",,,COMPLETED,COMPLETED,COMPLETED,COMPLETED,,,,,,NOT REQUIRED,NOT REQUIRED,NOT REQUIRED,NOT REQUIRED,27,20,6,,,,"12997 E Buckskin Trail, , Scottsdale, 85255, Arizona",
361,ORDER COMPLETED,"CICIORA, SUSAN",,,,"Mon, Mar 13, 2023",,,COMPLETED,COMPLETED,COMPLETED,COMPLETED,,,,,,NOT REQUIRED,NOT REQUIRED,NOT REQUIRED,NOT REQUIRED,24,17,,,,,"5452 E MORRISON LN, , PARADISE VALLEY, , Arizona",
449,ORDER COMPLETED,"JACOBS, RENNE",,,,"Tue, Mar 14, 2023",,,COMPLETED,COMPLETED,COMPLETED,COMPLETED,,,,,,NOT REQUIRED,NOT REQUIRED,NOT REQUIRED,NOT REQUIRED,24,17,4,,,,"11818 E Parkview Ln, , SCOTTSDALE, 85255, Arizona",
444,ORDER COMPLETED,"HENNESSEY, BARBARA",,,,"Tue, Mar 21, 2023",,,COMPLETED,COMPLETED,COMPLETED,COMPLETED,,,,,,NOT REQUIRED,NOT REQUIRED,NOT REQUIRED,NOT REQUIRED,12,12,4,,,,"11166 E Greenway Rd, , SCOTTSDALE, 85255, Arizona",
441,ORDER COMPLETED,"OPTIMA, 7190",,,,"Thu, Mar 23, 2023",,,COMPLETED,COMPLETED,COMPLETED,COMPLETED,,,,,,NOT REQUIRED,NOT REQUIRED,NOT REQUIRED,NOT REQUIRED,263,168,35,,,,"SCOTTSDATE, AZ",
356,ORDER COMPLETED,"LOVE, SUSAN & CRAWFORD",,,,"Fri, Mar 24, 2023",,,COMPLETED,COMPLETED,COMPLETED,COMPLETED,,,,,,NOT REQUIRED,NOT REQUIRED,NOT REQUIRED,NOT REQUIRED,34,22,7,,,,"24660 N 109th St, , SCOTTSDALE, 85255, Arizona",
426,ORDER COMPLETED,"BRAWNER, JIM & JEN",,,,"Fri, Mar 24, 2023",,,COMPLETED,COMPLETED,COMPLETED,COMPLETED,,,,,,NOT REQUIRED,NOT REQUIRED,NOT REQUIRED,NOT REQUIRED,69,55,13,,,,"2866 E Robin Ct, , GILBERT, , Arizona",
468,ORDER COMPLETED,"DHIR, ANIR & NATHALIE",,,,"Mon, Mar 27, 2023",,,COMPLETED,COMPLETED,NOT REQUIRED,COMPLETED,,,,,,NOT REQUIRED,NOT REQUIRED,NOT REQUIRED,NOT REQUIRED,4,5,0,,,,"14604 N SUNSET GALLERY DR, , MARANA, , Arizona",
462,ORDER COMPLETED,TONY REID,,,,"Fri, Mar 31, 2023",,,COMPLETED,COMPLETED,COMPLETED,COMPLETED,,,,,,NOT REQUIRED,NOT REQUIRED,NOT REQUIRED,NOT REQUIRED,25,17,3,,,,"8404 E Valley Vista Cir, Mesa, Az.",
1-LJ_44,ORDER COMPLETED,"CANDACE, CANDACE",,,,"Sat, Apr 01, 2023",,,COMPLETED,COMPLETED,COMPLETED,COMPLETED,,,,,,NOT REQUIRED,NOT REQUIRED,NOT REQUIRED,NOT REQUIRED,20,11,1,,,,,
1-LJ_45,ORDER COMPLETED,DENISE ZOLDAN,,,,"Sat, Apr 01, 2023",,,COMPLETED,COMPLETED,COMPLETED,COMPLETED,,,,,,NOT REQUIRED,NOT REQUIRED,NOT REQUIRED,NOT REQUIRED,49,33,8,,,,,
1-LJ_46,ORDER COMPLETED,"MEARS, SUE",,,,"Sat, Apr 01, 2023",,,COMPLETED,COMPLETED,COMPLETED,COMPLETED,,,,,,NOT REQUIRED,NOT REQUIRED,NOT REQUIRED,NOT REQUIRED,7,4,1,,,,,
433,ORDER COMPLETED,"Rykowski, RON",,,,"Mon, Apr 03, 2023",,,COMPLETED,COMPLETED,COMPLETED,COMPLETED,,,,,,NOT REQUIRED,NOT REQUIRED,NOT REQUIRED,NOT REQUIRED,34,28,10,,,,"9763 E Bajada Rd, , , 85262, Arizona",
473,ORDER COMPLETED,"JUAREZ, SHELBY",,,,"Mon, Apr 03, 2023",,,COMPLETED,COMPLETED,NOT REQUIRED,COMPLETED,,,,,,NOT REQUIRED,NOT REQUIRED,NOT REQUIRED,NOT REQUIRED,3,3,0,,,,"4516 E CLEARWATER PKWY, , PARADISE VALLEY, , Arizona",
464,ORDER COMPLETED,"BELIKOFF, WENDY",,,,"Wed, Apr 05, 2023",,,COMPLETED,COMPLETED,COMPLETED,COMPLETED,,,,,,NOT REQUIRED,NOT REQUIRED,NOT REQUIRED,NOT REQUIRED,17,12,2,,,,"2668 E Kingbird Ct, , GILBERT, 85297, Arizona",
280,ORDER COMPLETED,"forsberg, clay",,,,"Thu, Apr 06, 2023",,,COMPLETED,COMPLETED,NOT REQUIRED,COMPLETED,,,,,,NOT REQUIRED,NOT REQUIRED,NOT REQUIRED,NOT REQUIRED,2,1,,,,,", , , ,",
471,ORDER COMPLETED,"Scottsdale, Showroom",,,,"Thu, Apr 06, 2023",,,COMPLETED,COMPLETED,COMPLETED,COMPLETED,,,,,,NOT REQUIRED,NOT REQUIRED,NOT REQUIRED,NOT REQUIRED,12,4,1,,,,"15037 n Scottsdale Rd., , Scottsdale, 85254, Arizona",
466,ORDER COMPLETED,"CARLIN, MICHAEL",,,,"Fri, Apr 07, 2023",,,COMPLETED,COMPLETED,COMPLETED,COMPLETED,,,,,,NOT REQUIRED,NOT REQUIRED,NOT REQUIRED,NOT REQUIRED,33,18,4,,,,"14021 N 83RD PL, , SCOTTSDALE, , Arizona",
470,ORDER COMPLETED,"ALLEN, BOB",,,,"Tue, Apr 11, 2023",,,COMPLETED,COMPLETED,COMPLETED,COMPLETED,,,,,,NOT REQUIRED,NOT REQUIRED,NOT REQUIRED,NOT REQUIRED,6,3,1,,,,"4236 E Hashknife Rd, , Phoenix, 85050, Arizona",
487,ORDER COMPLETED,"ZIMMERMAN, ASHLEY",,,,"Thu, Apr 13, 2023",,,COMPLETED,COMPLETED,COMPLETED,COMPLETED,,,,,,NOT REQUIRED,NOT REQUIRED,NOT REQUIRED,NOT REQUIRED,2,4,1,,,,"5202 N Cliffside Dr, , PHOENIX, , Arizona",
460,ORDER COMPLETED,DIANE NEIL,,,,"Fri, Apr 14, 2023",,,COMPLETED,COMPLETED,COMPLETED,COMPLETED,,,,,,NOT REQUIRED,NOT REQUIRED,NOT REQUIRED,NOT REQUIRED,38,,8,,,,"11923 E Cavedale Dr, Scottsdale, Az",
452,ORDER COMPLETED,"ANWARI, RICKU",,,,"Mon, Apr 17, 2023",,,COMPLETED,COMPLETED,COMPLETED,COMPLETED,,,,,,NOT REQUIRED,NOT REQUIRED,NOT REQUIRED,NOT REQUIRED,26,15,2,,,,,
456,ORDER COMPLETED,"COOK, TERRY",,,,"Tue, Apr 18, 2023",,,COMPLETED,COMPLETED,COMPLETED,COMPLETED,,,,,,NOT REQUIRED,NOT REQUIRED,NOT REQUIRED,NOT REQUIRED,23,19,5,,,,"10040 E Happy Valley Rd, lot 479, scottsdale, 85255, Arizona",
367,ORDER COMPLETED,"KELLY, JANE",,,,"Wed, Apr 19, 2023",,,COMPLETED,COMPLETED,COMPLETED,COMPLETED,,,,,,NOT REQUIRED,NOT REQUIRED,NOT REQUIRED,NOT REQUIRED,26,20,6,,,,"1788 PALISADE DR, , FOUR SEASONS, 65049, Missouri",
454,ORDER COMPLETED,"MUNSON, LINDSAY",,,,"Wed, Apr 19, 2023",,,COMPLETED,COMPLETED,COMPLETED,COMPLETED,,,,,,NOT REQUIRED,NOT REQUIRED,NOT REQUIRED,NOT REQUIRED,11,11,5,,,,"10353 south highland circle, , Olathe, , Kansas",
494,ORDER COMPLETED,"NEIL, DIANE",,,,"Wed, Apr 19, 2023",,,NOT REQUIRED,NOT REQUIRED,NOT REQUIRED,COMPLETED,,,,,,NOT REQUIRED,NOT REQUIRED,NOT REQUIRED,NOT REQUIRED,2,0,0,,,,"11923 E Cavedale Dr, , SCOTTSDALE, 85262, Arizona",
485,ORDER COMPLETED,"Lava, Adam",,,,"Thu, Apr 20, 2023",,,COMPLETED,COMPLETED,COMPLETED,COMPLETED,,,,,,NOT REQUIRED,NOT REQUIRED,NOT REQUIRED,NOT REQUIRED,27,22,9,,,,"25108 N 107th way, , Scottsdale, 85255, Arizona",
474,ORDER COMPLETED,"Schneider, Paul",,,,"Fri, Apr 21, 2023",,,NOT REQUIRED,COMPLETED,NOT REQUIRED,COMPLETED,,,,,,NOT REQUIRED,NOT REQUIRED,NOT REQUIRED,NOT REQUIRED,,0,,,,,,
458,ORDER COMPLETED,"DEDEK, JOANNE",,,,"Tue, Apr 25, 2023",,,COMPLETED,COMPLETED,COMPLETED,COMPLETED,,,,,,NOT REQUIRED,NOT REQUIRED,NOT REQUIRED,NOT REQUIRED,20,15,5,,,,"3750 E Sagebrush St, , GILBERT, , Arizona",
463,ORDER COMPLETED,"KITTLESON, KELSEY",,,,"Wed, Apr 26, 2023",,,COMPLETED,COMPLETED,COMPLETED,COMPLETED,,,,,,NOT REQUIRED,NOT REQUIRED,NOT REQUIRED,NOT REQUIRED,26,17,4,,,,"7418 E CHOLLA LN, , SCOTTSDALE, 85250, Arizona",
472,ORDER COMPLETED,"OSTREM, NIKKI",,,,"Wed, Apr 26, 2023",,,COMPLETED,COMPLETED,COMPLETED,COMPLETED,,,,,,NOT REQUIRED,NOT REQUIRED,NOT REQUIRED,NOT REQUIRED,18,13,3,,,,"6331 e phoenician blvd, #5, scottsdale, 85251, Arizona",
489,ORDER COMPLETED,"Poelman, Natalie",,,,"Thu, Apr 27, 2023",,,COMPLETED,COMPLETED,COMPLETED,COMPLETED,,,,,,NOT REQUIRED,NOT REQUIRED,NOT REQUIRED,NOT REQUIRED,17,11,4,,,,"185 South 163rd Street, , Gilbert, 85296, Arizona",
467,ORDER COMPLETED,Showroom March,,,,"Fri, Apr 28, 2023",,,COMPLETED,COMPLETED,COMPLETED,COMPLETED,,,,,,NOT REQUIRED,NOT REQUIRED,NOT REQUIRED,NOT REQUIRED,18,11,4,,,,"15037 n Scottsdale Rd., , Scottsdale, 85254, Arizona",
488,ORDER COMPLETED,"Schwietz, Mark",,,,"Fri, Apr 28, 2023",,,COMPLETED,COMPLETED,COMPLETED,COMPLETED,,,,,,NOT REQUIRED,NOT REQUIRED,NOT REQUIRED,NOT REQUIRED,23,19,7,,,,"6680 S Rockford Dr, , Tempe, 85283, Arizona",
505,ORDER COMPLETED,OPTIMA PARADISE VALLEY,,,,"Wed, May 03, 2023",,,COMPLETED,COMPLETED,COMPLETED,SEW END,,,,,,NOT REQUIRED,NOT REQUIRED,NOT REQUIRED,NOT REQUIRED,5,5,1,,,,,
497,ORDER COMPLETED,"Rykowski, RON",,,,"Thu, May 04, 2023",,,NOT REQUIRED,NOT REQUIRED,COMPLETED,NOT REQUIRED,,,,,,NOT REQUIRED,NOT REQUIRED,NOT REQUIRED,NOT REQUIRED,0,0,1,,,,"9763 E Bajada Rd, , , 85262, Arizona",
503,ORDER COMPLETED,"Saunders, Barry",,,,"Fri, May 05, 2023",,,COMPLETED,COMPLETED,COMPLETED,COMPLETED,,,,,,NOT REQUIRED,NOT REQUIRED,NOT REQUIRED,NOT REQUIRED,12,14,6,,,,"24787 North 90th Way, , Scottsdale, 85255, Arizona",
504,ORDER COMPLETED,"SCHIABOR, SCOTT",,,,"Sat, May 06, 2023",,,COMPLETED,COMPLETED,NOT REQUIRED,NOT REQUIRED,,,,,,NOT REQUIRED,NOT REQUIRED,NOT REQUIRED,NOT REQUIRED,,1,,,,,"1125 Alameda Blvd, , Coronado, , California",
1-LJ_48,ORDER COMPLETED,"HALVERST, TOM",,,,"Sat, May 06, 2023",,,COMPLETED,POWDER START,NOT REQUIRED,COMPLETED,,,,,,NOT REQUIRED,NOT REQUIRED,NOT REQUIRED,NOT REQUIRED,3,1,0,,,,,
1-LJ_49,ORDER COMPLETED,"NAJIM, NAJIM",,,,"Sat, May 06, 2023",,,COMPLETED,COMPLETED,COMPLETED,COMPLETED,,,,,,NOT REQUIRED,NOT REQUIRED,NOT REQUIRED,NOT REQUIRED,20,13,4,,,,,
1-LJ_50,ORDER COMPLETED,"Zoldan, Denise",,,,"Sat, May 06, 2023",,,COMPLETED,COMPLETED,COMPLETED,COMPLETED,,,,,,NOT REQUIRED,NOT REQUIRED,NOT REQUIRED,NOT REQUIRED,8,10,7,,,,,
491,ORDER COMPLETED,"Apache, Rise on",,,,"Mon, May 08, 2023",,,NOT REQUIRED,NOT REQUIRED,NOT REQUIRED,COMPLETED,,,,,,NOT REQUIRED,NOT REQUIRED,NOT REQUIRED,NOT REQUIRED,52,0,0,,,,"1000 E Apache Blvd, , Tempe, 85281, Arizona",
475,ORDER COMPLETED,"STRAUS, REBORTA & STUART",,,,"Tue, May 09, 2023",,,COMPLETED,COMPLETED,COMPLETED,COMPLETED,,,,,,NOT REQUIRED,NOT REQUIRED,NOT REQUIRED,NOT REQUIRED,13,10,5,,,,"8610 E AVERICK CT, , CAREFREE, , Arizona",
506,ORDER COMPLETED,"CLATANOFF, ERIN",,,,"Tue, May 09, 2023",,,COMPLETED,COMPLETED,NOT REQUIRED,COMPLETED,,,,,,NOT REQUIRED,NOT REQUIRED,NOT REQUIRED,NOT REQUIRED,3,3,0,,,,"5648 E Cambridge Ave, , SCOTTSDALE, 85257, Arizona",
509,ORDER COMPLETED,"ROSENBERG, CHARLES & RENIE",,,,"Tue, May 09, 2023",,,NOT REQUIRED,NOT REQUIRED,COMPLETED,NOT REQUIRED,,,,,,NOT REQUIRED,NOT REQUIRED,NOT REQUIRED,NOT REQUIRED,0,0,1,,,,"5250 E DEER VALLY RD, , SCOTTSDALE, ,",
483,ORDER COMPLETED,"SALLAY, PETER",,,,"Wed, May 10, 2023",,,COMPLETED,COMPLETED,COMPLETED,COMPLETED,,,,,,NOT REQUIRED,NOT REQUIRED,NOT REQUIRED,NOT REQUIRED,20,15,4,,,,", , Indianapolis metro, 46032, Indiana",
308,ORDER COMPLETED,"ONE CAMELBACK, ONE CAMELBACK",,,,"Thu, May 11, 2023",,,COMPLETED,COMPLETED,COMPLETED,COMPLETED,,,,,,NOT REQUIRED,NOT REQUIRED,NOT REQUIRED,NOT REQUIRED,64,45,13,,,,", , , ,",
495,ORDER COMPLETED,"Herding, Keri",,,,"Fri, May 12, 2023",,,NOT REQUIRED,NOT REQUIRED,NOT REQUIRED,COMPLETED,,,,,,NOT REQUIRED,NOT REQUIRED,NOT REQUIRED,NOT REQUIRED,,0,,,,,"4648 East Lafayette Boulevard, , Phoenix, 85018, Arizona",
455,ORDER COMPLETED,"SWITZER, CARI",,,,"Sat, May 13, 2023",,,COMPLETED,COMPLETED,CUT START,COMPLETED,,,,,,NOT REQUIRED,NOT REQUIRED,NOT REQUIRED,NOT REQUIRED,27,22,6,,,,"33 St Finnbar Farm Rd, , Carbondale, 81623, Colorado",
482,ORDER COMPLETED,"ROSENTHAL, DAVID",,,,"Mon, May 15, 2023",,,COMPLETED,COMPLETED,COMPLETED,COMPLETED,,,,,,NOT REQUIRED,NOT REQUIRED,NOT REQUIRED,NOT REQUIRED,21,19,8,,,,"7237 E Sunnyside Dr, , SCOTTSDALE, , Arizona",
414,ORDER COMPLETED,"VIGFUSSON, TREVOR & CHARMAIN",,,,"Tue, May 16, 2023",,,COMPLETED,COMPLETED,COMPLETED,COMPLETED,,,,,,NOT REQUIRED,NOT REQUIRED,NOT REQUIRED,NOT REQUIRED,52,37,10,,,,"19687 E MELISSA PL, , QUEEN CREEK, , Arizona",
476,ORDER COMPLETED,"NEIL, MIKE",,,,"Wed, May 17, 2023",,,COMPLETED,COMPLETED,NOT STARTED,COMPLETED,,,,,,NOT REQUIRED,NOT REQUIRED,NOT REQUIRED,NOT REQUIRED,30,16,3,,,,"1245 E. Crescent Way, , GILBERT, , Arizona",
438,ORDER COMPLETED,"MOCHRANE, TOM",,,,"Fri, May 19, 2023",,,COMPLETED,COMPLETED,COMPLETED,NOT REQUIRED,,,,,,NOT REQUIRED,NOT REQUIRED,NOT REQUIRED,NOT REQUIRED,0,1,1,,,,"19863 n 94th way, , scottsdale, 85255, Arizona",
479,ORDER COMPLETED,"BOYER, TRISH & PATRICK",,,,"Fri, May 19, 2023",,,COMPLETED,COMPLETED,COMPLETED,COMPLETED,,,,,,NOT REQUIRED,NOT REQUIRED,NOT REQUIRED,NOT REQUIRED,18,11,3,,,,"16129 N 111th Way, , SCOTTSDALE, 85255, Arizona",
507,ORDER COMPLETED,"Bryza, Jennifer",,,,"Mon, May 22, 2023",,,COMPLETED,COMPLETED,COMPLETED,COMPLETED,,,,,,NOT REQUIRED,NOT REQUIRED,NOT REQUIRED,NOT REQUIRED,13,10,4,,,,"6005 East Thunder Hawk Road, , 6005 East Thunder Hawk Road Cave Creek, 85331, Arizona",
508,ORDER COMPLETED,"Richman, Bill",,,,"Mon, May 22, 2023",,,COMPLETED,COMPLETED,COMPLETED,COMPLETED,,,,,,NOT REQUIRED,NOT REQUIRED,NOT REQUIRED,NOT REQUIRED,14,9,1,,,,", , , ,",
499,ORDER COMPLETED,"TOBEY, CHRIS",,,,"Wed, May 24, 2023",,,NOT REQUIRED,NOT REQUIRED,NOT REQUIRED,COMPLETED,,,,,,NOT REQUIRED,NOT REQUIRED,NOT REQUIRED,NOT REQUIRED,12,0,0,,,,"5508 S 106TH PLACE, , MESA, , Arizona",
511,ORDER COMPLETED,"ELLIS, SHEILA & GEORGE",,,,"Wed, May 24, 2023",,,COMPLETED,COMPLETED,COMPLETED,COMPLETED,,,,,,NOT REQUIRED,NOT REQUIRED,NOT REQUIRED,NOT REQUIRED,12,8,2,,,,"1780 W INDSONG DR, , BRENTWOOD, 37027, Tennessee",
517,ORDER COMPLETED,"Apache, Rise on",,,,"Wed, May 24, 2023",,,NOT REQUIRED,NOT REQUIRED,NOT REQUIRED,COMPLETED,,,,,,NOT REQUIRED,NOT REQUIRED,NOT REQUIRED,NOT REQUIRED,35,0,0,,,,"1000 E Apache Blvd, , Tempe, 85281, Arizona",
524,ORDER COMPLETED,"Lava, Adam",,,,"Thu, May 25, 2023",,,COMPLETED,COMPLETED,COMPLETED,COMPLETED,,,,,,NOT REQUIRED,NOT REQUIRED,NOT REQUIRED,NOT REQUIRED,6,1,3,,,,"25108 N 107th way, , Scottsdale, 85255, Arizona",
530,ORDER COMPLETED,"RIZZI, DAVID",,,,"Thu, May 25, 2023",,,COMPLETED,COMPLETED,NOT STARTED,SEW END,,,,,,NOT REQUIRED,NOT REQUIRED,NOT REQUIRED,NOT REQUIRED,42,30,6,,,,", , , ,",
478,ORDER COMPLETED,"NEWELL, DEREK & ANNE",,,,"Fri, May 26, 2023",,,COMPLETED,COMPLETED,COMPLETED,COMPLETED,,,,,,NOT REQUIRED,NOT REQUIRED,NOT REQUIRED,NOT REQUIRED,27,20,6,,,,"14151 E WHITE WING CT, , FOUNTAIN HILLS, , Arizona",
527,ORDER COMPLETED,"VIGFUSSON, TREVOR & CHARMAIN",,,,"Tue, May 30, 2023",,,NOT REQUIRED,NOT REQUIRED,NOT REQUIRED,COMPLETED,,,,,,NOT REQUIRED,NOT REQUIRED,NOT REQUIRED,NOT REQUIRED,,,,,,,"19687 E MELISSA PL, , QUEEN CREEK, , Arizona",
309,ORDER COMPLETED,"WILVER, PETE & MICHELLE",,,,"Wed, May 31, 2023",,,COMPLETED,COMPLETED,COMPLETED,COMPLETED,,,,,,NOT REQUIRED,NOT REQUIRED,NOT REQUIRED,NOT REQUIRED,32,29,11,,,,", , , , Arizona",
521,ORDER COMPLETED,"ANWARI, RICKU",,,,"Thu, Jun 01, 2023",,,NOT REQUIRED,NOT REQUIRED,NOT REQUIRED,COMPLETED,,,,,,NOT REQUIRED,NOT REQUIRED,NOT REQUIRED,NOT REQUIRED,,,,,,,", , , ,",
514,ORDER COMPLETED,"ROBBERSON, JEFF& MARGIE",,,,"Fri, Jun 02, 2023",,,COMPLETED,COMPLETED,COMPLETED,COMPLETED,,,,,,NOT REQUIRED,NOT REQUIRED,NOT REQUIRED,NOT REQUIRED,18,15,4,,,,"40230 N 107th Pl, , SCOTTSDALE, 85262, Arizona",
1-LJ_51,ORDER COMPLETED,"Showroom, La Jolla",,,,"Tue, Jun 06, 2023",,,COMPLETED,COMPLETED,COMPLETED,COMPLETED,,,,,,NOT REQUIRED,NOT REQUIRED,NOT REQUIRED,NOT REQUIRED,51,36,10,,,,,
1-LJ_52,ORDER COMPLETED,"SHAPURI, SIMIN",,,,"Tue, Jun 06, 2023",,,COMPLETED,COMPLETED,NOT REQUIRED,COMPLETED,,,,,,NOT REQUIRED,NOT REQUIRED,NOT REQUIRED,NOT REQUIRED,9,5,0,,,,,
459,ORDER COMPLETED,"YAGGI, MARY",,,,"Thu, Jun 08, 2023",,,COMPLETED,COMPLETED,COMPLETED,COMPLETED,,,,,,NOT REQUIRED,NOT REQUIRED,NOT REQUIRED,NOT REQUIRED,19,15,4,,,,", , , , North Dakota",
512,ORDER COMPLETED,"COLE, AMY & ANDREW",,,,"Thu, Jun 08, 2023",,,COMPLETED,COMPLETED,COMPLETED,COMPLETED,,,,,,NOT REQUIRED,NOT REQUIRED,NOT REQUIRED,NOT REQUIRED,18,12,4,,,,", , , , Illinois",
541,ORDER COMPLETED,"Jachimek, Heather",,,,"Fri, Jun 09, 2023",,,NOT REQUIRED,NOT REQUIRED,NOT REQUIRED,COMPLETED,,,,,,NOT REQUIRED,NOT REQUIRED,NOT REQUIRED,NOT REQUIRED,3,,0,,,,", , , ,",
545,ORDER COMPLETED,"WILVER, PETE & MICHELLE",,,,"Mon, Jun 12, 2023",,,COMPLETED,COMPLETED,COMPLETED,NOT REQUIRED,,,,,,NOT REQUIRED,NOT REQUIRED,NOT REQUIRED,NOT REQUIRED,0,1,2,,,,"10013 E Reflecting Mountain Way, , Scottsdale, 85262, Arizona",
516,ORDER COMPLETED,"DEDEK, JOANNE",,,,"Tue, Jun 13, 2023",,,COMPLETED,COMPLETED,NOT REQUIRED,COMPLETED,,,,,,NOT REQUIRED,NOT REQUIRED,NOT REQUIRED,NOT REQUIRED,2,1,0,,,,"3750 E Sagebrush St, , GILBERT, , Arizona",
1-LJ_41,ORDER COMPLETED,"KRAMER, KRAMER",,,,"Tue, Jun 13, 2023",,,COMPLETED,COMPLETED,COMPLETED,COMPLETED,,,,,,NOT REQUIRED,NOT REQUIRED,NOT REQUIRED,NOT REQUIRED,32,26,9,,,,PHILADELLPHIA,
500,ORDER COMPLETED,"Roth, Robbin",,,,"Wed, Jun 14, 2023",,,COMPLETED,COMPLETED,COMPLETED,COMPLETED,,,,,,NOT REQUIRED,NOT REQUIRED,NOT REQUIRED,NOT REQUIRED,10,7,1,,,,"1960 Hidden Ridge Lane, , Highland Park, 60035, Illinois",
535,ORDER COMPLETED,"Kunz, Austin",,,,"Wed, Jun 14, 2023",,,COMPLETED,COMPLETED,COMPLETED,COMPLETED,,,,,,NOT REQUIRED,NOT REQUIRED,NOT REQUIRED,NOT REQUIRED,9,5,2,,,,"6442 E Lowden Rd, , Cave Creek, 85331, Arizona",
1-LJ_53,ORDER COMPLETED,"SILBERT, VICTORIA & STAN",,,,"Wed, Jun 14, 2023",,,COMPLETED,COMPLETED,COMPLETED,COMPLETED,,,,,,NOT REQUIRED,NOT REQUIRED,NOT REQUIRED,NOT REQUIRED,24,5,2,,,,"1 BAR DR #5101, , LAHAINA,MAUI, 96761, Hawaii",
532,ORDER COMPLETED,"Schwietz, Mark",,,,"Thu, Jun 15, 2023",,,COMPLETED,NOT STARTED,NOT REQUIRED,NOT REQUIRED,,,,,,NOT REQUIRED,NOT REQUIRED,NOT REQUIRED,NOT REQUIRED,0,2,0,,,,"6680 S Rockford Dr, , Tempe, 85283, Arizona",
542,ORDER COMPLETED,"Keskey, Nancy",,,,"Thu, Jun 15, 2023",,,COMPLETED,POWDER START,COMPLETED,COMPLETED,,,,,,NOT REQUIRED,NOT REQUIRED,NOT REQUIRED,NOT REQUIRED,27,23,9,,,,"5660 North 68th Place, , Paradise Valley, 85253, Arizona",
296,ORDER COMPLETED,"FRIESEN, DON",,,,"Fri, Jun 16, 2023",,,CUT START,NOT STARTED,COMPLETED,COMPLETED,,,,,,NOT REQUIRED,NOT REQUIRED,NOT REQUIRED,NOT REQUIRED,39,27,8,,,,", , KELOWNA BC, , CANADA",
510,ORDER COMPLETED,"Sadler, Kim",,,,"Fri, Jun 16, 2023",,,WELD START,POWDER START,COMPLETED,COMPLETED,,,,,,NOT REQUIRED,NOT REQUIRED,NOT REQUIRED,NOT REQUIRED,25,19,5,,,,"13275 East Sand Hills Road, , Scottsdale, 85255, Arizona",
525,ORDER COMPLETED,"Davis, Reid",,,,"Fri, Jun 16, 2023",,,NOT STARTED,NOT STARTED,COMPLETED,SEW END,,,,,,NOT REQUIRED,NOT REQUIRED,NOT REQUIRED,NOT REQUIRED,20,12,3,,,,"2860 Majestic Mountain Road, , Clark Fork, 83811, Idaho",
529,ORDER COMPLETED,"LYNCH, ADAM",,,,"Mon, Jun 19, 2023",,,CUT START,NOT STARTED,POLISH START,CUT START,,,,,,NOT REQUIRED,NOT REQUIRED,NOT REQUIRED,NOT REQUIRED,15,13,3,,,,"8415 E SURREY TRAIL, , TUCSON, , Arizona",
513,ORDER COMPLETED,"BERGMAN, JENNIFER",,,,"Tue, Jun 27, 2023",,,COMPLETED,COMPLETED,COMPLETED,CUT START,,,,,,NOT REQUIRED,NOT REQUIRED,NOT REQUIRED,NOT REQUIRED,24,18,5,,,,"3386 S Stuart Ave, , GILBERT, , Arizona",
526,ORDER COMPLETED,"SARTORI, ANITA& LARRY",,,,"Wed, Jun 28, 2023",,,NOT STARTED,NOT STARTED,NOT STARTED,NOT STARTED,,,,,,NOT REQUIRED,NOT REQUIRED,NOT REQUIRED,NOT REQUIRED,3,2,1,,,,"8892 Hampshire Crescent, , Vernon British Columbia, V1H2K9,",
574,ORDER COMPLETED,"Scottsdale, Showroom",,,,"Thu, Jul 06, 2023",,,COMPLETED,COMPLETED,COMPLETED,COMPLETED,,,,,,NOT REQUIRED,NOT REQUIRED,NOT REQUIRED,NOT REQUIRED,,,,,,,"15037 n Scottsdale Rd., , Scottsdale, 85254, Arizona",
571,ORDER COMPLETED,"LOVE, SUSAN & CRAWFORD",,,,"Wed, Jul 12, 2023",,,COMPLETED,COMPLETED,,COMPLETED,,,,,,NOT REQUIRED,NOT REQUIRED,NOT REQUIRED,NOT REQUIRED,,,,,,,"24660 N 109th St, , SCOTTSDALE, 85255, Arizona",
565,ORDER COMPLETED,"Mcgary, Tracy",,,,"Thu, Jul 13, 2023",,,NOT REQUIRED,NOT REQUIRED,COMPLETED,NOT REQUIRED,,,,,,NOT REQUIRED,NOT REQUIRED,NOT REQUIRED,NOT REQUIRED,,,,,,,"18050 E Garden Valley Court, , Rio Verde, 85263, Arizona",
585,ORDER COMPLETED,"Keskey, Nancy",,,,"Mon, Jul 17, 2023",,,COMPLETED,IN PROGRESS,IN PROGRESS,COMPLETED,,,,,,NOT REQUIRED,NOT REQUIRED,NOT REQUIRED,NOT REQUIRED,,,,,,,"5660 North 68th Place, , Paradise Valley, 85253, Arizona",
501,ORDER COMPLETED,"ERIC & CORRIE, WICHTERMAN",,,,"Thu, Jul 20, 2023",,,COMPLETED,COMPLETED,NOT STARTED,NOT STARTED,,,,,,NOT REQUIRED,NOT REQUIRED,NOT REQUIRED,NOT REQUIRED,7,6,3,,,,"6863 N 46TH PL, , PARADISE VALLEY, 85253, Arizona",
583,ORDER COMPLETED,"ARMSTRONG, RON",,,,"Fri, Jul 21, 2023",,,COMPLETED,COMPLETED,NOT REQUIRED,COMPLETED,,,,,,NOT REQUIRED,NOT REQUIRED,NOT REQUIRED,NOT REQUIRED,,,,,,,"14219 E DALE LN, , SCOTTSDALE, 85262, Arizona",
587,ORDER COMPLETED,"Mcgary, Tracy",,,,"Mon, Jul 31, 2023",,,NOT STARTED,NOT STARTED,COMPLETED,NOT STARTED,,,,,,NOT REQUIRED,NOT REQUIRED,NOT REQUIRED,NOT REQUIRED,,,,,,,"18050 E Garden Valley Court, , Rio Verde, 85263, Arizona",
577,ORDER COMPLETED,"Zgainer, Angelika",,,,"Wed, Aug 02, 2023",,,COMPLETED,COMPLETED,NOT STARTED,COMPLETED,,,,,,NOT REQUIRED,NOT REQUIRED,NOT REQUIRED,NOT REQUIRED,,,,,,,"8335 E Eagle Feather Rd, , Scottsdale, 85266, Arizona",
578,ORDER COMPLETED,"Chinitz, Tricia",,,,"Thu, Aug 03, 2023",,,COMPLETED,COMPLETED,COMPLETED,COMPLETED,,,,,,NOT REQUIRED,NOT REQUIRED,NOT REQUIRED,NOT REQUIRED,,,,,,,"5737 E Hedgehog Pl, Gate code: #5437, Scottsdale, 85266, Arizona",
562,ORDER COMPLETED,"Holtorf, Kyle",,,,"Fri, Aug 04, 2023",,,COMPLETED,COMPLETED,COMPLETED,COMPLETED,,,,,,NOT REQUIRED,NOT REQUIRED,NOT REQUIRED,NOT REQUIRED,,,,,,,"25289 North 95th Avenue, , Peoria, 85383, Arizona",
561,ORDER COMPLETED,"Liberante, Rich",,,,"Mon, Aug 07, 2023",,,COMPLETED,COMPLETED,COMPLETED,COMPLETED,,,,,,NOT REQUIRED,NOT REQUIRED,NOT REQUIRED,NOT REQUIRED,,,,,,,"7520 E Sunnyvale Dr., , Scottsdale, 85258, Arizona",
581,ORDER COMPLETED,"Alt, Cody",,,,"Mon, Aug 07, 2023",,,COMPLETED,COMPLETED,COMPLETED,COMPLETED,,,,,,NOT REQUIRED,NOT REQUIRED,NOT REQUIRED,NOT REQUIRED,,,,,,,"9148 N 66th Pl, , Paradise Valley, 85253, Arizona",
560,ORDER COMPLETED,"ORTEGA, NANNETTE",,,,"Tue, Aug 08, 2023",,,COMPLETED,COMPLETED,COMPLETED,COMPLETED,,,,,,NOT REQUIRED,NOT REQUIRED,NOT REQUIRED,NOT REQUIRED,,,,,,,"2204 E NORTHVIEW AVE, , PHOENIX, 85020, Arizona",
579,ORDER COMPLETED,"Van Hazel, Jacqueline",,,,"Wed, Aug 09, 2023",,,COMPLETED,COMPLETED,COMPLETED,COMPLETED,,,,,,NOT REQUIRED,NOT REQUIRED,NOT REQUIRED,NOT REQUIRED,,,,,,,"6337 E Desert Forest Trail, Gate code: 0478 *no pound, Cave Creek, 85331, Arizona",
569,ORDER COMPLETED,"LYNCH, ADAM",,,,"Thu, Aug 10, 2023",,,NOT STARTED,NOT STARTED,COMPLETED,NOT STARTED,,,,,,NOT REQUIRED,NOT REQUIRED,NOT REQUIRED,NOT REQUIRED,,,,,,,"8415 E SURREY TRAIL, , TUCSON, , Arizona",
593,ORDER COMPLETED,"Showroom, Scottsdale",,,,"Thu, Aug 10, 2023",,,COMPLETED,COMPLETED,COMPLETED,COMPLETED,,,,,,NOT REQUIRED,NOT REQUIRED,NOT REQUIRED,NOT REQUIRED,,,,,,,", , , ,",
563,ORDER COMPLETED,"Bunting, Bryant",,,,"Mon, Aug 14, 2023",,,COMPLETED,COMPLETED,COMPLETED,COMPLETED,,,,,,NOT REQUIRED,NOT REQUIRED,NOT REQUIRED,NOT REQUIRED,,,,,,,"3423 E Harwell Rd, , Phoenix, 85042, Arizona",
576,ORDER COMPLETED,"Williams, Bruce",,,,"Wed, Aug 16, 2023",,,COMPLETED,COMPLETED,COMPLETED,COMPLETED,,,,,,NOT REQUIRED,NOT REQUIRED,NOT REQUIRED,NOT REQUIRED,,,,,,,"12320 South Ave C, , Yuma, 85365, Arizona",
589,ORDER COMPLETED,"Stratmann, Scott & Cynthia",,,,"Fri, Aug 18, 2023",,,COMPLETED,COMPLETED,NOT STARTED,COMPLETED,,,,,,NOT REQUIRED,NOT REQUIRED,NOT REQUIRED,NOT REQUIRED,,,,,,,"26902 North Boulder View Drive, , Scottsdale, 85262, Arizona",
601,ORDER COMPLETED,"Smith, Justin",,,,"Fri, Aug 18, 2023",,,COMPLETED,COMPLETED,COMPLETED,COMPLETED,,,,,,NOT REQUIRED,NOT REQUIRED,NOT REQUIRED,NOT REQUIRED,,,,,,,"3664 E Austin Dr, , Gilbert, 85296, Arizona",
570,ORDER COMPLETED,"Summerville, Mary",,,,"Tue, Aug 22, 2023",,,NOT STARTED,NOT STARTED,NOT STARTED,COMPLETED,,,,,,NOT REQUIRED,NOT REQUIRED,NOT REQUIRED,NOT REQUIRED,,,,,,,"7318 E. Palo Verde Dr Unit 10, , Scottsdale, 85250, Arizona",
572,ORDER COMPLETED,"Gorsuch, Kirsten",,,,"Wed, Aug 23, 2023",,,COMPLETED,COMPLETED,COMPLETED,COMPLETED,,,,,,NOT REQUIRED,NOT REQUIRED,NOT REQUIRED,NOT REQUIRED,,,,,,,"10020 E Graythorn Drive, , Scottsdale, 85262, Arizona",
590,ORDER COMPLETED,"Satz, Marsha",,,,"Thu, Aug 24, 2023",,,COMPLETED,COMPLETED,NOT STARTED,COMPLETED,,,,,,NOT REQUIRED,NOT REQUIRED,NOT REQUIRED,NOT REQUIRED,,,,,,,"12374 E LA JUNTA RD, , Scottsdale, , Arizona",
580,ORDER COMPLETED,"Ayala, Jason",,,,"Wed, Aug 30, 2023",,,COMPLETED,COMPLETED,COMPLETED,COMPLETED,,,,,,NOT REQUIRED,NOT REQUIRED,NOT REQUIRED,NOT REQUIRED,,,,,,,"12987 N 137th St, Gate Code: #0219, Scottsdale, 85262, Arizona",
588,ORDER COMPLETED,"Roth, Robbin",,,,"Fri, Sep 01, 2023",,,COMPLETED,COMPLETED,COMPLETED,COMPLETED,,,,,,NOT REQUIRED,NOT REQUIRED,NOT REQUIRED,NOT REQUIRED,,,,,,,"1960 Hidden Ridge Lane, , Highland Park, 60035, Illinois",
610,ORDER COMPLETED,"Cosgrove, Courtney",,,,"Fri, Sep 01, 2023",,,NOT STARTED,NOT STARTED,COMPLETED,NOT STARTED,,,,,,NOT REQUIRED,NOT REQUIRED,NOT REQUIRED,NOT REQUIRED,,,,,,,"6637 E. Lincoln Dr, , Paradise Vally, 85253, Arizona",
602,ORDER COMPLETED,"Baldwin, Robbie",,,,"Tue, Sep 05, 2023",,,COMPLETED,COMPLETED,COMPLETED,COMPLETED,,,,,,NOT REQUIRED,NOT REQUIRED,NOT REQUIRED,NOT REQUIRED,,,,,,,"35227 N Ridgeway Dr, , Carefree, 85377, Arizona",
612,ORDER COMPLETED,"Schrader, Donnie",,,,"Wed, Sep 06, 2023",,,COMPLETED,COMPLETED,COMPLETED,COMPLETED,,,,,,NOT REQUIRED,NOT REQUIRED,NOT REQUIRED,NOT REQUIRED,,,,,,,"12651 North 70th Street, , Scottsdale, 85254, Arizona",
611,ORDER COMPLETED,"Romo, Roberto & Carly",,,,"Thu, Sep 07, 2023",,,COMPLETED,COMPLETED,COMPLETED,COMPLETED,,,,,,NOT REQUIRED,NOT REQUIRED,NOT REQUIRED,NOT REQUIRED,,,,,,,"39935 N 98TH WAY, , SCOTTSDALE, 85262, Arizona",
606,ORDER COMPLETED,"MILLER, JARED",,,,"Mon, Sep 11, 2023",,,NOT STARTED,NOT STARTED,NOT STARTED,COMPLETED,,,,,,NOT REQUIRED,NOT REQUIRED,NOT REQUIRED,NOT REQUIRED,,,,,,,"4538 E. Exeter Blvd., , Phoenix, 85018, Arizona",
582,ORDER COMPLETED,"Yeskel, Ari & Reut",,,,"Fri, Sep 15, 2023",,,COMPLETED,COMPLETED,COMPLETED,COMPLETED,,,,,,NOT REQUIRED,NOT REQUIRED,NOT REQUIRED,NOT REQUIRED,,,,,,,"2318 E Orangewood Ave, , Phoenix, 85020, Arizona",
599,ORDER COMPLETED,"The Plaza Lofts, Darcy Grey",,,,"Tue, Sep 19, 2023",,,COMPLETED,COMPLETED,COMPLETED,COMPLETED,,,,,,NOT REQUIRED,NOT REQUIRED,NOT REQUIRED,NOT REQUIRED,,,,,,,"15215 N. Kierland Blvd, , Scottsdale, 85254, Arizona",
615,ORDER COMPLETED,"Desear, Shirley",,,,"Thu, Sep 21, 2023",,,COMPLETED,COMPLETED,COMPLETED,COMPLETED,,,,,,NOT REQUIRED,NOT REQUIRED,NOT REQUIRED,NOT REQUIRED,,,,,,,"6647 E Cactus Wren, , Scottsdale, 85253, Arizona",
1-LJ_47,ORDER COMPLETED,"CANDICE, CANDICE",,,,"Thu, Sep 21, 2023",,,NOT STARTED,NOT STARTED,NOT STARTED,NOT STARTED,,,,,,NOT REQUIRED,NOT REQUIRED,NOT REQUIRED,NOT REQUIRED,18,15,5,,,,Las Vegas,
620,ORDER COMPLETED,"Olsker, George",,,,"Fri, Sep 22, 2023",,,COMPLETED,COMPLETED,NOT STARTED,COMPLETED,,,,,,NOT REQUIRED,NOT REQUIRED,NOT REQUIRED,NOT REQUIRED,,,,,,,"11594 E Chama Rd, , Scottsdale, 85255, Arizona",
619,ORDER COMPLETED,"Marzan, Kaitlin & Richard",,,,"Mon, Sep 25, 2023",,,COMPLETED,COMPLETED,NOT STARTED,COMPLETED,,,,,,NOT REQUIRED,NOT REQUIRED,NOT REQUIRED,NOT REQUIRED,,,,,,,"24784 N 90th Way, , Scottsdale, 85255, Arizona",
603,ORDER COMPLETED,"Kammeier, Hope & Kurk",,,,"Tue, Sep 26, 2023",,,COMPLETED,COMPLETED,COMPLETED,COMPLETED,,,,,,NOT REQUIRED,NOT REQUIRED,NOT REQUIRED,NOT REQUIRED,,,,,,,"9543 E. Altadena, gate code #4768, Scottsdale, 85260, Arizona",
598,ORDER COMPLETED,"Dinovitz, Richard & Jill",,,,"Fri, Sep 29, 2023",,,COMPLETED,COMPLETED,COMPLETED,COMPLETED,,,,,,NOT REQUIRED,NOT REQUIRED,NOT REQUIRED,NOT REQUIRED,,,,,,,"12850 East Cibola Road, , Scottsdale, 85259, Arizona",
566,ORDER COMPLETED,"Lester, Kay",,,,"Mon, Oct 02, 2023",,,COMPLETED,COMPLETED,COMPLETED,COMPLETED,,,,,,NOT REQUIRED,NOT REQUIRED,NOT REQUIRED,NOT REQUIRED,,,,,,,"Casita Altas 708 Villas del Mar, Fraccionamiento Palmilla KM 27.5, San Jose del Cabo, BCS 23405, MEXICO,",
623,ORDER COMPLETED,"Schulze, Kim",,,,"Mon, Oct 02, 2023",,,COMPLETED,COMPLETED,COMPLETED,COMPLETED,,,,,,NOT REQUIRED,NOT REQUIRED,NOT REQUIRED,NOT REQUIRED,,,,,,,"10646 East Tesla Avenue, , Mesa, 85212, Arizona",
614,ORDER COMPLETED,"Aggarwal, Rajiv",,,,"Wed, Oct 04, 2023",,,COMPLETED,COMPLETED,COMPLETED,COMPLETED,,,,,,NOT REQUIRED,NOT REQUIRED,NOT REQUIRED,NOT REQUIRED,,,,,,,"1714 E Winchcomb Dr, , Phoenix, 85022, Arizona",
624,ORDER COMPLETED,"Gorsuch, Kirsten",,,,"Thu, Oct 05, 2023",,,COMPLETED,COMPLETED,COMPLETED,COMPLETED,,,,,,NOT REQUIRED,NOT REQUIRED,NOT REQUIRED,NOT REQUIRED,,,,,,,"10020 E Graythorn Drive, , Scottsdale, 85262, Arizona",
597,ORDER COMPLETED,"Borowiak, Erin & Gavin",,,,"Fri, Oct 06, 2023",,,COMPLETED,COMPLETED,COMPLETED,COMPLETED,,,,,,NOT REQUIRED,NOT REQUIRED,NOT REQUIRED,NOT REQUIRED,,,,,,,"4411 East Vermont Avenue, , Phoenix, 85018, Arizona",
621,ORDER COMPLETED,"Schwartz, Greg",,,,"Mon, Oct 09, 2023",,,COMPLETED,COMPLETED,COMPLETED,COMPLETED,,,,,,NOT REQUIRED,NOT REQUIRED,NOT REQUIRED,NOT REQUIRED,,,,,,,"26690 N 120TH ST, , SCOTTSDLAE, 85262, Arizona",
617,ORDER COMPLETED,"Scottsdale, Showroom",,,,"Wed, Oct 11, 2023",,,COMPLETED,COMPLETED,COMPLETED,COMPLETED,,,,,,NOT REQUIRED,NOT REQUIRED,NOT REQUIRED,NOT REQUIRED,,,,,,,"15037 n Scottsdale Rd., , Scottsdale, 85254, Arizona",
626,ORDER COMPLETED,"Scottsdale, Showroom",,,,"Wed, Oct 11, 2023",,,COMPLETED,COMPLETED,COMPLETED,COMPLETED,,,,,,NOT REQUIRED,NOT REQUIRED,NOT REQUIRED,NOT REQUIRED,,,,,,,"15037 n Scottsdale Rd., , Scottsdale, 85254, Arizona",
618,ORDER COMPLETED,"Schuette, Randy",,,,"Mon, Oct 16, 2023",,,COMPLETED,COMPLETED,COMPLETED,NOT STARTED,,,,,,NOT REQUIRED,NOT REQUIRED,NOT REQUIRED,NOT REQUIRED,,,,,,,"31244 N 118th Ave, , Peoria, 85383, Arizona",
632,ORDER COMPLETED,"Herb, & Pattie",,,,"Mon, Oct 16, 2023",,,COMPLETED,COMPLETED,NOT STARTED,COMPLETED,,,,,,NOT REQUIRED,NOT REQUIRED,NOT REQUIRED,NOT REQUIRED,,,,,,,"10801 E Happy Valley Rd, , Scottsdale, 85255, Arizona",
608,ORDER COMPLETED,"21 INTERIORS, CHRISTINA FORREST",,,,"Fri, Oct 20, 2023",,,COMPLETED,COMPLETED,COMPLETED,COMPLETED,,,,,,NOT REQUIRED,NOT REQUIRED,NOT REQUIRED,NOT REQUIRED,,,,,,,"11133 E Mesquite Dr, , Scottsdale, 85262, Arizona",
591,ORDER COMPLETED,"Shannon, Maltais",,,,"Mon, Oct 23, 2023",,,COMPLETED,COMPLETED,COMPLETED,COMPLETED,,,,,,NOT REQUIRED,NOT REQUIRED,NOT REQUIRED,NOT REQUIRED,,,,,,,"12379 E. La Junta Road, , Scottsdale, 85255, Arizona",
622,ORDER COMPLETED,"LaPaglia, Tracy",,,,"Wed, Oct 25, 2023",,,COMPLETED,COMPLETED,COMPLETED,COMPLETED,,,,,,NOT REQUIRED,NOT REQUIRED,NOT REQUIRED,NOT REQUIRED,,,,,,,"42700 Brown Rd, , Murrieta, 92562, California",
613,ORDER COMPLETED,"Chapman, Andrew & Nicolette",,,,"Thu, Oct 26, 2023",,,NOT STARTED,NOT STARTED,NOT STARTED,COMPLETED,,,,,,NOT REQUIRED,NOT REQUIRED,NOT REQUIRED,NOT REQUIRED,,,,,,,"4315 E. Kirkland, , Phoenix, 85050, Arizona",
616,ORDER COMPLETED,"Gonzales, Devin",,,,"Thu, Oct 26, 2023",,,COMPLETED,COMPLETED,NOT STARTED,COMPLETED,,,,,,NOT REQUIRED,NOT REQUIRED,NOT REQUIRED,NOT REQUIRED,,,,,,,"8401 E CORTEZ ST, , SCOTTSDALE, 85260, Arizona",
630,ORDER COMPLETED,"Hubble, Debbie & Mark",,,,"Fri, Oct 27, 2023",,,COMPLETED,COMPLETED,COMPLETED,COMPLETED,,,,,,NOT REQUIRED,NOT REQUIRED,NOT REQUIRED,NOT REQUIRED,,,,,,,"6301 E. Phoenician Blvd #24, , Scottsdale, 85251, Arizona",
631,ORDER COMPLETED,"ELLIS, SHEILA & GEORGE",,,,"Fri, Oct 27, 2023",,,COMPLETED,COMPLETED,COMPLETED,COMPLETED,,,,,,NOT REQUIRED,NOT REQUIRED,NOT REQUIRED,NOT REQUIRED,,,,,,,"1780 W INDSONG DR, , BRENTWOOD, 37027, Tennessee",
634,ORDER COMPLETED,"PALEJWALA, NEAL",,,,"Fri, Oct 27, 2023",,,COMPLETED,COMPLETED,NOT STARTED,COMPLETED,,,,,,NOT REQUIRED,NOT REQUIRED,NOT REQUIRED,NOT REQUIRED,,,,,,,"10569 N 106TH PL, , SCOTTSDALE, 85258, Arizona",
568,ORDER COMPLETED,"Patterson, Jennifer",,,,"Mon, Oct 30, 2023",,,COMPLETED,COMPLETED,COMPLETED,COMPLETED,,,,,,NOT REQUIRED,NOT REQUIRED,NOT REQUIRED,NOT REQUIRED,,,,,,,"5839 E Donna Ln, , Paradise Valley, 85253, Arizona",
627,ORDER COMPLETED,"Sullivan, Mike",,,,"Tue, Oct 31, 2023",,,NOT STARTED,NOT STARTED,COMPLETED,NOT STARTED,,,,,,NOT REQUIRED,NOT REQUIRED,NOT REQUIRED,NOT REQUIRED,,,,,,,"4742 N 212th Ave, , Buckeye, 85396, Arizona",
635,ORDER COMPLETED,"Baine, Mike",,,,"Tue, Oct 31, 2023",,,COMPLETED,COMPLETED,COMPLETED,COMPLETED,,,,,,NOT REQUIRED,NOT REQUIRED,NOT REQUIRED,NOT REQUIRED,,,,,,,"8922 East Cll Del Palo Verde, Gate code: #1704, Scottsdale, 85255, Arizona",
633,ORDER COMPLETED,"LEWIS, JUNE",,,,"Wed, Nov 01, 2023",,,COMPLETED,COMPLETED,COMPLETED,COMPLETED,,,,,,NOT REQUIRED,NOT REQUIRED,NOT REQUIRED,NOT REQUIRED,,,,,,,"37200 N Cave Creek Rd, Unit 1054, SCOTTSDALE, 85262, Arizona",
638,ORDER COMPLETED,"WELTON, DAN",,,,"Fri, Nov 03, 2023",,,COMPLETED,COMPLETED,COMPLETED,COMPLETED,,,,,,NOT REQUIRED,NOT REQUIRED,NOT REQUIRED,NOT REQUIRED,,,,,,,"27579 N 65th St, , SCOTTSDALE, 85266, Arizona",
636,ORDER COMPLETED,"Haye, John",,,,"Mon, Nov 06, 2023",,,COMPLETED,COMPLETED,COMPLETED,COMPLETED,,,,,,NOT REQUIRED,NOT REQUIRED,NOT REQUIRED,NOT REQUIRED,,,,,,,"7500 East McCormick Parkway #68, , Scottsdale, 85258, Arizona",
643,ORDER COMPLETED,"Cooretjer, Astrid",,,,"Tue, Nov 07, 2023",,,COMPLETED,COMPLETED,COMPLETED,COMPLETED,,,,,,NOT REQUIRED,NOT REQUIRED,NOT REQUIRED,NOT REQUIRED,,,,,,,"9212 North 66th Place, , Paradise Valley, 85253, Arizona",
649,ORDER COMPLETED,"Kopian, Scott",,,,"Wed, Nov 08, 2023",,,COMPLETED,COMPLETED,NOT STARTED,COMPLETED,,,,,,NOT REQUIRED,NOT REQUIRED,NOT REQUIRED,NOT REQUIRED,,,,,,,"4059 Desert Moon Drive, , Wickenburg, 85390, Arizona",
656,ORDER COMPLETED,"McCurley, Victoria",,,,"Thu, Nov 09, 2023",,,NOT STARTED,NOT STARTED,COMPLETED,NOT STARTED,,,,,,NOT REQUIRED,NOT REQUIRED,NOT REQUIRED,NOT REQUIRED,,,,,,,", , , ,",
657,ORDER COMPLETED,"LaPaglia, Tracy",,,,"Fri, Nov 10, 2023",,,COMPLETED,COMPLETED,COMPLETED,COMPLETED,,,,,,NOT REQUIRED,NOT REQUIRED,NOT REQUIRED,NOT REQUIRED,,,,,,,"42700 Brown Rd, , Murrieta, 92562, California",
641,ORDER COMPLETED,"Holmes, Stacy",,,,"Mon, Nov 13, 2023",,,COMPLETED,COMPLETED,COMPLETED,COMPLETED,,,,,,NOT REQUIRED,NOT REQUIRED,NOT REQUIRED,NOT REQUIRED,,,,,,,"9855 E Broken Spur Dr, , Phoenix, 85262, Arizona",
629,ORDER COMPLETED,"Ayala, Jason",,,,"Tue, Nov 14, 2023",,,COMPLETED,COMPLETED,COMPLETED,COMPLETED,,,,,,NOT REQUIRED,NOT REQUIRED,NOT REQUIRED,NOT REQUIRED,,,,,,,"12987 N 137th St, Gate Code: #0219, Scottsdale, 85262, Arizona",
645,ORDER COMPLETED,"Kadiyala, Madhuri",,,,"Wed, Nov 15, 2023",,,COMPLETED,COMPLETED,COMPLETED,COMPLETED,,,,,,NOT REQUIRED,NOT REQUIRED,NOT REQUIRED,NOT REQUIRED,,,,,,,"5145 N 71st Pl, , Paradise Valley, 85253, Arizona",
654,ORDER COMPLETED,"MOUNTAIN SHADOWS, MOUNTAIN SHADOWS",,,,"Wed, Nov 15, 2023",,,COMPLETED,COMPLETED,COMPLETED,NOT STARTED,,,,,,NOT REQUIRED,NOT REQUIRED,NOT REQUIRED,NOT REQUIRED,,,,,,,"5445 E LINCOLN DR, , PARADISE VALLEY, , Arizona",
659,ORDER COMPLETED,"Parette, Brianna",,,,"Wed, Nov 15, 2023",,,NOT STARTED,NOT STARTED,NOT STARTED,COMPLETED,,,,,,NOT REQUIRED,NOT REQUIRED,NOT REQUIRED,NOT REQUIRED,,,,,,,"2217 E Fallen Leaf Lane, , Phoenix, 85024, Arizona",
647,ORDER COMPLETED,"McKee, Brian",,,,"Thu, Nov 16, 2023",,,COMPLETED,COMPLETED,COMPLETED,NOT STARTED,,,,,,NOT REQUIRED,NOT REQUIRED,NOT REQUIRED,NOT REQUIRED,,,,,,,"8390 E Tether Trail, , Scottsdale, 85255, Arizona",
660,ORDER COMPLETED,"Peterson, Zach",,,,"Thu, Nov 16, 2023",,,COMPLETED,COMPLETED,COMPLETED,COMPLETED,,,,,,NOT REQUIRED,NOT REQUIRED,NOT REQUIRED,NOT REQUIRED,,,,,,,"14314 E PEAKVIEW RD, , Scottsdale, 85255, Arizona",
661,ORDER COMPLETED,"Henessey, Brian & Debbie",,,,"Fri, Nov 17, 2023",,,COMPLETED,COMPLETED,NOT STARTED,COMPLETED,,,,,,NOT REQUIRED,NOT REQUIRED,NOT REQUIRED,NOT REQUIRED,,,,,,,", , , ,",
671,ORDER COMPLETED,"King, Victoria",,,,"Sat, Nov 18, 2023",,,NOT STARTED,NOT STARTED,COMPLETED,NOT STARTED,,,,,,NOT REQUIRED,NOT REQUIRED,NOT REQUIRED,NOT REQUIRED,,,,,,,", , , ,",
653,ORDER COMPLETED,"DiMarco, Kacie & Carlo",,,,"Tue, Nov 21, 2023",,,COMPLETED,COMPLETED,COMPLETED,COMPLETED,,,,,,NOT REQUIRED,NOT REQUIRED,NOT REQUIRED,NOT REQUIRED,,,,,,,"7043 N LONGLOOK RD, , Paradise Valley, 85253, Arizona",
664,ORDER COMPLETED,"LINOS, ELIZABETH",,,,"Tue, Nov 21, 2023",,,COMPLETED,COMPLETED,COMPLETED,COMPLETED,,,,,,NOT REQUIRED,NOT REQUIRED,NOT REQUIRED,NOT REQUIRED,,,,,,,"12358 La Junta Rd, , Scottsdale, 85255, Arizona",
677,ORDER COMPLETED,"Kadiyala, Madhuri",,,,"Tue, Nov 21, 2023",,,COMPLETED,COMPLETED,COMPLETED,NOT STARTED,,,,,,NOT REQUIRED,NOT REQUIRED,NOT REQUIRED,NOT REQUIRED,,,,,,,"5145 N 71st Pl, , Paradise Valley, 85253, Arizona",
650,ORDER COMPLETED,"Dryer, Danny & Kenna",,,,"Wed, Nov 22, 2023",,,COMPLETED,COMPLETED,COMPLETED,COMPLETED,,,,,,NOT REQUIRED,NOT REQUIRED,NOT REQUIRED,NOT REQUIRED,,,,,,,"2578 East Claxton Avenue, , Gilbert, 85297, Arizona",
673,ORDER COMPLETED,"Brianna, Parette",,,,"Wed, Nov 22, 2023",,,NOT STARTED,NOT STARTED,NOT STARTED,COMPLETED,,,,,,NOT REQUIRED,NOT REQUIRED,NOT REQUIRED,NOT REQUIRED,,,,,,,", , , ,",
678,ORDER COMPLETED,"WILEN & MORAN, LISA & BOB",,,,"Mon, Nov 27, 2023",,,NOT STARTED,NOT STARTED,COMPLETED,NOT STARTED,,,,,,NOT REQUIRED,NOT REQUIRED,NOT REQUIRED,NOT REQUIRED,,,,,,,", , , ,",
679,ORDER COMPLETED,"MOUNTAIN SHADOWS, MOUNTAIN SHADOWS",,,,"Mon, Nov 27, 2023",,,COMPLETED,COMPLETED,COMPLETED,NOT STARTED,,,,,,NOT REQUIRED,NOT REQUIRED,NOT REQUIRED,NOT REQUIRED,,,,,,,"5445 E LINCOLN DR, , PARADISE VALLEY, , Arizona",
663,ORDER COMPLETED,"Brooks Design, Janet",,,,"Wed, Nov 29, 2023",,,COMPLETED,COMPLETED,COMPLETED,COMPLETED,,,,,,NOT REQUIRED,NOT REQUIRED,NOT REQUIRED,NOT REQUIRED,,,,,,,", , , ,",
594,ORDER COMPLETED,"Lynch, Gina",,,,"Thu, Nov 30, 2023",,,COMPLETED,COMPLETED,COMPLETED,COMPLETED,,,,,,NOT REQUIRED,NOT REQUIRED,NOT REQUIRED,NOT REQUIRED,,,,,,,"5715 East Monterosa Street, , Phoenix, 85018, Arizona",
662,ORDER COMPLETED,"Interiors, Fritz + Lloyd",,,,"Fri, Dec 01, 2023",,,COMPLETED,COMPLETED,NOT STARTED,COMPLETED,,,,,,NOT REQUIRED,NOT REQUIRED,NOT REQUIRED,NOT REQUIRED,,,,,,,", , , ,",
670,ORDER COMPLETED,"ROSENBERG, CHARLES & RENIE",,,,"Fri, Dec 01, 2023",,,,,,COMPLETED,,,,,,NOT REQUIRED,NOT REQUIRED,NOT REQUIRED,NOT REQUIRED,,,,,,,"5250 E DEER VALLY RD, , SCOTTSDALE, ,",
683,ORDER COMPLETED,"Dimuzio, Bobbi",,,,"Fri, Dec 01, 2023",,,,,,COMPLETED,,,,,,NOT REQUIRED,NOT REQUIRED,NOT REQUIRED,NOT REQUIRED,,,,,,,", , , ,",
686,ORDER COMPLETED,"Parsons, Robb",,,,"Fri, Dec 01, 2023",,,NOT STARTED,NOT STARTED,NOT STARTED,COMPLETED,,,,,,NOT REQUIRED,NOT REQUIRED,NOT REQUIRED,NOT REQUIRED,,,,,,,", , , ,",
672,ORDER COMPLETED,"Pat, Mary",,,,"Mon, Dec 04, 2023",,,NOT STARTED,NOT STARTED,NOT STARTED,COMPLETED,,,,,,NOT REQUIRED,NOT REQUIRED,NOT REQUIRED,NOT REQUIRED,,,,,,,"10040 E Happy Valley Rd UNIT 448, , Scottsdale, 85255, Arizona",
652,ORDER COMPLETED,"Wagner, Jeff",,,,"Tue, Dec 05, 2023",,,COMPLETED,COMPLETED,COMPLETED,IN PROGRESS,,,,,,NOT REQUIRED,NOT REQUIRED,NOT REQUIRED,NOT REQUIRED,,,,,,,"9815 North 53rd Place, , Paradise Valley, 85253, Arizona",
644,ORDER COMPLETED,"Smith, Sandy",,,,"Wed, Dec 06, 2023",,,COMPLETED,COMPLETED,COMPLETED,COMPLETED,,,,,,NOT REQUIRED,NOT REQUIRED,NOT REQUIRED,NOT REQUIRED,,,,,,,", , , ,",
669,ORDER COMPLETED,"VANDER STOEP, PETER",,,,"Thu, Dec 07, 2023",,,COMPLETED,COMPLETED,COMPLETED,COMPLETED,,,,,,NOT REQUIRED,NOT REQUIRED,NOT REQUIRED,NOT REQUIRED,,,,,,,"1410 E WESTCHESTER DR, , TEMPE, , Arizona",
691,ORDER COMPLETED,"Nick, Henkel",,,,"Thu, Dec 07, 2023",,,NOT STARTED,COMPLETED,NOT STARTED,NOT STARTED,,,,,,NOT REQUIRED,NOT REQUIRED,NOT REQUIRED,NOT REQUIRED,,,,,,,"7025 N Longlook rd, , Paradise Valley, , Arizona",
680,ORDER COMPLETED,"Ayala, Jason",,,,"Fri, Dec 08, 2023",,,COMPLETED,COMPLETED,COMPLETED,NOT STARTED,,,,,,NOT REQUIRED,NOT REQUIRED,NOT REQUIRED,NOT REQUIRED,,,,,,,"12987 N 137th St, Gate Code: #0219, Scottsdale, 85262, Arizona",
689,ORDER COMPLETED,"LaPaglia, Tracy",,,,"Fri, Dec 08, 2023",,,NOT STARTED,NOT STARTED,NOT STARTED,COMPLETED,,,,,,NOT REQUIRED,NOT REQUIRED,NOT REQUIRED,NOT REQUIRED,,,,,,,"42700 Brown Rd, , Murrieta, 92562, California",
674,ORDER COMPLETED,"Laub, Carol",,,,"Mon, Dec 11, 2023",,,COMPLETED,COMPLETED,COMPLETED,COMPLETED,,,,,,NOT REQUIRED,NOT REQUIRED,NOT REQUIRED,NOT REQUIRED,,,,,,,"20197 North 103rd Way, , Scottsdale, 85255, Arizona",
682,ORDER COMPLETED,"Becker, Sylvia",,,,"Tue, Dec 12, 2023",,,COMPLETED,COMPLETED,COMPLETED,COMPLETED,,,,,,NOT REQUIRED,NOT REQUIRED,NOT REQUIRED,NOT REQUIRED,,,,,,,"1635 N Trowbridge, , Mesa, 85207, Arizona",
684,ORDER COMPLETED,"Mooney, Christy",,,,"Tue, Dec 12, 2023",,,COMPLETED,COMPLETED,COMPLETED,NOT STARTED,,,,,,NOT REQUIRED,NOT REQUIRED,NOT REQUIRED,NOT REQUIRED,,,,,,,"11473 E Bella Vista Dr, , Scottsdale, 85259, Arizona",
640,ORDER COMPLETED,"Serrano, Tim",,,,"Wed, Dec 13, 2023",,,COMPLETED,COMPLETED,COMPLETED,COMPLETED,,,,,,NOT REQUIRED,NOT REQUIRED,NOT REQUIRED,NOT REQUIRED,,,,,,,"13048 E Chama Rd, , Scottsdale, 85265, Arizona",
642,ORDER COMPLETED,"SWITZER, CARI",,,,"Thu, Dec 14, 2023",,,COMPLETED,COMPLETED,COMPLETED,COMPLETED,,,,,,NOT REQUIRED,NOT REQUIRED,NOT REQUIRED,NOT REQUIRED,,,,,,,"33 St Finnbar Farm Rd, , Carbondale, 81623, Colorado",
675,ORDER COMPLETED,"Kats, Maureen",,,,"Thu, Dec 14, 2023",,,COMPLETED,COMPLETED,COMPLETED,COMPLETED,,,,,,NOT REQUIRED,NOT REQUIRED,NOT REQUIRED,NOT REQUIRED,,,,,,,"4619 East Montecito Avenue, , Phoenix, 85018, Arizona",
668,ORDER COMPLETED,"Zburle, Lidia",,,,"Fri, Dec 15, 2023",,,COMPLETED,COMPLETED,COMPLETED,COMPLETED,,,,,,NOT REQUIRED,NOT REQUIRED,NOT REQUIRED,NOT REQUIRED,,,,,,,"9675 West Bellissimo Lane, , Peoria, 85383, Arizona",
666,ORDER COMPLETED,"Sentena, Jennifer",,,,"Sat, Dec 16, 2023",,,COMPLETED,COMPLETED,COMPLETED,COMPLETED,,,,,,NOT REQUIRED,NOT REQUIRED,NOT REQUIRED,NOT REQUIRED,,,,,,,"7046 N 2nd St, , Phoenix, 85020, Arizona",
651,ORDER COMPLETED,"Young, April",,,,"Mon, Dec 18, 2023",,,COMPLETED,COMPLETED,COMPLETED,COMPLETED,,,,,,NOT REQUIRED,NOT REQUIRED,NOT REQUIRED,NOT REQUIRED,,,,,,,"8342 E Equinox Cir, , Scottsdale, 85266, Arizona",
687,ORDER COMPLETED,"Aggarwal, Rajiv",,,,"Mon, Dec 18, 2023",,,COMPLETED,COMPLETED,COMPLETED,COMPLETED,,,,,,NOT REQUIRED,NOT REQUIRED,NOT REQUIRED,NOT REQUIRED,,,,,,,"1714 E Winchcomb Dr, , Phoenix, 85022, Arizona",
707,ORDER COMPLETED,"Puente, Raymond",,,,"Tue, Dec 19, 2023",,,NOT STARTED,NOT STARTED,NOT STARTED,COMPLETED,,,,,,NOT REQUIRED,NOT REQUIRED,NOT REQUIRED,NOT REQUIRED,,,,,,,"4142 E Scorpio Place, , Chandler, 85249, Arizona",
595,ORDER COMPLETED,"Gomez, Erin Lang",,,,"Wed, Dec 20, 2023",,,COMPLETED,COMPLETED,COMPLETED,COMPLETED,,,,,,NOT REQUIRED,NOT REQUIRED,NOT REQUIRED,NOT REQUIRED,,,,,,,"8270 East Old Paint Trail, , Scottsdale, 85266, Arizona",
681,ORDER COMPLETED,"Torneanu (Sundown Project), Simon & Peter",,,,"Thu, Dec 21, 2023",,,COMPLETED,COMPLETED,COMPLETED,COMPLETED,,,,,,NOT REQUIRED,NOT REQUIRED,NOT REQUIRED,NOT REQUIRED,,,,,,,"12025 N Sundown Dr, , Scottsdale, 85260, Arizona",
694,ORDER COMPLETED,"Evans, Rob",,,,"Fri, Dec 22, 2023",,,COMPLETED,COMPLETED,COMPLETED,COMPLETED,,,,,,NOT REQUIRED,NOT REQUIRED,NOT REQUIRED,NOT REQUIRED,,,,,,,"7282 E Via Dona Road, , Scottsdale, 85266, Arizona",
695,ORDER COMPLETED,"Tilley, Julie",,,,"Thu, Dec 28, 2023",,,NOT STARTED,NOT STARTED,NOT STARTED,COMPLETED,,,,,,NOT REQUIRED,NOT REQUIRED,NOT REQUIRED,NOT REQUIRED,,,,,,,", , , ,",
698,ORDER COMPLETED,"Sprenger, Deanne",,,,"Thu, Dec 28, 2023",,,NOT STARTED,NOT STARTED,NOT STARTED,COMPLETED,,,,,,NOT REQUIRED,NOT REQUIRED,NOT REQUIRED,NOT REQUIRED,,,,,,,"13452 E Desert Trail, , Scottsdale, 85259, Arizona",
685,ORDER COMPLETED,"Limber, Kim",,,,"Fri, Dec 29, 2023",,,COMPLETED,COMPLETED,COMPLETED,COMPLETED,,,,,,NOT REQUIRED,NOT REQUIRED,NOT REQUIRED,NOT REQUIRED,,,,,,,"4202 N 58th St, , Phoenix, 85018, Arizona",
688,ORDER COMPLETED,"O'Connell, Don",,,,"Fri, Dec 29, 2023",,,COMPLETED,COMPLETED,COMPLETED,COMPLETED,,,,,,NOT REQUIRED,NOT REQUIRED,NOT REQUIRED,NOT REQUIRED,,,,,,,"8281 East Windrose Drive, , Scottsdale, 85260, Arizona",
709,ORDER COMPLETED,"SWITZER, CARI",,,,"Fri, Dec 29, 2023",,,NOT STARTED,NOT STARTED,NOT STARTED,COMPLETED,,,,,,NOT REQUIRED,NOT REQUIRED,NOT REQUIRED,NOT REQUIRED,,,,,,,"33 St Finnbar Farm Rd, , Carbondale, 81623, Colorado",
502,ORDER COMPLETED,"Thomas, Jan",,,,"Sun, Dec 31, 2023",,,COMPLETED,COMPLETED,COMPLETED,SEW START,,,,,,NOT REQUIRED,NOT REQUIRED,NOT REQUIRED,NOT REQUIRED,45,41,14,,,,"26917 North 15th Drive, , Phoenix, 85085, Arizona",
515,ORDER COMPLETED,"Poelman, Natalie",,,,"Sun, Dec 31, 2023",,,COMPLETED,COMPLETED,COMPLETED,NOT REQUIRED,,,,,,NOT REQUIRED,NOT REQUIRED,NOT REQUIRED,NOT REQUIRED,0,1,1,,,,"185 South 163rd Street, , Gilbert, 85296, Arizona",
520,ORDER COMPLETED,"Scottsdale, AYA COLLECTION",,,,"Sun, Dec 31, 2023",,,COMPLETED,COMPLETED,NOT REQUIRED,NOT STARTED,,,,,,NOT REQUIRED,NOT REQUIRED,NOT REQUIRED,NOT REQUIRED,16,6,2,,,,"15037 n Scottsdale Rd., , Scottsdale, 85254, Arizona",
693,ORDER COMPLETED,"Heck, Carson",,,,"Wed, Jan 03, 2024",,,COMPLETED,COMPLETED,COMPLETED,COMPLETED,,,,,,NOT REQUIRED,NOT REQUIRED,NOT REQUIRED,NOT REQUIRED,,,,,,,"26978 N 119th Way, , Scottsdale, 85262, Arizona",
706,ORDER COMPLETED,"LEWIS, JUNE & LES",,,,"Thu, Jan 04, 2024",,,NOT STARTED,NOT STARTED,NOT STARTED,NOT STARTED,,,,,,NOT REQUIRED,NOT REQUIRED,NOT REQUIRED,NOT REQUIRED,,,,,,,"37200 N Cave Creek Rd, Unit 1054, Scottsdale, AZ, 85262, Arizona",
692,ORDER COMPLETED,"Houghton, AMANDA & STEPHEN",,,,"Fri, Jan 05, 2024",,,COMPLETED,COMPLETED,COMPLETED,COMPLETED,,,,,,NOT REQUIRED,NOT REQUIRED,NOT REQUIRED,NOT REQUIRED,,,,,,,"10510 East Sunnyside Drive, , Scottsdale, 85259, Arizona",
712,ORDER COMPLETED,"Bertenshaw, Kathi",,,,"Fri, Jan 05, 2024",,,NOT STARTED,NOT STARTED,NOT STARTED,COMPLETED,,,,,,NOT REQUIRED,NOT REQUIRED,NOT REQUIRED,NOT REQUIRED,,,,,,,"8029 N 74th Pl, , Scottsdale, 85258, Arizona",
714,ORDER COMPLETED,"Parsons, Robb",,,,"Fri, Jan 05, 2024",,,NOT STARTED,NOT STARTED,NOT STARTED,COMPLETED,,,,,,NOT REQUIRED,NOT REQUIRED,NOT REQUIRED,NOT REQUIRED,,,,,,,", , , ,",
628,ORDER COMPLETED,"McKeever, Dan & Shelly",,,,"Mon, Jan 08, 2024",,,COMPLETED,COMPLETED,COMPLETED,COMPLETED,,,,,,NOT REQUIRED,NOT REQUIRED,NOT REQUIRED,NOT REQUIRED,,,,,,,"9674 East Larry Hughes Drive, , Scottsdale, 85262, Arizona",
696,ORDER COMPLETED,"Kroeger, Jim & Beth",,,,"Wed, Jan 10, 2024",,,COMPLETED,COMPLETED,NOT STARTED,COMPLETED,,,,,,NOT REQUIRED,NOT REQUIRED,NOT REQUIRED,NOT REQUIRED,,,,,,,"13351 E Juan Tabo Road, , Scottsdale, 85255, Arizona",
705,ORDER COMPLETED,"Becker, Sylvia",,,,"Wed, Jan 10, 2024",,,NOT STARTED,NOT STARTED,COMPLETED,NOT STARTED,,,,,,NOT REQUIRED,NOT REQUIRED,NOT REQUIRED,NOT REQUIRED,,,,,,,"1635 N Trowbridge, , Mesa, 85207, Arizona",
658,ORDER COMPLETED,"McKiernan, John & Diane",,,,"Thu, Jan 11, 2024",,,COMPLETED,COMPLETED,COMPLETED,COMPLETED,,,,,,NOT REQUIRED,NOT REQUIRED,NOT REQUIRED,NOT REQUIRED,,,,,,,"14850 Grandview Dr, Unit 241, Fountain Hills, 85268, Arizona",
676,ORDER COMPLETED,"Damon, Genie & Bob",,,,"Fri, Jan 12, 2024",,,COMPLETED,COMPLETED,COMPLETED,COMPLETED,,,,,,NOT REQUIRED,NOT REQUIRED,NOT REQUIRED,NOT REQUIRED,,,,,,,"1206 Isla Verde Square, , Vero Beach, 32963, Florida",
708,ORDER COMPLETED,"Mayer, Dan",,,,"Mon, Jan 15, 2024",,,COMPLETED,COMPLETED,NOT STARTED,NOT STARTED,,,,,,NOT REQUIRED,NOT REQUIRED,NOT REQUIRED,NOT REQUIRED,,,,,,,", , , ,",
711,ORDER COMPLETED,"Puente, Raymond",,,,"Tue, Jan 16, 2024",,,COMPLETED,COMPLETED,COMPLETED,COMPLETED,,,,,,NOT REQUIRED,NOT REQUIRED,NOT REQUIRED,NOT REQUIRED,,,,,,,"4142 E Scorpio Place, , Chandler, 85249, Arizona",
721,ORDER COMPLETED,"Evans, Rob",,,,"Wed, Jan 17, 2024",,,COMPLETED,COMPLETED,COMPLETED,NOT STARTED,,,,,,NOT REQUIRED,NOT REQUIRED,NOT REQUIRED,NOT REQUIRED,,,,,,,"7282 E Via Dona Road, , Scottsdale, 85266, Arizona",
702,ORDER COMPLETED,"Lynch, Adam",,,,"Thu, Jan 18, 2024",,,NOT STARTED,NOT STARTED,COMPLETED,NOT STARTED,,,,,,NOT REQUIRED,NOT REQUIRED,NOT REQUIRED,NOT REQUIRED,,,,,,,", , , ,",
700,ORDER COMPLETED,"Lee, Lindsey",,,,"Fri, Jan 19, 2024",,,COMPLETED,COMPLETED,COMPLETED,COMPLETED,,,,,,NOT REQUIRED,NOT REQUIRED,NOT REQUIRED,NOT REQUIRED,,,,,,,"15935 E. Tombstone Trail, , Fountain Hills, 85268, Arizona",
703,ORDER COMPLETED,"Apartments, Vitri",,,,"Wed, Jan 24, 2024",,,COMPLETED,COMPLETED,NOT STARTED,COMPLETED,,,,,,NOT REQUIRED,NOT REQUIRED,NOT REQUIRED,NOT REQUIRED,,,,,,,"15125 N Scottsdale Road, , Scottsdal, 85254, Arizona",
713,ORDER COMPLETED,"LaRock, Eric & Norma Jean",,,,"Wed, Jan 24, 2024",,,COMPLETED,COMPLETED,COMPLETED,COMPLETED,,,,,,NOT REQUIRED,NOT REQUIRED,NOT REQUIRED,NOT REQUIRED,,,,,,,"19014 E White Wing, , Rio Verde, 85263, Arizona",
697,ORDER COMPLETED,"Kruger, Greg",,,,"Thu, Jan 25, 2024",,,COMPLETED,COMPLETED,COMPLETED,COMPLETED,,,,,,NOT REQUIRED,NOT REQUIRED,NOT REQUIRED,NOT REQUIRED,,,,,,,"20765 N 83rd Place, , Scottsdale, 85255, Arizona",
701,ORDER COMPLETED,"Cunningham, Melissa",,,,"Thu, Jan 25, 2024",,,COMPLETED,COMPLETED,COMPLETED,COMPLETED,,,,,,NOT REQUIRED,NOT REQUIRED,NOT REQUIRED,NOT REQUIRED,,,,,,,"6533 E 4th Street, , Scottsdale, 85251, Arizona",
727,ORDER COMPLETED,"Patterson, Jennifer",,,,"Mon, Jan 29, 2024",,,COMPLETED,COMPLETED,NOT STARTED,COMPLETED,,,,,,NOT REQUIRED,NOT REQUIRED,NOT REQUIRED,NOT REQUIRED,,,,,,,"5839 E Donna Ln, , Paradise Valley, 85253, Arizona",
667,ORDER COMPLETED,"James, Kim & Chuck",,,,"Tue, Jan 30, 2024",,,COMPLETED,COMPLETED,COMPLETED,COMPLETED,,,,,,NOT REQUIRED,NOT REQUIRED,NOT REQUIRED,NOT REQUIRED,,,,,,,"7632 East Vía Del Placito, , Scottsdale, 85258, Arizona",
720,ORDER COMPLETED,"MOUNTAIN SHADOWS, MOUNTAIN SHADOWS",,,,"Tue, Jan 30, 2024",,,COMPLETED,COMPLETED,COMPLETED,COMPLETED,,,,,,NOT REQUIRED,NOT REQUIRED,NOT REQUIRED,NOT REQUIRED,,,,,,,"5445 E LINCOLN DR, , PARADISE VALLEY, , Arizona",
704,ORDER COMPLETED,"Ehrhardt, Petra & Daniel",,,,"Thu, Feb 01, 2024",,,COMPLETED,COMPLETED,COMPLETED,COMPLETED,,,,,,NOT REQUIRED,NOT REQUIRED,NOT REQUIRED,NOT REQUIRED,,,,,,,"14219 N 109th Street, , Scottsdale, 85255, Arizona",
639,ORDER COMPLETED,"Compitello, Albert",,,,"Fri, Feb 02, 2024",,,COMPLETED,COMPLETED,COMPLETED,COMPLETED,,,,,,NOT REQUIRED,NOT REQUIRED,NOT REQUIRED,NOT REQUIRED,,,,,,,"12459 East Desert Vista Drive, , Scottsdale, 85255, Arizona",
719,ORDER COMPLETED,"Klayko, Patti & Mike",,,,"Fri, Feb 02, 2024",,,COMPLETED,COMPLETED,COMPLETED,COMPLETED,,,,,,NOT REQUIRED,NOT REQUIRED,NOT REQUIRED,NOT REQUIRED,,,,,,,"93562 Highway 89, , Grover, 83122, Wyoming",
724,ORDER COMPLETED,"Kammeier, Hope & Kurk",,,,"Tue, Feb 06, 2024",,,COMPLETED,COMPLETED,COMPLETED,NOT STARTED,,,,,,NOT REQUIRED,NOT REQUIRED,NOT REQUIRED,NOT REQUIRED,,,,,,,"9543 E. Altadena, gate code #4768, Scottsdale, 85260, Arizona",
690,ORDER COMPLETED,"Krochmal, Ralph",,,,"Wed, Feb 07, 2024",,,COMPLETED,COMPLETED,COMPLETED,COMPLETED,,,,,,NOT REQUIRED,NOT REQUIRED,NOT REQUIRED,NOT REQUIRED,,,,,,,"34991 South Palisade Place, , Saddlebrooke, 85739, Arizona",
733,ORDER COMPLETED,"BELL, SUSAN",,,,"Wed, Feb 14, 2024",,,COMPLETED,COMPLETED,NOT STARTED,COMPLETED,,,,,,NOT REQUIRED,NOT REQUIRED,NOT REQUIRED,NOT REQUIRED,,,,,,,"26475 N 107th Way. Scottsdale. 85255, , SCOTTSDALE, 85255, Arizona",
722,ORDER COMPLETED,"Grady, Marlene & Joseph",,,,"Thu, Feb 15, 2024",,,COMPLETED,COMPLETED,COMPLETED,COMPLETED,,,,,,NOT REQUIRED,NOT REQUIRED,NOT REQUIRED,NOT REQUIRED,,,,,,,"9802 N 53rd Pl, , Paradise Valley, 85253, Arizona",
637,ORDER COMPLETED,"Johns, Loree",,,,"Tue, Feb 20, 2024",,,COMPLETED,COMPLETED,COMPLETED,COMPLETED,,,,,,NOT REQUIRED,NOT REQUIRED,NOT REQUIRED,NOT REQUIRED,,,,,,,", , , ,",
731,ORDER COMPLETED,"Brugger, Todd",,,,"Thu, Feb 22, 2024",,,COMPLETED,COMPLETED,COMPLETED,COMPLETED,,,,,,NOT REQUIRED,NOT REQUIRED,NOT REQUIRED,NOT REQUIRED,,,,,,,"14420 N 106th Pl, , Scottsdale, 85255, Arizona",
717,ORDER COMPLETED,"Konen, Cathy",,,,"Fri, Feb 23, 2024",,,COMPLETED,COMPLETED,NOT STARTED,COMPLETED,,,,,,NOT REQUIRED,NOT REQUIRED,NOT REQUIRED,NOT REQUIRED,,,,,,,"7137 E Rancho Vista Dr, Unit 4007, Scottsdale, 85251, Arizona",
699,ORDER COMPLETED,"Jones, Yvonne",,,,"Mon, Feb 26, 2024",,,COMPLETED,COMPLETED,COMPLETED,COMPLETED,,,,,,NOT REQUIRED,NOT REQUIRED,NOT REQUIRED,NOT REQUIRED,,,,,,,"36015 N 10th Ave, , Phoenix, 85086, Arizona",
715,ORDER COMPLETED,"Jhaveri, Chintan",,,,"Mon, Feb 26, 2024",,,COMPLETED,COMPLETED,COMPLETED,COMPLETED,,,,,,NOT REQUIRED,NOT REQUIRED,NOT REQUIRED,NOT REQUIRED,,,,,,,"2622 E Maplewood Street, , Gilbert, 85297, Arizona",
730,ORDER COMPLETED,"Sprenger, Deanne",,,,"Mon, Feb 26, 2024",,,NOT STARTED,NOT STARTED,COMPLETED,NOT STARTED,,,,,,NOT REQUIRED,NOT REQUIRED,NOT REQUIRED,NOT REQUIRED,,,,,,,"13452 E Desert Trail, , Scottsdale, 85259, Arizona",
732,ORDER COMPLETED,"Cooretjer, Astrid",,,,"Mon, Feb 26, 2024",,,NOT STARTED,NOT STARTED,NOT STARTED,COMPLETED,,,,,,NOT REQUIRED,NOT REQUIRED,NOT REQUIRED,NOT REQUIRED,,,,,,,"9212 North 66th Place, , Paradise Valley, 85253, Arizona",
728,ORDER COMPLETED,"STRAUS, REBORTA & STUART",,,,"Tue, Feb 27, 2024",,,NOT STARTED,NOT STARTED,NOT STARTED,COMPLETED,,,,,,NOT REQUIRED,NOT REQUIRED,NOT REQUIRED,NOT REQUIRED,,,,,,,"8610 E AVERICK CT, , CAREFREE, , Arizona",
737,ORDER COMPLETED,"Bradley, Michelle",,,,"Wed, Feb 28, 2024",,,COMPLETED,COMPLETED,NOT STARTED,COMPLETED,,,,,,NOT REQUIRED,NOT REQUIRED,NOT REQUIRED,NOT REQUIRED,,,,,,,"6845 N Highlands Dr, , Paradise Valley, 85253, Arizona",
725,ORDER COMPLETED,"Republic, Caesar's",,,,"Thu, Feb 29, 2024",,,COMPLETED,COMPLETED,COMPLETED,COMPLETED,,,,,,NOT REQUIRED,NOT REQUIRED,NOT REQUIRED,NOT REQUIRED,,,,,,,"4747 N Goldwater Blvd, , Scottsdale, 85251, Arizona",
729,ORDER COMPLETED,"MacDonald, Lori",,,,"Thu, Feb 29, 2024",,,COMPLETED,COMPLETED,COMPLETED,COMPLETED,,,,,,NOT REQUIRED,NOT REQUIRED,NOT REQUIRED,NOT REQUIRED,,,,,,,"4320 N El Sereno Cir, , Mesa, 85207, Arizona",
745,ORDER COMPLETED,"Poelman, Natalie",,,,"Mon, Mar 04, 2024",,,COMPLETED,COMPLETED,NOT STARTED,COMPLETED,,,,,,NOT REQUIRED,NOT REQUIRED,NOT REQUIRED,NOT REQUIRED,,,,,,,"185 South 163rd Street, , Gilbert, 85296, Arizona",
741,ORDER COMPLETED,"Orban, Connor & Aleena",,,,"Tue, Mar 05, 2024",,,COMPLETED,COMPLETED,COMPLETED,COMPLETED,,,,,,NOT REQUIRED,NOT REQUIRED,NOT REQUIRED,NOT REQUIRED,,,,,,,"23987 N 128th Pl, , Scottsdale, 85255, Arizona",
743,ORDER COMPLETED,"Annenberg, Jill",,,,"Wed, Mar 06, 2024",,,COMPLETED,COMPLETED,COMPLETED,NOT STARTED,,,,,,NOT REQUIRED,NOT REQUIRED,NOT REQUIRED,NOT REQUIRED,,,,,,,"10421 E Monument Dr, , Scottsdale, 85262, Arizona",
736,ORDER COMPLETED,"Mtchel, Jason",,,,"Thu, Mar 07, 2024",,,COMPLETED,COMPLETED,COMPLETED,COMPLETED,,,,,,NOT REQUIRED,NOT REQUIRED,NOT REQUIRED,NOT REQUIRED,,,,,,,"5318 E McDonald Dr, , Paradise Valley, 85253, Arizona",
742,ORDER COMPLETED,"Showroom, Scottsdale",,,,"Mon, Mar 11, 2024",,,COMPLETED,COMPLETED,COMPLETED,NOT STARTED,,,,,,NOT REQUIRED,NOT REQUIRED,NOT REQUIRED,NOT REQUIRED,,,,,,,", , , ,",
746,ORDER COMPLETED,"Lane, Justin",,,,"Mon, Mar 11, 2024",,,COMPLETED,COMPLETED,COMPLETED,COMPLETED,,,,,,NOT REQUIRED,NOT REQUIRED,NOT REQUIRED,NOT REQUIRED,,,,,,,"2420 E Della Roccia Court, , Oro Valley, 85737, Arizona",
747,ORDER COMPLETED,"Scottsdale, Showroom",,,,"Mon, Mar 11, 2024",,,COMPLETED,COMPLETED,COMPLETED,COMPLETED,,,,,,NOT REQUIRED,NOT REQUIRED,NOT REQUIRED,NOT REQUIRED,,,,,,,"15037 n Scottsdale Rd., , Scottsdale, 85254, Arizona",
760,ORDER COMPLETED,"Berliner, Cynthia",,,,"Mon, Mar 11, 2024",,,NOT STARTED,NOT STARTED,NOT STARTED,COMPLETED,,,,,,NOT REQUIRED,NOT REQUIRED,NOT REQUIRED,NOT REQUIRED,,,,,,,"11735 E. Buckskin Trail, , Scottsdale, 85255, Arkansas",
766,ORDER COMPLETED,"Bradley, Michelle",,,,"Mon, Mar 11, 2024",,,NOT STARTED,NOT STARTED,NOT STARTED,NOT STARTED,,,,,,NOT REQUIRED,NOT REQUIRED,NOT REQUIRED,NOT REQUIRED,,,,,,,"6845 N Highlands Dr, , Paradise Valley, 85253, Arizona",
744,ORDER COMPLETED,"Kariotoglou, Rick",,,,"Tue, Mar 12, 2024",,,COMPLETED,COMPLETED,NOT STARTED,COMPLETED,,,,,,NOT REQUIRED,NOT REQUIRED,NOT REQUIRED,NOT REQUIRED,,,,,,,"11135 E Canyon Cross Way, , Scottsdale, 85255, Arizona",
625,ORDER COMPLETED,"Winitsky, Laura & Steve",,,,"Wed, Mar 13, 2024",,,COMPLETED,COMPLETED,COMPLETED,COMPLETED,,,,,,NOT REQUIRED,NOT REQUIRED,NOT REQUIRED,NOT REQUIRED,,,,,,,"9487 E High Canyon Dr, , Scottsdale, 85262, Arizona",
748,ORDER COMPLETED,"Heck, Carson",,,,"Wed, Mar 13, 2024",,,COMPLETED,COMPLETED,COMPLETED,COMPLETED,,,,,,NOT REQUIRED,NOT REQUIRED,NOT REQUIRED,NOT REQUIRED,,,,,,,"26978 N 119th Way, , Scottsdale, 85262, Arizona",
754,ORDER COMPLETED,"Mishkind, Jane & Howard",,,,"Wed, Mar 13, 2024",,,COMPLETED,COMPLETED,COMPLETED,COMPLETED,,,,,,NOT REQUIRED,NOT REQUIRED,NOT REQUIRED,NOT REQUIRED,,,,,,,"7477 E Roy Rogers Road, , Scottsdale, 85266, Arizona",
726,ORDER COMPLETED,"Goff, Stephanie",,,,"Thu, Mar 14, 2024",,,COMPLETED,COMPLETED,COMPLETED,COMPLETED,,,,,,NOT REQUIRED,NOT REQUIRED,NOT REQUIRED,NOT REQUIRED,,,,,,,"15839 N Mountain Parkway, , Fountain Hills, 85268, Arizona",
723,ORDER COMPLETED,"Palmateer, Shari",,,,"Fri, Mar 15, 2024",,,COMPLETED,COMPLETED,COMPLETED,COMPLETED,,,,,,NOT REQUIRED,NOT REQUIRED,NOT REQUIRED,NOT REQUIRED,,,,,,,"23558 N 123rd St, , Scottsdale, 85255, Arizona",
761,ORDER COMPLETED,"Thomann, Doug",,,,"Fri, Mar 15, 2024",,,NOT STARTED,NOT STARTED,NOT STARTED,COMPLETED,,,,,,NOT REQUIRED,NOT REQUIRED,NOT REQUIRED,NOT REQUIRED,,,,,,,", , , ,",
777,ORDER COMPLETED,"Dryer, Danny & Kenna",,,,"Mon, Mar 18, 2024",,,COMPLETED,COMPLETED,NOT STARTED,COMPLETED,,,,,,NOT REQUIRED,NOT REQUIRED,NOT REQUIRED,NOT REQUIRED,,,,,,,"2578 East Claxton Avenue, , Gilbert, 85297, Arizona",
781,ORDER COMPLETED,"MacDonald, Lori",,,,"Mon, Mar 18, 2024",,,COMPLETED,COMPLETED,NOT STARTED,COMPLETED,,,,,,NOT REQUIRED,NOT REQUIRED,NOT REQUIRED,NOT REQUIRED,,,,,,,"4320 N El Sereno Cir, , Mesa, 85207, Arizona",
749,ORDER COMPLETED,"Gerber, Karyn",,,,"Wed, Mar 20, 2024",,,COMPLETED,COMPLETED,NOT STARTED,COMPLETED,,,,,,NOT REQUIRED,NOT REQUIRED,NOT REQUIRED,NOT REQUIRED,,,,,,,"4103 n 64th pl, , Scottsdale, 85251, Arizona",
782,ORDER COMPLETED,"LaPaglia, Tracy",,,,"Thu, Mar 21, 2024",,,COMPLETED,COMPLETED,NOT STARTED,COMPLETED,,,,,,NOT REQUIRED,NOT REQUIRED,NOT REQUIRED,NOT REQUIRED,,,,,,,"42700 Brown Rd, , Murrieta, 92562, California",
750,ORDER COMPLETED,"Mayer, Dan",,,,"Fri, Mar 22, 2024",,,COMPLETED,COMPLETED,COMPLETED,COMPLETED,,,,,,NOT REQUIRED,NOT REQUIRED,NOT REQUIRED,NOT REQUIRED,,,,,,,", , , ,",
734,ORDER COMPLETED,"Mendil &, Meyer",,,,"Mon, Mar 25, 2024",,,NOT STARTED,NOT STARTED,COMPLETED,NOT STARTED,,,,,,NOT REQUIRED,NOT REQUIRED,NOT REQUIRED,NOT REQUIRED,,,,,,,", , , ,",
751,ORDER COMPLETED,"Cappadona, Connie",,,,"Mon, Mar 25, 2024",,,COMPLETED,COMPLETED,COMPLETED,COMPLETED,,,,,,NOT REQUIRED,NOT REQUIRED,NOT REQUIRED,NOT REQUIRED,,,,,,,"29709 N 109th Pl, , Scottsdale, 85262, Arizona",
755,ORDER COMPLETED,"Hillman, Stewart",,,,"Tue, Mar 26, 2024",,,COMPLETED,COMPLETED,COMPLETED,COMPLETED,,,,,,NOT REQUIRED,NOT REQUIRED,NOT REQUIRED,NOT REQUIRED,,,,,,,"31710 N 15th Glen, , Phoenix, 85085, Arizona",
762,ORDER COMPLETED,"Kroeger, Jim & Beth",,,,"Wed, Mar 27, 2024",,,COMPLETED,COMPLETED,COMPLETED,COMPLETED,,,,,,NOT REQUIRED,NOT REQUIRED,NOT REQUIRED,NOT REQUIRED,,,,,,,"13351 E Juan Tabo Road, , Scottsdale, 85255, Arizona",
770,ORDER COMPLETED,"Gestring, Laura & Bob",,,,"Wed, Mar 27, 2024",,,COMPLETED,COMPLETED,COMPLETED,COMPLETED,,,,,,NOT REQUIRED,NOT REQUIRED,NOT REQUIRED,NOT REQUIRED,,,,,,,"4808 E Calle Tuberia, , Phoenix, 85018, Arizona",
787,ORDER COMPLETED,"Edwards, Dawn & Jon",,,,"Wed, Mar 27, 2024",,,COMPLETED,COMPLETED,COMPLETED,NOT STARTED,,,,,,NOT REQUIRED,NOT REQUIRED,NOT REQUIRED,NOT REQUIRED,,,,,,,"4738 E Rancho Drive, , Phoenix, 85018, Arizona",
788,ORDER COMPLETED,"Kroeger, Jim & Beth",,,,"Wed, Mar 27, 2024",,,COMPLETED,COMPLETED,COMPLETED,COMPLETED,,,,,,NOT REQUIRED,NOT REQUIRED,NOT REQUIRED,NOT REQUIRED,,,,,,,"13351 E Juan Tabo Road, , Scottsdale, 85255, Arizona",
752,ORDER COMPLETED,"Martins, Kimberly",,,,"Thu, Mar 28, 2024",,,COMPLETED,COMPLETED,NOT STARTED,COMPLETED,,,,,,NOT REQUIRED,NOT REQUIRED,NOT REQUIRED,NOT REQUIRED,,,,,,,"10325 E De La O, , Scottsdale, 85255, Arizona",
758,ORDER COMPLETED,"Scottsdale, Showroom",,,,"Thu, Mar 28, 2024",,,COMPLETED,COMPLETED,COMPLETED,COMPLETED,,,,,,NOT REQUIRED,NOT REQUIRED,NOT REQUIRED,NOT REQUIRED,,,,,,,"15037 n Scottsdale Rd., , Scottsdale, 85254, Arizona",
778,ORDER COMPLETED,"Jones, Yvonne",,,,"Thu, Mar 28, 2024",,,COMPLETED,COMPLETED,NOT STARTED,COMPLETED,,,,,,NOT REQUIRED,NOT REQUIRED,NOT REQUIRED,NOT REQUIRED,,,,,,,"36015 N 10th Ave, , Phoenix, 85086, Arizona",
786,ORDER COMPLETED,"Scottsdale, Showroom",,,,"Thu, Mar 28, 2024",,,COMPLETED,COMPLETED,COMPLETED,COMPLETED,,,,,,NOT REQUIRED,NOT REQUIRED,NOT REQUIRED,NOT REQUIRED,,,,,,,"15037 n Scottsdale Rd., , Scottsdale, 85254, Arizona",
774,ORDER COMPLETED,"Martin, Julie & Eric",,,,"Fri, Mar 29, 2024",,,COMPLETED,COMPLETED,COMPLETED,COMPLETED,,,,,,NOT REQUIRED,NOT REQUIRED,NOT REQUIRED,NOT REQUIRED,,,,,,,"901 Joel Creek Blv, , Franklin, 37064, Tennessee",
789,ORDER COMPLETED,"MEDIA, iTRADE",,,,"Fri, Mar 29, 2024",,,NOT STARTED,NOT STARTED,NOT STARTED,NOT STARTED,,,,,,NOT REQUIRED,NOT REQUIRED,NOT REQUIRED,NOT REQUIRED,,,,,,,"1406 W Joy Ranch Road, , Phoenix, 85086, Arizona",
791,ORDER COMPLETED,"EVANS, JOHN& SUSAN",,,,"Fri, Mar 29, 2024",,,COMPLETED,COMPLETED,COMPLETED,NOT STARTED,,,,,,NOT REQUIRED,NOT REQUIRED,NOT REQUIRED,NOT REQUIRED,,,,,,,"10666 E YEARLING DR, , SCOTTSDALE, , Arizona",
740,ORDER COMPLETED,"LLP, Perkins Coie",,,,"Sat, Mar 30, 2024",,,COMPLETED,COMPLETED,COMPLETED,COMPLETED,,,,,,NOT REQUIRED,NOT REQUIRED,NOT REQUIRED,NOT REQUIRED,,,,,,,"2901 N Central Ave, Suite 2000, Phoenix, 85012, Arizona",
773,ORDER COMPLETED,"Berg, Richard & Carrie",,,,"Mon, Apr 01, 2024",,,COMPLETED,COMPLETED,COMPLETED,COMPLETED,,,,,,NOT REQUIRED,NOT REQUIRED,NOT REQUIRED,NOT REQUIRED,,,,,,,"42882 N Chiricahua Pass, , Scottsdale, 85262, Arizona",
757,ORDER COMPLETED,"Wasson, Jeff",,,,"Tue, Apr 02, 2024",,,COMPLETED,COMPLETED,COMPLETED,COMPLETED,,,,,,NOT REQUIRED,NOT REQUIRED,NOT REQUIRED,NOT REQUIRED,,,,,,,"6130 E Alta Hacienda Dr, , Scottsdale, 85251, Arizona",
735,ORDER COMPLETED,"Scottsdale, Club",,,,"Wed, Apr 03, 2024",,,COMPLETED,COMPLETED,COMPLETED,COMPLETED,,,,,,NOT REQUIRED,NOT REQUIRED,NOT REQUIRED,NOT REQUIRED,,,,,,,"7675 E McDonald Dr, , Scottsdale, 85250, Arizona",
768,ORDER COMPLETED,"Brakin, Chris & Renee",,,,"Sat, Apr 06, 2024",,,COMPLETED,COMPLETED,COMPLETED,COMPLETED,,,,,,NOT REQUIRED,NOT REQUIRED,NOT REQUIRED,NOT REQUIRED,11,14,4,,,,"31503 Riverlake Road, , Fulshear, 77441, Texas",
775,ORDER COMPLETED,"Johnston, Lina & Rich",,,,"Mon, Apr 08, 2024",,,COMPLETED,COMPLETED,COMPLETED,COMPLETED,,,,,,NOT REQUIRED,NOT REQUIRED,NOT REQUIRED,NOT REQUIRED,31,45,13,,,,"9820 E Thompson Peak Pkwy, LOT 621, Scottsdale, 85255, Arizona",
792,ORDER COMPLETED,"Republic, Caesar's",,,,"Tue, Apr 09, 2024",,,COMPLETED,COMPLETED,COMPLETED,COMPLETED,,,,,,NOT REQUIRED,NOT REQUIRED,NOT REQUIRED,NOT REQUIRED,,,,,,,"4747 N Goldwater Blvd, , Scottsdale, 85251, Arizona",
771,ORDER COMPLETED,"Wendorff, Gene & Kathi",,,,"Wed, Apr 10, 2024",,,COMPLETED,COMPLETED,COMPLETED,COMPLETED,,,,,,NOT REQUIRED,NOT REQUIRED,NOT REQUIRED,NOT REQUIRED,27,31,7,,,,"41923 N 113th Way, , Scottsdale, 85262, Arizona",
718,ORDER COMPLETED,"Hamilton, Melanie",,,,"Thu, Apr 11, 2024",,,COMPLETED,COMPLETED,COMPLETED,COMPLETED,,,,,,NOT REQUIRED,NOT REQUIRED,NOT REQUIRED,NOT REQUIRED,6,8,1,,,,"2251 E Granite View Dr, , Phoenix, 85048, Arizona",
783,ORDER COMPLETED,"Catlett, Jessica",,,,"Thu, Apr 11, 2024",,,COMPLETED,COMPLETED,COMPLETED,COMPLETED,,,,,,NOT REQUIRED,NOT REQUIRED,NOT REQUIRED,NOT REQUIRED,17,16,2,,,,"128 W Marlette Ave, , Phoenix, 85013, Arizona",
772,ORDER COMPLETED,"JASON, RAQUEL",,,,"Fri, Apr 12, 2024",,,COMPLETED,COMPLETED,NOT REQUIRED,COMPLETED,,,,,,NOT REQUIRED,NOT REQUIRED,NOT REQUIRED,NOT REQUIRED,2,2,0,,,,"1468 RIMCREST CT, , BONITA, , California",
776,ORDER COMPLETED,"CARSON, TARA",,,,"Fri, Apr 12, 2024",,,COMPLETED,COMPLETED,COMPLETED,COMPLETED,,,,,,NOT REQUIRED,NOT REQUIRED,NOT REQUIRED,NOT REQUIRED,2,1,2,,,,"10327 DARDEN RD, , SAN DIEGO, 92126, California",
769,ORDER COMPLETED,"Schwartz, Greg",,,,"Mon, Apr 15, 2024",,,COMPLETED,COMPLETED,COMPLETED,COMPLETED,,,,,,NOT REQUIRED,NOT REQUIRED,NOT REQUIRED,NOT REQUIRED,6,8,1,,,,"26690 N 120TH ST, , SCOTTSDLAE, 85262, Arizona",
799,ORDER COMPLETED,"Cappadona, Connie",,,,"Mon, Apr 15, 2024",,,COMPLETED,COMPLETED,NOT REQUIRED,COMPLETED,,,,,,NOT REQUIRED,NOT REQUIRED,NOT REQUIRED,NOT REQUIRED,3,1,0,,,,"29709 N 109th Pl, , Scottsdale, 85262, Arizona",
775-1,ORDER COMPLETED,"Johnston, Lina & Rich",,,,"Mon, Apr 15, 2024",,,COMPLETED,COMPLETED,NOT REQUIRED,NOT REQUIRED,NOT REQUIRED,NOT REQUIRED,NOT REQUIRED,NOT REQUIRED,NOT REQUIRED,NOT REQUIRED,NOT REQUIRED,NOT REQUIRED,NOT REQUIRED,0,1,0,,,,"9820 E Thompson Peak Pkwy, LOT 621, Scottsdale, 85255, Arizona",
780,ORDER COMPLETED,"Wheeler, Rachael",,,,"Wed, Apr 17, 2024",,,COMPLETED,COMPLETED,COMPLETED,COMPLETED,,,,,,NOT REQUIRED,NOT REQUIRED,NOT REQUIRED,NOT REQUIRED,39,42,3,,,,"3845 N Hawes Road, , Mesa, 85207, Arizona",
461,ORDER COMPLETED,"KYLE & LAURA RABE, SOLOWAY INTERIORS (AIMEE )",,,,"Thu, Apr 18, 2024",,,COMPLETED,COMPLETED,COMPLETED,COMPLETED,,,,,,NOT REQUIRED,NOT REQUIRED,NOT REQUIRED,NOT REQUIRED,37,28,10,,,,"6043 N CAMINO PRECIADO, , TUCSON, 85718, Arizona",
648,ORDER COMPLETED,"Rabe, Kyle & Laura",,,,"Thu, Apr 18, 2024",,,COMPLETED,COMPLETED,COMPLETED,COMPLETED,,,,,,NOT REQUIRED,NOT REQUIRED,NOT REQUIRED,NOT REQUIRED,4,3,1,,,,"6043 N CAMINO PRECIADO, , TUCSON, 85718, Arizona",
Sp1,ORDER COMPLETED,Hamid Brother,,,,"Thu, Apr 18, 2024",,,COMPLETED,COMPLETED,COMPLETED,COMPLETED,,,,,,NOT REQUIRED,NOT REQUIRED,NOT REQUIRED,NOT REQUIRED,4,8,4,,,,,
806,ORDER COMPLETED,"Bradley, Michelle",,,,"Fri, Apr 19, 2024",,,NOT REQUIRED,COMPLETED,NOT REQUIRED,NOT REQUIRED,,,,,,NOT REQUIRED,NOT REQUIRED,NOT REQUIRED,NOT REQUIRED,0,0,0,,,,"6845 N Highlands Dr, , Paradise Valley, 85253, Arizona",
785,ORDER COMPLETED,"Frieser, Neil",,,,"Mon, Apr 22, 2024",,,COMPLETED,COMPLETED,NOT REQUIRED,IN PROGRESS,,,,,,NOT REQUIRED,NOT REQUIRED,NOT REQUIRED,NOT REQUIRED,2,1,0,,,,"11154 N San Clemente, , Surprise, 85388, Arizona",
794,ORDER COMPLETED,"Mendez, Cheryl & Mike",,,,"Mon, Apr 22, 2024",,,COMPLETED,COMPLETED,NOT REQUIRED,IN PROGRESS,,,,,,NOT REQUIRED,NOT REQUIRED,NOT REQUIRED,NOT REQUIRED,7,5,1,,,,", , , ,",
790,ORDER COMPLETED,"PALMER, CHERYL",,,,"Tue, Apr 23, 2024",,,COMPLETED,COMPLETED,COMPLETED,NOT REQUIRED,,,,,,NOT REQUIRED,NOT REQUIRED,NOT REQUIRED,NOT REQUIRED,0,1,1,,,,"8899 E VIA DEL SOL DR, , SCOTTSDALE, 85255, Arizona",
795,ORDER COMPLETED,"Hawk, Nancy",,,,"Tue, Apr 23, 2024",,,COMPLETED,COMPLETED,COMPLETED,NOT REQUIRED,,,,,,NOT REQUIRED,NOT REQUIRED,NOT REQUIRED,NOT REQUIRED,0,1,1,,,,"10771 E Fernwood Lane, , Scottsdale, 85262, Arizona",
784,ORDER COMPLETED,"Carson, Marisa",,,,"Wed, Apr 24, 2024",,,COMPLETED,COMPLETED,COMPLETED,COMPLETED,,,,DONE,DONE,NOT REQUIRED,NOT REQUIRED,NOT REQUIRED,NOT REQUIRED,6,3,4,,,,"28858 N 71st Street, , Scottsdale, 85266, Arizona",
796,ORDER COMPLETED,"Smith, Lisa & Jeremy",,,,"Thu, Apr 25, 2024",,,COMPLETED,COMPLETED,COMPLETED,COMPLETED,,,,DONE,DONE,NOT REQUIRED,NOT REQUIRED,NOT REQUIRED,NOT REQUIRED,16,13,5,,,,"7671 S Grandview Ave, , Tempe, 85284, Arizona",
769-1,ORDER COMPLETED,GREG SCHWARTZ,,,,"Thu, Apr 25, 2024",,,COMPLETED,COMPLETED,COMPLETED,NOT REQUIRED,NOT REQUIRED,NOT REQUIRED,NOT REQUIRED,NOT REQUIRED,NOT REQUIRED,NOT REQUIRED,NOT REQUIRED,NOT REQUIRED,NOT REQUIRED,0,1,1,,,,,
797,ORDER COMPLETED,"Claton, Jody & Kim",,,,"Mon, Apr 29, 2024",,,COMPLETED,COMPLETED,COMPLETED,COMPLETED,,,,DONE,DONE,NOT REQUIRED,NOT REQUIRED,NOT REQUIRED,NOT REQUIRED,18,23,8,,,,"11290 E Whistling Wind Way, , Scottsdale, 85255, Arizona",
793,ORDER COMPLETED,"Waters, Mitch",,,,"Tue, Apr 30, 2024",,,COMPLETED,COMPLETED,COMPLETED,COMPLETED,,,,REDO,DONE,NOT REQUIRED,NOT REQUIRED,NOT REQUIRED,NOT REQUIRED,23,18,7,,,,"10030 E Jopeda Ln, , Scottsdale, 85255, Arizona",
807,ORDER COMPLETED,"LARSEN, VICKIE",,,,"Wed, May 01, 2024",,,COMPLETED,COMPLETED,NOT REQUIRED,COMPLETED,,,,DONE,DONE,NOT REQUIRED,NOT REQUIRED,NOT REQUIRED,NOT REQUIRED,2,2,0,,,,"30208 N 52ND PLACE, , CAVE CREEK, 85331, Arizona",
808,ORDER COMPLETED,"Kruger, Greg",,,,"Wed, May 01, 2024",,,COMPLETED,NOT STARTED,NOT REQUIRED,COMPLETED,,,,DONE,DONE,NOT REQUIRED,NOT REQUIRED,NOT REQUIRED,NOT REQUIRED,2,2,0,,,,"20765 N 83rd Place, , Scottsdale, 85255, Arizona",
798,ORDER COMPLETED,"massey, Keegan",,,,"Thu, May 02, 2024",,,COMPLETED,COMPLETED,COMPLETED,COMPLETED,,,,DONE,DONE,NOT REQUIRED,NOT REQUIRED,NOT REQUIRED,NOT REQUIRED,12,14,2,,,,"933 west 15th 1/2 St, , houston, 77008, Texas",
800,ORDER COMPLETED,"Frieling, Mary Frances",,,,"Thu, May 02, 2024",,,COMPLETED,COMPLETED,COMPLETED,COMPLETED,,,,DONE,DONE,NOT REQUIRED,NOT REQUIRED,NOT REQUIRED,NOT REQUIRED,11,14,4,,,,"225 Tamarack Terrace Road, , Lakeside, 59922, Montana",
816,ORDER COMPLETED,"Fleming, Shari",,,,"Thu, May 02, 2024",,,COMPLETED,COMPLETED,COMPLETED,NOT REQUIRED,,,,NOT REQUIRED,NOT REQUIRED,NOT REQUIRED,NOT REQUIRED,NOT REQUIRED,NOT REQUIRED,0,4,4,,,,"812 Las Palmas Estates Dr., , Palm Springs, 92262, California",
753,ORDER COMPLETED,"Neiman, Jason",,,,"Fri, May 03, 2024",,,COMPLETED,COMPLETED,COMPLETED,COMPLETED,,,,DONE,DONE,NOT REQUIRED,NOT REQUIRED,NOT REQUIRED,NOT REQUIRED,6,6,2,,,,"28521 Camel Rock Road, , Rio Verde, 85263, Arizona",
818,ORDER COMPLETED,"MARTIN, RACHEL",,,,"Fri, May 03, 2024",,,COMPLETED,COMPLETED,COMPLETED,COMPLETED,,,,DONE,DONE,NOT REQUIRED,NOT REQUIRED,NOT REQUIRED,NOT REQUIRED,2,3,1,,,,"8156 PRESTWICK DR, , LAJOLLA, 92037, California",
792-1,ORDER COMPLETED,CAESAR REPUBLIC,,,,"Fri, May 03, 2024",,,COMPLETED,COMPLETED,NOT REQUIRED,COMPLETED,,,,DONE,DONE,NOT REQUIRED,NOT REQUIRED,NOT REQUIRED,NOT REQUIRED,2,2,0,,,,,
803,ORDER COMPLETED,"Scottsdale, Showroom",,,,"Mon, May 06, 2024",,,COMPLETED,COMPLETED,COMPLETED,COMPLETED,,,,DONE,DONE,NOT REQUIRED,NOT REQUIRED,NOT REQUIRED,NOT REQUIRED,3,4,1,,,,"15037 n Scottsdale Rd., , Scottsdale, 85254, Arizona",
809,ORDER COMPLETED,"Cappadona, Connie",,,,"Tue, May 07, 2024",,,NOT REQUIRED,NOT REQUIRED,COMPLETED,NOT REQUIRED,,,,NOT REQUIRED,NOT REQUIRED,NOT REQUIRED,NOT REQUIRED,NOT REQUIRED,NOT REQUIRED,0,0,1,,,,"29709 N 109th Pl, , Scottsdale, 85262, Arizona",
810,ORDER COMPLETED,"Youkhana, Alice",,,,"Tue, May 07, 2024",,,COMPLETED,COMPLETED,NOT REQUIRED,COMPLETED,,,,DONE,DONE,NOT REQUIRED,NOT REQUIRED,NOT REQUIRED,NOT REQUIRED,5,4,0,,,,"22015 N 61st Avenue, , Glendale, 85310, Arizona",
812,ORDER COMPLETED,"Clark, Harry & Heather",,,,"Tue, May 07, 2024",,,COMPLETED,COMPLETED,COMPLETED,NOT REQUIRED,,,,NOT REQUIRED,NOT REQUIRED,NOT REQUIRED,NOT REQUIRED,NOT REQUIRED,NOT REQUIRED,0,1,1,,,,"4900 E Arroyo Verde Dr, , Paradise Valley, 85253, Arizona",
815,ORDER COMPLETED,"Martin, Julie & Eric",,,,"Thu, May 09, 2024",,,COMPLETED,COMPLETED,NOT REQUIRED,COMPLETED,,,,DONE,DONE,NOT REQUIRED,NOT REQUIRED,NOT REQUIRED,NOT REQUIRED,8,8,0,,,,"901 Joel Creek Blv, , Franklin, 37064, Tennessee",
820,ORDER COMPLETED,"Boca, Rebecca",APRIL,,,"Thu, May 09, 2024",,,NOT REQUIRED,NOT REQUIRED,NOT REQUIRED,COMPLETED,,,,DONE,REDO,NOT REQUIRED,NOT REQUIRED,NOT REQUIRED,NOT REQUIRED,,0,0,,,,"3350 N 60th St, , Phoenix, 85018, Arizona",
804,ORDER COMPLETED,"KROLL, BRIAN",,,,"Mon, May 13, 2024",,,COMPLETED,COMPLETED,COMPLETED,COMPLETED,,,,DONE,DONE,NOT REQUIRED,NOT REQUIRED,NOT REQUIRED,NOT REQUIRED,4,8,4,,,,"4162 Prescott Park Circle, , West Bloomfield, 48323, Michigan",
802,ORDER COMPLETED,"Sydenham, Andrea",,,,"Tue, May 14, 2024",,,COMPLETED,COMPLETED,COMPLETED,COMPLETED,,,,DONE,DONE,NOT REQUIRED,NOT REQUIRED,NOT REQUIRED,NOT REQUIRED,21,23,4,,,,"26814 Boulder Ln, , Scottsdale, 85255, Arizona",
817,ORDER COMPLETED,"Peterson, Zach",,,,"Wed, May 15, 2024",,,COMPLETED,COMPLETED,NOT REQUIRED,COMPLETED,,,,DONE,DONE,NOT REQUIRED,NOT REQUIRED,NOT REQUIRED,NOT REQUIRED,4,4,0,,,,"14314 E PEAKVIEW RD, , Scottsdale, 85255, Arizona",
828,ORDER COMPLETED,"Moser/Burns, John",,,,"Wed, May 15, 2024",,,COMPLETED,COMPLETED,COMPLETED,COMPLETED,,,,DONE,DONE,NOT REQUIRED,NOT REQUIRED,NOT REQUIRED,NOT REQUIRED,9,10,2,,,,"5809 E Ludlow Dr, , Scottsdale, 85254, Arizona",
821,ORDER COMPLETED,"Masi, Pat",,,,"Thu, May 16, 2024",,,COMPLETED,COMPLETED,COMPLETED,COMPLETED,,,,DONE,DONE,NOT REQUIRED,NOT REQUIRED,NOT REQUIRED,NOT REQUIRED,8,9,5,,,,"125 E Dessert Hills Dr, , Phoenix, 85086, Arizona",
819,ORDER COMPLETED,"Mtchel, Jason",,,,"Mon, May 20, 2024",,,NOT REQUIRED,NOT REQUIRED,COUNTERTOP,NOT REQUIRED,,,,NOT REQUIRED,NOT REQUIRED,NOT REQUIRED,NOT REQUIRED,NOT REQUIRED,NOT REQUIRED,0,0,1,,,,"5318 E McDonald Dr, , Paradise Valley, 85253, Arizona",
822,ORDER COMPLETED,"Smith, Terri",,,,"Tue, May 21, 2024",,,COMPLETED,COMPLETED,COMPLETED,COMPLETED,,,,DONE,DONE,NOT REQUIRED,NOT REQUIRED,NOT REQUIRED,NOT REQUIRED,19,21,3,,,,"19705 E Melissa Pl, , Queen Creek, 85142, Arizona",
829,ORDER COMPLETED,"Wells, Kelly",,,,"Wed, May 22, 2024",,,COMPLETED,COMPLETED,COMPLETED,COMPLETED,,,,DONE,DONE,NOT REQUIRED,NOT REQUIRED,NOT REQUIRED,NOT REQUIRED,14,18,4,,,,"21469 N. 83rd St., , Scottsdale, 85255, Arizona",
764,ORDER COMPLETED,"Interiors, K & Q Marlis Kapellusch",,,,"Thu, May 23, 2024",,,COMPLETED,COMPLETED,COMPLETED,COMPLETED,,,,DONE,DONE,NOT REQUIRED,NOT REQUIRED,NOT REQUIRED,NOT REQUIRED,6,10,5,,,,"960 W BROADWAY AVE, JACKSON, WY",
826,ORDER COMPLETED,"Waters, Mitch",APRIL,,,"Thu, May 23, 2024",,,NOT REQUIRED,NOT REQUIRED,NOT REQUIRED,COMPLETED,,,,DONE,DONE,NOT REQUIRED,NOT REQUIRED,NOT REQUIRED,NOT REQUIRED,5,0,0,,,,,
833,ORDER COMPLETED,"Schulze, Kim",,,,"Thu, May 23, 2024",,,NOT REQUIRED,NOT REQUIRED,NOT REQUIRED,NOT REQUIRED,,,,NOT REQUIRED,NOT REQUIRED,NOT REQUIRED,NOT REQUIRED,NOT REQUIRED,NOT REQUIRED,0,0,0,,,,"10646 East Tesla Avenue, , Mesa, 85212, Arizona",
814,ORDER COMPLETED,"Piper, Gina",,,,"Sat, May 25, 2024",,,COMPLETED,COMPLETED,COMPLETED,COMPLETED,,,,DONE,DONE,NOT REQUIRED,NOT REQUIRED,NOT REQUIRED,NOT REQUIRED,17,25,8,,,,"1800 Fairway Drive, , Indianola, 50125, Iowa",
825,ORDER COMPLETED,"Gestring, Laura & Bob",APRIL,,,"Tue, May 28, 2024",,,NOT REQUIRED,NOT REQUIRED,NOT REQUIRED,COMPLETED,,,,DONE,DONE,NOT REQUIRED,NOT REQUIRED,NOT REQUIRED,NOT REQUIRED,13,0,0,,,,"4808 E Calle Tuberia, , Phoenix, 85018, Arizona",
827,ORDER COMPLETED,"Compitello, Albert",APRIL,,,"Tue, May 28, 2024",,,NOT REQUIRED,NOT REQUIRED,NOT REQUIRED,COMPLETED,,,,DONE,FACTORY,NOT REQUIRED,NOT REQUIRED,NOT REQUIRED,NOT REQUIRED,1,0,0,,,,"12459 East Desert Vista Drive, , Scottsdale, 85255, Arizona",
823,ORDER COMPLETED,"Steinhilber, Scott",,,,"Wed, May 29, 2024",,,COMPLETED,COMPLETED,COMPLETED,COMPLETED,,,,DONE,DONE,NOT REQUIRED,NOT REQUIRED,NOT REQUIRED,NOT REQUIRED,2,3,1,,,,"895 E County Down Dr, , Chandler, 85249, Arizona",
824,ORDER COMPLETED,"Danto, Lindsay & David",APRIL,,,"Thu, May 30, 2024",,,NOT REQUIRED,NOT REQUIRED,NOT REQUIRED,COMPLETED,,,,DONE,FACTORY,NOT REQUIRED,NOT REQUIRED,NOT REQUIRED,NOT REQUIRED,10,0,0,,,,"6114 E HORSESHOE RD, , Paradise Valley, 85253, Arizona",
765,ORDER COMPLETED,"Boggs, Nick & Krystal",,,,"Mon, Jun 03, 2024",,,COMPLETED,COMPLETED,COMPLETED,COMPLETED,,,,DONE,DONE,NOT REQUIRED,NOT REQUIRED,NOT REQUIRED,NOT REQUIRED,6,9,3,,,,"6850 N 85th Street, , Scottsdale, 85250, Arizona",
853,ORDER COMPLETED,"HERTER, TIFFANY",APRIL,,,"Tue, Jun 04, 2024",,,NOT REQUIRED,NOT REQUIRED,NOT REQUIRED,COMPLETED,,,,DONE,NOT REQUIRED,NOT REQUIRED,NOT REQUIRED,NOT REQUIRED,NOT REQUIRED,24,0,0,,,,"10040 E HAPPY VALLEY RD LOT # 302, , SCOTTSDALE, 85255, Arizona",
852,ORDER COMPLETED,"Grady, Marlene & Joseph",,,,"Wed, Jun 05, 2024",,,COMPLETED,COMPLETED,COMPLETED,COMPLETED,,,,DONE,DONE,NOT REQUIRED,NOT REQUIRED,NOT REQUIRED,NOT REQUIRED,1,1,1,,,,"9802 N 53rd Pl, , Paradise Valley, 85253, Arizona",
830,ORDER COMPLETED,"White, Marty",,,,"Thu, Jun 06, 2024",,,COMPLETED,COMPLETED,COMPLETED,COMPLETED,,,,DONE,DONE,NOT REQUIRED,NOT REQUIRED,NOT REQUIRED,NOT REQUIRED,23,30,9,,,,"41731 N 111th Place, , Scottsdale, 85262, Arizona",
846,ORDER COMPLETED,"Barnes, Garva",,,,"Fri, Jun 07, 2024",,,COMPLETED,COMPLETED,COMPLETED,COMPLETED,,,,DONE,DONE,NOT REQUIRED,NOT REQUIRED,NOT REQUIRED,NOT REQUIRED,6,9,4,,,,"27905 N 114th Way, , Scottsdale, 85262, Arizona",
854,ORDER COMPLETED,"DPC, 7000 Shea",APRIL,,,"Fri, Jun 07, 2024",,,NOT REQUIRED,NOT REQUIRED,NOT REQUIRED,COMPLETED,,,,DONE,DONE,NOT REQUIRED,NOT REQUIRED,NOT REQUIRED,NOT REQUIRED,1,0,0,,,,", , , ,",
836,ORDER COMPLETED,"Grant, Kevin",,,,"Tue, Jun 11, 2024",,,COMPLETED,COMPLETED,COMPLETED,COMPLETED,,,,DONE,DONE,NOT REQUIRED,NOT REQUIRED,NOT REQUIRED,NOT REQUIRED,1,2,1,,,,"12308 N 90th Way, , Scottsdale, 85260, Arizona",
573,ORDER COMPLETED,"Coutts, Tina and Ian/DONNA OLSEN",,,,"Wed, Jun 12, 2024",,,COMPLETED,COMPLETED,COMPLETED,COMPLETED,,,,DONE,DONE,NOT REQUIRED,NOT REQUIRED,NOT REQUIRED,NOT REQUIRED,20,25,5,,,,"12671 E Shadow Ridge Drive, , Scottsdale, 85255, Arizona",
834,ORDER COMPLETED,"VIGFUSSON, TREVOR & CHARMAIN",APRIL,,,"Thu, Jun 13, 2024",,,NOT REQUIRED,NOT REQUIRED,NOT REQUIRED,COMPLETED,,,,DONE,CUSTOMER,NOT REQUIRED,NOT REQUIRED,NOT REQUIRED,NOT REQUIRED,4,0,0,,,,"19687 E MELISSA PL, , QUEEN CREEK, , Arizona",
763,ORDER COMPLETED,"YUNI, KIM",,,,"Fri, Jun 14, 2024",,,COMPLETED,COMPLETED,COMPLETED,COMPLETED,,,,DONE,DONE,NOT REQUIRED,NOT REQUIRED,NOT REQUIRED,NOT REQUIRED,2,3,1,,,,", , , ,",
835,ORDER COMPLETED,"Mulder (EVOSCAPES), Michael",,,,"Fri, Jun 14, 2024",,,COMPLETED,COMPLETED,COMPLETED,COMPLETED,,,,DONE,DONE,NOT REQUIRED,NOT REQUIRED,NOT REQUIRED,NOT REQUIRED,14,18,5,,,,"8990 Miramar Rd Ste 170, , San Diego, 92126, California",
843,ORDER COMPLETED,"MATTHEW, MATTHEW",,,,"Sat, Jun 15, 2024",,,COMPLETED,COMPLETED,COMPLETED,COMPLETED,,,,DONE,DONE,NOT REQUIRED,NOT REQUIRED,NOT REQUIRED,NOT REQUIRED,9,7,1,,,,", , LAJOLLA, , California",
801,ORDER COMPLETED,"Fonda, Michelle & Robert",,,,"Mon, Jun 17, 2024",,,COMPLETED,COMPLETED,COMPLETED,COMPLETED,,,,DONE,DONE,NOT REQUIRED,NOT REQUIRED,NOT REQUIRED,NOT REQUIRED,9,11,2,,,,"10978 E Beck Ln, , Scottsdale, 85255, Arizona",
839,ORDER COMPLETED,"Benson, Julie",,,,"Tue, Jun 18, 2024",,,COMPLETED,COMPLETED,COMPLETED,COMPLETED,,,,DONE,DONE,NOT REQUIRED,NOT REQUIRED,NOT REQUIRED,NOT REQUIRED,17,19,4,,,,"16111 E Frye Road, , Gilbert, 85295, Arizona",
859,ORDER COMPLETED,"Gerber, Karyn",APRIL,,,"Wed, Jun 19, 2024",,,NOT REQUIRED,NOT REQUIRED,NOT REQUIRED,COMPLETED,,,,DONE,FACTORY,NOT REQUIRED,NOT REQUIRED,NOT REQUIRED,NOT REQUIRED,1,0,0,,,,"4103 n 64th pl, , Scottsdale, 85251, Arizona",
865,ORDER COMPLETED,"Mcclure, scott & Dawn",,,,"Wed, Jun 19, 2024",,,COMPLETED,COMPLETED,COMPLETED,NOT REQUIRED,,,,NOT REQUIRED,NOT REQUIRED,NOT REQUIRED,NOT REQUIRED,NOT REQUIRED,NOT REQUIRED,0,1,1,,,,"3043 Via Montevina, , fallbrook, 92028, California",
868,ORDER COMPLETED,"Brakin, Chris & Renee",,,,"Wed, Jun 19, 2024",,,NOT REQUIRED,NOT REQUIRED,COMPLETED,NOT REQUIRED,,,,NOT REQUIRED,NOT REQUIRED,NOT REQUIRED,NOT REQUIRED,NOT REQUIRED,NOT REQUIRED,0,0,1,,,,"31503 Riverlake Road, , Fulshear, 77441, Texas",
851,ORDER COMPLETED,"Dale, Andrew",APRIL,,,"Thu, Jun 20, 2024",,,COMPLETED,COMPLETED,COMPLETED,COMPLETED,,,,DONE,FACTORY,NOT REQUIRED,NOT REQUIRED,NOT REQUIRED,NOT REQUIRED,5,7,0,,,,"22092 N 89th St., , Scottsdale, 85255, Arizona",
855,ORDER COMPLETED,"McKeever, Dan & Shelly",,,,"Thu, Jun 20, 2024",,,NOT REQUIRED,NOT REQUIRED,COMPLETED,NOT REQUIRED,,,,NOT REQUIRED,NOT REQUIRED,NOT REQUIRED,NOT REQUIRED,NOT REQUIRED,NOT REQUIRED,0,0,1,,,,"9674 East Larry Hughes Drive, , Scottsdale, 85262, Arizona",
860,ORDER COMPLETED,"MOUNTAIN SHADOWS, MOUNTAIN SHADOWS",,,,"Thu, Jun 20, 2024",,,COMPLETED,COMPLETED,COMPLETED,COMPLETED,,,,DONE,DONE,NOT REQUIRED,NOT REQUIRED,NOT REQUIRED,NOT REQUIRED,3,4,1,,,,"5445 E LINCOLN DR, , PARADISE VALLEY, , Arizona",
842,ORDER COMPLETED,"PIERCE, NATHAN",,,,"Fri, Jun 21, 2024",,,COMPLETED,COMPLETED,COMPLETED,COMPLETED,,,,DONE,DONE,NOT REQUIRED,NOT REQUIRED,NOT REQUIRED,NOT REQUIRED,4,5,1,,,,", , , , California",
832,ORDER COMPLETED,"Dejong, Laura",,,,"Sun, Jun 23, 2024",,,COMPLETED,COMPLETED,COMPLETED,COMPLETED,,,,DONE,DONE,NOT REQUIRED,NOT REQUIRED,NOT REQUIRED,NOT REQUIRED,22,33,13,,,,"6030 Rock Creek Court, , Reno, 89511, Nevada",
840,ORDER COMPLETED,"WILVER, PETE & MICHELLE",,,,"Mon, Jun 24, 2024",,,COMPLETED,COMPLETED,COMPLETED,IN PROGRESS,,,,DONE,DONE,NOT REQUIRED,NOT REQUIRED,NOT REQUIRED,NOT REQUIRED,10,11,2,,,,"6510 Painted Valley Pass 
6510 PAINTED VALLEY PASS Park City, UT 84098",
844,ORDER COMPLETED,"Rhoton, Tess",,,,"Tue, Jun 25, 2024",,,COMPLETED,COMPLETED,COMPLETED,COMPLETED,,,,DONE,DONE,NOT REQUIRED,NOT REQUIRED,NOT REQUIRED,NOT REQUIRED,1,2,1,,,,"11760 Glodia Dr., , Flagstaff, 86004, Arizona",
845,ORDER COMPLETED,"Arnold, Kathy",,,,"Wed, Jun 26, 2024",,,COMPLETED,COMPLETED,COMPLETED,COMPLETED,,,,DONE,DONE,NOT REQUIRED,NOT REQUIRED,NOT REQUIRED,NOT REQUIRED,13,16,6,,,,"6204 N 22nd Street, , Phoenix, 85016, Arizona",
841,ORDER COMPLETED,"Wasson, Jeff",,,,"Thu, Jun 27, 2024",,,COMPLETED,COMPLETED,COMPLETED,COMPLETED,,,,DONE,DONE,NOT REQUIRED,NOT REQUIRED,NOT REQUIRED,NOT REQUIRED,2,2,1,,,,"6130 E Alta Hacienda Dr, , Scottsdale, 85251, Arizona",
862,ORDER COMPLETED,"Jones, Yvonne",,,,"Thu, Jun 27, 2024",,,COMPLETED,COMPLETED,COMPLETED,COMPLETED,,,,DONE,DONE,NOT REQUIRED,NOT REQUIRED,NOT REQUIRED,NOT REQUIRED,1,3,2,,,,"36015 N 10th Ave, , Phoenix, 85086, Arizona",
HAM-1,ORDER COMPLETED,Hamid Brother,,,,"Thu, Jun 27, 2024",,,COMPLETED,COMPLETED,IN PROGRESS,NOT REQUIRED,,,,NOT REQUIRED,NOT REQUIRED,NOT REQUIRED,NOT REQUIRED,NOT REQUIRED,NOT REQUIRED,0,1,1,,,,HAMID BROTHER ADDRESS,
858,ORDER COMPLETED,"HOWE, DAVE",,,,"Fri, Jun 28, 2024",,,COMPLETED,COMPLETED,COMPLETED,COMPLETED,,,,DONE,DONE,NOT REQUIRED,NOT REQUIRED,NOT REQUIRED,NOT REQUIRED,6,9,3,,,,"5910 Fairway Pl, Rancho Santa Fe, CA 92067 5918",
861,ORDER COMPLETED,"CAHAN, CHELSEA",,,,"Fri, Jun 28, 2024",,,COMPLETED,COMPLETED,COMPLETED,COMPLETED,,,,DONE,DONE,NOT REQUIRED,NOT REQUIRED,NOT REQUIRED,NOT REQUIRED,2,2,2,,,,", , , , California",
871,ORDER COMPLETED,"Sherman, Hayden",,,,"Mon, Jul 01, 2024",,,COMPLETED,COMPLETED,NOT REQUIRED,COMPLETED,,,,DONE,DONE,NOT REQUIRED,NOT REQUIRED,NOT REQUIRED,NOT REQUIRED,4,4,0,,,,"1833 E Turney Avenue, , Phoenix, 85016, Arizona",
863,ORDER COMPLETED,"Kammeier, Hope & Kurk",APRIL,,,"Tue, Jul 02, 2024",,,NOT REQUIRED,NOT REQUIRED,NOT REQUIRED,COMPLETED,,,,DONE,DONE,NOT REQUIRED,NOT REQUIRED,NOT REQUIRED,NOT REQUIRED,3,0,0,,,,"9543 E. Altadena, gate code #4768, Scottsdale, 85260, Arizona",
864,ORDER COMPLETED,"Frieling, Mary Frances",,,,"Wed, Jul 03, 2024",,,NOT REQUIRED,NOT REQUIRED,COMPLETED,NOT REQUIRED,,,,NOT REQUIRED,NOT REQUIRED,NOT REQUIRED,NOT REQUIRED,NOT REQUIRED,NOT REQUIRED,0,0,1,,,,"225 Tamarack Terrace Road, , Lakeside, 59922, Montana",
805,ORDER COMPLETED,"ENNOR, SANDI & RICK",,,,"Mon, Jul 08, 2024",,,COMPLETED,COMPLETED,COMPLETED,COMPLETED,,,,DONE,DONE,NOT REQUIRED,NOT REQUIRED,NOT REQUIRED,NOT REQUIRED,27,33,8,,,,"9 Crockett st, , Norwalk, 06853, Connecticut",
882,ORDER COMPLETED,"Tobey, Chris",,,,"Mon, Jul 08, 2024",,,NOT REQUIRED,COMPLETED,NOT REQUIRED,RE-DOING COMPLETE,,,,DONE,DONE,NOT REQUIRED,NOT REQUIRED,NOT REQUIRED,NOT REQUIRED,2,3,0,,,,"5508 S 106th Pl, , Mesa, 85212, Arizona",
837,ORDER COMPLETED,"Juneau, Suzy",,,,"Tue, Jul 09, 2024",,,NOT REQUIRED,NOT REQUIRED,NOT REQUIRED,NOT REQUIRED,,,,NOT REQUIRED,NOT REQUIRED,NOT REQUIRED,NOT REQUIRED,NOT REQUIRED,NOT REQUIRED,0,0,0,,,,"5835 N Echo Canyon Cir, , Phoenix, 85018, Arizona",
869,ORDER COMPLETED,STACEY COONS,,,,"Tue, Jul 09, 2024",,,COMPLETED,COMPLETED,COMPLETED,COMPLETED,,,,DONE,DONE,NOT REQUIRED,NOT REQUIRED,NOT REQUIRED,NOT REQUIRED,22,25,5,,,,,
856,ORDER COMPLETED,"Tack, Robert",,,,"Wed, Jul 10, 2024",,,COMPLETED,COMPLETED,COMPLETED,COMPLETED,,,,DONE,DONE,NOT REQUIRED,NOT REQUIRED,NOT REQUIRED,NOT REQUIRED,8,11,3,,,,"4331 E Calle Redonda, , Phoenix, 85018, Arizona",
838,ORDER COMPLETED,"ROBBERSON, JEFF& MARGIE",,,,"Thu, Jul 11, 2024",,,COMPLETED,COMPLETED,COMPLETED,COMPLETED,,,,DONE,DONE,NOT REQUIRED,NOT REQUIRED,NOT REQUIRED,NOT REQUIRED,10,11,1,,,,"40230 N 107th Pl, , SCOTTSDALE, 85262, Arizona",
870,ORDER COMPLETED,"Kaufman, David",,,,"Thu, Jul 11, 2024",,,COMPLETED,COMPLETED,COMPLETED,COMPLETED,,,,DONE,DONE,NOT REQUIRED,NOT REQUIRED,NOT REQUIRED,NOT REQUIRED,2,4,2,,,,"4902 E Daley Ln, , Phoenix, 85054, Arizona",
866,ORDER COMPLETED,"Fogi, Bogi",APRIL,,,"Sat, Jul 13, 2024",,,NOT REQUIRED,NOT REQUIRED,NOT REQUIRED,IN PROGRESS,,,,DONE,ORDERED,NOT REQUIRED,NOT REQUIRED,NOT REQUIRED,NOT REQUIRED,13,0,0,,,,", , , ,",
867,ORDER COMPLETED,"Malantonio, Meghan",,,,"Mon, Jul 15, 2024",,,COMPLETED,COMPLETED,COMPLETED,COMPLETED,,,,DONE,ORDERED,NOT REQUIRED,NOT REQUIRED,NOT REQUIRED,NOT REQUIRED,8,11,4,,,,"15645 Cholula Dr, , Fountain Hills, 85268, Arizona",
716,ORDER COMPLETED,"Salay, Sam",,,,"Tue, Jul 16, 2024",,,COMPLETED,COMPLETED,COMPLETED,COMPLETED,,,,DONE,DONE,NOT REQUIRED,NOT REQUIRED,NOT REQUIRED,NOT REQUIRED,37,46,10,,,,", , , ,",
876,ORDER COMPLETED,"Giuliano, Thomas",,,,"Tue, Jul 16, 2024",,,COMPLETED,COMPLETED,COMPLETED,COMPLETED,,,,ORDERED,ORDERED,NOT REQUIRED,NOT REQUIRED,NOT REQUIRED,NOT REQUIRED,14,14,1,,,,"9026 N 83rd St, , Scottsdale, 85258, Arizona",
878,ORDER COMPLETED,"BRENDAN, GAYLIS",RESIDENTIAL,,,"Fri, Jul 19, 2024",,,COMPLETED,COMPLETED,COMPLETED,COMPLETED,,,,DONE,DONE,NOT REQUIRED,NOT REQUIRED,NOT REQUIRED,NOT REQUIRED,11,15,3,,,,"4917 Shadwell Pl, , CARMEL VALLEY, 92130, California",
891,ORDER COMPLETED,"YUNI, KIM",RESIDENTIAL,,,"Fri, Jul 19, 2024",,,NOT REQUIRED,NOT REQUIRED,NOT REQUIRED,IN PROGRESS,,,,DONE,DONE,NOT REQUIRED,NOT REQUIRED,NOT REQUIRED,NOT REQUIRED,3,0,0,,,,"5352Aurora summit trails, , SAN DIEGO, 92130, California",
811,ORDER COMPLETED,"linda, lang",RESIDENTIAL,,,"Sat, Jul 20, 2024",,,COMPLETED,COMPLETED,COMPLETED,COMPLETED,,,,DONE,DONE,NOT REQUIRED,NOT REQUIRED,NOT REQUIRED,NOT REQUIRED,21,28,8,,,,", , san diego, , California",
877,ORDER COMPLETED,"Rabe, Kyle & Laura",RESIDENTIAL,,,"Tue, Jul 23, 2024",,,COMPLETED,COMPLETED,COMPLETED,NOT REQUIRED,,,,NOT REQUIRED,NOT REQUIRED,NOT REQUIRED,NOT REQUIRED,NOT REQUIRED,NOT REQUIRED,0,1,1,,,,"6043 N CAMINO PRECIADO, , TUCSON, 85718, Arizona",
886,ORDER COMPLETED,"Stoltz, Natascha & Jeff",RESIDENTIAL,,,"Tue, Jul 23, 2024",,,COMPLETED,COMPLETED,COMPLETED,COMPLETED,,,,DONE,DONE,NOT REQUIRED,NOT REQUIRED,NOT REQUIRED,NOT REQUIRED,8,8,5,,,,"5422 E Placita Doblada, , Tuscon, 85718, Arizona",
887,ORDER COMPLETED,"Turner, Deborah",RESIDENTIAL,,,"Wed, Jul 24, 2024",,,COMPLETED,COMPLETED,COMPLETED,COMPLETED,,,,DONE,ORDERED,NOT REQUIRED,NOT REQUIRED,NOT REQUIRED,NOT REQUIRED,7,12,7,,,,"10670 E Redfield Rd,, , Scottsdale, 85255, Arizona",
890,ORDER COMPLETED,"SHAW, RYAN & JODI",RESIDENTIAL,,,"Thu, Jul 25, 2024",,,NOT REQUIRED,NOT REQUIRED,COMPLETED,NOT REQUIRED,,,,NOT REQUIRED,NOT REQUIRED,NOT REQUIRED,NOT REQUIRED,NOT REQUIRED,NOT REQUIRED,0,0,1,,,,"7415 S RITA LN, , TEMPE, , Arizona",
900,ORDER COMPLETED,"Salay, Sam",RESIDENTIAL,,,"Thu, Jul 25, 2024",,,COMPLETED,COMPLETED,NOT REQUIRED,COMPLETED,,,,DONE,DONE,NOT REQUIRED,NOT REQUIRED,NOT REQUIRED,NOT REQUIRED,3,4,0,,,,"21009 N 104TH ST, , SCOTTSDALE, 85255, Arizona",
716C35,ORDER COMPLETED,"Salay, Sam",PENDING,,,"Thu, Jul 25, 2024",,,NOT REQUIRED,NOT REQUIRED,NOT REQUIRED,COMPLETED,,,,DONE,DONE,NOT REQUIRED,NOT REQUIRED,NOT REQUIRED,NOT REQUIRED,1,0,0,,,,"21009 N 104TH ST, , SCOTTSDALE, 85255, Arizona",
875,ORDER COMPLETED,"MCCURLEY, BILL & VICTORIA",RESIDENTIAL,,,"Sat, Jul 27, 2024",,,COMPLETED,COMPLETED,COMPLETED,COMPLETED,,,,DONE,DONE,NOT REQUIRED,NOT REQUIRED,NOT REQUIRED,NOT REQUIRED,23,28,5,,,,"130 Tail Feather Lane, , Hailey, 83333, Idaho",
883,ORDER COMPLETED,"& Chantel, Grady",APRIL,,,"Tue, Jul 30, 2024",,,NOT REQUIRED,NOT REQUIRED,NOT REQUIRED,COMPLETED,,,,DONE,ALREADY PICKUP,NOT REQUIRED,NOT REQUIRED,NOT REQUIRED,NOT REQUIRED,23,0,0,,,,"15037 N Scottsdale Rd, unit 120, Scottsdale, 85254, Arizona",
884,ORDER COMPLETED,"WARZYNSKI, KEN",APRIL,,,"Tue, Jul 30, 2024",,,NOT REQUIRED,NOT REQUIRED,NOT REQUIRED,COMPLETED,,,,DONE,ALREADY PICKUP,NOT REQUIRED,NOT REQUIRED,NOT REQUIRED,NOT REQUIRED,10,0,0,,,,"6640 E JOSHUA TREE LN, , PARADISE VALLEY, , Arizona",
899,ORDER COMPLETED,"Vincent, Rick",RESIDENTIAL,,,"Wed, Jul 31, 2024",,,COMPLETED,COMPLETED,COMPLETED,COMPLETED,OK,,,DONE,DONE,NOT REQUIRED,NOT REQUIRED,NOT REQUIRED,NOT REQUIRED,3,5,2,,,,", , , ,",
889,ORDER COMPLETED,"VRANAC, AIDA & ADIS",WARRANTY JOB,,,"Thu, Aug 01, 2024",,,NOT REQUIRED,NOT REQUIRED,NOT REQUIRED,COMPLETED,,,,DONE,DONE,NOT REQUIRED,NOT REQUIRED,NOT REQUIRED,NOT REQUIRED,11,0,0,,,,"6455 E PARADISE LN, , scottsdale, , Arizona",
898,ORDER COMPLETED,"Brianna, Parette",WARRANTY JOB,,,"Thu, Aug 01, 2024",,,NOT REQUIRED,NOT REQUIRED,NOT REQUIRED,COMPLETED,,,,DONE,DONE,NOT REQUIRED,NOT REQUIRED,NOT REQUIRED,NOT REQUIRED,4,0,0,,,,", , , ,",
897,ORDER COMPLETED,"Shorr, Dan",RESIDENTIAL,,,"Mon, Aug 05, 2024",,,COMPLETED,COMPLETED,COMPLETED,COMPLETED,OK,,,DONE,DONE,NOT REQUIRED,NOT REQUIRED,NOT REQUIRED,NOT REQUIRED,13,18,5,,,,"9035 N 54th Place, , Paradise Valley, 85253, Arizona",
905,ORDER COMPLETED,"DOUGLAS, LAURENE",WARRANTY JOB,,,"Mon, Aug 05, 2024",,,COMPLETED,COMPLETED,NOT REQUIRED,NOT REQUIRED,NOT REQUIRED,,,NOT REQUIRED,NOT REQUIRED,NOT REQUIRED,NOT REQUIRED,NOT REQUIRED,NOT REQUIRED,0,1,0,,,,"189 GAMBLE WAY, , SNOWMASS VILLAGE, 81615, Colorado",
894,ORDER COMPLETED,"Montz, Jamie",RESIDENTIAL,,,"Tue, Aug 06, 2024",,,COMPLETED,COMPLETED,COMPLETED,COMPLETED,OK,,,DONE,DONE,NOT REQUIRED,NOT REQUIRED,NOT REQUIRED,NOT REQUIRED,7,12,4,,,,"4635 E. Calle Ventura, , Phoenix, 85018, Arizona",
901,ORDER COMPLETED,"Malantonio, Meghan",RESIDENTIAL,,,"Tue, Aug 06, 2024",,,COMPLETED,COMPLETED,COMPLETED,COMPLETED,OK,,,DONE,NOT REQUIRED,NOT REQUIRED,NOT REQUIRED,NOT REQUIRED,NOT REQUIRED,1,2,2,,,,"15645 Cholula Dr, , Fountain Hills, 85268, Arizona",
873-SEC9,ORDER COMPLETED,JAMIE MONTZ,,,,"Wed, Aug 07, 2024",,,COMPLETED,COMPLETED,IN PROGRESS,IN PROGRESS,CORTE,,,DONE,DONE,NOT REQUIRED,NOT REQUIRED,NOT REQUIRED,NOT REQUIRED,2,4,2,,,,SCOTTSDALE,
881,ORDER COMPLETED,"Stummer, Patricia & Hubert",RESIDENTIAL,,,"Thu, Aug 08, 2024",,,COMPLETED,COMPLETED,COMPLETED,COMPLETED,OK,,,DONE,DONE,NOT REQUIRED,NOT REQUIRED,NOT REQUIRED,NOT REQUIRED,1,2,1,,,,"8111 E Whisper Rock Road, , Scottsdale, 85266, Arizona",
LJ41,ORDER COMPLETED,KRAMER LA JOLLA,ADDON,,,"Sat, Aug 10, 2024",,,IN PROGRESS,NOT STARTED,NOT REQUIRED,ISSUE,,,,ISSUE,,NOT REQUIRED,NOT REQUIRED,NOT REQUIRED,NOT REQUIRED,2,2,,,,,,
893,ORDER COMPLETED,"Heiple, Monica & Robert",RESIDENTIAL,,,"Mon, Aug 12, 2024",,,COMPLETED,COMPLETED,COMPLETED,COMPLETED,CORTE,,,DONE,DONE,NOT REQUIRED,NOT REQUIRED,NOT REQUIRED,NOT REQUIRED,10,10,1,,,,"1103 W Maryland Ave, , Phoenix, 85013, Arizona",
904,ORDER COMPLETED,"HOWELL, BRAD",RESIDENTIAL,,,"Wed, Aug 14, 2024",,,COMPLETED,COMPLETED,NOT REQUIRED,COMPLETED,CORTE,,,DONE,DONE,NOT REQUIRED,NOT REQUIRED,NOT REQUIRED,NOT REQUIRED,2,2,0,,,,"5426 E MORRISON LN, , PARADISE VALLEY, , Arizona",
872,ORDER COMPLETED,"Woods, Marlene",RESIDENTIAL,,,"Mon, Aug 19, 2024",,,COMPLETED,COMPLETED,COMPLETED,COMPLETED,CORTE,,,DONE,DONE,NOT REQUIRED,NOT REQUIRED,NOT REQUIRED,NOT REQUIRED,17,24,8,,,,"5044 E Weldon Ave, , Phoenix, 85018, Arizona",
915,ORDER COMPLETED,"Woods, Marlene",RESIDENTIAL,,,"Mon, Aug 19, 2024",,,COMPLETED,COMPLETED,COMPLETED,COMPLETED,CORTE,,,DONE,DONE,NOT REQUIRED,NOT REQUIRED,NOT REQUIRED,NOT REQUIRED,2,3,1,,,,"5044 E Weldon Ave, , Phoenix, 85018, Arizona",
860-1,ORDER COMPLETED,"MOUNTAIN SHADOWS, MOUNTAIN SHADOWS",,,,"Wed, Aug 21, 2024",,,COMPLETED,COMPLETED,NOT REQUIRED,COMPLETED,CORTE,,,DONE,DONE,NOT REQUIRED,NOT REQUIRED,NOT REQUIRED,NOT REQUIRED,1,1,0,,,,"5445 E LINCOLN DR, , PARADISE VALLEY, , Arizona",
907,ORDER COMPLETED,"Stratmann, Scott & Cynthia",RESIDENTIAL,,,"Thu, Aug 22, 2024",,,COMPLETED,COMPLETED,COMPLETED,COMPLETED,COMPLETED,,,DONE,DONE,NOT REQUIRED,NOT REQUIRED,NOT REQUIRED,NOT REQUIRED,14,18,4,,,,"26902 North Boulder View Drive, , Scottsdale, 85262, Arizona",
909,ORDER COMPLETED,"Hawley, Tammy & Greg",RESIDENTIAL,,,"Sat, Aug 24, 2024",,,COMPLETED,COMPLETED,COMPLETED,COMPLETED,CORTE,,,DONE,DONE,NOT REQUIRED,NOT REQUIRED,NOT REQUIRED,NOT REQUIRED,6,13,7,,,,"1409 W Orchard Lane, , Carlsbad, 88220, New Mexico",
888,ORDER COMPLETED,"Amazan, Dr Susan & John",RESIDENTIAL,,,"Mon, Aug 26, 2024",,,COMPLETED,COMPLETED,COMPLETED,COMPLETED,CORTE,,,DONE,DONE,NOT REQUIRED,NOT REQUIRED,NOT REQUIRED,NOT REQUIRED,16,13,3,,,,", , , ,",
908,ORDER COMPLETED,"Kilian, Debbie",RESIDENTIAL,,,"Tue, Aug 27, 2024",,,COMPLETED,COMPLETED,COMPLETED,COMPLETED,CORTE,,,DONE,DONE,NOT REQUIRED,NOT REQUIRED,NOT REQUIRED,NOT REQUIRED,12,16,4,,,,"6587 N Palmeraie Blvd, #2046, Paradise Valley, 85253, Arizona",
896,ORDER COMPLETED,"Jennifer Graf, Jim Butler &",RESIDENTIAL,,,"Thu, Aug 29, 2024",,,COMPLETED,COMPLETED,COMPLETED,COMPLETED,CORTE,,,DONE,DONE,NOT REQUIRED,NOT REQUIRED,NOT REQUIRED,NOT REQUIRED,38,50,13,,,,"6720 N Whispering Hills Rd, , Paradise Valley, 85253, Arizona",
903,ORDER COMPLETED,"HINGISS, MARK & CHERYL",WARRANTY JOB,,,"Thu, Aug 29, 2024",,,NOT REQUIRED,NOT REQUIRED,NOT REQUIRED,COMPLETED,,,,DONE,SAME-NEED,NOT REQUIRED,NOT REQUIRED,NOT REQUIRED,NOT REQUIRED,12,0,0,,,,"3109 E Sierra Madre Way, , Phoenix, , Arizona",
895,ORDER COMPLETED,"SCHIABOR, SCOTT",WARRANTY JOB,,,"Fri, Aug 30, 2024",,,COMPLETED,COMPLETED,NOT REQUIRED,NOT REQUIRED,NOT REQUIRED,,,NOT REQUIRED,NOT REQUIRED,NOT REQUIRED,NOT REQUIRED,NOT REQUIRED,NOT REQUIRED,0,15,0,,,,"1125 Alameda Blvd, , Coronado, , California",
912,ORDER COMPLETED,"YUNI, KIM",RESIDENTIAL,,,"Fri, Aug 30, 2024",,,NOT REQUIRED,NOT REQUIRED,NOT REQUIRED,COMPLETED,CORTE,,,DONE,DONE,NOT REQUIRED,NOT REQUIRED,NOT REQUIRED,NOT REQUIRED,15,0,0,,,,"5352Aurora summit trails, , SAN DIEGO, 92130, California",
880,ORDER COMPLETED,"Showroom, Scottsdale",COMMERCIAL,,,"Tue, Sep 03, 2024",,,COMPLETED,COMPLETED,IN PROGRESS,COMPLETED,CORTE,,,DONE,DONE,NOT REQUIRED,NOT REQUIRED,NOT REQUIRED,NOT REQUIRED,4,5,1,,,,scottsdale,
916,ORDER COMPLETED,"Gerber, Karyn",WARRANTY JOB,,,"Tue, Sep 03, 2024",,,NOT REQUIRED,NOT REQUIRED,NOT REQUIRED,COMPLETED,CORTE,,,DONE,SAME-NEED,NOT REQUIRED,NOT REQUIRED,NOT REQUIRED,NOT REQUIRED,5,0,0,,,,"4103 n 64th pl, , Scottsdale, 85251, Arizona",
911,ORDER COMPLETED,"Ashleigh, Donovan",RESIDENTIAL,,,"Wed, Sep 04, 2024",,,COMPLETED,COMPLETED,COMPLETED,COMPLETED,CORTE,,,DONE,DONE,NOT REQUIRED,NOT REQUIRED,NOT REQUIRED,NOT REQUIRED,7,11,4,,,,"84 Highland Road, , RYE, 10580, New York",
918,ORDER COMPLETED,"DEDEK, JOANNE",WARRANTY JOB,,,"Wed, Sep 04, 2024",,,NOT REQUIRED,NOT REQUIRED,NOT REQUIRED,COMPLETED,CORTE,,,DONE,SAME-NEED,NOT REQUIRED,NOT REQUIRED,NOT REQUIRED,NOT REQUIRED,12,0,0,,,,"3750 E Sagebrush St, , GILBERT, , Arizona",
913,ORDER COMPLETED,"BURKE, MARY",RESIDENTIAL,,,"Thu, Sep 05, 2024",,,NOT REQUIRED,NOT REQUIRED,ISSUE,NOT REQUIRED,NOT REQUIRED,,,NOT REQUIRED,NOT REQUIRED,NOT REQUIRED,NOT REQUIRED,NOT REQUIRED,NOT REQUIRED,0,0,1,,,,"6888 Rio Vista Street, , LAS VEGAS, , Nevada",
917,ORDER COMPLETED,"WELTON, DAN",RESIDENTIAL,,,"Thu, Sep 05, 2024",,,NOT REQUIRED,NOT REQUIRED,NOT REQUIRED,COMPLETED,CORTE,,,DONE,DONE,NOT REQUIRED,NOT REQUIRED,NOT REQUIRED,NOT REQUIRED,3,0,0,,,,"27579 N 65th St, , SCOTTSDALE, 85266, Arizona",
927,ORDER COMPLETED,"Interiors, K & Q",WARRANTY JOB,,,"Thu, Sep 05, 2024",,,NOT REQUIRED,NOT REQUIRED,COMPLETED,NOT REQUIRED,NOT REQUIRED,,,NOT REQUIRED,NOT REQUIRED,NOT REQUIRED,NOT REQUIRED,NOT REQUIRED,NOT REQUIRED,0,0,1,,,,"4300 N Miller Road, #130, Scottsdale, 85251, Arizona",
932,ORDER COMPLETED,"Malantonio, Meghan",WARRANTY JOB,,,"Thu, Sep 05, 2024",,,COMPLETED,COMPLETED,COMPLETED,NOT REQUIRED,NOT REQUIRED,,,NOT REQUIRED,NOT REQUIRED,NOT REQUIRED,NOT REQUIRED,NOT REQUIRED,NOT REQUIRED,0,1,1,,,,"15645 Cholula Dr, , Fountain Hills, 85268, Arizona",
759,ORDER COMPLETED,"Trapp, Chris & Julie",RESIDENTIAL,,,"Fri, Sep 06, 2024",,,COMPLETED,COMPLETED,COMPLETED,COMPLETED,CORTE,,,DONE,DONE,NOT REQUIRED,NOT REQUIRED,NOT REQUIRED,NOT REQUIRED,8,11,3,,,,"5250 E Deer Valley Drive, , Phoenix, 85054, Arizona",
919,ORDER COMPLETED,"KITTLESON, KELSEY",APRIL,,,"Mon, Sep 09, 2024",,,NOT REQUIRED,NOT REQUIRED,NOT REQUIRED,COMPLETED,CORTE,,,DONE,SAME-NEED,NOT REQUIRED,NOT REQUIRED,NOT REQUIRED,NOT REQUIRED,27,0,0,,,,"7418 E CHOLLA LN, , SCOTTSDALE, 85250, Arizona",
928,ORDER COMPLETED,"GROTHAUS, SHELLEY",REDOING,,,"Mon, Sep 09, 2024",,,NOT REQUIRED,NOT REQUIRED,NOT REQUIRED,COMPLETED,CORTE,,,DONE,SAME-NEED,NOT REQUIRED,NOT REQUIRED,NOT REQUIRED,NOT REQUIRED,1,0,0,,,,"10801 E Happy Valley Rd, lot #66, SCOTTSDALE, 85255, Arizona",
813,ORDER COMPLETED,"Burk, Cheryl",RESIDENTIAL,,,"Tue, Sep 10, 2024",,,COMPLETED,COMPLETED,COMPLETED,COMPLETED,CORTE,,,DONE,DONE,NOT REQUIRED,NOT REQUIRED,NOT REQUIRED,NOT REQUIRED,23,26,4,,,,"9555 Cattle Herd Drive, , Scottsdale, 85262, Arizona",
924,ORDER COMPLETED,"Smith, Eddie",RESIDENTIAL,,,"Wed, Sep 11, 2024",,,COMPLETED,COMPLETED,COMPLETED,COMPLETED,CORTE,,,DONE,DONE,NOT REQUIRED,NOT REQUIRED,NOT REQUIRED,NOT REQUIRED,6,9,3,,,,"7167 E Rancho Vista Drive, Unit 3002, Scottsdale, 85251, Arizona",
926,ORDER COMPLETED,"Neiman, Jason",RESIDENTIAL,,,"Thu, Sep 12, 2024",,,COMPLETED,COMPLETED,NOT REQUIRED,COMPLETED,CORTE,,,DONE,DONE,NOT REQUIRED,NOT REQUIRED,NOT REQUIRED,NOT REQUIRED,1,1,0,,,,"28521 Camel Rock Road, , Rio Verde, 85263, Arizona",
936,ORDER COMPLETED,"MILLER, JARED",APRIL,,,"Thu, Sep 12, 2024",,,NOT REQUIRED,NOT REQUIRED,NOT REQUIRED,COMPLETED,CORTE,,,DONE,SAME-NEED,NOT REQUIRED,NOT REQUIRED,NOT REQUIRED,NOT REQUIRED,10,0,0,,,,"4538 E. Exeter Blvd., , Phoenix, 85018, Arizona",
906,ORDER COMPLETED,"Peed, Michael and Michelle",RESIDENTIAL,,,"Fri, Sep 13, 2024",,,COMPLETED,COMPLETED,NOT REQUIRED,COMPLETED,CORTE,,,DONE,DONE,NOT REQUIRED,NOT REQUIRED,NOT REQUIRED,NOT REQUIRED,3,3,0,,,,"888 E E Street, , San Diego, , California",
914,ORDER COMPLETED,"DEWHURST, BRANDY",RESIDENTIAL,,,"Fri, Sep 13, 2024",,,NOT REQUIRED,NOT REQUIRED,COMPLETED,NOT REQUIRED,NOT REQUIRED,,,NOT REQUIRED,NOT REQUIRED,NOT REQUIRED,NOT REQUIRED,NOT REQUIRED,NOT REQUIRED,0,0,1,,,,", , lajolla, , California",
738,ORDER COMPLETED,"Residence, Miller",RESIDENTIAL,,,"Mon, Sep 16, 2024",,,COMPLETED,COMPLETED,COMPLETED,COMPLETED,CORTE,,,DONE,DONE,NOT REQUIRED,NOT REQUIRED,NOT REQUIRED,NOT REQUIRED,7,11,7,,,,", , , ,",
779,ORDER COMPLETED,"Auer, J",RESIDENTIAL,,,"Tue, Sep 17, 2024",,,COMPLETED,COMPLETED,COMPLETED,COMPLETED,OK,,,DONE,DONE,NOT REQUIRED,NOT REQUIRED,NOT REQUIRED,NOT REQUIRED,25,28,10,,,,"13823 S 155th Street, , Gilbert, 85296, Arizona",
943,ORDER COMPLETED,"OPTIMA 7120, OPTIMA 7120",WARRANTY JOB,,,"Wed, Sep 18, 2024",,,NOT REQUIRED,COMPLETED,NOT REQUIRED,COMPLETED,CORTE,,,DONE,SAME-NEED,NOT REQUIRED,NOT REQUIRED,NOT REQUIRED,NOT REQUIRED,7,7,0,,,,"7120 E Kierland Blvd, , SCOTTSDALE, 85254, Arizona",
1-TRADE,ORDER COMPLETED,TRADE NEIGHBORS FOR TILE,APRIL,,,"Wed, Sep 18, 2024",,,NOT REQUIRED,NOT REQUIRED,NOT REQUIRED,COMPLETED,COMPLETED,,,DONE,DONE,NOT REQUIRED,NOT REQUIRED,NOT REQUIRED,NOT REQUIRED,5,0,0,,,,"2639 E ADAMS ST, PHOENIX AZ 885034",
921,ORDER COMPLETED,"Okruch, Bill",RESIDENTIAL,,,"Thu, Sep 19, 2024",,,NOT REQUIRED,NOT REQUIRED,NOT REQUIRED,COMPLETED,CORTE,,,DONE,DONE,NOT REQUIRED,NOT REQUIRED,NOT REQUIRED,NOT REQUIRED,8,0,0,,,,"2788 E Warbler Road, , Gilbert, 85297, Arizona",
942,ORDER COMPLETED,"DEDEK, JOANNE",WARRANTY JOB,,,"Thu, Sep 19, 2024",,,NOT REQUIRED,NOT REQUIRED,NOT REQUIRED,COMPLETED,NOT REQUIRED,,,NOT REQUIRED,DONE,NOT REQUIRED,NOT REQUIRED,NOT REQUIRED,NOT REQUIRED,2,0,0,,,,"3750 E Sagebrush St, , GILBERT, , Arizona",
922,ORDER COMPLETED,"Fischer, Courtney",RESIDENTIAL,,,"Fri, Sep 20, 2024",,,COMPLETED,COMPLETED,COMPLETED,COMPLETED,CORTE,,,DONE,DONE,NOT REQUIRED,NOT REQUIRED,NOT REQUIRED,NOT REQUIRED,3,4,1,,,,", , , , California",
930,ORDER COMPLETED,"Schneider, Jason",RESIDENTIAL,,,"Fri, Sep 20, 2024",,,COMPLETED,COMPLETED,COMPLETED,COMPLETED,CORTE,,,DONE,DONE,NOT REQUIRED,NOT REQUIRED,NOT REQUIRED,NOT REQUIRED,4,8,4,,,,"1462 Cottontail Ln, , LA JOLLA, 92037, California",
933,ORDER COMPLETED,"YUNI, KIM",RESIDENTIAL,,,"Fri, Sep 20, 2024",,,NOT REQUIRED,NOT REQUIRED,NOT REQUIRED,COMPLETED,CORTE,,,DONE,DONE,NOT REQUIRED,NOT REQUIRED,NOT REQUIRED,NOT REQUIRED,6,0,0,,,,"5352Aurora summit trails, , SAN DIEGO, 92130, California",
944,ORDER COMPLETED,"Residence, Miller",WARRANTY JOB,,,"Mon, Sep 23, 2024",,,NOT REQUIRED,NOT REQUIRED,COMPLETED,COMPLETED,CORTE,,,DONE,DONE,NOT REQUIRED,NOT REQUIRED,NOT REQUIRED,NOT REQUIRED,3,0,1,,,,"42405 N 105th St, Scottsdale, AZ 85262, , scottsdale, 85262, Arizona",
937,ORDER COMPLETED,"Elmakis, Avrum & Lauren",RESIDENTIAL,,,"Wed, Sep 25, 2024",,,COMPLETED,COMPLETED,COMPLETED,COMPLETED,CORTE,,,DONE,DONE,NOT REQUIRED,NOT REQUIRED,NOT REQUIRED,NOT REQUIRED,22,29,10,,,,", , , ,",
890,ORDER COMPLETED,VICTOR LION,RESIDENTIAL,,,"Thu, Sep 26, 2024",,,NOT REQUIRED,NOT REQUIRED,NOT REQUIRED,COMPLETED,CORTE,,,DONE,DONE,NOT REQUIRED,NOT REQUIRED,NOT REQUIRED,NOT REQUIRED,4,0,0,,,,"7415 S RITA LN, , TEMPE, , Arizona",
857,ORDER COMPLETED,"Salberg, Lauri & Richard",RESIDENTIAL,,,"Fri, Sep 27, 2024",,,COMPLETED,COMPLETED,COMPLETED,COMPLETED,CORTE,,,DONE,DONE,NOT REQUIRED,NOT REQUIRED,NOT REQUIRED,NOT REQUIRED,23,31,9,,,,"26036 N 89th St, , Scottsdale, 85255, Arizona",
910,ORDER COMPLETED,"Nick, Henkel",RESIDENTIAL,,,"Mon, Sep 30, 2024",,,COMPLETED,COMPLETED,COMPLETED,COMPLETED,CORTE,,,DONE,DONE,NOT REQUIRED,NOT REQUIRED,NOT REQUIRED,NOT REQUIRED,41,50,12,,,,"7025 N Longlook rd, , Paradise Valley, , Arizona",
946,ORDER COMPLETED,"Auer, J",RESIDENTIAL,,,"Mon, Sep 30, 2024",,,COMPLETED,COMPLETED,COMPLETED,NOT REQUIRED,NOT REQUIRED,,,NOT REQUIRED,NOT REQUIRED,NOT REQUIRED,NOT REQUIRED,NOT REQUIRED,NOT REQUIRED,0,5,5,,,,"13823 S 155th Street, , Gilbert, 85296, Arizona",
935,ORDER COMPLETED,"Maynard, Dannie",RESIDENTIAL,,,"Tue, Oct 01, 2024",,,COMPLETED,COMPLETED,COMPLETED,COMPLETED,CORTE,,,DONE,DONE,NOT REQUIRED,NOT REQUIRED,NOT REQUIRED,NOT REQUIRED,33,44,9,,,,"20408 E Cloud Road, , Queen Creek, 85142, Arizona",
945,ORDER COMPLETED,"Maynard, Dannie",APRIL,,,"Tue, Oct 01, 2024",,,NOT REQUIRED,NOT REQUIRED,NOT REQUIRED,COMPLETED,CORTE,,,DONE,SAME-NEED,NOT REQUIRED,NOT REQUIRED,NOT REQUIRED,NOT REQUIRED,9,0,0,,,,"20408 E Cloud Road, , Queen Creek, 85142, Arizona",
941,ORDER COMPLETED,"KEITH, GINA",APRIL,,,"Wed, Oct 02, 2024",,,NOT REQUIRED,NOT REQUIRED,NOT REQUIRED,COMPLETED,CORTE,,,DONE,SAME-NEED,NOT REQUIRED,NOT REQUIRED,NOT REQUIRED,NOT REQUIRED,21,0,0,,,,", , , ,",
948,ORDER COMPLETED,"OPTIMA 7120, OPTIMA 7120",WARRANTY JOB,,,"Wed, Oct 02, 2024",,,NOT REQUIRED,COMPLETED,NOT REQUIRED,COMPLETED,CORTE,,,DONE,SAME-NEED,NOT REQUIRED,NOT REQUIRED,NOT REQUIRED,NOT REQUIRED,64,39,0,,,,"7120 E Kierland Blvd, , SCOTTSDALE, 85254, Arizona",
902,ORDER COMPLETED,"Mckiernan, Chris Ray",RESIDENTIAL,,,"Thu, Oct 03, 2024",,,COMPLETED,COMPLETED,COMPLETED,COMPLETED,CORTE,,,DONE,PARTIAL ORDERED,NOT REQUIRED,NOT REQUIRED,NOT REQUIRED,NOT REQUIRED,9,6,3,,,,"19907 E Jeanne Lane, , Queen Creek, 85142, Arizona",
947,ORDER COMPLETED,"Blick, Ania",RESIDENTIAL,,,"Fri, Oct 04, 2024",,,COMPLETED,COMPLETED,COMPLETED,COMPLETED,CORTE,,,DONE,PARTIAL,NOT REQUIRED,NOT REQUIRED,NOT REQUIRED,NOT REQUIRED,6,6,2,,,,", , , ,",
972,ORDER COMPLETED,"OPTIMA 7120, OPTIMA 7120",WARRANTY JOB,,,"Wed, Oct 09, 2024",,,NOT REQUIRED,COMPLETED,NOT REQUIRED,COMPLETED,CORTE,,,DONE,SAME-NEED,NOT REQUIRED,NOT REQUIRED,NOT REQUIRED,NOT REQUIRED,78,45,0,,,,"7120 E Kierland Blvd, , SCOTTSDALE, 85254, Arizona",
934,ORDER COMPLETED,"Viechnicki, Greg",RESIDENTIAL,,,"Thu, Oct 10, 2024",,,COMPLETED,COMPLETED,COMPLETED,COMPLETED,CORTE,,,DONE,DONE,NOT REQUIRED,NOT REQUIRED,NOT REQUIRED,NOT REQUIRED,4,6,3,,,,"9878 N 119th Place, , Scottsdake, 85259, Arizona",
968,ORDER COMPLETED,"Scottsdale, Showroom",COMMERCIAL,,,"Thu, Oct 10, 2024",,,COMPLETED,COMPLETED,DONE,COMPLETED,CORTE,,,DONE,DONE,NOT REQUIRED,NOT REQUIRED,NOT REQUIRED,NOT REQUIRED,2,3,1,,,,"15037 n Scottsdale Rd., , Scottsdale, 85254, Arizona",
923,ORDER COMPLETED,"Conger, Greg",RESIDENTIAL,,,"Fri, Oct 11, 2024",,,COMPLETED,COMPLETED,COMPLETED,COMPLETED,CORTE,,,DONE,DONE,NOT REQUIRED,NOT REQUIRED,NOT REQUIRED,NOT REQUIRED,7,7,2,,,,"24480 North 132nd Place, , Scottsdale, 85255, Arizona",
958,ORDER COMPLETED,"SOLTES, MARTINA",APRIL,,,"Fri, Oct 11, 2024",,,NOT REQUIRED,NOT REQUIRED,NOT REQUIRED,COMPLETED,CORTE,,,DONE,SAME-NEED,NOT REQUIRED,NOT REQUIRED,NOT REQUIRED,NOT REQUIRED,13,0,0,,,,"2014 N 80TH PLACE, , SCOTTSDALE, 85257, Arizona",
954,ORDER COMPLETED,"WEINTRAUB, JEFF",APRIL,,,"Mon, Oct 14, 2024",,,NOT REQUIRED,NOT REQUIRED,NOT REQUIRED,COMPLETED,CORTE,,,DONE,SAME-NEED,NOT REQUIRED,NOT REQUIRED,NOT REQUIRED,NOT REQUIRED,5,0,0,,,,", , , ,",
956,ORDER COMPLETED,"Sullivan, Mike",APRIL,,,"Mon, Oct 14, 2024",,,NOT REQUIRED,NOT REQUIRED,NOT REQUIRED,COMPLETED,CORTE,,,DONE,SAME-NEED,NOT REQUIRED,NOT REQUIRED,NOT REQUIRED,NOT REQUIRED,7,0,0,,,,"4742 N 212th Ave, , Buckeye, 85396, Arizona",
971,ORDER COMPLETED,"WILVER, PETE & MICHELLE",WARRANTY JOB,,,"Mon, Oct 14, 2024",,,NOT REQUIRED,NOT REQUIRED,NOT STARTED,NOT REQUIRED,NOT REQUIRED,,,NOT REQUIRED,NOT REQUIRED,NOT REQUIRED,NOT REQUIRED,NOT REQUIRED,NOT REQUIRED,0,0,1,,,,"10013 E Reflecting Mountain Way, , Scottsdale, 85262, Arizona",
874,ORDER COMPLETED,"WEINSTEIN, GREG",RESIDENTIAL,,,"Tue, Oct 15, 2024",,,COMPLETED,COMPLETED,COMPLETED,NOT REQUIRED,NOT REQUIRED,,,NOT REQUIRED,NOT REQUIRED,NOT REQUIRED,NOT REQUIRED,NOT REQUIRED,NOT REQUIRED,0,1,1,,,,"8738 W RANCHO DR, , GLENDALE, 85305, Arizona",
963,ORDER COMPLETED,"Nick, Henkel",RESIDENTIAL,,,"Tue, Oct 15, 2024",,,COMPLETED,COMPLETED,COMPLETED,COMPLETED,CORTE,,,DONE,DONE,NOT REQUIRED,NOT REQUIRED,NOT REQUIRED,NOT REQUIRED,12,5,4,,,,"7025 N Longlook rd, , Paradise Valley, , Arizona",
953,ORDER COMPLETED,"Frost, Scott",RESIDENTIAL,,,"Wed, Oct 16, 2024",,,COMPLETED,COMPLETED,COMPLETED,COMPLETED,CORTE,,,DONE,DONE,NOT REQUIRED,NOT REQUIRED,NOT REQUIRED,NOT REQUIRED,2,3,1,,,,"42168 W. Almira Court, , Maricopa, 85138, Arizona",
967,ORDER COMPLETED,"Malantonio, Meghan",WARRANTY JOB,,,"Wed, Oct 16, 2024",,,COMPLETED,COMPLETED,NOT REQUIRED,NOT REQUIRED,NOT REQUIRED,,,NOT REQUIRED,NOT REQUIRED,NOT REQUIRED,NOT REQUIRED,NOT REQUIRED,NOT REQUIRED,0,1,0,,,,"15645 Cholula Dr, , Fountain Hills, 85268, Arizona",
983,ORDER COMPLETED,"OPTIMA 7120, OPTIMA 7120",WARRANTY JOB,,,"Wed, Oct 16, 2024",,,NOT REQUIRED,COMPLETED,SAME,COMPLETED,NOT REQUIRED,,,SAME,SAME-NEED,NOT REQUIRED,NOT REQUIRED,NOT REQUIRED,NOT REQUIRED,49,34,5,,,,"7120 E Kierland Blvd, , SCOTTSDALE, 85254, Arizona",
940,ORDER COMPLETED,"Webster, Karin",RESIDENTIAL,,,"Thu, Oct 17, 2024",,,COMPLETED,COMPLETED,COMPLETED,COMPLETED,CORTE,,,DONE,DONE,NOT REQUIRED,NOT REQUIRED,NOT REQUIRED,NOT REQUIRED,9,12,3,,,,", , , ,",
939,ORDER COMPLETED,"Mehra, Pradeep & Shveta",RESIDENTIAL,,,"Mon, Oct 21, 2024",,,COMPLETED,COMPLETED,COMPLETED,COMPLETED,CORTE,,,DONE,DONE,NOT REQUIRED,NOT REQUIRED,NOT REQUIRED,NOT REQUIRED,7,8,1,,,,"576 W Horseshoe Pl,, , Chandler, 85248, Arizona",
951,ORDER COMPLETED,"Talen, Lynn & David",RESIDENTIAL,,,"Tue, Oct 22, 2024",,,COMPLETED,COMPLETED,COMPLETED,COMPLETED,CORTE,,,DONE,RECEIVED,NOT REQUIRED,NOT REQUIRED,NOT REQUIRED,NOT REQUIRED,5,7,2,,,,"12279 E Desert Vista Dr, , Scottsdale, 85255, Arizona",
955,ORDER COMPLETED,"O'Sullivan, Maria",RESIDENTIAL,,,"Wed, Oct 23, 2024",,,COMPLETED,COMPLETED,COMPLETED,COMPLETED,CORTE,,,DONE,RECEIVED,NOT REQUIRED,NOT REQUIRED,NOT REQUIRED,NOT REQUIRED,1,2,1,,,,"10951 E Greenway Road, , Scottsdale, 85255, Arizona",
980,ORDER COMPLETED,"Cunningham, Melissa",WARRANTY JOB,,,"Wed, Oct 23, 2024",,,NOT REQUIRED,NOT REQUIRED,COMPLETED,NOT REQUIRED,NOT REQUIRED,,,NOT REQUIRED,NOT REQUIRED,NOT REQUIRED,NOT REQUIRED,NOT REQUIRED,NOT REQUIRED,0,0,1,,,,"6533 E 4th Street, , Scottsdale, 85251, Arizona",
993,ORDER COMPLETED,"OPTIMA 7120, OPTIMA 7120",WARRANTY JOB,,,"Wed, Oct 23, 2024",,,NOT REQUIRED,COMPLETED,NOT REQUIRED,COMPLETED,NOT REQUIRED,,,NOT REQUIRED,SAME-NEED,NOT REQUIRED,NOT REQUIRED,NOT REQUIRED,NOT REQUIRED,49,26,0,,,,"7120 E Kierland Blvd, , SCOTTSDALE, 85254, Arizona",
977,ORDER COMPLETED,"Conger, Greg",RESIDENTIAL,,,"Thu, Oct 24, 2024",,,NOT REQUIRED,NOT REQUIRED,NOT REQUIRED,COMPLETED,CORTE,,,DONE,NOT REQUIRED,NOT REQUIRED,NOT REQUIRED,NOT REQUIRED,NOT REQUIRED,6,0,0,,,,"24480 North 132nd Place, , Scottsdale, 85255, Arizona",
979,ORDER COMPLETED,"Hamilton, Melanie",RESIDENTIAL,,,"Thu, Oct 24, 2024",,,NOT REQUIRED,NOT REQUIRED,COMPLETED,NOT REQUIRED,NOT REQUIRED,,,NOT REQUIRED,NOT REQUIRED,NOT REQUIRED,NOT REQUIRED,NOT REQUIRED,NOT REQUIRED,0,0,1,,,,"2251 E Granite View Dr, , Phoenix, 85048, Arizona",
982,ORDER COMPLETED,"MIKE, MARX",WARRANTY JOB,,,"Thu, Oct 24, 2024",,,NOT REQUIRED,NOT REQUIRED,COMPLETED,NOT REQUIRED,NOT REQUIRED,,,NOT REQUIRED,NOT REQUIRED,NOT REQUIRED,NOT REQUIRED,NOT REQUIRED,NOT REQUIRED,0,0,1,,,,"5757 E CAMELBACK RD, , PHOENIX, 85018, Arizona",
985,ORDER COMPLETED,"GROTHAUS, SHELLEY",APRIL,,,"Thu, Oct 24, 2024",,,NOT REQUIRED,NOT REQUIRED,NOT REQUIRED,COMPLETED,CORTE,,,DONE,SAME-NEED,NOT REQUIRED,NOT REQUIRED,NOT REQUIRED,NOT REQUIRED,1,0,0,,,,"10801 E Happy Valley Rd, lot #66, SCOTTSDALE, 85255, Arizona",
986,ORDER COMPLETED,"Viechnicki, Greg",RESIDENTIAL,,,"Thu, Oct 24, 2024",,,NOT REQUIRED,NOT REQUIRED,NOT REQUIRED,COMPLETED,CORTE,,,DONE,NOT REQUIRED,NOT REQUIRED,NOT REQUIRED,NOT REQUIRED,NOT REQUIRED,4,0,0,,,,"9878 N 119th Place, , Scottsdake, 85259, Arizona",
949,ORDER COMPLETED,"PALMER, TERESA",APRIL,,,"Fri, Oct 25, 2024",,,NOT REQUIRED,NOT REQUIRED,NOT REQUIRED,COMPLETED,COMPLETED,,,DONE,SAME-NEED,NOT REQUIRED,NOT REQUIRED,NOT REQUIRED,NOT REQUIRED,29,0,0,,,,"8532 E WHISPER ROCK, , SCOTTSDALE, 85266, Arizona",
996,ORDER COMPLETED,"Scottsdale, Showroom",COMMERCIAL,,,"Fri, Oct 25, 2024",,,NOT REQUIRED,COMPLETED,COMPLETED,COMPLETED,CORTE,,,DONE,ORDER/ PARTIAL,NOT REQUIRED,NOT REQUIRED,NOT REQUIRED,NOT REQUIRED,10,11,6,,,,"15037 n Scottsdale Rd., , Scottsdale, 85254, Arizona",
831,ORDER COMPLETED,"Interiors, K & Q KLAYKO SCOTTSDALE",RESIDENTIAL,,,"Mon, Oct 28, 2024",,,COMPLETED,COMPLETED,COMPLETED,COMPLETED,CORTE,,,DONE,DONE,NOT REQUIRED,NOT REQUIRED,NOT REQUIRED,NOT REQUIRED,20,32,12,,,,"4300 N Miller Road, #130, Scottsdale, 85251, Arizona",
970,ORDER COMPLETED,"LLP, Perkins Coie",APRIL,,,"Mon, Oct 28, 2024",,,NOT REQUIRED,NOT REQUIRED,NOT REQUIRED,COMPLETED,CORTE,,,DONE,SAME-NEED,NOT REQUIRED,NOT REQUIRED,NOT REQUIRED,NOT REQUIRED,3,0,0,,,,"2901 N Central Ave, Suite 2000, Phoenix, 85012, Arizona",
969,ORDER COMPLETED,"Republic, Caesar's",APRIL,,,"Tue, Oct 29, 2024",,,NOT REQUIRED,NOT REQUIRED,NOT REQUIRED,IN PROGRESS,CORTE,,,DONE,SAME-NEED,NOT REQUIRED,NOT REQUIRED,NOT REQUIRED,NOT REQUIRED,26,0,0,,,,"4747 N Goldwater Blvd, , Scottsdale, 85251, Arizona",
885,ORDER COMPLETED,"Residence, Larson",RESIDENTIAL,,,"Wed, Oct 30, 2024",,,COMPLETED,COMPLETED,COMPLETED,COMPLETED,CORTE,,,DONE,RECEIVED,NOT REQUIRED,NOT REQUIRED,NOT REQUIRED,NOT REQUIRED,13,19,8,,,,"8881 E Via Del Sol Dr., , Scottsdale, 85255, Arizona",
964,ORDER COMPLETED,"Auer, J",RESIDENTIAL,,,"Wed, Oct 30, 2024",,,COMPLETED,COMPLETED,COMPLETED,READY FILL,CORTE,,,DONE,RECEIVED,NOT REQUIRED,NOT REQUIRED,NOT REQUIRED,NOT REQUIRED,2,3,2,,,,"13823 S 155th Street, , Gilbert, 85296, Arizona",
976,ORDER COMPLETED,"CHRIS, PRICE",COMMERCIAL,,,"Thu, Oct 31, 2024",,,COMPLETED,COMPLETED,NOT REQUIRED,COMPLETED,IN PROGRESS,,,DONE,RECEIVED,NOT REQUIRED,NOT REQUIRED,NOT REQUIRED,NOT REQUIRED,51,5,0,,,,", , , ,BAHAMAS",
952,ORDER COMPLETED,"NICHOLAS, CRISTIN-MOSHER",RESIDENTIAL,,,"Tue, Nov 05, 2024",,,COMPLETED,COMPLETED,COMPLETED,COMPLETED,CORTE,,,DONE,RECEIVED,NOT REQUIRED,NOT REQUIRED,NOT REQUIRED,NOT REQUIRED,22,26,4,,,,"4516 E Clearwater Pkwy, , PARADISE VALLEY, 85253, Arizona",
962,ORDER COMPLETED,Karen Rosati,WARRANTY JOB,,,"Tue, Nov 05, 2024",,,NOT REQUIRED,NOT REQUIRED,COMPLETED,NOT REQUIRED,NOT REQUIRED,,,NOT REQUIRED,NOT REQUIRED,NOT REQUIRED,NOT REQUIRED,NOT REQUIRED,NOT REQUIRED,0,0,2,,,,,
929,ORDER COMPLETED,"Restivo, Steven & Izabela",RESIDENTIAL,,,"Wed, Nov 06, 2024",,,COMPLETED,COMPLETED,COMPLETED,COMPLETED,CORTE,,,DONE,RECEIVED,NOT REQUIRED,NOT REQUIRED,NOT REQUIRED,NOT REQUIRED,16,23,12,,,,"12532 E Desert Vista Drive, , Scottsdale, 85255, Arizona",
957,ORDER COMPLETED,"Ayan, Jan & Jordan",RESIDENTIAL,,,"Thu, Nov 07, 2024",,,COMPLETED,COMPLETED,COMPLETED,COMPLETED,CORTE,,,DONE,RECEIVED,NOT REQUIRED,NOT REQUIRED,NOT REQUIRED,NOT REQUIRED,16,19,5,,,,"6033 Opus Street, , Brentwood, 37027, Tennessee",
966,ORDER COMPLETED,VISTA BONITA BY CRISTIN,RESIDENTIAL,,,"Thu, Nov 07, 2024",,,COMPLETED,COMPLETED,COMPLETED,COMPLETED,CORTE,,,DONE,RECEIVED PARTIAL,NOT REQUIRED,NOT REQUIRED,NOT REQUIRED,NOT REQUIRED,6,9,4,,,,"4516 E Clearwater Pkwy, , PARADISE VALLEY, 85253, Arizona",
987,ORDER COMPLETED,"Nick, Henkel",RESIDENTIAL,,,"Thu, Nov 07, 2024",,,NOT REQUIRED,NOT REQUIRED,NOT REQUIRED,COMPLETED,,,,DONE,NOT REQUIRED,NOT REQUIRED,NOT REQUIRED,NOT REQUIRED,NOT REQUIRED,9,0,0,,,,"7025 N Longlook rd, , Paradise Valley, , Arizona",
1004,ORDER COMPLETED,"Interiors, K & Q",WARRANTY JOB,,,"Thu, Nov 07, 2024",,,NOT REQUIRED,NOT REQUIRED,COMPLETED,NOT REQUIRED,NOT REQUIRED,,,NOT REQUIRED,NOT REQUIRED,NOT REQUIRED,NOT REQUIRED,NOT REQUIRED,NOT REQUIRED,0,0,1,,,,"4300 N Miller Road, #130, Scottsdale, 85251, Arizona",
965,ORDER COMPLETED,"DeWitt, Victoria",RESIDENTIAL,,,"Mon, Nov 11, 2024",,,COMPLETED,COMPLETED,COMPLETED,COMPLETED,CORTE,,,DONE,RECEIVED,NOT REQUIRED,NOT REQUIRED,NOT REQUIRED,NOT REQUIRED,4,5,1,,,,"3067 E. boot track Trail, , Gilbert, 85296, Arizona",
989,ORDER COMPLETED,"Vartughian, Eddie",APRIL,,,"Mon, Nov 11, 2024",,,NOT REQUIRED,NOT REQUIRED,NOT REQUIRED,IN PROGRESS,CORTE,,,DONE,SAME-NEED,NOT REQUIRED,NOT REQUIRED,NOT REQUIRED,NOT REQUIRED,2,0,0,,,,"6110 East Alta Hacienda Drive, , Scottsdale, 85251, Arizona",
961,ORDER COMPLETED,"Newberry, Corbin",RESIDENTIAL,,,"Tue, Nov 12, 2024",,,COMPLETED,COMPLETED,NOT REQUIRED,COMPLETED,CORTE,,,DONE,RECEIVED,NOT REQUIRED,NOT REQUIRED,NOT REQUIRED,NOT REQUIRED,14,14,0,,,,"13445 N 84th St, , Scottsdale, 85260, Arizona",
1010,ORDER COMPLETED,"Maynard, Dannie",WARRANTY JOB,,,"Tue, Nov 12, 2024",,,NOT REQUIRED,NOT REQUIRED,NOT REQUIRED,COMPLETED,NOT REQUIRED,,,NOT REQUIRED,RECEIVED,NOT REQUIRED,NOT REQUIRED,NOT REQUIRED,NOT REQUIRED,17,0,0,,,,"20408 E Cloud Road, , Queen Creek, 85142, Arizona",
1005,ORDER COMPLETED,"ASU GOLF (Montiel, Ally)",COMMERCIAL,,,"Wed, Nov 13, 2024",,,COMPLETED,COMPLETED,COMPLETED,COMPLETED,CORTE,,,DONE,RECEIVED,NOT REQUIRED,NOT REQUIRED,NOT REQUIRED,NOT REQUIRED,4,5,1,,,,", , , ,",
938,ORDER COMPLETED,"Montz, Jamie",RESIDENTIAL,,,"Thu, Nov 14, 2024",,,COMPLETED,COMPLETED,COMPLETED,COMPLETED,CORTE,,,DONE,RECEIVED,NOT REQUIRED,NOT REQUIRED,NOT REQUIRED,NOT REQUIRED,5,6,2,,,,"4635 E. Calle Ventura, , Phoenix, 85018, Arizona",
999,ORDER COMPLETED,"Lia, Rowland",APRIL,,,"Thu, Nov 14, 2024",,,NOT REQUIRED,NOT REQUIRED,NOT REQUIRED,COMPLETED,COSTURA,,,SAME,SAME-NEED,NOT REQUIRED,NOT REQUIRED,NOT REQUIRED,NOT REQUIRED,1,0,0,,,,"3137 N 86th Pl, , Scottsdale, 85251, Arizona",
931,ORDER COMPLETED,"Weber, Mark",RESIDENTIAL,,,"Fri, Nov 15, 2024",,,COMPLETED,,COMPLETED,COMPLETED,CORTE,,,DONE,RECEIVED,NOT REQUIRED,NOT REQUIRED,NOT REQUIRED,NOT REQUIRED,23,31,4,,,,", , Scottsdale, 85254, Arizona",
990,ORDER COMPLETED,"RUDNITZKI, SUZANNE",APRIL,,,"Mon, Nov 18, 2024",,,NOT REQUIRED,NOT REQUIRED,NOT REQUIRED,COMPLETED,CORTE,,,DONE,SAME-NEED,NOT REQUIRED,NOT REQUIRED,NOT REQUIRED,NOT REQUIRED,12,0,0,,,,"420 S Pinto Pl, , Tucson, 85748, Arizona",
973,ORDER COMPLETED,"O'Connell, Don",RESIDENTIAL,,,"Tue, Nov 19, 2024",,,COMPLETED,COMPLETED,COMPLETED,COMPLETED,CORTE,,,DONE,RECEIVED,NOT REQUIRED,NOT REQUIRED,NOT REQUIRED,NOT REQUIRED,6,5,2,,,,"8281 East Windrose Drive, , Scottsdale, 85260, Arizona",
1008,ORDER COMPLETED,"Barnes, Garva",RESIDENTIAL,,,"Tue, Nov 19, 2024",,,NOT REQUIRED,NOT REQUIRED,COMPLETED,NOT REQUIRED,NOT REQUIRED,,,NOT REQUIRED,NOT REQUIRED,NOT REQUIRED,NOT REQUIRED,NOT REQUIRED,NOT REQUIRED,0,0,1,,,,"27905 N 114th Way, , Scottsdale, 85262, Arizona",
994,ORDER COMPLETED,"Steinhilber, Scott",RESIDENTIAL,,,"Wed, Nov 20, 2024",,,COMPLETED,COMPLETED,COMPLETED,COMPLETED,CORTE,COMPLETED,,DONE,RECEIVED,NOT REQUIRED,NOT REQUIRED,NOT REQUIRED,NOT REQUIRED,2,3,1,,,,"895 E County Down Dr, , Chandler, 85249, Arizona",
1016,ORDER COMPLETED,"Restivo, Steven & Izabela",WARRANTY JOB,,,"Wed, Nov 20, 2024",,,NOT REQUIRED,NOT REQUIRED,COMPLETED,COMPLETED,CORTE,COMPLETED,,DONE,SAME-NEED,NOT REQUIRED,NOT REQUIRED,NOT REQUIRED,NOT REQUIRED,2,0,5,,,,"12532 E Desert Vista Drive, , Scottsdale, 85255, Arizona",
974,ORDER COMPLETED,"Bearinger, Gene",RESIDENTIAL,,,"Thu, Nov 21, 2024",,,COMPLETED,COMPLETED,COMPLETED,COMPLETED,COMPLETED,,,DONE,RECEIVED,NOT REQUIRED,NOT REQUIRED,NOT REQUIRED,NOT REQUIRED,6,11,7,,,,"10931 E Fanfol Ln, , Scottsdale, 85259, Arizona",
1009,ORDER COMPLETED,"Foxman, Ted",APRIL,,,"Thu, Nov 21, 2024",,,NOT REQUIRED,NOT REQUIRED,NOT REQUIRED,COMPLETED,COMPLETED,COMPLETED,,DONE,RECEIVED,NOT REQUIRED,NOT REQUIRED,NOT REQUIRED,NOT REQUIRED,1,0,0,,,,"3950 Royal Oak Pl, , Encino, 91436, California",
1011,ORDER COMPLETED,"MAPSTEAD, JIM & JILL",APRIL,,,"Thu, Nov 21, 2024",,,NOT REQUIRED,NOT REQUIRED,NOT REQUIRED,COMPLETED,COMPLETED,COMPLETED,,DONE,SAME-NEED,NOT REQUIRED,NOT REQUIRED,NOT REQUIRED,NOT REQUIRED,6,0,0,,,,"15614 N 18TH ST, , Phoenix, , Arizona",
960,ORDER COMPLETED,"Schneider, Jason",RESIDENTIAL,,,"Fri, Nov 22, 2024",,,COMPLETED,COMPLETED,COMPLETED,COMPLETED,CORTE,COMPLETED,,DONE,RECEIVED,NOT REQUIRED,NOT REQUIRED,NOT REQUIRED,NOT REQUIRED,4,5,1,,,,"1462 Cottontail Ln, , LA JOLLA, 92037, California",
1002,ORDER COMPLETED,"Jacksic, lisa",RESIDENTIAL,,,"Fri, Nov 22, 2024",,,COMPLETED,COMPLETED,COMPLETED,COMPLETED,CORTE,COMPLETED,,DONE,RECEIVED,NOT REQUIRED,NOT REQUIRED,NOT REQUIRED,NOT REQUIRED,10,14,4,,,,"6504 Via Colinita, , Rancho Palos Verdes, 90275, California",
984,ORDER COMPLETED,"Okruch, Bill",RESIDENTIAL,,,"Mon, Nov 25, 2024",,,COMPLETED,COMPLETED,COMPLETED,COMPLETED,IN PROGRESS,PARTIAL,,ORDERED,RECEIVED,NOT REQUIRED,NOT REQUIRED,NOT REQUIRED,NOT REQUIRED,3,3,2,,,,"2788 E Warbler Road, , Gilbert, 85297, Arizona",
995,ORDER COMPLETED,"Cohen, Beth",APRIL,,,"Mon, Nov 25, 2024",,,NOT REQUIRED,NOT REQUIRED,NOT REQUIRED,COMPLETED,CORTE,COMPLETED,,DONE,SAME-NEED,NOT REQUIRED,NOT REQUIRED,NOT REQUIRED,NOT REQUIRED,2,0,0,,,,", , , ,",
1015,ORDER COMPLETED,"Blick, Ania",RESIDENTIAL,,,"Mon, Nov 25, 2024",,,NOT REQUIRED,NOT REQUIRED,NOT REQUIRED,COMPLETED,COMPLETED,COMPLETED,,DONE,RECEIVED,NOT REQUIRED,NOT REQUIRED,NOT REQUIRED,NOT REQUIRED,14,0,0,,,,"4118 E Lakeside Ln, , Paradise Valley, 85253, Arizona",
981,ORDER COMPLETED,"Dresselhuys, Laura And Ed",RESIDENTIAL,,,"Tue, Nov 26, 2024",,,COMPLETED,COMPLETED,COMPLETED,COMPLETED,COMPLETED,COMPLETED,,DONE,RECEIVED,NOT REQUIRED,NOT REQUIRED,NOT REQUIRED,NOT REQUIRED,19,23,5,,,,"4600 E Clearwater Pkwy, , Paradise Valley, 85253, Arizona",
991,ORDER COMPLETED,"Sevrain, Joanne",RESIDENTIAL,,,"Tue, Nov 26, 2024",,,COMPLETED,COMPLETED,COMPLETED,COMPLETED,COMPLETED,COMPLETED,,DONE,DONE,NOT REQUIRED,NOT REQUIRED,NOT REQUIRED,NOT REQUIRED,2,3,1,,,,"6310 E Maverick Rd, , Paradise Valley, 85253, Arizona",
1031,ORDER COMPLETED,"Showroom, Scottsdale",RESIDENTIAL,,,"Tue, Nov 26, 2024",,,COMPLETED,COMPLETED,COMPLETED,COMPLETED,COMPLETED,COMPLETED,,DONE,RECEIVED,NOT REQUIRED,NOT REQUIRED,NOT REQUIRED,NOT REQUIRED,10,10,2,,,,", , , ,",
1032,ORDER COMPLETED,"Narwani, Ricku",RESIDENTIAL,,,"Tue, Nov 26, 2024",,,COMPLETED,COMPLETED,COMPLETED,COMPLETED,COMPLETED,COMPLETED,,DONE,RECEIVED,NOT REQUIRED,NOT REQUIRED,NOT REQUIRED,NOT REQUIRED,2,1,0,,,,", , , ,",
992,ORDER COMPLETED,"Davis, Christina",RESIDENTIAL,,,"Wed, Nov 27, 2024",,,COMPLETED,COMPLETED,COMPLETED,COMPLETED,COMPLETED,COMPLETED,,DONE,PARTIAL,NOT REQUIRED,NOT REQUIRED,NOT REQUIRED,NOT REQUIRED,20,25,5,,,,"7425 E Bonita Dr, , Scottsdale, 85250, Arizona",
998,ORDER COMPLETED,"Torneanu (Sundown Project), Simon & Peter",APRIL,,,"Wed, Nov 27, 2024",,,NOT REQUIRED,NOT REQUIRED,NOT REQUIRED,COMPLETED,CORTE,COMPLETED,,DONE,SAME-NEED,NOT REQUIRED,NOT REQUIRED,NOT REQUIRED,NOT REQUIRED,18,0,0,,,,"12025 N Sundown Dr, , Scottsdale, 85260, Arizona",
1028,ORDER COMPLETED,"Brown, Jeremy",RESIDENTIAL,,,"Wed, Nov 27, 2024",,,COMPLETED,COMPLETED,COMPLETED,COMPLETED,COMPLETED,COMPLETED,,DONE,RECEIVED,NOT REQUIRED,NOT REQUIRED,NOT REQUIRED,NOT REQUIRED,12,10,3,,,,"8601 E. Via de Sereno, , Scottsdale, 85258, Arizona",
1018,ORDER COMPLETED,"Sommer, Steven",RESIDENTIAL,,,"Thu, Nov 28, 2024",,,NOT REQUIRED,NOT REQUIRED,COMPLETED,NOT REQUIRED,NOT REQUIRED,NOT REQUIRED,,NOT REQUIRED,NOT REQUIRED,NOT REQUIRED,NOT REQUIRED,NOT REQUIRED,NOT REQUIRED,0,0,2,,,,"15037 N Scottsdale Rd, Ste 120, Scottsdale, 85254, Arizona",
988,ORDER COMPLETED,"Quaranta, Tony",RESIDENTIAL,,,"Mon, Dec 02, 2024",,,COMPLETED,COMPLETED,COMPLETED,COMPLETED,COMPLETED,COMPLETED,,DONE,WE HAVE,NOT REQUIRED,NOT REQUIRED,NOT REQUIRED,NOT REQUIRED,2,4,2,,,,"2048 N 162nd Drive, , Goodyear, 85395, Arizona",
1033,ORDER COMPLETED,MOUNTAIN SHADOWS,COMMERCIAL,,,"Mon, Dec 02, 2024",,,NOT REQUIRED,NOT REQUIRED,COMPLETED,NOT REQUIRED,NOT REQUIRED,NOT REQUIRED,,NOT REQUIRED,NOT REQUIRED,NOT REQUIRED,NOT REQUIRED,NOT REQUIRED,NOT REQUIRED,0,0,1,,,,"5445 E LINCOLN DR, , PARADISE VALLEY, , Arizona",
1003,ORDER COMPLETED,"Murphy, Pat & Camille",RESIDENTIAL,,,"Tue, Dec 03, 2024",,,COMPLETED,COMPLETED,NOT REQUIRED,COMPLETED,COMPLETED,COMPLETED,,DONE,RECEIVED,NOT REQUIRED,NOT REQUIRED,NOT REQUIRED,NOT REQUIRED,2,2,0,,,,"8788 E. Arroyo Seco Road, , Scottsdale, 85266, Arizona",
1006,ORDER COMPLETED,"Joshi, Shreya",RESIDENTIAL,,,"Tue, Dec 03, 2024",,,COMPLETED,COMPLETED,COMPLETED,COMPLETED,COMPLETED,COMPLETED,,DONE,RECEIVED,NOT REQUIRED,NOT REQUIRED,NOT REQUIRED,NOT REQUIRED,6,8,2,,,,"15016 N 94th Street, , Scottsdale, 85254, Arizona",
1047,ORDER COMPLETED,"Sosnow, Phillis",RESIDENTIAL,,,"Tue, Dec 03, 2024",,,NOT REQUIRED,NOT REQUIRED,NOT REQUIRED,COMPLETED,COMPLETED,COMPLETED,,DONE,NOT REQUIRED,NOT REQUIRED,NOT REQUIRED,NOT REQUIRED,NOT REQUIRED,2,0,0,,,,"Showroom, , , ,",
1000,ORDER COMPLETED,"Baker, Kelly & Jim",RESIDENTIAL,,,"Wed, Dec 04, 2024",,,COMPLETED,COMPLETED,COMPLETED,COMPLETED,COMPLETED,COMPLETED,,DONE,RECEIVED,NOT REQUIRED,NOT REQUIRED,NOT REQUIRED,NOT REQUIRED,8,11,3,,,,"9290 E Thompson Peak Pkwy, Unit 209, Scottsdale, 85255, Arizona",
978,ORDER COMPLETED,"Murley, Cathy",RESIDENTIAL,,,"Thu, Dec 05, 2024",,,COMPLETED,COMPLETED,COMPLETED,COMPLETED,COMPLETED,COMPLETED,,DONE,RECEIVED,NOT REQUIRED,NOT REQUIRED,NOT REQUIRED,NOT REQUIRED,11,12,2,,,,"1515 E Dobbins Road, , Phoenix, 85042, Arizona",
1007,ORDER COMPLETED,"Shea, Dave",RESIDENTIAL,,,"Fri, Dec 06, 2024",,,COMPLETED,COMPLETED,IN PROGRESS,COMPLETED,COMPLETED,COMPLETED,,DONE,RECEIVED,NOT REQUIRED,NOT REQUIRED,NOT REQUIRED,NOT REQUIRED,8,10,2,,,,"5404 North 41st Street, , Phoenix, 85018, Arizona",
1022,ORDER COMPLETED,"Showroom, Scottsdale",RESIDENTIAL,,,"Mon, Dec 09, 2024",,,COMPLETED,COMPLETED,COMPLETED,COMPLETED,COMPLETED,COMPLETED,,DONE,RECEIVED,NOT REQUIRED,NOT REQUIRED,NOT REQUIRED,NOT REQUIRED,4,7,3,,,,", , , ,",
1026,ORDER COMPLETED,"Chinitz, Tricia",APRIL,,,"Mon, Dec 09, 2024",,,NOT REQUIRED,NOT REQUIRED,NOT REQUIRED,COMPLETED,COMPLETED,IN PROGRESS,,DONE,SAME-NEED,NOT REQUIRED,NOT REQUIRED,NOT REQUIRED,NOT REQUIRED,5,0,0,,,,"5737 E Hedgehog Pl, Gate code: #5437, Scottsdale, 85266, Arizona",
1027,ORDER COMPLETED,"OPTIMA, METROPOLIS",COMMERCIAL,,,"Mon, Dec 09, 2024",,,NOT REQUIRED,NOT REQUIRED,NOT REQUIRED,COMPLETED,COMPLETED,COMPLETED,,DONE,SAME-NEED,NOT REQUIRED,NOT REQUIRED,NOT REQUIRED,NOT REQUIRED,32,0,0,,,,"7137 E RANCHO VISTA, , SCOTTSDALE, 85251, Arizona",
1036,ORDER COMPLETED,"James, Kim & Chuck",RESIDENTIAL,,,"Mon, Dec 09, 2024",,,NOT REQUIRED,NOT REQUIRED,COMPLETED,NOT REQUIRED,NOT REQUIRED,NOT REQUIRED,,NOT REQUIRED,NOT REQUIRED,NOT REQUIRED,NOT REQUIRED,NOT REQUIRED,NOT REQUIRED,0,0,1,,,,"7632 East Vía Del Placito, , Scottsdale, 85258, Arizona",
997,ORDER COMPLETED,"Burgess, Kim",RESIDENTIAL,,,"Tue, Dec 10, 2024",,,COMPLETED,COMPLETED,COMPLETED,COMPLETED,OK,OK,,DONE,RECEIVED,NOT REQUIRED,NOT REQUIRED,NOT REQUIRED,NOT REQUIRED,6,8,2,,,,", , , ,",
1030,ORDER COMPLETED,"Woods, Marlene",RESIDENTIAL,,,"Tue, Dec 10, 2024",,,COMPLETED,COMPLETED,COMPLETED,NOT REQUIRED,NOT REQUIRED,NOT REQUIRED,,NOT REQUIRED,NOT REQUIRED,NOT REQUIRED,NOT REQUIRED,NOT REQUIRED,NOT REQUIRED,0,1,1,,,,"5044 E Weldon Ave, , Phoenix, 85018, Arizona",
1013,ORDER COMPLETED,"Aguirrue, Alex LEVITZ RESIDENCE",RESIDENTIAL,,,"Wed, Dec 11, 2024",,,COMPLETED,COMPLETED,NOT REQUIRED,COMPLETED,COMPLETED,COMPLETED,,DONE,RECEIVED,NOT REQUIRED,NOT REQUIRED,NOT REQUIRED,NOT REQUIRED,4,4,0,,,,"10040 E Happy Valley Rd, lot339, Scottsdale, 85255, Arizona",
1023,ORDER COMPLETED,"Mehra, Pradeep & Shveta",RESIDENTIAL,,,"Wed, Dec 11, 2024",,,COMPLETED,COMPLETED,NOT REQUIRED,COMPLETED,COMPLETED,COMPLETED,,DONE,RECEIVED,NOT REQUIRED,NOT REQUIRED,NOT REQUIRED,NOT REQUIRED,1,1,0,,,,"576 W Horseshoe Pl,, , Chandler, 85248, Arizona",
1034,ORDER COMPLETED,"DeWitt, Victoria",RESIDENTIAL,,,"Wed, Dec 11, 2024",,,COMPLETED,COMPLETED,COMPLETED,NOT REQUIRED,NOT REQUIRED,NOT REQUIRED,,NOT REQUIRED,NOT REQUIRED,NOT REQUIRED,NOT REQUIRED,NOT REQUIRED,NOT REQUIRED,0,2,2,,,,"3067 E. boot track Trail, , Gilbert, 85296, Arizona",
1045,ORDER COMPLETED,"Mehra, Pradeep & Shveta",RESIDENTIAL,,,"Wed, Dec 11, 2024",,,NOT REQUIRED,NOT REQUIRED,NOT REQUIRED,COMPLETED,COMPLETED,COMPLETED,,DONE,NOT REQUIRED,NOT REQUIRED,NOT REQUIRED,NOT REQUIRED,NOT REQUIRED,8,0,0,,,,"576 W Horseshoe Pl,, , Chandler, 85248, Arizona",
1014,ORDER COMPLETED,"Stummer, Patricia & Hubert",RESIDENTIAL,,,"Thu, Dec 12, 2024",,,COMPLETED,COMPLETED,NOT REQUIRED,COMPLETED,COMPLETED,COMPLETED,,DONE,RECEIVED,NOT REQUIRED,NOT REQUIRED,NOT REQUIRED,NOT REQUIRED,3,1,0,,,,"8111 E Whisper Rock Road, , Scottsdale, 85266, Arizona",
1024,ORDER COMPLETED,"Gonzales, Devin",RESIDENTIAL,,,"Thu, Dec 12, 2024",,,COMPLETED,COMPLETED,COMPLETED,COMPLETED,COMPLETED,COMPLETED,,DONE,RECEIVED,NOT REQUIRED,NOT REQUIRED,NOT REQUIRED,NOT REQUIRED,2,2,1,,,,"8401 E CORTEZ ST, , SCOTTSDALE, 85260, Arizona",
1044,ORDER COMPLETED,"Smith, Jeani",RESIDENTIAL,,,"Thu, Dec 12, 2024",,,IN PROGRESS,NOT STARTED,NOT STARTED,NOT STARTED,,,,??,,NOT REQUIRED,NOT REQUIRED,NOT REQUIRED,NOT REQUIRED,,37,,,,,"6950 e cactus wren rd#42, , Scottsdale, 85250, Arizona",
925,ORDER COMPLETED,"Kilander, Linda",RESIDENTIAL,,,"Fri, Dec 13, 2024",,,COMPLETED,COMPLETED,COMPLETED,IN PROGRESS,COMPLETED,COMPLETED,,DONE,RECEIVED,NOT REQUIRED,NOT REQUIRED,NOT REQUIRED,NOT REQUIRED,15,15,1,,,,", , , ,",
1048,ORDER COMPLETED,"Smith, Jeanie",RESIDENTIAL,,,"Sat, Dec 14, 2024",,,COMPLETED,COMPLETED,COMPLETED,COMPLETED,COMPLETED,COMPLETED,,ORDERED / ISSUE,RECEIVED PARTIAL,NOT REQUIRED,NOT REQUIRED,NOT REQUIRED,NOT REQUIRED,29,34,10,,,,"6950 E Cactus Wren Rd, , Paradise Valley, 85253, Arizona",
879,ORDER COMPLETED,"21 INTERIORS, CHRISTINA FORREST",RESIDENTIAL,,,"Mon, Dec 16, 2024",,,COMPLETED,COMPLETED,COMPLETED,COMPLETED,CORTE,COMPLETED,,DONE,RECEIVED,NOT REQUIRED,NOT REQUIRED,NOT REQUIRED,NOT REQUIRED,29,30,3,,,,"8205 LEANING ROCK, , Scottsdale, 85266, Arizona",
1025,ORDER COMPLETED,"KROLL, BRIAN",APRIL,,,"Mon, Dec 16, 2024",,,NOT REQUIRED,NOT REQUIRED,NOT REQUIRED,COMPLETED,COMPLETED,COMPLETED,,DONE,SAME-NEED,NOT REQUIRED,NOT REQUIRED,NOT REQUIRED,NOT REQUIRED,9,0,0,,,,"4162 Prescott Park Circle, , West Bloomfield, 48323, Michigan",
959,ORDER COMPLETED,"Brady, April",RESIDENTIAL,,,"Tue, Dec 17, 2024",,,COMPLETED,COMPLETED,COMPLETED,COMPLETED,COMPLETED,COMPLETED,,DONE,DONE,NOT REQUIRED,NOT REQUIRED,NOT REQUIRED,NOT REQUIRED,9,13,4,,,,"10470 E Paradise Drive, , Scottsdale, 85259, Arizona",
1020,ORDER COMPLETED,"Baldwin, Robbie",RESIDENTIAL,,,"Tue, Dec 17, 2024",,,OK,OK,NOT REQUIRED,COMPLETED,COMPLETED,COMPLETED,,DONE,OK,NOT REQUIRED,NOT REQUIRED,NOT REQUIRED,NOT REQUIRED,2,0,0,,,,"35227 N Ridgeway Dr, , Carefree, 85377, Arizona",
975,ORDER COMPLETED,"Bearinger, Gene",RESIDENTIAL,,,"Wed, Dec 18, 2024",,,COMPLETED,COMPLETED,COMPLETED,COMPLETED,COMPLETED,COMPLETED,,DONE,DONE,NOT REQUIRED,NOT REQUIRED,NOT REQUIRED,NOT REQUIRED,16,18,3,,,,"10931 E Fanfol Ln, , Scottsdale, 85259, Arizona",
1017,ORDER COMPLETED,"COVACIE, MAGGIE",APRIL,,,"Wed, Dec 18, 2024",,,NOT REQUIRED,NOT REQUIRED,NOT REQUIRED,COMPLETED,COMPLETED,COMPLETED,,DONE,SAME-NEED,NOT REQUIRED,NOT REQUIRED,NOT REQUIRED,NOT REQUIRED,36,0,0,,,,"4939 E Mockingbird Ln, , PARADISE VALLEY, , Arizona",
1035,ORDER COMPLETED,"Bearinger, Gene",RESIDENTIAL,,,"Wed, Dec 18, 2024",,,COMPLETED,COMPLETED,NOT REQUIRED,COMPLETED,COMPLETED,COMPLETED,,DONE,DONE,NOT REQUIRED,NOT REQUIRED,NOT REQUIRED,NOT REQUIRED,2,1,0,,,,"10931 E Fanfol Ln, , Scottsdale, 85259, Arizona",
848,ORDER COMPLETED,"Dennis & Becky Muilenburg, Celaya | Soloway Interiors",RESIDENTIAL,,,"Thu, Dec 19, 2024",,,COMPLETED,COMPLETED,NOT REQUIRED,COMPLETED,COMPLETED,COMPLETED,,DONE,DONE,NOT REQUIRED,NOT REQUIRED,NOT REQUIRED,NOT REQUIRED,3,3,0,,,,"1777 Tortolita Mountain Circle, , Oro Valley, 85755, Arizona",
1012,ORDER COMPLETED,"Portland Place, N/A",APRIL,,,"Fri, Dec 20, 2024",,,NOT REQUIRED,NOT REQUIRED,NOT REQUIRED,COMPLETED,COMPLETED,COMPLETED,,DONE,SAME-NEED,NOT REQUIRED,NOT REQUIRED,NOT REQUIRED,NOT REQUIRED,38,0,0,,,,"208 W Portland St, , Phoenix, 85003, Arizona",
1046,ORDER COMPLETED,"Cohen, Roger & Victoria",RESIDENTIAL,,,"Fri, Dec 20, 2024",,,COMPLETED,COMPLETED,COMPLETED,COMPLETED,COMPLETED,COMPLETED,,DONE,DONE,NOT REQUIRED,NOT REQUIRED,NOT REQUIRED,NOT REQUIRED,3,4,1,,,,"9839 N 22nd Place, , Phoenix, 85028, Arizona",
1049,ORDER COMPLETED,"Newberry, Corbin",RESIDENTIAL,,,"Fri, Dec 20, 2024",,,COMPLETED,COMPLETED,COMPLETED,COMPLETED,COMPLETED,COMPLETED,,DONE,DONE,NOT REQUIRED,NOT REQUIRED,NOT REQUIRED,NOT REQUIRED,6,7,1,,,,"13445 N 84th St, , Scottsdale, 85260, Arizona",
1052,ORDER COMPLETED,"Wheeler, Chris",RESIDENTIAL,,,"Fri, Dec 20, 2024",,,NOT REQUIRED,NOT REQUIRED,NOT REQUIRED,NOT REQUIRED,NOT REQUIRED,NOT REQUIRED,,NOT REQUIRED,NOT REQUIRED,NOT REQUIRED,NOT REQUIRED,NOT REQUIRED,NOT REQUIRED,0,0,0,,,,"5877 E Tierra Buena Ln, , Scottsdale, 85254, Arizona",
1058,ORDER COMPLETED,"Wheeler, Chris",RESIDENTIAL,,,"Fri, Dec 20, 2024",,,NOT REQUIRED,NOT REQUIRED,NOT REQUIRED,IN PROGRESS,COMPLETED,IN PROGRESS,,DONE,DONE,NOT REQUIRED,NOT REQUIRED,NOT REQUIRED,NOT REQUIRED,16,0,0,,,,"5877 E Tierra Buena Ln, , Scottsdale, 85254, Arizona",
1060,ORDER COMPLETED,"Katz, Leah",RESIDENTIAL,,,"Fri, Dec 20, 2024",,,COMPLETED,COMPLETED,COMPLETED,COMPLETED,COMPLETED,COMPLETED,,DONE,DONE,NOT REQUIRED,NOT REQUIRED,NOT REQUIRED,NOT REQUIRED,6,7,0,,,,"4456 E Valley Vista Ln, , Paradise Valley, 85253, Arizona",
1019,ORDER COMPLETED,"MCGELLA, SUSAN",APRIL,,,"Fri, Jan 10, 2025",,,NOT REQUIRED,NOT REQUIRED,NOT REQUIRED,COMPLETED,COMPLETED,COMPLETED,,DONE,SAME-NEED,NOT REQUIRED,NOT REQUIRED,NOT REQUIRED,NOT REQUIRED,17,0,0,,,,"9290 E Thompson Peak Pkwy, lot # 107, SCOTTSDALE, 85255, Arizona",
1063,ORDER COMPLETED,"Mallon, Meredith",RESIDENTIAL,,,"Fri, Jan 10, 2025",,,NOT REQUIRED,NOT REQUIRED,NOT REQUIRED,IN PROGRESS,COMPLETED,NOT STARTED,,ORDERED,NOT REQUIRED,NOT REQUIRED,NOT REQUIRED,NOT REQUIRED,NOT REQUIRED,9,0,0,,,,"Scottsdale Showroom, , , , Arizona",
1067,ORDER COMPLETED,"Wheeler, Chris",RESIDENTIAL,,,"Fri, Jan 10, 2025",,,NOT REQUIRED,NOT REQUIRED,NOT REQUIRED,COMPLETED,COMPLETED,COMPLETED,,DONE,SAME-NEED,NOT REQUIRED,NOT REQUIRED,NOT REQUIRED,NOT REQUIRED,4,0,0,,,,"5877 E Tierra Buena Ln, , Scottsdale, 85254, Arizona",
1072,ORDER COMPLETED,"Gill, David",RESIDENTIAL,,,"Fri, Jan 10, 2025",,,NOT REQUIRED,NOT REQUIRED,NOT REQUIRED,IN PROGRESS,COMPLETED,COMPLETED,,,NOT REQUIRED,NOT REQUIRED,NOT REQUIRED,NOT REQUIRED,NOT REQUIRED,4,0,0,,,,", , , ,",
1056,ORDER COMPLETED,"Cao, Thomas",RESIDENTIAL,,,"Sat, Jan 11, 2025",,,COMPLETED,COMPLETED,IN PROGRESS,COMPLETED,COMPLETED,COMPLETED,,DONE,OK,NOT REQUIRED,NOT REQUIRED,NOT REQUIRED,NOT REQUIRED,13,15,3,,,,", , , , California",
1039,ORDER COMPLETED,"Svagrik, Christine",APRIL,,,"Tue, Jan 14, 2025",,,NOT REQUIRED,NOT REQUIRED,NOT REQUIRED,COMPLETED,COMPLETED,COMPLETED,,DONE,SAME-NEED,NOT REQUIRED,NOT REQUIRED,NOT REQUIRED,NOT REQUIRED,6,0,0,,,,"32111 N 142nd St, , scottsdale, 85262, Arizona",
1050,ORDER COMPLETED,"VIGFUSSON, TREVOR & CHARMAIN",APRIL,,,"Tue, Jan 14, 2025",,,NOT REQUIRED,NOT REQUIRED,NOT REQUIRED,COMPLETED,COMPLETED,COMPLETED,,DONE,SAME-NEED,NOT REQUIRED,NOT REQUIRED,NOT REQUIRED,NOT REQUIRED,26,0,0,,,,"19687 E MELISSA PL, , QUEEN CREEK, , Arizona",
1054,ORDER COMPLETED,"Miller, Jane & Gary",RESIDENTIAL,,,"Tue, Jan 14, 2025",,,COMPLETED,COMPLETED,NOT REQUIRED,COMPLETED,COMPLETED,COMPLETED,,DONE,DONE,NOT REQUIRED,NOT REQUIRED,NOT REQUIRED,NOT REQUIRED,6,6,0,,,,"29479 North 110th Street, , Scottsdale, 85262, Arizona",
1062,ORDER COMPLETED,"Katz, Leah",RESIDENTIAL,,,"Tue, Jan 14, 2025",,,COMPLETED,COMPLETED,COMPLETED,COMPLETED,COMPLETED,COMPLETED,,DONE,OK,NOT REQUIRED,NOT REQUIRED,NOT REQUIRED,NOT REQUIRED,6,7,1,,,,"4456 E Valley Vista Ln, , Paradise Valley, 85253, Arizona",
1042,ORDER COMPLETED,"Feltner, Tammy",APRIL,,,"Wed, Jan 15, 2025",,,NOT REQUIRED,NOT REQUIRED,NOT REQUIRED,COMPLETED,COMPLETED,COMPLETED,,DONE,SAME-NEED,NOT REQUIRED,NOT REQUIRED,NOT REQUIRED,NOT REQUIRED,4,0,0,,,,"11039 N Valley Dr, , Fountain Hills, 85268, Arizona",
1055,ORDER COMPLETED,"Palmer, Judy",RESIDENTIAL,,,"Wed, Jan 15, 2025",,,COMPLETED,COMPLETED,COMPLETED,COMPLETED,COMPLETED,COMPLETED,,DONE,OK,NOT REQUIRED,NOT REQUIRED,NOT REQUIRED,NOT REQUIRED,11,17,6,,,,"20779 N 79th Way, , Scottsdale, 85255, Arizona",
1066,ORDER COMPLETED,"STROOTMAN, STROOTMAN",RESIDENTIAL,,,"Wed, Jan 15, 2025",,,COMPLETED,COMPLETED,COMPLETED,COMPLETED,COMPLETED,COMPLETED,,DONE,OK & SAME READY,NOT REQUIRED,NOT REQUIRED,NOT REQUIRED,NOT REQUIRED,19,8,8,,,,", , , ,",
1057,ORDER COMPLETED,"Little, Scott",RESIDENTIAL,,,"Thu, Jan 16, 2025",,,COMPLETED,COMPLETED,COMPLETED,COMPLETED,COMPLETED,COMPLETED,,DONE,OK,NOT REQUIRED,NOT REQUIRED,NOT REQUIRED,NOT REQUIRED,17,19,4,,,,"11449 Rider Way, , Frankfort,, 60423, Illinois",
1061,ORDER COMPLETED,"Ayan, Jan & Jordan",COMMERCIAL,,,"Thu, Jan 16, 2025",,,COMPLETED,COMPLETED,COMPLETED,NOT REQUIRED,NOT REQUIRED,NOT REQUIRED,,NOT REQUIRED,NOT REQUIRED,NOT REQUIRED,NOT REQUIRED,NOT REQUIRED,NOT REQUIRED,0,7,3,,,,"6033 Opus Street, , Brentwood, 37027, Tennessee",
1001,ORDER COMPLETED,"Anders, Michelle",RESIDENTIAL,,,"Mon, Jan 20, 2025",,,COMPLETED,COMPLETED,COMPLETED,COMPLETED,COMPLETED,COMPLETED,,DONE,DONE,NOT REQUIRED,NOT REQUIRED,NOT REQUIRED,NOT REQUIRED,3,5,2,,,,"12218 E. Black Rock Road, , Scottsdale, 85255, Arizona",
1076,ORDER COMPLETED,"COVACIE, MAGGIE",WARRANTY JOB,,,"Tue, Jan 21, 2025",,,NOT REQUIRED,COMPLETED,NOT REQUIRED,NOT REQUIRED,NOT REQUIRED,NOT REQUIRED,,NOT REQUIRED,NOT REQUIRED,NOT REQUIRED,NOT REQUIRED,NOT REQUIRED,NOT REQUIRED,0,22,0,,,,"4939 E Mockingbird Ln, , PARADISE VALLEY, , Arizona",
1041,ORDER COMPLETED,"Lenberg, Jaime",APRIL,,,"Thu, Jan 23, 2025",,,NOT REQUIRED,NOT REQUIRED,NOT REQUIRED,COMPLETED,COMPLETED,COMPLETED,,DONE,SAME-NEED,NOT REQUIRED,NOT REQUIRED,NOT REQUIRED,NOT REQUIRED,2,0,0,,,,"801 E Acoma Dr, , Phoenix, 85022, Arizona",
1073,ORDER COMPLETED,"Hemstreet, Greg",RESIDENTIAL,,,"Thu, Jan 23, 2025",,,COMPLETED,COMPLETED,COMPLETED,COMPLETED,COMPLETED,COMPLETED,,DONE,RECEIVED,NOT REQUIRED,NOT REQUIRED,NOT REQUIRED,NOT REQUIRED,28,39,11,,,,"11986 E Buckskin Trail, , scottsdale, 85255, Arizona",
1074,ORDER COMPLETED,"Gill, David",WARRANTY JOB,,,"Thu, Jan 23, 2025",,,NOT REQUIRED,NOT REQUIRED,NOT REQUIRED,COMPLETED,COMPLETED,COMPLETED,,DONE,NOT REQUIRED,NOT REQUIRED,NOT REQUIRED,NOT REQUIRED,NOT REQUIRED,4,0,0,,,,", , , ,",
1029,ORDER COMPLETED,"ROBBERSON, JEFF& MARGIE",RESIDENTIAL,,,"Tue, Jan 28, 2025",,,COMPLETED,COMPLETED,NOT REQUIRED,COMPLETED,COMPLETED,COMPLETED,,DONE,RECEIVED,NOT REQUIRED,NOT REQUIRED,NOT REQUIRED,NOT REQUIRED,2,2,0,,,,"40230 N 107th Pl, , SCOTTSDALE, 85262, Arizona",
1075,ORDER COMPLETED,"GOLDBERG, JENNY",RESIDENTIAL,,,"Wed, Jan 29, 2025",,,COMPLETED,COMPLETED,COMPLETED,COMPLETED,COMPLETED,COMPLETED,,DONE,SAME-NEED,NOT REQUIRED,NOT REQUIRED,NOT REQUIRED,NOT REQUIRED,3,1,2,,,,"17772 N 93RD ST, , SCOTTSDALE, 85255, Arizona",
892,ORDER COMPLETED,"simenstad ( solawyay design ), mark",RESIDENTIAL,,,"Thu, Jan 30, 2025",,,COMPLETED,COMPLETED,COMPLETED,COMPLETED,CORTE,COMPLETED,,BY CUSTOMER,RECEIVED,NOT REQUIRED,NOT REQUIRED,NOT REQUIRED,NOT REQUIRED,7,9,2,,,,"5403 N Placita Gato Montes, , TUCSON, 85718, Arizona",
1038,ORDER COMPLETED,"ANNA, WILHELM",APRIL,,,"Thu, Jan 30, 2025",,,NOT REQUIRED,NOT REQUIRED,NOT REQUIRED,COMPLETED,COMPLETED,COMPLETED,,DONE,SAME-NEED,NOT REQUIRED,NOT REQUIRED,NOT REQUIRED,NOT REQUIRED,4,0,0,,,,"9138 E. Charter Oak Drive, , SCOTTSDALE, 85260, Arizona",
1086,ORDER COMPLETED,"Burfening, karen",RESIDENTIAL,,,"Thu, Jan 30, 2025",,,COMPLETED,COMPLETED,NOT REQUIRED,COMPLETED,COMPLETED,COMPLETED,,DONE,RECEIVED,NOT REQUIRED,NOT REQUIRED,NOT REQUIRED,NOT REQUIRED,6,5,0,,,,"5905 E Camelback drive, , phoenix, 85018, Arizona",
950,ORDER COMPLETED,"De OCampo, Joel",RESIDENTIAL,,,"Sat, Feb 01, 2025",,,COMPLETED,COMPLETED,COMPLETED,COMPLETED,COMPLETED,COMPLETED,,DONE,RECEIVED,NOT REQUIRED,NOT REQUIRED,NOT REQUIRED,NOT REQUIRED,14,21,10,,,,"6587 N Palmaraie Blvd, , Paradise Valley, 85253, Arizona",
1021,ORDER COMPLETED,"Vanmoorlehem, Chad",RESIDENTIAL,,,"Mon, Feb 03, 2025",,,COMPLETED,COMPLETED,COMPLETED,COMPLETED,OK,OK,,OK,OK,NOT REQUIRED,NOT REQUIRED,NOT REQUIRED,NOT REQUIRED,4,5,1,,,,"5501 East Rockridge Road, , Phoenix, 85018, Arizona",
1071,ORDER COMPLETED,"SHAH, GAUTAM",RESIDENTIAL,,,"Mon, Feb 03, 2025",,,COMPLETED,COMPLETED,NOT REQUIRED,COMPLETED,COMPLETED,COMPLETED,,DONE,RECEIVED,NOT REQUIRED,NOT REQUIRED,NOT REQUIRED,NOT REQUIRED,1,1,0,,,,", , , ,OHIO",
PROJECT FEB-4,ORDER COMPLETED,SHOWROOM FEB-4,COMMERCIAL,,,"Tue, Feb 04, 2025",,,PREVIUS,COMPLETED,COMPLETED,COMPLETED,COMPLETED,COMPLETED,,RECEIVED,SAME-NEED,NOT REQUIRED,NOT REQUIRED,NOT REQUIRED,NOT REQUIRED,6,7,1,,,,"15037 N SCOTTSDALE RD STE. 120, SCOTTSDALE, AZ",
1053,ORDER COMPLETED,"Nick, Henkel",RESIDENTIAL,,,"Wed, Feb 05, 2025",,,PARTIAL,PARTIAL,IN PROGRESS,NOT REQUIRED,NOT REQUIRED,NOT REQUIRED,,NOT REQUIRED,NOT REQUIRED,NOT REQUIRED,NOT REQUIRED,NOT REQUIRED,NOT REQUIRED,0,4,7,,,,"7025 N Longlook rd, , Paradise Valley, , Arizona",
1064,ORDER COMPLETED,"Mitchell, Cristine",RESIDENTIAL,,,"Wed, Feb 05, 2025",,,COMPLETED,COMPLETED,COMPLETED,COMPLETED,COMPLETED,COMPLETED,,DONE,RECEIVED,NOT REQUIRED,NOT REQUIRED,NOT REQUIRED,NOT REQUIRED,25,30,5,,,,"1905 W Pumpkin Ridge Dr, , Anthem, 85086, Arizona",
1051,ORDER COMPLETED,"MOUNTAIN SHADOWS, MOUNTAIN SHADOWS",RESIDENTIAL,,,"Thu, Feb 06, 2025",,,COMPLETED,COMPLETED,COMPLETED,COMPLETED,COMPLETED,COMPLETED,,DONE,ORDERED,NOT REQUIRED,NOT REQUIRED,NOT REQUIRED,NOT REQUIRED,2,2,2,,,,"5445 E LINCOLN DR, , PARADISE VALLEY, , Arizona",
1089,ORDER COMPLETED,"HEMSTREET, GREG & TRACEY",RESIDENTIAL,,,"Thu, Feb 06, 2025",,,COMPLETED,COMPLETED,COMPLETED,COMPLETED,COMPLETED,COMPLETED,,RECEIVED,RECEIVED,NOT REQUIRED,NOT REQUIRED,NOT REQUIRED,NOT REQUIRED,4,6,2,,,,", , SCOTTSDALE, ,",
1040,ORDER COMPLETED,"Giudice, Vivian",APRIL,,,"Sat, Feb 08, 2025",,,NOT REQUIRED,NOT REQUIRED,NOT REQUIRED,COMPLETED,COMPLETED,COMPLETED,,DONE,SAME-NEED,NOT REQUIRED,NOT REQUIRED,NOT REQUIRED,NOT REQUIRED,11,0,0,,,,", , , ,california",
1093,ORDER COMPLETED,"Schneider, Jason",RESIDENTIAL,,,"Sat, Feb 08, 2025",,,COMPLETED,COMPLETED,IN PROGRESS,COMPLETED,COMPLETED,COMPLETED,,RECEIVED,ORDERED,NOT REQUIRED,NOT REQUIRED,NOT REQUIRED,NOT REQUIRED,3,4,1,,,,"1462 Cottontail Ln, , LA JOLLA, 92037, California",
1043,ORDER COMPLETED,"Schwietz, Mark",APRIL,,,"Mon, Feb 10, 2025",,,NOT REQUIRED,NOT REQUIRED,NOT REQUIRED,COMPLETED,COMPLETED,COMPLETED,,RECEIVED,SAME-NEED,NOT REQUIRED,NOT REQUIRED,NOT REQUIRED,NOT REQUIRED,14,0,0,,,,"6680 S Rockford Dr, , Tempe, 85283, Arizona",
1087,ORDER COMPLETED,"Anders, Michelle",RESIDENTIAL,,,"Tue, Feb 11, 2025",,,NOT REQUIRED,NOT REQUIRED,COMPLETED,NOT REQUIRED,NOT REQUIRED,NOT REQUIRED,,NOT REQUIRED,NOT REQUIRED,NOT REQUIRED,NOT REQUIRED,NOT REQUIRED,NOT REQUIRED,0,0,1,,,,"12218 E. Black Rock Road, , Scottsdale, 85255, Arizona",
1070,ORDER COMPLETED,"Davis CA, Reid",RESIDENTIAL,,,"Wed, Feb 12, 2025",,,COMPLETED,COMPLETED,NOT REQUIRED,COMPLETED,COMPLETED,COMPLETED,,DONE,RECEIVED,NOT REQUIRED,NOT REQUIRED,NOT REQUIRED,NOT REQUIRED,4,4,0,,,,"13507 N STONE VIEW TRAIL, , FOUNTAIN HILLS, 85268, Arizona",
1081,ORDER COMPLETED,"LARSON, BRUCE",RESIDENTIAL,,,"Thu, Feb 13, 2025",,,COMPLETED,COMPLETED,COMPLETED,COMPLETED,COMPLETED,COMPLETED,,DONE,RECEIVED,NOT REQUIRED,NOT REQUIRED,NOT REQUIRED,NOT REQUIRED,12,18,6,,,,"10274 E Rising Sun Dr, , SCOTTSDALE, 85262, Arizona",
1094,ORDER COMPLETED,"Logan, Liz",RESIDENTIAL,,,"Thu, Feb 13, 2025",,,NOT REQUIRED,NOT REQUIRED,NOT REQUIRED,COMPLETED,COMPLETED,COMPLETED,,RECEIVED,NOT REQUIRED,NOT REQUIRED,NOT REQUIRED,NOT REQUIRED,NOT REQUIRED,1,0,0,,,,"20450 N 98th Pl, , Scottsdale, 85255, Arizona",
1065,ORDER COMPLETED,"SWEDLANA, HOMA",WARRANTY JOB,,,"Fri, Feb 14, 2025",,,NOT REQUIRED,NOT REQUIRED,NOT REQUIRED,COMPLETED,COMPLETED,COMPLETED,,RECEIVED,SAME-NEED,NOT REQUIRED,NOT REQUIRED,NOT REQUIRED,NOT REQUIRED,6,0,0,,,,"7385 W SPUR DR, , PEORIA, , Arizona",
1068,ORDER COMPLETED,"Patterson, Jennifer",WARRANTY JOB,,,"Mon, Feb 17, 2025",,,NOT REQUIRED,NOT REQUIRED,NOT REQUIRED,COMPLETED,COMPLETED,COMPLETED,,DONE,SAME-NEED,NOT REQUIRED,NOT REQUIRED,NOT REQUIRED,NOT REQUIRED,36,0,0,,,,"5839 E Donna Ln, , Paradise Valley, 85253, Arizona",
1069,ORDER COMPLETED,"VALLA, KEN",WARRANTY JOB,,,"Wed, Feb 19, 2025",,,NOT REQUIRED,NOT REQUIRED,NOT REQUIRED,COMPLETED,COMPLETED,COMPLETED,,RECEIVED,SAME-NEED,NOT REQUIRED,NOT REQUIRED,NOT REQUIRED,NOT REQUIRED,16,0,0,,,,"7755 E San Fernando Dr, , Scottsdale, 85255, Arizona",
1082,ORDER COMPLETED,"RITTER, BRUCE & MARCIA",RESIDENTIAL,,,"Thu, Feb 20, 2025",,,COMPLETED,COMPLETED,COMPLETED,COMPLETED,COMPLETED,COMPLETED,,DONE,RECEIVED,NOT REQUIRED,NOT REQUIRED,NOT REQUIRED,NOT REQUIRED,10,12,5,,,,"18209 E Massai Pt Dr, , SCOTTSDALE, 85263, Arizona",
1084,ORDER COMPLETED,"ZWACH, COLLEN",RESIDENTIAL,,,"Mon, Feb 24, 2025",,,COMPLETED,COMPLETED,COMPLETED,COMPLETED,COMPLETED,COMPLETED,,DONE,RECEIVED,NOT REQUIRED,NOT REQUIRED,NOT REQUIRED,NOT REQUIRED,4,7,3,,,,"9221 e red lawrence dr, , scottsdale, 85262, Arizona",
1103,ORDER COMPLETED,"Palmer, Judy",RESIDENTIAL,,,"Mon, Feb 24, 2025",,,NOT REQUIRED,NOT REQUIRED,COMPLETED,NOT REQUIRED,NOT REQUIRED,NOT REQUIRED,,NOT REQUIRED,NOT REQUIRED,NOT REQUIRED,NOT REQUIRED,NOT REQUIRED,NOT REQUIRED,0,0,6,,,,"20779 N 79th Way, , Scottsdale, 85255, Arizona",
1101,ORDER COMPLETED,"robberson, jeff",RESIDENTIAL,,,"Wed, Feb 26, 2025",,,COMPLETED,COMPLETED,COMPLETED,NOT REQUIRED,NOT REQUIRED,NOT REQUIRED,,NOT REQUIRED,NOT REQUIRED,NOT REQUIRED,NOT REQUIRED,NOT REQUIRED,NOT REQUIRED,0,2,2,,,,"42243 N 112TH PL, , SCOTTSDALE, 85262, Arizona",
1077,ORDER COMPLETED,"Scottsdale Entrada, michael.chadwick",COMMERCIAL,,,"Thu, Feb 27, 2025",,,COMPLETED,COMPLETED,COMPLETED,COMPLETED,COMPLETED,COMPLETED,,DONE,RECEIVED,NOT REQUIRED,NOT REQUIRED,NOT REQUIRED,NOT REQUIRED,14,14,4,,,,"6400 E McDowell, , scottsdale, 85257, Arizona",
1105,ORDER COMPLETED,"Miller, Jane & Gary",RESIDENTIAL,,,"Mon, Mar 03, 2025",,,COMPLETED,COMPLETED,NOT REQUIRED,NOT REQUIRED,NOT REQUIRED,NOT REQUIRED,,NOT REQUIRED,NOT REQUIRED,NOT REQUIRED,NOT REQUIRED,NOT REQUIRED,NOT REQUIRED,0,1,0,,,,"29479 North 110th Street, , Scottsdale, 85262, Arizona",
1108,ORDER COMPLETED,"Baldwin, Robbie",SHOWROOM,,,"Mon, Mar 03, 2025",,,NOT REQUIRED,NOT REQUIRED,NOT REQUIRED,NOT REQUIRED,NOT REQUIRED,NOT REQUIRED,,NOT REQUIRED,NOT REQUIRED,NOT REQUIRED,NOT REQUIRED,NOT REQUIRED,NOT REQUIRED,5,5,1,,,,"35227 N Ridgeway Dr, , Carefree, 85377, Arizona",
1091,ORDER COMPLETED,"Rowan, chuck",RESIDENTIAL,,,"Tue, Mar 04, 2025",,,COMPLETED,COMPLETED,COMPLETED,COMPLETED,COMPLETED,COMPLETED,,RECEIVED,RECEIVED,NOT REQUIRED,NOT REQUIRED,NOT REQUIRED,NOT REQUIRED,22,25,4,,,,"26882 N 119th St, , scottsdale, 85262, Arizona",
1090,ORDER COMPLETED,"MORTEN, CAROL & JAY",APRIL,,,"Wed, Mar 05, 2025",,,NOT REQUIRED,NOT REQUIRED,NOT REQUIRED,COMPLETED,COMPLETED,COMPLETED,,RECEIVED,SAME-NEED,NOT REQUIRED,NOT REQUIRED,NOT REQUIRED,NOT REQUIRED,12,0,0,,,,"8829 E VIA MONTOYA, , scottsdale, 85255, Arizona",
1096,ORDER COMPLETED,"marlis kapellusch ( designer ), MIKE AND PATTI KLAYKO",RESIDENTIAL,,,"Wed, Mar 05, 2025",,,COMPLETED,COMPLETED,NOT REQUIRED,COMPLETED,COMPLETED,COMPLETED,,CLIENT,ORDERED,NOT REQUIRED,NOT REQUIRED,NOT REQUIRED,NOT REQUIRED,1,1,0,,,,"24162 NORTH 90TH WAY, , scottsdale, 85255, Arizona",
1080,ORDER COMPLETED,"sepehr, Rajaye",RESIDENTIAL,,,"Thu, Mar 06, 2025",,,COMPLETED,COMPLETED,COMPLETED,COMPLETED,COMPLETED,COMPLETED,,RECEIVED,RECEIVED,NOT REQUIRED,NOT REQUIRED,NOT REQUIRED,NOT REQUIRED,9,13,4,,,,", , San Francisco, , California",
1097,ORDER COMPLETED,"FAWZY, CHRIS",RESIDENTIAL,,,"Thu, Mar 06, 2025",,,NOT STARTED,NOT STARTED,NOT STARTED,NOT STARTED,,,,CALCULATE,,NOT REQUIRED,NOT REQUIRED,NOT REQUIRED,NOT REQUIRED,,18,,,,,"14008 MIRA MONTANA DR, , DEL MAR, 92014, California",
1107,ORDER COMPLETED,"Rwigema, Jean-Claude",RESIDENTIAL,,,"Fri, Mar 07, 2025",,,NOT REQUIRED,NOT REQUIRED,NOT REQUIRED,COMPLETED,COMPLETED,COMPLETED,,OK,RECEIVED,NOT REQUIRED,NOT REQUIRED,NOT REQUIRED,NOT REQUIRED,2,0,0,,,,"Showroom, , , ,",
1079,ORDER COMPLETED,"Rabe, Kyle & Laura",WARRANTY JOB,,,"Mon, Mar 10, 2025",,,NOT REQUIRED,NOT REQUIRED,NOT REQUIRED,COMPLETED,COMPLETED,COMPLETED,,RECEIVED,SAME-NEED,NOT REQUIRED,NOT REQUIRED,NOT REQUIRED,NOT REQUIRED,5,0,0,,,,"6043 N CAMINO PRECIADO, , TUCSON, 85718, Arizona",
1104,ORDER COMPLETED,"ORR, PAM",RESIDENTIAL,,,"Mon, Mar 10, 2025",,,COMPLETED,COMPLETED,COMPLETED,NOT REQUIRED,NOT REQUIRED,NOT REQUIRED,,NOT REQUIRED,NOT REQUIRED,NOT REQUIRED,NOT REQUIRED,NOT REQUIRED,NOT REQUIRED,0,4,4,,,,"11108 E HARRIS HAWK TR, , SCOTTSDALE, 85262, Arizona",
1121,ORDER COMPLETED,"simenstad ( solawyay design ), mark",RESIDENTIAL,,,"Mon, Mar 10, 2025",,,COMPLETED,COMPLETED,NOT REQUIRED,COMPLETED,COMPLETED,COMPLETED,,RECEIVED,RECEIVED,NOT REQUIRED,NOT REQUIRED,NOT REQUIRED,NOT REQUIRED,1,1,0,,,,"5403 N Placita Gato Montes, , TUCSON, 85718, Arizona",
1109,ORDER COMPLETED,"RITTER, BRUCE & MARCIA",RESIDENTIAL,,,"Tue, Mar 11, 2025",,,COMPLETED,COMPLETED,COMPLETED,COMPLETED,COMPLETED,COMPLETED,,RECEIVED,NOT REQUIRED,NOT REQUIRED,NOT REQUIRED,NOT REQUIRED,NOT REQUIRED,2,1,1,,,,"18209 E Massai Pt Dr, , SCOTTSDALE, 85263, Arizona",
1100,ORDER COMPLETED,"sullivan, maria",RESIDENTIAL,,,"Wed, Mar 12, 2025",,,COMPLETED,COMPLETED,COMPLETED,NOT REQUIRED,NOT REQUIRED,NOT REQUIRED,,NOT REQUIRED,NOT REQUIRED,NOT REQUIRED,NOT REQUIRED,NOT REQUIRED,NOT REQUIRED,0,1,1,,,,"10951 E Greenway Rd, , scottsdale, 85255, Arizona",
1114,ORDER COMPLETED,"Designer, Patty",RESIDENTIAL,,,"Fri, Mar 14, 2025",,,NOT REQUIRED,NOT REQUIRED,NOT REQUIRED,COMPLETED,COMPLETED,COMPLETED,,RECEIVED,RECEIVED,NOT REQUIRED,NOT REQUIRED,NOT REQUIRED,NOT REQUIRED,5,0,0,,,,", , , ,",
1129,ORDER COMPLETED,"SUKKAR, FARIS",WARRANTY JOB,,,"Fri, Mar 14, 2025",,,NOT REQUIRED,IN PROGRESS,NOT REQUIRED,COMPLETED,COMPLETED,COMPLETED,,ORDERED,SAME-NEED,NOT REQUIRED,NOT REQUIRED,NOT REQUIRED,NOT REQUIRED,22,30,0,,,,"9035 Lava Bluff Trail, Fountain Hills, AZ 85268, USA, , FOUNTAIN HILLS, 85268, Arizona",
1078,ORDER COMPLETED,"3rd Avenue Lofts, FRANK NARDI",APRIL,,,"Tue, Mar 18, 2025",,,NOT REQUIRED,NOT REQUIRED,NOT REQUIRED,COMPLETED,COMPLETED,COMPLETED,,LUCIO,SAME-NEED,NOT REQUIRED,NOT REQUIRED,NOT REQUIRED,NOT REQUIRED,38,0,0,,,,"7301 E 3rd Ave, , scottsdale, 85251, Arizona",
1115,ORDER COMPLETED,"Schoener, Linda: EVANS, EVANS",RESIDENTIAL,,,"Tue, Mar 18, 2025",,,COMPLETED,COMPLETED,NOT REQUIRED,COMPLETED,COMPLETED,COMPLETED,,OK,RECEIVED,NOT REQUIRED,NOT REQUIRED,NOT REQUIRED,NOT REQUIRED,4,4,0,,,,"4946 N ACCENT DR, , SCOTTSDALE, 85251, Arizona: 10666 EAST YEARLING DR, , SCOTTSDALE, 85255, Arizona",
1102,ORDER COMPLETED,"McCoy, brandon",RESIDENTIAL,,,"Wed, Mar 19, 2025",,,COMPLETED,COMPLETED,COMPLETED,COMPLETED,COMPLETED,COMPLETED,,RECEIVED,RECEIVED,NOT REQUIRED,NOT REQUIRED,NOT REQUIRED,NOT REQUIRED,26,36,10,,,,", , , , Arizona",
1128,ORDER COMPLETED,"MYRES, TERESA",RESIDENTIAL,,,"Thu, Mar 20, 2025",,,NOT REQUIRED,NOT REQUIRED,NOT REQUIRED,COMPLETED,COMPLETED,COMPLETED,,RECEIVED,RECEIVED,NOT REQUIRED,NOT REQUIRED,NOT REQUIRED,NOT REQUIRED,4,0,0,,,,", , , ,",
1141,ORDER COMPLETED,"Kadkhodaian, Pooria",RESIDENTIAL,,,"Thu, Mar 20, 2025",,,NOT REQUIRED,NOT REQUIRED,COMPLETED,NOT REQUIRED,NOT REQUIRED,NOT REQUIRED,,NOT REQUIRED,NOT REQUIRED,NOT REQUIRED,NOT REQUIRED,NOT REQUIRED,NOT REQUIRED,0,0,1,,,,"28516 N Summit Springs Rd, , Rio Verde, 85263, Arizona",
1059,ORDER COMPLETED,"Ontiveros, Gregg",RESIDENTIAL,,,"Fri, Mar 21, 2025",,,COMPLETED,COMPLETED,COMPLETED,COMPLETED,COMPLETED,COMPLETED,,DONE,RECEIVED-SAME,NOT REQUIRED,NOT REQUIRED,NOT REQUIRED,NOT REQUIRED,24,30,6,,,,"9120 N 69th St, , Paradise Valley, 85253, Arizona",
1110,ORDER COMPLETED,"MOORE, GREG",RESIDENTIAL,,,"Mon, Mar 24, 2025",,,COMPLETED,COMPLETED,NOT REQUIRED,COMPLETED,COMPLETED,COMPLETED,,RECEIVED,RECEIVED,NOT REQUIRED,NOT REQUIRED,NOT REQUIRED,NOT REQUIRED,3,3,0,,,,"22896 North 93rd Street, , SCOTTSDALE, 85255, Arizona",
1139,ORDER COMPLETED,"Carstarphen, Martin",SHOWROOM FURNITURE,,,"Mon, Mar 24, 2025",,,COMPLETED,COMPLETED,COMPLETED,COMPLETED,NOT REQUIRED,NOT REQUIRED,,NOT REQUIRED,NOT REQUIRED,NOT REQUIRED,NOT REQUIRED,NOT REQUIRED,NOT REQUIRED,0,0,0,,,,", , , ,",
1120,ORDER COMPLETED,"Chris and Beth, Tortorello",RESIDENTIAL,,,"Tue, Mar 25, 2025",,,COMPLETED,COMPLETED,COMPLETED,COMPLETED,COMPLETED,COMPLETED,,RECEIVED,RECEIVED,NOT REQUIRED,NOT REQUIRED,NOT REQUIRED,NOT REQUIRED,15,16,2,,,,", , , ,",
1122,ORDER COMPLETED,"Wiley, Jo Anne and Brandon",WARRANTY JOB,,,"Tue, Mar 25, 2025",,,NOT REQUIRED,NOT REQUIRED,NOT REQUIRED,COMPLETED,COMPLETED,COMPLETED,,RECEIVED,SAME-NEED,NOT REQUIRED,NOT REQUIRED,NOT REQUIRED,NOT REQUIRED,5,0,0,,,,", , , ,",
1098,ORDER COMPLETED,"Burfening, karen",RESIDENTIAL,,,"Wed, Mar 26, 2025",,,COMPLETED,COMPLETED,COMPLETED,COMPLETED,COMPLETED,COMPLETED,,RECEIVED,RECEIVED,NOT REQUIRED,NOT REQUIRED,NOT REQUIRED,NOT REQUIRED,2,3,1,,,,"5905 E Camelback drive, , phoenix, 85018, Arizona",
1111,ORDER COMPLETED,"Schoener, Linda",COMMERCIAL,,,"Wed, Mar 26, 2025",,,COMPLETED,COMPLETED,COMPLETED,COMPLETED,COMPLETED,COMPLETED,,RECEIVED,RECEIVED,NOT REQUIRED,NOT REQUIRED,NOT REQUIRED,NOT REQUIRED,18,24,7,,,,"4946 N ACCENT DR, , SCOTTSDALE, 85251, Arizona",
1095,ORDER COMPLETED,"DILLER, NICOLE",WARRANTY JOB,,,"Thu, Mar 27, 2025",,,NOT REQUIRED,NOT REQUIRED,NOT REQUIRED,IN PROGRESS,COMPLETED,COMPLETED,,LUCIO,SAME-NEED,NOT REQUIRED,NOT REQUIRED,NOT REQUIRED,NOT REQUIRED,15,0,0,,,,"3851 N jokake Dr, , SCOTTSDALE, 85251, Arizona",
1123,ORDER COMPLETED,"SQUIRES, MELANIE",RESIDENTIAL,,,"Mon, Mar 31, 2025",,,COMPLETED,COMPLETED,COMPLETED,COMPLETED,COMPLETED,COMPLETED,,RECEIVED,RECEIVED,NOT REQUIRED,NOT REQUIRED,NOT REQUIRED,NOT REQUIRED,5,6,1,,,,"9580 West Bellissimo Lane, Peoria, AZ 85383, USA, , PEORIA, 85383, Arizona",
1132,ORDER COMPLETED,"heather, lorillo",WARRANTY JOB,,,"Mon, Mar 31, 2025",,,NOT REQUIRED,NOT REQUIRED,NOT REQUIRED,COMPLETED,COMPLETED,COMPLETED,,RECEIVED,SAME-NEED,NOT REQUIRED,NOT REQUIRED,NOT REQUIRED,NOT REQUIRED,4,0,0,,,,", , , ,",
1092,ORDER COMPLETED,"TERRY, Mcdonough",RESIDENTIAL,,,"Thu, Apr 03, 2025",,,COMPLETED,COMPLETED,COMPLETED,COMPLETED,COMPLETED,COMPLETED,,RECEIVED,RECEIVED,NOT REQUIRED,NOT REQUIRED,NOT REQUIRED,NOT REQUIRED,13,16,3,,,,"17300 Copper Valley Ct, , monument, 80132, Colorado",
1117,ORDER COMPLETED,"Frame, Betsy",WARRANTY JOB,,,"Thu, Apr 03, 2025",,,NOT REQUIRED,NOT REQUIRED,NOT REQUIRED,COMPLETED,COMPLETED,COMPLETED,,RECEIVED,PACKAGE & SEND,NOT REQUIRED,NOT REQUIRED,NOT REQUIRED,NOT REQUIRED,8,0,0,,,,", , , ,Colorado",
1119,ORDER COMPLETED,"BURKE, MARY",WARRANTY JOB,,,"Thu, Apr 03, 2025",,,NOT REQUIRED,NOT REQUIRED,NOT REQUIRED,COMPLETED,COMPLETED,COMPLETED,,OK,ORDER NOT SAME ON PLACE,NOT REQUIRED,NOT REQUIRED,NOT REQUIRED,NOT REQUIRED,1,0,0,,,,"6888 Rio Vista Street, , LAS VEGAS, , Nevada",
1118,ORDER COMPLETED,"Lake Havasu, Riviera",COMMERCIAL,,,"Mon, Apr 07, 2025",,,COMPLETED,COMPLETED,COMPLETED,COMPLETED,COMPLETED,COMPLETED,,RECEIVED,RECEIVED,NOT REQUIRED,NOT REQUIRED,NOT REQUIRED,NOT REQUIRED,28,24,5,,,,", , , ,",
1135,ORDER COMPLETED,"STROOTMAN, SHAWN",RESIDENTIAL,,,"Tue, Apr 08, 2025",,,COMPLETED,COMPLETED,NOT REQUIRED,COMPLETED,COMPLETED,COMPLETED,,RECEIVED,RECEIVED,NOT REQUIRED,NOT REQUIRED,NOT REQUIRED,NOT REQUIRED,1,1,0,,,,"24751 N 90th Way, , SCOTTSDALE, 85255, Arizona",
1145,ORDER COMPLETED,"SCOTTSDALE SHOWROOM, SCOTTSDALE SHOWROOM",DONE,,,"Thu, Apr 10, 2025",,,COMPLETED,COMPLETED,IN PROGRESS,COMPLETED,COMPLETED,COMPLETED,,RECEIVED,RECEIVED,NOT REQUIRED,NOT REQUIRED,NOT REQUIRED,NOT REQUIRED,7,9,3,,,,", , , ,",
1099,ORDER COMPLETED,"FAWZY, CHRIS",RESIDENTIAL,,,"Fri, Apr 11, 2025",,,COMPLETED,COMPLETED,NOT REQUIRED,COMPLETED,COMPLETED,MAGNETS,,RECEIVED,RECEIVED,NOT REQUIRED,NOT REQUIRED,NOT REQUIRED,NOT REQUIRED,12,18,0,,,,"14008 MIRA MONTANA DR, , DEL MAR, 92014, California",
1116,ORDER COMPLETED,"Cao, Thomas",RESIDENTIAL,,,"Fri, Apr 11, 2025",,,NOT REQUIRED,NOT REQUIRED,NOT REQUIRED,COMPLETED,COMPLETED,COMPLETED,,OK,RECEIVED,NOT REQUIRED,NOT REQUIRED,NOT REQUIRED,NOT REQUIRED,9,0,0,,,,", , , , California",
1124,ORDER COMPLETED,"Cao, Thomas",RESIDENTIAL,,,"Fri, Apr 11, 2025",,,COMPLETED,COMPLETED,COMPLETED,NOT REQUIRED,NOT REQUIRED,NOT REQUIRED,,NOT REQUIRED,NOT REQUIRED,NOT REQUIRED,NOT REQUIRED,NOT REQUIRED,NOT REQUIRED,0,1,1,,,,", , , , California",
1143,ORDER COMPLETED,"La Jolla, CC Design 02",DONE,,,"Fri, Apr 11, 2025",,,NOT REQUIRED,NOT REQUIRED,NOT REQUIRED,COMPLETED,COMPLETED,COMPLETED,,RECEIVED,RECEIVED,NOT REQUIRED,NOT REQUIRED,NOT REQUIRED,NOT REQUIRED,5,0,0,,,,"La Jolla Showroom, , La Jolla, , California",
1125,ORDER COMPLETED,"Deborah, MacFarlane",RESIDENTIAL,,,"Mon, Apr 14, 2025",,,COMPLETED,COMPLETED,COMPLETED,COMPLETED,COMPLETED,COMPLETED,,RECEIVED,RECEIVED,NOT REQUIRED,NOT REQUIRED,NOT REQUIRED,NOT REQUIRED,9,14,6,,,,"15427 E Palo Brea Ln, , scottsdale, 85268, Arizona",
1157,ORDER COMPLETED,"HUNT, KEVIN",DONE,,,"Mon, Apr 14, 2025",,,COMPLETED,COMPLETED,NOT REQUIRED,COMPLETED,COMPLETED,COMPLETED,,RECEIVED,ORDERED,NOT REQUIRED,NOT REQUIRED,NOT REQUIRED,NOT REQUIRED,5,5,0,,,,", , , ,",
1138,ORDER COMPLETED,"Covaciu, Corina",RESIDENTIAL,,,"Tue, Apr 15, 2025",,,COMPLETED,COMPLETED,COMPLETED,COMPLETED,COMPLETED,COMPLETED,,RECEIVED/ UNITED,RECEIVED,NOT REQUIRED,NOT REQUIRED,NOT REQUIRED,NOT REQUIRED,22,37,15,,,,"7936 W Villa Chula, , Peoria, 85383, Arizona",
1130,ORDER COMPLETED,"JONES, TOM & MAUREEN",RESIDENTIAL,,,"Wed, Apr 16, 2025",,,COMPLETED,COMPLETED,COMPLETED,COMPLETED,COMPLETED,COMPLETED,,RECEIVED,RECEIVED,NOT REQUIRED,NOT REQUIRED,NOT REQUIRED,NOT REQUIRED,6,8,2,,,,"1336 East Marshall Ave, , phoenix, 85014, Arizona",
1161,ORDER COMPLETED,"TIKEKAR, SONALI",DONE,,,"Wed, Apr 16, 2025",,,NOT REQUIRED,NOT REQUIRED,NOT REQUIRED,COMPLETED,COMPLETED,COMPLETED,,RECEIVED,RECEIVED,NOT REQUIRED,NOT REQUIRED,NOT REQUIRED,NOT REQUIRED,6,0,0,,,,", , , ,",
1133,ORDER COMPLETED,"BRICK, HOPE",WARRANTY JOB,,,"Thu, Apr 17, 2025",,,NOT REQUIRED,NOT REQUIRED,NOT REQUIRED,COMPLETED,COMPLETED,COMPLETED,,LUCIO ORDER CALCULATE--ORDER 16,SAME-NEED,NOT REQUIRED,NOT REQUIRED,NOT REQUIRED,NOT REQUIRED,10,0,0,,,,"11064 E BENT TREE DR, , SCOTTSDALE, ,",
1137,ORDER COMPLETED,"KOSIAK, SHELLY",RESIDENTIAL,,,"Thu, Apr 17, 2025",,,COMPLETED,COMPLETED,COMPLETED,COMPLETED,COMPLETED,COMPLETED,,RECEIVED,RECEIVED,NOT REQUIRED,NOT REQUIRED,NOT REQUIRED,NOT REQUIRED,9,11,3,,,,"4408 N 27th way, , Phoenix, 85016, Arizona",
HOME-1,ORDER COMPLETED,GREG WEINSTEIN,-----,,,"Thu, Apr 17, 2025",,,COMPLETED,,NOT REQUIRED,NOT REQUIRED,NOT REQUIRED,NOT REQUIRED,NOT REQUIRED,NOT REQUIRED,NOT REQUIRED,NOT REQUIRED,NOT REQUIRED,NOT REQUIRED,NOT REQUIRED,0,1,0,,,,,
1113,ORDER COMPLETED,"ZARANTE, PHIL",RESIDENTIAL,,,"Fri, Apr 18, 2025",,,COMPLETED,COMPLETED,COMPLETED,COMPLETED,COMPLETED,COMPLETED,,RECEIVED,RECEIVED,NOT REQUIRED,NOT REQUIRED,NOT REQUIRED,NOT REQUIRED,9,14,5,,,,"16033 N 45th Pl, , PHOENIX, 85032, Arizona",
1134,ORDER COMPLETED,"CRUZ, KORA",WARRANTY JOB,,,"Fri, Apr 18, 2025",,,NOT REQUIRED,NOT REQUIRED,NOT REQUIRED,COMPLETED,COMPLETED,COMPLETED,,LUCIO,SAME-NEED,NOT REQUIRED,NOT REQUIRED,NOT REQUIRED,NOT REQUIRED,41,0,0,,,,"6867 E CUARENTA CT, , PARADISE VALLEY, , Arizona",
1142,ORDER COMPLETED,"Julia Katrine Designs, TLC",DONE,,,"Fri, Apr 18, 2025",,,COMPLETED,COMPLETED,NOT REQUIRED,COMPLETED,COMPLETED,COMPLETED,,ORDERED,RECEIVED,NOT REQUIRED,NOT REQUIRED,NOT REQUIRED,NOT REQUIRED,5,5,0,,,,"TLC, 1338 Ross St, Petaluma, 94954, California",
1144,ORDER COMPLETED,"LEVI, FILLER",DONE,,,"Fri, Apr 18, 2025",,,COMPLETED,COMPLETED,COMPLETED,NOT REQUIRED,NOT REQUIRED,NOT REQUIRED,,NOT REQUIRED,NOT REQUIRED,NOT REQUIRED,NOT REQUIRED,NOT REQUIRED,NOT REQUIRED,0,2,2,,,,", , , ,",
1146,ORDER COMPLETED,"KRAMER, STEVE",DONE,,,"Fri, Apr 18, 2025",,,COMPLETED,COMPLETED,NOT REQUIRED,COMPLETED,COMPLETED,COMPLETED,,COMPLETE,RECEIVED,NOT REQUIRED,NOT REQUIRED,NOT REQUIRED,NOT REQUIRED,2,2,0,,,,", , , ,",
1083,ORDER COMPLETED,"Kozi design, clemmer project",RESIDENTIAL,,,"Mon, Apr 21, 2025",,,COMPLETED,COMPLETED,COMPLETED,COMPLETED,COMPLETED,COMPLETED,,RECEIVED,REC. NEED RECEIVED,NOT REQUIRED,NOT REQUIRED,NOT REQUIRED,NOT REQUIRED,35,48,16,,,,", , , , Arizona",
1147,ORDER COMPLETED,"Pete, Leclair",DONE,,,"Tue, Apr 22, 2025",,,COMPLETED,COMPLETED,COMPLETED,NOT REQUIRED,NOT REQUIRED,NOT REQUIRED,,NOT REQUIRED,NOT REQUIRED,NOT REQUIRED,NOT REQUIRED,NOT REQUIRED,NOT REQUIRED,0,2,1,,,,", , , ,",
1126,ORDER COMPLETED,"RAMIN, SALARI",RESIDENTIAL,,,"Wed, Apr 23, 2025",,,COMPLETED,COMPLETED,COMPLETED,COMPLETED,COMPLETED,COMPLETED,,RECEIVED,RECEIVED,NOT REQUIRED,NOT REQUIRED,NOT REQUIRED,NOT REQUIRED,5,6,1,,,,"6900 E Belmont Avenue, , paradise valley, 85253, Arizona",
1159,ORDER COMPLETED,"Klayko, Patti & Mike",DONE,,,"Wed, Apr 23, 2025",,,COMPLETED,COMPLETED,COMPLETED,COMPLETED,COMPLETED,COMPLETED,,RECEIVED,RECEIVED,NOT REQUIRED,NOT REQUIRED,NOT REQUIRED,NOT REQUIRED,2,4,2,,,,"93562 Highway 89, , Grover, 83122, Wyoming",
1149,ORDER COMPLETED,"MORAN, BOB",DONE,,,"Thu, Apr 24, 2025",,,COMPLETED,COMPLETED,COMPLETED,COMPLETED,COMPLETED,COMPLETED,,RECEIVED,RECEIVED,NOT REQUIRED,NOT REQUIRED,NOT REQUIRED,NOT REQUIRED,8,9,2,,,,", , , ,",
1154,ORDER COMPLETED,"Ontiveros, Gregg",DONE,,,"Thu, Apr 24, 2025",,,COMPLETED,COMPLETED,COMPLETED,COMPLETED,COMPLETED,COMPLETED,,RECEIVED,RECEIVED,NOT REQUIRED,NOT REQUIRED,NOT REQUIRED,NOT REQUIRED,7,8,4,,,,"9120 N 69th St, , Paradise Valley, 85253, Arizona",
1136,ORDER COMPLETED,"Dale, Andrew",REDOING,,,"Fri, Apr 25, 2025",,,NOT REQUIRED,COMPLETED,NOT REQUIRED,COMPLETED,COMPLETED,COMPLETED,,RECEIVED,NOT REQUIRED,NOT REQUIRED,NOT REQUIRED,NOT REQUIRED,NOT REQUIRED,8,9,0,,,,"22092 N 89th St., , Scottsdale, 85255, Arizona",
1140,ORDER COMPLETED,"linda, lang",DONE,,,"Fri, Apr 25, 2025",,,COMPLETED,COMPLETED,COMPLETED,COMPLETED,COMPLETED,COMPLETED,,RECEIVED,RECEIVED,NOT REQUIRED,NOT REQUIRED,NOT REQUIRED,NOT REQUIRED,2,4,2,,,,", , san diego, , California",
1163,ORDER COMPLETED,"SCHMIDLAP, LISA",DONE,,,"Fri, Apr 25, 2025",,,COMPLETED,COMPLETED,NOT REQUIRED,COMPLETED,COMPLETED,COMPLETED,,RECEIVED,RECEIVED,NOT REQUIRED,NOT REQUIRED,NOT REQUIRED,NOT REQUIRED,4,4,0,,,,", , , ,",
1169,ORDER COMPLETED,"ROBSON, BECKY",DONE,,,"Mon, Apr 28, 2025",,,COMPLETED,COMPLETED,COMPLETED,NOT REQUIRED,NOT REQUIRED,NOT REQUIRED,,NOT REQUIRED,NOT REQUIRED,NOT REQUIRED,NOT REQUIRED,NOT REQUIRED,NOT REQUIRED,0,1,1,,,,"3160 EAST INDIGO CIRCLE, , MESA, 85213, Arizona",
1168,ORDER COMPLETED,OPTIMA sales office,DONE,,,"Tue, Apr 29, 2025",,,COMPLETED,COMPLETED,COMPLETED,COMPLETED,COMPLETED,COMPLETED,,RECEIVED,RECEIVED,NOT REQUIRED,NOT REQUIRED,NOT REQUIRED,NOT REQUIRED,18,23,4,,,,"7120 E Kierland Blvd, , SCOTTSDALE, 85254, Arizona",
1148,ORDER COMPLETED,"MCKIERNAN, CHRIS AND RAY",DONE,,,"Wed, Apr 30, 2025",,,COMPLETED,COMPLETED,COMPLETED,COMPLETED,COMPLETED,COMPLETED,,RECEIVED,RECEIVED,NOT REQUIRED,NOT REQUIRED,NOT REQUIRED,NOT REQUIRED,4,2,4,,,,", , , ,",
1158,ORDER COMPLETED,"MARY, LANS",DONE,,,"Wed, Apr 30, 2025",,,COMPLETED,COMPLETED,COMPLETED,COMPLETED,COMPLETED,COMPLETED,,RECEIVED,TEMPLATE ORDERED,NOT REQUIRED,NOT REQUIRED,NOT REQUIRED,NOT REQUIRED,1,2,1,,,,", , , ,",
1155,ORDER COMPLETED,"SPINA, DIDI",DONE,,,"Thu, May 01, 2025",,,COMPLETED,COMPLETED,COMPLETED,COMPLETED,COMPLETED,COMPLETED,,ORDERED,RECEIVED,NOT REQUIRED,NOT REQUIRED,NOT REQUIRED,NOT REQUIRED,26,28,2,,,,", , , ,",
1178,ORDER COMPLETED,PHIL ZERANTE,DONE,,,"Thu, May 01, 2025",,,NOT REQUIRED,NOT REQUIRED,NOT REQUIRED,COMPLETED,COMPLETED,COMPLETED,,RECEIVED,NOT REQUIRED,NOT REQUIRED,NOT REQUIRED,NOT REQUIRED,NOT REQUIRED,2,0,0,,,,,
1181,ORDER COMPLETED,GB INDUSTRIES SIGN HOLDERS,COMMERCIAL,,,"Thu, May 01, 2025",,,COMPLETED,NOT REQUIRED,NOT REQUIRED,NOT REQUIRED,NOT REQUIRED,NOT REQUIRED,,NOT REQUIRED,NOT REQUIRED,NOT REQUIRED,NOT REQUIRED,NOT REQUIRED,NOT REQUIRED,0,26,0,,,,,
1167,ORDER COMPLETED,"THOMPSON, ERIC",WARRANTY JOB,,,"Fri, May 02, 2025",,,NOT REQUIRED,NOT REQUIRED,NOT REQUIRED,COMPLETED,COMPLETED,COMPLETED,,RECEIVED,SAME-NEED,NOT REQUIRED,NOT REQUIRED,NOT REQUIRED,NOT REQUIRED,17,0,0,,,,"875 W FAIRWAY DR, , CHANDLER, 85225, Arizona",
1180,ORDER COMPLETED,YAMMIN RIVERA,DONE,,,"Fri, May 02, 2025",,,NOT REQUIRED,NOT REQUIRED,NOT REQUIRED,NOT REQUIRED,NOT REQUIRED,NOT REQUIRED,,NOT REQUIRED,NOT REQUIRED,NOT REQUIRED,NOT REQUIRED,NOT REQUIRED,NOT REQUIRED,0,0,0,,,,,
1183,ORDER COMPLETED,WENDI EICHLER,SHOW-AS-IS,,,"Fri, May 02, 2025",,,NOT REQUIRED,NOT STARTED,NOT REQUIRED,NOT REQUIRED,NOT REQUIRED,NOT REQUIRED,,NOT REQUIRED,NOT REQUIRED,NOT REQUIRED,NOT REQUIRED,NOT REQUIRED,NOT REQUIRED,0,11,0,,,,,
1185,ORDER COMPLETED,GB INDUSTRIES SIGN HOLDERS,COMMERCIAL,,,"Fri, May 02, 2025",,,COMPLETED,NOT REQUIRED,NOT REQUIRED,NOT REQUIRED,NOT REQUIRED,NOT REQUIRED,,NOT REQUIRED,NOT REQUIRED,NOT REQUIRED,NOT REQUIRED,NOT REQUIRED,NOT REQUIRED,,3,,,,,"25900 8 Mile Road, Southfield, MI, 48033",
1174,ORDER COMPLETED,"JENKINS, STEPHANIE",DONE,,,"Mon, May 05, 2025",,,COMPLETED,COMPLETED,COMPLETED,COMPLETED,COMPLETED,COMPLETED,,RECEIVED,RECEIVED,NOT REQUIRED,NOT REQUIRED,NOT REQUIRED,NOT REQUIRED,26,30,8,,,,"3825 E KNOLL ST, , MESA, 85215, Arizona",
1188,ORDER COMPLETED,OPTIMA 7120 & 7140- Warranty,DONE,,,"Wed, May 07, 2025",,,NOT REQUIRED,NOT REQUIRED,NOT REQUIRED,COMPLETED,COMPLETED,COMPLETED,,PARTIAL - RECEIVED,SAME-NEED,NOT REQUIRED,NOT REQUIRED,NOT REQUIRED,NOT REQUIRED,261,0,0,,,,,
850,ORDER COMPLETED,"Jeff, Monash",RESIDENTIAL,,,"Thu, May 08, 2025",,,COMPLETED,COMPLETED,COMPLETED,COMPLETED,COMPLETED,COMPLETED,,RECEIVED,RECEIVED,NOT REQUIRED,NOT REQUIRED,NOT REQUIRED,NOT REQUIRED,8,16,8,,,,"7438 North Secret Canyon Drive, , tuscon, , Arizona",
1151,ORDER COMPLETED,"BORG, ANDREA",DONE,,,"Thu, May 08, 2025",,,COMPLETED,COMPLETED,COMPLETED,COMPLETED,COMPLETED,COMPLETED,,RECEIVED,RECEIVED,NOT REQUIRED,NOT REQUIRED,NOT REQUIRED,NOT REQUIRED,14,19,6,,,,"SEDONA, AZ",
1176,ORDER COMPLETED,"GROSVENOR, DAVID",WARRANTY JOB,,,"Thu, May 08, 2025",,,NOT REQUIRED,NOT REQUIRED,NOT REQUIRED,COMPLETED,COMPLETED,COMPLETED,,RECEIVED,RECEIVED,NOT REQUIRED,NOT REQUIRED,NOT REQUIRED,NOT REQUIRED,2,0,0,,,,"13122 N HIGH HAWK DR, , MARANA, 85658, Arizona",
1182,ORDER COMPLETED,GEMBA AUTOMOTIVE,COMMERCIAL,,,"Fri, May 09, 2025",,,NOT REQUIRED,NOT REQUIRED,IN PROGRESS,NOT REQUIRED,NOT REQUIRED,NOT REQUIRED,,NOT REQUIRED,NOT REQUIRED,NOT REQUIRED,NOT REQUIRED,NOT REQUIRED,NOT REQUIRED,0,0,3,,,," 424 W Guadalupe Rd. Ste 101M Mesa, Az 85210",
1106,ORDER COMPLETED,"Daniels, Roger",RESIDENTIAL,,,"Tue, May 13, 2025",,,COMPLETED,COMPLETED,COMPLETED,COMPLETED,COMPLETED,COMPLETED,,RECEIVED,RECEIVED,NOT REQUIRED,NOT REQUIRED,NOT REQUIRED,NOT REQUIRED,4,7,3,,,,"6300 N 42nd St, , paradise valley, 85253, Arizona",
1150,ORDER COMPLETED,"KIRK, BERNARD",DONE,,,"Tue, May 13, 2025",,,COMPLETED,COMPLETED,COMPLETED,COMPLETED,COMPLETED,COMPLETED,,RECEIVED,RECEIVED,NOT REQUIRED,NOT REQUIRED,NOT REQUIRED,NOT REQUIRED,8,10,2,,,,", , , ,",
1165,ORDER COMPLETED,"Wheeler, Rachael",DONE,,,"Tue, May 13, 2025",,,COMPLETED,COMPLETED,NOT REQUIRED,COMPLETED,COMPLETED,COMPLETED,,RECEIVED,RECEIVED,NOT REQUIRED,NOT REQUIRED,NOT REQUIRED,NOT REQUIRED,6,6,0,,,,"3845 N Hawes Road, , Mesa, 85207, Arizona",
1170,ORDER COMPLETED,"KAY, SUSAN",WARRANTY JOB,,,"Tue, May 13, 2025",,,NOT REQUIRED,NOT REQUIRED,NOT REQUIRED,COMPLETED,COMPLETED,COMPLETED,,RECEIVED,SAME-NEED,NOT REQUIRED,NOT REQUIRED,NOT REQUIRED,NOT REQUIRED,7,0,0,,,,"10910 E SALT BUSH DR, , scottsdale, 85255, Arizona",
1171,ORDER COMPLETED,"JOHNSON, KELLY",DONE,,,"Tue, May 13, 2025",,,COMPLETED,COMPLETED,COMPLETED,COMPLETED,COMPLETED,COMPLETED,,RECEIVED,RECEIVED,NOT REQUIRED,NOT REQUIRED,NOT REQUIRED,NOT REQUIRED,5,4,3,,,,"15230 HERRIMAB BLVD., , NOBLESVILLE, 46060, Indiana",
1173,ORDER COMPLETED,"GOLDBERG, MARK",DONE,,,"Wed, May 14, 2025",,,COMPLETED,COMPLETED,COMPLETED,COMPLETED,COMPLETED,COMPLETED,,RECEIVED,SAME-NEED,NOT REQUIRED,NOT REQUIRED,NOT REQUIRED,NOT REQUIRED,12,13,8,,,,"10867 E LAUREL LN, , scottsdale, , Arizona",
1196,ORDER COMPLETED,THE RIVIERA LAKE HAVASU,WILL CALL,,,"Thu, May 15, 2025",,,NOT REQUIRED,NOT REQUIRED,NOT REQUIRED,COMPLETED,COMPLETED,COMPLETED,,IN STOCK,RECEIVED,NOT REQUIRED,NOT REQUIRED,NOT REQUIRED,NOT REQUIRED,4,0,0,,,,"LAKE HAVASU, AZ",
HAMID,ORDER COMPLETED,DR MIKE CASTRICHINI,RESIDENTIAL,,,"Thu, May 15, 2025",,,NOT REQUIRED,NOT REQUIRED,NOT REQUIRED,COMPLETED,COMPLETED,COMPLETED,,RECEIVED,SAME-NEED,NOT REQUIRED,NOT REQUIRED,NOT REQUIRED,NOT REQUIRED,4,0,0,,,,PICK AT FACTORY,
1187,ORDER COMPLETED,GENCUSH-CUSTOM CUSHIONS,BUSSINES,,,"Sat, May 17, 2025",,,NOT REQUIRED,NOT REQUIRED,NOT REQUIRED,IN PROGRESS,COMPLETED,COMPLETED,,RECEIVED,RECEIVED,NOT REQUIRED,NOT REQUIRED,NOT REQUIRED,NOT REQUIRED,69,0,0,,,,13970 CROSSROCK ROAD,
1198,ORDER COMPLETED,ANGELA SANTIAGO-BAJA FURNITURE,TENJAM,,,"Sat, May 17, 2025",,,NOT REQUIRED,NOT REQUIRED,NOT REQUIRED,NOT REQUIRED,NOT REQUIRED,NOT REQUIRED,,NOT REQUIRED,NOT REQUIRED,NOT REQUIRED,NOT REQUIRED,NOT REQUIRED,NOT REQUIRED,0,0,0,,,,"3626 WEST MINERAL ROAD, LAVEEN AZ 85339",
1099-S,ORDER COMPLETED,"FAWZY, CHRIS",SERVICE,,,"Sat, May 17, 2025",,,NOT REQUIRED,NOT REQUIRED,NOT REQUIRED,COMPLETED,COMPLETED,COMPLETED,,RECEIVED,RECEIVED,NOT REQUIRED,NOT REQUIRED,NOT REQUIRED,NOT REQUIRED,2,0,0,,,,"14008 MIRA MONTANA DR, , DEL MAR, 92014, California",
1112,ORDER COMPLETED,"CHATIN, TINA",RESIDENTIAL,,,"Mon, May 19, 2025",,,COMPLETED,COMPLETED,NOT REQUIRED,COMPLETED,COMPLETED,COMPLETED,,RECEIVED,RECEIVED,NOT REQUIRED,NOT REQUIRED,NOT REQUIRED,NOT REQUIRED,2,2,0,,,,"12647 E Shadow Ridge Dr, , SCOTTSDALE, , Arizona",
1192,ORDER COMPLETED,OPTIMA 15615- REPLACEMENT OPTIONS,COMMERCIAL,,,"Mon, May 19, 2025",,,COMPLETED,COMPLETED,NOT REQUIRED,COMPLETED,COMPLETED,COMPLETED,,RECEIVED,RECEIVED,NOT REQUIRED,NOT REQUIRED,NOT REQUIRED,NOT REQUIRED,2,2,0,,,,,
1138-S,ORDER COMPLETED,CORINA COVACIU,SERVICE,,,"Tue, May 20, 2025",,,NOT REQUIRED,NOT REQUIRED,NOT REQUIRED,COMPLETED,COMPLETED,COMPLETED,,SAME,SAME-NEED,NOT REQUIRED,NOT REQUIRED,NOT REQUIRED,NOT REQUIRED,4,0,0,,,,"7936 W Villa Chula, , Peoria, 85383, Arizona",
1207,ORDER COMPLETED,CHAD MORGAN WARRANTY,WARRANTY JOB,,,"Wed, May 21, 2025",,,NOT REQUIRED,NOT REQUIRED,NOT REQUIRED,COMPLETED,COMPLETED,COMPLETED,,IN STOCK,COMPLETED,NOT REQUIRED,NOT REQUIRED,NOT REQUIRED,NOT REQUIRED,5,0,0,,,,"13260 N 83RD PLACE, SCOTTSDALE, AZ 85260",
1187C70,ORDER COMPLETED,GENCUSH-AARON HERANG,SERVICE,,,"Wed, May 21, 2025",,,NOT REQUIRED,NOT REQUIRED,NOT REQUIRED,COMPLETED,COMPLETED,COMPLETED,,RECEIVED,RECEIVED,NOT REQUIRED,NOT REQUIRED,NOT REQUIRED,NOT REQUIRED,4,0,0,,,,13970 CROSSROCK ROAD,
1191,ORDER COMPLETED,SHOWROOM EXTRA 5-8-25,COMMERCIAL,,,"Thu, May 22, 2025",,,COMPLETED,COMPLETED,COMPLETED,COMPLETED,COMPLETED,COMPLETED,,RECEIVED,RECEIVED,NOT REQUIRED,NOT REQUIRED,NOT REQUIRED,NOT REQUIRED,13,15,3,,,,"15037 N Scottsdale Rd Ste 120, Scottsdale, AZ 85254",
1153,ORDER COMPLETED,"POWELL, LISA",WILL CALL,,,"Sat, May 24, 2025",,,COMPLETED,COMPLETED,NOT REQUIRED,COMPLETED,COMPLETED,COMPLETED,,RECEIVED,RECEIVED,NOT REQUIRED,NOT REQUIRED,NOT REQUIRED,NOT REQUIRED,4,4,0,,,,", , , ,",
1162,ORDER COMPLETED,"BOWEN, JANET",DONE,,,"Tue, May 27, 2025",,,COMPLETED,COMPLETED,COMPLETED,COMPLETED,COMPLETED,COMPLETED,,RECEIVED,COMPLETED,NOT REQUIRED,NOT REQUIRED,NOT REQUIRED,NOT REQUIRED,16,24,8,,,,"233 S ARANCIO CT, ST GEORGE, UT,84770",
1215,ORDER COMPLETED,"TERRY, Mcdonough",RESIDENTIAL,,,"Wed, May 28, 2025",,,NOT REQUIRED,NOT REQUIRED,COMPLETED,NOT REQUIRED,NOT REQUIRED,NOT REQUIRED,,NOT REQUIRED,NOT REQUIRED,NOT REQUIRED,NOT REQUIRED,NOT REQUIRED,NOT REQUIRED,0,0,1,,,,"17300 Copper Valley Ct, , monument, 80132, Colorado",
1152,ORDER COMPLETED,"SCOTT, GEOFFREY",DONE,,,"Fri, May 30, 2025",,,COMPLETED,COMPLETED,COMPLETED,COMPLETED,COMPLETED,COMPLETED,,RECEIVED,RECEIVED,NOT REQUIRED,NOT REQUIRED,NOT REQUIRED,NOT REQUIRED,13,16,4,,,,"724 VERNON AVE, GLENCOE, IL, 60022",
1187,ORDER COMPLETED,GENCUSH-CUSTOM CUSHIONS,BUSSINES,,,"Sat, May 31, 2025",,,NOT REQUIRED,NOT REQUIRED,NOT REQUIRED,NOT REQUIRED,NOT REQUIRED,NOT REQUIRED,,NOT REQUIRED,READY,NOT REQUIRED,NOT REQUIRED,NOT REQUIRED,NOT REQUIRED,1,0,0,,,,13970 CROSSROCK ROAD,
1189,ORDER COMPLETED,GENCUSH-MIKE GENER 4 ORDERS,BUSSINES,,,"Sat, May 31, 2025",,,NOT REQUIRED,NOT REQUIRED,NOT REQUIRED,COMPLETED,COMPLETED,COMPLETED,,COMPLETED,RECEIVED,NOT REQUIRED,NOT REQUIRED,NOT REQUIRED,NOT REQUIRED,49,0,0,,,,"13970 CROSSROCK ROAD, POWAY, CA 92064",
1205,ORDER COMPLETED,CHRIS BROWN,RESIDENTIAL,,,"Sat, May 31, 2025",,,NOT REQUIRED,NOT REQUIRED,NOT REQUIRED,COMPLETED,COMPLETED,COMPLETED,,COMPLETED,NOT REQUIRED,NOT REQUIRED,NOT REQUIRED,NOT REQUIRED,NOT REQUIRED,1,0,0,,,,"13358 247TH AVE SE, ISSAQUASH, WA, 98027",
850-S,ORDER COMPLETED,MONASH PROJECT PILLOWS,RESIDENTIAL,,,"Mon, Jun 02, 2025",,,NOT REQUIRED,NOT REQUIRED,NOT REQUIRED,COMPLETED,COMPLETED,COMPLETED,,COMPLETE,NOT REQUIRED,NOT REQUIRED,NOT REQUIRED,NOT REQUIRED,NOT REQUIRED,15,0,0,,,,"7438 NORTH SECRET CANYON DR, TUCSON, AZ 85718",
1156,ORDER COMPLETED,"HOLDERBY, DREW",DELIVERED,,,"Tue, Jun 03, 2025",,,COMPLETED,COMPLETED,COMPLETED,COMPLETED,COMPLETED,COMPLETED,,RECEIVED,RECEIVED,NOT REQUIRED,NOT REQUIRED,NOT REQUIRED,NOT REQUIRED,16,28,9,,,,", , , ,",
1194,ORDER COMPLETED,TRISH PATRICK BOYER DEKTON REPLACE,RESIDENTIAL,,,"Wed, Jun 04, 2025",,,NOT REQUIRED,NOT REQUIRED,COMPLETED,NOT REQUIRED,NOT REQUIRED,NOT REQUIRED,,NOT REQUIRED,NOT REQUIRED,NOT REQUIRED,NOT REQUIRED,NOT REQUIRED,NOT REQUIRED,0,0,1,,,,"TRAIL 10302 E RUNNING DEER TRAIL, SCOTTSDALE, AZ 85262",
1199,ORDER COMPLETED,LESLIE GROSSHAUSER,SHOWROOM SALE,,,"Wed, Jun 04, 2025",,,COMPLETED,COMPLETED,NOT REQUIRED,COMPLETED,COMPLETED,COMPLETED,,RECEIVED,RECEIVED,NOT REQUIRED,NOT REQUIRED,NOT REQUIRED,NOT REQUIRED,2,2,0,,,,"18155 E PARIA CANYON DR, RIO VERDE, AZ 85263",
1184,ORDER COMPLETED,ALLIE COOK,DONE,,,"Thu, Jun 05, 2025",,,COMPLETED,COMPLETED,NOT REQUIRED,COMPLETED,COMPLETED,COMPLETED,,RECEIVED,COMPLETED,NOT REQUIRED,NOT REQUIRED,NOT REQUIRED,NOT REQUIRED,2,2,0,,,,"4841 E Fairmount Ave, Phoenix, az 85018",
1197,ORDER COMPLETED,JESSICA HEARL-CUSTOM BENCH,RESIDENTIAL,,,"Thu, Jun 05, 2025",,,COMPLETED,COMPLETED,NOT REQUIRED,NOT REQUIRED,NOT REQUIRED,NOT REQUIRED,,NOT REQUIRED,NOT REQUIRED,NOT REQUIRED,NOT REQUIRED,NOT REQUIRED,NOT REQUIRED,0,1,0,,,,"11223 NORTH MILLER ROAD, SCOTTSDALE, AZ 85260",
1164,ORDER COMPLETED,"FODERA, ANDREA",DONE,,,"Tue, Jun 10, 2025",,,COMPLETED,COMPLETED,COMPLETED,COMPLETED,COMPLETED,COMPLETED,,RECEIVED,RECEIVED,NOT REQUIRED,NOT REQUIRED,NOT REQUIRED,NOT REQUIRED,19,23,3,,,,"17611 ABBEY RD, , POWAY, , California",
1217,ORDER COMPLETED,MIKE GENER- EIRY ROBERTS LOUNGER,BUSSINES,,,"Tue, Jun 10, 2025",,,NOT REQUIRED,NOT REQUIRED,NOT REQUIRED,COMPLETED,COMPLETED,COMPLETED,,RECEIVED,NOT REQUIRED,NOT REQUIRED,NOT REQUIRED,NOT REQUIRED,NOT REQUIRED,2,0,0,,,,"13970 Crossrock Road, POWAY, CA",
1203,ORDER COMPLETED,DOUG THOMPSON-HOUSEBOAT STOOLS,PICKUP,,,"Wed, Jun 11, 2025",,,COMPLETED,COMPLETED,NOT REQUIRED,COMPLETED,COMPLETED,COMPLETED,,RECEIVED,RECEIVED,NOT REQUIRED,NOT REQUIRED,NOT REQUIRED,NOT REQUIRED,5,5,0,,,,PICK AT FACTORY,
1223-S,ORDER COMPLETED,LISA POWELL RUSH ORDER,FEDEX,,,"Wed, Jun 11, 2025",,,NOT REQUIRED,NOT REQUIRED,NOT REQUIRED,COMPLETED,COMPLETED,COMPLETED,,RECEIVED,NOT REQUIRED,NOT REQUIRED,NOT REQUIRED,NOT REQUIRED,NOT REQUIRED,2,0,0,,,,"1140 ALKI AVE SW, APT 401, SEATTLE, WAS, 98116",
1195,ORDER COMPLETED,JENNIFER FISHER,RESIDENTIAL,,,"Thu, Jun 12, 2025",,,COMPLETED,COMPLETED,COMPLETED,COMPLETED,COMPLETED,COMPLETED,,RECEIVED,RECEIVED,NOT REQUIRED,NOT REQUIRED,NOT REQUIRED,NOT REQUIRED,10,14,6,,,,"9332 EAST LA POSADA CT. SCOTTSDALE, AZ 85255",
1204,ORDER COMPLETED,LOIS UNIAT-WARRANTY,WARRANTY JOB,,,"Thu, Jun 12, 2025",,,NOT REQUIRED,NOT REQUIRED,NOT REQUIRED,COMPLETED,COMPLETED,COMPLETED,,RECEIVED,CHANGE RECEIVED,NOT REQUIRED,NOT REQUIRED,NOT REQUIRED,NOT REQUIRED,2,0,0,,,,,
1201,ORDER COMPLETED,WILLIAM KLEIM WARRANTY,WARRANTY JOB,,,"Mon, Jun 16, 2025",,,NOT REQUIRED,NOT REQUIRED,NOT REQUIRED,COMPLETED,COMPLETED,COMPLETED,,RECEIVED,SAME-NEED,NOT REQUIRED,NOT REQUIRED,NOT REQUIRED,NOT REQUIRED,11,0,0,,,,1545 E VILLA MARIA DR. PHOENIX AZ 58022,
1177,ORDER COMPLETED,CINDY BROWN,DONE,,,"Tue, Jun 17, 2025",,,COMPLETED,COMPLETED,COMPLETED,COMPLETED,COMPLETED,COMPLETED,,RECEIVED,RECEIVED,NOT REQUIRED,NOT REQUIRED,NOT REQUIRED,NOT REQUIRED,36,44,9,,,,"12501 N 104TH ST, SCOTTSDALE, AZ 85260, USA",
1186,ORDER COMPLETED,DAVID GRAHAM,DONE,,,"Wed, Jun 18, 2025",,,COMPLETED,COMPLETED,COMPLETED,COMPLETED,COMPLETED,COMPLETED,,RECEIVED,RECEIVED,NOT REQUIRED,NOT REQUIRED,NOT REQUIRED,NOT REQUIRED,18,24,6,,,,"5558 Avenida Fiesta, La Jolla, California, 92307",
1202,ORDER COMPLETED,ROBERT KORNFELD-WARRANTY,WARRANTY JOB,,,"Wed, Jun 18, 2025",,,NOT REQUIRED,NOT REQUIRED,NOT REQUIRED,COMPLETED,COMPLETED,COMPLETED,,RECEIVED,SAME-NEED,NOT REQUIRED,NOT REQUIRED,NOT REQUIRED,NOT REQUIRED,14,0,0,,,,,
1221,ORDER COMPLETED,DONNA KUSH -JEFF KAVICH,FEDEX,,,"Wed, Jun 18, 2025",,,NOT REQUIRED,NOT REQUIRED,NOT REQUIRED,COMPLETED,COMPLETED,COMPLETED,,OK,RECEIVED,NOT REQUIRED,NOT REQUIRED,NOT REQUIRED,NOT REQUIRED,1,0,0,,,,"4001 SO 173RD CIRCLE, OMAHA, NE 68130",
1225,ORDER COMPLETED,CHERYL LECLAIR,PICKUP-AT SHOWROOM,,,"Wed, Jun 18, 2025",,,NOT REQUIRED,NOT REQUIRED,NOT REQUIRED,COMPLETED,COMPLETED,COMPLETED,,RECEIVED,NOT REQUIRED,NOT REQUIRED,NOT REQUIRED,NOT REQUIRED,NOT REQUIRED,6,0,0,,,,PICKUP AT SHOWROOM,
1190,ORDER COMPLETED,CRAIG PODOLSKY,RESIDENTIAL,,,"Thu, Jun 19, 2025",,,COMPLETED,COMPLETED,COMPLETED,COMPLETED,COMPLETED,COMPLETED,,RECEIVED,RECEIVED* RE-RECEIVED,NOT REQUIRED,NOT REQUIRED,NOT REQUIRED,NOT REQUIRED,21,24,8,,,,"6166 LEMONGLAZE CT, SAN DIEGO, CALIFORNIA",
1236,ORDER COMPLETED,KEVIN BOLANOS,SHOWROOM SALE,,,"Thu, Jun 19, 2025",,,NOT REQUIRED,NOT REQUIRED,NOT REQUIRED,NOT REQUIRED,NOT REQUIRED,NOT REQUIRED,,NOT REQUIRED,NOT REQUIRED,NOT REQUIRED,NOT REQUIRED,NOT REQUIRED,NOT REQUIRED,0,0,0,,,,"6450 NORTH REGAL MANOR DRIVE, TUCSON AZ 85750",
1239,ORDER COMPLETED,JOSEPH DANNA,RESIDENTIAL,,,"Fri, Jun 20, 2025",,,COMPLETED,COMPLETED,NOT REQUIRED,COMPLETED,COMPLETED,COMPLETED,,COMPLETED,COMPLETED,NOT REQUIRED,NOT REQUIRED,NOT REQUIRED,NOT REQUIRED,2,2,0,,,,"507 MARGUERITE AVE, CORONA DEL MAR, CA 92625",
1240,ORDER COMPLETED,JANICE VLAZNY-SHOWROOM SET,SHOWROOM SALE,,,"Mon, Jun 23, 2025",,,NOT REQUIRED,NOT REQUIRED,NOT REQUIRED,NOT REQUIRED,NOT REQUIRED,NOT REQUIRED,,NOT REQUIRED,NOT REQUIRED,NOT REQUIRED,NOT REQUIRED,NOT REQUIRED,NOT REQUIRED,0,0,0,,,,"23928 N 112TH PL, SCOTTSDALE, AZ ",
1083-S,ORDER COMPLETED,"Kozi design, clemmer project",SERVICE-WARRANTY,,,"Mon, Jun 23, 2025",,,NOT REQUIRED,NOT REQUIRED,NOT REQUIRED,COMPLETED,COMPLETED,COMPLETED,,IN STOCK,SAME-NEED,NOT REQUIRED,NOT REQUIRED,NOT REQUIRED,NOT REQUIRED,8,0,0,,,,"10275 E JUNTA RD, SCOTTSDALE, AZ 85255",
1224,ORDER COMPLETED,KYLE HOLTORF,RESIDENTIAL,,,"Tue, Jun 24, 2025",,,COMPLETED,COMPLETED,IN PROGRESS,COMPLETED,COMPLETED,COMPLETED,,RECEIVED,RECEIVED,NOT REQUIRED,NOT REQUIRED,NOT REQUIRED,NOT REQUIRED,16,17,1,,,,"25289 N 95TH AVE, PEORIA, AZ 85383",
1193,ORDER COMPLETED,LORI MCCULLOUGHT,RESIDENTIAL,,,"Thu, Jun 26, 2025",,,COMPLETED,COMPLETED,COMPLETED,COMPLETED,COMPLETED,COMPLETED,,RECEIVED,RECEIVED,NOT REQUIRED,NOT REQUIRED,NOT REQUIRED,NOT REQUIRED,8,13,5,,,,"16450 ARTESIAN TRAIL, SAN DIEGO, CA 92127",
1209,ORDER COMPLETED,THOMAS HOLEVAS,FEDEX,,,"Thu, Jun 26, 2025",,,COMPLETED,COMPLETED,NOT REQUIRED,COMPLETED,COMPLETED,COMPLETED,,RECEIVED,RECEIVED,NOT REQUIRED,NOT REQUIRED,NOT REQUIRED,NOT REQUIRED,1,1,0,,,,"44 MAPLE STREET, SUMMIT, NEW JERSEY, 07901",
1216,ORDER COMPLETED,HAMID L.A. HOUSE TO SHOWROOM,SERVICE*HAMID*,,,"Thu, Jun 26, 2025",,,COMPLETED,COMPLETED,COMPLETED,COMPLETED,COMPLETED,COMPLETED,,IN STOCK,SAME-NEED,NOT REQUIRED,NOT REQUIRED,NOT REQUIRED,NOT REQUIRED,11,14,2,,,,ASK HAMID,
1242,ORDER COMPLETED,ABBY COHEN,WARRANTY JOB,,,"Thu, Jun 26, 2025",,,NOT REQUIRED,NOT REQUIRED,NOT REQUIRED,COMPLETED,COMPLETED,COMPLETED,,RECEIVED,SAME-NEED,NOT REQUIRED,NOT REQUIRED,NOT REQUIRED,NOT REQUIRED,3,0,0,,,,"2442 E DIAMOND AVE, MESA, AZ 85204",
1214,ORDER COMPLETED,TAMIE HAYNIE,REGULAR / WARRANTY,,,"Mon, Jun 30, 2025",,,IN PROGRESS,IN PROGRESS,IN PROGRESS,COMPLETED,COMPLETED,COMPLETED,,RECEIVED,SAME-NEED,NOT REQUIRED,NOT REQUIRED,NOT REQUIRED,NOT REQUIRED,17,13,7,,,,"8314 E SANDS DR, SCOTTSDALE, AZ 85255",
1218,ORDER COMPLETED,KATHLEEN & THAD TRENT,RESIDENTIAL,,,"Mon, Jun 30, 2025",,,COMPLETED,COMPLETED,IN PROGRESS,COMPLETED,COMPLETED,COMPLETED,,RECEIVED,RECEIVED,NOT REQUIRED,NOT REQUIRED,NOT REQUIRED,NOT REQUIRED,9,12,3,,,,"6988 E IRONWOOD DRIVE, PARADISE VALLEY, AZ 85253",
1243,ORDER COMPLETED,ANDRA CARRINGTON,PICKUP-SHOWROOM,,,"Mon, Jun 30, 2025",,,COMPLETED,COMPLETED,IN PROGRESS,COMPLETED,COMPLETED,COMPLETED,,STOCK,RECEIVED,NOT REQUIRED,NOT REQUIRED,NOT REQUIRED,NOT REQUIRED,1,1,1,,,,PICKUP AT SHOWROOM,
1245,ORDER COMPLETED,LESLIE GROSSHAUSER,RESIDENTIAL,,,"Mon, Jun 30, 2025",,,COMPLETED,COMPLETED,IN PROGRESS,COMPLETED,COMPLETED,COMPLETED,,RECEIVED,RECEIVED,NOT REQUIRED,NOT REQUIRED,NOT REQUIRED,NOT REQUIRED,2,3,1,,,,"18155 E PARIA CANYON DR, RIO VERDE, AZ 85263",
1219,ORDER COMPLETED,SCOTT STRATMANN,RESIDENTIAL,,,"Tue, Jul 01, 2025",,,COMPLETED,COMPLETED,IN PROGRESS,COMPLETED,COMPLETED,COMPLETED,,RECEIVED,RECEIVED,NOT REQUIRED,NOT REQUIRED,NOT REQUIRED,NOT REQUIRED,9,12,3,,,,"26902 NORTH BOULDER LANE, SCOTTSDALE, AZ 85262",
1237,ORDER COMPLETED,SCOTT STRATMAN-WARRANTY-BROKEN UMBRELLA,WARRANTY JOB,,,"Tue, Jul 01, 2025",,,NOT REQUIRED,NOT REQUIRED,NOT REQUIRED,NOT REQUIRED,NOT REQUIRED,NOT REQUIRED,,NOT REQUIRED,NOT REQUIRED,NOT REQUIRED,NOT REQUIRED,NOT REQUIRED,NOT REQUIRED,0,0,0,,,,"26902 NORTH BOULDER LANE, SCOTTSDALE, AZ 85262",
1156-S,ORDER COMPLETED,"HOLDERBY, DREW",SERVICE,,,"Wed, Jul 02, 2025",,,COMPLETED,COMPLETED,COMPLETED,NOT REQUIRED,NOT REQUIRED,NOT REQUIRED,,NOT REQUIRED,NOT REQUIRED,NOT REQUIRED,NOT REQUIRED,NOT REQUIRED,NOT REQUIRED,0,1,1,,,,"43504 N COURAGE CT, NEW RIVER AZ 85087",
1255,ORDER COMPLETED,RUSH RICKU NARWANI,SHOWROOM/WARRANTY,,,"Thu, Jul 03, 2025",,,NOT REQUIRED,NOT REQUIRED,NOT REQUIRED,COMPLETED,COMPLETED,COMPLETED,,RECEIVED,SAME-NEED,NOT REQUIRED,NOT REQUIRED,NOT REQUIRED,NOT REQUIRED,7,0,0,,,,"5008 N ASCENT DRIVE, SCOTTSDALE, AZ 85251",
1155-S,ORDER COMPLETED,DIDI SPINA REDOIG SEAT-DEKTON,SERVICE,,,"Thu, Jul 03, 2025",,,NOT REQUIRED,NOT REQUIRED,IN PROGRESS,COMPLETED,COMPLETED,COMPLETED,,RECEIVED,SAME-NEED,NOT REQUIRED,NOT REQUIRED,NOT REQUIRED,NOT REQUIRED,1,0,1,,,,,
1227,ORDER COMPLETED,ROBERT SIMYAR,RESIDENTIAL,,,"Mon, Jul 07, 2025",,,NOT REQUIRED,NOT REQUIRED,NOT REQUIRED,COMPLETED,COMPLETED,COMPLETED,,IN STOCK,RECEIVED,NOT REQUIRED,NOT REQUIRED,NOT REQUIRED,NOT REQUIRED,4,0,0,,,,"5665 EAST CHENEY DRIVE, PARADISE VALLEY, AZ 85253",
1251,ORDER COMPLETED,SHOWROOM NEW FABRICS SAMPLES,COMMERCIAL,,,"Mon, Jul 07, 2025",,,NOT REQUIRED,NOT REQUIRED,NOT REQUIRED,COMPLETED,COMPLETED,NOT REQUIRED,,RECEIVED,NOT REQUIRED,NOT REQUIRED,NOT REQUIRED,NOT REQUIRED,NOT REQUIRED,10,0,0,,,,"15037 N Scottsdale Rd Ste 120, Scottsdale, AZ 85254",
1222,ORDER COMPLETED,KRISTIN BROBERG,RESIDENTIAL,,,"Tue, Jul 08, 2025",,,COMPLETED,COMPLETED,COMPLETED,COMPLETED,COMPLETED,COMPLETED,,RECEIVED,RECEIVED,NOT REQUIRED,NOT REQUIRED,NOT REQUIRED,NOT REQUIRED,5,5,1,,,,"9854 W MONTE LINDO, PEORIA, AZ 85353",
1200,ORDER COMPLETED,DAVID SILK,RESIDENTIAL,,,"Wed, Jul 09, 2025",,,COMPLETED,COMPLETED,IN PROGRESS,COMPLETED,COMPLETED,COMPLETED,,RECEIVED,RECEIVED,NOT REQUIRED,NOT REQUIRED,NOT REQUIRED,NOT REQUIRED,10,14,4,,,,"10952 EAST NOTH LANE, SCOTTSDALE, AZ 85259",
1232,ORDER COMPLETED,ANDREW DALE,RESIDENTIAL,,,"Thu, Jul 10, 2025",,,COMPLETED,COMPLETED,NOT REQUIRED,COMPLETED,COMPLETED,COMPLETED,,RECEIVED,RECEIVED,NOT REQUIRED,NOT REQUIRED,NOT REQUIRED,NOT REQUIRED,1,1,0,,,,,
1210,ORDER COMPLETED,RENAISSANCE CONDOS,COMMERCIAL,,,"Mon, Jul 14, 2025",,,COMPLETED,COMPLETED,COMPLETED,COMPLETED,COMPLETED,COMPLETED,,RECEIVED,RECEIVED,NOT REQUIRED,NOT REQUIRED,NOT REQUIRED,NOT REQUIRED,14,17,3,,,,"645 FRONT STREET, SAN DIEGO, CA 92101",
1230,ORDER COMPLETED,MATT HOLT,RESIDENTIAL,,,"Mon, Jul 14, 2025",,,COMPLETED,COMPLETED,COMPLETED,COMPLETED,COMPLETED,COMPLETED,,RECEIVED,RECEIVED,NOT REQUIRED,NOT REQUIRED,NOT REQUIRED,NOT REQUIRED,10,11,3,,,,"7123 COUNTRY CLUB DR, LA JOLLA, CA , 92037",
1265,ORDER COMPLETED,SHOWROOM DEKTON SAMPLES 7-7,COMMERCIAL,,,"Mon, Jul 14, 2025",,,NOT REQUIRED,NOT REQUIRED,COMPLETED,NOT REQUIRED,NOT REQUIRED,NOT REQUIRED,,NOT REQUIRED,NOT REQUIRED,NOT REQUIRED,NOT REQUIRED,NOT REQUIRED,NOT REQUIRED,0,0,10,,,,"15037 N Scottsdale Rd Ste 120, Scottsdale, AZ 85254",
1160,ORDER COMPLETED,"OHARA, SUMMER",DONE,,,"Tue, Jul 15, 2025",,,COMPLETED,COMPLETED,COMPLETED,COMPLETED,COMPLETED,COMPLETED,,RECEIVED,RECEIVED,NOT REQUIRED,NOT REQUIRED,NOT REQUIRED,NOT REQUIRED,8,9,1,,,,", , , ,",
1263,ORDER COMPLETED,SARA LAMBER,WARRANTY JOB,,,"Wed, Jul 16, 2025",,,NOT REQUIRED,NOT REQUIRED,NOT REQUIRED,COMPLETED,COMPLETED,COMPLETED,,RECEIVED,SAME-NEED,NOT REQUIRED,NOT REQUIRED,NOT REQUIRED,NOT REQUIRED,14,0,0,,,,"4541 E MOONLIGHT WAY, PARADISE VALLEY, AZ 85253",
1266,ORDER COMPLETED,TANIA DAWAF,WARRANTY JOB,,,"Wed, Jul 16, 2025",,,COMPLETED,COMPLETED,COMPLETED,COMPLETED,COMPLETED,COMPLETED,,RECEIVED,SAME-NEED,NOT REQUIRED,NOT REQUIRED,NOT REQUIRED,NOT REQUIRED,8,0,0,,,,"1330 E HORSESHOE DRIVE CHANDLER, AZ 85249",
1179,ORDER COMPLETED,SHOWROOM ROUND-DAYBED,DONE,,,"Thu, Jul 17, 2025",,,COMPLETED,COMPLETED,NOT REQUIRED,COMPLETED,COMPLETED,COMPLETED,,RECEIVED,RECEIVED,NOT REQUIRED,NOT REQUIRED,NOT REQUIRED,NOT REQUIRED,1,1,0,,,,,
1249,ORDER COMPLETED,SHOWROOM NEW FURNITURE SCOTTSDALE,COMMERCIAL,,,"Thu, Jul 17, 2025",,,IN PROGRESS,IN PROGRESS,IN PROGRESS,COMPLETED,COMPLETED,COMPLETED,,RECEIVED,RECEIVED,NOT REQUIRED,NOT REQUIRED,NOT REQUIRED,NOT REQUIRED,17,28,15,,,,"15037 N Scottsdale Rd Ste 120, Scottsdale, AZ 85254",
1254,ORDER COMPLETED,SHOWROOM BISTRO TABLE,COMMERCIAL,,,"Thu, Jul 17, 2025",,,COMPLETED,COMPLETED,COMPLETED,COMPLETED,COMPLETED,COMPLETED,,RECEIVED,RECEIVED,NOT REQUIRED,NOT REQUIRED,NOT REQUIRED,NOT REQUIRED,2,3,1,,,,"15037 N Scottsdale Rd Ste 120, Scottsdale, AZ 85254",
1259,ORDER COMPLETED,15615 OPTIMA MOCKUP COMFORT CLAY,COMMERCIAL,,,"Thu, Jul 17, 2025",,,NOT REQUIRED,NOT REQUIRED,NOT REQUIRED,COMPLETED,COMPLETED,COMPLETED,,ON STOCK,RECEIVED,NOT REQUIRED,NOT REQUIRED,NOT REQUIRED,NOT REQUIRED,1,0,0,,,,,
1213,ORDER COMPLETED,MONICA MORGAN,RESIDENTIAL,,,"Mon, Jul 21, 2025",,,COMPLETED,COMPLETED,COMPLETED,COMPLETED,COMPLETED,COMPLETED,,RECEIVED,RECEIVED,NOT REQUIRED,NOT REQUIRED,NOT REQUIRED,NOT REQUIRED,7,11,4,,,,"100 crescent blvd. #276, lake quivira, KS 66217",
1220,ORDER COMPLETED,KAREN MORSTAD,RESIDENTIAL,,,"Mon, Jul 21, 2025",,,COMPLETED,COMPLETED,COMPLETED,COMPLETED,COMPLETED,COMPLETED,,RECEIVED,RECEIVED,NOT REQUIRED,NOT REQUIRED,NOT REQUIRED,NOT REQUIRED,3,7,4,,,,"7540 N SILVERCREST WAY, PARADISE VALLEY, AZ 85253",
1234,ORDER COMPLETED,MARK MOSKAL WARRANTY,WARRANTY JOB,,,"Wed, Jul 23, 2025",,,NOT REQUIRED,NOT REQUIRED,NOT REQUIRED,COMPLETED,COMPLETED,COMPLETED,,RECEIVED,SAME-NEED,NOT REQUIRED,NOT REQUIRED,NOT REQUIRED,NOT REQUIRED,22,0,0,,,,,
1248,ORDER COMPLETED,CHARU (GOES BY CC) CHOPRA,RESIDENTIAL,,,"Thu, Jul 24, 2025",,,COMPLETED,COMPLETED,NOT REQUIRED,COMPLETED,COMPLETED,COMPLETED,,RECEIVED,RECEIVED,NOT REQUIRED,NOT REQUIRED,NOT REQUIRED,NOT REQUIRED,2,2,0,,,,13230 S 34TH CT. PHOENIX AZ 85044,
1269,ORDER COMPLETED,RUSH LAS VEGAS EXPO-CABANA,COMMERCIAL,,,"Thu, Jul 24, 2025",,,COMPLETED,COMPLETED,NOT REQUIRED,COMPLETED,COMPLETED,COMPLETED,,RECEIVED,RECEIVED,NOT REQUIRED,NOT REQUIRED,NOT REQUIRED,NOT REQUIRED,10,1,0,,,,LAS VEGAS NEVADA,
1277,ORDER COMPLETED,LAS VEGAS EXPO STAR LEG TABLE,COMMERCIAL,,,"Thu, Jul 24, 2025",,,COMPLETED,COMPLETED,COMPLETED,NOT REQUIRED,NOT REQUIRED,NOT REQUIRED,,NOT REQUIRED,NOT REQUIRED,NOT REQUIRED,NOT REQUIRED,NOT REQUIRED,NOT REQUIRED,0,3,3,,,,LAS VEGAS NEVADA,
1286,ORDER COMPLETED,STATION CASINO (SUSAN MOORE),COMMERCIAL,,,"Thu, Jul 24, 2025",,,COMPLETED,COMPLETED,NOT REQUIRED,COMPLETED,COMPLETED,COMPLETED,,RECEIVED,RECEIVED,NOT REQUIRED,NOT REQUIRED,NOT REQUIRED,NOT REQUIRED,2,2,0,,,,LAS VEGAS NEVADA,
1288,ORDER COMPLETED,SHOWROOM DEKTON SAMPLES 7-23,COMMERCIAL,,,"Fri, Jul 25, 2025",,,NOT REQUIRED,NOT REQUIRED,IN PROGRESS,NOT REQUIRED,NOT REQUIRED,NOT REQUIRED,,NOT REQUIRED,NOT REQUIRED,NOT REQUIRED,NOT REQUIRED,NOT REQUIRED,NOT REQUIRED,0,0,2,,,,"15037 N Scottsdale Rd Ste 120, Scottsdale, AZ 85254",
1247,ORDER COMPLETED,ANN GALLAGHER,RESIDENTIAL,,,"Mon, Jul 28, 2025",,,COMPLETED,COMPLETED,COMPLETED,NOT REQUIRED,NOT REQUIRED,NOT REQUIRED,,NOT REQUIRED,NOT REQUIRED,NOT REQUIRED,NOT REQUIRED,NOT REQUIRED,NOT REQUIRED,0,2,3,,,,,
1172,ORDER COMPLETED,"LOFTIN, MARK",DONE,,,"Tue, Jul 29, 2025",,,COMPLETED,COMPLETED,COMPLETED,COMPLETED,COMPLETED,COMPLETED,,RECEIVED,RECEIVED,NOT REQUIRED,NOT REQUIRED,NOT REQUIRED,NOT REQUIRED,7,9,0,,,,", , , ,",
1231,ORDER COMPLETED,JOHN BUTZ,RESIDENTIAL,,,"Mon, Aug 04, 2025",,,COMPLETED,COMPLETED,COMPLETED,COMPLETED,COMPLETED,COMPLETED,,RECEIVED,RECEIVED,NOT REQUIRED,NOT REQUIRED,NOT REQUIRED,NOT REQUIRED,23,28,9,,,,"2926 NORTH VALENCIA LANE, PHOENIX AZ 85018",
1289,ORDER COMPLETED,KAREN MORSTAD,RESIDENTIAL,,,"Mon, Aug 04, 2025",,,COMPLETED,COMPLETED,COMPLETED,NOT REQUIRED,NOT REQUIRED,NOT REQUIRED,,NOT REQUIRED,NOT REQUIRED,NOT REQUIRED,NOT REQUIRED,NOT REQUIRED,NOT REQUIRED,0,1,1,,,,,
1261,ORDER COMPLETED,GENCUSH-CHAPMAN,RESIDENTIAL,,,"Tue, Aug 05, 2025",,,NOT REQUIRED,NOT REQUIRED,NOT REQUIRED,COMPLETED,COMPLETED,COMPLETED,,RECEIVED,RECEIVED,NOT REQUIRED,NOT REQUIRED,NOT REQUIRED,NOT REQUIRED,17,0,0,,,,CALIFORNIA,
1256,ORDER COMPLETED,GENCUSH-MARRIOTT DAYBEDS,COMMERCIAL,,,"Wed, Aug 06, 2025",,,COMPLETED,COMPLETED,NOT REQUIRED,COMPLETED,COMPLETED,COMPLETED,,RECEIVED,RECEIVED,NOT REQUIRED,NOT REQUIRED,NOT REQUIRED,NOT REQUIRED,3,3,0,,,,"13970 CROSSROCK ROAD, POWAY CA 92064",
1278,ORDER COMPLETED,WARRANTY: RON SATZ,WARRANTY JOB,,,"Wed, Aug 06, 2025",,,NOT REQUIRED,NOT REQUIRED,NOT REQUIRED,COMPLETED,COMPLETED,COMPLETED,,RECEIVED,SAME-NEED,NOT REQUIRED,NOT REQUIRED,NOT REQUIRED,NOT REQUIRED,5,0,0,,,,"12374 E La Junta Rd, Scottsdale, AZ 85255, USA",
1250,ORDER COMPLETED,LISA SCHMIDLAP,RESIDENTIAL,,,"Mon, Aug 11, 2025",,,COMPLETED,COMPLETED,NOT REQUIRED,COMPLETED,COMPLETED,COMPLETED,,RECEIVED,RECEIVED,NOT REQUIRED,NOT REQUIRED,NOT REQUIRED,NOT REQUIRED,3,2,0,,,,"6602 MUIRLANDS DR, LA JOLLA CA 92037",
1274,ORDER COMPLETED,ASU GOLF-ALLY MONTIEL,RESIDENTIAL,,,"Tue, Aug 12, 2025",,,COMPLETED,COMPLETED,NOT REQUIRED,COMPLETED,COMPLETED,COMPLETED,,RECEIVED,RECEIVED,NOT REQUIRED,NOT REQUIRED,NOT REQUIRED,NOT REQUIRED,2,2,0,,,,,
1233,ORDER COMPLETED,KALLE MEEK-WARRANTY LOREE JOHN,WARRANTY FEDEX,,,"Wed, Aug 13, 2025",,,NOT REQUIRED,NOT REQUIRED,NOT REQUIRED,COMPLETED,COMPLETED,COMPLETED,,RECEIVED,RECEIVED,NOT REQUIRED,NOT REQUIRED,NOT REQUIRED,NOT REQUIRED,2,0,0,,,,,
1257,ORDER COMPLETED,DEE JIMENEZ,RESIDENTIAL,,,"Thu, Aug 14, 2025",,,COMPLETED,COMPLETED,IN PROGRESS,COMPLETED,COMPLETED,COMPLETED,,RECEIVED,RECEIVED,NOT REQUIRED,NOT REQUIRED,NOT REQUIRED,NOT REQUIRED,17,21,4,,,,13513 W WINDSOR BLVD LITCHFIELD SPACE PARK AZ 85340,
1244-1,ORDER COMPLETED,OPTIMA 7220 SEC#1 TO #9,COMMERCIAL,,,"Mon, Aug 18, 2025",,,COMPLETED,COMPLETED,COMPLETED,COMPLETED,COMPLETED,COMPLETED,,RECEIVED,RECEIVED,NOT REQUIRED,NOT REQUIRED,NOT REQUIRED,NOT REQUIRED,57,63,8,,,,,
1244-2,ORDER COMPLETED,OPTIMA 7220 SEC#10 TO #12,COMMERCIAL,,,"Tue, Aug 19, 2025",,,COMPLETED,COMPLETED,COMPLETED,COMPLETED,COMPLETED,COMPLETED,,RECEIVED,RECEIVED,NOT REQUIRED,NOT REQUIRED,NOT REQUIRED,NOT REQUIRED,32,32,2,,,,,
1244-3,ORDER COMPLETED,OPTIMA 7220 SEC#13 TO #17,COMMERCIAL,,,"Tue, Aug 19, 2025",,,COMPLETED,COMPLETED,COMPLETED,COMPLETED,COMPLETED,COMPLETED,,RECEIVED,RECEIVED,NOT REQUIRED,NOT REQUIRED,NOT REQUIRED,NOT REQUIRED,44,52,14,,,,,
1244-4,ORDER COMPLETED,OPTIMA 7220 SEC#18 TO #19,COMMERCIAL,,,"Tue, Aug 19, 2025",,,COMPLETED,COMPLETED,COMPLETED,COMPLETED,COMPLETED,COMPLETED,,RECEIVED,RECEIVED,NOT REQUIRED,NOT REQUIRED,NOT REQUIRED,NOT REQUIRED,30,38,8,,,,,
1244-5,ORDER COMPLETED,OPTIMA 7220 SEC#20 TO #22,COMMERCIAL,,,"Tue, Aug 19, 2025",,,COMPLETED,COMPLETED,COMPLETED,COMPLETED,COMPLETED,COMPLETED,,RECEIVED,RECEIVED,NOT REQUIRED,NOT REQUIRED,NOT REQUIRED,NOT REQUIRED,30,34,3,,,,,
1294,ORDER COMPLETED,JENNIFER PATTERSON,DEKTON WARRANTY,,,"Wed, Aug 20, 2025",,,NOT REQUIRED,NOT REQUIRED,COMPLETED,NOT REQUIRED,NOT REQUIRED,NOT REQUIRED,,NOT REQUIRED,NOT REQUIRED,NOT REQUIRED,NOT REQUIRED,NOT REQUIRED,NOT REQUIRED,0,0,1,,,,DROP AT SHOWROOM,
1229,ORDER COMPLETED,NIKKI OSTREM,RESIDENTIAL,,,"Thu, Aug 21, 2025",,,COMPLETED,COMPLETED,COMPLETED,COMPLETED,COMPLETED,COMPLETED,,RECEIVED,RECEIVED,NOT REQUIRED,NOT REQUIRED,NOT REQUIRED,NOT REQUIRED,4,6,5,,,,"6331 E PHOENICIAN BOULEVARD #5, SCOTTSDALE, AZ 85251",
1283,ORDER COMPLETED,SHAWNA HAUGHAWOUT,RESIDENTIAL,,,"Mon, Aug 25, 2025",,,COMPLETED,COMPLETED,IN PROGRESS,COMPLETED,COMPLETED,COMPLETED,,RECEIVED,RECEIVED,NOT REQUIRED,NOT REQUIRED,NOT REQUIRED,NOT REQUIRED,3,5,2,,,,"28420 N. SUMMIT SPRING RD, RIO VERDE, AZ 85263",
1301,ORDER COMPLETED,ADAM FEIN FLY TABLE REPOWDER,POWDER WARRANTY,,,"Mon, Aug 25, 2025",,,NOT REQUIRED,COMPLETED,NOT REQUIRED,NOT REQUIRED,NOT REQUIRED,NOT REQUIRED,,NOT REQUIRED,NOT REQUIRED,NOT REQUIRED,NOT REQUIRED,NOT REQUIRED,NOT REQUIRED,0,1,0,,,,KIAN CAN DROP AT CUSTOMER HOUSE,
1260,ORDER COMPLETED,KELLEY STACY,RESIDENTIAL,,,"Tue, Aug 26, 2025",,,COMPLETED,COMPLETED,COMPLETED,COMPLETED,COMPLETED,COMPLETED,,RECEIVED,RECEIVED,NOT REQUIRED,NOT REQUIRED,NOT REQUIRED,NOT REQUIRED,7,7,2,,,,"27225 N 71ST PLACE, SCOTTSDALE AZ 85266",
1287,ORDER COMPLETED,PEGGY GARRET,WARRANTY JOB,,,"Tue, Aug 26, 2025",,,NOT REQUIRED,NOT REQUIRED,NOT REQUIRED,COMPLETED,COMPLETED,COMPLETED,,RECEIVED,SAME-NEED,NOT REQUIRED,NOT REQUIRED,NOT REQUIRED,NOT REQUIRED,6,0,0,,,,"14602 N HIGH DOVE PL, MARANA AZ 85658",
1226,ORDER COMPLETED,AMANDA WELLS WARRANTY,WARRANTY JOB,,,"Wed, Aug 27, 2025",,,NOT REQUIRED,NOT REQUIRED,NOT REQUIRED,COMPLETED,COMPLETED,COMPLETED,,RECEIVED,SAME-NEED,NOT REQUIRED,NOT REQUIRED,NOT REQUIRED,NOT REQUIRED,7,0,0,,,,"12101 N 36TH ST, PHOENIX, AZ 85028",
1262,ORDER COMPLETED,GENCUSH-WOLTMAN,RESIDENTIAL,,,"Thu, Aug 28, 2025",,,NOT REQUIRED,NOT REQUIRED,NOT REQUIRED,COMPLETED,COMPLETED,COMPLETED,,RECEIVED,RECEIVED,NOT REQUIRED,NOT REQUIRED,NOT REQUIRED,NOT REQUIRED,25,0,0,,,,CALIFORNIA,
1275,ORDER COMPLETED,JASON SCHNEIDER,RESIDENTIAL,,,"Thu, Aug 28, 2025",,,COMPLETED,COMPLETED,COMPLETED,COMPLETED,COMPLETED,COMPLETED,,RECEIVED,RECEIVED,NOT REQUIRED,NOT REQUIRED,NOT REQUIRED,NOT REQUIRED,2,3,1,,,,"1462 COTTONTAIL LN, LA JOLLA, CA 92037",
1276,ORDER COMPLETED,KAREN BURFENING,REDOING,,,"Thu, Aug 28, 2025",,,NOT REQUIRED,NOT REQUIRED,COMPLETED,NOT REQUIRED,NOT REQUIRED,NOT REQUIRED,,NOT REQUIRED,NOT REQUIRED,NOT REQUIRED,NOT REQUIRED,NOT REQUIRED,NOT REQUIRED,0,0,1,,,,,
1279,ORDER COMPLETED,WARRANTY: MARY BURKE,WARRANTY FEDEX,,,"Thu, Aug 28, 2025",,,NOT REQUIRED,NOT REQUIRED,COMPLETED,NOT REQUIRED,NOT REQUIRED,NOT REQUIRED,,NOT REQUIRED,NOT REQUIRED,NOT REQUIRED,NOT REQUIRED,NOT REQUIRED,NOT REQUIRED,0,0,2,,,,,
1303,ORDER COMPLETED,GENCUSH WOLTMAN-2,COMMERCIAL,,,"Thu, Aug 28, 2025",,,NOT REQUIRED,NOT REQUIRED,NOT REQUIRED,COMPLETED,COMPLETED,COMPLETED,,RECEIVED,RECEIVED,NOT REQUIRED,NOT REQUIRED,NOT REQUIRED,NOT REQUIRED,8,0,0,,,,CALIFORNIA,
1295,ORDER COMPLETED,OPTIMA CHICAGO,COMMERCIAL FEDEX,,,"Mon, Sep 01, 2025",,,NOT REQUIRED,NOT REQUIRED,NOT REQUIRED,COMPLETED,COMPLETED,COMPLETED,,RECEIVED,NOT REQUIRED,NOT REQUIRED,NOT REQUIRED,NOT REQUIRED,NOT REQUIRED,54,0,0,,,,"220 East Illinois Street, Chicago IL, 60611",
1268,ORDER COMPLETED,COURTNEY AFRICA-WARRANTY,WARRANTY JOB,,,"Tue, Sep 02, 2025",,,NOT REQUIRED,NOT REQUIRED,NOT REQUIRED,COMPLETED,COMPLETED,COMPLETED,,RECEIVED,SAME-NEED,NOT REQUIRED,NOT REQUIRED,NOT REQUIRED,NOT REQUIRED,1,0,0,,,,"5808 E TURQUOISE AVE, PARADISE VALLEY, 85253",
1273,ORDER COMPLETED,LINDSEY MCMORRIS PETERMAN,RESIDENTIAL,,,"Thu, Sep 04, 2025",,,COMPLETED,COMPLETED,COMPLETED,COMPLETED,COMPLETED,COMPLETED,,RECEIVED,RECEIVED,NOT REQUIRED,NOT REQUIRED,NOT REQUIRED,NOT REQUIRED,1,2,1,,,,"19919 N 83RD PL, SCOTTSDALE, AZ 85255",
1284,ORDER COMPLETED,JOE ITURRI,RESIDENTIAL,,,"Thu, Sep 04, 2025",,,COMPLETED,COMPLETED,COMPLETED,NOT REQUIRED,NOT REQUIRED,NOT REQUIRED,,NOT REQUIRED,NOT REQUIRED,NOT REQUIRED,NOT REQUIRED,NOT REQUIRED,NOT REQUIRED,0,1,1,,,,"6230 EAST MONTEROSA STREET, SCOTTSDALE, AZ 85251",
1234A,ORDER COMPLETED,MARK MOSKAL WARRANTY,ADD-PILLOWS,,,"Thu, Sep 04, 2025",,,NOT REQUIRED,NOT REQUIRED,NOT REQUIRED,COMPLETED,COMPLETED,COMPLETED,,RECEIVED,NOT REQUIRED,NOT REQUIRED,NOT REQUIRED,NOT REQUIRED,NOT REQUIRED,6,0,0,,,,,
1280,ORDER COMPLETED,LESLEY MCCULLEY,RESIDENTIAL,,,"Mon, Sep 08, 2025",,,COMPLETED,COMPLETED,COMPLETED,NOT REQUIRED,NOT REQUIRED,NOT REQUIRED,,NOT REQUIRED,NOT REQUIRED,NOT REQUIRED,NOT REQUIRED,NOT REQUIRED,NOT REQUIRED,0,1,1,,,,"3428 EAST RED BIRD ROAD, SCOTTSDALE, AZ 85266",
1212,ORDER COMPLETED,PK SCHANTIN KENDALL,RESIDENTIAL,,,"Tue, Sep 09, 2025",,,COMPLETED,COMPLETED,IN PROGRESS,COMPLETED,COMPLETED,COMPLETED,,RECEIVED,RECEIVED,NOT REQUIRED,NOT REQUIRED,NOT REQUIRED,NOT REQUIRED,16,21,5,,,,"5107 N ASCENT DR, SCOTTSDALE, AZ 85253",
1312,ORDER COMPLETED,RUSH SHOWROOM 9-10-25,COMMERCIAL,,,"Wed, Sep 10, 2025",,,COMPLETED,COMPLETED,COMPLETED,COMPLETED,COMPLETED,COMPLETED,,COMPLETED,RECEIVED,NOT REQUIRED,NOT REQUIRED,NOT REQUIRED,NOT REQUIRED,19,22,5,,,,"15037 N Scottsdale Rd Ste 120, Scottsdale, AZ 85254",
1313,ORDER COMPLETED,RUSH SHOWROOM 9-14-25,COMMERCIAL,,,"Wed, Sep 10, 2025",,,NOT STARTED,NOT STARTED,NOT STARTED,NOT STARTED,NOT STARTED,NOT STARTED,,CALCULATE,NEED,NOT REQUIRED,NOT REQUIRED,NOT REQUIRED,NOT REQUIRED,,,,,,,"15037 N Scottsdale Rd Ste 120, Scottsdale, AZ 85254",
1319,ORDER COMPLETED,SHOWROOM NEW FURN 9-12-25,COMMERCIAL,,,"Wed, Sep 10, 2025",,,NOT STARTED,NOT STARTED,NOT REQUIRED,NOT STARTED,NOT STARTED,NOT STARTED,,NOT ORDERED,NOT ORDERED,NOT REQUIRED,NOT REQUIRED,NOT REQUIRED,NOT REQUIRED,,,,,,,"15037 N Scottsdale Rd Ste 120, Scottsdale, AZ 85254",
1235,ORDER COMPLETED,KARIN WEBSTER WARRANTY,WARRANTY JOB,,,"Mon, Sep 15, 2025",,,NOT REQUIRED,NOT REQUIRED,COMPLETED,NOT REQUIRED,NOT REQUIRED,NOT REQUIRED,,NOT REQUIRED,NOT REQUIRED,NOT REQUIRED,NOT REQUIRED,NOT REQUIRED,NOT REQUIRED,0,0,1,,,,"27014 n 103rd scottsdale, az 85262",
1296,ORDER COMPLETED,LEN HACK-THIRD AVENUE LOFTS,COMMERCIAL,,,"Mon, Sep 15, 2025",,,COMPLETED,COMPLETED,COMPLETED,NOT REQUIRED,NOT REQUIRED,NOT REQUIRED,,NOT REQUIRED,NOT REQUIRED,NOT REQUIRED,NOT REQUIRED,NOT REQUIRED,NOT REQUIRED,0,1,1,,,,,
1298,ORDER COMPLETED,Lynn Lott Showroom-Fire Table Set,SHOWROOM SALE,,,"Wed, Sep 17, 2025",,,NOT REQUIRED,NOT REQUIRED,NOT REQUIRED,NOT REQUIRED,NOT REQUIRED,NOT REQUIRED,,NOT REQUIRED,NOT REQUIRED,NOT REQUIRED,NOT REQUIRED,NOT REQUIRED,NOT REQUIRED,0,0,0,,,,"6471 W ANTLER BEND PLACE,  MARANA AZ",
1326,ORDER COMPLETED,LESLIE GROSSHAUSER,RESIDENTIAL,,,"Wed, Sep 17, 2025",,,COMPLETED,COMPLETED,IN PROGRESS,NOT REQUIRED,NOT REQUIRED,NOT REQUIRED,,NOT REQUIRED,NOT REQUIRED,NOT REQUIRED,NOT REQUIRED,NOT REQUIRED,NOT REQUIRED,0,2,1,,,,"18155 E PARIA CANYON DR, RIO VERDE, AZ 85263",
1333,ORDER COMPLETED,RUSH 7220 OPTIMA COUCH,COMMERCIAL,,,"Wed, Sep 17, 2025",,,COMPLETED,COMPLETED,NOT REQUIRED,COMPLETED,COMPLETED,COMPLETED,,IN STOCK,RECEIVED,NOT REQUIRED,NOT REQUIRED,NOT REQUIRED,NOT REQUIRED,1,1,0,,,,"7220 E Mayo Blvd, Scottsdale, AZ 85255",
1292,ORDER COMPLETED,TERI JONES,RESIDENTIAL,,,"Thu, Sep 18, 2025",,,COMPLETED,COMPLETED,COMPLETED,COMPLETED,COMPLETED,COMPLETED,,RECEIVED,RECEIVED,NOT REQUIRED,NOT REQUIRED,NOT REQUIRED,NOT REQUIRED,13,14,2,,,,,
1282,ORDER COMPLETED,WARRANTY: LARRY BERGEN,WARRANTY JOB,,,"Mon, Sep 22, 2025",,,NOT REQUIRED,NOT REQUIRED,NOT REQUIRED,COMPLETED,COMPLETED,COMPLETED,,RECEIVED,SAME-NEED,NOT REQUIRED,NOT REQUIRED,NOT REQUIRED,NOT REQUIRED,14,0,0,,,,"12997 E Buckskin Trail, Scottsdale, AZ 85255, USA",
1306,ORDER COMPLETED,MAURO CALDERON,RESIDENTIAL,,,"Tue, Sep 23, 2025",,,COMPLETED,COMPLETED,COMPLETED,COMPLETED,COMPLETED,COMPLETED,,RECEIVED,RECEIVED,NOT REQUIRED,NOT REQUIRED,NOT REQUIRED,NOT REQUIRED,30,40,17,,,,"6112 E QUARTZ MOUNTAIN RD, PARADISE VALLEY AZ 85253",
1327,ORDER COMPLETED,MIKE WEBSTER,SHOWROOM SALE,,,"Tue, Sep 23, 2025",,,NOT REQUIRED,NOT REQUIRED,NOT REQUIRED,COMPLETED,COMPLETED,COMPLETED,,RECEIVED,SAME-NEED,NOT REQUIRED,NOT REQUIRED,NOT REQUIRED,NOT REQUIRED,1,0,0,,,,,
1337,ORDER COMPLETED,"Frame, Betsy",WARRANTY JOB,,,"Tue, Sep 23, 2025",,,NOT REQUIRED,NOT REQUIRED,NOT REQUIRED,COMPLETED,COMPLETED,COMPLETED,,IN STOCK,FIBRA,NOT REQUIRED,NOT REQUIRED,NOT REQUIRED,NOT REQUIRED,2,0,0,,,,,
1321,ORDER COMPLETED,PERKINS COIE LLP-WARRANTY,WARRANTY JOB,,,"Wed, Sep 24, 2025",,,NOT REQUIRED,NOT REQUIRED,NOT REQUIRED,IN PROGRESS,COMPLETED,IN PROGRESS,,ORDERED,SAME-NEED,NOT REQUIRED,NOT REQUIRED,NOT REQUIRED,NOT REQUIRED,12,0,0,,,,"2525 E Camelback Rd suite 500, Phoenix, AZ 85016, USA",
1336,ORDER COMPLETED,STEPHANIE CHICK-ALUMINUM,WARRANTY JOB,,,"Wed, Sep 24, 2025",,,COMPLETED,COMPLETED,NOT REQUIRED,NOT REQUIRED,NOT REQUIRED,NOT REQUIRED,,NOT REQUIRED,NOT REQUIRED,NOT REQUIRED,NOT REQUIRED,NOT REQUIRED,NOT REQUIRED,0,8,0,,,,"4868 Casals Place San Diego, CA 92124",
1238,ORDER COMPLETED,STEVE MATI,RESIDENTIAL,,,"Thu, Sep 25, 2025",,,COMPLETED,COMPLETED,COMPLETED,IN PROGRESS,COMPLETED,COMPLETED,,RECEIVED,RECEIVED,NOT REQUIRED,NOT REQUIRED,NOT REQUIRED,NOT REQUIRED,26,34,10,,,,"13309 E BUCKSKIN TRAIL, SCOTTSDALE, AZ 85255",
1281,ORDER COMPLETED,DESIGN ONE: JANET CURRY,COMMERCIAL,,,"Thu, Sep 25, 2025",,,COMPLETED,COMPLETED,COMPLETED,IN PROGRESS,COMPLETED,COMPLETED,,CUSTOMER,RECEIVED,NOT REQUIRED,NOT REQUIRED,NOT REQUIRED,NOT REQUIRED,16,17,1,,,,"9574 E MADERA DR, SCOTTSDALE, AZ 85262",
1314,ORDER COMPLETED,SARAH FIEL,RESIDENTIAL,,,"Thu, Sep 25, 2025",,,COMPLETED,COMPLETED,COMPLETED,IN PROGRESS,COMPLETED,COMPLETED,,RECEIVED,RECEIVED,NOT REQUIRED,NOT REQUIRED,NOT REQUIRED,NOT REQUIRED,5,6,3,,,,,
1271,ORDER COMPLETED,ADAM FEIN,WARRANTY JOB,,,"Mon, Sep 29, 2025",,,NOT REQUIRED,NOT REQUIRED,NOT REQUIRED,COMPLETED,COMPLETED,COMPLETED,,RECEIVED,SAME-NEED,NOT REQUIRED,NOT REQUIRED,NOT REQUIRED,NOT REQUIRED,13,0,0,,,,"5747 EAST HUNTRESS DRIVE, PARADISE VALLEY 85253",
1299,ORDER COMPLETED,RONALD WOLF,RESIDENTIAL,,,"Tue, Sep 30, 2025",,,NOT STARTED,NOT STARTED,NOT STARTED,NOT STARTED,NOT STARTED,NOT STARTED,,RECEIVED,NOT ORDERED,NOT REQUIRED,NOT REQUIRED,NOT REQUIRED,NOT REQUIRED,,,,,,,7000 E PALMER WASILLA HWAY,
1300,ORDER COMPLETED,APRIL RAYS MODULE PROJECT,COMMERCIAL,,,"Tue, Sep 30, 2025",,,COMPLETED,COMPLETED,NOT REQUIRED,COMPLETED,COMPLETED,COMPLETED,,RECEIVED,RECEIVED,NOT REQUIRED,NOT REQUIRED,NOT REQUIRED,NOT REQUIRED,10,10,0,,,,"2628 E ADAMS ST, PHX AZ",
1228,ORDER COMPLETED,DEEPTI SAINI,RESIDENTIAL,,,"Thu, Oct 02, 2025",,,COMPLETED,COMPLETED,COMPLETED,COMPLETED,COMPLETED,COMPLETED,,RECEIVED,RECEIVED,NOT REQUIRED,NOT REQUIRED,NOT REQUIRED,NOT REQUIRED,5,1,1,,,,"SCOTTSDALE, AZ 85255",
1267,ORDER COMPLETED,LORI RICKERT,RESIDENTIAL,,,"Thu, Oct 02, 2025",,,COMPLETED,COMPLETED,COMPLETED,COMPLETED,COMPLETED,COMPLETED,,RECEIVED,RECEIVED,NOT REQUIRED,NOT REQUIRED,NOT REQUIRED,NOT REQUIRED,13,19,6,,,,"4098 N GOLF DR, BUCKEYE, AZ",
1309,ORDER COMPLETED,THOMAS GIULIANO,RESIDENTIAL,,,"Thu, Oct 02, 2025",,,COMPLETED,COMPLETED,COMPLETED,COMPLETED,COMPLETED,COMPLETED,,RECEIVED,SAME-NEED,NOT REQUIRED,NOT REQUIRED,NOT REQUIRED,NOT REQUIRED,19,6,2,,,,9026 N 83rd St Scottsdale 85258,
1330,ORDER COMPLETED,JAN SCHWARZ,RESIDENTIAL,,,"Thu, Oct 02, 2025",,,COMPLETED,COMPLETED,NOT REQUIRED,COMPLETED,COMPLETED,COMPLETED,,RECEIVED,RECEIVED,NOT REQUIRED,NOT REQUIRED,NOT REQUIRED,NOT REQUIRED,2,2,0,,,,"2151 Calle Guaymas, LA JOLLA, CA 92037",
1334,ORDER COMPLETED,RON ROONEY,RESIDENTIAL,,,"Thu, Oct 02, 2025",,,COMPLETED,COMPLETED,COMPLETED,NOT REQUIRED,NOT REQUIRED,NOT REQUIRED,,NOT REQUIRED,NOT REQUIRED,NOT REQUIRED,NOT REQUIRED,NOT REQUIRED,NOT REQUIRED,0,1,1,,,," 905 Barr Ave, SAN DIEGO, CA 92103",
1323,ORDER COMPLETED,CAESAR REPUBLIC SEPT-25,COMMERCIAL,,,"Fri, Oct 03, 2025",,,COMPLETED,COMPLETED,IN PROGRESS,COMPLETED,COMPLETED,COMPLETED,,RECEIVED,RECEIVED,NOT REQUIRED,NOT REQUIRED,NOT REQUIRED,NOT REQUIRED,5,8,5,,,,4747 N. Goldwater Blvd.,
1359,ORDER COMPLETED,THE LODGING CONFERENCE,COMMERCIAL,,,"Sun, Oct 05, 2025",,,NOT REQUIRED,NOT REQUIRED,NOT REQUIRED,NOT REQUIRED,NOT REQUIRED,NOT REQUIRED,,NOT REQUIRED,NOT REQUIRED,NOT REQUIRED,NOT REQUIRED,NOT REQUIRED,NOT REQUIRED,0,0,0,,,,"5350 E. Marriott Drive, PHOENIX, AZ 85054",
1359,ORDER COMPLETED,THE LODGING CONFERENCE,COMMERCIAL,,,"Sun, Oct 05, 2025",,,NOT REQUIRED,NOT REQUIRED,NOT REQUIRED,NOT REQUIRED,NOT REQUIRED,NOT REQUIRED,,NOT REQUIRED,NOT REQUIRED,NOT REQUIRED,NOT REQUIRED,NOT REQUIRED,NOT REQUIRED,0,0,0,,,,"5350 E. Marriott Drive, PHOENIX, AZ 85054",
1297,ORDER COMPLETED,KAREN MORSTAD,RESIDENTIAL,,,"Mon, Oct 06, 2025",,,COMPLETED,COMPLETED,NOT REQUIRED,COMPLETED,COMPLETED,COMPLETED,,RECEIVED,RECEIVED,NOT REQUIRED,NOT REQUIRED,NOT REQUIRED,NOT REQUIRED,5,5,0,,,,,
1320,ORDER COMPLETED,JAMA HAGGARD,RESIDENTIAL,,,"Mon, Oct 06, 2025",,,COMPLETED,COMPLETED,NOT REQUIRED,COMPLETED,COMPLETED,COMPLETED,,RECEIVED,RECEIVED,NOT REQUIRED,NOT REQUIRED,NOT REQUIRED,NOT REQUIRED,4,4,0,,,,"11686 N San Clemente St, suprise AZ 85388",
1270,ORDER COMPLETED,VANESSA VANHYFTE,RESIDENTIAL,,,"Tue, Oct 07, 2025",,,COMPLETED,COMPLETED,COMPLETED,COMPLETED,COMPLETED,COMPLETED,,RECEIVED,RECEIVED,NOT REQUIRED,NOT REQUIRED,NOT REQUIRED,NOT REQUIRED,13,16,5,,,,"7433 FAIRWAY RD, LA JOLLA CA 92037",
1291,ORDER COMPLETED,PERLA LONG,RESIDENTIAL,,,"Tue, Oct 07, 2025",,,COMPLETED,COMPLETED,COMPLETED,COMPLETED,COMPLETED,COMPLETED,,RECEIVED,RECEIVED,NOT REQUIRED,NOT REQUIRED,NOT REQUIRED,NOT REQUIRED,12,15,7,,,,"7985 Prospect, La jolla, ca 92038",
1341,ORDER COMPLETED,Showroom Brooklyn Lounger--Charu Chopra,SHOWROOM SALE,,,"Tue, Oct 07, 2025",,,NOT REQUIRED,NOT REQUIRED,NOT REQUIRED,NOT REQUIRED,NOT REQUIRED,NOT REQUIRED,,NOT REQUIRED,NOT REQUIRED,NOT REQUIRED,NOT REQUIRED,NOT REQUIRED,NOT REQUIRED,0,0,0,,,,"13230 S. 34th Ct., PHOENIX AZ 85044",
1344,ORDER COMPLETED,BUDDY PINAZZA,RESIDENTIAL,,,"Tue, Oct 07, 2025",,,COMPLETED,COMPLETED,NOT REQUIRED,COMPLETED,COMPLETED,COMPLETED,,IN STOCK,RECEIVED,NOT REQUIRED,NOT REQUIRED,NOT REQUIRED,NOT REQUIRED,3,3,0,,,,"6408 E Lomas Verdes Dr, SCOTTSDALE, AZ 85266",
1315,ORDER COMPLETED,MICHAEL GOLDIN,RESIDENTIAL,,,"Wed, Oct 08, 2025",,,COMPLETED,COMPLETED,COMPLETED,COMPLETED,COMPLETED,COMPLETED,,RECEIVED,RECEIVED,NOT REQUIRED,NOT REQUIRED,NOT REQUIRED,NOT REQUIRED,9,10,4,,,,"5332 E EXETER BLVD, PHOENIX AZ 85018",
1316,ORDER COMPLETED,ROSEMARY SCARIATI,RESIDENTIAL,,,"Wed, Oct 08, 2025",,,COMPLETED,COMPLETED,COMPLETED,COMPLETED,COMPLETED,COMPLETED,,RECEIVED,RECEIVED,NOT REQUIRED,NOT REQUIRED,NOT REQUIRED,NOT REQUIRED,9,7,1,,,,"24094 N 126th Pl, Scottsdale, AZ 85255, USA",
1335,ORDER COMPLETED,CAMELIA CRACIUN,WARRANTY JOB,,,"Thu, Oct 09, 2025",,,NOT REQUIRED,NOT REQUIRED,NOT REQUIRED,COMPLETED,COMPLETED,COMPLETED,,RECEIVED,SAME-NEED,NOT REQUIRED,NOT REQUIRED,NOT REQUIRED,NOT REQUIRED,17,0,0,,,,"6547 W Gold Mountain Pass, Phoenix, AZ 85083, USA",
1356,ORDER COMPLETED,Redo Powder Coat Metropolis Restaurant-Optima,COMMERCIAL,,,"Thu, Oct 09, 2025",,,NOT REQUIRED,IN PROGRESS,NOT REQUIRED,NOT REQUIRED,NOT REQUIRED,NOT REQUIRED,,NOT REQUIRED,NOT REQUIRED,NOT REQUIRED,NOT REQUIRED,NOT REQUIRED,NOT REQUIRED,0,41,0,,,,,
1311,ORDER COMPLETED,DEKTON SAMPLES FOR SHOWROOM,FOR SHOWROOM,,,"Fri, Oct 10, 2025",,,NOT REQUIRED,NOT REQUIRED,COMPLETED,NOT REQUIRED,NOT REQUIRED,NOT REQUIRED,,NOT REQUIRED,NOT REQUIRED,NOT REQUIRED,NOT REQUIRED,NOT REQUIRED,NOT REQUIRED,0,0,3,,,,"15037 N Scottsdale Rd Ste 120, Scottsdale, AZ 85254",
1211,ORDER COMPLETED,HOWARD GARR,RESIDENTIAL,,,"Mon, Oct 13, 2025",,,COMPLETED,COMPLETED,COMPLETED,COMPLETED,COMPLETED,COMPLETED,,RECEIVED,RECEIVED,NOT REQUIRED,NOT REQUIRED,NOT REQUIRED,NOT REQUIRED,30,38,8,,,,"7670 E VAQUERO DR, SCOTTSDALE, AZ 85258",
1348,ORDER COMPLETED,JUSTIN LANE,RESIDENTIAL,,,"Mon, Oct 13, 2025",,,NOT REQUIRED,NOT REQUIRED,NOT REQUIRED,COMPLETED,COMPLETED,COMPLETED,,RECEIVED,RECEIVED,NOT REQUIRED,NOT REQUIRED,NOT REQUIRED,NOT REQUIRED,3,0,0,,,,"2420 Della Roccia Ct, Oro Valley, AZ 85737, USA",
1206,ORDER COMPLETED,WARRANTY: ALISA KEETON,WARRANTY JOB,,,"Tue, Oct 14, 2025",,,NOT REQUIRED,NOT REQUIRED,NOT REQUIRED,COMPLETED,COMPLETED,COMPLETED,,RECEIVED,SAME-NEED,NOT REQUIRED,NOT REQUIRED,NOT REQUIRED,NOT REQUIRED,14,0,0,,,,,
1331,ORDER COMPLETED,Marc Lewis & Keith Clausen WARRANTY,WARRANTY JOB,,,"Tue, Oct 14, 2025",,,NOT REQUIRED,NOT REQUIRED,NOT REQUIRED,COMPLETED,COMPLETED,COMPLETED,,RECEIVED,SAME-NEED,NOT REQUIRED,NOT REQUIRED,NOT REQUIRED,NOT REQUIRED,14,0,0,,,,"29648 N. El Pueblo Blvd Rio Verde, AZ 85263",
1347,ORDER COMPLETED,WARRANT-MARISA CARSON,WARRANTY JOB,,,"Tue, Oct 14, 2025",,,NOT REQUIRED,NOT REQUIRED,NOT REQUIRED,COMPLETED,COMPLETED,COMPLETED,,RECEIVED,SAME-NEED,NOT REQUIRED,NOT REQUIRED,NOT REQUIRED,NOT REQUIRED,19,0,0,,,,"28858 N 71st St, Scottsdale, AZ 85266, USA",
1083R,ORDER COMPLETED,clemmer project,WARRANTY JOB,,,"Tue, Oct 14, 2025",,,NOT REQUIRED,NOT REQUIRED,NOT REQUIRED,COMPLETED,COMPLETED,COMPLETED,,RECEIVED,SAME-NEED,NOT REQUIRED,NOT REQUIRED,NOT REQUIRED,NOT REQUIRED,3,0,0,,,,,
1304,ORDER COMPLETED,BRIGGETTE DERIENZO,RESIDENTIAL,,,"Wed, Oct 15, 2025",,,COMPLETED,COMPLETED,COMPLETED,COMPLETED,COMPLETED,COMPLETED,,RECEIVED,RECEIVED,NOT REQUIRED,NOT REQUIRED,NOT REQUIRED,NOT REQUIRED,36,45,13,,,,"5342 E Lonesome Trail, Cave Creek, AZ 85331, USA",
1369,ORDER COMPLETED,SARAH FIEL,REDO-JOB,,,"Wed, Oct 15, 2025",,,NOT REQUIRED,NOT REQUIRED,NOT REQUIRED,COMPLETED,COMPLETED,COMPLETED,,RECEIVED,SAME-NEED,NOT REQUIRED,NOT REQUIRED,NOT REQUIRED,NOT REQUIRED,6,0,0,,,,DROP AT SHOWROOM,
1324,ORDER COMPLETED,LYNN TALEN 2ND ORDER,RESIDENTIAL,,,"Thu, Oct 16, 2025",,,COMPLETED,COMPLETED,COMPLETED,COMPLETED,COMPLETED,COMPLETED,,RECEIVED,RECEIVED,NOT REQUIRED,NOT REQUIRED,NOT REQUIRED,NOT REQUIRED,4,6,2,,,,"12279 East Desert Vista Drive, E Desert Vista Dr, Scottsda",
1332,ORDER COMPLETED,PAUL SCHNEIDER WARRANTY,WARRANTY JOB,,,"Thu, Oct 16, 2025",,,NOT REQUIRED,NOT REQUIRED,IN PROGRESS,COMPLETED,COMPLETED,COMPLETED,,RECEIVED,SAME-NEED,NOT REQUIRED,NOT REQUIRED,NOT REQUIRED,NOT REQUIRED,3,0,2,,,," 3075 E Waterman Way, Gilbert, AZ 85297, USA",
1310,ORDER COMPLETED,VANESSA SOLORIO,RESIDENTIAL,,,"Fri, Oct 17, 2025",,,COMPLETED,COMPLETED,COMPLETED,COMPLETED,COMPLETED,COMPLETED,,RECEIVED,RECEIVED,NOT REQUIRED,NOT REQUIRED,NOT REQUIRED,NOT REQUIRED,11,11,3,,,,"4148 E Clubview Dr, Gilbert, AZ 85298, USA",
1252,ORDER COMPLETED,JANICE VLAZNY-NEW FACTORY,RESIDENTIAL,,,"Mon, Oct 20, 2025",,,COMPLETED,COMPLETED,COMPLETED,COMPLETED,COMPLETED,COMPLETED,,RECEIVED,RECEIVED,NOT REQUIRED,NOT REQUIRED,NOT REQUIRED,NOT REQUIRED,9,15,6,,,,"23928 N 112TH PL, SCOTTSDALE, AZ ",
1351,ORDER COMPLETED,SHOWROOM FRONT PATIO,COMMERCIAL,,,"Mon, Oct 20, 2025",,,COMPLETED,COMPLETED,COMPLETED,COMPLETED,COMPLETED,COMPLETED,,RECEIVED,RECEIVED,NOT REQUIRED,NOT REQUIRED,NOT REQUIRED,NOT REQUIRED,13,11,6,,,,"15037 N Scottsdale Rd Ste 120, Scottsdale, AZ 85254",
1370,ORDER COMPLETED,GENE BEARINGER CABANA ADDITION,REPAIRS,,,"Mon, Oct 20, 2025",,,COMPLETED,COMPLETED,IN PROGRESS,NOT REQUIRED,NOT REQUIRED,NOT REQUIRED,,NOT REQUIRED,NOT REQUIRED,NOT REQUIRED,NOT REQUIRED,NOT REQUIRED,NOT REQUIRED,0,1,1,,,,"10931 E Fanfol Lane, SCOTTSDALE, AZ 85259",
1307,ORDER COMPLETED,JILL LOWE,REDOING,,,"Wed, Oct 22, 2025",,,NOT REQUIRED,NOT REQUIRED,NOT REQUIRED,COMPLETED,COMPLETED,COMPLETED,,RECEIVED,SAME-NEED,NOT REQUIRED,NOT REQUIRED,NOT REQUIRED,NOT REQUIRED,2,0,0,,,,pickup at showroom,
1340,ORDER COMPLETED,SHOWROOM NEW 9-23 SCOTTSDALE,COMMERCIAL,,,"Wed, Oct 22, 2025",,,COMPLETED,COMPLETED,COMPLETED,COMPLETED,COMPLETED,COMPLETED,,RECEIVED,RECEIVED,NOT REQUIRED,NOT REQUIRED,NOT REQUIRED,NOT REQUIRED,1,2,2,,,,"15037 N Scottsdale Rd Ste 120, Scottsdale, AZ 85254",
1352,ORDER COMPLETED,Chris Price Baccari Cabana,RESIDENTIAL,,,"Wed, Oct 22, 2025",,,COMPLETED,COMPLETED,NOT REQUIRED,COMPLETED,COMPLETED,COMPLETED,,RECEIVED,NOT REQUIRED,NOT REQUIRED,NOT REQUIRED,NOT REQUIRED,NOT REQUIRED,2,2,0,,,,"80440 Hideaway Club Dr, La Quinta California",
1357,ORDER COMPLETED,WARRANT-SCOTT COULTER,WARRANTY JOB,,,"Wed, Oct 22, 2025",,,COMPLETED,COMPLETED,NOT REQUIRED,NOT REQUIRED,NOT REQUIRED,NOT REQUIRED,,NOT REQUIRED,NOT REQUIRED,NOT REQUIRED,NOT REQUIRED,NOT REQUIRED,NOT REQUIRED,0,13,0,,,,5666 Waverly Ave. LA JOLLA CA,
1365,ORDER COMPLETED,REDO CUSHION-BRETT BRIMLEY,REDOING,,,"Wed, Oct 22, 2025",,,NOT REQUIRED,NOT REQUIRED,NOT REQUIRED,COMPLETED,COMPLETED,COMPLETED,,IN STOCK,SAME-NEED,NOT REQUIRED,NOT REQUIRED,NOT REQUIRED,NOT REQUIRED,7,0,0,,,,PICK UP AT FACTORY,
1329,ORDER COMPLETED,GUIDO & VERA RUSSO,RESIDENTIAL,,,"Thu, Oct 23, 2025",,,COMPLETED,COMPLETED,IN PROGRESS,COMPLETED,COMPLETED,COMPLETED,,RECEIVED,RECEIVED,NOT REQUIRED,NOT REQUIRED,NOT REQUIRED,NOT REQUIRED,19,22,3,,,,"4329 N Boulder Canyon Cir, Mesa, AZ 85207, USA",
1367,ORDER COMPLETED,TOM FALCONE,RESIDENTIAL,,,"Thu, Oct 23, 2025",,,COMPLETED,COMPLETED,IN PROGRESS,COMPLETED,COMPLETED,COMPLETED,,RECEIVED,RECEIVED,NOT REQUIRED,NOT REQUIRED,NOT REQUIRED,NOT REQUIRED,8,9,1,,,,"31071 N 117th Dr Peoria, AZ 85382",
1368,ORDER COMPLETED,SAM HAMID FRIEND,RESIDENTIAL,,,"Thu, Oct 23, 2025",,,NOT REQUIRED,NOT REQUIRED,NOT REQUIRED,COMPLETED,COMPLETED,COMPLETED,,IN STOCK,RECEIVED,NOT REQUIRED,NOT REQUIRED,NOT REQUIRED,NOT REQUIRED,3,0,0,,,,PICK UP AT FACTORY,
1317,ORDER COMPLETED,BARB MAY,RESIDENTIAL,,,"Mon, Oct 27, 2025",,,COMPLETED,COMPLETED,COMPLETED,COMPLETED,COMPLETED,COMPLETED,,RECEIVED,RECEIVED,NOT REQUIRED,NOT REQUIRED,NOT REQUIRED,NOT REQUIRED,20,23,5,,,,"6536 N 40th Pl, Paradise Valley, AZ 85253, USA",
1322,ORDER COMPLETED,MITCHELL BALLOU,WARRANTY JOB,,,"Mon, Oct 27, 2025",,,NOT REQUIRED,NOT REQUIRED,NOT REQUIRED,COMPLETED,COMPLETED,COMPLETED,,RECEIVED,SAME-NEED,NOT REQUIRED,NOT REQUIRED,NOT REQUIRED,NOT REQUIRED,5,0,0,,,,"1034 East Driftwood Dr. TEMPE, AZ 85283",
1131,ORDER COMPLETED,"Lillian James Design Group, NIKKI PERES",RESIDENTIAL,,,"Tue, Oct 28, 2025",,,COMPLETED,COMPLETED,NOT REQUIRED,COMPLETED,COMPLETED,COMPLETED,,RECEIVED,RECEIVED,NOT REQUIRED,NOT REQUIRED,NOT REQUIRED,NOT REQUIRED,6,6,0,,,,"3629 E Dunlap Ave, , PHOENIX, 85028, Arizona",
1328,ORDER COMPLETED,AVIL YAGIL,RESIDENTIAL,,,"Tue, Oct 28, 2025",,,COMPLETED,COMPLETED,COMPLETED,COMPLETED,COMPLETED,COMPLETED,,RECEIVED,RECEIVED,NOT REQUIRED,NOT REQUIRED,NOT REQUIRED,NOT REQUIRED,4,7,6,,,,"7223 Mimosa Dr, CARLSBAD, CA 92011",
1353,ORDER COMPLETED,Kristina Eschmeyer,WARRANTY JOB,,,"Tue, Oct 28, 2025",,,NOT REQUIRED,NOT REQUIRED,NOT REQUIRED,COMPLETED,COMPLETED,COMPLETED,,RECEIVED,SAME-NEED,NOT REQUIRED,NOT REQUIRED,NOT REQUIRED,NOT REQUIRED,22,0,0,,,,"8321 Baseline Rd, Boulder, CO 80303",
1343,ORDER COMPLETED,TESS RHOTON,RESIDENTIAL,,,"Wed, Oct 29, 2025",,,COMPLETED,COMPLETED,NOT REQUIRED,COMPLETED,COMPLETED,COMPLETED,,RECEIVED,RECEIVED,NOT REQUIRED,NOT REQUIRED,NOT REQUIRED,NOT REQUIRED,1,1,0,,,,"11760 Glodia Dr. , Flagstaff, AZ 86004",
1305,ORDER COMPLETED,DEBRA COOK,REDOING,,,"Thu, Oct 30, 2025",,,NOT REQUIRED,NOT REQUIRED,NOT REQUIRED,COMPLETED,COMPLETED,COMPLETED,,RECEIVED,SAME-NEED,NOT REQUIRED,NOT REQUIRED,NOT REQUIRED,NOT REQUIRED,6,0,0,,,,,
1166,ORDER COMPLETED,"CRAIG, DANA",DONE,,,"Mon, Nov 03, 2025",,,COMPLETED,COMPLETED,COMPLETED,COMPLETED,COMPLETED,COMPLETED,,RECEIVED,RECEIVED,NOT REQUIRED,NOT REQUIRED,NOT REQUIRED,NOT REQUIRED,4,8,3,,,,", , , ,",
1375,ORDER COMPLETED,VICTORIA DEWITT,WARRANTY DEKTON,,,"Mon, Nov 03, 2025",,,NOT REQUIRED,NOT REQUIRED,IN PROGRESS,NOT REQUIRED,NOT REQUIRED,NOT REQUIRED,,NOT REQUIRED,NOT REQUIRED,NOT REQUIRED,NOT REQUIRED,NOT REQUIRED,NOT REQUIRED,0,0,1,,,,"3067 E Boot Track Trail, Gilbert, AZ 85296, USA",
1264,ORDER COMPLETED,AMY HAIR,RESIDENTIAL,,,"Wed, Nov 05, 2025",,,COMPLETED,COMPLETED,IN PROGRESS,COMPLETED,COMPLETED,COMPLETED,,RECEIVED,RECEIVED,NOT REQUIRED,NOT REQUIRED,NOT REQUIRED,NOT REQUIRED,8,10,2,,,,"5751 N Echo Canyon Circle, PHX 85018",
1290,ORDER COMPLETED,CHRIS WHEELER,WARRANTY JOB,,,"Wed, Nov 05, 2025",,,COMPLETED,COMPLETED,NOT REQUIRED,COMPLETED,COMPLETED,COMPLETED,,RECEIVED,SAME-NEED,NOT REQUIRED,NOT REQUIRED,NOT REQUIRED,NOT REQUIRED,5,1,0,,,,"5877 E Tierra Buena Ln, , Scottsdale, 85254, Arizona",
1374,ORDER COMPLETED,THOMAS GIULIANO,WARR & REGULAR,,,"Wed, Nov 05, 2025",,,COMPLETED,COMPLETED,NOT REQUIRED,COMPLETED,COMPLETED,COMPLETED,,RECEIVED,SAME-NEED,NOT REQUIRED,NOT REQUIRED,NOT REQUIRED,NOT REQUIRED,6,2,0,,,,,
1372,ORDER COMPLETED,DOMINIC BAPTIST,RESIDENTIAL,,,"Thu, Nov 06, 2025",,,COMPLETED,COMPLETED,NOT REQUIRED,COMPLETED,COMPLETED,COMPLETED,,RECEIVED,RECEIVED,NOT REQUIRED,NOT REQUIRED,NOT REQUIRED,NOT REQUIRED,1,1,0,,,,"6449 East Paradise Lane, SCOTTSDALE",
1389,ORDER COMPLETED,RUSH--Caesar's Republic- Table Top,COMMERCIAL,,,"Fri, Nov 07, 2025",,,NOT REQUIRED,NOT REQUIRED,COMPLETED,NOT REQUIRED,NOT REQUIRED,NOT REQUIRED,,NOT REQUIRED,NOT REQUIRED,NOT REQUIRED,NOT REQUIRED,NOT REQUIRED,NOT REQUIRED,0,0,1,,,,4747 N. Goldwater Blvd. ,
1349,ORDER COMPLETED,HEIDI LLOYD,RESIDENTIAL,,,"Mon, Nov 10, 2025",,,COMPLETED,COMPLETED,IN PROGRESS,COMPLETED,COMPLETED,COMPLETED,,RECEIVED,RECEIVED,NOT REQUIRED,NOT REQUIRED,NOT REQUIRED,NOT REQUIRED,15,19,4,,,,"9339 E Paraiso Dr, Scottsdale, AZ 85255, USA",
1364,ORDER COMPLETED,TARA DOBREC,RESIDENTIAL,,,"Mon, Nov 10, 2025",,,COMPLETED,COMPLETED,IN PROGRESS,NOT REQUIRED,NOT REQUIRED,NOT REQUIRED,,NOT REQUIRED,NOT REQUIRED,NOT REQUIRED,NOT REQUIRED,NOT REQUIRED,NOT REQUIRED,0,1,1,,,,"244423 North 128th Way, SCOTTSDALE, AZ 85255",
1345,ORDER COMPLETED,WARRAN-KATHERINE AND JEFF HEIST,WARRANTY JOB,,,"Tue, Nov 11, 2025",,,NOT REQUIRED,NOT REQUIRED,NOT REQUIRED,COMPLETED,COMPLETED,COMPLETED,,RECEIVED,SAME-NEED,NOT REQUIRED,NOT REQUIRED,NOT REQUIRED,NOT REQUIRED,4,0,0,,,,"25150 N Windy Walk Dr, Scottsdale, AZ 85255, USA",
1363,ORDER COMPLETED,KATHERINE ROSS,RESIDENTIAL,,,"Tue, Nov 11, 2025",,,COMPLETED,COMPLETED,COMPLETED,COMPLETED,COMPLETED,COMPLETED,,RECEIVED,RECEIVED,NOT REQUIRED,NOT REQUIRED,NOT REQUIRED,NOT REQUIRED,4,6,2,,,,"7001 E JOAN DE ARC AVE ,SCOTTSDALE, AZ 85254",
1381,ORDER COMPLETED,RUSH SHOWROOM 11-03-25,COMMERCIAL,,,"Tue, Nov 11, 2025",,,COMPLETED,COMPLETED,COMPLETED,COMPLETED,COMPLETED,COMPLETED,,RECEIVED,RECEIVED,NOT REQUIRED,NOT REQUIRED,NOT REQUIRED,NOT REQUIRED,15,13,5,,,,"15037 N Scottsdale Rd Ste 120, Scottsdale, AZ 85254",
1272,ORDER COMPLETED,AARON GORDON,RESIDENTIAL,,,"Wed, Nov 12, 2025",,,COMPLETED,COMPLETED,COMPLETED,COMPLETED,COMPLETED,COMPLETED,,RECEIVED,RECEIVED,NOT REQUIRED,NOT REQUIRED,NOT REQUIRED,NOT REQUIRED,18,23,7,,,,"11215 N 74TH STREET, SCOTTSDALE, AZ 85260",
1325,ORDER COMPLETED,AARON GORDON2,RESIDENTIAL,,,"Wed, Nov 12, 2025",,,COMPLETED,COMPLETED,COMPLETED,COMPLETED,COMPLETED,COMPLETED,,RECEIVED,RECEIVED,NOT REQUIRED,NOT REQUIRED,NOT REQUIRED,NOT REQUIRED,10,13,5,,,,"11215 N 74TH STREET, SCOTTSDALE, AZ 85260",
1342,ORDER COMPLETED,DAN CHEN,RESIDENTIAL,,,"Wed, Nov 12, 2025",,,COMPLETED,COMPLETED,COMPLETED,COMPLETED,COMPLETED,COMPLETED,,RECEIVED,RECEIVED,NOT REQUIRED,NOT REQUIRED,NOT REQUIRED,NOT REQUIRED,24,28,6,,,,"1524 E Treasure Cove Dr, Gilbert, AZ 85234, USA",
1346,ORDER COMPLETED,Showroom- Fabric Samples,COMMERCIAL,,,"Wed, Nov 12, 2025",,,NOT REQUIRED,NOT REQUIRED,NOT REQUIRED,COMPLETED,COMPLETED,COMPLETED,,RECEIVED,NOT REQUIRED,NOT REQUIRED,NOT REQUIRED,NOT REQUIRED,NOT REQUIRED,32,0,0,,,,"15037 N Scottsdale Rd Ste 120, Scottsdale, AZ 85254",
1371,ORDER COMPLETED,LESLIE GROSSHAUSER,RESIDENTIAL,,,"Thu, Nov 13, 2025",,,COMPLETED,COMPLETED,NOT REQUIRED,COMPLETED,COMPLETED,COMPLETED,,IN STOCK,RECEIVED,NOT REQUIRED,NOT REQUIRED,NOT REQUIRED,NOT REQUIRED,4,4,0,,,,"18155 E PARIA CANYON DR, RIO VERDE, AZ 85263",
1354,ORDER COMPLETED,Michael Montoya,RESIDENTIAL,,,"Tue, Nov 18, 2025",,,COMPLETED,COMPLETED,COMPLETED,COMPLETED,COMPLETED,COMPLETED,,RECEIVED,RECEIVED,NOT REQUIRED,NOT REQUIRED,NOT REQUIRED,NOT REQUIRED,11,12,2,,,,"96 Myers Road, Albuquerque NM",
1358,ORDER COMPLETED,CHRIS ZUÑIGA,RESIDENTIAL,,,"Tue, Nov 18, 2025",,,COMPLETED,COMPLETED,ISSUE,COMPLETED,COMPLETED,COMPLETED,,RECEIVED,RECEIVED,NOT REQUIRED,NOT REQUIRED,NOT REQUIRED,NOT REQUIRED,13,15,5,,,,"28415 N 139TH ST , SCOTTSDALE, AZ 85262",
1379,ORDER COMPLETED,LIZ LOGAN WASH-RESTUFF,SERVICE,,,"Wed, Nov 19, 2025",,,NOT REQUIRED,NOT REQUIRED,NOT REQUIRED,NOT REQUIRED,NOT REQUIRED,NOT REQUIRED,,NOT REQUIRED,NOT REQUIRED,NOT REQUIRED,NOT REQUIRED,NOT REQUIRED,NOT REQUIRED,0,0,0,,,,"20450 N 98th Pl, Scottsdale, AZ 85255, USA",
1390,ORDER COMPLETED,CHRIS TORTELLO,RESIDENTIAL,,,"Wed, Nov 19, 2025",,,NOT REQUIRED,NOT REQUIRED,NOT REQUIRED,COMPLETED,COMPLETED,COMPLETED,,IN STOCK,NOT REQUIRED,NOT REQUIRED,NOT REQUIRED,NOT REQUIRED,NOT REQUIRED,1,0,0,,,,NEED SHIP TO HOME,
1398,ORDER COMPLETED,ASTRID CORRETJER,RESIDENTIAL,,,"Wed, Nov 19, 2025",,,NOT REQUIRED,NOT REQUIRED,NOT REQUIRED,COMPLETED,COMPLETED,COMPLETED,,IN STOCK,NOT REQUIRED,NOT REQUIRED,NOT REQUIRED,NOT REQUIRED,NOT REQUIRED,1,0,0,,,,PICK AT SHOWROOM,
1360,ORDER COMPLETED,KRISTA ARREDONDO,RESIDENTIAL,,,"Thu, Nov 20, 2025",,,COMPLETED,COMPLETED,IN PROGRESS,COMPLETED,COMPLETED,COMPLETED,,RECEIVED,RECEIVED,NOT REQUIRED,NOT REQUIRED,NOT REQUIRED,NOT REQUIRED,13,15,7,,,,"16354 E Fairview St, Gilbert, Az 85295",
1373,ORDER COMPLETED,WARR-LAURA RABE,WARRANTY JOB,,,"Thu, Nov 20, 2025",,,NOT REQUIRED,NOT REQUIRED,NOT REQUIRED,COMPLETED,COMPLETED,COMPLETED,,RECEIVED,SAME-NEED,NOT REQUIRED,NOT REQUIRED,NOT REQUIRED,NOT REQUIRED,6,0,0,,,,"6043 N CAMINO PRECIADO, Tucson, Arizona 85718",
1388,ORDER COMPLETED,SHELLEY GROTHAUS,REDOING,,,"Thu, Nov 20, 2025",,,NOT REQUIRED,NOT REQUIRED,NOT REQUIRED,COMPLETED,COMPLETED,COMPLETED,,RECEIVED,SAME-NEED,NOT REQUIRED,NOT REQUIRED,NOT REQUIRED,NOT REQUIRED,1,0,0,,,,"10801 E Happy Valley Rd, Scottsdale, AZ 85255, USA",
1409,ORDER COMPLETED,RUSH MARK HUBBLE,RESIDENTIAL,,,"Fri, Nov 21, 2025",,,NOT REQUIRED,NOT REQUIRED,NOT STARTED,NOT REQUIRED,NOT REQUIRED,NOT REQUIRED,,NOT REQUIRED,NOT REQUIRED,NOT REQUIRED,NOT REQUIRED,NOT REQUIRED,NOT REQUIRED,,,,,,,PICK FROM FACTORY,
1380,ORDER COMPLETED,TODD BONDY,RESIDENTIAL,,,"Mon, Nov 24, 2025",,,COMPLETED,COMPLETED,IN PROGRESS,COMPLETED,COMPLETED,COMPLETED,,RECEIVED,SAME-NEED,NOT REQUIRED,NOT REQUIRED,NOT REQUIRED,NOT REQUIRED,3,5,2,,,,"4343 E Stanford Dr, PHX AZ 85018",
1350,ORDER COMPLETED,DANA & CHERYL HUNTER,RESIDENTIAL,,,"Tue, Nov 25, 2025",,,COMPLETED,COMPLETED,NOT STARTED,COMPLETED,COMPLETED,COMPLETED,,RECEIVED,RECEIVED,NOT REQUIRED,NOT REQUIRED,NOT REQUIRED,NOT REQUIRED,12,15,3,,,,"9140 E Grapevine Pass, SCOTTSDALE, AZ 85262",
1376,ORDER COMPLETED,ROXANN FREDERICK,REDOING,,,"Tue, Nov 25, 2025",,,NOT REQUIRED,NOT REQUIRED,NOT REQUIRED,COMPLETED,COMPLETED,COMPLETED,,RECEIVED,RECEIVED,NOT REQUIRED,NOT REQUIRED,NOT REQUIRED,NOT REQUIRED,5,0,0,,,,PICK UP AT FACTORY,
1395,ORDER COMPLETED,WARR-LEVI FILLER,WARRANTY,,,"Tue, Nov 25, 2025",,,NOT REQUIRED,NOT REQUIRED,NOT REQUIRED,COMPLETED,COMPLETED,COMPLETED,,RECEIVED,SAME-NEED,NOT REQUIRED,NOT REQUIRED,NOT REQUIRED,NOT REQUIRED,3,0,0,,,,"3981 E Hummingbird Ln, Phoenix, AZ 85050, USA",
1396,ORDER COMPLETED,WARR-SHELLY MCKEEVER,WARRANTY,,,"Wed, Nov 26, 2025",,,NOT REQUIRED,NOT REQUIRED,NOT REQUIRED,COMPLETED,COMPLETED,COMPLETED,,RECEIVED,SAME-NEED,NOT REQUIRED,NOT REQUIRED,NOT REQUIRED,NOT REQUIRED,13,0,0,,,,"9674 E Larry Hughes Dr, Scottsdale, AZ 85262, USA",
1413,ORDER COMPLETED,JEANIE SMITH,WARRANTY,,,"Wed, Nov 26, 2025",,,NOT REQUIRED,NOT REQUIRED,NOT REQUIRED,COMPLETED,COMPLETED,COMPLETED,,IN STOCK,SAME-NEED,NOT REQUIRED,NOT REQUIRED,NOT REQUIRED,NOT REQUIRED,29,0,0,,,,"6950 E Cactus Wren Rd, Paradise Valley, AZ 85253, USA",
1385,ORDER COMPLETED,CHRISTINA KING,RESIDENTIAL,,,"Mon, Dec 01, 2025",,,NOT STARTED,NOT STARTED,NOT STARTED,COMPLETED,COMPLETED,COMPLETED,,RECEIVED,RECEIVED,NOT REQUIRED,NOT REQUIRED,NOT REQUIRED,NOT REQUIRED,7,9,2,,,,"7151 E Rancho Vista Dr, Scottsdale, AZ 85251, USA",
1401,ORDER COMPLETED,LYNTON KOTZIN,RESIDENTIAL,,,"Wed, Dec 03, 2025",,,NOT STARTED,NOT STARTED,NOT STARTED,COMPLETED,COMPLETED,COMPLETED,,RECEIVED,RECEIVED,NOT REQUIRED,NOT REQUIRED,NOT REQUIRED,NOT REQUIRED,20,0,0,,,,,
1415,ORDER COMPLETED,CHRIS WHEELER,REDOING,,,"Wed, Dec 03, 2025",,,NOT REQUIRED,NOT REQUIRED,NOT REQUIRED,COMPLETED,COMPLETED,COMPLETED,,RECEIVED,SAME-NEED,NOT REQUIRED,NOT REQUIRED,NOT REQUIRED,NOT REQUIRED,5,0,0,,,,PICK UP FROM SHOWROOM,
1418,ORDER COMPLETED,KEVIN HUNT,RESIDENTIAL,,,"Wed, Dec 03, 2025",,,NOT STARTED,NOT STARTED,NOT STARTED,COMPLETED,COMPLETED,COMPLETED,,IN STOCK,RECEIVED,NOT REQUIRED,NOT REQUIRED,NOT REQUIRED,NOT REQUIRED,8,0,0,,,,"6652 N 23rd St, PHX, AZ 85016",
1366,ORDER COMPLETED,GABRIELLA RAGANELLI,RESIDENTIAL,,,"Thu, Dec 04, 2025",,,NOT STARTED,NOT STARTED,NOT STARTED,IN PROGRESS,COMPLETED,COMPLETED,,RECEIVED,RECEIVED,NOT REQUIRED,NOT REQUIRED,NOT REQUIRED,NOT REQUIRED,13,18,5,,,,"27148 N 97th Pl, Scottsdale, AZ 85262, USA",
1405,ORDER COMPLETED,TAMIE HAYNIE,WARRANTY,,,"Thu, Dec 04, 2025",,,NOT REQUIRED,NOT REQUIRED,NOT REQUIRED,COMPLETED,COMPLETED,COMPLETED,,RECEIVED,SAME-NEED,NOT REQUIRED,NOT REQUIRED,NOT REQUIRED,NOT REQUIRED,3,0,0,,,,"8314 E Sands Dr, Scottsdale, AZ 85255, USA",
1406,ORDER COMPLETED,JANE-GARY MILLER,RESIDENTIAL,,,"Thu, Dec 04, 2025",,,NOT STARTED,NOT STARTED,NOT REQUIRED,COMPLETED,COMPLETED,COMPLETED,,RECEIVED,RECEIVED,NOT REQUIRED,NOT REQUIRED,NOT REQUIRED,NOT REQUIRED,2,2,0,,,,PICK FROM FACTORY,
1208,ORDER COMPLETED,DR MARK SIEGEL,RESIDENTIAL,,,"Fri, Dec 05, 2025",,,COMPLETED,COMPLETED,COMPLETED,COMPLETED,COMPLETED,COMPLETED,,RECEIVED,RECEIVED,NOT REQUIRED,NOT REQUIRED,NOT REQUIRED,NOT REQUIRED,24,29,6,,,,"5204 E SAN JUAN AVE. PARADISE VALLEY, AZ 85253",
1377,ORDER COMPLETED,SALLY PAXTON,RESIDENTIAL,,,"Mon, Dec 08, 2025",,,NOT STARTED,NOT STARTED,NOT STARTED,COMPLETED,COMPLETED,COMPLETED,,RECEIVED,RECEIVED,NOT REQUIRED,NOT REQUIRED,NOT REQUIRED,NOT REQUIRED,5,5,2,,,,26989 N 110th pl Scottsdale AZ 85262,
1393,ORDER COMPLETED,JANICE VLAZNY,RESIDENTIAL,,,"Mon, Dec 08, 2025",,,NOT STARTED,NOT STARTED,NOT STARTED,NOT REQUIRED,NOT REQUIRED,NOT REQUIRED,,NOT REQUIRED,NOT REQUIRED,NOT REQUIRED,NOT REQUIRED,NOT REQUIRED,NOT REQUIRED,0,0,0,,,,"23928 N 112th PL, Scottsdale",
1400,ORDER COMPLETED,LISSA BRUTTO,RESIDENTIAL,,,"Mon, Dec 08, 2025",,,NOT STARTED,NOT STARTED,NOT REQUIRED,COMPLETED,COMPLETED,COMPLETED,,RECEIVED,RECEIVED,NOT REQUIRED,NOT REQUIRED,NOT REQUIRED,NOT REQUIRED,4,0,0,,,,9820 E Thompson Peak Parkway,
1302,ORDER COMPLETED,HETAL TRIVEDI,SHOWROOM SALE,,,"Tue, Dec 09, 2025",,,NOT REQUIRED,NOT REQUIRED,NOT REQUIRED,COMPLETED,COMPLETED,COMPLETED,,RECEIVED,SAME-NEED,NOT REQUIRED,NOT REQUIRED,NOT REQUIRED,NOT REQUIRED,4,0,0,,,,"8986 W EAGLE TALON DRIVE, PEORIA AZ 85383",
1394,ORDER COMPLETED,SHARON BARRET,RESIDENTIAL,,,"Thu, Dec 11, 2025",,,NOT STARTED,NOT STARTED,NOT STARTED,COMPLETED,COMPLETED,COMPLETED,,RECEIVED,RECEIVED,NOT REQUIRED,NOT REQUIRED,NOT REQUIRED,NOT REQUIRED,4,6,2,,,,"4743 E. Pawnee Circle, PHX",
1397,ORDER COMPLETED,LESLEY MCCULLEY,RESIDENTIAL,,,"Thu, Dec 11, 2025",,,NOT STARTED,NOT STARTED,NOT STARTED,COMPLETED,COMPLETED,COMPLETED,,RECEIVED,RECEIVED,NOT REQUIRED,NOT REQUIRED,NOT REQUIRED,NOT REQUIRED,4,5,1,,,,"6428 East Red Bird Road Scottsdale, AZ  85266",
1407,ORDER COMPLETED,LESLEY MCCULLEY,RESIDENTIAL,,,"Thu, Dec 11, 2025",,,NOT STARTED,NOT STARTED,NOT STARTED,NOT REQUIRED,NOT REQUIRED,NOT REQUIRED,,NOT REQUIRED,NOT REQUIRED,NOT REQUIRED,NOT REQUIRED,NOT REQUIRED,NOT REQUIRED,0,0,0,,,,"6428 East Red Bird Road Scottsdale, AZ  85266",
1392,ORDER COMPLETED,SCOTT LITTLE,RESIDENTIAL,,,"Fri, Dec 12, 2025",,,NOT STARTED,NOT STARTED,NOT REQUIRED,COMPLETED,COMPLETED,COMPLETED,,RECEIVED,RECEIVED,NOT REQUIRED,NOT REQUIRED,NOT REQUIRED,NOT REQUIRED,7,0,0,,,,"11452 Rider Way, FRANKFORT, IL 60423",
1428,ORDER COMPLETED,SHOWROOM-MILAN,COMMERCIAL,,,"Fri, Dec 12, 2025",,,IN PROGRESS,NOT STARTED,IN PROGRESS,COMPLETED,COMPLETED,COMPLETED,,RECEIVED,RECEIVED,NOT REQUIRED,NOT REQUIRED,NOT REQUIRED,NOT REQUIRED,9,11,4,,,,"15037 N Scottsdale Rd Ste 120 Az, & Solana Beach, Ca",
1355,ORDER COMPLETED,Parnian  CcPatio Colab,COMMERCIAL,,,"Mon, Dec 15, 2025",,,COMPLETED,COMPLETED,NOT REQUIRED,COMPLETED,COMPLETED,COMPLETED,,RECEIVED,RECEIVED,NOT REQUIRED,NOT REQUIRED,NOT REQUIRED,NOT REQUIRED,4,4,0,,,,"7 W 57th St, New York, NY",
1384,ORDER COMPLETED,TREVOR VIGFUSSON,RESIDENTIAL,,,"Mon, Dec 15, 2025",,,NOT STARTED,NOT STARTED,NOT STARTED,COMPLETED,COMPLETED,COMPLETED,,RECEIVED,RECEIVED,NOT REQUIRED,NOT REQUIRED,NOT REQUIRED,NOT REQUIRED,21,24,5,,,,"757 Peach Tree Street Queen Creek, AZ  85140",
1429,ORDER COMPLETED,SOLANA BEACH SHOW 12/15,COMMERCIAL,,,"Mon, Dec 15, 2025",,,COMPLETED,COMPLETED,IN PROGRESS,COMPLETED,COMPLETED,COMPLETED,,RECEIVED,RECEIVED,NOT REQUIRED,NOT REQUIRED,NOT REQUIRED,NOT REQUIRED,22,27,9,,,,SOLANA BEACH,
1386,ORDER COMPLETED,MIKE PENDERGRAFT,RESIDENTIAL,,,"Tue, Dec 16, 2025",,,NOT STARTED,NOT STARTED,NOT STARTED,COMPLETED,COMPLETED,COMPLETED,,RECEIVED,RECEIVED,NOT REQUIRED,NOT REQUIRED,NOT REQUIRED,NOT REQUIRED,11,13,4,,,,"13218 N. 17th Pl. PHOENIX, AZ 85022",
1391,ORDER COMPLETED,PETER SOJKA,RESIDENTIAL,,,"Thu, Dec 18, 2025",,,NOT STARTED,NOT STARTED,NOT STARTED,COMPLETED,COMPLETED,COMPLETED,,RECEIVED,RECEIVED,NOT REQUIRED,NOT REQUIRED,NOT REQUIRED,NOT REQUIRED,8,0,0,,,,"900 Arbordale Avenue, HIGH POINT, NC",
1399,ORDER COMPLETED,KYLIE MAYOL,RESIDENTIAL,,,"Thu, Dec 18, 2025",,,NOT STARTED,NOT STARTED,NOT STARTED,COMPLETED,COMPLETED,COMPLETED,,RECEIVED,RECEIVED,NOT REQUIRED,NOT REQUIRED,NOT REQUIRED,NOT REQUIRED,24,0,0,,,,"35801 N Meander way, carefree AZ 85377",
1417,ORDER COMPLETED,PERKINS COIE LLP-WARRANTY,WARRANTY,,,"Thu, Dec 18, 2025",,,NOT REQUIRED,NOT REQUIRED,NOT REQUIRED,COMPLETED,COMPLETED,COMPLETED,,IN STOCK,SAME-NEED,NOT REQUIRED,NOT REQUIRED,NOT REQUIRED,NOT REQUIRED,1,0,0,,,,"2525 E Camelback Rd suite 500, Phoenix, AZ 85016, USA",
1430,ORDER COMPLETED,CHRIS WHEELER HEADREST,RESIDENTIAL,,,"Thu, Dec 18, 2025",,,NOT REQUIRED,NOT REQUIRED,NOT REQUIRED,COMPLETED,COMPLETED,COMPLETED,,IN STOCK,RECEIVED,NOT REQUIRED,NOT REQUIRED,NOT REQUIRED,NOT REQUIRED,2,0,0,,,,PICK AT SHOWROOM,
1410,ORDER COMPLETED,VAL & TODD CARPENTER,RESIDENTIAL,,,"Fri, Dec 19, 2025",,,NOT STARTED,NOT STARTED,NOT STARTED,COMPLETED,COMPLETED,COMPLETED,,RECEIVED,RECEIVED,NOT REQUIRED,NOT REQUIRED,NOT REQUIRED,NOT REQUIRED,3,,,,,,6043 E REDFIELD RD,
1414,ORDER COMPLETED,RAMIN SALARI,RESIDENTIAL,,,"Sat, Dec 20, 2025",,,NOT STARTED,NOT STARTED,NOT STARTED,COMPLETED,COMPLETED,COMPLETED,,RECEIVED,RECEIVED,NOT REQUIRED,NOT REQUIRED,NOT REQUIRED,NOT REQUIRED,22,0,0,,,,"6900 E. Belmont Ave. Paradise Valley, AZ 85253",
1387,ORDER COMPLETED,BOB HAMM,RESIDENTIAL,,,"Mon, Dec 22, 2025",,,NOT STARTED,NOT STARTED,NOT STARTED,COMPLETED,COMPLETED,COMPLETED,,RECEIVED,RECEIVED,NOT REQUIRED,NOT REQUIRED,NOT REQUIRED,NOT REQUIRED,8,10,4,,,,31 Mandalay Drive Corman Park SK S7T 1E3 Canada,
1421,ORDER COMPLETED,GREG-SUSAN CONGER,SALE-RESIDENTIAL,,,"Mon, Dec 22, 2025",,,NOT STARTED,NOT STARTED,NOT STARTED,COMPLETED,COMPLETED,COMPLETED,,RECEIVED,RECEIVED,NOT REQUIRED,NOT REQUIRED,NOT REQUIRED,NOT REQUIRED,5,0,0,,,,"N 132nd Pl, Scottsdale, AZ 85259, USA",
1426,ORDER COMPLETED,REDO-ERIC THOMPSON,REDOING,,,"Mon, Dec 22, 2025",,,NOT REQUIRED,NOT REQUIRED,NOT REQUIRED,COMPLETED,COMPLETED,COMPLETED,,RECEIVED,SAME-NEED,NOT REQUIRED,NOT REQUIRED,NOT REQUIRED,NOT REQUIRED,1,0,0,,,,PICK AT SHOWROOM,
1403,ORDER COMPLETED,HARRY HOBBS,RESIDENTIAL,,,"Mon, Jan 05, 2026",,,NOT STARTED,NOT STARTED,NOT STARTED,COMPLETED,COMPLETED,COMPLETED,,RECEIVED,RECEIVED,NOT REQUIRED,NOT REQUIRED,NOT REQUIRED,NOT REQUIRED,32,0,0,,,,"10800 E Cactus Rd, Unit 38 Scottsdale AZ 85259",
1420,ORDER COMPLETED,GENCUSH: KONA VILLAGE,RESIDENTIAL,,,"Mon, Jan 05, 2026",,,NOT REQUIRED,NOT REQUIRED,NOT REQUIRED,COMPLETED,COMPLETED,COMPLETED,,RECEIVED,NOT REQUIRED,NOT REQUIRED,NOT REQUIRED,NOT REQUIRED,NOT REQUIRED,25,0,0,,,,"72-300 Maheawalu Drive, Kailua-Kona HI 96740",
1402,ORDER COMPLETED,LAWRY DOLINS,RESIDENTIAL,,,"Tue, Jan 06, 2026",,,NOT STARTED,NOT STARTED,NOT STARTED,COMPLETED,COMPLETED,COMPLETED,,RECEIVED,RECEIVED,NOT REQUIRED,NOT REQUIRED,NOT REQUIRED,NOT REQUIRED,5,,,,,,5625 N Echo Canyon Circle,
1383,ORDER COMPLETED,CRAIG EERKES,RESIDENTIAL,,,"Wed, Jan 07, 2026",,,NOT STARTED,NOT STARTED,NOT STARTED,COMPLETED,COMPLETED,COMPLETED,,RECEIVED,RECEIVED,NOT REQUIRED,NOT REQUIRED,NOT REQUIRED,NOT REQUIRED,7,8,1,,,,"41173 N 97th St, Scottsdale, AZ 85262, USA",
1412,ORDER COMPLETED,BONNIE LEWIS,RESIDENTIAL,,,"Wed, Jan 07, 2026",,,NOT STARTED,NOT STARTED,NOT STARTED,COMPLETED,COMPLETED,COMPLETED,,RECEIVED,RECEIVED,NOT REQUIRED,NOT REQUIRED,NOT REQUIRED,NOT REQUIRED,5,,,,,,8267 E. Tailfeather Drive ,
1378,ORDER COMPLETED,JENN DAVIS,RESIDENTIAL,,,"Thu, Jan 08, 2026",,,COMPLETED,COMPLETED,NOT STARTED,COMPLETED,COMPLETED,COMPLETED,,RECEIVED,RECEIVED,NOT REQUIRED,NOT REQUIRED,NOT REQUIRED,NOT REQUIRED,3,5,2,,,,,
1411,ORDER COMPLETED,BILL & SUSAN PEEL,RESIDENTIAL,,,"Thu, Jan 08, 2026",,,NOT STARTED,NOT STARTED,NOT STARTED,NOT REQUIRED,NOT REQUIRED,NOT REQUIRED,,NOT REQUIRED,NOT REQUIRED,NOT REQUIRED,NOT REQUIRED,NOT REQUIRED,NOT REQUIRED,,,,,,,26467 N 104th Way,
1422,ORDER COMPLETED,JENN DAVIS OTTOMAN,RESIDENTIAL,,,"Thu, Jan 08, 2026",,,NOT STARTED,NOT STARTED,NOT REQUIRED,COMPLETED,COMPLETED,COMPLETED,,IN STOCK,COMPLETED,NOT REQUIRED,NOT REQUIRED,NOT REQUIRED,NOT REQUIRED,1,0,0,,,,PICK FROM FACTORY,
1318,ORDER COMPLETED,CCPATIO FACTORY,COMMERCIAL,,,"Sat, Jan 10, 2026",,,IN PROGRESS,NOT STARTED,NOT REQUIRED,NOT REQUIRED,NOT REQUIRED,NOT REQUIRED,,NOT REQUIRED,NOT REQUIRED,NOT REQUIRED,NOT REQUIRED,NOT REQUIRED,NOT REQUIRED,0,2,0,,,,,
1419,ORDER COMPLETED,KEVIN PFISTER,RESIDENTIAL,,,"Tue, Jan 13, 2026",,,NOT STARTED,NOT STARTED,NOT REQUIRED,COMPLETED,COMPLETED,COMPLETED,,RECEIVED,RECEIVED,NOT REQUIRED,NOT REQUIRED,NOT REQUIRED,NOT REQUIRED,8,0,0,,,,11087 E Verbena Ln,
1416,ORDER COMPLETED,LORI MACDONALD,WARRANTY,,,"Wed, Jan 14, 2026",,,NOT REQUIRED,NOT REQUIRED,NOT REQUIRED,COMPLETED,COMPLETED,COMPLETED,,RECEIVED,SAME-NEED,NOT REQUIRED,NOT REQUIRED,NOT REQUIRED,NOT REQUIRED,11,,,,,,4320 n el Sereno circle mesa az 85207 mesa,
1440,ORDER COMPLETED,JOHN DEMARCO,FACTORY & SHOWROOM,,,"Thu, Jan 15, 2026",,,NOT STARTED,NOT STARTED,NOT STARTED,COMPLETED,COMPLETED,COMPLETED,,IN STOCK,RECEIVED,NOT REQUIRED,NOT REQUIRED,NOT REQUIRED,NOT REQUIRED,3,0,,,,,"15355 E. Peak View Court, FOUNTAIN HILLS",
1442,ORDER COMPLETED,LYNTON KOTZIN,WARRANTY,,,"Thu, Jan 15, 2026",,,NOT REQUIRED,NOT REQUIRED,NOT REQUIRED,COMPLETED,COMPLETED,COMPLETED,,FIX,SAME-NEED,NOT REQUIRED,NOT REQUIRED,NOT REQUIRED,NOT REQUIRED,1,0,0,,,,"11439 N 64th Pl Scottsdale, AZ, United States",
1446,ORDER COMPLETED,LYNTON KOTZIN,RESIDENTIAL,,,"Thu, Jan 15, 2026",,,NOT REQUIRED,NOT REQUIRED,NOT REQUIRED,COMPLETED,COMPLETED,COMPLETED,,IN STOCK,NOT REQUIRED,NOT REQUIRED,NOT REQUIRED,NOT REQUIRED,NOT REQUIRED,2,0,0,,,,DROP AT SHOWROOM,
1527,ORDER COMPLETED,BRANDON MCCOY,WARRANTY,,,"Thu, Jan 15, 2026",,,NOT REQUIRED,NOT REQUIRED,NOT STARTED,COMPLETED,COMPLETED,COMPLETED,COMPLETED,IN STOCK,SAME-NEED,NOT REQUIRED,NOT REQUIRED,NOT REQUIRED,NOT REQUIRED,1,,,,,,,
1433,ORDER COMPLETED,GARY WOODWARD 2 ORDERS,RESIDENTIAL,,,"Mon, Jan 19, 2026",,,NOT STARTED,NOT STARTED,NOT STARTED,COMPLETED,COMPLETED,COMPLETED,,RECEIVED,RECEIVED,NOT REQUIRED,NOT REQUIRED,NOT REQUIRED,NOT REQUIRED,7,0,,,,,9701 E Happy valley rd #27 Scottsdale AZ 85255,
1432,ORDER COMPLETED,SHANNON ORR,RESIDENTIAL,,,"Wed, Jan 21, 2026",,,NOT STARTED,NOT STARTED,NOT STARTED,COMPLETED,COMPLETED,COMPLETED,,RECEIVED,RECEIVED,NOT REQUIRED,NOT REQUIRED,NOT REQUIRED,NOT REQUIRED,25,0,0,,,,"20913 n 109th pl, SCOTTSDALE, AZ",
1435,ORDER COMPLETED,WILLIAM BETTS,RESIDENTIAL,,,"Fri, Jan 23, 2026",,,NOT STARTED,NOT STARTED,,NOT STARTED,,,,,,NOT REQUIRED,NOT REQUIRED,NOT REQUIRED,NOT REQUIRED,,,,,,,,
1424,ORDER COMPLETED,MORGAN RESIDENCE,RESIDENTIAL,,,"Mon, Jan 26, 2026",,,NOT STARTED,NOT STARTED,NOT STARTED,COMPLETED,COMPLETED,COMPLETED,,RECEIVED,RECEIVED,NOT REQUIRED,NOT REQUIRED,NOT REQUIRED,NOT REQUIRED,33,0,0,,,,"8340 E. Evans Rd Scottdale, AZ 85260",
1658,NEW,ABIGAIL GAGE,RESIDENTIAL,,"Wed, Nov 11, 2026","Wed, Nov 11, 2026",NO,NA,NOT STARTED,NOT STARTED,NOT STARTED,NOT STARTED,NOT STARTED,NOT STARTED,NOT STARTED,RECEIVED,NEED,NOT REQUIRED,NOT REQUIRED,NOT REQUIRED,NOT REQUIRED,17,,,7.09,6.67,0,18121 East Juniper Oaks Drive Rio Verde AZ,
1454,ORDER COMPLETED,SB SHOWROOM,SHOWROOM FLOOR,,,"Mon, Jan 26, 2026",,,NOT STARTED,NOT STARTED,NOT STARTED,COMPLETED,COMPLETED,COMPLETED,COMPLETED,RECEIVED,RECEIVED,NOT REQUIRED,NOT REQUIRED,NOT REQUIRED,NOT REQUIRED,25,,,,,,"312 S CEDROS AVE, SOLANA BEACH , CA 92075",
1427,ORDER COMPLETED,WARR-KARYN GERBER,WARRANTY,,,"Wed, Jan 28, 2026",,,NOT REQUIRED,NOT REQUIRED,NOT REQUIRED,COMPLETED,COMPLETED,COMPLETED,,RECEIVED,SAME-NEED,NOT REQUIRED,NOT REQUIRED,NOT REQUIRED,NOT REQUIRED,17,0,0,,,,"4103 n 64th pl, Scottsdale, Arizona 85251",
1436,ORDER COMPLETED,STEVEN STUDENT,RESIDENTIAL,,,"Wed, Jan 28, 2026",,,NOT STARTED,NOT STARTED,,NOT STARTED,,,,,,NOT REQUIRED,NOT REQUIRED,NOT REQUIRED,NOT REQUIRED,,,,,,,,
1437,ORDER COMPLETED,JUDY PELHAM,RESIDENTIAL,,,"Wed, Jan 28, 2026",,,NOT STARTED,NOT STARTED,NOT STARTED,COMPLETED,COMPLETED,COMPLETED,,IN STOCK,RECEIVED,NOT REQUIRED,NOT REQUIRED,NOT REQUIRED,NOT REQUIRED,2,,,,,,"15215 N Kierland Blvd, SCOTTSDALE",
1445,ORDER COMPLETED,WARR-CHRISTINA KING,WARRANTY,,,"Wed, Jan 28, 2026",,,NOT REQUIRED,NOT REQUIRED,NOT REQUIRED,COMPLETED,COMPLETED,COMPLETED,,IN STOCK,SAME-NEED,NOT REQUIRED,NOT REQUIRED,NOT REQUIRED,NOT REQUIRED,1,0,0,,,,"7151 E Rancho Vista Dr unit 7008, Scottsdale, AZ 85251, USA",
1404,ORDER COMPLETED,FRED HERMANN,RESIDENTIAL,,,"Thu, Jan 29, 2026",,,NOT STARTED,NOT STARTED,NOT STARTED,COMPLETED,COMPLETED,COMPLETED,COMPLETED,RECEIVED,RECEIVED,NOT REQUIRED,NOT REQUIRED,NOT REQUIRED,NOT REQUIRED,20,,,,,,,
1438,ORDER COMPLETED,AMANDA AVILES,RESIDENTIAL,,,"Thu, Jan 29, 2026",,,NOT STARTED,NOT STARTED,NOT STARTED,NOT REQUIRED,NOT REQUIRED,NOT REQUIRED,NOT REQUIRED,NOT REQUIRED,NOT REQUIRED,NOT REQUIRED,NOT REQUIRED,NOT REQUIRED,NOT REQUIRED,,,,,,,115 E. Myrtle Ave.,
1438,ORDER COMPLETED,AMANDA AVILES,RESIDENTIAL,,,"Thu, Jan 29, 2026",,,NOT STARTED,NOT STARTED,,NOT REQUIRED,,,,,,NOT REQUIRED,NOT REQUIRED,NOT REQUIRED,NOT REQUIRED,,,,,,,,
1441,ORDER COMPLETED,SCOTT STRATMANN SWIVELS,RESIDENTIAL,,,"Thu, Jan 29, 2026",,,NOT STARTED,NOT STARTED,NOT STARTED,COMPLETED,COMPLETED,COMPLETED,COMPLETED,RECEIVED,RECEIVED,NOT REQUIRED,NOT REQUIRED,NOT REQUIRED,NOT REQUIRED,2,,,,,,"26902 North Boulder Lane, Scottsdale, AZ",
1436,ORDER COMPLETED,STEVEN STUDENT,RESIDENTIAL,,,"Fri, Jan 30, 2026",,,NOT STARTED,NOT STARTED,NOT STARTED,COMPLETED,COMPLETED,COMPLETED,COMPLETED,RECEIVED,RECEIVED,NOT REQUIRED,NOT REQUIRED,NOT REQUIRED,NOT REQUIRED,16,,,,,,11922 E cavedale dr scottsdale 85262,
1439,ORDER COMPLETED,TIFFANY HERTER,WARRANTY,,,"Mon, Feb 02, 2026",,,NOT REQUIRED,NOT REQUIRED,NOT REQUIRED,COMPLETED,COMPLETED,COMPLETED,COMPLETED,RECEIVED,SAME-NEED,NOT REQUIRED,NOT REQUIRED,NOT REQUIRED,NOT REQUIRED,32,0,0,,,,"24400 N 72ND WAY , SCOTTSDALE, AZ 85255",
1447,ORDER COMPLETED,ERIC & LISA WOODARD,RESIDENTIAL,,,"Mon, Feb 02, 2026",,,NOT STARTED,NOT STARTED,NOT STARTED,COMPLETED,COMPLETED,COMPLETED,COMPLETED,RECEIVED,RECEIVED,NOT REQUIRED,NOT REQUIRED,NOT REQUIRED,NOT REQUIRED,2,,,,,,"2616 North Mesa Drive, MESA AZ",
1435,ORDER COMPLETED,WILLIAM BETTS,RESIDENTIAL,,,"Tue, Feb 03, 2026",,,NOT STARTED,NOT STARTED,NOT STARTED,COMPLETED,COMPLETED,COMPLETED,COMPLETED,RECEIVED,RECEIVED,NOT REQUIRED,NOT REQUIRED,NOT REQUIRED,NOT REQUIRED,16,,,,,,"21601 W MARIPOSA ST, BUCKEYE, AZ ",
1339,ORDER COMPLETED,KARA BERGMAN,RESIDENTIAL,,,"Wed, Feb 04, 2026",,,NOT STARTED,NOT STARTED,NOT STARTED,COMPLETED,COMPLETED,COMPLETED,COMPLETED,RECEIVED,RECEIVED,NOT REQUIRED,NOT REQUIRED,NOT REQUIRED,NOT REQUIRED,20,23,7,,,,"7537 N. Lakeside Lane, PARADISE VALLEY 85253",
1437,ORDER COMPLETED,JUDY PELHAM,RESIDENTIAL,,,"Wed, Feb 04, 2026",,,NOT STARTED,NOT STARTED,,NOT STARTED,,,,,,NOT REQUIRED,NOT REQUIRED,NOT REQUIRED,NOT REQUIRED,,,,,,,,
1451,ORDER COMPLETED,HARRY HOBBS-ADD TABLES,RESIDENTIAL,,,"Wed, Feb 04, 2026",,,NOT STARTED,NOT STARTED,NOT STARTED,NOT REQUIRED,NOT REQUIRED,NOT REQUIRED,NOT REQUIRED,NOT REQUIRED,NOT REQUIRED,NOT REQUIRED,NOT REQUIRED,NOT REQUIRED,NOT REQUIRED,,,,,,,"10800 E Cactus Rd Unit 38, SCOTTSDALE, AZ ",
1246,ORDER COMPLETED,JAMES HEBETS-JILL BABB,RESIDENTIAL,,,"Thu, Feb 05, 2026",,,COMPLETED,COMPLETED,IN PROGRESS,NOT REQUIRED,NOT REQUIRED,NOT REQUIRED,NOT REQUIRED,NOT REQUIRED,NOT REQUIRED,NOT REQUIRED,NOT REQUIRED,NOT REQUIRED,NOT REQUIRED,0,2,4,,,,"5015 EAST LAKE COUNTRY ROADM FLAGSTAFF, AZ 86004",
1425,ORDER COMPLETED,TANNER HERRICK (UPDATE DOUBLE CHAISE),RESIDENTIAL,,,"Thu, Feb 05, 2026",,,NOT STARTED,NOT STARTED,ISSUE,COMPLETED,COMPLETED,COMPLETED,COMPLETED,RECEIVED,RECEIVED,NOT REQUIRED,NOT REQUIRED,NOT REQUIRED,NOT REQUIRED,23,0,0,,,,"5910 North 45th Street, PHOENIX, AZ 85018",
1465,ORDER COMPLETED,RUSH ORDER SHANNON ORR,RESIDENTIAL,,,"Thu, Feb 05, 2026",,,NOT REQUIRED,NOT REQUIRED,NOT REQUIRED,COMPLETED,COMPLETED,COMPLETED,COMPLETED,IN STOCK,NOT REQUIRED,NOT REQUIRED,NOT REQUIRED,NOT REQUIRED,NOT REQUIRED,8,0,0,,,,"20913 n 109th pl, SCOTTSDALE, AZ",
1455,ORDER COMPLETED,PAMM WYNN,FLOOR & NEW,,,"Mon, Feb 09, 2026",,,NOT STARTED,NOT STARTED,NOT STARTED,COMPLETED,COMPLETED,COMPLETED,COMPLETED,IN STOCK,SAME-NEED,NOT REQUIRED,NOT REQUIRED,NOT REQUIRED,NOT REQUIRED,2,3,1,,,,"5000 E cannon dr, paradise Valley 85253",
1456,ORDER COMPLETED,PATTI PAVEY WARRANTY,WARRANTY,,,"Mon, Feb 09, 2026",,,NOT REQUIRED,NOT REQUIRED,NOT REQUIRED,COMPLETED,COMPLETED,COMPLETED,COMPLETED,RECEIVED,SAME-NEED,NOT REQUIRED,NOT REQUIRED,NOT REQUIRED,NOT REQUIRED,12,,,,,,,
1458,ORDER COMPLETED,STEPHANIE & BRITT EVERS,RESIDENTIAL,,,"Mon, Feb 09, 2026",,,NOT STARTED,NOT STARTED,NOT STARTED,COMPLETED,COMPLETED,COMPLETED,COMPLETED,RECEIVED,RECEIVED,NOT REQUIRED,NOT REQUIRED,NOT REQUIRED,NOT REQUIRED,20,,,,,,5736 E Lowden Rd Cave Creek,
1382,ORDER COMPLETED,WARR-TARA MACKENZIE-RUSTED,METAL SERVICE,,,"Tue, Feb 10, 2026",,,NOT STARTED,NOT STARTED,NOT REQUIRED,NOT REQUIRED,NOT REQUIRED,NOT REQUIRED,NOT REQUIRED,NOT REQUIRED,NOT REQUIRED,NOT REQUIRED,NOT REQUIRED,NOT REQUIRED,NOT REQUIRED,0,,0,,,,"6840 E Bronco Dr, Paradise Valley, AZ 85253, USA",
1253,ORDER COMPLETED,Jeannine Scheck Designer- Sari Kovitz,RESIDENTIAL,,,"Thu, Feb 12, 2026",,,NOT STARTED,NOT STARTED,NOT STARTED,COMPLETED,COMPLETED,COMPLETED,COMPLETED,RECEIVED,RECEIVED,NOT REQUIRED,NOT REQUIRED,NOT REQUIRED,NOT REQUIRED,11,13,2,,,,"20489 N. 112th St, SCOTTSDALE, AZ 85255",
1449,ORDER COMPLETED,RUTH & JOHN STUMPF,RESIDENTIAL,,,"Thu, Feb 12, 2026",,,NOT REQUIRED,NOT REQUIRED,NOT REQUIRED,COMPLETED,COMPLETED,COMPLETED,COMPLETED,RECEIVED,RECEIVED,NOT REQUIRED,NOT REQUIRED,NOT REQUIRED,NOT REQUIRED,10,,,,,,"4540 E Moonlight Way ,PARADISE VALLEY",
1452,ORDER COMPLETED,DOUG TURNER,RESIDENTIAL,,,"Mon, Feb 16, 2026",,,NOT STARTED,NOT STARTED,NOT STARTED,COMPLETED,COMPLETED,COMPLETED,COMPLETED,RECEIVED,RECEIVED,NOT REQUIRED,NOT REQUIRED,NOT REQUIRED,NOT REQUIRED,5,,,,,,"6114 East Fleming Springs Rd, CAVE CREEK",
1453,ORDER COMPLETED,ANDREW DUNN,RESIDENTIAL,,,"Mon, Feb 16, 2026",,,NOT STARTED,NOT STARTED,NOT STARTED,COMPLETED,COMPLETED,COMPLETED,COMPLETED,RECEIVED,RECEIVED,NOT REQUIRED,NOT REQUIRED,NOT REQUIRED,NOT REQUIRED,5,,,,,,"10202 N 58th St, PARADISE VALLEY, AZ.",
1474,ORDER COMPLETED,"LIZ LOGAN ""FIREPIT SERVICE""",RESIDENTIAL,,,"Wed, Feb 18, 2026",,,NOT REQUIRED,NOT REQUIRED,NOT STARTED,NOT REQUIRED,NOT REQUIRED,NOT REQUIRED,NOT REQUIRED,NOT REQUIRED,NOT REQUIRED,NOT REQUIRED,NOT REQUIRED,NOT REQUIRED,NOT REQUIRED,0,0,,,,,"20450 N 98th Pl, Scottsdale, AZ 85255, USA",
1258,ORDER COMPLETED,DIANE GALATI,RESIDENTIAL,,,"Thu, Feb 19, 2026",,,NOT STARTED,NOT STARTED,NOT STARTED,COMPLETED,COMPLETED,COMPLETED,COMPLETED,RECEIVED,RECEIVED,NOT REQUIRED,NOT REQUIRED,NOT REQUIRED,NOT REQUIRED,45,58,23,,,,,
1478,ORDER COMPLETED,SAM HAMID FRIEND,RESIDENTIAL,,,"Fri, Feb 20, 2026",,,COMPLETED,COMPLETED,NOT REQUIRED,COMPLETED,COMPLETED,COMPLETED,COMPLETED,IN STOCK,RECEIVED,NOT REQUIRED,NOT REQUIRED,NOT REQUIRED,NOT REQUIRED,5,5,0,,,,PICK AT FACTORY,
1460,ORDER COMPLETED,JOAN & RANDY RASKIN,RESIDENTIAL,,,"Mon, Feb 23, 2026",,,NOT STARTED,NOT STARTED,NOT STARTED,COMPLETED,COMPLETED,COMPLETED,COMPLETED,RECEIVED,RECEIVED,NOT REQUIRED,NOT REQUIRED,NOT REQUIRED,NOT REQUIRED,13,,,,,,"7878 E Gainey Ranch Rd, UNIT 63, SCOTTSDALE",
1374RD,ORDER COMPLETED,THOMAS GIULIANO,REDOING,,,"Tue, Feb 24, 2026",,,NOT REQUIRED,NOT REQUIRED,NOT REQUIRED,COMPLETED,COMPLETED,COMPLETED,COMPLETED,IN STOCK,RECEIVED,NOT REQUIRED,NOT REQUIRED,NOT REQUIRED,NOT REQUIRED,3,0,0,,,,"9026 N 83rd St, Scottsdale, AZ 85258",
1448,ORDER COMPLETED,CLYDE AND SUMEET MENDOCA,WARRANTY,,,"Wed, Feb 25, 2026",,,NOT REQUIRED,NOT REQUIRED,NOT REQUIRED,COMPLETED,COMPLETED,COMPLETED,COMPLETED,RECEIVED,SAME-NEED,NOT REQUIRED,NOT REQUIRED,NOT REQUIRED,NOT REQUIRED,17,0,0,,,,"526 W. Rio Grande Drive  Chandler, AZ  85248",
1462,ORDER COMPLETED,MILAN-RAYO,RESIDENTIAL,,,"Wed, Feb 25, 2026",,,COMPLETED,COMPLETED,NOT REQUIRED,COMPLETED,COMPLETED,COMPLETED,COMPLETED,IN STOCK,RECEIVED,NOT REQUIRED,NOT REQUIRED,NOT REQUIRED,NOT REQUIRED,3,3,0,,,,"3140 E Mcdowell Rd, Phoenix az",
1463,ORDER COMPLETED,LINA AND RICH JOHNSTON,WARRANTY,,,"Thu, Feb 26, 2026",,,NOT REQUIRED,NOT REQUIRED,NOT REQUIRED,COMPLETED,COMPLETED,COMPLETED,COMPLETED,RECEIVED,SAME-NEED,NOT REQUIRED,NOT REQUIRED,NOT REQUIRED,NOT REQUIRED,33,0,0,,,,"9820 E Thompson Peak Pkwy, Scottsdale, AZ 85255, USA",
1450,ORDER COMPLETED,LINDA WENDFELDT,RESIDENTIAL,,,"Mon, Mar 02, 2026",,,NOT STARTED,NOT STARTED,NOT STARTED,COMPLETED,COMPLETED,COMPLETED,COMPLETED,RECEIVED,RECEIVED,NOT REQUIRED,NOT REQUIRED,NOT REQUIRED,NOT REQUIRED,9,,,,,,"6170 Cardeno Dr, LA JOLLA, CA",
1486,ORDER COMPLETED,MELISSA OCEAN,RESIDENTIAL,,,"Mon, Mar 02, 2026",,,NOT STARTED,NOT STARTED,NOT REQUIRED,NOT REQUIRED,NOT REQUIRED,NOT REQUIRED,NOT REQUIRED,NOT REQUIRED,NOT REQUIRED,NOT REQUIRED,NOT REQUIRED,NOT REQUIRED,NOT REQUIRED,0,1,0,,,,"1867 spindrift dr, LA JOLLA CA",
1457,ORDER COMPLETED,BRIAN SOSO,RESIDENTIAL,,,"Thu, Mar 05, 2026",,,NOT STARTED,NOT STARTED,NOT REQUIRED,COMPLETED,COMPLETED,COMPLETED,COMPLETED,RECEIVED,RECEIVED,NOT REQUIRED,NOT REQUIRED,NOT REQUIRED,NOT REQUIRED,1,,0,,,,"1929 Magnolia Falls Drive, CORPUS CRISTI, TX",
1464,ORDER COMPLETED,EVA ZIMMY,RESIDENTIAL,,,"Thu, Mar 05, 2026",,,NOT STARTED,NOT STARTED,NOT STARTED,COMPLETED,COMPLETED,COMPLETED,COMPLETED,RECEIVED,RECEIVED,NOT REQUIRED,NOT REQUIRED,NOT REQUIRED,NOT REQUIRED,7,,,,,,20243 N 103rd Way Scottsdale AZ 85255,
1466,ORDER COMPLETED,TODD CHRISTIANSON,RESIDENTIAL,,,"Thu, Mar 05, 2026",,,NOT STARTED,NOT STARTED,NOT STARTED,COMPLETED,COMPLETED,COMPLETED,COMPLETED,IN STOCK,RECEIVED,NOT REQUIRED,NOT REQUIRED,NOT REQUIRED,NOT REQUIRED,6,,,,,,"2813 N. 29th Place, PHOENIX",
1500,ORDER COMPLETED,CAESAR REPUBLIC 3-4-26,COMMERCIAL,,,"Thu, Mar 05, 2026",,,NOT STARTED,NOT STARTED,NOT REQUIRED,COMPLETED,COMPLETED,COMPLETED,COMPLETED,IN STOCK,RECEIVED,NOT REQUIRED,NOT REQUIRED,NOT REQUIRED,NOT REQUIRED,8,,,,,,,
1469,ORDER COMPLETED,SHANNON KAIMAN,RESIDENTIAL,,,"Mon, Mar 09, 2026",,,NOT STARTED,NOT STARTED,NOT STARTED,COMPLETED,COMPLETED,COMPLETED,COMPLETED,RECEIVED,RECEIVED,NOT REQUIRED,NOT REQUIRED,NOT REQUIRED,NOT REQUIRED,9,,,,,,12688 E Black rock Rd. Scottsdale AZ 85255,
1473,ORDER COMPLETED,MADONNA SHELLY,RESIDENTIAL,,,"Mon, Mar 09, 2026",,,NOT REQUIRED,NOT REQUIRED,NOT REQUIRED,NOT REQUIRED,NOT REQUIRED,NOT REQUIRED,NOT REQUIRED,NOT REQUIRED,NOT REQUIRED,NOT REQUIRED,NOT REQUIRED,NOT REQUIRED,NOT REQUIRED,0,0,0,,,,5421 N 26th St. PHOENIX AZ 85016,
1493,ORDER COMPLETED,ADIS VRANAC,SHOWROOM SALE,,,"Mon, Mar 09, 2026",,,NOT REQUIRED,NOT REQUIRED,NOT REQUIRED,COMPLETED,NOT REQUIRED,NOT REQUIRED,COMPLETED,NOT REQUIRED,SAME-NEED,NOT REQUIRED,NOT REQUIRED,NOT REQUIRED,NOT REQUIRED,1,0,0,,,,"6455 E. Paradise Lane, SCOTTSDALE, AZ 85254",
1483,ORDER COMPLETED,BRIGID LAKIN,RESIDENTIAL,,,"Tue, Mar 10, 2026",,,NOT STARTED,NOT STARTED,NOT STARTED,COMPLETED,COMPLETED,COMPLETED,COMPLETED,RECEIVED,RECEIVED,NOT REQUIRED,NOT REQUIRED,NOT REQUIRED,NOT REQUIRED,3,,,,,,"5533 East Turquoise Ave, PARADISE VALLEY",
1492,ORDER COMPLETED,Rush Harry Hobbs- Fire Pit,RESIDENTIAL,,,"Tue, Mar 10, 2026",,,NOT STARTED,NOT STARTED,NOT STARTED,NOT REQUIRED,NOT REQUIRED,NOT REQUIRED,NOT REQUIRED,NOT REQUIRED,NOT REQUIRED,NOT REQUIRED,NOT REQUIRED,NOT REQUIRED,NOT REQUIRED,0,,,,,,,
1468,ORDER COMPLETED,MOLLY KIMBLE,RESIDENTIAL,,,"Wed, Mar 11, 2026",,,NOT STARTED,NOT STARTED,NOT STARTED,COMPLETED,COMPLETED,COMPLETED,COMPLETED,RECEIVED,RECEIVED,NOT REQUIRED,NOT REQUIRED,NOT REQUIRED,NOT REQUIRED,4,,,,,,"36611 N. 52nd Street, CAVE CREEK",
1476,ORDER COMPLETED,BRITTANY MCDOWELL,RESIDENTIAL,,,"Wed, Mar 11, 2026",,,NOT STARTED,NOT STARTED,NOT REQUIRED,COMPLETED,COMPLETED,COMPLETED,COMPLETED,RECEIVED,RECEIVED,NOT REQUIRED,NOT REQUIRED,NOT REQUIRED,NOT REQUIRED,1,,,,,,,
1430-S,ORDER COMPLETED,CHRIS WHEELER HEADREST REDO,SERVICE,,,"Wed, Mar 11, 2026",,,NOT REQUIRED,NOT REQUIRED,NOT REQUIRED,COMPLETED,COMPLETED,COMPLETED,COMPLETED,IN STOCK,RECEIVED,NOT REQUIRED,NOT REQUIRED,NOT REQUIRED,NOT REQUIRED,2,,,,,,PICK AT SHOWROOM,
1467,ORDER COMPLETED,STEVE CLARK,RESIDENTIAL,,,"Thu, Mar 12, 2026",,,NOT STARTED,NOT STARTED,NOT STARTED,COMPLETED,COMPLETED,COMPLETED,COMPLETED,RECEIVED,RECEIVED,NOT REQUIRED,NOT REQUIRED,NOT REQUIRED,NOT REQUIRED,2,,,,,,"3275 El Dorado Ave N, LAKE HAVASU",
1470,ORDER COMPLETED,CHRIS-RENEE BRACKIN,RESIDENTIAL,,,"Thu, Mar 12, 2026",,,NOT STARTED,NOT STARTED,NOT STARTED,COMPLETED,COMPLETED,COMPLETED,COMPLETED,RECEIVED,RECEIVED,NOT REQUIRED,NOT REQUIRED,NOT REQUIRED,NOT REQUIRED,12,,,,,,"31503 Riverlake Rd, FULSHEAR, TX",
1484,ORDER COMPLETED,DEANNE SPRENGER,REDOING,,,"Thu, Mar 12, 2026",,,NOT REQUIRED,NOT REQUIRED,NOT REQUIRED,COMPLETED,COMPLETED,COMPLETED,COMPLETED,IN STOCK,SAME-NEED,NOT REQUIRED,NOT REQUIRED,NOT REQUIRED,NOT REQUIRED,1,0,0,,,,AT SHOWROOM,
1401-S,ORDER COMPLETED,LYNTON KOTZIN,RESIDENTIAL,,,"Thu, Mar 12, 2026",,,NOT REQUIRED,NOT REQUIRED,NOT REQUIRED,COMPLETED,COMPLETED,COMPLETED,COMPLETED,IN STOCK,RECEIVED,NOT REQUIRED,NOT REQUIRED,NOT REQUIRED,NOT REQUIRED,1,,,,,,"11439 N 64th Pl , scottsdale, az 85254",
1487,ORDER COMPLETED,FRAME WARR- BRENDAN GAYLIS,WARRANTY,,,"Fri, Mar 13, 2026",,,NOT REQUIRED,NOT STARTED,NOT REQUIRED,NOT REQUIRED,NOT REQUIRED,NOT REQUIRED,NOT REQUIRED,NOT REQUIRED,NOT REQUIRED,NOT REQUIRED,NOT REQUIRED,NOT REQUIRED,NOT REQUIRED,0,,0,,,,"4917 Shadwell Pl, San Diego, CA 92130, USA",
1517,ORDER COMPLETED,FARIS HAMID FRIEND,REDOING,,,"Fri, Mar 13, 2026",,,NOT REQUIRED,NOT REQUIRED,NOT REQUIRED,COMPLETED,COMPLETED,COMPLETED,COMPLETED,IN STOCK,SAME-NEED,NOT REQUIRED,NOT REQUIRED,NOT REQUIRED,NOT REQUIRED,3,,,,,,CALL TO PICK AT FACTORY,
1518,ORDER COMPLETED,JELENA: CUSTOMER-KAVON AHMADI,SPECIAL,,,"Fri, Mar 13, 2026",,,NOT REQUIRED,NOT REQUIRED,NOT REQUIRED,COMPLETED,COMPLETED,COMPLETED,COMPLETED,IN STOCK,RECEIVED,NOT REQUIRED,NOT REQUIRED,NOT REQUIRED,NOT REQUIRED,1,,,,,,CALL TO PICK AT FACTORY,
1457-S,ORDER COMPLETED,BRIAN SOSO,SERVICE-FREIGHT,,,"Fri, Mar 13, 2026",,,NOT REQUIRED,NOT REQUIRED,NOT REQUIRED,COMPLETED,COMPLETED,COMPLETED,COMPLETED,RECEIVED,RECEIVED,NOT REQUIRED,NOT REQUIRED,NOT REQUIRED,NOT REQUIRED,1,,,,,,,
1477,ORDER COMPLETED,ANN KAFKA,RESIDENTIAL,,,"Mon, Mar 16, 2026",,,NOT STARTED,NOT STARTED,NOT STARTED,COMPLETED,COMPLETED,COMPLETED,COMPLETED,RECEIVED,RECEIVED/SAME,NOT REQUIRED,NOT REQUIRED,NOT REQUIRED,NOT REQUIRED,27,,,,,,"28407 N 104th Way, SCOTTSDALE, AZ",
1499,ORDER COMPLETED,OPTIMA 7220 UNIT 3B-11,COMMERCIAL,,,"Tue, Mar 17, 2026",,,NOT STARTED,NOT STARTED,NOT STARTED,COMPLETED,COMPLETED,COMPLETED,COMPLETED,RECEIVED,RECEIVED,NOT REQUIRED,NOT REQUIRED,NOT REQUIRED,NOT REQUIRED,6,,,,,,,
1475,ORDER COMPLETED,RAY KENNEDY,RESIDENTIAL,,,"Wed, Mar 18, 2026",,,NOT REQUIRED,NOT REQUIRED,NOT STARTED,COMPLETED,COMPLETED,COMPLETED,COMPLETED,RECEIVED,RECEIVED,NOT REQUIRED,NOT REQUIRED,NOT REQUIRED,NOT REQUIRED,43,0,5,,,,"12546 E Doubletree Ranch Rd, SCOTTSDALE",
1480,ORDER COMPLETED,DARCIE WALTHOUR,RESIDENTIAL,,,"Wed, Mar 18, 2026",,,NOT STARTED,NOT STARTED,NOT STARTED,COMPLETED,COMPLETED,COMPLETED,COMPLETED,RECEIVED,RECEIVED,NOT REQUIRED,NOT REQUIRED,NOT REQUIRED,NOT REQUIRED,5,,,,,,10131 E Saddlehorn Drive Scottsdale AZ 85255,
1489,ORDER COMPLETED,KEVIN PFISTER REPAIR BROKEN SWIVEL,WARRANTY,,,"Wed, Mar 18, 2026",,,NOT STARTED,NOT STARTED,NOT REQUIRED,NOT REQUIRED,NOT REQUIRED,NOT REQUIRED,NOT REQUIRED,NOT REQUIRED,NOT REQUIRED,NOT REQUIRED,NOT REQUIRED,NOT REQUIRED,NOT REQUIRED,0,,0,,,,"11087 E Verbena Ln, Scottsdale, AZ 85255, USA",
1522,ORDER COMPLETED,JOAN RASKIN-BROKEN FIRE PIT,WARRANTY,,,"Thu, Mar 19, 2026",,,NOT REQUIRED,NOT REQUIRED,NOT STARTED,NOT REQUIRED,NOT REQUIRED,NOT REQUIRED,NOT REQUIRED,NOT REQUIRED,NOT REQUIRED,NOT REQUIRED,NOT REQUIRED,NOT REQUIRED,NOT REQUIRED,0,,,,,,"7878 E Gainey Ranch Rd unit 63, Scottsdale, AZ 85258, USA",
1482,ORDER COMPLETED,STEPHANIE WEIMER,RESIDENTIAL,,,"Tue, Mar 24, 2026",,,NOT STARTED,NOT STARTED,NOT STARTED,COMPLETED,COMPLETED,COMPLETED,COMPLETED,RECEIVED,RECEIVED,NOT REQUIRED,NOT REQUIRED,NOT REQUIRED,NOT REQUIRED,5,,,,,,"7743 E Wingtip Way, SCOTTSDALE",
1488,ORDER COMPLETED,FRAME WARR- JIM BUTLER,WARRANTY,,,"Wed, Mar 25, 2026",,,NOT REQUIRED,NOT STARTED,NOT REQUIRED,NOT REQUIRED,NOT REQUIRED,NOT REQUIRED,NOT REQUIRED,NOT REQUIRED,NOT REQUIRED,NOT REQUIRED,NOT REQUIRED,NOT REQUIRED,NOT REQUIRED,0,,0,,,," 6720 N Whispering Hills Rd, Paradise Valley, AZ 85253",
1496,ORDER COMPLETED,MAURO CALDERON,RESIDENTIAL,,,"Thu, Mar 26, 2026",,,NOT STARTED,NOT STARTED,NOT STARTED,COMPLETED,COMPLETED,COMPLETED,COMPLETED,RECEIVED,RECEIVED,NOT REQUIRED,NOT REQUIRED,NOT REQUIRED,NOT REQUIRED,8,,,,,,,
1528,ORDER COMPLETED,DARCIE WALTHOUR,RESIDENTIAL,,,"Thu, Mar 26, 2026",,,NOT REQUIRED,NOT REQUIRED,NOT REQUIRED,COMPLETED,COMPLETED,COMPLETED,COMPLETED,RECEIVED,NOT ORDERED,NOT REQUIRED,NOT REQUIRED,NOT REQUIRED,NOT REQUIRED,1,,,,,,"10131 E Saddlehorn Dr, Scottsdale, AZ 85258, USA",
1481,ORDER COMPLETED,BRAD AND KRISTI TIMMONS,RESIDENTIAL,,,"Sat, Mar 28, 2026",,,NOT STARTED,NOT STARTED,NOT STARTED,COMPLETED,COMPLETED,COMPLETED,COMPLETED,RECEIVED,RECEIVED,NOT REQUIRED,NOT REQUIRED,NOT REQUIRED,NOT REQUIRED,4,,,,,,"33550 N. Dove Lakes Dr, CAVE CREEK",
1444,ORDER COMPLETED,SHANE MEHRER RIVER RANCH,COMMERCIAL,,,"Mon, Mar 30, 2026",,,NOT STARTED,NOT STARTED,NOT STARTED,COMPLETED,COMPLETED,COMPLETED,COMPLETED,RECEIVED,RECEIVED,NOT REQUIRED,NOT REQUIRED,NOT REQUIRED,NOT REQUIRED,77,,,,,,"7677 N. 16th St. PHOENIX, AZ 85020",
1501,ORDER COMPLETED,SCOTTSDALE SHOWROOM,COMMERCIAL,,,"Mon, Mar 30, 2026",,,NOT STARTED,NOT STARTED,NOT STARTED,COMPLETED,COMPLETED,COMPLETED,COMPLETED,RECEIVED,RECEIVED,NOT REQUIRED,NOT REQUIRED,NOT REQUIRED,NOT REQUIRED,12,,,,,,,
1434,ORDER COMPLETED,MADONA KAKISH,RESIDENTIAL,,,"Tue, Mar 31, 2026",,,NOT STARTED,NOT STARTED,NOT STARTED,COMPLETED,COMPLETED,COMPLETED,COMPLETED,RECEIVED,RECEIVED,NOT REQUIRED,NOT REQUIRED,NOT REQUIRED,NOT REQUIRED,21,0,,,,,"32090 Via Bella Vita, TEMECULA, CA",
1494,ORDER COMPLETED,DAVID STOCK,RESIDENTIAL,,,"Wed, Apr 01, 2026",,,NOT STARTED,NOT STARTED,NOT STARTED,COMPLETED,COMPLETED,COMPLETED,COMPLETED,IN STOCK,RECEIVED,NOT REQUIRED,NOT REQUIRED,NOT REQUIRED,NOT REQUIRED,4,,,,,,"36686 Augustana Loup , Battle Lake, MN  56515",
1498,ORDER COMPLETED,PEGGY FRASCA PRICHARD,RESIDENTIAL,,,"Wed, Apr 01, 2026",,,NOT STARTED,NOT STARTED,NOT STARTED,COMPLETED,COMPLETED,COMPLETED,COMPLETED,IN STOCK,RECEIVED,NOT REQUIRED,NOT REQUIRED,NOT REQUIRED,NOT REQUIRED,1,,,,,,"20432 N 94th Way, Scottsdale, AZ 85255, USA",
1511,ORDER COMPLETED,LAWDAN SHOJAEE,WARRANTY,,,"Wed, Apr 01, 2026",,,NOT STARTED,NOT STARTED,NOT REQUIRED,NOT REQUIRED,NOT REQUIRED,NOT REQUIRED,NOT REQUIRED,NOT REQUIRED,NOT REQUIRED,NOT REQUIRED,NOT REQUIRED,NOT REQUIRED,NOT REQUIRED,0,,,,,,"13876 N 83rd Pl, Scottsdale, AZ 85260, USA",
1510,ORDER COMPLETED,DOUG MEDAK,RESIDENTIAL,,,"Thu, Apr 02, 2026",,,NOT STARTED,NOT STARTED,NOT STARTED,COMPLETED,COMPLETED,COMPLETED,COMPLETED,RECEIVED,RECEIVED,NOT REQUIRED,NOT REQUIRED,NOT REQUIRED,NOT REQUIRED,27,,,,,,WILL CALL,
1503,ORDER COMPLETED,ERIC THOMPSON,REDOING,,,"Fri, Apr 03, 2026",,,NOT REQUIRED,NOT REQUIRED,NOT REQUIRED,COMPLETED,COMPLETED,COMPLETED,COMPLETED,RECEIVED,RECEIVED,NOT REQUIRED,NOT REQUIRED,NOT REQUIRED,NOT REQUIRED,2,,,,,,COORDINATE TO PICKUP AT SHOWROOM,
1495,ORDER COMPLETED,PAT & CATHY ORAHILLY,RESIDENTIAL,,,"Mon, Apr 06, 2026",,,NOT STARTED,NOT STARTED,NOT STARTED,COMPLETED,COMPLETED,COMPLETED,COMPLETED,RECEIVED,RECEIVED,NOT REQUIRED,NOT REQUIRED,NOT REQUIRED,NOT REQUIRED,39,,,,,,"7245 E. Goldust Avenue, SCOTTSDALE, AZ",
1509,ORDER COMPLETED,TABLE SHELLY KOSIAK,RESIDENTIAL,,,"Mon, Apr 06, 2026",,,NOT STARTED,NOT STARTED,NOT STARTED,NOT REQUIRED,NOT REQUIRED,NOT REQUIRED,NOT REQUIRED,NOT REQUIRED,NOT REQUIRED,NOT REQUIRED,NOT REQUIRED,NOT REQUIRED,NOT REQUIRED,0,,,,,,,
1459,ORDER COMPLETED,BRAD DAVIS,RESIDENTIAL,,,"Tue, Apr 07, 2026",,,NOT STARTED,NOT STARTED,NOT STARTED,COMPLETED,COMPLETED,COMPLETED,COMPLETED,RECEIVED,RECEIVED,NOT REQUIRED,NOT REQUIRED,NOT REQUIRED,NOT REQUIRED,14,,,,,,6025 E Cholla ln Paradise Valley,
1490,ORDER COMPLETED,LEE-TRACY LARIS,RESIDENTIAL,,,"Wed, Apr 08, 2026",,,NOT STARTED,NOT STARTED,ISSUE,COMPLETED,COMPLETED,COMPLETED,COMPLETED,RECEIVED,RECEIVED,NOT REQUIRED,NOT REQUIRED,NOT REQUIRED,NOT REQUIRED,15,,,,,,"5401 E Wonderview Rd Phoenix, AZ 85018",
1659,ORDER COMPLETED,CARRIE TEFFNER DEKTON REPLACEMENTS,RESIDENTIAL,,"Thu, Jul 23, 2026","Thu, Jul 23, 2026",YES,NA,NOT REQUIRED,NOT REQUIRED,COMPLETED,NOT REQUIRED,NOT REQUIRED,NOT REQUIRED,NOT REQUIRED,NOT REQUIRED,NOT REQUIRED,NOT REQUIRED,NOT REQUIRED,NOT REQUIRED,NOT REQUIRED,,,,,,,Showroom dropoff,
1443,ORDER COMPLETED,NALINI GANGADHAR,WARRANTY,,,"Thu, Apr 09, 2026",,,NOT REQUIRED,NOT REQUIRED,NOT REQUIRED,COMPLETED,COMPLETED,COMPLETED,COMPLETED,RECEIVED,SAME-NEED,NOT REQUIRED,NOT REQUIRED,NOT REQUIRED,NOT REQUIRED,8,0,0,,,,"5353 E Sanna St, Paradise Valley, AZ 85253, USA",
1547,ORDER COMPLETED,ST JUDE EVENT-FURNISHING,COMMERCIAL,,,"Sat, Apr 11, 2026",,,NOT REQUIRED,NOT REQUIRED,NOT REQUIRED,NOT REQUIRED,NOT REQUIRED,NOT REQUIRED,NOT REQUIRED,NOT REQUIRED,NOT REQUIRED,NOT REQUIRED,NOT REQUIRED,NOT REQUIRED,NOT REQUIRED,,0,0,,,,"15882 N 77th St, Scottsdale, AZ 85260",
1461,ORDER COMPLETED,WARR-RUSTIN GENT (QUALITY POOL),WARRANTY,,,"Mon, Apr 13, 2026",,,NOT REQUIRED,NOT REQUIRED,NOT REQUIRED,COMPLETED,COMPLETED,COMPLETED,COMPLETED,RECEIVED,SAME-NEED,NOT REQUIRED,NOT REQUIRED,NOT REQUIRED,NOT REQUIRED,21,0,0,,,,"2564 E Rawhide St, Gilbert, AZ 85296, USA",
1497,ORDER COMPLETED,ELENA DOUGAN,RESIDENTIAL,,,"Mon, Apr 13, 2026",,,NOT STARTED,NOT STARTED,NOT STARTED,COMPLETED,COMPLETED,COMPLETED,COMPLETED,RECEIVED,RECEIVED,NOT REQUIRED,NOT REQUIRED,NOT REQUIRED,NOT REQUIRED,6,,,,,," 8121 Camino Del Sol #102, LA JOLLA CA",
1506,ORDER COMPLETED,EDISOON REYNOSO,RESIDENTIAL,,,"Mon, Apr 13, 2026",,,NOT STARTED,NOT STARTED,NOT STARTED,COMPLETED,COMPLETED,COMPLETED,COMPLETED,RECEIVED,RECEIVED,NOT REQUIRED,NOT REQUIRED,NOT REQUIRED,NOT REQUIRED,18,,,,,,"5986 Greensview Ct, RANCHO SANTA FE, CA",
1515,ORDER COMPLETED,DOUG CHARTIER (ROGER DANIEL),RESIDENTIAL,,,"Tue, Apr 14, 2026",,,NOT STARTED,NOT STARTED,,COMPLETED,COMPLETED,COMPLETED,COMPLETED,RECEIVED,RECEIVED,NOT REQUIRED,NOT REQUIRED,NOT REQUIRED,NOT REQUIRED,6,,,,,,,
1516,ORDER COMPLETED,MIKE KUNDE,RESIDENTIAL,,,"Wed, Apr 15, 2026",,,NOT REQUIRED,NOT REQUIRED,NOT STARTED,COMPLETED,COMPLETED,COMPLETED,COMPLETED,RECEIVED,RECEIVED,NOT REQUIRED,NOT REQUIRED,NOT REQUIRED,NOT REQUIRED,11,,,,,,"4801 E clearwater, PV , AZ 85253",
1519,ORDER COMPLETED,VERA RUSSO,,,,"Thu, Apr 16, 2026",,,NOT STARTED,NOT STARTED,NOT STARTED,COMPLETED,COMPLETED,COMPLETED,COMPLETED,IN STOCK,RECEIVED,NOT REQUIRED,NOT REQUIRED,NOT REQUIRED,NOT REQUIRED,2,,,,,,"4329 N Boulder Canyon Circle, MESA AZ",
1513,ORDER COMPLETED,MATT MITCHELL FIREPIT,WARRANTY,,,"Mon, Apr 20, 2026",,,NOT REQUIRED,NOT REQUIRED,NOT STARTED,NOT REQUIRED,NOT REQUIRED,NOT REQUIRED,NOT REQUIRED,NOT REQUIRED,NOT REQUIRED,NOT REQUIRED,NOT REQUIRED,NOT REQUIRED,NOT REQUIRED,0,,,,,," 1905 W Pumpkin Ridge Dr, Anthem, AZ 85086, USA",
1525,ORDER COMPLETED,ANDREW WILD,RESIDENTIAL,,,"Mon, Apr 20, 2026",,,NOT STARTED,NOT STARTED,NOT STARTED,COMPLETED,COMPLETED,COMPLETED,COMPLETED,RECEIVED,RECEIVED,NOT REQUIRED,NOT REQUIRED,NOT REQUIRED,NOT REQUIRED,11,,,,,,"18237 N 51st Place, Scottsdale AZ 85254",
1532,ORDER COMPLETED,SHARI GREENE,RESIDENTIAL,,,"Mon, Apr 20, 2026",,,NOT STARTED,NOT STARTED,NOT STARTED,COMPLETED,COMPLETED,COMPLETED,COMPLETED,RECEIVED,RECEIVED,NOT REQUIRED,NOT REQUIRED,NOT REQUIRED,NOT REQUIRED,4,,,,,,"11000 N. 77th Place, SCOTTSDALE, AZ",
1549,ORDER COMPLETED,COLLEEN STEELE,RESIDENTIAL,,,"Mon, Apr 20, 2026",,,NOT REQUIRED,NOT REQUIRED,NOT REQUIRED,COMPLETED,COMPLETED,COMPLETED,COMPLETED,RECEIVED,NOT REQUIRED,NOT REQUIRED,NOT REQUIRED,NOT REQUIRED,NOT REQUIRED,2,0,0,,,,SHOWROOM PICKUP,
1507,ORDER COMPLETED,JODY OTTESON,RESIDENTIAL,,,"Tue, Apr 21, 2026",,,NOT STARTED,NOT STARTED,NOT REQUIRED,COMPLETED,COMPLETED,COMPLETED,COMPLETED,IN STOCK,RECEIVED,NOT REQUIRED,NOT REQUIRED,NOT REQUIRED,NOT REQUIRED,1,,,,,,5670 S Loback Ln Gilbert AZ,
1524,ORDER COMPLETED,ERICA MACDONALD,RESIDENTIAL,,,"Tue, Apr 21, 2026",,,NOT STARTED,NOT STARTED,NOT STARTED,NOT REQUIRED,NOT REQUIRED,NOT REQUIRED,NOT REQUIRED,NOT REQUIRED,NOT REQUIRED,NOT REQUIRED,NOT REQUIRED,NOT REQUIRED,NOT REQUIRED,0,,,,,,"2978 E REDFIELD RD , GILBERT AZ 85234",
1560,ORDER COMPLETED,AMANDA STEVEN HOUGHTON,WARRANTY,,,"Tue, Apr 21, 2026",,,NOT REQUIRED,NOT REQUIRED,NOT STARTED,NOT REQUIRED,NOT REQUIRED,NOT REQUIRED,NOT REQUIRED,NOT REQUIRED,NOT REQUIRED,NOT REQUIRED,NOT REQUIRED,NOT REQUIRED,NOT REQUIRED,0,,,,,,SHOWROOM PICKUP,
1504,ORDER COMPLETED,MANNIE JACKSON,RESIDENTIAL,,,"Wed, Apr 22, 2026",,,NOT STARTED,NOT STARTED,NOT STARTED,COMPLETED,COMPLETED,COMPLETED,COMPLETED,RECEIVED,RECEIVED & SAME,NOT REQUIRED,NOT REQUIRED,NOT REQUIRED,NOT REQUIRED,28,,,,,,"7036 North 47th Street , Paradise Valley",
1545,ORDER COMPLETED,BOB HAMM,RESIDENTIAL,,,"Wed, Apr 22, 2026",,,NOT STARTED,NOT STARTED,NOT STARTED,COMPLETED,COMPLETED,COMPLETED,COMPLETED,RECEIVED,RECEIVED,NOT REQUIRED,NOT REQUIRED,NOT REQUIRED,NOT REQUIRED,15,,,,,,31 Mandalay Drive Corman Park SK S7T 1E3 Canada,
1561,ORDER COMPLETED,Caesar's Republic Custom Gate,COMMERCIAL,,,"Thu, Apr 23, 2026",,,NOT STARTED,NOT STARTED,NOT REQUIRED,NOT REQUIRED,NOT REQUIRED,NOT REQUIRED,NOT REQUIRED,NOT REQUIRED,NOT REQUIRED,NOT REQUIRED,NOT REQUIRED,NOT REQUIRED,NOT REQUIRED,0,,,,,,,
1520,ORDER COMPLETED,REED WIDEN,RESIDENTIAL,,,"Mon, Apr 27, 2026",,,NOT STARTED,NOT STARTED,NOT STARTED,COMPLETED,COMPLETED,COMPLETED,COMPLETED,RECEIVED,RECEIVED,NOT REQUIRED,NOT REQUIRED,NOT REQUIRED,NOT REQUIRED,7,,,,,,"9820 E Thompson peak parkway, unit 832 Scottsdale Arizona 85255",
1551,ORDER COMPLETED,JEN BAWNER DEKTON,REDOING,,,"Mon, Apr 27, 2026",,,NOT REQUIRED,NOT REQUIRED,NOT STARTED,NOT REQUIRED,NOT REQUIRED,NOT REQUIRED,NOT REQUIRED,NOT REQUIRED,NOT REQUIRED,NOT REQUIRED,NOT REQUIRED,NOT REQUIRED,NOT REQUIRED,0,0,,,,,"2866 E Robin Ct, Gilbert, AZ 85296, USA",
1514,ORDER COMPLETED,DEKTON LEE & TRACY LARIS,RESIDENTIAL,,,"Tue, Apr 28, 2026",,,NOT REQUIRED,NOT REQUIRED,NOT STARTED,NOT REQUIRED,NOT REQUIRED,NOT REQUIRED,NOT REQUIRED,NOT REQUIRED,NOT REQUIRED,NOT REQUIRED,NOT REQUIRED,NOT REQUIRED,NOT REQUIRED,0,,,,,,,
1540,ORDER COMPLETED,AIMEE MAYORAL SOLOWAY DESIGNS,RESIDENTIAL,,,"Tue, Apr 28, 2026",,,NOT STARTED,NOT STARTED,NOT STARTED,NOT REQUIRED,NOT REQUIRED,NOT REQUIRED,NOT REQUIRED,NOT REQUIRED,NOT REQUIRED,NOT REQUIRED,NOT REQUIRED,NOT REQUIRED,NOT REQUIRED,0,,,,,,"9584 Iron Horse Rd Woodbury, MN 55129",
1562,ORDER COMPLETED,JW MARRIOT BED,COMMERCIAL,,,"Wed, Apr 29, 2026",,,NOT STARTED,NOT STARTED,NOT REQUIRED,COMPLETED,COMPLETED,COMPLETED,COMPLETED,IN STOCK,RECEIVED,NOT REQUIRED,NOT REQUIRED,NOT REQUIRED,NOT REQUIRED,2,,,,,,"13970 Crossrock Road Poway, CA  92604",
1472,ORDER COMPLETED,WARR-TED FOXMAN,WARR,,,"Thu, Apr 30, 2026",,,NOT REQUIRED,NOT REQUIRED,NOT REQUIRED,COMPLETED,COMPLETED,COMPLETED,COMPLETED,RECEIVED,SAME-NEED,NOT REQUIRED,NOT REQUIRED,NOT REQUIRED,NOT REQUIRED,10,0,0,,,,"3950 Royal Oak Pl, Encino, CA 91436, USA",
1533,ORDER COMPLETED,ANNA JOSH MARTINEZ,RESIDENTIAL,,,"Thu, Apr 30, 2026",,,NOT STARTED,NOT STARTED,NOT STARTED,COMPLETED,COMPLETED,COMPLETED,COMPLETED,RECEIVED,RECEIVED,NOT REQUIRED,NOT REQUIRED,NOT REQUIRED,NOT REQUIRED,18,,,,,,,
1539,ORDER COMPLETED,PATTI MIKE KLAYKO,RESIDENTIAL,,,"Thu, Apr 30, 2026",,,NOT STARTED,NOT STARTED,NOT STARTED,COMPLETED,COMPLETED,COMPLETED,COMPLETED,IN STOCK,RECEIVED,NOT REQUIRED,NOT REQUIRED,NOT REQUIRED,NOT REQUIRED,5,,,,,,"93562 Highway 89 Grover, WY  83122",
1577,ORDER COMPLETED,DR MARK SIEGEL,RESIDENTIAL,,,"Thu, Apr 30, 2026",,,NOT STARTED,NOT STARTED,NOT REQUIRED,COMPLETED,COMPLETED,COMPLETED,COMPLETED,IN STOCK,IN STOCK,NOT REQUIRED,NOT REQUIRED,NOT REQUIRED,NOT REQUIRED,1,,,,,,,
1579,ORDER COMPLETED,DARCIE WALTHOUR,RESIDENTIAL,,,"Thu, Apr 30, 2026",,,NOT REQUIRED,NOT REQUIRED,NOT REQUIRED,COMPLETED,COMPLETED,COMPLETED,COMPLETED,IN STOCK,IN STOCK,NOT REQUIRED,NOT REQUIRED,NOT REQUIRED,NOT REQUIRED,1,,,,,,10131 E Saddlehorn Drive Scottsdale AZ 85255,
1529,ORDER COMPLETED,GINA PIPER,RESIDENTIAL,,,"Fri, May 01, 2026",,,NOT STARTED,NOT STARTED,NOT STARTED,COMPLETED,COMPLETED,COMPLETED,COMPLETED,IN STOCK,RECEIVED,NOT REQUIRED,NOT REQUIRED,NOT REQUIRED,NOT REQUIRED,6,,,,,,"1800 Fairway Dr, Indianola, IA 50125, USA",
1530,ORDER COMPLETED,JAIME REINOSA,RESIDENTIAL,,,"Mon, May 04, 2026",,,NOT STARTED,NOT STARTED,NOT STARTED,COMPLETED,COMPLETED,COMPLETED,COMPLETED,RECEIVED,RECEIVED,NOT REQUIRED,NOT REQUIRED,NOT REQUIRED,NOT REQUIRED,6,,,,,,"Paseo Loma Larga 3501 Zapopan, Jalisco  45110 México ",
1508,ORDER COMPLETED,JANE KELLY,RESIDENTIAL,,,"Tue, May 05, 2026",,,NOT STARTED,NOT STARTED,NOT STARTED,COMPLETED,COMPLETED,COMPLETED,COMPLETED,RECEIVED,RECEIVED,NOT REQUIRED,NOT REQUIRED,NOT REQUIRED,NOT REQUIRED,15,,,,,,"14601 Meravi Drive, Bonita Springs, FL",
1531,ORDER COMPLETED,LINDA STANCIU,RESIDENTIAL,,,"Tue, May 05, 2026",,,NOT STARTED,NOT STARTED,NOT STARTED,COMPLETED,COMPLETED,COMPLETED,COMPLETED,RECEIVED,RECEIVED,NOT REQUIRED,NOT REQUIRED,NOT REQUIRED,NOT REQUIRED,5,,,,,,1640 N Columbia Circle Flagstaff 86004,
1512,ORDER COMPLETED,MARY BURKE,WARRANTY,,,"Wed, May 06, 2026",,,NOT REQUIRED,NOT REQUIRED,NOT STARTED,COMPLETED,COMPLETED,COMPLETED,COMPLETED,RECEIVED,RECEIVED,NOT REQUIRED,NOT REQUIRED,NOT REQUIRED,NOT REQUIRED,11,,,,,,,
1526,ORDER COMPLETED,RICHARD KREBS,RESIDENTIAL,,,"Wed, May 06, 2026",,,NOT STARTED,NOT STARTED,NOT STARTED,COMPLETED,COMPLETED,COMPLETED,COMPLETED,RECEIVED,RECEIVED,NOT REQUIRED,NOT REQUIRED,NOT REQUIRED,NOT REQUIRED,12,,,,,,"9518 N 46TH ST PHOENIX, AZ 85028",
1541,ORDER COMPLETED,TERRI GARRISON,RESIDENTIAL,,,"Wed, May 06, 2026",,,NOT REQUIRED,NOT REQUIRED,NOT REQUIRED,COMPLETED,COMPLETED,COMPLETED,COMPLETED,RECEIVED,SAME-NEED,NOT REQUIRED,NOT REQUIRED,NOT REQUIRED,NOT REQUIRED,7,,,,,,"24327 N 93rd Ave, Peoria, AZ 85383, USA",
1552,ORDER COMPLETED,LINDA SCHOENER,RESIDENTIAL,,,"Wed, May 06, 2026",,,NOT STARTED,NOT STARTED,NOT REQUIRED,NOT STARTED,NOT STARTED,NOT STARTED,NOT STARTED,RECEIVED,NOT ORDERED,NOT REQUIRED,NOT REQUIRED,NOT REQUIRED,NOT REQUIRED,,,0,,,,,
1536,ORDER COMPLETED,BRUCE SUSAN HALL,RESIDENTIAL,,,"Thu, May 07, 2026",,,NOT STARTED,NOT STARTED,NOT STARTED,COMPLETED,COMPLETED,COMPLETED,COMPLETED,RECEIVED,RECEIVED,NOT REQUIRED,NOT REQUIRED,NOT REQUIRED,NOT REQUIRED,17,,,,,,"4728 El Aspecto, rancho santa fe, CA 92067",
1544,ORDER COMPLETED,RAQUEL-JASON NORTON,RESIDENTIAL,,,"Thu, May 07, 2026",,,NOT STARTED,NOT STARTED,NOT STARTED,COMPLETED,COMPLETED,COMPLETED,COMPLETED,IN STOCK,RECEIVED,NOT REQUIRED,NOT REQUIRED,NOT REQUIRED,NOT REQUIRED,1,,,,,,,
1550,ORDER COMPLETED,WARR-SANDRA NISSON,WARRANTY,,,"Thu, May 07, 2026",,,NOT STARTED,NOT STARTED,NOT REQUIRED,NOT REQUIRED,NOT REQUIRED,NOT REQUIRED,NOT REQUIRED,NOT REQUIRED,NOT REQUIRED,NOT REQUIRED,NOT REQUIRED,NOT REQUIRED,NOT REQUIRED,0,,0,,,,"10210 E Gold Dust Ave, Scottsdale, AZ 85258, USA",
1553,ORDER COMPLETED,OPTIMA SIGNATURE CHICAGO,COMMERCIAL,,,"Mon, May 11, 2026",,,NOT STARTED,NOT STARTED,NOT STARTED,COMPLETED,COMPLETED,COMPLETED,COMPLETED,RECEIVED,RECEIVED,NOT REQUIRED,NOT REQUIRED,NOT REQUIRED,NOT REQUIRED,,,,,,,,
1534,ORDER COMPLETED,RITA-RICHARD RUSSEL,WARRANTY,,,"Tue, May 12, 2026",,,NOT REQUIRED,NOT REQUIRED,NOT REQUIRED,COMPLETED,COMPLETED,COMPLETED,COMPLETED,RECEIVED,SAME-NEED,NOT REQUIRED,NOT REQUIRED,NOT REQUIRED,NOT REQUIRED,3,,,,,,"5579 E Edward Ln, Paradise Valley, AZ 85253, USA",
1589,ORDER COMPLETED,RIVER RANCH TIEBACKS,COMMERCIAL,,,"Tue, May 12, 2026",,,NOT REQUIRED,NOT REQUIRED,NOT REQUIRED,COMPLETED,COMPLETED,COMPLETED,COMPLETED,IN STOCK,NOT REQUIRED,NOT REQUIRED,NOT REQUIRED,NOT REQUIRED,NOT REQUIRED,,,,,,,"7677 N. 16th St. PHOENIX, AZ 85020",
1554,ORDER COMPLETED,NIVINE-DANY BAHDOUCH,RESIDENTIAL,,,"Wed, May 13, 2026",,,NOT STARTED,NOT STARTED,NOT STARTED,COMPLETED,COMPLETED,COMPLETED,COMPLETED,RECEIVED,RECEIVED,NOT REQUIRED,NOT REQUIRED,NOT REQUIRED,NOT REQUIRED,23,,,,,,"4402 E Beryl Ln. PHOENIX, AZ",
1553,ORDER COMPLETED,OPTIMA SIGNATURE CHICAGO,COMMERCIAL,,,"Thu, May 14, 2026",,,NOT STARTED,NOT STARTED,NOT STARTED,COMPLETED,COMPLETED,COMPLETED,COMPLETED,RECEIVED,RECEIVED,NOT REQUIRED,NOT REQUIRED,NOT REQUIRED,NOT REQUIRED,34,,,,,,"220 E. Illinois Street, CHICAGO IL 60611",
1556,ORDER COMPLETED,CORBIN NEWBERRY,RESIDENTIAL,,,"Thu, May 14, 2026",,,NOT STARTED,NOT STARTED,NOT STARTED,COMPLETED,COMPLETED,COMPLETED,COMPLETED,RECEIVED,RECEIVED,NOT REQUIRED,NOT REQUIRED,NOT REQUIRED,NOT REQUIRED,17,,,,,,"31610 N. 71st Street, SCOTTSDALE, AZ ",
1580,ORDER COMPLETED,SCOTTSDALE SHOWROOM 4-2-26,SHOWROOM,,,"Thu, May 14, 2026",,,NOT STARTED,NOT STARTED,NOT STARTED,COMPLETED,COMPLETED,COMPLETED,COMPLETED,IN STOCK,RECEIVED,NOT REQUIRED,NOT REQUIRED,NOT REQUIRED,NOT REQUIRED,3,,,,,,"15037 N Scottsdale Rd Ste 120, Scottsdale, AZ 85254",
1554,ORDER COMPLETED,NIVINE-DANY BAHDOUCH,RESIDENTIAL,,,"Fri, May 15, 2026",,,NOT STARTED,NOT STARTED,NOT STARTED,COMPLETED,COMPLETED,COMPLETED,COMPLETED,RECEIVED,RECEIVED,NOT REQUIRED,NOT REQUIRED,NOT REQUIRED,NOT REQUIRED,,,,,,,,
1555,ORDER COMPLETED,DESIGN ONE,COMMERCIAL,,,"Mon, May 18, 2026",,,NOT STARTED,NOT STARTED,NOT STARTED,NOT REQUIRED,NOT REQUIRED,NOT REQUIRED,NOT REQUIRED,NOT REQUIRED,NOT REQUIRED,NOT REQUIRED,NOT REQUIRED,NOT REQUIRED,NOT REQUIRED,0,,,,,,,
1555,ORDER COMPLETED,DESIGN ONE,COMMERCIAL,,,"Mon, May 18, 2026",,,NOT STARTED,NOT STARTED,NOT STARTED,NOT REQUIRED,NOT REQUIRED,NOT REQUIRED,NOT REQUIRED,NOT REQUIRED,NOT REQUIRED,NOT REQUIRED,NOT REQUIRED,NOT REQUIRED,NOT REQUIRED,0,,,,,,"9180 E Happy Hollow Drive Scottsdale, AZ 85262",
1571,ORDER COMPLETED,VASANTHA SUMANTH,WARRANTY,,,"Tue, May 19, 2026",,,NOT REQUIRED,NOT REQUIRED,NOT REQUIRED,COMPLETED,COMPLETED,COMPLETED,COMPLETED,IN STOCK,SAME-NEED,NOT REQUIRED,NOT REQUIRED,NOT REQUIRED,NOT REQUIRED,3,,,,,,"2673 E Geronimo St, Gilbert, AZ 85295, USA",
1538,ORDER COMPLETED,NADER TIRANDAZI,RESIDENTIAL,,,"Wed, May 20, 2026",,,NOT STARTED,NOT STARTED,NOT STARTED,COMPLETED,COMPLETED,COMPLETED,COMPLETED,RECEIVED,RECEIVED,NOT REQUIRED,NOT REQUIRED,NOT REQUIRED,NOT REQUIRED,12,,,,,,"17261 Circa Oriente RSF, CA 92067",
1543,ORDER COMPLETED,MARK PATRICK ROACH,RESIDENTIAL,,,"Wed, May 20, 2026",,,NOT STARTED,NOT STARTED,NOT STARTED,COMPLETED,COMPLETED,COMPLETED,COMPLETED,RECEIVED,RECEIVED,NOT REQUIRED,NOT REQUIRED,NOT REQUIRED,NOT REQUIRED,7,,,,,,,
1556,ORDER COMPLETED,CORBIN NEWBERRY,RESIDENTIAL,,,"Wed, May 20, 2026",,,NOT STARTED,NOT STARTED,NOT STARTED,COMPLETED,COMPLETED,COMPLETED,COMPLETED,RECEIVED,RECEIVED,NOT REQUIRED,NOT REQUIRED,NOT REQUIRED,NOT REQUIRED,,,,,,,,
1558,ORDER COMPLETED,HARRY HOBBS (ADD-ON),RESIDENTIAL,,,"Thu, May 21, 2026",,,NOT STARTED,NOT STARTED,NOT STARTED,COMPLETED,COMPLETED,COMPLETED,COMPLETED,RECEIVED,RECEIVED,NOT REQUIRED,NOT REQUIRED,NOT REQUIRED,NOT REQUIRED,4,,,,,,"10800 E Cactus Rd, Unit 38 Scottsdale AZ 85259",
1564,ORDER COMPLETED,NANCY-MARK BOWMAN,RESIDENTIAL,,,"Thu, May 21, 2026",,,NOT STARTED,NOT STARTED,NOT STARTED,COMPLETED,COMPLETED,COMPLETED,COMPLETED,RECEIVED,RECEIVED,NOT REQUIRED,NOT REQUIRED,NOT REQUIRED,NOT REQUIRED,2,,,,,,"5841 N 207th Ave, Buckeye AZ 85396",
1594,ORDER COMPLETED,RUSH CHAIR MODEL UNIT TERRACES,COMMERCIAL,,,"Thu, May 21, 2026",,,NOT STARTED,NOT STARTED,NOT REQUIRED,COMPLETED,COMPLETED,COMPLETED,COMPLETED,RECEIVED,RECEIVED,NOT REQUIRED,NOT REQUIRED,NOT REQUIRED,NOT REQUIRED,1,,,,,,"7220 Mcdowell, Scottsdale",
1597,ORDER COMPLETED,SERVICE AMANDA STEVEN,DEKTON REDO,,,"Thu, May 21, 2026",,,NOT REQUIRED,NOT REQUIRED,NOT STARTED,NOT REQUIRED,NOT REQUIRED,NOT REQUIRED,NOT REQUIRED,NOT REQUIRED,NOT REQUIRED,NOT REQUIRED,NOT REQUIRED,NOT REQUIRED,NOT REQUIRED,,,,,,,SHOWROOM PICKUP,
1578,ORDER COMPLETED,DAN AMBROSE,RESIDENTIAL,,,"Mon, May 25, 2026",,,NOT STARTED,NOT STARTED,NOT REQUIRED,COMPLETED,COMPLETED,COMPLETED,COMPLETED,RECEIVED,RECEIVED,NOT REQUIRED,NOT REQUIRED,NOT REQUIRED,NOT REQUIRED,22,,,,,,"26 9th St, HERMOSA BEACH, CA 90254",
1675,NEW,MAI YAHN,RESIDENTIAL,,"Wed, Nov 11, 2026","Wed, Nov 11, 2026",NO,NA,NOT STARTED,NOT STARTED,NOT STARTED,NOT STARTED,NOT STARTED,NOT STARTED,NOT STARTED,RECEIVED,NEED,NOT REQUIRED,NEED,NOT REQUIRED,RECEIVED,75,38,14,1.32,0.75,0.84,"1688 E. DESERT GARDEN DRIVE TUCSON, AZ  85743",
1552,ORDER COMPLETED,LINDA SCHOENER,RESIDENTIAL,,,"Tue, May 26, 2026",,,NOT STARTED,NOT STARTED,NOT REQUIRED,COMPLETED,COMPLETED,COMPLETED,COMPLETED,RECEIVED,RECEIVED,NOT REQUIRED,NOT REQUIRED,NOT REQUIRED,NOT REQUIRED,4,,,,,,4946 N ASCENT DR  SCOTTSDALE AZ 85251,
1537,ORDER COMPLETED,CARRIE TEFFNER,RESIDENTIAL,,,"Wed, May 27, 2026",,,NOT STARTED,NOT STARTED,NOT STARTED,COMPLETED,COMPLETED,COMPLETED,COMPLETED,RECEIVED,RECEIVED,NOT REQUIRED,NOT REQUIRED,NOT REQUIRED,NOT REQUIRED,1,,,,,,"8326 N Sendero Tres M Paradise Valley, AZ 85253",
1542,ORDER COMPLETED,ALICE COLLETTE,RESIDENTIAL,,,"Wed, May 27, 2026",,,NOT STARTED,NOT STARTED,NOT STARTED,COMPLETED,COMPLETED,COMPLETED,COMPLETED,RECEIVED,RECEIVED,NOT REQUIRED,NOT REQUIRED,NOT REQUIRED,NOT REQUIRED,17,,,,,,,
1563,ORDER COMPLETED,JIM BUTLER,RESIDENTIAL,,,"Wed, May 27, 2026",,,NOT STARTED,NOT STARTED,NOT STARTED,NOT REQUIRED,NOT REQUIRED,NOT REQUIRED,NOT REQUIRED,NOT REQUIRED,NOT REQUIRED,NOT REQUIRED,NOT REQUIRED,NOT REQUIRED,NOT REQUIRED,0,,,,,,"6720 N Whispering Hills Rd, Paradise Valley, AZ 85253",
1581,ORDER COMPLETED,32 COLOR SAMPLE RINGS,SHOWROOM,,,"Wed, May 27, 2026",,,NOT REQUIRED,NOT REQUIRED,NOT REQUIRED,COMPLETED,COMPLETED,COMPLETED,COMPLETED,RECEIVED,NOT REQUIRED,NOT REQUIRED,NOT REQUIRED,NOT REQUIRED,NOT REQUIRED,3,,,,,,1-SOLANA & 2 SCOTTSDALE,
1557,ORDER COMPLETED,JESSA CURTIS,RESIDENTIAL,,,"Thu, May 28, 2026",,,NOT STARTED,NOT STARTED,NOT STARTED,COMPLETED,COMPLETED,COMPLETED,COMPLETED,RECEIVED,RECEIVED,NOT REQUIRED,NOT REQUIRED,NOT REQUIRED,NOT REQUIRED,,,,,,,,
1568,ORDER COMPLETED,AMANDA WOOD,RESIDENTIAL,,,"Thu, May 28, 2026",,,NOT STARTED,NOT STARTED,NOT REQUIRED,COMPLETED,COMPLETED,COMPLETED,COMPLETED,IN STOCK,RECEIVED,NOT REQUIRED,NOT REQUIRED,NOT REQUIRED,NOT REQUIRED,5,,,,,,"Marks Hanging and Logistics LLC  1525 S 4th Avenue Tucson, AZ 85713 Side Mark - Lai Ramada Furniture",
1587,ORDER COMPLETED,WARR-DAN CHINITZ,WARRANTY,,,"Thu, May 28, 2026",,,NOT REQUIRED,NOT REQUIRED,NOT REQUIRED,COMPLETED,COMPLETED,COMPLETED,COMPLETED,RECEIVED,SAME-NEED,NOT REQUIRED,NOT REQUIRED,NOT REQUIRED,NOT REQUIRED,8,0,0,,,,"5737 E. Hedgehog Place Scottsdale, AZ  85266",
1558,ORDER COMPLETED,HARRY HOBBS (ADD-ON),RESIDENTIAL,,,"Sat, May 30, 2026",,,NOT STARTED,NOT STARTED,NOT STARTED,COMPLETED,COMPLETED,COMPLETED,COMPLETED,RECEIVED,RECEIVED,NOT REQUIRED,NOT REQUIRED,NOT REQUIRED,NOT REQUIRED,,,,,,,,
1592,ORDER COMPLETED,RUSH DEKTON SAMPLES,SHOWROOM,,,"Sat, May 30, 2026",,,NOT REQUIRED,NOT REQUIRED,NOT STARTED,NOT REQUIRED,NOT REQUIRED,NOT REQUIRED,NOT REQUIRED,NOT REQUIRED,NOT REQUIRED,NOT REQUIRED,NOT REQUIRED,NOT REQUIRED,NOT REQUIRED,0,0,3,,,,"15037 N Scottsdale Rd Ste 120, Scottsdale, AZ 85254",
1566,ORDER COMPLETED,CHERYSE MILLER,RESIDENTIAL,,,"Mon, Jun 01, 2026",,,NOT STARTED,NOT STARTED,NOT STARTED,COMPLETED,COMPLETED,COMPLETED,COMPLETED,RECEIVED,RECEIVED,NOT REQUIRED,NOT REQUIRED,NOT REQUIRED,NOT REQUIRED,9,,,,,,"6660 N 39TH WAY , PARADISE VALLEY AZ , 85253",
1471,ORDER COMPLETED,PETE WILVER,RESIDENTIAL,,,"Tue, Jun 02, 2026",,,NOT STARTED,NOT STARTED,NOT STARTED,COMPLETED,COMPLETED,COMPLETED,COMPLETED,RECEIVED,RECEIVED,NOT REQUIRED,NOT REQUIRED,NOT REQUIRED,NOT REQUIRED,7,,,,,,"6510 Painted Valley Pass  Park City, UT 84098",
1574,ORDER COMPLETED,MARTI BERTOLINO,RESIDENTIAL,,,"Wed, Jun 03, 2026",,,NOT STARTED,NOT STARTED,NOT STARTED,COMPLETED,COMPLETED,COMPLETED,COMPLETED,RECEIVED,RECEIVED,NOT REQUIRED,NOT REQUIRED,NOT REQUIRED,NOT REQUIRED,14,,,,,,"437 Marview Dr, SOLANA BEACH,CA",
1584,ORDER COMPLETED,SHARIF MALIHE,RESIDENTIAL,,,"Wed, Jun 03, 2026",,,NOT STARTED,NOT STARTED,NOT STARTED,COMPLETED,COMPLETED,COMPLETED,COMPLETED,RECEIVED,RECEIVED,NOT REQUIRED,NOT REQUIRED,NOT REQUIRED,NOT REQUIRED,16,,,,,,"4832 Fairport Way, SAN DIEGO,CA",
1766,NEW,JULIA NEIL,RESIDENTIAL,,"Wed, Nov 11, 2026","Wed, Nov 11, 2026",NO,NO,NOT STARTED,NOT STARTED,NOT STARTED,NOT STARTED,NOT STARTED,NOT STARTED,NOT STARTED,NEED,SAME PEND &NEW PEND,NOT REQUIRED,NOT REQUIRED,NOT REQUIRED,NOT REQUIRED,67,4,4,,,,10040 E. Happy Valley Road SCOTTSDALE AZ 85255,
1586,ORDER COMPLETED,ROBIN CZAP,RESIDENTIAL,,,"Wed, Jun 03, 2026",,,NOT STARTED,NOT STARTED,NOT STARTED,COMPLETED,COMPLETED,COMPLETED,COMPLETED,RECEIVED,RECEIVED,NOT REQUIRED,NOT REQUIRED,NOT REQUIRED,NOT REQUIRED,10,,,,,,"5011 Circula de Hacienda, LAKE HAVASU",
1557,ORDER COMPLETED,JESSA CURTIS,RESIDENTIAL,,,"Thu, Jun 04, 2026",,,NOT STARTED,NOT STARTED,NOT STARTED,COMPLETED,COMPLETED,COMPLETED,COMPLETED,RECEIVED,RECEIVED,NOT REQUIRED,NOT REQUIRED,NOT REQUIRED,NOT REQUIRED,22,,,,,,6916 E Lomas Verde Dr. Scottsdale 85266,
1588,ORDER COMPLETED,GREG LYON,RESIDENTIAL,,,"Thu, Jun 04, 2026",,,NOT STARTED,NOT STARTED,NOT STARTED,NOT REQUIRED,NOT REQUIRED,NOT REQUIRED,NOT REQUIRED,NOT REQUIRED,NOT REQUIRED,NOT REQUIRED,NOT REQUIRED,NOT REQUIRED,NOT REQUIRED,0,,,,,,"411 sandpiper ln, FARM DESERT CA",
1535,ORDER COMPLETED,BAHAMAS-CHRIS PRICE,REDOING,,,"Mon, Jun 08, 2026",,,NOT STARTED,NOT STARTED,NOT REQUIRED,COMPLETED,COMPLETED,COMPLETED,COMPLETED,RECEIVED,RECEIVED,NOT REQUIRED,NOT REQUIRED,NOT REQUIRED,NOT REQUIRED,8,,,,,,BAHAMAS,
1569,ORDER COMPLETED,JEFF BENCK,RESIDENTIAL,,,"Mon, Jun 08, 2026",,,NOT STARTED,NOT STARTED,NOT STARTED,COMPLETED,COMPLETED,COMPLETED,COMPLETED,RECEIVED,RECEIVED,NOT REQUIRED,NOT REQUIRED,NOT REQUIRED,NOT REQUIRED,8,,,,,,"406 Seabee dr, Naples FL 34108",
1601,ORDER COMPLETED,JANE KELLY REPAIRS,SERVICE FRAMES,,,"Mon, Jun 08, 2026",,,NOT REQUIRED,NOT REQUIRED,NOT REQUIRED,COMPLETED,COMPLETED,COMPLETED,COMPLETED,IN STOCK,RECEIVED,NOT REQUIRED,NOT REQUIRED,NOT REQUIRED,NOT REQUIRED,2,,,,,,"14601 Meravi Drive Bonita Springs, FL  34135",
1595,ORDER COMPLETED,LAURA ROBINSON,RESIDENTIAL,,,"Tue, Jun 09, 2026",,,NOT STARTED,NOT STARTED,NOT REQUIRED,COMPLETED,COMPLETED,COMPLETED,COMPLETED,RECEIVED,RECEIVED,NOT REQUIRED,NOT REQUIRED,NOT REQUIRED,NOT REQUIRED,1,,,,,,"6043 N Camino Preciado  Tucson, AZ 85718",
1570,ORDER COMPLETED,LORI KENDRICK,RESIDENTIAL,,,"Wed, Jun 10, 2026",,,NOT STARTED,NOT STARTED,NOT STARTED,COMPLETED,COMPLETED,COMPLETED,COMPLETED,RECEIVED,RECEIVED,NOT REQUIRED,NOT REQUIRED,NOT REQUIRED,NOT REQUIRED,13,,,,,,12220 N 98th Street 85260,
1599,ORDER COMPLETED,REDO-NEW BEN NANSON,SERVICE,,,"Wed, Jun 10, 2026",,,NOT REQUIRED,NOT REQUIRED,NOT REQUIRED,COMPLETED,COMPLETED,COMPLETED,COMPLETED,RECEIVED,SAME-NEED,NOT REQUIRED,NOT REQUIRED,NOT REQUIRED,NOT REQUIRED,2,,,,,,"9901 N. 51st pl, Paradise Valley, 85253",
1567,ORDER COMPLETED,ROBYN-CHRIS PARK,RESIDENTIAL,,,"Thu, Jun 11, 2026",,,NOT STARTED,NOT STARTED,NOT STARTED,COMPLETED,COMPLETED,COMPLETED,COMPLETED,RECEIVED,RECEIVED,NOT REQUIRED,NOT REQUIRED,NOT REQUIRED,NOT REQUIRED,20,,,,,,"6352 N ARRAYO RD , CAREFREE, AZ",
1590,ORDER COMPLETED,MICHELLE JAO VELASQUEZ,RESIDENTIAL,,,"Fri, Jun 12, 2026",,,NOT STARTED,NOT STARTED,NOT STARTED,COMPLETED,COMPLETED,COMPLETED,COMPLETED,RECEIVED,RECEIVED,NOT REQUIRED,NOT REQUIRED,NOT REQUIRED,NOT REQUIRED,26,,,,,,"5528 E Barwick Drive, Cave Creek, AZ 853317",
1612,ORDER COMPLETED,REDO-MARCIA RITTER,REDOING,,,"Mon, Jun 15, 2026",,,NOT REQUIRED,NOT REQUIRED,NOT REQUIRED,COMPLETED,COMPLETED,COMPLETED,COMPLETED,RECEIVED,RECEIVED,NOT REQUIRED,NOT REQUIRED,NOT REQUIRED,NOT REQUIRED,4,,,,,,,
1575,ORDER COMPLETED,ASHLEY CHAMPAGNE,RESIDENTIAL,,,"Thu, Jun 18, 2026",,,NOT STARTED,NOT STARTED,NOT STARTED,COMPLETED,COMPLETED,COMPLETED,COMPLETED,RECEIVED,RECEIVED,NOT REQUIRED,NOT REQUIRED,NOT REQUIRED,NOT REQUIRED,4,,,,,,"37820 N. 97th Way, SCOTTSDALE, AZ",
1596,ORDER COMPLETED,REDO-PAMM POPP,WARRANTY,,,"Thu, Jun 18, 2026",,,NOT REQUIRED,NOT REQUIRED,NOT REQUIRED,COMPLETED,COMPLETED,COMPLETED,COMPLETED,RECEIVED,SAME-NEED,NOT REQUIRED,NOT REQUIRED,NOT REQUIRED,NOT REQUIRED,5,,,,,,FACTORY PICK-UP,
1600,ORDER COMPLETED,RUSH BO BELL,RESIDENTIAL,,,"Thu, Jun 18, 2026",,,NOT STARTED,NOT STARTED,NOT STARTED,COMPLETED,COMPLETED,COMPLETED,COMPLETED,RECEIVED,RECEIVED,NOT REQUIRED,NOT REQUIRED,NOT REQUIRED,NOT REQUIRED,26,,,,,,"3730 South Bridle Path Flagstaff Ranch Golf Club Flagstaff, Arizona",
1565,ORDER COMPLETED,AMAR TAKHUR,RESIDENTIAL,,,"Fri, Jun 19, 2026",,,NOT STARTED,NOT STARTED,NOT STARTED,COMPLETED,COMPLETED,COMPLETED,COMPLETED,RECEIVED,RECEIVED,NOT REQUIRED,NOT REQUIRED,NOT REQUIRED,NOT REQUIRED,4,,,,,,"304 N SIERRA AVE, SOLANA BEACH CA 92075",
1585,ORDER COMPLETED,JEFF BROWN,RESIDENTIAL,,,"Fri, Jun 19, 2026",,,NOT STARTED,NOT STARTED,NOT STARTED,COMPLETED,COMPLETED,COMPLETED,COMPLETED,RECEIVED,RECEIVED,NOT REQUIRED,NOT REQUIRED,NOT REQUIRED,NOT REQUIRED,8,,,,,,CALIFORNIA,
1423,ORDER COMPLETED,GREG-SUSAN CONGER,WARRANTY,,,"Mon, Jun 22, 2026",,,NOT REQUIRED,NOT REQUIRED,NOT REQUIRED,COMPLETED,COMPLETED,COMPLETED,COMPLETED,RECEIVED,SAME-NEED,NOT REQUIRED,NOT REQUIRED,NOT REQUIRED,NOT REQUIRED,6,0,0,,,,"N 132nd Pl, Scottsdale, AZ 85259, USA",
1553-2,ORDER COMPLETED,OPTIMA CHICAGO FLOOR 6-8,COMMERCIAL,,,"Tue, Jun 23, 2026",,,NOT STARTED,NOT STARTED,NOT STARTED,COMPLETED,COMPLETED,COMPLETED,COMPLETED,RECEIVED,SAME-NEED,NO,NO,NOT REQUIRED,NO,76,,,,,,"220 E. Illinois Street, CHICAGO IL 60611",
1582,ORDER COMPLETED,ANDREW WILD,RESIDENTIAL,,,"Wed, Jun 24, 2026",,,NOT STARTED,NOT STARTED,NOT STARTED,NOT REQUIRED,NOT REQUIRED,NOT REQUIRED,NOT REQUIRED,NOT REQUIRED,NOT REQUIRED,NOT REQUIRED,NOT REQUIRED,NOT REQUIRED,NOT REQUIRED,,,,,,,"18237 N 51st Place, Scottsdale AZ 85254",
1611,ORDER COMPLETED,COVERS-HARRY HOBBS,SERVICE,,,"Wed, Jun 24, 2026",,,NOT REQUIRED,NOT REQUIRED,NOT REQUIRED,NOT REQUIRED,NOT REQUIRED,NOT REQUIRED,NOT REQUIRED,NOT REQUIRED,NOT REQUIRED,x,NOT REQUIRED,NOT REQUIRED,NOT REQUIRED,,,,,,,,
1603,ORDER COMPLETED,YVON GRESSER,RESIDENTIAL,,,"Thu, Jun 25, 2026",,,NOT STARTED,NOT STARTED,NOT STARTED,NOT REQUIRED,NOT REQUIRED,NOT REQUIRED,NOT REQUIRED,NOT REQUIRED,NOT REQUIRED,NOT REQUIRED,NOT REQUIRED,NOT REQUIRED,NOT REQUIRED,,,,,,,"148 Peaceful Spirt, SEDONA AZ",
1609,ORDER COMPLETED,MEGAN KELLY,COMMERCIAL,,,"Wed, Jul 01, 2026",,,NOT STARTED,NOT STARTED,NOT STARTED,COMPLETED,COMPLETED,COMPLETED,COMPLETED,RECEIVED,RECEIVED,x,NOT REQUIRED,NOT REQUIRED,x,17,,,,,,"10276 White Birch St, Presque Isle, MI 49777, USA",
1602,ORDER COMPLETED,RONALD NISSON,RESIDENTIAL,,,"Fri, Jul 03, 2026",,,NOT STARTED,NOT STARTED,NOT STARTED,COMPLETED,COMPLETED,COMPLETED,COMPLETED,RECEIVED,RECEIVED,x,NOT REQUIRED,NOT REQUIRED,NOT REQUIRED,10,,,,,,"1550 Museum Drive Highland Park , Illinois 60035",
1625,ORDER COMPLETED,JENNY BAGIOLI,CANCELLED,,,"Fri, Jul 10, 2026",,,NOT STARTED,NOT STARTED,NOT STARTED,NOT STARTED,NOT STARTED,NOT STARTED,NOT STARTED,ORDERED,NOT ORDERED,NOT REQUIRED,NOT REQUIRED,NOT REQUIRED,NOT REQUIRED,,,,,,,"5902 E Foothill Drive North, Paradise Valley 85253",
1636,ORDER COMPLETED,RANDEE WATERS,COVERS,,,"Thu, Jul 30, 2026",,,NOT REQUIRED,NOT REQUIRED,NOT REQUIRED,NOT REQUIRED,NOT REQUIRED,NOT REQUIRED,NOT REQUIRED,NOT REQUIRED,NOT REQUIRED,x,NOT REQUIRED,NOT REQUIRED,NOT REQUIRED,0,,0,,,,10867 E Laurel Ln Scottsdale AZ 85259,
1408,ORDER COMPLETED,WARR-JEREMY BROWN,RESIDENTIAL,,,"Thu, Dec 03, 2026",,,NOT REQUIRED,NOT REQUIRED,NOT STARTED,NOT REQUIRED,NOT REQUIRED,NOT REQUIRED,NOT REQUIRED,NOT REQUIRED,NOT REQUIRED,NOT REQUIRED,NOT REQUIRED,NOT REQUIRED,NOT REQUIRED,0,0,,,,,,
1431,ORDER COMPLETED,LESLEY MCCULLEY-DINING TABLE,RESIDENTIAL,,,"Fri, Dec 11, 2026",,,NOT STARTED,NOT STARTED,NOT STARTED,NOT REQUIRED,NOT REQUIRED,NOT REQUIRED,NOT REQUIRED,NOT REQUIRED,NOT REQUIRED,NOT REQUIRED,NOT REQUIRED,NOT REQUIRED,NOT REQUIRED,0,,,,,,"6428 East Red Bird Road Scottsdale, AZ  85266",
1782,NEW,RAELYNE & DARRYL WALKER,RESIDENTIAL,,"Wed, Nov 25, 2026","Wed, Nov 25, 2026",NO,NA,NOT STARTED,NOT STARTED,NOT REQUIRED,NOT STARTED,NOT STARTED,NOT STARTED,NOT STARTED,NEED,NEED,NOT REQUIRED,NOT REQUIRED,NOT REQUIRED,NOT REQUIRED,,,,,,,"8461 E Lockwood Ave, Mesa, AZ 85207",
1734,NEW,HOPE BRICK,SERVICE-WARRANT,,HOLD,HOLD,NO,NO,NOT REQUIRED,NOT REQUIRED,NOT REQUIRED,NOT STARTED,NOT STARTED,NOT STARTED,NOT STARTED,ISSUE,SAME NEED,NOT REQUIRED,NOT REQUIRED,NOT REQUIRED,NOT REQUIRED,25,0,0,0.97,0,0,"11064 E Bent Tree Dr, Scottsdale, AZ 85262, USA",
1491,NEW,KONA RE-DOING-GENCUSH,COMMERCIAL,,HOLD,HOLD,NO,NA,NOT REQUIRED,NOT REQUIRED,NOT REQUIRED,NOT STARTED,NOT STARTED,NOT STARTED,NOT REQUIRED,RECEIVED,NOT REQUIRED,NOT REQUIRED,NOT REQUIRED,NOT REQUIRED,NOT REQUIRED,20,0,0,0,0,0,"72-300 Maheawalu Drive, Kailua-Kona HI 96740 SHIP",
1632,NEW,LINDA FRIESER,SERVICE-WARRANT,,HOLD,HOLD,NO,NO,NOT REQUIRED,NOT REQUIRED,NOT REQUIRED,NOT STARTED,NOT STARTED,NOT STARTED,NOT STARTED,RECEIVED,SAME NEED,NOT REQUIRED,NOT REQUIRED,NOT REQUIRED,NOT REQUIRED,0,0,0,0,0,0,FACTORY DROP OFF / PICK UP,
1676,NEW,TAMMY BONE,RESIDENTIAL,,HOLD,HOLD,NO,NA,NOT STARTED,NOT STARTED,NOT STARTED,NOT STARTED,NOT STARTED,NOT STARTED,NOT STARTED,RECEIVED,NEED,NEED,NOT REQUIRED,NOT REQUIRED,RECEIVED,4,20,7,0.38,0.38,0.21,7167 E Rancho Vista Driuve #1012,
1666,READY FOR DELIVERY,STEVEN STUDENT - SHOWROOM FURNITURE,RESIDENTIAL,8/20/2026,HOLD,HOLD,NO,YES,COMPLETED,COMPLETED,COMPLETED,NOT REQUIRED,NOT REQUIRED,NOT REQUIRED,NOT REQUIRED,NOT REQUIRED,NOT REQUIRED,RECEIVED,NOT REQUIRED,NOT REQUIRED,RECEIVED,0,1,3,0,2,8,"11922 E Cavedale Dr, Scottsdale, AZ 85262",
1712,READY FOR DELIVERY,SUZANNE HIPPEL,RESIDENTIAL,,HOLD,HOLD,NO,NO,NOT REQUIRED,NOT REQUIRED,NOT REQUIRED,NOT REQUIRED,NOT REQUIRED,NOT REQUIRED,NOT REQUIRED,NOT REQUIRED,NOT REQUIRED,NOT REQUIRED,NOT REQUIRED,NOT REQUIRED,NOT REQUIRED,0,0,0,0,0,0,"4323 E. Upper Ridge Way, Paradise Valley, Az ",
1175,ORDER COMPLETED,"ZACH BUCKHARDT, SCOTTSDALE QUARTER",DONE,,,cancelled,,,HOLD,NOT STARTED,NOT STARTED,NOT STARTED,NOT STARTED,NOT STARTED,,RECEIVED,RECEIVED,NOT REQUIRED,NOT REQUIRED,NOT REQUIRED,NOT REQUIRED,3,5,5,,,,", , , ,",
1479,ORDER COMPLETED,SOLANA BEACH SHOW 2/20,SHOWROOM FLOOR,,,CANCELLED,,,NOT REQUIRED,NOT REQUIRED,NOT REQUIRED,IN PROGRESS,NOT STARTED,NOT STARTED,NOT STARTED,RECEIVED,NOT REQUIRED,NOT REQUIRED,NOT REQUIRED,NOT REQUIRED,NOT REQUIRED,9,0,0,,,,"312 S. Cedros Ave. Ste. 180 Solana Beach, CA 92075",
1293,ORDER COMPLETED,ERIC THOMPSON,WARRANTY JOB,,,cancelled?,,,NOT REQUIRED,NOT REQUIRED,NOT REQUIRED,COMPLETED,COMPLETED,COMPLETED,,COMPLETED,COMPLETED,NOT REQUIRED,NOT REQUIRED,NOT REQUIRED,NOT REQUIRED,8,0,0,,,,"875 W FAIRWAY DR, CHANDLER, AZ 85225",
1308,ORDER COMPLETED,WENDY BELIKOFF,WARRANTY JOB,,,cancelled?,,,NOT REQUIRED,NOT STARTED,NOT REQUIRED,NOT REQUIRED,NOT REQUIRED,NOT REQUIRED,,NOT REQUIRED,NOT REQUIRED,NOT REQUIRED,NOT REQUIRED,NOT REQUIRED,NOT REQUIRED,0,1,0,,,,2668 E Kingbird Ct 85297 GILBERT AZ,
263,ORDER COMPLETED,"BARAVADA, ATLAS",,,,,,,COMPLETED,COMPLETED,NOT REQUIRED,COMPLETED,,,,,,NOT REQUIRED,NOT REQUIRED,NOT REQUIRED,NOT REQUIRED,,2,,,,,", , , ,",
287,ORDER COMPLETED,"GARCIA, JON",,,,,,,COMPLETED,COMPLETED,COMPLETED,COMPLETED,,,,,,NOT REQUIRED,NOT REQUIRED,NOT REQUIRED,NOT REQUIRED,12,9,3,,,,", , , ,",
316,ORDER COMPLETED,"POTHIER, SHAWNI",,,,,,,NOT REQUIRED,NOT REQUIRED,NOT REQUIRED,SEW END,,,,,,NOT REQUIRED,NOT REQUIRED,NOT REQUIRED,NOT REQUIRED,,2,,,,,"2826 E. Sierra Madre Court, Gilbert AZ 85296, , GILBERT, 85296, Arizona",
338,ORDER COMPLETED,"Optima 7180, optima",,,,,,,NOT REQUIRED,NOT REQUIRED,NOT REQUIRED,NOT STARTED,,,,,,NOT REQUIRED,NOT REQUIRED,NOT REQUIRED,NOT REQUIRED,,,,,,,", , , ,",
339,ORDER COMPLETED,"& Chantel, Grady",,,,,,,NOT REQUIRED,NOT REQUIRED,NOT REQUIRED,COMPLETED,,,,,,NOT REQUIRED,NOT REQUIRED,NOT REQUIRED,NOT REQUIRED,,,,,,,"15037 N Scottsdale Rd, unit 120, Scottsdale, 85254, Arizona",
352,ORDER COMPLETED,"CLAUSEN, KEITH",,,,,,,COMPLETED,COMPLETED,COMPLETED,COMPLETED,,,,,,NOT REQUIRED,NOT REQUIRED,NOT REQUIRED,NOT REQUIRED,26,22,8,,,,"29648 N PUEBLO BLVD, , RIO VERDE, 85263, Arizona",
355,ORDER COMPLETED,"UNIAT, LOIS",,,,,,,NOT REQUIRED,NOT REQUIRED,NOT REQUIRED,NOT STARTED,,,,,,NOT REQUIRED,NOT REQUIRED,NOT REQUIRED,NOT REQUIRED,,,,,,,"14324 E. HARMONY LANE, , FOUNTAIN HILLS, , Arizona",
357,ORDER COMPLETED,"BALDWIN, ANNIE",,,,,,,COMPLETED,COMPLETED,COMPLETED,COMPLETED,,,,,,NOT REQUIRED,NOT REQUIRED,NOT REQUIRED,NOT REQUIRED,,4,,,,,"5503 Beechwood Terrace, , West Des Moines, 50266, Iowa",
370,ORDER COMPLETED,"KILIAN, STEVE & DEBBIE",,,,,,,,,,,,,,,,NOT REQUIRED,NOT REQUIRED,NOT REQUIRED,NOT REQUIRED,,,,,,,,
374,ORDER COMPLETED,"Jakobsen, Bryan",,,,,,,NOT REQUIRED,NOT REQUIRED,NOT REQUIRED,COMPLETED,,,,,,NOT REQUIRED,NOT REQUIRED,NOT REQUIRED,NOT REQUIRED,,,,,,,,
376,ORDER COMPLETED,"HAGHI, ALI & KERRI",,,,,,,COMPLETED,COMPLETED,COMPLETED,SEW END,,,,,,NOT REQUIRED,NOT REQUIRED,NOT REQUIRED,NOT REQUIRED,12,7,1,,,,", , , , Nevada",
383,ORDER COMPLETED,"HEIST, KATHY & JEFF",,,,,,,NOT REQUIRED,NOT REQUIRED,COMPLETED,NOT REQUIRED,,,,,,NOT REQUIRED,NOT REQUIRED,NOT REQUIRED,NOT REQUIRED,,,,,,,"25150 N WINOY WALK DR # 22, , SCOTTSDALE, 85255, Arizona",
1632,ORDER COMPLETED,LINDA FRIESER,WARRANTY,7/9/2026,HOLD,HOLD,NO,NO,NOT REQUIRED,NOT REQUIRED,NOT REQUIRED,NOT STARTED,NOT STARTED,NOT STARTED,NOT STARTED,RECEIVED,SAME-NEED,NOT REQUIRED,NOT REQUIRED,NOT REQUIRED,NOT REQUIRED,12,,0,,,,DROP & PICK AT FACTORY,
407,ORDER COMPLETED,"Deremer, Shawn & Lori",,,,,,,NOT REQUIRED,NOT REQUIRED,NOT REQUIRED,NOT STARTED,,,,,,NOT REQUIRED,NOT REQUIRED,NOT REQUIRED,NOT REQUIRED,24,0,0,,,,"15651 E PALATIAL DR, , Fountain Hills, 85268, Arizona",
431,ORDER COMPLETED,"ERICA, (TEXAS )",,,,,,,COMPLETED,COMPLETED,COMPLETED,COMPLETED,,,,,,NOT REQUIRED,NOT REQUIRED,NOT REQUIRED,NOT REQUIRED,12,9,2,,,,", , , ,",
1630,ORDER COMPLETED,GREGG LYON ,SERVICE,,HOLD,HOLD,NO,NA,NOT REQUIRED,NOT REQUIRED,NOT REQUIRED,NOT REQUIRED,NOT REQUIRED,NOT REQUIRED,NOT REQUIRED,NOT REQUIRED,NOT REQUIRED,NOT REQUIRED,NOT REQUIRED,NOT REQUIRED,NOT REQUIRED,0,,0,,,,"411 Sandpiper St, Palm Desert, CA 92260, USA",
437,ORDER COMPLETED,"EISENBERG, DAVID & TERRY",,,,,,,COMPLETED,COMPLETED,COMPLETED,COMPLETED,,,,,,NOT REQUIRED,NOT REQUIRED,NOT REQUIRED,NOT REQUIRED,2,1,1,,,,", , MARANA, , Arizona",
439,ORDER COMPLETED,"Lester, Kay",,,,,,,NOT REQUIRED,NOT REQUIRED,NOT REQUIRED,COMPLETED,,,,,,NOT REQUIRED,NOT REQUIRED,NOT REQUIRED,NOT REQUIRED,20,0,0,,,,"Casita Altas 708 Villas del Mar, Fraccionamiento Palmilla KM 27.5, San Jose del Cabo, BCS 23405, MEXICO,",
446,ORDER COMPLETED,"HARTFORD, CHRIS",,,,,,,NOT REQUIRED,NOT REQUIRED,NOT REQUIRED,COMPLETED,,,,,,NOT REQUIRED,NOT REQUIRED,NOT REQUIRED,NOT REQUIRED,4,0,0,,,,"7728 E Tardes Dr, , Scottsdale, AZ, 85255, Arizona",
450,ORDER COMPLETED,"Scottsdale, Showroom",,,,,,,NOT STARTED,NOT STARTED,NOT STARTED,NOT STARTED,,,,,,NOT REQUIRED,NOT REQUIRED,NOT REQUIRED,NOT REQUIRED,4,1,2,,,,"15037 n Scottsdale Rd., , Scottsdale, 85254, Arizona",
453,ORDER COMPLETED,"Scottsdale, Showroom",,,,,,,COMPLETED,COMPLETED,NOT REQUIRED,COMPLETED,,,,,,NOT REQUIRED,NOT REQUIRED,NOT REQUIRED,NOT REQUIRED,1,1,0,,,,"15037 n Scottsdale Rd., , Scottsdale, 85254, Arizona",
457,ORDER COMPLETED,"GRIFFITH, DARRIS",,,,,,,NOT REQUIRED,NOT REQUIRED,NOT REQUIRED,COMPLETED,,,,,,NOT REQUIRED,NOT REQUIRED,NOT REQUIRED,NOT REQUIRED,,0,,,,,"5690 E CANYON CREEK CIR, , CAVE CREEK, , Arizona",
465,ORDER COMPLETED,"DOUGLAS, LAURENE",,,,,,,COMPLETED,NOT STARTED,NOT STARTED,NOT STARTED,,,,,,NOT REQUIRED,NOT REQUIRED,NOT REQUIRED,NOT REQUIRED,16,13,4,,,,"189 GAMBLE WAY, , SNOWMASS VILLAGE, 81615, Colorado",
469,ORDER COMPLETED,"Angie, Benzing",,,,,,,NOT REQUIRED,NOT REQUIRED,NOT REQUIRED,COMPLETED,,,,,,NOT REQUIRED,NOT REQUIRED,NOT REQUIRED,NOT REQUIRED,,,,,,,"5046 E Hern Rd, , Scottsdale, 85254, Arizona",
477,ORDER COMPLETED,"Adebekun, Derin",,,,,,,NOT REQUIRED,NOT STARTED,NOT STARTED,NOT STARTED,,,,,,NOT REQUIRED,NOT REQUIRED,NOT REQUIRED,NOT REQUIRED,,0,,,,,"3490 East Tiffany Way, , Gilbert, 85298, Arizona",
480,ORDER COMPLETED,"HAGHI, ALI & KERRI",,,,,,,NOT STARTED,NOT STARTED,NOT STARTED,NOT STARTED,,,,,,NOT REQUIRED,NOT REQUIRED,NOT REQUIRED,NOT REQUIRED,13,9,2,,,,", , , , Nevada",
481,ORDER COMPLETED,"NEIL, DIANE",,,,,,,NOT REQUIRED,NOT REQUIRED,NOT REQUIRED,COMPLETED,,,,,,NOT REQUIRED,NOT REQUIRED,NOT REQUIRED,NOT REQUIRED,,0,,,,,"11923 E Cavedale Dr, , SCOTTSDALE, 85262, Arizona",
484,ORDER COMPLETED,"Forsberg, Clay",,,,,,,NOT REQUIRED,NOT REQUIRED,NOT REQUIRED,COMPLETED,,,,,,NOT REQUIRED,NOT REQUIRED,NOT REQUIRED,NOT REQUIRED,0,0,0,,,,"3811 N 64th St, , Scottsdale, 85251, Arizona",
486,ORDER COMPLETED,"Agne, Cadie",,,,,,,NOT STARTED,NOT STARTED,NOT STARTED,NOT STARTED,,,,,,NOT REQUIRED,NOT REQUIRED,NOT REQUIRED,NOT REQUIRED,3,3,2,,,,", , , ,",
490,ORDER COMPLETED,"Forsberg, Clay",,,,,,,NOT REQUIRED,NOT REQUIRED,NOT REQUIRED,COMPLETED,,,,,,NOT REQUIRED,NOT REQUIRED,NOT REQUIRED,NOT REQUIRED,,0,,,,,"3811 N 64th St, , Scottsdale, 85251, Arizona",
492,ORDER COMPLETED,"clyde, summet",,,,,,,NOT STARTED,NOT STARTED,NOT STARTED,NOT STARTED,,,,,,NOT REQUIRED,NOT REQUIRED,NOT REQUIRED,NOT REQUIRED,6,5,9,,,,"526 W Rio Grande Dr, , CHANDLER, , Arizona",
493,ORDER COMPLETED,"CRACIUN, CAMELA",,,,,,,NOT REQUIRED,NOT REQUIRED,NOT REQUIRED,NOT STARTED,,,,,,NOT REQUIRED,NOT REQUIRED,NOT REQUIRED,NOT REQUIRED,,0,0,,,,"6547 W Gold Mountain Pass, gate: #1978, Phoenix, , Arizona",
496,ORDER COMPLETED,"LU, MARY",,,,,,,NOT REQUIRED,NOT REQUIRED,NOT REQUIRED,COMPLETED,,,,,,NOT REQUIRED,NOT REQUIRED,NOT REQUIRED,NOT REQUIRED,,,,,,,"10902 E Michigan Ave, , Sun Lakes, 85248, Arizona",
498,ORDER COMPLETED,"Nelson, Julie and Eric",,,,,,,NOT REQUIRED,NOT REQUIRED,NOT REQUIRED,NOT STARTED,,,,,,NOT REQUIRED,NOT REQUIRED,NOT REQUIRED,NOT REQUIRED,,,,,,,"3834 E Whitton Avenue, , Phoenix, 85018, Arizona",
518,ORDER COMPLETED,"JONES, MARY LU",,,,,,,NOT STARTED,NOT STARTED,NOT REQUIRED,NOT STARTED,,,,,,NOT REQUIRED,NOT REQUIRED,NOT REQUIRED,NOT REQUIRED,,,,,,,"10902 E MICHIGAN AVE, , SUN LAKES, 85248, Arizona",
519,ORDER COMPLETED,"SWITZER, CARI",,,,,,,COMPLETED,COMPLETED,COMPLETED,NOT REQUIRED,,,,,,NOT REQUIRED,NOT REQUIRED,NOT REQUIRED,NOT REQUIRED,,,,,,,"33 St Finnbar Farm Rd, , Carbondale, 81623, Colorado",
522,ORDER COMPLETED,"Logan, Liz",,,,,,,NOT STARTED,NOT STARTED,NOT STARTED,NOT STARTED,,,,,,NOT REQUIRED,NOT REQUIRED,NOT REQUIRED,NOT REQUIRED,37,32,13,,,,,
523,ORDER COMPLETED,"Sprenger, Deanne",,,,,,,NOT REQUIRED,NOT REQUIRED,NOT REQUIRED,NOT STARTED,,,,,,NOT REQUIRED,NOT REQUIRED,NOT REQUIRED,NOT REQUIRED,,0,,,,,,
528,ORDER COMPLETED,"Cole, Andrew",,,,,,,NOT STARTED,NOT STARTED,NOT STARTED,NOT STARTED,,,,,,NOT REQUIRED,NOT REQUIRED,NOT REQUIRED,NOT REQUIRED,,,,,,,", , , ,",
531,ORDER COMPLETED,"TOBEY, CHRIS",,,,,,,NOT REQUIRED,NOT STARTED,NOT REQUIRED,NOT REQUIRED,,,,,,NOT REQUIRED,NOT REQUIRED,NOT REQUIRED,NOT REQUIRED,0,,0,,,,"5508 S 106TH PLACE, , MESA, , Arizona",
533,ORDER COMPLETED,"Kavich, Jeff / DONNA KUSH",,,,,,,NOT STARTED,NOT STARTED,NOT STARTED,NOT STARTED,,,,,,NOT REQUIRED,NOT REQUIRED,NOT REQUIRED,NOT REQUIRED,14,12,0,,,,"4001 S 173rd Circle, , Omaha, 68130, Nebraska",
534,ORDER COMPLETED,"Barton, Francine",,,,,,,NOT STARTED,NOT STARTED,NOT STARTED,NOT STARTED,,,,,,NOT REQUIRED,NOT REQUIRED,NOT REQUIRED,NOT REQUIRED,10,4,0,,,,,
536,ORDER COMPLETED,"Karras, Peter",,,,,,,NOT STARTED,NOT STARTED,NOT STARTED,NOT STARTED,,,,,,NOT REQUIRED,NOT REQUIRED,NOT REQUIRED,NOT REQUIRED,6,3,1,,,,"5842 East Sharon Drive, , Scottsdale, 85254, Arizona",
537,ORDER COMPLETED,"Volini, Erica",,,,,,,NOT STARTED,NOT STARTED,NOT STARTED,NOT STARTED,,,,,,NOT REQUIRED,NOT REQUIRED,NOT REQUIRED,NOT REQUIRED,17,11,2,,,,"24483 North 124th Street, , Scottsdale, 85255, Arizona",
538,ORDER COMPLETED,"Styers, Kurt",,,,,,,NOT STARTED,NOT STARTED,NOT STARTED,NOT STARTED,,,,,,NOT REQUIRED,NOT REQUIRED,NOT REQUIRED,NOT REQUIRED,20,15,3,,,,"3045 East Los Altos Court, , Gilbert, 85297,",
539,ORDER COMPLETED,"DELUCA, AMENA",,,,,,,NOT REQUIRED,NOT REQUIRED,NOT REQUIRED,NOT STARTED,,,,,,NOT REQUIRED,NOT REQUIRED,NOT REQUIRED,NOT REQUIRED,6,0,0,,,,"6001 E MOUNTAIN VIEW RD, , PARADISE VALLEY, 85253, Arizona",
540,ORDER COMPLETED,"Lava, Adam",,,,,,,NOT REQUIRED,NOT REQUIRED,NOT REQUIRED,NOT STARTED,,,,,,NOT REQUIRED,NOT REQUIRED,NOT REQUIRED,NOT REQUIRED,4,0,0,,,,"25108 N 107th way, , Scottsdale, 85255, Arizona",
543,ORDER COMPLETED,"Sidelinger, Paige",,,,,,,NOT STARTED,NOT STARTED,NOT STARTED,NOT STARTED,,,,,,NOT REQUIRED,NOT REQUIRED,NOT REQUIRED,NOT REQUIRED,4,1,1,,,,"165 Verde Valley School Rd, Unit 26, Sedona, 86351, Arizona",
544,ORDER COMPLETED,"Vartughian, Eddie",,,,,,,NOT STARTED,NOT STARTED,ISSUE,NOT STARTED,,,,,,NOT REQUIRED,NOT REQUIRED,NOT REQUIRED,NOT REQUIRED,48,33,10,,,,"6110 East Alta Hacienda Drive, , Scottsdale, 85251, Arizona",
546,ORDER COMPLETED,"Pinazza, Buddy",,,,,,,NOT STARTED,NOT STARTED,NOT STARTED,NOT STARTED,,,,,,NOT REQUIRED,NOT REQUIRED,NOT REQUIRED,NOT REQUIRED,23,17,4,,,,"6408 East Lomas Verdes Drive, , Scottsdale, 85266, Arizona",
547,ORDER COMPLETED,"Wolyn, Anna & Gregg",,,,,,,NOT STARTED,NOT STARTED,NOT STARTED,NOT STARTED,,,,,,NOT REQUIRED,NOT REQUIRED,NOT REQUIRED,NOT REQUIRED,17,10,2,,,,"3017 E Juan Tabo Rd, , Scottsdale, 85255, Arizona",
548,ORDER COMPLETED,"Kubkr, Ryan",,,,,,,NOT STARTED,NOT STARTED,NOT STARTED,NOT STARTED,,,,,,NOT REQUIRED,NOT REQUIRED,NOT REQUIRED,NOT REQUIRED,7,5,0,,,,", , , ,",
549,ORDER COMPLETED,"ROSENBERG, CHARLES & RENIE",,,,,,,NOT REQUIRED,NOT REQUIRED,NOT STARTED,NOT REQUIRED,,,,,,NOT REQUIRED,NOT REQUIRED,NOT REQUIRED,NOT REQUIRED,,,,,,,"5250 E DEER VALLY RD, , SCOTTSDALE, ,",
550,ORDER COMPLETED,"ELLIS, SHEILA & GEORGE",,,,,,,NOT REQUIRED,NOT REQUIRED,NOT REQUIRED,NOT STARTED,,,,,,NOT REQUIRED,NOT REQUIRED,NOT REQUIRED,NOT REQUIRED,,0,,,,,"1780 W INDSONG DR, , BRENTWOOD, 37027, Tennessee",
551,ORDER COMPLETED,"Shuler, Scott",,,,,,,NOT STARTED,NOT STARTED,NOT STARTED,NOT STARTED,,,,,,NOT REQUIRED,NOT REQUIRED,NOT REQUIRED,NOT REQUIRED,43,31,10,,,,"42077 North 97th Way, , Scottsdale, 85262, Arizona",
552,ORDER COMPLETED,"Ackerman, Wendy",,,,,,,NOT STARTED,NOT STARTED,NOT REQUIRED,NOT REQUIRED,,,,,,NOT REQUIRED,NOT REQUIRED,NOT REQUIRED,NOT REQUIRED,0,1,0,,,,"21641 N 59TH ST, , Phoenix, 85054, Arizona",
553,ORDER COMPLETED,"SALLAY, PETER",,,,,,,NOT STARTED,NOT STARTED,NOT STARTED,NOT STARTED,,,,,,NOT REQUIRED,NOT REQUIRED,NOT REQUIRED,NOT REQUIRED,4,4,2,,,,"10591 Pete Dye Ridge, , Zionsville, 46077, Indiana",
554,ORDER COMPLETED,"Nelli, Sturwold",,,,,,,NOT STARTED,NOT STARTED,NOT STARTED,NOT STARTED,,,,,,NOT REQUIRED,NOT REQUIRED,NOT REQUIRED,NOT REQUIRED,22,18,4,,,,"4632 E Cochise Rd, , Phoenix, 85028, Arizona",
555,ORDER COMPLETED,"MCGUIRE, JIM",,,,,,,NOT STARTED,NOT STARTED,NOT STARTED,NOT REQUIRED,,,,,,NOT REQUIRED,NOT REQUIRED,NOT REQUIRED,NOT REQUIRED,0,1,1,,,,,
556,ORDER COMPLETED,"COLE, AMY & ANDREW",,,,,,,NOT STARTED,NOT STARTED,NOT STARTED,NOT REQUIRED,,,,,,NOT REQUIRED,NOT REQUIRED,NOT REQUIRED,NOT REQUIRED,,,,,,,"1065 Meadowbrok Lane, , Deerfield, 60015, Illinois",
557,ORDER COMPLETED,"Kadkhodaian, Pooria",,,,,,,NOT STARTED,NOT STARTED,NOT STARTED,NOT STARTED,,,,,,NOT REQUIRED,NOT REQUIRED,NOT REQUIRED,NOT REQUIRED,,,,,,,"28516 N Summit Springs Rd, , Rio Verde, 85263, Arizona",
558,ORDER COMPLETED,"KITTLESON, KELSEY",,,,,,,NOT REQUIRED,NOT REQUIRED,NOT REQUIRED,NOT STARTED,,,,,,NOT REQUIRED,NOT REQUIRED,NOT REQUIRED,NOT REQUIRED,,,,,,,"7418 E CHOLLA LN, , SCOTTSDALE, 85250, Arizona",
559,ORDER COMPLETED,"WATSON, PAUL",,,,,,,NOT REQUIRED,NOT REQUIRED,NOT REQUIRED,NOT STARTED,,,,,,NOT REQUIRED,NOT REQUIRED,NOT REQUIRED,NOT REQUIRED,,,,,,,"2310 E WHITTON AVE, , Phoenix, , Arizona",
564,ORDER COMPLETED,"Kunz, Austin",,,,,,,NOT REQUIRED,NOT REQUIRED,COMPLETED,NOT REQUIRED,,,,,,NOT REQUIRED,NOT REQUIRED,NOT REQUIRED,NOT REQUIRED,,,,,,,"6442 E Lowden Rd, , Cave Creek, 85331, Arizona",
567,ORDER COMPLETED,"DELUCA, AMENA",,,,,,,NOT STARTED,NOT STARTED,NOT STARTED,NOT STARTED,,,,,,NOT REQUIRED,NOT REQUIRED,NOT REQUIRED,NOT REQUIRED,,,,,,,"6001 E MOUNTAIN VIEW RD, , PARADISE VALLEY, 85253, Arizona",
575,ORDER COMPLETED,"Jessica, Hatch",,,,,,,NOT REQUIRED,NOT REQUIRED,NOT REQUIRED,COMPLETED,,,,,,NOT REQUIRED,NOT REQUIRED,NOT REQUIRED,NOT REQUIRED,,,,,,,", , , ,",
584,ORDER COMPLETED,"WEINSTEIN, RICKI",,,,,,,NOT REQUIRED,NOT REQUIRED,COMPLETED,NOT REQUIRED,,,,,,NOT REQUIRED,NOT REQUIRED,NOT REQUIRED,NOT REQUIRED,,,,,,,"12488 N PLACITA EL COBO, , ORO VALLEY, , Arizona",
586,ORDER COMPLETED,"& Nancy, Ken",,,,,,,NOT STARTED,NOT STARTED,NOT STARTED,COMPLETED,,,,,,NOT REQUIRED,NOT REQUIRED,NOT REQUIRED,NOT REQUIRED,,,,,,,"7755 E San Fernando Dr, Gate Code: #2350, Scottsdale, 85255, Arizona",
592,ORDER COMPLETED,"Lenberg, Jaime",,,,,,,NOT STARTED,NOT STARTED,NOT STARTED,ISSUE,,,,,,NOT REQUIRED,NOT REQUIRED,NOT REQUIRED,NOT REQUIRED,,,,,,,"801 E Acoma Dr, , Phoenix, 85022, Arizona",
596,ORDER COMPLETED,"Wilhelm, Anna",,,,,,,NOT STARTED,NOT STARTED,NOT STARTED,COMPLETED,,,,,,NOT REQUIRED,NOT REQUIRED,NOT REQUIRED,NOT REQUIRED,,,,,,,", , , ,",
600,ORDER COMPLETED,"Chinitz, Tricia",,,,,,,COMPLETED,COMPLETED,COMPLETED,,,,,,,NOT REQUIRED,NOT REQUIRED,NOT REQUIRED,NOT REQUIRED,,,,,,,"5737 E Hedgehog Pl, Gate code: #5437, Scottsdale, 85266, Arizona",
604,ORDER COMPLETED,"CAROLL, DAVID",,,,,,,NOT STARTED,NOT STARTED,NOT STARTED,ISSUE,,,,,,NOT REQUIRED,NOT REQUIRED,NOT REQUIRED,NOT REQUIRED,,,,,,,"19702 W. MULBERRY DR, , BUCKEYE, 85396, Arizona",
605,ORDER COMPLETED,"JAYARAMAN, ARUN",,,,,,,NOT STARTED,NOT STARTED,NOT STARTED,ISSUE,,,,,,NOT REQUIRED,NOT REQUIRED,NOT REQUIRED,NOT REQUIRED,,,,,,,"5601 E Montecito Ave, , Phoenix, 85018, Arizona",
607,ORDER COMPLETED,"BLOEBAUM, AMY",,,,,,,NOT STARTED,NOT STARTED,NOT STARTED,ISSUE,,,,,,NOT REQUIRED,NOT REQUIRED,NOT REQUIRED,NOT REQUIRED,,,,,,,", , , , Arizona",
609,ORDER COMPLETED,"Cosgrove, Courtney",,,,,,,NOT REQUIRED,NOT REQUIRED,NOT STARTED,NOT REQUIRED,,,,,,NOT REQUIRED,NOT REQUIRED,NOT REQUIRED,NOT REQUIRED,,,,,,,"6637 E. Lincoln Dr, , Paradise Vally, 85253, Arizona",
655,ORDER COMPLETED,"Lester, Kay",,,,,,,NOT STARTED,NOT STARTED,NOT STARTED,COMPLETED,,,,,,NOT REQUIRED,NOT REQUIRED,NOT REQUIRED,NOT REQUIRED,,,,,,,"Casita Altas 708 Villas del Mar, Fraccionamiento Palmilla KM 27.5, San Jose del Cabo, BCS 23405, MEXICO,",
665,ORDER COMPLETED,"Mansueto, Lisa",,,,,,,COMPLETED,COMPLETED,,COMPLETED,,,,,,NOT REQUIRED,NOT REQUIRED,NOT REQUIRED,NOT REQUIRED,,,,,,,"1709 W Glacier Way, Gate code #0615, Chandler, 85248, Arizona",
710,ORDER COMPLETED,"Kadkhodaian, Pooria",,,,,,,NOT STARTED,NOT STARTED,NOT STARTED,NOT STARTED,,,,,,NOT REQUIRED,NOT REQUIRED,NOT REQUIRED,NOT REQUIRED,,,,,,,"28516 N Summit Springs Rd, , Rio Verde, 85263, Arizona",
739,ORDER COMPLETED,"Dimuzio, Bobbi",,,,,,,NOT STARTED,NOT STARTED,NOT STARTED,COMPLETED,,,,,,NOT REQUIRED,NOT REQUIRED,NOT REQUIRED,NOT REQUIRED,,,,,,,", , , ,",
767,ORDER COMPLETED,,,,,,,,NOT STARTED,NOT STARTED,NOT STARTED,NOT STARTED,,,,,,NOT REQUIRED,NOT REQUIRED,NOT REQUIRED,NOT REQUIRED,,,,,,,,
873,ORDER COMPLETED,"Scottsdale, Showroom",COMMERCIAL,,,,,,COMPLETED,COMPLETED,COMPLETED,COMPLETED,CORTE,,,DONE,DONE,NOT REQUIRED,NOT REQUIRED,NOT REQUIRED,NOT REQUIRED,24,33,9,,,,"15037 n Scottsdale Rd., , Scottsdale, 85254, Arizona",
920,ORDER COMPLETED,"Chinitz, Tricia",WARRANTY JOB,,,,,,NOT REQUIRED,NOT REQUIRED,NOT REQUIRED,COMPLETED,CORTE,,,DONE,NOT REQUIRED,NOT REQUIRED,NOT REQUIRED,NOT REQUIRED,NOT REQUIRED,8,0,0,,,,"5737 E Hedgehog Pl, Gate code: #5437, Scottsdale, 85266, Arizona",
1037,ORDER COMPLETED,"Logan, Liz",WARRANTY JOB,,,,,,NOT REQUIRED,NOT REQUIRED,COMPLETED,NOT REQUIRED,NOT REQUIRED,NOT REQUIRED,,NOT REQUIRED,NOT REQUIRED,NOT REQUIRED,NOT REQUIRED,NOT REQUIRED,NOT REQUIRED,0,0,1,,,,"20450 N 98th Pl, , Scottsdale, 85255, Arizona",
1127,ORDER COMPLETED,"SCOTTSDALE SHOWROOM, SCOTTSDALE SHOWROOM",COMMERCIAL,,,,,,NOT STARTED,NOT STARTED,NOT STARTED,NOT STARTED,,,,,,NOT REQUIRED,NOT REQUIRED,NOT REQUIRED,NOT REQUIRED,,,,,,,", , , ,",
1241,ORDER COMPLETED,Courtney Cosgrove-Round Swing SD,SHOWROOM SALE- REUPHOLSTRY,,,,,,NOT REQUIRED,COMPLETED,NOT REQUIRED,NOT STARTED,NOT STARTED,NOT STARTED,,CUSTOMER,SAME-NEED,NOT REQUIRED,NOT REQUIRED,NOT REQUIRED,NOT REQUIRED,1,1,0,,,,,
1285,ORDER COMPLETED,CLEMMER PROJECT COUNTERTOP,RESIDENTIAL,,,,,,NOT REQUIRED,NOT REQUIRED,COMPLETED,NOT REQUIRED,NOT REQUIRED,NOT REQUIRED,,NOT REQUIRED,NOT REQUIRED,NOT REQUIRED,NOT REQUIRED,NOT REQUIRED,NOT REQUIRED,0,0,6,,,,,
1338,ORDER COMPLETED,DEBORAH TURNER,WARRANTY JOB,,,,,,NOT STARTED,NOT STARTED,NOT STARTED,NOT REQUIRED,NOT REQUIRED,NOT REQUIRED,,NOT REQUIRED,NOT REQUIRED,NOT REQUIRED,NOT REQUIRED,NOT REQUIRED,NOT REQUIRED,0,2,2,,,,,
1362,ORDER COMPLETED,BOB COHEN ZEN-SHADE,RESIDENTIAL,,,,,,NOT REQUIRED,NOT REQUIRED,NOT REQUIRED,NOT REQUIRED,NOT REQUIRED,NOT REQUIRED,NOT REQUIRED,NOT REQUIRED,NOT REQUIRED,NOT REQUIRED,NOT REQUIRED,NOT REQUIRED,NOT REQUIRED,0,0,0,,,,,
1485,ORDER COMPLETED,FABRIC SAMPLES SHOWROOM,SHOWROOM SCOTTSDALE,,,,,,NOT REQUIRED,NOT REQUIRED,NOT REQUIRED,NOT STARTED,NOT STARTED,NOT STARTED,NOT STARTED,RECEIVED,NOT REQUIRED,NOT REQUIRED,NOT REQUIRED,NOT REQUIRED,NOT REQUIRED,4,0,0,,,,15037 N SCOTTSDALE RD,
1640,ORDER COMPLETED,DIANE GALATI COVERS,RESIDENTIAL,,,,,,NOT REQUIRED,NOT REQUIRED,NOT REQUIRED,NOT REQUIRED,NOT REQUIRED,NOT REQUIRED,NOT REQUIRED,NOT REQUIRED,NOT REQUIRED,RECEIVED,NOT REQUIRED,NOT REQUIRED,NOT REQUIRED,0,,0,,,,"4939 E Horseshoe Rd, Paradise Valley, AZ 85253, USA",
1-LJ_3,ORDER COMPLETED,"Abdi, Sharon",,,,,,,COMPLETED,NOT STARTED,NOT REQUIRED,NOT REQUIRED,,,,,,NOT REQUIRED,NOT REQUIRED,NOT REQUIRED,NOT REQUIRED,,1,,,,,,
1-LJ_33,ORDER COMPLETED,"BURKE, MARY",,,,,,,COMPLETED,COMPLETED,COMPLETED,COMPLETED,,,,,,NOT REQUIRED,NOT REQUIRED,NOT REQUIRED,NOT REQUIRED,17,12,3,,,,"6888 Rio Vista Street, , LAS VEGAS, , Nevada",
1-LJ_54,ORDER COMPLETED,"Root, Matt & Stacy",,,,,,,NOT STARTED,NOT STARTED,NOT STARTED,NOT STARTED,,,,,,NOT REQUIRED,NOT REQUIRED,NOT REQUIRED,NOT REQUIRED,67,43,8,,,,,